net,length_um
clknet_0_clk_i_regs,1.87378mm
clknet_0_i_core_v_mini_mcu.cpu_subsystem_i.cpu_0_0.clk_i,1.69383mm
clknet_0_i_core_v_mini_mcu.memory_subsystem_i.clk_cg,1.45293mm
clknet_0_i_core_v_mini_mcu.cpu_subsystem_i.cpu_1_0.clk_i,1.3167mm
clk_i,1.17983mm
net1285,988.39µm
net1957,967.98µm
net867,893.65µm
net1338,866.77µm
net1292,848.32µm
net1013,828.4µm
net1260,821.77µm
net1257,818.71µm
_24359_,816.09µm
net1262,813.15µm
net281,796.57µm
net106,788.47µm
net1258,777.78µm
net860,777.63µm
net1804,750.03µm
net1505,728.25µm
net1872,718.78µm
_25174_,710.17µm
net193,693.82µm
_12468_,693.12µm
net1620,690.89µm
net876,689.66µm
_05971_,686.72µm
_24365_,686.52µm
_23256_,686.4µm
net1423,686.22µm
net1245,685.59µm
net803,682.33µm
net1327,681.34µm
net1231,680.6µm
net1246,678.61µm
net1247,675.02µm
net1291,670.93µm
net1273,669.5µm
net802,668.23µm
_25161_,667.86µm
net786,666.62µm
net869,663.85µm
net1109,659.37µm
net1497,658.4µm
net866,657.95µm
net1431,656.72µm
net1435,654.21µm
net1229,651.81µm
net868,651.73µm
net783,651.68µm
net1334,650.05µm
net788,649.35µm
net1439,647.81µm
net1289,646.59µm
net980,646.44µm
net1054,643.74µm
_24442_,643.27µm
net1454,642.06µm
net1507,641.96µm
net1471,639.82µm
net1502,636.41µm
net1288,635.89µm
net1961,634.02µm
net1218,631.37µm
net1227,630.55µm
_26430_,629.09µm
net1560,628.87µm
_26719_,628.16µm
_12666_,628.06µm
net1294,626.79µm
net751,626.48µm
net1325,626.27µm
net1500,626.05µm
_23261_,624.19µm
net1337,624.04µm
net1561,624.01µm
net789,623.99µm
net782,623.98µm
net1512,623.12µm
net1410,622.51µm
net156,621.76µm
net1132,619.46µm
net792,618.75µm
_24364_,618.08µm
net1504,617.98µm
net1407,616.68µm
net752,615.62µm
net1207,615.28µm
net1209,614.95µm
net1296,613.35µm
net1969,613.25µm
net790,613.1µm
net1105,613.02µm
net753,612.75µm
net1241,612.75µm
net1293,612.35µm
_24705_,612.23µm
i_core_v_mini_mcu.memory_subsystem_clkgate_en_n,612.18µm
net1274,611.82µm
net756,611.36µm
net1475,610.24µm
net1270,608.66µm
net1235,608.46µm
_18981_,607.87µm
net1330,607.8µm
net1120,607.29µm
net1112,606.48µm
net1408,606.17µm
_10953_,605.61µm
net1309,605.61µm
net370,605.49µm
_12449_,605.42µm
net192,605.07µm
net518,605.02µm
net1210,604.81µm
net1508,604.78µm
net920,604.54µm
net1232,604.5µm
_10944_,603.43µm
net1428,603.37µm
net777,603.32µm
net1131,603.32µm
net1963,603.22µm
net793,603.01µm
net785,602.71µm
_26354_,601.42µm
net744,601.04µm
_12451_,600.89µm
net1331,600.72µm
net1451,600.47µm
_10752_,600.08µm
net919,599.67µm
net918,598.38µm
net748,597.8µm
net1960,597.67µm
net295,597.26µm
net1432,596.7µm
clknet_1_0__leaf_clk_i,596.5µm
net757,596.32µm
net1117,596.09µm
net161,595.89µm
net454,595.22µm
net1264,595.02µm
net1326,593.45µm
_25679_,592.32µm
net1464,592.24µm
net1098,591.46µm
net1317,591.39µm
net749,591.1µm
net818,590.54µm
_25481_,590.04µm
net878,589.14µm
net1222,588.26µm
_24407_,588.25µm
net1405,587.88µm
_12520_,587.28µm
net1215,586.77µm
net1269,584.98µm
net1225,584.96µm
net1301,584.48µm
net1313,584.33µm
net1474,583.82µm
net1204,583.77µm
_12630_,583.26µm
_12646_,582.46µm
net896,581.7µm
_12414_,581.3µm
net787,579.69µm
_24438_,578.69µm
_10919_,578.68µm
_12435_,577.66µm
net1723,577.61µm
net901,576.55µm
net791,576.37µm
net1958,575.32µm
_24433_,574.96µm
net1108,574.81µm
_19755_,574.61µm
net747,574.1µm
net1433,573.28µm
net1415,573.18µm
_12882_,573.05µm
_19837_,572.45µm
net1297,572.01µm
net1323,571.7µm
net267,570.48µm
net834,569.92µm
net1287,569.92µm
_26367_,569.46µm
net1670,569.31µm
_12405_,567.58µm
net779,567.12µm
net1250,566.97µm
net1263,566.69µm
net997,566.07µm
net1123,566µm
net1208,565.34µm
net1242,564.68µm
net1503,564.49µm
net301,562.09µm
_11543_,561.83µm
_10915_,561.8µm
_24420_,560.7µm
_10923_,559.89µm
net1458,559.28µm
net928,558.82µm
_19878_,558.37µm
net1310,558.08µm
net1226,557.59µm
net369,556.33µm
_10658_,556.12µm
net1403,555.06µm
_11511_,554.09µm
_12620_,553.63µm
net1429,553.27µm
_10750_,553.02µm
net1959,553.02µm
net1236,552.67µm
net194,552.6µm
_12408_,551.9µm
net1233,551.8µm
net917,551.69µm
net1244,551.39µm
_14479_,550.83µm
net1422,550.65µm
_12518_,549µm
net372,547.27µm
net750,546.71µm
net1467,545.84µm
net371,545.29µm
_24490_,544.72µm
_12660_,544.57µm
_26550_,544.31µm
_12477_,543.86µm
net1099,543.04µm
_04634_,542.47µm
_24488_,541.05µm
net1495,540.85µm
net1606,540.81µm
net1130,539.02µm
net960,538.46µm
net1312,538.46µm
net1320,537.34µm
_11486_,537.19µm
_14031_,536.48µm
net943,536.07µm
_12670_,535.66µm
net1398,535.1µm
spi_flash_sd_io[2],534.91µm
_19590_,534.43µm
net1319,533.88µm
net1214,533.44µm
net892,532.25µm
net754,531.64µm
spi_flash_sd_io[1],531.35µm
net903,531.13µm
net1240,530.92µm
_14452_,530.89µm
_19144_,530.76µm
net970,530.52µm
_24717_,530.16µm
_10725_,529.69µm
_12681_,529.65µm
net796,529.4µm
_10606_,528.84µm
net1211,528.53µm
net758,527.34µm
_24884_,527.15µm
net1559,527.15µm
net1460,527.07µm
net1402,526.85µm
net784,526.65µm
net1341,526.6µm
_18939_,526.19µm
_10933_,525.78µm
net1228,525.73µm
_11149_,525.48µm
_12648_,525.12µm
net1116,525.07µm
net1489,524.31µm
_10718_,524.15µm
net1328,523.95µm
net934,523.7µm
_24373_,523.21µm
net1295,523.04µm
net1286,521.76µm
net160,521.6µm
_10749_,520.24µm
_12633_,519.58µm
net1284,519.17µm
_24421_,519.14µm
net1097,518.71µm
net872,517.54µm
_10942_,517.38µm
_12367_,516.52µm
_12527_,516.09µm
_12395_,515.81µm
_13164_,515.4µm
net1344,515.4µm
_10962_,515.07µm
net405,514.84µm
net907,514.28µm
net965,513.67µm
_16926_,513.21µm
net956,512.77µm
net1191,511.58µm
_12849_,511.57µm
net1641,510.97µm
net1401,510.89µm
_12693_,510.36µm
net1463,510.03µm
net1314,509.8µm
_18938_,509.29µm
net874,509.19µm
net1522,508.88µm
net873,508.63µm
net895,508.58µm
_12469_,508.48µm
spi_flash_sd_io[3],508.44µm
net855,508.42µm
net1321,508.37µm
net1318,508.27µm
_12610_,508.22µm
net1565,508.12µm
net191,507.05µm
net1121,505.98µm
_04631_,505.83µm
net1490,505.71µm
net1111,505.5µm
_12582_,505.37µm
_12534_,504.81µm
net1839,504.81µm
net973,504.3µm
net1118,503.64µm
net1261,502.11µm
_12377_,501.96µm
net1249,501.82µm
_12409_,501.7µm
_13233_,501.6µm
_10938_,501.4µm
spi_flash_sd_io[0],501.16µm
net1501,501.15µm
_12557_,501.14µm
_12573_,500.38µm
net1455,500.16µm
_12465_,499.26µm
_12429_,498.75µm
net1096,498.7µm
clknet_2_1__leaf_i_core_v_mini_mcu.peripheral_subsystem_i.clk_cg,498.6µm
net745,498.35µm
net755,498.14µm
_10781_,498.04µm
_05536_,497.78µm
net1412,497.63µm
clknet_leaf_37_i_core_v_mini_mcu.memory_subsystem_i.clk_cg,497.07µm
net906,497.02µm
_10667_,496.92µm
net159,496.31µm
_10963_,496.06µm
_26332_,496.05µm
net861,495.97µm
net972,495.7µm
_05401_,495.34µm
net1466,495.21µm
net905,495.19µm
_10906_,494.78µm
clknet_2_2__leaf_i_core_v_mini_mcu.peripheral_subsystem_i.clk_cg,494.73µm
net858,493.97µm
net959,493.27µm
net1631,493.25µm
_12431_,492.49µm
_11029_,491.93µm
_25330_,491.24µm
net1343,490.86µm
net865,489.79µm
net1447,489.58µm
i_core_v_mini_mcu.peripheral_slave_resp\[12\],487.91µm
net1122,487.55µm
_12413_,487.35µm
_10599_,486.28µm
_11678_,485.87µm
_12454_,485.67µm
net1394,485.15µm
net293,483.89µm
net1306,483.48µm
_12538_,483.28µm
net894,482.87µm
_06003_,482.82µm
net1014,482.75µm
net916,482.64µm
_10646_,482.45µm
net1275,482.35µm
clknet_4_0_0_i_core_v_mini_mcu.cpu_subsystem_i.cpu_0_0.clk_i,482.31µm
net1588,482.26µm
net893,481.09µm
_23250_,480.78µm
_05531_,480.73µm
net1243,480.73µm
net1189,479.97µm
net935,479.1µm
_12713_,478.79µm
net939,478.67µm
_12415_,478.62µm
_19267_,478.35µm
_04630_,476.93µm
net1196,476.45µm
net1426,476.1µm
net1259,475.34µm
net1499,474.37µm
net963,473.91µm
_12756_,473.45µm
net3,473.3µm
net1007,472.43µm
net954,472.33µm
net1114,472.28µm
net300,472.08µm
net1283,471.92µm
net1529,471.26µm
net975,471.01µm
_23245_,469.53µm
net1298,469.07µm
net904,468.97µm
net902,468.87µm
net291,468.86µm
net957,467.24µm
net978,467.21µm
_12419_,466.39µm
net1106,465.9µm
_10675_,465.32µm
net1514,465.3µm
net435,465µm
net1316,464.66µm
net909,464.64µm
net840,464.13µm
net1650,462.56µm
_24419_,461.69µm
clknet_4_6_0_clk_i_regs,461.64µm
net1239,461.59µm
_12447_,461.44µm
_12719_,460.65µm
net1395,460.61µm
_12585_,460.57µm
_05823_,460.47µm
net1010,460.47µm
_12729_,460.22µm
net1430,459.87µm
_12605_,459.86µm
_17046_,459.5µm
_24395_,458.89µm
_10762_,458.52µm
_10601_,458.23µm
net1280,458.18µm
_05797_,457.69µm
_17651_,457.62µm
net1406,456.7µm
clknet_4_2_0_clk_i_regs,456.19µm
_10813_,455.58µm
net1388,455.26µm
net1011,455.02µm
net420,455µm
net1113,454.96µm
net1493,454.54µm
net936,454.41µm
net284,454.26µm
net285,454.2µm
_11344_,452.83µm
_12542_,452.81µm
net290,452.79µm
_11025_,452.69µm
net955,452.68µm
_12530_,452.37µm
net1315,452.3µm
net1126,451.05µm
net1523,451.05µm
_12564_,450.95µm
net1329,450.95µm
_12380_,450.87µm
_06026_,450.29µm
net971,449.37µm
_16930_,448.81µm
net969,448.15µm
net453,448.06µm
net798,447.59µm
net1278,447.18µm
_05792_,447.17µm
net967,446.98µm
net1282,446.81µm
_10611_,446.8µm
net1279,446.57µm
_26197_,446.16µm
_10633_,444.94µm
net279,444.89µm
_09584_,444.74µm
_17620_,444.63µm
net1053,444.28µm
_24650_,444.25µm
_26698_,444.18µm
net883,443.92µm
net1607,443.87µm
_12556_,443.86µm
net810,443.72µm
net1519,443.21µm
net780,443.16µm
_12773_,443.01µm
_11525_,442.04µm
net1230,441.81µm
net1110,441.63µm
net879,441.41µm
_14425_,441.07µm
_14402_,440.87µm
_16524_,440.87µm
net273,440.46µm
net1389,440.29µm
i_core_v_mini_mcu.ao_peripheral_subsystem_i.spi_subsystem_i.obi_spimemio_i.obi_spimemio_reg_top_i.reg2hw,440.26µm
net155,439.75µm
net1206,439.44µm
net1602,439.39µm
_11519_,439.29µm
_10545_,439.24µm
_11524_,439.24µm
net875,438.83µm
_10643_,438.28µm
net1290,437.2µm
net800,437µm
net864,436.44µm
net961,436.44µm
_11006_,436.12µm
net1438,436.11µm
_10682_,435.88µm
_12602_,434.96µm
_24913_,434.81µm
net1205,434.76µm
_14378_,434.15µm
net1518,434.09µm
net1440,433.74µm
i_core_v_mini_mcu.memory_subsystem_i.ram0_i.rdata_o\[0\],433.31µm
net854,432.16µm
net425,432.06µm
net976,431.91µm
net1421,430.99µm
_11008_,430.84µm
net1009,430.23µm
_10747_,429.87µm
_05782_,429.82µm
i_core_v_mini_mcu.peripheral_slave_resp\[26\],429.72µm
_19631_,429.21µm
_12485_,428.65µm
_17017_,428.14µm
net806,428.14µm
_19514_,428.04µm
net1042,428.04µm
_12445_,427.94µm
net813,427.73µm
_24394_,427.68µm
net512,427.68µm
net968,427.53µm
net519,427.43µm
_21518_,427.38µm
net1465,427.27µm
_14542_,426.92µm
net857,426.51µm
_19672_,426.28µm
net746,426.05µm
net859,426.03µm
i_core_v_mini_mcu.peripheral_slave_resp\[8\],426µm
i_core_v_mini_mcu.peripheral_slave_resp\[23\],425.9µm
net433,425.8µm
_10645_,425.78µm
_11568_,425.63µm
net1237,425.55µm
_10724_,425.39µm
net1348,424.69µm
net974,424.63µm
_26128_,424.04µm
_21510_,423.97µm
i_core_v_mini_mcu.core_data_req\[14\],423.76µm
_14531_,423.61µm
net1347,423µm
i_core_v_mini_mcu.peripheral_slave_resp\[7\],422.9µm
net419,422.8µm
i_core_v_mini_mcu.peripheral_slave_resp\[17\],422.39µm
net743,422.29µm
net1414,421.99µm
net856,421.06µm
_14036_,421.01µm
_14537_,420.79µm
net260,420.71µm
i_core_v_mini_mcu.core_data_req\[13\],420.35µm
_10704_,420.3µm
net365,420.25µm
_25909_,420.24µm
_12457_,420.2µm
net1642,420.2µm
net1340,419.59µm
net1651,419.13µm
_14509_,419.03µm
_20405_,418.9µm
_05664_,418.52µm
_18542_,418.24µm
net1425,418.16µm
net302,418.11µm
net1928,418.11µm
_14490_,418.06µm
_14552_,418.05µm
net1452,417.96µm
net515,417.84µm
i_core_v_mini_mcu.core_data_req\[17\],417.5µm
net1445,417.5µm
net931,417.4µm
_16442_,417.17µm
clknet_4_14_0_clk_i_regs,417.04µm
net1563,417.01µm
net1311,416.69µm
_13981_,416.48µm
net436,415.82µm
net1473,415.82µm
net521,415.7µm
net230,415.4µm
_24415_,415.38µm
net808,415.16µm
_16441_,415.15µm
_24502_,415.05µm
_21625_,414.6µm
net362,413.96µm
net1251,413.81µm
net809,413.71µm
net1271,413.66µm
net1346,413.53µm
net1600,413.53µm
_10705_,413.33µm
net952,413.18µm
_17633_,412.97µm
_09496_,412.38µm
net228,412.36µm
i_core_v_mini_mcu.cpu_subsystem_i.hart_clock_enable_1_0,412.31µm
_24376_,412.26µm
net411,412.26µm
_25528_,412.15µm
_24468_,411.9µm
net979,411.8µm
_14562_,411.49µm
_14515_,411.24µm
i_core_v_mini_mcu.memory_subsystem_i.ram0_i.rdata_o\[1\],411.09µm
_12401_,410.93µm
_10384_,410.83µm
clknet_4_10_0_clk_i_regs,410.73µm
_26087_,410.36µm
net1216,410.07µm
_24466_,409.71µm
net1018,409.66µm
net1223,409.41µm
_12510_,408.59µm
clknet_4_5_0_clk_i_regs,408.59µm
net373,408.49µm
net843,407.98µm
_12688_,407.84µm
_26701_,407.83µm
_12392_,407.78µm
net1016,407.37µm
net1964,407.32µm
_14581_,407.22µm
net375,406.96µm
net418,406.76µm
i_core_v_mini_mcu.ao_peripheral_subsystem_i.spi_subsystem_i.obi_spimemio_i.cfgreg_do\[19\],406.71µm
_14594_,406.66µm
_16542_,406.66µm
_12676_,406.45µm
clknet_4_13_0_clk_i_regs,406.2µm
net1496,406.12µm
net406,405.72µm
net1002,405.54µm
_17610_,405.5µm
net1248,405.37µm
net1566,405.33µm
net1017,405.26µm
net1526,405.21µm
net941,405.18µm
_12621_,404.98µm
net1468,404.57µm
_12579_,404.47µm
net1333,404.37µm
net437,404.32µm
net1627,404.06µm
net942,404.01µm
net804,403.91µm
clknet_4_0_0_clk_i_regs,403.5µm
net457,403.35µm
net438,403.3µm
net801,402.99µm
net224,402.54µm
net1457,402.38µm
net1520,402.23µm
net465,401.72µm
net1254,401.63µm
net1640,401.41µm
net1095,401.26µm
net552,401.21µm
net414,401.13µm
i_core_v_mini_mcu.ao_peripheral_subsystem_i.spi_subsystem_i.obi_spimemio_i.cfgreg_do\[20\],400.85µm
_12851_,400.76µm
net377,400.6µm
net1658,400.55µm
net1213,400.13µm
_10604_,400.09µm
_10684_,400.04µm
_16836_,399.89µm
_19185_,399.78µm
_10385_,399.58µm
clknet_4_3_0_i_core_v_mini_mcu.cpu_subsystem_i.cpu_1_0.clk_i,399.58µm
_14504_,399.53µm
_17628_,399.53µm
net1135,399.48µm
net366,399.37µm
net1915,398.97µm
net1448,398.59µm
net525,398.51µm
net1198,398.46µm
clknet_4_8_0_clk_i_regs,398.46µm
_10952_,398.43µm
net1453,398.4µm
_12597_,398.36µm
net1267,398.05µm
_26493_,397.85µm
net1212,397.85µm
net839,397.29µm
net1342,397.14µm
net1322,397.11µm
net812,397µm
_14530_,396.78µm
net686,396.73µm
_12823_,396.68µm
net833,396.64µm
net591,396.49µm
_10625_,396.17µm
_14588_,395.87µm
clknet_4_1_0_clk_i_regs,395.61µm
net275,395.56µm
_10910_,395.15µm
_14484_,395.15µm
_14430_,395µm
_10644_,394.85µm
_12536_,394.64µm
net386,394.49µm
_14187_,394.1µm
net1510,393.88µm
_14557_,393.87µm
net417,393.87µm
net1194,393.83µm
net1462,393.83µm
_14520_,393.34µm
_16652_,393.12µm
net908,392.91µm
_10632_,392.63µm
_14007_,392.56µm
net431,392.37µm
_18326_,392.25µm
_12507_,392.2µm
net977,392.2µm
net844,391.42µm
_14551_,391.08µm
net1802,391.08µm
net468,390.93µm
_25093_,390.62µm
net1506,390.57µm
_19226_,390.49µm
clknet_2_3__leaf_i_core_v_mini_mcu.peripheral_subsystem_i.clk_cg,390.16µm
_25406_,390.11µm
net871,390.11µm
_14521_,389.76µm
net685,389.21µm
_18421_,388.84µm
net1234,388.38µm
_14489_,388.23µm
net1221,388.05µm
_16592_,387.97µm
_23242_,387.87µm
net1470,387.82µm
net1411,387.67µm
net1256,387.32µm
net1610,387.21µm
net231,387.16µm
_19350_,387.06µm
_10413_,386.7µm
net403,386.65µm
net1513,386.6µm
_12472_,386.45µm
net1253,386.4µm
net1446,386.29µm
clknet_4_15_0_clk_i_regs,386.04µm
_11492_,385.43µm
net1547,385.37µm
net382,385.22µm
clknet_4_6_0_i_core_v_mini_mcu.cpu_subsystem_i.cpu_1_0.clk_i,385.02µm
_12540_,384.97µm
_14541_,384.71µm
_12669_,384.58µm
net1197,384.31µm
net1660,384.31µm
_10555_,384.08µm
net778,384µm
net845,383.9µm
i_core_v_mini_mcu.peripheral_slave_resp\[11\],383.75µm
net814,383.65µm
i_core_v_mini_mcu.peripheral_slave_resp\[1\],383.6µm
net1101,383.39µm
net983,383.33µm
_05828_,383.19µm
_09582_,383.19µm
net1192,383.19µm
net863,382.73µm
clknet_4_7_0_clk_i_regs,382.73µm
i_core_v_mini_mcu.core_data_req\[12\],382.68µm
_21593_,382.63µm
net533,382.43µm
net880,382.17µm
net862,382.12µm
_23446_,381.86µm
_05646_,381.46µm
net390,381.2µm
_24396_,381.15µm
_17042_,380.95µm
net266,380.85µm
_11518_,380.78µm
_21553_,380.59µm
net835,380.28µm
net336,379.83µm
net1654,379.32µm
net1515,378.67µm
net1201,378.3µm
net964,378.05µm
net459,377.74µm
net881,377.23µm
i_core_v_mini_mcu.peripheral_slave_resp\[0\],377.03µm
net891,377.02µm
i_core_v_mini_mcu.core_data_req\[6\],376.72µm
_10918_,376.56µm
_12606_,376.37µm
net536,376.01µm
net1345,376.01µm
net962,375.96µm
i_core_v_mini_mcu.core_data_req\[15\],375.86µm
_11570_,375.45µm
_17094_,375.45µm
net1041,375.4µm
net981,374.99µm
_12522_,374.84µm
net461,374.84µm
_17542_,374.79µm
_21646_,374.79µm
net1188,374.79µm
_10575_,374.74µm
_16532_,374.48µm
_05970_,374.4µm
net367,374.38µm
net1498,374.23µm
net1193,373.82µm
net1524,373.82µm
_12397_,373.77µm
net925,373.77µm
net1443,373.67µm
_06010_,373.57µm
net1124,372.7µm
net837,372.24µm
net900,372.09µm
_17037_,372.04µm
net1564,371.72µm
net1404,371.53µm
clknet_4_3_0_i_core_v_mini_mcu.cpu_subsystem_i.cpu_0_0.clk_i,371.53µm
_14441_,371.29µm
net1136,371.12µm
_25343_,371.07µm
net1488,371.07µm
net811,370.97µm
_14499_,370.92µm
net1476,370.87µm
net328,370.82µm
net929,370.46µm
_12686_,370.24µm
net816,370.22µm
_12561_,370.18µm
net1012,369.9µm
_10660_,369.75µm
_25700_,369.7µm
_14485_,369.39µm
net274,369.39µm
net1477,369.39µm
net380,369.34µm
net838,369.34µm
net1441,369.09µm
clknet_4_1_0_i_core_v_mini_mcu.cpu_subsystem_i.cpu_0_0.clk_i,368.78µm
_17546_,368.75µm
_26515_,368.63µm
net797,368.6µm
_08680_,368.22µm
_14514_,368.22µm
net832,368.13µm
net534,368.12µm
net1400,368.12µm
_06593_,368.1µm
net684,368.07µm
net795,367.97µm
net1478,367.97µm
net407,367.9µm
_20025_,367.86µm
net105,367.74µm
net276,367.72µm
net381,367.71µm
_16815_,367.66µm
net1604,367.66µm
net1252,367.51µm
net1562,367.46µm
_21495_,367.41µm
_21432_,367.36µm
_12566_,367.3µm
_10478_,367.25µm
_26490_,367.15µm
net794,367.15µm
net271,367.05µm
_18593_,366.39µm
net268,366.39µm
net1265,366.39µm
net1609,365.98µm
net829,365.88µm
_23243_,365.57µm
net452,365.32µm
_14419_,364.76µm
_17599_,364.76µm
_14556_,364.39µm
_22779_,364.2µm
_05975_,364.07µm
_12440_,363.84µm
net1516,363.49µm
clknet_2_0__leaf_i_core_v_mini_mcu.peripheral_subsystem_i.clk_cg,363.08µm
net1527,362.98µm
net1638,362.72µm
_21484_,362.37µm
net550,362.21µm
net327,362.05µm
net333,361.91µm
clknet_4_12_0_clk_i_regs,361.91µm
net1133,361.86µm
_10925_,361.81µm
net958,361.45µm
_10691_,361.35µm
net679,361.35µm
net1461,361.35µm
net1528,360.6µm
net523,360.43µm
net899,360.38µm
net1525,360.38µm
_17579_,360.2µm
net1303,360.18µm
_24672_,359.97µm
net914,359.9µm
net532,359.77µm
_19071_,359.72µm
net464,359.62µm
net332,359.52µm
net469,359.21µm
net587,358.96µm
net1442,358.86µm
net984,358.45µm
net392,358.09µm
_12434_,357.94µm
_11143_,357.73µm
_05957_,357.48µm
i_core_v_mini_mcu.core_data_req\[7\],357.43µm
net520,357.31µm
net547,357.17µm
net1416,357.15µm
_24368_,357.02µm
net1199,356.99µm
net408,356.84µm
net1238,356.82µm
net923,356.74µm
_23264_,356.73µm
net1219,356.36µm
i_core_v_mini_mcu.ao_peripheral_subsystem_i.spi_subsystem_i.obi_spimemio_i.cfgreg_do\[16\],356.08µm
clknet_4_6_0_i_core_v_mini_mcu.cpu_subsystem_i.cpu_0_0.clk_i,356µm
net1624,355.9µm
net434,355.39µm
_12446_,354.89µm
net514,354.73µm
net882,354.73µm
_10739_,354.63µm
net1305,354.63µm
net470,354.48µm
net562,354.02µm
net620,353.99µm
net396,353.76µm
net590,353.76µm
net1281,353.71µm
_14547_,353.66µm
net329,353.46µm
net389,353.44µm
_26482_,352.85µm
net995,352.78µm
_21441_,352.34µm
_05583_,352.08µm
net277,351.98µm
net626,351.93µm
net1008,351.83µm
_05579_,351.62µm
_12598_,351.57µm
i_core_v_mini_mcu.ao_peripheral_subsystem_i.spi_subsystem_i.obi_spimemio_i.cfgreg_do\[17\],351.32µm
_17079_,351.15µm
net401,350.96µm
_12584_,350.91µm
net1107,350.71µm
net1220,350.71µm
_17455_,350.55µm
_24381_,350.25µm
net885,350.25µm
net1486,350.09µm
net1669,349.69µm
net930,349.54µm
_10415_,349.49µm
net1517,349.36µm
i_core_v_mini_mcu.ao_peripheral_subsystem_i.spi_subsystem_i.obi_spimemio_i.cfgreg_do\[21\],349.23µm
_26184_,349.18µm
net1444,349.16µm
_10939_,349.13µm
_14409_,349.13µm
net915,349.13µm
net442,348.62µm
_10940_,348.57µm
_16424_,348.57µm
net483,348.37µm
_17606_,348.35µm
_12672_,348.12µm
clknet_4_11_0_clk_i_regs,348.11µm
net1300,348.06µm
net830,348.01µm
i_core_v_mini_mcu.ao_peripheral_subsystem_i.spi_subsystem_i.obi_spimemio_i.cfgreg_do\[18\],347.96µm
net624,347.94µm
net937,347.4µm
net1115,347.31µm
_10947_,347.14µm
_12574_,346.94µm
net368,346.84µm
_26212_,346.58µm
_06180_,346.38µm
_12372_,345.67µm
net104,345.57µm
_05760_,345.25µm
net1472,345.13µm
_10558_,345.06µm
_21589_,345.01µm
net831,344.7µm
net841,344.65µm
clknet_4_4_0_clk_i_regs,344.19µm
clknet_4_8_0_i_core_v_mini_mcu.cpu_subsystem_i.cpu_1_0.clk_i,344.19µm
_10721_,344.09µm
_12363_,344µm
i_core_v_mini_mcu.ao_peripheral_subsystem_i.spi_subsystem_i.obi_spimemio_i.cfgreg_do\[11\],343.99µm
net1803,343.73µm
_14420_,343.66µm
_06401_,343.63µm
_11004_,343.61µm
_10929_,343.48µm
net1157,343.48µm
_13999_,343.43µm
net706,343.38µm
_19087_,343.33µm
_19309_,343.33µm
net1255,343.02µm
net1603,342.92µm
_10786_,342.77µm
net218,342.36µm
net398,342.36µm
_24439_,342.31µm
net1195,341.29µm
net888,341.24µm
_05716_,341.09µm
net394,340.88µm
_24690_,340.73µm
_24402_,340.63µm
net828,340.27µm
_06034_,340.22µm
net1424,340.22µm
net927,340.12µm
clknet_4_14_0_i_core_v_mini_mcu.memory_subsystem_i.clk_cg,339.71µm
net1659,339.66µm
net625,339.61µm
net585,339.51µm
net966,339.51µm
net269,339.46µm
net1733,339.46µm
_12381_,339.3µm
net458,339.15µm
net827,339µm
clknet_4_2_0_i_core_v_mini_mcu.cpu_subsystem_i.cpu_1_0.clk_i,338.95µm
net546,338.59µm
net1618,338.49µm
clknet_4_8_0_i_core_v_mini_mcu.cpu_subsystem_i.cpu_0_0.clk_i,338.44µm
_26656_,338.35µm
_12490_,338.29µm
_14397_,338.11µm
_19081_,337.88µm
_18598_,337.83µm
i_core_v_mini_mcu.ao_peripheral_subsystem_i.spi_subsystem_i.obi_spimemio_i.cfgreg_do\[10\],337.78µm
net1060,337.78µm
net1635,337.52µm
_21604_,336.94µm
net229,336.81µm
_16497_,336.76µm
net1127,336.4µm
net384,336.36µm
i_core_v_mini_mcu.core_data_req\[24\],336.3µm
net1168,336.25µm
_05998_,336.2µm
_12366_,336.2µm
clknet_4_4_0_i_core_v_mini_mcu.cpu_subsystem_i.cpu_0_0.clk_i,336.2µm
net1417,335.72µm
net153,335.59µm
i_core_v_mini_mcu.cpu_subsystem_i.cpu_1_0.i_servile.o_rf_raddr\[2\],335.54µm
net1608,335.33µm
_06104_,335.18µm
net149,335.08µm
net280,335.03µm
_06021_,334.98µm
net1019,334.77µm
net1418,334.57µm
net944,334.47µm
_18394_,334.42µm
_21340_,334.32µm
_10572_,334.25µm
net395,334.06µm
net683,333.96µm
net1871,333.96µm
_10621_,333.91µm
net541,333.55µm
net1661,333.55µm
net912,333.3µm
net711,333.11µm
net412,333.04µm
net413,333.04µm
net1653,332.94µm
_09639_,332.84µm
_05991_,332.74µm
_05965_,332.6µm
_24393_,332.53µm
net1434,332.43µm
_26503_,332.33µm
net1162,332.33µm
_26457_,332.28µm
_17624_,332.26µm
net1511,332.23µm
_05973_,332.22µm
_16413_,332.18µm
net278,332.14µm
clknet_4_2_0_i_core_v_mini_mcu.cpu_subsystem_i.cpu_0_0.clk_i,332.05µm
_05992_,332.02µm
net424,331.87µm
_21655_,331.72µm
net877,331.72µm
_14589_,331.67µm
_25204_,331.52µm
net1057,331.26µm
_10687_,331.21µm
net429,331.21µm
_09511_,331.16µm
net1843,331.11µm
net1550,330.7µm
net1307,330.6µm
_23241_,330.55µm
net427,330.26µm
_14505_,330.09µm
net543,329.97µm
net513,329.94µm
_10669_,329.76µm
net430,329.7µm
_24503_,329.63µm
_14210_,329.58µm
net1633,329.48µm
_17451_,329.12µm
net1427,329.06µm
_26504_,329µm
_10640_,328.82µm
_10867_,328.82µm
_07284_,328.74µm
net350,328.71µm
net227,328.57µm
_14377_,328.46µm
_16514_,328.46µm
net921,328.31µm
_12496_,327.75µm
_10996_,327.65µm
net644,327.39µm
net1104,327.29µm
net1159,327.29µm
net187,327.24µm
net781,327.24µm
net715,327.14µm
net393,326.78µm
net432,326.73µm
net1965,326.58µm
net441,326.42µm
_10657_,326.22µm
net524,326.17µm
clknet_0_i_core_v_mini_mcu.peripheral_subsystem_i.clk_cg,326.17µm
_18488_,326.12µm
_08883_,326.07µm
_21373_,325.92µm
net522,325.76µm
_19026_,325.61µm
net1129,325.05µm
net1521,324.69µm
_17098_,324.6µm
net466,324.57µm
clknet_4_10_0_i_core_v_mini_mcu.memory_subsystem_i.clk_cg,324.54µm
_07842_,324.39µm
_18522_,323.88µm
_15175_,323.78µm
_21665_,323.73µm
_06774_,323.62µm
_07490_,323.44µm
_11017_,323.42µm
net890,323.42µm
net1217,323.27µm
net1339,323.27µm
net1399,322.81µm
net471,322.71µm
_06843_,322.61µm
net1119,322.45µm
clknet_4_3_0_clk_i_regs,322.35µm
net548,322.3µm
net947,322.25µm
net708,322.2µm
_12385_,321.89µm
_20697_,321.69µm
net1324,321.59µm
_12559_,321.54µm
i_core_v_mini_mcu.memory_subsystem_i.ram0_i.rdata_o\[5\],321.54µm
net1469,321.23µm
_12455_,321.13µm
_20515_,321.1µm
net450,321.08µm
net526,320.62µm
_26741_,320.53µm
_10593_,319.81µm
_12220_,319.81µm
_12587_,319.77µm
_21028_,319.6µm
net1896,319.55µm
net472,319.35µm
_20773_,319.09µm
net391,318.94µm
net1277,318.87µm
i_core_v_mini_mcu.core_data_req\[10\],318.69µm
net1059,318.69µm
net1449,318.53µm
clknet_4_9_0_clk_i_regs,318.48µm
_06383_,318.38µm
_10627_,318.28µm
clknet_4_4_0_i_core_v_mini_mcu.cpu_subsystem_i.cpu_1_0.clk_i,318.28µm
net1125,318.18µm
_10916_,317.57µm
net951,317.36µm
net379,317.26µm
net950,317.21µm
net1580,317.21µm
_21563_,317.16µm
net1336,317.16µm
_16590_,317.06µm
_18547_,316.96µm
_11517_,316.89µm
_26102_,316.89µm
_12386_,316.76µm
_10569_,316.5µm
net1637,316.29µm
net1657,316.09µm
_05905_,316.04µm
i_core_v_mini_mcu.memory_subsystem_i.ram0_i.rdata_o\[3\],315.89µm
net1480,315.89µm
net1494,315.8µm
_24392_,315.63µm
net836,315.63µm
net1128,315.63µm
_10560_,315.53µm
clknet_4_6_0_i_core_v_mini_mcu.memory_subsystem_i.clk_cg,315.48µm
_05915_,315.41µm
_25526_,315.28µm
_06239_,314.87µm
net1656,314.87µm
_06827_,314.77µm
_06365_,314.69µm
_17638_,314.54µm
net531,314.51µm
net270,314.41µm
_11608_,314.36µm
net385,314.26µm
net913,314.26µm
net578,313.95µm
_14510_,313.85µm
net221,313.8µm
_14424_,313.75µm
net1648,313.39µm
clknet_4_4_0_i_core_v_mini_mcu.memory_subsystem_i.clk_cg,313.34µm
_26221_,313.24µm
_16478_,313.19µm
_10862_,312.75µm
_12478_,312.73µm
i_core_v_mini_mcu.core_data_req\[2\],312.53µm
net1509,312.32µm
net667,312.17µm
_05879_,312.12µm
net1456,312.08µm
_10681_,311.86µm
net1546,311.81µm
_18960_,311.51µm
i_core_v_mini_mcu.ao_peripheral_subsystem_i.spi_subsystem_i.obi_spimemio_i.cfgreg_do\[8\],311.51µm
net409,311.51µm
_21335_,311.46µm
i_core_v_mini_mcu.core_data_req\[16\],311.46µm
_10411_,311.1µm
_10909_,310.95µm
_18631_,310.95µm
_20775_,310.95µm
i_core_v_mini_mcu.memory_subsystem_i.ram0_i.rdata_o\[7\],310.9µm
_12535_,310.81µm
_14033_,310.69µm
_19351_,310.59µm
_06908_,310.44µm
net460,310.44µm
net1299,310.44µm
_20034_,310.39µm
clknet_4_14_0_i_core_v_mini_mcu.cpu_subsystem_i.cpu_0_0.clk_i,310.39µm
_26720_,310.33µm
net1163,310.18µm
clknet_leaf_113_i_core_v_mini_mcu.cpu_subsystem_i.cpu_0_0.clk_i,310.03µm
_05701_,309.93µm
net1543,309.92µm
i_core_v_mini_mcu.ao_peripheral_slave_resp\[1\],309.88µm
_16503_,309.86µm
_14021_,309.8µm
_18552_,309.67µm
net1536,309.47µm
_10585_,309.42µm
net445,309.37µm
clknet_1_1__leaf_clk_i,309.27µm
_24360_,309.17µm
net714,309.17µm
net1801,308.81µm
_06945_,308.76µm
_25117_,308.48µm
_19139_,308.35µm
net151,308.35µm
_10561_,308.2µm
net451,308.2µm
net1538,308.2µm
i_core_v_mini_mcu.ao_peripheral_slave_resp\[12\],308.15µm
_07600_,307.64µm
net910,307.59µm
net14,307.54µm
_21491_,307.39µm
_14437_,307.17µm
_12571_,307.13µm
_26650_,306.98µm
clknet_4_15_0_i_core_v_mini_mcu.cpu_subsystem_i.cpu_0_0.clk_i,306.98µm
_07415_,306.72µm
_10764_,306.62µm
_12539_,306.62µm
net551,306.57µm
net1134,306.57µm
net738,306.52µm
i_core_v_mini_mcu.core_data_req\[5\],306.47µm
net184,306.47µm
_26529_,306.09µm
net1539,306.01µm
_18588_,305.91µm
_17032_,305.86µm
_06947_,305.78µm
net422,305.77µm
_21502_,305.66µm
_24431_,305.45µm
_14442_,305.35µm
_16432_,305.12µm
net529,305.04µm
_10688_,304.89µm
net539,304.79µm
_26001_,304.69µm
net889,304.33µm
net898,304.33µm
_12627_,304.18µm
i_core_v_mini_mcu.cpu_subsystem_i.cpu_1_0.i_servile.o_rf_raddr\[3\],304.18µm
net376,304.18µm
_22878_,303.99µm
net1137,303.82µm
net1266,303.82µm
_10765_,303.77µm
i_core_v_mini_mcu.core_data_req\[1\],303.67µm
_19103_,303.62µm
net1920,303.62µm
net1611,303.56µm
net1187,303.11µm
net1544,303.11µm
net226,303.01µm
net673,302.7µm
i_core_v_mini_mcu.core_data_req\[30\],302.65µm
net922,302.19µm
_17074_,302.09µm
_05890_,301.94µm
i_core_v_mini_mcu.ao_peripheral_slave_resp\[2\],301.48µm
_12609_,301.43µm
_14001_,301.43µm
net842,301.43µm
_26730_,301.33µm
clknet_4_12_0_i_core_v_mini_mcu.cpu_subsystem_i.cpu_0_0.clk_i,301.02µm
_25006_,300.97µm
net1487,300.97µm
_24384_,300.66µm
_18855_,300.47µm
net805,300.46µm
_24452_,300.41µm
_25763_,300.41µm
_11026_,300.36µm
net292,300.34µm
net1308,300.34µm
_21617_,300.26µm
_21624_,299.89µm
net415,299.8µm
clknet_4_7_0_i_core_v_mini_mcu.cpu_subsystem_i.cpu_0_0.clk_i,299.8µm
_14447_,299.7µm
_18814_,299.7µm
clknet_4_12_0_i_core_v_mini_mcu.cpu_subsystem_i.cpu_1_0.clk_i,299.39µm
net734,299.34µm
_26058_,299.31µm
net1161,299.24µm
net528,298.93µm
_05972_,298.58µm
_14593_,298.58µm
i_core_v_mini_mcu.memory_subsystem_i.ram0_i.rdata_o\[2\],298.53µm
_14567_,298.45µm
_10481_,298.37µm
_10651_,297.66µm
net897,297.56µm
i_core_v_mini_mcu.ao_peripheral_slave_resp\[8\],297.51µm
net517,297.51µm
_21676_,297.46µm
_10727_,297.37µm
_06695_,297.15µm
_16520_,297.1µm
_11546_,296.85µm
_22887_,296.73µm
net583,296.59µm
net1946,296.59µm
_20517_,296.54µm
_09468_,296.44µm
_06410_,296.34µm
_22869_,296.34µm
net1775,295.93µm
_10586_,295.83µm
net1413,295.78µm
_17065_,295.73µm
net713,295.52µm
net1643,295.52µm
net154,295.47µm
net586,295.47µm
_07848_,295.37µm
_10389_,295.27µm
i_core_v_mini_mcu.core_data_req\[0\],295.22µm
net467,295.07µm
_24608_,294.96µm
net666,294.76µm
_14580_,294.71µm
_25711_,294.71µm
_21600_,294.66µm
i_core_v_mini_mcu.ao_peripheral_slave_resp\[7\],294.66µm
_12396_,294.61µm
_21537_,294.6µm
net1615,294.25µm
net553,294.2µm
_18835_,294.15µm
net201,294.09µm
_21020_,293.89µm
net669,293.79µm
_11065_,293.59µm
_21685_,293.54µm
i_core_v_mini_mcu.cpu_subsystem_i.cpu_1_0.i_servile.o_rf_raddr\[0\],293.54µm
net953,293.54µm
net712,293.28µm
i_core_v_mini_mcu.ao_peripheral_slave_resp\[10\],293.08µm
i_core_v_mini_mcu.ao_peripheral_slave_resp\[16\],293.03µm
net1808,293.03µm
net682,292.98µm
net1359,292.92µm
_12667_,292.9µm
_06159_,292.88µm
net463,292.85µm
_06836_,292.72µm
net1409,292.45µm
_17977_,292.39µm
_21525_,292.32µm
clknet_4_3_0_i_core_v_mini_mcu.memory_subsystem_i.clk_cg,292.01µm
_24413_,291.96µm
_26551_,291.96µm
net1357,291.91µm
clknet_4_8_0_i_core_v_mini_mcu.memory_subsystem_i.clk_cg,291.91µm
_12442_,291.86µm
net1361,291.81µm
clknet_4_11_0_i_core_v_mini_mcu.cpu_subsystem_i.cpu_0_0.clk_i,291.35µm
_11613_,291.3µm
net1647,291.09µm
_20636_,290.89µm
net1355,290.89µm
_07027_,290.84µm
net1100,290.79µm
_12424_,290.74µm
_27143_,290.46µm
_20646_,290.33µm
_06470_,290.28µm
net456,290.28µm
_14473_,290.23µm
i_core_v_mini_mcu.cpu_subsystem_i.core_run_1_0,290.17µm
clknet_4_1_0_i_core_v_mini_mcu.memory_subsystem_i.clk_cg,290.13µm
net397,289.94µm
_09634_,289.77µm
net1655,289.77µm
_24434_,289.72µm
_18537_,289.4µm
net537,289.35µm
_20658_,289.31µm
_21353_,289.31µm
_10639_,289.21µm
_21331_,289.21µm
i_core_v_mini_mcu.ao_peripheral_slave_resp\[0\],289.21µm
_10564_,289.16µm
_12432_,289.01µm
net1050,289.01µm
net549,288.8µm
net294,288.7µm
_07423_,288.68µm
_06835_,288.6µm
_19129_,288.6µm
net572,288.45µm
_21016_,288.4µm
_14458_,288.19µm
net1578,287.89µm
clknet_leaf_91_clk_i_regs,287.78µm
_08495_,287.43µm
_12550_,286.92µm
net589,286.92µm
_05906_,286.87µm
_24426_,286.87µm
net736,286.46µm
_20695_,286.41µm
i_core_v_mini_mcu.cpu_subsystem_i.cpu_0_0.i_servile.cpu.alu.i_rs1,286.36µm
net1420,286.36µm
net1535,286.31µm
_07277_,286.26µm
_25062_,286.23µm
net1092,286µm
net1084,285.95µm
_09105_,285.9µm
_18579_,285.7µm
i_core_v_mini_mcu.ao_peripheral_slave_resp\[11\],285.7µm
_17090_,285.65µm
_13642_,285.6µm
net1304,285.52µm
net364,285.39µm
_24487_,285.19µm
net726,285.04µm
net1625,284.88µm
_10620_,284.83µm
_14463_,284.37µm
net1621,284.37µm
net692,284.27µm
clknet_4_5_0_i_core_v_mini_mcu.cpu_subsystem_i.cpu_0_0.clk_i,284.22µm
_16428_,284.2µm
net374,284.17µm
net1352,284.07µm
_10648_,284.02µm
_24357_,284.02µm
i_core_v_mini_mcu.memory_subsystem_i.ram0_i.rdata_o\[4\],283.92µm
net1542,283.76µm
_21570_,283.69µm
_05984_,283.56µm
_14084_,283.1µm
_24385_,283µm
_06793_,282.95µm
_21611_,282.9µm
net938,282.44µm
net982,281.98µm
_10908_,281.93µm
_11639_,281.93µm
net911,281.88µm
_10483_,281.85µm
_24388_,281.78µm
_07030_,281.62µm
_24467_,281.47µm
_06837_,281.42µm
clknet_4_7_0_i_core_v_mini_mcu.memory_subsystem_i.clk_cg,281.37µm
_21517_,281.08µm
_20814_,280.91µm
clknet_4_13_0_i_core_v_mini_mcu.cpu_subsystem_i.cpu_0_0.clk_i,280.91µm
net542,280.86µm
_16161_,280.81µm
_10571_,280.72µm
_05741_,280.71µm
_12590_,280.71µm
_05949_,280.61µm
_22932_,280.56µm
net1579,280.25µm
_18982_,280.15µm
_24684_,280.15µm
i_core_v_mini_mcu.ao_peripheral_subsystem_i.soc_ctrl_i.reg2hw\[35\],280.15µm
_21410_,280.05µm
_07599_,279.84µm
_06499_,279.74µm
_06767_,279.69µm
net1224,279.69µm
_23478_,279.64µm
net421,279.64µm
_26855_,279.59µm
_22966_,279.54µm
_16134_,279.49µm
_18544_,279.49µm
net1153,279.49µm
net1684,279.46µm
_14028_,279.38µm
_12368_,279.28µm
clknet_4_7_0_i_core_v_mini_mcu.cpu_subsystem_i.cpu_1_0.clk_i,279.18µm
_16472_,279.08µm
_10846_,279.03µm
net681,279.03µm
clknet_4_14_0_i_core_v_mini_mcu.cpu_subsystem_i.cpu_1_0.clk_i,278.77µm
_18532_,278.76µm
net1158,278.62µm
net1626,278.57µm
clknet_leaf_92_clk_i_regs,278.57µm
i_core_v_mini_mcu.cpu_subsystem_i.cpu_0_0.i_servile.o_rf_raddr\[2\],278.42µm
net152,278.32µm
_24405_,278.11µm
_22808_,278.08µm
net1089,278.01µm
_16811_,277.96µm
_12373_,277.81µm
_18687_,277.81µm
net1138,277.81µm
_14226_,277.6µm
net527,277.52µm
_24428_,277.3µm
net1838,277.3µm
net232,276.84µm
_16490_,276.79µm
_22949_,276.74µm
net725,276.69µm
i_core_v_mini_mcu.core_data_req\[4\],276.64µm
_09508_,276.53µm
_09643_,276.33µm
net1870,276.33µm
_22911_,276.28µm
i_core_v_mini_mcu.ao_peripheral_slave_resp\[5\],276.25µm
_18681_,276.23µm
_21940_,276.13µm
_06595_,276.08µm
_11003_,275.82µm
i_core_v_mini_mcu.core_data_req\[9\],275.72µm
net1459,275.72µm
net637,275.62µm
clknet_leaf_23_i_core_v_mini_mcu.peripheral_subsystem_i.clk_cg,275.61µm
_08906_,275.57µm
_06532_,275.43µm
net1586,275.36µm
net1614,275.31µm
_20538_,275.21µm
clknet_4_0_0_i_core_v_mini_mcu.cpu_subsystem_i.cpu_1_0.clk_i,275.16µm
_07148_,275.11µm
clknet_4_9_0_i_core_v_mini_mcu.memory_subsystem_i.clk_cg,275.11µm
clknet_4_15_0_i_core_v_mini_mcu.memory_subsystem_i.clk_cg,275.11µm
_12721_,275.08µm
_11055_,275.01µm
net428,274.7µm
_21419_,274.55µm
exit_value_int\[0\],274.55µm
net185,274.55µm
_18608_,274.45µm
_24602_,274.45µm
_07067_,274.09µm
_25361_,274.09µm
net1058,274.09µm
_22743_,274.04µm
_19133_,273.99µm
i_core_v_mini_mcu.memory_subsystem_i.ram0_i.rdata_o\[6\],273.89µm
net1623,273.48µm
_14462_,273.43µm
clknet_4_5_0_i_core_v_mini_mcu.memory_subsystem_i.clk_cg,273.43µm
clknet_4_10_0_i_core_v_mini_mcu.cpu_subsystem_i.cpu_0_0.clk_i,273.43µm
_10581_,273.38µm
_19085_,273.02µm
_12230_,272.97µm
_06521_,272.66µm
net1482,272.59µm
_26580_,272.41µm
net634,272.41µm
_17570_,272.36µm
_26208_,272.36µm
_19125_,272.31µm
_24830_,272.31µm
net79,272.31µm
_24469_,272.3µm
_21560_,272.21µm
_05618_,271.95µm
_18527_,271.95µm
clknet_4_9_0_i_core_v_mini_mcu.cpu_subsystem_i.cpu_1_0.clk_i,271.95µm
_06771_,271.75µm
i_core_v_mini_mcu.peripheral_subsystem_i.uart_i.reg2hw\[88\],271.47µm
_18621_,271.19µm
i_core_v_mini_mcu.core_data_req\[29\],271.19µm
net1545,271.19µm
net423,270.83µm
net1335,270.73µm
_18508_,270.63µm
net1093,270.63µm
net1051,270.58µm
_25530_,270.53µm
_06807_,270.32µm
_18406_,270.22µm
net1652,270.07µm
net1571,269.92µm
_20637_,269.76µm
_18573_,269.66µm
net475,269.61µm
_16477_,269.56µm
_05593_,269.55µm
_19101_,269.46µm
net1597,269.46µm
clknet_4_10_0_i_core_v_mini_mcu.cpu_subsystem_i.cpu_1_0.clk_i,269.2µm
_06788_,269.05µm
net566,269µm
net444,268.97µm
i_core_v_mini_mcu.core_data_req\[31\],268.9µm
_10883_,268.8µm
_18534_,268.8µm
net1072,268.59µm
_12551_,268.34µm
_17069_,268.11µm
_14457_,267.98µm
net404,267.98µm
net259,267.93µm
_26530_,267.88µm
_07176_,267.83µm
_18917_,267.78µm
_06581_,267.64µm
clknet_4_9_0_i_core_v_mini_mcu.cpu_subsystem_i.cpu_0_0.clk_i,267.22µm
_07117_,267.17µm
_21578_,267.17µm
_13940_,266.94µm
net1644,266.91µm
clknet_4_11_0_i_core_v_mini_mcu.cpu_subsystem_i.cpu_1_0.clk_i,266.86µm
_06694_,266.81µm
_12595_,266.76µm
net1481,266.71µm
_20037_,266.4µm
clknet_leaf_111_i_core_v_mini_mcu.cpu_subsystem_i.cpu_0_0.clk_i,266.4µm
_06575_,266.3µm
_14004_,266.15µm
_05977_,266.1µm
net426,266.05µm
net1730,265.84µm
_19131_,265.79µm
_10666_,265.69µm
net449,265.59µm
net993,265.54µm
net561,265.49µm
_17269_,265.18µm
_24473_,265.08µm
net299,265.03µm
_14408_,264.98µm
_21642_,264.98µm
net1616,264.67µm
_06452_,264.52µm
_10613_,264.52µm
_23415_,264.52µm
_10911_,264.42µm
net588,263.96µm
net691,263.96µm
i_core_v_mini_mcu.peripheral_subsystem_i.uart_i.uart_core.nco_sum_q\[16\],263.91µm
clknet_4_5_0_i_core_v_mini_mcu.cpu_subsystem_i.cpu_1_0.clk_i,263.91µm
_18752_,263.77µm
_06801_,263.6µm
_07160_,263.55µm
_12428_,263.45µm
_18574_,263.45µm
_24404_,263.45µm
_17806_,263.37µm
net1302,263.35µm
net1358,263.25µm
_23691_,262.94µm
_06517_,262.89µm
net183,262.79µm
_06816_,262.33µm
_07026_,262.33µm
_14919_,262.33µm
_26248_,262.18µm
net246,262.18µm
_18794_,261.9µm
_25538_,261.72µm
_18529_,261.57µm
_21398_,261.52µm
_23001_,261.46µm
net359,261.36µm
_23375_,261.31µm
_06483_,261.21µm
_06520_,261.21µm
_09416_,261.16µm
_07895_,261.06µm
_07063_,261.05µm
i_core_v_mini_mcu.peripheral_subsystem_i.obi_fifo_i.consumer_data_req\[11\],261.01µm
_05900_,260.96µm
_06385_,260.8µm
_06872_,260.7µm
_06858_,260.67µm
net1646,260.65µm
i_core_v_mini_mcu.ao_peripheral_slave_resp\[6\],260.45µm
i_core_v_mini_mcu.peripheral_subsystem_i.obi_fifo_i.consumer_data_req\[22\],260.45µm
_18549_,260.38µm
_14403_,260.24µm
_24872_,259.94µm
net416,259.94µm
_10984_,259.73µm
_24450_,259.73µm
net1722,259.53µm
net378,259.48µm
net1673,259.48µm
_09606_,259.43µm
_10414_,259.43µm
_14782_,259.43µm
_11499_,259.33µm
net671,259.07µm
_18708_,258.97µm
_10563_,258.92µm
net1090,258.87µm
net186,258.82µm
_24538_,258.71µm
_18074_,258.51µm
net1332,258.46µm
net540,258.41µm
net1268,258.16µm
net1276,258.16µm
_06817_,257.95µm
i_core_v_mini_mcu.ao_peripheral_slave_resp\[15\],257.8µm
_16016_,257.75µm
net1030,257.67µm
_08280_,257.65µm
_10568_,257.49µm
_06786_,257.44µm
net1070,257.34µm
clknet_leaf_20_i_core_v_mini_mcu.peripheral_subsystem_i.clk_cg,257.34µm
_09521_,257.29µm
net253,257.19µm
net1945,257.17µm
_05627_,257.09µm
_18567_,257.09µm
net1200,257.09µm
_22940_,256.7µm
_21547_,256.68µm
i_core_v_mini_mcu.ao_peripheral_slave_resp\[30\],256.68µm
exit_value_int\[1\],256.58µm
net17,256.53µm
_21632_,256.43µm
_06941_,256.38µm
_10590_,256.22µm
_28186_,256.2µm
_06800_,256.17µm
_11672_,256.07µm
net1727,256.07µm
_05637_,256.02µm
net233,255.97µm
_15658_,255.91µm
_23373_,255.76µm
_17572_,255.66µm
_20352_,255.66µm
net1397,255.66µm
_09504_,255.61µm
i_core_v_mini_mcu.core_data_req\[3\],255.56µm
_06388_,255.51µm
_24541_,255.51µm
clknet_4_12_0_i_core_v_mini_mcu.memory_subsystem_i.clk_cg,255.51µm
_22328_,255.36µm
net1083,255.35µm
_22759_,255.17µm
_14478_,255µm
net538,255µm
clknet_leaf_79_clk_i_regs,255µm
_07035_,254.72µm
_27928_,254.69µm
_06234_,254.54µm
net1632,254.49µm
_10730_,254.44µm
net1031,254.38µm
_11014_,254.34µm
net688,254.34µm
_19115_,254.29µm
_11015_,254.28µm
_14011_,254.24µm
_26368_,254.22µm
net1537,253.93µm
net383,253.83µm
i_core_v_mini_mcu.ao_peripheral_slave_resp\[23\],253.73µm
net361,253.37µm
net1071,253.37µm
_10741_,253.32µm
_16135_,253.27µm
net439,253.27µm
net1062,253.24µm
_05761_,253.17µm
_14018_,252.66µm
_14546_,252.66µm
_06454_,252.61µm
net558,252.61µm
_24391_,252.52µm
_13824_,252.35µm
_20028_,252.2µm
net1063,252.2µm
net516,252.15µm
net693,252.15µm
clknet_0_clk_i,252.15µm
_19075_,252.1µm
_21683_,252.05µm
net678,252.05µm
_09610_,251.74µm
_15594_,251.74µm
_17285_,251.74µm
_20719_,251.69µm
_23310_,251.59µm
i_core_v_mini_mcu.cpu_subsystem_i.cpu_1_0.i_servile.o_rf_raddr\[1\],251.54µm
_07110_,251.33µm
_05840_,251.23µm
_20694_,251.23µm
net1636,251.13µm
net1824,251.13µm
net926,251.08µm
_20526_,250.77µm
_24353_,250.76µm
_08753_,250.72µm
_10566_,250.72µm
_27664_,250.63µm
_09014_,250.52µm
_23323_,250.47µm
_27879_,250.37µm
net1613,250.08µm
clknet_4_2_0_i_core_v_mini_mcu.memory_subsystem_i.clk_cg,250.01µm
_24536_,249.96µm
_20872_,249.91µm
_10659_,249.81µm
net1082,249.65µm
_06768_,249.55µm
_21857_,249.45µm
i_core_v_mini_mcu.ao_peripheral_subsystem_i.spi_subsystem_i.obi_spimemio_i.cfgreg_do\[31\],249.35µm
_06849_,249.33µm
_24465_,249.14µm
net722,248.99µm
net1165,248.94µm
clknet_4_15_0_i_core_v_mini_mcu.cpu_subsystem_i.cpu_1_0.clk_i,248.84µm
_04632_,248.74µm
net477,248.33µm
_18318_,248.28µm
net768,248.28µm
i_core_v_mini_mcu.cpu_subsystem_i.cpu_1_0.i_servile.arbiter.i_wb_cpu_dbus_we,248.23µm
net215,248.18µm
i_core_v_mini_mcu.ao_peripheral_slave_resp\[4\],248.08µm
_17488_,247.92µm
net1061,247.92µm
net1272,247.87µm
_18568_,247.82µm
net1073,247.82µm
_19515_,247.67µm
exit_value_int\[2\],247.67µm
net305,247.61µm
_20516_,247.21µm
_09412_,247.11µm
_26856_,247.11µm
_08320_,247.06µm
_14719_,246.75µm
_15390_,246.7µm
_24813_,246.7µm
_06725_,246.5µm
_08198_,246.5µm
_21349_,246.14µm
_22603_,246.04µm
_22667_,245.68µm
_22741_,245.63µm
_16417_,245.54µm
_12635_,245.53µm
_16277_,245.53µm
_14532_,245.48µm
net1078,245.48µm
_07056_,245.43µm
_19940_,245.43µm
net1351,245.43µm
_21799_,245.25µm
_15325_,245.02µm
_23054_,245.02µm
i_core_v_mini_mcu.ao_peripheral_subsystem_i.spi_subsystem_i.obi_spimemio_i.cfgreg_do\[22\],244.97µm
i_core_v_mini_mcu.ao_peripheral_subsystem_i.spi_subsystem_i.obi_spimemio_i.spimemio_i.rd_inc,244.92µm
net1052,244.92µm
_06594_,244.87µm
net635,244.82µm
clknet_leaf_18_clk_i_regs,244.82µm
i_core_v_mini_mcu.core_data_req\[28\],244.72µm
net1634,244.46µm
_08155_,244.26µm
_10673_,244.26µm
_23477_,244.26µm
_08362_,244.21µm
_26782_,244.21µm
_15925_,244µm
_20813_,243.95µm
net363,243.9µm
_15393_,243.8µm
_15793_,243.8µm
_08683_,243.75µm
net1152,243.6µm
_22694_,243.44µm
_06852_,243.29µm
_19077_,243.24µm
_04627_,243.09µm
_18307_,243.01µm
net1686,242.73µm
_10976_,242.68µm
_16471_,242.57µm
net633,242.5µm
_17522_,242.07µm
_24975_,241.97µm
i_core_v_mini_mcu.ao_peripheral_slave_resp\[17\],241.97µm
net530,241.97µm
_27675_,241.96µm
_22983_,241.92µm
_17317_,241.76µm
_07015_,241.61µm
_06693_,241.51µm
_16502_,241.51µm
clknet_leaf_1_i_core_v_mini_mcu.cpu_subsystem_i.cpu_0_0.clk_i,241.46µm
i_core_v_mini_mcu.ao_peripheral_subsystem_i.power_manager_i.power_manager_reg_top_i.cpu_switch_off_counter_qs\[8\],241.41µm
i_core_v_mini_mcu.peripheral_subsystem_i.obi_fifo_i.consumer_data_req\[15\],241.18µm
net440,241.12µm
_14739_,241.05µm
_18616_,241µm
i_core_v_mini_mcu.core_data_req\[11\],240.95µm
i_core_v_mini_mcu.core_data_req\[26\],240.72µm
_24499_,240.54µm
net167,240.44µm
_10946_,240.39µm
_19093_,240.34µm
net2,240.24µm
_22975_,240.14µm
_06524_,240.1µm
_24814_,239.93µm
net205,239.93µm
net1754,239.93µm
_20273_,239.88µm
_06247_,239.83µm
net677,239.83µm
i_core_v_mini_mcu.peripheral_subsystem_i.obi_fifo_i.consumer_data_req\[20\],239.68µm
_10914_,239.65µm
net272,239.57µm
_10674_,239.47µm
net886,239.42µm
i_core_v_mini_mcu.ao_peripheral_slave_resp\[3\],239.37µm
i_core_v_mini_mcu.ao_peripheral_slave_resp\[29\],239.27µm
_15336_,239.22µm
_17282_,238.96µm
net1676,238.96µm
_28071_,238.79µm
_18731_,238.71µm
_06901_,238.66µm
net212,238.4µm
_24449_,238.35µm
_14681_,238.3µm
_15959_,238.3µm
clknet_4_1_0_i_core_v_mini_mcu.cpu_subsystem_i.cpu_1_0.clk_i,238.25µm
_19493_,238.2µm
_20024_,238.2µm
_24356_,238.2µm
_10370_,238.15µm
_14620_,238.15µm
net1956,238.15µm
_26781_,238.1µm
_10628_,238µm
_15018_,237.99µm
_07034_,237.89µm
_08545_,237.74µm
_18633_,237.64µm
net261,237.64µm
net687,237.54µm
clknet_leaf_26_i_core_v_mini_mcu.peripheral_subsystem_i.clk_cg,237.46µm
net1692,237.45µm
_17330_,237.32µm
_07844_,237.28µm
_19981_,237.03µm
_08235_,236.98µm
_10986_,236.98µm
_12390_,236.93µm
net1081,236.85µm
_10980_,236.57µm
_18671_,236.57µm
net695,236.57µm
net1103,236.57µm
_09503_,236.47µm
net707,236.47µm
_19121_,236.37µm
_15289_,236.26µm
_16359_,236.11µm
_21744_,235.96µm
net772,235.91µm
_23325_,235.81µm
_12427_,235.76µm
net357,235.55µm
net402,235.5µm
_06639_,235.48µm
_06016_,235.4µm
i_core_v_mini_mcu.ao_peripheral_slave_resp\[9\],235.4µm
_19005_,235.3µm
_25272_,235.3µm
_05656_,235.25µm
_10932_,235.25µm
_07943_,235.2µm
_07013_,235.04µm
clknet_leaf_31_i_core_v_mini_mcu.peripheral_subsystem_i.clk_cg,234.99µm
_18071_,234.96µm
_19105_,234.89µm
net1551,234.89µm
clknet_4_13_0_i_core_v_mini_mcu.cpu_subsystem_i.cpu_1_0.clk_i,234.84µm
net690,234.79µm
_06397_,234.74µm
_07442_,234.43µm
net1738,234.33µm
_12759_,234.3µm
_09444_,234.28µm
_10978_,234.28µm
_12376_,234.28µm
_13155_,234.28µm
_25637_,234.07µm
clknet_leaf_11_i_core_v_mini_mcu.peripheral_subsystem_i.clk_cg,233.92µm
_26578_,233.72µm
net245,233.72µm
_08734_,233.62µm
_21241_,233.57µm
_27363_,233.52µm
net508,233.41µm
_14147_,233.31µm
_10649_,233.11µm
net462,233.06µm
net447,233.01µm
_18876_,232.7µm
_25889_,232.6µm
_09090_,232.55µm
_07912_,232.5µm
_12384_,232.5µm
_21797_,232.5µm
net175,232.5µm
_07854_,232.4µm
_15322_,232.19µm
net775,232.09µm
_10668_,232.04µm
_17115_,231.99µm
_24422_,231.84µm
_24387_,231.68µm
net1742,231.68µm
_16063_,231.63µm
net388,231.63µm
net535,231.53µm
net1705,231.48µm
_17118_,231.47µm
_10788_,231.43µm
i_core_v_mini_mcu.peripheral_subsystem_i.obi_fifo_i.consumer_data_req\[14\],231.43µm
_16869_,231.12µm
clknet_leaf_43_i_core_v_mini_mcu.memory_subsystem_i.clk_cg,231.02µm
net256,230.82µm
net166,230.77µm
i_core_v_mini_mcu.peripheral_subsystem_i.obi_fifo_i.consumer_data_req\[13\],230.72µm
_22693_,230.66µm
_24401_,230.66µm
_15152_,230.65µm
_25493_,230.46µm
net694,230.36µm
i_core_v_mini_mcu.ao_peripheral_slave_resp\[18\],230.31µm
net1154,230.26µm
net164,230.16µm
_08544_,229.9µm
_22700_,229.9µm
net1816,229.9µm
net1746,229.85µm
_24696_,229.75µm
net250,229.75µm
_23034_,229.39µm
_09505_,229.29µm
net660,229.19µm
_10638_,229.14µm
_18554_,229.04µm
_09131_,228.73µm
_20023_,228.73µm
net1534,228.68µm
clknet_leaf_27_i_core_v_mini_mcu.peripheral_subsystem_i.clk_cg,228.68µm
_12382_,228.63µm
_25460_,228.63µm
i_core_v_mini_mcu.peripheral_subsystem_i.obi_fifo_i.consumer_data_req\[24\],228.63µm
_18239_,228.52µm
_20159_,228.32µm
net851,228.23µm
_14846_,228.17µm
net248,228.07µm
net1047,228.07µm
_06178_,227.97µm
_16434_,227.91µm
i_core_v_mini_mcu.cpu_subsystem_i.cpu_1_0.i_servile.cpu.alu.i_rs1,227.71µm
net729,227.64µm
net202,227.61µm
_21830_,227.56µm
_21922_,227.51µm
net506,227.48µm
_07456_,227.46µm
net1094,227.3µm
_21085_,227.1µm
_07843_,227µm
_21108_,227µm
_22958_,227µm
_23335_,227µm
_21816_,226.99µm
_06456_,226.95µm
_14939_,226.95µm
_18390_,226.95µm
net1419,226.95µm
net1555,226.95µm
_24410_,226.9µm
_25617_,226.9µm
_18294_,226.82µm
_26447_,226.55µm
net1203,226.54µm
net1437,226.49µm
_10579_,226.44µm
_18628_,226.44µm
net1893,226.39µm
_14561_,226.34µm
_19519_,226.34µm
i_core_v_mini_mcu.memory_subsystem_i.ram0_i.rdata_o\[27\],226.34µm
net1492,226.34µm
_07945_,226.29µm
clknet_leaf_12_i_core_v_mini_mcu.peripheral_subsystem_i.clk_cg,226.29µm
clknet_leaf_13_i_core_v_mini_mcu.peripheral_subsystem_i.clk_cg,226.23µm
_09969_,226.03µm
i_core_v_mini_mcu.system_bus_i.system_xbar_i.gen_xbar_NtoM.i_xbar.gen_inputs\[1\].i_addr_dec_resp_mux.gen_several_outputs.bank_sel_q\[0\],225.88µm
clknet_leaf_29_i_core_v_mini_mcu.memory_subsystem_i.clk_cg,225.88µm
_09033_,225.83µm
i_core_v_mini_mcu.ao_peripheral_subsystem_i.spi_subsystem_i.obi_spimemio_i.obi_to_picorv32_i.addr_buf\[15\],225.78µm
net325,225.68µm
clknet_leaf_2_i_core_v_mini_mcu.peripheral_subsystem_i.clk_cg,225.52µm
_16762_,225.47µm
_17485_,225.47µm
_05538_,225.42µm
_21860_,225.32µm
i_core_v_mini_mcu.peripheral_subsystem_i.obi_fifo_i.consumer_data_req\[23\],225.32µm
_16129_,225.27µm
net222,225.22µm
_08036_,225.17µm
exit_value_int\[5\],224.94µm
net1436,224.91µm
net1815,224.91µm
_14752_,224.81µm
_26318_,224.76µm
net1814,224.76µm
_18558_,224.71µm
net1087,224.71µm
_10941_,224.61µm
net1004,224.61µm
_17839_,224.45µm
_07595_,224.35µm
_20059_,224.3µm
_10583_,224.25µm
net636,224.2µm
_14398_,224.15µm
i_core_v_mini_mcu.ao_peripheral_slave_resp\[31\],224.15µm
net807,224.1µm
clknet_leaf_74_clk_i_regs,223.74µm
net206,223.69µm
_10597_,223.64µm
net1617,223.64µm
net236,223.59µm
net241,223.59µm
net474,223.54µm
_18332_,223.52µm
_14446_,223.49µm
_10622_,223.48µm
_23877_,223.26µm
net1086,223.18µm
_22745_,223.13µm
_06477_,223.08µm
_18539_,223.08µm
net680,223.08µm
net209,223.03µm
net720,223.03µm
i_core_v_mini_mcu.peripheral_subsystem_i.obi_fifo_i.consumer_data_req\[9\],222.98µm
_18524_,222.93µm
_05395_,222.85µm
_06086_,222.62µm
_19141_,222.57µm
_15526_,222.52µm
net1711,222.52µm
_18491_,222.5µm
_15826_,222.47µm
net617,222.37µm
_10400_,222.19µm
_15213_,222.16µm
net1077,222.16µm
_10753_,222.06µm
_11493_,222.06µm
net1731,222.06µm
_08863_,222.01µm
_05537_,221.96µm
_14716_,221.96µm
_19552_,221.86µm
_25818_,221.86µm
i_core_v_mini_mcu.ao_peripheral_subsystem_i.spi_subsystem_i.obi_spimemio_i.obi_to_picorv32_i.addr_buf\[23\],221.81µm
_24475_,221.55µm
net1926,221.5µm
net1699,221.45µm
_07017_,221.4µm
_20859_,221.4µm
_20953_,221.4µm
clknet_leaf_1_i_core_v_mini_mcu.peripheral_subsystem_i.clk_cg,221.4µm
_25101_,221.3µm
net887,221.07µm
_07778_,220.99µm
_09622_,220.84µm
_20939_,220.73µm
_06986_,220.69µm
net631,220.69µm
_15523_,220.58µm
_16766_,220.48µm
_19693_,220.33µm
net473,220.28µm
net607,220.18µm
net619,220.08µm
_14267_,219.92µm
_15561_,219.87µm
net219,219.77µm
_12426_,219.76µm
net240,219.67µm
net632,219.67µm
_08478_,219.62µm
_18174_,219.54µm
_18039_,219.31µm
_05397_,219.26µm
_16531_,219.16µm
_28023_,219.16µm
net615,219.16µm
_06926_,219.11µm
net1882,219.11µm
net1724,218.93µm
_14578_,218.8µm
net1726,218.75µm
_18106_,218.71µm
_21759_,218.7µm
_18773_,218.65µm
net611,218.64µm
_18364_,218.6µm
_27884_,218.52µm
net605,218.42µm
i_core_v_mini_mcu.ao_peripheral_subsystem_i.power_manager_i.power_manager_reg_top_i.cpu_switch_off_counter_qs\[4\],218.4µm
net613,218.4µm
_14785_,218.14µm
_19047_,218.09µm
net700,217.99µm
_23472_,217.94µm
_05766_,217.89µm
_19580_,217.89µm
_22670_,217.81µm
_20577_,217.68µm
_15624_,217.58µm
_18290_,217.58µm
_06845_,217.53µm
_18109_,217.53µm
_25840_,217.53µm
net1548,217.53µm
_06351_,217.35µm
_07987_,217.33µm
net303,217.28µm
clknet_leaf_19_clk_i_regs,217.25µm
clknet_leaf_75_i_core_v_mini_mcu.memory_subsystem_i.clk_cg,217.07µm
clknet_leaf_113_clk_i_regs,217.02µm
_06557_,216.92µm
_16558_,216.92µm
net1845,216.92µm
_17314_,216.82µm
_24443_,216.82µm
i_core_v_mini_mcu.cpu_subsystem_i.cpu_0_0.i_servile.cpu.immdec.gen_immdec_w_eq_1.imm11_7\[4\],216.77µm
net638,216.56µm
_25308_,216.46µm
net1074,216.46µm
_19776_,216.41µm
_20217_,216.41µm
net1080,216.36µm
net799,216.31µm
net1622,216.31µm
_09037_,216.26µm
_06577_,216.23µm
_12475_,215.9µm
_11058_,215.75µm
i_core_v_mini_mcu.peripheral_subsystem_i.uart_i.reg2hw\[86\],215.75µm
_28095_,215.73µm
_14081_,215.7µm
i_core_v_mini_mcu.core_data_req\[19\],215.7µm
_11322_,215.52µm
_09520_,215.44µm
_17943_,215.39µm
_21348_,215.39µm
net1612,215.34µm
net199,215.24µm
net235,215.24µm
_09654_,215.19µm
i_core_v_mini_mcu.ao_peripheral_subsystem_i.power_manager_i.power_manager_reg_top_i.cpu_reset_assert_counter_qs\[8\],215.14µm
net1056,215.11µm
_08336_,215.04µm
clknet_leaf_29_i_core_v_mini_mcu.peripheral_subsystem_i.clk_cg,214.88µm
_22771_,214.73µm
_28221_,214.73µm
net507,214.68µm
net238,214.63µm
net699,214.58µm
_21914_,214.32µm
_20714_,214.27µm
_11012_,214.17µm
_14651_,214.17µm
_17420_,214.17µm
_25557_,214.17µm
net1541,214.07µm
_15420_,214.02µm
_19421_,214.02µm
net258,214.02µm
_28164_,213.97µm
_24377_,213.92µm
_14749_,213.71µm
_19527_,213.71µm
_27730_,213.66µm
_19714_,213.65µm
net996,213.56µm
_20935_,213.53µm
_08171_,213.41µm
_24374_,213.41µm
_15575_,213.1µm
_20554_,213.1µm
_18402_,212.9µm
_18679_,212.85µm
net207,212.85µm
net223,212.85µm
net265,212.8µm
_22011_,212.64µm
_16262_,212.54µm
_19534_,212.54µm
exit_value_int\[3\],212.51µm
_05694_,212.49µm
net1932,212.49µm
net663,212.45µm
_16626_,212.44µm
net609,212.44µm
_18638_,212.39µm
i_core_v_mini_mcu.peripheral_subsystem_i.uart_i.uart_core.tx_uart_idle,212.39µm
_22736_,212.18µm
_21898_,211.98µm
_18416_,211.88µm
_24921_,211.78µm
_25520_,211.78µm
net311,211.73µm
_11056_,211.68µm
_05638_,211.52µm
net1840,211.52µm
_08867_,211.42µm
_16296_,211.42µm
_17842_,211.42µm
_18042_,211.42µm
_20796_,211.32µm
net1576,211.32µm
i_core_v_mini_mcu.peripheral_subsystem_i.obi_fifo_i.consumer_data_req\[18\],211.27µm
_13930_,211.22µm
_18670_,211.22µm
_20826_,210.96µm
_27659_,210.91µm
net1079,210.91µm
_20929_,210.82µm
_23047_,210.81µm
clknet_leaf_40_i_core_v_mini_mcu.memory_subsystem_i.clk_cg,210.8µm
_20324_,210.76µm
_09232_,210.71µm
_06061_,210.66µm
_10637_,210.66µm
net399,210.66µm
net1577,210.61µm
_16060_,210.35µm
_20787_,210.3µm
_16326_,210.25µm
_21859_,210.25µm
_27666_,210.25µm
clknet_4_13_0_i_core_v_mini_mcu.memory_subsystem_i.clk_cg,210.25µm
_10662_,210.1µm
net296,210.1µm
_11161_,210.05µm
_19525_,210.05µm
clknet_4_11_0_i_core_v_mini_mcu.memory_subsystem_i.clk_cg,210.05µm
_18425_,210µm
net1066,209.79µm
_28233_,209.74µm
net188,209.74µm
net1735,209.74µm
_22607_,209.69µm
net200,209.69µm
i_core_v_mini_mcu.ao_peripheral_slave_resp\[14\],209.64µm
_06587_,209.54µm
net331,209.49µm
_06934_,209.28µm
clknet_leaf_13_i_core_v_mini_mcu.cpu_subsystem_i.cpu_1_0.clk_i,209.23µm
_16446_,209.18µm
_18171_,209.18µm
clknet_4_0_0_i_core_v_mini_mcu.memory_subsystem_i.clk_cg,209.13µm
_05622_,208.93µm
_25535_,208.93µm
_24528_,208.73µm
_16900_,208.72µm
net1485,208.69µm
_20944_,208.62µm
net446,208.62µm
_14148_,208.57µm
net410,208.57µm
net244,208.37µm
net1015,208.37µm
_27927_,208.32µm
_09598_,208.16µm
_17114_,208.16µm
_15155_,208.11µm
_16483_,208.01µm
_20957_,208.01µm
_14684_,207.96µm
_20932_,207.93µm
_06516_,207.91µm
_18646_,207.86µm
clknet_leaf_16_i_core_v_mini_mcu.peripheral_subsystem_i.clk_cg,207.7µm
_21346_,207.5µm
_24497_,207.5µm
_09230_,207.4µm
_19111_,207.4µm
net20,207.4µm
_19108_,207.35µm
_24529_,207.35µm
_19089_,207.3µm
_10548_,207.09µm
_17802_,206.99µm
clknet_leaf_14_i_core_v_mini_mcu.peripheral_subsystem_i.clk_cg,206.99µm
net443,206.94µm
_16800_,206.84µm
_12438_,206.79µm
_12231_,206.74µm
_05845_,206.69µm
_14189_,206.48µm
_06974_,206.43µm
_21021_,206.43µm
_06888_,206.33µm
_27687_,206.33µm
clknet_leaf_35_clk_i_regs,206.33µm
net1055,206.28µm
_06460_,206.23µm
_14940_,206.23µm
_18398_,206.23µm
i_core_v_mini_mcu.peripheral_subsystem_i.obi_fifo_i.consumer_state_q,206.13µm
_28079_,206.08µm
_20635_,205.82µm
net1697,205.82µm
_14306_,205.72µm
net545,205.67µm
net1639,205.67µm
_26379_,205.62µm
net1156,205.62µm
_06846_,205.57µm
_06084_,205.49µm
_24515_,205.37µm
net1826,205.32µm
_16464_,205.21µm
_19523_,205.11µm
net556,205.11µm
_06735_,205.06µm
i_core_v_mini_mcu.ao_peripheral_subsystem_i.spi_subsystem_i.obi_spimemio_i.obi_to_picorv32_i.addr_buf\[21\],205.06µm
net326,205.06µm
net1868,204.65µm
net210,204.6µm
_25794_,204.55µm
_15796_,204.19µm
_16664_,204.09µm
_24885_,204.04µm
net849,203.99µm
_08199_,203.89µm
_12641_,203.89µm
_26739_,203.84µm
_08656_,203.73µm
_28195_,203.73µm
_24195_,203.68µm
net742,203.58µm
_18896_,203.56µm
_19588_,203.53µm
_18664_,203.51µm
net308,203.48µm
_19099_,203.43µm
net216,203.43µm
_26021_,203.38µm
net310,203.38µm
net662,203.37µm
_06140_,203.27µm
net698,203.02µm
_20870_,202.92µm
net1734,202.92µm
_19652_,202.87µm
_20580_,202.87µm
i_core_v_mini_mcu.peripheral_subsystem_i.obi_fifo_i.consumer_data_req\[25\],202.87µm
net1809,202.77µm
_06056_,202.72µm
clknet_leaf_33_clk_i_regs,202.61µm
_21052_,202.56µm
i_core_v_mini_mcu.core_data_req\[21\],202.56µm
_28230_,202.36µm
net1046,202.36µm
net1821,202.36µm
net16,202.26µm
net924,202.26µm
_19565_,202.21µm
net1484,202.21µm
_19097_,202.16µm
net697,201.97µm
_15097_,201.95µm
net1681,201.95µm
_25405_,201.88µm
_08596_,201.85µm
_15425_,201.8µm
_07513_,201.7µm
_06168_,201.65µm
_28083_,201.65µm
net1186,201.65µm
_08034_,201.6µm
_20452_,201.6µm
_19971_,201.44µm
clknet_leaf_81_i_core_v_mini_mcu.cpu_subsystem_i.cpu_1_0.clk_i,201.34µm
_27728_,201.29µm
_26355_,201.27µm
_14566_,201.24µm
_14381_,201.19µm
_14500_,201.19µm
net557,201.19µm
_13796_,201.14µm
_19960_,201.14µm
_20969_,201.14µm
_25494_,201.14µm
_27940_,201.04µm
clknet_leaf_4_i_core_v_mini_mcu.memory_subsystem_i.clk_cg,200.83µm
_14038_,200.78µm
clknet_leaf_43_i_core_v_mini_mcu.cpu_subsystem_i.cpu_0_0.clk_i,200.78µm
_19431_,200.68µm
_24739_,200.68µm
i_core_v_mini_mcu.ao_peripheral_slave_resp\[19\],200.67µm
net31,200.63µm
_11975_,200.58µm
_16458_,200.53µm
i_core_v_mini_mcu.ao_peripheral_subsystem_i.spi_subsystem_i.obi_spimemio_i.obi_to_picorv32_i.addr_buf\[20\],200.53µm
net177,200.53µm
_25938_,200.48µm
i_core_v_mini_mcu.core_data_req\[18\],200.48µm
clknet_leaf_3_i_core_v_mini_mcu.peripheral_subsystem_i.clk_cg,200.37µm
_06894_,200.27µm
_16541_,200.27µm
net1044,200.27µm
net1088,200.22µm
clknet_leaf_2_i_core_v_mini_mcu.cpu_subsystem_i.cpu_0_0.clk_i,200.22µm
_08542_,200.17µm
i_core_v_mini_mcu.ao_peripheral_subsystem_i.tdu_i.rd_ptr_q\[0\],200.17µm
clknet_leaf_112_clk_i_regs,200.17µm
_14015_,200.07µm
net242,200.07µm
_18167_,200.06µm
_08750_,200.02µm
net257,200.02µm
_13557_,199.97µm
net1593,199.86µm
_25286_,199.76µm
_12412_,199.66µm
net510,199.66µm
clknet_leaf_82_i_core_v_mini_mcu.memory_subsystem_i.clk_cg,199.66µm
_09236_,199.51µm
_23913_,199.51µm
i_core_v_mini_mcu.ao_peripheral_subsystem_i.spi_subsystem_i.obi_spimemio_i.spimemio_i.xfer.xfer_qspi,199.51µm
net668,199.51µm
_05752_,199.46µm
_16427_,199.46µm
i_core_v_mini_mcu.ao_peripheral_slave_resp\[13\],199.46µm
_08361_,199.41µm
i_core_v_mini_mcu.peripheral_subsystem_i.obi_fifo_i.consumer_data_req\[27\],199.41µm
net1573,199.41µm
net1706,199.41µm
_26381_,199.36µm
_22663_,199.3µm
clknet_leaf_84_i_core_v_mini_mcu.memory_subsystem_i.clk_cg,199.3µm
_15285_,199.2µm
net1813,199.15µm
_20737_,199.1µm
_23330_,198.95µm
clknet_leaf_13_clk_i_regs,198.95µm
_15337_,198.8µm
_17352_,198.69µm
net1885,198.59µm
_23650_,198.49µm
net1020,198.49µm
_05394_,198.44µm
_17019_,198.44µm
net18,198.39µm
net945,198.39µm
net1386,198.39µm
_07109_,198.34µm
_20942_,198.34µm
i_core_v_mini_mcu.peripheral_subsystem_i.obi_fifo_i.consumer_data_req\[3\],198.34µm
_06039_,198.29µm
_11577_,198.29µm
_15050_,198.18µm
clknet_leaf_4_i_core_v_mini_mcu.peripheral_subsystem_i.clk_cg,198.08µm
_15458_,197.98µm
_18360_,197.93µm
clknet_leaf_46_clk_i_regs,197.93µm
_23315_,197.88µm
net27,197.88µm
_21014_,197.83µm
_08720_,197.8µm
_21352_,197.62µm
_28130_,197.52µm
clknet_leaf_15_i_core_v_mini_mcu.memory_subsystem_i.clk_cg,197.52µm
_17389_,197.47µm
_24152_,197.37µm
net1076,197.37µm
_21017_,197.32µm
net1048,197.32µm
_24197_,197.27µm
_05982_,197.22µm
_18258_,197.19µm
net1554,197.17µm
i_core_v_mini_mcu.ao_peripheral_subsystem_i.power_manager_i.power_manager_reg_top_i.cpu_reset_assert_counter_qs\[15\],197.12µm
_07558_,196.96µm
_10634_,196.86µm
_27786_,196.86µm
_25435_,196.81µm
net150,196.81µm
net172,196.81µm
net689,196.81µm
_18683_,196.74µm
_05444_,196.71µm
net564,196.66µm
net1140,196.66µm
exit_value_int\[4\],196.61µm
_18103_,196.35µm
_14034_,196.2µm
_07826_,196.15µm
exit_value_int\[6\],196.15µm
i_core_v_mini_mcu.ao_peripheral_subsystem_i.spi_subsystem_i.obi_spimemio_i.obi_to_picorv32_i.addr_buf\[16\],196.05µm
_19817_,195.77µm
net848,195.74µm
_06928_,195.69µm
_27655_,195.64µm
_05889_,195.59µm
_11034_,195.59µm
_08654_,195.54µm
_14170_,195.28µm
_27739_,195.23µm
_15663_,195.18µm
clknet_leaf_1_clk_i_regs,195.18µm
_14821_,195.13µm
net994,195.13µm
_10748_,195.08µm
_07065_,195.03µm
_16172_,195.03µm
_19361_,195.03µm
_24532_,195.03µm
_23849_,194.98µm
_07272_,194.93µm
net181,194.93µm
clknet_leaf_87_i_core_v_mini_mcu.memory_subsystem_i.clk_cg,194.87µm
_16313_,194.8µm
_07103_,194.77µm
_07014_,194.74µm
_16126_,194.67µm
_18244_,194.67µm
clknet_leaf_47_i_core_v_mini_mcu.cpu_subsystem_i.cpu_0_0.clk_i,194.67µm
_18140_,194.62µm
clknet_leaf_10_i_core_v_mini_mcu.memory_subsystem_i.clk_cg,194.61µm
_17905_,194.57µm
_20959_,194.52µm
net1000,194.52µm
net1575,194.52µm
_16329_,194.47µm
_21829_,194.47µm
_23050_,194.47µm
net554,194.47µm
_06492_,194.42µm
_09628_,194.42µm
net709,194.42µm
_06262_,194.25µm
_22809_,194.16µm
clknet_leaf_22_i_core_v_mini_mcu.memory_subsystem_i.clk_cg,194.11µm
_14149_,194.06µm
_20097_,194.06µm
_05505_,194.01µm
_06728_,194.01µm
_19175_,194.01µm
_27962_,194µm
_21847_,193.96µm
net817,193.96µm
_21972_,193.91µm
_08726_,193.86µm
_14536_,193.86µm
_19529_,193.86µm
_20955_,193.86µm
_25957_,193.86µm
net169,193.86µm
net1680,193.6µm
_09425_,193.45µm
_10578_,193.45µm
net1164,193.45µm
net1594,193.45µm
_20179_,193.4µm
_17702_,193.35µm
_23326_,193.35µm
net1743,193.35µm
_24462_,193.3µm
net22,193.3µm
_26711_,193.28µm
_06932_,193.25µm
clknet_leaf_17_i_core_v_mini_mcu.peripheral_subsystem_i.clk_cg,193.24µm
_22327_,193.2µm
_15628_,193.19µm
clknet_leaf_45_clk_i_regs,193.14µm
net1450,192.94µm
clknet_leaf_18_i_core_v_mini_mcu.cpu_subsystem_i.cpu_1_0.clk_i,192.94µm
_08746_,192.89µm
i_core_v_mini_mcu.peripheral_subsystem_i.obi_fifo_i.consumer_data_req\[29\],192.84µm
_24534_,192.83µm
_08768_,192.79µm
net1182,192.79µm
_18643_,192.69µm
_07865_,192.64µm
_17874_,192.53µm
_26141_,192.43µm
_06899_,192.38µm
_16730_,192.28µm
_14382_,192.23µm
clknet_leaf_119_clk_i_regs,192.23µm
_13074_,192.13µm
_25104_,192.13µm
net98,192.13µm
net1362,192.13µm
_28104_,192.08µm
net1955,192.08µm
clknet_leaf_38_clk_i_regs,191.95µm
_24198_,191.92µm
_08648_,191.87µm
clknet_leaf_24_i_core_v_mini_mcu.peripheral_subsystem_i.clk_cg,191.87µm
_10368_,191.67µm
_13240_,191.67µm
_23345_,191.67µm
net313,191.67µm
_10394_,191.62µm
_16587_,191.62µm
net21,191.62µm
net23,191.62µm
_06510_,191.59µm
_06902_,191.57µm
_16362_,191.41µm
net1747,191.31µm
_18434_,191.21µm
net1166,191.16µm
net1820,191.16µm
_23848_,191.06µm
_25482_,191.06µm
_24369_,190.96µm
clknet_leaf_44_clk_i_regs,190.8µm
net1675,190.75µm
_16194_,190.7µm
net1818,190.7µm
clknet_leaf_65_i_core_v_mini_mcu.memory_subsystem_i.clk_cg,190.7µm
clknet_leaf_10_i_core_v_mini_mcu.cpu_subsystem_i.cpu_1_0.clk_i,190.65µm
_09182_,190.6µm
_09284_,190.55µm
i_core_v_mini_mcu.cpu_subsystem_i.cpu_0_0.i_servile.cpu.immdec.gen_immdec_w_eq_1.imm11_7\[3\],190.55µm
net234,190.55µm
_06983_,190.5µm
_08704_,190.5µm
_09915_,190.5µm
_19919_,190.5µm
_16903_,190.45µm
_15086_,190.39µm
net1707,190.37µm
_17594_,190.19µm
clknet_leaf_81_i_core_v_mini_mcu.memory_subsystem_i.clk_cg,190.19µm
_14268_,190.14µm
_15726_,190.14µm
_27954_,190.09µm
_05629_,190.04µm
_23037_,190.04µm
_06850_,189.99µm
net298,189.99µm
net509,189.99µm
_16465_,189.94µm
net195,189.94µm
net309,189.94µm
_18254_,189.89µm
_17632_,189.78µm
i_core_v_mini_mcu.ao_peripheral_slave_resp\[25\],189.77µm
_07787_,189.73µm
clknet_leaf_52_i_core_v_mini_mcu.memory_subsystem_i.clk_cg,189.68µm
net870,189.66µm
_05696_,189.53µm
_06534_,189.53µm
_06931_,189.53µm
net721,189.53µm
_19683_,189.48µm
net1552,189.48µm
net992,189.33µm
_28218_,189.22µm
clknet_leaf_107_i_core_v_mini_mcu.cpu_subsystem_i.cpu_0_0.clk_i,189.22µm
net1075,189.12µm
_14467_,189.07µm
net1049,189.07µm
clknet_leaf_32_i_core_v_mini_mcu.memory_subsystem_i.clk_cg,189.07µm
_27698_,189.02µm
_07851_,188.97µm
_14077_,188.97µm
net1678,188.97µm
_25839_,188.92µm
_05416_,188.87µm
_07988_,188.87µm
_23282_,188.87µm
_26275_,188.87µm
net1807,188.87µm
net991,188.82µm
_22699_,188.77µm
net255,188.72µm
clknet_leaf_70_i_core_v_mini_mcu.memory_subsystem_i.clk_cg,188.56µm
clknet_leaf_66_i_core_v_mini_mcu.memory_subsystem_i.clk_cg,188.51µm
_15629_,188.46µm
_16293_,188.46µm
net304,188.41µm
net1045,188.41µm
_20444_,188.36µm
_27802_,188.36µm
_17590_,188.31µm
net1184,188.31µm
net1363,188.27µm
net1142,188.26µm
net946,188.21µm
_16696_,188.2µm
_12933_,188.16µm
_14470_,188µm
clknet_leaf_5_i_core_v_mini_mcu.peripheral_subsystem_i.clk_cg,187.95µm
i_core_v_mini_mcu.core_data_req\[27\],187.91µm
_09694_,187.9µm
i_core_v_mini_mcu.ao_peripheral_subsystem_i.clint_mtime_o\[57\],187.9µm
_23018_,187.85µm
net448,187.85µm
_19442_,187.8µm
i_core_v_mini_mcu.cpu_subsystem_i.cpu_0_0.i_servile.cpu.immdec.gen_immdec_w_eq_1.imm11_7\[2\],187.8µm
_11060_,187.75µm
net180,187.75µm
clknet_leaf_67_clk_i_regs,187.75µm
_08375_,187.7µm
_24677_,187.7µm
_07761_,187.65µm
net171,187.65µm
_19542_,187.61µm
clknet_leaf_69_i_core_v_mini_mcu.memory_subsystem_i.clk_cg,187.53µm
_16693_,187.39µm
clknet_leaf_7_i_core_v_mini_mcu.memory_subsystem_i.clk_cg,187.39µm
_13359_,187.38µm
_15729_,187.34µm
_20693_,187.34µm
clknet_leaf_33_i_core_v_mini_mcu.cpu_subsystem_i.cpu_0_0.clk_i,187.34µm
_17974_,187.29µm
net1817,187.29µm
clknet_leaf_57_i_core_v_mini_mcu.memory_subsystem_i.clk_cg,187.29µm
_20915_,187.24µm
net1732,187.24µm
_12417_,187.19µm
net1003,187.14µm
_24738_,186.84µm
_07849_,186.78µm
_16526_,186.73µm
_28183_,186.73µm
_18535_,186.68µm
_21952_,186.68µm
net1944,186.68µm
net335,186.58µm
_24662_,186.53µm
_25897_,186.53µm
_28162_,186.48µm
_17119_,186.37µm
_19216_,186.32µm
_16661_,186.27µm
_20739_,186.27µm
clknet_leaf_16_clk_i_regs,186.27µm
_07777_,186.22µm
_17773_,186.22µm
_18993_,186.12µm
_21461_,186.12µm
clknet_leaf_50_clk_i_regs,186.12µm
net850,186.07µm
_25188_,185.97µm
clknet_leaf_108_i_core_v_mini_mcu.cpu_subsystem_i.cpu_0_0.clk_i,185.91µm
clknet_leaf_77_i_core_v_mini_mcu.cpu_subsystem_i.cpu_0_0.clk_i,185.71µm
_09144_,185.61µm
_16597_,185.61µm
_21287_,185.61µm
_21763_,185.61µm
clknet_leaf_9_i_core_v_mini_mcu.memory_subsystem_i.clk_cg,185.61µm
_17349_,185.56µm
_18698_,185.56µm
clknet_leaf_27_i_core_v_mini_mcu.memory_subsystem_i.clk_cg,185.56µm
_23456_,185.51µm
net1160,185.51µm
i_core_v_mini_mcu.memory_subsystem_i.ram0_i.rdata_o\[31\],185.46µm
_08811_,185.36µm
_28158_,185.36µm
net1371,185.36µm
_27692_,185.2µm
clknet_leaf_26_i_core_v_mini_mcu.memory_subsystem_i.clk_cg,185.2µm
_21289_,185.15µm
_24340_,185.1µm
clknet_leaf_71_i_core_v_mini_mcu.cpu_subsystem_i.cpu_0_0.clk_i,185.1µm
_12304_,185.05µm
_14307_,185.05µm
clknet_leaf_9_i_core_v_mini_mcu.peripheral_subsystem_i.clk_cg,185.05µm
_17452_,185µm
_22833_,185µm
net646,185µm
clknet_leaf_30_i_core_v_mini_mcu.memory_subsystem_i.clk_cg,185µm
_07780_,184.95µm
_18557_,184.95µm
net96,184.95µm
net759,184.95µm
net1844,184.95µm
i_core_v_mini_mcu.ao_peripheral_subsystem_i.spi_subsystem_i.obi_spimemio_i.obi_to_picorv32_i.addr_buf\[19\],184.9µm
clknet_leaf_12_i_core_v_mini_mcu.memory_subsystem_i.clk_cg,184.87µm
_06550_,184.85µm
_20784_,184.64µm
net1698,184.59µm
_20409_,184.54µm
_05405_,184.49µm
net1036,184.49µm
net1799,184.49µm
clknet_leaf_0_i_core_v_mini_mcu.memory_subsystem_i.clk_cg,184.49µm
_19611_,184.39µm
_27712_,184.39µm
net319,184.24µm
_06627_,184.08µm
_21135_,183.98µm
_16349_,183.93µm
_17739_,183.93µm
clknet_leaf_11_i_core_v_mini_mcu.cpu_subsystem_i.cpu_1_0.clk_i,183.92µm
_26316_,183.91µm
_18453_,183.88µm
_27672_,183.88µm
clknet_leaf_48_clk_i_regs,183.88µm
clknet_leaf_41_i_core_v_mini_mcu.cpu_subsystem_i.cpu_1_0.clk_i,183.88µm
_15993_,183.83µm
net776,183.83µm
net1531,183.83µm
_18661_,183.78µm
_26272_,183.73µm
_27944_,183.73µm
net126,183.68µm
clknet_leaf_41_i_core_v_mini_mcu.memory_subsystem_i.clk_cg,183.57µm
_07452_,183.52µm
_16727_,183.52µm
_16831_,183.52µm
_17883_,183.52µm
_20989_,183.42µm
clknet_leaf_14_i_core_v_mini_mcu.memory_subsystem_i.clk_cg,183.41µm
_05592_,183.37µm
_07016_,183.37µm
_10574_,183.32µm
_14417_,183.32µm
_17077_,183.32µm
_09306_,183.27µm
_26684_,183.17µm
net123,183.17µm
i_core_v_mini_mcu.ao_peripheral_subsystem_i.spi_subsystem_i.obi_spimemio_i.obi_to_picorv32_i.addr_buf\[14\],183.12µm
_14269_,183.01µm
clknet_leaf_6_clk_i_regs,182.96µm
_23511_,182.91µm
_21814_,182.86µm
_12137_,182.76µm
clknet_leaf_7_i_core_v_mini_mcu.peripheral_subsystem_i.clk_cg,182.76µm
_06360_,182.71µm
_20276_,182.71µm
i_core_v_mini_mcu.ao_peripheral_subsystem_i.power_manager_i.power_manager_reg_top_i.cpu_iso_on_counter_qs\[15\],182.71µm
net334,182.71µm
_25300_,182.66µm
net987,182.66µm
clknet_leaf_30_i_core_v_mini_mcu.peripheral_subsystem_i.clk_cg,182.64µm
_27458_,182.61µm
net1167,182.58µm
_20911_,182.44µm
_15303_,182.43µm
_16866_,182.25µm
_22604_,182.25µm
_25462_,182.25µm
_28256_,182.25µm
net178,182.2µm
_09109_,182.15µm
net1067,182.15µm
_06740_,182.1µm
_07434_,182.1µm
_25105_,182.1µm
i_core_v_mini_mcu.cpu_subsystem_i.cpu_1_0.i_servile.cpu.decode.o_mem_word,182.1µm
_24638_,182.05µm
_28087_,182.05µm
i_core_v_mini_mcu.ao_peripheral_subsystem_i.obi_fifo_i.consumer_data_req\[68\],182.05µm
net1583,182.05µm
_18674_,182µm
clknet_leaf_54_i_core_v_mini_mcu.cpu_subsystem_i.cpu_1_0.clk_i,181.83µm
_21760_,181.79µm
_10655_,181.74µm
_12394_,181.74µm
_16449_,181.69µm
_19572_,181.69µm
i_core_v_mini_mcu.ao_peripheral_subsystem_i.clint_mtime_o\[53\],181.64µm
net1867,181.59µm
_08899_,181.54µm
_18506_,181.54µm
_25250_,181.44µm
clknet_leaf_120_clk_i_regs,181.38µm
_18666_,181.29µm
clknet_leaf_47_clk_i_regs,181.28µm
_21778_,181.23µm
_26126_,181.21µm
_16896_,181.18µm
_20230_,181.18µm
clknet_leaf_83_clk_i_regs,181.18µm
net203,181.08µm
_15958_,181.03µm
_16080_,181.03µm
net478,181.03µm
net648,181.03µm
net264,180.98µm
_09248_,180.93µm
_16513_,180.93µm
net1028,180.93µm
_25149_,180.88µm
net19,180.88µm
net1360,180.88µm
_15183_,180.67µm
_16555_,180.67µm
clknet_leaf_78_i_core_v_mini_mcu.memory_subsystem_i.clk_cg,180.67µm
_22043_,180.62µm
net1596,180.62µm
_23674_,180.52µm
clknet_leaf_102_clk_i_regs,180.52µm
_15625_,180.47µm
_07725_,180.42µm
_09167_,180.11µm
net949,179.91µm
_26125_,179.88µm
_05545_,179.86µm
_09596_,179.86µm
i_core_v_mini_mcu.memory_subsystem_i.ram0_i.rdata_o\[14\],179.86µm
_21979_,179.83µm
_05781_,179.81µm
net1595,179.81µm
clknet_leaf_17_i_core_v_mini_mcu.memory_subsystem_i.clk_cg,179.56µm
_07776_,179.55µm
_15891_,179.55µm
_20565_,179.55µm
net168,179.55µm
_21748_,179.35µm
net1102,179.35µm
i_core_v_mini_mcu.ao_peripheral_subsystem_i.tdu_i.active_hart_cycles_q\[17\],179.3µm
net494,179.3µm
net1934,179.3µm
_19107_,179.25µm
clknet_leaf_22_clk_i_regs,179.04µm
clknet_leaf_58_clk_i_regs,178.99µm
clknet_leaf_61_i_core_v_mini_mcu.cpu_subsystem_i.cpu_0_0.clk_i,178.99µm
clknet_leaf_76_i_core_v_mini_mcu.cpu_subsystem_i.cpu_0_0.clk_i,178.99µm
_17636_,178.94µm
clknet_leaf_88_i_core_v_mini_mcu.cpu_subsystem_i.cpu_1_0.clk_i,178.94µm
i_core_v_mini_mcu.core_data_req\[78\],178.89µm
clknet_leaf_3_clk_i_regs,178.89µm
clknet_leaf_15_i_core_v_mini_mcu.cpu_subsystem_i.cpu_0_0.clk_i,178.89µm
_16053_,178.84µm
net286,178.84µm
net1822,178.84µm
_06925_,178.79µm
_19557_,178.79µm
_19119_,178.69µm
i_core_v_mini_mcu.peripheral_subsystem_i.uart_i.uart_core.tx_out,178.51µm
clknet_leaf_20_clk_i_regs,178.48µm
clknet_leaf_86_clk_i_regs,178.48µm
clknet_leaf_6_i_core_v_mini_mcu.peripheral_subsystem_i.clk_cg,178.43µm
_10703_,178.38µm
_23758_,178.38µm
_20823_,178.33µm
_17456_,178.23µm
net1176,178.23µm
_07900_,178.08µm
_26753_,178.08µm
clknet_leaf_18_i_core_v_mini_mcu.peripheral_subsystem_i.clk_cg,178.02µm
net1682,177.92µm
clknet_leaf_80_i_core_v_mini_mcu.cpu_subsystem_i.cpu_0_0.clk_i,177.87µm
_05653_,177.82µm
_17219_,177.82µm
_08918_,177.77µm
clknet_leaf_10_clk_i_regs,177.77µm
_27699_,177.72µm
_07242_,177.67µm
_26588_,177.67µm
net815,177.67µm
net985,177.67µm
net1181,177.62µm
_27305_,177.52µm
_14886_,177.36µm
_20716_,177.36µm
clknet_leaf_48_i_core_v_mini_mcu.memory_subsystem_i.clk_cg,177.36µm
_22661_,177.31µm
_27990_,177.31µm
clknet_leaf_32_i_core_v_mini_mcu.peripheral_subsystem_i.clk_cg,177.31µm
_13823_,177.26µm
clknet_leaf_49_i_core_v_mini_mcu.memory_subsystem_i.clk_cg,177.26µm
_16934_,177.21µm
_21815_,177.21µm
net1873,177.21µm
i_core_v_mini_mcu.ao_peripheral_slave_resp\[26\],177.16µm
net400,177.16µm
_05945_,177.11µm
_19371_,177.11µm
_25033_,177.11µm
i_core_v_mini_mcu.ao_peripheral_slave_resp\[20\],177.11µm
clknet_leaf_72_clk_i_regs,177.11µm
_16431_,177.06µm
_18570_,177.03µm
_10378_,177.01µm
_18369_,177.01µm
_22991_,177.01µm
_15996_,176.96µm
_26172_,176.96µm
clknet_leaf_54_i_core_v_mini_mcu.memory_subsystem_i.clk_cg,176.8µm
_16834_,176.75µm
clknet_leaf_1_i_core_v_mini_mcu.memory_subsystem_i.clk_cg,176.75µm
_22615_,176.7µm
net318,176.7µm
clknet_leaf_104_i_core_v_mini_mcu.cpu_subsystem_i.cpu_0_0.clk_i,176.7µm
_17597_,176.65µm
_15461_,176.6µm
_20812_,176.6µm
_23647_,176.6µm
net847,176.6µm
_05934_,176.55µm
_18371_,176.55µm
_19257_,176.55µm
net1149,176.55µm
_26480_,176.5µm
net1354,176.5µm
_05763_,176.4µm
_10588_,176.4µm
_19563_,176.4µm
net948,176.4µm
clknet_leaf_0_i_core_v_mini_mcu.peripheral_subsystem_i.clk_cg,176.39µm
i_core_v_mini_mcu.peripheral_subsystem_i.obi_fifo_i.consumer_data_req\[28\],176.27µm
_15539_,176.22µm
_15021_,176.19µm
_16227_,176.14µm
clknet_leaf_60_i_core_v_mini_mcu.memory_subsystem_i.clk_cg,176.14µm
_19567_,176.09µm
net1029,176.04µm
_10772_,175.99µm
net989,175.99µm
_09334_,175.94µm
i_core_v_mini_mcu.peripheral_subsystem_i.obi_fifo_i.consumer_data_req\[8\],175.94µm
_19472_,175.89µm
net324,175.89µm
clknet_leaf_53_i_core_v_mini_mcu.memory_subsystem_i.clk_cg,175.89µm
clknet_leaf_79_i_core_v_mini_mcu.memory_subsystem_i.clk_cg,175.83µm
_17823_,175.73µm
_19744_,175.63µm
net1091,175.63µm
clknet_leaf_19_i_core_v_mini_mcu.memory_subsystem_i.clk_cg,175.63µm
_18267_,175.56µm
net1739,175.53µm
net119,175.48µm
net1758,175.48µm
clknet_leaf_63_clk_i_regs,175.48µm
clknet_leaf_86_i_core_v_mini_mcu.cpu_subsystem_i.cpu_0_0.clk_i,175.48µm
_10405_,175.43µm
_17447_,175.43µm
_18352_,175.43µm
_12364_,175.41µm
_07328_,175.33µm
_07008_,175.28µm
_20088_,175.22µm
clknet_leaf_54_i_core_v_mini_mcu.cpu_subsystem_i.cpu_0_0.clk_i,175.12µm
_24933_,175.02µm
clknet_leaf_64_clk_i_regs,175.02µm
_15894_,174.97µm
_17908_,174.97µm
_18545_,174.92µm
_27688_,174.92µm
net316,174.92µm
net1619,174.92µm
net1703,174.92µm
i_core_v_mini_mcu.memory_subsystem_i.ram0_i.rdata_o\[24\],174.87µm
_07586_,174.82µm
net315,174.82µm
_23114_,174.77µm
i_core_v_mini_mcu.memory_subsystem_i.ram0_i.rdata_o\[15\],174.77µm
_18375_,174.72µm
net1553,174.69µm
clknet_leaf_49_clk_i_regs,174.61µm
i_core_v_mini_mcu.peripheral_subsystem_i.uart_i.uart_core.rx_valid,174.56µm
_14883_,174.51µm
_20568_,174.51µm
clknet_leaf_55_i_core_v_mini_mcu.memory_subsystem_i.clk_cg,174.51µm
_09161_,174.46µm
clknet_leaf_8_i_core_v_mini_mcu.memory_subsystem_i.clk_cg,174.46µm
_07914_,174.41µm
i_core_v_mini_mcu.ao_peripheral_slave_resp\[22\],174.41µm
clknet_leaf_76_clk_i_regs,174.41µm
_08805_,174.36µm
_28060_,174.36µm
_07691_,174.31µm
net1859,174.31µm
_08436_,174.26µm
_18640_,174.21µm
net500,174.21µm
_07648_,174.16µm
_09150_,174.05µm
clknet_leaf_58_i_core_v_mini_mcu.memory_subsystem_i.clk_cg,174.05µm
_13815_,173.95µm
_17506_,173.95µm
i_core_v_mini_mcu.ao_peripheral_subsystem_i.power_manager_i.power_manager_reg_top_i.cpu_reset_assert_counter_qs\[14\],173.9µm
clknet_leaf_34_clk_i_regs,173.9µm
net1704,173.85µm
_11244_,173.8µm
_15053_,173.8µm
net211,173.8µm
net1567,173.8µm
_19137_,173.75µm
i_core_v_mini_mcu.ao_peripheral_subsystem_i.power_manager_i.power_manager_reg_top_i.cpu_iso_on_counter_qs\[3\],173.75µm
_19135_,173.7µm
net623,173.7µm
net1829,173.7µm
_22681_,173.65µm
_06368_,173.6µm
_24693_,173.6µm
_10552_,173.49µm
_16968_,173.49µm
clknet_leaf_65_clk_i_regs,173.44µm
i_core_v_mini_mcu.peripheral_subsystem_i.obi_fifo_i.consumer_data_req\[4\],173.42µm
net1557,173.38µm
_16971_,173.34µm
_22653_,173.29µm
_21332_,173.24µm
_10375_,173.19µm
_22655_,173.14µm
net254,173.09µm
net321,173.09µm
clknet_leaf_16_i_core_v_mini_mcu.memory_subsystem_i.clk_cg,172.88µm
clknet_leaf_67_i_core_v_mini_mcu.memory_subsystem_i.clk_cg,172.83µm
net544,172.78µm
clknet_leaf_36_i_core_v_mini_mcu.cpu_subsystem_i.cpu_0_0.clk_i,172.78µm
_20084_,172.73µm
_23690_,172.63µm
_06698_,172.58µm
net580,172.58µm
net1177,172.58µm
_21379_,172.53µm
i_core_v_mini_mcu.ao_peripheral_subsystem_i.power_manager_i.power_manager_reg_top_i.cpu_iso_on_counter_qs\[9\],172.53µm
net1139,172.53µm
net1155,172.48µm
_14131_,172.47µm
clknet_leaf_12_clk_i_regs,172.42µm
_09398_,172.35µm
_07095_,172.32µm
_07927_,172.27µm
clknet_leaf_114_clk_i_regs,172.27µm
clknet_leaf_13_i_core_v_mini_mcu.memory_subsystem_i.clk_cg,172.27µm
_14060_,172.25µm
_19554_,172.22µm
clknet_leaf_10_i_core_v_mini_mcu.cpu_subsystem_i.cpu_0_0.clk_i,172.22µm
_20961_,172.12µm
net323,172.12µm
_14362_,172.07µm
_19006_,172.07µm
_24947_,172.07µm
clknet_leaf_77_clk_i_regs,172.07µm
_10577_,171.97µm
_18586_,171.92µm
_28156_,171.92µm
clknet_leaf_46_i_core_v_mini_mcu.cpu_subsystem_i.cpu_1_0.clk_i,171.91µm
_07050_,171.76µm
_17417_,171.76µm
clknet_leaf_85_i_core_v_mini_mcu.memory_subsystem_i.clk_cg,171.76µm
net1825,171.71µm
clknet_leaf_18_i_core_v_mini_mcu.memory_subsystem_i.clk_cg,171.65µm
clknet_leaf_74_i_core_v_mini_mcu.cpu_subsystem_i.cpu_0_0.clk_i,171.61µm
_23041_,171.51µm
_08689_,171.46µm
_12740_,171.46µm
_18203_,171.46µm
i_core_v_mini_mcu.ao_peripheral_subsystem_i.power_manager_i.power_manager_reg_top_i.cpu_reset_assert_counter_qs\[6\],171.46µm
net1483,171.46µm
clknet_leaf_15_clk_i_regs,171.46µm
clknet_leaf_51_i_core_v_mini_mcu.memory_subsystem_i.clk_cg,171.46µm
_06157_,171.41µm
i_core_v_mini_mcu.ao_peripheral_subsystem_i.power_manager_i.power_manager_reg_top_i.cpu_reset_assert_counter_qs\[10\],171.41µm
_17206_,171.15µm
_27705_,171.15µm
clknet_leaf_7_i_core_v_mini_mcu.cpu_subsystem_i.cpu_1_0.clk_i,171.15µm
_19601_,171.05µm
i_core_v_mini_mcu.memory_subsystem_i.ram0_i.rdata_o\[28\],171.05µm
clknet_leaf_26_i_core_v_mini_mcu.cpu_subsystem_i.cpu_1_0.clk_i,171.05µm
_12142_,171µm
_15341_,170.95µm
i_core_v_mini_mcu.system_bus_i.gen_demux_xbar\[1\].demux_xbar_i.u_xbar_varlat.gen_inputs\[0\].i_addr_dec_resp_mux.gen_several_outputs.bank_sel_q,170.95µm
_05635_,170.9µm
_18301_,170.9µm
clknet_leaf_72_i_core_v_mini_mcu.memory_subsystem_i.clk_cg,170.9µm
_06404_,170.8µm
net1887,170.8µm
net1832,170.54µm
_07098_,170.49µm
_19483_,170.49µm
clknet_leaf_51_clk_i_regs,170.49µm
_21371_,170.45µm
_21755_,170.44µm
_21460_,170.39µm
_22703_,170.39µm
clknet_leaf_77_i_core_v_mini_mcu.memory_subsystem_i.clk_cg,170.39µm
_15962_,170.34µm
_26273_,170.34µm
i_core_v_mini_mcu.peripheral_subsystem_i.obi_fifo_i.consumer_data_req\[6\],170.34µm
_18494_,170.24µm
clknet_leaf_24_i_core_v_mini_mcu.cpu_subsystem_i.cpu_0_0.clk_i,170.23µm
clknet_leaf_21_i_core_v_mini_mcu.memory_subsystem_i.clk_cg,170.08µm
_15457_,170.03µm
clknet_leaf_20_i_core_v_mini_mcu.memory_subsystem_i.clk_cg,170.03µm
_08657_,169.94µm
_19899_,169.93µm
_20455_,169.93µm
_17821_,169.88µm
i_core_v_mini_mcu.peripheral_subsystem_i.uart_i.reg2hw\[68\],169.88µm
net1740,169.88µm
_08397_,169.83µm
i_core_v_mini_mcu.ao_peripheral_subsystem_i.clint_mtime_o\[25\],169.83µm
net320,169.83µm
net476,169.83µm
_18518_,169.78µm
i_core_v_mini_mcu.core_data_req\[20\],169.78µm
net1752,169.78µm
_19548_,169.73µm
_07598_,169.68µm
_27308_,169.68µm
net1027,169.52µm
clknet_leaf_22_i_core_v_mini_mcu.peripheral_subsystem_i.clk_cg,169.52µm
clknet_leaf_45_i_core_v_mini_mcu.memory_subsystem_i.clk_cg,169.52µm
_14009_,169.47µm
net1791,169.47µm
_18983_,169.42µm
_14916_,169.32µm
_17040_,169.32µm
_18500_,169.32µm
clknet_leaf_56_i_core_v_mini_mcu.cpu_subsystem_i.cpu_1_0.clk_i,169.27µm
_07535_,169.22µm
_08480_,169.22µm
net1151,169.22µm
_11011_,169.17µm
_06049_,169.02µm
_18137_,168.96µm
_17000_,168.86µm
_16774_,168.81µm
_19586_,168.81µm
i_core_v_mini_mcu.cpu_subsystem_i.cpu_1_0.i_servile.cpu.bne_or_bge,168.81µm
clknet_leaf_33_i_core_v_mini_mcu.memory_subsystem_i.clk_cg,168.81µm
clknet_leaf_62_i_core_v_mini_mcu.memory_subsystem_i.clk_cg,168.81µm
_15558_,168.76µm
_12403_,168.71µm
_21283_,168.71µm
net765,168.71µm
_09344_,168.66µm
_11874_,168.66µm
_21451_,168.66µm
net1037,168.66µm
_07736_,168.61µm
_28001_,168.5µm
clknet_leaf_38_i_core_v_mini_mcu.cpu_subsystem_i.cpu_1_0.clk_i,168.4µm
_19868_,168.38µm
i_core_v_mini_mcu.memory_subsystem_i.ram0_i.rdata_o\[30\],168.32µm
_16094_,168.25µm
net1768,168.25µm
clknet_leaf_60_clk_i_regs,168.25µm
_19516_,168.2µm
_07656_,168.15µm
net214,168.15µm
net1693,168.15µm
net1947,168.15µm
_21242_,168.1µm
_16507_,168.05µm
net769,168µm
net1911,167.91µm
net1729,167.84µm
_21706_,167.79µm
clknet_leaf_74_i_core_v_mini_mcu.memory_subsystem_i.clk_cg,167.79µm
_06106_,167.64µm
net717,167.64µm
clknet_leaf_8_clk_i_regs,167.64µm
clknet_leaf_39_i_core_v_mini_mcu.cpu_subsystem_i.cpu_0_0.clk_i,167.64µm
_24504_,167.59µm
net1717,167.59µm
net1875,167.59µm
clknet_leaf_50_i_core_v_mini_mcu.memory_subsystem_i.clk_cg,167.59µm
_07790_,167.57µm
_13997_,167.54µm
net71,167.54µm
_12219_,167.49µm
_20876_,167.49µm
i_core_v_mini_mcu.ao_peripheral_subsystem_i.spi_subsystem_i.obi_spimemio_i.obi_to_picorv32_i.addr_buf\[22\],167.49µm
net1364,167.49µm
_13983_,167.46µm
clknet_leaf_86_i_core_v_mini_mcu.cpu_subsystem_i.cpu_1_0.clk_i,167.28µm
_20900_,167.26µm
clknet_leaf_80_i_core_v_mini_mcu.memory_subsystem_i.clk_cg,167.23µm
_06547_,167.21µm
net78,167.18µm
net1878,167.18µm
clknet_leaf_74_i_core_v_mini_mcu.cpu_subsystem_i.cpu_1_0.clk_i,167.18µm
_16629_,167.17µm
i_core_v_mini_mcu.peripheral_subsystem_i.uart_i.reg2hw\[85\],167.13µm
net767,167.08µm
_05608_,166.98µm
_07913_,166.98µm
_09243_,166.93µm
_15692_,166.77µm
clknet_leaf_51_i_core_v_mini_mcu.cpu_subsystem_i.cpu_1_0.clk_i,166.77µm
clknet_leaf_103_i_core_v_mini_mcu.cpu_subsystem_i.cpu_1_0.clk_i,166.77µm
_16838_,166.67µm
_08802_,166.62µm
net345,166.62µm
net1952,166.62µm
_15190_,166.57µm
_15829_,166.52µm
_24319_,166.52µm
clknet_leaf_67_i_core_v_mini_mcu.cpu_subsystem_i.cpu_1_0.clk_i,166.51µm
_19391_,166.47µm
net656,166.47µm
net766,166.47µm
_07385_,166.42µm
net999,166.42µm
net455,166.37µm
net1806,166.37µm
_14524_,166.27µm
_17871_,166.24µm
_07096_,166.16µm
net1720,166.14µm
clknet_leaf_16_i_core_v_mini_mcu.cpu_subsystem_i.cpu_0_0.clk_i,166.06µm
_23507_,166.01µm
net179,166.01µm
clknet_leaf_94_i_core_v_mini_mcu.cpu_subsystem_i.cpu_0_0.clk_i,166.01µm
_22038_,165.96µm
_23046_,165.96µm
net33,165.96µm
net1785,165.96µm
_07773_,165.91µm
_26029_,165.91µm
net101,165.91µm
clknet_leaf_31_i_core_v_mini_mcu.cpu_subsystem_i.cpu_1_0.clk_i,165.91µm
_15734_,165.88µm
_25569_,165.81µm
i_core_v_mini_mcu.ao_peripheral_slave_resp\[21\],165.81µm
_28017_,165.76µm
net1721,165.68µm
_21703_,165.65µm
_22831_,165.6µm
net1943,165.5µm
_07920_,165.45µm
net1708,165.45µm
clknet_leaf_114_i_core_v_mini_mcu.cpu_subsystem_i.cpu_0_0.clk_i,165.45µm
_07495_,165.4µm
clknet_leaf_73_i_core_v_mini_mcu.cpu_subsystem_i.cpu_0_0.clk_i,165.4µm
_05855_,165.35µm
_07120_,165.35µm
net1766,165.35µm
_10363_,165.3µm
_07713_,165.25µm
_23462_,165.25µm
_25404_,165.25µm
net998,165.25µm
_21336_,165.12µm
clknet_leaf_50_i_core_v_mini_mcu.cpu_subsystem_i.cpu_0_0.clk_i,165.09µm
clknet_leaf_101_i_core_v_mini_mcu.cpu_subsystem_i.cpu_0_0.clk_i,165.09µm
net1795,164.99µm
clknet_leaf_21_clk_i_regs,164.99µm
clknet_leaf_102_i_core_v_mini_mcu.cpu_subsystem_i.cpu_0_0.clk_i,164.95µm
_06935_,164.94µm
_17216_,164.94µm
clknet_leaf_6_i_core_v_mini_mcu.cpu_subsystem_i.cpu_1_0.clk_i,164.94µm
_25322_,164.9µm
_27717_,164.89µm
net1688,164.89µm
clknet_leaf_71_i_core_v_mini_mcu.cpu_subsystem_i.cpu_1_0.clk_i,164.89µm
i_core_v_mini_mcu.ao_peripheral_subsystem_i.clint_mtime_o\[54\],164.84µm
net1736,164.81µm
net1854,164.79µm
clknet_leaf_24_i_core_v_mini_mcu.memory_subsystem_i.clk_cg,164.78µm
net479,164.74µm
net1150,164.74µm
_12960_,164.69µm
_25324_,164.69µm
i_core_v_mini_mcu.peripheral_subsystem_clkgate_en_n,164.69µm
_08117_,164.64µm
clknet_leaf_32_i_core_v_mini_mcu.cpu_subsystem_i.cpu_0_0.clk_i,164.57µm
_15695_,164.38µm
_23936_,164.33µm
_20369_,164.28µm
_09437_,164.23µm
_18455_,164.23µm
_18635_,164.23µm
net737,164.23µm
_09360_,164.18µm
net642,164.18µm
_21338_,164.15µm
_28068_,164.13µm
_08714_,164.08µm
_25430_,163.92µm
_09207_,163.87µm
clknet_leaf_15_i_core_v_mini_mcu.peripheral_subsystem_i.clk_cg,163.87µm
_23020_,163.82µm
clknet_leaf_47_i_core_v_mini_mcu.memory_subsystem_i.clk_cg,163.82µm
_06967_,163.72µm
_16519_,163.72µm
_20979_,163.72µm
_28020_,163.72µm
i_core_v_mini_mcu.ao_peripheral_subsystem_i.obi_fifo_i.consumer_data_req\[37\],163.72µm
net289,163.72µm
clknet_leaf_52_i_core_v_mini_mcu.cpu_subsystem_i.cpu_1_0.clk_i,163.72µm
clknet_leaf_94_i_core_v_mini_mcu.cpu_subsystem_i.cpu_1_0.clk_i,163.71µm
_14325_,163.69µm
net288,163.67µm
_17185_,163.62µm
_17673_,163.62µm
_09238_,163.57µm
_18278_,163.57µm
_10425_,163.52µm
clknet_leaf_21_i_core_v_mini_mcu.cpu_subsystem_i.cpu_0_0.clk_i,163.44µm
clknet_leaf_97_i_core_v_mini_mcu.cpu_subsystem_i.cpu_1_0.clk_i,163.26µm
_15089_,163.21µm
i_core_v_mini_mcu.ao_peripheral_subsystem_i.spi_subsystem_i.obi_spimemio_i.obi_to_picorv32_i.obi_resp_o\[21\],163.16µm
_05860_,163.11µm
_07625_,163.11µm
_24194_,163.11µm
_07408_,163.06µm
_08437_,163.06µm
_19578_,163.06µm
net1540,163.06µm
_15187_,163.03µm
_26933_,163.01µm
_28027_,163.01µm
net480,163.01µm
net696,163.01µm
clknet_leaf_77_i_core_v_mini_mcu.cpu_subsystem_i.cpu_1_0.clk_i,162.9µm
clknet_leaf_61_i_core_v_mini_mcu.memory_subsystem_i.clk_cg,162.85µm
_10437_,162.8µm
_23269_,162.75µm
_16714_,162.65µm
net1786,162.65µm
_15061_,162.62µm
_05547_,162.6µm
_23023_,162.6µm
_25347_,162.6µm
_08809_,162.55µm
_19538_,162.55µm
_27716_,162.55µm
clknet_leaf_14_clk_i_regs,162.55µm
clknet_leaf_21_i_core_v_mini_mcu.peripheral_subsystem_i.clk_cg,162.55µm
_10554_,162.5µm
_06523_,162.45µm
_08497_,162.45µm
net196,162.45µm
net1812,162.45µm
_28013_,162.4µm
_28064_,162.4µm
clknet_leaf_20_i_core_v_mini_mcu.cpu_subsystem_i.cpu_1_0.clk_i,162.24µm
_14249_,162.22µm
_19673_,162.09µm
net28,162.09µm
clknet_leaf_73_i_core_v_mini_mcu.memory_subsystem_i.clk_cg,162.09µm
_20995_,162.04µm
_23254_,161.99µm
_24540_,161.99µm
net322,161.99µm
_05719_,161.94µm
clknet_leaf_89_i_core_v_mini_mcu.cpu_subsystem_i.cpu_1_0.clk_i,161.94µm
_07574_,161.89µm
_26731_,161.86µm
_14320_,161.83µm
clknet_leaf_76_i_core_v_mini_mcu.memory_subsystem_i.clk_cg,161.83µm
clknet_leaf_57_i_core_v_mini_mcu.cpu_subsystem_i.cpu_1_0.clk_i,161.77µm
_14897_,161.76µm
_15859_,161.73µm
clknet_leaf_66_i_core_v_mini_mcu.cpu_subsystem_i.cpu_1_0.clk_i,161.73µm
_27860_,161.68µm
net1744,161.63µm
clknet_leaf_93_clk_i_regs,161.63µm
clknet_leaf_28_i_core_v_mini_mcu.peripheral_subsystem_i.clk_cg,161.63µm
net1899,161.58µm
_05565_,161.53µm
_15974_,161.53µm
_19123_,161.53µm
net317,161.43µm
clknet_leaf_88_clk_i_regs,161.43µm
clknet_leaf_23_i_core_v_mini_mcu.cpu_subsystem_i.cpu_0_0.clk_i,161.43µm
_15762_,161.38µm
i_core_v_mini_mcu.ao_peripheral_subsystem_i.power_manager_i.power_manager_reg_top_i.cpu_iso_on_counter_qs\[6\],161.38µm
net220,161.38µm
_07336_,161.33µm
_17736_,161.17µm
clknet_leaf_57_clk_i_regs,161.12µm
clknet_leaf_83_i_core_v_mini_mcu.memory_subsystem_i.clk_cg,161.12µm
clknet_leaf_5_i_core_v_mini_mcu.cpu_subsystem_i.cpu_1_0.clk_i,161.12µm
clknet_leaf_63_i_core_v_mini_mcu.cpu_subsystem_i.cpu_0_0.clk_i,161.12µm
clknet_leaf_56_i_core_v_mini_mcu.memory_subsystem_i.clk_cg,161.07µm
_17670_,160.92µm
net1942,160.92µm
_07207_,160.82µm
_10212_,160.77µm
_12985_,160.77µm
_28149_,160.77µm
_13819_,160.74µm
_28146_,160.72µm
_07786_,160.61µm
_10631_,160.41µm
net1763,160.41µm
clknet_leaf_40_clk_i_regs,160.41µm
clknet_leaf_103_clk_i_regs,160.41µm
net1719,160.36µm
_18636_,160.31µm
_20066_,160.31µm
_21694_,160.31µm
i_core_v_mini_mcu.core_data_req\[22\],160.31µm
net189,160.31µm
net197,160.26µm
net1179,160.26µm
clknet_leaf_85_clk_i_regs,160.26µm
_18560_,160.21µm
net204,160.21µm
net297,160.21µm
_10033_,160.16µm
net1382,159.98µm
_23407_,159.95µm
clknet_leaf_13_i_core_v_mini_mcu.cpu_subsystem_i.cpu_0_0.clk_i,159.95µm
clknet_leaf_3_i_core_v_mini_mcu.cpu_subsystem_i.cpu_1_0.clk_i,159.9µm
net1930,159.85µm
clknet_leaf_100_clk_i_regs,159.85µm
_14978_,159.8µm
clknet_leaf_71_i_core_v_mini_mcu.memory_subsystem_i.clk_cg,159.8µm
_08817_,159.75µm
_17003_,159.75µm
clknet_leaf_0_i_core_v_mini_mcu.cpu_subsystem_i.cpu_1_0.clk_i,159.75µm
i_core_v_mini_mcu.ao_peripheral_subsystem_i.spi_subsystem_i.obi_spimemio_i.obi_to_picorv32_i.addr_buf\[17\],159.7µm
net1685,159.7µm
_14108_,159.67µm
_20917_,159.67µm
_25344_,159.65µm
_23798_,159.62µm
clknet_leaf_56_i_core_v_mini_mcu.cpu_subsystem_i.cpu_0_0.clk_i,159.39µm
_19533_,159.34µm
clknet_leaf_5_i_core_v_mini_mcu.memory_subsystem_i.clk_cg,159.34µm
net1696,159.29µm
_09319_,159.24µm
_14198_,159.24µm
_22682_,159.24µm
_23659_,159.24µm
i_core_v_mini_mcu.ao_peripheral_subsystem_i.spi_subsystem_i.obi_spimemio_i.obi_to_picorv32_i.addr_buf\[2\],159.19µm
_07897_,159.14µm
_14213_,159.14µm
_14985_,159.14µm
_22343_,159.09µm
_24588_,159.09µm
_26745_,159.09µm
net555,159.09µm
_25045_,159.04µm
clknet_leaf_68_i_core_v_mini_mcu.memory_subsystem_i.clk_cg,158.94µm
_19703_,158.88µm
net1894,158.88µm
_07010_,158.78µm
clknet_leaf_80_i_core_v_mini_mcu.cpu_subsystem_i.cpu_1_0.clk_i,158.78µm
_12601_,158.73µm
clknet_leaf_101_i_core_v_mini_mcu.cpu_subsystem_i.cpu_1_0.clk_i,158.73µm
_20279_,158.68µm
net87,158.63µm
_09422_,158.58µm
net1180,158.53µm
i_core_v_mini_mcu.ao_peripheral_subsystem_i.spi_subsystem_i.obi_spimemio_i.obi_to_picorv32_i.obi_resp_o\[22\],158.52µm
_06862_,158.48µm
_08799_,158.48µm
_19095_,158.48µm
_14278_,158.27µm
_21114_,158.22µm
_27720_,158.22µm
net672,158.17µm
clknet_leaf_81_clk_i_regs,158.17µm
_19186_,158.12µm
_19909_,158.12µm
_21284_,158.12µm
_09516_,158.07µm
_14040_,158.07µm
_20368_,158.07µm
_17642_,158.02µm
_26196_,158.02µm
_22860_,157.97µm
_24479_,157.97µm
_25036_,157.92µm
_26677_,157.92µm
i_core_v_mini_mcu.ao_peripheral_subsystem_i.spi_subsystem_i.obi_spimemio_i.obi_to_picorv32_i.addr_buf\[9\],157.92µm
clknet_leaf_71_clk_i_regs,157.91µm
clknet_leaf_12_i_core_v_mini_mcu.cpu_subsystem_i.cpu_1_0.clk_i,157.81µm
clknet_leaf_84_i_core_v_mini_mcu.cpu_subsystem_i.cpu_1_0.clk_i,157.76µm
clknet_leaf_48_i_core_v_mini_mcu.cpu_subsystem_i.cpu_0_0.clk_i,157.76µm
clknet_leaf_8_i_core_v_mini_mcu.cpu_subsystem_i.cpu_0_0.clk_i,157.71µm
_16937_,157.66µm
clknet_leaf_86_i_core_v_mini_mcu.memory_subsystem_i.clk_cg,157.66µm
_14392_,157.64µm
_05423_,157.61µm
_06855_,157.61µm
_07142_,157.56µm
_06810_,157.51µm
_09702_,157.51µm
_14103_,157.46µm
_23667_,157.46µm
_12246_,157.41µm
_25861_,157.41µm
net495,157.41µm
_08399_,157.36µm
_28100_,157.36µm
net1025,157.36µm
_16136_,157.23µm
clknet_leaf_11_clk_i_regs,157.2µm
clknet_leaf_73_i_core_v_mini_mcu.cpu_subsystem_i.cpu_1_0.clk_i,157.15µm
clknet_leaf_79_i_core_v_mini_mcu.cpu_subsystem_i.cpu_1_0.clk_i,157.15µm
_27695_,157.05µm
net1886,157.05µm
net1953,157µm
clknet_leaf_106_i_core_v_mini_mcu.cpu_subsystem_i.cpu_0_0.clk_i,157µm
_12305_,156.95µm
_16747_,156.95µm
_20035_,156.95µm
_09269_,156.9µm
_11077_,156.9µm
i_core_v_mini_mcu.ao_peripheral_subsystem_i.power_manager_i.power_manager_reg_top_i.cpu_reset_assert_counter_qs\[12\],156.9µm
net387,156.9µm
clknet_leaf_110_i_core_v_mini_mcu.cpu_subsystem_i.cpu_0_0.clk_i,156.9µm
_25561_,156.87µm
_26310_,156.86µm
_10359_,156.85µm
_12425_,156.85µm
_24480_,156.85µm
_26589_,156.85µm
i_core_v_mini_mcu.memory_subsystem_i.ram0_i.rdata_o\[29\],156.85µm
_26866_,156.8µm
_20991_,156.64µm
clknet_leaf_69_i_core_v_mini_mcu.cpu_subsystem_i.cpu_0_0.clk_i,156.64µm
_10551_,156.62µm
clknet_leaf_35_i_core_v_mini_mcu.cpu_subsystem_i.cpu_0_0.clk_i,156.59µm
_21733_,156.54µm
clknet_leaf_106_clk_i_regs,156.54µm
clknet_leaf_18_i_core_v_mini_mcu.cpu_subsystem_i.cpu_0_0.clk_i,156.54µm
net1065,156.49µm
clknet_leaf_68_clk_i_regs,156.49µm
clknet_leaf_59_i_core_v_mini_mcu.cpu_subsystem_i.cpu_1_0.clk_i,156.49µm
_06923_,156.44µm
net307,156.39µm
net330,156.39µm
_18384_,156.34µm
net251,156.34µm
net1026,156.34µm
_09165_,156.29µm
_18348_,156.29µm
clknet_leaf_88_i_core_v_mini_mcu.cpu_subsystem_i.cpu_0_0.clk_i,156.13µm
_21363_,155.98µm
net1767,155.93µm
_14055_,155.9µm
_18613_,155.88µm
_25959_,155.88µm
net1916,155.88µm
_19550_,155.83µm
_24484_,155.83µm
clknet_leaf_3_i_core_v_mini_mcu.memory_subsystem_i.clk_cg,155.83µm
clknet_leaf_64_i_core_v_mini_mcu.cpu_subsystem_i.cpu_0_0.clk_i,155.83µm
_08742_,155.78µm
i_core_v_mini_mcu.ao_peripheral_subsystem_i.power_manager_i.power_manager_reg_top_i.cpu_switch_off_counter_qs\[12\],155.78µm
_04633_,155.73µm
_26789_,155.68µm
_13992_,155.67µm
_16097_,155.62µm
_16594_,155.52µm
_23819_,155.52µm
clknet_leaf_83_i_core_v_mini_mcu.cpu_subsystem_i.cpu_0_0.clk_i,155.52µm
net1679,155.42µm
clknet_leaf_32_i_core_v_mini_mcu.cpu_subsystem_i.cpu_1_0.clk_i,155.42µm
clknet_leaf_43_i_core_v_mini_mcu.cpu_subsystem_i.cpu_1_0.clk_i,155.42µm
clknet_leaf_25_i_core_v_mini_mcu.cpu_subsystem_i.cpu_1_0.clk_i,155.41µm
_23011_,155.37µm
_14988_,155.32µm
net1712,155.32µm
net1773,155.32µm
clknet_leaf_112_i_core_v_mini_mcu.cpu_subsystem_i.cpu_0_0.clk_i,155.32µm
_23265_,155.27µm
net584,155.27µm
clknet_leaf_70_clk_i_regs,155.27µm
_27674_,155.26µm
_15133_,155.22µm
_28092_,155.22µm
_24845_,155.17µm
net26,155.17µm
delaynet_1_clk_i,155.17µm
_14405_,154.91µm
_26167_,154.87µm
_21343_,154.86µm
_22821_,154.86µm
_23371_,154.86µm
net1788,154.86µm
_09653_,154.81µm
_16510_,154.76µm
_21344_,154.76µm
_21454_,154.76µm
_20366_,154.71µm
net1909,154.71µm
net1912,154.71µm
_09922_,154.66µm
_18247_,154.66µm
clknet_leaf_45_i_core_v_mini_mcu.cpu_subsystem_i.cpu_0_0.clk_i,154.63µm
_25719_,154.61µm
_26612_,154.61µm
net608,154.61µm
_25436_,154.56µm
_23411_,154.35µm
_27751_,154.3µm
net1672,154.25µm
net190,154.2µm
net641,154.2µm
clknet_leaf_11_i_core_v_mini_mcu.memory_subsystem_i.clk_cg,154.2µm
_18624_,154.15µm
net111,154.15µm
net1792,154.15µm
i_core_v_mini_mcu.ao_peripheral_subsystem_i.spi_subsystem_i.obi_spimemio_i.obi_to_picorv32_i.addr_buf\[7\],154.1µm
_18503_,154.05µm
_24746_,154.05µm
clknet_leaf_69_clk_i_regs,154.05µm
_08462_,154µm
_10421_,154µm
_25458_,154µm
net582,154µm
_16090_,153.94µm
clknet_leaf_35_i_core_v_mini_mcu.memory_subsystem_i.clk_cg,153.94µm
clknet_leaf_48_i_core_v_mini_mcu.cpu_subsystem_i.cpu_1_0.clk_i,153.89µm
clknet_leaf_98_i_core_v_mini_mcu.cpu_subsystem_i.cpu_1_0.clk_i,153.89µm
_19621_,153.74µm
net198,153.74µm
clknet_leaf_92_i_core_v_mini_mcu.cpu_subsystem_i.cpu_0_0.clk_i,153.74µm
_21282_,153.69µm
net1904,153.64µm
i_core_v_mini_mcu.ao_peripheral_subsystem_i.tdu_i.active_hart_cycles_q\[14\],153.59µm
_08976_,153.54µm
_25417_,153.54µm
_08651_,153.49µm
_14054_,153.49µm
net1665,153.49µm
_14775_,153.38µm
clknet_leaf_2_i_core_v_mini_mcu.cpu_subsystem_i.cpu_1_0.clk_i,153.23µm
net493,153.19µm
_17940_,153.13µm
_23249_,153.13µm
_24329_,153.13µm
clknet_leaf_17_i_core_v_mini_mcu.cpu_subsystem_i.cpu_0_0.clk_i,153.13µm
_19535_,153.08µm
i_core_v_mini_mcu.peripheral_subsystem_i.uart_i.reg2hw\[84\],153.08µm
net1064,153.08µm
_05634_,153.03µm
net1677,153.03µm
clknet_leaf_26_i_core_v_mini_mcu.cpu_subsystem_i.cpu_0_0.clk_i,153.03µm
_05632_,152.98µm
_19544_,152.98µm
_23008_,152.98µm
net1737,152.98µm
net1828,152.98µm
clknet_leaf_103_i_core_v_mini_mcu.cpu_subsystem_i.cpu_0_0.clk_i,152.98µm
_07727_,152.93µm
_19642_,152.93µm
_22385_,152.93µm
i_core_v_mini_mcu.peripheral_subsystem_i.obi_fifo_i.consumer_data_req\[31\],152.93µm
clknet_leaf_59_i_core_v_mini_mcu.memory_subsystem_i.clk_cg,152.78µm
_23268_,152.77µm
clknet_leaf_9_clk_i_regs,152.62µm
_14656_,152.57µm
clknet_leaf_62_i_core_v_mini_mcu.cpu_subsystem_i.cpu_0_0.clk_i,152.57µm
clknet_leaf_68_i_core_v_mini_mcu.cpu_subsystem_i.cpu_0_0.clk_i,152.57µm
net1367,152.52µm
_14119_,152.47µm
i_core_v_mini_mcu.peripheral_subsystem_i.uart_i.reg2hw\[69\],152.47µm
net577,152.47µm
net990,152.47µm
net1936,152.47µm
clknet_leaf_85_i_core_v_mini_mcu.cpu_subsystem_i.cpu_0_0.clk_i,152.47µm
_10607_,152.42µm
net988,152.42µm
net1741,152.42µm
_27029_,152.37µm
_14413_,152.36µm
_10207_,152.32µm
_17150_,152.1µm
_18897_,152.06µm
_17086_,152.01µm
clknet_leaf_124_clk_i_regs,152.01µm
clknet_leaf_53_i_core_v_mini_mcu.cpu_subsystem_i.cpu_0_0.clk_i,152.01µm
_07329_,151.96µm
_13820_,151.96µm
_13937_,151.96µm
_21372_,151.96µm
i_core_v_mini_mcu.ao_peripheral_subsystem_i.power_manager_i.power_manager_reg_top_i.cpu_reset_assert_counter_qs\[5\],151.96µm
_10024_,151.91µm
_20172_,151.91µm
_26144_,151.91µm
net47,151.91µm
_18577_,151.86µm
net579,151.86µm
i_core_v_mini_mcu.core_data_req\[23\],151.81µm
_19734_,151.5µm
clknet_leaf_98_i_core_v_mini_mcu.cpu_subsystem_i.cpu_0_0.clk_i,151.46µm
_19320_,151.4µm
net1674,151.4µm
net1190,151.35µm
_19090_,151.3µm
_25820_,151.3µm
net173,151.3µm
_05988_,151.25µm
_07404_,151.25µm
_23246_,151.25µm
i_core_v_mini_mcu.ao_peripheral_subsystem_i.power_manager_i.power_manager_reg_top_i.cpu_iso_on_counter_qs\[12\],151.25µm
net81,151.25µm
net612,151.25µm
net1178,151.25µm
net142,151.17µm
_12391_,151.12µm
clknet_leaf_38_i_core_v_mini_mcu.cpu_subsystem_i.cpu_0_0.clk_i,151.09µm
clknet_leaf_3_i_core_v_mini_mcu.cpu_subsystem_i.cpu_0_0.clk_i,151.04µm
net1592,150.99µm
net1937,150.99µm
clknet_leaf_81_i_core_v_mini_mcu.cpu_subsystem_i.cpu_0_0.clk_i,150.99µm
_21345_,150.94µm
_23779_,150.94µm
clknet_leaf_19_i_core_v_mini_mcu.cpu_subsystem_i.cpu_1_0.clk_i,150.94µm
_25515_,150.92µm
_17937_,150.89µm
clknet_leaf_62_clk_i_regs,150.84µm
_16230_,150.79µm
_16797_,150.79µm
_14048_,150.74µm
_19113_,150.74µm
_28031_,150.74µm
i_core_v_mini_mcu.ao_peripheral_subsystem_i.power_manager_i.power_manager_reg_top_i.cpu_reset_deassert_counter_qs\[14\],150.74µm
_18732_,150.69µm
_19561_,150.69µm
_26136_,150.69µm
_26950_,150.69µm
i_core_v_mini_mcu.ao_peripheral_subsystem_i.power_manager_i.power_manager_reg_top_i.cpu_switch_off_counter_qs\[11\],150.69µm
_18412_,150.64µm
_26812_,150.64µm
_08137_,150.52µm
_16452_,150.51µm
clknet_leaf_24_clk_i_regs,150.48µm
clknet_leaf_10_i_core_v_mini_mcu.peripheral_subsystem_i.clk_cg,150.48µm
clknet_leaf_60_i_core_v_mini_mcu.cpu_subsystem_i.cpu_1_0.clk_i,150.48µm
clknet_leaf_96_clk_i_regs,150.43µm
_17707_,150.38µm
net239,150.38µm
clknet_leaf_75_i_core_v_mini_mcu.cpu_subsystem_i.cpu_1_0.clk_i,150.38µm
_23783_,150.33µm
clknet_leaf_46_i_core_v_mini_mcu.memory_subsystem_i.clk_cg,150.33µm
_18907_,150.28µm
net1797,150.28µm
_15176_,150.23µm
_19848_,150.23µm
_25077_,150.23µm
_27648_,150.23µm
_27711_,150.23µm
net774,150.18µm
net1861,150.18µm
_06813_,150.13µm
_14519_,150.13µm
net1805,150.13µm
_07523_,150.08µm
i_core_v_mini_mcu.ao_peripheral_subsystem_i.spi_subsystem_i.obi_spimemio_i.spimemio_i.din_data\[1\],150.08µm
clknet_leaf_70_i_core_v_mini_mcu.cpu_subsystem_i.cpu_0_0.clk_i,150.07µm
_14703_,149.87µm
clknet_leaf_4_i_core_v_mini_mcu.cpu_subsystem_i.cpu_0_0.clk_i,149.87µm
_09231_,149.82µm
_10988_,149.82µm
_20950_,149.82µm
net770,149.82µm
_06942_,149.72µm
net1903,149.72µm
clknet_leaf_12_i_core_v_mini_mcu.cpu_subsystem_i.cpu_0_0.clk_i,149.67µm
_06513_,149.62µm
_18097_,149.62µm
clknet_leaf_34_i_core_v_mini_mcu.cpu_subsystem_i.cpu_0_0.clk_i,149.62µm
_16459_,149.57µm
net614,149.57µm
net622,149.57µm
_24995_,149.52µm
clknet_leaf_7_i_core_v_mini_mcu.cpu_subsystem_i.cpu_0_0.clk_i,149.41µm
_23660_,149.26µm
net1880,149.26µm
clknet_leaf_55_clk_i_regs,149.26µm
clknet_leaf_64_i_core_v_mini_mcu.memory_subsystem_i.clk_cg,149.26µm
clknet_leaf_49_i_core_v_mini_mcu.cpu_subsystem_i.cpu_1_0.clk_i,149.21µm
_20454_,149.16µm
net237,149.16µm
clknet_leaf_46_i_core_v_mini_mcu.cpu_subsystem_i.cpu_0_0.clk_i,149.16µm
_26877_,149.11µm
net1848,149.11µm
_09925_,149.06µm
_24896_,149.06µm
_26747_,149.06µm
net312,149.06µm
_07669_,149.01µm
_20878_,149.01µm
net852,149.01µm
_10544_,148.96µm
clknet_leaf_59_clk_i_regs,148.9µm
clknet_leaf_109_i_core_v_mini_mcu.cpu_subsystem_i.cpu_0_0.clk_i,148.9µm
clknet_leaf_43_clk_i_regs,148.85µm
clknet_leaf_80_clk_i_regs,148.8µm
net1790,148.75µm
_21227_,148.7µm
net67,148.7µm
clknet_leaf_117_clk_i_regs,148.7µm
_16197_,148.65µm
i_core_v_mini_mcu.peripheral_subsystem_i.obi_fifo_i.consumer_data_req\[7\],148.65µm
clknet_leaf_28_clk_i_regs,148.65µm
clknet_leaf_29_i_core_v_mini_mcu.cpu_subsystem_i.cpu_0_0.clk_i,148.65µm
net1819,148.6µm
clknet_leaf_39_i_core_v_mini_mcu.memory_subsystem_i.clk_cg,148.6µm
clknet_leaf_76_i_core_v_mini_mcu.cpu_subsystem_i.cpu_1_0.clk_i,148.6µm
clknet_leaf_89_clk_i_regs,148.55µm
clknet_leaf_28_i_core_v_mini_mcu.cpu_subsystem_i.cpu_0_0.clk_i,148.54µm
_07846_,148.5µm
_25517_,148.5µm
_13817_,148.45µm
_24296_,148.45µm
_26061_,148.45µm
net182,148.45µm
net1772,148.45µm
_14044_,148.4µm
_18675_,148.4µm
_27606_,148.4µm
net108,148.4µm
_14494_,148.37µm
_14414_,148.29µm
_22056_,148.29µm
clknet_leaf_72_i_core_v_mini_mcu.cpu_subsystem_i.cpu_0_0.clk_i,148.24µm
_19715_,148.19µm
clknet_leaf_105_clk_i_regs,148.19µm
clknet_leaf_47_i_core_v_mini_mcu.cpu_subsystem_i.cpu_1_0.clk_i,148.19µm
_20835_,148.14µm
_18625_,148.09µm
_18607_,147.99µm
_24864_,147.99µm
_25321_,147.99µm
i_core_v_mini_mcu.ao_peripheral_subsystem_i.power_manager_i.power_manager_reg_top_i.cpu_iso_on_counter_qs\[0\],147.94µm
net1668,147.94µm
net1810,147.94µm
net490,147.89µm
net1202,147.89µm
_25759_,147.84µm
_19571_,147.68µm
clknet_leaf_65_i_core_v_mini_mcu.cpu_subsystem_i.cpu_0_0.clk_i,147.68µm
_23856_,147.53µm
_08779_,147.48µm
_17036_,147.48µm
clknet_leaf_25_i_core_v_mini_mcu.cpu_subsystem_i.cpu_0_0.clk_i,147.43µm
_21794_,147.33µm
_08216_,147.28µm
clknet_leaf_31_i_core_v_mini_mcu.memory_subsystem_i.clk_cg,147.07µm
clknet_leaf_27_i_core_v_mini_mcu.cpu_subsystem_i.cpu_0_0.clk_i,147.07µm
_14237_,147.02µm
_15862_,147.02µm
_18381_,147.02µm
_20462_,147.02µm
net1901,146.97µm
_10591_,146.92µm
_27774_,146.92µm
net208,146.92µm
clknet_leaf_73_clk_i_regs,146.92µm
clknet_leaf_4_i_core_v_mini_mcu.cpu_subsystem_i.cpu_1_0.clk_i,146.92µm
net703,146.87µm
_10538_,146.82µm
_12065_,146.82µm
_19786_,146.82µm
i_core_v_mini_mcu.ao_peripheral_subsystem_i.power_manager_i.power_manager_reg_top_i.cpu_iso_on_counter_qs\[4\],146.82µm
_11659_,146.77µm
i_core_v_mini_mcu.ao_peripheral_subsystem_i.power_manager_i.power_manager_reg_top_i.cpu_iso_on_counter_qs\[2\],146.77µm
clknet_leaf_122_clk_i_regs,146.51µm
clknet_leaf_118_clk_i_regs,146.46µm
clknet_leaf_87_i_core_v_mini_mcu.cpu_subsystem_i.cpu_0_0.clk_i,146.46µm
_08927_,146.41µm
_07047_,146.36µm
_19745_,146.36µm
net92,146.36µm
clknet_leaf_23_i_core_v_mini_mcu.memory_subsystem_i.clk_cg,146.36µm
_20408_,146.31µm
net73,146.26µm
delaynet_2_clk_i,146.26µm
_21803_,146.21µm
_27660_,146.21µm
net1966,146.21µm
_25356_,146.16µm
net653,146.16µm
_23399_,146.1µm
clknet_leaf_93_i_core_v_mini_mcu.cpu_subsystem_i.cpu_1_0.clk_i,146.1µm
_19838_,146µm
clknet_leaf_89_i_core_v_mini_mcu.cpu_subsystem_i.cpu_0_0.clk_i,145.95µm
_14290_,145.9µm
clknet_leaf_99_i_core_v_mini_mcu.cpu_subsystem_i.cpu_1_0.clk_i,145.9µm
_05647_,145.85µm
_18206_,145.85µm
_08747_,145.8µm
_06384_,145.75µm
_21347_,145.75µm
net735,145.75µm
i_core_v_mini_mcu.ao_peripheral_subsystem_i.power_manager_i.power_manager_reg_top_i.cpu_switch_off_counter_qs\[0\],145.7µm
clknet_leaf_40_i_core_v_mini_mcu.cpu_subsystem_i.cpu_1_0.clk_i,145.69µm
_18950_,145.65µm
_26577_,145.6µm
_09171_,145.39µm
clknet_leaf_87_i_core_v_mini_mcu.cpu_subsystem_i.cpu_1_0.clk_i,145.39µm
_18927_,145.34µm
clknet_leaf_87_clk_i_regs,145.34µm
clknet_leaf_34_i_core_v_mini_mcu.cpu_subsystem_i.cpu_1_0.clk_i,145.34µm
clknet_leaf_92_i_core_v_mini_mcu.cpu_subsystem_i.cpu_1_0.clk_i,145.29µm
net647,145.24µm
net741,145.24µm
clknet_leaf_50_i_core_v_mini_mcu.cpu_subsystem_i.cpu_1_0.clk_i,145.24µm
_16489_,145.19µm
_08735_,145.14µm
_08814_,145.14µm
_19559_,145.14µm
_19756_,145.14µm
net176,145.14µm
net501,145.14µm
_07487_,145.09µm
_12976_,145.09µm
net606,145.09µm
clknet_leaf_22_i_core_v_mini_mcu.cpu_subsystem_i.cpu_1_0.clk_i,144.94µm
clknet_leaf_41_i_core_v_mini_mcu.cpu_subsystem_i.cpu_0_0.clk_i,144.88µm
net773,144.86µm
clknet_leaf_9_i_core_v_mini_mcu.cpu_subsystem_i.cpu_0_0.clk_i,144.83µm
_17556_,144.78µm
_21791_,144.78µm
net1827,144.78µm
net1877,144.78µm
clknet_leaf_6_i_core_v_mini_mcu.memory_subsystem_i.clk_cg,144.78µm
_19004_,144.73µm
clknet_leaf_8_i_core_v_mini_mcu.cpu_subsystem_i.cpu_1_0.clk_i,144.73µm
clknet_leaf_97_i_core_v_mini_mcu.cpu_subsystem_i.cpu_0_0.clk_i,144.73µm
_12989_,144.58µm
_15377_,144.58µm
_18918_,144.58µm
_26229_,144.58µm
_18645_,144.53µm
_06671_,144.48µm
_14042_,144.48µm
_25973_,144.48µm
_23359_,144.42µm
_20556_,144.32µm
net34,144.32µm
_14613_,144.27µm
clknet_leaf_55_i_core_v_mini_mcu.cpu_subsystem_i.cpu_1_0.clk_i,144.27µm
_14474_,144.22µm
net1864,144.22µm
_06375_,144.17µm
_12869_,144.17µm
i_core_v_mini_mcu.peripheral_subsystem_i.uart_i.reg2hw\[16\],144.17µm
net83,144.12µm
_15759_,144.07µm
net157,144.07µm
_06555_,144.02µm
_07136_,144.02µm
_14850_,144.02µm
_20308_,144.02µm
_22545_,144.02µm
_27719_,144.02µm
_08257_,143.97µm
_10706_,143.97µm
i_core_v_mini_mcu.ao_peripheral_subsystem_i.power_manager_i.power_manager_reg_top_i.cpu_counters_stop_cpu_reset_deassert_stop_bit_counter_qs,143.97µm
i_core_v_mini_mcu.ao_peripheral_subsystem_i.spi_subsystem_i.obi_spimemio_i.obi_to_picorv32_i.addr_buf\[10\],143.97µm
_19238_,143.92µm
net499,143.92µm
clknet_leaf_115_clk_i_regs,143.81µm
clknet_leaf_42_i_core_v_mini_mcu.memory_subsystem_i.clk_cg,143.71µm
_23490_,143.61µm
clknet_leaf_1_i_core_v_mini_mcu.cpu_subsystem_i.cpu_1_0.clk_i,143.56µm
_08183_,143.51µm
clknet_leaf_4_clk_i_regs,143.51µm
clknet_leaf_97_clk_i_regs,143.51µm
_13821_,143.46µm
_25870_,143.46µm
net771,143.46µm
_13153_,143.41µm
_07245_,143.36µm
_07379_,143.36µm
i_core_v_mini_mcu.memory_subsystem_i.ram0_i.tc_ram_i.sram\[24\]\[10\],143.36µm
net823,143.2µm
clknet_leaf_22_i_core_v_mini_mcu.cpu_subsystem_i.cpu_0_0.clk_i,143.2µm
_06812_,143.15µm
clknet_leaf_31_i_core_v_mini_mcu.cpu_subsystem_i.cpu_0_0.clk_i,143.15µm
clknet_leaf_66_i_core_v_mini_mcu.cpu_subsystem_i.cpu_0_0.clk_i,143.1µm
clknet_leaf_82_i_core_v_mini_mcu.cpu_subsystem_i.cpu_1_0.clk_i,143.05µm
_06675_,143µm
_07217_,142.95µm
_19227_,142.95µm
_07183_,142.9µm
_07298_,142.9µm
_07564_,142.9µm
_08762_,142.9µm
_18448_,142.9µm
_18515_,142.9µm
net75,142.9µm
net489,142.9µm
net504,142.85µm
_21327_,142.8µm
_24653_,142.8µm
net314,142.8µm
net616,142.8µm
_19859_,142.76µm
_20320_,142.54µm
_06806_,142.39µm
_06754_,142.32µm
i_core_v_mini_mcu.ao_peripheral_subsystem_i.power_manager_i.power_manager_reg_top_i.cpu_switch_off_counter_qs\[15\],142.24µm
_06503_,142.06µm
_27825_,142.03µm
_23384_,141.98µm
net1687,141.93µm
net1897,141.93µm
_19027_,141.88µm
_14101_,141.83µm
_18651_,141.83µm
_20965_,141.83µm
clknet_leaf_91_i_core_v_mini_mcu.cpu_subsystem_i.cpu_1_0.clk_i,141.83µm
_24523_,141.73µm
_25921_,141.73µm
net1349,141.73µm
_05824_,141.68µm
_27947_,141.52µm
net1691,141.52µm
net1884,141.42µm
clknet_leaf_121_clk_i_regs,141.42µm
_26088_,141.38µm
net716,141.37µm
_10412_,141.32µm
_09239_,141.27µm
_15253_,141.27µm
i_core_v_mini_mcu.peripheral_subsystem_i.uart_i.reg2hw\[0\],141.27µm
net597,141.27µm
clknet_leaf_44_i_core_v_mini_mcu.cpu_subsystem_i.cpu_0_0.clk_i,141.27µm
_14188_,141.22µm
_05993_,141.17µm
_19155_,141.17µm
i_core_v_mini_mcu.core_data_req\[8\],141.17µm
net492,141.17µm
_18379_,141.04µm
_05584_,140.96µm
_14110_,140.86µm
clknet_leaf_42_clk_i_regs,140.86µm
_24520_,140.84µm
clknet_leaf_44_i_core_v_mini_mcu.memory_subsystem_i.clk_cg,140.82µm
_12274_,140.81µm
net51,140.81µm
net1862,140.81µm
clknet_leaf_79_i_core_v_mini_mcu.cpu_subsystem_i.cpu_0_0.clk_i,140.81µm
_26107_,140.76µm
_12107_,140.66µm
_27337_,140.66µm
_06944_,140.61µm
_25929_,140.61µm
_28154_,140.61µm
net1667,140.58µm
_08348_,140.56µm
net603,140.56µm
_23795_,140.38µm
net158,140.35µm
clknet_leaf_56_clk_i_regs,140.35µm
clknet_leaf_107_clk_i_regs,140.3µm
clknet_leaf_54_clk_i_regs,140.25µm
_19950_,140.2µm
_23006_,140.2µm
_23383_,140.2µm
net1948,140.2µm
clknet_leaf_32_clk_i_regs,140.2µm
_19288_,140.15µm
i_core_v_mini_mcu.peripheral_subsystem_i.uart_i.reg2hw\[89\],140.15µm
clknet_leaf_19_i_core_v_mini_mcu.cpu_subsystem_i.cpu_0_0.clk_i,140.15µm
_13982_,140.1µm
net1764,140.1µm
_07180_,140.05µm
_07332_,140.05µm
_09678_,140.05µm
_15220_,140.05µm
_26129_,140.05µm
net604,140.05µm
_18678_,140µm
_21711_,139.79µm
_23267_,139.79µm
net1849,139.79µm
net1876,139.74µm
_08732_,139.64µm
_10424_,139.64µm
_14087_,139.64µm
_27722_,139.64µm
i_core_v_mini_mcu.ao_peripheral_subsystem_i.power_manager_i.power_manager_counter_sequence_cpu_switch_i.start_off_sequence_i,139.64µm
_06488_,139.59µm
net1923,139.59µm
_07681_,139.54µm
_11300_,139.54µm
_13178_,139.54µm
_26120_,139.54µm
_26122_,139.54µm
delaynet_3_clk_i,139.54µm
_26742_,139.49µm
net61,139.49µm
_10826_,139.44µm
_24491_,139.44µm
_09187_,139.35µm
clknet_leaf_37_clk_i_regs,139.33µm
_18457_,139.18µm
_23289_,139.18µm
clknet_leaf_55_i_core_v_mini_mcu.cpu_subsystem_i.cpu_0_0.clk_i,139.18µm
clknet_leaf_111_clk_i_regs,139.13µm
_06696_,139.08µm
_06782_,139.08µm
_17328_,139.08µm
net115,139.08µm
net1906,139.08µm
clknet_leaf_91_i_core_v_mini_mcu.cpu_subsystem_i.cpu_0_0.clk_i,139.08µm
i_core_v_mini_mcu.ao_peripheral_subsystem_i.mosaic_clint_i.mtimecmp_q\[3\],139.03µm
_27478_,138.93µm
net1728,138.93µm
_26478_,138.88µm
_18385_,138.72µm
_16775_,138.67µm
_20040_,138.67µm
_18654_,138.62µm
i_core_v_mini_mcu.ao_peripheral_subsystem_i.spi_subsystem_i.obi_spimemio_i.obi_to_picorv32_i.addr_buf\[11\],138.62µm
clknet_leaf_63_i_core_v_mini_mcu.memory_subsystem_i.clk_cg,138.62µm
clknet_leaf_78_i_core_v_mini_mcu.cpu_subsystem_i.cpu_0_0.clk_i,138.62µm
clknet_leaf_41_clk_i_regs,138.61µm
_23931_,138.57µm
clknet_leaf_58_i_core_v_mini_mcu.cpu_subsystem_i.cpu_0_0.clk_i,138.57µm
_18618_,138.52µm
_08543_,138.47µm
_21709_,138.47µm
_24938_,138.42µm
_26405_,138.42µm
net610,138.42µm
_05793_,138.37µm
_10374_,138.37µm
_14093_,138.37µm
i_core_v_mini_mcu.cpu_subsystem_i.cpu_0_0.i_servile.cpu.ctrl.i_iscomp,138.37µm
_12954_,138.32µm
net25,138.32µm
_07743_,138.19µm
_09421_,138.16µm
clknet_leaf_23_i_core_v_mini_mcu.cpu_subsystem_i.cpu_1_0.clk_i,138.11µm
_28198_,138.01µm
net1664,138.01µm
clknet_leaf_31_clk_i_regs,138.01µm
clknet_leaf_14_i_core_v_mini_mcu.cpu_subsystem_i.cpu_0_0.clk_i,138.01µm
net35,137.96µm
net162,137.96µm
_18317_,137.91µm
clknet_leaf_53_clk_i_regs,137.91µm
_19117_,137.86µm
net1850,137.86µm
clknet_leaf_90_clk_i_regs,137.86µm
_06304_,137.81µm
_06666_,137.81µm
_19725_,137.81µm
_05396_,137.5µm
clknet_leaf_40_i_core_v_mini_mcu.cpu_subsystem_i.cpu_0_0.clk_i,137.5µm
clknet_leaf_42_i_core_v_mini_mcu.cpu_subsystem_i.cpu_0_0.clk_i,137.5µm
_17971_,137.45µm
net1892,137.45µm
_18564_,137.4µm
_21450_,137.4µm
_24489_,137.4µm
i_core_v_mini_mcu.ao_peripheral_subsystem_i.clint_mtime_o\[19\],137.4µm
clknet_leaf_75_i_core_v_mini_mcu.cpu_subsystem_i.cpu_0_0.clk_i,137.4µm
i_core_v_mini_mcu.peripheral_subsystem_i.uart_i.reg2hw\[76\],137.35µm
net163,137.35µm
net670,137.35µm
net1748,137.35µm
_13640_,137.3µm
_25522_,137.3µm
i_core_v_mini_mcu.cpu_subsystem_i.cpu_0_0.i_servile.arbiter.i_wb_cpu_dbus_we,137.3µm
_25471_,137.25µm
_18866_,137.17µm
_20880_,137.09µm
_16259_,137.04µm
net1710,137.04µm
_14337_,136.99µm
_17770_,136.94µm
i_core_v_mini_mcu.ao_peripheral_subsystem_i.clint_mtime_o\[18\],136.94µm
_24215_,136.89µm
_14240_,136.84µm
_18481_,136.84µm
_19889_,136.84µm
clknet_leaf_95_i_core_v_mini_mcu.cpu_subsystem_i.cpu_0_0.clk_i,136.84µm
_24762_,136.79µm
_25567_,136.79µm
_05720_,136.74µm
_05693_,136.69µm
_28107_,136.69µm
net596,136.69µm
net618,136.69µm
net1645,136.69µm
_09687_,136.64µm
_16484_,136.64µm
_22461_,136.64µm
_16654_,136.58µm
net1865,136.58µm
clknet_leaf_94_clk_i_regs,136.52µm
_05492_,136.51µm
_05866_,136.43µm
_06839_,136.43µm
_15933_,136.43µm
clknet_leaf_52_clk_i_regs,136.38µm
clknet_leaf_20_i_core_v_mini_mcu.cpu_subsystem_i.cpu_0_0.clk_i,136.38µm
clknet_leaf_51_i_core_v_mini_mcu.cpu_subsystem_i.cpu_0_0.clk_i,136.38µm
_18995_,136.33µm
_23382_,136.33µm
net91,136.33µm
_14575_,136.28µm
_23311_,136.28µm
_25468_,136.28µm
net563,136.28µm
_21754_,136.23µm
_22232_,136.23µm
_22931_,136.23µm
net481,136.23µm
_26509_,136.18µm
net760,136.18µm
_18288_,136.13µm
_08012_,136.1µm
_19196_,136µm
clknet_leaf_2_clk_i_regs,135.92µm
net1778,135.82µm
_19268_,135.77µm
_06040_,135.72µm
_14954_,135.72µm
_18772_,135.72µm
_19381_,135.72µm
net1085,135.72µm
clknet_leaf_75_clk_i_regs,135.72µm
i_core_v_mini_mcu.ao_peripheral_subsystem_i.power_manager_i.power_manager_reg_top_i.monitor_power_gate_periph_qs\[1\],135.62µm
net1951,135.62µm
_19079_,135.57µm
_28168_,135.57µm
net497,135.57µm
_07499_,135.52µm
_07546_,135.52µm
_22659_,135.49µm
_15223_,135.31µm
_14228_,135.26µm
clknet_leaf_28_i_core_v_mini_mcu.memory_subsystem_i.clk_cg,135.26µm
clknet_leaf_24_i_core_v_mini_mcu.cpu_subsystem_i.cpu_1_0.clk_i,135.26µm
clknet_leaf_5_clk_i_regs,135.21µm
_19766_,135.16µm
net1774,135.16µm
net1783,135.16µm
clknet_leaf_2_i_core_v_mini_mcu.memory_subsystem_i.clk_cg,135.16µm
_23824_,135.11µm
_24519_,135.09µm
_05681_,135.06µm
_07519_,135.06µm
_13336_,135.06µm
_18605_,135.06µm
i_core_v_mini_mcu.ao_peripheral_subsystem_i.power_manager_i.power_manager_reg_top_i.cpu_iso_on_counter_qs\[14\],135.06µm
net602,135.06µm
_13393_,135.01µm
_18576_,135.01µm
_28166_,135.01µm
net659,134.96µm
_14252_,134.93µm
_17647_,134.75µm
_17763_,134.7µm
_19553_,134.7µm
clknet_leaf_98_clk_i_regs,134.7µm
_23782_,134.65µm
net134,134.65µm
_24558_,134.62µm
_21081_,134.6µm
_21507_,134.6µm
_28264_,134.6µm
net135,134.6µm
clknet_leaf_93_i_core_v_mini_mcu.cpu_subsystem_i.cpu_0_0.clk_i,134.6µm
_19513_,134.55µm
net341,134.55µm
_07759_,134.5µm
_20307_,134.5µm
_07711_,134.45µm
_08053_,134.45µm
_21835_,134.45µm
_20865_,134.4µm
net217,134.4µm
_05642_,134.29µm
net1919,134.14µm
_06537_,134.09µm
_16958_,134.09µm
clknet_leaf_53_i_core_v_mini_mcu.cpu_subsystem_i.cpu_1_0.clk_i,134.09µm
net1914,134.04µm
clknet_leaf_64_i_core_v_mini_mcu.cpu_subsystem_i.cpu_1_0.clk_i,134.04µm
net1856,133.99µm
net1753,133.94µm
_10114_,133.89µm
_10160_,133.89µm
_14393_,133.89µm
_19662_,133.89µm
_20160_,133.89µm
net503,133.89µm
_08025_,133.84µm
net505,133.84µm
_13843_,133.78µm
_06467_,133.63µm
_06623_,133.63µm
_18784_,133.63µm
_25631_,133.58µm
clknet_leaf_61_i_core_v_mini_mcu.cpu_subsystem_i.cpu_1_0.clk_i,133.58µm
_14853_,133.48µm
net1714,133.48µm
clknet_leaf_30_i_core_v_mini_mcu.cpu_subsystem_i.cpu_0_0.clk_i,133.48µm
_25552_,133.46µm
_05935_,133.43µm
net1889,133.43µm
_14046_,133.38µm
_23648_,133.38µm
_06093_,133.33µm
_21722_,133.33µm
_22423_,133.33µm
net1392,133.33µm
_26130_,133.28µm
net1925,133.28µm
_23019_,133.07µm
clknet_leaf_123_clk_i_regs,133.07µm
clknet_leaf_96_i_core_v_mini_mcu.cpu_subsystem_i.cpu_0_0.clk_i,133.02µm
_06542_,132.97µm
_06871_,132.97µm
net1765,132.97µm
_17073_,132.92µm
clknet_leaf_21_i_core_v_mini_mcu.cpu_subsystem_i.cpu_1_0.clk_i,132.92µm
_09428_,132.87µm
_21364_,132.87µm
i_core_v_mini_mcu.ao_peripheral_subsystem_i.power_manager_i.power_manager_reg_top_i.cpu_reset_deassert_counter_qs\[9\],132.87µm
net1376,132.87µm
net1888,132.87µm
_26378_,132.86µm
_07190_,132.82µm
_08373_,132.82µm
_26337_,132.82µm
_19827_,132.77µm
i_core_v_mini_mcu.ao_peripheral_subsystem_i.power_manager_i.power_manager_reg_top_i.en_wait_for_intr_qs\[12\],132.77µm
net1793,132.77µm
i_core_v_mini_mcu.ao_peripheral_subsystem_i.periph_to_reg_i.r_rdata_d\[2\],132.72µm
i_core_v_mini_mcu.ao_peripheral_subsystem_i.power_manager_i.power_manager_reg_top_i.cpu_switch_off_counter_qs\[5\],132.72µm
net600,132.72µm
net762,132.56µm
i_core_v_mini_mcu.ao_peripheral_subsystem_i.obi_fifo_i.consumer_data_req\[48\],132.44µm
net1716,132.41µm
net1860,132.41µm
_19452_,132.36µm
_19531_,132.31µm
_05865_,132.26µm
_21701_,132.26µm
net1905,132.26µm
_14037_,132.21µm
_19602_,132.21µm
_26112_,132.21µm
_27601_,132.21µm
net595,132.16µm
_28059_,131.93µm
_08313_,131.92µm
_18994_,131.9µm
net621,131.9µm
_24629_,131.88µm
_20371_,131.85µm
_07311_,131.8µm
_28022_,131.8µm
net658,131.8µm
clknet_leaf_0_i_core_v_mini_mcu.cpu_subsystem_i.cpu_0_0.clk_i,131.8µm
_23792_,131.75µm
net136,131.75µm
net1069,131.75µm
_07958_,131.7µm
_14451_,131.7µm
_18630_,131.7µm
_27220_,131.7µm
net498,131.7µm
net598,131.7µm
_06563_,131.65µm
_07794_,131.65µm
_08521_,131.65µm
_14095_,131.65µm
net1900,131.65µm
_07191_,131.6µm
i_core_v_mini_mcu.ao_peripheral_slave_resp\[28\],131.6µm
_21779_,131.54µm
_15813_,131.47µm
_27848_,131.44µm
clknet_leaf_99_clk_i_regs,131.39µm
_23053_,131.37µm
_12644_,131.34µm
net49,131.34µm
net1910,131.29µm
_22409_,131.24µm
_18971_,131.19µm
_21831_,131.19µm
_07149_,131.14µm
_06071_,131.09µm
_10605_,131.09µm
_13590_,131.09µm
_21579_,131.09µm
i_core_v_mini_mcu.peripheral_subsystem_i.periph_to_reg_i.r_rdata_d\[2\],131.09µm
net502,131.09µm
_13365_,131.04µm
_27327_,131.04µm
_21429_,131.01µm
_18417_,130.78µm
_21337_,130.78µm
clknet_leaf_59_i_core_v_mini_mcu.cpu_subsystem_i.cpu_0_0.clk_i,130.73µm
_14173_,130.68µm
i_core_v_mini_mcu.peripheral_subsystem_i.uart_i.hw2reg\[16\],130.63µm
_28151_,130.56µm
_07254_,130.53µm
_12131_,130.53µm
_14105_,130.53µm
i_core_v_mini_mcu.ao_peripheral_subsystem_i.power_manager_i.power_manager_reg_top_i.cpu_reset_assert_counter_qs\[2\],130.53µm
_08442_,130.48µm
clknet_leaf_30_clk_i_regs,130.27µm
_07051_,130.25µm
_27691_,130.22µm
_05874_,130.17µm
_24213_,130.17µm
i_core_v_mini_mcu.cpu_subsystem_i.cpu_0_0.i_servile.arbiter.i_wb_cpu_ibus_adr\[0\],130.17µm
clknet_leaf_58_i_core_v_mini_mcu.cpu_subsystem_i.cpu_1_0.clk_i,130.17µm
clknet_leaf_100_i_core_v_mini_mcu.cpu_subsystem_i.cpu_0_0.clk_i,130.17µm
_21171_,130.12µm
_25682_,130.12µm
net1034,130.12µm
_08306_,130.07µm
net1913,130.07µm
_06882_,130.02µm
_07168_,130.02µm
_21802_,130.02µm
_23459_,130.02µm
_25488_,130.02µm
i_core_v_mini_mcu.ao_peripheral_subsystem_i.power_manager_i.power_manager_reg_top_i.cpu_switch_on_counter_qs\[9\],130.02µm
_21438_,129.97µm
net55,129.97µm
net1556,129.97µm
_25658_,129.92µm
clknet_leaf_36_i_core_v_mini_mcu.cpu_subsystem_i.cpu_1_0.clk_i,129.86µm
_21712_,129.71µm
net1883,129.71µm
_23380_,129.66µm
_13929_,129.61µm
_19145_,129.61µm
net1589,129.61µm
_18497_,129.56µm
clknet_leaf_96_i_core_v_mini_mcu.cpu_subsystem_i.cpu_1_0.clk_i,129.56µm
clknet_leaf_67_i_core_v_mini_mcu.cpu_subsystem_i.cpu_0_0.clk_i,129.56µm
_21447_,129.54µm
_18333_,129.51µm
clknet_leaf_39_i_core_v_mini_mcu.cpu_subsystem_i.cpu_1_0.clk_i,129.51µm
i_core_v_mini_mcu.peripheral_subsystem_i.obi_fifo_i.consumer_resp_i\[3\],129.41µm
net718,129.41µm
_19573_,129.36µm
_28005_,129.36µm
clknet_leaf_108_clk_i_regs,129.2µm
_21262_,129.18µm
_19126_,129.1µm
clknet_leaf_5_i_core_v_mini_mcu.cpu_subsystem_i.cpu_0_0.clk_i,129.05µm
_09920_,129µm
_09388_,128.95µm
_12675_,128.9µm
_23125_,128.9µm
i_core_v_mini_mcu.cpu_subsystem_i.cpu_0_0.rf_ram_i.memory\[1\]\[1\],128.9µm
i_core_v_mini_mcu.system_bus_i.system_xbar_i.gen_xbar_NtoM.i_xbar.gen_inputs\[3\].i_addr_dec_resp_mux.gen_several_outputs.bank_sel_q\[2\],128.9µm
net337,128.9µm
_26886_,128.85µm
_27329_,128.8µm
net1853,128.8µm
net63,128.69µm
net1798,128.59µm
_25167_,128.52µm
_18686_,128.49µm
net485,128.49µm
_15614_,128.39µm
net482,128.39µm
_08541_,128.34µm
net174,128.34µm
_18730_,128.29µm
_26884_,128.29µm
clknet_leaf_82_clk_i_regs,128.29µm
_13158_,128.28µm
i_core_v_mini_mcu.ao_peripheral_subsystem_i.power_manager_i.power_manager_reg_top_i.cpu_switch_off_counter_qs\[14\],128.24µm
net1779,128.24µm
_18886_,128.15µm
clknet_leaf_25_clk_i_regs,128.03µm
clknet_leaf_68_i_core_v_mini_mcu.cpu_subsystem_i.cpu_1_0.clk_i,127.98µm
_27723_,127.93µm
_14057_,127.88µm
net1784,127.88µm
clknet_leaf_15_i_core_v_mini_mcu.cpu_subsystem_i.cpu_1_0.clk_i,127.88µm
net165,127.83µm
_14293_,127.78µm
net1185,127.78µm
_27878_,127.74µm
_18684_,127.73µm
_07477_,127.68µm
clknet_leaf_65_i_core_v_mini_mcu.cpu_subsystem_i.cpu_1_0.clk_i,127.62µm
i_core_v_mini_mcu.ao_peripheral_subsystem_i.power_manager_i.power_manager_reg_top_i.cpu_switch_off_counter_qs\[13\],127.6µm
i_core_v_mini_mcu.peripheral_subsystem_i.uart_i.reg2hw\[92\],127.6µm
net1917,127.47µm
net1863,127.37µm
clknet_leaf_109_clk_i_regs,127.37µm
_09927_,127.32µm
net1929,127.32µm
clknet_leaf_45_i_core_v_mini_mcu.cpu_subsystem_i.cpu_1_0.clk_i,127.32µm
_25502_,127.3µm
_06515_,127.27µm
_08640_,127.27µm
_08844_,127.27µm
_15428_,127.27µm
net601,127.27µm
clknet_leaf_23_clk_i_regs,127.27µm
_06804_,127.22µm
_12717_,127.22µm
_18581_,127.22µm
net594,127.22µm
net1715,127.22µm
_25449_,127.17µm
_11279_,127.12µm
i_core_v_mini_mcu.peripheral_subsystem_i.obi_fifo_i.consumer_resp_i\[1\],127.12µm
_21339_,127.01µm
_15897_,127µm
_00017_,126.93µm
_22686_,126.91µm
i_core_v_mini_mcu.core_data_req\[25\],126.81µm
_08095_,126.76µm
net66,126.76µm
net1032,126.76µm
_24326_,126.71µm
net132,126.71µm
_15060_,126.66µm
net30,126.66µm
_09200_,126.62µm
_25122_,126.61µm
_26760_,126.61µm
net1001,126.56µm
_18485_,126.5µm
_07011_,126.35µm
_06540_,126.3µm
clknet_leaf_27_i_core_v_mini_mcu.cpu_subsystem_i.cpu_1_0.clk_i,126.25µm
clknet_leaf_36_clk_i_regs,126.21µm
_15777_,126.2µm
net1568,126.2µm
net1713,126.2µm
_25786_,126.15µm
net488,126.1µm
_08191_,126µm
_08294_,126µm
_15495_,125.74µm
_19797_,125.69µm
clknet_leaf_19_i_core_v_mini_mcu.peripheral_subsystem_i.clk_cg,125.69µm
clknet_leaf_9_i_core_v_mini_mcu.cpu_subsystem_i.cpu_1_0.clk_i,125.69µm
clknet_leaf_83_i_core_v_mini_mcu.cpu_subsystem_i.cpu_1_0.clk_i,125.68µm
net1581,125.64µm
_08387_,125.59µm
_08737_,125.59µm
_09024_,125.59µm
net29,125.59µm
_15697_,125.54µm
_17586_,125.54µm
_26324_,125.54µm
net1365,125.54µm
clknet_leaf_66_clk_i_regs,125.54µm
_06530_,125.49µm
_25217_,125.49µm
net599,125.49µm
_26100_,125.44µm
_15014_,125.23µm
clknet_leaf_61_clk_i_regs,125.23µm
_25570_,125.18µm
_09615_,125.13µm
_10209_,125.13µm
_19798_,125.13µm
net1935,125.13µm
clknet_leaf_101_clk_i_regs,125.13µm
_05587_,125.03µm
_08947_,125.03µm
_14227_,125.03µm
_26586_,125.03µm
net565,125.03µm
net1387,125.03µm
clknet_leaf_49_i_core_v_mini_mcu.cpu_subsystem_i.cpu_0_0.clk_i,125.03µm
i_core_v_mini_mcu.memory_subsystem_i.ram0_i.tc_ram_i.sram\[25\]\[13\],124.98µm
_06772_,124.93µm
_07623_,124.93µm
i_core_v_mini_mcu.ao_peripheral_subsystem_i.power_manager_i.power_manager_reg_top_i.monitor_power_gate_ram_block_0_qs\[1\],124.93µm
net1558,124.93µm
_11816_,124.88µm
i_core_v_mini_mcu.ao_peripheral_subsystem_i.power_manager_i.power_manager_reg_top_i.cpu_reset_deassert_counter_qs\[12\],124.88µm
_14158_,124.67µm
_21749_,124.67µm
_21905_,124.67µm
clknet_leaf_25_i_core_v_mini_mcu.memory_subsystem_i.clk_cg,124.62µm
clknet_leaf_34_i_core_v_mini_mcu.memory_subsystem_i.clk_cg,124.62µm
clknet_leaf_57_i_core_v_mini_mcu.cpu_subsystem_i.cpu_0_0.clk_i,124.53µm
_06494_,124.52µm
_18804_,124.52µm
_21351_,124.52µm
clknet_leaf_27_clk_i_regs,124.52µm
_25812_,124.48µm
_21699_,124.47µm
_22550_,124.47µm
clknet_leaf_30_i_core_v_mini_mcu.cpu_subsystem_i.cpu_1_0.clk_i,124.47µm
_26145_,124.42µm
_06954_,124.37µm
_07425_,124.37µm
_20856_,124.37µm
_07793_,124.32µm
_22818_,124.32µm
_27124_,124.32µm
i_core_v_mini_mcu.ao_peripheral_subsystem_i.power_manager_i.power_manager_reg_top_i.cpu_reset_assert_counter_qs\[13\],124.14µm
clknet_leaf_29_i_core_v_mini_mcu.cpu_subsystem_i.cpu_1_0.clk_i,124.11µm
clknet_leaf_33_i_core_v_mini_mcu.cpu_subsystem_i.cpu_1_0.clk_i,124.06µm
clknet_leaf_37_i_core_v_mini_mcu.cpu_subsystem_i.cpu_0_0.clk_i,124.06µm
clknet_leaf_105_i_core_v_mini_mcu.cpu_subsystem_i.cpu_0_0.clk_i,124.06µm
_21780_,124.01µm
net1755,124.01µm
net1907,123.96µm
clknet_leaf_99_i_core_v_mini_mcu.cpu_subsystem_i.cpu_0_0.clk_i,123.96µm
_07133_,123.91µm
i_core_v_mini_mcu.cpu_subsystem_i.cpu_1_0.i_servile.arbiter.i_wb_cpu_ibus_adr\[0\],123.91µm
net1847,123.91µm
_25770_,123.86µm
_08692_,123.81µm
_10379_,123.81µm
_10740_,123.81µm
_21652_,123.81µm
i_core_v_mini_mcu.memory_subsystem_i.ram0_i.tc_ram_i.sram\[29\]\[11\],123.81µm
_21404_,123.76µm
net90,123.58µm
_09529_,123.4µm
_15421_,123.37µm
_26429_,123.3µm
i_core_v_mini_mcu.ao_peripheral_subsystem_i.obi_fifo_i.consumer_data_req\[64\],123.3µm
_14085_,123.25µm
_06830_,123.2µm
_26386_,123.2µm
i_core_v_mini_mcu.ao_peripheral_subsystem_i.periph_to_reg_i.r_rdata_d\[4\],123.2µm
i_core_v_mini_mcu.ao_peripheral_subsystem_i.spi_subsystem_i.obi_spimemio_i.obi_to_picorv32_i.addr_buf\[8\],123.2µm
_22037_,123.04µm
net1921,122.99µm
_05420_,122.94µm
_18940_,122.94µm
clknet_leaf_39_clk_i_regs,122.94µm
_23854_,122.84µm
i_core_v_mini_mcu.ao_peripheral_subsystem_i.power_manager_i.power_manager_reg_top_i.cpu_iso_on_counter_qs\[5\],122.84µm
_25331_,122.79µm
i_core_v_mini_mcu.ao_peripheral_subsystem_i.mosaic_clint_i.mtimecmp_q\[116\],122.79µm
net68,122.79µm
_06978_,122.74µm
_07355_,122.74µm
_18856_,122.74µm
_22000_,122.74µm
i_core_v_mini_mcu.memory_subsystem_i.ram0_i.tc_ram_i.sram\[6\]\[10\],122.74µm
i_core_v_mini_mcu.peripheral_subsystem_i.uart_i.reg2hw\[14\],122.74µm
net342,122.74µm
clknet_leaf_85_i_core_v_mini_mcu.cpu_subsystem_i.cpu_1_0.clk_i,122.73µm
_10636_,122.69µm
_16713_,122.69µm
_18658_,122.64µm
net86,122.56µm
_19546_,122.48µm
net1695,122.48µm
_09122_,122.46µm
clknet_leaf_78_i_core_v_mini_mcu.cpu_subsystem_i.cpu_1_0.clk_i,122.38µm
_20513_,122.33µm
clknet_leaf_14_i_core_v_mini_mcu.cpu_subsystem_i.cpu_1_0.clk_i,122.33µm
_06403_,122.28µm
_24065_,122.28µm
i_core_v_mini_mcu.peripheral_subsystem_i.uart_i.uart_core.u_uart_rxfifo.gen_normal_fifo.fifo_rptr\[0\],122.28µm
_08143_,122.23µm
_10492_,122.23µm
i_core_v_mini_mcu.peripheral_slave_resp\[3\],122.23µm
clknet_leaf_29_clk_i_regs,122.23µm
_07064_,122.18µm
_11247_,122.18µm
_12645_,122.18µm
_24454_,122.18µm
_18410_,122.13µm
_18468_,122.13µm
_20861_,122.13µm
_24464_,122.13µm
_12912_,122.08µm
_09918_,121.82µm
clknet_leaf_100_i_core_v_mini_mcu.cpu_subsystem_i.cpu_1_0.clk_i,121.82µm
net127,121.77µm
net1831,121.77µm
_23333_,121.72µm
net1709,121.72µm
clknet_leaf_69_i_core_v_mini_mcu.cpu_subsystem_i.cpu_1_0.clk_i,121.72µm
_22939_,121.67µm
net1751,121.67µm
_08736_,121.62µm
_19584_,121.62µm
_27656_,121.57µm
_10044_,121.52µm
_25667_,121.52µm
_18342_,121.26µm
_20445_,121.26µm
net170,121.26µm
clknet_leaf_52_i_core_v_mini_mcu.cpu_subsystem_i.cpu_0_0.clk_i,121.26µm
_08558_,121.24µm
_09669_,121.21µm
_14058_,121.21µm
_22431_,121.14µm
_05589_,121.11µm
_13260_,121.11µm
_14052_,121.11µm
_25294_,121.11µm
net1702,121.11µm
_07637_,121.01µm
_14066_,121.01µm
_20742_,121.01µm
_19569_,120.96µm
delaynet_0_clk_i,120.96µm
_05506_,120.65µm
net1700,120.65µm
_19632_,120.6µm
_22793_,120.6µm
_23263_,120.6µm
net1781,120.6µm
_11037_,120.55µm
net1689,120.55µm
net1770,120.55µm
clknet_leaf_26_clk_i_regs,120.55µm
_15896_,120.5µm
_18444_,120.5µm
_22473_,120.5µm
_19206_,120.45µm
_26920_,120.45µm
net1491,120.45µm
_06416_,120.4µm
_23829_,120.4µm
_16423_,120.19µm
clknet_leaf_35_i_core_v_mini_mcu.cpu_subsystem_i.cpu_1_0.clk_i,120.19µm
_22660_,120.14µm
_21720_,120.09µm
_06512_,120.04µm
_10395_,120.04µm
i_core_v_mini_mcu.ao_peripheral_subsystem_i.power_manager_i.power_manager_reg_top_i.cpu_switch_on_counter_qs\[8\],120.04µm
net72,120.04µm
clknet_leaf_7_clk_i_regs,120.04µm
_14861_,119.99µm
_19930_,119.99µm
net213,119.99µm
clknet_leaf_88_i_core_v_mini_mcu.memory_subsystem_i.clk_cg,119.99µm
net283,119.94µm
_07410_,119.89µm
_13845_,119.63µm
net1858,119.53µm
net1933,119.53µm
_08751_,119.48µm
_18079_,119.48µm
net1939,119.48µm
i_core_v_mini_mcu.ao_peripheral_subsystem_i.clint_mtime_o\[55\],119.43µm
net701,119.43µm
_21758_,119.38µm
net705,119.38µm
_08827_,119.33µm
_22512_,119.33µm
_07446_,119.28µm
_27341_,119.28µm
net1590,119.07µm
_14349_,119.05µm
_16017_,119.02µm
_25508_,119.02µm
_19401_,118.97µm
_19807_,118.97µm
net1776,118.92µm
_12826_,118.89µm
net306,118.88µm
_19091_,118.87µm
_27708_,118.87µm
_05499_,118.82µm
_08942_,118.82µm
_18088_,118.82µm
net1851,118.82µm
_11575_,118.77µm
_06943_,118.72µm
_13114_,118.72µm
net1891,118.41µm
_21876_,118.36µm
i_core_v_mini_mcu.ao_peripheral_subsystem_i.power_manager_i.power_manager_counter_sequence_cpu_iso_i.sequence_curr_state\[0\],118.36µm
net1898,118.36µm
clknet_leaf_72_i_core_v_mini_mcu.cpu_subsystem_i.cpu_1_0.clk_i,118.36µm
_11202_,118.31µm
_18337_,118.31µm
i_core_v_mini_mcu.ao_peripheral_subsystem_i.power_manager_i.power_manager_reg_top_i.en_wait_for_intr_qs\[0\],118.31µm
_06582_,118.26µm
_08009_,118.26µm
_08820_,118.26µm
_10161_,118.26µm
_10369_,118.26µm
_19247_,118.26µm
_25424_,118.26µm
net853,118.26µm
net1569,118.26µm
_10693_,118.21µm
net343,118.16µm
_18338_,117.91µm
clknet_leaf_62_i_core_v_mini_mcu.cpu_subsystem_i.cpu_1_0.clk_i,117.9µm
_24457_,117.85µm
_08833_,117.8µm
_18652_,117.8µm
net1794,117.8µm
_18492_,117.7µm
i_core_v_mini_mcu.ao_peripheral_subsystem_i.power_manager_i.power_manager_reg_top_i.cpu_reset_deassert_counter_qs\[15\],117.7µm
_07197_,117.65µm
_10550_,117.6µm
_28063_,117.6µm
_09647_,117.49µm
i_core_v_mini_mcu.ao_peripheral_subsystem_i.obi_fifo_i.consumer_data_req\[44\],117.42µm
clknet_leaf_44_i_core_v_mini_mcu.cpu_subsystem_i.cpu_1_0.clk_i,117.41µm
clknet_leaf_42_i_core_v_mini_mcu.cpu_subsystem_i.cpu_1_0.clk_i,117.39µm
net1068,117.34µm
_23017_,117.19µm
net122,117.19µm
_06412_,117.14µm
_07085_,117.14µm
_18450_,117.14µm
_20649_,117.14µm
_20874_,117.1µm
_18262_,117.09µm
_26471_,117.09µm
i_core_v_mini_mcu.peripheral_subsystem_i.obi_fifo_i.consumer_data_req\[30\],117.09µm
_08179_,117.04µm
_23775_,117.04µm
_26070_,117.04µm
_27339_,117.04µm
i_core_v_mini_mcu.cpu_subsystem_i.cpu_0_0.i_servile.cpu.gen_align.align.ctrl_misal,117.04µm
_14109_,116.83µm
net356,116.8µm
_20951_,116.78µm
net1598,116.78µm
_10609_,116.76µm
_22034_,116.73µm
_07774_,116.68µm
net1591,116.68µm
_08263_,116.63µm
_13384_,116.63µm
_19037_,116.63µm
_28067_,116.63µm
net138,116.63µm
_14281_,116.58µm
net39,116.58µm
net147,116.58µm
_18350_,116.53µm
_08830_,116.48µm
clknet_leaf_95_i_core_v_mini_mcu.cpu_subsystem_i.cpu_1_0.clk_i,116.32µm
_17364_,116.12µm
_20774_,116.12µm
_22662_,116.12µm
_19591_,116.07µm
i_core_v_mini_mcu.cpu_subsystem_i.cpu_0_0.rf_ram_i.memory\[16\]\[0\],116.07µm
i_core_v_mini_mcu.ao_peripheral_subsystem_i.power_manager_i.power_manager_reg_top_i.en_wait_for_intr_qs\[14\],116.02µm
_19503_,115.97µm
_27881_,115.97µm
i_core_v_mini_mcu.ao_peripheral_subsystem_i.spi_subsystem_i.obi_spimemio_i.obi_to_picorv32_i.addr_buf\[18\],115.97µm
_00013_,115.92µm
net702,115.92µm
net739,115.92µm
_08384_,115.64µm
clknet_leaf_116_clk_i_regs,115.61µm
_09302_,115.56µm
net112,115.56µm
_05561_,115.51µm
_13197_,115.51µm
_24258_,115.51µm
i_core_v_mini_mcu.ao_peripheral_subsystem_i.clint_mtime_o\[17\],115.51µm
i_core_v_mini_mcu.ao_peripheral_subsystem_i.power_manager_i.power_manager_reg_top_i.cpu_switch_on_counter_qs\[1\],115.51µm
clknet_leaf_28_i_core_v_mini_mcu.cpu_subsystem_i.cpu_1_0.clk_i,115.51µm
_13836_,115.46µm
net487,115.46µm
_11915_,115.41µm
_21356_,115.41µm
_27910_,115.41µm
i_core_v_mini_mcu.peripheral_subsystem_i.uart_i.reg2hw\[77\],115.41µm
_08001_,115.36µm
i_core_v_mini_mcu.ao_peripheral_subsystem_i.spi_subsystem_i.obi_spimemio_i.spimemio_i.din_rd,115.36µm
net1141,115.36µm
_14161_,115.2µm
_14134_,115.15µm
_27813_,115.15µm
_18321_,115.05µm
_20232_,115.05µm
net1769,115.05µm
clknet_leaf_90_i_core_v_mini_mcu.cpu_subsystem_i.cpu_1_0.clk_i,115.05µm
net252,115µm
clknet_leaf_6_i_core_v_mini_mcu.cpu_subsystem_i.cpu_0_0.clk_i,115µm
_08936_,114.95µm
i_core_v_mini_mcu.ao_peripheral_subsystem_i.spi_subsystem_i.obi_spimemio_i.spimemio_i.xfer.resetn,114.95µm
i_core_v_mini_mcu.system_bus_i.gen_demux_xbar\[3\].demux_xbar_i.u_xbar_varlat.gen_inputs\[0\].i_addr_dec_resp_mux.gen_several_outputs.bank_sel_q,114.95µm
net1628,114.92µm
_12524_,114.9µm
_18458_,114.9µm
clknet_leaf_25_i_core_v_mini_mcu.peripheral_subsystem_i.clk_cg,114.9µm
_18185_,114.85µm
_23107_,114.85µm
_24735_,114.85µm
i_core_v_mini_mcu.cpu_subsystem_i.cpu_0_0.i_servile.cpu.bufreg.data\[0\],114.85µm
i_core_v_mini_mcu.peripheral_subsystem_i.obi_fifo_i.consumer_resp_i\[6\],114.85µm
_07137_,114.8µm
_14365_,114.8µm
_26686_,114.8µm
_27354_,114.8µm
i_core_v_mini_mcu.ao_peripheral_subsystem_i.tdu_i.task_mem\[4\]\[16\],114.8µm
net339,114.8µm
_21334_,114.59µm
_26659_,114.56µm
net99,114.49µm
_08890_,114.44µm
i_core_v_mini_mcu.ao_peripheral_subsystem_i.spi_subsystem_i.obi_spimemio_i.spimemio_i.state\[9\],114.39µm
_12098_,114.34µm
_22790_,114.34µm
_25450_,114.34µm
net64,114.34µm
net704,114.34µm
_18657_,114.24µm
_20922_,114.24µm
net1043,113.98µm
_09111_,113.88µm
_24183_,113.88µm
clknet_leaf_37_i_core_v_mini_mcu.cpu_subsystem_i.cpu_1_0.clk_i,113.88µm
_20894_,113.78µm
_08177_,113.76µm
_05680_,113.73µm
_18941_,113.73µm
_08175_,113.68µm
_10608_,113.68µm
_12055_,113.68µm
net340,113.68µm
_18293_,113.61µm
_20358_,113.37µm
_28305_,113.37µm
_18374_,113.32µm
_20963_,113.32µm
_11717_,113.27µm
_18571_,113.27µm
_20908_,113.27µm
i_core_v_mini_mcu.ao_peripheral_subsystem_i.mosaic_clint_i.mtimecmp_q\[7\],113.27µm
_08655_,113.22µm
_13834_,113.22µm
_18273_,113.22µm
i_core_v_mini_mcu.ao_peripheral_subsystem_i.power_manager_i.power_manager_reg_top_i.cpu_reset_deassert_counter_qs\[10\],113.22µm
_24836_,113.17µm
net37,113.17µm
_05773_,113.12µm
_23752_,113.12µm
_25490_,113.12µm
_08995_,113.06µm
_07296_,112.86µm
_18504_,112.86µm
net1800,112.81µm
_18951_,112.76µm
_22668_,112.76µm
i_core_v_mini_mcu.ao_peripheral_subsystem_i.clint_mtime_o\[16\],112.76µm
clknet_leaf_104_clk_i_regs,112.76µm
_21671_,112.71µm
_09481_,112.66µm
net730,112.66µm
_23299_,112.61µm
_26157_,112.56µm
_27896_,112.56µm
i_core_v_mini_mcu.cpu_subsystem_i.cpu_0_0.i_servile.cpu.immdec.gen_immdec_w_eq_1.imm11_7\[0\],112.25µm
net59,112.25µm
net1852,112.25µm
_08893_,112.2µm
net1857,112.2µm
_07925_,112.17µm
_06918_,112.1µm
_09938_,112.1µm
_18825_,112.1µm
i_core_v_mini_mcu.ao_peripheral_subsystem_i.power_manager_i.power_manager_reg_top_i.cpu_counters_stop_cpu_iso_on_stop_bit_counter_qs,112.1µm
i_core_v_mini_mcu.ao_peripheral_subsystem_i.power_manager_i.power_manager_reg_top_i.cpu_reset_deassert_counter_qs\[8\],112.1µm
_08298_,112.05µm
_27004_,112.05µm
_07235_,112µm
_25814_,112µm
_20868_,111.92µm
_28431_,111.79µm
_15631_,111.76µm
i_core_v_mini_mcu.peripheral_subsystem_i.uart_i.uart_core.u_uart_txfifo.gen_normal_fifo.fifo_rptr\[0\],111.69µm
net77,111.64µm
net1762,111.64µm
_14097_,111.59µm
_23904_,111.59µm
net102,111.59µm
_05402_,111.54µm
clknet_leaf_82_i_core_v_mini_mcu.cpu_subsystem_i.cpu_0_0.clk_i,111.54µm
_27919_,111.44µm
i_core_v_mini_mcu.ao_peripheral_subsystem_i.periph_to_reg_i.r_rdata_d\[3\],111.44µm
_09583_,111.16µm
_20459_,111.13µm
_06755_,111.08µm
_16496_,111.03µm
_20268_,111.03µm
i_core_v_mini_mcu.ao_peripheral_subsystem_i.power_manager_i.power_manager_reg_top_i.cpu_reset_assert_counter_qs\[1\],111.03µm
_28170_,110.98µm
i_core_v_mini_mcu.cpu_subsystem_i.cpu_0_0.i_servile.cpu.branch_op,110.98µm
_08074_,110.93µm
i_core_v_mini_mcu.ao_peripheral_subsystem_i.power_manager_i.power_manager_reg_top_i.en_wait_for_intr_qs\[13\],110.93µm
i_core_v_mini_mcu.peripheral_slave_resp\[4\],110.93µm
net629,110.93µm
net657,110.93µm
net1175,110.78µm
_24259_,110.72µm
_09518_,110.62µm
_06367_,110.57µm
_09354_,110.47µm
_20511_,110.47µm
_21844_,110.47µm
_21838_,110.42µm
_25438_,110.42µm
net1908,110.42µm
_07486_,110.37µm
_14089_,110.37µm
_18649_,110.37µm
_23451_,110.37µm
_25345_,110.37µm
_27355_,110.37µm
_20372_,110.16µm
net484,110.06µm
_18530_,110.01µm
clknet_leaf_63_i_core_v_mini_mcu.cpu_subsystem_i.cpu_1_0.clk_i,110.01µm
_18252_,109.91µm
_19308_,109.91µm
_19521_,109.91µm
_24064_,109.91µm
_16653_,109.86µm
_24518_,109.86µm
net52,109.86µm
net1931,109.86µm
net1949,109.86µm
_07876_,109.81µm
_23293_,109.81µm
i_core_v_mini_mcu.cpu_subsystem_i.cpu_0_0.i_servile.rf_ram_if.rreq_r,109.81µm
_06963_,109.76µm
_07323_,109.76µm
_07352_,109.76µm
i_core_v_mini_mcu.ao_peripheral_subsystem_i.obi_fifo_i.consumer_data_req\[42\],109.76µm
_28327_,109.73µm
i_core_v_mini_mcu.memory_subsystem_i.ram0_i.tc_ram_i.sram\[24\]\[13\],109.72µm
clknet_leaf_60_i_core_v_mini_mcu.cpu_subsystem_i.cpu_0_0.clk_i,109.5µm
_19330_,109.4µm
_20799_,109.4µm
_27683_,109.4µm
net360,109.4µm
net1024,109.4µm
_09185_,109.35µm
_21806_,109.35µm
net45,109.35µm
net1629,109.35µm
_06413_,109.3µm
_11431_,109.3µm
i_core_v_mini_mcu.peripheral_subsystem_i.uart_i.reg2hw\[81\],109.3µm
_22883_,109.25µm
_25714_,109.25µm
_25554_,109.22µm
_22789_,109.2µm
_06493_,109.18µm
_22683_,109.04µm
i_core_v_mini_mcu.ao_peripheral_subsystem_i.power_manager_i.power_manager_counter_sequence_cpu_reset_i.start_off_sequence_i,108.97µm
_27877_,108.94µm
_20022_,108.84µm
i_core_v_mini_mcu.cpu_subsystem_i.cpu_1_0.i_servile.cpu.alu.i_rd_sel\[2\],108.84µm
_07969_,108.79µm
_22688_,108.79µm
_24287_,108.79µm
_07033_,108.74µm
_27503_,108.74µm
_23814_,108.69µm
_26751_,108.69µm
_07237_,108.64µm
_23774_,108.64µm
_14035_,108.53µm
clknet_leaf_110_clk_i_regs,108.43µm
_18762_,108.33µm
_10603_,108.23µm
_21705_,108.23µm
_22548_,108.23µm
_23671_,108.23µm
_27707_,108.23µm
_27917_,108.23µm
_06525_,108.18µm
_07916_,108.18µm
_19910_,108.18µm
_24337_,108.18µm
_28099_,108.13µm
net491,108.13µm
net819,108.13µm
_18358_,108.08µm
_27575_,108.08µm
i_core_v_mini_mcu.ao_peripheral_subsystem_i.power_manager_i.power_manager_reg_top_i.global_pointer_qs\[10\],108.08µm
net9,108.08µm
_25507_,108µm
_18774_,107.77µm
net1701,107.77µm
_18519_,107.72µm
_21942_,107.67µm
_25722_,107.67µm
_06646_,107.62µm
_10472_,107.62µm
_22696_,107.62µm
_24200_,107.62µm
i_core_v_mini_mcu.ao_peripheral_subsystem_i.mosaic_clint_i.mtimecmp_q\[91\],107.62µm
_06622_,107.57µm
i_core_v_mini_mcu.ao_peripheral_subsystem_i.spi_subsystem_i.obi_spimemio_i.obi_to_picorv32_i.addr_buf\[12\],107.57µm
_21994_,107.52µm
net107,107.26µm
_25313_,107.16µm
i_core_v_mini_mcu.ao_peripheral_subsystem_i.obi_fifo_i.consumer_data_req\[65\],107.16µm
net1757,107.16µm
_14099_,107.11µm
_18085_,107.11µm
_18507_,107.11µm
_21092_,107.11µm
i_core_v_mini_mcu.peripheral_subsystem_i.uart_i.reg2hw\[78\],107.11µm
clknet_leaf_16_i_core_v_mini_mcu.cpu_subsystem_i.cpu_1_0.clk_i,107.11µm
_08583_,107.06µm
_19777_,107.06µm
_23379_,107.06µm
_23389_,107.06µm
i_core_v_mini_mcu.ao_peripheral_subsystem_i.mosaic_clint_i.mtimecmp_q\[29\],107.06µm
_06631_,107.01µm
_11260_,107.01µm
_17248_,107.01µm
net145,107.01µm
_16525_,106.96µm
_18585_,106.96µm
i_core_v_mini_mcu.peripheral_subsystem_i.uart_i.reg2hw\[80\],106.96µm
_12389_,106.65µm
_23488_,106.65µm
_14072_,106.55µm
_16536_,106.55µm
_28147_,106.55µm
i_core_v_mini_mcu.ao_peripheral_subsystem_i.power_manager_i.power_manager_reg_top_i.en_wait_for_intr_qs\[10\],106.55µm
net640,106.55µm
_05419_,106.5µm
_07436_,106.5µm
_09923_,106.5µm
i_core_v_mini_mcu.ao_peripheral_subsystem_i.obi_fifo_i.consumer_data_req\[45\],106.5µm
i_core_v_mini_mcu.ao_peripheral_subsystem_i.power_manager_i.power_manager_reg_top_i.reg2hw\[220\],106.5µm
_08423_,106.45µm
_09488_,106.45µm
net1749,106.45µm
_19735_,106.29µm
_07091_,106.22µm
_20884_,106.19µm
_18000_,106.14µm
_18742_,106.14µm
_05607_,106.04µm
_07082_,106.04µm
_06553_,105.99µm
net1780,105.99µm
_22437_,105.96µm
_07046_,105.94µm
_07662_,105.94µm
_21732_,105.94µm
net664,105.94µm
net933,105.94µm
net1356,105.94µm
net1690,105.94µm
_08663_,105.89µm
_09566_,105.89µm
i_core_v_mini_mcu.ao_peripheral_subsystem_i.clint_mtime_o\[49\],105.89µm
net821,105.89µm
_07313_,105.84µm
_08501_,105.84µm
net496,105.84µm
_06583_,105.58µm
_09667_,105.48µm
_14050_,105.48µm
_08251_,105.43µm
_08824_,105.43µm
_25639_,105.43µm
i_core_v_mini_mcu.system_bus_i.system_xbar_i.gen_xbar_NtoM.i_xbar.gen_inputs\[1\].i_addr_dec_resp_mux.gen_several_outputs.bank_sel_q\[1\],105.43µm
net347,105.43µm
_05927_,105.38µm
_07216_,105.38µm
_07783_,105.38µm
_15538_,105.38µm
_23176_,105.38µm
_24595_,105.38µm
net728,105.38µm
_08645_,105.28µm
_06535_,105.05µm
_09761_,104.97µm
_07330_,104.93µm
_19991_,104.92µm
_05603_,104.87µm
net630,104.87µm
net1718,104.87µm
_21843_,104.82µm
i_core_v_mini_mcu.ao_peripheral_subsystem_i.tdu_i.task_mem\[4\]\[13\],104.82µm
net1143,104.82µm
net1846,104.82µm
_06840_,104.77µm
_09194_,104.77µm
_26566_,104.77µm
i_core_v_mini_mcu.ao_peripheral_subsystem_i.obi_fifo_i.consumer_data_req\[66\],104.77µm
net1530,104.77µm
_08383_,104.72µm
_13318_,104.72µm
_18354_,104.72µm
i_core_v_mini_mcu.memory_subsystem_i.ram0_i.tc_ram_i.sram\[25\]\[8\],104.72µm
_21708_,104.51µm
_27704_,104.51µm
_10319_,104.41µm
_21884_,104.36µm
_09199_,104.31µm
_14074_,104.31µm
i_core_v_mini_mcu.memory_subsystem_i.ram0_i.tc_ram_i.r_addr_q\[1\],104.3µm
_08049_,104.26µm
_09433_,104.26µm
_12093_,104.26µm
_20925_,104.25µm
_08939_,104.21µm
_09476_,104.21µm
_07155_,104.16µm
i_core_v_mini_mcu.core_data_req\[70\],104.16µm
net1170,104.16µm
_28091_,103.96µm
_19920_,103.9µm
net133,103.9µm
net1771,103.9µm
_09277_,103.85µm
_09389_,103.8µm
clknet_leaf_84_i_core_v_mini_mcu.cpu_subsystem_i.cpu_0_0.clk_i,103.8µm
_19540_,103.75µm
_24794_,103.75µm
net43,103.75µm
_09266_,103.7µm
_13394_,103.7µm
i_core_v_mini_mcu.ao_peripheral_subsystem_i.clint_mtime_o\[22\],103.7µm
net338,103.7µm
clknet_leaf_0_clk_i_regs,103.7µm
_26705_,103.65µm
_27410_,103.65µm
_27581_,103.65µm
_11400_,103.6µm
i_core_v_mini_mcu.memory_subsystem_i.ram0_i.tc_ram_i.sram\[16\]\[25\],103.6µm
net1174,103.47µm
_20215_,103.44µm
_16208_,103.39µm
net1789,103.29µm
net1777,103.19µm
_09453_,103.14µm
_14091_,103.14µm
_19165_,103.14µm
_19592_,103.14µm
_23441_,103.14µm
_25964_,103.14µm
net1377,103.14µm
_18386_,103.09µm
i_core_v_mini_mcu.memory_subsystem_i.ram0_i.tc_ram_i.sram\[20\]\[10\],103.09µm
net639,103.09µm
_27511_,103.04µm
net344,103.04µm
_06778_,102.83µm
_17803_,102.73µm
_28332_,102.73µm
_06889_,102.68µm
_18650_,102.68µm
_20510_,102.68µm
_27099_,102.68µm
net1022,102.68µm
net1761,102.68µm
net1941,102.68µm
_18846_,102.63µm
_22892_,102.63µm
i_core_v_mini_mcu.core_data_req\[101\],102.63µm
_05430_,102.58µm
_25911_,102.58µm
_06977_,102.53µm
_17084_,102.48µm
_28273_,102.27µm
net649,102.22µm
i_core_v_mini_mcu.ao_peripheral_subsystem_i.clint_mtime_o\[31\],102.17µm
i_core_v_mini_mcu.cpu_subsystem_i.cpu_0_0.rf_ram_i.memory\[172\]\[1\],102.17µm
_23304_,102.12µm
net1582,102.12µm
_18392_,102.07µm
i_core_v_mini_mcu.ao_peripheral_subsystem_i.power_manager_i.power_manager_reg_top_i.periph_wait_ack_switch_on_qs,102.07µm
net44,102.07µm
net116,102.07µm
net128,102.07µm
_06566_,102.02µm
_13111_,102.02µm
_26562_,102.02µm
_08075_,101.97µm
_12697_,101.97µm
_13901_,101.97µm
i_core_v_mini_mcu.ao_peripheral_subsystem_i.power_manager_i.power_manager_reg_top_i.power_gate_periph_ack_qs,101.97µm
i_core_v_mini_mcu.ao_peripheral_subsystem_i.spi_subsystem_i.obi_spimemio_i.obi_to_picorv32_i.obi_resp_o\[19\],101.97µm
i_core_v_mini_mcu.memory_subsystem_i.ram0_i.tc_ram_i.sram\[5\]\[15\],101.97µm
net511,101.97µm
_12159_,101.92µm
_12212_,101.92µm
_16435_,101.92µm
_18908_,101.92µm
_24416_,101.92µm
_25095_,101.92µm
net54,101.76µm
_22384_,101.66µm
_14348_,101.61µm
i_core_v_mini_mcu.core_data_req\[94\],101.56µm
_07278_,101.51µm
_18304_,101.51µm
_18525_,101.51µm
_21877_,101.51µm
_25147_,101.51µm
_27885_,101.51µm
i_core_v_mini_mcu.peripheral_subsystem_i.uart_i.reg2hw\[22\],101.51µm
net1902,101.51µm
_07193_,101.41µm
_11818_,101.41µm
_27958_,101.41µm
net11,101.41µm
_09004_,101.36µm
_14068_,101.36µm
_18928_,101.36µm
net247,101.36µm
_21173_,101.2µm
net1759,101.05µm
_14336_,101µm
i_core_v_mini_mcu.cpu_subsystem_i.cpu_1_0.i_servile.cpu.branch_op,101µm
_19016_,100.95µm
_07302_,100.9µm
_22373_,100.9µm
_23676_,100.9µm
net1842,100.9µm
_09216_,100.85µm
_21492_,100.85µm
_22800_,100.85µm
_26522_,100.85µm
_26767_,100.85µm
net654,100.85µm
_05613_,100.8µm
_05672_,100.8µm
_18320_,100.8µm
_27953_,100.8µm
_20858_,100.69µm
_12365_,100.49µm
i_core_v_mini_mcu.ao_peripheral_subsystem_i.clint_mtime_o\[27\],100.49µm
net60,100.49µm
net652,100.49µm
_18431_,100.44µm
_19961_,100.44µm
_25533_,100.44µm
_07668_,100.39µm
_26371_,100.39µm
net1855,100.39µm
_17553_,100.34µm
_26536_,100.34µm
i_core_v_mini_mcu.system_bus_i.system_xbar_i.gen_xbar_NtoM.i_xbar.gen_outputs\[1\].gen_rr_arb_tree.i_rr_arb_tree.gen_arbiter.rr_q\[1\],100.34µm
net1836,100.34µm
net1938,100.34µm
clknet_leaf_38_i_core_v_mini_mcu.memory_subsystem_i.clk_cg,100.34µm
_21575_,100.29µm
net1396,100.29µm
_12911_,100.24µm
_24526_,100.24µm
_26090_,100.24µm
_26484_,100.24µm
i_core_v_mini_mcu.ao_peripheral_subsystem_i.power_manager_i.power_manager_reg_top_i.cpu_iso_on_counter_qs\[1\],100.24µm
net1145,100.24µm
_07089_,99.93µm
_18718_,99.93µm
_06396_,99.88µm
_15649_,99.88µm
_27682_,99.88µm
net146,99.88µm
_06107_,99.78µm
_24498_,99.78µm
net1391,99.78µm
_08284_,99.73µm
_20919_,99.73µm
_10356_,99.68µm
_20904_,99.68µm
_24305_,99.68µm
i_core_v_mini_mcu.ao_peripheral_subsystem_i.spi_subsystem_i.obi_spimemio_i.obi_to_picorv32_i.obi_resp_o\[27\],99.68µm
i_core_v_mini_mcu.memory_subsystem_i.ram0_i.tc_ram_i.sram\[10\]\[10\],99.68µm
i_core_v_mini_mcu.memory_subsystem_i.ram0_i.tc_ram_i.sram\[28\]\[8\],99.68µm
_19879_,99.52µm
_21707_,99.52µm
_20353_,99.42µm
net95,99.42µm
_14122_,99.32µm
_20927_,99.32µm
i_core_v_mini_mcu.ao_peripheral_subsystem_i.clint_mtime_o\[20\],99.32µm
_18898_,99.27µm
_18540_,99.22µm
_21416_,99.22µm
_26286_,99.22µm
_10565_,99.17µm
_11532_,99.17µm
_22957_,99.17µm
_25996_,99.17µm
_26227_,99.17µm
i_core_v_mini_mcu.cpu_subsystem_i.cpu_0_0.rf_ram_i.memory\[18\]\[0\],99.17µm
i_core_v_mini_mcu.peripheral_subsystem_i.uart_i.reg2hw\[82\],99.17µm
_19278_,99.16µm
_21425_,99.12µm
_25828_,99.12µm
i_core_v_mini_mcu.cpu_subsystem_i.cpu_0_0.i_servile.cpu.csr_mcause_en,99.12µm
i_core_v_mini_mcu.memory_subsystem_i.ram0_i.tc_ram_i.sram\[9\]\[10\],99.12µm
_23035_,98.96µm
_05841_,98.81µm
_15849_,98.81µm
_12375_,98.76µm
_14076_,98.71µm
i_core_v_mini_mcu.ao_peripheral_subsystem_i.tdu_i.task_mem\[4\]\[9\],98.71µm
_05856_,98.66µm
_07112_,98.66µm
_07850_,98.66µm
_09057_,98.66µm
_11599_,98.66µm
_18463_,98.66µm
_21427_,98.66µm
_26081_,98.66µm
_28152_,98.66µm
i_core_v_mini_mcu.cpu_subsystem_i.cpu_0_0.rf_ram_i.memory\[17\]\[0\],98.66µm
net1924,98.66µm
_08212_,98.61µm
_09947_,98.61µm
_19724_,98.61µm
_22369_,98.61µm
_26134_,98.61µm
_22472_,98.6µm
_06916_,98.56µm
_22728_,98.56µm
_25971_,98.56µm
i_core_v_mini_mcu.ao_peripheral_subsystem_i.power_manager_i.power_manager_reg_top_i.cpu_reset_deassert_counter_qs\[11\],98.56µm
i_core_v_mini_mcu.memory_subsystem_i.ram0_i.tc_ram_i.sram\[30\]\[8\],98.56µm
i_core_v_mini_mcu.system_bus_i.system_xbar_i.gen_xbar_NtoM.i_xbar.gen_inputs\[1\].i_addr_dec_resp_mux.gen_several_outputs.bank_sel_q\[2\],98.56µm
net70,98.25µm
i_core_v_mini_mcu.ao_peripheral_subsystem_i.spi_subsystem_i.obi_spimemio_i.spimemio_i.xfer.flash_clk,98.2µm
net85,98.2µm
_17721_,98.15µm
i_core_v_mini_mcu.ao_peripheral_subsystem_i.power_manager_i.power_manager_reg_top_i.intr_state_qs\[0\],98.15µm
i_core_v_mini_mcu.peripheral_subsystem_i.uart_i.reg2hw\[71\],98.15µm
_14370_,98.1µm
_07570_,98.05µm
_13731_,98.05µm
_16470_,98.05µm
_20886_,98.05µm
_22654_,98.05µm
i_core_v_mini_mcu.ao_peripheral_subsystem_i.tdu_i.task_mem\[4\]\[11\],98.05µm
i_core_v_mini_mcu.memory_subsystem_i.ram0_i.tc_ram_i.sram\[9\]\[15\],98.05µm
_23544_,98µm
_23825_,98µm
i_core_v_mini_mcu.ao_peripheral_subsystem_i.spi_subsystem_i.obi_spimemio_i.obi_to_picorv32_i.addr_buf\[13\],98µm
i_core_v_mini_mcu.memory_subsystem_i.ram0_i.tc_ram_i.sram\[27\]\[9\],98µm
i_core_v_mini_mcu.memory_subsystem_i.ram0_i.tc_ram_i.sram\[8\]\[15\],98µm
_27902_,97.69µm
net141,97.64µm
_21506_,97.59µm
net1039,97.59µm
_15710_,97.54µm
i_core_v_mini_mcu.ao_peripheral_subsystem_i.mosaic_clint_i.mtimecmp_q\[21\],97.54µm
net820,97.54µm
_13455_,97.49µm
_24295_,97.49µm
_10054_,97.44µm
_11455_,97.44µm
i_core_v_mini_mcu.memory_subsystem_i.ram0_i.tc_ram_i.sram\[19\]\[12\],97.44µm
net6,97.44µm
net731,97.44µm
_28266_,97.38µm
_19072_,97.13µm
_27694_,97.13µm
_17807_,97.12µm
_19443_,97.08µm
net1866,97.08µm
net109,97.03µm
net1663,97.03µm
_07045_,96.98µm
_07731_,96.98µm
_08255_,96.98µm
i_core_v_mini_mcu.memory_subsystem_i.ram0_i.tc_ram_i.sram\[29\]\[9\],96.98µm
_07307_,96.93µm
_15615_,96.93µm
_18473_,96.93µm
_18836_,96.93µm
_25537_,96.93µm
_27492_,96.93µm
i_core_v_mini_mcu.peripheral_subsystem_i.uart_i.reg2hw\[11\],96.93µm
net1350,96.93µm
_11079_,96.88µm
_18408_,96.88µm
_25196_,96.88µm
net940,96.88µm
_20862_,96.77µm
_06987_,96.72µm
_07087_,96.57µm
net262,96.47µm
net1585,96.47µm
_15059_,96.42µm
_18805_,96.42µm
_19197_,96.42µm
i_core_v_mini_mcu.ao_peripheral_subsystem_i.periph_to_reg_i.r_rdata_d\[6\],96.42µm
clknet_leaf_95_clk_i_regs,96.42µm
_11478_,96.37µm
_21323_,96.37µm
_25247_,96.37µm
_28039_,96.37µm
_07310_,96.32µm
_07643_,96.32µm
_11252_,96.32µm
_14079_,96.32µm
_18080_,96.32µm
i_core_v_mini_mcu.ao_peripheral_subsystem_i.power_manager_i.power_manager_reg_top_i.global_pointer_qs\[13\],96.32µm
i_core_v_mini_mcu.memory_subsystem_i.ram0_i.tc_ram_i.sram\[10\]\[14\],96.32µm
_17704_,96.21µm
clknet_leaf_78_clk_i_regs,96.01µm
_08098_,95.96µm
_09948_,95.96µm
i_core_v_mini_mcu.ao_peripheral_subsystem_i.power_manager_i.power_manager_reg_top_i.cpu_reset_deassert_counter_qs\[2\],95.96µm
i_core_v_mini_mcu.peripheral_subsystem_i.uart_i.reg2hw\[15\],95.91µm
net120,95.91µm
_07020_,95.86µm
_14318_,95.86µm
_07972_,95.81µm
_08140_,95.76µm
_08220_,95.76µm
_11920_,95.76µm
i_core_v_mini_mcu.cpu_subsystem_i.cpu_1_0.rf_ram_i.memory\[480\]\[1\],95.76µm
net733,95.76µm
net822,95.76µm
net1918,95.76µm
i_core_v_mini_mcu.ao_peripheral_subsystem_i.tdu_i.active_hart_cycles_q\[16\],95.55µm
net351,95.45µm
_16415_,95.4µm
_20970_,95.4µm
net100,95.4µm
net348,95.4µm
_06586_,95.35µm
_05422_,95.3µm
_05554_,95.3µm
_07250_,95.3µm
_07750_,95.3µm
_06596_,95.25µm
_07752_,95.25µm
_11480_,95.25µm
_18517_,95.25µm
_21601_,95.25µm
_27506_,95.25µm
net1373,95.25µm
_07416_,95.2µm
_23362_,95.2µm
_24757_,95.2µm
_26836_,95.2µm
i_core_v_mini_mcu.ao_peripheral_subsystem_i.power_manager_i.power_manager_reg_top_i.monitor_power_gate_periph_qs\[2\],95.2µm
_27681_,94.94µm
_06861_,94.93µm
net1750,94.84µm
_08846_,94.79µm
_23291_,94.79µm
_27892_,94.79µm
_05736_,94.74µm
_06867_,94.74µm
_15286_,94.74µm
_15660_,94.74µm
_18815_,94.74µm
net358,94.74µm
_07717_,94.69µm
_19858_,94.69µm
i_core_v_mini_mcu.memory_subsystem_i.ram0_i.tc_ram_i.sram\[31\]\[9\],94.69µm
_07204_,94.64µm
_07429_,94.64µm
_10685_,94.64µm
_21643_,94.64µm
_23445_,94.64µm
_25173_,94.64µm
_23131_,94.23µm
net1879,94.23µm
_10562_,94.18µm
_14201_,94.18µm
_28425_,94.18µm
i_core_v_mini_mcu.memory_subsystem_i.ram0_i.tc_ram_i.sram\[24\]\[8\],94.18µm
_08459_,94.13µm
_08681_,94.13µm
_08758_,94.13µm
_09804_,94.13µm
_25428_,94.13µm
i_core_v_mini_mcu.ao_peripheral_subsystem_i.obi_fifo_i.consumer_data_req\[40\],94.13µm
i_core_v_mini_mcu.ao_peripheral_subsystem_i.tdu_i.task_mem\[4\]\[19\],94.13µm
net1782,94.13µm
net1830,94.13µm
_08836_,94.08µm
_23655_,94.08µm
_27017_,94.08µm
_27553_,94.08µm
i_core_v_mini_mcu.memory_subsystem_i.ram0_i.tc_ram_i.sram\[16\]\[26\],94.08µm
net486,94.08µm
_23042_,93.77µm
net143,93.77µm
_19757_,93.72µm
_06699_,93.67µm
i_core_v_mini_mcu.cpu_subsystem_i.cpu_0_0.rf_ram_i.memory\[174\]\[1\],93.67µm
i_core_v_mini_mcu.memory_subsystem_i.ram0_i.rdata_o\[16\],93.67µm
net125,93.67µm
net1834,93.67µm
_07353_,93.62µm
_18194_,93.62µm
_19187_,93.62µm
_21839_,93.62µm
_22874_,93.62µm
_26162_,93.62µm
i_core_v_mini_mcu.ao_peripheral_subsystem_i.tdu_i.task_mem\[4\]\[6\],93.62µm
_07231_,93.57µm
_07964_,93.57µm
_09082_,93.57µm
_15634_,93.57µm
_27195_,93.57µm
i_core_v_mini_mcu.ao_peripheral_subsystem_i.power_manager_i.power_manager_reg_top_i.global_pointer_qs\[12\],93.57µm
i_core_v_mini_mcu.cpu_subsystem_i.cpu_0_0.i_servile.cpu.csr_mstatus_en,93.57µm
i_core_v_mini_mcu.memory_subsystem_i.ram0_i.tc_ram_i.sram\[10\]\[24\],93.57µm
i_core_v_mini_mcu.memory_subsystem_i.ram0_i.tc_ram_i.sram\[8\]\[14\],93.57µm
_06904_,93.52µm
_07169_,93.52µm
_09478_,93.52µm
_21993_,93.52µm
_25960_,93.52µm
i_core_v_mini_mcu.memory_subsystem_i.ram0_i.tc_ram_i.sram\[11\]\[10\],93.52µm
i_core_v_mini_mcu.memory_subsystem_i.ram0_i.tc_ram_i.sram\[11\]\[8\],93.52µm
_14617_,93.26µm
net287,93.26µm
_20529_,93.21µm
_18489_,93.16µm
net1035,93.16µm
net1662,93.16µm
_12400_,93.11µm
i_core_v_mini_mcu.ao_peripheral_subsystem_i.power_manager_i.power_manager_reg_top_i.en_wait_for_intr_qs\[16\],93.11µm
net352,93.11µm
_14013_,93.06µm
_19422_,93.06µm
_20210_,93.06µm
_21783_,93.06µm
_23531_,93.06µm
_23916_,93.06µm
_25612_,93.06µm
_27678_,93.06µm
i_core_v_mini_mcu.ao_peripheral_subsystem_i.tdu_i.task_mem\[4\]\[29\],93.06µm
i_core_v_mini_mcu.memory_subsystem_i.ram0_i.tc_ram_i.sram\[1\]\[15\],93.06µm
i_core_v_mini_mcu.memory_subsystem_i.ram0_i.tc_ram_i.sram\[25\]\[11\],93.06µm
net574,93.06µm
_19900_,93.01µm
_20691_,93.01µm
_21915_,93.01µm
_23754_,93.01µm
_25764_,93.01µm
i_core_v_mini_mcu.peripheral_subsystem_i.uart_i.uart_core.u_uart_rxfifo.gen_normal_fifo.fifo_rptr\[1\],93.01µm
_07483_,92.96µm
_12133_,92.96µm
_25665_,92.96µm
net569,92.96µm
net650,92.96µm
net1353,92.96µm
_23036_,92.9µm
_27976_,92.7µm
_06731_,92.65µm
_18172_,92.65µm
_21464_,92.65µm
net1835,92.65µm
_06497_,92.6µm
_18094_,92.6µm
_18970_,92.6µm
_21483_,92.6µm
i_core_v_mini_mcu.ao_peripheral_subsystem_i.clint_mtime_o\[26\],92.6µm
_09928_,92.55µm
_21819_,92.55µm
_06617_,92.5µm
_08379_,92.5µm
_08666_,92.5µm
_09601_,92.5µm
_15928_,92.5µm
_26455_,92.5µm
net1368,92.5µm
_07795_,92.45µm
_07871_,92.45µm
_07904_,92.45µm
_08224_,92.45µm
_11855_,92.45µm
_19166_,92.45µm
_27564_,92.45µm
i_core_v_mini_mcu.ao_peripheral_subsystem_i.power_manager_i.power_manager_reg_top_i.reg2hw\[234\],92.45µm
i_core_v_mini_mcu.ao_peripheral_subsystem_i.spi_subsystem_i.obi_spimemio_i.obi_to_picorv32_i.addr_buf\[5\],92.45µm
net118,92.45µm
_05888_,92.4µm
_06842_,92.4µm
_26343_,92.4µm
i_core_v_mini_mcu.memory_subsystem_i.ram0_i.tc_ram_i.sram\[11\]\[27\],92.17µm
_21761_,92.09µm
_18662_,91.99µm
_19462_,91.99µm
_23543_,91.99µm
_25740_,91.99µm
_27184_,91.99µm
i_core_v_mini_mcu.ao_peripheral_subsystem_i.power_manager_i.power_manager_reg_top_i.cpu_switch_on_counter_qs\[7\],91.99µm
net56,91.99µm
_08015_,91.94µm
_08249_,91.94µm
_10318_,91.94µm
_11285_,91.94µm
_14082_,91.94µm
_22357_,91.94µm
i_core_v_mini_mcu.peripheral_subsystem_i.uart_i.reg2hw\[79\],91.94µm
_06263_,91.89µm
_07541_,91.89µm
_08345_,91.89µm
_08404_,91.89µm
_23164_,91.89µm
_25285_,91.89µm
i_core_v_mini_mcu.ao_peripheral_subsystem_i.power_manager_i.power_manager_reg_top_i.reg2hw\[233\],91.89µm
i_core_v_mini_mcu.memory_subsystem_i.ram0_i.tc_ram_i.sram\[17\]\[28\],91.89µm
net710,91.89µm
net1584,91.89µm
_25927_,91.84µm
net36,91.84µm
_22594_,91.81µm
_18305_,91.63µm
_07462_,91.43µm
_14070_,91.43µm
_14506_,91.43µm
net1380,91.43µm
_25245_,91.38µm
_25795_,91.38µm
net567,91.38µm
net570,91.38µm
net1390,91.38µm
net1922,91.38µm
_07573_,91.33µm
_07885_,91.33µm
_13013_,91.33µm
_18346_,91.33µm
i_core_v_mini_mcu.ao_peripheral_subsystem_i.clint_mtime_o\[35\],91.33µm
net46,91.33µm
_23436_,91.28µm
net32,91.28µm
_20231_,91.22µm
net40,91.22µm
clknet_leaf_17_clk_i_regs,90.92µm
_06657_,90.87µm
_07029_,90.87µm
i_core_v_mini_mcu.ao_peripheral_subsystem_i.tdu_i.task_mem\[0\]\[30\],90.87µm
_21941_,90.82µm
_09404_,90.77µm
_09750_,90.77µm
_10380_,90.77µm
_12652_,90.77µm
_13950_,90.77µm
_21836_,90.77µm
_24389_,90.77µm
_25817_,90.77µm
_27325_,90.77µm
i_core_v_mini_mcu.memory_subsystem_i.ram0_i.tc_ram_i.sram\[24\]\[12\],90.77µm
net628,90.77µm
_24712_,90.72µm
_25946_,90.72µm
_06561_,90.46µm
net763,90.41µm
_21886_,90.31µm
net1811,90.31µm
_12118_,90.27µm
_09599_,90.26µm
_21201_,90.26µm
_27226_,90.26µm
i_core_v_mini_mcu.ao_peripheral_subsystem_i.clint_mtime_o\[7\],90.26µm
i_core_v_mini_mcu.ao_peripheral_subsystem_i.spi_subsystem_i.obi_spimemio_i.obi_to_picorv32_i.obi_resp_o\[15\],90.26µm
net41,90.26µm
_06207_,90.21µm
_18590_,90.21µm
_20555_,90.21µm
_23530_,90.21µm
i_core_v_mini_mcu.ao_peripheral_subsystem_i.power_manager_i.power_manager_reg_top_i.cpu_switch_on_counter_qs\[3\],90.21µm
i_core_v_mini_mcu.ao_peripheral_subsystem_i.spi_subsystem_i.obi_spimemio_i.obi_to_picorv32_i.state\[2\],90.21µm
_07094_,90.16µm
_12138_,90.16µm
_25261_,89.98µm
_20980_,89.9µm
_26761_,89.81µm
_07481_,89.75µm
_11450_,89.75µm
_18334_,89.75µm
_25894_,89.75µm
_27600_,89.75µm
net1890,89.75µm
_06949_,89.7µm
_08047_,89.7µm
_15668_,89.7µm
i_core_v_mini_mcu.ao_peripheral_subsystem_i.clint_mtime_o\[15\],89.7µm
i_core_v_mini_mcu.ao_peripheral_subsystem_i.spi_subsystem_i.obi_spimemio_i.spimemio_i.softreset,89.7µm
_06869_,89.65µm
_07678_,89.6µm
_18622_,89.49µm
i_core_v_mini_mcu.ao_peripheral_subsystem_i.clint_mtime_o\[32\],89.39µm
_18688_,89.19µm
_19057_,89.19µm
_22008_,89.19µm
_25223_,89.19µm
_06558_,89.14µm
_13596_,89.14µm
_18325_,89.14µm
i_core_v_mini_mcu.ao_peripheral_subsystem_i.clint_mtime_o\[23\],89.14µm
i_core_v_mini_mcu.ao_peripheral_subsystem_i.spi_subsystem_i.obi_spimemio_i.obi_to_picorv32_i.obi_resp_o\[16\],89.14µm
_06798_,89.09µm
_19869_,89.09µm
i_core_v_mini_mcu.memory_subsystem_i.ram0_i.tc_ram_i.sram\[16\]\[27\],89.09µm
i_core_v_mini_mcu.ao_peripheral_subsystem_i.power_manager_i.power_manager_reg_top_i.reg2hw\[236\],89.04µm
_07043_,88.96µm
_07069_,88.88µm
_07568_,88.76µm
_09472_,88.68µm
_19109_,88.68µm
_18555_,88.63µm
net263,88.63µm
net1378,88.63µm
net1823,88.63µm
_25529_,88.58µm
i_core_v_mini_mcu.ao_peripheral_subsystem_i.tdu_i.task_mem\[4\]\[18\],88.58µm
i_core_v_mini_mcu.cpu_subsystem_i.cpu_0_0.i_servile.cpu.bufreg.i_rs1_en,88.58µm
i_core_v_mini_mcu.memory_subsystem_i.ram0_i.tc_ram_i.sram\[15\]\[12\],88.58µm
i_core_v_mini_mcu.peripheral_subsystem_i.uart_i.uart_core.rx_timeout_count_q\[14\],88.58µm
clknet_leaf_102_i_core_v_mini_mcu.cpu_subsystem_i.cpu_1_0.clk_i,88.58µm
_06975_,88.53µm
_07086_,88.53µm
_08574_,88.53µm
_09225_,88.53µm
_21568_,88.53µm
_25635_,88.53µm
_26084_,88.53µm
_27411_,88.53µm
_28451_,88.53µm
_07306_,88.48µm
_08055_,88.48µm
_09368_,88.48µm
_13682_,88.48µm
_18065_,88.48µm
_24819_,88.48µm
_25138_,88.48µm
net825,88.48µm
_19473_,88.17µm
_25143_,88.17µm
_07170_,88.12µm
i_core_v_mini_mcu.ao_peripheral_subsystem_i.power_manager_i.power_manager_reg_top_i.cpu_switch_off_counter_qs\[2\],88.12µm
_24445_,88.07µm
_15714_,88.05µm
_05549_,88.02µm
_08670_,88.02µm
_10547_,88.02µm
_18211_,88.02µm
i_core_v_mini_mcu.ao_peripheral_slave_resp\[27\],88.02µm
_10041_,87.97µm
_22850_,87.97µm
_27332_,87.97µm
i_core_v_mini_mcu.ao_peripheral_subsystem_i.spi_subsystem_i.obi_spimemio_i.obi_to_picorv32_i.obi_resp_o\[14\],87.97µm
i_core_v_mini_mcu.memory_subsystem_i.ram0_i.tc_ram_i.sram\[1\]\[14\],87.97µm
i_core_v_mini_mcu.peripheral_subsystem_i.uart_i.reg2hw\[73\],87.97µm
_27334_,87.92µm
_28326_,87.92µm
net576,87.92µm
_19237_,87.71µm
_06979_,87.51µm
_07101_,87.51µm
_14064_,87.46µm
_15655_,87.46µm
i_core_v_mini_mcu.ao_peripheral_subsystem_i.mosaic_clint_i.mtimecmp_q\[87\],87.46µm
i_core_v_mini_mcu.cpu_subsystem_i.cpu_1_0.rf_ram_i.memory\[56\]\[0\],87.46µm
net1023,87.46µm
clknet_leaf_70_i_core_v_mini_mcu.cpu_subsystem_i.cpu_1_0.clk_i,87.46µm
_12959_,87.41µm
_19849_,87.41µm
_24770_,87.41µm
_24800_,87.41µm
_25365_,87.41µm
i_core_v_mini_mcu.ao_peripheral_subsystem_i.spi_subsystem_i.obi_spimemio_i.obi_to_picorv32_i.obi_resp_o\[25\],87.41µm
i_core_v_mini_mcu.memory_subsystem_i.ram0_i.tc_ram_i.sram\[10\]\[9\],87.41µm
i_core_v_mini_mcu.memory_subsystem_i.ram0_i.tc_ram_i.sram\[16\]\[9\],87.41µm
_07694_,87.36µm
_14192_,87.36µm
_18388_,87.36µm
_18466_,87.36µm
_25100_,87.36µm
_25199_,87.36µm
_28310_,87.05µm
_12256_,86.9µm
_26917_,86.9µm
_07342_,86.85µm
_08088_,86.85µm
_10926_,86.85µm
_18601_,86.85µm
_21010_,86.85µm
_25717_,86.85µm
_25768_,86.85µm
net24,86.85µm
_22376_,86.8µm
_24552_,86.8µm
_27498_,86.8µm
_26704_,86.52µm
_22829_,86.49µm
i_core_v_mini_mcu.system_bus_i.system_xbar_i.gen_xbar_NtoM.i_xbar.gen_outputs\[3\].gen_rr_arb_tree.i_rr_arb_tree.gen_arbiter.rr_q\[1\],86.49µm
_05557_,86.44µm
_10546_,86.39µm
_18550_,86.34µm
_26246_,86.34µm
i_core_v_mini_mcu.ao_peripheral_subsystem_i.spi_subsystem_i.obi_spimemio_i.spimemio_i.din_qspi,86.34µm
net5,86.34µm
net13,86.34µm
_05448_,86.29µm
_05926_,86.29µm
_07974_,86.29µm
_13254_,86.29µm
_25990_,86.29µm
i_core_v_mini_mcu.ao_peripheral_subsystem_i.power_manager_i.power_manager_reg_top_i.en_wait_for_intr_qs\[15\],86.29µm
_07592_,86.24µm
_08058_,86.24µm
_08114_,86.24µm
_08133_,86.24µm
_09413_,86.24µm
_10549_,86.24µm
_12273_,86.24µm
_18432_,86.24µm
_28055_,86.24µm
i_core_v_mini_mcu.memory_subsystem_i.ram0_i.tc_ram_i.sram\[29\]\[8\],86.24µm
net645,86.24µm
net1384,86.21µm
i_core_v_mini_mcu.ao_peripheral_subsystem_i.spi_subsystem_i.obi_spimemio_i.obi_to_picorv32_i.obi_resp_o\[30\],86.19µm
_19279_,85.93µm
_09968_,85.88µm
i_core_v_mini_mcu.memory_subsystem_i.ram0_i.tc_ram_i.sram\[30\]\[9\],85.88µm
_18436_,85.83µm
_25248_,85.83µm
_07702_,85.78µm
_19298_,85.78µm
i_core_v_mini_mcu.ao_peripheral_subsystem_i.mosaic_clint_i.mtimecmp_q\[8\],85.78µm
i_core_v_mini_mcu.memory_subsystem_i.ram0_i.rdata_o\[20\],85.78µm
i_core_v_mini_mcu.peripheral_subsystem_i.obi_fifo_i.consumer_data_req\[5\],85.78µm
i_core_v_mini_mcu.peripheral_subsystem_i.periph_to_reg_i.r_rdata_d\[5\],85.78µm
clknet_leaf_17_i_core_v_mini_mcu.cpu_subsystem_i.cpu_1_0.clk_i,85.78µm
_06896_,85.73µm
_08660_,85.73µm
_09454_,85.73µm
_24992_,85.73µm
_27416_,85.73µm
i_core_v_mini_mcu.memory_subsystem_i.ram0_i.tc_ram_i.sram\[8\]\[12\],85.73µm
i_core_v_mini_mcu.memory_subsystem_i.ram0_i.tc_ram_i.sram\[9\]\[12\],85.73µm
i_core_v_mini_mcu.memory_subsystem_i.ram0_i.tc_ram_i.sram\[25\]\[9\],85.68µm
_19340_,85.27µm
i_core_v_mini_mcu.cpu_subsystem_i.cpu_0_0.rf_ram_i.memory\[19\]\[0\],85.27µm
net1954,85.27µm
_06764_,85.22µm
_09594_,85.22µm
_22758_,85.22µm
_25274_,85.22µm
i_core_v_mini_mcu.ao_peripheral_subsystem_i.power_manager_i.power_manager_counter_sequence_cpu_iso_i.start_off_sequence_i,85.22µm
i_core_v_mini_mcu.memory_subsystem_i.ram0_i.tc_ram_i.sram\[17\]\[8\],85.22µm
i_core_v_mini_mcu.memory_subsystem_i.ram0_i.tc_ram_i.sram\[3\]\[16\],85.22µm
i_core_v_mini_mcu.peripheral_subsystem_i.periph_to_reg_i.r_rdata_d\[29\],85.22µm
_07396_,85.21µm
_07304_,85.17µm
_08230_,85.17µm
_20002_,85.17µm
_21957_,85.17µm
_22530_,85.17µm
_23004_,85.17µm
i_core_v_mini_mcu.memory_subsystem_i.ram0_i.tc_ram_i.sram\[14\]\[11\],85.17µm
i_core_v_mini_mcu.memory_subsystem_i.ram0_i.tc_ram_i.sram\[14\]\[8\],85.17µm
i_core_v_mini_mcu.peripheral_subsystem_i.uart_i.reg2hw\[70\],85.17µm
_05811_,85.12µm
_08506_,85.12µm
_08879_,85.12µm
_20896_,85.12µm
_25656_,85.12µm
net581,85.12µm
net665,85.12µm
_21572_,84.89µm
i_core_v_mini_mcu.cpu_subsystem_i.cpu_0_0.rf_ram_i.memory\[1\]\[0\],84.84µm
net932,84.81µm
i_core_v_mini_mcu.ao_peripheral_subsystem_i.mosaic_clint_i.mtimecmp_q\[118\],84.76µm
i_core_v_mini_mcu.ao_peripheral_subsystem_i.power_manager_i.power_manager_reg_top_i.cpu_switch_on_counter_qs\[6\],84.76µm
_09311_,84.71µm
_10656_,84.71µm
_20747_,84.71µm
_05690_,84.66µm
_05774_,84.66µm
_07211_,84.66µm
_15290_,84.66µm
_19017_,84.66µm
_25091_,84.66µm
net53,84.66µm
_26501_,84.61µm
net144,84.61µm
_09646_,84.56µm
_09730_,84.56µm
i_core_v_mini_mcu.cpu_subsystem_i.cpu_1_0.rf_ram_i.memory\[57\]\[0\],84.38µm
_27665_,84.25µm
i_core_v_mini_mcu.core_data_req\[97\],84.25µm
i_core_v_mini_mcu.peripheral_subsystem_i.uart_i.reg2hw\[5\],84.25µm
_21813_,84.2µm
_06449_,84.15µm
_09740_,84.15µm
_19828_,84.15µm
_24432_,84.15µm
net148,84.15µm
_06502_,84.1µm
_06642_,84.1µm
_06726_,84.1µm
_08595_,84.1µm
_21936_,84.1µm
_24564_,84.1µm
_25487_,84.1µm
_25693_,84.1µm
_08300_,84.05µm
_08678_,84.05µm
_26707_,84.05µm
i_core_v_mini_mcu.cpu_subsystem_i.cpu_0_0.i_servile.cpu.immdec.gen_immdec_w_eq_1.imm19_12_20\[8\],84.05µm
i_core_v_mini_mcu.memory_subsystem_i.ram0_i.tc_ram_i.sram\[25\]\[10\],84.05µm
_07230_,84µm
_09796_,84µm
_18362_,84µm
net575,84µm
i_core_v_mini_mcu.peripheral_subsystem_i.uart_i.uart_core.rx_timeout_count_q\[0\],83.84µm
net76,83.69µm
_07195_,83.65µm
_13995_,83.64µm
_06300_,83.59µm
i_core_v_mini_mcu.ao_peripheral_subsystem_i.clint_mtime_o\[11\],83.59µm
i_core_v_mini_mcu.ao_peripheral_subsystem_i.power_manager_i.power_manager_reg_top_i.periph_iso_qs,83.59µm
i_core_v_mini_mcu.cpu_subsystem_i.cpu_0_0.rf_ram_i.memory\[30\]\[0\],83.59µm
_06414_,83.54µm
_08003_,83.54µm
_08984_,83.54µm
_23085_,83.54µm
_23378_,83.54µm
net355,83.54µm
_06572_,83.49µm
_08509_,83.49µm
_24470_,83.49µm
_25387_,83.49µm
net97,83.49µm
net651,83.49µm
_25708_,83.44µm
i_core_v_mini_mcu.ao_peripheral_subsystem_i.mosaic_clint_i.mtimecmp_q\[13\],83.44µm
i_core_v_mini_mcu.ao_peripheral_subsystem_i.power_manager_i.power_manager_reg_top_i.monitor_power_gate_ram_block_0_qs\[0\],83.44µm
net1148,83.44µm
net1183,83.44µm
_06481_,83.08µm
_23489_,83.08µm
_10502_,83.03µm
_22444_,83.03µm
_17981_,82.98µm
_18100_,82.98µm
_22980_,82.98µm
i_core_v_mini_mcu.memory_subsystem_i.ram0_i.tc_ram_i.sram\[16\]\[15\],82.98µm
net50,82.98µm
_07451_,82.93µm
_07508_,82.93µm
_07959_,82.93µm
_09260_,82.93µm
_18204_,82.93µm
_23663_,82.93µm
i_core_v_mini_mcu.ao_peripheral_subsystem_i.power_manager_i.power_manager_reg_top_i.cpu_switch_off_counter_qs\[1\],82.93µm
i_core_v_mini_mcu.ao_peripheral_subsystem_i.tdu_i.task_mem\[4\]\[27\],82.93µm
i_core_v_mini_mcu.peripheral_subsystem_i.uart_i.hw2reg\[3\],82.93µm
i_core_v_mini_mcu.peripheral_subsystem_i.uart_i.hw2reg\[44\],82.93µm
_19083_,82.88µm
_21981_,82.88µm
_28144_,82.88µm
net732,82.88µm
net1173,82.88µm
net1033,82.57µm
_06355_,82.52µm
_23058_,82.52µm
i_core_v_mini_mcu.ao_peripheral_subsystem_i.spi_subsystem_i.obi_spimemio_i.obi_to_picorv32_i.obi_resp_o\[10\],82.47µm
i_core_v_mini_mcu.memory_subsystem_i.ram0_i.tc_ram_i.sram\[11\]\[9\],82.47µm
i_core_v_mini_mcu.peripheral_subsystem_i.uart_i.reg2hw\[13\],82.47µm
_05573_,82.42µm
_16469_,82.42µm
i_core_v_mini_mcu.ao_peripheral_subsystem_i.tdu_i.task_mem\[4\]\[5\],82.42µm
i_core_v_mini_mcu.cpu_subsystem_i.cpu_0_0.rf_ram_i.memory\[24\]\[0\],82.42µm
i_core_v_mini_mcu.memory_subsystem_i.ram0_i.tc_ram_i.sram\[15\]\[13\],82.42µm
i_core_v_mini_mcu.peripheral_subsystem_i.uart_i.hw2reg\[0\],82.42µm
net1570,82.42µm
_07400_,82.37µm
_08007_,82.37µm
_16957_,82.37µm
i_core_v_mini_mcu.ao_peripheral_subsystem_i.tdu_i.task_mem\[4\]\[3\],82.37µm
i_core_v_mini_mcu.memory_subsystem_i.ram0_i.tc_ram_i.sram\[22\]\[10\],82.37µm
net84,82.37µm
_08390_,82.32µm
_13765_,82.32µm
_26702_,82.32µm
i_core_v_mini_mcu.ao_peripheral_subsystem_i.power_manager_i.power_manager_reg_top_i.cpu_reset_deassert_counter_qs\[3\],82.32µm
i_core_v_mini_mcu.memory_subsystem_i.ram0_i.tc_ram_i.sram\[11\]\[11\],82.32µm
i_core_v_mini_mcu.memory_subsystem_i.ram0_i.tc_ram_i.sram\[16\]\[28\],82.32µm
_09717_,82.01µm
_20001_,82.01µm
_18440_,81.96µm
net1385,81.96µm
_15528_,81.91µm
clknet_leaf_90_i_core_v_mini_mcu.cpu_subsystem_i.cpu_0_0.clk_i,81.91µm
_18086_,81.86µm
_26636_,81.86µm
net826,81.86µm
_18619_,81.81µm
_21908_,81.81µm
i_core_v_mini_mcu.ao_peripheral_subsystem_i.power_manager_i.power_manager_reg_top_i.cpu_switch_on_counter_qs\[13\],81.81µm
i_core_v_mini_mcu.ao_peripheral_subsystem_i.power_manager_i.power_manager_reg_top_i.monitor_power_gate_periph_qs\[0\],81.81µm
i_core_v_mini_mcu.memory_subsystem_i.ram0_i.tc_ram_i.sram\[16\]\[14\],81.81µm
i_core_v_mini_mcu.memory_subsystem_i.ram0_i.tc_ram_i.sram\[4\]\[13\],81.81µm
net573,81.81µm
_06874_,81.76µm
_08127_,81.76µm
_14195_,81.76µm
_22248_,81.76µm
_23392_,81.76µm
_24970_,81.76µm
_25379_,81.76µm
_25399_,81.76µm
_27257_,81.76µm
_18615_,81.55µm
_19073_,81.4µm
net1950,81.4µm
_09310_,81.35µm
_26224_,81.35µm
_06453_,81.3µm
_10773_,81.3µm
_21526_,81.3µm
_23642_,81.3µm
i_core_v_mini_mcu.ao_peripheral_subsystem_i.obi_fifo_i.consumer_resp_i\[23\],81.3µm
_07092_,81.25µm
_07659_,81.25µm
_13317_,81.25µm
_18366_,81.25µm
_26004_,81.25µm
_28318_,81.25µm
i_core_v_mini_mcu.peripheral_subsystem_i.periph_to_reg_i.r_rdata_d\[18\],81.25µm
i_core_v_mini_mcu.peripheral_subsystem_i.uart_i.reg2hw\[72\],81.25µm
_12193_,81.2µm
_13489_,81.2µm
_18446_,81.2µm
_21571_,81.2µm
_26094_,81.2µm
_27323_,81.2µm
i_core_v_mini_mcu.memory_subsystem_i.ram0_i.tc_ram_i.sram\[3\]\[2\],81.2µm
net560,81.2µm
_07172_,81.14µm
i_core_v_mini_mcu.memory_subsystem_i.ram0_i.tc_ram_i.sram\[31\]\[8\],81.07µm
net1549,80.94µm
net884,80.89µm
net1374,80.89µm
_06480_,80.87µm
_05510_,80.84µm
i_core_v_mini_mcu.ao_peripheral_subsystem_i.clint_mtime_o\[48\],80.84µm
i_core_v_mini_mcu.ao_peripheral_subsystem_i.clint_mtime_o\[4\],80.83µm
_21840_,80.79µm
i_core_v_mini_mcu.ao_peripheral_subsystem_i.spi_subsystem_i.obi_spimemio_i.cfgreg_do\[9\],80.79µm
i_core_v_mini_mcu.peripheral_subsystem_i.uart_i.uart_core.rx_timeout_count_q\[4\],80.79µm
net1841,80.79µm
_10595_,80.74µm
_19694_,80.74µm
_25622_,80.74µm
i_core_v_mini_mcu.cpu_subsystem_i.cpu_0_0.i_servile.o_rf_raddr\[0\],80.74µm
i_core_v_mini_mcu.memory_subsystem_i.ram0_i.rdata_o\[19\],80.74µm
net354,80.74µm
net1694,80.74µm
net1725,80.74µm
_07569_,80.69µm
_13113_,80.69µm
_22483_,80.69µm
_24869_,80.69µm
_24969_,80.69µm
_25895_,80.69µm
_18627_,80.65µm
_06826_,80.64µm
_07162_,80.64µm
_15659_,80.64µm
_19816_,80.64µm
i_core_v_mini_mcu.ao_peripheral_subsystem_i.spi_subsystem_i.obi_spimemio_i.obi_to_picorv32_i.obi_resp_o\[28\],80.64µm
_24293_,80.53µm
_05407_,80.51µm
_20902_,80.46µm
net1381,80.38µm
net1760,80.38µm
_06608_,80.28µm
i_core_v_mini_mcu.ao_peripheral_subsystem_i.tdu_i.task_mem\[4\]\[24\],80.28µm
clknet_leaf_8_i_core_v_mini_mcu.peripheral_subsystem_i.clk_cg,80.23µm
_08547_,80.18µm
_18090_,80.18µm
_26168_,80.18µm
i_core_v_mini_mcu.peripheral_subsystem_i.uart_i.reg2hw\[120\],80.18µm
_07025_,80.13µm
_07044_,80.13µm
_16440_,80.13µm
_17363_,80.13µm
_18373_,80.13µm
_18460_,80.13µm
_19176_,80.13µm
_21612_,80.13µm
_25809_,80.13µm
_26059_,80.13µm
_05269_,80.08µm
_09137_,80.08µm
_11136_,80.08µm
_12279_,80.08µm
_13532_,80.08µm
_23682_,80.08µm
_26166_,80.08µm
_28056_,80.08µm
i_core_v_mini_mcu.cpu_subsystem_i.cpu_0_0.rf_ram_i.memory\[175\]\[1\],80.08µm
clknet_leaf_125_clk_i_regs,80.08µm
clknet_leaf_36_i_core_v_mini_mcu.memory_subsystem_i.clk_cg,79.87µm
_23778_,79.79µm
_06423_,79.77µm
_06495_,79.77µm
net764,79.77µm
_25987_,79.72µm
i_core_v_mini_mcu.peripheral_subsystem_i.uart_i.reg2hw\[83\],79.72µm
net80,79.72µm
_24243_,79.67µm
i_core_v_mini_mcu.ao_peripheral_subsystem_i.mosaic_clint_i.mtimecmp_q\[119\],79.67µm
i_core_v_mini_mcu.ao_peripheral_subsystem_i.spi_subsystem_i.obi_spimemio_i.obi_to_picorv32_i.obi_resp_o\[18\],79.67µm
_12374_,79.62µm
_12991_,79.62µm
_16412_,79.62µm
_22922_,79.62µm
i_core_v_mini_mcu.ao_peripheral_subsystem_i.tdu_i.task_mem\[4\]\[20\],79.62µm
i_core_v_mini_mcu.peripheral_subsystem_i.uart_i.uart_core.uart_rx.sreg_q\[10\],79.62µm
_07100_,79.57µm
_09715_,79.57µm
_21530_,79.57µm
_22649_,79.57µm
_22852_,79.57µm
i_core_v_mini_mcu.memory_subsystem_i.ram0_i.tc_ram_i.sram\[15\]\[11\],79.57µm
net1532,79.57µm
_07515_,79.52µm
_24524_,79.52µm
_27808_,79.52µm
i_core_v_mini_mcu.ao_peripheral_subsystem_i.tdu_i.task_mem\[4\]\[7\],79.52µm
_21735_,79.29µm
_05495_,79.21µm
net1881,79.16µm
_07268_,79.11µm
i_core_v_mini_mcu.peripheral_subsystem_i.uart_i.reg2hw\[4\],79.11µm
net124,79.11µm
_07785_,79.06µm
_15534_,79.06µm
_17972_,79.06µm
_18356_,79.06µm
_18699_,79.06µm
i_core_v_mini_mcu.ao_peripheral_subsystem_i.power_manager_i.power_manager_reg_top_i.en_wait_for_intr_qs\[17\],79.06µm
i_core_v_mini_mcu.memory_subsystem_i.ram0_i.tc_ram_i.sram\[16\]\[24\],79.06µm
i_core_v_mini_mcu.peripheral_subsystem_i.uart_i.reg2hw\[6\],79.06µm
_06382_,79.01µm
_06955_,79.01µm
_11469_,79.01µm
_13415_,79.01µm
_13681_,79.01µm
_18763_,79.01µm
_19432_,79.01µm
_22398_,79.01µm
_26817_,79.01µm
i_core_v_mini_mcu.ao_peripheral_subsystem_i.power_manager_i.power_manager_reg_top_i.global_pointer_qs\[9\],79.01µm
i_core_v_mini_mcu.memory_subsystem_i.ram0_i.tc_ram_i.sram\[25\]\[12\],79.01µm
i_core_v_mini_mcu.peripheral_subsystem_i.uart_i.reg2hw\[75\],79.01µm
_08135_,78.96µm
_26639_,78.96µm
i_core_v_mini_mcu.ao_peripheral_subsystem_i.clint_mtime_o\[40\],78.96µm
i_core_v_mini_mcu.ao_peripheral_subsystem_i.spi_subsystem_i.obi_spimemio_i.spimemio_i.xfer.flash_io2_do,78.96µm
i_core_v_mini_mcu.cpu_subsystem_i.cpu_1_0.rf_ram_i.memory\[80\]\[0\],78.96µm
_18243_,78.88µm
i_core_v_mini_mcu.peripheral_slave_resp\[20\],78.73µm
_18845_,78.65µm
_06863_,78.6µm
_12257_,78.6µm
_06295_,78.55µm
_08616_,78.55µm
i_core_v_mini_mcu.ao_peripheral_subsystem_i.power_manager_i.power_manager_reg_top_i.en_wait_for_intr_qs\[25\],78.55µm
_06981_,78.5µm
_10969_,78.5µm
_18429_,78.5µm
_27742_,78.5µm
net89,78.5µm
net249,78.5µm
_24661_,78.46µm
_07391_,78.45µm
_07461_,78.45µm
_09106_,78.45µm
_13436_,78.45µm
_25224_,78.45µm
i_core_v_mini_mcu.cpu_subsystem_i.cpu_0_0.rf_ram_i.memory\[173\]\[1\],78.45µm
i_core_v_mini_mcu.cpu_subsystem_i.cpu_1_0.rf_ram_i.memory\[38\]\[0\],78.45µm
i_core_v_mini_mcu.memory_subsystem_i.ram0_i.tc_ram_i.sram\[23\]\[15\],78.45µm
net114,78.45µm
net571,78.45µm
_23467_,78.4µm
_22851_,78.14µm
i_core_v_mini_mcu.ao_peripheral_subsystem_i.mosaic_clint_i.mtimecmp_q\[0\],78.12µm
_21172_,78.09µm
_06821_,77.99µm
_15466_,77.99µm
_18486_,77.99µm
_27289_,77.99µm
net139,77.99µm
_08180_,77.94µm
_11002_,77.94µm
_15680_,77.94µm
_21879_,77.94µm
_22692_,77.94µm
_25380_,77.94µm
i_core_v_mini_mcu.ao_peripheral_subsystem_i.mosaic_clint_i.mtimecmp_q\[36\],77.94µm
i_core_v_mini_mcu.ao_peripheral_subsystem_i.spi_subsystem_i.obi_spimemio_i.obi_to_picorv32_i.obi_resp_o\[13\],77.94µm
net1146,77.94µm
_06610_,77.89µm
_11813_,77.89µm
i_core_v_mini_mcu.ao_peripheral_subsystem_i.clint_mtime_o\[12\],77.89µm
i_core_v_mini_mcu.ao_peripheral_subsystem_i.power_manager_i.power_manager_reg_top_i.en_wait_for_intr_qs\[11\],77.89µm
i_core_v_mini_mcu.memory_subsystem_i.ram0_i.tc_ram_i.sram\[10\]\[25\],77.89µm
i_core_v_mini_mcu.peripheral_subsystem_i.uart_i.reg2hw\[119\],77.89µm
net140,77.89µm
net1787,77.89µm
_08871_,77.84µm
_20946_,77.84µm
_24336_,77.84µm
_25065_,77.84µm
i_core_v_mini_mcu.cpu_subsystem_i.cpu_1_0.rf_ram_i.memory\[297\]\[0\],77.84µm
i_core_v_mini_mcu.memory_subsystem_i.ram0_i.tc_ram_i.sram\[11\]\[12\],77.84µm
_25394_,77.71µm
_18179_,77.68µm
_16895_,77.66µm
i_core_v_mini_mcu.memory_subsystem_i.ram0_i.tc_ram_i.sram\[5\]\[10\],77.66µm
_20897_,77.63µm
_10055_,77.48µm
net1630,77.48µm
_20407_,77.43µm
net38,77.43µm
_07331_,77.38µm
_09153_,77.38µm
_09395_,77.38µm
_16617_,77.38µm
_17121_,77.38µm
_19382_,77.38µm
_20275_,77.38µm
_23257_,77.38µm
i_core_v_mini_mcu.memory_subsystem_i.ram0_i.tc_ram_i.sram\[15\]\[25\],77.38µm
i_core_v_mini_mcu.memory_subsystem_i.ram0_i.tc_ram_i.sram\[29\]\[18\],77.38µm
i_core_v_mini_mcu.peripheral_subsystem_i.uart_i.uart_core.rx_timeout_count_q\[8\],77.38µm
_11932_,77.33µm
_18961_,77.33µm
_24799_,77.33µm
i_core_v_mini_mcu.ao_peripheral_subsystem_i.obi_fifo_i.consumer_resp_i\[9\],77.33µm
i_core_v_mini_mcu.memory_subsystem_i.ram0_i.tc_ram_i.sram\[17\]\[25\],77.33µm
_23710_,77.28µm
_25972_,77.28µm
_28338_,77.28µm
i_core_v_mini_mcu.ao_peripheral_subsystem_i.power_manager_i.power_manager_reg_top_i.global_pointer_qs\[14\],77.28µm
_10383_,76.92µm
_21333_,76.92µm
_23554_,76.92µm
_25216_,76.92µm
_10612_,76.87µm
_22127_,76.87µm
net1366,76.87µm
_09485_,76.82µm
_25479_,76.82µm
_25979_,76.82µm
_07028_,76.77µm
_17268_,76.77µm
_24632_,76.77µm
_25051_,76.77µm
_25876_,76.77µm
_27385_,76.77µm
i_core_v_mini_mcu.cpu_subsystem_i.cpu_0_0.i_servile.cpu.o_wdata0,76.77µm
i_core_v_mini_mcu.memory_subsystem_i.ram0_i.tc_ram_i.sram\[18\]\[24\],76.77µm
net1171,76.77µm
_06890_,76.72µm
_12073_,76.72µm
_12969_,76.72µm
_14216_,76.72µm
_27077_,76.72µm
_27088_,76.72µm
i_core_v_mini_mcu.ao_peripheral_subsystem_i.clint_mtime_o\[21\],76.72µm
_13830_,76.56µm
_21740_,76.51µm
_14061_,76.36µm
_18667_,76.36µm
_25078_,76.36µm
_06613_,76.31µm
_15302_,76.31µm
_18188_,76.31µm
i_core_v_mini_mcu.ao_peripheral_slave_resp\[24\],76.31µm
net69,76.31µm
net121,76.31µm
net225,76.31µm
net655,76.31µm
_09291_,76.26µm
_11137_,76.26µm
_14618_,76.26µm
_24444_,76.26µm
i_core_v_mini_mcu.ao_peripheral_subsystem_i.mosaic_clint_i.mtimecmp_q\[38\],76.26µm
net1393,76.26µm
_07201_,76.21µm
_09168_,76.21µm
_16476_,76.21µm
_20913_,76.21µm
_22241_,76.21µm
_23651_,76.21µm
_23820_,76.21µm
_25755_,76.21µm
_27374_,76.21µm
i_core_v_mini_mcu.cpu_subsystem_i.cpu_1_0.rf_ram_i.memory\[58\]\[1\],76.21µm
i_core_v_mini_mcu.memory_subsystem_i.ram0_i.tc_ram_i.sram\[0\]\[8\],76.21µm
i_core_v_mini_mcu.memory_subsystem_i.ram0_i.tc_ram_i.sram\[24\]\[11\],76.21µm
net1021,76.21µm
net1833,76.21µm
_07733_,76.16µm
_27001_,75.8µm
_27671_,75.8µm
_07314_,75.75µm
_25556_,75.75µm
_10680_,75.7µm
_14529_,75.7µm
_17205_,75.7µm
_26352_,75.7µm
i_core_v_mini_mcu.cpu_subsystem_i.cpu_1_0.i_servile.cpu.state.o_cnt\[2\],75.7µm
i_core_v_mini_mcu.memory_subsystem_i.ram0_i.tc_ram_i.sram\[31\]\[11\],75.7µm
i_core_v_mini_mcu.peripheral_subsystem_i.uart_i.hw2reg\[1\],75.7µm
_07327_,75.65µm
_23288_,75.65µm
_23767_,75.65µm
_25264_,75.65µm
net1756,75.65µm
_06893_,75.6µm
_07224_,75.6µm
_07583_,75.6µm
_07688_,75.6µm
_08112_,75.6µm
_08334_,75.6µm
_11983_,75.6µm
_13032_,75.6µm
_18509_,75.6µm
_23386_,75.6µm
_25496_,75.6µm
_28329_,75.6µm
i_core_v_mini_mcu.memory_subsystem_i.ram0_i.tc_ram_i.sram\[24\]\[9\],75.6µm
_06506_,75.56µm
net1369,75.37µm
_22685_,75.29µm
_24201_,75.19µm
_28424_,75.19µm
i_core_v_mini_mcu.ao_peripheral_subsystem_i.tdu_i.task_mem\[4\]\[14\],75.19µm
i_core_v_mini_mcu.memory_subsystem_i.ram0_i.tc_ram_i.sram\[13\]\[23\],75.19µm
i_core_v_mini_mcu.memory_subsystem_i.ram0_i.tc_ram_i.sram\[27\]\[14\],75.19µm
_13867_,75.14µm
_21590_,75.14µm
_23056_,75.14µm
_26468_,75.14µm
i_core_v_mini_mcu.ao_peripheral_subsystem_i.tdu_i.task_mem\[4\]\[21\],75.14µm
i_core_v_mini_mcu.cpu_subsystem_i.cpu_0_0.i_servile.cpu.bufreg.data\[1\],75.14µm
_07438_,75.09µm
_11716_,75.09µm
_12035_,75.09µm
_17862_,75.09µm
_21868_,75.09µm
_21955_,75.09µm
_25985_,75.09µm
_26828_,75.09µm
_27222_,75.09µm
i_core_v_mini_mcu.ao_peripheral_subsystem_i.spi_subsystem_i.obi_spimemio_i.obi_to_picorv32_i.addr_buf\[6\],75.09µm
_23870_,75.04µm
_26345_,75.04µm
_26840_,75.04µm
_27151_,75.04µm
i_core_v_mini_mcu.memory_subsystem_i.ram0_i.tc_ram_i.sram\[27\]\[13\],75.04µm
_26542_,74.76µm
_17853_,74.68µm
net131,74.68µm
_07005_,74.63µm
_18082_,74.63µm
_20214_,74.63µm
_26973_,74.63µm
i_core_v_mini_mcu.cpu_subsystem_i.cpu_0_0.i_servile.cpu.ctrl.o_ibus_adr\[11\],74.63µm
i_core_v_mini_mcu.memory_subsystem_i.ram0_i.tc_ram_i.sram\[21\]\[15\],74.63µm
_14847_,74.58µm
_18197_,74.58µm
_20453_,74.58µm
_22921_,74.58µm
_24310_,74.58µm
_26640_,74.58µm
i_core_v_mini_mcu.memory_subsystem_i.ram0_i.tc_ram_i.sram\[27\]\[11\],74.58µm
_07241_,74.53µm
_07514_,74.53µm
_10930_,74.53µm
_11420_,74.53µm
_12625_,74.53µm
i_core_v_mini_mcu.memory_subsystem_i.ram0_i.tc_ram_i.sram\[10\]\[13\],74.53µm
_07295_,74.48µm
_08381_,74.48µm
_08420_,74.48µm
_10364_,74.48µm
_22842_,74.48µm
i_core_v_mini_mcu.ao_peripheral_subsystem_i.tdu_i.active_hart_cycles_q\[15\],74.48µm
i_core_v_mini_mcu.cpu_subsystem_i.cpu_1_0.rf_ram_i.memory\[86\]\[1\],74.48µm
i_core_v_mini_mcu.memory_subsystem_i.ram0_i.rdata_o\[26\],74.48µm
i_core_v_mini_mcu.memory_subsystem_i.ram0_i.tc_ram_i.sram\[11\]\[15\],74.48µm
i_core_v_mini_mcu.memory_subsystem_i.ram0_i.tc_ram_i.sram\[26\]\[12\],74.48µm
i_core_v_mini_mcu.memory_subsystem_i.ram0_i.tc_ram_i.sram\[26\]\[9\],74.48µm
net568,74.48µm
_17643_,74.41µm
_26524_,74.32µm
_09759_,74.12µm
_20990_,74.12µm
_05529_,74.07µm
_11113_,74.07µm
i_core_v_mini_mcu.cpu_subsystem_i.cpu_0_0.i_servile.cpu.state.cnt_r\[3\],74.07µm
i_core_v_mini_mcu.cpu_subsystem_i.cpu_1_0.i_servile.cpu.immdec.gen_immdec_w_eq_1.imm11_7\[0\],74.07µm
net48,74.07µm
_13329_,74.02µm
_13478_,74.02µm
_23864_,74.02µm
_24664_,74.02µm
_06305_,73.97µm
_07504_,73.97µm
_07867_,73.97µm
_09343_,73.97µm
_09471_,73.97µm
_19644_,73.97µm
_21272_,73.97µm
_21751_,73.97µm
_22476_,73.97µm
i_core_v_mini_mcu.peripheral_slave_resp\[10\],73.97µm
_07147_,73.92µm
_11854_,73.92µm
_17658_,73.92µm
_20612_,73.92µm
_27486_,73.92µm
i_core_v_mini_mcu.memory_subsystem_i.ram0_i.tc_ram_i.sram\[20\]\[8\],73.92µm
i_core_v_mini_mcu.memory_subsystem_i.ram0_i.tc_ram_i.sram\[26\]\[13\],73.92µm
_27899_,73.76µm
_13828_,73.74µm
_07141_,73.61µm
_23639_,73.51µm
_25701_,73.51µm
i_core_v_mini_mcu.core_data_req\[98\],73.51µm
i_core_v_mini_mcu.ao_peripheral_subsystem_i.spi_subsystem_i.obi_spimemio_i.obi_to_picorv32_i.obi_resp_o\[5\],73.48µm
_06192_,73.46µm
_12782_,73.46µm
_17377_,73.46µm
_20306_,73.46µm
i_core_v_mini_mcu.ao_peripheral_subsystem_i.spi_subsystem_i.obi_spimemio_i.spimemio_i.xfer.count\[3\],73.46µm
_21358_,73.43µm
_07072_,73.41µm
_08925_,73.41µm
_11993_,73.41µm
_19127_,73.41µm
_19156_,73.41µm
_24063_,73.41µm
_25757_,73.41µm
_26264_,73.41µm
i_core_v_mini_mcu.ao_peripheral_subsystem_i.mosaic_clint_i.mtimecmp_q\[35\],73.41µm
net57,73.41µm
i_core_v_mini_mcu.ao_peripheral_subsystem_i.clint_mtime_o\[8\],73.38µm
_06471_,73.36µm
_07873_,73.36µm
_09255_,73.36µm
_12784_,73.36µm
_13987_,73.36µm
_25907_,73.36µm
_28047_,73.36µm
i_core_v_mini_mcu.ao_peripheral_subsystem_i.tdu_i.task_mem\[2\]\[21\],73.36µm
i_core_v_mini_mcu.cpu_subsystem_i.cpu_1_0.rf_ram_i.memory\[402\]\[1\],73.36µm
i_core_v_mini_mcu.ao_peripheral_subsystem_i.clint_mtime_o\[14\],73.28µm
_06591_,73.1µm
_15198_,73.05µm
_28125_,73.05µm
_10477_,73µm
_05734_,72.95µm
_18641_,72.95µm
_21728_,72.95µm
i_core_v_mini_mcu.ao_peripheral_subsystem_i.clint_mtime_o\[36\],72.95µm
i_core_v_mini_mcu.memory_subsystem_i.ram0_i.tc_ram_i.sram\[14\]\[9\],72.94µm
_12437_,72.9µm
_15579_,72.9µm
_19411_,72.9µm
i_core_v_mini_mcu.ao_peripheral_subsystem_i.tdu_i.count_q\[0\],72.9µm
i_core_v_mini_mcu.ao_peripheral_subsystem_i.tdu_i.task_mem\[4\]\[26\],72.9µm
net74,72.9µm
_13851_,72.85µm
_18157_,72.85µm
_18600_,72.85µm
_22057_,72.85µm
i_core_v_mini_mcu.ao_peripheral_subsystem_i.obi_fifo_i.consumer_data_req\[38\],72.85µm
i_core_v_mini_mcu.cpu_subsystem_i.cpu_1_0.rf_ram_i.memory\[61\]\[1\],72.85µm
i_core_v_mini_mcu.memory_subsystem_i.ram0_i.tc_ram_i.sram\[10\]\[8\],72.85µm
i_core_v_mini_mcu.memory_subsystem_i.ram0_i.tc_ram_i.sram\[18\]\[25\],72.85µm
i_core_v_mini_mcu.memory_subsystem_i.ram0_i.tc_ram_i.sram\[18\]\[8\],72.85µm
_07024_,72.8µm
_07263_,72.8µm
_07960_,72.8µm
_10273_,72.8µm
_18099_,72.8µm
i_core_v_mini_mcu.peripheral_subsystem_i.uart_i.reg2hw\[91\],72.77µm
_06815_,72.69µm
_21745_,72.57µm
_15626_,72.49µm
_22691_,72.44µm
_21973_,72.39µm
_27851_,72.39µm
i_core_v_mini_mcu.ao_peripheral_subsystem_i.clint_mtime_o\[33\],72.39µm
i_core_v_mini_mcu.ao_peripheral_subsystem_i.mosaic_clint_i.mtimecmp_q\[65\],72.39µm
i_core_v_mini_mcu.ao_peripheral_subsystem_i.spi_subsystem_i.obi_spimemio_i.spimemio_i.din_data\[3\],72.39µm
net117,72.39µm
_06500_,72.34µm
_14406_,72.34µm
_22493_,72.34µm
_23645_,72.34µm
_25019_,72.34µm
_27125_,72.34µm
_05870_,72.29µm
_06072_,72.29µm
_07022_,72.29µm
_07660_,72.29µm
_14456_,72.29µm
_20661_,72.29µm
_20703_,72.29µm
_22064_,72.29µm
_23765_,72.29µm
_24289_,72.29µm
i_core_v_mini_mcu.memory_subsystem_i.ram0_i.tc_ram_i.sram\[26\]\[14\],72.29µm
i_core_v_mini_mcu.memory_subsystem_i.ram0_i.tc_ram_i.sram\[5\]\[8\],72.29µm
_05657_,72.24µm
_07594_,72.24µm
_08432_,72.24µm
_25425_,72.24µm
i_core_v_mini_mcu.cpu_subsystem_i.cpu_1_0.rf_ram_i.memory\[38\]\[1\],72.24µm
i_core_v_mini_mcu.memory_subsystem_i.ram0_i.tc_ram_i.sram\[28\]\[9\],72.24µm
net719,72.06µm
_21975_,71.93µm
_27863_,71.93µm
_08986_,71.92µm
_09205_,71.88µm
_10798_,71.88µm
_17251_,71.88µm
_18335_,71.88µm
i_core_v_mini_mcu.ao_peripheral_subsystem_i.clint_mtime_o\[24\],71.88µm
_18438_,71.83µm
_28440_,71.83µm
i_core_v_mini_mcu.memory_subsystem_i.ram0_i.tc_ram_i.sram\[20\]\[15\],71.83µm
_07374_,71.78µm
_17279_,71.78µm
_18279_,71.78µm
_19767_,71.78µm
_26027_,71.78µm
_28393_,71.78µm
i_core_v_mini_mcu.memory_subsystem_i.ram0_i.tc_ram_i.sram\[24\]\[14\],71.78µm
_06181_,71.73µm
_07922_,71.73µm
_08419_,71.73µm
_08556_,71.73µm
_13239_,71.73µm
_21548_,71.73µm
_24406_,71.73µm
_24979_,71.73µm
_25857_,71.73µm
_26299_,71.73µm
_28438_,71.73µm
i_core_v_mini_mcu.cpu_subsystem_i.cpu_0_0.i_servile.cpu.immdec.gen_immdec_w_eq_1.imm24_20\[3\],71.73µm
i_core_v_mini_mcu.memory_subsystem_i.ram0_i.tc_ram_i.sram\[19\]\[25\],71.73µm
i_core_v_mini_mcu.memory_subsystem_i.ram0_i.tc_ram_i.sram\[25\]\[28\],71.73µm
net129,71.73µm
net1837,71.73µm
_06109_,71.7µm
_05569_,71.68µm
_07269_,71.68µm
_17388_,71.68µm
_26313_,71.68µm
_26756_,71.68µm
net353,71.68µm
i_core_v_mini_mcu.ao_peripheral_subsystem_i.clint_mtime_o\[56\],71.37µm
_17762_,71.27µm
_28387_,71.27µm
i_core_v_mini_mcu.ao_peripheral_subsystem_i.spi_subsystem_i.obi_spimemio_i.spimemio_i.state\[1\],71.27µm
net346,71.27µm
_07512_,71.22µm
_18728_,71.22µm
_25712_,71.22µm
net94,71.22µm
_11054_,71.17µm
_11914_,71.17µm
_13811_,71.17µm
_16837_,71.17µm
_18719_,71.17µm
_24460_,71.17µm
i_core_v_mini_mcu.ao_peripheral_subsystem_i.power_manager_i.cpu_powergate_counter_expired_iso_on,71.17µm
i_core_v_mini_mcu.cpu_subsystem_i.cpu_0_0.rf_ram_i.memory\[138\]\[1\],71.17µm
i_core_v_mini_mcu.peripheral_subsystem_i.periph_to_reg_i.r_rdata_d\[28\],71.17µm
_07394_,71.12µm
_10970_,71.12µm
_12064_,71.12µm
_19686_,71.12µm
_25240_,71.12µm
_28446_,71.12µm
i_core_v_mini_mcu.ao_peripheral_subsystem_i.power_manager_i.power_manager_reg_top_i.cpu_reset_deassert_counter_qs\[13\],71.12µm
i_core_v_mini_mcu.cpu_subsystem_i.cpu_0_0.i_servile.cpu.immdec.gen_immdec_w_eq_1.imm19_12_20\[6\],71.12µm
i_core_v_mini_mcu.memory_subsystem_i.ram0_i.tc_ram_i.sram\[25\]\[14\],70.86µm
net1574,70.86µm
i_core_v_mini_mcu.ao_peripheral_subsystem_i.mosaic_clint_i.mtimecmp_q\[32\],70.81µm
net846,70.81µm
_16748_,70.76µm
net82,70.76µm
_07338_,70.71µm
_14614_,70.71µm
_21580_,70.71µm
_23128_,70.71µm
_28389_,70.71µm
net1383,70.71µm
_07566_,70.66µm
_07957_,70.66µm
_18108_,70.66µm
_18596_,70.66µm
_19992_,70.66µm
_21995_,70.66µm
_24744_,70.66µm
i_core_v_mini_mcu.ao_peripheral_subsystem_i.mosaic_clint_i.mtimecmp_q\[84\],70.66µm
i_core_v_mini_mcu.memory_subsystem_i.ram0_i.rdata_o\[23\],70.66µm
net1869,70.66µm
_08454_,70.61µm
_15701_,70.61µm
_27702_,70.61µm
net15,70.61µm
_07460_,70.56µm
_09742_,70.56µm
_11675_,70.56µm
_11952_,70.56µm
_13586_,70.56µm
_24615_,70.56µm
_24618_,70.56µm
_26885_,70.56µm
_27544_,70.56µm
_28304_,70.56µm
i_core_v_mini_mcu.ao_peripheral_subsystem_i.spi_subsystem_i.obi_spimemio_i.obi_to_picorv32_i.picorv32_resp_i\[29\],70.56µm
i_core_v_mini_mcu.memory_subsystem_i.ram0_i.tc_ram_i.sram\[24\]\[17\],70.56µm
_08105_,70.44µm
_18487_,70.4µm
i_core_v_mini_mcu.memory_subsystem_i.ram0_i.tc_ram_i.sram\[11\]\[25\],70.38µm
_07221_,70.25µm
net727,70.25µm
_17709_,70.2µm
_23409_,70.15µm
i_core_v_mini_mcu.ao_peripheral_subsystem_i.tdu_i.task_mem\[4\]\[30\],70.15µm
i_core_v_mini_mcu.peripheral_subsystem_i.uart_i.reg2hw\[24\],70.15µm
clknet_leaf_11_i_core_v_mini_mcu.cpu_subsystem_i.cpu_0_0.clk_i,70.15µm
_05489_,70.1µm
_23175_,70.1µm
_24920_,70.1µm
i_core_v_mini_mcu.ao_peripheral_subsystem_i.obi_fifo_i.consumer_data_req\[67\],70.1µm
i_core_v_mini_mcu.ao_peripheral_subsystem_i.obi_fifo_i.consumer_data_req\[6\],70.1µm
_07223_,70.05µm
_08859_,70.05µm
_12369_,70.05µm
_18445_,70.05µm
_21556_,70.05µm
_24322_,70.05µm
i_core_v_mini_mcu.ao_peripheral_subsystem_i.clint_mtime_o\[58\],70.05µm
i_core_v_mini_mcu.ao_peripheral_subsystem_i.tdu_i.task_mem\[2\]\[19\],70.05µm
_06781_,70µm
_12934_,70µm
_18340_,70µm
_18414_,70µm
_18595_,70µm
_20888_,70µm
_22439_,70µm
_22830_,70µm
_27876_,70µm
i_core_v_mini_mcu.ao_peripheral_subsystem_i.clint_mtime_o\[45\],69.74µm
_14941_,69.69µm
_20180_,69.69µm
_20906_,69.64µm
_06682_,69.59µm
i_core_v_mini_mcu.cpu_subsystem_i.cpu_1_0.rf_ram_i.memory\[59\]\[1\],69.59µm
i_core_v_mini_mcu.cpu_subsystem_i.cpu_1_0.rf_ram_i.memory\[86\]\[0\],69.59µm
_07536_,69.54µm
_08131_,69.54µm
_19310_,69.54µm
_26628_,69.54µm
_26857_,69.54µm
exit_value_int\[26\],69.54µm
i_core_v_mini_mcu.ao_peripheral_subsystem_i.mosaic_clint_i.mtimecmp_q\[64\],69.54µm
i_core_v_mini_mcu.ao_peripheral_subsystem_i.power_manager_i.power_manager_sequence_periph_iso_i.sequence_curr_state\[2\],69.54µm
i_core_v_mini_mcu.cpu_subsystem_i.cpu_0_0.rf_ram_i.memory\[415\]\[1\],69.54µm
i_core_v_mini_mcu.peripheral_subsystem_i.periph_to_reg_i.r_rdata_d\[0\],69.54µm
_08090_,69.49µm
_08818_,69.49µm
_11707_,69.49µm
_14221_,69.49µm
_16445_,69.49µm
_18470_,69.49µm
_21661_,69.49µm
_25593_,69.49µm
_26787_,69.49µm
_27542_,69.49µm
_07363_,69.44µm
_12581_,69.44µm
_12872_,69.44µm
_21849_,69.44µm
_22019_,69.44µm
_23217_,69.44µm
_24955_,69.44µm
_25282_,69.44µm
i_core_v_mini_mcu.core_data_req\[79\],69.44µm
_18442_,69.23µm
_19818_,69.21µm
_06174_,69.08µm
_17130_,69.08µm
_20267_,69.08µm
_21798_,69.08µm
i_core_v_mini_mcu.cpu_subsystem_i.cpu_0_0.i_servile.arbiter.i_wb_cpu_ibus_adr\[1\],69.08µm
_10602_,69.03µm
_18257_,69.03µm
i_core_v_mini_mcu.memory_subsystem_i.ram0_i.tc_ram_i.sram\[11\]\[13\],69.03µm
_06491_,68.98µm
_11440_,68.98µm
_15834_,68.98µm
_21493_,68.98µm
_23625_,68.98µm
_23706_,68.98µm
_24052_,68.98µm
_26011_,68.98µm
i_core_v_mini_mcu.ao_peripheral_subsystem_i.power_manager_i.power_manager_reg_top_i.global_pointer_qs\[8\],68.98µm
_06910_,68.93µm
_11209_,68.93µm
_11973_,68.93µm
_12411_,68.93µm
_13938_,68.93µm
i_core_v_mini_mcu.ao_peripheral_subsystem_i.spi_subsystem_i.obi_spimemio_i.obi_to_picorv32_i.picorv32_resp_i\[31\],68.93µm
i_core_v_mini_mcu.cpu_subsystem_i.cpu_1_0.rf_ram_i.memory\[393\]\[0\],68.93µm
_07638_,68.88µm
_07869_,68.88µm
_09086_,68.88µm
_11221_,68.88µm
_14955_,68.88µm
_26346_,68.88µm
i_core_v_mini_mcu.ao_peripheral_subsystem_i.clint_mtime_o\[3\],68.88µm
i_core_v_mini_mcu.cpu_subsystem_i.cpu_1_0.rf_ram_i.memory\[58\]\[0\],68.88µm
i_core_v_mini_mcu.memory_subsystem_i.ram0_i.tc_ram_i.sram\[17\]\[31\],68.88µm
i_core_v_mini_mcu.memory_subsystem_i.ram0_i.tc_ram_i.sram\[20\]\[14\],68.88µm
_06988_,68.65µm
_26301_,68.6µm
net1370,68.57µm
_06628_,68.52µm
_23666_,68.52µm
_05551_,68.47µm
_08886_,68.47µm
_09941_,68.47µm
_21887_,68.47µm
i_core_v_mini_mcu.ao_peripheral_subsystem_i.mosaic_clint_i.mtimecmp_q\[95\],68.47µm
net1796,68.47µm
_07832_,68.42µm
_10537_,68.42µm
i_core_v_mini_mcu.ao_peripheral_subsystem_i.clint_mtime_o\[10\],68.42µm
_06647_,68.37µm
_07004_,68.37µm
_15711_,68.37µm
_24178_,68.37µm
_26265_,68.37µm
i_core_v_mini_mcu.ao_peripheral_subsystem_i.spi_subsystem_i.obi_spimemio_i.spimemio_i.rd_valid,68.37µm
i_core_v_mini_mcu.memory_subsystem_i.ram0_i.tc_ram_i.sram\[11\]\[24\],68.37µm
_07532_,68.32µm
_08169_,68.32µm
_08248_,68.32µm
_10038_,68.32µm
_13316_,68.32µm
_26587_,68.32µm
_28160_,68.32µm
i_core_v_mini_mcu.cpu_subsystem_i.cpu_1_0.rf_ram_i.memory\[482\]\[1\],68.32µm
i_core_v_mini_mcu.memory_subsystem_i.ram0_i.rdata_o\[13\],68.32µm
net349,68.32µm
i_core_v_mini_mcu.ao_peripheral_subsystem_i.clint_mtime_o\[34\],68.01µm
_08825_,67.96µm
_14375_,67.96µm
net1172,67.96µm
i_core_v_mini_mcu.ao_peripheral_subsystem_i.mosaic_clint_i.mtimecmp_q\[121\],67.91µm
net93,67.91µm
_11737_,67.86µm
_21154_,67.86µm
i_core_v_mini_mcu.ao_peripheral_subsystem_i.soc_ctrl_i.reg2hw\[28\],67.86µm
_07054_,67.81µm
_07239_,67.81µm
_08302_,67.81µm
_08491_,67.81µm
_08546_,67.81µm
_18476_,67.81µm
_19939_,67.81µm
_21102_,67.81µm
_23395_,67.81µm
_25691_,67.81µm
_25887_,67.81µm
_26786_,67.81µm
_26902_,67.81µm
_07749_,67.76µm
_08503_,67.76µm
_13538_,67.76µm
_15926_,67.76µm
_19539_,67.76µm
_24613_,67.76µm
_25012_,67.76µm
_25698_,67.76µm
i_core_v_mini_mcu.ao_peripheral_subsystem_i.power_manager_i.power_manager_reg_top_i.power_gate_ram_block_0_ack_qs,67.76µm
i_core_v_mini_mcu.cpu_subsystem_i.cpu_1_0.i_servile.cpu.state.cnt_r\[2\],67.76µm
i_core_v_mini_mcu.memory_subsystem_i.ram0_i.tc_ram_i.sram\[27\]\[12\],67.76µm
_23561_,67.6µm
i_core_v_mini_mcu.ao_peripheral_subsystem_i.mosaic_clint_i.mtimecmp_q\[77\],67.58µm
_17856_,67.45µm
_10618_,67.4µm
_18857_,67.4µm
i_core_v_mini_mcu.ao_peripheral_subsystem_i.spi_subsystem_i.obi_spimemio_i.spimemio_i.xfer.xfer_ddr,67.4µm
i_core_v_mini_mcu.core_data_req\[99\],67.4µm
net113,67.4µm
_08777_,67.35µm
_09442_,67.35µm
_13838_,67.35µm
_06303_,67.3µm
_10447_,67.3µm
_15652_,67.3µm
_06697_,67.25µm
_08185_,67.25µm
_08983_,67.25µm
_11259_,67.25µm
_14032_,67.25µm
_22033_,67.25µm
_27244_,67.25µm
i_core_v_mini_mcu.cpu_subsystem_i.cpu_0_0.i_servile.cpu.decode.o_ctrl_mret,67.25µm
net243,67.25µm
_10616_,67.2µm
_12825_,67.2µm
_13337_,67.2µm
_16593_,67.2µm
_18479_,67.2µm
_21805_,67.2µm
_22518_,67.2µm
_24764_,67.2µm
_25916_,67.2µm
_26340_,67.2µm
i_core_v_mini_mcu.ao_peripheral_subsystem_i.power_manager_i.power_manager_reg_top_i.reg2hw\[231\],67.2µm
i_core_v_mini_mcu.cpu_subsystem_i.cpu_1_0.rf_ram_i.memory\[2\]\[0\],67.2µm
i_core_v_mini_mcu.memory_subsystem_i.ram0_i.tc_ram_i.sram\[16\]\[12\],67.2µm
_16768_,66.89µm
_17959_,66.84µm
_18176_,66.84µm
_09963_,66.79µm
_15608_,66.79µm
i_core_v_mini_mcu.ao_peripheral_subsystem_i.clint_mtime_o\[5\],66.79µm
i_core_v_mini_mcu.ao_peripheral_subsystem_i.tdu_i.task_mem\[0\]\[3\],66.79µm
net130,66.79µm
_07002_,66.74µm
_10315_,66.74µm
_15469_,66.74µm
_19146_,66.74µm
i_core_v_mini_mcu.core_data_req\[72\],66.74µm
i_core_v_mini_mcu.cpu_subsystem_i.cpu_0_0.i_servile.cpu.ctrl.o_ibus_adr\[17\],66.74µm
i_core_v_mini_mcu.cpu_subsystem_i.cpu_1_0.rf_ram_i.memory\[59\]\[0\],66.74µm
_05517_,66.69µm
_07382_,66.69µm
_07431_,66.69µm
_08743_,66.69µm
_11426_,66.69µm
_18930_,66.69µm
_25340_,66.69µm
_25489_,66.69µm
_26715_,66.69µm
i_core_v_mini_mcu.ao_peripheral_subsystem_i.tdu_i.task_mem\[0\]\[19\],66.69µm
i_core_v_mini_mcu.memory_subsystem_i.ram0_i.tc_ram_i.sram\[17\]\[24\],66.69µm
i_core_v_mini_mcu.memory_subsystem_i.ram0_i.tc_ram_i.sram\[22\]\[8\],66.69µm
net675,66.69µm
_09554_,66.64µm
_09899_,66.64µm
_12856_,66.64µm
_13545_,66.64µm
_18612_,66.64µm
_19058_,66.64µm
_21890_,66.64µm
_22988_,66.64µm
_24308_,66.64µm
_25087_,66.64µm
_25160_,66.64µm
_25253_,66.64µm
_26600_,66.64µm
i_core_v_mini_mcu.memory_subsystem_i.ram0_i.tc_ram_i.sram\[27\]\[8\],66.64µm
_14373_,66.28µm
_21726_,66.28µm
_10600_,66.23µm
_21737_,66.23µm
_22912_,66.23µm
_24901_,66.23µm
_05523_,66.18µm
_11523_,66.18µm
_16270_,66.18µm
_19537_,66.18µm
i_core_v_mini_mcu.ao_peripheral_subsystem_i.clint_mtime_o\[37\],66.18µm
i_core_v_mini_mcu.ao_peripheral_subsystem_i.mosaic_clint_i.mtimecmp_q\[85\],66.18µm
i_core_v_mini_mcu.ao_peripheral_subsystem_i.tdu_i.task_mem\[4\]\[17\],66.18µm
i_core_v_mini_mcu.cpu_subsystem_i.cpu_1_0.rf_ram_i.memory\[83\]\[0\],66.18µm
_04231_,66.13µm
_06620_,66.13µm
_08370_,66.13µm
_11823_,66.13µm
_14223_,66.13µm
_17371_,66.13µm
_19352_,66.13µm
_25055_,66.13µm
_25645_,66.13µm
_25992_,66.13µm
_26050_,66.13µm
_26380_,66.13µm
_26393_,66.13µm
i_core_v_mini_mcu.cpu_subsystem_i.cpu_1_0.rf_ram_i.memory\[48\]\[0\],66.13µm
i_core_v_mini_mcu.peripheral_subsystem_i.obi_fifo_i.consumer_resp_i\[5\],66.13µm
_07012_,66.08µm
_07563_,66.08µm
_08330_,66.08µm
_08610_,66.08µm
_08951_,66.08µm
_11676_,66.08µm
_24791_,66.08µm
_25369_,66.08µm
_25813_,66.08µm
_27087_,66.08µm
_28043_,66.08µm
i_core_v_mini_mcu.ao_peripheral_subsystem_i.tdu_i.task_mem\[0\]\[2\],66.08µm
i_core_v_mini_mcu.memory_subsystem_i.ram0_i.tc_ram_i.sram\[17\]\[14\],66.08µm
i_core_v_mini_mcu.cpu_subsystem_i.cpu_1_0.i_servile.cpu.immdec.gen_immdec_w_eq_1.imm30_25\[0\],65.8µm
_06885_,65.72µm
_18306_,65.72µm
_07578_,65.67µm
_09443_,65.67µm
_22380_,65.67µm
_17368_,65.62µm
_23306_,65.62µm
i_core_v_mini_mcu.ao_peripheral_subsystem_i.power_manager_i.power_manager_reg_top_i.intr_state_qs\[11\],65.62µm
i_core_v_mini_mcu.cpu_subsystem_i.cpu_1_0.rf_ram_i.memory\[296\]\[0\],65.62µm
_10271_,65.57µm
_13612_,65.57µm
_16453_,65.57µm
_20753_,65.57µm
_23505_,65.57µm
_24853_,65.57µm
_25643_,65.57µm
_26985_,65.57µm
i_core_v_mini_mcu.memory_subsystem_i.ram0_i.tc_ram_i.sram\[10\]\[12\],65.57µm
i_core_v_mini_mcu.memory_subsystem_i.ram0_i.tc_ram_i.sram\[18\]\[11\],65.57µm
i_core_v_mini_mcu.memory_subsystem_i.ram0_i.tc_ram_i.sram\[30\]\[11\],65.57µm
i_core_v_mini_mcu.memory_subsystem_i.ram0_i.tc_ram_i.sram\[8\]\[13\],65.57µm
i_core_v_mini_mcu.peripheral_subsystem_i.periph_to_reg_i.r_rdata_d\[11\],65.57µm
net1147,65.57µm
_00014_,65.52µm
_06792_,65.52µm
_21594_,65.52µm
_23204_,65.52µm
_26685_,65.52µm
i_core_v_mini_mcu.memory_subsystem_i.ram0_i.tc_ram_i.sram\[27\]\[10\],65.52µm
i_core_v_mini_mcu.memory_subsystem_i.ram0_i.tc_ram_i.sram\[2\]\[26\],65.52µm
_07502_,65.29µm
_17127_,65.16µm
i_core_v_mini_mcu.memory_subsystem_i.ram0_i.tc_ram_i.sram\[10\]\[27\],65.14µm
_23219_,65.11µm
i_core_v_mini_mcu.ao_peripheral_subsystem_i.mosaic_clint_i.mtimecmp_q\[28\],65.11µm
_10630_,65.06µm
_17519_,65.06µm
_21725_,65.06µm
_22823_,65.06µm
_27789_,65.06µm
i_core_v_mini_mcu.ao_peripheral_subsystem_i.tdu_i.task_mem\[4\]\[15\],65.06µm
i_core_v_mini_mcu.memory_subsystem_i.ram0_i.tc_ram_i.sram\[11\]\[26\],65.06µm
i_core_v_mini_mcu.memory_subsystem_i.ram0_i.tc_ram_i.sram\[22\]\[11\],65.06µm
net4,65.06µm
_05427_,65.01µm
_05667_,65.01µm
_07518_,65.01µm
_07966_,65.01µm
_08063_,65.01µm
_08101_,65.01µm
_10121_,65.01µm
_16482_,65.01µm
_18330_,65.01µm
_23815_,65.01µm
_25004_,65.01µm
_25144_,65.01µm
_25184_,65.01µm
_26645_,65.01µm
i_core_v_mini_mcu.ao_peripheral_subsystem_i.tdu_i.count_q\[1\],65.01µm
i_core_v_mini_mcu.cpu_subsystem_i.cpu_0_0.rf_ram_i.memory\[56\]\[0\],65.01µm
i_core_v_mini_mcu.memory_subsystem_i.ram0_i.tc_ram_i.sram\[27\]\[15\],65.01µm
_06163_,64.96µm
_06783_,64.96µm
_07805_,64.96µm
_08069_,64.96µm
_11863_,64.96µm
_13333_,64.96µm
_15358_,64.96µm
_17362_,64.96µm
_22434_,64.96µm
_25275_,64.96µm
_26479_,64.96µm
_27024_,64.96µm
_27617_,64.96µm
_09710_,64.75µm
_06436_,64.6µm
_09016_,64.6µm
_05455_,64.55µm
_05868_,64.55µm
_07059_,64.55µm
_09707_,64.55µm
_19228_,64.55µm
_23702_,64.55µm
_05496_,64.5µm
_05500_,64.5µm
_09257_,64.5µm
_10905_,64.5µm
_14840_,64.5µm
_14969_,64.5µm
_15566_,64.5µm
_15677_,64.5µm
_16307_,64.5µm
_26068_,64.5µm
i_core_v_mini_mcu.ao_peripheral_subsystem_i.power_manager_i.power_manager_reg_top_i.cpu_iso_off_counter_qs\[2\],64.5µm
i_core_v_mini_mcu.cpu_subsystem_i.cpu_1_0.rf_ram_i.memory\[150\]\[1\],64.5µm
i_core_v_mini_mcu.memory_subsystem_i.ram0_i.tc_ram_i.sram\[28\]\[14\],64.5µm
net62,64.5µm
net1666,64.5µm
net1874,64.5µm
_06137_,64.45µm
_07909_,64.45µm
_08369_,64.45µm
_08783_,64.45µm
_08807_,64.45µm
_08878_,64.45µm
_09592_,64.45µm
_15637_,64.45µm
_18175_,64.45µm
_18565_,64.45µm
_20319_,64.45µm
_25790_,64.45µm
i_core_v_mini_mcu.memory_subsystem_i.ram0_i.tc_ram_i.sram\[16\]\[29\],64.45µm
i_core_v_mini_mcu.memory_subsystem_i.ram0_i.tc_ram_i.sram\[26\]\[11\],64.45µm
_07918_,64.4µm
_08064_,64.4µm
_08377_,64.4µm
_18190_,64.4µm
_24378_,64.4µm
_25456_,64.4µm
_27481_,64.4µm
_28103_,64.4µm
_28385_,64.4µm
i_core_v_mini_mcu.cpu_subsystem_i.cpu_0_0.rf_ram_i.memory\[82\]\[0\],64.4µm
_06604_,64.27µm
i_core_v_mini_mcu.cpu_subsystem_i.cpu_0_0.rf_ram_i.memory\[414\]\[1\],64.27µm
i_core_v_mini_mcu.peripheral_subsystem_i.uart_i.reg2hw\[7\],64.27µm
_25280_,64.17µm
_17956_,64.09µm
_09590_,63.99µm
_17684_,63.99µm
_26713_,63.99µm
i_core_v_mini_mcu.ao_peripheral_subsystem_i.power_manager_i.power_manager_reg_top_i.en_wait_for_intr_qs\[24\],63.99µm
_06429_,63.94µm
_15661_,63.94µm
_26881_,63.94µm
i_core_v_mini_mcu.ao_peripheral_subsystem_i.clint_mtime_o\[6\],63.94µm
i_core_v_mini_mcu.memory_subsystem_i.clk_cg,63.94µm
i_core_v_mini_mcu.memory_subsystem_i.ram0_i.tc_ram_i.sram\[22\]\[14\],63.94µm
i_core_v_mini_mcu.peripheral_subsystem_i.uart_i.reg2hw\[29\],63.94µm
net282,63.94µm
_06995_,63.89µm
_07413_,63.89µm
_12322_,63.89µm
_19574_,63.89µm
_19931_,63.89µm
_21635_,63.89µm
_21770_,63.89µm
_24570_,63.89µm
_25893_,63.89µm
i_core_v_mini_mcu.memory_subsystem_i.ram0_i.tc_ram_i.sram\[14\]\[10\],63.89µm
i_core_v_mini_mcu.memory_subsystem_i.ram0_i.tc_ram_i.sram\[24\]\[22\],63.89µm
_07685_,63.84µm
_10045_,63.84µm
_10567_,63.84µm
_12970_,63.84µm
_27141_,63.84µm
i_core_v_mini_mcu.cpu_subsystem_i.cpu_1_0.rf_ram_i.memory\[18\]\[1\],63.84µm
_21891_,63.48µm
i_core_v_mini_mcu.ao_peripheral_subsystem_i.clint_mtime_o\[30\],63.48µm
i_core_v_mini_mcu.ao_peripheral_subsystem_i.clint_mtime_o\[41\],63.48µm
i_core_v_mini_mcu.peripheral_subsystem_i.uart_i.reg2hw\[20\],63.48µm
i_core_v_mini_mcu.memory_subsystem_i.ram0_i.tc_ram_i.sram\[20\]\[4\],63.46µm
_09767_,63.43µm
net1940,63.43µm
_16030_,63.38µm
_25566_,63.38µm
i_core_v_mini_mcu.ao_peripheral_subsystem_i.tdu_i.task_mem\[2\]\[24\],63.38µm
i_core_v_mini_mcu.ao_peripheral_subsystem_i.tdu_i.task_mem\[4\]\[28\],63.38µm
i_core_v_mini_mcu.peripheral_subsystem_i.uart_i.reg2hw\[2\],63.38µm
i_core_v_mini_mcu.peripheral_subsystem_i.uart_i.uart_core.rx_timeout_count_q\[16\],63.38µm
_06939_,63.33µm
_07543_,63.33µm
_22324_,63.33µm
_22562_,63.33µm
_23551_,63.33µm
_25452_,63.33µm
_25788_,63.33µm
_27085_,63.33µm
_27322_,63.33µm
i_core_v_mini_mcu.ao_peripheral_subsystem_i.obi_fifo_i.consumer_resp_i\[32\],63.33µm
i_core_v_mini_mcu.ao_peripheral_subsystem_i.spi_subsystem_i.obi_spimemio_i.spimemio_i.rd_addr\[6\],63.33µm
i_core_v_mini_mcu.ao_peripheral_subsystem_i.tdu_i.task_mem\[0\]\[27\],63.33µm
_07281_,63.28µm
_11670_,63.28µm
_13399_,63.28µm
_19369_,63.28µm
i_core_v_mini_mcu.ao_peripheral_subsystem_i.spi_subsystem_i.obi_spimemio_i.obi_to_picorv32_i.picorv32_resp_i\[26\],63.28µm
i_core_v_mini_mcu.memory_subsystem_i.ram0_i.tc_ram_i.sram\[12\]\[12\],63.28µm
i_core_v_mini_mcu.memory_subsystem_i.ram0_i.tc_ram_i.sram\[13\]\[11\],63.28µm
i_core_v_mini_mcu.peripheral_slave_resp\[22\],63.28µm
i_core_v_mini_mcu.ao_peripheral_subsystem_i.clint_mtime_o\[50\],63.12µm
_09026_,63.1µm
_16631_,63.02µm
i_core_v_mini_mcu.cpu_subsystem_i.cpu_1_0.rf_ram_i.memory\[294\]\[0\],63µm
i_core_v_mini_mcu.ao_peripheral_subsystem_i.clint_mtime_o\[29\],62.97µm
_05605_,62.92µm
_14834_,62.92µm
_17059_,62.92µm
status_o[2],62.88µm
i_core_v_mini_mcu.memory_subsystem_i.ram0_i.tc_ram_i.sram\[20\]\[5\],62.87µm
_10376_,62.82µm
_18396_,62.82µm
i_core_v_mini_mcu.cpu_subsystem_i.cpu_1_0.rf_ram_i.memory\[81\]\[1\],62.82µm
i_core_v_mini_mcu.memory_subsystem_i.ram0_i.tc_ram_i.sram\[19\]\[6\],62.82µm
net88,62.82µm
net676,62.82µm
_06864_,62.77µm
_07545_,62.77µm
_08157_,62.77µm
_10539_,62.77µm
_12225_,62.77µm
_12275_,62.77µm
_21128_,62.77µm
_25478_,62.77µm
_25558_,62.77µm
_27153_,62.77µm
i_core_v_mini_mcu.ao_peripheral_subsystem_i.obi_fifo_i.consumer_data_req\[2\],62.77µm
i_core_v_mini_mcu.cpu_subsystem_i.cpu_0_0.rf_ram_i.memory\[409\]\[0\],62.77µm
_08218_,62.72µm
_10488_,62.72µm
_14193_,62.72µm
_18087_,62.72µm
_18344_,62.72µm
_22770_,62.72µm
_23766_,62.72µm
_23790_,62.72µm
_24585_,62.72µm
_25737_,62.72µm
_26055_,62.72µm
_26672_,62.72µm
i_core_v_mini_mcu.peripheral_subsystem_i.obi_fifo_i.consumer_data_req\[68\],62.72µm
i_core_v_mini_mcu.peripheral_subsystem_i.uart_i.reg2hw\[74\],62.72µm
_09528_,62.56µm
_05442_,62.46µm
_15720_,62.41µm
_06080_,62.36µm
i_core_v_mini_mcu.core_data_req\[86\],62.36µm
_12371_,62.31µm
_15592_,62.31µm
i_core_v_mini_mcu.cpu_subsystem_i.cpu_0_0.i_servile.cpu.ctrl.o_ibus_adr\[22\],62.31µm
i_core_v_mini_mcu.peripheral_subsystem_i.periph_to_reg_i.r_rdata_d\[27\],62.31µm
i_core_v_mini_mcu.peripheral_subsystem_i.uart_i.reg2hw\[117\],62.31µm
net1038,62.31µm
_06779_,62.26µm
_09579_,62.26µm
_12178_,62.26µm
_15605_,62.26µm
_16077_,62.26µm
_17145_,62.26µm
_18404_,62.26µm
_25910_,62.26µm
i_core_v_mini_mcu.ao_peripheral_subsystem_i.mosaic_clint_i.mtimecmp_q\[34\],62.26µm
i_core_v_mini_mcu.ao_peripheral_subsystem_i.spi_subsystem_i.obi_spimemio_i.obi_to_picorv32_i.obi_resp_o\[29\],62.26µm
i_core_v_mini_mcu.memory_subsystem_i.ram0_i.tc_ram_i.sram\[25\]\[22\],62.26µm
_13784_,62.21µm
_13877_,62.21µm
_16027_,62.21µm
_17571_,62.21µm
_18089_,62.21µm
_24902_,62.21µm
_25969_,62.21µm
_26217_,62.21µm
_27650_,62.21µm
i_core_v_mini_mcu.ao_peripheral_subsystem_i.spi_subsystem_i.obi_spimemio_i.spimemio_i.config_csb,62.21µm
i_core_v_mini_mcu.peripheral_subsystem_i.uart_i.reg2hw\[23\],62.21µm
net137,62.21µm
_08412_,62.16µm
_13324_,62.16µm
_13954_,62.16µm
_24912_,62.16µm
_26531_,62.16µm
_27183_,62.16µm
_27296_,62.16µm
_28331_,62.16µm
i_core_v_mini_mcu.ao_peripheral_subsystem_i.spi_subsystem_i.obi_spimemio_i.spimemio_i.din_ddr,62.16µm
i_core_v_mini_mcu.memory_subsystem_i.ram0_i.tc_ram_i.sram\[18\]\[15\],62.16µm
_09581_,61.95µm
i_core_v_mini_mcu.ao_peripheral_subsystem_i.power_manager_i.power_manager_reg_top_i.en_wait_for_intr_qs\[18\],61.88µm
i_core_v_mini_mcu.ao_peripheral_subsystem_i.power_manager_i.power_manager_reg_top_i.en_wait_for_intr_qs\[9\],61.88µm
_17199_,61.85µm
_05424_,61.8µm
_09138_,61.8µm
_14763_,61.8µm
_17360_,61.8µm
_23500_,61.8µm
i_core_v_mini_mcu.ao_peripheral_subsystem_i.clint_mtime_o\[9\],61.8µm
_06241_,61.75µm
_07318_,61.75µm
_07604_,61.75µm
_15618_,61.75µm
_21326_,61.75µm
i_core_v_mini_mcu.ao_peripheral_subsystem_i.tdu_i.task_mem\[0\]\[6\],61.75µm
_05614_,61.7µm
_10361_,61.7µm
_10624_,61.7µm
_12533_,61.7µm
_13364_,61.7µm
_20216_,61.7µm
_20707_,61.7µm
_20881_,61.7µm
_21787_,61.7µm
_24839_,61.7µm
i_core_v_mini_mcu.ao_peripheral_subsystem_i.mosaic_clint_i.mtimecmp_q\[24\],61.7µm
i_core_v_mini_mcu.ao_peripheral_subsystem_i.obi_fifo_i.consumer_data_req\[12\],61.7µm
i_core_v_mini_mcu.cpu_subsystem_i.cpu_0_0.i_servile.cpu.ctrl.i_pc_rel,61.7µm
i_core_v_mini_mcu.cpu_subsystem_i.cpu_1_0.rf_ram_i.memory\[329\]\[1\],61.7µm
i_core_v_mini_mcu.peripheral_subsystem_i.periph_to_reg_i.r_rdata_d\[24\],61.7µm
_09384_,61.65µm
_09387_,61.65µm
_12126_,61.65µm
_12951_,61.65µm
_13655_,61.65µm
_15252_,61.65µm
_15633_,61.65µm
_17139_,61.65µm
_18187_,61.65µm
_19685_,61.65µm
_21826_,61.65µm
_23867_,61.65µm
_23873_,61.65µm
_25859_,61.65µm
_25878_,61.65µm
_27164_,61.65µm
i_core_v_mini_mcu.ao_peripheral_subsystem_i.power_manager_i.power_manager_reg_top_i.en_wait_for_intr_qs\[7\],61.65µm
i_core_v_mini_mcu.cpu_subsystem_i.cpu_0_0.rf_ram_i.memory\[4\]\[0\],61.65µm
i_core_v_mini_mcu.cpu_subsystem_i.cpu_1_0.rf_ram_i.memory\[169\]\[0\],61.65µm
i_core_v_mini_mcu.cpu_subsystem_i.cpu_1_0.rf_ram_i.memory\[80\]\[1\],61.65µm
i_core_v_mini_mcu.memory_subsystem_i.ram0_i.tc_ram_i.sram\[10\]\[6\],61.65µm
i_core_v_mini_mcu.memory_subsystem_i.ram0_i.tc_ram_i.sram\[16\]\[13\],61.65µm
i_core_v_mini_mcu.memory_subsystem_i.ram0_i.tc_ram_i.sram\[17\]\[27\],61.65µm
i_core_v_mini_mcu.memory_subsystem_i.ram0_i.tc_ram_i.sram\[17\]\[9\],61.65µm
i_core_v_mini_mcu.peripheral_subsystem_i.uart_i.reg2hw\[12\],61.65µm
_08292_,61.6µm
_11174_,61.6µm
_21719_,61.6µm
_23090_,61.6µm
_25706_,61.6µm
_25793_,61.6µm
_26202_,61.6µm
_27259_,61.6µm
i_core_v_mini_mcu.peripheral_subsystem_i.uart_i.reg2hw\[10\],61.52µm
_05451_,61.24µm
i_core_v_mini_mcu.ao_peripheral_subsystem_i.mosaic_clint_i.mtimecmp_q\[94\],61.24µm
i_core_v_mini_mcu.ao_peripheral_subsystem_i.spi_subsystem_i.obi_spimemio_i.spimemio_i.rd_addr\[14\],61.24µm
_08530_,61.19µm
_12253_,61.19µm
_17730_,61.19µm
_19555_,61.19µm
_24461_,61.19µm
i_core_v_mini_mcu.cpu_subsystem_i.cpu_0_0.rf_ram_i.memory\[203\]\[1\],61.19µm
_09805_,61.14µm
_13994_,61.14µm
_27803_,61.14µm
i_core_v_mini_mcu.ao_peripheral_subsystem_i.power_manager_i.power_manager_reg_top_i.cpu_iso_off_counter_qs\[12\],61.14µm
i_core_v_mini_mcu.cpu_subsystem_i.cpu_1_0.rf_ram_i.memory\[2\]\[1\],61.14µm
i_core_v_mini_mcu.cpu_subsystem_i.cpu_1_0.rf_ram_i.memory\[60\]\[0\],61.14µm
_07182_,61.09µm
_09256_,61.09µm
_13539_,61.09µm
_15177_,61.09µm
_19028_,61.09µm
_21582_,61.09µm
_21845_,61.09µm
_24553_,61.09µm
_26466_,61.09µm
_27505_,61.09µm
_28430_,61.09µm
i_core_v_mini_mcu.cpu_subsystem_i.cpu_0_0.rf_ram_i.memory\[471\]\[1\],61.09µm
i_core_v_mini_mcu.memory_subsystem_i.ram0_i.tc_ram_i.sram\[20\]\[11\],61.09µm
i_core_v_mini_mcu.memory_subsystem_i.ram0_i.tc_ram_i.sram\[8\]\[10\],61.09µm
_07202_,61.04µm
_09133_,61.04µm
_11893_,61.04µm
_13138_,61.04µm
_17561_,61.04µm
_18591_,61.04µm
_23831_,61.04µm
_24327_,61.04µm
_25497_,61.04µm
net1144,61.04µm
_06579_,60.83µm
_05976_,60.73µm
i_core_v_mini_mcu.ao_peripheral_subsystem_i.clint_mtime_o\[28\],60.73µm
_09652_,60.68µm
_21820_,60.68µm
_22791_,60.68µm
i_core_v_mini_mcu.ao_peripheral_subsystem_i.clint_mtime_o\[2\],60.68µm
i_core_v_mini_mcu.ao_peripheral_subsystem_i.mosaic_clint_i.mtimecmp_q\[120\],60.68µm
i_core_v_mini_mcu.peripheral_subsystem_i.obi_fifo_i.consumer_data_req\[66\],60.68µm
_18191_,60.63µm
_07682_,60.58µm
_09743_,60.58µm
_13445_,60.58µm
_18753_,60.58µm
_18887_,60.58µm
i_core_v_mini_mcu.ao_peripheral_subsystem_i.power_manager_i.power_manager_reg_top_i.cpu_reset_deassert_counter_qs\[5\],60.58µm
_06501_,60.53µm
_08149_,60.53µm
_14904_,60.53µm
_18217_,60.53µm
_19980_,60.53µm
_21540_,60.53µm
_22378_,60.53µm
_24593_,60.53µm
i_core_v_mini_mcu.memory_subsystem_i.ram0_i.tc_ram_i.sram\[19\]\[8\],60.53µm
i_core_v_mini_mcu.memory_subsystem_i.ram0_i.tc_ram_i.sram\[21\]\[1\],60.53µm
i_core_v_mini_mcu.memory_subsystem_i.ram0_i.tc_ram_i.sram\[22\]\[15\],60.53µm
i_core_v_mini_mcu.memory_subsystem_i.ram0_i.tc_ram_i.sram\[7\]\[21\],60.53µm
_05928_,60.48µm
_06146_,60.48µm
_07768_,60.48µm
_08287_,60.48µm
_08342_,60.48µm
_09967_,60.48µm
_11686_,60.48µm
_24501_,60.48µm
_25868_,60.48µm
i_core_v_mini_mcu.cpu_subsystem_i.cpu_1_0.rf_ram_i.memory\[395\]\[0\],60.48µm
i_core_v_mini_mcu.memory_subsystem_i.ram0_i.tc_ram_i.sram\[22\]\[12\],60.48µm
i_core_v_mini_mcu.memory_subsystem_i.ram0_i.tc_ram_i.sram\[5\]\[13\],60.48µm
_15231_,60.17µm
_21764_,60.17µm
_05710_,60.12µm
_16611_,60.12µm
i_core_v_mini_mcu.ao_peripheral_subsystem_i.clint_mtime_o\[38\],60.12µm
status_o[0],60.08µm
_18867_,60.07µm
i_core_v_mini_mcu.ao_peripheral_subsystem_i.clint_mtime_o\[43\],60.07µm
i_core_v_mini_mcu.ao_peripheral_subsystem_i.mosaic_clint_i.mtimecmp_q\[9\],60.07µm
_07613_,60.02µm
_09691_,60.02µm
_12140_,60.02µm
_12321_,60.02µm
_13503_,60.02µm
_17383_,60.02µm
_19622_,60.02µm
_21239_,60.02µm
i_core_v_mini_mcu.ao_peripheral_subsystem_i.power_manager_i.power_manager_reg_top_i.en_wait_for_intr_qs\[27\],60.02µm
i_core_v_mini_mcu.cpu_subsystem_i.cpu_0_0.i_servile.o_rf_raddr\[1\],60.02µm
i_core_v_mini_mcu.cpu_subsystem_i.cpu_1_0.rf_ram_i.memory\[139\]\[1\],60.02µm
i_core_v_mini_mcu.peripheral_subsystem_i.uart_i.reg2hw\[26\],60.02µm
_00191_,59.97µm
_07189_,59.97µm
_07948_,59.97µm
_08048_,59.97µm
_11097_,59.97µm
_11118_,59.97µm
_12379_,59.97µm
_13341_,59.97µm
_15256_,59.97µm
_18400_,59.97µm
_20883_,59.97µm
_22509_,59.97µm
_23569_,59.97µm
_23618_,59.97µm
_24398_,59.97µm
_25581_,59.97µm
_25736_,59.97µm
_25896_,59.97µm
_25919_,59.97µm
i_core_v_mini_mcu.ao_peripheral_subsystem_i.mosaic_clint_i.mtimecmp_q\[6\],59.97µm
i_core_v_mini_mcu.ao_peripheral_subsystem_i.power_manager_i.power_manager_reg_top_i.monitor_power_gate_core_qs\[1\],59.97µm
i_core_v_mini_mcu.ao_peripheral_subsystem_i.power_manager_i.power_manager_reg_top_i.reg2hw\[230\],59.97µm
i_core_v_mini_mcu.cpu_subsystem_i.cpu_1_0.rf_ram_i.memory\[401\]\[1\],59.97µm
i_core_v_mini_mcu.cpu_subsystem_i.cpu_1_0.rf_ram_i.memory\[441\]\[0\],59.97µm
i_core_v_mini_mcu.memory_subsystem_i.ram0_i.tc_ram_i.sram\[22\]\[13\],59.97µm
_06317_,59.92µm
_07294_,59.92µm
_07645_,59.92µm
_07973_,59.92µm
_08207_,59.92µm
_09785_,59.92µm
_12122_,59.92µm
_13634_,59.92µm
_14027_,59.92µm
_19938_,59.92µm
_21691_,59.92µm
_23812_,59.92µm
_25328_,59.92µm
_27019_,59.92µm
_27596_,59.92µm
_27614_,59.92µm
i_core_v_mini_mcu.memory_subsystem_i.ram0_i.tc_ram_i.sram\[17\]\[26\],59.92µm
i_core_v_mini_mcu.memory_subsystem_i.ram0_i.tc_ram_i.sram\[20\]\[12\],59.92µm
i_core_v_mini_mcu.memory_subsystem_i.ram0_i.tc_ram_i.sram\[25\]\[15\],59.92µm
i_core_v_mini_mcu.memory_subsystem_i.ram0_i.tc_ram_i.sram\[28\]\[11\],59.92µm
_14386_,59.69µm
i_core_v_mini_mcu.cpu_subsystem_i.cpu_0_0.i_servile.cpu.ctrl.o_ibus_adr\[6\],59.64µm
_22488_,59.61µm
_27993_,59.61µm
_07587_,59.56µm
i_core_v_mini_mcu.memory_subsystem_i.ram0_i.tc_ram_i.sram\[5\]\[3\],59.56µm
_11415_,59.51µm
_21742_,59.51µm
i_core_v_mini_mcu.memory_subsystem_i.ram0_i.tc_ram_i.sram\[13\]\[14\],59.51µm
_07615_,59.46µm
_15153_,59.46µm
_18520_,59.46µm
_18604_,59.46µm
_19787_,59.46µm
_24181_,59.46µm
_24673_,59.46µm
i_core_v_mini_mcu.ao_peripheral_subsystem_i.power_manager_i.power_manager_counter_sequence_cpu_reset_i.sequence_curr_state\[4\],59.46µm
i_core_v_mini_mcu.memory_subsystem_i.ram0_i.tc_ram_i.sram\[12\]\[6\],59.46µm
_08472_,59.41µm
_13363_,59.41µm
_17236_,59.41µm
_17655_,59.41µm
_25384_,59.41µm
_25607_,59.41µm
_27111_,59.41µm
i_core_v_mini_mcu.ao_peripheral_subsystem_i.spi_subsystem_i.obi_spimemio_i.obi_to_picorv32_i.addr_buf\[3\],59.41µm
i_core_v_mini_mcu.memory_subsystem_i.ram0_i.tc_ram_i.sram\[18\]\[30\],59.41µm
_05705_,59.36µm
_08338_,59.36µm
_08431_,59.36µm
_09048_,59.36µm
_23433_,59.36µm
_24855_,59.36µm
_25039_,59.36µm
_25976_,59.36µm
_27349_,59.36µm
i_core_v_mini_mcu.ao_peripheral_subsystem_i.obi_fifo_i.consumer_data_req\[3\],59.36µm
i_core_v_mini_mcu.cpu_subsystem_i.cpu_1_0.i_servile.arbiter.i_wb_cpu_dbus_adr\[3\],59.36µm
_16527_,59µm
_05875_,58.95µm
_07248_,58.95µm
i_core_v_mini_mcu.memory_subsystem_i.ram0_i.tc_ram_i.sram\[18\]\[9\],58.95µm
i_core_v_mini_mcu.memory_subsystem_i.ram0_i.tc_ram_i.sram\[5\]\[31\],58.95µm
i_core_v_mini_mcu.peripheral_slave_resp\[21\],58.95µm
_07276_,58.9µm
_08745_,58.9µm
_10316_,58.9µm
_14218_,58.9µm
_14558_,58.9µm
_15646_,58.9µm
_16403_,58.9µm
_18226_,58.9µm
_19366_,58.9µm
_19517_,58.9µm
_24802_,58.9µm
_25102_,58.9µm
_25559_,58.9µm
i_core_v_mini_mcu.cpu_subsystem_i.cpu_1_0.rf_ram_i.memory\[87\]\[0\],58.9µm
i_core_v_mini_mcu.memory_subsystem_i.ram0_i.tc_ram_i.sram\[18\]\[12\],58.9µm
_07301_,58.85µm
_19217_,58.85µm
_20654_,58.85µm
_23586_,58.85µm
_24455_,58.85µm
_25402_,58.85µm
_25611_,58.85µm
_25784_,58.85µm
_25965_,58.85µm
_26467_,58.85µm
i_core_v_mini_mcu.ao_peripheral_subsystem_i.spi_subsystem_i.obi_spimemio_i.spimemio_i.state\[4\],58.85µm
i_core_v_mini_mcu.cpu_subsystem_i.cpu_0_0.i_servile.cpu.ctrl.o_ibus_adr\[20\],58.85µm
i_core_v_mini_mcu.cpu_subsystem_i.cpu_1_0.i_servile.cpu.state.cnt_r\[0\],58.85µm
_15582_,58.84µm
_11222_,58.8µm
_11340_,58.8µm
_12742_,58.8µm
_24596_,58.8µm
_26018_,58.8µm
i_core_v_mini_mcu.ao_peripheral_subsystem_i.tdu_i.task_mem\[2\]\[18\],58.8µm
i_core_v_mini_mcu.memory_subsystem_i.ram0_i.tc_ram_i.sram\[10\]\[5\],58.8µm
i_core_v_mini_mcu.memory_subsystem_i.ram0_i.tc_ram_i.sram\[14\]\[25\],58.8µm
i_core_v_mini_mcu.memory_subsystem_i.ram0_i.tc_ram_i.sram\[1\]\[11\],58.8µm
i_core_v_mini_mcu.memory_subsystem_i.ram0_i.tc_ram_i.sram\[23\]\[9\],58.8µm
_15258_,58.44µm
_15671_,58.44µm
_28395_,58.44µm
i_core_v_mini_mcu.memory_subsystem_i.ram0_i.tc_ram_i.sram\[16\]\[6\],58.44µm
net1895,58.44µm
_14793_,58.39µm
_23486_,58.39µm
_23576_,58.39µm
_06687_,58.34µm
_18181_,58.34µm
i_core_v_mini_mcu.ao_peripheral_subsystem_i.mosaic_clint_i.mtimecmp_q\[16\],58.34µm
i_core_v_mini_mcu.ao_peripheral_subsystem_i.mosaic_clint_i.mtimecmp_q\[37\],58.34µm
i_core_v_mini_mcu.ao_peripheral_subsystem_i.tdu_i.active_hart_cycles_q\[30\],58.34µm
_07335_,58.29µm
_08129_,58.29µm
_12144_,58.29µm
_12258_,58.29µm
_13052_,58.29µm
_21130_,58.29µm
_24298_,58.29µm
_27469_,58.29µm
i_core_v_mini_mcu.ao_peripheral_subsystem_i.spi_subsystem_i.obi_spimemio_i.obi_to_picorv32_i.picorv32_resp_i\[24\],58.29µm
i_core_v_mini_mcu.cpu_subsystem_i.cpu_1_0.i_servile.cpu.decode.o_two_stage_op,58.29µm
i_core_v_mini_mcu.memory_subsystem_i.ram0_i.tc_ram_i.sram\[26\]\[15\],58.29µm
net740,58.29µm
_08445_,58.24µm
_11041_,58.24µm
_12781_,58.24µm
_18562_,58.24µm
_19937_,58.24µm
_22442_,58.24µm
_22560_,58.24µm
_25258_,58.24µm
_25505_,58.24µm
_26338_,58.24µm
_28035_,58.24µm
i_core_v_mini_mcu.cpu_subsystem_i.cpu_0_0.rf_ram_i.memory\[470\]\[1\],58.24µm
i_core_v_mini_mcu.memory_subsystem_i.ram0_i.tc_ram_i.sram\[23\]\[25\],58.24µm
i_core_v_mini_mcu.memory_subsystem_i.ram0_i.tc_ram_i.sram\[30\]\[14\],58.24µm
i_core_v_mini_mcu.peripheral_subsystem_i.uart_i.uart_core.uart_rx.bit_cnt_q\[0\],58.24µm
net103,57.93µm
_09527_,57.88µm
_14585_,57.88µm
_19951_,57.88µm
_23558_,57.88µm
i_core_v_mini_mcu.ao_peripheral_subsystem_i.mosaic_clint_i.mtimecmp_q\[5\],57.88µm
_17099_,57.83µm
_22485_,57.83µm
_28397_,57.83µm
i_core_v_mini_mcu.ao_peripheral_subsystem_i.clint_mtime_o\[44\],57.83µm
i_core_v_mini_mcu.ao_peripheral_subsystem_i.power_manager_i.power_manager_reg_top_i.global_pointer_qs\[11\],57.83µm
_05597_,57.78µm
_07378_,57.78µm
_12164_,57.78µm
_16418_,57.78µm
i_core_v_mini_mcu.ao_peripheral_subsystem_i.mosaic_clint_i.mtimecmp_q\[11\],57.78µm
i_core_v_mini_mcu.cpu_subsystem_i.cpu_0_0.rf_ram_i.memory\[42\]\[1\],57.78µm
i_core_v_mini_mcu.memory_subsystem_i.ram0_i.tc_ram_i.sram\[3\]\[7\],57.78µm
_06478_,57.73µm
_06859_,57.73µm
_12216_,57.73µm
_18929_,57.73µm
_22015_,57.73µm
_26410_,57.73µm
i_core_v_mini_mcu.ao_peripheral_subsystem_i.clint_mtime_o\[1\],57.73µm
i_core_v_mini_mcu.cpu_subsystem_i.cpu_0_0.rf_ram_i.memory\[25\]\[0\],57.73µm
i_core_v_mini_mcu.cpu_subsystem_i.cpu_1_0.rf_ram_i.memory\[105\]\[0\],57.73µm
i_core_v_mini_mcu.cpu_subsystem_i.cpu_1_0.rf_ram_i.memory\[35\]\[0\],57.73µm
i_core_v_mini_mcu.memory_subsystem_i.ram0_i.rdata_o\[21\],57.73µm
i_core_v_mini_mcu.peripheral_subsystem_i.obi_fifo_i.consumer_resp_i\[30\],57.73µm
_07403_,57.68µm
_09226_,57.68µm
_11657_,57.68µm
_12127_,57.68µm
_18328_,57.68µm
_21534_,57.68µm
_25134_,57.68µm
_25997_,57.68µm
i_core_v_mini_mcu.ao_peripheral_subsystem_i.spi_subsystem_i.obi_spimemio_i.obi_to_picorv32_i.addr_buf\[4\],57.68µm
i_core_v_mini_mcu.memory_subsystem_i.ram0_i.tc_ram_i.sram\[20\]\[2\],57.68µm
i_core_v_mini_mcu.memory_subsystem_i.ram0_i.tc_ram_i.sram\[24\]\[16\],57.68µm
_17554_,57.32µm
_14394_,57.27µm
_17253_,57.27µm
_19331_,57.27µm
i_core_v_mini_mcu.cpu_subsystem_i.cpu_0_0.i_servile.cpu.ctrl.o_ibus_adr\[21\],57.27µm
net1372,57.27µm
_12963_,57.22µm
_25018_,57.22µm
_26015_,57.22µm
i_core_v_mini_mcu.ao_peripheral_subsystem_i.mosaic_clint_i.mtimecmp_q\[4\],57.22µm
i_core_v_mini_mcu.ao_peripheral_subsystem_i.mosaic_clint_i.mtimecmp_q\[98\],57.22µm
i_core_v_mini_mcu.ao_peripheral_subsystem_i.power_manager_i.power_manager_reg_top_i.en_wait_for_intr_qs\[22\],57.22µm
i_core_v_mini_mcu.cpu_subsystem_i.cpu_0_0.rf_ram_i.memory\[139\]\[1\],57.22µm
_05944_,57.17µm
_05956_,57.17µm
_08349_,57.17µm
_22701_,57.17µm
_24941_,57.17µm
_25063_,57.17µm
_26697_,57.17µm
_27221_,57.17µm
i_core_v_mini_mcu.ao_peripheral_subsystem_i.spi_subsystem_i.obi_spimemio_i.spimemio_i.config_do\[0\],57.17µm
i_core_v_mini_mcu.memory_subsystem_i.ram0_i.tc_ram_i.sram\[17\]\[29\],57.17µm
_11646_,57.12µm
_13737_,57.12µm
_19491_,57.12µm
_21688_,57.12µm
_24581_,57.12µm
_25587_,57.12µm
_25856_,57.12µm
i_core_v_mini_mcu.cpu_subsystem_i.cpu_1_0.rf_ram_i.memory\[89\]\[0\],57.12µm
i_core_v_mini_mcu.memory_subsystem_i.ram0_i.tc_ram_i.sram\[18\]\[22\],57.12µm
net65,57.12µm
_18125_,56.89µm
_09382_,56.84µm
i_core_v_mini_mcu.ao_peripheral_subsystem_i.clint_mtime_o\[60\],56.81µm
_18653_,56.76µm
_23653_,56.76µm
_06672_,56.71µm
i_core_v_mini_mcu.ao_peripheral_subsystem_i.power_manager_i.peripheral_subsystem_powergate_iso_n,56.71µm
i_core_v_mini_mcu.cpu_subsystem_i.cpu_0_0.i_servile.cpu.gen_csr.csr.o_new_irq,56.71µm
i_core_v_mini_mcu.peripheral_subsystem_i.obi_fifo_i.consumer_data_req_q\[6\],56.71µm
_27321_,56.67µm
_12423_,56.66µm
_15316_,56.66µm
_19713_,56.66µm
_21274_,56.66µm
_21428_,56.66µm
_23189_,56.66µm
_27477_,56.66µm
i_core_v_mini_mcu.ao_peripheral_subsystem_i.mosaic_clint_i.mtimecmp_q\[88\],56.66µm
i_core_v_mini_mcu.memory_subsystem_i.ram0_i.tc_ram_i.sram\[27\]\[4\],56.66µm
_25884_,56.62µm
_06292_,56.61µm
_07571_,56.61µm
_09400_,56.61µm
_09483_,56.61µm
_10135_,56.61µm
_11000_,56.61µm
_11474_,56.61µm
_17804_,56.61µm
_21800_,56.61µm
_22500_,56.61µm
_23077_,56.61µm
_27115_,56.61µm
i_core_v_mini_mcu.ao_peripheral_subsystem_i.mosaic_clint_i.mtimecmp_q\[25\],56.61µm
i_core_v_mini_mcu.ao_peripheral_subsystem_i.periph_to_reg_i.r_rdata_d\[9\],56.61µm
i_core_v_mini_mcu.cpu_subsystem_i.cpu_0_0.rf_ram_i.memory\[403\]\[0\],56.61µm
i_core_v_mini_mcu.memory_subsystem_i.ram0_i.tc_ram_i.sram\[17\]\[15\],56.61µm
i_core_v_mini_mcu.memory_subsystem_i.ram0_i.tc_ram_i.sram\[19\]\[22\],56.61µm
i_core_v_mini_mcu.memory_subsystem_i.ram0_i.tc_ram_i.sram\[6\]\[11\],56.61µm
_06789_,56.56µm
_07479_,56.56µm
_08355_,56.56µm
_08456_,56.56µm
_11399_,56.56µm
_12549_,56.56µm
_12828_,56.56µm
_14024_,56.56µm
_18795_,56.56µm
_19333_,56.56µm
_21917_,56.56µm
_25075_,56.56µm
_25439_,56.56µm
i_core_v_mini_mcu.ao_peripheral_subsystem_i.power_manager_i.power_manager_reg_top_i.global_pointer_qs\[24\],56.56µm
i_core_v_mini_mcu.core_data_req\[96\],56.56µm
i_core_v_mini_mcu.cpu_subsystem_i.cpu_1_0.rf_ram_i.memory\[310\]\[0\],56.56µm
i_core_v_mini_mcu.memory_subsystem_i.ram0_i.tc_ram_i.sram\[1\]\[12\],56.56µm
i_core_v_mini_mcu.memory_subsystem_i.ram0_i.tc_ram_i.sram\[31\]\[24\],56.56µm
i_core_v_mini_mcu.ao_peripheral_subsystem_i.mosaic_clint_i.mtimecmp_q\[10\],56.38µm
i_core_v_mini_mcu.memory_subsystem_i.ram0_i.tc_ram_i.sram\[5\]\[28\],56.28µm
_09393_,56.25µm
_15422_,56.2µm
_17836_,56.2µm
_09940_,56.15µm
i_core_v_mini_mcu.ao_peripheral_subsystem_i.tdu_i.task_mem\[7\]\[17\],56.15µm
_08780_,56.1µm
_10066_,56.1µm
_13339_,56.1µm
_16634_,56.1µm
_21907_,56.1µm
_27697_,56.1µm
i_core_v_mini_mcu.cpu_subsystem_i.cpu_0_0.i_servile.cpu.alu.i_rd_sel\[2\],56.1µm
i_core_v_mini_mcu.memory_subsystem_i.ram0_i.tc_ram_i.sram\[20\]\[9\],56.1µm
_05612_,56.05µm
_07561_,56.05µm
_07654_,56.05µm
_11792_,56.05µm
_11815_,56.05µm
_12746_,56.05µm
_13238_,56.05µm
_22424_,56.05µm
_24945_,56.05µm
_25713_,56.05µm
_26863_,56.05µm
i_core_v_mini_mcu.ao_peripheral_subsystem_i.tdu_i.task_mem\[3\]\[27\],56.05µm
i_core_v_mini_mcu.cpu_subsystem_i.cpu_1_0.i_servile.cpu.bufreg.i_rs1_en,56.05µm
i_core_v_mini_mcu.memory_subsystem_i.ram0_i.rdata_o\[18\],56.05µm
i_core_v_mini_mcu.memory_subsystem_i.ram0_i.tc_ram_i.sram\[18\]\[13\],56.05µm
i_core_v_mini_mcu.memory_subsystem_i.ram0_i.tc_ram_i.sram\[1\]\[18\],56.05µm
_05804_,56µm
_07102_,56µm
_07954_,56µm
_07968_,56µm
_09455_,56µm
_13218_,56µm
_23747_,56µm
_24448_,56µm
_24605_,56µm
_25495_,56µm
_25981_,56µm
_26194_,56µm
_26280_,56µm
i_core_v_mini_mcu.ao_peripheral_subsystem_i.spi_subsystem_i.obi_spimemio_i.obi_to_picorv32_i.obi_resp_o\[20\],56µm
i_core_v_mini_mcu.ao_peripheral_subsystem_i.spi_subsystem_i.obi_spimemio_i.obi_to_picorv32_i.picorv32_resp_i\[17\],56µm
i_core_v_mini_mcu.memory_subsystem_i.ram0_i.tc_ram_i.sram\[18\]\[14\],56µm
i_core_v_mini_mcu.peripheral_subsystem_i.obi_fifo_i.consumer_resp_i\[4\],56µm
_15693_,55.87µm
i_core_v_mini_mcu.ao_peripheral_subsystem_i.power_manager_i.power_manager_reg_top_i.global_pointer_qs\[1\],55.77µm
_05406_,55.69µm
_22062_,55.69µm
_05433_,55.64µm
_15398_,55.64µm
_15531_,55.64µm
_16425_,55.64µm
_18240_,55.64µm
_14672_,55.59µm
_15323_,55.59µm
_15451_,55.59µm
_15665_,55.59µm
_15674_,55.59µm
_17678_,55.59µm
_21911_,55.59µm
_25114_,55.59µm
i_core_v_mini_mcu.memory_subsystem_i.ram0_i.tc_ram_i.sram\[0\]\[27\],55.59µm
_12853_,55.58µm
_06656_,55.54µm
_06952_,55.54µm
_09028_,55.54µm
_09823_,55.54µm
_09956_,55.54µm
_14766_,55.54µm
_15704_,55.54µm
_17648_,55.54µm
_19962_,55.54µm
_26304_,55.54µm
_05829_,55.49µm
_22017_,55.49µm
_22864_,55.49µm
_25295_,55.49µm
_25686_,55.49µm
_25778_,55.49µm
_26291_,55.49µm
_27777_,55.49µm
i_core_v_mini_mcu.cpu_subsystem_i.cpu_0_0.rf_ram_i.memory\[13\]\[0\],55.49µm
i_core_v_mini_mcu.peripheral_subsystem_i.periph_to_reg_i.r_rdata_d\[20\],55.49µm
_07463_,55.44µm
_08005_,55.44µm
_08110_,55.44µm
_11261_,55.44µm
_11618_,55.44µm
_20997_,55.44µm
_23793_,55.44µm
_25470_,55.44µm
_25688_,55.44µm
_28309_,55.44µm
i_core_v_mini_mcu.ao_peripheral_subsystem_i.mosaic_clint_i.mtimecmp_q\[12\],55.44µm
i_core_v_mini_mcu.ao_peripheral_subsystem_i.obi_fifo_i.consumer_data_req_q\[19\],55.44µm
i_core_v_mini_mcu.ao_peripheral_subsystem_i.power_manager_i.power_manager_reg_top_i.global_pointer_qs\[16\],55.44µm
i_core_v_mini_mcu.ao_peripheral_subsystem_i.tdu_i.task_mem\[2\]\[17\],55.44µm
i_core_v_mini_mcu.cpu_subsystem_i.cpu_1_0.i_servile.cpu.alu.cmp_r,55.44µm
i_core_v_mini_mcu.cpu_subsystem_i.cpu_1_0.i_servile.cpu.immdec.gen_immdec_w_eq_1.imm19_12_20\[0\],55.44µm
i_core_v_mini_mcu.cpu_subsystem_i.cpu_1_0.i_servile.rf_ram_if.rtrig1,55.44µm
i_core_v_mini_mcu.cpu_subsystem_i.cpu_1_0.rf_ram_i.memory\[299\]\[0\],55.44µm
i_core_v_mini_mcu.cpu_subsystem_i.cpu_1_0.rf_ram_i.memory\[88\]\[0\],55.44µm
i_core_v_mini_mcu.memory_subsystem_i.ram0_i.tc_ram_i.sram\[20\]\[13\],55.44µm
_09929_,55.18µm
_14831_,55.18µm
_08206_,55.16µm
_06848_,55.13µm
_23112_,55.13µm
_16771_,55.08µm
_17859_,55.08µm
_20269_,55.08µm
_05512_,55.03µm
_07114_,55.03µm
_14695_,55.03µm
_17564_,55.03µm
_23432_,55.03µm
_25848_,55.03µm
clknet_leaf_84_clk_i_regs,55.03µm
_09093_,54.98µm
_09670_,54.98µm
_15157_,54.98µm
_18062_,54.98µm
_18083_,54.98µm
_18223_,54.98µm
_19104_,54.98µm
_22751_,54.98µm
i_core_v_mini_mcu.ao_peripheral_subsystem_i.mosaic_clint_i.mtimecmp_q\[2\],54.98µm
i_core_v_mini_mcu.ao_peripheral_subsystem_i.power_manager_i.power_manager_reg_top_i.en_wait_for_intr_qs\[26\],54.98µm
i_core_v_mini_mcu.memory_subsystem_i.ram0_i.tc_ram_i.sram\[19\]\[24\],54.98µm
net986,54.98µm
net1169,54.98µm
_05393_,54.93µm
_07863_,54.93µm
_07989_,54.93µm
_08204_,54.93µm
_13025_,54.93µm
_13227_,54.93µm
_14574_,54.93µm
_19269_,54.93µm
_20892_,54.93µm
_24099_,54.93µm
_24893_,54.93µm
_25600_,54.93µm
_25853_,54.93µm
i_core_v_mini_mcu.memory_subsystem_i.ram0_i.tc_ram_i.sram\[26\]\[10\],54.93µm
i_core_v_mini_mcu.memory_subsystem_i.ram0_i.tc_ram_i.sram\[5\]\[5\],54.93µm
i_core_v_mini_mcu.peripheral_subsystem_i.periph_to_reg_i.r_rdata_d\[14\],54.93µm
_19485_,54.9µm
_06222_,54.88µm
_13764_,54.88µm
_14211_,54.88µm
_22183_,54.88µm
_24397_,54.88µm
_26183_,54.88µm
_27314_,54.88µm
i_core_v_mini_mcu.cpu_subsystem_i.cpu_1_0.rf_ram_i.memory\[17\]\[1\],54.88µm
i_core_v_mini_mcu.memory_subsystem_i.ram0_i.tc_ram_i.sram\[14\]\[14\],54.88µm
i_core_v_mini_mcu.memory_subsystem_i.ram0_i.tc_ram_i.sram\[30\]\[12\],54.65µm
_00005_,54.57µm
_17425_,54.57µm
_19207_,54.57µm
i_core_v_mini_mcu.cpu_subsystem_i.cpu_1_0.rf_ram_i.memory\[403\]\[1\],54.52µm
_05881_,54.47µm
_09336_,54.47µm
_22231_,54.47µm
_05465_,54.42µm
_05478_,54.42µm
_05923_,54.42µm
_14828_,54.42µm
_17124_,54.42µm
_25124_,54.42µm
_25620_,54.42µm
i_core_v_mini_mcu.ao_peripheral_subsystem_i.mosaic_clint_i.mtimecmp_q\[58\],54.42µm
i_core_v_mini_mcu.cpu_subsystem_i.cpu_0_0.i_servile.cpu.ctrl.o_ibus_adr\[25\],54.42µm
i_core_v_mini_mcu.cpu_subsystem_i.cpu_0_0.rf_ram_i.memory\[379\]\[1\],54.42µm
i_core_v_mini_mcu.cpu_subsystem_i.cpu_1_0.rf_ram_i.memory\[312\]\[0\],54.42µm
i_core_v_mini_mcu.memory_subsystem_i.ram0_i.tc_ram_i.sram\[25\]\[16\],54.42µm
_05697_,54.37µm
_06302_,54.37µm
_08309_,54.37µm
_10181_,54.37µm
_10221_,54.37µm
_12741_,54.37µm
_12744_,54.37µm
_13345_,54.37µm
_19484_,54.37µm
_25650_,54.37µm
_25850_,54.37µm
_26222_,54.37µm
i_core_v_mini_mcu.cpu_subsystem_i.cpu_0_0.rf_ram_i.memory\[378\]\[0\],54.37µm
i_core_v_mini_mcu.cpu_subsystem_i.cpu_0_0.rf_ram_i.memory\[378\]\[1\],54.37µm
i_core_v_mini_mcu.cpu_subsystem_i.cpu_0_0.rf_ram_i.memory\[41\]\[0\],54.37µm
i_core_v_mini_mcu.cpu_subsystem_i.cpu_1_0.rf_ram_i.memory\[394\]\[0\],54.37µm
i_core_v_mini_mcu.memory_subsystem_i.ram0_i.rdata_o\[10\],54.37µm
i_core_v_mini_mcu.memory_subsystem_i.ram0_i.tc_ram_i.sram\[28\]\[13\],54.37µm
net110,54.37µm
net1040,54.37µm
_05041_,54.32µm
_06917_,54.32µm
_07175_,54.32µm
_07266_,54.32µm
_07722_,54.32µm
_08109_,54.32µm
_11142_,54.32µm
_12234_,54.32µm
_12555_,54.32µm
_19773_,54.32µm
_22295_,54.32µm
_25277_,54.32µm
_27397_,54.32µm
_27449_,54.32µm
i_core_v_mini_mcu.ao_peripheral_subsystem_i.tdu_i.task_mem\[6\]\[21\],54.32µm
i_core_v_mini_mcu.cpu_subsystem_i.cpu_1_0.rf_ram_i.memory\[170\]\[0\],54.32µm
i_core_v_mini_mcu.memory_subsystem_i.ram0_i.tc_ram_i.sram\[17\]\[5\],54.32µm
i_core_v_mini_mcu.memory_subsystem_i.ram0_i.tc_ram_i.sram\[23\]\[16\],54.32µm
i_core_v_mini_mcu.memory_subsystem_i.ram0_i.tc_ram_i.sram\[4\]\[4\],54.32µm
_07115_,54.09µm
_17233_,54.06µm
_15741_,53.96µm
_19582_,53.96µm
_06546_,53.91µm
_07612_,53.91µm
_26119_,53.91µm
i_core_v_mini_mcu.peripheral_subsystem_i.periph_to_reg_i.r_rdata_d\[10\],53.91µm
net1599,53.91µm
_05485_,53.86µm
_07174_,53.86µm
_08410_,53.86µm
_08708_,53.86µm
_09371_,53.86µm
_15243_,53.86µm
_15481_,53.86µm
_17087_,53.86µm
_18561_,53.86µm
i_core_v_mini_mcu.ao_peripheral_subsystem_i.mosaic_clint_i.mtimecmp_q\[122\],53.86µm
i_core_v_mini_mcu.ao_peripheral_subsystem_i.mosaic_clint_i.mtimecmp_q\[69\],53.86µm
i_core_v_mini_mcu.ao_peripheral_subsystem_i.spi_subsystem_i.obi_spimemio_i.spimemio_i.rd_addr\[12\],53.86µm
i_core_v_mini_mcu.cpu_subsystem_i.cpu_0_0.rf_ram_i.memory\[474\]\[0\],53.86µm
i_core_v_mini_mcu.memory_subsystem_i.ram0_i.tc_ram_i.sram\[10\]\[11\],53.86µm
i_core_v_mini_mcu.memory_subsystem_i.ram0_i.tc_ram_i.sram\[13\]\[13\],53.86µm
net1379,53.86µm
_08165_,53.81µm
_10339_,53.81µm
_12946_,53.81µm
_18427_,53.81µm
_23067_,53.81µm
_25954_,53.81µm
_27068_,53.81µm
_28434_,53.81µm
i_core_v_mini_mcu.ao_peripheral_subsystem_i.power_manager_i.power_manager_reg_top_i.cpu_counters_stop_cpu_switch_off_stop_bit_counter_qs,53.81µm
i_core_v_mini_mcu.memory_subsystem_i.ram0_i.tc_ram_i.sram\[17\]\[18\],53.81µm
_06522_,53.76µm
_07673_,53.76µm
_10052_,53.76µm
_11409_,53.76µm
_11596_,53.76µm
_12860_,53.76µm
_13374_,53.76µm
_13571_,53.76µm
_18018_,53.76µm
_23704_,53.76µm
_25031_,53.76µm
_25748_,53.76µm
_27055_,53.76µm
i_core_v_mini_mcu.memory_subsystem_i.ram0_i.tc_ram_i.sram\[3\]\[24\],53.76µm
i_core_v_mini_mcu.peripheral_subsystem_i.periph_to_reg_i.r_rdata_d\[7\],53.76µm
_16047_,53.5µm
_05834_,53.45µm
_15689_,53.45µm
_06281_,53.4µm
_21909_,53.4µm
_16050_,53.35µm
_17573_,53.35µm
_17727_,53.35µm
_18068_,53.35µm
i_core_v_mini_mcu.ao_peripheral_subsystem_i.power_manager_i.power_manager_reg_top_i.en_wait_for_intr_qs\[3\],53.35µm
_17775_,53.3µm
_17987_,53.3µm
_20838_,53.3µm
_21120_,53.3µm
_21197_,53.3µm
_24495_,53.3µm
_00162_,53.25µm
_06408_,53.25µm
_07770_,53.25µm
_09322_,53.25µm
_09435_,53.25µm
_10922_,53.25µm
_13704_,53.25µm
_13795_,53.25µm
_15904_,53.25µm
_22948_,53.25µm
_28316_,53.25µm
i_core_v_mini_mcu.cpu_subsystem_i.cpu_1_0.i_servile.cpu.csr_imm,53.25µm
_06134_,53.2µm
_11326_,53.2µm
_11581_,53.2µm
_11788_,53.2µm
_12691_,53.2µm
_13499_,53.2µm
_18081_,53.2µm
_20626_,53.2µm
_21469_,53.2µm
_22859_,53.2µm
_23068_,53.2µm
_25169_,53.2µm
_25445_,53.2µm
_25739_,53.2µm
_26110_,53.2µm
_26638_,53.2µm
_27207_,53.2µm
i_core_v_mini_mcu.cpu_subsystem_i.cpu_1_0.rf_ram_i.memory\[423\]\[0\],53.2µm
net1533,53.2µm
_06881_,52.94µm
i_core_v_mini_mcu.cpu_subsystem_i.cpu_1_0.rf_ram_i.memory\[57\]\[1\],52.92µm
_09346_,52.84µm
_16370_,52.84µm
_25509_,52.84µm
i_core_v_mini_mcu.ao_peripheral_subsystem_i.clint_mtime_o\[52\],52.84µm
i_core_v_mini_mcu.peripheral_subsystem_i.obi_fifo_i.consumer_resp_i\[32\],52.84µm
_08775_,52.79µm
_17625_,52.79µm
_20395_,52.79µm
i_core_v_mini_mcu.ao_peripheral_subsystem_i.power_manager_i.power_manager_counter_sequence_cpu_iso_i.sequence_curr_state\[4\],52.79µm
i_core_v_mini_mcu.ao_peripheral_subsystem_i.power_manager_i.power_manager_reg_top_i.ram_0_switch_qs,52.79µm
_05476_,52.74µm
_09385_,52.74µm
_15116_,52.74µm
_15853_,52.74µm
_16137_,52.74µm
_21862_,52.74µm
_23693_,52.74µm
_24807_,52.74µm
_24865_,52.74µm
_27613_,52.74µm
_27988_,52.74µm
i_core_v_mini_mcu.memory_subsystem_i.ram0_i.tc_ram_i.sram\[31\]\[14\],52.74µm
_05260_,52.69µm
_07392_,52.69µm
_07765_,52.69µm
_09327_,52.69µm
_09648_,52.69µm
_13826_,52.69µm
_15237_,52.69µm
_16791_,52.69µm
_21544_,52.69µm
_26617_,52.69µm
_27010_,52.69µm
_27211_,52.69µm
i_core_v_mini_mcu.ao_peripheral_subsystem_i.spi_subsystem_i.obi_spimemio_i.spimemio_i.xfer.flash_io1_do,52.69µm
i_core_v_mini_mcu.ao_peripheral_subsystem_i.tdu_i.task_mem\[2\]\[11\],52.69µm
i_core_v_mini_mcu.cpu_subsystem_i.cpu_0_0.i_servile.cpu.alu.i_rd_sel\[1\],52.69µm
i_core_v_mini_mcu.cpu_subsystem_i.cpu_1_0.rf_ram_i.memory\[468\]\[1\],52.69µm
i_core_v_mini_mcu.cpu_subsystem_i.cpu_1_0.rf_ram_i.memory\[85\]\[1\],52.69µm
i_core_v_mini_mcu.memory_subsystem_i.ram0_i.tc_ram_i.sram\[16\]\[3\],52.69µm
i_core_v_mini_mcu.memory_subsystem_i.ram0_i.tc_ram_i.sram\[25\]\[7\],52.69µm
_07080_,52.64µm
_07982_,52.64µm
_08231_,52.64µm
_11144_,52.64µm
_15338_,52.64µm
_17213_,52.64µm
_18582_,52.64µm
_19365_,52.64µm
_23837_,52.64µm
_24507_,52.64µm
_25293_,52.64µm
_27268_,52.64µm
i_core_v_mini_mcu.memory_subsystem_i.ram0_i.tc_ram_i.sram\[6\]\[30\],52.64µm
i_core_v_mini_mcu.peripheral_subsystem_i.obi_fifo_i.consumer_resp_i\[18\],52.64µm
i_core_v_mini_mcu.system_bus_i.system_xbar_i.gen_xbar_NtoM.i_xbar.gen_outputs\[4\].gen_rr_arb_tree.i_rr_arb_tree.gen_arbiter.rr_q\[0\],52.36µm
net1375,52.33µm
_15892_,52.28µm
_17357_,52.28µm
i_core_v_mini_mcu.ao_peripheral_subsystem_i.obi_fifo_i.consumer_data_req\[1\],52.28µm
_09640_,52.23µm
_10314_,52.23µm
_13806_,52.23µm
_15621_,52.23µm
_16074_,52.23µm
_17652_,52.23µm
_17724_,52.23µm
i_core_v_mini_mcu.ao_peripheral_subsystem_i.mosaic_clint_i.mtimecmp_q\[27\],52.23µm
i_core_v_mini_mcu.memory_subsystem_i.ram0_i.tc_ram_i.sram\[24\]\[15\],52.23µm
i_core_v_mini_mcu.memory_subsystem_i.ram0_i.tc_ram_i.sram\[30\]\[13\],52.23µm
_05594_,52.18µm
_06883_,52.18µm
_10882_,52.18µm
_11510_,52.18µm
_12929_,52.18µm
_15240_,52.18µm
_16614_,52.18µm
_21457_,52.18µm
_22014_,52.18µm
_23845_,52.18µm
_25141_,52.18µm
_26139_,52.18µm
i_core_v_mini_mcu.ao_peripheral_subsystem_i.clint_mtime_o\[51\],52.18µm
i_core_v_mini_mcu.memory_subsystem_i.ram0_i.tc_ram_i.sram\[12\]\[16\],52.18µm
i_core_v_mini_mcu.memory_subsystem_i.ram0_i.tc_ram_i.sram\[16\]\[11\],52.18µm
i_core_v_mini_mcu.memory_subsystem_i.ram0_i.tc_ram_i.sram\[21\]\[10\],52.18µm
_05737_,52.13µm
_06811_,52.13µm
_07419_,52.13µm
_07633_,52.13µm
_07700_,52.13µm
_07879_,52.13µm
_12325_,52.13µm
_12913_,52.13µm
_14648_,52.13µm
_18478_,52.13µm
_19151_,52.13µm
_20410_,52.13µm
_22420_,52.13µm
_23552_,52.13µm
_23733_,52.13µm
_24868_,52.13µm
_25192_,52.13µm
_25374_,52.13µm
_25392_,52.13µm
_27086_,52.13µm
_27754_,52.13µm
i_core_v_mini_mcu.ao_peripheral_subsystem_i.tdu_i.task_mem\[0\]\[12\],52.13µm
i_core_v_mini_mcu.ao_peripheral_subsystem_i.tdu_i.task_mem\[2\]\[14\],52.13µm
i_core_v_mini_mcu.ao_peripheral_subsystem_i.tdu_i.task_mem\[2\]\[15\],52.13µm
i_core_v_mini_mcu.ao_peripheral_subsystem_i.tdu_i.task_mem\[4\]\[22\],52.13µm
i_core_v_mini_mcu.cpu_subsystem_i.cpu_1_0.rf_ram_i.memory\[50\]\[0\],52.13µm
i_core_v_mini_mcu.memory_subsystem_i.ram0_i.rdata_o\[25\],52.13µm
i_core_v_mini_mcu.memory_subsystem_i.ram0_i.tc_ram_i.sram\[24\]\[21\],52.13µm
i_core_v_mini_mcu.memory_subsystem_i.ram0_i.tc_ram_i.sram\[3\]\[27\],52.13µm
i_core_v_mini_mcu.peripheral_subsystem_i.uart_i.reg2hw\[33\],52.13µm
net1479,52.13µm
_07210_,52.08µm
_07753_,52.08µm
_09353_,52.08µm
_11465_,52.08µm
_18931_,52.08µm
_21788_,52.08µm
_23444_,52.08µm
_24856_,52.08µm
_25243_,52.08µm
_25573_,52.08µm
_25683_,52.08µm
_26226_,52.08µm
_27302_,52.08µm
i_core_v_mini_mcu.ao_peripheral_subsystem_i.obi_fifo_i.consumer_data_req\[39\],52.08µm
i_core_v_mini_mcu.ao_peripheral_subsystem_i.spi_subsystem_i.obi_spimemio_i.spimemio_i.config_oe\[1\],52.08µm
i_core_v_mini_mcu.cpu_subsystem_i.cpu_0_0.rf_ram_i.memory\[413\]\[1\],52.08µm
i_core_v_mini_mcu.memory_subsystem_i.ram0_i.tc_ram_i.sram\[4\]\[15\],52.08µm
i_core_v_mini_mcu.ao_peripheral_subsystem_i.tdu_i.task_mem\[0\]\[26\],51.9µm
i_core_v_mini_mcu.cpu_subsystem_i.cpu_1_0.rf_ram_i.memory\[56\]\[1\],51.8µm
_16294_,51.77µm
_09204_,51.72µm
i_core_v_mini_mcu.ao_peripheral_subsystem_i.tdu_i.count_q\[2\],51.72µm
_14511_,51.67µm
_14880_,51.67µm
_15433_,51.67µm
i_core_v_mini_mcu.ao_peripheral_subsystem_i.clint_mtime_o\[39\],51.67µm
i_core_v_mini_mcu.ao_peripheral_subsystem_i.tdu_i.task_mem\[3\]\[23\],51.67µm
i_core_v_mini_mcu.cpu_subsystem_i.cpu_0_0.i_servile.cpu.gen_align.align.ibus_rdt_concat\[10\],51.67µm
i_core_v_mini_mcu.cpu_subsystem_i.cpu_1_0.rf_ram_i.memory\[81\]\[0\],51.67µm
_15727_,51.62µm
_18324_,51.62µm
_21546_,51.62µm
i_core_v_mini_mcu.ao_peripheral_subsystem_i.mosaic_clint_i.mtimecmp_q\[127\],51.62µm
i_core_v_mini_mcu.cpu_subsystem_i.cpu_0_0.rf_ram_i.memory\[36\]\[1\],51.62µm
i_core_v_mini_mcu.memory_subsystem_i.ram0_i.tc_ram_i.sram\[15\]\[15\],51.62µm
i_core_v_mini_mcu.memory_subsystem_i.ram0_i.tc_ram_i.sram\[17\]\[6\],51.62µm
_05521_,51.57µm
_06136_,51.57µm
_06479_,51.57µm
_06744_,51.57µm
_07090_,51.57µm
_09765_,51.57µm
_11007_,51.57µm
_12117_,51.57µm
_14601_,51.57µm
_18151_,51.57µm
_19367_,51.57µm
_21861_,51.57µm
_24843_,51.57µm
i_core_v_mini_mcu.ao_peripheral_subsystem_i.spi_subsystem_i.obi_spimemio_i.spimemio_i.xfer.flash_io3_do,51.57µm
i_core_v_mini_mcu.cpu_subsystem_i.cpu_1_0.i_servile.cpu.state.init_done,51.57µm
_07503_,51.52µm
_07887_,51.52µm
_08044_,51.52µm
_09401_,51.52µm
_12924_,51.52µm
_19688_,51.52µm
_23716_,51.52µm
_25233_,51.52µm
_25376_,51.52µm
_25746_,51.52µm
i_core_v_mini_mcu.ao_peripheral_subsystem_i.tdu_i.task_mem\[2\]\[9\],51.52µm
i_core_v_mini_mcu.memory_subsystem_i.ram0_i.tc_ram_i.sram\[23\]\[0\],51.52µm
_22147_,51.29µm
_26364_,51.29µm
i_core_v_mini_mcu.peripheral_subsystem_i.uart_i.reg2hw\[9\],51.24µm
_06362_,51.16µm
_15753_,51.16µm
_17270_,51.16µm
_06335_,51.11µm
_07184_,51.11µm
_11757_,51.11µm
_16320_,51.11µm
_16794_,51.11µm
_18015_,51.11µm
_20406_,51.11µm
i_core_v_mini_mcu.ao_peripheral_subsystem_i.mosaic_clint_i.mtimecmp_q\[107\],51.11µm
_07729_,51.06µm
_09769_,51.06µm
_17916_,51.06µm
_18937_,51.06µm
_22841_,51.06µm
_25354_,51.06µm
_25385_,51.06µm
i_core_v_mini_mcu.cpu_subsystem_i.cpu_0_0.i_servile.cpu.bne_or_bge,51.06µm
i_core_v_mini_mcu.cpu_subsystem_i.cpu_1_0.i_servile.cpu.bufreg.data\[1\],51.06µm
i_core_v_mini_mcu.memory_subsystem_i.ram0_i.tc_ram_i.sram\[10\]\[7\],51.06µm
_06624_,51.01µm
_09457_,51.01µm
_10542_,51.01µm
_14779_,51.01µm
_17947_,51.01µm
_22206_,51.01µm
_25584_,51.01µm
_26016_,51.01µm
i_core_v_mini_mcu.cpu_subsystem_i.cpu_0_0.rf_ram_i.memory\[118\]\[0\],51.01µm
i_core_v_mini_mcu.memory_subsystem_i.ram0_i.tc_ram_i.sram\[5\]\[14\],51.01µm
_06152_,50.96µm
_12919_,50.96µm
_13465_,50.96µm
_13740_,50.96µm
_18816_,50.96µm
_21874_,50.96µm
_24424_,50.96µm
_25773_,50.96µm
i_core_v_mini_mcu.ao_peripheral_subsystem_i.obi_fifo_i.consumer_data_req\[15\],50.96µm
i_core_v_mini_mcu.memory_subsystem_i.ram0_i.tc_ram_i.sram\[21\]\[11\],50.96µm
i_core_v_mini_mcu.peripheral_subsystem_i.periph_to_reg_i.r_rdata_d\[30\],50.96µm
_10430_,50.73µm
i_core_v_mini_mcu.peripheral_subsystem_i.uart_i.uart_core.uart_rx.bit_cnt_q\[3\],50.73µm
_09636_,50.7µm
_17111_,50.65µm
_22447_,50.65µm
_16323_,50.6µm
_14380_,50.55µm
_08812_,50.5µm
_10528_,50.5µm
_17499_,50.5µm
_26994_,50.5µm
i_core_v_mini_mcu.ao_peripheral_subsystem_i.clint_mtime_o\[62\],50.5µm
i_core_v_mini_mcu.cpu_subsystem_i.cpu_0_0.rf_ram_i.memory\[340\]\[1\],50.5µm
_06612_,50.45µm
_10030_,50.45µm
_10293_,50.45µm
_15207_,50.45µm
_15850_,50.45µm
_17148_,50.45µm
_19488_,50.45µm
_20411_,50.45µm
_21774_,50.45µm
_22913_,50.45µm
_24919_,50.45µm
_26889_,50.45µm
_27303_,50.45µm
i_core_v_mini_mcu.ao_peripheral_subsystem_i.power_manager_i.power_manager_reg_top_i.global_pointer_qs\[3\],50.45µm
i_core_v_mini_mcu.memory_subsystem_i.ram0_i.tc_ram_i.sram\[7\]\[11\],50.45µm
i_core_v_mini_mcu.peripheral_subsystem_i.uart_i.reg2hw\[17\],50.45µm
_06216_,50.4µm
_07134_,50.4µm
_07763_,50.4µm
_07997_,50.4µm
_08486_,50.4µm
_10690_,50.4µm
_11309_,50.4µm
_14222_,50.4µm
_14921_,50.4µm
_17999_,50.4µm
_18189_,50.4µm
_19880_,50.4µm
_23534_,50.4µm
_23839_,50.4µm
_24417_,50.4µm
_24670_,50.4µm
_27402_,50.4µm
_27433_,50.4µm
_27668_,50.4µm
i_core_v_mini_mcu.ao_peripheral_subsystem_i.tdu_i.task_mem\[7\]\[25\],50.4µm
i_core_v_mini_mcu.cpu_subsystem_i.cpu_1_0.rf_ram_i.memory\[96\]\[0\],50.4µm
_15717_,50.09µm
_15472_,50.04µm
_18323_,50.04µm
_15327_,49.99µm
_16221_,49.99µm
_17151_,49.99µm
_23583_,49.99µm
i_core_v_mini_mcu.ao_peripheral_subsystem_i.mosaic_clint_i.mtimecmp_q\[51\],49.99µm
i_core_v_mini_mcu.ao_peripheral_subsystem_i.mosaic_clint_i.mtimecmp_q\[86\],49.99µm
_05735_,49.94µm
_05851_,49.94µm
_09555_,49.94µm
_09932_,49.94µm
_10166_,49.94µm
_16267_,49.94µm
_17996_,49.94µm
_22382_,49.94µm
_22835_,49.94µm
_25423_,49.94µm
i_core_v_mini_mcu.cpu_subsystem_i.cpu_0_0.rf_ram_i.memory\[57\]\[0\],49.94µm
i_core_v_mini_mcu.cpu_subsystem_i.cpu_1_0.rf_ram_i.memory\[165\]\[1\],49.94µm
i_core_v_mini_mcu.cpu_subsystem_i.cpu_1_0.rf_ram_i.memory\[450\]\[0\],49.94µm
i_core_v_mini_mcu.cpu_subsystem_i.cpu_1_0.rf_ram_i.memory\[60\]\[1\],49.94µm
i_core_v_mini_mcu.cpu_subsystem_i.cpu_1_0.rf_ram_i.memory\[90\]\[0\],49.94µm
i_core_v_mini_mcu.peripheral_subsystem_i.periph_to_reg_i.r_rdata_d\[15\],49.94µm
i_core_v_mini_mcu.peripheral_subsystem_i.uart_i.uart_core.rx_timeout_count_q\[23\],49.94µm
_07551_,49.89µm
_08076_,49.89µm
_10460_,49.89µm
_11416_,49.89µm
_11966_,49.89µm
_12643_,49.89µm
_13070_,49.89µm
_13451_,49.89µm
_13979_,49.89µm
_14960_,49.89µm
_15585_,49.89µm
_15602_,49.89µm
_16013_,49.89µm
_18059_,49.89µm
_18095_,49.89µm
_18098_,49.89µm
_18214_,49.89µm
_19684_,49.89µm
_23074_,49.89µm
_23721_,49.89µm
_25638_,49.89µm
_26910_,49.89µm
_27173_,49.89µm
_28428_,49.89µm
i_core_v_mini_mcu.cpu_subsystem_i.cpu_0_0.rf_ram_i.memory\[280\]\[1\],49.89µm
i_core_v_mini_mcu.cpu_subsystem_i.cpu_0_0.rf_ram_i.memory\[476\]\[1\],49.89µm
i_core_v_mini_mcu.memory_subsystem_i.ram0_i.tc_ram_i.sram\[12\]\[10\],49.89µm
i_core_v_mini_mcu.memory_subsystem_i.ram0_i.tc_ram_i.sram\[16\]\[2\],49.89µm
_07384_,49.84µm
_09593_,49.84µm
_09756_,49.84µm
_10438_,49.84µm
_11270_,49.84µm
_11282_,49.84µm
_11873_,49.84µm
_12514_,49.84µm
_12859_,49.84µm
_13204_,49.84µm
_13452_,49.84µm
_13593_,49.84µm
_13700_,49.84µm
_14212_,49.84µm
_18475_,49.84µm
_20692_,49.84µm
_22035_,49.84µm
_23426_,49.84µm
_24724_,49.84µm
_24821_,49.84µm
_26647_,49.84µm
_28174_,49.84µm
i_core_v_mini_mcu.cpu_subsystem_i.cpu_1_0.i_servile.cpu.decode.o_immdec_ctrl\[0\],49.84µm
net723,49.84µm
_15130_,49.72µm
spi_flash_sck_o,49.7µm
_09017_,49.58µm
_09958_,49.48µm
_10217_,49.48µm
_15011_,49.48µm
_16385_,49.48µm
_09123_,49.43µm
_09502_,49.43µm
_15234_,49.43µm
_23162_,49.43µm
i_core_v_mini_mcu.peripheral_subsystem_i.uart_i.uart_core.rx_timeout_count_q\[12\],49.43µm
i_core_v_mini_mcu.memory_subsystem_i.ram0_i.tc_ram_i.sram\[31\]\[26\],49.41µm
_05516_,49.38µm
_10320_,49.38µm
_11068_,49.38µm
_17896_,49.38µm
_23089_,49.38µm
_26330_,49.38µm
_27528_,49.38µm
i_core_v_mini_mcu.memory_subsystem_i.ram0_i.tc_ram_i.sram\[16\]\[30\],49.38µm
i_core_v_mini_mcu.memory_subsystem_i.ram0_i.tc_ram_i.sram\[25\]\[17\],49.38µm
_05901_,49.33µm
_07520_,49.33µm
_08039_,49.33µm
_08868_,49.33µm
_09120_,49.33µm
_11347_,49.33µm
_13986_,49.33µm
_18709_,49.33µm
_21094_,49.33µm
_22013_,49.33µm
_22936_,49.33µm
_23504_,49.33µm
_23833_,49.33µm
_24236_,49.33µm
_24572_,49.33µm
_24815_,49.33µm
_25514_,49.33µm
_25594_,49.33µm
_25749_,49.33µm
_26709_,49.33µm
_26874_,49.33µm
i_core_v_mini_mcu.ao_peripheral_subsystem_i.tdu_i.task_mem\[2\]\[29\],49.33µm
i_core_v_mini_mcu.cpu_subsystem_i.cpu_0_0.rf_ram_i.memory\[312\]\[0\],49.33µm
i_core_v_mini_mcu.memory_subsystem_i.ram0_i.tc_ram_i.sram\[14\]\[27\],49.33µm
i_core_v_mini_mcu.memory_subsystem_i.ram0_i.tc_ram_i.sram\[15\]\[27\],49.33µm
i_core_v_mini_mcu.memory_subsystem_i.ram0_i.tc_ram_i.sram\[22\]\[9\],49.33µm
net58,49.33µm
_07433_,49.28µm
_08365_,49.28µm
_10927_,49.28µm
_10968_,49.28µm
_12994_,49.28µm
_13494_,49.28µm
_18483_,49.28µm
_19645_,49.28µm
_19814_,49.28µm
_22399_,49.28µm
_25155_,49.28µm
_25999_,49.28µm
_27494_,49.28µm
i_core_v_mini_mcu.ao_peripheral_subsystem_i.periph_to_reg_i.r_rdata_d\[0\],49.28µm
i_core_v_mini_mcu.ao_peripheral_subsystem_i.tdu_i.task_mem\[3\]\[15\],49.28µm
i_core_v_mini_mcu.cpu_subsystem_i.cpu_0_0.rf_ram_i.memory\[506\]\[1\],49.28µm
i_core_v_mini_mcu.cpu_subsystem_i.cpu_1_0.rf_ram_i.memory\[331\]\[0\],49.28µm
i_core_v_mini_mcu.cpu_subsystem_i.cpu_1_0.rf_ram_i.memory\[333\]\[0\],49.28µm
i_core_v_mini_mcu.cpu_subsystem_i.cpu_1_0.rf_ram_i.memory\[391\]\[1\],49.28µm
i_core_v_mini_mcu.cpu_subsystem_i.cpu_1_0.rf_ram_i.memory\[434\]\[0\],49.28µm
i_core_v_mini_mcu.memory_subsystem_i.ram0_i.tc_ram_i.sram\[16\]\[8\],49.28µm
i_core_v_mini_mcu.memory_subsystem_i.ram0_i.tc_ram_i.sram\[17\]\[3\],49.28µm
i_core_v_mini_mcu.memory_subsystem_i.ram0_i.tc_ram_i.sram\[21\]\[9\],49.28µm
_11241_,49.27µm
_27639_,49.1µm
i_core_v_mini_mcu.ao_peripheral_subsystem_i.power_manager_i.power_manager_reg_top_i.cpu_switch_on_counter_qs\[2\],49.02µm
_06683_,48.92µm
_07827_,48.92µm
_10133_,48.92µm
_23272_,48.92µm
_18020_,48.9µm
_06032_,48.87µm
_14590_,48.87µm
_14615_,48.87µm
_15524_,48.87µm
_20541_,48.87µm
_23398_,48.87µm
i_core_v_mini_mcu.ao_peripheral_subsystem_i.power_manager_i.power_manager_reg_top_i.cpu_iso_off_counter_qs\[10\],48.87µm
net42,48.87µm
_16485_,48.82µm
i_core_v_mini_mcu.ao_peripheral_subsystem_i.mosaic_clint_i.mtimecmp_q\[17\],48.82µm
i_core_v_mini_mcu.cpu_subsystem_i.cpu_1_0.rf_ram_i.memory\[294\]\[1\],48.82µm
i_core_v_mini_mcu.memory_subsystem_i.ram0_i.tc_ram_i.sram\[17\]\[13\],48.82µm
i_core_v_mini_mcu.memory_subsystem_i.ram0_i.tc_ram_i.sram\[17\]\[4\],48.82µm
i_core_v_mini_mcu.memory_subsystem_i.ram0_i.tc_ram_i.sram\[23\]\[11\],48.82µm
i_core_v_mini_mcu.memory_subsystem_i.ram0_i.tc_ram_i.sram\[23\]\[12\],48.82µm
i_core_v_mini_mcu.memory_subsystem_i.ram0_i.tc_ram_i.sram\[8\]\[9\],48.82µm
i_core_v_mini_mcu.peripheral_subsystem_i.uart_i.u_reg.u_reg_if.a_ack,48.82µm
i_core_v_mini_mcu.peripheral_subsystem_i.uart_i.uart_core.uart_rx.sreg_q\[5\],48.82µm
_07565_,48.77µm
_08239_,48.77µm
_15599_,48.77µm
_15776_,48.77µm
_15810_,48.77µm
_18007_,48.77µm
_22481_,48.77µm
_22894_,48.77µm
_25009_,48.77µm
_25653_,48.77µm
_27654_,48.77µm
i_core_v_mini_mcu.ao_peripheral_subsystem_i.tdu_i.task_mem\[4\]\[2\],48.77µm
i_core_v_mini_mcu.cpu_subsystem_i.cpu_0_0.rf_ram_i.memory\[33\]\[0\],48.77µm
i_core_v_mini_mcu.cpu_subsystem_i.cpu_1_0.rf_ram_i.memory\[146\]\[1\],48.77µm
i_core_v_mini_mcu.cpu_subsystem_i.cpu_1_0.rf_ram_i.memory\[26\]\[0\],48.77µm
i_core_v_mini_mcu.peripheral_subsystem_i.periph_to_reg_i.r_rdata_d\[8\],48.77µm
_08085_,48.72µm
_11695_,48.72µm
_12486_,48.72µm
_13308_,48.72µm
_13985_,48.72µm
_14214_,48.72µm
_14374_,48.72µm
_18076_,48.72µm
_25846_,48.72µm
_26037_,48.72µm
_27438_,48.72µm
_28132_,48.72µm
i_core_v_mini_mcu.cpu_subsystem_i.cpu_1_0.rf_ram_i.memory\[490\]\[0\],48.72µm
i_core_v_mini_mcu.memory_subsystem_i.ram0_i.tc_ram_i.sram\[14\]\[13\],48.72µm
_13927_,48.36µm
_14884_,48.36µm
_15401_,48.36µm
_17207_,48.36µm
_21202_,48.36µm
i_core_v_mini_mcu.ao_peripheral_subsystem_i.mosaic_clint_i.mtimecmp_q\[99\],48.36µm
_08907_,48.31µm
_15180_,48.31µm
_15354_,48.31µm
_16637_,48.31µm
i_core_v_mini_mcu.ao_peripheral_subsystem_i.mosaic_clint_i.mtimecmp_q\[71\],48.31µm
i_core_v_mini_mcu.ao_peripheral_subsystem_i.spi_subsystem_i.obi_spimemio_i.obi_to_picorv32_i.obi_resp_o\[9\],48.31µm
i_core_v_mini_mcu.memory_subsystem_i.ram0_i.tc_ram_i.sram\[4\]\[6\],48.31µm
_05441_,48.26µm
_06284_,48.26µm
_09930_,48.26µm
_14387_,48.26µm
_16169_,48.26µm
_19494_,48.26µm
_22317_,48.26µm
_27522_,48.26µm
_06393_,48.21µm
_07624_,48.21µm
_07921_,48.21µm
_08571_,48.21µm
_13057_,48.21µm
_14645_,48.21µm
_15744_,48.21µm
_16728_,48.21µm
_17386_,48.21µm
_17922_,48.21µm
_18154_,48.21µm
_18578_,48.21µm
_19504_,48.21µm
_21536_,48.21µm
_25203_,48.21µm
_25869_,48.21µm
_26651_,48.21µm
_26878_,48.21µm
_27297_,48.21µm
_27816_,48.21µm
i_core_v_mini_mcu.ao_peripheral_subsystem_i.clint_mtime_o\[46\],48.21µm
i_core_v_mini_mcu.ao_peripheral_subsystem_i.mosaic_clint_i.mtimecmp_q\[108\],48.21µm
i_core_v_mini_mcu.ao_peripheral_subsystem_i.tdu_i.task_mem\[0\]\[1\],48.21µm
i_core_v_mini_mcu.cpu_subsystem_i.cpu_0_0.rf_ram_i.memory\[144\]\[1\],48.21µm
i_core_v_mini_mcu.cpu_subsystem_i.cpu_0_0.rf_ram_i.memory\[261\]\[0\],48.21µm
i_core_v_mini_mcu.cpu_subsystem_i.cpu_0_0.rf_ram_i.memory\[313\]\[0\],48.21µm
i_core_v_mini_mcu.memory_subsystem_i.ram0_i.tc_ram_i.sram\[26\]\[8\],48.21µm
_07420_,48.16µm
_09597_,48.16µm
_10194_,48.16µm
_11490_,48.16µm
_13409_,48.16µm
_14526_,48.16µm
_17378_,48.16µm
_17715_,48.16µm
_20598_,48.16µm
_21403_,48.16µm
_23052_,48.16µm
_24379_,48.16µm
_25648_,48.16µm
_26180_,48.16µm
_27474_,48.16µm
_27997_,48.16µm
i_core_v_mini_mcu.ao_peripheral_subsystem_i.clint_mtime_o\[0\],48.16µm
i_core_v_mini_mcu.ao_peripheral_subsystem_i.power_manager_i.power_manager_reg_top_i.en_wait_for_intr_qs\[30\],48.16µm
i_core_v_mini_mcu.ao_peripheral_subsystem_i.tdu_i.task_mem\[0\]\[18\],48.16µm
i_core_v_mini_mcu.memory_subsystem_i.ram0_i.tc_ram_i.sram\[0\]\[2\],48.16µm
i_core_v_mini_mcu.memory_subsystem_i.ram0_i.tc_ram_i.sram\[17\]\[30\],48.16µm
i_core_v_mini_mcu.memory_subsystem_i.ram0_i.tc_ram_i.sram\[29\]\[14\],48.16µm
i_core_v_mini_mcu.memory_subsystem_i.ram0_i.tc_ram_i.sram\[2\]\[9\],48.16µm
net674,48.16µm
_14366_,48.03µm
_22656_,48µm
_15907_,47.85µm
_14434_,47.8µm
_16962_,47.8µm
_19402_,47.8µm
i_core_v_mini_mcu.ao_peripheral_subsystem_i.power_manager_i.power_manager_reg_top_i.en_wait_for_intr_qs\[8\],47.8µm
_17372_,47.77µm
_15407_,47.75µm
_19921_,47.75µm
_23624_,47.75µm
i_core_v_mini_mcu.ao_peripheral_subsystem_i.clint_mtime_o\[59\],47.75µm
i_core_v_mini_mcu.ao_peripheral_subsystem_i.mosaic_clint_i.mtimecmp_q\[90\],47.75µm
i_core_v_mini_mcu.ao_peripheral_subsystem_i.spi_subsystem_i.obi_spimemio_i.spimemio_i.state\[2\],47.75µm
i_core_v_mini_mcu.peripheral_subsystem_i.uart_i.uart_core.rx_timeout_count_q\[11\],47.75µm
_06236_,47.7µm
_06328_,47.7µm
_07125_,47.7µm
_07935_,47.7µm
_08407_,47.7µm
_09075_,47.7µm
_10179_,47.7µm
_10220_,47.7µm
_14383_,47.7µm
_15137_,47.7µm
_16409_,47.7µm
_16860_,47.7µm
_22867_,47.7µm
i_core_v_mini_mcu.ao_peripheral_subsystem_i.mosaic_clint_i.mtimecmp_q\[57\],47.7µm
i_core_v_mini_mcu.ao_peripheral_subsystem_i.power_manager_i.power_manager_reg_top_i.cpu_iso_off_counter_qs\[5\],47.7µm
i_core_v_mini_mcu.cpu_subsystem_i.cpu_1_0.rf_ram_i.memory\[41\]\[1\],47.7µm
i_core_v_mini_mcu.memory_subsystem_i.ram0_i.tc_ram_i.sram\[14\]\[21\],47.7µm
_06444_,47.65µm
_07113_,47.65µm
_07135_,47.65µm
_07348_,47.65µm
_08967_,47.65µm
_09714_,47.65µm
_09757_,47.65µm
_10443_,47.65µm
_11046_,47.65µm
_11651_,47.65µm
_15654_,47.65µm
_15747_,47.65µm
_16195_,47.65µm
_18198_,47.65µm
_22024_,47.65µm
_22571_,47.65µm
_23374_,47.65µm
_23753_,47.65µm
_23835_,47.65µm
_24525_,47.65µm
_25826_,47.65µm
_26862_,47.65µm
i_core_v_mini_mcu.ao_peripheral_subsystem_i.power_manager_i.power_manager_reg_top_i.reg2hw\[223\],47.65µm
i_core_v_mini_mcu.core_data_req\[85\],47.65µm
i_core_v_mini_mcu.cpu_subsystem_i.cpu_1_0.rf_ram_i.memory\[1\]\[0\],47.65µm
net627,47.65µm
net1601,47.65µm
_07647_,47.6µm
_08333_,47.6µm
_08484_,47.6µm
_08884_,47.6µm
_14196_,47.6µm
_18084_,47.6µm
_19492_,47.6µm
_21224_,47.6µm
_21869_,47.6µm
_23122_,47.6µm
_25043_,47.6µm
_25922_,47.6µm
_25958_,47.6µm
_26146_,47.6µm
_26641_,47.6µm
_26718_,47.6µm
_27391_,47.6µm
_28322_,47.6µm
i_core_v_mini_mcu.ao_peripheral_subsystem_i.tdu_i.cpi_est_q\[35\],47.6µm
i_core_v_mini_mcu.cpu_subsystem_i.cpu_0_0.rf_ram_i.memory\[408\]\[1\],47.6µm
i_core_v_mini_mcu.cpu_subsystem_i.cpu_1_0.rf_ram_i.memory\[463\]\[1\],47.6µm
i_core_v_mini_mcu.memory_subsystem_i.ram0_i.tc_ram_i.sram\[15\]\[4\],47.6µm
i_core_v_mini_mcu.peripheral_subsystem_i.periph_to_reg_i.r_rdata_d\[17\],47.6µm
_21752_,47.52µm
i_core_v_mini_mcu.memory_subsystem_i.ram0_i.tc_ram_i.sram\[28\]\[15\],47.37µm
_26623_,47.32µm
_16105_,47.19µm
_17737_,47.19µm
_18380_,47.19µm
_19048_,47.19µm
i_core_v_mini_mcu.ao_peripheral_subsystem_i.mosaic_clint_i.mtimecmp_q\[101\],47.19µm
i_core_v_mini_mcu.ao_peripheral_subsystem_i.obi_fifo_i.consumer_data_req\[28\],47.19µm
_05837_,47.14µm
_06570_,47.14µm
_07661_,47.14µm
_09514_,47.14µm
_10493_,47.14µm
_14805_,47.14µm
_17925_,47.14µm
_23222_,47.14µm
i_core_v_mini_mcu.ao_peripheral_subsystem_i.tdu_i.task_mem\[3\]\[3\],47.14µm
i_core_v_mini_mcu.cpu_subsystem_i.cpu_1_0.rf_ram_i.memory\[3\]\[0\],47.14µm
i_core_v_mini_mcu.memory_subsystem_i.ram0_i.tc_ram_i.sram\[17\]\[7\],47.14µm
i_core_v_mini_mcu.memory_subsystem_i.ram0_i.tc_ram_i.sram\[21\]\[13\],47.14µm
_05673_,47.09µm
_06432_,47.09µm
_08271_,47.09µm
_09099_,47.09µm
_13654_,47.09µm
_13728_,47.09µm
_16973_,47.09µm
_17705_,47.09µm
_17827_,47.09µm
_18195_,47.09µm
_24719_,47.09µm
_24876_,47.09µm
_25801_,47.09µm
_25953_,47.09µm
_27437_,47.09µm
i_core_v_mini_mcu.cpu_subsystem_i.cpu_0_0.rf_ram_i.memory\[464\]\[1\],47.09µm
i_core_v_mini_mcu.cpu_subsystem_i.cpu_0_0.rf_ram_i.memory\[567\]\[0\],47.09µm
i_core_v_mini_mcu.cpu_subsystem_i.cpu_1_0.rf_ram_i.memory\[249\]\[1\],47.09µm
i_core_v_mini_mcu.cpu_subsystem_i.cpu_1_0.rf_ram_i.memory\[285\]\[0\],47.09µm
i_core_v_mini_mcu.cpu_subsystem_i.cpu_1_0.rf_ram_i.memory\[505\]\[1\],47.09µm
i_core_v_mini_mcu.memory_subsystem_i.ram0_i.tc_ram_i.sram\[13\]\[10\],47.09µm
i_core_v_mini_mcu.memory_subsystem_i.ram0_i.tc_ram_i.sram\[24\]\[27\],47.09µm
i_core_v_mini_mcu.peripheral_subsystem_i.periph_to_reg_i.r_rdata_d\[26\],47.09µm
net1587,47.09µm
_07527_,47.04µm
_07952_,47.04µm
_07962_,47.04µm
_08016_,47.04µm
_09392_,47.04µm
_11040_,47.04µm
_12870_,47.04µm
_13729_,47.04µm
_14951_,47.04µm
_18482_,47.04µm
_19327_,47.04µm
_19775_,47.04µm
_23206_,47.04µm
_23699_,47.04µm
_24530_,47.04µm
_25578_,47.04µm
i_core_v_mini_mcu.ao_peripheral_subsystem_i.mosaic_clint_i.mtimecmp_q\[23\],47.04µm
i_core_v_mini_mcu.ao_peripheral_subsystem_i.periph_to_reg_i.r_rdata_d\[23\],47.04µm
i_core_v_mini_mcu.ao_peripheral_subsystem_i.power_manager_i.power_manager_reg_top_i.intr_state_qs\[13\],47.04µm
i_core_v_mini_mcu.cpu_subsystem_i.cpu_1_0.rf_ram_i.memory\[117\]\[1\],47.04µm
i_core_v_mini_mcu.cpu_subsystem_i.cpu_1_0.rf_ram_i.memory\[285\]\[1\],47.04µm
i_core_v_mini_mcu.cpu_subsystem_i.cpu_1_0.rf_ram_i.memory\[401\]\[0\],47.04µm
i_core_v_mini_mcu.memory_subsystem_i.ram0_i.tc_ram_i.sram\[12\]\[11\],47.04µm
i_core_v_mini_mcu.memory_subsystem_i.ram0_i.tc_ram_i.sram\[13\]\[9\],47.04µm
_25605_,46.76µm
_23372_,46.73µm
i_core_v_mini_mcu.ao_peripheral_subsystem_i.clint_mtime_o\[61\],46.73µm
i_core_v_mini_mcu.peripheral_subsystem_i.uart_i.reg2hw\[1\],46.73µm
_09328_,46.68µm
_09490_,46.68µm
_14491_,46.68µm
_16533_,46.68µm
_17249_,46.68µm
_17712_,46.68µm
_21871_,46.68µm
_05580_,46.63µm
_10959_,46.63µm
_14486_,46.63µm
_14522_,46.63µm
_17687_,46.63µm
_19643_,46.63µm
i_core_v_mini_mcu.cpu_subsystem_i.cpu_1_0.i_servile.cpu.state.cnt_r\[3\],46.63µm
i_core_v_mini_mcu.peripheral_subsystem_i.obi_fifo_i.obi_req_fifo_i.status_cnt_q\[0\],46.63µm
_06834_,46.58µm
_09241_,46.58µm
_10274_,46.58µm
_14799_,46.58µm
_16701_,46.58µm
_19392_,46.58µm
i_core_v_mini_mcu.ao_peripheral_subsystem_i.clint_mtime_o\[42\],46.58µm
i_core_v_mini_mcu.ao_peripheral_subsystem_i.power_manager_i.power_manager_reg_top_i.intr_state_qs\[18\],46.58µm
i_core_v_mini_mcu.cpu_subsystem_i.cpu_0_0.i_servile.cpu.ctrl.o_ibus_adr\[23\],46.58µm
i_core_v_mini_mcu.cpu_subsystem_i.cpu_1_0.rf_ram_i.memory\[55\]\[1\],46.58µm
i_core_v_mini_mcu.memory_subsystem_i.ram0_i.tc_ram_i.sram\[11\]\[7\],46.58µm
i_core_v_mini_mcu.memory_subsystem_i.ram0_i.tc_ram_i.sram\[16\]\[7\],46.58µm
_07531_,46.53µm
_07866_,46.53µm
_08289_,46.53µm
_10530_,46.53µm
_13429_,46.53µm
_13628_,46.53µm
_15436_,46.53µm
_16491_,46.53µm
_18145_,46.53µm
_18196_,46.53µm
_18609_,46.53µm
_23711_,46.53µm
_23768_,46.53µm
_25194_,46.53µm
_25589_,46.53µm
_26366_,46.53µm
_26508_,46.53µm
_26512_,46.53µm
_26925_,46.53µm
_26993_,46.53µm
_27348_,46.53µm
i_core_v_mini_mcu.ao_peripheral_subsystem_i.mosaic_clint_i.mtimecmp_q\[111\],46.53µm
i_core_v_mini_mcu.ao_peripheral_subsystem_i.power_manager_i.power_manager_counter_sequence_cpu_reset_i.sequence_curr_state\[2\],46.53µm
i_core_v_mini_mcu.ao_peripheral_subsystem_i.power_manager_i.power_manager_reg_top_i.reg2hw\[251\],46.53µm
i_core_v_mini_mcu.cpu_subsystem_i.cpu_1_0.rf_ram_i.memory\[208\]\[1\],46.53µm
i_core_v_mini_mcu.memory_subsystem_i.ram0_i.tc_ram_i.sram\[30\]\[15\],46.53µm
_03038_,46.48µm
_06765_,46.48µm
_06927_,46.48µm
_07641_,46.48µm
_08037_,46.48µm
_08493_,46.48µm
_17370_,46.48µm
_19808_,46.48µm
_22753_,46.48µm
_24711_,46.48µm
_24778_,46.48µm
_24914_,46.48µm
_26010_,46.48µm
_26662_,46.48µm
_26666_,46.48µm
i_core_v_mini_mcu.cpu_subsystem_i.cpu_0_0.rf_ram_i.memory\[40\]\[1\],46.48µm
i_core_v_mini_mcu.cpu_subsystem_i.cpu_1_0.rf_ram_i.memory\[392\]\[0\],46.48µm
i_core_v_mini_mcu.cpu_subsystem_i.cpu_1_0.rf_ram_i.memory\[474\]\[0\],46.48µm
i_core_v_mini_mcu.cpu_subsystem_i.cpu_1_0.rf_ram_i.memory\[489\]\[0\],46.48µm
i_core_v_mini_mcu.peripheral_subsystem_i.uart_i.uart_core.rx_sync,46.48µm
_10904_,46.25µm
i_core_v_mini_mcu.memory_subsystem_i.ram0_i.tc_ram_i.sram\[17\]\[22\],46.25µm
_07634_,46.2µm
_17587_,46.12µm
i_core_v_mini_mcu.ao_peripheral_subsystem_i.soc_ctrl_i.reg2hw\[2\],46.12µm
_06615_,46.07µm
_07081_,46.07µm
_17202_,46.07µm
_08450_,46.02µm
_15201_,46.02µm
_21599_,46.02µm
_27623_,46.02µm
_27715_,46.02µm
i_core_v_mini_mcu.ao_peripheral_subsystem_i.mosaic_clint_i.mtimecmp_q\[75\],46.02µm
i_core_v_mini_mcu.ao_peripheral_subsystem_i.obi_fifo_i.consumer_data_req\[14\],46.02µm
i_core_v_mini_mcu.ao_peripheral_subsystem_i.tdu_i.task_mem\[4\]\[8\],46.02µm
i_core_v_mini_mcu.cpu_subsystem_i.cpu_0_0.rf_ram_i.memory\[254\]\[0\],46.02µm
_05938_,45.97µm
_06969_,45.97µm
_07262_,45.97µm
_08303_,45.97µm
_10168_,45.97µm
_10841_,45.97µm
_10881_,45.97µm
_12626_,45.97µm
_13228_,45.97µm
_16010_,45.97µm
_16379_,45.97µm
_16410_,45.97µm
_16444_,45.97µm
_18010_,45.97µm
_19463_,45.97µm
_25634_,45.97µm
_25807_,45.97µm
_25949_,45.97µm
_25995_,45.97µm
_26142_,45.97µm
_26842_,45.97µm
i_core_v_mini_mcu.ao_peripheral_subsystem_i.mosaic_clint_i.mtimecmp_q\[39\],45.97µm
i_core_v_mini_mcu.core_data_req\[73\],45.97µm
i_core_v_mini_mcu.cpu_subsystem_i.cpu_0_0.rf_ram_i.memory\[22\]\[1\],45.97µm
i_core_v_mini_mcu.cpu_subsystem_i.cpu_0_0.rf_ram_i.memory\[406\]\[0\],45.97µm
i_core_v_mini_mcu.cpu_subsystem_i.cpu_1_0.rf_ram_i.memory\[330\]\[1\],45.97µm
i_core_v_mini_mcu.memory_subsystem_i.ram0_i.tc_ram_i.sram\[14\]\[30\],45.97µm
_10534_,45.92µm
_10770_,45.92µm
_11834_,45.92µm
_11979_,45.92µm
_13064_,45.92µm
_14190_,45.92µm
_16761_,45.92µm
_18177_,45.92µm
_19936_,45.92µm
_23547_,45.92µm
_24766_,45.92µm
_24905_,45.92µm
_25564_,45.92µm
_25647_,45.92µm
_25660_,45.92µm
_26642_,45.92µm
_26758_,45.92µm
_28172_,45.92µm
i_core_v_mini_mcu.ao_peripheral_subsystem_i.obi_fifo_i.consumer_data_req_q\[20\],45.92µm
i_core_v_mini_mcu.memory_subsystem_i.ram0_i.tc_ram_i.sram\[10\]\[19\],45.92µm
i_core_v_mini_mcu.memory_subsystem_i.ram0_i.tc_ram_i.sram\[20\]\[17\],45.92µm
i_core_v_mini_mcu.memory_subsystem_i.ram0_i.tc_ram_i.sram\[23\]\[10\],45.92µm
i_core_v_mini_mcu.memory_subsystem_i.ram0_i.tc_ram_i.sram\[4\]\[17\],45.92µm
net10,45.92µm
i_core_v_mini_mcu.cpu_subsystem_i.cpu_1_0.rf_ram_i.memory\[432\]\[0\],45.69µm
i_core_v_mini_mcu.memory_subsystem_i.ram0_i.tc_ram_i.sram\[10\]\[29\],45.64µm
_16763_,45.61µm
_16988_,45.61µm
_10615_,45.56µm
_16044_,45.56µm
_16443_,45.56µm
_19341_,45.56µm
_24111_,45.56µm
i_core_v_mini_mcu.ao_peripheral_subsystem_i.power_manager_i.power_manager_reg_top_i.cpu_switch_on_counter_qs\[14\],45.56µm
i_core_v_mini_mcu.ao_peripheral_subsystem_i.tdu_i.active_hart_cycles_q\[31\],45.56µm
i_core_v_mini_mcu.ao_peripheral_subsystem_i.tdu_i.active_hart_cycles_q\[8\],45.56µm
_06485_,45.55µm
_05688_,45.51µm
_14391_,45.51µm
_14787_,45.51µm
i_core_v_mini_mcu.cpu_subsystem_i.cpu_0_0.rf_ram_i.memory\[13\]\[1\],45.51µm
_05562_,45.46µm
_09312_,45.46µm
_14379_,45.46µm
_16290_,45.46µm
_16314_,45.46µm
_18495_,45.46µm
_19633_,45.46µm
_21499_,45.46µm
_23049_,45.46µm
_23063_,45.46µm
_26710_,45.46µm
_27524_,45.46µm
i_core_v_mini_mcu.ao_peripheral_subsystem_i.mosaic_clint_i.mtimecmp_q\[126\],45.46µm
i_core_v_mini_mcu.cpu_subsystem_i.cpu_1_0.rf_ram_i.memory\[166\]\[1\],45.46µm
i_core_v_mini_mcu.memory_subsystem_i.ram0_i.tc_ram_i.sram\[7\]\[23\],45.46µm
i_core_v_mini_mcu.peripheral_subsystem_i.uart_i.uart_core.break_st_q,45.46µm
_06252_,45.41µm
_06644_,45.41µm
_06645_,45.41µm
_06732_,45.41µm
_06750_,45.41µm
_07077_,45.41µm
_07629_,45.41µm
_08652_,45.41µm
_09369_,45.41µm
_10769_,45.41µm
_12982_,45.41µm
_13014_,45.41µm
_18072_,45.41µm
_18276_,45.41µm
_21104_,45.41µm
_24663_,45.41µm
_25070_,45.41µm
_25915_,45.41µm
_26800_,45.41µm
i_core_v_mini_mcu.ao_peripheral_subsystem_i.spi_subsystem_i.obi_spimemio_i.spimemio_i.buffer\[14\],45.41µm
i_core_v_mini_mcu.cpu_subsystem_i.cpu_0_0.rf_ram_i.memory\[309\]\[0\],45.41µm
i_core_v_mini_mcu.cpu_subsystem_i.cpu_1_0.rf_ram_i.memory\[440\]\[0\],45.41µm
i_core_v_mini_mcu.memory_subsystem_i.ram0_i.tc_ram_i.sram\[10\]\[26\],45.41µm
i_core_v_mini_mcu.memory_subsystem_i.ram0_i.tc_ram_i.sram\[16\]\[5\],45.41µm
i_core_v_mini_mcu.memory_subsystem_i.ram0_i.tc_ram_i.sram\[5\]\[30\],45.41µm
_05602_,45.36µm
_06992_,45.36µm
_07679_,45.36µm
_07735_,45.36µm
_08618_,45.36µm
_08834_,45.36µm
_10445_,45.36µm
_11602_,45.36µm
_11616_,45.36µm
_13627_,45.36µm
_14204_,45.36µm
_14309_,45.36µm
_15087_,45.36µm
_17659_,45.36µm
_18173_,45.36µm
_20844_,45.36µm
_21990_,45.36µm
_22727_,45.36µm
_23646_,45.36µm
_23743_,45.36µm
_24569_,45.36µm
_25084_,45.36µm
_25288_,45.36µm
_25725_,45.36µm
_25914_,45.36µm
_26049_,45.36µm
_26283_,45.36µm
_26996_,45.36µm
i_core_v_mini_mcu.cpu_subsystem_i.cpu_0_0.rf_ram_i.memory\[455\]\[1\],45.36µm
i_core_v_mini_mcu.memory_subsystem_i.ram0_i.tc_ram_i.sram\[15\]\[30\],45.36µm
net824,45.36µm
_08082_,45.08µm
i_core_v_mini_mcu.cpu_subsystem_i.cpu_0_0.rf_ram_i.memory\[414\]\[0\],45.08µm
_08870_,45µm
_09067_,45µm
_15071_,45µm
_17771_,45µm
i_core_v_mini_mcu.cpu_subsystem_i.cpu_1_0.i_servile.cpu.bufreg.i_shift_op,45µm
_08535_,44.95µm
_08888_,44.95µm
_09318_,44.95µm
_14704_,44.95µm
_15254_,44.95µm
_16605_,44.95µm
_18036_,44.95µm
i_core_v_mini_mcu.ao_peripheral_subsystem_i.tdu_i.active_hart_cycles_q\[23\],44.95µm
_07492_,44.9µm
_07663_,44.9µm
_09104_,44.9µm
_09949_,44.9µm
_10290_,44.9µm
_10396_,44.9µm
_10610_,44.9µm
_12755_,44.9µm
_13554_,44.9µm
_16084_,44.9µm
_16880_,44.9µm
_17938_,44.9µm
_19543_,44.9µm
_21833_,44.9µm
_22006_,44.9µm
_27284_,44.9µm
i_core_v_mini_mcu.cpu_subsystem_i.cpu_0_0.rf_ram_i.memory\[165\]\[1\],44.9µm
i_core_v_mini_mcu.cpu_subsystem_i.cpu_0_0.rf_ram_i.memory\[475\]\[0\],44.9µm
i_core_v_mini_mcu.memory_subsystem_i.ram0_i.tc_ram_i.sram\[20\]\[6\],44.9µm
i_core_v_mini_mcu.peripheral_subsystem_i.obi_fifo_i.consumer_data_req\[1\],44.9µm
net12,44.9µm
_05546_,44.85µm
_06660_,44.85µm
_06870_,44.85µm
_07453_,44.85µm
_08550_,44.85µm
_08739_,44.85µm
_09406_,44.85µm
_10157_,44.85µm
_10206_,44.85µm
_11443_,44.85µm
_11734_,44.85µm
_12248_,44.85µm
_12765_,44.85µm
_13606_,44.85µm
_14877_,44.85µm
_15731_,44.85µm
_16143_,44.85µm
_24754_,44.85µm
_24768_,44.85µm
_24867_,44.85µm
_25912_,44.85µm
_27116_,44.85µm
i_core_v_mini_mcu.ao_peripheral_subsystem_i.power_manager_i.power_manager_reg_top_i.cpu_iso_off_counter_qs\[6\],44.85µm
i_core_v_mini_mcu.ao_peripheral_subsystem_i.soc_ctrl_i.reg2hw\[4\],44.85µm
i_core_v_mini_mcu.ao_peripheral_subsystem_i.tdu_i.task_mem\[0\]\[29\],44.85µm
i_core_v_mini_mcu.peripheral_subsystem_i.obi_fifo_i.consumer_data_req\[33\],44.85µm
_05039_,44.8µm
_05624_,44.8µm
_07075_,44.8µm
_08014_,44.8µm
_08458_,44.8µm
_09096_,44.8µm
_09808_,44.8µm
_10275_,44.8µm
_10819_,44.8µm
_11542_,44.8µm
_12090_,44.8µm
_13695_,44.8µm
_14012_,44.8µm
_14200_,44.8µm
_14898_,44.8µm
_20248_,44.8µm
_21226_,44.8µm
_22903_,44.8µm
_25463_,44.8µm
_27065_,44.8µm
i_core_v_mini_mcu.ao_peripheral_subsystem_i.power_manager_i.cpu_powergate_counter_expired_reset_assert,44.8µm
i_core_v_mini_mcu.ao_peripheral_subsystem_i.power_manager_i.power_manager_reg_top_i.global_pointer_qs\[0\],44.8µm
i_core_v_mini_mcu.ao_peripheral_subsystem_i.tdu_i.task_mem\[4\]\[23\],44.8µm
i_core_v_mini_mcu.cpu_subsystem_i.cpu_1_0.rf_ram_i.memory\[323\]\[1\],44.8µm
_09315_,44.57µm
_14888_,44.49µm
_18443_,44.49µm
_10210_,44.44µm
i_core_v_mini_mcu.ao_peripheral_subsystem_i.tdu_i.wake_mask_q\[1\],44.44µm
_06607_,44.39µm
_14819_,44.39µm
i_core_v_mini_mcu.ao_peripheral_subsystem_i.power_manager_i.power_manager_reg_top_i.reg2hw\[245\],44.39µm
_06073_,44.34µm
_06930_,44.34µm
_08324_,44.34µm
_08920_,44.34µm
_12513_,44.34µm
_15430_,44.34µm
_18733_,44.34µm
_19412_,44.34µm
_24317_,44.34µm
_25966_,44.34µm
i_core_v_mini_mcu.ao_peripheral_subsystem_i.mosaic_clint_i.mtimecmp_q\[14\],44.34µm
i_core_v_mini_mcu.ao_peripheral_subsystem_i.spi_subsystem_i.obi_spimemio_i.spimemio_i.din_data\[2\],44.34µm
i_core_v_mini_mcu.ao_peripheral_subsystem_i.tdu_i.cpi_est_q\[63\],44.34µm
i_core_v_mini_mcu.memory_subsystem_i.ram0_i.tc_ram_i.sram\[16\]\[4\],44.34µm
i_core_v_mini_mcu.memory_subsystem_i.ram0_i.tc_ram_i.sram\[25\]\[0\],44.34µm
_06270_,44.29µm
_07797_,44.29µm
_08728_,44.29µm
_10711_,44.29µm
_13249_,44.29µm
_14698_,44.29µm
_16038_,44.29µm
_18668_,44.29µm
_22114_,44.29µm
_24112_,44.29µm
_24957_,44.29µm
_25092_,44.29µm
_25598_,44.29µm
i_core_v_mini_mcu.ao_peripheral_subsystem_i.power_manager_i.power_manager_reg_top_i.cpu_reset_deassert_counter_qs\[7\],44.29µm
i_core_v_mini_mcu.ao_peripheral_subsystem_i.power_manager_i.power_manager_reg_top_i.en_wait_for_intr_qs\[5\],44.29µm
i_core_v_mini_mcu.ao_peripheral_subsystem_i.tdu_i.task_mem\[4\]\[25\],44.29µm
i_core_v_mini_mcu.cpu_subsystem_i.cpu_0_0.rf_ram_i.memory\[555\]\[0\],44.29µm
i_core_v_mini_mcu.cpu_subsystem_i.cpu_1_0.i_servile.arbiter.i_wb_cpu_dbus_adr\[11\],44.29µm
i_core_v_mini_mcu.cpu_subsystem_i.cpu_1_0.rf_ram_i.memory\[300\]\[1\],44.29µm
i_core_v_mini_mcu.cpu_subsystem_i.cpu_1_0.rf_ram_i.memory\[82\]\[1\],44.29µm
_04734_,44.24µm
_06629_,44.24µm
_07393_,44.24µm
_07576_,44.24µm
_07619_,44.24µm
_08881_,44.24µm
_13340_,44.24µm
_14316_,44.24µm
_14874_,44.24µm
_14894_,44.24µm
_15656_,44.24µm
_21827_,44.24µm
_22906_,44.24µm
_26026_,44.24µm
_26047_,44.24µm
_27136_,44.24µm
i_core_v_mini_mcu.ao_peripheral_subsystem_i.periph_to_reg_i.r_rdata_d\[21\],44.24µm
i_core_v_mini_mcu.cpu_subsystem_i.cpu_0_0.rf_ram_i.memory\[145\]\[1\],44.24µm
i_core_v_mini_mcu.cpu_subsystem_i.cpu_0_0.rf_ram_i.memory\[45\]\[0\],44.24µm
i_core_v_mini_mcu.cpu_subsystem_i.cpu_0_0.rf_ram_i.memory\[543\]\[1\],44.24µm
i_core_v_mini_mcu.memory_subsystem_i.ram0_i.tc_ram_i.sram\[11\]\[30\],44.24µm
i_core_v_mini_mcu.memory_subsystem_i.ram0_i.tc_ram_i.sram\[21\]\[5\],44.24µm
i_core_v_mini_mcu.peripheral_slave_resp\[6\],44.24µm
i_core_v_mini_mcu.peripheral_subsystem_i.obi_fifo_i.consumer_resp_i\[0\],44.24µm
spi_flash_cs_o,44.1µm
_16437_,44.01µm
_14501_,43.98µm
_14868_,43.93µm
_15055_,43.88µm
_15221_,43.88µm
_16021_,43.88µm
_17305_,43.88µm
rst_ni,43.84µm
_05445_,43.83µm
_06076_,43.83µm
_09351_,43.83µm
_15047_,43.83µm
_15882_,43.83µm
_17001_,43.83µm
_17830_,43.83µm
_19704_,43.83µm
_27299_,43.83µm
i_core_v_mini_mcu.ao_peripheral_subsystem_i.power_manager_i.power_manager_reg_top_i.cpu_iso_off_counter_qs\[1\],43.83µm
i_core_v_mini_mcu.memory_subsystem_i.ram0_i.tc_ram_i.sram\[13\]\[12\],43.83µm
_06824_,43.78µm
_08103_,43.78µm
_08211_,43.78µm
_10148_,43.78µm
_14796_,43.78µm
_15537_,43.78µm
_19299_,43.78µm
_19612_,43.78µm
_27493_,43.78µm
i_core_v_mini_mcu.ao_peripheral_subsystem_i.mosaic_clint_i.mtimecmp_q\[100\],43.78µm
i_core_v_mini_mcu.ao_peripheral_subsystem_i.power_manager_i.power_manager_reg_top_i.global_pointer_qs\[2\],43.78µm
i_core_v_mini_mcu.cpu_subsystem_i.cpu_0_0.rf_ram_i.memory\[412\]\[1\],43.78µm
i_core_v_mini_mcu.memory_subsystem_i.ram0_i.tc_ram_i.r_addr_q\[0\],43.78µm
i_core_v_mini_mcu.memory_subsystem_i.ram0_i.tc_ram_i.sram\[1\]\[13\],43.78µm
i_core_v_mini_mcu.memory_subsystem_i.ram0_i.tc_ram_i.sram\[9\]\[14\],43.78µm
i_core_v_mini_mcu.system_bus_i.system_xbar_i.gen_xbar_NtoM.i_xbar.gen_outputs\[5\].gen_rr_arb_tree.i_rr_arb_tree.gen_arbiter.rr_q\[1\],43.78µm
_05046_,43.73µm
_05749_,43.73µm
_10218_,43.73µm
_10709_,43.73µm
_11726_,43.73µm
_15576_,43.73µm
_16331_,43.73µm
_25074_,43.73µm
_25776_,43.73µm
_26442_,43.73µm
i_core_v_mini_mcu.ao_peripheral_subsystem_i.mosaic_clint_i.mtimecmp_q\[1\],43.73µm
i_core_v_mini_mcu.ao_peripheral_subsystem_i.soc_ctrl_i.soc_ctrl_reg_top_i.system_frequency_hz_qs\[8\],43.73µm
i_core_v_mini_mcu.ao_peripheral_subsystem_i.tdu_i.cpi_est_q\[31\],43.73µm
i_core_v_mini_mcu.cpu_subsystem_i.cpu_0_0.rf_ram_i.memory\[137\]\[0\],43.73µm
i_core_v_mini_mcu.cpu_subsystem_i.cpu_1_0.rf_ram_i.memory\[14\]\[1\],43.73µm
i_core_v_mini_mcu.memory_subsystem_i.ram0_i.tc_ram_i.sram\[21\]\[12\],43.73µm
_05411_,43.68µm
_06004_,43.68µm
_10510_,43.68µm
_11248_,43.68µm
_11742_,43.68µm
_16819_,43.68µm
_21792_,43.68µm
_22004_,43.68µm
_22840_,43.68µm
_23170_,43.68µm
_24818_,43.68µm
_25269_,43.68µm
_25281_,43.68µm
_25289_,43.68µm
_26260_,43.68µm
_26915_,43.68µm
i_core_v_mini_mcu.cpu_subsystem_i.cpu_0_0.rf_ram_i.memory\[471\]\[0\],43.68µm
i_core_v_mini_mcu.cpu_subsystem_i.cpu_1_0.rf_ram_i.memory\[92\]\[1\],43.68µm
i_core_v_mini_mcu.memory_subsystem_i.ram0_i.tc_ram_i.sram\[17\]\[2\],43.68µm
i_core_v_mini_mcu.peripheral_subsystem_i.uart_i.uart_core.uart_rx.sreg_q\[4\],43.68µm
i_core_v_mini_mcu.cpu_subsystem_i.cpu_1_0.rf_ram_i.memory\[403\]\[0\],43.5µm
_17384_,43.49µm
i_core_v_mini_mcu.ao_peripheral_subsystem_i.power_manager_i.power_manager_reg_top_i.global_pointer_qs\[17\],43.45µm
i_core_v_mini_mcu.ao_peripheral_subsystem_i.soc_ctrl_i.soc_ctrl_reg_top_i.system_frequency_hz_qs\[15\],43.45µm
i_core_v_mini_mcu.cpu_subsystem_i.cpu_1_0.rf_ram_i.memory\[83\]\[1\],43.45µm
_15246_,43.32µm
_15817_,43.32µm
_09196_,43.27µm
_15404_,43.27µm
_20318_,43.27µm
_23278_,43.27µm
_26908_,43.27µm
i_core_v_mini_mcu.ao_peripheral_subsystem_i.mosaic_clint_i.mtimecmp_q\[22\],43.27µm
i_core_v_mini_mcu.cpu_subsystem_i.cpu_1_0.rf_ram_i.memory\[280\]\[0\],43.27µm
i_core_v_mini_mcu.memory_subsystem_i.ram0_i.tc_ram_i.sram\[3\]\[29\],43.27µm
i_core_v_mini_mcu.system_bus_i.system_xbar_i.gen_xbar_NtoM.i_xbar.gen_inputs\[3\].i_addr_dec_resp_mux.valid_inflight_q,43.27µm
_08092_,43.22µm
_14733_,43.22µm
_15454_,43.22µm
_16287_,43.22µm
_16669_,43.22µm
_16914_,43.22µm
_19069_,43.22µm
_19450_,43.22µm
_24205_,43.22µm
_26319_,43.22µm
i_core_v_mini_mcu.ao_peripheral_subsystem_i.power_manager_i.power_manager_counter_sequence_cpu_reset_i.sequence_curr_state\[6\],43.22µm
i_core_v_mini_mcu.cpu_subsystem_i.cpu_1_0.rf_ram_i.memory\[176\]\[0\],43.22µm
i_core_v_mini_mcu.cpu_subsystem_i.cpu_1_0.rf_ram_i.memory\[312\]\[1\],43.22µm
i_core_v_mini_mcu.memory_subsystem_i.ram0_i.tc_ram_i.sram\[18\]\[3\],43.22µm
i_core_v_mini_mcu.memory_subsystem_i.ram0_i.tc_ram_i.sram\[7\]\[24\],43.22µm
_06472_,43.17µm
_06741_,43.17µm
_07358_,43.17µm
_07721_,43.17µm
_08174_,43.17µm
_09663_,43.17µm
_10501_,43.17µm
_12280_,43.17µm
_13313_,43.17µm
_13650_,43.17µm
_16463_,43.17µm
_16857_,43.17µm
_17657_,43.17µm
_18186_,43.17µm
_24740_,43.17µm
_25267_,43.17µm
_25419_,43.17µm
_26661_,43.17µm
_27336_,43.17µm
_28391_,43.17µm
i_core_v_mini_mcu.ao_peripheral_subsystem_i.mosaic_clint_i.mtimecmp_q\[124\],43.17µm
i_core_v_mini_mcu.ao_peripheral_subsystem_i.power_manager_i.power_manager_reg_top_i.cpu_reset_deassert_counter_qs\[1\],43.17µm
i_core_v_mini_mcu.ao_peripheral_subsystem_i.power_manager_i.power_manager_reg_top_i.en_wait_for_intr_qs\[21\],43.17µm
i_core_v_mini_mcu.ao_peripheral_subsystem_i.power_manager_i.power_manager_reg_top_i.intr_state_qs\[5\],43.17µm
i_core_v_mini_mcu.core_data_req\[71\],43.17µm
i_core_v_mini_mcu.cpu_subsystem_i.cpu_0_0.rf_ram_i.memory\[54\]\[0\],43.17µm
i_core_v_mini_mcu.cpu_subsystem_i.cpu_1_0.rf_ram_i.memory\[290\]\[0\],43.17µm
i_core_v_mini_mcu.memory_subsystem_i.ram0_i.tc_ram_i.sram\[12\]\[30\],43.17µm
i_core_v_mini_mcu.peripheral_subsystem_i.uart_i.reg2hw\[124\],43.17µm
_06264_,43.12µm
_07213_,43.12µm
_08409_,43.12µm
_08606_,43.12µm
_10159_,43.12µm
_10594_,43.12µm
_10943_,43.12µm
_11457_,43.12µm
_11562_,43.12µm
_12632_,43.12µm
_12640_,43.12µm
_16675_,43.12µm
_20575_,43.12µm
_20941_,43.12µm
_21503_,43.12µm
_22462_,43.12µm
_23308_,43.12µm
_24749_,43.12µm
_25792_,43.12µm
_26093_,43.12µm
i_core_v_mini_mcu.ao_peripheral_subsystem_i.periph_to_reg_i.r_rdata_d\[1\],43.12µm
i_core_v_mini_mcu.peripheral_subsystem_i.obi_fifo_i.consumer_data_req\[0\],43.12µm
_17646_,42.94µm
_09777_,42.89µm
_16976_,42.86µm
i_core_v_mini_mcu.cpu_subsystem_i.cpu_0_0.rf_ram_i.memory\[407\]\[0\],42.84µm
_17418_,42.76µm
_23649_,42.76µm
_10332_,42.71µm
_14825_,42.71µm
_19370_,42.71µm
_22702_,42.71µm
i_core_v_mini_mcu.ao_peripheral_subsystem_i.obi_fifo_i.consumer_data_req\[33\],42.71µm
i_core_v_mini_mcu.ao_peripheral_subsystem_i.soc_ctrl_i.soc_ctrl_reg_top_i.system_frequency_hz_qs\[26\],42.71µm
i_core_v_mini_mcu.cpu_subsystem_i.cpu_0_0.i_servile.cpu.decode.o_mem_word,42.71µm
net761,42.71µm
_09473_,42.66µm
_11312_,42.66µm
i_core_v_mini_mcu.ao_peripheral_subsystem_i.power_manager_i.power_manager_reg_top_i.cpu_wait_ack_switch_on_counter_qs,42.66µm
i_core_v_mini_mcu.cpu_subsystem_i.cpu_1_0.rf_ram_i.memory\[41\]\[0\],42.66µm
i_core_v_mini_mcu.cpu_subsystem_i.cpu_1_0.rf_ram_i.memory\[69\]\[1\],42.66µm
i_core_v_mini_mcu.memory_subsystem_i.ram0_i.tc_ram_i.sram\[11\]\[14\],42.66µm
i_core_v_mini_mcu.memory_subsystem_i.ram0_i.tc_ram_i.sram\[15\]\[19\],42.66µm
i_core_v_mini_mcu.memory_subsystem_i.ram0_i.tc_ram_i.sram\[16\]\[1\],42.66µm
i_core_v_mini_mcu.memory_subsystem_i.ram0_i.tc_ram_i.sram\[21\]\[4\],42.66µm
i_core_v_mini_mcu.peripheral_subsystem_i.periph_to_reg_i.r_rdata_d\[4\],42.66µm
i_core_v_mini_mcu.peripheral_subsystem_i.uart_i.reg2hw\[110\],42.66µm
i_core_v_mini_mcu.peripheral_subsystem_i.uart_i.uart_core.rx_timeout_count_q\[2\],42.66µm
net1745,42.66µm
_08322_,42.61µm
_09798_,42.61µm
_11168_,42.61µm
_13346_,42.61µm
_13990_,42.61µm
_14363_,42.61µm
_15058_,42.61µm
_17369_,42.61µm
_17580_,42.61µm
_19332_,42.61µm
_22858_,42.61µm
_25483_,42.61µm
_26449_,42.61µm
_27979_,42.61µm
i_core_v_mini_mcu.cpu_subsystem_i.cpu_0_0.rf_ram_i.memory\[569\]\[0\],42.61µm
i_core_v_mini_mcu.memory_subsystem_i.ram0_i.tc_ram_i.sram\[11\]\[28\],42.61µm
i_core_v_mini_mcu.memory_subsystem_i.ram0_i.tc_ram_i.sram\[21\]\[0\],42.61µm
i_core_v_mini_mcu.peripheral_subsystem_i.periph_to_reg_i.r_rdata_d\[3\],42.61µm
i_core_v_mini_mcu.peripheral_subsystem_i.periph_to_reg_i.r_rdata_d\[6\],42.61µm
_08023_,42.56µm
_08869_,42.56µm
_11531_,42.56µm
_13073_,42.56µm
_15840_,42.56µm
_18462_,42.56µm
_21420_,42.56µm
_23286_,42.56µm
_23843_,42.56µm
_24870_,42.56µm
_25555_,42.56µm
_25769_,42.56µm
_26797_,42.56µm
_27255_,42.56µm
i_core_v_mini_mcu.ao_peripheral_subsystem_i.power_manager_i.power_manager_reg_top_i.reg2hw\[250\],42.56µm
i_core_v_mini_mcu.ao_peripheral_subsystem_i.tdu_i.task_mem\[3\]\[22\],42.56µm
i_core_v_mini_mcu.ao_peripheral_subsystem_i.tdu_i.task_mem\[3\]\[25\],42.56µm
i_core_v_mini_mcu.ao_peripheral_subsystem_i.tdu_i.task_mem\[7\]\[24\],42.56µm
i_core_v_mini_mcu.cpu_subsystem_i.cpu_0_0.i_servile.cpu.gen_align.align.ibus_rdt_concat\[7\],42.56µm
i_core_v_mini_mcu.cpu_subsystem_i.cpu_1_0.rf_ram_i.memory\[483\]\[1\],42.56µm
i_core_v_mini_mcu.peripheral_subsystem_i.uart_i.reg2hw\[111\],42.56µm
_18110_,42.25µm
_15351_,42.2µm
i_core_v_mini_mcu.ao_peripheral_subsystem_i.mosaic_clint_i.mtimecmp_q\[97\],42.2µm
_05482_,42.15µm
_06474_,42.15µm
_07188_,42.15µm
_10503_,42.15µm
_13453_,42.15µm
_17062_,42.15µm
_17437_,42.15µm
_17753_,42.15µm
i_core_v_mini_mcu.cpu_subsystem_i.cpu_0_0.i_servile.cpu.ctrl.o_ibus_adr\[18\],42.15µm
_06543_,42.1µm
_07253_,42.1µm
_07555_,42.1µm
_09136_,42.1µm
_09325_,42.1µm
_13083_,42.1µm
_13920_,42.1µm
_13932_,42.1µm
_15062_,42.1µm
_16473_,42.1µm
_17276_,42.1µm
_17434_,42.1µm
_17524_,42.1µm
_17879_,42.1µm
_21257_,42.1µm
i_core_v_mini_mcu.ao_peripheral_subsystem_i.power_manager_i.power_manager_reg_top_i.cpu_iso_off_counter_qs\[14\],42.1µm
i_core_v_mini_mcu.ao_peripheral_subsystem_i.tdu_i.task_mem\[0\]\[20\],42.1µm
i_core_v_mini_mcu.cpu_subsystem_i.cpu_1_0.rf_ram_i.memory\[53\]\[0\],42.1µm
i_core_v_mini_mcu.memory_subsystem_i.ram0_i.tc_ram_i.sram\[17\]\[11\],42.1µm
i_core_v_mini_mcu.memory_subsystem_i.ram0_i.tc_ram_i.sram\[21\]\[8\],42.1µm
i_core_v_mini_mcu.memory_subsystem_i.ram0_i.tc_ram_i.sram\[4\]\[16\],42.1µm
i_core_v_mini_mcu.peripheral_subsystem_i.periph_to_reg_i.r_rdata_d\[12\],42.1µm
_06389_,42.05µm
_08033_,42.05µm
_08081_,42.05µm
_08415_,42.05µm
_09142_,42.05µm
_10064_,42.05µm
_10281_,42.05µm
_10449_,42.05µm
_12313_,42.05µm
_12370_,42.05µm
_14607_,42.05µm
_17496_,42.05µm
_17928_,42.05µm
_17973_,42.05µm
_20586_,42.05µm
_21391_,42.05µm
_21977_,42.05µm
_22468_,42.05µm
_24334_,42.05µm
_25576_,42.05µm
_25601_,42.05µm
i_core_v_mini_mcu.ao_peripheral_subsystem_i.mosaic_clint_i.mtimecmp_q\[123\],42.05µm
i_core_v_mini_mcu.ao_peripheral_subsystem_i.power_manager_i.power_manager_reg_top_i.monitor_power_gate_core_qs\[0\],42.05µm
i_core_v_mini_mcu.ao_peripheral_subsystem_i.tdu_i.task_mem\[0\]\[9\],42.05µm
i_core_v_mini_mcu.core_data_req\[76\],42.05µm
i_core_v_mini_mcu.cpu_subsystem_i.cpu_0_0.rf_ram_i.memory\[55\]\[0\],42.05µm
i_core_v_mini_mcu.cpu_subsystem_i.cpu_0_0.rf_ram_i.memory\[564\]\[0\],42.05µm
i_core_v_mini_mcu.cpu_subsystem_i.cpu_0_0.rf_ram_i.memory\[67\]\[1\],42.05µm
i_core_v_mini_mcu.cpu_subsystem_i.cpu_1_0.rf_ram_i.memory\[151\]\[1\],42.05µm
i_core_v_mini_mcu.cpu_subsystem_i.cpu_1_0.rf_ram_i.memory\[271\]\[0\],42.05µm
i_core_v_mini_mcu.memory_subsystem_i.ram0_i.tc_ram_i.sram\[14\]\[26\],42.05µm
i_core_v_mini_mcu.memory_subsystem_i.ram0_i.tc_ram_i.sram\[20\]\[29\],42.05µm
i_core_v_mini_mcu.peripheral_subsystem_i.obi_fifo_i.consumer_data_req\[34\],42.05µm
i_core_v_mini_mcu.peripheral_subsystem_i.obi_fifo_i.consumer_data_req\[64\],42.05µm
i_core_v_mini_mcu.peripheral_subsystem_i.uart_i.uart_core.rx_tick_baud,42.05µm
_05532_,42µm
_06511_,42µm
_06626_,42µm
_06873_,42µm
_06957_,42µm
_07099_,42µm
_07712_,42µm
_10099_,42µm
_11051_,42µm
_11591_,42µm
_11827_,42µm
_12494_,42µm
_12848_,42µm
_15916_,42µm
_16334_,42µm
_17359_,42µm
_17380_,42µm
_17645_,42µm
_24124_,42µm
_24832_,42µm
_25980_,42µm
_26451_,42µm
_26629_,42µm
_26969_,42µm
i_core_v_mini_mcu.ao_peripheral_subsystem_i.tdu_i.cpi_est_q\[22\],42µm
i_core_v_mini_mcu.ao_peripheral_subsystem_i.tdu_i.task_mem\[0\]\[23\],42µm
i_core_v_mini_mcu.cpu_subsystem_i.cpu_1_0.rf_ram_i.memory\[24\]\[1\],42µm
i_core_v_mini_mcu.cpu_subsystem_i.cpu_1_0.rf_ram_i.memory\[3\]\[1\],42µm
i_core_v_mini_mcu.memory_subsystem_i.ram0_i.tc_ram_i.sram\[12\]\[15\],42µm
i_core_v_mini_mcu.memory_subsystem_i.ram0_i.tc_ram_i.sram\[14\]\[17\],42µm
i_core_v_mini_mcu.ao_peripheral_subsystem_i.tdu_i.task_mem\[0\]\[24\],41.77µm
_15166_,41.64µm
_15831_,41.64µm
_15998_,41.64µm
_16466_,41.64µm
_17155_,41.64µm
i_core_v_mini_mcu.memory_subsystem_i.ram0_i.tc_ram_i.sram\[17\]\[12\],41.64µm
_06327_,41.59µm
_08952_,41.59µm
_16057_,41.59µm
i_core_v_mini_mcu.ao_peripheral_subsystem_i.spi_subsystem_i.obi_spimemio_i.spimemio_i.rd_wait,41.59µm
i_core_v_mini_mcu.cpu_subsystem_i.cpu_0_0.rf_ram_i.memory\[568\]\[0\],41.59µm
_06411_,41.54µm
_09423_,41.54µm
_10614_,41.54µm
_10999_,41.54µm
_16209_,41.54µm
_16549_,41.54µm
_16595_,41.54µm
_16658_,41.54µm
_18024_,41.54µm
_18235_,41.54µm
_23005_,41.54µm
_23602_,41.54µm
i_core_v_mini_mcu.ao_peripheral_subsystem_i.mosaic_clint_i.mtimecmp_q\[26\],41.54µm
i_core_v_mini_mcu.ao_peripheral_subsystem_i.power_manager_i.power_manager_reg_top_i.reg2hw\[222\],41.54µm
i_core_v_mini_mcu.cpu_subsystem_i.cpu_0_0.rf_ram_i.memory\[52\]\[0\],41.54µm
i_core_v_mini_mcu.cpu_subsystem_i.cpu_1_0.rf_ram_i.memory\[263\]\[0\],41.54µm
i_core_v_mini_mcu.cpu_subsystem_i.cpu_1_0.rf_ram_i.memory\[451\]\[1\],41.54µm
i_core_v_mini_mcu.cpu_subsystem_i.cpu_1_0.rf_ram_i.memory\[47\]\[0\],41.54µm
i_core_v_mini_mcu.cpu_subsystem_i.cpu_1_0.rf_ram_i.memory\[493\]\[1\],41.54µm
i_core_v_mini_mcu.memory_subsystem_i.ram0_i.tc_ram_i.sram\[5\]\[0\],41.54µm
i_core_v_mini_mcu.peripheral_subsystem_i.uart_i.uart_core.rx_timeout_count_q\[18\],41.54µm
_08565_,41.49µm
_11500_,41.49µm
_12116_,41.49µm
_13343_,41.49µm
_14017_,41.49µm
_15098_,41.49µm
_15120_,41.49µm
_15930_,41.49µm
_16202_,41.49µm
_19372_,41.49µm
_20443_,41.49µm
_24923_,41.49µm
_24958_,41.49µm
_24981_,41.49µm
_25193_,41.49µm
_25238_,41.49µm
_25241_,41.49µm
_25363_,41.49µm
_25951_,41.49µm
_26436_,41.49µm
_27889_,41.49µm
i_core_v_mini_mcu.ao_peripheral_subsystem_i.mosaic_clint_i.mtimecmp_q\[59\],41.49µm
i_core_v_mini_mcu.ao_peripheral_subsystem_i.mosaic_clint_i.mtimecmp_q\[96\],41.49µm
i_core_v_mini_mcu.ao_peripheral_subsystem_i.spi_subsystem_i.obi_spimemio_i.spimemio_i.din_data\[0\],41.49µm
i_core_v_mini_mcu.ao_peripheral_subsystem_i.tdu_i.task_mem\[7\]\[28\],41.49µm
i_core_v_mini_mcu.cpu_subsystem_i.cpu_0_0.rf_ram_i.memory\[290\]\[0\],41.49µm
i_core_v_mini_mcu.memory_subsystem_i.ram0_i.tc_ram_i.sram\[18\]\[28\],41.49µm
i_core_v_mini_mcu.peripheral_subsystem_i.uart_i.uart_core.uart_rx.baud_div_q\[1\],41.49µm
i_core_v_mini_mcu.system_bus_i.system_xbar_i.gen_xbar_NtoM.i_xbar.gen_outputs\[5\].gen_rr_arb_tree.i_rr_arb_tree.gen_arbiter.rr_q\[2\],41.49µm
_07349_,41.44µm
_08447_,41.44µm
_08608_,41.44µm
_09341_,41.44µm
_09547_,41.44µm
_12444_,41.44µm
_13342_,41.44µm
_19338_,41.44µm
_21920_,41.44µm
_22347_,41.44µm
_22441_,41.44µm
_24573_,41.44µm
_25021_,41.44µm
_25697_,41.44µm
_25873_,41.44µm
_26445_,41.44µm
_26892_,41.44µm
_27243_,41.44µm
exit_value_int\[7\],41.44µm
i_core_v_mini_mcu.ao_peripheral_subsystem_i.spi_subsystem_i.obi_spimemio_i.spimemio_i.config_do\[2\],41.44µm
i_core_v_mini_mcu.cpu_subsystem_i.cpu_0_0.rf_ram_i.memory\[137\]\[1\],41.44µm
i_core_v_mini_mcu.memory_subsystem_i.ram0_i.tc_ram_i.sram\[18\]\[16\],41.44µm
i_core_v_mini_mcu.memory_subsystem_i.ram0_i.tc_ram_i.sram\[4\]\[26\],41.44µm
i_core_v_mini_mcu.cpu_subsystem_i.cpu_1_0.rf_ram_i.memory\[405\]\[0\],41.26µm
i_core_v_mini_mcu.memory_subsystem_i.ram0_i.tc_ram_i.sram\[15\]\[29\],41.21µm
_12935_,41.16µm
_16188_,41.13µm
_16235_,41.13µm
_08620_,41.08µm
_15448_,41.08µm
i_core_v_mini_mcu.cpu_subsystem_i.cpu_0_0.rf_ram_i.memory\[415\]\[0\],41.07µm
_06124_,41.03µm
_16111_,41.03µm
_16578_,41.03µm
_18030_,41.03µm
_20749_,41.03µm
i_core_v_mini_mcu.cpu_subsystem_i.cpu_1_0.rf_ram_i.memory\[128\]\[0\],41.03µm
i_core_v_mini_mcu.cpu_subsystem_i.cpu_1_0.rf_ram_i.memory\[48\]\[1\],41.03µm
_06067_,40.98µm
_07060_,40.98µm
_07119_,40.98µm
_11075_,40.98µm
_12198_,40.98µm
_13258_,40.98µm
_14435_,40.98µm
_14627_,40.98µm
_15188_,40.98µm
_15426_,40.98µm
_15632_,40.98µm
_15683_,40.98µm
_16146_,40.98µm
_17193_,40.98µm
_17611_,40.98µm
_20751_,40.98µm
_20958_,40.98µm
_23223_,40.98µm
_26772_,40.98µm
i_core_v_mini_mcu.ao_peripheral_subsystem_i.mosaic_clint_i.mtimecmp_q\[53\],40.98µm
i_core_v_mini_mcu.ao_peripheral_subsystem_i.obi_fifo_i.consumer_data_req\[13\],40.98µm
i_core_v_mini_mcu.ao_peripheral_subsystem_i.power_manager_i.power_manager_sequence_periph_iso_i.sequence_curr_state\[4\],40.98µm
i_core_v_mini_mcu.ao_peripheral_subsystem_i.spi_subsystem_i.obi_spimemio_i.spimemio_i.rd_addr\[17\],40.98µm
i_core_v_mini_mcu.ao_peripheral_subsystem_i.tdu_i.task_mem\[3\]\[18\],40.98µm
i_core_v_mini_mcu.cpu_subsystem_i.cpu_0_0.i_servile.cpu.state.init_done,40.98µm
i_core_v_mini_mcu.cpu_subsystem_i.cpu_1_0.i_servile.arbiter.i_wb_cpu_dbus_adr\[15\],40.98µm
i_core_v_mini_mcu.cpu_subsystem_i.cpu_1_0.rf_ram_i.memory\[241\]\[1\],40.98µm
i_core_v_mini_mcu.cpu_subsystem_i.cpu_1_0.rf_ram_i.memory\[30\]\[0\],40.98µm
i_core_v_mini_mcu.memory_subsystem_i.ram0_i.tc_ram_i.sram\[27\]\[20\],40.98µm
_07055_,40.93µm
_09627_,40.93µm
_12328_,40.93µm
_13424_,40.93µm
_17809_,40.93µm
_22364_,40.93µm
_22366_,40.93µm
_23076_,40.93µm
_23927_,40.93µm
_26077_,40.93µm
_26875_,40.93µm
_27467_,40.93µm
i_core_v_mini_mcu.ao_peripheral_subsystem_i.mosaic_clint_i.mtimecmp_q\[15\],40.93µm
i_core_v_mini_mcu.ao_peripheral_subsystem_i.soc_ctrl_i.soc_ctrl_reg_top_i.system_frequency_hz_qs\[0\],40.93µm
i_core_v_mini_mcu.ao_peripheral_subsystem_i.tdu_i.task_mem\[0\]\[16\],40.93µm
i_core_v_mini_mcu.ao_peripheral_subsystem_i.tdu_i.task_mem\[2\]\[22\],40.93µm
i_core_v_mini_mcu.cpu_subsystem_i.cpu_0_0.i_servile.cpu.ctrl.o_ibus_adr\[24\],40.93µm
i_core_v_mini_mcu.cpu_subsystem_i.cpu_0_0.rf_ram_i.memory\[117\]\[0\],40.93µm
i_core_v_mini_mcu.cpu_subsystem_i.cpu_1_0.rf_ram_i.memory\[333\]\[1\],40.93µm
i_core_v_mini_mcu.cpu_subsystem_i.cpu_1_0.rf_ram_i.memory\[410\]\[1\],40.93µm
i_core_v_mini_mcu.cpu_subsystem_i.cpu_1_0.rf_ram_i.memory\[49\]\[0\],40.93µm
i_core_v_mini_mcu.cpu_subsystem_i.cpu_1_0.rf_ram_i.memory\[90\]\[1\],40.93µm
i_core_v_mini_mcu.memory_subsystem_i.ram0_i.tc_ram_i.sram\[14\]\[23\],40.93µm
i_core_v_mini_mcu.memory_subsystem_i.ram0_i.tc_ram_i.sram\[18\]\[18\],40.93µm
i_core_v_mini_mcu.memory_subsystem_i.ram0_i.tc_ram_i.sram\[2\]\[20\],40.93µm
i_core_v_mini_mcu.peripheral_subsystem_i.uart_i.reg2hw\[122\],40.93µm
_00163_,40.88µm
_05698_,40.88µm
_06064_,40.88µm
_06689_,40.88µm
_11314_,40.88µm
_11814_,40.88µm
_12194_,40.88µm
_18997_,40.88µm
_20841_,40.88µm
_22673_,40.88µm
_22868_,40.88µm
_23429_,40.88µm
_23727_,40.88µm
_24483_,40.88µm
_25382_,40.88µm
_25469_,40.88µm
_26160_,40.88µm
_26182_,40.88µm
_26494_,40.88µm
_26573_,40.88µm
i_core_v_mini_mcu.ao_peripheral_subsystem_i.tdu_i.task_mem\[2\]\[6\],40.88µm
i_core_v_mini_mcu.cpu_subsystem_i.cpu_0_0.rf_ram_i.memory\[549\]\[0\],40.88µm
i_core_v_mini_mcu.cpu_subsystem_i.cpu_1_0.rf_ram_i.memory\[378\]\[0\],40.88µm
i_core_v_mini_mcu.memory_subsystem_i.ram0_i.tc_ram_i.sram\[26\]\[2\],40.65µm
_15051_,40.57µm
i_core_v_mini_mcu.memory_subsystem_i.ram0_i.tc_ram_i.sram\[3\]\[28\],40.57µm
_14754_,40.52µm
_23040_,40.52µm
_08787_,40.47µm
_14957_,40.47µm
_16927_,40.47µm
_20732_,40.47µm
_24247_,40.47µm
i_core_v_mini_mcu.ao_peripheral_subsystem_i.tdu_i.cpi_est_q\[50\],40.47µm
_15124_,40.42µm
_16127_,40.42µm
_17718_,40.42µm
_18242_,40.42µm
_23130_,40.42µm
_24728_,40.42µm
_26582_,40.42µm
_28458_,40.42µm
i_core_v_mini_mcu.ao_peripheral_subsystem_i.mosaic_clint_i.mtimecmp_q\[110\],40.42µm
i_core_v_mini_mcu.ao_peripheral_subsystem_i.tdu_i.active_hart_cycles_q\[4\],40.42µm
i_core_v_mini_mcu.cpu_subsystem_i.cpu_0_0.rf_ram_i.memory\[232\]\[0\],40.42µm
i_core_v_mini_mcu.cpu_subsystem_i.cpu_0_0.rf_ram_i.memory\[572\]\[0\],40.42µm
i_core_v_mini_mcu.cpu_subsystem_i.cpu_1_0.rf_ram_i.memory\[469\]\[1\],40.42µm
i_core_v_mini_mcu.cpu_subsystem_i.cpu_1_0.rf_ram_i.memory\[61\]\[0\],40.42µm
i_core_v_mini_mcu.memory_subsystem_i.ram0_i.tc_ram_i.sram\[8\]\[11\],40.42µm
i_core_v_mini_mcu.peripheral_slave_resp\[16\],40.42µm
i_core_v_mini_mcu.peripheral_subsystem_i.uart_i.uart_core.uart_rx.sreg_q\[7\],40.42µm
_05527_,40.37µm
_07908_,40.37µm
_08706_,40.37µm
_11631_,40.37µm
_12266_,40.37µm
_12462_,40.37µm
_12501_,40.37µm
_13977_,40.37µm
_14639_,40.37µm
_17190_,40.37µm
_19890_,40.37µm
_20705_,40.37µm
_27379_,40.37µm
_28009_,40.37µm
i_core_v_mini_mcu.ao_peripheral_subsystem_i.mosaic_clint_i.mtimecmp_q\[93\],40.37µm
i_core_v_mini_mcu.ao_peripheral_subsystem_i.power_manager_i.power_manager_reg_top_i.en_wait_for_intr_qs\[19\],40.37µm
i_core_v_mini_mcu.ao_peripheral_subsystem_i.power_manager_i.power_manager_reg_top_i.global_pointer_qs\[30\],40.37µm
i_core_v_mini_mcu.ao_peripheral_subsystem_i.tdu_i.task_mem\[3\]\[17\],40.37µm
i_core_v_mini_mcu.cpu_subsystem_i.cpu_0_0.rf_ram_i.memory\[247\]\[0\],40.37µm
i_core_v_mini_mcu.cpu_subsystem_i.cpu_0_0.rf_ram_i.memory\[89\]\[1\],40.37µm
i_core_v_mini_mcu.cpu_subsystem_i.cpu_1_0.rf_ram_i.memory\[113\]\[1\],40.37µm
i_core_v_mini_mcu.cpu_subsystem_i.cpu_1_0.rf_ram_i.memory\[480\]\[0\],40.37µm
i_core_v_mini_mcu.memory_subsystem_i.ram0_i.rdata_o\[22\],40.37µm
_05842_,40.32µm
_06407_,40.32µm
_08121_,40.32µm
_08815_,40.32µm
_09420_,40.32µm
_14910_,40.32µm
_17644_,40.32µm
_17660_,40.32µm
_19324_,40.32µm
_19934_,40.32µm
_22923_,40.32µm
_25000_,40.32µm
_25256_,40.32µm
_25716_,40.32µm
_26798_,40.32µm
_27500_,40.32µm
_27517_,40.32µm
i_core_v_mini_mcu.cpu_subsystem_i.cpu_0_0.rf_ram_i.memory\[547\]\[0\],40.32µm
i_core_v_mini_mcu.cpu_subsystem_i.cpu_1_0.rf_ram_i.memory\[197\]\[1\],40.32µm
i_core_v_mini_mcu.cpu_subsystem_i.cpu_1_0.rf_ram_i.memory\[55\]\[0\],40.32µm
i_core_v_mini_mcu.memory_subsystem_i.ram0_i.tc_ram_i.sram\[15\]\[17\],40.32µm
_07367_,40.06µm
_08646_,40.04µm
i_core_v_mini_mcu.ao_peripheral_subsystem_i.mosaic_clint_i.mtimecmp_q\[52\],40.04µm
i_core_v_mini_mcu.ao_peripheral_subsystem_i.power_manager_i.power_manager_reg_top_i.reg2hw\[246\],40.04µm
_16250_,40.01µm
_15140_,39.96µm
_15952_,39.96µm
_16215_,39.96µm
_17056_,39.96µm
_17699_,39.96µm
_17934_,39.96µm
_07198_,39.91µm
_08961_,39.91µm
_09274_,39.91µm
_10358_,39.91µm
_14730_,39.91µm
_14769_,39.91µm
_14966_,39.91µm
_15065_,39.91µm
_16538_,39.91µm
_06486_,39.86µm
_06559_,39.86µm
_06638_,39.86µm
_09375_,39.86µm
_10808_,39.86µm
_11756_,39.86µm
_12097_,39.86µm
_15778_,39.86µm
_17787_,39.86µm
_17868_,39.86µm
_23276_,39.86µm
_24179_,39.86µm
_27158_,39.86µm
i_core_v_mini_mcu.ao_peripheral_subsystem_i.mosaic_clint_i.mtimecmp_q\[109\],39.86µm
i_core_v_mini_mcu.ao_peripheral_subsystem_i.power_manager_i.power_manager_reg_top_i.reg2hw\[227\],39.86µm
i_core_v_mini_mcu.ao_peripheral_subsystem_i.spi_subsystem_i.obi_spimemio_i.spimemio_i.xfer.next_fetch,39.86µm
i_core_v_mini_mcu.cpu_subsystem_i.cpu_1_0.rf_ram_i.memory\[116\]\[1\],39.86µm
i_core_v_mini_mcu.cpu_subsystem_i.cpu_1_0.rf_ram_i.memory\[198\]\[0\],39.86µm
_05045_,39.81µm
_05426_,39.81µm
_06275_,39.81µm
_07126_,39.81µm
_07401_,39.81µm
_07760_,39.81µm
_07808_,39.81µm
_11812_,39.81µm
_12958_,39.81µm
_13675_,39.81µm
_14006_,39.81µm
_14220_,39.81µm
_14760_,39.81µm
_14970_,39.81µm
_17962_,39.81µm
_19248_,39.81µm
_20745_,39.81µm
_20759_,39.81µm
_22761_,39.81µm
_24446_,39.81µm
_26170_,39.81µm
_27661_,39.81µm
i_core_v_mini_mcu.ao_peripheral_subsystem_i.spi_subsystem_i.obi_spimemio_i.spimemio_i.buffer\[16\],39.81µm
i_core_v_mini_mcu.ao_peripheral_subsystem_i.tdu_i.task_mem\[2\]\[10\],39.81µm
i_core_v_mini_mcu.cpu_subsystem_i.cpu_0_0.rf_ram_i.memory\[157\]\[0\],39.81µm
i_core_v_mini_mcu.cpu_subsystem_i.cpu_0_0.rf_ram_i.memory\[15\]\[0\],39.81µm
i_core_v_mini_mcu.memory_subsystem_i.ram0_i.tc_ram_i.sram\[31\]\[15\],39.81µm
i_core_v_mini_mcu.system_bus_i.system_xbar_i.gen_xbar_NtoM.i_xbar.gen_outputs\[3\].gen_rr_arb_tree.i_rr_arb_tree.gen_arbiter.rr_q\[2\],39.81µm
_06425_,39.76µm
_06571_,39.76µm
_06710_,39.76µm
_07789_,39.76µm
_08245_,39.76µm
_10557_,39.76µm
_13702_,39.76µm
_14019_,39.76µm
_14702_,39.76µm
_19551_,39.76µm
_20717_,39.76µm
_22507_,39.76µm
_22715_,39.76µm
_23796_,39.76µm
_24597_,39.76µm
_25152_,39.76µm
_25398_,39.76µm
_25852_,39.76µm
_27140_,39.76µm
_27488_,39.76µm
i_core_v_mini_mcu.cpu_subsystem_i.cpu_0_0.i_servile.cpu.decode.o_rd_op,39.76µm
i_core_v_mini_mcu.cpu_subsystem_i.cpu_0_0.rf_ram_i.memory\[260\]\[1\],39.76µm
i_core_v_mini_mcu.cpu_subsystem_i.cpu_0_0.rf_ram_i.memory\[473\]\[1\],39.76µm
i_core_v_mini_mcu.cpu_subsystem_i.cpu_0_0.rf_ram_i.memory\[479\]\[0\],39.76µm
i_core_v_mini_mcu.cpu_subsystem_i.cpu_1_0.rf_ram_i.memory\[313\]\[0\],39.76µm
i_core_v_mini_mcu.cpu_subsystem_i.cpu_1_0.rf_ram_i.memory\[454\]\[0\],39.76µm
i_core_v_mini_mcu.memory_subsystem_i.ram0_i.tc_ram_i.sram\[30\]\[10\],39.76µm
i_core_v_mini_mcu.cpu_subsystem_i.cpu_0_0.rf_ram_i.memory\[42\]\[0\],39.53µm
i_core_v_mini_mcu.memory_subsystem_i.ram0_i.tc_ram_i.sram\[9\]\[1\],39.47µm
_14990_,39.45µm
i_core_v_mini_mcu.ao_peripheral_subsystem_i.tdu_i.active_hart_cycles_q\[5\],39.45µm
_16035_,39.4µm
_16954_,39.4µm
_23545_,39.4µm
i_core_v_mini_mcu.cpu_subsystem_i.cpu_0_0.rf_ram_i.memory\[491\]\[1\],39.4µm
_09415_,39.35µm
_15228_,39.35µm
_16883_,39.35µm
_18220_,39.35µm
_24210_,39.35µm
_24560_,39.35µm
_08945_,39.3µm
_10200_,39.3µm
_12252_,39.3µm
_13137_,39.3µm
_14802_,39.3µm
_16102_,39.3µm
_16408_,39.3µm
_16504_,39.3µm
_20710_,39.3µm
_21096_,39.3µm
_21723_,39.3µm
i_core_v_mini_mcu.ao_peripheral_subsystem_i.tdu_i.cpi_est_q\[7\],39.3µm
i_core_v_mini_mcu.cpu_subsystem_i.cpu_1_0.rf_ram_i.memory\[276\]\[1\],39.3µm
i_core_v_mini_mcu.memory_subsystem_i.ram0_i.tc_ram_i.sram\[18\]\[1\],39.3µm
i_core_v_mini_mcu.memory_subsystem_i.ram0_i.tc_ram_i.sram\[1\]\[31\],39.3µm
net661,39.3µm
_05715_,39.25µm
_06655_,39.25µm
_07853_,39.25µm
_09081_,39.25µm
_09280_,39.25µm
_10075_,39.25µm
_10201_,39.25µm
_10269_,39.25µm
_11795_,39.25µm
_12326_,39.25µm
_14023_,39.25µm
_18067_,39.25µm
_19329_,39.25µm
_19800_,39.25µm
_22457_,39.25µm
_25056_,39.25µm
_25334_,39.25µm
_25744_,39.25µm
_27578_,39.25µm
i_core_v_mini_mcu.ao_peripheral_subsystem_i.power_manager_i.power_manager_reg_top_i.periph_clk_gate_qs,39.25µm
i_core_v_mini_mcu.ao_peripheral_subsystem_i.tdu_i.task_mem\[3\]\[2\],39.25µm
i_core_v_mini_mcu.ao_peripheral_subsystem_i.tdu_i.task_mem\[7\]\[8\],39.25µm
i_core_v_mini_mcu.cpu_subsystem_i.cpu_0_0.rf_ram_i.memory\[205\]\[0\],39.25µm
i_core_v_mini_mcu.cpu_subsystem_i.cpu_0_0.rf_ram_i.memory\[398\]\[0\],39.25µm
i_core_v_mini_mcu.cpu_subsystem_i.cpu_0_0.rf_ram_i.memory\[476\]\[0\],39.25µm
i_core_v_mini_mcu.cpu_subsystem_i.cpu_0_0.rf_ram_i.memory\[66\]\[0\],39.25µm
i_core_v_mini_mcu.cpu_subsystem_i.cpu_1_0.rf_ram_i.memory\[145\]\[0\],39.25µm
i_core_v_mini_mcu.cpu_subsystem_i.cpu_1_0.rf_ram_i.memory\[323\]\[0\],39.25µm
i_core_v_mini_mcu.cpu_subsystem_i.cpu_1_0.rf_ram_i.memory\[52\]\[0\],39.25µm
i_core_v_mini_mcu.memory_subsystem_i.ram0_i.tc_ram_i.sram\[15\]\[9\],39.25µm
_05493_,39.2µm
_05590_,39.2µm
_06685_,39.2µm
_07317_,39.2µm
_07474_,39.2µm
_10183_,39.2µm
_10570_,39.2µm
_11182_,39.2µm
_11661_,39.2µm
_12218_,39.2µm
_13561_,39.2µm
_16530_,39.2µm
_18205_,39.2µm
_18655_,39.2µm
_18916_,39.2µm
_21091_,39.2µm
_22739_,39.2µm
_23723_,39.2µm
_24795_,39.2µm
_27066_,39.2µm
_27426_,39.2µm
_27465_,39.2µm
i_core_v_mini_mcu.ao_peripheral_subsystem_i.tdu_i.task_mem\[2\]\[1\],39.2µm
i_core_v_mini_mcu.cpu_subsystem_i.cpu_0_0.rf_ram_i.memory\[364\]\[1\],39.2µm
i_core_v_mini_mcu.cpu_subsystem_i.cpu_0_0.rf_ram_i.memory\[88\]\[1\],39.2µm
i_core_v_mini_mcu.cpu_subsystem_i.cpu_1_0.rf_ram_i.memory\[93\]\[1\],39.2µm
i_core_v_mini_mcu.memory_subsystem_i.ram0_i.tc_ram_i.sram\[12\]\[7\],39.2µm
i_core_v_mini_mcu.memory_subsystem_i.ram0_i.tc_ram_i.sram\[25\]\[3\],39.2µm
i_core_v_mini_mcu.ao_peripheral_subsystem_i.power_manager_i.power_manager_reg_top_i.reg2hw\[225\],38.97µm
_15790_,38.94µm
i_core_v_mini_mcu.cpu_subsystem_i.cpu_0_0.i_servile.cpu.gen_align.align.ibus_rdt_concat\[9\],38.89µm
_08705_,38.84µm
_15502_,38.84µm
_17607_,38.84µm
i_core_v_mini_mcu.ao_peripheral_subsystem_i.obi_fifo_i.consumer_data_req\[0\],38.84µm
_06005_,38.79µm
_06489_,38.79µm
_08671_,38.79µm
_08930_,38.79µm
_14568_,38.79µm
_14736_,38.79µm
_15035_,38.79µm
_16173_,38.79µm
_17329_,38.79µm
_18229_,38.79µm
_22282_,38.79µm
_23657_,38.79µm
i_core_v_mini_mcu.ao_peripheral_subsystem_i.power_manager_i.power_manager_reg_top_i.en_wait_for_intr_qs\[1\],38.79µm
i_core_v_mini_mcu.cpu_subsystem_i.cpu_1_0.rf_ram_i.memory\[359\]\[1\],38.79µm
i_core_v_mini_mcu.memory_subsystem_i.ram0_i.tc_ram_i.sram\[25\]\[5\],38.775µm
_09692_,38.74µm
_10177_,38.74µm
_11063_,38.74µm
_12251_,38.74µm
_14483_,38.74µm
_15496_,38.74µm
_16256_,38.74µm
_17490_,38.74µm
_17872_,38.74µm
_18826_,38.74µm
_21739_,38.74µm
_25292_,38.74µm
_25610_,38.74µm
_26009_,38.74µm
i_core_v_mini_mcu.ao_peripheral_subsystem_i.obi_fifo_i.consumer_data_req_q\[37\],38.74µm
i_core_v_mini_mcu.ao_peripheral_subsystem_i.power_manager_i.power_manager_reg_top_i.reg2hw\[247\],38.74µm
i_core_v_mini_mcu.ao_peripheral_subsystem_i.tdu_i.task_mem\[3\]\[21\],38.74µm
i_core_v_mini_mcu.ao_peripheral_subsystem_i.tdu_i.task_mem\[7\]\[21\],38.74µm
i_core_v_mini_mcu.cpu_subsystem_i.cpu_0_0.rf_ram_i.memory\[199\]\[1\],38.74µm
i_core_v_mini_mcu.cpu_subsystem_i.cpu_0_0.rf_ram_i.memory\[46\]\[0\],38.74µm
i_core_v_mini_mcu.cpu_subsystem_i.cpu_1_0.rf_ram_i.memory\[268\]\[0\],38.74µm
i_core_v_mini_mcu.memory_subsystem_i.ram0_i.tc_ram_i.sram\[18\]\[5\],38.74µm
i_core_v_mini_mcu.memory_subsystem_i.ram0_i.tc_ram_i.sram\[27\]\[17\],38.74µm
i_core_v_mini_mcu.memory_subsystem_i.ram0_i.tc_ram_i.sram\[29\]\[28\],38.74µm
i_core_v_mini_mcu.memory_subsystem_i.ram0_i.tc_ram_i.sram\[4\]\[14\],38.74µm
_06466_,38.69µm
_07620_,38.69µm
_09751_,38.69µm
_10056_,38.69µm
_12240_,38.69µm
_12498_,38.69µm
_14225_,38.69µm
_14410_,38.69µm
_15204_,38.69µm
_17476_,38.69µm
_17595_,38.69µm
_19038_,38.69µm
_22519_,38.69µm
_22552_,38.69µm
_23209_,38.69µm
_23801_,38.69µm
_24659_,38.69µm
_25335_,38.69µm
_25673_,38.69µm
_28463_,38.69µm
i_core_v_mini_mcu.ao_peripheral_subsystem_i.obi_fifo_i.consumer_data_req\[26\],38.69µm
i_core_v_mini_mcu.ao_peripheral_subsystem_i.obi_fifo_i.consumer_data_req_q\[38\],38.69µm
i_core_v_mini_mcu.ao_peripheral_subsystem_i.power_manager_i.power_manager_reg_top_i.global_pointer_qs\[28\],38.69µm
i_core_v_mini_mcu.ao_peripheral_subsystem_i.spi_subsystem_i.obi_spimemio_i.spimemio_i.rd_addr\[4\],38.69µm
i_core_v_mini_mcu.ao_peripheral_subsystem_i.spi_subsystem_i.obi_spimemio_i.spimemio_i.xfer.xfer_tag\[0\],38.69µm
i_core_v_mini_mcu.cpu_subsystem_i.cpu_0_0.rf_ram_i.memory\[293\]\[1\],38.69µm
i_core_v_mini_mcu.cpu_subsystem_i.cpu_0_0.rf_ram_i.memory\[379\]\[0\],38.69µm
i_core_v_mini_mcu.cpu_subsystem_i.cpu_1_0.rf_ram_i.memory\[266\]\[1\],38.69µm
i_core_v_mini_mcu.memory_subsystem_i.ram0_i.tc_ram_i.sram\[16\]\[31\],38.69µm
_07118_,38.64µm
_07814_,38.64µm
_08514_,38.64µm
_09139_,38.64µm
_09342_,38.64µm
_10259_,38.64µm
_10885_,38.64µm
_11215_,38.64µm
_11304_,38.64µm
_11641_,38.64µm
_11653_,38.64µm
_12008_,38.64µm
_12680_,38.64µm
_12751_,38.64µm
_13370_,38.64µm
_13928_,38.64µm
_16436_,38.64µm
_16581_,38.64µm
_16945_,38.64µm
_18096_,38.64µm
_19106_,38.64µm
_23755_,38.64µm
_23809_,38.64µm
_24012_,38.64µm
_24707_,38.64µm
_25262_,38.64µm
_26079_,38.64µm
_26254_,38.64µm
_26492_,38.64µm
_27360_,38.64µm
_27558_,38.64µm
i_core_v_mini_mcu.ao_peripheral_subsystem_i.mosaic_clint_i.mtimecmp_q\[45\],38.64µm
i_core_v_mini_mcu.ao_peripheral_subsystem_i.power_manager_i.power_manager_reg_top_i.global_pointer_qs\[19\],38.64µm
i_core_v_mini_mcu.ao_peripheral_subsystem_i.soc_ctrl_i.reg2hw\[16\],38.64µm
i_core_v_mini_mcu.ao_peripheral_subsystem_i.tdu_i.task_mem\[7\]\[18\],38.64µm
i_core_v_mini_mcu.cpu_subsystem_i.cpu_0_0.rf_ram_i.memory\[26\]\[0\],38.64µm
i_core_v_mini_mcu.cpu_subsystem_i.cpu_0_0.rf_ram_i.memory\[465\]\[1\],38.64µm
i_core_v_mini_mcu.cpu_subsystem_i.cpu_1_0.rf_ram_i.memory\[14\]\[0\],38.64µm
i_core_v_mini_mcu.cpu_subsystem_i.cpu_1_0.rf_ram_i.memory\[251\]\[1\],38.46µm
i_core_v_mini_mcu.memory_subsystem_i.ram0_i.tc_ram_i.sram\[13\]\[22\],38.46µm
_06091_,38.43µm
i_core_v_mini_mcu.ao_peripheral_subsystem_i.mosaic_clint_i.mtimecmp_q\[106\],38.43µm
_06997_,38.28µm
_15588_,38.28µm
i_core_v_mini_mcu.ao_peripheral_subsystem_i.tdu_i.task_mem\[4\]\[0\],38.28µm
i_core_v_mini_mcu.cpu_subsystem_i.cpu_0_0.i_servile.cpu.bufreg2.i_bytecnt\[1\],38.28µm
i_core_v_mini_mcu.cpu_subsystem_i.cpu_1_0.rf_ram_i.memory\[195\]\[0\],38.28µm
_09237_,38.23µm
_09347_,38.23µm
_16589_,38.23µm
_17033_,38.23µm
_18004_,38.23µm
i_core_v_mini_mcu.ao_peripheral_subsystem_i.clint_mtime_o\[47\],38.23µm
i_core_v_mini_mcu.ao_peripheral_subsystem_i.tdu_i.task_mem\[6\]\[25\],38.23µm
i_core_v_mini_mcu.memory_subsystem_i.ram0_i.tc_ram_i.sram\[13\]\[16\],38.23µm
_06857_,38.18µm
_07199_,38.18µm
_08125_,38.18µm
_08695_,38.18µm
_09191_,38.18µm
_09286_,38.18µm
_10329_,38.18µm
_10582_,38.18µm
_12941_,38.18µm
_16028_,38.18µm
_17516_,38.18µm
_17675_,38.18µm
_18877_,38.18µm
_19453_,38.18µm
_23070_,38.18µm
_24649_,38.18µm
i_core_v_mini_mcu.ao_peripheral_subsystem_i.tdu_i.task_mem\[6\]\[13\],38.18µm
i_core_v_mini_mcu.cpu_subsystem_i.cpu_0_0.rf_ram_i.memory\[260\]\[0\],38.18µm
i_core_v_mini_mcu.cpu_subsystem_i.cpu_1_0.i_servile.arbiter.i_wb_cpu_ibus_adr\[15\],38.18µm
i_core_v_mini_mcu.peripheral_subsystem_i.uart_i.hw2reg\[17\],38.18µm
_02946_,38.13µm
_06213_,38.13µm
_06809_,38.13µm
_07000_,38.13µm
_07206_,38.13µm
_07255_,38.13µm
_07279_,38.13µm
_07639_,38.13µm
_08002_,38.13µm
_08159_,38.13µm
_08363_,38.13µm
_09126_,38.13µm
_09273_,38.13µm
_09603_,38.13µm
_11780_,38.13µm
_13893_,38.13µm
_14811_,38.13µm
_16627_,38.13µm
_18160_,38.13µm
_19674_,38.13µm
_19836_,38.13µm
_20572_,38.13µm
_23786_,38.13µm
_23791_,38.13µm
_25037_,38.13µm
_25621_,38.13µm
_25838_,38.13µm
_27201_,38.13µm
_27236_,38.13µm
_27592_,38.13µm
_28441_,38.13µm
i_core_v_mini_mcu.cpu_subsystem_i.cpu_0_0.rf_ram_i.memory\[309\]\[1\],38.13µm
i_core_v_mini_mcu.cpu_subsystem_i.cpu_0_0.rf_ram_i.memory\[98\]\[0\],38.13µm
i_core_v_mini_mcu.cpu_subsystem_i.cpu_1_0.i_servile.arbiter.i_wb_cpu_dbus_adr\[2\],38.13µm
i_core_v_mini_mcu.cpu_subsystem_i.cpu_1_0.rf_ram_i.memory\[418\]\[0\],38.13µm
i_core_v_mini_mcu.memory_subsystem_i.ram0_i.tc_ram_i.sram\[28\]\[0\],38.13µm
_07979_,38.08µm
_10272_,38.08µm
_10793_,38.08µm
_11187_,38.08µm
_12858_,38.08µm
_12942_,38.08µm
_18572_,38.08µm
_19258_,38.08µm
_22501_,38.08µm
_23750_,38.08µm
_25476_,38.08µm
_25687_,38.08µm
_26163_,38.08µm
_27083_,38.08µm
_27373_,38.08µm
i_core_v_mini_mcu.ao_peripheral_subsystem_i.tdu_i.task_mem\[3\]\[24\],38.08µm
i_core_v_mini_mcu.cpu_subsystem_i.cpu_1_0.rf_ram_i.memory\[348\]\[1\],38.08µm
i_core_v_mini_mcu.memory_subsystem_i.ram0_i.tc_ram_i.sram\[21\]\[3\],38.08µm
i_core_v_mini_mcu.memory_subsystem_i.ram0_i.tc_ram_i.sram\[29\]\[15\],38.08µm
status_o[6],37.94µm
_17968_,37.87µm
_24862_,37.85µm
i_core_v_mini_mcu.memory_subsystem_i.ram0_i.tc_ram_i.sram\[0\]\[20\],37.85µm
_16959_,37.82µm
i_core_v_mini_mcu.cpu_subsystem_i.cpu_1_0.rf_ram_i.memory\[85\]\[0\],37.8µm
_06219_,37.72µm
_16004_,37.67µm
_16388_,37.67µm
_17629_,37.67µm
i_core_v_mini_mcu.ao_peripheral_subsystem_i.spi_subsystem_i.obi_spimemio_i.obi_to_picorv32_i.obi_resp_o\[31\],37.67µm
i_core_v_mini_mcu.ao_peripheral_subsystem_i.tdu_i.wr_ptr_q\[1\],37.67µm
i_core_v_mini_mcu.cpu_subsystem_i.cpu_1_0.rf_ram_i.rdata\[0\],37.67µm
_06640_,37.62µm
_07127_,37.62µm
_08668_,37.62µm
_09007_,37.62µm
_09254_,37.62µm
_09294_,37.62µm
_10184_,37.62µm
_12814_,37.62µm
_13167_,37.62µm
_14666_,37.62µm
_14950_,37.62µm
_15640_,37.62µm
_16182_,37.62µm
_16205_,37.62µm
_16224_,37.62µm
_17153_,37.62µm
_17283_,37.62µm
_17486_,37.62µm
_17812_,37.62µm
_19362_,37.62µm
_23199_,37.62µm
_24803_,37.62µm
i_core_v_mini_mcu.ao_peripheral_subsystem_i.mosaic_clint_i.mtimecmp_q\[20\],37.62µm
i_core_v_mini_mcu.ao_peripheral_subsystem_i.power_manager_i.power_manager_reg_top_i.cpu_iso_off_counter_qs\[9\],37.62µm
i_core_v_mini_mcu.ao_peripheral_subsystem_i.power_manager_i.power_manager_reg_top_i.cpu_switch_on_counter_qs\[10\],37.62µm
i_core_v_mini_mcu.ao_peripheral_subsystem_i.power_manager_i.power_manager_reg_top_i.intr_state_qs\[25\],37.62µm
i_core_v_mini_mcu.ao_peripheral_subsystem_i.soc_ctrl_i.soc_ctrl_reg_top_i.system_frequency_hz_qs\[12\],37.62µm
i_core_v_mini_mcu.ao_peripheral_subsystem_i.tdu_i.task_mem\[7\]\[27\],37.62µm
i_core_v_mini_mcu.core_data_req\[75\],37.62µm
i_core_v_mini_mcu.cpu_subsystem_i.cpu_0_0.i_servile.cpu.ctrl.o_ibus_adr\[19\],37.62µm
i_core_v_mini_mcu.cpu_subsystem_i.cpu_0_0.rf_ram_i.memory\[456\]\[1\],37.62µm
i_core_v_mini_mcu.cpu_subsystem_i.cpu_1_0.rf_ram_i.memory\[279\]\[1\],37.62µm
i_core_v_mini_mcu.cpu_subsystem_i.cpu_1_0.rf_ram_i.memory\[504\]\[1\],37.62µm
i_core_v_mini_mcu.memory_subsystem_i.ram0_i.tc_ram_i.sram\[15\]\[26\],37.62µm
_06145_,37.57µm
_06422_,37.57µm
_06531_,37.57µm
_08080_,37.57µm
_11372_,37.57µm
_11772_,37.57µm
_12892_,37.57µm
_13991_,37.57µm
_14689_,37.57µm
_15475_,37.57µm
_15657_,37.57µm
_16199_,37.57µm
_18033_,37.57µm
_18701_,37.57µm
_18827_,37.57µm
_18973_,37.57µm
_19653_,37.57µm
_20740_,37.57µm
_22137_,37.57µm
_23247_,37.57µm
_27139_,37.57µm
_27353_,37.57µm
_28340_,37.57µm
i_core_v_mini_mcu.ao_peripheral_subsystem_i.mosaic_clint_i.mtimecmp_q\[89\],37.57µm
i_core_v_mini_mcu.ao_peripheral_subsystem_i.obi_fifo_i.consumer_data_req_q\[7\],37.57µm
i_core_v_mini_mcu.ao_peripheral_subsystem_i.power_manager_i.power_manager_reg_top_i.cpu_iso_on_counter_qs\[7\],37.57µm
i_core_v_mini_mcu.ao_peripheral_subsystem_i.tdu_i.task_mem\[2\]\[16\],37.57µm
i_core_v_mini_mcu.ao_peripheral_subsystem_i.tdu_i.task_mem\[6\]\[17\],37.57µm
i_core_v_mini_mcu.ao_peripheral_subsystem_i.tdu_i.task_mem\[6\]\[9\],37.57µm
i_core_v_mini_mcu.ao_peripheral_subsystem_i.tdu_i.wr_ptr_q\[2\],37.57µm
i_core_v_mini_mcu.cpu_subsystem_i.cpu_0_0.rf_ram_i.memory\[196\]\[1\],37.57µm
i_core_v_mini_mcu.cpu_subsystem_i.cpu_0_0.rf_ram_i.memory\[312\]\[1\],37.57µm
i_core_v_mini_mcu.cpu_subsystem_i.cpu_0_0.rf_ram_i.memory\[51\]\[0\],37.57µm
i_core_v_mini_mcu.cpu_subsystem_i.cpu_0_0.rf_ram_i.memory\[567\]\[1\],37.57µm
i_core_v_mini_mcu.cpu_subsystem_i.cpu_0_0.rf_ram_i.memory\[79\]\[0\],37.57µm
i_core_v_mini_mcu.cpu_subsystem_i.cpu_1_0.i_servile.arbiter.i_wb_cpu_dbus_adr\[5\],37.57µm
_05065_,37.52µm
_06676_,37.52µm
_06985_,37.52µm
_07339_,37.52µm
_07607_,37.52µm
_07664_,37.52µm
_08099_,37.52µm
_08116_,37.52µm
_08468_,37.52µm
_08474_,37.52µm
_10490_,37.52µm
_10598_,37.52µm
_11158_,37.52µm
_11356_,37.52µm
_12663_,37.52µm
_14814_,37.52µm
_17656_,37.52µm
_17822_,37.52µm
_18113_,37.52µm
_18178_,37.52µm
_19449_,37.52µm
_19476_,37.52µm
_20696_,37.52µm
_20890_,37.52µm
_21254_,37.52µm
_22401_,37.52µm
_22598_,37.52µm
_23757_,37.52µm
_24646_,37.52µm
_24731_,37.52µm
_25595_,37.52µm
_26082_,37.52µm
_27162_,37.52µm
_27480_,37.52µm
_27933_,37.52µm
_28312_,37.52µm
i_core_v_mini_mcu.ao_peripheral_subsystem_i.power_manager_i.power_manager_counter_sequence_cpu_reset_i.sequence_curr_state\[1\],37.52µm
i_core_v_mini_mcu.cpu_subsystem_i.cpu_0_0.rf_ram_i.memory\[313\]\[1\],37.52µm
i_core_v_mini_mcu.cpu_subsystem_i.cpu_0_0.rf_ram_i.memory\[477\]\[1\],37.52µm
i_core_v_mini_mcu.cpu_subsystem_i.cpu_0_0.rf_ram_i.memory\[487\]\[0\],37.52µm
i_core_v_mini_mcu.cpu_subsystem_i.cpu_1_0.rf_ram_i.memory\[126\]\[1\],37.52µm
i_core_v_mini_mcu.memory_subsystem_i.ram0_i.tc_ram_i.sram\[21\]\[2\],37.52µm
i_core_v_mini_mcu.peripheral_subsystem_i.uart_i.uart_core.uart_rx.sreg_q\[2\],37.52µm
_16854_,37.39µm
i_core_v_mini_mcu.cpu_subsystem_i.cpu_0_0.rf_ram_i.memory\[404\]\[0\],37.29µm
_10761_,37.24µm
_05575_,37.16µm
_08575_,37.16µm
_14538_,37.16µm
_14563_,37.16µm
_15094_,37.16µm
i_core_v_mini_mcu.cpu_subsystem_i.cpu_1_0.i_servile.cpu.immdec.gen_immdec_w_eq_1.imm11_7\[2\],37.16µm
execute_from_flash_i,37.12µm
_06231_,37.11µm
_08911_,37.11µm
_09005_,37.11µm
_09218_,37.11µm
_15563_,37.11µm
_16416_,37.11µm
_16575_,37.11µm
_17543_,37.11µm
i_core_v_mini_mcu.ao_peripheral_subsystem_i.power_manager_i.power_manager_counter_sequence_cpu_iso_i.sequence_curr_state\[1\],37.11µm
i_core_v_mini_mcu.ao_peripheral_subsystem_i.power_manager_i.power_manager_counter_sequence_cpu_switch_i.sequence_curr_state\[4\],37.11µm
i_core_v_mini_mcu.ao_peripheral_subsystem_i.power_manager_i.power_manager_reg_top_i.cpu_iso_off_counter_qs\[7\],37.11µm
i_core_v_mini_mcu.cpu_subsystem_i.cpu_1_0.rf_ram_i.memory\[409\]\[1\],37.11µm
_09295_,37.06µm
_09378_,37.06µm
_11148_,37.06µm
_16825_,37.06µm
_17196_,37.06µm
_18056_,37.06µm
_18131_,37.06µm
_25157_,37.06µm
_25762_,37.06µm
_27703_,37.06µm
i_core_v_mini_mcu.ao_peripheral_subsystem_i.power_manager_i.power_manager_reg_top_i.ram_0_clk_gate_qs,37.06µm
i_core_v_mini_mcu.ao_peripheral_subsystem_i.soc_ctrl_i.reg2hw\[10\],37.06µm
i_core_v_mini_mcu.ao_peripheral_subsystem_i.soc_ctrl_i.reg2hw\[17\],37.06µm
i_core_v_mini_mcu.ao_peripheral_subsystem_i.spi_subsystem_i.obi_spimemio_i.spimemio_i.rd_addr\[16\],37.06µm
i_core_v_mini_mcu.cpu_subsystem_i.cpu_0_0.rf_ram_i.memory\[211\]\[0\],37.06µm
i_core_v_mini_mcu.memory_subsystem_i.ram0_i.tc_ram_i.sram\[14\]\[5\],37.06µm
i_core_v_mini_mcu.peripheral_subsystem_i.uart_i.uart_core.u_uart_txfifo.gen_normal_fifo.storage\[23\],37.06µm
_05574_,37.01µm
_06924_,37.01µm
_07472_,37.01µm
_08570_,37.01µm
_08624_,37.01µm
_08669_,37.01µm
_10028_,37.01µm
_11607_,37.01µm
_12020_,37.01µm
_12070_,37.01µm
_12992_,37.01µm
_13107_,37.01µm
_13287_,37.01µm
_15068_,37.01µm
_21132_,37.01µm
_23214_,37.01µm
_24307_,37.01µm
_24423_,37.01µm
_24689_,37.01µm
_24904_,37.01µm
_25411_,37.01µm
_26105_,37.01µm
_26281_,37.01µm
_26579_,37.01µm
_27053_,37.01µm
i_core_v_mini_mcu.ao_peripheral_subsystem_i.mosaic_clint_i.mtimecmp_q\[30\],37.01µm
i_core_v_mini_mcu.cpu_subsystem_i.cpu_0_0.rf_ram_i.memory\[15\]\[1\],37.01µm
i_core_v_mini_mcu.cpu_subsystem_i.cpu_0_0.rf_ram_i.memory\[75\]\[1\],37.01µm
i_core_v_mini_mcu.cpu_subsystem_i.cpu_1_0.rf_ram_i.memory\[344\]\[1\],37.01µm
i_core_v_mini_mcu.cpu_subsystem_i.cpu_1_0.rf_ram_i.memory\[433\]\[0\],37.01µm
i_core_v_mini_mcu.cpu_subsystem_i.cpu_1_0.rf_ram_i.memory\[490\]\[1\],37.01µm
i_core_v_mini_mcu.cpu_subsystem_i.cpu_1_0.rf_ram_i.memory\[51\]\[0\],37.01µm
_05534_,36.96µm
_06169_,36.96µm
_06318_,36.96µm
_07772_,36.96µm
_07775_,36.96µm
_09933_,36.96µm
_10340_,36.96µm
_10807_,36.96µm
_10858_,36.96µm
_11090_,36.96µm
_12692_,36.96µm
_12920_,36.96µm
_13030_,36.96µm
_13540_,36.96µm
_14008_,36.96µm
_15616_,36.96µm
_15712_,36.96µm
_15743_,36.96µm
_16518_,36.96µm
_17510_,36.96µm
_18077_,36.96µm
_18829_,36.96µm
_25022_,36.96µm
_25230_,36.96µm
_25802_,36.96µm
i_core_v_mini_mcu.cpu_subsystem_i.cpu_0_0.rf_ram_i.memory\[412\]\[0\],36.96µm
i_core_v_mini_mcu.cpu_subsystem_i.cpu_0_0.rf_ram_i.memory\[511\]\[1\],36.96µm
i_core_v_mini_mcu.cpu_subsystem_i.cpu_1_0.rf_ram_i.memory\[243\]\[0\],36.96µm
i_core_v_mini_mcu.memory_subsystem_i.ram0_i.tc_ram_i.sram\[29\]\[26\],36.96µm
i_core_v_mini_mcu.memory_subsystem_i.ram0_i.tc_ram_i.sram\[2\]\[17\],36.96µm
i_core_v_mini_mcu.memory_subsystem_i.ram0_i.tc_ram_i.sram\[31\]\[12\],36.96µm
_05640_,36.65µm
_15029_,36.65µm
i_core_v_mini_mcu.cpu_subsystem_i.cpu_0_0.rf_ram_i.memory\[164\]\[1\],36.65µm
_09297_,36.6µm
_14663_,36.6µm
_16707_,36.6µm
i_core_v_mini_mcu.cpu_subsystem_i.cpu_0_0.rf_ram_i.memory\[231\]\[0\],36.6µm
i_core_v_mini_mcu.cpu_subsystem_i.cpu_1_0.rf_ram_i.memory\[199\]\[1\],36.6µm
status_valid_o,36.56µm
_08965_,36.55µm
_09697_,36.55µm
_16655_,36.55µm
_17050_,36.55µm
_17273_,36.55µm
_23043_,36.55µm
i_core_v_mini_mcu.ao_peripheral_subsystem_i.mosaic_clint_i.mtimecmp_q\[78\],36.55µm
i_core_v_mini_mcu.ao_peripheral_subsystem_i.power_manager_i.power_manager_reg_top_i.cpu_iso_off_counter_qs\[0\],36.55µm
i_core_v_mini_mcu.cpu_subsystem_i.cpu_1_0.i_servile.cpu.immdec.gen_immdec_w_eq_1.imm11_7\[1\],36.55µm
i_core_v_mini_mcu.cpu_subsystem_i.cpu_1_0.rf_ram_i.memory\[1\]\[1\],36.55µm
i_core_v_mini_mcu.memory_subsystem_i.ram0_i.tc_ram_i.sram\[5\]\[9\],36.55µm
net1572,36.55µm
_06759_,36.5µm
_08971_,36.5µm
_09768_,36.5µm
_14219_,36.5µm
_15122_,36.5µm
_15416_,36.5µm
_18091_,36.5µm
_22561_,36.5µm
_23317_,36.5µm
_27381_,36.5µm
i_core_v_mini_mcu.ao_peripheral_subsystem_i.clint_mtime_o\[63\],36.5µm
i_core_v_mini_mcu.ao_peripheral_subsystem_i.obi_fifo_i.consumer_data_req\[18\],36.5µm
i_core_v_mini_mcu.ao_peripheral_subsystem_i.power_manager_i.power_manager_reg_top_i.cpu_iso_off_counter_qs\[4\],36.5µm
i_core_v_mini_mcu.ao_peripheral_subsystem_i.soc_ctrl_i.soc_ctrl_reg_top_i.system_frequency_hz_qs\[7\],36.5µm
i_core_v_mini_mcu.cpu_subsystem_i.cpu_0_0.rf_ram_i.memory\[219\]\[0\],36.5µm
i_core_v_mini_mcu.cpu_subsystem_i.cpu_1_0.rf_ram_i.memory\[322\]\[1\],36.5µm
i_core_v_mini_mcu.memory_subsystem_i.ram0_i.tc_ram_i.sram\[5\]\[4\],36.5µm
i_core_v_mini_mcu.peripheral_subsystem_i.uart_i.reg2hw\[8\],36.5µm
_08166_,36.45µm
_09886_,36.45µm
_10130_,36.45µm
_11013_,36.45µm
_13062_,36.45µm
_14384_,36.45µm
_19000_,36.45µm
_19809_,36.45µm
_20663_,36.45µm
_20761_,36.45µm
_23950_,36.45µm
_24636_,36.45µm
_27084_,36.45µm
_27212_,36.45µm
i_core_v_mini_mcu.ao_peripheral_subsystem_i.spi_subsystem_i.obi_spimemio_i.spimemio_i.state\[10\],36.45µm
i_core_v_mini_mcu.ao_peripheral_subsystem_i.tdu_i.task_mem\[4\]\[4\],36.45µm
i_core_v_mini_mcu.ao_peripheral_subsystem_i.tdu_i.task_mem\[5\]\[9\],36.45µm
i_core_v_mini_mcu.cpu_subsystem_i.cpu_0_0.i_servile.cpu.immdec.gen_immdec_w_eq_1.imm24_20\[2\],36.45µm
i_core_v_mini_mcu.cpu_subsystem_i.cpu_1_0.i_servile.arbiter.i_wb_cpu_dbus_adr\[7\],36.45µm
i_core_v_mini_mcu.cpu_subsystem_i.cpu_1_0.rf_ram_i.memory\[316\]\[0\],36.45µm
_04758_,36.4µm
_06204_,36.4µm
_07510_,36.4µm
_07703_,36.4µm
_08396_,36.4µm
_08526_,36.4µm
_10004_,36.4µm
_10345_,36.4µm
_10817_,36.4µm
_10863_,36.4µm
_12075_,36.4µm
_13042_,36.4µm
_13699_,36.4µm
_14314_,36.4µm
_17235_,36.4µm
_18017_,36.4µm
_19497_,36.4µm
_19692_,36.4µm
_20325_,36.4µm
_25226_,36.4µm
_25237_,36.4µm
_25659_,36.4µm
_25699_,36.4µm
_27514_,36.4µm
_28437_,36.4µm
i_core_v_mini_mcu.ao_peripheral_subsystem_i.spi_subsystem_i.obi_spimemio_i.obi_to_picorv32_i.obi_resp_o\[24\],36.4µm
i_core_v_mini_mcu.cpu_subsystem_i.cpu_0_0.i_servile.arbiter.i_wb_cpu_dbus_adr\[6\],36.4µm
i_core_v_mini_mcu.cpu_subsystem_i.cpu_0_0.i_servile.cpu.bufreg.i_clr_lsb,36.4µm
i_core_v_mini_mcu.cpu_subsystem_i.cpu_0_0.rf_ram_i.memory\[154\]\[1\],36.4µm
i_core_v_mini_mcu.cpu_subsystem_i.cpu_0_0.rf_ram_i.memory\[467\]\[0\],36.4µm
i_core_v_mini_mcu.memory_subsystem_i.ram0_i.tc_ram_i.sram\[15\]\[16\],36.4µm
i_core_v_mini_mcu.memory_subsystem_i.ram0_i.tc_ram_i.sram\[5\]\[12\],36.4µm
i_core_v_mini_mcu.peripheral_slave_resp\[25\],36.4µm
_15843_,36.27µm
_22001_,36.17µm
_27148_,36.17µm
_26692_,36.12µm
i_core_v_mini_mcu.cpu_subsystem_i.cpu_1_0.rf_ram_i.memory\[489\]\[1\],36.12µm
_18050_,36.09µm
_06762_,36.04µm
_09025_,36.04µm
_10231_,36.04µm
_14266_,36.04µm
_14642_,36.04µm
_15760_,36.04µm
_15898_,36.04µm
_17558_,36.04µm
_24703_,36.04µm
i_core_v_mini_mcu.ao_peripheral_subsystem_i.tdu_i.task_mem\[0\]\[22\],36.04µm
i_core_v_mini_mcu.ao_peripheral_subsystem_i.tdu_i.task_mem\[2\]\[4\],36.04µm
_05467_,35.99µm
_14426_,35.99µm
_17164_,35.99µm
_17396_,35.99µm
_18232_,35.99µm
_20219_,35.99µm
i_core_v_mini_mcu.cpu_subsystem_i.cpu_1_0.i_servile.cpu.ctrl.i_pc_rel,35.99µm
_05721_,35.94µm
_06664_,35.94µm
_07019_,35.94µm
_09321_,35.94µm
_09366_,35.94µm
_09893_,35.94µm
_10185_,35.94µm
_12834_,35.94µm
_15750_,35.94µm
_16421_,35.94µm
_16454_,35.94µm
_17913_,35.94µm
_18102_,35.94µm
_22565_,35.94µm
_22798_,35.94µm
_23571_,35.94µm
i_core_v_mini_mcu.ao_peripheral_subsystem_i.tdu_i.task_mem\[3\]\[13\],35.94µm
i_core_v_mini_mcu.cpu_subsystem_i.cpu_0_0.rf_ram_i.memory\[364\]\[0\],35.94µm
i_core_v_mini_mcu.cpu_subsystem_i.cpu_0_0.rf_ram_i.memory\[575\]\[1\],35.94µm
i_core_v_mini_mcu.cpu_subsystem_i.cpu_1_0.rf_ram_i.memory\[310\]\[1\],35.94µm
i_core_v_mini_mcu.memory_subsystem_i.ram0_i.tc_ram_i.sram\[0\]\[19\],35.94µm
i_core_v_mini_mcu.memory_subsystem_i.ram0_i.tc_ram_i.sram\[19\]\[4\],35.94µm
i_core_v_mini_mcu.memory_subsystem_i.ram0_i.tc_ram_i.sram\[27\]\[27\],35.94µm
i_core_v_mini_mcu.memory_subsystem_i.ram0_i.tc_ram_i.sram\[28\]\[27\],35.94µm
i_core_v_mini_mcu.peripheral_subsystem_i.uart_i.uart_core.uart_rx.sreg_q\[3\],35.94µm
_05061_,35.89µm
_08209_,35.89µm
_08716_,35.89µm
_10165_,35.89µm
_10341_,35.89µm
_10469_,35.89µm
_10506_,35.89µm
_11042_,35.89µm
_11334_,35.89µm
_11862_,35.89µm
_14933_,35.89µm
_15319_,35.89µm
_15589_,35.89µm
_16690_,35.89µm
_16892_,35.89µm
_20594_,35.89µm
_20675_,35.89µm
_21938_,35.89µm
_24793_,35.89µm
_24857_,35.89µm
_25032_,35.89µm
_25121_,35.89µm
_26740_,35.89µm
_28203_,35.89µm
i_core_v_mini_mcu.ao_peripheral_subsystem_i.power_manager_i.power_manager_reg_top_i.en_wait_for_intr_qs\[6\],35.89µm
i_core_v_mini_mcu.ao_peripheral_subsystem_i.tdu_i.task_mem\[2\]\[12\],35.89µm
i_core_v_mini_mcu.cpu_subsystem_i.cpu_0_0.rf_ram_i.memory\[432\]\[0\],35.89µm
i_core_v_mini_mcu.cpu_subsystem_i.cpu_1_0.i_servile.arbiter.i_wb_cpu_dbus_adr\[30\],35.89µm
i_core_v_mini_mcu.cpu_subsystem_i.cpu_1_0.rf_ram_i.memory\[179\]\[1\],35.89µm
_04736_,35.84µm
_05040_,35.84µm
_05625_,35.84µm
_07144_,35.84µm
_07192_,35.84µm
_07528_,35.84µm
_07724_,35.84µm
_08052_,35.84µm
_08126_,35.84µm
_09339_,35.84µm
_11489_,35.84µm
_11610_,35.84µm
_12488_,35.84µm
_12975_,35.84µm
_14930_,35.84µm
_15676_,35.84µm
_17146_,35.84µm
_18066_,35.84µm
_19321_,35.84µm
_19663_,35.84µm
_20748_,35.84µm
_21680_,35.84µm
_22412_,35.84µm
_25837_,35.84µm
_25888_,35.84µm
_25970_,35.84µm
_26306_,35.84µm
_27686_,35.84µm
_28426_,35.84µm
i_core_v_mini_mcu.ao_peripheral_subsystem_i.tdu_i.task_mem\[2\]\[26\],35.84µm
i_core_v_mini_mcu.cpu_subsystem_i.cpu_0_0.rf_ram_i.memory\[140\]\[1\],35.84µm
i_core_v_mini_mcu.cpu_subsystem_i.cpu_0_0.rf_ram_i.memory\[390\]\[1\],35.84µm
i_core_v_mini_mcu.cpu_subsystem_i.cpu_0_0.rf_ram_i.memory\[433\]\[0\],35.84µm
i_core_v_mini_mcu.cpu_subsystem_i.cpu_0_0.rf_ram_i.memory\[505\]\[0\],35.84µm
i_core_v_mini_mcu.cpu_subsystem_i.cpu_1_0.rf_ram_i.memory\[327\]\[0\],35.84µm
i_core_v_mini_mcu.cpu_subsystem_i.cpu_1_0.rf_ram_i.memory\[488\]\[1\],35.84µm
i_core_v_mini_mcu.cpu_subsystem_i.cpu_1_0.rf_ram_i.memory\[62\]\[0\],35.84µm
i_core_v_mini_mcu.memory_subsystem_i.ram0_i.tc_ram_i.sram\[17\]\[21\],35.84µm
_06770_,35.71µm
_15292_,35.48µm
_16911_,35.48µm
_08847_,35.43µm
_09029_,35.43µm
_09289_,35.43µm
_13921_,35.43µm
_15362_,35.43µm
_15773_,35.43µm
_16162_,35.43µm
_16212_,35.43µm
_16816_,35.43µm
_17690_,35.43µm
_19691_,35.43µm
i_core_v_mini_mcu.ao_peripheral_subsystem_i.tdu_i.task_mem\[0\]\[17\],35.43µm
i_core_v_mini_mcu.cpu_subsystem_i.cpu_0_0.i_servile.arbiter.i_wb_cpu_dbus_adr\[3\],35.43µm
i_core_v_mini_mcu.cpu_subsystem_i.cpu_1_0.i_servile.cpu.alu.i_sub,35.43µm
i_core_v_mini_mcu.cpu_subsystem_i.cpu_1_0.i_servile.cpu.immdec.gen_immdec_w_eq_1.imm11_7\[3\],35.43µm
i_core_v_mini_mcu.cpu_subsystem_i.cpu_1_0.rf_ram_i.memory\[503\]\[0\],35.43µm
_05950_,35.38µm
_07333_,35.38µm
_09242_,35.38µm
_10227_,35.38µm
_11925_,35.38µm
_12264_,35.38µm
_13552_,35.38µm
_15873_,35.38µm
_16054_,35.38µm
_17550_,35.38µm
_18128_,35.38µm
_20401_,35.38µm
_21906_,35.38µm
_22393_,35.38µm
_25947_,35.38µm
_27984_,35.38µm
_28110_,35.38µm
i_core_v_mini_mcu.cpu_subsystem_i.cpu_0_0.i_servile.cpu.ctrl.o_ibus_adr\[26\],35.38µm
i_core_v_mini_mcu.memory_subsystem_i.ram0_i.tc_ram_i.sram\[1\]\[10\],35.38µm
i_core_v_mini_mcu.memory_subsystem_i.ram0_i.tc_ram_i.sram\[29\]\[6\],35.38µm
_05268_,35.33µm
_06616_,35.33µm
_06766_,35.33µm
_09951_,35.33µm
_12323_,35.33µm
_12327_,35.33µm
_15384_,35.33µm
_15487_,35.33µm
_18449_,35.33µm
_20532_,35.33µm
_20537_,35.33µm
_23022_,35.33µm
_24414_,35.33µm
_25616_,35.33µm
_25728_,35.33µm
_27519_,35.33µm
i_core_v_mini_mcu.ao_peripheral_subsystem_i.tdu_i.task_mem\[6\]\[8\],35.33µm
i_core_v_mini_mcu.cpu_subsystem_i.cpu_0_0.rf_ram_i.memory\[249\]\[1\],35.33µm
i_core_v_mini_mcu.cpu_subsystem_i.cpu_0_0.rf_ram_i.memory\[573\]\[0\],35.33µm
i_core_v_mini_mcu.cpu_subsystem_i.cpu_0_0.rf_ram_i.memory\[68\]\[1\],35.33µm
i_core_v_mini_mcu.cpu_subsystem_i.cpu_0_0.rf_ram_i.memory\[87\]\[1\],35.33µm
i_core_v_mini_mcu.cpu_subsystem_i.cpu_1_0.rf_ram_i.memory\[227\]\[1\],35.33µm
i_core_v_mini_mcu.cpu_subsystem_i.cpu_1_0.rf_ram_i.memory\[481\]\[1\],35.33µm
i_core_v_mini_mcu.cpu_subsystem_i.cpu_1_0.rf_ram_i.memory\[74\]\[1\],35.33µm
i_core_v_mini_mcu.memory_subsystem_i.ram0_i.tc_ram_i.sram\[13\]\[28\],35.33µm
i_core_v_mini_mcu.memory_subsystem_i.ram0_i.tc_ram_i.sram\[5\]\[21\],35.33µm
i_core_v_mini_mcu.peripheral_subsystem_i.uart_i.uart_core.u_uart_txfifo.gen_normal_fifo.storage\[7\],35.33µm
_05048_,35.28µm
_07407_,35.28µm
_07833_,35.28µm
_08282_,35.28µm
_08406_,35.28µm
_09995_,35.28µm
_11102_,35.28µm
_11398_,35.28µm
_13350_,35.28µm
_13360_,35.28µm
_13661_,35.28µm
_13754_,35.28µm
_14010_,35.28µm
_15651_,35.28µm
_15943_,35.28µm
_17379_,35.28µm
_20089_,35.28µm
_22510_,35.28µm
_22845_,35.28µm
_24549_,35.28µm
_25080_,35.28µm
_25582_,35.28µm
_26014_,35.28µm
_26165_,35.28µm
_26558_,35.28µm
_27237_,35.28µm
i_core_v_mini_mcu.ao_peripheral_subsystem_i.tdu_i.task_mem\[4\]\[10\],35.28µm
i_core_v_mini_mcu.cpu_subsystem_i.cpu_0_0.i_servile.cpu.gen_csr.csr.mstatus_mie,35.28µm
i_core_v_mini_mcu.cpu_subsystem_i.cpu_0_0.rf_ram_i.memory\[306\]\[1\],35.28µm
i_core_v_mini_mcu.cpu_subsystem_i.cpu_0_0.rf_ram_i.memory\[481\]\[1\],35.28µm
i_core_v_mini_mcu.cpu_subsystem_i.cpu_1_0.rf_ram_i.memory\[324\]\[1\],35.28µm
i_core_v_mini_mcu.memory_subsystem_i.ram0_i.tc_ram_i.sram\[11\]\[29\],35.28µm
i_core_v_mini_mcu.memory_subsystem_i.ram0_i.tc_ram_i.sram\[11\]\[6\],35.28µm
i_core_v_mini_mcu.memory_subsystem_i.ram0_i.tc_ram_i.sram\[30\]\[4\],35.28µm
net724,35.28µm
i_core_v_mini_mcu.ao_peripheral_subsystem_i.mosaic_clint_i.mtimecmp_q\[79\],35.1µm
i_core_v_mini_mcu.ao_peripheral_subsystem_i.obi_fifo_i.consumer_data_req_q\[46\],35.05µm
_25433_,35µm
i_core_v_mini_mcu.cpu_subsystem_i.cpu_1_0.rf_ram_i.memory\[306\]\[0\],35µm
i_core_v_mini_mcu.memory_subsystem_i.ram0_i.tc_ram_i.sram\[31\]\[19\],35µm
_18138_,34.97µm
_08297_,34.92µm
_08784_,34.92µm
_14496_,34.92µm
_15026_,34.92µm
_15445_,34.92µm
_15934_,34.92µm
_17158_,34.92µm
_21944_,34.92µm
i_core_v_mini_mcu.cpu_subsystem_i.cpu_0_0.i_servile.cpu.bufreg.i_shift_op,34.92µm
_09787_,34.87µm
_10197_,34.87µm
_10216_,34.87µm
_13075_,34.87µm
_15922_,34.87µm
_23563_,34.87µm
exit_value_int\[13\],34.87µm
i_core_v_mini_mcu.ao_peripheral_subsystem_i.power_manager_i.power_manager_reg_top_i.ram_0_wait_ack_switch_on_qs,34.87µm
i_core_v_mini_mcu.cpu_subsystem_i.cpu_1_0.i_servile.cpu.alu.i_cmp_sig,34.87µm
i_core_v_mini_mcu.cpu_subsystem_i.cpu_1_0.rf_ram_i.memory\[42\]\[0\],34.87µm
i_core_v_mini_mcu.memory_subsystem_i.ram0_i.tc_ram_i.sram\[4\]\[5\],34.87µm
i_core_v_mini_mcu.peripheral_subsystem_i.uart_i.uart_core.u_uart_txfifo.gen_normal_fifo.fifo_wptr\[1\],34.87µm
_07741_,34.82µm
_08915_,34.82µm
_09112_,34.82µm
_10723_,34.82µm
_12050_,34.82µm
_12724_,34.82µm
_12802_,34.82µm
_14324_,34.82µm
_16364_,34.82µm
_16758_,34.82µm
_17187_,34.82µm
_17245_,34.82µm
_17319_,34.82µm
_17470_,34.82µm
_17693_,34.82µm
_17840_,34.82µm
_18249_,34.82µm
_18377_,34.82µm
_20699_,34.82µm
_20709_,34.82µm
_25068_,34.82µm
_26514_,34.82µm
i_core_v_mini_mcu.ao_peripheral_subsystem_i.mosaic_clint_i.mtimecmp_q\[62\],34.82µm
i_core_v_mini_mcu.ao_peripheral_subsystem_i.power_manager_i.cpu_powergate_counter_expired_reset_deassert,34.82µm
i_core_v_mini_mcu.ao_peripheral_subsystem_i.spi_subsystem_i.obi_spimemio_i.spimemio_i.config_do\[1\],34.82µm
i_core_v_mini_mcu.cpu_subsystem_i.cpu_0_0.rf_ram_i.memory\[141\]\[0\],34.82µm
i_core_v_mini_mcu.cpu_subsystem_i.cpu_1_0.rf_ram_i.memory\[470\]\[1\],34.82µm
i_core_v_mini_mcu.memory_subsystem_i.ram0_i.tc_ram_i.sram\[11\]\[5\],34.82µm
i_core_v_mini_mcu.memory_subsystem_i.ram0_i.tc_ram_i.sram\[16\]\[0\],34.82µm
i_core_v_mini_mcu.memory_subsystem_i.ram0_i.tc_ram_i.sram\[4\]\[1\],34.82µm
_02132_,34.77µm
_03837_,34.77µm
_07292_,34.77µm
_07817_,34.77µm
_07933_,34.77µm
_08032_,34.77µm
_08307_,34.77µm
_08444_,34.77µm
_11048_,34.77µm
_14576_,34.77µm
_15490_,34.77µm
_16164_,34.77µm
_16765_,34.77µm
_18104_,34.77µm
_19977_,34.77µm
_19979_,34.77µm
_20571_,34.77µm
_20656_,34.77µm
_21730_,34.77µm
_23487_,34.77µm
_23841_,34.77µm
_24954_,34.77µm
_25702_,34.77µm
_25751_,34.77µm
_25994_,34.77µm
_26092_,34.77µm
i_core_v_mini_mcu.ao_peripheral_subsystem_i.obi_fifo_i.consumer_data_req_q\[60\],34.77µm
i_core_v_mini_mcu.ao_peripheral_subsystem_i.tdu_i.cpi_est_q\[26\],34.77µm
i_core_v_mini_mcu.ao_peripheral_subsystem_i.tdu_i.task_mem\[5\]\[1\],34.77µm
i_core_v_mini_mcu.cpu_subsystem_i.cpu_0_0.i_servile.arbiter.i_wb_cpu_dbus_adr\[11\],34.77µm
i_core_v_mini_mcu.cpu_subsystem_i.cpu_0_0.rf_ram_i.memory\[158\]\[1\],34.77µm
i_core_v_mini_mcu.cpu_subsystem_i.cpu_1_0.rf_ram_i.memory\[16\]\[1\],34.77µm
i_core_v_mini_mcu.cpu_subsystem_i.cpu_1_0.rf_ram_i.memory\[328\]\[1\],34.77µm
i_core_v_mini_mcu.cpu_subsystem_i.cpu_1_0.rf_ram_i.memory\[355\]\[0\],34.77µm
i_core_v_mini_mcu.cpu_subsystem_i.cpu_1_0.rf_ram_i.memory\[375\]\[0\],34.77µm
i_core_v_mini_mcu.memory_subsystem_i.ram0_i.tc_ram_i.sram\[3\]\[3\],34.77µm
i_core_v_mini_mcu.memory_subsystem_i.ram0_i.tc_ram_i.sram\[4\]\[11\],34.77µm
i_core_v_mini_mcu.memory_subsystem_i.ram0_i.tc_ram_i.sram\[4\]\[27\],34.77µm
i_core_v_mini_mcu.peripheral_subsystem_i.periph_to_reg_i.r_rdata_d\[1\],34.77µm
_00358_,34.72µm
_07445_,34.72µm
_07488_,34.72µm
_08266_,34.72µm
_09935_,34.72µm
_10626_,34.72µm
_12623_,34.72µm
_12639_,34.72µm
_12701_,34.72µm
_12844_,34.72µm
_13528_,34.72µm
_14323_,34.72µm
_15339_,34.72µm
_19067_,34.72µm
_19486_,34.72µm
_20225_,34.72µm
_20566_,34.72µm
_21211_,34.72µm
_25276_,34.72µm
_25367_,34.72µm
_25388_,34.72µm
_25393_,34.72µm
_25447_,34.72µm
_25900_,34.72µm
i_core_v_mini_mcu.ao_peripheral_subsystem_i.obi_fifo_i.consumer_data_req\[19\],34.72µm
i_core_v_mini_mcu.ao_peripheral_subsystem_i.tdu_i.task_mem\[6\]\[0\],34.72µm
i_core_v_mini_mcu.cpu_subsystem_i.cpu_0_0.i_servile.cpu.immdec.gen_immdec_w_eq_1.imm11_7\[1\],34.72µm
i_core_v_mini_mcu.cpu_subsystem_i.cpu_1_0.rf_ram_i.memory\[18\]\[0\],34.72µm
i_core_v_mini_mcu.memory_subsystem_i.ram0_i.tc_ram_i.sram\[15\]\[14\],34.72µm
i_core_v_mini_mcu.memory_subsystem_i.ram0_i.tc_ram_i.sram\[29\]\[27\],34.72µm
i_core_v_mini_mcu.peripheral_subsystem_i.obi_fifo_i.consumer_resp_i\[8\],34.72µm
_15635_,34.51µm
_14621_,34.46µm
_14837_,34.46µm
_16724_,34.46µm
_15005_,34.41µm
_09175_,34.36µm
_14438_,34.36µm
_14675_,34.36µm
_16071_,34.36µm
_06507_,34.31µm
_09711_,34.31µm
_14421_,34.31µm
_14750_,34.31µm
_15569_,34.31µm
_17302_,34.31µm
_18208_,34.31µm
_23266_,34.31µm
i_core_v_mini_mcu.ao_peripheral_subsystem_i.tdu_i.task_mem\[4\]\[12\],34.31µm
i_core_v_mini_mcu.cpu_subsystem_i.cpu_0_0.i_servile.rf_ram_if.rtrig1,34.31µm
i_core_v_mini_mcu.memory_subsystem_i.ram0_i.rdata_o\[12\],34.31µm
_06279_,34.26µm
_07236_,34.26µm
_07341_,34.26µm
_08147_,34.26µm
_11076_,34.26µm
_13917_,34.26µm
_16447_,34.26µm
_16931_,34.26µm
_17882_,34.26µm
_17910_,34.26µm
_19360_,34.26µm
_19764_,34.26µm
_21156_,34.26µm
_22178_,34.26µm
exit_value_int\[30\],34.26µm
i_core_v_mini_mcu.ao_peripheral_subsystem_i.mosaic_clint_i.mtimecmp_q\[115\],34.26µm
i_core_v_mini_mcu.ao_peripheral_subsystem_i.mosaic_clint_i.mtimecmp_q\[48\],34.26µm
i_core_v_mini_mcu.ao_peripheral_subsystem_i.power_manager_i.memory_subsystem_banks_powergate_iso_n,34.26µm
i_core_v_mini_mcu.ao_peripheral_subsystem_i.power_manager_i.power_manager_reg_top_i.reg2hw\[244\],34.26µm
i_core_v_mini_mcu.ao_peripheral_subsystem_i.soc_ctrl_i.soc_ctrl_reg_top_i.system_frequency_hz_qs\[28\],34.26µm
i_core_v_mini_mcu.ao_peripheral_subsystem_i.tdu_i.task_mem\[2\]\[2\],34.26µm
i_core_v_mini_mcu.ao_peripheral_subsystem_i.tdu_i.task_mem\[7\]\[16\],34.26µm
i_core_v_mini_mcu.cpu_subsystem_i.cpu_0_0.rf_ram_i.memory\[239\]\[0\],34.26µm
i_core_v_mini_mcu.cpu_subsystem_i.cpu_0_0.rf_ram_i.memory\[384\]\[0\],34.26µm
i_core_v_mini_mcu.memory_subsystem_i.ram0_i.tc_ram_i.sram\[6\]\[21\],34.26µm
i_core_v_mini_mcu.peripheral_subsystem_i.uart_i.hw2reg\[11\],34.26µm
net559,34.26µm
_00192_,34.21µm
_04741_,34.21µm
_07177_,34.21µm
_07209_,34.21µm
_07315_,34.21µm
_08453_,34.21µm
_09077_,34.21µm
_10710_,34.21µm
_11299_,34.21µm
_11573_,34.21µm
_11656_,34.21µm
_11702_,34.21µm
_11928_,34.21µm
_12532_,34.21µm
_14776_,34.21µm
_15636_,34.21µm
_16920_,34.21µm
_17982_,34.21µm
_18894_,34.21µm
_23738_,34.21µm
_25201_,34.21µm
_25371_,34.21µm
_25615_,34.21µm
_25940_,34.21µm
_26597_,34.21µm
_27608_,34.21µm
_28188_,34.21µm
i_core_v_mini_mcu.ao_peripheral_subsystem_i.obi_fifo_i.obi_resp_fifo_i.status_cnt_q\[0\],34.21µm
i_core_v_mini_mcu.ao_peripheral_subsystem_i.tdu_i.task_mem\[7\]\[15\],34.21µm
i_core_v_mini_mcu.cpu_subsystem_i.cpu_0_0.i_servile.arbiter.i_wb_cpu_dbus_adr\[17\],34.21µm
i_core_v_mini_mcu.cpu_subsystem_i.cpu_0_0.rf_ram_i.memory\[234\]\[1\],34.21µm
i_core_v_mini_mcu.cpu_subsystem_i.cpu_0_0.rf_ram_i.memory\[408\]\[0\],34.21µm
i_core_v_mini_mcu.cpu_subsystem_i.cpu_0_0.rf_ram_i.memory\[420\]\[1\],34.21µm
i_core_v_mini_mcu.cpu_subsystem_i.cpu_0_0.rf_ram_i.memory\[431\]\[0\],34.21µm
i_core_v_mini_mcu.cpu_subsystem_i.cpu_1_0.rf_ram_i.memory\[138\]\[1\],34.21µm
_01173_,34.16µm
_05058_,34.16µm
_06361_,34.16µm
_07525_,34.16µm
_08118_,34.16µm
_09253_,34.16µm
_10175_,34.16µm
_11391_,34.16µm
_12739_,34.16µm
_13135_,34.16µm
_13392_,34.16µm
_13400_,34.16µm
_17183_,34.16µm
_18216_,34.16µm
_18312_,34.16µm
_18740_,34.16µm
_22128_,34.16µm
_23030_,34.16µm
_23364_,34.16µm
_23443_,34.16µm
_23570_,34.16µm
_24582_,34.16µm
_24894_,34.16µm
_25115_,34.16µm
_25309_,34.16µm
_25477_,34.16µm
_25881_,34.16µm
_26238_,34.16µm
_26416_,34.16µm
i_core_v_mini_mcu.ao_peripheral_subsystem_i.obi_fifo_i.consumer_data_req\[11\],34.16µm
i_core_v_mini_mcu.cpu_subsystem_i.cpu_0_0.rf_ram_i.memory\[192\]\[0\],34.16µm
i_core_v_mini_mcu.cpu_subsystem_i.cpu_0_0.rf_ram_i.memory\[226\]\[0\],34.16µm
i_core_v_mini_mcu.cpu_subsystem_i.cpu_0_0.rf_ram_i.memory\[226\]\[1\],34.16µm
i_core_v_mini_mcu.cpu_subsystem_i.cpu_0_0.rf_ram_i.memory\[381\]\[1\],34.16µm
i_core_v_mini_mcu.cpu_subsystem_i.cpu_0_0.rf_ram_i.memory\[402\]\[0\],34.16µm
i_core_v_mini_mcu.cpu_subsystem_i.cpu_1_0.rf_ram_i.memory\[27\]\[1\],34.16µm
i_core_v_mini_mcu.cpu_subsystem_i.cpu_1_0.rf_ram_i.memory\[342\]\[0\],34.16µm
i_core_v_mini_mcu.cpu_subsystem_i.cpu_1_0.rf_ram_i.memory\[371\]\[0\],34.16µm
i_core_v_mini_mcu.memory_subsystem_i.ram0_i.tc_ram_i.sram\[22\]\[1\],34.16µm
i_core_v_mini_mcu.peripheral_subsystem_i.uart_i.uart_core.allzero_cnt_q\[1\],34.16µm
i_core_v_mini_mcu.peripheral_subsystem_i.uart_i.uart_core.u_uart_txfifo.gen_normal_fifo.storage\[29\],34.16µm
i_core_v_mini_mcu.system_bus_i.system_xbar_i.gen_xbar_NtoM.i_xbar.gen_inputs\[1\].i_addr_dec_resp_mux.valid_inflight_q,34.16µm
i_core_v_mini_mcu.memory_subsystem_i.ram0_i.tc_ram_i.sram\[11\]\[16\],34.03µm
_15885_,33.98µm
_15127_,33.9µm
_17824_,33.85µm
_05414_,33.8µm
_09052_,33.8µm
_15110_,33.8µm
_15478_,33.8µm
_16376_,33.8µm
_16391_,33.8µm
_17023_,33.8µm
_17095_,33.8µm
_20309_,33.8µm
i_core_v_mini_mcu.memory_subsystem_i.ram0_i.tc_ram_i.sram\[7\]\[10\],33.785µm
_05542_,33.75µm
_06648_,33.75µm
_08449_,33.75µm
_14407_,33.75µm
_15484_,33.75µm
_16061_,33.75µm
_16149_,33.75µm
_16260_,33.75µm
_16281_,33.75µm
_17790_,33.75µm
_18119_,33.75µm
i_core_v_mini_mcu.ao_peripheral_subsystem_i.clint_mtime_o\[13\],33.75µm
i_core_v_mini_mcu.cpu_subsystem_i.cpu_0_0.rf_ram_i.memory\[307\]\[1\],33.75µm
i_core_v_mini_mcu.cpu_subsystem_i.cpu_0_0.rf_ram_i.memory\[429\]\[0\],33.75µm
i_core_v_mini_mcu.peripheral_subsystem_i.uart_i.uart_core.u_uart_txfifo.gen_normal_fifo.storage\[11\],33.75µm
_05706_,33.7µm
_06121_,33.7µm
_06258_,33.7µm
_08832_,33.7µm
_09262_,33.7µm
_09287_,33.7µm
_09320_,33.7µm
_09840_,33.7µm
_09992_,33.7µm
_13177_,33.7µm
_14633_,33.7µm
_15160_,33.7µm
_16155_,33.7µm
_17533_,33.7µm
_17703_,33.7µm
_17741_,33.7µm
_23003_,33.7µm
i_core_v_mini_mcu.ao_peripheral_subsystem_i.mosaic_clint_i.mtimecmp_q\[55\],33.7µm
i_core_v_mini_mcu.ao_peripheral_subsystem_i.power_manager_i.power_manager_reg_top_i.cpu_reset_deassert_counter_qs\[4\],33.7µm
i_core_v_mini_mcu.ao_peripheral_subsystem_i.tdu_i.cpi_est_q\[3\],33.7µm
i_core_v_mini_mcu.ao_peripheral_subsystem_i.tdu_i.task_mem\[0\]\[28\],33.7µm
i_core_v_mini_mcu.core_data_req\[77\],33.7µm
i_core_v_mini_mcu.cpu_subsystem_i.cpu_0_0.rf_ram_i.memory\[54\]\[1\],33.7µm
i_core_v_mini_mcu.cpu_subsystem_i.cpu_1_0.rf_ram_i.memory\[476\]\[0\],33.7µm
i_core_v_mini_mcu.memory_subsystem_i.ram0_i.tc_ram_i.sram\[31\]\[6\],33.7µm
i_core_v_mini_mcu.peripheral_subsystem_i.uart_i.uart_core.nco_sum_q\[1\],33.7µm
i_core_v_mini_mcu.peripheral_subsystem_i.uart_i.uart_core.rx_timeout_count_q\[20\],33.7µm
i_core_v_mini_mcu.peripheral_subsystem_i.uart_i.uart_core.uart_rx.baud_div_q\[0\],33.7µm
_05727_,33.65µm
_05783_,33.65µm
_06255_,33.65µm
_06484_,33.65µm
_07809_,33.65µm
_08042_,33.65µm
_09548_,33.65µm
_11574_,33.65µm
_11647_,33.65µm
_12004_,33.65µm
_12966_,33.65µm
_13975_,33.65µm
_16158_,33.65µm
_18070_,33.65µm
_18498_,33.65µm
_18663_,33.65µm
_20994_,33.65µm
_23553_,33.65µm
_23803_,33.65µm
_26557_,33.65µm
_27721_,33.65µm
i_core_v_mini_mcu.ao_peripheral_subsystem_i.power_manager_i.power_manager_reg_top_i.reg2hw\[252\],33.65µm
i_core_v_mini_mcu.ao_peripheral_subsystem_i.spi_subsystem_i.obi_spimemio_i.spimemio_i.buffer\[15\],33.65µm
i_core_v_mini_mcu.core_data_req\[84\],33.65µm
i_core_v_mini_mcu.cpu_subsystem_i.cpu_0_0.rf_ram_i.memory\[373\]\[0\],33.65µm
i_core_v_mini_mcu.cpu_subsystem_i.cpu_1_0.rf_ram_i.memory\[141\]\[1\],33.65µm
i_core_v_mini_mcu.cpu_subsystem_i.cpu_1_0.rf_ram_i.memory\[224\]\[1\],33.65µm
i_core_v_mini_mcu.memory_subsystem_i.ram0_i.tc_ram_i.sram\[11\]\[4\],33.65µm
i_core_v_mini_mcu.memory_subsystem_i.ram0_i.tc_ram_i.sram\[19\]\[16\],33.65µm
net7,33.65µm
_07705_,33.6µm
_08350_,33.6µm
_09783_,33.6µm
_10040_,33.6µm
_10050_,33.6µm
_10219_,33.6µm
_11844_,33.6µm
_13338_,33.6µm
_13440_,33.6µm
_13473_,33.6µm
_14208_,33.6µm
_14390_,33.6µm
_17101_,33.6µm
_17686_,33.6µm
_18459_,33.6µm
_18933_,33.6µm
_19193_,33.6µm
_19378_,33.6µm
_21000_,33.6µm
_24275_,33.6µm
_24382_,33.6µm
_25752_,33.6µm
_26916_,33.6µm
_27246_,33.6µm
i_core_v_mini_mcu.ao_peripheral_subsystem_i.obi_fifo_i.consumer_data_req\[30\],33.6µm
i_core_v_mini_mcu.ao_peripheral_subsystem_i.obi_fifo_i.consumer_data_req_q\[57\],33.6µm
i_core_v_mini_mcu.ao_peripheral_subsystem_i.power_manager_i.power_manager_counter_sequence_cpu_reset_i.sequence_curr_state\[5\],33.6µm
i_core_v_mini_mcu.ao_peripheral_subsystem_i.power_manager_i.power_manager_reg_top_i.cpu_reset_assert_counter_qs\[4\],33.6µm
i_core_v_mini_mcu.ao_peripheral_subsystem_i.power_manager_i.power_manager_reg_top_i.intr_state_qs\[30\],33.6µm
i_core_v_mini_mcu.ao_peripheral_subsystem_i.power_manager_i.power_manager_sequence_periph_iso_i.sequence_curr_state\[3\],33.6µm
i_core_v_mini_mcu.cpu_subsystem_i.cpu_1_0.rf_ram_i.memory\[154\]\[0\],33.6µm
i_core_v_mini_mcu.cpu_subsystem_i.cpu_1_0.rf_ram_i.memory\[307\]\[0\],33.6µm
i_core_v_mini_mcu.cpu_subsystem_i.cpu_1_0.rf_ram_i.memory\[345\]\[1\],33.6µm
i_core_v_mini_mcu.cpu_subsystem_i.cpu_1_0.rf_ram_i.memory\[398\]\[1\],33.6µm
i_core_v_mini_mcu.memory_subsystem_i.ram0_i.tc_ram_i.sram\[2\]\[10\],33.6µm
i_core_v_mini_mcu.peripheral_subsystem_i.uart_i.uart_core.u_uart_rxfifo.gen_normal_fifo.storage\[27\],33.6µm
i_core_v_mini_mcu.system_bus_i.system_xbar_i.gen_xbar_NtoM.i_xbar.gen_inputs\[3\].i_addr_dec_resp_mux.gen_several_outputs.bank_sel_q\[1\],33.6µm
i_core_v_mini_mcu.ao_peripheral_subsystem_i.mosaic_clint_i.mtimecmp_q\[102\],33.47µm
status_o[4],33.46µm
i_core_v_mini_mcu.ao_peripheral_subsystem_i.tdu_i.task_mem\[2\]\[23\],33.37µm
i_core_v_mini_mcu.memory_subsystem_i.ram0_i.tc_ram_i.sram\[28\]\[30\],33.37µm
_15552_,33.34µm
_05619_,33.32µm
i_core_v_mini_mcu.cpu_subsystem_i.cpu_1_0.rf_ram_i.memory\[331\]\[1\],33.32µm
_09665_,33.29µm
_15491_,33.29µm
_15949_,33.29µm
i_core_v_mini_mcu.memory_subsystem_i.ram0_i.tc_ram_i.sram\[20\]\[1\],33.29µm
_09331_,33.24µm
_14717_,33.24µm
_15410_,33.24µm
_17664_,33.24µm
i_core_v_mini_mcu.ao_peripheral_subsystem_i.tdu_i.active_hart_cycles_q\[24\],33.24µm
_06391_,33.19µm
_09177_,33.19µm
_09377_,33.19µm
_14453_,33.19µm
_14678_,33.19µm
_16068_,33.19µm
_16546_,33.19µm
_16672_,33.19µm
_17293_,33.19µm
_24014_,33.19µm
i_core_v_mini_mcu.ao_peripheral_subsystem_i.mosaic_clint_i.mtimecmp_q\[18\],33.19µm
i_core_v_mini_mcu.ao_peripheral_subsystem_i.power_manager_i.power_manager_reg_top_i.cpu_reset_deassert_counter_qs\[6\],33.19µm
i_core_v_mini_mcu.cpu_subsystem_i.cpu_1_0.rf_ram_i.memory\[26\]\[1\],33.19µm
i_core_v_mini_mcu.peripheral_subsystem_i.uart_i.hw2reg\[8\],33.19µm
_05940_,33.14µm
_06244_,33.14µm
_06371_,33.14µm
_06528_,33.14µm
_06758_,33.14µm
_06856_,33.14µm
_07813_,33.14µm
_08744_,33.14µm
_14865_,33.14µm
_15371_,33.14µm
_15546_,33.14µm
_15946_,33.14µm
_16704_,33.14µm
_17667_,33.14µm
_19311_,33.14µm
_19328_,33.14µm
_20536_,33.14µm
_22383_,33.14µm
_24023_,33.14µm
_24309_,33.14µm
i_core_v_mini_mcu.ao_peripheral_subsystem_i.mosaic_clint_i.mtimecmp_q\[73\],33.14µm
i_core_v_mini_mcu.ao_peripheral_subsystem_i.spi_subsystem_i.obi_spimemio_i.spimemio_i.rd_addr\[22\],33.14µm
i_core_v_mini_mcu.ao_peripheral_subsystem_i.tdu_i.task_mem\[3\]\[4\],33.14µm
i_core_v_mini_mcu.cpu_subsystem_i.cpu_0_0.rf_ram_i.memory\[470\]\[0\],33.14µm
i_core_v_mini_mcu.cpu_subsystem_i.cpu_0_0.rf_ram_i.memory\[545\]\[0\],33.14µm
i_core_v_mini_mcu.cpu_subsystem_i.cpu_1_0.i_servile.cpu.immdec.gen_immdec_w_eq_1.imm19_12_20\[2\],33.14µm
i_core_v_mini_mcu.cpu_subsystem_i.cpu_1_0.rf_ram_i.memory\[353\]\[0\],33.14µm
i_core_v_mini_mcu.cpu_subsystem_i.cpu_1_0.rf_ram_i.memory\[368\]\[0\],33.14µm
i_core_v_mini_mcu.cpu_subsystem_i.cpu_1_0.rf_ram_i.memory\[410\]\[0\],33.14µm
i_core_v_mini_mcu.memory_subsystem_i.ram0_i.tc_ram_i.sram\[10\]\[4\],33.14µm
i_core_v_mini_mcu.memory_subsystem_i.ram0_i.tc_ram_i.sram\[3\]\[5\],33.14µm
_10190_,33.1µm
_05460_,33.09µm
_05756_,33.09µm
_06322_,33.09µm
_06775_,33.09µm
_07128_,33.09µm
_07289_,33.09µm
_07597_,33.09µm
_08299_,33.09µm
_08400_,33.09µm
_11452_,33.09µm
_11636_,33.09µm
_11877_,33.09µm
_11903_,33.09µm
_12165_,33.09µm
_12265_,33.09µm
_12937_,33.09µm
_15419_,33.09µm
_17961_,33.09µm
_18285_,33.09µm
_21063_,33.09µm
_21426_,33.09µm
_22348_,33.09µm
_22796_,33.09µm
_23760_,33.09µm
_24968_,33.09µm
_25111_,33.09µm
_25619_,33.09µm
_25670_,33.09µm
_25939_,33.09µm
_26610_,33.09µm
_28448_,33.09µm
i_core_v_mini_mcu.ao_peripheral_subsystem_i.obi_fifo_i.consumer_data_req\[51\],33.09µm
i_core_v_mini_mcu.ao_peripheral_subsystem_i.power_manager_i.power_manager_reg_top_i.cpu_counters_stop_cpu_reset_assert_stop_bit_counter_qs,33.09µm
i_core_v_mini_mcu.ao_peripheral_subsystem_i.power_manager_i.power_manager_reg_top_i.reg2hw\[237\],33.09µm
i_core_v_mini_mcu.ao_peripheral_subsystem_i.soc_ctrl_i.reg2hw\[30\],33.09µm
i_core_v_mini_mcu.ao_peripheral_subsystem_i.tdu_i.cpi_est_q\[17\],33.09µm
i_core_v_mini_mcu.ao_peripheral_subsystem_i.tdu_i.task_mem\[1\]\[9\],33.09µm
i_core_v_mini_mcu.cpu_subsystem_i.cpu_0_0.rf_ram_i.memory\[258\]\[0\],33.09µm
i_core_v_mini_mcu.cpu_subsystem_i.cpu_0_0.rf_ram_i.memory\[506\]\[0\],33.09µm
i_core_v_mini_mcu.cpu_subsystem_i.cpu_1_0.i_servile.cpu.immdec.gen_immdec_w_eq_1.imm30_25\[3\],33.09µm
i_core_v_mini_mcu.cpu_subsystem_i.cpu_1_0.rf_ram_i.memory\[399\]\[0\],33.09µm
i_core_v_mini_mcu.memory_subsystem_i.ram0_i.tc_ram_i.sram\[2\]\[2\],33.09µm
i_core_v_mini_mcu.peripheral_subsystem_i.obi_fifo_i.obi_req_fifo_i.status_cnt_q\[1\],33.09µm
_06636_,33.04µm
_06677_,33.04µm
_07522_,33.04µm
_08146_,33.04µm
_11263_,33.04µm
_12262_,33.04µm
_12456_,33.04µm
_13090_,33.04µm
_15581_,33.04µm
_18193_,33.04µm
_18465_,33.04µm
_18471_,33.04µm
_18705_,33.04µm
_18932_,33.04µm
_19815_,33.04µm
_20178_,33.04µm
_20584_,33.04µm
_22356_,33.04µm
_22477_,33.04µm
_24071_,33.04µm
_24493_,33.04µm
_24792_,33.04µm
_24909_,33.04µm
_25007_,33.04µm
_25026_,33.04µm
_25030_,33.04µm
_25136_,33.04µm
_25146_,33.04µm
_25279_,33.04µm
_25396_,33.04µm
_25397_,33.04µm
_25499_,33.04µm
_26674_,33.04µm
_26912_,33.04µm
_26940_,33.04µm
_27628_,33.04µm
i_core_v_mini_mcu.ao_peripheral_subsystem_i.tdu_i.task_mem\[7\]\[26\],33.04µm
i_core_v_mini_mcu.cpu_subsystem_i.cpu_0_0.rf_ram_i.memory\[311\]\[0\],33.04µm
i_core_v_mini_mcu.cpu_subsystem_i.cpu_0_0.rf_ram_i.memory\[474\]\[1\],33.04µm
i_core_v_mini_mcu.cpu_subsystem_i.cpu_0_0.rf_ram_i.memory\[495\]\[1\],33.04µm
i_core_v_mini_mcu.cpu_subsystem_i.cpu_0_0.rf_ram_i.memory\[92\]\[1\],33.04µm
i_core_v_mini_mcu.cpu_subsystem_i.cpu_1_0.rf_ram_i.memory\[299\]\[1\],33.04µm
i_core_v_mini_mcu.cpu_subsystem_i.cpu_1_0.rf_ram_i.memory\[444\]\[1\],33.04µm
i_core_v_mini_mcu.memory_subsystem_i.ram0_i.tc_ram_i.sram\[21\]\[22\],33.04µm
i_core_v_mini_mcu.memory_subsystem_i.ram0_i.tc_ram_i.sram\[30\]\[18\],33.04µm
i_core_v_mini_mcu.peripheral_subsystem_i.uart_i.uart_core.u_uart_txfifo.gen_normal_fifo.fifo_rptr\[1\],33.04µm
i_core_v_mini_mcu.cpu_subsystem_i.cpu_0_0.rf_ram_i.memory\[74\]\[1\],32.86µm
exit_value_int\[12\],32.81µm
i_core_v_mini_mcu.ao_peripheral_subsystem_i.tdu_i.cpi_est_q\[52\],32.81µm
_14746_,32.78µm
_15686_,32.78µm
i_core_v_mini_mcu.cpu_subsystem_i.cpu_0_0.rf_ram_i.memory\[551\]\[0\],32.76µm
_15041_,32.73µm
_08790_,32.68µm
_16521_,32.68µm
_17230_,32.68µm
net593,32.68µm
_05732_,32.63µm
_06357_,32.63µm
_06761_,32.63µm
_14610_,32.63µm
_15077_,32.63µm
_16065_,32.63µm
_16382_,32.63µm
_16897_,32.63µm
_17259_,32.63µm
i_core_v_mini_mcu.ao_peripheral_subsystem_i.soc_ctrl_i.soc_ctrl_reg_top_i.system_frequency_hz_qs\[14\],32.63µm
i_core_v_mini_mcu.cpu_subsystem_i.cpu_0_0.i_servile.cpu.ctrl.o_ibus_adr\[2\],32.63µm
i_core_v_mini_mcu.peripheral_subsystem_i.uart_i.uart_core.nco_sum_q\[8\],32.63µm
i_core_v_mini_mcu.peripheral_subsystem_i.uart_i.uart_core.rx_timeout_count_q\[5\],32.63µm
_06183_,32.58µm
_06621_,32.58µm
_08051_,32.58µm
_09279_,32.58µm
_11376_,32.58µm
_14783_,32.58µm
_14790_,32.58µm
_15794_,32.58µm
_16515_,32.58µm
_17217_,32.58µm
_17649_,32.58µm
_20128_,32.58µm
_23725_,32.58µm
_25099_,32.58µm
_27052_,32.58µm
i_core_v_mini_mcu.ao_peripheral_subsystem_i.tdu_i.task_mem\[3\]\[9\],32.58µm
i_core_v_mini_mcu.ao_peripheral_subsystem_i.tdu_i.task_mem\[7\]\[0\],32.58µm
i_core_v_mini_mcu.core_data_req\[87\],32.58µm
i_core_v_mini_mcu.cpu_subsystem_i.cpu_0_0.i_servile.cpu.bufreg2.i_bytecnt\[0\],32.58µm
i_core_v_mini_mcu.cpu_subsystem_i.cpu_0_0.rf_ram_i.memory\[524\]\[0\],32.58µm
i_core_v_mini_mcu.cpu_subsystem_i.cpu_1_0.i_servile.cpu.bufreg2.i_bytecnt\[0\],32.58µm
i_core_v_mini_mcu.cpu_subsystem_i.cpu_1_0.rf_ram_i.memory\[146\]\[0\],32.58µm
i_core_v_mini_mcu.cpu_subsystem_i.cpu_1_0.rf_ram_i.memory\[153\]\[0\],32.58µm
i_core_v_mini_mcu.cpu_subsystem_i.cpu_1_0.rf_ram_i.memory\[186\]\[0\],32.58µm
i_core_v_mini_mcu.cpu_subsystem_i.cpu_1_0.rf_ram_i.memory\[51\]\[1\],32.58µm
i_core_v_mini_mcu.memory_subsystem_i.ram0_i.tc_ram_i.sram\[18\]\[27\],32.58µm
i_core_v_mini_mcu.memory_subsystem_i.ram0_i.tc_ram_i.sram\[21\]\[7\],32.58µm
i_core_v_mini_mcu.memory_subsystem_i.ram0_i.tc_ram_i.sram\[5\]\[24\],32.58µm
i_core_v_mini_mcu.peripheral_subsystem_i.obi_fifo_i.consumer_data_req_q\[34\],32.58µm
i_core_v_mini_mcu.peripheral_subsystem_i.uart_i.reg2hw\[19\],32.58µm
_00348_,32.53µm
_05747_,32.53µm
_07285_,32.53µm
_08581_,32.53µm
_08759_,32.53µm
_10284_,32.53µm
_11277_,32.53µm
_12443_,32.53µm
_12865_,32.53µm
_13742_,32.53µm
_15611_,32.53µm
_15856_,32.53µm
_20713_,32.53µm
_21003_,32.53µm
_21782_,32.53µm
_21904_,32.53µm
_23057_,32.53µm
_24184_,32.53µm
_24240_,32.53µm
_24380_,32.53µm
_24610_,32.53µm
_25305_,32.53µm
_25341_,32.53µm
_25474_,32.53µm
_25680_,32.53µm
_26005_,32.53µm
_27016_,32.53µm
_27443_,32.53µm
_27729_,32.53µm
i_core_v_mini_mcu.ao_peripheral_subsystem_i.power_manager_i.power_manager_reg_top_i.master_cpu_force_iso_on_qs,32.53µm
i_core_v_mini_mcu.ao_peripheral_subsystem_i.spi_subsystem_i.obi_spimemio_i.spimemio_i.xfer.count\[2\],32.53µm
i_core_v_mini_mcu.ao_peripheral_subsystem_i.tdu_i.task_mem\[3\]\[5\],32.53µm
i_core_v_mini_mcu.cpu_subsystem_i.cpu_0_0.rf_ram_i.memory\[26\]\[1\],32.53µm
i_core_v_mini_mcu.cpu_subsystem_i.cpu_1_0.rf_ram_i.memory\[160\]\[0\],32.53µm
i_core_v_mini_mcu.cpu_subsystem_i.cpu_1_0.rf_ram_i.memory\[28\]\[0\],32.53µm
i_core_v_mini_mcu.cpu_subsystem_i.cpu_1_0.rf_ram_i.memory\[49\]\[1\],32.53µm
i_core_v_mini_mcu.cpu_subsystem_i.cpu_1_0.rf_ram_i.memory\[4\]\[1\],32.53µm
i_core_v_mini_mcu.memory_subsystem_i.ram0_i.tc_ram_i.sram\[29\]\[31\],32.53µm
i_core_v_mini_mcu.memory_subsystem_i.ram0_i.tc_ram_i.sram\[30\]\[31\],32.53µm
i_core_v_mini_mcu.memory_subsystem_i.ram0_i.tc_ram_i.sram\[9\]\[13\],32.53µm
i_core_v_mini_mcu.peripheral_subsystem_i.obi_fifo_i.consumer_resp_i\[17\],32.53µm
_06331_,32.48µm
_07145_,32.48µm
_08237_,32.48µm
_08712_,32.48µm
_09211_,32.48µm
_10677_,32.48µm
_12184_,32.48µm
_14820_,32.48µm
_14927_,32.48µm
_15963_,32.48µm
_18723_,32.48µm
_21056_,32.48µm
_24964_,32.48µm
_24990_,32.48µm
_24993_,32.48µm
_25466_,32.48µm
_27101_,32.48µm
_27189_,32.48µm
_27750_,32.48µm
i_core_v_mini_mcu.ao_peripheral_subsystem_i.obi_fifo_i.consumer_resp_i\[6\],32.48µm
i_core_v_mini_mcu.ao_peripheral_subsystem_i.periph_to_reg_i.r_rdata_d\[27\],32.48µm
i_core_v_mini_mcu.ao_peripheral_subsystem_i.tdu_i.task_mem\[2\]\[5\],32.48µm
i_core_v_mini_mcu.ao_peripheral_subsystem_i.tdu_i.task_mem\[6\]\[3\],32.48µm
i_core_v_mini_mcu.ao_peripheral_subsystem_i.tdu_i.task_mem\[7\]\[7\],32.48µm
i_core_v_mini_mcu.cpu_subsystem_i.cpu_0_0.rf_ram_i.memory\[211\]\[1\],32.48µm
i_core_v_mini_mcu.cpu_subsystem_i.cpu_0_0.rf_ram_i.memory\[328\]\[1\],32.48µm
i_core_v_mini_mcu.cpu_subsystem_i.cpu_1_0.rf_ram_i.memory\[330\]\[0\],32.48µm
i_core_v_mini_mcu.cpu_subsystem_i.cpu_1_0.rf_ram_i.memory\[423\]\[1\],32.48µm
i_core_v_mini_mcu.memory_subsystem_i.ram0_i.tc_ram_i.sram\[13\]\[15\],32.48µm
i_core_v_mini_mcu.memory_subsystem_i.ram0_i.tc_ram_i.sram\[19\]\[30\],32.48µm
i_core_v_mini_mcu.memory_subsystem_i.ram0_i.tc_ram_i.sram\[31\]\[18\],32.48µm
i_core_v_mini_mcu.memory_subsystem_i.ram0_i.tc_ram_i.sram\[8\]\[6\],32.48µm
i_core_v_mini_mcu.ao_peripheral_subsystem_i.spi_subsystem_i.obi_spimemio_i.spimemio_i.rd_addr\[15\],32.35µm
_13860_,32.3µm
i_core_v_mini_mcu.ao_peripheral_subsystem_i.tdu_i.task_mem\[1\]\[27\],32.25µm
i_core_v_mini_mcu.memory_subsystem_i.ram0_i.tc_ram_i.sram\[7\]\[0\],32.25µm
_15391_,32.22µm
_16091_,32.17µm
_16238_,32.17µm
_17167_,32.17µm
_06299_,32.12µm
_14740_,32.12µm
_16191_,32.12µm
_16623_,32.12µm
_17340_,32.12µm
_17591_,32.12µm
_27690_,32.12µm
i_core_v_mini_mcu.ao_peripheral_subsystem_i.tdu_i.task_mem\[0\]\[10\],32.12µm
boot_select_i,32.08µm
_06017_,32.07µm
_07370_,32.07µm
_07405_,32.07µm
_09212_,32.07µm
_09234_,32.07µm
_14376_,32.07µm
_14724_,32.07µm
_14913_,32.07µm
_15015_,32.07µm
_16407_,32.07µm
_16997_,32.07µm
_17029_,32.07µm
_17287_,32.07µm
_17493_,32.07µm
_28442_,32.07µm
i_core_v_mini_mcu.ao_peripheral_subsystem_i.obi_fifo_i.consumer_data_req\[20\],32.07µm
i_core_v_mini_mcu.ao_peripheral_subsystem_i.power_manager_i.cpu_subsystem_powergate_iso_n,32.07µm
i_core_v_mini_mcu.ao_peripheral_subsystem_i.tdu_i.wr_ptr_q\[0\],32.07µm
i_core_v_mini_mcu.cpu_subsystem_i.cpu_0_0.rf_ram_i.memory\[236\]\[0\],32.07µm
i_core_v_mini_mcu.peripheral_subsystem_i.uart_i.uart_core.uart_rx.bit_cnt_q\[2\],32.07µm
i_core_v_mini_mcu.peripheral_subsystem_i.uart_i.uart_core.uart_tx.baud_div_q\[0\],32.07µm
_05463_,32.02µm
_05507_,32.02µm
_06394_,32.02µm
_07361_,32.02µm
_07381_,32.02µm
_08857_,32.02µm
_10559_,32.02µm
_10847_,32.02µm
_10894_,32.02µm
_12677_,32.02µm
_17299_,32.02µm
_21514_,32.02µm
_22077_,32.02µm
_22325_,32.02µm
i_core_v_mini_mcu.ao_peripheral_subsystem_i.mosaic_clint_i.mtimecmp_q\[104\],32.02µm
i_core_v_mini_mcu.ao_peripheral_subsystem_i.tdu_i.active_hart_cycles_q\[9\],32.02µm
i_core_v_mini_mcu.cpu_subsystem_i.cpu_0_0.i_servile.cpu.decode.o_immdec_en\[0\],32.02µm
i_core_v_mini_mcu.cpu_subsystem_i.cpu_0_0.rf_ram_i.memory\[124\]\[1\],32.02µm
i_core_v_mini_mcu.cpu_subsystem_i.cpu_0_0.rf_ram_i.memory\[235\]\[1\],32.02µm
i_core_v_mini_mcu.cpu_subsystem_i.cpu_0_0.rf_ram_i.memory\[45\]\[1\],32.02µm
i_core_v_mini_mcu.cpu_subsystem_i.cpu_1_0.i_servile.arbiter.i_wb_cpu_ibus_adr\[17\],32.02µm
i_core_v_mini_mcu.cpu_subsystem_i.cpu_1_0.i_servile.cpu.o_wdata0,32.02µm
i_core_v_mini_mcu.cpu_subsystem_i.cpu_1_0.rf_ram_i.memory\[274\]\[0\],32.02µm
i_core_v_mini_mcu.memory_subsystem_i.ram0_i.tc_ram_i.sram\[13\]\[29\],32.02µm
i_core_v_mini_mcu.memory_subsystem_i.ram0_i.tc_ram_i.sram\[15\]\[31\],32.02µm
i_core_v_mini_mcu.memory_subsystem_i.ram0_i.tc_ram_i.sram\[7\]\[14\],32.02µm
i_core_v_mini_mcu.memory_subsystem_i.ram0_i.tc_ram_i.sram\[9\]\[11\],32.02µm
net643,32.02µm
_04068_,31.97µm
_07862_,31.97µm
_07998_,31.97µm
_08202_,31.97µm
_08650_,31.97µm
_11405_,31.97µm
_13774_,31.97µm
_14127_,31.97µm
_16001_,31.97µm
_16298_,31.97µm
_17058_,31.97µm
_17061_,31.97µm
_17428_,31.97µm
_18044_,31.97µm
_20573_,31.97µm
_21263_,31.97µm
_21834_,31.97µm
_23584_,31.97µm
_24926_,31.97µm
_25442_,31.97µm
_25646_,31.97µm
_26151_,31.97µm
_26673_,31.97µm
_27176_,31.97µm
_27587_,31.97µm
_27992_,31.97µm
i_core_v_mini_mcu.ao_peripheral_subsystem_i.power_manager_i.cpu_subsystem_rst_n,31.97µm
i_core_v_mini_mcu.ao_peripheral_subsystem_i.power_manager_i.power_manager_sequence_periph_reset_i.sequence_curr_state\[3\],31.97µm
i_core_v_mini_mcu.ao_peripheral_subsystem_i.spi_subsystem_i.obi_spimemio_i.obi_to_picorv32_i.picorv32_resp_i\[28\],31.97µm
i_core_v_mini_mcu.ao_peripheral_subsystem_i.spi_subsystem_i.obi_spimemio_i.spimemio_i.rd_addr\[13\],31.97µm
i_core_v_mini_mcu.cpu_subsystem_i.cpu_0_0.rf_ram_i.memory\[209\]\[0\],31.97µm
i_core_v_mini_mcu.cpu_subsystem_i.cpu_0_0.rf_ram_i.memory\[224\]\[0\],31.97µm
i_core_v_mini_mcu.cpu_subsystem_i.cpu_0_0.rf_ram_i.memory\[237\]\[1\],31.97µm
i_core_v_mini_mcu.cpu_subsystem_i.cpu_0_0.rf_ram_i.memory\[270\]\[0\],31.97µm
i_core_v_mini_mcu.cpu_subsystem_i.cpu_0_0.rf_ram_i.memory\[472\]\[1\],31.97µm
i_core_v_mini_mcu.memory_subsystem_i.ram0_i.tc_ram_i.sram\[14\]\[31\],31.97µm
i_core_v_mini_mcu.memory_subsystem_i.ram0_i.tc_ram_i.sram\[31\]\[28\],31.97µm
i_core_v_mini_mcu.peripheral_subsystem_i.uart_i.uart_core.rx_timeout_count_q\[3\],31.97µm
_05946_,31.92µm
_06062_,31.92µm
_06618_,31.92µm
_07257_,31.92µm
_07745_,31.92µm
_10070_,31.92µm
_11461_,31.92µm
_12044_,31.92µm
_12570_,31.92µm
_12794_,31.92µm
_12895_,31.92µm
_12955_,31.92µm
_13116_,31.92µm
_14571_,31.92µm
_14979_,31.92µm
_15940_,31.92µm
_19001_,31.92µm
_21093_,31.92µm
_21244_,31.92µm
_22132_,31.92µm
_22595_,31.92µm
_23847_,31.92µm
_24812_,31.92µm
_26769_,31.92µm
_26775_,31.92µm
_27440_,31.92µm
_28265_,31.92µm
exit_value_int\[28\],31.92µm
i_core_v_mini_mcu.ao_peripheral_subsystem_i.periph_to_reg_i.r_rdata_d\[25\],31.92µm
i_core_v_mini_mcu.ao_peripheral_subsystem_i.tdu_i.task_mem\[4\]\[31\],31.92µm
i_core_v_mini_mcu.cpu_subsystem_i.cpu_1_0.rf_ram_i.memory\[125\]\[0\],31.92µm
i_core_v_mini_mcu.cpu_subsystem_i.cpu_1_0.rf_ram_i.memory\[295\]\[1\],31.92µm
status_o[1],31.78µm
status_o[3],31.78µm
i_core_v_mini_mcu.cpu_subsystem_i.cpu_1_0.rf_ram_i.memory\[475\]\[0\],31.74µm
i_core_v_mini_mcu.cpu_subsystem_i.cpu_0_0.rf_ram_i.memory\[221\]\[0\],31.69µm
i_core_v_mini_mcu.cpu_subsystem_i.cpu_1_0.rf_ram_i.memory\[94\]\[1\],31.69µm
_15298_,31.66µm
i_core_v_mini_mcu.ao_peripheral_subsystem_i.obi_fifo_i.consumer_data_req_q\[23\],31.64µm
i_core_v_mini_mcu.cpu_subsystem_i.cpu_0_0.rf_ram_i.memory\[40\]\[0\],31.64µm
_06201_,31.61µm
_15195_,31.56µm
_15307_,31.56µm
_15820_,31.56µm
_16394_,31.56µm
_17331_,31.56µm
i_core_v_mini_mcu.ao_peripheral_subsystem_i.mosaic_clint_i.mtimecmp_q\[67\],31.56µm
_06876_,31.51µm
_07116_,31.51µm
_09917_,31.51µm
_15210_,31.51µm
_16007_,31.51µm
_16749_,31.51µm
_17681_,31.51µm
_17764_,31.51µm
i_core_v_mini_mcu.ao_peripheral_subsystem_i.mosaic_clint_i.mtimecmp_q\[112\],31.51µm
i_core_v_mini_mcu.ao_peripheral_subsystem_i.mosaic_clint_i.mtimecmp_q\[33\],31.51µm
i_core_v_mini_mcu.peripheral_subsystem_i.uart_i.uart_core.nco_sum_q\[15\],31.51µm
_05916_,31.46µm
_08667_,31.46µm
_08676_,31.46µm
_09655_,31.46µm
_09954_,31.46µm
_10295_,31.46µm
_10350_,31.46µm
_11265_,31.46µm
_12548_,31.46µm
_12763_,31.46µm
_13976_,31.46µm
_14030_,31.46µm
_14411_,31.46µm
_14907_,31.46µm
_15146_,31.46µm
_15901_,31.46µm
_16140_,31.46µm
_17066_,31.46µm
_17617_,31.46µm
_17661_,31.46µm
_20184_,31.46µm
_20755_,31.46µm
_21200_,31.46µm
_21766_,31.46µm
_22419_,31.46µm
_24285_,31.46µm
_26046_,31.46µm
_27262_,31.46µm
i_core_v_mini_mcu.ao_peripheral_subsystem_i.power_manager_i.power_manager_reg_top_i.global_pointer_qs\[26\],31.46µm
i_core_v_mini_mcu.cpu_subsystem_i.cpu_0_0.rf_ram_i.memory\[224\]\[1\],31.46µm
i_core_v_mini_mcu.cpu_subsystem_i.cpu_0_0.rf_ram_i.memory\[391\]\[0\],31.46µm
i_core_v_mini_mcu.cpu_subsystem_i.cpu_0_0.rf_ram_i.memory\[480\]\[1\],31.46µm
i_core_v_mini_mcu.memory_subsystem_i.ram0_i.rdata_o\[11\],31.46µm
i_core_v_mini_mcu.memory_subsystem_i.ram0_i.tc_ram_i.sram\[21\]\[20\],31.46µm
i_core_v_mini_mcu.memory_subsystem_i.ram0_i.tc_ram_i.sram\[23\]\[14\],31.46µm
i_core_v_mini_mcu.memory_subsystem_i.ram0_i.tc_ram_i.sram\[5\]\[6\],31.46µm
i_core_v_mini_mcu.peripheral_subsystem_i.uart_i.hw2reg\[18\],31.46µm
i_core_v_mini_mcu.peripheral_subsystem_i.uart_i.reg2hw\[21\],31.46µm
i_core_v_mini_mcu.peripheral_subsystem_i.uart_i.uart_core.nco_sum_q\[2\],31.46µm
_00077_,31.41µm
_05812_,31.41µm
_06445_,31.41µm
_06545_,31.41µm
_06909_,31.41µm
_07550_,31.41µm
_07953_,31.41µm
_09380_,31.41µm
_09978_,31.41µm
_10875_,31.41µm
_13604_,31.41µm
_14548_,31.41µm
_15467_,31.41µm
_16166_,31.41µm
_16965_,31.41µm
_18053_,31.41µm
_19964_,31.41µm
_23684_,31.41µm
_24806_,31.41µm
_24816_,31.41µm
_24880_,31.41µm
_24935_,31.41µm
_25592_,31.41µm
_25821_,31.41µm
_27182_,31.41µm
_27192_,31.41µm
i_core_v_mini_mcu.ao_peripheral_subsystem_i.power_manager_i.power_manager_reg_top_i.cpu_switch_off_counter_qs\[6\],31.41µm
i_core_v_mini_mcu.ao_peripheral_subsystem_i.power_manager_i.power_manager_reg_top_i.reg2hw\[242\],31.41µm
i_core_v_mini_mcu.ao_peripheral_subsystem_i.soc_ctrl_i.soc_ctrl_reg_top_i.system_frequency_hz_qs\[31\],31.41µm
i_core_v_mini_mcu.core_data_req\[89\],31.41µm
i_core_v_mini_mcu.cpu_subsystem_i.cpu_0_0.rf_ram_i.memory\[109\]\[1\],31.41µm
i_core_v_mini_mcu.cpu_subsystem_i.cpu_0_0.rf_ram_i.memory\[237\]\[0\],31.41µm
i_core_v_mini_mcu.cpu_subsystem_i.cpu_0_0.rf_ram_i.memory\[262\]\[1\],31.41µm
i_core_v_mini_mcu.cpu_subsystem_i.cpu_0_0.rf_ram_i.memory\[462\]\[0\],31.41µm
i_core_v_mini_mcu.cpu_subsystem_i.cpu_0_0.rf_ram_i.memory\[72\]\[1\],31.41µm
i_core_v_mini_mcu.cpu_subsystem_i.cpu_0_0.rf_ram_i.memory\[88\]\[0\],31.41µm
i_core_v_mini_mcu.cpu_subsystem_i.cpu_1_0.rf_ram_i.memory\[235\]\[1\],31.41µm
i_core_v_mini_mcu.memory_subsystem_i.ram0_i.tc_ram_i.sram\[10\]\[2\],31.41µm
i_core_v_mini_mcu.memory_subsystem_i.ram0_i.tc_ram_i.sram\[16\]\[19\],31.41µm
i_core_v_mini_mcu.memory_subsystem_i.ram0_i.tc_ram_i.sram\[30\]\[25\],31.41µm
i_core_v_mini_mcu.memory_subsystem_i.ram0_i.tc_ram_i.sram\[30\]\[27\],31.41µm
i_core_v_mini_mcu.peripheral_subsystem_i.uart_i.uart_core.nco_sum_q\[9\],31.41µm
i_core_v_mini_mcu.peripheral_subsystem_i.uart_i.uart_core.u_uart_txfifo.gen_normal_fifo.storage\[31\],31.41µm
net1649,31.41µm
_00371_,31.36µm
_03997_,31.36µm
_05272_,31.36µm
_06526_,31.36µm
_07129_,31.36µm
_07165_,31.36µm
_07782_,31.36µm
_07828_,31.36µm
_08156_,31.36µm
_11047_,31.36µm
_11371_,31.36µm
_11778_,31.36µm
_12586_,31.36µm
_13325_,31.36µm
_13509_,31.36µm
_13553_,31.36µm
_14224_,31.36µm
_14815_,31.36µm
_17942_,31.36µm
_18729_,31.36µm
_20843_,31.36µm
_21966_,31.36µm
_23644_,31.36µm
_24440_,31.36µm
_24767_,31.36µm
_25278_,31.36µm
_25342_,31.36µm
_25609_,31.36µm
_25984_,31.36µm
_26250_,31.36µm
_27045_,31.36µm
_27107_,31.36µm
i_core_v_mini_mcu.ao_peripheral_subsystem_i.spi_subsystem_i.obi_spimemio_i.spimemio_i.state\[6\],31.36µm
i_core_v_mini_mcu.ao_peripheral_subsystem_i.tdu_i.cpi_est_q\[27\],31.36µm
i_core_v_mini_mcu.cpu_subsystem_i.cpu_0_0.rf_ram_i.memory\[189\]\[0\],31.36µm
i_core_v_mini_mcu.cpu_subsystem_i.cpu_0_0.rf_ram_i.memory\[214\]\[0\],31.36µm
i_core_v_mini_mcu.cpu_subsystem_i.cpu_0_0.rf_ram_i.memory\[230\]\[0\],31.36µm
i_core_v_mini_mcu.cpu_subsystem_i.cpu_0_0.rf_ram_i.memory\[394\]\[0\],31.36µm
i_core_v_mini_mcu.cpu_subsystem_i.cpu_0_0.rf_ram_i.memory\[430\]\[0\],31.36µm
i_core_v_mini_mcu.cpu_subsystem_i.cpu_1_0.rf_ram_i.memory\[223\]\[1\],31.36µm
i_core_v_mini_mcu.cpu_subsystem_i.cpu_1_0.rf_ram_i.memory\[264\]\[0\],31.36µm
i_core_v_mini_mcu.cpu_subsystem_i.cpu_1_0.rf_ram_i.memory\[501\]\[0\],31.36µm
i_core_v_mini_mcu.memory_subsystem_i.ram0_i.tc_ram_i.sram\[12\]\[20\],31.36µm
i_core_v_mini_mcu.memory_subsystem_i.ram0_i.tc_ram_i.sram\[23\]\[21\],31.36µm
i_core_v_mini_mcu.memory_subsystem_i.ram0_i.tc_ram_i.sram\[6\]\[0\],31.36µm
i_core_v_mini_mcu.peripheral_subsystem_i.obi_fifo_i.consumer_resp_i\[14\],31.36µm
i_core_v_mini_mcu.peripheral_subsystem_i.uart_i.reg2hw\[44\],31.36µm
_09125_,31.18µm
i_core_v_mini_mcu.memory_subsystem_i.ram0_i.tc_ram_i.sram\[12\]\[4\],31.18µm
_14993_,31.15µm
i_core_v_mini_mcu.ao_peripheral_subsystem_i.soc_ctrl_i.reg2hw\[24\],31.13µm
i_core_v_mini_mcu.cpu_subsystem_i.cpu_1_0.rf_ram_i.memory\[230\]\[1\],31.13µm
_16917_,31.05µm
_18027_,31.05µm
_18116_,31.05µm
_08765_,31µm
_08923_,31µm
_17600_,31µm
i_core_v_mini_mcu.memory_subsystem_i.ram0_i.tc_ram_i.sram\[20\]\[7\],31µm
uart_rx_i,30.96µm
_06186_,30.95µm
_06738_,30.95µm
_06757_,30.95µm
_12247_,30.95µm
_15919_,30.95µm
_16032_,30.95µm
_18021_,30.95µm
_22156_,30.95µm
_22188_,30.95µm
i_core_v_mini_mcu.memory_subsystem_i.ram0_i.tc_ram_i.sram\[16\]\[10\],30.95µm
_05713_,30.9µm
_06707_,30.9µm
_07360_,30.9µm
_08283_,30.9µm
_09189_,30.9µm
_09819_,30.9µm
_10596_,30.9µm
_13853_,30.9µm
_15184_,30.9µm
_15499_,30.9µm
_17108_,30.9µm
_17756_,30.9µm
_18703_,30.9µm
_22596_,30.9µm
_24648_,30.9µm
_27907_,30.9µm
_28075_,30.9µm
i_core_v_mini_mcu.ao_peripheral_subsystem_i.mosaic_clint_i.mtimecmp_q\[117\],30.9µm
i_core_v_mini_mcu.ao_peripheral_subsystem_i.obi_fifo_i.consumer_data_req_q\[56\],30.9µm
i_core_v_mini_mcu.ao_peripheral_subsystem_i.spi_subsystem_i.obi_spimemio_i.spimemio_i.buffer\[6\],30.9µm
i_core_v_mini_mcu.ao_peripheral_subsystem_i.spi_subsystem_i.obi_spimemio_i.spimemio_i.config_oe\[0\],30.9µm
i_core_v_mini_mcu.ao_peripheral_subsystem_i.spi_subsystem_i.obi_spimemio_i.spimemio_i.xfer.xfer_tag\[1\],30.9µm
i_core_v_mini_mcu.ao_peripheral_subsystem_i.tdu_i.task_mem\[0\]\[14\],30.9µm
i_core_v_mini_mcu.ao_peripheral_subsystem_i.tdu_i.task_mem\[5\]\[27\],30.9µm
i_core_v_mini_mcu.cpu_subsystem_i.cpu_0_0.rf_ram_i.memory\[193\]\[1\],30.9µm
i_core_v_mini_mcu.cpu_subsystem_i.cpu_0_0.rf_ram_i.memory\[208\]\[0\],30.9µm
i_core_v_mini_mcu.cpu_subsystem_i.cpu_0_0.rf_ram_i.memory\[221\]\[1\],30.9µm
i_core_v_mini_mcu.cpu_subsystem_i.cpu_0_0.rf_ram_i.memory\[282\]\[1\],30.9µm
i_core_v_mini_mcu.cpu_subsystem_i.cpu_0_0.rf_ram_i.memory\[563\]\[0\],30.9µm
i_core_v_mini_mcu.cpu_subsystem_i.cpu_1_0.i_servile.arbiter.i_wb_cpu_dbus_adr\[13\],30.9µm
i_core_v_mini_mcu.cpu_subsystem_i.cpu_1_0.i_servile.cpu.bufreg.data\[0\],30.9µm
i_core_v_mini_mcu.cpu_subsystem_i.cpu_1_0.rf_ram_i.memory\[104\]\[0\],30.9µm
i_core_v_mini_mcu.cpu_subsystem_i.cpu_1_0.rf_ram_i.memory\[124\]\[0\],30.9µm
i_core_v_mini_mcu.memory_subsystem_i.ram0_i.tc_ram_i.sram\[24\]\[2\],30.9µm
i_core_v_mini_mcu.memory_subsystem_i.ram0_i.tc_ram_i.sram\[27\]\[19\],30.9µm
i_core_v_mini_mcu.memory_subsystem_i.ram0_i.tc_ram_i.sram\[28\]\[18\],30.9µm
i_core_v_mini_mcu.memory_subsystem_i.ram0_i.tc_ram_i.sram\[29\]\[25\],30.9µm
i_core_v_mini_mcu.memory_subsystem_i.ram0_i.tc_ram_i.sram\[3\]\[19\],30.9µm
i_core_v_mini_mcu.memory_subsystem_i.ram0_i.tc_ram_i.sram\[9\]\[26\],30.9µm
net1005,30.9µm
_05805_,30.85µm
_06045_,30.85µm
_06348_,30.85µm
_06799_,30.85µm
_07996_,30.85µm
_08639_,30.85µm
_08741_,30.85µm
_09303_,30.85µm
_09591_,30.85µm
_10736_,30.85µm
_11107_,30.85µm
_12134_,30.85µm
_12453_,30.85µm
_13998_,30.85µm
_17671_,30.85µm
_19445_,30.85µm
_21019_,30.85µm
_22344_,30.85µm
_23341_,30.85µm
_23369_,30.85µm
_23670_,30.85µm
_24841_,30.85µm
_25359_,30.85µm
_27369_,30.85µm
_28307_,30.85µm
_28427_,30.85µm
i_core_v_mini_mcu.ao_peripheral_subsystem_i.mosaic_clint_i.mtimecmp_q\[54\],30.85µm
i_core_v_mini_mcu.ao_peripheral_subsystem_i.obi_fifo_i.consumer_data_req_q\[49\],30.85µm
i_core_v_mini_mcu.ao_peripheral_subsystem_i.tdu_i.task_mem\[3\]\[29\],30.85µm
i_core_v_mini_mcu.ao_peripheral_subsystem_i.tdu_i.task_mem\[3\]\[6\],30.85µm
i_core_v_mini_mcu.cpu_subsystem_i.cpu_0_0.rf_ram_i.memory\[284\]\[1\],30.85µm
i_core_v_mini_mcu.cpu_subsystem_i.cpu_0_0.rf_ram_i.memory\[292\]\[1\],30.85µm
i_core_v_mini_mcu.cpu_subsystem_i.cpu_0_0.rf_ram_i.memory\[395\]\[1\],30.85µm
i_core_v_mini_mcu.cpu_subsystem_i.cpu_0_0.rf_ram_i.memory\[459\]\[1\],30.85µm
i_core_v_mini_mcu.cpu_subsystem_i.cpu_0_0.rf_ram_i.memory\[64\]\[1\],30.85µm
i_core_v_mini_mcu.cpu_subsystem_i.cpu_1_0.rf_ram_i.memory\[161\]\[1\],30.85µm
i_core_v_mini_mcu.cpu_subsystem_i.cpu_1_0.rf_ram_i.memory\[493\]\[0\],30.85µm
i_core_v_mini_mcu.cpu_subsystem_i.cpu_1_0.rf_ram_i.memory\[52\]\[1\],30.85µm
i_core_v_mini_mcu.memory_subsystem_i.ram0_i.tc_ram_i.sram\[0\]\[6\],30.85µm
i_core_v_mini_mcu.memory_subsystem_i.ram0_i.tc_ram_i.sram\[16\]\[17\],30.85µm
i_core_v_mini_mcu.memory_subsystem_i.ram0_i.tc_ram_i.sram\[3\]\[15\],30.85µm
i_core_v_mini_mcu.memory_subsystem_i.ram0_i.tc_ram_i.sram\[3\]\[23\],30.85µm
i_core_v_mini_mcu.memory_subsystem_i.ram0_i.tc_ram_i.sram\[5\]\[25\],30.85µm
i_core_v_mini_mcu.peripheral_subsystem_i.uart_i.uart_core.rx_timeout_count_q\[10\],30.85µm
_03998_,30.8µm
_05062_,30.8µm
_06227_,30.8µm
_08430_,30.8µm
_08632_,30.8µm
_08966_,30.8µm
_09868_,30.8µm
_09878_,30.8µm
_10466_,30.8µm
_11052_,30.8µm
_11485_,30.8µm
_11634_,30.8µm
_11923_,30.8µm
_12393_,30.8µm
_13347_,30.8µm
_13457_,30.8µm
_14942_,30.8µm
_15567_,30.8µm
_17311_,30.8µm
_18078_,30.8µm
_18419_,30.8µm
_18871_,30.8µm
_19326_,30.8µm
_19833_,30.8µm
_20821_,30.8µm
_20956_,30.8µm
_24471_,30.8µm
_24625_,30.8µm
_24667_,30.8µm
_24934_,30.8µm
_25390_,30.8µm
_25588_,30.8µm
_25811_,30.8µm
_25843_,30.8µm
_25890_,30.8µm
_25891_,30.8µm
_25982_,30.8µm
_26190_,30.8µm
_26926_,30.8µm
_26928_,30.8µm
_27067_,30.8µm
_27331_,30.8µm
_27749_,30.8µm
i_core_v_mini_mcu.ao_peripheral_subsystem_i.obi_fifo_i.consumer_data_req\[27\],30.8µm
i_core_v_mini_mcu.ao_peripheral_subsystem_i.obi_fifo_i.consumer_data_req\[34\],30.8µm
i_core_v_mini_mcu.ao_peripheral_subsystem_i.soc_ctrl_i.soc_ctrl_reg_top_i.system_frequency_hz_qs\[10\],30.8µm
i_core_v_mini_mcu.ao_peripheral_subsystem_i.tdu_i.task_mem\[6\]\[18\],30.8µm
i_core_v_mini_mcu.cpu_subsystem_i.cpu_0_0.rf_ram_i.memory\[232\]\[1\],30.8µm
i_core_v_mini_mcu.cpu_subsystem_i.cpu_0_0.rf_ram_i.memory\[257\]\[1\],30.8µm
i_core_v_mini_mcu.cpu_subsystem_i.cpu_0_0.rf_ram_i.memory\[479\]\[1\],30.8µm
i_core_v_mini_mcu.cpu_subsystem_i.cpu_1_0.rf_ram_i.memory\[461\]\[0\],30.8µm
i_core_v_mini_mcu.memory_subsystem_i.ram0_i.tc_ram_i.sram\[13\]\[8\],30.8µm
i_core_v_mini_mcu.memory_subsystem_i.ram0_i.tc_ram_i.sram\[25\]\[21\],30.8µm
status_o[5],30.66µm
i_core_v_mini_mcu.cpu_subsystem_i.cpu_1_0.rf_ram_i.memory\[163\]\[0\],30.57µm
_14924_,30.54µm
i_core_v_mini_mcu.ao_peripheral_subsystem_i.tdu_i.task_mem\[2\]\[25\],30.52µm
i_core_v_mini_mcu.cpu_subsystem_i.cpu_1_0.rf_ram_i.memory\[334\]\[0\],30.52µm
_23106_,30.49µm
_14936_,30.44µm
_15814_,30.44µm
_15910_,30.44µm
_16340_,30.44µm
_17005_,30.44µm
i_core_v_mini_mcu.ao_peripheral_subsystem_i.power_manager_i.power_manager_counter_sequence_cpu_switch_i.sequence_curr_state\[5\],30.44µm
_06405_,30.39µm
_10292_,30.39µm
_15333_,30.39µm
_16120_,30.39µm
_16419_,30.39µm
_16755_,30.39µm
_17614_,30.39µm
_17865_,30.39µm
_22484_,30.39µm
_26372_,30.39µm
i_core_v_mini_mcu.ao_peripheral_subsystem_i.power_manager_i.power_manager_reg_top_i.periph_reset_qs,30.39µm
i_core_v_mini_mcu.cpu_subsystem_i.cpu_1_0.rf_ram_i.memory\[112\]\[1\],30.39µm
i_core_v_mini_mcu.cpu_subsystem_i.cpu_1_0.rf_ram_i.memory\[492\]\[1\],30.39µm
i_core_v_mini_mcu.memory_subsystem_i.ram0_i.tc_ram_i.sram\[19\]\[9\],30.39µm
i_core_v_mini_mcu.peripheral_subsystem_i.periph_to_reg_i.r_rdata_d\[16\],30.39µm
_04000_,30.34µm
_06459_,30.34µm
_08524_,30.34µm
_09174_,30.34µm
_09657_,30.34µm
_12358_,30.34µm
_12593_,30.34µm
_14137_,30.34µm
_14743_,30.34µm
_14871_,30.34µm
_15827_,30.34µm
_15879_,30.34µm
_17443_,30.34µm
_17502_,30.34µm
_17767_,30.34µm
_23423_,30.34µm
_24583_,30.34µm
i_core_v_mini_mcu.ao_peripheral_subsystem_i.mosaic_clint_i.mtimecmp_q\[56\],30.34µm
i_core_v_mini_mcu.ao_peripheral_subsystem_i.soc_ctrl_i.soc_ctrl_reg_top_i.system_frequency_hz_qs\[20\],30.34µm
i_core_v_mini_mcu.ao_peripheral_subsystem_i.tdu_i.task_mem\[2\]\[31\],30.34µm
i_core_v_mini_mcu.core_data_req\[100\],30.34µm
i_core_v_mini_mcu.cpu_subsystem_i.cpu_0_0.rf_ram_i.memory\[203\]\[0\],30.34µm
i_core_v_mini_mcu.cpu_subsystem_i.cpu_1_0.rf_ram_i.memory\[188\]\[1\],30.34µm
i_core_v_mini_mcu.cpu_subsystem_i.cpu_1_0.rf_ram_i.memory\[420\]\[1\],30.34µm
i_core_v_mini_mcu.cpu_subsystem_i.cpu_1_0.rf_ram_i.memory\[484\]\[0\],30.34µm
i_core_v_mini_mcu.memory_subsystem_i.ram0_i.tc_ram_i.sram\[0\]\[7\],30.34µm
i_core_v_mini_mcu.memory_subsystem_i.ram0_i.tc_ram_i.sram\[10\]\[0\],30.34µm
i_core_v_mini_mcu.memory_subsystem_i.ram0_i.tc_ram_i.sram\[28\]\[2\],30.34µm
i_core_v_mini_mcu.memory_subsystem_i.ram0_i.tc_ram_i.sram\[28\]\[5\],30.34µm
_06378_,30.29µm
_07465_,30.29µm
_07630_,30.29µm
_07980_,30.29µm
_08516_,30.29µm
_09350_,30.29µm
_09674_,30.29µm
_09870_,30.29µm
_09970_,30.29µm
_09975_,30.29µm
_10186_,30.29µm
_10573_,30.29µm
_11154_,30.29µm
_11313_,30.29µm
_11845_,30.29µm
_12108_,30.29µm
_12612_,30.29µm
_12709_,30.29µm
_13645_,30.29µm
_14022_,30.29µm
_15345_,30.29µm
_15622_,30.29µm
_17176_,30.29µm
_17796_,30.29µm
_19143_,30.29µm
_19368_,30.29µm
_19975_,30.29µm
_20087_,30.29µm
_20548_,30.29µm
_21009_,30.29µm
_23081_,30.29µm
_23361_,30.29µm
_23805_,30.29µm
_24561_,30.29µm
_25503_,30.29µm
_25825_,30.29µm
_25898_,30.29µm
_26008_,30.29µm
_26164_,30.29µm
_26778_,30.29µm
_27371_,30.29µm
cpu_subsystem_powergate_switch_no_int,30.29µm
i_core_v_mini_mcu.ao_peripheral_subsystem_i.obi_fifo_i.consumer_data_req\[59\],30.29µm
i_core_v_mini_mcu.ao_peripheral_subsystem_i.obi_fifo_i.consumer_data_req_q\[6\],30.29µm
i_core_v_mini_mcu.ao_peripheral_subsystem_i.spi_subsystem_i.obi_spimemio_i.spimemio_i.buffer\[23\],30.29µm
i_core_v_mini_mcu.ao_peripheral_subsystem_i.tdu_i.task_mem\[3\]\[20\],30.29µm
i_core_v_mini_mcu.cpu_subsystem_i.cpu_0_0.i_servile.cpu.decode.o_rd_csr_en,30.29µm
i_core_v_mini_mcu.cpu_subsystem_i.cpu_0_0.rf_ram_i.memory\[24\]\[1\],30.29µm
i_core_v_mini_mcu.cpu_subsystem_i.cpu_0_0.rf_ram_i.memory\[335\]\[1\],30.29µm
i_core_v_mini_mcu.cpu_subsystem_i.cpu_0_0.rf_ram_i.memory\[385\]\[1\],30.29µm
i_core_v_mini_mcu.cpu_subsystem_i.cpu_1_0.rf_ram_i.memory\[103\]\[1\],30.29µm
i_core_v_mini_mcu.cpu_subsystem_i.cpu_1_0.rf_ram_i.memory\[236\]\[1\],30.29µm
i_core_v_mini_mcu.cpu_subsystem_i.cpu_1_0.rf_ram_i.memory\[246\]\[1\],30.29µm
i_core_v_mini_mcu.cpu_subsystem_i.cpu_1_0.rf_ram_i.memory\[311\]\[1\],30.29µm
i_core_v_mini_mcu.cpu_subsystem_i.cpu_1_0.rf_ram_i.memory\[332\]\[0\],30.29µm
i_core_v_mini_mcu.memory_subsystem_i.ram0_i.tc_ram_i.sram\[17\]\[19\],30.29µm
i_core_v_mini_mcu.memory_subsystem_i.ram0_i.tc_ram_i.sram\[30\]\[5\],30.29µm
i_core_v_mini_mcu.memory_subsystem_i.ram0_i.tc_ram_i.sram\[31\]\[13\],30.29µm
i_core_v_mini_mcu.peripheral_subsystem_i.uart_i.uart_core.uart_rx.sreg_q\[8\],30.29µm
_00220_,30.24µm
_04739_,30.24µm
_05049_,30.24µm
_05206_,30.24µm
_05648_,30.24µm
_06588_,30.24µm
_06805_,30.24µm
_06897_,30.24µm
_07537_,30.24µm
_08176_,30.24µm
_08376_,30.24µm
_09616_,30.24µm
_10129_,30.24µm
_10901_,30.24µm
_11781_,30.24µm
_11831_,30.24µm
_11897_,30.24µm
_11910_,30.24µm
_13069_,30.24µm
_13624_,30.24µm
_13738_,30.24µm
_13869_,30.24µm
_14025_,30.24µm
_14700_,30.24µm
_16397_,30.24µm
_16457_,30.24µm
_17102_,30.24µm
_17210_,30.24µm
_17382_,30.24µm
_18063_,30.24µm
_18261_,30.24µm
_20434_,30.24µm
_20802_,30.24µm
_24453_,30.24µm
_24478_,30.24µm
_24961_,30.24µm
_25211_,30.24µm
_25326_,30.24µm
_25644_,30.24µm
_25652_,30.24µm
_25803_,30.24µm
_25882_,30.24µm
_27434_,30.24µm
_27574_,30.24µm
i_core_v_mini_mcu.ao_peripheral_subsystem_i.obi_fifo_i.consumer_data_req\[63\],30.24µm
i_core_v_mini_mcu.ao_peripheral_subsystem_i.soc_ctrl_i.soc_ctrl_reg_top_i.system_frequency_hz_qs\[19\],30.24µm
i_core_v_mini_mcu.cpu_subsystem_i.cpu_0_0.rf_ram_i.memory\[315\]\[0\],30.24µm
i_core_v_mini_mcu.cpu_subsystem_i.cpu_1_0.rf_ram_i.memory\[180\]\[1\],30.24µm
i_core_v_mini_mcu.cpu_subsystem_i.cpu_1_0.rf_ram_i.memory\[196\]\[0\],30.24µm
i_core_v_mini_mcu.memory_subsystem_i.ram0_i.tc_ram_i.sram\[0\]\[21\],30.24µm
i_core_v_mini_mcu.memory_subsystem_i.ram0_i.tc_ram_i.sram\[10\]\[28\],30.24µm
i_core_v_mini_mcu.memory_subsystem_i.ram0_i.tc_ram_i.sram\[14\]\[16\],30.24µm
i_core_v_mini_mcu.memory_subsystem_i.ram0_i.tc_ram_i.sram\[15\]\[5\],30.24µm
i_core_v_mini_mcu.memory_subsystem_i.ram0_i.tc_ram_i.sram\[8\]\[23\],30.24µm
_16991_,30.11µm
i_core_v_mini_mcu.cpu_subsystem_i.cpu_0_0.rf_ram_i.memory\[332\]\[1\],29.96µm
_08781_,29.93µm
_16812_,29.93µm
_17227_,29.93µm
_17978_,29.93µm
_05999_,29.88µm
_14986_,29.88µm
_15413_,29.88µm
_15520_,29.88µm
_16176_,29.88µm
_16563_,29.88µm
_26419_,29.88µm
_06713_,29.83µm
_09506_,29.83µm
_14757_,29.83µm
_14972_,29.83µm
_15707_,29.83µm
_17026_,29.83µm
_17408_,29.83µm
_17931_,29.83µm
_18516_,29.83µm
i_core_v_mini_mcu.ao_peripheral_subsystem_i.tdu_i.task_mem\[4\]\[1\],29.83µm
i_core_v_mini_mcu.cpu_subsystem_i.cpu_0_0.rf_ram_i.memory\[41\]\[1\],29.83µm
i_core_v_mini_mcu.memory_subsystem_i.ram0_i.tc_ram_i.sram\[25\]\[1\],29.83µm
_05610_,29.78µm
_05931_,29.78µm
_06373_,29.78µm
_07156_,29.78µm
_07435_,29.78µm
_09746_,29.78µm
_09789_,29.78µm
_10354_,29.78µm
_14543_,29.78µm
_16185_,29.78µm
_17170_,29.78µm
_17965_,29.78µm
_19835_,29.78µm
_20677_,29.78µm
_20763_,29.78µm
_23203_,29.78µm
_24756_,29.78µm
_25107_,29.78µm
i_core_v_mini_mcu.ao_peripheral_subsystem_i.power_manager_i.reg_to_counter_cpu_reset_assert_i.counter_curr_state\[2\],29.78µm
i_core_v_mini_mcu.cpu_subsystem_i.cpu_0_0.rf_ram_i.memory\[548\]\[0\],29.78µm
i_core_v_mini_mcu.cpu_subsystem_i.cpu_1_0.i_servile.cpu.immdec.gen_immdec_w_eq_1.imm24_20\[2\],29.78µm
i_core_v_mini_mcu.cpu_subsystem_i.cpu_1_0.rf_ram_i.memory\[260\]\[0\],29.78µm
i_core_v_mini_mcu.cpu_subsystem_i.cpu_1_0.rf_ram_i.memory\[275\]\[0\],29.78µm
i_core_v_mini_mcu.cpu_subsystem_i.cpu_1_0.rf_ram_i.memory\[400\]\[0\],29.78µm
i_core_v_mini_mcu.cpu_subsystem_i.cpu_1_0.rf_ram_i.memory\[478\]\[0\],29.78µm
i_core_v_mini_mcu.memory_subsystem_i.ram0_i.tc_ram_i.sram\[10\]\[3\],29.78µm
i_core_v_mini_mcu.memory_subsystem_i.ram0_i.tc_ram_i.sram\[15\]\[1\],29.78µm
i_core_v_mini_mcu.memory_subsystem_i.ram0_i.tc_ram_i.sram\[23\]\[29\],29.78µm
i_core_v_mini_mcu.memory_subsystem_i.ram0_i.tc_ram_i.sram\[7\]\[30\],29.78µm
i_core_v_mini_mcu.peripheral_subsystem_i.uart_i.uart_core.allzero_cnt_q\[2\],29.78µm
i_core_v_mini_mcu.peripheral_subsystem_i.uart_i.uart_core.u_uart_rxfifo.gen_normal_fifo.fifo_wptr\[1\],29.78µm
_05051_,29.73µm
_05620_,29.73µm
_07590_,29.73µm
_07670_,29.73µm
_07847_,29.73µm
_08134_,29.73µm
_08274_,29.73µm
_08344_,29.73µm
_09418_,29.73µm
_10164_,29.73µm
_10169_,29.73µm
_10326_,29.73µm
_12029_,29.73µm
_12537_,29.73µm
_12827_,29.73µm
_12999_,29.73µm
_13349_,29.73µm
_13527_,29.73µm
_13638_,29.73µm
_14315_,29.73µm
_14604_,29.73µm
_15870_,29.73µm
_17060_,29.73µm
_17567_,29.73µm
_18978_,29.73µm
_19396_,29.73µm
_20019_,29.73µm
_20130_,29.73µm
_20839_,29.73µm
_21811_,29.73µm
_24736_,29.73µm
_25381_,29.73µm
_25943_,29.73µm
_27572_,29.73µm
_27577_,29.73µm
_27849_,29.73µm
exit_value_int\[19\],29.73µm
i_core_v_mini_mcu.ao_peripheral_subsystem_i.mosaic_clint_i.mtimecmp_q\[80\],29.73µm
i_core_v_mini_mcu.ao_peripheral_subsystem_i.soc_ctrl_i.soc_ctrl_reg_top_i.system_frequency_hz_qs\[21\],29.73µm
i_core_v_mini_mcu.ao_peripheral_subsystem_i.spi_subsystem_i.obi_spimemio_i.obi_to_picorv32_i.state\[0\],29.73µm
i_core_v_mini_mcu.ao_peripheral_subsystem_i.tdu_i.active_hart_cycles_q\[28\],29.73µm
i_core_v_mini_mcu.ao_peripheral_subsystem_i.tdu_i.cpi_est_q\[12\],29.73µm
i_core_v_mini_mcu.ao_peripheral_subsystem_i.tdu_i.cpi_est_q\[57\],29.73µm
i_core_v_mini_mcu.ao_peripheral_subsystem_i.tdu_i.cpi_est_q\[8\],29.73µm
i_core_v_mini_mcu.ao_peripheral_subsystem_i.tdu_i.task_mem\[2\]\[8\],29.73µm
i_core_v_mini_mcu.cpu_subsystem_i.cpu_0_0.i_servile.cpu.ctrl.o_ibus_adr\[16\],29.73µm
i_core_v_mini_mcu.cpu_subsystem_i.cpu_0_0.rf_ram_i.memory\[2\]\[1\],29.73µm
i_core_v_mini_mcu.cpu_subsystem_i.cpu_0_0.rf_ram_i.memory\[409\]\[1\],29.73µm
i_core_v_mini_mcu.cpu_subsystem_i.cpu_0_0.rf_ram_i.memory\[50\]\[0\],29.73µm
i_core_v_mini_mcu.cpu_subsystem_i.cpu_0_0.rf_ram_i.memory\[52\]\[1\],29.73µm
i_core_v_mini_mcu.cpu_subsystem_i.cpu_1_0.i_servile.arbiter.i_wb_cpu_ibus_adr\[14\],29.73µm
i_core_v_mini_mcu.cpu_subsystem_i.cpu_1_0.rf_ram_i.memory\[154\]\[1\],29.73µm
i_core_v_mini_mcu.cpu_subsystem_i.cpu_1_0.rf_ram_i.memory\[178\]\[0\],29.73µm
i_core_v_mini_mcu.cpu_subsystem_i.cpu_1_0.rf_ram_i.memory\[315\]\[1\],29.73µm
i_core_v_mini_mcu.cpu_subsystem_i.cpu_1_0.rf_ram_i.memory\[509\]\[0\],29.73µm
i_core_v_mini_mcu.cpu_subsystem_i.cpu_1_0.rf_ram_i.memory\[82\]\[0\],29.73µm
i_core_v_mini_mcu.memory_subsystem_i.ram0_i.tc_ram_i.sram\[0\]\[0\],29.73µm
i_core_v_mini_mcu.memory_subsystem_i.ram0_i.tc_ram_i.sram\[0\]\[29\],29.73µm
i_core_v_mini_mcu.memory_subsystem_i.ram0_i.tc_ram_i.sram\[1\]\[23\],29.73µm
i_core_v_mini_mcu.memory_subsystem_i.ram0_i.tc_ram_i.sram\[20\]\[26\],29.73µm
i_core_v_mini_mcu.memory_subsystem_i.ram0_i.tc_ram_i.sram\[28\]\[12\],29.73µm
i_core_v_mini_mcu.memory_subsystem_i.ram0_i.tc_ram_i.sram\[6\]\[9\],29.73µm
i_core_v_mini_mcu.peripheral_subsystem_i.obi_fifo_i.consumer_resp_i\[33\],29.73µm
i_core_v_mini_mcu.peripheral_subsystem_i.periph_to_reg_i.r_rdata_d\[21\],29.73µm
i_core_v_mini_mcu.peripheral_subsystem_i.periph_to_reg_i.r_rdata_d\[25\],29.73µm
i_core_v_mini_mcu.peripheral_subsystem_i.uart_i.uart_core.u_uart_txfifo.gen_normal_fifo.storage\[30\],29.73µm
_05050_,29.68µm
_05064_,29.68µm
_05591_,29.68µm
_06127_,29.68µm
_06446_,29.68µm
_07418_,29.68µm
_08071_,29.68µm
_08215_,29.68µm
_09012_,29.68µm
_09764_,29.68µm
_09937_,29.68µm
_10950_,29.68µm
_11164_,29.68µm
_11981_,29.68µm
_13769_,29.68µm
_14721_,29.68µm
_18368_,29.68µm
_19935_,29.68µm
_20107_,29.68µm
_20615_,29.68µm
_20842_,29.68µm
_22855_,29.68µm
_23021_,29.68µm
_23072_,29.68µm
_23818_,29.68µm
_24643_,29.68µm
_24752_,29.68µm
_25498_,29.68µm
_26872_,29.68µm
_27094_,29.68µm
_27389_,29.68µm
_27392_,29.68µm
_27539_,29.68µm
i_core_v_mini_mcu.ao_peripheral_subsystem_i.spi_subsystem_i.obi_spimemio_i.obi_to_picorv32_i.obi_resp_o\[6\],29.68µm
i_core_v_mini_mcu.ao_peripheral_subsystem_i.spi_subsystem_i.obi_spimemio_i.obi_to_picorv32_i.picorv32_resp_i\[23\],29.68µm
i_core_v_mini_mcu.ao_peripheral_subsystem_i.tdu_i.active_hart_cycles_q\[26\],29.68µm
i_core_v_mini_mcu.ao_peripheral_subsystem_i.tdu_i.cpi_est_q\[55\],29.68µm
i_core_v_mini_mcu.cpu_subsystem_i.cpu_0_0.rf_ram_i.memory\[20\]\[0\],29.68µm
i_core_v_mini_mcu.cpu_subsystem_i.cpu_0_0.rf_ram_i.memory\[259\]\[0\],29.68µm
i_core_v_mini_mcu.cpu_subsystem_i.cpu_0_0.rf_ram_i.memory\[347\]\[1\],29.68µm
i_core_v_mini_mcu.cpu_subsystem_i.cpu_0_0.rf_ram_i.memory\[566\]\[0\],29.68µm
i_core_v_mini_mcu.cpu_subsystem_i.cpu_1_0.rf_ram_i.memory\[184\]\[1\],29.68µm
i_core_v_mini_mcu.cpu_subsystem_i.cpu_1_0.rf_ram_i.memory\[8\]\[1\],29.68µm
i_core_v_mini_mcu.memory_subsystem_i.ram0_i.tc_ram_i.sram\[17\]\[1\],29.68µm
i_core_v_mini_mcu.memory_subsystem_i.ram0_i.tc_ram_i.sram\[18\]\[26\],29.68µm
i_core_v_mini_mcu.memory_subsystem_i.ram0_i.tc_ram_i.sram\[1\]\[30\],29.68µm
i_core_v_mini_mcu.memory_subsystem_i.ram0_i.tc_ram_i.sram\[23\]\[1\],29.68µm
i_core_v_mini_mcu.memory_subsystem_i.ram0_i.tc_ram_i.sram\[28\]\[16\],29.68µm
_04752_,29.62µm
_10072_,29.5µm
_14901_,29.5µm
_13127_,29.4µm
_24411_,29.4µm
_25913_,29.4µm
i_core_v_mini_mcu.ao_peripheral_subsystem_i.spi_subsystem_i.obi_spimemio_i.obi_to_picorv32_i.picorv32_resp_i\[8\],29.4µm
_14862_,29.37µm
_15937_,29.37µm
_14468_,29.32µm
_15249_,29.32µm
_16123_,29.32µm
_16566_,29.32µm
_16640_,29.32µm
_16802_,29.32µm
_17315_,29.32µm
_17744_,29.32µm
_17784_,29.32µm
i_core_v_mini_mcu.ao_peripheral_subsystem_i.mosaic_clint_i.mtimecmp_q\[105\],29.32µm
i_core_v_mini_mcu.memory_subsystem_i.ram0_i.tc_ram_i.sram\[10\]\[23\],29.32µm
_05985_,29.27µm
_06110_,29.27µm
_08722_,29.27µm
_09374_,29.27µm
_10244_,29.27µm
_15381_,29.27µm
_16108_,29.27µm
_16343_,29.27µm
_16662_,29.27µm
_16715_,29.27µm
_23405_,29.27µm
i_core_v_mini_mcu.ao_peripheral_subsystem_i.power_manager_i.power_manager_reg_top_i.cpu_switch_on_counter_qs\[5\],29.27µm
i_core_v_mini_mcu.cpu_subsystem_i.cpu_1_0.i_servile.arbiter.i_wb_cpu_dbus_adr\[26\],29.27µm
i_core_v_mini_mcu.memory_subsystem_i.ram0_i.tc_ram_i.sram\[5\]\[23\],29.27µm
_03749_,29.22µm
_07611_,29.22µm
_09379_,29.22µm
_09696_,29.22µm
_10067_,29.22µm
_10224_,29.22µm
_10746_,29.22µm
_15387_,29.22µm
_15804_,29.22µm
_16284_,29.22µm
_17038_,29.22µm
_17085_,29.22µm
_17975_,29.22µm
_19323_,29.22µm
_20274_,29.22µm
_22010_,29.22µm
_22337_,29.22µm
_24126_,29.22µm
_27532_,29.22µm
i_core_v_mini_mcu.ao_peripheral_subsystem_i.obi_fifo_i.consumer_data_req_q\[55\],29.22µm
i_core_v_mini_mcu.ao_peripheral_subsystem_i.power_manager_i.power_manager_sequence_ram_0_iso_i.sequence_curr_state\[3\],29.22µm
i_core_v_mini_mcu.ao_peripheral_subsystem_i.power_manager_i.power_manager_sequence_ram_0_switch_i.sequence_curr_state\[2\],29.22µm
i_core_v_mini_mcu.ao_peripheral_subsystem_i.soc_ctrl_i.reg2hw\[5\],29.22µm
i_core_v_mini_mcu.cpu_subsystem_i.cpu_0_0.rf_ram_i.memory\[108\]\[0\],29.22µm
i_core_v_mini_mcu.cpu_subsystem_i.cpu_0_0.rf_ram_i.memory\[134\]\[1\],29.22µm
i_core_v_mini_mcu.cpu_subsystem_i.cpu_0_0.rf_ram_i.memory\[241\]\[1\],29.22µm
i_core_v_mini_mcu.cpu_subsystem_i.cpu_1_0.rf_ram_i.memory\[124\]\[1\],29.22µm
i_core_v_mini_mcu.cpu_subsystem_i.cpu_1_0.rf_ram_i.memory\[254\]\[0\],29.22µm
i_core_v_mini_mcu.cpu_subsystem_i.cpu_1_0.rf_ram_i.memory\[453\]\[1\],29.22µm
i_core_v_mini_mcu.memory_subsystem_i.ram0_i.tc_ram_i.sram\[18\]\[7\],29.22µm
i_core_v_mini_mcu.memory_subsystem_i.ram0_i.tc_ram_i.sram\[29\]\[30\],29.22µm
i_core_v_mini_mcu.peripheral_subsystem_i.uart_i.uart_core.rx_timeout_count_q\[13\],29.22µm
i_core_v_mini_mcu.peripheral_subsystem_i.uart_i.uart_core.u_uart_rxfifo.gen_normal_fifo.storage\[26\],29.22µm
_00244_,29.17µm
_00359_,29.17µm
_04194_,29.17µm
_05907_,29.17µm
_06027_,29.17µm
_06359_,29.17µm
_06468_,29.17µm
_06606_,29.17µm
_06702_,29.17µm
_07834_,29.17µm
_08043_,29.17µm
_08089_,29.17µm
_08567_,29.17µm
_08872_,29.17µm
_09263_,29.17µm
_10234_,29.17µm
_10653_,29.17µm
_10726_,29.17µm
_11074_,29.17µm
_11230_,29.17µm
_11240_,29.17µm
_11436_,29.17µm
_13978_,29.17µm
_14848_,29.17µm
_16337_,29.17µm
_16916_,29.17µm
_17361_,29.17µm
_17431_,29.17µm
_17989_,29.17µm
_20549_,29.17µm
_20618_,29.17µm
_21098_,29.17µm
_22837_,29.17µm
_23548_,29.17µm
_23549_,29.17µm
_23799_,29.17µm
_23932_,29.17µm
_24354_,29.17µm
_24390_,29.17µm
_24644_,29.17µm
_24723_,29.17µm
_24824_,29.17µm
_24932_,29.17µm
_24966_,29.17µm
_25948_,29.17µm
_26013_,29.17µm
_26263_,29.17µm
_26675_,29.17µm
_27108_,29.17µm
i_core_v_mini_mcu.ao_peripheral_subsystem_i.mosaic_clint_i.mtimecmp_q\[47\],29.17µm
i_core_v_mini_mcu.ao_peripheral_subsystem_i.power_manager_i.power_manager_reg_top_i.intr_state_qs\[28\],29.17µm
i_core_v_mini_mcu.ao_peripheral_subsystem_i.power_manager_i.power_manager_reg_top_i.reg2hw\[243\],29.17µm
i_core_v_mini_mcu.ao_peripheral_subsystem_i.tdu_i.task_mem\[2\]\[30\],29.17µm
i_core_v_mini_mcu.ao_peripheral_subsystem_i.tdu_i.task_mem\[5\]\[12\],29.17µm
i_core_v_mini_mcu.ao_peripheral_subsystem_i.tdu_i.task_mem\[6\]\[23\],29.17µm
i_core_v_mini_mcu.cpu_subsystem_i.cpu_0_0.rf_ram_i.memory\[37\]\[0\],29.17µm
i_core_v_mini_mcu.cpu_subsystem_i.cpu_1_0.rf_ram_i.memory\[217\]\[1\],29.17µm
i_core_v_mini_mcu.cpu_subsystem_i.cpu_1_0.rf_ram_i.memory\[28\]\[1\],29.17µm
i_core_v_mini_mcu.cpu_subsystem_i.cpu_1_0.rf_ram_i.memory\[339\]\[0\],29.17µm
i_core_v_mini_mcu.cpu_subsystem_i.cpu_1_0.rf_ram_i.memory\[451\]\[0\],29.17µm
i_core_v_mini_mcu.cpu_subsystem_i.cpu_1_0.rf_ram_i.memory\[50\]\[1\],29.17µm
i_core_v_mini_mcu.cpu_subsystem_i.cpu_1_0.rf_ram_i.memory\[98\]\[1\],29.17µm
i_core_v_mini_mcu.memory_subsystem_i.ram0_i.tc_ram_i.sram\[18\]\[6\],29.17µm
i_core_v_mini_mcu.memory_subsystem_i.ram0_i.tc_ram_i.sram\[1\]\[8\],29.17µm
i_core_v_mini_mcu.peripheral_subsystem_i.uart_i.uart_core.uart_rx.bit_cnt_q\[1\],29.17µm
_04034_,29.12µm
_04732_,29.12µm
_05470_,29.12µm
_06170_,29.12µm
_08665_,29.12µm
_09245_,29.12µm
_09904_,29.12µm
_09987_,29.12µm
_10780_,29.12µm
_11522_,29.12µm
_11769_,29.12µm
_11889_,29.12µm
_13315_,29.12µm
_13441_,29.12µm
_13844_,29.12µm
_13911_,29.12µm
_14533_,29.12µm
_15320_,29.12µm
_15746_,29.12µm
_16273_,29.12µm
_18903_,29.12µm
_19335_,29.12µm
_19753_,29.12µm
_20457_,29.12µm
_21008_,29.12µm
_22259_,29.12µm
_22351_,29.12µm
_24294_,29.12µm
_24451_,29.12µm
_24657_,29.12µm
_25372_,29.12µm
_25967_,29.12µm
_26039_,29.12µm
_26044_,29.12µm
_27520_,29.12µm
_28015_,29.12µm
_28069_,29.12µm
_28117_,29.12µm
i_core_v_mini_mcu.ao_peripheral_subsystem_i.mosaic_clint_i.mtimecmp_q\[63\],29.12µm
i_core_v_mini_mcu.ao_peripheral_subsystem_i.obi_fifo_i.consumer_data_req_q\[52\],29.12µm
i_core_v_mini_mcu.ao_peripheral_subsystem_i.spi_subsystem_i.obi_spimemio_i.spimemio_i.rd_addr\[8\],29.12µm
i_core_v_mini_mcu.ao_peripheral_subsystem_i.tdu_i.cpi_est_q\[43\],29.12µm
i_core_v_mini_mcu.cpu_subsystem_i.cpu_0_0.rf_ram_i.memory\[215\]\[0\],29.12µm
i_core_v_mini_mcu.cpu_subsystem_i.cpu_0_0.rf_ram_i.memory\[571\]\[0\],29.12µm
i_core_v_mini_mcu.cpu_subsystem_i.cpu_1_0.rf_ram_i.memory\[113\]\[0\],29.12µm
i_core_v_mini_mcu.cpu_subsystem_i.cpu_1_0.rf_ram_i.memory\[328\]\[0\],29.12µm
i_core_v_mini_mcu.cpu_subsystem_i.cpu_1_0.rf_ram_i.memory\[376\]\[0\],29.12µm
i_core_v_mini_mcu.memory_subsystem_i.ram0_i.tc_ram_i.sram\[11\]\[2\],29.12µm
i_core_v_mini_mcu.memory_subsystem_i.ram0_i.tc_ram_i.sram\[19\]\[19\],29.12µm
i_core_v_mini_mcu.memory_subsystem_i.ram0_i.tc_ram_i.sram\[8\]\[27\],29.12µm
_26694_,28.84µm
i_core_v_mini_mcu.cpu_subsystem_i.cpu_0_0.rf_ram_i.memory\[187\]\[0\],28.84µm
i_core_v_mini_mcu.peripheral_subsystem_i.obi_fifo_i.consumer_data_req_q\[66\],28.84µm
_08551_,28.76µm
_17179_,28.76µm
_17759_,28.76µm
i_core_v_mini_mcu.cpu_subsystem_i.cpu_0_0.i_servile.cpu.ctrl.o_ibus_adr\[9\],28.76µm
i_core_v_mini_mcu.cpu_subsystem_i.cpu_0_0.rf_ram_i.memory\[120\]\[0\],28.73µm
_05639_,28.71µm
_06319_,28.71µm
_09276_,28.71µm
_15864_,28.71µm
_15913_,28.71µm
_15971_,28.71µm
_16584_,28.71µm
_16599_,28.71µm
_16752_,28.71µm
_16848_,28.71µm
_17793_,28.71µm
_20222_,28.71µm
_21767_,28.71µm
i_core_v_mini_mcu.cpu_subsystem_i.cpu_0_0.rf_ram_i.memory\[554\]\[0\],28.71µm
_01540_,28.66µm
_05468_,28.66µm
_06132_,28.66µm
_06567_,28.66µm
_06663_,28.66µm
_08860_,28.66µm
_09170_,28.66µm
_09414_,28.66µm
_09931_,28.66µm
_10112_,28.66µm
_10266_,28.66µm
_13232_,28.66µm
_13351_,28.66µm
_13949_,28.66µm
_14669_,28.66µm
_14710_,28.66µm
_15149_,28.66µm
_15508_,28.66µm
_16367_,28.66µm
_16779_,28.66µm
_17815_,28.66µm
_18148_,28.66µm
_19152_,28.66µm
_19322_,28.66µm
_22395_,28.66µm
_22566_,28.66µm
_23157_,28.66µm
_24256_,28.66µm
_27080_,28.66µm
_27540_,28.66µm
i_core_v_mini_mcu.ao_peripheral_subsystem_i.obi_fifo_i.consumer_data_req_q\[39\],28.66µm
i_core_v_mini_mcu.ao_peripheral_subsystem_i.power_manager_i.power_manager_reg_top_i.en_wait_for_intr_qs\[28\],28.66µm
i_core_v_mini_mcu.ao_peripheral_subsystem_i.spi_subsystem_i.obi_spimemio_i.obi_to_picorv32_i.picorv32_resp_i\[7\],28.66µm
i_core_v_mini_mcu.cpu_subsystem_i.cpu_0_0.i_servile.arbiter.i_wb_cpu_dbus_adr\[7\],28.66µm
i_core_v_mini_mcu.cpu_subsystem_i.cpu_0_0.rf_ram_i.memory\[363\]\[1\],28.66µm
i_core_v_mini_mcu.cpu_subsystem_i.cpu_0_0.rf_ram_i.memory\[365\]\[0\],28.66µm
i_core_v_mini_mcu.cpu_subsystem_i.cpu_0_0.rf_ram_i.memory\[375\]\[1\],28.66µm
i_core_v_mini_mcu.cpu_subsystem_i.cpu_0_0.rf_ram_i.memory\[37\]\[1\],28.66µm
i_core_v_mini_mcu.cpu_subsystem_i.cpu_0_0.rf_ram_i.memory\[62\]\[1\],28.66µm
i_core_v_mini_mcu.cpu_subsystem_i.cpu_1_0.i_servile.cpu.immdec.gen_immdec_w_eq_1.imm7,28.66µm
i_core_v_mini_mcu.cpu_subsystem_i.cpu_1_0.rf_ram_i.memory\[142\]\[0\],28.66µm
i_core_v_mini_mcu.cpu_subsystem_i.cpu_1_0.rf_ram_i.memory\[145\]\[1\],28.66µm
i_core_v_mini_mcu.cpu_subsystem_i.cpu_1_0.rf_ram_i.memory\[348\]\[0\],28.66µm
i_core_v_mini_mcu.cpu_subsystem_i.cpu_1_0.rf_ram_i.memory\[406\]\[1\],28.66µm
i_core_v_mini_mcu.memory_subsystem_i.ram0_i.tc_ram_i.sram\[14\]\[12\],28.66µm
i_core_v_mini_mcu.memory_subsystem_i.ram0_i.tc_ram_i.sram\[14\]\[6\],28.66µm
i_core_v_mini_mcu.memory_subsystem_i.ram0_i.tc_ram_i.sram\[30\]\[6\],28.66µm
i_core_v_mini_mcu.memory_subsystem_i.ram0_i.tc_ram_i.sram\[4\]\[0\],28.66µm
i_core_v_mini_mcu.peripheral_subsystem_i.uart_i.uart_core.nco_sum_q\[14\],28.66µm
i_core_v_mini_mcu.peripheral_subsystem_i.uart_i.uart_core.u_uart_txfifo.gen_normal_fifo.fifo_wptr\[0\],28.66µm
_05611_,28.61µm
_05883_,28.61µm
_06742_,28.61µm
_08097_,28.61µm
_08360_,28.61µm
_08483_,28.61µm
_08874_,28.61µm
_09704_,28.61µm
_10167_,28.61µm
_10205_,28.61µm
_10866_,28.61µm
_11165_,28.61µm
_11476_,28.61µm
_11982_,28.61µm
_12817_,28.61µm
_14171_,28.61µm
_16494_,28.61µm
_16839_,28.61µm
_17685_,28.61µm
_18984_,28.61µm
_19068_,28.61µm
_19894_,28.61µm
_20412_,28.61µm
_20668_,28.61µm
_22021_,28.61µm
_22267_,28.61µm
_22542_,28.61µm
_23007_,28.61µm
_23102_,28.61µm
_23368_,28.61µm
_24854_,28.61µm
_24887_,28.61µm
_25227_,28.61µm
_25941_,28.61µm
_26069_,28.61µm
_26076_,28.61µm
_26152_,28.61µm
_26209_,28.61µm
_27219_,28.61µm
i_core_v_mini_mcu.ao_peripheral_subsystem_i.mosaic_clint_i.mtimecmp_q\[40\],28.61µm
i_core_v_mini_mcu.ao_peripheral_subsystem_i.power_manager_i.power_manager_counter_sequence_cpu_switch_i.sequence_curr_state\[2\],28.61µm
i_core_v_mini_mcu.ao_peripheral_subsystem_i.power_manager_i.power_manager_sequence_ram_0_iso_i.sequence_curr_state\[2\],28.61µm
i_core_v_mini_mcu.ao_peripheral_subsystem_i.spi_subsystem_i.obi_spimemio_i.obi_to_picorv32_i.picorv32_resp_i\[16\],28.61µm
i_core_v_mini_mcu.ao_peripheral_subsystem_i.tdu_i.cpi_est_q\[60\],28.61µm
i_core_v_mini_mcu.ao_peripheral_subsystem_i.tdu_i.task_mem\[2\]\[13\],28.61µm
i_core_v_mini_mcu.ao_peripheral_subsystem_i.tdu_i.task_mem\[3\]\[26\],28.61µm
i_core_v_mini_mcu.cpu_subsystem_i.cpu_0_0.rf_ram_i.memory\[150\]\[1\],28.61µm
i_core_v_mini_mcu.cpu_subsystem_i.cpu_0_0.rf_ram_i.memory\[157\]\[1\],28.61µm
i_core_v_mini_mcu.cpu_subsystem_i.cpu_0_0.rf_ram_i.memory\[256\]\[1\],28.61µm
i_core_v_mini_mcu.cpu_subsystem_i.cpu_0_0.rf_ram_i.memory\[281\]\[1\],28.61µm
i_core_v_mini_mcu.cpu_subsystem_i.cpu_0_0.rf_ram_i.memory\[387\]\[0\],28.61µm
i_core_v_mini_mcu.cpu_subsystem_i.cpu_0_0.rf_ram_i.memory\[393\]\[1\],28.61µm
i_core_v_mini_mcu.cpu_subsystem_i.cpu_0_0.rf_ram_i.memory\[397\]\[1\],28.61µm
i_core_v_mini_mcu.cpu_subsystem_i.cpu_0_0.rf_ram_i.memory\[422\]\[1\],28.61µm
i_core_v_mini_mcu.cpu_subsystem_i.cpu_0_0.rf_ram_i.memory\[61\]\[1\],28.61µm
i_core_v_mini_mcu.cpu_subsystem_i.cpu_0_0.rf_ram_i.memory\[81\]\[0\],28.61µm
i_core_v_mini_mcu.cpu_subsystem_i.cpu_1_0.i_servile.cpu.decode.o_rd_op,28.61µm
i_core_v_mini_mcu.cpu_subsystem_i.cpu_1_0.rf_ram_i.memory\[137\]\[1\],28.61µm
i_core_v_mini_mcu.cpu_subsystem_i.cpu_1_0.rf_ram_i.memory\[249\]\[0\],28.61µm
i_core_v_mini_mcu.cpu_subsystem_i.cpu_1_0.rf_ram_i.memory\[87\]\[1\],28.61µm
i_core_v_mini_mcu.memory_subsystem_i.ram0_i.tc_ram_i.sram\[11\]\[17\],28.61µm
i_core_v_mini_mcu.memory_subsystem_i.ram0_i.tc_ram_i.sram\[12\]\[14\],28.61µm
i_core_v_mini_mcu.memory_subsystem_i.ram0_i.tc_ram_i.sram\[12\]\[28\],28.61µm
i_core_v_mini_mcu.memory_subsystem_i.ram0_i.tc_ram_i.sram\[12\]\[29\],28.61µm
i_core_v_mini_mcu.memory_subsystem_i.ram0_i.tc_ram_i.sram\[12\]\[9\],28.61µm
i_core_v_mini_mcu.memory_subsystem_i.ram0_i.tc_ram_i.sram\[9\]\[8\],28.61µm
i_core_v_mini_mcu.peripheral_subsystem_i.obi_fifo_i.consumer_resp_i\[20\],28.61µm
net1671,28.61µm
_02634_,28.56µm
_05069_,28.56µm
_05942_,28.56µm
_06441_,28.56µm
_06906_,28.56µm
_07683_,28.56µm
_07939_,28.56µm
_08100_,28.56µm
_08164_,28.56µm
_08773_,28.56µm
_08992_,28.56µm
_09349_,28.56µm
_09541_,28.56µm
_09988_,28.56µm
_10100_,28.56µm
_10243_,28.56µm
_11538_,28.56µm
_11947_,28.56µm
_12041_,28.56µm
_12087_,28.56µm
_13186_,28.56µm
_13275_,28.56µm
_13680_,28.56µm
_15609_,28.56µm
_17264_,28.56µm
_17438_,28.56µm
_18828_,28.56µm
_19647_,28.56µm
_20204_,28.56µm
_20524_,28.56µm
_20576_,28.56µm
_20679_,28.56µm
_20791_,28.56µm
_20816_,28.56µm
_21099_,28.56µm
_21786_,28.56µm
_22002_,28.56µm
_22218_,28.56µm
_22610_,28.56µm
_23402_,28.56µm
_24208_,28.56µm
_24555_,28.56µm
_24665_,28.56µm
_25023_,28.56µm
_25291_,28.56µm
_25606_,28.56µm
_25662_,28.56µm
_26390_,28.56µm
_26658_,28.56µm
_28025_,28.56µm
i_core_v_mini_mcu.ao_peripheral_subsystem_i.power_manager_i.power_manager_reg_top_i.global_pointer_qs\[22\],28.56µm
i_core_v_mini_mcu.ao_peripheral_subsystem_i.power_manager_i.power_manager_reg_top_i.reg2hw\[221\],28.56µm
i_core_v_mini_mcu.ao_peripheral_subsystem_i.spi_subsystem_i.obi_spimemio_i.spimemio_i.rd_addr\[11\],28.56µm
i_core_v_mini_mcu.ao_peripheral_subsystem_i.tdu_i.task_mem\[3\]\[16\],28.56µm
i_core_v_mini_mcu.ao_peripheral_subsystem_i.tdu_i.task_mem\[3\]\[19\],28.56µm
i_core_v_mini_mcu.ao_peripheral_subsystem_i.tdu_i.task_mem\[6\]\[20\],28.56µm
i_core_v_mini_mcu.cpu_subsystem_i.cpu_0_0.rf_ram_i.memory\[257\]\[0\],28.56µm
i_core_v_mini_mcu.peripheral_subsystem_i.periph_to_reg_i.r_rdata_d\[23\],28.56µm
_18047_,28.43µm
_05951_,28.33µm
_06344_,28.33µm
i_core_v_mini_mcu.cpu_subsystem_i.cpu_0_0.rf_ram_i.memory\[128\]\[0\],28.33µm
_26706_,28.28µm
i_core_v_mini_mcu.ao_peripheral_subsystem_i.power_manager_i.power_manager_reg_top_i.global_pointer_qs\[20\],28.28µm
i_core_v_mini_mcu.cpu_subsystem_i.cpu_0_0.rf_ram_i.memory\[209\]\[1\],28.28µm
_12506_,28.25µm
_05059_,28.2µm
_05628_,28.2µm
_07354_,28.2µm
_14707_,28.2µm
_15143_,28.2µm
_15287_,28.2µm
_16744_,28.2µm
_17047_,28.2µm
_17733_,28.2µm
_06562_,28.15µm
_09129_,28.15µm
_16099_,28.15µm
_16552_,28.15µm
_16602_,28.15µm
_16646_,28.15µm
_18122_,28.15µm
_18182_,28.15µm
_20701_,28.15µm
i_core_v_mini_mcu.ao_peripheral_subsystem_i.power_manager_i.power_manager_reg_top_i.en_wait_for_intr_qs\[2\],28.15µm
i_core_v_mini_mcu.cpu_subsystem_i.cpu_0_0.rf_ram_i.memory\[249\]\[0\],28.15µm
_06249_,28.1µm
_06705_,28.1µm
_07083_,28.1µm
_07781_,28.1µm
_08808_,28.1µm
_08928_,28.1µm
_09394_,28.1µm
_09837_,28.1µm
_10232_,28.1µm
_11554_,28.1µm
_13152_,28.1µm
_15330_,28.1µm
_15723_,28.1µm
_16278_,28.1µm
_17020_,28.1µm
_17696_,28.1µm
_17890_,28.1µm
_21236_,28.1µm
_21943_,28.1µm
_23597_,28.1µm
_23958_,28.1µm
i_core_v_mini_mcu.ao_peripheral_subsystem_i.mosaic_clint_i.mtimecmp_q\[113\],28.1µm
i_core_v_mini_mcu.ao_peripheral_subsystem_i.mosaic_clint_i.mtimecmp_q\[114\],28.1µm
i_core_v_mini_mcu.ao_peripheral_subsystem_i.obi_fifo_i.consumer_data_req_q\[3\],28.1µm
i_core_v_mini_mcu.ao_peripheral_subsystem_i.spi_subsystem_i.obi_spimemio_i.obi_to_picorv32_i.picorv32_resp_i\[27\],28.1µm
i_core_v_mini_mcu.ao_peripheral_subsystem_i.spi_subsystem_i.obi_spimemio_i.spimemio_i.buffer\[1\],28.1µm
i_core_v_mini_mcu.ao_peripheral_subsystem_i.spi_subsystem_i.obi_spimemio_i.spimemio_i.xfer.xfer_ddr_q,28.1µm
i_core_v_mini_mcu.ao_peripheral_subsystem_i.tdu_i.active_hart_cycles_q\[18\],28.1µm
i_core_v_mini_mcu.ao_peripheral_subsystem_i.tdu_i.task_mem\[6\]\[12\],28.1µm
i_core_v_mini_mcu.ao_peripheral_subsystem_i.tdu_i.task_mem\[6\]\[15\],28.1µm
i_core_v_mini_mcu.cpu_subsystem_i.cpu_0_0.rf_ram_i.memory\[131\]\[0\],28.1µm
i_core_v_mini_mcu.cpu_subsystem_i.cpu_0_0.rf_ram_i.memory\[318\]\[0\],28.1µm
i_core_v_mini_mcu.cpu_subsystem_i.cpu_0_0.rf_ram_i.memory\[353\]\[0\],28.1µm
i_core_v_mini_mcu.cpu_subsystem_i.cpu_0_0.rf_ram_i.memory\[478\]\[1\],28.1µm
i_core_v_mini_mcu.cpu_subsystem_i.cpu_0_0.rf_ram_i.memory\[566\]\[1\],28.1µm
i_core_v_mini_mcu.cpu_subsystem_i.cpu_1_0.rf_ram_i.memory\[189\]\[0\],28.1µm
i_core_v_mini_mcu.memory_subsystem_i.ram0_i.tc_ram_i.sram\[26\]\[0\],28.1µm
net592,28.1µm
_02274_,28.05µm
_04090_,28.05µm
_05896_,28.05µm
_06729_,28.05µm
_06819_,28.05µm
_08243_,28.05µm
_08331_,28.05µm
_10516_,28.05µm
_11235_,28.05µm
_12174_,28.05µm
_12205_,28.05µm
_14026_,28.05µm
_14636_,28.05µm
_15074_,28.05µm
_15119_,28.05µm
_15690_,28.05µm
_16939_,28.05µm
_17136_,28.05µm
_17719_,28.05µm
_17722_,28.05µm
_18238_,28.05µm
_21522_,28.05µm
_21893_,28.05µm
_24355_,28.05µm
_25440_,28.05µm
_25962_,28.05µm
_26252_,28.05µm
_26634_,28.05µm
_26970_,28.05µm
_27161_,28.05µm
_27466_,28.05µm
_27619_,28.05µm
_27949_,28.05µm
i_core_v_mini_mcu.ao_peripheral_subsystem_i.obi_fifo_i.consumer_data_req_q\[47\],28.05µm
i_core_v_mini_mcu.ao_peripheral_subsystem_i.soc_ctrl_i.reg2hw\[15\],28.05µm
i_core_v_mini_mcu.ao_peripheral_subsystem_i.tdu_i.task_mem\[6\]\[24\],28.05µm
i_core_v_mini_mcu.cpu_subsystem_i.cpu_0_0.i_servile.arbiter.i_wb_cpu_dbus_adr\[25\],28.05µm
i_core_v_mini_mcu.cpu_subsystem_i.cpu_0_0.rf_ram_i.memory\[128\]\[1\],28.05µm
i_core_v_mini_mcu.cpu_subsystem_i.cpu_0_0.rf_ram_i.memory\[169\]\[1\],28.05µm
i_core_v_mini_mcu.cpu_subsystem_i.cpu_0_0.rf_ram_i.memory\[206\]\[0\],28.05µm
i_core_v_mini_mcu.cpu_subsystem_i.cpu_0_0.rf_ram_i.memory\[225\]\[1\],28.05µm
i_core_v_mini_mcu.cpu_subsystem_i.cpu_0_0.rf_ram_i.memory\[396\]\[1\],28.05µm
i_core_v_mini_mcu.cpu_subsystem_i.cpu_0_0.rf_ram_i.memory\[455\]\[0\],28.05µm
i_core_v_mini_mcu.cpu_subsystem_i.cpu_0_0.rf_ram_i.memory\[73\]\[1\],28.05µm
i_core_v_mini_mcu.cpu_subsystem_i.cpu_1_0.rf_ram_i.memory\[132\]\[1\],28.05µm
i_core_v_mini_mcu.cpu_subsystem_i.cpu_1_0.rf_ram_i.memory\[161\]\[0\],28.05µm
i_core_v_mini_mcu.cpu_subsystem_i.cpu_1_0.rf_ram_i.memory\[251\]\[0\],28.05µm
i_core_v_mini_mcu.cpu_subsystem_i.cpu_1_0.rf_ram_i.memory\[466\]\[0\],28.05µm
i_core_v_mini_mcu.cpu_subsystem_i.cpu_1_0.rf_ram_i.memory\[503\]\[1\],28.05µm
i_core_v_mini_mcu.memory_subsystem_i.ram0_i.tc_ram_i.sram\[17\]\[16\],28.05µm
i_core_v_mini_mcu.memory_subsystem_i.ram0_i.tc_ram_i.sram\[1\]\[7\],28.05µm
i_core_v_mini_mcu.memory_subsystem_i.ram0_i.tc_ram_i.sram\[20\]\[20\],28.05µm
i_core_v_mini_mcu.memory_subsystem_i.ram0_i.tc_ram_i.sram\[27\]\[2\],28.05µm
i_core_v_mini_mcu.memory_subsystem_i.ram0_i.tc_ram_i.sram\[28\]\[17\],28.05µm
i_core_v_mini_mcu.memory_subsystem_i.ram0_i.tc_ram_i.sram\[2\]\[11\],28.05µm
i_core_v_mini_mcu.memory_subsystem_i.ram0_i.tc_ram_i.sram\[2\]\[4\],28.05µm
i_core_v_mini_mcu.memory_subsystem_i.ram0_i.tc_ram_i.sram\[6\]\[26\],28.05µm
i_core_v_mini_mcu.peripheral_subsystem_i.obi_fifo_i.consumer_data_req\[36\],28.05µm
i_core_v_mini_mcu.peripheral_subsystem_i.obi_fifo_i.consumer_resp_i\[21\],28.05µm
i_core_v_mini_mcu.peripheral_subsystem_i.obi_fifo_i.obi_resp_fifo_i.status_cnt_q\[0\],28.05µm
_00164_,28µm
_00347_,28µm
_00355_,28µm
_00356_,28µm
_07411_,28µm
_07601_,28µm
_07855_,28µm
_08201_,28µm
_08261_,28µm
_08485_,28µm
_10890_,28µm
_11660_,28µm
_12261_,28µm
_12430_,28µm
_13004_,28µm
_13288_,28µm
_13368_,28µm
_13607_,28µm
_13873_,28µm
_14000_,28µm
_14167_,28µm
_14197_,28µm
_14199_,28µm
_15310_,28µm
_17504_,28µm
_17654_,28µm
_18101_,28µm
_18441_,28µm
_18563_,28µm
_20171_,28µm
_20271_,28µm
_20281_,28µm
_20687_,28µm
_20840_,28µm
_21001_,28µm
_23524_,28µm
_23717_,28µm
_23800_,28µm
_24154_,28µm
_24624_,28µm
_25002_,28µm
_25082_,28µm
_25089_,28µm
_25350_,28µm
_25473_,28µm
_25799_,28µm
_25800_,28µm
_26131_,28µm
_26421_,28µm
_27137_,28µm
_27174_,28µm
_27181_,28µm
_27463_,28µm
i_core_v_mini_mcu.ao_peripheral_subsystem_i.periph_to_reg_i.r_rdata_d\[24\],28µm
i_core_v_mini_mcu.ao_peripheral_subsystem_i.power_manager_i.reg_to_counter_cpu_reset_assert_i.counter_curr_state\[0\],28µm
i_core_v_mini_mcu.cpu_subsystem_i.cpu_1_0.rf_ram_i.memory\[165\]\[0\],28µm
i_core_v_mini_mcu.cpu_subsystem_i.cpu_1_0.rf_ram_i.memory\[242\]\[0\],28µm
i_core_v_mini_mcu.cpu_subsystem_i.cpu_1_0.rf_ram_i.memory\[91\]\[1\],28µm
i_core_v_mini_mcu.memory_subsystem_i.ram0_i.tc_ram_i.sram\[10\]\[21\],28µm
i_core_v_mini_mcu.memory_subsystem_i.ram0_i.tc_ram_i.sram\[15\]\[10\],28µm
i_core_v_mini_mcu.memory_subsystem_i.ram0_i.tc_ram_i.sram\[28\]\[26\],28µm
i_core_v_mini_mcu.memory_subsystem_i.ram0_i.tc_ram_i.sram\[4\]\[30\],28µm
i_core_v_mini_mcu.peripheral_subsystem_i.obi_fifo_i.consumer_resp_i\[11\],28µm
i_core_v_mini_mcu.peripheral_subsystem_i.obi_fifo_i.consumer_data_req\[35\],27.77µm
i_core_v_mini_mcu.ao_peripheral_subsystem_i.spi_subsystem_i.obi_spimemio_i.obi_to_picorv32_i.picorv32_resp_i\[10\],27.72µm
_16985_,27.69µm
_17242_,27.69µm
_17365_,27.69µm
_17530_,27.69µm
_17621_,27.69µm
_08934_,27.64µm
_14480_,27.64µm
_15267_,27.64µm
_15837_,27.64µm
_15955_,27.64µm
_15984_,27.64µm
_16179_,27.64µm
_16969_,27.64µm
_17133_,27.64µm
_17405_,27.64µm
_25034_,27.64µm
i_core_v_mini_mcu.ao_peripheral_subsystem_i.power_manager_i.power_manager_reg_top_i.cpu_iso_off_counter_qs\[3\],27.64µm
_06065_,27.59µm
_08520_,27.59µm
_08733_,27.59µm
_09356_,27.59µm
_14682_,27.59µm
_14891_,27.59µm
_16805_,27.59µm
_17325_,27.59µm
_17984_,27.59µm
_19651_,27.59µm
_22496_,27.59µm
i_core_v_mini_mcu.ao_peripheral_subsystem_i.obi_fifo_i.consumer_data_req\[5\],27.59µm
i_core_v_mini_mcu.ao_peripheral_subsystem_i.power_manager_i.reg_to_counter_cpu_powergate_iso_on_i.counter_curr_state\[0\],27.59µm
i_core_v_mini_mcu.ao_peripheral_subsystem_i.tdu_i.task_mem\[2\]\[28\],27.59µm
i_core_v_mini_mcu.cpu_subsystem_i.cpu_1_0.rf_ram_i.memory\[148\]\[0\],27.59µm
i_core_v_mini_mcu.cpu_subsystem_i.cpu_1_0.rf_ram_i.memory\[307\]\[1\],27.59µm
_01919_,27.54µm
_04437_,27.54µm
_05488_,27.54µm
_07498_,27.54µm
_07800_,27.54µm
_08880_,27.54µm
_09301_,27.54µm
_10172_,27.54µm
_10991_,27.54µm
_12185_,27.54µm
_12653_,27.54µm
_13547_,27.54µm
_14516_,27.54µm
_15261_,27.54µm
_16479_,27.54µm
_16874_,27.54µm
_17116_,27.54µm
_17747_,27.54µm
_20186_,27.54µm
_21251_,27.54µm
_22454_,27.54µm
_23579_,27.54µm
_24191_,27.54µm
_24257_,27.54µm
_24715_,27.54µm
_26247_,27.54µm
_27513_,27.54µm
exit_value_int\[20\],27.54µm
i_core_v_mini_mcu.ao_peripheral_subsystem_i.mosaic_clint_i.mtimecmp_q\[41\],27.54µm
i_core_v_mini_mcu.cpu_subsystem_i.cpu_0_0.i_servile.cpu.alu.i_cmp_eq,27.54µm
i_core_v_mini_mcu.cpu_subsystem_i.cpu_0_0.rf_ram_i.memory\[181\]\[0\],27.54µm
i_core_v_mini_mcu.cpu_subsystem_i.cpu_0_0.rf_ram_i.memory\[405\]\[1\],27.54µm
i_core_v_mini_mcu.cpu_subsystem_i.cpu_0_0.rf_ram_i.memory\[454\]\[1\],27.54µm
i_core_v_mini_mcu.cpu_subsystem_i.cpu_0_0.rf_ram_i.memory\[456\]\[0\],27.54µm
i_core_v_mini_mcu.cpu_subsystem_i.cpu_0_0.rf_ram_i.memory\[521\]\[1\],27.54µm
i_core_v_mini_mcu.cpu_subsystem_i.cpu_1_0.i_servile.cpu.immdec.gen_immdec_w_eq_1.imm24_20\[3\],27.54µm
i_core_v_mini_mcu.peripheral_subsystem_i.uart_i.reg2hw\[32\],27.54µm
i_core_v_mini_mcu.peripheral_subsystem_i.uart_i.reg2hw\[34\],27.54µm
i_core_v_mini_mcu.peripheral_subsystem_i.uart_i.uart_core.u_uart_rxfifo.gen_normal_fifo.storage\[25\],27.54µm
_00368_,27.49µm
_03625_,27.49µm
_03693_,27.49µm
_04763_,27.49µm
_06139_,27.49µm
_06473_,27.49µm
_07906_,27.49µm
_08332_,27.49µm
_08749_,27.49µm
_09744_,27.49µm
_09861_,27.49µm
_10118_,27.49µm
_10141_,27.49µm
_10344_,27.49µm
_10473_,27.49µm
_10489_,27.49µm
_11890_,27.49µm
_12329_,27.49µm
_12809_,27.49µm
_13021_,27.49µm
_13131_,27.49µm
_13413_,27.49µm
_13488_,27.49µm
_13886_,27.49µm
_14619_,27.49µm
_15374_,27.49µm
_16948_,27.49µm
_17281_,27.49µm
_17906_,27.49µm
_18192_,27.49µm
_18869_,27.49µm
_20086_,27.49µm
_20583_,27.49µm
_20754_,27.49µm
_20779_,27.49µm
_20930_,27.49µm
_21449_,27.49µm
_22194_,27.49µm
_23612_,27.49µm
_23620_,27.49µm
_23688_,27.49µm
_24557_,27.49µm
_25696_,27.49µm
_26347_,27.49µm
_26470_,27.49µm
_27618_,27.49µm
_28294_,27.49µm
_28295_,27.49µm
exit_value_int\[14\],27.49µm
i_core_v_mini_mcu.ao_peripheral_subsystem_i.obi_fifo_i.consumer_data_req_q\[45\],27.49µm
i_core_v_mini_mcu.ao_peripheral_subsystem_i.soc_ctrl_i.enable_spi_sel,27.49µm
i_core_v_mini_mcu.ao_peripheral_subsystem_i.spi_subsystem_i.obi_spimemio_i.obi_to_picorv32_i.picorv32_resp_i\[11\],27.49µm
i_core_v_mini_mcu.ao_peripheral_subsystem_i.tdu_i.task_mem\[0\]\[7\],27.49µm
i_core_v_mini_mcu.ao_peripheral_subsystem_i.tdu_i.task_mem\[5\]\[21\],27.49µm
i_core_v_mini_mcu.ao_peripheral_subsystem_i.tdu_i.task_mem\[5\]\[26\],27.49µm
i_core_v_mini_mcu.ao_peripheral_subsystem_i.tdu_i.task_mem\[7\]\[10\],27.49µm
i_core_v_mini_mcu.cpu_subsystem_i.cpu_0_0.i_servile.cpu.gen_align.align.ibus_rdt_concat\[15\],27.49µm
i_core_v_mini_mcu.cpu_subsystem_i.cpu_0_0.rf_ram_i.memory\[133\]\[1\],27.49µm
i_core_v_mini_mcu.cpu_subsystem_i.cpu_0_0.rf_ram_i.memory\[140\]\[0\],27.49µm
i_core_v_mini_mcu.cpu_subsystem_i.cpu_0_0.rf_ram_i.memory\[294\]\[0\],27.49µm
i_core_v_mini_mcu.cpu_subsystem_i.cpu_1_0.rf_ram_i.memory\[127\]\[0\],27.49µm
i_core_v_mini_mcu.cpu_subsystem_i.cpu_1_0.rf_ram_i.memory\[136\]\[0\],27.49µm
i_core_v_mini_mcu.cpu_subsystem_i.cpu_1_0.rf_ram_i.memory\[184\]\[0\],27.49µm
i_core_v_mini_mcu.cpu_subsystem_i.cpu_1_0.rf_ram_i.memory\[19\]\[0\],27.49µm
i_core_v_mini_mcu.cpu_subsystem_i.cpu_1_0.rf_ram_i.memory\[412\]\[0\],27.49µm
i_core_v_mini_mcu.memory_subsystem_i.ram0_i.tc_ram_i.sram\[0\]\[13\],27.49µm
i_core_v_mini_mcu.memory_subsystem_i.ram0_i.tc_ram_i.sram\[12\]\[13\],27.49µm
i_core_v_mini_mcu.memory_subsystem_i.ram0_i.tc_ram_i.sram\[1\]\[19\],27.49µm
i_core_v_mini_mcu.memory_subsystem_i.ram0_i.tc_ram_i.sram\[30\]\[28\],27.49µm
i_core_v_mini_mcu.memory_subsystem_i.ram0_i.tc_ram_i.sram\[31\]\[17\],27.49µm
i_core_v_mini_mcu.memory_subsystem_i.ram0_i.tc_ram_i.sram\[5\]\[22\],27.49µm
i_core_v_mini_mcu.memory_subsystem_i.ram0_i.tc_ram_i.sram\[7\]\[2\],27.49µm
i_core_v_mini_mcu.peripheral_subsystem_i.obi_fifo_i.consumer_data_req\[37\],27.49µm
i_core_v_mini_mcu.peripheral_subsystem_i.periph_to_reg_i.r_rdata_d\[9\],27.49µm
i_core_v_mini_mcu.peripheral_subsystem_i.uart_i.reg2hw\[28\],27.49µm
i_core_v_mini_mcu.peripheral_subsystem_i.uart_i.uart_core.rx_timeout_count_q\[15\],27.49µm
_06098_,27.44µm
_07475_,27.44µm
_08021_,27.44µm
_08046_,27.44µm
_08128_,27.44µm
_08724_,27.44µm
_08885_,27.44µm
_09912_,27.44µm
_11066_,27.44µm
_11724_,27.44µm
_11898_,27.44µm
_11944_,27.44µm
_11967_,27.44µm
_13323_,27.44µm
_13825_,27.44µm
_14181_,27.44µm
_15565_,27.44µm
_15627_,27.44µm
_17875_,27.44µm
_18747_,27.44µm
_18831_,27.44µm
_19024_,27.44µm
_19911_,27.44µm
_20559_,27.44µm
_20720_,27.44µm
_21112_,27.44µm
_22101_,27.44µm
_23031_,27.44µm
_23284_,27.44µm
_23643_,27.44µm
_23787_,27.44µm
_24706_,27.44µm
_25094_,27.44µm
_25434_,27.44µm
_25461_,27.44µm
_25465_,27.44µm
_26232_,27.44µm
_27104_,27.44µm
_27105_,27.44µm
_27340_,27.44µm
_27624_,27.44µm
_27805_,27.44µm
exit_value_int\[25\],27.44µm
i_core_v_mini_mcu.ao_peripheral_subsystem_i.power_manager_i.power_manager_sequence_periph_switch_i.sequence_curr_state\[4\],27.44µm
i_core_v_mini_mcu.ao_peripheral_subsystem_i.spi_subsystem_i.obi_spimemio_i.spimemio_i.buffer\[18\],27.44µm
i_core_v_mini_mcu.ao_peripheral_subsystem_i.spi_subsystem_i.obi_spimemio_i.spimemio_i.config_oe\[3\],27.44µm
i_core_v_mini_mcu.ao_peripheral_subsystem_i.tdu_i.task_mem\[6\]\[27\],27.44µm
i_core_v_mini_mcu.ao_peripheral_subsystem_i.tdu_i.task_mem\[7\]\[11\],27.44µm
i_core_v_mini_mcu.cpu_subsystem_i.cpu_0_0.rf_ram_i.memory\[263\]\[1\],27.44µm
i_core_v_mini_mcu.cpu_subsystem_i.cpu_0_0.rf_ram_i.memory\[325\]\[0\],27.44µm
i_core_v_mini_mcu.cpu_subsystem_i.cpu_0_0.rf_ram_i.memory\[396\]\[0\],27.44µm
i_core_v_mini_mcu.cpu_subsystem_i.cpu_0_0.rf_ram_i.memory\[411\]\[1\],27.44µm
i_core_v_mini_mcu.cpu_subsystem_i.cpu_1_0.rf_ram_i.memory\[130\]\[0\],27.44µm
i_core_v_mini_mcu.cpu_subsystem_i.cpu_1_0.rf_ram_i.memory\[446\]\[1\],27.44µm
i_core_v_mini_mcu.cpu_subsystem_i.cpu_1_0.rf_ram_i.memory\[53\]\[1\],27.44µm
i_core_v_mini_mcu.peripheral_subsystem_i.uart_i.reg2hw\[25\],27.44µm
_15784_,27.31µm
_27436_,27.3µm
_11038_,27.28µm
_27380_,27.21µm
i_core_v_mini_mcu.cpu_subsystem_i.cpu_0_0.rf_ram_i.memory\[152\]\[1\],27.21µm
_06787_,27.16µm
i_core_v_mini_mcu.cpu_subsystem_i.cpu_1_0.rf_ram_i.memory\[314\]\[0\],27.16µm
_10482_,27.13µm
_15543_,27.13µm
_08702_,27.08µm
_09778_,27.08µm
_10174_,27.08µm
_15044_,27.08µm
_15083_,27.08µm
_15439_,27.08µm
_15540_,27.08µm
_15960_,27.08µm
_17603_,27.08µm
_08625_,27.03µm
_08698_,27.03µm
_08891_,27.03µm
_14817_,27.03µm
_15781_,27.03µm
_16350_,27.03µm
_17887_,27.03µm
_17893_,27.03µm
_18722_,27.03µm
_24187_,27.03µm
i_core_v_mini_mcu.ao_peripheral_subsystem_i.obi_fifo_i.consumer_data_req\[29\],27.03µm
i_core_v_mini_mcu.ao_peripheral_subsystem_i.power_manager_i.power_manager_reg_top_i.reg2hw\[229\],27.03µm
i_core_v_mini_mcu.cpu_subsystem_i.cpu_1_0.rf_ram_i.memory\[262\]\[0\],27.03µm
i_core_v_mini_mcu.peripheral_subsystem_i.uart_i.reg2hw\[109\],27.03µm
i_core_v_mini_mcu.peripheral_subsystem_i.uart_i.reg2hw\[3\],27.03µm
_06519_,26.98µm
_07684_,26.98µm
_07889_,26.98µm
_08731_,26.98µm
_09650_,26.98µm
_10199_,26.98µm
_14475_,26.98µm
_15241_,26.98µm
_16131_,26.98µm
_18012_,26.98µm
_20149_,26.98µm
_21109_,26.98µm
_22164_,26.98µm
_23632_,26.98µm
_25464_,26.98µm
_27069_,26.98µm
_27888_,26.98µm
exit_value_int\[31\],26.98µm
i_core_v_mini_mcu.ao_peripheral_subsystem_i.obi_fifo_i.consumer_data_req_q\[40\],26.98µm
i_core_v_mini_mcu.ao_peripheral_subsystem_i.power_manager_i.power_manager_reg_top_i.reg2hw\[224\],26.98µm
i_core_v_mini_mcu.ao_peripheral_subsystem_i.spi_subsystem_i.obi_spimemio_i.spimemio_i.rd_addr\[19\],26.98µm
i_core_v_mini_mcu.ao_peripheral_subsystem_i.tdu_i.task_mem\[0\]\[11\],26.98µm
i_core_v_mini_mcu.ao_peripheral_subsystem_i.tdu_i.task_mem\[6\]\[29\],26.98µm
i_core_v_mini_mcu.ao_peripheral_subsystem_i.tdu_i.task_mem\[6\]\[30\],26.98µm
i_core_v_mini_mcu.cpu_subsystem_i.cpu_0_0.rf_ram_i.memory\[194\]\[1\],26.98µm
i_core_v_mini_mcu.cpu_subsystem_i.cpu_0_0.rf_ram_i.memory\[19\]\[1\],26.98µm
i_core_v_mini_mcu.cpu_subsystem_i.cpu_0_0.rf_ram_i.memory\[262\]\[0\],26.98µm
i_core_v_mini_mcu.cpu_subsystem_i.cpu_0_0.rf_ram_i.memory\[356\]\[0\],26.98µm
i_core_v_mini_mcu.cpu_subsystem_i.cpu_0_0.rf_ram_i.memory\[372\]\[0\],26.98µm
i_core_v_mini_mcu.cpu_subsystem_i.cpu_0_0.rf_ram_i.memory\[441\]\[0\],26.98µm
i_core_v_mini_mcu.cpu_subsystem_i.cpu_1_0.rf_ram_i.memory\[194\]\[1\],26.98µm
i_core_v_mini_mcu.cpu_subsystem_i.cpu_1_0.rf_ram_i.memory\[408\]\[1\],26.98µm
i_core_v_mini_mcu.memory_subsystem_i.ram0_i.rdata_o\[9\],26.98µm
i_core_v_mini_mcu.memory_subsystem_i.ram0_i.tc_ram_i.sram\[0\]\[5\],26.98µm
i_core_v_mini_mcu.memory_subsystem_i.ram0_i.tc_ram_i.sram\[8\]\[5\],26.98µm
_03733_,26.93µm
_04370_,26.93µm
_04814_,26.93µm
_05649_,26.93µm
_09498_,26.93µm
_09565_,26.93µm
_09666_,26.93µm
_09885_,26.93µm
_10294_,26.93µm
_10351_,26.93µm
_10839_,26.93µm
_11057_,26.93µm
_11512_,26.93µm
_12768_,26.93µm
_13382_,26.93µm
_14029_,26.93µm
_15360_,26.93µm
_16310_,26.93µm
_16666_,26.93µm
_17399_,26.93µm
_18915_,26.93µm
_19353_,26.93µm
_19625_,26.93µm
_20236_,26.93µm
_20631_,26.93µm
_20805_,26.93µm
_20808_,26.93µm
_21433_,26.93µm
_23797_,26.93µm
_25015_,26.93µm
_25511_,26.93µm
_25902_,26.93µm
i_core_v_mini_mcu.ao_peripheral_subsystem_i.periph_to_reg_i.r_rdata_d\[22\],26.93µm
i_core_v_mini_mcu.ao_peripheral_subsystem_i.power_manager_i.power_manager_reg_top_i.cpu_reset_assert_counter_qs\[11\],26.93µm
i_core_v_mini_mcu.ao_peripheral_subsystem_i.power_manager_i.power_manager_reg_top_i.en_wait_for_intr_qs\[4\],26.93µm
i_core_v_mini_mcu.ao_peripheral_subsystem_i.spi_subsystem_i.obi_spimemio_i.spimemio_i.buffer\[12\],26.93µm
i_core_v_mini_mcu.ao_peripheral_subsystem_i.tdu_i.active_hart_cycles_q\[27\],26.93µm
i_core_v_mini_mcu.ao_peripheral_subsystem_i.tdu_i.task_mem\[3\]\[10\],26.93µm
i_core_v_mini_mcu.ao_peripheral_subsystem_i.tdu_i.task_mem\[5\]\[15\],26.93µm
i_core_v_mini_mcu.cpu_subsystem_i.cpu_0_0.i_servile.arbiter.i_wb_cpu_dbus_adr\[28\],26.93µm
i_core_v_mini_mcu.cpu_subsystem_i.cpu_0_0.rf_ram_i.memory\[65\]\[0\],26.93µm
i_core_v_mini_mcu.cpu_subsystem_i.cpu_1_0.rf_ram_i.memory\[11\]\[0\],26.93µm
i_core_v_mini_mcu.cpu_subsystem_i.cpu_1_0.rf_ram_i.memory\[173\]\[0\],26.93µm
i_core_v_mini_mcu.cpu_subsystem_i.cpu_1_0.rf_ram_i.memory\[248\]\[1\],26.93µm
i_core_v_mini_mcu.cpu_subsystem_i.cpu_1_0.rf_ram_i.memory\[304\]\[0\],26.93µm
i_core_v_mini_mcu.memory_subsystem_i.ram0_i.tc_ram_i.sram\[28\]\[24\],26.93µm
i_core_v_mini_mcu.memory_subsystem_i.ram0_i.tc_ram_i.sram\[6\]\[24\],26.93µm
i_core_v_mini_mcu.memory_subsystem_i.ram0_i.tc_ram_i.sram\[7\]\[7\],26.93µm
i_core_v_mini_mcu.peripheral_subsystem_i.obi_fifo_i.consumer_data_req_q\[18\],26.93µm
_00049_,26.88µm
_00362_,26.88µm
_01171_,26.88µm
_02428_,26.88µm
_04132_,26.88µm
_05477_,26.88µm
_07104_,26.88µm
_07893_,26.88µm
_07995_,26.88µm
_08962_,26.88µm
_09117_,26.88µm
_09160_,26.88µm
_09475_,26.88µm
_09659_,26.88µm
_10061_,26.88µm
_10134_,26.88µm
_10276_,26.88µm
_10779_,26.88µm
_11679_,26.88µm
_12499_,26.88µm
_12552_,26.88µm
_12857_,26.88µm
_13274_,26.88µm
_13344_,26.88µm
_13391_,26.88µm
_13747_,26.88µm
_14905_,26.88µm
_15639_,26.88µm
_15643_,26.88µm
_15713_,26.88µm
_15749_,26.88µm
_16842_,26.88µm
_18055_,26.88µm
_18798_,26.88µm
_18872_,26.88µm
_19325_,26.88µm
_19740_,26.88µm
_19906_,26.88µm
_20045_,26.88µm
_20200_,26.88µm
_20673_,26.88µm
_21516_,26.88µm
_22255_,26.88µm
_23274_,26.88µm
_24173_,26.88µm
_24922_,26.88µm
_25020_,26.88µm
_25053_,26.88µm
_26048_,26.88µm
_26078_,26.88µm
_26853_,26.88µm
_26956_,26.88µm
_26968_,26.88µm
_27531_,26.88µm
i_core_v_mini_mcu.ao_peripheral_subsystem_i.obi_fifo_i.consumer_data_req_q\[36\],26.88µm
i_core_v_mini_mcu.ao_peripheral_subsystem_i.periph_to_reg_i.r_rdata_d\[7\],26.88µm
i_core_v_mini_mcu.cpu_subsystem_i.cpu_0_0.i_servile.arbiter.i_wb_cpu_dbus_adr\[14\],26.88µm
i_core_v_mini_mcu.cpu_subsystem_i.cpu_1_0.rf_ram_i.memory\[168\]\[0\],26.88µm
i_core_v_mini_mcu.cpu_subsystem_i.cpu_1_0.rf_ram_i.memory\[335\]\[1\],26.88µm
i_core_v_mini_mcu.cpu_subsystem_i.cpu_1_0.rf_ram_i.memory\[350\]\[1\],26.88µm
i_core_v_mini_mcu.memory_subsystem_i.ram0_i.tc_ram_i.sram\[15\]\[2\],26.88µm
i_core_v_mini_mcu.memory_subsystem_i.ram0_i.tc_ram_i.sram\[1\]\[17\],26.88µm
i_core_v_mini_mcu.memory_subsystem_i.ram0_i.tc_ram_i.sram\[7\]\[17\],26.88µm
i_core_v_mini_mcu.peripheral_slave_resp\[14\],26.88µm
i_core_v_mini_mcu.cpu_subsystem_i.cpu_0_0.rf_ram_i.memory\[213\]\[1\],26.65µm
i_core_v_mini_mcu.cpu_subsystem_i.cpu_0_0.rf_ram_i.memory\[558\]\[1\],26.65µm
_15008_,26.57µm
_15596_,26.57µm
_16152_,26.57µm
_16788_,26.57µm
_06228_,26.52µm
_14553_,26.52µm
_15101_,26.52µm
_15113_,26.52µm
_15888_,26.52µm
_16982_,26.52µm
_17262_,26.52µm
_17461_,26.52µm
_19530_,26.52µm
_05922_,26.47µm
_08588_,26.47µm
_09040_,26.47µm
_09645_,26.47µm
_09755_,26.47µm
_10236_,26.47µm
_12517_,26.47µm
_13944_,26.47µm
_15225_,26.47µm
_15368_,26.47µm
_15514_,26.47µm
_15846_,26.47µm
_15978_,26.47µm
_16253_,26.47µm
_17265_,26.47µm
_17343_,26.47µm
_17505_,26.47µm
_17944_,26.47µm
_17953_,26.47µm
_24241_,26.47µm
i_core_v_mini_mcu.ao_peripheral_subsystem_i.mosaic_clint_i.mtimecmp_q\[49\],26.47µm
i_core_v_mini_mcu.ao_peripheral_subsystem_i.power_manager_i.power_manager_reg_top_i.intr_state_qs\[8\],26.47µm
i_core_v_mini_mcu.cpu_subsystem_i.cpu_1_0.rf_ram_i.memory\[425\]\[1\],26.47µm
i_core_v_mini_mcu.cpu_subsystem_i.cpu_1_0.rf_ram_i.memory\[79\]\[0\],26.47µm
_06737_,26.42µm
_07884_,26.42µm
_08548_,26.42µm
_08910_,26.42µm
_09235_,26.42µm
_09264_,26.42µm
_10409_,26.42µm
_10589_,26.42µm
_12255_,26.42µm
_14686_,26.42µm
_15080_,26.42µm
_16560_,26.42µm
_20743_,26.42µm
_23150_,26.42µm
_24140_,26.42µm
_26411_,26.42µm
i_core_v_mini_mcu.ao_peripheral_subsystem_i.power_manager_i.power_manager_reg_top_i.cpu_iso_off_counter_qs\[15\],26.42µm
i_core_v_mini_mcu.ao_peripheral_subsystem_i.power_manager_i.power_manager_reg_top_i.en_wait_for_intr_qs\[29\],26.42µm
i_core_v_mini_mcu.ao_peripheral_subsystem_i.tdu_i.cpi_est_q\[29\],26.42µm
i_core_v_mini_mcu.ao_peripheral_subsystem_i.tdu_i.task_mem\[5\]\[22\],26.42µm
i_core_v_mini_mcu.cpu_subsystem_i.cpu_0_0.i_servile.arbiter.i_wb_cpu_dbus_adr\[4\],26.42µm
i_core_v_mini_mcu.cpu_subsystem_i.cpu_0_0.rf_ram_i.memory\[345\]\[1\],26.42µm
i_core_v_mini_mcu.cpu_subsystem_i.cpu_0_0.rf_ram_i.memory\[383\]\[1\],26.42µm
i_core_v_mini_mcu.cpu_subsystem_i.cpu_1_0.rf_ram_i.memory\[259\]\[1\],26.42µm
i_core_v_mini_mcu.memory_subsystem_i.ram0_i.tc_ram_i.sram\[10\]\[17\],26.42µm
i_core_v_mini_mcu.memory_subsystem_i.ram0_i.tc_ram_i.sram\[17\]\[0\],26.42µm
i_core_v_mini_mcu.memory_subsystem_i.ram0_i.tc_ram_i.sram\[30\]\[26\],26.42µm
_00436_,26.37µm
_03899_,26.37µm
_03969_,26.37µm
_03973_,26.37µm
_05412_,26.37µm
_06266_,26.37µm
_07369_,26.37µm
_07836_,26.37µm
_08167_,26.37µm
_08217_,26.37µm
_08674_,26.37µm
_09333_,26.37µm
_09607_,26.37µm
_10171_,26.37µm
_10260_,26.37µm
_10799_,26.37µm
_11341_,26.37µm
_11868_,26.37µm
_12357_,26.37µm
_12388_,26.37µm
_12682_,26.37µm
_12861_,26.37µm
_13109_,26.37µm
_13211_,26.37µm
_13355_,26.37µm
_13622_,26.37µm
_13841_,26.37µm
_14660_,26.37µm
_17277_,26.37µm
_17731_,26.37µm
_18351_,26.37µm
_18900_,26.37µm
_19377_,26.37µm
_20804_,26.37µm
_21489_,26.37µm
_21628_,26.37µm
_22613_,26.37µm
_23220_,26.37µm
_23332_,26.37µm
_23355_,26.37µm
_24130_,26.37µm
_25195_,26.37µm
_25632_,26.37µm
_26733_,26.37µm
_27160_,26.37µm
_27607_,26.37µm
i_core_v_mini_mcu.ao_peripheral_subsystem_i.obi_fifo_i.consumer_resp_i\[27\],26.37µm
i_core_v_mini_mcu.ao_peripheral_subsystem_i.power_manager_i.power_manager_reg_top_i.reg2hw\[240\],26.37µm
i_core_v_mini_mcu.ao_peripheral_subsystem_i.soc_ctrl_i.soc_ctrl_reg_top_i.system_frequency_hz_qs\[5\],26.37µm
i_core_v_mini_mcu.ao_peripheral_subsystem_i.tdu_i.cpi_est_q\[4\],26.37µm
i_core_v_mini_mcu.cpu_subsystem_i.cpu_0_0.rf_ram_i.memory\[20\]\[1\],26.37µm
i_core_v_mini_mcu.cpu_subsystem_i.cpu_0_0.rf_ram_i.memory\[286\]\[1\],26.37µm
i_core_v_mini_mcu.cpu_subsystem_i.cpu_0_0.rf_ram_i.memory\[290\]\[1\],26.37µm
i_core_v_mini_mcu.cpu_subsystem_i.cpu_0_0.rf_ram_i.memory\[407\]\[1\],26.37µm
i_core_v_mini_mcu.cpu_subsystem_i.cpu_0_0.rf_ram_i.memory\[422\]\[0\],26.37µm
i_core_v_mini_mcu.cpu_subsystem_i.cpu_0_0.rf_ram_i.memory\[487\]\[1\],26.37µm
i_core_v_mini_mcu.cpu_subsystem_i.cpu_0_0.rf_ram_i.memory\[552\]\[1\],26.37µm
i_core_v_mini_mcu.cpu_subsystem_i.cpu_0_0.rf_ram_i.memory\[9\]\[1\],26.37µm
i_core_v_mini_mcu.cpu_subsystem_i.cpu_1_0.rf_ram_i.memory\[311\]\[0\],26.37µm
i_core_v_mini_mcu.cpu_subsystem_i.cpu_1_0.rf_ram_i.memory\[388\]\[1\],26.37µm
i_core_v_mini_mcu.cpu_subsystem_i.cpu_1_0.rf_ram_i.memory\[431\]\[0\],26.37µm
i_core_v_mini_mcu.cpu_subsystem_i.cpu_1_0.rf_ram_i.memory\[4\]\[0\],26.37µm
i_core_v_mini_mcu.cpu_subsystem_i.cpu_1_0.rf_ram_i.memory\[501\]\[1\],26.37µm
i_core_v_mini_mcu.cpu_subsystem_i.cpu_1_0.rf_ram_i.memory\[88\]\[1\],26.37µm
i_core_v_mini_mcu.memory_subsystem_i.ram0_i.tc_ram_i.sram\[15\]\[8\],26.37µm
i_core_v_mini_mcu.memory_subsystem_i.ram0_i.tc_ram_i.sram\[2\]\[1\],26.37µm
i_core_v_mini_mcu.peripheral_subsystem_i.uart_i.hw2reg\[14\],26.37µm
i_core_v_mini_mcu.peripheral_subsystem_i.uart_i.uart_core.u_uart_rxfifo.gen_normal_fifo.storage\[10\],26.37µm
_00367_,26.32µm
_03289_,26.32µm
_04991_,26.32µm
_05066_,26.32µm
_07493_,26.32µm
_07603_,26.32µm
_07698_,26.32µm
_07955_,26.32µm
_09624_,26.32µm
_10020_,26.32µm
_10048_,26.32µm
_10111_,26.32µm
_11858_,26.32µm
_12399_,26.32µm
_12800_,26.32µm
_14002_,26.32µm
_14289_,26.32µm
_14334_,26.32µm
_15577_,26.32µm
_17838_,26.32µm
_18551_,26.32µm
_18790_,26.32µm
_18838_,26.32µm
_18885_,26.32µm
_19447_,26.32µm
_20685_,26.32µm
_20708_,26.32µm
_20728_,26.32µm
_20803_,26.32µm
_21214_,26.32µm
_21702_,26.32µm
_22964_,26.32µm
_26696_,26.32µm
_26864_,26.32µm
_26865_,26.32µm
_27051_,26.32µm
_27554_,26.32µm
_28253_,26.32µm
_28462_,26.32µm
i_core_v_mini_mcu.ao_peripheral_subsystem_i.obi_fifo_i.consumer_data_req_q\[67\],26.32µm
i_core_v_mini_mcu.ao_peripheral_subsystem_i.power_manager_i.power_manager_reg_top_i.global_pointer_qs\[15\],26.32µm
i_core_v_mini_mcu.ao_peripheral_subsystem_i.spi_subsystem_i.obi_spimemio_i.obi_to_picorv32_i.picorv32_resp_i\[13\],26.32µm
i_core_v_mini_mcu.ao_peripheral_subsystem_i.spi_subsystem_i.obi_spimemio_i.spimemio_i.buffer\[11\],26.32µm
i_core_v_mini_mcu.ao_peripheral_subsystem_i.tdu_i.task_mem\[0\]\[31\],26.32µm
i_core_v_mini_mcu.ao_peripheral_subsystem_i.tdu_i.task_mem\[5\]\[5\],26.32µm
i_core_v_mini_mcu.cpu_subsystem_i.cpu_0_0.i_servile.arbiter.i_wb_cpu_dbus_adr\[16\],26.32µm
i_core_v_mini_mcu.cpu_subsystem_i.cpu_0_0.rf_ram_i.memory\[36\]\[0\],26.32µm
i_core_v_mini_mcu.cpu_subsystem_i.cpu_0_0.rf_ram_i.memory\[386\]\[1\],26.32µm
i_core_v_mini_mcu.cpu_subsystem_i.cpu_0_0.rf_ram_i.memory\[491\]\[0\],26.32µm
i_core_v_mini_mcu.cpu_subsystem_i.cpu_0_0.rf_ram_i.memory\[545\]\[1\],26.32µm
i_core_v_mini_mcu.cpu_subsystem_i.cpu_1_0.rf_ram_i.rdata\[1\],26.32µm
i_core_v_mini_mcu.memory_subsystem_i.ram0_i.tc_ram_i.sram\[3\]\[31\],26.32µm
i_core_v_mini_mcu.peripheral_slave_resp\[28\],26.32µm
i_core_v_mini_mcu.memory_subsystem_i.ram0_i.tc_ram_i.sram\[8\]\[28\],26.09µm
_14952_,26.06µm
_24076_,26.04µm
_06160_,26.01µm
_15342_,26.01µm
_15698_,26.01µm
_16908_,26.01µm
_14459_,25.96µm
_14630_,25.96µm
_15517_,25.96µm
_15738_,25.96µm
_15756_,25.96µm
_16678_,25.96µm
_16785_,25.96µm
_17440_,25.96µm
_17547_,25.96µm
i_core_v_mini_mcu.ao_peripheral_subsystem_i.obi_fifo_i.consumer_data_req\[62\],25.96µm
i_core_v_mini_mcu.core_data_req\[95\],25.96µm
i_core_v_mini_mcu.cpu_subsystem_i.cpu_1_0.rf_ram_i.memory\[136\]\[1\],25.96µm
i_core_v_mini_mcu.memory_subsystem_i.ram0_i.tc_ram_i.sram\[20\]\[0\],25.96µm
uart_tx_o,25.92µm
_09208_,25.91µm
_09763_,25.91µm
_14701_,25.91µm
_15163_,25.91µm
_15365_,25.91µm
_15511_,25.91µm
_17239_,25.91µm
_17818_,25.91µm
_17899_,25.91µm
_17993_,25.91µm
_20064_,25.91µm
_20191_,25.91µm
_22413_,25.91µm
i_core_v_mini_mcu.ao_peripheral_subsystem_i.spi_subsystem_i.obi_spimemio_i.spimemio_i.dout_tag\[0\],25.91µm
i_core_v_mini_mcu.ao_peripheral_subsystem_i.tdu_i.task_mem\[6\]\[4\],25.91µm
i_core_v_mini_mcu.core_data_req\[88\],25.91µm
i_core_v_mini_mcu.cpu_subsystem_i.cpu_0_0.i_servile.cpu.ctrl.o_ibus_adr\[12\],25.91µm
i_core_v_mini_mcu.cpu_subsystem_i.cpu_0_0.rf_ram_i.memory\[392\]\[1\],25.91µm
_18263_,25.9µm
_06549_,25.86µm
_06592_,25.86µm
_06605_,25.86µm
_06733_,25.86µm
_09348_,25.86µm
_09359_,25.86µm
_10010_,25.86µm
_11620_,25.86µm
_12793_,25.86µm
_13794_,25.86µm
_15019_,25.86µm
_16114_,25.86µm
_16905_,25.86µm
_17346_,25.86µm
_18775_,25.86µm
_20314_,25.86µm
_24959_,25.86µm
_27737_,25.86µm
i_core_v_mini_mcu.ao_peripheral_subsystem_i.mosaic_clint_i.mtimecmp_q\[125\],25.86µm
i_core_v_mini_mcu.ao_peripheral_subsystem_i.soc_ctrl_i.reg2hw\[19\],25.86µm
i_core_v_mini_mcu.ao_peripheral_subsystem_i.soc_ctrl_i.reg2hw\[25\],25.86µm
i_core_v_mini_mcu.ao_peripheral_subsystem_i.soc_ctrl_i.reg2hw\[26\],25.86µm
i_core_v_mini_mcu.ao_peripheral_subsystem_i.soc_ctrl_i.soc_ctrl_reg_top_i.system_frequency_hz_qs\[17\],25.86µm
i_core_v_mini_mcu.ao_peripheral_subsystem_i.spi_subsystem_i.obi_spimemio_i.spimemio_i.state\[7\],25.86µm
i_core_v_mini_mcu.ao_peripheral_subsystem_i.tdu_i.task_mem\[3\]\[1\],25.86µm
i_core_v_mini_mcu.cpu_subsystem_i.cpu_0_0.i_servile.cpu.csr_imm,25.86µm
i_core_v_mini_mcu.cpu_subsystem_i.cpu_0_0.i_servile.cpu.ctrl.o_ibus_adr\[14\],25.86µm
i_core_v_mini_mcu.cpu_subsystem_i.cpu_0_0.i_servile.cpu.ctrl.o_ibus_adr\[5\],25.86µm
i_core_v_mini_mcu.cpu_subsystem_i.cpu_0_0.rf_ram_i.memory\[292\]\[0\],25.86µm
i_core_v_mini_mcu.cpu_subsystem_i.cpu_0_0.rf_ram_i.memory\[521\]\[0\],25.86µm
i_core_v_mini_mcu.cpu_subsystem_i.cpu_1_0.rf_ram_i.memory\[109\]\[1\],25.86µm
i_core_v_mini_mcu.cpu_subsystem_i.cpu_1_0.rf_ram_i.memory\[119\]\[1\],25.86µm
i_core_v_mini_mcu.cpu_subsystem_i.cpu_1_0.rf_ram_i.memory\[232\]\[1\],25.86µm
i_core_v_mini_mcu.cpu_subsystem_i.cpu_1_0.rf_ram_i.memory\[297\]\[1\],25.86µm
i_core_v_mini_mcu.cpu_subsystem_i.cpu_1_0.rf_ram_i.memory\[321\]\[0\],25.86µm
i_core_v_mini_mcu.memory_subsystem_i.ram0_i.tc_ram_i.sram\[19\]\[28\],25.86µm
i_core_v_mini_mcu.memory_subsystem_i.ram0_i.tc_ram_i.sram\[28\]\[7\],25.86µm
i_core_v_mini_mcu.peripheral_subsystem_i.uart_i.reg2hw\[37\],25.86µm
_00161_,25.81µm
_00360_,25.81µm
_01119_,25.81µm
_03888_,25.81µm
_04310_,25.81µm
_05911_,25.81µm
_06085_,25.81µm
_07161_,25.81µm
_07627_,25.81µm
_08182_,25.81µm
_08250_,25.81µm
_10180_,25.81µm
_10229_,25.81µm
_10654_,25.81µm
_10903_,25.81µm
_10957_,25.81µm
_10972_,25.81µm
_10992_,25.81µm
_11564_,25.81µm
_11696_,25.81µm
_11811_,25.81µm
_11924_,25.81µm
_12271_,25.81µm
_12330_,25.81µm
_12879_,25.81µm
_13264_,25.81µm
_15091_,25.81µm
_15224_,25.81µm
_15317_,25.81µm
_15442_,25.81µm
_15620_,25.81µm
_16492_,25.81µm
_17122_,25.81µm
_17250_,25.81µm
_17271_,25.81µm
_17507_,25.81µm
_17958_,25.81µm
_18207_,25.81µm
_18785_,25.81µm
_18985_,25.81µm
_20133_,25.81µm
_20525_,25.81µm
_20727_,25.81µm
_21140_,25.81µm
_21910_,25.81µm
_22392_,25.81µm
_22466_,25.81µm
_22846_,25.81µm
_23391_,25.81µm
_24589_,25.81µm
_25048_,25.81µm
_26210_,25.81µm
clk_i_regs,25.81µm
exit_value_int\[15\],25.81µm
i_core_v_mini_mcu.ao_peripheral_subsystem_i.mosaic_clint_i.mtimecmp_q\[42\],25.81µm
i_core_v_mini_mcu.ao_peripheral_subsystem_i.mosaic_clint_i.mtimecmp_q\[81\],25.81µm
i_core_v_mini_mcu.ao_peripheral_subsystem_i.power_manager_i.power_manager_counter_sequence_cpu_iso_i.sequence_curr_state\[3\],25.81µm
i_core_v_mini_mcu.ao_peripheral_subsystem_i.power_manager_i.power_manager_reg_top_i.intr_state_qs\[6\],25.81µm
i_core_v_mini_mcu.ao_peripheral_subsystem_i.spi_subsystem_i.obi_spimemio_i.flash_io2_do_o,25.81µm
i_core_v_mini_mcu.ao_peripheral_subsystem_i.spi_subsystem_i.obi_spimemio_i.obi_to_picorv32_i.picorv32_resp_i\[25\],25.81µm
i_core_v_mini_mcu.ao_peripheral_subsystem_i.spi_subsystem_i.obi_spimemio_i.obi_to_picorv32_i.picorv32_resp_i\[30\],25.81µm
i_core_v_mini_mcu.ao_peripheral_subsystem_i.tdu_i.task_mem\[5\]\[29\],25.81µm
i_core_v_mini_mcu.ao_peripheral_subsystem_i.tdu_i.task_mem\[6\]\[14\],25.81µm
i_core_v_mini_mcu.cpu_subsystem_i.cpu_0_0.i_servile.arbiter.i_wb_cpu_dbus_adr\[5\],25.81µm
i_core_v_mini_mcu.cpu_subsystem_i.cpu_0_0.i_servile.cpu.ctrl.o_ibus_adr\[13\],25.81µm
i_core_v_mini_mcu.cpu_subsystem_i.cpu_0_0.rf_ram_i.memory\[254\]\[1\],25.81µm
i_core_v_mini_mcu.cpu_subsystem_i.cpu_0_0.rf_ram_i.memory\[303\]\[1\],25.81µm
i_core_v_mini_mcu.cpu_subsystem_i.cpu_0_0.rf_ram_i.memory\[33\]\[1\],25.81µm
i_core_v_mini_mcu.cpu_subsystem_i.cpu_1_0.i_servile.arbiter.i_wb_cpu_ibus_adr\[22\],25.81µm
i_core_v_mini_mcu.cpu_subsystem_i.cpu_1_0.i_servile.arbiter.i_wb_cpu_ibus_adr\[5\],25.81µm
i_core_v_mini_mcu.cpu_subsystem_i.cpu_1_0.rf_ram_i.memory\[128\]\[1\],25.81µm
i_core_v_mini_mcu.cpu_subsystem_i.cpu_1_0.rf_ram_i.memory\[152\]\[0\],25.81µm
i_core_v_mini_mcu.cpu_subsystem_i.cpu_1_0.rf_ram_i.memory\[177\]\[0\],25.81µm
i_core_v_mini_mcu.cpu_subsystem_i.cpu_1_0.rf_ram_i.memory\[189\]\[1\],25.81µm
i_core_v_mini_mcu.cpu_subsystem_i.cpu_1_0.rf_ram_i.memory\[23\]\[1\],25.81µm
i_core_v_mini_mcu.cpu_subsystem_i.cpu_1_0.rf_ram_i.memory\[250\]\[1\],25.81µm
i_core_v_mini_mcu.cpu_subsystem_i.cpu_1_0.rf_ram_i.memory\[255\]\[0\],25.81µm
i_core_v_mini_mcu.cpu_subsystem_i.cpu_1_0.rf_ram_i.memory\[326\]\[1\],25.81µm
i_core_v_mini_mcu.cpu_subsystem_i.cpu_1_0.rf_ram_i.memory\[353\]\[1\],25.81µm
i_core_v_mini_mcu.cpu_subsystem_i.cpu_1_0.rf_ram_i.memory\[385\]\[1\],25.81µm
i_core_v_mini_mcu.cpu_subsystem_i.cpu_1_0.rf_ram_i.memory\[409\]\[0\],25.81µm
i_core_v_mini_mcu.cpu_subsystem_i.cpu_1_0.rf_ram_i.memory\[461\]\[1\],25.81µm
i_core_v_mini_mcu.cpu_subsystem_i.cpu_1_0.rf_ram_i.memory\[495\]\[1\],25.81µm
i_core_v_mini_mcu.memory_subsystem_i.ram0_i.tc_ram_i.sram\[12\]\[8\],25.81µm
i_core_v_mini_mcu.memory_subsystem_i.ram0_i.tc_ram_i.sram\[15\]\[7\],25.81µm
i_core_v_mini_mcu.memory_subsystem_i.ram0_i.tc_ram_i.sram\[21\]\[17\],25.81µm
i_core_v_mini_mcu.memory_subsystem_i.ram0_i.tc_ram_i.sram\[24\]\[5\],25.81µm
i_core_v_mini_mcu.memory_subsystem_i.ram0_i.tc_ram_i.sram\[5\]\[16\],25.81µm
i_core_v_mini_mcu.memory_subsystem_i.ram0_i.tc_ram_i.sram\[7\]\[15\],25.81µm
i_core_v_mini_mcu.memory_subsystem_i.ram0_i.tc_ram_i.sram\[7\]\[5\],25.81µm
i_core_v_mini_mcu.peripheral_subsystem_i.periph_to_reg_i.r_rdata_d\[19\],25.81µm
_00060_,25.76µm
_00072_,25.76µm
_05117_,25.76µm
_05765_,25.76µm
_05871_,25.76µm
_06548_,25.76µm
_07365_,25.76µm
_08013_,25.76µm
_08079_,25.76µm
_08319_,25.76µm
_08408_,25.76µm
_08756_,25.76µm
_08913_,25.76µm
_09072_,25.76µm
_09431_,25.76µm
_09770_,25.76µm
_10146_,25.76µm
_11325_,25.76µm
_11719_,25.76µm
_11832_,25.76µm
_11880_,25.76µm
_12263_,25.76µm
_12512_,25.76µm
_12545_,25.76µm
_12592_,25.76µm
_12923_,25.76µm
_13866_,25.76µm
_13883_,25.76µm
_14136_,25.76µm
_14371_,25.76µm
_14472_,25.76µm
_14791_,25.76µm
_16488_,25.76µm
_17500_,25.76µm
_17939_,25.76µm
_18676_,25.76µm
_18823_,25.76µm
_19866_,25.76µm
_20026_,25.76µm
_20167_,25.76µm
_20726_,25.76µm
_22443_,25.76µm
_22716_,25.76µm
_23518_,25.76µm
_23830_,25.76µm
_24730_,25.76µm
_24809_,25.76µm
_24817_,25.76µm
_24916_,25.76µm
_25649_,25.76µm
_26771_,25.76µm
_26820_,25.76µm
_27093_,25.76µm
_27127_,25.76µm
_27495_,25.76µm
_27637_,25.76µm
_27847_,25.76µm
i_core_v_mini_mcu.cpu_subsystem_i.cpu_0_0.rf_ram_i.memory\[198\]\[1\],25.76µm
i_core_v_mini_mcu.cpu_subsystem_i.cpu_0_0.rf_ram_i.memory\[356\]\[1\],25.76µm
i_core_v_mini_mcu.cpu_subsystem_i.cpu_0_0.rf_ram_i.memory\[526\]\[0\],25.76µm
i_core_v_mini_mcu.cpu_subsystem_i.cpu_0_0.rf_ram_i.memory\[531\]\[1\],25.76µm
i_core_v_mini_mcu.cpu_subsystem_i.cpu_1_0.clk_i,25.76µm
i_core_v_mini_mcu.cpu_subsystem_i.cpu_1_0.rf_ram_i.memory\[133\]\[1\],25.76µm
i_core_v_mini_mcu.cpu_subsystem_i.cpu_1_0.rf_ram_i.memory\[147\]\[1\],25.76µm
i_core_v_mini_mcu.cpu_subsystem_i.cpu_1_0.rf_ram_i.memory\[235\]\[0\],25.76µm
i_core_v_mini_mcu.cpu_subsystem_i.cpu_1_0.rf_ram_i.memory\[243\]\[1\],25.76µm
i_core_v_mini_mcu.cpu_subsystem_i.cpu_1_0.rf_ram_i.memory\[300\]\[0\],25.76µm
i_core_v_mini_mcu.cpu_subsystem_i.cpu_1_0.rf_ram_i.memory\[361\]\[1\],25.76µm
i_core_v_mini_mcu.cpu_subsystem_i.cpu_1_0.rf_ram_i.memory\[89\]\[1\],25.76µm
i_core_v_mini_mcu.memory_subsystem_i.ram0_i.tc_ram_i.sram\[12\]\[21\],25.76µm
i_core_v_mini_mcu.memory_subsystem_i.ram0_i.tc_ram_i.sram\[22\]\[0\],25.76µm
i_core_v_mini_mcu.ao_peripheral_subsystem_i.tdu_i.cpi_est_q\[2\],25.58µm
_15276_,25.55µm
_26989_,25.53µm
i_core_v_mini_mcu.cpu_subsystem_i.cpu_1_0.rf_ram_i.memory\[16\]\[0\],25.53µm
i_core_v_mini_mcu.memory_subsystem_i.ram0_i.tc_ram_i.sram\[21\]\[21\],25.53µm
_16024_,25.5µm
_24062_,25.48µm
i_core_v_mini_mcu.ao_peripheral_subsystem_i.obi_fifo_i.consumer_data_req_q\[35\],25.48µm
_16356_,25.45µm
_14982_,25.4µm
_15798_,25.4µm
_16218_,25.4µm
_17536_,25.4µm
i_core_v_mini_mcu.ao_peripheral_subsystem_i.spi_subsystem_i.obi_spimemio_i.spimemio_i.rd_addr\[9\],25.4µm
i_core_v_mini_mcu.ao_peripheral_subsystem_i.spi_subsystem_i.obi_spimemio_i.spimemio_i.xfer.obuffer\[1\],25.4µm
i_core_v_mini_mcu.memory_subsystem_i.ram0_i.tc_ram_i.sram\[31\]\[10\],25.4µm
_07799_,25.35µm
_17161_,25.35µm
_21475_,25.35µm
_23370_,25.35µm
i_core_v_mini_mcu.ao_peripheral_subsystem_i.spi_subsystem_i.obi_spimemio_i.spimemio_i.xfer.count\[1\],25.35µm
i_core_v_mini_mcu.ao_peripheral_subsystem_i.spi_subsystem_i.obi_spimemio_i.spimemio_i.xfer.obuffer\[2\],25.35µm
i_core_v_mini_mcu.cpu_subsystem_i.cpu_1_0.rf_ram_i.memory\[362\]\[1\],25.35µm
i_core_v_mini_mcu.memory_subsystem_i.ram0_i.tc_ram_i.sram\[13\]\[6\],25.35µm
i_core_v_mini_mcu.memory_subsystem_i.ram0_i.tc_ram_i.sram\[4\]\[18\],25.35µm
i_core_v_mini_mcu.peripheral_subsystem_i.uart_i.uart_core.rx_sync_q2,25.35µm
i_core_v_mini_mcu.cpu_subsystem_i.cpu_1_0.rf_ram_i.memory\[271\]\[1\],25.335µm
_05458_,25.3µm
_05695_,25.3µm
_05788_,25.3µm
_06680_,25.3µm
_07798_,25.3µm
_08213_,25.3µm
_09738_,25.3µm
_10331_,25.3µm
_10353_,25.3µm
_13220_,25.3µm
_13544_,25.3µm
_14139_,25.3µm
_15994_,25.3µm
_16414_,25.3µm
_17224_,25.3µm
_17448_,25.3µm
_17778_,25.3µm
_20446_,25.3µm
_21291_,25.3µm
_23095_,25.3µm
_23255_,25.3µm
_23610_,25.3µm
_24924_,25.3µm
_28033_,25.3µm
i_core_v_mini_mcu.ao_peripheral_subsystem_i.obi_fifo_i.consumer_data_req_q\[54\],25.3µm
i_core_v_mini_mcu.ao_peripheral_subsystem_i.spi_subsystem_i.obi_spimemio_i.spimemio_i.xfer.xfer_dspi,25.3µm
i_core_v_mini_mcu.ao_peripheral_subsystem_i.tdu_i.cpi_est_q\[1\],25.3µm
i_core_v_mini_mcu.ao_peripheral_subsystem_i.tdu_i.cpi_est_q\[34\],25.3µm
i_core_v_mini_mcu.ao_peripheral_subsystem_i.tdu_i.task_mem\[7\]\[3\],25.3µm
i_core_v_mini_mcu.cpu_subsystem_i.cpu_0_0.i_servile.cpu.csr_mie_en,25.3µm
i_core_v_mini_mcu.cpu_subsystem_i.cpu_0_0.rf_ram_i.memory\[304\]\[1\],25.3µm
i_core_v_mini_mcu.cpu_subsystem_i.cpu_0_0.rf_ram_i.memory\[485\]\[0\],25.3µm
i_core_v_mini_mcu.cpu_subsystem_i.cpu_0_0.rf_ram_i.memory\[61\]\[0\],25.3µm
i_core_v_mini_mcu.cpu_subsystem_i.cpu_1_0.rf_ram_i.memory\[286\]\[1\],25.3µm
i_core_v_mini_mcu.cpu_subsystem_i.cpu_1_0.rf_ram_i.memory\[34\]\[0\],25.3µm
i_core_v_mini_mcu.memory_subsystem_i.ram0_i.tc_ram_i.sram\[1\]\[26\],25.3µm
i_core_v_mini_mcu.memory_subsystem_i.ram0_i.tc_ram_i.sram\[25\]\[20\],25.3µm
i_core_v_mini_mcu.memory_subsystem_i.ram0_i.tc_ram_i.sram\[26\]\[28\],25.3µm
i_core_v_mini_mcu.memory_subsystem_i.ram0_i.tc_ram_i.sram\[27\]\[18\],25.3µm
i_core_v_mini_mcu.memory_subsystem_i.ram0_i.tc_ram_i.sram\[3\]\[1\],25.3µm
i_core_v_mini_mcu.peripheral_slave_resp\[19\],25.3µm
i_core_v_mini_mcu.peripheral_subsystem_i.uart_i.uart_core.tx_watermark_d,25.3µm
_00366_,25.25µm
_03719_,25.25µm
_04202_,25.25µm
_04362_,25.25µm
_05858_,25.25µm
_06007_,25.25µm
_06578_,25.25µm
_07297_,25.25µm
_07351_,25.25µm
_08087_,25.25µm
_09984_,25.25µm
_10832_,25.25µm
_11153_,25.25µm
_12046_,25.25µm
_12227_,25.25µm
_12233_,25.25µm
_12254_,25.25µm
_13261_,25.25µm
_13319_,25.25µm
_13449_,25.25µm
_13859_,25.25µm
_15104_,25.25µm
_17128_,25.25µm
_17979_,25.25µm
_18248_,25.25µm
_18659_,25.25µm
_18873_,25.25µm
_18977_,25.25µm
_20450_,25.25µm
_20757_,25.25µm
_22237_,25.25µm
_22712_,25.25µm
_23078_,25.25µm
_23337_,25.25µm
_23393_,25.25µm
_23491_,25.25µm
_23683_,25.25µm
_23769_,25.25µm
_23794_,25.25µm
_23823_,25.25µm
_24089_,25.25µm
_24172_,25.25µm
_24512_,25.25µm
_25130_,25.25µm
_25908_,25.25µm
_26133_,25.25µm
_26615_,25.25µm
_27591_,25.25µm
_28445_,25.25µm
i_core_v_mini_mcu.ao_peripheral_subsystem_i.obi_fifo_i.consumer_data_req\[23\],25.25µm
i_core_v_mini_mcu.ao_peripheral_subsystem_i.obi_fifo_i.consumer_data_req\[47\],25.25µm
i_core_v_mini_mcu.ao_peripheral_subsystem_i.tdu_i.task_mem\[3\]\[28\],25.25µm
i_core_v_mini_mcu.ao_peripheral_subsystem_i.tdu_i.task_mem\[5\]\[14\],25.25µm
i_core_v_mini_mcu.ao_peripheral_subsystem_i.tdu_i.task_mem\[7\]\[29\],25.25µm
i_core_v_mini_mcu.cpu_subsystem_i.cpu_0_0.i_servile.cpu.gen_csr.csr.mcause3_0\[0\],25.25µm
i_core_v_mini_mcu.cpu_subsystem_i.cpu_0_0.rf_ram_i.memory\[12\]\[0\],25.25µm
i_core_v_mini_mcu.cpu_subsystem_i.cpu_0_0.rf_ram_i.memory\[146\]\[1\],25.25µm
i_core_v_mini_mcu.cpu_subsystem_i.cpu_0_0.rf_ram_i.memory\[16\]\[1\],25.25µm
i_core_v_mini_mcu.cpu_subsystem_i.cpu_0_0.rf_ram_i.memory\[253\]\[1\],25.25µm
i_core_v_mini_mcu.cpu_subsystem_i.cpu_0_0.rf_ram_i.memory\[357\]\[1\],25.25µm
i_core_v_mini_mcu.cpu_subsystem_i.cpu_0_0.rf_ram_i.memory\[508\]\[1\],25.25µm
i_core_v_mini_mcu.cpu_subsystem_i.cpu_0_0.rf_ram_i.memory\[56\]\[1\],25.25µm
i_core_v_mini_mcu.cpu_subsystem_i.cpu_0_0.rf_ram_i.memory\[64\]\[0\],25.25µm
i_core_v_mini_mcu.cpu_subsystem_i.cpu_1_0.rf_ram_i.memory\[176\]\[1\],25.25µm
i_core_v_mini_mcu.cpu_subsystem_i.cpu_1_0.rf_ram_i.memory\[192\]\[0\],25.25µm
i_core_v_mini_mcu.cpu_subsystem_i.cpu_1_0.rf_ram_i.memory\[219\]\[0\],25.25µm
i_core_v_mini_mcu.cpu_subsystem_i.cpu_1_0.rf_ram_i.memory\[29\]\[0\],25.25µm
i_core_v_mini_mcu.cpu_subsystem_i.cpu_1_0.rf_ram_i.memory\[477\]\[1\],25.25µm
i_core_v_mini_mcu.cpu_subsystem_i.cpu_1_0.rf_ram_i.memory\[500\]\[0\],25.25µm
i_core_v_mini_mcu.memory_subsystem_i.ram0_i.tc_ram_i.sram\[11\]\[3\],25.25µm
i_core_v_mini_mcu.memory_subsystem_i.ram0_i.tc_ram_i.sram\[21\]\[16\],25.25µm
i_core_v_mini_mcu.peripheral_slave_resp\[18\],25.25µm
i_core_v_mini_mcu.peripheral_slave_resp\[27\],25.25µm
i_core_v_mini_mcu.peripheral_subsystem_i.obi_fifo_i.consumer_resp_i\[16\],25.25µm
i_core_v_mini_mcu.peripheral_subsystem_i.uart_i.uart_core.nco_sum_q\[5\],25.25µm
_00361_,25.2µm
_04065_,25.2µm
_04756_,25.2µm
_05047_,25.2µm
_06650_,25.2µm
_07143_,25.2µm
_07631_,25.2µm
_07932_,25.2µm
_08244_,25.2µm
_08295_,25.2µm
_08312_,25.2µm
_08755_,25.2µm
_08877_,25.2µm
_09530_,25.2µm
_09820_,25.2µm
_10103_,25.2µm
_10521_,25.2µm
_10837_,25.2µm
_10998_,25.2µm
_11397_,25.2µm
_11777_,25.2µm
_12002_,25.2µm
_12038_,25.2µm
_12200_,25.2µm
_12333_,25.2µm
_12891_,25.2µm
_13019_,25.2µm
_13448_,25.2µm
_13635_,25.2µm
_13739_,25.2µm
_13793_,25.2µm
_14098_,25.2µm
_14206_,25.2µm
_15069_,25.2µm
_15580_,25.2µm
_15854_,25.2µm
_16272_,25.2µm
_17140_,25.2µm
_19379_,25.2µm
_19464_,25.2µm
_20151_,25.2µm
_20539_,25.2µm
_20722_,25.2µm
_21111_,25.2µm
_21935_,25.2µm
_21987_,25.2µm
_22617_,25.2µm
_24250_,25.2µm
_24251_,25.2µm
_25266_,25.2µm
_25446_,25.2µm
_25926_,25.2µm
_26608_,25.2µm
_26779_,25.2µm
_26971_,25.2µm
_27213_,25.2µm
_27375_,25.2µm
_27501_,25.2µm
_27651_,25.2µm
i_core_v_mini_mcu.ao_peripheral_subsystem_i.tdu_i.task_mem\[6\]\[28\],25.2µm
i_core_v_mini_mcu.ao_peripheral_subsystem_i.tdu_i.task_mem\[7\]\[30\],25.2µm
i_core_v_mini_mcu.cpu_subsystem_i.cpu_0_0.i_servile.cpu.ctrl.o_ibus_adr\[28\],25.2µm
i_core_v_mini_mcu.cpu_subsystem_i.cpu_0_0.i_servile.cpu.immdec.gen_immdec_w_eq_1.imm31,25.2µm
i_core_v_mini_mcu.cpu_subsystem_i.cpu_0_0.rf_ram_i.memory\[107\]\[0\],25.2µm
i_core_v_mini_mcu.cpu_subsystem_i.cpu_0_0.rf_ram_i.memory\[112\]\[0\],25.2µm
i_core_v_mini_mcu.cpu_subsystem_i.cpu_0_0.rf_ram_i.memory\[241\]\[0\],25.2µm
i_core_v_mini_mcu.cpu_subsystem_i.cpu_0_0.rf_ram_i.memory\[248\]\[0\],25.2µm
i_core_v_mini_mcu.cpu_subsystem_i.cpu_0_0.rf_ram_i.memory\[305\]\[0\],25.2µm
i_core_v_mini_mcu.cpu_subsystem_i.cpu_0_0.rf_ram_i.memory\[444\]\[0\],25.2µm
i_core_v_mini_mcu.cpu_subsystem_i.cpu_0_0.rf_ram_i.memory\[473\]\[0\],25.2µm
i_core_v_mini_mcu.cpu_subsystem_i.cpu_1_0.rf_ram_i.memory\[389\]\[0\],25.2µm
i_core_v_mini_mcu.cpu_subsystem_i.cpu_1_0.rf_ram_i.memory\[68\]\[1\],25.2µm
i_core_v_mini_mcu.memory_subsystem_i.ram0_i.tc_ram_i.sram\[1\]\[25\],25.2µm
i_core_v_mini_mcu.memory_subsystem_i.ram0_i.tc_ram_i.sram\[5\]\[27\],25.2µm
i_core_v_mini_mcu.peripheral_subsystem_i.obi_fifo_i.consumer_data_req_q\[37\],25.2µm
_15770_,24.94µm
_12502_,24.92µm
_25407_,24.92µm
i_core_v_mini_mcu.ao_peripheral_subsystem_i.obi_fifo_i.consumer_data_req_q\[13\],24.92µm
i_core_v_mini_mcu.cpu_subsystem_i.cpu_0_0.rf_ram_i.memory\[6\]\[0\],24.92µm
i_core_v_mini_mcu.cpu_subsystem_i.cpu_1_0.rf_ram_i.memory\[107\]\[1\],24.92µm
i_core_v_mini_mcu.memory_subsystem_i.ram0_i.tc_ram_i.sram\[29\]\[13\],24.92µm
_15038_,24.89µm
_16041_,24.89µm
_14464_,24.84µm
_16327_,24.84µm
_17527_,24.84µm
i_core_v_mini_mcu.cpu_subsystem_i.cpu_1_0.rf_ram_i.memory\[275\]\[1\],24.84µm
_08975_,24.79µm
_10198_,24.79µm
_11203_,24.79µm
_12270_,24.79µm
_16301_,24.79µm
_16360_,24.79µm
_16901_,24.79µm
_16923_,24.79µm
_16979_,24.79µm
_17256_,24.79µm
_17337_,24.79µm
_18401_,24.79µm
_22623_,24.79µm
i_core_v_mini_mcu.cpu_subsystem_i.cpu_0_0.rf_ram_i.memory\[540\]\[0\],24.79µm
_05929_,24.74µm
_06329_,24.74µm
_07164_,24.74µm
_07308_,24.74µm
_07651_,24.74µm
_07940_,24.74µm
_09019_,24.74µm
_09083_,24.74µm
_09307_,24.74µm
_09330_,24.74µm
_09731_,24.74µm
_11179_,24.74µm
_12058_,24.74µm
_12838_,24.74µm
_15359_,24.74µm
_16247_,24.74µm
_16353_,24.74µm
_16572_,24.74µm
_17011_,24.74µm
_17290_,24.74µm
_17464_,24.74µm
_18912_,24.74µm
_20311_,24.74µm
_20711_,24.74µm
_21481_,24.74µm
_23607_,24.74µm
_23780_,24.74µm
_26216_,24.74µm
_27036_,24.74µm
i_core_v_mini_mcu.ao_peripheral_subsystem_i.obi_fifo_i.consumer_data_req\[17\],24.74µm
i_core_v_mini_mcu.ao_peripheral_subsystem_i.obi_fifo_i.consumer_data_req\[41\],24.74µm
i_core_v_mini_mcu.ao_peripheral_subsystem_i.obi_fifo_i.consumer_data_req_q\[59\],24.74µm
i_core_v_mini_mcu.ao_peripheral_subsystem_i.peripheral_subsystem_pwr_ctrl_i,24.74µm
i_core_v_mini_mcu.ao_peripheral_subsystem_i.spi_subsystem_i.obi_spimemio_i.obi_to_picorv32_i.picorv32_resp_i\[5\],24.74µm
i_core_v_mini_mcu.ao_peripheral_subsystem_i.tdu_i.task_mem\[1\]\[16\],24.74µm
i_core_v_mini_mcu.ao_peripheral_subsystem_i.tdu_i.task_mem\[1\]\[23\],24.74µm
i_core_v_mini_mcu.core_data_req\[90\],24.74µm
i_core_v_mini_mcu.cpu_subsystem_i.cpu_0_0.rf_ram_i.memory\[135\]\[1\],24.74µm
i_core_v_mini_mcu.cpu_subsystem_i.cpu_0_0.rf_ram_i.memory\[176\]\[1\],24.74µm
i_core_v_mini_mcu.cpu_subsystem_i.cpu_0_0.rf_ram_i.memory\[17\]\[1\],24.74µm
i_core_v_mini_mcu.cpu_subsystem_i.cpu_0_0.rf_ram_i.memory\[231\]\[1\],24.74µm
i_core_v_mini_mcu.cpu_subsystem_i.cpu_0_0.rf_ram_i.memory\[261\]\[1\],24.74µm
i_core_v_mini_mcu.cpu_subsystem_i.cpu_0_0.rf_ram_i.memory\[335\]\[0\],24.74µm
i_core_v_mini_mcu.cpu_subsystem_i.cpu_0_0.rf_ram_i.memory\[390\]\[0\],24.74µm
i_core_v_mini_mcu.cpu_subsystem_i.cpu_0_0.rf_ram_i.memory\[89\]\[0\],24.74µm
i_core_v_mini_mcu.cpu_subsystem_i.cpu_1_0.rf_ram_i.memory\[179\]\[0\],24.74µm
i_core_v_mini_mcu.cpu_subsystem_i.cpu_1_0.rf_ram_i.memory\[212\]\[0\],24.74µm
i_core_v_mini_mcu.cpu_subsystem_i.cpu_1_0.rf_ram_i.memory\[301\]\[1\],24.74µm
i_core_v_mini_mcu.cpu_subsystem_i.cpu_1_0.rf_ram_i.memory\[303\]\[1\],24.74µm
i_core_v_mini_mcu.cpu_subsystem_i.cpu_1_0.rf_ram_i.memory\[438\]\[1\],24.74µm
i_core_v_mini_mcu.cpu_subsystem_i.cpu_1_0.rf_ram_i.memory\[450\]\[1\],24.74µm
i_core_v_mini_mcu.memory_subsystem_i.ram0_i.tc_ram_i.sram\[20\]\[16\],24.74µm
i_core_v_mini_mcu.memory_subsystem_i.ram0_i.tc_ram_i.sram\[28\]\[4\],24.74µm
i_core_v_mini_mcu.memory_subsystem_i.ram0_i.tc_ram_i.sram\[31\]\[31\],24.74µm
i_core_v_mini_mcu.memory_subsystem_i.ram0_i.tc_ram_i.sram\[4\]\[19\],24.74µm
i_core_v_mini_mcu.peripheral_subsystem_i.uart_i.reg2hw\[35\],24.74µm
i_core_v_mini_mcu.peripheral_subsystem_i.uart_i.reg2hw\[90\],24.74µm
i_core_v_mini_mcu.peripheral_subsystem_i.uart_i.uart_core.u_uart_rxfifo.gen_normal_fifo.storage\[23\],24.74µm
_00295_,24.69µm
_01170_,24.69µm
_02953_,24.69µm
_03993_,24.69µm
_04751_,24.69µm
_05258_,24.69µm
_07771_,24.69µm
_09056_,24.69µm
_09172_,24.69µm
_09381_,24.69µm
_10162_,24.69µm
_10254_,24.69µm
_11790_,24.69µm
_11799_,24.69µm
_12589_,24.69µm
_12731_,24.69µm
_12787_,24.69µm
_13217_,24.69µm
_13511_,24.69µm
_13711_,24.69µm
_14183_,24.69µm
_15023_,24.69µm
_15535_,24.69µm
_15728_,24.69µm
_17631_,24.69µm
_18075_,24.69µm
_18297_,24.69µm
_19018_,24.69µm
_19799_,24.69µm
_20056_,24.69µm
_20121_,24.69µm
_20253_,24.69µm
_21714_,24.69µm
_21747_,24.69µm
_22170_,24.69µm
_23313_,24.69µm
_23474_,24.69µm
_23540_,24.69µm
_24085_,24.69µm
_24224_,24.69µm
_24304_,24.69µm
_24567_,24.69µm
_24622_,24.69µm
_24844_,24.69µm
_25225_,24.69µm
_26132_,24.69µm
_26153_,24.69µm
_26873_,24.69µm
_26960_,24.69µm
_27406_,24.69µm
_27646_,24.69µm
_27828_,24.69µm
exit_value_int\[9\],24.69µm
i_core_v_mini_mcu.ao_peripheral_subsystem_i.mosaic_clint_i.mtimecmp_q\[92\],24.69µm
i_core_v_mini_mcu.ao_peripheral_subsystem_i.obi_fifo_i.consumer_data_req\[24\],24.69µm
i_core_v_mini_mcu.ao_peripheral_subsystem_i.obi_fifo_i.consumer_data_req_q\[0\],24.69µm
i_core_v_mini_mcu.ao_peripheral_subsystem_i.power_manager_i.power_manager_reg_top_i.cpu_reset_assert_counter_qs\[7\],24.69µm
i_core_v_mini_mcu.ao_peripheral_subsystem_i.spi_subsystem_i.obi_spimemio_i.flash_io0_do_o,24.69µm
i_core_v_mini_mcu.ao_peripheral_subsystem_i.spi_subsystem_i.obi_spimemio_i.spimemio_i.xfer.obuffer\[7\],24.69µm
i_core_v_mini_mcu.ao_peripheral_subsystem_i.tdu_i.task_mem\[1\]\[30\],24.69µm
i_core_v_mini_mcu.cpu_subsystem_i.cpu_0_0.i_servile.cpu.immdec.gen_immdec_w_eq_1.imm30_25\[3\],24.69µm
i_core_v_mini_mcu.cpu_subsystem_i.cpu_0_0.rf_ram_i.memory\[153\]\[0\],24.69µm
i_core_v_mini_mcu.cpu_subsystem_i.cpu_0_0.rf_ram_i.memory\[283\]\[0\],24.69µm
i_core_v_mini_mcu.cpu_subsystem_i.cpu_0_0.rf_ram_i.memory\[32\]\[0\],24.69µm
i_core_v_mini_mcu.cpu_subsystem_i.cpu_0_0.rf_ram_i.memory\[346\]\[1\],24.69µm
i_core_v_mini_mcu.cpu_subsystem_i.cpu_0_0.rf_ram_i.memory\[413\]\[0\],24.69µm
i_core_v_mini_mcu.cpu_subsystem_i.cpu_0_0.rf_ram_i.memory\[67\]\[0\],24.69µm
i_core_v_mini_mcu.cpu_subsystem_i.cpu_1_0.rf_ram_i.memory\[213\]\[1\],24.69µm
i_core_v_mini_mcu.cpu_subsystem_i.cpu_1_0.rf_ram_i.memory\[266\]\[0\],24.69µm
i_core_v_mini_mcu.cpu_subsystem_i.cpu_1_0.rf_ram_i.memory\[313\]\[1\],24.69µm
i_core_v_mini_mcu.cpu_subsystem_i.cpu_1_0.rf_ram_i.memory\[33\]\[0\],24.69µm
i_core_v_mini_mcu.cpu_subsystem_i.cpu_1_0.rf_ram_i.memory\[376\]\[1\],24.69µm
i_core_v_mini_mcu.cpu_subsystem_i.cpu_1_0.rf_ram_i.memory\[46\]\[0\],24.69µm
i_core_v_mini_mcu.cpu_subsystem_i.cpu_1_0.rf_ram_i.memory\[508\]\[0\],24.69µm
i_core_v_mini_mcu.cpu_subsystem_i.cpu_1_0.rf_ram_i.memory\[84\]\[0\],24.69µm
i_core_v_mini_mcu.memory_subsystem_i.ram0_i.tc_ram_i.sram\[0\]\[3\],24.69µm
i_core_v_mini_mcu.memory_subsystem_i.ram0_i.tc_ram_i.sram\[13\]\[21\],24.69µm
i_core_v_mini_mcu.memory_subsystem_i.ram0_i.tc_ram_i.sram\[19\]\[17\],24.69µm
i_core_v_mini_mcu.memory_subsystem_i.ram0_i.tc_ram_i.sram\[26\]\[7\],24.69µm
i_core_v_mini_mcu.memory_subsystem_i.ram0_i.tc_ram_i.sram\[28\]\[22\],24.69µm
i_core_v_mini_mcu.memory_subsystem_i.ram0_i.tc_ram_i.sram\[3\]\[13\],24.69µm
i_core_v_mini_mcu.memory_subsystem_i.ram0_i.tc_ram_i.sram\[3\]\[20\],24.69µm
i_core_v_mini_mcu.memory_subsystem_i.ram0_i.tc_ram_i.sram\[6\]\[8\],24.69µm
i_core_v_mini_mcu.peripheral_subsystem_i.uart_i.reg2hw\[45\],24.69µm
i_core_v_mini_mcu.peripheral_subsystem_i.uart_i.uart_core.u_uart_rxfifo.gen_normal_fifo.storage\[24\],24.69µm
_03934_,24.64µm
_04033_,24.64µm
_04496_,24.64µm
_05143_,24.64µm
_06435_,24.64µm
_07152_,24.64µm
_07249_,24.64µm
_07473_,24.64µm
_07501_,24.64µm
_07636_,24.64µm
_08139_,24.64µm
_08368_,24.64µm
_08451_,24.64µm
_08626_,24.64µm
_08718_,24.64µm
_09690_,24.64µm
_10063_,24.64µm
_11050_,24.64µm
_11395_,24.64µm
_11615_,24.64µm
_11736_,24.64µm
_11957_,24.64µm
_12558_,24.64µm
_12588_,24.64µm
_12871_,24.64µm
_12974_,24.64µm
_13027_,24.64µm
_13110_,24.64µm
_13147_,24.64µm
_13354_,24.64µm
_13903_,24.64µm
_14295_,24.64µm
_15703_,24.64µm
_16862_,24.64µm
_17198_,24.64µm
_17653_,24.64µm
_18224_,24.64µm
_18423_,24.64µm
_18889_,24.64µm
_19215_,24.64µm
_19337_,24.64µm
_20029_,24.64µm
_21269_,24.64µm
_21980_,24.64µm
_22270_,24.64µm
_22690_,24.64µm
_22749_,24.64µm
_23318_,24.64µm
_23817_,24.64µm
_24206_,24.64µm
_25072_,24.64µm
_25337_,24.64µm
_25841_,24.64µm
_26218_,24.64µm
_26460_,24.64µm
_26613_,24.64µm
_26691_,24.64µm
_26716_,24.64µm
_26746_,24.64µm
_27599_,24.64µm
i_core_v_mini_mcu.ao_peripheral_subsystem_i.soc_ctrl_i.reg2hw\[34\],24.64µm
i_core_v_mini_mcu.ao_peripheral_subsystem_i.tdu_i.task_mem\[0\]\[4\],24.64µm
i_core_v_mini_mcu.ao_peripheral_subsystem_i.tdu_i.task_mem\[7\]\[4\],24.64µm
i_core_v_mini_mcu.cpu_subsystem_i.cpu_0_0.i_servile.cpu.immdec.gen_immdec_w_eq_1.imm19_12_20\[3\],24.64µm
i_core_v_mini_mcu.cpu_subsystem_i.cpu_0_0.rf_ram_i.memory\[93\]\[0\],24.64µm
i_core_v_mini_mcu.cpu_subsystem_i.cpu_1_0.rf_ram_i.memory\[295\]\[0\],24.64µm
i_core_v_mini_mcu.cpu_subsystem_i.cpu_1_0.rf_ram_i.memory\[352\]\[1\],24.64µm
i_core_v_mini_mcu.cpu_subsystem_i.cpu_1_0.rf_ram_i.memory\[99\]\[0\],24.64µm
i_core_v_mini_mcu.memory_subsystem_i.ram0_i.tc_ram_i.sram\[0\]\[4\],24.64µm
i_core_v_mini_mcu.memory_subsystem_i.ram0_i.tc_ram_i.sram\[2\]\[25\],24.64µm
i_core_v_mini_mcu.cpu_subsystem_i.cpu_1_0.rf_ram_i.memory\[78\]\[1\],24.41µm
i_core_v_mini_mcu.memory_subsystem_i.ram0_i.tc_ram_i.sram\[4\]\[9\],24.41µm
_08188_,24.4µm
i_core_v_mini_mcu.ao_peripheral_subsystem_i.mosaic_clint_i.mtimecmp_q\[61\],24.36µm
_14443_,24.33µm
_16556_,24.33µm
_09658_,24.28µm
_10416_,24.28µm
_14431_,24.28µm
_16087_,24.28µm
_16828_,24.28µm
_17075_,24.28µm
_17876_,24.28µm
i_core_v_mini_mcu.ao_peripheral_subsystem_i.power_manager_i.power_manager_counter_sequence_cpu_iso_i.sequence_curr_state\[6\],24.28µm
i_core_v_mini_mcu.cpu_subsystem_i.cpu_1_0.i_servile.cpu.bufreg2.i_bytecnt\[1\],24.28µm
_05452_,24.23µm
_09197_,24.23µm
_10702_,24.23µm
_12250_,24.23µm
_16373_,24.23µm
_16698_,24.23µm
_16776_,24.23µm
_17850_,24.23µm
i_core_v_mini_mcu.ao_peripheral_subsystem_i.tdu_i.task_mem\[1\]\[18\],24.23µm
i_core_v_mini_mcu.cpu_subsystem_i.cpu_0_0.rf_ram_i.memory\[463\]\[0\],24.23µm
i_core_v_mini_mcu.memory_subsystem_i.ram0_i.tc_ram_i.sram\[8\]\[3\],24.23µm
i_core_v_mini_mcu.peripheral_subsystem_i.uart_i.uart_core.nco_sum_q\[7\],24.23µm
i_core_v_mini_mcu.system_bus_i.system_xbar_i.gen_xbar_NtoM.i_xbar.gen_outputs\[4\].gen_rr_arb_tree.i_rr_arb_tree.gen_arbiter.rr_q\[1\],24.23µm
i_core_v_mini_mcu.ao_peripheral_subsystem_i.tdu_i.cpi_est_q\[28\],24.22µm
_01168_,24.18µm
_02477_,24.18µm
_06083_,24.18µm
_07911_,24.18µm
_08598_,24.18µm
_09240_,24.18µm
_09434_,24.18µm
_10062_,24.18µm
_10127_,24.18µm
_11362_,24.18µm
_14772_,24.18µm
_18001_,24.18µm
_18163_,24.18µm
_18168_,24.18µm
_19576_,24.18µm
_21953_,24.18µm
_22304_,24.18µm
_23781_,24.18µm
_27179_,24.18µm
i_core_v_mini_mcu.ao_peripheral_subsystem_i.mosaic_clint_i.mtimecmp_q\[43\],24.18µm
i_core_v_mini_mcu.ao_peripheral_subsystem_i.power_manager_i.power_manager_reg_top_i.cpu_switch_off_counter_qs\[10\],24.18µm
i_core_v_mini_mcu.ao_peripheral_subsystem_i.power_manager_i.power_manager_reg_top_i.intr_state_qs\[20\],24.18µm
i_core_v_mini_mcu.ao_peripheral_subsystem_i.spi_subsystem_i.obi_spimemio_i.spimemio_i.buffer\[22\],24.18µm
i_core_v_mini_mcu.ao_peripheral_subsystem_i.spi_subsystem_i.obi_spimemio_i.spimemio_i.config_clk,24.18µm
i_core_v_mini_mcu.ao_peripheral_subsystem_i.tdu_i.cpi_est_q\[24\],24.18µm
i_core_v_mini_mcu.ao_peripheral_subsystem_i.tdu_i.task_mem\[7\]\[12\],24.18µm
i_core_v_mini_mcu.cpu_subsystem_i.cpu_0_0.rf_ram_i.memory\[165\]\[0\],24.18µm
i_core_v_mini_mcu.cpu_subsystem_i.cpu_0_0.rf_ram_i.memory\[250\]\[0\],24.18µm
i_core_v_mini_mcu.cpu_subsystem_i.cpu_0_0.rf_ram_i.memory\[270\]\[1\],24.18µm
i_core_v_mini_mcu.cpu_subsystem_i.cpu_1_0.rf_ram_i.memory\[247\]\[0\],24.18µm
i_core_v_mini_mcu.cpu_subsystem_i.cpu_1_0.rf_ram_i.memory\[351\]\[1\],24.18µm
i_core_v_mini_mcu.cpu_subsystem_i.cpu_1_0.rf_ram_i.memory\[436\]\[0\],24.18µm
i_core_v_mini_mcu.cpu_subsystem_i.cpu_1_0.rf_ram_i.memory\[453\]\[0\],24.18µm
i_core_v_mini_mcu.cpu_subsystem_i.cpu_1_0.rf_ram_i.memory\[483\]\[0\],24.18µm
i_core_v_mini_mcu.cpu_subsystem_i.cpu_1_0.rf_ram_i.memory\[54\]\[1\],24.18µm
i_core_v_mini_mcu.memory_subsystem_i.ram0_i.tc_ram_i.sram\[12\]\[26\],24.18µm
i_core_v_mini_mcu.memory_subsystem_i.ram0_i.tc_ram_i.sram\[15\]\[22\],24.18µm
i_core_v_mini_mcu.memory_subsystem_i.ram0_i.tc_ram_i.sram\[3\]\[9\],24.18µm
i_core_v_mini_mcu.memory_subsystem_i.ram0_i.tc_ram_i.sram\[4\]\[8\],24.18µm
i_core_v_mini_mcu.peripheral_subsystem_i.obi_fifo_i.consumer_data_req_q\[68\],24.18µm
i_core_v_mini_mcu.peripheral_subsystem_i.uart_i.reg2hw\[42\],24.18µm
i_core_v_mini_mcu.peripheral_subsystem_i.uart_i.uart_core.rx_timeout_count_q\[1\],24.18µm
_00725_,24.13µm
_00901_,24.13µm
_01795_,24.13µm
_04505_,24.13µm
_05392_,24.13µm
_05754_,24.13µm
_05884_,24.13µm
_07530_,24.13µm
_07739_,24.13µm
_08254_,24.13µm
_08488_,24.13µm
_09810_,24.13µm
_09944_,24.13µm
_10393_,24.13µm
_10700_,24.13µm
_11563_,24.13µm
_11710_,24.13µm
_11942_,24.13µm
_12045_,24.13µm
_12213_,24.13µm
_12521_,24.13µm
_12562_,24.13µm
_13371_,24.13µm
_13613_,24.13µm
_13822_,24.13µm
_14963_,24.13µm
_15572_,24.13µm
_18199_,24.13µm
_19524_,24.13µm
_20061_,24.13µm
_20528_,24.13µm
_20619_,24.13µm
_20628_,24.13µm
_22639_,24.13µm
_23401_,24.13µm
_23662_,24.13µm
_24697_,24.13µm
_24962_,24.13µm
_25133_,24.13µm
_25596_,24.13µm
_26841_,24.13µm
_26870_,24.13µm
_26958_,24.13µm
_27298_,24.13µm
_27571_,24.13µm
_28232_,24.13µm
_28238_,24.13µm
i_core_v_mini_mcu.ao_peripheral_subsystem_i.tdu_i.task_mem\[1\]\[26\],24.13µm
i_core_v_mini_mcu.ao_peripheral_subsystem_i.tdu_i.task_mem\[2\]\[7\],24.13µm
i_core_v_mini_mcu.ao_peripheral_subsystem_i.tdu_i.task_mem\[6\]\[6\],24.13µm
i_core_v_mini_mcu.cpu_subsystem_i.cpu_0_0.rf_ram_i.memory\[10\]\[1\],24.13µm
i_core_v_mini_mcu.cpu_subsystem_i.cpu_0_0.rf_ram_i.memory\[11\]\[0\],24.13µm
i_core_v_mini_mcu.cpu_subsystem_i.cpu_0_0.rf_ram_i.memory\[142\]\[0\],24.13µm
i_core_v_mini_mcu.cpu_subsystem_i.cpu_0_0.rf_ram_i.memory\[206\]\[1\],24.13µm
i_core_v_mini_mcu.cpu_subsystem_i.cpu_0_0.rf_ram_i.memory\[326\]\[1\],24.13µm
i_core_v_mini_mcu.cpu_subsystem_i.cpu_0_0.rf_ram_i.memory\[345\]\[0\],24.13µm
i_core_v_mini_mcu.cpu_subsystem_i.cpu_0_0.rf_ram_i.memory\[350\]\[1\],24.13µm
i_core_v_mini_mcu.cpu_subsystem_i.cpu_0_0.rf_ram_i.memory\[373\]\[1\],24.13µm
i_core_v_mini_mcu.cpu_subsystem_i.cpu_0_0.rf_ram_i.memory\[392\]\[0\],24.13µm
i_core_v_mini_mcu.cpu_subsystem_i.cpu_0_0.rf_ram_i.memory\[405\]\[0\],24.13µm
i_core_v_mini_mcu.cpu_subsystem_i.cpu_0_0.rf_ram_i.memory\[423\]\[1\],24.13µm
i_core_v_mini_mcu.cpu_subsystem_i.cpu_0_0.rf_ram_i.memory\[438\]\[0\],24.13µm
i_core_v_mini_mcu.cpu_subsystem_i.cpu_1_0.rf_ram_i.memory\[107\]\[0\],24.13µm
i_core_v_mini_mcu.cpu_subsystem_i.cpu_1_0.rf_ram_i.memory\[180\]\[0\],24.13µm
i_core_v_mini_mcu.cpu_subsystem_i.cpu_1_0.rf_ram_i.memory\[181\]\[0\],24.13µm
i_core_v_mini_mcu.cpu_subsystem_i.cpu_1_0.rf_ram_i.memory\[20\]\[1\],24.13µm
i_core_v_mini_mcu.cpu_subsystem_i.cpu_1_0.rf_ram_i.memory\[264\]\[1\],24.13µm
i_core_v_mini_mcu.cpu_subsystem_i.cpu_1_0.rf_ram_i.memory\[29\]\[1\],24.13µm
i_core_v_mini_mcu.cpu_subsystem_i.cpu_1_0.rf_ram_i.memory\[304\]\[1\],24.13µm
i_core_v_mini_mcu.cpu_subsystem_i.cpu_1_0.rf_ram_i.memory\[320\]\[0\],24.13µm
i_core_v_mini_mcu.cpu_subsystem_i.cpu_1_0.rf_ram_i.memory\[416\]\[1\],24.13µm
i_core_v_mini_mcu.cpu_subsystem_i.cpu_1_0.rf_ram_i.memory\[510\]\[0\],24.13µm
i_core_v_mini_mcu.memory_subsystem_i.ram0_i.tc_ram_i.sram\[4\]\[25\],24.13µm
i_core_v_mini_mcu.memory_subsystem_i.ram0_i.tc_ram_i.sram\[6\]\[6\],24.13µm
i_core_v_mini_mcu.peripheral_slave_resp\[31\],24.13µm
i_core_v_mini_mcu.peripheral_subsystem_i.uart_i.uart_core.uart_tx.tick_baud_q,24.13µm
_00083_,24.08µm
_03752_,24.08µm
_05307_,24.08µm
_06144_,24.08µm
_06148_,24.08µm
_06418_,24.08µm
_06831_,24.08µm
_08281_,24.08µm
_08393_,24.08µm
_08580_,24.08µm
_09852_,24.08µm
_10031_,24.08µm
_10303_,24.08µm
_10360_,24.08µm
_11087_,24.08µm
_11626_,24.08µm
_11839_,24.08µm
_11998_,24.08µm
_12217_,24.08µm
_12938_,24.08µm
_13201_,24.08µm
_13776_,24.08µm
_14598_,24.08µm
_17254_,24.08µm
_17884_,24.08µm
_18180_,24.08µm
_18606_,24.08µm
_18905_,24.08µm
_19049_,24.08µm
_19593_,24.08µm
_19781_,24.08µm
_20202_,24.08µm
_20750_,24.08µm
_21482_,24.08µm
_21524_,24.08µm
_21856_,24.08µm
_23633_,24.08µm
_23844_,24.08µm
_24363_,24.08µm
_25076_,24.08µm
_25808_,24.08µm
_25903_,24.08µm
_26497_,24.08µm
_26649_,24.08µm
_26883_,24.08µm
_27640_,24.08µm
_28120_,24.08µm
_28450_,24.08µm
i_core_v_mini_mcu.ao_peripheral_subsystem_i.obi_fifo_i.consumer_data_req_q\[62\],24.08µm
i_core_v_mini_mcu.ao_peripheral_subsystem_i.periph_to_reg_i.r_rdata_d\[28\],24.08µm
i_core_v_mini_mcu.ao_peripheral_subsystem_i.soc_ctrl_i.reg2hw\[23\],24.08µm
i_core_v_mini_mcu.ao_peripheral_subsystem_i.tdu_i.task_mem\[6\]\[5\],24.08µm
i_core_v_mini_mcu.core_data_req\[74\],24.08µm
i_core_v_mini_mcu.cpu_subsystem_i.cpu_0_0.i_servile.cpu.decode.o_e_op,24.08µm
i_core_v_mini_mcu.cpu_subsystem_i.cpu_0_0.i_servile.cpu.decode.o_immdec_ctrl\[0\],24.08µm
i_core_v_mini_mcu.cpu_subsystem_i.cpu_0_0.rf_ram_i.memory\[162\]\[1\],24.08µm
i_core_v_mini_mcu.cpu_subsystem_i.cpu_0_0.rf_ram_i.memory\[171\]\[1\],24.08µm
i_core_v_mini_mcu.cpu_subsystem_i.cpu_0_0.rf_ram_i.memory\[43\]\[1\],24.08µm
i_core_v_mini_mcu.cpu_subsystem_i.cpu_0_0.rf_ram_i.memory\[501\]\[0\],24.08µm
i_core_v_mini_mcu.cpu_subsystem_i.cpu_0_0.rf_ram_i.memory\[531\]\[0\],24.08µm
i_core_v_mini_mcu.cpu_subsystem_i.cpu_0_0.rf_ram_i.memory\[557\]\[1\],24.08µm
i_core_v_mini_mcu.cpu_subsystem_i.cpu_1_0.rf_ram_i.memory\[15\]\[1\],24.08µm
i_core_v_mini_mcu.cpu_subsystem_i.cpu_1_0.rf_ram_i.memory\[474\]\[1\],24.08µm
i_core_v_mini_mcu.memory_subsystem_i.ram0_i.tc_ram_i.sram\[2\]\[23\],24.08µm
i_core_v_mini_mcu.peripheral_subsystem_i.uart_i.uart_core.allzero_cnt_q\[3\],24.08µm
i_core_v_mini_mcu.cpu_subsystem_i.cpu_1_0.rf_ram_i.memory\[200\]\[1\],23.85µm
_16886_,23.82µm
_17479_,23.82µm
_08853_,23.8µm
_20046_,23.8µm
i_core_v_mini_mcu.memory_subsystem_i.ram0_i.tc_ram_i.sram\[14\]\[19\],23.8µm
_16620_,23.77µm
_08922_,23.72µm
_14595_,23.72µm
_15876_,23.72µm
i_core_v_mini_mcu.cpu_subsystem_i.cpu_1_0.i_servile.cpu.alu.i_rd_sel\[1\],23.72µm
_08895_,23.67µm
_09299_,23.67µm
_14917_,23.67µm
_14975_,23.67µm
_15867_,23.67µm
_16241_,23.67µm
_17950_,23.67µm
i_core_v_mini_mcu.ao_peripheral_subsystem_i.obi_fifo_i.consumer_data_req\[21\],23.67µm
i_core_v_mini_mcu.ao_peripheral_subsystem_i.power_manager_i.power_manager_reg_top_i.reg2hw\[238\],23.67µm
i_core_v_mini_mcu.ao_peripheral_subsystem_i.tdu_i.active_hart_cycles_q\[10\],23.67µm
i_core_v_mini_mcu.ao_peripheral_subsystem_i.tdu_i.cpi_est_q\[56\],23.67µm
i_core_v_mini_mcu.ao_peripheral_subsystem_i.tdu_i.task_mem\[2\]\[0\],23.67µm
i_core_v_mini_mcu.ao_peripheral_subsystem_i.tdu_i.task_mem\[2\]\[3\],23.67µm
i_core_v_mini_mcu.cpu_subsystem_i.cpu_0_0.i_servile.cpu.alu.cmp_r,23.67µm
i_core_v_mini_mcu.cpu_subsystem_i.cpu_0_0.rf_ram_i.memory\[399\]\[1\],23.67µm
i_core_v_mini_mcu.cpu_subsystem_i.cpu_1_0.i_servile.arbiter.i_wb_cpu_dbus_adr\[18\],23.67µm
_00734_,23.62µm
_04681_,23.62µm
_05623_,23.62µm
_05711_,23.62µm
_06311_,23.62µm
_06551_,23.62µm
_06704_,23.62µm
_08642_,23.62µm
_08661_,23.62µm
_09213_,23.62µm
_09258_,23.62µm
_09267_,23.62µm
_09363_,23.62µm
_09774_,23.62µm
_10119_,23.62µm
_10193_,23.62µm
_13710_,23.62µm
_13827_,23.62µm
_13894_,23.62µm
_15002_,23.62µm
_15107_,23.62µm
_15965_,23.62µm
_16244_,23.62µm
_16687_,23.62µm
_16994_,23.62µm
_17221_,23.62µm
_17422_,23.62µm
_21196_,23.62µm
_22030_,23.62µm
_22620_,23.62µm
_23012_,23.62µm
_23251_,23.62µm
_23281_,23.62µm
_24810_,23.62µm
_25934_,23.62µm
_26469_,23.62µm
_27122_,23.62µm
_27180_,23.62µm
i_core_v_mini_mcu.ao_peripheral_subsystem_i.mosaic_clint_i.mtimecmp_q\[19\],23.62µm
i_core_v_mini_mcu.ao_peripheral_subsystem_i.obi_fifo_i.consumer_data_req\[52\],23.62µm
i_core_v_mini_mcu.ao_peripheral_subsystem_i.obi_fifo_i.consumer_data_req\[58\],23.62µm
i_core_v_mini_mcu.ao_peripheral_subsystem_i.power_manager_i.power_manager_counter_sequence_cpu_iso_i.sequence_curr_state\[5\],23.62µm
i_core_v_mini_mcu.ao_peripheral_subsystem_i.power_manager_i.power_manager_reg_top_i.cpu_iso_on_counter_qs\[13\],23.62µm
i_core_v_mini_mcu.ao_peripheral_subsystem_i.power_manager_i.power_manager_reg_top_i.cpu_switch_on_counter_qs\[0\],23.62µm
i_core_v_mini_mcu.ao_peripheral_subsystem_i.power_manager_i.power_manager_reg_top_i.global_pointer_qs\[31\],23.62µm
i_core_v_mini_mcu.ao_peripheral_subsystem_i.power_manager_i.power_manager_reg_top_i.intr_state_qs\[3\],23.62µm
i_core_v_mini_mcu.ao_peripheral_subsystem_i.tdu_i.cpi_est_q\[32\],23.62µm
i_core_v_mini_mcu.cpu_subsystem_i.cpu_0_0.i_servile.cpu.immdec.gen_immdec_w_eq_1.imm24_20\[1\],23.62µm
i_core_v_mini_mcu.cpu_subsystem_i.cpu_0_0.rf_ram_i.memory\[110\]\[1\],23.62µm
i_core_v_mini_mcu.cpu_subsystem_i.cpu_0_0.rf_ram_i.memory\[204\]\[0\],23.62µm
i_core_v_mini_mcu.cpu_subsystem_i.cpu_0_0.rf_ram_i.memory\[230\]\[1\],23.62µm
i_core_v_mini_mcu.cpu_subsystem_i.cpu_0_0.rf_ram_i.memory\[248\]\[1\],23.62µm
i_core_v_mini_mcu.cpu_subsystem_i.cpu_0_0.rf_ram_i.memory\[273\]\[0\],23.62µm
i_core_v_mini_mcu.cpu_subsystem_i.cpu_0_0.rf_ram_i.memory\[446\]\[1\],23.62µm
i_core_v_mini_mcu.cpu_subsystem_i.cpu_0_0.rf_ram_i.memory\[523\]\[1\],23.62µm
i_core_v_mini_mcu.cpu_subsystem_i.cpu_0_0.rf_ram_i.memory\[546\]\[0\],23.62µm
i_core_v_mini_mcu.cpu_subsystem_i.cpu_1_0.i_servile.cpu.immdec.gen_immdec_w_eq_1.imm19_12_20\[3\],23.62µm
i_core_v_mini_mcu.cpu_subsystem_i.cpu_1_0.rf_ram_i.memory\[102\]\[0\],23.62µm
i_core_v_mini_mcu.cpu_subsystem_i.cpu_1_0.rf_ram_i.memory\[196\]\[1\],23.62µm
i_core_v_mini_mcu.cpu_subsystem_i.cpu_1_0.rf_ram_i.memory\[246\]\[0\],23.62µm
i_core_v_mini_mcu.cpu_subsystem_i.cpu_1_0.rf_ram_i.memory\[445\]\[0\],23.62µm
i_core_v_mini_mcu.cpu_subsystem_i.cpu_1_0.rf_ram_i.memory\[454\]\[1\],23.62µm
i_core_v_mini_mcu.memory_subsystem_i.ram0_i.tc_ram_i.sram\[14\]\[29\],23.62µm
i_core_v_mini_mcu.memory_subsystem_i.ram0_i.tc_ram_i.sram\[19\]\[11\],23.62µm
i_core_v_mini_mcu.memory_subsystem_i.ram0_i.tc_ram_i.sram\[23\]\[2\],23.62µm
i_core_v_mini_mcu.memory_subsystem_i.ram0_i.tc_ram_i.sram\[28\]\[1\],23.62µm
i_core_v_mini_mcu.memory_subsystem_i.ram0_i.tc_ram_i.sram\[30\]\[29\],23.62µm
i_core_v_mini_mcu.memory_subsystem_i.ram0_i.tc_ram_i.sram\[31\]\[27\],23.62µm
i_core_v_mini_mcu.peripheral_slave_resp\[29\],23.62µm
i_core_v_mini_mcu.peripheral_subsystem_i.uart_i.hw2reg\[10\],23.62µm
i_core_v_mini_mcu.peripheral_subsystem_i.uart_i.uart_core.u_uart_rxfifo.gen_normal_fifo.storage\[18\],23.62µm
i_core_v_mini_mcu.peripheral_subsystem_i.uart_i.uart_core.uart_rx.sreg_q\[1\],23.62µm
i_core_v_mini_mcu.peripheral_subsystem_i.uart_i.uart_core.uart_tx.bit_cnt_q\[0\],23.62µm
_02930_,23.57µm
_03502_,23.57µm
_03853_,23.57µm
_06100_,23.57µm
_06533_,23.57µm
_08011_,23.57µm
_08173_,23.57µm
_08323_,23.57µm
_08339_,23.57µm
_08461_,23.57µm
_08876_,23.57µm
_09047_,23.57µm
_09365_,23.57µm
_09728_,23.57µm
_09960_,23.57µm
_10094_,23.57µm
_10401_,23.57µm
_11122_,23.57µm
_12017_,23.57µm
_12757_,23.57µm
_14178_,23.57µm
_15239_,23.57µm
_16480_,23.57µm
_16528_,23.57µm
_16863_,23.57µm
_17091_,23.57µm
_18073_,23.57µm
_18689_,23.57µm
_19355_,23.57µm
_19451_,23.57µm
_19495_,23.57µm
_19774_,23.57µm
_20169_,23.57µm
_21231_,23.57µm
_22297_,23.57µm
_22675_,23.57µm
_23680_,23.57µm
_24242_,23.57µm
_24299_,23.57µm
_24788_,23.57µm
_25014_,23.57µm
_25112_,23.57µm
_26616_,23.57µm
_26721_,23.57µm
_26931_,23.57µm
_27887_,23.57µm
i_core_v_mini_mcu.ao_peripheral_subsystem_i.power_manager_i.power_manager_reg_top_i.intr_state_qs\[7\],23.57µm
i_core_v_mini_mcu.ao_peripheral_subsystem_i.spi_subsystem_i.obi_spimemio_i.spimemio_i.buffer\[13\],23.57µm
i_core_v_mini_mcu.ao_peripheral_subsystem_i.tdu_i.active_hart_cycles_q\[22\],23.57µm
i_core_v_mini_mcu.ao_peripheral_subsystem_i.tdu_i.cpi_est_q\[18\],23.57µm
i_core_v_mini_mcu.ao_peripheral_subsystem_i.tdu_i.task_mem\[0\]\[25\],23.57µm
i_core_v_mini_mcu.ao_peripheral_subsystem_i.tdu_i.task_mem\[7\]\[13\],23.57µm
i_core_v_mini_mcu.ao_peripheral_subsystem_i.tdu_i.task_mem\[7\]\[14\],23.57µm
i_core_v_mini_mcu.cpu_subsystem_i.cpu_0_0.rf_ram_i.memory\[113\]\[0\],23.57µm
i_core_v_mini_mcu.cpu_subsystem_i.cpu_0_0.rf_ram_i.memory\[152\]\[0\],23.57µm
i_core_v_mini_mcu.cpu_subsystem_i.cpu_0_0.rf_ram_i.memory\[160\]\[1\],23.57µm
i_core_v_mini_mcu.cpu_subsystem_i.cpu_0_0.rf_ram_i.memory\[225\]\[0\],23.57µm
i_core_v_mini_mcu.cpu_subsystem_i.cpu_0_0.rf_ram_i.memory\[283\]\[1\],23.57µm
i_core_v_mini_mcu.cpu_subsystem_i.cpu_0_0.rf_ram_i.memory\[430\]\[1\],23.57µm
i_core_v_mini_mcu.cpu_subsystem_i.cpu_0_0.rf_ram_i.memory\[443\]\[1\],23.57µm
i_core_v_mini_mcu.cpu_subsystem_i.cpu_1_0.rf_ram_i.memory\[120\]\[0\],23.57µm
i_core_v_mini_mcu.cpu_subsystem_i.cpu_1_0.rf_ram_i.memory\[174\]\[0\],23.57µm
i_core_v_mini_mcu.cpu_subsystem_i.cpu_1_0.rf_ram_i.memory\[19\]\[1\],23.57µm
i_core_v_mini_mcu.cpu_subsystem_i.cpu_1_0.rf_ram_i.memory\[287\]\[0\],23.57µm
i_core_v_mini_mcu.cpu_subsystem_i.cpu_1_0.rf_ram_i.memory\[360\]\[1\],23.57µm
i_core_v_mini_mcu.cpu_subsystem_i.cpu_1_0.rf_ram_i.memory\[370\]\[1\],23.57µm
i_core_v_mini_mcu.cpu_subsystem_i.cpu_1_0.rf_ram_i.memory\[46\]\[1\],23.57µm
i_core_v_mini_mcu.cpu_subsystem_i.cpu_1_0.rf_ram_i.memory\[494\]\[0\],23.57µm
i_core_v_mini_mcu.cpu_subsystem_i.cpu_1_0.rf_ram_i.memory\[502\]\[0\],23.57µm
i_core_v_mini_mcu.cpu_subsystem_i.cpu_1_0.rf_ram_i.memory\[74\]\[0\],23.57µm
i_core_v_mini_mcu.memory_subsystem_i.ram0_i.tc_ram_i.sram\[18\]\[31\],23.57µm
_00012_,23.52µm
_00154_,23.52µm
_02677_,23.52µm
_03290_,23.52µm
_03677_,23.52µm
_04117_,23.52µm
_04738_,23.52µm
_05738_,23.52µm
_06055_,23.52µm
_06369_,23.52µm
_07557_,23.52µm
_07910_,23.52µm
_09088_,23.52µm
_09188_,23.52µm
_10155_,23.52µm
_10592_,23.52µm
_11039_,23.52µm
_11123_,23.52µm
_12078_,23.52µm
_12147_,23.52µm
_12340_,23.52µm
_12544_,23.52µm
_12750_,23.52µm
_13060_,23.52µm
_13079_,23.52µm
_13086_,23.52µm
_13422_,23.52µm
_14843_,23.52µm
_15264_,23.52µm
_16398_,23.52µm
_16420_,23.52µm
_16495_,23.52µm
_16942_,23.52µm
_17354_,23.52µm
_18016_,23.52µm
_18212_,23.52µm
_18213_,23.52µm
_18620_,23.52µm
_18724_,23.52µm
_18792_,23.52µm
_19031_,23.52µm
_19444_,23.52µm
_19457_,23.52µm
_19746_,23.52µm
_19811_,23.52µm
_20247_,23.52µm
_20546_,23.52µm
_21216_,23.52µm
_21678_,23.52µm
_22311_,23.52µm
_22525_,23.52µm
_22724_,23.52µm
_24640_,23.52µm
_24674_,23.52µm
_24834_,23.52µm
_24848_,23.52µm
_24875_,23.52µm
_24963_,23.52µm
_25521_,23.52µm
_25782_,23.52µm
_25798_,23.52µm
_25885_,23.52µm
_25989_,23.52µm
_26064_,23.52µm
_26205_,23.52µm
_26231_,23.52µm
_26241_,23.52µm
_26620_,23.52µm
_27282_,23.52µm
_27645_,23.52µm
_28320_,23.52µm
i_core_v_mini_mcu.ao_peripheral_subsystem_i.power_manager_i.power_manager_reg_top_i.cpu_counters_stop_cpu_switch_on_stop_bit_counter_qs,23.52µm
i_core_v_mini_mcu.cpu_subsystem_i.cpu_0_0.rf_ram_i.memory\[369\]\[1\],23.52µm
i_core_v_mini_mcu.cpu_subsystem_i.cpu_0_0.rf_ram_i.memory\[433\]\[1\],23.52µm
i_core_v_mini_mcu.cpu_subsystem_i.cpu_0_0.rf_ram_i.memory\[553\]\[1\],23.52µm
i_core_v_mini_mcu.cpu_subsystem_i.cpu_0_0.rf_ram_i.memory\[60\]\[1\],23.52µm
i_core_v_mini_mcu.cpu_subsystem_i.cpu_1_0.rf_ram_i.memory\[115\]\[0\],23.52µm
i_core_v_mini_mcu.cpu_subsystem_i.cpu_1_0.rf_ram_i.memory\[156\]\[1\],23.52µm
i_core_v_mini_mcu.cpu_subsystem_i.cpu_1_0.rf_ram_i.memory\[277\]\[1\],23.52µm
i_core_v_mini_mcu.cpu_subsystem_i.cpu_1_0.rf_ram_i.memory\[8\]\[0\],23.52µm
i_core_v_mini_mcu.memory_subsystem_i.ram0_i.tc_ram_i.sram\[1\]\[0\],23.52µm
i_core_v_mini_mcu.memory_subsystem_i.ram0_i.tc_ram_i.sram\[1\]\[3\],23.52µm
i_core_v_mini_mcu.memory_subsystem_i.ram0_i.tc_ram_i.sram\[22\]\[28\],23.52µm
i_core_v_mini_mcu.memory_subsystem_i.ram0_i.tc_ram_i.sram\[4\]\[23\],23.52µm
i_core_v_mini_mcu.memory_subsystem_i.ram0_i.tc_ram_i.sram\[9\]\[29\],23.52µm
i_core_v_mini_mcu.peripheral_subsystem_i.uart_i.uart_core.u_uart_rxfifo.gen_normal_fifo.storage\[1\],23.52µm
i_core_v_mini_mcu.ao_peripheral_subsystem_i.obi_fifo_i.consumer_data_req\[57\],23.29µm
i_core_v_mini_mcu.cpu_subsystem_i.cpu_0_0.rf_ram_i.memory\[134\]\[0\],23.29µm
i_core_v_mini_mcu.cpu_subsystem_i.cpu_1_0.rf_ram_i.memory\[168\]\[1\],23.29µm
_17105_,23.26µm
i_core_v_mini_mcu.ao_peripheral_subsystem_i.tdu_i.task_mem\[3\]\[31\],23.24µm
_16346_,23.21µm
_16735_,23.21µm
_17043_,23.16µm
_17053_,23.16µm
_18134_,23.16µm
_10125_,23.11µm
_11267_,23.11µm
_16694_,23.11µm
_17173_,23.11µm
_23248_,23.11µm
_23301_,23.11µm
i_core_v_mini_mcu.cpu_subsystem_i.cpu_0_0.i_servile.cpu.immdec.gen_immdec_w_eq_1.imm30_25\[1\],23.11µm
_01060_,23.06µm
_05835_,23.06µm
_06719_,23.06µm
_06795_,23.06µm
_07111_,23.06µm
_07858_,23.06µm
_09221_,23.06µm
_09631_,23.06µm
_09983_,23.06µm
_10057_,23.06µm
_10522_,23.06µm
_12474_,23.06µm
_13744_,23.06µm
_14582_,23.06µm
_15348_,23.06µm
_15735_,23.06µm
_15764_,23.06µm
_16400_,23.06µm
_16782_,23.06µm
_17008_,23.06µm
_20817_,23.06µm
_22538_,23.06µm
_23124_,23.06µm
_24138_,23.06µm
_24476_,23.06µm
_24699_,23.06µm
_27626_,23.06µm
_27773_,23.06µm
i_core_v_mini_mcu.ao_peripheral_subsystem_i.power_manager_i.power_manager_sequence_periph_switch_i.sequence_curr_state\[2\],23.06µm
i_core_v_mini_mcu.ao_peripheral_subsystem_i.soc_ctrl_i.reg2hw\[12\],23.06µm
i_core_v_mini_mcu.ao_peripheral_subsystem_i.soc_ctrl_i.reg2hw\[21\],23.06µm
i_core_v_mini_mcu.ao_peripheral_subsystem_i.soc_ctrl_i.reg2hw\[27\],23.06µm
i_core_v_mini_mcu.ao_peripheral_subsystem_i.spi_subsystem_i.obi_spimemio_i.obi_to_picorv32_i.obi_resp_o\[3\],23.06µm
i_core_v_mini_mcu.cpu_subsystem_i.cpu_0_0.rf_ram_i.memory\[253\]\[0\],23.06µm
i_core_v_mini_mcu.cpu_subsystem_i.cpu_0_0.rf_ram_i.memory\[32\]\[1\],23.06µm
i_core_v_mini_mcu.cpu_subsystem_i.cpu_0_0.rf_ram_i.memory\[334\]\[1\],23.06µm
i_core_v_mini_mcu.cpu_subsystem_i.cpu_0_0.rf_ram_i.memory\[406\]\[1\],23.06µm
i_core_v_mini_mcu.cpu_subsystem_i.cpu_0_0.rf_ram_i.memory\[443\]\[0\],23.06µm
i_core_v_mini_mcu.cpu_subsystem_i.cpu_0_0.rf_ram_i.memory\[563\]\[1\],23.06µm
i_core_v_mini_mcu.cpu_subsystem_i.cpu_1_0.rf_ram_i.memory\[133\]\[0\],23.06µm
i_core_v_mini_mcu.cpu_subsystem_i.cpu_1_0.rf_ram_i.memory\[226\]\[0\],23.06µm
i_core_v_mini_mcu.cpu_subsystem_i.cpu_1_0.rf_ram_i.memory\[30\]\[1\],23.06µm
i_core_v_mini_mcu.cpu_subsystem_i.cpu_1_0.rf_ram_i.memory\[496\]\[0\],23.06µm
i_core_v_mini_mcu.memory_subsystem_i.ram0_i.tc_ram_i.sram\[12\]\[2\],23.06µm
i_core_v_mini_mcu.memory_subsystem_i.ram0_i.tc_ram_i.sram\[28\]\[28\],23.06µm
i_core_v_mini_mcu.memory_subsystem_i.ram0_i.tc_ram_i.sram\[3\]\[4\],23.06µm
i_core_v_mini_mcu.peripheral_subsystem_i.uart_i.reg2hw\[123\],23.06µm
i_core_v_mini_mcu.peripheral_subsystem_i.uart_i.uart_core.rx_timeout_count_q\[6\],23.06µm
i_core_v_mini_mcu.peripheral_subsystem_i.uart_i.uart_core.u_uart_rxfifo.gen_normal_fifo.storage\[31\],23.06µm
_00404_,23.01µm
_00737_,23.01µm
_04193_,23.01µm
_05054_,23.01µm
_05728_,23.01µm
_05746_,23.01µm
_06054_,23.01µm
_07021_,23.01µm
_07602_,23.01µm
_08168_,23.01µm
_08476_,23.01µm
_08479_,23.01µm
_08752_,23.01µm
_08896_,23.01µm
_09313_,23.01µm
_09358_,23.01µm
_09497_,23.01µm
_09839_,23.01µm
_10079_,23.01µm
_10327_,23.01µm
_10465_,23.01µm
_11257_,23.01µm
_11802_,23.01µm
_12267_,23.01µm
_12320_,23.01µm
_12334_,23.01µm
_12617_,23.01µm
_12730_,23.01µm
_12978_,23.01µm
_13050_,23.01µm
_13120_,23.01µm
_13219_,23.01µm
_13555_,23.01µm
_13771_,23.01µm
_13870_,23.01µm
_15801_,23.01µm
_17141_,23.01µm
_17393_,23.01µm
_18225_,23.01µm
_18355_,23.01µm
_18696_,23.01µm
_18944_,23.01µm
_19393_,23.01µm
_20456_,23.01µm
_21133_,23.01µm
_21137_,23.01µm
_21855_,23.01µm
_22047_,23.01µm
_23010_,23.01µm
_23589_,23.01µm
_24042_,23.01µm
_24989_,23.01µm
_25212_,23.01µm
_25317_,23.01µm
_25329_,23.01µm
_26335_,23.01µm
_26361_,23.01µm
_26388_,23.01µm
_26399_,23.01µm
_27149_,23.01µm
_27157_,23.01µm
_27490_,23.01µm
_27713_,23.01µm
_28036_,23.01µm
_28271_,23.01µm
i_core_v_mini_mcu.ao_peripheral_subsystem_i.obi_fifo_i.consumer_data_req\[16\],23.01µm
i_core_v_mini_mcu.ao_peripheral_subsystem_i.obi_fifo_i.consumer_data_req\[25\],23.01µm
i_core_v_mini_mcu.ao_peripheral_subsystem_i.power_manager_i.peripheral_subsystem_rst_n,23.01µm
i_core_v_mini_mcu.ao_peripheral_subsystem_i.soc_ctrl_i.soc_ctrl_reg_top_i.system_frequency_hz_qs\[3\],23.01µm
i_core_v_mini_mcu.ao_peripheral_subsystem_i.spi_subsystem_i.obi_spimemio_i.spimemio_i.xfer.obuffer\[0\],23.01µm
i_core_v_mini_mcu.ao_peripheral_subsystem_i.tdu_i.cpi_est_q\[58\],23.01µm
i_core_v_mini_mcu.ao_peripheral_subsystem_i.tdu_i.cpi_est_q\[59\],23.01µm
i_core_v_mini_mcu.ao_peripheral_subsystem_i.tdu_i.task_mem\[1\]\[24\],23.01µm
i_core_v_mini_mcu.ao_peripheral_subsystem_i.tdu_i.task_mem\[1\]\[6\],23.01µm
i_core_v_mini_mcu.ao_peripheral_subsystem_i.tdu_i.task_mem\[2\]\[27\],23.01µm
i_core_v_mini_mcu.cpu_subsystem_i.cpu_0_0.rf_ram_i.memory\[160\]\[0\],23.01µm
i_core_v_mini_mcu.cpu_subsystem_i.cpu_0_0.rf_ram_i.memory\[21\]\[1\],23.01µm
i_core_v_mini_mcu.cpu_subsystem_i.cpu_0_0.rf_ram_i.memory\[236\]\[1\],23.01µm
i_core_v_mini_mcu.cpu_subsystem_i.cpu_0_0.rf_ram_i.memory\[308\]\[0\],23.01µm
i_core_v_mini_mcu.cpu_subsystem_i.cpu_0_0.rf_ram_i.memory\[383\]\[0\],23.01µm
i_core_v_mini_mcu.cpu_subsystem_i.cpu_0_0.rf_ram_i.memory\[394\]\[1\],23.01µm
i_core_v_mini_mcu.cpu_subsystem_i.cpu_0_0.rf_ram_i.memory\[426\]\[0\],23.01µm
i_core_v_mini_mcu.cpu_subsystem_i.cpu_0_0.rf_ram_i.memory\[445\]\[0\],23.01µm
i_core_v_mini_mcu.cpu_subsystem_i.cpu_0_0.rf_ram_i.memory\[461\]\[0\],23.01µm
i_core_v_mini_mcu.cpu_subsystem_i.cpu_0_0.rf_ram_i.memory\[475\]\[1\],23.01µm
i_core_v_mini_mcu.cpu_subsystem_i.cpu_0_0.rf_ram_i.memory\[66\]\[1\],23.01µm
i_core_v_mini_mcu.cpu_subsystem_i.cpu_0_0.rf_ram_i.memory\[78\]\[1\],23.01µm
i_core_v_mini_mcu.cpu_subsystem_i.cpu_0_0.rf_ram_i.memory\[85\]\[1\],23.01µm
i_core_v_mini_mcu.cpu_subsystem_i.cpu_1_0.i_servile.arbiter.i_wb_cpu_ibus_adr\[19\],23.01µm
i_core_v_mini_mcu.cpu_subsystem_i.cpu_1_0.i_servile.cpu.cond_branch,23.01µm
i_core_v_mini_mcu.cpu_subsystem_i.cpu_1_0.rf_ram_i.memory\[201\]\[1\],23.01µm
i_core_v_mini_mcu.cpu_subsystem_i.cpu_1_0.rf_ram_i.memory\[205\]\[1\],23.01µm
i_core_v_mini_mcu.cpu_subsystem_i.cpu_1_0.rf_ram_i.memory\[212\]\[1\],23.01µm
i_core_v_mini_mcu.cpu_subsystem_i.cpu_1_0.rf_ram_i.memory\[22\]\[1\],23.01µm
i_core_v_mini_mcu.cpu_subsystem_i.cpu_1_0.rf_ram_i.memory\[237\]\[0\],23.01µm
i_core_v_mini_mcu.cpu_subsystem_i.cpu_1_0.rf_ram_i.memory\[469\]\[0\],23.01µm
i_core_v_mini_mcu.cpu_subsystem_i.cpu_1_0.rf_ram_i.memory\[509\]\[1\],23.01µm
i_core_v_mini_mcu.cpu_subsystem_i.cpu_1_0.rf_ram_i.memory\[62\]\[1\],23.01µm
i_core_v_mini_mcu.memory_subsystem_i.ram0_i.tc_ram_i.sram\[14\]\[4\],23.01µm
i_core_v_mini_mcu.memory_subsystem_i.ram0_i.tc_ram_i.sram\[19\]\[2\],23.01µm
i_core_v_mini_mcu.memory_subsystem_i.ram0_i.tc_ram_i.sram\[19\]\[5\],23.01µm
i_core_v_mini_mcu.memory_subsystem_i.ram0_i.tc_ram_i.sram\[21\]\[14\],23.01µm
i_core_v_mini_mcu.memory_subsystem_i.ram0_i.tc_ram_i.sram\[24\]\[19\],23.01µm
i_core_v_mini_mcu.memory_subsystem_i.ram0_i.tc_ram_i.sram\[26\]\[23\],23.01µm
i_core_v_mini_mcu.memory_subsystem_i.ram0_i.tc_ram_i.sram\[2\]\[18\],23.01µm
i_core_v_mini_mcu.peripheral_slave_resp\[2\],23.01µm
_00152_,22.96µm
_03959_,22.96µm
_05692_,22.96µm
_05939_,22.96µm
_06386_,22.96µm
_07049_,22.96µm
_07157_,22.96µm
_08234_,22.96µm
_09179_,22.96µm
_09781_,22.96µm
_09910_,22.96µm
_10012_,22.96µm
_10097_,22.96µm
_11010_,22.96µm
_11126_,22.96µm
_11197_,22.96µm
_11432_,22.96µm
_11683_,22.96µm
_11771_,22.96µm
_12842_,22.96µm
_12996_,22.96µm
_13037_,22.96µm
_13256_,22.96µm
_13439_,22.96µm
_13785_,22.96µm
_14564_,22.96µm
_14653_,22.96µm
_14705_,22.96µm
_14866_,22.96µm
_15732_,22.96µm
_16232_,22.96µm
_17070_,22.96µm
_17970_,22.96µm
_18469_,22.96µm
_19345_,22.96µm
_19583_,22.96µm
_20185_,22.96µm
_20218_,22.96µm
_20463_,22.96µm
_20547_,22.96µm
_20738_,22.96µm
_20797_,22.96µm
_22935_,22.96µm
_23225_,22.96µm
_23654_,22.96µm
_24015_,22.96µm
_24228_,22.96µm
_24846_,22.96µm
_25400_,22.96µm
_25760_,22.96µm
_25767_,22.96µm
_25851_,22.96µm
_26195_,22.96µm
_26239_,22.96µm
_26284_,22.96µm
_26358_,22.96µm
_26369_,22.96µm
_26489_,22.96µm
_26643_,22.96µm
_26999_,22.96µm
_27442_,22.96µm
_27450_,22.96µm
_28148_,22.96µm
_28153_,22.96µm
_28267_,22.96µm
i_core_v_mini_mcu.ao_peripheral_subsystem_i.periph_to_reg_i.r_rdata_d\[8\],22.96µm
i_core_v_mini_mcu.ao_peripheral_subsystem_i.power_manager_i.power_manager_reg_top_i.intr_state_qs\[24\],22.96µm
i_core_v_mini_mcu.ao_peripheral_subsystem_i.tdu_i.task_mem\[1\]\[11\],22.96µm
i_core_v_mini_mcu.ao_peripheral_subsystem_i.tdu_i.task_mem\[5\]\[11\],22.96µm
i_core_v_mini_mcu.cpu_subsystem_i.cpu_0_0.i_servile.cpu.gen_align.align.ibus_rdt_concat\[12\],22.96µm
i_core_v_mini_mcu.cpu_subsystem_i.cpu_0_0.rf_ram_i.memory\[151\]\[0\],22.96µm
i_core_v_mini_mcu.cpu_subsystem_i.cpu_0_0.rf_ram_i.memory\[352\]\[0\],22.96µm
i_core_v_mini_mcu.cpu_subsystem_i.cpu_0_0.rf_ram_i.memory\[370\]\[0\],22.96µm
i_core_v_mini_mcu.cpu_subsystem_i.cpu_0_0.rf_ram_i.memory\[375\]\[0\],22.96µm
i_core_v_mini_mcu.cpu_subsystem_i.cpu_0_0.rf_ram_i.memory\[510\]\[1\],22.96µm
i_core_v_mini_mcu.cpu_subsystem_i.cpu_0_0.rf_ram_i.memory\[93\]\[1\],22.96µm
i_core_v_mini_mcu.cpu_subsystem_i.cpu_1_0.rf_ram_i.memory\[126\]\[0\],22.96µm
i_core_v_mini_mcu.cpu_subsystem_i.cpu_1_0.rf_ram_i.memory\[131\]\[0\],22.96µm
i_core_v_mini_mcu.cpu_subsystem_i.cpu_1_0.rf_ram_i.memory\[425\]\[0\],22.96µm
i_core_v_mini_mcu.cpu_subsystem_i.cpu_1_0.rf_ram_i.memory\[486\]\[0\],22.96µm
i_core_v_mini_mcu.cpu_subsystem_i.cpu_1_0.rf_ram_i.memory\[92\]\[0\],22.96µm
i_core_v_mini_mcu.memory_subsystem_i.ram0_i.tc_ram_i.sram\[25\]\[6\],22.96µm
i_core_v_mini_mcu.memory_subsystem_i.ram0_i.tc_ram_i.sram\[5\]\[1\],22.96µm
i_core_v_mini_mcu.memory_subsystem_i.ram0_i.tc_ram_i.sram\[6\]\[17\],22.96µm
i_core_v_mini_mcu.memory_subsystem_i.ram0_i.tc_ram_i.sram\[8\]\[25\],22.96µm
i_core_v_mini_mcu.peripheral_subsystem_i.uart_i.uart_core.u_uart_txfifo.gen_normal_fifo.storage\[10\],22.96µm
_11036_,22.84µm
i_core_v_mini_mcu.memory_subsystem_i.ram0_i.tc_ram_i.sram\[1\]\[5\],22.73µm
i_core_v_mini_mcu.peripheral_subsystem_i.uart_i.uart_core.u_uart_txfifo.gen_normal_fifo.storage\[5\],22.73µm
_14855_,22.65µm
_15555_,22.65µm
_16228_,22.65µm
i_core_v_mini_mcu.peripheral_subsystem_i.uart_i.hw2reg\[12\],22.65µm
_06334_,22.6µm
_09068_,22.6µm
_15505_,22.6µm
_16649_,22.6µm
_17414_,22.6µm
_23709_,22.6µm
i_core_v_mini_mcu.cpu_subsystem_i.cpu_0_0.i_servile.cpu.csr_addr\[1\],22.6µm
i_core_v_mini_mcu.cpu_subsystem_i.cpu_0_0.rf_ram_i.memory\[162\]\[0\],22.6µm
_06011_,22.55µm
_06673_,22.55µm
_09251_,22.55µm
_09292_,22.55µm
_09559_,22.55µm
_15295_,22.55µm
_15990_,22.55µm
_17539_,22.55µm
_21945_,22.55µm
i_core_v_mini_mcu.cpu_subsystem_i.cpu_0_0.rf_ram_i.memory\[126\]\[0\],22.55µm
i_core_v_mini_mcu.cpu_subsystem_i.cpu_0_0.rf_ram_i.memory\[228\]\[0\],22.55µm
i_core_v_mini_mcu.cpu_subsystem_i.cpu_0_0.rf_ram_i.memory\[367\]\[1\],22.55µm
i_core_v_mini_mcu.peripheral_subsystem_i.obi_fifo_i.consumer_data_req_q\[12\],22.55µm
i_core_v_mini_mcu.peripheral_subsystem_i.periph_to_reg_i.r_rdata_d\[31\],22.55µm
_03989_,22.5µm
_05479_,22.5µm
_06243_,22.5µm
_07756_,22.5µm
_07818_,22.5µm
_08522_,22.5µm
_09724_,22.5µm
_09986_,22.5µm
_10230_,22.5µm
_12259_,22.5µm
_13482_,22.5µm
_17390_,22.5µm
_17750_,22.5µm
_18040_,22.5µm
_18501_,22.5µm
_20494_,22.5µm
_22069_,22.5µm
_22182_,22.5µm
_23580_,22.5µm
_23640_,22.5µm
_24203_,22.5µm
_26890_,22.5µm
i_core_v_mini_mcu.ao_peripheral_subsystem_i.power_manager_i.cpu_powergate_counter_expired_switch_off,22.5µm
i_core_v_mini_mcu.ao_peripheral_subsystem_i.tdu_i.task_mem\[7\]\[5\],22.5µm
i_core_v_mini_mcu.cpu_subsystem_i.cpu_0_0.i_servile.arbiter.i_wb_cpu_dbus_adr\[2\],22.5µm
i_core_v_mini_mcu.cpu_subsystem_i.cpu_0_0.rf_ram_i.memory\[12\]\[1\],22.5µm
i_core_v_mini_mcu.cpu_subsystem_i.cpu_0_0.rf_ram_i.memory\[246\]\[1\],22.5µm
i_core_v_mini_mcu.cpu_subsystem_i.cpu_0_0.rf_ram_i.memory\[297\]\[1\],22.5µm
i_core_v_mini_mcu.cpu_subsystem_i.cpu_0_0.rf_ram_i.memory\[298\]\[0\],22.5µm
i_core_v_mini_mcu.cpu_subsystem_i.cpu_0_0.rf_ram_i.memory\[438\]\[1\],22.5µm
i_core_v_mini_mcu.cpu_subsystem_i.cpu_0_0.rf_ram_i.memory\[557\]\[0\],22.5µm
i_core_v_mini_mcu.cpu_subsystem_i.cpu_1_0.i_servile.rf_ram_if.wdata0_r\[1\],22.5µm
i_core_v_mini_mcu.cpu_subsystem_i.cpu_1_0.rf_ram_i.memory\[120\]\[1\],22.5µm
i_core_v_mini_mcu.cpu_subsystem_i.cpu_1_0.rf_ram_i.memory\[203\]\[1\],22.5µm
i_core_v_mini_mcu.cpu_subsystem_i.cpu_1_0.rf_ram_i.memory\[257\]\[1\],22.5µm
i_core_v_mini_mcu.cpu_subsystem_i.cpu_1_0.rf_ram_i.memory\[326\]\[0\],22.5µm
i_core_v_mini_mcu.cpu_subsystem_i.cpu_1_0.rf_ram_i.memory\[386\]\[0\],22.5µm
i_core_v_mini_mcu.cpu_subsystem_i.cpu_1_0.rf_ram_i.memory\[502\]\[1\],22.5µm
i_core_v_mini_mcu.memory_subsystem_i.ram0_i.tc_ram_i.sram\[11\]\[22\],22.5µm
i_core_v_mini_mcu.memory_subsystem_i.ram0_i.tc_ram_i.sram\[13\]\[1\],22.5µm
i_core_v_mini_mcu.memory_subsystem_i.ram0_i.tc_ram_i.sram\[1\]\[21\],22.5µm
i_core_v_mini_mcu.memory_subsystem_i.ram0_i.tc_ram_i.sram\[23\]\[26\],22.5µm
i_core_v_mini_mcu.memory_subsystem_i.ram0_i.tc_ram_i.sram\[4\]\[20\],22.5µm
i_core_v_mini_mcu.peripheral_subsystem_i.uart_i.reg2hw\[114\],22.5µm
_04975_,22.45µm
_05091_,22.45µm
_06012_,22.45µm
_06123_,22.45µm
_06665_,22.45µm
_06688_,22.45µm
_07167_,22.45µm
_07232_,22.45µm
_07422_,22.45µm
_07540_,22.45µm
_09282_,22.45µm
_09580_,22.45µm
_10814_,22.45µm
_11292_,22.45µm
_11365_,22.45µm
_11379_,22.45µm
_11548_,22.45µm
_11699_,22.45µm
_11900_,22.45µm
_12260_,22.45µm
_12272_,22.45µm
_12575_,22.45µm
_12868_,22.45µm
_12986_,22.45µm
_13209_,22.45µm
_13880_,22.45µm
_14999_,22.45µm
_15154_,22.45µm
_18069_,22.45µm
_18566_,22.45µm
_19149_,22.45µm
_20255_,22.45µm
_20298_,22.45µm
_20345_,22.45µm
_20545_,22.45µm
_20765_,22.45µm
_21144_,22.45µm
_23033_,22.45µm
_23929_,22.45µm
_23967_,22.45µm
_24118_,22.45µm
_24139_,22.45µm
_24399_,22.45µm
_24542_,22.45µm
_24680_,22.45µm
_25010_,22.45µm
_25409_,22.45µm
_25766_,22.45µm
_26191_,22.45µm
_26211_,22.45µm
_26556_,22.45µm
_26997_,22.45µm
_27000_,22.45µm
_27028_,22.45µm
_27439_,22.45µm
_27956_,22.45µm
_28051_,22.45µm
_28197_,22.45µm
_28339_,22.45µm
_28344_,22.45µm
i_core_v_mini_mcu.ao_peripheral_subsystem_i.power_manager_i.power_manager_reg_top_i.global_pointer_qs\[21\],22.45µm
i_core_v_mini_mcu.ao_peripheral_subsystem_i.spi_subsystem_i.obi_spimemio_i.spimemio_i.rd_addr\[2\],22.45µm
i_core_v_mini_mcu.ao_peripheral_subsystem_i.tdu_i.cpi_est_q\[30\],22.45µm
i_core_v_mini_mcu.ao_peripheral_subsystem_i.tdu_i.task_mem\[5\]\[10\],22.45µm
i_core_v_mini_mcu.ao_peripheral_subsystem_i.tdu_i.task_mem\[5\]\[16\],22.45µm
i_core_v_mini_mcu.ao_peripheral_subsystem_i.tdu_i.task_mem\[6\]\[16\],22.45µm
i_core_v_mini_mcu.ao_peripheral_subsystem_i.tdu_i.task_mem\[7\]\[6\],22.45µm
i_core_v_mini_mcu.cpu_subsystem_i.cpu_0_0.i_servile.cpu.alu.i_sub,22.45µm
i_core_v_mini_mcu.cpu_subsystem_i.cpu_0_0.rf_ram_i.memory\[207\]\[0\],22.45µm
i_core_v_mini_mcu.cpu_subsystem_i.cpu_0_0.rf_ram_i.memory\[25\]\[1\],22.45µm
i_core_v_mini_mcu.cpu_subsystem_i.cpu_0_0.rf_ram_i.memory\[268\]\[0\],22.45µm
i_core_v_mini_mcu.cpu_subsystem_i.cpu_0_0.rf_ram_i.memory\[352\]\[1\],22.45µm
i_core_v_mini_mcu.cpu_subsystem_i.cpu_1_0.rf_ram_i.memory\[186\]\[1\],22.45µm
i_core_v_mini_mcu.cpu_subsystem_i.cpu_1_0.rf_ram_i.memory\[240\]\[1\],22.45µm
i_core_v_mini_mcu.cpu_subsystem_i.cpu_1_0.rf_ram_i.memory\[287\]\[1\],22.45µm
i_core_v_mini_mcu.cpu_subsystem_i.cpu_1_0.rf_ram_i.memory\[314\]\[1\],22.45µm
i_core_v_mini_mcu.cpu_subsystem_i.cpu_1_0.rf_ram_i.memory\[411\]\[0\],22.45µm
i_core_v_mini_mcu.cpu_subsystem_i.cpu_1_0.rf_ram_i.memory\[497\]\[0\],22.45µm
i_core_v_mini_mcu.memory_subsystem_i.ram0_i.tc_ram_i.sram\[11\]\[18\],22.45µm
i_core_v_mini_mcu.memory_subsystem_i.ram0_i.tc_ram_i.sram\[26\]\[31\],22.45µm
i_core_v_mini_mcu.memory_subsystem_i.ram0_i.tc_ram_i.sram\[3\]\[18\],22.45µm
i_core_v_mini_mcu.peripheral_subsystem_i.periph_to_reg_i.r_rdata_d\[22\],22.45µm
i_core_v_mini_mcu.peripheral_subsystem_i.uart_i.uart_core.rx_watermark_d,22.45µm
_02765_,22.4µm
_04730_,22.4µm
_04744_,22.4µm
_04748_,22.4µm
_04757_,22.4µm
_05262_,22.4µm
_06900_,22.4µm
_07375_,22.4µm
_07406_,22.4µm
_07810_,22.4µm
_07956_,22.4µm
_07961_,22.4µm
_08073_,22.4µm
_08232_,22.4µm
_08317_,22.4µm
_08401_,22.4µm
_08440_,22.4µm
_09183_,22.4µm
_10322_,22.4µm
_10487_,22.4µm
_10728_,22.4µm
_10859_,22.4µm
_11357_,22.4µm
_12245_,22.4µm
_12402_,22.4µm
_13463_,22.4µm
_13720_,22.4µm
_13724_,22.4µm
_14016_,22.4µm
_14096_,22.4µm
_14326_,22.4µm
_14448_,22.4µm
_14896_,22.4µm
_14900_,22.4µm
_15172_,22.4µm
_15178_,22.4µm
_15434_,22.4µm
_15593_,22.4µm
_15619_,22.4µm
_15999_,22.4µm
_16429_,22.4µm
_16680_,22.4µm
_16961_,22.4µm
_17677_,22.4µm
_17915_,22.4µm
_18546_,22.4µm
_18726_,22.4µm
_19035_,22.4µm
_19161_,22.4µm
_19409_,22.4µm
_19490_,22.4µm
_20822_,22.4µm
_21005_,22.4µm
_21267_,22.4µm
_21280_,22.4µm
_22591_,22.4µm
_23737_,22.4µm
_23892_,22.4µm
_24239_,22.4µm
_24682_,22.4µm
_25684_,22.4µm
_25685_,22.4µm
_25753_,22.4µm
_25955_,22.4µm
_26413_,22.4µm
_26576_,22.4µm
_26614_,22.4µm
_26957_,22.4µm
_28282_,22.4µm
_28417_,22.4µm
i_core_v_mini_mcu.ao_peripheral_subsystem_i.obi_fifo_i.consumer_data_req\[56\],22.4µm
i_core_v_mini_mcu.ao_peripheral_subsystem_i.periph_to_reg_i.r_rdata_d\[17\],22.4µm
i_core_v_mini_mcu.ao_peripheral_subsystem_i.power_manager_i.power_manager_reg_top_i.reg2hw\[249\],22.4µm
i_core_v_mini_mcu.cpu_subsystem_i.cpu_0_0.i_servile.cpu.decode.o_rd_alu_en,22.4µm
i_core_v_mini_mcu.cpu_subsystem_i.cpu_0_0.rf_ram_i.memory\[212\]\[0\],22.4µm
i_core_v_mini_mcu.cpu_subsystem_i.cpu_0_0.rf_ram_i.memory\[288\]\[1\],22.4µm
i_core_v_mini_mcu.cpu_subsystem_i.cpu_0_0.rf_ram_i.memory\[367\]\[0\],22.4µm
i_core_v_mini_mcu.cpu_subsystem_i.cpu_0_0.rf_ram_i.memory\[389\]\[1\],22.4µm
i_core_v_mini_mcu.cpu_subsystem_i.cpu_1_0.rf_ram_i.memory\[23\]\[0\],22.4µm
i_core_v_mini_mcu.cpu_subsystem_i.cpu_1_0.rf_ram_i.memory\[443\]\[0\],22.4µm
i_core_v_mini_mcu.cpu_subsystem_i.cpu_1_0.rf_ram_i.memory\[481\]\[0\],22.4µm
i_core_v_mini_mcu.memory_subsystem_i.ram0_i.tc_ram_i.sram\[7\]\[31\],22.4µm
i_core_v_mini_mcu.peripheral_subsystem_i.uart_i.uart_core.u_uart_rxfifo.gen_normal_fifo.fifo_rptr\[2\],22.4µm
i_core_v_mini_mcu.ao_peripheral_subsystem_i.mosaic_clint_i.mtimecmp_q\[66\],22.17µm
i_core_v_mini_mcu.cpu_subsystem_i.cpu_0_0.rf_ram_i.memory\[91\]\[1\],22.17µm
i_core_v_mini_mcu.cpu_subsystem_i.cpu_1_0.i_servile.arbiter.i_wb_cpu_dbus_adr\[14\],22.17µm
i_core_v_mini_mcu.cpu_subsystem_i.cpu_1_0.rf_ram_i.memory\[284\]\[1\],22.17µm
_26408_,22.12µm
_15981_,22.09µm
_16317_,22.09µm
_17634_,22.09µm
_08649_,22.04µm
_15395_,22.04µm
_16569_,22.04µm
_16741_,22.04µm
_18142_,22.04µm
i_core_v_mini_mcu.cpu_subsystem_i.cpu_0_0.rf_ram_i.memory\[100\]\[1\],22.04µm
_05731_,21.99µm
_08957_,21.99µm
_10080_,21.99µm
_15214_,21.99µm
_15463_,21.99µm
_16951_,21.99µm
_17411_,21.99µm
_17473_,21.99µm
i_core_v_mini_mcu.ao_peripheral_subsystem_i.spi_subsystem_i.obi_spimemio_i.obi_to_picorv32_i.picorv32_resp_i\[6\],21.99µm
i_core_v_mini_mcu.ao_peripheral_subsystem_i.tdu_i.task_mem\[1\]\[29\],21.99µm
i_core_v_mini_mcu.core_data_req\[81\],21.99µm
i_core_v_mini_mcu.cpu_subsystem_i.cpu_1_0.rf_ram_i.memory\[215\]\[1\],21.99µm
i_core_v_mini_mcu.cpu_subsystem_i.cpu_1_0.rf_ram_i.memory\[343\]\[0\],21.99µm
i_core_v_mini_mcu.cpu_subsystem_i.cpu_1_0.rf_ram_i.memory\[398\]\[0\],21.97µm
_00249_,21.94µm
_04854_,21.94µm
_05739_,21.94µm
_06387_,21.94µm
_06637_,21.94µm
_07359_,21.94µm
_08078_,21.94µm
_08172_,21.94µm
_09824_,21.94µm
_12897_,21.94µm
_13882_,21.94µm
_14415_,21.94µm
_14947_,21.94µm
_14996_,21.94µm
_15304_,21.94µm
_18268_,21.94µm
_18922_,21.94µm
_20005_,21.94µm
_21773_,21.94µm
_22403_,21.94µm
_23013_,21.94µm
_23964_,21.94µm
_26527_,21.94µm
_26621_,21.94µm
_27242_,21.94µm
i_core_v_mini_mcu.ao_peripheral_subsystem_i.power_manager_i.power_manager_reg_top_i.global_pointer_qs\[7\],21.94µm
i_core_v_mini_mcu.ao_peripheral_subsystem_i.power_manager_i.power_manager_reg_top_i.intr_state_qs\[15\],21.94µm
i_core_v_mini_mcu.ao_peripheral_subsystem_i.spi_subsystem_i.obi_spimemio_i.spimemio_i.buffer\[2\],21.94µm
i_core_v_mini_mcu.ao_peripheral_subsystem_i.spi_subsystem_i.obi_spimemio_i.spimemio_i.rd_addr\[20\],21.94µm
i_core_v_mini_mcu.cpu_subsystem_i.cpu_0_0.i_servile.cpu.ctrl.o_ibus_adr\[27\],21.94µm
i_core_v_mini_mcu.cpu_subsystem_i.cpu_0_0.rf_ram_i.memory\[195\]\[0\],21.94µm
i_core_v_mini_mcu.cpu_subsystem_i.cpu_0_0.rf_ram_i.memory\[359\]\[1\],21.94µm
i_core_v_mini_mcu.cpu_subsystem_i.cpu_0_0.rf_ram_i.memory\[381\]\[0\],21.94µm
i_core_v_mini_mcu.cpu_subsystem_i.cpu_0_0.rf_ram_i.memory\[460\]\[1\],21.94µm
i_core_v_mini_mcu.cpu_subsystem_i.cpu_0_0.rf_ram_i.memory\[48\]\[0\],21.94µm
i_core_v_mini_mcu.cpu_subsystem_i.cpu_1_0.i_servile.arbiter.i_wb_cpu_dbus_adr\[24\],21.94µm
i_core_v_mini_mcu.cpu_subsystem_i.cpu_1_0.rf_ram_i.memory\[110\]\[0\],21.94µm
i_core_v_mini_mcu.cpu_subsystem_i.cpu_1_0.rf_ram_i.memory\[240\]\[0\],21.94µm
i_core_v_mini_mcu.cpu_subsystem_i.cpu_1_0.rf_ram_i.memory\[262\]\[1\],21.94µm
i_core_v_mini_mcu.cpu_subsystem_i.cpu_1_0.rf_ram_i.memory\[291\]\[1\],21.94µm
i_core_v_mini_mcu.cpu_subsystem_i.cpu_1_0.rf_ram_i.memory\[292\]\[1\],21.94µm
i_core_v_mini_mcu.cpu_subsystem_i.cpu_1_0.rf_ram_i.memory\[380\]\[1\],21.94µm
i_core_v_mini_mcu.cpu_subsystem_i.cpu_1_0.rf_ram_i.memory\[54\]\[0\],21.94µm
i_core_v_mini_mcu.cpu_subsystem_i.cpu_1_0.rf_ram_i.memory\[63\]\[0\],21.94µm
i_core_v_mini_mcu.cpu_subsystem_i.cpu_1_0.rf_ram_i.memory\[79\]\[1\],21.94µm
i_core_v_mini_mcu.memory_subsystem_i.ram0_i.tc_ram_i.sram\[3\]\[11\],21.94µm
_00275_,21.89µm
_00381_,21.89µm
_00872_,21.89µm
_01817_,21.89µm
_02652_,21.89µm
_03854_,21.89µm
_04014_,21.89µm
_04836_,21.89µm
_04936_,21.89µm
_05131_,21.89µm
_05327_,21.89µm
_05814_,21.89µm
_05994_,21.89µm
_06102_,21.89µm
_06116_,21.89µm
_06643_,21.89µm
_07468_,21.89µm
_08277_,21.89µm
_08633_,21.89µm
_08641_,21.89µm
_09261_,21.89µm
_09290_,21.89µm
_09332_,21.89µm
_09500_,21.89µm
_09814_,21.89µm
_09845_,21.89µm
_10321_,21.89µm
_11020_,21.89µm
_11129_,21.89µm
_11840_,21.89µm
_12983_,21.89µm
_13651_,21.89µm
_13712_,21.89µm
_14126_,21.89µm
_14807_,21.89µm
_14944_,21.89µm
_15529_,21.89µm
_16051_,21.89µm
_17018_,21.89µm
_17247_,21.89µm
_17478_,21.89µm
_17723_,21.89µm
_18725_,21.89µm
_18975_,21.89µm
_19098_,21.89µm
_19406_,21.89µm
_20062_,21.89µm
_20103_,21.89µm
_20113_,21.89µm
_20503_,21.89µm
_20700_,21.89µm
_20785_,21.89µm
_21892_,21.89µm
_22016_,21.89µm
_22204_,21.89µm
_22281_,21.89µm
_23014_,21.89µm
_23024_,21.89µm
_23343_,21.89µm
_23532_,21.89µm
_23776_,21.89µm
_23846_,21.89µm
_24587_,21.89µm
_24982_,21.89µm
_25024_,21.89µm
_25198_,21.89µm
_25236_,21.89µm
_25629_,21.89µm
_26003_,21.89µm
_26179_,21.89µm
_26302_,21.89µm
_26505_,21.89µm
_26596_,21.89µm
_27150_,21.89µm
_27235_,21.89µm
_27447_,21.89µm
_28073_,21.89µm
_28136_,21.89µm
_28179_,21.89µm
i_core_v_mini_mcu.ao_peripheral_subsystem_i.mosaic_clint_i.mtimecmp_q\[46\],21.89µm
i_core_v_mini_mcu.ao_peripheral_subsystem_i.obi_fifo_i.consumer_data_req\[36\],21.89µm
i_core_v_mini_mcu.ao_peripheral_subsystem_i.obi_fifo_i.consumer_data_req_q\[10\],21.89µm
i_core_v_mini_mcu.ao_peripheral_subsystem_i.obi_fifo_i.consumer_data_req_q\[12\],21.89µm
i_core_v_mini_mcu.ao_peripheral_subsystem_i.obi_fifo_i.consumer_data_req_q\[33\],21.89µm
i_core_v_mini_mcu.ao_peripheral_subsystem_i.power_manager_i.power_manager_reg_top_i.intr_state_qs\[14\],21.89µm
i_core_v_mini_mcu.ao_peripheral_subsystem_i.power_manager_i.power_manager_reg_top_i.intr_state_qs\[17\],21.89µm
i_core_v_mini_mcu.ao_peripheral_subsystem_i.soc_ctrl_i.reg2hw\[14\],21.89µm
i_core_v_mini_mcu.ao_peripheral_subsystem_i.spi_subsystem_i.obi_spimemio_i.spimemio_i.buffer\[17\],21.89µm
i_core_v_mini_mcu.ao_peripheral_subsystem_i.spi_subsystem_i.obi_spimemio_i.spimemio_i.xfer.xfer_rd,21.89µm
i_core_v_mini_mcu.ao_peripheral_subsystem_i.tdu_i.cpi_est_q\[20\],21.89µm
i_core_v_mini_mcu.ao_peripheral_subsystem_i.tdu_i.cpi_est_q\[44\],21.89µm
i_core_v_mini_mcu.ao_peripheral_subsystem_i.tdu_i.task_mem\[1\]\[19\],21.89µm
i_core_v_mini_mcu.ao_peripheral_subsystem_i.tdu_i.task_mem\[5\]\[0\],21.89µm
i_core_v_mini_mcu.ao_peripheral_subsystem_i.tdu_i.task_mem\[5\]\[7\],21.89µm
i_core_v_mini_mcu.cpu_subsystem_i.cpu_0_0.rf_ram_i.memory\[194\]\[0\],21.89µm
i_core_v_mini_mcu.cpu_subsystem_i.cpu_0_0.rf_ram_i.memory\[240\]\[1\],21.89µm
i_core_v_mini_mcu.cpu_subsystem_i.cpu_0_0.rf_ram_i.memory\[291\]\[0\],21.89µm
i_core_v_mini_mcu.cpu_subsystem_i.cpu_0_0.rf_ram_i.memory\[35\]\[1\],21.89µm
i_core_v_mini_mcu.cpu_subsystem_i.cpu_0_0.rf_ram_i.memory\[484\]\[1\],21.89µm
i_core_v_mini_mcu.cpu_subsystem_i.cpu_0_0.rf_ram_i.memory\[519\]\[1\],21.89µm
i_core_v_mini_mcu.cpu_subsystem_i.cpu_0_0.rf_ram_i.memory\[60\]\[0\],21.89µm
i_core_v_mini_mcu.cpu_subsystem_i.cpu_1_0.i_servile.arbiter.i_wb_cpu_ibus_adr\[4\],21.89µm
i_core_v_mini_mcu.cpu_subsystem_i.cpu_1_0.i_servile.cpu.decode.o_immdec_en\[3\],21.89µm
i_core_v_mini_mcu.cpu_subsystem_i.cpu_1_0.rf_ram_i.memory\[172\]\[0\],21.89µm
i_core_v_mini_mcu.cpu_subsystem_i.cpu_1_0.rf_ram_i.memory\[175\]\[0\],21.89µm
i_core_v_mini_mcu.cpu_subsystem_i.cpu_1_0.rf_ram_i.memory\[35\]\[1\],21.89µm
i_core_v_mini_mcu.cpu_subsystem_i.cpu_1_0.rf_ram_i.memory\[383\]\[1\],21.89µm
i_core_v_mini_mcu.cpu_subsystem_i.cpu_1_0.rf_ram_i.memory\[459\]\[1\],21.89µm
i_core_v_mini_mcu.memory_subsystem_i.ram0_i.tc_ram_i.sram\[21\]\[27\],21.89µm
i_core_v_mini_mcu.memory_subsystem_i.ram0_i.tc_ram_i.sram\[25\]\[2\],21.89µm
i_core_v_mini_mcu.memory_subsystem_i.ram0_i.tc_ram_i.sram\[3\]\[21\],21.89µm
i_core_v_mini_mcu.memory_subsystem_i.ram0_i.tc_ram_i.sram\[4\]\[12\],21.89µm
i_core_v_mini_mcu.peripheral_subsystem_i.obi_fifo_i.consumer_data_req_q\[26\],21.89µm
i_core_v_mini_mcu.peripheral_subsystem_i.uart_i.uart_core.u_uart_txfifo.gen_normal_fifo.storage\[18\],21.89µm
_00243_,21.84µm
_00363_,21.84µm
_03164_,21.84µm
_04052_,21.84µm
_04061_,21.84µm
_06289_,21.84µm
_06574_,21.84µm
_06611_,21.84µm
_06976_,21.84µm
_08252_,21.84µm
_08796_,21.84µm
_09304_,21.84µm
_09383_,21.84µm
_09417_,21.84µm
_10042_,21.84µm
_10285_,21.84µm
_10580_,21.84µm
_12039_,21.84µm
_12180_,21.84µm
_12285_,21.84µm
_12815_,21.84µm
_13160_,21.84µm
_13858_,21.84µm
_15584_,21.84µm
_15630_,21.84µm
_16005_,21.84µm
_16150_,21.84µm
_16670_,21.84µm
_17503_,21.84µm
_17619_,21.84µm
_17729_,21.84µm
_18218_,21.84µm
_18702_,21.84µm
_18754_,21.84µm
_18848_,21.84µm
_20100_,21.84µm
_20243_,21.84µm
_20592_,21.84µm
_20931_,21.84µm
_20978_,21.84µm
_21175_,21.84µm
_21497_,21.84µm
_22224_,21.84µm
_23611_,21.84µm
_23627_,21.84µm
_24219_,21.84µm
_25013_,21.84µm
_25306_,21.84µm
_25604_,21.84µm
_26585_,21.84µm
_26868_,21.84µm
_26894_,21.84µm
_27292_,21.84µm
_27747_,21.84µm
_28241_,21.84µm
_28302_,21.84µm
i_core_v_mini_mcu.ao_peripheral_subsystem_i.obi_fifo_i.consumer_data_req_q\[11\],21.84µm
i_core_v_mini_mcu.ao_peripheral_subsystem_i.power_manager_i.power_manager_reg_top_i.cpu_switch_off_counter_qs\[3\],21.84µm
i_core_v_mini_mcu.ao_peripheral_subsystem_i.power_manager_i.power_manager_reg_top_i.reg2hw\[228\],21.84µm
i_core_v_mini_mcu.ao_peripheral_subsystem_i.power_manager_i.power_manager_reg_top_i.u_power_gate_ram_block_0_ack.d,21.84µm
i_core_v_mini_mcu.ao_peripheral_subsystem_i.soc_ctrl_i.reg2hw\[11\],21.84µm
i_core_v_mini_mcu.ao_peripheral_subsystem_i.soc_ctrl_i.soc_ctrl_reg_top_i.system_frequency_hz_qs\[13\],21.84µm
i_core_v_mini_mcu.ao_peripheral_subsystem_i.spi_subsystem_i.obi_spimemio_i.spimemio_i.xfer.flash_io0_do,21.84µm
i_core_v_mini_mcu.ao_peripheral_subsystem_i.tdu_i.cpi_est_q\[16\],21.84µm
i_core_v_mini_mcu.ao_peripheral_subsystem_i.tdu_i.task_mem\[7\]\[31\],21.84µm
i_core_v_mini_mcu.cpu_subsystem_i.cpu_0_0.i_servile.cpu.gen_csr.csr.mcause3_0\[2\],21.84µm
i_core_v_mini_mcu.cpu_subsystem_i.cpu_0_0.rf_ram_i.memory\[108\]\[1\],21.84µm
i_core_v_mini_mcu.cpu_subsystem_i.cpu_0_0.rf_ram_i.memory\[154\]\[0\],21.84µm
i_core_v_mini_mcu.cpu_subsystem_i.cpu_0_0.rf_ram_i.memory\[217\]\[1\],21.84µm
i_core_v_mini_mcu.cpu_subsystem_i.cpu_0_0.rf_ram_i.memory\[219\]\[1\],21.84µm
i_core_v_mini_mcu.cpu_subsystem_i.cpu_0_0.rf_ram_i.memory\[234\]\[0\],21.84µm
i_core_v_mini_mcu.cpu_subsystem_i.cpu_0_0.rf_ram_i.memory\[427\]\[0\],21.84µm
i_core_v_mini_mcu.cpu_subsystem_i.cpu_1_0.rf_ram_i.memory\[160\]\[1\],21.84µm
i_core_v_mini_mcu.cpu_subsystem_i.cpu_1_0.rf_ram_i.memory\[432\]\[1\],21.84µm
i_core_v_mini_mcu.memory_subsystem_i.ram0_i.tc_ram_i.sram\[0\]\[30\],21.84µm
i_core_v_mini_mcu.memory_subsystem_i.ram0_i.tc_ram_i.sram\[14\]\[24\],21.84µm
i_core_v_mini_mcu.memory_subsystem_i.ram0_i.tc_ram_i.sram\[19\]\[0\],21.84µm
i_core_v_mini_mcu.memory_subsystem_i.ram0_i.tc_ram_i.sram\[25\]\[30\],21.84µm
i_core_v_mini_mcu.memory_subsystem_i.ram0_i.tc_ram_i.sram\[31\]\[25\],21.84µm
i_core_v_mini_mcu.memory_subsystem_i.ram0_i.tc_ram_i.sram\[6\]\[31\],21.84µm
i_core_v_mini_mcu.peripheral_subsystem_i.uart_i.reg2hw\[41\],21.84µm
i_core_v_mini_mcu.peripheral_subsystem_i.uart_i.uart_core.u_uart_txfifo.gen_normal_fifo.storage\[22\],21.84µm
i_core_v_mini_mcu.peripheral_subsystem_i.uart_i.uart_core.u_uart_txfifo.gen_normal_fifo.storage\[2\],21.84µm
i_core_v_mini_mcu.peripheral_subsystem_i.uart_i.uart_core.uart_rx.sreg_q\[6\],21.84µm
i_core_v_mini_mcu.memory_subsystem_i.ram0_i.tc_ram_i.sram\[7\]\[1\],21.66µm
i_core_v_mini_mcu.memory_subsystem_i.ram0_i.tc_ram_i.sram\[7\]\[9\],21.66µm
i_core_v_mini_mcu.peripheral_subsystem_i.uart_i.reg2hw\[31\],21.66µm
i_core_v_mini_mcu.cpu_subsystem_i.cpu_1_0.rf_ram_i.memory\[286\]\[0\],21.61µm
_10116_,21.56µm
i_core_v_mini_mcu.ao_peripheral_subsystem_i.obi_fifo_i.consumer_data_req\[9\],21.56µm
_06442_,21.48µm
_08631_,21.48µm
_15549_,21.48µm
_15767_,21.48µm
_16117_,21.48µm
_16738_,21.48µm
_16851_,21.48µm
_18200_,21.48µm
i_core_v_mini_mcu.ao_peripheral_subsystem_i.power_manager_i.power_manager_reg_top_i.cpu_iso_off_counter_qs\[8\],21.48µm
_06496_,21.43µm
_06718_,21.43µm
_09474_,21.43µm
_16095_,21.43µm
_16643_,21.43µm
_16721_,21.43µm
_16798_,21.43µm
_16832_,21.43µm
_17583_,21.43µm
_18472_,21.43µm
i_core_v_mini_mcu.ao_peripheral_subsystem_i.spi_subsystem_i.obi_spimemio_i.spimemio_i.state\[8\],21.43µm
i_core_v_mini_mcu.cpu_subsystem_i.cpu_1_0.rf_ram_i.memory\[272\]\[1\],21.43µm
_05937_,21.38µm
_06720_,21.38µm
_06877_,21.38µm
_08273_,21.38µm
_09228_,21.38µm
_09244_,21.38µm
_09285_,21.38µm
_09754_,21.38µm
_09793_,21.38µm
_11393_,21.38µm
_12296_,21.38µm
_19853_,21.38µm
_20769_,21.38µm
_24134_,21.38µm
_24220_,21.38µm
_27200_,21.38µm
i_core_v_mini_mcu.ao_peripheral_subsystem_i.power_manager_i.power_manager_reg_top_i.cpu_counters_stop_cpu_iso_off_stop_bit_counter_qs,21.38µm
i_core_v_mini_mcu.ao_peripheral_subsystem_i.power_manager_i.power_manager_reg_top_i.cpu_iso_on_counter_qs\[11\],21.38µm
i_core_v_mini_mcu.ao_peripheral_subsystem_i.power_manager_i.power_manager_reg_top_i.cpu_switch_on_counter_qs\[12\],21.38µm
i_core_v_mini_mcu.ao_peripheral_subsystem_i.tdu_i.cpi_est_q\[6\],21.38µm
i_core_v_mini_mcu.cpu_subsystem_i.cpu_0_0.i_servile.rf_ram_if.wen0_r,21.38µm
i_core_v_mini_mcu.cpu_subsystem_i.cpu_0_0.rf_ram_i.memory\[0\]\[1\],21.38µm
i_core_v_mini_mcu.cpu_subsystem_i.cpu_0_0.rf_ram_i.memory\[153\]\[1\],21.38µm
i_core_v_mini_mcu.cpu_subsystem_i.cpu_0_0.rf_ram_i.memory\[155\]\[0\],21.38µm
i_core_v_mini_mcu.cpu_subsystem_i.cpu_0_0.rf_ram_i.memory\[250\]\[1\],21.38µm
i_core_v_mini_mcu.cpu_subsystem_i.cpu_0_0.rf_ram_i.memory\[298\]\[1\],21.38µm
i_core_v_mini_mcu.cpu_subsystem_i.cpu_0_0.rf_ram_i.memory\[320\]\[1\],21.38µm
i_core_v_mini_mcu.cpu_subsystem_i.cpu_1_0.rf_ram_i.memory\[241\]\[0\],21.38µm
i_core_v_mini_mcu.cpu_subsystem_i.cpu_1_0.rf_ram_i.memory\[269\]\[0\],21.38µm
i_core_v_mini_mcu.cpu_subsystem_i.cpu_1_0.rf_ram_i.memory\[293\]\[0\],21.38µm
i_core_v_mini_mcu.cpu_subsystem_i.cpu_1_0.rf_ram_i.memory\[5\]\[1\],21.38µm
i_core_v_mini_mcu.cpu_subsystem_i.cpu_1_0.rf_ram_i.memory\[63\]\[1\],21.38µm
i_core_v_mini_mcu.memory_subsystem_i.ram0_i.tc_ram_i.sram\[0\]\[25\],21.38µm
i_core_v_mini_mcu.memory_subsystem_i.ram0_i.tc_ram_i.sram\[14\]\[18\],21.38µm
i_core_v_mini_mcu.memory_subsystem_i.ram0_i.tc_ram_i.sram\[16\]\[18\],21.38µm
i_core_v_mini_mcu.memory_subsystem_i.ram0_i.tc_ram_i.sram\[19\]\[14\],21.38µm
i_core_v_mini_mcu.peripheral_subsystem_i.uart_i.reg2hw\[116\],21.38µm
i_core_v_mini_mcu.peripheral_subsystem_i.uart_i.uart_core.u_uart_rxfifo.gen_normal_fifo.storage\[16\],21.38µm
_01363_,21.33µm
_04001_,21.33µm
_04129_,21.33µm
_04276_,21.33µm
_04309_,21.33µm
_04707_,21.33µm
_05042_,21.33µm
_05134_,21.33µm
_05880_,21.33µm
_05917_,21.33µm
_06082_,21.33µm
_06158_,21.33µm
_06189_,21.33µm
_06415_,21.33µm
_07861_,21.33µm
_07894_,21.33µm
_08054_,21.33µm
_08200_,21.33µm
_08636_,21.33µm
_09121_,21.33µm
_09127_,21.33µm
_09792_,21.33µm
_10733_,21.33µm
_11067_,21.33µm
_11804_,21.33µm
_11826_,21.33µm
_11958_,21.33µm
_11970_,21.33µm
_12054_,21.33µm
_12899_,21.33µm
_13088_,21.33µm
_13299_,21.33µm
_13431_,21.33µm
_13741_,21.33µm
_13968_,21.33µm
_14065_,21.33µm
_15079_,21.33µm
_15682_,21.33µm
_16040_,21.33µm
_16237_,21.33µm
_16264_,21.33µm
_16638_,21.33µm
_17002_,21.33µm
_17280_,21.33µm
_17415_,21.33µm
_17562_,21.33µm
_18464_,21.33µm
_19043_,21.33µm
_19229_,21.33µm
_20490_,21.33µm
_20623_,21.33µm
_20659_,21.33µm
_20847_,21.33µm
_20973_,21.33µm
_21160_,21.33µm
_22003_,21.33µm
_22078_,21.33µm
_22492_,21.33µm
_23149_,21.33µm
_23334_,21.33µm
_23546_,21.33µm
_23822_,21.33µm
_23980_,21.33µm
_24133_,21.33µm
_24458_,21.33µm
_24676_,21.33µm
_25003_,21.33µm
_25182_,21.33µm
_25519_,21.33µm
_26207_,21.33µm
_26245_,21.33µm
_26624_,21.33µm
_27210_,21.33µm
_27427_,21.33µm
_27689_,21.33µm
_27753_,21.33µm
_28141_,21.33µm
_28235_,21.33µm
_28330_,21.33µm
i_core_v_mini_mcu.ao_peripheral_subsystem_i.obi_fifo_i.consumer_data_req\[53\],21.33µm
i_core_v_mini_mcu.ao_peripheral_subsystem_i.obi_fifo_i.consumer_data_req_q\[25\],21.33µm
i_core_v_mini_mcu.ao_peripheral_subsystem_i.obi_fifo_i.consumer_data_req_q\[9\],21.33µm
i_core_v_mini_mcu.ao_peripheral_subsystem_i.power_manager_i.cpu_powergate_counter_expired_switch_on,21.33µm
i_core_v_mini_mcu.ao_peripheral_subsystem_i.spi_subsystem_i.obi_spimemio_i.spimemio_i.rd_addr\[7\],21.33µm
i_core_v_mini_mcu.ao_peripheral_subsystem_i.spi_subsystem_i.obi_spimemio_i.spimemio_i.xfer.xfer_tag\[2\],21.33µm
i_core_v_mini_mcu.ao_peripheral_subsystem_i.tdu_i.active_hart_cycles_q\[6\],21.33µm
i_core_v_mini_mcu.ao_peripheral_subsystem_i.tdu_i.task_mem\[1\]\[31\],21.33µm
i_core_v_mini_mcu.ao_peripheral_subsystem_i.tdu_i.task_mem\[1\]\[4\],21.33µm
i_core_v_mini_mcu.ao_peripheral_subsystem_i.tdu_i.task_mem\[3\]\[0\],21.33µm
i_core_v_mini_mcu.ao_peripheral_subsystem_i.tdu_i.task_mem\[3\]\[14\],21.33µm
i_core_v_mini_mcu.cpu_subsystem_i.cpu_0_0.rf_ram_i.memory\[119\]\[0\],21.33µm
i_core_v_mini_mcu.cpu_subsystem_i.cpu_0_0.rf_ram_i.memory\[176\]\[0\],21.33µm
i_core_v_mini_mcu.cpu_subsystem_i.cpu_0_0.rf_ram_i.memory\[22\]\[0\],21.33µm
i_core_v_mini_mcu.cpu_subsystem_i.cpu_0_0.rf_ram_i.memory\[246\]\[0\],21.33µm
i_core_v_mini_mcu.cpu_subsystem_i.cpu_0_0.rf_ram_i.memory\[28\]\[0\],21.33µm
i_core_v_mini_mcu.cpu_subsystem_i.cpu_0_0.rf_ram_i.memory\[305\]\[1\],21.33µm
i_core_v_mini_mcu.cpu_subsystem_i.cpu_0_0.rf_ram_i.memory\[377\]\[0\],21.33µm
i_core_v_mini_mcu.cpu_subsystem_i.cpu_0_0.rf_ram_i.memory\[482\]\[1\],21.33µm
i_core_v_mini_mcu.cpu_subsystem_i.cpu_1_0.i_servile.arbiter.i_wb_cpu_dbus_adr\[25\],21.33µm
i_core_v_mini_mcu.cpu_subsystem_i.cpu_1_0.rf_ram_i.memory\[204\]\[0\],21.33µm
i_core_v_mini_mcu.cpu_subsystem_i.cpu_1_0.rf_ram_i.memory\[242\]\[1\],21.33µm
i_core_v_mini_mcu.cpu_subsystem_i.cpu_1_0.rf_ram_i.memory\[302\]\[1\],21.33µm
i_core_v_mini_mcu.cpu_subsystem_i.cpu_1_0.rf_ram_i.memory\[325\]\[1\],21.33µm
i_core_v_mini_mcu.cpu_subsystem_i.cpu_1_0.rf_ram_i.memory\[379\]\[0\],21.33µm
i_core_v_mini_mcu.memory_subsystem_i.ram0_i.tc_ram_i.sram\[11\]\[21\],21.33µm
i_core_v_mini_mcu.memory_subsystem_i.ram0_i.tc_ram_i.sram\[18\]\[0\],21.33µm
i_core_v_mini_mcu.memory_subsystem_i.ram0_i.tc_ram_i.sram\[18\]\[21\],21.33µm
i_core_v_mini_mcu.memory_subsystem_i.ram0_i.tc_ram_i.sram\[23\]\[28\],21.33µm
i_core_v_mini_mcu.memory_subsystem_i.ram0_i.tc_ram_i.sram\[28\]\[23\],21.33µm
i_core_v_mini_mcu.memory_subsystem_i.ram0_i.tc_ram_i.sram\[29\]\[17\],21.33µm
i_core_v_mini_mcu.memory_subsystem_i.ram0_i.tc_ram_i.sram\[2\]\[6\],21.33µm
i_core_v_mini_mcu.memory_subsystem_i.ram0_i.tc_ram_i.sram\[5\]\[17\],21.33µm
i_core_v_mini_mcu.peripheral_subsystem_i.obi_fifo_i.consumer_data_req\[67\],21.33µm
i_core_v_mini_mcu.peripheral_subsystem_i.obi_fifo_i.consumer_data_req_q\[24\],21.33µm
i_core_v_mini_mcu.peripheral_subsystem_i.uart_i.reg2hw\[46\],21.33µm
i_core_v_mini_mcu.peripheral_subsystem_i.uart_i.uart_core.uart_tx.baud_div_q\[1\],21.33µm
_00024_,21.28µm
_03024_,21.28µm
_03838_,21.28µm
_05043_,21.28µm
_05072_,21.28µm
_05263_,21.28µm
_05491_,21.28µm
_06913_,21.28µm
_06938_,21.28µm
_06982_,21.28µm
_07372_,21.28µm
_07720_,21.28µm
_08028_,21.28µm
_08142_,21.28µm
_08434_,21.28µm
_09124_,21.28µm
_09335_,21.28µm
_09924_,21.28µm
_09962_,21.28µm
_10453_,21.28µm
_11069_,21.28µm
_11404_,21.28µm
_11720_,21.28µm
_11888_,21.28µm
_12421_,21.28µm
_12503_,21.28µm
_12798_,21.28µm
_13283_,21.28µm
_13447_,21.28µm
_13577_,21.28µm
_14175_,21.28µm
_14606_,21.28µm
_15719_,21.28µm
_15758_,21.28µm
_16271_,21.28µm
_16619_,21.28µm
_16870_,21.28µm
_17401_,21.28µm
_17669_,21.28µm
_17772_,21.28µm
_17926_,21.28µm
_18237_,21.28µm
_18361_,21.28µm
_18839_,21.28µm
_19455_,21.28µm
_20595_,21.28µm
_21255_,21.28µm
_21639_,21.28µm
_21679_,21.28µm
_21692_,21.28µm
_22247_,21.28µm
_22817_,21.28µm
_23574_,21.28µm
_23595_,21.28µm
_23875_,21.28µm
_25197_,21.28µm
_25209_,21.28µm
_25500_,21.28µm
_25754_,21.28µm
_26276_,21.28µm
_26768_,21.28µm
_26983_,21.28µm
_27057_,21.28µm
_27202_,21.28µm
_27208_,21.28µm
_27344_,21.28µm
_27441_,21.28µm
_27527_,21.28µm
_27529_,21.28µm
i_core_v_mini_mcu.ao_peripheral_subsystem_i.power_manager_i.power_manager_reg_top_i.reg2hw\[239\],21.28µm
i_core_v_mini_mcu.ao_peripheral_subsystem_i.soc_ctrl_i.soc_ctrl_reg_top_i.system_frequency_hz_qs\[25\],21.28µm
i_core_v_mini_mcu.ao_peripheral_subsystem_i.tdu_i.task_mem\[0\]\[13\],21.28µm
i_core_v_mini_mcu.ao_peripheral_subsystem_i.tdu_i.task_mem\[1\]\[12\],21.28µm
i_core_v_mini_mcu.ao_peripheral_subsystem_i.tdu_i.task_mem\[2\]\[20\],21.28µm
i_core_v_mini_mcu.cpu_subsystem_i.cpu_0_0.rf_ram_i.memory\[104\]\[0\],21.28µm
i_core_v_mini_mcu.cpu_subsystem_i.cpu_0_0.rf_ram_i.memory\[216\]\[1\],21.28µm
i_core_v_mini_mcu.cpu_subsystem_i.cpu_0_0.rf_ram_i.memory\[275\]\[1\],21.28µm
i_core_v_mini_mcu.cpu_subsystem_i.cpu_0_0.rf_ram_i.memory\[371\]\[1\],21.28µm
i_core_v_mini_mcu.cpu_subsystem_i.cpu_0_0.rf_ram_i.memory\[439\]\[1\],21.28µm
i_core_v_mini_mcu.cpu_subsystem_i.cpu_0_0.rf_ram_i.memory\[469\]\[1\],21.28µm
i_core_v_mini_mcu.cpu_subsystem_i.cpu_1_0.rf_ram_i.memory\[129\]\[0\],21.28µm
i_core_v_mini_mcu.cpu_subsystem_i.cpu_1_0.rf_ram_i.memory\[155\]\[0\],21.28µm
i_core_v_mini_mcu.cpu_subsystem_i.cpu_1_0.rf_ram_i.memory\[178\]\[1\],21.28µm
i_core_v_mini_mcu.cpu_subsystem_i.cpu_1_0.rf_ram_i.memory\[252\]\[1\],21.28µm
i_core_v_mini_mcu.cpu_subsystem_i.cpu_1_0.rf_ram_i.memory\[305\]\[0\],21.28µm
i_core_v_mini_mcu.cpu_subsystem_i.cpu_1_0.rf_ram_i.memory\[305\]\[1\],21.28µm
i_core_v_mini_mcu.cpu_subsystem_i.cpu_1_0.rf_ram_i.memory\[361\]\[0\],21.28µm
i_core_v_mini_mcu.cpu_subsystem_i.cpu_1_0.rf_ram_i.memory\[76\]\[1\],21.28µm
i_core_v_mini_mcu.memory_subsystem_i.ram0_i.tc_ram_i.sram\[25\]\[25\],21.28µm
i_core_v_mini_mcu.memory_subsystem_i.ram0_i.tc_ram_i.sram\[6\]\[5\],21.28µm
i_core_v_mini_mcu.peripheral_subsystem_i.uart_i.uart_core.u_uart_txfifo.gen_normal_fifo.fifo_wptr\[2\],21.28µm
_16681_,21.15µm
i_core_v_mini_mcu.ao_peripheral_subsystem_i.tdu_i.cpi_est_q\[46\],21.1µm
i_core_v_mini_mcu.cpu_subsystem_i.cpu_0_0.rf_ram_i.memory\[5\]\[0\],21.1µm
i_core_v_mini_mcu.cpu_subsystem_i.cpu_1_0.rf_ram_i.memory\[260\]\[1\],21.05µm
i_core_v_mini_mcu.memory_subsystem_i.ram0_i.tc_ram_i.sram\[25\]\[18\],21.05µm
_06114_,20.97µm
_16608_,20.97µm
_16732_,20.97µm
_16935_,20.97µm
_16718_,20.92µm
_16808_,20.92µm
_18308_,20.92µm
_22535_,20.92µm
_06358_,20.87µm
_08584_,20.87µm
_15787_,20.87µm
_20736_,20.87µm
_23082_,20.87µm
i_core_v_mini_mcu.ao_peripheral_subsystem_i.tdu_i.task_mem\[1\]\[15\],20.87µm
i_core_v_mini_mcu.cpu_subsystem_i.cpu_0_0.rf_ram_i.memory\[314\]\[0\],20.87µm
i_core_v_mini_mcu.cpu_subsystem_i.cpu_1_0.rf_ram_i.memory\[197\]\[0\],20.87µm
i_core_v_mini_mcu.cpu_subsystem_i.cpu_1_0.rf_ram_i.memory\[346\]\[1\],20.87µm
i_core_v_mini_mcu.cpu_subsystem_i.cpu_1_0.rf_ram_i.memory\[442\]\[0\],20.87µm
i_core_v_mini_mcu.memory_subsystem_i.ram0_i.tc_ram_i.sram\[25\]\[31\],20.87µm
i_core_v_mini_mcu.ao_peripheral_subsystem_i.tdu_i.task_mem\[5\]\[28\],20.855µm
_01174_,20.82µm
_02936_,20.82µm
_05481_,20.82µm
_05816_,20.82µm
_06035_,20.82µm
_06282_,20.82µm
_06635_,20.82µm
_07857_,20.82µm
_09270_,20.82µm
_09698_,20.82µm
_10187_,20.82µm
_10253_,20.82µm
_12795_,20.82µm
_13885_,20.82µm
_15282_,20.82µm
_17350_,20.82µm
_17513_,20.82µm
_20461_,20.82µm
_20867_,20.82µm
_24209_,20.82µm
_25655_,20.82µm
_26765_,20.82µm
_27598_,20.82µm
i_core_v_mini_mcu.ao_peripheral_subsystem_i.mosaic_clint_i.mtimecmp_q\[44\],20.82µm
i_core_v_mini_mcu.ao_peripheral_subsystem_i.mosaic_clint_i.mtimecmp_q\[76\],20.82µm
i_core_v_mini_mcu.ao_peripheral_subsystem_i.tdu_i.task_mem\[1\]\[17\],20.82µm
i_core_v_mini_mcu.ao_peripheral_subsystem_i.tdu_i.task_mem\[5\]\[25\],20.82µm
i_core_v_mini_mcu.ao_peripheral_subsystem_i.tdu_i.task_mem\[6\]\[26\],20.82µm
i_core_v_mini_mcu.ao_peripheral_subsystem_i.tdu_i.task_mem\[7\]\[9\],20.82µm
i_core_v_mini_mcu.core_data_req\[80\],20.82µm
i_core_v_mini_mcu.cpu_subsystem_i.cpu_0_0.rf_ram_i.memory\[116\]\[0\],20.82µm
i_core_v_mini_mcu.cpu_subsystem_i.cpu_0_0.rf_ram_i.memory\[149\]\[0\],20.82µm
i_core_v_mini_mcu.cpu_subsystem_i.cpu_0_0.rf_ram_i.memory\[274\]\[1\],20.82µm
i_core_v_mini_mcu.cpu_subsystem_i.cpu_0_0.rf_ram_i.memory\[331\]\[1\],20.82µm
i_core_v_mini_mcu.cpu_subsystem_i.cpu_0_0.rf_ram_i.memory\[343\]\[1\],20.82µm
i_core_v_mini_mcu.cpu_subsystem_i.cpu_0_0.rf_ram_i.memory\[411\]\[0\],20.82µm
i_core_v_mini_mcu.cpu_subsystem_i.cpu_0_0.rf_ram_i.memory\[419\]\[0\],20.82µm
i_core_v_mini_mcu.cpu_subsystem_i.cpu_0_0.rf_ram_i.memory\[460\]\[0\],20.82µm
i_core_v_mini_mcu.cpu_subsystem_i.cpu_0_0.rf_ram_i.memory\[517\]\[0\],20.82µm
i_core_v_mini_mcu.cpu_subsystem_i.cpu_1_0.rf_ram_i.memory\[105\]\[1\],20.82µm
i_core_v_mini_mcu.cpu_subsystem_i.cpu_1_0.rf_ram_i.memory\[225\]\[1\],20.82µm
i_core_v_mini_mcu.cpu_subsystem_i.cpu_1_0.rf_ram_i.memory\[274\]\[1\],20.82µm
i_core_v_mini_mcu.cpu_subsystem_i.cpu_1_0.rf_ram_i.memory\[276\]\[0\],20.82µm
i_core_v_mini_mcu.memory_subsystem_i.ram0_i.tc_ram_i.sram\[15\]\[23\],20.82µm
i_core_v_mini_mcu.memory_subsystem_i.ram0_i.tc_ram_i.sram\[21\]\[19\],20.82µm
i_core_v_mini_mcu.memory_subsystem_i.ram0_i.tc_ram_i.sram\[22\]\[6\],20.82µm
i_core_v_mini_mcu.memory_subsystem_i.ram0_i.tc_ram_i.sram\[2\]\[16\],20.82µm
i_core_v_mini_mcu.peripheral_subsystem_i.uart_i.uart_core.uart_tx.bit_cnt_q\[2\],20.82µm
i_core_v_mini_mcu.system_bus_i.system_xbar_i.gen_xbar_NtoM.i_xbar.gen_outputs\[3\].gen_rr_arb_tree.i_rr_arb_tree.gen_arbiter.rr_q\[0\],20.82µm
_02276_,20.77µm
_03701_,20.77µm
_03975_,20.77µm
_03992_,20.77µm
_04201_,20.77µm
_04733_,20.77µm
_05310_,20.77µm
_05762_,20.77µm
_06458_,20.77µm
_06722_,20.77µm
_06980_,20.77µm
_07380_,20.77µm
_08119_,20.77µm
_08229_,20.77µm
_08285_,20.77µm
_08537_,20.77µm
_08644_,20.77µm
_09190_,20.77µm
_09432_,20.77µm
_10139_,20.77µm
_10182_,20.77µm
_10225_,20.77µm
_10440_,20.77µm
_10647_,20.77µm
_10743_,20.77µm
_10869_,20.77µm
_11227_,20.77µm
_11295_,20.77µm
_11808_,20.77µm
_12169_,20.77µm
_12277_,20.77µm
_12300_,20.77µm
_12604_,20.77µm
_13099_,20.77µm
_13284_,20.77µm
_13648_,20.77µm
_13670_,20.77µm
_13812_,20.77µm
_13980_,20.77µm
_14412_,20.77µm
_14869_,20.77µm
_14903_,20.77µm
_17385_,20.77µm
_18127_,20.77µm
_18956_,20.77µm
_18976_,20.77µm
_19032_,20.77µm
_19059_,20.77µm
_19948_,20.77µm
_20096_,20.77µm
_20330_,20.77µm
_20543_,20.77µm
_20734_,20.77µm
_20767_,20.77µm
_21446_,20.77µm
_22262_,20.77µm
_22729_,20.77µm
_24093_,20.77µm
_24314_,20.77µm
_24477_,20.77µm
_24576_,20.77µm
_25475_,20.77µm
_26051_,20.77µm
_26065_,20.77µm
_26099_,20.77µm
_26456_,20.77µm
_26605_,20.77µm
_26802_,20.77µm
_27445_,20.77µm
_28077_,20.77µm
i_core_v_mini_mcu.ao_peripheral_subsystem_i.power_manager_i.power_manager_counter_sequence_cpu_switch_i.sequence_curr_state\[3\],20.77µm
i_core_v_mini_mcu.ao_peripheral_subsystem_i.power_manager_i.reg_to_counter_cpu_powergate_switch_off_i.counter_curr_state\[0\],20.77µm
i_core_v_mini_mcu.ao_peripheral_subsystem_i.soc_ctrl_i.reg2hw\[33\],20.77µm
i_core_v_mini_mcu.ao_peripheral_subsystem_i.soc_ctrl_i.reg2hw\[8\],20.77µm
i_core_v_mini_mcu.ao_peripheral_subsystem_i.soc_ctrl_i.soc_ctrl_reg_top_i.system_frequency_hz_qs\[1\],20.77µm
i_core_v_mini_mcu.ao_peripheral_subsystem_i.spi_subsystem_i.obi_spimemio_i.obi_to_picorv32_i.picorv32_resp_i\[3\],20.77µm
i_core_v_mini_mcu.ao_peripheral_subsystem_i.spi_subsystem_i.obi_spimemio_i.spimemio_i.config_do\[3\],20.77µm
i_core_v_mini_mcu.ao_peripheral_subsystem_i.spi_subsystem_i.obi_spimemio_i.spimemio_i.rd_addr\[21\],20.77µm
i_core_v_mini_mcu.ao_peripheral_subsystem_i.spi_subsystem_i.obi_spimemio_i.spimemio_i.state\[3\],20.77µm
i_core_v_mini_mcu.ao_peripheral_subsystem_i.tdu_i.task_mem\[3\]\[11\],20.77µm
i_core_v_mini_mcu.ao_peripheral_subsystem_i.tdu_i.task_mem\[5\]\[23\],20.77µm
i_core_v_mini_mcu.cpu_subsystem_i.cpu_0_0.i_servile.cpu.state.cnt_r\[2\],20.77µm
i_core_v_mini_mcu.cpu_subsystem_i.cpu_0_0.rf_ram_i.memory\[195\]\[1\],20.77µm
i_core_v_mini_mcu.cpu_subsystem_i.cpu_0_0.rf_ram_i.memory\[277\]\[1\],20.77µm
i_core_v_mini_mcu.cpu_subsystem_i.cpu_0_0.rf_ram_i.memory\[294\]\[1\],20.77µm
i_core_v_mini_mcu.cpu_subsystem_i.cpu_0_0.rf_ram_i.memory\[325\]\[1\],20.77µm
i_core_v_mini_mcu.cpu_subsystem_i.cpu_0_0.rf_ram_i.memory\[44\]\[0\],20.77µm
i_core_v_mini_mcu.cpu_subsystem_i.cpu_0_0.rf_ram_i.memory\[485\]\[1\],20.77µm
i_core_v_mini_mcu.cpu_subsystem_i.cpu_0_0.rf_ram_i.memory\[496\]\[0\],20.77µm
i_core_v_mini_mcu.cpu_subsystem_i.cpu_0_0.rf_ram_i.memory\[516\]\[1\],20.77µm
i_core_v_mini_mcu.cpu_subsystem_i.cpu_0_0.rf_ram_i.memory\[90\]\[1\],20.77µm
i_core_v_mini_mcu.cpu_subsystem_i.cpu_1_0.i_servile.arbiter.i_wb_cpu_dbus_adr\[31\],20.77µm
i_core_v_mini_mcu.cpu_subsystem_i.cpu_1_0.i_servile.cpu.alu.i_cmp_eq,20.77µm
i_core_v_mini_mcu.cpu_subsystem_i.cpu_1_0.rf_ram_i.memory\[138\]\[0\],20.77µm
i_core_v_mini_mcu.cpu_subsystem_i.cpu_1_0.rf_ram_i.memory\[344\]\[0\],20.77µm
i_core_v_mini_mcu.cpu_subsystem_i.cpu_1_0.rf_ram_i.memory\[377\]\[1\],20.77µm
i_core_v_mini_mcu.cpu_subsystem_i.cpu_1_0.rf_ram_i.memory\[456\]\[0\],20.77µm
i_core_v_mini_mcu.cpu_subsystem_i.cpu_1_0.rf_ram_i.memory\[463\]\[0\],20.77µm
i_core_v_mini_mcu.cpu_subsystem_i.cpu_1_0.rf_ram_i.memory\[64\]\[1\],20.77µm
i_core_v_mini_mcu.cpu_subsystem_i.cpu_1_0.rf_ram_i.memory\[66\]\[1\],20.77µm
i_core_v_mini_mcu.memory_subsystem_i.ram0_i.tc_ram_i.sram\[15\]\[20\],20.77µm
i_core_v_mini_mcu.memory_subsystem_i.ram0_i.tc_ram_i.sram\[22\]\[2\],20.77µm
i_core_v_mini_mcu.memory_subsystem_i.ram0_i.tc_ram_i.sram\[25\]\[4\],20.77µm
i_core_v_mini_mcu.memory_subsystem_i.ram0_i.tc_ram_i.sram\[29\]\[20\],20.77µm
i_core_v_mini_mcu.memory_subsystem_i.ram0_i.tc_ram_i.sram\[2\]\[8\],20.77µm
i_core_v_mini_mcu.memory_subsystem_i.ram0_i.tc_ram_i.sram\[31\]\[29\],20.77µm
i_core_v_mini_mcu.memory_subsystem_i.ram0_i.tc_ram_i.sram\[3\]\[8\],20.77µm
i_core_v_mini_mcu.memory_subsystem_i.ram0_i.tc_ram_i.sram\[6\]\[22\],20.77µm
i_core_v_mini_mcu.memory_subsystem_i.ram0_i.tc_ram_i.sram\[8\]\[8\],20.77µm
i_core_v_mini_mcu.peripheral_subsystem_i.obi_fifo_i.consumer_data_req\[65\],20.77µm
_00349_,20.72µm
_00352_,20.72µm
_01172_,20.72µm
_01291_,20.72µm
_01404_,20.72µm
_02467_,20.72µm
_03200_,20.72µm
_03631_,20.72µm
_03851_,20.72µm
_04495_,20.72µm
_04754_,20.72µm
_04871_,20.72µm
_05095_,20.72µm
_05222_,20.72µm
_06661_,20.72µm
_06662_,20.72µm
_06734_,20.72µm
_07275_,20.72µm
_07788_,20.72µm
_08030_,20.72µm
_08196_,20.72µm
_08466_,20.72µm
_08561_,20.72µm
_08763_,20.72µm
_08842_,20.72µm
_08990_,20.72µm
_11364_,20.72µm
_11592_,20.72µm
_11762_,20.72µm
_11848_,20.72µm
_12155_,20.72µm
_12176_,20.72µm
_12463_,20.72µm
_12479_,20.72µm
_12801_,20.72µm
_12927_,20.72µm
_13026_,20.72µm
_13076_,20.72µm
_13375_,20.72µm
_13570_,20.72µm
_14078_,20.72µm
_14720_,20.72µm
_14842_,20.72µm
_15032_,20.72µm
_15887_,20.72µm
_15975_,20.72µm
_16639_,20.72µm
_16989_,20.72µm
_17367_,20.72µm
_17650_,20.72µm
_19102_,20.72µm
_19209_,20.72µm
_19972_,20.72µm
_20570_,20.72µm
_20752_,20.72µm
_20815_,20.72µm
_21376_,20.72µm
_21956_,20.72µm
_23669_,20.72µm
_23748_,20.72µm
_24685_,20.72µm
_24976_,20.72µm
_25320_,20.72µm
_25597_,20.72µm
_25874_,20.72µm
_26053_,20.72µm
_27152_,20.72µm
_27393_,20.72µm
_27981_,20.72µm
_27982_,20.72µm
i_core_v_mini_mcu.ao_peripheral_subsystem_i.obi_fifo_i.consumer_data_req_q\[65\],20.72µm
i_core_v_mini_mcu.ao_peripheral_subsystem_i.periph_to_reg_i.r_rdata_d\[19\],20.72µm
i_core_v_mini_mcu.ao_peripheral_subsystem_i.periph_to_reg_i.r_rdata_d\[5\],20.72µm
i_core_v_mini_mcu.ao_peripheral_subsystem_i.power_manager_i.power_manager_reg_top_i.intr_state_qs\[29\],20.72µm
i_core_v_mini_mcu.ao_peripheral_subsystem_i.power_manager_i.power_manager_reg_top_i.intr_state_qs\[2\],20.72µm
i_core_v_mini_mcu.ao_peripheral_subsystem_i.tdu_i.task_mem\[6\]\[10\],20.72µm
i_core_v_mini_mcu.cpu_subsystem_i.cpu_0_0.i_servile.cpu.gen_csr.csr.mstatus_mpie,20.72µm
i_core_v_mini_mcu.cpu_subsystem_i.cpu_0_0.rf_ram_i.memory\[355\]\[0\],20.72µm
i_core_v_mini_mcu.cpu_subsystem_i.cpu_0_0.rf_ram_i.memory\[418\]\[0\],20.72µm
i_core_v_mini_mcu.cpu_subsystem_i.cpu_1_0.rf_ram_i.memory\[135\]\[1\],20.72µm
i_core_v_mini_mcu.cpu_subsystem_i.cpu_1_0.rf_ram_i.memory\[155\]\[1\],20.72µm
i_core_v_mini_mcu.cpu_subsystem_i.cpu_1_0.rf_ram_i.memory\[21\]\[0\],20.72µm
i_core_v_mini_mcu.cpu_subsystem_i.cpu_1_0.rf_ram_i.memory\[400\]\[1\],20.72µm
i_core_v_mini_mcu.cpu_subsystem_i.cpu_1_0.rf_ram_i.memory\[412\]\[1\],20.72µm
i_core_v_mini_mcu.cpu_subsystem_i.cpu_1_0.rf_ram_i.memory\[93\]\[0\],20.72µm
i_core_v_mini_mcu.peripheral_subsystem_i.uart_i.uart_core.u_uart_txfifo.gen_normal_fifo.storage\[26\],20.72µm
i_core_v_mini_mcu.peripheral_subsystem_i.uart_i.hw2reg\[5\],20.54µm
_06185_,20.49µm
_27326_,20.49µm
i_core_v_mini_mcu.cpu_subsystem_i.cpu_1_0.rf_ram_i.memory\[64\]\[0\],20.49µm
_17453_,20.46µm
_18008_,20.46µm
i_core_v_mini_mcu.cpu_subsystem_i.cpu_0_0.rf_ram_i.memory\[324\]\[0\],20.44µm
i_core_v_mini_mcu.cpu_subsystem_i.cpu_0_0.rf_ram_i.memory\[402\]\[1\],20.44µm
_16710_,20.41µm
_17467_,20.41µm
_21015_,20.41µm
_15559_,20.36µm
_17080_,20.36µm
_06094_,20.31µm
_10776_,20.31µm
_13182_,20.31µm
_13918_,20.31µm
_14372_,20.31µm
_14624_,20.31µm
_16460_,20.31µm
_16845_,20.31µm
_17902_,20.31µm
_21881_,20.31µm
_21883_,20.31µm
_24343_,20.31µm
i_core_v_mini_mcu.ao_peripheral_subsystem_i.soc_ctrl_i.soc_ctrl_reg_top_i.system_frequency_hz_qs\[4\],20.31µm
i_core_v_mini_mcu.cpu_subsystem_i.cpu_0_0.i_servile.arbiter.i_wb_cpu_dbus_adr\[22\],20.31µm
i_core_v_mini_mcu.cpu_subsystem_i.cpu_0_0.rf_ram_i.memory\[9\]\[0\],20.31µm
i_core_v_mini_mcu.memory_subsystem_i.ram0_i.tc_ram_i.sram\[21\]\[25\],20.31µm
i_core_v_mini_mcu.peripheral_subsystem_i.uart_i.uart_core.u_uart_rxfifo.gen_normal_fifo.storage\[19\],20.31µm
_04077_,20.26µm
_08024_,20.26µm
_08489_,20.26µm
_09699_,20.26µm
_09982_,20.26µm
_10452_,20.26µm
_11337_,20.26µm
_13108_,20.26µm
_13962_,20.26µm
_14572_,20.26µm
_14808_,20.26µm
_15968_,20.26µm
_17639_,20.26µm
_19100_,20.26µm
_21775_,20.26µm
_23912_,20.26µm
_24103_,20.26µm
_25170_,20.26µm
_26544_,20.26µm
i_core_v_mini_mcu.ao_peripheral_subsystem_i.obi_fifo_i.consumer_data_req\[60\],20.26µm
i_core_v_mini_mcu.ao_peripheral_subsystem_i.power_manager_i.power_manager_reg_top_i.cpu_iso_off_counter_qs\[11\],20.26µm
i_core_v_mini_mcu.ao_peripheral_subsystem_i.power_manager_i.power_manager_reg_top_i.global_pointer_qs\[25\],20.26µm
i_core_v_mini_mcu.ao_peripheral_subsystem_i.power_manager_i.power_manager_reg_top_i.global_pointer_qs\[27\],20.26µm
i_core_v_mini_mcu.ao_peripheral_subsystem_i.power_manager_i.reg_to_counter_cpu_reset_deassert_i.counter_curr_state\[0\],20.26µm
i_core_v_mini_mcu.ao_peripheral_subsystem_i.tdu_i.task_mem\[1\]\[25\],20.26µm
i_core_v_mini_mcu.ao_peripheral_subsystem_i.tdu_i.task_mem\[6\]\[7\],20.26µm
i_core_v_mini_mcu.cpu_subsystem_i.cpu_0_0.i_servile.cpu.immdec.gen_immdec_w_eq_1.imm19_12_20\[1\],20.26µm
i_core_v_mini_mcu.cpu_subsystem_i.cpu_0_0.rf_ram_i.memory\[132\]\[0\],20.26µm
i_core_v_mini_mcu.cpu_subsystem_i.cpu_0_0.rf_ram_i.memory\[169\]\[0\],20.26µm
i_core_v_mini_mcu.cpu_subsystem_i.cpu_0_0.rf_ram_i.memory\[197\]\[1\],20.26µm
i_core_v_mini_mcu.cpu_subsystem_i.cpu_0_0.rf_ram_i.memory\[216\]\[0\],20.26µm
i_core_v_mini_mcu.cpu_subsystem_i.cpu_0_0.rf_ram_i.memory\[217\]\[0\],20.26µm
i_core_v_mini_mcu.cpu_subsystem_i.cpu_0_0.rf_ram_i.memory\[245\]\[1\],20.26µm
i_core_v_mini_mcu.cpu_subsystem_i.cpu_0_0.rf_ram_i.memory\[255\]\[0\],20.26µm
i_core_v_mini_mcu.cpu_subsystem_i.cpu_0_0.rf_ram_i.memory\[266\]\[1\],20.26µm
i_core_v_mini_mcu.cpu_subsystem_i.cpu_0_0.rf_ram_i.memory\[399\]\[0\],20.26µm
i_core_v_mini_mcu.cpu_subsystem_i.cpu_0_0.rf_ram_i.memory\[57\]\[1\],20.26µm
i_core_v_mini_mcu.cpu_subsystem_i.cpu_0_0.rf_ram_i.memory\[72\]\[0\],20.26µm
i_core_v_mini_mcu.cpu_subsystem_i.cpu_1_0.i_servile.arbiter.i_wb_cpu_dbus_adr\[28\],20.26µm
i_core_v_mini_mcu.cpu_subsystem_i.cpu_1_0.i_servile.cpu.decode.o_immdec_en\[1\],20.26µm
i_core_v_mini_mcu.cpu_subsystem_i.cpu_1_0.rf_ram_i.memory\[108\]\[1\],20.26µm
i_core_v_mini_mcu.cpu_subsystem_i.cpu_1_0.rf_ram_i.memory\[406\]\[0\],20.26µm
i_core_v_mini_mcu.cpu_subsystem_i.cpu_1_0.rf_ram_i.memory\[45\]\[1\],20.26µm
i_core_v_mini_mcu.cpu_subsystem_i.cpu_1_0.rf_ram_i.memory\[492\]\[0\],20.26µm
i_core_v_mini_mcu.memory_subsystem_i.ram0_i.tc_ram_i.sram\[12\]\[3\],20.26µm
i_core_v_mini_mcu.memory_subsystem_i.ram0_i.tc_ram_i.sram\[13\]\[2\],20.26µm
i_core_v_mini_mcu.memory_subsystem_i.ram0_i.tc_ram_i.sram\[23\]\[5\],20.26µm
i_core_v_mini_mcu.memory_subsystem_i.ram0_i.tc_ram_i.sram\[30\]\[3\],20.26µm
i_core_v_mini_mcu.peripheral_subsystem_i.obi_fifo_i.consumer_data_req_q\[36\],20.26µm
i_core_v_mini_mcu.peripheral_subsystem_i.obi_fifo_i.consumer_data_req_q\[64\],20.26µm
_01409_,20.21µm
_02478_,20.21µm
_02665_,20.21µm
_02739_,20.21µm
_03741_,20.21µm
_03772_,20.21µm
_04679_,20.21µm
_04735_,20.21µm
_04808_,20.21µm
_04813_,20.21µm
_04838_,20.21µm
_05075_,20.21µm
_05367_,20.21µm
_05958_,20.21µm
_06508_,20.21µm
_08326_,20.21µm
_08653_,20.21µm
_09015_,20.21µm
_09027_,20.21µm
_09102_,20.21µm
_09271_,20.21µm
_09703_,20.21µm
_09936_,20.21µm
_10131_,20.21µm
_11169_,20.21µm
_11735_,20.21µm
_12052_,20.21µm
_12151_,20.21µm
_12173_,20.21µm
_12182_,20.21µm
_12299_,20.21µm
_14124_,20.21µm
_14203_,20.21µm
_14634_,20.21µm
_15932_,20.21µm
_17178_,20.21µm
_18986_,20.21µm
_19088_,20.21µm
_19148_,20.21µm
_19358_,20.21µm
_19941_,20.21µm
_20431_,20.21µm
_20530_,20.21µm
_20644_,20.21µm
_22249_,20.21µm
_22609_,20.21µm
_23087_,20.21µm
_24055_,20.21µm
_24075_,20.21µm
_24447_,20.21µm
_24559_,20.21µm
_24591_,20.21µm
_24708_,20.21µm
_25041_,20.21µm
_25651_,20.21µm
_25988_,20.21µm
_26240_,20.21µm
_26287_,20.21µm
_27612_,20.21µm
_28216_,20.21µm
_28252_,20.21µm
_28412_,20.21µm
i_core_v_mini_mcu.ao_peripheral_subsystem_i.mosaic_clint_i.mtimecmp_q\[83\],20.21µm
i_core_v_mini_mcu.ao_peripheral_subsystem_i.obi_fifo_i.consumer_data_req_q\[48\],20.21µm
i_core_v_mini_mcu.ao_peripheral_subsystem_i.power_manager_i.power_manager_reg_top_i.intr_state_qs\[19\],20.21µm
i_core_v_mini_mcu.ao_peripheral_subsystem_i.tdu_i.cpi_est_q\[23\],20.21µm
i_core_v_mini_mcu.ao_peripheral_subsystem_i.tdu_i.task_mem\[1\]\[7\],20.21µm
i_core_v_mini_mcu.ao_peripheral_subsystem_i.tdu_i.task_mem\[5\]\[24\],20.21µm
i_core_v_mini_mcu.cpu_subsystem_i.cpu_0_0.rf_ram_i.memory\[199\]\[0\],20.21µm
i_core_v_mini_mcu.cpu_subsystem_i.cpu_0_0.rf_ram_i.memory\[201\]\[0\],20.21µm
i_core_v_mini_mcu.cpu_subsystem_i.cpu_0_0.rf_ram_i.memory\[285\]\[1\],20.21µm
i_core_v_mini_mcu.cpu_subsystem_i.cpu_0_0.rf_ram_i.memory\[289\]\[1\],20.21µm
i_core_v_mini_mcu.cpu_subsystem_i.cpu_0_0.rf_ram_i.memory\[29\]\[0\],20.21µm
i_core_v_mini_mcu.cpu_subsystem_i.cpu_0_0.rf_ram_i.memory\[310\]\[1\],20.21µm
i_core_v_mini_mcu.cpu_subsystem_i.cpu_0_0.rf_ram_i.memory\[434\]\[1\],20.21µm
i_core_v_mini_mcu.cpu_subsystem_i.cpu_0_0.rf_ram_i.memory\[435\]\[1\],20.21µm
i_core_v_mini_mcu.cpu_subsystem_i.cpu_0_0.rf_ram_i.memory\[458\]\[1\],20.21µm
i_core_v_mini_mcu.cpu_subsystem_i.cpu_0_0.rf_ram_i.memory\[478\]\[0\],20.21µm
i_core_v_mini_mcu.cpu_subsystem_i.cpu_0_0.rf_ram_i.memory\[528\]\[0\],20.21µm
i_core_v_mini_mcu.cpu_subsystem_i.cpu_0_0.rf_ram_i.memory\[541\]\[0\],20.21µm
i_core_v_mini_mcu.cpu_subsystem_i.cpu_1_0.rf_ram_i.memory\[13\]\[0\],20.21µm
i_core_v_mini_mcu.cpu_subsystem_i.cpu_1_0.rf_ram_i.memory\[213\]\[0\],20.21µm
i_core_v_mini_mcu.cpu_subsystem_i.cpu_1_0.rf_ram_i.memory\[22\]\[0\],20.21µm
i_core_v_mini_mcu.cpu_subsystem_i.cpu_1_0.rf_ram_i.memory\[237\]\[1\],20.21µm
i_core_v_mini_mcu.cpu_subsystem_i.cpu_1_0.rf_ram_i.memory\[290\]\[1\],20.21µm
i_core_v_mini_mcu.cpu_subsystem_i.cpu_1_0.rf_ram_i.memory\[31\]\[1\],20.21µm
i_core_v_mini_mcu.cpu_subsystem_i.cpu_1_0.rf_ram_i.memory\[351\]\[0\],20.21µm
i_core_v_mini_mcu.cpu_subsystem_i.cpu_1_0.rf_ram_i.memory\[369\]\[0\],20.21µm
i_core_v_mini_mcu.cpu_subsystem_i.cpu_1_0.rf_ram_i.memory\[421\]\[1\],20.21µm
i_core_v_mini_mcu.cpu_subsystem_i.cpu_1_0.rf_ram_i.memory\[448\]\[0\],20.21µm
i_core_v_mini_mcu.cpu_subsystem_i.cpu_1_0.rf_ram_i.memory\[47\]\[1\],20.21µm
i_core_v_mini_mcu.cpu_subsystem_i.cpu_1_0.rf_ram_i.memory\[498\]\[1\],20.21µm
i_core_v_mini_mcu.memory_subsystem_i.ram0_i.tc_ram_i.sram\[0\]\[17\],20.21µm
i_core_v_mini_mcu.memory_subsystem_i.ram0_i.tc_ram_i.sram\[1\]\[9\],20.21µm
i_core_v_mini_mcu.peripheral_subsystem_i.obi_fifo_i.consumer_data_req_q\[65\],20.21µm
_00549_,20.16µm
_00730_,20.16µm
_00733_,20.16µm
_02091_,20.16µm
_03045_,20.16µm
_03293_,20.16µm
_03882_,20.16µm
_04961_,20.16µm
_05053_,20.16µm
_05071_,20.16µm
_05155_,20.16µm
_05724_,20.16µm
_06194_,20.16µm
_06402_,20.16µm
_07271_,20.16µm
_07699_,20.16µm
_07740_,20.16µm
_07845_,20.16µm
_07852_,20.16µm
_07984_,20.16µm
_08060_,20.16µm
_08729_,20.16µm
_08991_,20.16µm
_10015_,20.16µm
_10059_,20.16µm
_10279_,20.16µm
_10342_,20.16µm
_10535_,20.16µm
_10670_,20.16µm
_10897_,20.16µm
_10997_,20.16µm
_11383_,20.16µm
_11927_,20.16µm
_12014_,20.16µm
_12128_,20.16µm
_12698_,20.16µm
_12832_,20.16µm
_12940_,20.16µm
_13660_,20.16µm
_13726_,20.16µm
_14217_,20.16µm
_14429_,20.16µm
_14806_,20.16µm
_14911_,20.16µm
_15363_,20.16µm
_15412_,20.16µm
_15900_,20.16µm
_16632_,20.16µm
_17986_,20.16µm
_18060_,20.16µm
_18105_,20.16µm
_18536_,20.16µm
_18541_,20.16µm
_18706_,20.16µm
_18770_,20.16µm
_19348_,20.16µm
_19792_,20.16µm
_20099_,20.16µm
_20591_,20.16µm
_22045_,20.16µm
_22226_,20.16µm
_22579_,20.16µm
_22824_,20.16µm
_24366_,20.16µm
_24639_,20.16µm
_24641_,20.16µm
_24852_,20.16µm
_24948_,20.16µm
_25383_,20.16µm
_25678_,20.16µm
_25986_,20.16µm
_27269_,20.16µm
_28173_,20.16µm
_28182_,20.16µm
_28439_,20.16µm
i_core_v_mini_mcu.ao_peripheral_subsystem_i.power_manager_i.reg_to_counter_cpu_reset_deassert_i.counter_curr_state\[2\],20.16µm
i_core_v_mini_mcu.ao_peripheral_subsystem_i.soc_ctrl_i.reg2hw\[7\],20.16µm
i_core_v_mini_mcu.ao_peripheral_subsystem_i.spi_subsystem_i.obi_spimemio_i.obi_to_picorv32_i.picorv32_resp_i\[15\],20.16µm
i_core_v_mini_mcu.cpu_subsystem_i.cpu_0_0.i_servile.cpu.ctrl.o_ibus_adr\[3\],20.16µm
i_core_v_mini_mcu.cpu_subsystem_i.cpu_0_0.rf_ram_i.memory\[163\]\[0\],20.16µm
i_core_v_mini_mcu.cpu_subsystem_i.cpu_0_0.rf_ram_i.memory\[174\]\[0\],20.16µm
i_core_v_mini_mcu.cpu_subsystem_i.cpu_0_0.rf_ram_i.memory\[265\]\[0\],20.16µm
i_core_v_mini_mcu.cpu_subsystem_i.cpu_0_0.rf_ram_i.memory\[333\]\[1\],20.16µm
i_core_v_mini_mcu.cpu_subsystem_i.cpu_0_0.rf_ram_i.memory\[424\]\[0\],20.16µm
i_core_v_mini_mcu.cpu_subsystem_i.cpu_1_0.rf_ram_i.memory\[332\]\[1\],20.16µm
i_core_v_mini_mcu.memory_subsystem_i.ram0_i.tc_ram_i.sram\[13\]\[30\],20.16µm
i_core_v_mini_mcu.memory_subsystem_i.ram0_i.tc_ram_i.sram\[20\]\[31\],20.16µm
i_core_v_mini_mcu.memory_subsystem_i.ram0_i.tc_ram_i.sram\[5\]\[19\],20.16µm
i_core_v_mini_mcu.peripheral_subsystem_i.obi_fifo_i.consumer_data_req_q\[33\],20.16µm
i_core_v_mini_mcu.peripheral_subsystem_i.uart_i.uart_core.u_uart_txfifo.gen_normal_fifo.storage\[27\],20.16µm
i_core_v_mini_mcu.peripheral_subsystem_i.uart_i.uart_core.uart_tx.bit_cnt_q\[3\],20.16µm
i_core_v_mini_mcu.cpu_subsystem_i.cpu_0_0.rf_ram_i.memory\[34\]\[0\],19.93µm
_09934_,19.88µm
_24066_,19.88µm
_24787_,19.88µm
i_core_v_mini_mcu.memory_subsystem_i.ram0_i.tc_ram_i.sram\[10\]\[15\],19.88µm
_09762_,19.85µm
_16508_,19.85µm
_05437_,19.8µm
_14649_,19.8µm
_17520_,19.8µm
_17781_,19.8µm
i_core_v_mini_mcu.cpu_subsystem_i.cpu_0_0.rf_ram_i.memory\[559\]\[1\],19.8µm
_06536_,19.75µm
_08601_,19.75µm
_08794_,19.75µm
_10672_,19.75µm
_15270_,19.75µm
_16889_,19.75µm
_21296_,19.75µm
_22163_,19.75µm
_23353_,19.75µm
i_core_v_mini_mcu.ao_peripheral_subsystem_i.power_manager_i.power_manager_reg_top_i.cpu_switch_on_counter_qs\[15\],19.75µm
i_core_v_mini_mcu.cpu_subsystem_i.cpu_1_0.rf_ram_i.memory\[378\]\[1\],19.75µm
i_core_v_mini_mcu.memory_subsystem_i.ram0_i.tc_ram_i.sram\[25\]\[23\],19.75µm
i_core_v_mini_mcu.peripheral_subsystem_i.uart_i.uart_core.allzero_cnt_q\[0\],19.75µm
_05320_,19.7µm
_05570_,19.7µm
_06747_,19.7µm
_09247_,19.7µm
_10278_,19.7µm
_11633_,19.7µm
_11807_,19.7µm
_12880_,19.7µm
_14346_,19.7µm
_15470_,19.7µm
_17322_,19.7µm
_17833_,19.7µm
_19705_,19.7µm
_21004_,19.7µm
_22227_,19.7µm
_22298_,19.7µm
_22828_,19.7µm
_23510_,19.7µm
_24121_,19.7µm
_24647_,19.7µm
_26215_,19.7µm
i_core_v_mini_mcu.ao_peripheral_subsystem_i.obi_fifo_i.consumer_data_req_q\[1\],19.7µm
i_core_v_mini_mcu.ao_peripheral_subsystem_i.obi_fifo_i.consumer_data_req_q\[5\],19.7µm
i_core_v_mini_mcu.ao_peripheral_subsystem_i.power_manager_i.power_manager_reg_top_i.intr_state_qs\[12\],19.7µm
i_core_v_mini_mcu.ao_peripheral_subsystem_i.spi_subsystem_i.obi_spimemio_i.spimemio_i.buffer\[21\],19.7µm
i_core_v_mini_mcu.ao_peripheral_subsystem_i.tdu_i.task_mem\[1\]\[13\],19.7µm
i_core_v_mini_mcu.ao_peripheral_subsystem_i.tdu_i.task_mem\[7\]\[20\],19.7µm
i_core_v_mini_mcu.cpu_subsystem_i.cpu_0_0.i_servile.cpu.gen_align.align.ibus_rdt_concat\[5\],19.7µm
i_core_v_mini_mcu.cpu_subsystem_i.cpu_0_0.i_servile.cpu.immdec.gen_immdec_w_eq_1.imm24_20\[4\],19.7µm
i_core_v_mini_mcu.cpu_subsystem_i.cpu_0_0.rf_ram_i.memory\[132\]\[1\],19.7µm
i_core_v_mini_mcu.cpu_subsystem_i.cpu_0_0.rf_ram_i.memory\[327\]\[0\],19.7µm
i_core_v_mini_mcu.cpu_subsystem_i.cpu_0_0.rf_ram_i.memory\[369\]\[0\],19.7µm
i_core_v_mini_mcu.cpu_subsystem_i.cpu_0_0.rf_ram_i.memory\[400\]\[0\],19.7µm
i_core_v_mini_mcu.cpu_subsystem_i.cpu_0_0.rf_ram_i.memory\[401\]\[1\],19.7µm
i_core_v_mini_mcu.cpu_subsystem_i.cpu_0_0.rf_ram_i.memory\[504\]\[0\],19.7µm
i_core_v_mini_mcu.cpu_subsystem_i.cpu_1_0.i_servile.arbiter.i_wb_cpu_dbus_adr\[20\],19.7µm
i_core_v_mini_mcu.cpu_subsystem_i.cpu_1_0.i_servile.arbiter.i_wb_cpu_ibus_adr\[28\],19.7µm
i_core_v_mini_mcu.cpu_subsystem_i.cpu_1_0.rf_ram_i.memory\[13\]\[1\],19.7µm
i_core_v_mini_mcu.cpu_subsystem_i.cpu_1_0.rf_ram_i.memory\[357\]\[1\],19.7µm
i_core_v_mini_mcu.cpu_subsystem_i.cpu_1_0.rf_ram_i.memory\[389\]\[1\],19.7µm
i_core_v_mini_mcu.cpu_subsystem_i.cpu_1_0.rf_ram_i.memory\[470\]\[0\],19.7µm
i_core_v_mini_mcu.cpu_subsystem_i.cpu_1_0.rf_ram_i.memory\[505\]\[0\],19.7µm
i_core_v_mini_mcu.cpu_subsystem_i.cpu_1_0.rf_ram_i.memory\[77\]\[0\],19.7µm
i_core_v_mini_mcu.cpu_subsystem_i.cpu_1_0.rf_ram_i.memory\[9\]\[1\],19.7µm
i_core_v_mini_mcu.memory_subsystem_i.ram0_i.tc_ram_i.sram\[24\]\[7\],19.7µm
i_core_v_mini_mcu.memory_subsystem_i.ram0_i.tc_ram_i.sram\[30\]\[24\],19.7µm
i_core_v_mini_mcu.memory_subsystem_i.ram0_i.tc_ram_i.sram\[3\]\[14\],19.7µm
i_core_v_mini_mcu.memory_subsystem_i.ram0_i.tc_ram_i.sram\[8\]\[31\],19.7µm
i_core_v_mini_mcu.peripheral_subsystem_i.obi_fifo_i.consumer_data_req_q\[16\],19.7µm
i_core_v_mini_mcu.peripheral_subsystem_i.obi_fifo_i.consumer_data_req_q\[19\],19.7µm
i_core_v_mini_mcu.peripheral_subsystem_i.uart_i.hw2reg\[9\],19.7µm
_01553_,19.65µm
_02026_,19.65µm
_02121_,19.65µm
_03758_,19.65µm
_03986_,19.65µm
_04171_,19.65µm
_04336_,19.65µm
_04740_,19.65µm
_04749_,19.65µm
_05313_,19.65µm
_05585_,19.65µm
_06078_,19.65µm
_06128_,19.65µm
_06343_,19.65µm
_06822_,19.65µm
_07377_,19.65µm
_07450_,19.65µm
_07454_,19.65µm
_08041_,19.65µm
_08771_,19.65µm
_09030_,19.65µm
_09156_,19.65µm
_09950_,19.65µm
_09972_,19.65µm
_10170_,19.65µm
_10173_,19.65µm
_10277_,19.65µm
_10306_,19.65µm
_10398_,19.65µm
_10845_,19.65µm
_10893_,19.65µm
_11355_,19.65µm
_11624_,19.65µm
_12460_,19.65µm
_12843_,19.65µm
_13425_,19.65µm
_13582_,19.65µm
_13749_,19.65µm
_14160_,19.65µm
_14540_,19.65µm
_14643_,19.65µm
_15192_,19.65µm
_15418_,19.65µm
_15453_,19.65µm
_15586_,19.65µm
_15716_,19.65µm
_16022_,19.65µm
_16867_,19.65µm
_17930_,19.65µm
_17997_,19.65µm
_18715_,19.65µm
_18757_,19.65µm
_18959_,19.65µm
_18963_,19.65µm
_19319_,19.65µm
_19650_,19.65µm
_19754_,19.65µm
_19864_,19.65µm
_19865_,19.65µm
_19896_,19.65µm
_20031_,19.65µm
_20193_,19.65µm
_20312_,19.65µm
_20398_,19.65µm
_20415_,19.65µm
_20669_,19.65µm
_20943_,19.65µm
_21007_,19.65µm
_21161_,19.65µm
_21237_,19.65µm
_21277_,19.65µm
_21926_,19.65µm
_22283_,19.65µm
_22578_,19.65µm
_23187_,19.65µm
_23340_,19.65µm
_23479_,19.65µm
_23616_,19.65µm
_23941_,19.65µm
_24109_,19.65µm
_24115_,19.65µm
_24127_,19.65µm
_24163_,19.65µm
_24189_,19.65µm
_24362_,19.65µm
_24463_,19.65µm
_24612_,19.65µm
_24681_,19.65µm
_24997_,19.65µm
_25472_,19.65µm
_25562_,19.65µm
_25901_,19.65µm
_25978_,19.65µm
_26138_,19.65µm
_26438_,19.65µm
_26992_,19.65µm
_27293_,19.65µm
_28040_,19.65µm
_28300_,19.65µm
i_core_v_mini_mcu.ao_peripheral_subsystem_i.power_manager_i.power_manager_reg_top_i.global_pointer_qs\[4\],19.65µm
i_core_v_mini_mcu.ao_peripheral_subsystem_i.soc_ctrl_i.reg2hw\[20\],19.65µm
i_core_v_mini_mcu.ao_peripheral_subsystem_i.spi_subsystem_i.obi_spimemio_i.spimemio_i.buffer\[5\],19.65µm
i_core_v_mini_mcu.ao_peripheral_subsystem_i.tdu_i.task_mem\[0\]\[5\],19.65µm
i_core_v_mini_mcu.ao_peripheral_subsystem_i.tdu_i.task_mem\[5\]\[31\],19.65µm
i_core_v_mini_mcu.ao_peripheral_subsystem_i.tdu_i.task_mem\[6\]\[1\],19.65µm
i_core_v_mini_mcu.ao_peripheral_subsystem_i.tdu_i.task_mem\[7\]\[22\],19.65µm
i_core_v_mini_mcu.cpu_subsystem_i.cpu_0_0.i_servile.cpu.immdec.gen_immdec_w_eq_1.imm19_12_20\[7\],19.65µm
i_core_v_mini_mcu.cpu_subsystem_i.cpu_0_0.i_servile.cpu.state.o_cnt\[2\],19.65µm
i_core_v_mini_mcu.cpu_subsystem_i.cpu_0_0.rf_ram_i.memory\[111\]\[0\],19.65µm
i_core_v_mini_mcu.cpu_subsystem_i.cpu_0_0.rf_ram_i.memory\[121\]\[0\],19.65µm
i_core_v_mini_mcu.cpu_subsystem_i.cpu_0_0.rf_ram_i.memory\[144\]\[0\],19.65µm
i_core_v_mini_mcu.cpu_subsystem_i.cpu_0_0.rf_ram_i.memory\[166\]\[1\],19.65µm
i_core_v_mini_mcu.cpu_subsystem_i.cpu_0_0.rf_ram_i.memory\[376\]\[1\],19.65µm
i_core_v_mini_mcu.cpu_subsystem_i.cpu_0_0.rf_ram_i.memory\[425\]\[0\],19.65µm
i_core_v_mini_mcu.cpu_subsystem_i.cpu_0_0.rf_ram_i.memory\[439\]\[0\],19.65µm
i_core_v_mini_mcu.cpu_subsystem_i.cpu_0_0.rf_ram_i.memory\[468\]\[1\],19.65µm
i_core_v_mini_mcu.cpu_subsystem_i.cpu_0_0.rf_ram_i.memory\[494\]\[0\],19.65µm
i_core_v_mini_mcu.cpu_subsystem_i.cpu_0_0.rf_ram_i.memory\[503\]\[0\],19.65µm
i_core_v_mini_mcu.cpu_subsystem_i.cpu_0_0.rf_ram_i.memory\[53\]\[0\],19.65µm
i_core_v_mini_mcu.cpu_subsystem_i.cpu_0_0.rf_ram_i.memory\[549\]\[1\],19.65µm
i_core_v_mini_mcu.cpu_subsystem_i.cpu_0_0.rf_ram_i.memory\[556\]\[1\],19.65µm
i_core_v_mini_mcu.cpu_subsystem_i.cpu_0_0.rf_ram_i.memory\[561\]\[0\],19.65µm
i_core_v_mini_mcu.cpu_subsystem_i.cpu_0_0.rf_ram_i.memory\[570\]\[0\],19.65µm
i_core_v_mini_mcu.cpu_subsystem_i.cpu_0_0.rf_ram_i.memory\[69\]\[0\],19.65µm
i_core_v_mini_mcu.cpu_subsystem_i.cpu_0_0.rf_ram_i.memory\[7\]\[1\],19.65µm
i_core_v_mini_mcu.cpu_subsystem_i.cpu_0_0.rf_ram_i.memory\[99\]\[0\],19.65µm
i_core_v_mini_mcu.cpu_subsystem_i.cpu_1_0.i_servile.cpu.bufreg.i_clr_lsb,19.65µm
i_core_v_mini_mcu.cpu_subsystem_i.cpu_1_0.rf_ram_i.memory\[175\]\[1\],19.65µm
i_core_v_mini_mcu.cpu_subsystem_i.cpu_1_0.rf_ram_i.memory\[17\]\[0\],19.65µm
i_core_v_mini_mcu.cpu_subsystem_i.cpu_1_0.rf_ram_i.memory\[281\]\[0\],19.65µm
i_core_v_mini_mcu.cpu_subsystem_i.cpu_1_0.rf_ram_i.memory\[306\]\[1\],19.65µm
i_core_v_mini_mcu.cpu_subsystem_i.cpu_1_0.rf_ram_i.memory\[317\]\[0\],19.65µm
i_core_v_mini_mcu.cpu_subsystem_i.cpu_1_0.rf_ram_i.memory\[320\]\[1\],19.65µm
i_core_v_mini_mcu.cpu_subsystem_i.cpu_1_0.rf_ram_i.memory\[45\]\[0\],19.65µm
i_core_v_mini_mcu.memory_subsystem_i.ram0_i.rdata_o\[17\],19.65µm
i_core_v_mini_mcu.memory_subsystem_i.ram0_i.tc_ram_i.sram\[0\]\[24\],19.65µm
i_core_v_mini_mcu.memory_subsystem_i.ram0_i.tc_ram_i.sram\[10\]\[30\],19.65µm
i_core_v_mini_mcu.memory_subsystem_i.ram0_i.tc_ram_i.sram\[15\]\[21\],19.65µm
i_core_v_mini_mcu.memory_subsystem_i.ram0_i.tc_ram_i.sram\[18\]\[19\],19.65µm
i_core_v_mini_mcu.memory_subsystem_i.ram0_i.tc_ram_i.sram\[22\]\[22\],19.65µm
i_core_v_mini_mcu.memory_subsystem_i.ram0_i.tc_ram_i.sram\[6\]\[25\],19.65µm
i_core_v_mini_mcu.memory_subsystem_i.ram0_i.tc_ram_i.sram\[7\]\[12\],19.65µm
i_core_v_mini_mcu.memory_subsystem_i.ram0_i.tc_ram_i.sram\[7\]\[27\],19.65µm
i_core_v_mini_mcu.memory_subsystem_i.ram0_i.tc_ram_i.sram\[7\]\[29\],19.65µm
i_core_v_mini_mcu.peripheral_subsystem_i.obi_fifo_i.consumer_resp_i\[9\],19.65µm
i_core_v_mini_mcu.peripheral_subsystem_i.uart_i.reg2hw\[113\],19.65µm
i_core_v_mini_mcu.peripheral_subsystem_i.uart_i.uart_core.u_uart_txfifo.gen_normal_fifo.storage\[21\],19.65µm
i_core_v_mini_mcu.peripheral_subsystem_i.uart_i.uart_core.uart_tx.baud_div_q\[3\],19.65µm
_00208_,19.6µm
_00353_,19.6µm
_01927_,19.6µm
_02511_,19.6µm
_02894_,19.6µm
_03088_,19.6µm
_03972_,19.6µm
_04036_,19.6µm
_04844_,19.6µm
_05004_,19.6µm
_05052_,19.6µm
_05073_,19.6µm
_05093_,19.6µm
_05170_,19.6µm
_05288_,19.6µm
_05377_,19.6µm
_05626_,19.6µm
_06649_,19.6µm
_06968_,19.6µm
_07457_,19.6µm
_07609_,19.6µm
_08031_,19.6µm
_09619_,19.6µm
_09853_,19.6µm
_10025_,19.6µm
_10878_,19.6µm
_11725_,19.6µm
_11730_,19.6µm
_11962_,19.6µm
_12026_,19.6µm
_12286_,19.6µm
_12655_,19.6µm
_12875_,19.6µm
_13011_,19.6µm
_13252_,19.6µm
_13464_,19.6µm
_13767_,19.6µm
_13864_,19.6µm
_13872_,19.6µm
_14209_,19.6µm
_14335_,19.6µm
_14493_,19.6µm
_14683_,19.6µm
_14738_,19.6µm
_15763_,19.6µm
_15823_,19.6µm
_16369_,19.6µm
_16422_,19.6µm
_17663_,19.6µm
_17716_,19.6µm
_17897_,19.6µm
_18433_,19.6µm
_18793_,19.6µm
_18830_,19.6µm
_19242_,19.6µm
_19638_,19.6µm
_20036_,19.6µm
_20050_,19.6µm
_20552_,19.6µm
_20640_,19.6µm
_20724_,19.6µm
_20863_,19.6µm
_21355_,19.6µm
_21586_,19.6µm
_22229_,19.6µm
_22245_,19.6µm
_22326_,19.6µm
_22329_,19.6µm
_22332_,19.6µm
_22590_,19.6µm
_23141_,19.6µm
_23481_,19.6µm
_23703_,19.6µm
_23951_,19.6µm
_23988_,19.6µm
_24244_,19.6µm
_24403_,19.6µm
_24545_,19.6µm
_24668_,19.6µm
_24907_,19.6µm
_25284_,19.6µm
_25346_,19.6µm
_25531_,19.6µm
_25675_,19.6µm
_25707_,19.6µm
_25727_,19.6µm
_26192_,19.6µm
_26435_,19.6µm
_26867_,19.6µm
_27281_,19.6µm
_27384_,19.6µm
_28269_,19.6µm
i_core_v_mini_mcu.ao_peripheral_subsystem_i.soc_ctrl_i.reg2hw\[6\],19.6µm
i_core_v_mini_mcu.ao_peripheral_subsystem_i.spi_subsystem_i.obi_spimemio_i.spimemio_i.xfer.dummy_count\[3\],19.6µm
i_core_v_mini_mcu.ao_peripheral_subsystem_i.tdu_i.active_hart_cycles_q\[0\],19.6µm
i_core_v_mini_mcu.ao_peripheral_subsystem_i.tdu_i.cpi_est_q\[51\],19.6µm
i_core_v_mini_mcu.ao_peripheral_subsystem_i.tdu_i.task_mem\[0\]\[15\],19.6µm
i_core_v_mini_mcu.ao_peripheral_subsystem_i.tdu_i.task_mem\[5\]\[6\],19.6µm
i_core_v_mini_mcu.cpu_subsystem_i.cpu_0_0.i_servile.cpu.dbus_en,19.6µm
i_core_v_mini_mcu.cpu_subsystem_i.cpu_0_0.rf_ram_i.memory\[191\]\[1\],19.6µm
i_core_v_mini_mcu.cpu_subsystem_i.cpu_0_0.rf_ram_i.memory\[205\]\[1\],19.6µm
i_core_v_mini_mcu.cpu_subsystem_i.cpu_0_0.rf_ram_i.memory\[276\]\[1\],19.6µm
i_core_v_mini_mcu.cpu_subsystem_i.cpu_0_0.rf_ram_i.memory\[308\]\[1\],19.6µm
i_core_v_mini_mcu.cpu_subsystem_i.cpu_0_0.rf_ram_i.memory\[30\]\[1\],19.6µm
i_core_v_mini_mcu.cpu_subsystem_i.cpu_0_0.rf_ram_i.memory\[321\]\[0\],19.6µm
i_core_v_mini_mcu.cpu_subsystem_i.cpu_0_0.rf_ram_i.memory\[366\]\[0\],19.6µm
i_core_v_mini_mcu.cpu_subsystem_i.cpu_0_0.rf_ram_i.memory\[368\]\[1\],19.6µm
i_core_v_mini_mcu.cpu_subsystem_i.cpu_0_0.rf_ram_i.memory\[384\]\[1\],19.6µm
i_core_v_mini_mcu.cpu_subsystem_i.cpu_0_0.rf_ram_i.memory\[420\]\[0\],19.6µm
i_core_v_mini_mcu.cpu_subsystem_i.cpu_0_0.rf_ram_i.memory\[503\]\[1\],19.6µm
i_core_v_mini_mcu.cpu_subsystem_i.cpu_0_0.rf_ram_i.memory\[569\]\[1\],19.6µm
i_core_v_mini_mcu.cpu_subsystem_i.cpu_1_0.rf_ram_i.memory\[10\]\[0\],19.6µm
i_core_v_mini_mcu.cpu_subsystem_i.cpu_1_0.rf_ram_i.memory\[123\]\[1\],19.6µm
i_core_v_mini_mcu.cpu_subsystem_i.cpu_1_0.rf_ram_i.memory\[204\]\[1\],19.6µm
i_core_v_mini_mcu.cpu_subsystem_i.cpu_1_0.rf_ram_i.memory\[281\]\[1\],19.6µm
i_core_v_mini_mcu.cpu_subsystem_i.cpu_1_0.rf_ram_i.memory\[329\]\[0\],19.6µm
i_core_v_mini_mcu.cpu_subsystem_i.cpu_1_0.rf_ram_i.memory\[349\]\[1\],19.6µm
i_core_v_mini_mcu.cpu_subsystem_i.cpu_1_0.rf_ram_i.memory\[402\]\[0\],19.6µm
i_core_v_mini_mcu.cpu_subsystem_i.cpu_1_0.rf_ram_i.memory\[485\]\[0\],19.6µm
i_core_v_mini_mcu.cpu_subsystem_i.cpu_1_0.rf_ram_i.memory\[504\]\[0\],19.6µm
i_core_v_mini_mcu.cpu_subsystem_i.cpu_1_0.rf_ram_i.memory\[76\]\[0\],19.6µm
_15313_,19.52µm
i_core_v_mini_mcu.ao_peripheral_subsystem_i.obi_fifo_i.consumer_data_req_q\[44\],19.42µm
i_core_v_mini_mcu.cpu_subsystem_i.cpu_0_0.rf_ram_i.memory\[350\]\[0\],19.42µm
_21790_,19.4µm
_07582_,19.37µm
i_core_v_mini_mcu.memory_subsystem_i.ram0_i.tc_ram_i.sram\[20\]\[3\],19.37µm
i_core_v_mini_mcu.memory_subsystem_i.ram0_i.tc_ram_i.sram\[21\]\[6\],19.32µm
_08901_,19.29µm
_07088_,19.24µm
_12268_,19.24µm
_17458_,19.24µm
_24190_,19.24µm
i_core_v_mini_mcu.cpu_subsystem_i.cpu_0_0.i_servile.cpu.ctrl.o_ibus_adr\[15\],19.24µm
i_core_v_mini_mcu.cpu_subsystem_i.cpu_0_0.rf_ram_i.memory\[87\]\[0\],19.24µm
_08321_,19.19µm
_09712_,19.19µm
_17898_,19.19µm
_24032_,19.19µm
i_core_v_mini_mcu.ao_peripheral_subsystem_i.tdu_i.task_mem\[5\]\[17\],19.19µm
i_core_v_mini_mcu.cpu_subsystem_i.cpu_0_0.rf_ram_i.memory\[235\]\[0\],19.19µm
i_core_v_mini_mcu.cpu_subsystem_i.cpu_1_0.rf_ram_i.memory\[158\]\[1\],19.19µm
i_core_v_mini_mcu.cpu_subsystem_i.cpu_1_0.rf_ram_i.memory\[263\]\[1\],19.19µm
i_core_v_mini_mcu.cpu_subsystem_i.cpu_1_0.rf_ram_i.memory\[269\]\[1\],19.19µm
i_core_v_mini_mcu.cpu_subsystem_i.cpu_1_0.rf_ram_i.memory\[291\]\[0\],19.19µm
i_core_v_mini_mcu.cpu_subsystem_i.cpu_1_0.rf_ram_i.memory\[337\]\[1\],19.19µm
i_core_v_mini_mcu.memory_subsystem_i.ram0_i.tc_ram_i.sram\[8\]\[19\],19.19µm
_03712_,19.14µm
_04190_,19.14µm
_05480_,19.14µm
_06353_,19.14µm
_06887_,19.14µm
_08637_,19.14µm
_09110_,19.14µm
_09684_,19.14µm
_10077_,19.14µm
_10392_,19.14µm
_12387_,19.14µm
_12799_,19.14µm
_13906_,19.14µm
_15357_,19.14µm
_15648_,19.14µm
_16058_,19.14µm
_16288_,19.14µm
_16543_,19.14µm
_17241_,19.14µm
_21878_,19.14µm
_21895_,19.14µm
_22556_,19.14µm
_23039_,19.14µm
_23329_,19.14µm
_23466_,19.14µm
_23945_,19.14µm
_24072_,19.14µm
_24936_,19.14µm
_25849_,19.14µm
_28194_,19.14µm
i_core_v_mini_mcu.ao_peripheral_subsystem_i.mosaic_clint_i.mtimecmp_q\[82\],19.14µm
i_core_v_mini_mcu.ao_peripheral_subsystem_i.power_manager_i.power_manager_reg_top_i.en_wait_for_intr_qs\[23\],19.14µm
i_core_v_mini_mcu.ao_peripheral_subsystem_i.tdu_i.task_mem\[6\]\[2\],19.14µm
i_core_v_mini_mcu.cpu_subsystem_i.cpu_0_0.rf_ram_i.memory\[243\]\[1\],19.14µm
i_core_v_mini_mcu.cpu_subsystem_i.cpu_0_0.rf_ram_i.memory\[27\]\[1\],19.14µm
i_core_v_mini_mcu.cpu_subsystem_i.cpu_0_0.rf_ram_i.memory\[28\]\[1\],19.14µm
i_core_v_mini_mcu.cpu_subsystem_i.cpu_0_0.rf_ram_i.memory\[389\]\[0\],19.14µm
i_core_v_mini_mcu.cpu_subsystem_i.cpu_0_0.rf_ram_i.memory\[38\]\[1\],19.14µm
i_core_v_mini_mcu.cpu_subsystem_i.cpu_0_0.rf_ram_i.memory\[401\]\[0\],19.14µm
i_core_v_mini_mcu.cpu_subsystem_i.cpu_0_0.rf_ram_i.memory\[434\]\[0\],19.14µm
i_core_v_mini_mcu.cpu_subsystem_i.cpu_0_0.rf_ram_i.memory\[51\]\[1\],19.14µm
i_core_v_mini_mcu.cpu_subsystem_i.cpu_0_0.rf_ram_i.memory\[533\]\[0\],19.14µm
i_core_v_mini_mcu.cpu_subsystem_i.cpu_0_0.rf_ram_i.memory\[554\]\[1\],19.14µm
i_core_v_mini_mcu.cpu_subsystem_i.cpu_0_0.rf_ram_i.memory\[97\]\[0\],19.14µm
i_core_v_mini_mcu.cpu_subsystem_i.cpu_1_0.i_servile.arbiter.i_wb_cpu_ibus_adr\[29\],19.14µm
i_core_v_mini_mcu.cpu_subsystem_i.cpu_1_0.rf_ram_i.memory\[139\]\[0\],19.14µm
i_core_v_mini_mcu.cpu_subsystem_i.cpu_1_0.rf_ram_i.memory\[231\]\[0\],19.14µm
i_core_v_mini_mcu.cpu_subsystem_i.cpu_1_0.rf_ram_i.memory\[385\]\[0\],19.14µm
i_core_v_mini_mcu.cpu_subsystem_i.cpu_1_0.rf_ram_i.memory\[404\]\[0\],19.14µm
i_core_v_mini_mcu.cpu_subsystem_i.cpu_1_0.rf_ram_i.memory\[91\]\[0\],19.14µm
i_core_v_mini_mcu.memory_subsystem_i.ram0_i.tc_ram_i.sram\[0\]\[12\],19.14µm
i_core_v_mini_mcu.memory_subsystem_i.ram0_i.tc_ram_i.sram\[0\]\[31\],19.14µm
i_core_v_mini_mcu.memory_subsystem_i.ram0_i.tc_ram_i.sram\[26\]\[27\],19.14µm
i_core_v_mini_mcu.memory_subsystem_i.ram0_i.tc_ram_i.sram\[28\]\[19\],19.14µm
i_core_v_mini_mcu.memory_subsystem_i.ram0_i.tc_ram_i.sram\[30\]\[2\],19.14µm
i_core_v_mini_mcu.memory_subsystem_i.ram0_i.tc_ram_i.sram\[3\]\[17\],19.14µm
i_core_v_mini_mcu.memory_subsystem_i.ram0_i.tc_ram_i.sram\[3\]\[6\],19.14µm
i_core_v_mini_mcu.memory_subsystem_i.ram0_i.tc_ram_i.sram\[7\]\[28\],19.14µm
i_core_v_mini_mcu.peripheral_subsystem_i.uart_i.uart_core.nco_sum_q\[3\],19.14µm
_01215_,19.09µm
_02030_,19.09µm
_03473_,19.09µm
_03954_,19.09µm
_04080_,19.09µm
_04413_,19.09µm
_04750_,19.09µm
_04897_,19.09µm
_04904_,19.09µm
_05316_,19.09µm
_06590_,19.09µm
_07178_,19.09µm
_07480_,19.09µm
_08413_,19.09µm
_09018_,19.09µm
_09449_,19.09µm
_09578_,19.09µm
_09682_,19.09µm
_09953_,19.09µm
_09974_,19.09µm
_10088_,19.09µm
_10151_,19.09µm
_10247_,19.09µm
_10784_,19.09µm
_10861_,19.09µm
_11212_,19.09µm
_11494_,19.09µm
_11526_,19.09µm
_12241_,19.09µm
_12599_,19.09µm
_12903_,19.09µm
_12907_,19.09µm
_12908_,19.09µm
_13151_,19.09µm
_13508_,19.09µm
_13520_,19.09µm
_13673_,19.09µm
_13807_,19.09µm
_14914_,19.09µm
_15013_,19.09µm
_15702_,19.09µm
_15992_,19.09µm
_16325_,19.09µm
_16506_,19.09µm
_17194_,19.09µm
_17398_,19.09µm
_17881_,19.09µm
_17998_,19.09µm
_18700_,19.09µm
_18996_,19.09µm
_19272_,19.09µm
_19318_,19.09µm
_19395_,19.09µm
_19474_,19.09µm
_19604_,19.09µm
_20254_,19.09µm
_20437_,19.09µm
_20794_,19.09µm
_21100_,19.09µm
_22296_,19.09µm
_22370_,19.09µm
_23233_,19.09µm
_23585_,19.09µm
_23679_,19.09µm
_23681_,19.09µm
_23893_,19.09µm
_23911_,19.09µm
_24485_,19.09µm
_24895_,19.09µm
_24956_,19.09µm
_25255_,19.09µm
_25956_,19.09µm
_26592_,19.09µm
_26850_,19.09µm
_27155_,19.09µm
_27214_,19.09µm
_27785_,19.09µm
_27905_,19.09µm
_27965_,19.09µm
_28119_,19.09µm
_28127_,19.09µm
_28202_,19.09µm
_28298_,19.09µm
_28408_,19.09µm
i_core_v_mini_mcu.ao_peripheral_subsystem_i.obi_fifo_i.consumer_data_req_q\[28\],19.09µm
i_core_v_mini_mcu.ao_peripheral_subsystem_i.obi_fifo_i.consumer_resp_i\[0\],19.09µm
i_core_v_mini_mcu.ao_peripheral_subsystem_i.power_manager_i.power_manager_reg_top_i.intr_state_qs\[31\],19.09µm
i_core_v_mini_mcu.ao_peripheral_subsystem_i.spi_subsystem_i.obi_spimemio_i.spimemio_i.config_oe\[2\],19.09µm
i_core_v_mini_mcu.ao_peripheral_subsystem_i.tdu_i.cpi_est_q\[9\],19.09µm
i_core_v_mini_mcu.cpu_subsystem_i.cpu_0_0.i_servile.arbiter.i_wb_cpu_dbus_adr\[19\],19.09µm
i_core_v_mini_mcu.cpu_subsystem_i.cpu_0_0.rf_ram_i.memory\[113\]\[1\],19.09µm
i_core_v_mini_mcu.cpu_subsystem_i.cpu_0_0.rf_ram_i.memory\[139\]\[0\],19.09µm
i_core_v_mini_mcu.cpu_subsystem_i.cpu_0_0.rf_ram_i.memory\[145\]\[0\],19.09µm
i_core_v_mini_mcu.cpu_subsystem_i.cpu_0_0.rf_ram_i.memory\[265\]\[1\],19.09µm
i_core_v_mini_mcu.cpu_subsystem_i.cpu_0_0.rf_ram_i.memory\[267\]\[0\],19.09µm
i_core_v_mini_mcu.cpu_subsystem_i.cpu_0_0.rf_ram_i.memory\[296\]\[0\],19.09µm
i_core_v_mini_mcu.cpu_subsystem_i.cpu_0_0.rf_ram_i.memory\[300\]\[0\],19.09µm
i_core_v_mini_mcu.cpu_subsystem_i.cpu_0_0.rf_ram_i.memory\[410\]\[0\],19.09µm
i_core_v_mini_mcu.cpu_subsystem_i.cpu_0_0.rf_ram_i.memory\[494\]\[1\],19.09µm
i_core_v_mini_mcu.cpu_subsystem_i.cpu_0_0.rf_ram_i.memory\[505\]\[1\],19.09µm
i_core_v_mini_mcu.cpu_subsystem_i.cpu_0_0.rf_ram_i.memory\[522\]\[1\],19.09µm
i_core_v_mini_mcu.cpu_subsystem_i.cpu_0_0.rf_ram_i.memory\[573\]\[1\],19.09µm
i_core_v_mini_mcu.cpu_subsystem_i.cpu_1_0.rf_ram_i.memory\[101\]\[1\],19.09µm
i_core_v_mini_mcu.cpu_subsystem_i.cpu_1_0.rf_ram_i.memory\[169\]\[1\],19.09µm
i_core_v_mini_mcu.cpu_subsystem_i.cpu_1_0.rf_ram_i.memory\[191\]\[1\],19.09µm
i_core_v_mini_mcu.cpu_subsystem_i.cpu_1_0.rf_ram_i.memory\[227\]\[0\],19.09µm
i_core_v_mini_mcu.cpu_subsystem_i.cpu_1_0.rf_ram_i.memory\[318\]\[1\],19.09µm
i_core_v_mini_mcu.cpu_subsystem_i.cpu_1_0.rf_ram_i.memory\[325\]\[0\],19.09µm
i_core_v_mini_mcu.cpu_subsystem_i.cpu_1_0.rf_ram_i.memory\[413\]\[0\],19.09µm
i_core_v_mini_mcu.cpu_subsystem_i.cpu_1_0.rf_ram_i.memory\[413\]\[1\],19.09µm
i_core_v_mini_mcu.cpu_subsystem_i.cpu_1_0.rf_ram_i.memory\[430\]\[0\],19.09µm
i_core_v_mini_mcu.cpu_subsystem_i.cpu_1_0.rf_ram_i.memory\[449\]\[0\],19.09µm
i_core_v_mini_mcu.memory_subsystem_i.ram0_i.tc_ram_i.sram\[0\]\[23\],19.09µm
i_core_v_mini_mcu.memory_subsystem_i.ram0_i.tc_ram_i.sram\[14\]\[28\],19.09µm
i_core_v_mini_mcu.memory_subsystem_i.ram0_i.tc_ram_i.sram\[1\]\[16\],19.09µm
i_core_v_mini_mcu.memory_subsystem_i.ram0_i.tc_ram_i.sram\[21\]\[29\],19.09µm
i_core_v_mini_mcu.memory_subsystem_i.ram0_i.tc_ram_i.sram\[25\]\[26\],19.09µm
i_core_v_mini_mcu.memory_subsystem_i.ram0_i.tc_ram_i.sram\[26\]\[25\],19.09µm
i_core_v_mini_mcu.memory_subsystem_i.ram0_i.tc_ram_i.sram\[27\]\[16\],19.09µm
i_core_v_mini_mcu.memory_subsystem_i.ram0_i.tc_ram_i.sram\[28\]\[20\],19.09µm
i_core_v_mini_mcu.memory_subsystem_i.ram0_i.tc_ram_i.sram\[7\]\[16\],19.09µm
i_core_v_mini_mcu.peripheral_subsystem_i.uart_i.reg2hw\[43\],19.09µm
_00080_,19.04µm
_00370_,19.04µm
_01183_,19.04µm
_02482_,19.04µm
_02568_,19.04µm
_03034_,19.04µm
_03774_,19.04µm
_03920_,19.04µm
_04067_,19.04µm
_04092_,19.04µm
_05490_,19.04µm
_06099_,19.04µm
_06149_,19.04µm
_06753_,19.04µm
_06796_,19.04µm
_07608_,19.04µm
_07718_,19.04µm
_08591_,19.04µm
_09668_,19.04µm
_09695_,19.04µm
_09961_,19.04µm
_10095_,19.04µm
_10663_,19.04µm
_10876_,19.04µm
_12016_,19.04µm
_12123_,19.04µm
_13514_,19.04µm
_13548_,19.04µm
_13713_,19.04µm
_13763_,19.04µm
_13837_,19.04µm
_14176_,19.04µm
_14612_,19.04µm
_14774_,19.04µm
_15056_,19.04µm
_15389_,19.04µm
_15612_,19.04µm
_15755_,19.04µm
_15899_,19.04µm
_16342_,19.04µm
_16355_,19.04µm
_16474_,19.04µm
_16871_,19.04µm
_17711_,19.04µm
_18759_,19.04µm
_19042_,19.04µm
_19313_,19.04µm
_19364_,19.04µm
_19408_,19.04µm
_19671_,19.04µm
_19796_,19.04µm
_20473_,19.04µm
_20495_,19.04µm
_20531_,19.04µm
_20567_,19.04µm
_20607_,19.04µm
_20647_,19.04µm
_20788_,19.04µm
_20972_,19.04µm
_21998_,19.04µm
_22273_,19.04µm
_22440_,19.04µm
_22978_,19.04µm
_23216_,19.04µm
_23598_,19.04µm
_23934_,19.04µm
_24048_,19.04µm
_24192_,19.04µm
_24248_,19.04µm
_24253_,19.04µm
_24284_,19.04µm
_24733_,19.04µm
_25349_,19.04µm
_25796_,19.04µm
_25937_,19.04µm
_26067_,19.04µm
_27133_,19.04µm
_27238_,19.04µm
_27300_,19.04µm
_27415_,19.04µm
_27625_,19.04µm
_27627_,19.04µm
_27983_,19.04µm
_28196_,19.04µm
i_core_v_mini_mcu.ao_peripheral_subsystem_i.obi_fifo_i.consumer_data_req_q\[51\],19.04µm
i_core_v_mini_mcu.cpu_subsystem_i.cpu_0_0.rf_ram_i.memory\[163\]\[1\],19.04µm
i_core_v_mini_mcu.cpu_subsystem_i.cpu_0_0.rf_ram_i.memory\[382\]\[0\],19.04µm
i_core_v_mini_mcu.cpu_subsystem_i.cpu_0_0.rf_ram_i.memory\[448\]\[1\],19.04µm
i_core_v_mini_mcu.cpu_subsystem_i.cpu_0_0.rf_ram_i.memory\[511\]\[0\],19.04µm
i_core_v_mini_mcu.cpu_subsystem_i.cpu_1_0.i_servile.arbiter.i_wb_cpu_ibus_adr\[9\],19.04µm
i_core_v_mini_mcu.cpu_subsystem_i.cpu_1_0.rf_ram_i.memory\[334\]\[1\],19.04µm
i_core_v_mini_mcu.cpu_subsystem_i.cpu_1_0.rf_ram_i.memory\[355\]\[1\],19.04µm
i_core_v_mini_mcu.cpu_subsystem_i.cpu_1_0.rf_ram_i.memory\[9\]\[0\],19.04µm
i_core_v_mini_mcu.memory_subsystem_i.ram0_i.tc_ram_i.sram\[11\]\[20\],19.04µm
i_core_v_mini_mcu.memory_subsystem_i.ram0_i.tc_ram_i.sram\[28\]\[29\],19.04µm
i_core_v_mini_mcu.memory_subsystem_i.ram0_i.tc_ram_i.sram\[29\]\[22\],19.04µm
i_core_v_mini_mcu.memory_subsystem_i.ram0_i.tc_ram_i.sram\[6\]\[29\],19.04µm
i_core_v_mini_mcu.memory_subsystem_i.ram0_i.tc_ram_i.sram\[7\]\[13\],19.04µm
i_core_v_mini_mcu.memory_subsystem_i.ram0_i.tc_ram_i.sram\[9\]\[3\],19.04µm
i_core_v_mini_mcu.cpu_subsystem_i.cpu_1_0.rf_ram_i.memory\[233\]\[0\],18.86µm
_11879_,18.76µm
i_core_v_mini_mcu.cpu_subsystem_i.cpu_0_0.rf_ram_i.memory\[127\]\[0\],18.76µm
i_core_v_mini_mcu.cpu_subsystem_i.cpu_1_0.rf_ram_i.memory\[7\]\[1\],18.76µm
_16438_,18.68µm
_17402_,18.68µm
_17482_,18.68µm
_17990_,18.68µm
_05501_,18.63µm
_05665_,18.63µm
_06030_,18.63µm
_08293_,18.63µm
_09706_,18.63µm
_16304_,18.63µm
_16822_,18.63µm
_17374_,18.63µm
_18901_,18.63µm
_20139_,18.63µm
i_core_v_mini_mcu.ao_peripheral_subsystem_i.power_manager_i.power_manager_reg_top_i.cpu_reset_assert_counter_qs\[9\],18.63µm
i_core_v_mini_mcu.cpu_subsystem_i.cpu_0_0.rf_ram_i.memory\[269\]\[1\],18.63µm
i_core_v_mini_mcu.cpu_subsystem_i.cpu_0_0.rf_ram_i.memory\[488\]\[0\],18.63µm
i_core_v_mini_mcu.cpu_subsystem_i.cpu_0_0.rf_ram_i.memory\[548\]\[1\],18.63µm
i_core_v_mini_mcu.cpu_subsystem_i.cpu_0_0.rf_ram_i.memory\[574\]\[1\],18.63µm
i_core_v_mini_mcu.cpu_subsystem_i.cpu_1_0.i_servile.arbiter.i_wb_cpu_dbus_adr\[17\],18.63µm
i_core_v_mini_mcu.cpu_subsystem_i.cpu_1_0.rf_ram_i.memory\[112\]\[0\],18.63µm
i_core_v_mini_mcu.cpu_subsystem_i.cpu_1_0.rf_ram_i.memory\[37\]\[0\],18.63µm
i_core_v_mini_mcu.memory_subsystem_i.ram0_i.tc_ram_i.sram\[22\]\[4\],18.63µm
i_core_v_mini_mcu.memory_subsystem_i.ram0_i.tc_ram_i.sram\[27\]\[30\],18.63µm
i_core_v_mini_mcu.peripheral_subsystem_i.obi_fifo_i.consumer_data_req_q\[25\],18.63µm
_05658_,18.58µm
_05987_,18.58µm
_06113_,18.58µm
_06580_,18.58µm
_09317_,18.58µm
_09775_,18.58µm
_10132_,18.58µm
_12722_,18.58µm
_12846_,18.58µm
_12945_,18.58µm
_13924_,18.58µm
_14829_,18.58µm
_15217_,18.58µm
_17014_,18.58µm
_20131_,18.58µm
_20396_,18.58µm
_21984_,18.58µm
_22007_,18.58µm
_24441_,18.58µm
_24789_,18.58µm
_25654_,18.58µm
i_core_v_mini_mcu.ao_peripheral_subsystem_i.power_manager_i.power_manager_reg_top_i.cpu_reset_assert_counter_qs\[3\],18.58µm
i_core_v_mini_mcu.ao_peripheral_subsystem_i.power_manager_i.reg_to_counter_cpu_powergate_switch_on_i.counter_curr_state\[2\],18.58µm
i_core_v_mini_mcu.ao_peripheral_subsystem_i.soc_ctrl_i.soc_ctrl_reg_top_i.system_frequency_hz_qs\[11\],18.58µm
i_core_v_mini_mcu.ao_peripheral_subsystem_i.soc_ctrl_i.soc_ctrl_reg_top_i.system_frequency_hz_qs\[16\],18.58µm
i_core_v_mini_mcu.cpu_subsystem_i.cpu_0_0.i_servile.arbiter.i_wb_cpu_dbus_adr\[18\],18.58µm
i_core_v_mini_mcu.cpu_subsystem_i.cpu_0_0.i_servile.cpu.o_wdata1,18.58µm
i_core_v_mini_mcu.cpu_subsystem_i.cpu_0_0.rf_ram_i.memory\[118\]\[1\],18.58µm
i_core_v_mini_mcu.cpu_subsystem_i.cpu_0_0.rf_ram_i.memory\[125\]\[0\],18.58µm
i_core_v_mini_mcu.cpu_subsystem_i.cpu_0_0.rf_ram_i.memory\[136\]\[1\],18.58µm
i_core_v_mini_mcu.cpu_subsystem_i.cpu_0_0.rf_ram_i.memory\[142\]\[1\],18.58µm
i_core_v_mini_mcu.cpu_subsystem_i.cpu_0_0.rf_ram_i.memory\[150\]\[0\],18.58µm
i_core_v_mini_mcu.cpu_subsystem_i.cpu_0_0.rf_ram_i.memory\[233\]\[0\],18.58µm
i_core_v_mini_mcu.cpu_subsystem_i.cpu_0_0.rf_ram_i.memory\[242\]\[0\],18.58µm
i_core_v_mini_mcu.cpu_subsystem_i.cpu_0_0.rf_ram_i.memory\[264\]\[1\],18.58µm
i_core_v_mini_mcu.cpu_subsystem_i.cpu_0_0.rf_ram_i.memory\[337\]\[1\],18.58µm
i_core_v_mini_mcu.cpu_subsystem_i.cpu_0_0.rf_ram_i.memory\[341\]\[0\],18.58µm
i_core_v_mini_mcu.cpu_subsystem_i.cpu_0_0.rf_ram_i.memory\[418\]\[1\],18.58µm
i_core_v_mini_mcu.cpu_subsystem_i.cpu_0_0.rf_ram_i.memory\[427\]\[1\],18.58µm
i_core_v_mini_mcu.cpu_subsystem_i.cpu_0_0.rf_ram_i.memory\[493\]\[0\],18.58µm
i_core_v_mini_mcu.cpu_subsystem_i.cpu_0_0.rf_ram_i.memory\[542\]\[0\],18.58µm
i_core_v_mini_mcu.cpu_subsystem_i.cpu_0_0.rf_ram_i.memory\[68\]\[0\],18.58µm
i_core_v_mini_mcu.cpu_subsystem_i.cpu_0_0.rf_ram_i.memory\[99\]\[1\],18.58µm
i_core_v_mini_mcu.cpu_subsystem_i.cpu_1_0.rf_ram_i.memory\[110\]\[1\],18.58µm
i_core_v_mini_mcu.cpu_subsystem_i.cpu_1_0.rf_ram_i.memory\[157\]\[1\],18.58µm
i_core_v_mini_mcu.cpu_subsystem_i.cpu_1_0.rf_ram_i.memory\[177\]\[1\],18.58µm
i_core_v_mini_mcu.cpu_subsystem_i.cpu_1_0.rf_ram_i.memory\[219\]\[1\],18.58µm
i_core_v_mini_mcu.cpu_subsystem_i.cpu_1_0.rf_ram_i.memory\[349\]\[0\],18.58µm
i_core_v_mini_mcu.cpu_subsystem_i.cpu_1_0.rf_ram_i.memory\[364\]\[0\],18.58µm
i_core_v_mini_mcu.cpu_subsystem_i.cpu_1_0.rf_ram_i.memory\[404\]\[1\],18.58µm
i_core_v_mini_mcu.cpu_subsystem_i.cpu_1_0.rf_ram_i.memory\[44\]\[1\],18.58µm
i_core_v_mini_mcu.cpu_subsystem_i.cpu_1_0.rf_ram_i.memory\[72\]\[0\],18.58µm
i_core_v_mini_mcu.cpu_subsystem_i.cpu_1_0.rf_ram_i.memory\[77\]\[1\],18.58µm
i_core_v_mini_mcu.memory_subsystem_i.ram0_i.tc_ram_i.sram\[13\]\[27\],18.58µm
i_core_v_mini_mcu.memory_subsystem_i.ram0_i.tc_ram_i.sram\[18\]\[2\],18.58µm
i_core_v_mini_mcu.memory_subsystem_i.ram0_i.tc_ram_i.sram\[19\]\[15\],18.58µm
i_core_v_mini_mcu.memory_subsystem_i.ram0_i.tc_ram_i.sram\[23\]\[17\],18.58µm
i_core_v_mini_mcu.memory_subsystem_i.ram0_i.tc_ram_i.sram\[4\]\[29\],18.58µm
i_core_v_mini_mcu.memory_subsystem_i.ram0_i.tc_ram_i.sram\[4\]\[7\],18.58µm
i_core_v_mini_mcu.peripheral_subsystem_i.obi_fifo_i.consumer_data_req_q\[14\],18.58µm
_00020_,18.53µm
_01217_,18.53µm
_01693_,18.53µm
_03320_,18.53µm
_03709_,18.53µm
_04064_,18.53µm
_04284_,18.53µm
_05311_,18.53µm
_05466_,18.53µm
_05963_,18.53µm
_05986_,18.53µm
_06075_,18.53µm
_06088_,18.53µm
_06306_,18.53µm
_06320_,18.53µm
_06751_,18.53µm
_07039_,18.53µm
_07614_,18.53µm
_07649_,18.53µm
_08699_,18.53µm
_08959_,18.53µm
_08997_,18.53µm
_09152_,18.53µm
_09419_,18.53µm
_09536_,18.53µm
_09826_,18.53µm
_10228_,18.53µm
_10334_,18.53µm
_10840_,18.53µm
_11217_,18.53µm
_11242_,18.53µm
_11867_,18.53µm
_12001_,18.53µm
_12283_,18.53µm
_13040_,18.53µm
_13214_,18.53µm
_13526_,18.53µm
_13723_,18.53µm
_13916_,18.53µm
_13956_,18.53µm
_14887_,18.53µm
_15675_,18.53µm
_15694_,18.53µm
_15986_,18.53µm
_16276_,18.53µm
_16321_,18.53µm
_17120_,18.53µm
_17811_,18.53µm
_18767_,18.53µm
_18842_,18.53µm
_18919_,18.53µm
_18974_,18.53µm
_19034_,18.53µm
_19200_,18.53µm
_19212_,18.53µm
_20400_,18.53µm
_20468_,18.53µm
_20476_,18.53µm
_20540_,18.53µm
_20770_,18.53µm
_21177_,18.53µm
_21248_,18.53µm
_21854_,18.53µm
_21954_,18.53µm
_22055_,18.53µm
_22627_,18.53µm
_22815_,18.53µm
_23092_,18.53µm
_23909_,18.53µm
_25783_,18.53µm
_25963_,18.53µm
_26140_,18.53µm
_26159_,18.53µm
_26278_,18.53µm
_26285_,18.53µm
_26869_,18.53µm
_26888_,18.53µm
_27175_,18.53µm
_27245_,18.53µm
_27973_,18.53µm
_28045_,18.53µm
_28224_,18.53µm
_28296_,18.53µm
_28423_,18.53µm
_28457_,18.53µm
i_core_v_mini_mcu.ao_peripheral_subsystem_i.power_manager_i.power_manager_reg_top_i.cpu_iso_off_counter_qs\[13\],18.53µm
i_core_v_mini_mcu.ao_peripheral_subsystem_i.power_manager_i.power_manager_sequence_ram_0_iso_i.sequence_curr_state\[1\],18.53µm
i_core_v_mini_mcu.ao_peripheral_subsystem_i.spi_subsystem_i.obi_spimemio_i.obi_to_picorv32_i.picorv32_resp_i\[18\],18.53µm
i_core_v_mini_mcu.ao_peripheral_subsystem_i.spi_subsystem_i.obi_spimemio_i.obi_to_picorv32_i.state\[3\],18.53µm
i_core_v_mini_mcu.ao_peripheral_subsystem_i.spi_subsystem_i.obi_spimemio_i.spimemio_i.dout_data\[5\],18.53µm
i_core_v_mini_mcu.ao_peripheral_subsystem_i.spi_subsystem_i.obi_spimemio_i.spimemio_i.xfer_io0_90,18.53µm
i_core_v_mini_mcu.ao_peripheral_subsystem_i.tdu_i.cpi_est_q\[0\],18.53µm
i_core_v_mini_mcu.ao_peripheral_subsystem_i.tdu_i.cpi_est_q\[25\],18.53µm
i_core_v_mini_mcu.cpu_subsystem_i.cpu_0_0.i_servile.arbiter.i_wb_cpu_dbus_adr\[21\],18.53µm
i_core_v_mini_mcu.cpu_subsystem_i.cpu_0_0.i_servile.rf_ram_if.rdata1,18.53µm
i_core_v_mini_mcu.cpu_subsystem_i.cpu_0_0.rf_ram_i.memory\[117\]\[1\],18.53µm
i_core_v_mini_mcu.cpu_subsystem_i.cpu_0_0.rf_ram_i.memory\[184\]\[1\],18.53µm
i_core_v_mini_mcu.cpu_subsystem_i.cpu_0_0.rf_ram_i.memory\[207\]\[1\],18.53µm
i_core_v_mini_mcu.cpu_subsystem_i.cpu_0_0.rf_ram_i.memory\[286\]\[0\],18.53µm
i_core_v_mini_mcu.cpu_subsystem_i.cpu_0_0.rf_ram_i.memory\[303\]\[0\],18.53µm
i_core_v_mini_mcu.cpu_subsystem_i.cpu_0_0.rf_ram_i.memory\[340\]\[0\],18.53µm
i_core_v_mini_mcu.cpu_subsystem_i.cpu_0_0.rf_ram_i.memory\[449\]\[1\],18.53µm
i_core_v_mini_mcu.cpu_subsystem_i.cpu_0_0.rf_ram_i.memory\[461\]\[1\],18.53µm
i_core_v_mini_mcu.cpu_subsystem_i.cpu_1_0.rf_ram_i.memory\[100\]\[0\],18.53µm
i_core_v_mini_mcu.cpu_subsystem_i.cpu_1_0.rf_ram_i.memory\[183\]\[1\],18.53µm
i_core_v_mini_mcu.cpu_subsystem_i.cpu_1_0.rf_ram_i.memory\[205\]\[0\],18.53µm
i_core_v_mini_mcu.cpu_subsystem_i.cpu_1_0.rf_ram_i.memory\[221\]\[1\],18.53µm
i_core_v_mini_mcu.cpu_subsystem_i.cpu_1_0.rf_ram_i.memory\[225\]\[0\],18.53µm
i_core_v_mini_mcu.cpu_subsystem_i.cpu_1_0.rf_ram_i.memory\[273\]\[0\],18.53µm
i_core_v_mini_mcu.cpu_subsystem_i.cpu_1_0.rf_ram_i.memory\[363\]\[1\],18.53µm
i_core_v_mini_mcu.cpu_subsystem_i.cpu_1_0.rf_ram_i.memory\[368\]\[1\],18.53µm
i_core_v_mini_mcu.cpu_subsystem_i.cpu_1_0.rf_ram_i.memory\[372\]\[0\],18.53µm
i_core_v_mini_mcu.cpu_subsystem_i.cpu_1_0.rf_ram_i.memory\[40\]\[0\],18.53µm
i_core_v_mini_mcu.cpu_subsystem_i.cpu_1_0.rf_ram_i.memory\[455\]\[1\],18.53µm
i_core_v_mini_mcu.cpu_subsystem_i.cpu_1_0.rf_ram_i.memory\[458\]\[0\],18.53µm
i_core_v_mini_mcu.cpu_subsystem_i.cpu_1_0.rf_ram_i.memory\[464\]\[1\],18.53µm
i_core_v_mini_mcu.cpu_subsystem_i.cpu_1_0.rf_ram_i.memory\[494\]\[1\],18.53µm
i_core_v_mini_mcu.cpu_subsystem_i.cpu_1_0.rf_ram_i.memory\[68\]\[0\],18.53µm
i_core_v_mini_mcu.cpu_subsystem_i.cpu_1_0.rf_ram_i.memory\[71\]\[1\],18.53µm
i_core_v_mini_mcu.cpu_subsystem_i.cpu_1_0.rf_ram_i.memory\[72\]\[1\],18.53µm
i_core_v_mini_mcu.cpu_subsystem_i.cpu_1_0.rf_ram_i.regzero,18.53µm
i_core_v_mini_mcu.memory_subsystem_i.ram0_i.tc_ram_i.sram\[12\]\[5\],18.53µm
i_core_v_mini_mcu.memory_subsystem_i.ram0_i.tc_ram_i.sram\[13\]\[17\],18.53µm
i_core_v_mini_mcu.memory_subsystem_i.ram0_i.tc_ram_i.sram\[15\]\[24\],18.53µm
i_core_v_mini_mcu.memory_subsystem_i.ram0_i.tc_ram_i.sram\[1\]\[24\],18.53µm
i_core_v_mini_mcu.memory_subsystem_i.ram0_i.tc_ram_i.sram\[27\]\[24\],18.53µm
i_core_v_mini_mcu.memory_subsystem_i.ram0_i.tc_ram_i.sram\[4\]\[31\],18.53µm
i_core_v_mini_mcu.memory_subsystem_i.ram0_i.tc_ram_i.sram\[6\]\[2\],18.53µm
i_core_v_mini_mcu.memory_subsystem_i.ram0_i.tc_ram_i.sram\[7\]\[8\],18.53µm
i_core_v_mini_mcu.memory_subsystem_i.ram0_i.tc_ram_i.sram\[8\]\[22\],18.53µm
i_core_v_mini_mcu.peripheral_subsystem_i.uart_i.uart_core.u_uart_txfifo.gen_normal_fifo.storage\[1\],18.53µm
_00040_,18.48µm
_00157_,18.48µm
_01200_,18.48µm
_01762_,18.48µm
_01824_,18.48µm
_02021_,18.48µm
_03294_,18.48µm
_04027_,18.48µm
_04066_,18.48µm
_05044_,18.48µm
_05074_,18.48µm
_05299_,18.48µm
_05315_,18.48µm
_06070_,18.48µm
_06395_,18.48µm
_06509_,18.48µm
_07058_,18.48µm
_07924_,18.48µm
_08187_,18.48µm
_08269_,18.48µm
_10074_,18.48µm
_10078_,18.48µm
_10154_,18.48µm
_10505_,18.48µm
_11442_,18.48µm
_11551_,18.48µm
_11648_,18.48µm
_11729_,18.48µm
_11960_,18.48µm
_11961_,18.48µm
_12207_,18.48µm
_12289_,18.48µm
_12319_,18.48µm
_12936_,18.48µm
_13166_,18.48µm
_13481_,18.48µm
_13512_,18.48µm
_13564_,18.48µm
_13576_,18.48µm
_13685_,18.48µm
_14132_,18.48µm
_14712_,18.48µm
_14912_,18.48µm
_14971_,18.48µm
_15232_,18.48µm
_15356_,18.48µm
_16603_,18.48µm
_16660_,18.48µm
_16919_,18.48µm
_17627_,18.48µm
_17728_,18.48µm
_18025_,18.48µm
_18035_,18.48µm
_18496_,18.48µm
_18882_,18.48µm
_18980_,18.48µm
_19249_,18.48µm
_19794_,18.48µm
_20011_,18.48µm
_20220_,18.48µm
_20250_,18.48µm
_20264_,18.48µm
_20299_,18.48µm
_20746_,18.48µm
_20827_,18.48µm
_21031_,18.48µm
_21126_,18.48µm
_21306_,18.48µm
_21521_,18.48µm
_21686_,18.48µm
_22223_,18.48µm
_22909_,18.48µm
_23509_,18.48µm
_23626_,18.48µm
_24155_,18.48µm
_24459_,18.48µm
_24554_,18.48µm
_25060_,18.48µm
_25081_,18.48µm
_25135_,18.48µm
_25591_,18.48µm
_26033_,18.48µm
_26086_,18.48µm
_26198_,18.48µm
_26242_,18.48µm
_27199_,18.48µm
_27489_,18.48µm
_27545_,18.48µm
_27642_,18.48µm
_27647_,18.48µm
_28185_,18.48µm
_28321_,18.48µm
i_core_v_mini_mcu.ao_peripheral_subsystem_i.memory_subsystem_pwr_ctrl_i,18.48µm
i_core_v_mini_mcu.ao_peripheral_subsystem_i.obi_fifo_i.consumer_data_req_q\[42\],18.48µm
i_core_v_mini_mcu.ao_peripheral_subsystem_i.power_manager_i.power_manager_reg_top_i.intr_state_qs\[16\],18.48µm
i_core_v_mini_mcu.ao_peripheral_subsystem_i.spi_subsystem_i.obi_spimemio_i.spimemio_i.buffer\[7\],18.48µm
i_core_v_mini_mcu.cpu_subsystem_i.cpu_0_0.rf_ram_i.memory\[293\]\[0\],18.48µm
i_core_v_mini_mcu.cpu_subsystem_i.cpu_0_0.rf_ram_i.memory\[524\]\[1\],18.48µm
i_core_v_mini_mcu.cpu_subsystem_i.cpu_0_0.rf_ram_i.memory\[535\]\[0\],18.48µm
i_core_v_mini_mcu.cpu_subsystem_i.cpu_1_0.rf_ram_i.memory\[111\]\[1\],18.48µm
i_core_v_mini_mcu.cpu_subsystem_i.cpu_1_0.rf_ram_i.memory\[202\]\[0\],18.48µm
i_core_v_mini_mcu.cpu_subsystem_i.cpu_1_0.rf_ram_i.memory\[298\]\[0\],18.48µm
i_core_v_mini_mcu.memory_subsystem_i.ram0_i.tc_ram_i.sram\[10\]\[18\],18.48µm
i_core_v_mini_mcu.memory_subsystem_i.ram0_i.tc_ram_i.sram\[23\]\[31\],18.48µm
i_core_v_mini_mcu.memory_subsystem_i.ram0_i.tc_ram_i.sram\[24\]\[0\],18.48µm
i_core_v_mini_mcu.memory_subsystem_i.ram0_i.tc_ram_i.sram\[26\]\[18\],18.48µm
i_core_v_mini_mcu.peripheral_subsystem_i.uart_i.uart_core.u_uart_txfifo.gen_normal_fifo.storage\[14\],18.48µm
i_core_v_mini_mcu.system_bus_i.system_xbar_i.gen_xbar_NtoM.i_xbar.gen_outputs\[1\].gen_rr_arb_tree.i_rr_arb_tree.gen_arbiter.rr_q\[0\],18.48µm
_13541_,18.32µm
_16018_,18.3µm
i_core_v_mini_mcu.cpu_subsystem_i.cpu_0_0.rf_ram_i.memory\[126\]\[1\],18.25µm
i_core_v_mini_mcu.cpu_subsystem_i.cpu_0_0.rf_ram_i.memory\[159\]\[0\],18.25µm
i_core_v_mini_mcu.cpu_subsystem_i.cpu_0_0.rf_ram_i.memory\[316\]\[0\],18.25µm
i_core_v_mini_mcu.cpu_subsystem_i.cpu_0_0.rf_ram_i.memory\[129\]\[1\],18.2µm
i_core_v_mini_mcu.cpu_subsystem_i.cpu_0_0.rf_ram_i.memory\[146\]\[0\],18.2µm
i_core_v_mini_mcu.cpu_subsystem_i.cpu_0_0.rf_ram_i.memory\[245\]\[0\],18.2µm
i_core_v_mini_mcu.cpu_subsystem_i.cpu_1_0.rf_ram_i.memory\[15\]\[0\],18.2µm
i_core_v_mini_mcu.cpu_subsystem_i.cpu_1_0.rf_ram_i.memory\[34\]\[1\],18.2µm
i_core_v_mini_mcu.memory_subsystem_i.ram0_i.tc_ram_i.sram\[6\]\[23\],18.2µm
_06451_,18.12µm
_16877_,18.12µm
_17799_,18.12µm
i_core_v_mini_mcu.peripheral_subsystem_i.obi_fifo_i.consumer_data_req_q\[11\],18.12µm
_06325_,18.07µm
_09192_,18.07µm
_09482_,18.07µm
_09544_,18.07µm
_09568_,18.07µm
_10617_,18.07µm
_14657_,18.07µm
_15273_,18.07µm
_15378_,18.07µm
_21215_,18.07µm
_23984_,18.07µm
exit_value_int\[8\],18.07µm
i_core_v_mini_mcu.ao_peripheral_subsystem_i.tdu_i.task_mem\[5\]\[13\],18.07µm
i_core_v_mini_mcu.cpu_subsystem_i.cpu_0_0.rf_ram_i.memory\[156\]\[1\],18.07µm
i_core_v_mini_mcu.cpu_subsystem_i.cpu_0_0.rf_ram_i.memory\[287\]\[1\],18.07µm
i_core_v_mini_mcu.cpu_subsystem_i.cpu_0_0.rf_ram_i.memory\[398\]\[1\],18.07µm
i_core_v_mini_mcu.cpu_subsystem_i.cpu_0_0.rf_ram_i.memory\[507\]\[1\],18.07µm
i_core_v_mini_mcu.peripheral_subsystem_i.periph_to_reg_i.r_rdata_d\[13\],18.07µm
_04123_,18.02µm
_04213_,18.02µm
_04746_,18.02µm
_05959_,18.02µm
_06342_,18.02µm
_07427_,18.02µm
_08627_,18.02µm
_08958_,18.02µm
_09397_,18.02µm
_09489_,18.02µm
_09782_,18.02µm
_09863_,18.02µm
_10352_,18.02µm
_10774_,18.02µm
_12311_,18.02µm
_13603_,18.02µm
_19976_,18.02µm
_20221_,18.02µm
_20227_,18.02µm
_21784_,18.02µm
_22258_,18.02µm
_23761_,18.02µm
_24825_,18.02µm
_25892_,18.02µm
_26987_,18.02µm
_27144_,18.02µm
i_core_v_mini_mcu.ao_peripheral_subsystem_i.obi_fifo_i.consumer_data_req\[54\],18.02µm
i_core_v_mini_mcu.ao_peripheral_subsystem_i.obi_fifo_i.consumer_data_req_q\[15\],18.02µm
i_core_v_mini_mcu.ao_peripheral_subsystem_i.tdu_i.active_hart_cycles_q\[29\],18.02µm
i_core_v_mini_mcu.ao_peripheral_subsystem_i.tdu_i.cpi_est_q\[47\],18.02µm
i_core_v_mini_mcu.ao_peripheral_subsystem_i.tdu_i.cpi_est_q\[61\],18.02µm
i_core_v_mini_mcu.cpu_subsystem_i.cpu_0_0.i_servile.arbiter.i_wb_cpu_dbus_adr\[20\],18.02µm
i_core_v_mini_mcu.cpu_subsystem_i.cpu_0_0.rf_ram_i.memory\[240\]\[0\],18.02µm
i_core_v_mini_mcu.cpu_subsystem_i.cpu_0_0.rf_ram_i.memory\[272\]\[0\],18.02µm
i_core_v_mini_mcu.cpu_subsystem_i.cpu_0_0.rf_ram_i.memory\[435\]\[0\],18.02µm
i_core_v_mini_mcu.cpu_subsystem_i.cpu_0_0.rf_ram_i.memory\[534\]\[0\],18.02µm
i_core_v_mini_mcu.cpu_subsystem_i.cpu_1_0.i_servile.arbiter.i_wb_cpu_dbus_adr\[6\],18.02µm
i_core_v_mini_mcu.cpu_subsystem_i.cpu_1_0.rf_ram_i.memory\[104\]\[1\],18.02µm
i_core_v_mini_mcu.cpu_subsystem_i.cpu_1_0.rf_ram_i.memory\[144\]\[1\],18.02µm
i_core_v_mini_mcu.cpu_subsystem_i.cpu_1_0.rf_ram_i.memory\[207\]\[0\],18.02µm
i_core_v_mini_mcu.cpu_subsystem_i.cpu_1_0.rf_ram_i.memory\[245\]\[0\],18.02µm
i_core_v_mini_mcu.cpu_subsystem_i.cpu_1_0.rf_ram_i.memory\[455\]\[0\],18.02µm
i_core_v_mini_mcu.cpu_subsystem_i.cpu_1_0.rf_ram_i.memory\[472\]\[0\],18.02µm
i_core_v_mini_mcu.cpu_subsystem_i.cpu_1_0.rf_ram_i.memory\[488\]\[0\],18.02µm
i_core_v_mini_mcu.cpu_subsystem_i.cpu_1_0.rf_ram_i.memory\[7\]\[0\],18.02µm
i_core_v_mini_mcu.memory_subsystem_i.ram0_i.tc_ram_i.sram\[13\]\[26\],18.02µm
i_core_v_mini_mcu.memory_subsystem_i.ram0_i.tc_ram_i.sram\[15\]\[6\],18.02µm
i_core_v_mini_mcu.memory_subsystem_i.ram0_i.tc_ram_i.sram\[19\]\[3\],18.02µm
i_core_v_mini_mcu.memory_subsystem_i.ram0_i.tc_ram_i.sram\[1\]\[1\],18.02µm
i_core_v_mini_mcu.memory_subsystem_i.ram0_i.tc_ram_i.sram\[27\]\[25\],18.02µm
i_core_v_mini_mcu.memory_subsystem_i.ram0_i.tc_ram_i.sram\[4\]\[2\],18.02µm
i_core_v_mini_mcu.peripheral_subsystem_i.obi_fifo_i.consumer_data_req_q\[1\],18.02µm
_00399_,17.97µm
_01026_,17.97µm
_01575_,17.97µm
_02179_,17.97µm
_02945_,17.97µm
_03453_,17.97µm
_03759_,17.97µm
_03852_,17.97µm
_04200_,17.97µm
_04503_,17.97µm
_04610_,17.97µm
_04694_,17.97µm
_04737_,17.97µm
_04745_,17.97µm
_04792_,17.97µm
_04990_,17.97µm
_05306_,17.97µm
_06057_,17.97µm
_06339_,17.97µm
_06633_,17.97µm
_06936_,17.97µm
_07730_,17.97µm
_08057_,17.97µm
_08403_,17.97µm
_08688_,17.97µm
_08694_,17.97µm
_08831_,17.97µm
_08902_,17.97µm
_09424_,17.97µm
_09448_,17.97µm
_09681_,17.97µm
_09709_,17.97µm
_09741_,17.97µm
_09749_,17.97µm
_09856_,17.97µm
_09890_,17.97µm
_10337_,17.97µm
_10745_,17.97µm
_11139_,17.97µm
_11488_,17.97µm
_11540_,17.97µm
_11750_,17.97µm
_11991_,17.97µm
_12495_,17.97µm
_12910_,17.97µm
_12928_,17.97µm
_13506_,17.97µm
_14177_,17.97µm
_14191_,17.97µm
_14286_,17.97µm
_14345_,17.97µm
_14677_,17.97µm
_14890_,17.97µm
_14923_,17.97µm
_14931_,17.97µm
_15260_,17.97µm
_16258_,17.97µm
_16269_,17.97µm
_16548_,17.97µm
_17142_,17.97µm
_17555_,17.97µm
_17701_,17.97µm
_17789_,17.97µm
_18215_,17.97µm
_18680_,17.97µm
_18837_,17.97µm
_18935_,17.97µm
_19009_,17.97µm
_19274_,17.97µm
_19782_,17.97µm
_19933_,17.97µm
_20111_,17.97µm
_20574_,17.97µm
_20600_,17.97µm
_20622_,17.97µm
_20790_,17.97µm
_20800_,17.97µm
_21062_,17.97µm
_21217_,17.97µm
_21279_,17.97µm
_22054_,17.97µm
_22197_,17.97µm
_22415_,17.97µm
_22521_,17.97µm
_22537_,17.97µm
_22606_,17.97µm
_22814_,17.97µm
_22900_,17.97µm
_23016_,17.97µm
_23244_,17.97µm
_23275_,17.97µm
_23394_,17.97µm
_23522_,17.97µm
_24043_,17.97µm
_24096_,17.97µm
_24180_,17.97µm
_24658_,17.97µm
_24991_,17.97µm
_24996_,17.97µm
_25119_,17.97µm
_25298_,17.97µm
_25386_,17.97µm
_25834_,17.97µm
_25867_,17.97µm
_26083_,17.97µm
_26394_,17.97µm
_26477_,17.97µm
_26595_,17.97µm
_26897_,17.97µm
_27044_,17.97µm
_27106_,17.97µm
_27547_,17.97µm
_27937_,17.97µm
_27974_,17.97µm
_28259_,17.97µm
i_core_v_mini_mcu.ao_peripheral_subsystem_i.obi_fifo_i.consumer_data_req\[31\],17.97µm
i_core_v_mini_mcu.ao_peripheral_subsystem_i.power_manager_i.power_manager_reg_top_i.cpu_iso_on_counter_qs\[8\],17.97µm
i_core_v_mini_mcu.ao_peripheral_subsystem_i.power_manager_i.power_manager_reg_top_i.en_wait_for_intr_qs\[31\],17.97µm
i_core_v_mini_mcu.ao_peripheral_subsystem_i.tdu_i.task_mem\[7\]\[19\],17.97µm
i_core_v_mini_mcu.ao_peripheral_subsystem_i.tdu_i.task_mem\[7\]\[2\],17.97µm
i_core_v_mini_mcu.cpu_subsystem_i.cpu_0_0.i_servile.cpu.ctrl.o_ibus_adr\[8\],17.97µm
i_core_v_mini_mcu.cpu_subsystem_i.cpu_0_0.rf_ram_i.memory\[105\]\[0\],17.97µm
i_core_v_mini_mcu.cpu_subsystem_i.cpu_0_0.rf_ram_i.memory\[184\]\[0\],17.97µm
i_core_v_mini_mcu.cpu_subsystem_i.cpu_0_0.rf_ram_i.memory\[185\]\[0\],17.97µm
i_core_v_mini_mcu.cpu_subsystem_i.cpu_0_0.rf_ram_i.memory\[188\]\[0\],17.97µm
i_core_v_mini_mcu.cpu_subsystem_i.cpu_0_0.rf_ram_i.memory\[201\]\[1\],17.97µm
i_core_v_mini_mcu.cpu_subsystem_i.cpu_0_0.rf_ram_i.memory\[337\]\[0\],17.97µm
i_core_v_mini_mcu.cpu_subsystem_i.cpu_0_0.rf_ram_i.memory\[342\]\[0\],17.97µm
i_core_v_mini_mcu.cpu_subsystem_i.cpu_0_0.rf_ram_i.memory\[448\]\[0\],17.97µm
i_core_v_mini_mcu.cpu_subsystem_i.cpu_0_0.rf_ram_i.memory\[483\]\[1\],17.97µm
i_core_v_mini_mcu.cpu_subsystem_i.cpu_0_0.rf_ram_i.memory\[488\]\[1\],17.97µm
i_core_v_mini_mcu.cpu_subsystem_i.cpu_0_0.rf_ram_i.memory\[533\]\[1\],17.97µm
i_core_v_mini_mcu.cpu_subsystem_i.cpu_0_0.rf_ram_i.memory\[550\]\[0\],17.97µm
i_core_v_mini_mcu.cpu_subsystem_i.cpu_0_0.rf_ram_i.memory\[568\]\[1\],17.97µm
i_core_v_mini_mcu.cpu_subsystem_i.cpu_0_0.rf_ram_i.memory\[82\]\[1\],17.97µm
i_core_v_mini_mcu.cpu_subsystem_i.cpu_1_0.i_servile.arbiter.i_wb_cpu_dbus_adr\[16\],17.97µm
i_core_v_mini_mcu.cpu_subsystem_i.cpu_1_0.rf_ram_i.memory\[187\]\[0\],17.97µm
i_core_v_mini_mcu.cpu_subsystem_i.cpu_1_0.rf_ram_i.memory\[21\]\[1\],17.97µm
i_core_v_mini_mcu.cpu_subsystem_i.cpu_1_0.rf_ram_i.memory\[221\]\[0\],17.97µm
i_core_v_mini_mcu.cpu_subsystem_i.cpu_1_0.rf_ram_i.memory\[222\]\[0\],17.97µm
i_core_v_mini_mcu.cpu_subsystem_i.cpu_1_0.rf_ram_i.memory\[308\]\[0\],17.97µm
i_core_v_mini_mcu.cpu_subsystem_i.cpu_1_0.rf_ram_i.memory\[319\]\[0\],17.97µm
i_core_v_mini_mcu.cpu_subsystem_i.cpu_1_0.rf_ram_i.memory\[32\]\[1\],17.97µm
i_core_v_mini_mcu.cpu_subsystem_i.cpu_1_0.rf_ram_i.memory\[381\]\[1\],17.97µm
i_core_v_mini_mcu.cpu_subsystem_i.cpu_1_0.rf_ram_i.memory\[417\]\[0\],17.97µm
i_core_v_mini_mcu.cpu_subsystem_i.cpu_1_0.rf_ram_i.memory\[422\]\[1\],17.97µm
i_core_v_mini_mcu.cpu_subsystem_i.cpu_1_0.rf_ram_i.memory\[491\]\[0\],17.97µm
i_core_v_mini_mcu.cpu_subsystem_i.cpu_1_0.rf_ram_i.memory\[511\]\[1\],17.97µm
i_core_v_mini_mcu.cpu_subsystem_i.cpu_1_0.rf_ram_i.memory\[70\]\[1\],17.97µm
i_core_v_mini_mcu.cpu_subsystem_i.cpu_1_0.rf_ram_i.memory\[73\]\[0\],17.97µm
i_core_v_mini_mcu.memory_subsystem_i.ram0_i.tc_ram_i.sram\[14\]\[0\],17.97µm
i_core_v_mini_mcu.memory_subsystem_i.ram0_i.tc_ram_i.sram\[21\]\[23\],17.97µm
i_core_v_mini_mcu.memory_subsystem_i.ram0_i.tc_ram_i.sram\[23\]\[20\],17.97µm
i_core_v_mini_mcu.memory_subsystem_i.ram0_i.tc_ram_i.sram\[27\]\[23\],17.97µm
i_core_v_mini_mcu.memory_subsystem_i.ram0_i.tc_ram_i.sram\[2\]\[15\],17.97µm
i_core_v_mini_mcu.peripheral_subsystem_i.uart_i.uart_core.nco_sum_q\[10\],17.97µm
i_core_v_mini_mcu.peripheral_subsystem_i.uart_i.uart_core.nco_sum_q\[13\],17.97µm
_00718_,17.92µm
_02560_,17.92µm
_02762_,17.92µm
_04094_,17.92µm
_04923_,17.92µm
_04945_,17.92µm
_05103_,17.92µm
_05513_,17.92µm
_05595_,17.92µm
_05621_,17.92µm
_05873_,17.92µm
_06187_,17.92µm
_07151_,17.92µm
_07159_,17.92µm
_07395_,17.92µm
_07856_,17.92µm
_07907_,17.92µm
_08371_,17.92µm
_08398_,17.92µm
_08429_,17.92µm
_08471_,17.92µm
_09135_,17.92µm
_09543_,17.92µm
_09811_,17.92µm
_09872_,17.92µm
_09955_,17.92µm
_10343_,17.92µm
_10454_,17.92µm
_11211_,17.92µm
_11578_,17.92µm
_11673_,17.92µm
_11992_,17.92µm
_11997_,17.92µm
_12034_,17.92µm
_12158_,17.92µm
_12786_,17.92µm
_13290_,17.92µm
_13292_,17.92µm
_13480_,17.92µm
_13813_,17.92µm
_14059_,17.92µm
_14367_,17.92µm
_14687_,17.92µm
_14804_,17.92µm
_15530_,17.92µm
_15696_,17.92µm
_15772_,17.92µm
_15893_,17.92µm
_15976_,17.92µm
_16285_,17.92µm
_16344_,17.92µm
_16677_,17.92µm
_16716_,17.92µm
_17313_,17.92µm
_17397_,17.92µm
_17831_,17.92µm
_17837_,17.92µm
_18093_,17.92µm
_18107_,17.92µm
_18298_,17.92µm
_18769_,17.92µm
_19210_,17.92µm
_19861_,17.92µm
_19959_,17.92µm
_20334_,17.92µm
_20561_,17.92µm
_20793_,17.92µm
_20976_,17.92µm
_21149_,17.92µm
_21150_,17.92µm
_21511_,17.92µm
_22071_,17.92µm
_22104_,17.92µm
_22219_,17.92µm
_22342_,17.92µm
_22583_,17.92µm
_22784_,17.92µm
_23319_,17.92µm
_23869_,17.92µm
_23903_,17.92µm
_24375_,17.92µm
_24928_,17.92µm
_25448_,17.92µm
_25899_,17.92µm
_25906_,17.92µm
_26155_,17.92µm
_26315_,17.92µm
_26722_,17.92µm
_26725_,17.92µm
_26880_,17.92µm
_27059_,17.92µm
_27266_,17.92µm
_27278_,17.92µm
_27468_,17.92µm
_28324_,17.92µm
i_core_v_mini_mcu.ao_peripheral_subsystem_i.periph_to_reg_i.r_rdata_d\[12\],17.92µm
i_core_v_mini_mcu.ao_peripheral_subsystem_i.periph_to_reg_i.r_rdata_d\[20\],17.92µm
i_core_v_mini_mcu.ao_peripheral_subsystem_i.power_manager_i.cpu_subsystem_powergate_switch_ack_sync,17.92µm
i_core_v_mini_mcu.ao_peripheral_subsystem_i.power_manager_i.power_manager_counter_sequence_cpu_iso_i.sequence_curr_state\[2\],17.92µm
i_core_v_mini_mcu.ao_peripheral_subsystem_i.spi_subsystem_i.obi_spimemio_i.spimemio_i.xfer.fetch,17.92µm
i_core_v_mini_mcu.ao_peripheral_subsystem_i.tdu_i.active_hart_cycles_q\[13\],17.92µm
i_core_v_mini_mcu.ao_peripheral_subsystem_i.tdu_i.task_mem\[3\]\[12\],17.92µm
i_core_v_mini_mcu.cpu_subsystem_i.cpu_0_0.i_servile.arbiter.i_wb_cpu_dbus_adr\[30\],17.92µm
i_core_v_mini_mcu.cpu_subsystem_i.cpu_0_0.rf_ram_i.memory\[178\]\[0\],17.92µm
i_core_v_mini_mcu.cpu_subsystem_i.cpu_0_0.rf_ram_i.memory\[278\]\[1\],17.92µm
i_core_v_mini_mcu.cpu_subsystem_i.cpu_0_0.rf_ram_i.memory\[2\]\[0\],17.92µm
i_core_v_mini_mcu.cpu_subsystem_i.cpu_0_0.rf_ram_i.memory\[329\]\[0\],17.92µm
i_core_v_mini_mcu.cpu_subsystem_i.cpu_1_0.i_servile.cpu.alu.add_cy_r,17.92µm
i_core_v_mini_mcu.cpu_subsystem_i.cpu_1_0.rf_ram_i.memory\[117\]\[0\],17.92µm
i_core_v_mini_mcu.cpu_subsystem_i.cpu_1_0.rf_ram_i.memory\[278\]\[0\],17.92µm
i_core_v_mini_mcu.cpu_subsystem_i.cpu_1_0.rf_ram_i.memory\[280\]\[1\],17.92µm
i_core_v_mini_mcu.cpu_subsystem_i.cpu_1_0.rf_ram_i.memory\[288\]\[1\],17.92µm
i_core_v_mini_mcu.cpu_subsystem_i.cpu_1_0.rf_ram_i.memory\[365\]\[1\],17.92µm
i_core_v_mini_mcu.cpu_subsystem_i.cpu_1_0.rf_ram_i.memory\[381\]\[0\],17.92µm
i_core_v_mini_mcu.cpu_subsystem_i.cpu_1_0.rf_ram_i.memory\[433\]\[1\],17.92µm
i_core_v_mini_mcu.cpu_subsystem_i.cpu_1_0.rf_ram_i.memory\[500\]\[1\],17.92µm
i_core_v_mini_mcu.memory_subsystem_i.ram0_i.tc_ram_i.sram\[19\]\[18\],17.92µm
i_core_v_mini_mcu.memory_subsystem_i.ram0_i.tc_ram_i.sram\[27\]\[3\],17.92µm
i_core_v_mini_mcu.memory_subsystem_i.ram0_i.tc_ram_i.sram\[3\]\[25\],17.92µm
i_core_v_mini_mcu.peripheral_subsystem_i.obi_fifo_i.consumer_resp_i\[25\],17.92µm
i_core_v_mini_mcu.peripheral_subsystem_i.uart_i.uart_core.u_uart_txfifo.gen_normal_fifo.storage\[3\],17.92µm
i_core_v_mini_mcu.ao_peripheral_subsystem_i.spi_subsystem_i.obi_spimemio_i.spimemio_i.din_data\[7\],17.74µm
i_core_v_mini_mcu.ao_peripheral_subsystem_i.power_manager_i.power_manager_reg_top_i.global_pointer_qs\[29\],17.69µm
i_core_v_mini_mcu.cpu_subsystem_i.cpu_0_0.rf_ram_i.memory\[110\]\[0\],17.69µm
i_core_v_mini_mcu.cpu_subsystem_i.cpu_0_0.rf_ram_i.memory\[127\]\[1\],17.69µm
i_core_v_mini_mcu.cpu_subsystem_i.cpu_0_0.rf_ram_i.memory\[328\]\[0\],17.69µm
i_core_v_mini_mcu.cpu_subsystem_i.cpu_0_0.rf_ram_i.memory\[366\]\[1\],17.69µm
i_core_v_mini_mcu.cpu_subsystem_i.cpu_1_0.rf_ram_i.memory\[129\]\[1\],17.69µm
i_core_v_mini_mcu.peripheral_subsystem_i.uart_i.uart_core.u_uart_rxfifo.gen_normal_fifo.storage\[29\],17.69µm
_16684_,17.66µm
_09720_,17.64µm
i_core_v_mini_mcu.cpu_subsystem_i.cpu_0_0.rf_ram_i.memory\[307\]\[0\],17.64µm
i_core_v_mini_mcu.cpu_subsystem_i.cpu_1_0.rf_ram_i.memory\[256\]\[0\],17.64µm
_06417_,17.56µm
_09664_,17.56µm
_15169_,17.56µm
_17844_,17.56µm
i_core_v_mini_mcu.cpu_subsystem_i.cpu_1_0.i_servile.arbiter.i_wb_cpu_dbus_adr\[22\],17.56µm
i_core_v_mini_mcu.cpu_subsystem_i.cpu_1_0.rf_ram_i.memory\[408\]\[0\],17.56µm
i_core_v_mini_mcu.memory_subsystem_i.ram0_i.tc_ram_i.sram\[9\]\[5\],17.56µm
i_core_v_mini_mcu.cpu_subsystem_i.cpu_1_0.rf_ram_i.memory\[357\]\[0\],17.54µm
_06723_,17.51µm
_07187_,17.51µm
_10333_,17.51µm
_14727_,17.51µm
_16498_,17.51µm
_21207_,17.51µm
i_core_v_mini_mcu.ao_peripheral_subsystem_i.obi_fifo_i.consumer_data_req_q\[66\],17.51µm
i_core_v_mini_mcu.ao_peripheral_subsystem_i.obi_fifo_i.consumer_data_req_q\[68\],17.51µm
i_core_v_mini_mcu.cpu_subsystem_i.cpu_0_0.i_servile.cpu.gen_align.align.ibus_rdt_concat\[0\],17.51µm
i_core_v_mini_mcu.cpu_subsystem_i.cpu_0_0.rf_ram_i.memory\[124\]\[0\],17.51µm
i_core_v_mini_mcu.cpu_subsystem_i.cpu_0_0.rf_ram_i.memory\[190\]\[0\],17.51µm
i_core_v_mini_mcu.cpu_subsystem_i.cpu_0_0.rf_ram_i.memory\[191\]\[0\],17.51µm
i_core_v_mini_mcu.cpu_subsystem_i.cpu_0_0.rf_ram_i.memory\[338\]\[1\],17.51µm
i_core_v_mini_mcu.cpu_subsystem_i.cpu_0_0.rf_ram_i.memory\[343\]\[0\],17.51µm
i_core_v_mini_mcu.cpu_subsystem_i.cpu_1_0.rf_ram_i.memory\[153\]\[1\],17.51µm
i_core_v_mini_mcu.cpu_subsystem_i.cpu_1_0.rf_ram_i.memory\[462\]\[1\],17.51µm
i_core_v_mini_mcu.memory_subsystem_i.ram0_i.tc_ram_i.sram\[22\]\[17\],17.51µm
i_core_v_mini_mcu.peripheral_subsystem_i.uart_i.uart_core.nco_sum_q\[12\],17.51µm
_01732_,17.46µm
_04229_,17.46µm
_05813_,17.46µm
_05910_,17.46µm
_06022_,17.46µm
_06182_,17.46µm
_07036_,17.46µm
_07747_,17.46µm
_07829_,17.46µm
_08643_,17.46µm
_08789_,17.46µm
_09844_,17.46µm
_09879_,17.46µm
_09981_,17.46µm
_10069_,17.46µm
_10073_,17.46µm
_10288_,17.46µm
_10661_,17.46µm
_11601_,17.46µm
_12315_,17.46µm
_12821_,17.46µm
_13558_,17.46µm
_14385_,17.46µm
_21729_,17.46µm
_21810_,17.46µm
_22022_,17.46µm
_23883_,17.46µm
_24035_,17.46µm
_26727_,17.46µm
_28098_,17.46µm
i_core_v_mini_mcu.ao_peripheral_subsystem_i.obi_fifo_i.consumer_data_req_q\[30\],17.46µm
i_core_v_mini_mcu.ao_peripheral_subsystem_i.power_manager_i.power_manager_reg_top_i.intr_state_qs\[22\],17.46µm
i_core_v_mini_mcu.ao_peripheral_subsystem_i.power_manager_i.power_manager_sequence_ram_0_switch_i.sequence_curr_state\[3\],17.46µm
i_core_v_mini_mcu.ao_peripheral_subsystem_i.power_manager_i.power_manager_sequence_ram_0_switch_i.sequence_curr_state\[4\],17.46µm
i_core_v_mini_mcu.ao_peripheral_subsystem_i.power_manager_i.reg_to_counter_cpu_powergate_switch_off_i.counter_curr_state\[2\],17.46µm
i_core_v_mini_mcu.ao_peripheral_subsystem_i.spi_subsystem_i.obi_spimemio_i.spimemio_i.buffer\[9\],17.46µm
i_core_v_mini_mcu.ao_peripheral_subsystem_i.tdu_i.task_mem\[3\]\[30\],17.46µm
i_core_v_mini_mcu.cpu_subsystem_i.cpu_0_0.i_servile.rf_ram_if.wdata1_r\[1\],17.46µm
i_core_v_mini_mcu.cpu_subsystem_i.cpu_0_0.rf_ram_i.memory\[101\]\[0\],17.46µm
i_core_v_mini_mcu.cpu_subsystem_i.cpu_0_0.rf_ram_i.memory\[104\]\[1\],17.46µm
i_core_v_mini_mcu.cpu_subsystem_i.cpu_0_0.rf_ram_i.memory\[115\]\[1\],17.46µm
i_core_v_mini_mcu.cpu_subsystem_i.cpu_0_0.rf_ram_i.memory\[155\]\[1\],17.46µm
i_core_v_mini_mcu.cpu_subsystem_i.cpu_0_0.rf_ram_i.memory\[229\]\[1\],17.46µm
i_core_v_mini_mcu.cpu_subsystem_i.cpu_0_0.rf_ram_i.memory\[238\]\[0\],17.46µm
i_core_v_mini_mcu.cpu_subsystem_i.cpu_0_0.rf_ram_i.memory\[255\]\[1\],17.46µm
i_core_v_mini_mcu.cpu_subsystem_i.cpu_0_0.rf_ram_i.memory\[444\]\[1\],17.46µm
i_core_v_mini_mcu.cpu_subsystem_i.cpu_0_0.rf_ram_i.memory\[515\]\[1\],17.46µm
i_core_v_mini_mcu.cpu_subsystem_i.cpu_0_0.rf_ram_i.memory\[530\]\[1\],17.46µm
i_core_v_mini_mcu.cpu_subsystem_i.cpu_0_0.rf_ram_i.memory\[565\]\[1\],17.46µm
i_core_v_mini_mcu.cpu_subsystem_i.cpu_1_0.rf_ram_i.memory\[201\]\[0\],17.46µm
i_core_v_mini_mcu.cpu_subsystem_i.cpu_1_0.rf_ram_i.memory\[202\]\[1\],17.46µm
i_core_v_mini_mcu.cpu_subsystem_i.cpu_1_0.rf_ram_i.memory\[234\]\[0\],17.46µm
i_core_v_mini_mcu.cpu_subsystem_i.cpu_1_0.rf_ram_i.memory\[267\]\[1\],17.46µm
i_core_v_mini_mcu.cpu_subsystem_i.cpu_1_0.rf_ram_i.memory\[414\]\[1\],17.46µm
i_core_v_mini_mcu.cpu_subsystem_i.cpu_1_0.rf_ram_i.memory\[476\]\[1\],17.46µm
i_core_v_mini_mcu.cpu_subsystem_i.cpu_1_0.rf_ram_i.memory\[5\]\[0\],17.46µm
i_core_v_mini_mcu.memory_subsystem_i.ram0_i.tc_ram_i.sram\[0\]\[9\],17.46µm
i_core_v_mini_mcu.memory_subsystem_i.ram0_i.tc_ram_i.sram\[1\]\[6\],17.46µm
i_core_v_mini_mcu.peripheral_slave_resp\[13\],17.46µm
i_core_v_mini_mcu.peripheral_subsystem_i.uart_i.hw2reg\[13\],17.46µm
i_core_v_mini_mcu.peripheral_subsystem_i.uart_i.uart_core.u_uart_txfifo.gen_normal_fifo.storage\[24\],17.46µm
_00010_,17.41µm
_00155_,17.41µm
_00232_,17.41µm
_00763_,17.41µm
_00766_,17.41µm
_00868_,17.41µm
_01210_,17.41µm
_01344_,17.41µm
_02156_,17.41µm
_02343_,17.41µm
_02653_,17.41µm
_03836_,17.41µm
_04389_,17.41µm
_04765_,17.41µm
_05140_,17.41µm
_05604_,17.41µm
_06406_,17.41µm
_06589_,17.41µm
_07234_,17.41µm
_07991_,17.41µm
_08083_,17.41µm
_08190_,17.41µm
_08242_,17.41µm
_08290_,17.41µm
_08810_,17.41µm
_09050_,17.41µm
_09612_,17.41µm
_09799_,17.41µm
_10018_,17.41µm
_10311_,17.41µm
_10419_,17.41µm
_10434_,17.41µm
_10499_,17.41µm
_11268_,17.41µm
_11671_,17.41µm
_11894_,17.41µm
_11916_,17.41µm
_12150_,17.41µm
_12361_,17.41µm
_12694_,17.41µm
_12874_,17.41µm
_13688_,17.41µm
_14364_,17.41µm
_14849_,17.41µm
_15012_,17.41µm
_15100_,17.41µm
_15236_,17.41µm
_15242_,17.41µm
_15493_,17.41µm
_16255_,17.41µm
_16404_,17.41µm
_17373_,17.41µm
_17446_,17.41µm
_17535_,17.41µm
_17565_,17.41µm
_17582_,17.41µm
_17769_,17.41µm
_18005_,17.41µm
_18158_,17.41µm
_18363_,17.41µm
_18782_,17.41µm
_19180_,17.41µm
_19433_,17.41µm
_19512_,17.41µm
_19520_,17.41µm
_19884_,17.41µm
_20090_,17.41µm
_20266_,17.41µm
_21013_,17.41µm
_21050_,17.41µm
_21235_,17.41µm
_21247_,17.41µm
_21456_,17.41µm
_21807_,17.41µm
_21989_,17.41µm
_22263_,17.41µm
_22618_,17.41µm
_23051_,17.41µm
_23059_,17.41µm
_23167_,17.41µm
_23297_,17.41µm
_23512_,17.41µm
_23880_,17.41µm
_24022_,17.41µm
_24230_,17.41µm
_25263_,17.41µm
_26073_,17.41µm
_26261_,17.41µm
_26391_,17.41µm
_26532_,17.41µm
_26618_,17.41µm
_26637_,17.41µm
_26655_,17.41µm
_27423_,17.41µm
_27482_,17.41µm
_27610_,17.41µm
_27809_,17.41µm
_28003_,17.41µm
_28097_,17.41µm
_28187_,17.41µm
_28262_,17.41µm
_28469_,17.41µm
i_core_v_mini_mcu.ao_peripheral_subsystem_i.power_manager_i.power_manager_reg_top_i.intr_state_qs\[23\],17.41µm
i_core_v_mini_mcu.ao_peripheral_subsystem_i.soc_ctrl_i.reg2hw\[13\],17.41µm
i_core_v_mini_mcu.ao_peripheral_subsystem_i.spi_subsystem_i.obi_spimemio_i.spimemio_i.rd_addr\[10\],17.41µm
i_core_v_mini_mcu.ao_peripheral_subsystem_i.tdu_i.task_mem\[5\]\[18\],17.41µm
i_core_v_mini_mcu.ao_peripheral_subsystem_i.tdu_i.task_mem\[7\]\[23\],17.41µm
i_core_v_mini_mcu.cpu_subsystem_i.cpu_0_0.rf_ram_i.memory\[170\]\[0\],17.41µm
i_core_v_mini_mcu.cpu_subsystem_i.cpu_0_0.rf_ram_i.memory\[202\]\[0\],17.41µm
i_core_v_mini_mcu.cpu_subsystem_i.cpu_0_0.rf_ram_i.memory\[227\]\[0\],17.41µm
i_core_v_mini_mcu.cpu_subsystem_i.cpu_0_0.rf_ram_i.memory\[23\]\[1\],17.41µm
i_core_v_mini_mcu.cpu_subsystem_i.cpu_0_0.rf_ram_i.memory\[275\]\[0\],17.41µm
i_core_v_mini_mcu.cpu_subsystem_i.cpu_0_0.rf_ram_i.memory\[31\]\[0\],17.41µm
i_core_v_mini_mcu.cpu_subsystem_i.cpu_0_0.rf_ram_i.memory\[43\]\[0\],17.41µm
i_core_v_mini_mcu.cpu_subsystem_i.cpu_0_0.rf_ram_i.memory\[451\]\[0\],17.41µm
i_core_v_mini_mcu.cpu_subsystem_i.cpu_0_0.rf_ram_i.memory\[477\]\[0\],17.41µm
i_core_v_mini_mcu.cpu_subsystem_i.cpu_0_0.rf_ram_i.memory\[49\]\[1\],17.41µm
i_core_v_mini_mcu.cpu_subsystem_i.cpu_0_0.rf_ram_i.memory\[62\]\[0\],17.41µm
i_core_v_mini_mcu.cpu_subsystem_i.cpu_0_0.rf_ram_i.memory\[6\]\[1\],17.41µm
i_core_v_mini_mcu.cpu_subsystem_i.cpu_0_0.rf_ram_i.memory\[77\]\[1\],17.41µm
i_core_v_mini_mcu.cpu_subsystem_i.cpu_0_0.rf_ram_i.memory\[8\]\[0\],17.41µm
i_core_v_mini_mcu.cpu_subsystem_i.cpu_1_0.i_servile.arbiter.i_wb_cpu_ibus_adr\[27\],17.41µm
i_core_v_mini_mcu.cpu_subsystem_i.cpu_1_0.rf_ram_i.memory\[167\]\[1\],17.41µm
i_core_v_mini_mcu.cpu_subsystem_i.cpu_1_0.rf_ram_i.memory\[279\]\[0\],17.41µm
i_core_v_mini_mcu.cpu_subsystem_i.cpu_1_0.rf_ram_i.memory\[27\]\[0\],17.41µm
i_core_v_mini_mcu.cpu_subsystem_i.cpu_1_0.rf_ram_i.memory\[346\]\[0\],17.41µm
i_core_v_mini_mcu.cpu_subsystem_i.cpu_1_0.rf_ram_i.memory\[354\]\[1\],17.41µm
i_core_v_mini_mcu.cpu_subsystem_i.cpu_1_0.rf_ram_i.memory\[384\]\[0\],17.41µm
i_core_v_mini_mcu.cpu_subsystem_i.cpu_1_0.rf_ram_i.memory\[395\]\[1\],17.41µm
i_core_v_mini_mcu.cpu_subsystem_i.cpu_1_0.rf_ram_i.memory\[418\]\[1\],17.41µm
i_core_v_mini_mcu.cpu_subsystem_i.cpu_1_0.rf_ram_i.memory\[42\]\[1\],17.41µm
i_core_v_mini_mcu.cpu_subsystem_i.cpu_1_0.rf_ram_i.memory\[485\]\[1\],17.41µm
i_core_v_mini_mcu.cpu_subsystem_i.cpu_1_0.rf_ram_i.memory\[73\]\[1\],17.41µm
i_core_v_mini_mcu.memory_subsystem_i.ram0_i.tc_ram_i.sram\[10\]\[31\],17.41µm
i_core_v_mini_mcu.memory_subsystem_i.ram0_i.tc_ram_i.sram\[19\]\[10\],17.41µm
i_core_v_mini_mcu.memory_subsystem_i.ram0_i.tc_ram_i.sram\[7\]\[6\],17.41µm
i_core_v_mini_mcu.peripheral_subsystem_i.uart_i.reg2hw\[118\],17.41µm
i_core_v_mini_mcu.peripheral_subsystem_i.uart_i.uart_core.allzero_cnt_q\[4\],17.41µm
i_core_v_mini_mcu.peripheral_subsystem_i.uart_i.uart_core.u_uart_txfifo.gen_normal_fifo.storage\[6\],17.41µm
_00071_,17.36µm
_00729_,17.36µm
_02140_,17.36µm
_02798_,17.36µm
_02971_,17.36µm
_03750_,17.36µm
_03879_,17.36µm
_03979_,17.36µm
_04125_,17.36µm
_04341_,17.36µm
_04852_,17.36µm
_05076_,17.36µm
_05578_,17.36µm
_06198_,17.36µm
_06730_,17.36µm
_06937_,17.36µm
_07538_,17.36µm
_07650_,17.36µm
_07875_,17.36µm
_07886_,17.36µm
_07917_,17.36µm
_08115_,17.36µm
_08247_,17.36µm
_09780_,17.36µm
_10007_,17.36µm
_10027_,17.36µm
_10104_,17.36µm
_10110_,17.36µm
_10300_,17.36µm
_10324_,17.36µm
_10403_,17.36µm
_11093_,17.36µm
_12049_,17.36µm
_12351_,17.36µm
_12774_,17.36µm
_13087_,17.36µm
_13303_,17.36µm
_13600_,17.36µm
_13933_,17.36µm
_14003_,17.36µm
_14100_,17.36µm
_14133_,17.36µm
_14205_,17.36µm
_14455_,17.36µm
_14835_,17.36µm
_15229_,17.36µm
_16076_,17.36µm
_16332_,17.36µm
_16537_,17.36µm
_16562_,17.36µm
_16596_,17.36µm
_17126_,17.36µm
_17160_,17.36µm
_17244_,17.36µm
_17689_,17.36µm
_17720_,17.36µm
_18034_,17.36µm
_18221_,17.36µm
_19014_,17.36µm
_19289_,17.36µm
_19717_,17.36µm
_19793_,17.36µm
_19857_,17.36µm
_20003_,17.36µm
_20055_,17.36µm
_20249_,17.36µm
_20432_,17.36µm
_20730_,17.36µm
_21225_,17.36µm
_21478_,17.36µm
_21527_,17.36µm
_22049_,17.36µm
_22079_,17.36µm
_22558_,17.36µm
_22582_,17.36µm
_22767_,17.36µm
_23440_,17.36µm
_23687_,17.36µm
_23860_,17.36µm
_24952_,17.36µm
_24977_,17.36µm
_25016_,17.36µm
_25052_,17.36µm
_25453_,17.36µm
_25455_,17.36µm
_25506_,17.36µm
_25695_,17.36µm
_26123_,17.36µm
_26365_,17.36µm
_26574_,17.36µm
_26630_,17.36µm
_26949_,17.36µm
_27276_,17.36µm
_27472_,17.36µm
_27563_,17.36µm
_27632_,17.36µm
_27780_,17.36µm
exit_value_int\[27\],17.36µm
i_core_v_mini_mcu.ao_peripheral_subsystem_i.obi_fifo_i.consumer_data_req_q\[41\],17.36µm
i_core_v_mini_mcu.ao_peripheral_subsystem_i.spi_subsystem_i.obi_spimemio_i.obi_to_picorv32_i.picorv32_resp_i\[12\],17.36µm
i_core_v_mini_mcu.ao_peripheral_subsystem_i.spi_subsystem_i.obi_spimemio_i.spimemio_i.buffer\[19\],17.36µm
i_core_v_mini_mcu.ao_peripheral_subsystem_i.tdu_i.active_hart_cycles_q\[2\],17.36µm
i_core_v_mini_mcu.ao_peripheral_subsystem_i.tdu_i.cpi_est_q\[42\],17.36µm
i_core_v_mini_mcu.ao_peripheral_subsystem_i.tdu_i.wake_mask_q\[0\],17.36µm
i_core_v_mini_mcu.cpu_subsystem_i.cpu_0_0.rf_ram_i.memory\[208\]\[1\],17.36µm
i_core_v_mini_mcu.cpu_subsystem_i.cpu_0_0.rf_ram_i.memory\[29\]\[1\],17.36µm
i_core_v_mini_mcu.cpu_subsystem_i.cpu_0_0.rf_ram_i.memory\[347\]\[0\],17.36µm
i_core_v_mini_mcu.cpu_subsystem_i.cpu_0_0.rf_ram_i.memory\[3\]\[0\],17.36µm
i_core_v_mini_mcu.cpu_subsystem_i.cpu_0_0.rf_ram_i.memory\[498\]\[1\],17.36µm
i_core_v_mini_mcu.cpu_subsystem_i.cpu_0_0.rf_ram_i.memory\[526\]\[1\],17.36µm
i_core_v_mini_mcu.cpu_subsystem_i.cpu_0_0.rf_ram_i.memory\[543\]\[0\],17.36µm
i_core_v_mini_mcu.cpu_subsystem_i.cpu_1_0.i_servile.arbiter.i_wb_cpu_dbus_adr\[29\],17.36µm
i_core_v_mini_mcu.cpu_subsystem_i.cpu_1_0.rf_ram_i.memory\[166\]\[0\],17.36µm
i_core_v_mini_mcu.cpu_subsystem_i.cpu_1_0.rf_ram_i.memory\[464\]\[0\],17.36µm
i_core_v_mini_mcu.cpu_subsystem_i.cpu_1_0.rf_ram_i.memory\[496\]\[1\],17.36µm
i_core_v_mini_mcu.memory_subsystem_i.ram0_i.tc_ram_i.sram\[20\]\[18\],17.36µm
i_core_v_mini_mcu.memory_subsystem_i.ram0_i.tc_ram_i.sram\[3\]\[0\],17.36µm
i_core_v_mini_mcu.memory_subsystem_i.ram0_i.tc_ram_i.sram\[9\]\[17\],17.36µm
i_core_v_mini_mcu.peripheral_subsystem_i.obi_fifo_i.consumer_data_req_q\[28\],17.36µm
i_core_v_mini_mcu.peripheral_subsystem_i.uart_i.uart_core.u_uart_txfifo.gen_normal_fifo.storage\[15\],17.36µm
i_core_v_mini_mcu.cpu_subsystem_i.cpu_0_0.rf_ram_i.memory\[276\]\[0\],17.18µm
i_core_v_mini_mcu.memory_subsystem_i.ram0_i.tc_ram_i.sram\[19\]\[21\],17.18µm
_17847_,17.05µm
_09736_,17µm
i_core_v_mini_mcu.cpu_subsystem_i.cpu_1_0.rf_ram_i.memory\[229\]\[1\],17µm
_05459_,16.95µm
_09745_,16.95µm
_09790_,16.95µm
_09827_,16.95µm
_10262_,16.95µm
_11933_,16.95µm
_14713_,16.95µm
_16915_,16.95µm
_21459_,16.95µm
_24698_,16.95µm
i_core_v_mini_mcu.ao_peripheral_subsystem_i.obi_fifo_i.consumer_data_req\[55\],16.95µm
i_core_v_mini_mcu.ao_peripheral_subsystem_i.power_manager_i.power_manager_reg_top_i.global_pointer_qs\[5\],16.95µm
i_core_v_mini_mcu.ao_peripheral_subsystem_i.soc_ctrl_i.soc_ctrl_reg_top_i.system_frequency_hz_qs\[2\],16.95µm
i_core_v_mini_mcu.cpu_subsystem_i.cpu_0_0.i_servile.arbiter.i_wb_cpu_dbus_adr\[9\],16.95µm
i_core_v_mini_mcu.cpu_subsystem_i.cpu_0_0.rf_ram_i.memory\[332\]\[0\],16.95µm
i_core_v_mini_mcu.memory_subsystem_i.ram0_i.tc_ram_i.sram\[23\]\[22\],16.95µm
i_core_v_mini_mcu.memory_subsystem_i.ram0_i.tc_ram_i.sram\[24\]\[24\],16.95µm
i_core_v_mini_mcu.peripheral_subsystem_i.uart_i.uart_core.u_uart_rxfifo.gen_normal_fifo.fifo_wptr\[0\],16.95µm
_00063_,16.9µm
_01208_,16.9µm
_04365_,16.9µm
_06366_,16.9µm
_07424_,16.9µm
_07560_,16.9µm
_08086_,16.9µm
_08898_,16.9µm
_09202_,16.9µm
_09275_,16.9µm
_09494_,16.9µm
_09510_,16.9µm
_09859_,16.9µm
_10264_,16.9µm
_10297_,16.9µm
_11451_,16.9µm
_11459_,16.9µm
_11784_,16.9µm
_13426_,16.9µm
_13599_,16.9µm
_14186_,16.9µm
_15650_,16.9µm
_20109_,16.9µm
_20351_,16.9µm
_22569_,16.9µm
_23735_,16.9µm
_24094_,16.9µm
_25290_,16.9µm
_25311_,16.9µm
_26341_,16.9µm
i_core_v_mini_mcu.ao_peripheral_subsystem_i.obi_fifo_i.consumer_data_req\[7\],16.9µm
i_core_v_mini_mcu.ao_peripheral_subsystem_i.soc_ctrl_i.soc_ctrl_reg_top_i.system_frequency_hz_qs\[30\],16.9µm
i_core_v_mini_mcu.ao_peripheral_subsystem_i.spi_subsystem_i.obi_spimemio_i.spimemio_i.state\[12\],16.9µm
i_core_v_mini_mcu.ao_peripheral_subsystem_i.tdu_i.cpi_est_q\[19\],16.9µm
i_core_v_mini_mcu.ao_peripheral_subsystem_i.tdu_i.task_mem\[6\]\[19\],16.9µm
i_core_v_mini_mcu.cpu_subsystem_i.cpu_0_0.rf_ram_i.memory\[215\]\[1\],16.9µm
i_core_v_mini_mcu.cpu_subsystem_i.cpu_0_0.rf_ram_i.memory\[299\]\[1\],16.9µm
i_core_v_mini_mcu.cpu_subsystem_i.cpu_0_0.rf_ram_i.memory\[310\]\[0\],16.9µm
i_core_v_mini_mcu.cpu_subsystem_i.cpu_0_0.rf_ram_i.memory\[321\]\[1\],16.9µm
i_core_v_mini_mcu.cpu_subsystem_i.cpu_0_0.rf_ram_i.memory\[362\]\[1\],16.9µm
i_core_v_mini_mcu.cpu_subsystem_i.cpu_0_0.rf_ram_i.memory\[388\]\[1\],16.9µm
i_core_v_mini_mcu.cpu_subsystem_i.cpu_0_0.rf_ram_i.memory\[39\]\[0\],16.9µm
i_core_v_mini_mcu.cpu_subsystem_i.cpu_0_0.rf_ram_i.memory\[560\]\[0\],16.9µm
i_core_v_mini_mcu.cpu_subsystem_i.cpu_1_0.rf_ram_i.memory\[157\]\[0\],16.9µm
i_core_v_mini_mcu.cpu_subsystem_i.cpu_1_0.rf_ram_i.memory\[33\]\[1\],16.9µm
i_core_v_mini_mcu.cpu_subsystem_i.cpu_1_0.rf_ram_i.memory\[362\]\[0\],16.9µm
i_core_v_mini_mcu.cpu_subsystem_i.cpu_1_0.rf_ram_i.memory\[391\]\[0\],16.9µm
i_core_v_mini_mcu.memory_subsystem_i.ram0_i.tc_ram_i.sram\[10\]\[16\],16.9µm
i_core_v_mini_mcu.memory_subsystem_i.ram0_i.tc_ram_i.sram\[12\]\[31\],16.9µm
i_core_v_mini_mcu.memory_subsystem_i.ram0_i.tc_ram_i.sram\[14\]\[15\],16.9µm
i_core_v_mini_mcu.memory_subsystem_i.ram0_i.tc_ram_i.sram\[22\]\[18\],16.9µm
i_core_v_mini_mcu.memory_subsystem_i.ram0_i.tc_ram_i.sram\[4\]\[21\],16.9µm
i_core_v_mini_mcu.peripheral_subsystem_i.obi_fifo_i.consumer_data_req_q\[29\],16.9µm
i_core_v_mini_mcu.peripheral_subsystem_i.uart_i.uart_core.uart_tx.sreg_q\[6\],16.9µm
i_core_v_mini_mcu.system_bus_i.system_xbar_i.gen_xbar_NtoM.i_xbar.gen_outputs\[1\].gen_rr_arb_tree.i_rr_arb_tree.gen_arbiter.rr_q\[2\],16.9µm
i_core_v_mini_mcu.memory_subsystem_i.ram0_i.tc_ram_i.sram\[6\]\[18\],16.89µm
_00383_,16.85µm
_00531_,16.85µm
_01169_,16.85µm
_01542_,16.85µm
_01847_,16.85µm
_02023_,16.85µm
_02438_,16.85µm
_02648_,16.85µm
_02882_,16.85µm
_03161_,16.85µm
_03198_,16.85µm
_03465_,16.85µm
_03753_,16.85µm
_03770_,16.85µm
_03771_,16.85µm
_04035_,16.85µm
_04371_,16.85µm
_04456_,16.85µm
_04530_,16.85µm
_04637_,16.85µm
_04785_,16.85µm
_04787_,16.85µm
_04816_,16.85µm
_05600_,16.85µm
_05830_,16.85µm
_05909_,16.85µm
_06006_,16.85µm
_06601_,16.85µm
_06674_,16.85µm
_06953_,16.85µm
_07070_,16.85µm
_07723_,16.85µm
_07880_,16.85µm
_08395_,16.85µm
_08577_,16.85µm
_08856_,16.85µm
_09113_,16.85µm
_09545_,16.85µm
_09889_,16.85µm
_09993_,16.85µm
_10001_,16.85µm
_10002_,16.85µm
_10029_,16.85µm
_10298_,16.85µm
_10455_,16.85µm
_11418_,16.85µm
_11571_,16.85µm
_11703_,16.85µm
_11776_,16.85µm
_11779_,16.85µm
_11899_,16.85µm
_11959_,16.85µm
_12190_,16.85µm
_12303_,16.85µm
_12309_,16.85µm
_12482_,16.85µm
_12753_,16.85µm
_13067_,16.85µm
_13146_,16.85µm
_13649_,16.85µm
_14263_,16.85µm
_14881_,16.85µm
_15222_,16.85µm
_15468_,16.85µm
_15601_,16.85µm
_15667_,16.85µm
_15706_,16.85µm
_15860_,16.85µm
_16554_,16.85µm
_17192_,16.85µm
_17215_,16.85µm
_17228_,16.85µm
_17501_,16.85µm
_18292_,16.85µm
_18420_,16.85µm
_18424_,16.85µm
_18428_,16.85µm
_18895_,16.85µm
_18936_,16.85µm
_19922_,16.85µm
_20082_,16.85µm
_20085_,16.85µm
_20344_,16.85µm
_20388_,16.85µm
_20569_,16.85µm
_20778_,16.85µm
_21223_,16.85µm
_21462_,16.85µm
_22023_,16.85µm
_22146_,16.85µm
_22200_,16.85µm
_22268_,16.85µm
_22310_,16.85µm
_22469_,16.85µm
_22557_,16.85µm
_22810_,16.85µm
_23148_,16.85µm
_23762_,16.85µm
_23872_,16.85µm
_23952_,16.85µm
_24031_,16.85µm
_24037_,16.85µm
_24104_,16.85µm
_24312_,16.85µm
_24797_,16.85µm
_25096_,16.85µm
_25120_,16.85µm
_25148_,16.85µm
_25527_,16.85µm
_25624_,16.85µm
_26156_,16.85µm
_26257_,16.85µm
_26611_,16.85µm
_26665_,16.85µm
_26871_,16.85µm
_26948_,16.85µm
_27041_,16.85µm
_27204_,16.85µm
_27287_,16.85µm
_27444_,16.85µm
_27535_,16.85µm
_27595_,16.85µm
_27616_,16.85µm
_27761_,16.85µm
_27792_,16.85µm
_27840_,16.85µm
_28263_,16.85µm
exit_value_int\[21\],16.85µm
i_core_v_mini_mcu.ao_peripheral_subsystem_i.obi_fifo_i.consumer_data_req\[8\],16.85µm
i_core_v_mini_mcu.ao_peripheral_subsystem_i.obi_fifo_i.consumer_data_req_q\[2\],16.85µm
i_core_v_mini_mcu.ao_peripheral_subsystem_i.obi_fifo_i.consumer_resp_i\[14\],16.85µm
i_core_v_mini_mcu.ao_peripheral_subsystem_i.power_manager_i.power_manager_reg_top_i.monitor_power_gate_core_qs\[2\],16.85µm
i_core_v_mini_mcu.ao_peripheral_subsystem_i.soc_ctrl_i.reg2hw\[3\],16.85µm
i_core_v_mini_mcu.ao_peripheral_subsystem_i.spi_subsystem_i.obi_spimemio_i.obi_to_picorv32_i.picorv32_resp_i\[14\],16.85µm
i_core_v_mini_mcu.ao_peripheral_subsystem_i.spi_subsystem_i.obi_spimemio_i.obi_to_picorv32_i.picorv32_resp_i\[20\],16.85µm
i_core_v_mini_mcu.ao_peripheral_subsystem_i.spi_subsystem_i.obi_spimemio_i.obi_to_picorv32_i.picorv32_resp_i\[4\],16.85µm
i_core_v_mini_mcu.ao_peripheral_subsystem_i.spi_subsystem_i.obi_spimemio_i.spimemio_i.xfer.obuffer\[3\],16.85µm
i_core_v_mini_mcu.ao_peripheral_subsystem_i.tdu_i.active_hart_cycles_q\[11\],16.85µm
i_core_v_mini_mcu.ao_peripheral_subsystem_i.tdu_i.rd_ptr_q\[1\],16.85µm
i_core_v_mini_mcu.ao_peripheral_subsystem_i.tdu_i.task_mem\[1\]\[28\],16.85µm
i_core_v_mini_mcu.cpu_subsystem_i.cpu_0_0.i_servile.arbiter.i_wb_cpu_dbus_adr\[15\],16.85µm
i_core_v_mini_mcu.cpu_subsystem_i.cpu_0_0.rf_ram_i.memory\[147\]\[0\],16.85µm
i_core_v_mini_mcu.cpu_subsystem_i.cpu_0_0.rf_ram_i.memory\[256\]\[0\],16.85µm
i_core_v_mini_mcu.cpu_subsystem_i.cpu_0_0.rf_ram_i.memory\[274\]\[0\],16.85µm
i_core_v_mini_mcu.cpu_subsystem_i.cpu_0_0.rf_ram_i.memory\[34\]\[1\],16.85µm
i_core_v_mini_mcu.cpu_subsystem_i.cpu_0_0.rf_ram_i.memory\[417\]\[1\],16.85µm
i_core_v_mini_mcu.cpu_subsystem_i.cpu_0_0.rf_ram_i.memory\[437\]\[0\],16.85µm
i_core_v_mini_mcu.cpu_subsystem_i.cpu_0_0.rf_ram_i.memory\[451\]\[1\],16.85µm
i_core_v_mini_mcu.cpu_subsystem_i.cpu_0_0.rf_ram_i.memory\[462\]\[1\],16.85µm
i_core_v_mini_mcu.cpu_subsystem_i.cpu_0_0.rf_ram_i.memory\[489\]\[0\],16.85µm
i_core_v_mini_mcu.cpu_subsystem_i.cpu_0_0.rf_ram_i.memory\[539\]\[1\],16.85µm
i_core_v_mini_mcu.cpu_subsystem_i.cpu_1_0.i_servile.arbiter.i_wb_cpu_dbus_adr\[8\],16.85µm
i_core_v_mini_mcu.cpu_subsystem_i.cpu_1_0.rf_ram_i.memory\[137\]\[0\],16.85µm
i_core_v_mini_mcu.cpu_subsystem_i.cpu_1_0.rf_ram_i.memory\[158\]\[0\],16.85µm
i_core_v_mini_mcu.cpu_subsystem_i.cpu_1_0.rf_ram_i.memory\[162\]\[0\],16.85µm
i_core_v_mini_mcu.cpu_subsystem_i.cpu_1_0.rf_ram_i.memory\[270\]\[0\],16.85µm
i_core_v_mini_mcu.cpu_subsystem_i.cpu_1_0.rf_ram_i.memory\[356\]\[1\],16.85µm
i_core_v_mini_mcu.cpu_subsystem_i.cpu_1_0.rf_ram_i.memory\[367\]\[0\],16.85µm
i_core_v_mini_mcu.cpu_subsystem_i.cpu_1_0.rf_ram_i.memory\[371\]\[1\],16.85µm
i_core_v_mini_mcu.cpu_subsystem_i.cpu_1_0.rf_ram_i.memory\[415\]\[1\],16.85µm
i_core_v_mini_mcu.cpu_subsystem_i.cpu_1_0.rf_ram_i.memory\[472\]\[1\],16.85µm
i_core_v_mini_mcu.memory_subsystem_i.ram0_i.tc_ram_i.sram\[13\]\[19\],16.85µm
i_core_v_mini_mcu.memory_subsystem_i.ram0_i.tc_ram_i.sram\[13\]\[25\],16.85µm
i_core_v_mini_mcu.memory_subsystem_i.ram0_i.tc_ram_i.sram\[14\]\[7\],16.85µm
i_core_v_mini_mcu.memory_subsystem_i.ram0_i.tc_ram_i.sram\[21\]\[26\],16.85µm
i_core_v_mini_mcu.memory_subsystem_i.ram0_i.tc_ram_i.sram\[24\]\[20\],16.85µm
i_core_v_mini_mcu.memory_subsystem_i.ram0_i.tc_ram_i.sram\[24\]\[26\],16.85µm
i_core_v_mini_mcu.memory_subsystem_i.ram0_i.tc_ram_i.sram\[2\]\[28\],16.85µm
i_core_v_mini_mcu.memory_subsystem_i.ram0_i.tc_ram_i.sram\[2\]\[31\],16.85µm
i_core_v_mini_mcu.memory_subsystem_i.ram0_i.tc_ram_i.sram\[4\]\[10\],16.85µm
i_core_v_mini_mcu.peripheral_subsystem_i.obi_fifo_i.consumer_resp_i\[23\],16.85µm
i_core_v_mini_mcu.peripheral_subsystem_i.obi_fifo_i.consumer_state_n,16.85µm
i_core_v_mini_mcu.peripheral_subsystem_i.uart_i.uart_core.nco_sum_q\[11\],16.85µm
i_core_v_mini_mcu.peripheral_subsystem_i.uart_i.uart_core.u_uart_txfifo.gen_normal_fifo.storage\[16\],16.85µm
i_core_v_mini_mcu.system_bus_i.gen_demux_xbar\[1\].demux_xbar_i.u_xbar_varlat.gen_inputs\[0\].i_addr_dec_resp_mux.valid_inflight_d,16.85µm
i_core_v_mini_mcu.system_bus_i.system_xbar_i.gen_xbar_NtoM.i_xbar.gen_inputs\[3\].i_addr_dec_resp_mux.gen_several_outputs.bank_sel_q\[0\],16.85µm
_01025_,16.8µm
_01552_,16.8µm
_01705_,16.8µm
_01757_,16.8µm
_01958_,16.8µm
_02697_,16.8µm
_02827_,16.8µm
_03440_,16.8µm
_03676_,16.8µm
_03940_,16.8µm
_03960_,16.8µm
_04045_,16.8µm
_05037_,16.8µm
_05709_,16.8µm
_05780_,16.8µm
_05815_,16.8µm
_05836_,16.8µm
_05919_,16.8µm
_06667_,16.8µm
_06948_,16.8µm
_07229_,16.8µm
_07469_,16.8µm
_07707_,16.8µm
_07950_,16.8µm
_08259_,16.8µm
_08291_,16.8µm
_08435_,16.8µm
_08841_,16.8µm
_08864_,16.8µm
_09079_,16.8µm
_09146_,16.8µm
_09735_,16.8µm
_09771_,16.8µm
_09989_,16.8µm
_10090_,16.8µm
_10255_,16.8µm
_10532_,16.8µm
_10979_,16.8µm
_11064_,16.8µm
_11173_,16.8µm
_11284_,16.8µm
_11990_,16.8µm
_12030_,16.8µm
_12085_,16.8µm
_12481_,16.8µm
_12747_,16.8µm
_12896_,16.8µm
_12967_,16.8µm
_13118_,16.8µm
_13745_,16.8µm
_13768_,16.8µm
_14477_,16.8µm
_14676_,16.8µm
_14685_,16.8µm
_14696_,16.8µm
_14973_,16.8µm
_15509_,16.8µm
_15700_,16.8µm
_15855_,16.8µm
_15883_,16.8µm
_15920_,16.8µm
_16291_,16.8µm
_16309_,16.8µm
_16486_,16.8µm
_17024_,16.8µm
_17278_,16.8µm
_18743_,16.8µm
_18818_,16.8µm
_19394_,16.8µm
_19698_,16.8µm
_19711_,16.8µm
_19803_,16.8µm
_19862_,16.8µm
_19867_,16.8µm
_19982_,16.8µm
_20038_,16.8µm
_20491_,16.8µm
_20721_,16.8µm
_20789_,16.8µm
_21776_,16.8µm
_22256_,16.8µm
_22572_,16.8µm
_22952_,16.8µm
_22956_,16.8µm
_23161_,16.8µm
_23298_,16.8µm
_23573_,16.8µm
_23577_,16.8µm
_23635_,16.8µm
_23713_,16.8µm
_23965_,16.8µm
_24780_,16.8µm
_24826_,16.8µm
_24828_,16.8µm
_25073_,16.8µm
_25151_,16.8µm
_25270_,16.8µm
_25287_,16.8µm
_25301_,16.8µm
_25315_,16.8µm
_25364_,16.8µm
_25484_,16.8µm
_25534_,16.8µm
_25580_,16.8µm
_25630_,16.8µm
_26488_,16.8µm
_26657_,16.8µm
_26770_,16.8µm
_27013_,16.8µm
_27027_,16.8µm
_27054_,16.8µm
_27362_,16.8µm
_27413_,16.8µm
_27801_,16.8µm
_27807_,16.8µm
_28128_,16.8µm
_28177_,16.8µm
i_core_v_mini_mcu.ao_peripheral_subsystem_i.spi_subsystem_i.obi_spimemio_i.spimemio_i.dout_data\[0\],16.8µm
i_core_v_mini_mcu.ao_peripheral_subsystem_i.spi_subsystem_i.obi_spimemio_i.spimemio_i.dout_data\[2\],16.8µm
i_core_v_mini_mcu.ao_peripheral_subsystem_i.tdu_i.cpi_est_q\[14\],16.8µm
i_core_v_mini_mcu.cpu_subsystem_i.cpu_0_0.i_servile.cpu.gen_csr.csr.timer_irq_r,16.8µm
i_core_v_mini_mcu.cpu_subsystem_i.cpu_0_0.rf_ram_i.memory\[11\]\[1\],16.8µm
i_core_v_mini_mcu.cpu_subsystem_i.cpu_0_0.rf_ram_i.memory\[330\]\[1\],16.8µm
i_core_v_mini_mcu.cpu_subsystem_i.cpu_0_0.rf_ram_i.memory\[502\]\[0\],16.8µm
i_core_v_mini_mcu.cpu_subsystem_i.cpu_0_0.rf_ram_i.memory\[508\]\[0\],16.8µm
i_core_v_mini_mcu.cpu_subsystem_i.cpu_1_0.rf_ram_i.memory\[293\]\[1\],16.8µm
i_core_v_mini_mcu.cpu_subsystem_i.cpu_1_0.rf_ram_i.memory\[449\]\[1\],16.8µm
i_core_v_mini_mcu.cpu_subsystem_i.cpu_1_0.rf_ram_i.memory\[6\]\[1\],16.8µm
i_core_v_mini_mcu.memory_subsystem_i.ram0_i.tc_ram_i.sram\[26\]\[20\],16.8µm
i_core_v_mini_mcu.memory_subsystem_i.ram0_i.tc_ram_i.sram\[29\]\[5\],16.8µm
i_core_v_mini_mcu.memory_subsystem_i.ram0_i.tc_ram_i.sram\[2\]\[21\],16.8µm
i_core_v_mini_mcu.peripheral_subsystem_i.obi_fifo_i.consumer_data_req\[16\],16.8µm
i_core_v_mini_mcu.peripheral_subsystem_i.obi_fifo_i.consumer_data_req_q\[30\],16.8µm
i_core_v_mini_mcu.cpu_subsystem_i.cpu_0_0.rf_ram_i.memory\[14\]\[1\],16.7µm
i_core_v_mini_mcu.cpu_subsystem_i.cpu_1_0.rf_ram_i.memory\[163\]\[1\],16.62µm
exit_value_int\[29\],16.57µm
i_core_v_mini_mcu.cpu_subsystem_i.cpu_0_0.rf_ram_i.memory\[500\]\[0\],16.57µm
i_core_v_mini_mcu.cpu_subsystem_i.cpu_1_0.rf_ram_i.memory\[244\]\[0\],16.57µm
i_core_v_mini_mcu.memory_subsystem_i.ram0_i.tc_ram_i.sram\[23\]\[23\],16.52µm
_18092_,16.5µm
_08909_,16.49µm
_17334_,16.49µm
_06321_,16.39µm
_06584_,16.39µm
_09054_,16.39µm
_11891_,16.39µm
_14858_,16.39µm
_17064_,16.39µm
_23508_,16.39µm
_24003_,16.39µm
_24080_,16.39µm
i_core_v_mini_mcu.cpu_subsystem_i.cpu_0_0.rf_ram_i.memory\[125\]\[1\],16.39µm
i_core_v_mini_mcu.cpu_subsystem_i.cpu_0_0.rf_ram_i.memory\[220\]\[1\],16.39µm
i_core_v_mini_mcu.cpu_subsystem_i.cpu_0_0.rf_ram_i.memory\[516\]\[0\],16.39µm
i_core_v_mini_mcu.cpu_subsystem_i.cpu_1_0.i_servile.cpu.decode.o_immdec_en\[2\],16.39µm
i_core_v_mini_mcu.cpu_subsystem_i.cpu_1_0.rf_ram_i.memory\[185\]\[1\],16.39µm
i_core_v_mini_mcu.cpu_subsystem_i.cpu_1_0.rf_ram_i.memory\[191\]\[0\],16.39µm
i_core_v_mini_mcu.cpu_subsystem_i.cpu_1_0.rf_ram_i.memory\[231\]\[1\],16.39µm
i_core_v_mini_mcu.cpu_subsystem_i.cpu_1_0.rf_ram_i.memory\[457\]\[0\],16.39µm
i_core_v_mini_mcu.memory_subsystem_i.ram0_i.tc_ram_i.sram\[6\]\[15\],16.39µm
net1605,16.39µm
_00372_,16.34µm
_02005_,16.34µm
_02265_,16.34µm
_06996_,16.34µm
_07009_,16.34µm
_07259_,16.34µm
_07362_,16.34µm
_07556_,16.34µm
_08065_,16.34µm
_08892_,16.34µm
_09680_,16.34µm
_09722_,16.34µm
_10016_,16.34µm
_10065_,16.34µm
_10105_,16.34µm
_10468_,16.34µm
_11296_,16.34µm
_12569_,16.34µm
_13616_,16.34µm
_13779_,16.34µm
_13953_,16.34µm
_13974_,16.34µm
_15199_,16.34µm
_15438_,16.34µm
_17576_,16.34µm
_17919_,16.34µm
_18296_,16.34µm
_19978_,16.34µm
_20042_,16.34µm
_22198_,16.34µm
_22592_,16.34µm
_22645_,16.34µm
_23957_,16.34µm
_23968_,16.34µm
_26980_,16.34µm
_27142_,16.34µm
exit_value_int\[22\],16.34µm
i_core_v_mini_mcu.ao_peripheral_subsystem_i.tdu_i.count_q\[3\],16.34µm
i_core_v_mini_mcu.cpu_subsystem_i.cpu_0_0.i_servile.cpu.state.ibus_cyc,16.34µm
i_core_v_mini_mcu.cpu_subsystem_i.cpu_0_0.rf_ram_i.memory\[105\]\[1\],16.34µm
i_core_v_mini_mcu.cpu_subsystem_i.cpu_0_0.rf_ram_i.memory\[212\]\[1\],16.34µm
i_core_v_mini_mcu.cpu_subsystem_i.cpu_0_0.rf_ram_i.memory\[229\]\[0\],16.34µm
i_core_v_mini_mcu.cpu_subsystem_i.cpu_0_0.rf_ram_i.memory\[23\]\[0\],16.34µm
i_core_v_mini_mcu.cpu_subsystem_i.cpu_0_0.rf_ram_i.memory\[242\]\[1\],16.34µm
i_core_v_mini_mcu.cpu_subsystem_i.cpu_0_0.rf_ram_i.memory\[252\]\[0\],16.34µm
i_core_v_mini_mcu.cpu_subsystem_i.cpu_0_0.rf_ram_i.memory\[278\]\[0\],16.34µm
i_core_v_mini_mcu.cpu_subsystem_i.cpu_0_0.rf_ram_i.memory\[304\]\[0\],16.34µm
i_core_v_mini_mcu.cpu_subsystem_i.cpu_0_0.rf_ram_i.memory\[333\]\[0\],16.34µm
i_core_v_mini_mcu.cpu_subsystem_i.cpu_1_0.rf_ram_i.memory\[116\]\[0\],16.34µm
i_core_v_mini_mcu.cpu_subsystem_i.cpu_1_0.rf_ram_i.memory\[11\]\[1\],16.34µm
i_core_v_mini_mcu.cpu_subsystem_i.cpu_1_0.rf_ram_i.memory\[171\]\[0\],16.34µm
i_core_v_mini_mcu.cpu_subsystem_i.cpu_1_0.rf_ram_i.memory\[200\]\[0\],16.34µm
i_core_v_mini_mcu.cpu_subsystem_i.cpu_1_0.rf_ram_i.memory\[216\]\[1\],16.34µm
i_core_v_mini_mcu.cpu_subsystem_i.cpu_1_0.rf_ram_i.memory\[273\]\[1\],16.34µm
i_core_v_mini_mcu.cpu_subsystem_i.cpu_1_0.rf_ram_i.memory\[365\]\[0\],16.34µm
i_core_v_mini_mcu.cpu_subsystem_i.cpu_1_0.rf_ram_i.memory\[366\]\[0\],16.34µm
i_core_v_mini_mcu.cpu_subsystem_i.cpu_1_0.rf_ram_i.memory\[387\]\[1\],16.34µm
i_core_v_mini_mcu.cpu_subsystem_i.cpu_1_0.rf_ram_i.memory\[394\]\[1\],16.34µm
i_core_v_mini_mcu.cpu_subsystem_i.cpu_1_0.rf_ram_i.memory\[438\]\[0\],16.34µm
i_core_v_mini_mcu.memory_subsystem_i.ram0_i.tc_ram_i.sram\[15\]\[18\],16.34µm
i_core_v_mini_mcu.memory_subsystem_i.ram0_i.tc_ram_i.sram\[17\]\[23\],16.34µm
i_core_v_mini_mcu.memory_subsystem_i.ram0_i.tc_ram_i.sram\[28\]\[25\],16.34µm
i_core_v_mini_mcu.memory_subsystem_i.ram0_i.tc_ram_i.sram\[6\]\[20\],16.34µm
i_core_v_mini_mcu.memory_subsystem_i.ram0_i.tc_ram_i.sram\[9\]\[27\],16.34µm
_00019_,16.29µm
_00092_,16.29µm
_00252_,16.29µm
_00274_,16.29µm
_01669_,16.29µm
_03228_,16.29µm
_03698_,16.29µm
_03942_,16.29µm
_03982_,16.29µm
_04559_,16.29µm
_05159_,16.29µm
_05219_,16.29µm
_05232_,16.29µm
_05373_,16.29µm
_05471_,16.29µm
_05930_,16.29µm
_06111_,16.29µm
_06866_,16.29µm
_06880_,16.29µm
_07208_,16.29µm
_07364_,16.29µm
_07544_,16.29µm
_07680_,16.29µm
_07905_,16.29µm
_08505_,16.29µm
_08691_,16.29µm
_09166_,16.29µm
_09409_,16.29µm
_09411_,16.29µm
_09479_,16.29µm
_09564_,16.29µm
_09851_,16.29µm
_10058_,16.29µm
_10163_,16.29µm
_10176_,16.29µm
_11070_,16.29µm
_11527_,16.29µm
_11825_,16.29µm
_11849_,16.29µm
_12244_,16.29µm
_12637_,16.29µm
_13231_,16.29µm
_13513_,16.29µm
_13573_,16.29µm
_13759_,16.29µm
_14130_,16.29µm
_14135_,16.29µm
_14274_,16.29µm
_14301_,16.29µm
_14586_,16.29µm
_15048_,16.29µm
_15352_,16.29µm
_15905_,16.29µm
_16059_,16.29µm
_16692_,16.29µm
_17052_,16.29µm
_17089_,16.29µm
_17104_,16.29µm
_17732_,16.29µm
_17889_,16.29µm
_18064_,16.29µm
_18155_,16.29µm
_18271_,16.29µm
_18780_,16.29µm
_18923_,16.29µm
_18947_,16.29µm
_19041_,16.29µm
_19160_,16.29µm
_19213_,16.29µm
_19223_,16.29µm
_19233_,16.29µm
_19380_,16.29µm
_19851_,16.29µm
_19895_,16.29µm
_20076_,16.29µm
_20233_,16.29µm
_20347_,16.29µm
_20498_,16.29µm
_20664_,16.29µm
_20933_,16.29µm
_20992_,16.29µm
_21006_,16.29µm
_21440_,16.29µm
_22092_,16.29µm
_22189_,16.29µm
_22581_,16.29µm
_22587_,16.29µm
_22605_,16.29µm
_22633_,16.29µm
_23227_,16.29µm
_23287_,16.29µm
_23290_,16.29µm
_23420_,16.29µm
_23764_,16.29µm
_23935_,16.29µm
_24320_,16.29µm
_24370_,16.29µm
_24546_,16.29µm
_24630_,16.29µm
_24747_,16.29µm
_25064_,16.29µm
_25222_,16.29µm
_25590_,16.29µm
_26095_,16.29µm
_26121_,16.29µm
_26135_,16.29µm
_26314_,16.29µm
_26403_,16.29µm
_26458_,16.29µm
_26499_,16.29µm
_26541_,16.29µm
_26601_,16.29µm
_26652_,16.29µm
_26823_,16.29µm
_26826_,16.29µm
_27126_,16.29µm
_27585_,16.29µm
_27658_,16.29µm
_27854_,16.29µm
_28167_,16.29µm
_28191_,16.29µm
_28272_,16.29µm
_28314_,16.29µm
_28362_,16.29µm
_28381_,16.29µm
exit_value_int\[18\],16.29µm
i_core_v_mini_mcu.ao_peripheral_subsystem_i.obi_fifo_i.consumer_resp_i\[11\],16.29µm
i_core_v_mini_mcu.ao_peripheral_subsystem_i.obi_fifo_i.consumer_state_q,16.29µm
i_core_v_mini_mcu.ao_peripheral_subsystem_i.soc_ctrl_i.reg2hw\[22\],16.29µm
i_core_v_mini_mcu.ao_peripheral_subsystem_i.tdu_i.cpi_est_q\[5\],16.29µm
i_core_v_mini_mcu.ao_peripheral_subsystem_i.tdu_i.task_mem\[0\]\[21\],16.29µm
i_core_v_mini_mcu.cpu_subsystem_i.cpu_0_0.clk_i,16.29µm
i_core_v_mini_mcu.cpu_subsystem_i.cpu_0_0.i_servile.arbiter.i_wb_cpu_dbus_adr\[24\],16.29µm
i_core_v_mini_mcu.cpu_subsystem_i.cpu_0_0.i_servile.cpu.ctrl.o_ibus_adr\[31\],16.29µm
i_core_v_mini_mcu.cpu_subsystem_i.cpu_0_0.i_servile.cpu.immdec.gen_immdec_w_eq_1.imm30_25\[5\],16.29µm
i_core_v_mini_mcu.cpu_subsystem_i.cpu_0_0.rf_ram_i.memory\[143\]\[0\],16.29µm
i_core_v_mini_mcu.cpu_subsystem_i.cpu_0_0.rf_ram_i.memory\[186\]\[0\],16.29µm
i_core_v_mini_mcu.cpu_subsystem_i.cpu_0_0.rf_ram_i.memory\[227\]\[1\],16.29µm
i_core_v_mini_mcu.cpu_subsystem_i.cpu_0_0.rf_ram_i.memory\[314\]\[1\],16.29µm
i_core_v_mini_mcu.cpu_subsystem_i.cpu_0_0.rf_ram_i.memory\[453\]\[1\],16.29µm
i_core_v_mini_mcu.cpu_subsystem_i.cpu_0_0.rf_ram_i.memory\[495\]\[0\],16.29µm
i_core_v_mini_mcu.cpu_subsystem_i.cpu_0_0.rf_ram_i.memory\[514\]\[0\],16.29µm
i_core_v_mini_mcu.cpu_subsystem_i.cpu_0_0.rf_ram_i.memory\[529\]\[0\],16.29µm
i_core_v_mini_mcu.cpu_subsystem_i.cpu_0_0.rf_ram_i.memory\[53\]\[1\],16.29µm
i_core_v_mini_mcu.cpu_subsystem_i.cpu_0_0.rf_ram_i.memory\[564\]\[1\],16.29µm
i_core_v_mini_mcu.cpu_subsystem_i.cpu_0_0.rf_ram_i.memory\[81\]\[1\],16.29µm
i_core_v_mini_mcu.cpu_subsystem_i.cpu_1_0.rf_ram_i.memory\[102\]\[1\],16.29µm
i_core_v_mini_mcu.cpu_subsystem_i.cpu_1_0.rf_ram_i.memory\[173\]\[1\],16.29µm
i_core_v_mini_mcu.cpu_subsystem_i.cpu_1_0.rf_ram_i.memory\[284\]\[0\],16.29µm
i_core_v_mini_mcu.cpu_subsystem_i.cpu_1_0.rf_ram_i.memory\[308\]\[1\],16.29µm
i_core_v_mini_mcu.cpu_subsystem_i.cpu_1_0.rf_ram_i.memory\[318\]\[0\],16.29µm
i_core_v_mini_mcu.cpu_subsystem_i.cpu_1_0.rf_ram_i.memory\[319\]\[1\],16.29µm
i_core_v_mini_mcu.cpu_subsystem_i.cpu_1_0.rf_ram_i.memory\[363\]\[0\],16.29µm
i_core_v_mini_mcu.cpu_subsystem_i.cpu_1_0.rf_ram_i.memory\[364\]\[1\],16.29µm
i_core_v_mini_mcu.cpu_subsystem_i.cpu_1_0.rf_ram_i.memory\[386\]\[1\],16.29µm
i_core_v_mini_mcu.cpu_subsystem_i.cpu_1_0.rf_ram_i.memory\[43\]\[0\],16.29µm
i_core_v_mini_mcu.cpu_subsystem_i.cpu_1_0.rf_ram_i.memory\[466\]\[1\],16.29µm
i_core_v_mini_mcu.cpu_subsystem_i.cpu_1_0.rf_ram_i.memory\[94\]\[0\],16.29µm
i_core_v_mini_mcu.memory_subsystem_i.ram0_i.tc_ram_i.sram\[18\]\[29\],16.29µm
i_core_v_mini_mcu.memory_subsystem_i.ram0_i.tc_ram_i.sram\[23\]\[13\],16.29µm
i_core_v_mini_mcu.memory_subsystem_i.ram0_i.tc_ram_i.sram\[23\]\[8\],16.29µm
i_core_v_mini_mcu.memory_subsystem_i.ram0_i.tc_ram_i.sram\[2\]\[5\],16.29µm
i_core_v_mini_mcu.memory_subsystem_i.ram0_i.tc_ram_i.sram\[3\]\[26\],16.29µm
i_core_v_mini_mcu.memory_subsystem_i.ram0_i.tc_ram_i.sram\[9\]\[0\],16.29µm
i_core_v_mini_mcu.memory_subsystem_i.ram0_i.tc_ram_i.sram\[9\]\[30\],16.29µm
i_core_v_mini_mcu.peripheral_slave_resp\[24\],16.29µm
i_core_v_mini_mcu.peripheral_subsystem_i.obi_fifo_i.consumer_data_req_q\[4\],16.29µm
i_core_v_mini_mcu.peripheral_subsystem_i.obi_fifo_i.consumer_resp_i\[19\],16.29µm
i_core_v_mini_mcu.peripheral_subsystem_i.obi_fifo_i.obi_resp_fifo_i.status_cnt_q\[1\],16.29µm
i_core_v_mini_mcu.peripheral_subsystem_i.uart_i.uart_core.nco_sum_q\[0\],16.29µm
i_core_v_mini_mcu.peripheral_subsystem_i.uart_i.uart_core.nco_sum_q\[4\],16.29µm
i_core_v_mini_mcu.peripheral_subsystem_i.uart_i.uart_core.rx_timeout_count_q\[19\],16.29µm
i_core_v_mini_mcu.peripheral_subsystem_i.uart_i.uart_core.u_uart_txfifo.gen_normal_fifo.storage\[8\],16.29µm
_00310_,16.24µm
_00935_,16.24µm
_01283_,16.24µm
_02138_,16.24µm
_02561_,16.24µm
_02562_,16.24µm
_02909_,16.24µm
_03685_,16.24µm
_03702_,16.24µm
_03999_,16.24µm
_04017_,16.24µm
_04321_,16.24µm
_04494_,16.24µm
_04879_,16.24µm
_04944_,16.24µm
_05185_,16.24µm
_05209_,16.24µm
_05261_,16.24µm
_05795_,16.24µm
_05964_,16.24µm
_07140_,16.24µm
_07290_,16.24µm
_07347_,16.24µm
_07447_,16.24µm
_07579_,16.24µm
_08120_,16.24µm
_08256_,16.24µm
_08268_,16.24µm
_08305_,16.24µm
_08587_,16.24µm
_08589_,16.24µm
_09180_,16.24µm
_09517_,16.24µm
_09552_,16.24µm
_09705_,16.24µm
_09822_,16.24µm
_10026_,16.24µm
_10037_,16.24µm
_10252_,16.24µm
_10291_,16.24µm
_10312_,16.24µm
_10507_,16.24µm
_10853_,16.24µm
_10856_,16.24µm
_10931_,16.24µm
_11049_,16.24µm
_11163_,16.24µm
_11238_,16.24µm
_11378_,16.24µm
_11938_,16.24µm
_11948_,16.24µm
_11953_,16.24µm
_12752_,16.24µm
_12837_,16.24µm
_12845_,16.24µm
_12886_,16.24µm
_12947_,16.24µm
_12962_,16.24µm
_13353_,16.24µm
_13719_,16.24µm
_13760_,16.24µm
_14159_,16.24µm
_14179_,16.24µm
_14809_,16.24µm
_14876_,16.24µm
_15641_,16.24µm
_15642_,16.24µm
_15792_,16.24µm
_15845_,16.24µm
_15923_,16.24µm
_16078_,16.24µm
_16601_,16.24µm
_17123_,16.24µm
_17134_,16.24µm
_17195_,16.24µm
_17569_,16.24µm
_17676_,16.24µm
_17679_,16.24µm
_17963_,16.24µm
_18302_,16.24µm
_18347_,16.24µm
_18415_,16.24µm
_18786_,16.24µm
_18812_,16.24µm
_19150_,16.24µm
_19241_,16.24µm
_19302_,16.24µm
_19359_,16.24µm
_19545_,16.24µm
_19627_,16.24µm
_20057_,16.24µm
_20092_,16.24µm
_20135_,16.24µm
_20173_,16.24µm
_20343_,16.24µm
_20616_,16.24µm
_20627_,16.24µm
_20639_,16.24µm
_20662_,16.24µm
_20682_,16.24µm
_21123_,16.24µm
_21191_,16.24µm
_21693_,16.24µm
_22009_,16.24µm
_22120_,16.24µm
_22611_,16.24µm
_22735_,16.24µm
_22838_,16.24µm
_23296_,16.24µm
_23413_,16.24µm
_23519_,16.24µm
_23535_,16.24µm
_23559_,16.24µm
_23668_,16.24µm
_23987_,16.24µm
_23990_,16.24µm
_24146_,16.24µm
_24592_,16.24µm
_24741_,16.24µm
_24877_,16.24µm
_25541_,16.24µm
_26256_,16.24µm
_26328_,16.24µm
_26384_,16.24µm
_26625_,16.24µm
_26664_,16.24µm
_26972_,16.24µm
_27234_,16.24µm
_27310_,16.24µm
_27359_,16.24µm
_27714_,16.24µm
_27857_,16.24µm
_27971_,16.24µm
_28352_,16.24µm
i_core_v_mini_mcu.ao_peripheral_subsystem_i.obi_fifo_i.consumer_data_req_q\[63\],16.24µm
i_core_v_mini_mcu.ao_peripheral_subsystem_i.periph_to_reg_i.r_rdata_d\[15\],16.24µm
i_core_v_mini_mcu.ao_peripheral_subsystem_i.power_manager_i.power_manager_reg_top_i.intr_state_qs\[4\],16.24µm
i_core_v_mini_mcu.ao_peripheral_subsystem_i.tdu_i.cpi_est_q\[54\],16.24µm
i_core_v_mini_mcu.cpu_subsystem_i.cpu_0_0.rf_ram_i.memory\[123\]\[0\],16.24µm
i_core_v_mini_mcu.cpu_subsystem_i.cpu_0_0.rf_ram_i.memory\[159\]\[1\],16.24µm
i_core_v_mini_mcu.cpu_subsystem_i.cpu_0_0.rf_ram_i.memory\[166\]\[0\],16.24µm
i_core_v_mini_mcu.cpu_subsystem_i.cpu_0_0.rf_ram_i.memory\[192\]\[1\],16.24µm
i_core_v_mini_mcu.cpu_subsystem_i.cpu_0_0.rf_ram_i.memory\[247\]\[1\],16.24µm
i_core_v_mini_mcu.cpu_subsystem_i.cpu_0_0.rf_ram_i.memory\[358\]\[0\],16.24µm
i_core_v_mini_mcu.cpu_subsystem_i.cpu_0_0.rf_ram_i.memory\[468\]\[0\],16.24µm
i_core_v_mini_mcu.cpu_subsystem_i.cpu_0_0.rf_ram_i.memory\[493\]\[1\],16.24µm
i_core_v_mini_mcu.cpu_subsystem_i.cpu_0_0.rf_ram_i.memory\[499\]\[1\],16.24µm
i_core_v_mini_mcu.cpu_subsystem_i.cpu_0_0.rf_ram_i.memory\[518\]\[1\],16.24µm
i_core_v_mini_mcu.cpu_subsystem_i.cpu_0_0.rf_ram_i.memory\[556\]\[0\],16.24µm
i_core_v_mini_mcu.cpu_subsystem_i.cpu_1_0.i_servile.arbiter.i_wb_cpu_ibus_adr\[12\],16.24µm
i_core_v_mini_mcu.cpu_subsystem_i.cpu_1_0.rf_ram_i.memory\[109\]\[0\],16.24µm
i_core_v_mini_mcu.cpu_subsystem_i.cpu_1_0.rf_ram_i.memory\[207\]\[1\],16.24µm
i_core_v_mini_mcu.cpu_subsystem_i.cpu_1_0.rf_ram_i.memory\[289\]\[0\],16.24µm
i_core_v_mini_mcu.cpu_subsystem_i.cpu_1_0.rf_ram_i.memory\[354\]\[0\],16.24µm
i_core_v_mini_mcu.cpu_subsystem_i.cpu_1_0.rf_ram_i.memory\[392\]\[1\],16.24µm
i_core_v_mini_mcu.memory_subsystem_i.ram0_i.tc_ram_i.r_addr_q\[4\],16.24µm
i_core_v_mini_mcu.memory_subsystem_i.ram0_i.tc_ram_i.sram\[29\]\[3\],16.24µm
i_core_v_mini_mcu.memory_subsystem_i.ram0_i.tc_ram_i.sram\[30\]\[16\],16.24µm
i_core_v_mini_mcu.peripheral_subsystem_i.uart_i.uart_core.rx_sync_q1,16.24µm
i_core_v_mini_mcu.peripheral_subsystem_i.uart_i.uart_core.rx_timeout_count_q\[17\],16.24µm
_03720_,16.18µm
i_core_v_mini_mcu.cpu_subsystem_i.cpu_0_0.rf_ram_i.memory\[59\]\[0\],16.01µm
_17308_,15.98µm
i_core_v_mini_mcu.cpu_subsystem_i.cpu_0_0.rf_ram_i.memory\[486\]\[0\],15.96µm
_06215_,15.88µm
_06556_,15.88µm
_15279_,15.88µm
i_core_v_mini_mcu.ao_peripheral_subsystem_i.power_manager_i.power_manager_sequence_periph_switch_i.sequence_curr_state\[1\],15.88µm
i_core_v_mini_mcu.ao_peripheral_subsystem_i.tdu_i.cpi_est_q\[45\],15.88µm
_05768_,15.83µm
_06634_,15.83µm
_08932_,15.83µm
_17296_,15.83µm
i_core_v_mini_mcu.ao_peripheral_subsystem_i.obi_fifo_i.consumer_data_req_q\[8\],15.83µm
i_core_v_mini_mcu.cpu_subsystem_i.cpu_0_0.rf_ram_i.memory\[102\]\[0\],15.83µm
i_core_v_mini_mcu.cpu_subsystem_i.cpu_0_0.rf_ram_i.memory\[14\]\[0\],15.83µm
i_core_v_mini_mcu.cpu_subsystem_i.cpu_0_0.rf_ram_i.memory\[329\]\[1\],15.83µm
i_core_v_mini_mcu.cpu_subsystem_i.cpu_0_0.rf_ram_i.memory\[351\]\[0\],15.83µm
i_core_v_mini_mcu.cpu_subsystem_i.cpu_0_0.rf_ram_i.memory\[552\]\[0\],15.83µm
i_core_v_mini_mcu.cpu_subsystem_i.cpu_0_0.rf_ram_i.memory\[8\]\[1\],15.83µm
i_core_v_mini_mcu.cpu_subsystem_i.cpu_0_0.rf_ram_i.memory\[94\]\[1\],15.83µm
i_core_v_mini_mcu.cpu_subsystem_i.cpu_1_0.i_servile.cpu.ctrl.pc_plus_4_cy_r,15.83µm
i_core_v_mini_mcu.cpu_subsystem_i.cpu_1_0.rf_ram_i.memory\[369\]\[1\],15.83µm
i_core_v_mini_mcu.cpu_subsystem_i.cpu_1_0.rf_ram_i.memory\[482\]\[0\],15.83µm
i_core_v_mini_mcu.memory_subsystem_i.ram0_i.tc_ram_i.sram\[12\]\[27\],15.83µm
i_core_v_mini_mcu.memory_subsystem_i.ram0_i.tc_ram_i.sram\[18\]\[17\],15.83µm
i_core_v_mini_mcu.memory_subsystem_i.ram0_i.tc_ram_i.sram\[31\]\[4\],15.83µm
i_core_v_mini_mcu.memory_subsystem_i.ram0_i.tc_ram_i.sram\[6\]\[14\],15.815µm
_00231_,15.78µm
_00832_,15.78µm
_04351_,15.78µm
_04449_,15.78µm
_05683_,15.78µm
_05714_,15.78µm
_05755_,15.78µm
_05787_,15.78µm
_06400_,15.78µm
_06463_,15.78µm
_07821_,15.78µm
_07830_,15.78µm
_08740_,15.78µm
_08822_,15.78µm
_08963_,15.78µm
_09876_,15.78µm
_09965_,15.78µm
_10137_,15.78µm
_10222_,15.78µm
_10296_,15.78µm
_11999_,15.78µm
_13936_,15.78µm
_14355_,15.78µm
_15570_,15.78µm
_18147_,15.78µm
_18250_,15.78µm
_19615_,15.78µm
_20629_,15.78µm
_21302_,15.78µm
_21557_,15.78µm
_21809_,15.78µm
_21880_,15.78µm
_22333_,15.78µm
_23071_,15.78µm
_23918_,15.78µm
_24141_,15.78µm
_25866_,15.78µm
i_core_v_mini_mcu.ao_peripheral_subsystem_i.obi_fifo_i.consumer_data_req_q\[43\],15.78µm
i_core_v_mini_mcu.ao_peripheral_subsystem_i.obi_fifo_i.consumer_data_req_q\[53\],15.78µm
i_core_v_mini_mcu.ao_peripheral_subsystem_i.tdu_i.cpi_est_q\[53\],15.78µm
i_core_v_mini_mcu.ao_peripheral_subsystem_i.tdu_i.task_mem\[5\]\[19\],15.78µm
i_core_v_mini_mcu.cpu_subsystem_i.cpu_0_0.i_servile.cpu.alu.i_cmp_sig,15.78µm
i_core_v_mini_mcu.cpu_subsystem_i.cpu_0_0.i_servile.cpu.decode.o_immdec_en\[2\],15.78µm
i_core_v_mini_mcu.cpu_subsystem_i.cpu_0_0.mem_outstanding_q,15.78µm
i_core_v_mini_mcu.cpu_subsystem_i.cpu_0_0.rf_ram_i.memory\[129\]\[0\],15.78µm
i_core_v_mini_mcu.cpu_subsystem_i.cpu_0_0.rf_ram_i.memory\[171\]\[0\],15.78µm
i_core_v_mini_mcu.cpu_subsystem_i.cpu_0_0.rf_ram_i.memory\[172\]\[0\],15.78µm
i_core_v_mini_mcu.cpu_subsystem_i.cpu_0_0.rf_ram_i.memory\[238\]\[1\],15.78µm
i_core_v_mini_mcu.cpu_subsystem_i.cpu_0_0.rf_ram_i.memory\[252\]\[1\],15.78µm
i_core_v_mini_mcu.cpu_subsystem_i.cpu_0_0.rf_ram_i.memory\[295\]\[0\],15.78µm
i_core_v_mini_mcu.cpu_subsystem_i.cpu_0_0.rf_ram_i.memory\[391\]\[1\],15.78µm
i_core_v_mini_mcu.cpu_subsystem_i.cpu_0_0.rf_ram_i.memory\[395\]\[0\],15.78µm
i_core_v_mini_mcu.cpu_subsystem_i.cpu_0_0.rf_ram_i.memory\[510\]\[0\],15.78µm
i_core_v_mini_mcu.cpu_subsystem_i.cpu_0_0.rf_ram_i.memory\[570\]\[1\],15.78µm
i_core_v_mini_mcu.cpu_subsystem_i.cpu_0_0.rf_ram_i.memory\[86\]\[0\],15.78µm
i_core_v_mini_mcu.cpu_subsystem_i.cpu_1_0.rf_ram_i.memory\[142\]\[1\],15.78µm
i_core_v_mini_mcu.cpu_subsystem_i.cpu_1_0.rf_ram_i.memory\[190\]\[0\],15.78µm
i_core_v_mini_mcu.cpu_subsystem_i.cpu_1_0.rf_ram_i.memory\[216\]\[0\],15.78µm
i_core_v_mini_mcu.cpu_subsystem_i.cpu_1_0.rf_ram_i.memory\[223\]\[0\],15.78µm
i_core_v_mini_mcu.cpu_subsystem_i.cpu_1_0.rf_ram_i.memory\[277\]\[0\],15.78µm
i_core_v_mini_mcu.cpu_subsystem_i.cpu_1_0.rf_ram_i.memory\[358\]\[1\],15.78µm
i_core_v_mini_mcu.cpu_subsystem_i.cpu_1_0.rf_ram_i.memory\[374\]\[1\],15.78µm
i_core_v_mini_mcu.cpu_subsystem_i.cpu_1_0.rf_ram_i.memory\[440\]\[1\],15.78µm
i_core_v_mini_mcu.cpu_subsystem_i.cpu_1_0.rf_ram_i.memory\[459\]\[0\],15.78µm
i_core_v_mini_mcu.cpu_subsystem_i.cpu_1_0.rf_ram_i.memory\[495\]\[0\],15.78µm
i_core_v_mini_mcu.memory_subsystem_i.ram0_i.rdata_o\[8\],15.78µm
i_core_v_mini_mcu.memory_subsystem_i.ram0_i.tc_ram_i.sram\[0\]\[26\],15.78µm
i_core_v_mini_mcu.memory_subsystem_i.ram0_i.tc_ram_i.sram\[4\]\[24\],15.78µm
i_core_v_mini_mcu.memory_subsystem_i.ram0_i.tc_ram_i.sram\[6\]\[12\],15.78µm
i_core_v_mini_mcu.peripheral_subsystem_i.uart_i.uart_core.nco_sum_q\[6\],15.78µm
_00027_,15.73µm
_00357_,15.73µm
_01281_,15.73µm
_01321_,15.73µm
_01523_,15.73µm
_01748_,15.73µm
_02338_,15.73µm
_02392_,15.73µm
_03500_,15.73µm
_03731_,15.73µm
_03735_,15.73µm
_03958_,15.73µm
_04060_,15.73µm
_04097_,15.73µm
_04098_,15.73µm
_04338_,15.73µm
_04460_,15.73µm
_04806_,15.73µm
_04922_,15.73µm
_05249_,15.73µm
_05259_,15.73µm
_06129_,15.73µm
_06143_,15.73µm
_06324_,15.73µm
_06769_,15.73µm
_06785_,15.73µm
_06802_,15.73µm
_06956_,15.73µm
_06999_,15.73µm
_07181_,15.73µm
_07986_,15.73µm
_08477_,15.73µm
_08823_,15.73µm
_09064_,15.73µm
_09523_,15.73µm
_09535_,15.73µm
_09649_,15.73µm
_09723_,15.73µm
_10140_,15.73µm
_10203_,15.73µm
_10325_,15.73µm
_10842_,15.73µm
_10977_,15.73µm
_11027_,15.73µm
_11176_,15.73µm
_11189_,15.73µm
_11226_,15.73µm
_11324_,15.73µm
_11533_,15.73µm
_11649_,15.73µm
_12348_,15.73µm
_12634_,15.73µm
_12889_,15.73µm
_13078_,15.73µm
_13198_,15.73µm
_13320_,15.73µm
_13996_,15.73µm
_14121_,15.73µm
_14141_,15.73µm
_14163_,15.73µm
_14230_,15.73µm
_15361_,15.73µm
_15408_,15.73µm
_15486_,15.73µm
_15948_,15.73µm
_15973_,15.73µm
_16263_,15.73µm
_16406_,15.73µm
_16522_,15.73µm
_16618_,15.73µm
_16907_,15.73µm
_17149_,15.73µm
_17563_,15.73µm
_17623_,15.73µm
_18032_,15.73µm
_18054_,15.73µm
_18382_,15.73µm
_18893_,15.73µm
_18913_,15.73µm
_18998_,15.73µm
_19169_,15.73µm
_19423_,15.73µm
_19480_,15.73µm
_19802_,15.73µm
_19925_,15.73µm
_19928_,15.73µm
_20017_,15.73µm
_20018_,15.73µm
_20418_,15.73µm
_20435_,15.73µm
_20493_,15.73µm
_20502_,15.73µm
_20766_,15.73µm
_20845_,15.73µm
_20923_,15.73µm
_20975_,15.73µm
_21138_,15.73µm
_21159_,15.73µm
_21206_,15.73µm
_21565_,15.73µm
_21851_,15.73µm
_22963_,15.73µm
_23038_,15.73µm
_23080_,15.73µm
_23113_,15.73µm
_23178_,15.73µm
_23360_,15.73µm
_23515_,15.73µm
_23517_,15.73µm
_23550_,15.73µm
_23622_,15.73µm
_23745_,15.73µm
_23930_,15.73µm
_24188_,15.73µm
_24429_,15.73µm
_24571_,15.73µm
_24606_,15.73µm
_24874_,15.73µm
_25054_,15.73µm
_25118_,15.73µm
_25860_,15.73µm
_25998_,15.73µm
_26040_,15.73µm
_26904_,15.73µm
_26946_,15.73µm
_27147_,15.73µm
_27352_,15.73µm
_27550_,15.73µm
_27615_,15.73µm
_27771_,15.73µm
_27795_,15.73µm
_27850_,15.73µm
_27921_,15.73µm
_27950_,15.73µm
_28376_,15.73µm
i_core_v_mini_mcu.ao_peripheral_subsystem_i.power_manager_i.power_manager_reg_top_i.ram_0_retentive_qs,15.73µm
i_core_v_mini_mcu.ao_peripheral_subsystem_i.spi_subsystem_i.obi_spimemio_i.obi_to_picorv32_i.picorv32_resp_i\[2\],15.73µm
i_core_v_mini_mcu.ao_peripheral_subsystem_i.tdu_i.task_mem\[1\]\[1\],15.73µm
i_core_v_mini_mcu.ao_peripheral_subsystem_i.tdu_i.task_mem\[7\]\[1\],15.73µm
i_core_v_mini_mcu.cpu_subsystem_i.cpu_0_0.rf_ram_i.memory\[175\]\[0\],15.73µm
i_core_v_mini_mcu.cpu_subsystem_i.cpu_0_0.rf_ram_i.memory\[197\]\[0\],15.73µm
i_core_v_mini_mcu.cpu_subsystem_i.cpu_0_0.rf_ram_i.memory\[204\]\[1\],15.73µm
i_core_v_mini_mcu.cpu_subsystem_i.cpu_0_0.rf_ram_i.memory\[372\]\[1\],15.73µm
i_core_v_mini_mcu.cpu_subsystem_i.cpu_0_0.rf_ram_i.memory\[46\]\[1\],15.73µm
i_core_v_mini_mcu.cpu_subsystem_i.cpu_0_0.rf_ram_i.memory\[532\]\[0\],15.73µm
i_core_v_mini_mcu.cpu_subsystem_i.cpu_1_0.i_servile.arbiter.i_wb_cpu_ibus_adr\[11\],15.73µm
i_core_v_mini_mcu.cpu_subsystem_i.cpu_1_0.rf_ram_i.memory\[115\]\[1\],15.73µm
i_core_v_mini_mcu.cpu_subsystem_i.cpu_1_0.rf_ram_i.memory\[118\]\[1\],15.73µm
i_core_v_mini_mcu.cpu_subsystem_i.cpu_1_0.rf_ram_i.memory\[228\]\[0\],15.73µm
i_core_v_mini_mcu.cpu_subsystem_i.cpu_1_0.rf_ram_i.memory\[265\]\[0\],15.73µm
i_core_v_mini_mcu.cpu_subsystem_i.cpu_1_0.rf_ram_i.memory\[278\]\[1\],15.73µm
i_core_v_mini_mcu.cpu_subsystem_i.cpu_1_0.rf_ram_i.memory\[315\]\[0\],15.73µm
i_core_v_mini_mcu.cpu_subsystem_i.cpu_1_0.rf_ram_i.memory\[336\]\[1\],15.73µm
i_core_v_mini_mcu.cpu_subsystem_i.cpu_1_0.rf_ram_i.memory\[339\]\[1\],15.73µm
i_core_v_mini_mcu.cpu_subsystem_i.cpu_1_0.rf_ram_i.memory\[457\]\[1\],15.73µm
i_core_v_mini_mcu.cpu_subsystem_i.cpu_1_0.rf_ram_i.memory\[465\]\[1\],15.73µm
i_core_v_mini_mcu.cpu_subsystem_i.cpu_1_0.rf_ram_i.memory\[70\]\[0\],15.73µm
i_core_v_mini_mcu.cpu_subsystem_i.cpu_1_0.rf_ram_i.memory\[78\]\[0\],15.73µm
i_core_v_mini_mcu.memory_subsystem_i.ram0_i.tc_ram_i.sram\[0\]\[15\],15.73µm
i_core_v_mini_mcu.memory_subsystem_i.ram0_i.tc_ram_i.sram\[13\]\[3\],15.73µm
i_core_v_mini_mcu.memory_subsystem_i.ram0_i.tc_ram_i.sram\[17\]\[17\],15.73µm
i_core_v_mini_mcu.memory_subsystem_i.ram0_i.tc_ram_i.sram\[1\]\[20\],15.73µm
i_core_v_mini_mcu.memory_subsystem_i.ram0_i.tc_ram_i.sram\[1\]\[28\],15.73µm
i_core_v_mini_mcu.memory_subsystem_i.ram0_i.tc_ram_i.sram\[20\]\[25\],15.73µm
i_core_v_mini_mcu.memory_subsystem_i.ram0_i.tc_ram_i.sram\[22\]\[19\],15.73µm
i_core_v_mini_mcu.memory_subsystem_i.ram0_i.tc_ram_i.sram\[2\]\[0\],15.73µm
i_core_v_mini_mcu.memory_subsystem_i.ram0_i.tc_ram_i.sram\[30\]\[19\],15.73µm
i_core_v_mini_mcu.memory_subsystem_i.ram0_i.tc_ram_i.sram\[9\]\[9\],15.73µm
i_core_v_mini_mcu.peripheral_subsystem_i.obi_fifo_i.consumer_resp_i\[15\],15.73µm
i_core_v_mini_mcu.peripheral_subsystem_i.obi_fifo_i.consumer_resp_i\[31\],15.73µm
i_core_v_mini_mcu.peripheral_subsystem_i.uart_i.reg2hw\[115\],15.73µm
_00308_,15.68µm
_00450_,15.68µm
_00886_,15.68µm
_01584_,15.68µm
_02406_,15.68µm
_02566_,15.68µm
_02857_,15.68µm
_03789_,15.68µm
_03819_,15.68µm
_04141_,15.68µm
_04483_,15.68µm
_04802_,15.68µm
_04855_,15.68µm
_04913_,15.68µm
_05550_,15.68µm
_05700_,15.68µm
_06077_,15.68µm
_06089_,15.68µm
_07062_,15.68µm
_07496_,15.68µm
_07936_,15.68µm
_08210_,15.68µm
_08585_,15.68µm
_08658_,15.68µm
_08813_,15.68µm
_09078_,15.68µm
_09340_,15.68µm
_09445_,15.68µm
_09495_,15.68µm
_09553_,15.68µm
_09575_,15.68µm
_09585_,15.68µm
_10089_,15.68µm
_10109_,15.68µm
_10619_,15.68µm
_10888_,15.68µm
_10912_,15.68µm
_11377_,15.68µm
_11439_,15.68µm
_11497_,15.68µm
_11617_,15.68µm
_11885_,15.68µm
_12082_,15.68µm
_12135_,15.68µm
_12531_,15.68µm
_12791_,15.68µm
_12830_,15.68µm
_13015_,15.68µm
_13039_,15.68µm
_13267_,15.68µm
_13277_,15.68µm
_13395_,15.68µm
_13572_,15.68µm
_13708_,15.68µm
_13748_,15.68µm
_13773_,15.68µm
_14020_,15.68µm
_14246_,15.68µm
_14935_,15.68µm
_15324_,15.68µm
_15332_,15.68µm
_15931_,15.68µm
_16175_,15.68µm
_16312_,15.68µm
_16352_,15.68µm
_16377_,15.68µm
_16736_,15.68µm
_17252_,15.68µm
_17892_,15.68µm
_18111_,15.68µm
_18231_,15.68µm
_18236_,15.68µm
_18707_,15.68µm
_18758_,15.68µm
_18910_,15.68µm
_19013_,15.68µm
_19225_,15.68µm
_19270_,15.68µm
_19281_,15.68µm
_19405_,15.68µm
_19536_,15.68µm
_19549_,15.68µm
_19648_,15.68µm
_19681_,15.68µm
_20384_,15.68µm
_20428_,15.68µm
_20451_,15.68µm
_20501_,15.68µm
_20782_,15.68µm
_21101_,15.68µm
_21148_,15.68µm
_21151_,15.68µm
_22065_,15.68µm
_22098_,15.68µm
_22158_,15.68µm
_22166_,15.68µm
_22271_,15.68µm
_22278_,15.68µm
_22308_,15.68µm
_22970_,15.68µm
_23064_,15.68µm
_23942_,15.68µm
_24153_,15.68µm
_24544_,15.68µm
_24765_,15.68µm
_24892_,15.68µm
_24908_,15.68µm
_25389_,15.68µm
_25781_,15.68µm
_25935_,15.68µm
_26056_,15.68µm
_26075_,15.68µm
_26091_,15.68µm
_26342_,15.68µm
_26389_,15.68µm
_26491_,15.68µm
_26780_,15.68µm
_27008_,15.68µm
_27075_,15.68µm
_27193_,15.68µm
_27197_,15.68µm
_27346_,15.68µm
_27525_,15.68µm
_27530_,15.68µm
_27663_,15.68µm
_27670_,15.68µm
_27696_,15.68µm
_27733_,15.68µm
_28145_,15.68µm
_28319_,15.68µm
i_core_v_mini_mcu.ao_peripheral_subsystem_i.soc_ctrl_i.soc_ctrl_reg_top_i.system_frequency_hz_qs\[23\],15.68µm
i_core_v_mini_mcu.ao_peripheral_subsystem_i.tdu_i.active_hart_cycles_q\[7\],15.68µm
i_core_v_mini_mcu.ao_peripheral_subsystem_i.tdu_i.task_mem\[5\]\[30\],15.68µm
i_core_v_mini_mcu.cpu_subsystem_i.cpu_0_0.rf_ram_i.memory\[102\]\[1\],15.68µm
i_core_v_mini_mcu.cpu_subsystem_i.cpu_0_0.rf_ram_i.memory\[560\]\[1\],15.68µm
i_core_v_mini_mcu.cpu_subsystem_i.cpu_1_0.rf_ram_i.memory\[134\]\[0\],15.68µm
i_core_v_mini_mcu.cpu_subsystem_i.cpu_1_0.rf_ram_i.memory\[156\]\[0\],15.68µm
i_core_v_mini_mcu.cpu_subsystem_i.cpu_1_0.rf_ram_i.memory\[210\]\[0\],15.68µm
i_core_v_mini_mcu.memory_subsystem_i.ram0_i.tc_ram_i.sram\[11\]\[0\],15.68µm
i_core_v_mini_mcu.memory_subsystem_i.ram0_i.tc_ram_i.sram\[30\]\[7\],15.68µm
i_core_v_mini_mcu.memory_subsystem_i.ram0_i.tc_ram_i.sram\[3\]\[12\],15.68µm
i_core_v_mini_mcu.peripheral_subsystem_i.uart_i.uart_core.u_uart_rxfifo.gen_normal_fifo.storage\[17\],15.68µm
i_core_v_mini_mcu.peripheral_subsystem_i.uart_i.uart_core.u_uart_rxfifo.gen_normal_fifo.storage\[5\],15.68µm
i_core_v_mini_mcu.cpu_subsystem_i.cpu_0_0.rf_ram_i.memory\[370\]\[1\],15.45µm
i_core_v_mini_mcu.cpu_subsystem_i.cpu_0_0.rf_ram_i.memory\[447\]\[0\],15.45µm
_12596_,15.4µm
_25694_,15.4µm
_14822_,15.32µm
_14851_,15.32µm
_01481_,15.27µm
_02404_,15.27µm
_03162_,15.27µm
_05606_,15.27µm
_09355_,15.27µm
_10435_,15.27µm
_21385_,15.27µm
_21750_,15.27µm
_23015_,15.27µm
i_core_v_mini_mcu.ao_peripheral_subsystem_i.obi_fifo_i.obi_req_fifo_i.status_cnt_q\[1\],15.27µm
i_core_v_mini_mcu.ao_peripheral_subsystem_i.soc_ctrl_i.soc_ctrl_reg_top_i.system_frequency_hz_qs\[29\],15.27µm
i_core_v_mini_mcu.cpu_subsystem_i.cpu_0_0.rf_ram_i.memory\[311\]\[1\],15.27µm
i_core_v_mini_mcu.cpu_subsystem_i.cpu_0_0.rf_ram_i.memory\[388\]\[0\],15.27µm
i_core_v_mini_mcu.cpu_subsystem_i.cpu_0_0.rf_ram_i.memory\[466\]\[1\],15.27µm
i_core_v_mini_mcu.cpu_subsystem_i.cpu_0_0.rf_ram_i.memory\[7\]\[0\],15.27µm
i_core_v_mini_mcu.cpu_subsystem_i.cpu_1_0.rf_ram_i.memory\[171\]\[1\],15.27µm
i_core_v_mini_mcu.cpu_subsystem_i.cpu_1_0.rf_ram_i.memory\[426\]\[1\],15.27µm
i_core_v_mini_mcu.cpu_subsystem_i.cpu_1_0.rf_ram_i.memory\[439\]\[1\],15.27µm
i_core_v_mini_mcu.cpu_subsystem_i.cpu_1_0.rf_ram_i.memory\[444\]\[0\],15.27µm
i_core_v_mini_mcu.cpu_subsystem_i.cpu_1_0.rf_ram_i.memory\[511\]\[0\],15.27µm
i_core_v_mini_mcu.peripheral_subsystem_i.obi_fifo_i.consumer_data_req_q\[67\],15.27µm
i_core_v_mini_mcu.peripheral_subsystem_i.uart_i.uart_core.u_uart_rxfifo.gen_normal_fifo.storage\[28\],15.27µm
i_core_v_mini_mcu.system_bus_i.system_xbar_i.gen_xbar_NtoM.i_xbar.gen_outputs\[5\].gen_rr_arb_tree.i_rr_arb_tree.gen_arbiter.rr_q\[0\],15.27µm
_02027_,15.22µm
_04521_,15.22µm
_05487_,15.22µm
_06437_,15.22µm
_06684_,15.22µm
_08875_,15.22µm
_09060_,15.22µm
_09252_,15.22µm
_09773_,15.22µm
_09832_,15.22µm
_09996_,15.22µm
_10071_,15.22µm
_10323_,15.22µm
_14254_,15.22µm
_14277_,15.22µm
_18372_,15.22µm
_20689_,15.22µm
_22626_,15.22µm
_24041_,15.22µm
_24372_,15.22µm
_26089_,15.22µm
_27064_,15.22µm
_27264_,15.22µm
_27629_,15.22µm
exit_value_int\[10\],15.22µm
i_core_v_mini_mcu.ao_peripheral_subsystem_i.power_manager_i.power_manager_reg_top_i.cpu_iso_on_counter_qs\[10\],15.22µm
i_core_v_mini_mcu.ao_peripheral_subsystem_i.power_manager_i.power_manager_reg_top_i.global_pointer_qs\[18\],15.22µm
i_core_v_mini_mcu.ao_peripheral_subsystem_i.soc_ctrl_i.soc_ctrl_reg_top_i.system_frequency_hz_qs\[27\],15.22µm
i_core_v_mini_mcu.ao_peripheral_subsystem_i.tdu_i.task_mem\[6\]\[11\],15.22µm
i_core_v_mini_mcu.core_data_req\[82\],15.22µm
i_core_v_mini_mcu.core_data_req\[91\],15.22µm
i_core_v_mini_mcu.cpu_subsystem_i.cpu_0_0.i_servile.cpu.state.gen_csr.misalign_trap_sync_r,15.22µm
i_core_v_mini_mcu.cpu_subsystem_i.cpu_0_0.rf_ram_i.memory\[103\]\[1\],15.22µm
i_core_v_mini_mcu.cpu_subsystem_i.cpu_0_0.rf_ram_i.memory\[179\]\[0\],15.22µm
i_core_v_mini_mcu.cpu_subsystem_i.cpu_0_0.rf_ram_i.memory\[295\]\[1\],15.22µm
i_core_v_mini_mcu.cpu_subsystem_i.cpu_0_0.rf_ram_i.memory\[296\]\[1\],15.22µm
i_core_v_mini_mcu.cpu_subsystem_i.cpu_0_0.rf_ram_i.memory\[344\]\[0\],15.22µm
i_core_v_mini_mcu.cpu_subsystem_i.cpu_0_0.rf_ram_i.memory\[421\]\[0\],15.22µm
i_core_v_mini_mcu.cpu_subsystem_i.cpu_0_0.rf_ram_i.memory\[428\]\[1\],15.22µm
i_core_v_mini_mcu.cpu_subsystem_i.cpu_0_0.rf_ram_i.memory\[544\]\[1\],15.22µm
i_core_v_mini_mcu.cpu_subsystem_i.cpu_0_0.rf_ram_i.memory\[559\]\[0\],15.22µm
i_core_v_mini_mcu.cpu_subsystem_i.cpu_1_0.i_servile.arbiter.i_wb_cpu_dbus_adr\[4\],15.22µm
i_core_v_mini_mcu.cpu_subsystem_i.cpu_1_0.rf_ram_i.memory\[131\]\[1\],15.22µm
i_core_v_mini_mcu.cpu_subsystem_i.cpu_1_0.rf_ram_i.memory\[132\]\[0\],15.22µm
i_core_v_mini_mcu.cpu_subsystem_i.cpu_1_0.rf_ram_i.memory\[20\]\[0\],15.22µm
i_core_v_mini_mcu.cpu_subsystem_i.cpu_1_0.rf_ram_i.memory\[250\]\[0\],15.22µm
i_core_v_mini_mcu.cpu_subsystem_i.cpu_1_0.rf_ram_i.memory\[25\]\[1\],15.22µm
i_core_v_mini_mcu.cpu_subsystem_i.cpu_1_0.rf_ram_i.memory\[422\]\[0\],15.22µm
i_core_v_mini_mcu.cpu_subsystem_i.cpu_1_0.rf_ram_i.memory\[447\]\[0\],15.22µm
i_core_v_mini_mcu.memory_subsystem_i.ram0_i.tc_ram_i.sram\[10\]\[1\],15.22µm
i_core_v_mini_mcu.memory_subsystem_i.ram0_i.tc_ram_i.sram\[22\]\[20\],15.22µm
i_core_v_mini_mcu.memory_subsystem_i.ram0_i.tc_ram_i.sram\[28\]\[3\],15.22µm
i_core_v_mini_mcu.peripheral_subsystem_i.obi_fifo_i.consumer_data_req_q\[17\],15.22µm
i_core_v_mini_mcu.peripheral_subsystem_i.obi_fifo_i.consumer_data_req_q\[31\],15.22µm
i_core_v_mini_mcu.peripheral_subsystem_i.obi_fifo_i.consumer_data_req_q\[8\],15.22µm
i_core_v_mini_mcu.peripheral_subsystem_i.uart_i.hw2reg\[7\],15.22µm
i_core_v_mini_mcu.peripheral_subsystem_i.uart_i.reg2hw\[40\],15.22µm
i_core_v_mini_mcu.peripheral_subsystem_i.uart_i.uart_core.u_uart_rxfifo.gen_normal_fifo.storage\[7\],15.22µm
_00267_,15.17µm
_00276_,15.17µm
_00354_,15.17µm
_00378_,15.17µm
_00971_,15.17µm
_00983_,15.17µm
_01333_,15.17µm
_01374_,15.17µm
_01459_,15.17µm
_01524_,15.17µm
_01623_,15.17µm
_01694_,15.17µm
_01935_,15.17µm
_02223_,15.17µm
_02237_,15.17µm
_02292_,15.17µm
_02497_,15.17µm
_02816_,15.17µm
_02929_,15.17µm
_02937_,15.17µm
_03123_,15.17µm
_03281_,15.17µm
_03435_,15.17µm
_03503_,15.17µm
_03727_,15.17µm
_03740_,15.17µm
_03867_,15.17µm
_04136_,15.17µm
_04177_,15.17µm
_04361_,15.17µm
_04638_,15.17µm
_04689_,15.17µm
_04902_,15.17µm
_05217_,15.17µm
_05328_,15.17µm
_05353_,15.17µm
_05974_,15.17µm
_06197_,15.17µm
_06265_,15.17µm
_06298_,15.17µm
_06529_,15.17µm
_07154_,15.17µm
_07300_,15.17µm
_07533_,15.17µm
_07767_,15.17µm
_07820_,15.17µm
_08040_,15.17µm
_08296_,15.17µm
_08422_,15.17µm
_08539_,15.17µm
_08553_,15.17µm
_08941_,15.17µm
_08973_,15.17µm
_09066_,15.17µm
_09148_,15.17µm
_09176_,15.17µm
_09515_,15.17µm
_09562_,15.17µm
_09726_,15.17µm
_09791_,15.17µm
_09847_,15.17µm
_09898_,15.17µm
_09907_,15.17µm
_09973_,15.17µm
_09990_,15.17µm
_10267_,15.17µm
_10514_,15.17µm
_11044_,15.17µm
_11369_,15.17µm
_11588_,15.17µm
_11764_,15.17µm
_12000_,15.17µm
_12019_,15.17µm
_12529_,15.17µm
_12613_,15.17µm
_12839_,15.17µm
_12863_,15.17µm
_13173_,15.17µm
_13179_,15.17µm
_13367_,15.17µm
_13535_,15.17µm
_13789_,15.17µm
_14404_,15.17µm
_14471_,15.17µm
_14635_,15.17µm
_14734_,15.17µm
_14920_,15.17µm
_15227_,15.17µm
_15489_,15.17µm
_15866_,15.17µm
_15972_,15.17µm
_16378_,15.17µm
_16745_,15.17µm
_16906_,15.17µm
_17188_,15.17µm
_17436_,15.17µm
_17680_,15.17µm
_17725_,15.17µm
_17783_,15.17µm
_17855_,15.17µm
_17907_,15.17µm
_18644_,15.17µm
_18849_,15.17µm
_18990_,15.17µm
_19055_,15.17µm
_19084_,15.17µm
_19163_,15.17µm
_19188_,15.17µm
_19198_,15.17µm
_19218_,15.17µm
_19737_,15.17µm
_19917_,15.17µm
_20163_,15.17µm
_20277_,15.17µm
_20300_,15.17µm
_20551_,15.17µm
_20820_,15.17µm
_20971_,15.17µm
_21060_,15.17µm
_21622_,15.17µm
_21924_,15.17µm
_22066_,15.17µm
_22172_,15.17µm
_22953_,15.17µm
_23253_,15.17µm
_23336_,15.17µm
_23897_,15.17µm
_23977_,15.17µm
_23995_,15.17µm
_24149_,15.17µm
_24160_,15.17µm
_24221_,15.17µm
_24249_,15.17µm
_24274_,15.17µm
_24575_,15.17µm
_24999_,15.17µm
_25252_,15.17µm
_25920_,15.17µm
_25977_,15.17µm
_26622_,15.17µm
_27071_,15.17µm
_27078_,15.17µm
_27248_,15.17µm
_27315_,15.17µm
_27543_,15.17µm
_27576_,15.17µm
_27693_,15.17µm
_27765_,15.17µm
_27846_,15.17µm
_28029_,15.17µm
_28065_,15.17µm
_28134_,15.17µm
_28190_,15.17µm
_28260_,15.17µm
_28281_,15.17µm
_28297_,15.17µm
i_core_v_mini_mcu.ao_peripheral_subsystem_i.obi_fifo_i.consumer_data_req_q\[16\],15.17µm
i_core_v_mini_mcu.ao_peripheral_subsystem_i.obi_fifo_i.consumer_data_req_q\[34\],15.17µm
i_core_v_mini_mcu.ao_peripheral_subsystem_i.power_manager_i.power_manager_reg_top_i.cpu_switch_on_counter_qs\[11\],15.17µm
i_core_v_mini_mcu.ao_peripheral_subsystem_i.soc_ctrl_i.reg2hw\[32\],15.17µm
i_core_v_mini_mcu.cpu_subsystem_i.cpu_0_0.i_servile.cpu.gen_csr.csr.mie_mtie,15.17µm
i_core_v_mini_mcu.cpu_subsystem_i.cpu_0_0.i_servile.rf_ram_if.rtrig0,15.17µm
i_core_v_mini_mcu.cpu_subsystem_i.cpu_0_0.rf_ram_i.memory\[116\]\[1\],15.17µm
i_core_v_mini_mcu.cpu_subsystem_i.cpu_0_0.rf_ram_i.memory\[323\]\[1\],15.17µm
i_core_v_mini_mcu.cpu_subsystem_i.cpu_0_0.rf_ram_i.memory\[450\]\[1\],15.17µm
i_core_v_mini_mcu.cpu_subsystem_i.cpu_0_0.rf_ram_i.memory\[538\]\[0\],15.17µm
i_core_v_mini_mcu.cpu_subsystem_i.cpu_0_0.rf_ram_i.memory\[95\]\[1\],15.17µm
i_core_v_mini_mcu.cpu_subsystem_i.cpu_1_0.i_servile.arbiter.i_wb_cpu_dbus_adr\[9\],15.17µm
i_core_v_mini_mcu.cpu_subsystem_i.cpu_1_0.rf_ram_i.memory\[174\]\[1\],15.17µm
i_core_v_mini_mcu.cpu_subsystem_i.cpu_1_0.rf_ram_i.memory\[218\]\[1\],15.17µm
i_core_v_mini_mcu.cpu_subsystem_i.cpu_1_0.rf_ram_i.memory\[228\]\[1\],15.17µm
i_core_v_mini_mcu.cpu_subsystem_i.cpu_1_0.rf_ram_i.memory\[31\]\[0\],15.17µm
i_core_v_mini_mcu.cpu_subsystem_i.cpu_1_0.rf_ram_i.memory\[417\]\[1\],15.17µm
i_core_v_mini_mcu.cpu_subsystem_i.cpu_1_0.rf_ram_i.memory\[421\]\[0\],15.17µm
i_core_v_mini_mcu.cpu_subsystem_i.cpu_1_0.rf_ram_i.memory\[426\]\[0\],15.17µm
i_core_v_mini_mcu.cpu_subsystem_i.cpu_1_0.rf_ram_i.memory\[479\]\[0\],15.17µm
i_core_v_mini_mcu.cpu_subsystem_i.cpu_1_0.rf_ram_i.memory\[510\]\[1\],15.17µm
i_core_v_mini_mcu.memory_subsystem_i.ram0_i.tc_ram_i.sram\[22\]\[21\],15.17µm
i_core_v_mini_mcu.memory_subsystem_i.ram0_i.tc_ram_i.sram\[22\]\[31\],15.17µm
i_core_v_mini_mcu.memory_subsystem_i.ram0_i.tc_ram_i.sram\[22\]\[7\],15.17µm
i_core_v_mini_mcu.memory_subsystem_i.ram0_i.tc_ram_i.sram\[27\]\[28\],15.17µm
i_core_v_mini_mcu.memory_subsystem_i.ram0_i.tc_ram_i.sram\[9\]\[22\],15.17µm
i_core_v_mini_mcu.peripheral_subsystem_i.obi_fifo_i.consumer_data_req_q\[27\],15.17µm
i_core_v_mini_mcu.peripheral_subsystem_i.uart_i.uart_core.u_uart_rxfifo.gen_normal_fifo.storage\[13\],15.17µm
i_core_v_mini_mcu.peripheral_subsystem_i.uart_i.uart_core.u_uart_rxfifo.gen_normal_fifo.storage\[15\],15.17µm
_00042_,15.12µm
_00084_,15.12µm
_00201_,15.12µm
_00396_,15.12µm
_00875_,15.12µm
_01133_,15.12µm
_01332_,15.12µm
_01380_,15.12µm
_01702_,15.12µm
_02131_,15.12µm
_02280_,15.12µm
_02459_,15.12µm
_02507_,15.12µm
_02520_,15.12µm
_02684_,15.12µm
_03036_,15.12µm
_03324_,15.12µm
_04054_,15.12µm
_04127_,15.12µm
_04184_,15.12µm
_04210_,15.12µm
_04534_,15.12µm
_05055_,15.12µm
_05160_,15.12µm
_05292_,15.12µm
_05432_,15.12µm
_05679_,15.12µm
_06891_,15.12µm
_06915_,15.12µm
_07439_,15.12µm
_07704_,15.12µm
_08195_,15.12µm
_08944_,15.12µm
_09055_,15.12µm
_09198_,15.12µm
_09551_,15.12µm
_10046_,15.12µm
_10143_,15.12µm
_10526_,15.12µm
_10857_,15.12µm
_11180_,15.12µm
_11223_,15.12µm
_11228_,15.12µm
_11305_,15.12µm
_11389_,15.12µm
_11728_,15.12µm
_11755_,15.12µm
_12025_,15.12µm
_12106_,15.12µm
_12119_,15.12µm
_12215_,15.12µm
_12885_,15.12µm
_13016_,15.12µm
_13387_,15.12µm
_13468_,15.12µm
_13621_,15.12µm
_13716_,15.12µm
_13802_,15.12µm
_14251_,15.12µm
_14368_,15.12µm
_14395_,15.12µm
_14879_,15.12µm
_14885_,15.12µm
_14895_,15.12µm
_15063_,15.12µm
_15376_,15.12µm
_15500_,15.12µm
_15754_,15.12µm
_15895_,15.12µm
_16328_,15.12µm
_16609_,15.12µm
_17129_,15.12µm
_17138_,15.12µm
_17421_,15.12µm
_17951_,15.12µm
_18184_,15.12µm
_18289_,15.12µm
_18411_,15.12µm
_18526_,15.12µm
_18824_,15.12µm
_18934_,15.12µm
_18966_,15.12µm
_19065_,15.12µm
_19202_,15.12µm
_19605_,15.12µm
_19649_,15.12µm
_20535_,15.12µm
_20624_,15.12µm
_20806_,15.12µm
_20825_,15.12µm
_20999_,15.12µm
_21627_,15.12µm
_21710_,15.12µm
_22027_,15.12µm
_23032_,15.12µm
_23184_,15.12µm
_23194_,15.12µm
_23533_,15.12µm
_23746_,15.12µm
_23871_,15.12µm
_24057_,15.12µm
_24148_,15.12µm
_24577_,15.12µm
_24626_,15.12µm
_25378_,15.12µm
_25672_,15.12µm
_25710_,15.12µm
_26042_,15.12µm
_26062_,15.12µm
_26174_,15.12µm
_26203_,15.12µm
_26947_,15.12µm
_27304_,15.12µm
_27621_,15.12µm
_27676_,15.12µm
_27799_,15.12µm
_27800_,15.12µm
_27806_,15.12µm
_27903_,15.12µm
_28181_,15.12µm
_28200_,15.12µm
_28370_,15.12µm
_28452_,15.12µm
i_core_v_mini_mcu.ao_peripheral_subsystem_i.power_manager_i.power_manager_reg_top_i.intr_state_qs\[21\],15.12µm
i_core_v_mini_mcu.ao_peripheral_subsystem_i.soc_ctrl_i.soc_ctrl_reg_top_i.system_frequency_hz_qs\[22\],15.12µm
i_core_v_mini_mcu.ao_peripheral_subsystem_i.spi_subsystem_i.obi_spimemio_i.spimemio_i.rd_addr\[23\],15.12µm
i_core_v_mini_mcu.ao_peripheral_subsystem_i.tdu_i.task_mem\[1\]\[21\],15.12µm
i_core_v_mini_mcu.cpu_subsystem_i.cpu_0_0.rf_ram_i.memory\[164\]\[0\],15.12µm
i_core_v_mini_mcu.cpu_subsystem_i.cpu_0_0.rf_ram_i.memory\[214\]\[1\],15.12µm
i_core_v_mini_mcu.cpu_subsystem_i.cpu_0_0.rf_ram_i.memory\[244\]\[0\],15.12µm
i_core_v_mini_mcu.cpu_subsystem_i.cpu_0_0.rf_ram_i.memory\[279\]\[1\],15.12µm
i_core_v_mini_mcu.cpu_subsystem_i.cpu_0_0.rf_ram_i.memory\[289\]\[0\],15.12µm
i_core_v_mini_mcu.cpu_subsystem_i.cpu_0_0.rf_ram_i.memory\[403\]\[1\],15.12µm
i_core_v_mini_mcu.cpu_subsystem_i.cpu_0_0.rf_ram_i.memory\[425\]\[1\],15.12µm
i_core_v_mini_mcu.cpu_subsystem_i.cpu_0_0.rf_ram_i.memory\[441\]\[1\],15.12µm
i_core_v_mini_mcu.cpu_subsystem_i.cpu_0_0.rf_ram_i.memory\[454\]\[0\],15.12µm
i_core_v_mini_mcu.cpu_subsystem_i.cpu_1_0.i_servile.arbiter.i_wb_cpu_dbus_adr\[23\],15.12µm
i_core_v_mini_mcu.cpu_subsystem_i.cpu_1_0.rf_ram_i.memory\[164\]\[1\],15.12µm
i_core_v_mini_mcu.cpu_subsystem_i.cpu_1_0.rf_ram_i.memory\[24\]\[0\],15.12µm
i_core_v_mini_mcu.cpu_subsystem_i.cpu_1_0.rf_ram_i.memory\[268\]\[1\],15.12µm
i_core_v_mini_mcu.cpu_subsystem_i.cpu_1_0.rf_ram_i.memory\[32\]\[0\],15.12µm
i_core_v_mini_mcu.cpu_subsystem_i.cpu_1_0.rf_ram_i.memory\[335\]\[0\],15.12µm
i_core_v_mini_mcu.cpu_subsystem_i.cpu_1_0.rf_ram_i.memory\[338\]\[1\],15.12µm
i_core_v_mini_mcu.memory_subsystem_i.ram0_i.tc_ram_i.sram\[11\]\[31\],15.12µm
i_core_v_mini_mcu.memory_subsystem_i.ram0_i.tc_ram_i.sram\[15\]\[28\],15.12µm
i_core_v_mini_mcu.cpu_subsystem_i.cpu_0_0.rf_ram_i.memory\[316\]\[1\],14.99µm
i_core_v_mini_mcu.cpu_subsystem_i.cpu_0_0.rf_ram_i.memory\[336\]\[1\],14.94µm
i_core_v_mini_mcu.cpu_subsystem_i.cpu_1_0.rf_ram_i.memory\[214\]\[0\],14.94µm
_08677_,14.89µm
i_core_v_mini_mcu.cpu_subsystem_i.cpu_0_0.rf_ram_i.memory\[148\]\[1\],14.89µm
i_core_v_mini_mcu.cpu_subsystem_i.cpu_1_0.rf_ram_i.memory\[309\]\[1\],14.89µm
i_core_v_mini_mcu.cpu_subsystem_i.cpu_1_0.rf_ram_i.memory\[379\]\[1\],14.89µm
i_core_v_mini_mcu.cpu_subsystem_i.cpu_1_0.rf_ram_i.memory\[97\]\[0\],14.89µm
_12572_,14.84µm
i_core_v_mini_mcu.cpu_subsystem_i.cpu_0_0.rf_ram_i.memory\[320\]\[0\],14.84µm
i_core_v_mini_mcu.cpu_subsystem_i.cpu_1_0.rf_ram_i.memory\[415\]\[0\],14.84µm
i_core_v_mini_mcu.peripheral_subsystem_i.uart_i.uart_core.u_uart_txfifo.gen_normal_fifo.storage\[12\],14.84µm
_15459_,14.81µm
_15807_,14.76µm
i_core_v_mini_mcu.ao_peripheral_subsystem_i.mosaic_clint_i.mtimecmp_q\[103\],14.76µm
i_core_v_mini_mcu.memory_subsystem_i.ram0_i.tc_ram_i.sram\[9\]\[4\],14.76µm
_06703_,14.71µm
_09021_,14.71µm
_09629_,14.71µm
_09784_,14.71µm
_13842_,14.71µm
_14692_,14.71µm
_23949_,14.71µm
i_core_v_mini_mcu.ao_peripheral_subsystem_i.power_manager_i.power_manager_reg_top_i.en_wait_for_intr_qs\[20\],14.71µm
i_core_v_mini_mcu.ao_peripheral_subsystem_i.tdu_i.cpi_est_q\[39\],14.71µm
i_core_v_mini_mcu.cpu_subsystem_i.cpu_0_0.rf_ram_i.memory\[177\]\[1\],14.71µm
i_core_v_mini_mcu.cpu_subsystem_i.cpu_1_0.i_servile.cpu.immdec.gen_immdec_w_eq_1.imm19_12_20\[7\],14.71µm
i_core_v_mini_mcu.memory_subsystem_i.ram0_i.tc_ram_i.sram\[20\]\[21\],14.71µm
i_core_v_mini_mcu.memory_subsystem_i.ram0_i.tc_ram_i.sram\[30\]\[23\],14.71µm
i_core_v_mini_mcu.peripheral_slave_resp\[5\],14.71µm
i_core_v_mini_mcu.peripheral_subsystem_i.uart_i.reg2hw\[18\],14.71µm
_01956_,14.66µm
_05409_,14.66µm
_05682_,14.66µm
_05833_,14.66µm
_06614_,14.66µm
_07870_,14.66µm
_08531_,14.66µm
_09265_,14.66µm
_09766_,14.66µm
_09985_,14.66µm
_10307_,14.66µm
_10797_,14.66µm
_12337_,14.66µm
_13172_,14.66µm
_13839_,14.66µm
_14908_,14.66µm
_16411_,14.66µm
_18162_,14.66µm
_21249_,14.66µm
_21947_,14.66µm
_22251_,14.66µm
_22360_,14.66µm
_23028_,14.66µm
_23969_,14.66µm
_23976_,14.66µm
_24116_,14.66µm
_24400_,14.66µm
_24535_,14.66µm
_27388_,14.66µm
_28053_,14.66µm
_28112_,14.66µm
exit_value_int\[11\],14.66µm
i_core_v_mini_mcu.ao_peripheral_subsystem_i.power_manager_i.power_manager_reg_top_i.reg2hw\[226\],14.66µm
i_core_v_mini_mcu.core_data_req\[92\],14.66µm
i_core_v_mini_mcu.cpu_subsystem_i.cpu_0_0.rf_ram_i.memory\[10\]\[0\],14.66µm
i_core_v_mini_mcu.cpu_subsystem_i.cpu_0_0.rf_ram_i.memory\[111\]\[1\],14.66µm
i_core_v_mini_mcu.cpu_subsystem_i.cpu_0_0.rf_ram_i.memory\[161\]\[0\],14.66µm
i_core_v_mini_mcu.cpu_subsystem_i.cpu_0_0.rf_ram_i.memory\[168\]\[0\],14.66µm
i_core_v_mini_mcu.cpu_subsystem_i.cpu_0_0.rf_ram_i.memory\[196\]\[0\],14.66µm
i_core_v_mini_mcu.cpu_subsystem_i.cpu_0_0.rf_ram_i.memory\[198\]\[0\],14.66µm
i_core_v_mini_mcu.cpu_subsystem_i.cpu_0_0.rf_ram_i.memory\[213\]\[0\],14.66µm
i_core_v_mini_mcu.cpu_subsystem_i.cpu_0_0.rf_ram_i.memory\[271\]\[1\],14.66µm
i_core_v_mini_mcu.cpu_subsystem_i.cpu_0_0.rf_ram_i.memory\[297\]\[0\],14.66µm
i_core_v_mini_mcu.cpu_subsystem_i.cpu_0_0.rf_ram_i.memory\[354\]\[1\],14.66µm
i_core_v_mini_mcu.cpu_subsystem_i.cpu_0_0.rf_ram_i.memory\[550\]\[1\],14.66µm
i_core_v_mini_mcu.cpu_subsystem_i.cpu_0_0.rf_ram_i.memory\[562\]\[0\],14.66µm
i_core_v_mini_mcu.cpu_subsystem_i.cpu_0_0.rf_ram_i.memory\[91\]\[0\],14.66µm
i_core_v_mini_mcu.cpu_subsystem_i.cpu_1_0.i_servile.arbiter.i_wb_cpu_ibus_adr\[30\],14.66µm
i_core_v_mini_mcu.cpu_subsystem_i.cpu_1_0.i_servile.cpu.immdec.gen_immdec_w_eq_1.imm30_25\[1\],14.66µm
i_core_v_mini_mcu.cpu_subsystem_i.cpu_1_0.rf_ram_i.memory\[114\]\[0\],14.66µm
i_core_v_mini_mcu.cpu_subsystem_i.cpu_1_0.rf_ram_i.memory\[193\]\[1\],14.66µm
i_core_v_mini_mcu.cpu_subsystem_i.cpu_1_0.rf_ram_i.memory\[211\]\[0\],14.66µm
i_core_v_mini_mcu.cpu_subsystem_i.cpu_1_0.rf_ram_i.memory\[218\]\[0\],14.66µm
i_core_v_mini_mcu.cpu_subsystem_i.cpu_1_0.rf_ram_i.memory\[341\]\[1\],14.66µm
i_core_v_mini_mcu.cpu_subsystem_i.cpu_1_0.rf_ram_i.memory\[373\]\[0\],14.66µm
i_core_v_mini_mcu.cpu_subsystem_i.cpu_1_0.rf_ram_i.memory\[374\]\[0\],14.66µm
i_core_v_mini_mcu.cpu_subsystem_i.cpu_1_0.rf_ram_i.memory\[420\]\[0\],14.66µm
i_core_v_mini_mcu.cpu_subsystem_i.cpu_1_0.rf_ram_i.memory\[98\]\[0\],14.66µm
i_core_v_mini_mcu.memory_subsystem_i.ram0_i.tc_ram_i.sram\[1\]\[27\],14.66µm
i_core_v_mini_mcu.memory_subsystem_i.ram0_i.tc_ram_i.sram\[2\]\[24\],14.66µm
i_core_v_mini_mcu.memory_subsystem_i.ram0_i.tc_ram_i.sram\[9\]\[16\],14.66µm
i_core_v_mini_mcu.peripheral_slave_resp\[15\],14.66µm
i_core_v_mini_mcu.peripheral_subsystem_i.obi_fifo_i.consumer_data_req_q\[23\],14.66µm
i_core_v_mini_mcu.peripheral_subsystem_i.obi_fifo_i.consumer_data_req_q\[32\],14.66µm
_00031_,14.61µm
_00153_,14.61µm
_00197_,14.61µm
_01039_,14.61µm
_01155_,14.61µm
_01232_,14.61µm
_01286_,14.61µm
_01544_,14.61µm
_01876_,14.61µm
_02501_,14.61µm
_02551_,14.61µm
_02659_,14.61µm
_02907_,14.61µm
_03101_,14.61µm
_03461_,14.61µm
_03687_,14.61µm
_03690_,14.61µm
_03743_,14.61µm
_04683_,14.61µm
_04684_,14.61µm
_04791_,14.61µm
_04794_,14.61µm
_04796_,14.61µm
_04812_,14.61µm
_04896_,14.61µm
_05899_,14.61µm
_06041_,14.61µm
_06115_,14.61µm
_06164_,14.61µm
_06179_,14.61µm
_06195_,14.61µm
_06280_,14.61µm
_06490_,14.61µm
_06585_,14.61µm
_06777_,14.61µm
_06911_,14.61µm
_06984_,14.61µm
_07274_,14.61µm
_07357_,14.61µm
_07505_,14.61µm
_07516_,14.61µm
_07811_,14.61µm
_08228_,14.61µm
_08441_,14.61µm
_08693_,14.61µm
_09268_,14.61µm
_09376_,14.61µm
_09605_,14.61µm
_09617_,14.61µm
_09838_,14.61µm
_09926_,14.61µm
_09994_,14.61µm
_10192_,14.61µm
_10195_,14.61µm
_10237_,14.61µm
_10338_,14.61µm
_10365_,14.61µm
_10527_,14.61µm
_10825_,14.61µm
_11354_,14.61µm
_11422_,14.61µm
_11586_,14.61µm
_11623_,14.61µm
_11690_,14.61µm
_11955_,14.61µm
_12005_,14.61µm
_12953_,14.61µm
_13176_,14.61µm
_13686_,14.61µm
_13913_,14.61µm
_13964_,14.61µm
_14157_,14.61µm
_14259_,14.61µm
_14265_,14.61µm
_14495_,14.61µm
_14512_,14.61µm
_14569_,14.61µm
_14906_,14.61µm
_14932_,14.61µm
_15179_,14.61µm
_15200_,14.61µm
_15306_,14.61µm
_15409_,14.61µm
_15411_,14.61µm
_15513_,14.61µm
_15679_,14.61µm
_15936_,14.61µm
_16106_,14.61µm
_16112_,14.61µm
_16165_,14.61µm
_16233_,14.61µm
_16240_,14.61µm
_16297_,14.61µm
_16884_,14.61µm
_16922_,14.61µm
_16947_,14.61µm
_17012_,14.61µm
_17131_,14.61µm
_17214_,14.61µm
_17477_,14.61µm
_17557_,14.61µm
_17589_,14.61µm
_17609_,14.61µm
_17813_,14.61µm
_18126_,14.61µm
_18141_,14.61µm
_18553_,14.61µm
_18589_,14.61µm
_18720_,14.61µm
_18737_,14.61µm
_18979_,14.61µm
_19015_,14.61µm
_19164_,14.61µm
_19192_,14.61µm
_19271_,14.61µm
_19532_,14.61µm
_19731_,14.61µm
_19830_,14.61µm
_20077_,14.61µm
_20256_,14.61µm
_20303_,14.61µm
_20322_,14.61µm
_20544_,14.61µm
_20672_,14.61µm
_20795_,14.61µm
_20949_,14.61µm
_21012_,14.61µm
_21501_,14.61µm
_21630_,14.61µm
_21795_,14.61µm
_21832_,14.61µm
_21986_,14.61µm
_22230_,14.61µm
_22261_,14.61µm
_22710_,14.61µm
_22819_,14.61µm
_23127_,14.61µm
_23163_,14.61µm
_23397_,14.61µm
_23424_,14.61µm
_23476_,14.61µm
_23772_,14.61µm
_23810_,14.61µm
_23853_,14.61µm
_23908_,14.61µm
_23999_,14.61µm
_24000_,14.61µm
_24227_,14.61µm
_24325_,14.61µm
_24691_,14.61µm
_24725_,14.61µm
_24742_,14.61µm
_25228_,14.61µm
_25441_,14.61µm
_25579_,14.61µm
_25623_,14.61µm
_26030_,14.61µm
_26147_,14.61µm
_26350_,14.61µm
_26689_,14.61µm
_26748_,14.61µm
_27109_,14.61µm
_27123_,14.61µm
_27134_,14.61µm
_27154_,14.61µm
_27869_,14.61µm
_27898_,14.61µm
_27975_,14.61µm
_27994_,14.61µm
_28142_,14.61µm
_28220_,14.61µm
_28293_,14.61µm
_28313_,14.61µm
_28433_,14.61µm
i_core_v_mini_mcu.ao_peripheral_subsystem_i.obi_fifo_i.consumer_resp_i\[1\],14.61µm
i_core_v_mini_mcu.ao_peripheral_subsystem_i.power_manager_i.cpu_powergate_counter_expired_iso_off,14.61µm
i_core_v_mini_mcu.ao_peripheral_subsystem_i.power_manager_i.power_manager_reg_top_i.cpu_reset_deassert_counter_qs\[0\],14.61µm
i_core_v_mini_mcu.ao_peripheral_subsystem_i.soc_ctrl_i.reg2hw\[9\],14.61µm
i_core_v_mini_mcu.ao_peripheral_subsystem_i.spi_subsystem_i.obi_spimemio_i.spimemio_i.rd_addr\[3\],14.61µm
i_core_v_mini_mcu.ao_peripheral_subsystem_i.spi_subsystem_i.obi_spimemio_i.spimemio_i.xfer.last_fetch,14.61µm
i_core_v_mini_mcu.ao_peripheral_subsystem_i.tdu_i.task_mem\[3\]\[7\],14.61µm
i_core_v_mini_mcu.cpu_subsystem_i.cpu_0_0.i_servile.o_rf_raddr\[3\],14.61µm
i_core_v_mini_mcu.cpu_subsystem_i.cpu_0_0.rf_ram_i.memory\[185\]\[1\],14.61µm
i_core_v_mini_mcu.cpu_subsystem_i.cpu_0_0.rf_ram_i.memory\[239\]\[1\],14.61µm
i_core_v_mini_mcu.cpu_subsystem_i.cpu_0_0.rf_ram_i.memory\[317\]\[1\],14.61µm
i_core_v_mini_mcu.cpu_subsystem_i.cpu_0_0.rf_ram_i.memory\[327\]\[1\],14.61µm
i_core_v_mini_mcu.cpu_subsystem_i.cpu_0_0.rf_ram_i.memory\[525\]\[0\],14.61µm
i_core_v_mini_mcu.cpu_subsystem_i.cpu_0_0.rf_ram_i.memory\[562\]\[1\],14.61µm
i_core_v_mini_mcu.cpu_subsystem_i.cpu_0_0.rf_ram_i.memory\[5\]\[1\],14.61µm
i_core_v_mini_mcu.cpu_subsystem_i.cpu_0_0.rf_ram_i.memory\[76\]\[1\],14.61µm
i_core_v_mini_mcu.cpu_subsystem_i.cpu_1_0.rf_ram_i.memory\[170\]\[1\],14.61µm
i_core_v_mini_mcu.cpu_subsystem_i.cpu_1_0.rf_ram_i.memory\[192\]\[1\],14.61µm
i_core_v_mini_mcu.cpu_subsystem_i.cpu_1_0.rf_ram_i.memory\[258\]\[1\],14.61µm
i_core_v_mini_mcu.cpu_subsystem_i.cpu_1_0.rf_ram_i.memory\[289\]\[1\],14.61µm
i_core_v_mini_mcu.cpu_subsystem_i.cpu_1_0.rf_ram_i.memory\[396\]\[0\],14.61µm
i_core_v_mini_mcu.cpu_subsystem_i.cpu_1_0.rf_ram_i.memory\[397\]\[1\],14.61µm
i_core_v_mini_mcu.cpu_subsystem_i.cpu_1_0.rf_ram_i.memory\[507\]\[1\],14.61µm
i_core_v_mini_mcu.cpu_subsystem_i.cpu_1_0.rf_ram_i.memory\[95\]\[0\],14.61µm
i_core_v_mini_mcu.memory_subsystem_i.ram0_i.tc_ram_i.sram\[14\]\[2\],14.61µm
i_core_v_mini_mcu.memory_subsystem_i.ram0_i.tc_ram_i.sram\[20\]\[24\],14.61µm
i_core_v_mini_mcu.memory_subsystem_i.ram0_i.tc_ram_i.sram\[23\]\[4\],14.61µm
i_core_v_mini_mcu.memory_subsystem_i.ram0_i.tc_ram_i.sram\[28\]\[21\],14.61µm
i_core_v_mini_mcu.memory_subsystem_i.ram0_i.tc_ram_i.sram\[31\]\[30\],14.61µm
i_core_v_mini_mcu.peripheral_subsystem_i.obi_fifo_i.consumer_data_req_q\[22\],14.61µm
i_core_v_mini_mcu.peripheral_subsystem_i.obi_fifo_i.consumer_resp_i\[27\],14.61µm
i_core_v_mini_mcu.peripheral_subsystem_i.uart_i.reg2hw\[39\],14.61µm
net1006,14.61µm
_00037_,14.56µm
_00065_,14.56µm
_00175_,14.56µm
_00219_,14.56µm
_00389_,14.56µm
_00907_,14.56µm
_01571_,14.56µm
_02123_,14.56µm
_02468_,14.56µm
_02510_,14.56µm
_02699_,14.56µm
_02877_,14.56µm
_03039_,14.56µm
_03090_,14.56µm
_03218_,14.56µm
_03914_,14.56µm
_03937_,14.56µm
_04081_,14.56µm
_04089_,14.56µm
_04168_,14.56µm
_04239_,14.56µm
_04299_,14.56µm
_04311_,14.56µm
_04622_,14.56µm
_04760_,14.56µm
_05077_,14.56µm
_05145_,14.56µm
_05323_,14.56µm
_05446_,14.56µm
_05509_,14.56µm
_05615_,14.56µm
_05645_,14.56µm
_05806_,14.56µm
_05808_,14.56µm
_05960_,14.56µm
_06112_,14.56µm
_06165_,14.56µm
_06434_,14.56µm
_06994_,14.56µm
_07371_,14.56µm
_07491_,14.56µm
_07622_,14.56µm
_07985_,14.56µm
_08623_,14.56µm
_08894_,14.56µm
_08903_,14.56µm
_09178_,14.56µm
_09217_,14.56µm
_09314_,14.56µm
_09459_,14.56µm
_09895_,14.56µm
_10513_,14.56µm
_10766_,14.56µm
_10864_,14.56µm
_11095_,14.56µm
_11111_,14.56µm
_11315_,14.56µm
_11331_,14.56µm
_11567_,14.56µm
_11688_,14.56µm
_11744_,14.56µm
_12114_,14.56µm
_12466_,14.56µm
_12762_,14.56µm
_12789_,14.56µm
_12855_,14.56µm
_12867_,14.56µm
_12876_,14.56µm
_13335_,14.56µm
_13620_,14.56µm
_13677_,14.56µm
_13787_,14.56µm
_13852_,14.56µm
_14067_,14.56µm
_14164_,14.56µm
_14747_,14.56µm
_14991_,14.56µm
_15197_,14.56µm
_15527_,14.56µm
_15556_,14.56µm
_15724_,14.56µm
_16132_,14.56µm
_16223_,14.56µm
_16335_,14.56µm
_16468_,14.56µm
_16582_,14.56µm
_16708_,14.56µm
_16709_,14.56µm
_16893_,14.56µm
_16974_,14.56µm
_17304_,14.56µm
_17616_,14.56µm
_17758_,14.56µm
_18170_,14.56µm
_18341_,14.56µm
_18359_,14.56µm
_18611_,14.56µm
_18711_,14.56µm
_18721_,14.56µm
_18745_,14.56µm
_18778_,14.56µm
_18817_,14.56µm
_19078_,14.56µm
_19230_,14.56µm
_19231_,14.56µm
_19251_,14.56µm
_19280_,14.56µm
_19363_,14.56µm
_19415_,14.56µm
_19471_,14.56µm
_19623_,14.56µm
_19821_,14.56µm
_19872_,14.56µm
_19882_,14.56µm
_20054_,14.56µm
_20316_,14.56µm
_20399_,14.56µm
_20564_,14.56µm
_20641_,14.56µm
_21393_,14.56µm
_22020_,14.56µm
_22105_,14.56µm
_22275_,14.56µm
_22285_,14.56µm
_22307_,14.56µm
_22785_,14.56µm
_22802_,14.56µm
_23180_,14.56µm
_23789_,14.56µm
_24030_,14.56µm
_24073_,14.56µm
_24177_,14.56µm
_24586_,14.56µm
_24930_,14.56µm
_25338_,14.56µm
_25571_,14.56µm
_26066_,14.56µm
_26171_,14.56µm
_26243_,14.56µm
_26476_,14.56µm
_26518_,14.56µm
_26766_,14.56µm
_26921_,14.56µm
_27002_,14.56µm
_27003_,14.56µm
_27096_,14.56µm
_27273_,14.56µm
_27424_,14.56µm
_27685_,14.56µm
_28007_,14.56µm
_28159_,14.56µm
_28223_,14.56µm
_28325_,14.56µm
_28411_,14.56µm
i_core_v_mini_mcu.ao_peripheral_subsystem_i.power_manager_i.power_manager_sequence_ram_0_switch_i.sequence_curr_state\[1\],14.56µm
i_core_v_mini_mcu.ao_peripheral_subsystem_i.spi_subsystem_i.obi_spimemio_i.spimemio_i.dout_data\[1\],14.56µm
i_core_v_mini_mcu.ao_peripheral_subsystem_i.tdu_i.cpi_est_q\[62\],14.56µm
i_core_v_mini_mcu.ao_peripheral_subsystem_i.tdu_i.task_mem\[0\]\[0\],14.56µm
i_core_v_mini_mcu.ao_peripheral_subsystem_i.tdu_i.task_mem\[1\]\[8\],14.56µm
i_core_v_mini_mcu.cpu_subsystem_i.cpu_0_0.i_servile.cpu.csr_addr\[0\],14.56µm
i_core_v_mini_mcu.cpu_subsystem_i.cpu_0_0.rf_ram_i.memory\[130\]\[1\],14.56µm
i_core_v_mini_mcu.cpu_subsystem_i.cpu_0_0.rf_ram_i.memory\[133\]\[0\],14.56µm
i_core_v_mini_mcu.cpu_subsystem_i.cpu_0_0.rf_ram_i.memory\[306\]\[0\],14.56µm
i_core_v_mini_mcu.cpu_subsystem_i.cpu_0_0.rf_ram_i.memory\[39\]\[1\],14.56µm
i_core_v_mini_mcu.cpu_subsystem_i.cpu_0_0.rf_ram_i.memory\[547\]\[1\],14.56µm
i_core_v_mini_mcu.cpu_subsystem_i.cpu_0_0.rf_ram_i.memory\[80\]\[1\],14.56µm
i_core_v_mini_mcu.cpu_subsystem_i.cpu_0_0.rf_ram_i.memory\[96\]\[0\],14.56µm
i_core_v_mini_mcu.cpu_subsystem_i.cpu_1_0.i_servile.cpu.state.ibus_cyc,14.56µm
i_core_v_mini_mcu.cpu_subsystem_i.cpu_1_0.rf_ram_i.memory\[149\]\[1\],14.56µm
i_core_v_mini_mcu.cpu_subsystem_i.cpu_1_0.rf_ram_i.memory\[282\]\[0\],14.56µm
i_core_v_mini_mcu.cpu_subsystem_i.cpu_1_0.rf_ram_i.memory\[380\]\[0\],14.56µm
i_core_v_mini_mcu.cpu_subsystem_i.cpu_1_0.rf_ram_i.memory\[383\]\[0\],14.56µm
i_core_v_mini_mcu.cpu_subsystem_i.cpu_1_0.rf_ram_i.memory\[419\]\[0\],14.56µm
i_core_v_mini_mcu.memory_subsystem_i.ram0_i.tc_ram_i.sram\[0\]\[22\],14.56µm
i_core_v_mini_mcu.memory_subsystem_i.ram0_i.tc_ram_i.sram\[12\]\[0\],14.56µm
i_core_v_mini_mcu.memory_subsystem_i.ram0_i.tc_ram_i.sram\[31\]\[23\],14.56µm
i_core_v_mini_mcu.cpu_subsystem_i.cpu_1_0.rf_ram_i.memory\[118\]\[0\],14.38µm
i_core_v_mini_mcu.cpu_subsystem_i.cpu_1_0.rf_ram_i.memory\[288\]\[0\],14.38µm
i_core_v_mini_mcu.ao_peripheral_subsystem_i.mosaic_clint_i.mtimecmp_q\[68\],14.33µm
i_core_v_mini_mcu.cpu_subsystem_i.cpu_0_0.rf_ram_i.memory\[323\]\[0\],14.33µm
i_core_v_mini_mcu.cpu_subsystem_i.cpu_0_0.rf_ram_i.memory\[417\]\[0\],14.33µm
i_core_v_mini_mcu.ao_peripheral_subsystem_i.soc_ctrl_i.reg2hw\[31\],14.28µm
i_core_v_mini_mcu.cpu_subsystem_i.cpu_0_0.rf_ram_i.memory\[222\]\[0\],14.28µm
i_core_v_mini_mcu.cpu_subsystem_i.cpu_1_0.i_servile.cpu.ctrl.i_utype,14.25µm
_05539_,14.15µm
_09661_,14.15µm
_09675_,14.15µm
_10256_,14.15µm
_11225_,14.15µm
_11774_,14.15µm
_11828_,14.15µm
_16081_,14.15µm
_23664_,14.15µm
i_core_v_mini_mcu.cpu_subsystem_i.cpu_0_0.rf_ram_i.memory\[280\]\[0\],14.15µm
i_core_v_mini_mcu.cpu_subsystem_i.cpu_0_0.rf_ram_i.memory\[47\]\[1\],14.15µm
i_core_v_mini_mcu.cpu_subsystem_i.cpu_0_0.rf_ram_i.memory\[63\]\[1\],14.15µm
i_core_v_mini_mcu.cpu_subsystem_i.cpu_1_0.rf_ram_i.memory\[414\]\[0\],14.15µm
i_core_v_mini_mcu.memory_subsystem_i.ram0_i.tc_ram_i.sram\[27\]\[21\],14.15µm
i_core_v_mini_mcu.memory_subsystem_i.ram0_i.tc_ram_i.sram\[31\]\[21\],14.15µm
i_core_v_mini_mcu.memory_subsystem_i.ram0_i.tc_ram_i.sram\[31\]\[3\],14.15µm
i_core_v_mini_mcu.memory_subsystem_i.ram0_i.tc_ram_i.sram\[8\]\[4\],14.15µm
i_core_v_mini_mcu.peripheral_subsystem_i.uart_i.uart_core.rx_fifo_depth_prev_q\[1\],14.15µm
_00189_,14.1µm
_00263_,14.1µm
_00847_,14.1µm
_01041_,14.1µm
_01386_,14.1µm
_02376_,14.1µm
_03378_,14.1µm
_04932_,14.1µm
_05390_,14.1µm
_05712_,14.1µm
_05818_,14.1µm
_05918_,14.1µm
_06308_,14.1µm
_07212_,14.1µm
_07368_,14.1µm
_08022_,14.1µm
_08622_,14.1µm
_08786_,14.1µm
_08849_,14.1µm
_08882_,14.1µm
_08908_,14.1µm
_09097_,14.1µm
_09630_,14.1µm
_10213_,14.1µm
_10249_,14.1µm
_10355_,14.1µm
_10794_,14.1µm
_11464_,14.1µm
_12349_,14.1µm
_13630_,14.1µm
_13643_,14.1µm
_19841_,14.1µm
_20142_,14.1µm
_20712_,14.1µm
_21350_,14.1µm
_21452_,14.1µm
_22339_,14.1µm
_22679_,14.1µm
_24204_,14.1µm
_26895_,14.1µm
_28421_,14.1µm
i_core_v_mini_mcu.ao_peripheral_subsystem_i.mosaic_clint_i.mtimecmp_q\[72\],14.1µm
i_core_v_mini_mcu.ao_peripheral_subsystem_i.obi_fifo_i.consumer_data_req\[10\],14.1µm
i_core_v_mini_mcu.core_data_req\[83\],14.1µm
i_core_v_mini_mcu.cpu_subsystem_i.cpu_0_0.i_servile.cpu.decode.o_rd_mem_en,14.1µm
i_core_v_mini_mcu.cpu_subsystem_i.cpu_0_0.rf_ram_i.memory\[100\]\[0\],14.1µm
i_core_v_mini_mcu.cpu_subsystem_i.cpu_0_0.rf_ram_i.memory\[119\]\[1\],14.1µm
i_core_v_mini_mcu.cpu_subsystem_i.cpu_0_0.rf_ram_i.memory\[138\]\[0\],14.1µm
i_core_v_mini_mcu.cpu_subsystem_i.cpu_0_0.rf_ram_i.memory\[346\]\[0\],14.1µm
i_core_v_mini_mcu.cpu_subsystem_i.cpu_0_0.rf_ram_i.memory\[457\]\[1\],14.1µm
i_core_v_mini_mcu.cpu_subsystem_i.cpu_0_0.rf_ram_i.memory\[565\]\[0\],14.1µm
i_core_v_mini_mcu.cpu_subsystem_i.cpu_0_0.rf_ram_i.memory\[84\]\[0\],14.1µm
i_core_v_mini_mcu.cpu_subsystem_i.cpu_1_0.i_servile.arbiter.i_wb_cpu_dbus_adr\[12\],14.1µm
i_core_v_mini_mcu.cpu_subsystem_i.cpu_1_0.i_servile.cpu.ctrl.i_jump,14.1µm
i_core_v_mini_mcu.cpu_subsystem_i.cpu_1_0.rf_ram_i.memory\[144\]\[0\],14.1µm
i_core_v_mini_mcu.cpu_subsystem_i.cpu_1_0.rf_ram_i.memory\[162\]\[1\],14.1µm
i_core_v_mini_mcu.cpu_subsystem_i.cpu_1_0.rf_ram_i.memory\[195\]\[1\],14.1µm
i_core_v_mini_mcu.cpu_subsystem_i.cpu_1_0.rf_ram_i.memory\[206\]\[1\],14.1µm
i_core_v_mini_mcu.cpu_subsystem_i.cpu_1_0.rf_ram_i.memory\[220\]\[0\],14.1µm
i_core_v_mini_mcu.cpu_subsystem_i.cpu_1_0.rf_ram_i.memory\[350\]\[0\],14.1µm
i_core_v_mini_mcu.cpu_subsystem_i.cpu_1_0.rf_ram_i.memory\[399\]\[1\],14.1µm
i_core_v_mini_mcu.memory_subsystem_i.ram0_i.tc_ram_i.sram\[21\]\[30\],14.1µm
i_core_v_mini_mcu.memory_subsystem_i.ram0_i.tc_ram_i.sram\[22\]\[27\],14.1µm
i_core_v_mini_mcu.memory_subsystem_i.ram0_i.tc_ram_i.sram\[24\]\[18\],14.1µm
i_core_v_mini_mcu.memory_subsystem_i.ram0_i.tc_ram_i.sram\[24\]\[30\],14.1µm
_00038_,14.05µm
_00165_,14.05µm
_00216_,14.05µm
_00260_,14.05µm
_00305_,14.05µm
_00365_,14.05µm
_00578_,14.05µm
_01104_,14.05µm
_01826_,14.05µm
_02032_,14.05µm
_02564_,14.05µm
_02675_,14.05µm
_02891_,14.05µm
_02986_,14.05µm
_03097_,14.05µm
_03371_,14.05µm
_03475_,14.05µm
_03680_,14.05µm
_03710_,14.05µm
_03803_,14.05µm
_03980_,14.05µm
_04078_,14.05µm
_04102_,14.05µm
_04121_,14.05µm
_04215_,14.05µm
_04219_,14.05µm
_04226_,14.05µm
_04853_,14.05µm
_04980_,14.05µm
_05026_,14.05µm
_05283_,14.05µm
_05303_,14.05µm
_05421_,14.05µm
_05525_,14.05µm
_05882_,14.05µm
_05908_,14.05µm
_06087_,14.05µm
_06224_,14.05µm
_06278_,14.05µm
_06653_,14.05µm
_06833_,14.05µm
_06892_,14.05µm
_06970_,14.05µm
_07146_,14.05µm
_07417_,14.05µm
_07585_,14.05µm
_07674_,14.05µm
_07755_,14.05µm
_07806_,14.05µm
_07816_,14.05µm
_07860_,14.05µm
_07891_,14.05µm
_08357_,14.05µm
_08386_,14.05µm
_08388_,14.05µm
_08402_,14.05µm
_08470_,14.05µm
_08635_,14.05µm
_09092_,14.05µm
_09911_,14.05µm
_10178_,14.05µm
_10202_,14.05µm
_10679_,14.05µm
_11172_,14.05µm
_11301_,14.05µm
_11708_,14.05µm
_12057_,14.05µm
_12288_,14.05µm
_12307_,14.05µm
_12350_,14.05µm
_12583_,14.05µm
_12629_,14.05µm
_12679_,14.05µm
_13020_,14.05µm
_13195_,14.05µm
_13250_,14.05µm
_13357_,14.05µm
_13388_,14.05µm
_13450_,14.05µm
_13501_,14.05µm
_13574_,14.05µm
_13595_,14.05µm
_13658_,14.05µm
_13889_,14.05µm
_13919_,14.05µm
_13934_,14.05µm
_13941_,14.05µm
_13989_,14.05µm
_14555_,14.05µm
_14836_,14.05µm
_15039_,14.05µm
_15126_,14.05µm
_15326_,14.05µm
_15329_,14.05µm
_15780_,14.05µm
_16049_,14.05µm
_16493_,14.05µm
_16583_,14.05µm
_16598_,14.05µm
_16604_,14.05µm
_16700_,14.05µm
_16827_,14.05µm
_16887_,14.05µm
_17009_,14.05µm
_17117_,14.05µm
_17203_,14.05µm
_17240_,14.05µm
_17668_,14.05µm
_17742_,14.05µm
_18165_,14.05µm
_18777_,14.05µm
_18878_,14.05µm
_18879_,14.05µm
_18958_,14.05µm
_18988_,14.05µm
_19007_,14.05µm
_19349_,14.05µm
_19403_,14.05µm
_19712_,14.05µm
_19918_,14.05µm
_20067_,14.05µm
_20123_,14.05µm
_20181_,14.05µm
_20386_,14.05µm
_20404_,14.05µm
_20518_,14.05µm
_20563_,14.05µm
_20916_,14.05µm
_21142_,14.05µm
_21193_,14.05µm
_21220_,14.05µm
_21448_,14.05µm
_22274_,14.05µm
_22418_,14.05µm
_22503_,14.05µm
_22533_,14.05µm
_22856_,14.05µm
_22979_,14.05µm
_23048_,14.05µm
_23119_,14.05µm
_23229_,14.05µm
_23351_,14.05µm
_23412_,14.05µm
_23414_,14.05µm
_23421_,14.05µm
_23428_,14.05µm
_23455_,14.05µm
_23523_,14.05µm
_23850_,14.05µm
_24120_,14.05µm
_24196_,14.05µm
_24481_,14.05µm
_24888_,14.05µm
_24949_,14.05µm
_25106_,14.05µm
_25249_,14.05µm
_25251_,14.05µm
_25664_,14.05µm
_25709_,14.05µm
_25831_,14.05µm
_25945_,14.05µm
_26038_,14.05µm
_26440_,14.05µm
_27110_,14.05µm
_27470_,14.05µm
_27537_,14.05µm
_27620_,14.05µm
_27767_,14.05µm
_27772_,14.05µm
_27978_,14.05µm
_28126_,14.05µm
_28239_,14.05µm
_28275_,14.05µm
_28342_,14.05µm
_28396_,14.05µm
exit_value_int\[16\],14.05µm
i_core_v_mini_mcu.ao_peripheral_subsystem_i.obi_fifo_i.consumer_data_req_q\[14\],14.05µm
i_core_v_mini_mcu.ao_peripheral_subsystem_i.obi_fifo_i.consumer_data_req_q\[32\],14.05µm
i_core_v_mini_mcu.ao_peripheral_subsystem_i.obi_fifo_i.consumer_data_req_q\[61\],14.05µm
i_core_v_mini_mcu.ao_peripheral_subsystem_i.power_manager_i.power_manager_reg_top_i.intr_state_qs\[10\],14.05µm
i_core_v_mini_mcu.ao_peripheral_subsystem_i.spi_subsystem_i.obi_spimemio_i.obi_to_picorv32_i.obi_resp_o\[7\],14.05µm
i_core_v_mini_mcu.ao_peripheral_subsystem_i.spi_subsystem_i.obi_spimemio_i.spimemio_i.buffer\[3\],14.05µm
i_core_v_mini_mcu.ao_peripheral_subsystem_i.tdu_i.task_mem\[1\]\[22\],14.05µm
i_core_v_mini_mcu.ao_peripheral_subsystem_i.tdu_i.task_mem\[5\]\[8\],14.05µm
i_core_v_mini_mcu.cpu_subsystem_i.cpu_0_0.i_servile.cpu.decode.o_two_stage_op,14.05µm
i_core_v_mini_mcu.cpu_subsystem_i.cpu_0_0.rf_ram_i.memory\[114\]\[1\],14.05µm
i_core_v_mini_mcu.cpu_subsystem_i.cpu_0_0.rf_ram_i.memory\[130\]\[0\],14.05µm
i_core_v_mini_mcu.cpu_subsystem_i.cpu_0_0.rf_ram_i.memory\[147\]\[1\],14.05µm
i_core_v_mini_mcu.cpu_subsystem_i.cpu_0_0.rf_ram_i.memory\[156\]\[0\],14.05µm
i_core_v_mini_mcu.cpu_subsystem_i.cpu_0_0.rf_ram_i.memory\[273\]\[1\],14.05µm
i_core_v_mini_mcu.cpu_subsystem_i.cpu_0_0.rf_ram_i.memory\[27\]\[0\],14.05µm
i_core_v_mini_mcu.cpu_subsystem_i.cpu_0_0.rf_ram_i.memory\[362\]\[0\],14.05µm
i_core_v_mini_mcu.cpu_subsystem_i.cpu_0_0.rf_ram_i.memory\[374\]\[0\],14.05µm
i_core_v_mini_mcu.cpu_subsystem_i.cpu_0_0.rf_ram_i.memory\[374\]\[1\],14.05µm
i_core_v_mini_mcu.cpu_subsystem_i.cpu_0_0.rf_ram_i.memory\[400\]\[1\],14.05µm
i_core_v_mini_mcu.cpu_subsystem_i.cpu_0_0.rf_ram_i.memory\[472\]\[0\],14.05µm
i_core_v_mini_mcu.cpu_subsystem_i.cpu_0_0.rf_ram_i.memory\[496\]\[1\],14.05µm
i_core_v_mini_mcu.cpu_subsystem_i.cpu_0_0.rf_ram_i.memory\[509\]\[0\],14.05µm
i_core_v_mini_mcu.cpu_subsystem_i.cpu_0_0.rf_ram_i.memory\[518\]\[0\],14.05µm
i_core_v_mini_mcu.cpu_subsystem_i.cpu_0_0.rf_ram_i.memory\[520\]\[0\],14.05µm
i_core_v_mini_mcu.cpu_subsystem_i.cpu_0_0.rf_ram_i.memory\[525\]\[1\],14.05µm
i_core_v_mini_mcu.cpu_subsystem_i.cpu_0_0.rf_ram_i.memory\[71\]\[0\],14.05µm
i_core_v_mini_mcu.cpu_subsystem_i.cpu_0_0.rf_ram_i.regzero,14.05µm
i_core_v_mini_mcu.cpu_subsystem_i.cpu_1_0.rf_ram_i.memory\[149\]\[0\],14.05µm
i_core_v_mini_mcu.cpu_subsystem_i.cpu_1_0.rf_ram_i.memory\[194\]\[0\],14.05µm
i_core_v_mini_mcu.cpu_subsystem_i.cpu_1_0.rf_ram_i.memory\[234\]\[1\],14.05µm
i_core_v_mini_mcu.cpu_subsystem_i.cpu_1_0.rf_ram_i.memory\[292\]\[0\],14.05µm
i_core_v_mini_mcu.cpu_subsystem_i.cpu_1_0.rf_ram_i.memory\[352\]\[0\],14.05µm
i_core_v_mini_mcu.cpu_subsystem_i.cpu_1_0.rf_ram_i.memory\[372\]\[1\],14.05µm
i_core_v_mini_mcu.cpu_subsystem_i.cpu_1_0.rf_ram_i.memory\[411\]\[1\],14.05µm
i_core_v_mini_mcu.cpu_subsystem_i.cpu_1_0.rf_ram_i.memory\[43\]\[1\],14.05µm
i_core_v_mini_mcu.cpu_subsystem_i.cpu_1_0.rf_ram_i.memory\[460\]\[1\],14.05µm
i_core_v_mini_mcu.memory_subsystem_i.ram0_i.tc_ram_i.sram\[10\]\[20\],14.05µm
i_core_v_mini_mcu.memory_subsystem_i.ram0_i.tc_ram_i.sram\[16\]\[21\],14.05µm
i_core_v_mini_mcu.memory_subsystem_i.ram0_i.tc_ram_i.sram\[19\]\[1\],14.05µm
i_core_v_mini_mcu.memory_subsystem_i.ram0_i.tc_ram_i.sram\[20\]\[19\],14.05µm
i_core_v_mini_mcu.memory_subsystem_i.ram0_i.tc_ram_i.sram\[20\]\[22\],14.05µm
i_core_v_mini_mcu.memory_subsystem_i.ram0_i.tc_ram_i.sram\[21\]\[24\],14.05µm
i_core_v_mini_mcu.memory_subsystem_i.ram0_i.tc_ram_i.sram\[9\]\[18\],14.05µm
i_core_v_mini_mcu.memory_subsystem_i.ram0_i.tc_ram_i.sram\[9\]\[2\],14.05µm
i_core_v_mini_mcu.peripheral_subsystem_i.obi_fifo_i.consumer_data_req_q\[13\],14.05µm
i_core_v_mini_mcu.peripheral_subsystem_i.obi_fifo_i.consumer_data_req_q\[5\],14.05µm
i_core_v_mini_mcu.peripheral_subsystem_i.uart_i.uart_core.u_uart_rxfifo.gen_normal_fifo.storage\[0\],14.05µm
i_core_v_mini_mcu.system_bus_i.gen_demux_xbar\[3\].demux_xbar_i.u_xbar_varlat.gen_inputs\[0\].i_addr_dec_resp_mux.valid_inflight_q,14.05µm
_00041_,14µm
_00107_,14µm
_00230_,14µm
_00335_,14µm
_00562_,14µm
_00688_,14µm
_00784_,14µm
_01129_,14µm
_01143_,14µm
_01253_,14µm
_01897_,14µm
_02429_,14µm
_02512_,14µm
_02795_,14µm
_02796_,14µm
_03113_,14µm
_03705_,14µm
_03746_,14µm
_04110_,14µm
_04155_,14µm
_04586_,14µm
_04621_,14µm
_04891_,14µm
_05078_,14µm
_05120_,14µm
_05189_,14µm
_05791_,14µm
_05847_,14µm
_06177_,14µm
_06727_,14µm
_07270_,14µm
_07325_,14µm
_07710_,14µm
_07899_,14µm
_07947_,14µm
_08107_,14µm
_08163_,14µm
_08203_,14µm
_08327_,14µm
_08475_,14µm
_08611_,14µm
_08774_,14µm
_09119_,14µm
_09651_,14µm
_10083_,14µm
_10504_,14µm
_10708_,14µm
_10803_,14µm
_10844_,14µm
_10895_,14µm
_11021_,14µm
_11023_,14µm
_11108_,14µm
_11206_,14µm
_11458_,14µm
_11604_,14µm
_11643_,14µm
_11773_,14µm
_11847_,14µm
_11971_,14µm
_11976_,14µm
_12023_,14µm
_12047_,14µm
_12203_,14µm
_12287_,14µm
_12785_,14µm
_13148_,14µm
_13175_,14µm
_13518_,14µm
_13690_,14µm
_13692_,14µm
_13782_,14µm
_13804_,14µm
_14242_,14µm
_14257_,14µm
_14340_,14µm
_14399_,14µm
_14602_,14µm
_14667_,14µm
_14839_,14µm
_14984_,14µm
_15498_,14µm
_15573_,14µm
_15647_,14µm
_15842_,14µm
_15921_,14µm
_16113_,14µm
_16207_,14µm
_16257_,14µm
_16322_,14µm
_16576_,14µm
_16829_,14µm
_17110_,14µm
_17222_,14µm
_17575_,14µm
_17774_,14µm
_17860_,14µm
_17900_,14µm
_18011_,14µm
_18991_,14µm
_19061_,14µm
_19250_,14µm
_19256_,14µm
_19264_,14µm
_19282_,14µm
_19291_,14µm
_19440_,14µm
_19723_,14µm
_20010_,14µm
_20058_,14µm
_20101_,14µm
_20244_,14µm
_20587_,14µm
_20718_,14µm
_20924_,14µm
_21070_,14µm
_21389_,14µm
_21658_,14µm
_21865_,14µm
_22180_,14µm
_22238_,14µm
_22368_,14µm
_23144_,14µm
_23215_,14µm
_23328_,14µm
_23358_,14µm
_23527_,14µm
_23560_,14µm
_23568_,14µm
_23696_,14µm
_23742_,14µm
_24029_,14µm
_24033_,14µm
_24070_,14µm
_24086_,14µm
_24318_,14µm
_24686_,14µm
_24863_,14µm
_24925_,14µm
_25164_,14µm
_25327_,14µm
_25715_,14µm
_25847_,14µm
_26326_,14µm
_26631_,14µm
_26693_,14µm
_27063_,14µm
_27194_,14µm
_27365_,14µm
_27390_,14µm
_27549_,14µm
_27605_,14µm
_27644_,14µm
_27963_,14µm
_28049_,14µm
i_core_v_mini_mcu.ao_peripheral_subsystem_i.obi_fifo_i.consumer_data_req_q\[64\],14µm
i_core_v_mini_mcu.ao_peripheral_subsystem_i.power_manager_i.power_manager_reg_top_i.u_intr_state.wr_data\[13\],14µm
i_core_v_mini_mcu.core_data_req\[93\],14µm
i_core_v_mini_mcu.cpu_subsystem_i.cpu_0_0.i_servile.cpu.decode.o_immdec_ctrl\[1\],14µm
i_core_v_mini_mcu.cpu_subsystem_i.cpu_0_0.i_servile.cpu.gen_align.align.ibus_rdt_concat\[2\],14µm
i_core_v_mini_mcu.cpu_subsystem_i.cpu_0_0.rf_ram_i.memory\[338\]\[0\],14µm
i_core_v_mini_mcu.cpu_subsystem_i.cpu_0_0.rf_ram_i.memory\[355\]\[1\],14µm
i_core_v_mini_mcu.cpu_subsystem_i.cpu_0_0.rf_ram_i.memory\[513\]\[1\],14µm
i_core_v_mini_mcu.cpu_subsystem_i.cpu_1_0.i_servile.cpu.decode.o_mem_signed,14µm
i_core_v_mini_mcu.cpu_subsystem_i.cpu_1_0.rf_ram_i.memory\[247\]\[1\],14µm
i_core_v_mini_mcu.cpu_subsystem_i.cpu_1_0.rf_ram_i.memory\[259\]\[0\],14µm
i_core_v_mini_mcu.cpu_subsystem_i.cpu_1_0.rf_ram_i.memory\[337\]\[0\],14µm
i_core_v_mini_mcu.memory_subsystem_i.ram0_i.tc_ram_i.sram\[0\]\[14\],14µm
i_core_v_mini_mcu.memory_subsystem_i.ram0_i.tc_ram_i.sram\[13\]\[18\],14µm
i_core_v_mini_mcu.memory_subsystem_i.ram0_i.tc_ram_i.sram\[23\]\[3\],14µm
i_core_v_mini_mcu.memory_subsystem_i.ram0_i.tc_ram_i.sram\[24\]\[29\],14µm
i_core_v_mini_mcu.memory_subsystem_i.ram0_i.tc_ram_i.sram\[27\]\[31\],14µm
i_core_v_mini_mcu.memory_subsystem_i.ram0_i.tc_ram_i.sram\[28\]\[6\],14µm
i_core_v_mini_mcu.memory_subsystem_i.ram0_i.tc_ram_i.sram\[2\]\[12\],14µm
i_core_v_mini_mcu.memory_subsystem_i.ram0_i.tc_ram_i.sram\[2\]\[7\],14µm
i_core_v_mini_mcu.cpu_subsystem_i.cpu_0_0.rf_ram_i.memory\[271\]\[0\],13.77µm
i_core_v_mini_mcu.cpu_subsystem_i.cpu_0_0.rf_ram_i.memory\[49\]\[0\],13.77µm
i_core_v_mini_mcu.ao_peripheral_subsystem_i.power_manager_i.power_manager_sequence_periph_iso_i.sequence_curr_state\[1\],13.69µm
i_core_v_mini_mcu.cpu_subsystem_i.cpu_1_0.rf_ram_i.memory\[224\]\[0\],13.62µm
_05514_,13.59µm
_05674_,13.59µm
_16940_,13.59µm
_21771_,13.59µm
_21934_,13.59µm
_22642_,13.59µm
_23613_,13.59µm
i_core_v_mini_mcu.ao_peripheral_subsystem_i.power_manager_i.power_manager_reg_top_i.cpu_reset_assert_counter_qs\[0\],13.59µm
i_core_v_mini_mcu.cpu_subsystem_i.cpu_1_0.i_servile.cpu.decode.o_rd_alu_en,13.59µm
i_core_v_mini_mcu.cpu_subsystem_i.cpu_1_0.rf_ram_i.memory\[238\]\[1\],13.59µm
i_core_v_mini_mcu.cpu_subsystem_i.cpu_1_0.rf_ram_i.memory\[283\]\[1\],13.59µm
i_core_v_mini_mcu.cpu_subsystem_i.cpu_1_0.rf_ram_i.memory\[67\]\[1\],13.59µm
_01752_,13.54µm
_01869_,13.54µm
_05456_,13.54µm
_06341_,13.54µm
_06668_,13.54µm
_06851_,13.54µm
_07440_,13.54µm
_08594_,13.54µm
_09006_,13.54µm
_09278_,13.54µm
_09386_,13.54µm
_09677_,13.54µm
_09871_,13.54µm
_10113_,13.54µm
_11876_,13.54µm
_11996_,13.54µm
_12659_,13.54µm
_13619_,13.54µm
_15670_,13.54µm
_17220_,13.54µm
_17929_,13.54µm
_19805_,13.54µm
_20613_,13.54µm
_23731_,13.54µm
_23924_,13.54µm
_23978_,13.54µm
_24079_,13.54µm
_24143_,13.54µm
_26463_,13.54µm
_27873_,13.54µm
_27875_,13.54µm
_28251_,13.54µm
_28390_,13.54µm
i_core_v_mini_mcu.ao_peripheral_subsystem_i.soc_ctrl_i.soc_ctrl_reg_top_i.system_frequency_hz_qs\[9\],13.54µm
i_core_v_mini_mcu.ao_peripheral_subsystem_i.tdu_i.task_mem\[1\]\[10\],13.54µm
i_core_v_mini_mcu.cpu_subsystem_i.cpu_0_0.i_servile.cpu.decode.o_immdec_en\[1\],13.54µm
i_core_v_mini_mcu.cpu_subsystem_i.cpu_0_0.i_servile.cpu.immdec.gen_immdec_w_eq_1.imm24_20\[0\],13.54µm
i_core_v_mini_mcu.cpu_subsystem_i.cpu_0_0.rf_ram_i.memory\[114\]\[0\],13.54µm
i_core_v_mini_mcu.cpu_subsystem_i.cpu_0_0.rf_ram_i.memory\[148\]\[0\],13.54µm
i_core_v_mini_mcu.cpu_subsystem_i.cpu_0_0.rf_ram_i.memory\[149\]\[1\],13.54µm
i_core_v_mini_mcu.cpu_subsystem_i.cpu_0_0.rf_ram_i.memory\[168\]\[1\],13.54µm
i_core_v_mini_mcu.cpu_subsystem_i.cpu_0_0.rf_ram_i.memory\[188\]\[1\],13.54µm
i_core_v_mini_mcu.cpu_subsystem_i.cpu_0_0.rf_ram_i.memory\[465\]\[0\],13.54µm
i_core_v_mini_mcu.cpu_subsystem_i.cpu_0_0.rf_ram_i.memory\[504\]\[1\],13.54µm
i_core_v_mini_mcu.cpu_subsystem_i.cpu_0_0.rf_ram_i.memory\[58\]\[0\],13.54µm
i_core_v_mini_mcu.cpu_subsystem_i.cpu_1_0.i_servile.cpu.immdec.gen_immdec_w_eq_1.imm30_25\[2\],13.54µm
i_core_v_mini_mcu.cpu_subsystem_i.cpu_1_0.rf_ram_i.memory\[164\]\[0\],13.54µm
i_core_v_mini_mcu.cpu_subsystem_i.cpu_1_0.rf_ram_i.memory\[185\]\[0\],13.54µm
i_core_v_mini_mcu.cpu_subsystem_i.cpu_1_0.rf_ram_i.memory\[193\]\[0\],13.54µm
i_core_v_mini_mcu.cpu_subsystem_i.cpu_1_0.rf_ram_i.memory\[206\]\[0\],13.54µm
i_core_v_mini_mcu.cpu_subsystem_i.cpu_1_0.rf_ram_i.memory\[265\]\[1\],13.54µm
i_core_v_mini_mcu.cpu_subsystem_i.cpu_1_0.rf_ram_i.memory\[342\]\[1\],13.54µm
i_core_v_mini_mcu.cpu_subsystem_i.cpu_1_0.rf_ram_i.memory\[356\]\[0\],13.54µm
i_core_v_mini_mcu.cpu_subsystem_i.cpu_1_0.rf_ram_i.memory\[388\]\[0\],13.54µm
i_core_v_mini_mcu.cpu_subsystem_i.cpu_1_0.rf_ram_i.memory\[452\]\[0\],13.54µm
i_core_v_mini_mcu.memory_subsystem_i.ram0_i.tc_ram_i.sram\[0\]\[1\],13.54µm
i_core_v_mini_mcu.memory_subsystem_i.ram0_i.tc_ram_i.sram\[11\]\[23\],13.54µm
i_core_v_mini_mcu.memory_subsystem_i.ram0_i.tc_ram_i.sram\[29\]\[19\],13.54µm
i_core_v_mini_mcu.memory_subsystem_i.ram0_i.tc_ram_i.sram\[5\]\[11\],13.54µm
i_core_v_mini_mcu.peripheral_subsystem_i.uart_i.uart_core.u_uart_txfifo.gen_normal_fifo.storage\[17\],13.54µm
_00068_,13.49µm
_00079_,13.49µm
_00118_,13.49µm
_00121_,13.49µm
_00187_,13.49µm
_00206_,13.49µm
_00262_,13.49µm
_00336_,13.49µm
_00398_,13.49µm
_00545_,13.49µm
_00638_,13.49µm
_00762_,13.49µm
_00977_,13.49µm
_01034_,13.49µm
_01101_,13.49µm
_01167_,13.49µm
_01337_,13.49µm
_01461_,13.49µm
_01518_,13.49µm
_01718_,13.49µm
_02041_,13.49µm
_02068_,13.49µm
_02116_,13.49µm
_02260_,13.49µm
_02297_,13.49µm
_03188_,13.49µm
_03193_,13.49µm
_03474_,13.49µm
_03490_,13.49µm
_03717_,13.49µm
_03729_,13.49µm
_03739_,13.49µm
_03928_,13.49µm
_04048_,13.49µm
_04088_,13.49µm
_04133_,13.49µm
_04206_,13.49µm
_04344_,13.49µm
_04729_,13.49µm
_04857_,13.49µm
_04867_,13.49µm
_05094_,13.49µm
_05296_,13.49µm
_05361_,13.49µm
_05398_,13.49µm
_05859_,13.49µm
_05895_,13.49µm
_06036_,13.49µm
_06678_,13.49µm
_07057_,13.49µm
_07949_,13.49µm
_08208_,13.49µm
_08301_,13.49µm
_08682_,13.49µm
_08754_,13.49µm
_08792_,13.49µm
_08969_,13.49µm
_09044_,13.49µm
_09061_,13.49µm
_09195_,13.49µm
_09249_,13.49µm
_09396_,13.49µm
_09438_,13.49µm
_09441_,13.49µm
_09642_,13.49µm
_09713_,13.49µm
_09734_,13.49µm
_10032_,13.49µm
_10053_,13.49µm
_10086_,13.49µm
_10235_,13.49µm
_10818_,13.49µm
_10965_,13.49µm
_11184_,13.49µm
_11275_,13.49µm
_11359_,13.49µm
_11667_,13.49µm
_11871_,13.49µm
_12015_,13.49µm
_12081_,13.49µm
_12094_,13.49µm
_12154_,13.49µm
_12222_,13.49µm
_12278_,13.49µm
_12972_,13.49µm
_13001_,13.49µm
_13054_,13.49µm
_13328_,13.49µm
_13437_,13.49µm
_13467_,13.49µm
_13672_,13.49µm
_13799_,13.49µm
_13942_,13.49µm
_14143_,13.49µm
_14357_,13.49µm
_14488_,13.49µm
_14525_,13.49µm
_14641_,13.49µm
_14673_,13.49µm
_14784_,13.49µm
_15037_,13.49µm
_15105_,13.49µm
_15151_,13.49µm
_15181_,13.49µm
_15321_,13.49µm
_15664_,13.49µm
_15681_,13.49µm
_15775_,13.49µm
_15987_,13.49µm
_16055_,13.49µm
_17301_,13.49µm
_17327_,13.49µm
_17755_,13.49µm
_17825_,13.49µm
_18210_,13.49µm
_18283_,13.49µm
_18316_,13.49µm
_18548_,13.49µm
_18685_,13.49µm
_18710_,13.49µm
_18799_,13.49µm
_18865_,13.49µm
_18904_,13.49µm
_18926_,13.49µm
_18968_,13.49µm
_19130_,13.49µm
_19315_,13.49µm
_19496_,13.49µm
_19697_,13.49µm
_19819_,13.49µm
_19842_,13.49µm
_19942_,13.49µm
_20095_,13.49µm
_20198_,13.49µm
_20337_,13.49µm
_20389_,13.49µm
_20448_,13.49µm
_20560_,13.49µm
_20579_,13.49µm
_20762_,13.49µm
_20851_,13.49µm
_20910_,13.49µm
_20936_,13.49µm
_21018_,13.49µm
_21256_,13.49µm
_21370_,13.49µm
_21437_,13.49µm
_21704_,13.49µm
_22046_,13.49µm
_22048_,13.49µm
_22052_,13.49µm
_22099_,13.49µm
_22148_,13.49µm
_22152_,13.49µm
_22260_,13.49µm
_22305_,13.49µm
_22776_,13.49µm
_22792_,13.49µm
_23140_,13.49µm
_23212_,13.49µm
_23232_,13.49µm
_23300_,13.49µm
_23463_,13.49µm
_23513_,13.49µm
_23886_,13.49µm
_24027_,13.49µm
_24095_,13.49µm
_24129_,13.49µm
_24482_,13.49µm
_24611_,13.49µm
_24634_,13.49µm
_24656_,13.49µm
_24829_,13.49µm
_24987_,13.49µm
_25145_,13.49µm
_25187_,13.49µm
_25283_,13.49µm
_25307_,13.49µm
_25375_,13.49µm
_25789_,13.49µm
_26080_,13.49µm
_26154_,13.49µm
_26553_,13.49µm
_26602_,13.49µm
_26729_,13.49µm
_26846_,13.49µm
_26986_,13.49µm
_27098_,13.49µm
_27118_,13.49µm
_27166_,13.49µm
_27294_,13.49µm
_27319_,13.49µm
_27356_,13.49µm
_27382_,13.49µm
_27417_,13.49µm
_27736_,13.49µm
_27781_,13.49µm
_27867_,13.49µm
_27908_,13.49µm
_28085_,13.49µm
_28336_,13.49µm
_28420_,13.49µm
i_core_v_mini_mcu.ao_peripheral_subsystem_i.obi_fifo_i.consumer_data_req\[43\],13.49µm
i_core_v_mini_mcu.ao_peripheral_subsystem_i.obi_fifo_i.consumer_data_req\[4\],13.49µm
i_core_v_mini_mcu.ao_peripheral_subsystem_i.obi_fifo_i.consumer_data_req_q\[21\],13.49µm
i_core_v_mini_mcu.ao_peripheral_subsystem_i.soc_ctrl_i.reg2hw\[1\],13.49µm
i_core_v_mini_mcu.ao_peripheral_subsystem_i.tdu_i.task_mem\[3\]\[8\],13.49µm
i_core_v_mini_mcu.cpu_subsystem_i.cpu_0_0.i_servile.cpu.gen_csr.csr.mcause3_0\[3\],13.49µm
i_core_v_mini_mcu.cpu_subsystem_i.cpu_0_0.rf_ram_i.memory\[122\]\[1\],13.49µm
i_core_v_mini_mcu.cpu_subsystem_i.cpu_0_0.rf_ram_i.memory\[180\]\[0\],13.49µm
i_core_v_mini_mcu.cpu_subsystem_i.cpu_0_0.rf_ram_i.memory\[342\]\[1\],13.49µm
i_core_v_mini_mcu.cpu_subsystem_i.cpu_0_0.rf_ram_i.memory\[349\]\[0\],13.49µm
i_core_v_mini_mcu.cpu_subsystem_i.cpu_0_0.rf_ram_i.memory\[453\]\[0\],13.49µm
i_core_v_mini_mcu.cpu_subsystem_i.cpu_0_0.rf_ram_i.memory\[489\]\[1\],13.49µm
i_core_v_mini_mcu.cpu_subsystem_i.cpu_0_0.rf_ram_i.memory\[553\]\[0\],13.49µm
i_core_v_mini_mcu.cpu_subsystem_i.cpu_1_0.i_servile.arbiter.i_wb_cpu_ibus_adr\[8\],13.49µm
i_core_v_mini_mcu.cpu_subsystem_i.cpu_1_0.i_servile.cpu.mem_if.signbit,13.49µm
i_core_v_mini_mcu.cpu_subsystem_i.cpu_1_0.i_servile.rf_ram_if.wen0_r,13.49µm
i_core_v_mini_mcu.cpu_subsystem_i.cpu_1_0.rf_ram_i.memory\[130\]\[1\],13.49µm
i_core_v_mini_mcu.cpu_subsystem_i.cpu_1_0.rf_ram_i.memory\[134\]\[1\],13.49µm
i_core_v_mini_mcu.cpu_subsystem_i.cpu_1_0.rf_ram_i.memory\[190\]\[1\],13.49µm
i_core_v_mini_mcu.cpu_subsystem_i.cpu_1_0.rf_ram_i.memory\[36\]\[0\],13.49µm
i_core_v_mini_mcu.cpu_subsystem_i.cpu_1_0.rf_ram_i.memory\[442\]\[1\],13.49µm
i_core_v_mini_mcu.cpu_subsystem_i.cpu_1_0.rf_ram_i.memory\[443\]\[1\],13.49µm
i_core_v_mini_mcu.cpu_subsystem_i.cpu_1_0.rf_ram_i.memory\[478\]\[1\],13.49µm
i_core_v_mini_mcu.memory_subsystem_i.ram0_i.tc_ram_i.sram\[16\]\[16\],13.49µm
i_core_v_mini_mcu.memory_subsystem_i.ram0_i.tc_ram_i.sram\[19\]\[23\],13.49µm
i_core_v_mini_mcu.memory_subsystem_i.ram0_i.tc_ram_i.sram\[22\]\[25\],13.49µm
i_core_v_mini_mcu.memory_subsystem_i.ram0_i.tc_ram_i.sram\[30\]\[22\],13.49µm
i_core_v_mini_mcu.peripheral_subsystem_i.obi_fifo_i.consumer_data_req_q\[3\],13.49µm
i_core_v_mini_mcu.peripheral_subsystem_i.obi_fifo_i.consumer_resp_i\[26\],13.49µm
_00053_,13.44µm
_00417_,13.44µm
_00439_,13.44µm
_00652_,13.44µm
_00665_,13.44µm
_00836_,13.44µm
_00936_,13.44µm
_01440_,13.44µm
_01605_,13.44µm
_01630_,13.44µm
_01804_,13.44µm
_01805_,13.44µm
_01844_,13.44µm
_02148_,13.44µm
_02251_,13.44µm
_02288_,13.44µm
_02348_,13.44µm
_02374_,13.44µm
_02683_,13.44µm
_02727_,13.44µm
_02973_,13.44µm
_03137_,13.44µm
_03226_,13.44µm
_03403_,13.44µm
_03804_,13.44µm
_03905_,13.44µm
_04013_,13.44µm
_04130_,13.44µm
_04342_,13.44µm
_04345_,13.44µm
_04352_,13.44µm
_04702_,13.44µm
_04845_,13.44µm
_04958_,13.44µm
_05124_,13.44µm
_05168_,13.44µm
_05294_,13.44µm
_05308_,13.44µm
_05631_,13.44µm
_05661_,13.44µm
_05759_,13.44µm
_05794_,13.44µm
_05863_,13.44µm
_06000_,13.44µm
_06069_,13.44µm
_06268_,13.44µm
_07171_,13.44µm
_07334_,13.44µm
_07346_,13.44µm
_07610_,13.44µm
_07726_,13.44µm
_07792_,13.44µm
_07812_,13.44µm
_07841_,13.44µm
_08498_,13.44µm
_08673_,13.44µm
_08964_,13.44µm
_09108_,13.44µm
_09466_,13.44µm
_09625_,13.44µm
_10153_,13.44µm
_10475_,13.44µm
_10479_,13.44µm
_10576_,13.44µm
_10707_,13.44µm
_10949_,13.44µm
_11162_,13.44µm
_11166_,13.44µm
_11175_,13.44µm
_11243_,13.44µm
_11254_,13.44µm
_11294_,13.44µm
_11642_,13.44µm
_11700_,13.44µm
_11872_,13.44µm
_11875_,13.44µm
_11911_,13.44µm
_11940_,13.44µm
_12204_,13.44µm
_12297_,13.44µm
_13373_,13.44µm
_13435_,13.44µm
_13497_,13.44µm
_13591_,13.44µm
_13652_,13.44µm
_13868_,13.44µm
_14063_,13.44µm
_14294_,13.44µm
_14454_,13.44µm
_14487_,13.44µm
_14517_,13.44µm
_14699_,13.44µm
_14953_,13.44µm
_15052_,13.44µm
_15346_,13.44µm
_15483_,13.44µm
_15564_,13.44µm
_15812_,13.44µm
_15914_,13.44µm
_16550_,13.44µm
_16998_,13.44µm
_17147_,13.44µm
_17303_,13.44µm
_17498_,13.44µm
_17545_,13.44µm
_17820_,13.44µm
_17873_,13.44µm
_17895_,13.44µm
_17949_,13.44µm
_18376_,13.44µm
_18771_,13.44µm
_18999_,13.44µm
_19114_,13.44µm
_19429_,13.44µm
_19562_,13.44µm
_19759_,13.44µm
_19891_,13.44µm
_19999_,13.44µm
_20052_,13.44µm
_20075_,13.44µm
_20245_,13.44µm
_20760_,13.44µm
_20819_,13.44µm
_20836_,13.44µm
_21076_,13.44µm
_21234_,13.44µm
_21388_,13.44µm
_21423_,13.44µm
_21583_,13.44µm
_21649_,13.44µm
_22205_,13.44µm
_22425_,13.44µm
_23055_,13.44µm
_23160_,13.44µm
_23439_,13.44µm
_23973_,13.44µm
_24046_,13.44µm
_24084_,13.44µm
_24157_,13.44µm
_24169_,13.44µm
_24692_,13.44µm
_24700_,13.44µm
_24859_,13.44µm
_24903_,13.44µm
_24917_,13.44µm
_25765_,13.44µm
_26101_,13.44µm
_26506_,13.44µm
_26511_,13.44µm
_26632_,13.44µm
_26687_,13.44µm
_26728_,13.44µm
_27239_,13.44µm
_27429_,13.44µm
_27609_,13.44µm
_27999_,13.44µm
_28257_,13.44µm
i_core_v_mini_mcu.ao_peripheral_subsystem_i.obi_fifo_i.consumer_data_req_q\[26\],13.44µm
i_core_v_mini_mcu.ao_peripheral_subsystem_i.periph_to_reg_i.r_rdata_d\[30\],13.44µm
i_core_v_mini_mcu.ao_peripheral_subsystem_i.periph_to_reg_i.r_rdata_d\[31\],13.44µm
i_core_v_mini_mcu.ao_peripheral_subsystem_i.power_manager_i.power_manager_reg_top_i.intr_state_qs\[27\],13.44µm
i_core_v_mini_mcu.ao_peripheral_subsystem_i.tdu_i.task_mem\[1\]\[3\],13.44µm
i_core_v_mini_mcu.cpu_subsystem_i.cpu_0_0.rf_ram_i.memory\[182\]\[0\],13.44µm
i_core_v_mini_mcu.cpu_subsystem_i.cpu_0_0.rf_ram_i.memory\[200\]\[0\],13.44µm
i_core_v_mini_mcu.cpu_subsystem_i.cpu_0_0.rf_ram_i.memory\[21\]\[0\],13.44µm
i_core_v_mini_mcu.cpu_subsystem_i.cpu_0_0.rf_ram_i.memory\[397\]\[0\],13.44µm
i_core_v_mini_mcu.cpu_subsystem_i.cpu_0_0.rf_ram_i.memory\[426\]\[1\],13.44µm
i_core_v_mini_mcu.cpu_subsystem_i.cpu_0_0.rf_ram_i.memory\[464\]\[0\],13.44µm
i_core_v_mini_mcu.cpu_subsystem_i.cpu_0_0.rf_ram_i.memory\[481\]\[0\],13.44µm
i_core_v_mini_mcu.cpu_subsystem_i.cpu_0_0.rf_ram_i.memory\[509\]\[1\],13.44µm
i_core_v_mini_mcu.cpu_subsystem_i.cpu_0_0.rf_ram_i.memory\[97\]\[1\],13.44µm
i_core_v_mini_mcu.cpu_subsystem_i.cpu_1_0.i_servile.arbiter.i_wb_cpu_ibus_adr\[25\],13.44µm
i_core_v_mini_mcu.cpu_subsystem_i.cpu_1_0.rf_ram_i.memory\[101\]\[0\],13.44µm
i_core_v_mini_mcu.cpu_subsystem_i.cpu_1_0.rf_ram_i.memory\[232\]\[0\],13.44µm
i_core_v_mini_mcu.cpu_subsystem_i.cpu_1_0.rf_ram_i.memory\[427\]\[1\],13.44µm
i_core_v_mini_mcu.cpu_subsystem_i.cpu_1_0.rf_ram_i.memory\[473\]\[1\],13.44µm
i_core_v_mini_mcu.memory_subsystem_i.ram0_i.tc_ram_i.sram\[1\]\[4\],13.44µm
i_core_v_mini_mcu.memory_subsystem_i.ram0_i.tc_ram_i.sram\[25\]\[24\],13.44µm
i_core_v_mini_mcu.memory_subsystem_i.ram0_i.tc_ram_i.sram\[31\]\[22\],13.44µm
i_core_v_mini_mcu.peripheral_subsystem_i.obi_fifo_i.consumer_data_req\[2\],13.44µm
i_core_v_mini_mcu.cpu_subsystem_i.cpu_0_0.i_servile.rf_ram_if.wen1_r,13.26µm
i_core_v_mini_mcu.cpu_subsystem_i.cpu_1_0.rf_ram_i.memory\[36\]\[1\],13.26µm
i_core_v_mini_mcu.cpu_subsystem_i.cpu_1_0.rf_ram_i.memory\[435\]\[0\],13.21µm
i_core_v_mini_mcu.peripheral_subsystem_i.uart_i.uart_core.u_uart_rxfifo.gen_normal_fifo.storage\[21\],13.21µm
_09641_,13.16µm
i_core_v_mini_mcu.ao_peripheral_subsystem_i.tdu_i.cpi_est_q\[13\],13.16µm
i_core_v_mini_mcu.memory_subsystem_i.ram0_i.tc_ram_i.sram\[5\]\[29\],13.16µm
i_core_v_mini_mcu.cpu_subsystem_i.cpu_1_0.i_servile.cpu.immdec.gen_immdec_w_eq_1.imm30_25\[4\],13.08µm
_01563_,13.03µm
_05691_,13.03µm
_06679_,13.03µm
_09971_,13.03µm
_10087_,13.03µm
_22190_,13.03µm
_22630_,13.03µm
_23025_,13.03µm
_24106_,13.03µm
i_core_v_mini_mcu.ao_peripheral_subsystem_i.tdu_i.task_mem\[1\]\[20\],13.03µm
i_core_v_mini_mcu.cpu_subsystem_i.cpu_0_0.i_servile.cpu.ctrl.pc_plus_offset_cy_r,13.03µm
i_core_v_mini_mcu.cpu_subsystem_i.cpu_1_0.rf_ram_i.memory\[296\]\[1\],13.03µm
i_core_v_mini_mcu.cpu_subsystem_i.cpu_1_0.rf_ram_i.memory\[446\]\[0\],13.03µm
i_core_v_mini_mcu.cpu_subsystem_i.cpu_1_0.rf_ram_i.memory\[66\]\[0\],13.03µm
i_core_v_mini_mcu.memory_subsystem_i.ram0_i.tc_ram_i.sram\[26\]\[24\],13.03µm
i_core_v_mini_mcu.peripheral_subsystem_i.uart_i.uart_core.u_uart_rxfifo.gen_normal_fifo.storage\[3\],13.03µm
i_core_v_mini_mcu.peripheral_subsystem_i.uart_i.uart_core.u_uart_txfifo.gen_normal_fifo.storage\[28\],13.03µm
_00250_,12.98µm
_00254_,12.98µm
_00397_,12.98µm
_00401_,12.98µm
_00881_,12.98µm
_01046_,12.98µm
_01592_,12.98µm
_02099_,12.98µm
_02679_,12.98µm
_02935_,12.98µm
_03459_,12.98µm
_03568_,12.98µm
_06700_,12.98µm
_09041_,12.98µm
_09128_,12.98µm
_09405_,12.98µm
_09880_,12.98µm
_10304_,12.98µm
_10406_,12.98µm
_12614_,12.98µm
_12884_,12.98µm
_15424_,12.98µm
_16882_,12.98µm
_17177_,12.98µm
_19070_,12.98µm
_19171_,12.98µm
_20105_,12.98µm
_20137_,12.98µm
_20164_,12.98µm
_21458_,12.98µm
_21864_,12.98µm
_21958_,12.98µm
_22540_,12.98µm
_23029_,12.98µm
_23629_,12.98µm
_24132_,12.98µm
_24135_,12.98µm
_24349_,12.98µm
i_core_v_mini_mcu.ao_peripheral_subsystem_i.mosaic_clint_i.mtimecmp_q\[70\],12.98µm
i_core_v_mini_mcu.ao_peripheral_subsystem_i.obi_fifo_i.consumer_data_req_q\[17\],12.98µm
i_core_v_mini_mcu.ao_peripheral_subsystem_i.power_manager_i.power_manager_reg_top_i.intr_state_qs\[26\],12.98µm
i_core_v_mini_mcu.ao_peripheral_subsystem_i.soc_ctrl_i.reg2hw\[18\],12.98µm
i_core_v_mini_mcu.cpu_subsystem_i.cpu_0_0.i_servile.cpu.state.cnt_r\[0\],12.98µm
i_core_v_mini_mcu.cpu_subsystem_i.cpu_0_0.rf_ram_i.memory\[101\]\[1\],12.98µm
i_core_v_mini_mcu.cpu_subsystem_i.cpu_0_0.rf_ram_i.memory\[173\]\[0\],12.98µm
i_core_v_mini_mcu.cpu_subsystem_i.cpu_0_0.rf_ram_i.memory\[180\]\[1\],12.98µm
i_core_v_mini_mcu.cpu_subsystem_i.cpu_0_0.rf_ram_i.memory\[200\]\[1\],12.98µm
i_core_v_mini_mcu.cpu_subsystem_i.cpu_0_0.rf_ram_i.memory\[322\]\[0\],12.98µm
i_core_v_mini_mcu.cpu_subsystem_i.cpu_0_0.rf_ram_i.memory\[336\]\[0\],12.98µm
i_core_v_mini_mcu.cpu_subsystem_i.cpu_0_0.rf_ram_i.memory\[440\]\[0\],12.98µm
i_core_v_mini_mcu.cpu_subsystem_i.cpu_0_0.rf_ram_i.memory\[449\]\[0\],12.98µm
i_core_v_mini_mcu.cpu_subsystem_i.cpu_0_0.rf_ram_i.memory\[80\]\[0\],12.98µm
i_core_v_mini_mcu.cpu_subsystem_i.cpu_0_0.rf_ram_i.memory\[83\]\[0\],12.98µm
i_core_v_mini_mcu.cpu_subsystem_i.cpu_1_0.rf_ram_i.memory\[211\]\[1\],12.98µm
i_core_v_mini_mcu.cpu_subsystem_i.cpu_1_0.rf_ram_i.memory\[303\]\[0\],12.98µm
i_core_v_mini_mcu.cpu_subsystem_i.cpu_1_0.rf_ram_i.memory\[340\]\[0\],12.98µm
i_core_v_mini_mcu.cpu_subsystem_i.cpu_1_0.rf_ram_i.memory\[428\]\[0\],12.98µm
i_core_v_mini_mcu.cpu_subsystem_i.cpu_1_0.rf_ram_i.memory\[437\]\[1\],12.98µm
i_core_v_mini_mcu.cpu_subsystem_i.cpu_1_0.rf_ram_i.memory\[473\]\[0\],12.98µm
i_core_v_mini_mcu.cpu_subsystem_i.cpu_1_0.rf_ram_i.memory\[71\]\[0\],12.98µm
i_core_v_mini_mcu.memory_subsystem_i.ram0_i.tc_ram_i.sram\[12\]\[22\],12.98µm
i_core_v_mini_mcu.memory_subsystem_i.ram0_i.tc_ram_i.sram\[22\]\[3\],12.98µm
i_core_v_mini_mcu.memory_subsystem_i.ram0_i.tc_ram_i.sram\[26\]\[6\],12.98µm
i_core_v_mini_mcu.memory_subsystem_i.ram0_i.tc_ram_i.sram\[27\]\[0\],12.98µm
i_core_v_mini_mcu.memory_subsystem_i.ram0_i.tc_ram_i.sram\[8\]\[24\],12.98µm
i_core_v_mini_mcu.peripheral_subsystem_i.uart_i.reg2hw\[112\],12.98µm
i_core_v_mini_mcu.peripheral_subsystem_i.uart_i.uart_core.u_uart_rxfifo.gen_normal_fifo.storage\[12\],12.98µm
_00177_,12.93µm
_00198_,12.93µm
_00227_,12.93µm
_00271_,12.93µm
_00430_,12.93µm
_00467_,12.93µm
_00607_,12.93µm
_00695_,12.93µm
_00719_,12.93µm
_01012_,12.93µm
_01695_,12.93µm
_01696_,12.93µm
_01724_,12.93µm
_01947_,12.93µm
_02019_,12.93µm
_02285_,12.93µm
_02464_,12.93µm
_02480_,12.93µm
_02518_,12.93µm
_02864_,12.93µm
_02926_,12.93µm
_03169_,12.93µm
_03478_,12.93µm
_03609_,12.93µm
_04120_,12.93µm
_04246_,12.93µm
_04418_,12.93µm
_04712_,12.93µm
_04858_,12.93µm
_05005_,12.93µm
_05146_,12.93µm
_05148_,12.93µm
_05305_,12.93µm
_05317_,12.93µm
_05689_,12.93µm
_05831_,12.93µm
_05952_,12.93µm
_06199_,12.93µm
_07280_,12.93µm
_07547_,12.93µm
_07621_,12.93µm
_07667_,12.93µm
_07672_,12.93µm
_07675_,12.93µm
_08027_,12.93µm
_08241_,12.93µm
_08405_,12.93µm
_08586_,12.93µm
_09329_,12.93µm
_09477_,12.93µm
_09729_,12.93µm
_09850_,12.93µm
_10000_,12.93µm
_10101_,12.93µm
_10124_,12.93µm
_10211_,12.93µm
_10261_,12.93µm
_10515_,12.93µm
_10523_,12.93µm
_10804_,12.93µm
_10874_,12.93µm
_10892_,12.93µm
_11061_,12.93µm
_11256_,12.93µm
_11321_,12.93µm
_11386_,12.93µm
_11529_,12.93µm
_11530_,12.93µm
_11833_,12.93µm
_11851_,12.93µm
_11892_,12.93µm
_12651_,12.93µm
_12977_,12.93µm
_13009_,12.93µm
_13072_,12.93µm
_13636_,12.93µm
_13732_,12.93µm
_13743_,12.93µm
_13876_,12.93µm
_13984_,12.93µm
_14049_,12.93µm
_14102_,12.93µm
_14106_,12.93µm
_14280_,12.93µm
_14416_,12.93µm
_14527_,12.93µm
_14838_,12.93µm
_15117_,12.93µm
_15437_,12.93µm
_15452_,12.93µm
_15482_,12.93µm
_15518_,12.93µm
_15522_,12.93µm
_15603_,12.93µm
_15617_,12.93µm
_15709_,12.93µm
_15858_,12.93µm
_16033_,12.93µm
_16046_,12.93µm
_16070_,12.93µm
_16386_,12.93µm
_16545_,12.93µm
_16949_,12.93µm
_17044_,12.93µm
_17258_,12.93µm
_17391_,12.93µm
_17694_,12.93µm
_17749_,12.93µm
_17805_,12.93µm
_17869_,12.93µm
_17917_,12.93µm
_18133_,12.93µm
_18264_,12.93µm
_18405_,12.93µm
_18456_,12.93µm
_18513_,12.93µm
_18691_,12.93µm
_18713_,12.93µm
_18764_,12.93µm
_18822_,12.93µm
_18964_,12.93µm
_18972_,12.93µm
_19056_,12.93µm
_19205_,12.93µm
_19275_,12.93µm
_19448_,12.93µm
_19467_,12.93µm
_19526_,12.93µm
_19860_,12.93µm
_20263_,12.93µm
_20585_,12.93µm
_20588_,12.93µm
_20648_,12.93µm
_20952_,12.93µm
_20960_,12.93µm
_20984_,12.93µm
_21030_,12.93µm
_21107_,12.93µm
_21245_,12.93µm
_21555_,12.93µm
_22026_,12.93µm
_22040_,12.93µm
_22144_,12.93µm
_22184_,12.93µm
_22203_,12.93µm
_22300_,12.93µm
_22515_,12.93µm
_22529_,12.93µm
_22811_,12.93µm
_22937_,12.93µm
_23096_,12.93µm
_23193_,12.93µm
_23416_,12.93µm
_23457_,12.93µm
_23514_,12.93µm
_23623_,12.93µm
_23900_,12.93µm
_23922_,12.93µm
_24069_,12.93µm
_24078_,12.93µm
_24081_,12.93µm
_24145_,12.93µm
_24311_,12.93µm
_24642_,12.93µm
_24760_,12.93µm
_24774_,12.93µm
_24918_,12.93µm
_24998_,12.93µm
_25353_,12.93µm
_25547_,12.93µm
_25690_,12.93µm
_26214_,12.93µm
_26359_,12.93µm
_26462_,12.93µm
_26528_,12.93µm
_26563_,12.93µm
_26646_,12.93µm
_26906_,12.93µm
_27095_,12.93µm
_27252_,12.93µm
_27456_,12.93µm
_27602_,12.93µm
_27652_,12.93µm
_27769_,12.93µm
_28019_,12.93µm
_28157_,12.93µm
_28227_,12.93µm
_28254_,12.93µm
_28274_,12.93µm
_28277_,12.93µm
_28386_,12.93µm
_28410_,12.93µm
i_core_v_mini_mcu.ao_peripheral_subsystem_i.power_manager_i.power_manager_reg_top_i.reg2hw\[232\],12.93µm
i_core_v_mini_mcu.ao_peripheral_subsystem_i.power_manager_i.power_manager_reg_top_i.reg2hw\[248\],12.93µm
i_core_v_mini_mcu.ao_peripheral_subsystem_i.spi_subsystem_i.obi_spimemio_i.spimemio_i.din_valid,12.93µm
i_core_v_mini_mcu.cpu_subsystem_i.cpu_0_0.i_servile.cpu.state.cnt_r\[1\],12.93µm
i_core_v_mini_mcu.cpu_subsystem_i.cpu_0_0.rf_ram_i.memory\[183\]\[0\],12.93µm
i_core_v_mini_mcu.cpu_subsystem_i.cpu_0_0.rf_ram_i.memory\[291\]\[1\],12.93µm
i_core_v_mini_mcu.cpu_subsystem_i.cpu_0_0.rf_ram_i.memory\[300\]\[1\],12.93µm
i_core_v_mini_mcu.cpu_subsystem_i.cpu_0_0.rf_ram_i.memory\[315\]\[1\],12.93µm
i_core_v_mini_mcu.cpu_subsystem_i.cpu_0_0.rf_ram_i.memory\[349\]\[1\],12.93µm
i_core_v_mini_mcu.cpu_subsystem_i.cpu_0_0.rf_ram_i.memory\[386\]\[0\],12.93µm
i_core_v_mini_mcu.cpu_subsystem_i.cpu_0_0.rf_ram_i.memory\[445\]\[1\],12.93µm
i_core_v_mini_mcu.cpu_subsystem_i.cpu_0_0.rf_ram_i.memory\[47\]\[0\],12.93µm
i_core_v_mini_mcu.cpu_subsystem_i.cpu_0_0.rf_ram_i.memory\[497\]\[0\],12.93µm
i_core_v_mini_mcu.cpu_subsystem_i.cpu_0_0.rf_ram_i.memory\[519\]\[0\],12.93µm
i_core_v_mini_mcu.cpu_subsystem_i.cpu_0_0.rf_ram_i.memory\[536\]\[1\],12.93µm
i_core_v_mini_mcu.cpu_subsystem_i.cpu_0_0.rf_ram_i.memory\[538\]\[1\],12.93µm
i_core_v_mini_mcu.cpu_subsystem_i.cpu_1_0.i_servile.rf_ram_if.rdata1,12.93µm
i_core_v_mini_mcu.cpu_subsystem_i.cpu_1_0.rf_ram_i.memory\[182\]\[0\],12.93µm
i_core_v_mini_mcu.cpu_subsystem_i.cpu_1_0.rf_ram_i.memory\[382\]\[0\],12.93µm
i_core_v_mini_mcu.cpu_subsystem_i.cpu_1_0.rf_ram_i.memory\[396\]\[1\],12.93µm
i_core_v_mini_mcu.cpu_subsystem_i.cpu_1_0.rf_ram_i.memory\[405\]\[1\],12.93µm
i_core_v_mini_mcu.cpu_subsystem_i.cpu_1_0.rf_ram_i.memory\[439\]\[0\],12.93µm
i_core_v_mini_mcu.cpu_subsystem_i.cpu_1_0.rf_ram_i.memory\[445\]\[1\],12.93µm
i_core_v_mini_mcu.cpu_subsystem_i.cpu_1_0.rf_ram_i.memory\[447\]\[1\],12.93µm
i_core_v_mini_mcu.memory_subsystem_i.ram0_i.tc_ram_i.sram\[0\]\[10\],12.93µm
i_core_v_mini_mcu.memory_subsystem_i.ram0_i.tc_ram_i.sram\[0\]\[11\],12.93µm
i_core_v_mini_mcu.memory_subsystem_i.ram0_i.tc_ram_i.sram\[15\]\[0\],12.93µm
i_core_v_mini_mcu.memory_subsystem_i.ram0_i.tc_ram_i.sram\[19\]\[26\],12.93µm
i_core_v_mini_mcu.memory_subsystem_i.ram0_i.tc_ram_i.sram\[4\]\[28\],12.93µm
i_core_v_mini_mcu.memory_subsystem_i.ram0_i.tc_ram_i.sram\[8\]\[17\],12.93µm
i_core_v_mini_mcu.memory_subsystem_i.ram0_i.tc_ram_i.sram\[9\]\[24\],12.93µm
i_core_v_mini_mcu.memory_subsystem_i.ram0_i.tc_ram_i.sram\[9\]\[6\],12.93µm
i_core_v_mini_mcu.peripheral_subsystem_i.obi_fifo_i.consumer_data_req_q\[9\],12.93µm
i_core_v_mini_mcu.peripheral_subsystem_i.uart_i.uart_core.u_uart_rxfifo.gen_normal_fifo.fifo_wptr\[2\],12.93µm
_00047_,12.88µm
_00074_,12.88µm
_00098_,12.88µm
_00193_,12.88µm
_00203_,12.88µm
_00500_,12.88µm
_00703_,12.88µm
_00819_,12.88µm
_01014_,12.88µm
_01061_,12.88µm
_01157_,12.88µm
_01310_,12.88µm
_01341_,12.88µm
_01349_,12.88µm
_01385_,12.88µm
_01727_,12.88µm
_01840_,12.88µm
_01845_,12.88µm
_01960_,12.88µm
_02080_,12.88µm
_02106_,12.88µm
_02204_,12.88µm
_02238_,12.88µm
_02397_,12.88µm
_02708_,12.88µm
_02721_,12.88µm
_03040_,12.88µm
_03295_,12.88µm
_03391_,12.88µm
_03405_,12.88µm
_03670_,12.88µm
_03699_,12.88µm
_03950_,12.88µm
_03987_,12.88µm
_04116_,12.88µm
_04315_,12.88µm
_04317_,12.88µm
_04464_,12.88µm
_04467_,12.88µm
_04563_,12.88µm
_04759_,12.88µm
_04839_,12.88µm
_04937_,12.88µm
_05000_,12.88µm
_05057_,12.88µm
_05060_,12.88µm
_05088_,12.88µm
_05101_,12.88µm
_05267_,12.88µm
_05758_,12.88µm
_06205_,12.88µm
_06209_,12.88µm
_06794_,12.88µm
_07018_,12.88µm
_07316_,12.88µm
_08226_,12.88µm
_08358_,12.88µm
_09022_,12.88µm
_09345_,12.88µm
_09686_,12.88µm
_09846_,12.88µm
_09860_,12.88µm
_09946_,12.88µm
_10093_,12.88µm
_10251_,12.88µm
_10309_,12.88µm
_10347_,12.88µm
_10584_,12.88µm
_10896_,12.88µm
_11280_,12.88µm
_11482_,12.88µm
_11505_,12.88µm
_11630_,12.88µm
_11796_,12.88µm
_11895_,12.88µm
_12059_,12.88µm
_12072_,12.88µm
_12295_,12.88µm
_12338_,12.88µm
_12418_,12.88µm
_12511_,12.88µm
_12668_,12.88µm
_12792_,12.88µm
_12812_,12.88µm
_12819_,12.88µm
_12893_,12.88µm
_12914_,12.88µm
_12931_,12.88µm
_13066_,12.88µm
_13084_,12.88µm
_13334_,12.88µm
_13402_,12.88µm
_13407_,12.88µm
_13472_,12.88µm
_13521_,12.88µm
_13908_,12.88µm
_14142_,12.88µm
_14287_,12.88µm
_14450_,12.88µm
_14748_,12.88µm
_14768_,12.88µm
_15233_,12.88µm
_15244_,12.88µm
_15294_,12.88µm
_15353_,12.88µm
_15400_,12.88µm
_15501_,12.88µm
_15545_,12.88µm
_15597_,12.88µm
_15607_,12.88µm
_15766_,12.88µm
_15822_,12.88µm
_16100_,12.88µm
_16148_,12.88µm
_16613_,12.88µm
_16792_,12.88µm
_17166_,12.88µm
_17232_,12.88µm
_17637_,12.88µm
_17734_,12.88µm
_17754_,12.88µm
_17909_,12.88µm
_17941_,12.88µm
_18038_,12.88µm
_18597_,12.88µm
_18693_,12.88µm
_18735_,12.88µm
_18797_,12.88µm
_18870_,12.88µm
_19010_,12.88µm
_19170_,12.88µm
_19182_,12.88µm
_19191_,12.88µm
_19235_,12.88µm
_19296_,12.88µm
_19699_,12.88µm
_19761_,12.88µm
_19771_,12.88µm
_19820_,12.88µm
_19845_,12.88µm
_19903_,12.88µm
_20421_,12.88µm
_20542_,12.88µm
_20630_,12.88µm
_20670_,12.88µm
_20811_,12.88µm
_20832_,12.88µm
_20866_,12.88µm
_20928_,12.88µm
_20998_,12.88µm
_21033_,12.88µm
_21187_,12.88µm
_21213_,12.88µm
_21260_,12.88µm
_21485_,12.88µm
_21598_,12.88µm
_21637_,12.88µm
_21842_,12.88µm
_22029_,12.88µm
_22111_,12.88µm
_22141_,12.88µm
_22181_,12.88µm
_22250_,12.88µm
_22361_,12.88µm
_22389_,12.88µm
_22647_,12.88µm
_22924_,12.88µm
_23198_,12.88µm
_23271_,12.88µm
_23475_,12.88µm
_23891_,12.88µm
_23975_,12.88µm
_24011_,12.88µm
_24159_,12.88µm
_24669_,12.88µm
_24713_,12.88µm
_24973_,12.88µm
_25163_,12.88µm
_25178_,12.88µm
_25414_,12.88µm
_25420_,12.88µm
_25583_,12.88µm
_25681_,12.88µm
_25932_,12.88µm
_26498_,12.88µm
_26520_,12.88µm
_26699_,12.88µm
_26984_,12.88µm
_27249_,12.88µm
_27432_,12.88µm
_27533_,12.88µm
_27560_,12.88µm
_27582_,12.88µm
_27858_,12.88µm
_27916_,12.88µm
_28229_,12.88µm
_28284_,12.88µm
_28301_,12.88µm
_28345_,12.88µm
_28377_,12.88µm
_28447_,12.88µm
exit_value_int\[23\],12.88µm
i_core_v_mini_mcu.ao_peripheral_subsystem_i.obi_fifo_i.consumer_resp_i\[15\],12.88µm
i_core_v_mini_mcu.ao_peripheral_subsystem_i.power_manager_i.power_manager_reg_top_i.u_intr_state.wr_data\[21\],12.88µm
i_core_v_mini_mcu.ao_peripheral_subsystem_i.spi_subsystem_i.obi_spimemio_i.obi_to_picorv32_i.picorv32_resp_i\[0\],12.88µm
i_core_v_mini_mcu.ao_peripheral_subsystem_i.tdu_i.active_hart_cycles_q\[20\],12.88µm
i_core_v_mini_mcu.ao_peripheral_subsystem_i.tdu_i.task_mem\[1\]\[0\],12.88µm
i_core_v_mini_mcu.cpu_subsystem_i.cpu_0_0.rf_ram_i.memory\[210\]\[1\],12.88µm
i_core_v_mini_mcu.cpu_subsystem_i.cpu_0_0.rf_ram_i.memory\[233\]\[1\],12.88µm
i_core_v_mini_mcu.cpu_subsystem_i.cpu_0_0.rf_ram_i.memory\[385\]\[0\],12.88µm
i_core_v_mini_mcu.cpu_subsystem_i.cpu_0_0.rf_ram_i.memory\[419\]\[1\],12.88µm
i_core_v_mini_mcu.cpu_subsystem_i.cpu_0_0.rf_ram_i.memory\[540\]\[1\],12.88µm
i_core_v_mini_mcu.cpu_subsystem_i.cpu_0_0.rf_ram_i.memory\[75\]\[0\],12.88µm
i_core_v_mini_mcu.cpu_subsystem_i.cpu_0_0.rf_ram_i.memory\[95\]\[0\],12.88µm
i_core_v_mini_mcu.cpu_subsystem_i.cpu_1_0.rf_ram_i.memory\[0\]\[1\],12.88µm
i_core_v_mini_mcu.cpu_subsystem_i.cpu_1_0.rf_ram_i.memory\[12\]\[0\],12.88µm
i_core_v_mini_mcu.cpu_subsystem_i.cpu_1_0.rf_ram_i.memory\[456\]\[1\],12.88µm
i_core_v_mini_mcu.cpu_subsystem_i.cpu_1_0.rf_ram_i.memory\[484\]\[1\],12.88µm
i_core_v_mini_mcu.cpu_subsystem_i.cpu_1_0.rf_ram_i.memory\[506\]\[1\],12.88µm
i_core_v_mini_mcu.memory_subsystem_i.ram0_i.tc_ram_i.sram\[23\]\[19\],12.88µm
i_core_v_mini_mcu.memory_subsystem_i.ram_valid_q,12.88µm
i_core_v_mini_mcu.peripheral_subsystem_i.uart_i.reg2hw\[87\],12.88µm
i_core_v_mini_mcu.peripheral_subsystem_i.uart_i.uart_core.rx_timeout_count_q\[7\],12.88µm
i_core_v_mini_mcu.cpu_subsystem_i.cpu_0_0.rf_ram_i.memory\[161\]\[1\],12.65µm
i_core_v_mini_mcu.memory_subsystem_i.ram0_i.tc_ram_i.sram\[24\]\[28\],12.65µm
_26523_,12.6µm
i_core_v_mini_mcu.ao_peripheral_subsystem_i.obi_fifo_i.consumer_data_req_q\[24\],12.6µm
i_core_v_mini_mcu.ao_peripheral_subsystem_i.power_manager_i.reg_to_counter_cpu_powergate_iso_on_i.counter_curr_state\[2\],12.6µm
i_core_v_mini_mcu.cpu_subsystem_i.cpu_0_0.rf_ram_i.memory\[263\]\[0\],12.6µm
_05216_,12.47µm
_05979_,12.47µm
_07373_,12.47µm
_10021_,12.47µm
_17083_,12.47µm
_21316_,12.47µm
_26258_,12.47µm
_28169_,12.47µm
i_core_v_mini_mcu.cpu_subsystem_i.cpu_0_0.rf_ram_i.memory\[416\]\[0\],12.47µm
i_core_v_mini_mcu.cpu_subsystem_i.cpu_0_0.rf_ram_i.memory\[446\]\[0\],12.47µm
i_core_v_mini_mcu.cpu_subsystem_i.cpu_0_0.rf_ram_i.memory\[452\]\[0\],12.47µm
i_core_v_mini_mcu.cpu_subsystem_i.cpu_0_0.rf_ram_i.memory\[48\]\[1\],12.47µm
i_core_v_mini_mcu.cpu_subsystem_i.cpu_0_0.rf_ram_i.memory\[530\]\[0\],12.47µm
i_core_v_mini_mcu.cpu_subsystem_i.cpu_1_0.rf_ram_i.memory\[198\]\[1\],12.47µm
i_core_v_mini_mcu.cpu_subsystem_i.cpu_1_0.rf_ram_i.memory\[272\]\[0\],12.47µm
i_core_v_mini_mcu.memory_subsystem_i.ram0_i.tc_ram_i.sram\[3\]\[30\],12.47µm
_00772_,12.42µm
_01622_,12.42µm
_02608_,12.42µm
_05519_,12.42µm
_05799_,12.42µm
_07882_,12.42µm
_08221_,12.42µm
_08523_,12.42µm
_08597_,12.42µm
_08776_,12.42µm
_08851_,12.42µm
_08999_,12.42µm
_09222_,12.42µm
_09246_,12.42µm
_09452_,12.42µm
_09484_,12.42µm
_09499_,12.42µm
_09943_,12.42µm
_10102_,12.42µm
_10158_,12.42µm
_10458_,12.42µm
_11345_,12.42µm
_11382_,12.42µm
_12238_,12.42µm
_12577_,12.42µm
_12650_,12.42µm
_12778_,12.42µm
_13129_,12.42µm
_14388_,12.42µm
_15944_,12.42µm
_21168_,12.42µm
_21205_,12.42µm
_21562_,12.42µm
_22212_,12.42µm
_22284_,12.42µm
_23603_,12.42µm
_23919_,12.42µm
_23921_,12.42µm
_23928_,12.42µm
_24016_,12.42µm
_24341_,12.42µm
_27333_,12.42µm
_27594_,12.42µm
_28138_,12.42µm
i_core_v_mini_mcu.ao_peripheral_subsystem_i.spi_subsystem_i.obi_spimemio_i.obi_to_picorv32_i.obi_resp_o\[4\],12.42µm
i_core_v_mini_mcu.ao_peripheral_subsystem_i.spi_subsystem_i.obi_spimemio_i.spimemio_i.dout_tag\[1\],12.42µm
i_core_v_mini_mcu.ao_peripheral_subsystem_i.tdu_i.active_hart_cycles_q\[1\],12.42µm
i_core_v_mini_mcu.cpu_subsystem_i.cpu_0_0.i_servile.cpu.gen_csr.csr.mcause3_0\[1\],12.42µm
i_core_v_mini_mcu.cpu_subsystem_i.cpu_0_0.rf_ram_i.memory\[0\]\[0\],12.42µm
i_core_v_mini_mcu.cpu_subsystem_i.cpu_0_0.rf_ram_i.memory\[115\]\[0\],12.42µm
i_core_v_mini_mcu.cpu_subsystem_i.cpu_0_0.rf_ram_i.memory\[167\]\[0\],12.42µm
i_core_v_mini_mcu.cpu_subsystem_i.cpu_0_0.rf_ram_i.memory\[193\]\[0\],12.42µm
i_core_v_mini_mcu.cpu_subsystem_i.cpu_0_0.rf_ram_i.memory\[268\]\[1\],12.42µm
i_core_v_mini_mcu.cpu_subsystem_i.cpu_0_0.rf_ram_i.memory\[272\]\[1\],12.42µm
i_core_v_mini_mcu.cpu_subsystem_i.cpu_0_0.rf_ram_i.memory\[299\]\[0\],12.42µm
i_core_v_mini_mcu.cpu_subsystem_i.cpu_0_0.rf_ram_i.memory\[322\]\[1\],12.42µm
i_core_v_mini_mcu.cpu_subsystem_i.cpu_0_0.rf_ram_i.memory\[393\]\[0\],12.42µm
i_core_v_mini_mcu.cpu_subsystem_i.cpu_0_0.rf_ram_i.memory\[502\]\[1\],12.42µm
i_core_v_mini_mcu.cpu_subsystem_i.cpu_0_0.rf_ram_i.memory\[83\]\[1\],12.42µm
i_core_v_mini_mcu.cpu_subsystem_i.cpu_1_0.i_servile.arbiter.i_wb_cpu_ibus_adr\[6\],12.42µm
i_core_v_mini_mcu.cpu_subsystem_i.cpu_1_0.i_servile.cpu.immdec.gen_immdec_w_eq_1.imm19_12_20\[5\],12.42µm
i_core_v_mini_mcu.cpu_subsystem_i.cpu_1_0.rf_ram_i.memory\[135\]\[0\],12.42µm
i_core_v_mini_mcu.cpu_subsystem_i.cpu_1_0.rf_ram_i.memory\[150\]\[0\],12.42µm
i_core_v_mini_mcu.cpu_subsystem_i.cpu_1_0.rf_ram_i.memory\[183\]\[0\],12.42µm
i_core_v_mini_mcu.cpu_subsystem_i.cpu_1_0.rf_ram_i.memory\[301\]\[0\],12.42µm
i_core_v_mini_mcu.cpu_subsystem_i.cpu_1_0.rf_ram_i.memory\[375\]\[1\],12.42µm
i_core_v_mini_mcu.cpu_subsystem_i.cpu_1_0.rf_ram_i.memory\[441\]\[1\],12.42µm
i_core_v_mini_mcu.cpu_subsystem_i.cpu_1_0.rf_ram_i.memory\[458\]\[1\],12.42µm
i_core_v_mini_mcu.memory_subsystem_i.ram0_i.tc_ram_i.sram\[12\]\[18\],12.42µm
i_core_v_mini_mcu.memory_subsystem_i.ram0_i.tc_ram_i.sram\[25\]\[29\],12.42µm
i_core_v_mini_mcu.memory_subsystem_i.ram0_i.tc_ram_i.sram\[29\]\[10\],12.42µm
i_core_v_mini_mcu.memory_subsystem_i.ram0_i.tc_ram_i.sram\[3\]\[10\],12.42µm
i_core_v_mini_mcu.memory_subsystem_i.ram0_i.tc_ram_i.sram\[9\]\[28\],12.42µm
_00048_,12.37µm
_00058_,12.37µm
_00209_,12.37µm
_00428_,12.37µm
_00513_,12.37µm
_00731_,12.37µm
_00754_,12.37µm
_00777_,12.37µm
_00785_,12.37µm
_01145_,12.37µm
_01160_,12.37µm
_01165_,12.37µm
_01561_,12.37µm
_01704_,12.37µm
_01738_,12.37µm
_01819_,12.37µm
_01875_,12.37µm
_02173_,12.37µm
_02312_,12.37µm
_02472_,12.37µm
_02514_,12.37µm
_02545_,12.37µm
_02601_,12.37µm
_02674_,12.37µm
_02716_,12.37µm
_03457_,12.37µm
_03479_,12.37µm
_03492_,12.37µm
_03535_,12.37µm
_03689_,12.37µm
_03703_,12.37µm
_03711_,12.37µm
_03723_,12.37µm
_03967_,12.37µm
_04056_,12.37µm
_04059_,12.37µm
_04181_,12.37µm
_04212_,12.37µm
_04224_,12.37µm
_04330_,12.37µm
_04462_,12.37µm
_04487_,12.37µm
_04550_,12.37µm
_04604_,12.37µm
_04906_,12.37µm
_05130_,12.37µm
_05264_,12.37µm
_05359_,12.37µm
_05535_,12.37µm
_05740_,12.37µm
_05809_,12.37µm
_05886_,12.37µm
_05891_,12.37µm
_05892_,12.37µm
_06141_,12.37µm
_06193_,12.37µm
_06714_,12.37µm
_07258_,12.37µm
_07282_,12.37µm
_07305_,12.37µm
_07542_,12.37µm
_07687_,12.37µm
_07695_,12.37µm
_07766_,12.37µm
_07839_,12.37µm
_08059_,12.37µm
_08130_,12.37µm
_08340_,12.37µm
_09063_,12.37µm
_09193_,12.37µm
_09316_,12.37µm
_09323_,12.37µm
_09357_,12.37µm
_09491_,12.37µm
_09522_,12.37µm
_09719_,12.37µm
_10022_,12.37µm
_10138_,12.37µm
_10524_,12.37µm
_10737_,12.37µm
_10815_,12.37µm
_11124_,12.37µm
_11307_,12.37µm
_11472_,12.37µm
_11785_,12.37µm
_11838_,12.37µm
_11989_,12.37µm
_12125_,12.37µm
_12161_,12.37µm
_12226_,12.37µm
_12355_,12.37µm
_12420_,12.37µm
_12671_,12.37µm
_12678_,12.37µm
_12696_,12.37µm
_12932_,12.37µm
_13053_,12.37µm
_13192_,12.37µm
_13259_,12.37µm
_13266_,12.37µm
_13414_,12.37µm
_13466_,12.37µm
_13523_,12.37µm
_13669_,12.37µm
_13721_,12.37µm
_13946_,12.37µm
_13988_,12.37µm
_14005_,12.37µm
_14298_,12.37µm
_14508_,12.37µm
_14679_,12.37µm
_15102_,12.37µm
_15139_,12.37µm
_15318_,12.37µm
_15600_,12.37µm
_15745_,12.37µm
_15771_,12.37µm
_15806_,12.37µm
_15950_,12.37µm
_16036_,12.37µm
_16079_,12.37µm
_16302_,12.37µm
_16324_,12.37µm
_16451_,12.37µm
_16616_,12.37µm
_17159_,12.37µm
_17211_,12.37µm
_17295_,12.37µm
_17351_,12.37µm
_17413_,12.37µm
_17717_,12.37µm
_17867_,12.37µm
_18161_,12.37µm
_18378_,12.37µm
_18413_,12.37µm
_18451_,12.37µm
_18512_,12.37µm
_18592_,12.37µm
_18943_,12.37µm
_18946_,12.37µm
_19050_,12.37µm
_19128_,12.37µm
_19147_,12.37µm
_19203_,12.37µm
_19301_,12.37µm
_19477_,12.37µm
_19507_,12.37µm
_19690_,12.37µm
_19696_,12.37µm
_19846_,12.37µm
_20197_,12.37µm
_20291_,12.37µm
_20326_,12.37µm
_21362_,12.37µm
_21577_,12.37µm
_22025_,12.37µm
_22103_,12.37µm
_22242_,12.37µm
_22602_,12.37µm
_22638_,12.37µm
_22704_,12.37µm
_22734_,12.37µm
_22879_,12.37µm
_22955_,12.37µm
_23100_,12.37µm
_23108_,12.37µm
_23183_,12.37µm
_23237_,12.37µm
_23344_,12.37µm
_23485_,12.37µm
_23962_,12.37µm
_23974_,12.37µm
_24006_,12.37µm
_24263_,12.37µm
_24617_,12.37µm
_24654_,12.37µm
_24732_,12.37µm
_25150_,12.37µm
_25181_,12.37µm
_25437_,12.37µm
_25745_,12.37µm
_25865_,12.37µm
_26176_,12.37µm
_26289_,12.37µm
_26543_,12.37µm
_26667_,12.37µm
_26714_,12.37µm
_26744_,12.37µm
_26752_,12.37µm
_26792_,12.37µm
_26810_,12.37µm
_27006_,12.37µm
_27218_,12.37µm
_27230_,12.37µm
_27342_,12.37µm
_27403_,12.37µm
_27583_,12.37µm
_27657_,12.37µm
_27862_,12.37µm
_27946_,12.37µm
_28236_,12.37µm
_28291_,12.37µm
_28361_,12.37µm
_28374_,12.37µm
i_core_v_mini_mcu.ao_peripheral_subsystem_i.mosaic_clint_i.mtimecmp_q\[31\],12.37µm
i_core_v_mini_mcu.ao_peripheral_subsystem_i.obi_fifo_i.consumer_data_req_q\[58\],12.37µm
i_core_v_mini_mcu.ao_peripheral_subsystem_i.power_manager_i.power_manager_reg_top_i.intr_state_qs\[9\],12.37µm
i_core_v_mini_mcu.ao_peripheral_subsystem_i.power_manager_i.power_manager_reg_top_i.u_intr_state.wr_data\[15\],12.37µm
i_core_v_mini_mcu.ao_peripheral_subsystem_i.power_manager_i.power_manager_reg_top_i.u_intr_state.wr_data\[25\],12.37µm
i_core_v_mini_mcu.ao_peripheral_subsystem_i.spi_subsystem_i.obi_spimemio_i.obi_to_picorv32_i.obi_resp_o\[26\],12.37µm
i_core_v_mini_mcu.ao_peripheral_subsystem_i.spi_subsystem_i.obi_spimemio_i.spimemio_i.buffer\[10\],12.37µm
i_core_v_mini_mcu.ao_peripheral_subsystem_i.spi_subsystem_i.obi_spimemio_i.spimemio_i.din_data\[5\],12.37µm
i_core_v_mini_mcu.ao_peripheral_subsystem_i.spi_subsystem_i.obi_spimemio_i.spimemio_i.rd_addr\[5\],12.37µm
i_core_v_mini_mcu.ao_peripheral_subsystem_i.spi_subsystem_i.obi_spimemio_i.spimemio_i.state\[0\],12.37µm
i_core_v_mini_mcu.ao_peripheral_subsystem_i.tdu_i.cpi_est_q\[36\],12.37µm
i_core_v_mini_mcu.cpu_subsystem_i.cpu_0_0.i_servile.cpu.csr_imm_en,12.37µm
i_core_v_mini_mcu.cpu_subsystem_i.cpu_0_0.i_servile.cpu.ctrl.pc_plus_4_cy_r,12.37µm
i_core_v_mini_mcu.cpu_subsystem_i.cpu_0_0.i_servile.cpu.immdec.gen_immdec_w_eq_1.imm19_12_20\[2\],12.37µm
i_core_v_mini_mcu.cpu_subsystem_i.cpu_0_0.rf_ram_i.memory\[301\]\[1\],12.37µm
i_core_v_mini_mcu.cpu_subsystem_i.cpu_0_0.rf_ram_i.memory\[410\]\[1\],12.37µm
i_core_v_mini_mcu.cpu_subsystem_i.cpu_0_0.rf_ram_i.memory\[442\]\[1\],12.37µm
i_core_v_mini_mcu.cpu_subsystem_i.cpu_0_0.rf_ram_i.memory\[466\]\[0\],12.37µm
i_core_v_mini_mcu.cpu_subsystem_i.cpu_0_0.rf_ram_i.memory\[480\]\[0\],12.37µm
i_core_v_mini_mcu.cpu_subsystem_i.cpu_0_0.rf_ram_i.memory\[74\]\[0\],12.37µm
i_core_v_mini_mcu.cpu_subsystem_i.cpu_1_0.rf_ram_i.memory\[114\]\[1\],12.37µm
i_core_v_mini_mcu.cpu_subsystem_i.cpu_1_0.rf_ram_i.memory\[148\]\[1\],12.37µm
i_core_v_mini_mcu.cpu_subsystem_i.cpu_1_0.rf_ram_i.memory\[222\]\[1\],12.37µm
i_core_v_mini_mcu.cpu_subsystem_i.cpu_1_0.rf_ram_i.memory\[230\]\[0\],12.37µm
i_core_v_mini_mcu.cpu_subsystem_i.cpu_1_0.rf_ram_i.memory\[257\]\[0\],12.37µm
i_core_v_mini_mcu.cpu_subsystem_i.cpu_1_0.rf_ram_i.memory\[321\]\[1\],12.37µm
i_core_v_mini_mcu.cpu_subsystem_i.cpu_1_0.rf_ram_i.memory\[460\]\[0\],12.37µm
i_core_v_mini_mcu.cpu_subsystem_i.cpu_1_0.rf_ram_i.memory\[499\]\[1\],12.37µm
i_core_v_mini_mcu.cpu_subsystem_i.cpu_1_0.rf_ram_i.memory\[507\]\[0\],12.37µm
i_core_v_mini_mcu.memory_subsystem_i.ram0_i.tc_ram_i.sram\[21\]\[31\],12.37µm
i_core_v_mini_mcu.memory_subsystem_i.ram0_i.tc_ram_i.sram\[28\]\[10\],12.37µm
i_core_v_mini_mcu.memory_subsystem_i.ram0_i.tc_ram_i.sram\[8\]\[2\],12.37µm
i_core_v_mini_mcu.peripheral_subsystem_i.uart_i.uart_core.u_uart_txfifo.gen_normal_fifo.storage\[25\],12.37µm
_00235_,12.32µm
_00369_,12.32µm
_00494_,12.32µm
_00717_,12.32µm
_00771_,12.32µm
_00908_,12.32µm
_01029_,12.32µm
_01149_,12.32µm
_01164_,12.32µm
_01226_,12.32µm
_01242_,12.32µm
_01278_,12.32µm
_01315_,12.32µm
_01483_,12.32µm
_01487_,12.32µm
_01684_,12.32µm
_01726_,12.32µm
_01877_,12.32µm
_02118_,12.32µm
_02188_,12.32µm
_02200_,12.32µm
_02271_,12.32µm
_02327_,12.32µm
_02333_,12.32µm
_02536_,12.32µm
_02604_,12.32µm
_02672_,12.32µm
_02707_,12.32µm
_02740_,12.32µm
_02772_,12.32µm
_03066_,12.32µm
_03115_,12.32µm
_03167_,12.32µm
_03460_,12.32µm
_03480_,12.32µm
_03616_,12.32µm
_03796_,12.32µm
_03866_,12.32µm
_03938_,12.32µm
_04024_,12.32µm
_04222_,12.32µm
_04354_,12.32µm
_04450_,12.32µm
_04762_,12.32µm
_05012_,12.32µm
_05063_,12.32µm
_05081_,12.32µm
_05096_,12.32µm
_05273_,12.32µm
_05326_,12.32µm
_06538_,12.32µm
_06670_,12.32µm
_06692_,12.32µm
_06701_,12.32µm
_06791_,12.32µm
_07291_,12.32µm
_07326_,12.32µm
_07345_,12.32µm
_07529_,12.32µm
_07593_,12.32µm
_07716_,12.32µm
_07758_,12.32µm
_07868_,12.32µm
_08123_,12.32µm
_08184_,12.32µm
_08416_,12.32µm
_08560_,12.32µm
_08840_,12.32µm
_09008_,12.32µm
_09370_,12.32µm
_09613_,12.32µm
_09807_,12.32µm
_09914_,12.32µm
_10816_,12.32µm
_11127_,12.32µm
_11229_,12.32µm
_11428_,12.32µm
_11475_,12.32µm
_11506_,12.32µm
_11541_,12.32µm
_11977_,12.32µm
_12027_,12.32µm
_12079_,12.32µm
_12342_,12.32µm
_12736_,12.32µm
_12761_,12.32µm
_12961_,12.32µm
_13068_,12.32µm
_13098_,12.32µm
_13145_,12.32µm
_13405_,12.32µm
_13490_,12.32µm
_13663_,12.32µm
_13697_,12.32µm
_13733_,12.32µm
_14047_,12.32µm
_14117_,12.32µm
_14129_,12.32µm
_14279_,12.32µm
_14400_,12.32µm
_14502_,12.32µm
_14503_,12.32µm
_14631_,12.32µm
_14668_,12.32µm
_14864_,12.32µm
_14962_,12.32µm
_14967_,12.32µm
_15134_,12.32µm
_15138_,12.32µm
_15347_,12.32µm
_15432_,12.32µm
_15568_,12.32µm
_15571_,12.32µm
_15878_,12.32µm
_15909_,12.32µm
_16154_,12.32µm
_16261_,12.32µm
_16279_,12.32µm
_16380_,12.32µm
_16390_,12.32µm
_16501_,12.32µm
_16540_,12.32µm
_16600_,12.32µm
_16625_,12.32µm
_16683_,12.32µm
_16695_,12.32µm
_17048_,12.32µm
_17088_,12.32µm
_17267_,12.32µm
_17858_,12.32µm
_17954_,12.32µm
_17969_,12.32µm
_18006_,12.32µm
_18057_,12.32µm
_18058_,12.32µm
_18124_,12.32µm
_18295_,12.32µm
_18756_,12.32µm
_18802_,12.32µm
_18834_,12.32µm
_18858_,12.32µm
_19008_,12.32µm
_19183_,12.32µm
_19253_,12.32µm
_19416_,12.32µm
_19420_,12.32µm
_19682_,12.32µm
_19700_,12.32µm
_19743_,12.32µm
_19893_,12.32µm
_19915_,12.32µm
_19957_,12.32µm
_20104_,12.32µm
_20152_,12.32µm
_20458_,12.32µm
_20702_,12.32µm
_20783_,12.32µm
_21445_,12.32µm
_21559_,12.32µm
_21929_,12.32µm
_21974_,12.32µm
_21996_,12.32µm
_22192_,12.32µm
_22196_,12.32µm
_22266_,12.32µm
_22276_,12.32µm
_22291_,12.32µm
_22313_,12.32µm
_22577_,12.32µm
_23427_,12.32µm
_23838_,12.32µm
_23954_,12.32µm
_24088_,12.32µm
_24101_,12.32µm
_24276_,12.32µm
_24522_,12.32µm
_24701_,12.32µm
_24748_,12.32µm
_24772_,12.32µm
_24786_,12.32µm
_24808_,12.32µm
_25050_,12.32µm
_25059_,12.32µm
_25110_,12.32µm
_25123_,12.32µm
_25185_,12.32µm
_25234_,12.32µm
_25512_,12.32µm
_25671_,12.32µm
_25704_,12.32µm
_25720_,12.32µm
_25734_,12.32µm
_25830_,12.32µm
_26041_,12.32µm
_26173_,12.32µm
_26270_,12.32µm
_26333_,12.32µm
_26510_,12.32µm
_27081_,12.32µm
_27171_,12.32µm
_27254_,12.32µm
_27357_,12.32µm
_27541_,12.32µm
_27552_,12.32µm
_27630_,12.32µm
_27718_,12.32µm
_27734_,12.32µm
_27766_,12.32µm
_28041_,12.32µm
_28135_,12.32µm
_28222_,12.32µm
_28367_,12.32µm
i_core_v_mini_mcu.ao_peripheral_subsystem_i.mosaic_clint_i.mtimecmp_q\[74\],12.32µm
i_core_v_mini_mcu.ao_peripheral_subsystem_i.obi_fifo_i.consumer_data_req_q\[18\],12.32µm
i_core_v_mini_mcu.ao_peripheral_subsystem_i.periph_to_reg_i.r_rdata_d\[10\],12.32µm
i_core_v_mini_mcu.ao_peripheral_subsystem_i.power_manager_i.power_manager_reg_top_i.u_intr_state.wr_data\[14\],12.32µm
i_core_v_mini_mcu.ao_peripheral_subsystem_i.power_manager_i.power_manager_sequence_periph_reset_i.sequence_curr_state\[2\],12.32µm
i_core_v_mini_mcu.cpu_subsystem_i.cpu_0_0.i_servile.cpu.bufreg.i_imm_en,12.32µm
i_core_v_mini_mcu.cpu_subsystem_i.cpu_0_0.i_servile.cpu.ctrl.i_jal_or_jalr,12.32µm
i_core_v_mini_mcu.cpu_subsystem_i.cpu_0_0.i_servile.cpu.ctrl.o_ibus_adr\[30\],12.32µm
i_core_v_mini_mcu.cpu_subsystem_i.cpu_0_0.rf_ram_i.memory\[122\]\[0\],12.32µm
i_core_v_mini_mcu.cpu_subsystem_i.cpu_0_0.rf_ram_i.memory\[178\]\[1\],12.32µm
i_core_v_mini_mcu.cpu_subsystem_i.cpu_0_0.rf_ram_i.memory\[269\]\[0\],12.32µm
i_core_v_mini_mcu.cpu_subsystem_i.cpu_0_0.rf_ram_i.memory\[522\]\[0\],12.32µm
i_core_v_mini_mcu.cpu_subsystem_i.cpu_0_0.rf_ram_i.memory\[529\]\[1\],12.32µm
i_core_v_mini_mcu.cpu_subsystem_i.cpu_0_0.rf_ram_i.memory\[544\]\[0\],12.32µm
i_core_v_mini_mcu.cpu_subsystem_i.cpu_1_0.i_servile.cpu.immdec.gen_immdec_w_eq_1.imm19_12_20\[6\],12.32µm
i_core_v_mini_mcu.cpu_subsystem_i.cpu_1_0.rf_ram_i.memory\[123\]\[0\],12.32µm
i_core_v_mini_mcu.cpu_subsystem_i.cpu_1_0.rf_ram_i.memory\[343\]\[1\],12.32µm
i_core_v_mini_mcu.cpu_subsystem_i.cpu_1_0.rf_ram_i.memory\[37\]\[1\],12.32µm
i_core_v_mini_mcu.memory_subsystem_i.ram0_i.tc_ram_i.sram\[14\]\[20\],12.32µm
i_core_v_mini_mcu.memory_subsystem_i.ram0_i.tc_ram_i.sram\[19\]\[7\],12.32µm
i_core_v_mini_mcu.memory_subsystem_i.ram0_i.tc_ram_i.sram\[26\]\[16\],12.32µm
i_core_v_mini_mcu.memory_subsystem_i.ram0_i.tc_ram_i.sram\[2\]\[29\],12.32µm
i_core_v_mini_mcu.memory_subsystem_i.ram0_i.tc_ram_i.sram\[2\]\[30\],12.32µm
i_core_v_mini_mcu.memory_subsystem_i.ram0_i.tc_ram_i.sram\[30\]\[20\],12.32µm
i_core_v_mini_mcu.memory_subsystem_i.ram0_i.tc_ram_i.sram\[6\]\[27\],12.32µm
_12199_,12.04µm
_25057_,12.04µm
_26057_,12.04µm
_21777_,11.96µm
i_core_v_mini_mcu.cpu_subsystem_i.cpu_1_0.rf_ram_i.memory\[75\]\[0\],11.96µm
_05733_,11.91µm
_06691_,11.91µm
_07037_,11.91µm
_07737_,11.91µm
_09100_,11.91µm
_21715_,11.91µm
_25071_,11.91µm
i_core_v_mini_mcu.cpu_subsystem_i.cpu_0_0.rf_ram_i.memory\[220\]\[0\],11.91µm
i_core_v_mini_mcu.cpu_subsystem_i.cpu_0_0.rf_ram_i.memory\[353\]\[1\],11.91µm
i_core_v_mini_mcu.cpu_subsystem_i.cpu_1_0.rf_ram_i.memory\[317\]\[1\],11.91µm
i_core_v_mini_mcu.cpu_subsystem_i.cpu_1_0.rf_ram_i.memory\[390\]\[0\],11.91µm
i_core_v_mini_mcu.cpu_subsystem_i.cpu_1_0.rf_ram_i.memory\[427\]\[0\],11.91µm
i_core_v_mini_mcu.cpu_subsystem_i.cpu_1_0.rf_ram_i.memory\[434\]\[1\],11.91µm
i_core_v_mini_mcu.memory_subsystem_i.ram0_i.tc_ram_i.sram\[15\]\[3\],11.91µm
i_core_v_mini_mcu.memory_subsystem_i.ram0_i.tc_ram_i.sram\[2\]\[22\],11.91µm
i_core_v_mini_mcu.memory_subsystem_i.ram0_i.tc_ram_i.sram\[5\]\[20\],11.91µm
i_core_v_mini_mcu.memory_subsystem_i.ram0_i.tc_ram_i.sram\[7\]\[3\],11.91µm
i_core_v_mini_mcu.peripheral_subsystem_i.uart_i.uart_core.u_uart_txfifo.gen_normal_fifo.storage\[4\],11.91µm
i_core_v_mini_mcu.peripheral_subsystem_i.uart_i.uart_core.uart_rx.sreg_q\[9\],11.91µm
_01633_,11.86µm
_02029_,11.86µm
_02447_,11.86µm
_03678_,11.86µm
_05154_,11.86µm
_06042_,11.86µm
_06081_,11.86µm
_06097_,11.86µm
_06273_,11.86µm
_06312_,11.86µm
_06669_,11.86µm
_06746_,11.86µm
_07288_,11.86µm
_07509_,11.86µm
_08102_,11.86µm
_08686_,11.86µm
_08848_,11.86µm
_08850_,11.86µm
_08861_,11.86µm
_09450_,11.86µm
_09526_,11.86µm
_09979_,11.86µm
_10136_,11.86µm
_10286_,11.86µm
_10289_,11.86µm
_10464_,11.86µm
_10474_,11.86µm
_12101_,11.86µm
_12249_,11.86µm
_13581_,11.86µm
_13725_,11.86µm
_14396_,11.86µm
_14577_,11.86µm
_16168_,11.86µm
_16190_,11.86µm
_17375_,11.86µm
_18634_,11.86µm
_18704_,11.86µm
_18844_,11.86µm
_18965_,11.86µm
_19022_,11.86µm
_19063_,11.86µm
_19875_,11.86µm
_19953_,11.86µm
_20633_,11.86µm
_20643_,11.86µm
_20657_,11.86µm
_20671_,11.86µm
_20855_,11.86µm
_21276_,11.86µm
_21394_,11.86µm
_22074_,11.86µm
_22157_,11.86µm
_22377_,11.86µm
_22807_,11.86µm
_22836_,11.86µm
_23321_,11.86µm
_23986_,11.86µm
_24837_,11.86µm
_25370_,11.86µm
_28288_,11.86µm
_28409_,11.86µm
i_core_v_mini_mcu.ao_peripheral_subsystem_i.tdu_i.task_mem\[1\]\[2\],11.86µm
i_core_v_mini_mcu.cpu_subsystem_i.cpu_0_0.rf_ram_i.memory\[18\]\[1\],11.86µm
i_core_v_mini_mcu.cpu_subsystem_i.cpu_0_0.rf_ram_i.memory\[330\]\[0\],11.86µm
i_core_v_mini_mcu.cpu_subsystem_i.cpu_0_0.rf_ram_i.memory\[331\]\[0\],11.86µm
i_core_v_mini_mcu.cpu_subsystem_i.cpu_0_0.rf_ram_i.memory\[339\]\[0\],11.86µm
i_core_v_mini_mcu.cpu_subsystem_i.cpu_0_0.rf_ram_i.memory\[357\]\[0\],11.86µm
i_core_v_mini_mcu.cpu_subsystem_i.cpu_0_0.rf_ram_i.memory\[542\]\[1\],11.86µm
i_core_v_mini_mcu.cpu_subsystem_i.cpu_0_0.rf_ram_i.memory\[77\]\[0\],11.86µm
i_core_v_mini_mcu.cpu_subsystem_i.cpu_1_0.rf_ram_i.memory\[103\]\[0\],11.86µm
i_core_v_mini_mcu.cpu_subsystem_i.cpu_1_0.rf_ram_i.memory\[106\]\[1\],11.86µm
i_core_v_mini_mcu.cpu_subsystem_i.cpu_1_0.rf_ram_i.memory\[152\]\[1\],11.86µm
i_core_v_mini_mcu.cpu_subsystem_i.cpu_1_0.rf_ram_i.memory\[167\]\[0\],11.86µm
i_core_v_mini_mcu.cpu_subsystem_i.cpu_1_0.rf_ram_i.memory\[236\]\[0\],11.86µm
i_core_v_mini_mcu.cpu_subsystem_i.cpu_1_0.rf_ram_i.memory\[255\]\[1\],11.86µm
i_core_v_mini_mcu.cpu_subsystem_i.cpu_1_0.rf_ram_i.memory\[390\]\[1\],11.86µm
i_core_v_mini_mcu.cpu_subsystem_i.cpu_1_0.rf_ram_i.memory\[84\]\[1\],11.86µm
i_core_v_mini_mcu.memory_subsystem_i.ram0_i.tc_ram_i.sram\[12\]\[25\],11.86µm
i_core_v_mini_mcu.memory_subsystem_i.ram0_i.tc_ram_i.sram\[19\]\[27\],11.86µm
i_core_v_mini_mcu.memory_subsystem_i.ram0_i.tc_ram_i.sram\[21\]\[18\],11.86µm
i_core_v_mini_mcu.memory_subsystem_i.ram0_i.tc_ram_i.sram\[7\]\[22\],11.86µm
i_core_v_mini_mcu.peripheral_subsystem_i.uart_i.uart_core.u_uart_rxfifo.gen_normal_fifo.storage\[2\],11.86µm
_00008_,11.81µm
_00015_,11.81µm
_00046_,11.81µm
_00133_,11.81µm
_00409_,11.81µm
_00424_,11.81µm
_00466_,11.81µm
_00625_,11.81µm
_00666_,11.81µm
_00929_,11.81µm
_01007_,11.81µm
_01021_,11.81µm
_01048_,11.81µm
_01142_,11.81µm
_01158_,11.81µm
_01365_,11.81µm
_01366_,11.81µm
_01451_,11.81µm
_01473_,11.81µm
_01640_,11.81µm
_01925_,11.81µm
_02018_,11.81µm
_02229_,11.81µm
_02299_,11.81µm
_02395_,11.81µm
_02423_,11.81µm
_02476_,11.81µm
_03587_,11.81µm
_03742_,11.81µm
_03747_,11.81µm
_03896_,11.81µm
_03907_,11.81µm
_03994_,11.81µm
_04176_,11.81µm
_04180_,11.81µm
_04247_,11.81µm
_04349_,11.81µm
_04368_,11.81µm
_04408_,11.81µm
_04475_,11.81µm
_04506_,11.81µm
_04528_,11.81µm
_04529_,11.81µm
_04585_,11.81µm
_04658_,11.81µm
_04671_,11.81µm
_04784_,11.81µm
_04837_,11.81µm
_04847_,11.81µm
_04864_,11.81µm
_04956_,11.81µm
_04976_,11.81µm
_05090_,11.81µm
_05178_,11.81µm
_05248_,11.81µm
_05428_,11.81µm
_05474_,11.81µm
_05558_,11.81µm
_05560_,11.81µm
_05596_,11.81µm
_05764_,11.81µm
_05784_,11.81µm
_06293_,11.81µm
_06336_,11.81µm
_06475_,11.81µm
_07084_,11.81µm
_07466_,11.81µm
_07617_,11.81µm
_07754_,11.81µm
_07990_,11.81µm
_08154_,11.81µm
_08351_,11.81µm
_08372_,11.81µm
_08460_,11.81µm
_08511_,11.81µm
_08769_,11.81µm
_08839_,11.81µm
_08873_,11.81µm
_08889_,11.81µm
_08979_,11.81µm
_09173_,11.81µm
_09181_,11.81µm
_09203_,11.81µm
_09779_,11.81µm
_09815_,11.81µm
_09818_,11.81µm
_09952_,11.81µm
_10076_,11.81µm
_10204_,11.81µm
_10301_,11.81µm
_10346_,11.81µm
_10366_,11.81µm
_10427_,11.81µm
_10509_,11.81µm
_10652_,11.81µm
_10720_,11.81µm
_10855_,11.81µm
_10907_,11.81µm
_10921_,11.81µm
_11128_,11.81µm
_11293_,11.81µm
_11514_,11.81µm
_11760_,11.81µm
_11765_,11.81µm
_11936_,11.81µm
_12192_,11.81µm
_12383_,11.81µm
_13023_,11.81µm
_13185_,11.81µm
_13406_,11.81µm
_13524_,11.81µm
_13551_,11.81µm
_13701_,11.81µm
_13931_,11.81µm
_13935_,11.81µm
_13947_,11.81µm
_13965_,11.81µm
_14086_,11.81µm
_14115_,11.81µm
_14169_,11.81µm
_14523_,11.81µm
_14544_,11.81µm
_14690_,11.81µm
_15054_,11.81µm
_15161_,11.81µm
_15504_,11.81µm
_15606_,11.81µm
_15733_,11.81µm
_15951_,11.81µm
_16118_,11.81µm
_16163_,11.81µm
_16308_,11.81µm
_16330_,11.81µm
_16711_,11.81µm
_16722_,11.81µm
_16933_,11.81µm
_17035_,11.81µm
_17234_,11.81µm
_17261_,11.81µm
_17641_,11.81µm
_17779_,11.81µm
_17826_,11.81µm
_17829_,11.81µm
_17921_,11.81µm
_17924_,11.81µm
_18130_,11.81µm
_18265_,11.81µm
_18583_,11.81µm
_18626_,11.81µm
_18859_,11.81µm
_19204_,11.81µm
_19603_,11.81µm
_19646_,11.81µm
_19741_,11.81µm
_19763_,11.81µm
_20051_,11.81µm
_20081_,11.81µm
_20348_,11.81µm
_20356_,11.81µm
_20477_,11.81µm
_20667_,11.81µm
_20731_,11.81µm
_20809_,11.81µm
_20964_,11.81µm
_20988_,11.81µm
_21550_,11.81µm
_21664_,11.81µm
_21687_,11.81µm
_21824_,11.81µm
_21870_,11.81µm
_21912_,11.81µm
_22208_,11.81µm
_22221_,11.81µm
_22225_,11.81µm
_22235_,11.81µm
_22302_,11.81µm
_22463_,11.81µm
_22506_,11.81µm
_22628_,11.81µm
_22897_,11.81µm
_22946_,11.81µm
_23129_,11.81µm
_23147_,11.81µm
_23197_,11.81µm
_23230_,11.81µm
_23367_,11.81µm
_23430_,11.81µm
_23770_,11.81µm
_23840_,11.81µm
_24009_,11.81µm
_24137_,11.81µm
_24165_,11.81µm
_24229_,11.81µm
_24252_,11.81µm
_24516_,11.81µm
_24726_,11.81µm
_24801_,11.81µm
_24833_,11.81µm
_24850_,11.81µm
_24878_,11.81µm
_25116_,11.81µm
_25176_,11.81µm
_25355_,11.81µm
_25467_,11.81µm
_26012_,11.81µm
_26022_,11.81µm
_26188_,11.81µm
_26219_,11.81µm
_26251_,11.81µm
_26300_,11.81µm
_26401_,11.81µm
_26599_,11.81µm
_26879_,11.81µm
_26932_,11.81µm
_27047_,11.81µm
_27165_,11.81µm
_27271_,11.81µm
_27317_,11.81µm
_27405_,11.81µm
_27603_,11.81µm
_27700_,11.81µm
_27938_,11.81µm
_28308_,11.81µm
i_core_v_mini_mcu.ao_peripheral_subsystem_i.obi_fifo_i.consumer_resp_i\[13\],11.81µm
i_core_v_mini_mcu.ao_peripheral_subsystem_i.obi_fifo_i.consumer_resp_i\[7\],11.81µm
i_core_v_mini_mcu.ao_peripheral_subsystem_i.periph_to_reg_i.r_rdata_d\[16\],11.81µm
i_core_v_mini_mcu.ao_peripheral_subsystem_i.spi_subsystem_i.obi_spimemio_i.flash_io3_do_o,11.81µm
i_core_v_mini_mcu.ao_peripheral_subsystem_i.spi_subsystem_i.obi_spimemio_i.obi_to_picorv32_i.picorv32_resp_i\[9\],11.81µm
i_core_v_mini_mcu.ao_peripheral_subsystem_i.spi_subsystem_i.obi_spimemio_i.spimemio_i.din_tag\[1\],11.81µm
i_core_v_mini_mcu.ao_peripheral_subsystem_i.spi_subsystem_i.obi_spimemio_i.spimemio_i.xfer.dummy_count\[0\],11.81µm
i_core_v_mini_mcu.ao_peripheral_subsystem_i.tdu_core_wake_o\[1\],11.81µm
i_core_v_mini_mcu.cpu_subsystem_i.cpu_0_0.i_servile.arbiter.i_wb_cpu_dbus_adr\[23\],11.81µm
i_core_v_mini_mcu.cpu_subsystem_i.cpu_0_0.rf_ram_i.memory\[107\]\[1\],11.81µm
i_core_v_mini_mcu.cpu_subsystem_i.cpu_0_0.rf_ram_i.memory\[339\]\[1\],11.81µm
i_core_v_mini_mcu.cpu_subsystem_i.cpu_0_0.rf_ram_i.memory\[38\]\[0\],11.81µm
i_core_v_mini_mcu.cpu_subsystem_i.cpu_0_0.rf_ram_i.memory\[432\]\[1\],11.81µm
i_core_v_mini_mcu.cpu_subsystem_i.cpu_0_0.rf_ram_i.memory\[507\]\[0\],11.81µm
i_core_v_mini_mcu.cpu_subsystem_i.cpu_0_0.rf_ram_i.memory\[539\]\[0\],11.81µm
i_core_v_mini_mcu.cpu_subsystem_i.cpu_0_0.rf_ram_i.memory\[85\]\[0\],11.81µm
i_core_v_mini_mcu.cpu_subsystem_i.cpu_1_0.i_servile.arbiter.i_wb_cpu_dbus_adr\[19\],11.81µm
i_core_v_mini_mcu.cpu_subsystem_i.cpu_1_0.i_servile.arbiter.i_wb_cpu_dbus_adr\[21\],11.81µm
i_core_v_mini_mcu.cpu_subsystem_i.cpu_1_0.rf_ram_i.memory\[121\]\[1\],11.81µm
i_core_v_mini_mcu.cpu_subsystem_i.cpu_1_0.rf_ram_i.memory\[140\]\[0\],11.81µm
i_core_v_mini_mcu.cpu_subsystem_i.cpu_1_0.rf_ram_i.memory\[39\]\[1\],11.81µm
i_core_v_mini_mcu.cpu_subsystem_i.cpu_1_0.rf_ram_i.memory\[416\]\[0\],11.81µm
i_core_v_mini_mcu.cpu_subsystem_i.cpu_1_0.rf_ram_i.memory\[477\]\[0\],11.81µm
i_core_v_mini_mcu.memory_subsystem_i.ram0_i.tc_ram_i.sram\[0\]\[16\],11.81µm
i_core_v_mini_mcu.memory_subsystem_i.ram0_i.tc_ram_i.sram\[1\]\[22\],11.81µm
i_core_v_mini_mcu.memory_subsystem_i.ram0_i.tc_ram_i.sram\[24\]\[31\],11.81µm
i_core_v_mini_mcu.memory_subsystem_i.ram0_i.tc_ram_i.sram\[30\]\[17\],11.81µm
i_core_v_mini_mcu.memory_subsystem_i.ram0_i.tc_ram_i.sram\[8\]\[20\],11.81µm
i_core_v_mini_mcu.peripheral_slave_resp\[9\],11.81µm
i_core_v_mini_mcu.peripheral_subsystem_i.obi_fifo_i.consumer_data_req_q\[0\],11.81µm
i_core_v_mini_mcu.peripheral_subsystem_i.uart_i.uart_core.u_uart_txfifo.gen_normal_fifo.storage\[13\],11.81µm
i_core_v_mini_mcu.peripheral_subsystem_i.uart_i.uart_core.u_uart_txfifo.gen_normal_fifo.storage\[20\],11.81µm
_00350_,11.76µm
_00442_,11.76µm
_00598_,11.76µm
_00664_,11.76µm
_00727_,11.76µm
_00867_,11.76µm
_00910_,11.76µm
_00920_,11.76µm
_01236_,11.76µm
_01294_,11.76µm
_01346_,11.76µm
_01468_,11.76µm
_01546_,11.76µm
_01812_,11.76µm
_01828_,11.76µm
_01873_,11.76µm
_01920_,11.76µm
_01987_,11.76µm
_02055_,11.76µm
_02153_,11.76µm
_02391_,11.76µm
_02433_,11.76µm
_02469_,11.76µm
_02521_,11.76µm
_02606_,11.76µm
_02628_,11.76µm
_02630_,11.76µm
_02676_,11.76µm
_02934_,11.76µm
_03050_,11.76µm
_03059_,11.76µm
_03456_,11.76µm
_03538_,11.76µm
_03542_,11.76µm
_03643_,11.76µm
_03713_,11.76µm
_03810_,11.76µm
_03902_,11.76µm
_03930_,11.76µm
_04069_,11.76µm
_04203_,11.76µm
_04300_,11.76µm
_04340_,11.76µm
_04577_,11.76µm
_04668_,11.76µm
_04934_,11.76µm
_04959_,11.76µm
_05141_,11.76µm
_05164_,11.76µm
_06196_,11.76µm
_06206_,11.76µm
_06230_,11.76µm
_06350_,11.76µm
_06427_,11.76µm
_06565_,11.76µm
_07228_,11.76µm
_07482_,11.76µm
_07784_,11.76µm
_08072_,11.76µm
_08113_,11.76µm
_08391_,11.76µm
_08467_,11.76µm
_08512_,11.76µm
_08513_,11.76µm
_08659_,11.76µm
_08985_,11.76µm
_09403_,11.76µm
_09716_,11.76µm
_10208_,11.76µm
_10429_,11.76µm
_10694_,11.76µm
_10719_,11.76µm
_10829_,11.76µm
_10830_,11.76µm
_10900_,11.76µm
_11084_,11.76µm
_11210_,11.76µm
_11236_,11.76µm
_11352_,11.76µm
_11580_,11.76µm
_11761_,11.76µm
_11798_,11.76µm
_12242_,11.76µm
_12398_,11.76µm
_12441_,11.76µm
_12790_,11.76µm
_12808_,11.76µm
_12864_,11.76µm
_12916_,11.76µm
_13033_,11.76µm
_13461_,11.76µm
_13515_,11.76µm
_13707_,11.76µm
_13792_,11.76µm
_13848_,11.76µm
_13881_,11.76µm
_14123_,11.76µm
_14297_,11.76µm
_14304_,11.76µm
_14359_,11.76µm
_14440_,11.76µm
_14753_,11.76µm
_14801_,11.76µm
_14956_,11.76µm
_15036_,11.76µm
_15131_,11.76µm
_15156_,11.76µm
_15369_,11.76µm
_15392_,11.76µm
_15889_,11.76µm
_16014_,11.76µm
_16052_,11.76µm
_16236_,11.76µm
_16365_,11.76µm
_16381_,11.76µm
_16720_,11.76µm
_16759_,11.76µm
_17067_,11.76µm
_17107_,11.76µm
_17298_,11.76µm
_17307_,11.76µm
_17395_,11.76µm
_17618_,11.76µm
_17740_,11.76µm
_17791_,11.76µm
_17863_,11.76µm
_17903_,11.76µm
_17932_,11.76µm
_17960_,11.76µm
_17980_,11.76µm
_17988_,11.76µm
_18022_,11.76µm
_18139_,11.76µm
_18144_,11.76µm
_18310_,11.76µm
_18690_,11.76µm
_18695_,11.76µm
_18765_,11.76µm
_18808_,11.76µm
_18854_,11.76µm
_18883_,11.76µm
_18925_,11.76µm
_19054_,11.76µm
_19277_,11.76µm
_19312_,11.76µm
_19390_,11.76µm
_19479_,11.76µm
_19594_,11.76µm
_19614_,11.76µm
_19701_,11.76µm
_19702_,11.76µm
_19730_,11.76µm
_19780_,11.76µm
_19812_,11.76µm
_19855_,11.76µm
_19908_,11.76µm
_19929_,11.76µm
_20006_,11.76µm
_20053_,11.76µm
_20305_,11.76µm
_20489_,11.76µm
_20581_,11.76µm
_20655_,11.76µm
_20848_,11.76µm
_20937_,11.76µm
_21066_,11.76µm
_21105_,11.76µm
_21143_,11.76µm
_21318_,11.76µm
_21365_,11.76µm
_21488_,11.76µm
_21621_,11.76µm
_21700_,11.76µm
_21983_,11.76µm
_22109_,11.76µm
_22139_,11.76µm
_22159_,11.76µm
_22209_,11.76µm
_22381_,11.76µm
_22405_,11.76µm
_22428_,11.76µm
_22470_,11.76µm
_22547_,11.76µm
_22778_,11.76µm
_22895_,11.76µm
_23210_,11.76µm
_23960_,11.76µm
_24005_,11.76µm
_24007_,11.76µm
_24060_,11.76µm
_24217_,11.76µm
_24245_,11.76µm
_24335_,11.76µm
_24412_,11.76µm
_24430_,11.76µm
_25069_,11.76µm
_25159_,11.76µm
_25179_,11.76µm
_25180_,11.76µm
_25613_,11.76µm
_25832_,11.76µm
_25863_,11.76µm
_26117_,11.76µm
_26220_,11.76µm
_26351_,11.76µm
_26923_,11.76µm
_27103_,11.76µm
_27185_,11.76µm
_27191_,11.76µm
_27288_,11.76µm
_27290_,11.76µm
_27422_,11.76µm
_27487_,11.76µm
_27521_,11.76µm
_27565_,11.76µm
_27815_,11.76µm
_27911_,11.76µm
_27912_,11.76µm
_27931_,11.76µm
_28084_,11.76µm
_28093_,11.76µm
_28143_,11.76µm
_28357_,11.76µm
_28455_,11.76µm
i_core_v_mini_mcu.ao_peripheral_subsystem_i.obi_fifo_i.consumer_resp_i\[29\],11.76µm
i_core_v_mini_mcu.ao_peripheral_subsystem_i.power_manager_i.power_manager_reg_top_i.u_intr_state.wr_data\[29\],11.76µm
i_core_v_mini_mcu.ao_peripheral_subsystem_i.soc_ctrl_i.soc_ctrl_reg_top_i.system_frequency_hz_qs\[24\],11.76µm
i_core_v_mini_mcu.ao_peripheral_subsystem_i.spi_subsystem_i.obi_spimemio_i.spimemio_i.xfer.dummy_count\[1\],11.76µm
i_core_v_mini_mcu.ao_peripheral_subsystem_i.spi_subsystem_i.obi_spimemio_i.spimemio_i.xfer.dummy_count\[2\],11.76µm
i_core_v_mini_mcu.cpu_subsystem_i.cpu_0_0.i_servile.arbiter.i_wb_cpu_dbus_adr\[13\],11.76µm
i_core_v_mini_mcu.cpu_subsystem_i.cpu_0_0.i_servile.cpu.gen_csr.csr.mcause31,11.76µm
i_core_v_mini_mcu.cpu_subsystem_i.cpu_0_0.rf_ram_i.memory\[223\]\[0\],11.76µm
i_core_v_mini_mcu.cpu_subsystem_i.cpu_0_0.rf_ram_i.memory\[326\]\[0\],11.76µm
i_core_v_mini_mcu.cpu_subsystem_i.cpu_0_0.rf_ram_i.memory\[361\]\[0\],11.76µm
i_core_v_mini_mcu.cpu_subsystem_i.cpu_0_0.rf_ram_i.memory\[365\]\[1\],11.76µm
i_core_v_mini_mcu.cpu_subsystem_i.cpu_0_0.rf_ram_i.memory\[371\]\[0\],11.76µm
i_core_v_mini_mcu.cpu_subsystem_i.cpu_0_0.rf_ram_i.memory\[404\]\[1\],11.76µm
i_core_v_mini_mcu.cpu_subsystem_i.cpu_0_0.rf_ram_i.memory\[431\]\[1\],11.76µm
i_core_v_mini_mcu.cpu_subsystem_i.cpu_0_0.rf_ram_i.memory\[437\]\[1\],11.76µm
i_core_v_mini_mcu.cpu_subsystem_i.cpu_0_0.rf_ram_i.memory\[514\]\[1\],11.76µm
i_core_v_mini_mcu.cpu_subsystem_i.cpu_0_0.rf_ram_i.memory\[555\]\[1\],11.76µm
i_core_v_mini_mcu.cpu_subsystem_i.cpu_1_0.i_servile.arbiter.i_wb_cpu_ibus_adr\[3\],11.76µm
i_core_v_mini_mcu.cpu_subsystem_i.cpu_1_0.rf_ram_i.memory\[377\]\[0\],11.76µm
i_core_v_mini_mcu.cpu_subsystem_i.cpu_1_0.rf_ram_i.memory\[468\]\[0\],11.76µm
i_core_v_mini_mcu.memory_subsystem_i.ram0_i.tc_ram_i.sram\[1\]\[2\],11.76µm
i_core_v_mini_mcu.memory_subsystem_i.ram0_i.tc_ram_i.sram\[23\]\[24\],11.76µm
i_core_v_mini_mcu.memory_subsystem_i.ram0_i.tc_ram_i.sram\[24\]\[23\],11.76µm
i_core_v_mini_mcu.memory_subsystem_i.ram0_i.tc_ram_i.sram\[26\]\[3\],11.76µm
i_core_v_mini_mcu.memory_subsystem_i.ram0_i.tc_ram_i.sram\[29\]\[24\],11.76µm
i_core_v_mini_mcu.memory_subsystem_i.ram0_i.tc_ram_i.sram\[29\]\[7\],11.76µm
i_core_v_mini_mcu.memory_subsystem_i.ram0_i.tc_ram_i.sram\[30\]\[1\],11.76µm
i_core_v_mini_mcu.memory_subsystem_i.ram0_i.tc_ram_i.sram\[6\]\[4\],11.76µm
i_core_v_mini_mcu.peripheral_subsystem_i.obi_fifo_i.consumer_resp_i\[22\],11.76µm
i_core_v_mini_mcu.peripheral_subsystem_i.obi_fifo_i.consumer_resp_i\[28\],11.76µm
i_core_v_mini_mcu.system_bus_i.gen_demux_xbar\[1\].demux_xbar_i.u_xbar_varlat.gen_inputs\[0\].i_addr_dec_resp_mux.valid_inflight_q,11.76µm
i_core_v_mini_mcu.peripheral_subsystem_i.obi_fifo_i.consumer_data_req_q\[7\],11.63µm
i_core_v_mini_mcu.cpu_subsystem_i.cpu_1_0.rf_ram_i.memory\[360\]\[0\],11.58µm
i_core_v_mini_mcu.memory_subsystem_i.ram0_i.tc_ram_i.sram\[7\]\[20\],11.58µm
_27559_,11.53µm
i_core_v_mini_mcu.cpu_subsystem_i.cpu_1_0.rf_ram_i.memory\[436\]\[1\],11.53µm
_26815_,11.48µm
i_core_v_mini_mcu.cpu_subsystem_i.cpu_0_0.rf_ram_i.memory\[319\]\[0\],11.48µm
_00735_,11.4µm
_09977_,11.4µm
_09656_,11.35µm
_13423_,11.35µm
_20508_,11.35µm
_21286_,11.35µm
_22541_,11.35µm
i_core_v_mini_mcu.ao_peripheral_subsystem_i.obi_fifo_i.obi_resp_fifo_i.status_cnt_q\[1\],11.35µm
i_core_v_mini_mcu.ao_peripheral_subsystem_i.spi_subsystem_i.obi_spimemio_i.obi_to_picorv32_i.picorv32_resp_i\[19\],11.35µm
i_core_v_mini_mcu.cpu_subsystem_i.cpu_0_0.rf_ram_i.memory\[251\]\[1\],11.35µm
i_core_v_mini_mcu.cpu_subsystem_i.cpu_0_0.rf_ram_i.memory\[266\]\[0\],11.35µm
i_core_v_mini_mcu.cpu_subsystem_i.cpu_0_0.rf_ram_i.memory\[277\]\[0\],11.35µm
i_core_v_mini_mcu.cpu_subsystem_i.cpu_1_0.rf_ram_i.memory\[127\]\[1\],11.35µm
i_core_v_mini_mcu.cpu_subsystem_i.cpu_1_0.rf_ram_i.memory\[229\]\[0\],11.35µm
i_core_v_mini_mcu.memory_subsystem_i.ram0_i.tc_ram_i.sram\[29\]\[23\],11.35µm
i_core_v_mini_mcu.memory_subsystem_i.ram0_i.tc_ram_i.sram\[8\]\[29\],11.35µm
_00814_,11.3µm
_05243_,11.3µm
_05503_,11.3µm
_05707_,11.3µm
_05967_,11.3µm
_06364_,11.3µm
_06568_,11.3µm
_06832_,11.3µm
_09281_,11.3µm
_09436_,11.3µm
_09470_,11.3µm
_09558_,11.3µm
_09830_,11.3µm
_09916_,11.3µm
_10265_,11.3µm
_10868_,11.3µm
_10966_,11.3µm
_11086_,11.3µm
_12760_,11.3µm
_13546_,11.3µm
_13884_,11.3µm
_14943_,11.3µm
_15492_,11.3µm
_15591_,11.3µm
_16430_,11.3µm
_17144_,11.3µm
_17201_,11.3µm
_17229_,11.3µm
_17738_,11.3µm
_17976_,11.3µm
_18227_,11.3µm
_19716_,11.3µm
_20417_,11.3µm
_20506_,11.3µm
_20758_,11.3µm
_21057_,11.3µm
_23588_,11.3µm
_23638_,11.3µm
_24283_,11.3µm
_28289_,11.3µm
i_core_v_mini_mcu.ao_peripheral_subsystem_i.mosaic_clint_i.mtimecmp_q\[50\],11.3µm
i_core_v_mini_mcu.ao_peripheral_subsystem_i.obi_fifo_i.consumer_resp_i\[2\],11.3µm
i_core_v_mini_mcu.ao_peripheral_subsystem_i.power_manager_i.power_manager_reg_top_i.periph_switch_qs,11.3µm
i_core_v_mini_mcu.ao_peripheral_subsystem_i.tdu_i.cpi_est_q\[40\],11.3µm
i_core_v_mini_mcu.cpu_subsystem_i.cpu_0_0.i_servile.arbiter.i_wb_cpu_dbus_adr\[31\],11.3µm
i_core_v_mini_mcu.cpu_subsystem_i.cpu_0_0.i_servile.cpu.csr_en,11.3µm
i_core_v_mini_mcu.cpu_subsystem_i.cpu_0_0.i_servile.cpu.ctrl.o_ibus_adr\[4\],11.3µm
i_core_v_mini_mcu.cpu_subsystem_i.cpu_0_0.rf_ram_i.memory\[141\]\[1\],11.3µm
i_core_v_mini_mcu.cpu_subsystem_i.cpu_0_0.rf_ram_i.memory\[189\]\[1\],11.3µm
i_core_v_mini_mcu.cpu_subsystem_i.cpu_0_0.rf_ram_i.memory\[218\]\[0\],11.3µm
i_core_v_mini_mcu.cpu_subsystem_i.cpu_0_0.rf_ram_i.memory\[319\]\[1\],11.3µm
i_core_v_mini_mcu.cpu_subsystem_i.cpu_0_0.rf_ram_i.memory\[4\]\[1\],11.3µm
i_core_v_mini_mcu.cpu_subsystem_i.cpu_1_0.rf_ram_i.memory\[226\]\[1\],11.3µm
i_core_v_mini_mcu.cpu_subsystem_i.cpu_1_0.rf_ram_i.memory\[256\]\[1\],11.3µm
i_core_v_mini_mcu.cpu_subsystem_i.cpu_1_0.rf_ram_i.memory\[327\]\[1\],11.3µm
i_core_v_mini_mcu.memory_subsystem_i.ram0_i.tc_ram_i.sram\[16\]\[20\],11.3µm
i_core_v_mini_mcu.memory_subsystem_i.ram0_i.tc_ram_i.sram\[16\]\[22\],11.3µm
i_core_v_mini_mcu.memory_subsystem_i.ram0_i.tc_ram_i.sram\[23\]\[6\],11.3µm
i_core_v_mini_mcu.memory_subsystem_i.ram0_i.tc_ram_i.sram\[24\]\[3\],11.3µm
i_core_v_mini_mcu.memory_subsystem_i.ram0_i.tc_ram_i.sram\[26\]\[26\],11.3µm
i_core_v_mini_mcu.memory_subsystem_i.ram0_i.tc_ram_i.sram\[2\]\[27\],11.3µm
i_core_v_mini_mcu.memory_subsystem_i.ram0_i.tc_ram_i.sram\[3\]\[22\],11.3µm
i_core_v_mini_mcu.memory_subsystem_i.ram0_i.tc_ram_i.sram\[8\]\[30\],11.3µm
_00114_,11.25µm
_00172_,11.25µm
_00196_,11.25µm
_00279_,11.25µm
_00387_,11.25µm
_00517_,11.25µm
_00550_,11.25µm
_00605_,11.25µm
_00715_,11.25µm
_00841_,11.25µm
_00893_,11.25µm
_00924_,11.25µm
_00993_,11.25µm
_01111_,11.25µm
_01161_,11.25µm
_01185_,11.25µm
_01192_,11.25µm
_01312_,11.25µm
_01382_,11.25µm
_01390_,11.25µm
_01438_,11.25µm
_01707_,11.25µm
_01866_,11.25µm
_01954_,11.25µm
_01977_,11.25µm
_01980_,11.25µm
_02011_,11.25µm
_02083_,11.25µm
_02100_,11.25µm
_02492_,11.25µm
_02632_,11.25µm
_02633_,11.25µm
_02735_,11.25µm
_02893_,11.25µm
_02921_,11.25µm
_02925_,11.25µm
_03073_,11.25µm
_03085_,11.25µm
_03187_,11.25µm
_03223_,11.25µm
_03243_,11.25µm
_03286_,11.25µm
_03350_,11.25µm
_03530_,11.25µm
_03596_,11.25µm
_03757_,11.25µm
_03834_,11.25µm
_03848_,11.25µm
_04108_,11.25µm
_04427_,11.25µm
_04504_,11.25µm
_04635_,11.25µm
_04673_,11.25µm
_04693_,11.25µm
_04747_,11.25µm
_04850_,11.25µm
_05002_,11.25µm
_05239_,11.25µm
_05246_,11.25µm
_05280_,11.25µm
_05314_,11.25µm
_05498_,11.25µm
_05524_,11.25µm
_05555_,11.25µm
_05566_,11.25µm
_05748_,11.25µm
_05822_,11.25µm
_05893_,11.25µm
_05955_,11.25µm
_06020_,11.25µm
_06130_,11.25µm
_06267_,11.25µm
_06544_,11.25µm
_06711_,11.25µm
_06940_,11.25µm
_07023_,11.25µm
_07299_,11.25µm
_07676_,11.25µm
_07708_,11.25µm
_07942_,11.25µm
_08093_,11.25µm
_08233_,11.25µm
_08314_,11.25µm
_08337_,11.25µm
_08352_,11.25µm
_08564_,11.25µm
_08723_,11.25µm
_09408_,11.25µm
_09635_,11.25µm
_10011_,11.25µm
_10085_,11.25µm
_10246_,11.25µm
_10287_,11.25µm
_10476_,11.25µm
_10519_,11.25µm
_10543_,11.25µm
_10722_,11.25µm
_10994_,11.25µm
_11022_,11.25µm
_11112_,11.25µm
_11147_,11.25µm
_11194_,11.25µm
_11329_,11.25µm
_11343_,11.25µm
_11569_,11.25µm
_11860_,11.25µm
_11882_,11.25µm
_12615_,11.25µm
_12943_,11.25µm
_12988_,11.25µm
_13234_,11.25µm
_13475_,11.25µm
_13549_,11.25µm
_13727_,11.25µm
_13781_,11.25µm
_13805_,11.25µm
_14014_,11.25µm
_14194_,11.25µm
_14232_,11.25µm
_14302_,11.25µm
_14332_,11.25µm
_14481_,11.25µm
_14570_,11.25µm
_14609_,11.25µm
_14670_,11.25µm
_14761_,11.25µm
_14794_,11.25µm
_14795_,11.25µm
_14893_,11.25µm
_15042_,11.25µm
_15081_,11.25µm
_15142_,11.25µm
_15158_,11.25µm
_15159_,11.25µm
_15299_,11.25µm
_15402_,11.25µm
_15841_,11.25µm
_15871_,11.25µm
_16104_,11.25µm
_16156_,11.25µm
_16433_,11.25µm
_16703_,11.25µm
_16928_,11.25µm
_17180_,11.25µm
_17549_,11.25µm
_17566_,11.25µm
_18045_,11.25µm
_18228_,11.25µm
_18716_,11.25µm
_18821_,11.25µm
_18861_,11.25µm
_19138_,11.25µm
_19142_,11.25µm
_19208_,11.25µm
_19468_,11.25µm
_19469_,11.25µm
_19489_,11.25µm
_19579_,11.25µm
_19618_,11.25µm
_19635_,11.25µm
_19810_,11.25µm
_19901_,11.25µm
_19954_,11.25µm
_20000_,11.25µm
_20007_,11.25µm
_20047_,11.25µm
_20080_,11.25µm
_20176_,11.25µm
_20521_,11.25µm
_20589_,11.25µm
_20632_,11.25µm
_20729_,11.25µm
_20903_,11.25µm
_20986_,11.25µm
_21034_,11.25µm
_21087_,11.25µm
_21145_,11.25µm
_21285_,11.25µm
_21312_,11.25µm
_21313_,11.25µm
_21474_,11.25µm
_21669_,11.25µm
_21695_,11.25µm
_21962_,11.25µm
_22036_,11.25µm
_22095_,11.25µm
_22100_,11.25µm
_22106_,11.25µm
_22177_,11.25µm
_22185_,11.25µm
_22246_,11.25µm
_22458_,11.25µm
_22517_,11.25µm
_22608_,11.25µm
_22640_,11.25µm
_22765_,11.25µm
_22920_,11.25µm
_23069_,11.25µm
_23136_,11.25µm
_23151_,11.25µm
_23172_,11.25µm
_23174_,11.25µm
_23201_,11.25µm
_23438_,11.25µm
_23689_,11.25µm
_23788_,11.25µm
_23826_,11.25µm
_24323_,11.25µm
_24383_,11.25µm
_24827_,11.25µm
_24944_,11.25µm
_25090_,11.25µm
_25186_,11.25µm
_25229_,11.25µm
_25265_,11.25µm
_25432_,11.25µm
_25627_,11.25µm
_25674_,11.25µm
_25741_,11.25µm
_25944_,11.25µm
_26336_,11.25µm
_26383_,11.25µm
_26546_,11.25µm
_26644_,11.25µm
_26839_,11.25µm
_26914_,11.25µm
_27012_,11.25µm
_27114_,11.25µm
_27611_,11.25µm
_27886_,11.25µm
_27906_,11.25µm
_28121_,11.25µm
_28240_,11.25µm
_28350_,11.25µm
i_core_v_mini_mcu.ao_peripheral_subsystem_i.obi_fifo_i.consumer_data_req\[46\],11.25µm
i_core_v_mini_mcu.ao_peripheral_subsystem_i.obi_fifo_i.consumer_data_req_q\[29\],11.25µm
i_core_v_mini_mcu.ao_peripheral_subsystem_i.obi_fifo_i.consumer_resp_i\[19\],11.25µm
i_core_v_mini_mcu.ao_peripheral_subsystem_i.obi_fifo_i.consumer_resp_i\[26\],11.25µm
i_core_v_mini_mcu.ao_peripheral_subsystem_i.obi_fifo_i.consumer_resp_i\[4\],11.25µm
i_core_v_mini_mcu.ao_peripheral_subsystem_i.power_manager_i.power_manager_reg_top_i.dma_ch0_clk_gate_qs,11.25µm
i_core_v_mini_mcu.ao_peripheral_subsystem_i.power_manager_i.power_manager_reg_top_i.u_intr_state.wr_data\[12\],11.25µm
i_core_v_mini_mcu.ao_peripheral_subsystem_i.spi_subsystem_i.obi_spimemio_i.obi_to_picorv32_i.picorv32_resp_i\[1\],11.25µm
i_core_v_mini_mcu.ao_peripheral_subsystem_i.tdu_i.cpi_est_q\[21\],11.25µm
i_core_v_mini_mcu.ao_peripheral_subsystem_i.tdu_i.task_mem\[1\]\[5\],11.25µm
i_core_v_mini_mcu.ao_peripheral_subsystem_i.tdu_i.task_mem\[5\]\[3\],11.25µm
i_core_v_mini_mcu.cpu_subsystem_i.cpu_0_0.i_servile.cpu.decode.o_ebreak,11.25µm
i_core_v_mini_mcu.cpu_subsystem_i.cpu_0_0.rf_ram_i.memory\[120\]\[1\],11.25µm
i_core_v_mini_mcu.cpu_subsystem_i.cpu_0_0.rf_ram_i.memory\[121\]\[1\],11.25µm
i_core_v_mini_mcu.cpu_subsystem_i.cpu_0_0.rf_ram_i.memory\[136\]\[0\],11.25µm
i_core_v_mini_mcu.cpu_subsystem_i.cpu_0_0.rf_ram_i.memory\[167\]\[1\],11.25µm
i_core_v_mini_mcu.cpu_subsystem_i.cpu_0_0.rf_ram_i.memory\[223\]\[1\],11.25µm
i_core_v_mini_mcu.cpu_subsystem_i.cpu_0_0.rf_ram_i.memory\[228\]\[1\],11.25µm
i_core_v_mini_mcu.cpu_subsystem_i.cpu_0_0.rf_ram_i.memory\[380\]\[1\],11.25µm
i_core_v_mini_mcu.cpu_subsystem_i.cpu_0_0.rf_ram_i.memory\[423\]\[0\],11.25µm
i_core_v_mini_mcu.cpu_subsystem_i.cpu_0_0.rf_ram_i.memory\[501\]\[1\],11.25µm
i_core_v_mini_mcu.cpu_subsystem_i.cpu_0_0.rf_ram_i.memory\[546\]\[1\],11.25µm
i_core_v_mini_mcu.cpu_subsystem_i.cpu_0_0.rf_ram_i.memory\[69\]\[1\],11.25µm
i_core_v_mini_mcu.cpu_subsystem_i.cpu_0_0.rf_ram_i.memory\[70\]\[1\],11.25µm
i_core_v_mini_mcu.cpu_subsystem_i.cpu_0_0.rf_ram_i.memory\[71\]\[1\],11.25µm
i_core_v_mini_mcu.cpu_subsystem_i.cpu_1_0.i_servile.arbiter.i_wb_cpu_ibus_adr\[10\],11.25µm
i_core_v_mini_mcu.cpu_subsystem_i.cpu_1_0.i_servile.arbiter.i_wb_cpu_ibus_adr\[7\],11.25µm
i_core_v_mini_mcu.cpu_subsystem_i.cpu_1_0.i_servile.cpu.bufreg.c_r,11.25µm
i_core_v_mini_mcu.cpu_subsystem_i.cpu_1_0.rf_ram_i.memory\[108\]\[0\],11.25µm
i_core_v_mini_mcu.cpu_subsystem_i.cpu_1_0.rf_ram_i.memory\[187\]\[1\],11.25µm
i_core_v_mini_mcu.cpu_subsystem_i.cpu_1_0.rf_ram_i.memory\[233\]\[1\],11.25µm
i_core_v_mini_mcu.cpu_subsystem_i.cpu_1_0.rf_ram_i.memory\[267\]\[0\],11.25µm
i_core_v_mini_mcu.cpu_subsystem_i.cpu_1_0.rf_ram_i.memory\[298\]\[1\],11.25µm
i_core_v_mini_mcu.cpu_subsystem_i.cpu_1_0.rf_ram_i.memory\[367\]\[1\],11.25µm
i_core_v_mini_mcu.cpu_subsystem_i.cpu_1_0.rf_ram_i.memory\[40\]\[1\],11.25µm
i_core_v_mini_mcu.cpu_subsystem_i.cpu_1_0.rf_ram_i.memory\[491\]\[1\],11.25µm
i_core_v_mini_mcu.memory_subsystem_i.ram0_i.tc_ram_i.sram\[12\]\[23\],11.25µm
i_core_v_mini_mcu.memory_subsystem_i.ram0_i.tc_ram_i.sram\[20\]\[30\],11.25µm
i_core_v_mini_mcu.memory_subsystem_i.ram0_i.tc_ram_i.sram\[24\]\[4\],11.25µm
i_core_v_mini_mcu.memory_subsystem_i.ram0_i.tc_ram_i.sram\[27\]\[5\],11.25µm
i_core_v_mini_mcu.memory_subsystem_i.ram0_i.tc_ram_i.sram\[31\]\[20\],11.25µm
i_core_v_mini_mcu.memory_subsystem_i.ram0_i.tc_ram_i.sram\[7\]\[19\],11.25µm
i_core_v_mini_mcu.peripheral_subsystem_i.obi_fifo_i.consumer_data_req_q\[35\],11.25µm
i_core_v_mini_mcu.peripheral_subsystem_i.uart_i.reg2hw\[121\],11.25µm
i_core_v_mini_mcu.peripheral_subsystem_i.uart_i.uart_core.rx_timeout_count_q\[21\],11.25µm
i_core_v_mini_mcu.peripheral_subsystem_i.uart_i.uart_core.u_uart_rxfifo.gen_normal_fifo.storage\[4\],11.25µm
i_core_v_mini_mcu.peripheral_subsystem_i.uart_i.uart_core.u_uart_rxfifo.gen_normal_fifo.under_rst,11.25µm
_00104_,11.2µm
_00296_,11.2µm
_00306_,11.2µm
_00314_,11.2µm
_00487_,11.2µm
_00488_,11.2µm
_00626_,11.2µm
_00726_,11.2µm
_00778_,11.2µm
_00853_,11.2µm
_00890_,11.2µm
_00956_,11.2µm
_00968_,11.2µm
_01036_,11.2µm
_01159_,11.2µm
_01304_,11.2µm
_01538_,11.2µm
_01578_,11.2µm
_01609_,11.2µm
_01779_,11.2µm
_01797_,11.2µm
_01938_,11.2µm
_01978_,11.2µm
_02084_,11.2µm
_02101_,11.2µm
_02190_,11.2µm
_02446_,11.2µm
_02454_,11.2µm
_02667_,11.2µm
_02861_,11.2µm
_02911_,11.2µm
_03466_,11.2µm
_03497_,11.2µm
_03715_,11.2µm
_03728_,11.2µm
_03745_,11.2µm
_03769_,11.2µm
_03858_,11.2µm
_03891_,11.2µm
_03912_,11.2µm
_03931_,11.2µm
_03961_,11.2µm
_04047_,11.2µm
_04319_,11.2µm
_04708_,11.2µm
_04713_,11.2µm
_04728_,11.2µm
_04783_,11.2µm
_04886_,11.2µm
_04954_,11.2µm
_05067_,11.2µm
_05184_,11.2µm
_05285_,11.2µm
_05302_,11.2µm
_05486_,11.2µm
_05601_,11.2µm
_05839_,11.2µm
_05843_,11.2µm
_05902_,11.2µm
_06133_,11.2µm
_06277_,11.2µm
_06790_,11.2µm
_07166_,11.2µm
_07321_,11.2µm
_07459_,11.2µm
_07478_,11.2µm
_07929_,11.2µm
_08161_,11.2µm
_08343_,11.2µm
_08490_,11.2µm
_08527_,11.2µm
_08690_,11.2µm
_08721_,11.2µm
_09427_,11.2µm
_09440_,11.2µm
_09461_,11.2µm
_09618_,11.2µm
_09671_,11.2µm
_09998_,11.2µm
_10023_,11.2µm
_10096_,11.2µm
_10120_,11.2µm
_10283_,11.2µm
_10308_,11.2µm
_10420_,11.2µm
_10767_,11.2µm
_11062_,11.2µm
_11092_,11.2µm
_11192_,11.2µm
_11199_,11.2µm
_11207_,11.2µm
_11335_,11.2µm
_11402_,11.2µm
_11447_,11.2µm
_11481_,11.2µm
_11743_,11.2µm
_11806_,11.2µm
_11881_,11.2µm
_11969_,11.2µm
_12083_,11.2µm
_12187_,11.2µm
_12223_,11.2µm
_12631_,11.2µm
_12925_,11.2µm
_13012_,11.2µm
_13022_,11.2µm
_13059_,11.2µm
_13093_,11.2µm
_13205_,11.2µm
_13206_,11.2µm
_13242_,11.2µm
_13366_,11.2µm
_13376_,11.2µm
_13605_,11.2µm
_13646_,11.2µm
_13833_,11.2µm
_13895_,11.2µm
_14262_,11.2µm
_14664_,11.2µm
_14767_,11.2µm
_14902_,11.2µm
_15017_,11.2µm
_15150_,11.2µm
_15440_,11.2µm
_15449_,11.2µm
_15450_,11.2µm
_15638_,11.2µm
_15791_,11.2µm
_15857_,11.2µm
_15906_,11.2µm
_16899_,11.2µm
_17097_,11.2µm
_17483_,11.2µm
_17518_,11.2µm
_17612_,11.2µm
_17635_,11.2µm
_17878_,11.2µm
_18019_,11.2µm
_18136_,11.2µm
_18166_,11.2µm
_18256_,11.2µm
_18357_,11.2µm
_18397_,11.2µm
_18531_,11.2µm
_18755_,11.2µm
_18779_,11.2µm
_18924_,11.2µm
_19045_,11.2µm
_19224_,11.2µm
_19346_,11.2µm
_19413_,11.2µm
_19478_,11.2µm
_19487_,11.2µm
_19613_,11.2µm
_19630_,11.2µm
_19670_,11.2µm
_19721_,11.2µm
_19772_,11.2µm
_19791_,11.2µm
_19897_,11.2µm
_19904_,11.2µm
_19932_,11.2µm
_19983_,11.2µm
_19995_,11.2µm
_19996_,11.2µm
_20144_,11.2µm
_20224_,11.2µm
_20259_,11.2µm
_20282_,11.2µm
_20327_,11.2µm
_20349_,11.2µm
_20550_,11.2µm
_20810_,11.2µm
_21047_,11.2µm
_21071_,11.2µm
_21147_,11.2µm
_21155_,11.2µm
_21186_,11.2µm
_21592_,11.2µm
_21762_,11.2µm
_22334_,11.2µm
_22574_,11.2µm
_22585_,11.2µm
_22589_,11.2µm
_22781_,11.2µm
_22801_,11.2µm
_22803_,11.2µm
_22813_,11.2µm
_22825_,11.2µm
_23062_,11.2µm
_23105_,11.2µm
_23452_,11.2µm
_23499_,11.2µm
_23686_,11.2µm
_23715_,11.2µm
_23836_,11.2µm
_23851_,11.2µm
_23858_,11.2µm
_24537_,11.2µm
_24548_,11.2µm
_24678_,11.2µm
_24694_,11.2µm
_24804_,11.2µm
_25401_,11.2µm
_25599_,11.2µm
_25732_,11.2µm
_25777_,11.2µm
_26213_,11.2µm
_26293_,11.2µm
_26362_,11.2µm
_26648_,11.2µm
_26663_,11.2µm
_26763_,11.2µm
_26818_,11.2µm
_27256_,11.2µm
_27496_,11.2µm
_27834_,11.2µm
_28037_,11.2µm
_28074_,11.2µm
_28292_,11.2µm
_28435_,11.2µm
i_core_v_mini_mcu.ao_peripheral_subsystem_i.power_manager_i.power_manager_reg_top_i.reg2hw\[235\],11.2µm
i_core_v_mini_mcu.ao_peripheral_subsystem_i.power_manager_i.power_manager_sequence_periph_reset_i.sequence_curr_state\[4\],11.2µm
i_core_v_mini_mcu.ao_peripheral_subsystem_i.spi_subsystem_i.obi_spimemio_i.obi_to_picorv32_i.state\[1\],11.2µm
i_core_v_mini_mcu.ao_peripheral_subsystem_i.spi_subsystem_i.obi_spimemio_i.spimemio_i.buffer\[8\],11.2µm
i_core_v_mini_mcu.cpu_subsystem_i.cpu_0_0.rf_ram_i.memory\[106\]\[1\],11.2µm
i_core_v_mini_mcu.cpu_subsystem_i.cpu_0_0.rf_ram_i.memory\[334\]\[0\],11.2µm
i_core_v_mini_mcu.cpu_subsystem_i.cpu_0_0.rf_ram_i.memory\[358\]\[1\],11.2µm
i_core_v_mini_mcu.cpu_subsystem_i.cpu_0_0.rf_ram_i.memory\[380\]\[0\],11.2µm
i_core_v_mini_mcu.cpu_subsystem_i.cpu_0_0.rf_ram_i.memory\[561\]\[1\],11.2µm
i_core_v_mini_mcu.cpu_subsystem_i.cpu_1_0.i_servile.arbiter.i_wb_cpu_ibus_adr\[13\],11.2µm
i_core_v_mini_mcu.cpu_subsystem_i.cpu_1_0.i_servile.arbiter.i_wb_cpu_ibus_adr\[18\],11.2µm
i_core_v_mini_mcu.cpu_subsystem_i.cpu_1_0.i_servile.cpu.immdec.gen_immdec_w_eq_1.imm24_20\[1\],11.2µm
i_core_v_mini_mcu.cpu_subsystem_i.cpu_1_0.i_servile.cpu.immdec.gen_immdec_w_eq_1.imm31,11.2µm
i_core_v_mini_mcu.cpu_subsystem_i.cpu_1_0.rf_ram_i.memory\[111\]\[0\],11.2µm
i_core_v_mini_mcu.cpu_subsystem_i.cpu_1_0.rf_ram_i.memory\[244\]\[1\],11.2µm
i_core_v_mini_mcu.cpu_subsystem_i.cpu_1_0.rf_ram_i.memory\[270\]\[1\],11.2µm
i_core_v_mini_mcu.cpu_subsystem_i.cpu_1_0.rf_ram_i.memory\[302\]\[0\],11.2µm
_04055_,11.14µm
i_core_v_mini_mcu.cpu_subsystem_i.cpu_0_0.rf_ram_i.memory\[512\]\[1\],11.02µm
i_core_v_mini_mcu.cpu_subsystem_i.cpu_1_0.rf_ram_i.memory\[261\]\[1\],10.97µm
_25202_,10.92µm
i_core_v_mini_mcu.cpu_subsystem_i.cpu_0_0.rf_ram_i.memory\[344\]\[1\],10.92µm
i_core_v_mini_mcu.cpu_subsystem_i.cpu_0_0.rf_ram_i.memory\[424\]\[1\],10.92µm
_10299_,10.79µm
_15375_,10.79µm
_16978_,10.79µm
_20199_,10.79µm
_20899_,10.79µm
_21498_,10.79µm
_23027_,10.79µm
i_core_v_mini_mcu.ao_peripheral_subsystem_i.spi_subsystem_i.obi_spimemio_i.spimemio_i.buffer\[0\],10.79µm
i_core_v_mini_mcu.ao_peripheral_subsystem_i.tdu_i.sched_mode_q\[1\],10.79µm
i_core_v_mini_mcu.ao_peripheral_subsystem_i.tdu_i.task_mem\[5\]\[2\],10.79µm
i_core_v_mini_mcu.cpu_subsystem_i.cpu_0_0.rf_ram_i.memory\[190\]\[1\],10.79µm
i_core_v_mini_mcu.cpu_subsystem_i.cpu_1_0.rf_ram_i.memory\[336\]\[0\],10.79µm
i_core_v_mini_mcu.memory_subsystem_i.ram0_i.tc_ram_i.sram\[17\]\[20\],10.79µm
i_core_v_mini_mcu.memory_subsystem_i.ram0_i.tc_ram_i.sram\[2\]\[19\],10.79µm
i_core_v_mini_mcu.memory_subsystem_i.ram0_i.tc_ram_i.sram\[8\]\[18\],10.79µm
_00004_,10.74µm
_00821_,10.74µm
_00899_,10.74µm
_02293_,10.74µm
_04507_,10.74µm
_06074_,10.74µm
_06332_,10.74µm
_08508_,10.74µm
_08858_,10.74µm
_08933_,10.74µm
_09065_,10.74µm
_10451_,10.74µm
_10496_,10.74µm
_10664_,10.74µm
_10961_,10.74µm
_11363_,10.74µm
_11556_,10.74µm
_11682_,10.74µm
_11794_,10.74µm
_11869_,10.74µm
_11908_,10.74µm
_12109_,10.74µm
_12136_,10.74µm
_13305_,10.74µm
_13818_,10.74µm
_14628_,10.74µm
_14697_,10.74µm
_15613_,10.74µm
_16178_,10.74µm
_16282_,10.74µm
_18514_,10.74µm
_18556_,10.74µm
_19019_,10.74µm
_19240_,10.74µm
_19667_,10.74µm
_20301_,10.74µm
_20666_,10.74µm
_22070_,10.74µm
_22138_,10.74µm
_22330_,10.74µm
_22353_,10.74µm
_22522_,10.74µm
_23714_,10.74µm
_23718_,10.74µm
_24002_,10.74µm
_24300_,10.74µm
_26564_,10.74µm
_27387_,10.74µm
_27901_,10.74µm
_28072_,10.74µm
_28207_,10.74µm
i_core_v_mini_mcu.ao_peripheral_subsystem_i.obi_fifo_i.consumer_resp_i\[25\],10.74µm
i_core_v_mini_mcu.ao_peripheral_subsystem_i.power_manager_i.power_manager_sequence_periph_switch_i.sequence_curr_state\[3\],10.74µm
i_core_v_mini_mcu.ao_peripheral_subsystem_i.tdu_i.task_mem\[5\]\[4\],10.74µm
i_core_v_mini_mcu.ao_peripheral_subsystem_i.tdu_i.task_mem\[6\]\[31\],10.74µm
i_core_v_mini_mcu.cpu_subsystem_i.cpu_0_0.rf_ram_i.memory\[112\]\[1\],10.74µm
i_core_v_mini_mcu.cpu_subsystem_i.cpu_0_0.rf_ram_i.memory\[151\]\[1\],10.74µm
i_core_v_mini_mcu.cpu_subsystem_i.cpu_0_0.rf_ram_i.memory\[187\]\[1\],10.74µm
i_core_v_mini_mcu.cpu_subsystem_i.cpu_0_0.rf_ram_i.memory\[421\]\[1\],10.74µm
i_core_v_mini_mcu.cpu_subsystem_i.cpu_0_0.rf_ram_i.memory\[482\]\[0\],10.74µm
i_core_v_mini_mcu.cpu_subsystem_i.cpu_0_0.rf_ram_i.memory\[535\]\[1\],10.74µm
i_core_v_mini_mcu.cpu_subsystem_i.cpu_0_0.rf_ram_i.memory\[537\]\[1\],10.74µm
i_core_v_mini_mcu.cpu_subsystem_i.cpu_1_0.i_servile.cpu.decode.o_immdec_en\[0\],10.74µm
i_core_v_mini_mcu.cpu_subsystem_i.cpu_1_0.rf_ram_i.memory\[172\]\[1\],10.74µm
i_core_v_mini_mcu.cpu_subsystem_i.cpu_1_0.rf_ram_i.memory\[209\]\[0\],10.74µm
i_core_v_mini_mcu.cpu_subsystem_i.cpu_1_0.rf_ram_i.memory\[253\]\[1\],10.74µm
i_core_v_mini_mcu.cpu_subsystem_i.cpu_1_0.rf_ram_i.memory\[347\]\[1\],10.74µm
i_core_v_mini_mcu.cpu_subsystem_i.cpu_1_0.rf_ram_i.memory\[370\]\[0\],10.74µm
i_core_v_mini_mcu.cpu_subsystem_i.cpu_1_0.rf_ram_i.memory\[452\]\[1\],10.74µm
i_core_v_mini_mcu.cpu_subsystem_i.cpu_1_0.rf_ram_i.memory\[486\]\[1\],10.74µm
i_core_v_mini_mcu.cpu_subsystem_i.cpu_1_0.rf_ram_i.memory\[65\]\[0\],10.74µm
i_core_v_mini_mcu.memory_subsystem_i.ram0_i.tc_ram_i.sram\[12\]\[1\],10.74µm
i_core_v_mini_mcu.memory_subsystem_i.ram0_i.tc_ram_i.sram\[29\]\[29\],10.74µm
i_core_v_mini_mcu.memory_subsystem_i.ram0_i.tc_ram_i.sram\[30\]\[30\],10.74µm
i_core_v_mini_mcu.memory_subsystem_i.ram0_i.tc_ram_i.sram\[6\]\[7\],10.74µm
i_core_v_mini_mcu.memory_subsystem_i.ram0_i.tc_ram_i.sram\[8\]\[1\],10.74µm
i_core_v_mini_mcu.memory_subsystem_i.ram0_i.tc_ram_i.sram\[8\]\[21\],10.74µm
i_core_v_mini_mcu.peripheral_subsystem_i.obi_fifo_i.consumer_data_req_q\[2\],10.74µm
_00035_,10.69µm
_00266_,10.69µm
_00278_,10.69µm
_00432_,10.69µm
_00458_,10.69µm
_00481_,10.69µm
_00518_,10.69µm
_00602_,10.69µm
_00618_,10.69µm
_00653_,10.69µm
_00659_,10.69µm
_00889_,10.69µm
_00938_,10.69µm
_01035_,10.69µm
_01098_,10.69µm
_01198_,10.69µm
_01199_,10.69µm
_01259_,10.69µm
_01335_,10.69µm
_01590_,10.69µm
_01659_,10.69µm
_01858_,10.69µm
_01888_,10.69µm
_01984_,10.69µm
_02069_,10.69µm
_02089_,10.69µm
_02180_,10.69µm
_02182_,10.69µm
_02538_,10.69µm
_02611_,10.69µm
_02623_,10.69µm
_02644_,10.69µm
_02650_,10.69µm
_02657_,10.69µm
_03023_,10.69µm
_03047_,10.69µm
_03592_,10.69µm
_03932_,10.69µm
_04037_,10.69µm
_04187_,10.69µm
_04197_,10.69µm
_04244_,10.69µm
_04251_,10.69µm
_04256_,10.69µm
_04302_,10.69µm
_04415_,10.69µm
_04480_,10.69µm
_04510_,10.69µm
_04526_,10.69µm
_04691_,10.69µm
_04753_,10.69µm
_04788_,10.69µm
_04798_,10.69µm
_04815_,10.69µm
_04865_,10.69µm
_04942_,10.69µm
_05035_,10.69µm
_05190_,10.69µm
_05198_,10.69µm
_05790_,10.69µm
_05852_,10.69µm
_06190_,10.69µm
_06346_,10.69µm
_06724_,10.69µm
_07293_,10.69µm
_07337_,10.69µm
_07412_,10.69µm
_07421_,10.69µm
_07567_,10.69µm
_07580_,10.69µm
_07635_,10.69µm
_07965_,10.69µm
_08020_,10.69µm
_08122_,10.69µm
_08346_,10.69µm
_08455_,10.69µm
_08502_,10.69µm
_08534_,10.69µm
_08730_,10.69µm
_08819_,10.69µm
_09058_,10.69µm
_09588_,10.69µm
_09800_,10.69µm
_10241_,10.69µm
_10422_,10.69µm
_10512_,10.69µm
_10692_,10.69µm
_10731_,10.69µm
_10771_,10.69µm
_10790_,10.69µm
_10811_,10.69µm
_10964_,10.69µm
_11191_,10.69µm
_11417_,10.69µm
_11495_,10.69µm
_11549_,10.69µm
_11689_,10.69µm
_11705_,10.69µm
_11864_,10.69µm
_11934_,10.69µm
_12308_,10.69µm
_13008_,10.69µm
_13046_,10.69µm
_13092_,10.69µm
_13285_,10.69µm
_13404_,10.69µm
_13563_,10.69µm
_13608_,10.69µm
_13766_,10.69µm
_13915_,10.69µm
_13945_,10.69µm
_14041_,10.69µm
_14083_,10.69µm
_14329_,10.69µm
_14549_,10.69µm
_14959_,10.69µm
_15769_,10.69µm
_15805_,10.69µm
_15908_,10.69µm
_15929_,10.69µm
_16000_,10.69µm
_16193_,10.69µm
_16245_,10.69µm
_16389_,10.69µm
_16657_,10.69µm
_16737_,10.69µm
_16878_,10.69µm
_16912_,10.69µm
_16943_,10.69µm
_17015_,10.69µm
_17143_,10.69µm
_17182_,10.69µm
_17355_,10.69µm
_17584_,10.69µm
_17608_,10.69µm
_17622_,10.69µm
_17706_,10.69µm
_17777_,10.69µm
_18159_,10.69µm
_18234_,10.69µm
_18349_,10.69µm
_18875_,10.69µm
_18920_,10.69µm
_18921_,10.69µm
_19306_,10.69µm
_19374_,10.69µm
_19458_,10.69µm
_19840_,10.69µm
_19886_,10.69µm
_19949_,10.69µm
_20069_,10.69µm
_20078_,10.69µm
_20339_,10.69µm
_20382_,10.69µm
_20438_,10.69µm
_20596_,10.69µm
_20608_,10.69µm
_20617_,10.69µm
_20678_,10.69µm
_20962_,10.69µm
_21083_,10.69µm
_21106_,10.69µm
_21218_,10.69µm
_21359_,10.69µm
_21509_,10.69µm
_21515_,10.69µm
_21633_,10.69µm
_21785_,10.69µm
_21817_,10.69µm
_21850_,10.69µm
_21872_,10.69µm
_22042_,10.69µm
_22142_,10.69µm
_22174_,10.69µm
_22450_,10.69µm
_22555_,10.69µm
_22707_,10.69µm
_22965_,10.69µm
_22993_,10.69µm
_22994_,10.69µm
_23226_,10.69µm
_23283_,10.69µm
_23303_,10.69µm
_23390_,10.69µm
_23396_,10.69µm
_23408_,10.69µm
_23959_,10.69µm
_24113_,10.69µm
_24170_,10.69µm
_24261_,10.69µm
_24277_,10.69µm
_24873_,10.69µm
_24985_,10.69µm
_25747_,10.69µm
_26225_,10.69µm
_26277_,10.69µm
_26796_,10.69µm
_26832_,10.69µm
_27128_,10.69µm
_27190_,10.69µm
_27229_,10.69µm
_27464_,10.69µm
_27475_,10.69µm
_27508_,10.69µm
_27818_,10.69µm
_27859_,10.69µm
_27864_,10.69µm
_27894_,10.69µm
_27923_,10.69µm
_28180_,10.69µm
_28193_,10.69µm
_28394_,10.69µm
i_core_v_mini_mcu.ao_peripheral_subsystem_i.obi_fifo_i.consumer_resp_i\[17\],10.69µm
i_core_v_mini_mcu.ao_peripheral_subsystem_i.power_manager_i.power_manager_reg_top_i.global_pointer_qs\[23\],10.69µm
i_core_v_mini_mcu.ao_peripheral_subsystem_i.spi_subsystem_i.obi_spimemio_i.spimemio_i.dout_data\[3\],10.69µm
i_core_v_mini_mcu.ao_peripheral_subsystem_i.spi_subsystem_i.obi_spimemio_i.spimemio_i.dout_tag\[2\],10.69µm
i_core_v_mini_mcu.ao_peripheral_subsystem_i.tdu_i.cpi_est_q\[15\],10.69µm
i_core_v_mini_mcu.ao_peripheral_subsystem_i.tdu_i.cpi_est_q\[41\],10.69µm
i_core_v_mini_mcu.cpu_subsystem_i.cpu_0_0.i_servile.arbiter.i_wb_cpu_dbus_adr\[27\],10.69µm
i_core_v_mini_mcu.cpu_subsystem_i.cpu_0_0.rf_ram_i.memory\[177\]\[0\],10.69µm
i_core_v_mini_mcu.cpu_subsystem_i.cpu_0_0.rf_ram_i.memory\[258\]\[1\],10.69µm
i_core_v_mini_mcu.cpu_subsystem_i.cpu_0_0.rf_ram_i.memory\[428\]\[0\],10.69µm
i_core_v_mini_mcu.cpu_subsystem_i.cpu_0_0.rf_ram_i.memory\[499\]\[0\],10.69µm
i_core_v_mini_mcu.cpu_subsystem_i.cpu_0_0.rf_ram_i.memory\[512\]\[0\],10.69µm
i_core_v_mini_mcu.cpu_subsystem_i.cpu_0_0.rf_ram_i.memory\[532\]\[1\],10.69µm
i_core_v_mini_mcu.cpu_subsystem_i.cpu_0_0.rf_ram_i.memory\[59\]\[1\],10.69µm
i_core_v_mini_mcu.cpu_subsystem_i.cpu_0_0.rf_ram_i.memory\[84\]\[1\],10.69µm
i_core_v_mini_mcu.cpu_subsystem_i.cpu_0_0.rf_ram_i.memory\[94\]\[0\],10.69µm
i_core_v_mini_mcu.cpu_subsystem_i.cpu_1_0.rf_ram_i.memory\[258\]\[0\],10.69µm
i_core_v_mini_mcu.cpu_subsystem_i.cpu_1_0.rf_ram_i.memory\[322\]\[0\],10.69µm
i_core_v_mini_mcu.cpu_subsystem_i.cpu_1_0.rf_ram_i.memory\[487\]\[0\],10.69µm
i_core_v_mini_mcu.memory_subsystem_i.ram0_i.tc_ram_i.sram\[19\]\[29\],10.69µm
i_core_v_mini_mcu.memory_subsystem_i.ram0_i.tc_ram_i.sram\[21\]\[28\],10.69µm
i_core_v_mini_mcu.memory_subsystem_i.ram0_i.tc_ram_i.sram\[24\]\[1\],10.69µm
i_core_v_mini_mcu.memory_subsystem_i.ram0_i.tc_ram_i.sram\[29\]\[21\],10.69µm
i_core_v_mini_mcu.memory_subsystem_i.ram0_i.tc_ram_i.sram\[5\]\[26\],10.69µm
i_core_v_mini_mcu.memory_subsystem_i.ram0_i.tc_ram_i.sram\[7\]\[25\],10.69µm
i_core_v_mini_mcu.memory_subsystem_i.ram0_i.tc_ram_i.sram\[9\]\[23\],10.69µm
i_core_v_mini_mcu.peripheral_subsystem_i.obi_fifo_i.consumer_resp_i\[7\],10.69µm
i_core_v_mini_mcu.peripheral_subsystem_i.uart_i.uart_core.u_uart_rxfifo.gen_normal_fifo.storage\[9\],10.69µm
_00070_,10.64µm
_00242_,10.64µm
_00258_,10.64µm
_00301_,10.64µm
_00364_,10.64µm
_00375_,10.64µm
_00416_,10.64µm
_00678_,10.64µm
_00940_,10.64µm
_01197_,10.64µm
_01228_,10.64µm
_01320_,10.64µm
_01329_,10.64µm
_01713_,10.64µm
_01839_,10.64µm
_01846_,10.64µm
_01940_,10.64µm
_01944_,10.64µm
_02033_,10.64µm
_02063_,10.64µm
_02075_,10.64µm
_02263_,10.64µm
_02370_,10.64µm
_02418_,10.64µm
_02493_,10.64µm
_02550_,10.64µm
_02622_,10.64µm
_02728_,10.64µm
_02810_,10.64µm
_02883_,10.64µm
_03033_,10.64µm
_03060_,10.64µm
_03112_,10.64µm
_03128_,10.64µm
_03146_,10.64µm
_03261_,10.64µm
_03296_,10.64µm
_03560_,10.64µm
_03917_,10.64µm
_04095_,10.64µm
_04271_,10.64µm
_04279_,10.64µm
_04398_,10.64µm
_04407_,10.64µm
_04531_,10.64µm
_04620_,10.64µm
_04680_,10.64µm
_04851_,10.64µm
_04920_,10.64µm
_04921_,10.64µm
_04969_,10.64µm
_05102_,10.64µm
_05244_,10.64µm
_05385_,10.64µm
_05526_,10.64µm
_05643_,10.64µm
_05983_,10.64µm
_06105_,10.64µm
_06125_,10.64µm
_06337_,10.64µm
_07186_,10.64µm
_07320_,10.64µm
_07366_,10.64µm
_07864_,10.64µm
_08433_,10.64µm
_08529_,10.64µm
_08717_,10.64µm
_08887_,10.64µm
_09154_,10.64µm
_09298_,10.64µm
_10017_,10.64µm
_10150_,10.64µm
_10317_,10.64µm
_10335_,10.64µm
_11005_,10.64µm
_11031_,10.64µm
_11103_,10.64µm
_11177_,10.64µm
_11384_,10.64µm
_11473_,10.64µm
_11508_,10.64µm
_11594_,10.64µm
_11904_,10.64µm
_11926_,10.64µm
_12040_,10.64µm
_12112_,10.64µm
_12186_,10.64µm
_12189_,10.64µm
_12191_,10.64µm
_12282_,10.64µm
_12690_,10.64µm
_12887_,10.64µm
_12984_,10.64µm
_13077_,10.64µm
_13270_,10.64µm
_13471_,10.64µm
_13674_,10.64µm
_13750_,10.64µm
_13800_,10.64µm
_13865_,10.64µm
_13899_,10.64µm
_13923_,10.64µm
_14261_,10.64µm
_14327_,10.64µm
_14507_,10.64µm
_14632_,10.64µm
_14827_,10.64µm
_14833_,10.64µm
_14934_,10.64µm
_15291_,10.64µm
_15512_,10.64µm
_15623_,10.64µm
_15669_,10.64µm
_15739_,10.64µm
_15954_,10.64µm
_16002_,10.64µm
_16107_,10.64µm
_16128_,10.64µm
_16153_,10.64µm
_16366_,10.64µm
_16564_,10.64µm
_16790_,10.64µm
_17039_,10.64µm
_17162_,10.64µm
_17184_,10.64µm
_17197_,10.64µm
_17209_,10.64µm
_17260_,10.64µm
_17472_,10.64µm
_17487_,10.64µm
_17537_,10.64µm
_17615_,10.64µm
_17816_,10.64µm
_17994_,10.64µm
_18028_,10.64µm
_18114_,10.64µm
_18183_,10.64µm
_18241_,10.64µm
_18253_,10.64µm
_18331_,10.64µm
_18430_,10.64µm
_18610_,10.64µm
_18791_,10.64µm
_18800_,10.64µm
_18862_,10.64µm
_18880_,10.64µm
_18890_,10.64µm
_18891_,10.64µm
_19062_,10.64µm
_19112_,10.64µm
_19154_,10.64µm
_19219_,10.64µm
_19239_,10.64µm
_19244_,10.64µm
_19263_,10.64µm
_19284_,10.64µm
_19294_,10.64µm
_19334_,10.64µm
_19343_,10.64µm
_19356_,10.64µm
_19386_,10.64µm
_19404_,10.64µm
_19424_,10.64µm
_19454_,10.64µm
_19508_,10.64µm
_19522_,10.64µm
_19560_,10.64µm
_19665_,10.64µm
_19710_,10.64µm
_19998_,10.64µm
_20157_,10.64µm
_20174_,10.64µm
_20304_,10.64µm
_20383_,10.64µm
_20465_,10.64µm
_20472_,10.64µm
_20665_,10.64µm
_20777_,10.64µm
_20947_,10.64µm
_20948_,10.64µm
_21084_,10.64µm
_21310_,10.64µm
_21387_,10.64µm
_21402_,10.64µm
_21472_,10.64µm
_22094_,10.64µm
_22187_,10.64µm
_22215_,10.64µm
_22543_,10.64µm
_22629_,10.64µm
_22714_,10.64µm
_23110_,10.64µm
_23121_,10.64µm
_23186_,10.64µm
_23538_,10.64µm
_23700_,10.64µm
_23807_,10.64µm
_23827_,10.64µm
_23939_,10.64µm
_24038_,10.64µm
_24123_,10.64µm
_24151_,10.64µm
_24260_,10.64µm
_24436_,10.64µm
_24899_,10.64µm
_25027_,10.64µm
_25058_,10.64µm
_25088_,10.64µm
_25918_,10.64µm
_26127_,10.64µm
_26269_,10.64µm
_26307_,10.64µm
_26409_,10.64µm
_26668_,10.64µm
_26801_,10.64µm
_26909_,10.64µm
_26967_,10.64µm
_27032_,10.64µm
_27073_,10.64µm
_27330_,10.64µm
_27370_,10.64µm
_27484_,10.64µm
_27746_,10.64µm
_27757_,10.64µm
_28129_,10.64µm
_28250_,10.64µm
_28456_,10.64µm
i_core_v_mini_mcu.ao_peripheral_subsystem_i.obi_fifo_i.consumer_resp_i\[8\],10.64µm
i_core_v_mini_mcu.ao_peripheral_subsystem_i.obi_fifo_i.producer_state_n,10.64µm
i_core_v_mini_mcu.ao_peripheral_subsystem_i.power_manager_i.reg_to_counter_cpu_powergate_switch_on_i.counter_curr_state\[0\],10.64µm
i_core_v_mini_mcu.cpu_subsystem_i.cpu_0_0.i_servile.cpu.gen_align.align.ibus_rdt_concat\[1\],10.64µm
i_core_v_mini_mcu.cpu_subsystem_i.cpu_0_0.rf_ram_i.memory\[251\]\[0\],10.64µm
i_core_v_mini_mcu.cpu_subsystem_i.cpu_0_0.rf_ram_i.memory\[281\]\[0\],10.64µm
i_core_v_mini_mcu.cpu_subsystem_i.cpu_0_0.rf_ram_i.memory\[354\]\[0\],10.64µm
i_core_v_mini_mcu.cpu_subsystem_i.cpu_0_0.rf_ram_i.memory\[387\]\[1\],10.64µm
i_core_v_mini_mcu.cpu_subsystem_i.cpu_0_0.rf_ram_i.memory\[484\]\[0\],10.64µm
i_core_v_mini_mcu.cpu_subsystem_i.cpu_0_0.rf_ram_i.rdata\[1\],10.64µm
i_core_v_mini_mcu.cpu_subsystem_i.cpu_1_0.i_servile.arbiter.i_wb_cpu_ibus_adr\[2\],10.64µm
i_core_v_mini_mcu.cpu_subsystem_i.cpu_1_0.i_servile.rf_ram_if.wdata0_r\[0\],10.64µm
i_core_v_mini_mcu.cpu_subsystem_i.cpu_1_0.rf_ram_i.memory\[151\]\[0\],10.64µm
i_core_v_mini_mcu.cpu_subsystem_i.cpu_1_0.rf_ram_i.memory\[209\]\[1\],10.64µm
i_core_v_mini_mcu.cpu_subsystem_i.cpu_1_0.rf_ram_i.memory\[341\]\[0\],10.64µm
i_core_v_mini_mcu.cpu_subsystem_i.cpu_1_0.rf_ram_i.memory\[44\]\[0\],10.64µm
i_core_v_mini_mcu.cpu_subsystem_i.cpu_1_0.rf_ram_i.memory\[97\]\[1\],10.64µm
i_core_v_mini_mcu.memory_subsystem_i.ram0_i.tc_ram_i.sram\[13\]\[24\],10.64µm
i_core_v_mini_mcu.memory_subsystem_i.ram0_i.tc_ram_i.sram\[17\]\[10\],10.64µm
i_core_v_mini_mcu.memory_subsystem_i.ram0_i.tc_ram_i.sram\[22\]\[24\],10.64µm
i_core_v_mini_mcu.memory_subsystem_i.ram0_i.tc_ram_i.sram\[9\]\[21\],10.64µm
i_core_v_mini_mcu.peripheral_subsystem_i.obi_fifo_i.consumer_data_req_q\[15\],10.64µm
i_core_v_mini_mcu.cpu_subsystem_i.cpu_0_0.rf_ram_i.memory\[368\]\[0\],10.46µm
_09115_,10.41µm
_13311_,10.41µm
_10302_,10.36µm
i_core_v_mini_mcu.cpu_subsystem_i.cpu_0_0.rf_ram_i.memory\[170\]\[1\],10.36µm
i_core_v_mini_mcu.cpu_subsystem_i.cpu_0_0.rf_ram_i.memory\[302\]\[1\],10.36µm
i_core_v_mini_mcu.cpu_subsystem_i.cpu_0_0.rf_ram_i.memory\[324\]\[1\],10.36µm
i_core_v_mini_mcu.cpu_subsystem_i.cpu_0_0.rf_ram_i.memory\[377\]\[1\],10.36µm
i_core_v_mini_mcu.cpu_subsystem_i.cpu_0_0.rf_ram_i.memory\[79\]\[1\],10.36µm
_10233_,10.28µm
_01615_,10.23µm
_06964_,10.23µm
_07303_,10.23µm
_08617_,10.23µm
_10348_,10.23µm
_10494_,10.23µm
_18353_,10.23µm
exit_value_int\[17\],10.23µm
i_core_v_mini_mcu.ao_peripheral_subsystem_i.obi_fifo_i.obi_req_fifo_i.status_cnt_q\[0\],10.23µm
i_core_v_mini_mcu.cpu_subsystem_i.cpu_0_0.rf_ram_i.memory\[359\]\[0\],10.23µm
i_core_v_mini_mcu.cpu_subsystem_i.cpu_0_0.rf_ram_i.memory\[442\]\[0\],10.23µm
i_core_v_mini_mcu.cpu_subsystem_i.cpu_0_0.rf_ram_i.memory\[65\]\[1\],10.23µm
i_core_v_mini_mcu.cpu_subsystem_i.cpu_1_0.rf_ram_i.memory\[121\]\[0\],10.23µm
i_core_v_mini_mcu.cpu_subsystem_i.cpu_1_0.rf_ram_i.memory\[220\]\[1\],10.23µm
i_core_v_mini_mcu.cpu_subsystem_i.cpu_1_0.rf_ram_i.memory\[429\]\[1\],10.23µm
i_core_v_mini_mcu.memory_subsystem_i.ram0_i.tc_ram_i.sram\[20\]\[27\],10.23µm
i_core_v_mini_mcu.memory_subsystem_i.ram0_i.tc_ram_i.sram\[20\]\[28\],10.23µm
i_core_v_mini_mcu.memory_subsystem_i.ram0_i.tc_ram_i.sram\[26\]\[4\],10.23µm
i_core_v_mini_mcu.memory_subsystem_i.ram0_i.tc_ram_i.sram\[8\]\[16\],10.23µm
_01577_,10.18µm
_01680_,10.18µm
_01870_,10.18µm
_02004_,10.18µm
_02212_,10.18µm
_05473_,10.18µm
_05636_,10.18µm
_05666_,10.18µm
_06287_,10.18µm
_06363_,10.18µm
_06652_,10.18µm
_07247_,10.18µm
_07837_,10.18µm
_08572_,10.18µm
_08679_,10.18µm
_08778_,10.18µm
_08862_,10.18µm
_09220_,10.18µm
_09463_,10.18µm
_09747_,10.18µm
_09908_,10.18µm
_10003_,10.18µm
_10091_,10.18µm
_10250_,10.18µm
_10390_,10.18µm
_11195_,10.18µm
_11232_,10.18µm
_11272_,10.18µm
_11589_,10.18µm
_11663_,10.18µm
_11937_,10.18µm
_11949_,10.18µm
_12232_,10.18µm
_12735_,10.18µm
_12850_,10.18µm
_13470_,10.18µm
_14361_,10.18µm
_15280_,10.18µm
_15479_,10.18µm
_15757_,10.18µm
_16037_,10.18µm
_16734_,10.18µm
_16770_,10.18µm
_16856_,10.18µm
_17025_,10.18µm
_17292_,10.18µm
_19003_,10.18µm
_19094_,10.18µm
_19742_,10.18µm
_20723_,10.18µm
_20828_,10.18µm
_21588_,10.18µm
_21900_,10.18µm
_21976_,10.18µm
_22130_,10.18µm
_22288_,10.18µm
_22600_,10.18µm
_23097_,10.18µm
_24193_,10.18µm
_24234_,10.18µm
_25689_,10.18µm
_26235_,10.18µm
_26724_,10.18µm
_26939_,10.18µm
_27026_,10.18µm
_27274_,10.18µm
_27855_,10.18µm
_28286_,10.18µm
i_core_v_mini_mcu.ao_peripheral_subsystem_i.tdu_i.task_mem\[0\]\[8\],10.18µm
i_core_v_mini_mcu.ao_peripheral_subsystem_i.tdu_i.task_mem\[1\]\[14\],10.18µm
i_core_v_mini_mcu.ao_peripheral_subsystem_i.tdu_i.task_mem\[6\]\[22\],10.18µm
i_core_v_mini_mcu.cpu_subsystem_i.cpu_0_0.i_servile.cpu.gen_align.align.ibus_rdt_concat\[6\],10.18µm
i_core_v_mini_mcu.cpu_subsystem_i.cpu_0_0.rf_ram_i.memory\[348\]\[0\],10.18µm
i_core_v_mini_mcu.cpu_subsystem_i.cpu_0_0.rf_ram_i.memory\[492\]\[0\],10.18µm
i_core_v_mini_mcu.cpu_subsystem_i.cpu_0_0.rf_ram_i.memory\[537\]\[0\],10.18µm
i_core_v_mini_mcu.cpu_subsystem_i.cpu_0_0.rf_ram_i.memory\[574\]\[0\],10.18µm
i_core_v_mini_mcu.cpu_subsystem_i.cpu_0_0.rf_ram_i.memory\[90\]\[0\],10.18µm
i_core_v_mini_mcu.cpu_subsystem_i.cpu_1_0.rf_ram_i.memory\[210\]\[1\],10.18µm
i_core_v_mini_mcu.cpu_subsystem_i.cpu_1_0.rf_ram_i.memory\[252\]\[0\],10.18µm
i_core_v_mini_mcu.cpu_subsystem_i.cpu_1_0.rf_ram_i.memory\[316\]\[1\],10.18µm
i_core_v_mini_mcu.cpu_subsystem_i.cpu_1_0.rf_ram_i.memory\[338\]\[0\],10.18µm
i_core_v_mini_mcu.cpu_subsystem_i.cpu_1_0.rf_ram_i.memory\[448\]\[1\],10.18µm
i_core_v_mini_mcu.cpu_subsystem_i.cpu_1_0.rf_ram_i.memory\[475\]\[1\],10.18µm
i_core_v_mini_mcu.cpu_subsystem_i.cpu_1_0.rf_ram_i.memory\[498\]\[0\],10.18µm
i_core_v_mini_mcu.cpu_subsystem_i.cpu_1_0.rf_ram_i.memory\[65\]\[1\],10.18µm
i_core_v_mini_mcu.memory_subsystem_i.ram0_i.tc_ram_i.sram\[12\]\[17\],10.18µm
i_core_v_mini_mcu.memory_subsystem_i.ram0_i.tc_ram_i.sram\[13\]\[31\],10.18µm
i_core_v_mini_mcu.memory_subsystem_i.ram0_i.tc_ram_i.sram\[26\]\[5\],10.18µm
_00245_,10.13µm
_00504_,10.13µm
_00520_,10.13µm
_00587_,10.13µm
_00593_,10.13µm
_00673_,10.13µm
_00739_,10.13µm
_00761_,10.13µm
_00862_,10.13µm
_00871_,10.13µm
_00978_,10.13µm
_00981_,10.13µm
_01018_,10.13µm
_01194_,10.13µm
_01231_,10.13µm
_01269_,10.13µm
_01331_,10.13µm
_01436_,10.13µm
_01480_,10.13µm
_01511_,10.13µm
_01533_,10.13µm
_01548_,10.13µm
_01582_,10.13µm
_01583_,10.13µm
_01719_,10.13µm
_01721_,10.13µm
_01787_,10.13µm
_01856_,10.13µm
_01865_,10.13µm
_01886_,10.13µm
_01976_,10.13µm
_01994_,10.13µm
_02016_,10.13µm
_02020_,10.13µm
_02036_,10.13µm
_02058_,10.13µm
_02120_,10.13µm
_02125_,10.13µm
_02126_,10.13µm
_02207_,10.13µm
_02215_,10.13µm
_02270_,10.13µm
_02302_,10.13µm
_02360_,10.13µm
_02364_,10.13µm
_02427_,10.13µm
_02430_,10.13µm
_02439_,10.13µm
_02546_,10.13µm
_02575_,10.13µm
_02598_,10.13µm
_02610_,10.13µm
_02635_,10.13µm
_03599_,10.13µm
_03700_,10.13µm
_03708_,10.13µm
_03894_,10.13µm
_03910_,10.13µm
_03974_,10.13µm
_03977_,10.13µm
_04083_,10.13µm
_04142_,10.13µm
_04154_,10.13µm
_04199_,10.13µm
_04250_,10.13µm
_04314_,10.13µm
_04574_,10.13µm
_04624_,10.13µm
_04656_,10.13µm
_04799_,10.13µm
_04805_,10.13µm
_04877_,10.13µm
_04931_,10.13µm
_04967_,10.13µm
_05098_,10.13µm
_05181_,10.13µm
_05247_,10.13µm
_05304_,10.13µm
_05435_,10.13µm
_05447_,10.13µm
_05588_,10.13µm
_05671_,10.13µm
_05742_,10.13µm
_05772_,10.13µm
_05867_,10.13µm
_05980_,10.13µm
_06048_,10.13µm
_06217_,10.13µm
_06314_,10.13µm
_06959_,10.13µm
_07260_,10.13µm
_07261_,10.13µm
_07485_,10.13µm
_07823_,10.13µm
_08111_,10.13µm
_08599_,10.13µm
_08715_,10.13µm
_08940_,10.13µm
_09114_,10.13µm
_09215_,10.13µm
_09390_,10.13µm
_09399_,10.13µm
_09637_,10.13µm
_09980_,10.13µm
_10034_,10.13µm
_10500_,10.13µm
_10689_,10.13µm
_11286_,10.13µm
_11339_,10.13µm
_11351_,10.13µm
_11727_,10.13µm
_11768_,10.13µm
_12043_,10.13µm
_12100_,10.13µm
_12141_,10.13µm
_12281_,10.13µm
_12439_,10.13µm
_12673_,10.13µm
_12771_,10.13µm
_12883_,10.13µm
_13043_,10.13µm
_13134_,10.13µm
_13165_,10.13µm
_13229_,10.13µm
_13246_,10.13µm
_13569_,10.13µm
_13597_,10.13µm
_13671_,10.13µm
_13814_,10.13µm
_13879_,10.13µm
_14184_,10.13µm
_14247_,10.13µm
_14255_,10.13µm
_14272_,10.13µm
_14296_,10.13µm
_14352_,10.13µm
_14559_,10.13µm
_14573_,10.13µm
_14729_,10.13µm
_15028_,10.13µm
_15088_,10.13µm
_15230_,10.13µm
_15247_,10.13µm
_15423_,10.13µm
_15521_,10.13µm
_15587_,10.13µm
_15653_,10.13µm
_15752_,10.13µm
_16067_,10.13µm
_16243_,10.13µm
_16306_,10.13µm
_16392_,10.13µm
_16505_,10.13µm
_16644_,10.13µm
_16777_,10.13µm
_16804_,10.13µm
_16855_,10.13µm
_16955_,10.13µm
_16963_,10.13µm
_17049_,10.13µm
_17342_,10.13µm
_17665_,10.13µm
_17877_,10.13µm
_17901_,10.13µm
_17957_,10.13µm
_18014_,10.13µm
_18447_,10.13µm
_18717_,10.13µm
_18746_,10.13µm
_19011_,10.13µm
_19190_,10.13µm
_19407_,10.13µm
_19829_,10.13µm
_19852_,10.13µm
_20162_,10.13µm
_20165_,10.13µm
_20310_,10.13µm
_20485_,10.13µm
_20534_,10.13µm
_20660_,10.13µm
_21046_,10.13µm
_21110_,10.13µm
_21119_,10.13µm
_21212_,10.13µm
_21250_,10.13µm
_21301_,10.13µm
_21380_,10.13µm
_21381_,10.13µm
_21631_,10.13µm
_21696_,10.13µm
_21873_,10.13µm
_22134_,10.13µm
_22269_,10.13µm
_22733_,10.13µm
_22787_,10.13µm
_22788_,10.13µm
_22804_,10.13µm
_22977_,10.13µm
_22985_,10.13µm
_23448_,10.13µm
_23464_,10.13µm
_23541_,10.13µm
_23630_,10.13µm
_23828_,10.13µm
_23857_,10.13µm
_23923_,10.13µm
_23946_,10.13µm
_24556_,10.13µm
_24645_,10.13µm
_24660_,10.13µm
_24771_,10.13µm
_24822_,10.13µm
_24915_,10.13µm
_25011_,10.13µm
_25017_,10.13µm
_25142_,10.13µm
_25205_,10.13µm
_25254_,10.13µm
_25314_,10.13µm
_25415_,10.13µm
_26031_,10.13µm
_26305_,10.13µm
_26356_,10.13µm
_26397_,10.13µm
_26516_,10.13µm
_26679_,10.13µm
_26799_,10.13µm
_27295_,10.13µm
_27407_,10.13µm
_27435_,10.13µm
_27622_,10.13µm
_27743_,10.13µm
_27779_,10.13µm
_27833_,10.13µm
_27925_,10.13µm
_28113_,10.13µm
_28131_,10.13µm
_28189_,10.13µm
_28243_,10.13µm
_28383_,10.13µm
i_core_v_mini_mcu.ao_peripheral_subsystem_i.obi_fifo_i.consumer_state_n,10.13µm
i_core_v_mini_mcu.ao_peripheral_subsystem_i.obi_fifo_i.producer_state_q,10.13µm
i_core_v_mini_mcu.ao_peripheral_subsystem_i.power_manager_i.power_manager_reg_top_i.u_intr_state.wr_data\[18\],10.13µm
i_core_v_mini_mcu.ao_peripheral_subsystem_i.spi_subsystem_i.obi_spimemio_i.flash_io1_do_o,10.13µm
i_core_v_mini_mcu.ao_peripheral_subsystem_i.spi_subsystem_i.obi_spimemio_i.obi_to_picorv32_i.picorv32_resp_i\[21\],10.13µm
i_core_v_mini_mcu.ao_peripheral_subsystem_i.spi_subsystem_i.obi_spimemio_i.spimemio_i.dout_data\[6\],10.13µm
i_core_v_mini_mcu.ao_peripheral_subsystem_i.tdu_i.active_hart_cycles_q\[21\],10.13µm
i_core_v_mini_mcu.ao_peripheral_subsystem_i.tdu_i.cpi_est_q\[38\],10.13µm
i_core_v_mini_mcu.cpu_subsystem_i.cpu_0_0.i_servile.rf_ram_if.rdata0\[1\],10.13µm
i_core_v_mini_mcu.cpu_subsystem_i.cpu_0_0.rf_ram_i.memory\[301\]\[0\],10.13µm
i_core_v_mini_mcu.cpu_subsystem_i.cpu_0_0.rf_ram_i.memory\[363\]\[0\],10.13µm
i_core_v_mini_mcu.cpu_subsystem_i.cpu_0_0.rf_ram_i.memory\[490\]\[0\],10.13µm
i_core_v_mini_mcu.cpu_subsystem_i.cpu_0_0.rf_ram_i.memory\[513\]\[0\],10.13µm
i_core_v_mini_mcu.cpu_subsystem_i.cpu_1_0.rf_ram_i.memory\[119\]\[0\],10.13µm
i_core_v_mini_mcu.cpu_subsystem_i.cpu_1_0.rf_ram_i.memory\[199\]\[0\],10.13µm
i_core_v_mini_mcu.cpu_subsystem_i.cpu_1_0.rf_ram_i.memory\[358\]\[0\],10.13µm
i_core_v_mini_mcu.cpu_subsystem_i.cpu_1_0.rf_ram_i.memory\[95\]\[1\],10.13µm
i_core_v_mini_mcu.memory_subsystem_i.ram0_i.tc_ram_i.sram\[22\]\[26\],10.13µm
i_core_v_mini_mcu.memory_subsystem_i.ram0_i.tc_ram_i.sram\[23\]\[18\],10.13µm
i_core_v_mini_mcu.memory_subsystem_i.ram0_i.tc_ram_i.sram\[2\]\[3\],10.13µm
i_core_v_mini_mcu.memory_subsystem_i.ram0_i.tc_ram_i.sram\[7\]\[26\],10.13µm
i_core_v_mini_mcu.peripheral_subsystem_i.uart_i.uart_core.u_uart_rxfifo.gen_normal_fifo.storage\[8\],10.13µm
_00034_,10.08µm
_00156_,10.08µm
_00159_,10.08µm
_00174_,10.08µm
_00342_,10.08µm
_00565_,10.08µm
_00623_,10.08µm
_00628_,10.08µm
_00637_,10.08µm
_01032_,10.08µm
_01071_,10.08µm
_01093_,10.08µm
_01112_,10.08µm
_01123_,10.08µm
_01132_,10.08µm
_01378_,10.08µm
_01383_,10.08µm
_01556_,10.08µm
_01625_,10.08µm
_01725_,10.08µm
_01767_,10.08µm
_01821_,10.08µm
_01848_,10.08µm
_01932_,10.08µm
_01955_,10.08µm
_01967_,10.08µm
_02059_,10.08µm
_02094_,10.08µm
_02242_,10.08µm
_02335_,10.08µm
_02780_,10.08µm
_02835_,10.08µm
_02932_,10.08µm
_03126_,10.08µm
_03229_,10.08µm
_03266_,10.08µm
_03362_,10.08µm
_03372_,10.08µm
_03415_,10.08µm
_03448_,10.08µm
_03462_,10.08µm
_03512_,10.08µm
_03567_,10.08µm
_03707_,10.08µm
_03768_,10.08µm
_03885_,10.08µm
_03911_,10.08µm
_04053_,10.08µm
_04393_,10.08µm
_04447_,10.08µm
_04498_,10.08µm
_04552_,10.08µm
_04594_,10.08µm
_05125_,10.08µm
_05582_,10.08µm
_05796_,10.08µm
_05872_,10.08µm
_06117_,10.08µm
_06208_,10.08µm
_06297_,10.08µm
_06708_,10.08µm
_06860_,10.08µm
_07214_,10.08µm
_07220_,10.08µm
_07240_,10.08µm
_07449_,10.08µm
_08050_,10.08µm
_08084_,10.08µm
_08138_,10.08µm
_08240_,10.08µm
_08279_,10.08µm
_08638_,10.08µm
_08687_,10.08µm
_09035_,10.08µm
_09159_,10.08µm
_09492_,10.08µm
_09493_,10.08µm
_09567_,10.08µm
_09570_,10.08µm
_09576_,10.08µm
_09660_,10.08µm
_09874_,10.08µm
_09883_,10.08µm
_09997_,10.08µm
_10196_,10.08µm
_10258_,10.08µm
_10536_,10.08µm
_10697_,10.08µm
_10760_,10.08µm
_10852_,10.08µm
_10913_,10.08µm
_10928_,10.08µm
_11130_,10.08µm
_11521_,10.08µm
_11535_,10.08µm
_11732_,10.08µm
_11801_,10.08µm
_11846_,10.08µm
_11964_,10.08µm
_12060_,10.08µm
_12110_,10.08µm
_12310_,10.08µm
_12458_,10.08µm
_12622_,10.08µm
_12981_,10.08µm
_13003_,10.08µm
_13010_,10.08µm
_13130_,10.08µm
_13136_,10.08µm
_13174_,10.08µm
_13369_,10.08µm
_13438_,10.08µm
_13460_,10.08µm
_13647_,10.08µm
_13667_,10.08µm
_14090_,10.08µm
_14243_,10.08µm
_14285_,10.08µm
_14423_,10.08µm
_14492_,10.08µm
_14726_,10.08µm
_15045_,10.08µm
_15123_,10.08µm
_15141_,10.08µm
_15215_,10.08µm
_15272_,10.08µm
_15473_,10.08µm
_15953_,10.08µm
_16198_,10.08µm
_16219_,10.08µm
_16544_,10.08µm
_16561_,10.08µm
_16754_,10.08µm
_16946_,10.08µm
_16986_,10.08µm
_17112_,10.08µm
_17345_,10.08µm
_17381_,10.08µm
_17410_,10.08µm
_17797_,10.08µm
_18383_,10.08µm
_18521_,10.08µm
_18587_,10.08µm
_19136_,10.08µm
_19595_,10.08µm
_19624_,10.08µm
_19655_,10.08µm
_19750_,10.08µm
_20039_,10.08µm
_20063_,10.08µm
_20125_,10.08µm
_20156_,10.08µm
_20168_,10.08µm
_20283_,10.08µm
_20284_,10.08µm
_20397_,10.08µm
_20625_,10.08µm
_20683_,10.08µm
_21134_,10.08µm
_21222_,10.08µm
_21294_,10.08µm
_21354_,10.08µm
_21395_,10.08µm
_21609_,10.08µm
_21743_,10.08µm
_21796_,10.08µm
_22117_,10.08µm
_22119_,10.08µm
_22211_,10.08µm
_22315_,10.08µm
_22536_,10.08µm
_22549_,10.08µm
_22637_,10.08µm
_22643_,10.08µm
_22768_,10.08µm
_22928_,10.08µm
_23277_,10.08µm
_23292_,10.08µm
_23307_,10.08µm
_23600_,10.08µm
_23698_,10.08µm
_23816_,10.08µm
_23901_,10.08µm
_23979_,10.08µm
_24013_,10.08µm
_24050_,10.08µm
_24119_,10.08µm
_24897_,10.08µm
_25067_,10.08µm
_25302_,10.08µm
_25362_,10.08µm
_25408_,10.08µm
_25413_,10.08µm
_25657_,10.08µm
_25823_,10.08µm
_25864_,10.08µm
_26296_,10.08µm
_26363_,10.08µm
_26404_,10.08µm
_26406_,10.08µm
_26448_,10.08µm
_26554_,10.08µm
_26777_,10.08µm
_27178_,10.08µm
_27188_,10.08µm
_27312_,10.08µm
_27328_,10.08µm
_27710_,10.08µm
_27741_,10.08µm
_27821_,10.08µm
_28242_,10.08µm
_28244_,10.08µm
_28245_,10.08µm
i_core_v_mini_mcu.cpu_subsystem_i.cpu_0_0.i_servile.arbiter.i_wb_cpu_dbus_adr\[10\],10.08µm
i_core_v_mini_mcu.cpu_subsystem_i.cpu_0_0.i_servile.cpu.immdec.gen_immdec_w_eq_1.imm30_25\[2\],10.08µm
i_core_v_mini_mcu.cpu_subsystem_i.cpu_0_0.rf_ram_i.memory\[202\]\[1\],10.08µm
i_core_v_mini_mcu.cpu_subsystem_i.cpu_0_0.rf_ram_i.memory\[351\]\[1\],10.08µm
i_core_v_mini_mcu.cpu_subsystem_i.cpu_0_0.rf_ram_i.memory\[486\]\[1\],10.08µm
i_core_v_mini_mcu.cpu_subsystem_i.cpu_0_0.rf_ram_i.memory\[541\]\[1\],10.08µm
i_core_v_mini_mcu.cpu_subsystem_i.cpu_1_0.rf_ram_i.memory\[245\]\[1\],10.08µm
i_core_v_mini_mcu.cpu_subsystem_i.cpu_1_0.rf_ram_i.memory\[309\]\[0\],10.08µm
i_core_v_mini_mcu.cpu_subsystem_i.cpu_1_0.rf_ram_i.memory\[407\]\[0\],10.08µm
i_core_v_mini_mcu.cpu_subsystem_i.cpu_1_0.rf_ram_i.memory\[430\]\[1\],10.08µm
i_core_v_mini_mcu.cpu_subsystem_i.cpu_1_0.rf_ram_i.memory\[67\]\[0\],10.08µm
i_core_v_mini_mcu.memory_subsystem_i.ram0_i.tc_ram_i.sram\[30\]\[0\],10.08µm
i_core_v_mini_mcu.peripheral_subsystem_i.obi_fifo_i.producer_state_q,10.08µm
i_core_v_mini_mcu.peripheral_subsystem_i.uart_i.uart_core.u_uart_rxfifo.gen_normal_fifo.storage\[11\],10.08µm
i_core_v_mini_mcu.peripheral_subsystem_i.uart_i.uart_core.u_uart_rxfifo.gen_normal_fifo.storage\[22\],10.08µm
_22143_,9.85µm
_26443_,9.85µm
i_core_v_mini_mcu.cpu_subsystem_i.cpu_0_0.i_servile.rf_ram_if.wdata0_r\[1\],9.85µm
_11367_,9.8µm
i_core_v_mini_mcu.memory_subsystem_i.ram0_i.tc_ram_i.sram\[5\]\[18\],9.8µm
_06200_,9.67µm
_06272_,9.67µm
_09300_,9.67µm
_09966_,9.67µm
_10495_,9.67µm
_21793_,9.67µm
_22063_,9.67µm
i_core_v_mini_mcu.ao_peripheral_subsystem_i.tdu_i.active_hart_cycles_q\[3\],9.67µm
i_core_v_mini_mcu.ao_peripheral_subsystem_i.tdu_i.task_mem\[5\]\[20\],9.67µm
i_core_v_mini_mcu.cpu_subsystem_i.cpu_0_0.rf_ram_i.memory\[63\]\[0\],9.67µm
i_core_v_mini_mcu.cpu_subsystem_i.cpu_0_0.rf_ram_i.memory\[96\]\[1\],9.67µm
i_core_v_mini_mcu.cpu_subsystem_i.cpu_1_0.rf_ram_i.memory\[471\]\[1\],9.67µm
i_core_v_mini_mcu.cpu_subsystem_i.cpu_1_0.rf_ram_i.memory\[499\]\[0\],9.67µm
i_core_v_mini_mcu.cpu_subsystem_i.cpu_1_0.rf_ram_i.memory\[508\]\[1\],9.67µm
i_core_v_mini_mcu.cpu_subsystem_i.cpu_1_0.rf_ram_i.memory\[6\]\[0\],9.67µm
i_core_v_mini_mcu.memory_subsystem_i.ram0_i.tc_ram_i.sram\[22\]\[16\],9.67µm
i_core_v_mini_mcu.memory_subsystem_i.ram0_i.tc_ram_i.sram\[27\]\[7\],9.67µm
i_core_v_mini_mcu.memory_subsystem_i.ram0_i.tc_ram_i.sram\[29\]\[0\],9.67µm
i_core_v_mini_mcu.peripheral_slave_resp\[30\],9.67µm
_00435_,9.62µm
_01465_,9.62µm
_02175_,9.62µm
_05518_,9.62µm
_05887_,9.62µm
_06019_,9.62µm
_06450_,9.62µm
_06482_,9.62µm
_07426_,9.62µm
_07838_,9.62µm
_07937_,9.62µm
_08482_,9.62µm
_08852_,9.62µm
_09145_,9.62µm
_09507_,9.62µm
_09881_,9.62µm
_09894_,9.62µm
_11423_,9.62µm
_11852_,9.62µm
_12146_,9.62µm
_12152_,9.62µm
_13063_,9.62µm
_13104_,9.62µm
_14125_,9.62µm
_14202_,9.62µm
_14691_,9.62µm
_15095_,9.62µm
_15132_,9.62µm
_15912_,9.62µm
_16345_,9.62µm
_16898_,9.62µm
_17356_,9.62µm
_17935_,9.62µm
_20124_,9.62µm
_20147_,9.62µm
_20257_,9.62µm
_20603_,9.62µm
_20764_,9.62µm
_21325_,9.62µm
_21918_,9.62µm
_21923_,9.62µm
_21928_,9.62µm
_22186_,9.62µm
_22222_,9.62µm
_22365_,9.62µm
_22544_,9.62µm
_22861_,9.62µm
_22986_,9.62µm
_23083_,9.62µm
_23168_,9.62µm
_23521_,9.62µm
_23777_,9.62µm
_23902_,9.62µm
_24049_,9.62µm
_24105_,9.62µm
_26303_,9.62µm
_26357_,9.62µm
_26395_,9.62µm
_27536_,9.62µm
_27570_,9.62µm
_27679_,9.62µm
_27758_,9.62µm
_27775_,9.62µm
_27790_,9.62µm
_28081_,9.62µm
_28139_,9.62µm
i_core_v_mini_mcu.ao_peripheral_subsystem_i.tdu_i.cpi_est_q\[33\],9.62µm
i_core_v_mini_mcu.cpu_subsystem_i.cpu_0_0.i_servile.cpu.ctrl.o_ibus_adr\[7\],9.62µm
i_core_v_mini_mcu.cpu_subsystem_i.cpu_0_0.rf_ram_i.memory\[279\]\[0\],9.62µm
i_core_v_mini_mcu.cpu_subsystem_i.cpu_0_0.rf_ram_i.memory\[31\]\[1\],9.62µm
i_core_v_mini_mcu.cpu_subsystem_i.cpu_0_0.rf_ram_i.memory\[458\]\[0\],9.62µm
i_core_v_mini_mcu.cpu_subsystem_i.cpu_0_0.rf_ram_i.memory\[469\]\[0\],9.62µm
i_core_v_mini_mcu.cpu_subsystem_i.cpu_0_0.rf_ram_i.memory\[73\]\[0\],9.62µm
i_core_v_mini_mcu.cpu_subsystem_i.cpu_1_0.i_servile.cpu.decode.o_rd_mem_en,9.62µm
i_core_v_mini_mcu.cpu_subsystem_i.cpu_1_0.rf_ram_i.memory\[122\]\[0\],9.62µm
i_core_v_mini_mcu.cpu_subsystem_i.cpu_1_0.rf_ram_i.memory\[429\]\[0\],9.62µm
i_core_v_mini_mcu.memory_subsystem_i.ram0_i.tc_ram_i.sram\[14\]\[3\],9.62µm
i_core_v_mini_mcu.memory_subsystem_i.ram0_i.tc_ram_i.sram\[24\]\[25\],9.62µm
i_core_v_mini_mcu.memory_subsystem_i.ram0_i.tc_ram_i.sram\[26\]\[22\],9.62µm
i_core_v_mini_mcu.memory_subsystem_i.ram0_i.tc_ram_i.sram\[2\]\[14\],9.62µm
i_core_v_mini_mcu.memory_subsystem_i.ram0_i.tc_ram_i.sram\[31\]\[2\],9.62µm
i_core_v_mini_mcu.memory_subsystem_i.ram0_i.tc_ram_i.sram\[9\]\[31\],9.62µm
_00097_,9.57µm
_00388_,9.57µm
_00468_,9.57µm
_00510_,9.57µm
_00527_,9.57µm
_00536_,9.57µm
_00548_,9.57µm
_00699_,9.57µm
_00744_,9.57µm
_00795_,9.57µm
_00917_,9.57µm
_00948_,9.57µm
_01010_,9.57µm
_01089_,9.57µm
_01193_,9.57µm
_01205_,9.57µm
_01218_,9.57µm
_01250_,9.57µm
_01277_,9.57µm
_01353_,9.57µm
_01432_,9.57µm
_01469_,9.57µm
_01472_,9.57µm
_01494_,9.57µm
_01520_,9.57µm
_01528_,9.57µm
_01675_,9.57µm
_01676_,9.57µm
_01678_,9.57µm
_01822_,9.57µm
_01855_,9.57µm
_01892_,9.57µm
_01909_,9.57µm
_01918_,9.57µm
_01959_,9.57µm
_01999_,9.57µm
_02218_,9.57µm
_02249_,9.57µm
_02266_,9.57µm
_02277_,9.57µm
_02387_,9.57µm
_02402_,9.57µm
_02410_,9.57µm
_02420_,9.57µm
_02441_,9.57µm
_02466_,9.57µm
_02504_,9.57µm
_02638_,9.57µm
_02639_,9.57µm
_02643_,9.57µm
_02649_,9.57µm
_02651_,9.57µm
_02664_,9.57µm
_02849_,9.57µm
_02860_,9.57µm
_02892_,9.57µm
_02957_,9.57µm
_03089_,9.57µm
_03468_,9.57µm
_03566_,9.57µm
_03679_,9.57µm
_03865_,9.57µm
_03915_,9.57µm
_04093_,9.57µm
_04157_,9.57µm
_04313_,9.57µm
_04359_,9.57µm
_04434_,9.57µm
_04468_,9.57µm
_04474_,9.57µm
_04590_,9.57µm
_04602_,9.57µm
_04641_,9.57µm
_04884_,9.57µm
_04925_,9.57µm
_04940_,9.57µm
_04988_,9.57µm
_05100_,9.57µm
_05109_,9.57µm
_05187_,9.57µm
_05195_,9.57µm
_05237_,9.57µm
_05240_,9.57µm
_05255_,9.57µm
_05300_,9.57µm
_05309_,9.57µm
_05324_,9.57µm
_05388_,9.57µm
_05630_,9.57µm
_05633_,9.57µm
_05669_,9.57µm
_05778_,9.57µm
_05832_,9.57µm
_05913_,9.57µm
_05941_,9.57µm
_06023_,9.57µm
_06162_,9.57µm
_06301_,9.57µm
_06420_,9.57µm
_06903_,9.57µm
_06966_,9.57µm
_07078_,9.57µm
_07124_,9.57µm
_07632_,9.57µm
_07815_,9.57µm
_07878_,9.57µm
_07983_,9.57µm
_08004_,9.57µm
_08056_,9.57µm
_08194_,9.57µm
_08270_,9.57µm
_08328_,9.57µm
_08464_,9.57µm
_08828_,9.57µm
_09758_,9.57µm
_09849_,9.57µm
_09866_,9.57µm
_10371_,9.57µm
_10456_,9.57µm
_10470_,9.57µm
_10712_,9.57µm
_10782_,9.57µm
_11138_,9.57µm
_11186_,9.57µm
_11291_,9.57µm
_11381_,9.57µm
_11424_,9.57µm
_11483_,9.57µm
_11498_,9.57µm
_11572_,9.57µm
_11687_,9.57µm
_11692_,9.57µm
_11722_,9.57µm
_11943_,9.57µm
_11956_,9.57µm
_12031_,9.57µm
_12291_,9.57µm
_12294_,9.57µm
_12318_,9.57µm
_12346_,9.57µm
_12484_,9.57µm
_12497_,9.57µm
_12500_,9.57µm
_12607_,9.57µm
_12618_,9.57µm
_12636_,9.57µm
_12664_,9.57µm
_12695_,9.57µm
_12715_,9.57µm
_12720_,9.57µm
_12723_,9.57µm
_12727_,9.57µm
_12949_,9.57µm
_13105_,9.57µm
_13161_,9.57µm
_13224_,9.57µm
_13230_,9.57µm
_13269_,9.57µm
_13312_,9.57µm
_13474_,9.57µm
_13542_,9.57µm
_13578_,9.57µm
_13631_,9.57µm
_13797_,9.57µm
_13960_,9.57µm
_14051_,9.57µm
_14062_,9.57µm
_14113_,9.57µm
_14116_,9.57µm
_14270_,9.57µm
_14276_,9.57µm
_14427_,9.57µm
_14428_,9.57µm
_14482_,9.57µm
_14755_,9.57µm
_14798_,9.57µm
_14965_,9.57µm
_15092_,9.57µm
_15367_,9.57µm
_15380_,9.57µm
_15532_,9.57µm
_15604_,9.57µm
_15610_,9.57µm
_15811_,9.57µm
_15872_,9.57µm
_15977_,9.57µm
_16023_,9.57µm
_16029_,9.57µm
_16358_,9.57µm
_16547_,9.57µm
_16586_,9.57µm
_16606_,9.57µm
_16610_,9.57µm
_16685_,9.57µm
_16743_,9.57µm
_16850_,9.57µm
_17266_,9.57µm
_17320_,9.57µm
_17400_,9.57µm
_17423_,9.57µm
_17492_,9.57µm
_17692_,9.57µm
_17761_,9.57µm
_17991_,9.57µm
_18026_,9.57µm
_18043_,9.57µm
_18132_,9.57µm
_19046_,9.57µm
_19076_,9.57µm
_19124_,9.57µm
_19174_,9.57µm
_19596_,9.57µm
_19598_,9.57µm
_19640_,9.57µm
_20429_,9.57µm
_20433_,9.57µm
_20514_,9.57µm
_20652_,9.57µm
_20966_,9.57µm
_21026_,9.57µm
_21165_,9.57µm
_21232_,9.57µm
_21233_,9.57µm
_21275_,9.57µm
_21390_,9.57µm
_21442_,9.57µm
_21584_,9.57µm
_21619_,9.57µm
_21623_,9.57µm
_21734_,9.57µm
_21913_,9.57µm
_21971_,9.57µm
_22091_,9.57µm
_22115_,9.57µm
_22202_,9.57µm
_22243_,9.57µm
_22299_,9.57µm
_22567_,9.57µm
_22652_,9.57µm
_22875_,9.57µm
_22907_,9.57µm
_22927_,9.57µm
_23065_,9.57µm
_23135_,9.57µm
_23347_,9.57µm
_23406_,9.57µm
_23621_,9.57µm
_23771_,9.57µm
_23882_,9.57µm
_23933_,9.57µm
_23948_,9.57µm
_24235_,9.57µm
_24271_,9.57µm
_24328_,9.57µm
_24345_,9.57µm
_24456_,9.57µm
_24547_,9.57µm
_24722_,9.57µm
_24727_,9.57µm
_24881_,9.57µm
_24960_,9.57µm
_25418_,9.57µm
_25854_,9.57µm
_26137_,9.57µm
_26187_,9.57µm
_26244_,9.57µm
_26472_,9.57µm
_26483_,9.57µm
_26606_,9.57µm
_26783_,9.57µm
_26919_,9.57µm
_26961_,9.57µm
_27121_,9.57µm
_27460_,9.57µm
_27479_,9.57µm
_27783_,9.57µm
_27788_,9.57µm
_28010_,9.57µm
_28114_,9.57µm
_28237_,9.57µm
i_core_v_mini_mcu.ao_peripheral_subsystem_i.power_manager_i.power_manager_reg_top_i.u_intr_state.wr_data\[4\],9.57µm
i_core_v_mini_mcu.ao_peripheral_subsystem_i.power_manager_i.power_manager_reg_top_i.u_intr_state.wr_data\[9\],9.57µm
i_core_v_mini_mcu.cpu_subsystem_i.cpu_0_0.i_servile.cpu.ctrl.o_ibus_adr\[29\],9.57µm
i_core_v_mini_mcu.cpu_subsystem_i.cpu_0_0.rf_ram_i.memory\[259\]\[1\],9.57µm
i_core_v_mini_mcu.cpu_subsystem_i.cpu_0_0.rf_ram_i.memory\[285\]\[0\],9.57µm
i_core_v_mini_mcu.cpu_subsystem_i.cpu_0_0.rf_ram_i.memory\[302\]\[0\],9.57µm
i_core_v_mini_mcu.cpu_subsystem_i.cpu_0_0.rf_ram_i.memory\[436\]\[0\],9.57µm
i_core_v_mini_mcu.cpu_subsystem_i.cpu_0_0.rf_ram_i.memory\[436\]\[1\],9.57µm
i_core_v_mini_mcu.cpu_subsystem_i.cpu_0_0.rf_ram_i.memory\[452\]\[1\],9.57µm
i_core_v_mini_mcu.cpu_subsystem_i.cpu_0_0.rf_ram_i.memory\[558\]\[0\],9.57µm
i_core_v_mini_mcu.cpu_subsystem_i.cpu_1_0.i_servile.arbiter.i_wb_cpu_dbus_adr\[27\],9.57µm
i_core_v_mini_mcu.cpu_subsystem_i.cpu_1_0.i_servile.rf_ram_if.rgnt,9.57µm
i_core_v_mini_mcu.cpu_subsystem_i.cpu_1_0.rf_ram_i.memory\[0\]\[0\],9.57µm
i_core_v_mini_mcu.cpu_subsystem_i.cpu_1_0.rf_ram_i.memory\[215\]\[0\],9.57µm
i_core_v_mini_mcu.cpu_subsystem_i.cpu_1_0.rf_ram_i.memory\[239\]\[1\],9.57µm
i_core_v_mini_mcu.cpu_subsystem_i.cpu_1_0.rf_ram_i.memory\[373\]\[1\],9.57µm
i_core_v_mini_mcu.cpu_subsystem_i.cpu_1_0.rf_ram_i.memory\[382\]\[1\],9.57µm
i_core_v_mini_mcu.cpu_subsystem_i.cpu_1_0.rf_ram_i.memory\[462\]\[0\],9.57µm
i_core_v_mini_mcu.cpu_subsystem_i.cpu_1_0.rf_ram_i.memory\[479\]\[1\],9.57µm
i_core_v_mini_mcu.cpu_subsystem_i.cpu_1_0.rf_ram_i.memory\[69\]\[0\],9.57µm
i_core_v_mini_mcu.memory_subsystem_i.ram0_i.tc_ram_i.sram\[16\]\[23\],9.57µm
i_core_v_mini_mcu.memory_subsystem_i.ram0_i.tc_ram_i.sram\[19\]\[31\],9.57µm
i_core_v_mini_mcu.memory_subsystem_i.ram0_i.tc_ram_i.sram\[22\]\[23\],9.57µm
i_core_v_mini_mcu.memory_subsystem_i.ram0_i.tc_ram_i.sram\[26\]\[29\],9.57µm
i_core_v_mini_mcu.memory_subsystem_i.ram0_i.tc_ram_i.sram\[8\]\[7\],9.57µm
i_core_v_mini_mcu.peripheral_subsystem_i.clk_cg,9.57µm
i_core_v_mini_mcu.peripheral_subsystem_i.uart_i.uart_core.u_uart_rxfifo.gen_normal_fifo.storage\[20\],9.57µm
i_core_v_mini_mcu.peripheral_subsystem_i.uart_i.uart_core.u_uart_rxfifo.gen_normal_fifo.storage\[30\],9.57µm
i_core_v_mini_mcu.peripheral_subsystem_i.uart_i.uart_core.uart_tx.baud_div_q\[2\],9.57µm
_00059_,9.52µm
_00128_,9.52µm
_00158_,9.52µm
_00202_,9.52µm
_00256_,9.52µm
_00570_,9.52µm
_00670_,9.52µm
_00671_,9.52µm
_00741_,9.52µm
_00838_,9.52µm
_00864_,9.52µm
_00878_,9.52µm
_00909_,9.52µm
_00927_,9.52µm
_01083_,9.52µm
_01150_,9.52µm
_01235_,9.52µm
_01263_,9.52µm
_01288_,9.52µm
_01325_,9.52µm
_01445_,9.52µm
_01862_,9.52µm
_02000_,9.52µm
_02037_,9.52µm
_02047_,9.52µm
_02048_,9.52µm
_02054_,9.52µm
_02056_,9.52µm
_02113_,9.52µm
_02165_,9.52µm
_02298_,9.52µm
_02339_,9.52µm
_02445_,9.52µm
_02491_,9.52µm
_02602_,9.52µm
_02678_,9.52µm
_02698_,9.52µm
_02729_,9.52µm
_02734_,9.52µm
_02770_,9.52µm
_02773_,9.52µm
_02775_,9.52µm
_02876_,9.52µm
_02954_,9.52µm
_02964_,9.52µm
_03010_,9.52µm
_03124_,9.52µm
_03168_,9.52µm
_03178_,9.52µm
_03208_,9.52µm
_03251_,9.52µm
_03330_,9.52µm
_03380_,9.52µm
_03394_,9.52µm
_03533_,9.52µm
_03619_,9.52µm
_03641_,9.52µm
_03663_,9.52µm
_03681_,9.52µm
_03787_,9.52µm
_03802_,9.52µm
_04002_,9.52µm
_04031_,9.52µm
_04152_,9.52µm
_04186_,9.52µm
_04356_,9.52µm
_04363_,9.52µm
_04417_,9.52µm
_04599_,9.52µm
_04820_,9.52µm
_04873_,9.52µm
_04901_,9.52µm
_04939_,9.52µm
_05166_,9.52µm
_05270_,9.52µm
_05457_,9.52µm
_05530_,9.52µm
_05803_,9.52µm
_05921_,9.52µm
_05924_,9.52µm
_06013_,9.52µm
_06961_,9.52µm
_07003_,9.52µm
_07038_,9.52µm
_07073_,9.52µm
_07476_,9.52µm
_07539_,9.52µm
_07588_,9.52µm
_07596_,9.52µm
_07872_,9.52µm
_07874_,9.52µm
_07877_,9.52µm
_07977_,9.52µm
_08145_,9.52µm
_08709_,9.52µm
_08929_,9.52µm
_08956_,9.52µm
_09062_,9.52µm
_09069_,9.52µm
_09201_,9.52µm
_09410_,9.52µm
_09620_,9.52µm
_09708_,9.52µm
_10106_,9.52µm
_10122_,9.52µm
_10336_,9.52µm
_10457_,9.52µm
_10729_,9.52µm
_10785_,9.52µm
_11071_,9.52µm
_11188_,9.52µm
_11216_,9.52µm
_11274_,9.52µm
_11306_,9.52µm
_11491_,9.52µm
_11645_,9.52µm
_11662_,9.52µm
_11693_,9.52µm
_12162_,9.52µm
_12239_,9.52µm
_12284_,9.52µm
_12476_,9.52µm
_12811_,9.52µm
_12829_,9.52µm
_13103_,9.52µm
_13273_,9.52µm
_13639_,9.52µm
_13659_,9.52µm
_13751_,9.52µm
_13791_,9.52µm
_13967_,9.52µm
_14235_,9.52µm
_14258_,9.52µm
_14291_,9.52µm
_14353_,9.52µm
_14872_,9.52µm
_15076_,9.52µm
_15918_,9.52µm
_16073_,9.52µm
_16130_,9.52µm
_16361_,9.52µm
_16671_,9.52µm
_16689_,9.52µm
_16821_,9.52µm
_17007_,9.52µm
_17291_,9.52µm
_17344_,9.52µm
_17515_,9.52µm
_17526_,9.52µm
_17780_,9.52µm
_17808_,9.52µm
_17828_,9.52µm
_17846_,9.52µm
_18277_,9.52µm
_18286_,9.52µm
_18437_,9.52µm
_18639_,9.52µm
_18789_,9.52µm
_18906_,9.52µm
_19080_,9.52µm
_19419_,9.52µm
_19438_,9.52µm
_19768_,9.52µm
_19779_,9.52µm
_19969_,9.52µm
_20015_,9.52µm
_20361_,9.52µm
_20471_,9.52µm
_20918_,9.52µm
_21069_,9.52µm
_21182_,9.52µm
_21307_,9.52µm
_21413_,9.52µm
_21486_,9.52µm
_21801_,9.52µm
_22075_,9.52µm
_22155_,9.52µm
_22216_,9.52µm
_22277_,9.52µm
_22331_,9.52µm
_22387_,9.52µm
_22513_,9.52µm
_22650_,9.52µm
_22750_,9.52µm
_22786_,9.52µm
_23211_,9.52µm
_23279_,9.52µm
_23555_,9.52µm
_23804_,9.52µm
_23863_,9.52µm
_23989_,9.52µm
_24018_,9.52µm
_24040_,9.52µm
_24212_,9.52µm
_24332_,9.52µm
_24601_,9.52µm
_24714_,9.52µm
_24721_,9.52µm
_24798_,9.52µm
_24838_,9.52µm
_25098_,9.52µm
_25126_,9.52µm
_25131_,9.52µm
_25219_,9.52µm
_25333_,9.52µm
_25758_,9.52µm
_25804_,9.52µm
_26236_,9.52µm
_26385_,9.52µm
_26485_,9.52µm
_26565_,9.52µm
_26922_,9.52µm
_26974_,9.52µm
_27091_,9.52µm
_27286_,9.52µm
_27471_,9.52µm
_27593_,9.52µm
_27636_,9.52µm
_27731_,9.52µm
_27735_,9.52µm
_27787_,9.52µm
_27841_,9.52µm
_27853_,9.52µm
_27945_,9.52µm
_27955_,9.52µm
_28057_,9.52µm
_28116_,9.52µm
_28140_,9.52µm
_28311_,9.52µm
_28467_,9.52µm
exit_value_int\[24\],9.52µm
i_core_v_mini_mcu.ao_peripheral_subsystem_i.obi_fifo_i.consumer_data_req_q\[27\],9.52µm
i_core_v_mini_mcu.ao_peripheral_subsystem_i.obi_fifo_i.consumer_resp_i\[20\],9.52µm
i_core_v_mini_mcu.ao_peripheral_subsystem_i.power_manager_i.power_manager_reg_top_i.reg2hw\[241\],9.52µm
i_core_v_mini_mcu.ao_peripheral_subsystem_i.power_manager_i.power_manager_reg_top_i.u_intr_state.wr_data\[0\],9.52µm
i_core_v_mini_mcu.ao_peripheral_subsystem_i.spi_subsystem_i.obi_spimemio_i.obi_to_picorv32_i.obi_resp_o\[11\],9.52µm
i_core_v_mini_mcu.ao_peripheral_subsystem_i.spi_subsystem_i.obi_spimemio_i.spimemio_i.state\[11\],9.52µm
i_core_v_mini_mcu.cpu_subsystem_i.cpu_0_0.i_servile.cpu.alu.add_cy_r,9.52µm
i_core_v_mini_mcu.cpu_subsystem_i.cpu_0_0.i_servile.cpu.decode.o_immdec_en\[3\],9.52µm
i_core_v_mini_mcu.cpu_subsystem_i.cpu_0_0.i_servile.cpu.decode.o_mem_signed,9.52µm
i_core_v_mini_mcu.cpu_subsystem_i.cpu_0_0.i_servile.rf_ram_if.wdata1_r\[2\],9.52µm
i_core_v_mini_mcu.cpu_subsystem_i.cpu_0_0.rf_ram_i.memory\[158\]\[0\],9.52µm
i_core_v_mini_mcu.cpu_subsystem_i.cpu_0_0.rf_ram_i.memory\[222\]\[1\],9.52µm
i_core_v_mini_mcu.cpu_subsystem_i.cpu_0_0.rf_ram_i.memory\[267\]\[1\],9.52µm
i_core_v_mini_mcu.cpu_subsystem_i.cpu_0_0.rf_ram_i.memory\[360\]\[0\],9.52µm
i_core_v_mini_mcu.cpu_subsystem_i.cpu_0_0.rf_ram_i.memory\[450\]\[0\],9.52µm
i_core_v_mini_mcu.cpu_subsystem_i.cpu_0_0.rf_ram_i.memory\[534\]\[1\],9.52µm
i_core_v_mini_mcu.cpu_subsystem_i.cpu_0_0.rf_ram_i.memory\[571\]\[1\],9.52µm
i_core_v_mini_mcu.cpu_subsystem_i.cpu_1_0.rf_ram_i.memory\[143\]\[0\],9.52µm
i_core_v_mini_mcu.cpu_subsystem_i.cpu_1_0.rf_ram_i.memory\[497\]\[1\],9.52µm
i_core_v_mini_mcu.memory_subsystem_i.ram0_i.tc_ram_i.sram\[11\]\[1\],9.52µm
i_core_v_mini_mcu.memory_subsystem_i.ram0_i.tc_ram_i.sram\[14\]\[22\],9.52µm
i_core_v_mini_mcu.memory_subsystem_i.ram0_i.tc_ram_i.sram\[20\]\[23\],9.52µm
i_core_v_mini_mcu.memory_subsystem_i.ram0_i.tc_ram_i.sram\[6\]\[1\],9.52µm
i_core_v_mini_mcu.peripheral_subsystem_i.uart_i.uart_core.u_uart_txfifo.gen_normal_fifo.storage\[0\],9.52µm
i_core_v_mini_mcu.system_bus_i.gen_demux_xbar\[3\].demux_xbar_i.u_xbar_varlat.gen_inputs\[0\].i_addr_dec_resp_mux.valid_inflight_d,9.52µm
_04960_,9.46µm
i_core_v_mini_mcu.ao_peripheral_subsystem_i.spi_subsystem_i.obi_spimemio_i.spimemio_i.buffer\[4\],9.29µm
_22452_,9.24µm
i_core_v_mini_mcu.cpu_subsystem_i.cpu_0_0.rf_ram_i.memory\[218\]\[1\],9.24µm
_08837_,9.16µm
i_core_v_mini_mcu.cpu_subsystem_i.cpu_0_0.i_servile.cpu.bufreg.c_r,9.16µm
_02367_,9.11µm
_12292_,9.11µm
i_core_v_mini_mcu.ao_peripheral_subsystem_i.power_manager_i.power_manager_counter_sequence_cpu_reset_i.sequence_curr_state\[3\],9.11µm
i_core_v_mini_mcu.cpu_subsystem_i.cpu_0_0.rf_ram_i.memory\[181\]\[1\],9.11µm
i_core_v_mini_mcu.cpu_subsystem_i.cpu_0_0.rf_ram_i.memory\[244\]\[1\],9.11µm
i_core_v_mini_mcu.cpu_subsystem_i.cpu_0_0.rf_ram_i.memory\[50\]\[1\],9.11µm
i_core_v_mini_mcu.cpu_subsystem_i.cpu_0_0.rf_ram_i.memory\[515\]\[0\],9.11µm
i_core_v_mini_mcu.cpu_subsystem_i.cpu_1_0.rf_ram_i.memory\[397\]\[0\],9.11µm
i_core_v_mini_mcu.cpu_subsystem_i.cpu_1_0.rf_ram_i.memory\[39\]\[0\],9.11µm
i_core_v_mini_mcu.cpu_subsystem_i.cpu_1_0.rf_ram_i.memory\[407\]\[1\],9.11µm
i_core_v_mini_mcu.cpu_subsystem_i.cpu_1_0.rf_ram_i.memory\[424\]\[1\],9.11µm
i_core_v_mini_mcu.peripheral_subsystem_i.uart_i.uart_core.u_uart_txfifo.gen_normal_fifo.fifo_rptr\[2\],9.11µm
_00055_,9.06µm
_00808_,9.06µm
_01131_,9.06µm
_01223_,9.06µm
_01746_,9.06µm
_01923_,9.06µm
_02008_,9.06µm
_02337_,9.06µm
_02522_,9.06µm
_02544_,9.06µm
_02766_,9.06µm
_04265_,9.06µm
_04553_,9.06µm
_04582_,9.06µm
_04883_,9.06µm
_04955_,9.06µm
_05861_,9.06µm
_06428_,9.06µm
_06440_,9.06µm
_06498_,9.06µm
_06504_,9.06µm
_06552_,9.06µm
_06715_,9.06µm
_06991_,9.06µm
_07139_,9.06µm
_07577_,9.06µm
_07970_,9.06µm
_08919_,9.06µm
_09611_,9.06µm
_09679_,9.06µm
_10149_,9.06µm
_10214_,9.06µm
_10257_,9.06µm
_10280_,9.06µm
_10497_,9.06µm
_11654_,9.06µm
_11712_,9.06µm
_11797_,9.06µm
_12149_,9.06µm
_13190_,9.06µm
_14528_,9.06µm
_15435_,9.06µm
_15979_,9.06µm
_16086_,9.06µm
_16239_,9.06µm
_16311_,9.06µm
_17096_,9.06µm
_17983_,9.06µm
_18233_,9.06µm
_19201_,9.06µm
_19898_,9.06µm
_20208_,9.06µm
_20272_,9.06µm
_20381_,9.06µm
_20945_,9.06µm
_21367_,9.06µm
_21543_,9.06µm
_21901_,9.06µm
_22116_,9.06µm
_22272_,9.06µm
_22319_,9.06µm
_22664_,9.06µm
_23116_,9.06µm
_23365_,9.06µm
_23601_,9.06µm
_23859_,9.06µm
_23943_,9.06µm
_24021_,9.06µm
_24122_,9.06µm
_25403_,9.06µm
_25933_,9.06µm
_26913_,9.06µm
_27035_,9.06µm
_28155_,9.06µm
_28209_,9.06µm
i_core_v_mini_mcu.cpu_subsystem_i.cpu_0_0.i_servile.cpu.gen_align.align.ibus_rdt_concat\[14\],9.06µm
i_core_v_mini_mcu.cpu_subsystem_i.cpu_0_0.rf_ram_i.memory\[459\]\[0\],9.06µm
i_core_v_mini_mcu.cpu_subsystem_i.cpu_0_0.rf_ram_i.memory\[497\]\[1\],9.06µm
i_core_v_mini_mcu.cpu_subsystem_i.cpu_1_0.rf_ram_i.memory\[12\]\[1\],9.06µm
i_core_v_mini_mcu.cpu_subsystem_i.cpu_1_0.rf_ram_i.memory\[188\]\[0\],9.06µm
i_core_v_mini_mcu.cpu_subsystem_i.cpu_1_0.rf_ram_i.memory\[435\]\[1\],9.06µm
i_core_v_mini_mcu.memory_subsystem_i.ram0_i.tc_ram_i.sram\[12\]\[19\],9.06µm
i_core_v_mini_mcu.memory_subsystem_i.ram0_i.tc_ram_i.sram\[25\]\[27\],9.06µm
i_core_v_mini_mcu.memory_subsystem_i.ram0_i.tc_ram_i.sram\[29\]\[12\],9.06µm
i_core_v_mini_mcu.memory_subsystem_i.ram0_i.tc_ram_i.sram\[29\]\[16\],9.06µm
i_core_v_mini_mcu.memory_subsystem_i.ram0_i.tc_ram_i.sram\[6\]\[28\],9.06µm
i_core_v_mini_mcu.memory_subsystem_i.ram0_i.tc_ram_i.sram\[8\]\[0\],9.06µm
i_core_v_mini_mcu.memory_subsystem_i.ram0_i.tc_ram_i.sram\[9\]\[20\],9.06µm
_00086_,9.02µm
_00007_,9.01µm
_00168_,9.01µm
_00257_,9.01µm
_00272_,9.01µm
_00379_,9.01µm
_00400_,9.01µm
_00483_,9.01µm
_00519_,9.01µm
_00615_,9.01µm
_00752_,9.01µm
_00813_,9.01µm
_01079_,9.01µm
_01105_,9.01µm
_01186_,9.01µm
_01230_,9.01µm
_01266_,9.01µm
_01287_,9.01µm
_01289_,9.01µm
_01355_,9.01µm
_01398_,9.01µm
_01425_,9.01µm
_01522_,9.01µm
_01661_,9.01µm
_01706_,9.01µm
_01736_,9.01µm
_01808_,9.01µm
_01820_,9.01µm
_01878_,9.01µm
_01952_,9.01µm
_01972_,9.01µm
_01995_,9.01µm
_02129_,9.01µm
_02160_,9.01µm
_02262_,9.01µm
_02322_,9.01µm
_02390_,9.01µm
_02393_,9.01µm
_02405_,9.01µm
_02484_,9.01µm
_02486_,9.01µm
_02523_,9.01µm
_02524_,9.01µm
_02537_,9.01µm
_02588_,9.01µm
_02612_,9.01µm
_02614_,9.01µm
_02627_,9.01µm
_02636_,9.01µm
_02948_,9.01µm
_02995_,9.01µm
_02996_,9.01µm
_03151_,9.01µm
_03160_,9.01µm
_03249_,9.01µm
_03277_,9.01µm
_03408_,9.01µm
_03598_,9.01µm
_03696_,9.01µm
_03724_,9.01µm
_03734_,9.01µm
_03737_,9.01µm
_03761_,9.01µm
_03814_,9.01µm
_03815_,9.01µm
_03820_,9.01µm
_03872_,9.01µm
_03874_,9.01µm
_03897_,9.01µm
_03995_,9.01µm
_04204_,9.01µm
_04233_,9.01µm
_04333_,9.01µm
_04424_,9.01µm
_04430_,9.01µm
_04444_,9.01µm
_04457_,9.01µm
_04572_,9.01µm
_04614_,9.01µm
_04647_,9.01µm
_04772_,9.01µm
_04825_,9.01µm
_04866_,9.01µm
_04870_,9.01µm
_04966_,9.01µm
_04971_,9.01µm
_04982_,9.01µm
_05129_,9.01µm
_05132_,9.01µm
_05136_,9.01µm
_05147_,9.01µm
_05215_,9.01µm
_05322_,9.01µm
_05770_,9.01µm
_05776_,9.01µm
_05786_,9.01µm
_05920_,9.01µm
_06044_,9.01µm
_06119_,9.01µm
_06218_,9.01µm
_06347_,9.01µm
_06421_,9.01µm
_06476_,9.01µm
_06632_,9.01µm
_06717_,9.01µm
_06898_,9.01µm
_06958_,9.01µm
_07097_,9.01µm
_07107_,9.01µm
_07252_,9.01µm
_07409_,9.01µm
_07923_,9.01µm
_07994_,9.01µm
_08010_,9.01µm
_08219_,9.01µm
_08452_,9.01µm
_08793_,9.01µm
_08989_,9.01µm
_08996_,9.01µm
_09059_,9.01µm
_09073_,9.01µm
_09074_,9.01µm
_09469_,9.01µm
_09512_,9.01µm
_09524_,9.01µm
_09577_,9.01µm
_09662_,9.01µm
_09817_,9.01µm
_09858_,9.01µm
_10043_,9.01µm
_10049_,9.01µm
_10426_,9.01µm
_10517_,9.01µm
_10757_,9.01µm
_10865_,9.01µm
_10873_,9.01µm
_11016_,9.01µm
_11105_,9.01µm
_11151_,9.01µm
_11619_,9.01µm
_12163_,9.01µm
_12171_,9.01µm
_12298_,9.01µm
_12642_,9.01µm
_12758_,9.01µm
_12833_,9.01µm
_12948_,9.01µm
_12998_,9.01µm
_13044_,9.01µm
_13281_,9.01µm
_13411_,9.01µm
_13421_,9.01µm
_13556_,9.01µm
_13559_,9.01µm
_13562_,9.01µm
_13684_,9.01µm
_13735_,9.01µm
_13762_,9.01µm
_13861_,9.01µm
_13898_,9.01µm
_14073_,9.01µm
_14140_,9.01µm
_14248_,9.01µm
_14271_,9.01µm
_14812_,9.01µm
_14889_,9.01µm
_15022_,9.01µm
_15093_,9.01µm
_15506_,9.01µm
_15688_,9.01µm
_15848_,9.01µm
_15982_,9.01µm
_16012_,9.01µm
_16151_,9.01µm
_16396_,9.01µm
_16551_,9.01µm
_16580_,9.01µm
_16830_,9.01µm
_16909_,9.01µm
_16910_,9.01µm
_16918_,9.01µm
_16975_,9.01µm
_17092_,9.01µm
_17186_,9.01µm
_17255_,9.01µm
_17348_,9.01µm
_17409_,9.01µm
_17832_,9.01µm
_17912_,9.01µm
_18275_,9.01µm
_18287_,9.01µm
_18673_,9.01µm
_19825_,9.01µm
_19902_,9.01µm
_19916_,9.01µm
_20048_,9.01µm
_20252_,9.01µm
_20323_,9.01µm
_20419_,9.01µm
_20533_,9.01µm
_20674_,9.01µm
_21230_,9.01µm
_21243_,9.01µm
_21439_,9.01µm
_21505_,9.01µm
_21533_,9.01µm
_21654_,9.01µm
_21675_,9.01µm
_21841_,9.01µm
_22085_,9.01µm
_22093_,9.01µm
_22207_,9.01µm
_22422_,9.01µm
_22563_,9.01µm
_22722_,9.01µm
_22748_,9.01µm
_22905_,9.01µm
_23060_,9.01µm
_23111_,9.01µm
_23126_,9.01µm
_23357_,9.01µm
_23542_,9.01µm
_23712_,9.01µm
_23736_,9.01µm
_23802_,9.01µm
_23898_,9.01µm
_24025_,9.01µm
_24082_,9.01µm
_24100_,9.01µm
_24301_,9.01µm
_24306_,9.01µm
_24338_,9.01µm
_24939_,9.01µm
_25459_,9.01µm
_25577_,9.01µm
_25842_,9.01µm
_25991_,9.01µm
_26106_,9.01µm
_26124_,9.01µm
_26294_,9.01µm
_26540_,9.01µm
_26555_,9.01µm
_26581_,9.01µm
_26805_,9.01µm
_26816_,9.01µm
_26976_,9.01µm
_27062_,9.01µm
_27090_,9.01µm
_27132_,9.01µm
_27167_,9.01µm
_27170_,9.01µm
_27240_,9.01µm
_27377_,9.01µm
_27561_,9.01µm
_27677_,9.01µm
_27701_,9.01µm
_28163_,9.01µm
_28258_,9.01µm
_28348_,9.01µm
i_core_v_mini_mcu.ao_peripheral_subsystem_i.obi_fifo_i.consumer_resp_i\[21\],9.01µm
i_core_v_mini_mcu.ao_peripheral_subsystem_i.power_manager_i.power_manager_reg_top_i.cpu_switch_off_counter_qs\[7\],9.01µm
i_core_v_mini_mcu.ao_peripheral_subsystem_i.spi_subsystem_i.obi_spimemio_i.spimemio_i.din_tag\[0\],9.01µm
i_core_v_mini_mcu.ao_peripheral_subsystem_i.spi_subsystem_i.obi_spimemio_i.spimemio_i.state\[5\],9.01µm
i_core_v_mini_mcu.ao_peripheral_subsystem_i.spi_subsystem_i.obi_spimemio_i.spimemio_i.xfer.count\[0\],9.01µm
i_core_v_mini_mcu.ao_peripheral_subsystem_i.spi_subsystem_i.obi_spimemio_i.spimemio_i.xfer.obuffer\[6\],9.01µm
i_core_v_mini_mcu.cpu_subsystem_i.cpu_0_0.rf_ram_i.memory\[341\]\[1\],9.01µm
i_core_v_mini_mcu.cpu_subsystem_i.cpu_0_0.rf_ram_i.memory\[35\]\[0\],9.01µm
i_core_v_mini_mcu.cpu_subsystem_i.cpu_0_0.rf_ram_i.memory\[483\]\[0\],9.01µm
i_core_v_mini_mcu.cpu_subsystem_i.cpu_0_0.rf_ram_i.memory\[575\]\[0\],9.01µm
i_core_v_mini_mcu.cpu_subsystem_i.cpu_0_0.rf_ram_i.memory\[78\]\[0\],9.01µm
i_core_v_mini_mcu.cpu_subsystem_i.cpu_1_0.i_servile.arbiter.i_wb_cpu_ibus_adr\[16\],9.01µm
i_core_v_mini_mcu.cpu_subsystem_i.cpu_1_0.i_servile.arbiter.i_wb_cpu_ibus_adr\[24\],9.01µm
i_core_v_mini_mcu.cpu_subsystem_i.cpu_1_0.rf_ram_i.memory\[122\]\[1\],9.01µm
i_core_v_mini_mcu.cpu_subsystem_i.cpu_1_0.rf_ram_i.memory\[143\]\[1\],9.01µm
i_core_v_mini_mcu.cpu_subsystem_i.cpu_1_0.rf_ram_i.memory\[75\]\[1\],9.01µm
i_core_v_mini_mcu.memory_subsystem_i.ram0_i.tc_ram_i.sram\[0\]\[18\],9.01µm
i_core_v_mini_mcu.memory_subsystem_i.ram0_i.tc_ram_i.sram\[19\]\[13\],9.01µm
i_core_v_mini_mcu.memory_subsystem_i.ram0_i.tc_ram_i.sram\[23\]\[27\],9.01µm
i_core_v_mini_mcu.memory_subsystem_i.ram0_i.tc_ram_i.sram\[4\]\[22\],9.01µm
i_core_v_mini_mcu.memory_subsystem_i.ram0_i.tc_ram_i.sram\[6\]\[16\],9.01µm
i_core_v_mini_mcu.peripheral_subsystem_i.obi_fifo_i.consumer_resp_i\[10\],9.01µm
i_core_v_mini_mcu.peripheral_subsystem_i.uart_i.uart_core.uart_tx.bit_cnt_q\[1\],9.01µm
i_core_v_mini_mcu.peripheral_subsystem_i.uart_i.uart_core.uart_tx.sreg_q\[4\],9.01µm
i_core_v_mini_mcu.peripheral_subsystem_i.uart_i.uart_core.uart_tx.sreg_q\[8\],9.01µm
_00073_,9µm
_00026_,8.96µm
_00061_,8.96µm
_00100_,8.96µm
_00106_,8.96µm
_00160_,8.96µm
_00185_,8.96µm
_00188_,8.96µm
_00234_,8.96µm
_00408_,8.96µm
_00449_,8.96µm
_00522_,8.96µm
_00694_,8.96µm
_00710_,8.96µm
_00740_,8.96µm
_00749_,8.96µm
_00765_,8.96µm
_00775_,8.96µm
_00800_,8.96µm
_00804_,8.96µm
_00918_,8.96µm
_00921_,8.96µm
_00973_,8.96µm
_01022_,8.96µm
_01027_,8.96µm
_01038_,8.96µm
_01064_,8.96µm
_01096_,8.96µm
_01290_,8.96µm
_01296_,8.96µm
_01327_,8.96µm
_01348_,8.96µm
_01376_,8.96µm
_01492_,8.96µm
_01531_,8.96µm
_01532_,8.96µm
_01554_,8.96µm
_01612_,8.96µm
_01697_,8.96µm
_01801_,8.96µm
_02127_,8.96µm
_02145_,8.96µm
_02295_,8.96µm
_02341_,8.96µm
_02487_,8.96µm
_02516_,8.96µm
_02528_,8.96µm
_02717_,8.96µm
_02718_,8.96µm
_02723_,8.96µm
_02763_,8.96µm
_02768_,8.96µm
_02797_,8.96µm
_02819_,8.96µm
_02845_,8.96µm
_02859_,8.96µm
_02885_,8.96µm
_02900_,8.96µm
_02949_,8.96µm
_02963_,8.96µm
_03011_,8.96µm
_03028_,8.96µm
_03043_,8.96µm
_03086_,8.96µm
_03106_,8.96µm
_03110_,8.96µm
_03117_,8.96µm
_03118_,8.96µm
_03120_,8.96µm
_03147_,8.96µm
_03153_,8.96µm
_03159_,8.96µm
_03205_,8.96µm
_03222_,8.96µm
_03234_,8.96µm
_03254_,8.96µm
_03260_,8.96µm
_03267_,8.96µm
_03271_,8.96µm
_03276_,8.96µm
_03287_,8.96µm
_03325_,8.96µm
_03348_,8.96µm
_03375_,8.96µm
_03385_,8.96µm
_03395_,8.96µm
_03396_,8.96µm
_03398_,8.96µm
_03411_,8.96µm
_03505_,8.96µm
_03539_,8.96µm
_03571_,8.96µm
_03585_,8.96µm
_03591_,8.96µm
_03607_,8.96µm
_03628_,8.96µm
_03652_,8.96µm
_03671_,8.96µm
_03756_,8.96µm
_03781_,8.96µm
_03827_,8.96µm
_03828_,8.96µm
_03833_,8.96µm
_03857_,8.96µm
_03870_,8.96µm
_03873_,8.96µm
_03887_,8.96µm
_03895_,8.96µm
_03935_,8.96µm
_03943_,8.96µm
_03962_,8.96µm
_04012_,8.96µm
_04016_,8.96µm
_04021_,8.96µm
_04139_,8.96µm
_04156_,8.96µm
_04230_,8.96µm
_04238_,8.96µm
_04378_,8.96µm
_04485_,8.96µm
_04579_,8.96µm
_04584_,8.96µm
_04613_,8.96µm
_04665_,8.96µm
_04669_,8.96µm
_04670_,8.96µm
_04795_,8.96µm
_04935_,8.96µm
_04973_,8.96µm
_05001_,8.96µm
_05107_,8.96µm
_05192_,8.96µm
_05230_,8.96µm
_05235_,8.96µm
_05277_,8.96µm
_05301_,8.96µm
_05335_,8.96µm
_05454_,8.96µm
_05548_,8.96µm
_05850_,8.96µm
_05894_,8.96µm
_05903_,8.96µm
_06203_,8.96µm
_06254_,8.96µm
_06527_,8.96µm
_07079_,8.96µm
_07605_,8.96µm
_07642_,8.96µm
_07693_,8.96µm
_08223_,8.96µm
_08258_,8.96µm
_08421_,8.96µm
_08931_,8.96µm
_08970_,8.96µm
_09373_,8.96µm
_09864_,8.96µm
_10013_,8.96µm
_10035_,8.96µm
_10117_,8.96µm
_10310_,8.96µm
_10408_,8.96µm
_10714_,8.96µm
_10742_,8.96µm
_10755_,8.96µm
_10763_,8.96µm
_10792_,8.96µm
_10870_,8.96µm
_10880_,8.96µm
_11171_,8.96µm
_11287_,8.96µm
_11328_,8.96µm
_11408_,8.96µm
_11557_,8.96µm
_11584_,8.96µm
_11632_,8.96µm
_11664_,8.96µm
_11666_,8.96µm
_11748_,8.96µm
_11974_,8.96µm
_11988_,8.96µm
_12051_,8.96µm
_12056_,8.96µm
_12080_,8.96µm
_12301_,8.96µm
_12473_,8.96µm
_12516_,8.96µm
_12749_,8.96µm
_12766_,8.96µm
_12956_,8.96µm
_12964_,8.96µm
_12993_,8.96µm
_13102_,8.96µm
_13296_,8.96µm
_13309_,8.96µm
_13416_,8.96µm
_13676_,8.96µm
_13775_,8.96µm
_13874_,8.96µm
_14174_,8.96µm
_14245_,8.96µm
_14311_,8.96µm
_14432_,8.96µm
_14823_,8.96µm
_15349_,8.96µm
_15477_,8.96µm
_15808_,8.96µm
_15818_,8.96µm
_16064_,8.96µm
_16393_,8.96µm
_16475_,8.96µm
_16702_,8.96µm
_16817_,8.96µm
_17076_,8.96µm
_17474_,8.96µm
_17511_,8.96µm
_18121_,8.96µm
_18313_,8.96µm
_18750_,8.96µm
_18776_,8.96µm
_18783_,8.96µm
_18868_,8.96µm
_19120_,8.96µm
_19172_,8.96µm
_19184_,8.96µm
_19243_,8.96µm
_19410_,8.96µm
_19460_,8.96µm
_19680_,8.96µm
_20009_,8.96µm
_20102_,8.96µm
_20237_,8.96µm
_20341_,8.96µm
_20424_,8.96µm
_20440_,8.96µm
_20441_,8.96µm
_20449_,8.96µm
_20553_,8.96µm
_20602_,8.96µm
_20642_,8.96µm
_20653_,8.96µm
_20690_,8.96µm
_20967_,8.96µm
_21036_,8.96µm
_21049_,8.96µm
_21068_,8.96µm
_21169_,8.96µm
_21378_,8.96µm
_21421_,8.96µm
_21455_,8.96µm
_21698_,8.96µm
_21927_,8.96µm
_22088_,8.96µm
_22149_,8.96µm
_22292_,8.96µm
_22312_,8.96µm
_22390_,8.96µm
_22433_,8.96µm
_22678_,8.96µm
_22857_,8.96µm
_22915_,8.96µm
_23294_,8.96µm
_23320_,8.96µm
_23473_,8.96µm
_23832_,8.96µm
_23868_,8.96µm
_23894_,8.96µm
_24087_,8.96µm
_24142_,8.96µm
_24282_,8.96µm
_24288_,8.96µm
_24496_,8.96µm
_24517_,8.96µm
_24720_,8.96µm
_24743_,8.96µm
_25086_,8.96µm
_25206_,8.96µm
_25454_,8.96µm
_25543_,8.96µm
_25550_,8.96µm
_25633_,8.96µm
_25718_,8.96µm
_25819_,8.96µm
_25871_,8.96µm
_26045_,8.96µm
_26377_,8.96µm
_26400_,8.96µm
_26496_,8.96µm
_26526_,8.96µm
_26609_,8.96µm
_26821_,8.96µm
_26824_,8.96µm
_27361_,8.96µm
_27408_,8.96µm
_27483_,8.96µm
_27597_,8.96µm
_27740_,8.96µm
_28030_,8.96µm
_28086_,8.96µm
_28208_,8.96µm
_28270_,8.96µm
_28278_,8.96µm
_28337_,8.96µm
_28359_,8.96µm
i_core_v_mini_mcu.ao_peripheral_subsystem_i.obi_fifo_i.consumer_data_req\[49\],8.96µm
i_core_v_mini_mcu.ao_peripheral_subsystem_i.obi_fifo_i.consumer_resp_i\[30\],8.96µm
i_core_v_mini_mcu.ao_peripheral_subsystem_i.soc_ctrl_i.soc_ctrl_reg_top_i.system_frequency_hz_qs\[6\],8.96µm
i_core_v_mini_mcu.ao_peripheral_subsystem_i.spi_subsystem_i.obi_spimemio_i.obi_to_picorv32_i.obi_resp_o\[1\],8.96µm
i_core_v_mini_mcu.cpu_subsystem_i.cpu_0_0.i_servile.arbiter.i_wb_cpu_dbus_adr\[8\],8.96µm
i_core_v_mini_mcu.cpu_subsystem_i.cpu_0_0.rf_ram_i.memory\[360\]\[1\],8.96µm
i_core_v_mini_mcu.cpu_subsystem_i.cpu_0_0.rf_ram_i.memory\[382\]\[1\],8.96µm
i_core_v_mini_mcu.cpu_subsystem_i.cpu_1_0.i_servile.cpu.csr_imm_en,8.96µm
i_core_v_mini_mcu.cpu_subsystem_i.cpu_1_0.i_servile.rf_ram_if.rreq_r,8.96µm
i_core_v_mini_mcu.cpu_subsystem_i.cpu_1_0.rf_ram_i.memory\[147\]\[0\],8.96µm
i_core_v_mini_mcu.cpu_subsystem_i.cpu_1_0.rf_ram_i.memory\[384\]\[1\],8.96µm
i_core_v_mini_mcu.cpu_subsystem_i.cpu_1_0.rf_ram_i.memory\[428\]\[1\],8.96µm
i_core_v_mini_mcu.memory_subsystem_i.ram0_i.tc_ram_i.sram\[12\]\[24\],8.96µm
i_core_v_mini_mcu.memory_subsystem_i.ram0_i.tc_ram_i.sram\[13\]\[5\],8.96µm
i_core_v_mini_mcu.memory_subsystem_i.ram0_i.tc_ram_i.sram\[18\]\[4\],8.96µm
i_core_v_mini_mcu.memory_subsystem_i.ram0_i.tc_ram_i.sram\[26\]\[17\],8.96µm
i_core_v_mini_mcu.peripheral_subsystem_i.uart_i.uart_core.u_uart_rxfifo.gen_normal_fifo.storage\[14\],8.96µm
i_core_v_mini_mcu.peripheral_subsystem_i.uart_i.uart_core.u_uart_txfifo.gen_normal_fifo.storage\[9\],8.96µm
i_core_v_mini_mcu.peripheral_subsystem_i.uart_i.uart_core.uart_tx.sreg_q\[9\],8.96µm
net1927,8.96µm
_04050_,8.9µm
i_core_v_mini_mcu.cpu_subsystem_i.cpu_1_0.rf_ram_i.memory\[431\]\[1\],8.78µm
i_core_v_mini_mcu.cpu_subsystem_i.cpu_0_0.rf_ram_i.memory\[287\]\[0\],8.6µm
_01068_,8.55µm
_02286_,8.55µm
_06465_,8.55µm
_06569_,8.55µm
_09538_,8.55µm
_15343_,8.55µm
_22253_,8.55µm
_23339_,8.55µm
_23993_,8.55µm
_27409_,8.55µm
i_core_v_mini_mcu.ao_peripheral_subsystem_i.mosaic_clint_i.mtimecmp_q\[60\],8.55µm
i_core_v_mini_mcu.ao_peripheral_subsystem_i.obi_fifo_i.consumer_data_req_q\[31\],8.55µm
i_core_v_mini_mcu.ao_peripheral_subsystem_i.power_manager_i.reg_to_counter_cpu_powergate_iso_off_i.counter_curr_state\[0\],8.55µm
i_core_v_mini_mcu.cpu_subsystem_i.cpu_1_0.rf_ram_i.memory\[25\]\[0\],8.55µm
i_core_v_mini_mcu.cpu_subsystem_i.cpu_1_0.rf_ram_i.memory\[261\]\[0\],8.55µm
i_core_v_mini_mcu.cpu_subsystem_i.cpu_1_0.rf_ram_i.memory\[366\]\[1\],8.55µm
i_core_v_mini_mcu.cpu_subsystem_i.cpu_1_0.rf_ram_i.memory\[387\]\[0\],8.55µm
i_core_v_mini_mcu.memory_subsystem_i.ram0_i.tc_ram_i.sram\[0\]\[28\],8.55µm
i_core_v_mini_mcu.memory_subsystem_i.ram0_i.tc_ram_i.sram\[23\]\[7\],8.55µm
_01141_,8.5µm
_02177_,8.5µm
_05848_,8.5µm
_06326_,8.5µm
_06989_,8.5µm
_07931_,8.5µm
_08439_,8.5µm
_08994_,8.5µm
_09043_,8.5µm
_09451_,8.5µm
_09540_,8.5µm
_09854_,8.5µm
_10144_,8.5µm
_10305_,8.5µm
_11253_,8.5µm
_11870_,8.5µm
_12009_,8.5µm
_12461_,8.5µm
_13048_,8.5µm
_13770_,8.5µm
_13790_,8.5µm
_13993_,8.5µm
_14094_,8.5µm
_14104_,8.5µm
_14260_,8.5µm
_14343_,8.5µm
_14550_,8.5µm
_14797_,8.5µm
_14926_,8.5µm
_15016_,8.5µm
_15162_,8.5µm
_15340_,8.5µm
_15431_,8.5µm
_15583_,8.5µm
_15722_,8.5µm
_15844_,8.5µm
_16225_,8.5µm
_16234_,8.5µm
_16266_,8.5µm
_16624_,8.5µm
_16712_,8.5µm
_16847_,8.5µm
_17674_,8.5µm
_18962_,8.5µm
_20014_,8.5µm
_20140_,8.5µm
_20610_,8.5µm
_20818_,8.5µm
_21668_,8.5µm
_22290_,8.5µm
_22486_,8.5µm
_23196_,8.5µm
_24849_,8.5µm
_24931_,8.5µm
_25501_,8.5µm
_26186_,8.5µm
_26200_,8.5µm
_26690_,8.5µm
_27007_,8.5µm
_27031_,8.5µm
_27726_,8.5µm
_27752_,8.5µm
_27784_,8.5µm
_27843_,8.5µm
_28217_,8.5µm
_28290_,8.5µm
_28460_,8.5µm
i_core_v_mini_mcu.ao_peripheral_subsystem_i.tdu_i.cpi_est_q\[49\],8.5µm
i_core_v_mini_mcu.cpu_subsystem_i.cpu_0_0.i_servile.cpu.gen_align.align.ibus_rdt_concat\[13\],8.5µm
i_core_v_mini_mcu.cpu_subsystem_i.cpu_0_0.i_servile.cpu.gen_align.align.ibus_rdt_concat\[3\],8.5µm
i_core_v_mini_mcu.cpu_subsystem_i.cpu_0_0.rf_ram_i.memory\[361\]\[1\],8.5µm
i_core_v_mini_mcu.cpu_subsystem_i.cpu_0_0.rf_ram_i.memory\[527\]\[0\],8.5µm
i_core_v_mini_mcu.cpu_subsystem_i.cpu_1_0.i_servile.cpu.ctrl.pc_plus_offset_cy_r,8.5µm
i_core_v_mini_mcu.cpu_subsystem_i.cpu_1_0.rf_ram_i.memory\[106\]\[0\],8.5µm
i_core_v_mini_mcu.cpu_subsystem_i.cpu_1_0.rf_ram_i.memory\[248\]\[0\],8.5µm
i_core_v_mini_mcu.cpu_subsystem_i.cpu_1_0.rf_ram_i.memory\[419\]\[1\],8.5µm
i_core_v_mini_mcu.memory_subsystem_i.ram0_i.tc_ram_i.sram\[13\]\[7\],8.5µm
i_core_v_mini_mcu.memory_subsystem_i.ram0_i.tc_ram_i.sram\[26\]\[1\],8.5µm
i_core_v_mini_mcu.memory_subsystem_i.ram0_i.tc_ram_i.sram\[27\]\[6\],8.5µm
i_core_v_mini_mcu.memory_subsystem_i.ram0_i.tc_ram_i.sram\[29\]\[2\],8.5µm
i_core_v_mini_mcu.memory_subsystem_i.ram0_i.tc_ram_i.sram\[5\]\[7\],8.5µm
i_core_v_mini_mcu.memory_subsystem_i.ram0_i.tc_ram_i.sram\[9\]\[7\],8.5µm
_00021_,8.45µm
_00025_,8.45µm
_00054_,8.45µm
_00247_,8.45µm
_00303_,8.45µm
_00345_,8.45µm
_00403_,8.45µm
_00464_,8.45µm
_00476_,8.45µm
_00600_,8.45µm
_00654_,8.45µm
_00657_,8.45µm
_00826_,8.45µm
_00840_,8.45µm
_00845_,8.45µm
_01062_,8.45µm
_01066_,8.45µm
_01088_,8.45µm
_01135_,8.45µm
_01179_,8.45µm
_01220_,8.45µm
_01302_,8.45µm
_01326_,8.45µm
_01418_,8.45µm
_01449_,8.45µm
_01460_,8.45µm
_01477_,8.45µm
_01495_,8.45µm
_01502_,8.45µm
_01549_,8.45µm
_01566_,8.45µm
_01655_,8.45µm
_01730_,8.45µm
_01734_,8.45µm
_01859_,8.45µm
_01874_,8.45µm
_02039_,8.45µm
_02124_,8.45µm
_02155_,8.45µm
_02166_,8.45µm
_02193_,8.45µm
_02199_,8.45µm
_02245_,8.45µm
_02253_,8.45µm
_02314_,8.45µm
_02388_,8.45µm
_02432_,8.45µm
_02495_,8.45µm
_02609_,8.45µm
_02663_,8.45µm
_02702_,8.45µm
_02832_,8.45µm
_02913_,8.45µm
_02959_,8.45µm
_02961_,8.45µm
_03156_,8.45µm
_03227_,8.45µm
_03449_,8.45µm
_03491_,8.45µm
_03957_,8.45µm
_04079_,8.45µm
_04245_,8.45µm
_04272_,8.45µm
_04339_,8.45µm
_04367_,8.45µm
_04382_,8.45µm
_04459_,8.45µm
_04479_,8.45µm
_04532_,8.45µm
_04541_,8.45µm
_04645_,8.45µm
_04720_,8.45µm
_04776_,8.45µm
_04786_,8.45µm
_04882_,8.45µm
_04908_,8.45µm
_05089_,8.45µm
_05106_,8.45µm
_05135_,8.45µm
_05149_,8.45µm
_05183_,8.45µm
_05214_,8.45µm
_05364_,8.45µm
_05801_,8.45µm
_05898_,8.45µm
_06047_,8.45µm
_06053_,8.45µm
_06191_,8.45µm
_06316_,8.45µm
_06505_,8.45µm
_07443_,8.45µm
_07689_,8.45µm
_07978_,8.45µm
_08000_,8.45µm
_08077_,8.45µm
_08106_,8.45µm
_08532_,8.45µm
_08603_,8.45µm
_08634_,8.45µm
_08710_,8.45µm
_08838_,8.45µm
_08978_,8.45µm
_09391_,8.45µm
_09439_,8.45µm
_09533_,8.45µm
_09614_,8.45µm
_10226_,8.45µm
_10357_,8.45µm
_10382_,8.45µm
_10444_,8.45µm
_10485_,8.45µm
_10541_,8.45µm
_10735_,8.45µm
_11208_,8.45µm
_11327_,8.45µm
_11413_,8.45µm
_11501_,8.45µm
_11544_,8.45µm
_11579_,8.45µm
_11585_,8.45µm
_11669_,8.45µm
_11733_,8.45µm
_11749_,8.45µm
_11919_,8.45µm
_11951_,8.45µm
_11980_,8.45µm
_12224_,8.45µm
_12360_,8.45µm
_12483_,8.45µm
_12654_,8.45µm
_12704_,8.45µm
_12822_,8.45µm
_12878_,8.45µm
_12944_,8.45µm
_13126_,8.45µm
_13255_,8.45µm
_13322_,8.45µm
_13361_,8.45µm
_13379_,8.45µm
_13442_,8.45µm
_13492_,8.45µm
_13575_,8.45µm
_13696_,8.45µm
_14080_,8.45µm
_14777_,8.45µm
_14789_,8.45µm
_14844_,8.45µm
_14937_,8.45µm
_15027_,8.45µm
_15208_,8.45µm
_15465_,8.45µm
_15497_,8.45µm
_15880_,8.45µm
_16305_,8.45µm
_16333_,8.45µm
_16809_,8.45µm
_17156_,8.45µm
_17169_,8.45µm
_17376_,8.45µm
_17481_,8.45µm
_17786_,8.45µm
_17817_,8.45µm
_17852_,8.45µm
_18041_,8.45µm
_18052_,8.45µm
_18202_,8.45µm
_19086_,8.45µm
_19499_,8.45µm
_19587_,8.45µm
_19728_,8.45µm
_19804_,8.45µm
_19913_,8.45µm
_19956_,8.45µm
_19963_,8.45µm
_19988_,8.45µm
_20106_,8.45µm
_20126_,8.45µm
_20329_,8.45µm
_20393_,8.45µm
_20507_,8.45µm
_20578_,8.45µm
_20621_,8.45µm
_20715_,8.45µm
_20733_,8.45µm
_20829_,8.45µm
_20875_,8.45µm
_21080_,8.45µm
_21164_,8.45µm
_21188_,8.45µm
_21199_,8.45µm
_21366_,8.45µm
_21595_,8.45µm
_22080_,8.45µm
_22107_,8.45µm
_22167_,8.45µm
_22430_,8.45µm
_22479_,8.45µm
_22575_,8.45µm
_22677_,8.45µm
_22708_,8.45µm
_22723_,8.45µm
_22998_,8.45µm
_23239_,8.45µm
_23260_,8.45µm
_23516_,8.45µm
_23536_,8.45µm
_23562_,8.45µm
_23617_,8.45µm
_23672_,8.45µm
_23785_,8.45µm
_23917_,8.45µm
_24019_,8.45µm
_24090_,8.45µm
_24168_,8.45µm
_24186_,8.45µm
_24331_,8.45µm
_24584_,8.45µm
_24784_,8.45µm
_24866_,8.45µm
_24886_,8.45µm
_24929_,8.45µm
_25128_,8.45µm
_25268_,8.45µm
_25339_,8.45µm
_25426_,8.45µm
_25641_,8.45µm
_26007_,8.45µm
_26392_,8.45µm
_26598_,8.45µm
_26806_,8.45µm
_26854_,8.45µm
_26898_,8.45µm
_27146_,8.45µm
_27285_,8.45µm
_27504_,8.45µm
_27556_,8.45µm
_27673_,8.45µm
_27706_,8.45µm
_27977_,8.45µm
_28061_,8.45µm
_28400_,8.45µm
i_core_v_mini_mcu.ao_peripheral_subsystem_i.power_manager_i.power_manager_counter_sequence_cpu_switch_i.sequence_curr_state\[1\],8.45µm
i_core_v_mini_mcu.ao_peripheral_subsystem_i.power_manager_i.power_manager_reg_top_i.master_cpu_force_switch_on_qs,8.45µm
i_core_v_mini_mcu.ao_peripheral_subsystem_i.tdu_core_park_o\[1\],8.45µm
i_core_v_mini_mcu.ao_peripheral_subsystem_i.tdu_i.cpi_est_q\[10\],8.45µm
i_core_v_mini_mcu.cpu_subsystem_i.cpu_0_0.i_servile.cpu.immdec.gen_immdec_w_eq_1.imm30_25\[0\],8.45µm
i_core_v_mini_mcu.cpu_subsystem_i.cpu_0_0.i_servile.rf_ram_if.rgnt,8.45µm
i_core_v_mini_mcu.cpu_subsystem_i.cpu_0_0.rf_ram_i.memory\[179\]\[1\],8.45µm
i_core_v_mini_mcu.cpu_subsystem_i.cpu_0_0.rf_ram_i.memory\[182\]\[1\],8.45µm
i_core_v_mini_mcu.cpu_subsystem_i.cpu_0_0.rf_ram_i.memory\[243\]\[0\],8.45µm
i_core_v_mini_mcu.cpu_subsystem_i.cpu_0_0.rf_ram_i.memory\[376\]\[0\],8.45µm
i_core_v_mini_mcu.cpu_subsystem_i.cpu_0_0.rf_ram_i.memory\[467\]\[1\],8.45µm
i_core_v_mini_mcu.cpu_subsystem_i.cpu_0_0.rf_ram_i.memory\[572\]\[1\],8.45µm
i_core_v_mini_mcu.cpu_subsystem_i.cpu_0_0.rf_ram_i.memory\[58\]\[1\],8.45µm
i_core_v_mini_mcu.cpu_subsystem_i.cpu_1_0.i_servile.cpu.alu.i_rd_sel\[0\],8.45µm
i_core_v_mini_mcu.cpu_subsystem_i.cpu_1_0.mem_outstanding_q,8.45µm
i_core_v_mini_mcu.cpu_subsystem_i.cpu_1_0.rf_ram_i.memory\[283\]\[0\],8.45µm
i_core_v_mini_mcu.memory_subsystem_i.ram0_i.tc_ram_i.sram\[22\]\[5\],8.45µm
i_core_v_mini_mcu.memory_subsystem_i.ram0_i.tc_ram_i.sram\[29\]\[4\],8.45µm
i_core_v_mini_mcu.memory_subsystem_i.ram0_i.tc_ram_i.sram\[30\]\[21\],8.45µm
i_core_v_mini_mcu.memory_subsystem_i.ram0_i.tc_ram_i.sram\[31\]\[5\],8.45µm
i_core_v_mini_mcu.peripheral_subsystem_i.uart_i.uart_core.uart_rx.baud_div_q\[2\],8.45µm
i_core_v_mini_mcu.peripheral_subsystem_i.uart_i.uart_core.uart_tx.sreg_q\[1\],8.45µm
i_core_v_mini_mcu.system_bus_i.system_xbar_i.gen_xbar_NtoM.i_xbar.gen_outputs\[4\].gen_rr_arb_tree.i_rr_arb_tree.gen_arbiter.rr_q\[2\],8.45µm
_00032_,8.4µm
_00045_,8.4µm
_00183_,8.4µm
_00184_,8.4µm
_00322_,8.4µm
_00374_,8.4µm
_00534_,8.4µm
_00553_,8.4µm
_00557_,8.4µm
_00573_,8.4µm
_00574_,8.4µm
_00651_,8.4µm
_00707_,8.4µm
_00829_,8.4µm
_00857_,8.4µm
_00859_,8.4µm
_00873_,8.4µm
_00902_,8.4µm
_00988_,8.4µm
_00995_,8.4µm
_01052_,8.4µm
_01087_,8.4µm
_01108_,8.4µm
_01127_,8.4µm
_01213_,8.4µm
_01295_,8.4µm
_01381_,8.4µm
_01415_,8.4µm
_01416_,8.4µm
_01419_,8.4µm
_01557_,8.4µm
_01610_,8.4µm
_01662_,8.4µm
_01674_,8.4µm
_01814_,8.4µm
_01850_,8.4µm
_01894_,8.4µm
_02147_,8.4µm
_02171_,8.4µm
_02195_,8.4µm
_02318_,8.4µm
_02411_,8.4µm
_02452_,8.4µm
_02494_,8.4µm
_02513_,8.4µm
_02567_,8.4µm
_02640_,8.4µm
_02647_,8.4µm
_02682_,8.4µm
_02730_,8.4µm
_02731_,8.4µm
_02747_,8.4µm
_02749_,8.4µm
_02758_,8.4µm
_02777_,8.4µm
_02821_,8.4µm
_02836_,8.4µm
_02867_,8.4µm
_02868_,8.4µm
_02872_,8.4µm
_02875_,8.4µm
_02888_,8.4µm
_02889_,8.4µm
_02908_,8.4µm
_02910_,8.4µm
_02920_,8.4µm
_02927_,8.4µm
_02950_,8.4µm
_02977_,8.4µm
_02984_,8.4µm
_02999_,8.4µm
_03003_,8.4µm
_03012_,8.4µm
_03014_,8.4µm
_03049_,8.4µm
_03055_,8.4µm
_03063_,8.4µm
_03077_,8.4µm
_03082_,8.4µm
_03104_,8.4µm
_03199_,8.4µm
_03201_,8.4µm
_03237_,8.4µm
_03239_,8.4µm
_03263_,8.4µm
_03275_,8.4µm
_03307_,8.4µm
_03327_,8.4µm
_03332_,8.4µm
_03360_,8.4µm
_03366_,8.4µm
_03377_,8.4µm
_03384_,8.4µm
_03387_,8.4µm
_03433_,8.4µm
_03447_,8.4µm
_03481_,8.4µm
_03498_,8.4µm
_03520_,8.4µm
_03558_,8.4µm
_03563_,8.4µm
_03572_,8.4µm
_03573_,8.4µm
_03636_,8.4µm
_03657_,8.4µm
_03672_,8.4µm
_03686_,8.4µm
_03704_,8.4µm
_03744_,8.4µm
_03766_,8.4µm
_03778_,8.4µm
_03783_,8.4µm
_03786_,8.4µm
_03795_,8.4µm
_03799_,8.4µm
_03843_,8.4µm
_03947_,8.4µm
_03971_,8.4µm
_04005_,8.4µm
_04049_,8.4µm
_04131_,8.4µm
_04144_,8.4µm
_04223_,8.4µm
_04225_,8.4µm
_04328_,8.4µm
_04409_,8.4µm
_04611_,8.4µm
_04660_,8.4µm
_04701_,8.4µm
_04780_,8.4µm
_04810_,8.4µm
_04880_,8.4µm
_04907_,8.4µm
_05079_,8.4µm
_05162_,8.4µm
_05179_,8.4µm
_05182_,8.4µm
_05200_,8.4µm
_05207_,8.4µm
_05211_,8.4µm
_05223_,8.4µm
_05224_,8.4µm
_05289_,8.4µm
_05440_,8.4µm
_05462_,8.4µm
_05685_,8.4µm
_05744_,8.4µm
_05798_,8.4µm
_05876_,8.4µm
_05948_,8.4µm
_06037_,8.4µm
_06046_,8.4µm
_06248_,8.4µm
_06370_,8.4µm
_06844_,8.4µm
_06884_,8.4µm
_07105_,8.4µm
_07173_,8.4µm
_07225_,8.4µm
_07692_,8.4µm
_07715_,8.4µm
_07746_,8.4µm
_08132_,8.4µm
_08225_,8.4µm
_08264_,8.4µm
_08308_,8.4µm
_08492_,8.4µm
_08675_,8.4µm
_08835_,8.4µm
_08904_,8.4µm
_08960_,8.4µm
_09009_,8.4µm
_09163_,8.4µm
_09550_,8.4µm
_09587_,8.4µm
_09835_,8.4µm
_09855_,8.4µm
_09906_,8.4µm
_10084_,8.4µm
_10092_,8.4µm
_10270_,8.4µm
_10806_,8.4µm
_10823_,8.4µm
_10983_,8.4µm
_11035_,8.4µm
_11190_,8.4µm
_11233_,8.4µm
_11262_,8.4µm
_11366_,8.4µm
_11466_,8.4µm
_11555_,8.4µm
_11565_,8.4µm
_11582_,8.4µm
_11614_,8.4µm
_11650_,8.4µm
_11704_,8.4µm
_11782_,8.4µm
_11786_,8.4µm
_11822_,8.4µm
_11861_,8.4µm
_11917_,8.4µm
_11929_,8.4µm
_12077_,8.4µm
_12084_,8.4µm
_12293_,8.4µm
_12541_,8.4µm
_12591_,8.4µm
_12906_,8.4µm
_13132_,8.4µm
_13170_,8.4µm
_13327_,8.4µm
_13420_,8.4µm
_13615_,8.4µm
_13694_,8.4µm
_13755_,8.4µm
_13840_,8.4µm
_14043_,8.4µm
_14112_,8.4µm
_14144_,8.4µm
_14231_,8.4µm
_14273_,8.4µm
_14305_,8.4µm
_14328_,8.4µm
_14331_,8.4µm
_14389_,8.4µm
_14611_,8.4µm
_14629_,8.4µm
_14637_,8.4µm
_14671_,8.4µm
_14857_,8.4µm
_14928_,8.4µm
_14938_,8.4µm
_14961_,8.4µm
_15057_,8.4µm
_15109_,8.4µm
_15427_,8.4µm
_15547_,8.4µm
_15816_,8.4µm
_15902_,8.4µm
_16008_,8.4µm
_16115_,8.4µm
_16183_,8.4µm
_16220_,8.4µm
_16686_,8.4µm
_16699_,8.4µm
_16757_,8.4µm
_16865_,8.4µm
_16885_,8.4µm
_16964_,8.4µm
_17243_,8.4µm
_17339_,8.4µm
_17471_,8.4µm
_17489_,8.4µm
_17517_,8.4µm
_17541_,8.4µm
_17697_,8.4µm
_17726_,8.4µm
_17792_,8.4µm
_17834_,8.4µm
_17870_,8.4µm
_18009_,8.4µm
_18418_,8.4µm
_18422_,8.4µm
_18454_,8.4µm
_18603_,8.4µm
_18881_,8.4µm
_18957_,8.4µm
_18967_,8.4µm
_19060_,8.4µm
_19195_,8.4µm
_19245_,8.4µm
_19297_,8.4µm
_19446_,8.4µm
_19564_,8.4µm
_19659_,8.4µm
_19707_,8.4µm
_19850_,8.4µm
_19854_,8.4µm
_19887_,8.4µm
_20060_,8.4µm
_20116_,8.4µm
_20143_,8.4µm
_20251_,8.4µm
_20302_,8.4µm
_20416_,8.4µm
_20426_,8.4µm
_20599_,8.4µm
_20614_,8.4µm
_20686_,8.4µm
_20926_,8.4µm
_21073_,8.4µm
_21097_,8.4µm
_21113_,8.4µm
_21152_,8.4µm
_21240_,8.4µm
_21375_,8.4µm
_21382_,8.4µm
_21384_,8.4µm
_21399_,8.4µm
_21467_,8.4µm
_21645_,8.4µm
_21659_,8.4µm
_21894_,8.4µm
_21982_,8.4µm
_22294_,8.4µm
_22435_,8.4µm
_22593_,8.4µm
_22648_,8.4µm
_22756_,8.4µm
_22854_,8.4µm
_22877_,8.4µm
_22899_,8.4µm
_22917_,8.4µm
_22945_,8.4µm
_22968_,8.4µm
_22971_,8.4µm
_23103_,8.4µm
_23153_,8.4µm
_23366_,8.4µm
_23435_,8.4µm
_23484_,8.4µm
_23634_,8.4µm
_23656_,8.4µm
_23708_,8.4µm
_23740_,8.4µm
_23905_,8.4µm
_23915_,8.4µm
_23983_,8.4µm
_24107_,8.4µm
_24226_,8.4µm
_24292_,8.4µm
_24302_,8.4µm
_24695_,8.4µm
_24734_,8.4µm
_24755_,8.4µm
_24967_,8.4µm
_24988_,8.4µm
_25025_,8.4µm
_25113_,8.4µm
_25296_,8.4µm
_25357_,8.4µm
_25422_,8.4µm
_25443_,8.4µm
_25560_,8.4µm
_26074_,8.4µm
_26103_,8.4µm
_26262_,8.4µm
_26552_,8.4µm
_26575_,8.4µm
_26607_,8.4µm
_26669_,8.4µm
_26764_,8.4µm
_26859_,8.4µm
_26901_,8.4µm
_26952_,8.4µm
_27039_,8.4µm
_27058_,8.4µm
_27082_,8.4µm
_27097_,8.4µm
_27102_,8.4µm
_27112_,8.4µm
_27425_,8.4µm
_27588_,8.4µm
_27836_,8.4µm
_27872_,8.4µm
_27893_,8.4µm
_28011_,8.4µm
_28042_,8.4µm
_28058_,8.4µm
_28089_,8.4µm
_28124_,8.4µm
i_core_v_mini_mcu.ao_peripheral_subsystem_i.obi_fifo_i.consumer_resp_i\[22\],8.4µm
i_core_v_mini_mcu.ao_peripheral_subsystem_i.soc_ctrl_i.reg2hw\[29\],8.4µm
i_core_v_mini_mcu.ao_peripheral_subsystem_i.soc_ctrl_i.soc_ctrl_reg_top_i.system_frequency_hz_qs\[18\],8.4µm
i_core_v_mini_mcu.cpu_subsystem_i.cpu_0_0.i_servile.arbiter.i_wb_cpu_dbus_adr\[29\],8.4µm
i_core_v_mini_mcu.cpu_subsystem_i.cpu_0_0.i_servile.cpu.decode.o_immdec_ctrl\[2\],8.4µm
i_core_v_mini_mcu.cpu_subsystem_i.cpu_0_0.i_servile.cpu.gen_align.align.ibus_rdt_concat\[11\],8.4µm
i_core_v_mini_mcu.cpu_subsystem_i.cpu_0_0.i_servile.cpu.immdec.gen_immdec_w_eq_1.imm7,8.4µm
i_core_v_mini_mcu.cpu_subsystem_i.cpu_0_0.i_servile.rf_ram_if.wdata0_r\[0\],8.4µm
i_core_v_mini_mcu.cpu_subsystem_i.cpu_0_0.rf_ram_i.memory\[457\]\[0\],8.4µm
i_core_v_mini_mcu.cpu_subsystem_i.cpu_0_0.rf_ram_i.memory\[463\]\[1\],8.4µm
i_core_v_mini_mcu.cpu_subsystem_i.cpu_0_0.rf_ram_i.memory\[490\]\[1\],8.4µm
i_core_v_mini_mcu.cpu_subsystem_i.cpu_1_0.rf_ram_i.memory\[393\]\[1\],8.4µm
i_core_v_mini_mcu.cpu_subsystem_i.cpu_1_0.rf_ram_i.memory\[467\]\[1\],8.4µm
i_core_v_mini_mcu.memory_subsystem_i.ram0_i.tc_ram_i.sram\[22\]\[30\],8.4µm
i_core_v_mini_mcu.memory_subsystem_i.ram0_i.tc_ram_i.sram\[9\]\[25\],8.4µm
i_core_v_mini_mcu.peripheral_subsystem_i.obi_fifo_i.consumer_resp_i\[12\],8.4µm
i_core_v_mini_mcu.system_bus_i.system_xbar_i.gen_xbar_NtoM.i_xbar.gen_inputs\[1\].i_addr_dec_resp_mux.valid_inflight_d,8.4µm
_24820_,8.12µm
i_core_v_mini_mcu.cpu_subsystem_i.cpu_0_0.i_servile.cpu.gen_align.align.ibus_rdt_concat\[4\],8.12µm
_01128_,7.99µm
_04387_,7.99µm
_05438_,7.99µm
_05730_,7.99µm
_06296_,7.99µm
_06619_,7.99µm
_06803_,7.99µm
_06875_,7.99µm
_08612_,7.99µm
_12314_,7.99µm
_21490_,7.99µm
_22359_,7.99µm
i_core_v_mini_mcu.cpu_subsystem_i.cpu_1_0.rf_ram_i.memory\[345\]\[0\],7.99µm
i_core_v_mini_mcu.memory_subsystem_i.ram0_i.tc_ram_i.sram\[26\]\[19\],7.99µm
i_core_v_mini_mcu.memory_subsystem_i.ram0_i.tc_ram_i.sram\[9\]\[19\],7.99µm
i_core_v_mini_mcu.peripheral_subsystem_i.obi_fifo_i.consumer_data_req_q\[10\],7.99µm
_00003_,7.94µm
_01262_,7.94µm
_01292_,7.94µm
_01653_,7.94µm
_01664_,7.94µm
_03051_,7.94µm
_03075_,7.94µm
_04101_,7.94µm
_04301_,7.94µm
_04396_,7.94µm
_04443_,7.94µm
_05717_,7.94µm
_05775_,7.94µm
_06225_,7.94µm
_06271_,7.94µm
_06419_,7.94µm
_07153_,7.94µm
_07665_,7.94µm
_08070_,7.94µm
_08559_,7.94µm
_08816_,7.94µm
_09338_,7.94µm
_09465_,7.94µm
_09501_,7.94µm
_10407_,7.94µm
_10433_,7.94µm
_10446_,7.94µm
_11836_,7.94µm
_12061_,7.94µm
_12416_,7.94µm
_12805_,7.94µm
_13085_,7.94µm
_13293_,7.94µm
_13519_,7.94µm
_14608_,7.94µm
_14718_,7.94µm
_14948_,7.94µm
_15590_,7.94µm
_16499_,7.94µm
_17071_,7.94µm
_17078_,7.94µm
_17964_,7.94µm
_18281_,7.94µm
_18820_,7.94µm
_18888_,7.94µm
_19459_,7.94µm
_20012_,7.94µm
_20094_,7.94µm
_20141_,7.94µm
_20354_,7.94µm
_21048_,7.94µm
_21127_,7.94µm
_21329_,7.94µm
_21634_,7.94µm
_22097_,7.94µm
_22532_,7.94µm
_24222_,7.94µm
_24951_,7.94µm
_27277_,7.94µm
_27579_,7.94µm
_27680_,7.94µm
_28024_,7.94µm
_28032_,7.94µm
_28358_,7.94µm
i_core_v_mini_mcu.ao_peripheral_subsystem_i.power_manager_i.reg_to_counter_cpu_powergate_iso_off_i.counter_curr_state\[2\],7.94µm
i_core_v_mini_mcu.ao_peripheral_subsystem_i.tdu_i.cpi_est_q\[37\],7.94µm
i_core_v_mini_mcu.cpu_subsystem_i.cpu_0_0.i_servile.arbiter.i_wb_cpu_dbus_adr\[26\],7.94µm
i_core_v_mini_mcu.cpu_subsystem_i.cpu_0_0.rf_ram_i.memory\[264\]\[0\],7.94µm
i_core_v_mini_mcu.cpu_subsystem_i.cpu_0_0.rf_ram_i.memory\[318\]\[1\],7.94µm
i_core_v_mini_mcu.cpu_subsystem_i.cpu_1_0.rf_ram_i.memory\[217\]\[0\],7.94µm
i_core_v_mini_mcu.cpu_subsystem_i.cpu_1_0.rf_ram_i.memory\[282\]\[1\],7.94µm
i_core_v_mini_mcu.memory_subsystem_i.ram0_i.tc_ram_i.sram\[13\]\[20\],7.94µm
i_core_v_mini_mcu.memory_subsystem_i.ram0_i.tc_ram_i.sram\[18\]\[20\],7.94µm
i_core_v_mini_mcu.memory_subsystem_i.ram0_i.tc_ram_i.sram\[18\]\[23\],7.94µm
i_core_v_mini_mcu.memory_subsystem_i.ram0_i.tc_ram_i.sram\[1\]\[29\],7.94µm
i_core_v_mini_mcu.memory_subsystem_i.ram0_i.tc_ram_i.sram\[25\]\[19\],7.94µm
i_core_v_mini_mcu.memory_subsystem_i.ram0_i.tc_ram_i.sram\[4\]\[3\],7.94µm
i_core_v_mini_mcu.memory_subsystem_i.ram0_i.tc_ram_i.sram\[6\]\[19\],7.94µm
_00011_,7.89µm
_00056_,7.89µm
_00096_,7.89µm
_00126_,7.89µm
_00136_,7.89µm
_00229_,7.89µm
_00291_,7.89µm
_00385_,7.89µm
_00463_,7.89µm
_00496_,7.89µm
_00551_,7.89µm
_00583_,7.89µm
_00655_,7.89µm
_00753_,7.89µm
_00790_,7.89µm
_00792_,7.89µm
_00799_,7.89µm
_00854_,7.89µm
_00926_,7.89µm
_01110_,7.89µm
_01251_,7.89µm
_01256_,7.89µm
_01334_,7.89µm
_01339_,7.89µm
_01389_,7.89µm
_01396_,7.89µm
_01406_,7.89µm
_01422_,7.89µm
_01466_,7.89µm
_01467_,7.89µm
_01498_,7.89µm
_01579_,7.89µm
_01616_,7.89µm
_01618_,7.89µm
_01645_,7.89µm
_01670_,7.89µm
_01728_,7.89µm
_01823_,7.89µm
_01836_,7.89µm
_01849_,7.89µm
_01871_,7.89µm
_01899_,7.89µm
_01912_,7.89µm
_02062_,7.89µm
_02198_,7.89µm
_02228_,7.89µm
_02278_,7.89µm
_02368_,7.89µm
_02399_,7.89µm
_02437_,7.89µm
_02458_,7.89µm
_02462_,7.89µm
_02496_,7.89µm
_02515_,7.89µm
_02896_,7.89µm
_03470_,7.89µm
_03489_,7.89µm
_03856_,7.89µm
_03929_,7.89µm
_03956_,7.89µm
_04026_,7.89µm
_04087_,7.89µm
_04096_,7.89µm
_04298_,7.89µm
_04348_,7.89µm
_04544_,7.89µm
_04546_,7.89µm
_04655_,7.89µm
_04672_,7.89µm
_04706_,7.89µm
_04715_,7.89µm
_04724_,7.89µm
_04731_,7.89µm
_04827_,7.89µm
_04957_,7.89µm
_05011_,7.89µm
_05080_,7.89µm
_05113_,7.89µm
_05123_,7.89µm
_05142_,7.89µm
_05156_,7.89µm
_05229_,7.89µm
_05312_,7.89µm
_05338_,7.89µm
_05358_,7.89µm
_05360_,7.89µm
_05417_,7.89µm
_05449_,7.89µm
_05484_,7.89µm
_05598_,7.89µm
_05617_,7.89µm
_05878_,7.89µm
_06153_,7.89µm
_06377_,7.89µm
_06409_,7.89µm
_06865_,7.89µm
_07032_,7.89µm
_07041_,7.89µm
_07061_,7.89µm
_07388_,7.89µm
_07646_,7.89µm
_07802_,7.89µm
_07803_,7.89µm
_07822_,7.89µm
_08144_,7.89µm
_08316_,7.89µm
_08500_,7.89µm
_08569_,7.89µm
_08628_,7.89µm
_08974_,7.89µm
_08993_,7.89µm
_09107_,7.89µm
_09141_,7.89µm
_09283_,7.89µm
_09464_,7.89µm
_09732_,7.89µm
_09739_,7.89µm
_09862_,7.89µm
_09888_,7.89µm
_10082_,7.89µm
_10263_,7.89µm
_10372_,7.89µm
_10556_,7.89µm
_10665_,7.89µm
_10716_,7.89µm
_10920_,7.89µm
_10956_,7.89µm
_11134_,7.89µm
_11479_,7.89µm
_11507_,7.89µm
_11520_,7.89µm
_11528_,7.89µm
_11912_,7.89µm
_11965_,7.89µm
_11968_,7.89µm
_12024_,7.89µm
_12037_,7.89µm
_12228_,7.89µm
_12450_,7.89µm
_12638_,7.89µm
_12661_,7.89µm
_12708_,7.89µm
_12767_,7.89µm
_13031_,7.89µm
_13034_,7.89µm
_13194_,7.89µm
_13380_,7.89µm
_13389_,7.89µm
_13419_,7.89µm
_13592_,7.89µm
_13614_,7.89µm
_13691_,7.89µm
_13761_,7.89µm
_13849_,7.89µm
_13957_,7.89µm
_14535_,7.89µm
_14989_,7.89µm
_15364_,7.89µm
_15485_,7.89µm
_15715_,7.89µm
_15797_,7.89µm
_15911_,7.89µm
_16009_,7.89µm
_16031_,7.89µm
_16139_,7.89µm
_16849_,7.89µm
_17021_,7.89µm
_17054_,7.89µm
_17135_,7.89µm
_17172_,7.89µm
_17358_,7.89µm
_17514_,7.89µm
_17923_,7.89µm
_18023_,7.89µm
_18153_,7.89µm
_18246_,7.89µm
_18647_,7.89µm
_18806_,7.89µm
_18942_,7.89µm
_19044_,7.89µm
_19159_,7.89µm
_19168_,7.89µm
_19236_,7.89µm
_19568_,7.89µm
_19639_,7.89µm
_20161_,7.89µm
_20239_,7.89µm
_20297_,7.89µm
_20335_,7.89µm
_20442_,7.89µm
_20483_,7.89µm
_20676_,7.89µm
_20684_,7.89µm
_20912_,7.89µm
_21131_,7.89µm
_21198_,7.89µm
_21414_,7.89µm
_21417_,7.89µm
_21430_,7.89µm
_21465_,7.89µm
_21480_,7.89µm
_21636_,7.89µm
_21718_,7.89µm
_21949_,7.89µm
_21959_,7.89µm
_22244_,7.89µm
_22402_,7.89µm
_22494_,7.89µm
_22573_,7.89µm
_22636_,7.89µm
_22672_,7.89µm
_22766_,7.89µm
_22882_,7.89µm
_22918_,7.89µm
_23044_,7.89µm
_23171_,7.89µm
_23236_,7.89µm
_23422_,7.89µm
_23749_,7.89µm
_23874_,7.89µm
_23895_,7.89µm
_24266_,7.89µm
_24269_,7.89µm
_24614_,7.89µm
_24666_,7.89µm
_24890_,7.89µm
_24900_,7.89µm
_24927_,7.89µm
_25097_,7.89µm
_25139_,7.89µm
_25191_,7.89µm
_25220_,7.89µm
_25304_,7.89µm
_25451_,7.89µm
_25539_,7.89µm
_25540_,7.89µm
_25642_,7.89µm
_25787_,7.89µm
_25806_,7.89µm
_25816_,7.89µm
_25905_,7.89µm
_25930_,7.89µm
_26019_,7.89µm
_26538_,7.89µm
_26785_,7.89µm
_26851_,7.89µm
_26891_,7.89µm
_26977_,7.89µm
_27018_,7.89µm
_27037_,7.89µm
_27119_,7.89µm
_27227_,7.89µm
_27241_,7.89µm
_27311_,7.89µm
_27453_,7.89µm
_27669_,7.89µm
_27725_,7.89µm
_27756_,7.89µm
_27819_,7.89µm
_28038_,7.89µm
_28306_,7.89µm
_28380_,7.89µm
i_core_v_mini_mcu.ao_peripheral_subsystem_i.periph_to_reg_i.r_rdata_d\[11\],7.89µm
i_core_v_mini_mcu.ao_peripheral_subsystem_i.periph_to_reg_i.r_rdata_d\[13\],7.89µm
i_core_v_mini_mcu.ao_peripheral_subsystem_i.power_manager_i.power_manager_reg_top_i.u_intr_state.wr_data\[22\],7.89µm
i_core_v_mini_mcu.ao_peripheral_subsystem_i.spi_subsystem_i.obi_spimemio_i.spimemio_i.din_tag\[2\],7.89µm
i_core_v_mini_mcu.ao_peripheral_subsystem_i.spi_subsystem_i.obi_spimemio_i.spimemio_i.dout_data\[7\],7.89µm
i_core_v_mini_mcu.cpu_subsystem_i.cpu_0_0.i_servile.cpu.bufreg.i_sh_signed,7.89µm
i_core_v_mini_mcu.cpu_subsystem_i.cpu_0_0.rf_ram_i.memory\[109\]\[0\],7.89µm
i_core_v_mini_mcu.cpu_subsystem_i.cpu_0_0.rf_ram_i.memory\[520\]\[1\],7.89µm
i_core_v_mini_mcu.cpu_subsystem_i.cpu_1_0.i_servile.arbiter.i_wb_cpu_ibus_adr\[26\],7.89µm
i_core_v_mini_mcu.cpu_subsystem_i.cpu_1_0.i_servile.cpu.state.cnt_r\[1\],7.89µm
i_core_v_mini_mcu.cpu_subsystem_i.cpu_1_0.rf_ram_i.memory\[140\]\[1\],7.89µm
i_core_v_mini_mcu.memory_subsystem_i.ram0_i.tc_ram_i.sram\[11\]\[19\],7.89µm
_00099_,7.84µm
_00122_,7.84µm
_00134_,7.84µm
_00139_,7.84µm
_00178_,7.84µm
_00212_,7.84µm
_00226_,7.84µm
_00241_,7.84µm
_00327_,7.84µm
_00333_,7.84µm
_00426_,7.84µm
_00441_,7.84µm
_00444_,7.84µm
_00448_,7.84µm
_00521_,7.84µm
_00566_,7.84µm
_00568_,7.84µm
_00596_,7.84µm
_00677_,7.84µm
_00701_,7.84µm
_00779_,7.84µm
_00787_,7.84µm
_00788_,7.84µm
_00815_,7.84µm
_00842_,7.84µm
_00888_,7.84µm
_00894_,7.84µm
_00912_,7.84µm
_01028_,7.84µm
_01043_,7.84µm
_01059_,7.84µm
_01122_,7.84µm
_01211_,7.84µm
_01249_,7.84µm
_01361_,7.84µm
_01429_,7.84µm
_01470_,7.84µm
_01485_,7.84µm
_01501_,7.84µm
_01506_,7.84µm
_01595_,7.84µm
_01598_,7.84µm
_01627_,7.84µm
_01691_,7.84µm
_01827_,7.84µm
_01833_,7.84µm
_01872_,7.84µm
_01898_,7.84µm
_01974_,7.84µm
_01991_,7.84µm
_01992_,7.84µm
_02082_,7.84µm
_02114_,7.84µm
_02141_,7.84µm
_02146_,7.84µm
_02216_,7.84µm
_02306_,7.84µm
_02359_,7.84µm
_02416_,7.84µm
_02517_,7.84µm
_02527_,7.84µm
_02596_,7.84µm
_02617_,7.84µm
_02621_,7.84µm
_02646_,7.84µm
_02738_,7.84µm
_02754_,7.84µm
_02993_,7.84µm
_03008_,7.84µm
_03058_,7.84µm
_03119_,7.84µm
_03233_,7.84µm
_03256_,7.84µm
_03262_,7.84µm
_03282_,7.84µm
_03303_,7.84µm
_03321_,7.84µm
_03335_,7.84µm
_03388_,7.84µm
_03614_,7.84µm
_03890_,7.84µm
_03892_,7.84µm
_03922_,7.84µm
_04179_,7.84µm
_04214_,7.84µm
_04221_,7.84µm
_04278_,7.84µm
_04297_,7.84µm
_04420_,7.84µm
_04431_,7.84µm
_04436_,7.84µm
_04790_,7.84µm
_04892_,7.84µm
_04898_,7.84µm
_04963_,7.84µm
_04979_,7.84µm
_04981_,7.84µm
_05111_,7.84µm
_05118_,7.84µm
_05133_,7.84µm
_05169_,7.84µm
_05251_,7.84µm
_05282_,7.84µm
_05319_,7.84µm
_05387_,7.84µm
_05389_,7.84µm
_05434_,7.84µm
_05511_,7.84µm
_05675_,7.84µm
_05699_,7.84µm
_05767_,7.84µm
_05846_,7.84µm
_05969_,7.84µm
_06028_,7.84µm
_06068_,7.84µm
_06118_,7.84µm
_06151_,7.84µm
_06439_,7.84µm
_06541_,7.84µm
_06716_,7.84µm
_06748_,7.84µm
_06773_,7.84µm
_06841_,7.84µm
_06895_,7.84µm
_07138_,7.84µm
_07150_,7.84µm
_07196_,7.84µm
_07243_,7.84µm
_07246_,7.84µm
_07309_,7.84µm
_07470_,7.84µm
_07497_,7.84µm
_07549_,7.84µm
_07589_,7.84µm
_07744_,7.84µm
_07748_,7.84µm
_07757_,7.84µm
_07779_,7.84µm
_08017_,7.84µm
_08038_,7.84µm
_08286_,7.84µm
_08385_,7.84µm
_08764_,7.84µm
_08843_,7.84µm
_08854_,7.84µm
_08897_,7.84µm
_08980_,7.84µm
_09046_,7.84µm
_09098_,7.84µm
_09101_,7.84µm
_09296_,7.84µm
_09324_,7.84µm
_09595_,7.84µm
_09797_,7.84µm
_09801_,7.84µm
_10081_,7.84µm
_10381_,7.84µm
_10431_,7.84µm
_10480_,7.84µm
_10525_,7.84µm
_10635_,7.84µm
_10751_,7.84µm
_10768_,7.84µm
_10891_,7.84µm
_11091_,7.84µm
_11100_,7.84µm
_11477_,7.84µm
_11502_,7.84µm
_11637_,7.84µm
_11783_,7.84µm
_11837_,7.84µm
_11886_,7.84µm
_12006_,7.84µm
_12028_,7.84µm
_12166_,7.84µm
_12181_,7.84µm
_12214_,7.84µm
_12324_,7.84µm
_12345_,7.84µm
_12543_,7.84µm
_12738_,7.84µm
_12754_,7.84µm
_12777_,7.84µm
_12831_,7.84µm
_12847_,7.84µm
_12888_,7.84µm
_12917_,7.84µm
_12979_,7.84µm
_13007_,7.84µm
_13106_,7.84µm
_13154_,7.84µm
_13156_,7.84µm
_13187_,7.84µm
_13286_,7.84µm
_13386_,7.84µm
_13408_,7.84µm
_13496_,7.84µm
_13498_,7.84µm
_13662_,7.84µm
_13730_,7.84µm
_13798_,7.84µm
_13808_,7.84µm
_13878_,7.84µm
_13951_,7.84µm
_14039_,7.84µm
_14045_,7.84µm
_14151_,7.84µm
_14239_,7.84µm
_14711_,7.84µm
_14762_,7.84µm
_14813_,7.84µm
_14826_,7.84µm
_14918_,7.84µm
_15173_,7.84µm
_15182_,7.84µm
_15206_,7.84µm
_15301_,7.84µm
_15443_,7.84µm
_15541_,7.84µm
_15595_,7.84µm
_15802_,7.84µm
_15964_,7.84µm
_16056_,7.84µm
_16069_,7.84µm
_16116_,7.84µm
_16147_,7.84µm
_16157_,7.84µm
_16189_,7.84µm
_16210_,7.84µm
_16249_,7.84µm
_16300_,7.84µm
_16339_,7.84µm
_16512_,7.84µm
_16517_,7.84µm
_16579_,7.84µm
_16659_,7.84µm
_16674_,7.84µm
_16756_,7.84µm
_16803_,7.84µm
_16820_,7.84µm
_16859_,7.84µm
_16868_,7.84µm
_16938_,7.84µm
_16984_,7.84µm
_17028_,7.84µm
_17426_,7.84µm
_17430_,7.84µm
_17568_,7.84µm
_17662_,7.84µm
_17688_,7.84µm
_17691_,7.84µm
_17798_,7.84µm
_18169_,7.84µm
_18245_,7.84µm
_18389_,7.84µm
_18399_,7.84µm
_18426_,7.84µm
_18734_,7.84µm
_18796_,7.84µm
_19021_,7.84µm
_19082_,7.84µm
_19304_,7.84µm
_19336_,7.84µm
_19500_,7.84µm
_19589_,7.84µm
_19629_,7.84µm
_19658_,7.84µm
_19678_,7.84µm
_19732_,7.84µm
_19783_,7.84µm
_19824_,7.84µm
_19892_,7.84µm
_19923_,7.84µm
_19952_,7.84µm
_19986_,7.84µm
_20110_,7.84µm
_20138_,7.84µm
_20154_,7.84µm
_20357_,7.84µm
_20436_,7.84µm
_20520_,7.84µm
_20706_,7.84µm
_20735_,7.84µm
_20741_,7.84µm
_20768_,7.84µm
_20776_,7.84µm
_20864_,7.84µm
_21117_,7.84µm
_21121_,7.84µm
_21125_,7.84µm
_21139_,7.84µm
_21184_,7.84µm
_21309_,7.84µm
_21317_,7.84µm
_21319_,7.84µm
_21341_,7.84µm
_21342_,7.84µm
_21360_,7.84µm
_21411_,7.84µm
_21444_,7.84µm
_21640_,7.84µm
_21932_,7.84µm
_22081_,7.84µm
_22082_,7.84µm
_22136_,7.84µm
_22162_,7.84µm
_22217_,7.84µm
_22236_,7.84µm
_22280_,7.84µm
_22287_,7.84µm
_22336_,7.84µm
_22394_,7.84µm
_22411_,7.84µm
_22438_,7.84µm
_22508_,7.84µm
_22531_,7.84µm
_22586_,7.84µm
_22619_,7.84µm
_22644_,7.84µm
_22720_,7.84µm
_22764_,7.84µm
_22782_,7.84µm
_22806_,7.84µm
_22871_,7.84µm
_22976_,7.84µm
_22997_,7.84µm
_23026_,7.84µm
_23156_,7.84µm
_23158_,7.84µm
_23228_,7.84µm
_23381_,7.84µm
_23592_,7.84µm
_23734_,7.84µm
_23808_,7.84µm
_23884_,7.84µm
_23910_,7.84µm
_24034_,7.84µm
_24158_,7.84µm
_24161_,7.84µm
_24223_,7.84µm
_24237_,7.84µm
_24290_,7.84µm
_24408_,7.84µm
_24562_,7.84µm
_24709_,7.84µm
_24729_,7.84µm
_24745_,7.84µm
_24759_,7.84µm
_25083_,7.84µm
_25457_,7.84µm
_25750_,7.84µm
_25756_,7.84µm
_25810_,7.84µm
_25835_,7.84µm
_25836_,7.84µm
_25872_,7.84µm
_25950_,7.84µm
_25974_,7.84µm
_26002_,7.84µm
_26072_,7.84µm
_26116_,7.84µm
_26204_,7.84µm
_26268_,7.84µm
_26288_,7.84µm
_26290_,7.84µm
_26320_,7.84µm
_26349_,7.84µm
_26412_,7.84µm
_26424_,7.84µm
_26428_,7.84µm
_26517_,7.84µm
_26633_,7.84µm
_26653_,7.84µm
_26807_,7.84µm
_26858_,7.84µm
_26953_,7.84µm
_26991_,7.84µm
_27043_,7.84µm
_27046_,7.84µm
_27072_,7.84µm
_27247_,7.84µm
_27283_,7.84µm
_27398_,7.84µm
_27768_,7.84µm
_27804_,7.84µm
_27812_,7.84µm
_27829_,7.84µm
_27870_,7.84µm
_27914_,7.84µm
_27936_,7.84µm
_27948_,7.84µm
_27980_,7.84µm
_28204_,7.84µm
_28246_,7.84µm
_28317_,7.84µm
_28341_,7.84µm
_28382_,7.84µm
i_core_v_mini_mcu.ao_peripheral_subsystem_i.power_manager_i.power_manager_reg_top_i.global_pointer_qs\[6\],7.84µm
i_core_v_mini_mcu.ao_peripheral_subsystem_i.power_manager_i.power_manager_reg_top_i.intr_state_qs\[1\],7.84µm
i_core_v_mini_mcu.ao_peripheral_subsystem_i.power_manager_i.power_manager_reg_top_i.ram_0_iso_qs,7.84µm
i_core_v_mini_mcu.ao_peripheral_subsystem_i.power_manager_i.power_manager_reg_top_i.u_intr_state.wr_data\[27\],7.84µm
i_core_v_mini_mcu.ao_peripheral_subsystem_i.tdu_i.rd_ptr_q\[2\],7.84µm
i_core_v_mini_mcu.cpu_subsystem_i.cpu_0_0.rf_ram_i.memory\[131\]\[1\],7.84µm
i_core_v_mini_mcu.cpu_subsystem_i.cpu_1_0.i_servile.cpu.ctrl.i_jal_or_jalr,7.84µm
i_core_v_mini_mcu.cpu_subsystem_i.cpu_1_0.i_servile.cpu.immdec.gen_immdec_w_eq_1.imm11_7\[4\],7.84µm
i_core_v_mini_mcu.cpu_subsystem_i.cpu_1_0.rf_ram_i.memory\[10\]\[1\],7.84µm
i_core_v_mini_mcu.cpu_subsystem_i.cpu_1_0.rf_ram_i.memory\[141\]\[0\],7.84µm
i_core_v_mini_mcu.cpu_subsystem_i.cpu_1_0.rf_ram_i.memory\[181\]\[1\],7.84µm
i_core_v_mini_mcu.cpu_subsystem_i.cpu_1_0.rf_ram_i.memory\[487\]\[1\],7.84µm
i_core_v_mini_mcu.cpu_subsystem_i.cpu_1_0.rf_ram_i.memory\[96\]\[1\],7.84µm
i_core_v_mini_mcu.peripheral_subsystem_i.obi_fifo_i.consumer_data_req\[19\],7.84µm
i_core_v_mini_mcu.peripheral_subsystem_i.obi_fifo_i.consumer_data_req_q\[20\],7.84µm
i_core_v_mini_mcu.peripheral_subsystem_i.uart_i.uart_core.u_uart_txfifo.gen_normal_fifo.storage\[19\],7.84µm
i_core_v_mini_mcu.cpu_subsystem_i.cpu_0_0.rf_ram_i.memory\[210\]\[0\],7.61µm
i_core_v_mini_mcu.memory_subsystem_i.ram0_i.tc_ram_i.sram\[28\]\[31\],7.61µm
_27130_,7.56µm
i_core_v_mini_mcu.cpu_subsystem_i.cpu_1_0.rf_ram_i.memory\[100\]\[1\],7.56µm
i_core_v_mini_mcu.cpu_subsystem_i.cpu_1_0.rf_ram_i.memory\[467\]\[0\],7.56µm
_04113_,7.43µm
_05461_,7.43µm
_08510_,7.43µm
_09467_,7.43µm
_09672_,7.43µm
_10242_,7.43µm
_13904_,7.43µm
_18345_,7.43µm
_18510_,7.43µm
_21992_,7.43µm
i_core_v_mini_mcu.ao_peripheral_subsystem_i.tdu_i.cpi_est_q\[48\],7.43µm
_00649_,7.38µm
_00913_,7.38µm
_01908_,7.38µm
_02974_,7.38µm
_02979_,7.38µm
_03044_,7.38µm
_03083_,7.38µm
_03180_,7.38µm
_03225_,7.38µm
_03441_,7.38µm
_04403_,7.38µm
_04404_,7.38µm
_04692_,7.38µm
_04695_,7.38µm
_04764_,7.38µm
_04843_,7.38µm
_05543_,7.38µm
_06564_,7.38µm
_06921_,7.38µm
_06962_,7.38µm
_07093_,7.38µm
_07286_,7.38µm
_07618_,7.38µm
_07801_,7.38µm
_08278_,7.38µm
_08900_,7.38µm
_09151_,7.38µm
_09184_,7.38µm
_09683_,7.38µm
_10223_,7.38µm
_10459_,7.38µm
_10642_,7.38µm
_11033_,7.38µm
_11346_,7.38µm
_11388_,7.38µm
_11603_,7.38µm
_11746_,7.38µm
_12302_,7.38µm
_12306_,7.38µm
_12788_,7.38µm
_13184_,7.38µm
_13271_,7.38µm
_13609_,7.38µm
_13862_,7.38µm
_13897_,7.38µm
_13973_,7.38µm
_14587_,7.38µm
_14638_,7.38µm
_14647_,7.38µm
_14694_,7.38µm
_14758_,7.38µm
_14830_,7.38µm
_14949_,7.38µm
_15705_,7.38µm
_16083_,7.38µm
_16553_,7.38µm
_16767_,7.38µm
_16977_,7.38µm
_17237_,7.38µm
_17312_,7.38µm
_20190_,7.38µm
_20877_,7.38µm
_21304_,7.38µm
_21666_,7.38µm
_21672_,7.38µm
_21951_,7.38µm
_21988_,7.38µm
_22051_,7.38µm
_22135_,7.38µm
_22264_,7.38µm
_22400_,7.38µm
_22799_,7.38µm
_23093_,7.38µm
_23312_,7.38µm
_23349_,7.38µm
_23520_,7.38µm
_23694_,7.38µm
_23907_,7.38µm
_24054_,7.38µm
_24074_,7.38µm
_24175_,7.38µm
_24409_,7.38µm
_24508_,7.38µm
_24550_,7.38µm
_25049_,7.38µm
_25257_,7.38µm
_25358_,7.38µm
_26344_,7.38µm
_26461_,7.38µm
_26964_,7.38µm
_27404_,7.38µm
_28048_,7.38µm
_28080_,7.38µm
_28201_,7.38µm
_28212_,7.38µm
_28346_,7.38µm
_28443_,7.38µm
i_core_v_mini_mcu.cpu_subsystem_i.cpu_0_0.rf_ram_i.memory\[183\]\[1\],7.38µm
i_core_v_mini_mcu.cpu_subsystem_i.cpu_0_0.rf_ram_i.memory\[447\]\[1\],7.38µm
i_core_v_mini_mcu.cpu_subsystem_i.cpu_0_0.rf_ram_i.memory\[98\]\[1\],7.38µm
i_core_v_mini_mcu.cpu_subsystem_i.cpu_1_0.rf_ram_i.memory\[125\]\[1\],7.38µm
i_core_v_mini_mcu.cpu_subsystem_i.cpu_1_0.rf_ram_i.memory\[159\]\[0\],7.38µm
i_core_v_mini_mcu.cpu_subsystem_i.cpu_1_0.rf_ram_i.memory\[214\]\[1\],7.38µm
i_core_v_mini_mcu.cpu_subsystem_i.cpu_1_0.rf_ram_i.memory\[340\]\[1\],7.38µm
i_core_v_mini_mcu.cpu_subsystem_i.cpu_1_0.rf_ram_i.memory\[424\]\[0\],7.38µm
i_core_v_mini_mcu.cpu_subsystem_i.cpu_1_0.rf_ram_i.memory\[437\]\[0\],7.38µm
i_core_v_mini_mcu.memory_subsystem_i.ram0_i.tc_ram_i.sram\[13\]\[0\],7.38µm
i_core_v_mini_mcu.memory_subsystem_i.ram0_i.tc_ram_i.sram\[24\]\[6\],7.38µm
i_core_v_mini_mcu.memory_subsystem_i.ram0_i.tc_ram_i.sram\[6\]\[13\],7.38µm
i_core_v_mini_mcu.memory_subsystem_i.ram0_i.tc_ram_i.sram\[6\]\[3\],7.38µm
i_core_v_mini_mcu.peripheral_subsystem_i.obi_fifo_i.consumer_data_req\[32\],7.38µm
i_core_v_mini_mcu.peripheral_subsystem_i.obi_fifo_i.consumer_data_req_q\[21\],7.38µm
i_core_v_mini_mcu.peripheral_subsystem_i.uart_i.hw2reg\[15\],7.38µm
_00205_,7.33µm
_00251_,7.33µm
_00429_,7.33µm
_00475_,7.33µm
_00537_,7.33µm
_00552_,7.33µm
_00561_,7.33µm
_00567_,7.33µm
_00603_,7.33µm
_00614_,7.33µm
_00640_,7.33µm
_00648_,7.33µm
_00702_,7.33µm
_00791_,7.33µm
_00882_,7.33µm
_00887_,7.33µm
_01063_,7.33µm
_01106_,7.33µm
_01107_,7.33µm
_01252_,7.33µm
_01254_,7.33µm
_01359_,7.33µm
_01410_,7.33µm
_01454_,7.33µm
_01456_,7.33µm
_01521_,7.33µm
_01572_,7.33µm
_01588_,7.33µm
_01597_,7.33µm
_01602_,7.33µm
_01641_,7.33µm
_01660_,7.33µm
_01666_,7.33µm
_01682_,7.33µm
_01722_,7.33µm
_01766_,7.33µm
_01770_,7.33µm
_01774_,7.33µm
_01895_,7.33µm
_01910_,7.33µm
_01998_,7.33µm
_02022_,7.33µm
_02034_,7.33µm
_02070_,7.33µm
_02133_,7.33µm
_02154_,7.33µm
_02197_,7.33µm
_02220_,7.33µm
_02221_,7.33µm
_02300_,7.33µm
_02324_,7.33µm
_02325_,7.33µm
_02342_,7.33µm
_02344_,7.33µm
_02366_,7.33µm
_02456_,7.33µm
_02539_,7.33µm
_02548_,7.33µm
_02593_,7.33µm
_02641_,7.33µm
_02661_,7.33µm
_02673_,7.33µm
_02778_,7.33µm
_03316_,7.33µm
_03513_,7.33µm
_03522_,7.33µm
_03541_,7.33µm
_03684_,7.33µm
_03730_,7.33µm
_03941_,7.33µm
_04143_,7.33µm
_04198_,7.33µm
_04258_,7.33µm
_04283_,7.33µm
_04292_,7.33µm
_04295_,7.33µm
_04308_,7.33µm
_04399_,7.33µm
_04402_,7.33µm
_04499_,7.33µm
_04520_,7.33µm
_04616_,7.33µm
_04651_,7.33µm
_04801_,7.33µm
_04856_,7.33µm
_04905_,7.33µm
_04914_,7.33µm
_04938_,7.33µm
_04968_,7.33µm
_04974_,7.33µm
_04995_,7.33µm
_05119_,7.33µm
_05253_,7.33µm
_05369_,7.33µm
_05372_,7.33µm
_05429_,7.33µm
_05651_,7.33µm
_05989_,7.33µm
_06345_,7.33µm
_06392_,7.33µm
_06749_,7.33µm
_06823_,7.33µm
_06868_,7.33µm
_06990_,7.33µm
_07121_,7.33µm
_07464_,7.33µm
_07467_,7.33µm
_07796_,7.33µm
_07941_,7.33µm
_08152_,7.33µm
_08494_,7.33µm
_08800_,7.33µm
_08905_,7.33µm
_08946_,7.33µm
_08955_,7.33µm
_09134_,7.33µm
_09147_,7.33µm
_09462_,7.33µm
_09571_,7.33µm
_09623_,7.33µm
_09721_,7.33µm
_10005_,7.33µm
_10047_,7.33µm
_10362_,7.33µm
_10801_,7.33µm
_10872_,7.33µm
_11101_,7.33µm
_11204_,7.33µm
_11281_,7.33µm
_11288_,7.33µm
_11332_,7.33µm
_11353_,7.33µm
_11385_,7.33µm
_11419_,7.33µm
_11434_,7.33µm
_11509_,7.33µm
_11751_,7.33µm
_11835_,7.33µm
_11856_,7.33µm
_11878_,7.33µm
_11935_,7.33µm
_11939_,7.33µm
_12089_,7.33µm
_12316_,7.33µm
_12603_,7.33µm
_12711_,7.33µm
_12852_,7.33µm
_12902_,7.33µm
_12930_,7.33µm
_12939_,7.33µm
_13065_,7.33µm
_13100_,7.33µm
_13125_,7.33µm
_13189_,7.33µm
_13208_,7.33µm
_13257_,7.33µm
_13268_,7.33µm
_13410_,7.33µm
_13585_,7.33µm
_13656_,7.33µm
_13803_,7.33µm
_13939_,7.33µm
_13961_,7.33µm
_14369_,7.33µm
_14622_,7.33µm
_14625_,7.33µm
_14824_,7.33µm
_15001_,7.33µm
_15174_,7.33µm
_15203_,7.33µm
_15314_,7.33µm
_15788_,7.33µm
_15836_,7.33µm
_15985_,7.33µm
_16216_,7.33µm
_16628_,7.33µm
_16864_,7.33µm
_17016_,7.33µm
_17204_,7.33µm
_17231_,7.33µm
_17316_,7.33µm
_17700_,7.33µm
_17782_,7.33µm
_17810_,7.33µm
_17967_,7.33µm
_18270_,7.33µm
_18336_,7.33µm
_18851_,7.33µm
_19025_,7.33µm
_19255_,7.33µm
_19354_,7.33µm
_19385_,7.33µm
_19418_,7.33µm
_19441_,7.33µm
_19747_,7.33µm
_20098_,7.33µm
_20288_,7.33µm
_20332_,7.33µm
_20403_,7.33µm
_20499_,7.33µm
_20519_,7.33µm
_20590_,7.33µm
_20853_,7.33µm
_21044_,7.33µm
_21124_,7.33µm
_21176_,7.33µm
_21204_,7.33µm
_21415_,7.33µm
_21606_,7.33µm
_21677_,7.33µm
_21682_,7.33µm
_21828_,7.33µm
_21960_,7.33µm
_21964_,7.33µm
_22601_,7.33µm
_22698_,7.33µm
_22959_,7.33µm
_23000_,7.33µm
_23173_,7.33µm
_23213_,7.33µm
_23258_,7.33µm
_23331_,7.33µm
_23887_,7.33µm
_23970_,7.33µm
_23996_,7.33µm
_23997_,7.33µm
_24036_,7.33µm
_24472_,7.33µm
_24500_,7.33µm
_24635_,7.33µm
_24637_,7.33µm
_24737_,7.33µm
_24796_,7.33µm
_25125_,7.33µm
_25431_,7.33µm
_25485_,7.33µm
_25518_,7.33µm
_25574_,7.33µm
_26199_,7.33µm
_26223_,7.33µm
_26311_,7.33µm
_26353_,7.33µm
_26452_,7.33µm
_26726_,7.33µm
_26755_,7.33µm
_26907_,7.33µm
_26988_,7.33µm
_27042_,7.33µm
_27455_,7.33µm
_27526_,7.33µm
_27548_,7.33µm
_27943_,7.33µm
_28014_,7.33µm
_28101_,7.33µm
_28214_,7.33µm
_28323_,7.33µm
_28371_,7.33µm
_28429_,7.33µm
net1967,7.33µm
i_core_v_mini_mcu.ao_peripheral_subsystem_i.clint_software_irq_o\[1\],7.33µm
i_core_v_mini_mcu.ao_peripheral_subsystem_i.power_manager_i.power_manager_reg_top_i.power_gate_core_qs,7.33µm
i_core_v_mini_mcu.ao_peripheral_subsystem_i.spi_subsystem_i.obi_spimemio_i.obi_to_picorv32_i.picorv32_resp_i\[22\],7.33µm
i_core_v_mini_mcu.ao_peripheral_subsystem_i.spi_subsystem_i.obi_spimemio_i.spimemio_i.xfer.obuffer\[5\],7.33µm
i_core_v_mini_mcu.ao_peripheral_subsystem_i.tdu_i.cpi_est_q\[11\],7.33µm
i_core_v_mini_mcu.ao_peripheral_subsystem_i.tdu_i.sched_mode_q\[0\],7.33µm
i_core_v_mini_mcu.cpu_subsystem_i.cpu_1_0.rf_ram_i.memory\[159\]\[1\],7.33µm
i_core_v_mini_mcu.memory_subsystem_i.ram0_i.tc_ram_i.sram\[18\]\[10\],7.33µm
i_core_v_mini_mcu.memory_subsystem_i.ram0_i.tc_ram_i.sram\[31\]\[16\],7.33µm
i_core_v_mini_mcu.peripheral_subsystem_i.obi_fifo_i.consumer_data_req\[12\],7.33µm
i_core_v_mini_mcu.peripheral_subsystem_i.obi_fifo_i.consumer_resp_i\[13\],7.33µm
i_core_v_mini_mcu.peripheral_subsystem_i.uart_i.hw2reg\[4\],7.33µm
i_core_v_mini_mcu.peripheral_subsystem_i.uart_i.u_reg.fifo_ctrl_rxilvl_we,7.33µm
i_core_v_mini_mcu.peripheral_subsystem_i.uart_i.uart_core.rx_fifo_depth_prev_q\[0\],7.33µm
net1968,7.28µm
_00057_,7.28µm
_00064_,7.28µm
_00127_,7.28µm
_00194_,7.28µm
_00282_,7.28µm
_00373_,7.28µm
_00384_,7.28µm
_00420_,7.28µm
_00421_,7.28µm
_00443_,7.28µm
_00486_,7.28µm
_00489_,7.28µm
_00490_,7.28µm
_00580_,7.28µm
_00588_,7.28µm
_00621_,7.28µm
_00632_,7.28µm
_00656_,7.28µm
_00697_,7.28µm
_00704_,7.28µm
_00721_,7.28µm
_00738_,7.28µm
_00746_,7.28µm
_00764_,7.28µm
_00947_,7.28µm
_00970_,7.28µm
_00974_,7.28µm
_01114_,7.28µm
_01139_,7.28µm
_01144_,7.28µm
_01163_,7.28µm
_01203_,7.28µm
_01222_,7.28µm
_01225_,7.28µm
_01237_,7.28µm
_01245_,7.28µm
_01255_,7.28µm
_01265_,7.28µm
_01271_,7.28µm
_01314_,7.28µm
_01324_,7.28µm
_01375_,7.28µm
_01413_,7.28µm
_01428_,7.28µm
_01434_,7.28µm
_01457_,7.28µm
_01458_,7.28µm
_01463_,7.28µm
_01516_,7.28µm
_01547_,7.28µm
_01619_,7.28µm
_01646_,7.28µm
_01755_,7.28µm
_01915_,7.28µm
_01926_,7.28µm
_01961_,7.28µm
_01973_,7.28µm
_02012_,7.28µm
_02014_,7.28µm
_02043_,7.28µm
_02073_,7.28µm
_02076_,7.28µm
_02077_,7.28µm
_02098_,7.28µm
_02142_,7.28µm
_02205_,7.28µm
_02319_,7.28µm
_02377_,7.28µm
_02382_,7.28µm
_02412_,7.28µm
_02435_,7.28µm
_02455_,7.28µm
_02457_,7.28µm
_02531_,7.28µm
_02595_,7.28µm
_02629_,7.28µm
_02709_,7.28µm
_02733_,7.28µm
_02748_,7.28µm
_02757_,7.28µm
_02781_,7.28µm
_02809_,7.28µm
_02847_,7.28µm
_02899_,7.28µm
_02928_,7.28µm
_03035_,7.28µm
_03071_,7.28µm
_03189_,7.28µm
_03214_,7.28µm
_03224_,7.28µm
_03235_,7.28µm
_03368_,7.28µm
_03437_,7.28µm
_03450_,7.28µm
_03564_,7.28µm
_03650_,7.28µm
_03664_,7.28µm
_03732_,7.28µm
_03773_,7.28µm
_03777_,7.28µm
_03779_,7.28µm
_03782_,7.28µm
_03794_,7.28µm
_03805_,7.28µm
_03816_,7.28µm
_03855_,7.28µm
_03925_,7.28µm
_03927_,7.28µm
_03936_,7.28µm
_03968_,7.28µm
_03988_,7.28µm
_04020_,7.28µm
_04051_,7.28µm
_04137_,7.28µm
_04146_,7.28µm
_04173_,7.28µm
_04228_,7.28µm
_04287_,7.28µm
_04306_,7.28µm
_04318_,7.28µm
_04334_,7.28µm
_04419_,7.28µm
_04445_,7.28µm
_04533_,7.28µm
_04535_,7.28µm
_04562_,7.28µm
_04587_,7.28µm
_04626_,7.28µm
_04643_,7.28µm
_04652_,7.28µm
_04789_,7.28µm
_04793_,7.28µm
_04869_,7.28µm
_04947_,7.28µm
_04962_,7.28µm
_04987_,7.28µm
_04989_,7.28µm
_05015_,7.28µm
_05070_,7.28µm
_05114_,7.28µm
_05165_,7.28µm
_05175_,7.28µm
_05279_,7.28µm
_05290_,7.28µm
_05321_,7.28µm
_05325_,7.28µm
_05347_,7.28µm
_05439_,7.28µm
_05483_,7.28µm
_05567_,7.28µm
_05650_,7.28µm
_05729_,7.28µm
_05844_,7.28µm
_05885_,7.28µm
_06090_,7.28µm
_06155_,7.28µm
_06166_,7.28µm
_06176_,7.28µm
_06233_,7.28µm
_06286_,7.28µm
_06349_,7.28µm
_06379_,7.28µm
_06431_,7.28µm
_06443_,7.28µm
_06455_,7.28µm
_06814_,7.28µm
_06828_,7.28µm
_06993_,7.28µm
_07163_,7.28µm
_07222_,7.28µm
_07226_,7.28µm
_07227_,7.28µm
_07494_,7.28µm
_07552_,7.28µm
_07835_,7.28µm
_08153_,7.28µm
_08246_,7.28µm
_08262_,7.28µm
_08311_,7.28µm
_08356_,7.28µm
_08380_,7.28µm
_08414_,7.28µm
_08465_,7.28µm
_08536_,7.28µm
_08701_,7.28µm
_08772_,7.28µm
_08806_,7.28µm
_08914_,7.28µm
_09002_,7.28µm
_09011_,7.28µm
_09480_,7.28µm
_09727_,7.28µm
_09737_,7.28µm
_09841_,7.28µm
_09897_,7.28µm
_09903_,7.28µm
_09921_,7.28µm
_09959_,7.28µm
_10145_,7.28µm
_10268_,7.28µm
_10423_,7.28µm
_10428_,7.28µm
_10432_,7.28µm
_10623_,7.28µm
_10678_,7.28µm
_10696_,7.28µm
_10744_,7.28µm
_10754_,7.28µm
_10789_,7.28µm
_10824_,7.28µm
_10850_,7.28µm
_10899_,7.28µm
_10971_,7.28µm
_11045_,7.28µm
_11125_,7.28µm
_11196_,7.28µm
_11303_,7.28µm
_11358_,7.28µm
_11414_,7.28µm
_11471_,7.28µm
_11558_,7.28µm
_11629_,7.28µm
_11640_,7.28µm
_11644_,7.28µm
_11759_,7.28µm
_11791_,7.28µm
_11805_,7.28µm
_11972_,7.28µm
_11984_,7.28µm
_11994_,7.28µm
_12067_,7.28µm
_12088_,7.28µm
_12124_,7.28µm
_12221_,7.28µm
_12237_,7.28µm
_12448_,7.28µm
_12546_,7.28µm
_12594_,7.28µm
_12608_,7.28µm
_12687_,7.28µm
_12775_,7.28µm
_12820_,7.28µm
_12877_,7.28µm
_13115_,7.28µm
_13121_,7.28µm
_13124_,7.28µm
_13139_,7.28µm
_13236_,7.28µm
_13247_,7.28µm
_13253_,7.28µm
_13430_,7.28µm
_13443_,7.28µm
_13476_,7.28µm
_13493_,7.28µm
_13530_,7.28µm
_13533_,7.28µm
_13566_,7.28µm
_13626_,7.28µm
_13632_,7.28µm
_13703_,7.28µm
_13890_,7.28µm
_13891_,7.28µm
_13926_,7.28µm
_13966_,7.28µm
_14321_,7.28µm
_14344_,7.28µm
_14351_,7.28µm
_14356_,7.28µm
_14433_,7.28µm
_14460_,7.28µm
_14640_,7.28µm
_14728_,7.28µm
_14977_,7.28µm
_15114_,7.28µm
_15250_,7.28µm
_15308_,7.28µm
_15417_,7.28µm
_15476_,7.28µm
_15803_,7.28µm
_15825_,7.28µm
_15927_,7.28µm
_15995_,7.28µm
_16075_,7.28µm
_16184_,7.28µm
_16200_,7.28µm
_16363_,7.28µm
_16395_,7.28µm
_16516_,7.28µm
_16539_,7.28µm
_16731_,7.28µm
_16823_,7.28µm
_16858_,7.28µm
_16904_,7.28µm
_16932_,7.28µm
_17157_,7.28µm
_17163_,7.28µm
_17175_,7.28µm
_17208_,7.28µm
_17284_,7.28µm
_17294_,7.28µm
_17332_,7.28µm
_17394_,7.28µm
_17432_,7.28µm
_17449_,7.28µm
_17521_,7.28µm
_17577_,7.28µm
_17581_,7.28µm
_17682_,7.28µm
_17714_,7.28µm
_17857_,7.28µm
_18046_,7.28µm
_18117_,7.28µm
_18222_,7.28µm
_18435_,7.28µm
_18523_,7.28µm
_18810_,7.28µm
_18843_,7.28µm
_18902_,7.28µm
_18987_,7.28µm
_19252_,7.28µm
_19273_,7.28µm
_19316_,7.28µm
_19436_,7.28µm
_19679_,7.28µm
_19687_,7.28µm
_19784_,7.28µm
_19785_,7.28µm
_19966_,7.28µm
_20021_,7.28µm
_20118_,7.28µm
_20150_,7.28µm
_20363_,7.28µm
_20379_,7.28µm
_20422_,7.28µm
_20634_,7.28µm
_20744_,7.28µm
_20857_,7.28µm
_20920_,7.28µm
_20987_,7.28µm
_21002_,7.28µm
_21022_,7.28µm
_21035_,7.28µm
_21059_,7.28µm
_21163_,7.28µm
_21221_,7.28µm
_21270_,7.28µm
_21405_,7.28µm
_21581_,7.28µm
_21602_,7.28µm
_21647_,7.28µm
_21674_,7.28µm
_21681_,7.28µm
_21690_,7.28µm
_21825_,7.28µm
_21846_,7.28µm
_21997_,7.28µm
_22050_,7.28µm
_22061_,7.28µm
_22102_,7.28µm
_22122_,7.28µm
_22301_,7.28µm
_22314_,7.28µm
_22421_,7.28µm
_22495_,7.28µm
_22744_,7.28µm
_22873_,7.28µm
_22876_,7.28µm
_22944_,7.28µm
_22950_,7.28µm
_22973_,7.28µm
_22995_,7.28µm
_22999_,7.28µm
_23073_,7.28µm
_23084_,7.28µm
_23099_,7.28µm
_23134_,7.28µm
_23154_,7.28µm
_23165_,7.28µm
_23205_,7.28µm
_23207_,7.28µm
_23270_,7.28µm
_23273_,7.28µm
_23280_,7.28µm
_23302_,7.28µm
_23314_,7.28µm
_23352_,7.28µm
_23404_,7.28µm
_23419_,7.28µm
_23503_,7.28µm
_23591_,7.28µm
_23641_,7.28µm
_23661_,7.28µm
_23739_,7.28µm
_23813_,7.28µm
_23866_,7.28µm
_23879_,7.28µm
_23881_,7.28µm
_23885_,7.28µm
_23981_,7.28µm
_24058_,7.28µm
_24131_,7.28µm
_24147_,7.28µm
_24199_,7.28µm
_24214_,7.28µm
_24303_,7.28µm
_24418_,7.28µm
_24531_,7.28µm
_24619_,7.28µm
_24763_,7.28µm
_24790_,7.28µm
_24940_,7.28µm
_25001_,7.28µm
_25044_,7.28µm
_25046_,7.28µm
_25189_,7.28µm
_25208_,7.28µm
_25318_,7.28µm
_25373_,7.28µm
_25548_,7.28µm
_25879_,7.28µm
_25904_,7.28µm
_25917_,7.28µm
_25961_,7.28µm
_26017_,7.28µm
_26181_,7.28µm
_26237_,7.28µm
_26267_,7.28µm
_26317_,7.28µm
_26373_,7.28µm
_26396_,7.28µm
_26834_,7.28µm
_26954_,7.28µm
_27011_,7.28µm
_27092_,7.28µm
_27113_,7.28µm
_27145_,7.28µm
_27187_,7.28µm
_27318_,7.28µm
_27446_,7.28µm
_27452_,7.28µm
_27791_,7.28µm
_27827_,7.28µm
_27844_,7.28µm
_27861_,7.28µm
_27882_,7.28µm
_27883_,7.28µm
_27897_,7.28µm
_27924_,7.28µm
_27935_,7.28µm
_27941_,7.28µm
_27959_,7.28µm
_27972_,7.28µm
_28123_,7.28µm
_28184_,7.28µm
_28248_,7.28µm
_28334_,7.28µm
_28355_,7.28µm
_28369_,7.28µm
_28402_,7.28µm
_28403_,7.28µm
_28418_,7.28µm
i_core_v_mini_mcu.ao_peripheral_subsystem_i.obi_fifo_i.consumer_data_req\[22\],7.28µm
i_core_v_mini_mcu.ao_peripheral_subsystem_i.power_manager_i.power_manager_reg_top_i.u_intr_state.wr_data\[6\],7.28µm
i_core_v_mini_mcu.ao_peripheral_subsystem_i.spi_subsystem_i.obi_spimemio_i.spimemio_i.buffer\[20\],7.28µm
i_core_v_mini_mcu.ao_peripheral_subsystem_i.spi_subsystem_i.obi_spimemio_i.spimemio_i.din_data\[6\],7.28µm
i_core_v_mini_mcu.ao_peripheral_subsystem_i.spi_subsystem_i.obi_spimemio_i.spimemio_i.rd_addr\[18\],7.28µm
i_core_v_mini_mcu.ao_peripheral_subsystem_i.spi_subsystem_i.obi_spimemio_i.spimemio_i.xfer.obuffer\[4\],7.28µm
i_core_v_mini_mcu.cpu_subsystem_i.cpu_0_0.i_servile.arbiter.i_wb_cpu_dbus_adr\[12\],7.28µm
i_core_v_mini_mcu.cpu_subsystem_i.cpu_0_0.i_servile.cpu.immdec.gen_immdec_w_eq_1.imm30_25\[4\],7.28µm
i_core_v_mini_mcu.cpu_subsystem_i.cpu_0_0.rf_ram_i.memory\[135\]\[0\],7.28µm
i_core_v_mini_mcu.cpu_subsystem_i.cpu_0_0.rf_ram_i.memory\[186\]\[1\],7.28µm
i_core_v_mini_mcu.cpu_subsystem_i.cpu_0_0.rf_ram_i.memory\[284\]\[0\],7.28µm
i_core_v_mini_mcu.cpu_subsystem_i.cpu_0_0.rf_ram_i.memory\[86\]\[1\],7.28µm
i_core_v_mini_mcu.cpu_subsystem_i.cpu_1_0.rf_ram_i.memory\[203\]\[0\],7.28µm
i_core_v_mini_mcu.cpu_subsystem_i.cpu_1_0.rf_ram_i.memory\[347\]\[0\],7.28µm
i_core_v_mini_mcu.cpu_subsystem_i.cpu_1_0.rf_ram_i.memory\[359\]\[0\],7.28µm
i_core_v_mini_mcu.cpu_subsystem_i.cpu_1_0.rf_ram_i.memory\[506\]\[0\],7.28µm
i_core_v_mini_mcu.cpu_subsystem_i.reset_clock_hold_1_0,7.28µm
i_core_v_mini_mcu.memory_subsystem_i.ram0_i.tc_ram_i.sram\[10\]\[22\],7.28µm
i_core_v_mini_mcu.memory_subsystem_i.ram0_i.tc_ram_i.sram\[14\]\[1\],7.28µm
i_core_v_mini_mcu.memory_subsystem_i.ram0_i.tc_ram_i.sram\[22\]\[29\],7.28µm
i_core_v_mini_mcu.peripheral_subsystem_i.uart_i.uart_core.uart_rx.tick_baud_d,7.28µm
net8,7.28µm
i_core_v_mini_mcu.memory_subsystem_i.ram0_i.tc_ram_i.sram\[2\]\[13\],7.05µm
_27250_,7µm
i_core_v_mini_mcu.cpu_subsystem_i.cpu_0_0.i_servile.cpu.mem_if.signbit,7µm
_04542_,6.92µm
_00828_,6.87µm
_07437_,6.87µm
_09905_,6.87µm
_10463_,6.87µm
_20033_,6.87µm
i_core_v_mini_mcu.cpu_subsystem_i.cpu_0_0.i_servile.cpu.ctrl.o_ibus_adr\[10\],6.87µm
_00069_,6.82µm
_00307_,6.82µm
_00900_,6.82µm
_01907_,6.82µm
_02202_,6.82µm
_04486_,6.82µm
_04565_,6.82µm
_04714_,6.82µm
_04943_,6.82µm
_06390_,6.82µm
_06487_,6.82µm
_06838_,6.82µm
_07158_,6.82µm
_07179_,6.82µm
_07534_,6.82µm
_08367_,6.82µm
_08761_,6.82µm
_08916_,6.82µm
_09673_,6.82µm
_10511_,6.82µm
_11723_,6.82µm
_11763_,6.82µm
_12012_,6.82µm
_12202_,6.82µm
_12718_,6.82µm
_12813_,6.82µm
_13244_,6.82µm
_13495_,6.82µm
_13529_,6.82µm
_13786_,6.82µm
_14665_,6.82µm
_14742_,6.82µm
_14773_,6.82µm
_14786_,6.82µm
_14873_,6.82µm
_15293_,6.82µm
_16011_,6.82µm
_16667_,6.82µm
_16676_,6.82µm
_17152_,6.82µm
_17484_,6.82µm
_17748_,6.82µm
_17752_,6.82µm
_17888_,6.82µm
_17966_,6.82µm
_18164_,6.82µm
_18327_,6.82µm
_18467_,6.82µm
_18954_,6.82µm
_19426_,6.82µm
_19541_,6.82µm
_20041_,6.82µm
_20223_,6.82µm
_20265_,6.82µm
_20387_,6.82µm
_21089_,6.82µm
_21435_,6.82µm
_21757_,6.82µm
_21808_,6.82µm
_21946_,6.82µm
_22031_,6.82µm
_22058_,6.82µm
_22151_,6.82µm
_22220_,6.82µm
_22322_,6.82µm
_22338_,6.82µm
_22345_,6.82µm
_22460_,6.82µm
_23338_,6.82µm
_23564_,6.82µm
_23614_,6.82µm
_24279_,6.82µm
_24324_,6.82µm
_24351_,6.82µm
_24361_,6.82µm
_24943_,6.82µm
_26108_,6.82µm
_26148_,6.82µm
_26161_,6.82µm
_26676_,6.82µm
_26900_,6.82µm
_27604_,6.82µm
_27904_,6.82µm
_27995_,6.82µm
_28328_,6.82µm
_28416_,6.82µm
i_core_v_mini_mcu.ao_peripheral_subsystem_i.power_manager_i.power_manager_reg_top_i.cpu_switch_on_counter_qs\[4\],6.82µm
i_core_v_mini_mcu.cpu_subsystem_i.cpu_0_0.i_servile.cpu.immdec.gen_immdec_w_eq_1.imm19_12_20\[5\],6.82µm
i_core_v_mini_mcu.cpu_subsystem_i.cpu_0_0.rf_ram_i.memory\[103\]\[0\],6.82µm
i_core_v_mini_mcu.cpu_subsystem_i.cpu_0_0.rf_ram_i.memory\[348\]\[1\],6.82µm
i_core_v_mini_mcu.cpu_subsystem_i.cpu_0_0.rf_ram_i.memory\[92\]\[0\],6.82µm
i_core_v_mini_mcu.cpu_subsystem_i.cpu_1_0.rf_ram_i.memory\[253\]\[0\],6.82µm
i_core_v_mini_mcu.cpu_subsystem_i.cpu_1_0.rf_ram_i.memory\[324\]\[0\],6.82µm
i_core_v_mini_mcu.cpu_subsystem_i.cpu_1_0.rf_ram_i.memory\[471\]\[0\],6.82µm
i_core_v_mini_mcu.memory_subsystem_i.ram0_i.tc_ram_i.sram\[27\]\[1\],6.82µm
i_core_v_mini_mcu.memory_subsystem_i.ram0_i.tc_ram_i.sram\[5\]\[2\],6.82µm
_00051_,6.77µm
_00103_,6.77µm
_00117_,6.77µm
_00123_,6.77µm
_00137_,6.77µm
_00377_,6.77µm
_00407_,6.77µm
_00412_,6.77µm
_00473_,6.77µm
_00492_,6.77µm
_00495_,6.77µm
_00564_,6.77µm
_00569_,6.77µm
_00681_,6.77µm
_00693_,6.77µm
_00756_,6.77µm
_00757_,6.77µm
_00879_,6.77µm
_00928_,6.77µm
_01005_,6.77µm
_01011_,6.77µm
_01016_,6.77µm
_01024_,6.77µm
_01081_,6.77µm
_01085_,6.77µm
_01086_,6.77µm
_01116_,6.77µm
_01151_,6.77µm
_01181_,6.77µm
_01190_,6.77µm
_01196_,6.77µm
_01364_,6.77µm
_01426_,6.77µm
_01486_,6.77µm
_01490_,6.77µm
_01496_,6.77µm
_01500_,6.77µm
_01510_,6.77µm
_01589_,6.77µm
_01599_,6.77µm
_01624_,6.77µm
_01717_,6.77µm
_01768_,6.77µm
_01771_,6.77µm
_01773_,6.77µm
_01803_,6.77µm
_01806_,6.77µm
_01881_,6.77µm
_01922_,6.77µm
_01948_,6.77µm
_02009_,6.77µm
_02024_,6.77µm
_02040_,6.77µm
_02053_,6.77µm
_02057_,6.77µm
_02081_,6.77µm
_02102_,6.77µm
_02119_,6.77µm
_02157_,6.77µm
_02217_,6.77µm
_02224_,6.77µm
_02239_,6.77µm
_02246_,6.77µm
_02258_,6.77µm
_02281_,6.77µm
_02340_,6.77µm
_02345_,6.77µm
_02362_,6.77µm
_02371_,6.77µm
_02372_,6.77µm
_02394_,6.77µm
_02396_,6.77µm
_02408_,6.77µm
_02530_,6.77µm
_02594_,6.77µm
_02654_,6.77µm
_02660_,6.77µm
_02863_,6.77µm
_02923_,6.77µm
_03004_,6.77µm
_03354_,6.77µm
_03452_,6.77µm
_03529_,6.77µm
_03574_,6.77µm
_03692_,6.77µm
_03955_,6.77µm
_04076_,6.77µm
_04084_,6.77µm
_04091_,6.77µm
_04106_,6.77µm
_04174_,6.77µm
_04178_,6.77µm
_04189_,6.77µm
_04254_,6.77µm
_04270_,6.77µm
_04337_,6.77µm
_04364_,6.77µm
_04458_,6.77µm
_04463_,6.77µm
_04493_,6.77µm
_04527_,6.77µm
_04543_,6.77µm
_04547_,6.77µm
_04676_,6.77µm
_04682_,6.77µm
_04690_,6.77µm
_04699_,6.77µm
_04710_,6.77µm
_04722_,6.77µm
_04723_,6.77µm
_04755_,6.77µm
_04778_,6.77µm
_04929_,6.77µm
_05105_,6.77µm
_05108_,6.77µm
_05144_,6.77µm
_05151_,6.77µm
_05163_,6.77µm
_05199_,6.77µm
_05218_,6.77µm
_05252_,6.77µm
_05687_,6.77µm
_05722_,6.77µm
_05810_,6.77µm
_05954_,6.77µm
_06237_,6.77µm
_06330_,6.77µm
_06426_,6.77µm
_06739_,6.77µm
_06820_,6.77µm
_07031_,6.77µm
_07108_,6.77µm
_07343_,6.77µm
_07677_,6.77µm
_08067_,6.77µm
_08150_,6.77µm
_08151_,6.77µm
_08238_,6.77µm
_08417_,6.77µm
_08418_,6.77µm
_08504_,6.77µm
_08630_,6.77µm
_08672_,6.77µm
_08926_,6.77µm
_09084_,6.77µm
_09087_,6.77µm
_09162_,6.77µm
_09621_,6.77µm
_09752_,6.77µm
_09794_,6.77µm
_10068_,6.77µm
_10587_,6.77µm
_10671_,6.77µm
_10886_,6.77µm
_10975_,6.77µm
_11082_,6.77µm
_11410_,6.77µm
_11427_,6.77µm
_11449_,6.77µm
_11587_,6.77µm
_11655_,6.77µm
_11715_,6.77µm
_11793_,6.77µm
_11865_,6.77µm
_11896_,6.77µm
_12010_,6.77µm
_12344_,6.77µm
_12568_,6.77µm
_13028_,6.77µm
_13058_,6.77µm
_13222_,6.77µm
_13226_,6.77µm
_13251_,6.77µm
_13279_,6.77µm
_13310_,6.77µm
_13378_,6.77µm
_13483_,6.77µm
_13568_,6.77µm
_13788_,6.77µm
_13963_,6.77µm
_14338_,6.77µm
_14436_,6.77µm
_14745_,6.77µm
_14946_,6.77µm
_15049_,6.77µm
_15096_,6.77µm
_15164_,6.77µm
_15185_,6.77µm
_15455_,6.77µm
_15761_,6.77µm
_15774_,6.77µm
_15942_,6.77µm
_15957_,6.77µm
_16201_,6.77µm
_16347_,6.77µm
_16383_,6.77µm
_16861_,6.77µm
_16872_,6.77µm
_17424_,6.77µm
_17435_,6.77µm
_17495_,6.77µm
_17814_,6.77µm
_17911_,6.77µm
_17918_,6.77µm
_17936_,6.77µm
_18299_,6.77µm
_18751_,6.77µm
_18864_,6.77µm
_19036_,6.77µm
_19456_,6.77µm
_19606_,6.77µm
_19729_,6.77µm
_20194_,6.77µm
_20212_,6.77µm
_20280_,6.77µm
_20367_,6.77µm
_20413_,6.77µm
_20470_,6.77µm
_20704_,6.77µm
_21040_,6.77µm
_21064_,6.77µm
_21195_,6.77µm
_21210_,6.77µm
_21328_,6.77µm
_21620_,6.77µm
_21852_,6.77µm
_22059_,6.77µm
_22121_,6.77µm
_22372_,6.77µm
_22379_,6.77µm
_22616_,6.77µm
_22622_,6.77µm
_22901_,6.77µm
_22902_,6.77µm
_23605_,6.77µm
_23609_,6.77µm
_23741_,6.77µm
_23994_,6.77µm
_24207_,6.77µm
_24255_,6.77µm
_24262_,6.77µm
_24333_,6.77µm
_24510_,6.77µm
_24513_,6.77µm
_24623_,6.77µm
_24781_,6.77µm
_24860_,6.77µm
_24861_,6.77µm
_24984_,6.77µm
_25325_,6.77µm
_25608_,6.77µm
_25666_,6.77µm
_25676_,6.77µm
_25815_,6.77µm
_25975_,6.77µm
_26023_,6.77µm
_26308_,6.77µm
_26487_,6.77µm
_26545_,6.77µm
_26549_,6.77µm
_26682_,6.77µm
_26963_,6.77µm
_27022_,6.77µm
_27198_,6.77µm
_27203_,6.77µm
_27205_,6.77µm
_27261_,6.77µm
_27275_,6.77µm
_27418_,6.77µm
_27499_,6.77µm
_27512_,6.77µm
_27824_,6.77µm
_27866_,6.77µm
_28368_,6.77µm
_28464_,6.77µm
_28465_,6.77µm
i_core_v_mini_mcu.ao_peripheral_subsystem_i.obi_fifo_i.consumer_data_req_q\[50\],6.77µm
i_core_v_mini_mcu.ao_peripheral_subsystem_i.obi_fifo_i.consumer_resp_i\[3\],6.77µm
i_core_v_mini_mcu.ao_peripheral_subsystem_i.power_manager_i.power_manager_reg_top_i.u_intr_state.wr_data\[17\],6.77µm
i_core_v_mini_mcu.ao_peripheral_subsystem_i.power_manager_i.power_manager_sequence_ram_0_iso_i.sequence_curr_state\[4\],6.77µm
i_core_v_mini_mcu.ao_peripheral_subsystem_i.tdu_i.park_req_pulse\[1\],6.77µm
i_core_v_mini_mcu.cpu_subsystem_i.cpu_0_0.i_servile.cpu.immdec.gen_immdec_w_eq_1.imm19_12_20\[0\],6.77µm
i_core_v_mini_mcu.cpu_subsystem_i.cpu_1_0.i_servile.arbiter.i_wb_cpu_dbus_adr\[10\],6.77µm
i_core_v_mini_mcu.peripheral_subsystem_i.obi_fifo_i.consumer_data_req\[26\],6.77µm
i_core_v_mini_mcu.peripheral_subsystem_i.uart_i.u_reg.u_reg_if.d_ack,6.77µm
i_core_v_mini_mcu.peripheral_subsystem_i.uart_i.uart_core.rx_fifo_depth_prev_q\[2\],6.77µm
i_core_v_mini_mcu.peripheral_subsystem_i.uart_i.uart_core.rx_timeout_count_q\[22\],6.77µm
i_core_v_mini_mcu.peripheral_subsystem_i.uart_i.uart_core.rx_timeout_count_q\[9\],6.77µm
i_core_v_mini_mcu.peripheral_subsystem_i.uart_i.uart_core.tx_out_q,6.77µm
i_core_v_mini_mcu.peripheral_subsystem_i.uart_i.uart_core.tx_uart_idle_q,6.77µm
i_core_v_mini_mcu.peripheral_subsystem_i.uart_i.uart_core.uart_tx.sreg_q\[0\],6.77µm
i_core_v_mini_mcu.peripheral_subsystem_i.uart_i.uart_core.uart_tx.sreg_q\[5\],6.77µm
i_core_v_mini_mcu.peripheral_subsystem_i.uart_i.uart_core.uart_tx.sreg_q\[7\],6.77µm
_00078_,6.72µm
_00112_,6.72µm
_00130_,6.72µm
_00170_,6.72µm
_00273_,6.72µm
_00331_,6.72µm
_00411_,6.72µm
_00413_,6.72µm
_00414_,6.72µm
_00438_,6.72µm
_00480_,6.72µm
_00528_,6.72µm
_00546_,6.72µm
_00571_,6.72µm
_00582_,6.72µm
_00589_,6.72µm
_00590_,6.72µm
_00599_,6.72µm
_00616_,6.72µm
_00629_,6.72µm
_00634_,6.72µm
_00644_,6.72µm
_00713_,6.72µm
_00770_,6.72µm
_00825_,6.72µm
_00856_,6.72µm
_00863_,6.72µm
_00865_,6.72µm
_00892_,6.72µm
_00998_,6.72µm
_01002_,6.72µm
_01051_,6.72µm
_01053_,6.72µm
_01115_,6.72µm
_01120_,6.72µm
_01182_,6.72µm
_01187_,6.72µm
_01219_,6.72µm
_01284_,6.72µm
_01293_,6.72µm
_01297_,6.72µm
_01309_,6.72µm
_01352_,6.72µm
_01354_,6.72µm
_01377_,6.72µm
_01512_,6.72µm
_01628_,6.72µm
_01656_,6.72µm
_01714_,6.72µm
_01759_,6.72µm
_01763_,6.72µm
_01842_,6.72µm
_01863_,6.72µm
_01924_,6.72µm
_01953_,6.72µm
_01969_,6.72µm
_02015_,6.72µm
_02104_,6.72µm
_02117_,6.72µm
_02136_,6.72µm
_02162_,6.72µm
_02254_,6.72µm
_02282_,6.72µm
_02329_,6.72µm
_02373_,6.72µm
_02470_,6.72µm
_02485_,6.72µm
_02502_,6.72µm
_02519_,6.72µm
_02533_,6.72µm
_02597_,6.72µm
_02624_,6.72µm
_02631_,6.72µm
_02656_,6.72µm
_02690_,6.72µm
_02691_,6.72µm
_02696_,6.72µm
_02706_,6.72µm
_02746_,6.72µm
_02782_,6.72µm
_02822_,6.72µm
_02842_,6.72µm
_02886_,6.72µm
_02933_,6.72µm
_02942_,6.72µm
_03013_,6.72µm
_03027_,6.72µm
_03037_,6.72µm
_03052_,6.72µm
_03053_,6.72µm
_03084_,6.72µm
_03087_,6.72µm
_03099_,6.72µm
_03131_,6.72µm
_03149_,6.72µm
_03155_,6.72µm
_03172_,6.72µm
_03216_,6.72µm
_03220_,6.72µm
_03221_,6.72µm
_03241_,6.72µm
_03258_,6.72µm
_03269_,6.72µm
_03297_,6.72µm
_03302_,6.72µm
_03322_,6.72µm
_03323_,6.72µm
_03334_,6.72µm
_03344_,6.72µm
_03345_,6.72µm
_03389_,6.72µm
_03399_,6.72µm
_03401_,6.72µm
_03488_,6.72µm
_03514_,6.72µm
_03515_,6.72µm
_03517_,6.72µm
_03524_,6.72µm
_03531_,6.72µm
_03589_,6.72µm
_03597_,6.72µm
_03605_,6.72µm
_03626_,6.72µm
_03649_,6.72µm
_03651_,6.72µm
_03683_,6.72µm
_03721_,6.72µm
_03785_,6.72µm
_03809_,6.72µm
_03817_,6.72µm
_03863_,6.72µm
_03876_,6.72µm
_03881_,6.72µm
_03886_,6.72µm
_03906_,6.72µm
_03913_,6.72µm
_03918_,6.72µm
_03964_,6.72µm
_03966_,6.72µm
_03981_,6.72µm
_04015_,6.72µm
_04018_,6.72µm
_04019_,6.72µm
_04032_,6.72µm
_04070_,6.72µm
_04072_,6.72µm
_04099_,6.72µm
_04163_,6.72µm
_04166_,6.72µm
_04195_,6.72µm
_04196_,6.72µm
_04207_,6.72µm
_04263_,6.72µm
_04307_,6.72µm
_04320_,6.72µm
_04325_,6.72µm
_04428_,6.72µm
_04440_,6.72µm
_04446_,6.72µm
_04501_,6.72µm
_04519_,6.72µm
_04523_,6.72µm
_04540_,6.72µm
_04561_,6.72µm
_04612_,6.72µm
_04677_,6.72µm
_04716_,6.72µm
_04743_,6.72µm
_04849_,6.72µm
_04862_,6.72µm
_04863_,6.72µm
_04899_,6.72µm
_04946_,6.72µm
_04950_,6.72µm
_04972_,6.72µm
_05016_,6.72µm
_05028_,6.72µm
_05153_,6.72µm
_05318_,6.72µm
_05349_,6.72µm
_05352_,6.72µm
_05368_,6.72µm
_05399_,6.72µm
_05559_,6.72µm
_05564_,6.72µm
_05599_,6.72µm
_05662_,6.72µm
_05745_,6.72µm
_05753_,6.72µm
_05933_,6.72µm
_06009_,6.72µm
_06038_,6.72µm
_06051_,6.72µm
_06184_,6.72µm
_06211_,6.72µm
_06242_,6.72µm
_06323_,6.72µm
_06372_,6.72µm
_06374_,6.72µm
_06447_,6.72µm
_06712_,6.72µm
_07007_,6.72µm
_07040_,6.72µm
_07265_,6.72µm
_07554_,6.72µm
_07575_,6.72µm
_07628_,6.72µm
_07701_,6.72µm
_07971_,6.72µm
_07975_,6.72µm
_08267_,6.72µm
_08629_,6.72µm
_08684_,6.72µm
_08703_,6.72µm
_08719_,6.72µm
_08948_,6.72µm
_08972_,6.72µm
_08977_,6.72µm
_09071_,6.72µm
_09229_,6.72µm
_09272_,6.72µm
_09362_,6.72µm
_09367_,6.72µm
_09633_,6.72µm
_09700_,6.72µm
_10508_,6.72µm
_10529_,6.72µm
_10629_,6.72µm
_10699_,6.72µm
_10701_,6.72µm
_10775_,6.72µm
_10795_,6.72µm
_10800_,6.72µm
_10887_,6.72µm
_11298_,6.72µm
_11342_,6.72µm
_11394_,6.72µm
_11504_,6.72µm
_11611_,6.72µm
_11691_,6.72µm
_11701_,6.72µm
_11770_,6.72µm
_11906_,6.72µm
_11909_,6.72µm
_12048_,6.72µm
_12095_,6.72µm
_12096_,6.72µm
_12103_,6.72µm
_12206_,6.72µm
_12290_,6.72µm
_12410_,6.72µm
_12433_,6.72µm
_12523_,6.72µm
_12525_,6.72µm
_12580_,6.72µm
_12674_,6.72µm
_12776_,6.72µm
_12873_,6.72µm
_12898_,6.72µm
_12915_,6.72µm
_12987_,6.72µm
_13002_,6.72µm
_13029_,6.72µm
_13282_,6.72µm
_13397_,6.72µm
_13537_,6.72µm
_13543_,6.72µm
_13580_,6.72µm
_13610_,6.72µm
_13714_,6.72µm
_13722_,6.72µm
_13863_,6.72µm
_13909_,6.72µm
_14107_,6.72µm
_14152_,6.72µm
_14154_,6.72µm
_14156_,6.72µm
_14180_,6.72µm
_14185_,6.72µm
_14241_,6.72µm
_14292_,6.72µm
_14308_,6.72µm
_14342_,6.72µm
_14498_,6.72µm
_14583_,6.72µm
_14661_,6.72µm
_14714_,6.72µm
_14792_,6.72µm
_14878_,6.72µm
_14915_,6.72µm
_14958_,6.72µm
_14968_,6.72µm
_15082_,6.72µm
_15090_,6.72µm
_15129_,6.72µm
_15148_,6.72µm
_15257_,6.72µm
_15309_,6.72µm
_15315_,6.72µm
_15335_,6.72µm
_15355_,6.72µm
_15382_,6.72µm
_15385_,6.72µm
_15429_,6.72µm
_15474_,6.72µm
_15548_,6.72µm
_15554_,6.72µm
_15786_,6.72µm
_15838_,6.72µm
_16110_,6.72µm
_16119_,6.72µm
_16196_,6.72µm
_16371_,6.72µm
_16405_,6.72µm
_16456_,6.72µm
_16591_,6.72µm
_16648_,6.72µm
_16780_,6.72µm
_16795_,6.72µm
_16876_,6.72µm
_16879_,6.72µm
_16983_,6.72µm
_17006_,6.72µm
_17168_,6.72µm
_17171_,6.72µm
_17223_,6.72µm
_17274_,6.72µm
_17306_,6.72µm
_17309_,6.72µm
_17321_,6.72µm
_17465_,6.72µm
_17497_,6.72µm
_17512_,6.72µm
_17613_,6.72µm
_17854_,6.72µm
_17995_,6.72µm
_18282_,6.72µm
_18393_,6.72µm
_18499_,6.72µm
_18692_,6.72µm
_18727_,6.72µm
_18788_,6.72µm
_18801_,6.72µm
_18811_,6.72µm
_18813_,6.72µm
_18833_,6.72µm
_18847_,6.72µm
_18884_,6.72µm
_18899_,6.72µm
_18911_,6.72µm
_18952_,6.72µm
_18955_,6.72µm
_18989_,6.72µm
_19020_,6.72µm
_19051_,6.72µm
_19066_,6.72µm
_19092_,6.72µm
_19110_,6.72µm
_19118_,6.72µm
_19158_,6.72µm
_19177_,6.72µm
_19181_,6.72µm
_19199_,6.72µm
_19234_,6.72µm
_19261_,6.72µm
_19283_,6.72µm
_19285_,6.72µm
_19293_,6.72µm
_19295_,6.72µm
_19314_,6.72µm
_19317_,6.72µm
_19383_,6.72µm
_19384_,6.72µm
_19400_,6.72µm
_19417_,6.72µm
_19461_,6.72µm
_19506_,6.72µm
_19509_,6.72µm
_19556_,6.72µm
_19609_,6.72µm
_19657_,6.72µm
_19660_,6.72µm
_19677_,6.72µm
_19709_,6.72µm
_19718_,6.72µm
_19727_,6.72µm
_19738_,6.72µm
_19760_,6.72µm
_19847_,6.72µm
_19856_,6.72µm
_19871_,6.72µm
_19946_,6.72µm
_19970_,6.72µm
_19985_,6.72µm
_19987_,6.72µm
_20122_,6.72µm
_20134_,6.72µm
_20136_,6.72µm
_20206_,6.72µm
_20260_,6.72µm
_20261_,6.72µm
_20270_,6.72µm
_20331_,6.72µm
_20338_,6.72µm
_20378_,6.72µm
_20427_,6.72µm
_20504_,6.72µm
_20509_,6.72µm
_20512_,6.72µm
_20522_,6.72µm
_20527_,6.72µm
_20651_,6.72µm
_20698_,6.72µm
_20830_,6.72µm
_20850_,6.72µm
_20860_,6.72µm
_20914_,6.72µm
_20977_,6.72µm
_20981_,6.72µm
_21023_,6.72µm
_21079_,6.72µm
_21179_,6.72µm
_21281_,6.72µm
_21409_,6.72µm
_21412_,6.72µm
_21434_,6.72µm
_21500_,6.72µm
_21504_,6.72µm
_21875_,6.72µm
_21991_,6.72µm
_22067_,6.72µm
_22110_,6.72µm
_22153_,6.72µm
_22161_,6.72µm
_22254_,6.72µm
_22289_,6.72µm
_22321_,6.72µm
_22455_,6.72µm
_22456_,6.72µm
_22464_,6.72µm
_22528_,6.72µm
_22612_,6.72µm
_22665_,6.72µm
_22847_,6.72µm
_22898_,6.72µm
_22951_,6.72µm
_23182_,6.72µm
_23387_,6.72µm
_23454_,6.72µm
_23493_,6.72µm
_23501_,6.72µm
_23565_,6.72µm
_23604_,6.72µm
_23955_,6.72µm
_24098_,6.72µm
_24108_,6.72µm
_24150_,6.72µm
_24164_,6.72µm
_24167_,6.72µm
_24267_,6.72µm
_24297_,6.72µm
_24330_,6.72µm
_24367_,6.72µm
_24437_,6.72µm
_24486_,6.72µm
_24527_,6.72µm
_24609_,6.72µm
_24710_,6.72µm
_24823_,6.72µm
_24986_,6.72µm
_25028_,6.72µm
_25042_,6.72µm
_25108_,6.72µm
_25154_,6.72µm
_25158_,6.72µm
_25218_,6.72µm
_25259_,6.72µm
_25416_,6.72µm
_25429_,6.72µm
_25480_,6.72µm
_25575_,6.72µm
_25628_,6.72µm
_25774_,6.72µm
_26109_,6.72µm
_26158_,6.72µm
_26175_,6.72µm
_26206_,6.72µm
_26271_,6.72µm
_26295_,6.72µm
_26382_,6.72µm
_26418_,6.72µm
_26453_,6.72µm
_26481_,6.72µm
_26584_,6.72µm
_26670_,6.72µm
_26735_,6.72µm
_26743_,6.72µm
_26754_,6.72µm
_26790_,6.72µm
_26830_,6.72µm
_26838_,6.72µm
_26951_,6.72µm
_27060_,6.72µm
_27232_,6.72µm
_27279_,6.72µm
_27343_,6.72µm
_27347_,6.72µm
_27461_,6.72µm
_27567_,6.72µm
_27684_,6.72µm
_27745_,6.72µm
_27763_,6.72µm
_27778_,6.72µm
_27782_,6.72µm
_27796_,6.72µm
_27811_,6.72µm
_27835_,6.72µm
_27852_,6.72µm
_27922_,6.72µm
_28176_,6.72µm
_28206_,6.72µm
_28225_,6.72µm
_28283_,6.72µm
_28287_,6.72µm
_28299_,6.72µm
_28466_,6.72µm
i_core_v_mini_mcu.ao_peripheral_subsystem_i.power_manager_i.power_manager_reg_top_i.u_intr_state.wr_data\[23\],6.72µm
i_core_v_mini_mcu.ao_peripheral_subsystem_i.power_manager_i.power_manager_reg_top_i.u_intr_state.wr_data\[28\],6.72µm
i_core_v_mini_mcu.ao_peripheral_subsystem_i.tdu_i.active_hart_cycles_q\[12\],6.72µm
i_core_v_mini_mcu.cpu_subsystem_i.cpu_0_0.rf_ram_i.memory\[429\]\[1\],6.72µm
i_core_v_mini_mcu.cpu_subsystem_i.cpu_0_0.rf_ram_i.memory\[500\]\[1\],6.72µm
i_core_v_mini_mcu.cpu_subsystem_i.cpu_0_0.rf_ram_i.memory\[527\]\[1\],6.72µm
i_core_v_mini_mcu.cpu_subsystem_i.cpu_0_0.rf_ram_i.memory\[76\]\[0\],6.72µm
i_core_v_mini_mcu.cpu_subsystem_i.cpu_0_0.rf_ram_i.rdata\[0\],6.72µm
i_core_v_mini_mcu.memory_subsystem_i.ram0_i.tc_ram_i.sram\[7\]\[18\],6.72µm
i_core_v_mini_mcu.peripheral_subsystem_i.uart_i.uart_core.u_uart_rxfifo.gen_normal_fifo.storage\[6\],6.72µm
net1683,6.72µm
_27129_,6.44µm
i_core_v_mini_mcu.cpu_subsystem_i.cpu_0_0.rf_ram_i.memory\[523\]\[0\],6.44µm
_02565_,6.31µm
_03706_,6.31µm
_06356_,6.31µm
_13024_,6.31µm
_22914_,6.31µm
_23259_,6.31µm
_27033_,6.31µm
_00043_,6.26µm
_00105_,6.26µm
_00135_,6.26µm
_00180_,6.26µm
_03725_,6.26µm
_04164_,6.26µm
_04227_,6.26µm
_04291_,6.26µm
_04650_,6.26µm
_04687_,6.26µm
_04688_,6.26µm
_04696_,6.26µm
_04697_,6.26µm
_04777_,6.26µm
_05186_,6.26µm
_05241_,6.26µm
_05502_,6.26µm
_05528_,6.26µm
_05533_,6.26µm
_05968_,6.26µm
_06135_,6.26µm
_06307_,6.26µm
_06399_,6.26µm
_07066_,6.26µm
_07319_,6.26µm
_07511_,6.26µm
_07591_,6.26µm
_08276_,6.26µm
_09149_,6.26µm
_09186_,6.26µm
_09407_,6.26µm
_09532_,6.26µm
_09869_,6.26µm
_10051_,6.26µm
_10128_,6.26µm
_10812_,6.26µm
_11820_,6.26µm
_12068_,6.26µm
_12145_,6.26µm
_12269_,6.26µm
_12707_,6.26µm
_13150_,6.26µm
_13301_,6.26µm
_13687_,6.26µm
_14466_,6.26µm
_15259_,6.26µm
_15296_,6.26µm
_15328_,6.26µm
_15644_,6.26µm
_16280_,6.26µm
_16726_,6.26µm
_16751_,6.26µm
_17412_,6.26µm
_18266_,6.26µm
_18809_,6.26µm
_19260_,6.26µm
_19470_,6.26µm
_20129_,6.26µm
_20593_,6.26µm
_20605_,6.26µm
_20907_,6.26µm
_20909_,6.26µm
_21166_,6.26µm
_21837_,6.26µm
_22240_,6.26µm
_22614_,6.26µm
_22666_,6.26µm
_22822_,6.26µm
_22926_,6.26µm
_22987_,6.26µm
_23104_,6.26µm
_23285_,6.26µm
_23316_,6.26µm
_23356_,6.26µm
_23615_,6.26µm
_23855_,6.26µm
_24028_,6.26µm
_24521_,6.26µm
_24568_,6.26µm
_24679_,6.26µm
_25165_,6.26µm
_25742_,6.26µm
_26043_,6.26µm
_26097_,6.26µm
_26360_,6.26µm
_26374_,6.26µm
_26437_,6.26µm
_26678_,6.26µm
_26848_,6.26µm
_26849_,6.26µm
_26887_,6.26µm
_27009_,6.26µm
_27138_,6.26µm
_27555_,6.26µm
_27568_,6.26µm
_27744_,6.26µm
_27985_,6.26µm
_28199_,6.26µm
_28210_,6.26µm
_28228_,6.26µm
i_core_v_mini_mcu.ao_peripheral_subsystem_i.obi_fifo_i.consumer_data_req_q\[22\],6.26µm
i_core_v_mini_mcu.cpu_subsystem_i.cpu_0_0.rf_ram_i.memory\[536\]\[0\],6.26µm
i_core_v_mini_mcu.memory_subsystem_i.ram0_i.tc_ram_i.sram\[26\]\[21\],6.26µm
i_core_v_mini_mcu.memory_subsystem_i.ram0_i.tc_ram_i.sram\[31\]\[0\],6.26µm
i_core_v_mini_mcu.memory_subsystem_i.ram0_i.tc_ram_i.sram\[31\]\[7\],6.26µm
i_core_v_mini_mcu.memory_subsystem_i.ram0_i.tc_ram_i.sram\[8\]\[26\],6.26µm
_00066_,6.21µm
_00146_,6.21µm
_00253_,6.21µm
_00482_,6.21µm
_00594_,6.21µm
_00597_,6.21µm
_00636_,6.21µm
_00712_,6.21µm
_00809_,6.21µm
_00965_,6.21µm
_01008_,6.21µm
_01044_,6.21µm
_01130_,6.21µm
_01138_,6.21µm
_01156_,6.21µm
_01188_,6.21µm
_01248_,6.21µm
_01330_,6.21µm
_01356_,6.21µm
_01369_,6.21µm
_01527_,6.21µm
_01614_,6.21µm
_01671_,6.21µm
_01700_,6.21µm
_01716_,6.21µm
_01741_,6.21µm
_01781_,6.21µm
_01837_,6.21µm
_02051_,6.21µm
_02087_,6.21µm
_02092_,6.21µm
_02128_,6.21µm
_02130_,6.21µm
_02185_,6.21µm
_02287_,6.21µm
_02289_,6.21µm
_02320_,6.21µm
_02326_,6.21µm
_02331_,6.21µm
_02417_,6.21µm
_02509_,6.21µm
_02559_,6.21µm
_02570_,6.21µm
_02582_,6.21µm
_02589_,6.21µm
_02951_,6.21µm
_03018_,6.21µm
_03309_,6.21µm
_03374_,6.21µm
_03458_,6.21µm
_03519_,6.21µm
_03826_,6.21µm
_03880_,6.21µm
_04115_,6.21µm
_04134_,6.21µm
_04138_,6.21µm
_04205_,6.21µm
_04211_,6.21µm
_04218_,6.21µm
_04266_,6.21µm
_04274_,6.21µm
_04285_,6.21µm
_04388_,6.21µm
_04394_,6.21µm
_04401_,6.21µm
_04454_,6.21µm
_04490_,6.21µm
_04492_,6.21µm
_04524_,6.21µm
_04595_,6.21µm
_04608_,6.21µm
_04686_,6.21µm
_04809_,6.21µm
_04821_,6.21µm
_04978_,6.21µm
_04984_,6.21µm
_05017_,6.21µm
_05083_,6.21µm
_05137_,6.21µm
_05152_,6.21µm
_05158_,6.21µm
_05161_,6.21µm
_05196_,6.21µm
_05226_,6.21µm
_05343_,6.21µm
_05346_,6.21µm
_05363_,6.21µm
_05379_,6.21µm
_05508_,6.21µm
_05677_,6.21µm
_05751_,6.21µm
_05789_,6.21µm
_05853_,6.21µm
_05857_,6.21µm
_05869_,6.21µm
_05997_,6.21µm
_06052_,6.21µm
_06220_,6.21µm
_06283_,6.21µm
_06853_,6.21µm
_07312_,6.21µm
_07398_,6.21µm
_07653_,6.21µm
_07807_,6.21µm
_07883_,6.21µm
_07901_,6.21µm
_07926_,6.21µm
_08341_,6.21µm
_08347_,6.21µm
_08592_,6.21µm
_08760_,6.21µm
_08797_,6.21µm
_08845_,6.21µm
_08866_,6.21µm
_08921_,6.21µm
_09003_,6.21µm
_09038_,6.21µm
_09039_,6.21µm
_09103_,6.21µm
_09542_,6.21µm
_09546_,6.21µm
_09689_,6.21µm
_09900_,6.21µm
_10039_,6.21µm
_10142_,6.21µm
_10188_,6.21µm
_10282_,6.21µm
_10399_,6.21µm
_10491_,6.21µm
_10802_,6.21µm
_10834_,6.21µm
_10877_,6.21µm
_10955_,6.21µm
_11109_,6.21µm
_11141_,6.21µm
_11167_,6.21µm
_11246_,6.21µm
_11348_,6.21µm
_11349_,6.21µm
_11368_,6.21µm
_11401_,6.21µm
_11460_,6.21µm
_11547_,6.21µm
_11621_,6.21µm
_11747_,6.21µm
_11866_,6.21µm
_11913_,6.21µm
_11918_,6.21µm
_12132_,6.21µm
_12208_,6.21µm
_12209_,6.21µm
_12317_,6.21µm
_12336_,6.21µm
_12459_,6.21µm
_12866_,6.21µm
_12894_,6.21µm
_13091_,6.21µm
_13171_,6.21µm
_13183_,6.21µm
_13484_,6.21µm
_13487_,6.21µm
_13502_,6.21µm
_13531_,6.21µm
_13565_,6.21µm
_13665_,6.21µm
_13706_,6.21µm
_13757_,6.21µm
_13943_,6.21µm
_13970_,6.21µm
_14310_,6.21µm
_14449_,6.21µm
_14626_,6.21µm
_15218_,6.21µm
_15414_,6.21µm
_15488_,6.21µm
_15507_,6.21µm
_15551_,6.21µm
_15578_,6.21µm
_15765_,6.21µm
_15768_,6.21µm
_15795_,6.21µm
_15924_,6.21µm
_16214_,6.21µm
_16450_,6.21µm
_16995_,6.21µm
_17154_,6.21µm
_17427_,6.21µm
_17475_,6.21µm
_17593_,6.21µm
_17630_,6.21µm
_17945_,6.21µm
_18129_,6.21µm
_18322_,6.21µm
_18365_,6.21µm
_18474_,6.21µm
_18694_,6.21µm
_18840_,6.21µm
_18909_,6.21µm
_18945_,6.21µm
_19053_,6.21µm
_19305_,6.21µm
_19558_,6.21µm
_19656_,6.21µm
_20013_,6.21µm
_20083_,6.21µm
_20132_,6.21µm
_20317_,6.21µm
_20879_,6.21µm
_20891_,6.21µm
_21157_,6.21µm
_21228_,6.21µm
_21295_,6.21µm
_21303_,6.21µm
_21368_,6.21µm
_21431_,6.21µm
_21566_,6.21µm
_21603_,6.21µm
_21614_,6.21µm
_21641_,6.21µm
_21689_,6.21µm
_21741_,6.21µm
_21823_,6.21µm
_21853_,6.21µm
_21902_,6.21µm
_21939_,6.21µm
_22112_,6.21µm
_22154_,6.21µm
_22179_,6.21µm
_22193_,6.21µm
_22445_,6.21µm
_22474_,6.21µm
_22584_,6.21µm
_22689_,6.21µm
_22760_,6.21µm
_22777_,6.21µm
_22839_,6.21µm
_22960_,6.21µm
_22990_,6.21µm
_23188_,6.21µm
_23458_,6.21µm
_23461_,6.21µm
_23566_,6.21µm
_23581_,6.21µm
_23658_,6.21µm
_23678_,6.21µm
_23729_,6.21µm
_23992_,6.21µm
_24020_,6.21µm
_24061_,6.21µm
_24097_,6.21µm
_24238_,6.21µm
_24291_,6.21µm
_24321_,6.21µm
_24514_,6.21µm
_24621_,6.21µm
_24671_,6.21µm
_24847_,6.21µm
_25171_,6.21µm
_25703_,6.21µm
_25724_,6.21µm
_25729_,6.21µm
_25775_,6.21µm
_25780_,6.21µm
_25827_,6.21µm
_26255_,6.21µm
_26325_,6.21µm
_26329_,6.21µm
_26331_,6.21µm
_26426_,6.21µm
_26465_,6.21µm
_26583_,6.21µm
_26619_,6.21µm
_26635_,6.21µm
_26814_,6.21µm
_26927_,6.21µm
_26955_,6.21µm
_27023_,6.21µm
_27215_,6.21µm
_27251_,6.21µm
_27372_,6.21µm
_27868_,6.21µm
_27952_,6.21µm
_28016_,6.21µm
_28094_,6.21µm
_28234_,6.21µm
_28375_,6.21µm
i_core_v_mini_mcu.ao_peripheral_subsystem_i.obi_fifo_i.consumer_data_req\[35\],6.21µm
i_core_v_mini_mcu.ao_peripheral_subsystem_i.obi_fifo_i.consumer_resp_i\[28\],6.21µm
i_core_v_mini_mcu.ao_peripheral_subsystem_i.power_manager_i.power_manager_reg_top_i.cpu_switch_off_counter_qs\[9\],6.21µm
i_core_v_mini_mcu.ao_peripheral_subsystem_i.power_manager_i.power_manager_sequence_periph_reset_i.sequence_curr_state\[1\],6.21µm
i_core_v_mini_mcu.ao_peripheral_subsystem_i.spi_subsystem_i.obi_spimemio_i.obi_to_picorv32_i.obi_resp_o\[17\],6.21µm
i_core_v_mini_mcu.cpu_subsystem_i.cpu_0_0.rf_ram_i.memory\[70\]\[0\],6.21µm
i_core_v_mini_mcu.peripheral_subsystem_i.uart_i.hw2reg\[2\],6.21µm
i_core_v_mini_mcu.peripheral_subsystem_i.uart_i.uart_core.rx_watermark_prev_q,6.21µm
i_core_v_mini_mcu.peripheral_subsystem_i.uart_i.uart_core.uart_tx.sreg_q\[3\],6.21µm
_00050_,6.16µm
_00081_,6.16µm
_00169_,6.16µm
_00195_,6.16µm
_00214_,6.16µm
_00264_,6.16µm
_00283_,6.16µm
_00318_,6.16µm
_00326_,6.16µm
_00382_,6.16µm
_00405_,6.16µm
_00422_,6.16µm
_00484_,6.16µm
_00533_,6.16µm
_00544_,6.16µm
_00563_,6.16µm
_00613_,6.16µm
_00705_,6.16µm
_00706_,6.16µm
_00720_,6.16µm
_00783_,6.16µm
_00786_,6.16µm
_00801_,6.16µm
_00806_,6.16µm
_00812_,6.16µm
_00820_,6.16µm
_00885_,6.16µm
_00903_,6.16µm
_00905_,6.16µm
_00934_,6.16µm
_00969_,6.16µm
_00992_,6.16µm
_01015_,6.16µm
_01070_,6.16µm
_01100_,6.16µm
_01136_,6.16µm
_01209_,6.16µm
_01216_,6.16µm
_01275_,6.16µm
_01338_,6.16µm
_01351_,6.16µm
_01394_,6.16µm
_01537_,6.16µm
_01558_,6.16µm
_01594_,6.16µm
_01649_,6.16µm
_01658_,6.16µm
_01835_,6.16µm
_01997_,6.16µm
_02049_,6.16µm
_02161_,6.16µm
_02232_,6.16µm
_02247_,6.16µm
_02268_,6.16µm
_02400_,6.16µm
_02489_,6.16µm
_02506_,6.16µm
_02532_,6.16µm
_02555_,6.16µm
_02668_,6.16µm
_02753_,6.16µm
_02759_,6.16µm
_02769_,6.16µm
_02776_,6.16µm
_02783_,6.16µm
_02785_,6.16µm
_02786_,6.16µm
_02787_,6.16µm
_02794_,6.16µm
_02805_,6.16µm
_02811_,6.16µm
_02858_,6.16µm
_02862_,6.16µm
_02869_,6.16µm
_02887_,6.16µm
_02895_,6.16µm
_02956_,6.16µm
_02958_,6.16µm
_02972_,6.16µm
_02988_,6.16µm
_03019_,6.16µm
_03081_,6.16µm
_03091_,6.16µm
_03095_,6.16µm
_03098_,6.16µm
_03107_,6.16µm
_03108_,6.16µm
_03109_,6.16µm
_03133_,6.16µm
_03136_,6.16µm
_03141_,6.16µm
_03144_,6.16µm
_03158_,6.16µm
_03166_,6.16µm
_03174_,6.16µm
_03185_,6.16µm
_03186_,6.16µm
_03191_,6.16µm
_03192_,6.16µm
_03196_,6.16µm
_03203_,6.16µm
_03207_,6.16µm
_03231_,6.16µm
_03236_,6.16µm
_03253_,6.16µm
_03273_,6.16µm
_03283_,6.16µm
_03285_,6.16µm
_03292_,6.16µm
_03311_,6.16µm
_03326_,6.16µm
_03336_,6.16µm
_03340_,6.16µm
_03351_,6.16µm
_03361_,6.16µm
_03413_,6.16µm
_03414_,6.16µm
_03416_,6.16µm
_03427_,6.16µm
_03436_,6.16µm
_03442_,6.16µm
_03509_,6.16µm
_03518_,6.16µm
_03537_,6.16µm
_03562_,6.16µm
_03621_,6.16µm
_03640_,6.16µm
_03654_,6.16µm
_03658_,6.16µm
_03666_,6.16µm
_03667_,6.16µm
_03840_,6.16µm
_03859_,6.16µm
_03921_,6.16µm
_03939_,6.16µm
_03949_,6.16µm
_03952_,6.16µm
_04057_,6.16µm
_04149_,6.16µm
_04153_,6.16µm
_04169_,6.16µm
_04296_,6.16µm
_04332_,6.16µm
_04366_,6.16µm
_04478_,6.16µm
_04580_,6.16µm
_04597_,6.16µm
_04615_,6.16µm
_04619_,6.16µm
_04625_,6.16µm
_04648_,6.16µm
_04704_,6.16µm
_04718_,6.16µm
_04761_,6.16µm
_04823_,6.16µm
_04841_,6.16µm
_04872_,6.16µm
_04951_,6.16µm
_05138_,6.16µm
_05150_,6.16µm
_05171_,6.16µm
_05191_,6.16µm
_05245_,6.16µm
_05298_,6.16µm
_05382_,6.16µm
_05400_,6.16µm
_05494_,6.16µm
_05553_,6.16µm
_05914_,6.16µm
_06096_,6.16µm
_06235_,6.16µm
_06250_,6.16µm
_06253_,6.16µm
_06285_,6.16µm
_06539_,6.16µm
_06560_,6.16µm
_06797_,6.16µm
_07006_,6.16µm
_07053_,6.16µm
_07123_,6.16µm
_07762_,6.16µm
_07791_,6.16µm
_07944_,6.16µm
_07992_,6.16µm
_08193_,6.16µm
_08374_,6.16µm
_08392_,6.16µm
_08515_,6.16µm
_08582_,6.16µm
_08605_,6.16µm
_08662_,6.16µm
_08700_,6.16µm
_08968_,6.16µm
_09000_,6.16µm
_09036_,6.16µm
_09140_,6.16µm
_09210_,6.16µm
_09525_,6.16µm
_09549_,6.16µm
_09563_,6.16µm
_09572_,6.16µm
_09693_,6.16µm
_09725_,6.16µm
_09760_,6.16µm
_10126_,6.16µm
_10191_,6.16µm
_10239_,6.16µm
_10404_,6.16µm
_10960_,6.16µm
_10967_,6.16µm
_10993_,6.16µm
_11024_,6.16µm
_11110_,6.16µm
_11121_,6.16µm
_11146_,6.16µm
_11237_,6.16µm
_11308_,6.16µm
_11370_,6.16µm
_11503_,6.16µm
_11665_,6.16µm
_11721_,6.16µm
_11787_,6.16µm
_11789_,6.16µm
_12022_,6.16µm
_12069_,6.16µm
_12071_,6.16µm
_12099_,6.16µm
_12121_,6.16µm
_12139_,6.16µm
_12168_,6.16µm
_12519_,6.16µm
_12657_,6.16µm
_12689_,6.16µm
_12772_,6.16µm
_12806_,6.16µm
_12904_,6.16µm
_12997_,6.16µm
_13061_,6.16µm
_13089_,6.16µm
_13122_,6.16µm
_13159_,6.16µm
_13241_,6.16µm
_13262_,6.16µm
_13291_,6.16µm
_13307_,6.16µm
_13331_,6.16µm
_13381_,6.16µm
_13433_,6.16µm
_13517_,6.16µm
_13637_,6.16µm
_13668_,6.16µm
_13715_,6.16µm
_13718_,6.16µm
_13752_,6.16µm
_13846_,6.16µm
_13856_,6.16µm
_13871_,6.16µm
_13948_,6.16µm
_14234_,6.16µm
_14238_,6.16µm
_14439_,6.16µm
_14554_,6.16µm
_14565_,6.16µm
_14592_,6.16µm
_14723_,6.16µm
_14741_,6.16µm
_14756_,6.16µm
_14800_,6.16µm
_14983_,6.16µm
_15245_,6.16µm
_15278_,6.16µm
_15388_,6.16µm
_15835_,6.16µm
_15903_,6.16µm
_16145_,6.16µm
_16174_,6.16µm
_16384_,6.16µm
_16439_,6.16µm
_16568_,6.16µm
_16574_,6.16µm
_16688_,6.16µm
_16733_,6.16µm
_16987_,6.16µm
_17310_,6.16µm
_17801_,6.16µm
_18029_,6.16µm
_18269_,6.16µm
_18452_,6.16µm
_18461_,6.16µm
_18543_,6.16µm
_18569_,6.16µm
_18850_,6.16µm
_18953_,6.16µm
_19214_,6.16µm
_19430_,6.16µm
_19481_,6.16µm
_19566_,6.16µm
_19637_,6.16µm
_19778_,6.16µm
_19823_,6.16µm
_19874_,6.16µm
_19927_,6.16µm
_19989_,6.16µm
_20213_,6.16µm
_20241_,6.16µm
_20262_,6.16µm
_20370_,6.16µm
_20380_,6.16µm
_20492_,6.16µm
_20756_,6.16µm
_20786_,6.16µm
_20837_,6.16µm
_21174_,6.16µm
_21443_,6.16µm
_21479_,6.16µm
_21531_,6.16µm
_21573_,6.16µm
_21585_,6.16µm
_21607_,6.16µm
_21650_,6.16µm
_21858_,6.16µm
_21978_,6.16µm
_22124_,6.16µm
_22293_,6.16µm
_22340_,6.16µm
_22350_,6.16µm
_22414_,6.16µm
_22449_,6.16µm
_22502_,6.16µm
_22534_,6.16µm
_22564_,6.16µm
_22797_,6.16µm
_22812_,6.16µm
_22870_,6.16µm
_22996_,6.16µm
_23137_,6.16µm
_23208_,6.16µm
_23417_,6.16µm
_23525_,6.16µm
_23567_,6.16µm
_23593_,6.16µm
_23685_,6.16µm
_23697_,6.16µm
_23811_,6.16µm
_23914_,6.16µm
_23937_,6.16µm
_24045_,6.16µm
_24144_,6.16µm
_24202_,6.16µm
_24313_,6.16µm
_24509_,6.16µm
_24543_,6.16µm
_24831_,6.16µm
_24835_,6.16µm
_24842_,6.16µm
_25008_,6.16µm
_25029_,6.16µm
_25103_,6.16µm
_25156_,6.16µm
_25168_,6.16µm
_25273_,6.16µm
_25312_,6.16µm
_25536_,6.16µm
_25545_,6.16µm
_25586_,6.16µm
_25625_,6.16µm
_25636_,6.16µm
_25738_,6.16µm
_25845_,6.16µm
_25880_,6.16µm
_26028_,6.16µm
_26312_,6.16µm
_26415_,6.16µm
_26427_,6.16µm
_26521_,6.16µm
_26896_,6.16µm
_26911_,6.16µm
_26978_,6.16µm
_26982_,6.16µm
_27030_,6.16µm
_27168_,6.16µm
_27224_,6.16µm
_27338_,6.16µm
_27376_,6.16µm
_27510_,6.16µm
_27590_,6.16µm
_27641_,6.16µm
_27653_,6.16µm
_27831_,6.16µm
_28108_,6.16µm
_28353_,6.16µm
_28356_,6.16µm
_28388_,6.16µm
_28398_,6.16µm
net1,6.16µm
i_core_v_mini_mcu.ao_peripheral_subsystem_i.periph_to_reg_i.r_rdata_d\[14\],6.16µm
i_core_v_mini_mcu.cpu_subsystem_i.cpu_0_0.i_servile.rf_ram_if.wdata1_r\[0\],6.16µm
i_core_v_mini_mcu.cpu_subsystem_i.cpu_0_0.rf_ram_i.memory\[106\]\[0\],6.16µm
i_core_v_mini_mcu.cpu_subsystem_i.cpu_0_0.rf_ram_i.memory\[123\]\[1\],6.16µm
i_core_v_mini_mcu.cpu_subsystem_i.cpu_0_0.rf_ram_i.memory\[143\]\[1\],6.16µm
i_core_v_mini_mcu.cpu_subsystem_i.cpu_0_0.rf_ram_i.memory\[317\]\[0\],6.16µm
i_core_v_mini_mcu.cpu_subsystem_i.cpu_0_0.rf_ram_i.memory\[416\]\[1\],6.16µm
i_core_v_mini_mcu.cpu_subsystem_i.cpu_0_0.rf_ram_i.memory\[551\]\[1\],6.16µm
i_core_v_mini_mcu.cpu_subsystem_i.cpu_1_0.i_servile.arbiter.i_wb_cpu_ibus_adr\[21\],6.16µm
i_core_v_mini_mcu.cpu_subsystem_i.cpu_1_0.i_servile.rf_ram_if.rdata0\[1\],6.16µm
i_core_v_mini_mcu.cpu_subsystem_i.cpu_1_0.rf_ram_i.memory\[239\]\[0\],6.16µm
i_core_v_mini_mcu.cpu_subsystem_i.cpu_1_0.rf_ram_i.memory\[254\]\[1\],6.16µm
i_core_v_mini_mcu.memory_subsystem_i.ram0_i.tc_ram_i.sram\[27\]\[22\],6.16µm
i_core_v_mini_mcu.memory_subsystem_i.ram0_i.tc_ram_i.sram\[27\]\[26\],6.16µm
i_core_v_mini_mcu.memory_subsystem_i.ram0_i.tc_ram_i.sram\[31\]\[1\],6.16µm
i_core_v_mini_mcu.cpu_subsystem_i.cpu_0_0.rf_ram_i.memory\[498\]\[0\],6.03µm
_26422_,5.93µm
_08998_,5.75µm
_09337_,5.75µm
_10245_,5.75µm
_13758_,5.75µm
_23557_,5.75µm
i_core_v_mini_mcu.ao_peripheral_subsystem_i.tdu_i.active_hart_cycles_q\[25\],5.75µm
_00224_,5.7µm
_00294_,5.7µm
_00299_,5.7µm
_02042_,5.7µm
_02361_,5.7µm
_02655_,5.7µm
_02922_,5.7µm
_04919_,5.7µm
_05552_,5.7µm
_05663_,5.7µm
_05996_,5.7µm
_06315_,5.7µm
_06602_,5.7µm
_06780_,5.7µm
_07042_,5.7µm
_07606_,5.7µm
_07697_,5.7µm
_07825_,5.7µm
_08260_,5.7µm
_08382_,5.7µm
_08593_,5.7µm
_08767_,5.7µm
_09293_,5.7µm
_09402_,5.7µm
_09456_,5.7µm
_09632_,5.7µm
_09786_,5.7µm
_09788_,5.7µm
_09887_,5.7µm
_10060_,5.7µm
_10349_,5.7µm
_10848_,5.7µm
_10917_,5.7µm
_10995_,5.7µm
_11059_,5.7µm
_11283_,5.7µm
_11338_,5.7µm
_11387_,5.7µm
_11396_,5.7µm
_11462_,5.7µm
_11995_,5.7µm
_12021_,5.7µm
_12036_,5.7µm
_12243_,5.7µm
_12665_,5.7µm
_12779_,5.7µm
_12835_,5.7µm
_13018_,5.7µm
_13157_,5.7µm
_13215_,5.7µm
_13221_,5.7µm
_13297_,5.7µm
_13418_,5.7µm
_13777_,5.7µm
_14233_,5.7µm
_14465_,5.7µm
_14560_,5.7µm
_14616_,5.7µm
_14644_,5.7µm
_15067_,5.7µm
_15103_,5.7µm
_15525_,5.7µm
_16039_,5.7µm
_16098_,5.7µm
_16254_,5.7µm
_16374_,5.7µm
_16588_,5.7µm
_16682_,5.7µm
_16742_,5.7µm
_16746_,5.7µm
_16750_,5.7µm
_16787_,5.7µm
_17181_,5.7µm
_17218_,5.7µm
_17238_,5.7µm
_17246_,5.7µm
_17416_,5.7µm
_17462_,5.7µm
_17534_,5.7µm
_17598_,5.7µm
_17666_,5.7µm
_17788_,5.7µm
_18143_,5.7µm
_18201_,5.7µm
_18303_,5.7µm
_18948_,5.7µm
_20073_,5.7µm
_20074_,5.7µm
_20114_,5.7µm
_20287_,5.7µm
_20488_,5.7µm
_20582_,5.7µm
_21011_,5.7µm
_21115_,5.7µm
_21136_,5.7µm
_21170_,5.7µm
_21321_,5.7µm
_21889_,5.7µm
_22044_,5.7µm
_22210_,5.7µm
_22279_,5.7µm
_22352_,5.7µm
_22669_,5.7µm
_22982_,5.7µm
_23322_,5.7µm
_23447_,5.7µm
_23506_,5.7µm
_23876_,5.7µm
_24339_,5.7µm
_24347_,5.7µm
_24348_,5.7µm
_24565_,5.7µm
_25348_,5.7µm
_26113_,5.7µm
_26327_,5.7µm
_26593_,5.7µm
_26776_,5.7µm
_26829_,5.7µm
_26934_,5.7µm
_27131_,5.7µm
_27459_,5.7µm
_27798_,5.7µm
_28050_,5.7µm
_28165_,5.7µm
_28333_,5.7µm
i_core_v_mini_mcu.ao_peripheral_subsystem_i.spi_subsystem_i.obi_spimemio_i.obi_to_picorv32_i.obi_resp_o\[12\],5.7µm
i_core_v_mini_mcu.cpu_subsystem_i.cpu_0_0.i_servile.cpu.gen_align.align.ibus_rdt_concat\[8\],5.7µm
i_core_v_mini_mcu.cpu_subsystem_i.cpu_1_0.rf_ram_i.memory\[208\]\[0\],5.7µm
i_core_v_mini_mcu.memory_subsystem_i.ram0_i.tc_ram_i.sram\[29\]\[1\],5.7µm
i_core_v_mini_mcu.peripheral_subsystem_i.obi_fifo_i.consumer_resp_i\[29\],5.7µm
_00002_,5.65µm
_00016_,5.65µm
_00028_,5.65µm
_00091_,5.65µm
_00109_,5.65µm
_00142_,5.65µm
_00147_,5.65µm
_00204_,5.65µm
_00280_,5.65µm
_00293_,5.65µm
_00395_,5.65µm
_00406_,5.65µm
_00460_,5.65µm
_00499_,5.65µm
_00507_,5.65µm
_00525_,5.65µm
_00608_,5.65µm
_00624_,5.65µm
_00682_,5.65µm
_00708_,5.65µm
_00711_,5.65µm
_00736_,5.65µm
_00830_,5.65µm
_00846_,5.65µm
_00855_,5.65µm
_00860_,5.65µm
_00883_,5.65µm
_00898_,5.65µm
_00931_,5.65µm
_00939_,5.65µm
_00961_,5.65µm
_01020_,5.65µm
_01050_,5.65µm
_01055_,5.65µm
_01058_,5.65µm
_01069_,5.65µm
_01109_,5.65µm
_01134_,5.65µm
_01147_,5.65µm
_01178_,5.65µm
_01189_,5.65µm
_01202_,5.65µm
_01233_,5.65µm
_01246_,5.65µm
_01260_,5.65µm
_01307_,5.65µm
_01368_,5.65µm
_01379_,5.65µm
_01384_,5.65µm
_01388_,5.65µm
_01395_,5.65µm
_01414_,5.65µm
_01435_,5.65µm
_01437_,5.65µm
_01515_,5.65µm
_01526_,5.65µm
_01534_,5.65µm
_01601_,5.65µm
_01663_,5.65µm
_01690_,5.65µm
_01733_,5.65µm
_01737_,5.65µm
_01744_,5.65µm
_01747_,5.65µm
_01758_,5.65µm
_01810_,5.65µm
_01885_,5.65µm
_01891_,5.65µm
_01916_,5.65µm
_01936_,5.65µm
_02064_,5.65µm
_02066_,5.65µm
_02110_,5.65µm
_02176_,5.65µm
_02225_,5.65µm
_02352_,5.65µm
_02401_,5.65µm
_02431_,5.65µm
_02453_,5.65µm
_02460_,5.65µm
_02490_,5.65µm
_02764_,5.65µm
_02815_,5.65µm
_02943_,5.65µm
_02967_,5.65µm
_03212_,5.65µm
_03428_,5.65µm
_03469_,5.65µm
_03565_,5.65µm
_03570_,5.65µm
_03736_,5.65µm
_04086_,5.65µm
_04119_,5.65µm
_04159_,5.65µm
_04185_,5.65µm
_04259_,5.65µm
_04273_,5.65µm
_04277_,5.65µm
_04326_,5.65µm
_04385_,5.65µm
_04476_,5.65µm
_04603_,5.65µm
_04618_,5.65µm
_04636_,5.65µm
_04661_,5.65µm
_04703_,5.65µm
_04767_,5.65µm
_04817_,5.65µm
_04828_,5.65µm
_04861_,5.65µm
_04889_,5.65µm
_04941_,5.65µm
_04953_,5.65µm
_05010_,5.65µm
_05031_,5.65µm
_05038_,5.65µm
_05084_,5.65µm
_05167_,5.65µm
_05188_,5.65µm
_05212_,5.65µm
_05332_,5.65µm
_05339_,5.65µm
_05341_,5.65µm
_05380_,5.65µm
_05443_,5.65µm
_05504_,5.65µm
_05725_,5.65µm
_05743_,5.65µm
_05779_,5.65µm
_05817_,5.65µm
_05877_,5.65µm
_05978_,5.65µm
_06025_,5.65µm
_06260_,5.65µm
_06290_,5.65µm
_06658_,5.65µm
_07350_,5.65µm
_07524_,5.65µm
_07769_,5.65µm
_08124_,5.65µm
_08214_,5.65µm
_08275_,5.65µm
_08325_,5.65µm
_08499_,5.65µm
_08517_,5.65µm
_08555_,5.65µm
_08607_,5.65µm
_08804_,5.65µm
_09085_,5.65µm
_09089_,5.65µm
_09158_,5.65µm
_09537_,5.65µm
_09806_,5.65µm
_09833_,5.65µm
_09942_,5.65µm
_10248_,5.65µm
_10486_,5.65µm
_10650_,5.65µm
_10838_,5.65µm
_11336_,5.65µm
_11425_,5.65µm
_11441_,5.65µm
_11456_,5.65µm
_11625_,5.65µm
_11711_,5.65µm
_11946_,5.65µm
_12033_,5.65µm
_12062_,5.65µm
_12105_,5.65µm
_12153_,5.65µm
_12157_,5.65µm
_12167_,5.65µm
_12235_,5.65µm
_12565_,5.65µm
_12685_,5.65µm
_12769_,5.65µm
_12881_,5.65µm
_13080_,5.65µm
_13191_,5.65µm
_13265_,5.65µm
_13276_,5.65µm
_13304_,5.65µm
_13398_,5.65µm
_13629_,5.65µm
_13633_,5.65µm
_14518_,5.65µm
_14925_,5.65µm
_15070_,5.65µm
_15108_,5.65µm
_15283_,5.65µm
_15288_,5.65µm
_15406_,5.65µm
_15464_,5.65µm
_15557_,5.65µm
_15961_,5.65µm
_16089_,5.65µm
_16729_,5.65µm
_16773_,5.65µm
_16826_,5.65µm
_16902_,5.65µm
_17051_,5.65µm
_17109_,5.65µm
_17387_,5.65µm
_17454_,5.65µm
_17849_,5.65µm
_17952_,5.65µm
_18272_,5.65µm
_18490_,5.65µm
_18642_,5.65µm
_18669_,5.65µm
_19029_,5.65µm
_19162_,5.65µm
_19427_,5.65µm
_19466_,5.65µm
_19617_,5.65µm
_19675_,5.65µm
_19720_,5.65µm
_19997_,5.65µm
_20072_,5.65µm
_20158_,5.65µm
_20289_,5.65µm
_20423_,5.65µm
_20486_,5.65µm
_20597_,5.65µm
_20869_,5.65µm
_21189_,5.65µm
_21208_,5.65µm
_21386_,5.65µm
_21487_,5.65µm
_21549_,5.65µm
_21574_,5.65µm
_21591_,5.65µm
_21629_,5.65µm
_22083_,5.65µm
_22169_,5.65µm
_22286_,5.65µm
_22375_,5.65µm
_22526_,5.65µm
_22726_,5.65µm
_22934_,5.65µm
_23218_,5.65µm
_23234_,5.65µm
_23675_,5.65µm
_23998_,5.65µm
_24156_,5.65µm
_25215_,5.65µm
_25231_,5.65µm
_25232_,5.65µm
_25303_,5.65µm
_25491_,5.65µm
_25523_,5.65µm
_26292_,5.65µm
_26398_,5.65µm
_26475_,5.65µm
_26833_,5.65µm
_27156_,5.65µm
_27216_,5.65µm
_27217_,5.65µm
_27253_,5.65µm
_27401_,5.65µm
_27428_,5.65µm
_27476_,5.65µm
_27839_,5.65µm
_28044_,5.65µm
_28115_,5.65µm
_28354_,5.65µm
_28404_,5.65µm
net1962,5.65µm
i_core_v_mini_mcu.ao_peripheral_subsystem_i.power_manager_i.power_manager_reg_top_i.u_intr_state.wr_data\[5\],5.65µm
i_core_v_mini_mcu.ao_peripheral_subsystem_i.spi_subsystem_i.obi_spimemio_i.spimemio_i.xfer_io2_90,5.65µm
i_core_v_mini_mcu.peripheral_subsystem_i.uart_i.u_reg.u_wdata.we,5.65µm
i_core_v_mini_mcu.system_bus_i.system_xbar_i.gen_xbar_NtoM.i_xbar.gen_inputs\[3\].i_addr_dec_resp_mux.valid_inflight_d,5.65µm
_00018_,5.6µm
_00217_,5.6µm
_00236_,5.6µm
_00315_,5.6µm
_00334_,5.6µm
_00339_,5.6µm
_00344_,5.6µm
_00419_,5.6µm
_00425_,5.6µm
_00451_,5.6µm
_00503_,5.6µm
_00572_,5.6µm
_00575_,5.6µm
_00591_,5.6µm
_00635_,5.6µm
_00732_,5.6µm
_00805_,5.6µm
_00822_,5.6µm
_00835_,5.6µm
_00849_,5.6µm
_00930_,5.6µm
_00943_,5.6µm
_00957_,5.6µm
_01006_,5.6µm
_01077_,5.6µm
_01166_,5.6µm
_01206_,5.6µm
_01282_,5.6µm
_01285_,5.6µm
_01308_,5.6µm
_01323_,5.6µm
_01372_,5.6µm
_01405_,5.6µm
_01407_,5.6µm
_01462_,5.6µm
_01464_,5.6µm
_01513_,5.6µm
_01519_,5.6µm
_01562_,5.6µm
_01620_,5.6µm
_01648_,5.6µm
_01651_,5.6µm
_01683_,5.6µm
_01689_,5.6µm
_01711_,5.6µm
_01729_,5.6µm
_01811_,5.6µm
_01843_,5.6µm
_01889_,5.6µm
_01928_,5.6µm
_01941_,5.6µm
_01970_,5.6µm
_01993_,5.6µm
_02095_,5.6µm
_02097_,5.6µm
_02163_,5.6µm
_02170_,5.6µm
_02186_,5.6µm
_02226_,5.6µm
_02252_,5.6µm
_02294_,5.6µm
_02307_,5.6µm
_02309_,5.6µm
_02419_,5.6µm
_02424_,5.6µm
_02505_,5.6µm
_02573_,5.6µm
_02607_,5.6µm
_02742_,5.6µm
_02800_,5.6µm
_02850_,5.6µm
_02917_,5.6µm
_02982_,5.6µm
_03057_,5.6µm
_03122_,5.6µm
_03190_,5.6µm
_03337_,5.6µm
_03338_,5.6µm
_03420_,5.6µm
_03424_,5.6µm
_03506_,5.6µm
_03510_,5.6µm
_03553_,5.6µm
_03575_,5.6µm
_03618_,5.6µm
_03637_,5.6µm
_03648_,5.6µm
_03688_,5.6µm
_03691_,5.6µm
_03764_,5.6µm
_03788_,5.6µm
_03798_,5.6µm
_03813_,5.6µm
_03821_,5.6µm
_03835_,5.6µm
_03845_,5.6µm
_03849_,5.6µm
_03868_,5.6µm
_03944_,5.6µm
_03948_,5.6µm
_03963_,5.6µm
_04114_,5.6µm
_04167_,5.6µm
_04281_,5.6µm
_04329_,5.6µm
_04383_,5.6µm
_04416_,5.6µm
_04438_,5.6µm
_04517_,5.6µm
_04522_,5.6µm
_04525_,5.6µm
_04558_,5.6µm
_04576_,5.6µm
_04596_,5.6µm
_04654_,5.6µm
_04705_,5.6µm
_04717_,5.6µm
_04771_,5.6µm
_04797_,5.6µm
_04832_,5.6µm
_04835_,5.6µm
_04846_,5.6µm
_04964_,5.6µm
_05087_,5.6µm
_05193_,5.6µm
_05234_,5.6µm
_05250_,5.6µm
_05257_,5.6µm
_05291_,5.6µm
_05344_,5.6µm
_05351_,5.6µm
_05469_,5.6µm
_05990_,5.6µm
_06033_,5.6µm
_06142_,5.6µm
_06171_,5.6µm
_06188_,5.6µm
_06462_,5.6µm
_06576_,5.6µm
_06659_,5.6µm
_06825_,5.6µm
_06905_,5.6µm
_07048_,5.6µm
_07131_,5.6µm
_07218_,5.6µm
_07432_,5.6µm
_07448_,5.6µm
_07489_,5.6µm
_07728_,5.6µm
_07892_,5.6µm
_07928_,5.6µm
_07938_,5.6µm
_07946_,5.6µm
_08045_,5.6µm
_08192_,5.6µm
_08366_,5.6µm
_08457_,5.6µm
_08538_,5.6µm
_08554_,5.6µm
_08600_,5.6µm
_08738_,5.6µm
_08803_,5.6µm
_08912_,5.6µm
_08917_,5.6µm
_08924_,5.6µm
_08988_,5.6µm
_09076_,5.6µm
_09143_,5.6µm
_09305_,5.6µm
_09569_,5.6µm
_09644_,5.6µm
_09857_,5.6µm
_09873_,5.6µm
_09877_,5.6µm
_09891_,5.6µm
_09902_,5.6µm
_10008_,5.6µm
_10019_,5.6µm
_10108_,5.6µm
_10450_,5.6µm
_10518_,5.6µm
_10810_,5.6µm
_10833_,5.6µm
_10879_,5.6µm
_10945_,5.6µm
_10982_,5.6µm
_10985_,5.6µm
_11018_,5.6µm
_11133_,5.6µm
_11156_,5.6µm
_11201_,5.6µm
_11214_,5.6µm
_11249_,5.6µm
_11289_,5.6µm
_11435_,5.6µm
_11467_,5.6µm
_11590_,5.6µm
_11597_,5.6µm
_11698_,5.6µm
_11810_,5.6µm
_11887_,5.6µm
_12042_,5.6µm
_12076_,5.6µm
_12104_,5.6µm
_12196_,5.6µm
_12378_,5.6µm
_12471_,5.6µm
_12508_,5.6µm
_12553_,5.6µm
_12567_,5.6µm
_12649_,5.6µm
_12745_,5.6µm
_12810_,5.6µm
_12890_,5.6µm
_12918_,5.6µm
_12965_,5.6µm
_13005_,5.6µm
_13141_,5.6µm
_13188_,5.6µm
_13202_,5.6µm
_13753_,5.6µm
_13896_,5.6µm
_14172_,5.6µm
_14358_,5.6µm
_14401_,5.6µm
_14693_,5.6µm
_14781_,5.6µm
_15024_,5.6µm
_15269_,5.6µm
_15271_,5.6µm
_15379_,5.6µm
_16181_,5.6µm
_16251_,5.6µm
_16372_,5.6µm
_16426_,5.6µm
_16668_,5.6µm
_16706_,5.6µm
_17081_,5.6µm
_17272_,5.6µm
_17433_,5.6µm
_17508_,5.6µm
_17672_,5.6µm
_17743_,5.6µm
_17985_,5.6µm
_18284_,5.6µm
_18480_,5.6µm
_18677_,5.6µm
_18741_,5.6µm
_19030_,5.6µm
_19140_,5.6µm
_19511_,5.6µm
_19610_,5.6µm
_19669_,5.6µm
_19826_,5.6µm
_19990_,5.6µm
_20049_,5.6µm
_20119_,5.6µm
_20153_,5.6µm
_20240_,5.6µm
_20315_,5.6µm
_20376_,5.6µm
_20385_,5.6µm
_20402_,5.6µm
_20460_,5.6µm
_20505_,5.6µm
_21037_,5.6µm
_21039_,5.6µm
_21122_,5.6µm
_21146_,5.6µm
_21185_,5.6µm
_21229_,5.6µm
_21265_,5.6µm
_21308_,5.6µm
_21418_,5.6µm
_21436_,5.6µm
_21468_,5.6µm
_21662_,5.6µm
_21717_,5.6µm
_21963_,5.6µm
_21967_,5.6µm
_22060_,5.6µm
_22090_,5.6µm
_22126_,5.6µm
_22150_,5.6µm
_22173_,5.6µm
_22199_,5.6µm
_22228_,5.6µm
_22233_,5.6µm
_22306_,5.6µm
_22551_,5.6µm
_22773_,5.6µm
_22849_,5.6µm
_22872_,5.6µm
_22890_,5.6µm
_22961_,5.6µm
_23191_,5.6µm
_23305_,5.6µm
_23350_,5.6µm
_23354_,5.6µm
_23425_,5.6µm
_23450_,5.6µm
_23599_,5.6µm
_23888_,5.6µm
_23906_,5.6µm
_23972_,5.6µm
_24039_,5.6µm
_24077_,5.6µm
_24344_,5.6µm
_24751_,5.6µm
_24783_,5.6µm
_24858_,5.6µm
_25210_,5.6µm
_25299_,5.6µm
_25360_,5.6µm
_25410_,5.6µm
_25614_,5.6µm
_25723_,5.6µm
_25743_,5.6µm
_25779_,5.6µm
_26000_,5.6µm
_26115_,5.6µm
_26298_,5.6µm
_26339_,5.6µm
_26433_,5.6µm
_26507_,5.6µm
_26737_,5.6µm
_26794_,5.6µm
_26808_,5.6µm
_26852_,5.6µm
_26861_,5.6µm
_26935_,5.6µm
_26936_,5.6µm
_27399_,5.6µm
_27462_,5.6µm
_27502_,5.6µm
_27562_,5.6µm
_27589_,5.6µm
_27755_,5.6µm
_27822_,5.6µm
_27890_,5.6µm
_27964_,5.6µm
_28205_,5.6µm
_28249_,5.6µm
_28406_,5.6µm
_28454_,5.6µm
_28459_,5.6µm
i_core_v_mini_mcu.ao_peripheral_subsystem_i.power_manager_i.power_manager_reg_top_i.master_cpu_force_reset_deassert_qs,5.6µm
i_core_v_mini_mcu.ao_peripheral_subsystem_i.power_manager_i.power_manager_reg_top_i.u_intr_state.wr_data\[31\],5.6µm
i_core_v_mini_mcu.ao_peripheral_subsystem_i.spi_subsystem_i.obi_spimemio_i.obi_to_picorv32_i.obi_resp_o\[0\],5.6µm
i_core_v_mini_mcu.cpu_subsystem_i.cpu_0_0.i_servile.cpu.ctrl.i_utype,5.6µm
i_core_v_mini_mcu.cpu_subsystem_i.cpu_0_0.rf_ram_i.memory\[282\]\[0\],5.6µm
i_core_v_mini_mcu.cpu_subsystem_i.cpu_0_0.rf_ram_i.memory\[3\]\[1\],5.6µm
i_core_v_mini_mcu.cpu_subsystem_i.cpu_0_0.rf_ram_i.memory\[492\]\[1\],5.6µm
i_core_v_mini_mcu.cpu_subsystem_i.cpu_0_0.rf_ram_i.memory\[517\]\[1\],5.6µm
i_core_v_mini_mcu.cpu_subsystem_i.cpu_0_0.rf_ram_i.memory\[55\]\[1\],5.6µm
i_core_v_mini_mcu.cpu_subsystem_i.cpu_1_0.i_servile.cpu.immdec.gen_immdec_w_eq_1.imm19_12_20\[1\],5.6µm
i_core_v_mini_mcu.cpu_subsystem_i.cpu_1_0.i_servile.cpu.immdec.gen_immdec_w_eq_1.imm19_12_20\[8\],5.6µm
i_core_v_mini_mcu.cpu_subsystem_i.cpu_1_0.rf_ram_i.memory\[182\]\[1\],5.6µm
i_core_v_mini_mcu.cpu_subsystem_i.cpu_1_0.rf_ram_i.memory\[465\]\[0\],5.6µm
i_core_v_mini_mcu.memory_subsystem_i.ram0_i.tc_ram_i.sram\[19\]\[20\],5.6µm
i_core_v_mini_mcu.memory_subsystem_i.ram0_i.tc_ram_i.sram\[7\]\[4\],5.6µm
_11677_,5.37µm
_05431_,5.32µm
_24174_,5.32µm
_00950_,5.19µm
_04912_,5.19µm
_07738_,5.19µm
_24051_,5.19µm
_01045_,5.14µm
_04182_,5.14µm
_05128_,5.14µm
_05586_,5.14µm
_05655_,5.14µm
_05660_,5.14µm
_05981_,5.14µm
_06108_,5.14µm
_06256_,5.14µm
_06333_,5.14µm
_06381_,5.14µm
_06690_,5.14µm
_06960_,5.14µm
_07068_,5.14µm
_07106_,5.14µm
_07238_,5.14µm
_07430_,5.14µm
_07732_,5.14µm
_07902_,5.14µm
_07951_,5.14µm
_08008_,5.14µm
_08035_,5.14µm
_08062_,5.14µm
_08094_,5.14µm
_08222_,5.14µm
_09560_,5.14µm
_09586_,5.14µm
_09848_,5.14µm
_10461_,5.14µm
_10540_,5.14µm
_11250_,5.14µm
_11258_,5.14µm
_11652_,5.14µm
_12780_,5.14µm
_13000_,5.14µm
_13801_,5.14µm
_13829_,5.14µm
_14579_,5.14µm
_14708_,5.14µm
_14765_,5.14µm
_15274_,5.14µm
_15297_,5.14µm
_15312_,5.14µm
_15673_,5.14µm
_15782_,5.14µm
_16072_,5.14µm
_16121_,5.14µm
_16186_,5.14µm
_16274_,5.14µm
_16567_,5.14µm
_17392_,5.14µm
_17766_,5.14µm
_18251_,5.14µm
_18255_,5.14µm
_19221_,5.14µm
_19706_,5.14µm
_20115_,5.14µm
_20120_,5.14µm
_20177_,5.14µm
_20205_,5.14µm
_20292_,5.14µm
_20321_,5.14µm
_20650_,5.14µm
_21305_,5.14µm
_21407_,5.14µm
_21529_,5.14µm
_21610_,5.14µm
_21644_,5.14µm
_22039_,5.14µm
_22053_,5.14µm
_22068_,5.14µm
_22371_,5.14µm
_22388_,5.14µm
_23066_,5.14µm
_23088_,5.14µm
_23442_,5.14µm
_23465_,5.14µm
_23596_,5.14µm
_23636_,5.14µm
_23784_,5.14µm
_24182_,5.14µm
_24272_,5.14µm
_24273_,5.14µm
_24946_,5.14µm
_25532_,5.14µm
_26085_,5.14µm
_26177_,5.14µm
_26233_,5.14µm
_26695_,5.14µm
_27364_,5.14µm
_27989_,5.14µm
_28118_,5.14µm
_28211_,5.14µm
_28415_,5.14µm
i_core_v_mini_mcu.ao_peripheral_subsystem_i.spi_subsystem_i.obi_spimemio_i.spimemio_i.xfer.flash_csb,5.14µm
i_core_v_mini_mcu.cpu_subsystem_i.cpu_0_0.rf_ram_i.memory\[440\]\[1\],5.14µm
i_core_v_mini_mcu.cpu_subsystem_i.cpu_0_0.rf_ram_i.memory\[44\]\[1\],5.14µm
i_core_v_mini_mcu.cpu_subsystem_i.cpu_1_0.rf_ram_i.memory\[238\]\[0\],5.14µm
i_core_v_mini_mcu.cpu_subsystem_i.cpu_1_0.rf_ram_i.memory\[99\]\[1\],5.14µm
i_core_v_mini_mcu.memory_subsystem_i.ram0_i.tc_ram_i.sram\[23\]\[30\],5.14µm
i_core_v_mini_mcu.memory_subsystem_i.ram0_i.tc_ram_i.sram\[26\]\[30\],5.14µm
i_core_v_mini_mcu.memory_subsystem_i.ram0_i.tc_ram_i.sram\[27\]\[29\],5.14µm
_00176_,5.09µm
_00228_,5.09µm
_00292_,5.09µm
_00321_,5.09µm
_00402_,5.09µm
_00440_,5.09µm
_00462_,5.09µm
_00474_,5.09µm
_00478_,5.09µm
_00576_,5.09µm
_00745_,5.09µm
_00758_,5.09µm
_00794_,5.09µm
_00796_,5.09µm
_00874_,5.09µm
_00897_,5.09µm
_00923_,5.09µm
_00972_,5.09µm
_00984_,5.09µm
_01009_,5.09µm
_01204_,5.09µm
_01279_,5.09µm
_01357_,5.09µm
_01391_,5.09µm
_01420_,5.09µm
_01439_,5.09µm
_01507_,5.09µm
_01559_,5.09µm
_01570_,5.09µm
_01596_,5.09µm
_01621_,5.09µm
_01715_,5.09µm
_01745_,5.09µm
_01751_,5.09µm
_01818_,5.09µm
_01883_,5.09µm
_01896_,5.09µm
_01903_,5.09µm
_01933_,5.09µm
_01945_,5.09µm
_02007_,5.09µm
_02052_,5.09µm
_02134_,5.09µm
_02139_,5.09µm
_02236_,5.09µm
_02313_,5.09µm
_02315_,5.09µm
_02346_,5.09µm
_02355_,5.09µm
_02449_,5.09µm
_02572_,5.09µm
_02577_,5.09µm
_02581_,5.09µm
_02590_,5.09µm
_02618_,5.09µm
_02700_,5.09µm
_03009_,5.09µm
_03138_,5.09µm
_03434_,5.09µm
_03760_,5.09µm
_03780_,5.09µm
_03923_,5.09µm
_04253_,5.09µm
_04286_,5.09µm
_04350_,5.09µm
_04400_,5.09µm
_04410_,5.09µm
_04423_,5.09µm
_04453_,5.09µm
_04461_,5.09µm
_04548_,5.09µm
_04564_,5.09µm
_04583_,5.09µm
_04623_,5.09µm
_04644_,5.09µm
_04782_,5.09µm
_04859_,5.09µm
_04887_,5.09µm
_04916_,5.09µm
_05110_,5.09µm
_05116_,5.09µm
_05205_,5.09µm
_05275_,5.09µm
_05333_,5.09µm
_05384_,5.09µm
_05497_,5.09µm
_05568_,5.09µm
_05609_,5.09µm
_05750_,5.09µm
_05777_,5.09µm
_06008_,5.09µm
_06879_,5.09µm
_07981_,5.09µm
_08006_,5.09µm
_08265_,5.09µm
_08335_,5.09µm
_08696_,5.09µm
_08938_,5.09µm
_08953_,5.09µm
_08954_,5.09µm
_09157_,5.09µm
_09486_,5.09µm
_09688_,5.09µm
_09821_,5.09µm
_09867_,5.09µm
_09976_,5.09µm
_10009_,5.09µm
_10123_,5.09µm
_10156_,5.09µm
_10828_,5.09µm
_10974_,5.09µm
_11089_,5.09µm
_11116_,5.09µm
_11220_,5.09µm
_11278_,5.09µm
_11390_,5.09µm
_11444_,5.09µm
_11470_,5.09µm
_11534_,5.09µm
_11628_,5.09µm
_12148_,5.09µm
_12160_,5.09µm
_12578_,5.09µm
_12743_,5.09µm
_13119_,5.09µm
_13128_,5.09µm
_13168_,5.09µm
_13243_,5.09µm
_13245_,5.09µm
_13362_,5.09µm
_13601_,5.09µm
_13617_,5.09µm
_13831_,5.09µm
_13850_,5.09µm
_14867_,5.09µm
_14922_,5.09µm
_14980_,5.09µm
_15072_,5.09µm
_16144_,5.09µm
_16171_,5.09µm
_16348_,5.09µm
_16448_,5.09µm
_16633_,5.09µm
_16663_,5.09µm
_17578_,5.09µm
_17585_,5.09µm
_17885_,5.09µm
_17948_,5.09µm
_18230_,5.09µm
_18391_,5.09µm
_18477_,5.09µm
_19373_,5.09µm
_19502_,5.09µm
_20016_,5.09µm
_20112_,5.09µm
_20155_,5.09µm
_20898_,5.09µm
_21219_,5.09µm
_21290_,5.09µm
_21551_,5.09µm
_21576_,5.09µm
_21713_,5.09µm
_21746_,5.09µm
_21789_,5.09µm
_22539_,5.09µm
_22713_,5.09µm
_22732_,5.09µm
_23091_,5.09µm
_23410_,5.09µm
_23494_,5.09µm
_23528_,5.09µm
_23594_,5.09µm
_23606_,5.09µm
_23701_,5.09µm
_23724_,5.09µm
_23763_,5.09µm
_23821_,5.09µm
_23961_,5.09µm
_24004_,5.09µm
_24128_,5.09µm
_24176_,5.09µm
_24233_,5.09µm
_24386_,5.09µm
_24776_,5.09µm
_24782_,5.09µm
_24971_,5.09µm
_25214_,5.09µm
_25421_,5.09µm
_25626_,5.09µm
_25692_,5.09µm
_25726_,5.09µm
_25791_,5.09µm
_26060_,5.09µm
_26323_,5.09µm
_26348_,5.09µm
_26627_,5.09µm
_26712_,5.09µm
_26749_,5.09µm
_26762_,5.09µm
_26809_,5.09µm
_27386_,5.09µm
_27395_,5.09µm
_27454_,5.09µm
_27538_,5.09µm
_27817_,5.09µm
_27939_,5.09µm
_28364_,5.09µm
i_core_v_mini_mcu.ao_peripheral_subsystem_i.obi_fifo_i.consumer_data_req\[50\],5.09µm
i_core_v_mini_mcu.cpu_subsystem_i.cpu_0_0.i_servile.cpu.ctrl.i_jump,5.09µm
i_core_v_mini_mcu.cpu_subsystem_i.cpu_1_0.i_servile.arbiter.i_wb_cpu_ibus_adr\[20\],5.09µm
i_core_v_mini_mcu.peripheral_subsystem_i.uart_i.uart_core.tx_watermark_prev_q,5.09µm
_00022_,5.04µm
_00030_,5.04µm
_00033_,5.04µm
_00036_,5.04µm
_00052_,5.04µm
_00085_,5.04µm
_00141_,5.04µm
_00148_,5.04µm
_00166_,5.04µm
_00173_,5.04µm
_00200_,5.04µm
_00207_,5.04µm
_00222_,5.04µm
_00223_,5.04µm
_00237_,5.04µm
_00238_,5.04µm
_00246_,5.04µm
_00288_,5.04µm
_00309_,5.04µm
_00392_,5.04µm
_00423_,5.04µm
_00512_,5.04µm
_00539_,5.04µm
_00555_,5.04µm
_00604_,5.04µm
_00606_,5.04µm
_00627_,5.04µm
_00643_,5.04µm
_00661_,5.04µm
_00672_,5.04µm
_00748_,5.04µm
_00781_,5.04µm
_00811_,5.04µm
_00831_,5.04µm
_00837_,5.04µm
_00843_,5.04µm
_00844_,5.04µm
_00877_,5.04µm
_00880_,5.04µm
_00911_,5.04µm
_00915_,5.04µm
_00916_,5.04µm
_00951_,5.04µm
_00963_,5.04µm
_00997_,5.04µm
_01082_,5.04µm
_01091_,5.04µm
_01102_,5.04µm
_01126_,5.04µm
_01152_,5.04µm
_01184_,5.04µm
_01303_,5.04µm
_01318_,5.04µm
_01350_,5.04µm
_01360_,5.04µm
_01370_,5.04µm
_01392_,5.04µm
_01442_,5.04µm
_01446_,5.04µm
_01452_,5.04µm
_01479_,5.04µm
_01567_,5.04µm
_01611_,5.04µm
_01635_,5.04µm
_01672_,5.04µm
_01685_,5.04µm
_01688_,5.04µm
_01712_,5.04µm
_01742_,5.04µm
_01796_,5.04µm
_01798_,5.04µm
_01807_,5.04µm
_01813_,5.04µm
_01852_,5.04µm
_01853_,5.04µm
_01860_,5.04µm
_01867_,5.04µm
_01868_,5.04µm
_01904_,5.04µm
_01906_,5.04µm
_01982_,5.04µm
_01985_,5.04µm
_01988_,5.04µm
_02031_,5.04µm
_02035_,5.04µm
_02038_,5.04µm
_02085_,5.04µm
_02122_,5.04µm
_02168_,5.04µm
_02203_,5.04µm
_02244_,5.04µm
_02267_,5.04µm
_02273_,5.04µm
_02316_,5.04µm
_02334_,5.04µm
_02421_,5.04µm
_02461_,5.04µm
_02463_,5.04µm
_02473_,5.04µm
_02475_,5.04µm
_02479_,5.04µm
_02483_,5.04µm
_02508_,5.04µm
_02542_,5.04µm
_02557_,5.04µm
_02563_,5.04µm
_02586_,5.04µm
_02625_,5.04µm
_02662_,5.04µm
_02686_,5.04µm
_02701_,5.04µm
_02704_,5.04µm
_02711_,5.04µm
_02720_,5.04µm
_02725_,5.04µm
_02732_,5.04µm
_02737_,5.04µm
_02752_,5.04µm
_02784_,5.04µm
_02790_,5.04µm
_02792_,5.04µm
_02793_,5.04µm
_02826_,5.04µm
_02830_,5.04µm
_02831_,5.04µm
_02837_,5.04µm
_02838_,5.04µm
_02843_,5.04µm
_02846_,5.04µm
_02944_,5.04µm
_02970_,5.04µm
_02983_,5.04µm
_02987_,5.04µm
_03030_,5.04µm
_03056_,5.04µm
_03062_,5.04µm
_03100_,5.04µm
_03121_,5.04µm
_03127_,5.04µm
_03134_,5.04µm
_03171_,5.04µm
_03217_,5.04µm
_03257_,5.04µm
_03270_,5.04µm
_03284_,5.04µm
_03291_,5.04µm
_03298_,5.04µm
_03301_,5.04µm
_03310_,5.04µm
_03356_,5.04µm
_03357_,5.04µm
_03358_,5.04µm
_03390_,5.04µm
_03402_,5.04µm
_03426_,5.04µm
_03444_,5.04µm
_03501_,5.04µm
_03516_,5.04µm
_03521_,5.04µm
_03526_,5.04µm
_03532_,5.04µm
_03548_,5.04µm
_03549_,5.04µm
_03578_,5.04µm
_03579_,5.04µm
_03580_,5.04µm
_03581_,5.04µm
_03582_,5.04µm
_03583_,5.04µm
_03588_,5.04µm
_03611_,5.04µm
_03615_,5.04µm
_03617_,5.04µm
_03629_,5.04µm
_03635_,5.04µm
_03673_,5.04µm
_03674_,5.04µm
_03714_,5.04µm
_03765_,5.04µm
_03776_,5.04µm
_03790_,5.04µm
_03797_,5.04µm
_03812_,5.04µm
_03825_,5.04µm
_03869_,5.04µm
_03871_,5.04µm
_03875_,5.04µm
_03878_,5.04µm
_03889_,5.04µm
_03898_,5.04µm
_03908_,5.04µm
_03924_,5.04µm
_03926_,5.04µm
_03945_,5.04µm
_03951_,5.04µm
_03953_,5.04µm
_04030_,5.04µm
_04063_,5.04µm
_04073_,5.04µm
_04074_,5.04µm
_04082_,5.04µm
_04085_,5.04µm
_04135_,5.04µm
_04140_,5.04µm
_04280_,5.04µm
_04335_,5.04µm
_04355_,5.04µm
_04375_,5.04µm
_04432_,5.04µm
_04442_,5.04µm
_04452_,5.04µm
_04470_,5.04µm
_04491_,5.04µm
_04508_,5.04µm
_04513_,5.04µm
_04555_,5.04µm
_04657_,5.04µm
_04666_,5.04µm
_04721_,5.04µm
_04727_,5.04µm
_04773_,5.04µm
_04819_,5.04µm
_04822_,5.04µm
_04890_,5.04µm
_04911_,5.04µm
_04917_,5.04µm
_04926_,5.04µm
_04965_,5.04µm
_04992_,5.04µm
_04997_,5.04µm
_05014_,5.04µm
_05018_,5.04µm
_05019_,5.04µm
_05020_,5.04µm
_05056_,5.04µm
_05097_,5.04µm
_05203_,5.04µm
_05204_,5.04µm
_05227_,5.04µm
_05345_,5.04µm
_05386_,5.04µm
_05408_,5.04µm
_05464_,5.04µm
_05668_,5.04µm
_05686_,5.04µm
_05723_,5.04µm
_05726_,5.04µm
_05771_,5.04µm
_05936_,5.04µm
_06212_,5.04µm
_06464_,5.04µm
_06709_,5.04µm
_06756_,5.04µm
_06919_,5.04µm
_06946_,5.04µm
_07340_,5.04µm
_07507_,5.04µm
_07559_,5.04µm
_07640_,5.04µm
_07686_,5.04µm
_08148_,5.04µm
_08197_,5.04µm
_08549_,5.04µm
_08615_,5.04µm
_08697_,5.04µm
_08950_,5.04µm
_09118_,5.04µm
_09164_,5.04µm
_09219_,5.04µm
_09223_,5.04µm
_09259_,5.04µm
_09600_,5.04µm
_09753_,5.04µm
_09809_,5.04µm
_09828_,5.04µm
_09909_,5.04µm
_10439_,5.04µm
_10734_,5.04µm
_10791_,5.04µm
_10821_,5.04µm
_10827_,5.04µm
_10924_,5.04µm
_11078_,5.04µm
_11104_,5.04µm
_11145_,5.04µm
_11234_,5.04µm
_11251_,5.04µm
_11290_,5.04µm
_11406_,5.04µm
_11553_,5.04µm
_11600_,5.04µm
_11609_,5.04µm
_11697_,5.04µm
_11817_,5.04µm
_11945_,5.04µm
_12066_,5.04µm
_12211_,5.04µm
_12276_,5.04µm
_12452_,5.04µm
_12504_,5.04µm
_12700_,5.04µm
_12726_,5.04µm
_12980_,5.04µm
_13055_,5.04µm
_13097_,5.04µm
_13163_,5.04µm
_13235_,5.04µm
_13294_,5.04µm
_13352_,5.04µm
_13458_,5.04µm
_13462_,5.04µm
_13479_,5.04µm
_13736_,5.04µm
_13746_,5.04µm
_13922_,5.04µm
_14138_,5.04µm
_14236_,5.04µm
_14244_,5.04µm
_14288_,5.04µm
_14347_,5.04µm
_14534_,5.04µm
_14780_,5.04µm
_14854_,5.04µm
_15125_,5.04µm
_15209_,5.04µm
_15399_,5.04µm
_15447_,5.04µm
_15533_,5.04µm
_16006_,5.04µm
_16085_,5.04µm
_16217_,5.04µm
_16691_,5.04µm
_17013_,5.04µm
_17041_,5.04µm
_17106_,5.04µm
_17125_,5.04µm
_17288_,5.04µm
_17445_,5.04µm
_17529_,5.04µm
_17544_,5.04µm
_18146_,5.04µm
_18156_,5.04µm
_18209_,5.04µm
_18439_,5.04µm
_18505_,5.04µm
_18623_,5.04µm
_18629_,5.04µm
_18736_,5.04µm
_18832_,5.04µm
_19096_,5.04µm
_19153_,5.04µm
_19414_,5.04µm
_19518_,5.04µm
_19664_,5.04µm
_19748_,5.04µm
_19834_,5.04µm
_20182_,5.04µm
_20203_,5.04µm
_20209_,5.04µm
_20278_,5.04µm
_20374_,5.04µm
_20430_,5.04µm
_20474_,5.04µm
_20562_,5.04µm
_20771_,5.04µm
_20854_,5.04µm
_21086_,5.04µm
_21162_,5.04µm
_21253_,5.04µm
_21264_,5.04µm
_21330_,5.04µm
_21374_,5.04µm
_21519_,5.04µm
_21528_,5.04µm
_21608_,5.04µm
_21648_,5.04µm
_21660_,5.04µm
_21882_,5.04µm
_21930_,5.04µm
_22096_,5.04µm
_22201_,5.04µm
_22257_,5.04µm
_22362_,5.04µm
_22396_,5.04µm
_22397_,5.04µm
_22417_,5.04µm
_22429_,5.04µm
_22432_,5.04µm
_22491_,5.04µm
_22546_,5.04µm
_22658_,5.04µm
_22676_,5.04µm
_22719_,5.04µm
_22832_,5.04µm
_22884_,5.04µm
_22943_,5.04µm
_22962_,5.04µm
_23009_,5.04µm
_23139_,5.04µm
_23185_,5.04µm
_23190_,5.04µm
_23202_,5.04µm
_23221_,5.04µm
_23252_,5.04µm
_23578_,5.04µm
_23673_,5.04µm
_23730_,5.04µm
_23944_,5.04µm
_24092_,5.04µm
_24125_,5.04µm
_24286_,5.04µm
_24574_,5.04µm
_24599_,5.04µm
_24603_,5.04µm
_24628_,5.04µm
_24631_,5.04µm
_24687_,5.04µm
_24983_,5.04µm
_24994_,5.04µm
_25038_,5.04µm
_25244_,5.04µm
_25486_,5.04µm
_25492_,5.04µm
_25572_,5.04µm
_25761_,5.04µm
_25822_,5.04µm
_25858_,5.04µm
_25877_,5.04µm
_25928_,5.04µm
_26096_,5.04µm
_26098_,5.04µm
_26104_,5.04µm
_26259_,5.04µm
_26420_,5.04µm
_26432_,5.04µm
_26547_,5.04µm
_26603_,5.04µm
_26688_,5.04µm
_26819_,5.04µm
_26835_,5.04µm
_26845_,5.04µm
_26998_,5.04µm
_27021_,5.04µm
_27280_,5.04µm
_27345_,5.04µm
_27507_,5.04µm
_27551_,5.04µm
_27738_,5.04µm
_27770_,5.04µm
_27895_,5.04µm
_27913_,5.04µm
_27926_,5.04µm
_27957_,5.04µm
_27986_,5.04µm
_27998_,5.04µm
_28018_,5.04µm
_28021_,5.04µm
_28052_,5.04µm
_28096_,5.04µm
_28279_,5.04µm
_28285_,5.04µm
_28373_,5.04µm
_28392_,5.04µm
_28413_,5.04µm
_28468_,5.04µm
i_core_v_mini_mcu.ao_peripheral_subsystem_i.power_manager_i.power_manager_reg_top_i.u_intr_state.wr_data\[11\],5.04µm
i_core_v_mini_mcu.ao_peripheral_subsystem_i.power_manager_i.power_manager_reg_top_i.u_intr_state.wr_data\[30\],5.04µm
i_core_v_mini_mcu.cpu_subsystem_i.cpu_0_0.i_servile.cpu.cond_branch,5.04µm
i_core_v_mini_mcu.cpu_subsystem_i.cpu_0_0.rf_ram_i.memory\[288\]\[0\],5.04µm
i_core_v_mini_mcu.cpu_subsystem_i.cpu_0_0.rf_ram_i.memory\[528\]\[1\],5.04µm
i_core_v_mini_mcu.cpu_subsystem_i.cpu_1_0.i_servile.cpu.decode.o_immdec_ctrl\[2\],5.04µm
i_core_v_mini_mcu.memory_subsystem_i.ram0_i.tc_ram_i.sram\[13\]\[4\],5.04µm
i_core_v_mini_mcu.peripheral_subsystem_i.obi_fifo_i.producer_state_n,5.04µm
i_core_v_mini_mcu.peripheral_subsystem_i.uart_i.uart_core.sync_rx.gen_generic.u_impl_generic.intq,5.04µm
_05522_,4.81µm
_05403_,4.76µm
_05563_,4.76µm
_11319_,4.76µm
_11963_,4.76µm
_25833_,4.76µm
_24598_,4.63µm
_02072_,4.58µm
_05436_,4.58µm
_05520_,4.58µm
_06103_,4.58µm
_06120_,4.58µm
_06461_,4.58µm
_07215_,4.58µm
_07584_,4.58µm
_07963_,4.58µm
_08707_,4.58µm
_09447_,4.58µm
_09991_,4.58µm
_10240_,4.58µm
_10442_,4.58µm
_11333_,4.58µm
_11373_,4.58µm
_11718_,4.58µm
_11821_,4.58µm
_11902_,4.58µm
_12489_,4.58µm
_13095_,4.58µm
_13280_,4.58µm
_13611_,4.58µm
_13623_,4.58µm
_13657_,4.58µm
_14056_,4.58µm
_14418_,4.58µm
_14646_,4.58µm
_14715_,4.58µm
_15645_,4.58µm
_15699_,4.58µm
_15869_,4.58µm
_16167_,4.58µm
_16303_,4.58µm
_16784_,4.58µm
_16793_,4.58µm
_16833_,4.58µm
_16835_,4.58µm
_16875_,4.58µm
_16894_,4.58µm
_17103_,4.58µm
_17468_,4.58µm
_17765_,4.58µm
_18538_,4.58µm
_18744_,4.58µm
_18766_,4.58µm
_18992_,4.58µm
_19064_,4.58µm
_19259_,4.58µm
_19398_,4.58µm
_19599_,4.58µm
_19689_,4.58µm
_19912_,4.58µm
_19944_,4.58µm
_19947_,4.58µm
_19958_,4.58µm
_20079_,4.58µm
_20093_,4.58µm
_20148_,4.58µm
_20170_,4.58µm
_20464_,4.58µm
_20807_,4.58µm
_20834_,4.58µm
_20885_,4.58µm
_21129_,4.58µm
_21299_,4.58µm
_21315_,4.58µm
_21466_,4.58µm
_21473_,4.58µm
_21656_,4.58µm
_21863_,4.58µm
_22133_,4.58µm
_22213_,4.58µm
_22471_,4.58µm
_22504_,4.58µm
_22527_,4.58µm
_22599_,4.58µm
_22651_,4.58µm
_22680_,4.58µm
_22684_,4.58µm
_23327_,4.58µm
_23496_,4.58µm
_23572_,4.58µm
_23692_,4.58µm
_23728_,4.58µm
_23744_,4.58µm
_23806_,4.58µm
_23890_,4.58µm
_24114_,4.58µm
_24171_,4.58µm
_24278_,4.58µm
_24281_,4.58µm
_24505_,4.58µm
_24620_,4.58µm
_24652_,4.58µm
_24761_,4.58µm
_24871_,4.58µm
_25047_,4.58µm
_25316_,4.58µm
_25368_,4.58µm
_25427_,4.58µm
_25733_,4.58µm
_25862_,4.58µm
_25952_,4.58µm
_26114_,4.58µm
_26143_,4.58µm
_26185_,4.58µm
_26228_,4.58µm
_26230_,4.58µm
_26279_,4.58µm
_26444_,4.58µm
_26450_,4.58µm
_26500_,4.58µm
_26548_,4.58µm
_26759_,4.58µm
_26803_,4.58µm
_26813_,4.58µm
_26831_,4.58µm
_26942_,4.58µm
_26959_,4.58µm
_27316_,4.58µm
_27419_,4.58µm
_27534_,4.58µm
_27932_,4.58µm
_28137_,4.58µm
_28365_,4.58µm
_28379_,4.58µm
_28407_,4.58µm
i_core_v_mini_mcu.ao_peripheral_subsystem_i.obi_fifo_i.consumer_resp_i\[24\],4.58µm
i_core_v_mini_mcu.ao_peripheral_subsystem_i.power_manager_i.power_manager_reg_top_i.u_intr_state.wr_data\[10\],4.58µm
i_core_v_mini_mcu.ao_peripheral_subsystem_i.spi_subsystem_i.obi_spimemio_i.obi_to_picorv32_i.obi_resp_o\[8\],4.58µm
_00039_,4.53µm
_00095_,4.53µm
_00302_,4.53µm
_00509_,4.53µm
_00515_,4.53µm
_00523_,4.53µm
_00538_,4.53µm
_00645_,4.53µm
_00658_,4.53µm
_00789_,4.53µm
_00922_,4.53µm
_00967_,4.53µm
_01080_,4.53µm
_01177_,4.53µm
_01214_,4.53µm
_01316_,4.53µm
_01328_,4.53µm
_01342_,4.53µm
_01345_,4.53µm
_01444_,4.53µm
_01569_,4.53µm
_01783_,4.53µm
_01882_,4.53µm
_02071_,4.53µm
_02074_,4.53µm
_02151_,4.53µm
_02248_,4.53µm
_02350_,4.53µm
_02817_,4.53µm
_02997_,4.53µm
_03754_,4.53µm
_03877_,4.53µm
_03901_,4.53µm
_04058_,4.53µm
_04104_,4.53µm
_04249_,4.53µm
_04261_,4.53µm
_04294_,4.53µm
_04304_,4.53µm
_04406_,4.53µm
_04514_,4.53µm
_04600_,4.53µm
_04662_,4.53µm
_04698_,4.53µm
_04952_,4.53µm
_04977_,4.53µm
_05029_,4.53µm
_05284_,4.53µm
_05286_,4.53µm
_05293_,4.53µm
_05472_,4.53µm
_06092_,4.53µm
_06829_,4.53µm
_07283_,4.53µm
_07287_,4.53µm
_07322_,4.53µm
_07562_,4.53µm
_07652_,4.53µm
_07734_,4.53µm
_08018_,4.53µm
_08160_,4.53µm
_08227_,4.53µm
_08378_,4.53µm
_08713_,4.53µm
_09825_,4.53µm
_10471_,4.53µm
_10898_,4.53µm
_11160_,4.53µm
_11200_,4.53µm
_11213_,4.53µm
_11266_,4.53µm
_11269_,4.53µm
_11411_,4.53µm
_11453_,4.53µm
_11674_,4.53µm
_11684_,4.53µm
_11859_,4.53µm
_12013_,4.53µm
_12179_,4.53µm
_12356_,4.53µm
_12404_,4.53µm
_12491_,4.53µm
_12710_,4.53µm
_12733_,4.53µm
_12797_,4.53µm
_12862_,4.53µm
_13427_,4.53µm
_13454_,4.53µm
_13500_,4.53µm
_13584_,4.53µm
_13598_,4.53µm
_13698_,4.53µm
_13709_,4.53µm
_13816_,4.53µm
_13900_,4.53µm
_13952_,4.53µm
_13969_,4.53µm
_14584_,4.53µm
_14863_,4.53µm
_15311_,4.53µm
_15598_,4.53µm
_15785_,4.53µm
_16026_,4.53µm
_16203_,4.53µm
_16299_,4.53µm
_16375_,4.53µm
_16739_,4.53µm
_18259_,4.53µm
_18329_,4.53µm
_19222_,4.53µm
_19434_,4.53µm
_19676_,4.53µm
_21158_,4.53µm
_21361_,4.53µm
_21471_,4.53µm
_21513_,4.53µm
_21616_,4.53µm
_21812_,4.53µm
_21821_,4.53µm
_21885_,4.53µm
_21985_,4.53µm
_22012_,4.53µm
_22073_,4.53µm
_22125_,4.53µm
_22234_,4.53µm
_22252_,4.53µm
_22323_,4.53µm
_22465_,4.53µm
_22632_,4.53µm
_22725_,4.53µm
_22747_,4.53µm
_22755_,4.53µm
_22763_,4.53µm
_23101_,4.53µm
_23155_,4.53µm
_23309_,4.53µm
_23556_,4.53µm
_23732_,4.53µm
_24008_,4.53µm
_24056_,4.53µm
_24162_,4.53µm
_24425_,4.53µm
_24718_,4.53µm
_25351_,4.53µm
_25568_,4.53µm
_25603_,4.53µm
_25721_,4.53µm
_26387_,4.53µm
_26681_,4.53µm
_26981_,4.53µm
_27313_,4.53µm
_27451_,4.53µm
_27546_,4.53µm
_27727_,4.53µm
_27830_,4.53µm
_27909_,4.53µm
_28034_,4.53µm
_28109_,4.53µm
_28122_,4.53µm
_28161_,4.53µm
_28247_,4.53µm
_28255_,4.53µm
i_core_v_mini_mcu.ao_peripheral_subsystem_i.obi_fifo_i.consumer_data_req\[61\],4.53µm
i_core_v_mini_mcu.ao_peripheral_subsystem_i.periph_to_reg_i.r_rdata_d\[29\],4.53µm
i_core_v_mini_mcu.cpu_subsystem_i.cpu_1_0.i_servile.rf_ram_if.rtrig0,4.53µm
i_core_v_mini_mcu.peripheral_subsystem_i.obi_fifo_i.consumer_data_req\[21\],4.53µm
_00001_,4.48µm
_00006_,4.48µm
_00062_,4.48µm
_00067_,4.48µm
_00089_,4.48µm
_00115_,4.48µm
_00120_,4.48µm
_00131_,4.48µm
_00132_,4.48µm
_00140_,4.48µm
_00167_,4.48µm
_00181_,4.48µm
_00182_,4.48µm
_00186_,4.48µm
_00190_,4.48µm
_00215_,4.48µm
_00239_,4.48µm
_00240_,4.48µm
_00286_,4.48µm
_00317_,4.48µm
_00329_,4.48µm
_00337_,4.48µm
_00341_,4.48µm
_00380_,4.48µm
_00390_,4.48µm
_00393_,4.48µm
_00452_,4.48µm
_00457_,4.48µm
_00469_,4.48µm
_00501_,4.48µm
_00506_,4.48µm
_00526_,4.48µm
_00535_,4.48µm
_00540_,4.48µm
_00558_,4.48µm
_00595_,4.48µm
_00610_,4.48µm
_00646_,4.48µm
_00696_,4.48µm
_00700_,4.48µm
_00722_,4.48µm
_00724_,4.48µm
_00747_,4.48µm
_00767_,4.48µm
_00768_,4.48µm
_00793_,4.48µm
_00798_,4.48µm
_00802_,4.48µm
_00807_,4.48µm
_00824_,4.48µm
_00827_,4.48µm
_00848_,4.48µm
_00852_,4.48µm
_00937_,4.48µm
_00955_,4.48µm
_00958_,4.48µm
_00960_,4.48µm
_00985_,4.48µm
_00986_,4.48µm
_00990_,4.48µm
_01001_,4.48µm
_01013_,4.48µm
_01017_,4.48µm
_01019_,4.48µm
_01033_,4.48µm
_01037_,4.48µm
_01047_,4.48µm
_01049_,4.48µm
_01054_,4.48µm
_01067_,4.48µm
_01074_,4.48µm
_01076_,4.48µm
_01092_,4.48µm
_01099_,4.48µm
_01113_,4.48µm
_01227_,4.48µm
_01229_,4.48µm
_01257_,4.48µm
_01258_,4.48µm
_01272_,4.48µm
_01276_,4.48µm
_01280_,4.48µm
_01298_,4.48µm
_01313_,4.48µm
_01317_,4.48µm
_01322_,4.48µm
_01343_,4.48µm
_01423_,4.48µm
_01424_,4.48µm
_01427_,4.48µm
_01430_,4.48µm
_01476_,4.48µm
_01482_,4.48µm
_01488_,4.48µm
_01493_,4.48µm
_01504_,4.48µm
_01509_,4.48µm
_01530_,4.48µm
_01603_,4.48µm
_01608_,4.48µm
_01617_,4.48µm
_01637_,4.48µm
_01638_,4.48µm
_01642_,4.48µm
_01643_,4.48µm
_01654_,4.48µm
_01665_,4.48µm
_01677_,4.48µm
_01698_,4.48µm
_01709_,4.48µm
_01739_,4.48µm
_01740_,4.48µm
_01761_,4.48µm
_01772_,4.48µm
_01775_,4.48µm
_01791_,4.48µm
_01802_,4.48µm
_01829_,4.48µm
_01831_,4.48µm
_01832_,4.48µm
_01841_,4.48µm
_01857_,4.48µm
_01864_,4.48µm
_01963_,4.48µm
_01968_,4.48µm
_01986_,4.48µm
_02046_,4.48µm
_02078_,4.48µm
_02086_,4.48µm
_02093_,4.48µm
_02103_,4.48µm
_02109_,4.48µm
_02111_,4.48µm
_02169_,4.48µm
_02174_,4.48µm
_02183_,4.48µm
_02201_,4.48µm
_02209_,4.48µm
_02211_,4.48µm
_02243_,4.48µm
_02264_,4.48µm
_02272_,4.48µm
_02330_,4.48µm
_02357_,4.48µm
_02389_,4.48µm
_02426_,4.48µm
_02443_,4.48µm
_02488_,4.48µm
_02499_,4.48µm
_02541_,4.48µm
_02543_,4.48µm
_02552_,4.48µm
_02556_,4.48µm
_02558_,4.48µm
_02580_,4.48µm
_02585_,4.48µm
_02615_,4.48µm
_02637_,4.48µm
_02642_,4.48µm
_02670_,4.48µm
_02681_,4.48µm
_02685_,4.48µm
_02687_,4.48µm
_02693_,4.48µm
_02710_,4.48µm
_02736_,4.48µm
_02744_,4.48µm
_02750_,4.48µm
_02751_,4.48µm
_02756_,4.48µm
_02774_,4.48µm
_02779_,4.48µm
_02806_,4.48µm
_02808_,4.48µm
_02812_,4.48µm
_02823_,4.48µm
_02834_,4.48µm
_02839_,4.48µm
_02848_,4.48µm
_02851_,4.48µm
_02854_,4.48µm
_02855_,4.48µm
_02870_,4.48µm
_02871_,4.48µm
_02879_,4.48µm
_02881_,4.48µm
_02898_,4.48µm
_02901_,4.48µm
_02902_,4.48µm
_02903_,4.48µm
_02955_,4.48µm
_02962_,4.48µm
_02976_,4.48µm
_02978_,4.48µm
_02989_,4.48µm
_02991_,4.48µm
_02992_,4.48µm
_02998_,4.48µm
_03000_,4.48µm
_03006_,4.48µm
_03017_,4.48µm
_03021_,4.48µm
_03022_,4.48µm
_03032_,4.48µm
_03041_,4.48µm
_03046_,4.48µm
_03074_,4.48µm
_03080_,4.48µm
_03092_,4.48µm
_03093_,4.48µm
_03111_,4.48µm
_03114_,4.48µm
_03125_,4.48µm
_03132_,4.48µm
_03140_,4.48µm
_03157_,4.48µm
_03163_,4.48µm
_03173_,4.48µm
_03177_,4.48µm
_03181_,4.48µm
_03183_,4.48µm
_03184_,4.48µm
_03204_,4.48µm
_03206_,4.48µm
_03215_,4.48µm
_03219_,4.48µm
_03230_,4.48µm
_03232_,4.48µm
_03245_,4.48µm
_03250_,4.48µm
_03259_,4.48µm
_03265_,4.48µm
_03268_,4.48µm
_03274_,4.48µm
_03278_,4.48µm
_03279_,4.48µm
_03288_,4.48µm
_03300_,4.48µm
_03305_,4.48µm
_03308_,4.48µm
_03314_,4.48µm
_03315_,4.48µm
_03317_,4.48µm
_03318_,4.48µm
_03343_,4.48µm
_03347_,4.48µm
_03349_,4.48µm
_03353_,4.48µm
_03363_,4.48µm
_03367_,4.48µm
_03373_,4.48µm
_03376_,4.48µm
_03382_,4.48µm
_03404_,4.48µm
_03407_,4.48µm
_03410_,4.48µm
_03412_,4.48µm
_03419_,4.48µm
_03421_,4.48µm
_03422_,4.48µm
_03423_,4.48µm
_03429_,4.48µm
_03431_,4.48µm
_03438_,4.48µm
_03443_,4.48µm
_03445_,4.48µm
_03464_,4.48µm
_03467_,4.48µm
_03483_,4.48µm
_03493_,4.48µm
_03507_,4.48µm
_03508_,4.48µm
_03525_,4.48µm
_03527_,4.48µm
_03528_,4.48µm
_03534_,4.48µm
_03540_,4.48µm
_03543_,4.48µm
_03544_,4.48µm
_03547_,4.48µm
_03550_,4.48µm
_03551_,4.48µm
_03561_,4.48µm
_03584_,4.48µm
_03594_,4.48µm
_03595_,4.48µm
_03600_,4.48µm
_03602_,4.48µm
_03603_,4.48µm
_03604_,4.48µm
_03610_,4.48µm
_03620_,4.48µm
_03622_,4.48µm
_03623_,4.48µm
_03624_,4.48µm
_03627_,4.48µm
_03630_,4.48µm
_03632_,4.48µm
_03656_,4.48µm
_03660_,4.48µm
_03661_,4.48µm
_03662_,4.48µm
_03665_,4.48µm
_03668_,4.48µm
_03738_,4.48µm
_03755_,4.48µm
_03792_,4.48µm
_03793_,4.48µm
_03800_,4.48µm
_03807_,4.48µm
_03818_,4.48µm
_03823_,4.48µm
_03831_,4.48µm
_03864_,4.48µm
_03900_,4.48µm
_03916_,4.48µm
_03933_,4.48µm
_03946_,4.48µm
_03991_,4.48µm
_04025_,4.48µm
_04028_,4.48µm
_04040_,4.48µm
_04044_,4.48µm
_04105_,4.48µm
_04107_,4.48µm
_04109_,4.48µm
_04118_,4.48µm
_04151_,4.48µm
_04191_,4.48µm
_04217_,4.48µm
_04232_,4.48µm
_04235_,4.48µm
_04260_,4.48µm
_04269_,4.48µm
_04275_,4.48µm
_04303_,4.48µm
_04312_,4.48µm
_04360_,4.48µm
_04373_,4.48µm
_04374_,4.48µm
_04384_,4.48µm
_04439_,4.48µm
_04448_,4.48µm
_04466_,4.48µm
_04477_,4.48µm
_04511_,4.48µm
_04537_,4.48µm
_04557_,4.48µm
_04566_,4.48µm
_04573_,4.48µm
_04589_,4.48µm
_04592_,4.48µm
_04601_,4.48µm
_04639_,4.48µm
_04649_,4.48µm
_04663_,4.48µm
_04675_,4.48µm
_04685_,4.48µm
_04719_,4.48µm
_04766_,4.48µm
_04769_,4.48µm
_04803_,4.48µm
_04804_,4.48µm
_04818_,4.48µm
_04826_,4.48µm
_04829_,4.48µm
_04876_,4.48µm
_04878_,4.48µm
_04881_,4.48µm
_04894_,4.48µm
_04927_,4.48µm
_04993_,4.48µm
_04994_,4.48µm
_05007_,4.48µm
_05008_,4.48µm
_05022_,4.48µm
_05030_,4.48µm
_05036_,4.48µm
_05068_,4.48µm
_05086_,4.48µm
_05099_,4.48µm
_05173_,4.48µm
_05176_,4.48µm
_05194_,4.48µm
_05233_,4.48µm
_05238_,4.48µm
_05287_,4.48µm
_05295_,4.48µm
_05297_,4.48µm
_05330_,4.48µm
_05337_,4.48µm
_05356_,4.48µm
_05362_,4.48µm
_05381_,4.48µm
_05391_,4.48µm
_05425_,4.48µm
_05541_,4.48µm
_05704_,4.48µm
_05800_,4.48µm
_05854_,4.48µm
_06147_,4.48µm
_06154_,4.48µm
_06202_,4.48µm
_06229_,4.48µm
_06294_,4.48µm
_06518_,4.48µm
_06554_,4.48µm
_06847_,4.48µm
_06886_,4.48µm
_07074_,4.48µm
_07122_,4.48µm
_07203_,4.48µm
_07387_,4.48µm
_07804_,4.48µm
_07888_,4.48µm
_07915_,4.48µm
_07919_,4.48µm
_07993_,4.48µm
_08019_,4.48µm
_08186_,4.48µm
_08236_,4.48µm
_08359_,4.48µm
_08394_,4.48µm
_08411_,4.48µm
_08425_,4.48µm
_08427_,4.48µm
_08448_,4.48µm
_08647_,4.48µm
_08685_,4.48µm
_09020_,4.48µm
_09031_,4.48µm
_09032_,4.48µm
_09080_,4.48µm
_09288_,4.48µm
_09519_,4.48µm
_09539_,4.48µm
_09556_,4.48µm
_09573_,4.48µm
_09589_,4.48µm
_09748_,4.48µm
_09772_,4.48µm
_09802_,4.48µm
_09831_,4.48µm
_09834_,4.48µm
_09836_,4.48µm
_10189_,4.48µm
_10328_,4.48µm
_10367_,4.48µm
_10391_,4.48µm
_10410_,4.48µm
_10417_,4.48µm
_10462_,4.48µm
_10484_,4.48µm
_10717_,4.48µm
_10787_,4.48µm
_10831_,4.48µm
_10836_,4.48µm
_10860_,4.48µm
_10902_,4.48µm
_10990_,4.48µm
_11053_,4.48µm
_11073_,4.48µm
_11083_,4.48µm
_11120_,4.48µm
_11132_,4.48µm
_11140_,4.48µm
_11157_,4.48µm
_11193_,4.48µm
_11245_,4.48µm
_11271_,4.48µm
_11310_,4.48µm
_11429_,4.48µm
_11627_,4.48µm
_11740_,4.48µm
_11752_,4.48µm
_11843_,4.48µm
_11941_,4.48µm
_11954_,4.48µm
_11985_,4.48µm
_12003_,4.48µm
_12092_,4.48µm
_12156_,4.48µm
_12177_,4.48µm
_12312_,4.48µm
_12353_,4.48µm
_12467_,4.48µm
_12505_,4.48µm
_12576_,4.48µm
_12684_,4.48µm
_12706_,4.48µm
_12796_,4.48µm
_12803_,4.48µm
_12818_,4.48µm
_12900_,4.48µm
_12952_,4.48µm
_13035_,4.48µm
_13207_,4.48µm
_13213_,4.48µm
_13300_,4.48µm
_13321_,4.48µm
_13326_,4.48µm
_13348_,4.48µm
_13358_,4.48µm
_13372_,4.48µm
_13401_,4.48µm
_13477_,4.48µm
_13516_,4.48µm
_13583_,4.48µm
_13587_,4.48µm
_13625_,4.48µm
_13664_,4.48µm
_13705_,4.48µm
_13847_,4.48µm
_13875_,4.48µm
_13902_,4.48µm
_13910_,4.48µm
_13912_,4.48µm
_13955_,4.48µm
_13972_,4.48µm
_14088_,4.48µm
_14120_,4.48µm
_14128_,4.48µm
_14150_,4.48µm
_14282_,4.48µm
_14299_,4.48µm
_14300_,4.48µm
_14312_,4.48µm
_14313_,4.48µm
_14845_,4.48µm
_14929_,4.48µm
_15111_,4.48µm
_15112_,4.48µm
_15186_,4.48µm
_15266_,4.48µm
_15268_,4.48µm
_15383_,4.48µm
_15441_,4.48µm
_15444_,4.48µm
_15550_,4.48µm
_15830_,4.48µm
_15939_,4.48µm
_16015_,4.48µm
_16096_,4.48µm
_16159_,4.48µm
_16160_,4.48µm
_16283_,4.48µm
_16336_,4.48µm
_16387_,4.48µm
_16585_,4.48µm
_16740_,4.48µm
_17030_,4.48µm
_17132_,4.48µm
_17137_,4.48µm
_17165_,4.48µm
_17347_,4.48µm
_17442_,4.48µm
_17523_,4.48µm
_17708_,4.48µm
_17760_,4.48µm
_17768_,4.48µm
_17795_,4.48µm
_18003_,4.48µm
_18314_,4.48µm
_18315_,4.48µm
_18319_,4.48µm
_18367_,4.48µm
_18370_,4.48µm
_18387_,4.48µm
_18395_,4.48µm
_18602_,4.48µm
_18697_,4.48µm
_18739_,4.48µm
_18949_,4.48µm
_18969_,4.48µm
_19012_,4.48µm
_19167_,4.48µm
_19211_,4.48µm
_19344_,4.48µm
_19597_,4.48µm
_19608_,4.48µm
_19634_,4.48µm
_19736_,4.48µm
_19765_,4.48µm
_19801_,4.48µm
_19806_,4.48µm
_19876_,4.48µm
_19907_,4.48µm
_19984_,4.48µm
_20068_,4.48µm
_20127_,4.48µm
_20145_,4.48µm
_20175_,4.48µm
_20246_,4.48µm
_20293_,4.48µm
_20475_,4.48µm
_20487_,4.48µm
_20725_,4.48µm
_20798_,4.48µm
_20852_,4.48µm
_20921_,4.48µm
_21054_,4.48µm
_21075_,4.48µm
_21103_,4.48µm
_21180_,4.48µm
_21238_,4.48µm
_21268_,4.48µm
_21271_,4.48µm
_21324_,4.48µm
_21408_,4.48µm
_21424_,4.48µm
_21470_,4.48µm
_21476_,4.48µm
_21541_,4.48µm
_21651_,4.48µm
_21657_,4.48µm
_21697_,4.48µm
_21727_,4.48µm
_21736_,4.48µm
_21896_,4.48µm
_21931_,4.48µm
_21950_,4.48µm
_22108_,4.48µm
_22171_,4.48µm
_22191_,4.48µm
_22346_,4.48µm
_22386_,4.48µm
_22404_,4.48µm
_22407_,4.48µm
_22453_,4.48µm
_22490_,4.48µm
_22520_,4.48µm
_22559_,4.48µm
_22706_,4.48µm
_22709_,4.48µm
_22738_,4.48µm
_22746_,4.48µm
_22757_,4.48µm
_22795_,4.48µm
_22844_,4.48µm
_22848_,4.48µm
_22880_,4.48µm
_22881_,4.48µm
_22889_,4.48µm
_22891_,4.48µm
_23098_,4.48µm
_23109_,4.48µm
_23115_,4.48µm
_23132_,4.48µm
_23152_,4.48µm
_23195_,4.48µm
_23224_,4.48µm
_23238_,4.48µm
_23363_,4.48µm
_23377_,4.48µm
_23431_,4.48µm
_23453_,4.48µm
_23470_,4.48µm
_23529_,4.48µm
_23590_,4.48µm
_23665_,4.48µm
_23947_,4.48µm
_24010_,4.48µm
_24047_,4.48µm
_24136_,4.48µm
_24231_,4.48µm
_24264_,4.48µm
_24358_,4.48µm
_24371_,4.48µm
_24539_,4.48µm
_24579_,4.48µm
_24590_,4.48µm
_24616_,4.48µm
_24627_,4.48µm
_24716_,4.48µm
_24882_,4.48µm
_24972_,4.48µm
_25066_,4.48µm
_25109_,4.48µm
_25140_,4.48µm
_25221_,4.48µm
_25235_,4.48µm
_25323_,4.48µm
_25516_,4.48µm
_25663_,4.48µm
_25735_,4.48µm
_25925_,4.48µm
_25968_,4.48µm
_26034_,4.48µm
_26189_,4.48µm
_26201_,4.48µm
_26274_,4.48µm
_26297_,4.48µm
_26402_,4.48µm
_26454_,4.48µm
_26486_,4.48µm
_26534_,4.48µm
_26569_,4.48µm
_26626_,4.48µm
_26784_,4.48µm
_26929_,4.48µm
_26937_,4.48µm
_26943_,4.48µm
_27120_,4.48µm
_27177_,4.48µm
_27196_,4.48µm
_27233_,4.48µm
_27263_,4.48µm
_27267_,4.48µm
_27272_,4.48µm
_27335_,4.48µm
_27366_,4.48µm
_27367_,4.48µm
_27396_,4.48µm
_27509_,4.48µm
_27516_,4.48µm
_27518_,4.48µm
_27638_,4.48µm
_27649_,4.48µm
_27667_,4.48µm
_27724_,4.48µm
_27764_,4.48µm
_27842_,4.48µm
_27961_,4.48µm
_27987_,4.48µm
_28054_,4.48µm
_28102_,4.48µm
_28268_,4.48µm
_28399_,4.48µm
i_core_v_mini_mcu.ao_peripheral_subsystem_i.obi_fifo_i.consumer_data_req_q\[4\],4.48µm
i_core_v_mini_mcu.ao_peripheral_subsystem_i.periph_to_reg_i.r_rdata_d\[18\],4.48µm
i_core_v_mini_mcu.ao_peripheral_subsystem_i.power_manager_i.power_manager_reg_top_i.u_intr_state.wr_data\[3\],4.48µm
i_core_v_mini_mcu.ao_peripheral_subsystem_i.spi_subsystem_i.obi_spimemio_i.spimemio_i.din_data\[4\],4.48µm
i_core_v_mini_mcu.ao_peripheral_subsystem_i.spi_subsystem_i.obi_spimemio_i.spimemio_i.xfer_io1_90,4.48µm
i_core_v_mini_mcu.cpu_subsystem_i.cpu_1_0.i_servile.cpu.immdec.gen_immdec_w_eq_1.imm30_25\[5\],4.48µm
i_core_v_mini_mcu.peripheral_subsystem_i.uart_i.uart_core.uart_tx.sreg_q\[2\],4.48µm
_08604_,4.25µm
_05616_,4.2µm
_00592_,4.07µm
_02381_,4.07µm
_07356_,4.07µm
_08189_,4.07µm
_23834_,4.07µm
_05115_,4.02µm
_05413_,4.02µm
_05544_,4.02µm
_05572_,4.02µm
_05576_,4.02µm
_05644_,4.02µm
_05825_,4.02µm
_05862_,4.02µm
_05904_,4.02µm
_06721_,4.02µm
_06818_,4.02µm
_06950_,4.02µm
_07052_,4.02µm
_07441_,4.02µm
_07572_,4.02µm
_08066_,4.02µm
_08068_,4.02µm
_08428_,4.02µm
_08496_,4.02µm
_08528_,4.02µm
_08568_,4.02µm
_08725_,4.02µm
_08937_,4.02µm
_08949_,4.02µm
_09130_,4.02µm
_09638_,4.02µm
_09776_,4.02µm
_10313_,4.02µm
_10738_,4.02µm
_11412_,4.02µm
_11593_,4.02µm
_11830_,4.02µm
_11986_,4.02µm
_12032_,4.02µm
_12195_,4.02µm
_12331_,4.02µm
_12332_,4.02µm
_12492_,4.02µm
_13200_,4.02µm
_13216_,4.02µm
_13653_,4.02µm
_13835_,4.02µm
_13887_,4.02µm
_14461_,4.02µm
_14658_,4.02µm
_14709_,4.02µm
_14759_,4.02µm
_14764_,4.02µm
_14816_,4.02µm
_14818_,4.02µm
_14998_,4.02µm
_15171_,4.02µm
_15193_,4.02µm
_15300_,4.02µm
_15334_,4.02µm
_15405_,4.02µm
_15494_,4.02µm
_15672_,4.02µm
_15740_,4.02µm
_15868_,4.02µm
_15935_,4.02µm
_16066_,4.02µm
_16177_,4.02µm
_16402_,4.02µm
_16511_,4.02µm
_16573_,4.02µm
_16607_,4.02µm
_16630_,4.02µm
_16636_,4.02µm
_16642_,4.02µm
_16665_,4.02µm
_16764_,4.02µm
_16783_,4.02µm
_17191_,4.02µm
_17300_,4.02µm
_17406_,4.02µm
_17444_,4.02µm
_17538_,4.02µm
_17548_,4.02µm
_17683_,4.02µm
_17955_,4.02µm
_18013_,4.02µm
_18123_,4.02µm
_18260_,4.02µm
_18748_,4.02µm
_19116_,4.02µm
_19762_,4.02µm
_20044_,4.02µm
_20065_,4.02µm
_20228_,4.02µm
_20238_,4.02µm
_20342_,4.02µm
_20871_,4.02µm
_20974_,4.02µm
_21090_,4.02µm
_21095_,4.02µm
_21496_,4.02µm
_21538_,4.02µm
_22113_,4.02µm
_22320_,4.02µm
_22580_,4.02µm
_22635_,4.02µm
_22752_,4.02µm
_22762_,4.02µm
_22769_,4.02µm
_22794_,4.02µm
_22930_,4.02µm
_22938_,4.02µm
_22969_,4.02µm
_23079_,4.02µm
_23142_,4.02µm
_23295_,4.02µm
_23449_,4.02µm
_23722_,4.02µm
_23726_,4.02µm
_24246_,4.02µm
_24254_,4.02µm
_24851_,4.02µm
_25061_,4.02µm
_26253_,4.02µm
_26700_,4.02µm
_26791_,4.02µm
_27048_,4.02µm
_27309_,4.02µm
_27631_,4.02µm
_27865_,4.02µm
_27930_,4.02µm
_28066_,4.02µm
_28088_,4.02µm
_28171_,4.02µm
_28401_,4.02µm
_28419_,4.02µm
_00906_,3.97µm
_00919_,3.97µm
_00925_,3.97µm
_00976_,3.97µm
_01137_,3.97µm
_01241_,3.97µm
_01455_,3.97µm
_01576_,3.97µm
_01753_,3.97µm
_01890_,3.97µm
_01943_,3.97µm
_01996_,3.97µm
_02256_,3.97µm
_02261_,3.97µm
_02603_,3.97µm
_03697_,3.97µm
_04421_,3.97µm
_06221_,3.97µm
_06438_,3.97µm
_07399_,3.97µm
_08061_,3.97µm
_08481_,3.97µm
_08563_,3.97µm
_08795_,3.97µm
_09070_,3.97µm
_09812_,3.97µm
_09882_,3.97µm
_10851_,3.97µm
_10935_,3.97µm
_11072_,3.97µm
_11119_,3.97µm
_11487_,3.97µm
_11612_,3.97µm
_11713_,3.97µm
_11731_,3.97µm
_11745_,3.97µm
_11884_,3.97µm
_12683_,3.97µm
_13047_,3.97µm
_13223_,3.97µm
_13306_,3.97µm
_13377_,3.97µm
_13666_,3.97µm
_13778_,3.97µm
_13855_,3.97µm
_14600_,3.97µm
_15536_,3.97µm
_15684_,3.97µm
_15725_,3.97µm
_16088_,3.97µm
_16103_,3.97µm
_16289_,3.97µm
_16615_,3.97µm
_16641_,3.97µm
_16981_,3.97µm
_18682_,3.97µm
_19265_,3.97µm
_20043_,3.97µm
_20680_,3.97µm
_20905_,3.97µm
_20940_,3.97µm
_20982_,3.97µm
_21058_,3.97µm
_21074_,3.97µm
_21298_,3.97µm
_21961_,3.97µm
_21969_,3.97µm
_22316_,3.97µm
_22621_,3.97µm
_22646_,3.97µm
_23120_,3.97µm
_23956_,3.97µm
_23971_,3.97µm
_24091_,3.97µm
_24551_,3.97µm
_24580_,3.97µm
_24753_,3.97µm
_25260_,3.97µm
_25352_,3.97µm
_25391_,3.97µm
_25797_,3.97µm
_25875_,3.97µm
_25886_,3.97µm
_26032_,3.97µm
_26446_,3.97µm
_26568_,3.97µm
_26671_,3.97µm
_26683_,3.97µm
_26736_,3.97µm
_27005_,3.97µm
_27159_,3.97µm
_27306_,3.97µm
_27400_,3.97µm
_27820_,3.97µm
_27871_,3.97µm
_27960_,3.97µm
_27966_,3.97µm
_28215_,3.97µm
_00023_,3.92µm
_00088_,3.92µm
_00093_,3.92µm
_00113_,3.92µm
_00151_,3.92µm
_00210_,3.92µm
_00221_,3.92µm
_00259_,3.92µm
_00261_,3.92µm
_00268_,3.92µm
_00289_,3.92µm
_00290_,3.92µm
_00297_,3.92µm
_00298_,3.92µm
_00304_,3.92µm
_00313_,3.92µm
_00316_,3.92µm
_00323_,3.92µm
_00325_,3.92µm
_00338_,3.92µm
_00343_,3.92µm
_00351_,3.92µm
_00386_,3.92µm
_00394_,3.92µm
_00445_,3.92µm
_00446_,3.92µm
_00447_,3.92µm
_00453_,3.92µm
_00454_,3.92µm
_00455_,3.92µm
_00456_,3.92µm
_00471_,3.92µm
_00485_,3.92µm
_00493_,3.92µm
_00497_,3.92µm
_00498_,3.92µm
_00505_,3.92µm
_00529_,3.92µm
_00542_,3.92µm
_00556_,3.92µm
_00577_,3.92µm
_00581_,3.92µm
_00584_,3.92µm
_00609_,3.92µm
_00611_,3.92µm
_00617_,3.92µm
_00630_,3.92µm
_00631_,3.92µm
_00633_,3.92µm
_00641_,3.92µm
_00642_,3.92µm
_00647_,3.92µm
_00660_,3.92µm
_00683_,3.92µm
_00685_,3.92µm
_00686_,3.92µm
_00692_,3.92µm
_00714_,3.92µm
_00716_,3.92µm
_00728_,3.92µm
_00742_,3.92µm
_00750_,3.92µm
_00773_,3.92µm
_00774_,3.92µm
_00776_,3.92µm
_00782_,3.92µm
_00823_,3.92µm
_00839_,3.92µm
_00850_,3.92µm
_00858_,3.92µm
_00876_,3.92µm
_00895_,3.92µm
_00942_,3.92µm
_00944_,3.92µm
_00949_,3.92µm
_00953_,3.92µm
_00979_,3.92µm
_00980_,3.92µm
_00982_,3.92µm
_00987_,3.92µm
_01030_,3.92µm
_01040_,3.92µm
_01042_,3.92µm
_01057_,3.92µm
_01078_,3.92µm
_01118_,3.92µm
_01125_,3.92µm
_01154_,3.92µm
_01175_,3.92µm
_01180_,3.92µm
_01195_,3.92µm
_01201_,3.92µm
_01207_,3.92µm
_01221_,3.92µm
_01238_,3.92µm
_01239_,3.92µm
_01240_,3.92µm
_01243_,3.92µm
_01261_,3.92µm
_01268_,3.92µm
_01305_,3.92µm
_01306_,3.92µm
_01336_,3.92µm
_01340_,3.92µm
_01347_,3.92µm
_01387_,3.92µm
_01475_,3.92µm
_01497_,3.92µm
_01550_,3.92µm
_01580_,3.92µm
_01585_,3.92µm
_01593_,3.92µm
_01631_,3.92µm
_01634_,3.92µm
_01652_,3.92µm
_01701_,3.92µm
_01703_,3.92µm
_01749_,3.92µm
_01750_,3.92µm
_01754_,3.92µm
_01756_,3.92µm
_01760_,3.92µm
_01765_,3.92µm
_01785_,3.92µm
_01809_,3.92µm
_01851_,3.92µm
_01854_,3.92µm
_01861_,3.92µm
_01901_,3.92µm
_01917_,3.92µm
_01929_,3.92µm
_01946_,3.92µm
_01965_,3.92µm
_01989_,3.92µm
_02002_,3.92µm
_02006_,3.92µm
_02010_,3.92µm
_02090_,3.92µm
_02096_,3.92µm
_02105_,3.92µm
_02184_,3.92µm
_02189_,3.92µm
_02192_,3.92µm
_02210_,3.92µm
_02227_,3.92µm
_02233_,3.92µm
_02234_,3.92µm
_02235_,3.92µm
_02283_,3.92µm
_02291_,3.92µm
_02301_,3.92µm
_02305_,3.92µm
_02336_,3.92µm
_02353_,3.92µm
_02384_,3.92µm
_02385_,3.92µm
_02434_,3.92µm
_02440_,3.92µm
_02451_,3.92µm
_02535_,3.92µm
_02547_,3.92µm
_02549_,3.92µm
_02571_,3.92µm
_02579_,3.92µm
_02592_,3.92µm
_02619_,3.92µm
_02658_,3.92µm
_02671_,3.92µm
_02724_,3.92µm
_02906_,3.92µm
_02912_,3.92µm
_02915_,3.92µm
_02931_,3.92µm
_02947_,3.92µm
_02960_,3.92µm
_03001_,3.92µm
_03002_,3.92µm
_03029_,3.92µm
_03031_,3.92µm
_03078_,3.92µm
_03195_,3.92µm
_03213_,3.92µm
_03255_,3.92µm
_03304_,3.92µm
_03312_,3.92µm
_03328_,3.92µm
_03331_,3.92µm
_03342_,3.92µm
_03346_,3.92µm
_03352_,3.92µm
_03359_,3.92µm
_03369_,3.92µm
_03430_,3.92µm
_03455_,3.92µm
_03476_,3.92µm
_03484_,3.92µm
_03523_,3.92µm
_03536_,3.92µm
_03546_,3.92µm
_03608_,3.92µm
_03655_,3.92µm
_03694_,3.92µm
_03718_,3.92µm
_03726_,3.92µm
_03791_,3.92µm
_03808_,3.92µm
_03862_,3.92µm
_03884_,3.92µm
_03904_,3.92µm
_03909_,3.92µm
_03978_,3.92µm
_04122_,3.92µm
_04124_,3.92µm
_04128_,3.92µm
_04161_,3.92µm
_04165_,3.92µm
_04175_,3.92µm
_04183_,3.92µm
_04209_,3.92µm
_04216_,3.92µm
_04234_,3.92µm
_04241_,3.92µm
_04252_,3.92µm
_04262_,3.92µm
_04268_,3.92µm
_04293_,3.92µm
_04323_,3.92µm
_04353_,3.92µm
_04357_,3.92µm
_04405_,3.92µm
_04414_,3.92µm
_04429_,3.92µm
_04469_,3.92µm
_04484_,3.92µm
_04500_,3.92µm
_04516_,3.92µm
_04518_,3.92µm
_04538_,3.92µm
_04551_,3.92µm
_04560_,3.92µm
_04567_,3.92µm
_04591_,3.92µm
_04617_,3.92µm
_04642_,3.92µm
_04664_,3.92µm
_04674_,3.92µm
_04700_,3.92µm
_04742_,3.92µm
_04768_,3.92µm
_04775_,3.92µm
_04811_,3.92µm
_04831_,3.92µm
_04860_,3.92µm
_04874_,3.92µm
_04895_,3.92µm
_04903_,3.92µm
_04910_,3.92µm
_05112_,3.92µm
_05174_,3.92µm
_05180_,3.92µm
_05197_,3.92µm
_05201_,3.92µm
_05202_,3.92µm
_05208_,3.92µm
_05210_,3.92µm
_05213_,3.92µm
_05236_,3.92µm
_05340_,3.92µm
_05357_,3.92µm
_05366_,3.92µm
_05374_,3.92µm
_05383_,3.92µm
_05515_,3.92µm
_05676_,3.92µm
_05849_,3.92µm
_05897_,3.92µm
_05932_,3.92µm
_05947_,3.92µm
_05953_,3.92µm
_05961_,3.92µm
_06015_,3.92µm
_06029_,3.92µm
_06063_,3.92µm
_06150_,3.92µm
_06223_,3.92µm
_06238_,3.92µm
_06245_,3.92µm
_06274_,3.92µm
_06398_,3.92µm
_06433_,3.92µm
_06469_,3.92µm
_06598_,3.92µm
_06630_,3.92µm
_06681_,3.92µm
_06706_,3.92µm
_06914_,3.92µm
_06920_,3.92µm
_06929_,3.92µm
_06965_,3.92µm
_07194_,3.92µm
_07200_,3.92µm
_07256_,3.92µm
_07428_,3.92µm
_07644_,3.92µm
_07657_,3.92µm
_07696_,3.92µm
_07706_,3.92µm
_07709_,3.92µm
_07840_,3.92µm
_07898_,3.92µm
_08162_,3.92µm
_08329_,3.92µm
_08389_,3.92µm
_08424_,3.92µm
_08469_,3.92µm
_08540_,3.92µm
_08579_,3.92µm
_08609_,3.92µm
_08664_,3.92µm
_08791_,3.92µm
_08798_,3.92µm
_08855_,3.92µm
_08865_,3.92µm
_08935_,3.92µm
_08982_,3.92µm
_09042_,3.92µm
_09132_,3.92µm
_09430_,3.92µm
_09608_,3.92µm
_09865_,3.92µm
_09884_,3.92µm
_09919_,3.92µm
_10006_,3.92µm
_10397_,3.92µm
_10467_,3.92µm
_10531_,3.92µm
_10758_,3.92µm
_10835_,3.92µm
_10871_,3.92µm
_10936_,3.92µm
_10954_,3.92µm
_10987_,3.92µm
_11001_,3.92µm
_11028_,3.92µm
_11094_,3.92µm
_11099_,3.92µm
_11152_,3.92µm
_11205_,3.92µm
_11273_,3.92µm
_11311_,3.92µm
_11421_,3.92µm
_11430_,3.92µm
_11438_,3.92µm
_11445_,3.92µm
_11559_,3.92µm
_11622_,3.92µm
_11635_,3.92µm
_11739_,3.92µm
_11766_,3.92µm
_11767_,3.92µm
_11809_,3.92µm
_11905_,3.92µm
_12063_,3.92µm
_12111_,3.92µm
_12120_,3.92µm
_12436_,3.92µm
_12509_,3.92µm
_12528_,3.92µm
_12563_,3.92µm
_12656_,3.92µm
_12658_,3.92µm
_12705_,3.92µm
_12734_,3.92µm
_12783_,3.92µm
_12841_,3.92µm
_12968_,3.92µm
_13071_,3.92µm
_13081_,3.92µm
_13082_,3.92µm
_13142_,3.92µm
_13212_,3.92µm
_13248_,3.92µm
_13298_,3.92µm
_13383_,3.92µm
_13396_,3.92µm
_13486_,3.92µm
_13491_,3.92µm
_13507_,3.92µm
_13522_,3.92µm
_13550_,3.92µm
_13560_,3.92µm
_13567_,3.92µm
_13594_,3.92µm
_13644_,3.92µm
_13734_,3.92µm
_13756_,3.92µm
_13892_,3.92µm
_13958_,3.92µm
_14069_,3.92µm
_14166_,3.92µm
_14229_,3.92µm
_14319_,3.92µm
_14322_,3.92µm
_14945_,3.92µm
_15033_,3.92µm
_15085_,3.92µm
_15099_,3.92µm
_15128_,3.92µm
_15145_,3.92µm
_15189_,3.92µm
_15194_,3.92µm
_15275_,3.92µm
_15370_,3.92µm
_15503_,3.92µm
_15519_,3.92µm
_15824_,3.92µm
_15847_,3.92µm
_15915_,3.92µm
_15938_,3.92µm
_15988_,3.92µm
_16138_,3.92µm
_16204_,3.92µm
_16242_,3.92µm
_16252_,3.92µm
_16319_,3.92µm
_16357_,3.92µm
_16401_,3.92µm
_16462_,3.92µm
_16650_,3.92µm
_16697_,3.92µm
_16717_,3.92µm
_16725_,3.92µm
_16799_,3.92µm
_16841_,3.92µm
_16846_,3.92µm
_16924_,3.92µm
_16925_,3.92µm
_17057_,3.92µm
_17113_,3.92µm
_17189_,3.92µm
_17353_,3.92µm
_17695_,3.92µm
_17751_,3.92µm
_17819_,3.92µm
_17864_,3.92µm
_17992_,3.92µm
_18274_,3.92µm
_18407_,3.92µm
_18714_,3.92µm
_18768_,3.92µm
_18860_,3.92µm
_18914_,3.92µm
_19002_,3.92µm
_19040_,3.92µm
_19179_,3.92µm
_19189_,3.92µm
_19262_,3.92µm
_19286_,3.92µm
_19287_,3.92µm
_19347_,3.92µm
_19357_,3.92µm
_19387_,3.92µm
_19399_,3.92µm
_19465_,3.92µm
_19482_,3.92µm
_19501_,3.92µm
_19570_,3.92µm
_19577_,3.92µm
_19619_,3.92µm
_19636_,3.92µm
_19661_,3.92µm
_19668_,3.92µm
_19708_,3.92µm
_19726_,3.92µm
_19751_,3.92µm
_19770_,3.92µm
_19822_,3.92µm
_19832_,3.92µm
_19877_,3.92µm
_20004_,3.92µm
_20070_,3.92µm
_20108_,3.92µm
_20192_,3.92µm
_20359_,3.92µm
_20391_,3.92µm
_20481_,3.92µm
_20484_,3.92µm
_20606_,3.92µm
_20780_,3.92µm
_20889_,3.92µm
_20934_,3.92µm
_20996_,3.92µm
_21043_,3.92µm
_21055_,3.92µm
_21167_,3.92µm
_21183_,3.92µm
_21278_,3.92µm
_21314_,3.92µm
_21377_,3.92µm
_21512_,3.92µm
_21523_,3.92µm
_21535_,3.92µm
_21552_,3.92µm
_21597_,3.92µm
_21605_,3.92µm
_21613_,3.92µm
_21721_,3.92µm
_21753_,3.92µm
_21768_,3.92µm
_21919_,3.92µm
_21925_,3.92µm
_21968_,3.92µm
_22084_,3.92µm
_22086_,3.92µm
_22131_,3.92µm
_22160_,3.92µm
_22175_,3.92µm
_22355_,3.92µm
_22406_,3.92µm
_22410_,3.92µm
_22451_,3.92µm
_22478_,3.92µm
_22480_,3.92µm
_22487_,3.92µm
_22497_,3.92µm
_22505_,3.92µm
_22524_,3.92µm
_22695_,3.92µm
_22697_,3.92µm
_22711_,3.92µm
_22737_,3.92µm
_22742_,3.92µm
_22774_,3.92µm
_22783_,3.92µm
_22805_,3.92µm
_22820_,3.92µm
_22886_,3.92µm
_22929_,3.92µm
_22992_,3.92µm
_23146_,3.92µm
_23159_,3.92µm
_23179_,3.92µm
_23262_,3.92µm
_23469_,3.92µm
_23471_,3.92µm
_23480_,3.92µm
_23483_,3.92µm
_23582_,3.92µm
_23631_,3.92µm
_23920_,3.92µm
_23925_,3.92µm
_23940_,3.92µm
_23963_,3.92µm
_23966_,3.92µm
_24017_,3.92µm
_24024_,3.92µm
_24216_,3.92µm
_24225_,3.92µm
_24352_,3.92µm
_24427_,3.92µm
_24474_,3.92µm
_24492_,3.92µm
_24633_,3.92µm
_24675_,3.92µm
_24785_,3.92µm
_24883_,3.92µm
_24898_,3.92µm
_24978_,3.92µm
_25127_,3.92µm
_25166_,3.92µm
_25183_,3.92µm
_25242_,3.92µm
_25319_,3.92µm
_25336_,3.92µm
_25444_,3.92µm
_25504_,3.92µm
_25677_,3.92µm
_25731_,3.92µm
_25771_,3.92µm
_25772_,3.92µm
_25829_,3.92µm
_25931_,3.92µm
_25983_,3.92µm
_26035_,3.92µm
_26063_,3.92µm
_26150_,3.92µm
_26169_,3.92µm
_26282_,3.92µm
_26423_,3.92µm
_26502_,3.92µm
_26519_,3.92µm
_26525_,3.92µm
_26567_,3.92µm
_26571_,3.92µm
_26680_,3.92µm
_26723_,3.92µm
_26750_,3.92µm
_26757_,3.92µm
_26773_,3.92µm
_26788_,3.92µm
_26795_,3.92µm
_26825_,3.92µm
_26882_,3.92µm
_26938_,3.92µm
_26944_,3.92µm
_26965_,3.92µm
_26975_,3.92µm
_27034_,3.92µm
_27070_,3.92µm
_27225_,3.92µm
_27291_,3.92µm
_27307_,3.92µm
_27324_,3.92µm
_27421_,3.92µm
_27431_,3.92µm
_27448_,3.92µm
_27457_,3.92µm
_27497_,3.92µm
_27523_,3.92µm
_27569_,3.92µm
_27760_,3.92µm
_27823_,3.92µm
_27967_,3.92µm
_27969_,3.92µm
_27970_,3.92µm
_28062_,3.92µm
_28070_,3.92µm
_28076_,3.92µm
_28106_,3.92µm
_28175_,3.92µm
_28226_,3.92µm
_28231_,3.92µm
_28276_,3.92µm
_28335_,3.92µm
_28384_,3.92µm
_28432_,3.92µm
i_core_v_mini_mcu.ao_peripheral_subsystem_i.obi_fifo_i.consumer_resp_i\[10\],3.92µm
i_core_v_mini_mcu.ao_peripheral_subsystem_i.obi_fifo_i.consumer_resp_i\[18\],3.92µm
i_core_v_mini_mcu.ao_peripheral_subsystem_i.periph_to_reg_i.r_rdata_d\[26\],3.92µm
i_core_v_mini_mcu.ao_peripheral_subsystem_i.power_manager_i.power_manager_reg_top_i.u_intr_state.wr_data\[1\],3.92µm
i_core_v_mini_mcu.ao_peripheral_subsystem_i.power_manager_i.power_manager_reg_top_i.u_intr_state.wr_data\[24\],3.92µm
i_core_v_mini_mcu.ao_peripheral_subsystem_i.spi_subsystem_i.obi_spimemio_i.obi_to_picorv32_i.obi_resp_o\[23\],3.92µm
i_core_v_mini_mcu.cpu_subsystem_i.cpu_1_0.i_servile.arbiter.i_wb_cpu_ibus_adr\[23\],3.92µm
i_core_v_mini_mcu.cpu_subsystem_i.cpu_1_0.i_servile.cpu.dbus_en,3.92µm
i_core_v_mini_mcu.cpu_subsystem_i.cpu_1_0.i_servile.cpu.immdec.gen_immdec_w_eq_1.imm24_20\[0\],3.92µm
i_core_v_mini_mcu.memory_subsystem_i.ram0_i.tc_ram_i.r_addr_q\[2\],3.92µm
net,3.92µm
_26572_,3.69µm
_27089_,3.69µm
_18280_,3.64µm
_26407_,3.64µm
_26441_,3.64µm
_27040_,3.64µm
_01581_,3.46µm
_03682_,3.46µm
_05943_,3.46µm
_06043_,3.46µm
_06066_,3.46µm
_06686_,3.46µm
_06933_,3.46µm
_06971_,3.46µm
_07001_,3.46µm
_07219_,3.46µm
_07273_,3.46µm
_07521_,3.46µm
_07553_,3.46µm
_08310_,3.46µm
_08426_,3.46µm
_08573_,3.46µm
_08619_,3.46µm
_08727_,3.46µm
_09023_,3.46µm
_09214_,3.46µm
_09875_,3.46µm
_10377_,3.46µm
_10777_,3.46µm
_10778_,3.46µm
_10937_,3.46µm
_11080_,3.46µm
_11085_,3.46µm
_11323_,3.46µm
_11468_,3.46µm
_11638_,3.46µm
_11694_,3.46µm
_11758_,3.46µm
_11850_,3.46µm
_11921_,3.46µm
_12170_,3.46µm
_12628_,3.46µm
_12728_,3.46µm
_12816_,3.46µm
_13038_,3.46µm
_13162_,3.46µm
_13193_,3.46µm
_13289_,3.46µm
_13330_,3.46µm
_13403_,3.46µm
_13780_,3.46µm
_13959_,3.46µm
_14476_,3.46µm
_14596_,3.46µm
_14680_,3.46µm
_14737_,3.46µm
_14882_,3.46µm
_14976_,3.46µm
_15007_,3.46µm
_15170_,3.46µm
_15226_,3.46µm
_15394_,3.46µm
_15685_,3.46µm
_15789_,3.46µm
_15819_,3.46µm
_15890_,3.46µm
_15997_,3.46µm
_16003_,3.46µm
_16092_,3.46µm
_16192_,3.46µm
_16229_,3.46µm
_16231_,3.46µm
_16246_,3.46µm
_16286_,3.46µm
_16565_,3.46µm
_16941_,3.46µm
_17275_,3.46µm
_17323_,3.46µm
_17341_,3.46µm
_17596_,3.46µm
_17891_,3.46µm
_18760_,3.46µm
_18874_,3.46µm
_19339_,3.46µm
_19607_,3.46µm
_19641_,3.46µm
_19843_,3.46µm
_19844_,3.46µm
_19885_,3.46µm
_19967_,3.46µm
_19968_,3.46µm
_20482_,3.46µm
_20557_,3.46µm
_20954_,3.46µm
_21024_,3.46µm
_21042_,3.46µm
_21822_,3.46µm
_21848_,3.46µm
_22129_,3.46µm
_22309_,3.46µm
_22354_,3.46µm
_22499_,3.46µm
_22827_,3.46µm
_22885_,3.46µm
_23123_,3.46µm
_23181_,3.46µm
_23346_,3.46µm
_23376_,3.46µm
_23385_,3.46µm
_23388_,3.46µm
_23865_,3.46µm
_23878_,3.46µm
_24117_,3.46µm
_24185_,3.46µm
_24211_,3.46µm
_24533_,3.46µm
_24607_,3.46µm
_24704_,3.46µm
_24805_,3.46µm
_24965_,3.46µm
_25129_,3.46µm
_25153_,3.46µm
_25207_,3.46µm
_25542_,3.46µm
_25553_,3.46µm
_25883_,3.46µm
_26111_,3.46µm
_26178_,3.46µm
_26431_,3.46µm
_26537_,3.46µm
_26539_,3.46µm
_26732_,3.46µm
_26774_,3.46µm
_26837_,3.46µm
_26843_,3.46µm
_27100_,3.46µm
_27186_,3.46µm
_27351_,3.46µm
_27378_,3.46µm
_27412_,3.46µm
_27566_,3.46µm
_27634_,3.46µm
_27915_,3.46µm
_28105_,3.46µm
_28219_,3.46µm
_28349_,3.46µm
_28351_,3.46µm
_28360_,3.46µm
i_core_v_mini_mcu.ao_peripheral_subsystem_i.obi_fifo_i.consumer_resp_i\[16\],3.46µm
i_core_v_mini_mcu.ao_peripheral_subsystem_i.power_manager_i.peripheral_subsystem_powergate_switch_ack_sync,3.46µm
i_core_v_mini_mcu.memory_subsystem_i.ram0_i.tc_ram_i.r_addr_q\[3\],3.46µm
_01902_,3.41µm
_04264_,3.41µm
_04488_,3.41µm
_05708_,3.41µm
_05966_,3.41µm
_06261_,3.41µm
_06288_,3.41µm
_06430_,3.41µm
_06457_,3.41µm
_07655_,3.41µm
_07819_,3.41µm
_07824_,3.41µm
_07859_,3.41µm
_08578_,3.41µm
_08766_,3.41µm
_11276_,3.41µm
_11433_,3.41µm
_11437_,3.41µm
_11536_,3.41µm
_11545_,3.41µm
_11931_,3.41µm
_12074_,3.41µm
_12804_,3.41µm
_12922_,3.41µm
_12995_,3.41µm
_13717_,3.41µm
_14118_,3.41µm
_14360_,3.41µm
_14539_,3.41µm
_15147_,3.41µm
_15219_,3.41µm
_15779_,3.41µm
_15800_,3.41µm
_16142_,3.41µm
_18580_,3.41µm
_18665_,3.41µm
_19510_,3.41µm
_20188_,3.41µm
_20824_,3.41µm
_20833_,3.41µm
_20882_,3.41µm
_21297_,3.41µm
_21781_,3.41µm
_22367_,3.41µm
_22705_,3.41µm
_22731_,3.41µm
_22843_,3.41µm
_22967_,3.41µm
_23177_,3.41µm
_24053_,3.41µm
_24102_,3.41µm
_24110_,3.41µm
_24350_,3.41µm
_25213_,3.41µm
_25524_,3.41µm
_25730_,3.41µm
_26473_,3.41µm
_26594_,3.41µm
_26930_,3.41µm
_00000_,3.36µm
_00009_,3.36µm
_00044_,3.36µm
_00075_,3.36µm
_00090_,3.36µm
_00101_,3.36µm
_00108_,3.36µm
_00110_,3.36µm
_00111_,3.36µm
_00116_,3.36µm
_00119_,3.36µm
_00124_,3.36µm
_00125_,3.36µm
_00143_,3.36µm
_00144_,3.36µm
_00150_,3.36µm
_00171_,3.36µm
_00199_,3.36µm
_00213_,3.36µm
_00233_,3.36µm
_00255_,3.36µm
_00277_,3.36µm
_00287_,3.36µm
_00328_,3.36µm
_00477_,3.36µm
_00479_,3.36µm
_00491_,3.36µm
_00514_,3.36µm
_00516_,3.36µm
_00524_,3.36µm
_00530_,3.36µm
_00532_,3.36µm
_00554_,3.36µm
_00559_,3.36µm
_00619_,3.36µm
_00620_,3.36µm
_00650_,3.36µm
_00663_,3.36µm
_00669_,3.36µm
_00679_,3.36µm
_00689_,3.36µm
_00690_,3.36µm
_00691_,3.36µm
_00698_,3.36µm
_00759_,3.36µm
_00760_,3.36µm
_00780_,3.36µm
_00818_,3.36µm
_00834_,3.36µm
_00866_,3.36µm
_00869_,3.36µm
_00870_,3.36µm
_00884_,3.36µm
_00891_,3.36µm
_00896_,3.36µm
_00904_,3.36µm
_00932_,3.36µm
_00941_,3.36µm
_00946_,3.36µm
_00952_,3.36µm
_00954_,3.36µm
_00966_,3.36µm
_00994_,3.36µm
_00996_,3.36µm
_00999_,3.36µm
_01003_,3.36µm
_01004_,3.36µm
_01023_,3.36µm
_01072_,3.36µm
_01073_,3.36µm
_01084_,3.36µm
_01094_,3.36µm
_01103_,3.36µm
_01121_,3.36µm
_01124_,3.36µm
_01148_,3.36µm
_01162_,3.36µm
_01176_,3.36µm
_01212_,3.36µm
_01244_,3.36µm
_01247_,3.36µm
_01264_,3.36µm
_01267_,3.36µm
_01274_,3.36µm
_01311_,3.36µm
_01358_,3.36µm
_01371_,3.36µm
_01373_,3.36µm
_01393_,3.36µm
_01400_,3.36µm
_01401_,3.36µm
_01402_,3.36µm
_01403_,3.36µm
_01412_,3.36µm
_01433_,3.36µm
_01443_,3.36µm
_01448_,3.36µm
_01484_,3.36µm
_01489_,3.36µm
_01505_,3.36µm
_01535_,3.36µm
_01536_,3.36µm
_01539_,3.36µm
_01541_,3.36µm
_01555_,3.36µm
_01564_,3.36µm
_01565_,3.36µm
_01573_,3.36µm
_01586_,3.36µm
_01591_,3.36µm
_01600_,3.36µm
_01613_,3.36µm
_01626_,3.36µm
_01632_,3.36µm
_01636_,3.36µm
_01639_,3.36µm
_01644_,3.36µm
_01657_,3.36µm
_01667_,3.36µm
_01679_,3.36µm
_01686_,3.36µm
_01699_,3.36µm
_01731_,3.36µm
_01743_,3.36µm
_01764_,3.36µm
_01776_,3.36µm
_01777_,3.36µm
_01784_,3.36µm
_01792_,3.36µm
_01793_,3.36µm
_01794_,3.36µm
_01799_,3.36µm
_01800_,3.36µm
_01815_,3.36µm
_01816_,3.36µm
_01830_,3.36µm
_01879_,3.36µm
_01880_,3.36µm
_01893_,3.36µm
_01905_,3.36µm
_01913_,3.36µm
_01914_,3.36µm
_01921_,3.36µm
_01931_,3.36µm
_01942_,3.36µm
_01975_,3.36µm
_01979_,3.36µm
_01981_,3.36µm
_01983_,3.36µm
_01990_,3.36µm
_02001_,3.36µm
_02003_,3.36µm
_02028_,3.36µm
_02045_,3.36µm
_02061_,3.36µm
_02067_,3.36µm
_02079_,3.36µm
_02108_,3.36µm
_02135_,3.36µm
_02137_,3.36µm
_02144_,3.36µm
_02152_,3.36µm
_02167_,3.36µm
_02191_,3.36µm
_02196_,3.36µm
_02206_,3.36µm
_02208_,3.36µm
_02219_,3.36µm
_02231_,3.36µm
_02240_,3.36µm
_02259_,3.36µm
_02279_,3.36µm
_02284_,3.36µm
_02303_,3.36µm
_02304_,3.36µm
_02308_,3.36µm
_02310_,3.36µm
_02317_,3.36µm
_02321_,3.36µm
_02323_,3.36µm
_02328_,3.36µm
_02332_,3.36µm
_02347_,3.36µm
_02351_,3.36µm
_02354_,3.36µm
_02375_,3.36µm
_02383_,3.36µm
_02386_,3.36µm
_02398_,3.36µm
_02403_,3.36µm
_02407_,3.36µm
_02409_,3.36µm
_02442_,3.36µm
_02471_,3.36µm
_02481_,3.36µm
_02500_,3.36µm
_02525_,3.36µm
_02526_,3.36µm
_02529_,3.36µm
_02534_,3.36µm
_02540_,3.36µm
_02554_,3.36µm
_02574_,3.36µm
_02576_,3.36µm
_02578_,3.36µm
_02583_,3.36µm
_02591_,3.36µm
_02599_,3.36µm
_02600_,3.36µm
_02605_,3.36µm
_02613_,3.36µm
_02620_,3.36µm
_02645_,3.36µm
_02689_,3.36µm
_02841_,3.36µm
_02856_,3.36µm
_02884_,3.36µm
_02918_,3.36µm
_02924_,3.36µm
_02940_,3.36µm
_02994_,3.36µm
_03145_,3.36µm
_03154_,3.36µm
_03197_,3.36µm
_03240_,3.36µm
_03247_,3.36µm
_03381_,3.36µm
_03451_,3.36µm
_03590_,3.36µm
_03593_,3.36µm
_03669_,3.36µm
_03695_,3.36µm
_03716_,3.36µm
_03722_,3.36µm
_03775_,3.36µm
_03784_,3.36µm
_03801_,3.36µm
_03806_,3.36µm
_03811_,3.36µm
_03829_,3.36µm
_03830_,3.36µm
_03832_,3.36µm
_03841_,3.36µm
_03844_,3.36µm
_03850_,3.36µm
_03860_,3.36µm
_03903_,3.36µm
_03984_,3.36µm
_03985_,3.36µm
_03990_,3.36µm
_04003_,3.36µm
_04006_,3.36µm
_04008_,3.36µm
_04038_,3.36µm
_04041_,3.36µm
_04042_,3.36µm
_04062_,3.36µm
_04075_,3.36µm
_04100_,3.36µm
_04126_,3.36µm
_04145_,3.36µm
_04158_,3.36µm
_04160_,3.36µm
_04170_,3.36µm
_04188_,3.36µm
_04208_,3.36µm
_04236_,3.36µm
_04243_,3.36µm
_04248_,3.36µm
_04282_,3.36µm
_04289_,3.36µm
_04290_,3.36µm
_04324_,3.36µm
_04327_,3.36µm
_04346_,3.36µm
_04347_,3.36µm
_04376_,3.36µm
_04379_,3.36µm
_04380_,3.36µm
_04391_,3.36µm
_04392_,3.36µm
_04397_,3.36µm
_04422_,3.36µm
_04433_,3.36µm
_04441_,3.36µm
_04471_,3.36µm
_04473_,3.36µm
_04481_,3.36µm
_04482_,3.36µm
_04489_,3.36µm
_04502_,3.36µm
_04509_,3.36µm
_04512_,3.36µm
_04554_,3.36µm
_04569_,3.36µm
_04575_,3.36µm
_04581_,3.36µm
_04593_,3.36µm
_04598_,3.36µm
_04609_,3.36µm
_04628_,3.36µm
_04629_,3.36µm
_04640_,3.36µm
_04653_,3.36µm
_04678_,3.36µm
_04709_,3.36µm
_04770_,3.36µm
_04774_,3.36µm
_04779_,3.36µm
_04781_,3.36µm
_04830_,3.36µm
_04833_,3.36µm
_04834_,3.36µm
_04868_,3.36µm
_04875_,3.36µm
_04885_,3.36µm
_04888_,3.36µm
_04893_,3.36µm
_04900_,3.36µm
_04949_,3.36µm
_04996_,3.36µm
_05006_,3.36µm
_05023_,3.36µm
_05027_,3.36µm
_05085_,3.36µm
_05104_,3.36µm
_05121_,3.36µm
_05122_,3.36µm
_05126_,3.36µm
_05139_,3.36µm
_05177_,3.36µm
_05225_,3.36µm
_05228_,3.36µm
_05231_,3.36µm
_05256_,3.36µm
_05265_,3.36µm
_05274_,3.36µm
_05331_,3.36µm
_05348_,3.36µm
_05350_,3.36µm
_05354_,3.36µm
_05355_,3.36µm
_05370_,3.36µm
_05371_,3.36µm
_05556_,3.36µm
_05678_,3.36µm
_05702_,3.36µm
_05703_,3.36µm
_05757_,3.36µm
_05785_,3.36µm
_05807_,3.36µm
_05821_,3.36µm
_05838_,3.36µm
_06001_,3.36µm
_06095_,3.36µm
_06122_,3.36µm
_06126_,3.36µm
_06131_,3.36µm
_06138_,3.36µm
_06167_,3.36µm
_06173_,3.36µm
_06210_,3.36µm
_06214_,3.36µm
_06246_,3.36µm
_06276_,3.36µm
_06310_,3.36µm
_06514_,3.36µm
_06573_,3.36µm
_06600_,3.36µm
_06603_,3.36µm
_06641_,3.36µm
_06752_,3.36µm
_06854_,3.36µm
_06878_,3.36µm
_06907_,3.36µm
_06912_,3.36µm
_07132_,3.36µm
_07267_,3.36µm
_07383_,3.36µm
_07389_,3.36µm
_07444_,3.36µm
_07458_,3.36µm
_07471_,3.36µm
_07671_,3.36µm
_07742_,3.36µm
_07930_,3.36µm
_07934_,3.36µm
_07967_,3.36µm
_07976_,3.36µm
_08108_,3.36µm
_08141_,3.36µm
_08170_,3.36µm
_08181_,3.36µm
_08253_,3.36µm
_08272_,3.36µm
_08446_,3.36µm
_08463_,3.36µm
_08473_,3.36µm
_08519_,3.36µm
_08566_,3.36µm
_08576_,3.36µm
_08590_,3.36µm
_08621_,3.36µm
_08711_,3.36µm
_09010_,3.36µm
_09013_,3.36µm
_09233_,3.36µm
_09364_,3.36µm
_09458_,3.36µm
_09487_,3.36µm
_09509_,3.36µm
_09718_,3.36µm
_09813_,3.36µm
_09829_,3.36µm
_09945_,3.36µm
_09964_,3.36µm
_09999_,3.36µm
_10014_,3.36µm
_10107_,3.36µm
_10387_,3.36µm
_10418_,3.36µm
_10441_,3.36µm
_10683_,3.36µm
_10686_,3.36µm
_10698_,3.36µm
_10732_,3.36µm
_10756_,3.36µm
_10759_,3.36µm
_10805_,3.36µm
_10809_,3.36µm
_10981_,3.36µm
_10989_,3.36µm
_11043_,3.36µm
_11081_,3.36µm
_11131_,3.36µm
_11150_,3.36µm
_11170_,3.36µm
_11178_,3.36µm
_11181_,3.36µm
_11198_,3.36µm
_11224_,3.36µm
_11239_,3.36µm
_11316_,3.36µm
_11320_,3.36µm
_11330_,3.36µm
_11360_,3.36µm
_11374_,3.36µm
_11392_,3.36µm
_11407_,3.36µm
_11446_,3.36µm
_11484_,3.36µm
_11496_,3.36µm
_11539_,3.36µm
_11550_,3.36µm
_11595_,3.36µm
_11680_,3.36µm
_11706_,3.36µm
_11775_,3.36µm
_11803_,3.36µm
_11987_,3.36µm
_12018_,3.36µm
_12113_,3.36µm
_12188_,3.36µm
_12210_,3.36µm
_12229_,3.36µm
_12236_,3.36µm
_12339_,3.36µm
_12422_,3.36µm
_12470_,3.36µm
_12480_,3.36µm
_12487_,3.36µm
_12493_,3.36µm
_12515_,3.36µm
_12560_,3.36µm
_12611_,3.36µm
_12616_,3.36µm
_12699_,3.36µm
_12703_,3.36µm
_12712_,3.36µm
_12725_,3.36µm
_12748_,3.36µm
_12854_,3.36µm
_12901_,3.36µm
_12909_,3.36µm
_12921_,3.36µm
_12926_,3.36µm
_12950_,3.36µm
_12957_,3.36µm
_12973_,3.36µm
_12990_,3.36µm
_13051_,3.36µm
_13140_,3.36µm
_13144_,3.36µm
_13169_,3.36µm
_13180_,3.36µm
_13199_,3.36µm
_13210_,3.36µm
_13412_,3.36µm
_13417_,3.36µm
_13428_,3.36µm
_13446_,3.36µm
_13485_,3.36µm
_13888_,3.36µm
_13907_,3.36µm
_14145_,3.36µm
_14253_,3.36µm
_14445_,3.36µm
_14603_,3.36µm
_14654_,3.36µm
_14688_,3.36µm
_14770_,3.36µm
_14875_,3.36µm
_14995_,3.36µm
_14997_,3.36µm
_15034_,3.36µm
_15046_,3.36µm
_15075_,3.36µm
_15191_,3.36µm
_15211_,3.36µm
_15216_,3.36µm
_15262_,3.36µm
_15446_,3.36µm
_15748_,3.36µm
_15799_,3.36µm
_16045_,3.36µm
_16101_,3.36µm
_16226_,3.36µm
_16487_,3.36µm
_16612_,3.36µm
_16621_,3.36µm
_16824_,3.36µm
_16844_,3.36µm
_16873_,3.36µm
_16929_,3.36µm
_16956_,3.36µm
_16960_,3.36µm
_16992_,3.36µm
_17200_,3.36µm
_17297_,3.36µm
_17509_,3.36µm
_17532_,3.36µm
_17560_,3.36µm
_17574_,3.36µm
_17604_,3.36µm
_17886_,3.36µm
_18343_,3.36µm
_18594_,3.36µm
_18617_,3.36µm
_18632_,3.36µm
_18712_,3.36µm
_18761_,3.36µm
_18863_,3.36µm
_19307_,3.36µm
_19389_,3.36µm
_19397_,3.36µm
_19428_,3.36µm
_19528_,3.36µm
_19628_,3.36µm
_19695_,3.36µm
_19722_,3.36µm
_19795_,3.36µm
_19839_,3.36µm
_19881_,3.36µm
_19883_,3.36µm
_19924_,3.36µm
_19943_,3.36µm
_19973_,3.36µm
_19974_,3.36µm
_20020_,3.36µm
_20196_,3.36µm
_20201_,3.36µm
_20229_,3.36µm
_20340_,3.36µm
_20350_,3.36µm
_20355_,3.36µm
_20364_,3.36µm
_20365_,3.36µm
_20425_,3.36µm
_20439_,3.36µm
_20478_,3.36µm
_20497_,3.36µm
_20601_,3.36µm
_20688_,3.36µm
_20801_,3.36µm
_20849_,3.36µm
_20968_,3.36µm
_21025_,3.36µm
_21038_,3.36µm
_21067_,3.36µm
_21072_,3.36µm
_21078_,3.36µm
_21088_,3.36µm
_21194_,3.36µm
_21209_,3.36µm
_21259_,3.36µm
_21383_,3.36µm
_21422_,3.36µm
_21453_,3.36µm
_21477_,3.36µm
_21520_,3.36µm
_21539_,3.36µm
_21542_,3.36µm
_21545_,3.36µm
_21587_,3.36µm
_21596_,3.36µm
_21638_,3.36µm
_21670_,3.36µm
_21716_,3.36µm
_21724_,3.36µm
_21818_,3.36µm
_21921_,3.36µm
_21937_,3.36µm
_21948_,3.36µm
_21970_,3.36µm
_21999_,3.36µm
_22140_,3.36µm
_22239_,3.36µm
_22318_,3.36µm
_22374_,3.36µm
_22426_,3.36µm
_22427_,3.36µm
_22459_,3.36µm
_22475_,3.36µm
_22514_,3.36µm
_22568_,3.36µm
_22576_,3.36µm
_22740_,3.36µm
_22947_,3.36µm
_23045_,3.36µm
_23075_,3.36µm
_23118_,3.36µm
_23138_,3.36µm
_23192_,3.36µm
_23235_,3.36µm
_23240_,3.36µm
_23342_,3.36µm
_23628_,3.36µm
_23720_,3.36µm
_23773_,3.36µm
_23926_,3.36µm
_24026_,3.36µm
_24044_,3.36µm
_24342_,3.36µm
_24506_,3.36µm
_24563_,3.36µm
_24651_,3.36µm
_24655_,3.36µm
_24683_,3.36µm
_24702_,3.36µm
_24769_,3.36µm
_24777_,3.36µm
_24980_,3.36µm
_25005_,3.36µm
_25040_,3.36µm
_25079_,3.36µm
_25132_,3.36µm
_25200_,3.36µm
_25271_,3.36µm
_25297_,3.36µm
_25513_,3.36µm
_25525_,3.36µm
_25549_,3.36µm
_25551_,3.36µm
_25563_,3.36µm
_25661_,3.36µm
_25669_,3.36µm
_25705_,3.36µm
_25844_,3.36µm
_25855_,3.36µm
_25923_,3.36µm
_26006_,3.36µm
_26020_,3.36µm
_26118_,3.36µm
_26249_,3.36µm
_26322_,3.36µm
_26425_,3.36µm
_26495_,3.36µm
_26561_,3.36µm
_26591_,3.36µm
_26738_,3.36µm
_26822_,3.36µm
_26827_,3.36µm
_26847_,3.36µm
_26899_,3.36µm
_27049_,3.36µm
_27056_,3.36µm
_27135_,3.36µm
_27163_,3.36µm
_27169_,3.36µm
_27206_,3.36µm
_27209_,3.36µm
_27231_,3.36µm
_27265_,3.36µm
_27368_,3.36µm
_27430_,3.36µm
_27515_,3.36µm
_27633_,3.36µm
_27643_,3.36µm
_27748_,3.36µm
_27759_,3.36µm
_27900_,3.36µm
_27918_,3.36µm
_28405_,3.36µm
_28422_,3.36µm
_28444_,3.36µm
_28453_,3.36µm
_28461_,3.36µm
i_core_v_mini_mcu.ao_peripheral_subsystem_i.obi_fifo_i.consumer_data_req\[32\],3.36µm
i_core_v_mini_mcu.ao_peripheral_subsystem_i.obi_fifo_i.consumer_resp_i\[31\],3.36µm
i_core_v_mini_mcu.ao_peripheral_subsystem_i.obi_fifo_i.consumer_resp_i\[33\],3.36µm
i_core_v_mini_mcu.ao_peripheral_subsystem_i.power_manager_i.power_manager_reg_top_i.u_intr_state.wr_data\[16\],3.36µm
i_core_v_mini_mcu.ao_peripheral_subsystem_i.power_manager_i.power_manager_reg_top_i.u_intr_state.wr_data\[19\],3.36µm
i_core_v_mini_mcu.ao_peripheral_subsystem_i.power_manager_i.power_manager_reg_top_i.u_intr_state.wr_data\[20\],3.36µm
i_core_v_mini_mcu.ao_peripheral_subsystem_i.power_manager_i.power_manager_reg_top_i.u_intr_state.wr_data\[26\],3.36µm
i_core_v_mini_mcu.ao_peripheral_subsystem_i.power_manager_i.power_manager_reg_top_i.u_intr_state.wr_data\[7\],3.36µm
i_core_v_mini_mcu.ao_peripheral_subsystem_i.power_manager_i.power_manager_reg_top_i.u_intr_state.wr_data\[8\],3.36µm
i_core_v_mini_mcu.cpu_subsystem_i.cpu_1_0.i_servile.cpu.bufreg.i_sh_signed,3.36µm
i_core_v_mini_mcu.cpu_subsystem_i.cpu_1_0.i_servile.cpu.immdec.gen_immdec_w_eq_1.imm24_20\[4\],3.36µm
i_core_v_mini_mcu.peripheral_subsystem_i.obi_fifo_i.consumer_data_req\[10\],3.36µm
_05242_,3.3µm
_25412_,3.13µm
_13302_,3.08µm
i_core_v_mini_mcu.cpu_subsystem_i.cpu_1_0.i_servile.cpu.decode.o_immdec_ctrl\[1\],3.08µm
_05684_,2.9µm
_05718_,2.9µm
_06175_,2.9µm
_06309_,2.9µm
_06338_,2.9µm
_06922_,2.9µm
_08288_,2.9µm
_08614_,2.9µm
_08821_,2.9µm
_09372_,2.9µm
_09531_,2.9µm
_10330_,2.9µm
_10520_,2.9µm
_11106_,2.9µm
_11350_,2.9µm
_11361_,2.9µm
_11515_,2.9µm
_11841_,2.9µm
_12007_,2.9µm
_12464_,2.9µm
_13225_,2.9µm
_14075_,2.9µm
_14182_,2.9µm
_14354_,2.9µm
_14597_,2.9µm
_14992_,2.9µm
_14994_,2.9µm
_15121_,2.9µm
_15516_,2.9µm
_15730_,2.9µm
_15851_,2.9µm
_15947_,2.9µm
_16034_,2.9µm
_16295_,2.9µm
_16316_,2.9µm
_16318_,2.9µm
_16500_,2.9µm
_16523_,2.9µm
_16535_,2.9µm
_16801_,2.9µm
_16952_,2.9µm
_17031_,2.9µm
_17082_,2.9µm
_17776_,2.9µm
_18051_,2.9µm
_18112_,2.9µm
_20983_,2.9µm
_21116_,2.9µm
_21258_,2.9µm
_21463_,2.9µm
_21532_,2.9µm
_21561_,2.9µm
_21618_,2.9µm
_21626_,2.9µm
_21663_,2.9µm
_21667_,2.9µm
_21673_,2.9µm
_22448_,2.9µm
_22523_,2.9µm
_22671_,2.9µm
_22834_,2.9µm
_22862_,2.9µm
_22919_,2.9µm
_22933_,2.9µm
_22974_,2.9µm
_22981_,2.9µm
_22989_,2.9µm
_23002_,2.9µm
_23061_,2.9µm
_23537_,2.9µm
_23719_,2.9µm
_23842_,2.9µm
_24600_,2.9µm
_24910_,2.9µm
_25546_,2.9µm
_27491_,2.9µm
_27942_,2.9µm
_27951_,2.9µm
_28280_,2.9µm
i_core_v_mini_mcu.ao_peripheral_subsystem_i.spi_subsystem_i.obi_spimemio_i.spimemio_i.dout_data\[4\],2.9µm
_05641_,2.85µm
_06101_,2.85µm
_07130_,2.85µm
_08104_,2.85µm
_11019_,2.85µm
_13272_,2.85µm
_13356_,2.85µm
_14165_,2.85µm
_14250_,2.85µm
_14333_,2.85µm
_14652_,2.85µm
_14899_,2.85µm
_15009_,2.85µm
_15010_,2.85µm
_15284_,2.85µm
_15456_,2.85µm
_15462_,2.85µm
_15480_,2.85µm
_15510_,2.85µm
_15718_,2.85µm
_15736_,2.85µm
_15737_,2.85µm
_16019_,2.85µm
_16109_,2.85µm
_16248_,2.85µm
_16338_,2.85µm
_16354_,2.85µm
_16571_,2.85µm
_16622_,2.85µm
_16656_,2.85µm
_16881_,2.85µm
_16972_,2.85µm
_16993_,2.85µm
_17027_,2.85µm
_17055_,2.85µm
_17212_,2.85µm
_17528_,2.85µm
_17894_,2.85µm
_18528_,2.85µm
_18648_,2.85µm
_18660_,2.85µm
_19074_,2.85µm
_20030_,2.85µm
_20523_,2.85µm
_20985_,2.85µm
_21300_,2.85µm
_21494_,2.85µm
_21508_,2.85µm
_24494_,2.85µm
_25805_,2.85µm
_27061_,2.85µm
_28000_,2.85µm
_28082_,2.85µm
_28261_,2.85µm
_28303_,2.85µm
_28343_,2.85µm
_00076_,2.8µm
_00082_,2.8µm
_00087_,2.8µm
_00094_,2.8µm
_00102_,2.8µm
_00129_,2.8µm
_00138_,2.8µm
_00145_,2.8µm
_00149_,2.8µm
_00179_,2.8µm
_00211_,2.8µm
_00218_,2.8µm
_00225_,2.8µm
_00248_,2.8µm
_00270_,2.8µm
_00284_,2.8µm
_00300_,2.8µm
_00311_,2.8µm
_00312_,2.8µm
_00320_,2.8µm
_00330_,2.8µm
_00340_,2.8µm
_00346_,2.8µm
_00376_,2.8µm
_00418_,2.8µm
_00427_,2.8µm
_00431_,2.8µm
_00437_,2.8µm
_00459_,2.8µm
_00465_,2.8µm
_00470_,2.8µm
_00472_,2.8µm
_00508_,2.8µm
_00511_,2.8µm
_00541_,2.8µm
_00543_,2.8µm
_00547_,2.8µm
_00560_,2.8µm
_00579_,2.8µm
_00586_,2.8µm
_00612_,2.8µm
_00622_,2.8µm
_00668_,2.8µm
_00674_,2.8µm
_00675_,2.8µm
_00676_,2.8µm
_00680_,2.8µm
_00684_,2.8µm
_00687_,2.8µm
_00709_,2.8µm
_00743_,2.8µm
_00751_,2.8µm
_00755_,2.8µm
_00803_,2.8µm
_00810_,2.8µm
_00816_,2.8µm
_00833_,2.8µm
_00851_,2.8µm
_00914_,2.8µm
_00945_,2.8µm
_00959_,2.8µm
_00962_,2.8µm
_00964_,2.8µm
_00975_,2.8µm
_00991_,2.8µm
_01031_,2.8µm
_01056_,2.8µm
_01075_,2.8µm
_01090_,2.8µm
_01095_,2.8µm
_01097_,2.8µm
_01117_,2.8µm
_01146_,2.8µm
_01153_,2.8µm
_01224_,2.8µm
_01234_,2.8µm
_01270_,2.8µm
_01301_,2.8µm
_01319_,2.8µm
_01362_,2.8µm
_01367_,2.8µm
_01397_,2.8µm
_01399_,2.8µm
_01411_,2.8µm
_01417_,2.8µm
_01431_,2.8µm
_01441_,2.8µm
_01447_,2.8µm
_01450_,2.8µm
_01453_,2.8µm
_01471_,2.8µm
_01474_,2.8µm
_01478_,2.8µm
_01491_,2.8µm
_01499_,2.8µm
_01503_,2.8µm
_01508_,2.8µm
_01514_,2.8µm
_01517_,2.8µm
_01525_,2.8µm
_01529_,2.8µm
_01543_,2.8µm
_01545_,2.8µm
_01560_,2.8µm
_01568_,2.8µm
_01604_,2.8µm
_01606_,2.8µm
_01629_,2.8µm
_01647_,2.8µm
_01650_,2.8µm
_01673_,2.8µm
_01687_,2.8µm
_01708_,2.8µm
_01710_,2.8µm
_01720_,2.8µm
_01723_,2.8µm
_01735_,2.8µm
_01778_,2.8µm
_01782_,2.8µm
_01788_,2.8µm
_01790_,2.8µm
_01825_,2.8µm
_01834_,2.8µm
_01838_,2.8µm
_01911_,2.8µm
_01934_,2.8µm
_01937_,2.8µm
_01949_,2.8µm
_01950_,2.8µm
_01951_,2.8µm
_01957_,2.8µm
_01962_,2.8µm
_01964_,2.8µm
_01966_,2.8µm
_01971_,2.8µm
_02044_,2.8µm
_02050_,2.8µm
_02060_,2.8µm
_02065_,2.8µm
_02112_,2.8µm
_02143_,2.8µm
_02149_,2.8µm
_02150_,2.8µm
_02159_,2.8µm
_02164_,2.8µm
_02172_,2.8µm
_02178_,2.8µm
_02181_,2.8µm
_02194_,2.8µm
_02213_,2.8µm
_02250_,2.8µm
_02255_,2.8µm
_02257_,2.8µm
_02269_,2.8µm
_02275_,2.8µm
_02290_,2.8µm
_02296_,2.8µm
_02311_,2.8µm
_02356_,2.8µm
_02358_,2.8µm
_02363_,2.8µm
_02369_,2.8µm
_02378_,2.8µm
_02379_,2.8µm
_02380_,2.8µm
_02413_,2.8µm
_02414_,2.8µm
_02415_,2.8µm
_02422_,2.8µm
_02425_,2.8µm
_02436_,2.8µm
_02444_,2.8µm
_02448_,2.8µm
_02465_,2.8µm
_02498_,2.8µm
_02503_,2.8µm
_02584_,2.8µm
_02587_,2.8µm
_02616_,2.8µm
_02626_,2.8µm
_02712_,2.8µm
_02715_,2.8µm
_02741_,2.8µm
_02761_,2.8µm
_02788_,2.8µm
_02789_,2.8µm
_02804_,2.8µm
_02814_,2.8µm
_02824_,2.8µm
_02828_,2.8µm
_02833_,2.8µm
_02844_,2.8µm
_02873_,2.8µm
_02890_,2.8µm
_02897_,2.8µm
_02905_,2.8µm
_02914_,2.8µm
_02916_,2.8µm
_02919_,2.8µm
_02939_,2.8µm
_02941_,2.8µm
_02952_,2.8µm
_02965_,2.8µm
_02968_,2.8µm
_02981_,2.8µm
_03042_,2.8µm
_03064_,2.8µm
_03069_,2.8µm
_03070_,2.8µm
_03105_,2.8µm
_03116_,2.8µm
_03130_,2.8µm
_03135_,2.8µm
_03152_,2.8µm
_03175_,2.8µm
_03176_,2.8µm
_03182_,2.8µm
_03194_,2.8µm
_03210_,2.8µm
_03246_,2.8µm
_03252_,2.8µm
_03272_,2.8µm
_03341_,2.8µm
_03370_,2.8µm
_03397_,2.8µm
_03406_,2.8µm
_03439_,2.8µm
_03454_,2.8µm
_03477_,2.8µm
_03485_,2.8µm
_03487_,2.8µm
_03545_,2.8µm
_03576_,2.8µm
_03612_,2.8µm
_03634_,2.8µm
_03638_,2.8µm
_03639_,2.8µm
_03642_,2.8µm
_03645_,2.8µm
_03646_,2.8µm
_03647_,2.8µm
_03659_,2.8µm
_03675_,2.8µm
_03748_,2.8µm
_03751_,2.8µm
_03762_,2.8µm
_03763_,2.8µm
_03767_,2.8µm
_03822_,2.8µm
_03824_,2.8µm
_03839_,2.8µm
_03842_,2.8µm
_03846_,2.8µm
_03847_,2.8µm
_03861_,2.8µm
_03883_,2.8µm
_03893_,2.8µm
_03919_,2.8µm
_03965_,2.8µm
_03970_,2.8µm
_03976_,2.8µm
_03983_,2.8µm
_03996_,2.8µm
_04004_,2.8µm
_04007_,2.8µm
_04009_,2.8µm
_04010_,2.8µm
_04011_,2.8µm
_04022_,2.8µm
_04023_,2.8µm
_04029_,2.8µm
_04039_,2.8µm
_04043_,2.8µm
_04046_,2.8µm
_04071_,2.8µm
_04111_,2.8µm
_04112_,2.8µm
_04147_,2.8µm
_04148_,2.8µm
_04220_,2.8µm
_04237_,2.8µm
_04255_,2.8µm
_04267_,2.8µm
_04305_,2.8µm
_04316_,2.8µm
_04322_,2.8µm
_04343_,2.8µm
_04369_,2.8µm
_04372_,2.8µm
_04377_,2.8µm
_04381_,2.8µm
_04390_,2.8µm
_04411_,2.8µm
_04412_,2.8µm
_04425_,2.8µm
_04426_,2.8µm
_04435_,2.8µm
_04451_,2.8µm
_04465_,2.8µm
_04472_,2.8µm
_04515_,2.8µm
_04536_,2.8µm
_04539_,2.8µm
_04545_,2.8µm
_04549_,2.8µm
_04556_,2.8µm
_04571_,2.8µm
_04578_,2.8µm
_04605_,2.8µm
_04606_,2.8µm
_04607_,2.8µm
_04646_,2.8µm
_04659_,2.8µm
_04667_,2.8µm
_04711_,2.8µm
_04725_,2.8µm
_04726_,2.8µm
_04800_,2.8µm
_04807_,2.8µm
_04824_,2.8µm
_04840_,2.8µm
_04842_,2.8µm
_04848_,2.8µm
_04909_,2.8µm
_04915_,2.8µm
_04918_,2.8µm
_04928_,2.8µm
_04930_,2.8µm
_04933_,2.8µm
_04948_,2.8µm
_04970_,2.8µm
_04983_,2.8µm
_04985_,2.8µm
_04986_,2.8µm
_04998_,2.8µm
_04999_,2.8µm
_05003_,2.8µm
_05009_,2.8µm
_05013_,2.8µm
_05021_,2.8µm
_05024_,2.8µm
_05025_,2.8µm
_05032_,2.8µm
_05033_,2.8µm
_05034_,2.8µm
_05082_,2.8µm
_05092_,2.8µm
_05127_,2.8µm
_05157_,2.8µm
_05172_,2.8µm
_05220_,2.8µm
_05221_,2.8µm
_05254_,2.8µm
_05266_,2.8µm
_05271_,2.8µm
_05276_,2.8µm
_05278_,2.8µm
_05281_,2.8µm
_05329_,2.8µm
_05334_,2.8µm
_05342_,2.8µm
_05365_,2.8µm
_05376_,2.8µm
_05378_,2.8µm
_05410_,2.8µm
_05415_,2.8µm
_05450_,2.8µm
_05540_,2.8µm
_05577_,2.8µm
_05652_,2.8µm
_05962_,2.8µm
_05995_,2.8µm
_06018_,2.8µm
_06024_,2.8µm
_06059_,2.8µm
_06060_,2.8µm
_06079_,2.8µm
_06161_,2.8µm
_06251_,2.8µm
_06257_,2.8µm
_06269_,2.8µm
_06291_,2.8µm
_06354_,2.8µm
_06448_,2.8µm
_06597_,2.8µm
_06599_,2.8µm
_06654_,2.8µm
_06736_,2.8µm
_06760_,2.8µm
_06776_,2.8µm
_06973_,2.8µm
_07205_,2.8µm
_07233_,2.8µm
_07264_,2.8µm
_07376_,2.8µm
_07386_,2.8µm
_07402_,2.8µm
_07414_,2.8µm
_07484_,2.8µm
_07517_,2.8µm
_07616_,2.8µm
_07658_,2.8µm
_07896_,2.8µm
_08136_,2.8µm
_08443_,2.8µm
_08507_,2.8µm
_08533_,2.8µm
_08552_,2.8µm
_08557_,2.8µm
_08748_,2.8µm
_08770_,2.8µm
_08785_,2.8µm
_08788_,2.8µm
_09001_,2.8µm
_09034_,2.8µm
_09049_,2.8µm
_09051_,2.8µm
_09091_,2.8µm
_09094_,2.8µm
_09116_,2.8µm
_09206_,2.8µm
_09227_,2.8µm
_09308_,2.8µm
_09309_,2.8µm
_09361_,2.8µm
_09446_,2.8µm
_09513_,2.8µm
_09534_,2.8µm
_09803_,2.8µm
_09842_,2.8µm
_09939_,2.8µm
_09957_,2.8µm
_10098_,2.8µm
_10147_,2.8µm
_10373_,2.8µm
_10402_,2.8µm
_10436_,2.8µm
_10553_,2.8µm
_10641_,2.8µm
_10676_,2.8µm
_10854_,2.8µm
_10889_,2.8µm
_10958_,2.8µm
_11030_,2.8µm
_11088_,2.8µm
_11114_,2.8µm
_11117_,2.8µm
_11135_,2.8µm
_11159_,2.8µm
_11183_,2.8µm
_11185_,2.8µm
_11231_,2.8µm
_11375_,2.8µm
_11454_,2.8µm
_11513_,2.8µm
_11516_,2.8µm
_11537_,2.8µm
_11598_,2.8µm
_11658_,2.8µm
_11685_,2.8µm
_11738_,2.8µm
_11741_,2.8µm
_11753_,2.8µm
_11754_,2.8µm
_11800_,2.8µm
_11819_,2.8µm
_11824_,2.8µm
_11857_,2.8µm
_11922_,2.8µm
_12091_,2.8µm
_12102_,2.8µm
_12201_,2.8µm
_12341_,2.8µm
_12354_,2.8µm
_12362_,2.8µm
_12554_,2.8µm
_12702_,2.8µm
_12764_,2.8µm
_12807_,2.8µm
_12824_,2.8µm
_12840_,2.8µm
_13094_,2.8µm
_13143_,2.8µm
_13149_,2.8µm
_13196_,2.8µm
_13203_,2.8µm
_13295_,2.8µm
_13390_,2.8µm
_13432_,2.8µm
_13444_,2.8µm
_13456_,2.8µm
_13459_,2.8µm
_13534_,2.8µm
_13588_,2.8µm
_13589_,2.8µm
_13641_,2.8µm
_13683_,2.8µm
_13693_,2.8µm
_13783_,2.8µm
_13854_,2.8µm
_13857_,2.8µm
_13905_,2.8µm
_13914_,2.8µm
_13925_,2.8µm
_13971_,2.8µm
_14162_,2.8µm
_14168_,2.8µm
_14207_,2.8µm
_14215_,2.8µm
_14264_,2.8µm
_14283_,2.8µm
_14284_,2.8µm
_14303_,2.8µm
_14339_,2.8µm
_14422_,2.8µm
_14444_,2.8µm
_14469_,2.8µm
_14497_,2.8µm
_14513_,2.8µm
_14545_,2.8µm
_14591_,2.8µm
_14599_,2.8µm
_14605_,2.8µm
_14623_,2.8µm
_14650_,2.8µm
_14655_,2.8µm
_14659_,2.8µm
_14662_,2.8µm
_14674_,2.8µm
_14706_,2.8µm
_14722_,2.8µm
_14725_,2.8µm
_14731_,2.8µm
_14732_,2.8µm
_14735_,2.8µm
_14744_,2.8µm
_14751_,2.8µm
_14771_,2.8µm
_14778_,2.8µm
_14788_,2.8µm
_14803_,2.8µm
_14810_,2.8µm
_14832_,2.8µm
_14841_,2.8µm
_14852_,2.8µm
_14856_,2.8µm
_14860_,2.8µm
_14870_,2.8µm
_14892_,2.8µm
_14909_,2.8µm
_14964_,2.8µm
_14974_,2.8µm
_14981_,2.8µm
_14987_,2.8µm
_15000_,2.8µm
_15003_,2.8µm
_15004_,2.8µm
_15006_,2.8µm
_15020_,2.8µm
_15025_,2.8µm
_15030_,2.8µm
_15031_,2.8µm
_15040_,2.8µm
_15043_,2.8µm
_15064_,2.8µm
_15066_,2.8µm
_15073_,2.8µm
_15078_,2.8µm
_15084_,2.8µm
_15106_,2.8µm
_15115_,2.8µm
_15118_,2.8µm
_15135_,2.8µm
_15136_,2.8µm
_15144_,2.8µm
_15165_,2.8µm
_15167_,2.8µm
_15168_,2.8µm
_15196_,2.8µm
_15202_,2.8µm
_15205_,2.8µm
_15212_,2.8µm
_15235_,2.8µm
_15238_,2.8µm
_15248_,2.8µm
_15251_,2.8µm
_15255_,2.8µm
_15265_,2.8µm
_15277_,2.8µm
_15281_,2.8µm
_15305_,2.8µm
_15331_,2.8µm
_15344_,2.8µm
_15350_,2.8µm
_15366_,2.8µm
_15372_,2.8µm
_15373_,2.8µm
_15386_,2.8µm
_15396_,2.8µm
_15397_,2.8µm
_15403_,2.8µm
_15415_,2.8µm
_15460_,2.8µm
_15471_,2.8µm
_15515_,2.8µm
_15542_,2.8µm
_15544_,2.8µm
_15553_,2.8µm
_15560_,2.8µm
_15562_,2.8µm
_15662_,2.8µm
_15666_,2.8µm
_15678_,2.8µm
_15687_,2.8µm
_15691_,2.8µm
_15721_,2.8µm
_15742_,2.8µm
_15751_,2.8µm
_15783_,2.8µm
_15809_,2.8µm
_15815_,2.8µm
_15821_,2.8µm
_15828_,2.8µm
_15832_,2.8µm
_15833_,2.8µm
_15839_,2.8µm
_15852_,2.8µm
_15861_,2.8µm
_15863_,2.8µm
_15865_,2.8µm
_15874_,2.8µm
_15875_,2.8µm
_15877_,2.8µm
_15881_,2.8µm
_15884_,2.8µm
_15886_,2.8µm
_15917_,2.8µm
_15941_,2.8µm
_15945_,2.8µm
_15956_,2.8µm
_15966_,2.8µm
_15967_,2.8µm
_15969_,2.8µm
_15970_,2.8µm
_15980_,2.8µm
_15983_,2.8µm
_15989_,2.8µm
_15991_,2.8µm
_16020_,2.8µm
_16025_,2.8µm
_16042_,2.8µm
_16043_,2.8µm
_16048_,2.8µm
_16062_,2.8µm
_16082_,2.8µm
_16093_,2.8µm
_16122_,2.8µm
_16124_,2.8µm
_16125_,2.8µm
_16133_,2.8µm
_16170_,2.8µm
_16180_,2.8µm
_16187_,2.8µm
_16206_,2.8µm
_16211_,2.8µm
_16213_,2.8µm
_16222_,2.8µm
_16265_,2.8µm
_16268_,2.8µm
_16292_,2.8µm
_16315_,2.8µm
_16341_,2.8µm
_16351_,2.8µm
_16368_,2.8µm
_16399_,2.8µm
_16455_,2.8µm
_16461_,2.8µm
_16467_,2.8µm
_16529_,2.8µm
_16534_,2.8µm
_16557_,2.8µm
_16559_,2.8µm
_16570_,2.8µm
_16577_,2.8µm
_16635_,2.8µm
_16645_,2.8µm
_16647_,2.8µm
_16651_,2.8µm
_16673_,2.8µm
_16679_,2.8µm
_16705_,2.8µm
_16719_,2.8µm
_16723_,2.8µm
_16753_,2.8µm
_16760_,2.8µm
_16769_,2.8µm
_16772_,2.8µm
_16778_,2.8µm
_16781_,2.8µm
_16786_,2.8µm
_16789_,2.8µm
_16796_,2.8µm
_16806_,2.8µm
_16807_,2.8µm
_16810_,2.8µm
_16813_,2.8µm
_16814_,2.8µm
_16818_,2.8µm
_16840_,2.8µm
_16843_,2.8µm
_16852_,2.8µm
_16853_,2.8µm
_16888_,2.8µm
_16890_,2.8µm
_16891_,2.8µm
_16913_,2.8µm
_16921_,2.8µm
_16936_,2.8µm
_16944_,2.8µm
_16950_,2.8µm
_16953_,2.8µm
_16966_,2.8µm
_16967_,2.8µm
_16970_,2.8µm
_16980_,2.8µm
_16990_,2.8µm
_16996_,2.8µm
_16999_,2.8µm
_17004_,2.8µm
_17010_,2.8µm
_17022_,2.8µm
_17034_,2.8µm
_17045_,2.8µm
_17063_,2.8µm
_17068_,2.8µm
_17072_,2.8µm
_17093_,2.8µm
_17100_,2.8µm
_17174_,2.8µm
_17225_,2.8µm
_17226_,2.8µm
_17257_,2.8µm
_17263_,2.8µm
_17286_,2.8µm
_17289_,2.8µm
_17318_,2.8µm
_17324_,2.8µm
_17326_,2.8µm
_17333_,2.8µm
_17335_,2.8µm
_17336_,2.8µm
_17338_,2.8µm
_17366_,2.8µm
_17403_,2.8µm
_17404_,2.8µm
_17407_,2.8µm
_17419_,2.8µm
_17429_,2.8µm
_17439_,2.8µm
_17441_,2.8µm
_17450_,2.8µm
_17457_,2.8µm
_17459_,2.8µm
_17460_,2.8µm
_17463_,2.8µm
_17466_,2.8µm
_17469_,2.8µm
_17480_,2.8µm
_17491_,2.8µm
_17494_,2.8µm
_17525_,2.8µm
_17531_,2.8µm
_17540_,2.8µm
_17551_,2.8µm
_17552_,2.8µm
_17559_,2.8µm
_17588_,2.8µm
_17592_,2.8µm
_17601_,2.8µm
_17602_,2.8µm
_17605_,2.8µm
_17626_,2.8µm
_17640_,2.8µm
_17698_,2.8µm
_17710_,2.8µm
_17713_,2.8µm
_17735_,2.8µm
_17745_,2.8µm
_17746_,2.8µm
_17757_,2.8µm
_17785_,2.8µm
_17794_,2.8µm
_17800_,2.8µm
_17835_,2.8µm
_17841_,2.8µm
_17843_,2.8µm
_17845_,2.8µm
_17848_,2.8µm
_17851_,2.8µm
_17861_,2.8µm
_17866_,2.8µm
_17880_,2.8µm
_17904_,2.8µm
_17914_,2.8µm
_17920_,2.8µm
_17927_,2.8µm
_17933_,2.8µm
_17946_,2.8µm
_18002_,2.8µm
_18031_,2.8µm
_18037_,2.8µm
_18048_,2.8µm
_18049_,2.8µm
_18061_,2.8µm
_18115_,2.8µm
_18118_,2.8µm
_18120_,2.8µm
_18135_,2.8µm
_18149_,2.8µm
_18150_,2.8µm
_18152_,2.8µm
_18291_,2.8µm
_18300_,2.8µm
_18311_,2.8µm
_18403_,2.8µm
_18502_,2.8µm
_18511_,2.8µm
_18533_,2.8µm
_18559_,2.8µm
_18575_,2.8µm
_18584_,2.8µm
_18599_,2.8µm
_18614_,2.8µm
_18637_,2.8µm
_18656_,2.8µm
_18672_,2.8µm
_18738_,2.8µm
_18749_,2.8µm
_18781_,2.8µm
_18787_,2.8µm
_18803_,2.8µm
_18807_,2.8µm
_18819_,2.8µm
_18841_,2.8µm
_18852_,2.8µm
_18853_,2.8µm
_18892_,2.8µm
_19023_,2.8µm
_19033_,2.8µm
_19039_,2.8µm
_19052_,2.8µm
_19122_,2.8µm
_19132_,2.8µm
_19134_,2.8µm
_19157_,2.8µm
_19173_,2.8µm
_19178_,2.8µm
_19194_,2.8µm
_19220_,2.8µm
_19232_,2.8µm
_19246_,2.8µm
_19254_,2.8µm
_19266_,2.8µm
_19276_,2.8µm
_19290_,2.8µm
_19292_,2.8µm
_19300_,2.8µm
_19303_,2.8µm
_19342_,2.8µm
_19375_,2.8µm
_19376_,2.8µm
_19388_,2.8µm
_19425_,2.8µm
_19435_,2.8µm
_19437_,2.8µm
_19439_,2.8µm
_19475_,2.8µm
_19498_,2.8µm
_19505_,2.8µm
_19547_,2.8µm
_19575_,2.8µm
_19581_,2.8µm
_19585_,2.8µm
_19600_,2.8µm
_19616_,2.8µm
_19620_,2.8µm
_19626_,2.8µm
_19654_,2.8µm
_19666_,2.8µm
_19719_,2.8µm
_19758_,2.8µm
_19769_,2.8µm
_19788_,2.8µm
_19789_,2.8µm
_19790_,2.8µm
_19813_,2.8µm
_19831_,2.8µm
_19863_,2.8µm
_19873_,2.8µm
_19888_,2.8µm
_19905_,2.8µm
_19914_,2.8µm
_19926_,2.8µm
_19945_,2.8µm
_19955_,2.8µm
_19965_,2.8µm
_19993_,2.8µm
_19994_,2.8µm
_20027_,2.8µm
_20032_,2.8µm
_20166_,2.8µm
_20187_,2.8µm
_20189_,2.8µm
_20207_,2.8µm
_20226_,2.8µm
_20235_,2.8µm
_20242_,2.8µm
_20285_,2.8µm
_20286_,2.8µm
_20290_,2.8µm
_20294_,2.8µm
_20295_,2.8µm
_20296_,2.8µm
_20313_,2.8µm
_20328_,2.8µm
_20333_,2.8µm
_20336_,2.8µm
_20362_,2.8µm
_20373_,2.8µm
_20377_,2.8µm
_20392_,2.8µm
_20420_,2.8µm
_20447_,2.8µm
_20466_,2.8µm
_20467_,2.8µm
_20479_,2.8µm
_20496_,2.8µm
_20558_,2.8µm
_20604_,2.8µm
_20609_,2.8µm
_20620_,2.8µm
_20772_,2.8µm
_20781_,2.8µm
_20831_,2.8µm
_20846_,2.8µm
_20873_,2.8µm
_20887_,2.8µm
_20895_,2.8µm
_20901_,2.8µm
_21027_,2.8µm
_21041_,2.8µm
_21045_,2.8µm
_21053_,2.8µm
_21065_,2.8µm
_21118_,2.8µm
_21141_,2.8µm
_21246_,2.8µm
_21252_,2.8µm
_21273_,2.8µm
_21288_,2.8µm
_21292_,2.8µm
_21293_,2.8µm
_21311_,2.8µm
_21320_,2.8µm
_21322_,2.8µm
_21392_,2.8µm
_21396_,2.8µm
_21401_,2.8µm
_21406_,2.8µm
_21554_,2.8µm
_21558_,2.8µm
_21567_,2.8µm
_21569_,2.8µm
_21738_,2.8µm
_21756_,2.8µm
_21765_,2.8µm
_21769_,2.8µm
_21772_,2.8µm
_21804_,2.8µm
_21899_,2.8µm
_21965_,2.8µm
_22005_,2.8µm
_22032_,2.8µm
_22041_,2.8µm
_22087_,2.8µm
_22089_,2.8µm
_22145_,2.8µm
_22176_,2.8µm
_22303_,2.8µm
_22489_,2.8µm
_22511_,2.8µm
_22597_,2.8µm
_22624_,2.8µm
_22625_,2.8µm
_22631_,2.8µm
_22634_,2.8µm
_22641_,2.8µm
_22674_,2.8µm
_22687_,2.8µm
_22730_,2.8µm
_22754_,2.8µm
_22772_,2.8µm
_22826_,2.8µm
_22863_,2.8µm
_22865_,2.8µm
_22866_,2.8µm
_22893_,2.8µm
_22896_,2.8µm
_22904_,2.8µm
_22908_,2.8µm
_22925_,2.8µm
_22941_,2.8µm
_22942_,2.8µm
_22972_,2.8µm
_22984_,2.8µm
_23086_,2.8µm
_23117_,2.8µm
_23143_,2.8µm
_23145_,2.8µm
_23166_,2.8µm
_23169_,2.8µm
_23324_,2.8µm
_23348_,2.8µm
_23400_,2.8µm
_23403_,2.8µm
_23418_,2.8µm
_23434_,2.8µm
_23437_,2.8µm
_23460_,2.8µm
_23468_,2.8µm
_23482_,2.8µm
_23492_,2.8µm
_23495_,2.8µm
_23497_,2.8µm
_23498_,2.8µm
_23502_,2.8µm
_23587_,2.8µm
_23608_,2.8µm
_23619_,2.8µm
_23705_,2.8µm
_23707_,2.8µm
_23852_,2.8µm
_23861_,2.8µm
_23862_,2.8µm
_23889_,2.8µm
_23896_,2.8µm
_23938_,2.8µm
_24067_,2.8µm
_24166_,2.8µm
_24218_,2.8µm
_24265_,2.8µm
_24268_,2.8µm
_24316_,2.8µm
_24346_,2.8µm
_24511_,2.8µm
_24578_,2.8µm
_24688_,2.8µm
_24750_,2.8µm
_24889_,2.8µm
_24937_,2.8µm
_24942_,2.8µm
_24950_,2.8µm
_24974_,2.8µm
_25172_,2.8µm
_25239_,2.8µm
_25310_,2.8µm
_25366_,2.8µm
_25510_,2.8µm
_25602_,2.8µm
_25640_,2.8µm
_25668_,2.8µm
_25942_,2.8µm
_26036_,2.8µm
_26234_,2.8µm
_26375_,2.8µm
_26535_,2.8µm
_26604_,2.8µm
_26708_,2.8µm
_26717_,2.8µm
_26734_,2.8µm
_26804_,2.8µm
_26811_,2.8µm
_26945_,2.8µm
_26966_,2.8µm
_26979_,2.8µm
_27076_,2.8µm
_27117_,2.8µm
_27172_,2.8µm
_27260_,2.8µm
_27270_,2.8µm
_27350_,2.8µm
_27414_,2.8µm
_27584_,2.8µm
_27635_,2.8µm
_27709_,2.8µm
_27793_,2.8µm
_27794_,2.8µm
_27810_,2.8µm
_27826_,2.8µm
_27837_,2.8µm
_27845_,2.8µm
_27874_,2.8µm
_27880_,2.8µm
_27929_,2.8µm
_27934_,2.8µm
_27991_,2.8µm
_27996_,2.8µm
_28002_,2.8µm
_28004_,2.8µm
_28006_,2.8µm
_28008_,2.8µm
_28012_,2.8µm
_28026_,2.8µm
_28028_,2.8µm
_28046_,2.8µm
_28090_,2.8µm
_28111_,2.8µm
_28133_,2.8µm
_28150_,2.8µm
_28178_,2.8µm
_28192_,2.8µm
_28213_,2.8µm
_28315_,2.8µm
_28347_,2.8µm
_28366_,2.8µm
_28372_,2.8µm
_28378_,2.8µm
_28414_,2.8µm
_28449_,2.8µm
i_core_v_mini_mcu.ao_peripheral_subsystem_i.power_manager_i.power_manager_reg_top_i.u_intr_state.wr_data\[2\],2.8µm
i_core_v_mini_mcu.ao_peripheral_subsystem_i.spi_subsystem_i.obi_spimemio_i.obi_to_picorv32_i.obi_resp_o\[2\],2.8µm
i_core_v_mini_mcu.ao_peripheral_subsystem_i.tdu_i.active_hart_cycles_q\[19\],2.8µm
i_core_v_mini_mcu.cpu_subsystem_i.cpu_1_0.i_servile.arbiter.i_wb_cpu_ibus_adr\[1\],2.8µm
i_core_v_mini_mcu.peripheral_subsystem_i.obi_fifo_i.consumer_data_req\[17\],2.8µm
_05581_,2.34µm
_05912_,2.34µm
_06031_,2.34µm
_06352_,2.34µm
_06424_,2.34µm
_06745_,2.34µm
_06808_,2.34µm
_07185_,2.34µm
_07548_,2.34µm
_08304_,2.34µm
_08318_,2.34µm
_08987_,2.34µm
_09685_,2.34µm
_09843_,2.34µm
_09896_,2.34µm
_10951_,2.34µm
_11096_,2.34µm
_11463_,2.34µm
_11552_,2.34µm
_11560_,2.34µm
_11681_,2.34µm
_12600_,2.34µm
_12732_,2.34µm
_13314_,2.34µm
_13579_,2.34µm
_13689_,2.34µm
_18409_,2.34µm
_20390_,2.34µm
_21032_,2.34µm
_21082_,2.34µm
_22214_,2.34µm
_22553_,2.34µm
_22570_,2.34µm
_22721_,2.34µm
_23759_,2.34µm
_23899_,2.34µm
_24270_,2.34µm
_24840_,2.34µm
_24906_,2.34µm
_25565_,2.34µm
_25585_,2.34µm
_25785_,2.34µm
_25824_,2.34µm
_26321_,2.34µm
_26434_,2.34µm
_26513_,2.34µm
_26560_,2.34µm
_26703_,2.34µm
_26860_,2.34µm
_27050_,2.34µm
_27074_,2.34µm
_27420_,2.34µm
_27473_,2.34µm
_27485_,2.34µm
_27557_,2.34µm
_27586_,2.34µm
_28078_,2.34µm
_28363_,2.34µm
_06240_,2.29µm
_08026_,2.29µm
_11853_,2.29µm
_12053_,2.29µm
_12547_,2.29µm
_12647_,2.29µm
_21061_,2.29µm
_25085_,2.29µm
_25162_,2.29µm
_26903_,2.29µm
_27732_,2.29µm
i_core_v_mini_mcu.cpu_subsystem_i.cpu_1_0.i_servile.arbiter.i_wb_cpu_ibus_adr\[31\],2.29µm
_00265_,2.24µm
_00269_,2.24µm
_00281_,2.24µm
_00285_,2.24µm
_00319_,2.24µm
_00324_,2.24µm
_00332_,2.24µm
_00391_,2.24µm
_00410_,2.24µm
_00415_,2.24µm
_00433_,2.24µm
_00434_,2.24µm
_00461_,2.24µm
_00502_,2.24µm
_00585_,2.24µm
_00601_,2.24µm
_00639_,2.24µm
_00662_,2.24µm
_00667_,2.24µm
_00723_,2.24µm
_00769_,2.24µm
_00797_,2.24µm
_00817_,2.24µm
_00861_,2.24µm
_00933_,2.24µm
_00989_,2.24µm
_01000_,2.24µm
_01065_,2.24µm
_01140_,2.24µm
_01191_,2.24µm
_01273_,2.24µm
_01299_,2.24µm
_01300_,2.24µm
_01408_,2.24µm
_01421_,2.24µm
_01551_,2.24µm
_01574_,2.24µm
_01587_,2.24µm
_01607_,2.24µm
_01668_,2.24µm
_01681_,2.24µm
_01692_,2.24µm
_01769_,2.24µm
_01780_,2.24µm
_01786_,2.24µm
_01789_,2.24µm
_01884_,2.24µm
_01887_,2.24µm
_01900_,2.24µm
_01930_,2.24µm
_01939_,2.24µm
_02013_,2.24µm
_02017_,2.24µm
_02025_,2.24µm
_02088_,2.24µm
_02107_,2.24µm
_02115_,2.24µm
_02158_,2.24µm
_02187_,2.24µm
_02214_,2.24µm
_02222_,2.24µm
_02230_,2.24µm
_02241_,2.24µm
_02349_,2.24µm
_02365_,2.24µm
_02450_,2.24µm
_02474_,2.24µm
_02553_,2.24µm
_02569_,2.24µm
_02666_,2.24µm
_02669_,2.24µm
_02680_,2.24µm
_02688_,2.24µm
_02692_,2.24µm
_02694_,2.24µm
_02695_,2.24µm
_02703_,2.24µm
_02705_,2.24µm
_02713_,2.24µm
_02714_,2.24µm
_02719_,2.24µm
_02722_,2.24µm
_02726_,2.24µm
_02743_,2.24µm
_02745_,2.24µm
_02755_,2.24µm
_02760_,2.24µm
_02767_,2.24µm
_02771_,2.24µm
_02791_,2.24µm
_02799_,2.24µm
_02801_,2.24µm
_02802_,2.24µm
_02803_,2.24µm
_02807_,2.24µm
_02813_,2.24µm
_02818_,2.24µm
_02820_,2.24µm
_02825_,2.24µm
_02829_,2.24µm
_02840_,2.24µm
_02852_,2.24µm
_02853_,2.24µm
_02865_,2.24µm
_02866_,2.24µm
_02874_,2.24µm
_02878_,2.24µm
_02880_,2.24µm
_02904_,2.24µm
_02938_,2.24µm
_02966_,2.24µm
_02969_,2.24µm
_02975_,2.24µm
_02980_,2.24µm
_02985_,2.24µm
_02990_,2.24µm
_03005_,2.24µm
_03007_,2.24µm
_03015_,2.24µm
_03016_,2.24µm
_03020_,2.24µm
_03025_,2.24µm
_03026_,2.24µm
_03048_,2.24µm
_03054_,2.24µm
_03061_,2.24µm
_03065_,2.24µm
_03067_,2.24µm
_03068_,2.24µm
_03072_,2.24µm
_03076_,2.24µm
_03079_,2.24µm
_03094_,2.24µm
_03096_,2.24µm
_03102_,2.24µm
_03103_,2.24µm
_03129_,2.24µm
_03139_,2.24µm
_03142_,2.24µm
_03143_,2.24µm
_03148_,2.24µm
_03150_,2.24µm
_03165_,2.24µm
_03170_,2.24µm
_03179_,2.24µm
_03202_,2.24µm
_03209_,2.24µm
_03211_,2.24µm
_03238_,2.24µm
_03242_,2.24µm
_03244_,2.24µm
_03248_,2.24µm
_03264_,2.24µm
_03280_,2.24µm
_03299_,2.24µm
_03306_,2.24µm
_03313_,2.24µm
_03319_,2.24µm
_03329_,2.24µm
_03333_,2.24µm
_03339_,2.24µm
_03355_,2.24µm
_03364_,2.24µm
_03365_,2.24µm
_03379_,2.24µm
_03383_,2.24µm
_03386_,2.24µm
_03392_,2.24µm
_03393_,2.24µm
_03400_,2.24µm
_03409_,2.24µm
_03417_,2.24µm
_03418_,2.24µm
_03425_,2.24µm
_03432_,2.24µm
_03446_,2.24µm
_03463_,2.24µm
_03471_,2.24µm
_03472_,2.24µm
_03482_,2.24µm
_03486_,2.24µm
_03494_,2.24µm
_03495_,2.24µm
_03496_,2.24µm
_03499_,2.24µm
_03504_,2.24µm
_03511_,2.24µm
_03552_,2.24µm
_03554_,2.24µm
_03555_,2.24µm
_03556_,2.24µm
_03557_,2.24µm
_03559_,2.24µm
_03569_,2.24µm
_03577_,2.24µm
_03586_,2.24µm
_03601_,2.24µm
_03606_,2.24µm
_03613_,2.24µm
_03633_,2.24µm
_03644_,2.24µm
_03653_,2.24µm
_04103_,2.24µm
_04150_,2.24µm
_04162_,2.24µm
_04172_,2.24µm
_04192_,2.24µm
_04240_,2.24µm
_04242_,2.24µm
_04257_,2.24µm
_04288_,2.24µm
_04331_,2.24µm
_04358_,2.24µm
_04386_,2.24µm
_04395_,2.24µm
_04455_,2.24µm
_04497_,2.24µm
_04568_,2.24µm
_04570_,2.24µm
_04588_,2.24µm
_04924_,2.24µm
_05336_,2.24µm
_05375_,2.24µm
_05404_,2.24µm
_05475_,2.24µm
_05827_,2.24µm
_05925_,2.24µm
_06050_,2.24µm
_06172_,2.24µm
_06232_,2.24µm
_06340_,2.24µm
_06609_,2.24µm
_06625_,2.24µm
_07397_,2.24µm
_07626_,2.24µm
_07666_,2.24µm
_07690_,2.24µm
_07714_,2.24µm
_07831_,2.24µm
_07881_,2.24µm
_07890_,2.24µm
_08091_,2.24µm
_08096_,2.24µm
_08178_,2.24µm
_08205_,2.24µm
_08354_,2.24µm
_08562_,2.24µm
_08613_,2.24µm
_08981_,2.24µm
_09045_,2.24µm
_09095_,2.24µm
_09155_,2.24µm
_09169_,2.24µm
_09250_,2.24µm
_09326_,2.24µm
_09352_,2.24µm
_09426_,2.24µm
_09602_,2.24µm
_09676_,2.24µm
_09795_,2.24µm
_10115_,2.24µm
_10152_,2.24µm
_10386_,2.24µm
_10713_,2.24µm
_10715_,2.24µm
_10822_,2.24µm
_10843_,2.24µm
_10934_,2.24µm
_10948_,2.24µm
_11098_,2.24µm
_11155_,2.24µm
_11218_,2.24µm
_11255_,2.24µm
_11403_,2.24µm
_11448_,2.24µm
_11561_,2.24µm
_11576_,2.24µm
_11606_,2.24µm
_11714_,2.24µm
_11842_,2.24µm
_11907_,2.24µm
_11978_,2.24µm
_12086_,2.24µm
_12115_,2.24µm
_12143_,2.24µm
_12175_,2.24µm
_12359_,2.24µm
_12406_,2.24µm
_12714_,2.24µm
_12770_,2.24µm
_12971_,2.24µm
_13006_,2.24µm
_13041_,2.24µm
_13056_,2.24µm
_13096_,2.24µm
_13181_,2.24µm
_13385_,2.24µm
_13469_,2.24µm
_13525_,2.24µm
_13602_,2.24µm
_13810_,2.24µm
_13832_,2.24µm
_14859_,2.24µm
_15263_,2.24µm
_16141_,2.24µm
_18219_,2.24µm
_20008_,2.24µm
_20211_,2.24µm
_20346_,2.24µm
_20394_,2.24µm
_20611_,2.24µm
_20893_,2.24µm
_21029_,2.24µm
_21077_,2.24µm
_21178_,2.24µm
_21181_,2.24µm
_21190_,2.24µm
_21261_,2.24µm
_21266_,2.24µm
_21357_,2.24µm
_21369_,2.24µm
_21397_,2.24µm
_21400_,2.24µm
_21564_,2.24µm
_21615_,2.24µm
_21684_,2.24µm
_21731_,2.24µm
_21866_,2.24µm
_21903_,2.24µm
_22265_,2.24µm
_22335_,2.24µm
_22349_,2.24µm
_22363_,2.24µm
_22391_,2.24µm
_22416_,2.24µm
_22436_,2.24µm
_22467_,2.24µm
_22482_,2.24µm
_22780_,2.24µm
_22816_,2.24µm
_22853_,2.24µm
_22888_,2.24µm
_22916_,2.24µm
_22954_,2.24µm
_23575_,2.24µm
_23637_,2.24µm
_23652_,2.24µm
_23695_,2.24µm
_23756_,2.24µm
_23991_,2.24µm
_24280_,2.24µm
_24435_,2.24µm
_24566_,2.24µm
_24775_,2.24µm
_24953_,2.24µm
_25035_,2.24µm
_25137_,2.24µm
_25175_,2.24µm
_25246_,2.24µm
_25377_,2.24µm
_25993_,2.24µm
_26025_,2.24µm
_26054_,2.24µm
_26266_,2.24µm
_26309_,2.24µm
_26417_,2.24µm
_26533_,2.24µm
_26660_,2.24µm
_26793_,2.24µm
_26893_,2.24µm
_26962_,2.24µm
_27079_,2.24µm
_27301_,2.24µm
_27358_,2.24µm
_27394_,2.24µm
_27580_,2.24µm
_27891_,2.24µm
_27920_,2.24µm
_27968_,2.24µm
_28436_,2.24µm
i_core_v_mini_mcu.peripheral_subsystem_i.obi_fifo_i.consumer_resp_i\[2\],2.24µm
_06313_,1.78µm
_08438_,1.78µm
_09460_,1.78µm
_10973_,1.78µm
_11901_,1.78µm
_12407_,1.78µm
_20117_,1.78µm
_20993_,1.78µm
_24059_,1.78µm
_24068_,1.78µm
_24758_,1.78µm
_24773_,1.78µm
_26414_,1.78µm
_27662_,1.78µm
_27814_,1.78µm
i_core_v_mini_mcu.cpu_subsystem_i.cpu_1_0.i_servile.cpu.bufreg.i_imm_en,1.78µm
_10849_,1.73µm
_20792_,1.73µm
_27383_,1.73µm
_05659_,1.68µm
_05864_,1.68µm
_06058_,1.68µm
_06259_,1.68µm
_06376_,1.68µm
_06380_,1.68µm
_06651_,1.68µm
_06951_,1.68µm
_06972_,1.68µm
_07244_,1.68µm
_07324_,1.68µm
_07344_,1.68µm
_07390_,1.68µm
_07455_,1.68µm
_07500_,1.68µm
_07719_,1.68µm
_08029_,1.68µm
_08487_,1.68µm
_08602_,1.68µm
_08757_,1.68µm
_08826_,1.68µm
_09053_,1.68µm
_09209_,1.68µm
_09429_,1.68µm
_09574_,1.68µm
_09604_,1.68µm
_09609_,1.68µm
_09816_,1.68µm
_10388_,1.68µm
_10448_,1.68µm
_10498_,1.68µm
_10695_,1.68µm
_10820_,1.68µm
_10884_,1.68µm
_11302_,1.68µm
_11318_,1.68µm
_11829_,1.68µm
_12129_,1.68µm
_12172_,1.68µm
_12197_,1.68µm
_12343_,1.68µm
_12347_,1.68µm
_12352_,1.68µm
_12662_,1.68µm
_12836_,1.68µm
_13017_,1.68µm
_13123_,1.68µm
_13133_,1.68µm
_13237_,1.68µm
_13263_,1.68µm
_13278_,1.68µm
_13504_,1.68µm
_13536_,1.68µm
_13618_,1.68µm
_13679_,1.68µm
_14071_,1.68µm
_14256_,1.68µm
_14317_,1.68µm
_15574_,1.68µm
_15708_,1.68µm
_16275_,1.68µm
_16481_,1.68µm
_16509_,1.68µm
_18309_,1.68µm
_19739_,1.68µm
_19870_,1.68µm
_20071_,1.68µm
_20258_,1.68µm
_20414_,1.68µm
_20480_,1.68µm
_20500_,1.68µm
_21192_,1.68µm
_21203_,1.68µm
_21653_,1.68µm
_21897_,1.68µm
_22018_,1.68µm
_22028_,1.68µm
_22076_,1.68µm
_22165_,1.68µm
_22195_,1.68µm
_22358_,1.68µm
_22498_,1.68µm
_22516_,1.68µm
_22588_,1.68µm
_22657_,1.68µm
_22718_,1.68µm
_22775_,1.68µm
_23231_,1.68µm
_23677_,1.68µm
_23751_,1.68µm
_23985_,1.68µm
_24083_,1.68µm
_24315_,1.68µm
_24594_,1.68µm
_24811_,1.68µm
_25177_,1.68µm
_25544_,1.68µm
_25618_,1.68µm
_25924_,1.68µm
_26024_,1.68µm
_26376_,1.68µm
_26474_,1.68µm
_26559_,1.68µm
_26654_,1.68µm
_26990_,1.68µm
_26995_,1.68µm
_27015_,1.68µm
_27038_,1.68µm
_27223_,1.68µm
_27320_,1.68µm
_27573_,1.68µm
_27776_,1.68µm
_27797_,1.68µm
_27856_,1.68µm
i_core_v_mini_mcu.ao_peripheral_subsystem_i.obi_fifo_i.consumer_resp_i\[12\],1.68µm
i_core_v_mini_mcu.ao_peripheral_subsystem_i.power_manager_i.power_manager_reg_top_i.power_gate_core_ack_qs,1.68µm
i_core_v_mini_mcu.ao_peripheral_subsystem_i.spi_subsystem_i.obi_spimemio_i.spimemio_i.xfer_io3_90,1.68µm
i_core_v_mini_mcu.cpu_subsystem_i.cpu_0_0.i_servile.cpu.alu.i_rd_sel\[0\],1.68µm
i_core_v_mini_mcu.peripheral_subsystem_i.uart_i.reg2hw\[38\],1.68µm
_05826_,1.22µm
_06014_,1.22µm
_09733_,1.22µm
_10796_,1.22µm
_11264_,1.22µm
_11380_,1.22µm
_11883_,1.22µm
_12011_,1.22µm
_12905_,1.22µm
_14341_,1.22µm
_19733_,1.22µm
_20938_,1.22µm
_21888_,1.22µm
_22910_,1.22µm
_26905_,1.22µm
_20183_,1.17µm
_05418_,1.12µm
_05453_,1.12µm
_05571_,1.12µm
_05654_,1.12µm
_05670_,1.12µm
_05769_,1.12µm
_05802_,1.12µm
_05819_,1.12µm
_05820_,1.12µm
_06002_,1.12µm
_06156_,1.12µm
_06226_,1.12µm
_06743_,1.12µm
_06763_,1.12µm
_06784_,1.12µm
_06998_,1.12µm
_07071_,1.12µm
_07076_,1.12µm
_07251_,1.12µm
_07506_,1.12µm
_07526_,1.12µm
_07581_,1.12µm
_07751_,1.12µm
_07764_,1.12µm
_07903_,1.12µm
_07999_,1.12µm
_08158_,1.12µm
_08315_,1.12µm
_08353_,1.12µm
_08364_,1.12µm
_08518_,1.12µm
_08525_,1.12µm
_08782_,1.12µm
_08801_,1.12µm
_08829_,1.12µm
_08943_,1.12µm
_09224_,1.12µm
_09557_,1.12µm
_09561_,1.12µm
_09626_,1.12µm
_09701_,1.12µm
_09892_,1.12µm
_09901_,1.12µm
_09913_,1.12µm
_10036_,1.12µm
_10215_,1.12µm
_10238_,1.12µm
_10533_,1.12µm
_10783_,1.12µm
_11009_,1.12µm
_11032_,1.12µm
_11115_,1.12µm
_11219_,1.12µm
_11297_,1.12µm
_11317_,1.12µm
_11566_,1.12µm
_11583_,1.12µm
_11605_,1.12µm
_11668_,1.12µm
_11709_,1.12µm
_11930_,1.12µm
_11950_,1.12µm
_12130_,1.12µm
_12183_,1.12µm
_12335_,1.12µm
_12526_,1.12µm
_12619_,1.12µm
_12624_,1.12µm
_12716_,1.12µm
_12737_,1.12µm
_13036_,1.12µm
_13045_,1.12µm
_13049_,1.12µm
_13101_,1.12µm
_13112_,1.12µm
_13117_,1.12µm
_13332_,1.12µm
_13434_,1.12µm
_13505_,1.12µm
_13510_,1.12µm
_13678_,1.12µm
_13772_,1.12µm
_13809_,1.12µm
_14053_,1.12µm
_14092_,1.12µm
_14111_,1.12µm
_14114_,1.12µm
_14146_,1.12µm
_14153_,1.12µm
_14155_,1.12µm
_14275_,1.12µm
_14330_,1.12µm
_14350_,1.12µm
_18339_,1.12µm
_18484_,1.12µm
_18493_,1.12µm
_19749_,1.12µm
_19752_,1.12µm
_20091_,1.12µm
_20146_,1.12µm
_20195_,1.12µm
_20234_,1.12µm
_20360_,1.12µm
_20375_,1.12µm
_20469_,1.12µm
_20638_,1.12µm
_20645_,1.12µm
_20681_,1.12µm
_21051_,1.12µm
_21153_,1.12µm
_21867_,1.12µm
_21916_,1.12µm
_21933_,1.12µm
_22072_,1.12µm
_22118_,1.12µm
_22123_,1.12µm
_22168_,1.12µm
_22341_,1.12µm
_22408_,1.12µm
_22446_,1.12µm
_22554_,1.12µm
_22717_,1.12µm
_23094_,1.12µm
_23133_,1.12µm
_23200_,1.12µm
_23526_,1.12µm
_23539_,1.12µm
_23953_,1.12µm
_23982_,1.12µm
_24001_,1.12µm
_24232_,1.12µm
_24604_,1.12µm
_24779_,1.12µm
_24891_,1.12µm
_24911_,1.12µm
_25190_,1.12µm
_25332_,1.12µm
_25395_,1.12µm
_26052_,1.12µm
_26071_,1.12µm
_26149_,1.12µm
_26193_,1.12µm
_26334_,1.12µm
_26370_,1.12µm
_26439_,1.12µm
_26459_,1.12µm
_26464_,1.12µm
_26570_,1.12µm
_26590_,1.12µm
_26844_,1.12µm
_26876_,1.12µm
_26918_,1.12µm
_26924_,1.12µm
_26941_,1.12µm
_27014_,1.12µm
_27020_,1.12µm
_27025_,1.12µm
_27228_,1.12µm
_27258_,1.12µm
_27762_,1.12µm
_27832_,1.12µm
_27838_,1.12µm
i_core_v_mini_mcu.ao_peripheral_subsystem_i.clint_software_irq_o\[0\],1.12µm
i_core_v_mini_mcu.ao_peripheral_subsystem_i.obi_fifo_i.consumer_resp_i\[5\],1.12µm
i_core_v_mini_mcu.peripheral_subsystem_i.obi_fifo_i.consumer_resp_i\[24\],1.12µm
i_core_v_mini_mcu.peripheral_subsystem_i.uart_i.hw2reg\[6\],1.12µm
i_core_v_mini_mcu.peripheral_subsystem_i.uart_i.uart_core.uart_rx.baud_div_q\[3\],1.12µm
_24879_,0.56µm
_25936_,0.56µm
