
===========================================================================
Violator List
============================================================================
[setup in-reg] rst_ni -> _56391_/RN : -146.777191
[setup in-reg] rst_ni -> _56392_/RN : -146.777191
[setup in-reg] rst_ni -> _56393_/RN : -146.777191
[setup in-reg] rst_ni -> _59872_/RN : -146.777191
[setup in-reg] rst_ni -> _59873_/RN : -146.777191
[setup in-reg] rst_ni -> _59874_/RN : -146.777191
[setup in-reg] rst_ni -> _59875_/RN : -146.777191
[setup in-reg] rst_ni -> _59876_/RN : -146.777191
[setup in-reg] rst_ni -> _59877_/RN : -146.777191
[setup in-reg] rst_ni -> _59878_/RN : -146.777191
[setup in-reg] rst_ni -> _59879_/RN : -146.777191
[setup in-reg] rst_ni -> _59880_/RN : -146.777191
[setup in-reg] rst_ni -> _59881_/RN : -146.777191
[setup in-reg] rst_ni -> _59882_/RN : -146.777191
[setup in-reg] rst_ni -> _59883_/RN : -146.777191
[setup in-reg] rst_ni -> _59884_/RN : -146.777191
[setup in-reg] rst_ni -> _59885_/RN : -146.777191
[setup in-reg] rst_ni -> _59886_/RN : -146.777191
[setup in-reg] rst_ni -> _59887_/RN : -146.777191
[setup in-reg] rst_ni -> _59888_/RN : -146.777191
[setup in-reg] rst_ni -> _59889_/RN : -146.777191
[setup in-reg] rst_ni -> _59890_/RN : -146.777191
[setup in-reg] rst_ni -> _59891_/RN : -146.777191
[setup in-reg] rst_ni -> _59892_/RN : -146.777191
[setup in-reg] rst_ni -> _59893_/RN : -146.777191
[setup in-reg] rst_ni -> _59894_/RN : -146.777191
[setup in-reg] rst_ni -> _59895_/RN : -146.777191
[setup in-reg] rst_ni -> _59896_/RN : -146.777191
[setup in-reg] rst_ni -> _59897_/RN : -146.777191
[setup in-reg] rst_ni -> _59898_/RN : -146.777191
[setup in-reg] rst_ni -> _59899_/RN : -146.777191
[setup in-reg] rst_ni -> _59900_/RN : -146.777191
[setup in-reg] rst_ni -> _59901_/RN : -146.777191
[setup in-reg] rst_ni -> _59902_/RN : -146.777191
[setup in-reg] rst_ni -> _59903_/RN : -146.777191
[setup in-reg] rst_ni -> _59904_/RN : -146.777191
[setup in-reg] rst_ni -> _59905_/RN : -146.777191
[setup in-reg] rst_ni -> _59906_/RN : -146.777191
[setup in-reg] rst_ni -> _59907_/RN : -146.777191
[setup in-reg] rst_ni -> _59908_/RN : -146.777191
[setup in-reg] rst_ni -> _59909_/RN : -146.777191
[setup in-reg] rst_ni -> _59910_/RN : -146.777191
[setup in-reg] rst_ni -> _59911_/RN : -146.777191
[setup in-reg] rst_ni -> _59912_/RN : -146.777191
[setup in-reg] rst_ni -> _59913_/RN : -146.777191
[setup in-reg] rst_ni -> _59914_/RN : -146.777191
[setup in-reg] rst_ni -> _59915_/RN : -146.777191
[setup in-reg] rst_ni -> _59916_/RN : -146.777191
[setup in-reg] rst_ni -> _59917_/RN : -146.777191
[setup in-reg] rst_ni -> _59918_/RN : -146.777191
[setup in-reg] rst_ni -> _59919_/RN : -146.777191
[setup in-reg] rst_ni -> _59920_/RN : -146.777191
[setup in-reg] rst_ni -> _59921_/RN : -146.777191
[setup in-reg] rst_ni -> _59922_/RN : -146.777191
[setup in-reg] rst_ni -> _59923_/RN : -146.777191
[setup in-reg] rst_ni -> _59924_/RN : -146.777191
[setup in-reg] rst_ni -> _59925_/RN : -146.777191
[setup in-reg] rst_ni -> _59926_/RN : -146.777191
[setup in-reg] rst_ni -> _59927_/RN : -146.777191
[setup in-reg] rst_ni -> _59928_/RN : -146.777191
[setup in-reg] rst_ni -> _59929_/RN : -146.777191
[setup in-reg] rst_ni -> _59930_/RN : -146.777191
[setup in-reg] rst_ni -> _59931_/RN : -146.777191
[setup in-reg] rst_ni -> _59932_/RN : -146.777191
[setup in-reg] rst_ni -> _59933_/RN : -146.777191
[setup in-reg] rst_ni -> _59934_/RN : -146.777191
[setup in-reg] rst_ni -> _59935_/RN : -146.777191
[setup in-reg] rst_ni -> _59936_/RN : -146.777191
[setup in-reg] rst_ni -> _59937_/RN : -146.777191
[setup in-reg] rst_ni -> _59938_/RN : -146.777191
[setup in-reg] rst_ni -> _59939_/RN : -146.777191
[setup in-reg] rst_ni -> _59940_/RN : -146.777191
[setup in-reg] rst_ni -> _59941_/RN : -146.777191
[setup in-reg] rst_ni -> _59942_/RN : -146.777191
[setup in-reg] rst_ni -> _59943_/RN : -146.777191
[setup in-reg] rst_ni -> _59944_/RN : -146.777191
[setup in-reg] rst_ni -> _59946_/RN : -146.777191
[setup in-reg] rst_ni -> _59948_/RN : -146.777191
[setup in-reg] rst_ni -> _59949_/RN : -146.777191
[setup in-reg] rst_ni -> _59950_/RN : -146.777191
[setup in-reg] rst_ni -> _59951_/RN : -146.777191
[setup in-reg] rst_ni -> _59952_/RN : -146.777191
[setup in-reg] rst_ni -> _59953_/RN : -146.777191
[setup in-reg] rst_ni -> _59954_/RN : -146.777191
[setup in-reg] rst_ni -> _59955_/RN : -146.777191
[setup in-reg] rst_ni -> _59956_/RN : -146.777191
[setup in-reg] rst_ni -> _59957_/RN : -146.777191
[setup in-reg] rst_ni -> _59958_/RN : -146.777191
[setup in-reg] rst_ni -> _59959_/RN : -146.777191
[setup in-reg] rst_ni -> _59960_/RN : -146.777191
[setup in-reg] rst_ni -> _59961_/RN : -146.777191
[setup in-reg] rst_ni -> _59962_/RN : -146.777191
[setup in-reg] rst_ni -> _59963_/RN : -146.777191
[setup in-reg] rst_ni -> _59964_/RN : -146.777191
[setup in-reg] rst_ni -> _59965_/RN : -146.777191
[setup in-reg] rst_ni -> _59966_/RN : -146.777191
[setup in-reg] rst_ni -> _59967_/RN : -146.777191
[setup in-reg] rst_ni -> _59968_/RN : -146.777191
[setup in-reg] rst_ni -> _59969_/RN : -146.777191
[setup in-reg] rst_ni -> _59970_/RN : -146.777191
[setup in-reg] rst_ni -> _59971_/RN : -146.777191
[setup in-reg] rst_ni -> _59972_/RN : -146.777191
[setup in-reg] rst_ni -> _59973_/RN : -146.777191
[setup in-reg] rst_ni -> _59974_/RN : -146.777191
[setup in-reg] rst_ni -> _59975_/RN : -146.777191
[setup in-reg] rst_ni -> _59976_/RN : -146.777191
[setup in-reg] rst_ni -> _59977_/RN : -146.777191
[setup in-reg] rst_ni -> _59978_/RN : -146.777191
[setup in-reg] rst_ni -> _59979_/RN : -146.777191
[setup in-reg] rst_ni -> _59980_/RN : -146.777191
[setup in-reg] rst_ni -> _59981_/RN : -146.777191
[setup in-reg] rst_ni -> _59982_/RN : -146.777191
[setup in-reg] rst_ni -> _59983_/RN : -146.777191
[setup in-reg] rst_ni -> _59984_/RN : -146.777191
[setup in-reg] rst_ni -> _59985_/RN : -146.777191
[setup in-reg] rst_ni -> _59986_/RN : -146.777191
[setup in-reg] rst_ni -> _59987_/RN : -146.777191
[setup in-reg] rst_ni -> _59988_/RN : -146.777191
[setup in-reg] rst_ni -> _59989_/RN : -146.777191
[setup in-reg] rst_ni -> _59990_/RN : -146.777191
[setup in-reg] rst_ni -> _59991_/RN : -146.777191
[setup in-reg] rst_ni -> _59992_/RN : -146.777191
[setup in-reg] rst_ni -> _59993_/RN : -146.777191
[setup in-reg] rst_ni -> _59994_/RN : -146.777191
[setup in-reg] rst_ni -> _59995_/RN : -146.777191
[setup in-reg] rst_ni -> _59996_/RN : -146.777191
[setup in-reg] rst_ni -> _59997_/RN : -146.777191
[setup in-reg] rst_ni -> _59998_/RN : -146.777191
[setup in-reg] rst_ni -> _59999_/RN : -146.777191
[setup in-reg] rst_ni -> _60000_/RN : -146.777191
[setup in-reg] rst_ni -> _60001_/RN : -146.777191
[setup in-reg] rst_ni -> _60002_/RN : -146.777191
[setup in-reg] rst_ni -> _60003_/RN : -146.777191
[setup in-reg] rst_ni -> _60004_/RN : -146.777191
[setup in-reg] rst_ni -> _60005_/RN : -146.777191
[setup in-reg] rst_ni -> _60006_/RN : -146.777191
[setup in-reg] rst_ni -> _60007_/RN : -146.777191
[setup in-reg] rst_ni -> _60008_/RN : -146.777191
[setup in-reg] rst_ni -> _60009_/RN : -146.777191
[setup in-reg] rst_ni -> _60010_/RN : -146.777191
[setup in-reg] rst_ni -> _60011_/RN : -146.777191
[setup in-reg] rst_ni -> _60012_/RN : -146.777191
[setup in-reg] rst_ni -> _60013_/RN : -146.777191
[setup in-reg] rst_ni -> _60014_/RN : -146.777191
[setup in-reg] rst_ni -> _60015_/RN : -146.777191
[setup in-reg] rst_ni -> _60016_/RN : -146.777191
[setup in-reg] rst_ni -> _60017_/RN : -146.777191
[setup in-reg] rst_ni -> _60018_/RN : -146.777191
[setup in-reg] rst_ni -> _60019_/RN : -146.777191
[setup in-reg] rst_ni -> _60020_/RN : -146.777191
[setup in-reg] rst_ni -> _60021_/RN : -146.777191
[setup in-reg] rst_ni -> _60022_/RN : -146.777191
[setup in-reg] rst_ni -> _60023_/RN : -146.777191
[setup in-reg] rst_ni -> _60024_/RN : -146.777191
[setup in-reg] rst_ni -> _60025_/RN : -146.777191
[setup in-reg] rst_ni -> _60026_/RN : -146.777191
[setup in-reg] rst_ni -> _60027_/RN : -146.777191
[setup in-reg] rst_ni -> _60028_/RN : -146.777191
[setup in-reg] rst_ni -> _60029_/RN : -146.777191
[setup in-reg] rst_ni -> _60030_/RN : -146.777191
[setup in-reg] rst_ni -> _60031_/RN : -146.777191
[setup in-reg] rst_ni -> _60032_/RN : -146.777191
[setup in-reg] rst_ni -> _60033_/RN : -146.777191
[setup in-reg] rst_ni -> _60034_/RN : -146.777191
[setup in-reg] rst_ni -> _60035_/RN : -146.777191
[setup in-reg] rst_ni -> _60036_/RN : -146.777191
[setup in-reg] rst_ni -> _60037_/RN : -146.777191
[setup in-reg] rst_ni -> _60038_/RN : -146.777191
[setup in-reg] rst_ni -> _60039_/RN : -146.777191
[setup in-reg] rst_ni -> _60040_/RN : -146.777191
[setup in-reg] rst_ni -> _60041_/RN : -146.777191
[setup in-reg] rst_ni -> _60042_/RN : -146.777191
[setup in-reg] rst_ni -> _60043_/RN : -146.777191
[setup in-reg] rst_ni -> _60044_/RN : -146.777191
[setup in-reg] rst_ni -> _60045_/RN : -146.777191
[setup in-reg] rst_ni -> _60046_/RN : -146.777191
[setup in-reg] rst_ni -> _60047_/RN : -146.777191
[setup in-reg] rst_ni -> _60048_/RN : -146.777191
[setup in-reg] rst_ni -> _60049_/RN : -146.777191
[setup in-reg] rst_ni -> _60050_/RN : -146.777191
[setup in-reg] rst_ni -> _60051_/RN : -146.777191
[setup in-reg] rst_ni -> _60052_/RN : -146.777191
[setup in-reg] rst_ni -> _60053_/RN : -146.777191
[setup in-reg] rst_ni -> _60054_/RN : -146.777191
[setup in-reg] rst_ni -> _60055_/RN : -146.777191
[setup in-reg] rst_ni -> _60056_/RN : -146.777191
[setup in-reg] rst_ni -> _60057_/RN : -146.777191
[setup in-reg] rst_ni -> _60058_/RN : -146.777191
[setup in-reg] rst_ni -> _60059_/RN : -146.777191
[setup in-reg] rst_ni -> _60060_/RN : -146.777191
[setup in-reg] rst_ni -> _60061_/RN : -146.777191
[setup in-reg] rst_ni -> _60062_/RN : -146.777191
[setup in-reg] rst_ni -> _60063_/RN : -146.777191
[setup in-reg] rst_ni -> _60064_/RN : -146.777191
[setup in-reg] rst_ni -> _60065_/RN : -146.777191
[setup in-reg] rst_ni -> _60066_/RN : -146.777191
[setup in-reg] rst_ni -> _60067_/RN : -146.777191
[setup in-reg] rst_ni -> _60068_/RN : -146.777191
[setup in-reg] rst_ni -> _60069_/RN : -146.777191
[setup in-reg] rst_ni -> _60070_/RN : -146.777191
[setup in-reg] rst_ni -> _60071_/RN : -146.777191
[setup in-reg] rst_ni -> _60072_/RN : -146.777191
[setup in-reg] rst_ni -> _60073_/RN : -146.777191
[setup in-reg] rst_ni -> _60074_/RN : -146.777191
[setup in-reg] rst_ni -> _60075_/RN : -146.777191
[setup in-reg] rst_ni -> _60076_/RN : -146.777191
[setup in-reg] rst_ni -> _60077_/RN : -146.777191
[setup in-reg] rst_ni -> _60078_/RN : -146.777191
[setup in-reg] rst_ni -> _60079_/RN : -146.777191
[setup in-reg] rst_ni -> _60080_/RN : -146.777191
[setup in-reg] rst_ni -> _60081_/RN : -146.777191
[setup in-reg] rst_ni -> _60082_/RN : -146.777191
[setup in-reg] rst_ni -> _60083_/RN : -146.777191
[setup in-reg] rst_ni -> _60084_/RN : -146.777191
[setup in-reg] rst_ni -> _60085_/RN : -146.777191
[setup in-reg] rst_ni -> _60086_/RN : -146.777191
[setup in-reg] rst_ni -> _60087_/RN : -146.777191
[setup in-reg] rst_ni -> _60088_/RN : -146.777191
[setup in-reg] rst_ni -> _60089_/RN : -146.777191
[setup in-reg] rst_ni -> _60090_/RN : -146.777191
[setup in-reg] rst_ni -> _60091_/RN : -146.777191
[setup in-reg] rst_ni -> _60092_/RN : -146.777191
[setup in-reg] rst_ni -> _60093_/RN : -146.777191
[setup in-reg] rst_ni -> _60094_/RN : -146.777191
[setup in-reg] rst_ni -> _60095_/RN : -146.777191
[setup in-reg] rst_ni -> _60096_/RN : -146.777191
[setup in-reg] rst_ni -> _60097_/RN : -146.777191
[setup in-reg] rst_ni -> _60098_/RN : -146.777191
[setup in-reg] rst_ni -> _60099_/RN : -146.777191
[setup in-reg] rst_ni -> _60100_/RN : -146.777191
[setup in-reg] rst_ni -> _60101_/RN : -146.777191
[setup in-reg] rst_ni -> _60102_/RN : -146.777191
[setup in-reg] rst_ni -> _60103_/RN : -146.777191
[setup in-reg] rst_ni -> _60104_/RN : -146.777191
[setup in-reg] rst_ni -> _60105_/RN : -146.777191
[setup in-reg] rst_ni -> _60106_/RN : -146.777191
[setup in-reg] rst_ni -> _60107_/RN : -146.777191
[setup in-reg] rst_ni -> _60108_/RN : -146.777191
[setup in-reg] rst_ni -> _60109_/RN : -146.777191
[setup in-reg] rst_ni -> _60110_/RN : -146.777191
[setup in-reg] rst_ni -> _60111_/RN : -146.777191
[setup in-reg] rst_ni -> _60112_/RN : -146.777191
[setup in-reg] rst_ni -> _60113_/RN : -146.777191
[setup in-reg] rst_ni -> _60114_/RN : -146.777191
[setup in-reg] rst_ni -> _60115_/RN : -146.777191
[setup in-reg] rst_ni -> _60116_/RN : -146.777191
[setup in-reg] rst_ni -> _60117_/RN : -146.777191
[setup in-reg] rst_ni -> _60118_/RN : -146.777191
[setup in-reg] rst_ni -> _60119_/RN : -146.777191
[setup in-reg] rst_ni -> _60120_/RN : -146.777191
[setup in-reg] rst_ni -> _60121_/RN : -146.777191
[setup in-reg] rst_ni -> _60122_/RN : -146.777191
[setup in-reg] rst_ni -> _60123_/RN : -146.777191
[setup in-reg] rst_ni -> _60124_/RN : -146.777191
[setup in-reg] rst_ni -> _60125_/RN : -146.777191
[setup in-reg] rst_ni -> _60126_/RN : -146.777191
[setup in-reg] rst_ni -> _60127_/RN : -146.777191
[setup in-reg] rst_ni -> _60128_/RN : -146.777191
[setup in-reg] rst_ni -> _60129_/RN : -146.777191
[setup in-reg] rst_ni -> _60130_/RN : -146.777191
[setup in-reg] rst_ni -> _60131_/RN : -146.777191
[setup in-reg] rst_ni -> _60132_/RN : -146.777191
[setup in-reg] rst_ni -> _60133_/RN : -146.777191
[setup in-reg] rst_ni -> _60134_/RN : -146.777191
[setup in-reg] rst_ni -> _60135_/RN : -146.777191
[setup in-reg] rst_ni -> _60136_/RN : -146.777191
[setup in-reg] rst_ni -> _60137_/RN : -146.777191
[setup in-reg] rst_ni -> _60138_/RN : -146.777191
[setup in-reg] rst_ni -> _60139_/RN : -146.777191
[setup in-reg] rst_ni -> _60140_/RN : -146.777191
[setup in-reg] rst_ni -> _60141_/RN : -146.777191
[setup in-reg] rst_ni -> _60142_/RN : -146.777191
[setup in-reg] rst_ni -> _60143_/RN : -146.777191
[setup in-reg] rst_ni -> _60144_/RN : -146.777191
[setup in-reg] rst_ni -> _60145_/RN : -146.777191
[setup in-reg] rst_ni -> _60146_/RN : -146.777191
[setup in-reg] rst_ni -> _60147_/RN : -146.777191
[setup in-reg] rst_ni -> _60148_/RN : -146.777191
[setup in-reg] rst_ni -> _60149_/RN : -146.777191
[setup in-reg] rst_ni -> _60150_/RN : -146.777191
[setup in-reg] rst_ni -> _60151_/RN : -146.777191
[setup in-reg] rst_ni -> _60152_/RN : -146.777191
[setup in-reg] rst_ni -> _60153_/RN : -146.777191
[setup in-reg] rst_ni -> _60154_/RN : -146.777191
[setup in-reg] rst_ni -> _60155_/RN : -146.777191
[setup in-reg] rst_ni -> _60156_/RN : -146.777191
[setup in-reg] rst_ni -> _60157_/RN : -146.777191
[setup in-reg] rst_ni -> _60158_/RN : -146.777191
[setup in-reg] rst_ni -> _60159_/RN : -146.777191
[setup in-reg] rst_ni -> _60160_/RN : -146.777191
[setup in-reg] rst_ni -> _60161_/RN : -146.777191
[setup in-reg] rst_ni -> _60162_/RN : -146.777191
[setup in-reg] rst_ni -> _60163_/RN : -146.777191
[setup in-reg] rst_ni -> _60164_/RN : -146.777191
[setup in-reg] rst_ni -> _60165_/RN : -146.777191
[setup in-reg] rst_ni -> _60167_/RN : -146.777191
[setup in-reg] rst_ni -> _60171_/RN : -146.777191
[setup in-reg] rst_ni -> _60172_/RN : -146.777191
[setup in-reg] rst_ni -> _60173_/RN : -146.777191
[setup in-reg] rst_ni -> _60174_/RN : -146.777191
[setup in-reg] rst_ni -> _60175_/RN : -146.777191
[setup in-reg] rst_ni -> _60176_/RN : -146.777191
[setup in-reg] rst_ni -> _60177_/RN : -146.777191
[setup in-reg] rst_ni -> _60180_/RN : -146.777191
[setup in-reg] rst_ni -> _60181_/RN : -146.777191
[setup in-reg] rst_ni -> _60182_/RN : -146.777191
[setup in-reg] rst_ni -> _60183_/RN : -146.777191
[setup in-reg] rst_ni -> _60184_/RN : -146.777191
[setup in-reg] rst_ni -> _60185_/RN : -146.777191
[setup in-reg] rst_ni -> _60186_/RN : -146.777191
[setup in-reg] rst_ni -> _60187_/RN : -146.777191
[setup in-reg] rst_ni -> _60188_/RN : -146.777191
[setup in-reg] rst_ni -> _60189_/RN : -146.777191
[setup in-reg] rst_ni -> _60190_/RN : -146.777191
[setup in-reg] rst_ni -> _60191_/RN : -146.777191
[setup in-reg] rst_ni -> _60192_/RN : -146.777191
[setup in-reg] rst_ni -> _60193_/RN : -146.777191
[setup in-reg] rst_ni -> _60194_/RN : -146.777191
[setup in-reg] rst_ni -> _60195_/RN : -146.777191
[setup in-reg] rst_ni -> _60196_/RN : -146.777191
[setup in-reg] rst_ni -> _60197_/RN : -146.777191
[setup in-reg] rst_ni -> _60198_/RN : -146.777191
[setup in-reg] rst_ni -> _60199_/RN : -146.777191
[setup in-reg] rst_ni -> _60200_/RN : -146.777191
[setup in-reg] rst_ni -> _60201_/RN : -146.777191
[setup in-reg] rst_ni -> _60202_/RN : -146.777191
[setup in-reg] rst_ni -> _60203_/RN : -146.777191
[setup in-reg] rst_ni -> _60204_/RN : -146.777191
[setup in-reg] rst_ni -> _60205_/RN : -146.777191
[setup in-reg] rst_ni -> _60206_/RN : -146.777191
[setup in-reg] rst_ni -> _60207_/RN : -146.777191
[setup in-reg] rst_ni -> _60208_/RN : -146.777191
[setup in-reg] rst_ni -> _60209_/RN : -146.777191
[setup in-reg] rst_ni -> _60210_/RN : -146.777191
[setup in-reg] rst_ni -> _60211_/RN : -146.777191
[setup in-reg] rst_ni -> _60212_/RN : -146.777191
[setup in-reg] rst_ni -> _60213_/RN : -146.777191
[setup in-reg] rst_ni -> _60214_/RN : -146.777191
[setup in-reg] rst_ni -> _60215_/RN : -146.777191
[setup in-reg] rst_ni -> _60216_/RN : -146.777191
[setup in-reg] rst_ni -> _60217_/RN : -146.777191
[setup in-reg] rst_ni -> _60218_/RN : -146.777191
[setup in-reg] rst_ni -> _60219_/RN : -146.777191
[setup in-reg] rst_ni -> _60220_/RN : -146.777191
[setup in-reg] rst_ni -> _60221_/RN : -146.777191
[setup in-reg] rst_ni -> _60222_/RN : -146.777191
[setup in-reg] rst_ni -> _60223_/RN : -146.777191
[setup in-reg] rst_ni -> _60224_/RN : -146.777191
[setup in-reg] rst_ni -> _60225_/RN : -146.777191
[setup in-reg] rst_ni -> _60226_/RN : -146.777191
[setup in-reg] rst_ni -> _60227_/RN : -146.777191
[setup in-reg] rst_ni -> _60228_/RN : -146.777191
[setup in-reg] rst_ni -> _60229_/RN : -146.777191
[setup in-reg] rst_ni -> _60230_/RN : -146.777191
[setup in-reg] rst_ni -> _60231_/RN : -146.777191
[setup in-reg] rst_ni -> _60232_/RN : -146.777191
[setup in-reg] rst_ni -> _60233_/RN : -146.777191
[setup in-reg] rst_ni -> _60234_/RN : -146.777191
[setup in-reg] rst_ni -> _60235_/RN : -146.777191
[setup in-reg] rst_ni -> _60236_/RN : -146.777191
[setup in-reg] rst_ni -> _60237_/RN : -146.777191
[setup in-reg] rst_ni -> _60239_/RN : -146.777191
[setup in-reg] rst_ni -> _60240_/RN : -146.777191
[setup in-reg] rst_ni -> _60241_/RN : -146.777191
[setup in-reg] rst_ni -> _60242_/RN : -146.777191
[setup in-reg] rst_ni -> _60243_/RN : -146.777191
[setup in-reg] rst_ni -> _60244_/RN : -146.777191
[setup in-reg] rst_ni -> _60245_/RN : -146.777191
[setup in-reg] rst_ni -> _60246_/RN : -146.777191
[setup in-reg] rst_ni -> _60247_/RN : -146.777191
[setup in-reg] rst_ni -> _60248_/RN : -146.777191
[setup in-reg] rst_ni -> _60249_/RN : -146.777191
[setup in-reg] rst_ni -> _60250_/RN : -146.777191
[setup in-reg] rst_ni -> _60251_/RN : -146.777191
[setup in-reg] rst_ni -> _60252_/RN : -146.777191
[setup in-reg] rst_ni -> _60253_/RN : -146.777191
[setup in-reg] rst_ni -> _60254_/RN : -146.777191
[setup in-reg] rst_ni -> _60255_/RN : -146.777191
[setup in-reg] rst_ni -> _60256_/RN : -146.777191
[setup in-reg] rst_ni -> _60257_/RN : -146.777191
[setup in-reg] rst_ni -> _60258_/RN : -146.777191
[setup in-reg] rst_ni -> _60259_/RN : -146.777191
[setup in-reg] rst_ni -> _60260_/RN : -146.777191
[setup in-reg] rst_ni -> _60261_/RN : -146.777191
[setup in-reg] rst_ni -> _60262_/RN : -146.777191
[setup in-reg] rst_ni -> _60263_/RN : -146.777191
[setup in-reg] rst_ni -> _60264_/RN : -146.777191
[setup in-reg] rst_ni -> _60265_/RN : -146.777191
[setup in-reg] rst_ni -> _60266_/RN : -146.777191
[setup in-reg] rst_ni -> _60267_/RN : -146.777191
[setup in-reg] rst_ni -> _60268_/RN : -146.777191
[setup in-reg] rst_ni -> _60269_/RN : -146.777191
[setup in-reg] rst_ni -> _60271_/RN : -146.777191
[setup in-reg] rst_ni -> _60272_/RN : -146.777191
[setup in-reg] rst_ni -> _60273_/RN : -146.777191
[setup in-reg] rst_ni -> _60274_/RN : -146.777191
[setup in-reg] rst_ni -> _60275_/RN : -146.777191
[setup in-reg] rst_ni -> _60276_/RN : -146.777191
[setup in-reg] rst_ni -> _60277_/RN : -146.777191
[setup in-reg] rst_ni -> _60278_/RN : -146.777191
[setup in-reg] rst_ni -> _60279_/RN : -146.777191
[setup in-reg] rst_ni -> _60280_/RN : -146.777191
[setup in-reg] rst_ni -> _60281_/RN : -146.777191
[setup in-reg] rst_ni -> _60282_/RN : -146.777191
[setup in-reg] rst_ni -> _60283_/RN : -146.777191
[setup in-reg] rst_ni -> _60284_/RN : -146.777191
[setup in-reg] rst_ni -> _60285_/RN : -146.777191
[setup in-reg] rst_ni -> _60286_/RN : -146.777191
[setup in-reg] rst_ni -> _60287_/RN : -146.777191
[setup in-reg] rst_ni -> _60288_/RN : -146.777191
[setup in-reg] rst_ni -> _60289_/RN : -146.777191
[setup in-reg] rst_ni -> _60290_/RN : -146.777191
[setup in-reg] rst_ni -> _60291_/RN : -146.777191
[setup in-reg] rst_ni -> _60292_/RN : -146.777191
[setup in-reg] rst_ni -> _60293_/RN : -146.777191
[setup in-reg] rst_ni -> _60318_/RN : -146.777191
[setup in-reg] rst_ni -> _60319_/RN : -146.777191
[setup in-reg] rst_ni -> _60320_/RN : -146.777191
[setup in-reg] rst_ni -> _60321_/RN : -146.777191
[setup in-reg] rst_ni -> _60322_/RN : -146.777191
[setup in-reg] rst_ni -> _60323_/RN : -146.777191
[setup in-reg] rst_ni -> _60324_/RN : -146.777191
[setup in-reg] rst_ni -> _60325_/RN : -146.777191
[setup in-reg] rst_ni -> _60326_/RN : -146.777191
[setup in-reg] rst_ni -> _60327_/RN : -146.777191
[setup in-reg] rst_ni -> _60328_/RN : -146.777191
[setup in-reg] rst_ni -> _60331_/RN : -146.777191
[setup in-reg] rst_ni -> _60332_/RN : -146.777191
[setup in-reg] rst_ni -> _60333_/RN : -146.777191
[setup in-reg] rst_ni -> _60334_/RN : -146.777191
[setup in-reg] rst_ni -> _60335_/RN : -146.777191
[setup in-reg] rst_ni -> _60336_/RN : -146.777191
[setup in-reg] rst_ni -> _60360_/RN : -146.777191
[setup in-reg] rst_ni -> _60412_/RN : -146.777191
[setup in-reg] rst_ni -> _60413_/RN : -146.777191
[setup in-reg] rst_ni -> _60414_/RN : -146.777191
[setup in-reg] rst_ni -> _60415_/RN : -146.777191
[setup in-reg] rst_ni -> _60416_/RN : -146.777191
[setup in-reg] rst_ni -> _60417_/RN : -146.777191
[setup in-reg] rst_ni -> _60418_/RN : -146.777191
[setup in-reg] rst_ni -> _60420_/RN : -146.777191
[setup in-reg] rst_ni -> _60421_/RN : -146.777191
[setup in-reg] rst_ni -> _60422_/RN : -146.777191
[setup in-reg] rst_ni -> _60423_/RN : -146.777191
[setup in-reg] rst_ni -> _60424_/RN : -146.777191
[setup in-reg] rst_ni -> _60425_/RN : -146.777191
[setup in-reg] rst_ni -> _60829_/RN : -146.777191
[setup in-reg] rst_ni -> _60830_/RN : -146.777191
[setup in-reg] rst_ni -> _60831_/RN : -146.777191
[setup in-reg] rst_ni -> _60832_/RN : -146.777191
[setup in-reg] rst_ni -> _60833_/RN : -146.777191
[setup in-reg] rst_ni -> _61098_/RN : -146.777191
[setup in-reg] rst_ni -> _61099_/RN : -146.777191
[setup in-reg] rst_ni -> _61100_/RN : -146.777191
[setup in-reg] rst_ni -> _61101_/RN : -146.777191
[setup in-reg] rst_ni -> _61102_/RN : -146.777191
[setup in-reg] rst_ni -> _61103_/RN : -146.777191
[setup in-reg] rst_ni -> _61104_/RN : -146.777191
[setup in-reg] rst_ni -> _61105_/RN : -146.777191
[setup in-reg] rst_ni -> _61106_/RN : -146.777191
[setup in-reg] rst_ni -> _61107_/RN : -146.777191
[setup in-reg] rst_ni -> _61108_/RN : -146.777191
[setup in-reg] rst_ni -> _61109_/RN : -146.777191
[setup in-reg] rst_ni -> _61110_/RN : -146.777191
[setup in-reg] rst_ni -> _61111_/RN : -146.777191
[setup in-reg] rst_ni -> _61112_/RN : -146.777191
[setup in-reg] rst_ni -> _61113_/RN : -146.777191
[setup in-reg] rst_ni -> _61114_/RN : -146.777191
[setup in-reg] rst_ni -> _61115_/RN : -146.777191
[setup in-reg] rst_ni -> _61116_/RN : -146.777191
[setup in-reg] rst_ni -> _61117_/RN : -146.777191
[setup in-reg] rst_ni -> _61119_/RN : -146.777191
[setup in-reg] rst_ni -> _61120_/RN : -146.777191
[setup in-reg] rst_ni -> _61121_/RN : -146.777191
[setup in-reg] rst_ni -> _61122_/RN : -146.777191
[setup in-reg] rst_ni -> _61123_/RN : -146.777191
[setup in-reg] rst_ni -> _61124_/RN : -146.777191
[setup in-reg] rst_ni -> _61125_/RN : -146.777191
[setup in-reg] rst_ni -> _61126_/RN : -146.777191
[setup in-reg] rst_ni -> _61127_/RN : -146.777191
[setup in-reg] rst_ni -> _61128_/RN : -146.777191
[setup in-reg] rst_ni -> _61129_/RN : -146.777191
[setup in-reg] rst_ni -> _61130_/RN : -146.777191
[setup in-reg] rst_ni -> _61132_/RN : -146.777191
[setup in-reg] rst_ni -> _61133_/RN : -146.777191
[setup in-reg] rst_ni -> _61134_/RN : -146.777191
[setup in-reg] rst_ni -> _61136_/RN : -146.777191
[setup in-reg] rst_ni -> _61137_/RN : -146.777191
[setup in-reg] rst_ni -> _61139_/RN : -146.777191
[setup in-reg] rst_ni -> _61140_/RN : -146.777191
[setup in-reg] rst_ni -> _61142_/RN : -146.777191
[setup in-reg] rst_ni -> _61143_/RN : -146.777191
[setup in-reg] rst_ni -> _61145_/RN : -146.777191
[setup in-reg] rst_ni -> _61146_/RN : -146.777191
[setup in-reg] rst_ni -> _61148_/RN : -146.777191
[setup in-reg] rst_ni -> _61149_/RN : -146.777191
[setup in-reg] rst_ni -> _61151_/RN : -146.777191
[setup in-reg] rst_ni -> _61152_/RN : -146.777191
[setup in-reg] rst_ni -> _61153_/RN : -146.777191
[setup in-reg] rst_ni -> _61154_/RN : -146.777191
[setup in-reg] rst_ni -> _61155_/RN : -146.777191
[setup in-reg] rst_ni -> _61156_/RN : -146.777191
[setup in-reg] rst_ni -> _61157_/RN : -146.777191
[setup in-reg] rst_ni -> _61158_/RN : -146.777191
[setup in-reg] rst_ni -> _61159_/RN : -146.777191
[setup in-reg] rst_ni -> _61160_/RN : -146.777191
[setup in-reg] rst_ni -> _61161_/RN : -146.777191
[setup in-reg] rst_ni -> _61162_/RN : -146.777191
[setup in-reg] rst_ni -> _61163_/RN : -146.777191
[setup in-reg] rst_ni -> _61164_/RN : -146.777191
[setup in-reg] rst_ni -> _61165_/RN : -146.777191
[setup in-reg] rst_ni -> _61166_/RN : -146.777191
[setup in-reg] rst_ni -> _61167_/RN : -146.777191
[setup in-reg] rst_ni -> _61168_/RN : -146.777191
[setup in-reg] rst_ni -> _61169_/RN : -146.777191
[setup in-reg] rst_ni -> _61170_/RN : -146.777191
[setup in-reg] rst_ni -> _61171_/RN : -146.777191
[setup in-reg] rst_ni -> _61172_/RN : -146.777191
[setup in-reg] rst_ni -> _61173_/RN : -146.777191
[setup in-reg] rst_ni -> _61174_/RN : -146.777191
[setup in-reg] rst_ni -> _61175_/RN : -146.777191
[setup in-reg] rst_ni -> _61176_/RN : -146.777191
[setup in-reg] rst_ni -> _61177_/RN : -146.777191
[setup in-reg] rst_ni -> _61178_/RN : -146.777191
[setup in-reg] rst_ni -> _61179_/RN : -146.777191
[setup in-reg] rst_ni -> _61180_/RN : -146.777191
[setup in-reg] rst_ni -> _61181_/RN : -146.777191
[setup in-reg] rst_ni -> _61182_/RN : -146.777191
[setup in-reg] rst_ni -> _61183_/RN : -146.777191
[setup in-reg] rst_ni -> _61185_/RN : -146.777191
[setup in-reg] rst_ni -> _61186_/RN : -146.777191
[setup in-reg] rst_ni -> _61187_/RN : -146.777191
[setup in-reg] rst_ni -> _61188_/RN : -146.777191
[setup in-reg] rst_ni -> _61189_/RN : -146.777191
[setup in-reg] rst_ni -> _61190_/RN : -146.777191
[setup in-reg] rst_ni -> _61214_/RN : -146.777191
[setup in-reg] rst_ni -> _61215_/RN : -146.777191
[setup in-reg] rst_ni -> _61216_/RN : -146.777191
[setup in-reg] rst_ni -> _61217_/RN : -146.777191
[setup in-reg] rst_ni -> _61218_/RN : -146.777191
[setup in-reg] rst_ni -> _61219_/RN : -146.777191
[setup in-reg] rst_ni -> _61220_/RN : -146.777191
[setup in-reg] rst_ni -> _61221_/RN : -146.777191
[setup in-reg] rst_ni -> _61222_/RN : -146.777191
[setup in-reg] rst_ni -> _61223_/RN : -146.777191
[setup in-reg] rst_ni -> _61224_/RN : -146.777191
[setup in-reg] rst_ni -> _61225_/RN : -146.777191
[setup in-reg] rst_ni -> _61226_/RN : -146.777191
[setup in-reg] rst_ni -> _61227_/RN : -146.777191
[setup in-reg] rst_ni -> _61228_/RN : -146.777191
[setup in-reg] rst_ni -> _61229_/RN : -146.777191
[setup in-reg] rst_ni -> _61230_/RN : -146.777191
[setup in-reg] rst_ni -> _61231_/RN : -146.777191
[setup in-reg] rst_ni -> _61232_/RN : -146.777191
[setup in-reg] rst_ni -> _61233_/RN : -146.777191
[setup in-reg] rst_ni -> _61234_/RN : -146.777191
[setup in-reg] rst_ni -> _61235_/RN : -146.777191
[setup in-reg] rst_ni -> _61236_/RN : -146.777191
[setup in-reg] rst_ni -> _61237_/RN : -146.777191
[setup in-reg] rst_ni -> _61238_/RN : -146.777191
[setup in-reg] rst_ni -> _61239_/RN : -146.777191
[setup in-reg] rst_ni -> _61240_/RN : -146.777191
[setup in-reg] rst_ni -> _61241_/RN : -146.777191
[setup in-reg] rst_ni -> _61242_/RN : -146.777191
[setup in-reg] rst_ni -> _61243_/RN : -146.777191
[setup in-reg] rst_ni -> _61244_/RN : -146.777191
[setup in-reg] rst_ni -> _61245_/RN : -146.777191
[setup in-reg] rst_ni -> _61246_/RN : -146.777191
[setup in-reg] rst_ni -> _61247_/RN : -146.777191
[setup in-reg] rst_ni -> _61248_/RN : -146.777191
[setup in-reg] rst_ni -> _61249_/RN : -146.777191
[setup in-reg] rst_ni -> _61250_/RN : -146.777191
[setup in-reg] rst_ni -> _61251_/RN : -146.777191
[setup in-reg] rst_ni -> _61252_/RN : -146.777191
[setup in-reg] rst_ni -> _61253_/RN : -146.777191
[setup in-reg] rst_ni -> _61254_/RN : -146.777191
[setup in-reg] rst_ni -> _61255_/RN : -146.777191
[setup in-reg] rst_ni -> _61256_/RN : -146.777191
[setup in-reg] rst_ni -> _61257_/RN : -146.777191
[setup in-reg] rst_ni -> _61258_/RN : -146.777191
[setup in-reg] rst_ni -> _61259_/RN : -146.777191
[setup in-reg] rst_ni -> _61260_/RN : -146.777191
[setup in-reg] rst_ni -> _61261_/RN : -146.777191
[setup in-reg] rst_ni -> _61262_/RN : -146.777191
[setup in-reg] rst_ni -> _61263_/RN : -146.777191
[setup in-reg] rst_ni -> _61264_/RN : -146.777191
[setup in-reg] rst_ni -> _61265_/RN : -146.777191
[setup in-reg] rst_ni -> _61266_/RN : -146.777191
[setup in-reg] rst_ni -> _61267_/RN : -146.777191
[setup in-reg] rst_ni -> _61268_/RN : -146.777191
[setup in-reg] rst_ni -> _61269_/RN : -146.777191
[setup in-reg] rst_ni -> _61270_/RN : -146.777191
[setup in-reg] rst_ni -> _61271_/RN : -146.777191
[setup in-reg] rst_ni -> _61272_/RN : -146.777191
[setup in-reg] rst_ni -> _61273_/RN : -146.777191
[setup in-reg] rst_ni -> _61274_/RN : -146.777191
[setup in-reg] rst_ni -> _61275_/RN : -146.777191
[setup in-reg] rst_ni -> _61276_/RN : -146.777191
[setup in-reg] rst_ni -> _61277_/RN : -146.777191
[setup in-reg] rst_ni -> _61278_/RN : -146.777191
[setup in-reg] rst_ni -> _61279_/RN : -146.777191
[setup in-reg] rst_ni -> _61280_/RN : -146.777191
[setup in-reg] rst_ni -> _61281_/RN : -146.777191
[setup in-reg] rst_ni -> _61282_/RN : -146.777191
[setup in-reg] rst_ni -> _61283_/RN : -146.777191
[setup in-reg] rst_ni -> _61284_/RN : -146.777191
[setup in-reg] rst_ni -> _61285_/RN : -146.777191
[setup in-reg] rst_ni -> _61286_/RN : -146.777191
[setup in-reg] rst_ni -> _61327_/RN : -146.777191
[setup in-reg] rst_ni -> _61328_/RN : -146.777191
[setup in-reg] rst_ni -> _61329_/RN : -146.777191
[setup in-reg] rst_ni -> _61330_/RN : -146.777191
[setup in-reg] rst_ni -> _61331_/RN : -146.777191
[setup in-reg] rst_ni -> _61332_/RN : -146.777191
[setup in-reg] rst_ni -> _61333_/RN : -146.777191
[setup in-reg] rst_ni -> _61334_/RN : -146.777191
[setup in-reg] rst_ni -> _61335_/RN : -146.777191
[setup in-reg] rst_ni -> _61336_/RN : -146.777191
[setup in-reg] rst_ni -> _61337_/RN : -146.777191
[setup in-reg] rst_ni -> _61338_/RN : -146.777191
[setup in-reg] rst_ni -> _61339_/RN : -146.777191
[setup in-reg] rst_ni -> _61340_/RN : -146.777191
[setup in-reg] rst_ni -> _61341_/RN : -146.777191
[setup in-reg] rst_ni -> _61342_/RN : -146.777191
[setup in-reg] rst_ni -> _61343_/RN : -146.777191
[setup in-reg] rst_ni -> _61344_/RN : -146.777191
[setup in-reg] rst_ni -> _61345_/RN : -146.777191
[setup in-reg] rst_ni -> _61346_/RN : -146.777191
[setup in-reg] rst_ni -> _61347_/RN : -146.777191
[setup in-reg] rst_ni -> _61348_/RN : -146.777191
[setup in-reg] rst_ni -> _61349_/RN : -146.777191
[setup in-reg] rst_ni -> _61350_/RN : -146.777191
[setup in-reg] rst_ni -> _61351_/RN : -146.777191
[setup in-reg] rst_ni -> _61352_/RN : -146.777191
[setup in-reg] rst_ni -> _61353_/RN : -146.777191
[setup in-reg] rst_ni -> _61354_/RN : -146.777191
[setup in-reg] rst_ni -> _61355_/RN : -146.777191
[setup in-reg] rst_ni -> _61356_/RN : -146.777191
[setup in-reg] rst_ni -> _61357_/RN : -146.777191
[setup in-reg] rst_ni -> _61358_/RN : -146.777191
[setup in-reg] rst_ni -> _61359_/RN : -146.777191
[setup in-reg] rst_ni -> _61360_/RN : -146.777191
[setup in-reg] rst_ni -> _61361_/RN : -146.777191
[setup in-reg] rst_ni -> _61362_/RN : -146.777191
[setup in-reg] rst_ni -> _61363_/RN : -146.777191
[setup in-reg] rst_ni -> _61364_/RN : -146.777191
[setup in-reg] rst_ni -> _61365_/RN : -146.777191
[setup in-reg] rst_ni -> _61366_/RN : -146.777191
[setup in-reg] rst_ni -> _61367_/RN : -146.777191
[setup in-reg] rst_ni -> _61368_/RN : -146.777191
[setup in-reg] rst_ni -> _61369_/RN : -146.777191
[setup in-reg] rst_ni -> _61370_/RN : -146.777191
[setup in-reg] rst_ni -> _61371_/RN : -146.777191
[setup in-reg] rst_ni -> _61372_/RN : -146.777191
[setup in-reg] rst_ni -> _61373_/RN : -146.777191
[setup in-reg] rst_ni -> _61374_/RN : -146.777191
[setup in-reg] rst_ni -> _61375_/RN : -146.777191
[setup in-reg] rst_ni -> _61376_/RN : -146.777191
[setup in-reg] rst_ni -> _61379_/RN : -146.777191
[setup in-reg] rst_ni -> _61380_/RN : -146.777191
[setup in-reg] rst_ni -> _61381_/RN : -146.777191
[setup in-reg] rst_ni -> _61382_/RN : -146.777191
[setup in-reg] rst_ni -> _61383_/RN : -146.777191
[setup in-reg] rst_ni -> _61384_/RN : -146.777191
[setup in-reg] rst_ni -> _61385_/RN : -146.777191
[setup in-reg] rst_ni -> _61386_/RN : -146.777191
[setup in-reg] rst_ni -> _61387_/RN : -146.777191
[setup in-reg] rst_ni -> _61388_/RN : -146.777191
[setup in-reg] rst_ni -> _61389_/RN : -146.777191
[setup in-reg] rst_ni -> _61390_/RN : -146.777191
[setup in-reg] rst_ni -> _61391_/RN : -146.777191
[setup in-reg] rst_ni -> _61392_/RN : -146.777191
[setup in-reg] rst_ni -> _61393_/RN : -146.777191
[setup in-reg] rst_ni -> _61394_/RN : -146.777191
[setup in-reg] rst_ni -> _61395_/RN : -146.777191
[setup in-reg] rst_ni -> _61396_/RN : -146.777191
[setup in-reg] rst_ni -> _61397_/RN : -146.777191
[setup in-reg] rst_ni -> _61398_/RN : -146.777191
[setup in-reg] rst_ni -> _61399_/RN : -146.777191
[setup in-reg] rst_ni -> _61400_/RN : -146.777191
[setup in-reg] rst_ni -> _61401_/RN : -146.777191
[setup in-reg] rst_ni -> _61402_/RN : -146.777191
[setup in-reg] rst_ni -> _61403_/RN : -146.777191
[setup in-reg] rst_ni -> _61404_/RN : -146.777191
[setup in-reg] rst_ni -> _61405_/RN : -146.777191
[setup in-reg] rst_ni -> _61406_/RN : -146.777191
[setup in-reg] rst_ni -> _61407_/RN : -146.777191
[setup in-reg] rst_ni -> _61408_/RN : -146.777191
[setup in-reg] rst_ni -> _61409_/RN : -146.777191
[setup in-reg] rst_ni -> _61410_/RN : -146.777191
[setup in-reg] rst_ni -> _61411_/RN : -146.777191
[setup in-reg] rst_ni -> _61412_/RN : -146.777191
[setup in-reg] rst_ni -> _61413_/RN : -146.777191
[setup in-reg] rst_ni -> _61414_/RN : -146.777191
[setup in-reg] rst_ni -> _61415_/RN : -146.777191
[setup in-reg] rst_ni -> _61416_/RN : -146.777191
[setup in-reg] rst_ni -> _61417_/RN : -146.777191
[setup in-reg] rst_ni -> _61418_/RN : -146.777191
[setup in-reg] rst_ni -> _61419_/RN : -146.777191
[setup in-reg] rst_ni -> _61420_/RN : -146.777191
[setup in-reg] rst_ni -> _61421_/RN : -146.777191
[setup in-reg] rst_ni -> _61422_/RN : -146.777191
[setup in-reg] rst_ni -> _61423_/RN : -146.777191
[setup in-reg] rst_ni -> _61424_/RN : -146.777191
[setup in-reg] rst_ni -> _61425_/RN : -146.777191
[setup in-reg] rst_ni -> _61426_/RN : -146.777191
[setup in-reg] rst_ni -> _61427_/RN : -146.777191
[setup in-reg] rst_ni -> _61428_/RN : -146.777191
[setup in-reg] rst_ni -> _61429_/RN : -146.777191
[setup in-reg] rst_ni -> _61430_/RN : -146.777191
[setup in-reg] rst_ni -> _61431_/RN : -146.777191
[setup in-reg] rst_ni -> _61432_/RN : -146.777191
[setup in-reg] rst_ni -> _61433_/RN : -146.777191
[setup in-reg] rst_ni -> _61434_/RN : -146.777191
[setup in-reg] rst_ni -> _61435_/RN : -146.777191
[setup in-reg] rst_ni -> _61436_/RN : -146.777191
[setup in-reg] rst_ni -> _61437_/RN : -146.777191
[setup in-reg] rst_ni -> _61438_/RN : -146.777191
[setup in-reg] rst_ni -> _61439_/RN : -146.777191
[setup in-reg] rst_ni -> _61440_/RN : -146.777191
[setup in-reg] rst_ni -> _61441_/RN : -146.777191
[setup in-reg] rst_ni -> _61442_/RN : -146.777191
[setup in-reg] rst_ni -> _61443_/RN : -146.777191
[setup in-reg] rst_ni -> _61444_/RN : -146.777191
[setup in-reg] rst_ni -> _61445_/RN : -146.777191
[setup in-reg] rst_ni -> _61446_/RN : -146.777191
[setup in-reg] rst_ni -> _61447_/RN : -146.777191
[setup in-reg] rst_ni -> _61448_/RN : -146.777191
[setup in-reg] rst_ni -> _61449_/RN : -146.777191
[setup in-reg] rst_ni -> _61450_/RN : -146.777191
[setup in-reg] rst_ni -> _61451_/RN : -146.777191
[setup in-reg] rst_ni -> _61452_/RN : -146.777191
[setup in-reg] rst_ni -> _61453_/RN : -146.777191
[setup in-reg] rst_ni -> _61454_/RN : -146.777191
[setup in-reg] rst_ni -> _61455_/RN : -146.777191
[setup in-reg] rst_ni -> _61456_/RN : -146.777191
[setup in-reg] rst_ni -> _61457_/RN : -146.777191
[setup in-reg] rst_ni -> _61458_/RN : -146.777191
[setup in-reg] rst_ni -> _61459_/RN : -146.777191
[setup in-reg] rst_ni -> _61460_/RN : -146.777191
[setup in-reg] rst_ni -> _61461_/RN : -146.777191
[setup in-reg] rst_ni -> _61462_/RN : -146.777191
[setup in-reg] rst_ni -> _61463_/RN : -146.777191
[setup in-reg] rst_ni -> _61464_/RN : -146.777191
[setup in-reg] rst_ni -> _61465_/RN : -146.777191
[setup in-reg] rst_ni -> _61466_/RN : -146.777191
[setup in-reg] rst_ni -> _61467_/RN : -146.777191
[setup in-reg] rst_ni -> _61468_/RN : -146.777191
[setup in-reg] rst_ni -> _61469_/RN : -146.777191
[setup in-reg] rst_ni -> _61470_/RN : -146.777191
[setup in-reg] rst_ni -> _61471_/RN : -146.777191
[setup in-reg] rst_ni -> _61472_/RN : -146.777191
[setup in-reg] rst_ni -> _61473_/RN : -146.777191
[setup in-reg] rst_ni -> _61474_/RN : -146.777191
[setup in-reg] rst_ni -> _61475_/RN : -146.777191
[setup in-reg] rst_ni -> _61476_/RN : -146.777191
[setup in-reg] rst_ni -> _61530_/RN : -146.777191
[setup in-reg] rst_ni -> _61533_/RN : -146.777191
[setup in-reg] rst_ni -> _61534_/RN : -146.777191
[setup in-reg] rst_ni -> _61535_/RN : -146.777191
[setup in-reg] rst_ni -> _61536_/RN : -146.777191
[setup in-reg] rst_ni -> _61537_/RN : -146.777191
[setup in-reg] rst_ni -> _61538_/RN : -146.777191
[setup in-reg] rst_ni -> _61539_/RN : -146.777191
[setup in-reg] rst_ni -> _61552_/RN : -146.777191
[setup in-reg] rst_ni -> _61679_/RN : -146.777191
[setup in-reg] rst_ni -> _61680_/RN : -146.777191
[setup in-reg] rst_ni -> _61681_/RN : -146.777191
[setup in-reg] rst_ni -> _61682_/RN : -146.777191
[setup in-reg] rst_ni -> _61683_/RN : -146.777191
[setup in-reg] rst_ni -> _61684_/RN : -146.777191
[setup in-reg] rst_ni -> _61685_/RN : -146.777191
[setup in-reg] rst_ni -> _61686_/RN : -146.777191
[setup in-reg] rst_ni -> _61687_/RN : -146.777191
[setup in-reg] rst_ni -> _61688_/RN : -146.777191
[setup in-reg] rst_ni -> _61689_/RN : -146.777191
[setup in-reg] rst_ni -> _61690_/RN : -146.777191
[setup in-reg] rst_ni -> _61691_/RN : -146.777191
[setup in-reg] rst_ni -> _61692_/RN : -146.777191
[setup in-reg] rst_ni -> _61693_/RN : -146.777191
[setup in-reg] rst_ni -> _61694_/RN : -146.777191
[setup in-reg] rst_ni -> _61695_/RN : -146.777191
[setup in-reg] rst_ni -> _61696_/RN : -146.777191
[setup in-reg] rst_ni -> _61697_/RN : -146.777191
[setup in-reg] rst_ni -> _61698_/RN : -146.777191
[setup in-reg] rst_ni -> _61699_/RN : -146.777191
[setup in-reg] rst_ni -> _61700_/RN : -146.777191
[setup in-reg] rst_ni -> _61701_/RN : -146.777191
[setup in-reg] rst_ni -> _61702_/RN : -146.777191
[setup in-reg] rst_ni -> _61703_/RN : -146.777191
[setup in-reg] rst_ni -> _61704_/RN : -146.777191
[setup in-reg] rst_ni -> _61705_/RN : -146.777191
[setup in-reg] rst_ni -> _61706_/RN : -146.777191
[setup in-reg] rst_ni -> _61707_/RN : -146.777191
[setup in-reg] rst_ni -> _61708_/RN : -146.777191
[setup in-reg] rst_ni -> _61709_/RN : -146.777191
[setup in-reg] rst_ni -> _61710_/RN : -146.777191
[setup in-reg] rst_ni -> _61711_/RN : -146.777191
[setup in-reg] rst_ni -> _61712_/RN : -146.777191
[setup in-reg] rst_ni -> _61713_/RN : -146.777191
[setup in-reg] rst_ni -> _61714_/RN : -146.777191
[setup in-reg] rst_ni -> _61715_/RN : -146.777191
[setup in-reg] rst_ni -> _61716_/RN : -146.777191
[setup in-reg] rst_ni -> _61717_/RN : -146.777191
[setup in-reg] rst_ni -> _61718_/RN : -146.777191
[setup in-reg] rst_ni -> _61719_/RN : -146.777191
[setup in-reg] rst_ni -> _61720_/RN : -146.777191
[setup in-reg] rst_ni -> _61721_/RN : -146.777191
[setup in-reg] rst_ni -> _61722_/RN : -146.777191
[setup in-reg] rst_ni -> _61723_/RN : -146.777191
[setup in-reg] rst_ni -> _61724_/RN : -146.777191
[setup in-reg] rst_ni -> _61725_/RN : -146.777191
[setup in-reg] rst_ni -> _61726_/RN : -146.777191
[setup in-reg] rst_ni -> _61727_/RN : -146.777191
[setup in-reg] rst_ni -> _61728_/RN : -146.777191
[setup in-reg] rst_ni -> _61729_/RN : -146.777191
[setup in-reg] rst_ni -> _61730_/RN : -146.777191
[setup in-reg] rst_ni -> _61731_/RN : -146.777191
[setup in-reg] rst_ni -> _61732_/RN : -146.777191
[setup in-reg] rst_ni -> _61733_/RN : -146.777191
[setup in-reg] rst_ni -> _61734_/RN : -146.777191
[setup in-reg] rst_ni -> _61735_/RN : -146.777191
[setup in-reg] rst_ni -> _61736_/RN : -146.777191
[setup in-reg] rst_ni -> _61737_/RN : -146.777191
[setup in-reg] rst_ni -> _61738_/RN : -146.777191
[setup in-reg] rst_ni -> _61739_/RN : -146.777191
[setup in-reg] rst_ni -> _61740_/RN : -146.777191
[setup in-reg] rst_ni -> _61741_/RN : -146.777191
[setup in-reg] rst_ni -> _61742_/RN : -146.777191
[setup in-reg] rst_ni -> _61743_/RN : -146.777191
[setup in-reg] rst_ni -> _61744_/RN : -146.777191
[setup in-reg] rst_ni -> _61745_/RN : -146.777191
[setup in-reg] rst_ni -> _61746_/RN : -146.777191
[setup in-reg] rst_ni -> _61747_/RN : -146.777191
[setup in-reg] rst_ni -> _61748_/RN : -146.777191
[setup in-reg] rst_ni -> _61749_/RN : -146.777191
[setup in-reg] rst_ni -> _61750_/RN : -146.777191
[setup in-reg] rst_ni -> _61751_/RN : -146.777191
[setup in-reg] rst_ni -> _61752_/RN : -146.777191
[setup in-reg] rst_ni -> _61753_/RN : -146.777191
[setup in-reg] rst_ni -> _61754_/RN : -146.777191
[setup in-reg] rst_ni -> _61755_/RN : -146.777191
[setup in-reg] rst_ni -> _61756_/RN : -146.777191
[setup in-reg] rst_ni -> _61757_/RN : -146.777191
[setup in-reg] rst_ni -> _61758_/RN : -146.777191
[setup in-reg] rst_ni -> _61759_/RN : -146.777191
[setup in-reg] rst_ni -> _61760_/RN : -146.777191
[setup in-reg] rst_ni -> _61761_/RN : -146.777191
[setup in-reg] rst_ni -> _61762_/RN : -146.777191
[setup in-reg] rst_ni -> _61763_/RN : -146.777191
[setup in-reg] rst_ni -> _61764_/RN : -146.777191
[setup in-reg] rst_ni -> _61765_/RN : -146.777191
[setup in-reg] rst_ni -> _61766_/RN : -146.777191
[setup in-reg] rst_ni -> _61767_/RN : -146.777191
[setup in-reg] rst_ni -> _61768_/RN : -146.777191
[setup in-reg] rst_ni -> _61769_/RN : -146.777191
[setup in-reg] rst_ni -> _61770_/RN : -146.777191
[setup in-reg] rst_ni -> _61771_/RN : -146.777191
[setup in-reg] rst_ni -> _61772_/RN : -146.777191
[setup in-reg] rst_ni -> _61773_/RN : -146.777191
[setup in-reg] rst_ni -> _61774_/RN : -146.777191
[setup in-reg] rst_ni -> _61775_/RN : -146.777191
[setup in-reg] rst_ni -> _61776_/RN : -146.777191
[setup in-reg] rst_ni -> _61777_/RN : -146.777191
[setup in-reg] rst_ni -> _61778_/RN : -146.777191
[setup in-reg] rst_ni -> _61779_/RN : -146.777191
[setup in-reg] rst_ni -> _61780_/RN : -146.777191
[setup in-reg] rst_ni -> _61781_/RN : -146.777191
[setup in-reg] rst_ni -> _61782_/RN : -146.777191
[setup in-reg] rst_ni -> _61783_/RN : -146.777191
[setup in-reg] rst_ni -> _61784_/RN : -146.777191
[setup in-reg] rst_ni -> _61785_/RN : -146.777191
[setup in-reg] rst_ni -> _61786_/RN : -146.777191
[setup in-reg] rst_ni -> _61787_/RN : -146.777191
[setup in-reg] rst_ni -> _61788_/RN : -146.777191
[setup in-reg] rst_ni -> _61789_/RN : -146.777191
[setup in-reg] rst_ni -> _61790_/RN : -146.777191
[setup in-reg] rst_ni -> _61791_/RN : -146.777191
[setup in-reg] rst_ni -> _61792_/RN : -146.777191
[setup in-reg] rst_ni -> _61793_/RN : -146.777191
[setup in-reg] rst_ni -> _61794_/RN : -146.777191
[setup in-reg] rst_ni -> _61795_/RN : -146.777191
[setup in-reg] rst_ni -> _61796_/RN : -146.777191
[setup in-reg] rst_ni -> _61797_/RN : -146.777191
[setup in-reg] rst_ni -> _61798_/RN : -146.777191
[setup in-reg] rst_ni -> _61799_/RN : -146.777191
[setup in-reg] rst_ni -> _61800_/RN : -146.777191
[setup in-reg] rst_ni -> _61801_/RN : -146.777191
[setup in-reg] rst_ni -> _61802_/RN : -146.777191
[setup in-reg] rst_ni -> _61803_/RN : -146.777191
[setup in-reg] rst_ni -> _61804_/RN : -146.777191
[setup in-reg] rst_ni -> _61805_/RN : -146.777191
[setup in-reg] rst_ni -> _61806_/RN : -146.777191
[setup in-reg] rst_ni -> _61807_/RN : -146.777191
[setup in-reg] rst_ni -> _61808_/RN : -146.777191
[setup in-reg] rst_ni -> _61809_/RN : -146.777191
[setup in-reg] rst_ni -> _61810_/RN : -146.777191
[setup in-reg] rst_ni -> _61811_/RN : -146.777191
[setup in-reg] rst_ni -> _61812_/RN : -146.777191
[setup in-reg] rst_ni -> _61813_/RN : -146.777191
[setup in-reg] rst_ni -> _61814_/RN : -146.777191
[setup in-reg] rst_ni -> _61815_/RN : -146.777191
[setup in-reg] rst_ni -> _61816_/RN : -146.777191
[setup in-reg] rst_ni -> _61817_/RN : -146.777191
[setup in-reg] rst_ni -> _61818_/RN : -146.777191
[setup in-reg] rst_ni -> _61819_/RN : -146.777191
[setup in-reg] rst_ni -> _61820_/RN : -146.777191
[setup in-reg] rst_ni -> _61821_/RN : -146.777191
[setup in-reg] rst_ni -> _61822_/RN : -146.777191
[setup in-reg] rst_ni -> _61823_/RN : -146.777191
[setup in-reg] rst_ni -> _61824_/RN : -146.777191
[setup in-reg] rst_ni -> _61825_/RN : -146.777191
[setup in-reg] rst_ni -> _61826_/RN : -146.777191
[setup in-reg] rst_ni -> _61827_/RN : -146.777191
[setup in-reg] rst_ni -> _61828_/RN : -146.777191
[setup in-reg] rst_ni -> _61829_/RN : -146.777191
[setup in-reg] rst_ni -> _61830_/RN : -146.777191
[setup in-reg] rst_ni -> _61831_/RN : -146.777191
[setup in-reg] rst_ni -> _61832_/RN : -146.777191
[setup in-reg] rst_ni -> _61833_/RN : -146.777191
[setup in-reg] rst_ni -> _61834_/RN : -146.777191
[setup in-reg] rst_ni -> _61835_/RN : -146.777191
[setup in-reg] rst_ni -> _61836_/RN : -146.777191
[setup in-reg] rst_ni -> _59945_/SETN : -133.219315
[setup in-reg] rst_ni -> _59947_/SETN : -133.219315
[setup in-reg] rst_ni -> _60166_/SETN : -133.219315
[setup in-reg] rst_ni -> _60168_/SETN : -133.219315
[setup in-reg] rst_ni -> _60169_/SETN : -133.219315
[setup in-reg] rst_ni -> _60170_/SETN : -133.219315
[setup in-reg] rst_ni -> _60178_/SETN : -133.219315
[setup in-reg] rst_ni -> _60179_/SETN : -133.219315
[setup in-reg] rst_ni -> _60238_/SETN : -133.219315
[setup in-reg] rst_ni -> _60270_/SETN : -133.219315
[setup in-reg] rst_ni -> _60329_/SETN : -133.219315
[setup in-reg] rst_ni -> _60330_/SETN : -133.219315
[setup in-reg] rst_ni -> _60419_/SETN : -133.219315
[setup in-reg] rst_ni -> _61118_/SETN : -133.219315
[setup in-reg] rst_ni -> _61131_/SETN : -133.219315
[setup in-reg] rst_ni -> _61135_/SETN : -133.219315
[setup in-reg] rst_ni -> _61138_/SETN : -133.219315
[setup in-reg] rst_ni -> _61141_/SETN : -133.219315
[setup in-reg] rst_ni -> _61144_/SETN : -133.219315
[setup in-reg] rst_ni -> _61147_/SETN : -133.219315
[setup in-reg] rst_ni -> _61150_/SETN : -133.219315
[setup in-reg] rst_ni -> _61184_/SETN : -133.219315
[setup in-reg] rst_ni -> _61319_/SETN : -133.219315
[setup in-reg] rst_ni -> _61531_/SETN : -133.219315
[setup in-reg] rst_ni -> _61532_/SETN : -133.219315
[setup in-reg] rst_ni -> _61553_/SETN : -133.219315
[setup in-reg] rst_ni -> _61554_/SETN : -133.219315
[setup in-reg] rst_ni -> _61555_/SETN : -133.219315
[setup in-reg] rst_ni -> _61556_/SETN : -133.219315
[setup in-reg] rst_ni -> _61557_/SETN : -133.219315
[setup in-reg] rst_ni -> _61558_/SETN : -133.219315
[setup in-reg] rst_ni -> _61559_/SETN : -133.219315
[setup in-reg] rst_ni -> _61560_/SETN : -133.219315
[setup in-reg] rst_ni -> _61561_/SETN : -133.219315
[setup in-reg] rst_ni -> _61562_/SETN : -133.219315
[setup in-reg] rst_ni -> _61563_/SETN : -133.219315
[setup in-reg] rst_ni -> _61564_/SETN : -133.219315
[setup in-reg] rst_ni -> _61565_/SETN : -133.219315
[setup in-reg] rst_ni -> _61566_/SETN : -133.219315
[setup in-reg] rst_ni -> _61567_/SETN : -133.219315
[setup in-reg] rst_ni -> _61568_/SETN : -133.219315
[setup in-reg] rst_ni -> _61569_/SETN : -133.219315
[setup in-reg] rst_ni -> _61570_/SETN : -133.219315
[setup in-reg] rst_ni -> _61571_/SETN : -133.219315
[setup in-reg] rst_ni -> _61572_/SETN : -133.219315
[setup in-reg] rst_ni -> _61573_/SETN : -133.219315
[setup in-reg] rst_ni -> _61574_/SETN : -133.219315
[setup in-reg] rst_ni -> _61575_/SETN : -133.219315
[setup in-reg] rst_ni -> _61576_/SETN : -133.219315
[setup in-reg] rst_ni -> _61577_/SETN : -133.219315
[setup in-reg] rst_ni -> _61578_/SETN : -133.219315
[setup in-reg] rst_ni -> _61579_/SETN : -133.219315
[setup in-reg] rst_ni -> _61580_/SETN : -133.219315
[setup in-reg] rst_ni -> _61581_/SETN : -133.219315
[setup in-reg] rst_ni -> _61582_/SETN : -133.219315
[setup in-reg] rst_ni -> _61583_/SETN : -133.219315
[setup in-reg] rst_ni -> _61584_/SETN : -133.219315
[setup in-reg] rst_ni -> _61585_/SETN : -133.219315
[setup in-reg] rst_ni -> _61586_/SETN : -133.219315
[setup in-reg] rst_ni -> _61587_/SETN : -133.219315
[setup in-reg] rst_ni -> _61588_/SETN : -133.219315
[setup in-reg] rst_ni -> _61589_/SETN : -133.219315
[setup in-reg] rst_ni -> _61590_/SETN : -133.219315
[setup in-reg] rst_ni -> _61591_/SETN : -133.219315
[setup in-reg] rst_ni -> _61592_/SETN : -133.219315
[setup in-reg] rst_ni -> _61593_/SETN : -133.219315
[setup in-reg] rst_ni -> _61594_/SETN : -133.219315
[setup in-reg] rst_ni -> _61595_/SETN : -133.219315
[setup in-reg] rst_ni -> _61596_/SETN : -133.219315
[setup in-reg] rst_ni -> _61597_/SETN : -133.219315
[setup in-reg] rst_ni -> _61598_/SETN : -133.219315
[setup in-reg] rst_ni -> _61599_/SETN : -133.219315
[setup in-reg] rst_ni -> _61600_/SETN : -133.219315
[setup in-reg] rst_ni -> _61601_/SETN : -133.219315
[setup in-reg] rst_ni -> _61602_/SETN : -133.219315
[setup in-reg] rst_ni -> _61603_/SETN : -133.219315
[setup in-reg] rst_ni -> _61604_/SETN : -133.219315
[setup in-reg] rst_ni -> _61605_/SETN : -133.219315
[setup in-reg] rst_ni -> _61606_/SETN : -133.219315
[setup in-reg] rst_ni -> _61607_/SETN : -133.219315
[setup in-reg] rst_ni -> _61608_/SETN : -133.219315
[setup in-reg] rst_ni -> _61609_/SETN : -133.219315
[setup in-reg] rst_ni -> _61610_/SETN : -133.219315
[setup in-reg] rst_ni -> _61611_/SETN : -133.219315
[setup in-reg] rst_ni -> _61612_/SETN : -133.219315
[setup in-reg] rst_ni -> _61613_/SETN : -133.219315
[setup in-reg] rst_ni -> _61614_/SETN : -133.219315
[setup in-reg] rst_ni -> _61615_/SETN : -133.219315
[setup in-reg] rst_ni -> _61616_/SETN : -133.219315
[setup in-reg] rst_ni -> _61617_/SETN : -133.219315
[setup in-reg] rst_ni -> _61618_/SETN : -133.219315
[setup in-reg] rst_ni -> _61619_/SETN : -133.219315
[setup in-reg] rst_ni -> _61620_/SETN : -133.219315
[setup in-reg] rst_ni -> _61621_/SETN : -133.219315
[setup in-reg] rst_ni -> _61622_/SETN : -133.219315
[setup in-reg] rst_ni -> _61623_/SETN : -133.219315
[setup in-reg] rst_ni -> _61624_/SETN : -133.219315
[setup in-reg] rst_ni -> _61625_/SETN : -133.219315
[setup in-reg] rst_ni -> _61626_/SETN : -133.219315
[setup in-reg] rst_ni -> _61627_/SETN : -133.219315
[setup in-reg] rst_ni -> _61628_/SETN : -133.219315
[setup in-reg] rst_ni -> _61629_/SETN : -133.219315
[setup in-reg] rst_ni -> _61630_/SETN : -133.219315
[setup in-reg] rst_ni -> _61631_/SETN : -133.219315
[setup in-reg] rst_ni -> _61632_/SETN : -133.219315
[setup in-reg] rst_ni -> _61633_/SETN : -133.219315
[setup in-reg] rst_ni -> _61634_/SETN : -133.219315
[setup in-reg] rst_ni -> _61635_/SETN : -133.219315
[setup in-reg] rst_ni -> _61636_/SETN : -133.219315
[setup in-reg] rst_ni -> _61637_/SETN : -133.219315
[setup in-reg] rst_ni -> _61638_/SETN : -133.219315
[setup in-reg] rst_ni -> _61639_/SETN : -133.219315
[setup in-reg] rst_ni -> _61640_/SETN : -133.219315
[setup in-reg] rst_ni -> _61641_/SETN : -133.219315
[setup in-reg] rst_ni -> _61642_/SETN : -133.219315
[setup in-reg] rst_ni -> _61643_/SETN : -133.219315
[setup in-reg] rst_ni -> _61644_/SETN : -133.219315
[setup in-reg] rst_ni -> _61645_/SETN : -133.219315
[setup in-reg] rst_ni -> _61646_/SETN : -133.219315
[setup in-reg] rst_ni -> _61647_/SETN : -133.219315
[setup in-reg] rst_ni -> _61648_/SETN : -133.219315
[setup in-reg] rst_ni -> _61649_/SETN : -133.219315
[setup in-reg] rst_ni -> _61650_/SETN : -133.219315
[setup in-reg] rst_ni -> _61651_/SETN : -133.219315
[setup in-reg] rst_ni -> _61652_/SETN : -133.219315
[setup in-reg] rst_ni -> _61653_/SETN : -133.219315
[setup in-reg] rst_ni -> _61654_/SETN : -133.219315
[setup in-reg] rst_ni -> _61655_/SETN : -133.219315
[setup in-reg] rst_ni -> _61656_/SETN : -133.219315
[setup in-reg] rst_ni -> _61657_/SETN : -133.219315
[setup in-reg] rst_ni -> _61658_/SETN : -133.219315
[setup in-reg] rst_ni -> _61659_/SETN : -133.219315
[setup in-reg] rst_ni -> _61660_/SETN : -133.219315
[setup in-reg] rst_ni -> _61661_/SETN : -133.219315
[setup in-reg] rst_ni -> _61662_/SETN : -133.219315
[setup in-reg] rst_ni -> _61663_/SETN : -133.219315
[setup in-reg] rst_ni -> _61664_/SETN : -133.219315
[setup in-reg] rst_ni -> _61665_/SETN : -133.219315
[setup in-reg] rst_ni -> _61666_/SETN : -133.219315
[setup in-reg] rst_ni -> _61667_/SETN : -133.219315
[setup in-reg] rst_ni -> _61668_/SETN : -133.219315
[setup in-reg] rst_ni -> _61669_/SETN : -133.219315
[setup in-reg] rst_ni -> _61670_/SETN : -133.219315
[setup in-reg] rst_ni -> _61671_/SETN : -133.219315
[setup in-reg] rst_ni -> _61672_/SETN : -133.219315
[setup in-reg] rst_ni -> _61673_/SETN : -133.219315
[setup in-reg] rst_ni -> _61674_/SETN : -133.219315
[setup in-reg] rst_ni -> _61675_/SETN : -133.219315
[setup in-reg] rst_ni -> _61676_/SETN : -133.219315
[setup in-reg] rst_ni -> _61677_/SETN : -133.219315
[setup in-reg] rst_ni -> _61678_/SETN : -133.219315
[setup in-reg] rst_ni -> _59268_/D : -76.718132
[setup in-reg] rst_ni -> _59396_/D : -76.718132
[setup in-reg] rst_ni -> _58853_/D : -76.689400
[setup in-reg] rst_ni -> _59269_/D : -76.681290
[setup in-reg] rst_ni -> _59397_/D : -76.681290
[setup in-reg] rst_ni -> _58996_/D : -76.671860
[setup in-reg] rst_ni -> _58997_/D : -76.671860
[setup in-reg] rst_ni -> _59124_/D : -76.671860
[setup in-reg] rst_ni -> _59125_/D : -76.671860
[setup in-reg] rst_ni -> _58964_/D : -76.671677
[setup in-reg] rst_ni -> _58965_/D : -76.671677
[setup in-reg] rst_ni -> _59572_/D : -76.670967
[setup in-reg] rst_ni -> _59573_/D : -76.670967
[setup in-reg] rst_ni -> _59668_/D : -76.670967
[setup in-reg] rst_ni -> _59669_/D : -76.670967
[setup in-reg] rst_ni -> _59284_/D : -76.664528
[setup in-reg] rst_ni -> _59285_/D : -76.664528
[setup in-reg] rst_ni -> _59412_/D : -76.664528
[setup in-reg] rst_ni -> _59413_/D : -76.664528
[setup in-reg] rst_ni -> _58980_/D : -76.617622
[setup in-reg] rst_ni -> _59108_/D : -76.617622
[setup in-reg] rst_ni -> _58948_/D : -76.617462
[setup in-reg] rst_ni -> _58852_/D : -76.615044
[setup in-reg] rst_ni -> _58868_/D : -76.615036
[setup in-reg] rst_ni -> _58869_/D : -76.615044
[setup in-reg] rst_ni -> _59748_/D : -76.606560
[setup in-reg] rst_ni -> _59780_/D : -76.606560
[setup in-reg] rst_ni -> _59684_/D : -76.606407
[setup in-reg] rst_ni -> _59556_/D : -76.600128
[setup in-reg] rst_ni -> _59652_/D : -76.600128
[setup in-reg] rst_ni -> _58981_/D : -76.580780
[setup in-reg] rst_ni -> _59109_/D : -76.580780
[setup in-reg] rst_ni -> _58949_/D : -76.580620
[setup in-reg] rst_ni -> _59749_/D : -76.569725
[setup in-reg] rst_ni -> _59781_/D : -76.569725
[setup in-reg] rst_ni -> _59685_/D : -76.569565
[setup in-reg] rst_ni -> _59557_/D : -76.563286
[setup in-reg] rst_ni -> _59653_/D : -76.563286
[setup in-reg] rst_ni -> _59012_/D : -76.463974
[setup in-reg] rst_ni -> _59028_/D : -76.463974
[setup in-reg] rst_ni -> _59029_/D : -76.463974
[setup in-reg] rst_ni -> _59044_/D : -76.463974
[setup in-reg] rst_ni -> _59060_/D : -76.463974
[setup in-reg] rst_ni -> _59061_/D : -76.463974
[setup in-reg] rst_ni -> _59812_/D : -76.432526
[setup in-reg] rst_ni -> _59828_/D : -76.432526
[setup in-reg] rst_ni -> _59829_/D : -76.432526
[setup in-reg] rst_ni -> _59013_/D : -76.427132
[setup in-reg] rst_ni -> _59045_/D : -76.427132
[setup in-reg] rst_ni -> _59172_/D : -76.421791
[setup in-reg] rst_ni -> _59188_/D : -76.421791
[setup in-reg] rst_ni -> _59189_/D : -76.421776
[setup in-reg] rst_ni -> _59204_/D : -76.421776
[setup in-reg] rst_ni -> _59220_/D : -76.421776
[setup in-reg] rst_ni -> _59221_/D : -76.421776
[setup in-reg] rst_ni -> _59300_/D : -76.421791
[setup in-reg] rst_ni -> _59316_/D : -76.421791
[setup in-reg] rst_ni -> _59317_/D : -76.421791
[setup in-reg] rst_ni -> _59332_/D : -76.421776
[setup in-reg] rst_ni -> _59348_/D : -76.421776
[setup in-reg] rst_ni -> _59349_/D : -76.421791
[setup in-reg] rst_ni -> _59428_/D : -76.421791
[setup in-reg] rst_ni -> _59444_/D : -76.421791
[setup in-reg] rst_ni -> _59445_/D : -76.421791
[setup in-reg] rst_ni -> _59460_/D : -76.421791
[setup in-reg] rst_ni -> _59476_/D : -76.421791
[setup in-reg] rst_ni -> _59477_/D : -76.421791
[setup in-reg] rst_ni -> _59540_/D : -76.421776
[setup in-reg] rst_ni -> _59541_/D : -76.421776
[setup in-reg] rst_ni -> _59604_/D : -76.421791
[setup in-reg] rst_ni -> _59605_/D : -76.421791
[setup in-reg] rst_ni -> _59636_/D : -76.421791
[setup in-reg] rst_ni -> _59637_/D : -76.421791
[setup in-reg] rst_ni -> _59732_/D : -76.421776
[setup in-reg] rst_ni -> _59733_/D : -76.421776
[setup in-reg] rst_ni -> _59236_/D : -76.421654
[setup in-reg] rst_ni -> _59252_/D : -76.421654
[setup in-reg] rst_ni -> _59253_/D : -76.421654
[setup in-reg] rst_ni -> _59364_/D : -76.421654
[setup in-reg] rst_ni -> _59380_/D : -76.421654
[setup in-reg] rst_ni -> _59381_/D : -76.421654
[setup in-reg] rst_ni -> _59508_/D : -76.421654
[setup in-reg] rst_ni -> _59509_/D : -76.421654
[setup in-reg] rst_ni -> _59764_/D : -76.407455
[setup in-reg] rst_ni -> _59765_/D : -76.407455
[setup in-reg] rst_ni -> _59796_/D : -76.407455
[setup in-reg] rst_ni -> _59797_/D : -76.407455
[setup in-reg] rst_ni -> _59700_/D : -76.407288
[setup in-reg] rst_ni -> _59701_/D : -76.407288
[setup in-reg] rst_ni -> _59813_/D : -76.395683
[setup in-reg] rst_ni -> _59173_/D : -76.384949
[setup in-reg] rst_ni -> _59205_/D : -76.384941
[setup in-reg] rst_ni -> _59301_/D : -76.384949
[setup in-reg] rst_ni -> _59333_/D : -76.384941
[setup in-reg] rst_ni -> _59429_/D : -76.384949
[setup in-reg] rst_ni -> _59461_/D : -76.384949
[setup in-reg] rst_ni -> _59237_/D : -76.384811
[setup in-reg] rst_ni -> _59365_/D : -76.384811
[setup in-reg] rst_ni -> _58884_/D : -76.377258
[setup in-reg] rst_ni -> _58900_/D : -76.377258
[setup in-reg] rst_ni -> _58901_/D : -76.377258
[setup in-reg] rst_ni -> _59140_/D : -76.377258
[setup in-reg] rst_ni -> _59156_/D : -76.377258
[setup in-reg] rst_ni -> _59157_/D : -76.377258
[setup in-reg] rst_ni -> _59076_/D : -76.377113
[setup in-reg] rst_ni -> _59092_/D : -76.377113
[setup in-reg] rst_ni -> _59093_/D : -76.377113
[setup in-reg] rst_ni -> _59271_/D : -76.369736
[setup in-reg] rst_ni -> _59272_/D : -76.369736
[setup in-reg] rst_ni -> _59273_/D : -76.369736
[setup in-reg] rst_ni -> _59274_/D : -76.369736
[setup in-reg] rst_ni -> _59275_/D : -76.369736
[setup in-reg] rst_ni -> _59399_/D : -76.369736
[setup in-reg] rst_ni -> _59400_/D : -76.369736
[setup in-reg] rst_ni -> _59401_/D : -76.369736
[setup in-reg] rst_ni -> _59402_/D : -76.369736
[setup in-reg] rst_ni -> _59403_/D : -76.369736
[setup in-reg] rst_ni -> _58916_/D : -76.362915
[setup in-reg] rst_ni -> _58932_/D : -76.362915
[setup in-reg] rst_ni -> _58933_/D : -76.362915
[setup in-reg] rst_ni -> _59270_/D : -76.360710
[setup in-reg] rst_ni -> _59398_/D : -76.360710
[setup in-reg] rst_ni -> _59524_/D : -76.354477
[setup in-reg] rst_ni -> _59588_/D : -76.354492
[setup in-reg] rst_ni -> _59620_/D : -76.354492
[setup in-reg] rst_ni -> _59716_/D : -76.354477
[setup in-reg] rst_ni -> _59492_/D : -76.354347
[setup in-reg] rst_ni -> _58885_/D : -76.340416
[setup in-reg] rst_ni -> _59141_/D : -76.340416
[setup in-reg] rst_ni -> _59077_/D : -76.340271
[setup in-reg] rst_ni -> _59003_/D : -76.337189
[setup in-reg] rst_ni -> _59131_/D : -76.337189
[setup in-reg] rst_ni -> _58971_/D : -76.337006
[setup in-reg] rst_ni -> _58917_/D : -76.326080
[setup in-reg] rst_ni -> _58998_/D : -76.323463
[setup in-reg] rst_ni -> _58999_/D : -76.323463
[setup in-reg] rst_ni -> _59000_/D : -76.323463
[setup in-reg] rst_ni -> _59001_/D : -76.323463
[setup in-reg] rst_ni -> _59002_/D : -76.323463
[setup in-reg] rst_ni -> _59126_/D : -76.323463
[setup in-reg] rst_ni -> _59127_/D : -76.323463
[setup in-reg] rst_ni -> _59128_/D : -76.323463
[setup in-reg] rst_ni -> _59129_/D : -76.323463
[setup in-reg] rst_ni -> _59130_/D : -76.323463
[setup in-reg] rst_ni -> _58966_/D : -76.323280
[setup in-reg] rst_ni -> _58967_/D : -76.323280
[setup in-reg] rst_ni -> _58968_/D : -76.323280
[setup in-reg] rst_ni -> _58969_/D : -76.323280
[setup in-reg] rst_ni -> _58970_/D : -76.323280
[setup in-reg] rst_ni -> _59525_/D : -76.317635
[setup in-reg] rst_ni -> _59589_/D : -76.317650
[setup in-reg] rst_ni -> _59621_/D : -76.317650
[setup in-reg] rst_ni -> _59717_/D : -76.317635
[setup in-reg] rst_ni -> _59493_/D : -76.317505
[setup in-reg] rst_ni -> _59756_/D : -76.262886
[setup in-reg] rst_ni -> _59757_/D : -76.262886
[setup in-reg] rst_ni -> _59788_/D : -76.262886
[setup in-reg] rst_ni -> _59789_/D : -76.262886
[setup in-reg] rst_ni -> _59692_/D : -76.262733
[setup in-reg] rst_ni -> _59693_/D : -76.262733
[setup in-reg] rst_ni -> _59564_/D : -76.261414
[setup in-reg] rst_ni -> _59565_/D : -76.261414
[setup in-reg] rst_ni -> _59660_/D : -76.261414
[setup in-reg] rst_ni -> _59661_/D : -76.261414
[setup in-reg] rst_ni -> _59579_/D : -76.213455
[setup in-reg] rst_ni -> _59675_/D : -76.213455
[setup in-reg] rst_ni -> _59291_/D : -76.207092
[setup in-reg] rst_ni -> _59419_/D : -76.207092
[setup in-reg] rst_ni -> _59574_/D : -76.199730
[setup in-reg] rst_ni -> _59575_/D : -76.199730
[setup in-reg] rst_ni -> _59576_/D : -76.199730
[setup in-reg] rst_ni -> _59577_/D : -76.199730
[setup in-reg] rst_ni -> _59578_/D : -76.199730
[setup in-reg] rst_ni -> _59670_/D : -76.199730
[setup in-reg] rst_ni -> _59671_/D : -76.199730
[setup in-reg] rst_ni -> _59672_/D : -76.199730
[setup in-reg] rst_ni -> _59673_/D : -76.199730
[setup in-reg] rst_ni -> _59674_/D : -76.199730
[setup in-reg] rst_ni -> _59286_/D : -76.193359
[setup in-reg] rst_ni -> _59287_/D : -76.193359
[setup in-reg] rst_ni -> _59288_/D : -76.193359
[setup in-reg] rst_ni -> _59289_/D : -76.193359
[setup in-reg] rst_ni -> _59290_/D : -76.193359
[setup in-reg] rst_ni -> _59414_/D : -76.193359
[setup in-reg] rst_ni -> _59415_/D : -76.193359
[setup in-reg] rst_ni -> _59416_/D : -76.193359
[setup in-reg] rst_ni -> _59417_/D : -76.193359
[setup in-reg] rst_ni -> _59418_/D : -76.193359
[setup in-reg] rst_ni -> _58924_/D : -76.173828
[setup in-reg] rst_ni -> _58925_/D : -76.173828
[setup in-reg] rst_ni -> _59020_/D : -76.173828
[setup in-reg] rst_ni -> _59021_/D : -76.173828
[setup in-reg] rst_ni -> _59052_/D : -76.173828
[setup in-reg] rst_ni -> _59053_/D : -76.173828
[setup in-reg] rst_ni -> _58956_/D : -76.165840
[setup in-reg] rst_ni -> _58957_/D : -76.165840
[setup in-reg] rst_ni -> _58988_/D : -76.165840
[setup in-reg] rst_ni -> _58989_/D : -76.165840
[setup in-reg] rst_ni -> _59116_/D : -76.165840
[setup in-reg] rst_ni -> _59117_/D : -76.165840
[setup in-reg] rst_ni -> _58860_/D : -76.163437
[setup in-reg] rst_ni -> _58861_/D : -76.163437
[setup in-reg] rst_ni -> _58854_/D : -76.148544
[setup in-reg] rst_ni -> _58983_/D : -76.146454
[setup in-reg] rst_ni -> _58984_/D : -76.146454
[setup in-reg] rst_ni -> _58985_/D : -76.146454
[setup in-reg] rst_ni -> _58986_/D : -76.146454
[setup in-reg] rst_ni -> _58987_/D : -76.146454
[setup in-reg] rst_ni -> _59111_/D : -76.146454
[setup in-reg] rst_ni -> _59112_/D : -76.146454
[setup in-reg] rst_ni -> _59113_/D : -76.146454
[setup in-reg] rst_ni -> _59114_/D : -76.146454
[setup in-reg] rst_ni -> _59115_/D : -76.146454
[setup in-reg] rst_ni -> _58951_/D : -76.146309
[setup in-reg] rst_ni -> _58952_/D : -76.146309
[setup in-reg] rst_ni -> _58953_/D : -76.146309
[setup in-reg] rst_ni -> _58954_/D : -76.146309
[setup in-reg] rst_ni -> _58955_/D : -76.146309
[setup in-reg] rst_ni -> _58982_/D : -76.138512
[setup in-reg] rst_ni -> _59110_/D : -76.138512
[setup in-reg] rst_ni -> _58950_/D : -76.138374
[setup in-reg] rst_ni -> _59751_/D : -76.135254
[setup in-reg] rst_ni -> _59752_/D : -76.135254
[setup in-reg] rst_ni -> _59753_/D : -76.135254
[setup in-reg] rst_ni -> _59754_/D : -76.135254
[setup in-reg] rst_ni -> _59755_/D : -76.135254
[setup in-reg] rst_ni -> _59783_/D : -76.135254
[setup in-reg] rst_ni -> _59784_/D : -76.135254
[setup in-reg] rst_ni -> _59785_/D : -76.135254
[setup in-reg] rst_ni -> _59786_/D : -76.135254
[setup in-reg] rst_ni -> _59787_/D : -76.135254
[setup in-reg] rst_ni -> _59687_/D : -76.135094
[setup in-reg] rst_ni -> _59688_/D : -76.135094
[setup in-reg] rst_ni -> _59689_/D : -76.135094
[setup in-reg] rst_ni -> _59690_/D : -76.135094
[setup in-reg] rst_ni -> _59691_/D : -76.135094
[setup in-reg] rst_ni -> _58855_/D : -76.132034
[setup in-reg] rst_ni -> _58856_/D : -76.132034
[setup in-reg] rst_ni -> _58857_/D : -76.132034
[setup in-reg] rst_ni -> _58858_/D : -76.132034
[setup in-reg] rst_ni -> _58859_/D : -76.132034
[setup in-reg] rst_ni -> _58870_/D : -76.132034
[setup in-reg] rst_ni -> _58871_/D : -76.132034
[setup in-reg] rst_ni -> _58872_/D : -76.132034
[setup in-reg] rst_ni -> _58873_/D : -76.132034
[setup in-reg] rst_ni -> _58874_/D : -76.131889
[setup in-reg] rst_ni -> _58875_/D : -76.129776
[setup in-reg] rst_ni -> _59035_/D : -76.129410
[setup in-reg] rst_ni -> _59067_/D : -76.129410
[setup in-reg] rst_ni -> _59559_/D : -76.128883
[setup in-reg] rst_ni -> _59560_/D : -76.128883
[setup in-reg] rst_ni -> _59561_/D : -76.128883
[setup in-reg] rst_ni -> _59562_/D : -76.128883
[setup in-reg] rst_ni -> _59563_/D : -76.128883
[setup in-reg] rst_ni -> _59655_/D : -76.128883
[setup in-reg] rst_ni -> _59656_/D : -76.128883
[setup in-reg] rst_ni -> _59657_/D : -76.128883
[setup in-reg] rst_ni -> _59658_/D : -76.128883
[setup in-reg] rst_ni -> _59659_/D : -76.128883
[setup in-reg] rst_ni -> _59750_/D : -76.127319
[setup in-reg] rst_ni -> _59782_/D : -76.127319
[setup in-reg] rst_ni -> _59686_/D : -76.127159
[setup in-reg] rst_ni -> _59558_/D : -76.120949
[setup in-reg] rst_ni -> _59654_/D : -76.120949
[setup in-reg] rst_ni -> _59015_/D : -76.115685
[setup in-reg] rst_ni -> _59016_/D : -76.115685
[setup in-reg] rst_ni -> _59017_/D : -76.115685
[setup in-reg] rst_ni -> _59018_/D : -76.115685
[setup in-reg] rst_ni -> _59019_/D : -76.115685
[setup in-reg] rst_ni -> _59030_/D : -76.115685
[setup in-reg] rst_ni -> _59031_/D : -76.115685
[setup in-reg] rst_ni -> _59032_/D : -76.115685
[setup in-reg] rst_ni -> _59033_/D : -76.115685
[setup in-reg] rst_ni -> _59034_/D : -76.115685
[setup in-reg] rst_ni -> _59047_/D : -76.115685
[setup in-reg] rst_ni -> _59048_/D : -76.115685
[setup in-reg] rst_ni -> _59049_/D : -76.115685
[setup in-reg] rst_ni -> _59050_/D : -76.115685
[setup in-reg] rst_ni -> _59051_/D : -76.115685
[setup in-reg] rst_ni -> _59062_/D : -76.115685
[setup in-reg] rst_ni -> _59063_/D : -76.115685
[setup in-reg] rst_ni -> _59064_/D : -76.115685
[setup in-reg] rst_ni -> _59065_/D : -76.115685
[setup in-reg] rst_ni -> _59066_/D : -76.115685
[setup in-reg] rst_ni -> _59014_/D : -76.105461
[setup in-reg] rst_ni -> _59046_/D : -76.105461
[setup in-reg] rst_ni -> _58908_/D : -76.096008
[setup in-reg] rst_ni -> _58909_/D : -76.096008
[setup in-reg] rst_ni -> _58940_/D : -76.096008
[setup in-reg] rst_ni -> _58941_/D : -76.096008
[setup in-reg] rst_ni -> _58972_/D : -76.096008
[setup in-reg] rst_ni -> _58973_/D : -76.096008
[setup in-reg] rst_ni -> _59004_/D : -76.096008
[setup in-reg] rst_ni -> _59005_/D : -76.096008
[setup in-reg] rst_ni -> _59036_/D : -76.096008
[setup in-reg] rst_ni -> _59037_/D : -76.096008
[setup in-reg] rst_ni -> _59100_/D : -76.096008
[setup in-reg] rst_ni -> _59101_/D : -76.096008
[setup in-reg] rst_ni -> _58844_/D : -76.093597
[setup in-reg] rst_ni -> _58845_/D : -76.093590
[setup in-reg] rst_ni -> _59276_/D : -76.045380
[setup in-reg] rst_ni -> _59277_/D : -76.045380
[setup in-reg] rst_ni -> _59404_/D : -76.045380
[setup in-reg] rst_ni -> _59405_/D : -76.045380
[setup in-reg] rst_ni -> _59532_/D : -75.992897
[setup in-reg] rst_ni -> _59533_/D : -75.992897
[setup in-reg] rst_ni -> _59596_/D : -75.992912
[setup in-reg] rst_ni -> _59597_/D : -75.992912
[setup in-reg] rst_ni -> _59628_/D : -75.992912
[setup in-reg] rst_ni -> _59629_/D : -75.992912
[setup in-reg] rst_ni -> _59724_/D : -75.992897
[setup in-reg] rst_ni -> _59725_/D : -75.992897
[setup in-reg] rst_ni -> _59500_/D : -75.992767
[setup in-reg] rst_ni -> _59501_/D : -75.992767
[setup in-reg] rst_ni -> _59835_/D : -75.970505
[setup in-reg] rst_ni -> _59195_/D : -75.964905
[setup in-reg] rst_ni -> _59227_/D : -75.964897
[setup in-reg] rst_ni -> _59323_/D : -75.964905
[setup in-reg] rst_ni -> _59355_/D : -75.964905
[setup in-reg] rst_ni -> _59451_/D : -75.964905
[setup in-reg] rst_ni -> _59483_/D : -75.964905
[setup in-reg] rst_ni -> _59547_/D : -75.964897
[setup in-reg] rst_ni -> _59611_/D : -75.964905
[setup in-reg] rst_ni -> _59643_/D : -75.964905
[setup in-reg] rst_ni -> _59739_/D : -75.964897
[setup in-reg] rst_ni -> _59259_/D : -75.964767
[setup in-reg] rst_ni -> _59387_/D : -75.964767
[setup in-reg] rst_ni -> _59515_/D : -75.964767
[setup in-reg] rst_ni -> _59814_/D : -75.957016
[setup in-reg] rst_ni -> _59815_/D : -75.957016
[setup in-reg] rst_ni -> _59816_/D : -75.957016
[setup in-reg] rst_ni -> _59817_/D : -75.957016
[setup in-reg] rst_ni -> _59818_/D : -75.957016
[setup in-reg] rst_ni -> _59819_/D : -75.957016
[setup in-reg] rst_ni -> _59830_/D : -75.957016
[setup in-reg] rst_ni -> _59831_/D : -75.957016
[setup in-reg] rst_ni -> _59832_/D : -75.957016
[setup in-reg] rst_ni -> _59833_/D : -75.957016
[setup in-reg] rst_ni -> _59834_/D : -75.957016
[setup in-reg] rst_ni -> _59175_/D : -75.951180
[setup in-reg] rst_ni -> _59176_/D : -75.951180
[setup in-reg] rst_ni -> _59177_/D : -75.951180
[setup in-reg] rst_ni -> _59178_/D : -75.951180
[setup in-reg] rst_ni -> _59179_/D : -75.951180
[setup in-reg] rst_ni -> _59190_/D : -75.951180
[setup in-reg] rst_ni -> _59191_/D : -75.951180
[setup in-reg] rst_ni -> _59192_/D : -75.951180
[setup in-reg] rst_ni -> _59193_/D : -75.951180
[setup in-reg] rst_ni -> _59194_/D : -75.951180
[setup in-reg] rst_ni -> _59207_/D : -75.951164
[setup in-reg] rst_ni -> _59208_/D : -75.951164
[setup in-reg] rst_ni -> _59209_/D : -75.951164
[setup in-reg] rst_ni -> _59210_/D : -75.951164
[setup in-reg] rst_ni -> _59211_/D : -75.951164
[setup in-reg] rst_ni -> _59222_/D : -75.951164
[setup in-reg] rst_ni -> _59223_/D : -75.951164
[setup in-reg] rst_ni -> _59224_/D : -75.951164
[setup in-reg] rst_ni -> _59225_/D : -75.951164
[setup in-reg] rst_ni -> _59226_/D : -75.951164
[setup in-reg] rst_ni -> _59303_/D : -75.951180
[setup in-reg] rst_ni -> _59304_/D : -75.951180
[setup in-reg] rst_ni -> _59305_/D : -75.951180
[setup in-reg] rst_ni -> _59306_/D : -75.951180
[setup in-reg] rst_ni -> _59307_/D : -75.951180
[setup in-reg] rst_ni -> _59318_/D : -75.951180
[setup in-reg] rst_ni -> _59319_/D : -75.951180
[setup in-reg] rst_ni -> _59320_/D : -75.951180
[setup in-reg] rst_ni -> _59321_/D : -75.951180
[setup in-reg] rst_ni -> _59322_/D : -75.951180
[setup in-reg] rst_ni -> _59335_/D : -75.951180
[setup in-reg] rst_ni -> _59336_/D : -75.951180
[setup in-reg] rst_ni -> _59337_/D : -75.951180
[setup in-reg] rst_ni -> _59338_/D : -75.951180
[setup in-reg] rst_ni -> _59339_/D : -75.951180
[setup in-reg] rst_ni -> _59350_/D : -75.951180
[setup in-reg] rst_ni -> _59351_/D : -75.951180
[setup in-reg] rst_ni -> _59352_/D : -75.951180
[setup in-reg] rst_ni -> _59353_/D : -75.951180
[setup in-reg] rst_ni -> _59354_/D : -75.951180
[setup in-reg] rst_ni -> _59431_/D : -75.951180
[setup in-reg] rst_ni -> _59432_/D : -75.951180
[setup in-reg] rst_ni -> _59433_/D : -75.951180
[setup in-reg] rst_ni -> _59434_/D : -75.951180
[setup in-reg] rst_ni -> _59435_/D : -75.951180
[setup in-reg] rst_ni -> _59446_/D : -75.951180
[setup in-reg] rst_ni -> _59447_/D : -75.951180
[setup in-reg] rst_ni -> _59448_/D : -75.951180
[setup in-reg] rst_ni -> _59449_/D : -75.951180
[setup in-reg] rst_ni -> _59450_/D : -75.951180
[setup in-reg] rst_ni -> _59463_/D : -75.951180
[setup in-reg] rst_ni -> _59464_/D : -75.951180
[setup in-reg] rst_ni -> _59465_/D : -75.951180
[setup in-reg] rst_ni -> _59466_/D : -75.951180
[setup in-reg] rst_ni -> _59467_/D : -75.951180
[setup in-reg] rst_ni -> _59478_/D : -75.951180
[setup in-reg] rst_ni -> _59479_/D : -75.951180
[setup in-reg] rst_ni -> _59480_/D : -75.951180
[setup in-reg] rst_ni -> _59481_/D : -75.951180
[setup in-reg] rst_ni -> _59482_/D : -75.951180
[setup in-reg] rst_ni -> _59542_/D : -75.951164
[setup in-reg] rst_ni -> _59543_/D : -75.951164
[setup in-reg] rst_ni -> _59544_/D : -75.951164
[setup in-reg] rst_ni -> _59545_/D : -75.951164
[setup in-reg] rst_ni -> _59546_/D : -75.951164
[setup in-reg] rst_ni -> _59606_/D : -75.951180
[setup in-reg] rst_ni -> _59607_/D : -75.951180
[setup in-reg] rst_ni -> _59608_/D : -75.951180
[setup in-reg] rst_ni -> _59609_/D : -75.951180
[setup in-reg] rst_ni -> _59610_/D : -75.951180
[setup in-reg] rst_ni -> _59638_/D : -75.951180
[setup in-reg] rst_ni -> _59639_/D : -75.951180
[setup in-reg] rst_ni -> _59640_/D : -75.951180
[setup in-reg] rst_ni -> _59641_/D : -75.951180
[setup in-reg] rst_ni -> _59642_/D : -75.951180
[setup in-reg] rst_ni -> _59734_/D : -75.951164
[setup in-reg] rst_ni -> _59735_/D : -75.951164
[setup in-reg] rst_ni -> _59736_/D : -75.951164
[setup in-reg] rst_ni -> _59737_/D : -75.951164
[setup in-reg] rst_ni -> _59738_/D : -75.951164
[setup in-reg] rst_ni -> _59239_/D : -75.951035
[setup in-reg] rst_ni -> _59240_/D : -75.951035
[setup in-reg] rst_ni -> _59241_/D : -75.951035
[setup in-reg] rst_ni -> _59242_/D : -75.951035
[setup in-reg] rst_ni -> _59243_/D : -75.951035
[setup in-reg] rst_ni -> _59254_/D : -75.951035
[setup in-reg] rst_ni -> _59255_/D : -75.951035
[setup in-reg] rst_ni -> _59256_/D : -75.951035
[setup in-reg] rst_ni -> _59257_/D : -75.951035
[setup in-reg] rst_ni -> _59258_/D : -75.951035
[setup in-reg] rst_ni -> _59367_/D : -75.951035
[setup in-reg] rst_ni -> _59368_/D : -75.951035
[setup in-reg] rst_ni -> _59369_/D : -75.951035
[setup in-reg] rst_ni -> _59370_/D : -75.951035
[setup in-reg] rst_ni -> _59371_/D : -75.951035
[setup in-reg] rst_ni -> _59382_/D : -75.951035
[setup in-reg] rst_ni -> _59383_/D : -75.951035
[setup in-reg] rst_ni -> _59384_/D : -75.951035
[setup in-reg] rst_ni -> _59385_/D : -75.951035
[setup in-reg] rst_ni -> _59386_/D : -75.951035
[setup in-reg] rst_ni -> _59510_/D : -75.951035
[setup in-reg] rst_ni -> _59511_/D : -75.951035
[setup in-reg] rst_ni -> _59512_/D : -75.951035
[setup in-reg] rst_ni -> _59513_/D : -75.951035
[setup in-reg] rst_ni -> _59514_/D : -75.951035
[setup in-reg] rst_ni -> _59771_/D : -75.950737
[setup in-reg] rst_ni -> _59803_/D : -75.950737
[setup in-reg] rst_ni -> _59707_/D : -75.950554
[setup in-reg] rst_ni -> _59174_/D : -75.940956
[setup in-reg] rst_ni -> _59206_/D : -75.940941
[setup in-reg] rst_ni -> _59302_/D : -75.940956
[setup in-reg] rst_ni -> _59334_/D : -75.940956
[setup in-reg] rst_ni -> _59430_/D : -75.940956
[setup in-reg] rst_ni -> _59462_/D : -75.940956
[setup in-reg] rst_ni -> _59238_/D : -75.940811
[setup in-reg] rst_ni -> _59366_/D : -75.940811
[setup in-reg] rst_ni -> _59766_/D : -75.937012
[setup in-reg] rst_ni -> _59767_/D : -75.937012
[setup in-reg] rst_ni -> _59768_/D : -75.937012
[setup in-reg] rst_ni -> _59769_/D : -75.937012
[setup in-reg] rst_ni -> _59770_/D : -75.937012
[setup in-reg] rst_ni -> _59798_/D : -75.937012
[setup in-reg] rst_ni -> _59799_/D : -75.937012
[setup in-reg] rst_ni -> _59800_/D : -75.937012
[setup in-reg] rst_ni -> _59801_/D : -75.937012
[setup in-reg] rst_ni -> _59802_/D : -75.937012
[setup in-reg] rst_ni -> _59702_/D : -75.936829
[setup in-reg] rst_ni -> _59703_/D : -75.936829
[setup in-reg] rst_ni -> _59704_/D : -75.936829
[setup in-reg] rst_ni -> _59705_/D : -75.936829
[setup in-reg] rst_ni -> _59706_/D : -75.936829
[setup in-reg] rst_ni -> _59845_/D : -75.929199
[setup in-reg] rst_ni -> _58907_/D : -75.920372
[setup in-reg] rst_ni -> _59163_/D : -75.920372
[setup in-reg] rst_ni -> _59099_/D : -75.920227
[setup in-reg] rst_ni -> _58892_/D : -75.909164
[setup in-reg] rst_ni -> _58893_/D : -75.909164
[setup in-reg] rst_ni -> _59148_/D : -75.909164
[setup in-reg] rst_ni -> _59149_/D : -75.909164
[setup in-reg] rst_ni -> _59084_/D : -75.909027
[setup in-reg] rst_ni -> _59085_/D : -75.909027
[setup in-reg] rst_ni -> _58887_/D : -75.906647
[setup in-reg] rst_ni -> _58888_/D : -75.906647
[setup in-reg] rst_ni -> _58889_/D : -75.906647
[setup in-reg] rst_ni -> _58890_/D : -75.906647
[setup in-reg] rst_ni -> _58891_/D : -75.906647
[setup in-reg] rst_ni -> _58902_/D : -75.906647
[setup in-reg] rst_ni -> _58903_/D : -75.906647
[setup in-reg] rst_ni -> _58904_/D : -75.906647
[setup in-reg] rst_ni -> _58905_/D : -75.906647
[setup in-reg] rst_ni -> _58906_/D : -75.906647
[setup in-reg] rst_ni -> _59143_/D : -75.906647
[setup in-reg] rst_ni -> _59144_/D : -75.906647
[setup in-reg] rst_ni -> _59145_/D : -75.906647
[setup in-reg] rst_ni -> _59146_/D : -75.906647
[setup in-reg] rst_ni -> _59147_/D : -75.906647
[setup in-reg] rst_ni -> _59158_/D : -75.906647
[setup in-reg] rst_ni -> _59159_/D : -75.906647
[setup in-reg] rst_ni -> _59160_/D : -75.906647
[setup in-reg] rst_ni -> _59161_/D : -75.906647
[setup in-reg] rst_ni -> _59162_/D : -75.906647
[setup in-reg] rst_ni -> _59079_/D : -75.906502
[setup in-reg] rst_ni -> _59080_/D : -75.906502
[setup in-reg] rst_ni -> _59081_/D : -75.906502
[setup in-reg] rst_ni -> _59082_/D : -75.906502
[setup in-reg] rst_ni -> _59083_/D : -75.906502
[setup in-reg] rst_ni -> _59094_/D : -75.906502
[setup in-reg] rst_ni -> _59095_/D : -75.906502
[setup in-reg] rst_ni -> _59096_/D : -75.906502
[setup in-reg] rst_ni -> _59097_/D : -75.906502
[setup in-reg] rst_ni -> _59098_/D : -75.906502
[setup in-reg] rst_ni -> _58939_/D : -75.906204
[setup in-reg] rst_ni -> _58886_/D : -75.896416
[setup in-reg] rst_ni -> _59142_/D : -75.896416
[setup in-reg] rst_ni -> _59078_/D : -75.896278
[setup in-reg] rst_ni -> _58919_/D : -75.892471
[setup in-reg] rst_ni -> _58920_/D : -75.892471
[setup in-reg] rst_ni -> _58921_/D : -75.892471
[setup in-reg] rst_ni -> _58922_/D : -75.892471
[setup in-reg] rst_ni -> _58923_/D : -75.892471
[setup in-reg] rst_ni -> _58934_/D : -75.892471
[setup in-reg] rst_ni -> _58935_/D : -75.892471
[setup in-reg] rst_ni -> _58936_/D : -75.892471
[setup in-reg] rst_ni -> _58937_/D : -75.892471
[setup in-reg] rst_ni -> _58938_/D : -75.892471
[setup in-reg] rst_ni -> _59527_/D : -75.883865
[setup in-reg] rst_ni -> _59528_/D : -75.883865
[setup in-reg] rst_ni -> _59529_/D : -75.883865
[setup in-reg] rst_ni -> _59530_/D : -75.883865
[setup in-reg] rst_ni -> _59531_/D : -75.883865
[setup in-reg] rst_ni -> _59591_/D : -75.883881
[setup in-reg] rst_ni -> _59592_/D : -75.883881
[setup in-reg] rst_ni -> _59593_/D : -75.883881
[setup in-reg] rst_ni -> _59594_/D : -75.883881
[setup in-reg] rst_ni -> _59595_/D : -75.883881
[setup in-reg] rst_ni -> _59623_/D : -75.883881
[setup in-reg] rst_ni -> _59624_/D : -75.883881
[setup in-reg] rst_ni -> _59625_/D : -75.883881
[setup in-reg] rst_ni -> _59626_/D : -75.883881
[setup in-reg] rst_ni -> _59627_/D : -75.883881
[setup in-reg] rst_ni -> _59719_/D : -75.883865
[setup in-reg] rst_ni -> _59720_/D : -75.883865
[setup in-reg] rst_ni -> _59721_/D : -75.883865
[setup in-reg] rst_ni -> _59722_/D : -75.883865
[setup in-reg] rst_ni -> _59723_/D : -75.883865
[setup in-reg] rst_ni -> _59495_/D : -75.883736
[setup in-reg] rst_ni -> _59496_/D : -75.883736
[setup in-reg] rst_ni -> _59497_/D : -75.883736
[setup in-reg] rst_ni -> _59498_/D : -75.883736
[setup in-reg] rst_ni -> _59499_/D : -75.883736
[setup in-reg] rst_ni -> _58918_/D : -75.882248
[setup in-reg] rst_ni -> _59844_/D : -75.874947
[setup in-reg] rst_ni -> _59860_/D : -75.874939
[setup in-reg] rst_ni -> _59861_/D : -75.874947
[setup in-reg] rst_ni -> _59526_/D : -75.873642
[setup in-reg] rst_ni -> _59590_/D : -75.873650
[setup in-reg] rst_ni -> _59622_/D : -75.873650
[setup in-reg] rst_ni -> _59718_/D : -75.873642
[setup in-reg] rst_ni -> _59494_/D : -75.873512
[setup in-reg] rst_ni -> _59260_/D : -75.851585
[setup in-reg] rst_ni -> _59261_/D : -75.851585
[setup in-reg] rst_ni -> _59388_/D : -75.851585
[setup in-reg] rst_ni -> _59389_/D : -75.851585
[setup in-reg] rst_ni -> _58876_/D : -75.812714
[setup in-reg] rst_ni -> _58877_/D : -75.812714
[setup in-reg] rst_ni -> _59132_/D : -75.812714
[setup in-reg] rst_ni -> _59133_/D : -75.812714
[setup in-reg] rst_ni -> _59068_/D : -75.812576
[setup in-reg] rst_ni -> _59069_/D : -75.812576
[setup in-reg] rst_ni -> _59758_/D : -75.791580
[setup in-reg] rst_ni -> _59759_/D : -75.791580
[setup in-reg] rst_ni -> _59761_/D : -75.791580
[setup in-reg] rst_ni -> _59762_/D : -75.791580
[setup in-reg] rst_ni -> _59763_/D : -75.791580
[setup in-reg] rst_ni -> _59790_/D : -75.791580
[setup in-reg] rst_ni -> _59791_/D : -75.791580
[setup in-reg] rst_ni -> _59793_/D : -75.791580
[setup in-reg] rst_ni -> _59794_/D : -75.791580
[setup in-reg] rst_ni -> _59795_/D : -75.791580
[setup in-reg] rst_ni -> _59694_/D : -75.791420
[setup in-reg] rst_ni -> _59695_/D : -75.791420
[setup in-reg] rst_ni -> _59697_/D : -75.791420
[setup in-reg] rst_ni -> _59698_/D : -75.791420
[setup in-reg] rst_ni -> _59699_/D : -75.791420
[setup in-reg] rst_ni -> _59566_/D : -75.790100
[setup in-reg] rst_ni -> _59567_/D : -75.790100
[setup in-reg] rst_ni -> _59569_/D : -75.790100
[setup in-reg] rst_ni -> _59570_/D : -75.790100
[setup in-reg] rst_ni -> _59571_/D : -75.790100
[setup in-reg] rst_ni -> _59662_/D : -75.790100
[setup in-reg] rst_ni -> _59663_/D : -75.790100
[setup in-reg] rst_ni -> _59665_/D : -75.790100
[setup in-reg] rst_ni -> _59666_/D : -75.790100
[setup in-reg] rst_ni -> _59667_/D : -75.790100
[setup in-reg] rst_ni -> _59760_/D : -75.783844
[setup in-reg] rst_ni -> _59792_/D : -75.783844
[setup in-reg] rst_ni -> _59696_/D : -75.783691
[setup in-reg] rst_ni -> _59568_/D : -75.782372
[setup in-reg] rst_ni -> _59664_/D : -75.782372
[setup in-reg] rst_ni -> _59820_/D : -75.763802
[setup in-reg] rst_ni -> _59821_/D : -75.763802
[setup in-reg] rst_ni -> _59180_/D : -75.749008
[setup in-reg] rst_ni -> _59181_/D : -75.748993
[setup in-reg] rst_ni -> _59212_/D : -75.748993
[setup in-reg] rst_ni -> _59213_/D : -75.748993
[setup in-reg] rst_ni -> _59308_/D : -75.749008
[setup in-reg] rst_ni -> _59309_/D : -75.749008
[setup in-reg] rst_ni -> _59340_/D : -75.748993
[setup in-reg] rst_ni -> _59341_/D : -75.749008
[setup in-reg] rst_ni -> _59436_/D : -75.749008
[setup in-reg] rst_ni -> _59437_/D : -75.749008
[setup in-reg] rst_ni -> _59468_/D : -75.749008
[setup in-reg] rst_ni -> _59469_/D : -75.749008
[setup in-reg] rst_ni -> _59244_/D : -75.748871
[setup in-reg] rst_ni -> _59245_/D : -75.748871
[setup in-reg] rst_ni -> _59372_/D : -75.748871
[setup in-reg] rst_ni -> _59373_/D : -75.748871
[setup in-reg] rst_ni -> _58926_/D : -75.702515
[setup in-reg] rst_ni -> _58927_/D : -75.702515
[setup in-reg] rst_ni -> _58929_/D : -75.702515
[setup in-reg] rst_ni -> _58930_/D : -75.702515
[setup in-reg] rst_ni -> _58931_/D : -75.702515
[setup in-reg] rst_ni -> _59022_/D : -75.702515
[setup in-reg] rst_ni -> _59023_/D : -75.702515
[setup in-reg] rst_ni -> _59025_/D : -75.702515
[setup in-reg] rst_ni -> _59026_/D : -75.702515
[setup in-reg] rst_ni -> _59027_/D : -75.702515
[setup in-reg] rst_ni -> _59054_/D : -75.702515
[setup in-reg] rst_ni -> _59055_/D : -75.702515
[setup in-reg] rst_ni -> _59057_/D : -75.702515
[setup in-reg] rst_ni -> _59058_/D : -75.702515
[setup in-reg] rst_ni -> _59059_/D : -75.702515
[setup in-reg] rst_ni -> _58864_/D : -75.696930
[setup in-reg] rst_ni -> _59278_/D : -75.696976
[setup in-reg] rst_ni -> _59279_/D : -75.696976
[setup in-reg] rst_ni -> _59281_/D : -75.696976
[setup in-reg] rst_ni -> _59282_/D : -75.696976
[setup in-reg] rst_ni -> _59283_/D : -75.696976
[setup in-reg] rst_ni -> _59406_/D : -75.696976
[setup in-reg] rst_ni -> _59407_/D : -75.696976
[setup in-reg] rst_ni -> _59409_/D : -75.696976
[setup in-reg] rst_ni -> _59410_/D : -75.696976
[setup in-reg] rst_ni -> _59411_/D : -75.696976
[setup in-reg] rst_ni -> _58928_/D : -75.694725
[setup in-reg] rst_ni -> _59024_/D : -75.694725
[setup in-reg] rst_ni -> _59056_/D : -75.694725
[setup in-reg] rst_ni -> _58958_/D : -75.694618
[setup in-reg] rst_ni -> _58959_/D : -75.694618
[setup in-reg] rst_ni -> _58961_/D : -75.694618
[setup in-reg] rst_ni -> _58962_/D : -75.694618
[setup in-reg] rst_ni -> _58963_/D : -75.694618
[setup in-reg] rst_ni -> _58990_/D : -75.694618
[setup in-reg] rst_ni -> _58991_/D : -75.694618
[setup in-reg] rst_ni -> _58993_/D : -75.694618
[setup in-reg] rst_ni -> _58994_/D : -75.694618
[setup in-reg] rst_ni -> _58995_/D : -75.694618
[setup in-reg] rst_ni -> _59118_/D : -75.694618
[setup in-reg] rst_ni -> _59119_/D : -75.694618
[setup in-reg] rst_ni -> _59121_/D : -75.694618
[setup in-reg] rst_ni -> _59122_/D : -75.694618
[setup in-reg] rst_ni -> _59123_/D : -75.694618
[setup in-reg] rst_ni -> _59280_/D : -75.687943
[setup in-reg] rst_ni -> _59408_/D : -75.687943
[setup in-reg] rst_ni -> _58960_/D : -75.686821
[setup in-reg] rst_ni -> _58992_/D : -75.686821
[setup in-reg] rst_ni -> _59120_/D : -75.686821
[setup in-reg] rst_ni -> _58862_/D : -75.680412
[setup in-reg] rst_ni -> _58863_/D : -75.680412
[setup in-reg] rst_ni -> _58865_/D : -75.680412
[setup in-reg] rst_ni -> _58866_/D : -75.680412
[setup in-reg] rst_ni -> _58867_/D : -75.680412
[setup in-reg] rst_ni -> _59516_/D : -75.650116
[setup in-reg] rst_ni -> _59517_/D : -75.650116
[setup in-reg] rst_ni -> _59580_/D : -75.650131
[setup in-reg] rst_ni -> _59581_/D : -75.650131
[setup in-reg] rst_ni -> _59612_/D : -75.650131
[setup in-reg] rst_ni -> _59613_/D : -75.650131
[setup in-reg] rst_ni -> _59708_/D : -75.650116
[setup in-reg] rst_ni -> _59709_/D : -75.650116
[setup in-reg] rst_ni -> _59484_/D : -75.649986
[setup in-reg] rst_ni -> _59485_/D : -75.649986
[setup in-reg] rst_ni -> _59548_/D : -75.649887
[setup in-reg] rst_ni -> _59549_/D : -75.649887
[setup in-reg] rst_ni -> _59644_/D : -75.649887
[setup in-reg] rst_ni -> _59645_/D : -75.649887
[setup in-reg] rst_ni -> _59676_/D : -75.649887
[setup in-reg] rst_ni -> _59677_/D : -75.649887
[setup in-reg] rst_ni -> _59740_/D : -75.649887
[setup in-reg] rst_ni -> _59741_/D : -75.649887
[setup in-reg] rst_ni -> _59772_/D : -75.649887
[setup in-reg] rst_ni -> _59773_/D : -75.649887
[setup in-reg] rst_ni -> _58850_/D : -75.627113
[setup in-reg] rst_ni -> _58851_/D : -75.627113
[setup in-reg] rst_ni -> _58910_/D : -75.624611
[setup in-reg] rst_ni -> _58911_/D : -75.624611
[setup in-reg] rst_ni -> _58912_/D : -75.624611
[setup in-reg] rst_ni -> _58913_/D : -75.624611
[setup in-reg] rst_ni -> _58942_/D : -75.624611
[setup in-reg] rst_ni -> _58943_/D : -75.624611
[setup in-reg] rst_ni -> _58944_/D : -75.624611
[setup in-reg] rst_ni -> _58945_/D : -75.624611
[setup in-reg] rst_ni -> _58974_/D : -75.624611
[setup in-reg] rst_ni -> _58975_/D : -75.624611
[setup in-reg] rst_ni -> _58976_/D : -75.624611
[setup in-reg] rst_ni -> _58977_/D : -75.624611
[setup in-reg] rst_ni -> _59006_/D : -75.624611
[setup in-reg] rst_ni -> _59007_/D : -75.624611
[setup in-reg] rst_ni -> _59008_/D : -75.624611
[setup in-reg] rst_ni -> _59009_/D : -75.624611
[setup in-reg] rst_ni -> _59038_/D : -75.624611
[setup in-reg] rst_ni -> _59039_/D : -75.624611
[setup in-reg] rst_ni -> _59040_/D : -75.624611
[setup in-reg] rst_ni -> _59041_/D : -75.624611
[setup in-reg] rst_ni -> _59102_/D : -75.624611
[setup in-reg] rst_ni -> _59103_/D : -75.624611
[setup in-reg] rst_ni -> _59104_/D : -75.624611
[setup in-reg] rst_ni -> _59105_/D : -75.624611
[setup in-reg] rst_ni -> _58914_/D : -75.616989
[setup in-reg] rst_ni -> _58915_/D : -75.616989
[setup in-reg] rst_ni -> _58946_/D : -75.616989
[setup in-reg] rst_ni -> _58947_/D : -75.616989
[setup in-reg] rst_ni -> _58978_/D : -75.616989
[setup in-reg] rst_ni -> _58979_/D : -75.616989
[setup in-reg] rst_ni -> _59010_/D : -75.616989
[setup in-reg] rst_ni -> _59011_/D : -75.616989
[setup in-reg] rst_ni -> _59042_/D : -75.616989
[setup in-reg] rst_ni -> _59043_/D : -75.616989
[setup in-reg] rst_ni -> _59106_/D : -75.616989
[setup in-reg] rst_ni -> _59107_/D : -75.616989
[setup in-reg] rst_ni -> _58846_/D : -75.611572
[setup in-reg] rst_ni -> _58847_/D : -75.611572
[setup in-reg] rst_ni -> _58848_/D : -75.611572
[setup in-reg] rst_ni -> _58849_/D : -75.611572
[setup in-reg] rst_ni -> _59164_/D : -75.564896
[setup in-reg] rst_ni -> _59165_/D : -75.564896
[setup in-reg] rst_ni -> _59196_/D : -75.564896
[setup in-reg] rst_ni -> _59197_/D : -75.564896
[setup in-reg] rst_ni -> _59292_/D : -75.564911
[setup in-reg] rst_ni -> _59293_/D : -75.564911
[setup in-reg] rst_ni -> _59324_/D : -75.564911
[setup in-reg] rst_ni -> _59325_/D : -75.564911
[setup in-reg] rst_ni -> _59420_/D : -75.564911
[setup in-reg] rst_ni -> _59421_/D : -75.564911
[setup in-reg] rst_ni -> _59452_/D : -75.564911
[setup in-reg] rst_ni -> _59453_/D : -75.564911
[setup in-reg] rst_ni -> _59228_/D : -75.564766
[setup in-reg] rst_ni -> _59229_/D : -75.564766
[setup in-reg] rst_ni -> _59356_/D : -75.564766
[setup in-reg] rst_ni -> _59357_/D : -75.564766
[setup in-reg] rst_ni -> _59534_/D : -75.522285
[setup in-reg] rst_ni -> _59535_/D : -75.522285
[setup in-reg] rst_ni -> _59537_/D : -75.522285
[setup in-reg] rst_ni -> _59538_/D : -75.522285
[setup in-reg] rst_ni -> _59539_/D : -75.522285
[setup in-reg] rst_ni -> _59598_/D : -75.522293
[setup in-reg] rst_ni -> _59599_/D : -75.522293
[setup in-reg] rst_ni -> _59601_/D : -75.522293
[setup in-reg] rst_ni -> _59602_/D : -75.522293
[setup in-reg] rst_ni -> _59603_/D : -75.522293
[setup in-reg] rst_ni -> _59630_/D : -75.522293
[setup in-reg] rst_ni -> _59631_/D : -75.522293
[setup in-reg] rst_ni -> _59633_/D : -75.522293
[setup in-reg] rst_ni -> _59634_/D : -75.522293
[setup in-reg] rst_ni -> _59635_/D : -75.522293
[setup in-reg] rst_ni -> _59726_/D : -75.522285
[setup in-reg] rst_ni -> _59727_/D : -75.522285
[setup in-reg] rst_ni -> _59729_/D : -75.522285
[setup in-reg] rst_ni -> _59730_/D : -75.522285
[setup in-reg] rst_ni -> _59731_/D : -75.522285
[setup in-reg] rst_ni -> _59502_/D : -75.522156
[setup in-reg] rst_ni -> _59503_/D : -75.522156
[setup in-reg] rst_ni -> _59505_/D : -75.522156
[setup in-reg] rst_ni -> _59506_/D : -75.522156
[setup in-reg] rst_ni -> _59507_/D : -75.522156
[setup in-reg] rst_ni -> _59536_/D : -75.512054
[setup in-reg] rst_ni -> _59600_/D : -75.512070
[setup in-reg] rst_ni -> _59632_/D : -75.512070
[setup in-reg] rst_ni -> _59728_/D : -75.512054
[setup in-reg] rst_ni -> _59504_/D : -75.511932
[setup in-reg] rst_ni -> _59846_/D : -75.444168
[setup in-reg] rst_ni -> _58894_/D : -75.438553
[setup in-reg] rst_ni -> _58895_/D : -75.438553
[setup in-reg] rst_ni -> _58897_/D : -75.438553
[setup in-reg] rst_ni -> _58898_/D : -75.438553
[setup in-reg] rst_ni -> _58899_/D : -75.438553
[setup in-reg] rst_ni -> _59150_/D : -75.438553
[setup in-reg] rst_ni -> _59151_/D : -75.438553
[setup in-reg] rst_ni -> _59153_/D : -75.438553
[setup in-reg] rst_ni -> _59154_/D : -75.438553
[setup in-reg] rst_ni -> _59155_/D : -75.438553
[setup in-reg] rst_ni -> _59086_/D : -75.438408
[setup in-reg] rst_ni -> _59087_/D : -75.438408
[setup in-reg] rst_ni -> _59089_/D : -75.438408
[setup in-reg] rst_ni -> _59090_/D : -75.438408
[setup in-reg] rst_ni -> _59091_/D : -75.438408
[setup in-reg] rst_ni -> _59847_/D : -75.430458
[setup in-reg] rst_ni -> _59848_/D : -75.430458
[setup in-reg] rst_ni -> _59849_/D : -75.430458
[setup in-reg] rst_ni -> _59850_/D : -75.430458
[setup in-reg] rst_ni -> _59851_/D : -75.430458
[setup in-reg] rst_ni -> _59862_/D : -75.430458
[setup in-reg] rst_ni -> _59863_/D : -75.430458
[setup in-reg] rst_ni -> _59864_/D : -75.430458
[setup in-reg] rst_ni -> _59865_/D : -75.430458
[setup in-reg] rst_ni -> _59866_/D : -75.430458
[setup in-reg] rst_ni -> _59867_/D : -75.430458
[setup in-reg] rst_ni -> _58896_/D : -75.428329
[setup in-reg] rst_ni -> _59152_/D : -75.428329
[setup in-reg] rst_ni -> _59088_/D : -75.428185
[setup in-reg] rst_ni -> _59262_/D : -75.380157
[setup in-reg] rst_ni -> _59263_/D : -75.380157
[setup in-reg] rst_ni -> _59264_/D : -75.380157
[setup in-reg] rst_ni -> _59265_/D : -75.380157
[setup in-reg] rst_ni -> _59390_/D : -75.380157
[setup in-reg] rst_ni -> _59391_/D : -75.380157
[setup in-reg] rst_ni -> _59392_/D : -75.380157
[setup in-reg] rst_ni -> _59393_/D : -75.380157
[setup in-reg] rst_ni -> _59266_/D : -75.372528
[setup in-reg] rst_ni -> _59267_/D : -75.372528
[setup in-reg] rst_ni -> _59394_/D : -75.372528
[setup in-reg] rst_ni -> _59395_/D : -75.372528
[setup in-reg] rst_ni -> _58878_/D : -75.342102
[setup in-reg] rst_ni -> _58879_/D : -75.342102
[setup in-reg] rst_ni -> _58880_/D : -75.342102
[setup in-reg] rst_ni -> _58881_/D : -75.342102
[setup in-reg] rst_ni -> _59134_/D : -75.342102
[setup in-reg] rst_ni -> _59135_/D : -75.342102
[setup in-reg] rst_ni -> _59136_/D : -75.342102
[setup in-reg] rst_ni -> _59137_/D : -75.342102
[setup in-reg] rst_ni -> _59070_/D : -75.341957
[setup in-reg] rst_ni -> _59071_/D : -75.341957
[setup in-reg] rst_ni -> _59072_/D : -75.341957
[setup in-reg] rst_ni -> _59073_/D : -75.341957
[setup in-reg] rst_ni -> _58882_/D : -75.331940
[setup in-reg] rst_ni -> _58883_/D : -75.331940
[setup in-reg] rst_ni -> _59138_/D : -75.331940
[setup in-reg] rst_ni -> _59139_/D : -75.331940
[setup in-reg] rst_ni -> _59074_/D : -75.331802
[setup in-reg] rst_ni -> _59075_/D : -75.331802
[setup in-reg] rst_ni -> _59822_/D : -75.287987
[setup in-reg] rst_ni -> _59823_/D : -75.287987
[setup in-reg] rst_ni -> _59825_/D : -75.287987
[setup in-reg] rst_ni -> _59826_/D : -75.287987
[setup in-reg] rst_ni -> _59827_/D : -75.287987
[setup in-reg] rst_ni -> _59824_/D : -75.287766
[setup in-reg] rst_ni -> _59182_/D : -75.278397
[setup in-reg] rst_ni -> _59183_/D : -75.278397
[setup in-reg] rst_ni -> _59185_/D : -75.278397
[setup in-reg] rst_ni -> _59186_/D : -75.278397
[setup in-reg] rst_ni -> _59187_/D : -75.278397
[setup in-reg] rst_ni -> _59214_/D : -75.278381
[setup in-reg] rst_ni -> _59215_/D : -75.278381
[setup in-reg] rst_ni -> _59217_/D : -75.278381
[setup in-reg] rst_ni -> _59218_/D : -75.278381
[setup in-reg] rst_ni -> _59219_/D : -75.278381
[setup in-reg] rst_ni -> _59310_/D : -75.278397
[setup in-reg] rst_ni -> _59311_/D : -75.278397
[setup in-reg] rst_ni -> _59313_/D : -75.278397
[setup in-reg] rst_ni -> _59314_/D : -75.278397
[setup in-reg] rst_ni -> _59315_/D : -75.278397
[setup in-reg] rst_ni -> _59342_/D : -75.278397
[setup in-reg] rst_ni -> _59343_/D : -75.278397
[setup in-reg] rst_ni -> _59345_/D : -75.278397
[setup in-reg] rst_ni -> _59346_/D : -75.278397
[setup in-reg] rst_ni -> _59347_/D : -75.278397
[setup in-reg] rst_ni -> _59438_/D : -75.278397
[setup in-reg] rst_ni -> _59439_/D : -75.278397
[setup in-reg] rst_ni -> _59441_/D : -75.278397
[setup in-reg] rst_ni -> _59442_/D : -75.278397
[setup in-reg] rst_ni -> _59443_/D : -75.278397
[setup in-reg] rst_ni -> _59470_/D : -75.278397
[setup in-reg] rst_ni -> _59471_/D : -75.278397
[setup in-reg] rst_ni -> _59473_/D : -75.278397
[setup in-reg] rst_ni -> _59474_/D : -75.278397
[setup in-reg] rst_ni -> _59475_/D : -75.278397
[setup in-reg] rst_ni -> _59246_/D : -75.278252
[setup in-reg] rst_ni -> _59247_/D : -75.278252
[setup in-reg] rst_ni -> _59249_/D : -75.278252
[setup in-reg] rst_ni -> _59250_/D : -75.278252
[setup in-reg] rst_ni -> _59251_/D : -75.278252
[setup in-reg] rst_ni -> _59374_/D : -75.278252
[setup in-reg] rst_ni -> _59375_/D : -75.278252
[setup in-reg] rst_ni -> _59377_/D : -75.278252
[setup in-reg] rst_ni -> _59378_/D : -75.278252
[setup in-reg] rst_ni -> _59379_/D : -75.278252
[setup in-reg] rst_ni -> _59184_/D : -75.268173
[setup in-reg] rst_ni -> _59216_/D : -75.268158
[setup in-reg] rst_ni -> _59312_/D : -75.268173
[setup in-reg] rst_ni -> _59344_/D : -75.268173
[setup in-reg] rst_ni -> _59440_/D : -75.268173
[setup in-reg] rst_ni -> _59472_/D : -75.268173
[setup in-reg] rst_ni -> _59248_/D : -75.268028
[setup in-reg] rst_ni -> _59376_/D : -75.268028
[setup in-reg] rst_ni -> _59804_/D : -75.208611
[setup in-reg] rst_ni -> _59805_/D : -75.208611
[setup in-reg] rst_ni -> _59852_/D : -75.203850
[setup in-reg] rst_ni -> _59853_/D : -75.203850
[setup in-reg] rst_ni -> _59518_/D : -75.179504
[setup in-reg] rst_ni -> _59519_/D : -75.179504
[setup in-reg] rst_ni -> _59520_/D : -75.179504
[setup in-reg] rst_ni -> _59521_/D : -75.179504
[setup in-reg] rst_ni -> _59582_/D : -75.179520
[setup in-reg] rst_ni -> _59583_/D : -75.179520
[setup in-reg] rst_ni -> _59584_/D : -75.179520
[setup in-reg] rst_ni -> _59585_/D : -75.179520
[setup in-reg] rst_ni -> _59614_/D : -75.179520
[setup in-reg] rst_ni -> _59615_/D : -75.179520
[setup in-reg] rst_ni -> _59616_/D : -75.179520
[setup in-reg] rst_ni -> _59617_/D : -75.179520
[setup in-reg] rst_ni -> _59710_/D : -75.179504
[setup in-reg] rst_ni -> _59711_/D : -75.179504
[setup in-reg] rst_ni -> _59712_/D : -75.179504
[setup in-reg] rst_ni -> _59713_/D : -75.179504
[setup in-reg] rst_ni -> _59486_/D : -75.179375
[setup in-reg] rst_ni -> _59487_/D : -75.179375
[setup in-reg] rst_ni -> _59488_/D : -75.179375
[setup in-reg] rst_ni -> _59489_/D : -75.179375
[setup in-reg] rst_ni -> _59550_/D : -75.179276
[setup in-reg] rst_ni -> _59551_/D : -75.179276
[setup in-reg] rst_ni -> _59552_/D : -75.179276
[setup in-reg] rst_ni -> _59553_/D : -75.179276
[setup in-reg] rst_ni -> _59646_/D : -75.179276
[setup in-reg] rst_ni -> _59647_/D : -75.179276
[setup in-reg] rst_ni -> _59648_/D : -75.179276
[setup in-reg] rst_ni -> _59649_/D : -75.179276
[setup in-reg] rst_ni -> _59678_/D : -75.179276
[setup in-reg] rst_ni -> _59679_/D : -75.179276
[setup in-reg] rst_ni -> _59680_/D : -75.179276
[setup in-reg] rst_ni -> _59681_/D : -75.179276
[setup in-reg] rst_ni -> _59742_/D : -75.179276
[setup in-reg] rst_ni -> _59743_/D : -75.179276
[setup in-reg] rst_ni -> _59744_/D : -75.179276
[setup in-reg] rst_ni -> _59745_/D : -75.179276
[setup in-reg] rst_ni -> _59774_/D : -75.179276
[setup in-reg] rst_ni -> _59775_/D : -75.179276
[setup in-reg] rst_ni -> _59776_/D : -75.179276
[setup in-reg] rst_ni -> _59777_/D : -75.179276
[setup in-reg] rst_ni -> _59522_/D : -75.169441
[setup in-reg] rst_ni -> _59523_/D : -75.169441
[setup in-reg] rst_ni -> _59586_/D : -75.169456
[setup in-reg] rst_ni -> _59587_/D : -75.169456
[setup in-reg] rst_ni -> _59618_/D : -75.169456
[setup in-reg] rst_ni -> _59619_/D : -75.169456
[setup in-reg] rst_ni -> _59714_/D : -75.169441
[setup in-reg] rst_ni -> _59715_/D : -75.169441
[setup in-reg] rst_ni -> _59490_/D : -75.169312
[setup in-reg] rst_ni -> _59491_/D : -75.169312
[setup in-reg] rst_ni -> _59554_/D : -75.169212
[setup in-reg] rst_ni -> _59555_/D : -75.169212
[setup in-reg] rst_ni -> _59650_/D : -75.169212
[setup in-reg] rst_ni -> _59651_/D : -75.169212
[setup in-reg] rst_ni -> _59682_/D : -75.169212
[setup in-reg] rst_ni -> _59683_/D : -75.169212
[setup in-reg] rst_ni -> _59746_/D : -75.169212
[setup in-reg] rst_ni -> _59747_/D : -75.169212
[setup in-reg] rst_ni -> _59778_/D : -75.169212
[setup in-reg] rst_ni -> _59779_/D : -75.169212
[setup in-reg] rst_ni -> _59166_/D : -75.094292
[setup in-reg] rst_ni -> _59167_/D : -75.094292
[setup in-reg] rst_ni -> _59168_/D : -75.094292
[setup in-reg] rst_ni -> _59169_/D : -75.094292
[setup in-reg] rst_ni -> _59198_/D : -75.094276
[setup in-reg] rst_ni -> _59199_/D : -75.094276
[setup in-reg] rst_ni -> _59200_/D : -75.094276
[setup in-reg] rst_ni -> _59201_/D : -75.094276
[setup in-reg] rst_ni -> _59294_/D : -75.094292
[setup in-reg] rst_ni -> _59295_/D : -75.094292
[setup in-reg] rst_ni -> _59296_/D : -75.094292
[setup in-reg] rst_ni -> _59297_/D : -75.094292
[setup in-reg] rst_ni -> _59326_/D : -75.094292
[setup in-reg] rst_ni -> _59327_/D : -75.094292
[setup in-reg] rst_ni -> _59328_/D : -75.094292
[setup in-reg] rst_ni -> _59329_/D : -75.094292
[setup in-reg] rst_ni -> _59422_/D : -75.094292
[setup in-reg] rst_ni -> _59423_/D : -75.094292
[setup in-reg] rst_ni -> _59424_/D : -75.094292
[setup in-reg] rst_ni -> _59425_/D : -75.094292
[setup in-reg] rst_ni -> _59454_/D : -75.094292
[setup in-reg] rst_ni -> _59455_/D : -75.094292
[setup in-reg] rst_ni -> _59456_/D : -75.094292
[setup in-reg] rst_ni -> _59457_/D : -75.094292
[setup in-reg] rst_ni -> _59230_/D : -75.094154
[setup in-reg] rst_ni -> _59231_/D : -75.094154
[setup in-reg] rst_ni -> _59232_/D : -75.094154
[setup in-reg] rst_ni -> _59233_/D : -75.094154
[setup in-reg] rst_ni -> _59358_/D : -75.094154
[setup in-reg] rst_ni -> _59359_/D : -75.094154
[setup in-reg] rst_ni -> _59360_/D : -75.094154
[setup in-reg] rst_ni -> _59361_/D : -75.094154
[setup in-reg] rst_ni -> _59170_/D : -75.084122
[setup in-reg] rst_ni -> _59171_/D : -75.084122
[setup in-reg] rst_ni -> _59202_/D : -75.084106
[setup in-reg] rst_ni -> _59203_/D : -75.084106
[setup in-reg] rst_ni -> _59298_/D : -75.084122
[setup in-reg] rst_ni -> _59299_/D : -75.084122
[setup in-reg] rst_ni -> _59330_/D : -75.084122
[setup in-reg] rst_ni -> _59331_/D : -75.084122
[setup in-reg] rst_ni -> _59426_/D : -75.084122
[setup in-reg] rst_ni -> _59427_/D : -75.084122
[setup in-reg] rst_ni -> _59458_/D : -75.084122
[setup in-reg] rst_ni -> _59459_/D : -75.084122
[setup in-reg] rst_ni -> _59234_/D : -75.083977
[setup in-reg] rst_ni -> _59235_/D : -75.083977
[setup in-reg] rst_ni -> _59362_/D : -75.083977
[setup in-reg] rst_ni -> _59363_/D : -75.083977
[setup in-reg] rst_ni -> _59856_/D : -74.773026
[setup in-reg] rst_ni -> _59854_/D : -74.758911
[setup in-reg] rst_ni -> _59855_/D : -74.758911
[setup in-reg] rst_ni -> _59857_/D : -74.758911
[setup in-reg] rst_ni -> _59858_/D : -74.758911
[setup in-reg] rst_ni -> _59859_/D : -74.758911
[setup in-reg] rst_ni -> _59806_/D : -74.732796
[setup in-reg] rst_ni -> _59807_/D : -74.732796
[setup in-reg] rst_ni -> _59808_/D : -74.732796
[setup in-reg] rst_ni -> _59809_/D : -74.732796
[setup in-reg] rst_ni -> _59810_/D : -74.732231
[setup in-reg] rst_ni -> _59811_/D : -74.732231
[setup in-reg] rst_ni -> _59836_/D : -74.648247
[setup in-reg] rst_ni -> _59837_/D : -74.648239
[setup in-reg] rst_ni -> _59842_/D : -74.217461
[setup in-reg] rst_ni -> _59843_/D : -74.217461
[setup in-reg] rst_ni -> _59838_/D : -74.202980
[setup in-reg] rst_ni -> _59839_/D : -74.202980
[setup in-reg] rst_ni -> _59840_/D : -74.202980
[setup in-reg] rst_ni -> _59841_/D : -74.202980
[setup in-reg] rst_ni -> _61287_/D : -72.881660
[setup in-reg] rst_ni -> _61288_/D : -72.881660
[setup in-reg] rst_ni -> _61289_/D : -72.881660
[setup in-reg] rst_ni -> _61290_/D : -72.881660
[setup in-reg] rst_ni -> _61291_/D : -72.881660
[setup in-reg] rst_ni -> _61292_/D : -72.881660
[setup in-reg] rst_ni -> _61293_/D : -72.881660
[setup in-reg] rst_ni -> _61294_/D : -72.881660
[setup in-reg] rst_ni -> _61295_/D : -72.881660
[setup in-reg] rst_ni -> _61296_/D : -72.881660
[setup in-reg] rst_ni -> _61297_/D : -72.881660
[setup in-reg] rst_ni -> _61298_/D : -72.881660
[setup in-reg] rst_ni -> _61299_/D : -72.881660
[setup in-reg] rst_ni -> _61300_/D : -72.881660
[setup in-reg] rst_ni -> _61301_/D : -72.881660
[setup in-reg] rst_ni -> _61302_/D : -72.881660
[setup in-reg] rst_ni -> _61303_/D : -72.881660
[setup in-reg] rst_ni -> _61304_/D : -72.881660
[setup in-reg] rst_ni -> _61305_/D : -72.881660
[setup in-reg] rst_ni -> _61306_/D : -72.881660
[setup in-reg] rst_ni -> _61307_/D : -72.881660
[setup in-reg] rst_ni -> _61308_/D : -72.881660
[setup in-reg] rst_ni -> _61309_/D : -72.881660
[setup in-reg] rst_ni -> _61310_/D : -72.881660
[setup in-reg] rst_ni -> _61311_/D : -72.881660
[setup in-reg] rst_ni -> _61312_/D : -72.881660
[setup in-reg] rst_ni -> _61313_/D : -72.881660
[setup in-reg] rst_ni -> _61314_/D : -72.881660
[setup in-reg] rst_ni -> _61315_/D : -72.881660
[setup in-reg] rst_ni -> _61316_/D : -72.881660
[setup in-reg] rst_ni -> _61317_/D : -69.174919
[setup in-reg] rst_ni -> _61318_/D : -69.174919
[setup in-reg] rst_ni -> _56508_/D : -59.003689
[setup in-reg] rst_ni -> _56509_/D : -59.003689
[setup in-reg] rst_ni -> _56510_/D : -59.003689
[setup in-reg] rst_ni -> _56511_/D : -59.003689
[setup in-reg] rst_ni -> _56512_/D : -59.003689
[setup in-reg] rst_ni -> _56513_/D : -59.003689
[setup in-reg] rst_ni -> _56514_/D : -59.003689
[setup in-reg] rst_ni -> _56515_/D : -59.003689
[setup in-reg] rst_ni -> _56516_/D : -58.802109
[setup in-reg] rst_ni -> _56517_/D : -58.802109
[setup in-reg] rst_ni -> _56518_/D : -58.802109
[setup in-reg] rst_ni -> _56519_/D : -58.802109
[setup in-reg] rst_ni -> _56520_/D : -58.802109
[setup in-reg] rst_ni -> _56521_/D : -58.802109
[setup in-reg] rst_ni -> _56522_/D : -58.802109
[setup in-reg] rst_ni -> _56523_/D : -58.802109
[setup in-reg] rst_ni -> _56524_/D : -58.802109
[setup in-reg] rst_ni -> _56525_/D : -58.802109
[setup in-reg] rst_ni -> _56526_/D : -58.802109
[setup in-reg] rst_ni -> _56527_/D : -58.802109
[setup in-reg] rst_ni -> _56528_/D : -58.802109
[setup in-reg] rst_ni -> _56529_/D : -58.802109
[setup in-reg] rst_ni -> _56530_/D : -58.802109
[setup in-reg] rst_ni -> _56531_/D : -58.802109
[setup in-reg] rst_ni -> _56532_/D : -58.802109
[setup in-reg] rst_ni -> _56533_/D : -58.802109
[setup in-reg] rst_ni -> _56534_/D : -58.802109
[setup in-reg] rst_ni -> _56535_/D : -58.802109
[setup in-reg] rst_ni -> _56538_/D : -58.649529
[setup in-reg] rst_ni -> _56539_/D : -58.649529
[setup in-reg] rst_ni -> _56536_/D : -57.250652
[setup in-reg] rst_ni -> _56537_/D : -57.250652
[setup in-reg] rst_ni -> _56609_/D : -53.299290
[setup in-reg] rst_ni -> _56611_/D : -53.293583
[setup in-reg] rst_ni -> _56607_/D : -53.293522
[setup in-reg] rst_ni -> _56610_/D : -53.293358
[setup in-reg] rst_ni -> _56606_/D : -53.287418
[setup in-reg] rst_ni -> _56608_/D : -53.287403
[setup in-reg] rst_ni -> _56604_/D : -53.281803
[setup in-reg] rst_ni -> _56605_/D : -53.274330
[setup in-reg] rst_ni -> _56630_/D : -53.106022
[setup in-reg] rst_ni -> _56613_/D : -53.105000
[setup in-reg] rst_ni -> _56618_/D : -53.104969
[setup in-reg] rst_ni -> _56620_/D : -53.099266
[setup in-reg] rst_ni -> _56622_/D : -53.099236
[setup in-reg] rst_ni -> _56626_/D : -53.099236
[setup in-reg] rst_ni -> _56628_/D : -53.099224
[setup in-reg] rst_ni -> _56615_/D : -53.099159
[setup in-reg] rst_ni -> _56614_/D : -53.099094
[setup in-reg] rst_ni -> _56616_/D : -53.098923
[setup in-reg] rst_ni -> _56621_/D : -53.093182
[setup in-reg] rst_ni -> _56623_/D : -53.093140
[setup in-reg] rst_ni -> _56624_/D : -53.093140
[setup in-reg] rst_ni -> _56625_/D : -53.093140
[setup in-reg] rst_ni -> _56627_/D : -53.093140
[setup in-reg] rst_ni -> _56629_/D : -53.093140
[setup in-reg] rst_ni -> _56612_/D : -53.093082
[setup in-reg] rst_ni -> _56617_/D : -53.093025
[setup in-reg] rst_ni -> _56619_/D : -53.093025
[setup in-reg] rst_ni -> _56631_/D : -53.066288
[setup in-reg] rst_ni -> _56634_/D : -52.945496
[setup in-reg] rst_ni -> _56635_/D : -52.945496
[setup in-reg] rst_ni -> _56632_/D : -52.735062
[setup in-reg] rst_ni -> _56633_/D : -52.735062
[setup in-reg] rst_ni -> _60294_/D : -50.921673
[setup in-reg] rst_ni -> _60295_/D : -50.921673
[setup in-reg] rst_ni -> _60310_/D : -50.921673
[setup in-reg] rst_ni -> _60311_/D : -50.921673
[setup in-reg] rst_ni -> _60296_/D : -50.628510
[setup in-reg] rst_ni -> _60297_/D : -50.628510
[setup in-reg] rst_ni -> _60298_/D : -50.628525
[setup in-reg] rst_ni -> _60299_/D : -50.628525
[setup in-reg] rst_ni -> _60312_/D : -50.628510
[setup in-reg] rst_ni -> _60313_/D : -50.628510
[setup in-reg] rst_ni -> _60314_/D : -50.628525
[setup in-reg] rst_ni -> _60315_/D : -50.628525
[setup in-reg] rst_ni -> _60300_/D : -50.625496
[setup in-reg] rst_ni -> _60316_/D : -50.625496
[setup in-reg] rst_ni -> _60301_/D : -50.624493
[setup in-reg] rst_ni -> _60317_/D : -50.624493
[setup in-reg] rst_ni -> _60337_/D : -48.469112
[setup in-reg] rst_ni -> _60338_/D : -48.469112
[setup in-reg] rst_ni -> _60339_/D : -48.469112
[setup in-reg] rst_ni -> _60340_/D : -48.469112
[setup in-reg] rst_ni -> _60341_/D : -48.469112
[setup in-reg] rst_ni -> _60342_/D : -48.469112
[setup in-reg] rst_ni -> _60343_/D : -48.469112
[setup in-reg] rst_ni -> _60344_/D : -48.469112
[setup in-reg] rst_ni -> _60345_/D : -48.469112
[setup in-reg] rst_ni -> _60346_/D : -48.469112
[setup in-reg] rst_ni -> _60347_/D : -48.469112
[setup in-reg] rst_ni -> _60348_/D : -48.469112
[setup in-reg] rst_ni -> _60349_/D : -48.469112
[setup in-reg] rst_ni -> _60350_/D : -48.469112
[setup in-reg] rst_ni -> _60351_/D : -48.469112
[setup in-reg] rst_ni -> _60352_/D : -48.469112
[setup in-reg] rst_ni -> _60354_/D : -48.469112
[setup in-reg] rst_ni -> _60355_/D : -48.469112
[setup in-reg] rst_ni -> _60356_/D : -48.469112
[setup in-reg] rst_ni -> _60357_/D : -48.469112
[setup in-reg] rst_ni -> _60362_/D : -48.371136
[setup in-reg] rst_ni -> _60363_/D : -48.365173
[setup in-reg] rst_ni -> _60364_/D : -48.365173
[setup in-reg] rst_ni -> _60365_/D : -48.365173
[setup in-reg] rst_ni -> _60366_/D : -48.365173
[setup in-reg] rst_ni -> _60367_/D : -48.365173
[setup in-reg] rst_ni -> _60368_/D : -48.365173
[setup in-reg] rst_ni -> _60369_/D : -48.365173
[setup in-reg] rst_ni -> _60370_/D : -48.365173
[setup in-reg] rst_ni -> _60358_/D : -48.329193
[setup in-reg] rst_ni -> _60371_/D : -48.317482
[setup in-reg] rst_ni -> _60372_/D : -48.317482
[setup in-reg] rst_ni -> _60373_/D : -48.317482
[setup in-reg] rst_ni -> _60374_/D : -48.317482
[setup in-reg] rst_ni -> _60375_/D : -48.317482
[setup in-reg] rst_ni -> _60376_/D : -48.317482
[setup in-reg] rst_ni -> _60377_/D : -48.317482
[setup in-reg] rst_ni -> _60378_/D : -48.317482
[setup in-reg] rst_ni -> _60379_/D : -48.317482
[setup in-reg] rst_ni -> _60380_/D : -48.317482
[setup in-reg] rst_ni -> _60302_/D : -48.272854
[setup in-reg] rst_ni -> _60303_/D : -48.272854
[setup in-reg] rst_ni -> _60304_/D : -47.979420
[setup in-reg] rst_ni -> _60305_/D : -47.979420
[setup in-reg] rst_ni -> _60306_/D : -47.979435
[setup in-reg] rst_ni -> _60307_/D : -47.979435
[setup in-reg] rst_ni -> _60308_/D : -47.976410
[setup in-reg] rst_ni -> _60309_/D : -47.975491
[setup in-reg] rst_ni -> _60353_/D : -47.792568
[setup in-reg] rst_ni -> _60386_/D : -47.688965
[setup in-reg] rst_ni -> _60387_/D : -47.688965
[setup in-reg] rst_ni -> _60388_/D : -47.688965
[setup in-reg] rst_ni -> _60389_/D : -47.688965
[setup in-reg] rst_ni -> _60390_/D : -47.688965
[setup in-reg] rst_ni -> _60391_/D : -47.688965
[setup in-reg] rst_ni -> _60392_/D : -47.688965
[setup in-reg] rst_ni -> _60393_/D : -47.688965
[setup in-reg] rst_ni -> _60383_/D : -47.533840
[setup in-reg] rst_ni -> _60384_/D : -47.533840
[setup in-reg] rst_ni -> _60385_/D : -47.533840
[setup in-reg] rst_ni -> _60381_/D : -47.533165
[setup in-reg] rst_ni -> _60382_/D : -47.533165
[setup in-reg] rst_ni -> _60359_/D : -47.369106
[setup in-reg] rst_ni -> _60361_/D : -46.774731
[setup in-reg] rst_ni -> _61971_/D : -46.335011
[setup in-reg] rst_ni -> _56463_/D : -46.233597
[setup in-reg] rst_ni -> _56464_/D : -46.233597
[setup in-reg] rst_ni -> _56465_/D : -46.233589
[setup in-reg] rst_ni -> _56462_/D : -46.233490
[setup in-reg] rst_ni -> _56466_/D : -46.233490
[setup in-reg] rst_ni -> _56467_/D : -46.233524
[setup in-reg] rst_ni -> _56468_/D : -46.233482
[setup in-reg] rst_ni -> _56469_/D : -46.233482
[setup in-reg] rst_ni -> _56470_/D : -46.233482
[setup in-reg] rst_ni -> _56471_/D : -46.233482
[setup in-reg] rst_ni -> _56580_/D : -46.198559
[setup in-reg] rst_ni -> _56581_/D : -46.198559
[setup in-reg] rst_ni -> _56582_/D : -46.198559
[setup in-reg] rst_ni -> _56583_/D : -46.198559
[setup in-reg] rst_ni -> _56584_/D : -46.198559
[setup in-reg] rst_ni -> _56585_/D : -46.198559
[setup in-reg] rst_ni -> _56586_/D : -46.198559
[setup in-reg] rst_ni -> _56587_/D : -46.198559
[setup in-reg] rst_ni -> _56588_/D : -46.198559
[setup in-reg] rst_ni -> _56589_/D : -46.198559
[setup in-reg] rst_ni -> _56590_/D : -46.198559
[setup in-reg] rst_ni -> _56591_/D : -46.198559
[setup in-reg] rst_ni -> _56592_/D : -46.198559
[setup in-reg] rst_ni -> _56593_/D : -46.198559
[setup in-reg] rst_ni -> _56594_/D : -46.198559
[setup in-reg] rst_ni -> _56595_/D : -46.198559
[setup in-reg] rst_ni -> _56596_/D : -46.198559
[setup in-reg] rst_ni -> _56597_/D : -46.198559
[setup in-reg] rst_ni -> _56598_/D : -46.198559
[setup in-reg] rst_ni -> _56599_/D : -46.198559
[setup in-reg] rst_ni -> _56644_/D : -46.198559
[setup in-reg] rst_ni -> _56645_/D : -46.198559
[setup in-reg] rst_ni -> _56646_/D : -46.198559
[setup in-reg] rst_ni -> _56647_/D : -46.198559
[setup in-reg] rst_ni -> _56648_/D : -46.198559
[setup in-reg] rst_ni -> _56649_/D : -46.198559
[setup in-reg] rst_ni -> _56650_/D : -46.198559
[setup in-reg] rst_ni -> _56651_/D : -46.198559
[setup in-reg] rst_ni -> _56652_/D : -46.198559
[setup in-reg] rst_ni -> _56653_/D : -46.198559
[setup in-reg] rst_ni -> _56654_/D : -46.198559
[setup in-reg] rst_ni -> _56655_/D : -46.198559
[setup in-reg] rst_ni -> _56656_/D : -46.198559
[setup in-reg] rst_ni -> _56657_/D : -46.198559
[setup in-reg] rst_ni -> _56658_/D : -46.198559
[setup in-reg] rst_ni -> _56659_/D : -46.198559
[setup in-reg] rst_ni -> _56660_/D : -46.198559
[setup in-reg] rst_ni -> _56661_/D : -46.198559
[setup in-reg] rst_ni -> _56662_/D : -46.198559
[setup in-reg] rst_ni -> _56663_/D : -46.198559
[setup in-reg] rst_ni -> _61966_/D : -45.914795
[setup in-reg] rst_ni -> _61965_/D : -45.884712
[setup in-reg] rst_ni -> _61967_/D : -45.884712
[setup in-reg] rst_ni -> _61968_/D : -45.884712
[setup in-reg] rst_ni -> _61970_/D : -45.884712
[setup in-reg] rst_ni -> _61964_/D : -45.841930
[setup in-reg] rst_ni -> _61969_/D : -45.841930
[setup in-reg] rst_ni -> _56444_/D : -45.830322
[setup in-reg] rst_ni -> _56446_/D : -45.830269
[setup in-reg] rst_ni -> _56448_/D : -45.830158
[setup in-reg] rst_ni -> _56447_/D : -45.830086
[setup in-reg] rst_ni -> _56449_/D : -45.830044
[setup in-reg] rst_ni -> _56450_/D : -45.830002
[setup in-reg] rst_ni -> _56451_/D : -45.829960
[setup in-reg] rst_ni -> _56445_/D : -45.829781
[setup in-reg] rst_ni -> _56572_/D : -45.799519
[setup in-reg] rst_ni -> _56573_/D : -45.799519
[setup in-reg] rst_ni -> _56574_/D : -45.799477
[setup in-reg] rst_ni -> _56575_/D : -45.799477
[setup in-reg] rst_ni -> _56576_/D : -45.799519
[setup in-reg] rst_ni -> _56577_/D : -45.799519
[setup in-reg] rst_ni -> _56578_/D : -45.799477
[setup in-reg] rst_ni -> _56579_/D : -45.799519
[setup in-reg] rst_ni -> _56636_/D : -45.799488
[setup in-reg] rst_ni -> _56637_/D : -45.799488
[setup in-reg] rst_ni -> _56638_/D : -45.799477
[setup in-reg] rst_ni -> _56639_/D : -45.799477
[setup in-reg] rst_ni -> _56640_/D : -45.799488
[setup in-reg] rst_ni -> _56641_/D : -45.799488
[setup in-reg] rst_ni -> _56642_/D : -45.799477
[setup in-reg] rst_ni -> _56643_/D : -45.799461
[setup in-reg] rst_ni -> _56452_/D : -45.783398
[setup in-reg] rst_ni -> _56453_/D : -45.783398
[setup in-reg] rst_ni -> _56454_/D : -45.783398
[setup in-reg] rst_ni -> _56456_/D : -45.783398
[setup in-reg] rst_ni -> _56457_/D : -45.783398
[setup in-reg] rst_ni -> _56458_/D : -45.783398
[setup in-reg] rst_ni -> _56459_/D : -45.783398
[setup in-reg] rst_ni -> _56460_/D : -45.783398
[setup in-reg] rst_ni -> _56461_/D : -45.783398
[setup in-reg] rst_ni -> _56472_/D : -45.780113
[setup in-reg] rst_ni -> _56473_/D : -45.780113
[setup in-reg] rst_ni -> _56474_/D : -45.780113
[setup in-reg] rst_ni -> _56455_/D : -45.753475
[setup in-reg] rst_ni -> _56600_/D : -45.740429
[setup in-reg] rst_ni -> _56601_/D : -45.740429
[setup in-reg] rst_ni -> _56664_/D : -45.740429
[setup in-reg] rst_ni -> _56665_/D : -45.740429
[setup in-reg] rst_ni -> _56475_/D : -45.535160
[setup in-reg] rst_ni -> _56602_/D : -45.492237
[setup in-reg] rst_ni -> _56603_/D : -45.492237
[setup in-reg] rst_ni -> _56666_/D : -45.492237
[setup in-reg] rst_ni -> _56667_/D : -45.492237
[setup in-reg] rst_ni -> _56481_/D : -43.498959
[setup in-reg] rst_ni -> _56479_/D : -43.493340
[setup in-reg] rst_ni -> _56483_/D : -43.493374
[setup in-reg] rst_ni -> _56482_/D : -43.493160
[setup in-reg] rst_ni -> _56478_/D : -43.487320
[setup in-reg] rst_ni -> _56480_/D : -43.487297
[setup in-reg] rst_ni -> _56477_/D : -43.474464
[setup in-reg] rst_ni -> _56476_/D : -43.447521
[setup in-reg] rst_ni -> _56502_/D : -43.429382
[setup in-reg] rst_ni -> _56485_/D : -43.428345
[setup in-reg] rst_ni -> _56490_/D : -43.428329
[setup in-reg] rst_ni -> _56492_/D : -43.422733
[setup in-reg] rst_ni -> _56494_/D : -43.422688
[setup in-reg] rst_ni -> _56498_/D : -43.422703
[setup in-reg] rst_ni -> _56500_/D : -43.422688
[setup in-reg] rst_ni -> _56487_/D : -43.422630
[setup in-reg] rst_ni -> _56486_/D : -43.422562
[setup in-reg] rst_ni -> _56488_/D : -43.422382
[setup in-reg] rst_ni -> _56493_/D : -43.416748
[setup in-reg] rst_ni -> _56495_/D : -43.416733
[setup in-reg] rst_ni -> _56496_/D : -43.416721
[setup in-reg] rst_ni -> _56497_/D : -43.416721
[setup in-reg] rst_ni -> _56499_/D : -43.416733
[setup in-reg] rst_ni -> _56501_/D : -43.416721
[setup in-reg] rst_ni -> _56484_/D : -43.416649
[setup in-reg] rst_ni -> _56489_/D : -43.416592
[setup in-reg] rst_ni -> _56491_/D : -43.416607
[setup in-reg] rst_ni -> _56503_/D : -43.390366
[setup in-reg] rst_ni -> _56504_/D : -43.362476
[setup in-reg] rst_ni -> _56505_/D : -43.360950
[setup in-reg] rst_ni -> _56417_/D : -43.164577
[setup in-reg] rst_ni -> _56545_/D : -43.164391
[setup in-reg] rst_ni -> _56419_/D : -43.158978
[setup in-reg] rst_ni -> _56543_/D : -43.158913
[setup in-reg] rst_ni -> _56415_/D : -43.158730
[setup in-reg] rst_ni -> _56418_/D : -43.158752
[setup in-reg] rst_ni -> _56546_/D : -43.158752
[setup in-reg] rst_ni -> _56547_/D : -43.158794
[setup in-reg] rst_ni -> _56414_/D : -43.152924
[setup in-reg] rst_ni -> _56416_/D : -43.152916
[setup in-reg] rst_ni -> _56542_/D : -43.152924
[setup in-reg] rst_ni -> _56544_/D : -43.152733
[setup in-reg] rst_ni -> _56413_/D : -43.140083
[setup in-reg] rst_ni -> _56541_/D : -43.139900
[setup in-reg] rst_ni -> _56507_/D : -43.117577
[setup in-reg] rst_ni -> _56412_/D : -43.113113
[setup in-reg] rst_ni -> _56540_/D : -43.112926
[setup in-reg] rst_ni -> _56506_/D : -43.105793
[setup in-reg] rst_ni -> _56438_/D : -43.094772
[setup in-reg] rst_ni -> _56566_/D : -43.094772
[setup in-reg] rst_ni -> _56421_/D : -43.093765
[setup in-reg] rst_ni -> _56549_/D : -43.093765
[setup in-reg] rst_ni -> _56554_/D : -43.093735
[setup in-reg] rst_ni -> _56426_/D : -43.093552
[setup in-reg] rst_ni -> _56430_/D : -43.088108
[setup in-reg] rst_ni -> _56434_/D : -43.088108
[setup in-reg] rst_ni -> _56436_/D : -43.088093
[setup in-reg] rst_ni -> _56556_/D : -43.088139
[setup in-reg] rst_ni -> _56558_/D : -43.088108
[setup in-reg] rst_ni -> _56423_/D : -43.088036
[setup in-reg] rst_ni -> _56428_/D : -43.087952
[setup in-reg] rst_ni -> _56562_/D : -43.087925
[setup in-reg] rst_ni -> _56564_/D : -43.087910
[setup in-reg] rst_ni -> _56551_/D : -43.087852
[setup in-reg] rst_ni -> _56422_/D : -43.087780
[setup in-reg] rst_ni -> _56424_/D : -43.087803
[setup in-reg] rst_ni -> _56550_/D : -43.087780
[setup in-reg] rst_ni -> _56552_/D : -43.087803
[setup in-reg] rst_ni -> _56429_/D : -43.082169
[setup in-reg] rst_ni -> _56431_/D : -43.082127
[setup in-reg] rst_ni -> _56435_/D : -43.082127
[setup in-reg] rst_ni -> _56557_/D : -43.082169
[setup in-reg] rst_ni -> _56559_/D : -43.082127
[setup in-reg] rst_ni -> _56563_/D : -43.082127
[setup in-reg] rst_ni -> _56565_/D : -43.082127
[setup in-reg] rst_ni -> _56555_/D : -43.082012
[setup in-reg] rst_ni -> _56432_/D : -43.081940
[setup in-reg] rst_ni -> _56433_/D : -43.081940
[setup in-reg] rst_ni -> _56437_/D : -43.081940
[setup in-reg] rst_ni -> _56560_/D : -43.081940
[setup in-reg] rst_ni -> _56561_/D : -43.081940
[setup in-reg] rst_ni -> _56420_/D : -43.081882
[setup in-reg] rst_ni -> _56548_/D : -43.081882
[setup in-reg] rst_ni -> _56425_/D : -43.081829
[setup in-reg] rst_ni -> _56427_/D : -43.081829
[setup in-reg] rst_ni -> _56553_/D : -43.081829
[setup in-reg] rst_ni -> _56439_/D : -43.055771
[setup in-reg] rst_ni -> _56567_/D : -43.055771
[setup in-reg] rst_ni -> _56440_/D : -43.028038
[setup in-reg] rst_ni -> _56568_/D : -43.028038
[setup in-reg] rst_ni -> _56441_/D : -43.026512
[setup in-reg] rst_ni -> _56569_/D : -43.026512
[setup in-reg] rst_ni -> _56443_/D : -42.783707
[setup in-reg] rst_ni -> _56571_/D : -42.783707
[setup in-reg] rst_ni -> _56442_/D : -42.770569
[setup in-reg] rst_ni -> _56570_/D : -42.770569
