
===========================================================================
report_checks -unconstrained
===========================================================================
======================= max_ss_125C_4v50 Corner ===================================

Startpoint: rst_ni (input port clocked by clk_i)
Endpoint: _59897_ (recovery check against rising-edge clock clk_i)
Path Group: asynchronous
Path Type: max

Fanout         Cap        Slew       Delay        Time   Description
---------------------------------------------------------------------------------------------
                                  0.000000    0.000000   clock clk_i (rise edge)
                                  0.000000    0.000000   clock network delay (propagated)
                                 20.000000   20.000000 ^ input external delay
     1    0.007712    0.297603    0.123096   20.123096 ^ rst_ni (in)
                                                         rst_ni (net)
                      0.297603    0.000000   20.123096 ^ input3/I (gf180mcu_fd_sc_mcu7t5v0__buf_2)
     2    0.076772    1.104651    0.884436   21.007532 ^ input3/Z (gf180mcu_fd_sc_mcu7t5v0__buf_2)
                                                         net3 (net)
                      1.104758    0.006061   21.013594 ^ wire1905/I (gf180mcu_fd_sc_mcu7t5v0__buf_8)
     4    0.187136    0.691615    0.697836   21.711430 ^ wire1905/Z (gf180mcu_fd_sc_mcu7t5v0__buf_8)
                                                         net1905 (net)
                      0.697854    0.038018   21.749447 ^ fanout1825/I (gf180mcu_fd_sc_mcu7t5v0__dlyb_1)
     5    0.083737    2.365945    2.988749   24.738195 ^ fanout1825/Z (gf180mcu_fd_sc_mcu7t5v0__dlyb_1)
                                                         net1825 (net)
                      2.365956    0.002785   24.740982 ^ load_slew1826/I (gf180mcu_fd_sc_mcu7t5v0__buf_4)
     2    0.106998    0.797662    0.780544   25.521524 ^ load_slew1826/Z (gf180mcu_fd_sc_mcu7t5v0__buf_4)
                                                         net1826 (net)
                      0.798069    0.009495   25.531019 ^ fanout1802/I (gf180mcu_fd_sc_mcu7t5v0__dlyb_1)
     5    0.105484    2.954431    3.331133   28.862152 ^ fanout1802/Z (gf180mcu_fd_sc_mcu7t5v0__dlyb_1)
                                                         net1802 (net)
                      2.954431    0.002737   28.864889 ^ fanout1801/I (gf180mcu_fd_sc_mcu7t5v0__dlyb_1)
     8    0.078242    2.218540    2.878227   31.743118 ^ fanout1801/Z (gf180mcu_fd_sc_mcu7t5v0__dlyb_1)
                                                         net1801 (net)
                      2.218568    0.004370   31.747488 ^ fanout1800/I (gf180mcu_fd_sc_mcu7t5v0__dlyb_1)
     5    0.074123    2.106547    2.843830   34.591316 ^ fanout1800/Z (gf180mcu_fd_sc_mcu7t5v0__dlyb_1)
                                                         net1800 (net)
                      2.106547    0.000995   34.592312 ^ fanout1799/I (gf180mcu_fd_sc_mcu7t5v0__dlyb_1)
     8    0.079496    2.252382    2.932811   37.525124 ^ fanout1799/Z (gf180mcu_fd_sc_mcu7t5v0__dlyb_1)
                                                         net1799 (net)
                      2.252388    0.002256   37.527378 ^ fanout1798/I (gf180mcu_fd_sc_mcu7t5v0__buf_1)
    10    0.105769    2.958760    2.079851   39.607231 ^ fanout1798/Z (gf180mcu_fd_sc_mcu7t5v0__buf_1)
                                                         net1798 (net)
                      2.958801    0.006263   39.613495 ^ _59897_/RN (gf180mcu_fd_sc_mcu7t5v0__dffrnq_1)
                                             39.613495   data arrival time

                                100.000000  100.000000   clock clk_i (rise edge)
                                  0.000000  100.000000   clock source latency
     2    0.231186    1.606683    0.895241  100.895241 ^ clk_i (in)
                                                         clk_i (net)
                      1.607405    0.000000  100.895241 ^ delaybuf_1_clk_i/I (gf180mcu_fd_sc_mcu7t5v0__clkbuf_16)
     1    0.052955    0.244971    0.683528  101.578766 ^ delaybuf_1_clk_i/Z (gf180mcu_fd_sc_mcu7t5v0__clkbuf_16)
                                                         delaynet_1_clk_i (net)
                      0.244989    0.003851  101.582619 ^ delaybuf_2_clk_i/I (gf180mcu_fd_sc_mcu7t5v0__clkbuf_16)
     1    0.054303    0.210999    0.457824  102.040443 ^ delaybuf_2_clk_i/Z (gf180mcu_fd_sc_mcu7t5v0__clkbuf_16)
                                                         delaynet_2_clk_i (net)
                      0.211035    0.004668  102.045113 ^ delaybuf_3_clk_i/I (gf180mcu_fd_sc_mcu7t5v0__clkbuf_16)
     1    0.052329    0.207971    0.448338  102.493446 ^ delaybuf_3_clk_i/Z (gf180mcu_fd_sc_mcu7t5v0__clkbuf_16)
                                                         delaynet_3_clk_i (net)
                      0.207992    0.003659  102.497108 ^ clkbuf_regs_0_clk_i/I (gf180mcu_fd_sc_mcu7t5v0__clkbuf_16)
     1    0.025849    0.167322    0.416520  102.913628 ^ clkbuf_regs_0_clk_i/Z (gf180mcu_fd_sc_mcu7t5v0__clkbuf_16)
                                                         clk_i_regs (net)
                      0.167323    0.000625  102.914253 ^ clkbuf_0_clk_i_regs/I (gf180mcu_fd_sc_mcu7t5v0__clkbuf_16)
     8    0.253606    0.515455    0.646978  103.561234 ^ clkbuf_0_clk_i_regs/Z (gf180mcu_fd_sc_mcu7t5v0__clkbuf_16)
                                                         clknet_0_clk_i_regs (net)
                      0.515559    0.007979  103.569206 ^ clkbuf_3_6_0_clk_i_regs/I (gf180mcu_fd_sc_mcu7t5v0__clkbuf_8)
     4    0.186187    0.705911    0.833779  104.402992 ^ clkbuf_3_6_0_clk_i_regs/Z (gf180mcu_fd_sc_mcu7t5v0__clkbuf_8)
                                                         clknet_3_6_0_clk_i_regs (net)
                      0.706060    0.005414  104.408401 ^ clkbuf_5_27__f_clk_i_regs/I (gf180mcu_fd_sc_mcu7t5v0__clkbuf_16)
     5    0.111341    0.302663    0.624638  105.033043 ^ clkbuf_5_27__f_clk_i_regs/Z (gf180mcu_fd_sc_mcu7t5v0__clkbuf_16)
                                                         clknet_5_27__leaf_clk_i_regs (net)
                      0.302672    0.003091  105.036133 ^ clkbuf_leaf_121_clk_i_regs/I (gf180mcu_fd_sc_mcu7t5v0__clkbuf_8)
    10    0.057299    0.296377    0.529646  105.565781 ^ clkbuf_leaf_121_clk_i_regs/Z (gf180mcu_fd_sc_mcu7t5v0__clkbuf_8)
                                                         clknet_leaf_121_clk_i_regs (net)
                      0.296378    0.001165  105.566940 ^ _59897_/CLK (gf180mcu_fd_sc_mcu7t5v0__dffrnq_1)
                                 -0.250000  105.316948   clock uncertainty
                                  0.000000  105.316948   clock reconvergence pessimism
                                 -0.241607  105.075340   library recovery time
                                            105.075340   data required time
---------------------------------------------------------------------------------------------
                                            105.075340   data required time
                                            -39.613495   data arrival time
---------------------------------------------------------------------------------------------
                                             65.461853   slack (MET)


Startpoint: _61322_ (falling edge-triggered flip-flop clocked by clk_i)
Endpoint: spi_flash_sd_io[2] (output port clocked by clk_i)
Path Group: clk_i
Path Type: max

Fanout         Cap        Slew       Delay        Time   Description
---------------------------------------------------------------------------------------------
                                 50.000000   50.000000   clock clk_i (fall edge)
                                  0.000000   50.000000   clock source latency
     2    0.231186    0.933989    0.545896   50.545895 v clk_i (in)
                                                         clk_i (net)
                      0.935139    0.000000   50.545895 v delaybuf_1_clk_i/I (gf180mcu_fd_sc_mcu7t5v0__clkbuf_16)
     1    0.052955    0.221617    0.651966   51.197861 v delaybuf_1_clk_i/Z (gf180mcu_fd_sc_mcu7t5v0__clkbuf_16)
                                                         delaynet_1_clk_i (net)
                      0.221639    0.003848   51.201706 v delaybuf_2_clk_i/I (gf180mcu_fd_sc_mcu7t5v0__clkbuf_16)
     1    0.054303    0.206806    0.453792   51.655499 v delaybuf_2_clk_i/Z (gf180mcu_fd_sc_mcu7t5v0__clkbuf_16)
                                                         delaynet_2_clk_i (net)
                      0.206845    0.004668   51.660168 v delaybuf_3_clk_i/I (gf180mcu_fd_sc_mcu7t5v0__clkbuf_16)
     1    0.052329    0.203911    0.447223   52.107391 v delaybuf_3_clk_i/Z (gf180mcu_fd_sc_mcu7t5v0__clkbuf_16)
                                                         delaynet_3_clk_i (net)
                      0.203934    0.003659   52.111050 v clkbuf_regs_0_clk_i/I (gf180mcu_fd_sc_mcu7t5v0__clkbuf_16)
     1    0.025849    0.162799    0.412786   52.523834 v clkbuf_regs_0_clk_i/Z (gf180mcu_fd_sc_mcu7t5v0__clkbuf_16)
                                                         clk_i_regs (net)
                      0.162799    0.000622   52.524456 v clkbuf_0_clk_i_regs/I (gf180mcu_fd_sc_mcu7t5v0__clkbuf_16)
     8    0.253606    0.504964    0.655543   53.180000 v clkbuf_0_clk_i_regs/Z (gf180mcu_fd_sc_mcu7t5v0__clkbuf_16)
                                                         clknet_0_clk_i_regs (net)
                      0.505163    0.004988   53.184990 v clkbuf_3_7_0_clk_i_regs/I (gf180mcu_fd_sc_mcu7t5v0__clkbuf_8)
     4    0.148263    0.621109    0.837943   54.022930 v clkbuf_3_7_0_clk_i_regs/Z (gf180mcu_fd_sc_mcu7t5v0__clkbuf_8)
                                                         clknet_3_7_0_clk_i_regs (net)
                      0.621127    0.001855   54.024788 v clkbuf_5_28__f_clk_i_regs/I (gf180mcu_fd_sc_mcu7t5v0__clkbuf_16)
     5    0.100533    0.282139    0.632944   54.657730 v clkbuf_5_28__f_clk_i_regs/Z (gf180mcu_fd_sc_mcu7t5v0__clkbuf_16)
                                                         clknet_5_28__leaf_clk_i_regs (net)
                      0.282142    0.001968   54.659698 v clkbuf_leaf_80_clk_i_regs/I (gf180mcu_fd_sc_mcu7t5v0__clkbuf_8)
    10    0.063935    0.340984    0.576961   55.236660 v clkbuf_leaf_80_clk_i_regs/Z (gf180mcu_fd_sc_mcu7t5v0__clkbuf_8)
                                                         clknet_leaf_80_clk_i_regs (net)
                      0.340984    0.000835   55.237495 v _61322_/CLKN (gf180mcu_fd_sc_mcu7t5v0__dffnq_1)
     1    0.005938    0.294876    1.464915   56.702408 ^ _61322_/Q (gf180mcu_fd_sc_mcu7t5v0__dffnq_1)
                                                         i_core_v_mini_mcu.ao_peripheral_subsystem_i.spi_subsystem_i.obi_spimemio_i.spimemio_i.xfer_io2_90 (net)
                      0.294876    0.000171   56.702579 ^ _33455_/A2 (gf180mcu_fd_sc_mcu7t5v0__nor2_1)
     1    0.007942    0.584759    0.284526   56.987106 v _33455_/ZN (gf180mcu_fd_sc_mcu7t5v0__nor2_1)
                                                         _10485_ (net)
                      0.584759    0.000174   56.987282 v _33457_/A2 (gf180mcu_fd_sc_mcu7t5v0__oai21_1)
     1    0.013573    0.999555    0.730413   57.717693 ^ _33457_/ZN (gf180mcu_fd_sc_mcu7t5v0__oai21_1)
                                                         i_core_v_mini_mcu.ao_peripheral_subsystem_i.spi_subsystem_i.obi_spimemio_i.flash_io2_do_o (net)
                      0.999555    0.000323   57.718018 ^ gen_flash_sd[2].u_pad_drv/I (gf180mcu_fd_sc_mcu7t5v0__bufz_4)
     2    0.158115    1.138572    1.158732   58.876747 ^ gen_flash_sd[2].u_pad_drv/Z (gf180mcu_fd_sc_mcu7t5v0__bufz_4)
                                                         spi_flash_sd_io[2] (net)
                      1.138964    0.011916   58.888664 ^ spi_flash_sd_io[2] (inout)
                                             58.888664   data arrival time

                                100.000000  100.000000   clock clk_i (rise edge)
                                  0.000000  100.000000   clock network delay (propagated)
                                 -0.250000   99.750000   clock uncertainty
                                  0.000000   99.750000   clock reconvergence pessimism
                                -20.000000   79.750000   output external delay
                                             79.750000   data required time
---------------------------------------------------------------------------------------------
                                             79.750000   data required time
                                            -58.888664   data arrival time
---------------------------------------------------------------------------------------------
                                             20.861332   slack (MET)




===========================================================================
report_checks --slack_max -0.01
============================================================================
======================= max_ss_125C_4v50 Corner ===================================

No paths found.


===========================================================================
 report_check_types -max_slew -max_cap -max_fanout -violators
============================================================================
======================= max_ss_125C_4v50 Corner ===================================

max slew

Pin                                        Limit        Slew       Slack
------------------------------------------------------------------------
_37816_/ZN                              3.000000    4.843568   -1.843568 (VIOLATED)
_40499_/A1                              3.000000    4.843568   -1.843568 (VIOLATED)
max_cap795/I                            3.000000    4.843568   -1.843568 (VIOLATED)
wire2002/I                              3.000000    4.843568   -1.843568 (VIOLATED)
_37831_/ZN                              3.000000    4.752174   -1.752174 (VIOLATED)
_40323_/A1                              3.000000    4.752174   -1.752174 (VIOLATED)
_40516_/A1                              3.000000    4.752174   -1.752174 (VIOLATED)
load_slew2000/I                         3.000000    4.752174   -1.752174 (VIOLATED)
max_cap793/I                            3.000000    4.752174   -1.752174 (VIOLATED)
spi_flash_sd_io[0]                      3.000000    4.526381   -1.526382 (VIOLATED)
_37824_/ZN                              3.000000    4.466124   -1.466124 (VIOLATED)
_40504_/A1                              3.000000    4.466124   -1.466124 (VIOLATED)
max_cap794/I                            3.000000    4.466124   -1.466124 (VIOLATED)
wire2001/I                              3.000000    4.466124   -1.466124 (VIOLATED)
_37780_/ZN                              3.000000    4.404438   -1.404438 (VIOLATED)
_39906_/A1                              3.000000    4.404438   -1.404438 (VIOLATED)
max_cap799/I                            3.000000    4.404438   -1.404438 (VIOLATED)
wire2004/I                              3.000000    4.404438   -1.404438 (VIOLATED)
spi_flash_sd_io[2]                      3.000000    4.375408   -1.375408 (VIOLATED)
_37838_/ZN                              3.000000    4.171654   -1.171654 (VIOLATED)
_40521_/A1                              3.000000    4.171654   -1.171654 (VIOLATED)
max_cap792/I                            3.000000    4.171654   -1.171654 (VIOLATED)
wire1999/I                              3.000000    4.171654   -1.171654 (VIOLATED)
_37866_/ZN                              3.000000    4.136435   -1.136435 (VIOLATED)
_40541_/A1                              3.000000    4.136435   -1.136435 (VIOLATED)
max_cap788/I                            3.000000    4.136435   -1.136435 (VIOLATED)
wire1995/I                              3.000000    4.136435   -1.136435 (VIOLATED)
_37845_/ZN                              3.000000    4.102171   -1.102171 (VIOLATED)
_40526_/A1                              3.000000    4.102171   -1.102171 (VIOLATED)
max_cap791/I                            3.000000    4.102171   -1.102171 (VIOLATED)
wire1998/I                              3.000000    4.102171   -1.102171 (VIOLATED)
_29957_/B                               3.000000    4.080806   -1.080807 (VIOLATED)
_29956_/ZN                              3.000000    4.080737   -1.080737 (VIOLATED)
spi_flash_sd_io[1]                      3.000000    3.981927   -0.981927 (VIOLATED)
_33491_/A2                              3.000000    3.941041   -0.941041 (VIOLATED)
_47327_/A2                              3.000000    3.940982   -0.940982 (VIOLATED)
_37071_/A2                              3.000000    3.940732   -0.940732 (VIOLATED)
_33490_/ZN                              3.000000    3.940713   -0.940713 (VIOLATED)
spi_flash_sd_io[3]                      3.000000    3.904927   -0.904928 (VIOLATED)
_37859_/ZN                              3.000000    3.859002   -0.859002 (VIOLATED)
max_cap789/I                            3.000000    3.859002   -0.859002 (VIOLATED)
wire1996/I                              3.000000    3.859002   -0.859002 (VIOLATED)
_35571_/A1                              3.000000    3.849322   -0.849322 (VIOLATED)
_36252_/A2                              3.000000    3.849320   -0.849321 (VIOLATED)
_36131_/A2                              3.000000    3.849275   -0.849275 (VIOLATED)
_35396_/I                               3.000000    3.849241   -0.849241 (VIOLATED)
_35395_/Z                               3.000000    3.849185   -0.849185 (VIOLATED)
max_cap1331/I                           3.000000    3.849185   -0.849185 (VIOLATED)
_30860_/A1                              3.000000    3.844912   -0.844912 (VIOLATED)
_30351_/B2                              3.000000    3.844893   -0.844893 (VIOLATED)
_30514_/B2                              3.000000    3.844882   -0.844882 (VIOLATED)
_29786_/Z                               3.000000    3.844870   -0.844870 (VIOLATED)
_29787_/B2                              3.000000    3.844870   -0.844870 (VIOLATED)
_30028_/B2                              3.000000    3.844870   -0.844870 (VIOLATED)
_30813_/B2                              3.000000    3.844870   -0.844870 (VIOLATED)
_31187_/A1                              3.000000    3.844870   -0.844870 (VIOLATED)
_31224_/B2                              3.000000    3.844870   -0.844870 (VIOLATED)
_31271_/A1                              3.000000    3.844870   -0.844870 (VIOLATED)
_31313_/A1                              3.000000    3.844870   -0.844870 (VIOLATED)
_35903_/A2                              3.000000    3.798154   -0.798154 (VIOLATED)
_36623_/A2                              3.000000    3.798117   -0.798117 (VIOLATED)
wire1152/I                              3.000000    3.797972   -0.797972 (VIOLATED)
_35486_/Z                               3.000000    3.797955   -0.797955 (VIOLATED)
_36439_/A3                              3.000000    3.797955   -0.797955 (VIOLATED)
_37297_/A1                              3.000000    3.772105   -0.772105 (VIOLATED)
_37301_/A1                              3.000000    3.772102   -0.772102 (VIOLATED)
_37293_/A1                              3.000000    3.772101   -0.772102 (VIOLATED)
_37303_/A1                              3.000000    3.772097   -0.772097 (VIOLATED)
_37295_/A1                              3.000000    3.772094   -0.772094 (VIOLATED)
_37291_/A1                              3.000000    3.772055   -0.772055 (VIOLATED)
_37289_/A1                              3.000000    3.772034   -0.772034 (VIOLATED)
_37299_/A1                              3.000000    3.772022   -0.772022 (VIOLATED)
_37284_/A1                              3.000000    3.772003   -0.772003 (VIOLATED)
_37283_/Z                               3.000000    3.771985   -0.771985 (VIOLATED)
_37286_/A1                              3.000000    3.771985   -0.771985 (VIOLATED)
_36617_/A1                              3.000000    3.766127   -0.766127 (VIOLATED)
_36606_/A2                              3.000000    3.766114   -0.766114 (VIOLATED)
_36682_/A1                              3.000000    3.766083   -0.766083 (VIOLATED)
_35850_/B2                              3.000000    3.766030   -0.766030 (VIOLATED)
_35425_/Z                               3.000000    3.766011   -0.766011 (VIOLATED)
max_cap1163/I                           3.000000    3.766011   -0.766011 (VIOLATED)
_33068_/A2                              3.000000    3.759660   -0.759660 (VIOLATED)
_46937_/A1                              3.000000    3.759537   -0.759537 (VIOLATED)
_30356_/B2                              3.000000    3.759534   -0.759534 (VIOLATED)
_30354_/ZN                              3.000000    3.759510   -0.759510 (VIOLATED)
_37439_/A1                              3.000000    3.755014   -0.755014 (VIOLATED)
_37447_/A1                              3.000000    3.755014   -0.755014 (VIOLATED)
_37445_/A1                              3.000000    3.754984   -0.754985 (VIOLATED)
_37435_/A1                              3.000000    3.754980   -0.754981 (VIOLATED)
_37443_/A1                              3.000000    3.754981   -0.754981 (VIOLATED)
_37433_/A1                              3.000000    3.754960   -0.754960 (VIOLATED)
_37430_/A1                              3.000000    3.754911   -0.754911 (VIOLATED)
_37428_/A1                              3.000000    3.754901   -0.754901 (VIOLATED)
_37437_/A1                              3.000000    3.754858   -0.754858 (VIOLATED)
_37441_/A1                              3.000000    3.754856   -0.754856 (VIOLATED)
_37427_/Z                               3.000000    3.754835   -0.754835 (VIOLATED)
_33911_/B1                              3.000000    3.688307   -0.688307 (VIOLATED)
_33847_/B1                              3.000000    3.688278   -0.688278 (VIOLATED)
_34955_/B1                              3.000000    3.688200   -0.688200 (VIOLATED)
_33846_/Z                               3.000000    3.688174   -0.688174 (VIOLATED)
load_slew1203/I                         3.000000    3.688174   -0.688174 (VIOLATED)
_37794_/ZN                              3.000000    3.673463   -0.673463 (VIOLATED)
_39922_/A1                              3.000000    3.673463   -0.673463 (VIOLATED)
max_cap797/I                            3.000000    3.673463   -0.673463 (VIOLATED)
wire2010/I                              3.000000    3.673463   -0.673463 (VIOLATED)
_37773_/ZN                              3.000000    3.664430   -0.664430 (VIOLATED)
_39900_/A1                              3.000000    3.664430   -0.664430 (VIOLATED)
load_slew2005/I                         3.000000    3.664430   -0.664430 (VIOLATED)
max_cap800/I                            3.000000    3.664430   -0.664430 (VIOLATED)
_36247_/A2                              3.000000    3.648731   -0.648731 (VIOLATED)
_35813_/A2                              3.000000    3.648726   -0.648726 (VIOLATED)
load_slew1098/I                         3.000000    3.648715   -0.648715 (VIOLATED)
_35812_/Z                               3.000000    3.648700   -0.648700 (VIOLATED)
_35671_/A2                              3.000000    3.618884   -0.618884 (VIOLATED)
_35658_/A2                              3.000000    3.618877   -0.618878 (VIOLATED)
_35531_/Z                               3.000000    3.618672   -0.618672 (VIOLATED)
wire1137/I                              3.000000    3.618672   -0.618672 (VIOLATED)
_36425_/B1                              3.000000    3.601293   -0.601293 (VIOLATED)
_36430_/B1                              3.000000    3.601291   -0.601291 (VIOLATED)
_36108_/B1                              3.000000    3.601241   -0.601241 (VIOLATED)
_36530_/A1                              3.000000    3.601219   -0.601219 (VIOLATED)
_36492_/B1                              3.000000    3.601216   -0.601216 (VIOLATED)
_35374_/Z                               3.000000    3.601192   -0.601192 (VIOLATED)
max_cap1172/I                           3.000000    3.601192   -0.601192 (VIOLATED)
_33068_/A1                              3.000000    3.591047   -0.591047 (VIOLATED)
_33067_/ZN                              3.000000    3.591024   -0.591025 (VIOLATED)
_33103_/I                               3.000000    3.591024   -0.591025 (VIOLATED)
_42830_/A1                              3.000000    3.590062   -0.590062 (VIOLATED)
_42921_/A1                              3.000000    3.590051   -0.590051 (VIOLATED)
_42623_/A1                              3.000000    3.590043   -0.590043 (VIOLATED)
_42734_/A1                              3.000000    3.590029   -0.590029 (VIOLATED)
_42622_/Z                               3.000000    3.590012   -0.590012 (VIOLATED)
wire865/I                               3.000000    3.590012   -0.590012 (VIOLATED)
_34666_/A1                              3.000000    3.587029   -0.587029 (VIOLATED)
_34660_/A1                              3.000000    3.587004   -0.587004 (VIOLATED)
_34537_/A1                              3.000000    3.586991   -0.586991 (VIOLATED)
_34652_/A1                              3.000000    3.586986   -0.586986 (VIOLATED)
_34559_/A1                              3.000000    3.586925   -0.586925 (VIOLATED)
_33906_/Z                               3.000000    3.586914   -0.586914 (VIOLATED)
max_cap1196/I                           3.000000    3.586914   -0.586914 (VIOLATED)
_35426_/I                               3.000000    3.568234   -0.568234 (VIOLATED)
_35509_/I                               3.000000    3.568234   -0.568235 (VIOLATED)
_36541_/B1                              3.000000    3.568225   -0.568225 (VIOLATED)
_35537_/I                               3.000000    3.568224   -0.568224 (VIOLATED)
_35386_/I                               3.000000    3.568104   -0.568104 (VIOLATED)
_35358_/I                               3.000000    3.568100   -0.568100 (VIOLATED)
_36205_/A1                              3.000000    3.568100   -0.568100 (VIOLATED)
_35357_/ZN                              3.000000    3.568088   -0.568088 (VIOLATED)
_36210_/A1                              3.000000    3.568088   -0.568088 (VIOLATED)
_31202_/A1                              3.000000    3.543455   -0.543456 (VIOLATED)
_30827_/A1                              3.000000    3.543444   -0.543444 (VIOLATED)
_31235_/A1                              3.000000    3.543438   -0.543438 (VIOLATED)
_31242_/A1                              3.000000    3.543423   -0.543424 (VIOLATED)
_31205_/A1                              3.000000    3.543381   -0.543381 (VIOLATED)
_30672_/A1                              3.000000    3.543371   -0.543371 (VIOLATED)
_30575_/A1                              3.000000    3.543370   -0.543370 (VIOLATED)
_30375_/A1                              3.000000    3.543354   -0.543354 (VIOLATED)
_30382_/A1                              3.000000    3.543354   -0.543354 (VIOLATED)
_30675_/A1                              3.000000    3.543354   -0.543354 (VIOLATED)
fanout1669/Z                            3.000000    3.543354   -0.543354 (VIOLATED)
_36204_/A2                              3.000000    3.520900   -0.520900 (VIOLATED)
_35502_/A2                              3.000000    3.520885   -0.520885 (VIOLATED)
_36172_/A1                              3.000000    3.520878   -0.520878 (VIOLATED)
_35410_/Z                               3.000000    3.520860   -0.520860 (VIOLATED)
_35580_/A2                              3.000000    3.520860   -0.520860 (VIOLATED)
_36255_/A1                              3.000000    3.520860   -0.520860 (VIOLATED)
max_cap1468/I                           3.000000    3.520860   -0.520860 (VIOLATED)
_37852_/ZN                              3.000000    3.517602   -0.517602 (VIOLATED)
_40531_/A1                              3.000000    3.517602   -0.517602 (VIOLATED)
load_slew1997/I                         3.000000    3.517602   -0.517602 (VIOLATED)
max_cap790/I                            3.000000    3.517602   -0.517602 (VIOLATED)
_34728_/A1                              3.000000    3.510878   -0.510878 (VIOLATED)
wire1347/I                              3.000000    3.510877   -0.510877 (VIOLATED)
_34738_/A1                              3.000000    3.510875   -0.510875 (VIOLATED)
_34734_/A1                              3.000000    3.510864   -0.510864 (VIOLATED)
_34984_/B1                              3.000000    3.510801   -0.510801 (VIOLATED)
_33975_/Z                               3.000000    3.510788   -0.510788 (VIOLATED)
_31232_/A1                              3.000000    3.508526   -0.508526 (VIOLATED)
_31045_/B1                              3.000000    3.508522   -0.508522 (VIOLATED)
_30872_/B1                              3.000000    3.508520   -0.508521 (VIOLATED)
_31207_/B1                              3.000000    3.508499   -0.508500 (VIOLATED)
_30471_/A1                              3.000000    3.508432   -0.508432 (VIOLATED)
_30625_/B2                              3.000000    3.508424   -0.508424 (VIOLATED)
_30245_/B1                              3.000000    3.508384   -0.508384 (VIOLATED)
_30294_/A1                              3.000000    3.508362   -0.508362 (VIOLATED)
_30167_/Z                               3.000000    3.508319   -0.508319 (VIOLATED)
_30171_/B2                              3.000000    3.508319   -0.508319 (VIOLATED)
_31290_/B1                              3.000000    3.508319   -0.508319 (VIOLATED)
_34678_/A2                              3.000000    3.507160   -0.507160 (VIOLATED)
_34716_/A2                              3.000000    3.507086   -0.507086 (VIOLATED)
_34689_/A2                              3.000000    3.507001   -0.507002 (VIOLATED)
max_cap1351/I                           3.000000    3.506879   -0.506879 (VIOLATED)
_33922_/Z                               3.000000    3.506868   -0.506868 (VIOLATED)
_33080_/A1                              3.000000    3.502242   -0.502243 (VIOLATED)
_33085_/I                               3.000000    3.502240   -0.502240 (VIOLATED)
_33069_/ZN                              3.000000    3.502228   -0.502228 (VIOLATED)
_33072_/A1                              3.000000    3.502228   -0.502228 (VIOLATED)
_37132_/A1                              3.000000    3.494182   -0.494182 (VIOLATED)
_37136_/A1                              3.000000    3.494179   -0.494179 (VIOLATED)
_37139_/A1                              3.000000    3.494174   -0.494174 (VIOLATED)
_37145_/A1                              3.000000    3.494169   -0.494169 (VIOLATED)
_37142_/A1                              3.000000    3.494163   -0.494163 (VIOLATED)
_37125_/A1                              3.000000    3.494081   -0.494081 (VIOLATED)
_37129_/A1                              3.000000    3.494077   -0.494077 (VIOLATED)
_37122_/A1                              3.000000    3.494052   -0.494052 (VIOLATED)
_37119_/A1                              3.000000    3.494045   -0.494045 (VIOLATED)
_37115_/Z                               3.000000    3.494014   -0.494014 (VIOLATED)
_37116_/A1                              3.000000    3.494014   -0.494014 (VIOLATED)
_30513_/A1                              3.000000    3.490783   -0.490784 (VIOLATED)
_30611_/A1                              3.000000    3.490756   -0.490756 (VIOLATED)
_30457_/A2                              3.000000    3.490720   -0.490720 (VIOLATED)
_30153_/A1                              3.000000    3.490695   -0.490696 (VIOLATED)
_30350_/A1                              3.000000    3.490692   -0.490692 (VIOLATED)
_30026_/B2                              3.000000    3.490674   -0.490674 (VIOLATED)
_30093_/A2                              3.000000    3.490649   -0.490649 (VIOLATED)
_29949_/B2                              3.000000    3.490625   -0.490625 (VIOLATED)
_29783_/B2                              3.000000    3.490616   -0.490616 (VIOLATED)
_29873_/A1                              3.000000    3.490593   -0.490593 (VIOLATED)
_29779_/Z                               3.000000    3.490582   -0.490582 (VIOLATED)
_55792_/A2                              3.000000    3.488539   -0.488540 (VIOLATED)
_55790_/ZN                              3.000000    3.488526   -0.488527 (VIOLATED)
_41445_/A1                              3.000000    3.481414   -0.481414 (VIOLATED)
_41450_/A1                              3.000000    3.481411   -0.481411 (VIOLATED)
_41440_/A2                              3.000000    3.481400   -0.481400 (VIOLATED)
_41435_/A2                              3.000000    3.481388   -0.481388 (VIOLATED)
_41465_/A1                              3.000000    3.481351   -0.481351 (VIOLATED)
_41455_/A2                              3.000000    3.481350   -0.481350 (VIOLATED)
_41460_/A2                              3.000000    3.481348   -0.481348 (VIOLATED)
_41470_/A1                              3.000000    3.481336   -0.481336 (VIOLATED)
_41487_/A2                              3.000000    3.481333   -0.481333 (VIOLATED)
_41434_/Z                               3.000000    3.481320   -0.481321 (VIOLATED)
_41492_/A2                              3.000000    3.481320   -0.481321 (VIOLATED)
_34215_/A1                              3.000000    3.468918   -0.468918 (VIOLATED)
_34150_/A1                              3.000000    3.468917   -0.468918 (VIOLATED)
_34938_/A1                              3.000000    3.468906   -0.468906 (VIOLATED)
_34035_/B1                              3.000000    3.468891   -0.468891 (VIOLATED)
_34034_/Z                               3.000000    3.468880   -0.468880 (VIOLATED)
max_cap1343/I                           3.000000    3.468880   -0.468880 (VIOLATED)
_50790_/A2                              3.000000    3.467596   -0.467596 (VIOLATED)
load_slew1062/I                         3.000000    3.467595   -0.467595 (VIOLATED)
_51234_/A1                              3.000000    3.467589   -0.467589 (VIOLATED)
_50742_/ZN                              3.000000    3.467564   -0.467564 (VIOLATED)
_36348_/A2                              3.000000    3.465136   -0.465136 (VIOLATED)
_35406_/B                               3.000000    3.465126   -0.465126 (VIOLATED)
_35956_/A2                              3.000000    3.465105   -0.465105 (VIOLATED)
load_slew1414/I                         3.000000    3.465104   -0.465104 (VIOLATED)
_35405_/Z                               3.000000    3.465091   -0.465091 (VIOLATED)
_28641_/A2                              3.000000    3.462429   -0.462429 (VIOLATED)
_29508_/I                               3.000000    3.462429   -0.462429 (VIOLATED)
_28637_/ZN                              3.000000    3.462382   -0.462382 (VIOLATED)
_33499_/A2                              3.000000    3.459493   -0.459494 (VIOLATED)
_47336_/A2                              3.000000    3.459460   -0.459460 (VIOLATED)
_33498_/ZN                              3.000000    3.459195   -0.459195 (VIOLATED)
_37081_/A2                              3.000000    3.459195   -0.459195 (VIOLATED)
_35908_/A1                              3.000000    3.452488   -0.452488 (VIOLATED)
_35922_/A1                              3.000000    3.452480   -0.452480 (VIOLATED)
_36177_/A1                              3.000000    3.452474   -0.452474 (VIOLATED)
_36476_/A1                              3.000000    3.452323   -0.452323 (VIOLATED)
_35864_/Z                               3.000000    3.452261   -0.452261 (VIOLATED)
max_cap1097/I                           3.000000    3.452261   -0.452261 (VIOLATED)
_32277_/A1                              3.000000    3.451441   -0.451441 (VIOLATED)
_49587_/A1                              3.000000    3.451441   -0.451441 (VIOLATED)
_32276_/ZN                              3.000000    3.451426   -0.451426 (VIOLATED)
_48359_/A2                              3.000000    3.451426   -0.451426 (VIOLATED)
_37802_/ZN                              3.000000    3.450919   -0.450919 (VIOLATED)
_39928_/A1                              3.000000    3.450919   -0.450919 (VIOLATED)
wire2003/I                              3.000000    3.450919   -0.450919 (VIOLATED)
wire796/I                               3.000000    3.450919   -0.450919 (VIOLATED)
_33974_/A2                              3.000000    3.450176   -0.450176 (VIOLATED)
_34804_/A2                              3.000000    3.450168   -0.450169 (VIOLATED)
_34448_/A2                              3.000000    3.450168   -0.450168 (VIOLATED)
wire829/I                               3.000000    3.450164   -0.450164 (VIOLATED)
_33316_/A4                              3.000000    3.450159   -0.450159 (VIOLATED)
_33315_/Z                               3.000000    3.450144   -0.450144 (VIOLATED)
_39473_/A1                              3.000000    3.433630   -0.433630 (VIOLATED)
_39667_/A1                              3.000000    3.433615   -0.433615 (VIOLATED)
_39741_/A1                              3.000000    3.433589   -0.433589 (VIOLATED)
_40045_/A1                              3.000000    3.433580   -0.433581 (VIOLATED)
_37707_/ZN                              3.000000    3.433550   -0.433550 (VIOLATED)
_39853_/A1                              3.000000    3.433550   -0.433550 (VIOLATED)
max_cap717/I                            3.000000    3.433550   -0.433550 (VIOLATED)
_34216_/A2                              3.000000    3.419439   -0.419439 (VIOLATED)
_34939_/A2                              3.000000    3.419436   -0.419436 (VIOLATED)
_34130_/A2                              3.000000    3.419394   -0.419394 (VIOLATED)
_33874_/Z                               3.000000    3.419192   -0.419192 (VIOLATED)
wire1426/I                              3.000000    3.419192   -0.419192 (VIOLATED)
wire937/I                               3.000000    3.415457   -0.415457 (VIOLATED)
_28858_/I                               3.000000    3.415417   -0.415417 (VIOLATED)
_28547_/A2                              3.000000    3.415412   -0.415413 (VIOLATED)
_55973_/A1                              3.000000    3.415406   -0.415406 (VIOLATED)
_28542_/Z                               3.000000    3.415395   -0.415395 (VIOLATED)
_40663_/A1                              3.000000    3.409931   -0.409931 (VIOLATED)
_40055_/A1                              3.000000    3.409893   -0.409893 (VIOLATED)
_39483_/A1                              3.000000    3.409845   -0.409846 (VIOLATED)
_39677_/A1                              3.000000    3.409822   -0.409823 (VIOLATED)
_37722_/ZN                              3.000000    3.409626   -0.409626 (VIOLATED)
max_cap715/I                            3.000000    3.409626   -0.409626 (VIOLATED)
_42825_/A2                              3.000000    3.408922   -0.408922 (VIOLATED)
_42797_/ZN                              3.000000    3.408910   -0.408910 (VIOLATED)
_42798_/I                               3.000000    3.408910   -0.408910 (VIOLATED)
_42830_/A2                              3.000000    3.408910   -0.408910 (VIOLATED)
max_cap962/I                            3.000000    3.408910   -0.408910 (VIOLATED)
_35875_/B2                              3.000000    3.391340   -0.391341 (VIOLATED)
load_slew1317/I                         3.000000    3.391321   -0.391321 (VIOLATED)
_35803_/A1                              3.000000    3.391317   -0.391317 (VIOLATED)
_36532_/B1                              3.000000    3.391315   -0.391315 (VIOLATED)
_35471_/Z                               3.000000    3.391302   -0.391302 (VIOLATED)
_36294_/A3                              3.000000    3.388583   -0.388583 (VIOLATED)
_35612_/I                               3.000000    3.388541   -0.388541 (VIOLATED)
_35522_/A2                              3.000000    3.388513   -0.388513 (VIOLATED)
_35505_/Z                               3.000000    3.388467   -0.388467 (VIOLATED)
wire1314/I                              3.000000    3.388467   -0.388467 (VIOLATED)
_55225_/B2                              3.000000    3.387476   -0.387476 (VIOLATED)
_56027_/A1                              3.000000    3.387475   -0.387475 (VIOLATED)
_55222_/B2                              3.000000    3.387474   -0.387474 (VIOLATED)
_56041_/B2                              3.000000    3.387472   -0.387472 (VIOLATED)
_56035_/B2                              3.000000    3.387469   -0.387469 (VIOLATED)
_56031_/B2                              3.000000    3.387463   -0.387463 (VIOLATED)
_56061_/B2                              3.000000    3.387454   -0.387454 (VIOLATED)
_56059_/B2                              3.000000    3.387453   -0.387453 (VIOLATED)
_56029_/A1                              3.000000    3.387453   -0.387453 (VIOLATED)
_56045_/B2                              3.000000    3.387452   -0.387452 (VIOLATED)
_55221_/Z                               3.000000    3.387434   -0.387434 (VIOLATED)
_42962_/I                               3.000000    3.383553   -0.383553 (VIOLATED)
_43175_/I                               3.000000    3.383551   -0.383551 (VIOLATED)
_43069_/I                               3.000000    3.383542   -0.383542 (VIOLATED)
_43123_/I                               3.000000    3.383519   -0.383519 (VIOLATED)
_43017_/I                               3.000000    3.383516   -0.383516 (VIOLATED)
_43441_/I                               3.000000    3.383493   -0.383493 (VIOLATED)
_43389_/I                               3.000000    3.383483   -0.383483 (VIOLATED)
_43337_/I                               3.000000    3.383482   -0.383483 (VIOLATED)
_42961_/Z                               3.000000    3.383466   -0.383467 (VIOLATED)
_43229_/I                               3.000000    3.383466   -0.383467 (VIOLATED)
_43285_/I                               3.000000    3.383466   -0.383467 (VIOLATED)
_37419_/A1                              3.000000    3.378537   -0.378537 (VIOLATED)
_37425_/A1                              3.000000    3.378536   -0.378536 (VIOLATED)
_37415_/A1                              3.000000    3.378525   -0.378525 (VIOLATED)
_37421_/A1                              3.000000    3.378494   -0.378494 (VIOLATED)
_37413_/A1                              3.000000    3.378492   -0.378492 (VIOLATED)
_37417_/A1                              3.000000    3.378486   -0.378486 (VIOLATED)
_37408_/A1                              3.000000    3.378482   -0.378482 (VIOLATED)
_37423_/A1                              3.000000    3.378479   -0.378479 (VIOLATED)
_37411_/A1                              3.000000    3.378479   -0.378479 (VIOLATED)
_37406_/A1                              3.000000    3.378470   -0.378470 (VIOLATED)
_37405_/Z                               3.000000    3.378444   -0.378445 (VIOLATED)
_34866_/A2                              3.000000    3.375113   -0.375113 (VIOLATED)
_34945_/A2                              3.000000    3.375112   -0.375112 (VIOLATED)
_33736_/A2                              3.000000    3.375110   -0.375110 (VIOLATED)
_34878_/A2                              3.000000    3.375110   -0.375110 (VIOLATED)
_34084_/A2                              3.000000    3.375086   -0.375086 (VIOLATED)
fanout1582/I                            3.000000    3.375085   -0.375085 (VIOLATED)
_34040_/A1                              3.000000    3.375065   -0.375065 (VIOLATED)
_34058_/A2                              3.000000    3.375051   -0.375051 (VIOLATED)
_34500_/A2                              3.000000    3.375050   -0.375050 (VIOLATED)
_34192_/A2                              3.000000    3.375020   -0.375020 (VIOLATED)
fanout1583/Z                            3.000000    3.375020   -0.375020 (VIOLATED)
_33502_/A2                              3.000000    3.366423   -0.366423 (VIOLATED)
_47339_/A2                              3.000000    3.366352   -0.366352 (VIOLATED)
_33501_/ZN                              3.000000    3.366209   -0.366209 (VIOLATED)
_37084_/A2                              3.000000    3.366209   -0.366209 (VIOLATED)
_34294_/A2                              3.000000    3.364059   -0.364059 (VIOLATED)
max_cap1338/I                           3.000000    3.364053   -0.364053 (VIOLATED)
_35050_/A2                              3.000000    3.364014   -0.364014 (VIOLATED)
_34372_/I                               3.000000    3.364002   -0.364002 (VIOLATED)
_34202_/Z                               3.000000    3.363989   -0.363990 (VIOLATED)
_35030_/A2                              3.000000    3.363989   -0.363990 (VIOLATED)
wire1032/I                              3.000000    3.363871   -0.363871 (VIOLATED)
_40833_/A2                              3.000000    3.363811   -0.363811 (VIOLATED)
_35446_/A1                              3.000000    3.363795   -0.363795 (VIOLATED)
_35746_/A1                              3.000000    3.363654   -0.363654 (VIOLATED)
_36756_/A1                              3.000000    3.363549   -0.363549 (VIOLATED)
_35851_/A2                              3.000000    3.363547   -0.363547 (VIOLATED)
_36392_/A1                              3.000000    3.363546   -0.363546 (VIOLATED)
_36558_/A2                              3.000000    3.363546   -0.363546 (VIOLATED)
_36755_/A2                              3.000000    3.363544   -0.363545 (VIOLATED)
_36081_/A1                              3.000000    3.363542   -0.363542 (VIOLATED)
_36022_/A1                              3.000000    3.363542   -0.363542 (VIOLATED)
_36138_/A2                              3.000000    3.363518   -0.363518 (VIOLATED)
_35952_/A2                              3.000000    3.363513   -0.363513 (VIOLATED)
_36130_/A2                              3.000000    3.363499   -0.363499 (VIOLATED)
_36479_/A2                              3.000000    3.363499   -0.363499 (VIOLATED)
fanout1546/Z                            3.000000    3.363499   -0.363499 (VIOLATED)
_35445_/Z                               3.000000    3.363478   -0.363478 (VIOLATED)
_34276_/B1                              3.000000    3.360384   -0.360384 (VIOLATED)
load_slew1422/I                         3.000000    3.360364   -0.360364 (VIOLATED)
_34223_/Z                               3.000000    3.360229   -0.360229 (VIOLATED)
_34460_/A1                              3.000000    3.360229   -0.360229 (VIOLATED)
_35124_/A1                              3.000000    3.360229   -0.360229 (VIOLATED)
_30662_/I                               3.000000    3.358804   -0.358804 (VIOLATED)
_30457_/B1                              3.000000    3.358797   -0.358797 (VIOLATED)
_30355_/A1                              3.000000    3.358796   -0.358796 (VIOLATED)
_30518_/A1                              3.000000    3.358793   -0.358793 (VIOLATED)
_30618_/B2                              3.000000    3.358789   -0.358789 (VIOLATED)
_30023_/A1                              3.000000    3.358753   -0.358753 (VIOLATED)
_29874_/B1                              3.000000    3.358750   -0.358750 (VIOLATED)
_29421_/B2                              3.000000    3.358748   -0.358749 (VIOLATED)
_29686_/A1                              3.000000    3.358731   -0.358731 (VIOLATED)
_29950_/A1                              3.000000    3.358722   -0.358722 (VIOLATED)
_29420_/Z                               3.000000    3.358709   -0.358709 (VIOLATED)
_37592_/A1                              3.000000    3.358334   -0.358334 (VIOLATED)
_37584_/A1                              3.000000    3.358333   -0.358333 (VIOLATED)
_37586_/A1                              3.000000    3.358326   -0.358326 (VIOLATED)
_37590_/A1                              3.000000    3.358313   -0.358313 (VIOLATED)
_37580_/A1                              3.000000    3.358309   -0.358309 (VIOLATED)
_37578_/A1                              3.000000    3.358304   -0.358304 (VIOLATED)
_37588_/A1                              3.000000    3.358293   -0.358293 (VIOLATED)
_37582_/A1                              3.000000    3.358233   -0.358234 (VIOLATED)
_37572_/Z                               3.000000    3.358191   -0.358191 (VIOLATED)
_37573_/A1                              3.000000    3.358191   -0.358191 (VIOLATED)
_37575_/A1                              3.000000    3.358191   -0.358191 (VIOLATED)
_54192_/A3                              3.000000    3.356331   -0.356331 (VIOLATED)
_54291_/A3                              3.000000    3.356328   -0.356328 (VIOLATED)
_53985_/A3                              3.000000    3.356325   -0.356325 (VIOLATED)
_54090_/A3                              3.000000    3.356325   -0.356325 (VIOLATED)
_53882_/A3                              3.000000    3.356317   -0.356317 (VIOLATED)
_54387_/A3                              3.000000    3.356315   -0.356315 (VIOLATED)
_53777_/A3                              3.000000    3.356315   -0.356315 (VIOLATED)
_53676_/A3                              3.000000    3.356300   -0.356301 (VIOLATED)
_54483_/A3                              3.000000    3.356233   -0.356233 (VIOLATED)
_53675_/Z                               3.000000    3.356220   -0.356221 (VIOLATED)
_54581_/A3                              3.000000    3.356220   -0.356221 (VIOLATED)
_36106_/A1                              3.000000    3.354502   -0.354502 (VIOLATED)
_36070_/B1                              3.000000    3.354481   -0.354481 (VIOLATED)
_35495_/Z                               3.000000    3.354331   -0.354331 (VIOLATED)
_36248_/A1                              3.000000    3.354331   -0.354331 (VIOLATED)
wire1315/I                              3.000000    3.354331   -0.354331 (VIOLATED)
_42481_/A1                              3.000000    3.354260   -0.354260 (VIOLATED)
_42579_/A1                              3.000000    3.354249   -0.354249 (VIOLATED)
load_slew757/I                          3.000000    3.354241   -0.354242 (VIOLATED)
_41809_/A1                              3.000000    3.354240   -0.354241 (VIOLATED)
_41808_/Z                               3.000000    3.354156   -0.354156 (VIOLATED)
_39980_/ZN                              3.000000    3.350435   -0.350435 (VIOLATED)
_39981_/I                               3.000000    3.350435   -0.350435 (VIOLATED)
_40039_/I                               3.000000    3.350435   -0.350435 (VIOLATED)
_40104_/I                               3.000000    3.350435   -0.350435 (VIOLATED)
_40162_/A2                              3.000000    3.350435   -0.350435 (VIOLATED)
_40167_/A2                              3.000000    3.350435   -0.350435 (VIOLATED)
_39365_/A1                              3.000000    3.348017   -0.348017 (VIOLATED)
_39179_/A1                              3.000000    3.347988   -0.347988 (VIOLATED)
_35088_/B1                              3.000000    3.347978   -0.347978 (VIOLATED)
_35011_/B1                              3.000000    3.347973   -0.347973 (VIOLATED)
_33948_/B1                              3.000000    3.347968   -0.347968 (VIOLATED)
_34037_/I                               3.000000    3.347964   -0.347964 (VIOLATED)
_33797_/I                               3.000000    3.347962   -0.347962 (VIOLATED)
_38987_/A1                              3.000000    3.347960   -0.347961 (VIOLATED)
_33635_/I                               3.000000    3.347949   -0.347949 (VIOLATED)
_38795_/A1                              3.000000    3.347918   -0.347918 (VIOLATED)
_36303_/A2                              3.000000    3.347916   -0.347917 (VIOLATED)
_35764_/A2                              3.000000    3.347912   -0.347912 (VIOLATED)
_35774_/A2                              3.000000    3.347907   -0.347907 (VIOLATED)
_36317_/A2                              3.000000    3.347900   -0.347900 (VIOLATED)
_33603_/I                               3.000000    3.347898   -0.347898 (VIOLATED)
_33708_/I                               3.000000    3.347890   -0.347890 (VIOLATED)
_36328_/A2                              3.000000    3.347883   -0.347883 (VIOLATED)
_35784_/A2                              3.000000    3.347882   -0.347882 (VIOLATED)
_35797_/A2                              3.000000    3.347881   -0.347882 (VIOLATED)
_36329_/A1                              3.000000    3.347872   -0.347872 (VIOLATED)
max_cap702/I                            3.000000    3.347869   -0.347869 (VIOLATED)
_36168_/A1                              3.000000    3.347852   -0.347852 (VIOLATED)
_37825_/Z                               3.000000    3.347847   -0.347847 (VIOLATED)
_38668_/A1                              3.000000    3.347847   -0.347847 (VIOLATED)
_33780_/I                               3.000000    3.347841   -0.347841 (VIOLATED)
_33602_/Z                               3.000000    3.347829   -0.347830 (VIOLATED)
_34697_/B1                              3.000000    3.347829   -0.347830 (VIOLATED)
_36190_/A2                              3.000000    3.347821   -0.347821 (VIOLATED)
fanout1533/Z                            3.000000    3.347821   -0.347821 (VIOLATED)
_34569_/A2                              3.000000    3.339117   -0.339117 (VIOLATED)
_33856_/A2                              3.000000    3.339089   -0.339089 (VIOLATED)
_33889_/A2                              3.000000    3.339085   -0.339085 (VIOLATED)
_33894_/A2                              3.000000    3.339075   -0.339075 (VIOLATED)
_33741_/Z                               3.000000    3.338986   -0.338986 (VIOLATED)
wire1223/I                              3.000000    3.338986   -0.338986 (VIOLATED)
_38967_/A2                              3.000000    3.338921   -0.338921 (VIOLATED)
_39026_/A2                              3.000000    3.338919   -0.338919 (VIOLATED)
_38903_/A2                              3.000000    3.338914   -0.338914 (VIOLATED)
_38844_/A2                              3.000000    3.338906   -0.338906 (VIOLATED)
_40562_/A2                              3.000000    3.338903   -0.338904 (VIOLATED)
_40099_/A2                              3.000000    3.338897   -0.338897 (VIOLATED)
_40622_/A2                              3.000000    3.338897   -0.338897 (VIOLATED)
_40680_/A2                              3.000000    3.338895   -0.338895 (VIOLATED)
_38843_/Z                               3.000000    3.338882   -0.338882 (VIOLATED)
_38909_/A2                              3.000000    3.338882   -0.338882 (VIOLATED)
_39505_/A2                              3.000000    3.338882   -0.338882 (VIOLATED)
_31203_/B                               3.000000    3.337790   -0.337790 (VIOLATED)
_31236_/B                               3.000000    3.337787   -0.337787 (VIOLATED)
_31243_/B                               3.000000    3.337787   -0.337787 (VIOLATED)
fanout1663/I                            3.000000    3.337748   -0.337748 (VIOLATED)
_30035_/B                               3.000000    3.337643   -0.337643 (VIOLATED)
fanout1665/I                            3.000000    3.337641   -0.337641 (VIOLATED)
_48120_/A2                              3.000000    3.337629   -0.337629 (VIOLATED)
_48122_/A2                              3.000000    3.337629   -0.337629 (VIOLATED)
fanout1666/Z                            3.000000    3.337629   -0.337629 (VIOLATED)
_30920_/A1                              3.000000    3.336340   -0.336340 (VIOLATED)
_30876_/A1                              3.000000    3.336332   -0.336333 (VIOLATED)
_31239_/A1                              3.000000    3.336298   -0.336298 (VIOLATED)
_30478_/A1                              3.000000    3.336222   -0.336222 (VIOLATED)
_30628_/B1                              3.000000    3.336208   -0.336208 (VIOLATED)
_30533_/A1                              3.000000    3.336190   -0.336191 (VIOLATED)
_30176_/Z                               3.000000    3.336166   -0.336166 (VIOLATED)
_30177_/B1                              3.000000    3.336166   -0.336166 (VIOLATED)
_30249_/A1                              3.000000    3.336166   -0.336166 (VIOLATED)
_30301_/A1                              3.000000    3.336166   -0.336166 (VIOLATED)
_30528_/A1                              3.000000    3.336166   -0.336166 (VIOLATED)
_35923_/A2                              3.000000    3.334435   -0.334435 (VIOLATED)
_36572_/A2                              3.000000    3.334418   -0.334418 (VIOLATED)
_35627_/Z                               3.000000    3.334405   -0.334405 (VIOLATED)
_35632_/A2                              3.000000    3.334405   -0.334405 (VIOLATED)
wire1401/I                              3.000000    3.334405   -0.334405 (VIOLATED)
_54141_/A2                              3.000000    3.329554   -0.329554 (VIOLATED)
_54242_/A2                              3.000000    3.329553   -0.329554 (VIOLATED)
_54037_/A2                              3.000000    3.329548   -0.329548 (VIOLATED)
_53933_/A2                              3.000000    3.329542   -0.329542 (VIOLATED)
_54339_/A2                              3.000000    3.329536   -0.329536 (VIOLATED)
_53829_/A2                              3.000000    3.329534   -0.329534 (VIOLATED)
_53727_/A2                              3.000000    3.329527   -0.329527 (VIOLATED)
_53622_/A2                              3.000000    3.329504   -0.329504 (VIOLATED)
_53519_/A2                              3.000000    3.329469   -0.329469 (VIOLATED)
_53418_/Z                               3.000000    3.329408   -0.329408 (VIOLATED)
_53420_/A2                              3.000000    3.329408   -0.329408 (VIOLATED)
_43013_/I                               3.000000    3.326370   -0.326370 (VIOLATED)
_43437_/I                               3.000000    3.326366   -0.326366 (VIOLATED)
_43385_/I                               3.000000    3.326365   -0.326365 (VIOLATED)
_43333_/I                               3.000000    3.326364   -0.326364 (VIOLATED)
_42957_/I                               3.000000    3.326361   -0.326361 (VIOLATED)
_42956_/Z                               3.000000    3.326348   -0.326348 (VIOLATED)
_43065_/I                               3.000000    3.326348   -0.326348 (VIOLATED)
_43119_/I                               3.000000    3.326348   -0.326348 (VIOLATED)
_43171_/I                               3.000000    3.326348   -0.326348 (VIOLATED)
_43225_/I                               3.000000    3.326348   -0.326348 (VIOLATED)
_43281_/I                               3.000000    3.326348   -0.326348 (VIOLATED)
wire885/I                               3.000000    3.325857   -0.325857 (VIOLATED)
_55317_/A1                              3.000000    3.325853   -0.325853 (VIOLATED)
_37217_/A1                              3.000000    3.325846   -0.325846 (VIOLATED)
_37508_/A1                              3.000000    3.325842   -0.325842 (VIOLATED)
_29017_/Z                               3.000000    3.325789   -0.325789 (VIOLATED)
_55939_/A1                              3.000000    3.325789   -0.325789 (VIOLATED)
_30937_/ZN                              3.000000    3.324720   -0.324720 (VIOLATED)
_30944_/A1                              3.000000    3.324720   -0.324720 (VIOLATED)
_41658_/A1                              3.000000    3.322619   -0.322619 (VIOLATED)
_41653_/A1                              3.000000    3.322617   -0.322617 (VIOLATED)
_41668_/A1                              3.000000    3.322615   -0.322615 (VIOLATED)
_41673_/A1                              3.000000    3.322608   -0.322608 (VIOLATED)
_41678_/A1                              3.000000    3.322592   -0.322592 (VIOLATED)
_41648_/A1                              3.000000    3.322591   -0.322591 (VIOLATED)
_41688_/A1                              3.000000    3.322589   -0.322590 (VIOLATED)
_41693_/A1                              3.000000    3.322588   -0.322588 (VIOLATED)
_41683_/A1                              3.000000    3.322582   -0.322582 (VIOLATED)
_41646_/Z                               3.000000    3.322551   -0.322552 (VIOLATED)
_41663_/A1                              3.000000    3.322551   -0.322552 (VIOLATED)
_40711_/A2                              3.000000    3.313949   -0.313949 (VIOLATED)
_40706_/A2                              3.000000    3.313947   -0.313947 (VIOLATED)
_40705_/Z                               3.000000    3.313936   -0.313937 (VIOLATED)
_40716_/A2                              3.000000    3.313936   -0.313937 (VIOLATED)
_40722_/A2                              3.000000    3.313936   -0.313937 (VIOLATED)
_40728_/A2                              3.000000    3.313936   -0.313937 (VIOLATED)
_40733_/A2                              3.000000    3.313936   -0.313937 (VIOLATED)
_40743_/A2                              3.000000    3.313936   -0.313937 (VIOLATED)
_40748_/A2                              3.000000    3.313936   -0.313937 (VIOLATED)
_40753_/A2                              3.000000    3.313936   -0.313937 (VIOLATED)
_40758_/A2                              3.000000    3.313936   -0.313937 (VIOLATED)
_37081_/A1                              3.000000    3.309870   -0.309870 (VIOLATED)
_37084_/A1                              3.000000    3.309869   -0.309869 (VIOLATED)
_37101_/A1                              3.000000    3.309869   -0.309869 (VIOLATED)
_37112_/A1                              3.000000    3.309868   -0.309868 (VIOLATED)
_37090_/A1                              3.000000    3.309827   -0.309827 (VIOLATED)
_37087_/A1                              3.000000    3.309825   -0.309826 (VIOLATED)
_37097_/A1                              3.000000    3.309788   -0.309789 (VIOLATED)
_37093_/A1                              3.000000    3.309781   -0.309782 (VIOLATED)
_37080_/Z                               3.000000    3.309761   -0.309761 (VIOLATED)
_37106_/A1                              3.000000    3.309761   -0.309761 (VIOLATED)
_37109_/A1                              3.000000    3.309761   -0.309761 (VIOLATED)
_34840_/A1                              3.000000    3.309340   -0.309341 (VIOLATED)
_34387_/A2                              3.000000    3.309339   -0.309339 (VIOLATED)
_34447_/A1                              3.000000    3.309337   -0.309337 (VIOLATED)
_34786_/A2                              3.000000    3.309332   -0.309332 (VIOLATED)
max_cap734/I                            3.000000    3.309294   -0.309295 (VIOLATED)
_33294_/Z                               3.000000    3.309258   -0.309258 (VIOLATED)
_33316_/A1                              3.000000    3.309258   -0.309258 (VIOLATED)
_42277_/A1                              3.000000    3.301691   -0.301691 (VIOLATED)
_41892_/A1                              3.000000    3.301673   -0.301673 (VIOLATED)
_41502_/A1                              3.000000    3.301604   -0.301604 (VIOLATED)
_43508_/A1                              3.000000    3.301557   -0.301557 (VIOLATED)
_40898_/Z                               3.000000    3.301527   -0.301527 (VIOLATED)
max_cap773/I                            3.000000    3.301527   -0.301527 (VIOLATED)
_36089_/A1                              3.000000    3.296072   -0.296072 (VIOLATED)
_36539_/A1                              3.000000    3.296070   -0.296070 (VIOLATED)
load_slew1417/I                         3.000000    3.295894   -0.295894 (VIOLATED)
_35363_/Z                               3.000000    3.295870   -0.295870 (VIOLATED)
load_slew1418/I                         3.000000    3.295870   -0.295870 (VIOLATED)
_36070_/A1                              3.000000    3.294671   -0.294671 (VIOLATED)
_35510_/Z                               3.000000    3.294569   -0.294569 (VIOLATED)
_35626_/B1                              3.000000    3.294569   -0.294569 (VIOLATED)
_35927_/A1                              3.000000    3.294569   -0.294569 (VIOLATED)
wire1143/I                              3.000000    3.294569   -0.294569 (VIOLATED)
_53988_/A3                              3.000000    3.292424   -0.292424 (VIOLATED)
_53781_/A3                              3.000000    3.292418   -0.292419 (VIOLATED)
_53885_/A3                              3.000000    3.292410   -0.292410 (VIOLATED)
_53679_/A3                              3.000000    3.292406   -0.292406 (VIOLATED)
_53574_/A3                              3.000000    3.292396   -0.292396 (VIOLATED)
_53472_/A3                              3.000000    3.292392   -0.292392 (VIOLATED)
_53371_/A3                              3.000000    3.292380   -0.292380 (VIOLATED)
_53172_/A3                              3.000000    3.292377   -0.292377 (VIOLATED)
_53271_/A3                              3.000000    3.292376   -0.292376 (VIOLATED)
_53070_/A3                              3.000000    3.292362   -0.292362 (VIOLATED)
_53069_/Z                               3.000000    3.292326   -0.292327 (VIOLATED)
wire1737/I                              3.000000    3.289355   -0.289355 (VIOLATED)
_47303_/A4                              3.000000    3.289249   -0.289250 (VIOLATED)
_61369_/D                               3.000000    3.289249   -0.289250 (VIOLATED)
fanout1736/Z                            3.000000    3.289249   -0.289250 (VIOLATED)
_47408_/A1                              3.000000    3.288434   -0.288434 (VIOLATED)
_47402_/A1                              3.000000    3.288431   -0.288431 (VIOLATED)
_47414_/A1                              3.000000    3.288428   -0.288428 (VIOLATED)
_47393_/A1                              3.000000    3.288422   -0.288422 (VIOLATED)
_47417_/A1                              3.000000    3.288422   -0.288422 (VIOLATED)
_47411_/A1                              3.000000    3.288420   -0.288420 (VIOLATED)
_47405_/A1                              3.000000    3.288413   -0.288413 (VIOLATED)
_47396_/A1                              3.000000    3.288393   -0.288393 (VIOLATED)
_47399_/A1                              3.000000    3.288369   -0.288369 (VIOLATED)
_47392_/Z                               3.000000    3.288337   -0.288337 (VIOLATED)
_47420_/A1                              3.000000    3.288337   -0.288337 (VIOLATED)
_30719_/B                               3.000000    3.286065   -0.286065 (VIOLATED)
_30624_/B                               3.000000    3.286062   -0.286062 (VIOLATED)
_30482_/B                               3.000000    3.286055   -0.286055 (VIOLATED)
_30475_/B                               3.000000    3.286049   -0.286049 (VIOLATED)
_30305_/B                               3.000000    3.286040   -0.286040 (VIOLATED)
_30421_/B                               3.000000    3.286031   -0.286031 (VIOLATED)
_30298_/B                               3.000000    3.286016   -0.286016 (VIOLATED)
_31286_/B                               3.000000    3.285987   -0.285987 (VIOLATED)
_31321_/B                               3.000000    3.285985   -0.285985 (VIOLATED)
fanout1664/I                            3.000000    3.285924   -0.285925 (VIOLATED)
fanout1665/Z                            3.000000    3.285924   -0.285925 (VIOLATED)
_36351_/A1                              3.000000    3.284585   -0.284586 (VIOLATED)
_36341_/A1                              3.000000    3.284577   -0.284577 (VIOLATED)
_36302_/A1                              3.000000    3.284564   -0.284565 (VIOLATED)
load_slew1126/I                         3.000000    3.284545   -0.284545 (VIOLATED)
_36638_/A1                              3.000000    3.284545   -0.284545 (VIOLATED)
_35906_/A1                              3.000000    3.284541   -0.284541 (VIOLATED)
_36307_/A2                              3.000000    3.284527   -0.284528 (VIOLATED)
_35589_/Z                               3.000000    3.284494   -0.284494 (VIOLATED)
_36474_/A1                              3.000000    3.284463   -0.284463 (VIOLATED)
_35457_/Z                               3.000000    3.284434   -0.284434 (VIOLATED)
max_cap1157/I                           3.000000    3.284434   -0.284434 (VIOLATED)
wire575/I                               3.000000    3.268354   -0.268354 (VIOLATED)
_47123_/A1                              3.000000    3.268353   -0.268353 (VIOLATED)
_47249_/A1                              3.000000    3.268351   -0.268351 (VIOLATED)
_46935_/B1                              3.000000    3.268295   -0.268295 (VIOLATED)
_33514_/ZN                              3.000000    3.268276   -0.268276 (VIOLATED)
_52024_/A1                              3.000000    3.267838   -0.267838 (VIOLATED)
_52335_/A1                              3.000000    3.267836   -0.267836 (VIOLATED)
_52135_/A1                              3.000000    3.267829   -0.267829 (VIOLATED)
_52235_/A1                              3.000000    3.267828   -0.267828 (VIOLATED)
_52541_/A1                              3.000000    3.267828   -0.267828 (VIOLATED)
_52439_/A1                              3.000000    3.267827   -0.267827 (VIOLATED)
_52643_/A1                              3.000000    3.267816   -0.267816 (VIOLATED)
_52749_/A1                              3.000000    3.267802   -0.267802 (VIOLATED)
_52958_/A1                              3.000000    3.267720   -0.267720 (VIOLATED)
_52021_/Z                               3.000000    3.267705   -0.267705 (VIOLATED)
_52854_/A1                              3.000000    3.267705   -0.267705 (VIOLATED)
_42114_/A1                              3.000000    3.265176   -0.265176 (VIOLATED)
_42491_/A1                              3.000000    3.265070   -0.265070 (VIOLATED)
_42892_/A1                              3.000000    3.264915   -0.264915 (VIOLATED)
_40944_/ZN                              3.000000    3.264902   -0.264902 (VIOLATED)
max_cap1393/I                           3.000000    3.264902   -0.264902 (VIOLATED)
_39302_/A1                              3.000000    3.262742   -0.262742 (VIOLATED)
load_slew664/I                          3.000000    3.262688   -0.262688 (VIOLATED)
_37737_/Z                               3.000000    3.262538   -0.262538 (VIOLATED)
_38731_/A1                              3.000000    3.262538   -0.262538 (VIOLATED)
_38924_/A1                              3.000000    3.262538   -0.262538 (VIOLATED)
_43951_/ZN                              3.000000    3.260088   -0.260088 (VIOLATED)
_44064_/I                               3.000000    3.260088   -0.260088 (VIOLATED)
max_cap390/I                            3.000000    3.260088   -0.260088 (VIOLATED)
_54343_/A3                              3.000000    3.251824   -0.251824 (VIOLATED)
_54246_/A3                              3.000000    3.251823   -0.251823 (VIOLATED)
_54041_/A3                              3.000000    3.251822   -0.251822 (VIOLATED)
_54145_/A3                              3.000000    3.251821   -0.251821 (VIOLATED)
_53939_/A3                              3.000000    3.251817   -0.251817 (VIOLATED)
_53938_/Z                               3.000000    3.251781   -0.251781 (VIOLATED)
_54439_/A3                              3.000000    3.251781   -0.251781 (VIOLATED)
_54535_/A3                              3.000000    3.251781   -0.251781 (VIOLATED)
_54633_/A3                              3.000000    3.251781   -0.251781 (VIOLATED)
_54730_/A3                              3.000000    3.251781   -0.251781 (VIOLATED)
_54827_/A3                              3.000000    3.251781   -0.251781 (VIOLATED)
_36284_/A3                              3.000000    3.248109   -0.248109 (VIOLATED)
_36195_/B                               3.000000    3.248106   -0.248106 (VIOLATED)
_36214_/B                               3.000000    3.248103   -0.248103 (VIOLATED)
_35785_/I                               3.000000    3.248102   -0.248102 (VIOLATED)
_35404_/Z                               3.000000    3.248091   -0.248091 (VIOLATED)
max_cap1469/I                           3.000000    3.248091   -0.248091 (VIOLATED)
_36064_/A1                              3.000000    3.247971   -0.247971 (VIOLATED)
_35905_/A1                              3.000000    3.247970   -0.247970 (VIOLATED)
_33346_/A1                              3.000000    3.247938   -0.247938 (VIOLATED)
_35583_/I                               3.000000    3.247917   -0.247917 (VIOLATED)
_35526_/A1                              3.000000    3.247905   -0.247905 (VIOLATED)
_33327_/ZN                              3.000000    3.247883   -0.247883 (VIOLATED)
_35729_/B                               3.000000    3.247883   -0.247883 (VIOLATED)
_30882_/A2                              3.000000    3.247746   -0.247746 (VIOLATED)
_30881_/ZN                              3.000000    3.247744   -0.247744 (VIOLATED)
_43055_/A2                              3.000000    3.244443   -0.244443 (VIOLATED)
_42265_/ZN                              3.000000    3.244431   -0.244431 (VIOLATED)
_43114_/A2                              3.000000    3.244431   -0.244431 (VIOLATED)
_43172_/A2                              3.000000    3.244431   -0.244431 (VIOLATED)
wire1270/I                              3.000000    3.244431   -0.244431 (VIOLATED)
_35791_/A2                              3.000000    3.240417   -0.240417 (VIOLATED)
_36195_/A2                              3.000000    3.240411   -0.240411 (VIOLATED)
_36274_/A2                              3.000000    3.240401   -0.240401 (VIOLATED)
load_slew1462/I                         3.000000    3.240398   -0.240399 (VIOLATED)
_35788_/Z                               3.000000    3.240385   -0.240385 (VIOLATED)
_36422_/A1                              3.000000    3.236566   -0.236566 (VIOLATED)
_36403_/A1                              3.000000    3.236558   -0.236558 (VIOLATED)
_35914_/A1                              3.000000    3.236524   -0.236524 (VIOLATED)
_35506_/Z                               3.000000    3.236508   -0.236509 (VIOLATED)
load_slew1146/I                         3.000000    3.236508   -0.236509 (VIOLATED)
load_slew1147/I                         3.000000    3.236508   -0.236509 (VIOLATED)
_42988_/A2                              3.000000    3.230181   -0.230182 (VIOLATED)
_43003_/A1                              3.000000    3.230180   -0.230180 (VIOLATED)
_42993_/A2                              3.000000    3.230179   -0.230179 (VIOLATED)
_43045_/A1                              3.000000    3.230144   -0.230144 (VIOLATED)
_43050_/A1                              3.000000    3.230142   -0.230142 (VIOLATED)
_43040_/A1                              3.000000    3.230133   -0.230133 (VIOLATED)
_43008_/A1                              3.000000    3.230108   -0.230108 (VIOLATED)
_43030_/A1                              3.000000    3.230090   -0.230090 (VIOLATED)
_43025_/A1                              3.000000    3.230077   -0.230077 (VIOLATED)
_42987_/Z                               3.000000    3.230062   -0.230062 (VIOLATED)
_43035_/A1                              3.000000    3.230062   -0.230062 (VIOLATED)
_40264_/A1                              3.000000    3.225834   -0.225834 (VIOLATED)
_40457_/A1                              3.000000    3.225834   -0.225834 (VIOLATED)
_39885_/A1                              3.000000    3.225832   -0.225832 (VIOLATED)
_37752_/ZN                              3.000000    3.225830   -0.225830 (VIOLATED)
wire804/I                               3.000000    3.225830   -0.225830 (VIOLATED)
_36349_/B1                              3.000000    3.223291   -0.223291 (VIOLATED)
_36314_/A2                              3.000000    3.223276   -0.223276 (VIOLATED)
_35907_/A1                              3.000000    3.223242   -0.223242 (VIOLATED)
_36637_/B1                              3.000000    3.223222   -0.223223 (VIOLATED)
_35604_/Z                               3.000000    3.223197   -0.223198 (VIOLATED)
wire1123/I                              3.000000    3.223197   -0.223198 (VIOLATED)
_31183_/A1                              3.000000    3.219943   -0.219943 (VIOLATED)
_31180_/ZN                              3.000000    3.219941   -0.219941 (VIOLATED)
_33573_/A2                              3.000000    3.217981   -0.217981 (VIOLATED)
_47420_/A2                              3.000000    3.217947   -0.217947 (VIOLATED)
_33572_/ZN                              3.000000    3.217822   -0.217822 (VIOLATED)
_37163_/A2                              3.000000    3.217822   -0.217822 (VIOLATED)
_47363_/A1                              3.000000    3.216078   -0.216078 (VIOLATED)
_47381_/A1                              3.000000    3.216075   -0.216075 (VIOLATED)
_47385_/A1                              3.000000    3.216074   -0.216074 (VIOLATED)
_47378_/A1                              3.000000    3.216071   -0.216071 (VIOLATED)
_47369_/A1                              3.000000    3.216069   -0.216069 (VIOLATED)
_47366_/A1                              3.000000    3.216065   -0.216066 (VIOLATED)
_47375_/A1                              3.000000    3.216065   -0.216065 (VIOLATED)
_47359_/Z                               3.000000    3.216043   -0.216043 (VIOLATED)
_47360_/A1                              3.000000    3.216043   -0.216043 (VIOLATED)
_47372_/A1                              3.000000    3.216043   -0.216043 (VIOLATED)
_47389_/A1                              3.000000    3.216043   -0.216043 (VIOLATED)
_35870_/B2                              3.000000    3.213162   -0.213162 (VIOLATED)
_36752_/A2                              3.000000    3.213146   -0.213147 (VIOLATED)
_36131_/B1                              3.000000    3.213121   -0.213121 (VIOLATED)
max_cap1156/I                           3.000000    3.213042   -0.213042 (VIOLATED)
_35463_/Z                               3.000000    3.213010   -0.213010 (VIOLATED)
_34877_/A1                              3.000000    3.210730   -0.210730 (VIOLATED)
_34523_/A1                              3.000000    3.210727   -0.210727 (VIOLATED)
max_cap1234/I                           3.000000    3.210726   -0.210726 (VIOLATED)
_34031_/A1                              3.000000    3.210720   -0.210720 (VIOLATED)
_34042_/A1                              3.000000    3.210718   -0.210718 (VIOLATED)
_34518_/A1                              3.000000    3.210711   -0.210711 (VIOLATED)
_33648_/Z                               3.000000    3.210692   -0.210693 (VIOLATED)
_41812_/I                               3.000000    3.208405   -0.208406 (VIOLATED)
_41755_/I                               3.000000    3.208390   -0.208390 (VIOLATED)
_41646_/I                               3.000000    3.208373   -0.208373 (VIOLATED)
_41698_/I                               3.000000    3.208367   -0.208368 (VIOLATED)
_41321_/I                               3.000000    3.208361   -0.208361 (VIOLATED)
_41375_/I                               3.000000    3.208361   -0.208361 (VIOLATED)
_41592_/I                               3.000000    3.208359   -0.208359 (VIOLATED)
_41429_/I                               3.000000    3.208359   -0.208359 (VIOLATED)
_41538_/I                               3.000000    3.208335   -0.208335 (VIOLATED)
_41484_/I                               3.000000    3.208314   -0.208314 (VIOLATED)
_41320_/Z                               3.000000    3.208303   -0.208303 (VIOLATED)
_28625_/A1                              3.000000    3.207592   -0.207592 (VIOLATED)
_28577_/A1                              3.000000    3.207589   -0.207589 (VIOLATED)
_28645_/A1                              3.000000    3.207588   -0.207588 (VIOLATED)
_28488_/A1                              3.000000    3.207577   -0.207577 (VIOLATED)
_28600_/A1                              3.000000    3.207577   -0.207577 (VIOLATED)
_28616_/A1                              3.000000    3.207577   -0.207577 (VIOLATED)
_28662_/A1                              3.000000    3.207577   -0.207577 (VIOLATED)
_28674_/A1                              3.000000    3.207577   -0.207577 (VIOLATED)
_28683_/A1                              3.000000    3.207577   -0.207577 (VIOLATED)
_28712_/A1                              3.000000    3.207577   -0.207577 (VIOLATED)
fanout1604/Z                            3.000000    3.207577   -0.207577 (VIOLATED)
_30756_/B1                              3.000000    3.206869   -0.206869 (VIOLATED)
_30606_/B2                              3.000000    3.206867   -0.206867 (VIOLATED)
_30979_/B1                              3.000000    3.206867   -0.206867 (VIOLATED)
_30942_/A2                              3.000000    3.206866   -0.206866 (VIOLATED)
_30656_/B                               3.000000    3.206865   -0.206865 (VIOLATED)
_30334_/A1                              3.000000    3.206864   -0.206864 (VIOLATED)
_30082_/ZN                              3.000000    3.206853   -0.206853 (VIOLATED)
_30083_/B2                              3.000000    3.206853   -0.206853 (VIOLATED)
_30276_/B2                              3.000000    3.206853   -0.206853 (VIOLATED)
_30894_/B                               3.000000    3.206853   -0.206853 (VIOLATED)
_31305_/C                               3.000000    3.206853   -0.206853 (VIOLATED)
_30409_/A1                              3.000000    3.202368   -0.202368 (VIOLATED)
_30564_/A1                              3.000000    3.202367   -0.202367 (VIOLATED)
_30612_/A1                              3.000000    3.202367   -0.202367 (VIOLATED)
_30458_/A1                              3.000000    3.202363   -0.202363 (VIOLATED)
_29785_/I                               3.000000    3.202350   -0.202350 (VIOLATED)
_30285_/A1                              3.000000    3.202337   -0.202337 (VIOLATED)
_30154_/A1                              3.000000    3.202322   -0.202322 (VIOLATED)
_29675_/Z                               3.000000    3.202310   -0.202310 (VIOLATED)
_29677_/A1                              3.000000    3.202310   -0.202310 (VIOLATED)
_29951_/A1                              3.000000    3.202310   -0.202310 (VIOLATED)
_30090_/A1                              3.000000    3.202310   -0.202310 (VIOLATED)
_31227_/A2                              3.000000    3.198711   -0.198711 (VIOLATED)
_31067_/B2                              3.000000    3.198706   -0.198707 (VIOLATED)
_31028_/B2                              3.000000    3.198700   -0.198700 (VIOLATED)
_31108_/B2                              3.000000    3.198699   -0.198699 (VIOLATED)
_31147_/B2                              3.000000    3.198697   -0.198697 (VIOLATED)
_30949_/B2                              3.000000    3.198688   -0.198688 (VIOLATED)
_30904_/B2                              3.000000    3.198677   -0.198677 (VIOLATED)
_30763_/B2                              3.000000    3.198660   -0.198660 (VIOLATED)
_30667_/B2                              3.000000    3.198635   -0.198635 (VIOLATED)
_30709_/A2                              3.000000    3.198603   -0.198603 (VIOLATED)
_30662_/Z                               3.000000    3.198588   -0.198588 (VIOLATED)
_55576_/A1                              3.000000    3.198408   -0.198408 (VIOLATED)
_55585_/A2                              3.000000    3.198402   -0.198403 (VIOLATED)
_55580_/A2                              3.000000    3.198395   -0.198395 (VIOLATED)
_55589_/A2                              3.000000    3.198392   -0.198392 (VIOLATED)
_55593_/A2                              3.000000    3.198387   -0.198387 (VIOLATED)
_55617_/A2                              3.000000    3.198349   -0.198350 (VIOLATED)
_55613_/A2                              3.000000    3.198344   -0.198344 (VIOLATED)
_55609_/A2                              3.000000    3.198340   -0.198340 (VIOLATED)
_55193_/Z                               3.000000    3.198293   -0.198293 (VIOLATED)
_55196_/A2                              3.000000    3.198293   -0.198293 (VIOLATED)
_55661_/A1                              3.000000    3.198293   -0.198293 (VIOLATED)
_42783_/A1                              3.000000    3.191052   -0.191052 (VIOLATED)
_42778_/A1                              3.000000    3.191048   -0.191048 (VIOLATED)
_42793_/A1                              3.000000    3.191046   -0.191046 (VIOLATED)
_42788_/A1                              3.000000    3.191044   -0.191044 (VIOLATED)
_42753_/A1                              3.000000    3.191030   -0.191030 (VIOLATED)
_42758_/A1                              3.000000    3.191023   -0.191023 (VIOLATED)
_42773_/A1                              3.000000    3.191013   -0.191013 (VIOLATED)
_42768_/A1                              3.000000    3.191009   -0.191009 (VIOLATED)
_42744_/Z                               3.000000    3.190995   -0.190996 (VIOLATED)
_42747_/A1                              3.000000    3.190995   -0.190996 (VIOLATED)
_42763_/A1                              3.000000    3.190995   -0.190996 (VIOLATED)
_30836_/A1                              3.000000    3.190524   -0.190524 (VIOLATED)
_30967_/A1                              3.000000    3.190524   -0.190524 (VIOLATED)
_30785_/A1                              3.000000    3.190523   -0.190524 (VIOLATED)
_31084_/A1                              3.000000    3.190521   -0.190522 (VIOLATED)
_30542_/A1                              3.000000    3.190521   -0.190521 (VIOLATED)
_31167_/A1                              3.000000    3.190515   -0.190515 (VIOLATED)
_30587_/A1                              3.000000    3.190465   -0.190465 (VIOLATED)
_30433_/A1                              3.000000    3.190429   -0.190429 (VIOLATED)
_29510_/B1                              3.000000    3.190421   -0.190421 (VIOLATED)
_29731_/I                               3.000000    3.190421   -0.190421 (VIOLATED)
_30121_/I                               3.000000    3.190417   -0.190417 (VIOLATED)
_30312_/I                               3.000000    3.190407   -0.190407 (VIOLATED)
_30123_/Z                               3.000000    3.190401   -0.190401 (VIOLATED)
_30127_/A1                              3.000000    3.190401   -0.190401 (VIOLATED)
_30316_/A1                              3.000000    3.190401   -0.190401 (VIOLATED)
_31251_/B2                              3.000000    3.190386   -0.190386 (VIOLATED)
_29301_/A2                              3.000000    3.189522   -0.189522 (VIOLATED)
_29217_/I                               3.000000    3.189519   -0.189519 (VIOLATED)
_29285_/A2                              3.000000    3.189505   -0.189505 (VIOLATED)
_29216_/ZN                              3.000000    3.189474   -0.189474 (VIOLATED)
_33738_/A1                              3.000000    3.187729   -0.187729 (VIOLATED)
_34529_/A1                              3.000000    3.187717   -0.187717 (VIOLATED)
wire730/I                               3.000000    3.187670   -0.187671 (VIOLATED)
_33880_/A2                              3.000000    3.187627   -0.187627 (VIOLATED)
_33953_/A2                              3.000000    3.187626   -0.187627 (VIOLATED)
_33707_/Z                               3.000000    3.187617   -0.187617 (VIOLATED)
_33064_/ZN                              3.000000    3.186323   -0.186324 (VIOLATED)
_33066_/A1                              3.000000    3.186323   -0.186324 (VIOLATED)
_33089_/I                               3.000000    3.186323   -0.186324 (VIOLATED)
wire782/I                               3.000000    3.182266   -0.182266 (VIOLATED)
_38831_/ZN                              3.000000    3.182264   -0.182264 (VIOLATED)
_34974_/B1                              3.000000    3.180447   -0.180447 (VIOLATED)
_34993_/B1                              3.000000    3.180446   -0.180446 (VIOLATED)
_33619_/B2                              3.000000    3.180387   -0.180387 (VIOLATED)
_34592_/B1                              3.000000    3.180271   -0.180271 (VIOLATED)
_33615_/Z                               3.000000    3.180245   -0.180245 (VIOLATED)
max_cap1240/I                           3.000000    3.180245   -0.180245 (VIOLATED)
_40075_/A2                              3.000000    3.179931   -0.179931 (VIOLATED)
_40082_/A2                              3.000000    3.179930   -0.179931 (VIOLATED)
_40089_/A2                              3.000000    3.179928   -0.179928 (VIOLATED)
_40070_/A2                              3.000000    3.179925   -0.179925 (VIOLATED)
_40065_/A2                              3.000000    3.179893   -0.179893 (VIOLATED)
_40060_/A2                              3.000000    3.179883   -0.179883 (VIOLATED)
_40050_/A2                              3.000000    3.179880   -0.179880 (VIOLATED)
_40055_/A2                              3.000000    3.179875   -0.179875 (VIOLATED)
_40040_/A2                              3.000000    3.179790   -0.179790 (VIOLATED)
_40039_/Z                               3.000000    3.179760   -0.179760 (VIOLATED)
_40045_/A2                              3.000000    3.179760   -0.179760 (VIOLATED)
_47341_/A2                              3.000000    3.175993   -0.175993 (VIOLATED)
_47450_/A1                              3.000000    3.175993   -0.175993 (VIOLATED)
_47521_/A1                              3.000000    3.175993   -0.175993 (VIOLATED)
_47339_/ZN                              3.000000    3.175990   -0.175990 (VIOLATED)
_35891_/A1                              3.000000    3.175350   -0.175350 (VIOLATED)
_35365_/I                               3.000000    3.175321   -0.175321 (VIOLATED)
_36750_/A1                              3.000000    3.175271   -0.175271 (VIOLATED)
_36762_/B1                              3.000000    3.175233   -0.175233 (VIOLATED)
_35988_/A1                              3.000000    3.175198   -0.175198 (VIOLATED)
_35364_/Z                               3.000000    3.175157   -0.175157 (VIOLATED)
max_cap1335/I                           3.000000    3.175157   -0.175157 (VIOLATED)
_33041_/ZN                              3.000000    3.174581   -0.174581 (VIOLATED)
_33048_/A1                              3.000000    3.174581   -0.174581 (VIOLATED)
_33049_/A1                              3.000000    3.174581   -0.174581 (VIOLATED)
_30005_/A2                              3.000000    3.173896   -0.173896 (VIOLATED)
_30938_/B                               3.000000    3.173893   -0.173894 (VIOLATED)
_29658_/I                               3.000000    3.173892   -0.173893 (VIOLATED)
_30804_/A2                              3.000000    3.173883   -0.173883 (VIOLATED)
_29997_/A2                              3.000000    3.173882   -0.173882 (VIOLATED)
_30935_/B                               3.000000    3.173880   -0.173880 (VIOLATED)
_30079_/A2                              3.000000    3.173874   -0.173874 (VIOLATED)
_29933_/B                               3.000000    3.173870   -0.173870 (VIOLATED)
_29931_/B                               3.000000    3.173869   -0.173869 (VIOLATED)
_31300_/A2                              3.000000    3.173865   -0.173865 (VIOLATED)
_29657_/Z                               3.000000    3.173853   -0.173853 (VIOLATED)
_34949_/A2                              3.000000    3.170138   -0.170138 (VIOLATED)
_33957_/A2                              3.000000    3.170126   -0.170126 (VIOLATED)
max_cap1425/I                           3.000000    3.170125   -0.170126 (VIOLATED)
_34188_/A2                              3.000000    3.170121   -0.170121 (VIOLATED)
_35087_/A2                              3.000000    3.170108   -0.170108 (VIOLATED)
_33905_/Z                               3.000000    3.170096   -0.170096 (VIOLATED)
wire886/I                               3.000000    3.169949   -0.169949 (VIOLATED)
_32065_/A2                              3.000000    3.169937   -0.169937 (VIOLATED)
_28952_/A2                              3.000000    3.169890   -0.169890 (VIOLATED)
_28951_/ZN                              3.000000    3.169878   -0.169878 (VIOLATED)
_35664_/A2                              3.000000    3.169099   -0.169099 (VIOLATED)
_36346_/A1                              3.000000    3.169091   -0.169091 (VIOLATED)
_35959_/A1                              3.000000    3.169087   -0.169088 (VIOLATED)
_36677_/B1                              3.000000    3.169086   -0.169087 (VIOLATED)
_36355_/A1                              3.000000    3.169046   -0.169046 (VIOLATED)
_35437_/Z                               3.000000    3.169005   -0.169005 (VIOLATED)
max_cap1160/I                           3.000000    3.169005   -0.169005 (VIOLATED)
_32900_/ZN                              3.000000    3.162751   -0.162751 (VIOLATED)
_32904_/A1                              3.000000    3.162751   -0.162751 (VIOLATED)
_35581_/A1                              3.000000    3.160513   -0.160513 (VIOLATED)
_35603_/A2                              3.000000    3.160500   -0.160500 (VIOLATED)
_36660_/A2                              3.000000    3.160470   -0.160470 (VIOLATED)
_36724_/A2                              3.000000    3.160441   -0.160441 (VIOLATED)
_35570_/Z                               3.000000    3.160430   -0.160431 (VIOLATED)
wire1404/I                              3.000000    3.160430   -0.160431 (VIOLATED)
_33555_/I                               3.000000    3.159436   -0.159436 (VIOLATED)
_29052_/I                               3.000000    3.159399   -0.159399 (VIOLATED)
_28726_/A2                              3.000000    3.159378   -0.159378 (VIOLATED)
_56013_/A1                              3.000000    3.159359   -0.159359 (VIOLATED)
_35670_/A3                              3.000000    3.159227   -0.159227 (VIOLATED)
_36400_/A2                              3.000000    3.159193   -0.159193 (VIOLATED)
_28719_/Z                               3.000000    3.159173   -0.159173 (VIOLATED)
_35731_/A1                              3.000000    3.159168   -0.159169 (VIOLATED)
_35730_/B                               3.000000    3.159167   -0.159167 (VIOLATED)
_35754_/A2                              3.000000    3.159153   -0.159153 (VIOLATED)
max_cap1400/I                           3.000000    3.158990   -0.158990 (VIOLATED)
_35669_/Z                               3.000000    3.158976   -0.158976 (VIOLATED)
_41234_/A1                              3.000000    3.158789   -0.158789 (VIOLATED)
_41229_/A1                              3.000000    3.158787   -0.158788 (VIOLATED)
_40939_/A1                              3.000000    3.158773   -0.158773 (VIOLATED)
_41137_/A1                              3.000000    3.158702   -0.158702 (VIOLATED)
_40938_/Z                               3.000000    3.158612   -0.158613 (VIOLATED)
max_cap768/I                            3.000000    3.158612   -0.158613 (VIOLATED)
_29481_/ZN                              3.000000    3.155019   -0.155019 (VIOLATED)
_29503_/A1                              3.000000    3.155019   -0.155019 (VIOLATED)
_30409_/B2                              3.000000    3.153734   -0.153734 (VIOLATED)
_30564_/B2                              3.000000    3.153733   -0.153733 (VIOLATED)
_30458_/B2                              3.000000    3.153733   -0.153733 (VIOLATED)
_30612_/B2                              3.000000    3.153731   -0.153731 (VIOLATED)
_30664_/I                               3.000000    3.153695   -0.153695 (VIOLATED)
_30285_/B2                              3.000000    3.153684   -0.153684 (VIOLATED)
_30154_/B2                              3.000000    3.153657   -0.153658 (VIOLATED)
_29676_/Z                               3.000000    3.153641   -0.153641 (VIOLATED)
_29677_/B2                              3.000000    3.153641   -0.153641 (VIOLATED)
_29951_/B2                              3.000000    3.153641   -0.153641 (VIOLATED)
_30090_/B2                              3.000000    3.153641   -0.153641 (VIOLATED)
_35402_/A2                              3.000000    3.152356   -0.152356 (VIOLATED)
_35990_/A2                              3.000000    3.152354   -0.152355 (VIOLATED)
_35836_/A2                              3.000000    3.152343   -0.152343 (VIOLATED)
_35396_/Z                               3.000000    3.152333   -0.152334 (VIOLATED)
_35838_/A2                              3.000000    3.152333   -0.152334 (VIOLATED)
max_cap1167/I                           3.000000    3.152333   -0.152334 (VIOLATED)
_31668_/B                               3.000000    3.151376   -0.151376 (VIOLATED)
_31664_/ZN                              3.000000    3.151374   -0.151374 (VIOLATED)
_34483_/A2                              3.000000    3.151250   -0.151250 (VIOLATED)
_34488_/A1                              3.000000    3.151245   -0.151245 (VIOLATED)
_34503_/A1                              3.000000    3.151237   -0.151237 (VIOLATED)
_34507_/A1                              3.000000    3.151181   -0.151182 (VIOLATED)
_34493_/A2                              3.000000    3.151165   -0.151165 (VIOLATED)
_34372_/Z                               3.000000    3.151121   -0.151121 (VIOLATED)
max_cap1178/I                           3.000000    3.151121   -0.151121 (VIOLATED)
_33925_/I                               3.000000    3.147167   -0.147167 (VIOLATED)
_33876_/I                               3.000000    3.147151   -0.147151 (VIOLATED)
_33849_/I                               3.000000    3.147151   -0.147151 (VIOLATED)
_34698_/B1                              3.000000    3.147135   -0.147136 (VIOLATED)
_33762_/I                               3.000000    3.147120   -0.147120 (VIOLATED)
_33761_/Z                               3.000000    3.147100   -0.147101 (VIOLATED)
_33770_/I                               3.000000    3.147100   -0.147101 (VIOLATED)
_33908_/I                               3.000000    3.147100   -0.147101 (VIOLATED)
_33944_/I                               3.000000    3.147100   -0.147101 (VIOLATED)
_35012_/B1                              3.000000    3.147100   -0.147101 (VIOLATED)
_35089_/B1                              3.000000    3.147100   -0.147101 (VIOLATED)
_38853_/I                               3.000000    3.145213   -0.145213 (VIOLATED)
_38692_/I                               3.000000    3.145207   -0.145207 (VIOLATED)
_38798_/I                               3.000000    3.145201   -0.145201 (VIOLATED)
_38959_/I                               3.000000    3.145194   -0.145194 (VIOLATED)
_38745_/I                               3.000000    3.145192   -0.145193 (VIOLATED)
_38906_/I                               3.000000    3.145192   -0.145192 (VIOLATED)
_38584_/I                               3.000000    3.145157   -0.145157 (VIOLATED)
_38636_/I                               3.000000    3.145154   -0.145154 (VIOLATED)
_38477_/Z                               3.000000    3.145144   -0.145144 (VIOLATED)
_38478_/I                               3.000000    3.145144   -0.145144 (VIOLATED)
_38531_/I                               3.000000    3.145144   -0.145144 (VIOLATED)
wire785/I                               3.000000    3.140613   -0.140613 (VIOLATED)
_38076_/ZN                              3.000000    3.140586   -0.140586 (VIOLATED)
_28738_/I                               3.000000    3.140398   -0.140398 (VIOLATED)
_33561_/I                               3.000000    3.140397   -0.140397 (VIOLATED)
_55951_/A1                              3.000000    3.140319   -0.140320 (VIOLATED)
_56017_/A1                              3.000000    3.140315   -0.140315 (VIOLATED)
_28737_/Z                               3.000000    3.140211   -0.140211 (VIOLATED)
_39199_/A1                              3.000000    3.138737   -0.138737 (VIOLATED)
_39392_/A1                              3.000000    3.138727   -0.138727 (VIOLATED)
_38816_/A1                              3.000000    3.138696   -0.138696 (VIOLATED)
_39009_/A1                              3.000000    3.138695   -0.138695 (VIOLATED)
max_cap697/I                            3.000000    3.138694   -0.138694 (VIOLATED)
_38903_/A1                              3.000000    3.138685   -0.138686 (VIOLATED)
_37853_/Z                               3.000000    3.138673   -0.138673 (VIOLATED)
_35741_/I                               3.000000    3.137826   -0.137827 (VIOLATED)
_36514_/B1                              3.000000    3.137806   -0.137806 (VIOLATED)
max_cap1415/I                           3.000000    3.137739   -0.137739 (VIOLATED)
_35390_/I                               3.000000    3.137739   -0.137739 (VIOLATED)
_35389_/Z                               3.000000    3.137719   -0.137719 (VIOLATED)
_35465_/A1                              3.000000    3.137719   -0.137719 (VIOLATED)
_53979_/A1                              3.000000    3.137122   -0.137122 (VIOLATED)
_54285_/A1                              3.000000    3.137120   -0.137121 (VIOLATED)
_54082_/A1                              3.000000    3.137120   -0.137120 (VIOLATED)
_54186_/A1                              3.000000    3.137118   -0.137119 (VIOLATED)
_53876_/A1                              3.000000    3.137117   -0.137117 (VIOLATED)
_54381_/A1                              3.000000    3.137115   -0.137115 (VIOLATED)
_53873_/Z                               3.000000    3.137103   -0.137103 (VIOLATED)
_54477_/A1                              3.000000    3.137103   -0.137103 (VIOLATED)
_54575_/A1                              3.000000    3.137103   -0.137103 (VIOLATED)
_54672_/A1                              3.000000    3.137103   -0.137103 (VIOLATED)
_54769_/A1                              3.000000    3.137103   -0.137103 (VIOLATED)
_36409_/A2                              3.000000    3.135547   -0.135547 (VIOLATED)
_36418_/A2                              3.000000    3.135546   -0.135546 (VIOLATED)
_35687_/A2                              3.000000    3.135545   -0.135545 (VIOLATED)
_35667_/A2                              3.000000    3.135522   -0.135522 (VIOLATED)
_33496_/A2                              3.000000    3.135519   -0.135519 (VIOLATED)
_35656_/A2                              3.000000    3.135490   -0.135490 (VIOLATED)
_36437_/A2                              3.000000    3.135477   -0.135477 (VIOLATED)
_35674_/A2                              3.000000    3.135468   -0.135468 (VIOLATED)
_47333_/A2                              3.000000    3.135463   -0.135463 (VIOLATED)
_36424_/A2                              3.000000    3.135446   -0.135446 (VIOLATED)
_35960_/A2                              3.000000    3.135387   -0.135387 (VIOLATED)
_33495_/ZN                              3.000000    3.135379   -0.135379 (VIOLATED)
_37077_/A2                              3.000000    3.135379   -0.135379 (VIOLATED)
_35719_/A1                              3.000000    3.135370   -0.135371 (VIOLATED)
fanout1537/Z                            3.000000    3.135370   -0.135371 (VIOLATED)
_40847_/A2                              3.000000    3.133135   -0.133135 (VIOLATED)
_35446_/B1                              3.000000    3.133131   -0.133131 (VIOLATED)
_35422_/A1                              3.000000    3.133111   -0.133111 (VIOLATED)
_35409_/B1                              3.000000    3.133095   -0.133095 (VIOLATED)
_35746_/B1                              3.000000    3.133035   -0.133035 (VIOLATED)
_36392_/B1                              3.000000    3.133005   -0.133005 (VIOLATED)
_35408_/Z                               3.000000    3.132992   -0.132992 (VIOLATED)
max_cap1328/I                           3.000000    3.132992   -0.132992 (VIOLATED)
_34342_/A1                              3.000000    3.131994   -0.131995 (VIOLATED)
_34337_/A1                              3.000000    3.131992   -0.131992 (VIOLATED)
_34234_/A1                              3.000000    3.131963   -0.131963 (VIOLATED)
_33799_/Z                               3.000000    3.131915   -0.131915 (VIOLATED)
_33800_/B1                              3.000000    3.131915   -0.131915 (VIOLATED)
_34113_/B1                              3.000000    3.131915   -0.131915 (VIOLATED)
load_slew1210/I                         3.000000    3.131915   -0.131915 (VIOLATED)
_52652_/A3                              3.000000    3.131338   -0.131338 (VIOLATED)
_52036_/A3                              3.000000    3.131335   -0.131335 (VIOLATED)
_52341_/A3                              3.000000    3.131334   -0.131334 (VIOLATED)
_52241_/A3                              3.000000    3.131328   -0.131328 (VIOLATED)
_52547_/A3                              3.000000    3.131327   -0.131327 (VIOLATED)
_52142_/A3                              3.000000    3.131324   -0.131324 (VIOLATED)
_52445_/A3                              3.000000    3.131321   -0.131322 (VIOLATED)
_52756_/A3                              3.000000    3.131308   -0.131308 (VIOLATED)
_52035_/Z                               3.000000    3.131231   -0.131231 (VIOLATED)
_52860_/A3                              3.000000    3.131231   -0.131231 (VIOLATED)
_52964_/A3                              3.000000    3.131231   -0.131231 (VIOLATED)
_36213_/A2                              3.000000    3.131096   -0.131096 (VIOLATED)
_36216_/A1                              3.000000    3.131092   -0.131092 (VIOLATED)
_36208_/A2                              3.000000    3.131091   -0.131091 (VIOLATED)
_35585_/I                               3.000000    3.131090   -0.131090 (VIOLATED)
_35607_/I                               3.000000    3.131087   -0.131087 (VIOLATED)
_35644_/I                               3.000000    3.131016   -0.131016 (VIOLATED)
_35628_/I                               3.000000    3.130991   -0.130991 (VIOLATED)
_35436_/I                               3.000000    3.130990   -0.130990 (VIOLATED)
_35435_/Z                               3.000000    3.130972   -0.130972 (VIOLATED)
_35660_/I                               3.000000    3.130972   -0.130972 (VIOLATED)
_36441_/A2                              3.000000    3.130972   -0.130972 (VIOLATED)
_43323_/A2                              3.000000    3.129901   -0.129901 (VIOLATED)
_43220_/A2                              3.000000    3.129899   -0.129899 (VIOLATED)
wire748/I                               3.000000    3.129895   -0.129895 (VIOLATED)
_43131_/A2                              3.000000    3.129874   -0.129875 (VIOLATED)
_43397_/A2                              3.000000    3.129842   -0.129842 (VIOLATED)
_42646_/Z                               3.000000    3.129824   -0.129824 (VIOLATED)
_33826_/A2                              3.000000    3.129612   -0.129612 (VIOLATED)
wire1211/I                              3.000000    3.129609   -0.129609 (VIOLATED)
_34525_/B1                              3.000000    3.129604   -0.129604 (VIOLATED)
_33797_/Z                               3.000000    3.129591   -0.129591 (VIOLATED)
_31154_/ZN                              3.000000    3.127903   -0.127903 (VIOLATED)
_31160_/A1                              3.000000    3.127903   -0.127903 (VIOLATED)
_29909_/ZN                              3.000000    3.126050   -0.126050 (VIOLATED)
wire505/I                               3.000000    3.126050   -0.126050 (VIOLATED)
_50450_/B                               3.000000    3.122408   -0.122408 (VIOLATED)
_50447_/A1                              3.000000    3.122406   -0.122406 (VIOLATED)
_50443_/A1                              3.000000    3.122406   -0.122406 (VIOLATED)
_50440_/A1                              3.000000    3.122400   -0.122400 (VIOLATED)
_50439_/ZN                              3.000000    3.122332   -0.122332 (VIOLATED)
_36325_/B1                              3.000000    3.120569   -0.120569 (VIOLATED)
_35828_/A1                              3.000000    3.120497   -0.120497 (VIOLATED)
_35619_/Z                               3.000000    3.120484   -0.120485 (VIOLATED)
max_cap2026/I                           3.000000    3.120484   -0.120485 (VIOLATED)
_31152_/A1                              3.000000    3.118427   -0.118427 (VIOLATED)
_31125_/A1                              3.000000    3.118423   -0.118423 (VIOLATED)
_31157_/A1                              3.000000    3.118418   -0.118418 (VIOLATED)
_31120_/A1                              3.000000    3.118362   -0.118362 (VIOLATED)
_31000_/A1                              3.000000    3.118348   -0.118348 (VIOLATED)
_31072_/A1                              3.000000    3.118316   -0.118316 (VIOLATED)
_34794_/A2                              3.000000    3.118282   -0.118282 (VIOLATED)
_34419_/A3                              3.000000    3.118282   -0.118282 (VIOLATED)
_34821_/A3                              3.000000    3.118278   -0.118278 (VIOLATED)
_34409_/A2                              3.000000    3.118275   -0.118276 (VIOLATED)
_34839_/A2                              3.000000    3.118268   -0.118268 (VIOLATED)
_34482_/A2                              3.000000    3.118267   -0.118267 (VIOLATED)
_34377_/B                               3.000000    3.118266   -0.118266 (VIOLATED)
fanout1667/I                            3.000000    3.118256   -0.118257 (VIOLATED)
_34446_/A2                              3.000000    3.118256   -0.118256 (VIOLATED)
_34468_/B                               3.000000    3.118256   -0.118256 (VIOLATED)
_34776_/C                               3.000000    3.118256   -0.118256 (VIOLATED)
fanout1558/Z                            3.000000    3.118256   -0.118256 (VIOLATED)
fanout1668/Z                            3.000000    3.118245   -0.118245 (VIOLATED)
_47166_/A1                              3.000000    3.118018   -0.118018 (VIOLATED)
_47292_/A1                              3.000000    3.118012   -0.118012 (VIOLATED)
_47094_/A1                              3.000000    3.118006   -0.118006 (VIOLATED)
_33571_/A2                              3.000000    3.118000   -0.118000 (VIOLATED)
_33570_/ZN                              3.000000    3.117984   -0.117984 (VIOLATED)
_30709_/ZN                              3.000000    3.117136   -0.117136 (VIOLATED)
wire475/I                               3.000000    3.117136   -0.117136 (VIOLATED)
_47738_/A1                              3.000000    3.116571   -0.116571 (VIOLATED)
_47756_/A1                              3.000000    3.116564   -0.116564 (VIOLATED)
_47712_/A1                              3.000000    3.116550   -0.116550 (VIOLATED)
_47992_/A1                              3.000000    3.116544   -0.116544 (VIOLATED)
_47710_/ZN                              3.000000    3.116444   -0.116444 (VIOLATED)
_48043_/A1                              3.000000    3.116444   -0.116444 (VIOLATED)
_48045_/B2                              3.000000    3.116444   -0.116444 (VIOLATED)
_48049_/A1                              3.000000    3.116444   -0.116444 (VIOLATED)
wire531/I                               3.000000    3.114073   -0.114073 (VIOLATED)
_30619_/ZN                              3.000000    3.114072   -0.114072 (VIOLATED)
_34109_/A1                              3.000000    3.113228   -0.113229 (VIOLATED)
_35152_/A2                              3.000000    3.113206   -0.113206 (VIOLATED)
_33855_/A2                              3.000000    3.113199   -0.113199 (VIOLATED)
wire815/I                               3.000000    3.113199   -0.113199 (VIOLATED)
_34070_/A1                              3.000000    3.113196   -0.113196 (VIOLATED)
_33739_/Z                               3.000000    3.113168   -0.113168 (VIOLATED)
_50103_/B2                              3.000000    3.111959   -0.111959 (VIOLATED)
_50101_/ZN                              3.000000    3.111957   -0.111957 (VIOLATED)
_50242_/I                               3.000000    3.111957   -0.111957 (VIOLATED)
_50029_/B2                              3.000000    3.109074   -0.109074 (VIOLATED)
_50200_/A1                              3.000000    3.109056   -0.109056 (VIOLATED)
_50190_/A2                              3.000000    3.109055   -0.109055 (VIOLATED)
_50204_/A1                              3.000000    3.109055   -0.109055 (VIOLATED)
_50026_/ZN                              3.000000    3.109040   -0.109040 (VIOLATED)
_30762_/A1                              3.000000    3.108721   -0.108721 (VIOLATED)
_30760_/ZN                              3.000000    3.108627   -0.108627 (VIOLATED)
_47452_/A1                              3.000000    3.106995   -0.106995 (VIOLATED)
_47344_/A2                              3.000000    3.106985   -0.106985 (VIOLATED)
_47523_/A1                              3.000000    3.106976   -0.106976 (VIOLATED)
_47342_/ZN                              3.000000    3.106885   -0.106885 (VIOLATED)
_35366_/B1                              3.000000    3.106071   -0.106071 (VIOLATED)
_35696_/B1                              3.000000    3.106056   -0.106056 (VIOLATED)
_35702_/A1                              3.000000    3.106052   -0.106052 (VIOLATED)
_36076_/A1                              3.000000    3.105995   -0.105995 (VIOLATED)
_35365_/Z                               3.000000    3.105957   -0.105957 (VIOLATED)
max_cap1173/I                           3.000000    3.105957   -0.105957 (VIOLATED)
_36644_/A2                              3.000000    3.105786   -0.105786 (VIOLATED)
_35569_/A1                              3.000000    3.105781   -0.105781 (VIOLATED)
_36233_/A2                              3.000000    3.105778   -0.105778 (VIOLATED)
_36228_/B                               3.000000    3.105776   -0.105776 (VIOLATED)
_36229_/A1                              3.000000    3.105774   -0.105774 (VIOLATED)
_36245_/B                               3.000000    3.105759   -0.105759 (VIOLATED)
_36246_/A1                              3.000000    3.105759   -0.105759 (VIOLATED)
_35557_/A2                              3.000000    3.105753   -0.105753 (VIOLATED)
_35591_/A2                              3.000000    3.105741   -0.105741 (VIOLATED)
_36283_/A2                              3.000000    3.105741   -0.105741 (VIOLATED)
fanout1542/Z                            3.000000    3.105741   -0.105741 (VIOLATED)
_30970_/ZN                              3.000000    3.104215   -0.104215 (VIOLATED)
_30971_/A1                              3.000000    3.104215   -0.104215 (VIOLATED)
_42094_/A1                              3.000000    3.103243   -0.103243 (VIOLATED)
max_cap759/I                            3.000000    3.103236   -0.103236 (VIOLATED)
_42373_/A1                              3.000000    3.103219   -0.103219 (VIOLATED)
_42471_/A1                              3.000000    3.103196   -0.103196 (VIOLATED)
_42568_/A1                              3.000000    3.103150   -0.103150 (VIOLATED)
_41795_/Z                               3.000000    3.103121   -0.103121 (VIOLATED)
_30869_/ZN                              3.000000    3.102821   -0.102821 (VIOLATED)
_30870_/A1                              3.000000    3.102821   -0.102821 (VIOLATED)
_55574_/A2                              3.000000    3.101695   -0.101695 (VIOLATED)
_55572_/ZN                              3.000000    3.101679   -0.101679 (VIOLATED)
_36656_/A1                              3.000000    3.101091   -0.101091 (VIOLATED)
_35999_/A2                              3.000000    3.101073   -0.101073 (VIOLATED)
_35541_/A3                              3.000000    3.101045   -0.101045 (VIOLATED)
_35846_/A2                              3.000000    3.101043   -0.101044 (VIOLATED)
_35411_/Z                               3.000000    3.100999   -0.100999 (VIOLATED)
max_cap1411/I                           3.000000    3.100999   -0.100999 (VIOLATED)
_34606_/A1                              3.000000    3.097972   -0.097972 (VIOLATED)
_34194_/A1                              3.000000    3.097965   -0.097965 (VIOLATED)
wire814/I                               3.000000    3.097933   -0.097933 (VIOLATED)
_34721_/A1                              3.000000    3.097932   -0.097932 (VIOLATED)
_33796_/Z                               3.000000    3.097910   -0.097910 (VIOLATED)
_33931_/A1                              3.000000    3.097910   -0.097910 (VIOLATED)
_33973_/A1                              3.000000    3.097910   -0.097910 (VIOLATED)
_30147_/A1                              3.000000    3.095865   -0.095865 (VIOLATED)
_31256_/A1                              3.000000    3.095864   -0.095864 (VIOLATED)
_29655_/ZN                              3.000000    3.095853   -0.095853 (VIOLATED)
_29656_/A2                              3.000000    3.095853   -0.095853 (VIOLATED)
_29767_/A1                              3.000000    3.095853   -0.095853 (VIOLATED)
_30442_/I                               3.000000    3.095853   -0.095853 (VIOLATED)
_30560_/A1                              3.000000    3.095303   -0.095303 (VIOLATED)
_30559_/ZN                              3.000000    3.095300   -0.095300 (VIOLATED)
_40669_/A1                              3.000000    3.093143   -0.093143 (VIOLATED)
_40060_/A1                              3.000000    3.093125   -0.093125 (VIOLATED)
_39488_/A1                              3.000000    3.093100   -0.093100 (VIOLATED)
_39688_/A1                              3.000000    3.093079   -0.093080 (VIOLATED)
_37736_/ZN                              3.000000    3.093017   -0.093017 (VIOLATED)
wire714/I                               3.000000    3.093017   -0.093017 (VIOLATED)
_30993_/B1                              3.000000    3.089544   -0.089544 (VIOLATED)
_31113_/B1                              3.000000    3.089543   -0.089543 (VIOLATED)
_30542_/B1                              3.000000    3.089542   -0.089542 (VIOLATED)
_31033_/B1                              3.000000    3.089542   -0.089542 (VIOLATED)
_31195_/B1                              3.000000    3.089536   -0.089537 (VIOLATED)
_30587_/B1                              3.000000    3.089519   -0.089519 (VIOLATED)
_30125_/Z                               3.000000    3.089496   -0.089496 (VIOLATED)
_30127_/B1                              3.000000    3.089496   -0.089496 (VIOLATED)
_30316_/B1                              3.000000    3.089496   -0.089496 (VIOLATED)
_30433_/B1                              3.000000    3.089496   -0.089496 (VIOLATED)
_31278_/B1                              3.000000    3.089496   -0.089496 (VIOLATED)
wire182/I                               3.000000    3.088750   -0.088750 (VIOLATED)
_51979_/A3                              3.000000    3.088695   -0.088695 (VIOLATED)
_51978_/Z                               3.000000    3.088670   -0.088671 (VIOLATED)
_33624_/B1                              3.000000    3.088654   -0.088654 (VIOLATED)
_34574_/A1                              3.000000    3.088653   -0.088654 (VIOLATED)
_33699_/B1                              3.000000    3.088653   -0.088653 (VIOLATED)
_34579_/A1                              3.000000    3.088650   -0.088650 (VIOLATED)
_33623_/Z                               3.000000    3.088637   -0.088637 (VIOLATED)
_34061_/A1                              3.000000    3.088637   -0.088637 (VIOLATED)
max_cap1378/I                           3.000000    3.088637   -0.088637 (VIOLATED)
_60104_/RN                              3.000000    3.088340   -0.088340 (VIOLATED)
_60153_/RN                              3.000000    3.088339   -0.088339 (VIOLATED)
_61254_/RN                              3.000000    3.088336   -0.088337 (VIOLATED)
_60154_/RN                              3.000000    3.088331   -0.088332 (VIOLATED)
_60105_/RN                              3.000000    3.088331   -0.088331 (VIOLATED)
_60072_/RN                              3.000000    3.088326   -0.088326 (VIOLATED)
_60161_/RN                              3.000000    3.088326   -0.088326 (VIOLATED)
_60112_/RN                              3.000000    3.088323   -0.088323 (VIOLATED)
_60113_/RN                              3.000000    3.088309   -0.088309 (VIOLATED)
_60162_/RN                              3.000000    3.088309   -0.088309 (VIOLATED)
fanout1853/Z                            3.000000    3.088309   -0.088309 (VIOLATED)
_36329_/C                               3.000000    3.088012   -0.088012 (VIOLATED)
_36636_/C                               3.000000    3.088004   -0.088004 (VIOLATED)
load_slew1409/I                         3.000000    3.087969   -0.087969 (VIOLATED)
_35443_/Z                               3.000000    3.087839   -0.087839 (VIOLATED)
_35818_/A2                              3.000000    3.087839   -0.087839 (VIOLATED)
_41405_/A1                              3.000000    3.087651   -0.087651 (VIOLATED)
_41605_/A1                              3.000000    3.087640   -0.087640 (VIOLATED)
_41695_/A1                              3.000000    3.087619   -0.087619 (VIOLATED)
_41507_/A1                              3.000000    3.087602   -0.087602 (VIOLATED)
_40907_/Z                               3.000000    3.087568   -0.087568 (VIOLATED)
wire772/I                               3.000000    3.087568   -0.087568 (VIOLATED)
_42931_/A2                              3.000000    3.087208   -0.087208 (VIOLATED)
_42840_/A2                              3.000000    3.087202   -0.087202 (VIOLATED)
_42695_/A2                              3.000000    3.087166   -0.087166 (VIOLATED)
_42745_/A2                              3.000000    3.087155   -0.087155 (VIOLATED)
_43030_/A2                              3.000000    3.087124   -0.087124 (VIOLATED)
_42694_/Z                               3.000000    3.087109   -0.087109 (VIOLATED)
max_cap964/I                            3.000000    3.087109   -0.087109 (VIOLATED)
_30731_/A1                              3.000000    3.084926   -0.084926 (VIOLATED)
_30871_/B1                              3.000000    3.084925   -0.084925 (VIOLATED)
_30767_/B1                              3.000000    3.084921   -0.084921 (VIOLATED)
_30621_/B1                              3.000000    3.084915   -0.084915 (VIOLATED)
_30244_/B1                              3.000000    3.084908   -0.084908 (VIOLATED)
_29713_/Z                               3.000000    3.084897   -0.084897 (VIOLATED)
_29714_/B1                              3.000000    3.084897   -0.084897 (VIOLATED)
_29792_/B1                              3.000000    3.084897   -0.084897 (VIOLATED)
_30051_/A1                              3.000000    3.084897   -0.084897 (VIOLATED)
_30165_/B1                              3.000000    3.084897   -0.084897 (VIOLATED)
_31283_/B1                              3.000000    3.084897   -0.084897 (VIOLATED)
_38916_/A1                              3.000000    3.084671   -0.084671 (VIOLATED)
_38931_/A1                              3.000000    3.084669   -0.084669 (VIOLATED)
_38921_/A1                              3.000000    3.084666   -0.084666 (VIOLATED)
_38926_/A1                              3.000000    3.084662   -0.084662 (VIOLATED)
_38951_/A1                              3.000000    3.084652   -0.084652 (VIOLATED)
_38946_/A1                              3.000000    3.084636   -0.084637 (VIOLATED)
_38936_/A1                              3.000000    3.084623   -0.084623 (VIOLATED)
_38941_/A1                              3.000000    3.084617   -0.084617 (VIOLATED)
_38902_/Z                               3.000000    3.084605   -0.084606 (VIOLATED)
_38905_/A1                              3.000000    3.084605   -0.084606 (VIOLATED)
_38911_/A1                              3.000000    3.084605   -0.084606 (VIOLATED)
_30748_/A2                              3.000000    3.083210   -0.083210 (VIOLATED)
_29300_/I                               3.000000    3.083203   -0.083203 (VIOLATED)
_29640_/A1                              3.000000    3.083200   -0.083200 (VIOLATED)
_29280_/B                               3.000000    3.083193   -0.083193 (VIOLATED)
_30077_/A2                              3.000000    3.083189   -0.083189 (VIOLATED)
_29279_/ZN                              3.000000    3.083173   -0.083173 (VIOLATED)
_29286_/I                               3.000000    3.083173   -0.083173 (VIOLATED)
_29651_/I                               3.000000    3.083173   -0.083173 (VIOLATED)
_29667_/A2                              3.000000    3.083173   -0.083173 (VIOLATED)
_29920_/A1                              3.000000    3.083173   -0.083173 (VIOLATED)
_31056_/A1                              3.000000    3.083173   -0.083173 (VIOLATED)
_47734_/A1                              3.000000    3.082465   -0.082465 (VIOLATED)
_47752_/A1                              3.000000    3.082462   -0.082462 (VIOLATED)
_47706_/A1                              3.000000    3.082458   -0.082458 (VIOLATED)
_47988_/A1                              3.000000    3.082439   -0.082439 (VIOLATED)
_28935_/A2                              3.000000    3.082392   -0.082392 (VIOLATED)
_28575_/A2                              3.000000    3.082354   -0.082354 (VIOLATED)
_55915_/A1                              3.000000    3.082335   -0.082335 (VIOLATED)
_47699_/ZN                              3.000000    3.082332   -0.082332 (VIOLATED)
_48036_/A1                              3.000000    3.082332   -0.082332 (VIOLATED)
_48037_/A2                              3.000000    3.082332   -0.082332 (VIOLATED)
_48041_/A1                              3.000000    3.082332   -0.082332 (VIOLATED)
_55981_/A1                              3.000000    3.082331   -0.082331 (VIOLATED)
wire906/I                               3.000000    3.082322   -0.082322 (VIOLATED)
_28570_/Z                               3.000000    3.082305   -0.082305 (VIOLATED)
_34658_/A2                              3.000000    3.082160   -0.082160 (VIOLATED)
fanout1586/I                            3.000000    3.082142   -0.082143 (VIOLATED)
fanout1581/I                            3.000000    3.082101   -0.082101 (VIOLATED)
fanout1579/I                            3.000000    3.082055   -0.082055 (VIOLATED)
fanout1578/I                            3.000000    3.082039   -0.082039 (VIOLATED)
fanout1583/I                            3.000000    3.082039   -0.082039 (VIOLATED)
fanout1587/Z                            3.000000    3.082039   -0.082039 (VIOLATED)
_29751_/A1                              3.000000    3.080945   -0.080946 (VIOLATED)
_29290_/A2                              3.000000    3.080945   -0.080945 (VIOLATED)
_29763_/A2                              3.000000    3.080941   -0.080941 (VIOLATED)
_29639_/A2                              3.000000    3.080934   -0.080934 (VIOLATED)
_30891_/A2                              3.000000    3.080919   -0.080919 (VIOLATED)
_29919_/A2                              3.000000    3.080918   -0.080918 (VIOLATED)
_30845_/A2                              3.000000    3.080904   -0.080904 (VIOLATED)
_30651_/A3                              3.000000    3.080894   -0.080894 (VIOLATED)
_29994_/A2                              3.000000    3.080884   -0.080884 (VIOLATED)
_29289_/Z                               3.000000    3.080868   -0.080868 (VIOLATED)
_30807_/A1                              3.000000    3.080868   -0.080868 (VIOLATED)
wire948/I                               3.000000    3.073800   -0.073800 (VIOLATED)
_48587_/ZN                              3.000000    3.073798   -0.073798 (VIOLATED)
_52647_/A2                              3.000000    3.071213   -0.071213 (VIOLATED)
_52751_/A2                              3.000000    3.071211   -0.071211 (VIOLATED)
_52856_/A2                              3.000000    3.071187   -0.071187 (VIOLATED)
_52960_/A2                              3.000000    3.071187   -0.071187 (VIOLATED)
_52645_/Z                               3.000000    3.071175   -0.071176 (VIOLATED)
_53065_/A2                              3.000000    3.071175   -0.071176 (VIOLATED)
_53167_/A2                              3.000000    3.071175   -0.071176 (VIOLATED)
_53267_/A2                              3.000000    3.071175   -0.071176 (VIOLATED)
_53367_/A2                              3.000000    3.071175   -0.071176 (VIOLATED)
_53468_/A2                              3.000000    3.071175   -0.071176 (VIOLATED)
_53570_/A2                              3.000000    3.071175   -0.071176 (VIOLATED)
_54089_/A2                              3.000000    3.069041   -0.069041 (VIOLATED)
_54290_/A2                              3.000000    3.069040   -0.069040 (VIOLATED)
_53984_/A2                              3.000000    3.069039   -0.069039 (VIOLATED)
_54191_/A2                              3.000000    3.069036   -0.069036 (VIOLATED)
_53881_/A2                              3.000000    3.069035   -0.069035 (VIOLATED)
_53776_/A2                              3.000000    3.069027   -0.069027 (VIOLATED)
_54386_/A2                              3.000000    3.069019   -0.069019 (VIOLATED)
_53674_/A2                              3.000000    3.069014   -0.069014 (VIOLATED)
_53672_/Z                               3.000000    3.068992   -0.068992 (VIOLATED)
_54482_/A2                              3.000000    3.068992   -0.068992 (VIOLATED)
_54580_/A2                              3.000000    3.068992   -0.068992 (VIOLATED)
_28699_/A1                              3.000000    3.066261   -0.066261 (VIOLATED)
_28711_/A1                              3.000000    3.066259   -0.066259 (VIOLATED)
_28644_/A1                              3.000000    3.066251   -0.066251 (VIOLATED)
_28682_/A1                              3.000000    3.066251   -0.066251 (VIOLATED)
_28661_/A1                              3.000000    3.066224   -0.066224 (VIOLATED)
_28548_/A1                              3.000000    3.066184   -0.066184 (VIOLATED)
_28464_/Z                               3.000000    3.066166   -0.066166 (VIOLATED)
_28465_/A1                              3.000000    3.066166   -0.066166 (VIOLATED)
_28652_/I                               3.000000    3.066166   -0.066166 (VIOLATED)
_28756_/A1                              3.000000    3.066166   -0.066166 (VIOLATED)
_28780_/A1                              3.000000    3.066166   -0.066166 (VIOLATED)
_54971_/A3                              3.000000    3.065127   -0.065127 (VIOLATED)
_54875_/A3                              3.000000    3.065127   -0.065127 (VIOLATED)
_54779_/A3                              3.000000    3.065118   -0.065118 (VIOLATED)
fanout1831/I                            3.000000    3.065016   -0.065016 (VIOLATED)
fanout1835/I                            3.000000    3.065016   -0.065016 (VIOLATED)
fanout1837/Z                            3.000000    3.065016   -0.065016 (VIOLATED)
_41816_/A1                              3.000000    3.064463   -0.064463 (VIOLATED)
wire756/I                               3.000000    3.064456   -0.064456 (VIOLATED)
_42486_/A1                              3.000000    3.064454   -0.064454 (VIOLATED)
_42584_/A1                              3.000000    3.064453   -0.064453 (VIOLATED)
_41815_/Z                               3.000000    3.064406   -0.064406 (VIOLATED)
_29633_/A2                              3.000000    3.062265   -0.062265 (VIOLATED)
_30851_/A2                              3.000000    3.062263   -0.062263 (VIOLATED)
_29937_/I                               3.000000    3.062261   -0.062262 (VIOLATED)
_30337_/A1                              3.000000    3.062249   -0.062250 (VIOLATED)
_29282_/Z                               3.000000    3.062232   -0.062232 (VIOLATED)
_29283_/I                               3.000000    3.062232   -0.062232 (VIOLATED)
_29858_/B                               3.000000    3.062232   -0.062232 (VIOLATED)
_30555_/C                               3.000000    3.062232   -0.062232 (VIOLATED)
_30556_/B                               3.000000    3.062232   -0.062232 (VIOLATED)
_30646_/B                               3.000000    3.062232   -0.062232 (VIOLATED)
_30848_/A3                              3.000000    3.062232   -0.062232 (VIOLATED)
wire1357/I                              3.000000    3.060709   -0.060709 (VIOLATED)
_35107_/A2                              3.000000    3.060694   -0.060694 (VIOLATED)
_33860_/Z                               3.000000    3.060674   -0.060674 (VIOLATED)
_33865_/A2                              3.000000    3.060674   -0.060674 (VIOLATED)
_33873_/A2                              3.000000    3.060674   -0.060674 (VIOLATED)
_33943_/A2                              3.000000    3.060674   -0.060674 (VIOLATED)
wire1424/I                              3.000000    3.059181   -0.059182 (VIOLATED)
_34696_/A2                              3.000000    3.059138   -0.059138 (VIOLATED)
_33996_/A2                              3.000000    3.059077   -0.059077 (VIOLATED)
_35010_/A2                              3.000000    3.059002   -0.059002 (VIOLATED)
_33993_/Z                               3.000000    3.058991   -0.058991 (VIOLATED)
_34173_/A2                              3.000000    3.058991   -0.058991 (VIOLATED)
_61473_/RN                              3.000000    3.057813   -0.057813 (VIOLATED)
_61453_/RN                              3.000000    3.057813   -0.057813 (VIOLATED)
_61474_/RN                              3.000000    3.057811   -0.057811 (VIOLATED)
_61452_/RN                              3.000000    3.057808   -0.057808 (VIOLATED)
_37460_/A3                              3.000000    3.057806   -0.057806 (VIOLATED)
_36976_/A2                              3.000000    3.057805   -0.057805 (VIOLATED)
_61451_/RN                              3.000000    3.057805   -0.057805 (VIOLATED)
_37242_/A2                              3.000000    3.057802   -0.057802 (VIOLATED)
_60425_/RN                              3.000000    3.057792   -0.057792 (VIOLATED)
_61446_/RN                              3.000000    3.057792   -0.057792 (VIOLATED)
fanout1781/Z                            3.000000    3.057792   -0.057792 (VIOLATED)
_42867_/A1                              3.000000    3.056454   -0.056454 (VIOLATED)
_42965_/A1                              3.000000    3.056454   -0.056454 (VIOLATED)
_42998_/A1                              3.000000    3.056434   -0.056434 (VIOLATED)
_42669_/A1                              3.000000    3.056415   -0.056416 (VIOLATED)
_42776_/A1                              3.000000    3.056410   -0.056410 (VIOLATED)
_42668_/Z                               3.000000    3.056381   -0.056381 (VIOLATED)
max_cap747/I                            3.000000    3.056381   -0.056381 (VIOLATED)
_34152_/A2                              3.000000    3.055038   -0.055039 (VIOLATED)
_34380_/I                               3.000000    3.054957   -0.054957 (VIOLATED)
_34006_/Z                               3.000000    3.054880   -0.054880 (VIOLATED)
wire1472/I                              3.000000    3.054880   -0.054880 (VIOLATED)
_55253_/I                               3.000000    3.054612   -0.054613 (VIOLATED)
_56284_/A1                              3.000000    3.054612   -0.054612 (VIOLATED)
_56269_/A1                              3.000000    3.054610   -0.054610 (VIOLATED)
_56281_/A1                              3.000000    3.054608   -0.054608 (VIOLATED)
_56272_/A1                              3.000000    3.054608   -0.054608 (VIOLATED)
_55252_/ZN                              3.000000    3.054596   -0.054596 (VIOLATED)
_56275_/A1                              3.000000    3.054596   -0.054596 (VIOLATED)
_56278_/A1                              3.000000    3.054596   -0.054596 (VIOLATED)
_47760_/A1                              3.000000    3.053544   -0.053544 (VIOLATED)
_47742_/A1                              3.000000    3.053540   -0.053540 (VIOLATED)
_47718_/A1                              3.000000    3.053519   -0.053519 (VIOLATED)
_47996_/A1                              3.000000    3.053515   -0.053516 (VIOLATED)
_47716_/ZN                              3.000000    3.053418   -0.053418 (VIOLATED)
_48051_/A1                              3.000000    3.053418   -0.053418 (VIOLATED)
_48053_/B2                              3.000000    3.053418   -0.053418 (VIOLATED)
_48057_/A1                              3.000000    3.053418   -0.053418 (VIOLATED)
_29402_/ZN                              3.000000    3.049442   -0.049442 (VIOLATED)
_29403_/C                               3.000000    3.049442   -0.049442 (VIOLATED)
wire687/I                               3.000000    3.048569   -0.048570 (VIOLATED)
_39032_/ZN                              3.000000    3.048548   -0.048548 (VIOLATED)
_33074_/I                               3.000000    3.047861   -0.047861 (VIOLATED)
_33073_/ZN                              3.000000    3.047859   -0.047859 (VIOLATED)
_33077_/A1                              3.000000    3.047859   -0.047859 (VIOLATED)
_61678_/SETN                            3.000000    3.047826   -0.047826 (VIOLATED)
_61677_/SETN                            3.000000    3.047825   -0.047825 (VIOLATED)
_61646_/SETN                            3.000000    3.047822   -0.047823 (VIOLATED)
_61404_/RN                              3.000000    3.047818   -0.047818 (VIOLATED)
_61396_/RN                              3.000000    3.047817   -0.047817 (VIOLATED)
_61405_/RN                              3.000000    3.047816   -0.047816 (VIOLATED)
_61647_/SETN                            3.000000    3.047803   -0.047803 (VIOLATED)
_61395_/RN                              3.000000    3.047802   -0.047802 (VIOLATED)
fanout1760/I                            3.000000    3.047774   -0.047774 (VIOLATED)
fanout1761/Z                            3.000000    3.047774   -0.047774 (VIOLATED)
_36501_/A2                              3.000000    3.047463   -0.047463 (VIOLATED)
_35955_/A2                              3.000000    3.047419   -0.047419 (VIOLATED)
wire1402/I                              3.000000    3.047298   -0.047298 (VIOLATED)
_35597_/Z                               3.000000    3.047234   -0.047234 (VIOLATED)
_35598_/A2                              3.000000    3.047234   -0.047234 (VIOLATED)
_55288_/Z                               3.000000    3.046913   -0.046914 (VIOLATED)
_55289_/A1                              3.000000    3.046913   -0.046914 (VIOLATED)
_55291_/A1                              3.000000    3.046913   -0.046914 (VIOLATED)
_55294_/A1                              3.000000    3.046913   -0.046914 (VIOLATED)
_55296_/A1                              3.000000    3.046913   -0.046914 (VIOLATED)
_55298_/A1                              3.000000    3.046913   -0.046914 (VIOLATED)
_55300_/A1                              3.000000    3.046913   -0.046914 (VIOLATED)
_55302_/A1                              3.000000    3.046913   -0.046914 (VIOLATED)
_55304_/A1                              3.000000    3.046913   -0.046914 (VIOLATED)
_55306_/A1                              3.000000    3.046913   -0.046914 (VIOLATED)
_55308_/A1                              3.000000    3.046913   -0.046914 (VIOLATED)
_51993_/I                               3.000000    3.045179   -0.045179 (VIOLATED)
_51907_/I                               3.000000    3.045177   -0.045177 (VIOLATED)
_52992_/I                               3.000000    3.045171   -0.045171 (VIOLATED)
_54016_/I                               3.000000    3.045128   -0.045128 (VIOLATED)
_51906_/ZN                              3.000000    3.045050   -0.045050 (VIOLATED)
max_cap243/I                            3.000000    3.045050   -0.045050 (VIOLATED)
wire844/I                               3.000000    3.045027   -0.045027 (VIOLATED)
_37034_/A1                              3.000000    3.045025   -0.045025 (VIOLATED)
_37214_/A1                              3.000000    3.045015   -0.045015 (VIOLATED)
_37360_/A1                              3.000000    3.045007   -0.045008 (VIOLATED)
_37505_/A1                              3.000000    3.045006   -0.045006 (VIOLATED)
_29011_/Z                               3.000000    3.044956   -0.044956 (VIOLATED)
_55937_/A1                              3.000000    3.044956   -0.044956 (VIOLATED)
_34075_/A2                              3.000000    3.044914   -0.044915 (VIOLATED)
_34095_/A2                              3.000000    3.044914   -0.044915 (VIOLATED)
_34478_/A2                              3.000000    3.044914   -0.044914 (VIOLATED)
_34468_/A2                              3.000000    3.044913   -0.044913 (VIOLATED)
_34433_/A2                              3.000000    3.044893   -0.044893 (VIOLATED)
_34780_/A2                              3.000000    3.044892   -0.044892 (VIOLATED)
_34826_/A2                              3.000000    3.044891   -0.044891 (VIOLATED)
_34442_/A2                              3.000000    3.044890   -0.044891 (VIOLATED)
_34776_/A1                              3.000000    3.044889   -0.044889 (VIOLATED)
_33609_/I                               3.000000    3.044872   -0.044872 (VIOLATED)
fanout1573/Z                            3.000000    3.044872   -0.044872 (VIOLATED)
wire947/I                               3.000000    3.043501   -0.043501 (VIOLATED)
_48596_/ZN                              3.000000    3.043499   -0.043499 (VIOLATED)
_32572_/A2                              3.000000    3.041699   -0.041699 (VIOLATED)
_51768_/A2                              3.000000    3.041698   -0.041698 (VIOLATED)
_32570_/A3                              3.000000    3.041690   -0.041690 (VIOLATED)
_51696_/A3                              3.000000    3.041689   -0.041689 (VIOLATED)
_51692_/A2                              3.000000    3.041680   -0.041680 (VIOLATED)
_51693_/A2                              3.000000    3.041673   -0.041674 (VIOLATED)
_51468_/I                               3.000000    3.041663   -0.041664 (VIOLATED)
_51607_/A1                              3.000000    3.041646   -0.041647 (VIOLATED)
fanout1517/I                            3.000000    3.041612   -0.041612 (VIOLATED)
fanout1518/I                            3.000000    3.041594   -0.041594 (VIOLATED)
fanout1519/Z                            3.000000    3.041594   -0.041594 (VIOLATED)
_35572_/A1                              3.000000    3.040039   -0.040040 (VIOLATED)
_35567_/A1                              3.000000    3.040031   -0.040031 (VIOLATED)
_36202_/A1                              3.000000    3.039941   -0.039941 (VIOLATED)
_35499_/B1                              3.000000    3.039916   -0.039916 (VIOLATED)
_35498_/Z                               3.000000    3.039827   -0.039827 (VIOLATED)
wire1148/I                              3.000000    3.039827   -0.039827 (VIOLATED)
_61067_/RN                              3.000000    3.038474   -0.038474 (VIOLATED)
_61068_/RN                              3.000000    3.038471   -0.038472 (VIOLATED)
_61069_/RN                              3.000000    3.038470   -0.038470 (VIOLATED)
_61066_/RN                              3.000000    3.038467   -0.038467 (VIOLATED)
_61065_/RN                              3.000000    3.038466   -0.038467 (VIOLATED)
_56400_/SETN                            3.000000    3.038465   -0.038465 (VIOLATED)
_61064_/RN                              3.000000    3.038465   -0.038465 (VIOLATED)
_56399_/SETN                            3.000000    3.038454   -0.038454 (VIOLATED)
_56398_/SETN                            3.000000    3.038453   -0.038453 (VIOLATED)
_56396_/SETN                            3.000000    3.038430   -0.038430 (VIOLATED)
fanout1682/Z                            3.000000    3.038430   -0.038430 (VIOLATED)
_31210_/A1                              3.000000    3.036807   -0.036807 (VIOLATED)
_31162_/A1                              3.000000    3.036805   -0.036805 (VIOLATED)
_30927_/A1                              3.000000    3.036796   -0.036796 (VIOLATED)
_31010_/A1                              3.000000    3.036793   -0.036793 (VIOLATED)
_31130_/A1                              3.000000    3.036791   -0.036791 (VIOLATED)
_31048_/A1                              3.000000    3.036790   -0.036791 (VIOLATED)
_30387_/A1                              3.000000    3.036774   -0.036774 (VIOLATED)
_31328_/A1                              3.000000    3.036759   -0.036759 (VIOLATED)
_30370_/Z                               3.000000    3.036749   -0.036749 (VIOLATED)
_31247_/A1                              3.000000    3.036749   -0.036749 (VIOLATED)
_31293_/A1                              3.000000    3.036749   -0.036749 (VIOLATED)
_30356_/A2                              3.000000    3.036574   -0.036574 (VIOLATED)
_30463_/A2                              3.000000    3.036571   -0.036571 (VIOLATED)
_30413_/A1                              3.000000    3.036569   -0.036569 (VIOLATED)
_29396_/I                               3.000000    3.036563   -0.036563 (VIOLATED)
_30094_/A2                              3.000000    3.036544   -0.036544 (VIOLATED)
_29395_/ZN                              3.000000    3.036424   -0.036424 (VIOLATED)
_33472_/A3                              3.000000    3.036424   -0.036424 (VIOLATED)
_38577_/A1                              3.000000    3.033811   -0.033811 (VIOLATED)
_38541_/A1                              3.000000    3.033810   -0.033810 (VIOLATED)
_38546_/A1                              3.000000    3.033808   -0.033808 (VIOLATED)
_38566_/A1                              3.000000    3.033804   -0.033805 (VIOLATED)
_38536_/A1                              3.000000    3.033799   -0.033800 (VIOLATED)
_38571_/A1                              3.000000    3.033798   -0.033798 (VIOLATED)
_38561_/A1                              3.000000    3.033785   -0.033785 (VIOLATED)
_38556_/A1                              3.000000    3.033785   -0.033785 (VIOLATED)
_38530_/A1                              3.000000    3.033778   -0.033778 (VIOLATED)
_36440_/A2                              3.000000    3.033751   -0.033752 (VIOLATED)
_38527_/Z                               3.000000    3.033742   -0.033742 (VIOLATED)
_38551_/A1                              3.000000    3.033742   -0.033742 (VIOLATED)
_36123_/A2                              3.000000    3.033738   -0.033738 (VIOLATED)
_35523_/ZN                              3.000000    3.033705   -0.033705 (VIOLATED)
_35524_/I                               3.000000    3.033705   -0.033705 (VIOLATED)
_36295_/A2                              3.000000    3.033705   -0.033705 (VIOLATED)
_33037_/A1                              3.000000    3.033537   -0.033537 (VIOLATED)
_47005_/A1                              3.000000    3.033532   -0.033532 (VIOLATED)
_30413_/A2                              3.000000    3.033525   -0.033525 (VIOLATED)
_33016_/A2                              3.000000    3.033519   -0.033519 (VIOLATED)
_30412_/ZN                              3.000000    3.033456   -0.033456 (VIOLATED)
_35604_/I                               3.000000    3.033174   -0.033174 (VIOLATED)
_35552_/I                               3.000000    3.033173   -0.033173 (VIOLATED)
_36208_/B2                              3.000000    3.033173   -0.033173 (VIOLATED)
_36215_/A2                              3.000000    3.033168   -0.033168 (VIOLATED)
_35531_/I                               3.000000    3.033147   -0.033147 (VIOLATED)
_35947_/I                               3.000000    3.033143   -0.033143 (VIOLATED)
_35424_/Z                               3.000000    3.033129   -0.033129 (VIOLATED)
_35425_/I                               3.000000    3.033129   -0.033129 (VIOLATED)
_35437_/I                               3.000000    3.033129   -0.033129 (VIOLATED)
_35645_/I                               3.000000    3.033129   -0.033129 (VIOLATED)
_36441_/B1                              3.000000    3.033129   -0.033129 (VIOLATED)
_29635_/A1                              3.000000    3.032736   -0.032736 (VIOLATED)
_29272_/A1                              3.000000    3.032734   -0.032734 (VIOLATED)
_29265_/A1                              3.000000    3.032727   -0.032727 (VIOLATED)
_29268_/A1                              3.000000    3.032709   -0.032709 (VIOLATED)
_29308_/A1                              3.000000    3.032654   -0.032654 (VIOLATED)
_29281_/A1                              3.000000    3.032651   -0.032651 (VIOLATED)
_29192_/A3                              3.000000    3.032625   -0.032625 (VIOLATED)
_29191_/ZN                              3.000000    3.032604   -0.032604 (VIOLATED)
_29276_/I                               3.000000    3.032604   -0.032604 (VIOLATED)
_55796_/A2                              3.000000    3.032430   -0.032430 (VIOLATED)
_55794_/ZN                              3.000000    3.032419   -0.032419 (VIOLATED)
_40979_/A2                              3.000000    3.030917   -0.030917 (VIOLATED)
max_cap1286/I                           3.000000    3.030916   -0.030916 (VIOLATED)
_40974_/A2                              3.000000    3.030915   -0.030916 (VIOLATED)
_40945_/ZN                              3.000000    3.030899   -0.030899 (VIOLATED)
max_cap295/I                            3.000000    3.030019   -0.030019 (VIOLATED)
_45336_/A1                              3.000000    3.029640   -0.029640 (VIOLATED)
_45263_/A1                              3.000000    3.029549   -0.029549 (VIOLATED)
_45486_/A1                              3.000000    3.029080   -0.029080 (VIOLATED)
_33576_/A2                              3.000000    3.028940   -0.028940 (VIOLATED)
_44811_/A1                              3.000000    3.028934   -0.028934 (VIOLATED)
_44809_/Z                               3.000000    3.028912   -0.028912 (VIOLATED)
_47423_/A2                              3.000000    3.028900   -0.028900 (VIOLATED)
_33575_/ZN                              3.000000    3.028868   -0.028868 (VIOLATED)
_37166_/A2                              3.000000    3.028868   -0.028868 (VIOLATED)
_55620_/I                               3.000000    3.028730   -0.028730 (VIOLATED)
_55668_/I                               3.000000    3.028725   -0.028725 (VIOLATED)
_55694_/I                               3.000000    3.028725   -0.028725 (VIOLATED)
_55712_/I                               3.000000    3.028723   -0.028723 (VIOLATED)
_55738_/I                               3.000000    3.028681   -0.028681 (VIOLATED)
_55756_/I                               3.000000    3.028673   -0.028673 (VIOLATED)
_55184_/I                               3.000000    3.028634   -0.028634 (VIOLATED)
_32018_/Z                               3.000000    3.028616   -0.028616 (VIOLATED)
_32019_/A3                              3.000000    3.028616   -0.028616 (VIOLATED)
_55183_/I                               3.000000    3.028616   -0.028616 (VIOLATED)
_55562_/I                               3.000000    3.028616   -0.028616 (VIOLATED)
_41923_/A1                              3.000000    3.028030   -0.028030 (VIOLATED)
_42304_/A1                              3.000000    3.028026   -0.028026 (VIOLATED)
_42706_/A1                              3.000000    3.027993   -0.027993 (VIOLATED)
_41142_/ZN                              3.000000    3.027982   -0.027982 (VIOLATED)
max_cap1392/I                           3.000000    3.027982   -0.027982 (VIOLATED)
_36297_/ZN                              3.000000    3.025417   -0.025417 (VIOLATED)
_36298_/A1                              3.000000    3.025417   -0.025417 (VIOLATED)
_41992_/A1                              3.000000    3.024874   -0.024875 (VIOLATED)
_41987_/A1                              3.000000    3.024873   -0.024874 (VIOLATED)
_41982_/A1                              3.000000    3.024873   -0.024873 (VIOLATED)
_41997_/A1                              3.000000    3.024866   -0.024867 (VIOLATED)
_42002_/A1                              3.000000    3.024866   -0.024866 (VIOLATED)
_42007_/A1                              3.000000    3.024856   -0.024856 (VIOLATED)
_42012_/A1                              3.000000    3.024856   -0.024856 (VIOLATED)
_41980_/Z                               3.000000    3.024837   -0.024837 (VIOLATED)
_42019_/A1                              3.000000    3.024837   -0.024837 (VIOLATED)
_42024_/A1                              3.000000    3.024837   -0.024837 (VIOLATED)
_42029_/A1                              3.000000    3.024837   -0.024837 (VIOLATED)
_41334_/A2                              3.000000    3.023912   -0.023912 (VIOLATED)
_41239_/A2                              3.000000    3.023909   -0.023909 (VIOLATED)
_41143_/A2                              3.000000    3.023905   -0.023905 (VIOLATED)
_41047_/A1                              3.000000    3.023796   -0.023796 (VIOLATED)
_41044_/ZN                              3.000000    3.023685   -0.023685 (VIOLATED)
_29722_/ZN                              3.000000    3.023530   -0.023530 (VIOLATED)
_29743_/A1                              3.000000    3.023530   -0.023530 (VIOLATED)
_51161_/C                               3.000000    3.021215   -0.021215 (VIOLATED)
_51170_/C                               3.000000    3.021214   -0.021214 (VIOLATED)
_51179_/C                               3.000000    3.021205   -0.021205 (VIOLATED)
_51203_/B                               3.000000    3.021199   -0.021199 (VIOLATED)
_51199_/B                               3.000000    3.021193   -0.021193 (VIOLATED)
_51207_/B                               3.000000    3.021181   -0.021181 (VIOLATED)
_51195_/B                               3.000000    3.021181   -0.021181 (VIOLATED)
_51147_/A2                              3.000000    3.021151   -0.021151 (VIOLATED)
_51090_/Z                               3.000000    3.021126   -0.021126 (VIOLATED)
_51098_/A2                              3.000000    3.021126   -0.021126 (VIOLATED)
_51103_/B                               3.000000    3.021126   -0.021126 (VIOLATED)
_33911_/A2                              3.000000    3.018461   -0.018461 (VIOLATED)
_33847_/A2                              3.000000    3.018449   -0.018449 (VIOLATED)
_35085_/A2                              3.000000    3.018436   -0.018436 (VIOLATED)
_33845_/Z                               3.000000    3.018422   -0.018422 (VIOLATED)
_35046_/A2                              3.000000    3.018422   -0.018422 (VIOLATED)
wire1204/I                              3.000000    3.018422   -0.018422 (VIOLATED)
_31103_/A1                              3.000000    3.017967   -0.017968 (VIOLATED)
_31102_/ZN                              3.000000    3.017966   -0.017966 (VIOLATED)
_47338_/A2                              3.000000    3.017065   -0.017065 (VIOLATED)
_47448_/A1                              3.000000    3.017065   -0.017065 (VIOLATED)
_47519_/A1                              3.000000    3.017065   -0.017065 (VIOLATED)
_47336_/ZN                              3.000000    3.017061   -0.017061 (VIOLATED)
_42705_/A1                              3.000000    3.016948   -0.016948 (VIOLATED)
_42718_/A1                              3.000000    3.016948   -0.016948 (VIOLATED)
_42712_/A1                              3.000000    3.016946   -0.016946 (VIOLATED)
_42723_/A1                              3.000000    3.016941   -0.016941 (VIOLATED)
_42728_/A1                              3.000000    3.016937   -0.016937 (VIOLATED)
_42738_/A1                              3.000000    3.016911   -0.016911 (VIOLATED)
_42733_/A1                              3.000000    3.016906   -0.016907 (VIOLATED)
_42743_/A1                              3.000000    3.016901   -0.016902 (VIOLATED)
_42693_/A1                              3.000000    3.016891   -0.016891 (VIOLATED)
_42691_/Z                               3.000000    3.016880   -0.016880 (VIOLATED)
_42699_/A1                              3.000000    3.016880   -0.016880 (VIOLATED)
_34595_/A2                              3.000000    3.016811   -0.016811 (VIOLATED)
_34527_/A2                              3.000000    3.016808   -0.016808 (VIOLATED)
_34039_/A2                              3.000000    3.016804   -0.016804 (VIOLATED)
_34581_/A2                              3.000000    3.016799   -0.016799 (VIOLATED)
_34168_/A2                              3.000000    3.016790   -0.016790 (VIOLATED)
_33641_/A2                              3.000000    3.016780   -0.016780 (VIOLATED)
_33951_/A2                              3.000000    3.016768   -0.016769 (VIOLATED)
_35013_/A2                              3.000000    3.016762   -0.016762 (VIOLATED)
_33892_/A2                              3.000000    3.016747   -0.016747 (VIOLATED)
_35090_/A2                              3.000000    3.016747   -0.016747 (VIOLATED)
fanout1576/Z                            3.000000    3.016747   -0.016747 (VIOLATED)
wire835/I                               3.000000    3.014911   -0.014911 (VIOLATED)
_31056_/A2                              3.000000    3.014835   -0.014835 (VIOLATED)
_29631_/A2                              3.000000    3.014806   -0.014806 (VIOLATED)
_29424_/Z                               3.000000    3.014796   -0.014796 (VIOLATED)
_29425_/A2                              3.000000    3.014796   -0.014796 (VIOLATED)
_31258_/A2                              3.000000    3.014652   -0.014652 (VIOLATED)
_30012_/A2                              3.000000    3.014652   -0.014652 (VIOLATED)
_30013_/A1                              3.000000    3.014651   -0.014651 (VIOLATED)
_30148_/A2                              3.000000    3.014643   -0.014643 (VIOLATED)
_30444_/A2                              3.000000    3.014636   -0.014636 (VIOLATED)
_30509_/A2                              3.000000    3.014629   -0.014629 (VIOLATED)
_29937_/Z                               3.000000    3.014602   -0.014602 (VIOLATED)
_29938_/B                               3.000000    3.014602   -0.014602 (VIOLATED)
_30073_/A3                              3.000000    3.014602   -0.014602 (VIOLATED)
_31216_/A2                              3.000000    3.014602   -0.014602 (VIOLATED)
_31220_/A2                              3.000000    3.014602   -0.014602 (VIOLATED)
_35763_/A2                              3.000000    3.013078   -0.013078 (VIOLATED)
_36166_/A1                              3.000000    3.013078   -0.013078 (VIOLATED)
_36408_/A2                              3.000000    3.013068   -0.013069 (VIOLATED)
_35559_/Z                               3.000000    3.013055   -0.013055 (VIOLATED)
load_slew1129/I                         3.000000    3.013055   -0.013055 (VIOLATED)
_48605_/A2                              3.000000    3.013031   -0.013031 (VIOLATED)
_48568_/B                               3.000000    3.013030   -0.013030 (VIOLATED)
_48296_/A2                              3.000000    3.013028   -0.013028 (VIOLATED)
_48549_/B                               3.000000    3.013021   -0.013021 (VIOLATED)
_48352_/A2                              3.000000    3.013014   -0.013014 (VIOLATED)
_48353_/A1                              3.000000    3.013013   -0.013014 (VIOLATED)
_48365_/A1                              3.000000    3.012999   -0.012999 (VIOLATED)
_48366_/A1                              3.000000    3.012999   -0.012999 (VIOLATED)
_48376_/B                               3.000000    3.012995   -0.012996 (VIOLATED)
_48377_/A2                              3.000000    3.012995   -0.012995 (VIOLATED)
_48291_/Z                               3.000000    3.012980   -0.012980 (VIOLATED)
_43264_/A1                              3.000000    3.012814   -0.012814 (VIOLATED)
_43365_/A1                              3.000000    3.012802   -0.012802 (VIOLATED)
_43166_/A1                              3.000000    3.012794   -0.012794 (VIOLATED)
_43438_/A1                              3.000000    3.012748   -0.012748 (VIOLATED)
_42687_/Z                               3.000000    3.012673   -0.012673 (VIOLATED)
max_cap744/I                            3.000000    3.012673   -0.012673 (VIOLATED)
_29688_/ZN                              3.000000    3.012541   -0.012541 (VIOLATED)
_29689_/A4                              3.000000    3.012541   -0.012541 (VIOLATED)
_42260_/A1                              3.000000    3.012353   -0.012353 (VIOLATED)
_41882_/A1                              3.000000    3.012339   -0.012339 (VIOLATED)
_40882_/Z                               3.000000    3.012315   -0.012315 (VIOLATED)
_41492_/A1                              3.000000    3.012315   -0.012315 (VIOLATED)
_43498_/A1                              3.000000    3.012315   -0.012315 (VIOLATED)
max_cap869/I                            3.000000    3.012315   -0.012315 (VIOLATED)
_31040_/A1                              3.000000    3.012171   -0.012171 (VIOLATED)
_31005_/A1                              3.000000    3.012167   -0.012167 (VIOLATED)
_30879_/A1                              3.000000    3.012165   -0.012165 (VIOLATED)
_30873_/A1                              3.000000    3.012164   -0.012164 (VIOLATED)
_30923_/A1                              3.000000    3.012164   -0.012164 (VIOLATED)
_30957_/A1                              3.000000    3.012161   -0.012161 (VIOLATED)
_31043_/A1                              3.000000    3.012159   -0.012159 (VIOLATED)
_30954_/A1                              3.000000    3.012158   -0.012158 (VIOLATED)
_31075_/A1                              3.000000    3.012157   -0.012157 (VIOLATED)
_30917_/A1                              3.000000    3.012146   -0.012147 (VIOLATED)
fanout1667/Z                            3.000000    3.012146   -0.012147 (VIOLATED)
_53876_/A2                              3.000000    3.010678   -0.010678 (VIOLATED)
_53979_/A2                              3.000000    3.010676   -0.010677 (VIOLATED)
_54285_/A2                              3.000000    3.010673   -0.010673 (VIOLATED)
_54082_/A2                              3.000000    3.010669   -0.010669 (VIOLATED)
_54186_/A2                              3.000000    3.010660   -0.010660 (VIOLATED)
_54381_/A2                              3.000000    3.010655   -0.010655 (VIOLATED)
_53874_/Z                               3.000000    3.010633   -0.010633 (VIOLATED)
_54477_/A2                              3.000000    3.010633   -0.010633 (VIOLATED)
_54575_/A2                              3.000000    3.010633   -0.010633 (VIOLATED)
_54672_/A2                              3.000000    3.010633   -0.010633 (VIOLATED)
_54769_/A2                              3.000000    3.010633   -0.010633 (VIOLATED)
_49876_/A1                              3.000000    3.009053   -0.009053 (VIOLATED)
_49823_/A1                              3.000000    3.009047   -0.009047 (VIOLATED)
_49886_/A1                              3.000000    3.009045   -0.009045 (VIOLATED)
_49863_/B                               3.000000    3.009041   -0.009041 (VIOLATED)
_49864_/B2                              3.000000    3.009038   -0.009039 (VIOLATED)
_49865_/A1                              3.000000    3.009035   -0.009035 (VIOLATED)
_49790_/A2                              3.000000    3.009025   -0.009025 (VIOLATED)
_49852_/A1                              3.000000    3.009024   -0.009025 (VIOLATED)
_49843_/A1                              3.000000    3.009011   -0.009011 (VIOLATED)
_31832_/A2                              3.000000    3.008986   -0.008986 (VIOLATED)
fanout1625/Z                            3.000000    3.008986   -0.008986 (VIOLATED)
_39360_/A1                              3.000000    3.007743   -0.007743 (VIOLATED)
_39173_/A1                              3.000000    3.007714   -0.007714 (VIOLATED)
_38982_/A1                              3.000000    3.007679   -0.007679 (VIOLATED)
_38789_/A1                              3.000000    3.007636   -0.007636 (VIOLATED)
_37817_/Z                               3.000000    3.007574   -0.007574 (VIOLATED)
max_cap703/I                            3.000000    3.007574   -0.007574 (VIOLATED)
_61518_/SETN                            3.000000    3.007390   -0.007391 (VIOLATED)
_61519_/SETN                            3.000000    3.007389   -0.007389 (VIOLATED)
_61521_/SETN                            3.000000    3.007386   -0.007386 (VIOLATED)
_60898_/RN                              3.000000    3.007384   -0.007384 (VIOLATED)
_61520_/SETN                            3.000000    3.007383   -0.007383 (VIOLATED)
_60923_/RN                              3.000000    3.007371   -0.007371 (VIOLATED)
_60925_/RN                              3.000000    3.007371   -0.007371 (VIOLATED)
_60928_/RN                              3.000000    3.007371   -0.007371 (VIOLATED)
_61517_/SETN                            3.000000    3.007371   -0.007371 (VIOLATED)
_61525_/SETN                            3.000000    3.007371   -0.007371 (VIOLATED)
fanout1692/Z                            3.000000    3.007371   -0.007371 (VIOLATED)
_52024_/A2                              3.000000    3.006919   -0.006919 (VIOLATED)
_52335_/A2                              3.000000    3.006918   -0.006918 (VIOLATED)
_52135_/A2                              3.000000    3.006916   -0.006916 (VIOLATED)
_52235_/A2                              3.000000    3.006909   -0.006910 (VIOLATED)
_52439_/A2                              3.000000    3.006898   -0.006898 (VIOLATED)
_52541_/A2                              3.000000    3.006889   -0.006889 (VIOLATED)
_52643_/A2                              3.000000    3.006878   -0.006878 (VIOLATED)
_52749_/A2                              3.000000    3.006866   -0.006866 (VIOLATED)
_52022_/Z                               3.000000    3.006796   -0.006796 (VIOLATED)
_52854_/A2                              3.000000    3.006796   -0.006796 (VIOLATED)
_52958_/A2                              3.000000    3.006796   -0.006796 (VIOLATED)
_47746_/A1                              3.000000    3.006575   -0.006575 (VIOLATED)
_47764_/A1                              3.000000    3.006574   -0.006574 (VIOLATED)
_47724_/A1                              3.000000    3.006543   -0.006543 (VIOLATED)
_48000_/A1                              3.000000    3.006535   -0.006535 (VIOLATED)
_47722_/ZN                              3.000000    3.006488   -0.006488 (VIOLATED)
_48059_/A1                              3.000000    3.006488   -0.006488 (VIOLATED)
_48061_/B2                              3.000000    3.006488   -0.006488 (VIOLATED)
_40702_/A1                              3.000000    3.000698   -0.000699 (VIOLATED)
_40687_/A1                              3.000000    3.000698   -0.000698 (VIOLATED)
_40692_/A1                              3.000000    3.000696   -0.000697 (VIOLATED)
_40671_/A1                              3.000000    3.000690   -0.000690 (VIOLATED)
_40668_/Z                               3.000000    3.000679   -0.000679 (VIOLATED)
_40677_/A1                              3.000000    3.000679   -0.000679 (VIOLATED)
_40682_/A1                              3.000000    3.000679   -0.000679 (VIOLATED)
_40697_/A1                              3.000000    3.000679   -0.000679 (VIOLATED)
_40708_/A1                              3.000000    3.000679   -0.000679 (VIOLATED)
_40713_/A1                              3.000000    3.000679   -0.000679 (VIOLATED)
_40718_/A1                              3.000000    3.000679   -0.000679 (VIOLATED)

max fanout

Pin                                   Limit Fanout  Slack
---------------------------------------------------------
clkbuf_0_i_core_v_mini_mcu.memory_subsystem_i.clk_cg/Z     10     16     -6 (VIOLATED)

max capacitance

Pin                                        Limit         Cap       Slack
------------------------------------------------------------------------
clkbuf_0_i_core_v_mini_mcu.memory_subsystem_i.clk_cg/Z    0.200000    0.443259   -0.243259 (VIOLATED)
clkbuf_0_i_core_v_mini_mcu.peripheral_subsystem_i.clk_cg/Z    0.200000    0.322372   -0.122372 (VIOLATED)
clkbuf_0_clk_i_regs/Z                   0.200000    0.253606   -0.053606 (VIOLATED)
max_cap129/Z                            0.200000    0.248369   -0.048369 (VIOLATED)
clkbuf_0_i_core_v_mini_mcu.cpu_subsystem_i.cpu_0_0.clk_i/Z    0.200000    0.232362   -0.032362 (VIOLATED)
clk_i                                   0.200000    0.231186   -0.031186 (VIOLATED)
wire1929/Z                              0.200000    0.230802   -0.030802 (VIOLATED)
clkbuf_0_i_core_v_mini_mcu.cpu_subsystem_i.cpu_1_0.clk_i/Z    0.200000    0.227762   -0.027762 (VIOLATED)
wire1922/Z                              0.200000    0.226597   -0.026597 (VIOLATED)
_50478_/Z                               0.200000    0.220899   -0.020899 (VIOLATED)
_44809_/Z                               0.200000    0.219544   -0.019544 (VIOLATED)
wire849/Z                               0.200000    0.216156   -0.016156 (VIOLATED)
_28408_/ZN                              0.200000    0.216063   -0.016063 (VIOLATED)
_51886_/Z                               0.200000    0.215287   -0.015287 (VIOLATED)
wire1923/Z                              0.200000    0.214264   -0.014264 (VIOLATED)
_28954_/Z                               0.200000    0.212434   -0.012434 (VIOLATED)
_52679_/Z                               0.200000    0.210282   -0.010282 (VIOLATED)
_52690_/Z                               0.200000    0.210282   -0.010282 (VIOLATED)
_52724_/Z                               0.200000    0.209312   -0.009312 (VIOLATED)
max_cap294/Z                            0.200000    0.208386   -0.008386 (VIOLATED)
max_cap326/Z                            0.200000    0.208260   -0.008260 (VIOLATED)
_52008_/Z                               0.200000    0.207997   -0.007997 (VIOLATED)
_47320_/ZN                              0.200000    0.207734   -0.007734 (VIOLATED)
max_cap1149/Z                           0.200000    0.207723   -0.007723 (VIOLATED)
wire910/Z                               0.200000    0.206608   -0.006608 (VIOLATED)
_29216_/ZN                              0.200000    0.206129   -0.006129 (VIOLATED)
wire579/Z                               0.200000    0.205899   -0.005899 (VIOLATED)
_28783_/Z                               0.200000    0.204682   -0.004682 (VIOLATED)
_51951_/Z                               0.200000    0.204577   -0.004577 (VIOLATED)
_52001_/Z                               0.200000    0.203530   -0.003530 (VIOLATED)
_51941_/Z                               0.200000    0.202855   -0.002855 (VIOLATED)
clkbuf_4_7_0_i_core_v_mini_mcu.memory_subsystem_i.clk_cg/Z    0.200000    0.201865   -0.001865 (VIOLATED)
max_cap347/Z                            0.200000    0.201141   -0.001141 (VIOLATED)
_51870_/Z                               0.200000    0.201081   -0.001081 (VIOLATED)
_28846_/Z                               0.200000    0.200644   -0.000644 (VIOLATED)



===========================================================================
report_parasitic_annotation -report_unannotated
============================================================================
Found 227 unannotated drivers.
 clkload0/Z
 clkload1/Z
 clkload10/ZN
 clkload100/Z
 clkload101/Z
 clkload102/Z
 clkload103/Z
 clkload104/Z
 clkload105/Z
 clkload106/Z
 clkload107/Z
 clkload108/Z
 clkload109/Z
 clkload11/ZN
 clkload110/Z
 clkload111/ZN
 clkload112/Z
 clkload113/ZN
 clkload114/ZN
 clkload115/ZN
 clkload116/ZN
 clkload117/ZN
 clkload118/Z
 clkload119/ZN
 clkload12/Z
 clkload120/ZN
 clkload121/ZN
 clkload122/Z
 clkload123/Z
 clkload124/ZN
 clkload125/ZN
 clkload126/ZN
 clkload127/ZN
 clkload128/Z
 clkload129/ZN
 clkload13/Z
 clkload130/ZN
 clkload131/Z
 clkload132/ZN
 clkload133/Z
 clkload134/ZN
 clkload135/Z
 clkload136/Z
 clkload137/Z
 clkload138/ZN
 clkload139/ZN
 clkload14/ZN
 clkload140/ZN
 clkload141/Z
 clkload142/Z
 clkload143/ZN
 clkload144/ZN
 clkload145/ZN
 clkload146/ZN
 clkload147/ZN
 clkload148/ZN
 clkload149/ZN
 clkload15/Z
 clkload150/ZN
 clkload151/ZN
 clkload152/ZN
 clkload153/Z
 clkload154/ZN
 clkload155/Z
 clkload156/Z
 clkload157/Z
 clkload158/Z
 clkload159/ZN
 clkload16/Z
 clkload160/ZN
 clkload161/Z
 clkload162/Z
 clkload163/ZN
 clkload164/Z
 clkload165/ZN
 clkload166/ZN
 clkload167/ZN
 clkload168/Z
 clkload169/ZN
 clkload17/ZN
 clkload170/Z
 clkload171/ZN
 clkload172/Z
 clkload173/ZN
 clkload174/Z
 clkload175/ZN
 clkload176/ZN
 clkload177/ZN
 clkload178/ZN
 clkload179/ZN
 clkload18/ZN
 clkload180/Z
 clkload181/Z
 clkload182/Z
 clkload183/Z
 clkload184/Z
 clkload185/ZN
 clkload186/Z
 clkload187/ZN
 clkload188/Z
 clkload189/Z
 clkload19/ZN
 clkload190/Z
 clkload191/Z
 clkload192/ZN
 clkload193/ZN
 clkload194/Z
 clkload195/ZN
 clkload196/Z
 clkload197/ZN
 clkload198/Z
 clkload199/ZN
 clkload2/Z
 clkload20/ZN
 clkload200/Z
 clkload201/ZN
 clkload202/ZN
 clkload203/ZN
 clkload204/ZN
 clkload205/ZN
 clkload206/ZN
 clkload207/ZN
 clkload208/Z
 clkload209/Z
 clkload21/Z
 clkload210/ZN
 clkload211/ZN
 clkload212/ZN
 clkload213/ZN
 clkload214/Z
 clkload215/Z
 clkload216/Z
 clkload217/Z
 clkload218/ZN
 clkload219/ZN
 clkload22/Z
 clkload220/Z
 clkload221/ZN
 clkload222/ZN
 clkload223/ZN
 clkload224/ZN
 clkload225/Z
 clkload226/Z
 clkload23/Z
 clkload24/ZN
 clkload25/Z
 clkload26/ZN
 clkload27/Z
 clkload28/ZN
 clkload29/Z
 clkload3/Z
 clkload30/ZN
 clkload31/ZN
 clkload32/Z
 clkload33/ZN
 clkload34/ZN
 clkload35/ZN
 clkload36/Z
 clkload37/ZN
 clkload38/ZN
 clkload39/ZN
 clkload4/Z
 clkload40/ZN
 clkload41/ZN
 clkload42/ZN
 clkload43/ZN
 clkload44/ZN
 clkload45/ZN
 clkload46/ZN
 clkload47/ZN
 clkload48/Z
 clkload49/Z
 clkload5/Z
 clkload50/ZN
 clkload51/ZN
 clkload52/ZN
 clkload53/ZN
 clkload54/Z
 clkload55/Z
 clkload56/Z
 clkload57/ZN
 clkload58/ZN
 clkload59/ZN
 clkload6/Z
 clkload60/ZN
 clkload61/Z
 clkload62/Z
 clkload63/ZN
 clkload64/ZN
 clkload65/ZN
 clkload66/ZN
 clkload67/ZN
 clkload68/Z
 clkload69/ZN
 clkload7/Z
 clkload70/ZN
 clkload71/ZN
 clkload72/Z
 clkload73/ZN
 clkload74/ZN
 clkload75/Z
 clkload76/ZN
 clkload77/ZN
 clkload78/ZN
 clkload79/Z
 clkload8/Z
 clkload80/Z
 clkload81/Z
 clkload82/Z
 clkload83/Z
 clkload84/ZN
 clkload85/ZN
 clkload86/ZN
 clkload87/Z
 clkload88/Z
 clkload89/Z
 clkload9/ZN
 clkload90/Z
 clkload91/ZN
 clkload92/ZN
 clkload93/ZN
 clkload94/Z
 clkload95/Z
 clkload96/Z
 clkload97/Z
 clkload98/Z
 clkload99/Z
Found 0 partially unannotated drivers.

===========================================================================
max slew violation count 1815
max fanout violation count 1
max cap violation count 35
============================================================================

===========================================================================
check_setup -verbose -unconstrained_endpoints -multiple_clock -no_clock -no_input_delay -loops -generated_clocks
===========================================================================
