net,length_um
clknet_0_i_core_v_mini_mcu.cpu_subsystem_i.cpu_1_0.clk_i,1.67199mm
_23803_,1.32724mm
net347,1.27982mm
net884,1.21313mm
net989,1.19987mm
net349,1.17545mm
net365,1.16303mm
net1043,1.13995mm
net355,1.12583mm
clknet_0_i_core_v_mini_mcu.memory_subsystem_i.clk_cg,1.10548mm
clknet_0_i_core_v_mini_mcu.cpu_subsystem_i.cpu_0_0.clk_i,1.10087mm
_23811_,1.09412mm
clknet_0_clk_i_regs,1.08156mm
net368,1.06421mm
net986,1.06129mm
net346,1.05939mm
net390,1.05906mm
clknet_3_2__leaf_i_core_v_mini_mcu.memory_subsystem_i.clk_cg,1.05477mm
net981,1.04183mm
net405,1.04038mm
net408,1.03711mm
net388,1.01639mm
net348,1.01567mm
net389,1.00437mm
_23828_,996.18µm
clk_i,990.78µm
net677,978.67µm
net410,949.02µm
net352,943.1µm
_25299_,942.52µm
net403,934.99µm
net387,931µm
net407,926.57µm
net404,911.53µm
net897,900.32µm
net409,900.04µm
_14244_,888.61µm
_23802_,886.32µm
net351,862.04µm
_14239_,852.92µm
_14250_,851.9µm
net354,835.17µm
clknet_3_3__leaf_i_core_v_mini_mcu.memory_subsystem_i.clk_cg,834.9µm
_04633_,816.42µm
net872,816.34µm
_22726_,814.49µm
_14356_,809.7µm
_04632_,808.83µm
_23904_,806.44µm
_14284_,789.47µm
net812,786.94µm
_25350_,776.25µm
_12516_,772.14µm
_25322_,768.49µm
net353,764.39µm
net678,762.82µm
_25346_,761.08µm
_23919_,757.47µm
net411,755.99µm
_23935_,753.75µm
net350,751.13µm
net694,750.39µm
clknet_3_0__leaf_i_core_v_mini_mcu.memory_subsystem_i.clk_cg,748.05µm
_06371_,741.74µm
net699,740.85µm
_06098_,721µm
_05847_,719.47µm
net690,718.07µm
net1596,715.68µm
_14296_,705.49µm
_14290_,697.96µm
net1597,695.05µm
_14307_,690.37µm
net635,687.99µm
clknet_3_7__leaf_i_core_v_mini_mcu.memory_subsystem_i.clk_cg,685.53µm
net682,684.59µm
net991,684.57µm
net683,681.36µm
_14279_,681.11µm
_14302_,678.56µm
clknet_4_15__leaf_clk_i_regs,677.39µm
clknet_2_0__leaf_i_core_v_mini_mcu.peripheral_subsystem_i.clk_cg,674.94µm
_14312_,674.08µm
clknet_2_1__leaf_i_core_v_mini_mcu.peripheral_subsystem_i.clk_cg,667.51µm
net530,665.82µm
_12318_,650.27µm
net1435,650.01µm
_23866_,648.11µm
_13784_,646.47µm
_11157_,646.3µm
_23849_,642.97µm
_25389_,640.39µm
_10601_,639.79µm
net1298,639.72µm
_25333_,639.66µm
_05789_,639.11µm
_05806_,637.99µm
_05726_,637.89µm
clknet_4_15__leaf_i_core_v_mini_mcu.cpu_subsystem_i.cpu_0_0.clk_i,633.91µm
_23896_,631.26µm
_25375_,630.04µm
net469,628.11µm
_25330_,627.34µm
_13783_,624.02µm
net1048,622.42µm
clknet_3_4__leaf_i_core_v_mini_mcu.memory_subsystem_i.clk_cg,620.88µm
net1216,620.73µm
_25392_,618.99µm
_05797_,618.54µm
_18544_,616.65µm
net2193,614.37µm
_14341_,609.78µm
_25396_,609.68µm
net1600,609.53µm
net1601,609.38µm
_23928_,608.25µm
i_core_v_mini_mcu.cpu_subsystem_i.hart_clock_enable_1_0,608.16µm
net1535,607.85µm
net693,603.37µm
_06750_,603.26µm
net684,601.69µm
_25378_,601.48µm
_14351_,601.42µm
net1030,600.49µm
_13802_,600.31µm
net1960,599.2µm
_05822_,598.84µm
net873,597.89µm
net1147,597.43µm
net950,596.14µm
_06347_,596.03µm
clknet_4_9__leaf_i_core_v_mini_mcu.cpu_subsystem_i.cpu_0_0.clk_i,595.78µm
_27017_,593.9µm
net1181,593.21µm
_23916_,592.62µm
_17932_,588.61µm
_20643_,586.81µm
net956,585.87µm
net675,585.3µm
clknet_4_14__leaf_i_core_v_mini_mcu.cpu_subsystem_i.cpu_0_0.clk_i,583.87µm
_13841_,583.72µm
_23886_,583.1µm
_23913_,582.75µm
clknet_4_8__leaf_i_core_v_mini_mcu.cpu_subsystem_i.cpu_0_0.clk_i,581.93µm
net529,576.77µm
net1961,576.21µm
net1962,575.72µm
net808,575.04µm
net1346,574.61µm
_18575_,574.35µm
_18693_,571.5µm
_14005_,570.97µm
net1029,570.93µm
net1101,570.13µm
_18603_,569.31µm
_04636_,568.65µm
net475,567.02µm
clknet_4_2_0_i_core_v_mini_mcu.cpu_subsystem_i.cpu_1_0.clk_i,565.64µm
net1434,565.28µm
net1076,564.53µm
net1996,563.49µm
_24692_,563.1µm
i_core_v_mini_mcu.ao_peripheral_slave_resp\[7\],562.03µm
_14346_,560.71µm
net6,559.91µm
_25506_,559.83µm
_25364_,559.02µm
_23878_,558.67µm
_14099_,558.41µm
_06934_,558.16µm
clknet_4_12__leaf_clk_i_regs,557.09µm
net1974,556.13µm
net480,555.54µm
clknet_4_13__leaf_i_core_v_mini_mcu.cpu_subsystem_i.cpu_0_0.clk_i,555.46µm
net1,555.01µm
_25368_,554.54µm
net853,554.5µm
net1062,554.21µm
net1127,553.67µm
net1973,553.58µm
_25460_,552.66µm
net1172,551.62µm
_23881_,551.54µm
_05546_,551.13µm
net508,550.97µm
net472,550.94µm
net814,548.99µm
_18520_,547.98µm
net627,547.81µm
net2189,547.68µm
_24608_,547.62µm
_14023_,547.21µm
_06024_,547.06µm
net862,546.91µm
net1201,545.5µm
net459,543.51µm
net28,543.2µm
net961,543.02µm
_25343_,541.66µm
_13915_,540.98µm
net818,540.51µm
net1151,540.24µm
_23861_,539.73µm
_08586_,539.33µm
net746,537.8µm
net1092,536.81µm
net860,536.5µm
net933,536.07µm
net1099,536.04µm
clknet_4_5__leaf_clk_i_regs,534.64µm
clknet_2_3__leaf_i_core_v_mini_mcu.peripheral_subsystem_i.clk_cg,534.56µm
net934,534.49µm
_18595_,534.23µm
net357,533.72µm
_18518_,533.32µm
net367,532.81µm
_13857_,532.48µm
net1068,531.85µm
_14004_,531.69µm
net63,531.29µm
clknet_4_10__leaf_i_core_v_mini_mcu.cpu_subsystem_i.cpu_0_0.clk_i,530.92µm
net425,530.62µm
net894,528.9µm
clknet_4_14__leaf_clk_i_regs,528.53µm
net468,528.38µm
_09269_,527.92µm
net948,527.87µm
net1113,527.87µm
net1956,527.67µm
net623,527.64µm
_06932_,527.05µm
net807,526.75µm
net100,526.6µm
net1130,526.4µm
_18506_,526.34µm
net1072,526.21µm
net787,526.01µm
net550,525.02µm
net1075,524.82µm
net1137,524.1µm
_14368_,523.9µm
net681,523.14µm
_25361_,522.72µm
_14022_,522.42µm
net1192,522.12µm
_23856_,522.01µm
net921,521.71µm
net888,521.34µm
_18587_,520.79µm
net822,520.06µm
net871,519.48µm
net1963,519.05µm
i_core_v_mini_mcu.cpu_subsystem_i.cpu_0_0.i_servile.arbiter.i_wb_cpu_dbus_we,518.94µm
net1051,518.76µm
clknet_4_0_0_i_core_v_mini_mcu.cpu_subsystem_i.cpu_1_0.clk_i,518.65µm
_22723_,518.35µm
net875,517.91µm
net1177,517.28µm
net824,517.03µm
net938,515.97µm
net473,515.55µm
net849,515.37µm
_14081_,515.29µm
net1128,515.23µm
net1067,515.16µm
net1063,515.09µm
net441,514.25µm
net517,514.13µm
net477,513.92µm
_05764_,513.87µm
_14080_,513.72µm
net1183,513.46µm
net813,513.42µm
clknet_3_1__leaf_i_core_v_mini_mcu.memory_subsystem_i.clk_cg,513.26µm
net465,513.06µm
net1148,512.82µm
net673,512.5µm
net870,512.49µm
net1290,512.04µm
net852,511.94µm
net463,511.22µm
net555,511.19µm
net974,510.8µm
net553,510.46µm
_18597_,509.69µm
net815,509.54µm
net800,509.49µm
_23875_,508.42µm
net749,507.55µm
net971,507.19µm
net927,507.14µm
net994,507.1µm
clknet_4_2__leaf_clk_i_regs,506.64µm
net1180,506.44µm
_14268_,504.54µm
net533,504.16µm
_18559_,503.94µm
net1992,503.69µm
_14169_,503.08µm
_08595_,502.87µm
net967,502.67µm
net1096,502.21µm
net944,502.06µm
net671,501.6µm
net2200,500.93µm
net883,500.69µm
net479,500.46µm
net819,499.82µm
net823,499.72µm
net5,499.62µm
_20273_,499.15µm
net942,498.9µm
net1184,498.9µm
net1196,496.56µm
clknet_4_15_0_i_core_v_mini_mcu.cpu_subsystem_i.cpu_1_0.clk_i,496.56µm
net918,496.54µm
_18599_,496.35µm
net1204,496.15µm
net1111,495.92µm
net1139,495.22µm
net333,495.19µm
net914,494.58µm
net882,494.27µm
net435,494.02µm
net1155,493.8µm
net1060,493.67µm
net1176,493.61µm
net1135,493.4µm
net1069,493.3µm
net1037,493.2µm
clknet_4_0__leaf_i_core_v_mini_mcu.cpu_subsystem_i.cpu_0_0.clk_i,493.2µm
net481,493.05µm
net902,492.92µm
_13801_,492.69µm
net899,492.34µm
_23844_,492.18µm
net476,491.98µm
_18522_,491.72µm
clknet_4_3_0_i_core_v_mini_mcu.cpu_subsystem_i.cpu_1_0.clk_i,491.61µm
_18577_,491.46µm
net1248,491.43µm
net940,491.32µm
_08870_,490.4µm
net2203,490µm
net817,489.64µm
_18605_,489.38µm
net928,489.28µm
_13914_,489.23µm
_18781_,489.23µm
net868,489.13µm
net184,488.67µm
net426,488.47µm
net486,488.24µm
net893,488.24µm
clknet_4_1_0_i_core_v_mini_mcu.cpu_subsystem_i.cpu_1_0.clk_i,488.01µm
net183,487.91µm
net816,487.86µm
_08588_,487.25µm
_18125_,486.89µm
net965,486.79µm
_18512_,486.68µm
_24632_,486.68µm
net391,486.33µm
net1190,486.33µm
net1034,485.5µm
net1178,485.41µm
net913,485.36µm
net1102,484.44µm
_18863_,484.19µm
net1211,484.09µm
net1080,484.02µm
net839,483.68µm
net910,483.59µm
net421,483.58µm
net1085,483.43µm
net907,483.15µm
net478,482.95µm
net1994,482.76µm
net485,482.61µm
net947,482.41µm
net88,482.36µm
clknet_1_1__leaf_clk_i,482.16µm
net809,481.85µm
net58,481.49µm
clknet_4_3__leaf_i_core_v_mini_mcu.cpu_subsystem_i.cpu_0_0.clk_i,481.29µm
_06762_,481.28µm
net908,480.83µm
net2178,480.62µm
_09501_,480.58µm
_17880_,480.55µm
net1947,480.48µm
net1052,480.12µm
net431,479.25µm
net547,479.1µm
net880,478.34µm
net1188,478.31µm
_14098_,478.03µm
net440,478.03µm
net966,478.02µm
net1203,477.65µm
_18539_,477.47µm
_18609_,477.37µm
net976,477.11µm
net943,477.03µm
net876,476.96µm
_14212_,476.63µm
_18593_,476.5µm
_06153_,476.43µm
net833,475.74µm
net1220,475.69µm
_25466_,475.48µm
net886,475.44µm
net277,475.13µm
net959,474.9µm
_13833_,474.28µm
_18526_,474.16µm
net1972,474.08µm
net1187,474.01µm
net2161,473.7µm
_18564_,473.09µm
net1257,473µm
net810,472.94µm
net1126,472.84µm
net178,472.74µm
net836,471.97µm
i_core_v_mini_mcu.ao_peripheral_slave_resp\[10\],471.67µm
net877,471.58µm
net696,471.24µm
net73,470.8µm
net1175,470.8µm
net1501,470.55µm
_12481_,470.45µm
net1133,470.34µm
net906,470.13µm
net785,470.05µm
net1143,469.94µm
_25476_,469.86µm
_13933_,469.83µm
net859,469.82µm
_22719_,469.43µm
net2158,468.66µm
net1410,468.51µm
net929,467.93µm
net1145,467.9µm
_17925_,467.54µm
net848,467.49µm
net397,466.79µm
_18820_,466.27µm
net91,466.27µm
net1132,465.81µm
net1084,465.71µm
net811,464.8µm
net2021,464.67µm
_25490_,464.66µm
net881,464.59µm
_12374_,464.44µm
net362,464.44µm
_18554_,464.18µm
net1033,463.9µm
net865,462.71µm
clknet_4_5_0_i_core_v_mini_mcu.cpu_subsystem_i.cpu_1_0.clk_i,462.5µm
net842,462.4µm
net1161,461.38µm
_20272_,461.33µm
_26188_,461.12µm
net963,460.95µm
net958,460.72µm
net845,460.52µm
net1071,460.41µm
net434,460.38µm
net1105,460.37µm
net982,460.19µm
_18695_,460.06µm
net874,459.88µm
clknet_3_6__leaf_i_core_v_mini_mcu.memory_subsystem_i.clk_cg,459.6µm
net2153,458.82µm
_25496_,458.63µm
net78,458.43µm
net663,457.91µm
net1594,457.82µm
net951,457.77µm
net1046,457.7µm
net988,457.52µm
net1039,457.29µm
net847,457.13µm
net2192,456.94µm
net76,456.75µm
net1142,456.55µm
net984,456.09µm
net1086,455.58µm
net1078,455.53µm
net1269,455.13µm
net941,454.97µm
_13932_,454.66µm
net750,454.56µm
net1194,454.51µm
net490,453.99µm
net912,453.9µm
_10581_,453.8µm
net1146,453.29µm
net458,453.24µm
_23841_,453.21µm
net528,453.19µm
net788,453.19µm
net915,453.1µm
net471,452.98µm
_18791_,452.93µm
net828,452.73µm
net1050,452.68µm
_16181_,452.58µm
_06421_,452.52µm
net1088,452.22µm
_23863_,451.83µm
net1053,451.76µm
net1028,451.36µm
net1149,451.05µm
_08694_,450.97µm
net932,450.44µm
net931,449.78µm
net460,449.76µm
_17973_,449.47µm
_26271_,448.8µm
net1230,447.83µm
net420,447.33µm
net1134,447.17µm
net1055,447.13µm
net7,446.98µm
net838,446.75µm
net502,446.67µm
net935,446.62µm
net456,446.57µm
net1131,446.57µm
_18779_,446.52µm
_23883_,446.36µm
_06736_,446.1µm
net438,446.08µm
net878,446.01µm
net901,445.99µm
net1186,445.96µm
_04635_,445.65µm
_25436_,445.6µm
net1197,444.79µm
net1202,444.74µm
net2083,444.65µm
_12350_,444.48µm
net826,444.18µm
_18832_,444.07µm
net2159,443.62µm
net1218,443.06µm
net820,442.7µm
net2162,442.68µm
_18904_,442.29µm
net1058,442.14µm
_12437_,442.04µm
net692,441.67µm
_17240_,441.63µm
net841,441.53µm
clknet_2_3_0_i_core_v_mini_mcu.cpu_subsystem_i.cpu_0_0.clk_i,441.53µm
_09208_,441.17µm
net1036,441.03µm
net399,440.54µm
net1098,440.2µm
_18914_,439.64µm
_14383_,439.55µm
net1234,439.31µm
net59,439.29µm
_10762_,439.17µm
net863,439.15µm
net364,439.08µm
net1219,438.85µm
net573,438.82µm
_25634_,438.63µm
net669,438.63µm
clknet_4_4_0_i_core_v_mini_mcu.cpu_subsystem_i.cpu_1_0.clk_i,438.42µm
clknet_4_4__leaf_i_core_v_mini_mcu.cpu_subsystem_i.cpu_0_0.clk_i,438.32µm
net1042,438.05µm
clknet_4_13__leaf_clk_i_regs,437.86µm
_17988_,437.66µm
net1533,437.61µm
net666,437.46µm
net1173,437.31µm
net1104,437.14µm
_05932_,436.74µm
_12470_,436.54µm
net1256,436.13µm
net1091,435.9µm
net846,435.88µm
_25538_,435.73µm
net427,435.42µm
net94,435.32µm
net2129,435.19µm
net369,434.96µm
net1268,434.86µm
_05698_,434.71µm
_10384_,434.71µm
net1024,434.7µm
net898,434.45µm
_06773_,434.3µm
clknet_2_2_0_i_core_v_mini_mcu.cpu_subsystem_i.cpu_0_0.clk_i,434.25µm
clknet_2_1_0_i_core_v_mini_mcu.cpu_subsystem_i.cpu_0_0.clk_i,434.1µm
_25401_,433.99µm
net1047,433.54µm
net1040,433.5µm
net60,433.19µm
net987,432.93µm
_18120_,432.82µm
net946,432.6µm
net687,432.57µm
net964,432.57µm
net140,432.11µm
net2085,432.02µm
_18569_,432.01µm
net1235,432.01µm
net919,431.91µm
net2127,431.91µm
_10799_,431.71µm
net74,431.7µm
net1254,431.65µm
net489,431.45µm
net917,431.4µm
net911,431.35µm
net937,431.35µm
net1995,431.3µm
_06918_,431.19µm
net1108,430.89µm
net2090,430.84µm
net1082,430.82µm
net745,430.7µm
net1158,430.56µm
net866,430.17µm
_10565_,429.87µm
net2075,429.67µm
net432,429.38µm
_17922_,428.65µm
net953,428.14µm
net622,428.04µm
net442,428.01µm
net1107,428.01µm
net245,427.99µm
net366,427.12µm
net892,426.61µm
net972,426.57µm
net2201,426.41µm
net1093,426.21µm
_18516_,426.2µm
clknet_4_8__leaf_clk_i_regs,426.05µm
net1103,425.98µm
_06099_,425.93µm
_12261_,425.9µm
_10511_,425.85µm
_26109_,425.77µm
_10758_,425.75µm
net72,425.75µm
net361,425.39µm
_22904_,425.37µm
_10696_,425.29µm
net504,425.29µm
net936,425.29µm
_18985_,425.1µm
_18530_,424.88µm
_19866_,424.53µm
_10576_,424.27µm
net1045,424.27µm
net854,424.26µm
net506,424.17µm
_20201_,424.11µm
net1141,424.1µm
_12241_,423.72µm
_06373_,423.2µm
net867,423.05µm
net980,423.05µm
net77,422.95µm
net532,422.9µm
net27,422.24µm
net896,422.08µm
net2072,421.68µm
_20219_,421.57µm
net437,421.57µm
net1064,421.42µm
net801,421.11µm
net625,420.76µm
net889,420.41µm
net1153,420.25µm
net850,419.84µm
i_core_v_mini_mcu.ao_peripheral_subsystem_i.power_manager_i.peripheral_subsystem_rst_n,419.54µm
net970,419.52µm
clknet_2_0_0_i_core_v_mini_mcu.cpu_subsystem_i.cpu_0_0.clk_i,418.98µm
_12411_,418.88µm
_09202_,418.87µm
net1061,418.74µm
_07019_,418.66µm
net2097,418.54µm
net864,418.52µm
net885,418.11µm
net887,417.75µm
net392,417.54µm
net86,417.45µm
net1150,417.18µm
_18601_,416.89µm
clknet_0_i_core_v_mini_mcu.peripheral_subsystem_i.clk_cg,416.74µm
net2084,416.65µm
_18549_,416.38µm
net1761,416.38µm
net52,416.18µm
net2071,416.13µm
_19079_,416.02µm
net983,415.87µm
net488,415.77µm
_20587_,415.72µm
clknet_4_1__leaf_clk_i_regs,415.31µm
net358,415.26µm
net2074,415.06µm
_10591_,413.82µm
net433,413.63µm
net501,413.58µm
net1114,413.02µm
i_core_v_mini_mcu.cpu_subsystem_i.cpu_0_0.i_servile.arbiter.i_wb_cpu_ibus_adr\[0\],412.87µm
net496,412.86µm
net834,412.85µm
net832,412.61µm
_18589_,412.56µm
net661,412.31µm
net857,411.85µm
net949,411.75µm
_06774_,411.69µm
_10769_,411.36µm
net422,411.34µm
_17978_,411.29µm
net1532,410.83µm
_26146_,410.57µm
_18621_,410.52µm
i_core_v_mini_mcu.ao_peripheral_slave_resp\[9\],410.48µm
_05607_,410.37µm
net858,410.27µm
_14378_,410.17µm
net428,409.71µm
clknet_4_12_0_i_core_v_mini_mcu.cpu_subsystem_i.cpu_1_0.clk_i,409.61µm
net79,409.56µm
net2007,408.16µm
net395,407.83µm
net978,407.32µm
i_core_v_mini_mcu.ao_peripheral_slave_resp\[6\],407.27µm
net396,406.96µm
_16163_,406.93µm
_23815_,406.66µm
net925,406.66µm
net453,406.35µm
net1066,406.31µm
net2121,406.25µm
net1054,406.2µm
net829,406.15µm
net1156,406.04µm
_18003_,405.59µm
_15363_,405.54µm
net526,405.54µm
net1593,405.48µm
_16234_,405.46µm
net234,404.67µm
_12413_,404.57µm
net554,404.21µm
_25406_,404.16µm
_14234_,404.01µm
_25919_,403.96µm
_25482_,403.95µm
net419,403.91µm
_12611_,403.45µm
net662,403.45µm
i_core_v_mini_mcu.ao_peripheral_slave_resp\[5\],403.4µm
net524,402.99µm
net1198,402.89µm
_18165_,402.64µm
net806,402.48µm
net402,402.38µm
_05703_,401.92µm
net1222,401.87µm
net2076,401.62µm
_10623_,401.6µm
net920,401.45µm
net629,401.36µm
net75,401.21µm
i_core_v_mini_mcu.ao_peripheral_slave_resp\[11\],401.11µm
net448,400.69µm
net101,400.24µm
net631,400.09µm
net1081,399.9µm
_15106_,399.73µm
i_core_v_mini_mcu.core_data_req\[94\],399.53µm
net509,399.53µm
net1818,399.53µm
net580,399.34µm
net1599,398.92µm
net461,398.82µm
net1210,398.56µm
net400,398.36µm
net97,398.31µm
_18363_,398.26µm
net1982,397.9µm
net799,397.81µm
net123,397.47µm
_05752_,397.2µm
net466,397.15µm
net2122,397.14µm
_25528_,397.08µm
_23804_,396.98µm
_10778_,396.85µm
net1263,396.68µm
_12232_,396.53µm
_20328_,396.52µm
net356,396.32µm
net668,396.12µm
net969,396.12µm
_20572_,396.07µm
_18173_,395.35µm
_18097_,395.3µm
net2033,395.1µm
_05689_,394.95µm
_10803_,394.59µm
net1595,394.44µm
_20167_,394.43µm
i_core_v_mini_mcu.ao_peripheral_slave_resp\[2\],394.05µm
net1038,393.98µm
net99,393.88µm
_12273_,393.47µm
net62,393.47µm
_18395_,393.16µm
_20460_,393.11µm
net1140,392.86µm
net1432,392.71µm
net653,392.66µm
net54,392.6µm
net242,392.3µm
_20200_,391.99µm
_20331_,391.89µm
net676,391.64µm
net855,391.59µm
net602,391.38µm
net1157,391.28µm
net945,391.18µm
_23515_,391.13µm
net2082,390.92µm
net698,390.6µm
_26014_,390.18µm
_14222_,389.81µm
net507,389.65µm
_23926_,389.3µm
net1189,388.94µm
net482,388.84µm
net861,388.69µm
net1363,388.41µm
net579,388.38µm
clknet_4_7_0_i_core_v_mini_mcu.cpu_subsystem_i.cpu_1_0.clk_i,388.38µm
clknet_4_11__leaf_i_core_v_mini_mcu.cpu_subsystem_i.cpu_0_0.clk_i,388.38µm
net254,388.28µm
net1261,388.11µm
net1288,387.92µm
clknet_2_2__leaf_i_core_v_mini_mcu.peripheral_subsystem_i.clk_cg,387.82µm
net360,387.8µm
net142,387.77µm
net891,387.74µm
net647,387.62µm
_20366_,387.41µm
net1057,387.31µm
net1242,387.16µm
_16175_,387.06µm
net1773,387.06µm
_23846_,386.9µm
_20423_,386.75µm
net879,386.75µm
net1026,386.75µm
_12323_,386.72µm
net525,386.7µm
net464,386.65µm
net827,386.6µm
_10405_,386.55µm
_26206_,386.54µm
clknet_4_10__leaf_clk_i_regs,386.09µm
net423,386.04µm
i_core_v_mini_mcu.ao_peripheral_slave_resp\[4\],385.99µm
net1110,385.94µm
net322,385.76µm
net67,385.63µm
net87,385.53µm
net2123,385.5µm
_23899_,385.27µm
_24566_,385.27µm
net626,385.25µm
clknet_4_4__leaf_clk_i_regs,384.97µm
_16310_,384.82µm
net990,384.63µm
_18446_,384.56µm
_15366_,384.31µm
_23893_,383.44µm
net1759,383.44µm
net93,383.19µm
_18385_,383.13µm
net939,382.92µm
net1118,382.78µm
_23948_,382.68µm
net1250,382.68µm
_20581_,382.58µm
net1980,382.17µm
net192,382.02µm
_19048_,381.96µm
net2166,381.51µm
net1106,381.05µm
_27223_,380.79µm
net1164,380.69µm
_23838_,380.54µm
net672,380.34µm
i_core_v_mini_mcu.ao_peripheral_slave_resp\[0\],380.24µm
net649,379.88µm
_12487_,379.83µm
_16262_,379.67µm
_20405_,379.57µm
_20459_,379.47µm
clknet_4_6__leaf_i_core_v_mini_mcu.cpu_subsystem_i.cpu_0_0.clk_i,379.47µm
clknet_4_12__leaf_i_core_v_mini_mcu.cpu_subsystem_i.cpu_0_0.clk_i,379.47µm
_12246_,379.32µm
net658,379.22µm
net1138,378.91µm
net4,378.81µm
_10651_,378.74µm
net1699,378.2µm
_23819_,378.1µm
net589,377.98µm
net601,377.92µm
net802,377.84µm
net61,377.43µm
_20591_,377.13µm
net48,376.97µm
_18477_,376.67µm
clknet_4_5__leaf_i_core_v_mini_mcu.cpu_subsystem_i.cpu_0_0.clk_i,376.67µm
net96,376.62µm
net1065,376.52µm
_20165_,376.11µm
net49,376.11µm
net401,376.07µm
net930,376.06µm
net1294,376.01µm
net2062,375.96µm
_12365_,375.6µm
net1032,375.5µm
_23871_,375.35µm
_20291_,374.99µm
net1792,374.94µm
_12370_,374.84µm
net2133,374.79µm
net784,374.33µm
i_core_v_mini_mcu.ao_peripheral_subsystem_i.clint_mtime_o\[0\],374.23µm
net1825,374.18µm
net586,373.87µm
net455,373.67µm
net1790,373.54µm
net926,373.34µm
net207,373.32µm
_20583_,373.26µm
_05708_,372.85µm
_08583_,372.8µm
i_core_v_mini_mcu.ao_peripheral_slave_resp\[1\],372.45µm
_20290_,372.24µm
net1763,372.04µm
net1583,371.53µm
net2128,371.48µm
_18456_,371.12µm
_20422_,370.97µm
_05706_,370.87µm
net757,370.61µm
_12227_,370.34µm
_12226_,370.25µm
net1208,370.1µm
net796,369.89µm
net2022,369.8µm
net439,369.14µm
i_core_v_mini_mcu.peripheral_subsystem_i.obi_fifo_i.consumer_data_req\[28\],369.09µm
_20404_,368.98µm
net1199,368.8µm
net1191,368.77µm
net1236,368.73µm
_25824_,368.68µm
i_core_v_mini_mcu.ao_peripheral_slave_resp\[14\],368.12µm
net1035,367.71µm
net585,367.66µm
net1200,367.51µm
net992,367.2µm
_12274_,367.1µm
net95,367.05µm
net1801,367.05µm
net1276,366.64µm
net962,366.59µm
net1284,366.49µm
_16920_,366.24µm
net1168,366.08µm
net239,365.98µm
_22190_,365.93µm
net686,365.93µm
_16976_,365.73µm
net374,365.72µm
net1299,365.72µm
_18487_,365.57µm
_18611_,365.52µm
net2124,365.32µm
_10716_,365.27µm
net274,364.76µm
net2132,364.71µm
_25446_,364.35µm
_18162_,364.05µm
net1097,363.91µm
net632,363.84µm
net418,363.59µm
net221,363.33µm
_05830_,363.23µm
net175,363.18µm
net1095,363.06µm
net1232,363.03µm
_15095_,362.95µm
_20364_,362.82µm
net51,362.72µm
net905,362.57µm
net495,362.52µm
_17993_,361.96µm
net1217,361.91µm
i_core_v_mini_mcu.peripheral_subsystem_i.uart_i.reg2hw\[86\],361.64µm
net493,360.84µm
net645,360.84µm
_18155_,360.69µm
_23808_,360.69µm
clknet_3_5__leaf_i_core_v_mini_mcu.memory_subsystem_i.clk_cg,360.38µm
_22196_,360.33µm
net549,359.72µm
_06759_,359.46µm
net35,359.36µm
net467,359.36µm
_12476_,359.21µm
_18811_,359.21µm
net664,359.16µm
_18852_,358.9µm
net738,358.65µm
net1056,358.65µm
net835,358.6µm
clknet_4_2__leaf_i_core_v_mini_mcu.cpu_subsystem_i.cpu_0_0.clk_i,358.24µm
net359,358.04µm
_22427_,357.94µm
_06444_,357.86µm
_14188_,357.73µm
net34,357.63µm
net206,357.63µm
net837,357.51µm
net552,357.48µm
net638,357.46µm
net470,357.33µm
_05622_,357.3µm
i_core_v_mini_mcu.peripheral_subsystem_clkgate_en_n,357.28µm
net69,357.27µm
net1117,357.27µm
net85,357.17µm
net900,357.02µm
net590,356.87µm
net657,356.87µm
_12518_,356.82µm
net643,356.77µm
net1013,356.66µm
net457,356.56µm
_10693_,356.28µm
i_core_v_mini_mcu.peripheral_subsystem_i.obi_fifo_i.consumer_data_req\[26\],356.26µm
net628,355.9µm
net624,355.72µm
net1229,355.34µm
i_core_v_mini_mcu.ao_peripheral_slave_resp\[15\],355.24µm
_18147_,355.21µm
net1059,355.19µm
net26,355.09µm
_19038_,354.98µm
_22799_,354.5µm
_18532_,354.32µm
net621,354.01µm
net1144,353.76µm
_06878_,353.66µm
_18737_,353.61µm
net372,353.56µm
net56,353.51µm
_10434_,353.12µm
net1090,353.1µm
_24649_,352.9µm
_20218_,352.64µm
net2157,352.59µm
net1921,352.48µm
_10573_,352.44µm
_18115_,352.18µm
_18436_,352.13µm
_16148_,352.08µm
net1271,352.08µm
net1094,351.98µm
_23831_,351.93µm
net253,351.88µm
i_core_v_mini_mcu.peripheral_subsystem_i.obi_fifo_i.consumer_data_req\[22\],351.68µm
_22451_,351.32µm
net1079,351.29µm
net2091,351.04µm
net498,350.99µm
net1167,350.91µm
net1788,350.86µm
net90,350.81µm
_05859_,350.76µm
net1162,350.76µm
net1487,350.76µm
net1260,350.61µm
net1239,350.35µm
net1797,349.79µm
_12410_,349.69µm
net137,349.69µm
_09566_,349.68µm
net1227,349.28µm
_19089_,349.1µm
clknet_4_11_0_i_core_v_mini_mcu.cpu_subsystem_i.cpu_1_0.clk_i,349.03µm
_22785_,348.93µm
_18873_,348.82µm
net652,348.52µm
net332,348.06µm
net1760,348.06µm
i_core_v_mini_mcu.ao_peripheral_slave_resp\[3\],347.91µm
net1089,347.87µm
net1044,347.78µm
net651,347.3µm
_24023_,347.02µm
net1182,346.79µm
i_core_v_mini_mcu.peripheral_subsystem_i.obi_fifo_i.consumer_data_req\[24\],346.74µm
net1152,346.67µm
_05550_,346.63µm
net616,346.53µm
_05773_,346.44µm
_10725_,346.28µm
net444,346.17µm
net1277,345.92µm
net231,345.77µm
net436,345.72µm
clknet_1_0__leaf_clk_i,345.72µm
_05437_,345.26µm
_10707_,345.24µm
net952,345.22µm
_18158_,345.11µm
i_core_v_mini_mcu.core_data_req\[24\],345.11µm
net1195,345.11µm
net250,345.08µm
net840,344.89µm
net916,344.7µm
net578,344.49µm
net701,344.24µm
_18014_,344.09µm
_09600_,344.04µm
net1800,344.04µm
net2088,343.58µm
net548,343.55µm
_15312_,343.53µm
_07231_,343.48µm
net446,343.15µm
_10593_,342.97µm
net923,342.82µm
net2215,342.72µm
_18353_,342.71µm
_18653_,342µm
clknet_4_0__leaf_clk_i_regs,341.9µm
net1348,341.74µm
_18064_,341.42µm
_06133_,341.34µm
net1169,341.34µm
net985,341.29µm
net64,341.03µm
_18343_,340.93µm
_10779_,340.91µm
_20585_,340.83µm
net510,340.78µm
_22801_,340.63µm
net641,340.63µm
_10694_,340.39µm
net1170,340.17µm
_10421_,340.07µm
net1100,340µm
_15465_,339.97µm
net195,339.66µm
net793,339.66µm
net1179,339.66µm
_17052_,339.56µm
_12496_,339.33µm
net68,339.15µm
net1278,339.15µm
net2096,339.11µm
net2134,338.95µm
net1930,338.72µm
_19026_,338.59µm
net2202,337.83µm
net241,337.78µm
net380,337.56µm
net474,337.52µm
net1349,337.52µm
_20589_,337.37µm
net1799,337.32µm
i_core_v_mini_mcu.ao_peripheral_subsystem_i.spi_subsystem_i.obi_spimemio_i.cfgreg_do\[10\],337.22µm
net975,337.06µm
_18405_,336.96µm
_05623_,336.93µm
_18110_,336.76µm
net630,336.76µm
net1817,336.71µm
net1209,336.66µm
_05625_,336.61µm
clknet_4_6_0_i_core_v_mini_mcu.cpu_subsystem_i.cpu_1_0.clk_i,336.4µm
_06856_,336.3µm
net1214,335.64µm
net551,335.54µm
_19439_,335.33µm
_06643_,335.08µm
net246,334.92µm
net617,334.82µm
_10568_,334.67µm
net1213,334.62µm
_16972_,334.57µm
net607,334.43µm
net2175,334.42µm
_12449_,334.35µm
i_core_v_mini_mcu.peripheral_subsystem_i.obi_fifo_i.consumer_data_req\[27\],334.31µm
_16212_,334.28µm
_17968_,334.01µm
clknet_4_13_0_i_core_v_mini_mcu.cpu_subsystem_i.cpu_1_0.clk_i,333.96µm
net484,333.95µm
_06751_,333.75µm
_22740_,333.65µm
net70,333.6µm
net531,333.6µm
net955,333.55µm
_19511_,333.5µm
i_core_v_mini_mcu.ao_peripheral_slave_resp\[8\],333.3µm
net50,333.12µm
net1286,332.99µm
net89,332.8µm
_27014_,332.79µm
net512,332.74µm
_25423_,332.63µm
_26212_,332.53µm
net141,332.48µm
net1772,332.43µm
net1793,332.38µm
net92,332.33µm
net1246,332.16µm
_10596_,332.13µm
net2199,331.87µm
_25444_,331.82µm
_10731_,331.67µm
net825,331.67µm
i_core_v_mini_mcu.peripheral_subsystem_i.obi_fifo_i.consumer_data_req\[18\],331.52µm
_18047_,331.32µm
net71,331.31µm
net267,331.26µm
_10837_,331.11µm
_18267_,330.85µm
net1129,330.81µm
net269,330.65µm
net821,330.65µm
net1430,330.14µm
_12479_,330.09µm
net615,329.53µm
net1780,329.43µm
net338,329.07µm
net1280,329.07µm
net1049,329.02µm
net1041,328.97µm
net145,328.92µm
net243,328.92µm
net1357,328.92µm
_04629_,328.91µm
net394,328.87µm
_10614_,328.69µm
net222,328.66µm
_06488_,328.64µm
net276,328.46µm
net257,328.16µm
_16225_,327.95µm
i_core_v_mini_mcu.ao_peripheral_subsystem_i.spi_subsystem_i.obi_spimemio_i.obi_spimemio_reg_top_i.reg2hw,327.75µm
net1458,327.75µm
net1367,327.19µm
net1264,326.99µm
net1361,326.98µm
net236,326.93µm
_10571_,326.88µm
net890,326.75µm
net336,326.6µm
_05674_,326.53µm
_18534_,326.52µm
i_core_v_mini_mcu.ao_peripheral_slave_resp\[13\],326.38µm
net146,326.27µm
net1762,326.22µm
_20593_,326.02µm
net36,325.76µm
net447,325.62µm
_18739_,325.53µm
net1077,325.51µm
net538,325.2µm
_10580_,325.19µm
net66,325.1µm
net1789,325.05µm
i_core_v_mini_mcu.ao_peripheral_slave_resp\[12\],325µm
net132,324.85µm
net2176,324.59µm
_06554_,324.44µm
_26685_,324.34µm
_06004_,324.09µm
net279,324.08µm
_10583_,323.98µm
_19067_,323.42µm
net197,323.42µm
net639,323.42µm
_26896_,323.27µm
_06455_,323.17µm
_19480_,323.09µm
net176,323µm
net2125,322.88µm
net1551,322.86µm
_21182_,322.76µm
net831,322.66µm
_25729_,322.56µm
i_core_v_mini_mcu.ao_peripheral_subsystem_i.spi_subsystem_i.obi_spimemio_i.obi_to_picorv32_i.obi_resp_o\[10\],322.56µm
_18219_,322.55µm
net844,322.45µm
_12305_,322.35µm
net320,322.2µm
net640,322.15µm
net2183,322.15µm
net2177,322.1µm
net1766,321.79µm
net497,321.74µm
_18956_,321.64µm
net646,321.64µm
net2131,321.59µm
_21191_,321.54µm
net1794,321.33µm
_17962_,321.03µm
net1758,320.85µm
_12660_,320.81µm
net266,320.77µm
net1259,320.77µm
clknet_4_9__leaf_clk_i_regs,320.67µm
_06448_,320.57µm
_12131_,320.57µm
_20148_,320.47µm
net130,320.42µm
net1231,320.26µm
i_core_v_mini_mcu.core_data_req\[86\],320.25µm
_17566_,320.01µm
net424,320.01µm
net895,319.96µm
net363,319.91µm
clknet_4_11__leaf_clk_i_regs,319.87µm
net680,319.86µm
net1847,319.49µm
net1406,319.45µm
_19149_,319.35µm
net670,319.3µm
_05683_,319.2µm
_18946_,319.14µm
net869,318.94µm
_19231_,318.89µm
net527,318.48µm
_05707_,318.42µm
net331,318.22µm
_12256_,318.18µm
net1993,318.18µm
net339,318.11µm
i_core_v_mini_mcu.ao_peripheral_subsystem_i.spi_subsystem_i.obi_spimemio_i.obi_to_picorv32_i.obi_resp_o\[5\],318.08µm
_19272_,318.06µm
_23909_,318µm
_16251_,317.97µm
net904,317.95µm
net924,317.87µm
net1245,317.72µm
_23901_,317.66µm
_18641_,317.46µm
_18049_,317.36µm
_06430_,317.29µm
net1083,317.06µm
clknet_4_9_0_i_core_v_mini_mcu.cpu_subsystem_i.cpu_1_0.clk_i,316.85µm
_19355_,316.66µm
_22443_,316.5µm
net968,316.09µm
_07027_,315.68µm
net604,315.53µm
net772,315.53µm
_18426_,315.48µm
net957,315.24µm
net1433,315.22µm
net232,315.17µm
_19058_,315.12µm
net1212,314.92µm
net98,314.82µm
net2195,314.82µm
_21306_,314.64µm
net571,314.56µm
net776,314.05µm
net238,314µm
net909,313.75µm
net1109,313.65µm
net445,313.59µm
_18175_,313.57µm
_16004_,313.55µm
net235,313.44µm
net1428,313.34µm
_09271_,313.19µm
net2126,312.78µm
net843,312.58µm
_19459_,312.34µm
_14196_,312.32µm
_06372_,312.27µm
_10632_,312.12µm
_10791_,312.07µm
_10562_,311.71µm
clknet_4_1__leaf_i_core_v_mini_mcu.cpu_subsystem_i.cpu_0_0.clk_i,311.66µm
net454,311.61µm
net209,311.51µm
net767,311.45µm
net136,311.41µm
_26875_,311.36µm
_21011_,311.25µm
net40,311.15µm
net755,311.09µm
net1813,311µm
_20442_,310.89µm
_05983_,310.85µm
_18514_,310.64µm
_12398_,310.44µm
net135,310.37µm
_08613_,310.34µm
net577,310.08µm
net654,310.08µm
_17902_,310.07µm
net541,309.98µm
net1122,309.93µm
_23792_,309.88µm
_22819_,309.6µm
net41,309.57µm
_06007_,309.37µm
_17569_,309.29µm
net1154,309.18µm
net977,308.76µm
net587,308.71µm
net1087,308.71µm
net1237,308.71µm
net1876,308.4µm
_18331_,308.25µm
net286,308.2µm
net398,308.1µm
net1174,308.1µm
net689,307.76µm
net2060,307.59µm
net129,307.44µm
_18177_,307.43µm
_19593_,307.28µm
_14193_,307.26µm
net45,307.13µm
_18140_,307.03µm
_16132_,306.98µm
net608,306.77µm
net1468,306.72µm
_06447_,306.62µm
_10903_,306.57µm
_10437_,306.06µm
_10433_,306.01µm
net588,306.01µm
_12550_,305.96µm
_10889_,305.55µm
net2164,305.55µm
net2196,305.5µm
net1816,305.35µm
net203,305.3µm
_19779_,305.16µm
_12250_,304.82µm
net1727,304.74µm
_25355_,304.69µm
net133,304.64µm
net620,304.48µm
net43,304.43µm
i_core_v_mini_mcu.ao_peripheral_slave_resp\[23\],304.23µm
i_core_v_mini_mcu.memory_subsystem_i.ram0_i.rdata_o\[23\],304.18µm
net773,303.92µm
_18033_,303.82µm
net1266,303.82µm
net667,303.57µm
net2187,303.36µm
i_core_v_mini_mcu.ao_peripheral_subsystem_i.spi_subsystem_i.obi_spimemio_i.cfgreg_do\[20\],303.26µm
_12280_,303.11µm
net2079,303.06µm
net523,302.75µm
net1402,302.75µm
_10754_,302.7µm
_14331_,302.5µm
net53,302.19µm
net739,302.04µm
net1353,302.04µm
net731,301.99µm
i_core_v_mini_mcu.peripheral_subsystem_i.obi_fifo_i.consumer_data_req\[10\],301.94µm
i_core_v_mini_mcu.core_data_req\[30\],301.68µm
_08592_,301.58µm
_18531_,301.58µm
net656,301.53µm
_22734_,300.92µm
net591,300.61µm
net560,300.51µm
net1798,300.51µm
net1262,300.49µm
net2146,300.46µm
net1324,300.41µm
_12465_,300.36µm
net228,300.31µm
net1074,300.21µm
net1998,300.16µm
net1121,300.02µm
net131,299.75µm
net337,299.29µm
net1159,299.24µm
net3,299.09µm
net430,299.01µm
i_core_v_mini_mcu.peripheral_subsystem_i.obi_fifo_i.consumer_data_req\[15\],298.85µm
_18497_,298.83µm
_18034_,298.64µm
i_core_v_mini_mcu.core_data_req\[29\],298.63µm
_06551_,298.5µm
_10744_,298.31µm
net216,298.27µm
_10624_,298.22µm
i_core_v_mini_mcu.peripheral_slave_resp\[31\],298.02µm
net1165,297.81µm
net1258,297.66µm
_19396_,297.51µm
_25452_,297.45µm
_05405_,297.3µm
net922,297.2µm
_10775_,297µm
net134,297µm
net737,296.59µm
net417,296.49µm
i_core_v_mini_mcu.core_data_req\[8\],296.44µm
_10932_,296.29µm
_20441_,296.23µm
_19377_,295.93µm
i_core_v_mini_mcu.ao_peripheral_subsystem_i.obi_fifo_i.consumer_state_q,295.88µm
_09264_,295.82µm
net2163,295.68µm
net326,295.52µm
clknet_4_7__leaf_clk_i_regs,295.32µm
net2181,295.27µm
clknet_4_6__leaf_clk_i_regs,295.22µm
net1243,294.96µm
_06861_,294.91µm
_18301_,294.81µm
_16916_,294.71µm
net1556,294.71µm
_24675_,294.61µm
_10427_,294.2µm
_26780_,294.15µm
_18054_,294.13µm
i_core_v_mini_mcu.ao_peripheral_subsystem_i.spi_subsystem_i.obi_spimemio_i.cfgreg_do\[16\],294.05µm
net1791,293.84µm
_09650_,293.79µm
_17964_,293.79µm
clknet_4_3__leaf_clk_i_regs,293.64µm
_09270_,293.59µm
_11156_,293.54µm
i_core_v_mini_mcu.core_data_req\[5\],293.25µm
net2003,293.23µm
_10862_,293.03µm
net14,292.93µm
net758,292.72µm
net674,292.62µm
net781,292.57µm
net570,292.21µm
net798,292.21µm
_05624_,291.91µm
_14326_,291.86µm
_23823_,291.86µm
_22782_,291.73µm
net603,291.65µm
_18893_,291.5µm
_09671_,291.4µm
net271,291.4µm
net2165,290.99µm
net1318,290.94µm
_06413_,290.79µm
_22466_,290.69µm
net226,290.38µm
net1193,290.23µm
_20931_,290.18µm
net804,289.84µm
_19552_,289.82µm
_18705_,289.51µm
_12253_,289.49µm
_18997_,289.46µm
_23891_,289.21µm
_17060_,289.11µm
net281,289.06µm
net592,289.06µm
net224,288.9µm
_19313_,288.89µm
net144,288.6µm
net1592,288.29µm
net429,288.15µm
_17136_,288.04µm
net1275,287.99µm
_10763_,287.94µm
_22821_,287.89µm
net451,287.86µm
net373,287.73µm
_04634_,287.48µm
_09490_,287.48µm
_20578_,287.47µm
net32,287.38µm
_19490_,287.37µm
i_core_v_mini_mcu.ao_peripheral_slave_resp\[22\],287.27µm
net1309,287.17µm
delaynet_3_clk_i,286.87µm
net1000,286.82µm
net1206,286.56µm
_10943_,286.46µm
net494,286.46µm
_05678_,286.26µm
net618,286.05µm
_19806_,285.7µm
_12503_,285.65µm
net1943,285.65µm
net505,285.49µm
net786,285.44µm
_09632_,285.4µm
net1010,285.34µm
_06883_,285.29µm
_17089_,285.24µm
_17990_,284.7µm
_12291_,284.58µm
_16256_,284.58µm
_07618_,284.48µm
net1978,284.48µm
net1252,284.17µm
_20831_,284.07µm
net340,284.02µm
net1123,284.02µm
_26590_,283.92µm
_20086_,283.61µm
net312,283.56µm
_19522_,283.51µm
net413,283.36µm
net412,283.35µm
net315,283.22µm
_19192_,283.15µm
net537,283.1µm
net1274,283.1µm
net2214,282.95µm
_05999_,282.79µm
net732,282.54µm
i_core_v_mini_mcu.ao_peripheral_slave_resp\[21\],282.16µm
_12224_,281.91µm
_08855_,281.83µm
_10697_,281.83µm
_12435_,281.78µm
_22803_,281.78µm
i_core_v_mini_mcu.memory_subsystem_i.ram0_i.rdata_o\[6\],281.78µm
net1783,281.78µm
_17953_,281.68µm
net172,281.62µm
_14118_,281.47µm
_07135_,281.22µm
_19028_,281.21µm
net780,280.96µm
_12236_,280.86µm
net1014,280.86µm
_10389_,280.76µm
_18018_,280.57µm
_21341_,280.3µm
_14217_,280.2µm
net252,280.15µm
_18663_,279.94µm
net173,279.84µm
net2186,279.74µm
net1241,279.56µm
_05699_,279.54µm
net636,278.98µm
_25301_,278.88µm
_18373_,278.82µm
_17959_,278.72µm
_13824_,278.57µm
net102,278.52µm
net264,278.52µm
_22435_,278.25µm
net973,278.21µm
net487,278.02µm
net196,277.96µm
net383,277.9µm
net275,277.6µm
net514,277.41µm
net648,277.3µm
net1282,276.89µm
net1163,276.79µm
net225,276.63µm
net201,276.53µm
_12338_,276.28µm
net1185,276.28µm
net1979,276.23µm
_17085_,276.18µm
_09649_,275.77µm
_10631_,275.62µm
_27315_,275.62µm
i_core_v_mini_mcu.memory_subsystem_i.ram0_i.rdata_o\[3\],275.57µm
i_core_v_mini_mcu.memory_subsystem_i.ram0_i.rdata_o\[1\],275.52µm
net2092,275.44µm
_27013_,275.21µm
i_core_v_mini_mcu.peripheral_slave_resp\[18\],275.16µm
net449,275.11µm
net960,275.11µm
delaynet_4_clk_i,275.01µm
net1120,274.98µm
net65,274.8µm
net1226,274.55µm
_18099_,274.49µm
net561,274.44µm
_20147_,274.34µm
_26888_,274.17µm
net194,274.09µm
i_core_v_mini_mcu.peripheral_subsystem_i.obi_fifo_i.consumer_data_req\[6\],273.99µm
_22795_,273.63µm
_06891_,273.58µm
net1442,273.48µm
net1575,273.48µm
_10578_,272.66µm
net1345,272.5µm
net783,272.41µm
net1295,272.41µm
net278,272.36µm
net903,272.36µm
net258,272.21µm
_16569_,271.9µm
_06874_,271.85µm
net659,271.7µm
_18079_,271.6µm
_19263_,271.39µm
net744,271.39µm
net790,271.39µm
_20946_,271.38µm
_16240_,271.24µm
_22557_,271.24µm
_09069_,271.19µm
_12011_,271.19µm
net1883,271.12µm
_24036_,271.09µm
net1841,271.04µm
_11609_,270.97µm
net710,270.94µm
net1796,270.93µm
net2204,270.58µm
_22807_,270.53µm
net730,270.43µm
net726,270.37µm
net777,270.22µm
_14136_,270.12µm
net1779,270.12µm
_21193_,269.97µm
_19099_,269.86µm
_05615_,269.51µm
_18260_,269.41µm
i_core_v_mini_mcu.ao_peripheral_subsystem_i.soc_ctrl_i.reg2hw\[35\],269.41µm
net613,269.35µm
net406,269.3µm
_14059_,269.05µm
net2197,269.05µm
_20597_,268.91µm
delaynet_2_clk_i,268.85µm
_23377_,268.54µm
net294,268.49µm
_12439_,268.44µm
_05974_,268.34µm
_05511_,267.93µm
net595,267.62µm
i_core_v_mini_mcu.ao_peripheral_subsystem_i.spi_subsystem_i.obi_spimemio_i.cfgreg_do\[21\],267.32µm
_10727_,267.17µm
net574,267.16µm
_18311_,267.01µm
clknet_4_10_0_i_core_v_mini_mcu.cpu_subsystem_i.cpu_1_0.clk_i,267.01µm
_16145_,266.81µm
net259,266.81µm
_06783_,266.76µm
_26495_,266.76µm
net1782,266.76µm
net1849,266.71µm
net193,266.61µm
net240,266.4µm
_12453_,266.25µm
net314,266.15µm
_06898_,265.99µm
net2198,265.84µm
net84,265.79µm
net223,265.64µm
i_core_v_mini_mcu.ao_peripheral_subsystem_i.spi_subsystem_i.obi_spimemio_i.cfgreg_do\[18\],265.59µm
net200,265.59µm
_22789_,265.54µm
_18021_,265.41µm
net614,265.33µm
net642,265.33µm
_10075_,265.26µm
_06407_,265.18µm
clknet_4_8_0_i_core_v_mini_mcu.cpu_subsystem_i.cpu_1_0.clk_i,265.18µm
net1272,265.08µm
_06653_,264.88µm
i_core_v_mini_mcu.ao_peripheral_subsystem_i.spi_subsystem_i.obi_spimemio_i.cfgreg_do\[9\],264.47µm
_22474_,264.42µm
net302,264.42µm
net13,264.37µm
_12523_,264.28µm
_13867_,264.11µm
net567,264.06µm
net756,264.01µm
_21294_,263.8µm
_18573_,263.63µm
_22397_,263.49µm
_09541_,263.25µm
net237,262.94µm
net248,262.89µm
net1929,262.89µm
_21157_,262.84µm
net1426,262.84µm
_17093_,262.74µm
net1767,262.69µm
i_core_v_mini_mcu.ao_peripheral_subsystem_i.spi_subsystem_i.obi_spimemio_i.obi_to_picorv32_i.state\[3\],262.64µm
net1899,262.64µm
net759,262.63µm
_23822_,262.48µm
net711,262.33µm
net1774,262.23µm
_09678_,262.18µm
_25059_,262.06µm
net1116,262.02µm
_18046_,261.92µm
_22724_,261.67µm
net1073,261.62µm
_06928_,261.26µm
net2213,261.21µm
i_core_v_mini_mcu.ao_peripheral_slave_resp\[20\],261.16µm
_20968_,261.11µm
_25681_,261.11µm
_11761_,261.06µm
_26885_,261.06µm
net1330,260.94µm
_12371_,260.8µm
_26990_,260.75µm
_27138_,260.7µm
net1844,260.65µm
i_core_v_mini_mcu.peripheral_slave_resp\[1\],260.55µm
net1335,260.55µm
_07453_,260.5µm
net1031,260.5µm
net46,260.45µm
net1999,260.45µm
i_core_v_mini_mcu.ao_peripheral_subsystem_i.spi_subsystem_i.obi_spimemio_i.obi_to_picorv32_i.picorv32_resp_i\[4\],259.99µm
i_core_v_mini_mcu.memory_subsystem_i.ram0_i.rdata_o\[5\],259.99µm
_12356_,259.94µm
_19449_,259.58µm
_14060_,259.53µm
net1778,259.53µm
net174,259.52µm
_22793_,259.48µm
_22345_,259.43µm
net716,259.43µm
_18321_,259.42µm
net1850,259.33µm
net1853,259.33µm
net1022,259.17µm
net39,259.02µm
i_core_v_mini_mcu.memory_subsystem_i.ram0_i.rdata_o\[21\],258.82µm
_11664_,258.77µm
net1851,258.77µm
_06890_,258.46µm
clknet_4_7__leaf_i_core_v_mini_mcu.cpu_subsystem_i.cpu_0_0.clk_i,258.41µm
net718,258.31µm
net1777,258.31µm
net261,258.21µm
net650,258.21µm
net725,258.1µm
net754,258µm
_18188_,257.85µm
net415,257.85µm
_13878_,257.8µm
_18279_,257.75µm
net118,257.75µm
net1002,257.65µm
_17963_,257.57µm
net227,257.54µm
net619,257.39µm
net1828,257.39µm
net1338,257.34µm
net1365,257.34µm
net300,257.29µm
net609,257.29µm
net2172,257.29µm
i_core_v_mini_mcu.core_data_req\[17\],257.24µm
clknet_4_14_0_i_core_v_mini_mcu.cpu_subsystem_i.cpu_1_0.clk_i,257.19µm
net323,257.14µm
net1006,256.98µm
_18987_,256.83µm
_18135_,256.78µm
_09628_,256.73µm
_10790_,256.68µm
_26983_,256.37µm
net1854,256.32µm
net1959,256.32µm
_09784_,256.22µm
net763,256.22µm
_17985_,256.02µm
net1954,256.02µm
_19274_,255.96µm
_17081_,255.79µm
net795,255.76µm
net1267,255.51µm
_18568_,255.41µm
net714,255.25µm
_05685_,255.05µm
_10875_,254.95µm
net1776,254.95µm
net282,254.85µm
_08513_,254.8µm
_18822_,254.74µm
_19304_,254.69µm
net2173,254.69µm
_07603_,254.59µm
net249,254.59µm
net600,254.54µm
net724,254.54µm
net1544,254.54µm
net2050,254.39µm
i_core_v_mini_mcu.ao_peripheral_subsystem_i.spi_subsystem_i.obi_spimemio_i.cfgreg_do\[17\],254.29µm
net995,254.03µm
net1112,253.93µm
i_core_v_mini_mcu.ao_peripheral_subsystem_i.spi_subsystem_i.obi_spimemio_i.cfgreg_do\[8\],253.87µm
net768,253.8µm
net1578,253.78µm
_22458_,253.73µm
_24001_,253.68µm
net1887,253.68µm
_06771_,253.65µm
_10597_,253.47µm
_19807_,253.37µm
_18129_,253.27µm
net1885,253.27µm
net856,253.17µm
_19253_,253.01µm
_19017_,252.96µm
_07287_,252.91µm
net1001,252.91µm
net1359,252.81µm
_19181_,252.76µm
_22329_,252.76µm
i_core_v_mini_mcu.ao_peripheral_subsystem_i.spi_subsystem_i.obi_spimemio_i.cfgreg_do\[19\],252.71µm
_12497_,252.69µm
_16194_,252.65µm
_18467_,252.45µm
_07273_,252.43µm
_19398_,252.3µm
_09672_,252.25µm
net513,252.25µm
_18074_,252.1µm
_22249_,251.92µm
net208,251.92µm
net1215,251.89µm
_19212_,251.69µm
_24964_,251.59µm
i_core_v_mini_mcu.ao_peripheral_slave_resp\[31\],251.49µm
_23183_,251.44µm
_18415_,251.38µm
net212,251.23µm
_23211_,251.18µm
_06991_,251.13µm
net1549,251.13µm
_19120_,251µm
net748,250.93µm
_19500_,250.82µm
net345,250.57µm
net769,250.57µm
i_core_v_mini_mcu.ao_peripheral_slave_resp\[30\],250.47µm
net1474,250.47µm
net1966,250.47µm
_18558_,250.42µm
net230,250.42µm
_14805_,250.41µm
_06613_,250.37µm
_19933_,250.26µm
_22353_,250.17µm
net414,250.01µm
_11020_,249.99µm
_27100_,249.86µm
_27281_,249.86µm
_19765_,249.81µm
net154,249.81µm
_10737_,249.68µm
_18883_,249.65µm
net1356,249.55µm
net342,249.5µm
_08898_,249.45µm
_22221_,249.4µm
net516,249.4µm
_11801_,249.39µm
net381,249.25µm
net735,249.09µm
_23807_,248.93µm
_27171_,248.84µm
_09547_,248.79µm
i_core_v_mini_mcu.ao_peripheral_slave_resp\[18\],248.74µm
net794,248.74µm
net734,248.43µm
_22373_,248.38µm
net717,248.23µm
_12373_,248.12µm
_19110_,248.02µm
_19294_,247.87µm
net596,247.87µm
_22811_,247.83µm
clknet_leaf_27_i_core_v_mini_mcu.peripheral_subsystem_i.clk_cg,247.82µm
_22280_,247.72µm
net2044,247.7µm
net1729,247.67µm
net298,247.62µm
net665,247.62µm
net2038,247.62µm
net700,247.41µm
net500,247.31µm
net697,247.21µm
net341,247.16µm
_14740_,247.11µm
net851,247.11µm
_07030_,246.7µm
net644,246.7µm
_06406_,246.65µm
_12342_,246.6µm
net1244,246.55µm
net566,246.49µm
_22823_,246.45µm
_27291_,246.45µm
net443,246.34µm
_19130_,246.14µm
net612,246.09µm
net1852,246.04µm
net2064,246.04µm
net115,245.94µm
net1554,245.94µm
net713,245.89µm
i_core_v_mini_mcu.core_data_req\[16\],245.43µm
net2043,245.38µm
_24868_,245.28µm
i_core_v_mini_mcu.ao_peripheral_subsystem_i.spi_subsystem_i.obi_spimemio_i.obi_to_picorv32_i.obi_resp_o\[0\],245.28µm
_07069_,245.02µm
_05964_,244.97µm
_10812_,244.87µm
net1004,244.87µm
_05876_,244.82µm
_24773_,244.72µm
net803,244.61µm
net313,244.57µm
net2182,244.36µm
_13776_,244.31µm
net606,244.05µm
net1340,244µm
net762,243.95µm
_06526_,243.8µm
_14042_,243.8µm
net1136,243.8µm
net1221,243.75µm
_19831_,243.7µm
_19222_,243.44µm
_20647_,243.44µm
i_core_v_mini_mcu.peripheral_subsystem_i.uart_i.uart_core.nco_sum_q\[16\],243.19µm
i_core_v_mini_mcu.system_bus_i.gen_demux_xbar\[3\].demux_xbar_i.u_xbar_varlat.gen_inputs\[0\].i_addr_dec_resp_mux.gen_several_outputs.bank_sel_q,243.19µm
_05603_,243.14µm
_19865_,242.93µm
_07197_,242.88µm
net1901,242.68µm
net1500,242.58µm
net1802,242.58µm
net2014,242.55µm
_22290_,242.53µm
_08905_,242.37µm
net343,242.27µm
_06417_,242.12µm
_17926_,242.12µm
i_core_v_mini_mcu.cpu_subsystem_i.cpu_1_0.i_servile.arbiter.i_wb_cpu_dbus_we,242.07µm
i_core_v_mini_mcu.system_bus_i.system_xbar_i.gen_xbar_NtoM.i_xbar.gen_outputs\[1\].gen_rr_arb_tree.i_rr_arb_tree.gen_arbiter.rr_q\[2\],242.02µm
net2174,242.02µm
net534,241.86µm
_08578_,241.83µm
net789,241.71µm
_18150_,241.56µm
net327,241.56µm
_18591_,241.2µm
net721,241.15µm
_06844_,241.05µm
net543,240.85µm
_05901_,240.34µm
i_core_v_mini_mcu.memory_subsystem_i.ram0_i.rdata_o\[7\],240.34µm
net2130,240.34µm
_14321_,240.24µm
_12303_,239.93µm
_18105_,239.93µm
net770,239.88µm
net1207,239.73µm
net546,239.47µm
net376,239.42µm
net202,239.27µm
i_core_v_mini_mcu.ao_peripheral_subsystem_i.spi_subsystem_i.obi_spimemio_i.cfgreg_do\[11\],239.22µm
_21677_,239.17µm
net149,239.02µm
net702,238.81µm
_27018_,238.71µm
net830,238.71µm
_10598_,238.66µm
net733,238.5µm
net565,238.45µm
net2167,238.4µm
_19931_,238.35µm
net1781,238.35µm
_14737_,238.2µm
_11335_,238.18µm
_26970_,238.15µm
net2024,238.12µm
_27318_,238.1µm
i_core_v_mini_mcu.core_data_req\[13\],238.1µm
i_core_v_mini_mcu.peripheral_subsystem_i.uart_i.uart_core.u_uart_txfifo.gen_normal_fifo.fifo_rptr\[0\],237.94µm
net805,237.79µm
_16219_,237.75µm
net1374,237.59µm
net637,237.49µm
net290,237.13µm
net370,237.13µm
net2209,237.08µm
_18252_,236.98µm
net2086,236.97µm
net1925,236.85µm
net375,236.67µm
_15636_,236.65µm
net2000,236.62µm
net1307,236.57µm
net2041,236.57µm
net229,236.52µm
_18683_,236.21µm
net1819,236.18µm
_26989_,236.11µm
_18011_,236.01µm
_10446_,235.96µm
_10615_,235.91µm
net305,235.91µm
net393,235.91µm
_25417_,235.81µm
_17960_,235.65µm
net1971,235.6µm
_18107_,235.53µm
net2151,235.45µm
i_core_v_mini_mcu.memory_subsystem_i.ram0_i.rdata_o\[18\],235.36µm
_17071_,235.32µm
net2065,235.2µm
_18749_,235.04µm
_18096_,234.74µm
net584,234.53µm
net743,234.38µm
_08888_,234.23µm
_12544_,234.23µm
_20852_,234.13µm
_25871_,234.13µm
net1354,233.92µm
net792,233.87µm
net1021,233.87µm
_19151_,233.82µm
net576,233.82µm
_12233_,233.77µm
_07612_,233.72µm
_10436_,233.72µm
_07165_,233.67µm
_25776_,233.67µm
_20271_,233.52µm
_06800_,233.36µm
net741,233.36µm
i_core_v_mini_mcu.peripheral_slave_resp\[12\],233.32µm
net611,233.21µm
_22419_,233.16µm
_06939_,233.03µm
_20608_,233.01µm
net1351,233.01µm
net1016,232.89µm
net2039,232.85µm
net583,232.8µm
net2037,232.79µm
net219,232.75µm
net233,232.75µm
net1350,232.75µm
_15726_,232.65µm
net1384,232.65µm
net1976,232.6µm
i_core_v_mini_mcu.memory_subsystem_i.ram0_i.rdata_o\[14\],232.5µm
_09557_,232.45µm
net2034,232.24µm
net598,232.19µm
_25475_,231.99µm
net328,231.53µm
net1829,231.45µm
_05860_,231.43µm
_26400_,231.33µm
net1769,231.33µm
clknet_0_clk_i,231.32µm
net1027,231.27µm
_07876_,231.24µm
_18048_,231.01µm
_10606_,230.96µm
clknet_leaf_20_i_core_v_mini_mcu.peripheral_subsystem_i.clk_cg,230.92µm
_19202_,230.91µm
net695,230.87µm
_07175_,230.51µm
i_core_v_mini_mcu.peripheral_slave_resp\[13\],230.47µm
net764,230.46µm
net954,230.46µm
net220,230.41µm
_21115_,230.26µm
_18769_,229.95µm
net1314,229.9µm
net217,229.85µm
i_core_v_mini_mcu.peripheral_slave_resp\[8\],229.81µm
net1784,229.8µm
_06408_,229.75µm
_18139_,229.75µm
_18536_,229.75µm
_18556_,229.75µm
net2054,229.75µm
net255,229.44µm
_10609_,229.41µm
_06100_,229.39µm
i_core_v_mini_mcu.peripheral_slave_resp\[11\],229.29µm
_19934_,229.24µm
net610,229.24µm
i_core_v_mini_mcu.ao_peripheral_subsystem_i.spi_subsystem_i.obi_spimemio_i.cfgreg_do\[31\],229.19µm
net306,229.14µm
_14263_,229.09µm
_25315_,229.09µm
net1728,229.04µm
_25414_,228.93µm
_09217_,228.78µm
net2152,228.78µm
_06907_,228.73µm
_23213_,228.73µm
net291,228.68µm
_22921_,228.66µm
_16136_,228.58µm
_22778_,228.53µm
net1007,228.22µm
_05551_,228.17µm
net384,228.17µm
net2023,228.12µm
net244,228.02µm
net2015,227.84µm
_20025_,227.66µm
net2036,227.61µm
_21323_,227.56µm
_18524_,227.51µm
_26305_,227.51µm
net1948,227.41µm
net1826,227.05µm
_05613_,227.04µm
_12255_,226.84µm
net791,226.79µm
_06851_,226.59µm
_22413_,226.47µm
_12429_,226.44µm
net1908,226.26µm
net25,226.24µm
net292,226.24µm
net2184,226.23µm
_18149_,226.18µm
_12083_,225.98µm
_19418_,225.98µm
_19335_,225.93µm
net2013,225.93µm
_16308_,225.83µm
_19171_,225.52µm
net2070,225.47µm
_08903_,225.32µm
net2160,225.27µm
_19532_,225.24µm
_07803_,225.17µm
_07965_,225.17µm
_07331_,225.12µm
_06006_,225.06µm
_10766_,225.04µm
net1787,224.91µm
i_core_v_mini_mcu.core_data_req\[0\],224.89µm
net797,224.81µm
_06432_,224.71µm
i_core_v_mini_mcu.ao_peripheral_subsystem_i.spi_subsystem_i.obi_spimemio_i.obi_to_picorv32_i.picorv32_resp_i\[6\],224.61µm
_18130_,224.3µm
net55,224.2µm
_07288_,224.15µm
_26254_,224.05µm
net740,224.03µm
_06860_,223.89µm
_19816_,223.74µm
net2208,223.69µm
_22405_,223.59µm
net265,223.56µm
net1770,223.29µm
net2061,223.23µm
net1015,223.08µm
_21372_,223.05µm
net779,223.03µm
net1803,223.03µm
_24821_,222.93µm
_06359_,222.72µm
net1902,222.64µm
_07097_,222.52µm
net1913,222.43µm
_10083_,222.37µm
net334,222.21µm
_19233_,222.06µm
net1573,222.01µm
_23931_,221.96µm
_17035_,221.86µm
_09996_,221.76µm
net1493,221.6µm
net742,221.5µm
_14336_,221.45µm
net38,221.4µm
_07630_,221.3µm
_18651_,221.3µm
net719,221.3µm
net2141,220.89µm
i_core_v_mini_mcu.ao_peripheral_slave_resp\[19\],220.84µm
i_core_v_mini_mcu.ao_peripheral_slave_resp\[16\],220.79µm
i_core_v_mini_mcu.core_data_req\[9\],220.79µm
_15292_,220.74µm
_18104_,220.74µm
net1907,220.74µm
_06452_,220.69µm
_23770_,220.69µm
net2030,220.36µm
net2047,220.23µm
i_core_v_mini_mcu.peripheral_subsystem_i.obi_fifo_i.consumer_data_req\[13\],220.18µm
net1518,220.18µm
_21246_,219.82µm
net344,219.82µm
_18101_,219.72µm
net126,219.62µm
net2008,219.62µm
_27303_,219.57µm
_08895_,219.31µm
_06915_,219.26µm
i_core_v_mini_mcu.cpu_subsystem_i.cpu_1_0.i_servile.o_rf_raddr\[0\],219.16µm
_27404_,219.11µm
net158,219.11µm
_19971_,219.03µm
net1009,218.9µm
net293,218.75µm
net993,218.75µm
_23530_,218.65µm
_10630_,218.55µm
_22366_,218.55µm
net1366,218.55µm
_22381_,218.5µm
_27299_,218.5µm
_12315_,218.45µm
_22765_,218.4µm
_19140_,218.24µm
net1328,218.19µm
net2069,218.04µm
_08902_,217.89µm
_25966_,217.89µm
_27309_,217.89µm
net2011,217.81µm
net450,217.72µm
net593,217.58µm
_19634_,217.48µm
_08864_,217.4µm
i_core_v_mini_mcu.ao_peripheral_subsystem_i.spi_subsystem_i.obi_spimemio_i.spimemio_i.xfer.xfer_qspi,217.38µm
i_core_v_mini_mcu.peripheral_slave_resp\[14\],217.38µm
_09221_,217.33µm
_17567_,217.17µm
net582,217.17µm
_20650_,217.04µm
clknet_leaf_0_clk_i_regs,216.97µm
_07667_,216.87µm
net655,216.87µm
net1808,216.87µm
net2135,216.87µm
_10708_,216.77µm
_26732_,216.77µm
net715,216.77µm
net1997,216.72µm
_12424_,216.56µm
_18924_,216.51µm
net2048,216.51µm
_27593_,216.32µm
_17884_,216.31µm
net2005,216.31µm
_07082_,216.21µm
net1753,216µm
_12288_,215.9µm
net752,215.87µm
net766,215.85µm
_23529_,215.8µm
_21148_,215.75µm
net44,215.75µm
net284,215.39µm
_05684_,215.29µm
_06980_,215.13µm
_15121_,215.11µm
_21029_,215.09µm
net712,215.09µm
_07694_,215.04µm
_06317_,215.03µm
net1023,214.98µm
net1731,214.95µm
net1253,214.68µm
net1281,214.58µm
_17518_,214.42µm
_18069_,214.12µm
i_core_v_mini_mcu.ao_peripheral_slave_resp\[17\],214.07µm
net691,214.07µm
_07320_,213.97µm
_25520_,213.71µm
i_core_v_mini_mcu.ao_peripheral_subsystem_i.tdu_i.rd_ptr_q\[1\],213.67µm
net416,213.66µm
_21141_,213.51µm
_21052_,213.46µm
_24832_,213.41µm
_18966_,213.35µm
net316,213.3µm
net2045,213.15µm
_05990_,213.1µm
_10334_,213µm
_20895_,212.9µm
_18031_,212.8µm
net1124,212.69µm
_09250_,212.64µm
_21292_,212.64µm
net2046,212.46µm
_19870_,212.44µm
i_core_v_mini_mcu.peripheral_slave_resp\[9\],212.39µm
i_core_v_mini_mcu.peripheral_subsystem_i.uart_i.uart_core.uart_tx.tick_baud_q,212.34µm
net727,212.34µm
_24480_,212.29µm
net161,212.29µm
i_core_v_mini_mcu.memory_subsystem_i.ram0_i.tc_ram_i.sram\[22\]\[31\],212.24µm
net162,212.24µm
_25358_,212.17µm
_21386_,212.13µm
_18801_,212.08µm
net47,212.03µm
net37,211.93µm
net1459,211.93µm
_20326_,211.88µm
net247,211.88µm
i_core_v_mini_mcu.core_data_req\[25\],211.83µm
i_core_v_mini_mcu.memory_subsystem_i.ram0_i.rdata_o\[22\],211.83µm
clknet_3_0_0_clk_i_regs,211.83µm
clknet_3_7_0_clk_i_regs,211.83µm
_19345_,211.72µm
exit_value_int\[0\],211.68µm
net20,211.68µm
_09686_,211.32µm
net1364,211.32µm
_12302_,211.27µm
i_core_v_mini_mcu.memory_subsystem_i.ram0_i.rdata_o\[13\],211.17µm
net1732,211.06µm
net1937,210.81µm
net1856,210.76µm
_05918_,210.71µm
_07928_,210.66µm
_18013_,210.66µm
net515,210.35µm
net1855,210.3µm
net1283,210.25µm
net540,210.15µm
net1333,210.15µm
_07232_,210.1µm
_07399_,210.1µm
_10659_,209.95µm
_19408_,209.89µm
net564,209.79µm
_07114_,209.49µm
_06786_,209.23µm
_07645_,209.18µm
net2089,209.13µm
i_core_v_mini_mcu.core_data_req\[1\],209.08µm
net539,209.08µm
_06764_,208.98µm
_10015_,208.88µm
net1012,208.72µm
_06542_,208.67µm
_10755_,208.62µm
_21208_,208.57µm
_22514_,208.52µm
_07536_,208.42µm
net491,208.26µm
net1171,208.01µm
_20146_,207.91µm
_10776_,207.86µm
_14486_,207.86µm
i_core_v_mini_mcu.ao_peripheral_subsystem_i.spi_subsystem_i.obi_spimemio_i.obi_to_picorv32_i.picorv32_resp_i\[13\],207.81µm
i_core_v_mini_mcu.peripheral_slave_resp\[22\],207.76µm
i_core_v_mini_mcu.peripheral_subsystem_i.uart_i.reg2hw\[84\],207.63µm
net385,207.6µm
net1070,207.45µm
net2009,207.45µm
net283,207.3µm
net1858,207.24µm
_09700_,207.23µm
net2143,207.19µm
_22269_,206.89µm
net559,206.79µm
net1871,206.79µm
_10925_,206.64µm
_09240_,206.58µm
_19563_,206.58µm
_17997_,206.52µm
net2094,206.44µm
net296,206.42µm
_06636_,206.33µm
_09088_,206.33µm
_19357_,206.33µm
_26921_,206.23µm
_08616_,206.13µm
_18026_,206.02µm
_12050_,205.97µm
net999,205.87µm
net317,205.77µm
net499,205.77µm
net1815,205.77µm
i_core_v_mini_mcu.core_data_req\[3\],205.72µm
net1303,205.36µm
_20490_,205.31µm
net2180,205.26µm
_07593_,205.11µm
_17998_,205.06µm
_21090_,205.06µm
i_core_v_mini_mcu.ao_peripheral_subsystem_i.spi_subsystem_i.obi_spimemio_i.flash_io0_do_o,204.96µm
i_core_v_mini_mcu.peripheral_subsystem_i.obi_fifo_i.consumer_data_req\[8\],204.65µm
net109,204.65µm
net1424,204.65µm
net1795,204.65µm
i_core_v_mini_mcu.peripheral_slave_resp\[7\],204.6µm
_09275_,204.55µm
_10921_,204.5µm
_12307_,204.5µm
_12888_,204.5µm
_14041_,204.5µm
net1602,204.5µm
net511,204.45µm
_10585_,204.4µm
net1860,204.4µm
_15879_,204.24µm
net751,204.19µm
net2052,204.19µm
_19817_,204.04µm
net211,204.04µm
net1981,203.89µm
_07194_,203.84µm
net1988,203.53µm
_06435_,203.43µm
_12640_,203.43µm
net152,203.38µm
_07181_,203.33µm
_08590_,203.33µm
net1223,203.07µm
_14208_,203.02µm
net483,202.97µm
_12419_,202.92µm
_27198_,202.72µm
net260,202.61µm
net57,202.36µm
net119,202.36µm
net1297,202.36µm
_18134_,202.21µm
_07035_,202.16µm
_09696_,202.16µm
net2010,201.98µm
net128,201.85µm
net544,201.85µm
clknet_3_3_0_clk_i_regs,201.8µm
_27294_,201.75µm
net1509,201.75µm
_11994_,201.7µm
_18610_,201.7µm
net760,201.34µm
net1733,201.29µm
net297,201.24µm
net1355,201.19µm
net1917,201.14µm
net1918,201.09µm
net729,200.98µm
_18566_,200.91µm
clknet_leaf_149_clk_i_regs,200.88µm
i_core_v_mini_mcu.core_data_req\[15\],200.83µm
net728,200.83µm
_19867_,200.8µm
_06525_,200.79µm
_19469_,200.78µm
i_core_v_mini_mcu.ao_peripheral_subsystem_i.spi_subsystem_i.obi_spimemio_i.obi_to_picorv32_i.picorv32_resp_i\[9\],200.73µm
net997,200.68µm
net1025,200.68µm
_20199_,200.63µm
i_core_v_mini_mcu.cpu_subsystem_i.cpu_0_0.i_servile.cpu.alu.i_rs1,200.63µm
net1915,200.63µm
_19919_,200.57µm
net198,200.53µm
net1928,200.52µm
net1008,200.37µm
net2035,200.32µm
_05554_,200.22µm
net775,200.22µm
_13968_,200.17µm
_14637_,200.12µm
_06993_,200.07µm
_09970_,200.07µm
clknet_leaf_114_clk_i_regs,199.86µm
_19973_,199.76µm
_06737_,199.72µm
net569,199.61µm
_05440_,199.56µm
net1919,199.51µm
net1827,199.46µm
net771,199.38µm
_12269_,199.36µm
_26061_,199.36µm
net251,199.35µm
net452,199.15µm
i_core_v_mini_mcu.ao_peripheral_slave_resp\[29\],199.1µm
_06440_,199.05µm
net127,199.05µm
net42,199µm
_14375_,198.95µm
i_core_v_mini_mcu.memory_subsystem_i.ram0_i.rdata_o\[15\],198.9µm
net2077,198.9µm
_13893_,198.85µm
i_core_v_mini_mcu.cpu_subsystem_i.cpu_1_0.i_servile.arbiter.i_wb_cpu_ibus_adr\[0\],198.79µm
net1991,198.74µm
_06776_,198.72µm
_11141_,198.64µm
_15208_,198.59µm
net2191,198.49µm
_26352_,198.44µm
_14372_,198.39µm
net287,198.39µm
net1512,198.39µm
net1775,198.39µm
_10382_,198.34µm
_27306_,198.29µm
_11390_,198.28µm
_20485_,198.28µm
_26827_,198.24µm
_17980_,198.11µm
_18976_,198.08µm
_07022_,197.97µm
_17530_,197.95µm
_14229_,197.88µm
_18585_,197.83µm
i_core_v_mini_mcu.peripheral_subsystem_i.uart_i.uart_core.u_uart_rxfifo.gen_normal_fifo.fifo_rptr\[0\],197.78µm
net1315,197.78µm
clknet_3_2_0_clk_i_regs,197.78µm
net2078,197.78µm
net1279,197.73µm
net114,197.68µm
net1119,197.43µm
_09367_,197.37µm
_21166_,197.37µm
_21328_,197.32µm
_23825_,197.32µm
_10422_,197.27µm
_22502_,197.27µm
_06175_,197.22µm
_18152_,197.22µm
_27597_,197.22µm
_18631_,196.86µm
_09223_,196.76µm
_10706_,196.76µm
net720,196.76µm
_27170_,196.71µm
net117,196.66µm
_14830_,196.61µm
_06835_,196.25µm
net1895,196.25µm
_14135_,196.2µm
_07721_,196.15µm
i_core_v_mini_mcu.system_bus_i.system_xbar_i.gen_xbar_NtoM.i_xbar.gen_inputs\[3\].i_addr_dec_resp_mux.gen_several_outputs.bank_sel_q\[2\],196.1µm
net1896,196.09µm
net1568,196.05µm
_25202_,196µm
net462,195.89µm
_20943_,195.84µm
i_core_v_mini_mcu.peripheral_subsystem_i.uart_i.reg2hw\[92\],195.79µm
i_core_v_mini_mcu.peripheral_slave_resp\[28\],195.59µm
_13887_,195.54µm
net1910,195.49µm
net599,195.18µm
net723,195.18µm
net1946,195.18µm
_06567_,195.13µm
_26542_,195.08µm
_07084_,194.98µm
_22337_,194.98µm
net688,194.98µm
net1967,194.92µm
_23133_,194.75µm
_06422_,194.57µm
net268,194.57µm
i_core_v_mini_mcu.ao_peripheral_subsystem_i.spi_subsystem_i.obi_spimemio_i.obi_to_picorv32_i.obi_resp_o\[3\],194.52µm
net1582,194.52µm
i_core_v_mini_mcu.memory_subsystem_i.ram0_i.rdata_o\[20\],194.47µm
_13612_,194.42µm
net1924,194.42µm
i_core_v_mini_mcu.memory_subsystem_i.ram0_i.rdata_o\[19\],194.37µm
net1768,194.37µm
net288,194.32µm
net1331,194.06µm
_19315_,194.01µm
_17970_,193.86µm
_21344_,193.81µm
_27272_,193.81µm
i_core_v_mini_mcu.peripheral_slave_resp\[10\],193.76µm
_22321_,193.65µm
net1011,193.63µm
net1321,193.45µm
_21327_,193.4µm
_22191_,193.35µm
_22727_,193.13µm
net1312,193.08µm
net1292,193.04µm
_10713_,192.9µm
_13066_,192.89µm
_09643_,192.84µm
_05564_,192.79µm
i_core_v_mini_mcu.ao_peripheral_subsystem_i.spi_subsystem_i.obi_spimemio_i.obi_to_picorv32_i.obi_resp_o\[1\],192.74µm
net1756,192.74µm
_18029_,192.64µm
_10017_,192.48µm
_19367_,192.48µm
net1273,192.38µm
_08896_,192.33µm
i_core_v_mini_mcu.core_data_req\[23\],192.28µm
_06528_,192.26µm
_12408_,192.23µm
_13899_,192.18µm
_18821_,192.18µm
i_core_v_mini_mcu.ao_peripheral_subsystem_i.power_manager_i.power_manager_reg_top_i.cpu_switch_on_counter_qs\[14\],192.18µm
_06507_,192.13µm
_06360_,192.11µm
_10016_,192.07µm
_20618_,191.97µm
net1457,191.92µm
net2055,191.77µm
_22774_,191.72µm
net1020,191.59µm
_20696_,191.57µm
net1909,191.57µm
net2027,191.51µm
net1548,191.26µm
clknet_3_6_0_clk_i_regs,191.16µm
_15408_,191.11µm
_07074_,191.06µm
_18109_,191.01µm
_20986_,191.01µm
net1949,190.82µm
_19974_,190.7µm
net1358,190.6µm
_18179_,190.55µm
_15234_,190.52µm
_08945_,190.29µm
_18028_,190.14µm
_21065_,190.14µm
_16785_,190.09µm
_17956_,190.04µm
_08859_,189.99µm
net492,189.99µm
_18759_,189.98µm
_18091_,189.89µm
_09682_,189.86µm
net1933,189.58µm
_09564_,189.38µm
i_core_v_mini_mcu.ao_peripheral_subsystem_i.spi_subsystem_i.obi_spimemio_i.obi_to_picorv32_i.picorv32_resp_i\[2\],189.38µm
_05694_,189.33µm
_18232_,189.12µm
_06937_,189.06µm
_06882_,189.02µm
_22961_,188.97µm
_06085_,188.92µm
_07436_,188.87µm
_13904_,188.87µm
_17421_,188.85µm
_05700_,188.82µm
_25308_,188.82µm
_26988_,188.82µm
net218,188.82µm
_12641_,188.64µm
_06962_,188.46µm
_23941_,188.41µm
net709,188.41µm
net1734,188.36µm
net765,188.31µm
_16681_,188.26µm
_23124_,188.26µm
net273,188.26µm
clknet_3_5_0_clk_i_regs,188.26µm
_13865_,188.21µm
_18715_,187.95µm
net1343,187.95µm
clknet_leaf_6_clk_i_regs,187.9µm
net1848,187.7µm
_13890_,187.65µm
i_core_v_mini_mcu.core_data_req\[14\],187.6µm
_19428_,187.44µm
clknet_leaf_68_clk_i_regs,187.39µm
_19387_,187.34µm
net2004,187.29µm
_06909_,187.24µm
_13853_,187.19µm
_15723_,187.19µm
net309,187.19µm
clknet_leaf_118_clk_i_regs,187.14µm
_25249_,186.98µm
_09492_,186.88µm
_22991_,186.78µm
i_core_v_mini_mcu.peripheral_subsystem_i.uart_i.reg2hw\[91\],186.78µm
net310,186.73µm
_07680_,186.63µm
net1810,186.58µm
net108,186.27µm
_14166_,186.17µm
net581,186.12µm
net774,186.12µm
i_core_v_mini_mcu.peripheral_slave_resp\[0\],186.07µm
net107,186.07µm
_06843_,186.05µm
_20329_,185.97µm
net660,185.75µm
net1326,185.71µm
_19243_,185.66µm
_22195_,185.66µm
net1984,185.66µm
net1481,185.61µm
i_core_v_mini_mcu.memory_subsystem_i.ram0_i.rdata_o\[9\],185.56µm
_09562_,185.51µm
net722,185.4µm
net1552,185.1µm
clknet_leaf_56_clk_i_regs,185.05µm
net2185,185.05µm
_09479_,185µm
clknet_leaf_108_clk_i_regs,184.79µm
clknet_leaf_68_i_core_v_mini_mcu.memory_subsystem_i.clk_cg,184.54µm
_16216_,184.5µm
_07768_,184.44µm
net2006,184.44µm
net151,184.39µm
_12928_,184.29µm
_18089_,184.29µm
net214,184.29µm
_18100_,184.18µm
net321,184.08µm
net1482,183.98µm
_07173_,183.83µm
net782,183.83µm
_21601_,183.78µm
net2150,183.72µm
_07469_,183.57µm
_21345_,183.55µm
_19573_,183.47µm
clknet_leaf_113_clk_i_regs,183.42µm
net2049,183.37µm
_14382_,183.32µm
_20990_,183.32µm
_08619_,183.22µm
_09306_,183.22µm
_22872_,183.17µm
_25529_,183.01µm
net597,183.01µm
_19007_,182.96µm
net1990,182.76µm
_09413_,182.71µm
_05857_,182.66µm
_16833_,182.66µm
_20494_,182.66µm
_24099_,182.56µm
i_core_v_mini_mcu.memory_subsystem_i.ram0_i.rdata_o\[29\],182.56µm
_19658_,182.25µm
net2073,182.25µm
_21308_,182.22µm
_16000_,182.2µm
net761,182.15µm
_09550_,182.1µm
_15102_,182.1µm
_18032_,182.05µm
net1823,182.05µm
_27599_,182µm
_19325_,181.69µm
net1557,181.64µm
_06496_,181.59µm
_15259_,181.59µm
_17874_,181.54µm
_21042_,181.54µm
net1811,181.49µm
_18114_,181.44µm
_07479_,181.39µm
clknet_leaf_35_clk_i_regs,181.28µm
_23115_,181.08µm
_08327_,181.05µm
_06651_,181.03µm
net562,181.03µm
net685,181.03µm
_09360_,180.98µm
_07720_,180.92µm
_13177_,180.88µm
net979,180.75µm
_27068_,180.62µm
_16020_,180.42µm
_27192_,180.42µm
_27269_,180.42µm
i_core_v_mini_mcu.peripheral_subsystem_i.obi_fifo_i.consumer_data_req\[2\],180.42µm
_07255_,180.37µm
net1377,180.06µm
_06477_,180.01µm
net2148,180.01µm
_20505_,179.93µm
_12239_,179.91µm
_22389_,179.91µm
_23113_,179.91µm
net605,179.91µm
net307,179.88µm
i_core_v_mini_mcu.cpu_subsystem_i.cpu_0_0.i_servile.arbiter.i_wb_cpu_ibus_adr\[1\],179.86µm
i_core_v_mini_mcu.peripheral_slave_resp\[2\],179.86µm
_07346_,179.76µm
_17560_,179.64µm
_20088_,179.55µm
net2063,179.5µm
_19626_,179.4µm
net1296,179.4µm
i_core_v_mini_mcu.peripheral_slave_resp\[6\],179.35µm
net157,179.35µm
_14829_,179.25µm
_17924_,178.94µm
net270,178.94µm
_19161_,178.89µm
clknet_leaf_110_clk_i_regs,178.89µm
_17414_,178.87µm
_07819_,178.84µm
net111,178.74µm
_07187_,178.69µm
_14228_,178.69µm
net386,178.66µm
_27595_,178.64µm
_16895_,178.56µm
_18102_,178.48µm
clknet_leaf_32_i_core_v_mini_mcu.memory_subsystem_i.clk_cg,178.48µm
net563,178.43µm
net2012,178.38µm
net545,178.33µm
_09203_,178.18µm
_18563_,178.08µm
net1914,177.87µm
_12130_,177.82µm
clknet_leaf_32_clk_i_regs,177.77µm
clknet_leaf_30_i_core_v_mini_mcu.memory_subsystem_i.clk_cg,177.77µm
_11385_,177.73µm
_18092_,177.67µm
i_core_v_mini_mcu.core_data_req\[26\],177.67µm
net186,177.67µm
net2149,177.67µm
_12320_,177.62µm
_06971_,177.44µm
_06479_,177.31µm
_09485_,177.31µm
_17314_,177.31µm
net2101,177.21µm
i_core_v_mini_mcu.memory_subsystem_i.ram0_i.rdata_o\[25\],177.16µm
_20832_,177.11µm
net30,177.06µm
_20509_,176.96µm
net318,176.7µm
_08900_,176.65µm
_06790_,176.55µm
i_core_v_mini_mcu.memory_subsystem_i.ram0_i.rdata_o\[31\],176.5µm
net1809,176.5µm
i_core_v_mini_mcu.ao_peripheral_slave_resp\[28\],176.45µm
_06778_,176.14µm
clknet_leaf_62_i_core_v_mini_mcu.memory_subsystem_i.clk_cg,176.09µm
i_core_v_mini_mcu.ao_peripheral_subsystem_i.spi_subsystem_i.obi_spimemio_i.spimemio_i.xfer.resetn,175.99µm
_09526_,175.94µm
net280,175.94µm
net2099,175.84µm
_20489_,175.77µm
_06870_,175.76µm
net1311,175.68µm
_06638_,175.66µm
clknet_leaf_119_clk_i_regs,175.53µm
_16155_,175.48µm
_23869_,175.48µm
net568,175.48µm
net1926,175.48µm
_21260_,175.43µm
net1425,175.33µm
net143,175.25µm
_14946_,175.16µm
net2100,175.12µm
net319,175.02µm
net2137,174.99µm
net1983,174.97µm
clknet_leaf_56_i_core_v_mini_mcu.memory_subsystem_i.clk_cg,174.91µm
_13245_,174.9µm
_09087_,174.82µm
_18652_,174.77µm
i_core_v_mini_mcu.core_data_req\[2\],174.77µm
net633,174.72µm
_18842_,174.71µm
clknet_leaf_97_i_core_v_mini_mcu.memory_subsystem_i.clk_cg,174.61µm
_25297_,174.44µm
_25525_,174.41µm
i_core_v_mini_mcu.core_data_req\[27\],174.41µm
clknet_leaf_29_i_core_v_mini_mcu.memory_subsystem_i.clk_cg,174.41µm
_16540_,174.31µm
_19561_,174.26µm
_20492_,174.26µm
_27275_,174.26µm
i_core_v_mini_mcu.peripheral_slave_resp\[20\],174.16µm
net1427,174.16µm
net2026,174.1µm
_16980_,174.07µm
net736,174.05µm
net159,173.95µm
net263,173.85µm
_10908_,173.8µm
clknet_leaf_26_i_core_v_mini_mcu.memory_subsystem_i.clk_cg,173.8µm
_17908_,173.75µm
_18861_,173.7µm
_20971_,173.7µm
_23833_,173.7µm
i_core_v_mini_mcu.ao_peripheral_subsystem_i.power_manager_i.power_manager_reg_top_i.cpu_counters_stop_cpu_switch_on_stop_bit_counter_qs,173.7µm
_07154_,173.42µm
_16986_,173.19µm
_17983_,173.09µm
net324,173.09µm
net1757,173.09µm
_08012_,173.04µm
_18137_,173.04µm
_20502_,173.04µm
_24385_,173.04µm
_14165_,172.83µm
_10558_,172.68µm
net2212,172.68µm
_23771_,172.63µm
_23946_,172.63µm
clknet_leaf_10_i_core_v_mini_mcu.peripheral_subsystem_i.clk_cg,172.63µm
net106,172.53µm
_09358_,172.48µm
_17468_,172.48µm
net2140,172.27µm
net2093,172.17µm
net1514,172.07µm
_16061_,172.02µm
_16170_,172.02µm
net747,172.02µm
_06927_,171.97µm
_13630_,171.97µm
_17913_,171.97µm
net104,171.97µm
_10691_,171.92µm
net1585,171.56µm
_13822_,171.51µm
net1576,171.51µm
clknet_3_1_0_clk_i_regs,171.46µm
i_core_v_mini_mcu.peripheral_slave_resp\[23\],171.36µm
clknet_leaf_25_i_core_v_mini_mcu.memory_subsystem_i.clk_cg,171.2µm
clknet_leaf_107_clk_i_regs,171.15µm
i_core_v_mini_mcu.core_data_req\[28\],171.13µm
_06476_,171.1µm
_19069_,171.1µm
_21012_,171.1µm
_21005_,171µm
i_core_v_mini_mcu.memory_subsystem_i.ram0_i.rdata_o\[24\],171µm
_12228_,170.9µm
clknet_leaf_131_clk_i_regs,170.87µm
_07414_,170.85µm
_25212_,170.85µm
net82,170.85µm
net708,170.85µm
net1525,170.85µm
net213,170.82µm
_25154_,170.8µm
net1952,170.69µm
net2087,170.69µm
_06414_,170.59µm
net1986,170.54µm
_20090_,170.39µm
net205,170.34µm
net1755,170.34µm
_25012_,170.29µm
net199,170.29µm
_23889_,169.93µm
clknet_leaf_52_i_core_v_mini_mcu.memory_subsystem_i.clk_cg,169.93µm
_06761_,169.88µm
_13634_,169.88µm
_21383_,169.83µm
i_core_v_mini_mcu.memory_subsystem_i.ram0_i.rdata_o\[4\],169.83µm
_13872_,169.78µm
net1939,169.78µm
_25318_,169.73µm
net103,169.73µm
_10653_,169.68µm
net335,169.68µm
_14288_,169.27µm
net1503,169.27µm
_22843_,169.17µm
net113,169.17µm
net679,169.17µm
_18673_,168.81µm
net1005,168.81µm
_25586_,168.66µm
i_core_v_mini_mcu.peripheral_slave_resp\[3\],168.66µm
net706,168.66µm
_09281_,168.62µm
_18283_,168.61µm
net10,168.56µm
_20487_,168.43µm
net2028,168.4µm
net1923,168.35µm
clknet_leaf_12_i_core_v_mini_mcu.peripheral_subsystem_i.clk_cg,168.3µm
net1741,168.25µm
_08473_,168.2µm
_17260_,168.15µm
clknet_leaf_151_clk_i_regs,168.15µm
net1743,168.15µm
_16948_,168.1µm
_21377_,168.05µm
_06416_,167.74µm
_13907_,167.59µm
net105,167.54µm
_25152_,167.49µm
_07319_,167.44µm
net1270,167.31µm
net1527,167.23µm
_09720_,167.08µm
_15293_,167.08µm
_20935_,167.08µm
i_core_v_mini_mcu.memory_subsystem_i.ram0_i.rdata_o\[10\],166.98µm
i_core_v_mini_mcu.peripheral_subsystem_i.uart_i.reg2hw\[5\],166.98µm
net83,166.98µm
_11062_,166.93µm
_17934_,166.93µm
_21338_,166.93µm
_25752_,166.93µm
net2059,166.93µm
i_core_v_mini_mcu.ao_peripheral_subsystem_i.clint_mtime_o\[31\],166.77µm
clknet_leaf_0_i_core_v_mini_mcu.memory_subsystem_i.clk_cg,166.77µm
net1580,166.67µm
clknet_leaf_26_i_core_v_mini_mcu.peripheral_subsystem_i.clk_cg,166.57µm
net1822,166.57µm
_06954_,166.52µm
_13896_,166.52µm
_07556_,166.5µm
_12096_,166.42µm
_12972_,166.42µm
net2154,166.42µm
_18291_,166.37µm
i_core_v_mini_mcu.core_data_req\[21\],166.37µm
clknet_leaf_31_i_core_v_mini_mcu.peripheral_subsystem_i.clk_cg,166.37µm
net1416,166.32µm
_06390_,165.96µm
_15323_,165.91µm
i_core_v_mini_mcu.memory_subsystem_i.ram0_i.rdata_o\[27\],165.86µm
i_core_v_mini_mcu.memory_subsystem_i.ram0_i.rdata_o\[30\],165.86µm
_05695_,165.55µm
_16373_,165.5µm
clknet_leaf_33_clk_i_regs,165.5µm
net1927,165.5µm
_15983_,165.45µm
net1437,165.45µm
_09102_,165.4µm
i_core_v_mini_mcu.memory_subsystem_i.ram0_i.rdata_o\[16\],165.4µm
_06921_,165.38µm
_06681_,165.35µm
_16151_,165.35µm
i_core_v_mini_mcu.peripheral_slave_resp\[17\],165.35µm
i_core_v_mini_mcu.memory_subsystem_i.ram0_i.rdata_o\[12\],165.3µm
net299,165.25µm
_14233_,164.99µm
_19284_,164.99µm
net557,164.89µm
i_core_v_mini_mcu.core_data_req\[7\],164.84µm
net1814,164.84µm
net1238,164.79µm
i_core_v_mini_mcu.ao_peripheral_subsystem_i.clint_mtime_o\[49\],164.74µm
net1387,164.74µm
i_core_v_mini_mcu.memory_subsystem_i.ram0_i.rdata_o\[26\],164.69µm
clknet_leaf_44_clk_i_regs,164.38µm
_13866_,164.23µm
clknet_leaf_116_clk_i_regs,164.23µm
clknet_leaf_14_i_core_v_mini_mcu.peripheral_subsystem_i.clk_cg,164.23µm
_19542_,164.12µm
_21108_,164µm
clknet_leaf_16_i_core_v_mini_mcu.memory_subsystem_i.clk_cg,163.92µm
net2188,163.77µm
_12355_,163.72µm
net1969,163.67µm
_09959_,163.62µm
net1740,163.62µm
_17982_,163.52µm
clknet_leaf_42_i_core_v_mini_mcu.memory_subsystem_i.clk_cg,163.41µm
_11683_,163.17µm
net1807,163.16µm
i_core_v_mini_mcu.memory_subsystem_i.ram0_i.rdata_o\[8\],163.06µm
_15315_,163.01µm
net1922,163.01µm
_07734_,162.96µm
net1953,162.96µm
net2145,162.95µm
clknet_leaf_64_i_core_v_mini_mcu.memory_subsystem_i.clk_cg,162.7µm
_21217_,162.61µm
_17875_,162.55µm
net1443,162.55µm
net1485,162.55µm
net2040,162.55µm
_21083_,162.5µm
net215,162.5µm
_26982_,162.14µm
_15262_,162.09µm
_09630_,162.04µm
_21450_,162.04µm
net182,161.99µm
net707,161.99µm
_15693_,161.94µm
_16990_,161.94µm
_19686_,161.94µm
_22273_,161.94µm
_26276_,161.94µm
_07260_,161.89µm
_24290_,161.89µm
_17263_,161.79µm
net204,161.73µm
_06644_,161.53µm
_08584_,161.53µm
i_core_v_mini_mcu.ao_peripheral_subsystem_i.clint_mtime_o\[30\],161.53µm
_06888_,161.48µm
_10390_,161.48µm
_15418_,161.48µm
_19520_,161.43µm
i_core_v_mini_mcu.memory_subsystem_i.ram0_i.rdata_o\[0\],161.43µm
_05848_,161.38µm
_09332_,161.38µm
_27119_,161.38µm
_08646_,161.33µm
_10743_,161.33µm
_12520_,161.33µm
_25304_,161.33µm
_27048_,161.33µm
net1304,161.33µm
_07963_,161.28µm
_15668_,161.02µm
net1388,160.97µm
clknet_leaf_89_clk_i_regs,160.97µm
_22736_,160.92µm
net120,160.92µm
net1517,160.92µm
clknet_leaf_53_i_core_v_mini_mcu.memory_subsystem_i.clk_cg,160.92µm
i_core_v_mini_mcu.core_data_req\[18\],160.87µm
net1821,160.87µm
_18579_,160.82µm
i_core_v_mini_mcu.ao_peripheral_subsystem_i.spi_subsystem_i.obi_spimemio_i.obi_to_picorv32_i.picorv32_resp_i\[8\],160.82µm
i_core_v_mini_mcu.peripheral_subsystem_i.uart_i.reg2hw\[20\],160.82µm
clknet_leaf_8_i_core_v_mini_mcu.memory_subsystem_i.clk_cg,160.82µm
net2001,160.46µm
clknet_leaf_55_i_core_v_mini_mcu.memory_subsystem_i.clk_cg,160.41µm
_06511_,160.36µm
_13649_,160.26µm
i_core_v_mini_mcu.ao_peripheral_subsystem_i.power_manager_i.power_manager_counter_sequence_cpu_iso_i.start_off_sequence_i,160.26µm
i_core_v_mini_mcu.ao_peripheral_subsystem_i.spi_subsystem_i.obi_spimemio_i.flash_io1_do_o,160.26µm
clknet_leaf_74_i_core_v_mini_mcu.memory_subsystem_i.clk_cg,160.26µm
_11176_,160.22µm
_07015_,160.21µm
net2017,160.21µm
_07808_,160.16µm
net558,160µm
clknet_leaf_23_clk_i_regs,159.95µm
_10559_,159.8µm
i_core_v_mini_mcu.peripheral_slave_resp\[4\],159.8µm
_09412_,159.75µm
net1546,159.7µm
_05781_,159.65µm
i_core_v_mini_mcu.peripheral_subsystem_i.obi_fifo_i.consumer_data_req\[0\],159.47µm
clknet_leaf_92_i_core_v_mini_mcu.memory_subsystem_i.clk_cg,159.44µm
_09363_,159.39µm
clknet_leaf_6_i_core_v_mini_mcu.peripheral_subsystem_i.clk_cg,159.39µm
_08862_,159.29µm
_05610_,159.19µm
_19633_,159.14µm
_22132_,159.14µm
_24048_,159.09µm
_08281_,158.89µm
_16137_,158.68µm
_16907_,158.63µm
net996,158.63µm
net165,158.58µm
_15094_,158.53µm
_24917_,158.48µm
_20951_,158.32µm
clknet_leaf_90_i_core_v_mini_mcu.memory_subsystem_i.clk_cg,158.32µm
_15211_,158.27µm
clknet_leaf_8_i_core_v_mini_mcu.peripheral_subsystem_i.clk_cg,158.27µm
clknet_leaf_46_i_core_v_mini_mcu.memory_subsystem_i.clk_cg,158.27µm
net1495,158.12µm
_18271_,158.07µm
_20100_,158.07µm
_21296_,158.07µm
_06853_,158.02µm
_21517_,158.02µm
_14355_,157.97µm
_07225_,157.94µm
_17206_,157.66µm
_09963_,157.61µm
net1483,157.56µm
clknet_leaf_51_i_core_v_mini_mcu.memory_subsystem_i.clk_cg,157.56µm
_12074_,157.51µm
_13895_,157.51µm
_21124_,157.51µm
net1420,157.51µm
_21487_,157.46µm
_26992_,157.46µm
net304,157.46µm
clknet_leaf_65_i_core_v_mini_mcu.memory_subsystem_i.clk_cg,157.4µm
net1563,157.35µm
_06873_,157.1µm
_06378_,157.05µm
clknet_leaf_76_i_core_v_mini_mcu.memory_subsystem_i.clk_cg,157.05µm
_06506_,156.97µm
_07251_,156.95µm
clknet_leaf_72_i_core_v_mini_mcu.memory_subsystem_i.clk_cg,156.95µm
net1785,156.95µm
_10785_,156.9µm
_13588_,156.9µm
_13951_,156.85µm
_06930_,156.8µm
net1906,156.74µm
clknet_leaf_27_i_core_v_mini_mcu.memory_subsystem_i.clk_cg,156.59µm
net1987,156.59µm
_06529_,156.49µm
net1989,156.49µm
_23322_,156.44µm
net2169,156.44µm
_06411_,156.39µm
net139,156.39µm
clknet_leaf_150_clk_i_regs,156.39µm
net190,156.34µm
_06156_,156.29µm
_10146_,156.24µm
clknet_leaf_48_i_core_v_mini_mcu.memory_subsystem_i.clk_cg,156.16µm
_18561_,156.04µm
net542,155.88µm
net1160,155.88µm
_10746_,155.83µm
_26447_,155.78µm
net778,155.78µm
_11117_,155.73µm
_17003_,155.73µm
clknet_leaf_40_clk_i_regs,155.42µm
_16954_,155.37µm
net1019,155.37µm
net1419,155.32µm
clknet_leaf_50_i_core_v_mini_mcu.memory_subsystem_i.clk_cg,155.32µm
_21016_,155.22µm
_27137_,155.22µm
i_core_v_mini_mcu.ao_peripheral_subsystem_i.spi_subsystem_i.obi_spimemio_i.obi_to_picorv32_i.obi_resp_o\[7\],155.22µm
i_core_v_mini_mcu.cpu_subsystem_i.cpu_1_0.rf_ram_i.memory\[3\]\[1\],155.22µm
_17975_,155.17µm
clknet_leaf_6_i_core_v_mini_mcu.memory_subsystem_i.clk_cg,155.17µm
net1018,155.11µm
_06338_,154.96µm
_08370_,154.92µm
_06485_,154.81µm
net1957,154.81µm
clknet_leaf_79_i_core_v_mini_mcu.memory_subsystem_i.clk_cg,154.76µm
net2053,154.76µm
clknet_leaf_3_clk_i_regs,154.71µm
i_core_v_mini_mcu.cpu_subsystem_i.cpu_1_0.rf_ram_i.memory\[293\]\[0\],154.66µm
net169,154.66µm
net1739,154.66µm
_11590_,154.56µm
_22219_,154.56µm
_24577_,154.56µm
_13608_,154.54µm
_14430_,154.53µm
clknet_leaf_34_clk_i_regs,154.4µm
clknet_leaf_112_clk_i_regs,154.4µm
net1942,154.4µm
clknet_leaf_28_i_core_v_mini_mcu.memory_subsystem_i.clk_cg,154.3µm
clknet_leaf_19_i_core_v_mini_mcu.memory_subsystem_i.clk_cg,154.25µm
_16147_,154.2µm
_10415_,154.1µm
net1423,154.1µm
clknet_leaf_67_clk_i_regs,154.1µm
_10061_,154µm
_15829_,153.84µm
clknet_leaf_102_clk_i_regs,153.74µm
net1820,153.74µm
_13884_,153.64µm
_24697_,153.64µm
net1463,153.64µm
_09444_,153.59µm
_14170_,153.59µm
_21959_,153.54µm
net1516,153.49µm
net1865,153.49µm
_19768_,153.44µm
_25657_,153.44µm
net2194,153.28µm
_21332_,153.13µm
clknet_leaf_29_clk_i_regs,153.13µm
_09173_,153.08µm
net1352,153.08µm
clknet_leaf_22_i_core_v_mini_mcu.peripheral_subsystem_i.clk_cg,153.03µm
_14319_,152.98µm
clknet_leaf_39_clk_i_regs,152.98µm
_10947_,152.93µm
_12460_,152.93µm
net1446,152.93µm
_05931_,152.88µm
_24913_,152.77µm
net2106,152.58µm
_10753_,152.52µm
clknet_leaf_35_i_core_v_mini_mcu.peripheral_subsystem_i.clk_cg,152.52µm
clknet_leaf_101_i_core_v_mini_mcu.memory_subsystem_i.clk_cg,152.52µm
_13986_,152.47µm
_20953_,152.42µm
net325,152.42µm
i_core_v_mini_mcu.cpu_subsystem_i.cpu_0_0.rf_ram_i.memory\[392\]\[1\],152.37µm
i_core_v_mini_mcu.memory_subsystem_i.ram0_i.rdata_o\[17\],152.37µm
net138,152.37µm
net521,152.32µm
clknet_leaf_95_clk_i_regs,152.16µm
_10561_,152.11µm
clknet_leaf_37_clk_i_regs,152.11µm
_09514_,151.96µm
_11001_,151.96µm
_20023_,151.91µm
net2032,151.91µm
_20403_,151.86µm
_06562_,151.81µm
net1360,151.81µm
net2098,151.81µm
_13651_,151.5µm
net1537,151.45µm
clknet_leaf_124_clk_i_regs,151.45µm
net181,151.4µm
clknet_leaf_15_i_core_v_mini_mcu.memory_subsystem_i.clk_cg,151.4µm
net1867,151.35µm
_17542_,151.3µm
_13639_,151.25µm
_17873_,151.25µm
net33,151.25µm
_22360_,151.2µm
_23797_,151.2µm
clknet_leaf_88_i_core_v_mini_mcu.memory_subsystem_i.clk_cg,150.99µm
net1553,150.94µm
clknet_leaf_96_i_core_v_mini_mcu.memory_subsystem_i.clk_cg,150.94µm
net575,150.89µm
clknet_leaf_93_i_core_v_mini_mcu.memory_subsystem_i.clk_cg,150.89µm
_08962_,150.84µm
_10603_,150.84µm
i_core_v_mini_mcu.peripheral_subsystem_i.uart_i.reg2hw\[24\],150.84µm
_06540_,150.79µm
_09973_,150.64µm
_16713_,150.56µm
clknet_leaf_90_clk_i_regs,150.48µm
_10599_,150.46µm
_06516_,150.33µm
net1381,150.33µm
_16191_,150.28µm
net1372,150.28µm
clknet_leaf_40_i_core_v_mini_mcu.memory_subsystem_i.clk_cg,150.24µm
clknet_leaf_36_clk_i_regs,150.23µm
_08240_,150.21µm
net1812,150.08µm
clknet_leaf_37_i_core_v_mini_mcu.memory_subsystem_i.clk_cg,150.05µm
clknet_leaf_13_i_core_v_mini_mcu.memory_subsystem_i.clk_cg,149.92µm
_16140_,149.85µm
net753,149.77µm
net1224,149.72µm
_13902_,149.62µm
_20866_,149.62µm
i_core_v_mini_mcu.core_data_req\[4\],149.57µm
net1748,149.57µm
clknet_leaf_12_i_core_v_mini_mcu.memory_subsystem_i.clk_cg,149.54µm
_06478_,149.26µm
_17334_,149.21µm
net1507,149.21µm
clknet_leaf_75_i_core_v_mini_mcu.memory_subsystem_i.clk_cg,149.16µm
net2147,149.16µm
_10590_,149.13µm
_16917_,149.11µm
net1166,149.11µm
_06942_,149.06µm
_06981_,149.06µm
_07437_,149.01µm
_08312_,149.01µm
i_core_v_mini_mcu.cpu_subsystem_i.cpu_1_0.rf_ram_i.memory\[466\]\[0\],149.01µm
net1470,148.8µm
net1562,148.75µm
_16472_,148.7µm
net2142,148.7µm
_06855_,148.65µm
net1477,148.65µm
net1521,148.65µm
clknet_leaf_66_i_core_v_mini_mcu.memory_subsystem_i.clk_cg,148.55µm
_12237_,148.5µm
_16206_,148.45µm
net1904,148.4µm
net2144,148.24µm
clknet_leaf_111_clk_i_regs,148.19µm
net1421,148.14µm
clknet_leaf_104_clk_i_regs,148.14µm
_18127_,148.13µm
net1570,148.09µm
i_core_v_mini_mcu.peripheral_subsystem_i.uart_i.reg2hw\[21\],148.04µm
net1985,147.99µm
net2102,147.99µm
clknet_leaf_41_i_core_v_mini_mcu.memory_subsystem_i.clk_cg,147.93µm
_21802_,147.89µm
net1744,147.89µm
net1293,147.84µm
_17887_,147.65µm
net1771,147.53µm
_07719_,147.38µm
_19809_,147.38µm
_13735_,147.37µm
_07362_,147.33µm
i_core_v_mini_mcu.peripheral_slave_resp\[21\],147.33µm
_15675_,147.3µm
clknet_leaf_11_clk_i_regs,147.07µm
_21404_,146.97µm
_25536_,146.97µm
net382,146.87µm
clknet_leaf_47_i_core_v_mini_mcu.memory_subsystem_i.clk_cg,146.87µm
_10274_,146.77µm
_12383_,146.77µm
_12908_,146.77µm
_16983_,146.77µm
_23087_,146.77µm
_16029_,146.6µm
net1920,146.51µm
net2170,146.51µm
clknet_leaf_128_clk_i_regs,146.46µm
_06887_,146.36µm
clknet_leaf_80_i_core_v_mini_mcu.memory_subsystem_i.clk_cg,146.36µm
net2138,146.36µm
_11373_,146.31µm
clknet_leaf_43_i_core_v_mini_mcu.memory_subsystem_i.clk_cg,146.31µm
net2111,146.31µm
net2019,146.29µm
_25471_,146.26µm
i_core_v_mini_mcu.ao_peripheral_subsystem_i.obi_fifo_i.consumer_resp_i\[9\],146.21µm
clknet_leaf_74_clk_i_regs,145.95µm
clknet_leaf_100_i_core_v_mini_mcu.memory_subsystem_i.clk_cg,145.95µm
_15882_,145.9µm
_17362_,145.9µm
_11469_,145.8µm
_19190_,145.8µm
clknet_leaf_12_clk_i_regs,145.8µm
net177,145.75µm
clknet_leaf_20_i_core_v_mini_mcu.memory_subsystem_i.clk_cg,145.75µm
_08889_,145.7µm
i_core_v_mini_mcu.memory_subsystem_i.ram0_i.rdata_o\[11\],145.7µm
net1497,145.7µm
_13248_,145.69µm
_07379_,145.65µm
net1750,145.6µm
_08908_,145.52µm
clknet_leaf_19_clk_i_regs,145.44µm
clknet_leaf_84_clk_i_regs,145.34µm
clknet_leaf_45_i_core_v_mini_mcu.peripheral_subsystem_i.clk_cg,145.34µm
net1764,145.34µm
_21316_,145.29µm
_11195_,145.24µm
_11686_,145.24µm
net1559,145.19µm
net1857,145.19µm
net705,145.14µm
_07776_,145.09µm
_07508_,145.04µm
_08517_,145.04µm
net1417,144.88µm
_15050_,144.86µm
clknet_leaf_93_clk_i_regs,144.83µm
clknet_leaf_21_i_core_v_mini_mcu.peripheral_subsystem_i.clk_cg,144.83µm
net2211,144.83µm
clknet_leaf_36_i_core_v_mini_mcu.memory_subsystem_i.clk_cg,144.78µm
net1864,144.74µm
_20644_,144.73µm
i_core_v_mini_mcu.ao_peripheral_subsystem_i.power_manager_i.power_manager_counter_sequence_cpu_switch_i.start_off_sequence_i,144.73µm
clknet_leaf_44_i_core_v_mini_mcu.peripheral_subsystem_i.clk_cg,144.73µm
clknet_leaf_38_clk_i_regs,144.68µm
clknet_leaf_39_i_core_v_mini_mcu.memory_subsystem_i.clk_cg,144.68µm
net518,144.63µm
_12989_,144.58µm
_20497_,144.58µm
_18000_,144.53µm
_18236_,144.53µm
i_core_v_mini_mcu.memory_subsystem_i.ram0_i.rdata_o\[28\],144.53µm
net1542,144.53µm
_08541_,144.48µm
_23798_,144.48µm
net1730,144.48µm
net1404,144.42µm
clknet_leaf_17_i_core_v_mini_mcu.peripheral_subsystem_i.clk_cg,144.32µm
_23321_,144.27µm
_21435_,144.22µm
net1225,144.17µm
clknet_leaf_102_i_core_v_mini_mcu.memory_subsystem_i.clk_cg,144.17µm
_08866_,144.12µm
_11416_,144.12µm
_15522_,144.12µm
net2112,144.07µm
_05772_,144.02µm
_06748_,144.02µm
_10155_,144.02µm
_26978_,144.02µm
_15326_,143.98µm
_17614_,143.97µm
net520,143.97µm
net1505,143.96µm
net112,143.92µm
net2025,143.92µm
clknet_leaf_80_clk_i_regs,143.76µm
clknet_leaf_45_i_core_v_mini_mcu.memory_subsystem_i.clk_cg,143.76µm
net1806,143.69µm
net1383,143.61µm
i_core_v_mini_mcu.cpu_subsystem_i.cpu_1_0.rf_ram_i.memory\[444\]\[0\],143.59µm
_06384_,143.51µm
_16089_,143.51µm
net153,143.51µm
net2207,143.51µm
net1456,143.46µm
clknet_leaf_141_clk_i_regs,143.46µm
clknet_leaf_24_i_core_v_mini_mcu.memory_subsystem_i.clk_cg,143.46µm
_10508_,143.41µm
_20024_,143.41µm
i_core_v_mini_mcu.memory_subsystem_i.ram0_i.rdata_o\[2\],143.41µm
_13910_,143.36µm
i_core_v_mini_mcu.peripheral_slave_resp\[15\],143.36µm
net301,143.36µm
net1394,143.15µm
clknet_leaf_86_i_core_v_mini_mcu.memory_subsystem_i.clk_cg,143.15µm
clknet_leaf_28_clk_i_regs,143.1µm
clknet_leaf_101_clk_i_regs,143.1µm
clknet_leaf_122_clk_i_regs,143.1µm
clknet_leaf_51_clk_i_regs,143.05µm
i_core_v_mini_mcu.core_data_req\[19\],143.04µm
net1408,142.95µm
_20173_,142.9µm
_16889_,142.85µm
_22935_,142.85µm
_25129_,142.85µm
_26157_,142.85µm
_07224_,142.8µm
clknet_leaf_24_clk_i_regs,142.64µm
net2002,142.64µm
_14117_,142.44µm
net1478,142.44µm
_21353_,142.39µm
clknet_leaf_54_clk_i_regs,142.39µm
net1265,142.38µm
_27485_,142.34µm
net1824,142.34µm
net1968,142.34µm
i_core_v_mini_mcu.cpu_subsystem_i.cpu_1_0.i_servile.arbiter.i_wb_cpu_dbus_adr\[31\],142.29µm
net572,142.29µm
net1523,141.98µm
net1574,141.93µm
clknet_leaf_1_clk_i_regs,141.88µm
_15420_,141.83µm
i_core_v_mini_mcu.core_data_req\[20\],141.83µm
i_core_v_mini_mcu.core_data_req\[22\],141.83µm
net2042,141.83µm
_13869_,141.78µm
_21382_,141.78µm
i_core_v_mini_mcu.peripheral_slave_resp\[30\],141.78µm
_08294_,141.73µm
_16204_,141.73µm
_25357_,141.68µm
net311,141.68µm
clknet_leaf_73_clk_i_regs,141.62µm
net1970,141.62µm
clknet_leaf_103_i_core_v_mini_mcu.memory_subsystem_i.clk_cg,141.52µm
clknet_leaf_91_i_core_v_mini_mcu.memory_subsystem_i.clk_cg,141.47µm
clknet_leaf_79_clk_i_regs,141.37µm
clknet_leaf_60_i_core_v_mini_mcu.memory_subsystem_i.clk_cg,141.37µm
_06950_,141.32µm
_15409_,141.32µm
net556,141.32µm
net1543,141.32µm
i_core_v_mini_mcu.core_data_req\[11\],141.27µm
clknet_leaf_61_i_core_v_mini_mcu.memory_subsystem_i.clk_cg,141.27µm
_20985_,141.22µm
i_core_v_mini_mcu.ao_peripheral_subsystem_i.periph_to_reg_i.r_rdata_d\[2\],141.17µm
net519,141.17µm
clknet_leaf_96_clk_i_regs,140.91µm
clknet_leaf_11_i_core_v_mini_mcu.peripheral_subsystem_i.clk_cg,140.81µm
clknet_leaf_106_i_core_v_mini_mcu.memory_subsystem_i.clk_cg,140.81µm
net2016,140.8µm
_06228_,140.71µm
clknet_leaf_9_clk_i_regs,140.71µm
clknet_leaf_55_clk_i_regs,140.71µm
_16678_,140.66µm
_18465_,140.66µm
_06897_,140.61µm
_14426_,140.61µm
_20972_,140.61µm
net167,140.61µm
clknet_leaf_132_clk_i_regs,140.61µm
_18510_,140.56µm
_20740_,140.56µm
i_core_v_mini_mcu.ao_peripheral_subsystem_i.power_manager_i.power_manager_reg_top_i.monitor_power_gate_periph_qs\[0\],140.56µm
net2139,140.37µm
clknet_leaf_85_i_core_v_mini_mcu.memory_subsystem_i.clk_cg,140.35µm
clknet_leaf_76_clk_i_regs,140.3µm
clknet_leaf_44_i_core_v_mini_mcu.memory_subsystem_i.clk_cg,140.3µm
_21309_,140.25µm
clknet_leaf_81_i_core_v_mini_mcu.memory_subsystem_i.clk_cg,140.25µm
net704,140.2µm
_06634_,140.15µm
_08781_,140.15µm
_14274_,140.15µm
net125,140.15µm
_07994_,140.1µm
_18264_,140.1µm
net156,140.1µm
i_core_v_mini_mcu.ao_peripheral_subsystem_i.power_manager_i.power_manager_reg_top_i.cpu_switch_on_counter_qs\[9\],140.05µm
_17536_,139.97µm
clknet_leaf_126_clk_i_regs,139.89µm
clknet_leaf_49_i_core_v_mini_mcu.memory_subsystem_i.clk_cg,139.79µm
clknet_leaf_62_clk_i_regs,139.74µm
clknet_leaf_24_i_core_v_mini_mcu.peripheral_subsystem_i.clk_cg,139.74µm
clknet_leaf_71_i_core_v_mini_mcu.memory_subsystem_i.clk_cg,139.69µm
_15692_,139.64µm
_17029_,139.64µm
_27007_,139.64µm
clknet_leaf_50_clk_i_regs,139.64µm
_15416_,139.59µm
_16026_,139.59µm
_21329_,139.59µm
_26944_,139.59µm
clknet_leaf_115_clk_i_regs,139.59µm
_00005_,139.54µm
i_core_v_mini_mcu.ao_peripheral_subsystem_i.power_manager_i.power_manager_reg_top_i.cpu_counters_stop_cpu_iso_off_stop_bit_counter_qs,139.54µm
_12268_,139.49µm
_14211_,139.49µm
_25562_,139.49µm
net2103,139.49µm
_16046_,139.48µm
_08064_,139.44µm
_11204_,139.44µm
_22881_,139.44µm
_24714_,139.32µm
_10007_,139.28µm
net1936,139.28µm
_15571_,139.18µm
clknet_leaf_97_clk_i_regs,139.18µm
clknet_leaf_37_i_core_v_mini_mcu.peripheral_subsystem_i.clk_cg,139.13µm
net1401,139.08µm
net1489,139.08µm
_20333_,139.03µm
clknet_leaf_30_i_core_v_mini_mcu.peripheral_subsystem_i.clk_cg,139.03µm
_08299_,138.98µm
_22076_,138.98µm
_22839_,138.98µm
net1587,138.96µm
_16897_,138.93µm
i_core_v_mini_mcu.core_data_req\[10\],138.93µm
net1749,138.93µm
_16994_,138.89µm
clknet_leaf_109_clk_i_regs,138.67µm
clknet_leaf_25_clk_i_regs,138.62µm
clknet_leaf_2_i_core_v_mini_mcu.peripheral_subsystem_i.clk_cg,138.62µm
_23752_,138.57µm
net1302,138.57µm
clknet_leaf_53_clk_i_regs,138.57µm
clknet_leaf_9_i_core_v_mini_mcu.peripheral_subsystem_i.clk_cg,138.57µm
clknet_leaf_58_i_core_v_mini_mcu.memory_subsystem_i.clk_cg,138.52µm
_08014_,138.49µm
_21013_,138.47µm
net2029,138.47µm
clknet_leaf_21_i_core_v_mini_mcu.memory_subsystem_i.clk_cg,138.46µm
_25847_,138.42µm
net1880,138.42µm
net1940,138.42µm
i_core_v_mini_mcu.cpu_subsystem_i.cpu_0_0.rf_ram_i.memory\[398\]\[1\],138.38µm
_08398_,138.32µm
net379,138.32µm
net1872,138.32µm
clknet_leaf_91_clk_i_regs,138.1µm
clknet_leaf_89_i_core_v_mini_mcu.memory_subsystem_i.clk_cg,138.06µm
_14367_,137.96µm
i_core_v_mini_mcu.peripheral_subsystem_i.uart_i.hw2reg\[16\],137.92µm
clknet_leaf_18_i_core_v_mini_mcu.memory_subsystem_i.clk_cg,137.91µm
net1742,137.91µm
_13870_,137.86µm
i_core_v_mini_mcu.cpu_subsystem_i.cpu_1_0.rf_ram_i.memory\[43\]\[1\],137.86µm
_20952_,137.81µm
_22604_,137.81µm
i_core_v_mini_mcu.cpu_subsystem_i.cpu_1_0.rf_ram_i.memory\[435\]\[1\],137.81µm
_13556_,137.51µm
clknet_leaf_106_clk_i_regs,137.45µm
_23192_,137.4µm
clknet_leaf_57_clk_i_regs,137.4µm
_09265_,137.35µm
i_core_v_mini_mcu.cpu_subsystem_i.cpu_0_0.i_servile.cpu.branch_op,137.35µm
net1452,137.35µm
clknet_leaf_69_i_core_v_mini_mcu.memory_subsystem_i.clk_cg,137.3µm
_15752_,137.25µm
net594,137.14µm
_22138_,136.97µm
clknet_leaf_10_clk_i_regs,136.94µm
clknet_leaf_47_clk_i_regs,136.84µm
clknet_leaf_59_i_core_v_mini_mcu.cpu_subsystem_i.cpu_0_0.clk_i,136.84µm
_11063_,136.79µm
_21000_,136.79µm
_23800_,136.74µm
_12030_,136.64µm
_24534_,136.64µm
net2080,136.57µm
clknet_leaf_99_clk_i_regs,136.44µm
net2117,136.41µm
clknet_leaf_72_clk_i_regs,136.38µm
clknet_leaf_73_i_core_v_mini_mcu.memory_subsystem_i.clk_cg,136.38µm
clknet_leaf_94_i_core_v_mini_mcu.memory_subsystem_i.clk_cg,136.38µm
_23937_,136.33µm
_16032_,136.28µm
clknet_leaf_81_clk_i_regs,136.23µm
clknet_leaf_7_i_core_v_mini_mcu.peripheral_subsystem_i.clk_cg,136.23µm
net2116,136.23µm
net1765,136.18µm
_06552_,136.13µm
_18583_,136.13µm
i_core_v_mini_mcu.cpu_subsystem_i.cpu_1_0.rf_ram_i.memory\[305\]\[0\],136.13µm
_08594_,135.89µm
_09463_,135.82µm
_08440_,135.8µm
_17209_,135.79µm
_13985_,135.77µm
net1589,135.77µm
clknet_leaf_45_clk_i_regs,135.77µm
clknet_leaf_105_clk_i_regs,135.77µm
_06738_,135.72µm
clknet_leaf_41_i_core_v_mini_mcu.peripheral_subsystem_i.clk_cg,135.67µm
_05490_,135.62µm
_06393_,135.62µm
_14600_,135.62µm
net1455,135.62µm
_07032_,135.57µm
_17879_,135.57µm
_21508_,135.57µm
_16901_,135.36µm
_15997_,135.16µm
clknet_leaf_75_clk_i_regs,135.11µm
_17476_,134.96µm
_19965_,134.96µm
i_core_v_mini_mcu.cpu_subsystem_i.cpu_1_0.rf_ram_i.memory\[290\]\[0\],134.96µm
net1752,134.96µm
clknet_leaf_94_clk_i_regs,134.8µm
clknet_leaf_83_i_core_v_mini_mcu.memory_subsystem_i.clk_cg,134.8µm
_09300_,134.65µm
clknet_leaf_7_clk_i_regs,134.65µm
net1569,134.6µm
_27601_,134.55µm
_17533_,134.5µm
net2057,134.4µm
_06445_,134.19µm
clknet_leaf_98_i_core_v_mini_mcu.memory_subsystem_i.clk_cg,134.19µm
clknet_leaf_22_i_core_v_mini_mcu.memory_subsystem_i.clk_cg,134.14µm
clknet_leaf_46_clk_i_regs,134.09µm
clknet_leaf_38_i_core_v_mini_mcu.memory_subsystem_i.clk_cg,134.09µm
net1448,134.04µm
net1736,134.04µm
clknet_leaf_41_clk_i_regs,133.99µm
_17023_,133.94µm
i_core_v_mini_mcu.peripheral_subsystem_i.uart_i.reg2hw\[22\],133.94µm
clknet_leaf_83_clk_i_regs,133.91µm
net1403,133.89µm
clknet_3_4_0_clk_i_regs,133.89µm
_23953_,133.84µm
net1839,133.71µm
_22646_,133.63µm
net2179,133.63µm
i_core_v_mini_mcu.cpu_subsystem_i.cpu_1_0.i_servile.cpu.bne_or_bge,133.58µm
clknet_leaf_170_i_core_v_mini_mcu.cpu_subsystem_i.cpu_1_0.clk_i,133.53µm
_06709_,133.48µm
_06877_,133.48µm
clknet_leaf_121_clk_i_regs,133.48µm
_06805_,133.43µm
_07554_,133.38µm
_16768_,133.38µm
i_core_v_mini_mcu.ao_peripheral_subsystem_i.power_manager_i.power_manager_reg_top_i.cpu_switch_on_counter_qs\[13\],133.38µm
_12378_,133.33µm
_27349_,133.33µm
_07345_,133.28µm
clknet_leaf_86_clk_i_regs,133.12µm
clknet_leaf_2_i_core_v_mini_mcu.memory_subsystem_i.clk_cg,133.02µm
_06587_,132.97µm
_10818_,132.97µm
clknet_leaf_30_clk_i_regs,132.97µm
clknet_leaf_34_i_core_v_mini_mcu.memory_subsystem_i.clk_cg,132.97µm
net2081,132.97µm
net1938,132.92µm
_07038_,132.87µm
_25532_,132.87µm
net1390,132.87µm
clknet_leaf_148_clk_i_regs,132.87µm
i_core_v_mini_mcu.ao_peripheral_subsystem_i.power_manager_i.power_manager_reg_top_i.cpu_iso_off_counter_qs\[3\],132.82µm
net2107,132.82µm
i_core_v_mini_mcu.peripheral_subsystem_i.uart_i.hw2reg\[18\],132.77µm
net308,132.77µm
_07151_,132.72µm
net2056,132.72µm
_15985_,132.59µm
_20945_,132.46µm
_21066_,132.41µm
net1561,132.41µm
_08839_,132.4µm
i_core_v_mini_mcu.cpu_subsystem_i.cpu_1_0.rf_ram_i.memory\[472\]\[1\],132.38µm
_09742_,132.36µm
_13126_,132.36µm
net535,132.36µm
clknet_leaf_52_clk_i_regs,132.36µm
net1950,132.36µm
_13638_,132.31µm
clknet_leaf_120_clk_i_regs,132.31µm
_05633_,132.21µm
_10813_,132.21µm
net2118,132.21µm
_08200_,132.16µm
_24147_,132.16µm
clknet_leaf_92_clk_i_regs,131.9µm
clknet_leaf_54_i_core_v_mini_mcu.memory_subsystem_i.clk_cg,131.85µm
clknet_leaf_48_clk_i_regs,131.8µm
clknet_leaf_85_clk_i_regs,131.8µm
i_core_v_mini_mcu.peripheral_subsystem_i.uart_i.reg2hw\[74\],131.75µm
net191,131.75µm
net1444,131.75µm
i_core_v_mini_mcu.ao_peripheral_subsystem_i.obi_fifo_i.consumer_resp_i\[5\],131.7µm
net1473,131.7µm
_07592_,131.65µm
_12068_,131.65µm
_25942_,131.65µm
_17527_,131.64µm
net1846,131.6µm
net2113,131.52µm
_18015_,131.42µm
net1322,131.24µm
net1476,131.24µm
i_core_v_mini_mcu.cpu_subsystem_i.cpu_0_0.rf_ram_i.memory\[393\]\[1\],131.21µm
_17439_,131.19µm
_22855_,131.19µm
_05489_,131.14µm
_20638_,131.14µm
i_core_v_mini_mcu.cpu_subsystem_i.cpu_1_0.rf_ram_i.memory\[316\]\[1\],131.14µm
net289,131.14µm
_08498_,131.09µm
_08931_,131.09µm
_23854_,131.09µm
net522,131.09µm
_05780_,131.04µm
_07748_,131.04µm
_12436_,131.04µm
_19583_,130.83µm
clknet_leaf_18_clk_i_regs,130.83µm
_13659_,130.73µm
_07239_,130.68µm
_14167_,130.68µm
clknet_leaf_78_clk_i_regs,130.68µm
clknet_leaf_87_i_core_v_mini_mcu.memory_subsystem_i.clk_cg,130.63µm
_16368_,130.58µm
_21001_,130.58µm
net703,130.58µm
net1945,130.58µm
net1751,130.48µm
i_core_v_mini_mcu.cpu_subsystem_i.cpu_1_0.rf_ram_i.memory\[307\]\[1\],130.34µm
clknet_leaf_118_i_core_v_mini_mcu.cpu_subsystem_i.cpu_0_0.clk_i,130.32µm
_06745_,130.17µm
clknet_leaf_123_clk_i_regs,130.17µm
clknet_leaf_139_clk_i_regs,130.17µm
clknet_leaf_40_i_core_v_mini_mcu.peripheral_subsystem_i.clk_cg,130.17µm
clknet_leaf_10_i_core_v_mini_mcu.memory_subsystem_i.clk_cg,130.17µm
_12244_,130.12µm
_21939_,130.12µm
net180,130.12µm
_07703_,130.07µm
_21262_,130.07µm
i_core_v_mini_mcu.peripheral_subsystem_i.uart_i.uart_core.u_uart_txfifo.gen_normal_fifo.fifo_rptr\[1\],130.07µm
_19068_,130.02µm
net1577,130.02µm
net1834,130.02µm
_13889_,129.97µm
clknet_leaf_132_i_core_v_mini_mcu.cpu_subsystem_i.cpu_0_0.clk_i,129.75µm
clknet_leaf_99_i_core_v_mini_mcu.memory_subsystem_i.clk_cg,129.71µm
net1017,129.61µm
clknet_leaf_127_clk_i_regs,129.56µm
_10495_,129.51µm
net1379,129.51µm
_07504_,129.46µm
_21499_,129.46µm
i_core_v_mini_mcu.cpu_subsystem_i.cpu_1_0.rf_ram_i.memory\[292\]\[0\],129.46µm
net1524,129.46µm
_11841_,129.41µm
_12229_,129.41µm
_21035_,129.41µm
_07880_,129.36µm
_26826_,129.36µm
_16977_,129.32µm
clknet_leaf_130_clk_i_regs,129.25µm
_09705_,129.1µm
clknet_leaf_125_clk_i_regs,129.1µm
_16104_,129.05µm
_06700_,129µm
_16014_,129µm
clknet_leaf_6_i_core_v_mini_mcu.cpu_subsystem_i.cpu_1_0.clk_i,129µm
net1386,128.95µm
_10412_,128.9µm
clknet_leaf_88_clk_i_regs,128.9µm
i_core_v_mini_mcu.cpu_subsystem_i.cpu_0_0.i_servile.cpu.immdec.gen_immdec_w_eq_1.imm11_7\[2\],128.85µm
net1881,128.85µm
net2156,128.85µm
_21458_,128.72µm
_06916_,128.54µm
net1391,128.49µm
net1447,128.49µm
net1460,128.44µm
_13557_,128.39µm
net1376,128.39µm
net1511,128.39µm
_27603_,128.38µm
clknet_leaf_5_clk_i_regs,128.34µm
_11213_,128.29µm
_18119_,128.29µm
_21416_,128.29µm
net330,128.29µm
_21995_,128.24µm
net187,128.24µm
net1362,127.98µm
clknet_leaf_70_i_core_v_mini_mcu.memory_subsystem_i.clk_cg,127.98µm
clknet_leaf_184_i_core_v_mini_mcu.cpu_subsystem_i.cpu_1_0.clk_i,127.93µm
_21360_,127.88µm
_10570_,127.83µm
_16523_,127.83µm
_06931_,127.78µm
net295,127.78µm
net1565,127.78µm
_08426_,127.73µm
_14533_,127.73µm
_25225_,127.73µm
i_core_v_mini_mcu.cpu_subsystem_i.cpu_1_0.rf_ram_i.memory\[465\]\[0\],127.73µm
net998,127.68µm
_23779_,127.42µm
clknet_leaf_71_clk_i_regs,127.42µm
clknet_leaf_84_i_core_v_mini_mcu.memory_subsystem_i.clk_cg,127.37µm
_27516_,127.33µm
clknet_leaf_104_i_core_v_mini_mcu.memory_subsystem_i.clk_cg,127.27µm
clknet_leaf_92_i_core_v_mini_mcu.cpu_subsystem_i.cpu_0_0.clk_i,127.27µm
_16892_,127.22µm
net1786,127.17µm
_12956_,127.12µm
_18212_,127.12µm
net1836,127.12µm
clknet_leaf_63_i_core_v_mini_mcu.memory_subsystem_i.clk_cg,126.86µm
i_core_v_mini_mcu.ao_peripheral_subsystem_i.power_manager_i.power_manager_reg_top_i.cpu_reset_deassert_counter_qs\[2\],126.81µm
_09375_,126.76µm
_21426_,126.76µm
net1491,126.76µm
net1494,126.76µm
net1341,126.71µm
clknet_leaf_69_clk_i_regs,126.71µm
_11877_,126.66µm
_21304_,126.66µm
_17911_,126.61µm
_27605_,126.61µm
i_core_v_mini_mcu.peripheral_subsystem_i.obi_fifo_i.consumer_resp_i\[19\],126.61µm
_20514_,126.56µm
i_core_v_mini_mcu.ao_peripheral_subsystem_i.mosaic_clint_i.mtimecmp_q\[89\],126.56µm
i_core_v_mini_mcu.cpu_subsystem_i.cpu_1_0.rf_ram_i.memory\[474\]\[0\],126.56µm
clknet_leaf_70_clk_i_regs,126.3µm
clknet_leaf_7_i_core_v_mini_mcu.memory_subsystem_i.clk_cg,126.3µm
clknet_leaf_14_clk_i_regs,126.25µm
clknet_leaf_109_i_core_v_mini_mcu.cpu_subsystem_i.cpu_1_0.clk_i,126.2µm
i_core_v_mini_mcu.cpu_subsystem_i.cpu_0_0.i_servile.cpu.immdec.gen_immdec_w_eq_1.imm11_7\[3\],126.15µm
i_core_v_mini_mcu.peripheral_subsystem_i.uart_i.hw2reg\[44\],126.15µm
i_core_v_mini_mcu.cpu_subsystem_i.cpu_1_0.rf_ram_i.memory\[305\]\[1\],126.1µm
clknet_leaf_82_clk_i_regs,126.1µm
clknet_leaf_100_clk_i_regs,126.1µm
_06865_,126.05µm
_21950_,126.05µm
_08124_,126µm
net1903,125.79µm
_05910_,125.77µm
_17043_,125.74µm
_09220_,125.69µm
net1588,125.69µm
clknet_leaf_20_clk_i_regs,125.69µm
clknet_leaf_82_i_core_v_mini_mcu.memory_subsystem_i.clk_cg,125.69µm
_10714_,125.64µm
clknet_leaf_105_i_core_v_mini_mcu.cpu_subsystem_i.cpu_1_0.clk_i,125.64µm
_14530_,125.59µm
i_core_v_mini_mcu.ao_peripheral_subsystem_i.power_manager_i.power_manager_reg_top_i.cpu_iso_off_counter_qs\[8\],125.59µm
clknet_leaf_14_i_core_v_mini_mcu.memory_subsystem_i.clk_cg,125.58µm
_19771_,125.54µm
_07212_,125.49µm
_11443_,125.49µm
_20976_,125.49µm
_16369_,125.44µm
_20546_,125.44µm
_24348_,125.44µm
i_core_v_mini_mcu.cpu_subsystem_i.cpu_1_0.rf_ram_i.memory\[464\]\[0\],125.44µm
i_core_v_mini_mcu.cpu_subsystem_i.cpu_1_0.rf_ram_i.memory\[467\]\[0\],125.44µm
net11,125.44µm
_08897_,125.33µm
clknet_leaf_1_i_core_v_mini_mcu.peripheral_subsystem_i.clk_cg,125.28µm
clknet_leaf_35_i_core_v_mini_mcu.memory_subsystem_i.clk_cg,125.28µm
_09756_,125.18µm
_16992_,125.18µm
clknet_leaf_117_clk_i_regs,125.18µm
clknet_leaf_146_clk_i_regs,125.18µm
net1397,125.08µm
clknet_leaf_13_clk_i_regs,125.08µm
net1738,125.08µm
_15341_,125.03µm
_27331_,125.03µm
clknet_leaf_23_i_core_v_mini_mcu.peripheral_subsystem_i.clk_cg,125.03µm
_13879_,124.98µm
_18341_,124.98µm
_22006_,124.98µm
i_core_v_mini_mcu.cpu_subsystem_i.cpu_0_0.i_servile.cpu.immdec.gen_immdec_w_eq_1.imm19_12_20\[6\],124.98µm
i_core_v_mini_mcu.cpu_subsystem_i.cpu_1_0.i_servile.cpu.decode.o_mem_word,124.98µm
clknet_leaf_61_clk_i_regs,124.98µm
i_core_v_mini_mcu.cpu_subsystem_i.cpu_1_0.rf_ram_i.memory\[464\]\[1\],124.93µm
i_core_v_mini_mcu.peripheral_subsystem_i.uart_i.reg2hw\[88\],124.93µm
clknet_leaf_137_clk_i_regs,124.93µm
_08197_,124.88µm
net1754,124.88µm
_27484_,124.62µm
net1249,124.57µm
clknet_leaf_27_clk_i_regs,124.57µm
clknet_leaf_11_i_core_v_mini_mcu.memory_subsystem_i.clk_cg,124.57µm
clknet_leaf_67_i_core_v_mini_mcu.memory_subsystem_i.clk_cg,124.57µm
clknet_leaf_69_i_core_v_mini_mcu.cpu_subsystem_i.cpu_0_0.clk_i,124.52µm
_08555_,124.47µm
_21374_,124.47µm
net1541,124.47µm
_06967_,124.42µm
_10000_,124.42µm
_15880_,124.42µm
_07193_,124.37µm
_22511_,124.37µm
_21253_,124.32µm
_27023_,124.21µm
_07070_,124.16µm
clknet_leaf_78_i_core_v_mini_mcu.memory_subsystem_i.clk_cg,124.01µm
_16475_,123.96µm
_09504_,123.91µm
_05690_,123.86µm
net2095,123.86µm
_07777_,123.81µm
_21538_,123.81µm
_22593_,123.81µm
i_core_v_mini_mcu.ao_peripheral_subsystem_i.power_manager_i.power_manager_reg_top_i.cpu_counters_stop_cpu_iso_on_stop_bit_counter_qs,123.81µm
i_core_v_mini_mcu.cpu_subsystem_i.cpu_0_0.rf_ram_i.memory\[391\]\[1\],123.81µm
_08060_,123.76µm
_09249_,123.76µm
_10228_,123.76µm
_18146_,123.76µm
_20561_,123.76µm
net1804,123.76µm
clknet_leaf_66_clk_i_regs,123.55µm
i_core_v_mini_mcu.cpu_subsystem_i.cpu_1_0.rf_ram_i.memory\[318\]\[0\],123.48µm
_05408_,123.45µm
net1380,123.45µm
net1488,123.45µm
net1439,123.4µm
_08912_,123.35µm
_12344_,123.35µm
i_core_v_mini_mcu.peripheral_subsystem_i.uart_i.reg2hw\[75\],123.35µm
net1560,123.35µm
_26637_,123.3µm
net1745,123.3µm
_05814_,123.25µm
_17416_,123.25µm
exit_value_int\[1\],123.25µm
_08243_,123.2µm
_24194_,123.2µm
_09549_,123.12µm
clknet_leaf_23_i_core_v_mini_mcu.memory_subsystem_i.clk_cg,122.94µm
clknet_leaf_33_i_core_v_mini_mcu.memory_subsystem_i.clk_cg,122.94µm
_23835_,122.93µm
_15991_,122.8µm
_17563_,122.79µm
_27120_,122.79µm
i_core_v_mini_mcu.cpu_subsystem_i.cpu_1_0.rf_ram_i.memory\[307\]\[0\],122.79µm
net1398,122.79µm
clknet_leaf_119_i_core_v_mini_mcu.cpu_subsystem_i.cpu_0_0.clk_i,122.79µm
net2031,122.79µm
_25692_,122.74µm
i_core_v_mini_mcu.ao_peripheral_subsystem_i.power_manager_i.power_manager_reg_top_i.cpu_iso_off_counter_qs\[10\],122.74µm
net1935,122.74µm
_12251_,122.69µm
i_core_v_mini_mcu.cpu_subsystem_i.cpu_1_0.i_servile.cpu.bufreg.i_sh_signed,122.69µm
_18093_,122.64µm
i_core_v_mini_mcu.peripheral_subsystem_i.uart_i.reg2hw\[14\],122.56µm
clknet_leaf_134_i_core_v_mini_mcu.cpu_subsystem_i.cpu_0_0.clk_i,122.38µm
clknet_leaf_157_i_core_v_mini_mcu.cpu_subsystem_i.cpu_0_0.clk_i,122.38µm
_09118_,122.33µm
net1499,122.33µm
_09404_,122.28µm
_14040_,122.28µm
net185,122.28µm
clknet_leaf_16_clk_i_regs,122.28µm
clknet_leaf_13_i_core_v_mini_mcu.peripheral_subsystem_i.clk_cg,122.28µm
i_core_v_mini_mcu.peripheral_subsystem_i.obi_fifo_i.consumer_data_req\[36\],122.23µm
_18299_,122.18µm
i_core_v_mini_mcu.cpu_subsystem_i.core_run_1_0,122.18µm
net9,122.18µm
_08280_,122.13µm
_08442_,122.13µm
_17534_,122.13µm
_18270_,122.13µm
_20941_,122.13µm
_10273_,122.08µm
_10690_,122.08µm
_13905_,122.08µm
clknet_leaf_143_clk_i_regs,121.87µm
clknet_leaf_22_clk_i_regs,121.82µm
clknet_leaf_48_i_core_v_mini_mcu.peripheral_subsystem_i.clk_cg,121.77µm
net1462,121.72µm
clknet_leaf_144_clk_i_regs,121.72µm
_22984_,121.67µm
i_core_v_mini_mcu.ao_peripheral_subsystem_i.power_manager_i.power_manager_reg_top_i.cpu_iso_off_counter_qs\[9\],121.67µm
clknet_leaf_47_i_core_v_mini_mcu.peripheral_subsystem_i.clk_cg,121.67µm
_20957_,121.62µm
i_core_v_mini_mcu.ao_peripheral_subsystem_i.obi_fifo_i.consumer_resp_i\[7\],121.62µm
net116,121.62µm
net1471,121.62µm
net1746,121.62µm
net1805,121.62µm
_07535_,121.52µm
_17370_,121.26µm
_17830_,121.26µm
clknet_leaf_105_i_core_v_mini_mcu.memory_subsystem_i.clk_cg,121.26µm
clknet_leaf_141_i_core_v_mini_mcu.cpu_subsystem_i.cpu_1_0.clk_i,121.26µm
clknet_leaf_64_i_core_v_mini_mcu.cpu_subsystem_i.cpu_1_0.clk_i,121.21µm
_09122_,121.16µm
_26132_,121.16µm
_27026_,121.11µm
net1955,121.11µm
_07506_,121.06µm
_08559_,121.06µm
_06798_,121.01µm
_18292_,120.96µm
_21543_,120.96µm
_11194_,120.93µm
_14942_,120.7µm
_14181_,120.69µm
clknet_leaf_65_clk_i_regs,120.65µm
clknet_leaf_4_i_core_v_mini_mcu.peripheral_subsystem_i.clk_cg,120.65µm
_13892_,120.6µm
clknet_leaf_9_i_core_v_mini_mcu.memory_subsystem_i.clk_cg,120.6µm
clknet_leaf_59_i_core_v_mini_mcu.memory_subsystem_i.clk_cg,120.6µm
_06339_,120.55µm
i_core_v_mini_mcu.ao_peripheral_subsystem_i.spi_subsystem_i.obi_spimemio_i.obi_to_picorv32_i.picorv32_resp_i\[23\],120.55µm
net1951,120.55µm
_20796_,120.52µm
_06733_,120.5µm
_07910_,120.5µm
_16997_,120.5µm
_17878_,120.5µm
_06028_,120.45µm
_09553_,120.45µm
_16311_,120.45µm
_27325_,120.45µm
i_core_v_mini_mcu.cpu_subsystem_i.cpu_1_0.rf_ram_i.memory\[433\]\[1\],120.45µm
net1347,120.45µm
net1898,120.45µm
clknet_leaf_46_i_core_v_mini_mcu.peripheral_subsystem_i.clk_cg,120.19µm
clknet_leaf_15_i_core_v_mini_mcu.peripheral_subsystem_i.clk_cg,120.14µm
clknet_leaf_3_i_core_v_mini_mcu.memory_subsystem_i.clk_cg,120.04µm
_10193_,119.99µm
_10279_,119.94µm
_05537_,119.89µm
_16955_,119.89µm
i_core_v_mini_mcu.cpu_subsystem_i.cpu_1_0.rf_ram_i.memory\[326\]\[1\],119.89µm
net2051,119.89µm
_06492_,119.84µm
i_core_v_mini_mcu.cpu_subsystem_i.cpu_0_0.rf_ram_i.memory\[76\]\[1\],119.84µm
_06849_,119.58µm
clknet_leaf_17_i_core_v_mini_mcu.memory_subsystem_i.clk_cg,119.58µm
i_core_v_mini_mcu.cpu_subsystem_i.cpu_0_0.rf_ram_i.memory\[71\]\[0\],119.56µm
clknet_leaf_39_i_core_v_mini_mcu.peripheral_subsystem_i.clk_cg,119.53µm
net2205,119.53µm
_07311_,119.49µm
clknet_leaf_50_i_core_v_mini_mcu.cpu_subsystem_i.cpu_1_0.clk_i,119.49µm
_15386_,119.48µm
_22491_,119.48µm
_08330_,119.43µm
_21363_,119.43µm
net1392,119.43µm
_10774_,119.38µm
_17551_,119.38µm
_17554_,119.38µm
_07002_,119.33µm
_18383_,119.33µm
_21886_,119.33µm
_16167_,119.29µm
_18404_,119.25µm
clknet_leaf_31_i_core_v_mini_mcu.memory_subsystem_i.clk_cg,119.07µm
clknet_leaf_77_i_core_v_mini_mcu.memory_subsystem_i.clk_cg,118.97µm
clknet_leaf_46_i_core_v_mini_mcu.cpu_subsystem_i.cpu_1_0.clk_i,118.97µm
_21388_,118.92µm
_21969_,118.92µm
net1396,118.92µm
net1531,118.92µm
clknet_leaf_43_i_core_v_mini_mcu.peripheral_subsystem_i.clk_cg,118.92µm
net1737,118.92µm
net2067,118.92µm
_06497_,118.87µm
_09165_,118.87µm
_09702_,118.87µm
_08214_,118.82µm
_22128_,118.82µm
clknet_leaf_43_clk_i_regs,118.82µm
_09565_,118.72µm
_23212_,118.72µm
i_core_v_mini_mcu.cpu_subsystem_i.cpu_1_0.rf_ram_i.memory\[468\]\[1\],118.6µm
_17539_,118.46µm
clknet_leaf_3_i_core_v_mini_mcu.peripheral_subsystem_i.clk_cg,118.36µm
i_core_v_mini_mcu.ao_peripheral_subsystem_i.power_manager_i.power_manager_reg_top_i.cpu_reset_assert_counter_qs\[13\],118.31µm
net1502,118.31µm
_07189_,118.26µm
_10756_,118.26µm
_20029_,118.26µm
net1534,118.26µm
clknet_leaf_174_i_core_v_mini_mcu.cpu_subsystem_i.cpu_1_0.clk_i,118.26µm
_09093_,118.21µm
_15778_,118.21µm
_16192_,118.21µm
_17424_,118.21µm
i_core_v_mini_mcu.ao_peripheral_subsystem_i.clint_mtime_o\[19\],118.21µm
_12329_,118.18µm
net1842,118.16µm
i_core_v_mini_mcu.ao_peripheral_subsystem_i.spi_subsystem_i.obi_spimemio_i.obi_to_picorv32_i.picorv32_resp_i\[15\],117.98µm
_18132_,117.93µm
_15062_,117.88µm
_27101_,117.75µm
net503,117.75µm
i_core_v_mini_mcu.cpu_subsystem_i.cpu_1_0.rf_ram_i.memory\[477\]\[0\],117.74µm
_14350_,117.7µm
_06956_,117.65µm
_08107_,117.65µm
_08385_,117.65µm
_14362_,117.65µm
_18216_,117.65µm
i_core_v_mini_mcu.peripheral_subsystem_i.uart_i.reg2hw\[46\],117.65µm
_14599_,117.6µm
_06583_,117.39µm
_14168_,117.36µm
_15047_,117.34µm
net1566,117.34µm
_16951_,117.29µm
net1519,117.29µm
_06368_,117.24µm
_18112_,117.24µm
net1484,117.19µm
net1905,117.19µm
_10579_,117.14µm
_22601_,117.09µm
_05560_,117.04µm
_11724_,117.04µm
i_core_v_mini_mcu.cpu_subsystem_i.cpu_1_0.rf_ram_i.memory\[31\]\[1\],116.81µm
clknet_leaf_90_i_core_v_mini_mcu.cpu_subsystem_i.cpu_0_0.clk_i,116.78µm
i_core_v_mini_mcu.ao_peripheral_subsystem_i.power_manager_i.power_manager_reg_top_i.monitor_power_gate_ram_block_0_qs\[0\],116.76µm
net1877,116.73µm
_17106_,116.68µm
i_core_v_mini_mcu.peripheral_subsystem_i.uart_i.reg2hw\[73\],116.68µm
net1414,116.68µm
clknet_leaf_133_clk_i_regs,116.63µm
net1866,116.63µm
_24915_,116.58µm
i_core_v_mini_mcu.peripheral_subsystem_i.uart_i.reg2hw\[23\],116.58µm
_06848_,116.53µm
_10671_,116.53µm
i_core_v_mini_mcu.cpu_subsystem_i.cpu_1_0.rf_ram_i.memory\[317\]\[1\],116.53µm
_11611_,116.48µm
_15865_,116.41µm
net1301,116.32µm
i_core_v_mini_mcu.cpu_subsystem_i.cpu_1_0.rf_ram_i.memory\[434\]\[0\],116.2µm
clknet_leaf_103_clk_i_regs,116.17µm
clknet_leaf_1_i_core_v_mini_mcu.memory_subsystem_i.clk_cg,116.12µm
clknet_leaf_148_i_core_v_mini_mcu.cpu_subsystem_i.cpu_1_0.clk_i,116.12µm
clknet_leaf_111_i_core_v_mini_mcu.cpu_subsystem_i.cpu_0_0.clk_i,116.12µm
clknet_leaf_185_i_core_v_mini_mcu.cpu_subsystem_i.cpu_0_0.clk_i,116.12µm
_16086_,116.07µm
_17672_,116.07µm
_07845_,116.02µm
_09971_,116.02µm
_21349_,116.02µm
i_core_v_mini_mcu.cpu_subsystem_i.cpu_1_0.rf_ram_i.memory\[434\]\[1\],116.02µm
_06351_,115.97µm
_12726_,115.97µm
_20236_,115.97µm
_26998_,115.97µm
i_core_v_mini_mcu.peripheral_slave_resp\[29\],115.97µm
i_core_v_mini_mcu.peripheral_subsystem_i.uart_i.reg2hw\[17\],115.97µm
_17037_,115.95µm
_07159_,115.92µm
_11103_,115.92µm
_12620_,115.92µm
net1590,115.92µm
net1845,115.75µm
clknet_leaf_29_i_core_v_mini_mcu.peripheral_subsystem_i.clk_cg,115.71µm
_27029_,115.56µm
net1323,115.56µm
net1572,115.56µm
net1389,115.51µm
net1530,115.51µm
clknet_leaf_5_i_core_v_mini_mcu.memory_subsystem_i.clk_cg,115.51µm
net2168,115.51µm
_14173_,115.46µm
clknet_leaf_153_i_core_v_mini_mcu.cpu_subsystem_i.cpu_0_0.clk_i,115.46µm
_05937_,115.41µm
_08941_,115.41µm
_21544_,115.41µm
_23202_,115.41µm
_25034_,115.41µm
_08074_,115.36µm
_10575_,115.36µm
i_core_v_mini_mcu.ao_peripheral_subsystem_i.spi_subsystem_i.obi_spimemio_i.spimemio_i.xfer.flash_clk,115.36µm
_27323_,115.15µm
i_core_v_mini_mcu.peripheral_subsystem_i.uart_i.uart_core.rx_timeout_count_q\[10\],115.05µm
_17827_,115µm
_09080_,114.95µm
_09318_,114.95µm
_15568_,114.95µm
_21480_,114.95µm
net1843,114.95µm
_16110_,114.86µm
i_core_v_mini_mcu.ao_peripheral_subsystem_i.power_manager_i.power_manager_reg_top_i.intr_state_qs\[26\],114.85µm
_08965_,114.8µm
_22878_,114.8µm
net1944,114.64µm
_16459_,114.54µm
_17158_,114.49µm
i_core_v_mini_mcu.ao_peripheral_subsystem_i.mosaic_clint_i.mtimecmp_q\[85\],114.49µm
clknet_leaf_94_i_core_v_mini_mcu.cpu_subsystem_i.cpu_0_0.clk_i,114.44µm
_16963_,114.39µm
i_core_v_mini_mcu.ao_peripheral_subsystem_i.spi_subsystem_i.obi_spimemio_i.spimemio_i.state\[9\],114.39µm
i_core_v_mini_mcu.peripheral_subsystem_i.uart_i.reg2hw\[13\],114.39µm
clknet_leaf_127_i_core_v_mini_mcu.cpu_subsystem_i.cpu_1_0.clk_i,114.39µm
net2110,114.39µm
_17040_,114.34µm
_07040_,114.29µm
_09022_,114.29µm
_06727_,114.24µm
_18023_,114.24µm
i_core_v_mini_mcu.cpu_subsystem_i.cpu_1_0.rf_ram_i.memory\[475\]\[1\],114.24µm
net1327,114.22µm
clknet_leaf_98_clk_i_regs,114.13µm
clknet_leaf_113_i_core_v_mini_mcu.cpu_subsystem_i.cpu_0_0.clk_i,114.03µm
_06391_,114.01µm
i_core_v_mini_mcu.ao_peripheral_subsystem_i.clint_mtime_o\[29\],113.98µm
net1567,113.98µm
net1305,113.93µm
clknet_leaf_21_clk_i_regs,113.93µm
clknet_leaf_0_i_core_v_mini_mcu.peripheral_subsystem_i.clk_cg,113.83µm
_06770_,113.78µm
_17669_,113.78µm
net2066,113.78µm
_12393_,113.73µm
_17515_,113.73µm
_26035_,113.73µm
net1515,113.73µm
net2018,113.73µm
_22678_,113.68µm
_24726_,113.68µm
clknet_leaf_42_clk_i_regs,113.47µm
clknet_leaf_140_clk_i_regs,113.42µm
_19763_,113.37µm
_27681_,113.27µm
clknet_leaf_2_clk_i_regs,113.27µm
clknet_leaf_122_i_core_v_mini_mcu.cpu_subsystem_i.cpu_0_0.clk_i,113.27µm
_16988_,113.22µm
_26908_,113.22µm
_27296_,113.17µm
_07926_,113.12µm
_21286_,112.96µm
_06555_,112.91µm
_23386_,112.86µm
net1472,112.86µm
_13658_,112.81µm
_21257_,112.81µm
_21392_,112.81µm
clknet_leaf_171_i_core_v_mini_mcu.cpu_subsystem_i.cpu_0_0.clk_i,112.81µm
_07170_,112.76µm
_07376_,112.71µm
_14198_,112.71µm
_14377_,112.66µm
_18275_,112.66µm
_18551_,112.66µm
_07912_,112.61µm
_16107_,112.61µm
i_core_v_mini_mcu.cpu_subsystem_i.cpu_0_0.rf_ram_i.memory\[35\]\[0\],112.58µm
_18229_,112.56µm
_21905_,112.56µm
_22484_,112.56µm
clknet_leaf_87_clk_i_regs,112.35µm
_06023_,112.25µm
i_core_v_mini_mcu.ao_peripheral_subsystem_i.power_manager_i.power_manager_reg_top_i.cpu_iso_on_counter_qs\[10\],112.25µm
_06811_,112.2µm
_20500_,112.2µm
clknet_leaf_5_i_core_v_mini_mcu.peripheral_subsystem_i.clk_cg,112.2µm
clknet_leaf_28_i_core_v_mini_mcu.peripheral_subsystem_i.clk_cg,112.2µm
_12464_,112.18µm
_08921_,112.15µm
net1558,112.15µm
_05600_,112.1µm
i_core_v_mini_mcu.cpu_subsystem_i.cpu_1_0.rf_ram_i.memory\[319\]\[0\],112.1µm
i_core_v_mini_mcu.cpu_subsystem_i.cpu_1_0.rf_ram_i.memory\[432\]\[1\],112.1µm
_13045_,112.05µm
i_core_v_mini_mcu.cpu_subsystem_i.cpu_1_0.rf_ram_i.memory\[291\]\[0\],112.05µm
_07944_,112µm
_14949_,112µm
clknet_leaf_147_clk_i_regs,111.74µm
i_core_v_mini_mcu.cpu_subsystem_i.cpu_1_0.rf_ram_i.memory\[433\]\[0\],111.72µm
clknet_leaf_31_clk_i_regs,111.69µm
net1539,111.64µm
clknet_leaf_106_i_core_v_mini_mcu.cpu_subsystem_i.cpu_1_0.clk_i,111.64µm
_15096_,111.59µm
_15826_,111.59µm
_22137_,111.59µm
_25428_,111.59µm
i_core_v_mini_mcu.ao_peripheral_subsystem_i.power_manager_i.power_manager_reg_top_i.cpu_iso_off_counter_qs\[0\],111.59µm
net1465,111.59µm
clknet_leaf_156_i_core_v_mini_mcu.cpu_subsystem_i.cpu_0_0.clk_i,111.59µm
_08948_,111.54µm
_12461_,111.54µm
_15344_,111.54µm
_18546_,111.54µm
i_core_v_mini_mcu.cpu_subsystem_i.cpu_0_0.i_servile.cpu.immdec.gen_immdec_w_eq_1.imm11_7\[4\],111.54µm
_07611_,111.49µm
exit_value_int\[2\],111.49µm
i_core_v_mini_mcu.ao_peripheral_subsystem_i.power_manager_i.cpu_subsystem_rst_n,111.49µm
i_core_v_mini_mcu.cpu_subsystem_i.cpu_1_0.rf_ram_i.memory\[315\]\[1\],111.49µm
_11662_,111.44µm
i_core_v_mini_mcu.cpu_subsystem_i.cpu_0_0.rf_ram_i.memory\[399\]\[1\],111.44µm
i_core_v_mini_mcu.cpu_subsystem_i.cpu_1_0.rf_ram_i.memory\[43\]\[0\],111.44µm
i_core_v_mini_mcu.cpu_subsystem_i.cpu_1_0.rf_ram_i.memory\[327\]\[1\],111.3µm
net1407,111.26µm
clknet_leaf_104_i_core_v_mini_mcu.cpu_subsystem_i.cpu_1_0.clk_i,111.13µm
_05765_,111.08µm
_20499_,111.08µm
clknet_leaf_114_i_core_v_mini_mcu.cpu_subsystem_i.cpu_0_0.clk_i,111.08µm
_14427_,111.03µm
_13528_,110.98µm
_17056_,110.98µm
i_core_v_mini_mcu.cpu_subsystem_i.cpu_1_0.i_servile.cpu.alu.i_rs1,110.98µm
net1409,110.98µm
clknet_leaf_77_clk_i_regs,110.97µm
_15775_,110.93µm
_16953_,110.88µm
clknet_leaf_192_i_core_v_mini_mcu.cpu_subsystem_i.cpu_1_0.clk_i,110.67µm
clknet_leaf_41_i_core_v_mini_mcu.cpu_subsystem_i.cpu_0_0.clk_i,110.62µm
_21273_,110.57µm
net1285,110.57µm
net1378,110.57µm
net1454,110.47µm
_06527_,110.42µm
_06740_,110.42µm
_12245_,110.42µm
_17557_,110.42µm
_22081_,110.42µm
_06015_,110.37µm
_18185_,110.37µm
_18581_,110.37µm
_07467_,110.32µm
_11424_,110.32µm
i_core_v_mini_mcu.peripheral_subsystem_i.obi_fifo_i.consumer_data_req\[1\],110.32µm
i_core_v_mini_mcu.cpu_subsystem_i.cpu_0_0.rf_ram_i.memory\[61\]\[1\],110.22µm
clknet_leaf_130_i_core_v_mini_mcu.cpu_subsystem_i.cpu_0_0.clk_i,110.21µm
_26985_,109.96µm
_05947_,109.91µm
i_core_v_mini_mcu.peripheral_subsystem_i.uart_i.reg2hw\[18\],109.91µm
clknet_leaf_57_i_core_v_mini_mcu.memory_subsystem_i.clk_cg,109.91µm
clknet_leaf_51_i_core_v_mini_mcu.cpu_subsystem_i.cpu_1_0.clk_i,109.91µm
_07833_,109.86µm
_15317_,109.86µm
net210,109.86µm
_06357_,109.81µm
_06463_,109.81µm
_10826_,109.81µm
net179,109.81µm
_07068_,109.76µm
net1965,109.76µm
clknet_leaf_110_i_core_v_mini_mcu.cpu_subsystem_i.cpu_0_0.clk_i,109.75µm
_17409_,109.69µm
i_core_v_mini_mcu.ao_peripheral_subsystem_i.power_manager_i.power_manager_reg_top_i.cpu_iso_on_counter_qs\[8\],109.53µm
i_core_v_mini_mcu.cpu_subsystem_i.cpu_1_0.rf_ram_i.memory\[315\]\[0\],109.53µm
_09126_,109.45µm
_17011_,109.45µm
net1371,109.45µm
clknet_leaf_164_i_core_v_mini_mcu.cpu_subsystem_i.cpu_1_0.clk_i,109.45µm
clknet_leaf_191_i_core_v_mini_mcu.cpu_subsystem_i.cpu_0_0.clk_i,109.45µm
_20550_,109.41µm
_06362_,109.4µm
_17574_,109.4µm
_21466_,109.4µm
net1440,109.4µm
_16142_,109.35µm
net1584,109.35µm
_07091_,109.3µm
_21518_,109.3µm
_23126_,109.3µm
net1977,109.3µm
_20713_,109.25µm
_06869_,109.2µm
_16984_,109.2µm
net1125,109.2µm
net1522,108.99µm
clknet_leaf_45_i_core_v_mini_mcu.cpu_subsystem_i.cpu_0_0.clk_i,108.94µm
_16095_,108.84µm
clknet_leaf_9_i_core_v_mini_mcu.cpu_subsystem_i.cpu_1_0.clk_i,108.84µm
clknet_leaf_108_i_core_v_mini_mcu.cpu_subsystem_i.cpu_0_0.clk_i,108.84µm
_17965_,108.79µm
clknet_leaf_18_i_core_v_mini_mcu.peripheral_subsystem_i.clk_cg,108.79µm
_06381_,108.74µm
_08951_,108.69µm
_25105_,108.69µm
net2119,108.69µm
_22512_,108.64µm
net1545,108.43µm
net1300,108.38µm
net1916,108.38µm
clknet_leaf_60_clk_i_regs,108.33µm
clknet_leaf_4_i_core_v_mini_mcu.memory_subsystem_i.clk_cg,108.33µm
_18160_,108.28µm
clknet_leaf_145_clk_i_regs,108.28µm
clknet_leaf_34_i_core_v_mini_mcu.peripheral_subsystem_i.clk_cg,108.28µm
net188,108.23µm
net1931,108.23µm
_10490_,108.18µm
_18943_,108.18µm
i_core_v_mini_mcu.cpu_subsystem_i.cpu_0_0.i_servile.cpu.bufreg.i_shift_op,108.18µm
clknet_leaf_32_i_core_v_mini_mcu.peripheral_subsystem_i.clk_cg,108.18µm
_13960_,108.13µm
_24724_,108.13µm
net1884,108.08µm
_14172_,107.77µm
_21299_,107.72µm
_27002_,107.72µm
_20570_,107.69µm
_06646_,107.67µm
net1003,107.67µm
net1453,107.67µm
clknet_leaf_27_i_core_v_mini_mcu.cpu_subsystem_i.cpu_1_0.clk_i,107.67µm
_14221_,107.62µm
net2105,107.62µm
_06309_,107.57µm
_08047_,107.57µm
_10398_,107.57µm
i_core_v_mini_mcu.cpu_subsystem_i.cpu_1_0.rf_ram_i.memory\[306\]\[1\],107.57µm
net1964,107.57µm
i_core_v_mini_mcu.cpu_subsystem_i.cpu_1_0.rf_ram_i.memory\[312\]\[1\],107.55µm
net1385,107.52µm
i_core_v_mini_mcu.cpu_subsystem_i.cpu_1_0.rf_ram_i.memory\[312\]\[0\],107.24µm
_16218_,107.16µm
i_core_v_mini_mcu.cpu_subsystem_i.cpu_1_0.rf_ram_i.memory\[30\]\[1\],107.16µm
clknet_leaf_15_clk_i_regs,107.16µm
net2058,107.16µm
clknet_leaf_25_i_core_v_mini_mcu.cpu_subsystem_i.cpu_1_0.clk_i,107.15µm
_14846_,107.11µm
_17719_,107.11µm
_07243_,107.06µm
i_core_v_mini_mcu.peripheral_subsystem_i.uart_i.reg2hw\[83\],107.06µm
_08205_,107.01µm
i_core_v_mini_mcu.peripheral_subsystem_i.uart_i.uart_core.tx_out,107.01µm
net1859,107.01µm
_05668_,106.96µm
_10393_,106.96µm
_15320_,106.96µm
i_core_v_mini_mcu.cpu_subsystem_i.cpu_0_0.rf_ram_i.memory\[40\]\[1\],106.96µm
net1205,106.96µm
_09238_,106.65µm
net1395,106.65µm
clknet_leaf_207_i_core_v_mini_mcu.cpu_subsystem_i.cpu_0_0.clk_i,106.65µm
_16005_,106.6µm
_05460_,106.55µm
_07258_,106.55µm
_21023_,106.55µm
_08459_,106.5µm
_19858_,106.5µm
_22985_,106.5µm
i_core_v_mini_mcu.ao_peripheral_subsystem_i.mosaic_clint_i.mtimecmp_q\[127\],106.5µm
clknet_leaf_95_i_core_v_mini_mcu.memory_subsystem_i.clk_cg,106.5µm
net1958,106.5µm
_08719_,106.45µm
_18541_,106.45µm
i_core_v_mini_mcu.cpu_subsystem_i.cpu_1_0.rf_ram_i.memory\[470\]\[1\],106.45µm
i_core_v_mini_mcu.peripheral_subsystem_i.uart_i.reg2hw\[68\],106.45µm
_08141_,106.4µm
_08672_,106.4µm
_15714_,106.4µm
i_core_v_mini_mcu.cpu_subsystem_i.cpu_0_0.rf_ram_i.memory\[69\]\[1\],106.17µm
_06425_,106.1µm
_16904_,106.09µm
clknet_leaf_112_i_core_v_mini_mcu.cpu_subsystem_i.cpu_0_0.clk_i,106.09µm
_18728_,106.04µm
_18902_,106.04µm
_06742_,105.99µm
_07169_,105.99µm
_10406_,105.99µm
_16101_,105.99µm
_17026_,105.99µm
_27451_,105.99µm
_23679_,105.94µm
net189,105.94µm
clknet_leaf_165_i_core_v_mini_mcu.cpu_subsystem_i.cpu_0_0.clk_i,105.94µm
_19582_,105.93µm
_08055_,105.89µm
_13077_,105.89µm
_16092_,105.89µm
_17457_,105.89µm
i_core_v_mini_mcu.ao_peripheral_subsystem_i.spi_subsystem_i.obi_spimemio_i.spimemio_i.softreset,105.89µm
clknet_leaf_136_clk_i_regs,105.58µm
clknet_leaf_133_i_core_v_mini_mcu.cpu_subsystem_i.cpu_1_0.clk_i,105.58µm
clknet_leaf_164_i_core_v_mini_mcu.cpu_subsystem_i.cpu_0_0.clk_i,105.58µm
_21459_,105.53µm
_07166_,105.48µm
clknet_leaf_88_i_core_v_mini_mcu.cpu_subsystem_i.cpu_1_0.clk_i,105.48µm
_06687_,105.43µm
_09225_,105.43µm
_10444_,105.43µm
_11292_,105.43µm
_16985_,105.43µm
_05395_,105.38µm
_07715_,105.38µm
_10808_,105.38µm
_13073_,105.38µm
_22513_,105.38µm
net110,105.38µm
_05542_,105.33µm
i_core_v_mini_mcu.cpu_subsystem_i.cpu_1_0.rf_ram_i.memory\[317\]\[0\],105.33µm
_18256_,105.28µm
_18511_,105.28µm
clknet_leaf_64_clk_i_regs,105.07µm
clknet_leaf_19_i_core_v_mini_mcu.peripheral_subsystem_i.clk_cg,104.92µm
clknet_leaf_154_i_core_v_mini_mcu.cpu_subsystem_i.cpu_0_0.clk_i,104.92µm
net2190,104.92µm
_08157_,104.87µm
_18284_,104.87µm
_21258_,104.87µm
i_core_v_mini_mcu.cpu_subsystem_i.cpu_1_0.i_servile.cpu.branch_op,104.87µm
clknet_leaf_4_clk_i_regs,104.87µm
clknet_leaf_139_i_core_v_mini_mcu.cpu_subsystem_i.cpu_0_0.clk_i,104.87µm
_13446_,104.82µm
_18117_,104.82µm
_20396_,104.82µm
_25445_,104.82µm
i_core_v_mini_mcu.cpu_subsystem_i.cpu_1_0.rf_ram_i.memory\[467\]\[1\],104.82µm
net285,104.82µm
clknet_leaf_32_i_core_v_mini_mcu.cpu_subsystem_i.cpu_0_0.clk_i,104.82µm
_10572_,104.77µm
_13170_,104.77µm
_19857_,104.77µm
_21380_,104.77µm
_07383_,104.72µm
_09371_,104.72µm
_14243_,104.72µm
i_core_v_mini_mcu.system_bus_i.gen_demux_xbar\[1\].demux_xbar_i.u_xbar_varlat.gen_inputs\[0\].i_addr_dec_resp_mux.gen_several_outputs.bank_sel_q,104.46µm
clknet_leaf_143_i_core_v_mini_mcu.cpu_subsystem_i.cpu_0_0.clk_i,104.31µm
_15672_,104.26µm
i_core_v_mini_mcu.cpu_subsystem_i.cpu_1_0.rf_ram_i.memory\[40\]\[1\],104.26µm
net163,104.26µm
clknet_leaf_11_i_core_v_mini_mcu.cpu_subsystem_i.cpu_1_0.clk_i,104.26µm
_14320_,104.21µm
_18240_,104.21µm
_25057_,104.21µm
_27334_,104.21µm
_24192_,104.16µm
_13251_,104.06µm
clknet_leaf_187_i_core_v_mini_mcu.cpu_subsystem_i.cpu_0_0.clk_i,103.95µm
_22570_,103.85µm
clknet_leaf_67_i_core_v_mini_mcu.cpu_subsystem_i.cpu_0_0.clk_i,103.85µm
_15412_,103.75µm
_23107_,103.75µm
i_core_v_mini_mcu.peripheral_subsystem_i.uart_i.reg2hw\[69\],103.75µm
_07304_,103.7µm
net124,103.7µm
_09646_,103.65µm
_14205_,103.65µm
_19541_,103.65µm
_27050_,103.65µm
i_core_v_mini_mcu.cpu_subsystem_i.cpu_1_0.rf_ram_i.memory\[474\]\[1\],103.65µm
_07860_,103.6µm
_10698_,103.6µm
_16017_,103.6µm
_23278_,103.6µm
_10761_,103.37µm
_06906_,103.19µm
_14715_,103.19µm
_16944_,103.19µm
net1490,103.19µm
_07261_,103.14µm
_07917_,103.14µm
_20645_,103.14µm
_05611_,103.09µm
_06557_,103.09µm
_10092_,103.09µm
_17103_,103.09µm
i_core_v_mini_mcu.cpu_subsystem_i.cpu_1_0.rf_ram_i.memory\[314\]\[0\],103.09µm
clknet_leaf_189_i_core_v_mini_mcu.cpu_subsystem_i.cpu_1_0.clk_i,103.09µm
_22746_,103.04µm
i_core_v_mini_mcu.peripheral_subsystem_i.obi_fifo_i.consumer_data_req\[68\],103.04µm
i_core_v_mini_mcu.peripheral_subsystem_i.uart_i.reg2hw\[119\],103.04µm
_22848_,102.88µm
_17049_,102.68µm
i_core_v_mini_mcu.cpu_subsystem_i.cpu_1_0.rf_ram_i.memory\[291\]\[1\],102.68µm
clknet_leaf_33_i_core_v_mini_mcu.peripheral_subsystem_i.clk_cg,102.68µm
clknet_leaf_102_i_core_v_mini_mcu.cpu_subsystem_i.cpu_0_0.clk_i,102.67µm
_15297_,102.63µm
i_core_v_mini_mcu.ao_peripheral_subsystem_i.spi_subsystem_i.obi_spimemio_i.obi_to_picorv32_i.picorv32_resp_i\[22\],102.63µm
i_core_v_mini_mcu.peripheral_subsystem_i.uart_i.reg2hw\[90\],102.63µm
net1581,102.63µm
clknet_leaf_142_clk_i_regs,102.63µm
_07146_,102.62µm
_15429_,102.58µm
_21132_,102.53µm
_06437_,102.48µm
_08413_,102.48µm
i_core_v_mini_mcu.ao_peripheral_subsystem_i.obi_fifo_i.consumer_resp_i\[11\],102.48µm
net12,102.48µm
clknet_leaf_10_i_core_v_mini_mcu.cpu_subsystem_i.cpu_1_0.clk_i,102.27µm
i_core_v_mini_mcu.cpu_subsystem_i.cpu_1_0.rf_ram_i.memory\[445\]\[0\],102.26µm
net170,102.22µm
clknet_leaf_13_i_core_v_mini_mcu.cpu_subsystem_i.cpu_0_0.clk_i,102.22µm
net1375,102.12µm
clknet_leaf_155_i_core_v_mini_mcu.cpu_subsystem_i.cpu_0_0.clk_i,102.12µm
_23951_,102.07µm
_27328_,102.07µm
clknet_leaf_142_i_core_v_mini_mcu.cpu_subsystem_i.cpu_1_0.clk_i,102.07µm
i_core_v_mini_mcu.cpu_subsystem_i.cpu_1_0.rf_ram_i.memory\[466\]\[1\],102.05µm
_13075_,102.02µm
_22296_,102.02µm
net1882,102.02µm
_07509_,101.97µm
_08468_,101.97µm
_08637_,101.97µm
_10718_,101.97µm
_10838_,101.97µm
_13194_,101.97µm
_16003_,101.97µm
_16249_,101.97µm
_17277_,101.97µm
_18059_,101.97µm
i_core_v_mini_mcu.ao_peripheral_subsystem_i.spi_subsystem_i.obi_spimemio_i.obi_to_picorv32_i.picorv32_resp_i\[14\],101.97µm
_08958_,101.92µm
_21582_,101.71µm
clknet_leaf_145_i_core_v_mini_mcu.cpu_subsystem_i.cpu_1_0.clk_i,101.66µm
_05441_,101.61µm
_05640_,101.61µm
clknet_leaf_16_i_core_v_mini_mcu.peripheral_subsystem_i.clk_cg,101.56µm
clknet_leaf_63_i_core_v_mini_mcu.cpu_subsystem_i.cpu_1_0.clk_i,101.56µm
_08574_,101.51µm
_19625_,101.51µm
net1579,101.51µm
clknet_leaf_147_i_core_v_mini_mcu.cpu_subsystem_i.cpu_0_0.clk_i,101.51µm
_19397_,101.46µm
i_core_v_mini_mcu.ao_peripheral_subsystem_i.spi_subsystem_i.obi_spimemio_i.obi_to_picorv32_i.addr_buf\[19\],101.46µm
clknet_leaf_157_i_core_v_mini_mcu.cpu_subsystem_i.cpu_1_0.clk_i,101.46µm
net2115,101.46µm
_09688_,101.45µm
_05758_,101.41µm
_09085_,101.41µm
_11762_,101.41µm
_14477_,101.41µm
_15717_,101.41µm
clknet_leaf_142_i_core_v_mini_mcu.cpu_subsystem_i.cpu_0_0.clk_i,101.41µm
_21099_,101.36µm
_22575_,101.36µm
_25200_,101.36µm
i_core_v_mini_mcu.cpu_subsystem_i.cpu_1_0.i_servile.cpu.ctrl.i_pc_rel,101.36µm
i_core_v_mini_mcu.cpu_subsystem_i.cpu_1_0.rf_ram_i.memory\[471\]\[1\],101.36µm
clknet_leaf_36_i_core_v_mini_mcu.peripheral_subsystem_i.clk_cg,101.15µm
clknet_leaf_197_i_core_v_mini_mcu.cpu_subsystem_i.cpu_0_0.clk_i,101.1µm
i_core_v_mini_mcu.peripheral_subsystem_i.uart_i.reg2hw\[72\],101µm
_06566_,100.95µm
_06586_,100.95µm
_13086_,100.95µm
_15338_,100.95µm
i_core_v_mini_mcu.cpu_subsystem_i.cpu_1_0.rf_ram_i.memory\[11\]\[1\],100.95µm
clknet_leaf_8_clk_i_regs,100.95µm
clknet_leaf_140_i_core_v_mini_mcu.cpu_subsystem_i.cpu_1_0.clk_i,100.95µm
_08079_,100.9µm
_08469_,100.9µm
_13128_,100.9µm
_16973_,100.9µm
_22599_,100.9µm
net2109,100.9µm
_08227_,100.85µm
_14194_,100.85µm
_23837_,100.85µm
i_core_v_mini_mcu.ao_peripheral_subsystem_i.power_manager_i.power_manager_reg_top_i.intr_state_qs\[13\],100.85µm
net1888,100.85µm
_12059_,100.8µm
_19108_,100.8µm
clknet_leaf_38_i_core_v_mini_mcu.peripheral_subsystem_i.clk_cg,100.49µm
clknet_leaf_49_clk_i_regs,100.44µm
_06923_,100.39µm
_22945_,100.39µm
clknet_leaf_138_i_core_v_mini_mcu.cpu_subsystem_i.cpu_0_0.clk_i,100.39µm
clknet_leaf_76_i_core_v_mini_mcu.cpu_subsystem_i.cpu_1_0.clk_i,100.38µm
_06424_,100.34µm
_07897_,100.34µm
_14163_,100.34µm
_14335_,100.34µm
_16125_,100.34µm
_23153_,100.34µm
_23273_,100.34µm
_08955_,100.29µm
_17577_,100.29µm
_22910_,100.29µm
i_core_v_mini_mcu.cpu_subsystem_i.cpu_1_0.rf_ram_i.memory\[313\]\[0\],100.29µm
_07104_,100.24µm
_21395_,100.24µm
i_core_v_mini_mcu.ao_peripheral_subsystem_i.spi_subsystem_i.obi_spimemio_i.spimemio_i.config_oe\[1\],100.24µm
i_core_v_mini_mcu.cpu_subsystem_i.cpu_0_0.rf_ram_i.memory\[496\]\[0\],100.24µm
_06316_,100.23µm
clknet_leaf_56_i_core_v_mini_mcu.cpu_subsystem_i.cpu_1_0.clk_i,99.98µm
i_core_v_mini_mcu.cpu_subsystem_i.cpu_1_0.rf_ram_i.memory\[431\]\[0\],99.9µm
_09298_,99.88µm
_25441_,99.88µm
clknet_leaf_198_i_core_v_mini_mcu.cpu_subsystem_i.cpu_0_0.clk_i,99.88µm
_07475_,99.83µm
_17046_,99.83µm
_17833_,99.83µm
i_core_v_mini_mcu.ao_peripheral_subsystem_i.clint_mtime_o\[16\],99.83µm
i_core_v_mini_mcu.core_data_req\[12\],99.83µm
clknet_leaf_135_i_core_v_mini_mcu.cpu_subsystem_i.cpu_1_0.clk_i,99.83µm
clknet_leaf_175_i_core_v_mini_mcu.cpu_subsystem_i.cpu_0_0.clk_i,99.83µm
_06794_,99.8µm
_07021_,99.78µm
_12248_,99.78µm
_06468_,99.73µm
_21350_,99.73µm
i_core_v_mini_mcu.cpu_subsystem_i.cpu_1_0.rf_ram_i.memory\[475\]\[0\],99.73µm
net1334,99.73µm
net1479,99.73µm
net1498,99.73µm
_08591_,99.68µm
_18200_,99.68µm
_25107_,99.61µm
clknet_leaf_117_i_core_v_mini_mcu.cpu_subsystem_i.cpu_0_0.clk_i,99.52µm
_06453_,99.46µm
_05467_,99.37µm
i_core_v_mini_mcu.ao_peripheral_subsystem_i.clint_mtime_o\[23\],99.37µm
_12108_,99.32µm
_15335_,99.32µm
_15441_,99.32µm
_23574_,99.32µm
i_core_v_mini_mcu.cpu_subsystem_i.cpu_1_0.rf_ram_i.memory\[295\]\[1\],99.27µm
clknet_leaf_174_i_core_v_mini_mcu.cpu_subsystem_i.cpu_0_0.clk_i,99.27µm
clknet_leaf_189_i_core_v_mini_mcu.cpu_subsystem_i.cpu_0_0.clk_i,99.27µm
_21279_,99.22µm
i_core_v_mini_mcu.ao_peripheral_subsystem_i.spi_subsystem_i.obi_spimemio_i.spimemio_i.config_oe\[0\],99.22µm
i_core_v_mini_mcu.core_data_req\[78\],99.22µm
i_core_v_mini_mcu.cpu_subsystem_i.cpu_0_0.rf_ram_i.memory\[34\]\[0\],99.22µm
clknet_leaf_159_i_core_v_mini_mcu.cpu_subsystem_i.cpu_1_0.clk_i,99.22µm
net1863,99.22µm
net1886,99.22µm
_14480_,99.17µm
_17265_,99.17µm
_20758_,99.17µm
_26516_,99.17µm
_27011_,99.17µm
i_core_v_mini_mcu.ao_peripheral_subsystem_i.power_manager_i.power_manager_reg_top_i.intr_state_qs\[0\],99.17µm
i_core_v_mini_mcu.ao_peripheral_subsystem_i.spi_subsystem_i.obi_spimemio_i.spimemio_i.config_do\[0\],99.17µm
_11061_,99.12µm
_16982_,99.12µm
_18181_,99.12µm
_15426_,99.05µm
clknet_leaf_191_i_core_v_mini_mcu.cpu_subsystem_i.cpu_1_0.clk_i,98.91µm
_22251_,98.71µm
clknet_leaf_60_i_core_v_mini_mcu.cpu_subsystem_i.cpu_0_0.clk_i,98.71µm
_08708_,98.66µm
_13127_,98.66µm
i_core_v_mini_mcu.ao_peripheral_subsystem_i.spi_subsystem_i.obi_spimemio_i.spimemio_i.xfer.xfer_tag\[0\],98.66µm
clknet_leaf_98_i_core_v_mini_mcu.cpu_subsystem_i.cpu_1_0.clk_i,98.66µm
net1735,98.66µm
_17571_,98.61µm
_24576_,98.61µm
i_core_v_mini_mcu.memory_subsystem_i.ram0_i.tc_ram_i.sram\[31\]\[21\],98.61µm
_08373_,98.56µm
_08495_,98.56µm
_12579_,98.56µm
i_core_v_mini_mcu.ao_peripheral_subsystem_i.spi_subsystem_i.obi_spimemio_i.obi_to_picorv32_i.addr_buf\[22\],98.56µm
i_core_v_mini_mcu.cpu_subsystem_i.cpu_1_0.rf_ram_i.memory\[293\]\[1\],98.56µm
_15158_,98.25µm
clknet_leaf_109_i_core_v_mini_mcu.cpu_subsystem_i.cpu_0_0.clk_i,98.25µm
_11376_,98.2µm
net1564,98.2µm
clknet_leaf_43_i_core_v_mini_mcu.cpu_subsystem_i.cpu_1_0.clk_i,98.2µm
clknet_leaf_181_i_core_v_mini_mcu.cpu_subsystem_i.cpu_1_0.clk_i,98.2µm
clknet_leaf_126_i_core_v_mini_mcu.cpu_subsystem_i.cpu_0_0.clk_i,98.2µm
i_core_v_mini_mcu.peripheral_slave_resp\[5\],98.15µm
_06333_,98.1µm
_13084_,98.1µm
net166,98.1µm
clknet_leaf_188_i_core_v_mini_mcu.cpu_subsystem_i.cpu_0_0.clk_i,98.1µm
_07959_,98.05µm
_16141_,98.05µm
_23874_,98.05µm
_26012_,98.05µm
i_core_v_mini_mcu.cpu_subsystem_i.cpu_1_0.rf_ram_i.memory\[473\]\[0\],98.05µm
_08511_,98µm
_14293_,97.79µm
_12247_,97.77µm
_06871_,97.64µm
_20598_,97.64µm
clknet_leaf_206_i_core_v_mini_mcu.cpu_subsystem_i.cpu_0_0.clk_i,97.64µm
_05638_,97.59µm
net1450,97.59µm
net1313,97.54µm
_07929_,97.53µm
_07413_,97.49µm
_08968_,97.49µm
_09544_,97.49µm
_15981_,97.49µm
_20540_,97.49µm
_25750_,97.49µm
i_core_v_mini_mcu.cpu_subsystem_i.cpu_1_0.rf_ram_i.memory\[304\]\[0\],97.49µm
net272,97.44µm
i_core_v_mini_mcu.ao_peripheral_subsystem_i.power_manager_i.power_manager_reg_top_i.cpu_reset_assert_counter_qs\[11\],97.21µm
_12525_,97.16µm
_06943_,97.13µm
clknet_leaf_1_i_core_v_mini_mcu.cpu_subsystem_i.cpu_1_0.clk_i,97.13µm
i_core_v_mini_mcu.peripheral_subsystem_i.uart_i.hw2reg\[5\],97.08µm
i_core_v_mini_mcu.system_bus_i.system_xbar_i.gen_xbar_NtoM.i_xbar.gen_inputs\[1\].i_addr_dec_resp_mux.gen_several_outputs.bank_sel_q\[0\],97.08µm
clknet_leaf_106_i_core_v_mini_mcu.cpu_subsystem_i.cpu_0_0.clk_i,97.08µm
_09502_,97.03µm
clknet_leaf_175_i_core_v_mini_mcu.cpu_subsystem_i.cpu_1_0.clk_i,97.03µm
_08412_,96.98µm
_12240_,96.98µm
_13285_,96.98µm
i_core_v_mini_mcu.ao_peripheral_subsystem_i.clint_mtime_o\[17\],96.98µm
_07553_,96.93µm
_09805_,96.93µm
_13705_,96.93µm
_15328_,96.93µm
_24354_,96.93µm
i_core_v_mini_mcu.ao_peripheral_subsystem_i.tdu_i.cpi_est_q\[2\],96.93µm
_09548_,96.88µm
_17400_,96.88µm
_10380_,96.67µm
clknet_leaf_53_i_core_v_mini_mcu.cpu_subsystem_i.cpu_0_0.clk_i,96.67µm
_14153_,96.57µm
_17044_,96.57µm
i_core_v_mini_mcu.ao_peripheral_subsystem_i.clint_mtime_o\[27\],96.57µm
clknet_leaf_63_clk_i_regs,96.57µm
_05867_,96.52µm
_17863_,96.52µm
i_core_v_mini_mcu.ao_peripheral_subsystem_i.clint_mtime_o\[15\],96.52µm
clknet_leaf_158_i_core_v_mini_mcu.cpu_subsystem_i.cpu_0_0.clk_i,96.52µm
clknet_leaf_209_i_core_v_mini_mcu.cpu_subsystem_i.cpu_0_0.clk_i,96.52µm
_06575_,96.47µm
_06569_,96.42µm
_13223_,96.42µm
_16023_,96.42µm
_20558_,96.42µm
_22943_,96.42µm
_23317_,96.42µm
net2114,96.42µm
_10478_,96.37µm
_13072_,96.37µm
_17422_,96.37µm
_17548_,96.37µm
_22272_,96.37µm
i_core_v_mini_mcu.cpu_subsystem_i.cpu_1_0.rf_ram_i.memory\[314\]\[1\],96.37µm
_06141_,96.32µm
_10188_,96.32µm
_13195_,96.32µm
_22918_,96.32µm
_27452_,96.32µm
net371,96.16µm
net2155,96.14µm
i_core_v_mini_mcu.ao_peripheral_subsystem_i.spi_subsystem_i.obi_spimemio_i.spimemio_i.state\[12\],96.12µm
clknet_leaf_179_i_core_v_mini_mcu.cpu_subsystem_i.cpu_1_0.clk_i,96.11µm
i_core_v_mini_mcu.cpu_subsystem_i.cpu_1_0.rf_ram_i.memory\[330\]\[1\],96.08µm
_20517_,96.04µm
_05884_,95.91µm
_09572_,95.91µm
i_core_v_mini_mcu.ao_peripheral_subsystem_i.spi_subsystem_i.obi_spimemio_i.spimemio_i.state\[1\],95.91µm
i_core_v_mini_mcu.cpu_subsystem_i.cpu_1_0.rf_ram_i.memory\[472\]\[0\],95.91µm
net1538,95.91µm
_06541_,95.86µm
_13028_,95.86µm
clknet_leaf_186_i_core_v_mini_mcu.cpu_subsystem_i.cpu_0_0.clk_i,95.86µm
_05744_,95.81µm
_10403_,95.81µm
_23181_,95.81µm
_07293_,95.76µm
_08009_,95.76µm
_08196_,95.76µm
_24252_,95.76µm
i_core_v_mini_mcu.cpu_subsystem_i.cpu_1_0.rf_ram_i.memory\[465\]\[1\],95.76µm
clknet_leaf_172_i_core_v_mini_mcu.cpu_subsystem_i.cpu_0_0.clk_i,95.68µm
i_core_v_mini_mcu.cpu_subsystem_i.cpu_1_0.rf_ram_i.memory\[318\]\[1\],95.53µm
_05417_,95.45µm
_15294_,95.45µm
net1449,95.45µm
clknet_leaf_116_i_core_v_mini_mcu.cpu_subsystem_i.cpu_0_0.clk_i,95.45µm
net2210,95.45µm
i_core_v_mini_mcu.cpu_subsystem_i.cpu_0_0.i_servile.cpu.bne_or_bge,95.4µm
clknet_leaf_0_i_core_v_mini_mcu.cpu_subsystem_i.cpu_1_0.clk_i,95.4µm
clknet_leaf_184_i_core_v_mini_mcu.cpu_subsystem_i.cpu_0_0.clk_i,95.4µm
_22958_,95.35µm
_23009_,95.35µm
clknet_leaf_71_i_core_v_mini_mcu.cpu_subsystem_i.cpu_0_0.clk_i,95.35µm
_09453_,95.3µm
_16018_,95.3µm
_16950_,95.3µm
_22695_,95.3µm
clknet_leaf_104_i_core_v_mini_mcu.cpu_subsystem_i.cpu_0_0.clk_i,95.3µm
clknet_leaf_181_i_core_v_mini_mcu.cpu_subsystem_i.cpu_0_0.clk_i,95.3µm
net2020,95.3µm
_06946_,95.25µm
_09532_,95.25µm
_19150_,95.25µm
_24258_,95.25µm
_24338_,95.25µm
i_core_v_mini_mcu.cpu_subsystem_i.cpu_0_0.rf_ram_i.memory\[68\]\[1\],95.25µm
i_core_v_mini_mcu.cpu_subsystem_i.cpu_1_0.rf_ram_i.memory\[471\]\[0\],95.25µm
net2068,95.25µm
_07037_,95.2µm
_21339_,95.2µm
_22014_,95.2µm
_24478_,95.2µm
_13645_,94.99µm
_19978_,94.94µm
net1306,94.94µm
_05533_,94.89µm
_06505_,94.79µm
net148,94.79µm
clknet_leaf_83_i_core_v_mini_mcu.cpu_subsystem_i.cpu_0_0.clk_i,94.79µm
net1868,94.79µm
_07112_,94.74µm
_08171_,94.74µm
_09177_,94.74µm
_18571_,94.74µm
i_core_v_mini_mcu.ao_peripheral_subsystem_i.power_manager_i.power_manager_reg_top_i.intr_state_qs\[15\],94.74µm
_16139_,94.69µm
_24849_,94.69µm
i_core_v_mini_mcu.cpu_subsystem_i.cpu_1_0.rf_ram_i.memory\[306\]\[0\],94.69µm
i_core_v_mini_mcu.cpu_subsystem_i.cpu_1_0.rf_ram_i.memory\[31\]\[0\],94.69µm
i_core_v_mini_mcu.cpu_subsystem_i.cpu_1_0.rf_ram_i.memory\[444\]\[1\],94.69µm
_07262_,94.64µm
_16233_,94.64µm
_17529_,94.64µm
i_core_v_mini_mcu.peripheral_subsystem_i.periph_to_reg_i.r_rdata_d\[9\],94.64µm
_16526_,94.38µm
clknet_leaf_73_i_core_v_mini_mcu.cpu_subsystem_i.cpu_1_0.clk_i,94.38µm
_15163_,94.33µm
clknet_leaf_52_i_core_v_mini_mcu.cpu_subsystem_i.cpu_1_0.clk_i,94.33µm
_14202_,94.28µm
_14363_,94.28µm
_15329_,94.28µm
clknet_leaf_152_i_core_v_mini_mcu.cpu_subsystem_i.cpu_1_0.clk_i,94.28µm
_07983_,94.23µm
_11183_,94.23µm
i_core_v_mini_mcu.ao_peripheral_subsystem_i.clint_mtime_o\[14\],94.23µm
clknet_leaf_180_i_core_v_mini_mcu.cpu_subsystem_i.cpu_0_0.clk_i,94.23µm
_08995_,94.18µm
_17535_,94.18µm
_07561_,94.13µm
_08556_,94.13µm
_12235_,94.13µm
_17014_,94.13µm
_17454_,94.13µm
_20575_,94.13µm
i_core_v_mini_mcu.ao_peripheral_subsystem_i.power_manager_i.power_manager_reg_top_i.cpu_iso_off_counter_qs\[12\],94.13µm
i_core_v_mini_mcu.cpu_subsystem_i.cpu_0_0.i_servile.cpu.immdec.gen_immdec_w_eq_1.imm19_12_20\[8\],94.13µm
i_core_v_mini_mcu.cpu_subsystem_i.cpu_1_0.rf_ram_i.memory\[329\]\[0\],94.13µm
_08857_,94.08µm
_10607_,94.08µm
_22597_,94.08µm
i_core_v_mini_mcu.cpu_subsystem_i.cpu_0_0.i_servile.cpu.decode.o_two_stage_op,94.08µm
net2136,93.83µm
_09442_,93.82µm
net1461,93.82µm
clknet_leaf_18_i_core_v_mini_mcu.cpu_subsystem_i.cpu_1_0.clk_i,93.77µm
clknet_leaf_167_i_core_v_mini_mcu.cpu_subsystem_i.cpu_0_0.clk_i,93.77µm
_05413_,93.72µm
_15988_,93.72µm
_16531_,93.72µm
_19602_,93.72µm
_26351_,93.72µm
i_core_v_mini_mcu.ao_peripheral_subsystem_i.power_manager_i.power_manager_reg_top_i.cpu_reset_deassert_counter_qs\[0\],93.72µm
clknet_leaf_87_i_core_v_mini_mcu.cpu_subsystem_i.cpu_0_0.clk_i,93.72µm
clknet_leaf_203_i_core_v_mini_mcu.cpu_subsystem_i.cpu_0_0.clk_i,93.72µm
_20484_,93.67µm
_27343_,93.67µm
i_core_v_mini_mcu.peripheral_subsystem_i.uart_i.reg2hw\[2\],93.67µm
_07663_,93.62µm
_07859_,93.62µm
_13085_,93.62µm
_15702_,93.62µm
_17241_,93.62µm
_18204_,93.62µm
_20519_,93.62µm
net81,93.62µm
clknet_leaf_35_i_core_v_mini_mcu.cpu_subsystem_i.cpu_1_0.clk_i,93.62µm
clknet_leaf_44_i_core_v_mini_mcu.cpu_subsystem_i.cpu_0_0.clk_i,93.62µm
_07179_,93.57µm
_07499_,93.57µm
_08851_,93.57µm
_10672_,93.57µm
_13678_,93.57µm
_17565_,93.57µm
_23140_,93.57µm
_24504_,93.56µm
_20564_,93.52µm
_21970_,93.52µm
_23188_,93.52µm
_26505_,93.52µm
i_core_v_mini_mcu.ao_peripheral_subsystem_i.spi_subsystem_i.obi_spimemio_i.spimemio_i.config_do\[3\],93.52µm
_08423_,93.34µm
_15169_,93.21µm
_25457_,93.16µm
clknet_leaf_139_i_core_v_mini_mcu.cpu_subsystem_i.cpu_1_0.clk_i,93.16µm
clknet_leaf_169_i_core_v_mini_mcu.cpu_subsystem_i.cpu_0_0.clk_i,93.16µm
_19844_,93.11µm
_21916_,93.11µm
_05728_,93.06µm
_15994_,93.06µm
_20537_,93.05µm
_23234_,93.01µm
_16995_,92.96µm
_26636_,92.96µm
i_core_v_mini_mcu.cpu_subsystem_i.cpu_0_0.rf_ram_i.memory\[65\]\[0\],92.96µm
_21310_,92.75µm
clknet_leaf_127_i_core_v_mini_mcu.cpu_subsystem_i.cpu_0_0.clk_i,92.7µm
clknet_leaf_131_i_core_v_mini_mcu.cpu_subsystem_i.cpu_0_0.clk_i,92.7µm
clknet_leaf_150_i_core_v_mini_mcu.cpu_subsystem_i.cpu_1_0.clk_i,92.65µm
clknet_leaf_50_i_core_v_mini_mcu.cpu_subsystem_i.cpu_0_0.clk_i,92.65µm
_09406_,92.55µm
_14303_,92.55µm
_23398_,92.55µm
i_core_v_mini_mcu.core_data_req\[6\],92.55µm
_07253_,92.5µm
_15155_,92.5µm
_26228_,92.5µm
clknet_leaf_79_i_core_v_mini_mcu.cpu_subsystem_i.cpu_0_0.clk_i,92.5µm
_17562_,92.45µm
_22859_,92.45µm
i_core_v_mini_mcu.cpu_subsystem_i.cpu_1_0.rf_ram_i.memory\[316\]\[0\],92.45µm
i_core_v_mini_mcu.cpu_subsystem_i.cpu_1_0.rf_ram_i.memory\[326\]\[0\],92.45µm
clknet_leaf_61_i_core_v_mini_mcu.cpu_subsystem_i.cpu_1_0.clk_i,92.45µm
_05616_,92.4µm
_07666_,92.4µm
_11655_,92.4µm
_11914_,92.4µm
_17900_,92.4µm
_18287_,92.4µm
_26850_,92.4µm
i_core_v_mini_mcu.cpu_subsystem_i.cpu_0_0.rf_ram_i.memory\[7\]\[1\],92.4µm
i_core_v_mini_mcu.cpu_subsystem_i.cpu_1_0.rf_ram_i.memory\[41\]\[1\],92.4µm
_06420_,92.14µm
clknet_leaf_110_i_core_v_mini_mcu.cpu_subsystem_i.cpu_1_0.clk_i,92.09µm
clknet_leaf_126_i_core_v_mini_mcu.cpu_subsystem_i.cpu_1_0.clk_i,92.09µm
_14297_,92.04µm
clknet_leaf_26_clk_i_regs,92.04µm
_16138_,91.99µm
_19840_,91.99µm
i_core_v_mini_mcu.peripheral_subsystem_i.uart_i.reg2hw\[7\],91.99µm
clknet_leaf_121_i_core_v_mini_mcu.cpu_subsystem_i.cpu_0_0.clk_i,91.99µm
net2104,91.99µm
_05398_,91.94µm
_17897_,91.94µm
_11553_,91.91µm
_06936_,91.89µm
_07188_,91.89µm
_24866_,91.89µm
i_core_v_mini_mcu.ao_peripheral_subsystem_i.power_manager_i.power_manager_reg_top_i.intr_state_qs\[14\],91.89µm
i_core_v_mini_mcu.cpu_subsystem_i.cpu_1_0.rf_ram_i.memory\[331\]\[1\],91.89µm
_07377_,91.84µm
_07749_,91.84µm
_12073_,91.84µm
_18274_,91.84µm
_06480_,91.63µm
clknet_leaf_81_i_core_v_mini_mcu.cpu_subsystem_i.cpu_0_0.clk_i,91.53µm
clknet_leaf_177_i_core_v_mini_mcu.cpu_subsystem_i.cpu_0_0.clk_i,91.53µm
clknet_leaf_201_i_core_v_mini_mcu.cpu_subsystem_i.cpu_0_0.clk_i,91.53µm
net1912,91.53µm
i_core_v_mini_mcu.ao_peripheral_subsystem_i.power_manager_i.power_manager_reg_top_i.cpu_iso_off_counter_qs\[6\],91.48µm
clknet_leaf_65_i_core_v_mini_mcu.cpu_subsystem_i.cpu_0_0.clk_i,91.48µm
clknet_leaf_135_i_core_v_mini_mcu.cpu_subsystem_i.cpu_0_0.clk_i,91.48µm
clknet_leaf_182_i_core_v_mini_mcu.cpu_subsystem_i.cpu_0_0.clk_i,91.48µm
_08451_,91.43µm
_11451_,91.43µm
_14209_,91.43µm
i_core_v_mini_mcu.ao_peripheral_subsystem_i.power_manager_i.power_manager_reg_top_i.cpu_iso_off_counter_qs\[2\],91.43µm
i_core_v_mini_mcu.cpu_subsystem_i.cpu_1_0.rf_ram_i.memory\[319\]\[1\],91.43µm
_05740_,91.38µm
_14843_,91.38µm
_15205_,91.38µm
_17564_,91.38µm
i_core_v_mini_mcu.ao_peripheral_subsystem_i.periph_to_reg_i.r_rdata_d\[25\],91.38µm
_05665_,91.33µm
_06817_,91.33µm
_09451_,91.33µm
_21333_,91.33µm
clknet_leaf_111_i_core_v_mini_mcu.cpu_subsystem_i.cpu_1_0.clk_i,91.33µm
_11659_,91.28µm
_12076_,91.28µm
_16048_,91.28µm
_17919_,91.28µm
i_core_v_mini_mcu.ao_peripheral_subsystem_i.spi_subsystem_i.obi_spimemio_i.spimemio_i.config_oe\[2\],91.28µm
clknet_leaf_63_i_core_v_mini_mcu.cpu_subsystem_i.cpu_0_0.clk_i,91.07µm
i_core_v_mini_mcu.cpu_subsystem_i.cpu_0_0.i_servile.cpu.bufreg2.i_bytecnt\[0\],90.97µm
clknet_leaf_102_i_core_v_mini_mcu.cpu_subsystem_i.cpu_1_0.clk_i,90.92µm
clknet_leaf_188_i_core_v_mini_mcu.cpu_subsystem_i.cpu_1_0.clk_i,90.92µm
_14003_,90.87µm
_16945_,90.87µm
_07016_,90.82µm
_10734_,90.82µm
_16157_,90.82µm
_17000_,90.82µm
i_core_v_mini_mcu.cpu_subsystem_i.cpu_0_0.rf_ram_i.memory\[73\]\[1\],90.82µm
i_core_v_mini_mcu.cpu_subsystem_i.cpu_1_0.rf_ram_i.memory\[313\]\[1\],90.82µm
_06896_,90.77µm
_08400_,90.77µm
_08543_,90.77µm
_17770_,90.77µm
_22884_,90.77µm
_27010_,90.77µm
i_core_v_mini_mcu.cpu_subsystem_i.cpu_0_0.rf_ram_i.memory\[1\]\[1\],90.77µm
clknet_leaf_195_i_core_v_mini_mcu.cpu_subsystem_i.cpu_1_0.clk_i,90.77µm
_07472_,90.72µm
_07772_,90.72µm
_07978_,90.72µm
_15322_,90.72µm
_21852_,90.72µm
i_core_v_mini_mcu.ao_peripheral_subsystem_i.spi_subsystem_i.obi_spimemio_i.obi_to_picorv32_i.obi_resp_o\[17\],90.72µm
i_core_v_mini_mcu.cpu_subsystem_i.cpu_1_0.rf_ram_i.memory\[479\]\[0\],90.72µm
_11958_,90.65µm
clknet_leaf_99_i_core_v_mini_mcu.cpu_subsystem_i.cpu_0_0.clk_i,90.51µm
_09390_,90.36µm
clknet_leaf_149_i_core_v_mini_mcu.cpu_subsystem_i.cpu_0_0.clk_i,90.35µm
_15444_,90.31µm
clknet_leaf_28_i_core_v_mini_mcu.cpu_subsystem_i.cpu_1_0.clk_i,90.31µm
clknet_leaf_199_i_core_v_mini_mcu.cpu_subsystem_i.cpu_0_0.clk_i,90.31µm
_06426_,90.26µm
_13424_,90.26µm
_13881_,90.26µm
_21533_,90.26µm
i_core_v_mini_mcu.peripheral_subsystem_i.uart_i.u_reg.u_reg_if.a_ack,90.26µm
_11294_,90.21µm
_15432_,90.21µm
_17537_,90.21µm
_22852_,90.21µm
_25940_,90.21µm
_07664_,90.16µm
_08503_,90.16µm
_13885_,90.16µm
_16537_,90.16µm
clknet_leaf_77_i_core_v_mini_mcu.cpu_subsystem_i.cpu_0_0.clk_i,90.08µm
clknet_leaf_120_i_core_v_mini_mcu.cpu_subsystem_i.cpu_0_0.clk_i,89.93µm
_13624_,89.8µm
i_core_v_mini_mcu.ao_peripheral_subsystem_i.power_manager_i.power_manager_reg_top_i.cpu_switch_on_counter_qs\[2\],89.8µm
_16428_,89.75µm
_25704_,89.75µm
net1469,89.75µm
clknet_leaf_46_i_core_v_mini_mcu.cpu_subsystem_i.cpu_0_0.clk_i,89.75µm
_12223_,89.7µm
_08165_,89.65µm
_09529_,89.65µm
_12046_,89.65µm
_17463_,89.65µm
_24383_,89.65µm
_26446_,89.65µm
i_core_v_mini_mcu.ao_peripheral_subsystem_i.power_manager_i.power_manager_reg_top_i.cpu_iso_off_counter_qs\[14\],89.65µm
i_core_v_mini_mcu.ao_peripheral_subsystem_i.power_manager_i.power_manager_reg_top_i.cpu_switch_on_counter_qs\[3\],89.65µm
i_core_v_mini_mcu.cpu_subsystem_i.cpu_1_0.rf_ram_i.memory\[469\]\[0\],89.65µm
i_core_v_mini_mcu.peripheral_subsystem_i.periph_to_reg_i.r_rdata_d\[8\],89.65µm
clknet_leaf_64_i_core_v_mini_mcu.cpu_subsystem_i.cpu_0_0.clk_i,89.65µm
_13365_,89.6µm
_18208_,89.6µm
i_core_v_mini_mcu.ao_peripheral_subsystem_i.power_manager_i.power_manager_reg_top_i.cpu_switch_off_counter_qs\[8\],89.6µm
net1892,89.6µm
i_core_v_mini_mcu.ao_peripheral_subsystem_i.power_manager_i.power_manager_reg_top_i.cpu_switch_off_counter_qs\[13\],89.48µm
clknet_leaf_66_i_core_v_mini_mcu.cpu_subsystem_i.cpu_1_0.clk_i,89.39µm
clknet_leaf_182_i_core_v_mini_mcu.cpu_subsystem_i.cpu_1_0.clk_i,89.39µm
_15535_,89.32µm
net1451,89.29µm
_04491_,89.27µm
_23238_,89.24µm
i_core_v_mini_mcu.ao_peripheral_subsystem_i.clint_mtime_o\[61\],89.24µm
i_core_v_mini_mcu.ao_peripheral_subsystem_i.spi_subsystem_i.obi_spimemio_i.obi_to_picorv32_i.addr_buf\[23\],89.24µm
clknet_leaf_193_i_core_v_mini_mcu.cpu_subsystem_i.cpu_1_0.clk_i,89.24µm
_08092_,89.19µm
_21275_,89.19µm
clknet_leaf_26_i_core_v_mini_mcu.cpu_subsystem_i.cpu_1_0.clk_i,89.19µm
_05669_,89.14µm
_06101_,89.14µm
_06782_,89.14µm
_12257_,89.14µm
_15924_,89.14µm
_22018_,89.14µm
_23852_,89.14µm
_27392_,89.14µm
i_core_v_mini_mcu.ao_peripheral_subsystem_i.obi_fifo_i.consumer_data_req\[22\],89.14µm
i_core_v_mini_mcu.cpu_subsystem_i.cpu_1_0.rf_ram_i.memory\[476\]\[0\],89.14µm
i_core_v_mini_mcu.ao_peripheral_subsystem_i.clint_mtime_o\[28\],89.13µm
_11465_,89.09µm
_18073_,89.09µm
_25412_,89.09µm
i_core_v_mini_mcu.cpu_subsystem_i.cpu_1_0.rf_ram_i.memory\[432\]\[0\],89.09µm
net256,89.09µm
clknet_leaf_200_i_core_v_mini_mcu.cpu_subsystem_i.cpu_0_0.clk_i,89.09µm
_16978_,89.04µm
_17531_,89.04µm
_20543_,89.04µm
_26059_,89.04µm
_27205_,89.04µm
i_core_v_mini_mcu.ao_peripheral_subsystem_i.spi_subsystem_i.obi_spimemio_i.obi_to_picorv32_i.obi_resp_o\[11\],89.04µm
i_core_v_mini_mcu.cpu_subsystem_i.cpu_0_0.rf_ram_i.memory\[393\]\[0\],89.04µm
_17017_,88.75µm
i_core_v_mini_mcu.core_data_req\[84\],88.75µm
clknet_leaf_53_i_core_v_mini_mcu.cpu_subsystem_i.cpu_1_0.clk_i,88.73µm
clknet_leaf_97_i_core_v_mini_mcu.cpu_subsystem_i.cpu_0_0.clk_i,88.73µm
clknet_leaf_168_i_core_v_mini_mcu.cpu_subsystem_i.cpu_0_0.clk_i,88.73µm
i_core_v_mini_mcu.cpu_subsystem_i.cpu_1_0.rf_ram_i.memory\[476\]\[1\],88.71µm
_21305_,88.68µm
net1571,88.68µm
clknet_leaf_73_i_core_v_mini_mcu.cpu_subsystem_i.cpu_0_0.clk_i,88.68µm
_06598_,88.63µm
_06602_,88.63µm
_14313_,88.63µm
_17289_,88.63µm
_25501_,88.63µm
_09097_,88.58µm
_10825_,88.58µm
_18263_,88.58µm
i_core_v_mini_mcu.cpu_subsystem_i.cpu_0_0.rf_ram_i.memory\[398\]\[0\],88.58µm
clknet_leaf_55_i_core_v_mini_mcu.cpu_subsystem_i.cpu_1_0.clk_i,88.58µm
_06744_,88.53µm
_07256_,88.53µm
_15423_,88.53µm
_17520_,88.53µm
i_core_v_mini_mcu.ao_peripheral_subsystem_i.spi_subsystem_i.obi_spimemio_i.spimemio_i.xfer.xfer_tag\[1\],88.53µm
i_core_v_mini_mcu.cpu_subsystem_i.cpu_1_0.rf_ram_i.memory\[339\]\[0\],88.53µm
clknet_leaf_125_i_core_v_mini_mcu.cpu_subsystem_i.cpu_1_0.clk_i,88.53µm
net1840,88.53µm
_08411_,88.48µm
_16106_,88.48µm
_17441_,88.48µm
_24651_,88.48µm
_24945_,88.48µm
_15720_,88.12µm
_16853_,88.12µm
net1436,88.12µm
_14728_,88.07µm
_15447_,88.07µm
_18052_,88.07µm
_15456_,88.02µm
_21463_,88.02µm
_27256_,88.02µm
i_core_v_mini_mcu.ao_peripheral_subsystem_i.mosaic_clint_i.mtimecmp_q\[114\],88.02µm
i_core_v_mini_mcu.cpu_subsystem_i.cpu_1_0.rf_ram_i.memory\[29\]\[1\],88.02µm
_16164_,87.97µm
_17423_,87.97µm
_18934_,87.97µm
_22489_,87.97µm
_26541_,87.97µm
i_core_v_mini_mcu.ao_peripheral_subsystem_i.periph_to_reg_i.r_rdata_d\[3\],87.97µm
i_core_v_mini_mcu.cpu_subsystem_i.cpu_0_0.rf_ram_i.memory\[392\]\[0\],87.97µm
_08247_,87.92µm
_17568_,87.92µm
_27340_,87.92µm
i_core_v_mini_mcu.cpu_subsystem_i.cpu_1_0.rf_ram_i.memory\[294\]\[0\],87.92µm
clknet_leaf_194_i_core_v_mini_mcu.cpu_subsystem_i.cpu_1_0.clk_i,87.66µm
clknet_leaf_52_i_core_v_mini_mcu.cpu_subsystem_i.cpu_0_0.clk_i,87.66µm
_10602_,87.61µm
i_core_v_mini_mcu.ao_peripheral_subsystem_i.tdu_i.wr_ptr_q\[2\],87.56µm
clknet_leaf_34_i_core_v_mini_mcu.cpu_subsystem_i.cpu_1_0.clk_i,87.56µm
clknet_leaf_39_i_core_v_mini_mcu.cpu_subsystem_i.cpu_1_0.clk_i,87.56µm
clknet_leaf_124_i_core_v_mini_mcu.cpu_subsystem_i.cpu_1_0.clk_i,87.55µm
_17509_,87.51µm
_21289_,87.51µm
_07505_,87.46µm
_08917_,87.46µm
_22825_,87.46µm
_08455_,87.41µm
_09801_,87.41µm
_12526_,87.41µm
_21516_,87.41µm
_26683_,87.41µm
exit_value_int\[6\],87.41µm
i_core_v_mini_mcu.peripheral_subsystem_i.uart_i.reg2hw\[70\],87.41µm
net1555,87.41µm
_08682_,87.36µm
_27000_,87.36µm
i_core_v_mini_mcu.ao_peripheral_subsystem_i.power_manager_i.power_manager_reg_top_i.cpu_counters_stop_cpu_switch_off_stop_bit_counter_qs,87.13µm
_17418_,87.09µm
_06755_,87.05µm
clknet_leaf_116_i_core_v_mini_mcu.cpu_subsystem_i.cpu_1_0.clk_i,87.05µm
_06852_,86.95µm
_06945_,86.95µm
_21378_,86.95µm
i_core_v_mini_mcu.cpu_subsystem_i.cpu_0_0.i_servile.cpu.immdec.gen_immdec_w_eq_1.imm11_7\[0\],86.95µm
clknet_leaf_95_i_core_v_mini_mcu.cpu_subsystem_i.cpu_1_0.clk_i,86.95µm
clknet_leaf_70_i_core_v_mini_mcu.cpu_subsystem_i.cpu_0_0.clk_i,86.95µm
_15980_,86.9µm
_16144_,86.9µm
_17961_,86.9µm
_24049_,86.9µm
i_core_v_mini_mcu.memory_subsystem_i.ram0_i.tc_ram_i.sram\[19\]\[16\],86.9µm
clknet_leaf_129_clk_i_regs,86.9µm
clknet_leaf_81_i_core_v_mini_mcu.cpu_subsystem_i.cpu_1_0.clk_i,86.9µm
_06429_,86.85µm
_07600_,86.85µm
_09325_,86.85µm
_17578_,86.85µm
_18543_,86.85µm
i_core_v_mini_mcu.cpu_subsystem_i.cpu_1_0.rf_ram_i.memory\[47\]\[1\],86.85µm
clknet_leaf_88_i_core_v_mini_mcu.cpu_subsystem_i.cpu_0_0.clk_i,86.85µm
_07423_,86.8µm
_16022_,86.8µm
_21034_,86.8µm
i_core_v_mini_mcu.ao_peripheral_subsystem_i.spi_subsystem_i.obi_spimemio_i.spimemio_i.config_clk,86.8µm
i_core_v_mini_mcu.ao_peripheral_subsystem_i.obi_fifo_i.consumer_data_req\[27\],86.57µm
i_core_v_mini_mcu.cpu_subsystem_i.cpu_0_0.rf_ram_i.memory\[89\]\[1\],86.57µm
clknet_leaf_160_i_core_v_mini_mcu.cpu_subsystem_i.cpu_0_0.clk_i,86.49µm
_12580_,86.39µm
i_core_v_mini_mcu.ao_peripheral_subsystem_i.spi_subsystem_i.obi_spimemio_i.obi_to_picorv32_i.addr_buf\[9\],86.39µm
i_core_v_mini_mcu.core_data_req\[85\],86.39µm
clknet_leaf_40_i_core_v_mini_mcu.cpu_subsystem_i.cpu_1_0.clk_i,86.39µm
_06694_,86.34µm
i_core_v_mini_mcu.cpu_subsystem_i.cpu_0_0.rf_ram_i.memory\[1\]\[0\],86.34µm
i_core_v_mini_mcu.cpu_subsystem_i.cpu_1_0.rf_ram_i.memory\[30\]\[0\],86.34µm
_26977_,86.32µm
_07420_,86.29µm
_08254_,86.29µm
_12242_,86.29µm
i_core_v_mini_mcu.core_data_req\[72\],86.29µm
i_core_v_mini_mcu.cpu_subsystem_i.cpu_0_0.rf_ram_i.memory\[67\]\[0\],86.29µm
i_core_v_mini_mcu.peripheral_subsystem_i.uart_i.reg2hw\[10\],86.29µm
clknet_leaf_151_i_core_v_mini_mcu.cpu_subsystem_i.cpu_1_0.clk_i,86.29µm
_07044_,86.24µm
_08499_,86.24µm
_10752_,86.24µm
_16975_,86.24µm
_17458_,86.24µm
_19356_,86.24µm
_19689_,86.24µm
_26037_,86.24µm
_27410_,86.24µm
i_core_v_mini_mcu.ao_peripheral_subsystem_i.periph_to_reg_i.r_rdata_d\[4\],86.24µm
i_core_v_mini_mcu.cpu_subsystem_i.cpu_0_0.rf_ram_i.memory\[4\]\[0\],86.24µm
net29,86.24µm
i_core_v_mini_mcu.ao_peripheral_subsystem_i.power_manager_i.power_manager_reg_top_i.cpu_iso_off_counter_qs\[11\],85.88µm
clknet_leaf_33_i_core_v_mini_mcu.cpu_subsystem_i.cpu_0_0.clk_i,85.88µm
clknet_leaf_170_i_core_v_mini_mcu.cpu_subsystem_i.cpu_0_0.clk_i,85.88µm
_05727_,85.83µm
_16902_,85.83µm
_19232_,85.83µm
_21231_,85.83µm
net536,85.83µm
_08343_,85.78µm
_15324_,85.78µm
_18608_,85.78µm
_11059_,85.73µm
_14791_,85.73µm
_15166_,85.73µm
_17550_,85.73µm
_17561_,85.73µm
_27428_,85.73µm
net155,85.73µm
net1399,85.73µm
_12033_,85.68µm
_18039_,85.68µm
_19314_,85.68µm
_21861_,85.68µm
_24075_,85.68µm
_24288_,85.68µm
_25534_,85.68µm
_25650_,85.68µm
_05414_,85.37µm
_16859_,85.37µm
net262,85.37µm
_14688_,85.32µm
_18424_,85.32µm
_13081_,85.27µm
i_core_v_mini_mcu.ao_peripheral_subsystem_i.clint_mtime_o\[60\],85.27µm
i_core_v_mini_mcu.cpu_subsystem_i.cpu_1_0.rf_ram_i.memory\[335\]\[1\],85.27µm
clknet_leaf_22_i_core_v_mini_mcu.cpu_subsystem_i.cpu_1_0.clk_i,85.27µm
_12047_,85.22µm
_14311_,85.22µm
_16058_,85.22µm
_16239_,85.22µm
i_core_v_mini_mcu.peripheral_subsystem_i.uart_i.uart_core.rx_timeout_count_q\[9\],85.22µm
_05893_,85.17µm
_07900_,85.17µm
_15207_,85.17µm
_15466_,85.17µm
_16180_,85.17µm
_21159_,85.17µm
_25451_,85.17µm
i_core_v_mini_mcu.ao_peripheral_subsystem_i.mosaic_clint_i.mtimecmp_q\[123\],85.17µm
i_core_v_mini_mcu.ao_peripheral_subsystem_i.obi_fifo_i.consumer_data_req\[15\],85.17µm
i_core_v_mini_mcu.cpu_subsystem_i.cpu_1_0.rf_ram_i.memory\[323\]\[1\],85.17µm
i_core_v_mini_mcu.cpu_subsystem_i.cpu_1_0.rf_ram_i.memory\[468\]\[0\],85.17µm
_06788_,85.12µm
_08032_,85.12µm
_10592_,85.12µm
_12042_,85.12µm
_13132_,85.12µm
_16974_,85.12µm
_21929_,85.12µm
_25631_,85.12µm
i_core_v_mini_mcu.cpu_subsystem_i.cpu_0_0.rf_ram_i.memory\[93\]\[1\],85.12µm
_09215_,84.86µm
_09707_,84.86µm
clknet_leaf_57_i_core_v_mini_mcu.cpu_subsystem_i.cpu_0_0.clk_i,84.81µm
_06490_,84.76µm
_06512_,84.76µm
_16769_,84.76µm
i_core_v_mini_mcu.peripheral_subsystem_i.uart_i.reg2hw\[19\],84.76µm
_05626_,84.71µm
_07799_,84.71µm
_14322_,84.71µm
_17799_,84.71µm
clknet_leaf_165_i_core_v_mini_mcu.cpu_subsystem_i.cpu_1_0.clk_i,84.71µm
clknet_leaf_66_i_core_v_mini_mcu.cpu_subsystem_i.cpu_0_0.clk_i,84.71µm
_06009_,84.66µm
_17889_,84.66µm
_18122_,84.66µm
i_core_v_mini_mcu.core_data_req\[81\],84.66µm
i_core_v_mini_mcu.cpu_subsystem_i.cpu_0_0.i_servile.cpu.state.cnt_r\[3\],84.66µm
net1480,84.66µm
clknet_leaf_42_i_core_v_mini_mcu.peripheral_subsystem_i.clk_cg,84.66µm
_06572_,84.61µm
_07617_,84.61µm
_10719_,84.61µm
_11379_,84.61µm
_12252_,84.61µm
_12402_,84.61µm
_21397_,84.61µm
i_core_v_mini_mcu.cpu_subsystem_i.cpu_0_0.rf_ram_i.memory\[90\]\[0\],84.61µm
net168,84.61µm
_05412_,84.56µm
_06795_,84.56µm
_06979_,84.56µm
_11838_,84.56µm
_15410_,84.56µm
_19027_,84.56µm
net1889,84.56µm
_05939_,84.38µm
_17181_,84.38µm
net1526,84.25µm
i_core_v_mini_mcu.cpu_subsystem_i.cpu_1_0.rf_ram_i.memory\[9\]\[0\],84.2µm
_09574_,84.15µm
_13823_,84.15µm
_14238_,84.15µm
_21439_,84.15µm
i_core_v_mini_mcu.ao_peripheral_subsystem_i.obi_fifo_i.consumer_data_req\[21\],84.15µm
i_core_v_mini_mcu.ao_peripheral_subsystem_i.spi_subsystem_i.obi_spimemio_i.spimemio_i.config_oe\[3\],84.15µm
_09286_,84.1µm
_12140_,84.1µm
_12266_,84.1µm
_14657_,84.1µm
_16008_,84.1µm
_16891_,84.1µm
_05654_,84.05µm
_07775_,84.05µm
_12407_,84.05µm
_14216_,84.05µm
_18196_,84.05µm
i_core_v_mini_mcu.ao_peripheral_subsystem_i.spi_subsystem_i.obi_spimemio_i.spimemio_i.xfer.xfer_ddr,84.05µm
_12809_,84µm
_14298_,84µm
_21058_,84µm
_22738_,84µm
_24431_,84µm
_25787_,83.68µm
_08899_,83.64µm
_10586_,83.64µm
clknet_leaf_160_i_core_v_mini_mcu.cpu_subsystem_i.cpu_1_0.clk_i,83.64µm
_06387_,83.59µm
_16650_,83.59µm
_17413_,83.59µm
clknet_leaf_37_i_core_v_mini_mcu.cpu_subsystem_i.cpu_1_0.clk_i,83.59µm
net2206,83.59µm
_05894_,83.54µm
_09347_,83.54µm
_10059_,83.54µm
_16244_,83.54µm
_21687_,83.54µm
i_core_v_mini_mcu.ao_peripheral_subsystem_i.power_manager_i.power_manager_reg_top_i.cpu_switch_on_counter_qs\[6\],83.54µm
i_core_v_mini_mcu.cpu_subsystem_i.cpu_0_0.rf_ram_i.memory\[395\]\[0\],83.54µm
_07401_,83.49µm
_17555_,83.49µm
_15421_,83.44µm
_17028_,83.44µm
_18058_,83.44µm
_23007_,83.44µm
i_core_v_mini_mcu.ao_peripheral_subsystem_i.spi_subsystem_i.obi_spimemio_i.spimemio_i.xfer.count\[1\],83.44µm
i_core_v_mini_mcu.cpu_subsystem_i.cpu_1_0.rf_ram_i.memory\[338\]\[1\],83.44µm
i_core_v_mini_mcu.cpu_subsystem_i.cpu_1_0.rf_ram_i.memory\[3\]\[0\],83.44µm
clknet_leaf_129_i_core_v_mini_mcu.cpu_subsystem_i.cpu_1_0.clk_i,83.13µm
_09626_,83.08µm
_16146_,83.08µm
net2108,83.08µm
_16908_,83.03µm
_22320_,83.03µm
i_core_v_mini_mcu.ao_peripheral_subsystem_i.clint_mtime_o\[22\],83.03µm
i_core_v_mini_mcu.ao_peripheral_subsystem_i.power_manager_i.power_manager_reg_top_i.periph_switch_qs,83.03µm
i_core_v_mini_mcu.peripheral_subsystem_i.uart_i.uart_core.rx_timeout_count_q\[3\],83.03µm
clknet_leaf_163_i_core_v_mini_mcu.cpu_subsystem_i.cpu_0_0.clk_i,83.03µm
_07077_,82.98µm
_12462_,82.98µm
i_core_v_mini_mcu.cpu_subsystem_i.cpu_1_0.rf_ram_i.memory\[430\]\[0\],82.98µm
clknet_leaf_128_i_core_v_mini_mcu.cpu_subsystem_i.cpu_1_0.clk_i,82.98µm
_08818_,82.93µm
_12259_,82.93µm
_12968_,82.93µm
_18553_,82.93µm
_23270_,82.93µm
i_core_v_mini_mcu.cpu_subsystem_i.cpu_0_0.rf_ram_i.memory\[70\]\[0\],82.93µm
i_core_v_mini_mcu.cpu_subsystem_i.cpu_1_0.rf_ram_i.memory\[29\]\[0\],82.93µm
clknet_leaf_12_i_core_v_mini_mcu.cpu_subsystem_i.cpu_0_0.clk_i,82.93µm
_08090_,82.88µm
i_core_v_mini_mcu.peripheral_subsystem_i.uart_i.reg2hw\[12\],82.88µm
clknet_leaf_74_i_core_v_mini_mcu.cpu_subsystem_i.cpu_1_0.clk_i,82.67µm
net634,82.62µm
clknet_leaf_16_i_core_v_mini_mcu.cpu_subsystem_i.cpu_1_0.clk_i,82.57µm
_05530_,82.52µm
clknet_leaf_100_i_core_v_mini_mcu.cpu_subsystem_i.cpu_1_0.clk_i,82.52µm
clknet_leaf_177_i_core_v_mini_mcu.cpu_subsystem_i.cpu_1_0.clk_i,82.52µm
clknet_leaf_55_i_core_v_mini_mcu.cpu_subsystem_i.cpu_0_0.clk_i,82.52µm
_17773_,82.47µm
i_core_v_mini_mcu.ao_peripheral_subsystem_i.power_manager_i.power_manager_reg_top_i.power_gate_ram_block_0_ack_qs,82.47µm
i_core_v_mini_mcu.cpu_subsystem_i.cpu_1_0.rf_ram_i.memory\[321\]\[1\],82.47µm
_08184_,82.42µm
_10796_,82.42µm
_12272_,82.42µm
_13876_,82.42µm
i_core_v_mini_mcu.cpu_subsystem_i.cpu_0_0.rf_ram_i.memory\[350\]\[0\],82.42µm
_21370_,82.37µm
i_core_v_mini_mcu.ao_peripheral_subsystem_i.mosaic_clint_i.mtimecmp_q\[1\],82.37µm
clknet_leaf_114_i_core_v_mini_mcu.cpu_subsystem_i.cpu_1_0.clk_i,82.37µm
_08422_,82.32µm
_17901_,82.32µm
_22592_,82.06µm
_09528_,82.01µm
i_core_v_mini_mcu.ao_peripheral_subsystem_i.mosaic_clint_i.mtimecmp_q\[71\],82.01µm
_05885_,81.96µm
_16149_,81.96µm
_16579_,81.96µm
i_core_v_mini_mcu.cpu_subsystem_i.cpu_1_0.i_servile.o_rf_raddr\[1\],81.96µm
clknet_leaf_136_i_core_v_mini_mcu.cpu_subsystem_i.cpu_0_0.clk_i,81.96µm
clknet_leaf_166_i_core_v_mini_mcu.cpu_subsystem_i.cpu_0_0.clk_i,81.96µm
_06086_,81.91µm
_06412_,81.91µm
_16229_,81.91µm
_22256_,81.91µm
clknet_leaf_49_i_core_v_mini_mcu.cpu_subsystem_i.cpu_1_0.clk_i,81.91µm
_06617_,81.86µm
_07099_,81.86µm
_12106_,81.86µm
_12868_,81.86µm
_15622_,81.86µm
_20609_,81.86µm
_21079_,81.86µm
_23206_,81.86µm
i_core_v_mini_mcu.cpu_subsystem_i.cpu_0_0.rf_ram_i.memory\[92\]\[1\],81.86µm
i_core_v_mini_mcu.memory_subsystem_i.ram0_i.tc_ram_i.sram\[23\]\[10\],81.86µm
net1506,81.86µm
clknet_leaf_31_i_core_v_mini_mcu.cpu_subsystem_i.cpu_0_0.clk_i,81.85µm
_07075_,81.81µm
_09317_,81.81µm
_08884_,81.76µm
_09111_,81.76µm
_15694_,81.76µm
_27577_,81.76µm
i_core_v_mini_mcu.cpu_subsystem_i.cpu_0_0.rf_ram_i.memory\[9\]\[0\],81.76µm
_06410_,81.58µm
_14685_,81.56µm
_17126_,81.5µm
clknet_leaf_96_i_core_v_mini_mcu.cpu_subsystem_i.cpu_0_0.clk_i,81.42µm
_17020_,81.4µm
_05608_,81.35µm
_08703_,81.35µm
clknet_leaf_169_i_core_v_mini_mcu.cpu_subsystem_i.cpu_1_0.clk_i,81.35µm
i_core_v_mini_mcu.cpu_subsystem_i.cpu_1_0.rf_ram_i.memory\[330\]\[0\],81.31µm
_07559_,81.3µm
_12277_,81.3µm
_12521_,81.3µm
_13041_,81.3µm
_21427_,81.3µm
_23102_,81.3µm
i_core_v_mini_mcu.ao_peripheral_slave_resp\[25\],81.3µm
i_core_v_mini_mcu.ao_peripheral_subsystem_i.power_manager_i.power_manager_reg_top_i.cpu_switch_on_counter_qs\[12\],81.3µm
i_core_v_mini_mcu.peripheral_subsystem_i.obi_fifo_i.consumer_data_req\[34\],81.3µm
clknet_leaf_58_i_core_v_mini_mcu.cpu_subsystem_i.cpu_0_0.clk_i,81.3µm
_05641_,81.25µm
_06801_,81.25µm
_07769_,81.25µm
_15180_,81.25µm
_21912_,81.25µm
i_core_v_mini_mcu.ao_peripheral_subsystem_i.clint_mtime_o\[54\],81.25µm
_10522_,81.2µm
_13166_,81.2µm
_16612_,81.2µm
_27373_,81.2µm
i_core_v_mini_mcu.cpu_subsystem_i.cpu_0_0.rf_ram_i.memory\[60\]\[0\],81.2µm
_13046_,80.97µm
i_core_v_mini_mcu.cpu_subsystem_i.cpu_1_0.rf_ram_i.memory\[295\]\[0\],80.97µm
net1332,80.89µm
_06938_,80.79µm
_07147_,80.79µm
_07276_,80.79µm
_17580_,80.79µm
i_core_v_mini_mcu.ao_peripheral_subsystem_i.clint_mtime_o\[8\],80.79µm
clknet_leaf_21_i_core_v_mini_mcu.cpu_subsystem_i.cpu_1_0.clk_i,80.79µm
_17417_,80.77µm
_08827_,80.74µm
_20554_,80.74µm
_20641_,80.74µm
_23047_,80.74µm
i_core_v_mini_mcu.cpu_subsystem_i.cpu_1_0.rf_ram_i.memory\[321\]\[0\],80.74µm
i_core_v_mini_mcu.system_bus_i.system_xbar_i.gen_xbar_NtoM.i_xbar.gen_inputs\[3\].i_addr_dec_resp_mux.gen_several_outputs.bank_sel_q\[1\],80.74µm
net1400,80.74µm
clknet_leaf_140_i_core_v_mini_mcu.cpu_subsystem_i.cpu_0_0.clk_i,80.74µm
_09826_,80.69µm
_12254_,80.69µm
_25487_,80.69µm
i_core_v_mini_mcu.cpu_subsystem_i.cpu_1_0.rf_ram_i.memory\[446\]\[1\],80.69µm
_07918_,80.64µm
_09460_,80.64µm
_12324_,80.64µm
_13861_,80.64µm
clknet_leaf_125_i_core_v_mini_mcu.cpu_subsystem_i.cpu_0_0.clk_i,80.34µm
_16924_,80.33µm
net1464,80.33µm
_21663_,80.28µm
_06482_,80.23µm
_06803_,80.23µm
_16898_,80.18µm
_21037_,80.18µm
i_core_v_mini_mcu.ao_peripheral_subsystem_i.power_manager_i.power_manager_reg_top_i.en_wait_for_intr_qs\[27\],80.18µm
i_core_v_mini_mcu.cpu_subsystem_i.cpu_1_0.rf_ram_i.memory\[324\]\[0\],80.18µm
clknet_leaf_159_i_core_v_mini_mcu.cpu_subsystem_i.cpu_0_0.clk_i,80.18µm
_07607_,80.13µm
_10760_,80.13µm
_11497_,80.13µm
_11926_,80.13µm
_13069_,80.13µm
_16420_,80.13µm
_21313_,80.13µm
_22434_,80.13µm
_27021_,80.13µm
i_core_v_mini_mcu.cpu_subsystem_i.cpu_1_0.i_servile.cpu.o_wdata0,80.13µm
i_core_v_mini_mcu.cpu_subsystem_i.cpu_1_0.rf_ram_i.memory\[323\]\[0\],80.13µm
net1941,80.13µm
_13742_,80.08µm
_15346_,80.08µm
_16265_,80.08µm
_18231_,80.08µm
i_core_v_mini_mcu.ao_peripheral_subsystem_i.mosaic_clint_i.mtimecmp_q\[115\],80.08µm
clknet_leaf_163_i_core_v_mini_mcu.cpu_subsystem_i.cpu_1_0.clk_i,79.87µm
_11110_,79.8µm
clknet_leaf_176_i_core_v_mini_mcu.cpu_subsystem_i.cpu_0_0.clk_i,79.77µm
i_core_v_mini_mcu.ao_peripheral_subsystem_i.obi_fifo_i.consumer_data_req\[4\],79.72µm
clknet_leaf_68_i_core_v_mini_mcu.cpu_subsystem_i.cpu_1_0.clk_i,79.72µm
_05402_,79.67µm
_06769_,79.67µm
_06859_,79.67µm
_09915_,79.67µm
_23019_,79.67µm
i_core_v_mini_mcu.ao_peripheral_subsystem_i.power_manager_i.power_manager_reg_top_i.cpu_reset_assert_counter_qs\[5\],79.67µm
clknet_leaf_87_i_core_v_mini_mcu.cpu_subsystem_i.cpu_1_0.clk_i,79.67µm
_06285_,79.62µm
_06834_,79.62µm
_10438_,79.62µm
clknet_leaf_39_i_core_v_mini_mcu.cpu_subsystem_i.cpu_0_0.clk_i,79.62µm
_10831_,79.57µm
_11254_,79.57µm
_14308_,79.57µm
_14708_,79.57µm
_18724_,79.57µm
_21972_,79.57µm
_23911_,79.57µm
_27579_,79.57µm
i_core_v_mini_mcu.ao_peripheral_subsystem_i.obi_fifo_i.consumer_resp_i\[24\],79.57µm
i_core_v_mini_mcu.cpu_subsystem_i.cpu_0_0.i_servile.cpu.ctrl.o_ibus_adr\[26\],79.57µm
i_core_v_mini_mcu.cpu_subsystem_i.cpu_1_0.rf_ram_i.memory\[115\]\[0\],79.57µm
i_core_v_mini_mcu.cpu_subsystem_i.cpu_1_0.rf_ram_i.memory\[304\]\[1\],79.57µm
i_core_v_mini_mcu.cpu_subsystem_i.cpu_1_0.rf_ram_i.memory\[44\]\[0\],79.57µm
_10091_,79.52µm
_13552_,79.52µm
i_core_v_mini_mcu.core_data_req\[70\],79.52µm
_06494_,79.39µm
_20486_,79.28µm
clknet_leaf_31_i_core_v_mini_mcu.cpu_subsystem_i.cpu_1_0.clk_i,79.21µm
_07632_,79.11µm
_15267_,79.11µm
i_core_v_mini_mcu.cpu_subsystem_i.cpu_0_0.i_servile.cpu.ctrl.i_pc_rel,79.11µm
net1438,79.11µm
_09757_,79.06µm
_12099_,79.06µm
_16027_,79.06µm
i_core_v_mini_mcu.ao_peripheral_subsystem_i.mosaic_clint_i.mtimecmp_q\[126\],79.06µm
i_core_v_mini_mcu.peripheral_subsystem_i.uart_i.uart_core.rx_timeout_count_q\[13\],79.06µm
net1508,79.06µm
_10834_,79.01µm
_11084_,79.01µm
_12959_,79.01µm
_17541_,79.01µm
_21060_,79.01µm
_23132_,79.01µm
i_core_v_mini_mcu.cpu_subsystem_i.cpu_0_0.rf_ram_i.memory\[394\]\[1\],79.01µm
i_core_v_mini_mcu.cpu_subsystem_i.cpu_1_0.i_servile.cpu.immdec.gen_immdec_w_eq_1.imm11_7\[2\],79.01µm
_06523_,78.96µm
_06717_,78.96µm
_07847_,78.96µm
_07996_,78.96µm
_11829_,78.96µm
_16319_,78.96µm
_16987_,78.96µm
_25544_,78.96µm
i_core_v_mini_mcu.cpu_subsystem_i.cpu_1_0.i_servile.o_rf_raddr\[2\],78.96µm
delaynet_1_clk_i,78.96µm
_20527_,78.84µm
clknet_leaf_27_i_core_v_mini_mcu.cpu_subsystem_i.cpu_0_0.clk_i,78.65µm
i_core_v_mini_mcu.ao_peripheral_subsystem_i.obi_fifo_i.consumer_data_req\[1\],78.63µm
_15332_,78.6µm
_20732_,78.6µm
i_core_v_mini_mcu.peripheral_subsystem_i.uart_i.reg2hw\[89\],78.6µm
clknet_leaf_151_i_core_v_mini_mcu.cpu_subsystem_i.cpu_0_0.clk_i,78.6µm
_06002_,78.55µm
_15063_,78.55µm
_15156_,78.55µm
_17528_,78.55µm
_22180_,78.55µm
i_core_v_mini_mcu.cpu_subsystem_i.cpu_1_0.rf_ram_i.memory\[320\]\[1\],78.55µm
_08754_,78.5µm
_09326_,78.5µm
net2120,78.5µm
_13743_,78.45µm
_27405_,78.45µm
i_core_v_mini_mcu.ao_peripheral_subsystem_i.power_manager_i.power_manager_reg_top_i.cpu_iso_off_counter_qs\[15\],78.45µm
i_core_v_mini_mcu.ao_peripheral_subsystem_i.tdu_i.task_mem\[3\]\[5\],78.45µm
i_core_v_mini_mcu.cpu_subsystem_i.cpu_1_0.rf_ram_i.memory\[339\]\[1\],78.45µm
_08153_,78.4µm
_08368_,78.4µm
_12555_,78.4µm
_17245_,78.4µm
_19835_,78.4µm
_20563_,78.4µm
_25845_,78.4µm
i_core_v_mini_mcu.cpu_subsystem_i.cpu_1_0.rf_ram_i.memory\[332\]\[1\],78.4µm
i_core_v_mini_mcu.core_data_req\[93\],78.17µm
_15923_,78.04µm
_14364_,77.99µm
i_core_v_mini_mcu.peripheral_subsystem_i.uart_i.reg2hw\[15\],77.99µm
_08279_,77.94µm
_10577_,77.94µm
_16979_,77.94µm
_17065_,77.94µm
_22875_,77.94µm
clknet_leaf_194_i_core_v_mini_mcu.cpu_subsystem_i.cpu_0_0.clk_i,77.94µm
_08927_,77.89µm
_16896_,77.89µm
_16952_,77.89µm
_16956_,77.89µm
_17854_,77.89µm
_18142_,77.89µm
_20569_,77.89µm
i_core_v_mini_mcu.cpu_subsystem_i.cpu_0_0.rf_ram_i.memory\[42\]\[0\],77.89µm
i_core_v_mini_mcu.memory_subsystem_i.ram0_i.tc_ram_i.sram\[14\]\[12\],77.89µm
_07521_,77.84µm
_09647_,77.84µm
_12540_,77.84µm
_21735_,77.84µm
_22554_,77.84µm
_23293_,77.84µm
i_core_v_mini_mcu.ao_peripheral_subsystem_i.periph_to_reg_i.r_rdata_d\[13\],77.84µm
i_core_v_mini_mcu.ao_peripheral_subsystem_i.spi_subsystem_i.obi_spimemio_i.spimemio_i.config_do\[1\],77.84µm
i_core_v_mini_mcu.cpu_subsystem_i.cpu_1_0.i_servile.rf_ram_if.wdata0_r\[1\],77.84µm
i_core_v_mini_mcu.cpu_subsystem_i.cpu_1_0.rf_ram_i.memory\[438\]\[0\],77.84µm
_13780_,77.63µm
_13025_,77.5µm
i_core_v_mini_mcu.ao_peripheral_subsystem_i.clint_mtime_o\[46\],77.48µm
_13443_,77.43µm
_14369_,77.43µm
i_core_v_mini_mcu.ao_peripheral_subsystem_i.spi_subsystem_i.obi_spimemio_i.obi_to_picorv32_i.obi_resp_o\[18\],77.43µm
_10574_,77.41µm
_15927_,77.38µm
_17036_,77.38µm
i_core_v_mini_mcu.peripheral_subsystem_i.uart_i.uart_core.u_uart_rxfifo.gen_normal_fifo.fifo_rptr\[1\],77.38µm
clknet_leaf_180_i_core_v_mini_mcu.cpu_subsystem_i.cpu_1_0.clk_i,77.38µm
_06532_,77.33µm
_07388_,77.33µm
_12023_,77.33µm
_17558_,77.33µm
_20579_,77.33µm
_25560_,77.33µm
_25882_,77.33µm
i_core_v_mini_mcu.ao_peripheral_subsystem_i.mosaic_clint_i.mtimecmp_q\[104\],77.33µm
_17456_,77.28µm
_18078_,77.28µm
i_core_v_mini_mcu.cpu_subsystem_i.cpu_1_0.rf_ram_i.memory\[298\]\[0\],77.28µm
_07155_,76.92µm
_22561_,76.92µm
net121,76.92µm
_05432_,76.87µm
_14164_,76.87µm
_23516_,76.87µm
net1115,76.87µm
clknet_leaf_141_i_core_v_mini_mcu.cpu_subsystem_i.cpu_0_0.clk_i,76.87µm
_06560_,76.82µm
_08409_,76.82µm
_14184_,76.82µm
_15309_,76.82µm
_19774_,76.82µm
i_core_v_mini_mcu.cpu_subsystem_i.cpu_1_0.rf_ram_i.memory\[398\]\[1\],76.82µm
clknet_leaf_78_i_core_v_mini_mcu.cpu_subsystem_i.cpu_0_0.clk_i,76.82µm
clknet_leaf_89_i_core_v_mini_mcu.cpu_subsystem_i.cpu_0_0.clk_i,76.82µm
_08027_,76.77µm
_09679_,76.77µm
_13082_,76.77µm
_13447_,76.77µm
_21032_,76.77µm
_21520_,76.77µm
_24987_,76.77µm
_25474_,76.77µm
_27337_,76.77µm
i_core_v_mini_mcu.ao_peripheral_slave_resp\[26\],76.77µm
i_core_v_mini_mcu.ao_peripheral_subsystem_i.power_manager_i.power_manager_reg_top_i.en_wait_for_intr_qs\[0\],76.77µm
i_core_v_mini_mcu.ao_peripheral_subsystem_i.spi_subsystem_i.obi_spimemio_i.spimemio_i.config_csb,76.77µm
i_core_v_mini_mcu.cpu_subsystem_i.cpu_1_0.rf_ram_i.memory\[292\]\[1\],76.77µm
i_core_v_mini_mcu.cpu_subsystem_i.cpu_1_0.rf_ram_i.memory\[325\]\[0\],76.77µm
i_core_v_mini_mcu.cpu_subsystem_i.cpu_1_0.rf_ram_i.memory\[469\]\[1\],76.77µm
net1835,76.77µm
_08020_,76.72µm
_11832_,76.72µm
_17460_,76.72µm
_21740_,76.72µm
_21803_,76.72µm
i_core_v_mini_mcu.peripheral_subsystem_i.obi_fifo_i.consumer_state_q,76.72µm
_16131_,76.46µm
clknet_leaf_204_i_core_v_mini_mcu.cpu_subsystem_i.cpu_0_0.clk_i,76.41µm
_06645_,76.36µm
clknet_leaf_196_i_core_v_mini_mcu.cpu_subsystem_i.cpu_0_0.clk_i,76.36µm
_07152_,76.31µm
_17008_,76.31µm
clknet_leaf_108_i_core_v_mini_mcu.cpu_subsystem_i.cpu_1_0.clk_i,76.31µm
i_core_v_mini_mcu.ao_peripheral_subsystem_i.clint_mtime_o\[51\],76.26µm
clknet_leaf_84_i_core_v_mini_mcu.cpu_subsystem_i.cpu_1_0.clk_i,76.26µm
_13119_,76.21µm
_15337_,76.21µm
_19842_,76.21µm
_25924_,76.21µm
i_core_v_mini_mcu.cpu_subsystem_i.cpu_0_0.rf_ram_i.memory\[4\]\[1\],76.21µm
i_core_v_mini_mcu.cpu_subsystem_i.cpu_0_0.rf_ram_i.memory\[65\]\[1\],76.21µm
_05956_,76.16µm
_06688_,76.16µm
_07580_,76.16µm
_08154_,76.16µm
_12560_,76.16µm
_18986_,76.16µm
_21477_,76.16µm
i_core_v_mini_mcu.cpu_subsystem_i.cpu_0_0.i_servile.o_rf_raddr\[0\],76.13µm
_17583_,75.98µm
i_core_v_mini_mcu.cpu_subsystem_i.cpu_1_0.rf_ram_i.memory\[322\]\[1\],75.98µm
_08936_,75.93µm
i_core_v_mini_mcu.ao_peripheral_subsystem_i.mosaic_clint_i.mtimecmp_q\[124\],75.85µm
clknet_leaf_138_clk_i_regs,75.85µm
_09995_,75.8µm
clknet_leaf_8_i_core_v_mini_mcu.cpu_subsystem_i.cpu_1_0.clk_i,75.8µm
_15989_,75.77µm
_07009_,75.75µm
_08421_,75.75µm
_09437_,75.75µm
_15270_,75.75µm
_20619_,75.75µm
_27378_,75.75µm
i_core_v_mini_mcu.peripheral_subsystem_i.uart_i.reg2hw\[16\],75.75µm
clknet_leaf_59_i_core_v_mini_mcu.cpu_subsystem_i.cpu_1_0.clk_i,75.75µm
clknet_leaf_99_i_core_v_mini_mcu.cpu_subsystem_i.cpu_1_0.clk_i,75.75µm
clknet_leaf_166_i_core_v_mini_mcu.cpu_subsystem_i.cpu_1_0.clk_i,75.75µm
_15438_,75.7µm
_16071_,75.7µm
_17075_,75.7µm
_22542_,75.7µm
i_core_v_mini_mcu.cpu_subsystem_i.cpu_0_0.rf_ram_i.memory\[390\]\[1\],75.7µm
clknet_leaf_17_clk_i_regs,75.7µm
clknet_leaf_149_i_core_v_mini_mcu.cpu_subsystem_i.cpu_1_0.clk_i,75.69µm
clknet_leaf_80_i_core_v_mini_mcu.cpu_subsystem_i.cpu_0_0.clk_i,75.69µm
_13006_,75.67µm
_07510_,75.65µm
_08344_,75.65µm
_10391_,75.65µm
_13068_,75.65µm
_13179_,75.65µm
_17455_,75.65µm
_22319_,75.65µm
_25893_,75.65µm
i_core_v_mini_mcu.ao_peripheral_subsystem_i.power_manager_i.power_manager_reg_top_i.cpu_iso_off_counter_qs\[13\],75.65µm
i_core_v_mini_mcu.cpu_subsystem_i.cpu_1_0.rf_ram_i.memory\[473\]\[1\],75.65µm
i_core_v_mini_mcu.peripheral_subsystem_i.uart_i.reg2hw\[8\],75.65µm
_07439_,75.6µm
_09560_,75.6µm
_11781_,75.6µm
_12551_,75.6µm
_13106_,75.6µm
_20252_,75.6µm
_25294_,75.6µm
_25989_,75.6µm
i_core_v_mini_mcu.cpu_subsystem_i.cpu_1_0.rf_ram_i.memory\[360\]\[1\],75.6µm
i_core_v_mini_mcu.cpu_subsystem_i.cpu_1_0.rf_ram_i.memory\[42\]\[0\],75.6µm
_17072_,75.24µm
_23013_,75.24µm
i_core_v_mini_mcu.cpu_subsystem_i.cpu_1_0.rf_ram_i.memory\[294\]\[1\],75.24µm
clknet_leaf_29_i_core_v_mini_mcu.cpu_subsystem_i.cpu_1_0.clk_i,75.24µm
clknet_leaf_211_i_core_v_mini_mcu.cpu_subsystem_i.cpu_0_0.clk_i,75.24µm
_09338_,75.19µm
net1291,75.19µm
clknet_leaf_134_i_core_v_mini_mcu.cpu_subsystem_i.cpu_1_0.clk_i,75.19µm
_08610_,75.14µm
_13180_,75.14µm
_13908_,75.14µm
_17061_,75.14µm
i_core_v_mini_mcu.core_data_req\[90\],75.14µm
i_core_v_mini_mcu.cpu_subsystem_i.cpu_0_0.rf_ram_i.memory\[120\]\[1\],75.14µm
net150,75.14µm
clknet_leaf_69_i_core_v_mini_mcu.cpu_subsystem_i.cpu_1_0.clk_i,75.14µm
_11429_,75.09µm
_15325_,75.09µm
_17053_,75.09µm
_17365_,75.09µm
_17553_,75.09µm
_19109_,75.09µm
_23330_,75.09µm
_24575_,75.09µm
_25384_,75.09µm
i_core_v_mini_mcu.cpu_subsystem_i.cpu_0_0.rf_ram_i.memory\[62\]\[0\],75.09µm
i_core_v_mini_mcu.memory_subsystem_i.ram0_i.tc_ram_i.sram\[26\]\[21\],75.09µm
_05664_,75.04µm
_13845_,75.04µm
_15699_,75.04µm
_21651_,75.04µm
_22483_,75.04µm
_26553_,75.04µm
i_core_v_mini_mcu.core_data_req\[73\],75.04µm
i_core_v_mini_mcu.ao_peripheral_subsystem_i.clint_mtime_o\[26\],74.78µm
clknet_leaf_137_i_core_v_mini_mcu.cpu_subsystem_i.cpu_0_0.clk_i,74.73µm
_10923_,74.68µm
clknet_leaf_56_i_core_v_mini_mcu.cpu_subsystem_i.cpu_0_0.clk_i,74.68µm
_08103_,74.63µm
i_core_v_mini_mcu.ao_peripheral_subsystem_i.power_manager_i.power_manager_reg_top_i.en_wait_for_intr_qs\[11\],74.63µm
net1492,74.63µm
clknet_leaf_168_i_core_v_mini_mcu.cpu_subsystem_i.cpu_1_0.clk_i,74.63µm
_06016_,74.58µm
_06972_,74.58µm
_06976_,74.58µm
_08314_,74.58µm
_08539_,74.58µm
_08852_,74.58µm
_15711_,74.58µm
_17540_,74.58µm
_22533_,74.58µm
i_core_v_mini_mcu.cpu_subsystem_i.cpu_0_0.rf_ram_i.memory\[7\]\[0\],74.58µm
i_core_v_mini_mcu.peripheral_subsystem_i.obi_fifo_i.consumer_data_req\[5\],74.58µm
clknet_leaf_137_i_core_v_mini_mcu.cpu_subsystem_i.cpu_1_0.clk_i,74.58µm
_06850_,74.53µm
_06951_,74.53µm
_09521_,74.53µm
_12952_,74.53µm
_14116_,74.53µm
_14300_,74.53µm
_18084_,74.53µm
_23665_,74.53µm
i_core_v_mini_mcu.ao_peripheral_subsystem_i.mosaic_clint_i.mtimecmp_q\[102\],74.53µm
i_core_v_mini_mcu.cpu_subsystem_i.cpu_0_0.i_servile.cpu.gen_csr.csr.o_new_irq,74.53µm
i_core_v_mini_mcu.cpu_subsystem_i.cpu_0_0.rf_ram_i.memory\[64\]\[0\],74.53µm
i_core_v_mini_mcu.cpu_subsystem_i.cpu_0_0.rf_ram_i.memory\[69\]\[0\],74.53µm
clknet_leaf_30_i_core_v_mini_mcu.cpu_subsystem_i.cpu_1_0.clk_i,74.53µm
_07308_,74.48µm
_13042_,74.48µm
_17024_,74.48µm
i_core_v_mini_mcu.peripheral_subsystem_i.uart_i.reg2hw\[9\],74.17µm
net164,74.17µm
i_core_v_mini_mcu.ao_peripheral_subsystem_i.clint_mtime_o\[18\],74.12µm
clknet_leaf_60_i_core_v_mini_mcu.cpu_subsystem_i.cpu_1_0.clk_i,74.12µm
_26125_,74.07µm
i_core_v_mini_mcu.ao_peripheral_subsystem_i.power_manager_i.power_manager_reg_top_i.cpu_counters_stop_cpu_reset_assert_stop_bit_counter_qs,74.07µm
clknet_leaf_130_i_core_v_mini_mcu.cpu_subsystem_i.cpu_1_0.clk_i,74.07µm
clknet_leaf_150_i_core_v_mini_mcu.cpu_subsystem_i.cpu_0_0.clk_i,74.07µm
_12913_,74.02µm
_21207_,74.02µm
_22516_,74.02µm
clknet_leaf_13_i_core_v_mini_mcu.cpu_subsystem_i.cpu_1_0.clk_i,74.02µm
_08078_,73.97µm
_11393_,73.97µm
_15519_,73.97µm
_17025_,73.97µm
_26433_,73.97µm
i_core_v_mini_mcu.core_data_req\[71\],73.97µm
clknet_leaf_178_i_core_v_mini_mcu.cpu_subsystem_i.cpu_0_0.clk_i,73.97µm
clknet_leaf_51_i_core_v_mini_mcu.cpu_subsystem_i.cpu_0_0.clk_i,73.94µm
_05557_,73.92µm
_06065_,73.92µm
_15327_,73.92µm
_16893_,73.92µm
_23151_,73.92µm
_26203_,73.92µm
_27643_,73.92µm
net1329,73.92µm
_06363_,73.84µm
i_core_v_mini_mcu.cpu_subsystem_i.cpu_1_0.rf_ram_i.memory\[46\]\[1\],73.69µm
_09803_,73.66µm
_27575_,73.66µm
clknet_leaf_1_i_core_v_mini_mcu.cpu_subsystem_i.cpu_0_0.clk_i,73.66µm
i_core_v_mini_mcu.ao_peripheral_subsystem_i.power_manager_i.power_manager_reg_top_i.cpu_reset_deassert_counter_qs\[3\],73.61µm
clknet_leaf_38_i_core_v_mini_mcu.cpu_subsystem_i.cpu_1_0.clk_i,73.61µm
_14696_,73.56µm
_25539_,73.56µm
clknet_leaf_58_clk_i_regs,73.56µm
clknet_leaf_158_i_core_v_mini_mcu.cpu_subsystem_i.cpu_1_0.clk_i,73.56µm
clknet_leaf_91_i_core_v_mini_mcu.cpu_subsystem_i.cpu_0_0.clk_i,73.56µm
i_core_v_mini_mcu.cpu_subsystem_i.cpu_0_0.rf_ram_i.memory\[116\]\[0\],73.51µm
net147,73.51µm
_09983_,73.46µm
_12258_,73.46µm
_16200_,73.46µm
_17995_,73.46µm
_24234_,73.46µm
_24624_,73.46µm
_27040_,73.46µm
i_core_v_mini_mcu.ao_peripheral_subsystem_i.tdu_i.cpi_est_q\[35\],73.46µm
i_core_v_mini_mcu.cpu_subsystem_i.cpu_0_0.rf_ram_i.memory\[384\]\[0\],73.46µm
i_core_v_mini_mcu.cpu_subsystem_i.cpu_0_0.rf_ram_i.memory\[63\]\[1\],73.46µm
i_core_v_mini_mcu.memory_subsystem_i.ram0_i.tc_ram_i.sram\[11\]\[12\],73.46µm
_06662_,73.41µm
_07350_,73.41µm
_10896_,73.41µm
_14255_,73.41µm
_17433_,73.41µm
_22097_,73.41µm
_23117_,73.41µm
_24985_,73.41µm
_26005_,73.41µm
_26278_,73.41µm
i_core_v_mini_mcu.ao_peripheral_subsystem_i.power_manager_i.power_manager_reg_top_i.cpu_iso_on_counter_qs\[0\],73.41µm
i_core_v_mini_mcu.ao_peripheral_subsystem_i.power_manager_i.power_manager_reg_top_i.global_pointer_qs\[0\],73.41µm
i_core_v_mini_mcu.cpu_subsystem_i.cpu_1_0.rf_ram_i.memory\[32\]\[0\],73.41µm
_06386_,73.36µm
_06531_,73.36µm
_08721_,73.36µm
_11742_,73.36µm
_15387_,73.36µm
_15407_,73.36µm
_17538_,73.36µm
_22787_,73.36µm
_24526_,73.36µm
_27372_,73.36µm
i_core_v_mini_mcu.cpu_subsystem_i.cpu_1_0.rf_ram_i.memory\[477\]\[1\],73.18µm
clknet_leaf_49_i_core_v_mini_mcu.cpu_subsystem_i.cpu_0_0.clk_i,73.15µm
_17430_,73µm
_21608_,73µm
clknet_leaf_82_i_core_v_mini_mcu.cpu_subsystem_i.cpu_1_0.clk_i,73µm
_21515_,72.95µm
_23362_,72.95µm
i_core_v_mini_mcu.ao_peripheral_subsystem_i.mosaic_clint_i.mtimecmp_q\[109\],72.95µm
net1413,72.95µm
_16187_,72.9µm
_21379_,72.9µm
_22772_,72.9µm
i_core_v_mini_mcu.cpu_subsystem_i.cpu_1_0.rf_ram_i.memory\[42\]\[1\],72.9µm
clknet_leaf_146_i_core_v_mini_mcu.cpu_subsystem_i.cpu_0_0.clk_i,72.9µm
_07856_,72.85µm
_09491_,72.85µm
_09869_,72.85µm
_13467_,72.85µm
_13517_,72.85µm
_16827_,72.85µm
_17425_,72.85µm
_19777_,72.85µm
_23873_,72.85µm
i_core_v_mini_mcu.peripheral_subsystem_i.uart_i.reg2hw\[33\],72.85µm
net1934,72.85µm
_05651_,72.8µm
_13027_,72.8µm
_17544_,72.8µm
_27639_,72.8µm
_20646_,72.62µm
i_core_v_mini_mcu.ao_peripheral_subsystem_i.obi_fifo_i.consumer_data_req\[12\],72.62µm
i_core_v_mini_mcu.cpu_subsystem_i.cpu_1_0.i_servile.cpu.immdec.gen_immdec_w_eq_1.imm11_7\[0\],72.54µm
_23128_,72.49µm
clknet_leaf_30_i_core_v_mini_mcu.cpu_subsystem_i.cpu_0_0.clk_i,72.44µm
_17030_,72.41µm
_05464_,72.39µm
_05635_,72.39µm
_15172_,72.39µm
_21462_,72.39µm
i_core_v_mini_mcu.ao_peripheral_subsystem_i.power_manager_i.power_manager_reg_top_i.periph_wait_ack_switch_on_qs,72.39µm
i_core_v_mini_mcu.cpu_subsystem_i.cpu_0_0.rf_ram_i.memory\[117\]\[0\],72.39µm
clknet_leaf_146_i_core_v_mini_mcu.cpu_subsystem_i.cpu_1_0.clk_i,72.39µm
_07681_,72.34µm
_07736_,72.34µm
_10363_,72.34µm
_10815_,72.34µm
_17295_,72.34µm
_17440_,72.34µm
_22887_,72.34µm
_27346_,72.34µm
i_core_v_mini_mcu.ao_peripheral_subsystem_i.spi_subsystem_i.obi_spimemio_i.spimemio_i.din_data\[2\],72.34µm
i_core_v_mini_mcu.cpu_subsystem_i.cpu_0_0.rf_ram_i.memory\[82\]\[1\],72.34µm
i_core_v_mini_mcu.cpu_subsystem_i.cpu_1_0.rf_ram_i.memory\[446\]\[0\],72.34µm
net1466,72.34µm
clknet_leaf_26_i_core_v_mini_mcu.cpu_subsystem_i.cpu_0_0.clk_i,72.34µm
net1870,72.34µm
_06323_,72.29µm
_07085_,72.29µm
_12225_,72.29µm
_15933_,72.29µm
_16143_,72.29µm
_16159_,72.29µm
_17621_,72.29µm
_21095_,72.29µm
_21175_,72.29µm
_26611_,72.29µm
i_core_v_mini_mcu.ao_peripheral_subsystem_i.power_manager_i.power_manager_reg_top_i.monitor_power_gate_ram_block_0_qs\[1\],72.29µm
i_core_v_mini_mcu.cpu_subsystem_i.cpu_1_0.rf_ram_i.memory\[44\]\[1\],72.29µm
delaynet_0_clk_i,72.29µm
_07790_,72.24µm
_08104_,72.24µm
_08453_,72.24µm
_12392_,72.24µm
_12554_,72.24µm
_12869_,72.24µm
_22754_,72.24µm
_23155_,72.24µm
_26979_,72.24µm
_27391_,72.24µm
i_core_v_mini_mcu.cpu_subsystem_i.cpu_0_0.rf_ram_i.memory\[68\]\[0\],72.24µm
clknet_leaf_161_i_core_v_mini_mcu.cpu_subsystem_i.cpu_1_0.clk_i,72.24µm
i_core_v_mini_mcu.ao_peripheral_subsystem_i.tdu_i.task_mem\[3\]\[11\],72.23µm
_18650_,72.03µm
i_core_v_mini_mcu.cpu_subsystem_i.cpu_1_0.rf_ram_i.memory\[399\]\[1\],71.96µm
_15637_,71.92µm
i_core_v_mini_mcu.cpu_subsystem_i.cpu_1_0.rf_ram_i.memory\[322\]\[0\],71.92µm
_14639_,71.88µm
i_core_v_mini_mcu.cpu_subsystem_i.cpu_0_0.rf_ram_i.memory\[350\]\[1\],71.88µm
_06265_,71.83µm
_06721_,71.83µm
_14327_,71.83µm
_20566_,71.83µm
clknet_leaf_107_i_core_v_mini_mcu.cpu_subsystem_i.cpu_0_0.clk_i,71.83µm
_05514_,71.78µm
_09079_,71.78µm
i_core_v_mini_mcu.ao_peripheral_subsystem_i.power_manager_i.power_manager_reg_top_i.cpu_iso_on_counter_qs\[9\],71.78µm
_09261_,71.73µm
_11184_,71.73µm
_15206_,71.73µm
_20016_,71.73µm
_21057_,71.73µm
_22042_,71.73µm
_26133_,71.73µm
i_core_v_mini_mcu.ao_peripheral_subsystem_i.tdu_i.task_mem\[4\]\[4\],71.73µm
i_core_v_mini_mcu.cpu_subsystem_i.cpu_1_0.rf_ram_i.memory\[32\]\[1\],71.73µm
i_core_v_mini_mcu.cpu_subsystem_i.cpu_1_0.rf_ram_i.memory\[41\]\[0\],71.73µm
clknet_leaf_128_i_core_v_mini_mcu.cpu_subsystem_i.cpu_0_0.clk_i,71.73µm
_07012_,71.68µm
_12519_,71.68µm
_12767_,71.68µm
_15431_,71.68µm
_22531_,71.68µm
_23938_,71.68µm
i_core_v_mini_mcu.cpu_subsystem_i.cpu_0_0.rf_ram_i.memory\[320\]\[1\],71.68µm
i_core_v_mini_mcu.peripheral_subsystem_i.uart_i.reg2hw\[25\],71.6µm
clknet_leaf_20_i_core_v_mini_mcu.cpu_subsystem_i.cpu_1_0.clk_i,71.47µm
_23166_,71.45µm
_24309_,71.4µm
clknet_leaf_119_i_core_v_mini_mcu.cpu_subsystem_i.cpu_1_0.clk_i,71.37µm
clknet_leaf_6_i_core_v_mini_mcu.cpu_subsystem_i.cpu_0_0.clk_i,71.37µm
_05521_,71.27µm
_06612_,71.27µm
_09226_,71.27µm
_09440_,71.27µm
_16294_,71.27µm
i_core_v_mini_mcu.ao_peripheral_subsystem_i.power_manager_i.power_manager_reg_top_i.cpu_reset_assert_counter_qs\[3\],71.27µm
_27001_,71.22µm
i_core_v_mini_mcu.ao_peripheral_subsystem_i.mosaic_clint_i.mtimecmp_q\[118\],71.22µm
clknet_leaf_41_i_core_v_mini_mcu.cpu_subsystem_i.cpu_1_0.clk_i,71.22µm
_07957_,71.17µm
_12230_,71.17µm
_12531_,71.17µm
_15696_,71.17µm
_16006_,71.17µm
_16928_,71.17µm
_16991_,71.17µm
_16998_,71.17µm
_17464_,71.17µm
_17552_,71.17µm
_23222_,71.17µm
_24891_,71.17µm
_26391_,71.17µm
i_core_v_mini_mcu.ao_peripheral_subsystem_i.mosaic_clint_i.mtimecmp_q\[28\],71.17µm
i_core_v_mini_mcu.ao_peripheral_subsystem_i.tdu_i.task_mem\[7\]\[11\],71.17µm
i_core_v_mini_mcu.cpu_subsystem_i.cpu_0_0.rf_ram_i.memory\[41\]\[0\],71.17µm
i_core_v_mini_mcu.cpu_subsystem_i.cpu_1_0.rf_ram_i.memory\[470\]\[0\],71.17µm
_07007_,71.12µm
_08486_,71.12µm
_20523_,71.12µm
_22026_,71.12µm
i_core_v_mini_mcu.cpu_subsystem_i.cpu_0_0.rf_ram_i.memory\[347\]\[1\],71.12µm
_08604_,71.09µm
_08877_,70.99µm
_06812_,70.94µm
i_core_v_mini_mcu.cpu_subsystem_i.cpu_0_0.rf_ram_i.memory\[399\]\[0\],70.84µm
i_core_v_mini_mcu.cpu_subsystem_i.cpu_0_0.rf_ram_i.memory\[6\]\[0\],70.84µm
i_core_v_mini_mcu.ao_peripheral_subsystem_i.mosaic_clint_i.mtimecmp_q\[65\],70.81µm
net1520,70.81µm
clknet_leaf_86_i_core_v_mini_mcu.cpu_subsystem_i.cpu_0_0.clk_i,70.81µm
_09076_,70.76µm
_08581_,70.71µm
_15064_,70.71µm
_17311_,70.71µm
i_core_v_mini_mcu.ao_peripheral_subsystem_i.mosaic_clint_i.mtimecmp_q\[119\],70.71µm
i_core_v_mini_mcu.ao_peripheral_subsystem_i.spi_subsystem_i.obi_spimemio_i.obi_to_picorv32_i.obi_resp_o\[16\],70.71µm
i_core_v_mini_mcu.peripheral_subsystem_i.periph_to_reg_i.r_rdata_d\[5\],70.71µm
net1975,70.71µm
_07503_,70.66µm
_09652_,70.66µm
_16905_,70.66µm
_17336_,70.66µm
_23237_,70.66µm
_27049_,70.66µm
i_core_v_mini_mcu.cpu_subsystem_i.cpu_1_0.rf_ram_i.memory\[334\]\[1\],70.66µm
_09641_,70.61µm
_10881_,70.61µm
_15413_,70.61µm
_16205_,70.61µm
_21701_,70.61µm
_06648_,70.56µm
_11352_,70.56µm
_15415_,70.56µm
_23768_,70.56µm
i_core_v_mini_mcu.cpu_subsystem_i.cpu_0_0.rf_ram_i.memory\[80\]\[1\],70.56µm
i_core_v_mini_mcu.cpu_subsystem_i.cpu_1_0.rf_ram_i.memory\[28\]\[0\],70.56µm
i_core_v_mini_mcu.cpu_subsystem_i.cpu_1_0.rf_ram_i.memory\[478\]\[0\],70.56µm
net1932,70.38µm
_09987_,70.25µm
clknet_leaf_45_i_core_v_mini_mcu.cpu_subsystem_i.cpu_1_0.clk_i,70.25µm
_19851_,70.2µm
_06787_,70.15µm
_13192_,70.15µm
_25521_,70.15µm
_26623_,70.15µm
i_core_v_mini_mcu.ao_peripheral_subsystem_i.clint_mtime_o\[52\],70.15µm
clknet_leaf_12_i_core_v_mini_mcu.cpu_subsystem_i.cpu_1_0.clk_i,70.15µm
_05481_,70.1µm
_09361_,70.1µm
_13632_,70.1µm
_22698_,70.1µm
_22783_,70.1µm
_23649_,70.1µm
_24289_,70.1µm
i_core_v_mini_mcu.ao_peripheral_subsystem_i.clint_mtime_o\[9\],70.1µm
net329,70.1µm
_06607_,70.05µm
_08268_,70.05µm
_08366_,70.05µm
_15754_,70.05µm
_16423_,70.05µm
_16906_,70.05µm
_16946_,70.05µm
_17038_,70.05µm
_20567_,70.05µm
_21291_,70.05µm
_22086_,70.05µm
i_core_v_mini_mcu.ao_peripheral_subsystem_i.mosaic_clint_i.mtimecmp_q\[112\],70.05µm
_08150_,70µm
_08693_,70µm
_11378_,70µm
_16126_,70µm
_18265_,70µm
_21758_,70µm
_25435_,70µm
_25734_,70µm
_26492_,70µm
_27188_,70µm
i_core_v_mini_mcu.ao_peripheral_subsystem_i.obi_fifo_i.consumer_data_req\[30\],70µm
i_core_v_mini_mcu.cpu_subsystem_i.cpu_1_0.rf_ram_i.memory\[445\]\[1\],70µm
net303,70µm
clknet_leaf_75_i_core_v_mini_mcu.cpu_subsystem_i.cpu_0_0.clk_i,69.79µm
i_core_v_mini_mcu.cpu_subsystem_i.cpu_1_0.rf_ram_i.memory\[46\]\[0\],69.72µm
clknet_leaf_173_i_core_v_mini_mcu.cpu_subsystem_i.cpu_1_0.clk_i,69.69µm
clknet_leaf_11_i_core_v_mini_mcu.cpu_subsystem_i.cpu_0_0.clk_i,69.69µm
clknet_leaf_35_i_core_v_mini_mcu.cpu_subsystem_i.cpu_0_0.clk_i,69.69µm
_05474_,69.64µm
_09438_,69.64µm
_22530_,69.64µm
clknet_leaf_23_i_core_v_mini_mcu.cpu_subsystem_i.cpu_1_0.clk_i,69.64µm
_06446_,69.59µm
_25504_,69.59µm
i_core_v_mini_mcu.cpu_subsystem_i.cpu_0_0.rf_ram_i.memory\[60\]\[1\],69.59µm
i_core_v_mini_mcu.cpu_subsystem_i.cpu_1_0.i_servile.rf_ram_if.rtrig0,69.59µm
net1513,69.59µm
clknet_leaf_153_i_core_v_mini_mcu.cpu_subsystem_i.cpu_1_0.clk_i,69.59µm
_17178_,69.54µm
_22850_,69.54µm
i_core_v_mini_mcu.ao_peripheral_subsystem_i.obi_fifo_i.consumer_data_req\[19\],69.54µm
i_core_v_mini_mcu.cpu_subsystem_i.cpu_0_0.i_servile.cpu.ctrl.o_ibus_adr\[21\],69.54µm
i_core_v_mini_mcu.cpu_subsystem_i.cpu_1_0.rf_ram_i.memory\[40\]\[0\],69.54µm
i_core_v_mini_mcu.peripheral_subsystem_i.obi_fifo_i.consumer_data_req\[37\],69.54µm
_09066_,69.49µm
_14742_,69.49µm
_14884_,69.49µm
_17268_,69.49µm
_17543_,69.49µm
i_core_v_mini_mcu.ao_peripheral_subsystem_i.mosaic_clint_i.mtimecmp_q\[97\],69.49µm
i_core_v_mini_mcu.ao_peripheral_subsystem_i.tdu_i.task_mem\[5\]\[5\],69.49µm
i_core_v_mini_mcu.cpu_subsystem_i.cpu_1_0.rf_ram_i.memory\[10\]\[1\],69.49µm
i_core_v_mini_mcu.peripheral_subsystem_i.obi_fifo_i.consumer_resp_i\[17\],69.49µm
net1393,69.49µm
clknet_leaf_37_i_core_v_mini_mcu.cpu_subsystem_i.cpu_0_0.clk_i,69.49µm
_08045_,69.44µm
_09611_,69.44µm
_15459_,69.44µm
_22233_,69.44µm
_25947_,69.44µm
i_core_v_mini_mcu.ao_peripheral_subsystem_i.power_manager_i.power_manager_sequence_periph_switch_i.sequence_curr_state\[2\],69.44µm
i_core_v_mini_mcu.cpu_subsystem_i.cpu_0_0.i_servile.cpu.bufreg.data\[1\],69.44µm
i_core_v_mini_mcu.cpu_subsystem_i.cpu_0_0.rf_ram_i.memory\[423\]\[0\],69.44µm
i_core_v_mini_mcu.cpu_subsystem_i.cpu_1_0.rf_ram_i.memory\[169\]\[0\],69.44µm
i_core_v_mini_mcu.cpu_subsystem_i.cpu_1_0.rf_ram_i.memory\[191\]\[1\],69.31µm
_15993_,69.29µm
_08849_,69.13µm
_27238_,69.13µm
_07378_,69.08µm
clknet_leaf_202_i_core_v_mini_mcu.cpu_subsystem_i.cpu_0_0.clk_i,69.08µm
_05637_,69.03µm
_06530_,69.03µm
_16153_,69.03µm
net1418,69.03µm
clknet_leaf_24_i_core_v_mini_mcu.cpu_subsystem_i.cpu_1_0.clk_i,69.03µm
clknet_leaf_143_i_core_v_mini_mcu.cpu_subsystem_i.cpu_1_0.clk_i,69.03µm
_10689_,68.98µm
_15303_,68.98µm
_16025_,68.98µm
_17570_,68.98µm
i_core_v_mini_mcu.memory_subsystem_i.ram0_i.tc_ram_i.sram\[14\]\[30\],68.98µm
clknet_leaf_105_i_core_v_mini_mcu.cpu_subsystem_i.cpu_0_0.clk_i,68.98µm
_17478_,68.95µm
_06284_,68.93µm
_15319_,68.93µm
_16010_,68.93µm
_19922_,68.93µm
_20983_,68.93µm
_22841_,68.93µm
_24443_,68.93µm
i_core_v_mini_mcu.cpu_subsystem_i.cpu_1_0.rf_ram_i.memory\[262\]\[0\],68.93µm
clknet_leaf_208_i_core_v_mini_mcu.cpu_subsystem_i.cpu_0_0.clk_i,68.93µm
_11068_,68.88µm
_12300_,68.88µm
_13286_,68.88µm
_15427_,68.88µm
_16981_,68.88µm
_21261_,68.88µm
_25293_,68.88µm
i_core_v_mini_mcu.cpu_subsystem_i.cpu_0_0.rf_ram_i.memory\[118\]\[0\],68.88µm
i_core_v_mini_mcu.cpu_subsystem_i.cpu_0_0.rf_ram_i.memory\[62\]\[1\],68.88µm
net1900,68.88µm
_17951_,68.62µm
i_core_v_mini_mcu.cpu_subsystem_i.cpu_1_0.rf_ram_i.memory\[328\]\[0\],68.6µm
_16499_,68.57µm
_17280_,68.52µm
i_core_v_mini_mcu.ao_peripheral_subsystem_i.mosaic_clint_i.mtimecmp_q\[111\],68.52µm
_07411_,68.47µm
_07706_,68.47µm
_08378_,68.47µm
_09644_,68.47µm
_10165_,68.47µm
_16011_,68.47µm
_17283_,68.47µm
i_core_v_mini_mcu.ao_peripheral_subsystem_i.clint_mtime_o\[12\],68.47µm
clknet_leaf_115_i_core_v_mini_mcu.cpu_subsystem_i.cpu_0_0.clk_i,68.47µm
_03936_,68.42µm
_06451_,68.42µm
_07102_,68.42µm
_09788_,68.42µm
_12276_,68.42µm
_17001_,68.42µm
_17308_,68.42µm
_27207_,68.42µm
_07105_,68.37µm
_08008_,68.37µm
_10271_,68.37µm
_10720_,68.37µm
_11896_,68.37µm
_15321_,68.37µm
_16030_,68.37µm
_16223_,68.37µm
_17532_,68.37µm
_20191_,68.37µm
_12404_,68.32µm
_15343_,68.32µm
_16909_,68.32µm
_17477_,68.32µm
_22725_,68.32µm
i_core_v_mini_mcu.cpu_subsystem_i.cpu_1_0.rf_ram_i.memory\[327\]\[0\],68.32µm
i_core_v_mini_mcu.peripheral_subsystem_i.uart_i.uart_core.tx_uart_idle,68.32µm
_13591_,68.22µm
i_core_v_mini_mcu.cpu_subsystem_i.cpu_1_0.i_servile.cpu.immdec.gen_immdec_w_eq_1.imm11_7\[3\],68.09µm
clknet_leaf_138_i_core_v_mini_mcu.cpu_subsystem_i.cpu_1_0.clk_i,68.01µm
_11415_,67.96µm
_13828_,67.96µm
_14304_,67.91µm
_17545_,67.91µm
clknet_leaf_86_i_core_v_mini_mcu.cpu_subsystem_i.cpu_1_0.clk_i,67.91µm
clknet_leaf_18_i_core_v_mini_mcu.cpu_subsystem_i.cpu_0_0.clk_i,67.91µm
_07352_,67.86µm
_09383_,67.86µm
_21978_,67.86µm
i_core_v_mini_mcu.ao_peripheral_subsystem_i.mosaic_clint_i.mtimecmp_q\[101\],67.86µm
i_core_v_mini_mcu.peripheral_subsystem_i.uart_i.uart_core.rx_sync,67.86µm
clknet_leaf_4_i_core_v_mini_mcu.cpu_subsystem_i.cpu_0_0.clk_i,67.86µm
_08250_,67.81µm
_12231_,67.81µm
_12264_,67.81µm
_14500_,67.81µm
_19848_,67.81µm
_21410_,67.81µm
i_core_v_mini_mcu.ao_peripheral_subsystem_i.clint_mtime_o\[48\],67.81µm
i_core_v_mini_mcu.ao_peripheral_subsystem_i.power_manager_i.power_manager_reg_top_i.intr_state_qs\[12\],67.81µm
net8,67.81µm
clknet_leaf_115_i_core_v_mini_mcu.cpu_subsystem_i.cpu_1_0.clk_i,67.81µm
clknet_leaf_133_i_core_v_mini_mcu.cpu_subsystem_i.cpu_0_0.clk_i,67.81µm
_06262_,67.76µm
_06789_,67.76µm
_07249_,67.76µm
_07545_,67.76µm
_13578_,67.76µm
_17015_,67.76µm
_25130_,67.76µm
_26106_,67.76µm
_27209_,67.76µm
i_core_v_mini_mcu.cpu_subsystem_i.cpu_0_0.rf_ram_i.memory\[61\]\[0\],67.76µm
_18692_,67.55µm
_06508_,67.51µm
_21056_,67.45µm
_06996_,67.35µm
_15689_,67.35µm
_27118_,67.35µm
i_core_v_mini_mcu.cpu_subsystem_i.cpu_0_0.rf_ram_i.memory\[117\]\[1\],67.35µm
clknet_leaf_82_i_core_v_mini_mcu.cpu_subsystem_i.cpu_0_0.clk_i,67.35µm
net1861,67.35µm
_06382_,67.3µm
_07415_,67.3µm
_16783_,67.3µm
_22571_,67.3µm
i_core_v_mini_mcu.cpu_subsystem_i.cpu_0_0.rf_ram_i.memory\[6\]\[1\],67.3µm
i_core_v_mini_mcu.cpu_subsystem_i.cpu_1_0.rf_ram_i.memory\[8\]\[0\],67.3µm
net1289,67.3µm
clknet_leaf_118_i_core_v_mini_mcu.cpu_subsystem_i.cpu_1_0.clk_i,67.3µm
net1873,67.3µm
_07248_,67.25µm
_09677_,67.25µm
_13265_,67.25µm
_16186_,67.25µm
_16993_,67.25µm
_17027_,67.25µm
_17426_,67.25µm
_17573_,67.25µm
_22847_,67.25µm
i_core_v_mini_mcu.cpu_subsystem_i.cpu_1_0.rf_ram_i.memory\[435\]\[0\],67.25µm
i_core_v_mini_mcu.cpu_subsystem_i.cpu_1_0.rf_ram_i.memory\[45\]\[0\],67.25µm
net1878,67.25µm
_07758_,67.2µm
_07908_,67.2µm
_12139_,67.2µm
_12827_,67.2µm
_20531_,67.2µm
_22283_,67.2µm
i_core_v_mini_mcu.cpu_subsystem_i.cpu_1_0.rf_ram_i.memory\[0\]\[0\],67.2µm
_22040_,67.12µm
i_core_v_mini_mcu.cpu_subsystem_i.cpu_1_0.rf_ram_i.memory\[386\]\[0\],67.02µm
clknet_leaf_97_i_core_v_mini_mcu.cpu_subsystem_i.cpu_1_0.clk_i,66.99µm
_05733_,66.89µm
_15462_,66.89µm
_27289_,66.89µm
clknet_leaf_148_i_core_v_mini_mcu.cpu_subsystem_i.cpu_0_0.clk_i,66.89µm
_06556_,66.84µm
_05745_,66.79µm
_10022_,66.79µm
clknet_leaf_95_i_core_v_mini_mcu.cpu_subsystem_i.cpu_0_0.clk_i,66.79µm
_14725_,66.74µm
_23824_,66.74µm
i_core_v_mini_mcu.ao_peripheral_subsystem_i.tdu_i.task_mem\[2\]\[3\],66.74µm
clknet_leaf_4_i_core_v_mini_mcu.cpu_subsystem_i.cpu_1_0.clk_i,66.74µm
_05911_,66.69µm
_12530_,66.69µm
_16964_,66.69µm
_17032_,66.69µm
_20171_,66.69µm
_24265_,66.69µm
_24691_,66.69µm
_26197_,66.69µm
_26540_,66.69µm
i_core_v_mini_mcu.cpu_subsystem_i.cpu_0_0.i_servile.arbiter.i_wb_cpu_dbus_adr\[16\],66.69µm
i_core_v_mini_mcu.cpu_subsystem_i.cpu_1_0.rf_ram_i.memory\[288\]\[1\],66.69µm
clknet_leaf_173_i_core_v_mini_mcu.cpu_subsystem_i.cpu_0_0.clk_i,66.69µm
_16630_,66.64µm
_16890_,66.64µm
_17572_,66.64µm
_20081_,66.64µm
_26119_,66.64µm
i_core_v_mini_mcu.ao_peripheral_subsystem_i.tdu_i.task_mem\[5\]\[3\],66.64µm
i_core_v_mini_mcu.memory_subsystem_i.ram0_i.tc_ram_i.r_addr_q\[3\],66.64µm
_15457_,66.57µm
_16528_,66.56µm
_26100_,66.4µm
clknet_leaf_44_i_core_v_mini_mcu.cpu_subsystem_i.cpu_1_0.clk_i,66.38µm
clknet_leaf_76_i_core_v_mini_mcu.cpu_subsystem_i.cpu_0_0.clk_i,66.33µm
_08561_,66.28µm
_06558_,66.23µm
_07541_,66.23µm
_14199_,66.23µm
_15492_,66.23µm
_16686_,66.23µm
i_core_v_mini_mcu.ao_peripheral_subsystem_i.clint_mtime_o\[55\],66.23µm
i_core_v_mini_mcu.cpu_subsystem_i.cpu_1_0.rf_ram_i.memory\[479\]\[1\],66.23µm
_23907_,66.18µm
i_core_v_mini_mcu.peripheral_subsystem_i.uart_i.hw2reg\[0\],66.18µm
clknet_leaf_156_i_core_v_mini_mcu.cpu_subsystem_i.cpu_1_0.clk_i,66.18µm
clknet_leaf_193_i_core_v_mini_mcu.cpu_subsystem_i.cpu_0_0.clk_i,66.18µm
net1747,66.18µm
_06319_,66.13µm
_17992_,66.13µm
_24521_,66.13µm
i_core_v_mini_mcu.ao_peripheral_subsystem_i.obi_fifo_i.consumer_resp_i\[17\],66.13µm
i_core_v_mini_mcu.cpu_subsystem_i.cpu_1_0.i_servile.cpu.dbus_en,66.13µm
_05751_,66.08µm
_06273_,66.08µm
_07386_,66.08µm
_10916_,66.08µm
_11179_,66.08µm
_16996_,66.08µm
_19808_,66.08µm
_23137_,66.08µm
_25429_,66.08µm
_26777_,66.08µm
i_core_v_mini_mcu.cpu_subsystem_i.cpu_1_0.rf_ram_i.memory\[2\]\[1\],66.08µm
i_core_v_mini_mcu.cpu_subsystem_i.cpu_1_0.rf_ram_i.memory\[391\]\[1\],66.08µm
clknet_leaf_15_i_core_v_mini_mcu.cpu_subsystem_i.cpu_1_0.clk_i,65.9µm
i_core_v_mini_mcu.cpu_subsystem_i.cpu_0_0.i_servile.cpu.csr_en,65.77µm
clknet_leaf_192_i_core_v_mini_mcu.cpu_subsystem_i.cpu_0_0.clk_i,65.77µm
_18296_,65.72µm
i_core_v_mini_mcu.ao_peripheral_subsystem_i.power_manager_i.power_manager_reg_top_i.en_wait_for_intr_qs\[21\],65.72µm
clknet_leaf_89_i_core_v_mini_mcu.cpu_subsystem_i.cpu_1_0.clk_i,65.72µm
_13911_,65.67µm
_22000_,65.67µm
_26180_,65.67µm
clknet_leaf_25_i_core_v_mini_mcu.peripheral_subsystem_i.clk_cg,65.67µm
clknet_leaf_101_i_core_v_mini_mcu.cpu_subsystem_i.cpu_0_0.clk_i,65.67µm
clknet_leaf_145_i_core_v_mini_mcu.cpu_subsystem_i.cpu_0_0.clk_i,65.67µm
_12403_,65.62µm
_13598_,65.62µm
_21908_,65.62µm
_22521_,65.62µm
net122,65.62µm
clknet_leaf_20_i_core_v_mini_mcu.cpu_subsystem_i.cpu_0_0.clk_i,65.62µm
clknet_leaf_93_i_core_v_mini_mcu.cpu_subsystem_i.cpu_0_0.clk_i,65.62µm
_03716_,65.57µm
_08357_,65.57µm
_09282_,65.57µm
_13663_,65.57µm
_13965_,65.57µm
_16171_,65.57µm
_16517_,65.57µm
_18192_,65.57µm
_22245_,65.57µm
_26995_,65.57µm
i_core_v_mini_mcu.cpu_subsystem_i.cpu_0_0.rf_ram_i.memory\[121\]\[1\],65.57µm
i_core_v_mini_mcu.cpu_subsystem_i.cpu_1_0.rf_ram_i.memory\[324\]\[1\],65.57µm
i_core_v_mini_mcu.cpu_subsystem_i.cpu_1_0.rf_ram_i.memory\[395\]\[0\],65.57µm
_07761_,65.52µm
_11428_,65.52µm
_11505_,65.52µm
_14676_,65.52µm
_19704_,65.52µm
_22408_,65.52µm
_25567_,65.52µm
_26253_,65.52µm
_27434_,65.52µm
_14613_,65.3µm
i_core_v_mini_mcu.cpu_subsystem_i.cpu_1_0.rf_ram_i.memory\[385\]\[0\],65.29µm
i_core_v_mini_mcu.ao_peripheral_subsystem_i.power_manager_i.power_manager_reg_top_i.global_pointer_qs\[14\],65.26µm
_13635_,65.21µm
_05868_,65.11µm
_09178_,65.11µm
_16871_,65.11µm
clknet_leaf_98_i_core_v_mini_mcu.cpu_subsystem_i.cpu_0_0.clk_i,65.11µm
_11236_,65.06µm
i_core_v_mini_mcu.ao_peripheral_subsystem_i.power_manager_i.power_manager_counter_sequence_cpu_reset_i.sequence_curr_state\[4\],65.06µm
i_core_v_mini_mcu.cpu_subsystem_i.cpu_1_0.rf_ram_i.memory\[18\]\[1\],65.06µm
i_core_v_mini_mcu.memory_subsystem_i.ram0_i.tc_ram_i.sram\[1\]\[1\],65.06µm
clknet_leaf_57_i_core_v_mini_mcu.cpu_subsystem_i.cpu_1_0.clk_i,65.06µm
clknet_leaf_136_i_core_v_mini_mcu.cpu_subsystem_i.cpu_1_0.clk_i,65.06µm
i_core_v_mini_mcu.cpu_subsystem_i.cpu_1_0.rf_ram_i.memory\[389\]\[0\],65.05µm
_06919_,65.01µm
_09384_,65.01µm
_10926_,65.01µm
_11362_,65.01µm
_12920_,65.01µm
_16179_,65.01µm
_16949_,65.01µm
_24843_,65.01µm
_25964_,65.01µm
i_core_v_mini_mcu.cpu_subsystem_i.cpu_0_0.rf_ram_i.memory\[348\]\[0\],65.01µm
i_core_v_mini_mcu.cpu_subsystem_i.cpu_1_0.rf_ram_i.memory\[332\]\[0\],65.01µm
i_core_v_mini_mcu.cpu_subsystem_i.cpu_1_0.rf_ram_i.memory\[337\]\[1\],65.01µm
clknet_leaf_19_i_core_v_mini_mcu.cpu_subsystem_i.cpu_0_0.clk_i,65.01µm
_07078_,64.96µm
_07523_,64.96µm
_07613_,64.96µm
_12604_,64.96µm
_22309_,64.96µm
_24050_,64.96µm
i_core_v_mini_mcu.cpu_subsystem_i.cpu_0_0.rf_ram_i.memory\[156\]\[1\],64.96µm
_17587_,64.7µm
i_core_v_mini_mcu.cpu_subsystem_i.cpu_1_0.rf_ram_i.memory\[91\]\[0\],64.68µm
_06501_,64.65µm
_14079_,64.6µm
clknet_leaf_176_i_core_v_mini_mcu.cpu_subsystem_i.cpu_1_0.clk_i,64.6µm
_17194_,64.55µm
_20714_,64.55µm
_22559_,64.55µm
_23664_,64.55µm
i_core_v_mini_mcu.cpu_subsystem_i.cpu_1_0.rf_ram_i.memory\[333\]\[1\],64.55µm
_07351_,64.5µm
_10425_,64.5µm
_15516_,64.5µm
_17579_,64.5µm
_21400_,64.5µm
_23136_,64.5µm
_25775_,64.5µm
_27006_,64.5µm
i_core_v_mini_mcu.cpu_subsystem_i.cpu_0_0.rf_ram_i.memory\[391\]\[0\],64.5µm
i_core_v_mini_mcu.cpu_subsystem_i.cpu_0_0.rf_ram_i.memory\[424\]\[0\],64.5µm
clknet_leaf_14_i_core_v_mini_mcu.cpu_subsystem_i.cpu_1_0.clk_i,64.5µm
_06027_,64.45µm
_09745_,64.45µm
_14183_,64.45µm
_15388_,64.45µm
_17512_,64.45µm
i_core_v_mini_mcu.ao_peripheral_subsystem_i.spi_subsystem_i.obi_spimemio_i.obi_to_picorv32_i.obi_resp_o\[19\],64.45µm
i_core_v_mini_mcu.ao_peripheral_subsystem_i.spi_subsystem_i.obi_spimemio_i.obi_to_picorv32_i.obi_resp_o\[8\],64.45µm
i_core_v_mini_mcu.cpu_subsystem_i.cpu_1_0.rf_ram_i.memory\[437\]\[0\],64.45µm
_11863_,64.4µm
_12919_,64.4µm
_13199_,64.4µm
_13590_,64.4µm
_16031_,64.4µm
_16855_,64.4µm
_17242_,64.4µm
_17292_,64.4µm
_23145_,64.4µm
_25003_,64.4µm
i_core_v_mini_mcu.ao_peripheral_subsystem_i.power_manager_i.power_manager_reg_top_i.periph_reset_qs,64.4µm
i_core_v_mini_mcu.cpu_subsystem_i.cpu_1_0.rf_ram_i.memory\[97\]\[1\],64.3µm
i_core_v_mini_mcu.cpu_subsystem_i.cpu_1_0.rf_ram_i.memory\[336\]\[1\],64.27µm
i_core_v_mini_mcu.system_bus_i.system_xbar_i.gen_xbar_NtoM.i_xbar.gen_inputs\[1\].i_addr_dec_resp_mux.gen_several_outputs.bank_sel_q\[1\],64.09µm
_15122_,64.04µm
i_core_v_mini_mcu.cpu_subsystem_i.cpu_1_0.rf_ram_i.memory\[97\]\[0\],64.04µm
i_core_v_mini_mcu.peripheral_subsystem_i.uart_i.uart_core.rx_timeout_count_q\[14\],64.04µm
clknet_leaf_3_i_core_v_mini_mcu.cpu_subsystem_i.cpu_1_0.clk_i,64.04µm
_06370_,63.99µm
_14799_,63.99µm
_16966_,63.99µm
_26421_,63.99µm
i_core_v_mini_mcu.ao_peripheral_subsystem_i.obi_fifo_i.consumer_data_req\[37\],63.99µm
clknet_leaf_131_i_core_v_mini_mcu.cpu_subsystem_i.cpu_1_0.clk_i,63.99µm
clknet_leaf_42_i_core_v_mini_mcu.cpu_subsystem_i.cpu_0_0.clk_i,63.99µm
_14851_,63.94µm
_23706_,63.94µm
_26374_,63.94µm
i_core_v_mini_mcu.ao_peripheral_subsystem_i.clint_mtime_o\[32\],63.94µm
net1831,63.94µm
net1862,63.94µm
_07812_,63.89µm
_08068_,63.89µm
_08113_,63.89µm
_11132_,63.89µm
_12454_,63.89µm
_13536_,63.89µm
_15619_,63.89µm
_15697_,63.89µm
_16276_,63.89µm
_21199_,63.89µm
_22047_,63.89µm
_25334_,63.89µm
i_core_v_mini_mcu.ao_peripheral_subsystem_i.power_manager_i.power_manager_reg_top_i.en_wait_for_intr_qs\[26\],63.89µm
i_core_v_mini_mcu.ao_peripheral_subsystem_i.tdu_i.active_hart_cycles_q\[1\],63.89µm
i_core_v_mini_mcu.cpu_subsystem_i.cpu_0_0.rf_ram_i.memory\[73\]\[0\],63.89µm
i_core_v_mini_mcu.cpu_subsystem_i.cpu_1_0.rf_ram_i.memory\[27\]\[1\],63.89µm
i_core_v_mini_mcu.peripheral_subsystem_i.uart_i.reg2hw\[11\],63.89µm
_07548_,63.84µm
_10336_,63.84µm
_17404_,63.84µm
_20760_,63.84µm
_21391_,63.84µm
_23872_,63.84µm
_25353_,63.84µm
net2,63.84µm
i_core_v_mini_mcu.cpu_subsystem_i.cpu_0_0.rf_ram_i.memory\[40\]\[0\],63.84µm
_05568_,63.62µm
i_core_v_mini_mcu.ao_peripheral_subsystem_i.tdu_i.cpi_est_q\[3\],63.61µm
i_core_v_mini_mcu.cpu_subsystem_i.cpu_0_0.rf_ram_i.memory\[388\]\[0\],63.61µm
_09577_,63.53µm
_16881_,63.53µm
clknet_leaf_121_i_core_v_mini_mcu.cpu_subsystem_i.cpu_1_0.clk_i,63.53µm
_24430_,63.48µm
i_core_v_mini_mcu.ao_peripheral_subsystem_i.spi_subsystem_i.obi_spimemio_i.spimemio_i.buffer\[8\],63.48µm
clknet_leaf_123_i_core_v_mini_mcu.cpu_subsystem_i.cpu_0_0.clk_i,63.48µm
clknet_leaf_205_i_core_v_mini_mcu.cpu_subsystem_i.cpu_0_0.clk_i,63.48µm
_07252_,63.43µm
_16570_,63.43µm
_17397_,63.43µm
i_core_v_mini_mcu.ao_peripheral_subsystem_i.obi_fifo_i.consumer_resp_i\[4\],63.43µm
i_core_v_mini_mcu.peripheral_subsystem_i.uart_i.reg2hw\[3\],63.43µm
net1874,63.43µm
_08255_,63.38µm
_09333_,63.38µm
_09340_,63.38µm
_17466_,63.38µm
_21319_,63.38µm
i_core_v_mini_mcu.ao_peripheral_subsystem_i.mosaic_clint_i.mtimecmp_q\[122\],63.38µm
i_core_v_mini_mcu.core_data_req\[99\],63.38µm
clknet_leaf_80_i_core_v_mini_mcu.cpu_subsystem_i.cpu_1_0.clk_i,63.38µm
clknet_leaf_132_i_core_v_mini_mcu.cpu_subsystem_i.cpu_1_0.clk_i,63.38µm
_15446_,63.37µm
_08284_,63.33µm
_08339_,63.33µm
_09040_,63.33µm
_09645_,63.33µm
_10566_,63.33µm
_12126_,63.33µm
_13257_,63.33µm
_15318_,63.33µm
_16122_,63.33µm
_17063_,63.33µm
_17251_,63.33µm
_19846_,63.33µm
_22083_,63.33µm
_22197_,63.33µm
i_core_v_mini_mcu.ao_peripheral_subsystem_i.obi_fifo_i.consumer_data_req_q\[3\],63.33µm
i_core_v_mini_mcu.cpu_subsystem_i.cpu_0_0.i_servile.cpu.state.cnt_r\[0\],63.33µm
i_core_v_mini_mcu.cpu_subsystem_i.cpu_1_0.rf_ram_i.memory\[334\]\[0\],63.33µm
i_core_v_mini_mcu.cpu_subsystem_i.cpu_1_0.rf_ram_i.memory\[336\]\[0\],63.33µm
_06001_,63.28µm
_07049_,63.28µm
_10830_,63.28µm
_14324_,63.28µm
_16016_,63.28µm
_17462_,63.28µm
_17556_,63.28µm
_20752_,63.28µm
_21331_,63.28µm
_22753_,63.28µm
_25010_,63.28µm
i_core_v_mini_mcu.ao_peripheral_subsystem_i.mosaic_clint_i.mtimecmp_q\[103\],63.1µm
_06846_,62.97µm
_22253_,62.97µm
clknet_leaf_144_i_core_v_mini_mcu.cpu_subsystem_i.cpu_1_0.clk_i,62.97µm
_17082_,62.87µm
i_core_v_mini_mcu.cpu_subsystem_i.cpu_0_0.rf_ram_i.memory\[5\]\[1\],62.87µm
clknet_leaf_112_i_core_v_mini_mcu.cpu_subsystem_i.cpu_1_0.clk_i,62.87µm
clknet_leaf_186_i_core_v_mini_mcu.cpu_subsystem_i.cpu_1_0.clk_i,62.87µm
clknet_leaf_190_i_core_v_mini_mcu.cpu_subsystem_i.cpu_1_0.clk_i,62.87µm
_07818_,62.82µm
_10142_,62.82µm
_10404_,62.82µm
_16635_,62.82µm
_21962_,62.82µm
_22871_,62.82µm
_26853_,62.82µm
i_core_v_mini_mcu.peripheral_subsystem_i.obi_fifo_i.consumer_data_req\[33\],62.82µm
clknet_leaf_65_i_core_v_mini_mcu.cpu_subsystem_i.cpu_1_0.clk_i,62.82µm
clknet_leaf_25_i_core_v_mini_mcu.cpu_subsystem_i.cpu_0_0.clk_i,62.82µm
_07138_,62.77µm
_09447_,62.77µm
_12234_,62.77µm
_12451_,62.77µm
_13539_,62.77µm
_14667_,62.77µm
_15708_,62.77µm
_20896_,62.77µm
_25413_,62.77µm
i_core_v_mini_mcu.ao_peripheral_subsystem_i.spi_subsystem_i.obi_spimemio_i.spimemio_i.din_data\[3\],62.77µm
i_core_v_mini_mcu.peripheral_subsystem_i.periph_to_reg_i.r_rdata_d\[15\],62.77µm
_06324_,62.72µm
_07615_,62.72µm
_09634_,62.72µm
_14254_,62.72µm
_25325_,62.72µm
i_core_v_mini_mcu.ao_peripheral_subsystem_i.mosaic_clint_i.mtimecmp_q\[0\],62.72µm
i_core_v_mini_mcu.cpu_subsystem_i.cpu_1_0.rf_ram_i.memory\[28\]\[1\],62.72µm
clknet_leaf_34_i_core_v_mini_mcu.cpu_subsystem_i.cpu_0_0.clk_i,62.72µm
_06427_,62.41µm
_23122_,62.41µm
_15300_,62.36µm
_05477_,62.31µm
_05494_,62.31µm
_09244_,62.31µm
_16297_,62.31µm
_22198_,62.31µm
i_core_v_mini_mcu.peripheral_subsystem_i.uart_i.reg2hw\[80\],62.31µm
clknet_leaf_67_i_core_v_mini_mcu.cpu_subsystem_i.cpu_1_0.clk_i,62.31µm
clknet_leaf_62_i_core_v_mini_mcu.cpu_subsystem_i.cpu_0_0.clk_i,62.31µm
_05680_,62.26µm
_12243_,62.26µm
_15107_,62.26µm
_15333_,62.26µm
_20525_,62.26µm
i_core_v_mini_mcu.ao_peripheral_subsystem_i.tdu_i.task_mem\[1\]\[5\],62.26µm
i_core_v_mini_mcu.cpu_subsystem_i.cpu_1_0.rf_ram_i.memory\[390\]\[0\],62.26µm
i_core_v_mini_mcu.peripheral_subsystem_i.uart_i.reg2hw\[26\],62.26µm
clknet_leaf_79_i_core_v_mini_mcu.cpu_subsystem_i.cpu_1_0.clk_i,62.26µm
clknet_leaf_147_i_core_v_mini_mcu.cpu_subsystem_i.cpu_1_0.clk_i,62.26µm
_10110_,62.21µm
_11278_,62.21µm
_13569_,62.21µm
_14634_,62.21µm
_15992_,62.21µm
_16035_,62.21µm
_17019_,62.21µm
_17410_,62.21µm
_17638_,62.21µm
_20529_,62.21µm
_21713_,62.21µm
_22222_,62.21µm
_23579_,62.21µm
_26326_,62.21µm
i_core_v_mini_mcu.cpu_subsystem_i.cpu_0_0.rf_ram_i.memory\[204\]\[0\],62.21µm
i_core_v_mini_mcu.cpu_subsystem_i.cpu_0_0.rf_ram_i.memory\[386\]\[0\],62.21µm
clknet_leaf_196_i_core_v_mini_mcu.cpu_subsystem_i.cpu_1_0.clk_i,62.21µm
clknet_leaf_144_i_core_v_mini_mcu.cpu_subsystem_i.cpu_0_0.clk_i,62.21µm
_06071_,62.16µm
_11245_,62.16µm
_11916_,62.16µm
_13047_,62.16µm
_16015_,62.16µm
_17041_,62.16µm
_17076_,62.16µm
_21255_,62.16µm
_22407_,62.16µm
_23947_,62.16µm
_24703_,62.16µm
i_core_v_mini_mcu.cpu_subsystem_i.cpu_1_0.rf_ram_i.memory\[478\]\[1\],62.16µm
_21436_,62.03µm
net1441,61.85µm
_08813_,61.8µm
_06042_,61.75µm
_14834_,61.75µm
_16055_,61.75µm
i_core_v_mini_mcu.ao_peripheral_subsystem_i.power_manager_i.power_manager_reg_top_i.cpu_switch_off_counter_qs\[15\],61.75µm
i_core_v_mini_mcu.cpu_subsystem_i.cpu_0_0.rf_ram_i.memory\[5\]\[0\],61.75µm
_16195_,61.7µm
_23652_,61.7µm
i_core_v_mini_mcu.ao_peripheral_subsystem_i.tdu_i.task_mem\[1\]\[0\],61.7µm
i_core_v_mini_mcu.cpu_subsystem_i.cpu_0_0.i_servile.cpu.csr_addr\[0\],61.7µm
i_core_v_mini_mcu.cpu_subsystem_i.cpu_1_0.i_servile.cpu.cond_branch,61.7µm
i_core_v_mini_mcu.cpu_subsystem_i.cpu_1_0.rf_ram_i.memory\[89\]\[1\],61.7µm
net171,61.7µm
net1370,61.7µm
net1540,61.7µm
clknet_leaf_47_i_core_v_mini_mcu.cpu_subsystem_i.cpu_0_0.clk_i,61.7µm
clknet_leaf_129_i_core_v_mini_mcu.cpu_subsystem_i.cpu_0_0.clk_i,61.7µm
_06375_,61.65µm
_11467_,61.65µm
_12663_,61.65µm
_13527_,61.65µm
_14881_,61.65µm
_15295_,61.65µm
_15984_,61.65µm
_16162_,61.65µm
_17372_,61.65µm
_23892_,61.65µm
_24737_,61.65µm
i_core_v_mini_mcu.ao_peripheral_slave_resp\[27\],61.65µm
_06147_,61.6µm
_06287_,61.6µm
_07017_,61.6µm
_07341_,61.6µm
_09213_,61.6µm
_09642_,61.6µm
_12038_,61.6µm
_12385_,61.6µm
_14156_,61.6µm
_15174_,61.6µm
_16024_,61.6µm
_16999_,61.6µm
_17516_,61.6µm
_20731_,61.6µm
_24145_,61.6µm
_24889_,61.6µm
_25869_,61.6µm
_26107_,61.6µm
_27247_,61.6µm
i_core_v_mini_mcu.ao_peripheral_subsystem_i.clint_mtime_o\[7\],61.6µm
i_core_v_mini_mcu.cpu_subsystem_i.cpu_0_0.rf_ram_i.memory\[116\]\[1\],61.6µm
i_core_v_mini_mcu.cpu_subsystem_i.cpu_0_0.rf_ram_i.memory\[351\]\[0\],61.6µm
i_core_v_mini_mcu.cpu_subsystem_i.cpu_0_0.rf_ram_i.memory\[397\]\[0\],61.6µm
_16502_,61.35µm
i_core_v_mini_mcu.cpu_subsystem_i.cpu_0_0.rf_ram_i.memory\[414\]\[1\],61.29µm
_17403_,61.24µm
_23320_,61.24µm
i_core_v_mini_mcu.ao_peripheral_subsystem_i.clint_mtime_o\[50\],61.24µm
_26976_,61.19µm
i_core_v_mini_mcu.ao_peripheral_subsystem_i.power_manager_i.power_manager_reg_top_i.en_wait_for_intr_qs\[15\],61.19µm
i_core_v_mini_mcu.peripheral_subsystem_i.uart_i.hw2reg\[1\],61.19µm
clknet_leaf_190_i_core_v_mini_mcu.cpu_subsystem_i.cpu_0_0.clk_i,61.19µm
_06148_,61.14µm
_06550_,61.14µm
_08840_,61.14µm
_16960_,61.14µm
_23950_,61.14µm
i_core_v_mini_mcu.ao_peripheral_subsystem_i.obi_fifo_i.consumer_data_req\[11\],61.14µm
i_core_v_mini_mcu.ao_peripheral_subsystem_i.obi_fifo_i.consumer_data_req\[3\],61.14µm
clknet_leaf_179_i_core_v_mini_mcu.cpu_subsystem_i.cpu_0_0.clk_i,61.14µm
_07707_,61.09µm
_11167_,61.09µm
_11831_,61.09µm
_12397_,61.09µm
_13653_,61.09µm
_17575_,61.09µm
_21302_,61.09µm
_22741_,61.09µm
_23051_,61.09µm
_23290_,61.09µm
_24842_,61.09µm
i_core_v_mini_mcu.cpu_subsystem_i.cpu_1_0.rf_ram_i.memory\[438\]\[1\],61.09µm
_06454_,61.04µm
_07653_,61.04µm
_09289_,61.04µm
_12568_,61.04µm
_12587_,61.04µm
_12906_,61.04µm
_13563_,61.04µm
_18945_,61.04µm
_21843_,61.04µm
i_core_v_mini_mcu.cpu_subsystem_i.cpu_1_0.rf_ram_i.memory\[47\]\[0\],61.04µm
clknet_leaf_93_i_core_v_mini_mcu.cpu_subsystem_i.cpu_1_0.clk_i,60.68µm
_17156_,60.67µm
_16817_,60.63µm
clknet_leaf_14_i_core_v_mini_mcu.cpu_subsystem_i.cpu_0_0.clk_i,60.63µm
clknet_leaf_195_i_core_v_mini_mcu.cpu_subsystem_i.cpu_0_0.clk_i,60.63µm
_08564_,60.58µm
_11427_,60.58µm
_16782_,60.58µm
_17406_,60.58µm
i_core_v_mini_mcu.ao_peripheral_subsystem_i.power_manager_i.power_manager_reg_top_i.cpu_reset_deassert_counter_qs\[5\],60.58µm
i_core_v_mini_mcu.cpu_subsystem_i.cpu_0_0.rf_ram_i.memory\[41\]\[1\],60.58µm
i_core_v_mini_mcu.cpu_subsystem_i.cpu_0_0.rf_ram_i.memory\[498\]\[0\],60.58µm
i_core_v_mini_mcu.cpu_subsystem_i.cpu_0_0.rf_ram_i.memory\[71\]\[1\],60.58µm
i_core_v_mini_mcu.cpu_subsystem_i.cpu_1_0.rf_ram_i.memory\[53\]\[1\],60.58µm
_06929_,60.53µm
_07061_,60.53µm
_07254_,60.53µm
_10158_,60.53µm
_13873_,60.53µm
_16941_,60.53µm
_25265_,60.53µm
_26042_,60.53µm
i_core_v_mini_mcu.ao_peripheral_subsystem_i.soc_ctrl_i.soc_ctrl_reg_top_i.system_frequency_hz_qs\[27\],60.53µm
i_core_v_mini_mcu.ao_peripheral_subsystem_i.tdu_i.task_mem\[5\]\[7\],60.53µm
i_core_v_mini_mcu.core_data_req\[95\],60.53µm
i_core_v_mini_mcu.cpu_subsystem_i.cpu_1_0.rf_ram_i.memory\[274\]\[1\],60.53µm
i_core_v_mini_mcu.memory_subsystem_i.ram0_i.tc_ram_i.sram\[14\]\[11\],60.53µm
net1344,60.53µm
clknet_leaf_117_i_core_v_mini_mcu.cpu_subsystem_i.cpu_1_0.clk_i,60.52µm
_06428_,60.48µm
_08452_,60.48µm
_10759_,60.48µm
_12039_,60.48µm
_13597_,60.48µm
_15996_,60.48µm
_26754_,60.48µm
i_core_v_mini_mcu.cpu_subsystem_i.cpu_0_0.rf_ram_i.memory\[416\]\[0\],60.48µm
i_core_v_mini_mcu.cpu_subsystem_i.cpu_1_0.rf_ram_i.memory\[338\]\[0\],60.48µm
i_core_v_mini_mcu.core_data_req\[89\],60.35µm
_12815_,60.27µm
_16823_,60.24µm
i_core_v_mini_mcu.ao_peripheral_subsystem_i.clint_mtime_o\[41\],60.17µm
clknet_leaf_33_i_core_v_mini_mcu.cpu_subsystem_i.cpu_1_0.clk_i,60.17µm
_16913_,60.12µm
clknet_leaf_172_i_core_v_mini_mcu.cpu_subsystem_i.cpu_1_0.clk_i,60.12µm
clknet_leaf_40_i_core_v_mini_mcu.cpu_subsystem_i.cpu_0_0.clk_i,60.12µm
_06231_,60.07µm
_09351_,60.07µm
_09573_,60.07µm
_17839_,60.07µm
i_core_v_mini_mcu.ao_peripheral_subsystem_i.spi_subsystem_i.obi_spimemio_i.spimemio_i.rd_addr\[13\],60.07µm
i_core_v_mini_mcu.cpu_subsystem_i.cpu_0_0.rf_ram_i.memory\[32\]\[1\],60.07µm
_06164_,60.02µm
_06268_,60.02µm
_10236_,60.02µm
_13153_,60.02µm
_14837_,60.02µm
_27043_,60.02µm
i_core_v_mini_mcu.ao_peripheral_subsystem_i.clint_mtime_o\[24\],60.02µm
i_core_v_mini_mcu.ao_peripheral_subsystem_i.power_manager_i.power_manager_counter_sequence_cpu_reset_i.start_off_sequence_i,60.02µm
i_core_v_mini_mcu.core_data_req\[96\],60.02µm
i_core_v_mini_mcu.cpu_subsystem_i.cpu_0_0.i_servile.arbiter.i_wb_cpu_dbus_adr\[18\],60.02µm
i_core_v_mini_mcu.cpu_subsystem_i.cpu_0_0.rf_ram_i.memory\[284\]\[1\],60.02µm
i_core_v_mini_mcu.cpu_subsystem_i.cpu_1_0.i_servile.cpu.bufreg.i_rs1_en,60.02µm
_05659_,59.97µm
_06868_,59.97µm
_10876_,59.97µm
_12797_,59.97µm
_15971_,59.97µm
_16903_,59.97µm
_17009_,59.97µm
_21468_,59.97µm
_22769_,59.97µm
_27420_,59.97µm
i_core_v_mini_mcu.ao_peripheral_subsystem_i.obi_fifo_i.consumer_resp_i\[27\],59.97µm
i_core_v_mini_mcu.cpu_subsystem_i.cpu_1_0.rf_ram_i.memory\[160\]\[0\],59.97µm
i_core_v_mini_mcu.cpu_subsystem_i.cpu_1_0.rf_ram_i.memory\[45\]\[1\],59.97µm
_15330_,59.94µm
_05403_,59.92µm
_05827_,59.92µm
_06450_,59.92µm
_11457_,59.92µm
_12406_,59.92µm
_26289_,59.92µm
i_core_v_mini_mcu.cpu_subsystem_i.cpu_0_0.rf_ram_i.memory\[388\]\[1\],59.92µm
i_core_v_mini_mcu.cpu_subsystem_i.cpu_0_0.rf_ram_i.memory\[64\]\[1\],59.92µm
i_core_v_mini_mcu.ao_peripheral_subsystem_i.obi_fifo_i.consumer_data_req\[6\],59.66µm
i_core_v_mini_mcu.cpu_subsystem_i.cpu_0_0.rf_ram_i.memory\[497\]\[0\],59.64µm
_21880_,59.61µm
_15103_,59.56µm
_05658_,59.51µm
_07244_,59.51µm
_07476_,59.51µm
_13875_,59.51µm
_19984_,59.51µm
i_core_v_mini_mcu.ao_peripheral_subsystem_i.mosaic_clint_i.mtimecmp_q\[100\],59.51µm
i_core_v_mini_mcu.ao_peripheral_subsystem_i.tdu_i.cpi_est_q\[17\],59.51µm
i_core_v_mini_mcu.cpu_subsystem_i.cpu_1_0.rf_ram_i.memory\[333\]\[0\],59.51µm
_05517_,59.46µm
_05991_,59.46µm
_15305_,59.46µm
_15357_,59.46µm
_15864_,59.46µm
_16009_,59.46µm
_17419_,59.46µm
_23778_,59.46µm
i_core_v_mini_mcu.ao_peripheral_subsystem_i.power_manager_i.power_manager_reg_top_i.cpu_switch_on_counter_qs\[7\],59.46µm
_05515_,59.41µm
_06631_,59.41µm
_09370_,59.41µm
_09812_,59.41µm
_12926_,59.41µm
_12997_,59.41µm
_13204_,59.41µm
_13839_,59.41µm
_18095_,59.41µm
_21726_,59.41µm
_23138_,59.41µm
_24121_,59.41µm
_25008_,59.41µm
_26932_,59.41µm
_27009_,59.41µm
i_core_v_mini_mcu.ao_peripheral_subsystem_i.spi_subsystem_i.obi_spimemio_i.spimemio_i.state\[5\],59.41µm
i_core_v_mini_mcu.cpu_subsystem_i.cpu_0_0.rf_ram_i.memory\[66\]\[0\],59.41µm
i_core_v_mini_mcu.cpu_subsystem_i.cpu_1_0.rf_ram_i.memory\[341\]\[1\],59.41µm
i_core_v_mini_mcu.cpu_subsystem_i.cpu_1_0.rf_ram_i.memory\[379\]\[0\],59.41µm
i_core_v_mini_mcu.peripheral_subsystem_i.uart_i.uart_core.rx_timeout_count_q\[16\],59.41µm
net1646,59.41µm
clknet_leaf_94_i_core_v_mini_mcu.cpu_subsystem_i.cpu_1_0.clk_i,59.41µm
_08410_,59.36µm
_11936_,59.36µm
_12368_,59.36µm
_13002_,59.36µm
_16052_,59.36µm
_17031_,59.36µm
_17051_,59.36µm
_18044_,59.36µm
_23233_,59.36µm
_24312_,59.36µm
_25083_,59.36µm
_26114_,59.36µm
i_core_v_mini_mcu.ao_peripheral_subsystem_i.clint_mtime_o\[33\],59.36µm
i_core_v_mini_mcu.ao_peripheral_subsystem_i.obi_fifo_i.obi_resp_fifo_i.status_cnt_q\[1\],59.36µm
i_core_v_mini_mcu.cpu_subsystem_i.cpu_0_0.rf_ram_i.memory\[385\]\[1\],59.36µm
i_core_v_mini_mcu.memory_subsystem_i.ram0_i.tc_ram_i.sram\[10\]\[19\],59.36µm
_14690_,59.18µm
_17163_,59.15µm
_13726_,59.13µm
i_core_v_mini_mcu.ao_peripheral_subsystem_i.mosaic_clint_i.mtimecmp_q\[108\],59.08µm
_16033_,59.05µm
_17057_,59.05µm
_09108_,59µm
_09187_,59µm
_14840_,59µm
_16116_,59µm
i_core_v_mini_mcu.cpu_subsystem_i.cpu_0_0.rf_ram_i.memory\[78\]\[0\],59µm
_14693_,58.95µm
_17316_,58.95µm
i_core_v_mini_mcu.ao_peripheral_subsystem_i.spi_subsystem_i.obi_spimemio_i.spimemio_i.rd_addr\[22\],58.95µm
clknet_leaf_74_i_core_v_mini_mcu.cpu_subsystem_i.cpu_0_0.clk_i,58.95µm
_10569_,58.9µm
_11991_,58.9µm
_13781_,58.9µm
_13913_,58.9µm
_17005_,58.9µm
i_core_v_mini_mcu.ao_peripheral_subsystem_i.tdu_i.task_mem\[6\]\[3\],58.9µm
i_core_v_mini_mcu.cpu_subsystem_i.cpu_1_0.rf_ram_i.memory\[272\]\[1\],58.9µm
i_core_v_mini_mcu.memory_subsystem_i.ram0_i.tc_ram_i.sram\[11\]\[22\],58.9µm
i_core_v_mini_mcu.memory_subsystem_i.ram0_i.tc_ram_i.sram\[11\]\[8\],58.9µm
net1875,58.9µm
_06739_,58.85µm
_15306_,58.85µm
_15987_,58.85µm
_16732_,58.85µm
_17013_,58.85µm
_25815_,58.85µm
_27382_,58.85µm
i_core_v_mini_mcu.ao_peripheral_subsystem_i.power_manager_i.power_manager_reg_top_i.cpu_switch_off_counter_qs\[0\],58.85µm
i_core_v_mini_mcu.cpu_subsystem_i.cpu_1_0.rf_ram_i.memory\[361\]\[1\],58.85µm
i_core_v_mini_mcu.cpu_subsystem_i.cpu_1_0.rf_ram_i.memory\[397\]\[0\],58.85µm
i_core_v_mini_mcu.cpu_subsystem_i.cpu_1_0.rf_ram_i.memory\[439\]\[0\],58.85µm
i_core_v_mini_mcu.memory_subsystem_i.ram0_i.tc_ram_i.sram\[27\]\[23\],58.85µm
_07455_,58.8µm
_08059_,58.8µm
_08657_,58.8µm
_11397_,58.8µm
_13252_,58.8µm
_13508_,58.8µm
_16019_,58.8µm
_16307_,58.8µm
_17078_,58.8µm
_21233_,58.8µm
_21811_,58.8µm
_23069_,58.8µm
_26019_,58.8µm
_26293_,58.8µm
_27194_,58.8µm
_27221_,58.8µm
_27253_,58.8µm
i_core_v_mini_mcu.cpu_subsystem_i.cpu_1_0.rf_ram_i.memory\[341\]\[0\],58.8µm
net1467,58.8µm
clknet_leaf_32_i_core_v_mini_mcu.cpu_subsystem_i.cpu_1_0.clk_i,58.57µm
_09755_,58.54µm
_14316_,58.49µm
i_core_v_mini_mcu.ao_peripheral_subsystem_i.obi_fifo_i.consumer_data_req\[10\],58.44µm
i_core_v_mini_mcu.cpu_subsystem_i.cpu_0_0.rf_ram_i.memory\[229\]\[1\],58.44µm
clknet_leaf_72_i_core_v_mini_mcu.cpu_subsystem_i.cpu_1_0.clk_i,58.44µm
_13594_,58.39µm
_14487_,58.39µm
_16246_,58.39µm
_16841_,58.39µm
i_core_v_mini_mcu.cpu_subsystem_i.cpu_0_0.rf_ram_i.memory\[35\]\[1\],58.39µm
i_core_v_mini_mcu.cpu_subsystem_i.cpu_1_0.i_servile.cpu.bufreg.i_shift_op,58.39µm
net1412,58.39µm
clknet_leaf_100_i_core_v_mini_mcu.cpu_subsystem_i.cpu_0_0.clk_i,58.39µm
net1879,58.39µm
_17261_,58.34µm
_17903_,58.34µm
_23015_,58.34µm
i_core_v_mini_mcu.ao_peripheral_subsystem_i.mosaic_clint_i.mtimecmp_q\[79\],58.34µm
i_core_v_mini_mcu.cpu_subsystem_i.cpu_0_0.rf_ram_i.memory\[390\]\[0\],58.34µm
i_core_v_mini_mcu.cpu_subsystem_i.cpu_0_0.rf_ram_i.memory\[394\]\[0\],58.34µm
i_core_v_mini_mcu.cpu_subsystem_i.cpu_1_0.i_servile.arbiter.i_wb_cpu_dbus_adr\[22\],58.34µm
i_core_v_mini_mcu.cpu_subsystem_i.cpu_1_0.rf_ram_i.memory\[275\]\[1\],58.34µm
clknet_leaf_122_i_core_v_mini_mcu.cpu_subsystem_i.cpu_1_0.clk_i,58.34µm
_06711_,58.29µm
_07059_,58.29µm
_07358_,58.29µm
_09736_,58.29µm
_09771_,58.29µm
_10556_,58.29µm
_10890_,58.29µm
_12087_,58.29µm
_12399_,58.29µm
_22528_,58.29µm
_23677_,58.29µm
i_core_v_mini_mcu.cpu_subsystem_i.cpu_0_0.rf_ram_i.memory\[396\]\[0\],58.29µm
i_core_v_mini_mcu.memory_subsystem_i.ram0_i.tc_ram_i.sram\[11\]\[15\],58.29µm
i_core_v_mini_mcu.peripheral_subsystem_i.uart_i.uart_core.rx_timeout_count_q\[15\],58.29µm
_09787_,58.24µm
_10082_,58.24µm
_13980_,58.24µm
_14046_,58.24µm
_15340_,58.24µm
_21539_,58.24µm
_23131_,58.24µm
_26469_,58.24µm
_27390_,58.24µm
i_core_v_mini_mcu.cpu_subsystem_i.cpu_0_0.i_servile.cpu.o_wdata0,58.24µm
i_core_v_mini_mcu.cpu_subsystem_i.cpu_1_0.rf_ram_i.memory\[9\]\[1\],58.24µm
net1429,58.24µm
_13003_,58.14µm
i_core_v_mini_mcu.cpu_subsystem_i.cpu_0_0.i_servile.cpu.csr_mcause_en,58.03µm
i_core_v_mini_mcu.cpu_subsystem_i.cpu_1_0.rf_ram_i.memory\[331\]\[0\],58.01µm
_07828_,57.83µm
_08213_,57.83µm
_15175_,57.83µm
i_core_v_mini_mcu.ao_peripheral_subsystem_i.spi_subsystem_i.obi_spimemio_i.spimemio_i.buffer\[2\],57.83µm
clknet_leaf_85_i_core_v_mini_mcu.cpu_subsystem_i.cpu_1_0.clk_i,57.83µm
clknet_leaf_28_i_core_v_mini_mcu.cpu_subsystem_i.cpu_0_0.clk_i,57.83µm
_11891_,57.78µm
_12966_,57.78µm
_17223_,57.78µm
_21942_,57.78µm
_22525_,57.78µm
_22868_,57.78µm
i_core_v_mini_mcu.ao_peripheral_subsystem_i.mosaic_clint_i.mtimecmp_q\[116\],57.78µm
i_core_v_mini_mcu.ao_peripheral_subsystem_i.obi_fifo_i.consumer_data_req\[40\],57.78µm
i_core_v_mini_mcu.ao_peripheral_subsystem_i.obi_fifo_i.consumer_data_req\[49\],57.78µm
i_core_v_mini_mcu.ao_peripheral_subsystem_i.power_manager_i.power_manager_reg_top_i.cpu_switch_on_counter_qs\[11\],57.78µm
i_core_v_mini_mcu.cpu_subsystem_i.cpu_0_0.rf_ram_i.memory\[34\]\[1\],57.78µm
_05720_,57.73µm
_05925_,57.73µm
_06136_,57.73µm
_07598_,57.73µm
_09659_,57.73µm
_10461_,57.73µm
_13964_,57.73µm
_15001_,57.73µm
_15442_,57.73µm
_15938_,57.73µm
_16910_,57.73µm
_18186_,57.73µm
i_core_v_mini_mcu.ao_peripheral_subsystem_i.clint_mtime_o\[40\],57.73µm
i_core_v_mini_mcu.ao_peripheral_subsystem_i.mosaic_clint_i.mtimecmp_q\[24\],57.73µm
i_core_v_mini_mcu.ao_peripheral_subsystem_i.spi_subsystem_i.obi_spimemio_i.obi_to_picorv32_i.picorv32_resp_i\[21\],57.73µm
i_core_v_mini_mcu.cpu_subsystem_i.cpu_1_0.rf_ram_i.memory\[387\]\[0\],57.73µm
i_core_v_mini_mcu.system_bus_i.system_xbar_i.gen_xbar_NtoM.i_xbar.gen_inputs\[1\].i_addr_dec_resp_mux.gen_several_outputs.bank_sel_q\[2\],57.73µm
net1547,57.73µm
_06704_,57.68µm
_08182_,57.68µm
_12043_,57.68µm
_13404_,57.68µm
_16927_,57.68µm
_17039_,57.68µm
_17355_,57.68µm
_21560_,57.68µm
_27250_,57.68µm
i_core_v_mini_mcu.ao_peripheral_subsystem_i.periph_to_reg_i.r_rdata_d\[27\],57.68µm
i_core_v_mini_mcu.ao_peripheral_subsystem_i.tdu_core_park_o\[1\],57.68µm
i_core_v_mini_mcu.core_data_req\[100\],57.68µm
i_core_v_mini_mcu.cpu_subsystem_i.cpu_0_0.rf_ram_i.memory\[354\]\[1\],57.68µm
i_core_v_mini_mcu.cpu_subsystem_i.cpu_1_0.rf_ram_i.memory\[387\]\[1\],57.68µm
i_core_v_mini_mcu.memory_subsystem_i.ram0_i.tc_ram_i.sram\[23\]\[13\],57.68µm
net1674,57.585µm
_14914_,57.5µm
i_core_v_mini_mcu.ao_peripheral_subsystem_i.obi_fifo_i.consumer_data_req\[0\],57.5µm
_16877_,57.49µm
i_core_v_mini_mcu.ao_peripheral_subsystem_i.spi_subsystem_i.obi_spimemio_i.spimemio_i.config_do\[2\],57.45µm
i_core_v_mini_mcu.cpu_subsystem_i.cpu_0_0.rf_ram_i.memory\[502\]\[0\],57.4µm
_16880_,57.37µm
i_core_v_mini_mcu.cpu_subsystem_i.cpu_0_0.i_servile.cpu.bufreg.data\[0\],57.37µm
_15866_,57.32µm
_23150_,57.32µm
_06274_,57.27µm
_12267_,57.27µm
_14197_,57.27µm
_17068_,57.27µm
_22520_,57.27µm
_23527_,57.27µm
i_core_v_mini_mcu.peripheral_subsystem_i.uart_i.uart_core.rx_timeout_count_q\[8\],57.27µm
clknet_leaf_19_i_core_v_mini_mcu.cpu_subsystem_i.cpu_1_0.clk_i,57.27µm
clknet_leaf_210_i_core_v_mini_mcu.cpu_subsystem_i.cpu_0_0.clk_i,57.27µm
net1869,57.27µm
_14305_,57.22µm
_15342_,57.22µm
_15580_,57.22µm
_16257_,57.22µm
_22312_,57.22µm
_22899_,57.22µm
_27003_,57.22µm
_27190_,57.22µm
i_core_v_mini_mcu.cpu_subsystem_i.cpu_0_0.rf_ram_i.memory\[349\]\[1\],57.22µm
i_core_v_mini_mcu.cpu_subsystem_i.cpu_0_0.rf_ram_i.memory\[351\]\[1\],57.22µm
i_core_v_mini_mcu.cpu_subsystem_i.cpu_1_0.rf_ram_i.memory\[391\]\[0\],57.22µm
_06655_,57.17µm
_08439_,57.17µm
_10077_,57.17µm
_11399_,57.17µm
_12963_,57.17µm
_13198_,57.17µm
_13256_,57.17µm
_15310_,57.17µm
_17002_,57.17µm
_22748_,57.17µm
i_core_v_mini_mcu.ao_peripheral_subsystem_i.obi_fifo_i.obi_resp_fifo_i.status_cnt_q\[0\],57.17µm
i_core_v_mini_mcu.ao_peripheral_subsystem_i.spi_subsystem_i.obi_spimemio_i.spimemio_i.state\[4\],57.17µm
i_core_v_mini_mcu.cpu_subsystem_i.cpu_0_0.rf_ram_i.memory\[397\]\[1\],57.17µm
i_core_v_mini_mcu.cpu_subsystem_i.cpu_0_0.rf_ram_i.memory\[58\]\[0\],57.17µm
i_core_v_mini_mcu.cpu_subsystem_i.cpu_1_0.rf_ram_i.memory\[2\]\[0\],57.17µm
i_core_v_mini_mcu.cpu_subsystem_i.cpu_1_0.rf_ram_i.memory\[320\]\[0\],57.17µm
_06491_,57.12µm
_06679_,57.12µm
_07208_,57.12µm
_12116_,57.12µm
_12960_,57.12µm
_13217_,57.12µm
_14897_,57.12µm
_15417_,57.12µm
_16002_,57.12µm
_22034_,57.12µm
_24939_,57.12µm
i_core_v_mini_mcu.ao_peripheral_subsystem_i.periph_to_reg_i.r_rdata_d\[6\],57.12µm
i_core_v_mini_mcu.ao_peripheral_subsystem_i.spi_subsystem_i.obi_spimemio_i.flash_io2_do_o,57.12µm
i_core_v_mini_mcu.cpu_subsystem_i.cpu_1_0.rf_ram_i.memory\[384\]\[0\],57.12µm
i_core_v_mini_mcu.memory_subsystem_i.ram0_i.tc_ram_i.sram\[2\]\[19\],57.12µm
i_core_v_mini_mcu.cpu_subsystem_i.cpu_1_0.i_servile.arbiter.i_wb_cpu_dbus_adr\[23\],56.99µm
i_core_v_mini_mcu.cpu_subsystem_i.cpu_0_0.rf_ram_i.memory\[229\]\[0\],56.94µm
i_core_v_mini_mcu.memory_subsystem_i.ram0_i.tc_ram_i.sram\[10\]\[11\],56.94µm
_11130_,56.91µm
clknet_leaf_85_i_core_v_mini_mcu.cpu_subsystem_i.cpu_0_0.clk_i,56.86µm
_09115_,56.76µm
i_core_v_mini_mcu.ao_peripheral_subsystem_i.clint_mtime_o\[59\],56.76µm
i_core_v_mini_mcu.ao_peripheral_subsystem_i.mosaic_clint_i.mtimecmp_q\[125\],56.76µm
_06069_,56.71µm
_10164_,56.71µm
_22518_,56.71µm
_27321_,56.71µm
i_core_v_mini_mcu.ao_peripheral_subsystem_i.mosaic_clint_i.mtimecmp_q\[110\],56.71µm
i_core_v_mini_mcu.memory_subsystem_i.ram0_i.tc_ram_i.sram\[19\]\[21\],56.71µm
i_core_v_mini_mcu.peripheral_subsystem_i.obi_fifo_i.consumer_data_req_q\[3\],56.71µm
_20824_,56.68µm
_09195_,56.66µm
_09427_,56.66µm
_17857_,56.66µm
_22134_,56.66µm
i_core_v_mini_mcu.ao_peripheral_subsystem_i.clint_mtime_o\[13\],56.66µm
i_core_v_mini_mcu.ao_peripheral_subsystem_i.tdu_i.active_hart_cycles_q\[0\],56.66µm
i_core_v_mini_mcu.ao_peripheral_subsystem_i.tdu_i.task_mem\[3\]\[19\],56.66µm
i_core_v_mini_mcu.cpu_subsystem_i.cpu_1_0.rf_ram_i.memory\[263\]\[0\],56.66µm
i_core_v_mini_mcu.memory_subsystem_i.ram0_i.tc_ram_i.r_addr_q\[0\],56.66µm
clknet_leaf_61_i_core_v_mini_mcu.cpu_subsystem_i.cpu_0_0.clk_i,56.66µm
_07712_,56.61µm
_11474_,56.61µm
_13004_,56.61µm
_15709_,56.61µm
_17291_,56.61µm
_20853_,56.61µm
_22752_,56.61µm
_24193_,56.61µm
_26168_,56.61µm
i_core_v_mini_mcu.cpu_subsystem_i.cpu_1_0.rf_ram_i.memory\[385\]\[1\],56.61µm
i_core_v_mini_mcu.system_bus_i.system_xbar_i.gen_xbar_NtoM.i_xbar.gen_outputs\[1\].gen_rr_arb_tree.i_rr_arb_tree.gen_arbiter.rr_q\[0\],56.61µm
_05796_,56.56µm
_05948_,56.56µm
_07310_,56.56µm
_10041_,56.56µm
_12362_,56.56µm
_13565_,56.56µm
_16130_,56.56µm
_16279_,56.56µm
_17012_,56.56µm
_21887_,56.56µm
_24701_,56.56µm
_27572_,56.56µm
i_core_v_mini_mcu.ao_peripheral_subsystem_i.obi_fifo_i.consumer_resp_i\[32\],56.56µm
i_core_v_mini_mcu.ao_peripheral_subsystem_i.periph_to_reg_i.r_rdata_d\[31\],56.56µm
i_core_v_mini_mcu.cpu_subsystem_i.cpu_0_0.rf_ram_i.memory\[248\]\[1\],56.56µm
i_core_v_mini_mcu.memory_subsystem_i.ram0_i.tc_ram_i.sram\[31\]\[16\],56.56µm
i_core_v_mini_mcu.cpu_subsystem_i.cpu_1_0.rf_ram_i.memory\[37\]\[1\],56.38µm
_06255_,56.25µm
_15190_,56.25µm
_06032_,56.2µm
_15817_,56.2µm
_14459_,56.15µm
_14869_,56.15µm
_22130_,56.15µm
_08577_,56.1µm
_12117_,56.1µm
_14972_,56.1µm
_17010_,56.1µm
_22780_,56.1µm
i_core_v_mini_mcu.cpu_subsystem_i.cpu_0_0.rf_ram_i.memory\[235\]\[1\],56.1µm
i_core_v_mini_mcu.cpu_subsystem_i.cpu_1_0.rf_ram_i.memory\[328\]\[1\],56.1µm
clknet_leaf_135_clk_i_regs,56.1µm
_07747_,56.05µm
_08202_,56.05µm
_08278_,56.05µm
_09354_,56.05µm
_10880_,56.05µm
_11188_,56.05µm
_13030_,56.05µm
_15339_,56.05µm
_17335_,56.05µm
_22168_,56.05µm
_24313_,56.05µm
_24962_,56.05µm
_25703_,56.05µm
_27402_,56.05µm
i_core_v_mini_mcu.cpu_subsystem_i.cpu_0_0.rf_ram_i.memory\[120\]\[0\],56.05µm
net377,56.05µm
clknet_leaf_54_i_core_v_mini_mcu.cpu_subsystem_i.cpu_1_0.clk_i,56.05µm
clknet_leaf_171_i_core_v_mini_mcu.cpu_subsystem_i.cpu_1_0.clk_i,56.05µm
_09389_,56µm
_10463_,56µm
_11395_,56µm
_14121_,56µm
_14189_,56µm
_14328_,56µm
_15302_,56µm
_15336_,56µm
_17077_,56µm
_21947_,56µm
_24539_,56µm
_25199_,56µm
i_core_v_mini_mcu.ao_peripheral_subsystem_i.tdu_i.task_mem\[2\]\[6\],56µm
_06524_,55.77µm
i_core_v_mini_mcu.ao_peripheral_subsystem_i.mosaic_clint_i.mtimecmp_q\[93\],55.77µm
i_core_v_mini_mcu.cpu_subsystem_i.cpu_0_0.rf_ram_i.memory\[379\]\[0\],55.77µm
i_core_v_mini_mcu.cpu_subsystem_i.cpu_1_0.rf_ram_i.memory\[394\]\[0\],55.77µm
_08338_,55.72µm
i_core_v_mini_mcu.cpu_subsystem_i.cpu_1_0.rf_ram_i.memory\[90\]\[1\],55.69µm
_05426_,55.64µm
_05863_,55.64µm
i_core_v_mini_mcu.ao_peripheral_subsystem_i.obi_fifo_i.consumer_data_req\[7\],55.64µm
_08756_,55.59µm
_09466_,55.59µm
_10357_,55.59µm
_15187_,55.59µm
_15435_,55.59µm
_15532_,55.59µm
_15941_,55.59µm
_16838_,55.59µm
_23158_,55.59µm
clknet_leaf_103_i_core_v_mini_mcu.cpu_subsystem_i.cpu_1_0.clk_i,55.59µm
_07278_,55.54µm
_13847_,55.54µm
_15070_,55.54µm
_16232_,55.54µm
_17412_,55.54µm
_18043_,55.54µm
_21985_,55.54µm
i_core_v_mini_mcu.ao_peripheral_subsystem_i.power_manager_i.power_manager_reg_top_i.intr_state_qs\[28\],55.54µm
i_core_v_mini_mcu.ao_peripheral_subsystem_i.tdu_i.wr_ptr_q\[0\],55.54µm
i_core_v_mini_mcu.cpu_subsystem_i.cpu_0_0.rf_ram_i.memory\[8\]\[1\],55.54µm
i_core_v_mini_mcu.cpu_subsystem_i.cpu_1_0.rf_ram_i.memory\[325\]\[1\],55.54µm
clknet_leaf_16_i_core_v_mini_mcu.cpu_subsystem_i.cpu_0_0.clk_i,55.54µm
_06758_,55.49µm
_10724_,55.49µm
_13266_,55.49µm
_14929_,55.49µm
_17829_,55.49µm
_17864_,55.49µm
_18280_,55.49µm
_21493_,55.49µm
_22204_,55.49µm
_22766_,55.49µm
_24361_,55.49µm
i_core_v_mini_mcu.ao_peripheral_subsystem_i.spi_subsystem_i.obi_spimemio_i.spimemio_i.rd_addr\[23\],55.49µm
i_core_v_mini_mcu.cpu_subsystem_i.cpu_0_0.rf_ram_i.memory\[345\]\[0\],55.49µm
_07297_,55.44µm
_08167_,55.44µm
_08608_,55.44µm
_13164_,55.44µm
_14048_,55.44µm
_16656_,55.44µm
_17047_,55.44µm
_18328_,55.44µm
_23048_,55.44µm
_25198_,55.44µm
_25726_,55.44µm
i_core_v_mini_mcu.ao_peripheral_subsystem_i.obi_fifo_i.consumer_resp_i\[28\],55.44µm
i_core_v_mini_mcu.ao_peripheral_subsystem_i.power_manager_i.power_manager_reg_top_i.reg2hw\[223\],55.44µm
i_core_v_mini_mcu.cpu_subsystem_i.cpu_0_0.i_servile.cpu.csr_addr\[1\],55.44µm
i_core_v_mini_mcu.cpu_subsystem_i.cpu_0_0.rf_ram_i.memory\[424\]\[1\],55.44µm
i_core_v_mini_mcu.cpu_subsystem_i.cpu_1_0.rf_ram_i.memory\[90\]\[0\],55.44µm
i_core_v_mini_mcu.memory_subsystem_i.ram0_i.tc_ram_i.sram\[31\]\[19\],55.44µm
_14171_,55.36µm
net1368,55.18µm
net160,55.13µm
_07417_,55.08µm
_13261_,55.08µm
_13898_,55.08µm
_14408_,55.08µm
_14984_,55.08µm
_14616_,55.03µm
_15620_,55.03µm
_16790_,55.03µm
_17111_,55.03µm
i_core_v_mini_mcu.ao_peripheral_subsystem_i.obi_fifo_i.consumer_data_req\[14\],55.03µm
i_core_v_mini_mcu.peripheral_subsystem_i.obi_fifo_i.obi_req_fifo_i.status_cnt_q\[0\],55.03µm
_05433_,54.98µm
_06553_,54.98µm
_12582_,54.98µm
_14731_,54.98µm
_14754_,54.98µm
_17848_,54.98µm
_21444_,54.98µm
_22252_,54.98µm
i_core_v_mini_mcu.ao_peripheral_subsystem_i.clint_mtime_o\[34\],54.98µm
i_core_v_mini_mcu.ao_peripheral_subsystem_i.power_manager_i.power_manager_reg_top_i.cpu_reset_assert_counter_qs\[9\],54.98µm
i_core_v_mini_mcu.cpu_subsystem_i.cpu_0_0.rf_ram_i.memory\[387\]\[1\],54.98µm
i_core_v_mini_mcu.cpu_subsystem_i.cpu_1_0.rf_ram_i.memory\[447\]\[0\],54.98µm
net378,54.98µm
clknet_leaf_75_i_core_v_mini_mcu.cpu_subsystem_i.cpu_1_0.clk_i,54.98µm
_07366_,54.93µm
_10093_,54.93µm
_11432_,54.93µm
_12583_,54.93µm
_13339_,54.93µm
_14512_,54.93µm
_15273_,54.93µm
_17016_,54.93µm
_21842_,54.93µm
_22488_,54.93µm
_26653_,54.93µm
i_core_v_mini_mcu.cpu_subsystem_i.cpu_0_0.rf_ram_i.memory\[156\]\[0\],54.93µm
i_core_v_mini_mcu.cpu_subsystem_i.cpu_0_0.rf_ram_i.memory\[217\]\[1\],54.93µm
i_core_v_mini_mcu.cpu_subsystem_i.cpu_0_0.rf_ram_i.memory\[271\]\[0\],54.93µm
i_core_v_mini_mcu.cpu_subsystem_i.cpu_0_0.rf_ram_i.memory\[32\]\[0\],54.93µm
i_core_v_mini_mcu.cpu_subsystem_i.cpu_0_0.rf_ram_i.memory\[396\]\[1\],54.93µm
i_core_v_mini_mcu.cpu_subsystem_i.cpu_0_0.rf_ram_i.memory\[59\]\[1\],54.93µm
i_core_v_mini_mcu.cpu_subsystem_i.cpu_1_0.rf_ram_i.memory\[380\]\[0\],54.93µm
_06438_,54.88µm
_06685_,54.88µm
_07313_,54.88µm
_11318_,54.88µm
_12705_,54.88µm
_12924_,54.88µm
_15440_,54.88µm
_15443_,54.88µm
_15601_,54.88µm
_16060_,54.88µm
_22628_,54.88µm
_24468_,54.88µm
_24844_,54.88µm
_25916_,54.88µm
_26060_,54.88µm
i_core_v_mini_mcu.ao_peripheral_subsystem_i.power_manager_i.power_manager_reg_top_i.en_wait_for_intr_qs\[30\],54.88µm
net1405,54.88µm
_10180_,54.65µm
_16103_,54.52µm
_16520_,54.52µm
_12939_,54.47µm
_16062_,54.47µm
_21844_,54.47µm
_22997_,54.47µm
i_core_v_mini_mcu.ao_peripheral_subsystem_i.clint_mtime_o\[6\],54.47µm
i_core_v_mini_mcu.ao_peripheral_subsystem_i.mosaic_clint_i.mtimecmp_q\[98\],54.47µm
i_core_v_mini_mcu.ao_peripheral_subsystem_i.spi_subsystem_i.obi_spimemio_i.spimemio_i.state\[10\],54.47µm
i_core_v_mini_mcu.cpu_subsystem_i.cpu_1_0.rf_ram_i.memory\[462\]\[0\],54.47µm
_07881_,54.42µm
_08808_,54.42µm
_10351_,54.42µm
_10747_,54.42µm
_15296_,54.42µm
i_core_v_mini_mcu.cpu_subsystem_i.cpu_1_0.rf_ram_i.memory\[290\]\[1\],54.42µm
i_core_v_mini_mcu.cpu_subsystem_i.cpu_1_0.rf_ram_i.memory\[33\]\[1\],54.42µm
i_core_v_mini_mcu.memory_subsystem_i.ram0_i.tc_ram_i.sram\[26\]\[23\],54.42µm
_05524_,54.37µm
_06514_,54.37µm
_07202_,54.37µm
_07312_,54.37µm
_07564_,54.37µm
_07834_,54.37µm
_08620_,54.37µm
_11088_,54.37µm
_11189_,54.37µm
_17312_,54.37µm
_18145_,54.37µm
_20102_,54.37µm
_21522_,54.37µm
i_core_v_mini_mcu.ao_peripheral_subsystem_i.obi_fifo_i.consumer_data_req\[26\],54.37µm
i_core_v_mini_mcu.cpu_subsystem_i.cpu_0_0.rf_ram_i.memory\[503\]\[1\],54.37µm
i_core_v_mini_mcu.cpu_subsystem_i.cpu_0_0.rf_ram_i.memory\[77\]\[0\],54.37µm
i_core_v_mini_mcu.cpu_subsystem_i.cpu_1_0.rf_ram_i.memory\[202\]\[0\],54.37µm
i_core_v_mini_mcu.cpu_subsystem_i.cpu_1_0.rf_ram_i.memory\[287\]\[0\],54.37µm
i_core_v_mini_mcu.cpu_subsystem_i.cpu_1_0.rf_ram_i.memory\[33\]\[0\],54.37µm
i_core_v_mini_mcu.cpu_subsystem_i.cpu_1_0.rf_ram_i.memory\[428\]\[0\],54.37µm
_07432_,54.32µm
_13610_,54.32µm
_16021_,54.32µm
_16899_,54.32µm
_19438_,54.32µm
_22543_,54.32µm
_26217_,54.32µm
_26362_,54.32µm
_26457_,54.32µm
_27218_,54.32µm
i_core_v_mini_mcu.cpu_subsystem_i.cpu_0_0.rf_ram_i.memory\[316\]\[1\],54.32µm
i_core_v_mini_mcu.cpu_subsystem_i.cpu_0_0.rf_ram_i.memory\[70\]\[1\],54.32µm
i_core_v_mini_mcu.memory_subsystem_i.ram0_i.tc_ram_i.sram\[13\]\[2\],54.32µm
_12034_,54.3µm
_06502_,54.06µm
_19629_,53.96µm
i_core_v_mini_mcu.peripheral_subsystem_i.uart_i.uart_core.rx_timeout_count_q\[19\],53.96µm
_15686_,53.91µm
_17488_,53.91µm
_21975_,53.91µm
i_core_v_mini_mcu.ao_peripheral_subsystem_i.clint_mtime_o\[35\],53.91µm
i_core_v_mini_mcu.ao_peripheral_subsystem_i.soc_ctrl_i.soc_ctrl_reg_top_i.system_frequency_hz_qs\[0\],53.91µm
i_core_v_mini_mcu.ao_peripheral_subsystem_i.tdu_i.task_mem\[7\]\[19\],53.91µm
i_core_v_mini_mcu.core_data_req\[98\],53.91µm
_09132_,53.86µm
_09687_,53.86µm
_14679_,53.86µm
_15173_,53.86µm
_15449_,53.86µm
_21484_,53.86µm
_21902_,53.86µm
_21910_,53.86µm
_22215_,53.86µm
i_core_v_mini_mcu.ao_peripheral_subsystem_i.obi_fifo_i.consumer_data_req\[48\],53.86µm
i_core_v_mini_mcu.ao_peripheral_subsystem_i.power_manager_i.power_manager_reg_top_i.cpu_switch_off_counter_qs\[9\],53.86µm
i_core_v_mini_mcu.cpu_subsystem_i.cpu_0_0.rf_ram_i.memory\[123\]\[0\],53.86µm
i_core_v_mini_mcu.cpu_subsystem_i.cpu_0_0.rf_ram_i.memory\[372\]\[1\],53.86µm
i_core_v_mini_mcu.cpu_subsystem_i.cpu_0_0.rf_ram_i.memory\[44\]\[0\],53.86µm
i_core_v_mini_mcu.cpu_subsystem_i.cpu_1_0.rf_ram_i.memory\[7\]\[0\],53.86µm
i_core_v_mini_mcu.cpu_subsystem_i.cpu_1_0.rf_ram_i.memory\[96\]\[0\],53.86µm
_07481_,53.81µm
_08381_,53.81µm
_08746_,53.81µm
_14045_,53.81µm
_14589_,53.81µm
_14710_,53.81µm
_17007_,53.81µm
_17274_,53.81µm
_18002_,53.81µm
_18320_,53.81µm
_27020_,53.81µm
i_core_v_mini_mcu.ao_peripheral_subsystem_i.mosaic_clint_i.mtimecmp_q\[107\],53.81µm
i_core_v_mini_mcu.ao_peripheral_subsystem_i.spi_subsystem_i.obi_spimemio_i.spimemio_i.xfer.count\[0\],53.81µm
i_core_v_mini_mcu.ao_peripheral_subsystem_i.tdu_i.task_mem\[1\]\[3\],53.81µm
i_core_v_mini_mcu.cpu_subsystem_i.cpu_0_0.rf_ram_i.memory\[373\]\[1\],53.81µm
i_core_v_mini_mcu.cpu_subsystem_i.cpu_0_0.rf_ram_i.memory\[423\]\[1\],53.81µm
i_core_v_mini_mcu.cpu_subsystem_i.cpu_0_0.rf_ram_i.memory\[426\]\[0\],53.81µm
i_core_v_mini_mcu.cpu_subsystem_i.cpu_0_0.rf_ram_i.memory\[468\]\[0\],53.81µm
i_core_v_mini_mcu.cpu_subsystem_i.cpu_0_0.rf_ram_i.memory\[501\]\[1\],53.81µm
i_core_v_mini_mcu.cpu_subsystem_i.cpu_1_0.rf_ram_i.memory\[442\]\[0\],53.81µm
i_core_v_mini_mcu.cpu_subsystem_i.cpu_1_0.rf_ram_i.memory\[63\]\[1\],53.81µm
i_core_v_mini_mcu.peripheral_subsystem_i.periph_to_reg_i.r_rdata_d\[27\],53.81µm
_07568_,53.76µm
_08806_,53.76µm
_15299_,53.76µm
_15695_,53.76µm
_16947_,53.76µm
_21960_,53.76µm
_22485_,53.76µm
_23999_,53.76µm
_25415_,53.76µm
_27718_,53.76µm
i_core_v_mini_mcu.cpu_subsystem_i.cpu_0_0.rf_ram_i.memory\[311\]\[1\],53.76µm
i_core_v_mini_mcu.cpu_subsystem_i.cpu_0_0.rf_ram_i.memory\[418\]\[0\],53.76µm
i_core_v_mini_mcu.peripheral_subsystem_i.uart_i.reg2hw\[38\],53.76µm
i_core_v_mini_mcu.ao_peripheral_subsystem_i.tdu_i.task_mem\[6\]\[8\],53.53µm
_27037_,53.5µm
_08166_,53.45µm
_09320_,53.4µm
_15125_,53.4µm
clknet_leaf_48_i_core_v_mini_mcu.cpu_subsystem_i.cpu_0_0.clk_i,53.4µm
clknet_leaf_152_i_core_v_mini_mcu.cpu_subsystem_i.cpu_0_0.clk_i,53.4µm
_06796_,53.35µm
_21875_,53.35µm
i_core_v_mini_mcu.peripheral_subsystem_i.uart_i.reg2hw\[117\],53.35µm
i_core_v_mini_mcu.peripheral_subsystem_i.uart_i.reg2hw\[120\],53.35µm
clknet_leaf_90_i_core_v_mini_mcu.cpu_subsystem_i.cpu_1_0.clk_i,53.35µm
_12102_,53.33µm
_14272_,53.3µm
_16496_,53.3µm
_16524_,53.3µm
_16884_,53.3µm
_21357_,53.3µm
_24975_,53.3µm
i_core_v_mini_mcu.cpu_subsystem_i.cpu_0_0.rf_ram_i.memory\[67\]\[1\],53.3µm
i_core_v_mini_mcu.cpu_subsystem_i.cpu_1_0.rf_ram_i.memory\[329\]\[1\],53.3µm
i_core_v_mini_mcu.cpu_subsystem_i.cpu_1_0.rf_ram_i.memory\[461\]\[1\],53.3µm
_07440_,53.25µm
_10379_,53.25µm
_11355_,53.25µm
_12848_,53.25µm
_12923_,53.25µm
_13544_,53.25µm
_15999_,53.25µm
_18298_,53.25µm
_21354_,53.25µm
_24239_,53.25µm
_24795_,53.25µm
i_core_v_mini_mcu.ao_peripheral_subsystem_i.periph_to_reg_i.r_rdata_d\[7\],53.25µm
i_core_v_mini_mcu.ao_peripheral_subsystem_i.power_manager_i.power_manager_reg_top_i.monitor_power_gate_core_qs\[0\],53.25µm
i_core_v_mini_mcu.cpu_subsystem_i.cpu_0_0.rf_ram_i.memory\[503\]\[0\],53.25µm
i_core_v_mini_mcu.cpu_subsystem_i.cpu_1_0.i_servile.cpu.bufreg2.i_bytecnt\[0\],53.25µm
i_core_v_mini_mcu.cpu_subsystem_i.cpu_1_0.rf_ram_i.memory\[463\]\[1\],53.25µm
i_core_v_mini_mcu.memory_subsystem_i.ram0_i.tc_ram_i.sram\[11\]\[17\],53.25µm
_07174_,53.2µm
_08031_,53.2µm
_09676_,53.2µm
_10140_,53.2µm
_12964_,53.2µm
_13171_,53.2µm
_14085_,53.2µm
_14584_,53.2µm
_15157_,53.2µm
_17006_,53.2µm
_20854_,53.2µm
_22539_,53.2µm
_24444_,53.2µm
_24599_,53.2µm
_24600_,53.2µm
i_core_v_mini_mcu.cpu_subsystem_i.cpu_0_0.rf_ram_i.memory\[420\]\[0\],53.2µm
i_core_v_mini_mcu.cpu_subsystem_i.cpu_1_0.rf_ram_i.memory\[418\]\[1\],53.2µm
_16933_,52.97µm
_16490_,52.89µm
_16511_,52.84µm
_16534_,52.84µm
_09233_,52.79µm
_27672_,52.79µm
i_core_v_mini_mcu.ao_peripheral_subsystem_i.power_manager_i.power_manager_reg_top_i.cpu_iso_off_counter_qs\[5\],52.79µm
_05691_,52.74µm
_11169_,52.74µm
_13152_,52.74µm
_14586_,52.74µm
_15683_,52.74µm
_15807_,52.74µm
_16119_,52.74µm
i_core_v_mini_mcu.ao_peripheral_subsystem_i.spi_subsystem_i.obi_spimemio_i.spimemio_i.rd_addr\[6\],52.74µm
i_core_v_mini_mcu.ao_peripheral_subsystem_i.tdu_i.task_mem\[2\]\[11\],52.74µm
i_core_v_mini_mcu.cpu_subsystem_i.cpu_0_0.rf_ram_i.memory\[387\]\[0\],52.74µm
_06046_,52.69µm
_06693_,52.69µm
_11498_,52.69µm
_12352_,52.69µm
_13831_,52.69µm
_16238_,52.69µm
_17987_,52.69µm
_25081_,52.69µm
_27212_,52.69µm
i_core_v_mini_mcu.ao_peripheral_subsystem_i.tdu_i.task_mem\[2\]\[2\],52.69µm
i_core_v_mini_mcu.core_data_req\[87\],52.69µm
i_core_v_mini_mcu.core_data_req\[88\],52.69µm
i_core_v_mini_mcu.cpu_subsystem_i.cpu_1_0.rf_ram_i.memory\[431\]\[1\],52.69µm
i_core_v_mini_mcu.system_bus_i.system_xbar_i.gen_xbar_NtoM.i_xbar.gen_inputs\[3\].i_addr_dec_resp_mux.gen_several_outputs.bank_sel_q\[0\],52.69µm
_17559_,52.66µm
_05500_,52.64µm
_06328_,52.64µm
_07048_,52.64µm
_07412_,52.64µm
_11695_,52.64µm
_11998_,52.64µm
_12995_,52.64µm
_13078_,52.64µm
_15990_,52.64µm
_17608_,52.64µm
_24298_,52.64µm
_24557_,52.64µm
_24907_,52.64µm
_25165_,52.64µm
_25340_,52.64µm
i_core_v_mini_mcu.ao_peripheral_subsystem_i.mosaic_clint_i.mtimecmp_q\[60\],52.64µm
i_core_v_mini_mcu.cpu_subsystem_i.cpu_0_0.rf_ram_i.memory\[494\]\[0\],52.64µm
_15219_,52.41µm
i_core_v_mini_mcu.cpu_subsystem_i.cpu_1_0.rf_ram_i.memory\[285\]\[0\],52.36µm
_14581_,52.33µm
i_core_v_mini_mcu.peripheral_subsystem_i.uart_i.uart_core.rx_timeout_count_q\[4\],52.33µm
clknet_leaf_96_i_core_v_mini_mcu.cpu_subsystem_i.cpu_1_0.clk_i,52.33µm
_05831_,52.28µm
_17876_,52.28µm
net1342,52.28µm
_05636_,52.23µm
_14420_,52.23µm
_16344_,52.23µm
_19751_,52.23µm
_20825_,52.23µm
_26926_,52.23µm
i_core_v_mini_mcu.ao_peripheral_subsystem_i.spi_subsystem_i.obi_spimemio_i.spimemio_i.buffer\[7\],52.23µm
_07572_,52.18µm
_09975_,52.18µm
_10106_,52.18µm
_10137_,52.18µm
_10163_,52.18µm
_15353_,52.18µm
_15935_,52.18µm
_24336_,52.18µm
_27641_,52.18µm
i_core_v_mini_mcu.cpu_subsystem_i.cpu_0_0.rf_ram_i.memory\[348\]\[1\],52.18µm
i_core_v_mini_mcu.cpu_subsystem_i.cpu_0_0.rf_ram_i.memory\[425\]\[0\],52.18µm
i_core_v_mini_mcu.peripheral_subsystem_i.periph_to_reg_i.r_rdata_d\[19\],52.18µm
_12459_,52.15µm
_06125_,52.13µm
_06564_,52.13µm
_07291_,52.13µm
_11973_,52.13µm
_12828_,52.13µm
_15345_,52.13µm
_16059_,52.13µm
_20342_,52.13µm
_21860_,52.13µm
_22336_,52.13µm
_26397_,52.13µm
i_core_v_mini_mcu.ao_peripheral_subsystem_i.power_manager_i.power_manager_reg_top_i.intr_state_qs\[27\],52.13µm
i_core_v_mini_mcu.cpu_subsystem_i.cpu_0_0.rf_ram_i.memory\[248\]\[0\],52.13µm
i_core_v_mini_mcu.cpu_subsystem_i.cpu_0_0.rf_ram_i.memory\[421\]\[1\],52.13µm
i_core_v_mini_mcu.cpu_subsystem_i.cpu_0_0.rf_ram_i.memory\[8\]\[0\],52.13µm
i_core_v_mini_mcu.cpu_subsystem_i.cpu_1_0.rf_ram_i.memory\[396\]\[0\],52.13µm
i_core_v_mini_mcu.memory_subsystem_i.ram0_i.tc_ram_i.sram\[20\]\[13\],52.13µm
i_core_v_mini_mcu.peripheral_subsystem_i.obi_fifo_i.consumer_resp_i\[33\],52.13µm
i_core_v_mini_mcu.peripheral_subsystem_i.uart_i.reg2hw\[29\],52.13µm
_08800_,52.08µm
_11454_,52.08µm
_13163_,52.08µm
_13200_,52.08µm
_14769_,52.08µm
_15425_,52.08µm
_16572_,52.08µm
_17042_,52.08µm
_21473_,52.08µm
_21541_,52.08µm
_23977_,52.08µm
_24789_,52.08µm
_27637_,52.08µm
i_core_v_mini_mcu.ao_peripheral_subsystem_i.mosaic_clint_i.mtimecmp_q\[121\],52.08µm
i_core_v_mini_mcu.ao_peripheral_subsystem_i.tdu_i.cpi_est_q\[21\],52.08µm
i_core_v_mini_mcu.ao_peripheral_subsystem_i.tdu_i.task_mem\[2\]\[5\],52.08µm
i_core_v_mini_mcu.peripheral_subsystem_i.obi_fifo_i.consumer_resp_i\[18\],52.08µm
_27067_,51.9µm
i_core_v_mini_mcu.ao_peripheral_subsystem_i.tdu_i.task_mem\[6\]\[0\],51.85µm
_14975_,51.82µm
_17294_,51.82µm
_17086_,51.8µm
_16037_,51.72µm
net1536,51.72µm
clknet_leaf_124_i_core_v_mini_mcu.cpu_subsystem_i.cpu_0_0.clk_i,51.72µm
_13882_,51.67µm
_17220_,51.67µm
i_core_v_mini_mcu.peripheral_subsystem_i.obi_fifo_i.consumer_data_req\[4\],51.67µm
net1504,51.67µm
clknet_leaf_92_i_core_v_mini_mcu.cpu_subsystem_i.cpu_1_0.clk_i,51.67µm
_09397_,51.62µm
_09496_,51.62µm
_09519_,51.62µm
_09673_,51.62µm
_12122_,51.62µm
_15458_,51.62µm
_17337_,51.62µm
_23010_,51.62µm
_27567_,51.62µm
exit_value_int\[5\],51.62µm
i_core_v_mini_mcu.ao_peripheral_subsystem_i.obi_fifo_i.consumer_data_req\[13\],51.62µm
i_core_v_mini_mcu.ao_peripheral_subsystem_i.obi_fifo_i.consumer_data_req\[43\],51.62µm
i_core_v_mini_mcu.ao_peripheral_subsystem_i.obi_fifo_i.consumer_data_req_q\[4\],51.62µm
i_core_v_mini_mcu.ao_peripheral_subsystem_i.spi_subsystem_i.obi_spimemio_i.spimemio_i.rd_addr\[18\],51.62µm
i_core_v_mini_mcu.cpu_subsystem_i.cpu_0_0.rf_ram_i.memory\[123\]\[1\],51.62µm
i_core_v_mini_mcu.peripheral_subsystem_i.obi_fifo_i.consumer_data_req\[31\],51.62µm
_06623_,51.57µm
_07010_,51.57µm
_12491_,51.57µm
_13263_,51.57µm
_15995_,51.57µm
_16939_,51.57µm
_23284_,51.57µm
_27257_,51.57µm
i_core_v_mini_mcu.cpu_subsystem_i.cpu_0_0.rf_ram_i.memory\[174\]\[1\],51.57µm
i_core_v_mini_mcu.cpu_subsystem_i.cpu_1_0.rf_ram_i.memory\[335\]\[0\],51.57µm
i_core_v_mini_mcu.cpu_subsystem_i.cpu_1_0.rf_ram_i.memory\[398\]\[0\],51.57µm
net1496,51.57µm
clknet_leaf_167_i_core_v_mini_mcu.cpu_subsystem_i.cpu_1_0.clk_i,51.57µm
_08210_,51.52µm
_08731_,51.52µm
_13325_,51.52µm
_17511_,51.52µm
_21464_,51.52µm
_26731_,51.52µm
i_core_v_mini_mcu.cpu_subsystem_i.cpu_0_0.rf_ram_i.memory\[119\]\[0\],51.52µm
i_core_v_mini_mcu.cpu_subsystem_i.cpu_0_0.rf_ram_i.memory\[130\]\[0\],51.52µm
i_core_v_mini_mcu.cpu_subsystem_i.cpu_0_0.rf_ram_i.memory\[143\]\[0\],51.52µm
i_core_v_mini_mcu.memory_subsystem_i.ram0_i.tc_ram_i.sram\[11\]\[11\],51.52µm
net80,51.52µm
clknet_leaf_42_i_core_v_mini_mcu.cpu_subsystem_i.cpu_1_0.clk_i,51.52µm
i_core_v_mini_mcu.cpu_subsystem_i.cpu_0_0.rf_ram_i.memory\[515\]\[0\],51.39µm
exit_value_int\[13\],51.34µm
_15529_,51.21µm
clknet_leaf_84_i_core_v_mini_mcu.cpu_subsystem_i.cpu_0_0.clk_i,51.21µm
_14227_,51.16µm
_06366_,51.11µm
_09741_,51.11µm
_16921_,51.11µm
_26730_,51.11µm
_06119_,51.06µm
_10344_,51.06µm
_13297_,51.06µm
_13643_,51.06µm
_13825_,51.06µm
_15067_,51.06µm
_15722_,51.06µm
_15931_,51.06µm
_17436_,51.06µm
_21125_,51.06µm
_21460_,51.06µm
_24024_,51.06µm
_25965_,51.06µm
i_core_v_mini_mcu.memory_subsystem_i.ram0_i.tc_ram_i.sram\[21\]\[13\],51.06µm
clknet_leaf_22_i_core_v_mini_mcu.cpu_subsystem_i.cpu_0_0.clk_i,51.06µm
_06112_,51.01µm
_06984_,51.01µm
_07066_,51.01µm
_09133_,51.01µm
_10795_,51.01µm
_10982_,51.01µm
_12570_,51.01µm
_13545_,51.01µm
_13969_,51.01µm
_14396_,51.01µm
_14709_,51.01µm
_16094_,51.01µm
_17117_,51.01µm
_17510_,51.01µm
_23982_,51.01µm
_25096_,51.01µm
_25236_,51.01µm
i_core_v_mini_mcu.ao_peripheral_subsystem_i.obi_fifo_i.consumer_data_req\[18\],51.01µm
i_core_v_mini_mcu.ao_peripheral_subsystem_i.spi_subsystem_i.obi_spimemio_i.spimemio_i.din_tag\[1\],51.01µm
i_core_v_mini_mcu.ao_peripheral_subsystem_i.tdu_i.task_mem\[5\]\[2\],51.01µm
i_core_v_mini_mcu.ao_peripheral_subsystem_i.tdu_i.task_mem\[6\]\[4\],51.01µm
i_core_v_mini_mcu.cpu_subsystem_i.cpu_0_0.rf_ram_i.memory\[118\]\[1\],51.01µm
i_core_v_mini_mcu.cpu_subsystem_i.cpu_1_0.rf_ram_i.memory\[378\]\[0\],51.01µm
clknet_leaf_162_i_core_v_mini_mcu.cpu_subsystem_i.cpu_1_0.clk_i,51.01µm
_10126_,50.96µm
_11180_,50.96µm
_11552_,50.96µm
_12765_,50.96µm
_13260_,50.96µm
_21851_,50.96µm
_25230_,50.96µm
i_core_v_mini_mcu.ao_peripheral_subsystem_i.spi_subsystem_i.obi_spimemio_i.obi_to_picorv32_i.picorv32_resp_i\[28\],50.96µm
i_core_v_mini_mcu.ao_peripheral_subsystem_i.tdu_i.task_mem\[7\]\[3\],50.96µm
_15023_,50.78µm
i_core_v_mini_mcu.cpu_subsystem_i.cpu_0_0.rf_ram_i.memory\[222\]\[0\],50.78µm
_09172_,50.7µm
_06702_,50.65µm
_23940_,50.65µm
_08841_,50.6µm
_09469_,50.6µm
_27635_,50.6µm
_08784_,50.55µm
_14828_,50.55µm
_15662_,50.55µm
i_core_v_mini_mcu.cpu_subsystem_i.cpu_0_0.rf_ram_i.memory\[386\]\[1\],50.55µm
net1609,50.54µm
_09042_,50.5µm
_26778_,50.5µm
i_core_v_mini_mcu.ao_peripheral_subsystem_i.spi_subsystem_i.obi_spimemio_i.obi_to_picorv32_i.picorv32_resp_i\[25\],50.5µm
i_core_v_mini_mcu.cpu_subsystem_i.cpu_0_0.i_servile.cpu.alu.i_rd_sel\[2\],50.5µm
i_core_v_mini_mcu.cpu_subsystem_i.cpu_1_0.rf_ram_i.memory\[424\]\[0\],50.5µm
net1911,50.5µm
_08325_,50.45µm
_09968_,50.45µm
_11506_,50.45µm
_12887_,50.45µm
_13543_,50.45µm
_14872_,50.45µm
_15264_,50.45µm
_15282_,50.45µm
_15719_,50.45µm
_20948_,50.45µm
_22486_,50.45µm
_27234_,50.45µm
i_core_v_mini_mcu.ao_peripheral_subsystem_i.power_manager_i.power_manager_reg_top_i.en_wait_for_intr_qs\[14\],50.45µm
i_core_v_mini_mcu.ao_peripheral_subsystem_i.spi_subsystem_i.obi_spimemio_i.obi_to_picorv32_i.picorv32_resp_i\[11\],50.45µm
i_core_v_mini_mcu.ao_peripheral_subsystem_i.spi_subsystem_i.obi_spimemio_i.spimemio_i.din_qspi,50.45µm
i_core_v_mini_mcu.cpu_subsystem_i.cpu_1_0.rf_ram_i.memory\[191\]\[0\],50.45µm
clknet_leaf_107_i_core_v_mini_mcu.cpu_subsystem_i.cpu_1_0.clk_i,50.45µm
_05750_,50.4µm
_06997_,50.4µm
_07649_,50.4µm
_07729_,50.4µm
_09263_,50.4µm
_11106_,50.4µm
_14124_,50.4µm
_14299_,50.4µm
_15424_,50.4µm
_18721_,50.4µm
_24242_,50.4µm
i_core_v_mini_mcu.ao_peripheral_subsystem_i.tdu_i.task_mem\[7\]\[2\],50.4µm
i_core_v_mini_mcu.cpu_subsystem_i.cpu_1_0.rf_ram_i.memory\[395\]\[1\],50.4µm
_05920_,50.27µm
i_core_v_mini_mcu.ao_peripheral_subsystem_i.obi_fifo_i.consumer_data_req\[8\],50.22µm
_23662_,50.14µm
_12144_,50.09µm
i_core_v_mini_mcu.ao_peripheral_subsystem_i.clint_mtime_o\[25\],50.09µm
i_core_v_mini_mcu.ao_peripheral_subsystem_i.power_manager_i.power_manager_reg_top_i.cpu_switch_on_counter_qs\[4\],50.09µm
_14337_,50.04µm
i_core_v_mini_mcu.ao_peripheral_subsystem_i.mosaic_clint_i.mtimecmp_q\[92\],50.04µm
_06559_,49.99µm
_06862_,49.99µm
_09309_,49.99µm
_09878_,49.99µm
_13834_,49.99µm
_17363_,49.99µm
_20067_,49.99µm
i_core_v_mini_mcu.cpu_subsystem_i.cpu_0_0.rf_ram_i.memory\[389\]\[0\],49.99µm
i_core_v_mini_mcu.peripheral_subsystem_i.obi_fifo_i.consumer_resp_i\[21\],49.99µm
clknet_leaf_43_i_core_v_mini_mcu.cpu_subsystem_i.cpu_0_0.clk_i,49.99µm
clknet_leaf_72_i_core_v_mini_mcu.cpu_subsystem_i.cpu_0_0.clk_i,49.99µm
_06235_,49.94µm
_06537_,49.94µm
_08882_,49.94µm
_15855_,49.94µm
_20074_,49.94µm
_21278_,49.94µm
_21524_,49.94µm
_22989_,49.94µm
_27676_,49.94µm
i_core_v_mini_mcu.ao_peripheral_subsystem_i.tdu_i.task_mem\[7\]\[7\],49.94µm
i_core_v_mini_mcu.cpu_subsystem_i.cpu_0_0.rf_ram_i.memory\[119\]\[1\],49.94µm
i_core_v_mini_mcu.cpu_subsystem_i.cpu_0_0.rf_ram_i.memory\[42\]\[1\],49.94µm
i_core_v_mini_mcu.memory_subsystem_i.ram0_i.tc_ram_i.sram\[14\]\[25\],49.94µm
_06503_,49.89µm
_07815_,49.89µm
_08593_,49.89µm
_08814_,49.89µm
_09396_,49.89µm
_11356_,49.89µm
_13837_,49.89µm
_14178_,49.89µm
_14248_,49.89µm
_15703_,49.89µm
_16796_,49.89µm
_17431_,49.89µm
_17869_,49.89µm
_21359_,49.89µm
_23723_,49.89µm
i_core_v_mini_mcu.ao_peripheral_subsystem_i.mosaic_clint_i.mtimecmp_q\[37\],49.89µm
i_core_v_mini_mcu.ao_peripheral_subsystem_i.tdu_i.active_hart_cycles_q\[4\],49.89µm
i_core_v_mini_mcu.cpu_subsystem_i.cpu_0_0.i_servile.cpu.immdec.gen_immdec_w_eq_1.imm31,49.89µm
i_core_v_mini_mcu.cpu_subsystem_i.cpu_0_0.rf_ram_i.memory\[314\]\[1\],49.89µm
i_core_v_mini_mcu.cpu_subsystem_i.cpu_0_0.rf_ram_i.memory\[385\]\[0\],49.89µm
i_core_v_mini_mcu.cpu_subsystem_i.cpu_0_0.rf_ram_i.memory\[460\]\[0\],49.89µm
i_core_v_mini_mcu.cpu_subsystem_i.cpu_0_0.rf_ram_i.memory\[63\]\[0\],49.89µm
i_core_v_mini_mcu.cpu_subsystem_i.cpu_1_0.i_servile.arbiter.i_wb_cpu_dbus_adr\[21\],49.89µm
_05828_,49.84µm
_07198_,49.84µm
_09206_,49.84µm
_10003_,49.84µm
_11807_,49.84µm
_12561_,49.84µm
_12766_,49.84µm
_12931_,49.84µm
_12937_,49.84µm
_14119_,49.84µm
_14421_,49.84µm
_14673_,49.84µm
_15494_,49.84µm
_15977_,49.84µm
_16150_,49.84µm
_17088_,49.84µm
_17415_,49.84µm
_21437_,49.84µm
_23812_,49.84µm
_26142_,49.84µm
_26291_,49.84µm
_27438_,49.84µm
i_core_v_mini_mcu.ao_peripheral_subsystem_i.periph_to_reg_i.r_rdata_d\[5\],49.84µm
i_core_v_mini_mcu.ao_peripheral_subsystem_i.soc_ctrl_i.reg2hw\[13\],49.84µm
i_core_v_mini_mcu.cpu_subsystem_i.cpu_1_0.rf_ram_i.memory\[396\]\[1\],49.84µm
net15,49.84µm
i_core_v_mini_mcu.cpu_subsystem_i.cpu_1_0.rf_ram_i.memory\[504\]\[0\],49.56µm
_09288_,49.48µm
clknet_leaf_113_i_core_v_mini_mcu.cpu_subsystem_i.cpu_1_0.clk_i,49.48µm
_14423_,49.43µm
_16168_,49.43µm
i_core_v_mini_mcu.ao_peripheral_subsystem_i.obi_fifo_i.consumer_data_req_q\[13\],49.43µm
i_core_v_mini_mcu.cpu_subsystem_i.cpu_1_0.rf_ram_i.memory\[363\]\[0\],49.43µm
_06283_,49.38µm
_06649_,49.38µm
_07221_,49.38µm
_10983_,49.38µm
_11370_,49.38µm
_11645_,49.38µm
_12390_,49.38µm
_13637_,49.38µm
_14226_,49.38µm
_17018_,49.38µm
_17050_,49.38µm
_21412_,49.38µm
_26808_,49.38µm
exit_value_int\[9\],49.38µm
i_core_v_mini_mcu.ao_peripheral_subsystem_i.power_manager_i.power_manager_reg_top_i.en_wait_for_intr_qs\[25\],49.38µm
clknet_leaf_23_i_core_v_mini_mcu.cpu_subsystem_i.cpu_0_0.clk_i,49.38µm
clknet_leaf_103_i_core_v_mini_mcu.cpu_subsystem_i.cpu_0_0.clk_i,49.38µm
_06697_,49.33µm
_07433_,49.33µm
_09024_,49.33µm
_09904_,49.33µm
_10542_,49.33µm
_12731_,49.33µm
_14883_,49.33µm
_15680_,49.33µm
_15968_,49.33µm
_18248_,49.33µm
_24139_,49.33µm
_24545_,49.33µm
_24912_,49.33µm
_25609_,49.33µm
_26790_,49.33µm
exit_value_int\[7\],49.33µm
i_core_v_mini_mcu.ao_peripheral_subsystem_i.mosaic_clint_i.mtimecmp_q\[7\],49.33µm
i_core_v_mini_mcu.ao_peripheral_subsystem_i.power_manager_i.power_manager_reg_top_i.intr_state_qs\[23\],49.33µm
i_core_v_mini_mcu.ao_peripheral_subsystem_i.soc_ctrl_i.soc_ctrl_reg_top_i.system_frequency_hz_qs\[28\],49.33µm
i_core_v_mini_mcu.cpu_subsystem_i.cpu_0_0.rf_ram_i.memory\[142\]\[0\],49.33µm
i_core_v_mini_mcu.cpu_subsystem_i.cpu_1_0.i_servile.rf_ram_if.rtrig1,49.33µm
i_core_v_mini_mcu.cpu_subsystem_i.cpu_1_0.rf_ram_i.memory\[272\]\[0\],49.33µm
i_core_v_mini_mcu.cpu_subsystem_i.cpu_1_0.rf_ram_i.memory\[298\]\[1\],49.33µm
i_core_v_mini_mcu.cpu_subsystem_i.cpu_1_0.rf_ram_i.memory\[368\]\[0\],49.33µm
i_core_v_mini_mcu.peripheral_subsystem_i.obi_fifo_i.consumer_resp_i\[22\],49.33µm
_07199_,49.28µm
_09410_,49.28µm
_10777_,49.28µm
_10945_,49.28µm
_10961_,49.28µm
_16185_,49.28µm
_17549_,49.28µm
_18006_,49.28µm
_21923_,49.28µm
_22934_,49.28µm
_25777_,49.28µm
_25813_,49.28µm
_25945_,49.28µm
i_core_v_mini_mcu.cpu_subsystem_i.cpu_0_0.rf_ram_i.memory\[129\]\[0\],49.28µm
i_core_v_mini_mcu.cpu_subsystem_i.cpu_0_0.rf_ram_i.memory\[14\]\[1\],49.28µm
i_core_v_mini_mcu.memory_subsystem_i.ram0_i.tc_ram_i.sram\[3\]\[5\],49.28µm
i_core_v_mini_mcu.ao_peripheral_subsystem_i.spi_subsystem_i.obi_spimemio_i.spimemio_i.state\[6\],49.1µm
i_core_v_mini_mcu.cpu_subsystem_i.cpu_0_0.rf_ram_i.memory\[53\]\[0\],49.05µm
_17933_,49.02µm
_21527_,48.97µm
_16834_,48.92µm
i_core_v_mini_mcu.ao_peripheral_subsystem_i.tdu_i.task_mem\[0\]\[7\],48.92µm
_07234_,48.87µm
_14417_,48.87µm
_16545_,48.87µm
i_core_v_mini_mcu.ao_peripheral_subsystem_i.spi_subsystem_i.obi_spimemio_i.spimemio_i.buffer\[3\],48.87µm
i_core_v_mini_mcu.cpu_subsystem_i.cpu_1_0.rf_ram_i.memory\[337\]\[0\],48.87µm
i_core_v_mini_mcu.cpu_subsystem_i.cpu_1_0.rf_ram_i.memory\[373\]\[0\],48.87µm
i_core_v_mini_mcu.cpu_subsystem_i.cpu_1_0.rf_ram_i.memory\[87\]\[0\],48.87µm
net1890,48.87µm
_08915_,48.82µm
_09382_,48.82µm
_10810_,48.82µm
_15401_,48.82µm
_16303_,48.82µm
_23361_,48.82µm
i_core_v_mini_mcu.ao_peripheral_subsystem_i.tdu_i.task_mem\[6\]\[13\],48.82µm
i_core_v_mini_mcu.cpu_subsystem_i.cpu_0_0.rf_ram_i.memory\[33\]\[0\],48.82µm
i_core_v_mini_mcu.cpu_subsystem_i.cpu_0_0.rf_ram_i.memory\[488\]\[1\],48.82µm
i_core_v_mini_mcu.cpu_subsystem_i.cpu_0_0.rf_ram_i.memory\[58\]\[1\],48.82µm
i_core_v_mini_mcu.cpu_subsystem_i.cpu_1_0.i_servile.cpu.bufreg.data\[1\],48.82µm
i_core_v_mini_mcu.peripheral_subsystem_i.uart_i.uart_core.rx_timeout_count_q\[12\],48.82µm
clknet_leaf_2_i_core_v_mini_mcu.cpu_subsystem_i.cpu_0_0.clk_i,48.82µm
_03749_,48.77µm
_05452_,48.77µm
_06151_,48.77µm
_07380_,48.77µm
_07973_,48.77µm
_08238_,48.77µm
_11487_,48.77µm
_12592_,48.77µm
_12880_,48.77µm
_12944_,48.77µm
_13053_,48.77µm
_13268_,48.77µm
_13306_,48.77µm
_15091_,48.77µm
_15098_,48.77µm
_15624_,48.77µm
_16231_,48.77µm
_16793_,48.77µm
_17461_,48.77µm
_21270_,48.77µm
_22915_,48.77µm
_24217_,48.77µm
_24407_,48.77µm
_26765_,48.77µm
i_core_v_mini_mcu.ao_peripheral_subsystem_i.power_manager_i.power_manager_reg_top_i.cpu_reset_assert_counter_qs\[7\],48.77µm
i_core_v_mini_mcu.ao_peripheral_subsystem_i.power_manager_i.power_manager_reg_top_i.en_wait_for_intr_qs\[13\],48.77µm
i_core_v_mini_mcu.cpu_subsystem_i.cpu_0_0.rf_ram_i.memory\[415\]\[0\],48.77µm
i_core_v_mini_mcu.cpu_subsystem_i.cpu_1_0.rf_ram_i.memory\[399\]\[0\],48.77µm
clknet_leaf_36_i_core_v_mini_mcu.cpu_subsystem_i.cpu_1_0.clk_i,48.77µm
_07533_,48.72µm
_08793_,48.72µm
_10895_,48.72µm
_12947_,48.72µm
_14323_,48.72µm
_14719_,48.72µm
_15159_,48.72µm
_16729_,48.72µm
_16965_,48.72µm
_20166_,48.72µm
_23249_,48.72µm
_24765_,48.72µm
_25087_,48.72µm
_26565_,48.72µm
_27201_,48.72µm
i_core_v_mini_mcu.ao_peripheral_subsystem_i.obi_fifo_i.consumer_data_req_q\[27\],48.72µm
i_core_v_mini_mcu.cpu_subsystem_i.cpu_0_0.rf_ram_i.memory\[142\]\[1\],48.72µm
i_core_v_mini_mcu.cpu_subsystem_i.cpu_0_0.rf_ram_i.memory\[346\]\[1\],48.72µm
i_core_v_mini_mcu.cpu_subsystem_i.cpu_1_0.rf_ram_i.memory\[0\]\[1\],48.72µm
i_core_v_mini_mcu.peripheral_subsystem_i.obi_fifo_i.consumer_data_req_q\[37\],48.72µm
i_core_v_mini_mcu.cpu_subsystem_i.cpu_0_0.rf_ram_i.memory\[384\]\[1\],48.54µm
_13862_,48.41µm
_15944_,48.41µm
_09484_,48.36µm
_10523_,48.36µm
_20947_,48.36µm
_06089_,48.31µm
_14206_,48.31µm
_15550_,48.31µm
i_core_v_mini_mcu.ao_peripheral_subsystem_i.spi_subsystem_i.obi_spimemio_i.spimemio_i.xfer.count\[2\],48.31µm
clknet_leaf_58_i_core_v_mini_mcu.cpu_subsystem_i.cpu_1_0.clk_i,48.31µm
clknet_leaf_29_i_core_v_mini_mcu.cpu_subsystem_i.cpu_0_0.clk_i,48.31µm
_07111_,48.26µm
_09356_,48.26µm
_17062_,48.26µm
i_core_v_mini_mcu.ao_peripheral_subsystem_i.tdu_i.task_mem\[1\]\[19\],48.26µm
i_core_v_mini_mcu.cpu_subsystem_i.cpu_0_0.i_servile.cpu.ctrl.o_ibus_adr\[30\],48.26µm
i_core_v_mini_mcu.cpu_subsystem_i.cpu_0_0.rf_ram_i.memory\[249\]\[0\],48.26µm
i_core_v_mini_mcu.cpu_subsystem_i.cpu_1_0.i_servile.cpu.state.o_cnt\[2\],48.26µm
i_core_v_mini_mcu.cpu_subsystem_i.cpu_1_0.rf_ram_i.memory\[419\]\[0\],48.26µm
_06948_,48.21µm
_07982_,48.21µm
_15184_,48.21µm
_15334_,48.21µm
_16926_,48.21µm
_17266_,48.21µm
_17459_,48.21µm
_17771_,48.21µm
_22519_,48.21µm
_22699_,48.21µm
_23296_,48.21µm
_24002_,48.21µm
_25927_,48.21µm
_25983_,48.21µm
i_core_v_mini_mcu.ao_peripheral_subsystem_i.power_manager_i.power_manager_reg_top_i.global_pointer_qs\[3\],48.21µm
i_core_v_mini_mcu.cpu_subsystem_i.cpu_0_0.rf_ram_i.memory\[377\]\[1\],48.21µm
i_core_v_mini_mcu.cpu_subsystem_i.cpu_0_0.rf_ram_i.memory\[389\]\[1\],48.21µm
i_core_v_mini_mcu.cpu_subsystem_i.cpu_0_0.rf_ram_i.memory\[420\]\[1\],48.21µm
i_core_v_mini_mcu.cpu_subsystem_i.cpu_0_0.rf_ram_i.memory\[502\]\[1\],48.21µm
i_core_v_mini_mcu.cpu_subsystem_i.cpu_1_0.rf_ram_i.memory\[26\]\[0\],48.21µm
i_core_v_mini_mcu.cpu_subsystem_i.cpu_1_0.rf_ram_i.memory\[450\]\[1\],48.21µm
_06154_,48.16µm
_07555_,48.16µm
_07858_,48.16µm
_10217_,48.16µm
_11646_,48.16µm
_12127_,48.16µm
_14200_,48.16µm
_16533_,48.16µm
_21766_,48.16µm
_22019_,48.16µm
_22865_,48.16µm
_23040_,48.16µm
_24700_,48.16µm
_24835_,48.16µm
_25584_,48.16µm
_25625_,48.16µm
i_core_v_mini_mcu.ao_peripheral_subsystem_i.obi_fifo_i.consumer_data_req_q\[2\],48.16µm
i_core_v_mini_mcu.cpu_subsystem_i.cpu_1_0.rf_ram_i.memory\[10\]\[0\],48.16µm
i_core_v_mini_mcu.ao_peripheral_subsystem_i.power_manager_i.power_manager_reg_top_i.cpu_iso_on_counter_qs\[13\],47.8µm
i_core_v_mini_mcu.ao_peripheral_subsystem_i.power_manager_i.power_manager_reg_top_i.cpu_switch_off_counter_qs\[5\],47.8µm
_07732_,47.75µm
_10138_,47.75µm
_14157_,47.75µm
_14831_,47.75µm
_16717_,47.75µm
net1320,47.75µm
_08569_,47.7µm
_09345_,47.7µm
_09402_,47.7µm
_09614_,47.7µm
_10027_,47.7µm
_13930_,47.7µm
_14471_,47.7µm
_16653_,47.7µm
_17683_,47.7µm
_18022_,47.7µm
_22093_,47.7µm
i_core_v_mini_mcu.ao_peripheral_subsystem_i.power_manager_i.power_manager_reg_top_i.cpu_reset_deassert_counter_qs\[14\],47.7µm
i_core_v_mini_mcu.ao_peripheral_subsystem_i.spi_subsystem_i.obi_spimemio_i.spimemio_i.xfer.obuffer\[1\],47.7µm
i_core_v_mini_mcu.cpu_subsystem_i.cpu_0_0.rf_ram_i.memory\[496\]\[1\],47.7µm
i_core_v_mini_mcu.cpu_subsystem_i.cpu_1_0.rf_ram_i.memory\[190\]\[0\],47.7µm
i_core_v_mini_mcu.cpu_subsystem_i.cpu_1_0.rf_ram_i.memory\[8\]\[1\],47.7µm
i_core_v_mini_mcu.peripheral_subsystem_i.uart_i.reg2hw\[6\],47.7µm
i_core_v_mini_mcu.peripheral_subsystem_i.uart_i.uart_core.rx_valid,47.7µm
net1431,47.7µm
clknet_leaf_183_i_core_v_mini_mcu.cpu_subsystem_i.cpu_0_0.clk_i,47.7µm
_07385_,47.65µm
_08194_,47.65µm
_10567_,47.65µm
_12442_,47.65µm
_13568_,47.65µm
_14669_,47.65µm
_14692_,47.65µm
_14894_,47.65µm
_15763_,47.65µm
_16074_,47.65µm
_16176_,47.65µm
_16248_,47.65µm
_16250_,47.65µm
_17264_,47.65µm
_20177_,47.65µm
_25312_,47.65µm
_27375_,47.65µm
i_core_v_mini_mcu.cpu_subsystem_i.cpu_0_0.rf_ram_i.memory\[148\]\[1\],47.65µm
i_core_v_mini_mcu.cpu_subsystem_i.cpu_0_0.rf_ram_i.memory\[218\]\[1\],47.65µm
i_core_v_mini_mcu.cpu_subsystem_i.cpu_0_0.rf_ram_i.memory\[556\]\[0\],47.65µm
i_core_v_mini_mcu.cpu_subsystem_i.cpu_1_0.rf_ram_i.memory\[286\]\[1\],47.65µm
i_core_v_mini_mcu.cpu_subsystem_i.cpu_1_0.rf_ram_i.memory\[349\]\[1\],47.65µm
i_core_v_mini_mcu.memory_subsystem_i.ram0_i.tc_ram_i.sram\[10\]\[12\],47.65µm
_03764_,47.6µm
_03770_,47.6µm
_06616_,47.6µm
_08529_,47.6µm
_08685_,47.6µm
_11965_,47.6µm
_12037_,47.6µm
_15164_,47.6µm
_16652_,47.6µm
_17055_,47.6µm
_23646_,47.6µm
_25102_,47.6µm
_25319_,47.6µm
_25822_,47.6µm
i_core_v_mini_mcu.cpu_subsystem_i.cpu_0_0.rf_ram_i.memory\[499\]\[0\],47.6µm
i_core_v_mini_mcu.cpu_subsystem_i.cpu_1_0.rf_ram_i.memory\[423\]\[0\],47.6µm
_14610_,47.42µm
i_core_v_mini_mcu.cpu_subsystem_i.cpu_0_0.rf_ram_i.memory\[427\]\[1\],47.32µm
_14943_,47.24µm
_15291_,47.24µm
clknet_leaf_62_i_core_v_mini_mcu.cpu_subsystem_i.cpu_1_0.clk_i,47.24µm
_07702_,47.19µm
_09807_,47.19µm
i_core_v_mini_mcu.cpu_subsystem_i.cpu_1_0.rf_ram_i.memory\[122\]\[0\],47.19µm
_05662_,47.14µm
_05829_,47.14µm
_08384_,47.14µm
_09976_,47.14µm
_12123_,47.14µm
_15467_,47.14µm
_15890_,47.14µm
_23035_,47.14µm
_24306_,47.14µm
i_core_v_mini_mcu.cpu_subsystem_i.cpu_1_0.rf_ram_i.memory\[24\]\[1\],47.14µm
i_core_v_mini_mcu.cpu_subsystem_i.cpu_1_0.rf_ram_i.memory\[286\]\[0\],47.14µm
_06498_,47.09µm
_08236_,47.09µm
_09272_,47.09µm
_09280_,47.09µm
_09403_,47.09µm
_12262_,47.09µm
_12991_,47.09µm
_13330_,47.09µm
_17448_,47.09µm
_17582_,47.09µm
_20535_,47.09µm
_23176_,47.09µm
_23767_,47.09µm
_24491_,47.09µm
_25001_,47.09µm
_26302_,47.09µm
exit_value_int\[27\],47.09µm
i_core_v_mini_mcu.cpu_subsystem_i.cpu_0_0.rf_ram_i.memory\[135\]\[1\],47.09µm
i_core_v_mini_mcu.cpu_subsystem_i.cpu_0_0.rf_ram_i.memory\[94\]\[1\],47.09µm
i_core_v_mini_mcu.memory_subsystem_i.ram0_i.tc_ram_i.sram\[14\]\[31\],47.09µm
i_core_v_mini_mcu.memory_subsystem_i.ram0_i.tc_ram_i.sram\[15\]\[8\],47.09µm
i_core_v_mini_mcu.peripheral_subsystem_i.uart_i.hw2reg\[4\],47.09µm
net1422,47.09µm
_07714_,47.04µm
_10388_,47.04µm
_12249_,47.04µm
_12549_,47.04µm
_13143_,47.04µm
_13267_,47.04µm
_16514_,47.04µm
_16929_,47.04µm
_17547_,47.04µm
_22051_,47.04µm
_22978_,47.04µm
_25852_,47.04µm
i_core_v_mini_mcu.ao_peripheral_subsystem_i.tdu_i.task_mem\[6\]\[2\],47.04µm
i_core_v_mini_mcu.cpu_subsystem_i.cpu_0_0.i_servile.cpu.decode.o_ctrl_mret,47.04µm
i_core_v_mini_mcu.cpu_subsystem_i.cpu_1_0.rf_ram_i.memory\[388\]\[0\],47.04µm
net31,47.04µm
_17581_,46.91µm
i_core_v_mini_mcu.cpu_subsystem_i.cpu_1_0.rf_ram_i.memory\[190\]\[1\],46.82µm
_14932_,46.78µm
i_core_v_mini_mcu.ao_peripheral_subsystem_i.clint_mtime_o\[43\],46.76µm
_15140_,46.73µm
_16937_,46.73µm
_14497_,46.68µm
_23702_,46.68µm
i_core_v_mini_mcu.ao_peripheral_subsystem_i.spi_subsystem_i.obi_spimemio_i.spimemio_i.din_rd,46.68µm
i_core_v_mini_mcu.ao_peripheral_subsystem_i.tdu_i.task_mem\[4\]\[13\],46.68µm
_06248_,46.63µm
_09257_,46.63µm
_15669_,46.63µm
_16773_,46.63µm
_16820_,46.63µm
i_core_v_mini_mcu.ao_peripheral_subsystem_i.obi_fifo_i.consumer_data_req\[38\],46.63µm
i_core_v_mini_mcu.ao_peripheral_subsystem_i.tdu_i.cpi_est_q\[34\],46.63µm
_05470_,46.58µm
_07190_,46.58µm
_08858_,46.58µm
_10298_,46.58µm
_10419_,46.58µm
_10914_,46.58µm
_14875_,46.58µm
_17576_,46.58µm
_20195_,46.58µm
_23221_,46.58µm
_26481_,46.58µm
i_core_v_mini_mcu.ao_peripheral_subsystem_i.tdu_i.wr_ptr_q\[1\],46.58µm
i_core_v_mini_mcu.cpu_subsystem_i.cpu_1_0.rf_ram_i.memory\[184\]\[1\],46.58µm
i_core_v_mini_mcu.peripheral_subsystem_i.uart_i.hw2reg\[2\],46.58µm
i_core_v_mini_mcu.system_bus_i.system_xbar_i.gen_xbar_NtoM.i_xbar.gen_outputs\[3\].gen_rr_arb_tree.i_rr_arb_tree.gen_arbiter.rr_q\[1\],46.58µm
_05965_,46.53µm
_09344_,46.53µm
_10148_,46.53µm
_11391_,46.53µm
_13430_,46.53µm
_13777_,46.53µm
_16378_,46.53µm
_17868_,46.53µm
_22515_,46.53µm
_25090_,46.53µm
i_core_v_mini_mcu.ao_peripheral_subsystem_i.power_manager_i.power_manager_reg_top_i.cpu_switch_on_counter_qs\[1\],46.53µm
i_core_v_mini_mcu.cpu_subsystem_i.cpu_0_0.rf_ram_i.memory\[419\]\[0\],46.53µm
i_core_v_mini_mcu.cpu_subsystem_i.cpu_1_0.rf_ram_i.memory\[349\]\[0\],46.53µm
i_core_v_mini_mcu.cpu_subsystem_i.cpu_1_0.rf_ram_i.memory\[397\]\[1\],46.53µm
i_core_v_mini_mcu.cpu_subsystem_i.cpu_1_0.rf_ram_i.memory\[429\]\[1\],46.53µm
i_core_v_mini_mcu.memory_subsystem_i.ram0_i.tc_ram_i.sram\[15\]\[29\],46.53µm
i_core_v_mini_mcu.peripheral_subsystem_i.uart_i.reg2hw\[81\],46.53µm
_06292_,46.48µm
_06894_,46.48µm
_07774_,46.48µm
_10246_,46.48µm
_10383_,46.48µm
_11019_,46.48µm
_12528_,46.48µm
_15436_,46.48µm
_16210_,46.48µm
_16883_,46.48µm
_20998_,46.48µm
_26771_,46.48µm
i_core_v_mini_mcu.ao_peripheral_subsystem_i.mosaic_clint_i.mtimecmp_q\[25\],46.48µm
i_core_v_mini_mcu.ao_peripheral_subsystem_i.power_manager_i.power_manager_reg_top_i.en_wait_for_intr_qs\[8\],46.48µm
i_core_v_mini_mcu.ao_peripheral_subsystem_i.tdu_i.task_mem\[6\]\[7\],46.48µm
i_core_v_mini_mcu.cpu_subsystem_i.cpu_0_0.rf_ram_i.memory\[253\]\[1\],46.48µm
i_core_v_mini_mcu.cpu_subsystem_i.cpu_1_0.rf_ram_i.memory\[297\]\[0\],46.48µm
_08782_,46.12µm
_23539_,46.12µm
_05657_,46.07µm
_06174_,46.07µm
_06580_,46.07µm
_08678_,46.07µm
_15137_,46.07µm
i_core_v_mini_mcu.ao_peripheral_subsystem_i.tdu_i.task_mem\[2\]\[8\],46.07µm
_06663_,46.02µm
_07543_,46.02µm
_09064_,46.02µm
_09181_,46.02µm
_09429_,46.02µm
_09481_,46.02µm
_09523_,46.02µm
_14494_,46.02µm
_14957_,46.02µm
_24144_,46.02µm
_27370_,46.02µm
i_core_v_mini_mcu.cpu_subsystem_i.cpu_0_0.rf_ram_i.memory\[438\]\[0\],46.02µm
i_core_v_mini_mcu.cpu_subsystem_i.cpu_1_0.rf_ram_i.memory\[262\]\[1\],46.02µm
i_core_v_mini_mcu.memory_subsystem_i.ram0_i.tc_ram_i.sram\[9\]\[5\],46.02µm
_05743_,45.97µm
_06244_,45.97µm
_07821_,45.97µm
_09425_,45.97µm
_11291_,45.97µm
_11398_,45.97µm
_11694_,45.97µm
_12045_,45.97µm
_12858_,45.97µm
_12979_,45.97µm
_13385_,45.97µm
_13779_,45.97µm
_15448_,45.97µm
_16483_,45.97µm
_16802_,45.97µm
_23568_,45.97µm
_23912_,45.97µm
exit_value_int\[11\],45.97µm
i_core_v_mini_mcu.core_data_req\[74\],45.97µm
i_core_v_mini_mcu.cpu_subsystem_i.cpu_0_0.rf_ram_i.memory\[125\]\[0\],45.97µm
i_core_v_mini_mcu.cpu_subsystem_i.cpu_0_0.rf_ram_i.memory\[415\]\[1\],45.97µm
i_core_v_mini_mcu.cpu_subsystem_i.cpu_1_0.rf_ram_i.memory\[151\]\[1\],45.97µm
i_core_v_mini_mcu.cpu_subsystem_i.cpu_1_0.rf_ram_i.memory\[447\]\[1\],45.97µm
i_core_v_mini_mcu.peripheral_subsystem_i.periph_to_reg_i.r_rdata_d\[18\],45.97µm
_06837_,45.92µm
_07005_,45.92µm
_07309_,45.92µm
_10144_,45.92µm
_10733_,45.92µm
_11220_,45.92µm
_11521_,45.92µm
_13284_,45.92µm
_13595_,45.92µm
_15097_,45.92µm
_15171_,45.92µm
_15445_,45.92µm
_15715_,45.92µm
_17074_,45.92µm
_22862_,45.92µm
_23004_,45.92µm
_25305_,45.92µm
_25870_,45.92µm
_27396_,45.92µm
_27701_,45.92µm
i_core_v_mini_mcu.cpu_subsystem_i.cpu_1_0.rf_ram_i.memory\[1\]\[1\],45.92µm
i_core_v_mini_mcu.peripheral_subsystem_i.uart_i.reg2hw\[4\],45.92µm
i_core_v_mini_mcu.ao_peripheral_subsystem_i.soc_ctrl_i.soc_ctrl_reg_top_i.system_frequency_hz_qs\[9\],45.69µm
_12945_,45.56µm
_17359_,45.56µm
_21371_,45.56µm
_27647_,45.56µm
_10692_,45.51µm
_13858_,45.51µm
_14997_,45.51µm
_15638_,45.51µm
_17800_,45.51µm
_21322_,45.51µm
_25597_,45.51µm
i_core_v_mini_mcu.ao_peripheral_subsystem_i.power_manager_i.power_manager_counter_sequence_cpu_iso_i.sequence_curr_state\[4\],45.51µm
i_core_v_mini_mcu.cpu_subsystem_i.cpu_0_0.rf_ram_i.memory\[451\]\[1\],45.51µm
i_core_v_mini_mcu.cpu_subsystem_i.cpu_1_0.i_servile.cpu.decode.o_rd_alu_en,45.51µm
i_core_v_mini_mcu.peripheral_subsystem_i.uart_i.reg2hw\[71\],45.51µm
_08322_,45.46µm
_10320_,45.46µm
_14456_,45.46µm
_16291_,45.46µm
i_core_v_mini_mcu.ao_peripheral_subsystem_i.power_manager_i.power_manager_sequence_periph_switch_i.sequence_curr_state\[3\],45.46µm
i_core_v_mini_mcu.core_data_req\[82\],45.46µm
i_core_v_mini_mcu.cpu_subsystem_i.cpu_0_0.rf_ram_i.memory\[431\]\[1\],45.46µm
i_core_v_mini_mcu.cpu_subsystem_i.cpu_1_0.i_servile.arbiter.i_wb_cpu_dbus_adr\[3\],45.46µm
i_core_v_mini_mcu.cpu_subsystem_i.cpu_1_0.rf_ram_i.memory\[289\]\[1\],45.46µm
i_core_v_mini_mcu.cpu_subsystem_i.cpu_1_0.rf_ram_i.memory\[394\]\[1\],45.46µm
i_core_v_mini_mcu.cpu_subsystem_i.cpu_1_0.rf_ram_i.memory\[418\]\[0\],45.46µm
i_core_v_mini_mcu.memory_subsystem_i.ram0_i.tc_ram_i.sram\[20\]\[14\],45.46µm
_05749_,45.41µm
_07117_,45.41µm
_10439_,45.41µm
_11100_,45.41µm
_12535_,45.41µm
_12990_,45.41µm
_13018_,45.41µm
_14130_,45.41µm
_16318_,45.41µm
_16874_,45.41µm
_20334_,45.41µm
_25289_,45.41µm
_25342_,45.41µm
_25923_,45.41µm
i_core_v_mini_mcu.ao_peripheral_subsystem_i.spi_subsystem_i.obi_spimemio_i.obi_to_picorv32_i.picorv32_resp_i\[24\],45.41µm
i_core_v_mini_mcu.ao_peripheral_subsystem_i.tdu_i.task_mem\[6\]\[9\],45.41µm
i_core_v_mini_mcu.cpu_subsystem_i.cpu_0_0.rf_ram_i.memory\[355\]\[0\],45.41µm
i_core_v_mini_mcu.cpu_subsystem_i.cpu_0_0.rf_ram_i.memory\[378\]\[1\],45.41µm
i_core_v_mini_mcu.cpu_subsystem_i.cpu_1_0.rf_ram_i.memory\[188\]\[1\],45.41µm
i_core_v_mini_mcu.cpu_subsystem_i.cpu_1_0.rf_ram_i.memory\[280\]\[0\],45.41µm
i_core_v_mini_mcu.cpu_subsystem_i.cpu_1_0.rf_ram_i.memory\[384\]\[1\],45.41µm
i_core_v_mini_mcu.cpu_subsystem_i.cpu_1_0.rf_ram_i.memory\[392\]\[0\],45.41µm
i_core_v_mini_mcu.memory_subsystem_i.ram0_i.tc_ram_i.sram\[19\]\[2\],45.41µm
i_core_v_mini_mcu.memory_subsystem_i.ram0_i.tc_ram_i.sram\[19\]\[31\],45.41µm
i_core_v_mini_mcu.peripheral_subsystem_i.obi_fifo_i.consumer_resp_i\[16\],45.41µm
i_core_v_mini_mcu.peripheral_subsystem_i.obi_fifo_i.obi_resp_fifo_i.status_cnt_q\[0\],45.41µm
clknet_leaf_155_i_core_v_mini_mcu.cpu_subsystem_i.cpu_1_0.clk_i,45.41µm
clknet_leaf_54_i_core_v_mini_mcu.cpu_subsystem_i.cpu_0_0.clk_i,45.41µm
clknet_leaf_162_i_core_v_mini_mcu.cpu_subsystem_i.cpu_0_0.clk_i,45.41µm
_09014_,45.36µm
_09668_,45.36µm
_10156_,45.36µm
_12655_,45.36µm
_12704_,45.36µm
_13476_,45.36µm
_14334_,45.36µm
_15700_,45.36µm
_15710_,45.36µm
_15718_,45.36µm
_16028_,45.36µm
_16918_,45.36µm
_17958_,45.36µm
i_core_v_mini_mcu.ao_peripheral_subsystem_i.power_manager_i.power_manager_reg_top_i.cpu_iso_off_counter_qs\[7\],45.36µm
clknet_leaf_185_i_core_v_mini_mcu.cpu_subsystem_i.cpu_1_0.clk_i,45.36µm
_17710_,45.05µm
_06177_,45µm
_09348_,45µm
_13967_,45µm
_17836_,45µm
_21583_,45µm
i_core_v_mini_mcu.ao_peripheral_subsystem_i.power_manager_i.power_manager_reg_top_i.cpu_switch_off_counter_qs\[7\],45µm
i_core_v_mini_mcu.memory_subsystem_i.ram0_i.tc_ram_i.sram\[0\]\[27\],45µm
_07228_,44.95µm
_08576_,44.95µm
_08709_,44.95µm
_08804_,44.95µm
_08831_,44.95µm
_09906_,44.95µm
_14582_,44.95µm
_15058_,44.95µm
_16068_,44.95µm
_16211_,44.95µm
_17371_,44.95µm
i_core_v_mini_mcu.ao_peripheral_subsystem_i.power_manager_i.power_manager_reg_top_i.en_wait_for_intr_qs\[16\],44.95µm
i_core_v_mini_mcu.ao_peripheral_subsystem_i.power_manager_i.power_manager_reg_top_i.en_wait_for_intr_qs\[29\],44.95µm
i_core_v_mini_mcu.ao_peripheral_subsystem_i.spi_subsystem_i.obi_spimemio_i.spimemio_i.rd_addr\[19\],44.95µm
_05483_,44.9µm
_06025_,44.9µm
_10237_,44.9µm
_10247_,44.9µm
_11468_,44.9µm
_14686_,44.9µm
_15192_,44.9µm
_15371_,44.9µm
_15902_,44.9µm
_24205_,44.9µm
i_core_v_mini_mcu.ao_peripheral_subsystem_i.mosaic_clint_i.mtimecmp_q\[77\],44.9µm
i_core_v_mini_mcu.ao_peripheral_subsystem_i.obi_fifo_i.consumer_data_req\[23\],44.9µm
i_core_v_mini_mcu.cpu_subsystem_i.cpu_0_0.i_servile.cpu.immdec.gen_immdec_w_eq_1.imm30_25\[4\],44.9µm
i_core_v_mini_mcu.cpu_subsystem_i.cpu_0_0.rf_ram_i.memory\[249\]\[1\],44.9µm
i_core_v_mini_mcu.cpu_subsystem_i.cpu_0_0.rf_ram_i.memory\[354\]\[0\],44.9µm
i_core_v_mini_mcu.cpu_subsystem_i.cpu_0_0.rf_ram_i.memory\[500\]\[0\],44.9µm
i_core_v_mini_mcu.cpu_subsystem_i.cpu_0_0.rf_ram_i.memory\[79\]\[0\],44.9µm
_06114_,44.85µm
_07160_,44.85µm
_08758_,44.85µm
_11208_,44.85µm
_11512_,44.85µm
_12260_,44.85µm
_14019_,44.85µm
_16217_,44.85µm
_20240_,44.85µm
_24098_,44.85µm
_24518_,44.85µm
_24879_,44.85µm
_26375_,44.85µm
_26963_,44.85µm
i_core_v_mini_mcu.ao_peripheral_subsystem_i.power_manager_i.power_manager_reg_top_i.cpu_switch_off_counter_qs\[3\],44.85µm
i_core_v_mini_mcu.ao_peripheral_subsystem_i.spi_subsystem_i.obi_spimemio_i.spimemio_i.buffer\[1\],44.85µm
i_core_v_mini_mcu.ao_peripheral_subsystem_i.spi_subsystem_i.obi_spimemio_i.spimemio_i.state\[3\],44.85µm
i_core_v_mini_mcu.cpu_subsystem_i.cpu_1_0.rf_ram_i.memory\[1\]\[0\],44.85µm
i_core_v_mini_mcu.memory_subsystem_i.ram0_i.tc_ram_i.sram\[11\]\[19\],44.85µm
_05670_,44.8µm
_07277_,44.8µm
_10503_,44.8µm
_11026_,44.8µm
_12662_,44.8µm
_16007_,44.8µm
_16710_,44.8µm
_17070_,44.8µm
_17235_,44.8µm
_18295_,44.8µm
_19795_,44.8µm
_23336_,44.8µm
_24017_,44.8µm
_27517_,44.8µm
i_core_v_mini_mcu.ao_peripheral_subsystem_i.periph_to_reg_i.r_rdata_d\[1\],44.8µm
i_core_v_mini_mcu.cpu_subsystem_i.cpu_0_0.rf_ram_i.memory\[376\]\[1\],44.8µm
i_core_v_mini_mcu.cpu_subsystem_i.cpu_0_0.rf_ram_i.memory\[417\]\[0\],44.8µm
i_core_v_mini_mcu.cpu_subsystem_i.cpu_0_0.rf_ram_i.memory\[501\]\[0\],44.8µm
i_core_v_mini_mcu.cpu_subsystem_i.cpu_1_0.i_servile.arbiter.i_wb_cpu_ibus_adr\[9\],44.8µm
i_core_v_mini_mcu.cpu_subsystem_i.cpu_1_0.rf_ram_i.memory\[184\]\[0\],44.8µm
i_core_v_mini_mcu.peripheral_subsystem_i.obi_fifo_i.consumer_data_req\[17\],44.8µm
i_core_v_mini_mcu.cpu_subsystem_i.cpu_0_0.rf_ram_i.memory\[497\]\[1\],44.63µm
_08673_,44.54µm
_17707_,44.44µm
_08109_,44.39µm
_14295_,44.39µm
_16830_,44.39µm
_17094_,44.39µm
i_core_v_mini_mcu.ao_peripheral_subsystem_i.power_manager_i.power_manager_reg_top_i.cpu_reset_deassert_counter_qs\[9\],44.39µm
i_core_v_mini_mcu.cpu_subsystem_i.cpu_1_0.rf_ram_i.memory\[436\]\[0\],44.39µm
_05471_,44.34µm
_08666_,44.34µm
_10058_,44.34µm
_10134_,44.34µm
_10442_,44.34µm
_15962_,44.34µm
_16224_,44.34µm
_16362_,44.34µm
_17217_,44.34µm
_20859_,44.34µm
_22776_,44.34µm
_23056_,44.34µm
_23954_,44.34µm
i_core_v_mini_mcu.ao_peripheral_subsystem_i.mosaic_clint_i.mtimecmp_q\[29\],44.34µm
i_core_v_mini_mcu.ao_peripheral_subsystem_i.mosaic_clint_i.mtimecmp_q\[73\],44.34µm
i_core_v_mini_mcu.ao_peripheral_subsystem_i.mosaic_clint_i.mtimecmp_q\[96\],44.34µm
i_core_v_mini_mcu.cpu_subsystem_i.cpu_0_0.rf_ram_i.memory\[228\]\[0\],44.34µm
i_core_v_mini_mcu.memory_subsystem_i.ram0_i.tc_ram_i.sram\[0\]\[19\],44.34µm
_05783_,44.29µm
_07465_,44.29µm
_09898_,44.29µm
_10008_,44.29µm
_15301_,44.29µm
_15464_,44.29µm
_15757_,44.29µm
_16080_,44.29µm
_16593_,44.29µm
_17149_,44.29µm
_17225_,44.29µm
_24025_,44.29µm
_26933_,44.29µm
i_core_v_mini_mcu.ao_peripheral_subsystem_i.mosaic_clint_i.mtimecmp_q\[72\],44.29µm
i_core_v_mini_mcu.ao_peripheral_subsystem_i.tdu_i.task_mem\[4\]\[15\],44.29µm
i_core_v_mini_mcu.cpu_subsystem_i.cpu_0_0.i_servile.rf_ram_if.rtrig1,44.29µm
_05661_,44.24µm
_07207_,44.24µm
_07322_,44.24µm
_07343_,44.24µm
_07901_,44.24µm
_08007_,44.24µm
_09648_,44.24µm
_11161_,44.24µm
_11875_,44.24µm
_12724_,44.24µm
_12879_,44.24µm
_12996_,44.24µm
_13100_,44.24µm
_13851_,44.24µm
_16091_,44.24µm
_16154_,44.24µm
_17159_,44.24µm
_21935_,44.24µm
_22632_,44.24µm
_22677_,44.24µm
_25667_,44.24µm
_25894_,44.24µm
i_core_v_mini_mcu.ao_peripheral_subsystem_i.power_manager_i.power_manager_reg_top_i.cpu_reset_deassert_counter_qs\[13\],44.24µm
i_core_v_mini_mcu.ao_peripheral_subsystem_i.spi_subsystem_i.obi_spimemio_i.obi_to_picorv32_i.picorv32_resp_i\[3\],44.24µm
i_core_v_mini_mcu.ao_peripheral_subsystem_i.spi_subsystem_i.obi_spimemio_i.spimemio_i.xfer.xfer_dspi,44.24µm
i_core_v_mini_mcu.cpu_subsystem_i.cpu_1_0.i_servile.cpu.decode.o_immdec_ctrl\[2\],44.24µm
i_core_v_mini_mcu.cpu_subsystem_i.cpu_1_0.rf_ram_i.memory\[140\]\[1\],44.24µm
i_core_v_mini_mcu.cpu_subsystem_i.cpu_1_0.rf_ram_i.memory\[340\]\[0\],44.24µm
i_core_v_mini_mcu.cpu_subsystem_i.cpu_1_0.rf_ram_i.memory\[401\]\[0\],44.24µm
i_core_v_mini_mcu.memory_subsystem_i.ram0_i.tc_ram_i.sram\[28\]\[19\],44.24µm
_15685_,44.07µm
_17286_,43.98µm
_14905_,43.93µm
_06203_,43.88µm
i_core_v_mini_mcu.ao_peripheral_subsystem_i.soc_ctrl_i.enable_spi_sel,43.88µm
_08091_,43.83µm
_08670_,43.83µm
_12328_,43.83µm
_15737_,43.83µm
_22992_,43.83µm
i_core_v_mini_mcu.cpu_subsystem_i.cpu_0_0.rf_ram_i.memory\[122\]\[0\],43.83µm
clknet_leaf_178_i_core_v_mini_mcu.cpu_subsystem_i.cpu_1_0.clk_i,43.83µm
_06535_,43.78µm
_11718_,43.78µm
_14289_,43.78µm
_15876_,43.78µm
_16885_,43.78µm
_17445_,43.78µm
_20440_,43.78µm
_22842_,43.78µm
_26171_,43.78µm
_27379_,43.78µm
i_core_v_mini_mcu.ao_peripheral_subsystem_i.clint_mtime_o\[20\],43.78µm
i_core_v_mini_mcu.ao_peripheral_subsystem_i.power_manager_i.power_manager_reg_top_i.reg2hw\[226\],43.78µm
i_core_v_mini_mcu.ao_peripheral_subsystem_i.spi_subsystem_i.obi_spimemio_i.spimemio_i.rd_addr\[10\],43.78µm
i_core_v_mini_mcu.cpu_subsystem_i.cpu_0_0.i_servile.cpu.csr_mie_en,43.78µm
i_core_v_mini_mcu.cpu_subsystem_i.cpu_0_0.rf_ram_i.memory\[320\]\[0\],43.78µm
i_core_v_mini_mcu.cpu_subsystem_i.cpu_0_0.rf_ram_i.memory\[404\]\[1\],43.78µm
i_core_v_mini_mcu.cpu_subsystem_i.cpu_1_0.i_servile.cpu.alu.i_cmp_sig,43.78µm
i_core_v_mini_mcu.cpu_subsystem_i.cpu_1_0.rf_ram_i.memory\[22\]\[0\],43.78µm
i_core_v_mini_mcu.memory_subsystem_i.ram0_i.tc_ram_i.sram\[10\]\[17\],43.78µm
clknet_leaf_187_i_core_v_mini_mcu.cpu_subsystem_i.cpu_1_0.clk_i,43.78µm
_06767_,43.73µm
_08380_,43.73µm
_09809_,43.73µm
_15004_,43.73µm
_17182_,43.73µm
_20092_,43.73µm
_20829_,43.73µm
_21312_,43.73µm
_22114_,43.73µm
_22954_,43.73µm
_24157_,43.73µm
_25093_,43.73µm
_26480_,43.73µm
i_core_v_mini_mcu.ao_peripheral_subsystem_i.power_manager_i.power_manager_reg_top_i.cpu_reset_assert_counter_qs\[14\],43.73µm
i_core_v_mini_mcu.ao_peripheral_subsystem_i.tdu_i.active_hart_cycles_q\[21\],43.73µm
i_core_v_mini_mcu.cpu_subsystem_i.cpu_0_0.rf_ram_i.memory\[328\]\[1\],43.73µm
i_core_v_mini_mcu.cpu_subsystem_i.cpu_0_0.rf_ram_i.memory\[451\]\[0\],43.73µm
i_core_v_mini_mcu.cpu_subsystem_i.cpu_1_0.rf_ram_i.memory\[417\]\[0\],43.73µm
i_core_v_mini_mcu.memory_subsystem_i.ram0_i.tc_ram_i.sram\[13\]\[12\],43.73µm
i_core_v_mini_mcu.memory_subsystem_i.ram0_i.tc_ram_i.sram\[14\]\[1\],43.73µm
i_core_v_mini_mcu.memory_subsystem_i.ram0_i.tc_ram_i.sram\[14\]\[24\],43.73µm
_05938_,43.68µm
_08747_,43.68µm
_10668_,43.68µm
_12204_,43.68µm
_12696_,43.68µm
_13150_,43.68µm
_15298_,43.68µm
_17420_,43.68µm
_17632_,43.68µm
_17972_,43.68µm
_18037_,43.68µm
_18230_,43.68µm
_22300_,43.68µm
_23017_,43.68µm
_23171_,43.68µm
_23173_,43.68µm
_23287_,43.68µm
_24861_,43.68µm
_25829_,43.68µm
_26252_,43.68µm
_26788_,43.68µm
i_core_v_mini_mcu.ao_peripheral_subsystem_i.clint_software_irq_o\[0\],43.68µm
i_core_v_mini_mcu.ao_peripheral_subsystem_i.power_manager_i.power_manager_reg_top_i.cpu_iso_on_counter_qs\[11\],43.68µm
i_core_v_mini_mcu.ao_peripheral_subsystem_i.tdu_i.task_mem\[1\]\[8\],43.68µm
i_core_v_mini_mcu.ao_peripheral_subsystem_i.tdu_i.task_mem\[2\]\[14\],43.68µm
i_core_v_mini_mcu.cpu_subsystem_i.cpu_0_0.rf_ram_i.memory\[43\]\[1\],43.68µm
i_core_v_mini_mcu.cpu_subsystem_i.cpu_0_0.rf_ram_i.memory\[565\]\[0\],43.68µm
i_core_v_mini_mcu.cpu_subsystem_i.cpu_0_0.rf_ram_i.memory\[79\]\[1\],43.68µm
i_core_v_mini_mcu.cpu_subsystem_i.cpu_1_0.rf_ram_i.memory\[87\]\[1\],43.68µm
i_core_v_mini_mcu.memory_subsystem_i.ram0_i.tc_ram_i.sram\[23\]\[31\],43.68µm
_09312_,43.37µm
i_core_v_mini_mcu.ao_peripheral_subsystem_i.power_manager_i.reg_to_counter_cpu_powergate_switch_on_i.counter_curr_state\[2\],43.29µm
_14488_,43.27µm
_16300_,43.27µm
_16675_,43.27µm
_16758_,43.27µm
_17090_,43.27µm
_21008_,43.27µm
_23660_,43.27µm
net1682,43.25µm
_06746_,43.22µm
_09719_,43.22µm
_10011_,43.22µm
_10079_,43.22µm
_10305_,43.22µm
_11528_,43.22µm
_12934_,43.22µm
_14379_,43.22µm
_15930_,43.22µm
_16199_,43.22µm
_16530_,43.22µm
_17114_,43.22µm
_17866_,43.22µm
_17930_,43.22µm
_20376_,43.22µm
_22840_,43.22µm
_26587_,43.22µm
i_core_v_mini_mcu.ao_peripheral_subsystem_i.mosaic_clint_i.mtimecmp_q\[66\],43.22µm
i_core_v_mini_mcu.ao_peripheral_subsystem_i.spi_subsystem_i.obi_spimemio_i.spimemio_i.rd_addr\[21\],43.22µm
i_core_v_mini_mcu.peripheral_subsystem_i.uart_i.uart_core.rx_timeout_count_q\[0\],43.22µm
clknet_leaf_8_i_core_v_mini_mcu.cpu_subsystem_i.cpu_0_0.clk_i,43.22µm
clknet_leaf_10_i_core_v_mini_mcu.cpu_subsystem_i.cpu_0_0.clk_i,43.22µm
_06784_,43.17µm
_07946_,43.17µm
_09992_,43.17µm
_10099_,43.17µm
_10850_,43.17µm
_15521_,43.17µm
_16230_,43.17µm
_16493_,43.17µm
_22492_,43.17µm
i_core_v_mini_mcu.ao_peripheral_subsystem_i.obi_fifo_i.consumer_resp_i\[1\],43.17µm
i_core_v_mini_mcu.ao_peripheral_subsystem_i.power_manager_i.power_manager_reg_top_i.cpu_reset_assert_counter_qs\[12\],43.17µm
i_core_v_mini_mcu.ao_peripheral_subsystem_i.power_manager_i.power_manager_reg_top_i.en_wait_for_intr_qs\[10\],43.17µm
i_core_v_mini_mcu.cpu_subsystem_i.cpu_0_0.rf_ram_i.memory\[425\]\[1\],43.17µm
i_core_v_mini_mcu.cpu_subsystem_i.cpu_0_0.rf_ram_i.memory\[43\]\[0\],43.17µm
i_core_v_mini_mcu.cpu_subsystem_i.cpu_1_0.rf_ram_i.memory\[136\]\[0\],43.17µm
i_core_v_mini_mcu.cpu_subsystem_i.cpu_1_0.rf_ram_i.memory\[38\]\[0\],43.17µm
i_core_v_mini_mcu.cpu_subsystem_i.cpu_1_0.rf_ram_i.memory\[460\]\[1\],43.17µm
i_core_v_mini_mcu.cpu_subsystem_i.cpu_1_0.rf_ram_i.memory\[63\]\[0\],43.17µm
i_core_v_mini_mcu.peripheral_subsystem_i.periph_to_reg_i.r_rdata_d\[20\],43.17µm
clknet_leaf_38_i_core_v_mini_mcu.cpu_subsystem_i.cpu_0_0.clk_i,43.17µm
_03762_,43.12µm
_06149_,43.12µm
_06209_,43.12µm
_07814_,43.12µm
_10350_,43.12µm
_10411_,43.12µm
_10620_,43.12µm
_11035_,43.12µm
_11333_,43.12µm
_12586_,43.12µm
_15177_,43.12µm
_15705_,43.12µm
_16797_,43.12µm
_17073_,43.12µm
_17955_,43.12µm
_18716_,43.12µm
_22064_,43.12µm
_24749_,43.12µm
_24992_,43.12µm
_26387_,43.12µm
i_core_v_mini_mcu.cpu_subsystem_i.cpu_0_0.rf_ram_i.memory\[219\]\[0\],43.12µm
i_core_v_mini_mcu.cpu_subsystem_i.cpu_0_0.rf_ram_i.memory\[253\]\[0\],43.12µm
i_core_v_mini_mcu.cpu_subsystem_i.cpu_0_0.rf_ram_i.memory\[476\]\[1\],43.12µm
i_core_v_mini_mcu.cpu_subsystem_i.cpu_1_0.rf_ram_i.memory\[182\]\[0\],43.12µm
i_core_v_mini_mcu.memory_subsystem_i.ram0_i.tc_ram_i.sram\[14\]\[26\],43.12µm
i_core_v_mini_mcu.ao_peripheral_subsystem_i.clint_mtime_o\[10\],43.04µm
_16554_,42.86µm
i_core_v_mini_mcu.ao_peripheral_subsystem_i.clint_mtime_o\[47\],42.81µm
_15247_,42.76µm
_07590_,42.72µm
_06563_,42.71µm
_16417_,42.71µm
_16609_,42.71µm
_17803_,42.71µm
_22837_,42.71µm
_23033_,42.71µm
i_core_v_mini_mcu.ao_peripheral_subsystem_i.power_manager_i.cpu_powergate_counter_expired_reset_assert,42.71µm
i_core_v_mini_mcu.ao_peripheral_subsystem_i.power_manager_i.power_manager_reg_top_i.global_pointer_qs\[27\],42.71µm
i_core_v_mini_mcu.ao_peripheral_subsystem_i.tdu_i.active_hart_cycles_q\[16\],42.71µm
i_core_v_mini_mcu.core_data_req\[80\],42.71µm
i_core_v_mini_mcu.cpu_subsystem_i.cpu_1_0.rf_ram_i.memory\[116\]\[1\],42.71µm
_09124_,42.66µm
_09205_,42.66µm
_09590_,42.66µm
_10260_,42.66µm
_14309_,42.66µm
_14642_,42.66µm
_16868_,42.66µm
_23544_,42.66µm
_26800_,42.66µm
i_core_v_mini_mcu.ao_peripheral_subsystem_i.spi_subsystem_i.obi_spimemio_i.obi_to_picorv32_i.obi_resp_o\[22\],42.66µm
i_core_v_mini_mcu.cpu_subsystem_i.cpu_0_0.rf_ram_i.memory\[72\]\[0\],42.66µm
i_core_v_mini_mcu.peripheral_subsystem_i.periph_to_reg_i.r_rdata_d\[16\],42.66µm
_04887_,42.61µm
_07678_,42.61µm
_10423_,42.61µm
_11396_,42.61µm
_12360_,42.61µm
_13842_,42.61µm
_15170_,42.61µm
_15272_,42.61µm
_15433_,42.61µm
_15538_,42.61µm
_16925_,42.61µm
_17720_,42.61µm
_20336_,42.61µm
_20390_,42.61µm
_21287_,42.61µm
_21548_,42.61µm
_24335_,42.61µm
i_core_v_mini_mcu.ao_peripheral_subsystem_i.mosaic_clint_i.mtimecmp_q\[57\],42.61µm
i_core_v_mini_mcu.ao_peripheral_subsystem_i.mosaic_clint_i.mtimecmp_q\[82\],42.61µm
i_core_v_mini_mcu.cpu_subsystem_i.cpu_0_0.rf_ram_i.memory\[378\]\[0\],42.61µm
i_core_v_mini_mcu.cpu_subsystem_i.cpu_0_0.rf_ram_i.memory\[49\]\[0\],42.61µm
i_core_v_mini_mcu.cpu_subsystem_i.cpu_1_0.rf_ram_i.memory\[68\]\[1\],42.61µm
i_core_v_mini_mcu.memory_subsystem_i.ram0_i.tc_ram_i.sram\[14\]\[29\],42.61µm
i_core_v_mini_mcu.memory_subsystem_i.ram0_i.tc_ram_i.sram\[30\]\[20\],42.61µm
_09191_,42.56µm
_10655_,42.56µm
_11392_,42.56µm
_11585_,42.56µm
_13269_,42.56µm
_17521_,42.56µm
_20187_,42.56µm
_21301_,42.56µm
_22113_,42.56µm
_23072_,42.56µm
_23339_,42.56µm
_25402_,42.56µm
_25994_,42.56µm
_26156_,42.56µm
_27552_,42.56µm
i_core_v_mini_mcu.ao_peripheral_subsystem_i.mosaic_clint_i.mtimecmp_q\[48\],42.56µm
i_core_v_mini_mcu.ao_peripheral_subsystem_i.obi_fifo_i.consumer_resp_i\[2\],42.56µm
i_core_v_mini_mcu.ao_peripheral_subsystem_i.power_manager_i.power_manager_reg_top_i.ram_0_wait_ack_switch_on_qs,42.56µm
i_core_v_mini_mcu.cpu_subsystem_i.cpu_0_0.rf_ram_i.memory\[363\]\[1\],42.56µm
i_core_v_mini_mcu.cpu_subsystem_i.cpu_0_0.rf_ram_i.memory\[368\]\[1\],42.56µm
i_core_v_mini_mcu.cpu_subsystem_i.cpu_1_0.rf_ram_i.memory\[88\]\[0\],42.56µm
i_core_v_mini_mcu.ao_peripheral_subsystem_i.mosaic_clint_i.mtimecmp_q\[27\],42.33µm
i_core_v_mini_mcu.peripheral_subsystem_i.uart_i.uart_core.uart_rx.baud_div_q\[3\],42.25µm
_09057_,42.2µm
i_core_v_mini_mcu.peripheral_subsystem_i.uart_i.hw2reg\[6\],42.2µm
_10919_,42.15µm
_15079_,42.15µm
_15772_,42.15µm
_16542_,42.15µm
_20477_,42.15µm
_21419_,42.15µm
_06827_,42.1µm
_07083_,42.1µm
_07347_,42.1µm
_07665_,42.1µm
_09665_,42.1µm
_10114_,42.1µm
_10159_,42.1µm
_11668_,42.1µm
_11941_,42.1µm
_13005_,42.1µm
_16258_,42.1µm
_21421_,42.1µm
i_core_v_mini_mcu.ao_peripheral_subsystem_i.mosaic_clint_i.mtimecmp_q\[41\],42.1µm
i_core_v_mini_mcu.ao_peripheral_subsystem_i.obi_fifo_i.consumer_data_req_q\[1\],42.1µm
i_core_v_mini_mcu.ao_peripheral_subsystem_i.power_manager_i.power_manager_reg_top_i.reg2hw\[229\],42.1µm
i_core_v_mini_mcu.ao_peripheral_subsystem_i.soc_ctrl_i.soc_ctrl_reg_top_i.system_frequency_hz_qs\[19\],42.1µm
i_core_v_mini_mcu.ao_peripheral_subsystem_i.spi_subsystem_i.obi_spimemio_i.obi_to_picorv32_i.picorv32_resp_i\[12\],42.1µm
i_core_v_mini_mcu.cpu_subsystem_i.cpu_0_0.i_servile.cpu.decode.o_rd_alu_en,42.1µm
i_core_v_mini_mcu.cpu_subsystem_i.cpu_1_0.rf_ram_i.memory\[209\]\[1\],42.1µm
_13283_,42.09µm
_04642_,42.05µm
_05457_,42.05µm
_06775_,42.05µm
_07182_,42.05µm
_07804_,42.05µm
_07857_,42.05µm
_07979_,42.05µm
_09036_,42.05µm
_09359_,42.05µm
_09988_,42.05µm
_10984_,42.05µm
_10990_,42.05µm
_11133_,42.05µm
_11705_,42.05µm
_12382_,42.05µm
_13820_,42.05µm
_14329_,42.05µm
_14380_,42.05µm
_15181_,42.05µm
_16805_,42.05µm
_17021_,42.05µm
_17279_,42.05µm
_17837_,42.05µm
_18509_,42.05µm
_21101_,42.05µm
_21879_,42.05µm
_21915_,42.05µm
_23182_,42.05µm
_25082_,42.05µm
_26389_,42.05µm
_27376_,42.05µm
i_core_v_mini_mcu.ao_peripheral_subsystem_i.mosaic_clint_i.mtimecmp_q\[14\],42.05µm
i_core_v_mini_mcu.ao_peripheral_subsystem_i.mosaic_clint_i.mtimecmp_q\[2\],42.05µm
i_core_v_mini_mcu.ao_peripheral_subsystem_i.mosaic_clint_i.mtimecmp_q\[40\],42.05µm
i_core_v_mini_mcu.ao_peripheral_subsystem_i.tdu_i.task_mem\[7\]\[29\],42.05µm
i_core_v_mini_mcu.cpu_subsystem_i.cpu_0_0.rf_ram_i.memory\[281\]\[1\],42.05µm
i_core_v_mini_mcu.cpu_subsystem_i.cpu_1_0.rf_ram_i.memory\[131\]\[0\],42.05µm
i_core_v_mini_mcu.cpu_subsystem_i.cpu_1_0.rf_ram_i.memory\[379\]\[1\],42.05µm
i_core_v_mini_mcu.memory_subsystem_i.ram0_i.tc_ram_i.sram\[13\]\[10\],42.05µm
i_core_v_mini_mcu.peripheral_slave_resp\[27\],42.05µm
i_core_v_mini_mcu.peripheral_subsystem_i.uart_i.uart_core.uart_rx.sreg_q\[10\],42.05µm
_07201_,42µm
_07558_,42µm
_09219_,42µm
_10482_,42µm
_13079_,42µm
_13145_,42µm
_14082_,42µm
_15430_,42µm
_16862_,42µm
_17033_,42µm
_17284_,42µm
_19647_,42µm
_20175_,42µm
_20897_,42µm
_22368_,42µm
_23773_,42µm
_24529_,42µm
_24940_,42µm
_25799_,42µm
_27569_,42µm
_27677_,42µm
i_core_v_mini_mcu.ao_peripheral_subsystem_i.mosaic_clint_i.mtimecmp_q\[58\],42µm
i_core_v_mini_mcu.ao_peripheral_subsystem_i.obi_fifo_i.consumer_resp_i\[6\],42µm
i_core_v_mini_mcu.ao_peripheral_subsystem_i.power_manager_i.power_manager_reg_top_i.intr_state_qs\[5\],42µm
i_core_v_mini_mcu.ao_peripheral_subsystem_i.tdu_i.sched_mode_q\[0\],42µm
i_core_v_mini_mcu.cpu_subsystem_i.cpu_0_0.rf_ram_i.memory\[121\]\[0\],42µm
i_core_v_mini_mcu.cpu_subsystem_i.cpu_0_0.rf_ram_i.memory\[462\]\[0\],42µm
i_core_v_mini_mcu.cpu_subsystem_i.cpu_1_0.rf_ram_i.memory\[187\]\[1\],42µm
i_core_v_mini_mcu.cpu_subsystem_i.cpu_1_0.rf_ram_i.memory\[38\]\[1\],42µm
i_core_v_mini_mcu.cpu_subsystem_i.cpu_1_0.rf_ram_i.memory\[92\]\[0\],42µm
i_core_v_mini_mcu.memory_subsystem_i.ram0_i.tc_ram_i.sram\[19\]\[29\],42µm
net1681,41.93µm
i_core_v_mini_mcu.cpu_subsystem_i.cpu_1_0.rf_ram_i.memory\[91\]\[1\],41.87µm
i_core_v_mini_mcu.ao_peripheral_subsystem_i.mosaic_clint_i.mtimecmp_q\[106\],41.77µm
i_core_v_mini_mcu.ao_peripheral_subsystem_i.spi_subsystem_i.obi_spimemio_i.spimemio_i.din_tag\[0\],41.77µm
i_core_v_mini_mcu.cpu_subsystem_i.cpu_0_0.rf_ram_i.memory\[221\]\[1\],41.77µm
_17809_,41.69µm
_08698_,41.64µm
i_core_v_mini_mcu.ao_peripheral_subsystem_i.spi_subsystem_i.obi_spimemio_i.spimemio_i.rd_addr\[14\],41.64µm
_07571_,41.59µm
_14384_,41.59µm
_15134_,41.59µm
_15275_,41.59µm
_15766_,41.59µm
_16647_,41.59µm
_16669_,41.59µm
_25104_,41.59µm
i_core_v_mini_mcu.ao_peripheral_subsystem_i.clint_mtime_o\[57\],41.59µm
i_core_v_mini_mcu.ao_peripheral_subsystem_i.spi_subsystem_i.obi_spimemio_i.obi_to_picorv32_i.obi_resp_o\[21\],41.59µm
i_core_v_mini_mcu.ao_peripheral_subsystem_i.spi_subsystem_i.obi_spimemio_i.spimemio_i.state\[7\],41.59µm
i_core_v_mini_mcu.cpu_subsystem_i.cpu_1_0.rf_ram_i.memory\[495\]\[1\],41.59µm
_12591_,41.56µm
_06819_,41.54µm
_07560_,41.54µm
_09398_,41.54µm
_09761_,41.54µm
_12201_,41.54µm
_16365_,41.54µm
_17618_,41.54µm
_26919_,41.54µm
_27645_,41.54µm
i_core_v_mini_mcu.ao_peripheral_subsystem_i.periph_to_reg_i.r_rdata_d\[14\],41.54µm
i_core_v_mini_mcu.ao_peripheral_subsystem_i.power_manager_i.power_manager_reg_top_i.en_wait_for_intr_qs\[12\],41.54µm
i_core_v_mini_mcu.ao_peripheral_subsystem_i.tdu_i.task_mem\[6\]\[6\],41.54µm
i_core_v_mini_mcu.cpu_subsystem_i.cpu_0_0.rf_ram_i.memory\[308\]\[1\],41.54µm
i_core_v_mini_mcu.cpu_subsystem_i.cpu_0_0.rf_ram_i.memory\[346\]\[0\],41.54µm
i_core_v_mini_mcu.cpu_subsystem_i.cpu_1_0.rf_ram_i.memory\[393\]\[1\],41.54µm
i_core_v_mini_mcu.cpu_subsystem_i.cpu_1_0.rf_ram_i.memory\[462\]\[1\],41.54µm
_01540_,41.49µm
_06763_,41.49µm
_08901_,41.49µm
_10135_,41.49µm
_10866_,41.49µm
_11617_,41.49µm
_11846_,41.49µm
_13167_,41.49µm
_13829_,41.49µm
_14332_,41.49µm
_15537_,41.49µm
_15893_,41.49µm
_16469_,41.49µm
_16473_,41.49µm
_16539_,41.49µm
_17179_,41.49µm
_18316_,41.49µm
_20346_,41.49µm
_22100_,41.49µm
i_core_v_mini_mcu.ao_peripheral_subsystem_i.clint_mtime_o\[36\],41.49µm
i_core_v_mini_mcu.ao_peripheral_subsystem_i.obi_fifo_i.consumer_data_req_q\[39\],41.49µm
i_core_v_mini_mcu.cpu_subsystem_i.cpu_0_0.rf_ram_i.memory\[395\]\[1\],41.49µm
i_core_v_mini_mcu.cpu_subsystem_i.cpu_0_0.rf_ram_i.memory\[458\]\[1\],41.49µm
i_core_v_mini_mcu.cpu_subsystem_i.cpu_1_0.i_servile.arbiter.i_wb_cpu_ibus_adr\[6\],41.49µm
i_core_v_mini_mcu.cpu_subsystem_i.cpu_1_0.i_servile.cpu.alu.i_rd_sel\[2\],41.49µm
i_core_v_mini_mcu.cpu_subsystem_i.cpu_1_0.i_servile.cpu.decode.o_rd_mem_en,41.49µm
clknet_leaf_123_i_core_v_mini_mcu.cpu_subsystem_i.cpu_1_0.clk_i,41.49µm
net1653,41.485µm
_05705_,41.44µm
_06691_,41.44µm
_07241_,41.44µm
_07282_,41.44µm
_07438_,41.44µm
_08472_,41.44µm
_08822_,41.44µm
_09527_,41.44µm
_10010_,41.44µm
_12599_,41.44µm
_12930_,41.44µm
_13790_,41.44µm
_13972_,41.44µm
_14682_,41.44µm
_15414_,41.44µm
_15804_,41.44µm
_15998_,41.44µm
_16806_,41.44µm
_20355_,41.44µm
_24699_,41.44µm
_25821_,41.44µm
_26767_,41.44µm
_26987_,41.44µm
i_core_v_mini_mcu.ao_peripheral_subsystem_i.mosaic_clint_i.mtimecmp_q\[56\],41.44µm
i_core_v_mini_mcu.ao_peripheral_subsystem_i.tdu_i.task_mem\[0\]\[14\],41.44µm
i_core_v_mini_mcu.ao_peripheral_subsystem_i.tdu_i.task_mem\[3\]\[14\],41.44µm
i_core_v_mini_mcu.ao_peripheral_subsystem_i.tdu_i.task_mem\[6\]\[5\],41.44µm
i_core_v_mini_mcu.cpu_subsystem_i.cpu_1_0.rf_ram_i.memory\[429\]\[0\],41.44µm
_06845_,41.08µm
_15911_,41.08µm
_16704_,41.08µm
_17842_,41.08µm
i_core_v_mini_mcu.cpu_subsystem_i.cpu_0_0.i_servile.cpu.gen_csr.csr.mstatus_mie,41.08µm
i_core_v_mini_mcu.cpu_subsystem_i.cpu_1_0.i_servile.cpu.immdec.gen_immdec_w_eq_1.imm11_7\[1\],41.08µm
i_core_v_mini_mcu.cpu_subsystem_i.cpu_1_0.rf_ram_i.memory\[189\]\[0\],41.08µm
_06791_,41.03µm
_08939_,41.03µm
_09230_,41.03µm
_09401_,41.03µm
_16408_,41.03µm
_16969_,41.03µm
_17680_,41.03µm
_18017_,41.03µm
_27426_,41.03µm
i_core_v_mini_mcu.core_data_req\[83\],41.03µm
i_core_v_mini_mcu.memory_subsystem_i.ram0_i.tc_ram_i.sram\[1\]\[14\],41.03µm
i_core_v_mini_mcu.peripheral_subsystem_i.uart_i.hw2reg\[10\],41.03µm
i_core_v_mini_mcu.system_bus_i.system_xbar_i.gen_xbar_NtoM.i_xbar.gen_outputs\[5\].gen_rr_arb_tree.i_rr_arb_tree.gen_arbiter.rr_q\[1\],41.03µm
_06471_,40.98µm
_06684_,40.98µm
_08786_,40.98µm
_10161_,40.98µm
_12124_,40.98µm
_14863_,40.98µm
_16414_,40.98µm
_16641_,40.98µm
_17054_,40.98µm
i_core_v_mini_mcu.ao_peripheral_subsystem_i.power_manager_i.power_manager_reg_top_i.cpu_iso_on_counter_qs\[14\],40.98µm
i_core_v_mini_mcu.ao_peripheral_subsystem_i.soc_ctrl_i.soc_ctrl_reg_top_i.system_frequency_hz_qs\[10\],40.98µm
i_core_v_mini_mcu.ao_peripheral_subsystem_i.tdu_i.task_mem\[1\]\[7\],40.98µm
i_core_v_mini_mcu.ao_peripheral_subsystem_i.tdu_i.task_mem\[3\]\[2\],40.98µm
i_core_v_mini_mcu.cpu_subsystem_i.cpu_0_0.rf_ram_i.memory\[18\]\[0\],40.98µm
i_core_v_mini_mcu.cpu_subsystem_i.cpu_1_0.i_servile.arbiter.i_wb_cpu_ibus_adr\[29\],40.98µm
i_core_v_mini_mcu.memory_subsystem_i.ram0_i.tc_ram_i.sram\[11\]\[10\],40.98µm
clknet_leaf_7_i_core_v_mini_mcu.cpu_subsystem_i.cpu_1_0.clk_i,40.98µm
_03920_,40.93µm
_05502_,40.93µm
_06304_,40.93µm
_06724_,40.93µm
_07484_,40.93µm
_07501_,40.93µm
_08530_,40.93µm
_09387_,40.93µm
_10498_,40.93µm
_10735_,40.93µm
_13561_,40.93µm
_13850_,40.93µm
_17224_,40.93µm
_17686_,40.93µm
_20378_,40.93µm
_20949_,40.93µm
_24163_,40.93µm
_26742_,40.93µm
_26829_,40.93µm
i_core_v_mini_mcu.ao_peripheral_subsystem_i.obi_fifo_i.consumer_data_req_q\[29\],40.93µm
i_core_v_mini_mcu.ao_peripheral_subsystem_i.power_manager_i.power_manager_reg_top_i.cpu_reset_assert_counter_qs\[0\],40.93µm
i_core_v_mini_mcu.ao_peripheral_subsystem_i.tdu_i.task_mem\[7\]\[0\],40.93µm
i_core_v_mini_mcu.cpu_subsystem_i.cpu_0_0.rf_ram_i.memory\[210\]\[1\],40.93µm
i_core_v_mini_mcu.cpu_subsystem_i.cpu_0_0.rf_ram_i.memory\[46\]\[0\],40.93µm
i_core_v_mini_mcu.cpu_subsystem_i.cpu_0_0.rf_ram_i.memory\[562\]\[1\],40.93µm
i_core_v_mini_mcu.cpu_subsystem_i.cpu_1_0.rf_ram_i.memory\[217\]\[1\],40.93µm
i_core_v_mini_mcu.cpu_subsystem_i.cpu_1_0.rf_ram_i.memory\[95\]\[1\],40.93µm
_05265_,40.88µm
_06404_,40.88µm
_07597_,40.88µm
_10330_,40.88µm
_11413_,40.88µm
_11654_,40.88µm
_11739_,40.88µm
_12438_,40.88µm
_12467_,40.88µm
_12509_,40.88µm
_12546_,40.88µm
_13838_,40.88µm
_14677_,40.88µm
_14711_,40.88µm
_15304_,40.88µm
_18171_,40.88µm
_20091_,40.88µm
_20856_,40.88µm
_22057_,40.88µm
_22232_,40.88µm
_23781_,40.88µm
_25011_,40.88µm
_25954_,40.88µm
_27374_,40.88µm
i_core_v_mini_mcu.ao_peripheral_subsystem_i.obi_fifo_i.consumer_resp_i\[31\],40.88µm
i_core_v_mini_mcu.ao_peripheral_subsystem_i.spi_subsystem_i.obi_spimemio_i.cfgreg_do\[22\],40.88µm
i_core_v_mini_mcu.ao_peripheral_subsystem_i.tdu_i.task_mem\[4\]\[5\],40.88µm
i_core_v_mini_mcu.memory_subsystem_i.ram0_i.tc_ram_i.sram\[16\]\[2\],40.88µm
i_core_v_mini_mcu.peripheral_subsystem_i.uart_i.u_reg.u_wdata.we,40.88µm
spi_flash_sd_io_OE[0],40.88µm
_06581_,40.8µm
_21173_,40.67µm
_24707_,40.6µm
_09900_,40.57µm
_15360_,40.57µm
i_core_v_mini_mcu.peripheral_subsystem_i.obi_fifo_i.consumer_data_req_q\[0\],40.57µm
i_core_v_mini_mcu.peripheral_subsystem_i.uart_i.uart_core.rx_timeout_count_q\[2\],40.57µm
_05667_,40.52µm
_14757_,40.52µm
_14895_,40.52µm
_15760_,40.52µm
_16260_,40.52µm
i_core_v_mini_mcu.ao_peripheral_subsystem_i.clint_mtime_o\[42\],40.52µm
i_core_v_mini_mcu.ao_peripheral_subsystem_i.power_manager_i.power_manager_reg_top_i.reg2hw\[243\],40.52µm
i_core_v_mini_mcu.peripheral_subsystem_i.uart_i.uart_core.rx_timeout_count_q\[11\],40.52µm
_09241_,40.47µm
_15677_,40.47µm
_16814_,40.47µm
_26682_,40.47µm
i_core_v_mini_mcu.peripheral_subsystem_i.uart_i.uart_core.rx_tick_baud,40.47µm
_05618_,40.42µm
_06200_,40.42µm
_09100_,40.42µm
_10396_,40.42µm
_13618_,40.42µm
_14235_,40.42µm
_14551_,40.42µm
_15088_,40.42µm
_15160_,40.42µm
_17146_,40.42µm
_22009_,40.42µm
_23674_,40.42µm
_25731_,40.42µm
i_core_v_mini_mcu.memory_subsystem_i.ram0_i.tc_ram_i.sram\[16\]\[10\],40.42µm
_06307_,40.37µm
_07003_,40.37µm
_07631_,40.37µm
_07932_,40.37µm
_08660_,40.37µm
_08873_,40.37µm
_10900_,40.37µm
_10989_,40.37µm
_11773_,40.37µm
_13001_,40.37µm
_13725_,40.37µm
_14422_,40.37µm
_17269_,40.37µm
_19645_,40.37µm
_20193_,40.37µm
_21025_,40.37µm
_24711_,40.37µm
_25075_,40.37µm
_27398_,40.37µm
i_core_v_mini_mcu.ao_peripheral_subsystem_i.power_manager_i.power_manager_reg_top_i.intr_state_qs\[11\],40.37µm
i_core_v_mini_mcu.ao_peripheral_subsystem_i.tdu_i.task_mem\[4\]\[9\],40.37µm
i_core_v_mini_mcu.cpu_subsystem_i.cpu_0_0.rf_ram_i.memory\[124\]\[0\],40.37µm
i_core_v_mini_mcu.cpu_subsystem_i.cpu_1_0.i_servile.arbiter.i_wb_cpu_dbus_adr\[6\],40.37µm
i_core_v_mini_mcu.cpu_subsystem_i.cpu_1_0.rf_ram_i.memory\[296\]\[1\],40.37µm
i_core_v_mini_mcu.memory_subsystem_i.ram0_i.tc_ram_i.sram\[8\]\[30\],40.37µm
i_core_v_mini_mcu.peripheral_subsystem_i.periph_to_reg_i.r_rdata_d\[14\],40.37µm
i_core_v_mini_mcu.peripheral_subsystem_i.uart_i.uart_core.rx_timeout_count_q\[6\],40.37µm
clknet_leaf_183_i_core_v_mini_mcu.cpu_subsystem_i.cpu_1_0.clk_i,40.37µm
_06062_,40.32µm
_07246_,40.32µm
_10116_,40.32µm
_10259_,40.32µm
_10856_,40.32µm
_10998_,40.32µm
_11523_,40.32µm
_11997_,40.32µm
_12452_,40.32µm
_13272_,40.32µm
_13530_,40.32µm
_13564_,40.32µm
_13695_,40.32µm
_14772_,40.32µm
_15331_,40.32µm
_16077_,40.32µm
_16281_,40.32µm
_18297_,40.32µm
_18396_,40.32µm
_19789_,40.32µm
_22005_,40.32µm
_24552_,40.32µm
_24564_,40.32µm
_25103_,40.32µm
_25188_,40.32µm
i_core_v_mini_mcu.ao_peripheral_subsystem_i.tdu_i.task_mem\[0\]\[8\],40.32µm
i_core_v_mini_mcu.cpu_subsystem_i.cpu_1_0.rf_ram_i.memory\[222\]\[1\],40.32µm
i_core_v_mini_mcu.cpu_subsystem_i.cpu_1_0.rf_ram_i.memory\[430\]\[1\],40.32µm
i_core_v_mini_mcu.memory_subsystem_i.ram0_i.tc_ram_i.sram\[11\]\[5\],40.32µm
net1894,40.32µm
_15288_,40.01µm
_14631_,39.96µm
_15350_,39.96µm
_15884_,39.96µm
_16856_,39.96µm
_17503_,39.96µm
i_core_v_mini_mcu.ao_peripheral_subsystem_i.clint_mtime_o\[37\],39.96µm
_11314_,39.93µm
_12080_,39.91µm
_12088_,39.91µm
_14468_,39.91µm
_14702_,39.91µm
_15489_,39.91µm
_15553_,39.91µm
_15743_,39.91µm
_16098_,39.91µm
_16538_,39.91µm
_17188_,39.91µm
_19880_,39.91µm
_23562_,39.91µm
_27035_,39.91µm
i_core_v_mini_mcu.peripheral_subsystem_i.uart_i.uart_core.uart_rx.baud_div_q\[0\],39.91µm
clknet_leaf_47_i_core_v_mini_mcu.cpu_subsystem_i.cpu_1_0.clk_i,39.91µm
_08323_,39.86µm
_09785_,39.86µm
_10792_,39.86µm
_16165_,39.86µm
_16353_,39.86µm
_16627_,39.86µm
_17301_,39.86µm
_17860_,39.86µm
i_core_v_mini_mcu.ao_peripheral_subsystem_i.power_manager_i.power_manager_reg_top_i.cpu_iso_off_counter_qs\[4\],39.86µm
i_core_v_mini_mcu.ao_peripheral_subsystem_i.power_manager_i.power_manager_reg_top_i.reg2hw\[247\],39.86µm
i_core_v_mini_mcu.ao_peripheral_subsystem_i.tdu_i.task_mem\[3\]\[3\],39.86µm
i_core_v_mini_mcu.ao_peripheral_subsystem_i.tdu_i.task_mem\[7\]\[5\],39.86µm
i_core_v_mini_mcu.core_data_req\[91\],39.86µm
i_core_v_mini_mcu.cpu_subsystem_i.cpu_0_0.i_servile.cpu.state.o_cnt\[2\],39.86µm
i_core_v_mini_mcu.cpu_subsystem_i.cpu_0_0.rf_ram_i.memory\[367\]\[1\],39.86µm
i_core_v_mini_mcu.cpu_subsystem_i.cpu_0_0.rf_ram_i.memory\[430\]\[0\],39.86µm
i_core_v_mini_mcu.cpu_subsystem_i.cpu_0_0.rf_ram_i.memory\[95\]\[1\],39.86µm
i_core_v_mini_mcu.memory_subsystem_i.ram0_i.tc_ram_i.sram\[13\]\[6\],39.86µm
i_core_v_mini_mcu.memory_subsystem_i.ram0_i.tc_ram_i.sram\[15\]\[30\],39.86µm
net1700,39.83µm
_01543_,39.81µm
_06346_,39.81µm
_06457_,39.81µm
_08427_,39.81µm
_08547_,39.81µm
_09517_,39.81µm
_09967_,39.81µm
_10460_,39.81µm
_10715_,39.81µm
_10933_,39.81µm
_13919_,39.81µm
_14352_,39.81µm
_16887_,39.81µm
_17494_,39.81µm
_19097_,39.81µm
_23042_,39.81µm
_24706_,39.81µm
_25956_,39.81µm
_26296_,39.81µm
i_core_v_mini_mcu.ao_peripheral_subsystem_i.mosaic_clint_i.mtimecmp_q\[6\],39.81µm
i_core_v_mini_mcu.ao_peripheral_subsystem_i.power_manager_i.power_manager_reg_top_i.cpu_reset_deassert_counter_qs\[11\],39.81µm
i_core_v_mini_mcu.cpu_subsystem_i.cpu_0_0.rf_ram_i.memory\[212\]\[0\],39.81µm
i_core_v_mini_mcu.cpu_subsystem_i.cpu_0_0.rf_ram_i.memory\[516\]\[0\],39.81µm
i_core_v_mini_mcu.cpu_subsystem_i.cpu_0_0.rf_ram_i.memory\[57\]\[0\],39.81µm
i_core_v_mini_mcu.cpu_subsystem_i.cpu_1_0.rf_ram_i.memory\[277\]\[1\],39.81µm
i_core_v_mini_mcu.peripheral_subsystem_i.uart_i.reg2hw\[77\],39.81µm
_03765_,39.76µm
_07245_,39.76µm
_07713_,39.76µm
_08627_,39.76µm
_09958_,39.76µm
_13560_,39.76µm
_13567_,39.76µm
_13788_,39.76µm
_15090_,39.76µm
_17278_,39.76µm
_17290_,39.76µm
_17394_,39.76µm
_17654_,39.76µm
_23041_,39.76µm
_23078_,39.76µm
_23167_,39.76µm
_24456_,39.76µm
i_core_v_mini_mcu.ao_peripheral_subsystem_i.power_manager_i.power_manager_reg_top_i.cpu_reset_deassert_counter_qs\[15\],39.76µm
i_core_v_mini_mcu.ao_peripheral_subsystem_i.power_manager_i.power_manager_reg_top_i.global_pointer_qs\[26\],39.76µm
i_core_v_mini_mcu.ao_peripheral_subsystem_i.spi_subsystem_i.obi_spimemio_i.obi_to_picorv32_i.picorv32_resp_i\[1\],39.76µm
i_core_v_mini_mcu.cpu_subsystem_i.cpu_0_0.rf_ram_i.memory\[344\]\[0\],39.76µm
i_core_v_mini_mcu.cpu_subsystem_i.cpu_0_0.rf_ram_i.rdata\[1\],39.76µm
i_core_v_mini_mcu.cpu_subsystem_i.cpu_1_0.rf_ram_i.memory\[181\]\[1\],39.76µm
i_core_v_mini_mcu.cpu_subsystem_i.cpu_1_0.rf_ram_i.memory\[360\]\[0\],39.76µm
i_core_v_mini_mcu.memory_subsystem_i.ram0_i.tc_ram_i.sram\[9\]\[15\],39.76µm
_08558_,39.53µm
_23814_,39.4µm
_06379_,39.35µm
_08697_,39.35µm
_14447_,39.35µm
_14763_,39.35µm
_16723_,39.35µm
_22986_,39.35µm
_26018_,39.35µm
i_core_v_mini_mcu.cpu_subsystem_i.cpu_0_0.rf_ram_i.memory\[268\]\[1\],39.35µm
i_core_v_mini_mcu.memory_subsystem_i.ram0_i.tc_ram_i.sram\[1\]\[11\],39.35µm
clknet_leaf_9_i_core_v_mini_mcu.cpu_subsystem_i.cpu_0_0.clk_i,39.35µm
_06571_,39.3µm
_07274_,39.3µm
_07357_,39.3µm
_12105_,39.3µm
_13901_,39.3µm
_14848_,39.3µm
_15795_,39.3µm
_15831_,39.3µm
_15843_,39.3µm
_15852_,39.3µm
_16518_,39.3µm
_17152_,39.3µm
_17155_,39.3µm
_17844_,39.3µm
_21532_,39.3µm
i_core_v_mini_mcu.ao_peripheral_subsystem_i.mosaic_clint_i.mtimecmp_q\[36\],39.3µm
i_core_v_mini_mcu.ao_peripheral_subsystem_i.obi_fifo_i.consumer_data_req\[25\],39.3µm
i_core_v_mini_mcu.ao_peripheral_subsystem_i.power_manager_i.power_manager_reg_top_i.cpu_iso_on_counter_qs\[3\],39.3µm
i_core_v_mini_mcu.ao_peripheral_subsystem_i.power_manager_i.power_manager_reg_top_i.global_pointer_qs\[2\],39.3µm
i_core_v_mini_mcu.ao_peripheral_subsystem_i.power_manager_i.power_manager_reg_top_i.global_pointer_qs\[9\],39.3µm
i_core_v_mini_mcu.ao_peripheral_subsystem_i.power_manager_i.power_manager_reg_top_i.reg2hw\[239\],39.3µm
i_core_v_mini_mcu.cpu_subsystem_i.cpu_0_0.rf_ram_i.memory\[422\]\[0\],39.3µm
i_core_v_mini_mcu.cpu_subsystem_i.cpu_0_0.rf_ram_i.memory\[446\]\[0\],39.3µm
i_core_v_mini_mcu.cpu_subsystem_i.cpu_1_0.rf_ram_i.memory\[123\]\[0\],39.3µm
i_core_v_mini_mcu.cpu_subsystem_i.cpu_1_0.rf_ram_i.memory\[230\]\[0\],39.3µm
i_core_v_mini_mcu.memory_subsystem_i.ram0_i.tc_ram_i.sram\[15\]\[19\],39.3µm
i_core_v_mini_mcu.memory_subsystem_i.ram0_i.tc_ram_i.sram\[16\]\[15\],39.3µm
i_core_v_mini_mcu.memory_subsystem_i.ram0_i.tc_ram_i.sram\[9\]\[12\],39.3µm
i_core_v_mini_mcu.peripheral_subsystem_i.uart_i.uart_core.rx_timeout_count_q\[17\],39.3µm
net1310,39.3µm
_06828_,39.25µm
_07109_,39.25µm
_07259_,39.25µm
_07333_,39.25µm
_07494_,39.25µm
_08118_,39.25µm
_09164_,39.25µm
_09357_,39.25µm
_09476_,39.25µm
_09782_,39.25µm
_10009_,39.25µm
_10051_,39.25µm
_11071_,39.25µm
_11147_,39.25µm
_12091_,39.25µm
_14084_,39.25µm
_15055_,39.25µm
_16329_,39.25µm
_17079_,39.25µm
_18183_,39.25µm
_22495_,39.25µm
_23709_,39.25µm
_24916_,39.25µm
_26486_,39.25µm
_27422_,39.25µm
_27697_,39.25µm
i_core_v_mini_mcu.ao_peripheral_subsystem_i.power_manager_i.power_manager_reg_top_i.reg2hw\[232\],39.25µm
i_core_v_mini_mcu.cpu_subsystem_i.cpu_0_0.i_servile.cpu.ctrl.o_ibus_adr\[29\],39.25µm
i_core_v_mini_mcu.cpu_subsystem_i.cpu_1_0.rf_ram_i.memory\[280\]\[1\],39.25µm
i_core_v_mini_mcu.peripheral_subsystem_i.obi_fifo_i.consumer_resp_i\[8\],39.25µm
i_core_v_mini_mcu.peripheral_subsystem_i.uart_i.reg2hw\[87\],39.25µm
net1255,39.25µm
_05431_,39.2µm
_06104_,39.2µm
_06106_,39.2µm
_06866_,39.2µm
_06968_,39.2µm
_07110_,39.2µm
_07454_,39.2µm
_08417_,39.2µm
_08450_,39.2µm
_10244_,39.2µm
_10639_,39.2µm
_10927_,39.2µm
_11447_,39.2µm
_11971_,39.2µm
_12154_,39.2µm
_12515_,39.2µm
_12967_,39.2µm
_14010_,39.2µm
_14120_,39.2µm
_14366_,39.2µm
_17246_,39.2µm
_17293_,39.2µm
_17402_,39.2µm
_18548_,39.2µm
_20269_,39.2µm
_20324_,39.2µm
_23209_,39.2µm
_25910_,39.2µm
_26825_,39.2µm
i_core_v_mini_mcu.cpu_subsystem_i.cpu_0_0.rf_ram_i.memory\[169\]\[1\],39.2µm
i_core_v_mini_mcu.cpu_subsystem_i.cpu_0_0.rf_ram_i.memory\[430\]\[1\],39.2µm
i_core_v_mini_mcu.cpu_subsystem_i.cpu_0_0.rf_ram_i.memory\[495\]\[1\],39.2µm
i_core_v_mini_mcu.cpu_subsystem_i.cpu_1_0.rf_ram_i.memory\[449\]\[0\],39.2µm
clknet_leaf_77_i_core_v_mini_mcu.cpu_subsystem_i.cpu_1_0.clk_i,39.2µm
_20826_,39.07µm
_14259_,38.89µm
_16065_,38.89µm
_16746_,38.89µm
_05409_,38.84µm
_16666_,38.84µm
i_core_v_mini_mcu.cpu_subsystem_i.cpu_0_0.rf_ram_i.memory\[278\]\[1\],38.84µm
_10409_,38.79µm
_13546_,38.79µm
_14607_,38.79µm
_15364_,38.79µm
_16624_,38.79µm
_16930_,38.79µm
_16989_,38.79µm
_17677_,38.79µm
_20370_,38.79µm
_24578_,38.79µm
_27403_,38.79µm
_27671_,38.79µm
i_core_v_mini_mcu.core_data_req\[92\],38.79µm
i_core_v_mini_mcu.cpu_subsystem_i.cpu_1_0.rf_ram_i.memory\[393\]\[0\],38.79µm
i_core_v_mini_mcu.peripheral_subsystem_i.periph_to_reg_i.r_rdata_d\[17\],38.79µm
i_core_v_mini_mcu.peripheral_subsystem_i.uart_i.uart_core.uart_rx.baud_div_q\[1\],38.79µm
spi_flash_sd_io_OUT[0],38.77µm
_06039_,38.74µm
_06836_,38.74µm
_08799_,38.74µm
_09179_,38.74µm
_13051_,38.74µm
_14283_,38.74µm
_14506_,38.74µm
_14722_,38.74µm
_15017_,38.74µm
_15149_,38.74µm
_15523_,38.74µm
_16676_,38.74µm
_16755_,38.74µm
_17034_,38.74µm
_17482_,38.74µm
_17917_,38.74µm
_25142_,38.74µm
_26470_,38.74µm
i_core_v_mini_mcu.ao_peripheral_subsystem_i.clint_mtime_o\[53\],38.74µm
i_core_v_mini_mcu.ao_peripheral_subsystem_i.mosaic_clint_i.mtimecmp_q\[42\],38.74µm
i_core_v_mini_mcu.ao_peripheral_subsystem_i.power_manager_i.power_manager_reg_top_i.cpu_reset_assert_counter_qs\[2\],38.74µm
i_core_v_mini_mcu.ao_peripheral_subsystem_i.power_manager_i.power_manager_reg_top_i.en_wait_for_intr_qs\[9\],38.74µm
i_core_v_mini_mcu.ao_peripheral_subsystem_i.tdu_i.active_hart_cycles_q\[23\],38.74µm
i_core_v_mini_mcu.cpu_subsystem_i.cpu_0_0.rf_ram_i.memory\[355\]\[1\],38.74µm
i_core_v_mini_mcu.cpu_subsystem_i.cpu_0_0.rf_ram_i.memory\[88\]\[0\],38.74µm
i_core_v_mini_mcu.cpu_subsystem_i.cpu_1_0.rf_ram_i.memory\[461\]\[0\],38.74µm
i_core_v_mini_mcu.cpu_subsystem_i.cpu_1_0.rf_ram_i.memory\[85\]\[1\],38.74µm
clknet_leaf_17_i_core_v_mini_mcu.cpu_subsystem_i.cpu_1_0.clk_i,38.74µm
_01571_,38.69µm
_05723_,38.69µm
_06191_,38.69µm
_06706_,38.69µm
_10802_,38.69µm
_11211_,38.69µm
_12121_,38.69µm
_14050_,38.69µm
_14068_,38.69µm
_14122_,38.69µm
_14338_,38.69µm
_15191_,38.69µm
_15477_,38.69µm
_17197_,38.69µm
_17623_,38.69µm
_17642_,38.69µm
_21295_,38.69µm
_21358_,38.69µm
_22318_,38.69µm
_22907_,38.69µm
_23836_,38.69µm
_25922_,38.69µm
_25982_,38.69µm
i_core_v_mini_mcu.ao_peripheral_subsystem_i.clint_mtime_o\[44\],38.69µm
i_core_v_mini_mcu.ao_peripheral_subsystem_i.mosaic_clint_i.mtimecmp_q\[87\],38.69µm
i_core_v_mini_mcu.cpu_subsystem_i.cpu_0_0.i_servile.cpu.ctrl.i_iscomp,38.69µm
i_core_v_mini_mcu.cpu_subsystem_i.cpu_0_0.i_servile.rf_ram_if.rtrig0,38.69µm
i_core_v_mini_mcu.cpu_subsystem_i.cpu_0_0.rf_ram_i.memory\[171\]\[1\],38.69µm
i_core_v_mini_mcu.cpu_subsystem_i.cpu_0_0.rf_ram_i.memory\[314\]\[0\],38.69µm
i_core_v_mini_mcu.cpu_subsystem_i.cpu_0_0.rf_ram_i.memory\[449\]\[1\],38.69µm
i_core_v_mini_mcu.cpu_subsystem_i.cpu_0_0.rf_ram_i.memory\[53\]\[1\],38.69µm
i_core_v_mini_mcu.cpu_subsystem_i.cpu_1_0.rf_ram_i.memory\[374\]\[0\],38.69µm
i_core_v_mini_mcu.cpu_subsystem_i.cpu_1_0.rf_ram_i.memory\[458\]\[1\],38.69µm
i_core_v_mini_mcu.memory_subsystem_i.ram0_i.tc_ram_i.sram\[5\]\[17\],38.69µm
i_core_v_mini_mcu.peripheral_subsystem_i.uart_i.uart_core.u_uart_txfifo.gen_normal_fifo.storage\[11\],38.69µm
_06095_,38.64µm
_06380_,38.64µm
_06747_,38.64µm
_06824_,38.64µm
_08123_,38.64µm
_11685_,38.64µm
_11791_,38.64µm
_11794_,38.64µm
_12606_,38.64µm
_12819_,38.64µm
_13922_,38.64µm
_16161_,38.64µm
_16522_,38.64µm
_17066_,38.64µm
_18206_,38.64µm
_19273_,38.64µm
_22749_,38.64µm
_23109_,38.64µm
_23295_,38.64µm
_26137_,38.64µm
_26634_,38.64µm
_27425_,38.64µm
i_core_v_mini_mcu.ao_peripheral_subsystem_i.mosaic_clint_i.mtimecmp_q\[113\],38.64µm
i_core_v_mini_mcu.ao_peripheral_subsystem_i.spi_subsystem_i.obi_spimemio_i.spimemio_i.din_data\[0\],38.64µm
i_core_v_mini_mcu.ao_peripheral_subsystem_i.spi_subsystem_i.obi_spimemio_i.spimemio_i.xfer.next_fetch,38.64µm
i_core_v_mini_mcu.cpu_subsystem_i.cpu_0_0.rf_ram_i.memory\[406\]\[0\],38.64µm
i_core_v_mini_mcu.cpu_subsystem_i.cpu_1_0.rf_ram_i.memory\[368\]\[1\],38.64µm
_10705_,38.46µm
_10722_,38.46µm
_25135_,38.41µm
i_core_v_mini_mcu.ao_peripheral_subsystem_i.tdu_i.task_mem\[1\]\[12\],38.36µm
i_core_v_mini_mcu.peripheral_subsystem_i.uart_i.uart_core.uart_tx.baud_div_q\[3\],38.36µm
_14450_,38.33µm
_15152_,38.33µm
_17120_,38.33µm
_05646_,38.28µm
_09023_,38.28µm
_06332_,38.23µm
_08856_,38.23µm
_09294_,38.23µm
_09337_,38.23µm
_12416_,38.23µm
_13402_,38.23µm
_14628_,38.23µm
_15222_,38.23µm
_16356_,38.23µm
i_core_v_mini_mcu.cpu_subsystem_i.cpu_0_0.rf_ram_i.memory\[532\]\[0\],38.23µm
i_core_v_mini_mcu.cpu_subsystem_i.cpu_1_0.rf_ram_i.memory\[401\]\[1\],38.23µm
_12040_,38.19µm
_05815_,38.18µm
_06160_,38.18µm
_06625_,38.18µm
_08969_,38.18µm
_09471_,38.18µm
_12009_,38.18µm
_14474_,38.18µm
_14658_,38.18µm
_15008_,38.18µm
_15583_,38.18µm
_15786_,38.18µm
_16093_,38.18µm
_16957_,38.18µm
_17104_,38.18µm
_22742_,38.18µm
_27383_,38.18µm
i_core_v_mini_mcu.ao_peripheral_subsystem_i.clint_mtime_o\[11\],38.18µm
i_core_v_mini_mcu.ao_peripheral_subsystem_i.obi_fifo_i.consumer_data_req\[2\],38.18µm
i_core_v_mini_mcu.ao_peripheral_subsystem_i.power_manager_i.power_manager_reg_top_i.cpu_iso_on_counter_qs\[12\],38.18µm
i_core_v_mini_mcu.cpu_subsystem_i.cpu_0_0.rf_ram_i.memory\[511\]\[0\],38.18µm
i_core_v_mini_mcu.cpu_subsystem_i.cpu_1_0.rf_ram_i.memory\[284\]\[0\],38.18µm
i_core_v_mini_mcu.memory_subsystem_i.ram0_i.tc_ram_i.sram\[16\]\[9\],38.18µm
clknet_leaf_120_i_core_v_mini_mcu.cpu_subsystem_i.cpu_1_0.clk_i,38.18µm
_05666_,38.13µm
_07370_,38.13µm
_07788_,38.13µm
_09128_,38.13µm
_09283_,38.13µm
_09831_,38.13µm
_10920_,38.13µm
_11307_,38.13µm
_11332_,38.13µm
_11935_,38.13µm
_13349_,38.13µm
_14078_,38.13µm
_14223_,38.13µm
_14670_,38.13µm
_15274_,38.13µm
_18063_,38.13µm
_22896_,38.13µm
_24134_,38.13µm
_24401_,38.13µm
_24605_,38.13µm
_24695_,38.13µm
_25125_,38.13µm
_27149_,38.13µm
_27169_,38.13µm
exit_value_int\[8\],38.13µm
i_core_v_mini_mcu.ao_peripheral_subsystem_i.tdu_i.task_mem\[4\]\[0\],38.13µm
i_core_v_mini_mcu.ao_peripheral_subsystem_i.tdu_i.task_mem\[5\]\[4\],38.13µm
i_core_v_mini_mcu.cpu_subsystem_i.cpu_0_0.rf_ram_i.memory\[186\]\[1\],38.13µm
i_core_v_mini_mcu.cpu_subsystem_i.cpu_0_0.rf_ram_i.memory\[455\]\[0\],38.13µm
i_core_v_mini_mcu.cpu_subsystem_i.cpu_1_0.i_servile.arbiter.i_wb_cpu_ibus_adr\[16\],38.13µm
i_core_v_mini_mcu.cpu_subsystem_i.cpu_1_0.rf_ram_i.memory\[145\]\[0\],38.13µm
i_core_v_mini_mcu.cpu_subsystem_i.cpu_1_0.rf_ram_i.memory\[186\]\[0\],38.13µm
i_core_v_mini_mcu.cpu_subsystem_i.cpu_1_0.rf_ram_i.memory\[289\]\[0\],38.13µm
i_core_v_mini_mcu.memory_subsystem_i.ram0_i.tc_ram_i.sram\[10\]\[31\],38.13µm
i_core_v_mini_mcu.peripheral_subsystem_i.obi_fifo_i.consumer_data_req_q\[68\],38.13µm
i_core_v_mini_mcu.peripheral_subsystem_i.uart_i.reg2hw\[85\],38.13µm
clknet_leaf_2_i_core_v_mini_mcu.cpu_subsystem_i.cpu_1_0.clk_i,38.13µm
_05655_,38.08µm
_05878_,38.08µm
_06320_,38.08µm
_07931_,38.08µm
_08110_,38.08µm
_08853_,38.08µm
_08925_,38.08µm
_10308_,38.08µm
_10311_,38.08µm
_10584_,38.08µm
_12597_,38.08µm
_13605_,38.08µm
_14306_,38.08µm
_14697_,38.08µm
_17083_,38.08µm
_18790_,38.08µm
_20256_,38.08µm
_20780_,38.08µm
_23006_,38.08µm
_23054_,38.08µm
_23281_,38.08µm
_26350_,38.08µm
_26450_,38.08µm
_27692_,38.08µm
i_core_v_mini_mcu.ao_peripheral_subsystem_i.obi_fifo_i.consumer_data_req\[45\],38.08µm
i_core_v_mini_mcu.ao_peripheral_subsystem_i.power_manager_i.power_manager_reg_top_i.intr_state_qs\[24\],38.08µm
i_core_v_mini_mcu.cpu_subsystem_i.cpu_0_0.i_servile.cpu.immdec.gen_immdec_w_eq_1.imm24_20\[0\],38.08µm
i_core_v_mini_mcu.cpu_subsystem_i.cpu_0_0.rf_ram_i.memory\[381\]\[0\],38.08µm
i_core_v_mini_mcu.cpu_subsystem_i.cpu_0_0.rf_ram_i.memory\[426\]\[1\],38.08µm
i_core_v_mini_mcu.cpu_subsystem_i.cpu_1_0.rf_ram_i.memory\[187\]\[0\],38.08µm
i_core_v_mini_mcu.cpu_subsystem_i.cpu_1_0.rf_ram_i.memory\[205\]\[0\],38.08µm
i_core_v_mini_mcu.cpu_subsystem_i.cpu_1_0.rf_ram_i.memory\[277\]\[0\],38.08µm
i_core_v_mini_mcu.memory_subsystem_i.ram0_i.tc_ram_i.sram\[15\]\[24\],38.08µm
net1714,37.94µm
_15115_,37.72µm
i_core_v_mini_mcu.cpu_subsystem_i.cpu_0_0.rf_ram_i.memory\[421\]\[0\],37.72µm
i_core_v_mini_mcu.cpu_subsystem_i.cpu_1_0.i_servile.cpu.bufreg.data\[0\],37.72µm
_05569_,37.67µm
_06594_,37.67µm
_07153_,37.67µm
_10428_,37.67µm
_14541_,37.67µm
_14860_,37.67µm
_16083_,37.67µm
_17140_,37.67µm
_23657_,37.67µm
i_core_v_mini_mcu.cpu_subsystem_i.cpu_0_0.i_servile.cpu.ctrl.o_ibus_adr\[20\],37.67µm
clknet_leaf_161_i_core_v_mini_mcu.cpu_subsystem_i.cpu_0_0.clk_i,37.67µm
_05630_,37.62µm
_09388_,37.62µm
_09977_,37.62µm
_10524_,37.62µm
_15005_,37.62µm
_15495_,37.62µm
_15592_,37.62µm
_15613_,37.62µm
_17169_,37.62µm
_21971_,37.62µm
_27204_,37.62µm
i_core_v_mini_mcu.ao_peripheral_subsystem_i.clint_mtime_o\[4\],37.62µm
i_core_v_mini_mcu.ao_peripheral_subsystem_i.spi_subsystem_i.obi_spimemio_i.spimemio_i.dout_tag\[2\],37.62µm
i_core_v_mini_mcu.ao_peripheral_subsystem_i.spi_subsystem_i.obi_spimemio_i.spimemio_i.rd_addr\[15\],37.62µm
i_core_v_mini_mcu.cpu_subsystem_i.cpu_0_0.rf_ram_i.memory\[135\]\[0\],37.62µm
i_core_v_mini_mcu.cpu_subsystem_i.cpu_0_0.rf_ram_i.memory\[216\]\[0\],37.62µm
i_core_v_mini_mcu.cpu_subsystem_i.cpu_0_0.rf_ram_i.memory\[550\]\[0\],37.62µm
i_core_v_mini_mcu.cpu_subsystem_i.cpu_1_0.rf_ram_i.memory\[14\]\[0\],37.62µm
i_core_v_mini_mcu.memory_subsystem_i.ram0_i.tc_ram_i.sram\[7\]\[23\],37.62µm
i_core_v_mini_mcu.peripheral_subsystem_i.uart_i.uart_core.nco_sum_q\[4\],37.62µm
_08005_,37.57µm
_08022_,37.57µm
_08544_,37.57µm
_09681_,37.57µm
_10074_,37.57µm
_10215_,37.57µm
_10443_,37.57µm
_10513_,37.57µm
_10937_,37.57µm
_11577_,37.57µm
_12495_,37.57µm
_13819_,37.57µm
_13977_,37.57µm
_14278_,37.57µm
_14687_,37.57µm
_15463_,37.57µm
_16512_,37.57µm
_17067_,37.57µm
_17248_,37.57µm
_24715_,37.57µm
_26303_,37.57µm
i_core_v_mini_mcu.ao_peripheral_subsystem_i.mosaic_clint_i.mtimecmp_q\[78\],37.57µm
i_core_v_mini_mcu.ao_peripheral_subsystem_i.obi_fifo_i.consumer_data_req\[41\],37.57µm
i_core_v_mini_mcu.ao_peripheral_subsystem_i.spi_subsystem_i.obi_spimemio_i.obi_to_picorv32_i.addr_buf\[21\],37.57µm
i_core_v_mini_mcu.ao_peripheral_subsystem_i.tdu_i.task_mem\[4\]\[6\],37.57µm
i_core_v_mini_mcu.ao_peripheral_subsystem_i.tdu_i.task_mem\[5\]\[0\],37.57µm
i_core_v_mini_mcu.cpu_subsystem_i.cpu_0_0.rf_ram_i.memory\[270\]\[1\],37.57µm
i_core_v_mini_mcu.cpu_subsystem_i.cpu_0_0.rf_ram_i.memory\[403\]\[0\],37.57µm
i_core_v_mini_mcu.cpu_subsystem_i.cpu_1_0.rf_ram_i.memory\[14\]\[1\],37.57µm
i_core_v_mini_mcu.cpu_subsystem_i.cpu_1_0.rf_ram_i.memory\[180\]\[0\],37.57µm
i_core_v_mini_mcu.cpu_subsystem_i.cpu_1_0.rf_ram_i.memory\[200\]\[0\],37.57µm
i_core_v_mini_mcu.cpu_subsystem_i.cpu_1_0.rf_ram_i.memory\[400\]\[1\],37.57µm
i_core_v_mini_mcu.cpu_subsystem_i.cpu_1_0.rf_ram_i.rdata\[0\],37.57µm
i_core_v_mini_mcu.peripheral_subsystem_i.uart_i.u_reg.u_reg_if.d_ack,37.57µm
_03703_,37.52µm
_06318_,37.52µm
_06689_,37.52µm
_06695_,37.52µm
_07578_,37.52µm
_08704_,37.52µm
_10033_,37.52µm
_10644_,37.52µm
_11934_,37.52µm
_12361_,37.52µm
_12502_,37.52µm
_12567_,37.52µm
_12962_,37.52µm
_14699_,37.52µm
_15168_,37.52µm
_15712_,37.52µm
_17270_,37.52µm
_17832_,37.52µm
_18738_,37.52µm
_21389_,37.52µm
_22759_,37.52µm
_26308_,37.52µm
i_core_v_mini_mcu.ao_peripheral_subsystem_i.spi_subsystem_i.obi_spimemio_i.obi_to_picorv32_i.obi_resp_o\[2\],37.52µm
i_core_v_mini_mcu.ao_peripheral_subsystem_i.spi_subsystem_i.obi_spimemio_i.spimemio_i.buffer\[13\],37.52µm
i_core_v_mini_mcu.ao_peripheral_subsystem_i.spi_subsystem_i.obi_spimemio_i.spimemio_i.xfer.xfer_tag\[2\],37.52µm
i_core_v_mini_mcu.ao_peripheral_subsystem_i.tdu_i.task_mem\[0\]\[20\],37.52µm
i_core_v_mini_mcu.ao_peripheral_subsystem_i.tdu_i.task_mem\[3\]\[0\],37.52µm
i_core_v_mini_mcu.cpu_subsystem_i.cpu_0_0.i_servile.arbiter.i_wb_cpu_dbus_adr\[30\],37.52µm
i_core_v_mini_mcu.cpu_subsystem_i.cpu_1_0.rf_ram_i.memory\[217\]\[0\],37.52µm
i_core_v_mini_mcu.cpu_subsystem_i.cpu_1_0.rf_ram_i.memory\[511\]\[0\],37.52µm
net1316,37.52µm
i_core_v_mini_mcu.memory_subsystem_i.ram0_i.tc_ram_i.sram\[8\]\[14\],37.34µm
_15974_,37.29µm
i_core_v_mini_mcu.cpu_subsystem_i.cpu_1_0.i_servile.arbiter.i_wb_cpu_dbus_adr\[27\],37.29µm
_17485_,37.21µm
_21104_,37.21µm
_10203_,37.16µm
_14411_,37.16µm
_15604_,37.16µm
_17325_,37.16µm
_09472_,37.11µm
_16321_,37.11µm
_16692_,37.11µm
_17635_,37.11µm
_20382_,37.11µm
_21645_,37.11µm
i_core_v_mini_mcu.ao_peripheral_subsystem_i.mosaic_clint_i.mtimecmp_q\[69\],37.11µm
i_core_v_mini_mcu.ao_peripheral_subsystem_i.obi_fifo_i.consumer_data_req\[51\],37.11µm
i_core_v_mini_mcu.ao_peripheral_subsystem_i.obi_fifo_i.consumer_data_req\[62\],37.11µm
i_core_v_mini_mcu.cpu_subsystem_i.cpu_0_0.i_servile.cpu.gen_csr.csr.mcause3_0\[0\],37.11µm
_14615_,37.07µm
_09253_,37.06µm
_09520_,37.06µm
_09961_,37.06µm
_10024_,37.06µm
_13017_,37.06µm
_15073_,37.06µm
_15630_,37.06µm
_15789_,37.06µm
_17405_,37.06µm
_17746_,37.06µm
_21453_,37.06µm
i_core_v_mini_mcu.ao_peripheral_subsystem_i.mosaic_clint_i.mtimecmp_q\[38\],37.06µm
i_core_v_mini_mcu.ao_peripheral_subsystem_i.obi_fifo_i.consumer_data_req\[65\],37.06µm
i_core_v_mini_mcu.ao_peripheral_subsystem_i.power_manager_i.power_manager_reg_top_i.reg2hw\[248\],37.06µm
i_core_v_mini_mcu.ao_peripheral_subsystem_i.tdu_i.task_mem\[3\]\[25\],37.06µm
i_core_v_mini_mcu.cpu_subsystem_i.cpu_0_0.rf_ram_i.memory\[422\]\[1\],37.06µm
_06017_,37.01µm
_07285_,37.01µm
_08944_,37.01µm
_10476_,37.01µm
_10951_,37.01µm
_11769_,37.01µm
_11905_,37.01µm
_11976_,37.01µm
_12015_,37.01µm
_12513_,37.01µm
_13844_,37.01µm
_14920_,37.01µm
_17742_,37.01µm
_19691_,37.01µm
_20327_,37.01µm
_21536_,37.01µm
_21768_,37.01µm
_21904_,37.01µm
_23169_,37.01µm
_24797_,37.01µm
_25442_,37.01µm
_26957_,37.01µm
_27471_,37.01µm
i_core_v_mini_mcu.ao_peripheral_subsystem_i.mosaic_clint_i.mtimecmp_q\[88\],37.01µm
i_core_v_mini_mcu.ao_peripheral_subsystem_i.obi_fifo_i.consumer_data_req_q\[8\],37.01µm
i_core_v_mini_mcu.ao_peripheral_subsystem_i.power_manager_i.power_manager_reg_top_i.cpu_switch_off_counter_qs\[2\],37.01µm
i_core_v_mini_mcu.ao_peripheral_subsystem_i.tdu_i.active_hart_cycles_q\[2\],37.01µm
i_core_v_mini_mcu.ao_peripheral_subsystem_i.tdu_i.task_mem\[6\]\[21\],37.01µm
i_core_v_mini_mcu.cpu_subsystem_i.cpu_0_0.rf_ram_i.memory\[228\]\[1\],37.01µm
i_core_v_mini_mcu.cpu_subsystem_i.cpu_0_0.rf_ram_i.memory\[278\]\[0\],37.01µm
i_core_v_mini_mcu.cpu_subsystem_i.cpu_1_0.rf_ram_i.memory\[124\]\[0\],37.01µm
i_core_v_mini_mcu.cpu_subsystem_i.cpu_1_0.rf_ram_i.memory\[505\]\[0\],37.01µm
i_core_v_mini_mcu.memory_subsystem_i.ram0_i.tc_ram_i.sram\[17\]\[10\],37.01µm
i_core_v_mini_mcu.memory_subsystem_i.ram0_i.tc_ram_i.sram\[25\]\[26\],37.01µm
i_core_v_mini_mcu.memory_subsystem_i.ram0_i.tc_ram_i.sram\[31\]\[17\],37.01µm
i_core_v_mini_mcu.memory_subsystem_i.ram0_i.tc_ram_i.sram\[7\]\[26\],37.01µm
i_core_v_mini_mcu.memory_subsystem_i.ram0_i.tc_ram_i.sram\[9\]\[4\],37.01µm
i_core_v_mini_mcu.peripheral_subsystem_i.uart_i.reg2hw\[39\],37.01µm
_06546_,36.96µm
_07235_,36.96µm
_07933_,36.96µm
_07956_,36.96µm
_08674_,36.96µm
_10021_,36.96µm
_10995_,36.96µm
_11209_,36.96µm
_11463_,36.96µm
_12709_,36.96µm
_12722_,36.96µm
_13359_,36.96µm
_13573_,36.96µm
_15165_,36.96µm
_15716_,36.96µm
_15744_,36.96µm
_16245_,36.96µm
_16894_,36.96µm
_17885_,36.96µm
_20104_,36.96µm
_21285_,36.96µm
_22609_,36.96µm
_24905_,36.96µm
_25503_,36.96µm
_25995_,36.96µm
_27678_,36.96µm
i_core_v_mini_mcu.cpu_subsystem_i.cpu_0_0.i_servile.cpu.alu.i_rd_sel\[1\],36.96µm
i_core_v_mini_mcu.memory_subsystem_i.ram0_i.tc_ram_i.sram\[18\]\[22\],36.96µm
i_core_v_mini_mcu.peripheral_subsystem_i.obi_fifo_i.consumer_data_req_q\[9\],36.96µm
net1369,36.88µm
i_core_v_mini_mcu.peripheral_subsystem_i.uart_i.hw2reg\[11\],36.78µm
_15368_,36.7µm
_15541_,36.7µm
_10019_,36.6µm
_14262_,36.6µm
_15480_,36.6µm
_15896_,36.6µm
i_core_v_mini_mcu.cpu_subsystem_i.cpu_1_0.rf_ram_i.memory\[382\]\[0\],36.6µm
i_core_v_mini_mcu.peripheral_slave_resp\[26\],36.6µm
_12111_,36.55µm
_13186_,36.55µm
_14796_,36.55µm
_14960_,36.55µm
_20380_,36.55µm
_22712_,36.55µm
i_core_v_mini_mcu.ao_peripheral_subsystem_i.spi_subsystem_i.obi_spimemio_i.spimemio_i.rd_addr\[3\],36.55µm
i_core_v_mini_mcu.cpu_subsystem_i.cpu_0_0.i_servile.cpu.ctrl.o_ibus_adr\[23\],36.55µm
i_core_v_mini_mcu.cpu_subsystem_i.cpu_1_0.rf_ram_i.memory\[211\]\[0\],36.55µm
clknet_leaf_5_i_core_v_mini_mcu.cpu_subsystem_i.cpu_0_0.clk_i,36.55µm
_05571_,36.5µm
_06610_,36.5µm
_08057_,36.5µm
_08675_,36.5µm
_12564_,36.5µm
_12806_,36.5µm
_13233_,36.5µm
_14923_,36.5µm
_15279_,36.5µm
_16683_,36.5µm
_19736_,36.5µm
_23594_,36.5µm
i_core_v_mini_mcu.ao_peripheral_subsystem_i.spi_subsystem_i.obi_spimemio_i.obi_to_picorv32_i.addr_buf\[20\],36.5µm
i_core_v_mini_mcu.ao_peripheral_subsystem_i.tdu_i.task_mem\[6\]\[11\],36.5µm
i_core_v_mini_mcu.cpu_subsystem_i.cpu_0_0.rf_ram_i.memory\[11\]\[1\],36.5µm
i_core_v_mini_mcu.cpu_subsystem_i.cpu_0_0.rf_ram_i.memory\[213\]\[0\],36.5µm
i_core_v_mini_mcu.cpu_subsystem_i.cpu_1_0.i_servile.arbiter.i_wb_cpu_ibus_adr\[7\],36.5µm
i_core_v_mini_mcu.cpu_subsystem_i.cpu_1_0.rf_ram_i.memory\[39\]\[1\],36.5µm
i_core_v_mini_mcu.cpu_subsystem_i.cpu_1_0.rf_ram_i.memory\[4\]\[0\],36.5µm
i_core_v_mini_mcu.memory_subsystem_i.ram0_i.tc_ram_i.sram\[29\]\[29\],36.5µm
i_core_v_mini_mcu.memory_subsystem_i.ram0_i.tc_ram_i.sram\[8\]\[9\],36.5µm
i_core_v_mini_mcu.peripheral_subsystem_i.obi_fifo_i.consumer_data_req_q\[8\],36.5µm
_05594_,36.45µm
_07468_,36.45µm
_07898_,36.45µm
_09305_,36.45µm
_09919_,36.45µm
_10014_,36.45µm
_10325_,36.45µm
_11312_,36.45µm
_11493_,36.45µm
_12992_,36.45µm
_13923_,36.45µm
_14315_,36.45µm
_15189_,36.45µm
_16487_,36.45µm
_17465_,36.45µm
_18736_,36.45µm
_20352_,36.45µm
_20386_,36.45µm
_21764_,36.45µm
_24903_,36.45µm
_25025_,36.45µm
_25755_,36.45µm
i_core_v_mini_mcu.ao_peripheral_subsystem_i.power_manager_i.power_manager_reg_top_i.global_pointer_qs\[5\],36.45µm
i_core_v_mini_mcu.ao_peripheral_subsystem_i.power_manager_i.power_manager_reg_top_i.reg2hw\[225\],36.45µm
i_core_v_mini_mcu.ao_peripheral_subsystem_i.spi_subsystem_i.obi_spimemio_i.obi_to_picorv32_i.obi_resp_o\[31\],36.45µm
i_core_v_mini_mcu.ao_peripheral_subsystem_i.spi_subsystem_i.obi_spimemio_i.spimemio_i.xfer.obuffer\[2\],36.45µm
i_core_v_mini_mcu.ao_peripheral_subsystem_i.tdu_i.active_hart_cycles_q\[8\],36.45µm
i_core_v_mini_mcu.cpu_subsystem_i.cpu_0_0.i_servile.cpu.ctrl.o_ibus_adr\[14\],36.45µm
i_core_v_mini_mcu.cpu_subsystem_i.cpu_0_0.rf_ram_i.memory\[109\]\[0\],36.45µm
i_core_v_mini_mcu.cpu_subsystem_i.cpu_0_0.rf_ram_i.memory\[10\]\[1\],36.45µm
i_core_v_mini_mcu.cpu_subsystem_i.cpu_0_0.rf_ram_i.memory\[323\]\[1\],36.45µm
i_core_v_mini_mcu.cpu_subsystem_i.cpu_0_0.rf_ram_i.memory\[353\]\[1\],36.45µm
i_core_v_mini_mcu.cpu_subsystem_i.cpu_0_0.rf_ram_i.memory\[442\]\[0\],36.45µm
i_core_v_mini_mcu.cpu_subsystem_i.cpu_1_0.rf_ram_i.memory\[114\]\[1\],36.45µm
i_core_v_mini_mcu.cpu_subsystem_i.cpu_1_0.rf_ram_i.memory\[136\]\[1\],36.45µm
i_core_v_mini_mcu.cpu_subsystem_i.cpu_1_0.rf_ram_i.memory\[23\]\[1\],36.45µm
i_core_v_mini_mcu.cpu_subsystem_i.cpu_1_0.rf_ram_i.memory\[282\]\[1\],36.45µm
i_core_v_mini_mcu.cpu_subsystem_i.cpu_1_0.rf_ram_i.memory\[388\]\[1\],36.45µm
i_core_v_mini_mcu.memory_subsystem_i.ram0_i.tc_ram_i.sram\[10\]\[10\],36.45µm
i_core_v_mini_mcu.memory_subsystem_i.ram0_i.tc_ram_i.sram\[12\]\[10\],36.45µm
i_core_v_mini_mcu.memory_subsystem_i.ram0_i.tc_ram_i.sram\[18\]\[23\],36.45µm
i_core_v_mini_mcu.peripheral_subsystem_i.obi_fifo_i.consumer_data_req\[67\],36.45µm
i_core_v_mini_mcu.peripheral_subsystem_i.uart_i.uart_core.u_uart_txfifo.gen_normal_fifo.fifo_rptr\[2\],36.45µm
i_core_v_mini_mcu.peripheral_subsystem_i.uart_i.uart_core.u_uart_txfifo.gen_normal_fifo.storage\[14\],36.45µm
_04584_,36.4µm
_06116_,36.4µm
_06974_,36.4µm
_07991_,36.4µm
_08235_,36.4µm
_08528_,36.4µm
_09443_,36.4µm
_10547_,36.4µm
_11836_,36.4µm
_12607_,36.4µm
_13254_,36.4µm
_13799_,36.4µm
_14310_,36.4µm
_15644_,36.4µm
_16054_,36.4µm
_16967_,36.4µm
_17247_,36.4µm
_19551_,36.4µm
_20164_,36.4µm
_20920_,36.4µm
_21432_,36.4µm
_22338_,36.4µm
_24055_,36.4µm
_24936_,36.4µm
_25031_,36.4µm
_25189_,36.4µm
i_core_v_mini_mcu.cpu_subsystem_i.cpu_0_0.i_servile.cpu.ctrl.o_ibus_adr\[16\],36.4µm
i_core_v_mini_mcu.cpu_subsystem_i.cpu_0_0.rf_ram_i.memory\[222\]\[1\],36.4µm
i_core_v_mini_mcu.cpu_subsystem_i.cpu_0_0.rf_ram_i.memory\[411\]\[1\],36.4µm
i_core_v_mini_mcu.cpu_subsystem_i.cpu_1_0.rf_ram_i.memory\[180\]\[1\],36.4µm
i_core_v_mini_mcu.cpu_subsystem_i.cpu_1_0.rf_ram_i.memory\[275\]\[0\],36.4µm
i_core_v_mini_mcu.cpu_subsystem_i.cpu_1_0.rf_ram_i.memory\[37\]\[0\],36.4µm
i_core_v_mini_mcu.peripheral_subsystem_i.periph_to_reg_i.r_rdata_d\[11\],36.4µm
net1635,36.31µm
i_core_v_mini_mcu.ao_peripheral_subsystem_i.power_manager_i.power_manager_reg_top_i.en_wait_for_intr_qs\[17\],36.22µm
i_core_v_mini_mcu.cpu_subsystem_i.cpu_1_0.rf_ram_i.memory\[20\]\[0\],36.22µm
i_core_v_mini_mcu.cpu_subsystem_i.cpu_0_0.rf_ram_i.memory\[98\]\[1\],36.17µm
i_core_v_mini_mcu.cpu_subsystem_i.cpu_1_0.rf_ram_i.memory\[242\]\[1\],36.17µm
_14745_,36.14µm
_16429_,36.09µm
_08850_,36.04µm
_09621_,36.04µm
_10196_,36.04µm
_14280_,36.04µm
_14482_,36.04µm
_15565_,36.04µm
_15827_,36.04µm
_22023_,36.04µm
i_core_v_mini_mcu.ao_peripheral_subsystem_i.power_manager_i.power_manager_reg_top_i.cpu_reset_deassert_counter_qs\[12\],36.04µm
i_core_v_mini_mcu.cpu_subsystem_i.cpu_1_0.rf_ram_i.memory\[390\]\[1\],36.04µm
net1692,36.03µm
_08046_,35.99µm
_10192_,35.99µm
_15354_,35.99µm
_15908_,35.99µm
_16338_,35.99µm
_17214_,35.99µm
_17523_,35.99µm
_21276_,35.99µm
i_core_v_mini_mcu.ao_peripheral_subsystem_i.mosaic_clint_i.mtimecmp_q\[117\],35.99µm
i_core_v_mini_mcu.ao_peripheral_subsystem_i.mosaic_clint_i.mtimecmp_q\[120\],35.99µm
i_core_v_mini_mcu.cpu_subsystem_i.cpu_1_0.rf_ram_i.memory\[196\]\[0\],35.99µm
i_core_v_mini_mcu.system_bus_i.system_xbar_i.gen_xbar_NtoM.i_xbar.gen_outputs\[4\].gen_rr_arb_tree.i_rr_arb_tree.gen_arbiter.rr_q\[0\],35.99µm
clknet_leaf_101_i_core_v_mini_mcu.cpu_subsystem_i.cpu_1_0.clk_i,35.99µm
_05903_,35.94µm
_06194_,35.94µm
_06474_,35.94µm
_07136_,35.94µm
_09433_,35.94µm
_10564_,35.94µm
_12101_,35.94µm
_12316_,35.94µm
_19054_,35.94µm
_21926_,35.94µm
_22065_,35.94µm
_22185_,35.94µm
_23022_,35.94µm
_26467_,35.94µm
i_core_v_mini_mcu.cpu_subsystem_i.cpu_0_0.rf_ram_i.memory\[522\]\[0\],35.94µm
i_core_v_mini_mcu.cpu_subsystem_i.cpu_0_0.rf_ram_i.memory\[558\]\[1\],35.94µm
i_core_v_mini_mcu.cpu_subsystem_i.cpu_1_0.rf_ram_i.memory\[144\]\[0\],35.94µm
i_core_v_mini_mcu.cpu_subsystem_i.cpu_1_0.rf_ram_i.memory\[273\]\[1\],35.94µm
i_core_v_mini_mcu.cpu_subsystem_i.cpu_1_0.rf_ram_i.memory\[281\]\[1\],35.94µm
i_core_v_mini_mcu.cpu_subsystem_i.cpu_1_0.rf_ram_i.memory\[419\]\[1\],35.94µm
i_core_v_mini_mcu.peripheral_subsystem_i.uart_i.uart_core.uart_rx.sreg_q\[6\],35.94µm
net1529,35.94µm
net1838,35.94µm
_08533_,35.89µm
_09009_,35.89µm
_10223_,35.89µm
_10613_,35.89µm
_12029_,35.89µm
_12283_,35.89µm
_14291_,35.89µm
_17909_,35.89µm
_21176_,35.89µm
_21346_,35.89µm
_22120_,35.89µm
_23344_,35.89µm
_24352_,35.89µm
_24422_,35.89µm
_25644_,35.89µm
_25774_,35.89µm
_26056_,35.89µm
_26149_,35.89µm
_26708_,35.89µm
i_core_v_mini_mcu.ao_peripheral_subsystem_i.mosaic_clint_i.mtimecmp_q\[8\],35.89µm
i_core_v_mini_mcu.ao_peripheral_subsystem_i.obi_fifo_i.consumer_data_req_q\[17\],35.89µm
i_core_v_mini_mcu.ao_peripheral_subsystem_i.obi_fifo_i.consumer_data_req_q\[57\],35.89µm
i_core_v_mini_mcu.ao_peripheral_subsystem_i.peripheral_subsystem_pwr_ctrl_i,35.89µm
i_core_v_mini_mcu.ao_peripheral_subsystem_i.tdu_i.task_mem\[0\]\[15\],35.89µm
i_core_v_mini_mcu.ao_peripheral_subsystem_i.tdu_i.task_mem\[2\]\[0\],35.89µm
i_core_v_mini_mcu.cpu_subsystem_i.cpu_0_0.rf_ram_i.memory\[205\]\[0\],35.89µm
i_core_v_mini_mcu.cpu_subsystem_i.cpu_0_0.rf_ram_i.memory\[210\]\[0\],35.89µm
i_core_v_mini_mcu.cpu_subsystem_i.cpu_0_0.rf_ram_i.memory\[93\]\[0\],35.89µm
i_core_v_mini_mcu.cpu_subsystem_i.cpu_0_0.rf_ram_i.memory\[96\]\[1\],35.89µm
i_core_v_mini_mcu.cpu_subsystem_i.cpu_1_0.rf_ram_i.memory\[147\]\[0\],35.89µm
i_core_v_mini_mcu.cpu_subsystem_i.cpu_1_0.rf_ram_i.memory\[189\]\[1\],35.89µm
i_core_v_mini_mcu.cpu_subsystem_i.cpu_1_0.rf_ram_i.memory\[296\]\[0\],35.89µm
i_core_v_mini_mcu.cpu_subsystem_i.cpu_1_0.rf_ram_i.memory\[427\]\[0\],35.89µm
i_core_v_mini_mcu.cpu_subsystem_i.cpu_1_0.rf_ram_i.memory\[51\]\[0\],35.89µm
i_core_v_mini_mcu.cpu_subsystem_i.cpu_1_0.rf_ram_i.memory\[88\]\[1\],35.89µm
net1623,35.85µm
_05039_,35.84µm
_07873_,35.84µm
_09419_,35.84µm
_10814_,35.84µm
_11937_,35.84µm
_12107_,35.84µm
_12893_,35.84µm
_13182_,35.84µm
_14086_,35.84µm
_14730_,35.84µm
_14733_,35.84µm
_15461_,35.84µm
_15664_,35.84µm
_15844_,35.84µm
_16109_,35.84µm
_16113_,35.84µm
_16198_,35.84µm
_16613_,35.84µm
_16829_,35.84µm
_17267_,35.84µm
_17841_,35.84µm
_23061_,35.84µm
_24332_,35.84µm
_24855_,35.84µm
_27566_,35.84µm
i_core_v_mini_mcu.ao_peripheral_subsystem_i.mosaic_clint_i.mtimecmp_q\[5\],35.84µm
i_core_v_mini_mcu.ao_peripheral_subsystem_i.tdu_i.task_mem\[1\]\[20\],35.84µm
i_core_v_mini_mcu.ao_peripheral_subsystem_i.tdu_i.task_mem\[1\]\[23\],35.84µm
i_core_v_mini_mcu.cpu_subsystem_i.cpu_0_0.rf_ram_i.memory\[148\]\[0\],35.84µm
i_core_v_mini_mcu.cpu_subsystem_i.cpu_0_0.rf_ram_i.memory\[367\]\[0\],35.84µm
i_core_v_mini_mcu.cpu_subsystem_i.cpu_1_0.i_servile.arbiter.i_wb_cpu_dbus_adr\[5\],35.84µm
i_core_v_mini_mcu.cpu_subsystem_i.cpu_1_0.rf_ram_i.memory\[404\]\[0\],35.84µm
i_core_v_mini_mcu.peripheral_subsystem_i.periph_to_reg_i.r_rdata_d\[21\],35.84µm
i_core_v_mini_mcu.ao_peripheral_subsystem_i.soc_ctrl_i.soc_ctrl_reg_top_i.system_frequency_hz_qs\[7\],35.66µm
i_core_v_mini_mcu.ao_peripheral_subsystem_i.spi_subsystem_i.obi_spimemio_i.obi_to_picorv32_i.picorv32_resp_i\[18\],35.61µm
_08737_,35.48µm
_17596_,35.48µm
_17755_,35.48µm
_05702_,35.43µm
_06364_,35.43µm
_06584_,35.43µm
_08875_,35.43µm
_12110_,35.43µm
_13641_,35.43µm
_15128_,35.43µm
_16263_,35.43µm
_16466_,35.43µm
_17191_,35.43µm
_17427_,35.43µm
i_core_v_mini_mcu.ao_peripheral_subsystem_i.tdu_i.cpi_est_q\[0\],35.43µm
i_core_v_mini_mcu.peripheral_subsystem_i.uart_i.hw2reg\[7\],35.43µm
i_core_v_mini_mcu.system_bus_i.system_xbar_i.gen_xbar_NtoM.i_xbar.gen_outputs\[1\].gen_rr_arb_tree.i_rr_arb_tree.gen_arbiter.rr_q\[1\],35.43µm
_10431_,35.38µm
_12584_,35.38µm
_12829_,35.38µm
_13540_,35.38µm
_14521_,35.38µm
_15202_,35.38µm
_15579_,35.38µm
_15769_,35.38µm
_17749_,35.38µm
_17892_,35.38µm
_23383_,35.38µm
_25946_,35.38µm
exit_value_int\[19\],35.38µm
i_core_v_mini_mcu.ao_peripheral_subsystem_i.mosaic_clint_i.mtimecmp_q\[46\],35.38µm
i_core_v_mini_mcu.ao_peripheral_subsystem_i.mosaic_clint_i.mtimecmp_q\[74\],35.38µm
i_core_v_mini_mcu.cpu_subsystem_i.cpu_0_0.rf_ram_i.memory\[111\]\[0\],35.38µm
i_core_v_mini_mcu.cpu_subsystem_i.cpu_0_0.rf_ram_i.memory\[50\]\[0\],35.38µm
i_core_v_mini_mcu.cpu_subsystem_i.cpu_0_0.rf_ram_i.memory\[550\]\[1\],35.38µm
i_core_v_mini_mcu.cpu_subsystem_i.cpu_1_0.rf_ram_i.memory\[175\]\[1\],35.38µm
i_core_v_mini_mcu.cpu_subsystem_i.cpu_1_0.rf_ram_i.memory\[204\]\[1\],35.38µm
i_core_v_mini_mcu.cpu_subsystem_i.cpu_1_0.rf_ram_i.memory\[219\]\[0\],35.38µm
i_core_v_mini_mcu.memory_subsystem_i.ram0_i.tc_ram_i.sram\[18\]\[16\],35.38µm
i_core_v_mini_mcu.memory_subsystem_i.ram0_i.tc_ram_i.sram\[28\]\[30\],35.38µm
i_core_v_mini_mcu.peripheral_subsystem_i.uart_i.reg2hw\[0\],35.38µm
clknet_leaf_5_i_core_v_mini_mcu.cpu_subsystem_i.cpu_1_0.clk_i,35.38µm
_05181_,35.33µm
_09227_,35.33µm
_09237_,35.33µm
_09599_,35.33µm
_10520_,35.33µm
_10888_,35.33µm
_11115_,35.33µm
_11246_,35.33µm
_11980_,35.33µm
_14011_,35.33µm
_14887_,35.33µm
_15052_,35.33µm
_15135_,35.33µm
_15176_,35.33µm
_15453_,35.33µm
_16381_,35.33µm
_17388_,35.33µm
_18227_,35.33µm
_20325_,35.33µm
_22294_,35.33µm
_22744_,35.33µm
_23944_,35.33µm
_24411_,35.33µm
_27432_,35.33µm
i_core_v_mini_mcu.ao_peripheral_subsystem_i.mosaic_clint_i.mtimecmp_q\[68\],35.33µm
i_core_v_mini_mcu.ao_peripheral_subsystem_i.power_manager_i.power_manager_reg_top_i.cpu_switch_off_counter_qs\[4\],35.33µm
i_core_v_mini_mcu.ao_peripheral_subsystem_i.tdu_i.task_mem\[0\]\[5\],35.33µm
i_core_v_mini_mcu.cpu_subsystem_i.cpu_0_0.rf_ram_i.memory\[257\]\[0\],35.33µm
i_core_v_mini_mcu.cpu_subsystem_i.cpu_1_0.rf_ram_i.memory\[194\]\[0\],35.33µm
i_core_v_mini_mcu.peripheral_subsystem_i.obi_fifo_i.consumer_data_req_q\[2\],35.33µm
i_core_v_mini_mcu.peripheral_subsystem_i.uart_i.uart_core.nco_sum_q\[2\],35.33µm
_06306_,35.28µm
_06614_,35.28µm
_07229_,35.28µm
_07643_,35.28µm
_07863_,35.28µm
_08119_,35.28µm
_08434_,35.28µm
_10849_,35.28µm
_11608_,35.28µm
_11975_,35.28µm
_12422_,35.28µm
_13247_,35.28µm
_13277_,35.28µm
_13860_,35.28µm
_14053_,35.28µm
_14093_,35.28µm
_15909_,35.28µm
_16508_,35.28µm
_17254_,35.28µm
_17318_,35.28µm
_17391_,35.28µm
_17519_,35.28µm
_17855_,35.28µm
_22295_,35.28µm
_22455_,35.28µm
_24899_,35.28µm
_24928_,35.28µm
_25099_,35.28µm
_25495_,35.28µm
_25955_,35.28µm
_26879_,35.28µm
_27472_,35.28µm
i_core_v_mini_mcu.ao_peripheral_subsystem_i.obi_fifo_i.consumer_data_req_q\[26\],35.28µm
i_core_v_mini_mcu.ao_peripheral_subsystem_i.power_manager_i.power_manager_counter_sequence_cpu_iso_i.sequence_curr_state\[2\],35.28µm
i_core_v_mini_mcu.ao_peripheral_subsystem_i.power_manager_i.power_manager_reg_top_i.reg2hw\[227\],35.28µm
i_core_v_mini_mcu.ao_peripheral_subsystem_i.spi_subsystem_i.obi_spimemio_i.obi_to_picorv32_i.picorv32_resp_i\[7\],35.28µm
i_core_v_mini_mcu.cpu_subsystem_i.cpu_0_0.rf_ram_i.memory\[279\]\[0\],35.28µm
i_core_v_mini_mcu.cpu_subsystem_i.cpu_0_0.rf_ram_i.memory\[366\]\[0\],35.28µm
i_core_v_mini_mcu.cpu_subsystem_i.cpu_1_0.rf_ram_i.memory\[135\]\[0\],35.28µm
i_core_v_mini_mcu.cpu_subsystem_i.cpu_1_0.rf_ram_i.memory\[263\]\[1\],35.28µm
i_core_v_mini_mcu.cpu_subsystem_i.cpu_1_0.rf_ram_i.memory\[273\]\[0\],35.28µm
i_core_v_mini_mcu.memory_subsystem_i.ram0_i.tc_ram_i.sram\[12\]\[2\],35.28µm
i_core_v_mini_mcu.memory_subsystem_i.ram0_i.tc_ram_i.sram\[7\]\[25\],35.28µm
i_core_v_mini_mcu.peripheral_subsystem_i.obi_fifo_i.consumer_data_req_q\[18\],35.28µm
spi_flash_sd_io_OE[3],35.14µm
_17584_,34.97µm
_05832_,34.92µm
_14347_,34.92µm
_15250_,34.92µm
_18340_,34.92µm
_08785_,34.87µm
_09369_,34.87µm
_14273_,34.87µm
_15347_,34.87µm
_15653_,34.87µm
_15731_,34.87µm
_16432_,34.87µm
_17689_,34.87µm
i_core_v_mini_mcu.cpu_subsystem_i.cpu_0_0.rf_ram_i.memory\[223\]\[1\],34.87µm
i_core_v_mini_mcu.cpu_subsystem_i.cpu_0_0.rf_ram_i.memory\[454\]\[0\],34.87µm
_05649_,34.82µm
_07086_,34.82µm
_09015_,34.82µm
_09189_,34.82µm
_09639_,34.82µm
_10290_,34.82µm
_14793_,34.82µm
_16323_,34.82µm
_16865_,34.82µm
_17175_,34.82µm
_17376_,34.82µm
_18124_,34.82µm
_20350_,34.82µm
i_core_v_mini_mcu.ao_peripheral_subsystem_i.obi_fifo_i.consumer_data_req\[29\],34.82µm
i_core_v_mini_mcu.ao_peripheral_subsystem_i.power_manager_i.power_manager_counter_sequence_cpu_reset_i.sequence_curr_state\[6\],34.82µm
i_core_v_mini_mcu.ao_peripheral_subsystem_i.spi_subsystem_i.obi_spimemio_i.obi_to_picorv32_i.addr_buf\[18\],34.82µm
i_core_v_mini_mcu.cpu_subsystem_i.cpu_0_0.rf_ram_i.memory\[266\]\[0\],34.82µm
i_core_v_mini_mcu.cpu_subsystem_i.cpu_1_0.rf_ram_i.memory\[268\]\[0\],34.82µm
i_core_v_mini_mcu.memory_subsystem_i.ram0_i.tc_ram_i.sram\[19\]\[28\],34.82µm
i_core_v_mini_mcu.memory_subsystem_i.ram0_i.tc_ram_i.sram\[8\]\[31\],34.82µm
net1325,34.82µm
_04299_,34.77µm
_05770_,34.77µm
_05823_,34.77µm
_05914_,34.77µm
_06385_,34.77µm
_06792_,34.77µm
_06987_,34.77µm
_07270_,34.77µm
_08251_,34.77µm
_08342_,34.77µm
_09005_,34.77µm
_09353_,34.77µm
_09482_,34.77µm
_09651_,34.77µm
_10879_,34.77µm
_11644_,34.77µm
_11778_,34.77µm
_11780_,34.77µm
_12562_,34.77µm
_13457_,34.77µm
_13518_,34.77µm
_14325_,34.77µm
_14802_,34.77µm
_15536_,34.77µm
_16876_,34.77µm
_19560_,34.77µm
_20388_,34.77µm
_20631_,34.77µm
_21964_,34.77µm
_22001_,34.77µm
_22527_,34.77µm
_22681_,34.77µm
_22767_,34.77µm
_23351_,34.77µm
_24241_,34.77µm
_25040_,34.77µm
_25194_,34.77µm
_27196_,34.77µm
_27381_,34.77µm
exit_value_int\[10\],34.77µm
i_core_v_mini_mcu.ao_peripheral_subsystem_i.mosaic_clint_i.mtimecmp_q\[95\],34.77µm
i_core_v_mini_mcu.ao_peripheral_subsystem_i.power_manager_i.power_manager_reg_top_i.cpu_reset_assert_counter_qs\[1\],34.77µm
i_core_v_mini_mcu.cpu_subsystem_i.cpu_0_0.rf_ram_i.memory\[219\]\[1\],34.77µm
i_core_v_mini_mcu.cpu_subsystem_i.cpu_0_0.rf_ram_i.memory\[380\]\[1\],34.77µm
i_core_v_mini_mcu.cpu_subsystem_i.cpu_0_0.rf_ram_i.memory\[571\]\[0\],34.77µm
i_core_v_mini_mcu.cpu_subsystem_i.cpu_0_0.rf_ram_i.memory\[85\]\[0\],34.77µm
i_core_v_mini_mcu.cpu_subsystem_i.cpu_1_0.rf_ram_i.memory\[112\]\[0\],34.77µm
i_core_v_mini_mcu.memory_subsystem_i.ram0_i.tc_ram_i.sram\[23\]\[28\],34.77µm
i_core_v_mini_mcu.peripheral_subsystem_i.uart_i.reg2hw\[32\],34.77µm
i_core_v_mini_mcu.peripheral_subsystem_i.uart_i.uart_core.u_uart_rxfifo.gen_normal_fifo.fifo_wptr\[1\],34.77µm
_07000_,34.72µm
_08484_,34.72µm
_09197_,34.72µm
_09941_,34.72µm
_10844_,34.72µm
_11394_,34.72µm
_12593_,34.72µm
_12624_,34.72µm
_13465_,34.72µm
_14016_,34.72µm
_14726_,34.72µm
_17398_,34.72µm
_18903_,34.72µm
_18942_,34.72µm
_21337_,34.72µm
_23067_,34.72µm
_25404_,34.72µm
i_core_v_mini_mcu.ao_peripheral_subsystem_i.mosaic_clint_i.mtimecmp_q\[35\],34.72µm
i_core_v_mini_mcu.cpu_subsystem_i.cpu_0_0.rf_ram_i.memory\[218\]\[0\],34.72µm
i_core_v_mini_mcu.cpu_subsystem_i.cpu_0_0.rf_ram_i.memory\[349\]\[0\],34.72µm
i_core_v_mini_mcu.cpu_subsystem_i.cpu_0_0.rf_ram_i.memory\[417\]\[1\],34.72µm
i_core_v_mini_mcu.cpu_subsystem_i.cpu_0_0.rf_ram_i.memory\[569\]\[1\],34.72µm
i_core_v_mini_mcu.cpu_subsystem_i.cpu_1_0.i_servile.arbiter.i_wb_cpu_ibus_adr\[8\],34.72µm
i_core_v_mini_mcu.cpu_subsystem_i.cpu_1_0.rf_ram_i.memory\[157\]\[1\],34.72µm
i_core_v_mini_mcu.cpu_subsystem_i.cpu_1_0.rf_ram_i.memory\[167\]\[0\],34.72µm
i_core_v_mini_mcu.cpu_subsystem_i.cpu_1_0.rf_ram_i.memory\[386\]\[1\],34.72µm
i_core_v_mini_mcu.cpu_subsystem_i.cpu_1_0.rf_ram_i.memory\[459\]\[0\],34.72µm
net1605,34.55µm
i_core_v_mini_mcu.cpu_subsystem_i.cpu_1_0.rf_ram_i.memory\[129\]\[1\],34.49µm
i_core_v_mini_mcu.cpu_subsystem_i.cpu_1_0.rf_ram_i.memory\[162\]\[0\],34.49µm
i_core_v_mini_mcu.ao_peripheral_subsystem_i.tdu_i.task_mem\[3\]\[8\],34.44µm
_10115_,34.41µm
_16811_,34.41µm
_14911_,34.36µm
_15450_,34.36µm
_15776_,34.36µm
i_core_v_mini_mcu.ao_peripheral_subsystem_i.power_manager_i.power_manager_reg_top_i.cpu_iso_on_counter_qs\[2\],34.36µm
i_core_v_mini_mcu.core_data_req\[97\],34.36µm
i_core_v_mini_mcu.cpu_subsystem_i.cpu_1_0.i_servile.arbiter.i_wb_cpu_dbus_adr\[19\],34.36µm
i_core_v_mini_mcu.cpu_subsystem_i.cpu_1_0.rf_ram_i.memory\[300\]\[0\],34.36µm
_07692_,34.31µm
_09277_,34.31µm
_15801_,34.31µm
_19627_,34.31µm
i_core_v_mini_mcu.ao_peripheral_subsystem_i.obi_fifo_i.consumer_data_req\[31\],34.31µm
i_core_v_mini_mcu.ao_peripheral_subsystem_i.power_manager_i.power_manager_sequence_periph_iso_i.sequence_curr_state\[2\],34.31µm
i_core_v_mini_mcu.ao_peripheral_subsystem_i.spi_subsystem_i.obi_spimemio_i.spimemio_i.rd_valid,34.31µm
i_core_v_mini_mcu.cpu_subsystem_i.cpu_1_0.rf_ram_i.memory\[270\]\[0\],34.31µm
_06178_,34.26µm
_07745_,34.26µm
_08173_,34.26µm
_08787_,34.26µm
_09071_,34.26µm
_10044_,34.26µm
_10157_,34.26µm
_10356_,34.26µm
_11089_,34.26µm
_11402_,34.26µm
_13758_,34.26µm
_14249_,34.26µm
_15589_,34.26µm
_17775_,34.26µm
_19478_,34.26µm
_23536_,34.26µm
_26136_,34.26µm
_27032_,34.26µm
_27488_,34.26µm
i_core_v_mini_mcu.ao_peripheral_subsystem_i.power_manager_i.power_manager_sequence_periph_iso_i.sequence_curr_state\[4\],34.26µm
i_core_v_mini_mcu.cpu_subsystem_i.cpu_0_0.rf_ram_i.memory\[236\]\[1\],34.26µm
i_core_v_mini_mcu.cpu_subsystem_i.cpu_0_0.rf_ram_i.memory\[427\]\[0\],34.26µm
i_core_v_mini_mcu.cpu_subsystem_i.cpu_1_0.i_servile.arbiter.i_wb_cpu_dbus_adr\[9\],34.26µm
i_core_v_mini_mcu.cpu_subsystem_i.cpu_1_0.rf_ram_i.memory\[172\]\[0\],34.26µm
i_core_v_mini_mcu.cpu_subsystem_i.cpu_1_0.rf_ram_i.memory\[244\]\[1\],34.26µm
i_core_v_mini_mcu.cpu_subsystem_i.cpu_1_0.rf_ram_i.memory\[342\]\[1\],34.26µm
i_core_v_mini_mcu.cpu_subsystem_i.cpu_1_0.rf_ram_i.memory\[362\]\[1\],34.26µm
i_core_v_mini_mcu.cpu_subsystem_i.cpu_1_0.rf_ram_i.memory\[364\]\[1\],34.26µm
i_core_v_mini_mcu.cpu_subsystem_i.cpu_1_0.rf_ram_i.memory\[365\]\[1\],34.26µm
i_core_v_mini_mcu.cpu_subsystem_i.cpu_1_0.rf_ram_i.memory\[392\]\[1\],34.26µm
i_core_v_mini_mcu.cpu_subsystem_i.cpu_1_0.rf_ram_i.memory\[62\]\[0\],34.26µm
i_core_v_mini_mcu.cpu_subsystem_i.cpu_1_0.rf_ram_i.memory\[73\]\[1\],34.26µm
i_core_v_mini_mcu.peripheral_subsystem_i.obi_fifo_i.consumer_data_req_q\[35\],34.26µm
i_core_v_mini_mcu.peripheral_subsystem_i.uart_i.uart_core.u_uart_rxfifo.gen_normal_fifo.storage\[0\],34.26µm
i_core_v_mini_mcu.peripheral_subsystem_i.uart_i.uart_core.uart_rx.sreg_q\[2\],34.26µm
_00043_,34.21µm
_03674_,34.21µm
_05534_,34.21µm
_06544_,34.21µm
_07052_,34.21µm
_07186_,34.21µm
_08863_,34.21µm
_09693_,34.21µm
_10176_,34.21µm
_11317_,34.21µm
_11704_,34.21µm
_11979_,34.21µm
_12539_,34.21µm
_13250_,34.21µm
_14370_,34.21µm
_14635_,34.21µm
_14732_,34.21µm
_15434_,34.21µm
_15544_,34.21µm
_15690_,34.21µm
_16040_,34.21µm
_16606_,34.21µm
_17287_,34.21µm
_19499_,34.21µm
_21336_,34.21µm
_22993_,34.21µm
_24384_,34.21µm
_24408_,34.21µm
_24778_,34.21µm
_25084_,34.21µm
_26841_,34.21µm
_26890_,34.21µm
_27408_,34.21µm
_27588_,34.21µm
exit_value_int\[30\],34.21µm
i_core_v_mini_mcu.ao_peripheral_subsystem_i.clint_mtime_o\[56\],34.21µm
i_core_v_mini_mcu.ao_peripheral_subsystem_i.power_manager_i.power_manager_reg_top_i.global_pointer_qs\[22\],34.21µm
i_core_v_mini_mcu.ao_peripheral_subsystem_i.spi_subsystem_i.obi_spimemio_i.spimemio_i.buffer\[0\],34.21µm
i_core_v_mini_mcu.ao_peripheral_subsystem_i.spi_subsystem_i.obi_spimemio_i.spimemio_i.state\[8\],34.21µm
i_core_v_mini_mcu.ao_peripheral_subsystem_i.tdu_i.task_mem\[2\]\[21\],34.21µm
i_core_v_mini_mcu.ao_peripheral_subsystem_i.tdu_i.task_mem\[3\]\[31\],34.21µm
i_core_v_mini_mcu.cpu_subsystem_i.cpu_0_0.rf_ram_i.memory\[157\]\[1\],34.21µm
i_core_v_mini_mcu.cpu_subsystem_i.cpu_0_0.rf_ram_i.memory\[216\]\[1\],34.21µm
i_core_v_mini_mcu.cpu_subsystem_i.cpu_0_0.rf_ram_i.memory\[493\]\[1\],34.21µm
i_core_v_mini_mcu.cpu_subsystem_i.cpu_1_0.rf_ram_i.memory\[103\]\[0\],34.21µm
i_core_v_mini_mcu.cpu_subsystem_i.cpu_1_0.rf_ram_i.memory\[171\]\[1\],34.21µm
i_core_v_mini_mcu.cpu_subsystem_i.cpu_1_0.rf_ram_i.memory\[353\]\[1\],34.21µm
i_core_v_mini_mcu.cpu_subsystem_i.cpu_1_0.rf_ram_i.memory\[376\]\[0\],34.21µm
i_core_v_mini_mcu.memory_subsystem_i.ram0_i.tc_ram_i.sram\[30\]\[3\],34.21µm
i_core_v_mini_mcu.peripheral_subsystem_i.periph_to_reg_i.r_rdata_d\[22\],34.21µm
_05766_,34.16µm
_08579_,34.16µm
_08860_,34.16µm
_10280_,34.16µm
_10416_,34.16µm
_11462_,34.16µm
_11879_,34.16µm
_12863_,34.16µm
_13191_,34.16µm
_14770_,34.16µm
_15308_,34.16µm
_19764_,34.16µm
_20019_,34.16µm
_20179_,34.16µm
_21376_,34.16µm
_21406_,34.16µm
_22095_,34.16µm
_23245_,34.16µm
_23502_,34.16µm
_25410_,34.16µm
_26279_,34.16µm
_26609_,34.16µm
_26769_,34.16µm
i_core_v_mini_mcu.ao_peripheral_subsystem_i.mosaic_clint_i.mtimecmp_q\[34\],34.16µm
i_core_v_mini_mcu.ao_peripheral_subsystem_i.power_manager_i.power_manager_reg_top_i.cpu_switch_on_counter_qs\[0\],34.16µm
i_core_v_mini_mcu.ao_peripheral_subsystem_i.tdu_i.task_mem\[3\]\[21\],34.16µm
i_core_v_mini_mcu.cpu_subsystem_i.cpu_0_0.rf_ram_i.memory\[193\]\[1\],34.16µm
i_core_v_mini_mcu.cpu_subsystem_i.cpu_0_0.rf_ram_i.memory\[282\]\[1\],34.16µm
i_core_v_mini_mcu.cpu_subsystem_i.cpu_0_0.rf_ram_i.memory\[365\]\[0\],34.16µm
i_core_v_mini_mcu.cpu_subsystem_i.cpu_0_0.rf_ram_i.memory\[82\]\[0\],34.16µm
i_core_v_mini_mcu.cpu_subsystem_i.cpu_1_0.rf_ram_i.memory\[210\]\[1\],34.16µm
i_core_v_mini_mcu.cpu_subsystem_i.cpu_1_0.rf_ram_i.memory\[508\]\[1\],34.16µm
i_core_v_mini_mcu.memory_subsystem_i.ram0_i.tc_ram_i.sram\[17\]\[14\],34.16µm
i_core_v_mini_mcu.memory_subsystem_i.ram0_i.tc_ram_i.sram\[1\]\[26\],34.16µm
i_core_v_mini_mcu.memory_subsystem_i.ram0_i.tc_ram_i.sram\[8\]\[2\],34.16µm
i_core_v_mini_mcu.peripheral_subsystem_i.obi_fifo_i.consumer_resp_i\[11\],34.16µm
i_core_v_mini_mcu.ao_peripheral_subsystem_i.mosaic_clint_i.mtimecmp_q\[64\],33.93µm
_09802_,33.85µm
_17160_,33.85µm
_17185_,33.85µm
i_core_v_mini_mcu.cpu_subsystem_i.cpu_0_0.i_servile.cpu.state.init_done,33.85µm
_14604_,33.8µm
_14748_,33.8µm
_15014_,33.8µm
_15104_,33.8µm
_16235_,33.8µm
_16435_,33.8µm
_16603_,33.8µm
_17736_,33.8µm
_27022_,33.8µm
i_core_v_mini_mcu.ao_peripheral_subsystem_i.mosaic_clint_i.mtimecmp_q\[99\],33.8µm
_05586_,33.75µm
_10063_,33.75µm
_14806_,33.75µm
_15213_,33.75µm
_15870_,33.75µm
_16836_,33.75µm
_17340_,33.75µm
_17385_,33.75µm
_21785_,33.75µm
i_core_v_mini_mcu.ao_peripheral_subsystem_i.power_manager_i.power_manager_reg_top_i.reg2hw\[245\],33.75µm
i_core_v_mini_mcu.ao_peripheral_subsystem_i.tdu_i.active_hart_cycles_q\[11\],33.75µm
i_core_v_mini_mcu.cpu_subsystem_i.cpu_0_0.rf_ram_i.memory\[333\]\[0\],33.75µm
i_core_v_mini_mcu.cpu_subsystem_i.cpu_0_0.rf_ram_i.memory\[81\]\[1\],33.75µm
i_core_v_mini_mcu.cpu_subsystem_i.cpu_1_0.rf_ram_i.memory\[212\]\[1\],33.75µm
_07393_,33.7µm
_09106_,33.7µm
_09717_,33.7µm
_14438_,33.7µm
_14542_,33.7µm
_15026_,33.7µm
_15526_,33.7µm
_16393_,33.7µm
_17834_,33.7µm
_17942_,33.7µm
_20932_,33.7µm
_20969_,33.7µm
_21415_,33.7µm
_23492_,33.7µm
_27085_,33.7µm
i_core_v_mini_mcu.ao_peripheral_subsystem_i.obi_fifo_i.consumer_data_req_q\[24\],33.7µm
i_core_v_mini_mcu.ao_peripheral_subsystem_i.power_manager_i.power_manager_reg_top_i.intr_state_qs\[25\],33.7µm
i_core_v_mini_mcu.ao_peripheral_subsystem_i.power_manager_i.power_manager_reg_top_i.intr_state_qs\[6\],33.7µm
i_core_v_mini_mcu.ao_peripheral_subsystem_i.power_manager_i.power_manager_reg_top_i.reg2hw\[231\],33.7µm
i_core_v_mini_mcu.cpu_subsystem_i.cpu_0_0.rf_ram_i.memory\[360\]\[0\],33.7µm
i_core_v_mini_mcu.cpu_subsystem_i.cpu_0_0.rf_ram_i.memory\[98\]\[0\],33.7µm
i_core_v_mini_mcu.cpu_subsystem_i.cpu_1_0.rf_ram_i.memory\[52\]\[1\],33.7µm
i_core_v_mini_mcu.cpu_subsystem_i.cpu_1_0.rf_ram_i.memory\[53\]\[0\],33.7µm
i_core_v_mini_mcu.peripheral_subsystem_i.obi_fifo_i.consumer_data_req\[65\],33.7µm
i_core_v_mini_mcu.peripheral_subsystem_i.uart_i.hw2reg\[14\],33.7µm
_05182_,33.65µm
_06369_,33.65µm
_07130_,33.65µm
_07877_,33.65µm
_08886_,33.65µm
_10504_,33.65µm
_10711_,33.65µm
_11810_,33.65µm
_12003_,33.65µm
_12289_,33.65µm
_12907_,33.65µm
_13275_,33.65µm
_14399_,33.65µm
_14788_,33.65µm
_15402_,33.65µm
_16480_,33.65µm
_17059_,33.65µm
_17302_,33.65µm
_18464_,33.65µm
_21393_,33.65µm
_21993_,33.65µm
_22322_,33.65µm
_23419_,33.65µm
_24804_,33.65µm
_24807_,33.65µm
_25128_,33.65µm
_25809_,33.65µm
i_core_v_mini_mcu.ao_peripheral_subsystem_i.obi_fifo_i.consumer_data_req\[33\],33.65µm
i_core_v_mini_mcu.ao_peripheral_subsystem_i.tdu_i.task_mem\[5\]\[20\],33.65µm
i_core_v_mini_mcu.cpu_subsystem_i.cpu_0_0.rf_ram_i.memory\[174\]\[0\],33.65µm
i_core_v_mini_mcu.cpu_subsystem_i.cpu_0_0.rf_ram_i.memory\[31\]\[1\],33.65µm
i_core_v_mini_mcu.cpu_subsystem_i.cpu_0_0.rf_ram_i.memory\[409\]\[1\],33.65µm
i_core_v_mini_mcu.cpu_subsystem_i.cpu_0_0.rf_ram_i.memory\[431\]\[0\],33.65µm
i_core_v_mini_mcu.cpu_subsystem_i.cpu_0_0.rf_ram_i.memory\[437\]\[0\],33.65µm
i_core_v_mini_mcu.cpu_subsystem_i.cpu_0_0.rf_ram_i.memory\[80\]\[0\],33.65µm
i_core_v_mini_mcu.cpu_subsystem_i.cpu_1_0.i_servile.arbiter.i_wb_cpu_dbus_adr\[8\],33.65µm
i_core_v_mini_mcu.cpu_subsystem_i.cpu_1_0.rf_ram_i.memory\[118\]\[0\],33.65µm
i_core_v_mini_mcu.cpu_subsystem_i.cpu_1_0.rf_ram_i.memory\[154\]\[1\],33.65µm
i_core_v_mini_mcu.cpu_subsystem_i.cpu_1_0.rf_ram_i.memory\[202\]\[1\],33.65µm
i_core_v_mini_mcu.cpu_subsystem_i.cpu_1_0.rf_ram_i.memory\[371\]\[0\],33.65µm
i_core_v_mini_mcu.cpu_subsystem_i.cpu_1_0.rf_ram_i.memory\[403\]\[1\],33.65µm
i_core_v_mini_mcu.cpu_subsystem_i.cpu_1_0.rf_ram_i.memory\[502\]\[1\],33.65µm
i_core_v_mini_mcu.memory_subsystem_i.ram0_i.tc_ram_i.sram\[10\]\[9\],33.65µm
i_core_v_mini_mcu.memory_subsystem_i.ram0_i.tc_ram_i.sram\[11\]\[13\],33.65µm
i_core_v_mini_mcu.memory_subsystem_i.ram0_i.tc_ram_i.sram\[7\]\[22\],33.65µm
i_core_v_mini_mcu.peripheral_subsystem_i.periph_to_reg_i.r_rdata_d\[23\],33.65µm
i_core_v_mini_mcu.peripheral_subsystem_i.uart_i.reg2hw\[121\],33.65µm
i_core_v_mini_mcu.peripheral_subsystem_i.uart_i.uart_core.u_uart_rxfifo.gen_normal_fifo.storage\[24\],33.65µm
_02026_,33.6µm
_04625_,33.6µm
_06064_,33.6µm
_09468_,33.6µm
_11358_,33.6µm
_11642_,33.6µm
_11951_,33.6µm
_12153_,33.6µm
_12184_,33.6µm
_12687_,33.6µm
_12689_,33.6µm
_12876_,33.6µm
_13146_,33.6µm
_13456_,33.6µm
_13547_,33.6µm
_13974_,33.6µm
_16097_,33.6µm
_16197_,33.6µm
_17253_,33.6µm
_18682_,33.6µm
_18838_,33.6µm
_19680_,33.6µm
_23071_,33.6µm
_23243_,33.6µm
_24391_,33.6µm
_24775_,33.6µm
_24999_,33.6µm
_25035_,33.6µm
_25147_,33.6µm
_25585_,33.6µm
_26483_,33.6µm
_26924_,33.6µm
_27394_,33.6µm
i_core_v_mini_mcu.ao_peripheral_subsystem_i.tdu_i.active_hart_cycles_q\[6\],33.6µm
i_core_v_mini_mcu.cpu_subsystem_i.cpu_0_0.rf_ram_i.memory\[31\]\[0\],33.6µm
i_core_v_mini_mcu.cpu_subsystem_i.cpu_0_0.rf_ram_i.memory\[411\]\[0\],33.6µm
i_core_v_mini_mcu.cpu_subsystem_i.cpu_1_0.rf_ram_i.memory\[105\]\[1\],33.6µm
i_core_v_mini_mcu.cpu_subsystem_i.cpu_1_0.rf_ram_i.memory\[119\]\[0\],33.6µm
i_core_v_mini_mcu.memory_subsystem_i.ram0_i.tc_ram_i.sram\[10\]\[15\],33.6µm
i_core_v_mini_mcu.memory_subsystem_i.ram0_i.tc_ram_i.sram\[7\]\[27\],33.6µm
net1667,33.53µm
i_core_v_mini_mcu.cpu_subsystem_i.cpu_0_0.rf_ram_i.memory\[12\]\[1\],33.42µm
i_core_v_mini_mcu.cpu_subsystem_i.cpu_1_0.i_servile.arbiter.i_wb_cpu_dbus_adr\[25\],33.42µm
_14275_,33.29µm
_14625_,33.29µm
_15228_,33.29µm
_08562_,33.24µm
_09091_,33.24µm
_17781_,33.24µm
_21256_,33.24µm
_05436_,33.19µm
_12618_,33.19µm
_15216_,33.19µm
_17590_,33.19µm
_20863_,33.19µm
_23588_,33.19µm
exit_value_int\[4\],33.19µm
i_core_v_mini_mcu.cpu_subsystem_i.cpu_1_0.rf_ram_i.memory\[242\]\[0\],33.19µm
i_core_v_mini_mcu.cpu_subsystem_i.cpu_1_0.rf_ram_i.memory\[356\]\[1\],33.19µm
i_core_v_mini_mcu.peripheral_subsystem_i.uart_i.reg2hw\[82\],33.19µm
_06031_,33.14µm
_07757_,33.14µm
_08571_,33.14µm
_09342_,33.14µm
_11421_,33.14µm
_12537_,33.14µm
_14441_,33.14µm
_15823_,33.14µm
_16043_,33.14µm
_16160_,33.14µm
_16936_,33.14µm
_17276_,33.14µm
_19755_,33.14µm
_20933_,33.14µm
_20936_,33.14µm
_22549_,33.14µm
_24710_,33.14µm
i_core_v_mini_mcu.ao_peripheral_subsystem_i.obi_fifo_i.consumer_data_req\[34\],33.14µm
i_core_v_mini_mcu.ao_peripheral_subsystem_i.soc_ctrl_i.reg2hw\[16\],33.14µm
i_core_v_mini_mcu.ao_peripheral_subsystem_i.tdu_i.task_mem\[6\]\[22\],33.14µm
i_core_v_mini_mcu.cpu_subsystem_i.cpu_0_0.rf_ram_i.memory\[486\]\[0\],33.14µm
i_core_v_mini_mcu.cpu_subsystem_i.cpu_0_0.rf_ram_i.memory\[92\]\[0\],33.14µm
i_core_v_mini_mcu.cpu_subsystem_i.cpu_1_0.rf_ram_i.memory\[137\]\[0\],33.14µm
i_core_v_mini_mcu.cpu_subsystem_i.cpu_1_0.rf_ram_i.memory\[186\]\[1\],33.14µm
i_core_v_mini_mcu.cpu_subsystem_i.cpu_1_0.rf_ram_i.memory\[343\]\[0\],33.14µm
i_core_v_mini_mcu.cpu_subsystem_i.cpu_1_0.rf_ram_i.memory\[402\]\[1\],33.14µm
i_core_v_mini_mcu.memory_subsystem_i.ram0_i.tc_ram_i.sram\[26\]\[22\],33.14µm
_05712_,33.09µm
_06214_,33.09µm
_06992_,33.09µm
_07573_,33.09µm
_07662_,33.09µm
_10028_,33.09µm
_10654_,33.09µm
_10912_,33.09µm
_11414_,33.09µm
_11624_,33.09µm
_12446_,33.09µm
_13054_,33.09µm
_13766_,33.09µm
_14743_,33.09µm
_15493_,33.09µm
_16384_,33.09µm
_16590_,33.09µm
_17670_,33.09µm
_20356_,33.09µm
_20620_,33.09µm
_23572_,33.09µm
_23681_,33.09µm
_24031_,33.09µm
_26017_,33.09µm
_26275_,33.09µm
_26950_,33.09µm
i_core_v_mini_mcu.ao_peripheral_subsystem_i.mosaic_clint_i.mtimecmp_q\[45\],33.09µm
i_core_v_mini_mcu.ao_peripheral_subsystem_i.power_manager_i.power_manager_reg_top_i.ram_0_clk_gate_qs,33.09µm
i_core_v_mini_mcu.ao_peripheral_subsystem_i.tdu_i.task_mem\[2\]\[26\],33.09µm
i_core_v_mini_mcu.cpu_subsystem_i.cpu_0_0.rf_ram_i.memory\[111\]\[1\],33.09µm
i_core_v_mini_mcu.cpu_subsystem_i.cpu_0_0.rf_ram_i.memory\[212\]\[1\],33.09µm
i_core_v_mini_mcu.cpu_subsystem_i.cpu_0_0.rf_ram_i.memory\[227\]\[0\],33.09µm
i_core_v_mini_mcu.cpu_subsystem_i.cpu_1_0.i_servile.cpu.immdec.gen_immdec_w_eq_1.imm11_7\[4\],33.09µm
i_core_v_mini_mcu.cpu_subsystem_i.cpu_1_0.rf_ram_i.memory\[227\]\[1\],33.09µm
i_core_v_mini_mcu.cpu_subsystem_i.cpu_1_0.rf_ram_i.memory\[504\]\[1\],33.09µm
i_core_v_mini_mcu.memory_subsystem_i.ram0_i.tc_ram_i.sram\[18\]\[27\],33.09µm
i_core_v_mini_mcu.memory_subsystem_i.ram0_i.tc_ram_i.sram\[30\]\[21\],33.09µm
i_core_v_mini_mcu.peripheral_subsystem_i.uart_i.hw2reg\[8\],33.09µm
_03238_,33.04µm
_06157_,33.04µm
_07292_,33.04µm
_08212_,33.04µm
_08934_,33.04µm
_09605_,33.04µm
_09640_,33.04µm
_10090_,33.04µm
_10224_,33.04µm
_10229_,33.04µm
_10938_,33.04µm
_11134_,33.04µm
_11733_,33.04µm
_12899_,33.04µm
_12921_,33.04µm
_13444_,33.04µm
_14013_,33.04µm
_14695_,33.04µm
_15428_,33.04µm
_15460_,33.04µm
_16322_,33.04µm
_16536_,33.04µm
_17434_,33.04µm
_17589_,33.04µm
_18414_,33.04µm
_24115_,33.04µm
_24181_,33.04µm
_25473_,33.04µm
_26872_,33.04µm
_27424_,33.04µm
i_core_v_mini_mcu.ao_peripheral_subsystem_i.clint_mtime_o\[38\],33.04µm
i_core_v_mini_mcu.ao_peripheral_subsystem_i.mosaic_clint_i.mtimecmp_q\[15\],33.04µm
i_core_v_mini_mcu.ao_peripheral_subsystem_i.power_manager_i.power_manager_reg_top_i.cpu_reset_deassert_counter_qs\[10\],33.04µm
i_core_v_mini_mcu.ao_peripheral_subsystem_i.power_manager_i.power_manager_reg_top_i.intr_state_qs\[10\],33.04µm
i_core_v_mini_mcu.cpu_subsystem_i.cpu_0_0.rf_ram_i.memory\[134\]\[1\],33.04µm
i_core_v_mini_mcu.cpu_subsystem_i.cpu_0_0.rf_ram_i.memory\[157\]\[0\],33.04µm
i_core_v_mini_mcu.cpu_subsystem_i.cpu_0_0.rf_ram_i.memory\[190\]\[1\],33.04µm
i_core_v_mini_mcu.cpu_subsystem_i.cpu_1_0.rf_ram_i.memory\[25\]\[1\],33.04µm
i_core_v_mini_mcu.cpu_subsystem_i.cpu_1_0.rf_ram_i.memory\[491\]\[1\],33.04µm
i_core_v_mini_mcu.memory_subsystem_i.ram0_i.tc_ram_i.sram\[6\]\[27\],33.04µm
i_core_v_mini_mcu.cpu_subsystem_i.cpu_0_0.rf_ram_i.memory\[242\]\[0\],32.81µm
_09813_,32.78µm
_15471_,32.73µm
_16335_,32.73µm
_16371_,32.73µm
_09811_,32.68µm
i_core_v_mini_mcu.ao_peripheral_subsystem_i.mosaic_clint_i.mtimecmp_q\[70\],32.68µm
i_core_v_mini_mcu.cpu_subsystem_i.cpu_1_0.i_servile.cpu.state.init_done,32.68µm
_05442_,32.63µm
_06167_,32.63µm
_07354_,32.63µm
_08744_,32.63µm
_12113_,32.63µm
_13095_,32.63µm
_15118_,32.63µm
_15607_,32.63µm
_15792_,32.63µm
_15811_,32.63µm
_17806_,32.63µm
_20053_,32.63µm
_20944_,32.63µm
i_core_v_mini_mcu.ao_peripheral_subsystem_i.power_manager_i.power_manager_reg_top_i.cpu_reset_deassert_counter_qs\[4\],32.63µm
i_core_v_mini_mcu.core_data_req\[77\],32.63µm
i_core_v_mini_mcu.cpu_subsystem_i.cpu_0_0.rf_ram_i.memory\[412\]\[0\],32.63µm
_05762_,32.58µm
_06107_,32.58µm
_09420_,32.58µm
_10191_,32.58µm
_10302_,32.58µm
_13579_,32.58µm
_13782_,32.58µm
_14779_,32.58µm
_15260_,32.58µm
_15673_,32.58µm
_16267_,32.58µm
_16770_,32.58µm
_16847_,32.58µm
_17133_,32.58µm
_17352_,32.58µm
_20384_,32.58µm
_20534_,32.58µm
_21562_,32.58µm
_21815_,32.58µm
_25524_,32.58µm
i_core_v_mini_mcu.ao_peripheral_subsystem_i.spi_subsystem_i.obi_spimemio_i.obi_to_picorv32_i.addr_buf\[2\],32.58µm
i_core_v_mini_mcu.ao_peripheral_subsystem_i.spi_subsystem_i.obi_spimemio_i.spimemio_i.buffer\[10\],32.58µm
i_core_v_mini_mcu.ao_peripheral_subsystem_i.spi_subsystem_i.obi_spimemio_i.spimemio_i.rd_addr\[20\],32.58µm
i_core_v_mini_mcu.cpu_subsystem_i.cpu_0_0.i_servile.arbiter.i_wb_cpu_dbus_adr\[14\],32.58µm
i_core_v_mini_mcu.cpu_subsystem_i.cpu_0_0.i_servile.arbiter.i_wb_cpu_dbus_adr\[26\],32.58µm
i_core_v_mini_mcu.cpu_subsystem_i.cpu_0_0.rf_ram_i.memory\[188\]\[0\],32.58µm
i_core_v_mini_mcu.cpu_subsystem_i.cpu_0_0.rf_ram_i.memory\[523\]\[0\],32.58µm
i_core_v_mini_mcu.cpu_subsystem_i.cpu_1_0.i_servile.arbiter.i_wb_cpu_dbus_adr\[7\],32.58µm
i_core_v_mini_mcu.cpu_subsystem_i.cpu_1_0.rf_ram_i.memory\[271\]\[0\],32.58µm
i_core_v_mini_mcu.cpu_subsystem_i.cpu_1_0.rf_ram_i.memory\[416\]\[1\],32.58µm
i_core_v_mini_mcu.memory_subsystem_i.ram0_i.tc_ram_i.sram\[17\]\[20\],32.58µm
net1707,32.56µm
_00021_,32.53µm
_07955_,32.53µm
_09060_,32.53µm
_09075_,32.53µm
_09428_,32.53µm
_10385_,32.53µm
_10548_,32.53µm
_10647_,32.53µm
_10772_,32.53µm
_10954_,32.53µm
_11056_,32.53µm
_11426_,32.53µm
_12910_,32.53µm
_13024_,32.53µm
_13787_,32.53µm
_15721_,32.53µm
_16621_,32.53µm
_16818_,32.53µm
_17411_,32.53µm
_20101_,32.53µm
_22496_,32.53µm
_23260_,32.53µm
_23611_,32.53µm
_23733_,32.53µm
_25162_,32.53µm
_27225_,32.53µm
i_core_v_mini_mcu.ao_peripheral_subsystem_i.mosaic_clint_i.mtimecmp_q\[105\],32.53µm
i_core_v_mini_mcu.ao_peripheral_subsystem_i.mosaic_clint_i.mtimecmp_q\[76\],32.53µm
i_core_v_mini_mcu.ao_peripheral_subsystem_i.periph_to_reg_i.r_rdata_d\[0\],32.53µm
i_core_v_mini_mcu.ao_peripheral_subsystem_i.power_manager_i.power_manager_reg_top_i.en_wait_for_intr_qs\[3\],32.53µm
i_core_v_mini_mcu.ao_peripheral_subsystem_i.power_manager_i.reg_to_counter_cpu_powergate_switch_on_i.counter_curr_state\[0\],32.53µm
i_core_v_mini_mcu.ao_peripheral_subsystem_i.soc_ctrl_i.reg2hw\[14\],32.53µm
i_core_v_mini_mcu.ao_peripheral_subsystem_i.tdu_i.count_q\[0\],32.53µm
i_core_v_mini_mcu.ao_peripheral_subsystem_i.tdu_i.task_mem\[1\]\[31\],32.53µm
i_core_v_mini_mcu.ao_peripheral_subsystem_i.tdu_i.task_mem\[3\]\[26\],32.53µm
i_core_v_mini_mcu.ao_peripheral_subsystem_i.tdu_i.task_mem\[4\]\[10\],32.53µm
i_core_v_mini_mcu.cpu_subsystem_i.cpu_0_0.rf_ram_i.memory\[143\]\[1\],32.53µm
i_core_v_mini_mcu.cpu_subsystem_i.cpu_0_0.rf_ram_i.memory\[204\]\[1\],32.53µm
i_core_v_mini_mcu.cpu_subsystem_i.cpu_0_0.rf_ram_i.memory\[262\]\[1\],32.53µm
i_core_v_mini_mcu.cpu_subsystem_i.cpu_0_0.rf_ram_i.memory\[29\]\[1\],32.53µm
i_core_v_mini_mcu.cpu_subsystem_i.cpu_0_0.rf_ram_i.memory\[516\]\[1\],32.53µm
i_core_v_mini_mcu.cpu_subsystem_i.cpu_0_0.rf_ram_i.memory\[76\]\[0\],32.53µm
i_core_v_mini_mcu.cpu_subsystem_i.cpu_1_0.rf_ram_i.memory\[112\]\[1\],32.53µm
i_core_v_mini_mcu.cpu_subsystem_i.cpu_1_0.rf_ram_i.memory\[115\]\[1\],32.53µm
i_core_v_mini_mcu.cpu_subsystem_i.cpu_1_0.rf_ram_i.memory\[350\]\[0\],32.53µm
i_core_v_mini_mcu.cpu_subsystem_i.cpu_1_0.rf_ram_i.memory\[350\]\[1\],32.53µm
i_core_v_mini_mcu.cpu_subsystem_i.cpu_1_0.rf_ram_i.memory\[52\]\[0\],32.53µm
i_core_v_mini_mcu.memory_subsystem_i.ram0_i.tc_ram_i.sram\[0\]\[11\],32.53µm
i_core_v_mini_mcu.memory_subsystem_i.ram0_i.tc_ram_i.sram\[29\]\[22\],32.53µm
i_core_v_mini_mcu.memory_subsystem_i.ram0_i.tc_ram_i.sram\[30\]\[19\],32.53µm
i_core_v_mini_mcu.peripheral_subsystem_i.uart_i.uart_core.rx_timeout_count_q\[23\],32.53µm
_02369_,32.48µm
_06486_,32.48µm
_06609_,32.48µm
_07315_,32.48µm
_07698_,32.48µm
_11766_,32.48µm
_12629_,32.48µm
_12810_,32.48µm
_12948_,32.48µm
_13058_,32.48µm
_13583_,32.48µm
_15422_,32.48µm
_16049_,32.48µm
_16516_,32.48µm
_17517_,32.48µm
_21368_,32.48µm
_26072_,32.48µm
_26333_,32.48µm
_27400_,32.48µm
_27409_,32.48µm
i_core_v_mini_mcu.ao_peripheral_subsystem_i.tdu_i.active_hart_cycles_q\[5\],32.48µm
i_core_v_mini_mcu.ao_peripheral_subsystem_i.tdu_i.task_mem\[1\]\[2\],32.48µm
i_core_v_mini_mcu.cpu_subsystem_i.cpu_0_0.rf_ram_i.memory\[131\]\[1\],32.48µm
i_core_v_mini_mcu.cpu_subsystem_i.cpu_0_0.rf_ram_i.memory\[307\]\[1\],32.48µm
i_core_v_mini_mcu.cpu_subsystem_i.cpu_0_0.rf_ram_i.memory\[486\]\[1\],32.48µm
i_core_v_mini_mcu.cpu_subsystem_i.cpu_1_0.rf_ram_i.memory\[440\]\[0\],32.48µm
net1628,32.46µm
net1615,32.34µm
i_core_v_mini_mcu.cpu_subsystem_i.cpu_0_0.rf_ram_i.memory\[328\]\[0\],32.3µm
_24319_,32.25µm
i_core_v_mini_mcu.ao_peripheral_subsystem_i.mosaic_clint_i.mtimecmp_q\[11\],32.25µm
i_core_v_mini_mcu.memory_subsystem_i.ram0_i.tc_ram_i.sram\[12\]\[28\],32.25µm
_26735_,32.2µm
_15313_,32.17µm
_17611_,32.17µm
_09870_,32.12µm
_10200_,32.12µm
_14435_,32.12µm
exit_value_int\[29\],32.12µm
exit_value_int\[3\],32.12µm
i_core_v_mini_mcu.cpu_subsystem_i.cpu_0_0.i_servile.arbiter.i_wb_cpu_dbus_adr\[21\],32.08µm
_05639_,32.07µm
_16581_,32.07µm
i_core_v_mini_mcu.cpu_subsystem_i.cpu_0_0.rf_ram_i.memory\[289\]\[1\],32.07µm
i_core_v_mini_mcu.cpu_subsystem_i.cpu_1_0.rf_ram_i.memory\[103\]\[1\],32.07µm
i_core_v_mini_mcu.cpu_subsystem_i.cpu_1_0.rf_ram_i.memory\[128\]\[0\],32.07µm
_00028_,32.02µm
_04178_,32.02µm
_05732_,32.02µm
_05944_,32.02µm
_07728_,32.02µm
_10111_,32.02µm
_10265_,32.02µm
_10362_,32.02µm
_12358_,32.02µm
_15066_,32.02µm
_15186_,32.02µm
_15556_,32.02µm
_15982_,32.02µm
_16828_,32.02µm
_17915_,32.02µm
_18944_,32.02µm
_19693_,32.02µm
_20372_,32.02µm
_21471_,32.02µm
_21927_,32.02µm
_23269_,32.02µm
i_core_v_mini_mcu.ao_peripheral_subsystem_i.clint_mtime_o\[45\],32.02µm
i_core_v_mini_mcu.ao_peripheral_subsystem_i.memory_subsystem_pwr_ctrl_i,32.02µm
i_core_v_mini_mcu.ao_peripheral_subsystem_i.soc_ctrl_i.reg2hw\[29\],32.02µm
i_core_v_mini_mcu.ao_peripheral_subsystem_i.tdu_i.task_mem\[3\]\[17\],32.02µm
i_core_v_mini_mcu.ao_peripheral_subsystem_i.tdu_i.task_mem\[6\]\[15\],32.02µm
i_core_v_mini_mcu.cpu_subsystem_i.cpu_0_0.rf_ram_i.memory\[132\]\[0\],32.02µm
i_core_v_mini_mcu.cpu_subsystem_i.cpu_1_0.i_servile.arbiter.i_wb_cpu_ibus_adr\[28\],32.02µm
i_core_v_mini_mcu.cpu_subsystem_i.cpu_1_0.rf_ram_i.memory\[132\]\[0\],32.02µm
i_core_v_mini_mcu.cpu_subsystem_i.cpu_1_0.rf_ram_i.memory\[229\]\[1\],32.02µm
i_core_v_mini_mcu.memory_subsystem_i.ram0_i.tc_ram_i.sram\[20\]\[4\],32.02µm
i_core_v_mini_mcu.memory_subsystem_i.ram0_i.tc_ram_i.sram\[30\]\[25\],32.02µm
i_core_v_mini_mcu.memory_subsystem_i.ram0_i.tc_ram_i.sram\[31\]\[11\],32.02µm
i_core_v_mini_mcu.peripheral_subsystem_i.obi_fifo_i.consumer_resp_i\[15\],32.02µm
i_core_v_mini_mcu.peripheral_subsystem_i.periph_to_reg_i.r_rdata_d\[12\],32.02µm
clknet_leaf_3_i_core_v_mini_mcu.cpu_subsystem_i.cpu_0_0.clk_i,32.02µm
_01473_,31.97µm
_01532_,31.97µm
_07349_,31.97µm
_07579_,31.97µm
_08710_,31.97µm
_09661_,31.97µm
_10109_,31.97µm
_10594_,31.97µm
_10621_,31.97µm
_10942_,31.97µm
_11119_,31.97µm
_11933_,31.97µm
_11956_,31.97µm
_11964_,31.97µm
_13008_,31.97µm
_13249_,31.97µm
_13836_,31.97µm
_15209_,31.97µm
_15284_,31.97µm
_15307_,31.97µm
_15533_,31.97µm
_16396_,31.97µm
_17091_,31.97µm
_17285_,31.97µm
_18400_,31.97µm
_20340_,31.97µm
_20880_,31.97µm
_22101_,31.97µm
_22622_,31.97µm
_22797_,31.97µm
_24754_,31.97µm
_26648_,31.97µm
_26889_,31.97µm
_27219_,31.97µm
_27690_,31.97µm
i_core_v_mini_mcu.ao_peripheral_subsystem_i.clint_mtime_o\[58\],31.97µm
i_core_v_mini_mcu.ao_peripheral_subsystem_i.mosaic_clint_i.mtimecmp_q\[13\],31.97µm
i_core_v_mini_mcu.ao_peripheral_subsystem_i.obi_fifo_i.consumer_data_req\[50\],31.97µm
i_core_v_mini_mcu.ao_peripheral_subsystem_i.power_manager_i.power_manager_counter_sequence_cpu_reset_i.sequence_curr_state\[1\],31.97µm
i_core_v_mini_mcu.ao_peripheral_subsystem_i.power_manager_i.power_manager_reg_top_i.master_cpu_force_switch_on_qs,31.97µm
i_core_v_mini_mcu.ao_peripheral_subsystem_i.spi_subsystem_i.obi_spimemio_i.flash_io3_do_o,31.97µm
i_core_v_mini_mcu.ao_peripheral_subsystem_i.spi_subsystem_i.obi_spimemio_i.obi_to_picorv32_i.picorv32_resp_i\[5\],31.97µm
i_core_v_mini_mcu.ao_peripheral_subsystem_i.spi_subsystem_i.obi_spimemio_i.spimemio_i.buffer\[5\],31.97µm
i_core_v_mini_mcu.ao_peripheral_subsystem_i.tdu_i.task_mem\[1\]\[24\],31.97µm
i_core_v_mini_mcu.cpu_subsystem_i.cpu_0_0.i_servile.cpu.cond_branch,31.97µm
i_core_v_mini_mcu.cpu_subsystem_i.cpu_0_0.i_servile.o_rf_raddr\[1\],31.97µm
i_core_v_mini_mcu.cpu_subsystem_i.cpu_0_0.rf_ram_i.memory\[101\]\[1\],31.97µm
i_core_v_mini_mcu.cpu_subsystem_i.cpu_0_0.rf_ram_i.memory\[112\]\[1\],31.97µm
i_core_v_mini_mcu.cpu_subsystem_i.cpu_0_0.rf_ram_i.memory\[200\]\[1\],31.97µm
i_core_v_mini_mcu.cpu_subsystem_i.cpu_0_0.rf_ram_i.memory\[513\]\[1\],31.97µm
i_core_v_mini_mcu.cpu_subsystem_i.cpu_1_0.rf_ram_i.memory\[140\]\[0\],31.97µm
i_core_v_mini_mcu.cpu_subsystem_i.cpu_1_0.rf_ram_i.memory\[238\]\[1\],31.97µm
i_core_v_mini_mcu.cpu_subsystem_i.cpu_1_0.rf_ram_i.memory\[245\]\[0\],31.97µm
i_core_v_mini_mcu.cpu_subsystem_i.cpu_1_0.rf_ram_i.memory\[342\]\[0\],31.97µm
i_core_v_mini_mcu.cpu_subsystem_i.cpu_1_0.rf_ram_i.memory\[389\]\[1\],31.97µm
i_core_v_mini_mcu.cpu_subsystem_i.cpu_1_0.rf_ram_i.memory\[93\]\[0\],31.97µm
i_core_v_mini_mcu.memory_subsystem_i.ram0_i.tc_ram_i.sram\[3\]\[13\],31.97µm
i_core_v_mini_mcu.memory_subsystem_i.ram0_i.tc_ram_i.sram\[4\]\[8\],31.97µm
i_core_v_mini_mcu.peripheral_subsystem_i.obi_fifo_i.consumer_data_req\[35\],31.97µm
net1893,31.97µm
_03763_,31.92µm
_03768_,31.92µm
_05958_,31.92µm
_07041_,31.92µm
_07065_,31.92µm
_07108_,31.92µm
_07490_,31.92µm
_08352_,31.92µm
_10853_,31.92µm
_10950_,31.92µm
_11076_,31.92µm
_11102_,31.92µm
_11285_,31.92µm
_11569_,31.92µm
_12310_,31.92µm
_12673_,31.92µm
_14498_,31.92µm
_15151_,31.92µm
_15392_,31.92µm
_15610_,31.92µm
_17840_,31.92µm
_18237_,31.92µm
_18288_,31.92µm
_20190_,31.92µm
_22089_,31.92µm
_22493_,31.92µm
_25481_,31.92µm
_26744_,31.92µm
_27322_,31.92µm
_27380_,31.92µm
_27543_,31.92µm
i_core_v_mini_mcu.ao_peripheral_subsystem_i.tdu_i.task_mem\[5\]\[16\],31.92µm
i_core_v_mini_mcu.cpu_subsystem_i.cpu_0_0.i_servile.cpu.alu.i_sub,31.92µm
i_core_v_mini_mcu.cpu_subsystem_i.cpu_0_0.i_servile.cpu.ctrl.o_ibus_adr\[31\],31.92µm
i_core_v_mini_mcu.cpu_subsystem_i.cpu_0_0.rf_ram_i.memory\[554\]\[0\],31.92µm
i_core_v_mini_mcu.cpu_subsystem_i.cpu_1_0.rf_ram_i.memory\[417\]\[1\],31.92µm
net1631,31.92µm
i_core_v_mini_mcu.cpu_subsystem_i.cpu_0_0.rf_ram_i.memory\[363\]\[0\],31.69µm
spi_flash_sd_io_OE[1],31.69µm
spi_flash_sd_io_OUT[1],31.67µm
_14572_,31.66µm
i_core_v_mini_mcu.cpu_subsystem_i.cpu_1_0.rf_ram_i.memory\[129\]\[0\],31.64µm
_14402_,31.61µm
i_core_v_mini_mcu.ao_peripheral_subsystem_i.spi_subsystem_i.obi_spimemio_i.spimemio_i.xfer.dummy_count\[1\],31.61µm
_09315_,31.56µm
_16207_,31.56µm
_16421_,31.56µm
_16425_,31.56µm
_17824_,31.56µm
i_core_v_mini_mcu.cpu_subsystem_i.cpu_0_0.rf_ram_i.memory\[124\]\[1\],31.56µm
i_core_v_mini_mcu.cpu_subsystem_i.cpu_0_0.rf_ram_i.memory\[352\]\[1\],31.56µm
_17298_,31.53µm
_09815_,31.51µm
_14999_,31.51µm
_16484_,31.51µm
_17322_,31.51µm
_17367_,31.51µm
i_core_v_mini_mcu.ao_peripheral_subsystem_i.tdu_i.task_mem\[4\]\[7\],31.51µm
i_core_v_mini_mcu.cpu_subsystem_i.cpu_0_0.rf_ram_i.memory\[402\]\[0\],31.51µm
i_core_v_mini_mcu.cpu_subsystem_i.cpu_0_0.rf_ram_i.memory\[54\]\[0\],31.51µm
i_core_v_mini_mcu.cpu_subsystem_i.cpu_1_0.rf_ram_i.memory\[428\]\[1\],31.51µm
i_core_v_mini_mcu.peripheral_subsystem_i.uart_i.reg2hw\[78\],31.51µm
_01544_,31.46µm
_05940_,31.46µm
_06543_,31.46µm
_08640_,31.46µm
_08890_,31.46µm
_09942_,31.46µm
_14091_,31.46µm
_14365_,31.46µm
_14917_,31.46µm
_15231_,31.46µm
_16500_,31.46µm
_16519_,31.46µm
_16560_,31.46µm
_16563_,31.46µm
_17257_,31.46µm
_17331_,31.46µm
_17479_,31.46µm
_17733_,31.46µm
_21241_,31.46µm
_21403_,31.46µm
_23454_,31.46µm
i_core_v_mini_mcu.ao_peripheral_subsystem_i.obi_fifo_i.consumer_data_req_q\[59\],31.46µm
i_core_v_mini_mcu.ao_peripheral_subsystem_i.power_manager_i.power_manager_reg_top_i.global_pointer_qs\[12\],31.46µm
i_core_v_mini_mcu.ao_peripheral_subsystem_i.spi_subsystem_i.obi_spimemio_i.obi_to_picorv32_i.addr_buf\[15\],31.46µm
i_core_v_mini_mcu.cpu_subsystem_i.cpu_0_0.rf_ram_i.memory\[22\]\[1\],31.46µm
i_core_v_mini_mcu.cpu_subsystem_i.cpu_1_0.rf_ram_i.memory\[212\]\[0\],31.46µm
i_core_v_mini_mcu.cpu_subsystem_i.cpu_1_0.rf_ram_i.memory\[23\]\[0\],31.46µm
i_core_v_mini_mcu.cpu_subsystem_i.cpu_1_0.rf_ram_i.memory\[459\]\[1\],31.46µm
i_core_v_mini_mcu.cpu_subsystem_i.cpu_1_0.rf_ram_i.memory\[484\]\[1\],31.46µm
i_core_v_mini_mcu.cpu_subsystem_i.cpu_1_0.rf_ram_i.memory\[94\]\[0\],31.46µm
i_core_v_mini_mcu.memory_subsystem_i.ram0_i.tc_ram_i.sram\[11\]\[23\],31.46µm
i_core_v_mini_mcu.memory_subsystem_i.ram0_i.tc_ram_i.sram\[12\]\[12\],31.46µm
i_core_v_mini_mcu.memory_subsystem_i.ram0_i.tc_ram_i.sram\[8\]\[8\],31.46µm
spi_flash_sd_io_IN[3],31.44µm
net1686,31.42µm
_05957_,31.41µm
_06084_,31.41µm
_06279_,31.41µm
_06329_,31.41µm
_06705_,31.41µm
_07321_,31.41µm
_07422_,31.41µm
_07711_,31.41µm
_08120_,31.41µm
_09376_,31.41µm
_10081_,31.41µm
_10241_,31.41µm
_10306_,31.41µm
_10338_,31.41µm
_11229_,31.41µm
_11450_,31.41µm
_11526_,31.41µm
_13480_,31.41µm
_13983_,31.41µm
_14853_,31.41µm
_14990_,31.41µm
_15032_,31.41µm
_15060_,31.41µm
_15774_,31.41µm
_15849_,31.41µm
_16105_,31.41µm
_19739_,31.41µm
_20338_,31.41µm
_20862_,31.41µm
_21891_,31.41µm
_22926_,31.41µm
_23254_,31.41µm
_23714_,31.41µm
_23853_,31.41µm
_24667_,31.41µm
_26095_,31.41µm
_26660_,31.41µm
_26668_,31.41µm
_26838_,31.41µm
i_core_v_mini_mcu.ao_peripheral_subsystem_i.obi_fifo_i.consumer_data_req_q\[41\],31.41µm
i_core_v_mini_mcu.ao_peripheral_subsystem_i.obi_fifo_i.consumer_resp_i\[30\],31.41µm
i_core_v_mini_mcu.ao_peripheral_subsystem_i.power_manager_i.power_manager_reg_top_i.monitor_power_gate_periph_qs\[2\],31.41µm
i_core_v_mini_mcu.ao_peripheral_subsystem_i.soc_ctrl_i.reg2hw\[2\],31.41µm
i_core_v_mini_mcu.ao_peripheral_subsystem_i.tdu_i.task_mem\[4\]\[25\],31.41µm
i_core_v_mini_mcu.ao_peripheral_subsystem_i.tdu_i.task_mem\[4\]\[8\],31.41µm
i_core_v_mini_mcu.ao_peripheral_subsystem_i.tdu_i.task_mem\[6\]\[12\],31.41µm
i_core_v_mini_mcu.ao_peripheral_subsystem_i.tdu_i.task_mem\[7\]\[14\],31.41µm
i_core_v_mini_mcu.cpu_subsystem_i.cpu_0_0.rf_ram_i.memory\[154\]\[1\],31.41µm
i_core_v_mini_mcu.cpu_subsystem_i.cpu_0_0.rf_ram_i.memory\[165\]\[1\],31.41µm
i_core_v_mini_mcu.cpu_subsystem_i.cpu_0_0.rf_ram_i.memory\[234\]\[1\],31.41µm
i_core_v_mini_mcu.cpu_subsystem_i.cpu_0_0.rf_ram_i.memory\[271\]\[1\],31.41µm
i_core_v_mini_mcu.cpu_subsystem_i.cpu_0_0.rf_ram_i.memory\[288\]\[0\],31.41µm
i_core_v_mini_mcu.cpu_subsystem_i.cpu_0_0.rf_ram_i.memory\[379\]\[1\],31.41µm
i_core_v_mini_mcu.cpu_subsystem_i.cpu_1_0.rf_ram_i.memory\[206\]\[0\],31.41µm
i_core_v_mini_mcu.memory_subsystem_i.ram0_i.tc_ram_i.sram\[0\]\[17\],31.41µm
i_core_v_mini_mcu.memory_subsystem_i.ram0_i.tc_ram_i.sram\[17\]\[1\],31.41µm
i_core_v_mini_mcu.memory_subsystem_i.ram0_i.tc_ram_i.sram\[22\]\[23\],31.41µm
i_core_v_mini_mcu.memory_subsystem_i.ram0_i.tc_ram_i.sram\[2\]\[26\],31.41µm
i_core_v_mini_mcu.memory_subsystem_i.ram0_i.tc_ram_i.sram\[9\]\[8\],31.41µm
i_core_v_mini_mcu.peripheral_subsystem_i.uart_i.hw2reg\[3\],31.41µm
i_core_v_mini_mcu.system_bus_i.system_xbar_i.gen_xbar_NtoM.i_xbar.gen_inputs\[1\].i_addr_dec_resp_mux.valid_inflight_q,31.41µm
_05951_,31.36µm
_06710_,31.36µm
_06969_,31.36µm
_07317_,31.36µm
_08277_,31.36µm
_09058_,31.36µm
_09912_,31.36µm
_10543_,31.36µm
_11155_,31.36µm
_11299_,31.36µm
_11464_,31.36µm
_11522_,31.36µm
_11726_,31.36µm
_11809_,31.36µm
_12405_,31.36µm
_12443_,31.36µm
_13303_,31.36µm
_14076_,31.36µm
_16503_,31.36µm
_16521_,31.36µm
_16795_,31.36µm
_16922_,31.36µm
_17097_,31.36µm
_17157_,31.36µm
_17303_,31.36µm
_17522_,31.36µm
_17801_,31.36µm
_18372_,31.36µm
_19753_,31.36µm
_20358_,31.36µm
_20374_,31.36µm
_23037_,31.36µm
_26055_,31.36µm
_26290_,31.36µm
_26812_,31.36µm
_27386_,31.36µm
i_core_v_mini_mcu.ao_peripheral_subsystem_i.tdu_i.task_mem\[2\]\[7\],31.36µm
i_core_v_mini_mcu.cpu_subsystem_i.cpu_0_0.rf_ram_i.memory\[414\]\[0\],31.36µm
i_core_v_mini_mcu.cpu_subsystem_i.cpu_0_0.rf_ram_i.memory\[49\]\[1\],31.36µm
i_core_v_mini_mcu.cpu_subsystem_i.cpu_1_0.rf_ram_i.memory\[299\]\[0\],31.36µm
i_core_v_mini_mcu.cpu_subsystem_i.cpu_1_0.rf_ram_i.memory\[36\]\[0\],31.36µm
i_core_v_mini_mcu.memory_subsystem_i.ram0_i.tc_ram_i.sram\[0\]\[29\],31.36µm
i_core_v_mini_mcu.memory_subsystem_i.ram0_i.tc_ram_i.sram\[19\]\[22\],31.36µm
_06259_,31.18µm
net1720,31.05µm
net1723,31.03µm
_13848_,31µm
i_core_v_mini_mcu.cpu_subsystem_i.cpu_0_0.rf_ram_i.memory\[382\]\[1\],31µm
i_core_v_mini_mcu.peripheral_subsystem_i.uart_i.uart_core.rx_timeout_count_q\[20\],31µm
_06963_,30.95µm
_08237_,30.95µm
_09002_,30.95µm
_13636_,30.95µm
_14285_,30.95µm
_14499_,30.95µm
_15783_,30.95µm
_15798_,30.95µm
_16638_,30.95µm
_17211_,30.95µm
_17815_,30.95µm
_22263_,30.95µm
i_core_v_mini_mcu.ao_peripheral_subsystem_i.power_manager_i.cpu_powergate_counter_expired_switch_on,30.95µm
i_core_v_mini_mcu.ao_peripheral_subsystem_i.soc_ctrl_i.reg2hw\[26\],30.95µm
i_core_v_mini_mcu.cpu_subsystem_i.cpu_1_0.rf_ram_i.memory\[181\]\[0\],30.95µm
_02365_,30.9µm
_05468_,30.9µm
_05840_,30.9µm
_06254_,30.9µm
_06431_,30.9µm
_08201_,30.9µm
_08736_,30.9µm
_11527_,30.9µm
_12125_,30.9µm
_12578_,30.9µm
_13482_,30.9µm
_13748_,30.9µm
_14548_,30.9µm
_14899_,30.9µm
_14981_,30.9µm
_15734_,30.9µm
_15820_,30.9µm
_17226_,30.9µm
_22140_,30.9µm
_23672_,30.9µm
_26193_,30.9µm
i_core_v_mini_mcu.ao_peripheral_slave_resp\[24\],30.9µm
i_core_v_mini_mcu.ao_peripheral_subsystem_i.mosaic_clint_i.mtimecmp_q\[55\],30.9µm
i_core_v_mini_mcu.ao_peripheral_subsystem_i.obi_fifo_i.consumer_data_req_q\[5\],30.9µm
i_core_v_mini_mcu.ao_peripheral_subsystem_i.power_manager_i.memory_subsystem_banks_powergate_iso_n,30.9µm
i_core_v_mini_mcu.ao_peripheral_subsystem_i.soc_ctrl_i.reg2hw\[30\],30.9µm
i_core_v_mini_mcu.ao_peripheral_subsystem_i.spi_subsystem_i.obi_spimemio_i.obi_to_picorv32_i.picorv32_resp_i\[0\],30.9µm
i_core_v_mini_mcu.cpu_subsystem_i.cpu_0_0.rf_ram_i.memory\[165\]\[0\],30.9µm
i_core_v_mini_mcu.cpu_subsystem_i.cpu_0_0.rf_ram_i.memory\[208\]\[0\],30.9µm
i_core_v_mini_mcu.cpu_subsystem_i.cpu_0_0.rf_ram_i.memory\[214\]\[1\],30.9µm
i_core_v_mini_mcu.cpu_subsystem_i.cpu_1_0.rf_ram_i.memory\[85\]\[0\],30.9µm
i_core_v_mini_mcu.memory_subsystem_i.ram0_i.tc_ram_i.sram\[14\]\[4\],30.9µm
_01351_,30.85µm
_06674_,30.85µm
_07213_,30.85µm
_07295_,30.85µm
_07392_,30.85µm
_07731_,30.85µm
_08080_,30.85µm
_08552_,30.85µm
_08688_,30.85µm
_09674_,30.85µm
_10634_,30.85µm
_11843_,30.85µm
_12115_,30.85µm
_13253_,30.85µm
_13315_,30.85µm
_13363_,30.85µm
_14705_,30.85µm
_14935_,30.85µm
_15706_,30.85µm
_16573_,30.85µm
_17252_,30.85µm
_17865_,30.85µm
_19985_,30.85µm
_20220_,30.85µm
_21551_,30.85µm
_23050_,30.85µm
_23258_,30.85µm
_23348_,30.85µm
_23542_,30.85µm
_24171_,30.85µm
_27586_,30.85µm
i_core_v_mini_mcu.ao_peripheral_subsystem_i.obi_fifo_i.consumer_data_req\[58\],30.85µm
i_core_v_mini_mcu.ao_peripheral_subsystem_i.obi_fifo_i.consumer_data_req_q\[45\],30.85µm
i_core_v_mini_mcu.ao_peripheral_subsystem_i.power_manager_i.power_manager_reg_top_i.en_wait_for_intr_qs\[18\],30.85µm
i_core_v_mini_mcu.ao_peripheral_subsystem_i.power_manager_i.power_manager_reg_top_i.intr_state_qs\[8\],30.85µm
i_core_v_mini_mcu.ao_peripheral_subsystem_i.tdu_i.task_mem\[3\]\[29\],30.85µm
i_core_v_mini_mcu.cpu_subsystem_i.cpu_0_0.i_servile.arbiter.i_wb_cpu_dbus_adr\[28\],30.85µm
i_core_v_mini_mcu.cpu_subsystem_i.cpu_0_0.rf_ram_i.memory\[202\]\[0\],30.85µm
i_core_v_mini_mcu.cpu_subsystem_i.cpu_0_0.rf_ram_i.memory\[27\]\[1\],30.85µm
i_core_v_mini_mcu.cpu_subsystem_i.cpu_0_0.rf_ram_i.memory\[358\]\[1\],30.85µm
i_core_v_mini_mcu.cpu_subsystem_i.cpu_1_0.rf_ram_i.memory\[210\]\[0\],30.85µm
i_core_v_mini_mcu.cpu_subsystem_i.cpu_1_0.rf_ram_i.memory\[489\]\[0\],30.85µm
i_core_v_mini_mcu.memory_subsystem_i.ram0_i.tc_ram_i.sram\[12\]\[3\],30.85µm
i_core_v_mini_mcu.memory_subsystem_i.ram0_i.tc_ram_i.sram\[21\]\[12\],30.85µm
i_core_v_mini_mcu.memory_subsystem_i.ram0_i.tc_ram_i.sram\[22\]\[27\],30.85µm
i_core_v_mini_mcu.memory_subsystem_i.ram0_i.tc_ram_i.sram\[26\]\[2\],30.85µm
i_core_v_mini_mcu.memory_subsystem_i.ram0_i.tc_ram_i.sram\[8\]\[28\],30.85µm
i_core_v_mini_mcu.peripheral_subsystem_i.uart_i.reg2hw\[122\],30.85µm
i_core_v_mini_mcu.peripheral_subsystem_i.uart_i.uart_core.u_uart_txfifo.gen_normal_fifo.storage\[19\],30.85µm
_03810_,30.8µm
_05185_,30.8µm
_05454_,30.8µm
_07092_,30.8µm
_07421_,30.8µm
_07434_,30.8µm
_07470_,30.8µm
_11483_,30.8µm
_12974_,30.8µm
_13222_,30.8µm
_13409_,30.8µm
_14047_,30.8µm
_14269_,30.8µm
_15065_,30.8µm
_15439_,30.8µm
_15858_,30.8µm
_16220_,30.8µm
_16292_,30.8µm
_16912_,30.8µm
_17244_,30.8µm
_18678_,30.8µm
_20285_,30.8µm
_22058_,30.8µm
_22409_,30.8µm
_22666_,30.8µm
_24291_,30.8µm
_24425_,30.8µm
_24623_,30.8µm
_25126_,30.8µm
_27581_,30.8µm
i_core_v_mini_mcu.ao_peripheral_subsystem_i.periph_to_reg_i.r_rdata_d\[16\],30.8µm
i_core_v_mini_mcu.ao_peripheral_subsystem_i.spi_subsystem_i.obi_spimemio_i.spimemio_i.buffer\[18\],30.8µm
i_core_v_mini_mcu.ao_peripheral_subsystem_i.tdu_i.task_mem\[7\]\[13\],30.8µm
i_core_v_mini_mcu.cpu_subsystem_i.cpu_0_0.i_servile.cpu.ctrl.o_ibus_adr\[2\],30.8µm
i_core_v_mini_mcu.cpu_subsystem_i.cpu_0_0.rf_ram_i.memory\[131\]\[0\],30.8µm
i_core_v_mini_mcu.cpu_subsystem_i.cpu_0_0.rf_ram_i.memory\[149\]\[1\],30.8µm
i_core_v_mini_mcu.cpu_subsystem_i.cpu_0_0.rf_ram_i.memory\[402\]\[1\],30.8µm
i_core_v_mini_mcu.cpu_subsystem_i.cpu_0_0.rf_ram_i.memory\[473\]\[1\],30.8µm
i_core_v_mini_mcu.cpu_subsystem_i.cpu_1_0.rf_ram_i.memory\[483\]\[1\],30.8µm
i_core_v_mini_mcu.cpu_subsystem_i.cpu_1_0.rf_ram_i.memory\[84\]\[0\],30.8µm
i_core_v_mini_mcu.memory_subsystem_i.ram0_i.tc_ram_i.sram\[0\]\[9\],30.8µm
i_core_v_mini_mcu.memory_subsystem_i.ram0_i.tc_ram_i.sram\[11\]\[16\],30.8µm
i_core_v_mini_mcu.peripheral_subsystem_i.obi_fifo_i.consumer_data_req_q\[21\],30.8µm
clknet_leaf_91_i_core_v_mini_mcu.cpu_subsystem_i.cpu_1_0.clk_i,30.79µm
status_o_OUT[6],30.73µm
i_core_v_mini_mcu.ao_peripheral_subsystem_i.mosaic_clint_i.mtimecmp_q\[80\],30.67µm
_14844_,30.62µm
net1639,30.6µm
i_core_v_mini_mcu.ao_peripheral_subsystem_i.tdu_i.cpi_est_q\[63\],30.57µm
i_core_v_mini_mcu.cpu_subsystem_i.cpu_1_0.rf_ram_i.memory\[72\]\[1\],30.52µm
_27670_,30.49µm
_15627_,30.44µm
_16460_,30.44µm
_17506_,30.44µm
_07196_,30.39µm
_12674_,30.39µm
_14619_,30.39µm
_15029_,30.39µm
_16252_,30.39µm
_16557_,30.39µm
_23491_,30.39µm
_25960_,30.39µm
i_core_v_mini_mcu.cpu_subsystem_i.cpu_0_0.rf_ram_i.memory\[563\]\[0\],30.39µm
i_core_v_mini_mcu.peripheral_subsystem_i.uart_i.uart_core.uart_tx.sreg_q\[4\],30.39µm
net1897,30.39µm
_01563_,30.34µm
_05799_,30.34µm
_06952_,30.34µm
_07389_,30.34µm
_08750_,30.34µm
_09330_,30.34µm
_11767_,30.34µm
_12086_,30.34µm
_12598_,30.34µm
_13712_,30.34µm
_14891_,30.34µm
_15143_,30.34µm
_15641_,30.34µm
_15899_,30.34µm
_16740_,30.34µm
_16850_,30.34µm
_17249_,30.34µm
_17599_,30.34µm
_17722_,30.34µm
_20018_,30.34µm
_20368_,30.34µm
_23501_,30.34µm
_23725_,30.34µm
_26873_,30.34µm
i_core_v_mini_mcu.ao_peripheral_subsystem_i.mosaic_clint_i.mtimecmp_q\[94\],30.34µm
i_core_v_mini_mcu.ao_peripheral_subsystem_i.periph_to_reg_i.r_rdata_d\[26\],30.34µm
i_core_v_mini_mcu.ao_peripheral_subsystem_i.power_manager_i.power_manager_reg_top_i.intr_state_qs\[31\],30.34µm
i_core_v_mini_mcu.ao_peripheral_subsystem_i.spi_subsystem_i.obi_spimemio_i.obi_to_picorv32_i.state\[2\],30.34µm
i_core_v_mini_mcu.cpu_subsystem_i.cpu_0_0.rf_ram_i.memory\[44\]\[1\],30.34µm
i_core_v_mini_mcu.cpu_subsystem_i.cpu_0_0.rf_ram_i.memory\[468\]\[1\],30.34µm
i_core_v_mini_mcu.cpu_subsystem_i.cpu_1_0.i_servile.cpu.state.cnt_r\[3\],30.34µm
i_core_v_mini_mcu.cpu_subsystem_i.cpu_1_0.rf_ram_i.memory\[134\]\[0\],30.34µm
i_core_v_mini_mcu.cpu_subsystem_i.cpu_1_0.rf_ram_i.memory\[207\]\[0\],30.34µm
i_core_v_mini_mcu.cpu_subsystem_i.cpu_1_0.rf_ram_i.memory\[363\]\[1\],30.34µm
i_core_v_mini_mcu.memory_subsystem_i.ram0_i.tc_ram_i.sram\[12\]\[19\],30.34µm
i_core_v_mini_mcu.memory_subsystem_i.ram0_i.tc_ram_i.sram\[15\]\[17\],30.34µm
i_core_v_mini_mcu.peripheral_subsystem_i.obi_fifo_i.consumer_data_req\[64\],30.34µm
i_core_v_mini_mcu.peripheral_subsystem_i.uart_i.uart_core.uart_tx.baud_div_q\[2\],30.34µm
_05526_,30.29µm
_05579_,30.29µm
_06520_,30.29µm
_06970_,30.29µm
_07272_,30.29µm
_07913_,30.29µm
_08326_,30.29µm
_09110_,30.29µm
_09211_,30.29µm
_09744_,30.29µm
_10057_,30.29µm
_10297_,30.29µm
_10885_,30.29µm
_11048_,30.29µm
_11532_,30.29µm
_11774_,30.29µm
_12445_,30.29µm
_13826_,30.29µm
_14462_,30.29µm
_14557_,30.29µm
_14885_,30.29µm
_16152_,30.29µm
_16831_,30.29µm
_17300_,30.29µm
_18388_,30.29µm
_19669_,30.29µm
_20127_,30.29µm
_22401_,30.29µm
_27547_,30.29µm
i_core_v_mini_mcu.ao_peripheral_subsystem_i.obi_fifo_i.consumer_data_req_q\[21\],30.29µm
i_core_v_mini_mcu.ao_peripheral_subsystem_i.power_manager_i.power_manager_reg_top_i.global_pointer_qs\[25\],30.29µm
i_core_v_mini_mcu.ao_peripheral_subsystem_i.tdu_i.task_mem\[4\]\[26\],30.29µm
i_core_v_mini_mcu.cpu_subsystem_i.cpu_0_0.i_servile.cpu.gen_align.align.ibus_rdt_concat\[6\],30.29µm
i_core_v_mini_mcu.cpu_subsystem_i.cpu_0_0.rf_ram_i.memory\[279\]\[1\],30.29µm
i_core_v_mini_mcu.cpu_subsystem_i.cpu_0_0.rf_ram_i.memory\[285\]\[1\],30.29µm
i_core_v_mini_mcu.cpu_subsystem_i.cpu_0_0.rf_ram_i.memory\[560\]\[1\],30.29µm
i_core_v_mini_mcu.cpu_subsystem_i.cpu_0_0.rf_ram_i.memory\[66\]\[1\],30.29µm
i_core_v_mini_mcu.cpu_subsystem_i.cpu_0_0.rf_ram_i.memory\[94\]\[0\],30.29µm
i_core_v_mini_mcu.cpu_subsystem_i.cpu_1_0.rf_ram_i.memory\[102\]\[1\],30.29µm
i_core_v_mini_mcu.cpu_subsystem_i.cpu_1_0.rf_ram_i.memory\[132\]\[1\],30.29µm
i_core_v_mini_mcu.cpu_subsystem_i.cpu_1_0.rf_ram_i.memory\[265\]\[0\],30.29µm
i_core_v_mini_mcu.cpu_subsystem_i.cpu_1_0.rf_ram_i.memory\[411\]\[1\],30.29µm
i_core_v_mini_mcu.cpu_subsystem_i.cpu_1_0.rf_ram_i.memory\[436\]\[1\],30.29µm
i_core_v_mini_mcu.memory_subsystem_i.ram0_i.tc_ram_i.sram\[18\]\[21\],30.29µm
i_core_v_mini_mcu.peripheral_subsystem_i.uart_i.uart_core.u_uart_rxfifo.gen_normal_fifo.fifo_wptr\[0\],30.29µm
net1708,30.25µm
_04448_,30.24µm
_05478_,30.24µm
_05742_,30.24µm
_06442_,30.24µm
_07056_,30.24µm
_07802_,30.24µm
_09200_,30.24µm
_09546_,30.24µm
_09998_,30.24µm
_10233_,30.24µm
_10435_,30.24µm
_10588_,30.24µm
_10882_,30.24µm
_11120_,30.24µm
_11833_,30.24µm
_12007_,30.24µm
_12353_,30.24µm
_12909_,30.24µm
_13080_,30.24µm
_13122_,30.24µm
_13208_,30.24µm
_14348_,30.24µm
_15698_,30.24µm
_16504_,30.24µm
_16791_,30.24µm
_17069_,30.24µm
_17401_,30.24µm
_18244_,30.24µm
_21428_,30.24µm
_22879_,30.24µm
_23215_,30.24µm
_23687_,30.24µm
_24316_,30.24µm
_25100_,30.24µm
_26058_,30.24µm
_26701_,30.24µm
i_core_v_mini_mcu.ao_peripheral_subsystem_i.obi_fifo_i.consumer_resp_i\[13\],30.24µm
i_core_v_mini_mcu.ao_peripheral_subsystem_i.periph_to_reg_i.r_rdata_d\[8\],30.24µm
i_core_v_mini_mcu.ao_peripheral_subsystem_i.tdu_i.task_mem\[0\]\[2\],30.24µm
i_core_v_mini_mcu.ao_peripheral_subsystem_i.tdu_i.task_mem\[7\]\[8\],30.24µm
i_core_v_mini_mcu.cpu_subsystem_i.cpu_0_0.rf_ram_i.memory\[244\]\[1\],30.24µm
i_core_v_mini_mcu.memory_subsystem_i.ram0_i.tc_ram_i.sram\[2\]\[24\],30.24µm
net1339,30.24µm
net1689,30.2µm
_09459_,30.11µm
i_core_v_mini_mcu.ao_peripheral_subsystem_i.obi_fifo_i.consumer_data_req_q\[43\],30.06µm
_17730_,29.98µm
i_core_v_mini_mcu.ao_peripheral_subsystem_i.power_manager_i.power_manager_reg_top_i.en_wait_for_intr_qs\[23\],29.96µm
_09095_,29.93µm
_09758_,29.93µm
_15840_,29.93µm
_16226_,29.93µm
_17379_,29.93µm
_09098_,29.88µm
_14645_,29.88µm
_15404_,29.88µm
_16477_,29.88µm
_22831_,29.88µm
i_core_v_mini_mcu.cpu_subsystem_i.cpu_0_0.rf_ram_i.memory\[460\]\[1\],29.88µm
_06821_,29.83µm
_09137_,29.83µm
_09662_,29.83µm
_09853_,29.83µm
_09974_,29.83µm
_10118_,29.83µm
_12547_,29.83µm
_14185_,29.83µm
_14425_,29.83µm
_14527_,29.83µm
_15530_,29.83µm
_17713_,29.83µm
_21526_,29.83µm
i_core_v_mini_mcu.ao_peripheral_subsystem_i.power_manager_i.power_manager_reg_top_i.cpu_counters_stop_cpu_reset_deassert_stop_bit_counter_qs,29.83µm
_06822_,29.78µm
_07171_,29.78µm
_09295_,29.78µm
_09399_,29.78µm
_10055_,29.78µm
_10313_,29.78µm
_14340_,29.78µm
_14515_,29.78µm
_14524_,29.78µm
_14951_,29.78µm
_15193_,29.78µm
_16657_,29.78µm
_17200_,29.78µm
_17356_,29.78µm
_17692_,29.78µm
_17767_,29.78µm
_17787_,29.78µm
_27557_,29.78µm
i_core_v_mini_mcu.ao_peripheral_subsystem_i.obi_fifo_i.consumer_data_req_q\[42\],29.78µm
i_core_v_mini_mcu.cpu_subsystem_i.cpu_0_0.i_servile.cpu.ctrl.o_ibus_adr\[24\],29.78µm
i_core_v_mini_mcu.cpu_subsystem_i.cpu_0_0.rf_ram_i.memory\[136\]\[1\],29.78µm
i_core_v_mini_mcu.cpu_subsystem_i.cpu_0_0.rf_ram_i.memory\[381\]\[1\],29.78µm
i_core_v_mini_mcu.cpu_subsystem_i.cpu_1_0.rf_ram_i.memory\[257\]\[0\],29.78µm
i_core_v_mini_mcu.cpu_subsystem_i.cpu_1_0.rf_ram_i.memory\[353\]\[0\],29.78µm
i_core_v_mini_mcu.cpu_subsystem_i.cpu_1_0.rf_ram_i.memory\[359\]\[1\],29.78µm
i_core_v_mini_mcu.cpu_subsystem_i.cpu_1_0.rf_ram_i.memory\[381\]\[0\],29.78µm
i_core_v_mini_mcu.memory_subsystem_i.ram0_i.tc_ram_i.sram\[12\]\[22\],29.78µm
i_core_v_mini_mcu.memory_subsystem_i.ram0_i.tc_ram_i.sram\[30\]\[8\],29.78µm
i_core_v_mini_mcu.peripheral_subsystem_i.uart_i.uart_core.break_st_q,29.78µm
net1713,29.78µm
net1486,29.78µm
_01369_,29.73µm
_03975_,29.73µm
_05905_,29.73µm
_06130_,29.73µm
_07500_,29.73µm
_08887_,29.73µm
_09448_,29.73µm
_10929_,29.73µm
_11615_,29.73µm
_13157_,29.73µm
_13304_,29.73µm
_20547_,29.73µm
_21424_,29.73µm
_21502_,29.73µm
_21640_,29.73µm
_22534_,29.73µm
_23223_,29.73µm
_23688_,29.73µm
_24712_,29.73µm
_24980_,29.73µm
_25209_,29.73µm
_25247_,29.73µm
_25354_,29.73µm
i_core_v_mini_mcu.ao_peripheral_subsystem_i.mosaic_clint_i.mtimecmp_q\[17\],29.73µm
i_core_v_mini_mcu.ao_peripheral_subsystem_i.obi_fifo_i.consumer_data_req_q\[56\],29.73µm
i_core_v_mini_mcu.ao_peripheral_subsystem_i.power_manager_i.power_manager_reg_top_i.en_wait_for_intr_qs\[7\],29.73µm
i_core_v_mini_mcu.ao_peripheral_subsystem_i.tdu_i.task_mem\[4\]\[23\],29.73µm
i_core_v_mini_mcu.ao_peripheral_subsystem_i.tdu_i.task_mem\[6\]\[24\],29.73µm
i_core_v_mini_mcu.cpu_subsystem_i.cpu_0_0.i_servile.cpu.immdec.gen_immdec_w_eq_1.imm30_25\[1\],29.73µm
i_core_v_mini_mcu.cpu_subsystem_i.cpu_0_0.rf_ram_i.memory\[122\]\[1\],29.73µm
i_core_v_mini_mcu.cpu_subsystem_i.cpu_0_0.rf_ram_i.memory\[551\]\[1\],29.73µm
i_core_v_mini_mcu.cpu_subsystem_i.cpu_0_0.rf_ram_i.memory\[97\]\[0\],29.73µm
i_core_v_mini_mcu.cpu_subsystem_i.cpu_1_0.rf_ram_i.memory\[241\]\[0\],29.73µm
i_core_v_mini_mcu.cpu_subsystem_i.cpu_1_0.rf_ram_i.memory\[378\]\[1\],29.73µm
i_core_v_mini_mcu.cpu_subsystem_i.cpu_1_0.rf_ram_i.memory\[427\]\[1\],29.73µm
i_core_v_mini_mcu.cpu_subsystem_i.cpu_1_0.rf_ram_i.memory\[96\]\[1\],29.73µm
i_core_v_mini_mcu.memory_subsystem_i.ram0_i.tc_ram_i.sram\[29\]\[1\],29.73µm
i_core_v_mini_mcu.memory_subsystem_i.ram0_i.tc_ram_i.sram\[31\]\[15\],29.73µm
i_core_v_mini_mcu.memory_subsystem_i.ram0_i.tc_ram_i.sram\[4\]\[5\],29.73µm
i_core_v_mini_mcu.peripheral_subsystem_i.obi_fifo_i.consumer_resp_i\[32\],29.73µm
i_core_v_mini_mcu.peripheral_subsystem_i.uart_i.uart_core.uart_rx.baud_div_q\[2\],29.73µm
i_core_v_mini_mcu.peripheral_subsystem_i.uart_i.uart_core.uart_tx.bit_cnt_q\[2\],29.73µm
net1319,29.73µm
_00049_,29.68µm
_02081_,29.68µm
_03747_,29.68µm
_06014_,29.68µm
_06074_,29.68µm
_08298_,29.68µm
_09074_,29.68µm
_09308_,29.68µm
_09712_,29.68µm
_10204_,29.68µm
_10420_,29.68µm
_10539_,29.68µm
_10794_,29.68µm
_11895_,29.68µm
_12041_,29.68µm
_12634_,29.68µm
_13116_,29.68µm
_13814_,29.68µm
_14014_,29.68µm
_14339_,29.68µm
_14672_,29.68µm
_15283_,29.68µm
_15704_,29.68µm
_16296_,29.68µm
_16878_,29.68µm
_17045_,29.68µm
_17048_,29.68µm
_20788_,29.68µm
_21181_,29.68µm
_21251_,29.68µm
_22665_,29.68µm
_23024_,29.68µm
_23354_,29.68µm
_24585_,29.68µm
_24722_,29.68µm
_25085_,29.68µm
_25782_,29.68µm
_26111_,29.68µm
_26441_,29.68µm
_26484_,29.68µm
_26656_,29.68µm
_26871_,29.68µm
i_core_v_mini_mcu.ao_peripheral_subsystem_i.clint_mtime_o\[21\],29.68µm
i_core_v_mini_mcu.ao_peripheral_subsystem_i.mosaic_clint_i.mtimecmp_q\[51\],29.68µm
i_core_v_mini_mcu.ao_peripheral_subsystem_i.spi_subsystem_i.obi_spimemio_i.spimemio_i.din_data\[1\],29.68µm
i_core_v_mini_mcu.cpu_subsystem_i.cpu_1_0.rf_ram_i.memory\[211\]\[1\],29.68µm
i_core_v_mini_mcu.memory_subsystem_i.ram0_i.tc_ram_i.sram\[15\]\[10\],29.68µm
i_core_v_mini_mcu.memory_subsystem_i.ram0_i.tc_ram_i.sram\[8\]\[4\],29.68µm
net1832,29.68µm
net1647,29.67µm
net1725,29.66µm
net1696,29.655µm
i_core_v_mini_mcu.cpu_subsystem_i.cpu_1_0.rf_ram_i.memory\[233\]\[1\],29.5µm
_12507_,29.45µm
_14601_,29.42µm
_08982_,29.37µm
_21523_,29.37µm
i_core_v_mini_mcu.ao_peripheral_subsystem_i.tdu_i.task_mem\[6\]\[14\],29.37µm
_07974_,29.32µm
_14664_,29.32µm
_15389_,29.32µm
_15633_,29.32µm
net1685,29.275µm
_07995_,29.27µm
_15953_,29.27µm
_16402_,29.27µm
_17166_,29.27µm
_17319_,29.27µm
_17497_,29.27µm
_17619_,29.27µm
_17712_,29.27µm
_17796_,29.27µm
_17845_,29.27µm
_20683_,29.27µm
_27005_,29.27µm
i_core_v_mini_mcu.cpu_subsystem_i.cpu_1_0.rf_ram_i.memory\[195\]\[0\],29.27µm
i_core_v_mini_mcu.cpu_subsystem_i.cpu_1_0.rf_ram_i.memory\[400\]\[0\],29.27µm
i_core_v_mini_mcu.cpu_subsystem_i.cpu_1_0.rf_ram_i.memory\[501\]\[0\],29.27µm
i_core_v_mini_mcu.system_bus_i.system_xbar_i.gen_xbar_NtoM.i_xbar.gen_outputs\[4\].gen_rr_arb_tree.i_rr_arb_tree.gen_arbiter.rr_q\[1\],29.27µm
_05709_,29.22µm
_06117_,29.22µm
_06348_,29.22µm
_08654_,29.22µm
_09183_,29.22µm
_10304_,29.22µm
_10492_,29.22µm
_12440_,29.22µm
_15196_,29.22µm
_15486_,29.22µm
_15517_,29.22µm
_15598_,29.22µm
_15965_,29.22µm
_16453_,29.22µm
_21778_,29.22µm
_22942_,29.22µm
_23610_,29.22µm
_27574_,29.22µm
i_core_v_mini_mcu.ao_peripheral_subsystem_i.clint_software_irq_o\[1\],29.22µm
i_core_v_mini_mcu.ao_peripheral_subsystem_i.obi_fifo_i.consumer_data_req\[64\],29.22µm
i_core_v_mini_mcu.ao_peripheral_subsystem_i.obi_fifo_i.consumer_data_req\[66\],29.22µm
i_core_v_mini_mcu.ao_peripheral_subsystem_i.obi_fifo_i.consumer_data_req_q\[6\],29.22µm
i_core_v_mini_mcu.cpu_subsystem_i.cpu_0_0.i_servile.cpu.decode.o_immdec_en\[3\],29.22µm
i_core_v_mini_mcu.cpu_subsystem_i.cpu_0_0.rf_ram_i.memory\[152\]\[1\],29.22µm
i_core_v_mini_mcu.cpu_subsystem_i.cpu_0_0.rf_ram_i.memory\[230\]\[0\],29.22µm
i_core_v_mini_mcu.cpu_subsystem_i.cpu_0_0.rf_ram_i.memory\[463\]\[0\],29.22µm
i_core_v_mini_mcu.cpu_subsystem_i.cpu_0_0.rf_ram_i.memory\[544\]\[1\],29.22µm
i_core_v_mini_mcu.cpu_subsystem_i.cpu_1_0.rf_ram_i.memory\[104\]\[0\],29.22µm
i_core_v_mini_mcu.cpu_subsystem_i.cpu_1_0.rf_ram_i.memory\[114\]\[0\],29.22µm
i_core_v_mini_mcu.cpu_subsystem_i.cpu_1_0.rf_ram_i.memory\[409\]\[1\],29.22µm
i_core_v_mini_mcu.memory_subsystem_i.ram0_i.tc_ram_i.sram\[20\]\[10\],29.22µm
i_core_v_mini_mcu.memory_subsystem_i.ram0_i.tc_ram_i.sram\[6\]\[23\],29.22µm
i_core_v_mini_mcu.memory_subsystem_i.ram0_i.tc_ram_i.sram\[8\]\[15\],29.22µm
i_core_v_mini_mcu.peripheral_subsystem_i.obi_fifo_i.consumer_data_req_q\[4\],29.22µm
i_core_v_mini_mcu.peripheral_subsystem_i.uart_i.reg2hw\[110\],29.22µm
i_core_v_mini_mcu.peripheral_subsystem_i.uart_i.reg2hw\[113\],29.22µm
clknet_leaf_0_i_core_v_mini_mcu.cpu_subsystem_i.cpu_0_0.clk_i,29.22µm
_02634_,29.17µm
_05458_,29.17µm
_07051_,29.17µm
_07642_,29.17µm
_08190_,29.17µm
_08267_,29.17µm
_09236_,29.17µm
_09439_,29.17µm
_09493_,29.17µm
_09606_,29.17µm
_09765_,29.17µm
_09872_,29.17µm
_10129_,29.17µm
_10600_,29.17µm
_11751_,29.17µm
_12482_,29.17µm
_13471_,29.17µm
_14398_,29.17µm
_15665_,29.17µm
_16128_,29.17µm
_16618_,29.17µm
_17778_,29.17µm
_19350_,29.17µm
_19754_,29.17µm
_19902_,29.17µm
_22499_,29.17µm
_23451_,29.17µm
exit_value_int\[12\],29.17µm
i_core_v_mini_mcu.ao_peripheral_subsystem_i.mosaic_clint_i.mtimecmp_q\[31\],29.17µm
i_core_v_mini_mcu.ao_peripheral_subsystem_i.mosaic_clint_i.mtimecmp_q\[75\],29.17µm
i_core_v_mini_mcu.ao_peripheral_subsystem_i.power_manager_i.power_manager_reg_top_i.en_wait_for_intr_qs\[24\],29.17µm
i_core_v_mini_mcu.ao_peripheral_subsystem_i.spi_subsystem_i.obi_spimemio_i.spimemio_i.din_tag\[2\],29.17µm
i_core_v_mini_mcu.ao_peripheral_subsystem_i.spi_subsystem_i.obi_spimemio_i.spimemio_i.xfer.fetch,29.17µm
i_core_v_mini_mcu.ao_peripheral_subsystem_i.tdu_i.task_mem\[1\]\[14\],29.17µm
i_core_v_mini_mcu.cpu_subsystem_i.cpu_0_0.i_servile.cpu.decode.o_immdec_en\[2\],29.17µm
i_core_v_mini_mcu.cpu_subsystem_i.cpu_0_0.rf_ram_i.memory\[140\]\[0\],29.17µm
i_core_v_mini_mcu.cpu_subsystem_i.cpu_0_0.rf_ram_i.memory\[23\]\[0\],29.17µm
i_core_v_mini_mcu.cpu_subsystem_i.cpu_0_0.rf_ram_i.memory\[400\]\[0\],29.17µm
i_core_v_mini_mcu.cpu_subsystem_i.cpu_0_0.rf_ram_i.memory\[477\]\[0\],29.17µm
i_core_v_mini_mcu.cpu_subsystem_i.cpu_0_0.rf_ram_i.memory\[57\]\[1\],29.17µm
i_core_v_mini_mcu.cpu_subsystem_i.cpu_1_0.i_servile.cpu.immdec.gen_immdec_w_eq_1.imm30_25\[2\],29.17µm
i_core_v_mini_mcu.cpu_subsystem_i.cpu_1_0.rf_ram_i.memory\[119\]\[1\],29.17µm
i_core_v_mini_mcu.cpu_subsystem_i.cpu_1_0.rf_ram_i.memory\[167\]\[1\],29.17µm
i_core_v_mini_mcu.cpu_subsystem_i.cpu_1_0.rf_ram_i.memory\[266\]\[0\],29.17µm
i_core_v_mini_mcu.cpu_subsystem_i.cpu_1_0.rf_ram_i.memory\[344\]\[0\],29.17µm
i_core_v_mini_mcu.cpu_subsystem_i.cpu_1_0.rf_ram_i.memory\[346\]\[0\],29.17µm
i_core_v_mini_mcu.memory_subsystem_i.ram0_i.tc_ram_i.sram\[12\]\[26\],29.17µm
i_core_v_mini_mcu.memory_subsystem_i.ram0_i.tc_ram_i.sram\[4\]\[3\],29.17µm
i_core_v_mini_mcu.peripheral_subsystem_i.obi_fifo_i.consumer_data_req_q\[67\],29.17µm
i_core_v_mini_mcu.peripheral_subsystem_i.uart_i.reg2hw\[118\],29.17µm
clk_i_regs,29.17µm
net1317,29.17µm
net1711,29.14µm
_05270_,29.12µm
_05602_,29.12µm
_05984_,29.12µm
_06113_,29.12µm
_08139_,29.12µm
_08684_,29.12µm
_08825_,29.12µm
_10097_,29.12µm
_10399_,29.12µm
_10625_,29.12µm
_11082_,29.12µm
_11126_,29.12µm
_11551_,29.12µm
_11682_,29.12µm
_12485_,29.12µm
_13852_,29.12µm
_14729_,29.12µm
_16632_,29.12µm
_17282_,29.12µm
_17639_,29.12µm
_19711_,29.12µm
_20224_,29.12µm
_20742_,29.12µm
_20775_,29.12µm
_21259_,29.12µm
_23120_,29.12µm
_24909_,29.12µm
_26316_,29.12µm
_26386_,29.12µm
_26752_,29.12µm
_26948_,29.12µm
i_core_v_mini_mcu.ao_peripheral_subsystem_i.periph_to_reg_i.r_rdata_d\[23\],29.12µm
i_core_v_mini_mcu.ao_peripheral_subsystem_i.power_manager_i.power_manager_reg_top_i.reg2hw\[233\],29.12µm
i_core_v_mini_mcu.ao_peripheral_subsystem_i.spi_subsystem_i.obi_spimemio_i.spimemio_i.buffer\[12\],29.12µm
i_core_v_mini_mcu.cpu_subsystem_i.cpu_0_0.rf_ram_i.memory\[499\]\[1\],29.12µm
i_core_v_mini_mcu.cpu_subsystem_i.cpu_1_0.i_servile.cpu.immdec.gen_immdec_w_eq_1.imm19_12_20\[6\],29.12µm
i_core_v_mini_mcu.cpu_subsystem_i.cpu_1_0.rf_ram_i.memory\[124\]\[1\],29.12µm
i_core_v_mini_mcu.cpu_subsystem_i.cpu_1_0.rf_ram_i.memory\[15\]\[0\],29.12µm
i_core_v_mini_mcu.cpu_subsystem_i.cpu_1_0.rf_ram_i.memory\[362\]\[0\],29.12µm
i_core_v_mini_mcu.cpu_subsystem_i.cpu_1_0.rf_ram_i.memory\[491\]\[0\],29.12µm
i_core_v_mini_mcu.cpu_subsystem_i.cpu_1_0.rf_ram_i.memory\[78\]\[1\],29.12µm
i_core_v_mini_mcu.memory_subsystem_i.ram0_i.tc_ram_i.sram\[1\]\[13\],29.12µm
i_core_v_mini_mcu.peripheral_subsystem_i.uart_i.uart_core.u_uart_txfifo.gen_normal_fifo.storage\[6\],29.12µm
net1660,29.1µm
_15834_,29.04µm
net1632,29µm
net1640,29µm
i_core_v_mini_mcu.ao_peripheral_subsystem_i.tdu_i.task_mem\[3\]\[6\],28.89µm
i_core_v_mini_mcu.core_data_req\[75\],28.89µm
_23147_,28.84µm
i_core_v_mini_mcu.cpu_subsystem_i.cpu_0_0.rf_ram_i.memory\[500\]\[1\],28.84µm
i_core_v_mini_mcu.memory_subsystem_i.ram0_i.tc_ram_i.sram\[7\]\[1\],28.84µm
_16312_,28.81µm
_17271_,28.81µm
_09907_,28.76µm
_14538_,28.76µm
_16600_,28.76µm
_16689_,28.76µm
_17229_,28.76µm
_17615_,28.76µm
i_core_v_mini_mcu.cpu_subsystem_i.cpu_0_0.i_servile.cpu.ctrl.o_ibus_adr\[25\],28.76µm
_05833_,28.71µm
_06092_,28.71µm
_08630_,28.71µm
_12194_,28.71µm
_15867_,28.71µm
_16463_,28.71µm
_17758_,28.71µm
i_core_v_mini_mcu.cpu_subsystem_i.cpu_0_0.i_servile.cpu.immdec.gen_immdec_w_eq_1.imm19_12_20\[0\],28.71µm
i_core_v_mini_mcu.memory_subsystem_i.ram0_i.tc_ram_i.sram\[11\]\[21\],28.71µm
i_core_v_mini_mcu.peripheral_subsystem_i.uart_i.uart_core.uart_tx.baud_div_q\[0\],28.71µm
_01111_,28.66µm
_06118_,28.66µm
_06436_,28.66µm
_08996_,28.66µm
_08999_,28.66µm
_09405_,28.66µm
_09799_,28.66µm
_09877_,28.66µm
_10171_,28.66µm
_10683_,28.66µm
_11273_,28.66µm
_12532_,28.66µm
_12642_,28.66µm
_13733_,28.66µm
_13966_,28.66µm
_14129_,28.66µm
_14444_,28.66µm
_15225_,28.66µm
_18917_,28.66µm
_20089_,28.66µm
_23152_,28.66µm
_23596_,28.66µm
_23774_,28.66µm
_27418_,28.66µm
_27469_,28.66µm
i_core_v_mini_mcu.ao_peripheral_subsystem_i.mosaic_clint_i.mtimecmp_q\[59\],28.66µm
i_core_v_mini_mcu.ao_peripheral_subsystem_i.obi_fifo_i.consumer_data_req_q\[32\],28.66µm
i_core_v_mini_mcu.ao_peripheral_subsystem_i.power_manager_i.power_manager_reg_top_i.cpu_switch_off_counter_qs\[12\],28.66µm
i_core_v_mini_mcu.ao_peripheral_subsystem_i.power_manager_i.power_manager_reg_top_i.en_wait_for_intr_qs\[19\],28.66µm
i_core_v_mini_mcu.ao_peripheral_subsystem_i.power_manager_i.power_manager_reg_top_i.en_wait_for_intr_qs\[20\],28.66µm
i_core_v_mini_mcu.ao_peripheral_subsystem_i.tdu_i.task_mem\[5\]\[14\],28.66µm
i_core_v_mini_mcu.cpu_subsystem_i.cpu_0_0.rf_ram_i.memory\[13\]\[0\],28.66µm
i_core_v_mini_mcu.cpu_subsystem_i.cpu_0_0.rf_ram_i.memory\[293\]\[0\],28.66µm
i_core_v_mini_mcu.cpu_subsystem_i.cpu_0_0.rf_ram_i.memory\[325\]\[1\],28.66µm
i_core_v_mini_mcu.cpu_subsystem_i.cpu_0_0.rf_ram_i.memory\[461\]\[0\],28.66µm
i_core_v_mini_mcu.cpu_subsystem_i.cpu_0_0.rf_ram_i.memory\[463\]\[1\],28.66µm
i_core_v_mini_mcu.cpu_subsystem_i.cpu_0_0.rf_ram_i.memory\[524\]\[1\],28.66µm
i_core_v_mini_mcu.cpu_subsystem_i.cpu_0_0.rf_ram_i.memory\[552\]\[1\],28.66µm
i_core_v_mini_mcu.cpu_subsystem_i.cpu_1_0.i_servile.arbiter.i_wb_cpu_dbus_adr\[13\],28.66µm
i_core_v_mini_mcu.cpu_subsystem_i.cpu_1_0.i_servile.cpu.alu.i_sub,28.66µm
i_core_v_mini_mcu.cpu_subsystem_i.cpu_1_0.rf_ram_i.memory\[93\]\[1\],28.66µm
i_core_v_mini_mcu.memory_subsystem_i.ram0_i.tc_ram_i.sram\[19\]\[24\],28.66µm
i_core_v_mini_mcu.memory_subsystem_i.ram0_i.tc_ram_i.sram\[7\]\[2\],28.66µm
i_core_v_mini_mcu.memory_subsystem_i.ram0_i.tc_ram_i.sram\[8\]\[27\],28.66µm
i_core_v_mini_mcu.peripheral_subsystem_i.obi_fifo_i.consumer_data_req\[12\],28.66µm
i_core_v_mini_mcu.peripheral_subsystem_i.periph_to_reg_i.r_rdata_d\[7\],28.66µm
i_core_v_mini_mcu.peripheral_subsystem_i.uart_i.uart_core.u_uart_rxfifo.gen_normal_fifo.storage\[2\],28.66µm
net1510,28.66µm
_02012_,28.61µm
_04206_,28.61µm
_04445_,28.61µm
_05849_,28.61µm
_06582_,28.61µm
_07076_,28.61µm
_07344_,28.61µm
_07619_,28.61µm
_09029_,28.61µm
_09303_,28.61µm
_09374_,28.61µm
_10167_,28.61µm
_10186_,28.61µm
_10222_,28.61µm
_10816_,28.61µm
_11074_,28.61µm
_11588_,28.61µm
_11613_,28.61µm
_12458_,28.61µm
_13013_,28.61µm
_13816_,28.61µm
_15179_,28.61µm
_15311_,28.61µm
_19746_,28.61µm
_19824_,28.61µm
_20096_,28.61µm
_20562_,28.61µm
_21398_,28.61µm
_22637_,28.61µm
_23001_,28.61µm
_23707_,28.61µm
_24886_,28.61µm
_25386_,28.61µm
_26706_,28.61µm
_27148_,28.61µm
_27565_,28.61µm
_27600_,28.61µm
i_core_v_mini_mcu.ao_peripheral_subsystem_i.mosaic_clint_i.mtimecmp_q\[91\],28.61µm
i_core_v_mini_mcu.ao_peripheral_subsystem_i.obi_fifo_i.consumer_data_req\[39\],28.61µm
i_core_v_mini_mcu.ao_peripheral_subsystem_i.power_manager_i.power_manager_reg_top_i.intr_state_qs\[30\],28.61µm
i_core_v_mini_mcu.ao_peripheral_subsystem_i.tdu_i.cpi_est_q\[61\],28.61µm
i_core_v_mini_mcu.ao_peripheral_subsystem_i.tdu_i.task_mem\[5\]\[29\],28.61µm
i_core_v_mini_mcu.ao_peripheral_subsystem_i.tdu_i.task_mem\[7\]\[10\],28.61µm
i_core_v_mini_mcu.cpu_subsystem_i.cpu_0_0.rf_ram_i.memory\[140\]\[1\],28.61µm
i_core_v_mini_mcu.cpu_subsystem_i.cpu_0_0.rf_ram_i.memory\[171\]\[0\],28.61µm
i_core_v_mini_mcu.cpu_subsystem_i.cpu_0_0.rf_ram_i.memory\[310\]\[1\],28.61µm
i_core_v_mini_mcu.cpu_subsystem_i.cpu_0_0.rf_ram_i.memory\[429\]\[0\],28.61µm
i_core_v_mini_mcu.cpu_subsystem_i.cpu_1_0.rf_ram_i.memory\[104\]\[1\],28.61µm
i_core_v_mini_mcu.cpu_subsystem_i.cpu_1_0.rf_ram_i.memory\[138\]\[0\],28.61µm
i_core_v_mini_mcu.cpu_subsystem_i.cpu_1_0.rf_ram_i.memory\[228\]\[1\],28.61µm
i_core_v_mini_mcu.cpu_subsystem_i.cpu_1_0.rf_ram_i.memory\[372\]\[0\],28.61µm
i_core_v_mini_mcu.cpu_subsystem_i.cpu_1_0.rf_ram_i.memory\[511\]\[1\],28.61µm
i_core_v_mini_mcu.cpu_subsystem_i.cpu_1_0.rf_ram_i.memory\[61\]\[0\],28.61µm
i_core_v_mini_mcu.cpu_subsystem_i.cpu_1_0.rf_ram_i.memory\[67\]\[0\],28.61µm
i_core_v_mini_mcu.memory_subsystem_i.ram0_i.tc_ram_i.sram\[13\]\[4\],28.61µm
i_core_v_mini_mcu.memory_subsystem_i.ram0_i.tc_ram_i.sram\[15\]\[26\],28.61µm
i_core_v_mini_mcu.memory_subsystem_i.ram0_i.tc_ram_i.sram\[22\]\[4\],28.61µm
i_core_v_mini_mcu.memory_subsystem_i.ram0_i.tc_ram_i.sram\[30\]\[5\],28.61µm
i_core_v_mini_mcu.memory_subsystem_i.ram0_i.tc_ram_i.sram\[4\]\[28\],28.61µm
i_core_v_mini_mcu.peripheral_subsystem_i.obi_fifo_i.consumer_resp_i\[10\],28.61µm
_04180_,28.56µm
_06630_,28.56µm
_07118_,28.56µm
_07566_,28.56µm
_08765_,28.56µm
_09656_,28.56µm
_10049_,28.56µm
_10267_,28.56µm
_10587_,28.56µm
_11005_,28.56µm
_11408_,28.56µm
_11535_,28.56µm
_11635_,28.56µm
_13358_,28.56µm
_13592_,28.56µm
_13679_,28.56µm
_14051_,28.56µm
_15701_,28.56µm
_16861_,28.56µm
_16888_,28.56µm
_16962_,28.56µm
_17154_,28.56µm
_19920_,28.56µm
_20744_,28.56µm
_21752_,28.56µm
_24170_,28.56µm
_24210_,28.56µm
_24740_,28.56µm
_26057_,28.56µm
_26666_,28.56µm
_27399_,28.56µm
_27492_,28.56µm
i_core_v_mini_mcu.ao_peripheral_subsystem_i.power_manager_i.power_manager_reg_top_i.en_wait_for_intr_qs\[22\],28.56µm
i_core_v_mini_mcu.ao_peripheral_subsystem_i.tdu_i.task_mem\[0\]\[9\],28.56µm
i_core_v_mini_mcu.ao_peripheral_subsystem_i.tdu_i.task_mem\[6\]\[26\],28.56µm
i_core_v_mini_mcu.cpu_subsystem_i.cpu_0_0.i_servile.o_rf_raddr\[2\],28.56µm
i_core_v_mini_mcu.cpu_subsystem_i.cpu_0_0.rf_ram_i.memory\[172\]\[1\],28.56µm
i_core_v_mini_mcu.cpu_subsystem_i.cpu_0_0.rf_ram_i.memory\[189\]\[0\],28.56µm
i_core_v_mini_mcu.cpu_subsystem_i.cpu_0_0.rf_ram_i.memory\[209\]\[0\],28.56µm
i_core_v_mini_mcu.cpu_subsystem_i.cpu_0_0.rf_ram_i.memory\[308\]\[0\],28.56µm
i_core_v_mini_mcu.cpu_subsystem_i.cpu_0_0.rf_ram_i.memory\[360\]\[1\],28.56µm
i_core_v_mini_mcu.cpu_subsystem_i.cpu_0_0.rf_ram_i.memory\[519\]\[0\],28.56µm
i_core_v_mini_mcu.cpu_subsystem_i.cpu_0_0.rf_ram_i.memory\[530\]\[0\],28.56µm
i_core_v_mini_mcu.cpu_subsystem_i.cpu_1_0.rf_ram_i.memory\[20\]\[1\],28.56µm
i_core_v_mini_mcu.cpu_subsystem_i.cpu_1_0.rf_ram_i.memory\[274\]\[0\],28.56µm
i_core_v_mini_mcu.memory_subsystem_i.ram0_i.tc_ram_i.sram\[12\]\[5\],28.56µm
i_core_v_mini_mcu.memory_subsystem_i.ram0_i.tc_ram_i.sram\[15\]\[21\],28.56µm
_05975_,28.43µm
i_core_v_mini_mcu.memory_subsystem_i.ram0_i.tc_ram_i.sram\[7\]\[24\],28.38µm
i_core_v_mini_mcu.cpu_subsystem_i.cpu_0_0.rf_ram_i.memory\[245\]\[0\],28.28µm
_09321_,28.25µm
_13755_,28.25µm
_14453_,28.25µm
_15020_,28.25µm
_17305_,28.25µm
_06331_,28.2µm
_15947_,28.2µm
_16679_,28.2µm
i_core_v_mini_mcu.ao_peripheral_subsystem_i.obi_fifo_i.consumer_data_req_q\[62\],28.2µm
spi_flash_sd_io_IE[1],28.195µm
_07492_,28.15µm
_09373_,28.15µm
_09714_,28.15µm
_10372_,28.15µm
_12659_,28.15µm
_14491_,28.15µm
_16615_,28.15µm
_17812_,28.15µm
_21641_,28.15µm
_22008_,28.15µm
i_core_v_mini_mcu.ao_peripheral_subsystem_i.power_manager_i.power_manager_reg_top_i.cpu_reset_assert_counter_qs\[6\],28.15µm
i_core_v_mini_mcu.ao_peripheral_subsystem_i.power_manager_i.power_manager_reg_top_i.cpu_wait_ack_switch_on_counter_qs,28.15µm
i_core_v_mini_mcu.ao_peripheral_subsystem_i.tdu_i.task_mem\[0\]\[1\],28.15µm
i_core_v_mini_mcu.cpu_subsystem_i.cpu_0_0.rf_ram_i.memory\[340\]\[1\],28.15µm
i_core_v_mini_mcu.cpu_subsystem_i.cpu_1_0.i_servile.arbiter.i_wb_cpu_dbus_adr\[30\],28.15µm
i_core_v_mini_mcu.cpu_subsystem_i.cpu_1_0.rf_ram_i.memory\[7\]\[1\],28.15µm
net1726,28.14µm
_06110_,28.1µm
_06206_,28.1µm
_06661_,28.1µm
_07522_,28.1µm
_08642_,28.1µm
_10113_,28.1µm
_10243_,28.1µm
_12384_,28.1µm
_13291_,28.1µm
_14251_,28.1µm
_15048_,28.1µm
_17207_,28.1µm
_17346_,28.1µm
_17666_,28.1µm
_18025_,28.1µm
_19864_,28.1µm
_19968_,28.1µm
_21951_,28.1µm
_24256_,28.1µm
i_core_v_mini_mcu.ao_peripheral_subsystem_i.mosaic_clint_i.mtimecmp_q\[63\],28.1µm
i_core_v_mini_mcu.ao_peripheral_subsystem_i.obi_fifo_i.consumer_data_req\[16\],28.1µm
i_core_v_mini_mcu.ao_peripheral_subsystem_i.power_manager_i.power_manager_reg_top_i.en_wait_for_intr_qs\[1\],28.1µm
i_core_v_mini_mcu.ao_peripheral_subsystem_i.power_manager_i.power_manager_reg_top_i.en_wait_for_intr_qs\[5\],28.1µm
i_core_v_mini_mcu.ao_peripheral_subsystem_i.spi_subsystem_i.obi_spimemio_i.obi_to_picorv32_i.addr_buf\[6\],28.1µm
i_core_v_mini_mcu.ao_peripheral_subsystem_i.tdu_i.task_mem\[1\]\[11\],28.1µm
i_core_v_mini_mcu.ao_peripheral_subsystem_i.tdu_i.task_mem\[2\]\[24\],28.1µm
i_core_v_mini_mcu.ao_peripheral_subsystem_i.tdu_i.task_mem\[4\]\[21\],28.1µm
i_core_v_mini_mcu.cpu_subsystem_i.cpu_0_0.rf_ram_i.memory\[2\]\[1\],28.1µm
i_core_v_mini_mcu.cpu_subsystem_i.cpu_0_0.rf_ram_i.memory\[546\]\[0\],28.1µm
i_core_v_mini_mcu.cpu_subsystem_i.cpu_1_0.i_servile.arbiter.i_wb_cpu_dbus_adr\[20\],28.1µm
i_core_v_mini_mcu.cpu_subsystem_i.cpu_1_0.rf_ram_i.memory\[185\]\[1\],28.1µm
i_core_v_mini_mcu.cpu_subsystem_i.cpu_1_0.rf_ram_i.memory\[284\]\[1\],28.1µm
i_core_v_mini_mcu.cpu_subsystem_i.cpu_1_0.rf_ram_i.memory\[344\]\[1\],28.1µm
i_core_v_mini_mcu.cpu_subsystem_i.cpu_1_0.rf_ram_i.memory\[57\]\[0\],28.1µm
i_core_v_mini_mcu.memory_subsystem_i.ram0_i.tc_ram_i.sram\[7\]\[31\],28.1µm
i_core_v_mini_mcu.peripheral_subsystem_i.obi_fifo_i.consumer_data_req_q\[5\],28.1µm
i_core_v_mini_mcu.peripheral_subsystem_i.uart_i.uart_core.rx_timeout_count_q\[18\],28.1µm
i_core_v_mini_mcu.peripheral_subsystem_i.uart_i.uart_core.uart_rx.bit_cnt_q\[0\],28.1µm
_02366_,28.05µm
_05520_,28.05µm
_06611_,28.05µm
_07801_,28.05µm
_08137_,28.05µm
_08431_,28.05µm
_08485_,28.05µm
_09141_,28.05µm
_10797_,28.05µm
_11303_,28.05µm
_11631_,28.05µm
_11777_,28.05µm
_12477_,28.05µm
_14087_,28.05µm
_14345_,28.05µm
_14563_,28.05µm
_14622_,28.05µm
_14800_,28.05µm
_15483_,28.05µm
_16491_,28.05µm
_16587_,28.05µm
_16832_,28.05µm
_20930_,28.05µm
_21563_,28.05µm
_22579_,28.05µm
_22643_,28.05µm
_22764_,28.05µm
_23227_,28.05µm
_24196_,28.05µm
_24238_,28.05µm
_24416_,28.05µm
_24629_,28.05µm
_24902_,28.05µm
_25335_,28.05µm
_25757_,28.05µm
_25998_,28.05µm
_27439_,28.05µm
i_core_v_mini_mcu.ao_peripheral_subsystem_i.mosaic_clint_i.mtimecmp_q\[33\],28.05µm
i_core_v_mini_mcu.ao_peripheral_subsystem_i.power_manager_i.power_manager_sequence_ram_0_iso_i.sequence_curr_state\[2\],28.05µm
i_core_v_mini_mcu.ao_peripheral_subsystem_i.spi_subsystem_i.obi_spimemio_i.spimemio_i.din_ddr,28.05µm
i_core_v_mini_mcu.ao_peripheral_subsystem_i.tdu_i.task_mem\[0\]\[0\],28.05µm
i_core_v_mini_mcu.cpu_subsystem_i.cpu_0_0.i_servile.cpu.o_wdata1,28.05µm
i_core_v_mini_mcu.cpu_subsystem_i.cpu_0_0.i_servile.cpu.state.cnt_r\[1\],28.05µm
i_core_v_mini_mcu.cpu_subsystem_i.cpu_0_0.rf_ram_i.memory\[214\]\[0\],28.05µm
i_core_v_mini_mcu.cpu_subsystem_i.cpu_0_0.rf_ram_i.memory\[241\]\[1\],28.05µm
i_core_v_mini_mcu.cpu_subsystem_i.cpu_0_0.rf_ram_i.memory\[28\]\[0\],28.05µm
i_core_v_mini_mcu.cpu_subsystem_i.cpu_0_0.rf_ram_i.memory\[300\]\[0\],28.05µm
i_core_v_mini_mcu.cpu_subsystem_i.cpu_0_0.rf_ram_i.memory\[410\]\[1\],28.05µm
i_core_v_mini_mcu.cpu_subsystem_i.cpu_0_0.rf_ram_i.memory\[522\]\[1\],28.05µm
i_core_v_mini_mcu.cpu_subsystem_i.cpu_0_0.rf_ram_i.memory\[557\]\[1\],28.05µm
i_core_v_mini_mcu.cpu_subsystem_i.cpu_0_0.rf_ram_i.memory\[90\]\[1\],28.05µm
i_core_v_mini_mcu.cpu_subsystem_i.cpu_1_0.i_servile.arbiter.i_wb_cpu_dbus_adr\[29\],28.05µm
i_core_v_mini_mcu.cpu_subsystem_i.cpu_1_0.rf_ram_i.memory\[11\]\[0\],28.05µm
i_core_v_mini_mcu.cpu_subsystem_i.cpu_1_0.rf_ram_i.memory\[164\]\[1\],28.05µm
i_core_v_mini_mcu.cpu_subsystem_i.cpu_1_0.rf_ram_i.memory\[16\]\[0\],28.05µm
i_core_v_mini_mcu.cpu_subsystem_i.cpu_1_0.rf_ram_i.memory\[237\]\[1\],28.05µm
i_core_v_mini_mcu.cpu_subsystem_i.cpu_1_0.rf_ram_i.memory\[257\]\[1\],28.05µm
i_core_v_mini_mcu.cpu_subsystem_i.cpu_1_0.rf_ram_i.memory\[302\]\[1\],28.05µm
i_core_v_mini_mcu.cpu_subsystem_i.cpu_1_0.rf_ram_i.memory\[405\]\[0\],28.05µm
i_core_v_mini_mcu.memory_subsystem_i.ram0_i.tc_ram_i.sram\[10\]\[1\],28.05µm
i_core_v_mini_mcu.memory_subsystem_i.ram0_i.tc_ram_i.sram\[10\]\[22\],28.05µm
i_core_v_mini_mcu.memory_subsystem_i.ram0_i.tc_ram_i.sram\[21\]\[14\],28.05µm
i_core_v_mini_mcu.memory_subsystem_i.ram0_i.tc_ram_i.sram\[29\]\[19\],28.05µm
i_core_v_mini_mcu.memory_subsystem_i.ram0_i.tc_ram_i.sram\[7\]\[7\],28.05µm
i_core_v_mini_mcu.peripheral_subsystem_i.obi_fifo_i.consumer_data_req_q\[16\],28.05µm
i_core_v_mini_mcu.peripheral_subsystem_i.obi_fifo_i.consumer_data_req_q\[19\],28.05µm
net1287,28.05µm
_04132_,28µm
_08029_,28µm
_08083_,28µm
_08138_,28µm
_08215_,28µm
_09059_,28µm
_10353_,28µm
_10361_,28µm
_12048_,28µm
_12434_,28µm
_12623_,28µm
_12998_,28µm
_13107_,28µm
_16266_,28µm
_17119_,28µm
_17243_,28µm
_17288_,28µm
_17916_,28µm
_17948_,28µm
_18440_,28µm
_21195_,28µm
_22611_,28µm
_22798_,28µm
_22967_,28µm
_26776_,28µm
_26955_,28µm
_27277_,28µm
i_core_v_mini_mcu.ao_peripheral_subsystem_i.obi_fifo_i.consumer_data_req\[56\],28µm
i_core_v_mini_mcu.cpu_subsystem_i.cpu_0_0.rf_ram_i.memory\[290\]\[1\],28µm
i_core_v_mini_mcu.cpu_subsystem_i.cpu_0_0.rf_ram_i.memory\[453\]\[1\],28µm
i_core_v_mini_mcu.cpu_subsystem_i.cpu_1_0.rf_ram_i.memory\[153\]\[0\],28µm
i_core_v_mini_mcu.cpu_subsystem_i.cpu_1_0.rf_ram_i.memory\[157\]\[0\],28µm
i_core_v_mini_mcu.cpu_subsystem_i.cpu_1_0.rf_ram_i.memory\[232\]\[0\],28µm
i_core_v_mini_mcu.cpu_subsystem_i.cpu_1_0.rf_ram_i.memory\[236\]\[1\],28µm
i_core_v_mini_mcu.cpu_subsystem_i.cpu_1_0.rf_ram_i.memory\[404\]\[1\],28µm
i_core_v_mini_mcu.cpu_subsystem_i.cpu_1_0.rf_ram_i.memory\[55\]\[1\],28µm
i_core_v_mini_mcu.memory_subsystem_i.ram0_i.tc_ram_i.sram\[30\]\[15\],28µm
i_core_v_mini_mcu.cpu_subsystem_i.cpu_0_0.rf_ram_i.memory\[559\]\[0\],27.77µm
i_core_v_mini_mcu.cpu_subsystem_i.cpu_1_0.i_servile.arbiter.i_wb_cpu_dbus_adr\[26\],27.77µm
spi_flash_sd_io_IE[0],27.765µm
i_core_v_mini_mcu.cpu_subsystem_i.cpu_1_0.i_servile.cpu.immdec.gen_immdec_w_eq_1.imm19_12_20\[8\],27.76µm
net1603,27.75µm
_15011_,27.74µm
_11969_,27.72µm
_10240_,27.69µm
_15510_,27.64µm
_15861_,27.64µm
_16129_,27.64µm
_16273_,27.64µm
i_core_v_mini_mcu.ao_peripheral_subsystem_i.tdu_i.cpi_est_q\[39\],27.64µm
i_core_v_mini_mcu.cpu_subsystem_i.cpu_1_0.rf_ram_i.memory\[64\]\[1\],27.64µm
i_core_v_mini_mcu.peripheral_subsystem_i.uart_i.hw2reg\[13\],27.64µm
net1610,27.63µm
_06513_,27.59µm
_12118_,27.59µm
_13950_,27.59µm
_14230_,27.59µm
_14866_,27.59µm
_14938_,27.59µm
_16174_,27.59µm
_16182_,27.59µm
_16577_,27.59µm
_17343_,27.59µm
_20360_,27.59µm
_21307_,27.59µm
_23105_,27.59µm
_06091_,27.54µm
_06330_,27.54µm
_08748_,27.54µm
_10250_,27.54µm
_10440_,27.54µm
_10723_,27.54µm
_12651_,27.54µm
_12987_,27.54µm
_14545_,27.54µm
_15374_,27.54µm
_17232_,27.54µm
_20095_,27.54µm
_23390_,27.54µm
_23547_,27.54µm
_23655_,27.54µm
_24501_,27.54µm
_24836_,27.54µm
i_core_v_mini_mcu.ao_peripheral_subsystem_i.mosaic_clint_i.mtimecmp_q\[62\],27.54µm
i_core_v_mini_mcu.ao_peripheral_subsystem_i.power_manager_i.cpu_powergate_counter_expired_iso_on,27.54µm
i_core_v_mini_mcu.ao_peripheral_subsystem_i.power_manager_i.power_manager_counter_sequence_cpu_iso_i.sequence_curr_state\[1\],27.54µm
i_core_v_mini_mcu.ao_peripheral_subsystem_i.power_manager_i.power_manager_reg_top_i.global_pointer_qs\[15\],27.54µm
i_core_v_mini_mcu.ao_peripheral_subsystem_i.power_manager_i.power_manager_reg_top_i.intr_state_qs\[7\],27.54µm
i_core_v_mini_mcu.ao_peripheral_subsystem_i.power_manager_i.reg_to_counter_cpu_powergate_iso_on_i.counter_curr_state\[0\],27.54µm
i_core_v_mini_mcu.ao_peripheral_subsystem_i.tdu_i.active_hart_cycles_q\[29\],27.54µm
i_core_v_mini_mcu.ao_peripheral_subsystem_i.tdu_i.task_mem\[2\]\[30\],27.54µm
i_core_v_mini_mcu.ao_peripheral_subsystem_i.tdu_i.task_mem\[3\]\[24\],27.54µm
i_core_v_mini_mcu.ao_peripheral_subsystem_i.tdu_i.task_mem\[4\]\[12\],27.54µm
i_core_v_mini_mcu.core_data_req\[79\],27.54µm
i_core_v_mini_mcu.cpu_subsystem_i.cpu_0_0.i_servile.cpu.ctrl.o_ibus_adr\[22\],27.54µm
i_core_v_mini_mcu.cpu_subsystem_i.cpu_0_0.rf_ram_i.memory\[239\]\[0\],27.54µm
i_core_v_mini_mcu.cpu_subsystem_i.cpu_0_0.rf_ram_i.memory\[261\]\[0\],27.54µm
i_core_v_mini_mcu.cpu_subsystem_i.cpu_1_0.rf_ram_i.memory\[161\]\[0\],27.54µm
i_core_v_mini_mcu.cpu_subsystem_i.cpu_1_0.rf_ram_i.memory\[36\]\[1\],27.54µm
i_core_v_mini_mcu.cpu_subsystem_i.cpu_1_0.rf_ram_i.memory\[86\]\[0\],27.54µm
i_core_v_mini_mcu.cpu_subsystem_i.cpu_1_0.rf_ram_i.memory\[94\]\[1\],27.54µm
i_core_v_mini_mcu.memory_subsystem_i.ram0_i.tc_ram_i.sram\[10\]\[16\],27.54µm
i_core_v_mini_mcu.memory_subsystem_i.ram0_i.tc_ram_i.sram\[13\]\[23\],27.54µm
i_core_v_mini_mcu.memory_subsystem_i.ram0_i.tc_ram_i.sram\[21\]\[2\],27.54µm
i_core_v_mini_mcu.peripheral_subsystem_i.uart_i.reg2hw\[42\],27.54µm
_01534_,27.49µm
_03440_,27.49µm
_03934_,27.49µm
_04129_,27.49µm
_05261_,27.49µm
_05463_,27.49µm
_06548_,27.49µm
_06785_,27.49µm
_09182_,27.49µm
_09245_,27.49µm
_09430_,27.49µm
_09711_,27.49µm
_09759_,27.49µm
_10132_,27.49µm
_10467_,27.49µm
_10811_,27.49µm
_11178_,27.49µm
_11366_,27.49µm
_11384_,27.49µm
_11594_,27.49µm
_12835_,27.49µm
_13235_,27.49µm
_14360_,27.49µm
_14659_,27.49µm
_14720_,27.49µm
_15269_,27.49µm
_16494_,27.49µm
_16931_,27.49µm
_18041_,27.49µm
_18249_,27.49µm
_18797_,27.49µm
_20244_,27.49µm
_20741_,27.49µm
_20835_,27.49µm
_21059_,27.49µm
_21111_,27.49µm
_21356_,27.49µm
_22227_,27.49µm
_22929_,27.49µm
_23498_,27.49µm
_23603_,27.49µm
_23685_,27.49µm
_24028_,27.49µm
_24152_,27.49µm
_25623_,27.49µm
_25680_,27.49µm
_26130_,27.49µm
_27505_,27.49µm
i_core_v_mini_mcu.ao_peripheral_subsystem_i.soc_ctrl_i.reg2hw\[19\],27.49µm
i_core_v_mini_mcu.ao_peripheral_subsystem_i.tdu_i.task_mem\[2\]\[15\],27.49µm
i_core_v_mini_mcu.ao_peripheral_subsystem_i.tdu_i.task_mem\[7\]\[25\],27.49µm
i_core_v_mini_mcu.cpu_subsystem_i.cpu_0_0.rf_ram_i.memory\[268\]\[0\],27.49µm
i_core_v_mini_mcu.cpu_subsystem_i.cpu_0_0.rf_ram_i.memory\[573\]\[0\],27.49µm
i_core_v_mini_mcu.cpu_subsystem_i.cpu_0_0.rf_ram_i.memory\[85\]\[1\],27.49µm
i_core_v_mini_mcu.cpu_subsystem_i.cpu_1_0.rf_ram_i.memory\[106\]\[0\],27.49µm
i_core_v_mini_mcu.cpu_subsystem_i.cpu_1_0.rf_ram_i.memory\[120\]\[0\],27.49µm
i_core_v_mini_mcu.cpu_subsystem_i.cpu_1_0.rf_ram_i.memory\[126\]\[0\],27.49µm
i_core_v_mini_mcu.cpu_subsystem_i.cpu_1_0.rf_ram_i.memory\[135\]\[1\],27.49µm
i_core_v_mini_mcu.cpu_subsystem_i.cpu_1_0.rf_ram_i.memory\[26\]\[1\],27.49µm
i_core_v_mini_mcu.cpu_subsystem_i.cpu_1_0.rf_ram_i.memory\[35\]\[1\],27.49µm
i_core_v_mini_mcu.cpu_subsystem_i.cpu_1_0.rf_ram_i.memory\[51\]\[1\],27.49µm
i_core_v_mini_mcu.memory_subsystem_i.ram0_i.tc_ram_i.sram\[30\]\[28\],27.49µm
i_core_v_mini_mcu.memory_subsystem_i.ram0_i.tc_ram_i.sram\[5\]\[10\],27.49µm
i_core_v_mini_mcu.peripheral_subsystem_i.uart_i.reg2hw\[28\],27.49µm
net1247,27.49µm
_00038_,27.44µm
_04842_,27.44µm
_05596_,27.44µm
_05850_,27.44µm
_06947_,27.44µm
_07177_,27.44µm
_07586_,27.44µm
_07992_,27.44µm
_08497_,27.44µm
_08817_,27.44µm
_10688_,27.44µm
_11453_,27.44µm
_11795_,27.44µm
_11942_,27.44µm
_12457_,27.44µm
_12492_,27.44µm
_12622_,27.44µm
_13803_,27.44µm
_14162_,27.44µm
_14314_,27.44µm
_14756_,27.44µm
_14758_,27.44µm
_15764_,27.44µm
_15903_,27.44µm
_16169_,27.44µm
_16184_,27.44µm
_16201_,27.44µm
_17757_,27.44µm
_17856_,27.44µm
_18272_,27.44µm
_18892_,27.44µm
_19302_,27.44µm
_19643_,27.44µm
_20399_,27.44µm
_21734_,27.44µm
_22103_,27.44µm
_22411_,27.44µm
_23164_,27.44µm
_24805_,27.44µm
_25608_,27.44µm
_25798_,27.44µm
i_core_v_mini_mcu.ao_peripheral_subsystem_i.obi_fifo_i.consumer_resp_i\[26\],27.44µm
i_core_v_mini_mcu.ao_peripheral_subsystem_i.spi_subsystem_i.obi_spimemio_i.obi_to_picorv32_i.picorv32_resp_i\[20\],27.44µm
i_core_v_mini_mcu.ao_peripheral_subsystem_i.tdu_i.task_mem\[4\]\[3\],27.44µm
i_core_v_mini_mcu.ao_peripheral_subsystem_i.tdu_i.task_mem\[5\]\[23\],27.44µm
i_core_v_mini_mcu.cpu_subsystem_i.cpu_0_0.rf_ram_i.memory\[104\]\[1\],27.44µm
i_core_v_mini_mcu.cpu_subsystem_i.cpu_0_0.rf_ram_i.memory\[540\]\[1\],27.44µm
i_core_v_mini_mcu.cpu_subsystem_i.cpu_1_0.i_servile.arbiter.i_wb_cpu_ibus_adr\[17\],27.44µm
i_core_v_mini_mcu.cpu_subsystem_i.cpu_1_0.i_servile.cpu.state.ibus_cyc,27.44µm
i_core_v_mini_mcu.cpu_subsystem_i.cpu_1_0.rf_ram_i.memory\[219\]\[1\],27.44µm
i_core_v_mini_mcu.cpu_subsystem_i.cpu_1_0.rf_ram_i.memory\[441\]\[0\],27.44µm
i_core_v_mini_mcu.cpu_subsystem_i.cpu_1_0.rf_ram_i.memory\[99\]\[0\],27.44µm
i_core_v_mini_mcu.memory_subsystem_i.ram0_i.tc_ram_i.sram\[10\]\[7\],27.44µm
i_core_v_mini_mcu.memory_subsystem_i.ram0_i.tc_ram_i.sram\[26\]\[25\],27.44µm
i_core_v_mini_mcu.memory_subsystem_i.ram0_i.tc_ram_i.sram\[2\]\[25\],27.44µm
i_core_v_mini_mcu.peripheral_subsystem_i.obi_fifo_i.consumer_resp_i\[13\],27.44µm
i_core_v_mini_mcu.peripheral_subsystem_i.uart_i.reg2hw\[79\],27.44µm
i_core_v_mini_mcu.peripheral_subsystem_i.uart_i.uart_core.uart_rx.bit_cnt_q\[3\],27.44µm
i_core_v_mini_mcu.peripheral_subsystem_i.uart_i.uart_core.uart_rx.sreg_q\[9\],27.44µm
net1679,27.36µm
net1614,27.3µm
i_core_v_mini_mcu.cpu_subsystem_i.cpu_1_0.rf_ram_i.memory\[156\]\[0\],27.16µm
_14821_,27.13µm
_16350_,27.13µm
_16720_,27.13µm
_05538_,27.08µm
_05710_,27.08µm
_09018_,27.08µm
_10040_,27.08µm
_14509_,27.08µm
_14824_,27.08µm
_14926_,27.08µm
_14978_,27.08µm
_06806_,27.03µm
_08846_,27.03µm
_10209_,27.03µm
_14213_,27.03µm
_14432_,27.03µm
_14575_,27.03µm
_14595_,27.03µm
_14651_,27.03µm
_15285_,27.03µm
_17727_,27.03µm
_17821_,27.03µm
_19907_,27.03µm
_27683_,27.03µm
i_core_v_mini_mcu.cpu_subsystem_i.cpu_0_0.rf_ram_i.memory\[297\]\[0\],27.03µm
i_core_v_mini_mcu.cpu_subsystem_i.cpu_1_0.rf_ram_i.memory\[58\]\[1\],27.03µm
i_core_v_mini_mcu.memory_subsystem_i.ram0_i.tc_ram_i.sram\[4\]\[11\],27.03µm
net1675,27.025µm
net1668,27µm
_03697_,26.98µm
_05877_,26.98µm
_06034_,26.98µm
_07718_,26.98µm
_08317_,26.98µm
_08514_,26.98µm
_09844_,26.98µm
_11302_,26.98µm
_11855_,26.98µm
_12134_,26.98µm
_12159_,26.98µm
_13460_,26.98µm
_14707_,26.98µm
_14908_,26.98µm
_15562_,26.98µm
_16734_,26.98µm
_16798_,26.98µm
_21283_,26.98µm
_21930_,26.98µm
_22148_,26.98µm
_23762_,26.98µm
_27679_,26.98µm
exit_value_int\[14\],26.98µm
i_core_v_mini_mcu.cpu_subsystem_i.cpu_0_0.i_servile.cpu.ctrl.o_ibus_adr\[6\],26.98µm
i_core_v_mini_mcu.cpu_subsystem_i.cpu_0_0.rf_ram_i.memory\[182\]\[0\],26.98µm
i_core_v_mini_mcu.cpu_subsystem_i.cpu_0_0.rf_ram_i.memory\[26\]\[0\],26.98µm
i_core_v_mini_mcu.cpu_subsystem_i.cpu_0_0.rf_ram_i.memory\[56\]\[1\],26.98µm
i_core_v_mini_mcu.cpu_subsystem_i.cpu_1_0.i_servile.cpu.state.cnt_r\[2\],26.98µm
i_core_v_mini_mcu.cpu_subsystem_i.cpu_1_0.rf_ram_i.memory\[232\]\[1\],26.98µm
i_core_v_mini_mcu.cpu_subsystem_i.cpu_1_0.rf_ram_i.memory\[383\]\[0\],26.98µm
i_core_v_mini_mcu.cpu_subsystem_i.cpu_1_0.rf_ram_i.memory\[420\]\[0\],26.98µm
i_core_v_mini_mcu.memory_subsystem_i.ram0_i.tc_ram_i.sram\[10\]\[29\],26.98µm
net1626,26.95µm
net1613,26.94µm
_04334_,26.93µm
_05453_,26.93µm
_05479_,26.93µm
_05532_,26.93µm
_06458_,26.93µm
_06465_,26.93µm
_06903_,26.93µm
_07143_,26.93µm
_07958_,26.93µm
_10225_,26.93µm
_10757_,26.93µm
_10972_,26.93µm
_10977_,26.93µm
_11357_,26.93µm
_11537_,26.93µm
_12740_,26.93µm
_12780_,26.93µm
_12982_,26.93µm
_13115_,26.93µm
_13273_,26.93µm
_15507_,26.93µm
_15887_,26.93µm
_16438_,26.93µm
_17891_,26.93µm
_18572_,26.93µm
_19354_,26.93µm
_19592_,26.93µm
_19598_,26.93µm
_19828_,26.93µm
_20344_,26.93µm
_21441_,26.93µm
_21644_,26.93µm
_22080_,26.93µm
_22634_,26.93µm
_24130_,26.93µm
_25009_,26.93µm
_25210_,26.93µm
_25259_,26.93µm
_26049_,26.93µm
_26172_,26.93µm
i_core_v_mini_mcu.ao_peripheral_subsystem_i.mosaic_clint_i.mtimecmp_q\[10\],26.93µm
i_core_v_mini_mcu.ao_peripheral_subsystem_i.power_manager_i.power_manager_reg_top_i.cpu_iso_on_counter_qs\[15\],26.93µm
i_core_v_mini_mcu.ao_peripheral_subsystem_i.power_manager_i.power_manager_reg_top_i.cpu_reset_assert_counter_qs\[8\],26.93µm
i_core_v_mini_mcu.core_data_req\[76\],26.93µm
i_core_v_mini_mcu.cpu_subsystem_i.cpu_0_0.rf_ram_i.memory\[211\]\[1\],26.93µm
i_core_v_mini_mcu.cpu_subsystem_i.cpu_0_0.rf_ram_i.memory\[251\]\[0\],26.93µm
i_core_v_mini_mcu.cpu_subsystem_i.cpu_0_0.rf_ram_i.memory\[345\]\[1\],26.93µm
i_core_v_mini_mcu.cpu_subsystem_i.cpu_0_0.rf_ram_i.memory\[36\]\[1\],26.93µm
i_core_v_mini_mcu.cpu_subsystem_i.cpu_0_0.rf_ram_i.memory\[456\]\[1\],26.93µm
i_core_v_mini_mcu.cpu_subsystem_i.cpu_0_0.rf_ram_i.memory\[484\]\[1\],26.93µm
i_core_v_mini_mcu.cpu_subsystem_i.cpu_1_0.rf_ram_i.memory\[120\]\[1\],26.93µm
i_core_v_mini_mcu.cpu_subsystem_i.cpu_1_0.rf_ram_i.memory\[150\]\[1\],26.93µm
i_core_v_mini_mcu.cpu_subsystem_i.cpu_1_0.rf_ram_i.memory\[193\]\[1\],26.93µm
i_core_v_mini_mcu.cpu_subsystem_i.cpu_1_0.rf_ram_i.memory\[358\]\[0\],26.93µm
i_core_v_mini_mcu.cpu_subsystem_i.cpu_1_0.rf_ram_i.memory\[420\]\[1\],26.93µm
i_core_v_mini_mcu.peripheral_subsystem_i.obi_fifo_i.consumer_data_req\[66\],26.93µm
i_core_v_mini_mcu.peripheral_subsystem_i.obi_fifo_i.consumer_data_req_q\[13\],26.93µm
i_core_v_mini_mcu.peripheral_subsystem_i.periph_to_reg_i.r_rdata_d\[10\],26.93µm
i_core_v_mini_mcu.peripheral_subsystem_i.uart_i.reg2hw\[43\],26.93µm
i_core_v_mini_mcu.peripheral_subsystem_i.uart_i.reg2hw\[44\],26.93µm
spi_flash_cs_o_OUT,26.93µm
_09822_,26.88µm
_10042_,26.88µm
_10175_,26.88µm
_10187_,26.88µm
_11210_,26.88µm
_11319_,26.88µm
_11719_,26.88µm
_11768_,26.88µm
_11978_,26.88µm
_12474_,26.88µm
_13029_,26.88µm
_13214_,26.88µm
_13533_,26.88µm
_14714_,26.88µm
_15183_,26.88µm
_16013_,26.88µm
_17115_,26.88µm
_17262_,26.88µm
_17731_,26.88µm
_17850_,26.88µm
_18672_,26.88µm
_19663_,26.88µm
_19688_,26.88µm
_20237_,26.88µm
_21452_,26.88µm
_23103_,26.88µm
_25816_,26.88µm
_26036_,26.88µm
_26563_,26.88µm
_26766_,26.88µm
_27186_,26.88µm
_27311_,26.88µm
cpu_subsystem_powergate_switch_no_int,26.88µm
i_core_v_mini_mcu.ao_peripheral_subsystem_i.power_manager_i.power_manager_reg_top_i.global_pointer_qs\[23\],26.88µm
i_core_v_mini_mcu.ao_peripheral_subsystem_i.tdu_i.task_mem\[1\]\[18\],26.88µm
i_core_v_mini_mcu.ao_peripheral_subsystem_i.tdu_i.task_mem\[2\]\[1\],26.88µm
i_core_v_mini_mcu.ao_peripheral_subsystem_i.tdu_i.task_mem\[7\]\[15\],26.88µm
i_core_v_mini_mcu.cpu_subsystem_i.cpu_0_0.rf_ram_i.memory\[242\]\[1\],26.88µm
i_core_v_mini_mcu.cpu_subsystem_i.cpu_0_0.rf_ram_i.memory\[344\]\[1\],26.88µm
i_core_v_mini_mcu.cpu_subsystem_i.cpu_1_0.rf_ram_i.memory\[13\]\[1\],26.88µm
i_core_v_mini_mcu.cpu_subsystem_i.cpu_1_0.rf_ram_i.memory\[218\]\[0\],26.88µm
i_core_v_mini_mcu.cpu_subsystem_i.cpu_1_0.rf_ram_i.memory\[345\]\[1\],26.88µm
i_core_v_mini_mcu.peripheral_slave_resp\[24\],26.88µm
i_core_v_mini_mcu.peripheral_subsystem_i.uart_i.uart_core.u_uart_txfifo.gen_normal_fifo.storage\[31\],26.88µm
clknet_leaf_71_i_core_v_mini_mcu.cpu_subsystem_i.cpu_1_0.clk_i,26.88µm
net1606,26.79µm
_23118_,26.65µm
net1706,26.61µm
i_core_v_mini_mcu.cpu_subsystem_i.cpu_1_0.i_servile.arbiter.i_wb_cpu_dbus_adr\[11\],26.6µm
net1620,26.535µm
_14654_,26.52µm
_16566_,26.52µm
_17328_,26.52µm
_06591_,26.47µm
_09690_,26.47µm
_14554_,26.47µm
_14716_,26.47µm
_14969_,26.47µm
_14987_,26.47µm
_15044_,26.47µm
_16315_,26.47µm
_16707_,26.47µm
_23684_,26.47µm
i_core_v_mini_mcu.ao_peripheral_subsystem_i.obi_fifo_i.consumer_data_req\[9\],26.47µm
i_core_v_mini_mcu.cpu_subsystem_i.cpu_0_0.rf_ram_i.memory\[347\]\[0\],26.47µm
i_core_v_mini_mcu.cpu_subsystem_i.cpu_1_0.rf_ram_i.memory\[365\]\[0\],26.47µm
i_core_v_mini_mcu.memory_subsystem_i.ram0_i.tc_ram_i.sram\[30\]\[24\],26.47µm
i_core_v_mini_mcu.peripheral_subsystem_i.uart_i.uart_core.uart_rx.bit_cnt_q\[2\],26.47µm
net1695,26.46µm
_06975_,26.42µm
_08467_,26.42µm
_08845_,26.42µm
_09385_,26.42µm
_09994_,26.42µm
_10288_,26.42µm
_11058_,26.42µm
_11081_,26.42µm
_12912_,26.42µm
_13279_,26.42µm
_16370_,26.42µm
_17473_,26.42µm
_17648_,26.42µm
_18493_,26.42µm
_20189_,26.42µm
_21326_,26.42µm
_22494_,26.42µm
_25222_,26.42µm
i_core_v_mini_mcu.ao_peripheral_subsystem_i.obi_fifo_i.consumer_data_req\[32\],26.42µm
i_core_v_mini_mcu.ao_peripheral_subsystem_i.obi_fifo_i.consumer_data_req_q\[36\],26.42µm
i_core_v_mini_mcu.ao_peripheral_subsystem_i.obi_fifo_i.consumer_resp_i\[14\],26.42µm
i_core_v_mini_mcu.ao_peripheral_subsystem_i.power_manager_i.cpu_subsystem_powergate_iso_n,26.42µm
i_core_v_mini_mcu.ao_peripheral_subsystem_i.tdu_i.task_mem\[2\]\[17\],26.42µm
i_core_v_mini_mcu.ao_peripheral_subsystem_i.tdu_i.task_mem\[2\]\[9\],26.42µm
i_core_v_mini_mcu.ao_peripheral_subsystem_i.tdu_i.task_mem\[7\]\[24\],26.42µm
i_core_v_mini_mcu.cpu_subsystem_i.cpu_0_0.rf_ram_i.memory\[17\]\[1\],26.42µm
i_core_v_mini_mcu.cpu_subsystem_i.cpu_1_0.rf_ram_i.memory\[16\]\[1\],26.42µm
i_core_v_mini_mcu.cpu_subsystem_i.cpu_1_0.rf_ram_i.memory\[170\]\[0\],26.42µm
i_core_v_mini_mcu.cpu_subsystem_i.cpu_1_0.rf_ram_i.memory\[264\]\[0\],26.42µm
i_core_v_mini_mcu.cpu_subsystem_i.cpu_1_0.rf_ram_i.memory\[308\]\[0\],26.42µm
i_core_v_mini_mcu.memory_subsystem_i.ram0_i.tc_ram_i.sram\[0\]\[10\],26.42µm
i_core_v_mini_mcu.memory_subsystem_i.ram0_i.tc_ram_i.sram\[23\]\[12\],26.42µm
i_core_v_mini_mcu.memory_subsystem_i.ram0_i.tc_ram_i.sram\[24\]\[7\],26.42µm
i_core_v_mini_mcu.memory_subsystem_i.ram0_i.tc_ram_i.sram\[7\]\[30\],26.42µm
i_core_v_mini_mcu.memory_subsystem_i.ram0_i.tc_ram_i.sram\[9\]\[30\],26.42µm
i_core_v_mini_mcu.peripheral_subsystem_i.uart_i.reg2hw\[1\],26.42µm
net1837,26.42µm
net1637,26.415µm
_00025_,26.37µm
_00051_,26.37µm
_05461_,26.37µm
_06059_,26.37µm
_06885_,26.37µm
_07390_,26.37µm
_07942_,26.37µm
_08438_,26.37µm
_09540_,26.37µm
_09954_,26.37µm
_10139_,26.37µm
_10328_,26.37µm
_10867_,26.37µm
_11342_,26.37µm
_11489_,26.37µm
_11835_,26.37µm
_11940_,26.37µm
_12529_,26.37µm
_12840_,26.37µm
_16837_,26.37µm
_17309_,26.37µm
_17514_,26.37µm
_17610_,26.37µm
_19683_,26.37µm
_19798_,26.37µm
_19942_,26.37µm
_20876_,26.37µm
_21447_,26.37µm
_22010_,26.37µm
_22478_,26.37µm
_24704_,26.37µm
_25619_,26.37µm
_26002_,26.37µm
_26902_,26.37µm
exit_value_int\[17\],26.37µm
i_core_v_mini_mcu.ao_peripheral_subsystem_i.power_manager_i.power_manager_reg_top_i.cpu_iso_on_counter_qs\[1\],26.37µm
i_core_v_mini_mcu.ao_peripheral_subsystem_i.tdu_i.cpi_est_q\[4\],26.37µm
i_core_v_mini_mcu.ao_peripheral_subsystem_i.tdu_i.task_mem\[3\]\[15\],26.37µm
i_core_v_mini_mcu.cpu_subsystem_i.cpu_0_0.rf_ram_i.memory\[137\]\[1\],26.37µm
i_core_v_mini_mcu.cpu_subsystem_i.cpu_0_0.rf_ram_i.memory\[206\]\[0\],26.37µm
i_core_v_mini_mcu.cpu_subsystem_i.cpu_0_0.rf_ram_i.memory\[312\]\[1\],26.37µm
i_core_v_mini_mcu.cpu_subsystem_i.cpu_1_0.i_servile.cpu.alu.i_rd_sel\[1\],26.37µm
i_core_v_mini_mcu.cpu_subsystem_i.cpu_1_0.rf_ram_i.memory\[123\]\[1\],26.37µm
i_core_v_mini_mcu.cpu_subsystem_i.cpu_1_0.rf_ram_i.memory\[164\]\[0\],26.37µm
i_core_v_mini_mcu.cpu_subsystem_i.cpu_1_0.rf_ram_i.memory\[193\]\[0\],26.37µm
i_core_v_mini_mcu.cpu_subsystem_i.cpu_1_0.rf_ram_i.memory\[194\]\[1\],26.37µm
i_core_v_mini_mcu.cpu_subsystem_i.cpu_1_0.rf_ram_i.memory\[240\]\[0\],26.37µm
i_core_v_mini_mcu.memory_subsystem_i.ram0_i.tc_ram_i.sram\[13\]\[21\],26.37µm
i_core_v_mini_mcu.memory_subsystem_i.ram0_i.tc_ram_i.sram\[19\]\[19\],26.37µm
i_core_v_mini_mcu.memory_subsystem_i.ram0_i.tc_ram_i.sram\[20\]\[12\],26.37µm
i_core_v_mini_mcu.peripheral_subsystem_i.uart_i.uart_core.nco_sum_q\[9\],26.37µm
i_core_v_mini_mcu.peripheral_subsystem_i.uart_i.uart_core.uart_rx.sreg_q\[1\],26.37µm
_01114_,26.32µm
_01171_,26.32µm
_01353_,26.32µm
_03848_,26.32µm
_04907_,26.32µm
_05200_,26.32µm
_05631_,26.32µm
_05724_,26.32µm
_06841_,26.32µm
_10299_,26.32µm
_10314_,26.32µm
_10679_,26.32µm
_10687_,26.32µm
_10924_,26.32µm
_11343_,26.32µm
_11439_,26.32µm
_11732_,26.32µm
_11796_,26.32µm
_12366_,26.32µm
_12676_,26.32µm
_12707_,26.32µm
_12727_,26.32µm
_12736_,26.32µm
_12785_,26.32µm
_13555_,26.32µm
_13626_,26.32µm
_13689_,26.32µm
_14017_,26.32µm
_14282_,26.32µm
_14674_,26.32µm
_15024_,26.32µm
_15599_,26.32µm
_15787_,26.32µm
_16237_,26.32µm
_17748_,26.32µm
_18222_,26.32µm
_19675_,26.32µm
_20596_,26.32µm
_21422_,26.32µm
_21855_,26.32µm
_22143_,26.32µm
_22931_,26.32µm
_24433_,26.32µm
_24494_,26.32µm
_24528_,26.32µm
_24911_,26.32µm
_25341_,26.32µm
_27551_,26.32µm
_27714_,26.32µm
i_core_v_mini_mcu.ao_peripheral_subsystem_i.obi_fifo_i.consumer_resp_i\[23\],26.32µm
i_core_v_mini_mcu.ao_peripheral_subsystem_i.tdu_i.rd_ptr_q\[0\],26.32µm
i_core_v_mini_mcu.cpu_subsystem_i.cpu_0_0.rf_ram_i.memory\[465\]\[0\],26.32µm
i_core_v_mini_mcu.cpu_subsystem_i.cpu_0_0.rf_ram_i.memory\[565\]\[1\],26.32µm
i_core_v_mini_mcu.cpu_subsystem_i.cpu_1_0.rf_ram_i.memory\[297\]\[1\],26.32µm
i_core_v_mini_mcu.memory_subsystem_i.ram0_i.tc_ram_i.sram\[25\]\[22\],26.32µm
i_core_v_mini_mcu.memory_subsystem_i.ram0_i.tc_ram_i.sram\[4\]\[23\],26.32µm
net1629,26.3µm
net1724,26.27µm
spi_flash_sd_io_IN[2],26.25µm
i_core_v_mini_mcu.cpu_subsystem_i.cpu_0_0.i_servile.arbiter.i_wb_cpu_dbus_adr\[24\],26.19µm
_25943_,26.09µm
_14782_,26.01µm
spi_flash_sd_io_IN[0],25.97µm
_05497_,25.96µm
_14518_,25.96µm
_15746_,25.96µm
_15749_,25.96µm
_15905_,25.96µm
_16698_,25.96µm
_17127_,25.96µm
_04895_,25.91µm
_08726_,25.91µm
_09518_,25.91µm
_09603_,25.91µm
_12218_,25.91µm
_13055_,25.91µm
_14245_,25.91µm
_14854_,25.91µm
_15109_,25.91µm
_15808_,25.91µm
_16596_,25.91µm
_17100_,25.91µm
_17602_,25.91µm
_17784_,25.91µm
_19216_,25.91µm
_20031_,25.91µm
_20867_,25.91µm
exit_value_int\[25\],25.91µm
i_core_v_mini_mcu.ao_peripheral_subsystem_i.mosaic_clint_i.mtimecmp_q\[81\],25.91µm
i_core_v_mini_mcu.ao_peripheral_subsystem_i.power_manager_i.power_manager_reg_top_i.reg2hw\[221\],25.91µm
i_core_v_mini_mcu.ao_peripheral_subsystem_i.power_manager_i.power_manager_reg_top_i.reg2hw\[222\],25.91µm
i_core_v_mini_mcu.ao_peripheral_subsystem_i.tdu_i.active_hart_cycles_q\[30\],25.91µm
i_core_v_mini_mcu.ao_peripheral_subsystem_i.tdu_i.task_mem\[1\]\[21\],25.91µm
i_core_v_mini_mcu.cpu_subsystem_i.cpu_1_0.rf_ram_i.memory\[375\]\[0\],25.91µm
i_core_v_mini_mcu.memory_subsystem_i.ram0_i.tc_ram_i.sram\[21\]\[11\],25.91µm
i_core_v_mini_mcu.system_bus_i.gen_demux_xbar\[3\].demux_xbar_i.u_xbar_varlat.gen_inputs\[0\].i_addr_dec_resp_mux.valid_inflight_q,25.91µm
_15986_,25.87µm
_05855_,25.86µm
_06237_,25.86µm
_07294_,25.86µm
_07616_,25.86µm
_09199_,25.86µm
_09978_,25.86µm
_10029_,25.86µm
_14405_,25.86µm
_16359_,25.86µm
_16548_,25.86µm
_17080_,25.86µm
_18508_,25.86µm
_20037_,25.86µm
i_core_v_mini_mcu.ao_peripheral_subsystem_i.clint_mtime_o\[39\],25.86µm
i_core_v_mini_mcu.ao_peripheral_subsystem_i.mosaic_clint_i.mtimecmp_q\[83\],25.86µm
i_core_v_mini_mcu.ao_peripheral_subsystem_i.obi_fifo_i.consumer_resp_i\[3\],25.86µm
i_core_v_mini_mcu.ao_peripheral_subsystem_i.power_manager_i.power_manager_reg_top_i.reg2hw\[242\],25.86µm
i_core_v_mini_mcu.ao_peripheral_subsystem_i.spi_subsystem_i.obi_spimemio_i.spimemio_i.buffer\[19\],25.86µm
i_core_v_mini_mcu.cpu_subsystem_i.cpu_0_0.ext_owns_q,25.86µm
i_core_v_mini_mcu.cpu_subsystem_i.cpu_0_0.i_servile.arbiter.i_wb_cpu_dbus_adr\[9\],25.86µm
i_core_v_mini_mcu.cpu_subsystem_i.cpu_0_0.i_servile.cpu.ctrl.o_ibus_adr\[5\],25.86µm
i_core_v_mini_mcu.cpu_subsystem_i.cpu_0_0.rf_ram_i.memory\[19\]\[1\],25.86µm
i_core_v_mini_mcu.cpu_subsystem_i.cpu_0_0.rf_ram_i.memory\[233\]\[1\],25.86µm
i_core_v_mini_mcu.cpu_subsystem_i.cpu_0_0.rf_ram_i.memory\[353\]\[0\],25.86µm
i_core_v_mini_mcu.cpu_subsystem_i.cpu_0_0.rf_ram_i.memory\[362\]\[1\],25.86µm
i_core_v_mini_mcu.cpu_subsystem_i.cpu_0_0.rf_ram_i.memory\[400\]\[1\],25.86µm
i_core_v_mini_mcu.cpu_subsystem_i.cpu_1_0.i_servile.arbiter.i_wb_cpu_dbus_adr\[17\],25.86µm
i_core_v_mini_mcu.cpu_subsystem_i.cpu_1_0.rf_ram_i.memory\[345\]\[0\],25.86µm
i_core_v_mini_mcu.cpu_subsystem_i.cpu_1_0.rf_ram_i.memory\[413\]\[0\],25.86µm
i_core_v_mini_mcu.cpu_subsystem_i.cpu_1_0.rf_ram_i.memory\[441\]\[1\],25.86µm
i_core_v_mini_mcu.cpu_subsystem_i.cpu_1_0.rf_ram_i.memory\[460\]\[0\],25.86µm
i_core_v_mini_mcu.memory_subsystem_i.ram0_i.tc_ram_i.sram\[11\]\[7\],25.86µm
i_core_v_mini_mcu.memory_subsystem_i.ram0_i.tc_ram_i.sram\[12\]\[29\],25.86µm
i_core_v_mini_mcu.memory_subsystem_i.ram0_i.tc_ram_i.sram\[13\]\[0\],25.86µm
i_core_v_mini_mcu.memory_subsystem_i.ram0_i.tc_ram_i.sram\[18\]\[19\],25.86µm
i_core_v_mini_mcu.memory_subsystem_i.ram0_i.tc_ram_i.sram\[24\]\[31\],25.86µm
i_core_v_mini_mcu.peripheral_subsystem_i.uart_i.reg2hw\[109\],25.86µm
_01370_,25.81µm
_04136_,25.81µm
_04877_,25.81µm
_05131_,25.81µm
_07192_,25.81µm
_07316_,25.81µm
_07332_,25.81µm
_07342_,25.81µm
_07726_,25.81µm
_08082_,25.81µm
_09157_,25.81µm
_09691_,25.81µm
_10278_,25.81µm
_11802_,25.81µm
_11818_,25.81µm
_12005_,25.81µm
_12084_,25.81µm
_12441_,25.81µm
_12563_,25.81µm
_12694_,25.81µm
_12911_,25.81µm
_14583_,25.81µm
_14916_,25.81µm
_15612_,25.81µm
_16544_,25.81µm
_16794_,25.81µm
_17118_,25.81µm
_17467_,25.81µm
_18455_,25.81µm
_20263_,25.81µm
_20730_,25.81µm
_21859_,25.81µm
_21874_,25.81µm
_22151_,25.81µm
_23908_,25.81µm
_24176_,25.81µm
_25221_,25.81µm
_27411_,25.81µm
i_core_v_mini_mcu.ao_peripheral_subsystem_i.mosaic_clint_i.mtimecmp_q\[16\],25.81µm
i_core_v_mini_mcu.ao_peripheral_subsystem_i.mosaic_clint_i.mtimecmp_q\[44\],25.81µm
i_core_v_mini_mcu.ao_peripheral_subsystem_i.mosaic_clint_i.mtimecmp_q\[9\],25.81µm
i_core_v_mini_mcu.ao_peripheral_subsystem_i.obi_fifo_i.consumer_data_req_q\[34\],25.81µm
i_core_v_mini_mcu.ao_peripheral_subsystem_i.obi_fifo_i.consumer_resp_i\[15\],25.81µm
i_core_v_mini_mcu.ao_peripheral_subsystem_i.power_manager_i.cpu_powergate_counter_expired_switch_off,25.81µm
i_core_v_mini_mcu.ao_peripheral_subsystem_i.power_manager_i.power_manager_counter_sequence_cpu_iso_i.sequence_curr_state\[5\],25.81µm
i_core_v_mini_mcu.ao_peripheral_subsystem_i.power_manager_i.power_manager_reg_top_i.en_wait_for_intr_qs\[31\],25.81µm
i_core_v_mini_mcu.ao_peripheral_subsystem_i.power_manager_i.power_manager_reg_top_i.u_intr_state.wr_data\[24\],25.81µm
i_core_v_mini_mcu.ao_peripheral_subsystem_i.tdu_i.task_mem\[0\]\[6\],25.81µm
i_core_v_mini_mcu.ao_peripheral_subsystem_i.tdu_i.wake_mask_q\[0\],25.81µm
i_core_v_mini_mcu.cpu_subsystem_i.cpu_0_0.rf_ram_i.memory\[153\]\[1\],25.81µm
i_core_v_mini_mcu.cpu_subsystem_i.cpu_0_0.rf_ram_i.memory\[177\]\[0\],25.81µm
i_core_v_mini_mcu.cpu_subsystem_i.cpu_0_0.rf_ram_i.memory\[192\]\[1\],25.81µm
i_core_v_mini_mcu.cpu_subsystem_i.cpu_0_0.rf_ram_i.memory\[202\]\[1\],25.81µm
i_core_v_mini_mcu.cpu_subsystem_i.cpu_0_0.rf_ram_i.memory\[213\]\[1\],25.81µm
i_core_v_mini_mcu.cpu_subsystem_i.cpu_0_0.rf_ram_i.memory\[250\]\[0\],25.81µm
i_core_v_mini_mcu.cpu_subsystem_i.cpu_0_0.rf_ram_i.memory\[434\]\[1\],25.81µm
i_core_v_mini_mcu.cpu_subsystem_i.cpu_0_0.rf_ram_i.memory\[444\]\[1\],25.81µm
i_core_v_mini_mcu.cpu_subsystem_i.cpu_0_0.rf_ram_i.memory\[462\]\[1\],25.81µm
i_core_v_mini_mcu.cpu_subsystem_i.cpu_0_0.rf_ram_i.memory\[89\]\[0\],25.81µm
i_core_v_mini_mcu.cpu_subsystem_i.cpu_1_0.i_servile.arbiter.i_wb_cpu_dbus_adr\[24\],25.81µm
i_core_v_mini_mcu.cpu_subsystem_i.cpu_1_0.rf_ram_i.memory\[165\]\[0\],25.81µm
i_core_v_mini_mcu.cpu_subsystem_i.cpu_1_0.rf_ram_i.memory\[225\]\[0\],25.81µm
i_core_v_mini_mcu.cpu_subsystem_i.cpu_1_0.rf_ram_i.memory\[244\]\[0\],25.81µm
i_core_v_mini_mcu.cpu_subsystem_i.cpu_1_0.rf_ram_i.memory\[288\]\[0\],25.81µm
i_core_v_mini_mcu.cpu_subsystem_i.cpu_1_0.rf_ram_i.memory\[370\]\[1\],25.81µm
i_core_v_mini_mcu.cpu_subsystem_i.cpu_1_0.rf_ram_i.memory\[381\]\[1\],25.81µm
i_core_v_mini_mcu.cpu_subsystem_i.cpu_1_0.rf_ram_i.memory\[414\]\[1\],25.81µm
i_core_v_mini_mcu.cpu_subsystem_i.cpu_1_0.rf_ram_i.memory\[494\]\[0\],25.81µm
i_core_v_mini_mcu.cpu_subsystem_i.cpu_1_0.rf_ram_i.memory\[92\]\[1\],25.81µm
i_core_v_mini_mcu.cpu_subsystem_i.cpu_1_0.rf_ram_i.memory\[99\]\[1\],25.81µm
i_core_v_mini_mcu.memory_subsystem_i.ram0_i.tc_ram_i.sram\[13\]\[28\],25.81µm
i_core_v_mini_mcu.memory_subsystem_i.ram0_i.tc_ram_i.sram\[15\]\[11\],25.81µm
i_core_v_mini_mcu.memory_subsystem_i.ram0_i.tc_ram_i.sram\[19\]\[11\],25.81µm
i_core_v_mini_mcu.memory_subsystem_i.ram0_i.tc_ram_i.sram\[8\]\[1\],25.81µm
i_core_v_mini_mcu.peripheral_subsystem_i.obi_fifo_i.consumer_data_req_q\[14\],25.81µm
i_core_v_mini_mcu.peripheral_subsystem_i.periph_to_reg_i.r_rdata_d\[30\],25.81µm
i_core_v_mini_mcu.peripheral_subsystem_i.uart_i.uart_core.u_uart_txfifo.gen_normal_fifo.fifo_wptr\[1\],25.81µm
i_core_v_mini_mcu.peripheral_subsystem_i.uart_i.uart_core.uart_tx.sreg_q\[3\],25.81µm
clknet_leaf_68_i_core_v_mini_mcu.cpu_subsystem_i.cpu_0_0.clk_i,25.81µm
spi_flash_sd_io_IE[2],25.805µm
spi_flash_sd_io_OUT[3],25.79µm
net1705,25.78µm
spi_flash_sd_io_OUT[2],25.77µm
_00086_,25.76µm
_00156_,25.76µm
_05008_,25.76µm
_06349_,25.76µm
_06957_,25.76µm
_07382_,25.76µm
_07674_,25.76µm
_07722_,25.76µm
_08132_,25.76µm
_08256_,25.76µm
_08516_,25.76µm
_09593_,25.76µm
_10364_,25.76µm
_10736_,25.76µm
_10832_,25.76µm
_10840_,25.76µm
_11482_,25.76µm
_11949_,25.76µm
_12471_,25.76µm
_13038_,25.76µm
_13426_,25.76µm
_13585_,25.76µm
_15281_,25.76µm
_15528_,25.76µm
_17743_,25.76µm
_17835_,25.76µm
_18326_,25.76µm
_20274_,25.76µm
_20406_,25.76µm
_20870_,25.76µm
_22189_,25.76µm
_22200_,25.76µm
_22540_,25.76µm
_23565_,25.76µm
_23765_,25.76µm
_23783_,25.76µm
_24777_,25.76µm
_25108_,25.76µm
_26096_,25.76µm
_26661_,25.76µm
exit_value_int\[21\],25.76µm
i_core_v_mini_mcu.ao_peripheral_subsystem_i.power_manager_i.power_manager_reg_top_i.intr_state_qs\[21\],25.76µm
i_core_v_mini_mcu.ao_peripheral_subsystem_i.tdu_i.task_mem\[7\]\[30\],25.76µm
i_core_v_mini_mcu.cpu_subsystem_i.cpu_0_0.rf_ram_i.memory\[201\]\[0\],25.76µm
i_core_v_mini_mcu.cpu_subsystem_i.cpu_0_0.rf_ram_i.memory\[247\]\[0\],25.76µm
i_core_v_mini_mcu.cpu_subsystem_i.cpu_0_0.rf_ram_i.memory\[86\]\[0\],25.76µm
i_core_v_mini_mcu.cpu_subsystem_i.cpu_1_0.rf_ram_i.memory\[152\]\[1\],25.76µm
i_core_v_mini_mcu.cpu_subsystem_i.cpu_1_0.rf_ram_i.memory\[261\]\[0\],25.76µm
i_core_v_mini_mcu.cpu_subsystem_i.cpu_1_0.rf_ram_i.memory\[309\]\[0\],25.76µm
i_core_v_mini_mcu.cpu_subsystem_i.cpu_1_0.rf_ram_i.memory\[34\]\[1\],25.76µm
i_core_v_mini_mcu.cpu_subsystem_i.cpu_1_0.rf_ram_i.memory\[366\]\[0\],25.76µm
i_core_v_mini_mcu.cpu_subsystem_i.cpu_1_0.rf_ram_i.memory\[411\]\[0\],25.76µm
i_core_v_mini_mcu.cpu_subsystem_i.cpu_1_0.rf_ram_i.memory\[54\]\[0\],25.76µm
i_core_v_mini_mcu.memory_subsystem_i.ram0_i.tc_ram_i.sram\[0\]\[12\],25.76µm
i_core_v_mini_mcu.memory_subsystem_i.ram0_i.tc_ram_i.sram\[12\]\[30\],25.76µm
i_core_v_mini_mcu.memory_subsystem_i.ram0_i.tc_ram_i.sram\[21\]\[9\],25.76µm
net1661,25.74µm
net1709,25.7µm
net1636,25.675µm
i_core_v_mini_mcu.cpu_subsystem_i.cpu_0_0.rf_ram_i.memory\[528\]\[0\],25.63µm
status_o_OUT[1],25.63µm
_09083_,25.58µm
_17716_,25.45µm
_14578_,25.4µm
_15076_,25.4µm
_16779_,25.4µm
_22126_,25.4µm
i_core_v_mini_mcu.cpu_subsystem_i.cpu_0_0.rf_ram_i.memory\[223\]\[0\],25.4µm
net1690,25.39µm
i_core_v_mini_mcu.memory_subsystem_i.ram0_i.tc_ram_i.sram\[26\]\[10\],25.38µm
_06121_,25.35µm
_09830_,25.35µm
_14776_,25.35µm
_15146_,25.35µm
_16844_,25.35µm
_17851_,25.35µm
_21248_,25.35µm
i_core_v_mini_mcu.ao_peripheral_subsystem_i.obi_fifo_i.consumer_data_req\[28\],25.35µm
i_core_v_mini_mcu.ao_peripheral_subsystem_i.spi_subsystem_i.obi_spimemio_i.spimemio_i.rd_addr\[8\],25.35µm
i_core_v_mini_mcu.cpu_subsystem_i.cpu_0_0.rf_ram_i.memory\[511\]\[1\],25.35µm
i_core_v_mini_mcu.cpu_subsystem_i.cpu_1_0.rf_ram_i.memory\[454\]\[0\],25.35µm
i_core_v_mini_mcu.peripheral_subsystem_i.uart_i.reg2hw\[76\],25.35µm
net1634,25.34µm
_05737_,25.3µm
_06698_,25.3µm
_08098_,25.3µm
_08909_,25.3µm
_09274_,25.3µm
_10101_,25.3µm
_10296_,25.3µm
_12792_,25.3µm
_13535_,25.3µm
_14738_,25.3µm
_14878_,25.3µm
_15038_,25.3µm
_15380_,25.3µm
_15656_,25.3µm
_16332_,25.3µm
_16456_,25.3µm
_17373_,25.3µm
_20354_,25.3µm
_22316_,25.3µm
_23595_,25.3µm
_24972_,25.3µm
i_core_v_mini_mcu.ao_peripheral_subsystem_i.obi_fifo_i.consumer_resp_i\[16\],25.3µm
i_core_v_mini_mcu.ao_peripheral_subsystem_i.power_manager_i.power_manager_counter_sequence_cpu_iso_i.sequence_curr_state\[3\],25.3µm
i_core_v_mini_mcu.ao_peripheral_subsystem_i.spi_subsystem_i.obi_spimemio_i.obi_to_picorv32_i.addr_buf\[10\],25.3µm
i_core_v_mini_mcu.ao_peripheral_subsystem_i.spi_subsystem_i.obi_spimemio_i.spimemio_i.rd_addr\[11\],25.3µm
i_core_v_mini_mcu.cpu_subsystem_i.cpu_0_0.rf_ram_i.memory\[127\]\[0\],25.3µm
i_core_v_mini_mcu.cpu_subsystem_i.cpu_0_0.rf_ram_i.memory\[238\]\[1\],25.3µm
i_core_v_mini_mcu.cpu_subsystem_i.cpu_0_0.rf_ram_i.memory\[274\]\[0\],25.3µm
i_core_v_mini_mcu.cpu_subsystem_i.cpu_0_0.rf_ram_i.memory\[506\]\[1\],25.3µm
i_core_v_mini_mcu.cpu_subsystem_i.cpu_0_0.rf_ram_i.memory\[513\]\[0\],25.3µm
i_core_v_mini_mcu.cpu_subsystem_i.cpu_0_0.rf_ram_i.memory\[575\]\[0\],25.3µm
i_core_v_mini_mcu.cpu_subsystem_i.cpu_1_0.rf_ram_i.memory\[116\]\[0\],25.3µm
i_core_v_mini_mcu.cpu_subsystem_i.cpu_1_0.rf_ram_i.memory\[165\]\[1\],25.3µm
i_core_v_mini_mcu.cpu_subsystem_i.cpu_1_0.rf_ram_i.memory\[197\]\[0\],25.3µm
i_core_v_mini_mcu.cpu_subsystem_i.cpu_1_0.rf_ram_i.memory\[310\]\[1\],25.3µm
i_core_v_mini_mcu.cpu_subsystem_i.cpu_1_0.rf_ram_i.memory\[343\]\[1\],25.3µm
i_core_v_mini_mcu.cpu_subsystem_i.cpu_1_0.rf_ram_i.memory\[77\]\[1\],25.3µm
i_core_v_mini_mcu.memory_subsystem_i.ram0_i.tc_ram_i.sram\[12\]\[31\],25.3µm
i_core_v_mini_mcu.memory_subsystem_i.ram0_i.tc_ram_i.sram\[14\]\[28\],25.3µm
i_core_v_mini_mcu.memory_subsystem_i.ram0_i.tc_ram_i.sram\[27\]\[21\],25.3µm
i_core_v_mini_mcu.memory_subsystem_i.ram0_i.tc_ram_i.sram\[29\]\[12\],25.3µm
clknet_leaf_59_clk_i_regs,25.3µm
_02380_,25.25µm
_02440_,25.25µm
_03895_,25.25µm
_04757_,25.25µm
_05111_,25.25µm
_05775_,25.25µm
_06170_,25.25µm
_06188_,25.25µm
_06863_,25.25µm
_07103_,25.25µm
_07132_,25.25µm
_07172_,25.25µm
_07838_,25.25µm
_08002_,25.25µm
_08075_,25.25µm
_08507_,25.25µm
_08568_,25.25µm
_09171_,25.25µm
_09193_,25.25µm
_09610_,25.25µm
_09774_,25.25µm
_09927_,25.25µm
_11244_,25.25µm
_11851_,25.25µm
_12177_,25.25µm
_12737_,25.25µm
_13060_,25.25µm
_13403_,25.25µm
_13614_,25.25µm
_14678_,25.25µm
_14689_,25.25µm
_14727_,25.25µm
_14803_,25.25µm
_15358_,25.25µm
_15437_,25.25µm
_15963_,25.25µm
_16873_,25.25µm
_16919_,25.25µm
_17546_,25.25µm
_17645_,25.25µm
_17828_,25.25µm
_19471_,25.25µm
_19705_,25.25µm
_20109_,25.25µm
_21417_,25.25µm
_21569_,25.25µm
_21729_,25.25µm
_21792_,25.25µm
_24876_,25.25µm
_25121_,25.25µm
_25328_,25.25µm
_25339_,25.25µm
_25449_,25.25µm
_25570_,25.25µm
_26925_,25.25µm
_27427_,25.25µm
_27570_,25.25µm
_27648_,25.25µm
i_core_v_mini_mcu.ao_peripheral_subsystem_i.obi_fifo_i.consumer_data_req_q\[10\],25.25µm
i_core_v_mini_mcu.ao_peripheral_subsystem_i.spi_subsystem_i.obi_spimemio_i.spimemio_i.buffer\[22\],25.25µm
i_core_v_mini_mcu.ao_peripheral_subsystem_i.tdu_i.task_mem\[2\]\[4\],25.25µm
i_core_v_mini_mcu.cpu_subsystem_i.cpu_0_0.i_servile.arbiter.i_wb_cpu_dbus_adr\[3\],25.25µm
i_core_v_mini_mcu.cpu_subsystem_i.cpu_0_0.rf_ram_i.memory\[132\]\[1\],25.25µm
i_core_v_mini_mcu.cpu_subsystem_i.cpu_0_0.rf_ram_i.memory\[163\]\[0\],25.25µm
i_core_v_mini_mcu.cpu_subsystem_i.cpu_0_0.rf_ram_i.memory\[193\]\[0\],25.25µm
i_core_v_mini_mcu.cpu_subsystem_i.cpu_0_0.rf_ram_i.memory\[225\]\[1\],25.25µm
i_core_v_mini_mcu.cpu_subsystem_i.cpu_0_0.rf_ram_i.memory\[243\]\[1\],25.25µm
i_core_v_mini_mcu.cpu_subsystem_i.cpu_0_0.rf_ram_i.memory\[255\]\[1\],25.25µm
i_core_v_mini_mcu.cpu_subsystem_i.cpu_0_0.rf_ram_i.memory\[259\]\[0\],25.25µm
i_core_v_mini_mcu.cpu_subsystem_i.cpu_0_0.rf_ram_i.memory\[383\]\[0\],25.25µm
i_core_v_mini_mcu.cpu_subsystem_i.cpu_0_0.rf_ram_i.memory\[445\]\[0\],25.25µm
i_core_v_mini_mcu.cpu_subsystem_i.cpu_1_0.i_servile.cpu.ctrl.i_jump,25.25µm
i_core_v_mini_mcu.cpu_subsystem_i.cpu_1_0.rf_ram_i.memory\[151\]\[0\],25.25µm
i_core_v_mini_mcu.cpu_subsystem_i.cpu_1_0.rf_ram_i.memory\[238\]\[0\],25.25µm
i_core_v_mini_mcu.cpu_subsystem_i.cpu_1_0.rf_ram_i.memory\[256\]\[1\],25.25µm
i_core_v_mini_mcu.cpu_subsystem_i.cpu_1_0.rf_ram_i.memory\[348\]\[0\],25.25µm
i_core_v_mini_mcu.cpu_subsystem_i.cpu_1_0.rf_ram_i.memory\[481\]\[0\],25.25µm
i_core_v_mini_mcu.cpu_subsystem_i.cpu_1_0.rf_ram_i.memory\[490\]\[1\],25.25µm
i_core_v_mini_mcu.memory_subsystem_i.ram0_i.tc_ram_i.sram\[10\]\[20\],25.25µm
i_core_v_mini_mcu.memory_subsystem_i.ram0_i.tc_ram_i.sram\[18\]\[14\],25.25µm
i_core_v_mini_mcu.memory_subsystem_i.ram0_i.tc_ram_i.sram\[20\]\[8\],25.25µm
i_core_v_mini_mcu.memory_subsystem_i.ram0_i.tc_ram_i.sram\[22\]\[6\],25.25µm
i_core_v_mini_mcu.memory_subsystem_i.ram0_i.tc_ram_i.sram\[5\]\[13\],25.25µm
i_core_v_mini_mcu.memory_subsystem_i.ram0_i.tc_ram_i.sram\[5\]\[29\],25.25µm
net1697,25.21µm
_00033_,25.2µm
_01572_,25.2µm
_06030_,25.2µm
_06353_,25.2µm
_06365_,25.2µm
_07163_,25.2µm
_07398_,25.2µm
_08557_,25.2µm
_09407_,25.2µm
_10053_,25.2µm
_10540_,25.2µm
_10732_,25.2µm
_11562_,25.2µm
_11974_,25.2µm
_12143_,25.2µm
_12946_,25.2µm
_13067_,25.2µm
_13582_,25.2µm
_14852_,25.2µm
_15162_,25.2µm
_15188_,25.2µm
_15478_,25.2µm
_15603_,25.2µm
_16468_,25.2µm
_16914_,25.2µm
_18335_,25.2µm
_19678_,25.2µm
_19687_,25.2µm
_19719_,25.2µm
_19790_,25.2µm
_20604_,25.2µm
_20630_,25.2µm
_21521_,25.2µm
_22074_,25.2µm
_22626_,25.2µm
_24083_,25.2µm
_24474_,25.2µm
_24721_,25.2µm
_25204_,25.2µm
_25372_,25.2µm
_26372_,25.2µm
_26554_,25.2µm
_26949_,25.2µm
_27235_,25.2µm
_27388_,25.2µm
i_core_v_mini_mcu.ao_peripheral_subsystem_i.spi_subsystem_i.obi_spimemio_i.spimemio_i.buffer\[4\],25.2µm
i_core_v_mini_mcu.cpu_subsystem_i.cpu_0_0.rf_ram_i.memory\[102\]\[0\],25.2µm
i_core_v_mini_mcu.cpu_subsystem_i.cpu_0_0.rf_ram_i.memory\[128\]\[1\],25.2µm
i_core_v_mini_mcu.cpu_subsystem_i.cpu_0_0.rf_ram_i.memory\[409\]\[0\],25.2µm
i_core_v_mini_mcu.cpu_subsystem_i.cpu_0_0.rf_ram_i.memory\[495\]\[0\],25.2µm
i_core_v_mini_mcu.cpu_subsystem_i.cpu_1_0.rf_ram_i.memory\[105\]\[0\],25.2µm
i_core_v_mini_mcu.cpu_subsystem_i.cpu_1_0.rf_ram_i.memory\[176\]\[1\],25.2µm
i_core_v_mini_mcu.cpu_subsystem_i.cpu_1_0.rf_ram_i.memory\[271\]\[1\],25.2µm
i_core_v_mini_mcu.cpu_subsystem_i.cpu_1_0.rf_ram_i.memory\[482\]\[1\],25.2µm
i_core_v_mini_mcu.cpu_subsystem_i.cpu_1_0.rf_ram_i.memory\[98\]\[0\],25.2µm
i_core_v_mini_mcu.memory_subsystem_i.ram0_i.tc_ram_i.sram\[3\]\[28\],25.2µm
i_core_v_mini_mcu.peripheral_subsystem_i.obi_fifo_i.consumer_resp_i\[9\],25.2µm
i_core_v_mini_mcu.peripheral_subsystem_i.periph_to_reg_i.r_rdata_d\[13\],25.2µm
spi_flash_sck_o_OUT,25.2µm
net1625,25.19µm
status_o_OUT[3],25.15µm
net1703,25.08µm
_22344_,25.03µm
i_core_v_mini_mcu.memory_subsystem_i.ram0_i.tc_ram_i.sram\[5\]\[25\],25.02µm
net1622,25.02µm
i_core_v_mini_mcu.ao_peripheral_subsystem_i.obi_fifo_i.consumer_data_req_q\[9\],24.97µm
i_core_v_mini_mcu.memory_subsystem_i.ram0_i.tc_ram_i.sram\[14\]\[8\],24.97µm
_14531_,24.94µm
_15547_,24.94µm
_17818_,24.94µm
_10871_,24.92µm
i_core_v_mini_mcu.cpu_subsystem_i.cpu_1_0.rf_ram_i.memory\[49\]\[0\],24.92µm
_09716_,24.89µm
_14256_,24.89µm
_15085_,24.89µm
_15112_,24.89µm
_14888_,24.84µm
_14902_,24.84µm
_14954_,24.84µm
_15498_,24.84µm
_16241_,24.84µm
_16341_,24.84µm
_17137_,24.84µm
i_core_v_mini_mcu.cpu_subsystem_i.cpu_0_0.rf_ram_i.memory\[444\]\[0\],24.84µm
i_core_v_mini_mcu.cpu_subsystem_i.cpu_0_0.rf_ram_i.memory\[81\]\[0\],24.84µm
net1621,24.84µm
_06777_,24.79µm
_10268_,24.79µm
_14760_,24.79µm
_14857_,24.79µm
_15131_,24.79µm
_16411_,24.79µm
_16450_,24.79µm
_17470_,24.79µm
_17739_,24.79µm
_22171_,24.79µm
i_core_v_mini_mcu.ao_peripheral_subsystem_i.obi_fifo_i.consumer_data_req_q\[11\],24.79µm
i_core_v_mini_mcu.ao_peripheral_subsystem_i.power_manager_i.power_manager_reg_top_i.cpu_reset_assert_counter_qs\[4\],24.79µm
i_core_v_mini_mcu.ao_peripheral_subsystem_i.tdu_i.task_mem\[2\]\[18\],24.79µm
i_core_v_mini_mcu.cpu_subsystem_i.cpu_0_0.rf_ram_i.memory\[215\]\[0\],24.79µm
i_core_v_mini_mcu.cpu_subsystem_i.cpu_1_0.i_servile.cpu.decode.o_two_stage_op,24.79µm
i_core_v_mini_mcu.peripheral_subsystem_i.obi_fifo_i.consumer_data_req_q\[7\],24.79µm
net1644,24.79µm
_04878_,24.74µm
_04880_,24.74µm
_05544_,24.74µm
_05798_,24.74µm
_07557_,24.74µm
_08596_,24.74µm
_09483_,24.74µm
_09498_,24.74µm
_09997_,24.74µm
_10096_,24.74µm
_10100_,24.74µm
_10197_,24.74µm
_11237_,24.74µm
_11269_,24.74µm
_11272_,24.74µm
_12332_,24.74µm
_12565_,24.74µm
_13832_,24.74µm
_15041_,24.74µm
_17629_,24.74µm
_17698_,24.74µm
_17724_,24.74µm
_17898_,24.74µm
_18143_,24.74µm
_20886_,24.74µm
_23618_,24.74µm
_24052_,24.74µm
_24934_,24.74µm
i_core_v_mini_mcu.ao_peripheral_subsystem_i.mosaic_clint_i.mtimecmp_q\[84\],24.74µm
i_core_v_mini_mcu.ao_peripheral_subsystem_i.power_manager_i.power_manager_reg_top_i.cpu_reset_deassert_counter_qs\[7\],24.74µm
i_core_v_mini_mcu.ao_peripheral_subsystem_i.power_manager_i.power_manager_reg_top_i.reg2hw\[230\],24.74µm
i_core_v_mini_mcu.ao_peripheral_subsystem_i.tdu_i.task_mem\[0\]\[10\],24.74µm
i_core_v_mini_mcu.ao_peripheral_subsystem_i.tdu_i.task_mem\[3\]\[16\],24.74µm
i_core_v_mini_mcu.ao_peripheral_subsystem_i.tdu_i.task_mem\[5\]\[27\],24.74µm
i_core_v_mini_mcu.ao_peripheral_subsystem_i.tdu_i.task_mem\[5\]\[31\],24.74µm
i_core_v_mini_mcu.cpu_subsystem_i.cpu_0_0.i_servile.cpu.bufreg2.i_bytecnt\[1\],24.74µm
i_core_v_mini_mcu.cpu_subsystem_i.cpu_0_0.i_servile.cpu.ctrl.o_ibus_adr\[27\],24.74µm
i_core_v_mini_mcu.cpu_subsystem_i.cpu_0_0.rf_ram_i.memory\[128\]\[0\],24.74µm
i_core_v_mini_mcu.cpu_subsystem_i.cpu_0_0.rf_ram_i.memory\[145\]\[1\],24.74µm
i_core_v_mini_mcu.cpu_subsystem_i.cpu_0_0.rf_ram_i.memory\[292\]\[1\],24.74µm
i_core_v_mini_mcu.cpu_subsystem_i.cpu_0_0.rf_ram_i.memory\[449\]\[0\],24.74µm
i_core_v_mini_mcu.cpu_subsystem_i.cpu_0_0.rf_ram_i.memory\[529\]\[1\],24.74µm
i_core_v_mini_mcu.cpu_subsystem_i.cpu_0_0.rf_ram_i.memory\[572\]\[1\],24.74µm
i_core_v_mini_mcu.cpu_subsystem_i.cpu_0_0.rf_ram_i.memory\[575\]\[1\],24.74µm
i_core_v_mini_mcu.cpu_subsystem_i.cpu_1_0.rf_ram_i.memory\[155\]\[0\],24.74µm
i_core_v_mini_mcu.cpu_subsystem_i.cpu_1_0.rf_ram_i.memory\[225\]\[1\],24.74µm
i_core_v_mini_mcu.memory_subsystem_i.ram0_i.tc_ram_i.sram\[16\]\[14\],24.74µm
i_core_v_mini_mcu.memory_subsystem_i.ram0_i.tc_ram_i.sram\[20\]\[1\],24.74µm
i_core_v_mini_mcu.memory_subsystem_i.ram0_i.tc_ram_i.sram\[22\]\[3\],24.74µm
i_core_v_mini_mcu.peripheral_subsystem_i.uart_i.uart_core.rx_timeout_count_q\[22\],24.74µm
i_core_v_mini_mcu.peripheral_subsystem_i.uart_i.uart_core.uart_rx.sreg_q\[5\],24.74µm
status_o_OUT[2],24.73µm
_03728_,24.69µm
_04140_,24.69µm
_04726_,24.69µm
_05060_,24.69µm
_05263_,24.69µm
_05718_,24.69µm
_06300_,24.69µm
_07222_,24.69µm
_07853_,24.69µm
_07866_,24.69µm
_08458_,24.69µm
_08783_,24.69µm
_09394_,24.69µm
_09781_,24.69µm
_10249_,24.69µm
_10407_,24.69µm
_10957_,24.69µm
_11746_,24.69µm
_11779_,24.69µm
_11824_,24.69µm
_12304_,24.69µm
_13104_,24.69µm
_13274_,24.69µm
_13513_,24.69µm
_13526_,24.69µm
_13916_,24.69µm
_14553_,24.69µm
_14915_,24.69µm
_15019_,24.69µm
_16108_,24.69µm
_16188_,24.69µm
_16787_,24.69µm
_17949_,24.69µm
_18081_,24.69µm
_18851_,24.69µm
_20168_,24.69µm
_20684_,24.69µm
_20857_,24.69µm
_21266_,24.69µm
_21791_,24.69µm
_22102_,24.69µm
_22264_,24.69µm
_22501_,24.69µm
_22507_,24.69µm
_22552_,24.69µm
_23569_,24.69µm
_23882_,24.69µm
_24180_,24.69µm
_24415_,24.69µm
_25046_,24.69µm
_25089_,24.69µm
_25324_,24.69µm
_25602_,24.69µm
i_core_v_mini_mcu.ao_peripheral_subsystem_i.obi_fifo_i.consumer_data_req_q\[66\],24.69µm
i_core_v_mini_mcu.ao_peripheral_subsystem_i.power_manager_i.power_manager_reg_top_i.cpu_switch_off_counter_qs\[6\],24.69µm
i_core_v_mini_mcu.ao_peripheral_subsystem_i.tdu_i.task_mem\[3\]\[18\],24.69µm
i_core_v_mini_mcu.ao_peripheral_subsystem_i.tdu_i.task_mem\[5\]\[11\],24.69µm
i_core_v_mini_mcu.cpu_subsystem_i.cpu_0_0.i_servile.cpu.decode.o_immdec_ctrl\[0\],24.69µm
i_core_v_mini_mcu.cpu_subsystem_i.cpu_0_0.rf_ram_i.memory\[112\]\[0\],24.69µm
i_core_v_mini_mcu.cpu_subsystem_i.cpu_0_0.rf_ram_i.memory\[158\]\[1\],24.69µm
i_core_v_mini_mcu.cpu_subsystem_i.cpu_0_0.rf_ram_i.memory\[343\]\[0\],24.69µm
i_core_v_mini_mcu.cpu_subsystem_i.cpu_0_0.rf_ram_i.memory\[352\]\[0\],24.69µm
i_core_v_mini_mcu.cpu_subsystem_i.cpu_0_0.rf_ram_i.memory\[524\]\[0\],24.69µm
i_core_v_mini_mcu.cpu_subsystem_i.cpu_0_0.rf_ram_i.memory\[544\]\[0\],24.69µm
i_core_v_mini_mcu.cpu_subsystem_i.cpu_0_0.rf_ram_i.memory\[59\]\[0\],24.69µm
i_core_v_mini_mcu.cpu_subsystem_i.cpu_1_0.rf_ram_i.memory\[426\]\[1\],24.69µm
i_core_v_mini_mcu.memory_subsystem_i.ram0_i.tc_ram_i.sram\[14\]\[10\],24.69µm
i_core_v_mini_mcu.memory_subsystem_i.ram0_i.tc_ram_i.sram\[17\]\[11\],24.69µm
i_core_v_mini_mcu.memory_subsystem_i.ram0_i.tc_ram_i.sram\[1\]\[21\],24.69µm
i_core_v_mini_mcu.memory_subsystem_i.ram0_i.tc_ram_i.sram\[22\]\[10\],24.69µm
i_core_v_mini_mcu.memory_subsystem_i.ram0_i.tc_ram_i.sram\[23\]\[24\],24.69µm
i_core_v_mini_mcu.memory_subsystem_i.ram0_i.tc_ram_i.sram\[4\]\[17\],24.69µm
i_core_v_mini_mcu.memory_subsystem_i.ram0_i.tc_ram_i.sram\[8\]\[17\],24.69µm
i_core_v_mini_mcu.memory_subsystem_i.ram0_i.tc_ram_i.sram\[9\]\[31\],24.69µm
i_core_v_mini_mcu.peripheral_subsystem_i.obi_fifo_i.consumer_data_req\[11\],24.69µm
i_core_v_mini_mcu.peripheral_subsystem_i.obi_fifo_i.consumer_data_req\[32\],24.69µm
i_core_v_mini_mcu.peripheral_subsystem_i.obi_fifo_i.producer_state_q,24.69µm
_01821_,24.64µm
_03739_,24.64µm
_04706_,24.64µm
_05736_,24.64µm
_05756_,24.64µm
_06720_,24.64µm
_06893_,24.64µm
_07364_,24.64µm
_07824_,24.64µm
_08176_,24.64µm
_08276_,24.64µm
_08313_,24.64µm
_08743_,24.64µm
_09063_,24.64µm
_09462_,24.64µm
_09500_,24.64µm
_10358_,24.64µm
_10904_,24.64µm
_11316_,24.64µm
_11806_,24.64µm
_12000_,24.64µm
_12114_,24.64µm
_12860_,24.64µm
_13009_,24.64µm
_13156_,24.64µm
_13331_,24.64µm
_13445_,24.64µm
_13629_,24.64µm
_13652_,24.64µm
_14043_,24.64µm
_14612_,24.64µm
_14671_,24.64µm
_14985_,24.64µm
_15271_,24.64µm
_15895_,24.64µm
_15914_,24.64µm
_16546_,24.64µm
_16571_,24.64µm
_17113_,24.64µm
_19056_,24.64µm
_21290_,24.64µm
_21941_,24.64µm
_22762_,24.64µm
_22800_,24.64µm
_23226_,24.64µm
_23279_,24.64µm
_23448_,24.64µm
_23528_,24.64µm
_23607_,24.64µm
_23945_,24.64µm
_24204_,24.64µm
_24505_,24.64µm
_24663_,24.64µm
_25883_,24.64µm
_25962_,24.64µm
_26163_,24.64µm
i_core_v_mini_mcu.ao_peripheral_subsystem_i.power_manager_i.power_manager_reg_top_i.intr_state_qs\[17\],24.64µm
i_core_v_mini_mcu.ao_peripheral_subsystem_i.spi_subsystem_i.obi_spimemio_i.spimemio_i.buffer\[9\],24.64µm
i_core_v_mini_mcu.ao_peripheral_subsystem_i.tdu_i.task_mem\[2\]\[19\],24.64µm
i_core_v_mini_mcu.cpu_subsystem_i.cpu_0_0.rf_ram_i.memory\[195\]\[1\],24.64µm
i_core_v_mini_mcu.cpu_subsystem_i.cpu_0_0.rf_ram_i.memory\[209\]\[1\],24.64µm
i_core_v_mini_mcu.cpu_subsystem_i.cpu_0_0.rf_ram_i.memory\[287\]\[0\],24.64µm
i_core_v_mini_mcu.cpu_subsystem_i.cpu_0_0.rf_ram_i.memory\[445\]\[1\],24.64µm
i_core_v_mini_mcu.cpu_subsystem_i.cpu_0_0.rf_ram_i.memory\[83\]\[0\],24.64µm
i_core_v_mini_mcu.memory_subsystem_i.ram0_i.tc_ram_i.sram\[0\]\[13\],24.64µm
i_core_v_mini_mcu.memory_subsystem_i.ram0_i.tc_ram_i.sram\[21\]\[22\],24.64µm
i_core_v_mini_mcu.peripheral_subsystem_i.obi_fifo_i.consumer_data_req_q\[31\],24.64µm
status_valid_o_OUT,24.57µm
net1654,24.555µm
spi_flash_sd_io_IE[3],24.555µm
net1694,24.5µm
i_core_v_mini_mcu.ao_peripheral_subsystem_i.obi_fifo_i.consumer_data_req_q\[60\],24.41µm
_14569_,24.38µm
i_core_v_mini_mcu.cpu_subsystem_i.cpu_0_0.i_servile.arbiter.i_wb_cpu_dbus_adr\[22\],24.36µm
i_core_v_mini_mcu.cpu_subsystem_i.cpu_1_0.i_servile.cpu.state.cnt_r\[0\],24.36µm
i_core_v_mini_mcu.cpu_subsystem_i.cpu_1_0.rf_ram_i.memory\[159\]\[0\],24.36µm
net1627,24.34µm
_14393_,24.33µm
_14535_,24.33µm
_15595_,24.33µm
_16505_,24.33µm
net1619,24.32µm
_09155_,24.28µm
_09424_,24.28µm
_10292_,24.28µm
_14264_,24.28µm
_15650_,24.28µm
_16375_,24.28µm
i_core_v_mini_mcu.ao_peripheral_subsystem_i.power_manager_i.power_manager_reg_top_i.cpu_switch_on_counter_qs\[5\],24.28µm
_09543_,24.23µm
_10348_,24.23µm
_10865_,24.23µm
_12781_,24.23µm
_15956_,24.23µm
_17793_,24.23µm
i_core_v_mini_mcu.ao_peripheral_subsystem_i.power_manager_i.power_manager_reg_top_i.en_wait_for_intr_qs\[28\],24.23µm
i_core_v_mini_mcu.ao_peripheral_subsystem_i.power_manager_i.power_manager_reg_top_i.en_wait_for_intr_qs\[4\],24.23µm
i_core_v_mini_mcu.ao_peripheral_subsystem_i.power_manager_i.power_manager_reg_top_i.global_pointer_qs\[11\],24.23µm
i_core_v_mini_mcu.ao_peripheral_subsystem_i.power_manager_i.power_manager_reg_top_i.global_pointer_qs\[29\],24.23µm
i_core_v_mini_mcu.memory_subsystem_i.ram0_i.tc_ram_i.sram\[0\]\[8\],24.23µm
net1630,24.22µm
i_core_v_mini_mcu.ao_peripheral_subsystem_i.tdu_i.task_mem\[4\]\[16\],24.215µm
_02217_,24.18µm
_06832_,24.18µm
_09602_,24.18µm
_11128_,24.18µm
_11714_,24.18µm
_12367_,24.18µm
_12981_,24.18µm
_14240_,24.18µm
_15395_,24.18µm
_19780_,24.18µm
_22960_,24.18µm
_26179_,24.18µm
i_core_v_mini_mcu.ao_peripheral_subsystem_i.obi_fifo_i.consumer_data_req_q\[31\],24.18µm
i_core_v_mini_mcu.ao_peripheral_subsystem_i.power_manager_i.power_manager_reg_top_i.cpu_iso_on_counter_qs\[6\],24.18µm
i_core_v_mini_mcu.ao_peripheral_subsystem_i.power_manager_i.power_manager_reg_top_i.global_pointer_qs\[28\],24.18µm
i_core_v_mini_mcu.ao_peripheral_subsystem_i.power_manager_i.power_manager_reg_top_i.global_pointer_qs\[7\],24.18µm
i_core_v_mini_mcu.cpu_subsystem_i.cpu_0_0.rf_ram_i.memory\[236\]\[0\],24.18µm
i_core_v_mini_mcu.cpu_subsystem_i.cpu_0_0.rf_ram_i.memory\[474\]\[0\],24.18µm
i_core_v_mini_mcu.cpu_subsystem_i.cpu_0_0.rf_ram_i.memory\[574\]\[0\],24.18µm
i_core_v_mini_mcu.cpu_subsystem_i.cpu_1_0.i_servile.arbiter.i_wb_cpu_dbus_adr\[12\],24.18µm
i_core_v_mini_mcu.cpu_subsystem_i.cpu_1_0.rf_ram_i.memory\[218\]\[1\],24.18µm
i_core_v_mini_mcu.cpu_subsystem_i.cpu_1_0.rf_ram_i.memory\[437\]\[1\],24.18µm
i_core_v_mini_mcu.cpu_subsystem_i.cpu_1_0.rf_ram_i.memory\[510\]\[1\],24.18µm
i_core_v_mini_mcu.memory_subsystem_i.ram0_i.tc_ram_i.sram\[23\]\[9\],24.18µm
i_core_v_mini_mcu.memory_subsystem_i.ram0_i.tc_ram_i.sram\[3\]\[31\],24.18µm
i_core_v_mini_mcu.memory_subsystem_i.ram0_i.tc_ram_i.sram\[6\]\[20\],24.18µm
i_core_v_mini_mcu.peripheral_subsystem_i.uart_i.uart_core.u_uart_txfifo.gen_normal_fifo.storage\[28\],24.18µm
i_core_v_mini_mcu.peripheral_subsystem_i.uart_i.uart_core.uart_tx.sreg_q\[2\],24.18µm
_01827_,24.13µm
_02385_,24.13µm
_04314_,24.13µm
_04326_,24.13µm
_04729_,24.13µm
_05064_,24.13µm
_05231_,24.13µm
_05721_,24.13µm
_05782_,24.13µm
_06879_,24.13µm
_07839_,24.13µm
_08749_,24.13µm
_09701_,24.13µm
_10205_,24.13µm
_10536_,24.13µm
_11329_,24.13µm
_11472_,24.13µm
_12559_,24.13µm
_12644_,24.13µm
_12957_,24.13µm
_13355_,24.13µm
_13681_,24.13µm
_13843_,24.13µm
_14090_,24.13µm
_15185_,24.13µm
_15687_,24.13µm
_15837_,24.13µm
_16057_,24.13µm
_16655_,24.13µm
_16730_,24.13µm
_16784_,24.13µm
_17858_,24.13µm
_17899_,24.13µm
_18233_,24.13µm
_18317_,24.13µm
_18620_,24.13µm
_18677_,24.13µm
_19679_,24.13µm
_19742_,24.13µm
_19788_,24.13µm
_20183_,24.13µm
_20292_,24.13µm
_20451_,24.13µm
_21497_,24.13µm
_21637_,24.13µm
_21670_,24.13µm
_21933_,24.13µm
_22022_,24.13µm
_22330_,24.13µm
_23174_,24.13µm
_23435_,24.13µm
_23598_,24.13µm
_24063_,24.13µm
_25155_,24.13µm
_25505_,24.13µm
_26508_,24.13µm
_26582_,24.13µm
_26610_,24.13µm
_26939_,24.13µm
i_core_v_mini_mcu.ao_peripheral_subsystem_i.mosaic_clint_i.mtimecmp_q\[3\],24.13µm
i_core_v_mini_mcu.ao_peripheral_subsystem_i.power_manager_i.power_manager_reg_top_i.en_wait_for_intr_qs\[6\],24.13µm
i_core_v_mini_mcu.ao_peripheral_subsystem_i.power_manager_i.reg_to_counter_cpu_reset_deassert_i.counter_curr_state\[2\],24.13µm
i_core_v_mini_mcu.ao_peripheral_subsystem_i.soc_ctrl_i.soc_ctrl_reg_top_i.system_frequency_hz_qs\[8\],24.13µm
i_core_v_mini_mcu.ao_peripheral_subsystem_i.spi_subsystem_i.obi_spimemio_i.obi_to_picorv32_i.addr_buf\[12\],24.13µm
i_core_v_mini_mcu.ao_peripheral_subsystem_i.spi_subsystem_i.obi_spimemio_i.obi_to_picorv32_i.obi_resp_o\[13\],24.13µm
i_core_v_mini_mcu.ao_peripheral_subsystem_i.spi_subsystem_i.obi_spimemio_i.spimemio_i.din_valid,24.13µm
i_core_v_mini_mcu.ao_peripheral_subsystem_i.tdu_i.cpi_est_q\[36\],24.13µm
i_core_v_mini_mcu.ao_peripheral_subsystem_i.tdu_i.task_mem\[2\]\[16\],24.13µm
i_core_v_mini_mcu.cpu_subsystem_i.cpu_0_0.rf_ram_i.memory\[319\]\[0\],24.13µm
i_core_v_mini_mcu.cpu_subsystem_i.cpu_0_0.rf_ram_i.memory\[337\]\[0\],24.13µm
i_core_v_mini_mcu.cpu_subsystem_i.cpu_0_0.rf_ram_i.memory\[523\]\[1\],24.13µm
i_core_v_mini_mcu.cpu_subsystem_i.cpu_1_0.rf_ram_i.memory\[150\]\[0\],24.13µm
i_core_v_mini_mcu.cpu_subsystem_i.cpu_1_0.rf_ram_i.memory\[245\]\[1\],24.13µm
i_core_v_mini_mcu.cpu_subsystem_i.cpu_1_0.rf_ram_i.memory\[260\]\[0\],24.13µm
i_core_v_mini_mcu.cpu_subsystem_i.cpu_1_0.rf_ram_i.memory\[282\]\[0\],24.13µm
i_core_v_mini_mcu.cpu_subsystem_i.cpu_1_0.rf_ram_i.memory\[485\]\[0\],24.13µm
i_core_v_mini_mcu.cpu_subsystem_i.cpu_1_0.rf_ram_i.memory\[495\]\[0\],24.13µm
i_core_v_mini_mcu.memory_subsystem_i.ram0_i.tc_ram_i.sram\[14\]\[0\],24.13µm
i_core_v_mini_mcu.memory_subsystem_i.ram0_i.tc_ram_i.sram\[15\]\[0\],24.13µm
i_core_v_mini_mcu.memory_subsystem_i.ram0_i.tc_ram_i.sram\[18\]\[15\],24.13µm
i_core_v_mini_mcu.memory_subsystem_i.ram0_i.tc_ram_i.sram\[19\]\[20\],24.13µm
i_core_v_mini_mcu.memory_subsystem_i.ram0_i.tc_ram_i.sram\[19\]\[7\],24.13µm
i_core_v_mini_mcu.memory_subsystem_i.ram0_i.tc_ram_i.sram\[3\]\[21\],24.13µm
i_core_v_mini_mcu.peripheral_subsystem_i.periph_to_reg_i.r_rdata_d\[25\],24.13µm
i_core_v_mini_mcu.peripheral_subsystem_i.uart_i.uart_core.rx_watermark_d,24.13µm
net19,24.13µm
net1721,24.09µm
_02438_,24.08µm
_04167_,24.08µm
_04298_,24.08µm
_05264_,24.08µm
_05643_,24.08µm
_06045_,24.08µm
_06809_,24.08µm
_06944_,24.08µm
_07565_,24.08µm
_07574_,24.08µm
_07990_,24.08µm
_08809_,24.08µm
_09595_,24.08µm
_09695_,24.08µm
_10039_,24.08µm
_10087_,24.08µm
_10177_,24.08µm
_10281_,24.08µm
_10359_,24.08µm
_10967_,24.08µm
_11542_,24.08µm
_11904_,24.08µm
_11987_,24.08µm
_12002_,24.08µm
_12287_,24.08µm
_12536_,24.08µm
_12643_,24.08µm
_12870_,24.08µm
_13503_,24.08µm
_14001_,24.08µm
_14783_,24.08µm
_15739_,24.08µm
_15768_,24.08µm
_16115_,24.08µm
_17212_,24.08µm
_17620_,24.08µm
_19889_,24.08µm
_19897_,24.08µm
_20759_,24.08µm
_21797_,24.08µm
_22508_,24.08µm
_22510_,24.08µm
_22901_,24.08µm
_23149_,24.08µm
_23314_,24.08µm
_23617_,24.08µm
_24274_,24.08µm
_24321_,24.08µm
_24371_,24.08µm
_24452_,24.08µm
_24914_,24.08µm
_25095_,24.08µm
_25097_,24.08µm
_25295_,24.08µm
_25716_,24.08µm
_26238_,24.08µm
_26315_,24.08µm
_27614_,24.08µm
i_core_v_mini_mcu.ao_peripheral_subsystem_i.tdu_i.count_q\[3\],24.08µm
i_core_v_mini_mcu.cpu_subsystem_i.cpu_0_0.rf_ram_i.memory\[254\]\[1\],24.08µm
i_core_v_mini_mcu.cpu_subsystem_i.cpu_0_0.rf_ram_i.memory\[443\]\[0\],24.08µm
i_core_v_mini_mcu.cpu_subsystem_i.cpu_0_0.rf_ram_i.memory\[52\]\[0\],24.08µm
i_core_v_mini_mcu.cpu_subsystem_i.cpu_1_0.rf_ram_i.memory\[108\]\[0\],24.08µm
i_core_v_mini_mcu.cpu_subsystem_i.cpu_1_0.rf_ram_i.memory\[152\]\[0\],24.08µm
i_core_v_mini_mcu.cpu_subsystem_i.cpu_1_0.rf_ram_i.memory\[206\]\[1\],24.08µm
i_core_v_mini_mcu.cpu_subsystem_i.cpu_1_0.rf_ram_i.memory\[278\]\[1\],24.08µm
i_core_v_mini_mcu.cpu_subsystem_i.cpu_1_0.rf_ram_i.memory\[301\]\[1\],24.08µm
i_core_v_mini_mcu.cpu_subsystem_i.cpu_1_0.rf_ram_i.memory\[309\]\[1\],24.08µm
i_core_v_mini_mcu.cpu_subsystem_i.cpu_1_0.rf_ram_i.memory\[453\]\[0\],24.08µm
i_core_v_mini_mcu.cpu_subsystem_i.cpu_1_0.rf_ram_i.memory\[480\]\[1\],24.08µm
i_core_v_mini_mcu.cpu_subsystem_i.cpu_1_0.rf_ram_i.memory\[505\]\[1\],24.08µm
i_core_v_mini_mcu.memory_subsystem_i.ram0_i.tc_ram_i.sram\[0\]\[22\],24.08µm
i_core_v_mini_mcu.memory_subsystem_i.ram0_i.tc_ram_i.sram\[0\]\[26\],24.08µm
i_core_v_mini_mcu.memory_subsystem_i.ram0_i.tc_ram_i.sram\[10\]\[23\],24.08µm
i_core_v_mini_mcu.peripheral_subsystem_i.obi_fifo_i.consumer_data_req\[29\],24.08µm
i_core_v_mini_mcu.peripheral_subsystem_i.obi_fifo_i.consumer_data_req_q\[11\],24.08µm
i_core_v_mini_mcu.peripheral_subsystem_i.uart_i.uart_core.u_uart_rxfifo.gen_normal_fifo.storage\[16\],24.08µm
net16,24.08µm
net1830,24.08µm
i_core_v_mini_mcu.cpu_subsystem_i.cpu_1_0.rf_ram_i.memory\[68\]\[0\],24µm
_05589_,23.9µm
net1612,23.86µm
_06344_,23.85µm
i_core_v_mini_mcu.cpu_subsystem_i.cpu_0_0.rf_ram_i.memory\[291\]\[0\],23.85µm
i_core_v_mini_mcu.peripheral_subsystem_i.uart_i.uart_core.u_uart_txfifo.gen_normal_fifo.storage\[10\],23.85µm
uart_tx_o_OUT,23.85µm
_24990_,23.8µm
i_core_v_mini_mcu.cpu_subsystem_i.cpu_0_0.i_servile.cpu.decode.o_rd_mem_en,23.8µm
i_core_v_mini_mcu.cpu_subsystem_i.cpu_1_0.rf_ram_i.memory\[82\]\[0\],23.8µm
net1633,23.73µm
_06565_,23.72µm
_07036_,23.72µm
_15647_,23.72µm
_15920_,23.72µm
net1666,23.72µm
_04749_,23.67µm
_06181_,23.67µm
_09129_,23.67µm
_14177_,23.67µm
_14751_,23.67µm
_17108_,23.67µm
i_core_v_mini_mcu.ao_peripheral_subsystem_i.power_manager_i.power_manager_reg_top_i.ram_0_iso_qs,23.67µm
i_core_v_mini_mcu.ao_peripheral_subsystem_i.tdu_i.active_hart_cycles_q\[15\],23.67µm
i_core_v_mini_mcu.cpu_subsystem_i.cpu_1_0.rf_ram_i.memory\[169\]\[1\],23.67µm
i_core_v_mini_mcu.cpu_subsystem_i.cpu_1_0.rf_ram_i.memory\[195\]\[1\],23.67µm
i_core_v_mini_mcu.cpu_subsystem_i.cpu_1_0.rf_ram_i.memory\[58\]\[0\],23.67µm
i_core_v_mini_mcu.peripheral_subsystem_i.uart_i.hw2reg\[12\],23.67µm
_05495_,23.62µm
_06914_,23.62µm
_07829_,23.62µm
_08172_,23.62µm
_08876_,23.62µm
_09313_,23.62µm
_09746_,23.62µm
_09817_,23.62µm
_10218_,23.62µm
_10295_,23.62µm
_11045_,23.62µm
_11223_,23.62µm
_11500_,23.62µm
_14330_,23.62µm
_14428_,23.62µm
_15232_,23.62µm
_15253_,23.62µm
_15501_,23.62µm
_17382_,23.62µm
_19827_,23.62µm
_21127_,23.62µm
_23308_,23.62µm
i_core_v_mini_mcu.ao_peripheral_subsystem_i.power_manager_i.power_manager_reg_top_i.cpu_iso_on_counter_qs\[5\],23.62µm
i_core_v_mini_mcu.ao_peripheral_subsystem_i.power_manager_i.power_manager_reg_top_i.global_pointer_qs\[18\],23.62µm
i_core_v_mini_mcu.ao_peripheral_subsystem_i.power_manager_i.power_manager_reg_top_i.intr_state_qs\[1\],23.62µm
i_core_v_mini_mcu.ao_peripheral_subsystem_i.power_manager_i.power_manager_reg_top_i.reg2hw\[224\],23.62µm
i_core_v_mini_mcu.cpu_subsystem_i.cpu_0_0.rf_ram_i.memory\[258\]\[0\],23.62µm
i_core_v_mini_mcu.cpu_subsystem_i.cpu_0_0.rf_ram_i.memory\[307\]\[0\],23.62µm
i_core_v_mini_mcu.cpu_subsystem_i.cpu_0_0.rf_ram_i.memory\[435\]\[0\],23.62µm
i_core_v_mini_mcu.cpu_subsystem_i.cpu_0_0.rf_ram_i.memory\[88\]\[1\],23.62µm
i_core_v_mini_mcu.cpu_subsystem_i.cpu_1_0.rf_ram_i.memory\[159\]\[1\],23.62µm
i_core_v_mini_mcu.cpu_subsystem_i.cpu_1_0.rf_ram_i.memory\[250\]\[0\],23.62µm
i_core_v_mini_mcu.cpu_subsystem_i.cpu_1_0.rf_ram_i.memory\[440\]\[1\],23.62µm
i_core_v_mini_mcu.cpu_subsystem_i.cpu_1_0.rf_ram_i.memory\[503\]\[1\],23.62µm
i_core_v_mini_mcu.cpu_subsystem_i.cpu_1_0.rf_ram_i.memory\[506\]\[0\],23.62µm
i_core_v_mini_mcu.cpu_subsystem_i.cpu_1_0.rf_ram_i.memory\[89\]\[0\],23.62µm
i_core_v_mini_mcu.cpu_subsystem_i.cpu_1_0.rf_ram_i.memory\[95\]\[0\],23.62µm
i_core_v_mini_mcu.memory_subsystem_i.ram0_i.tc_ram_i.sram\[0\]\[25\],23.62µm
i_core_v_mini_mcu.memory_subsystem_i.ram0_i.tc_ram_i.sram\[10\]\[5\],23.62µm
i_core_v_mini_mcu.memory_subsystem_i.ram0_i.tc_ram_i.sram\[11\]\[18\],23.62µm
i_core_v_mini_mcu.memory_subsystem_i.ram0_i.tc_ram_i.sram\[15\]\[12\],23.62µm
i_core_v_mini_mcu.memory_subsystem_i.ram0_i.tc_ram_i.sram\[23\]\[22\],23.62µm
i_core_v_mini_mcu.memory_subsystem_i.ram0_i.tc_ram_i.sram\[29\]\[17\],23.62µm
i_core_v_mini_mcu.memory_subsystem_i.ram0_i.tc_ram_i.sram\[7\]\[13\],23.62µm
i_core_v_mini_mcu.memory_subsystem_i.ram0_i.tc_ram_i.sram\[9\]\[20\],23.62µm
i_core_v_mini_mcu.peripheral_subsystem_i.obi_fifo_i.obi_req_fifo_i.status_cnt_q\[1\],23.62µm
net1611,23.575µm
_00066_,23.57µm
_03767_,23.57µm
_03769_,23.57µm
_04373_,23.57µm
_05169_,23.57µm
_05519_,23.57µm
_05642_,23.57µm
_05791_,23.57µm
_06138_,23.57µm
_06901_,23.57µm
_07055_,23.57µm
_07226_,23.57µm
_07513_,23.57µm
_08053_,23.57µm
_08340_,23.57µm
_08988_,23.57µm
_09143_,23.57µm
_09625_,23.57µm
_09845_,23.57µm
_09897_,23.57µm
_10473_,23.57µm
_10604_,23.57µm
_10786_,23.57µm
_11263_,23.57µm
_11405_,23.57µm
_11475_,23.57µm
_11652_,23.57µm
_11706_,23.57µm
_12120_,23.57µm
_12376_,23.57µm
_12556_,23.57µm
_12630_,23.57µm
_12843_,23.57µm
_13037_,23.57µm
_13989_,23.57µm
_14131_,23.57µm
_14684_,23.57µm
_15684_,23.57µm
_15691_,23.57µm
_16158_,23.57µm
_16282_,23.57µm
_17660_,23.57µm
_17881_,23.57µm
_18168_,23.57µm
_18347_,23.57µm
_18529_,23.57µm
_19044_,23.57µm
_19343_,23.57µm
_19539_,23.57µm
_19632_,23.57µm
_19670_,23.57µm
_19992_,23.57µm
_21731_,23.57µm
_21974_,23.57µm
_22220_,23.57µm
_22503_,23.57µm
_23636_,23.57µm
_24104_,23.57µm
_24609_,23.57µm
_25205_,23.57µm
_25621_,23.57µm
_25626_,23.57µm
_25806_,23.57µm
_26039_,23.57µm
_26121_,23.57µm
_26264_,23.57µm
_26867_,23.57µm
_27244_,23.57µm
_27284_,23.57µm
i_core_v_mini_mcu.ao_peripheral_subsystem_i.mosaic_clint_i.mtimecmp_q\[4\],23.57µm
i_core_v_mini_mcu.ao_peripheral_subsystem_i.obi_fifo_i.consumer_data_req_q\[12\],23.57µm
i_core_v_mini_mcu.ao_peripheral_subsystem_i.obi_fifo_i.consumer_data_req_q\[46\],23.57µm
i_core_v_mini_mcu.ao_peripheral_subsystem_i.power_manager_i.power_manager_reg_top_i.global_pointer_qs\[24\],23.57µm
i_core_v_mini_mcu.ao_peripheral_subsystem_i.spi_subsystem_i.obi_spimemio_i.spimemio_i.state\[2\],23.57µm
i_core_v_mini_mcu.ao_peripheral_subsystem_i.tdu_i.cpi_est_q\[16\],23.57µm
i_core_v_mini_mcu.ao_peripheral_subsystem_i.tdu_i.task_mem\[5\]\[10\],23.57µm
i_core_v_mini_mcu.cpu_subsystem_i.cpu_0_0.i_servile.cpu.ctrl.pc_plus_4_cy_r,23.57µm
i_core_v_mini_mcu.cpu_subsystem_i.cpu_0_0.i_servile.cpu.decode.o_mem_word,23.57µm
i_core_v_mini_mcu.cpu_subsystem_i.cpu_0_0.rf_ram_i.memory\[130\]\[1\],23.57µm
i_core_v_mini_mcu.cpu_subsystem_i.cpu_0_0.rf_ram_i.memory\[191\]\[1\],23.57µm
i_core_v_mini_mcu.cpu_subsystem_i.cpu_0_0.rf_ram_i.memory\[231\]\[1\],23.57µm
i_core_v_mini_mcu.cpu_subsystem_i.cpu_0_0.rf_ram_i.memory\[454\]\[1\],23.57µm
i_core_v_mini_mcu.cpu_subsystem_i.cpu_1_0.i_servile.arbiter.i_wb_cpu_dbus_adr\[28\],23.57µm
i_core_v_mini_mcu.cpu_subsystem_i.cpu_1_0.rf_ram_i.memory\[110\]\[1\],23.57µm
i_core_v_mini_mcu.cpu_subsystem_i.cpu_1_0.rf_ram_i.memory\[182\]\[1\],23.57µm
i_core_v_mini_mcu.cpu_subsystem_i.cpu_1_0.rf_ram_i.memory\[19\]\[1\],23.57µm
i_core_v_mini_mcu.cpu_subsystem_i.cpu_1_0.rf_ram_i.memory\[203\]\[0\],23.57µm
i_core_v_mini_mcu.cpu_subsystem_i.cpu_1_0.rf_ram_i.memory\[220\]\[0\],23.57µm
i_core_v_mini_mcu.cpu_subsystem_i.cpu_1_0.rf_ram_i.memory\[25\]\[0\],23.57µm
i_core_v_mini_mcu.cpu_subsystem_i.cpu_1_0.rf_ram_i.memory\[374\]\[1\],23.57µm
i_core_v_mini_mcu.cpu_subsystem_i.cpu_1_0.rf_ram_i.memory\[416\]\[0\],23.57µm
i_core_v_mini_mcu.cpu_subsystem_i.cpu_1_0.rf_ram_i.memory\[449\]\[1\],23.57µm
i_core_v_mini_mcu.cpu_subsystem_i.cpu_1_0.rf_ram_i.memory\[452\]\[0\],23.57µm
i_core_v_mini_mcu.cpu_subsystem_i.cpu_1_0.rf_ram_i.memory\[490\]\[0\],23.57µm
i_core_v_mini_mcu.memory_subsystem_i.ram0_i.tc_ram_i.sram\[12\]\[27\],23.57µm
i_core_v_mini_mcu.memory_subsystem_i.ram0_i.tc_ram_i.sram\[21\]\[15\],23.57µm
i_core_v_mini_mcu.memory_subsystem_i.ram0_i.tc_ram_i.sram\[31\]\[23\],23.57µm
i_core_v_mini_mcu.memory_subsystem_i.ram0_i.tc_ram_i.sram\[8\]\[12\],23.57µm
i_core_v_mini_mcu.memory_subsystem_i.ram0_i.tc_ram_i.sram\[8\]\[5\],23.57µm
i_core_v_mini_mcu.peripheral_subsystem_i.uart_i.uart_core.u_uart_rxfifo.gen_normal_fifo.storage\[26\],23.57µm
_00915_,23.52µm
_01188_,23.52µm
_01456_,23.52µm
_02177_,23.52µm
_05095_,23.52µm
_05289_,23.52µm
_05492_,23.52µm
_05913_,23.52µm
_06068_,23.52µm
_06093_,23.52µm
_06676_,23.52µm
_07671_,23.52µm
_08474_,23.52µm
_09234_,23.52µm
_10282_,23.52µm
_10611_,23.52µm
_11170_,23.52µm
_12061_,23.52µm
_12148_,23.52µm
_13061_,23.52µm
_13258_,23.52µm
_13337_,23.52µm
_14133_,23.52µm
_14418_,23.52µm
_15626_,23.52µm
_15753_,23.52µm
_15969_,23.52µm
_16886_,23.52µm
_17172_,23.52µm
_17360_,23.52µm
_17802_,23.52µm
_18234_,23.52µm
_19297_,23.52µm
_19998_,23.52µm
_20954_,23.52µm
_21724_,23.52µm
_22656_,23.52µm
_22791_,23.52µm
_22893_,23.52µm
_23442_,23.52µm
_24087_,23.52µm
_24188_,23.52µm
_24435_,23.52µm
_24793_,23.52µm
_24941_,23.52µm
_24988_,23.52µm
_25805_,23.52µm
_26028_,23.52µm
_26073_,23.52µm
_27147_,23.52µm
_27421_,23.52µm
_27548_,23.52µm
_27719_,23.52µm
exit_value_int\[28\],23.52µm
i_core_v_mini_mcu.ao_peripheral_subsystem_i.spi_subsystem_i.obi_spimemio_i.spimemio_i.rd_addr\[4\],23.52µm
i_core_v_mini_mcu.ao_peripheral_subsystem_i.tdu_i.task_mem\[1\]\[15\],23.52µm
i_core_v_mini_mcu.ao_peripheral_subsystem_i.tdu_i.task_mem\[6\]\[29\],23.52µm
i_core_v_mini_mcu.cpu_subsystem_i.cpu_0_0.i_servile.o_rf_raddr\[3\],23.52µm
i_core_v_mini_mcu.cpu_subsystem_i.cpu_0_0.rf_ram_i.memory\[126\]\[1\],23.52µm
i_core_v_mini_mcu.cpu_subsystem_i.cpu_0_0.rf_ram_i.memory\[166\]\[1\],23.52µm
i_core_v_mini_mcu.cpu_subsystem_i.cpu_0_0.rf_ram_i.memory\[191\]\[0\],23.52µm
i_core_v_mini_mcu.cpu_subsystem_i.cpu_0_0.rf_ram_i.memory\[274\]\[1\],23.52µm
i_core_v_mini_mcu.cpu_subsystem_i.cpu_0_0.rf_ram_i.memory\[298\]\[0\],23.52µm
i_core_v_mini_mcu.cpu_subsystem_i.cpu_1_0.i_servile.arbiter.i_wb_cpu_ibus_adr\[10\],23.52µm
i_core_v_mini_mcu.cpu_subsystem_i.cpu_1_0.rf_ram_i.memory\[148\]\[1\],23.52µm
i_core_v_mini_mcu.cpu_subsystem_i.cpu_1_0.rf_ram_i.memory\[408\]\[1\],23.52µm
i_core_v_mini_mcu.cpu_subsystem_i.cpu_1_0.rf_ram_i.memory\[488\]\[1\],23.52µm
i_core_v_mini_mcu.memory_subsystem_i.ram0_i.tc_ram_i.sram\[1\]\[4\],23.52µm
i_core_v_mini_mcu.memory_subsystem_i.ram0_i.tc_ram_i.sram\[21\]\[27\],23.52µm
i_core_v_mini_mcu.memory_subsystem_i.ram0_i.tc_ram_i.sram\[2\]\[5\],23.52µm
i_core_v_mini_mcu.peripheral_subsystem_i.obi_fifo_i.consumer_resp_i\[14\],23.52µm
i_core_v_mini_mcu.peripheral_subsystem_i.periph_to_reg_i.r_rdata_d\[26\],23.52µm
i_core_v_mini_mcu.peripheral_subsystem_i.uart_i.uart_core.u_uart_txfifo.gen_normal_fifo.storage\[8\],23.52µm
net1677,23.52µm
net1308,23.52µm
net1648,23.49µm
net1649,23.405µm
i_core_v_mini_mcu.ao_peripheral_subsystem_i.obi_fifo_i.consumer_data_req_q\[44\],23.34µm
i_core_v_mini_mcu.cpu_subsystem_i.cpu_0_0.i_servile.cpu.ctrl.o_ibus_adr\[12\],23.26µm
_16347_,23.21µm
_14815_,23.16µm
_15814_,23.16µm
_16695_,23.16µm
_17852_,23.16µm
_08757_,23.11µm
_09724_,23.11µm
_14996_,23.11µm
_15241_,23.11µm
_17657_,23.11µm
_20394_,23.11µm
_21150_,23.11µm
i_core_v_mini_mcu.ao_peripheral_subsystem_i.power_manager_i.power_manager_reg_top_i.cpu_reset_deassert_counter_qs\[8\],23.11µm
i_core_v_mini_mcu.ao_peripheral_subsystem_i.tdu_i.cpi_est_q\[38\],23.11µm
i_core_v_mini_mcu.cpu_subsystem_i.cpu_0_0.rf_ram_i.memory\[226\]\[0\],23.11µm
i_core_v_mini_mcu.cpu_subsystem_i.cpu_0_0.rf_ram_i.memory\[428\]\[1\],23.11µm
i_core_v_mini_mcu.cpu_subsystem_i.cpu_1_0.rf_ram_i.memory\[66\]\[0\],23.11µm
i_core_v_mini_mcu.memory_subsystem_i.ram0_i.tc_ram_i.sram\[3\]\[4\],23.11µm
i_core_v_mini_mcu.memory_subsystem_i.ram0_i.tc_ram_i.sram\[8\]\[11\],23.11µm
_00065_,23.06µm
_05190_,23.06µm
_05692_,23.06µm
_08769_,23.06µm
_08779_,23.06µm
_09473_,23.06µm
_10103_,23.06µm
_10486_,23.06µm
_12617_,23.06µm
_12950_,23.06µm
_14089_,23.06µm
_14721_,23.06µm
_15873_,23.06µm
_17143_,23.06µm
_20512_,23.06µm
_21162_,23.06µm
_21721_,23.06µm
_22617_,23.06µm
_24819_,23.06µm
_25215_,23.06µm
_27705_,23.06µm
i_core_v_mini_mcu.ao_peripheral_subsystem_i.power_manager_i.power_manager_reg_top_i.intr_state_qs\[4\],23.06µm
i_core_v_mini_mcu.ao_peripheral_subsystem_i.tdu_i.task_mem\[6\]\[23\],23.06µm
i_core_v_mini_mcu.cpu_subsystem_i.cpu_0_0.rf_ram_i.memory\[105\]\[0\],23.06µm
i_core_v_mini_mcu.cpu_subsystem_i.cpu_0_0.rf_ram_i.memory\[178\]\[1\],23.06µm
i_core_v_mini_mcu.cpu_subsystem_i.cpu_0_0.rf_ram_i.memory\[240\]\[0\],23.06µm
i_core_v_mini_mcu.cpu_subsystem_i.cpu_0_0.rf_ram_i.memory\[294\]\[1\],23.06µm
i_core_v_mini_mcu.cpu_subsystem_i.cpu_0_0.rf_ram_i.memory\[450\]\[0\],23.06µm
i_core_v_mini_mcu.cpu_subsystem_i.cpu_0_0.rf_ram_i.memory\[72\]\[1\],23.06µm
i_core_v_mini_mcu.cpu_subsystem_i.cpu_1_0.rf_ram_i.memory\[106\]\[1\],23.06µm
i_core_v_mini_mcu.cpu_subsystem_i.cpu_1_0.rf_ram_i.memory\[354\]\[0\],23.06µm
i_core_v_mini_mcu.cpu_subsystem_i.cpu_1_0.rf_ram_i.memory\[403\]\[0\],23.06µm
i_core_v_mini_mcu.cpu_subsystem_i.cpu_1_0.rf_ram_i.memory\[489\]\[1\],23.06µm
i_core_v_mini_mcu.memory_subsystem_i.ram0_i.tc_ram_i.sram\[13\]\[31\],23.06µm
i_core_v_mini_mcu.memory_subsystem_i.ram0_i.tc_ram_i.sram\[18\]\[5\],23.06µm
i_core_v_mini_mcu.memory_subsystem_i.ram0_i.tc_ram_i.sram\[1\]\[27\],23.06µm
i_core_v_mini_mcu.memory_subsystem_i.ram0_i.tc_ram_i.sram\[5\]\[8\],23.06µm
i_core_v_mini_mcu.memory_subsystem_i.ram0_i.tc_ram_i.sram\[9\]\[23\],23.06µm
i_core_v_mini_mcu.peripheral_subsystem_i.uart_i.uart_core.u_uart_txfifo.gen_normal_fifo.storage\[12\],23.06µm
clknet_leaf_15_i_core_v_mini_mcu.cpu_subsystem_i.cpu_0_0.clk_i,23.06µm
_04558_,23.01µm
_05067_,23.01µm
_05505_,23.01µm
_05593_,23.01µm
_05869_,23.01µm
_06802_,23.01µm
_07081_,23.01µm
_07325_,23.01µm
_07474_,23.01µm
_07589_,23.01µm
_08706_,23.01µm
_09276_,23.01µm
_09806_,23.01µm
_09894_,23.01µm
_10020_,23.01µm
_10035_,23.01µm
_10145_,23.01µm
_10452_,23.01µm
_11233_,23.01µm
_11476_,23.01µm
_11752_,23.01µm
_11925_,23.01µm
_12775_,23.01µm
_13021_,23.01µm
_13196_,23.01µm
_13962_,23.01µm
_14126_,23.01µm
_14734_,23.01µm
_14936_,23.01µm
_14959_,23.01µm
_14963_,23.01µm
_14966_,23.01µm
_15220_,23.01µm
_15937_,23.01µm
_16278_,23.01µm
_16399_,23.01µm
_16737_,23.01µm
_16786_,23.01µm
_16799_,23.01µm
_17364_,23.01µm
_17399_,23.01µm
_17428_,23.01µm
_17704_,23.01µm
_18223_,23.01µm
_18624_,23.01µm
_20314_,23.01µm
_20607_,23.01µm
_20848_,23.01µm
_21067_,23.01µm
_21069_,23.01µm
_21725_,23.01µm
_21813_,23.01µm
_21820_,23.01µm
_22021_,23.01µm
_22052_,23.01µm
_22739_,23.01µm
_23410_,23.01µm
_23532_,23.01µm
_23669_,23.01µm
_23683_,23.01µm
_23796_,23.01µm
_23847_,23.01µm
_24343_,23.01µm
_24686_,23.01µm
_24901_,23.01µm
_25370_,23.01µm
_27316_,23.01µm
exit_value_int\[24\],23.01µm
i_core_v_mini_mcu.ao_peripheral_subsystem_i.mosaic_clint_i.mtimecmp_q\[47\],23.01µm
i_core_v_mini_mcu.ao_peripheral_subsystem_i.power_manager_i.power_manager_reg_top_i.global_pointer_qs\[4\],23.01µm
i_core_v_mini_mcu.ao_peripheral_subsystem_i.power_manager_i.power_manager_reg_top_i.intr_state_qs\[9\],23.01µm
i_core_v_mini_mcu.ao_peripheral_subsystem_i.soc_ctrl_i.soc_ctrl_reg_top_i.system_frequency_hz_qs\[6\],23.01µm
i_core_v_mini_mcu.ao_peripheral_subsystem_i.spi_subsystem_i.obi_spimemio_i.obi_to_picorv32_i.addr_buf\[4\],23.01µm
i_core_v_mini_mcu.ao_peripheral_subsystem_i.spi_subsystem_i.obi_spimemio_i.obi_to_picorv32_i.picorv32_resp_i\[10\],23.01µm
i_core_v_mini_mcu.ao_peripheral_subsystem_i.tdu_i.task_mem\[1\]\[28\],23.01µm
i_core_v_mini_mcu.ao_peripheral_subsystem_i.tdu_i.task_mem\[2\]\[25\],23.01µm
i_core_v_mini_mcu.ao_peripheral_subsystem_i.tdu_i.task_mem\[5\]\[15\],23.01µm
i_core_v_mini_mcu.ao_peripheral_subsystem_i.tdu_i.task_mem\[5\]\[28\],23.01µm
i_core_v_mini_mcu.cpu_subsystem_i.cpu_0_0.i_servile.cpu.bufreg.i_clr_lsb,23.01µm
i_core_v_mini_mcu.cpu_subsystem_i.cpu_0_0.rf_ram_i.memory\[201\]\[1\],23.01µm
i_core_v_mini_mcu.cpu_subsystem_i.cpu_0_0.rf_ram_i.memory\[245\]\[1\],23.01µm
i_core_v_mini_mcu.cpu_subsystem_i.cpu_0_0.rf_ram_i.memory\[287\]\[1\],23.01µm
i_core_v_mini_mcu.cpu_subsystem_i.cpu_0_0.rf_ram_i.memory\[304\]\[1\],23.01µm
i_core_v_mini_mcu.cpu_subsystem_i.cpu_0_0.rf_ram_i.memory\[33\]\[1\],23.01µm
i_core_v_mini_mcu.cpu_subsystem_i.cpu_0_0.rf_ram_i.memory\[537\]\[0\],23.01µm
i_core_v_mini_mcu.cpu_subsystem_i.cpu_0_0.rf_ram_i.memory\[570\]\[1\],23.01µm
i_core_v_mini_mcu.cpu_subsystem_i.cpu_1_0.rf_ram_i.memory\[204\]\[0\],23.01µm
i_core_v_mini_mcu.cpu_subsystem_i.cpu_1_0.rf_ram_i.memory\[222\]\[0\],23.01µm
i_core_v_mini_mcu.cpu_subsystem_i.cpu_1_0.rf_ram_i.memory\[303\]\[1\],23.01µm
i_core_v_mini_mcu.cpu_subsystem_i.cpu_1_0.rf_ram_i.memory\[369\]\[0\],23.01µm
i_core_v_mini_mcu.cpu_subsystem_i.cpu_1_0.rf_ram_i.memory\[507\]\[1\],23.01µm
i_core_v_mini_mcu.cpu_subsystem_i.cpu_1_0.rf_ram_i.memory\[72\]\[0\],23.01µm
i_core_v_mini_mcu.memory_subsystem_i.ram0_i.tc_ram_i.sram\[21\]\[0\],23.01µm
i_core_v_mini_mcu.memory_subsystem_i.ram0_i.tc_ram_i.sram\[2\]\[11\],23.01µm
i_core_v_mini_mcu.memory_subsystem_i.ram0_i.tc_ram_i.sram\[3\]\[18\],23.01µm
i_core_v_mini_mcu.memory_subsystem_i.ram0_i.tc_ram_i.sram\[6\]\[25\],23.01µm
i_core_v_mini_mcu.peripheral_subsystem_i.obi_fifo_i.consumer_data_req_q\[1\],23.01µm
i_core_v_mini_mcu.peripheral_subsystem_i.uart_i.uart_core.u_uart_txfifo.gen_normal_fifo.storage\[5\],23.01µm
_01412_,22.96µm
_02785_,22.96µm
_04091_,22.96µm
_04939_,22.96µm
_05196_,22.96µm
_06097_,22.96µm
_07183_,22.96µm
_07356_,22.96µm
_07708_,22.96µm
_07753_,22.96µm
_08006_,22.96µm
_08264_,22.96µm
_08626_,22.96µm
_08879_,22.96µm
_08906_,22.96µm
_09423_,22.96µm
_10043_,22.96µm
_10149_,22.96µm
_10402_,22.96µm
_10822_,22.96µm
_10861_,22.96µm
_11322_,22.96µm
_11546_,22.96µm
_11919_,22.96µm
_11990_,22.96µm
_13134_,22.96µm
_13148_,22.96µm
_13506_,22.96µm
_13570_,22.96µm
_13628_,22.96µm
_13991_,22.96µm
_15454_,22.96µm
_15713_,22.96µm
_16497_,22.96µm
_17184_,22.96µm
_19215_,22.96µm
_19694_,22.96µm
_19782_,22.96µm
_20312_,22.96µm
_20573_,22.96µm
_21086_,22.96µm
_23110_,22.96µm
_23717_,22.96µm
_24097_,22.96µm
_24339_,22.96µm
_24437_,22.96µm
_24484_,22.96µm
_24493_,22.96µm
_25086_,22.96µm
_25535_,22.96µm
_25887_,22.96µm
_25974_,22.96µm
_26241_,22.96µm
_27091_,22.96µm
_27231_,22.96µm
_27352_,22.96µm
_27387_,22.96µm
_27430_,22.96µm
_27696_,22.96µm
i_core_v_mini_mcu.ao_peripheral_subsystem_i.tdu_i.task_mem\[0\]\[16\],22.96µm
i_core_v_mini_mcu.ao_peripheral_subsystem_i.tdu_i.task_mem\[1\]\[30\],22.96µm
i_core_v_mini_mcu.ao_peripheral_subsystem_i.tdu_i.task_mem\[7\]\[1\],22.96µm
i_core_v_mini_mcu.ao_peripheral_subsystem_i.tdu_i.task_mem\[7\]\[31\],22.96µm
i_core_v_mini_mcu.cpu_subsystem_i.cpu_0_0.rf_ram_i.memory\[22\]\[0\],22.96µm
i_core_v_mini_mcu.cpu_subsystem_i.cpu_0_0.rf_ram_i.memory\[428\]\[0\],22.96µm
i_core_v_mini_mcu.cpu_subsystem_i.cpu_0_0.rf_ram_i.memory\[557\]\[0\],22.96µm
i_core_v_mini_mcu.cpu_subsystem_i.cpu_1_0.rf_ram_i.memory\[301\]\[0\],22.96µm
i_core_v_mini_mcu.memory_subsystem_i.ram0_i.tc_ram_i.sram\[11\]\[31\],22.96µm
i_core_v_mini_mcu.memory_subsystem_i.ram0_i.tc_ram_i.sram\[3\]\[29\],22.96µm
i_core_v_mini_mcu.memory_subsystem_i.ram0_i.tc_ram_i.sram\[3\]\[8\],22.96µm
net1683,22.92µm
net1687,22.81µm
i_core_v_mini_mcu.cpu_subsystem_i.cpu_1_0.rf_ram_i.memory\[19\]\[0\],22.68µm
_16326_,22.65µm
_14267_,22.6µm
_14560_,22.6µm
_21883_,22.6µm
i_core_v_mini_mcu.ao_peripheral_subsystem_i.mosaic_clint_i.mtimecmp_q\[90\],22.6µm
net1641,22.6µm
_05404_,22.55µm
_06654_,22.55µm
_09464_,22.55µm
_12109_,22.55µm
_16551_,22.55µm
_17165_,22.55µm
_17695_,22.55µm
_19906_,22.55µm
_21342_,22.55µm
_21490_,22.55µm
_22608_,22.55µm
_25197_,22.55µm
_26679_,22.55µm
i_core_v_mini_mcu.ao_peripheral_subsystem_i.power_manager_i.power_manager_reg_top_i.cpu_switch_on_counter_qs\[8\],22.55µm
i_core_v_mini_mcu.ao_peripheral_subsystem_i.power_manager_i.power_manager_sequence_ram_0_switch_i.sequence_curr_state\[2\],22.55µm
i_core_v_mini_mcu.peripheral_subsystem_i.uart_i.hw2reg\[9\],22.55µm
net1715,22.55µm
_05824_,22.5µm
_06713_,22.5µm
_08795_,22.5µm
_08868_,22.5µm
_08975_,22.5µm
_09293_,22.5µm
_09488_,22.5µm
_09604_,22.5µm
_09880_,22.5µm
_09984_,22.5µm
_10352_,22.5µm
_10370_,22.5µm
_11242_,22.5µm
_12064_,22.5µm
_12774_,22.5µm
_13243_,22.5µm
_13778_,22.5µm
_14812_,22.5µm
_15182_,22.5µm
_15576_,22.5µm
_16288_,22.5µm
_16405_,22.5µm
_16761_,22.5µm
_19787_,22.5µm
_22178_,22.5µm
_22673_,22.5µm
_22838_,22.5µm
_25765_,22.5µm
_27267_,22.5µm
i_core_v_mini_mcu.ao_peripheral_subsystem_i.obi_fifo_i.consumer_data_req\[47\],22.5µm
i_core_v_mini_mcu.ao_peripheral_subsystem_i.obi_fifo_i.consumer_data_req\[57\],22.5µm
i_core_v_mini_mcu.ao_peripheral_subsystem_i.obi_fifo_i.consumer_data_req\[68\],22.5µm
i_core_v_mini_mcu.ao_peripheral_subsystem_i.obi_fifo_i.obi_req_fifo_i.status_cnt_q\[0\],22.5µm
i_core_v_mini_mcu.ao_peripheral_subsystem_i.soc_ctrl_i.reg2hw\[11\],22.5µm
i_core_v_mini_mcu.ao_peripheral_subsystem_i.tdu_i.task_mem\[1\]\[4\],22.5µm
i_core_v_mini_mcu.ao_peripheral_subsystem_i.tdu_i.task_mem\[7\]\[6\],22.5µm
i_core_v_mini_mcu.cpu_subsystem_i.cpu_0_0.rf_ram_i.memory\[190\]\[0\],22.5µm
i_core_v_mini_mcu.cpu_subsystem_i.cpu_0_0.rf_ram_i.memory\[241\]\[0\],22.5µm
i_core_v_mini_mcu.cpu_subsystem_i.cpu_0_0.rf_ram_i.memory\[251\]\[1\],22.5µm
i_core_v_mini_mcu.cpu_subsystem_i.cpu_0_0.rf_ram_i.memory\[364\]\[0\],22.5µm
i_core_v_mini_mcu.cpu_subsystem_i.cpu_0_0.rf_ram_i.memory\[504\]\[1\],22.5µm
i_core_v_mini_mcu.cpu_subsystem_i.cpu_0_0.rf_ram_i.memory\[508\]\[1\],22.5µm
i_core_v_mini_mcu.cpu_subsystem_i.cpu_0_0.rf_ram_i.memory\[97\]\[1\],22.5µm
i_core_v_mini_mcu.cpu_subsystem_i.cpu_1_0.rf_ram_i.memory\[118\]\[1\],22.5µm
i_core_v_mini_mcu.memory_subsystem_i.ram0_i.tc_ram_i.sram\[16\]\[25\],22.5µm
_01537_,22.45µm
_01848_,22.45µm
_02370_,22.45µm
_02386_,22.45µm
_02647_,22.45µm
_04916_,22.45µm
_05771_,22.45µm
_06327_,22.45µm
_07162_,22.45µm
_07676_,22.45µm
_08259_,22.45µm
_08307_,22.45µm
_08807_,22.45µm
_10245_,22.45µm
_10771_,22.45µm
_11232_,22.45µm
_11412_,22.45µm
_11459_,22.45µm
_11495_,22.45µm
_11582_,22.45µm
_11857_,22.45µm
_12752_,22.45µm
_12830_,22.45µm
_12832_,22.45µm
_12851_,22.45µm
_12884_,22.45µm
_12955_,22.45µm
_13532_,22.45µm
_14123_,22.45µm
_14873_,22.45µm
_15551_,22.45µm
_17196_,22.45µm
_18008_,22.45µm
_18348_,22.45µm
_18402_,22.45µm
_18630_,22.45µm
_18796_,22.45µm
_18920_,22.45µm
_19057_,22.45µm
_20012_,22.45µm
_20260_,22.45µm
_20521_,22.45µm
_20565_,22.45µm
_20728_,22.45µm
_20908_,22.45µm
_20925_,22.45µm
_21204_,22.45µm
_21219_,22.45µm
_21420_,22.45µm
_21628_,22.45µm
_22700_,22.45µm
_23139_,22.45µm
_24454_,22.45µm
_24488_,22.45µm
_25516_,22.45µm
_26040_,22.45µm
_26094_,22.45µm
_26294_,22.45µm
_26347_,22.45µm
_26671_,22.45µm
_26891_,22.45µm
_27200_,22.45µm
i_core_v_mini_mcu.ao_peripheral_subsystem_i.mosaic_clint_i.mtimecmp_q\[39\],22.45µm
i_core_v_mini_mcu.ao_peripheral_subsystem_i.obi_fifo_i.consumer_data_req_q\[67\],22.45µm
i_core_v_mini_mcu.ao_peripheral_subsystem_i.power_manager_i.power_manager_reg_top_i.cpu_switch_on_counter_qs\[10\],22.45µm
i_core_v_mini_mcu.ao_peripheral_subsystem_i.soc_ctrl_i.reg2hw\[3\],22.45µm
i_core_v_mini_mcu.ao_peripheral_subsystem_i.soc_ctrl_i.soc_ctrl_reg_top_i.system_frequency_hz_qs\[17\],22.45µm
i_core_v_mini_mcu.ao_peripheral_subsystem_i.tdu_i.cpi_est_q\[11\],22.45µm
i_core_v_mini_mcu.ao_peripheral_subsystem_i.tdu_i.cpi_est_q\[60\],22.45µm
i_core_v_mini_mcu.ao_peripheral_subsystem_i.tdu_i.task_mem\[1\]\[22\],22.45µm
i_core_v_mini_mcu.ao_peripheral_subsystem_i.tdu_i.task_mem\[2\]\[10\],22.45µm
i_core_v_mini_mcu.cpu_subsystem_i.cpu_0_0.rf_ram_i.memory\[139\]\[0\],22.45µm
i_core_v_mini_mcu.cpu_subsystem_i.cpu_0_0.rf_ram_i.memory\[225\]\[0\],22.45µm
i_core_v_mini_mcu.cpu_subsystem_i.cpu_0_0.rf_ram_i.memory\[294\]\[0\],22.45µm
i_core_v_mini_mcu.cpu_subsystem_i.cpu_0_0.rf_ram_i.memory\[309\]\[0\],22.45µm
i_core_v_mini_mcu.cpu_subsystem_i.cpu_0_0.rf_ram_i.memory\[339\]\[0\],22.45µm
i_core_v_mini_mcu.cpu_subsystem_i.cpu_0_0.rf_ram_i.memory\[368\]\[0\],22.45µm
i_core_v_mini_mcu.cpu_subsystem_i.cpu_0_0.rf_ram_i.memory\[374\]\[0\],22.45µm
i_core_v_mini_mcu.cpu_subsystem_i.cpu_0_0.rf_ram_i.memory\[489\]\[0\],22.45µm
i_core_v_mini_mcu.cpu_subsystem_i.cpu_0_0.rf_ram_i.memory\[490\]\[0\],22.45µm
i_core_v_mini_mcu.cpu_subsystem_i.cpu_0_0.rf_ram_i.memory\[91\]\[1\],22.45µm
i_core_v_mini_mcu.cpu_subsystem_i.cpu_1_0.rf_ram_i.memory\[108\]\[1\],22.45µm
i_core_v_mini_mcu.cpu_subsystem_i.cpu_1_0.rf_ram_i.memory\[131\]\[1\],22.45µm
i_core_v_mini_mcu.cpu_subsystem_i.cpu_1_0.rf_ram_i.memory\[220\]\[1\],22.45µm
i_core_v_mini_mcu.cpu_subsystem_i.cpu_1_0.rf_ram_i.memory\[251\]\[0\],22.45µm
i_core_v_mini_mcu.cpu_subsystem_i.cpu_1_0.rf_ram_i.memory\[35\]\[0\],22.45µm
i_core_v_mini_mcu.memory_subsystem_i.ram0_i.tc_ram_i.sram\[12\]\[6\],22.45µm
i_core_v_mini_mcu.memory_subsystem_i.ram0_i.tc_ram_i.sram\[17\]\[16\],22.45µm
i_core_v_mini_mcu.memory_subsystem_i.ram0_i.tc_ram_i.sram\[19\]\[26\],22.45µm
i_core_v_mini_mcu.memory_subsystem_i.ram0_i.tc_ram_i.sram\[19\]\[9\],22.45µm
i_core_v_mini_mcu.memory_subsystem_i.ram0_i.tc_ram_i.sram\[21\]\[4\],22.45µm
i_core_v_mini_mcu.memory_subsystem_i.ram0_i.tc_ram_i.sram\[26\]\[14\],22.45µm
i_core_v_mini_mcu.memory_subsystem_i.ram0_i.tc_ram_i.sram\[27\]\[29\],22.45µm
i_core_v_mini_mcu.memory_subsystem_i.ram0_i.tc_ram_i.sram\[29\]\[21\],22.45µm
i_core_v_mini_mcu.memory_subsystem_i.ram0_i.tc_ram_i.sram\[9\]\[13\],22.45µm
i_core_v_mini_mcu.peripheral_subsystem_i.periph_to_reg_i.r_rdata_d\[24\],22.45µm
i_core_v_mini_mcu.peripheral_subsystem_i.uart_i.uart_core.uart_tx.sreg_q\[8\],22.45µm
_00031_,22.4µm
_00155_,22.4µm
_00889_,22.4µm
_01542_,22.4µm
_01609_,22.4µm
_01862_,22.4µm
_02388_,22.4µm
_03245_,22.4µm
_05266_,22.4µm
_05681_,22.4µm
_05961_,22.4µm
_06272_,22.4µm
_06291_,22.4µm
_06708_,22.4µm
_07131_,22.4µm
_07302_,22.4µm
_07419_,22.4µm
_07552_,22.4µm
_07723_,22.4µm
_07952_,22.4µm
_08100_,22.4µm
_08332_,22.4µm
_08382_,22.4µm
_09324_,22.4µm
_09497_,22.4µm
_10293_,22.4µm
_10303_,22.4µm
_10424_,22.4µm
_11174_,22.4µm
_11401_,22.4µm
_11503_,22.4µm
_11893_,22.4µm
_12200_,22.4µm
_12572_,22.4µm
_12872_,22.4µm
_13224_,22.4µm
_13398_,22.4µm
_13495_,22.4µm
_13499_,22.4µm
_13500_,22.4µm
_13767_,22.4µm
_14718_,22.4µm
_14973_,22.4µm
_15394_,22.4µm
_15586_,22.4µm
_15978_,22.4µm
_17609_,22.4µm
_17831_,22.4µm
_17872_,22.4µm
_18289_,22.4µm
_18313_,22.4µm
_18324_,22.4µm
_18441_,22.4µm
_18478_,22.4µm
_19618_,22.4µm
_19659_,22.4µm
_19990_,22.4µm
_20116_,22.4µm
_21120_,22.4µm
_21782_,22.4µm
_22174_,22.4µm
_22709_,22.4µm
_23289_,22.4µm
_24218_,22.4µm
_24893_,22.4µm
_26695_,22.4µm
_26714_,22.4µm
_27152_,22.4µm
_27345_,22.4µm
_27502_,22.4µm
i_core_v_mini_mcu.ao_peripheral_subsystem_i.clint_mtime_o\[1\],22.4µm
i_core_v_mini_mcu.ao_peripheral_subsystem_i.obi_fifo_i.consumer_resp_i\[10\],22.4µm
i_core_v_mini_mcu.ao_peripheral_subsystem_i.power_manager_i.power_manager_counter_sequence_cpu_switch_i.sequence_curr_state\[3\],22.4µm
i_core_v_mini_mcu.ao_peripheral_subsystem_i.power_manager_i.power_manager_reg_top_i.monitor_power_gate_periph_qs\[1\],22.4µm
i_core_v_mini_mcu.ao_peripheral_subsystem_i.power_manager_i.power_manager_reg_top_i.reg2hw\[220\],22.4µm
i_core_v_mini_mcu.ao_peripheral_subsystem_i.power_manager_i.reg_to_counter_cpu_powergate_iso_off_i.counter_curr_state\[0\],22.4µm
i_core_v_mini_mcu.ao_peripheral_subsystem_i.soc_ctrl_i.reg2hw\[18\],22.4µm
i_core_v_mini_mcu.ao_peripheral_subsystem_i.spi_subsystem_i.obi_spimemio_i.spimemio_i.rd_addr\[16\],22.4µm
i_core_v_mini_mcu.ao_peripheral_subsystem_i.spi_subsystem_i.obi_spimemio_i.spimemio_i.rd_addr\[17\],22.4µm
i_core_v_mini_mcu.ao_peripheral_subsystem_i.spi_subsystem_i.obi_spimemio_i.spimemio_i.state\[0\],22.4µm
i_core_v_mini_mcu.ao_peripheral_subsystem_i.tdu_i.task_mem\[5\]\[8\],22.4µm
i_core_v_mini_mcu.cpu_subsystem_i.cpu_0_0.rf_ram_i.memory\[198\]\[1\],22.4µm
i_core_v_mini_mcu.cpu_subsystem_i.cpu_0_0.rf_ram_i.memory\[356\]\[0\],22.4µm
i_core_v_mini_mcu.cpu_subsystem_i.cpu_0_0.rf_ram_i.memory\[48\]\[0\],22.4µm
i_core_v_mini_mcu.cpu_subsystem_i.cpu_1_0.i_servile.cpu.decode.o_immdec_ctrl\[0\],22.4µm
i_core_v_mini_mcu.cpu_subsystem_i.cpu_1_0.i_servile.cpu.immdec.gen_immdec_w_eq_1.imm30_25\[5\],22.4µm
i_core_v_mini_mcu.cpu_subsystem_i.cpu_1_0.rf_ram_i.memory\[6\]\[0\],22.4µm
i_core_v_mini_mcu.memory_subsystem_i.ram0_i.tc_ram_i.sram\[13\]\[30\],22.4µm
i_core_v_mini_mcu.memory_subsystem_i.ram0_i.tc_ram_i.sram\[19\]\[10\],22.4µm
i_core_v_mini_mcu.memory_subsystem_i.ram0_i.tc_ram_i.sram\[23\]\[26\],22.4µm
i_core_v_mini_mcu.memory_subsystem_i.ram0_i.tc_ram_i.sram\[31\]\[8\],22.4µm
i_core_v_mini_mcu.memory_subsystem_i.ram0_i.tc_ram_i.sram\[8\]\[3\],22.4µm
i_core_v_mini_mcu.peripheral_subsystem_i.obi_fifo_i.consumer_resp_i\[0\],22.4µm
net1616,22.31µm
net1704,22.26µm
i_core_v_mini_mcu.cpu_subsystem_i.cpu_1_0.rf_ram_i.memory\[4\]\[1\],22.17µm
i_core_v_mini_mcu.memory_subsystem_i.ram0_i.tc_ram_i.sram\[15\]\[14\],22.17µm
_16584_,22.14µm
_12658_,22.12µm
i_core_v_mini_mcu.memory_subsystem_i.ram0_i.tc_ram_i.sram\[2\]\[17\],22.12µm
_16444_,22.04µm
_16447_,22.04µm
_16701_,22.04µm
_27687_,22.04µm
_13855_,21.99µm
_14785_,21.99µm
_15559_,21.99µm
_19710_,21.99µm
_23676_,21.99µm
_25029_,21.99µm
i_core_v_mini_mcu.cpu_subsystem_i.cpu_0_0.rf_ram_i.memory\[246\]\[1\],21.99µm
i_core_v_mini_mcu.cpu_subsystem_i.cpu_1_0.i_servile.cpu.immdec.gen_immdec_w_eq_1.imm19_12_20\[0\],21.99µm
i_core_v_mini_mcu.cpu_subsystem_i.cpu_1_0.rf_ram_i.memory\[154\]\[0\],21.99µm
i_core_v_mini_mcu.cpu_subsystem_i.cpu_1_0.rf_ram_i.memory\[455\]\[1\],21.99µm
i_core_v_mini_mcu.peripheral_slave_resp\[16\],21.99µm
_00058_,21.94µm
_00957_,21.94µm
_05512_,21.94µm
_06276_,21.94µm
_06703_,21.94µm
_07043_,21.94µm
_07275_,21.94µm
_07355_,21.94µm
_09246_,21.94µm
_09847_,21.94µm
_10262_,21.94µm
_11388_,21.94µm
_11929_,21.94µm
_13593_,21.94µm
_14161_,21.94µm
_15256_,21.94µm
_17058_,21.94µm
_18806_,21.94µm
_21665_,21.94µm
_21895_,21.94µm
_22067_,21.94µm
_22078_,21.94µm
_23144_,21.94µm
_27455_,21.94µm
i_core_v_mini_mcu.ao_peripheral_subsystem_i.clint_mtime_o\[62\],21.94µm
i_core_v_mini_mcu.ao_peripheral_subsystem_i.mosaic_clint_i.mtimecmp_q\[20\],21.94µm
i_core_v_mini_mcu.ao_peripheral_subsystem_i.power_manager_i.power_manager_counter_sequence_cpu_iso_i.sequence_curr_state\[6\],21.94µm
i_core_v_mini_mcu.ao_peripheral_subsystem_i.power_manager_i.power_manager_sequence_periph_switch_i.sequence_curr_state\[1\],21.94µm
i_core_v_mini_mcu.ao_peripheral_subsystem_i.spi_subsystem_i.obi_spimemio_i.obi_to_picorv32_i.addr_buf\[11\],21.94µm
i_core_v_mini_mcu.ao_peripheral_subsystem_i.tdu_i.cpi_est_q\[14\],21.94µm
i_core_v_mini_mcu.ao_peripheral_subsystem_i.tdu_i.task_mem\[1\]\[26\],21.94µm
i_core_v_mini_mcu.ao_peripheral_subsystem_i.tdu_i.task_mem\[3\]\[4\],21.94µm
i_core_v_mini_mcu.ao_peripheral_subsystem_i.tdu_i.task_mem\[5\]\[13\],21.94µm
i_core_v_mini_mcu.cpu_subsystem_i.cpu_0_0.i_servile.cpu.ctrl.o_ibus_adr\[28\],21.94µm
i_core_v_mini_mcu.cpu_subsystem_i.cpu_0_0.rf_ram_i.memory\[134\]\[0\],21.94µm
i_core_v_mini_mcu.cpu_subsystem_i.cpu_0_0.rf_ram_i.memory\[189\]\[1\],21.94µm
i_core_v_mini_mcu.cpu_subsystem_i.cpu_0_0.rf_ram_i.memory\[196\]\[1\],21.94µm
i_core_v_mini_mcu.cpu_subsystem_i.cpu_0_0.rf_ram_i.memory\[305\]\[1\],21.94µm
i_core_v_mini_mcu.cpu_subsystem_i.cpu_0_0.rf_ram_i.memory\[371\]\[1\],21.94µm
i_core_v_mini_mcu.cpu_subsystem_i.cpu_0_0.rf_ram_i.memory\[37\]\[0\],21.94µm
i_core_v_mini_mcu.cpu_subsystem_i.cpu_0_0.rf_ram_i.memory\[3\]\[0\],21.94µm
i_core_v_mini_mcu.cpu_subsystem_i.cpu_0_0.rf_ram_i.memory\[406\]\[1\],21.94µm
i_core_v_mini_mcu.cpu_subsystem_i.cpu_0_0.rf_ram_i.memory\[448\]\[1\],21.94µm
i_core_v_mini_mcu.cpu_subsystem_i.cpu_1_0.i_servile.arbiter.i_wb_cpu_ibus_adr\[18\],21.94µm
i_core_v_mini_mcu.cpu_subsystem_i.cpu_1_0.rf_ram_i.memory\[153\]\[1\],21.94µm
i_core_v_mini_mcu.cpu_subsystem_i.cpu_1_0.rf_ram_i.memory\[168\]\[0\],21.94µm
i_core_v_mini_mcu.cpu_subsystem_i.cpu_1_0.rf_ram_i.memory\[168\]\[1\],21.94µm
i_core_v_mini_mcu.cpu_subsystem_i.cpu_1_0.rf_ram_i.memory\[255\]\[1\],21.94µm
i_core_v_mini_mcu.cpu_subsystem_i.cpu_1_0.rf_ram_i.memory\[283\]\[1\],21.94µm
i_core_v_mini_mcu.cpu_subsystem_i.cpu_1_0.rf_ram_i.memory\[413\]\[1\],21.94µm
i_core_v_mini_mcu.cpu_subsystem_i.cpu_1_0.rf_ram_i.memory\[422\]\[0\],21.94µm
i_core_v_mini_mcu.cpu_subsystem_i.cpu_1_0.rf_ram_i.memory\[75\]\[1\],21.94µm
i_core_v_mini_mcu.memory_subsystem_i.ram0_i.tc_ram_i.sram\[30\]\[10\],21.94µm
i_core_v_mini_mcu.memory_subsystem_i.ram0_i.tc_ram_i.sram\[3\]\[24\],21.94µm
i_core_v_mini_mcu.memory_subsystem_i.ram0_i.tc_ram_i.sram\[6\]\[9\],21.94µm
i_core_v_mini_mcu.peripheral_subsystem_i.uart_i.uart_core.uart_rx.bit_cnt_q\[1\],21.94µm
net1716,21.93µm
_00846_,21.89µm
_04127_,21.89µm
_04623_,21.89µm
_04874_,21.89µm
_05179_,21.89µm
_05582_,21.89µm
_05591_,21.89µm
_05761_,21.89µm
_06341_,21.89µm
_06460_,21.89µm
_06475_,21.89µm
_06620_,21.89µm
_07062_,21.89µm
_07394_,21.89µm
_07409_,21.89µm
_07514_,21.89µm
_08570_,21.89µm
_09235_,21.89µm
_09506_,21.89µm
_09797_,21.89µm
_09920_,21.89µm
_10023_,21.89µm
_11153_,21.89µm
_11308_,21.89µm
_11409_,21.89µm
_11538_,21.89µm
_12060_,21.89µm
_12657_,21.89µm
_12715_,21.89µm
_12771_,21.89µm
_12985_,21.89µm
_13334_,21.89µm
_13625_,21.89µm
_13654_,21.89µm
_13909_,21.89µm
_14127_,21.89µm
_14896_,21.89µm
_14934_,21.89µm
_15081_,21.89µm
_15276_,21.89µm
_15913_,21.89µm
_16012_,21.89µm
_16087_,21.89µm
_16535_,21.89µm
_16654_,21.89µm
_17123_,21.89µm
_17711_,21.89µm
_18193_,21.89µm
_18422_,21.89µm
_18847_,21.89µm
_19298_,21.89µm
_19958_,21.89µm
_20160_,21.89µm
_20185_,21.89µm
_20362_,21.89µm
_20452_,21.89µm
_20770_,21.89µm
_20797_,21.89µm
_21529_,21.89µm
_21620_,21.89µm
_21832_,21.89µm
_22497_,21.89µm
_22784_,21.89µm
_22913_,21.89µm
_23251_,21.89µm
_23523_,21.89µm
_23689_,21.89µm
_24061_,21.89µm
_25219_,21.89µm
_25349_,21.89µm
_25620_,21.89µm
_25840_,21.89µm
_26911_,21.89µm
_26959_,21.89µm
_27004_,21.89µm
_27174_,21.89µm
_27175_,21.89µm
_27445_,21.89µm
_27591_,21.89µm
_27615_,21.89µm
i_core_v_mini_mcu.ao_peripheral_subsystem_i.mosaic_clint_i.mtimecmp_q\[23\],21.89µm
i_core_v_mini_mcu.ao_peripheral_subsystem_i.obi_fifo_i.consumer_data_req\[60\],21.89µm
i_core_v_mini_mcu.ao_peripheral_subsystem_i.power_manager_i.power_manager_reg_top_i.cpu_reset_assert_counter_qs\[10\],21.89µm
i_core_v_mini_mcu.ao_peripheral_subsystem_i.power_manager_i.power_manager_reg_top_i.global_pointer_qs\[16\],21.89µm
i_core_v_mini_mcu.ao_peripheral_subsystem_i.power_manager_i.power_manager_reg_top_i.intr_state_qs\[19\],21.89µm
i_core_v_mini_mcu.ao_peripheral_subsystem_i.power_manager_i.power_manager_reg_top_i.reg2hw\[246\],21.89µm
i_core_v_mini_mcu.ao_peripheral_subsystem_i.spi_subsystem_i.obi_spimemio_i.spimemio_i.xfer.flash_io2_do,21.89µm
i_core_v_mini_mcu.ao_peripheral_subsystem_i.tdu_i.task_mem\[0\]\[19\],21.89µm
i_core_v_mini_mcu.ao_peripheral_subsystem_i.tdu_i.task_mem\[3\]\[30\],21.89µm
i_core_v_mini_mcu.cpu_subsystem_i.cpu_0_0.i_servile.cpu.immdec.gen_immdec_w_eq_1.imm19_12_20\[2\],21.89µm
i_core_v_mini_mcu.cpu_subsystem_i.cpu_0_0.i_servile.cpu.state.gen_csr.misalign_trap_sync_r,21.89µm
i_core_v_mini_mcu.cpu_subsystem_i.cpu_0_0.rf_ram_i.memory\[104\]\[0\],21.89µm
i_core_v_mini_mcu.cpu_subsystem_i.cpu_0_0.rf_ram_i.memory\[11\]\[0\],21.89µm
i_core_v_mini_mcu.cpu_subsystem_i.cpu_0_0.rf_ram_i.memory\[125\]\[1\],21.89µm
i_core_v_mini_mcu.cpu_subsystem_i.cpu_0_0.rf_ram_i.memory\[18\]\[1\],21.89µm
i_core_v_mini_mcu.cpu_subsystem_i.cpu_0_0.rf_ram_i.memory\[208\]\[1\],21.89µm
i_core_v_mini_mcu.cpu_subsystem_i.cpu_0_0.rf_ram_i.memory\[220\]\[0\],21.89µm
i_core_v_mini_mcu.cpu_subsystem_i.cpu_0_0.rf_ram_i.memory\[224\]\[0\],21.89µm
i_core_v_mini_mcu.cpu_subsystem_i.cpu_0_0.rf_ram_i.memory\[277\]\[0\],21.89µm
i_core_v_mini_mcu.cpu_subsystem_i.cpu_0_0.rf_ram_i.memory\[413\]\[1\],21.89µm
i_core_v_mini_mcu.cpu_subsystem_i.cpu_0_0.rf_ram_i.memory\[434\]\[0\],21.89µm
i_core_v_mini_mcu.cpu_subsystem_i.cpu_0_0.rf_ram_i.memory\[447\]\[0\],21.89µm
i_core_v_mini_mcu.cpu_subsystem_i.cpu_0_0.rf_ram_i.memory\[518\]\[0\],21.89µm
i_core_v_mini_mcu.cpu_subsystem_i.cpu_0_0.rf_ram_i.memory\[527\]\[0\],21.89µm
i_core_v_mini_mcu.cpu_subsystem_i.cpu_1_0.rf_ram_i.memory\[101\]\[1\],21.89µm
i_core_v_mini_mcu.cpu_subsystem_i.cpu_1_0.rf_ram_i.memory\[176\]\[0\],21.89µm
i_core_v_mini_mcu.cpu_subsystem_i.cpu_1_0.rf_ram_i.memory\[243\]\[0\],21.89µm
i_core_v_mini_mcu.cpu_subsystem_i.cpu_1_0.rf_ram_i.memory\[254\]\[0\],21.89µm
i_core_v_mini_mcu.cpu_subsystem_i.cpu_1_0.rf_ram_i.memory\[264\]\[1\],21.89µm
i_core_v_mini_mcu.cpu_subsystem_i.cpu_1_0.rf_ram_i.memory\[448\]\[1\],21.89µm
i_core_v_mini_mcu.cpu_subsystem_i.cpu_1_0.rf_ram_i.memory\[482\]\[0\],21.89µm
i_core_v_mini_mcu.cpu_subsystem_i.cpu_1_0.rf_ram_i.memory\[510\]\[0\],21.89µm
i_core_v_mini_mcu.cpu_subsystem_i.cpu_1_0.rf_ram_i.memory\[6\]\[1\],21.89µm
i_core_v_mini_mcu.memory_subsystem_i.ram0_i.tc_ram_i.sram\[19\]\[5\],21.89µm
i_core_v_mini_mcu.memory_subsystem_i.ram0_i.tc_ram_i.sram\[2\]\[20\],21.89µm
i_core_v_mini_mcu.memory_subsystem_i.ram0_i.tc_ram_i.sram\[30\]\[16\],21.89µm
i_core_v_mini_mcu.peripheral_subsystem_i.obi_fifo_i.consumer_resp_i\[23\],21.89µm
i_core_v_mini_mcu.peripheral_subsystem_i.uart_i.uart_core.rx_sync_q2,21.89µm
net1624,21.89µm
net1698,21.89µm
net1336,21.89µm
net2171,21.89µm
_01120_,21.84µm
_01367_,21.84µm
_03712_,21.84µm
_04755_,21.84µm
_05309_,21.84µm
_06701_,21.84µm
_06707_,21.84µm
_06995_,21.84µm
_07057_,21.84µm
_07563_,21.84µm
_08147_,21.84µm
_08738_,21.84µm
_08954_,21.84µm
_09146_,21.84µm
_09392_,21.84µm
_09432_,21.84µm
_09613_,21.84µm
_09835_,21.84µm
_10489_,21.84µm
_11078_,21.84µm
_11377_,21.84µm
_11589_,21.84µm
_11730_,21.84µm
_11775_,21.84µm
_12483_,21.84µm
_12941_,21.84µm
_13207_,21.84µm
_13240_,21.84µm
_13769_,21.84µm
_14668_,21.84µm
_15266_,21.84µm
_15419_,21.84µm
_15504_,21.84µm
_16047_,21.84µm
_16269_,21.84µm
_16764_,21.84µm
_16819_,21.84µm
_17304_,21.84µm
_17450_,21.84µm
_17633_,21.84µm
_18061_,21.84µm
_18315_,21.84µm
_18434_,21.84µm
_18704_,21.84µm
_18886_,21.84µm
_19268_,21.84µm
_19651_,21.84µm
_20582_,21.84µm
_21215_,21.84µm
_21769_,21.84µm
_21822_,21.84µm
_21876_,21.84µm
_22298_,21.84µm
_22970_,21.84µm
_23195_,21.84µm
_23369_,21.84µm
_23408_,21.84µm
_23455_,21.84µm
_23586_,21.84µm
_24276_,21.84µm
_24738_,21.84µm
_24743_,21.84µm
_24770_,21.84µm
_24806_,21.84µm
_25812_,21.84µm
_25988_,21.84µm
_26220_,21.84µm
_26677_,21.84µm
_27297_,21.84µm
_27549_,21.84µm
_27571_,21.84µm
i_core_v_mini_mcu.ao_peripheral_subsystem_i.obi_fifo_i.obi_req_fifo_i.status_cnt_q\[1\],21.84µm
i_core_v_mini_mcu.ao_peripheral_subsystem_i.soc_ctrl_i.reg2hw\[15\],21.84µm
i_core_v_mini_mcu.ao_peripheral_subsystem_i.soc_ctrl_i.reg2hw\[28\],21.84µm
i_core_v_mini_mcu.ao_peripheral_subsystem_i.spi_subsystem_i.obi_spimemio_i.spimemio_i.xfer.obuffer\[0\],21.84µm
i_core_v_mini_mcu.cpu_subsystem_i.cpu_0_0.rf_ram_i.memory\[256\]\[1\],21.84µm
i_core_v_mini_mcu.cpu_subsystem_i.cpu_0_0.rf_ram_i.memory\[261\]\[1\],21.84µm
i_core_v_mini_mcu.cpu_subsystem_i.cpu_0_0.rf_ram_i.memory\[27\]\[0\],21.84µm
i_core_v_mini_mcu.cpu_subsystem_i.cpu_0_0.rf_ram_i.memory\[302\]\[1\],21.84µm
i_core_v_mini_mcu.cpu_subsystem_i.cpu_0_0.rf_ram_i.memory\[492\]\[1\],21.84µm
i_core_v_mini_mcu.cpu_subsystem_i.cpu_1_0.i_servile.cpu.immdec.gen_immdec_w_eq_1.imm31,21.84µm
i_core_v_mini_mcu.cpu_subsystem_i.cpu_1_0.rf_ram_i.memory\[18\]\[0\],21.84µm
i_core_v_mini_mcu.cpu_subsystem_i.cpu_1_0.rf_ram_i.memory\[361\]\[0\],21.84µm
i_core_v_mini_mcu.cpu_subsystem_i.cpu_1_0.rf_ram_i.memory\[377\]\[1\],21.84µm
i_core_v_mini_mcu.cpu_subsystem_i.cpu_1_0.rf_ram_i.memory\[487\]\[0\],21.84µm
i_core_v_mini_mcu.memory_subsystem_i.ram0_i.tc_ram_i.sram\[10\]\[26\],21.84µm
i_core_v_mini_mcu.memory_subsystem_i.ram0_i.tc_ram_i.sram\[13\]\[22\],21.84µm
i_core_v_mini_mcu.memory_subsystem_i.ram0_i.tc_ram_i.sram\[15\]\[16\],21.84µm
i_core_v_mini_mcu.memory_subsystem_i.ram0_i.tc_ram_i.sram\[27\]\[13\],21.84µm
i_core_v_mini_mcu.memory_subsystem_i.ram0_i.tc_ram_i.sram\[2\]\[13\],21.84µm
net1475,21.84µm
net1691,21.825µm
net1693,21.765µm
i_core_v_mini_mcu.cpu_subsystem_i.cpu_0_0.rf_ram_i.memory\[301\]\[0\],21.66µm
i_core_v_mini_mcu.cpu_subsystem_i.cpu_1_0.rf_ram_i.memory\[265\]\[1\],21.66µm
_09089_,21.63µm
i_core_v_mini_mcu.cpu_subsystem_i.cpu_1_0.rf_ram_i.memory\[146\]\[0\],21.61µm
i_core_v_mini_mcu.cpu_subsystem_i.cpu_1_0.rf_ram_i.memory\[367\]\[0\],21.61µm
i_core_v_mini_mcu.cpu_subsystem_i.cpu_1_0.rf_ram_i.memory\[488\]\[0\],21.61µm
_14993_,21.58µm
_15244_,21.48µm
_15398_,21.48µm
_15616_,21.48µm
_15728_,21.48µm
_16743_,21.48µm
net1618,21.47µm
net1673,21.455µm
_05597_,21.43µm
_05985_,21.43µm
_07257_,21.43µm
_07945_,21.43µm
_10277_,21.43µm
_10300_,21.43µm
_14357_,21.43µm
_15082_,21.43µm
_16135_,21.43µm
_25118_,21.43µm
_26663_,21.43µm
i_core_v_mini_mcu.ao_peripheral_subsystem_i.tdu_i.active_hart_cycles_q\[9\],21.43µm
i_core_v_mini_mcu.cpu_subsystem_i.cpu_0_0.rf_ram_i.memory\[310\]\[0\],21.43µm
i_core_v_mini_mcu.memory_subsystem_i.ram0_i.tc_ram_i.sram\[14\]\[22\],21.43µm
i_core_v_mini_mcu.memory_subsystem_i.ram0_i.tc_ram_i.sram\[5\]\[20\],21.43µm
i_core_v_mini_mcu.peripheral_subsystem_i.uart_i.uart_core.nco_sum_q\[6\],21.43µm
i_core_v_mini_mcu.peripheral_subsystem_i.uart_i.uart_core.rx_timeout_count_q\[1\],21.43µm
i_core_v_mini_mcu.system_bus_i.system_xbar_i.gen_xbar_NtoM.i_xbar.gen_inputs\[3\].i_addr_dec_resp_mux.valid_inflight_q,21.43µm
_00071_,21.38µm
_05870_,21.38µm
_06467_,21.38µm
_06920_,21.38µm
_09608_,21.38µm
_10125_,21.38µm
_10226_,21.38µm
_11002_,21.38µm
_11549_,21.38µm
_12199_,21.38µm
_12391_,21.38µm
_12833_,21.38µm
_15265_,21.38µm
_15569_,21.38µm
_17164_,21.38µm
_17626_,21.38µm
_17674_,21.38µm
_20821_,21.38µm
_22301_,21.38µm
_23091_,21.38µm
_26847_,21.38µm
i_core_v_mini_mcu.ao_peripheral_subsystem_i.tdu_i.task_mem\[5\]\[30\],21.38µm
i_core_v_mini_mcu.cpu_subsystem_i.cpu_0_0.i_servile.cpu.gen_csr.csr.timer_irq_r,21.38µm
i_core_v_mini_mcu.cpu_subsystem_i.cpu_0_0.rf_ram_i.memory\[374\]\[1\],21.38µm
i_core_v_mini_mcu.cpu_subsystem_i.cpu_0_0.rf_ram_i.memory\[510\]\[0\],21.38µm
i_core_v_mini_mcu.cpu_subsystem_i.cpu_0_0.rf_ram_i.memory\[539\]\[1\],21.38µm
i_core_v_mini_mcu.cpu_subsystem_i.cpu_0_0.rf_ram_i.memory\[74\]\[1\],21.38µm
i_core_v_mini_mcu.cpu_subsystem_i.cpu_1_0.rf_ram_i.memory\[196\]\[1\],21.38µm
i_core_v_mini_mcu.cpu_subsystem_i.cpu_1_0.rf_ram_i.memory\[251\]\[1\],21.38µm
i_core_v_mini_mcu.cpu_subsystem_i.cpu_1_0.rf_ram_i.memory\[261\]\[1\],21.38µm
i_core_v_mini_mcu.cpu_subsystem_i.cpu_1_0.rf_ram_i.memory\[340\]\[1\],21.38µm
i_core_v_mini_mcu.cpu_subsystem_i.cpu_1_0.rf_ram_i.memory\[383\]\[1\],21.38µm
i_core_v_mini_mcu.memory_subsystem_i.ram0_i.tc_ram_i.sram\[28\]\[7\],21.38µm
i_core_v_mini_mcu.memory_subsystem_i.ram0_i.tc_ram_i.sram\[28\]\[9\],21.38µm
i_core_v_mini_mcu.memory_subsystem_i.ram0_i.tc_ram_i.sram\[5\]\[6\],21.38µm
i_core_v_mini_mcu.peripheral_subsystem_i.periph_to_reg_i.r_rdata_d\[3\],21.38µm
i_core_v_mini_mcu.peripheral_subsystem_i.periph_to_reg_i.r_rdata_d\[6\],21.38µm
i_core_v_mini_mcu.peripheral_subsystem_i.uart_i.hw2reg\[17\],21.38µm
net1591,21.38µm
net1833,21.38µm
_00200_,21.33µm
_01002_,21.33µm
_01227_,21.33µm
_02837_,21.33µm
_03735_,21.33µm
_04640_,21.33µm
_04888_,21.33µm
_05297_,21.33µm
_05503_,21.33µm
_05528_,21.33µm
_05852_,21.33µm
_06166_,21.33µm
_06660_,21.33µm
_06840_,21.33µm
_06973_,21.33µm
_07033_,21.33µm
_07120_,21.33µm
_07220_,21.33µm
_07286_,21.33µm
_07324_,21.33µm
_07577_,21.33µm
_07725_,21.33µm
_07941_,21.33µm
_08144_,21.33µm
_08181_,21.33µm
_08265_,21.33µm
_08364_,21.33µm
_08665_,21.33µm
_09019_,21.33µm
_09365_,21.33µm
_09598_,21.33µm
_09777_,21.33µm
_09808_,21.33µm
_10104_,21.33µm
_10150_,21.33µm
_10617_,21.33µm
_10629_,21.33µm
_10877_,21.33µm
_11256_,21.33µm
_11737_,21.33µm
_11963_,21.33µm
_12032_,21.33µm
_12172_,21.33µm
_12189_,21.33µm
_12506_,21.33µm
_12824_,21.33µm
_12993_,21.33µm
_13483_,21.33µm
_13671_,21.33µm
_13927_,21.33µm
_13981_,21.33µm
_14386_,21.33µm
_14525_,21.33µm
_14931_,21.33µm
_15089_,21.33µm
_15167_,21.33µm
_15635_,21.33µm
_16301_,21.33µm
_16387_,21.33µm
_16424_,21.33µm
_16555_,21.33µm
_16611_,21.33µm
_16842_,21.33µm
_17098_,21.33µm
_17442_,21.33µm
_17525_,21.33µm
_17870_,21.33µm
_18016_,21.33µm
_18730_,21.33µm
_19437_,21.33µm
_19805_,21.33µm
_19823_,21.33µm
_20120_,21.33µm
_20306_,21.33µm
_20335_,21.33µm
_21227_,21.33µm
_21550_,21.33µm
_22091_,21.33µm
_22564_,21.33µm
_22569_,21.33µm
_23505_,21.33µm
_23839_,21.33µm
_24417_,21.33µm
_24589_,21.33µm
_24683_,21.33µm
_24702_,21.33µm
_25196_,21.33µm
_25207_,21.33µm
_25526_,21.33µm
_25971_,21.33µm
_26001_,21.33µm
_26209_,21.33µm
_26571_,21.33µm
_26819_,21.33µm
_26953_,21.33µm
_26962_,21.33µm
_27114_,21.33µm
_27213_,21.33µm
_27559_,21.33µm
_27716_,21.33µm
i_core_v_mini_mcu.ao_peripheral_subsystem_i.obi_fifo_i.consumer_data_req_q\[23\],21.33µm
i_core_v_mini_mcu.ao_peripheral_subsystem_i.power_manager_i.power_manager_reg_top_i.intr_state_qs\[18\],21.33µm
i_core_v_mini_mcu.ao_peripheral_subsystem_i.power_manager_i.power_manager_reg_top_i.reg2hw\[237\],21.33µm
i_core_v_mini_mcu.ao_peripheral_subsystem_i.spi_subsystem_i.obi_spimemio_i.spimemio_i.buffer\[17\],21.33µm
i_core_v_mini_mcu.ao_peripheral_subsystem_i.tdu_i.cpi_est_q\[51\],21.33µm
i_core_v_mini_mcu.ao_peripheral_subsystem_i.tdu_i.task_mem\[5\]\[22\],21.33µm
i_core_v_mini_mcu.cpu_subsystem_i.cpu_0_0.i_servile.cpu.decode.o_rd_csr_en,21.33µm
i_core_v_mini_mcu.cpu_subsystem_i.cpu_0_0.rf_ram_i.memory\[0\]\[0\],21.33µm
i_core_v_mini_mcu.cpu_subsystem_i.cpu_0_0.rf_ram_i.memory\[238\]\[0\],21.33µm
i_core_v_mini_mcu.cpu_subsystem_i.cpu_0_0.rf_ram_i.memory\[260\]\[1\],21.33µm
i_core_v_mini_mcu.cpu_subsystem_i.cpu_0_0.rf_ram_i.memory\[270\]\[0\],21.33µm
i_core_v_mini_mcu.cpu_subsystem_i.cpu_0_0.rf_ram_i.memory\[298\]\[1\],21.33µm
i_core_v_mini_mcu.cpu_subsystem_i.cpu_0_0.rf_ram_i.memory\[317\]\[1\],21.33µm
i_core_v_mini_mcu.cpu_subsystem_i.cpu_0_0.rf_ram_i.memory\[371\]\[0\],21.33µm
i_core_v_mini_mcu.cpu_subsystem_i.cpu_0_0.rf_ram_i.memory\[433\]\[1\],21.33µm
i_core_v_mini_mcu.cpu_subsystem_i.cpu_0_0.rf_ram_i.memory\[442\]\[1\],21.33µm
i_core_v_mini_mcu.cpu_subsystem_i.cpu_0_0.rf_ram_i.memory\[47\]\[0\],21.33µm
i_core_v_mini_mcu.cpu_subsystem_i.cpu_0_0.rf_ram_i.memory\[484\]\[0\],21.33µm
i_core_v_mini_mcu.cpu_subsystem_i.cpu_0_0.rf_ram_i.memory\[545\]\[0\],21.33µm
i_core_v_mini_mcu.cpu_subsystem_i.cpu_1_0.rf_ram_i.memory\[139\]\[0\],21.33µm
i_core_v_mini_mcu.cpu_subsystem_i.cpu_1_0.rf_ram_i.memory\[376\]\[1\],21.33µm
i_core_v_mini_mcu.cpu_subsystem_i.cpu_1_0.rf_ram_i.memory\[426\]\[0\],21.33µm
i_core_v_mini_mcu.cpu_subsystem_i.cpu_1_0.rf_ram_i.memory\[70\]\[0\],21.33µm
i_core_v_mini_mcu.memory_subsystem_i.ram0_i.tc_ram_i.sram\[15\]\[25\],21.33µm
i_core_v_mini_mcu.memory_subsystem_i.ram0_i.tc_ram_i.sram\[16\]\[21\],21.33µm
i_core_v_mini_mcu.memory_subsystem_i.ram0_i.tc_ram_i.sram\[16\]\[8\],21.33µm
i_core_v_mini_mcu.memory_subsystem_i.ram0_i.tc_ram_i.sram\[20\]\[15\],21.33µm
i_core_v_mini_mcu.memory_subsystem_i.ram0_i.tc_ram_i.sram\[25\]\[8\],21.33µm
i_core_v_mini_mcu.memory_subsystem_i.ram0_i.tc_ram_i.sram\[29\]\[4\],21.33µm
i_core_v_mini_mcu.memory_subsystem_i.ram0_i.tc_ram_i.sram\[9\]\[11\],21.33µm
clknet_leaf_17_i_core_v_mini_mcu.cpu_subsystem_i.cpu_0_0.clk_i,21.33µm
_01112_,21.28µm
_01411_,21.28µm
_01521_,21.28µm
_02059_,21.28µm
_02938_,21.28µm
_05424_,21.28µm
_05888_,21.28µm
_06326_,21.28µm
_06699_,21.28µm
_07008_,21.28µm
_07014_,21.28µm
_07034_,21.28µm
_08160_,21.28µm
_09796_,21.28µm
_09838_,21.28µm
_10255_,21.28µm
_10365_,21.28µm
_10502_,21.28µm
_11136_,21.28µm
_11310_,21.28µm
_11351_,21.28µm
_11544_,21.28µm
_11572_,21.28µm
_11981_,21.28µm
_12132_,21.28µm
_12150_,21.28µm
_12484_,21.28µm
_12922_,21.28µm
_13102_,21.28µm
_13335_,21.28µm
_13422_,21.28µm
_13548_,21.28µm
_13613_,21.28µm
_13721_,21.28µm
_13849_,21.28µm
_14073_,21.28µm
_14618_,21.28µm
_15470_,21.28µm
_15856_,21.28µm
_16527_,21.28µm
_16578_,21.28µm
_16598_,21.28µm
_16637_,21.28µm
_16712_,21.28µm
_17634_,21.28µm
_18111_,21.28µm
_18182_,21.28µm
_18344_,21.28µm
_18555_,21.28µm
_19729_,21.28µm
_20595_,21.28µm
_20747_,21.28µm
_21169_,21.28µm
_22039_,21.28µm
_22129_,21.28µm
_22170_,21.28µm
_23449_,21.28µm
_23483_,21.28µm
_24131_,21.28µm
_24223_,21.28µm
_24323_,21.28µm
_24512_,21.28µm
_24925_,21.28µm
_25017_,21.28µm
_25979_,21.28µm
_26522_,21.28µm
_26654_,21.28µm
_26764_,21.28µm
_26880_,21.28µm
_27202_,21.28µm
_27314_,21.28µm
i_core_v_mini_mcu.ao_peripheral_subsystem_i.spi_subsystem_i.obi_spimemio_i.spimemio_i.xfer.dummy_count\[3\],21.28µm
i_core_v_mini_mcu.ao_peripheral_subsystem_i.tdu_i.task_mem\[7\]\[26\],21.28µm
i_core_v_mini_mcu.cpu_subsystem_i.cpu_0_0.rf_ram_i.memory\[215\]\[1\],21.28µm
i_core_v_mini_mcu.cpu_subsystem_i.cpu_0_0.rf_ram_i.memory\[329\]\[0\],21.28µm
i_core_v_mini_mcu.cpu_subsystem_i.cpu_0_0.rf_ram_i.memory\[334\]\[0\],21.28µm
i_core_v_mini_mcu.cpu_subsystem_i.cpu_0_0.rf_ram_i.memory\[364\]\[1\],21.28µm
i_core_v_mini_mcu.cpu_subsystem_i.cpu_0_0.rf_ram_i.memory\[481\]\[1\],21.28µm
i_core_v_mini_mcu.cpu_subsystem_i.cpu_0_0.rf_ram_i.memory\[483\]\[1\],21.28µm
i_core_v_mini_mcu.cpu_subsystem_i.cpu_0_0.rf_ram_i.memory\[563\]\[1\],21.28µm
i_core_v_mini_mcu.cpu_subsystem_i.cpu_1_0.rf_ram_i.memory\[267\]\[0\],21.28µm
i_core_v_mini_mcu.cpu_subsystem_i.cpu_1_0.rf_ram_i.memory\[351\]\[0\],21.28µm
i_core_v_mini_mcu.cpu_subsystem_i.cpu_1_0.rf_ram_i.memory\[373\]\[1\],21.28µm
i_core_v_mini_mcu.cpu_subsystem_i.cpu_1_0.rf_ram_i.memory\[421\]\[1\],21.28µm
i_core_v_mini_mcu.cpu_subsystem_i.cpu_1_0.rf_ram_i.memory\[450\]\[0\],21.28µm
i_core_v_mini_mcu.cpu_subsystem_i.cpu_1_0.rf_ram_i.memory\[56\]\[1\],21.28µm
i_core_v_mini_mcu.cpu_subsystem_i.cpu_1_0.rf_ram_i.memory\[77\]\[0\],21.28µm
i_core_v_mini_mcu.memory_subsystem_i.ram0_i.tc_ram_i.sram\[12\]\[0\],21.28µm
i_core_v_mini_mcu.memory_subsystem_i.ram0_i.tc_ram_i.sram\[15\]\[18\],21.28µm
i_core_v_mini_mcu.memory_subsystem_i.ram0_i.tc_ram_i.sram\[3\]\[23\],21.28µm
i_core_v_mini_mcu.peripheral_subsystem_i.uart_i.uart_core.u_uart_rxfifo.gen_normal_fifo.storage\[8\],21.28µm
i_core_v_mini_mcu.peripheral_subsystem_i.uart_i.uart_core.u_uart_txfifo.gen_normal_fifo.storage\[20\],21.28µm
net17,21.28µm
net1240,21.28µm
net1645,21.24µm
net1676,21.225µm
net1607,21.22µm
net1672,21.215µm
_16285_,21.15µm
_07204_,21.05µm
i_core_v_mini_mcu.cpu_subsystem_i.cpu_1_0.rf_ram_i.memory\[208\]\[0\],21.05µm
boot_select_i,21.03µm
_17663_,21.02µm
uart_rx_i,21µm
i_core_v_mini_mcu.cpu_subsystem_i.cpu_0_0.rf_ram_i.memory\[239\]\[1\],20.98µm
_05790_,20.97µm
_15513_,20.97µm
_15740_,20.97µm
_17651_,20.97µm
net1701,20.97µm
net1617,20.965µm
_10117_,20.92µm
_14566_,20.92µm
_16714_,20.92µm
_17593_,20.92µm
_23699_,20.92µm
i_core_v_mini_mcu.ao_peripheral_subsystem_i.tdu_i.task_mem\[1\]\[13\],20.92µm
i_core_v_mini_mcu.ao_peripheral_subsystem_i.tdu_i.task_mem\[3\]\[12\],20.92µm
i_core_v_mini_mcu.memory_subsystem_i.ram0_i.tc_ram_i.sram\[11\]\[9\],20.92µm
_05420_,20.87µm
_07238_,20.87µm
_10170_,20.87µm
_10512_,20.87µm
_14390_,20.87µm
i_core_v_mini_mcu.ao_peripheral_subsystem_i.mosaic_clint_i.mtimecmp_q\[67\],20.87µm
i_core_v_mini_mcu.ao_peripheral_subsystem_i.obi_fifo_i.consumer_data_req\[5\],20.87µm
i_core_v_mini_mcu.ao_peripheral_subsystem_i.tdu_i.active_hart_cycles_q\[22\],20.87µm
i_core_v_mini_mcu.cpu_subsystem_i.cpu_0_0.i_servile.cpu.ctrl.o_ibus_adr\[8\],20.87µm
i_core_v_mini_mcu.cpu_subsystem_i.cpu_1_0.rf_ram_i.memory\[493\]\[1\],20.87µm
i_core_v_mini_mcu.memory_subsystem_i.ram0_i.tc_ram_i.sram\[28\]\[21\],20.87µm
clknet_leaf_36_i_core_v_mini_mcu.cpu_subsystem_i.cpu_0_0.clk_i,20.87µm
net1657,20.86µm
i_core_v_mini_mcu.cpu_subsystem_i.cpu_1_0.i_servile.arbiter.i_wb_cpu_dbus_adr\[16\],20.855µm
_01546_,20.82µm
_05592_,20.82µm
_05605_,20.82µm
_05807_,20.82µm
_07599_,20.82µm
_07641_,20.82µm
_08522_,20.82µm
_08891_,20.82µm
_09045_,20.82µm
_09441_,20.82µm
_09751_,20.82µm
_10162_,20.82µm
_10479_,20.82µm
_11763_,20.82µm
_12197_,20.82µm
_12359_,20.82µm
_14276_,20.82µm
_16134_,20.82µm
_16628_,20.82µm
_16660_,20.82µm
_16840_,20.82µm
_17004_,20.82µm
_17491_,20.82µm
_17764_,20.82µm
_21324_,20.82µm
_24004_,20.82µm
i_core_v_mini_mcu.ao_peripheral_subsystem_i.obi_fifo_i.consumer_data_req\[20\],20.82µm
i_core_v_mini_mcu.ao_peripheral_subsystem_i.obi_fifo_i.consumer_data_req\[67\],20.82µm
i_core_v_mini_mcu.ao_peripheral_subsystem_i.power_manager_i.power_manager_reg_top_i.periph_iso_qs,20.82µm
i_core_v_mini_mcu.ao_peripheral_subsystem_i.spi_subsystem_i.obi_spimemio_i.obi_to_picorv32_i.picorv32_resp_i\[17\],20.82µm
i_core_v_mini_mcu.ao_peripheral_subsystem_i.spi_subsystem_i.obi_spimemio_i.obi_to_picorv32_i.picorv32_resp_i\[19\],20.82µm
i_core_v_mini_mcu.ao_peripheral_subsystem_i.tdu_i.task_mem\[2\]\[31\],20.82µm
i_core_v_mini_mcu.cpu_subsystem_i.cpu_0_0.i_servile.cpu.ctrl.o_ibus_adr\[7\],20.82µm
i_core_v_mini_mcu.cpu_subsystem_i.cpu_0_0.rf_ram_i.memory\[24\]\[0\],20.82µm
i_core_v_mini_mcu.cpu_subsystem_i.cpu_0_0.rf_ram_i.memory\[295\]\[0\],20.82µm
i_core_v_mini_mcu.cpu_subsystem_i.cpu_0_0.rf_ram_i.memory\[296\]\[0\],20.82µm
i_core_v_mini_mcu.cpu_subsystem_i.cpu_0_0.rf_ram_i.memory\[404\]\[0\],20.82µm
i_core_v_mini_mcu.cpu_subsystem_i.cpu_0_0.rf_ram_i.memory\[419\]\[1\],20.82µm
i_core_v_mini_mcu.cpu_subsystem_i.cpu_0_0.rf_ram_i.memory\[552\]\[0\],20.82µm
i_core_v_mini_mcu.cpu_subsystem_i.cpu_1_0.rf_ram_i.memory\[138\]\[1\],20.82µm
i_core_v_mini_mcu.cpu_subsystem_i.cpu_1_0.rf_ram_i.memory\[247\]\[1\],20.82µm
i_core_v_mini_mcu.cpu_subsystem_i.cpu_1_0.rf_ram_i.memory\[382\]\[1\],20.82µm
i_core_v_mini_mcu.memory_subsystem_i.ram0_i.tc_ram_i.sram\[0\]\[28\],20.82µm
i_core_v_mini_mcu.memory_subsystem_i.ram0_i.tc_ram_i.sram\[16\]\[31\],20.82µm
i_core_v_mini_mcu.memory_subsystem_i.ram0_i.tc_ram_i.sram\[20\]\[3\],20.82µm
i_core_v_mini_mcu.memory_subsystem_i.ram0_i.tc_ram_i.sram\[31\]\[22\],20.82µm
i_core_v_mini_mcu.memory_subsystem_i.ram0_i.tc_ram_i.sram\[7\]\[3\],20.82µm
_01296_,20.77µm
_02269_,20.77µm
_02957_,20.77µm
_04114_,20.77µm
_04128_,20.77µm
_04812_,20.77µm
_04896_,20.77µm
_05118_,20.77µm
_05627_,20.77µm
_05851_,20.77µm
_05886_,20.77µm
_06600_,20.77µm
_06650_,20.77µm
_07133_,20.77µm
_07161_,20.77µm
_07477_,20.77µm
_09617_,20.77µm
_09730_,20.77µm
_09732_,20.77µm
_09934_,20.77µm
_09993_,20.77µm
_10133_,20.77µm
_10168_,20.77µm
_10394_,20.77µm
_11173_,20.77µm
_11270_,20.77µm
_11296_,20.77µm
_11574_,20.77µm
_12380_,20.77µm
_12595_,20.77µm
_12635_,20.77µm
_13124_,20.77µm
_13149_,20.77µm
_13202_,20.77µm
_13293_,20.77µm
_13453_,20.77µm
_14138_,20.77µm
_14371_,20.77µm
_14457_,20.77µm
_14461_,20.77µm
_14704_,20.77µm
_16001_,20.77µm
_16051_,20.77µm
_16649_,20.77µm
_16776_,20.77µm
_17116_,20.77µm
_17508_,20.77µm
_17586_,20.77µm
_17624_,20.77µm
_17890_,20.77µm
_18024_,20.77µm
_18167_,20.77µm
_18733_,20.77µm
_20217_,20.77µm
_20267_,20.77µm
_22059_,20.77µm
_22374_,20.77µm
_22702_,20.77µm
_22771_,20.77µm
_22777_,20.77µm
_22890_,20.77µm
_23184_,20.77µm
_23490_,20.77µm
_23826_,20.77µm
_24646_,20.77µm
_24796_,20.77µm
_24802_,20.77µm
_24884_,20.77µm
_25110_,20.77µm
_26020_,20.77µm
_26152_,20.77µm
_26729_,20.77µm
_26783_,20.77µm
_26923_,20.77µm
_27287_,20.77µm
_27341_,20.77µm
_27423_,20.77µm
_27592_,20.77µm
_27652_,20.77µm
_27713_,20.77µm
i_core_v_mini_mcu.ao_peripheral_subsystem_i.obi_fifo_i.consumer_data_req_q\[38\],20.77µm
i_core_v_mini_mcu.ao_peripheral_subsystem_i.soc_ctrl_i.reg2hw\[5\],20.77µm
i_core_v_mini_mcu.ao_peripheral_subsystem_i.spi_subsystem_i.obi_spimemio_i.spimemio_i.rd_addr\[5\],20.77µm
i_core_v_mini_mcu.ao_peripheral_subsystem_i.spi_subsystem_i.obi_spimemio_i.spimemio_i.rd_addr\[9\],20.77µm
i_core_v_mini_mcu.ao_peripheral_subsystem_i.tdu_i.task_mem\[2\]\[20\],20.77µm
i_core_v_mini_mcu.ao_peripheral_subsystem_i.tdu_i.task_mem\[4\]\[29\],20.77µm
i_core_v_mini_mcu.ao_peripheral_subsystem_i.tdu_i.task_mem\[7\]\[20\],20.77µm
i_core_v_mini_mcu.cpu_subsystem_i.cpu_0_0.i_servile.cpu.immdec.gen_immdec_w_eq_1.imm11_7\[1\],20.77µm
i_core_v_mini_mcu.cpu_subsystem_i.cpu_0_0.rf_ram_i.memory\[103\]\[0\],20.77µm
i_core_v_mini_mcu.cpu_subsystem_i.cpu_0_0.rf_ram_i.memory\[105\]\[1\],20.77µm
i_core_v_mini_mcu.cpu_subsystem_i.cpu_0_0.rf_ram_i.memory\[376\]\[0\],20.77µm
i_core_v_mini_mcu.cpu_subsystem_i.cpu_0_0.rf_ram_i.memory\[45\]\[0\],20.77µm
i_core_v_mini_mcu.cpu_subsystem_i.cpu_0_0.rf_ram_i.memory\[464\]\[1\],20.77µm
i_core_v_mini_mcu.cpu_subsystem_i.cpu_0_0.rf_ram_i.memory\[480\]\[1\],20.77µm
i_core_v_mini_mcu.cpu_subsystem_i.cpu_0_0.rf_ram_i.memory\[95\]\[0\],20.77µm
i_core_v_mini_mcu.cpu_subsystem_i.cpu_1_0.i_servile.cpu.decode.o_rd_op,20.77µm
i_core_v_mini_mcu.cpu_subsystem_i.cpu_1_0.rf_ram_i.memory\[133\]\[1\],20.77µm
i_core_v_mini_mcu.cpu_subsystem_i.cpu_1_0.rf_ram_i.memory\[148\]\[0\],20.77µm
i_core_v_mini_mcu.cpu_subsystem_i.cpu_1_0.rf_ram_i.memory\[197\]\[1\],20.77µm
i_core_v_mini_mcu.cpu_subsystem_i.cpu_1_0.rf_ram_i.memory\[198\]\[0\],20.77µm
i_core_v_mini_mcu.cpu_subsystem_i.cpu_1_0.rf_ram_i.memory\[268\]\[1\],20.77µm
i_core_v_mini_mcu.cpu_subsystem_i.cpu_1_0.rf_ram_i.memory\[354\]\[1\],20.77µm
i_core_v_mini_mcu.cpu_subsystem_i.cpu_1_0.rf_ram_i.memory\[457\]\[0\],20.77µm
i_core_v_mini_mcu.memory_subsystem_i.ram0_i.tc_ram_i.r_addr_q\[4\],20.77µm
i_core_v_mini_mcu.memory_subsystem_i.ram0_i.tc_ram_i.sram\[13\]\[16\],20.77µm
i_core_v_mini_mcu.memory_subsystem_i.ram0_i.tc_ram_i.sram\[27\]\[28\],20.77µm
i_core_v_mini_mcu.memory_subsystem_i.ram0_i.tc_ram_i.sram\[2\]\[29\],20.77µm
i_core_v_mini_mcu.memory_subsystem_i.ram0_i.tc_ram_i.sram\[5\]\[31\],20.77µm
i_core_v_mini_mcu.memory_subsystem_i.ram0_i.tc_ram_i.sram\[6\]\[12\],20.77µm
i_core_v_mini_mcu.peripheral_subsystem_i.obi_fifo_i.consumer_data_req_q\[12\],20.77µm
i_core_v_mini_mcu.peripheral_subsystem_i.uart_i.reg2hw\[45\],20.77µm
i_core_v_mini_mcu.peripheral_subsystem_i.uart_i.uart_core.u_uart_rxfifo.gen_normal_fifo.storage\[29\],20.77µm
i_core_v_mini_mcu.peripheral_subsystem_i.uart_i.uart_core.u_uart_rxfifo.gen_normal_fifo.storage\[5\],20.77µm
i_core_v_mini_mcu.peripheral_subsystem_i.uart_i.uart_core.uart_tx.bit_cnt_q\[3\],20.77µm
clknet_leaf_108_i_core_v_mini_mcu.memory_subsystem_i.clk_cg,20.77µm
execute_from_flash_i,20.76µm
status_o_OUT[5],20.75µm
_00214_,20.72µm
_00343_,20.72µm
_01944_,20.72µm
_02057_,20.72µm
_02103_,20.72µm
_02401_,20.72µm
_04777_,20.72µm
_05129_,20.72µm
_05293_,20.72µm
_05650_,20.72µm
_05853_,20.72µm
_07063_,20.72µm
_07236_,20.72µm
_07520_,20.72µm
_07742_,20.72µm
_07841_,20.72µm
_07855_,20.72µm
_07864_,20.72µm
_07934_,20.72µm
_08199_,20.72µm
_08257_,20.72µm
_08560_,20.72µm
_08683_,20.72µm
_08714_,20.72µm
_08994_,20.72µm
_09458_,20.72µm
_09828_,20.72µm
_10062_,20.72µm
_10095_,20.72µm
_10285_,20.72µm
_10322_,20.72µm
_10807_,20.72µm
_10824_,20.72µm
_11042_,20.72µm
_11094_,20.72µm
_11104_,20.72µm
_11122_,20.72µm
_11142_,20.72µm
_11158_,20.72µm
_11258_,20.72µm
_11504_,20.72µm
_11870_,20.72µm
_12298_,20.72µm
_12935_,20.72µm
_13169_,20.72µm
_13948_,20.72µm
_14106_,20.72µm
_14158_,20.72µm
_15074_,20.72µm
_15127_,20.72µm
_15518_,20.72µm
_16839_,20.72µm
_17122_,20.72µm
_17222_,20.72µm
_18459_,20.72µm
_18670_,20.72µm
_18782_,20.72µm
_20257_,20.72µm
_20392_,20.72µm
_20637_,20.72µm
_20783_,20.72µm
_20839_,20.72µm
_21109_,20.72µm
_21315_,20.72µm
_21661_,20.72µm
_22104_,20.72µm
_22973_,20.72µm
_23216_,20.72µm
_23446_,20.72µm
_23447_,20.72µm
_23459_,20.72µm
_24058_,20.72µm
_24549_,20.72µm
_24705_,20.72µm
_24827_,20.72µm
_25182_,20.72µm
_26159_,20.72µm
_26164_,20.72µm
_26218_,20.72µm
_26848_,20.72µm
_27083_,20.72µm
_27355_,20.72µm
i_core_v_mini_mcu.ao_peripheral_subsystem_i.mosaic_clint_i.mtimecmp_q\[22\],20.72µm
i_core_v_mini_mcu.ao_peripheral_subsystem_i.power_manager_i.power_manager_reg_top_i.dma_ch0_clk_gate_qs,20.72µm
i_core_v_mini_mcu.cpu_subsystem_i.cpu_0_0.rf_ram_i.memory\[23\]\[1\],20.72µm
i_core_v_mini_mcu.cpu_subsystem_i.cpu_0_0.rf_ram_i.memory\[327\]\[0\],20.72µm
i_core_v_mini_mcu.cpu_subsystem_i.cpu_0_0.rf_ram_i.memory\[380\]\[0\],20.72µm
i_core_v_mini_mcu.cpu_subsystem_i.cpu_0_0.rf_ram_i.memory\[56\]\[0\],20.72µm
i_core_v_mini_mcu.cpu_subsystem_i.cpu_1_0.rf_ram_i.memory\[155\]\[1\],20.72µm
i_core_v_mini_mcu.cpu_subsystem_i.cpu_1_0.rf_ram_i.memory\[21\]\[0\],20.72µm
i_core_v_mini_mcu.cpu_subsystem_i.cpu_1_0.rf_ram_i.memory\[443\]\[1\],20.72µm
i_core_v_mini_mcu.cpu_subsystem_i.cpu_1_0.rf_ram_i.memory\[70\]\[1\],20.72µm
i_core_v_mini_mcu.memory_subsystem_i.ram0_i.tc_ram_i.sram\[21\]\[6\],20.72µm
i_core_v_mini_mcu.cpu_subsystem_i.cpu_0_0.i_servile.cpu.immdec.gen_immdec_w_eq_1.imm24_20\[4\],20.54µm
i_core_v_mini_mcu.ao_peripheral_subsystem_i.obi_fifo_i.consumer_data_req_q\[19\],20.49µm
i_core_v_mini_mcu.cpu_subsystem_i.cpu_0_0.rf_ram_i.memory\[129\]\[1\],20.49µm
i_core_v_mini_mcu.cpu_subsystem_i.cpu_1_0.rf_ram_i.memory\[177\]\[0\],20.49µm
i_core_v_mini_mcu.cpu_subsystem_i.cpu_0_0.rf_ram_i.memory\[101\]\[0\],20.44µm
i_core_v_mini_mcu.memory_subsystem_i.ram0_i.tc_ram_i.sram\[9\]\[7\],20.44µm
net1650,20.415µm
_14414_,20.41µm
_16726_,20.41µm
net1702,20.37µm
_06854_,20.36µm
_09255_,20.36µm
_15474_,20.36µm
_17500_,20.36µm
status_o_OUT[0],20.33µm
_05570_,20.31µm
_09499_,20.31µm
_10001_,20.31µm
_11541_,20.31µm
_14465_,20.31µm
_17451_,20.31µm
_17950_,20.31µm
_20319_,20.31µm
_25208_,20.31µm
i_core_v_mini_mcu.ao_peripheral_subsystem_i.soc_ctrl_i.soc_ctrl_reg_top_i.system_frequency_hz_qs\[24\],20.31µm
i_core_v_mini_mcu.cpu_subsystem_i.cpu_0_0.i_servile.arbiter.i_wb_cpu_dbus_adr\[15\],20.31µm
i_core_v_mini_mcu.cpu_subsystem_i.cpu_0_0.i_servile.cpu.gen_csr.csr.mcause3_0\[1\],20.31µm
i_core_v_mini_mcu.cpu_subsystem_i.cpu_1_0.rf_ram_i.memory\[171\]\[0\],20.31µm
i_core_v_mini_mcu.cpu_subsystem_i.cpu_1_0.rf_ram_i.memory\[22\]\[1\],20.31µm
i_core_v_mini_mcu.memory_subsystem_i.ram0_i.tc_ram_i.sram\[19\]\[30\],20.31µm
i_core_v_mini_mcu.memory_subsystem_i.ram0_i.tc_ram_i.sram\[26\]\[1\],20.31µm
net1718,20.27µm
_00062_,20.26µm
_01126_,20.26µm
_06223_,20.26µm
_06574_,20.26µm
_06752_,20.26µm
_07240_,20.26µm
_07271_,20.26µm
_07655_,20.26µm
_07813_,20.26µm
_08792_,20.26µm
_09627_,20.26µm
_09728_,20.26µm
_10206_,20.26µm
_10343_,20.26µm
_10661_,20.26µm
_13640_,20.26µm
_14218_,20.26µm
_16821_,20.26µm
_19612_,20.26µm
_19810_,20.26µm
_20746_,20.26µm
_20893_,20.26µm
_21443_,20.26µm
_22505_,20.26µm
_22972_,20.26µm
_23008_,20.26µm
_23044_,20.26µm
_23445_,20.26µm
_23566_,20.26µm
_24502_,20.26µm
_24601_,20.26µm
_24746_,20.26µm
_25886_,20.26µm
_26958_,20.26µm
_27706_,20.26µm
exit_value_int\[23\],20.26µm
i_core_v_mini_mcu.ao_peripheral_subsystem_i.obi_fifo_i.consumer_data_req_q\[28\],20.26µm
i_core_v_mini_mcu.ao_peripheral_subsystem_i.power_manager_i.power_manager_reg_top_i.reg2hw\[234\],20.26µm
i_core_v_mini_mcu.ao_peripheral_subsystem_i.power_manager_i.power_manager_reg_top_i.reg2hw\[241\],20.26µm
i_core_v_mini_mcu.ao_peripheral_subsystem_i.power_manager_i.reg_to_counter_cpu_reset_assert_i.counter_curr_state\[0\],20.26µm
i_core_v_mini_mcu.ao_peripheral_subsystem_i.soc_ctrl_i.soc_ctrl_reg_top_i.system_frequency_hz_qs\[12\],20.26µm
i_core_v_mini_mcu.ao_peripheral_subsystem_i.tdu_i.task_mem\[1\]\[9\],20.26µm
i_core_v_mini_mcu.cpu_subsystem_i.cpu_0_0.i_servile.cpu.ctrl.o_ibus_adr\[19\],20.26µm
i_core_v_mini_mcu.cpu_subsystem_i.cpu_0_0.i_servile.cpu.immdec.gen_immdec_w_eq_1.imm24_20\[2\],20.26µm
i_core_v_mini_mcu.cpu_subsystem_i.cpu_0_0.rf_ram_i.memory\[170\]\[0\],20.26µm
i_core_v_mini_mcu.cpu_subsystem_i.cpu_0_0.rf_ram_i.memory\[230\]\[1\],20.26µm
i_core_v_mini_mcu.cpu_subsystem_i.cpu_0_0.rf_ram_i.memory\[277\]\[1\],20.26µm
i_core_v_mini_mcu.cpu_subsystem_i.cpu_0_0.rf_ram_i.memory\[343\]\[1\],20.26µm
i_core_v_mini_mcu.cpu_subsystem_i.cpu_0_0.rf_ram_i.memory\[369\]\[1\],20.26µm
i_core_v_mini_mcu.cpu_subsystem_i.cpu_0_0.rf_ram_i.memory\[509\]\[0\],20.26µm
i_core_v_mini_mcu.cpu_subsystem_i.cpu_0_0.rf_ram_i.memory\[542\]\[1\],20.26µm
i_core_v_mini_mcu.cpu_subsystem_i.cpu_1_0.rf_ram_i.memory\[86\]\[1\],20.26µm
i_core_v_mini_mcu.memory_subsystem_i.ram0_i.tc_ram_i.sram\[12\]\[25\],20.26µm
i_core_v_mini_mcu.memory_subsystem_i.ram0_i.tc_ram_i.sram\[17\]\[28\],20.26µm
i_core_v_mini_mcu.memory_subsystem_i.ram0_i.tc_ram_i.sram\[18\]\[0\],20.26µm
i_core_v_mini_mcu.memory_subsystem_i.ram0_i.tc_ram_i.sram\[18\]\[20\],20.26µm
i_core_v_mini_mcu.memory_subsystem_i.ram0_i.tc_ram_i.sram\[26\]\[11\],20.26µm
i_core_v_mini_mcu.memory_subsystem_i.ram0_i.tc_ram_i.sram\[29\]\[20\],20.26µm
i_core_v_mini_mcu.memory_subsystem_i.ram0_i.tc_ram_i.sram\[31\]\[31\],20.26µm
i_core_v_mini_mcu.memory_subsystem_i.ram0_i.tc_ram_i.sram\[4\]\[15\],20.26µm
i_core_v_mini_mcu.peripheral_subsystem_i.obi_fifo_i.consumer_data_req_q\[15\],20.26µm
i_core_v_mini_mcu.peripheral_subsystem_i.obi_fifo_i.consumer_data_req_q\[22\],20.26µm
i_core_v_mini_mcu.peripheral_subsystem_i.periph_to_reg_i.r_rdata_d\[0\],20.26µm
i_core_v_mini_mcu.peripheral_subsystem_i.uart_i.uart_core.u_uart_txfifo.gen_normal_fifo.storage\[27\],20.26µm
clknet_leaf_21_i_core_v_mini_mcu.cpu_subsystem_i.cpu_0_0.clk_i,20.26µm
_00039_,20.21µm
_00158_,20.21µm
_00358_,20.21µm
_00509_,20.21µm
_01973_,20.21µm
_02126_,20.21µm
_02268_,20.21µm
_04034_,20.21µm
_04096_,20.21µm
_04647_,20.21µm
_05292_,20.21µm
_05294_,20.21µm
_05365_,20.21µm
_05510_,20.21µm
_05788_,20.21µm
_06213_,20.21µm
_06227_,20.21µm
_06521_,20.21µm
_06624_,20.21µm
_06857_,20.21µm
_06941_,20.21µm
_07157_,20.21µm
_07464_,20.21µm
_08131_,20.21µm
_08216_,20.21µm
_08361_,20.21µm
_08904_,20.21µm
_09368_,20.21µm
_09508_,20.21µm
_10276_,20.21µm
_10555_,20.21µm
_10589_,20.21µm
_10997_,20.21µm
_11433_,20.21µm
_11530_,20.21µm
_11788_,20.21µm
_12151_,20.21µm
_12375_,20.21µm
_12721_,20.21µm
_12951_,20.21µm
_13036_,20.21µm
_13415_,20.21µm
_13470_,20.21µm
_13492_,20.21µm
_14007_,20.21µm
_15793_,20.21µm
_15912_,20.21µm
_16064_,20.21µm
_16090_,20.21µm
_16401_,20.21µm
_17236_,20.21µm
_17342_,20.21µm
_17871_,20.21µm
_18242_,20.21µm
_18941_,20.21µm
_19334_,20.21µm
_19422_,20.21µm
_20213_,20.21µm
_20246_,20.21µm
_20284_,20.21µm
_20311_,20.21µm
_20838_,20.21µm
_20907_,20.21µm
_21442_,20.21µm
_21703_,20.21µm
_21784_,20.21µm
_21997_,20.21µm
_22243_,20.21µm
_22672_,20.21µm
_22760_,20.21µm
_22817_,20.21µm
_22903_,20.21µm
_22936_,20.21µm
_23191_,20.21µm
_23207_,20.21µm
_23482_,20.21µm
_23554_,20.21µm
_23782_,20.21µm
_24414_,20.21µm
_24656_,20.21µm
_24681_,20.21µm
_24837_,20.21µm
_25007_,20.21µm
_25018_,20.21µm
_25120_,20.21µm
_25665_,20.21µm
_26277_,20.21µm
_27141_,20.21µm
_27338_,20.21µm
_27429_,20.21µm
_27476_,20.21µm
_27654_,20.21µm
i_core_v_mini_mcu.ao_peripheral_subsystem_i.soc_ctrl_i.soc_ctrl_reg_top_i.system_frequency_hz_qs\[16\],20.21µm
i_core_v_mini_mcu.ao_peripheral_subsystem_i.tdu_i.cpi_est_q\[47\],20.21µm
i_core_v_mini_mcu.ao_peripheral_subsystem_i.tdu_i.task_mem\[0\]\[17\],20.21µm
i_core_v_mini_mcu.ao_peripheral_subsystem_i.tdu_i.task_mem\[0\]\[26\],20.21µm
i_core_v_mini_mcu.ao_peripheral_subsystem_i.tdu_i.task_mem\[3\]\[9\],20.21µm
i_core_v_mini_mcu.ao_peripheral_subsystem_i.tdu_i.task_mem\[6\]\[17\],20.21µm
i_core_v_mini_mcu.ao_peripheral_subsystem_i.tdu_i.task_mem\[6\]\[18\],20.21µm
i_core_v_mini_mcu.ao_peripheral_subsystem_i.tdu_i.task_mem\[6\]\[1\],20.21µm
i_core_v_mini_mcu.ao_peripheral_subsystem_i.tdu_i.task_mem\[7\]\[17\],20.21µm
i_core_v_mini_mcu.cpu_subsystem_i.cpu_0_0.i_servile.cpu.alu.i_cmp_eq,20.21µm
i_core_v_mini_mcu.cpu_subsystem_i.cpu_0_0.rf_ram_i.memory\[102\]\[1\],20.21µm
i_core_v_mini_mcu.cpu_subsystem_i.cpu_0_0.rf_ram_i.memory\[138\]\[1\],20.21µm
i_core_v_mini_mcu.cpu_subsystem_i.cpu_0_0.rf_ram_i.memory\[172\]\[0\],20.21µm
i_core_v_mini_mcu.cpu_subsystem_i.cpu_0_0.rf_ram_i.memory\[206\]\[1\],20.21µm
i_core_v_mini_mcu.cpu_subsystem_i.cpu_0_0.rf_ram_i.memory\[221\]\[0\],20.21µm
i_core_v_mini_mcu.cpu_subsystem_i.cpu_0_0.rf_ram_i.memory\[413\]\[0\],20.21µm
i_core_v_mini_mcu.cpu_subsystem_i.cpu_0_0.rf_ram_i.memory\[438\]\[1\],20.21µm
i_core_v_mini_mcu.cpu_subsystem_i.cpu_0_0.rf_ram_i.memory\[472\]\[1\],20.21µm
i_core_v_mini_mcu.cpu_subsystem_i.cpu_0_0.rf_ram_i.memory\[507\]\[0\],20.21µm
i_core_v_mini_mcu.cpu_subsystem_i.cpu_1_0.i_servile.arbiter.i_wb_cpu_dbus_adr\[15\],20.21µm
i_core_v_mini_mcu.cpu_subsystem_i.cpu_1_0.rf_ram_i.memory\[121\]\[0\],20.21µm
i_core_v_mini_mcu.cpu_subsystem_i.cpu_1_0.rf_ram_i.memory\[128\]\[1\],20.21µm
i_core_v_mini_mcu.cpu_subsystem_i.cpu_1_0.rf_ram_i.memory\[205\]\[1\],20.21µm
i_core_v_mini_mcu.cpu_subsystem_i.cpu_1_0.rf_ram_i.memory\[215\]\[0\],20.21µm
i_core_v_mini_mcu.cpu_subsystem_i.cpu_1_0.rf_ram_i.memory\[253\]\[0\],20.21µm
i_core_v_mini_mcu.cpu_subsystem_i.cpu_1_0.rf_ram_i.memory\[276\]\[1\],20.21µm
i_core_v_mini_mcu.cpu_subsystem_i.cpu_1_0.rf_ram_i.memory\[310\]\[0\],20.21µm
i_core_v_mini_mcu.cpu_subsystem_i.cpu_1_0.rf_ram_i.memory\[494\]\[1\],20.21µm
i_core_v_mini_mcu.cpu_subsystem_i.cpu_1_0.rf_ram_i.memory\[498\]\[0\],20.21µm
i_core_v_mini_mcu.cpu_subsystem_i.cpu_1_0.rf_ram_i.memory\[65\]\[1\],20.21µm
i_core_v_mini_mcu.cpu_subsystem_i.cpu_1_0.rf_ram_i.memory\[74\]\[1\],20.21µm
i_core_v_mini_mcu.memory_subsystem_i.clk_cg,20.21µm
i_core_v_mini_mcu.memory_subsystem_i.ram0_i.tc_ram_i.sram\[11\]\[20\],20.21µm
i_core_v_mini_mcu.memory_subsystem_i.ram0_i.tc_ram_i.sram\[22\]\[15\],20.21µm
i_core_v_mini_mcu.memory_subsystem_i.ram0_i.tc_ram_i.sram\[27\]\[11\],20.21µm
i_core_v_mini_mcu.memory_subsystem_i.ram0_i.tc_ram_i.sram\[4\]\[14\],20.21µm
i_core_v_mini_mcu.memory_subsystem_i.ram0_i.tc_ram_i.sram\[6\]\[0\],20.21µm
i_core_v_mini_mcu.memory_subsystem_i.ram0_i.tc_ram_i.sram\[9\]\[14\],20.21µm
i_core_v_mini_mcu.peripheral_subsystem_i.uart_i.hw2reg\[15\],20.21µm
i_core_v_mini_mcu.peripheral_subsystem_i.uart_i.reg2hw\[115\],20.21µm
i_core_v_mini_mcu.peripheral_subsystem_i.uart_i.uart_core.u_uart_rxfifo.gen_normal_fifo.storage\[14\],20.21µm
i_core_v_mini_mcu.peripheral_subsystem_i.uart_i.uart_core.u_uart_txfifo.gen_normal_fifo.storage\[26\],20.21µm
net1665,20.17µm
status_o_OUT[4],20.17µm
_00541_,20.16µm
_00662_,20.16µm
_00847_,20.16µm
_01658_,20.16µm
_02120_,20.16µm
_02404_,20.16µm
_03617_,20.16µm
_03688_,20.16µm
_04050_,20.16µm
_04110_,20.16µm
_05287_,20.16µm
_05487_,20.16µm
_05977_,20.16µm
_06680_,20.16µm
_06714_,20.16µm
_06905_,20.16µm
_08301_,20.16µm
_08429_,20.16µm
_08680_,20.16µm
_08830_,20.16µm
_08911_,20.16µm
_08974_,20.16µm
_08980_,20.16µm
_09873_,20.16µm
_09947_,20.16µm
_09957_,20.16µm
_10195_,20.16µm
_10750_,20.16µm
_11116_,20.16µm
_11139_,20.16µm
_11360_,20.16µm
_11375_,20.16µm
_11458_,20.16µm
_11713_,20.16µm
_12112_,20.16µm
_12364_,20.16µm
_12425_,20.16µm
_12616_,20.16µm
_12637_,20.16µm
_12664_,20.16µm
_12965_,20.16µm
_13135_,20.16µm
_13271_,20.16µm
_14109_,20.16µm
_14361_,20.16µm
_14489_,20.16µm
_14713_,20.16µm
_14893_,20.16µm
_14933_,20.16µm
_15847_,20.16µm
_16331_,20.16µm
_16788_,20.16µm
_17147_,20.16µm
_17272_,20.16µm
_17452_,20.16µm
_17826_,20.16µm
_17838_,20.16µm
_18159_,20.16µm
_19638_,20.16µm
_19804_,20.16µm
_20317_,20.16µm
_20548_,20.16µm
_20571_,20.16µm
_20576_,20.16µm
_20820_,20.16µm
_22548_,20.16µm
_23203_,20.16µm
_23255_,20.16µm
_23965_,20.16µm
_24005_,20.16µm
_24059_,20.16µm
_24495_,20.16µm
_24792_,20.16µm
_25063_,20.16µm
_26041_,20.16µm
_26319_,20.16µm
_26388_,20.16µm
_26813_,20.16µm
_27129_,20.16µm
i_core_v_mini_mcu.ao_peripheral_subsystem_i.power_manager_i.power_manager_reg_top_i.global_pointer_qs\[31\],20.16µm
i_core_v_mini_mcu.ao_peripheral_subsystem_i.spi_subsystem_i.obi_spimemio_i.obi_to_picorv32_i.addr_buf\[16\],20.16µm
i_core_v_mini_mcu.ao_peripheral_subsystem_i.spi_subsystem_i.obi_spimemio_i.spimemio_i.buffer\[6\],20.16µm
i_core_v_mini_mcu.ao_peripheral_subsystem_i.tdu_i.active_hart_cycles_q\[26\],20.16µm
i_core_v_mini_mcu.cpu_subsystem_i.cpu_0_0.i_servile.cpu.immdec.gen_immdec_w_eq_1.imm19_12_20\[3\],20.16µm
i_core_v_mini_mcu.cpu_subsystem_i.cpu_0_0.rf_ram_i.memory\[418\]\[1\],20.16µm
i_core_v_mini_mcu.cpu_subsystem_i.cpu_0_0.rf_ram_i.memory\[480\]\[0\],20.16µm
i_core_v_mini_mcu.cpu_subsystem_i.cpu_0_0.rf_ram_i.memory\[506\]\[0\],20.16µm
i_core_v_mini_mcu.cpu_subsystem_i.cpu_0_0.rf_ram_i.memory\[538\]\[1\],20.16µm
i_core_v_mini_mcu.cpu_subsystem_i.cpu_1_0.rf_ram_i.memory\[149\]\[0\],20.16µm
i_core_v_mini_mcu.cpu_subsystem_i.cpu_1_0.rf_ram_i.memory\[175\]\[0\],20.16µm
i_core_v_mini_mcu.cpu_subsystem_i.cpu_1_0.rf_ram_i.memory\[178\]\[0\],20.16µm
i_core_v_mini_mcu.cpu_subsystem_i.cpu_1_0.rf_ram_i.memory\[178\]\[1\],20.16µm
i_core_v_mini_mcu.cpu_subsystem_i.cpu_1_0.rf_ram_i.memory\[456\]\[1\],20.16µm
i_core_v_mini_mcu.cpu_subsystem_i.cpu_1_0.rf_ram_i.memory\[54\]\[1\],20.16µm
i_core_v_mini_mcu.memory_subsystem_i.ram0_i.tc_ram_i.sram\[12\]\[17\],20.16µm
i_core_v_mini_mcu.memory_subsystem_i.ram0_i.tc_ram_i.sram\[22\]\[18\],20.16µm
i_core_v_mini_mcu.memory_subsystem_i.ram0_i.tc_ram_i.sram\[8\]\[7\],20.16µm
i_core_v_mini_mcu.peripheral_subsystem_i.obi_fifo_i.consumer_data_req_q\[6\],20.16µm
i_core_v_mini_mcu.peripheral_subsystem_i.uart_i.uart_core.tx_watermark_d,20.16µm
i_core_v_mini_mcu.peripheral_subsystem_i.uart_i.uart_core.u_uart_txfifo.gen_normal_fifo.fifo_wptr\[0\],20.16µm
i_core_v_mini_mcu.peripheral_subsystem_i.uart_i.uart_core.u_uart_txfifo.gen_normal_fifo.storage\[24\],20.16µm
net1669,20.13µm
net1722,20.11µm
net1719,20.09µm
i_core_v_mini_mcu.cpu_subsystem_i.cpu_0_0.i_servile.cpu.ctrl.o_ibus_adr\[11\],19.88µm
_05576_,19.85µm
_15199_,19.8µm
_17701_,19.8µm
_17761_,19.8µm
_08712_,19.75µm
_15724_,19.75µm
_19300_,19.75µm
_21605_,19.75µm
_22412_,19.75µm
i_core_v_mini_mcu.ao_peripheral_subsystem_i.clint_mtime_o\[2\],19.75µm
i_core_v_mini_mcu.ao_peripheral_subsystem_i.tdu_i.task_mem\[3\]\[28\],19.75µm
i_core_v_mini_mcu.cpu_subsystem_i.cpu_0_0.i_servile.cpu.ctrl.o_ibus_adr\[15\],19.75µm
i_core_v_mini_mcu.cpu_subsystem_i.cpu_0_0.rf_ram_i.memory\[275\]\[1\],19.75µm
i_core_v_mini_mcu.cpu_subsystem_i.cpu_1_0.rf_ram_i.memory\[185\]\[0\],19.75µm
i_core_v_mini_mcu.cpu_subsystem_i.cpu_1_0.rf_ram_i.memory\[248\]\[1\],19.75µm
i_core_v_mini_mcu.cpu_subsystem_i.cpu_1_0.rf_ram_i.memory\[502\]\[0\],19.75µm
i_core_v_mini_mcu.memory_subsystem_i.ram0_i.tc_ram_i.sram\[24\]\[21\],19.75µm
i_core_v_mini_mcu.memory_subsystem_i.ram0_i.tc_ram_i.sram\[29\]\[23\],19.75µm
i_core_v_mini_mcu.peripheral_subsystem_i.uart_i.uart_core.u_uart_txfifo.gen_normal_fifo.storage\[29\],19.75µm
i_core_v_mini_mcu.peripheral_subsystem_i.uart_i.uart_core.uart_rx.sreg_q\[4\],19.75µm
net1680,19.72µm
_00400_,19.7µm
_04756_,19.7µm
_05620_,19.7µm
_05909_,19.7µm
_06018_,19.7µm
_08274_,19.7µm
_08550_,19.7µm
_09551_,19.7µm
_09709_,19.7µm
_10256_,19.7µm
_10291_,19.7µm
_10768_,19.7µm
_11018_,19.7µm
_11036_,19.7µm
_13372_,19.7µm
_13505_,19.7µm
_15959_,19.7µm
_18778_,19.7µm
_20197_,19.7µm
_21110_,19.7µm
_21272_,19.7µm
_21340_,19.7µm
_21788_,19.7µm
_21869_,19.7µm
_23399_,19.7µm
_23509_,19.7µm
_26927_,19.7µm
i_core_v_mini_mcu.ao_peripheral_subsystem_i.obi_fifo_i.consumer_data_req_q\[22\],19.7µm
i_core_v_mini_mcu.ao_peripheral_subsystem_i.power_manager_i.power_manager_counter_sequence_cpu_reset_i.sequence_curr_state\[2\],19.7µm
i_core_v_mini_mcu.ao_peripheral_subsystem_i.power_manager_i.power_manager_counter_sequence_cpu_switch_i.sequence_curr_state\[1\],19.7µm
i_core_v_mini_mcu.ao_peripheral_subsystem_i.power_manager_i.power_manager_reg_top_i.cpu_switch_off_counter_qs\[14\],19.7µm
i_core_v_mini_mcu.ao_peripheral_subsystem_i.soc_ctrl_i.reg2hw\[21\],19.7µm
i_core_v_mini_mcu.cpu_subsystem_i.cpu_0_0.rf_ram_i.memory\[181\]\[0\],19.7µm
i_core_v_mini_mcu.cpu_subsystem_i.cpu_0_0.rf_ram_i.memory\[199\]\[0\],19.7µm
i_core_v_mini_mcu.cpu_subsystem_i.cpu_0_0.rf_ram_i.memory\[205\]\[1\],19.7µm
i_core_v_mini_mcu.cpu_subsystem_i.cpu_0_0.rf_ram_i.memory\[273\]\[0\],19.7µm
i_core_v_mini_mcu.cpu_subsystem_i.cpu_0_0.rf_ram_i.memory\[326\]\[1\],19.7µm
i_core_v_mini_mcu.cpu_subsystem_i.cpu_0_0.rf_ram_i.memory\[474\]\[1\],19.7µm
i_core_v_mini_mcu.cpu_subsystem_i.cpu_0_0.rf_ram_i.memory\[526\]\[1\],19.7µm
i_core_v_mini_mcu.cpu_subsystem_i.cpu_0_0.rf_ram_i.memory\[84\]\[0\],19.7µm
i_core_v_mini_mcu.cpu_subsystem_i.cpu_1_0.rf_ram_i.memory\[183\]\[0\],19.7µm
i_core_v_mini_mcu.cpu_subsystem_i.cpu_1_0.rf_ram_i.memory\[183\]\[1\],19.7µm
i_core_v_mini_mcu.cpu_subsystem_i.cpu_1_0.rf_ram_i.memory\[213\]\[1\],19.7µm
i_core_v_mini_mcu.cpu_subsystem_i.cpu_1_0.rf_ram_i.memory\[228\]\[0\],19.7µm
i_core_v_mini_mcu.cpu_subsystem_i.cpu_1_0.rf_ram_i.memory\[240\]\[1\],19.7µm
i_core_v_mini_mcu.cpu_subsystem_i.cpu_1_0.rf_ram_i.memory\[372\]\[1\],19.7µm
i_core_v_mini_mcu.memory_subsystem_i.ram0_i.tc_ram_i.sram\[12\]\[4\],19.7µm
i_core_v_mini_mcu.memory_subsystem_i.ram0_i.tc_ram_i.sram\[22\]\[13\],19.7µm
i_core_v_mini_mcu.memory_subsystem_i.ram0_i.tc_ram_i.sram\[30\]\[23\],19.7µm
i_core_v_mini_mcu.peripheral_subsystem_i.uart_i.uart_core.u_uart_rxfifo.gen_normal_fifo.storage\[31\],19.7µm
net1891,19.7µm
net1659,19.66µm
_00999_,19.65µm
_01310_,19.65µm
_01474_,19.65µm
_01545_,19.65µm
_02600_,19.65µm
_03018_,19.65µm
_03942_,19.65µm
_05285_,19.65µm
_05291_,19.65µm
_05299_,19.65µm
_05548_,19.65µm
_05580_,19.65µm
_06354_,19.65µm
_06639_,19.65µm
_06867_,19.65µm
_07176_,19.65µm
_08369_,19.65µm
_08734_,19.65µm
_09212_,19.65µm
_09336_,19.65µm
_09395_,19.65µm
_09426_,19.65µm
_09780_,19.65µm
_10052_,19.65µm
_10360_,19.65µm
_10726_,19.65µm
_12801_,19.65µm
_12891_,19.65µm
_13137_,19.65µm
_13519_,19.65µm
_13696_,19.65µm
_13846_,19.65µm
_13973_,19.65µm
_14373_,19.65µm
_14410_,19.65µm
_14483_,19.65µm
_14808_,19.65µm
_14845_,19.65µm
_14991_,19.65µm
_15154_,19.65µm
_15773_,19.65µm
_15835_,19.65µm
_15979_,19.65µm
_16072_,19.65µm
_16397_,19.65µm
_16634_,19.65µm
_17124_,19.65µm
_17250_,19.65µm
_17259_,19.65µm
_17307_,19.65µm
_17368_,19.65µm
_17797_,19.65µm
_17904_,19.65µm
_18515_,19.65µm
_18521_,19.65µm
_18794_,19.65µm
_19261_,19.65µm
_19296_,19.65µm
_19535_,19.65µm
_20927_,19.65µm
_21085_,19.65µm
_21554_,19.65µm
_22403_,19.65µm
_22555_,19.65µm
_22962_,19.65µm
_23154_,19.65µm
_23300_,19.65µm
_23384_,19.65µm
_23932_,19.65µm
_23984_,19.65µm
_24071_,19.65µm
_24659_,19.65µm
_25078_,19.65µm
_25092_,19.65µm
_25127_,19.65µm
_25588_,19.65µm
_25741_,19.65µm
_25959_,19.65µm
_26207_,19.65µm
_26877_,19.65µm
_27312_,19.65µm
_27501_,19.65µm
_27510_,19.65µm
_27573_,19.65µm
i_core_v_mini_mcu.ao_peripheral_subsystem_i.mosaic_clint_i.mtimecmp_q\[26\],19.65µm
i_core_v_mini_mcu.ao_peripheral_subsystem_i.obi_fifo_i.consumer_data_req_q\[18\],19.65µm
i_core_v_mini_mcu.ao_peripheral_subsystem_i.spi_subsystem_i.obi_spimemio_i.spimemio_i.buffer\[21\],19.65µm
i_core_v_mini_mcu.ao_peripheral_subsystem_i.spi_subsystem_i.obi_spimemio_i.spimemio_i.dout_tag\[1\],19.65µm
i_core_v_mini_mcu.ao_peripheral_subsystem_i.tdu_i.task_mem\[6\]\[30\],19.65µm
i_core_v_mini_mcu.cpu_subsystem_i.cpu_0_0.rf_ram_i.memory\[113\]\[0\],19.65µm
i_core_v_mini_mcu.cpu_subsystem_i.cpu_0_0.rf_ram_i.memory\[207\]\[1\],19.65µm
i_core_v_mini_mcu.cpu_subsystem_i.cpu_0_0.rf_ram_i.memory\[244\]\[0\],19.65µm
i_core_v_mini_mcu.cpu_subsystem_i.cpu_0_0.rf_ram_i.memory\[327\]\[1\],19.65µm
i_core_v_mini_mcu.cpu_subsystem_i.cpu_0_0.rf_ram_i.memory\[433\]\[0\],19.65µm
i_core_v_mini_mcu.cpu_subsystem_i.cpu_0_0.rf_ram_i.memory\[525\]\[1\],19.65µm
i_core_v_mini_mcu.cpu_subsystem_i.cpu_0_0.rf_ram_i.memory\[537\]\[1\],19.65µm
i_core_v_mini_mcu.cpu_subsystem_i.cpu_0_0.rf_ram_i.memory\[96\]\[0\],19.65µm
i_core_v_mini_mcu.cpu_subsystem_i.cpu_1_0.i_servile.arbiter.i_wb_cpu_ibus_adr\[22\],19.65µm
i_core_v_mini_mcu.cpu_subsystem_i.cpu_1_0.rf_ram_i.memory\[145\]\[1\],19.65µm
i_core_v_mini_mcu.cpu_subsystem_i.cpu_1_0.rf_ram_i.memory\[160\]\[1\],19.65µm
i_core_v_mini_mcu.cpu_subsystem_i.cpu_1_0.rf_ram_i.memory\[356\]\[0\],19.65µm
i_core_v_mini_mcu.cpu_subsystem_i.cpu_1_0.rf_ram_i.memory\[370\]\[0\],19.65µm
i_core_v_mini_mcu.cpu_subsystem_i.cpu_1_0.rf_ram_i.memory\[409\]\[0\],19.65µm
i_core_v_mini_mcu.cpu_subsystem_i.cpu_1_0.rf_ram_i.memory\[75\]\[0\],19.65µm
i_core_v_mini_mcu.memory_subsystem_i.ram0_i.tc_ram_i.sram\[10\]\[25\],19.65µm
i_core_v_mini_mcu.memory_subsystem_i.ram0_i.tc_ram_i.sram\[11\]\[6\],19.65µm
i_core_v_mini_mcu.memory_subsystem_i.ram0_i.tc_ram_i.sram\[16\]\[30\],19.65µm
i_core_v_mini_mcu.memory_subsystem_i.ram0_i.tc_ram_i.sram\[18\]\[2\],19.65µm
i_core_v_mini_mcu.memory_subsystem_i.ram0_i.tc_ram_i.sram\[20\]\[26\],19.65µm
i_core_v_mini_mcu.memory_subsystem_i.ram0_i.tc_ram_i.sram\[26\]\[13\],19.65µm
i_core_v_mini_mcu.memory_subsystem_i.ram0_i.tc_ram_i.sram\[3\]\[16\],19.65µm
i_core_v_mini_mcu.memory_subsystem_i.ram0_i.tc_ram_i.sram\[4\]\[25\],19.65µm
i_core_v_mini_mcu.memory_subsystem_i.ram0_i.tc_ram_i.sram\[4\]\[29\],19.65µm
i_core_v_mini_mcu.memory_subsystem_i.ram0_i.tc_ram_i.sram\[5\]\[0\],19.65µm
i_core_v_mini_mcu.peripheral_subsystem_i.obi_fifo_i.consumer_data_req_q\[20\],19.65µm
i_core_v_mini_mcu.peripheral_subsystem_i.periph_to_reg_i.r_rdata_d\[28\],19.65µm
i_core_v_mini_mcu.peripheral_subsystem_i.periph_to_reg_i.r_rdata_d\[31\],19.65µm
i_core_v_mini_mcu.peripheral_subsystem_i.uart_i.uart_core.u_uart_txfifo.gen_normal_fifo.storage\[3\],19.65µm
_01088_,19.6µm
_01172_,19.6µm
_02345_,19.6µm
_02462_,19.6µm
_02471_,19.6µm
_03713_,19.6µm
_04680_,19.6µm
_04730_,19.6µm
_04942_,19.6µm
_04960_,19.6µm
_05071_,19.6µm
_05099_,19.6µm
_05191_,19.6µm
_05416_,19.6µm
_05486_,19.6µm
_06392_,19.6µm
_06722_,19.6µm
_07050_,19.6µm
_07744_,19.6µm
_08401_,19.6µm
_10089_,19.6µm
_10219_,19.6µm
_10294_,19.6µm
_10488_,19.6µm
_10699_,19.6µm
_10959_,19.6µm
_11446_,19.6µm
_11630_,19.6µm
_11729_,19.6µm
_11804_,19.6µm
_11922_,19.6µm
_12036_,19.6µm
_12498_,19.6µm
_12916_,19.6µm
_13236_,19.6µm
_13255_,19.6µm
_13290_,19.6µm
_13377_,19.6µm
_13396_,19.6µm
_13694_,19.6µm
_13697_,19.6µm
_13921_,19.6µm
_14002_,19.6µm
_14012_,19.6µm
_14638_,19.6µm
_14910_,19.6µm
_15130_,19.6µm
_15582_,19.6µm
_16293_,19.6µm
_16430_,19.6µm
_16492_,19.6µm
_16550_,19.6µm
_17297_,19.6µm
_17306_,19.6µm
_17347_,19.6µm
_17612_,19.6µm
_18209_,19.6µm
_18224_,19.6µm
_18411_,19.6µm
_18919_,19.6µm
_19409_,19.6µm
_19518_,19.6µm
_20184_,19.6µm
_20229_,19.6µm
_20518_,19.6µm
_20590_,19.6µm
_20627_,19.6µm
_20789_,19.6µm
_21033_,19.6µm
_21777_,19.6µm
_22279_,19.6µm
_23570_,19.6µm
_24285_,19.6µm
_24418_,19.6µm
_24540_,19.6µm
_24665_,19.6µm
_24898_,19.6µm
_25254_,19.6µm
_25917_,19.6µm
_26147_,19.6µm
_26178_,19.6µm
_26182_,19.6µm
_26317_,19.6µm
_26439_,19.6µm
_26870_,19.6µm
_26951_,19.6µm
_27251_,19.6µm
_27347_,19.6µm
_27419_,19.6µm
_27546_,19.6µm
_27663_,19.6µm
_27691_,19.6µm
i_core_v_mini_mcu.ao_peripheral_subsystem_i.tdu_i.active_hart_cycles_q\[31\],19.6µm
i_core_v_mini_mcu.ao_peripheral_subsystem_i.tdu_i.task_mem\[6\]\[16\],19.6µm
i_core_v_mini_mcu.cpu_subsystem_i.cpu_0_0.rf_ram_i.memory\[330\]\[0\],19.6µm
i_core_v_mini_mcu.cpu_subsystem_i.cpu_0_0.rf_ram_i.memory\[337\]\[1\],19.6µm
i_core_v_mini_mcu.cpu_subsystem_i.cpu_0_0.rf_ram_i.memory\[369\]\[0\],19.6µm
i_core_v_mini_mcu.memory_subsystem_i.ram0_i.tc_ram_i.sram\[16\]\[17\],19.6µm
i_core_v_mini_mcu.memory_subsystem_i.ram0_i.tc_ram_i.sram\[1\]\[2\],19.6µm
i_core_v_mini_mcu.memory_subsystem_i.ram0_i.tc_ram_i.sram\[26\]\[26\],19.6µm
i_core_v_mini_mcu.memory_subsystem_i.ram0_i.tc_ram_i.sram\[29\]\[2\],19.6µm
i_core_v_mini_mcu.memory_subsystem_i.ram0_i.tc_ram_i.sram\[4\]\[12\],19.6µm
i_core_v_mini_mcu.memory_subsystem_i.ram0_i.tc_ram_i.sram\[5\]\[24\],19.6µm
i_core_v_mini_mcu.peripheral_subsystem_i.uart_i.uart_core.rx_watermark_prev_q,19.6µm
i_core_v_mini_mcu.system_bus_i.system_xbar_i.gen_xbar_NtoM.i_xbar.gen_outputs\[4\].gen_rr_arb_tree.i_rr_arb_tree.gen_arbiter.rr_q\[2\],19.6µm
net1411,19.6µm
_14947_,19.52µm
i_core_v_mini_mcu.cpu_subsystem_i.cpu_0_0.rf_ram_i.memory\[401\]\[0\],19.37µm
_11555_,19.32µm
i_core_v_mini_mcu.peripheral_subsystem_i.uart_i.uart_core.u_uart_rxfifo.gen_normal_fifo.storage\[21\],19.32µm
_09829_,19.24µm
_15659_,19.24µm
_17752_,19.24µm
i_core_v_mini_mcu.memory_subsystem_i.ram0_i.tc_ram_i.sram\[31\]\[3\],19.24µm
_06588_,19.19µm
_06682_,19.19µm
_08226_,19.19µm
_08740_,19.19µm
_09030_,19.19µm
_09391_,19.19µm
_09860_,19.19µm
_10230_,19.19µm
_15238_,19.19µm
_15383_,19.19µm
_19228_,19.19µm
_21472_,19.19µm
_21795_,19.19µm
_22596_,19.19µm
_23467_,19.19µm
i_core_v_mini_mcu.ao_peripheral_subsystem_i.power_manager_i.reg_to_counter_cpu_powergate_switch_off_i.counter_curr_state\[0\],19.19µm
i_core_v_mini_mcu.cpu_subsystem_i.cpu_0_0.i_servile.cpu.ctrl.o_ibus_adr\[13\],19.19µm
i_core_v_mini_mcu.cpu_subsystem_i.cpu_0_0.rf_ram_i.memory\[332\]\[0\],19.19µm
i_core_v_mini_mcu.cpu_subsystem_i.cpu_0_0.rf_ram_i.memory\[436\]\[1\],19.19µm
i_core_v_mini_mcu.cpu_subsystem_i.cpu_1_0.rf_ram_i.memory\[493\]\[0\],19.19µm
i_core_v_mini_mcu.memory_subsystem_i.ram0_i.tc_ram_i.sram\[12\]\[7\],19.19µm
i_core_v_mini_mcu.memory_subsystem_i.ram0_i.tc_ram_i.sram\[14\]\[6\],19.19µm
i_core_v_mini_mcu.memory_subsystem_i.ram0_i.tc_ram_i.sram\[3\]\[19\],19.19µm
net1608,19.145µm
_04740_,19.14µm
_05841_,19.14µm
_06627_,19.14µm
_08867_,19.14µm
_09273_,19.14µm
_09307_,19.14µm
_10550_,19.14µm
_10656_,19.14µm
_11251_,19.14µm
_11524_,19.14µm
_12035_,19.14µm
_12807_,19.14µm
_14789_,19.14µm
_15035_,19.14µm
_17153_,19.14µm
_18254_,19.14µm
_20851_,19.14µm
_21571_,19.14µm
_23003_,19.14µm
_23456_,19.14µm
_23475_,19.14µm
_25756_,19.14µm
i_core_v_mini_mcu.ao_peripheral_subsystem_i.obi_fifo_i.consumer_data_req_q\[30\],19.14µm
i_core_v_mini_mcu.ao_peripheral_subsystem_i.tdu_i.cpi_est_q\[28\],19.14µm
i_core_v_mini_mcu.ao_peripheral_subsystem_i.tdu_i.cpi_est_q\[48\],19.14µm
i_core_v_mini_mcu.ao_peripheral_subsystem_i.tdu_i.task_mem\[0\]\[27\],19.14µm
i_core_v_mini_mcu.ao_peripheral_subsystem_i.tdu_i.task_mem\[5\]\[9\],19.14µm
i_core_v_mini_mcu.cpu_subsystem_i.cpu_0_0.rf_ram_i.memory\[459\]\[1\],19.14µm
i_core_v_mini_mcu.cpu_subsystem_i.cpu_0_0.rf_ram_i.memory\[515\]\[1\],19.14µm
i_core_v_mini_mcu.cpu_subsystem_i.cpu_0_0.rf_ram_i.memory\[91\]\[0\],19.14µm
i_core_v_mini_mcu.cpu_subsystem_i.cpu_1_0.i_servile.cpu.immdec.gen_immdec_w_eq_1.imm24_20\[1\],19.14µm
i_core_v_mini_mcu.cpu_subsystem_i.cpu_1_0.rf_ram_i.memory\[236\]\[0\],19.14µm
i_core_v_mini_mcu.cpu_subsystem_i.cpu_1_0.rf_ram_i.memory\[24\]\[0\],19.14µm
i_core_v_mini_mcu.cpu_subsystem_i.cpu_1_0.rf_ram_i.memory\[408\]\[0\],19.14µm
i_core_v_mini_mcu.cpu_subsystem_i.cpu_1_0.rf_ram_i.memory\[483\]\[0\],19.14µm
i_core_v_mini_mcu.cpu_subsystem_i.cpu_1_0.rf_ram_i.memory\[492\]\[1\],19.14µm
i_core_v_mini_mcu.cpu_subsystem_i.cpu_1_0.rf_ram_i.memory\[74\]\[0\],19.14µm
i_core_v_mini_mcu.memory_subsystem_i.ram0_i.tc_ram_i.sram\[23\]\[8\],19.14µm
i_core_v_mini_mcu.memory_subsystem_i.ram0_i.tc_ram_i.sram\[25\]\[10\],19.14µm
i_core_v_mini_mcu.memory_subsystem_i.ram0_i.tc_ram_i.sram\[30\]\[26\],19.14µm
i_core_v_mini_mcu.memory_subsystem_i.ram0_i.tc_ram_i.sram\[3\]\[25\],19.14µm
i_core_v_mini_mcu.memory_subsystem_i.ram0_i.tc_ram_i.sram\[6\]\[31\],19.14µm
i_core_v_mini_mcu.peripheral_subsystem_i.uart_i.uart_core.u_uart_rxfifo.gen_normal_fifo.storage\[11\],19.14µm
_01420_,19.09µm
_01446_,19.09µm
_04693_,19.09µm
_04748_,19.09µm
_05290_,19.09µm
_05419_,19.09µm
_05513_,19.09µm
_05880_,19.09µm
_06226_,19.09µm
_07387_,19.09µm
_07646_,19.09µm
_07787_,19.09µm
_08034_,19.09µm
_09070_,19.09µm
_09535_,19.09µm
_10030_,19.09µm
_10160_,19.09µm
_10202_,19.09µm
_10286_,19.09µm
_10429_,19.09µm
_10537_,19.09µm
_10817_,19.09µm
_10976_,19.09µm
_11047_,19.09µm
_11536_,19.09µm
_11545_,19.09µm
_11575_,19.09µm
_11932_,19.09µm
_11988_,19.09µm
_12171_,19.09µm
_13323_,19.09µm
_13327_,19.09µm
_13550_,19.09µm
_13812_,19.09µm
_13970_,19.09µm
_13976_,19.09µm
_14057_,19.09µm
_14219_,19.09µm
_14640_,19.09µm
_14691_,19.09µm
_15028_,19.09µm
_15249_,19.09µm
_15469_,19.09µm
_15567_,19.09µm
_16582_,19.09µm
_16605_,19.09µm
_16812_,19.09µm
_17105_,19.09µm
_17310_,19.09µm
_17588_,19.09µm
_17693_,19.09µm
_18156_,19.09µm
_18166_,19.09µm
_18319_,19.09µm
_19531_,19.09µm
_19630_,19.09µm
_19837_,19.09µm
_19921_,19.09µm
_20632_,19.09µm
_20736_,19.09µm
_20803_,19.09µm
_21045_,19.09µm
_21423_,19.09µm
_21446_,19.09µm
_21545_,19.09µm
_21634_,19.09µm
_21773_,19.09µm
_22106_,19.09µm
_22145_,19.09µm
_22339_,19.09µm
_22671_,19.09µm
_23379_,19.09µm
_23474_,19.09µm
_23508_,19.09µm
_24027_,19.09µm
_24162_,19.09µm
_24279_,19.09µm
_24370_,19.09µm
_24467_,19.09µm
_24626_,19.09µm
_24682_,19.09µm
_25136_,19.09µm
_25160_,19.09µm
_25284_,19.09µm
_25317_,19.09µm
_26494_,19.09µm
_26579_,19.09µm
_26692_,19.09µm
_26733_,19.09µm
_26878_,19.09µm
_27024_,19.09µm
_27401_,19.09µm
_27490_,19.09µm
_27544_,19.09µm
_27607_,19.09µm
i_core_v_mini_mcu.ao_peripheral_subsystem_i.obi_fifo_i.consumer_data_req_q\[47\],19.09µm
i_core_v_mini_mcu.ao_peripheral_subsystem_i.obi_fifo_i.consumer_data_req_q\[64\],19.09µm
i_core_v_mini_mcu.ao_peripheral_subsystem_i.soc_ctrl_i.reg2hw\[10\],19.09µm
i_core_v_mini_mcu.ao_peripheral_subsystem_i.soc_ctrl_i.reg2hw\[23\],19.09µm
i_core_v_mini_mcu.ao_peripheral_subsystem_i.soc_ctrl_i.reg2hw\[8\],19.09µm
i_core_v_mini_mcu.ao_peripheral_subsystem_i.spi_subsystem_i.obi_spimemio_i.spimemio_i.xfer.obuffer\[7\],19.09µm
i_core_v_mini_mcu.ao_peripheral_subsystem_i.tdu_core_wake_o\[1\],19.09µm
i_core_v_mini_mcu.ao_peripheral_subsystem_i.tdu_i.cpi_est_q\[9\],19.09µm
i_core_v_mini_mcu.ao_peripheral_subsystem_i.tdu_i.task_mem\[0\]\[23\],19.09µm
i_core_v_mini_mcu.ao_peripheral_subsystem_i.tdu_i.task_mem\[2\]\[22\],19.09µm
i_core_v_mini_mcu.ao_peripheral_subsystem_i.tdu_i.task_mem\[5\]\[6\],19.09µm
i_core_v_mini_mcu.ao_peripheral_subsystem_i.tdu_i.task_mem\[6\]\[19\],19.09µm
i_core_v_mini_mcu.ao_peripheral_subsystem_i.tdu_i.task_mem\[6\]\[20\],19.09µm
i_core_v_mini_mcu.ao_peripheral_subsystem_i.tdu_i.task_mem\[7\]\[28\],19.09µm
i_core_v_mini_mcu.cpu_subsystem_i.cpu_0_0.rf_ram_i.memory\[126\]\[0\],19.09µm
i_core_v_mini_mcu.cpu_subsystem_i.cpu_0_0.rf_ram_i.memory\[139\]\[1\],19.09µm
i_core_v_mini_mcu.cpu_subsystem_i.cpu_0_0.rf_ram_i.memory\[146\]\[0\],19.09µm
i_core_v_mini_mcu.cpu_subsystem_i.cpu_0_0.rf_ram_i.memory\[147\]\[0\],19.09µm
i_core_v_mini_mcu.cpu_subsystem_i.cpu_0_0.rf_ram_i.memory\[237\]\[0\],19.09µm
i_core_v_mini_mcu.cpu_subsystem_i.cpu_0_0.rf_ram_i.memory\[243\]\[0\],19.09µm
i_core_v_mini_mcu.cpu_subsystem_i.cpu_0_0.rf_ram_i.memory\[265\]\[1\],19.09µm
i_core_v_mini_mcu.cpu_subsystem_i.cpu_0_0.rf_ram_i.memory\[342\]\[0\],19.09µm
i_core_v_mini_mcu.cpu_subsystem_i.cpu_0_0.rf_ram_i.memory\[403\]\[1\],19.09µm
i_core_v_mini_mcu.cpu_subsystem_i.cpu_0_0.rf_ram_i.memory\[559\]\[1\],19.09µm
i_core_v_mini_mcu.cpu_subsystem_i.cpu_1_0.i_servile.arbiter.i_wb_cpu_ibus_adr\[12\],19.09µm
i_core_v_mini_mcu.cpu_subsystem_i.cpu_1_0.i_servile.cpu.alu.add_cy_r,19.09µm
i_core_v_mini_mcu.cpu_subsystem_i.cpu_1_0.rf_ram_i.memory\[125\]\[0\],19.09µm
i_core_v_mini_mcu.cpu_subsystem_i.cpu_1_0.rf_ram_i.memory\[143\]\[0\],19.09µm
i_core_v_mini_mcu.cpu_subsystem_i.cpu_1_0.rf_ram_i.memory\[285\]\[1\],19.09µm
i_core_v_mini_mcu.cpu_subsystem_i.cpu_1_0.rf_ram_i.memory\[507\]\[0\],19.09µm
i_core_v_mini_mcu.memory_subsystem_i.ram0_i.tc_ram_i.sram\[0\]\[30\],19.09µm
i_core_v_mini_mcu.memory_subsystem_i.ram0_i.tc_ram_i.sram\[11\]\[25\],19.09µm
i_core_v_mini_mcu.memory_subsystem_i.ram0_i.tc_ram_i.sram\[13\]\[25\],19.09µm
i_core_v_mini_mcu.memory_subsystem_i.ram0_i.tc_ram_i.sram\[14\]\[19\],19.09µm
i_core_v_mini_mcu.memory_subsystem_i.ram0_i.tc_ram_i.sram\[19\]\[0\],19.09µm
i_core_v_mini_mcu.memory_subsystem_i.ram0_i.tc_ram_i.sram\[23\]\[2\],19.09µm
i_core_v_mini_mcu.memory_subsystem_i.ram0_i.tc_ram_i.sram\[31\]\[6\],19.09µm
i_core_v_mini_mcu.memory_subsystem_i.ram0_i.tc_ram_i.sram\[3\]\[20\],19.09µm
i_core_v_mini_mcu.memory_subsystem_i.ram0_i.tc_ram_i.sram\[7\]\[19\],19.09µm
i_core_v_mini_mcu.memory_subsystem_i.ram0_i.tc_ram_i.sram\[9\]\[21\],19.09µm
i_core_v_mini_mcu.peripheral_subsystem_i.obi_fifo_i.obi_resp_fifo_i.status_cnt_q\[1\],19.09µm
i_core_v_mini_mcu.peripheral_subsystem_i.uart_i.reg2hw\[35\],19.09µm
i_core_v_mini_mcu.peripheral_subsystem_i.uart_i.uart_core.allzero_cnt_q\[4\],19.09µm
i_core_v_mini_mcu.peripheral_subsystem_i.uart_i.uart_core.u_uart_txfifo.gen_normal_fifo.storage\[22\],19.09µm
_00063_,19.04µm
_00089_,19.04µm
_00204_,19.04µm
_01108_,19.04µm
_01145_,19.04µm
_01214_,19.04µm
_01822_,19.04µm
_02056_,19.04µm
_02363_,19.04µm
_03172_,19.04µm
_03711_,19.04µm
_04458_,19.04µm
_04459_,19.04µm
_04637_,19.04µm
_04676_,19.04µm
_04694_,19.04µm
_04697_,19.04µm
_04765_,19.04µm
_05055_,19.04µm
_06618_,19.04µm
_06902_,19.04µm
_07210_,19.04µm
_07647_,19.04µm
_07904_,19.04µm
_08089_,19.04µm
_08353_,19.04µm
_08356_,19.04µm
_08475_,19.04µm
_08692_,19.04µm
_08953_,19.04µm
_09589_,19.04µm
_09879_,19.04µm
_09972_,19.04µm
_10378_,19.04µm
_10530_,19.04µm
_10650_,19.04µm
_10712_,19.04µm
_10782_,19.04µm
_10973_,19.04µm
_10991_,19.04µm
_11032_,19.04µm
_11098_,19.04µm
_11192_,19.04µm
_11287_,19.04µm
_11301_,19.04µm
_11350_,19.04µm
_11422_,19.04µm
_11702_,19.04µm
_11770_,19.04µm
_12428_,19.04µm
_12943_,19.04µm
_13016_,19.04µm
_13309_,19.04µm
_13811_,19.04µm
_13871_,19.04µm
_14018_,19.04µm
_14096_,19.04µm
_14175_,19.04µm
_14767_,19.04µm
_15268_,19.04µm
_15452_,19.04µm
_15584_,19.04µm
_15761_,19.04µm
_16056_,19.04µm
_16166_,19.04µm
_16345_,19.04µm
_17275_,19.04µm
_17688_,19.04µm
_18214_,19.04µm
_18245_,19.04µm
_18381_,19.04µm
_18701_,19.04µm
_19053_,19.04µm
_19508_,19.04µm
_19527_,19.04µm
_19574_,19.04µm
_20015_,19.04µm
_20339_,19.04µm
_21076_,19.04µm
_21445_,19.04µm
_21771_,19.04µm
_21996_,19.04µm
_22647_,19.04µm
_22747_,19.04µm
_22909_,19.04µm
_23148_,19.04µm
_23208_,19.04µm
_23345_,19.04µm
_23357_,19.04µm
_23571_,19.04µm
_23834_,19.04µm
_23972_,19.04µm
_24122_,19.04µm
_24227_,19.04µm
_24229_,19.04µm
_24261_,19.04µm
_24317_,19.04µm
_24514_,19.04µm
_24720_,19.04µm
_24897_,19.04µm
_25032_,19.04µm
_25260_,19.04µm
_25848_,19.04µm
_26235_,19.04µm
_26518_,19.04µm
_26846_,19.04µm
_27280_,19.04µm
_27634_,19.04µm
i_core_v_mini_mcu.ao_peripheral_subsystem_i.obi_fifo_i.consumer_data_req\[44\],19.04µm
i_core_v_mini_mcu.ao_peripheral_subsystem_i.obi_fifo_i.consumer_data_req_q\[14\],19.04µm
i_core_v_mini_mcu.ao_peripheral_subsystem_i.power_manager_i.power_manager_reg_top_i.reg2hw\[238\],19.04µm
i_core_v_mini_mcu.ao_peripheral_subsystem_i.spi_subsystem_i.obi_spimemio_i.spimemio_i.rd_inc,19.04µm
i_core_v_mini_mcu.ao_peripheral_subsystem_i.tdu_i.cpi_est_q\[53\],19.04µm
i_core_v_mini_mcu.ao_peripheral_subsystem_i.tdu_i.task_mem\[0\]\[12\],19.04µm
i_core_v_mini_mcu.ao_peripheral_subsystem_i.tdu_i.task_mem\[4\]\[17\],19.04µm
i_core_v_mini_mcu.cpu_subsystem_i.cpu_0_0.rf_ram_i.memory\[359\]\[1\],19.04µm
i_core_v_mini_mcu.cpu_subsystem_i.cpu_0_0.rf_ram_i.memory\[383\]\[1\],19.04µm
i_core_v_mini_mcu.cpu_subsystem_i.cpu_0_0.rf_ram_i.memory\[38\]\[1\],19.04µm
i_core_v_mini_mcu.cpu_subsystem_i.cpu_1_0.rf_ram_i.memory\[141\]\[0\],19.04µm
i_core_v_mini_mcu.cpu_subsystem_i.cpu_1_0.rf_ram_i.memory\[252\]\[1\],19.04µm
i_core_v_mini_mcu.cpu_subsystem_i.cpu_1_0.rf_ram_i.memory\[492\]\[0\],19.04µm
i_core_v_mini_mcu.cpu_subsystem_i.cpu_1_0.rf_ram_i.memory\[50\]\[0\],19.04µm
i_core_v_mini_mcu.memory_subsystem_i.ram0_i.tc_ram_i.sram\[10\]\[13\],19.04µm
i_core_v_mini_mcu.memory_subsystem_i.ram0_i.tc_ram_i.sram\[10\]\[4\],19.04µm
i_core_v_mini_mcu.memory_subsystem_i.ram0_i.tc_ram_i.sram\[17\]\[4\],19.04µm
i_core_v_mini_mcu.memory_subsystem_i.ram0_i.tc_ram_i.sram\[21\]\[3\],19.04µm
i_core_v_mini_mcu.memory_subsystem_i.ram0_i.tc_ram_i.sram\[28\]\[4\],19.04µm
i_core_v_mini_mcu.peripheral_subsystem_i.uart_i.reg2hw\[34\],19.04µm
net1415,19.04µm
spi_flash_sd_io_IN[1],19.01µm
net1717,18.89µm
net1656,18.86µm
net1658,18.86µm
_09417_,18.81µm
i_core_v_mini_mcu.ao_peripheral_subsystem_i.obi_fifo_i.consumer_data_req\[42\],18.81µm
i_core_v_mini_mcu.cpu_subsystem_i.cpu_0_0.rf_ram_i.memory\[240\]\[1\],18.81µm
_14818_,18.78µm
_10108_,18.76µm
_24885_,18.76µm
i_core_v_mini_mcu.cpu_subsystem_i.cpu_0_0.rf_ram_i.memory\[467\]\[1\],18.76µm
i_core_v_mini_mcu.cpu_subsystem_i.cpu_0_0.rf_ram_i.memory\[51\]\[0\],18.76µm
i_core_v_mini_mcu.cpu_subsystem_i.cpu_1_0.rf_ram_i.memory\[117\]\[1\],18.76µm
i_core_v_mini_mcu.cpu_subsystem_i.cpu_1_0.rf_ram_i.memory\[302\]\[0\],18.76µm
i_core_v_mini_mcu.memory_subsystem_i.ram0_i.tc_ram_i.sram\[3\]\[9\],18.76µm
_06217_,18.73µm
net1662,18.7µm
_13620_,18.68µm
_14387_,18.68µm
_14809_,18.68µm
_20348_,18.68µm
net1638,18.67µm
_06596_,18.63µm
_07532_,18.63µm
_08093_,18.63µm
_09729_,18.63µm
_14503_,18.63µm
_16213_,18.63µm
_16808_,18.63µm
i_core_v_mini_mcu.ao_peripheral_subsystem_i.power_manager_i.power_manager_reg_top_i.en_wait_for_intr_qs\[2\],18.63µm
i_core_v_mini_mcu.ao_peripheral_subsystem_i.tdu_i.task_mem\[3\]\[13\],18.63µm
i_core_v_mini_mcu.cpu_subsystem_i.cpu_1_0.i_servile.arbiter.i_wb_cpu_ibus_adr\[15\],18.63µm
i_core_v_mini_mcu.cpu_subsystem_i.cpu_1_0.rf_ram_i.memory\[134\]\[1\],18.63µm
i_core_v_mini_mcu.cpu_subsystem_i.cpu_1_0.rf_ram_i.memory\[84\]\[1\],18.63µm
i_core_v_mini_mcu.memory_subsystem_i.ram0_i.tc_ram_i.sram\[0\]\[24\],18.63µm
i_core_v_mini_mcu.memory_subsystem_i.ram0_i.tc_ram_i.sram\[22\]\[1\],18.63µm
_03953_,18.58µm
_05449_,18.58µm
_05484_,18.58µm
_06146_,18.58µm
_06367_,18.58µm
_06838_,18.58µm
_07690_,18.58µm
_08493_,18.58µm
_10252_,18.58µm
_10318_,18.58µm
_10347_,18.58µm
_10367_,18.58µm
_10525_,18.58µm
_12282_,18.58µm
_12619_,18.58µm
_12984_,18.58µm
_16749_,18.58µm
_16875_,18.58µm
_17928_,18.58µm
_18709_,18.58µm
_20144_,18.58µm
_21263_,18.58µm
_21614_,18.58µm
_22498_,18.58µm
_23400_,18.58µm
_23411_,18.58µm
_23438_,18.58µm
_23443_,18.58µm
_23561_,18.58µm
_23625_,18.58µm
_24887_,18.58µm
_26576_,18.58µm
_26947_,18.58µm
_26964_,18.58µm
i_core_v_mini_mcu.ao_peripheral_subsystem_i.power_manager_i.cpu_powergate_counter_expired_reset_deassert,18.58µm
i_core_v_mini_mcu.ao_peripheral_subsystem_i.power_manager_i.power_manager_reg_top_i.reg2hw\[240\],18.58µm
i_core_v_mini_mcu.ao_peripheral_subsystem_i.power_manager_i.power_manager_sequence_ram_0_switch_i.sequence_curr_state\[3\],18.58µm
i_core_v_mini_mcu.ao_peripheral_subsystem_i.spi_subsystem_i.obi_spimemio_i.obi_to_picorv32_i.addr_buf\[3\],18.58µm
i_core_v_mini_mcu.ao_peripheral_subsystem_i.tdu_i.task_mem\[1\]\[6\],18.58µm
i_core_v_mini_mcu.cpu_subsystem_i.cpu_0_0.rf_ram_i.memory\[297\]\[1\],18.58µm
i_core_v_mini_mcu.cpu_subsystem_i.cpu_0_0.rf_ram_i.memory\[305\]\[0\],18.58µm
i_core_v_mini_mcu.cpu_subsystem_i.cpu_0_0.rf_ram_i.memory\[325\]\[0\],18.58µm
i_core_v_mini_mcu.cpu_subsystem_i.cpu_0_0.rf_ram_i.memory\[46\]\[1\],18.58µm
i_core_v_mini_mcu.cpu_subsystem_i.cpu_0_0.rf_ram_i.memory\[487\]\[1\],18.58µm
i_core_v_mini_mcu.cpu_subsystem_i.cpu_1_0.rf_ram_i.memory\[102\]\[0\],18.58µm
i_core_v_mini_mcu.cpu_subsystem_i.cpu_1_0.rf_ram_i.memory\[173\]\[1\],18.58µm
i_core_v_mini_mcu.cpu_subsystem_i.cpu_1_0.rf_ram_i.memory\[174\]\[1\],18.58µm
i_core_v_mini_mcu.cpu_subsystem_i.cpu_1_0.rf_ram_i.memory\[366\]\[1\],18.58µm
i_core_v_mini_mcu.cpu_subsystem_i.cpu_1_0.rf_ram_i.memory\[55\]\[0\],18.58µm
i_core_v_mini_mcu.memory_subsystem_i.ram0_i.tc_ram_i.sram\[0\]\[15\],18.58µm
i_core_v_mini_mcu.memory_subsystem_i.ram0_i.tc_ram_i.sram\[0\]\[21\],18.58µm
i_core_v_mini_mcu.memory_subsystem_i.ram0_i.tc_ram_i.sram\[10\]\[18\],18.58µm
i_core_v_mini_mcu.memory_subsystem_i.ram0_i.tc_ram_i.sram\[15\]\[3\],18.58µm
i_core_v_mini_mcu.memory_subsystem_i.ram0_i.tc_ram_i.sram\[15\]\[6\],18.58µm
i_core_v_mini_mcu.memory_subsystem_i.ram0_i.tc_ram_i.sram\[1\]\[16\],18.58µm
i_core_v_mini_mcu.memory_subsystem_i.ram0_i.tc_ram_i.sram\[25\]\[27\],18.58µm
i_core_v_mini_mcu.memory_subsystem_i.ram0_i.tc_ram_i.sram\[25\]\[6\],18.58µm
i_core_v_mini_mcu.memory_subsystem_i.ram0_i.tc_ram_i.sram\[27\]\[0\],18.58µm
i_core_v_mini_mcu.memory_subsystem_i.ram0_i.tc_ram_i.sram\[4\]\[21\],18.58µm
i_core_v_mini_mcu.memory_subsystem_i.ram0_i.tc_ram_i.sram\[8\]\[20\],18.58µm
i_core_v_mini_mcu.memory_subsystem_i.ram0_i.tc_ram_i.sram\[8\]\[22\],18.58µm
i_core_v_mini_mcu.peripheral_subsystem_i.obi_fifo_i.consumer_data_req\[19\],18.58µm
i_core_v_mini_mcu.peripheral_subsystem_i.periph_to_reg_i.r_rdata_d\[1\],18.58µm
i_core_v_mini_mcu.peripheral_subsystem_i.uart_i.uart_core.nco_sum_q\[13\],18.58µm
i_core_v_mini_mcu.peripheral_subsystem_i.uart_i.uart_core.nco_sum_q\[15\],18.58µm
_00371_,18.53µm
_01005_,18.53µm
_01030_,18.53µm
_01253_,18.53µm
_01402_,18.53µm
_02050_,18.53µm
_02092_,18.53µm
_02361_,18.53µm
_02368_,18.53µm
_03491_,18.53µm
_03781_,18.53µm
_03782_,18.53µm
_03928_,18.53µm
_03956_,18.53µm
_04524_,18.53µm
_04685_,18.53µm
_04886_,18.53µm
_05073_,18.53µm
_05647_,18.53µm
_05845_,18.53µm
_06252_,18.53µm
_06604_,18.53µm
_06640_,18.53µm
_06683_,18.53µm
_06900_,18.53µm
_07595_,18.53µm
_07771_,18.53µm
_08151_,18.53µm
_08156_,18.53µm
_09142_,18.53µm
_09175_,18.53µm
_09279_,18.53µm
_09470_,18.53µm
_09631_,18.53µm
_09698_,18.53µm
_09921_,18.53µm
_10076_,18.53µm
_10080_,18.53µm
_10345_,18.53µm
_11196_,18.53µm
_11488_,18.53µm
_11703_,18.53µm
_11876_,18.53µm
_12202_,18.53µm
_12652_,18.53µm
_12732_,18.53µm
_13181_,18.53µm
_13197_,18.53µm
_13298_,18.53µm
_13531_,18.53µm
_13581_,18.53µm
_13622_,18.53µm
_13627_,18.53µm
_14027_,18.53µm
_14125_,18.53µm
_14210_,18.53µm
_14502_,18.53µm
_14698_,18.53µm
_14918_,18.53µm
_15043_,18.53µm
_15377_,18.53µm
_15707_,18.53µm
_15785_,18.53µm
_15934_,18.53µm
_15964_,18.53µm
_16298_,18.53µm
_17231_,18.53µm
_18323_,18.53µm
_18458_,18.53µm
_18535_,18.53µm
_18734_,18.53µm
_18843_,18.53µm
_18856_,18.53µm
_19301_,18.53µm
_19494_,18.53µm
_19941_,18.53µm
_19991_,18.53µm
_20169_,18.53µm
_20622_,18.53µm
_21113_,18.53µm
_21878_,18.53µm
_21982_,18.53µm
_22165_,18.53µm
_22306_,18.53µm
_22605_,18.53µm
_22717_,18.53µm
_22813_,18.53µm
_22892_,18.53µm
_23077_,18.53µm
_23101_,18.53µm
_23280_,18.53µm
_23347_,18.53µm
_23481_,18.53µm
_23553_,18.53µm
_23897_,18.53µm
_23959_,18.53µm
_23995_,18.53µm
_24390_,18.53µm
_24587_,18.53µm
_24791_,18.53µm
_24850_,18.53µm
_24895_,18.53µm
_24978_,18.53µm
_25030_,18.53µm
_25115_,18.53µm
_25190_,18.53µm
_25360_,18.53µm
_25577_,18.53µm
_25860_,18.53µm
_25906_,18.53µm
_26230_,18.53µm
_26403_,18.53µm
_26716_,18.53µm
_26903_,18.53µm
_27578_,18.53µm
_27585_,18.53µm
_27636_,18.53µm
i_core_v_mini_mcu.ao_peripheral_subsystem_i.obi_fifo_i.consumer_data_req\[46\],18.53µm
i_core_v_mini_mcu.ao_peripheral_subsystem_i.obi_fifo_i.consumer_data_req_q\[68\],18.53µm
i_core_v_mini_mcu.ao_peripheral_subsystem_i.power_manager_i.power_manager_reg_top_i.ram_0_retentive_qs,18.53µm
i_core_v_mini_mcu.ao_peripheral_subsystem_i.soc_ctrl_i.soc_ctrl_reg_top_i.system_frequency_hz_qs\[21\],18.53µm
i_core_v_mini_mcu.ao_peripheral_subsystem_i.spi_subsystem_i.obi_spimemio_i.spimemio_i.buffer\[11\],18.53µm
i_core_v_mini_mcu.ao_peripheral_subsystem_i.spi_subsystem_i.obi_spimemio_i.spimemio_i.din_data\[4\],18.53µm
i_core_v_mini_mcu.ao_peripheral_subsystem_i.spi_subsystem_i.obi_spimemio_i.spimemio_i.rd_addr\[2\],18.53µm
i_core_v_mini_mcu.ao_peripheral_subsystem_i.spi_subsystem_i.obi_spimemio_i.spimemio_i.state\[11\],18.53µm
i_core_v_mini_mcu.ao_peripheral_subsystem_i.tdu_i.task_mem\[4\]\[2\],18.53µm
i_core_v_mini_mcu.ao_peripheral_subsystem_i.tdu_i.task_mem\[5\]\[25\],18.53µm
i_core_v_mini_mcu.cpu_subsystem_i.cpu_0_0.i_servile.rf_ram_if.wdata0_r\[1\],18.53µm
i_core_v_mini_mcu.cpu_subsystem_i.cpu_0_0.rf_ram_i.memory\[255\]\[0\],18.53µm
i_core_v_mini_mcu.cpu_subsystem_i.cpu_0_0.rf_ram_i.memory\[317\]\[0\],18.53µm
i_core_v_mini_mcu.cpu_subsystem_i.cpu_0_0.rf_ram_i.memory\[318\]\[1\],18.53µm
i_core_v_mini_mcu.cpu_subsystem_i.cpu_0_0.rf_ram_i.memory\[324\]\[0\],18.53µm
i_core_v_mini_mcu.cpu_subsystem_i.cpu_0_0.rf_ram_i.memory\[340\]\[0\],18.53µm
i_core_v_mini_mcu.cpu_subsystem_i.cpu_0_0.rf_ram_i.memory\[358\]\[0\],18.53µm
i_core_v_mini_mcu.cpu_subsystem_i.cpu_0_0.rf_ram_i.memory\[3\]\[1\],18.53µm
i_core_v_mini_mcu.cpu_subsystem_i.cpu_0_0.rf_ram_i.memory\[534\]\[0\],18.53µm
i_core_v_mini_mcu.cpu_subsystem_i.cpu_0_0.rf_ram_i.memory\[541\]\[1\],18.53µm
i_core_v_mini_mcu.cpu_subsystem_i.cpu_0_0.rf_ram_i.memory\[554\]\[1\],18.53µm
i_core_v_mini_mcu.cpu_subsystem_i.cpu_0_0.rf_ram_i.memory\[555\]\[1\],18.53µm
i_core_v_mini_mcu.cpu_subsystem_i.cpu_0_0.rf_ram_i.memory\[99\]\[1\],18.53µm
i_core_v_mini_mcu.cpu_subsystem_i.cpu_1_0.rf_ram_i.memory\[158\]\[1\],18.53µm
i_core_v_mini_mcu.cpu_subsystem_i.cpu_1_0.rf_ram_i.memory\[234\]\[1\],18.53µm
i_core_v_mini_mcu.cpu_subsystem_i.cpu_1_0.rf_ram_i.memory\[278\]\[0\],18.53µm
i_core_v_mini_mcu.cpu_subsystem_i.cpu_1_0.rf_ram_i.memory\[287\]\[1\],18.53µm
i_core_v_mini_mcu.cpu_subsystem_i.cpu_1_0.rf_ram_i.memory\[367\]\[1\],18.53µm
i_core_v_mini_mcu.cpu_subsystem_i.cpu_1_0.rf_ram_i.memory\[83\]\[0\],18.53µm
i_core_v_mini_mcu.memory_subsystem_i.ram0_i.tc_ram_i.sram\[0\]\[14\],18.53µm
i_core_v_mini_mcu.memory_subsystem_i.ram0_i.tc_ram_i.sram\[0\]\[31\],18.53µm
i_core_v_mini_mcu.memory_subsystem_i.ram0_i.tc_ram_i.sram\[0\]\[3\],18.53µm
i_core_v_mini_mcu.memory_subsystem_i.ram0_i.tc_ram_i.sram\[12\]\[8\],18.53µm
i_core_v_mini_mcu.memory_subsystem_i.ram0_i.tc_ram_i.sram\[16\]\[23\],18.53µm
i_core_v_mini_mcu.memory_subsystem_i.ram0_i.tc_ram_i.sram\[22\]\[25\],18.53µm
i_core_v_mini_mcu.memory_subsystem_i.ram0_i.tc_ram_i.sram\[24\]\[6\],18.53µm
i_core_v_mini_mcu.memory_subsystem_i.ram0_i.tc_ram_i.sram\[25\]\[13\],18.53µm
i_core_v_mini_mcu.memory_subsystem_i.ram0_i.tc_ram_i.sram\[26\]\[16\],18.53µm
i_core_v_mini_mcu.memory_subsystem_i.ram0_i.tc_ram_i.sram\[8\]\[13\],18.53µm
i_core_v_mini_mcu.memory_subsystem_i.ram0_i.tc_ram_i.sram\[9\]\[28\],18.53µm
i_core_v_mini_mcu.peripheral_slave_resp\[19\],18.53µm
i_core_v_mini_mcu.peripheral_subsystem_i.obi_fifo_i.consumer_data_req_q\[17\],18.53µm
i_core_v_mini_mcu.peripheral_subsystem_i.uart_i.uart_core.nco_sum_q\[11\],18.53µm
_01028_,18.48µm
_01035_,18.48µm
_01355_,18.48µm
_01692_,18.48µm
_01806_,18.48µm
_03053_,18.48µm
_04744_,18.48µm
_04751_,18.48µm
_05054_,18.48µm
_05372_,18.48µm
_05427_,18.48µm
_05754_,18.48µm
_05908_,18.48µm
_06067_,18.48µm
_06139_,18.48µm
_06601_,18.48µm
_06760_,18.48µm
_07290_,18.48µm
_08013_,18.48µm
_08310_,18.48µm
_08687_,18.48µm
_09680_,18.48µm
_09694_,18.48µm
_09790_,18.48µm
_10031_,18.48µm
_10151_,18.48µm
_10377_,18.48µm
_10964_,18.48µm
_11043_,18.48µm
_11152_,18.48µm
_11411_,18.48µm
_11509_,18.48µm
_11798_,18.48µm
_11882_,18.48µm
_12095_,18.48µm
_12314_,18.48µm
_12339_,18.48µm
_12486_,18.48µm
_12514_,18.48µm
_12585_,18.48µm
_12825_,18.48µm
_12932_,18.48µm
_12986_,18.48µm
_13232_,18.48µm
_13246_,18.48µm
_13394_,18.48µm
_13454_,18.48µm
_13498_,18.48µm
_13763_,18.48µm
_14680_,18.48µm
_14780_,18.48µm
_14941_,18.48µm
_15531_,18.48µm
_15563_,18.48µm
_15818_,18.48µm
_15891_,18.48µm
_16446_,18.48µm
_16513_,18.48µm
_16748_,18.48µm
_17195_,18.48µm
_17386_,18.48µm
_17653_,18.48µm
_18387_,18.48µm
_18722_,18.48µm
_18841_,18.48µm
_19023_,18.48µm
_19586_,18.48µm
_19723_,18.48µm
_19904_,18.48µm
_19915_,18.48µm
_20203_,18.48µm
_20222_,18.48µm
_20330_,18.48µm
_20377_,18.48µm
_20661_,18.48µm
_21117_,18.48µm
_21164_,18.48µm
_21635_,18.48µm
_21812_,18.48µm
_22640_,18.48µm
_22788_,18.48µm
_22826_,18.48µm
_22957_,18.48µm
_23220_,18.48µm
_23268_,18.48µm
_23331_,18.48µm
_24904_,18.48µm
_24942_,18.48µm
_25173_,18.48µm
_25263_,18.48µm
_25583_,18.48µm
_25792_,18.48µm
_25902_,18.48µm
_26392_,18.48µm
_26519_,18.48µm
_26840_,18.48µm
_27356_,18.48µm
_27555_,18.48µm
i_core_v_mini_mcu.ao_peripheral_subsystem_i.power_manager_i.cpu_powergate_counter_expired_iso_off,18.48µm
i_core_v_mini_mcu.ao_peripheral_subsystem_i.power_manager_i.power_manager_reg_top_i.cpu_reset_deassert_counter_qs\[6\],18.48µm
i_core_v_mini_mcu.ao_peripheral_subsystem_i.tdu_i.task_mem\[0\]\[21\],18.48µm
i_core_v_mini_mcu.cpu_subsystem_i.cpu_0_0.i_servile.arbiter.i_wb_cpu_dbus_adr\[13\],18.48µm
i_core_v_mini_mcu.cpu_subsystem_i.cpu_0_0.rf_ram_i.memory\[0\]\[1\],18.48µm
i_core_v_mini_mcu.cpu_subsystem_i.cpu_0_0.rf_ram_i.memory\[159\]\[1\],18.48µm
i_core_v_mini_mcu.cpu_subsystem_i.cpu_0_0.rf_ram_i.memory\[285\]\[0\],18.48µm
i_core_v_mini_mcu.cpu_subsystem_i.cpu_0_0.rf_ram_i.memory\[407\]\[1\],18.48µm
i_core_v_mini_mcu.cpu_subsystem_i.cpu_0_0.rf_ram_i.memory\[514\]\[0\],18.48µm
i_core_v_mini_mcu.cpu_subsystem_i.cpu_1_0.rf_ram_i.memory\[192\]\[0\],18.48µm
i_core_v_mini_mcu.cpu_subsystem_i.cpu_1_0.rf_ram_i.memory\[215\]\[1\],18.48µm
i_core_v_mini_mcu.cpu_subsystem_i.cpu_1_0.rf_ram_i.memory\[221\]\[0\],18.48µm
i_core_v_mini_mcu.memory_subsystem_i.ram0_i.tc_ram_i.sram\[0\]\[23\],18.48µm
i_core_v_mini_mcu.memory_subsystem_i.ram0_i.tc_ram_i.sram\[15\]\[27\],18.48µm
i_core_v_mini_mcu.memory_subsystem_i.ram0_i.tc_ram_i.sram\[15\]\[2\],18.48µm
i_core_v_mini_mcu.memory_subsystem_i.ram0_i.tc_ram_i.sram\[26\]\[3\],18.48µm
i_core_v_mini_mcu.memory_subsystem_i.ram0_i.tc_ram_i.sram\[5\]\[9\],18.48µm
i_core_v_mini_mcu.memory_subsystem_i.ram0_i.tc_ram_i.sram\[6\]\[13\],18.48µm
i_core_v_mini_mcu.peripheral_subsystem_i.uart_i.uart_core.u_uart_rxfifo.gen_normal_fifo.storage\[15\],18.48µm
net1604,18.39µm
i_core_v_mini_mcu.memory_subsystem_i.ram0_i.tc_ram_i.sram\[4\]\[2\],18.3µm
i_core_v_mini_mcu.memory_subsystem_i.ram0_i.tc_ram_i.sram\[7\]\[6\],18.3µm
i_core_v_mini_mcu.memory_subsystem_i.ram0_i.tc_ram_i.sram\[12\]\[16\],18.25µm
i_core_v_mini_mcu.memory_subsystem_i.ram0_i.tc_ram_i.sram\[13\]\[8\],18.25µm
net1710,18.18µm
_14201_,18.12µm
_02035_,18.07µm
_06994_,18.07µm
_08600_,18.07µm
_08632_,18.07µm
_08937_,18.07µm
_10310_,18.07µm
_10474_,18.07µm
_12756_,18.07µm
_19134_,18.07µm
_23428_,18.07µm
_23487_,18.07µm
i_core_v_mini_mcu.ao_peripheral_subsystem_i.obi_fifo_i.consumer_data_req\[17\],18.07µm
i_core_v_mini_mcu.cpu_subsystem_i.cpu_0_0.i_servile.cpu.immdec.gen_immdec_w_eq_1.imm24_20\[1\],18.07µm
i_core_v_mini_mcu.cpu_subsystem_i.cpu_0_0.rf_ram_i.memory\[558\]\[0\],18.07µm
i_core_v_mini_mcu.cpu_subsystem_i.cpu_1_0.rf_ram_i.memory\[179\]\[1\],18.07µm
i_core_v_mini_mcu.cpu_subsystem_i.cpu_1_0.rf_ram_i.memory\[269\]\[1\],18.07µm
_04657_,18.02µm
_04675_,18.02µm
_04813_,18.02µm
_05147_,18.02µm
_05598_,18.02µm
_05774_,18.02µm
_06340_,18.02µm
_06398_,18.02µm
_06401_,18.02µm
_06495_,18.02µm
_06829_,18.02µm
_08140_,18.02µm
_08837_,18.02µm
_09616_,18.02µm
_10121_,18.02µm
_10208_,18.02µm
_12970_,18.02µm
_14485_,18.02µm
_14641_,18.02µm
_14986_,18.02µm
_16441_,18.02µm
_17130_,18.02µm
_18202_,18.02µm
_19613_,18.02µm
_19812_,18.02µm
_20259_,18.02µm
_21004_,18.02µm
_21213_,18.02µm
_21500_,18.02µm
_21509_,18.02µm
_21889_,18.02µm
_22116_,18.02µm
_22809_,18.02µm
_23434_,18.02µm
_23499_,18.02µm
_23749_,18.02µm
_25753_,18.02µm
i_core_v_mini_mcu.ao_peripheral_subsystem_i.obi_fifo_i.consumer_data_req_q\[7\],18.02µm
i_core_v_mini_mcu.ao_peripheral_subsystem_i.power_manager_i.power_manager_reg_top_i.cpu_switch_off_counter_qs\[11\],18.02µm
i_core_v_mini_mcu.ao_peripheral_subsystem_i.soc_ctrl_i.soc_ctrl_reg_top_i.system_frequency_hz_qs\[25\],18.02µm
i_core_v_mini_mcu.ao_peripheral_subsystem_i.spi_subsystem_i.obi_spimemio_i.obi_to_picorv32_i.picorv32_resp_i\[16\],18.02µm
i_core_v_mini_mcu.ao_peripheral_subsystem_i.tdu_i.cpi_est_q\[6\],18.02µm
i_core_v_mini_mcu.ao_peripheral_subsystem_i.tdu_i.task_mem\[4\]\[31\],18.02µm
i_core_v_mini_mcu.ao_peripheral_subsystem_i.tdu_i.task_mem\[6\]\[27\],18.02µm
i_core_v_mini_mcu.cpu_subsystem_i.cpu_0_0.i_servile.cpu.gen_align.align.ibus_rdt_concat\[5\],18.02µm
i_core_v_mini_mcu.cpu_subsystem_i.cpu_0_0.rf_ram_i.memory\[203\]\[0\],18.02µm
i_core_v_mini_mcu.cpu_subsystem_i.cpu_0_0.rf_ram_i.memory\[263\]\[0\],18.02µm
i_core_v_mini_mcu.cpu_subsystem_i.cpu_0_0.rf_ram_i.memory\[331\]\[1\],18.02µm
i_core_v_mini_mcu.cpu_subsystem_i.cpu_0_0.rf_ram_i.memory\[440\]\[1\],18.02µm
i_core_v_mini_mcu.cpu_subsystem_i.cpu_0_0.rf_ram_i.memory\[453\]\[0\],18.02µm
i_core_v_mini_mcu.cpu_subsystem_i.cpu_0_0.rf_ram_i.memory\[471\]\[0\],18.02µm
i_core_v_mini_mcu.cpu_subsystem_i.cpu_0_0.rf_ram_i.memory\[532\]\[1\],18.02µm
i_core_v_mini_mcu.cpu_subsystem_i.cpu_1_0.i_servile.cpu.alu.cmp_r,18.02µm
i_core_v_mini_mcu.cpu_subsystem_i.cpu_1_0.i_servile.cpu.bufreg2.i_bytecnt\[1\],18.02µm
i_core_v_mini_mcu.cpu_subsystem_i.cpu_1_0.i_servile.cpu.immdec.gen_immdec_w_eq_1.imm7,18.02µm
i_core_v_mini_mcu.cpu_subsystem_i.cpu_1_0.rf_ram_i.memory\[127\]\[1\],18.02µm
i_core_v_mini_mcu.cpu_subsystem_i.cpu_1_0.rf_ram_i.memory\[130\]\[0\],18.02µm
i_core_v_mini_mcu.cpu_subsystem_i.cpu_1_0.rf_ram_i.memory\[200\]\[1\],18.02µm
i_core_v_mini_mcu.cpu_subsystem_i.cpu_1_0.rf_ram_i.memory\[230\]\[1\],18.02µm
i_core_v_mini_mcu.cpu_subsystem_i.cpu_1_0.rf_ram_i.memory\[279\]\[0\],18.02µm
i_core_v_mini_mcu.cpu_subsystem_i.cpu_1_0.rf_ram_i.memory\[80\]\[1\],18.02µm
i_core_v_mini_mcu.cpu_subsystem_i.cpu_1_0.rf_ram_i.memory\[98\]\[1\],18.02µm
i_core_v_mini_mcu.memory_subsystem_i.ram0_i.tc_ram_i.sram\[20\]\[19\],18.02µm
i_core_v_mini_mcu.memory_subsystem_i.ram0_i.tc_ram_i.sram\[25\]\[20\],18.02µm
i_core_v_mini_mcu.memory_subsystem_i.ram0_i.tc_ram_i.sram\[30\]\[0\],18.02µm
i_core_v_mini_mcu.memory_subsystem_i.ram0_i.tc_ram_i.sram\[9\]\[2\],18.02µm
i_core_v_mini_mcu.peripheral_subsystem_i.obi_fifo_i.consumer_data_req_q\[10\],18.02µm
spi_flash_sd_io_OE[2],18.02µm
_00013_,17.97µm
_00095_,17.97µm
_00208_,17.97µm
_00425_,17.97µm
_00614_,17.97µm
_00805_,17.97µm
_01061_,17.97µm
_01940_,17.97µm
_02053_,17.97µm
_02315_,17.97µm
_02422_,17.97µm
_02444_,17.97µm
_02465_,17.97µm
_02725_,17.97µm
_03704_,17.97µm
_04060_,17.97µm
_04353_,17.97µm
_04536_,17.97µm
_04624_,17.97µm
_05107_,17.97µm
_05286_,17.97µm
_05296_,17.97µm
_05462_,17.97µm
_05539_,17.97µm
_05595_,17.97µm
_05897_,17.97µm
_05952_,17.97µm
_05995_,17.97µm
_07264_,17.97µm
_08565_,17.97µm
_09355_,17.97µm
_09372_,17.97µm
_09434_,17.97µm
_09555_,17.97µm
_09754_,17.97µm
_09763_,17.97µm
_09939_,17.97µm
_10477_,17.97µm
_10704_,17.97µm
_11198_,17.97µm
_11199_,17.97µm
_11434_,17.97µm
_11550_,17.97µm
_11556_,17.97µm
_11821_,17.97µm
_11866_,17.97µm
_11995_,17.97µm
_12163_,17.97µm
_12488_,17.97µm
_12548_,17.97µm
_12702_,17.97µm
_13035_,17.97µm
_13158_,17.97µm
_13276_,17.97µm
_13346_,17.97µm
_13537_,17.97µm
_13700_,17.97µm
_14028_,17.97µm
_14342_,17.97µm
_14458_,17.97µm
_14514_,17.97µm
_14587_,17.97µm
_14630_,17.97µm
_14648_,17.97µm
_14870_,17.97µm
_14898_,17.97µm
_15648_,17.97µm
_16410_,17.97µm
_16857_,17.97µm
_17822_,17.97µm
_18392_,17.97µm
_18454_,17.97µm
_19761_,17.97µm
_20150_,17.97µm
_20685_,17.97µm
_20719_,17.97µm
_21976_,17.97µm
_22161_,17.97µm
_22167_,17.97µm
_22307_,17.97µm
_22509_,17.97µm
_22919_,17.97µm
_23055_,17.97µm
_23196_,17.97µm
_23229_,17.97µm
_23352_,17.97µm
_23389_,17.97µm
_23416_,17.97µm
_23479_,17.97µm
_23867_,17.97µm
_24211_,17.97µm
_24869_,17.97µm
_25424_,17.97µm
_25573_,17.97µm
_25639_,17.97µm
_26016_,17.97µm
_26080_,17.97µm
_26342_,17.97µm
_26482_,17.97µm
_26506_,17.97µm
_26986_,17.97µm
_27113_,17.97µm
_27143_,17.97µm
i_core_v_mini_mcu.ao_peripheral_subsystem_i.obi_fifo_i.consumer_data_req_q\[50\],17.97µm
i_core_v_mini_mcu.ao_peripheral_subsystem_i.power_manager_i.power_manager_sequence_ram_0_iso_i.sequence_curr_state\[4\],17.97µm
i_core_v_mini_mcu.ao_peripheral_subsystem_i.tdu_i.cpi_est_q\[23\],17.97µm
i_core_v_mini_mcu.ao_peripheral_subsystem_i.tdu_i.task_mem\[4\]\[24\],17.97µm
i_core_v_mini_mcu.cpu_subsystem_i.cpu_0_0.i_servile.cpu.gen_align.align.ctrl_misal,17.97µm
i_core_v_mini_mcu.cpu_subsystem_i.cpu_0_0.i_servile.cpu.gen_align.align.ibus_rdt_concat\[13\],17.97µm
i_core_v_mini_mcu.cpu_subsystem_i.cpu_0_0.rf_ram_i.memory\[167\]\[0\],17.97µm
i_core_v_mini_mcu.cpu_subsystem_i.cpu_0_0.rf_ram_i.memory\[231\]\[0\],17.97µm
i_core_v_mini_mcu.cpu_subsystem_i.cpu_0_0.rf_ram_i.memory\[276\]\[0\],17.97µm
i_core_v_mini_mcu.cpu_subsystem_i.cpu_0_0.rf_ram_i.memory\[375\]\[1\],17.97µm
i_core_v_mini_mcu.cpu_subsystem_i.cpu_0_0.rf_ram_i.memory\[416\]\[1\],17.97µm
i_core_v_mini_mcu.cpu_subsystem_i.cpu_0_0.rf_ram_i.memory\[446\]\[1\],17.97µm
i_core_v_mini_mcu.cpu_subsystem_i.cpu_0_0.rf_ram_i.memory\[479\]\[1\],17.97µm
i_core_v_mini_mcu.cpu_subsystem_i.cpu_0_0.rf_ram_i.memory\[520\]\[0\],17.97µm
i_core_v_mini_mcu.cpu_subsystem_i.cpu_0_0.rf_ram_i.memory\[55\]\[1\],17.97µm
i_core_v_mini_mcu.cpu_subsystem_i.cpu_0_0.rf_ram_i.memory\[566\]\[0\],17.97µm
i_core_v_mini_mcu.cpu_subsystem_i.cpu_0_0.rf_ram_i.memory\[573\]\[1\],17.97µm
i_core_v_mini_mcu.cpu_subsystem_i.cpu_0_0.rf_ram_i.memory\[74\]\[0\],17.97µm
i_core_v_mini_mcu.cpu_subsystem_i.cpu_1_0.i_servile.arbiter.i_wb_cpu_dbus_adr\[2\],17.97µm
i_core_v_mini_mcu.cpu_subsystem_i.cpu_1_0.rf_ram_i.memory\[231\]\[0\],17.97µm
i_core_v_mini_mcu.cpu_subsystem_i.cpu_1_0.rf_ram_i.memory\[481\]\[1\],17.97µm
i_core_v_mini_mcu.cpu_subsystem_i.cpu_1_0.rf_ram_i.memory\[497\]\[0\],17.97µm
i_core_v_mini_mcu.cpu_subsystem_i.cpu_1_0.rf_ram_i.memory\[60\]\[0\],17.97µm
i_core_v_mini_mcu.cpu_subsystem_i.cpu_1_0.rf_ram_i.rdata\[1\],17.97µm
i_core_v_mini_mcu.memory_subsystem_i.ram0_i.tc_ram_i.sram\[10\]\[6\],17.97µm
i_core_v_mini_mcu.memory_subsystem_i.ram0_i.tc_ram_i.sram\[14\]\[20\],17.97µm
i_core_v_mini_mcu.memory_subsystem_i.ram0_i.tc_ram_i.sram\[16\]\[12\],17.97µm
i_core_v_mini_mcu.memory_subsystem_i.ram0_i.tc_ram_i.sram\[16\]\[24\],17.97µm
i_core_v_mini_mcu.memory_subsystem_i.ram0_i.tc_ram_i.sram\[16\]\[26\],17.97µm
i_core_v_mini_mcu.memory_subsystem_i.ram0_i.tc_ram_i.sram\[1\]\[20\],17.97µm
i_core_v_mini_mcu.memory_subsystem_i.ram0_i.tc_ram_i.sram\[25\]\[30\],17.97µm
i_core_v_mini_mcu.memory_subsystem_i.ram0_i.tc_ram_i.sram\[29\]\[18\],17.97µm
i_core_v_mini_mcu.memory_subsystem_i.ram0_i.tc_ram_i.sram\[2\]\[12\],17.97µm
i_core_v_mini_mcu.memory_subsystem_i.ram0_i.tc_ram_i.sram\[31\]\[14\],17.97µm
i_core_v_mini_mcu.peripheral_subsystem_i.obi_fifo_i.consumer_data_req\[20\],17.97µm
i_core_v_mini_mcu.peripheral_subsystem_i.obi_fifo_i.consumer_data_req_q\[33\],17.97µm
i_core_v_mini_mcu.peripheral_subsystem_i.uart_i.uart_core.rx_timeout_count_q\[21\],17.97µm
i_core_v_mini_mcu.peripheral_subsystem_i.uart_i.uart_core.u_uart_rxfifo.gen_normal_fifo.storage\[10\],17.97µm
i_core_v_mini_mcu.peripheral_subsystem_i.uart_i.uart_core.uart_tx.sreg_q\[1\],17.97µm
i_core_v_mini_mcu.system_bus_i.system_xbar_i.gen_xbar_NtoM.i_xbar.gen_outputs\[5\].gen_rr_arb_tree.i_rr_arb_tree.gen_arbiter.rr_q\[0\],17.97µm
_00511_,17.92µm
_00699_,17.92µm
_01413_,17.92µm
_03085_,17.92µm
_03860_,17.92µm
_03977_,17.92µm
_04081_,17.92µm
_04124_,17.92µm
_04231_,17.92µm
_04560_,17.92µm
_04867_,17.92µm
_05612_,17.92µm
_05835_,17.92µm
_05945_,17.92µm
_06005_,17.92µm
_07268_,17.92µm
_07550_,17.92µm
_07724_,17.92µm
_08203_,17.92µm
_08425_,17.92µm
_09335_,17.92µm
_09545_,17.92µm
_09866_,17.92µm
_10846_,17.92µm
_11009_,17.92µm
_11125_,17.92µm
_11417_,17.92µm
_11499_,17.92µm
_11640_,17.92µm
_11689_,17.92µm
_11725_,17.92µm
_11792_,17.92µm
_11840_,17.92µm
_11911_,17.92µm
_12025_,17.92µm
_12308_,17.92µm
_12621_,17.92µm
_12670_,17.92µm
_12741_,17.92µm
_13043_,17.92µm
_13442_,17.92µm
_14574_,17.92µm
_15593_,17.92µm
_15973_,17.92µm
_16112_,17.92µm
_16173_,17.92µm
_16433_,17.92µm
_16739_,17.92µm
_17162_,17.92µm
_17859_,17.92µm
_18350_,17.92µm
_18403_,17.92µm
_18867_,17.92µm
_18888_,17.92µm
_19211_,17.92µm
_19405_,17.92µm
_19905_,17.92µm
_19953_,17.92µm
_20840_,17.92µm
_21455_,17.92µm
_21666_,17.92µm
_21809_,17.92µm
_22393_,17.92µm
_22689_,17.92µm
_22857_,17.92µm
_22922_,17.92µm
_23541_,17.92µm
_24678_,17.92µm
_24938_,17.92µm
_25174_,17.92µm
_25433_,17.92µm
_25661_,17.92µm
_25721_,17.92µm
_26222_,17.92µm
_26799_,17.92µm
_26810_,17.92µm
_27222_,17.92µm
_27364_,17.92µm
_27512_,17.92µm
_27702_,17.92µm
i_core_v_mini_mcu.ao_peripheral_subsystem_i.mosaic_clint_i.mtimecmp_q\[18\],17.92µm
i_core_v_mini_mcu.ao_peripheral_subsystem_i.soc_ctrl_i.soc_ctrl_reg_top_i.system_frequency_hz_qs\[30\],17.92µm
i_core_v_mini_mcu.ao_peripheral_subsystem_i.spi_subsystem_i.obi_spimemio_i.obi_to_picorv32_i.picorv32_resp_i\[26\],17.92µm
i_core_v_mini_mcu.ao_peripheral_subsystem_i.tdu_i.sched_mode_q\[1\],17.92µm
i_core_v_mini_mcu.cpu_subsystem_i.cpu_0_0.rf_ram_i.memory\[133\]\[1\],17.92µm
i_core_v_mini_mcu.cpu_subsystem_i.cpu_0_0.rf_ram_i.memory\[19\]\[0\],17.92µm
i_core_v_mini_mcu.cpu_subsystem_i.cpu_0_0.rf_ram_i.memory\[489\]\[1\],17.92µm
i_core_v_mini_mcu.cpu_subsystem_i.cpu_0_0.rf_ram_i.memory\[512\]\[0\],17.92µm
i_core_v_mini_mcu.cpu_subsystem_i.cpu_0_0.rf_ram_i.memory\[568\]\[0\],17.92µm
i_core_v_mini_mcu.cpu_subsystem_i.cpu_0_0.rf_ram_i.memory\[77\]\[1\],17.92µm
i_core_v_mini_mcu.cpu_subsystem_i.cpu_1_0.rf_ram_i.memory\[163\]\[0\],17.92µm
i_core_v_mini_mcu.cpu_subsystem_i.cpu_1_0.rf_ram_i.memory\[73\]\[0\],17.92µm
i_core_v_mini_mcu.memory_subsystem_i.ram0_i.tc_ram_i.sram\[12\]\[9\],17.92µm
i_core_v_mini_mcu.memory_subsystem_i.ram0_i.tc_ram_i.sram\[17\]\[30\],17.92µm
i_core_v_mini_mcu.memory_subsystem_i.ram0_i.tc_ram_i.sram\[22\]\[5\],17.92µm
i_core_v_mini_mcu.memory_subsystem_i.ram0_i.tc_ram_i.sram\[5\]\[26\],17.92µm
i_core_v_mini_mcu.memory_subsystem_i.ram0_i.tc_ram_i.sram\[9\]\[18\],17.92µm
i_core_v_mini_mcu.peripheral_subsystem_i.uart_i.uart_core.u_uart_txfifo.gen_normal_fifo.storage\[17\],17.92µm
net1712,17.86µm
i_core_v_mini_mcu.ao_peripheral_subsystem_i.obi_fifo_i.consumer_data_req_q\[0\],17.74µm
_26272_,17.69µm
i_core_v_mini_mcu.cpu_subsystem_i.cpu_0_0.rf_ram_i.memory\[313\]\[0\],17.69µm
i_core_v_mini_mcu.cpu_subsystem_i.cpu_0_0.rf_ram_i.memory\[435\]\[1\],17.69µm
i_core_v_mini_mcu.cpu_subsystem_i.cpu_1_0.rf_ram_i.memory\[443\]\[0\],17.69µm
net1651,17.675µm
_05448_,17.64µm
_24173_,17.64µm
net1671,17.615µm
net1663,17.6µm
net1678,17.6µm
_20603_,17.58µm
net1642,17.57µm
_14301_,17.56µm
i_core_v_mini_mcu.memory_subsystem_i.ram0_i.tc_ram_i.sram\[25\]\[31\],17.56µm
net1655,17.515µm
_01666_,17.51µm
_06409_,17.51µm
_07524_,17.51µm
_08788_,17.51µm
_09965_,17.51µm
_10107_,17.51µm
_14397_,17.51µm
_22056_,17.51µm
_22156_,17.51µm
i_core_v_mini_mcu.ao_peripheral_subsystem_i.power_manager_i.power_manager_sequence_periph_iso_i.sequence_curr_state\[3\],17.51µm
i_core_v_mini_mcu.ao_peripheral_subsystem_i.spi_subsystem_i.obi_spimemio_i.obi_to_picorv32_i.addr_buf\[5\],17.51µm
i_core_v_mini_mcu.cpu_subsystem_i.cpu_0_0.i_servile.cpu.alu.cmp_r,17.51µm
i_core_v_mini_mcu.cpu_subsystem_i.cpu_0_0.rf_ram_i.memory\[401\]\[1\],17.51µm
i_core_v_mini_mcu.cpu_subsystem_i.cpu_1_0.rf_ram_i.memory\[226\]\[0\],17.51µm
i_core_v_mini_mcu.memory_subsystem_i.ram0_i.tc_ram_i.sram\[4\]\[19\],17.51µm
rst_ni,17.48µm
_05450_,17.46µm
_05617_,17.46µm
_05632_,17.46µm
_06278_,17.46µm
_06481_,17.46µm
_06608_,17.46µm
_06671_,17.46µm
_06728_,17.46µm
_09068_,17.46µm
_09169_,17.46µm
_09749_,17.46µm
_09936_,17.46µm
_10400_,17.46µm
_11187_,17.46µm
_11507_,17.46µm
_11790_,17.46µm
_12152_,17.46µm
_16767_,17.46µm
_17740_,17.46µm
_18010_,17.46µm
_19407_,17.46µm
_19822_,17.46µm
_20077_,17.46µm
_21558_,17.46µm
_21603_,17.46µm
_21622_,17.46µm
_22551_,17.46µm
_23108_,17.46µm
_23267_,17.46µm
_23471_,17.46µm
_26190_,17.46µm
_26195_,17.46µm
_26260_,17.46µm
_26396_,17.46µm
_26981_,17.46µm
i_core_v_mini_mcu.cpu_subsystem_i.cpu_0_0.i_servile.cpu.dbus_en,17.46µm
i_core_v_mini_mcu.cpu_subsystem_i.cpu_0_0.rf_ram_i.memory\[164\]\[0\],17.46µm
i_core_v_mini_mcu.cpu_subsystem_i.cpu_0_0.rf_ram_i.memory\[177\]\[1\],17.46µm
i_core_v_mini_mcu.cpu_subsystem_i.cpu_0_0.rf_ram_i.memory\[227\]\[1\],17.46µm
i_core_v_mini_mcu.cpu_subsystem_i.cpu_0_0.rf_ram_i.memory\[246\]\[0\],17.46µm
i_core_v_mini_mcu.cpu_subsystem_i.cpu_0_0.rf_ram_i.memory\[296\]\[1\],17.46µm
i_core_v_mini_mcu.cpu_subsystem_i.cpu_0_0.rf_ram_i.memory\[36\]\[0\],17.46µm
i_core_v_mini_mcu.cpu_subsystem_i.cpu_0_0.rf_ram_i.memory\[526\]\[0\],17.46µm
i_core_v_mini_mcu.cpu_subsystem_i.cpu_0_0.rf_ram_i.memory\[539\]\[0\],17.46µm
i_core_v_mini_mcu.cpu_subsystem_i.cpu_0_0.rf_ram_i.memory\[540\]\[0\],17.46µm
i_core_v_mini_mcu.cpu_subsystem_i.cpu_0_0.rf_ram_i.memory\[553\]\[1\],17.46µm
i_core_v_mini_mcu.cpu_subsystem_i.cpu_1_0.i_servile.cpu.ctrl.pc_plus_4_cy_r,17.46µm
i_core_v_mini_mcu.cpu_subsystem_i.cpu_1_0.rf_ram_i.memory\[137\]\[1\],17.46µm
i_core_v_mini_mcu.cpu_subsystem_i.cpu_1_0.rf_ram_i.memory\[146\]\[1\],17.46µm
i_core_v_mini_mcu.cpu_subsystem_i.cpu_1_0.rf_ram_i.memory\[15\]\[1\],17.46µm
i_core_v_mini_mcu.cpu_subsystem_i.cpu_1_0.rf_ram_i.memory\[256\]\[0\],17.46µm
i_core_v_mini_mcu.cpu_subsystem_i.cpu_1_0.rf_ram_i.memory\[415\]\[1\],17.46µm
i_core_v_mini_mcu.memory_subsystem_i.ram0_i.tc_ram_i.sram\[14\]\[17\],17.46µm
i_core_v_mini_mcu.memory_subsystem_i.ram0_i.tc_ram_i.sram\[25\]\[1\],17.46µm
i_core_v_mini_mcu.memory_subsystem_i.ram0_i.tc_ram_i.sram\[7\]\[8\],17.46µm
i_core_v_mini_mcu.peripheral_subsystem_i.uart_i.uart_core.u_uart_rxfifo.gen_normal_fifo.storage\[9\],17.46µm
_00034_,17.41µm
_00046_,17.41µm
_00604_,17.41µm
_01064_,17.41µm
_01095_,17.41µm
_02082_,17.41µm
_02400_,17.41µm
_02532_,17.41µm
_03231_,17.41µm
_03854_,17.41µm
_04478_,17.41µm
_04643_,17.41µm
_05144_,17.41µm
_05295_,17.41µm
_05572_,17.41µm
_05821_,17.41µm
_06573_,17.41µm
_06961_,17.41µm
_06989_,17.41µm
_07443_,17.41µm
_07529_,17.41µm
_07763_,17.41µm
_07862_,17.41µm
_08224_,17.41µm
_08252_,17.41µm
_08508_,17.41µm
_09130_,17.41µm
_09346_,17.41µm
_09902_,17.41µm
_10047_,17.41µm
_10891_,17.41µm
_11259_,17.41µm
_11418_,17.41µm
_11460_,17.41µm
_11959_,17.41µm
_12146_,17.41µm
_12463_,17.41µm
_13259_,17.41µm
_13840_,17.41µm
_14807_,17.41µm
_14836_,17.41µm
_14877_,17.41µm
_14962_,17.41µm
_15003_,17.41µm
_15621_,17.41µm
_15853_,17.41µm
_16642_,17.41µm
_17375_,17.41µm
_17474_,17.41µm
_17481_,17.41µm
_17484_,17.41µm
_17636_,17.41µm
_17774_,17.41µm
_18461_,17.41µm
_18463_,17.41µm
_19251_,17.41µm
_19461_,17.41µm
_19681_,17.41µm
_19964_,17.41µm
_19994_,17.41µm
_20275_,17.41µm
_20315_,17.41µm
_20435_,17.41µm
_20453_,17.41µm
_20611_,17.41µm
_21244_,17.41µm
_21498_,17.41µm
_21580_,17.41µm
_21643_,17.41µm
_22085_,17.41µm
_22382_,17.41µm
_22706_,17.41µm
_22757_,17.41µm
_23099_,17.41µm
_23135_,17.41µm
_23232_,17.41µm
_23546_,17.41µm
_23626_,17.41µm
_23651_,17.41µm
_23787_,17.41µm
_24009_,17.41µm
_24138_,17.41µm
_24247_,17.41µm
_24581_,17.41µm
_24627_,17.41µm
_25171_,17.41µm
_25206_,17.41µm
_25269_,17.41µm
_25587_,17.41µm
_25952_,17.41µm
_25996_,17.41µm
_26021_,17.41µm
_26189_,17.41µm
_26249_,17.41µm
_26912_,17.41µm
_27193_,17.41µm
_27203_,17.41µm
_27359_,17.41µm
_27457_,17.41µm
_27609_,17.41µm
exit_value_int\[16\],17.41µm
i_core_v_mini_mcu.ao_peripheral_subsystem_i.clint_mtime_o\[3\],17.41µm
i_core_v_mini_mcu.ao_peripheral_subsystem_i.obi_fifo_i.consumer_data_req_q\[63\],17.41µm
i_core_v_mini_mcu.ao_peripheral_subsystem_i.power_manager_i.power_manager_reg_top_i.cpu_reset_assert_counter_qs\[15\],17.41µm
i_core_v_mini_mcu.ao_peripheral_subsystem_i.power_manager_i.power_manager_reg_top_i.intr_state_qs\[3\],17.41µm
i_core_v_mini_mcu.ao_peripheral_subsystem_i.power_manager_i.power_manager_reg_top_i.reg2hw\[251\],17.41µm
i_core_v_mini_mcu.ao_peripheral_subsystem_i.soc_ctrl_i.soc_ctrl_reg_top_i.system_frequency_hz_qs\[23\],17.41µm
i_core_v_mini_mcu.ao_peripheral_subsystem_i.spi_subsystem_i.obi_spimemio_i.obi_to_picorv32_i.addr_buf\[17\],17.41µm
i_core_v_mini_mcu.ao_peripheral_subsystem_i.spi_subsystem_i.obi_spimemio_i.obi_to_picorv32_i.obi_resp_o\[24\],17.41µm
i_core_v_mini_mcu.ao_peripheral_subsystem_i.spi_subsystem_i.obi_spimemio_i.spimemio_i.xfer.flash_csb,17.41µm
i_core_v_mini_mcu.ao_peripheral_subsystem_i.tdu_i.task_mem\[1\]\[1\],17.41µm
i_core_v_mini_mcu.ao_peripheral_subsystem_i.tdu_i.task_mem\[1\]\[27\],17.41µm
i_core_v_mini_mcu.ao_peripheral_subsystem_i.tdu_i.task_mem\[2\]\[27\],17.41µm
i_core_v_mini_mcu.ao_peripheral_subsystem_i.tdu_i.task_mem\[5\]\[24\],17.41µm
i_core_v_mini_mcu.ao_peripheral_subsystem_i.tdu_i.task_mem\[7\]\[21\],17.41µm
i_core_v_mini_mcu.cpu_subsystem_i.cpu_0_0.i_servile.cpu.bufreg.c_r,17.41µm
i_core_v_mini_mcu.cpu_subsystem_i.cpu_0_0.i_servile.cpu.bufreg.i_rs1_en,17.41µm
i_core_v_mini_mcu.cpu_subsystem_i.cpu_0_0.i_servile.cpu.gen_csr.csr.mcause3_0\[2\],17.41µm
i_core_v_mini_mcu.cpu_subsystem_i.cpu_0_0.rf_ram_i.memory\[141\]\[1\],17.41µm
i_core_v_mini_mcu.cpu_subsystem_i.cpu_0_0.rf_ram_i.memory\[150\]\[1\],17.41µm
i_core_v_mini_mcu.cpu_subsystem_i.cpu_0_0.rf_ram_i.memory\[17\]\[0\],17.41µm
i_core_v_mini_mcu.cpu_subsystem_i.cpu_0_0.rf_ram_i.memory\[252\]\[0\],17.41µm
i_core_v_mini_mcu.cpu_subsystem_i.cpu_0_0.rf_ram_i.memory\[269\]\[1\],17.41µm
i_core_v_mini_mcu.cpu_subsystem_i.cpu_0_0.rf_ram_i.memory\[292\]\[0\],17.41µm
i_core_v_mini_mcu.cpu_subsystem_i.cpu_0_0.rf_ram_i.memory\[301\]\[1\],17.41µm
i_core_v_mini_mcu.cpu_subsystem_i.cpu_0_0.rf_ram_i.memory\[306\]\[1\],17.41µm
i_core_v_mini_mcu.cpu_subsystem_i.cpu_0_0.rf_ram_i.memory\[313\]\[1\],17.41µm
i_core_v_mini_mcu.cpu_subsystem_i.cpu_0_0.rf_ram_i.memory\[359\]\[0\],17.41µm
i_core_v_mini_mcu.cpu_subsystem_i.cpu_0_0.rf_ram_i.memory\[373\]\[0\],17.41µm
i_core_v_mini_mcu.cpu_subsystem_i.cpu_0_0.rf_ram_i.memory\[466\]\[1\],17.41µm
i_core_v_mini_mcu.cpu_subsystem_i.cpu_0_0.rf_ram_i.memory\[476\]\[0\],17.41µm
i_core_v_mini_mcu.cpu_subsystem_i.cpu_0_0.rf_ram_i.memory\[481\]\[0\],17.41µm
i_core_v_mini_mcu.cpu_subsystem_i.cpu_0_0.rf_ram_i.memory\[498\]\[1\],17.41µm
i_core_v_mini_mcu.cpu_subsystem_i.cpu_0_0.rf_ram_i.memory\[507\]\[1\],17.41µm
i_core_v_mini_mcu.cpu_subsystem_i.cpu_0_0.rf_ram_i.memory\[52\]\[1\],17.41µm
i_core_v_mini_mcu.cpu_subsystem_i.cpu_0_0.rf_ram_i.memory\[561\]\[1\],17.41µm
i_core_v_mini_mcu.cpu_subsystem_i.cpu_0_0.rf_ram_i.memory\[562\]\[0\],17.41µm
i_core_v_mini_mcu.cpu_subsystem_i.cpu_0_0.rf_ram_i.memory\[574\]\[1\],17.41µm
i_core_v_mini_mcu.cpu_subsystem_i.cpu_1_0.i_servile.cpu.alu.i_cmp_eq,17.41µm
i_core_v_mini_mcu.cpu_subsystem_i.cpu_1_0.rf_ram_i.memory\[113\]\[0\],17.41µm
i_core_v_mini_mcu.cpu_subsystem_i.cpu_1_0.rf_ram_i.memory\[122\]\[1\],17.41µm
i_core_v_mini_mcu.cpu_subsystem_i.cpu_1_0.rf_ram_i.memory\[174\]\[0\],17.41µm
i_core_v_mini_mcu.cpu_subsystem_i.cpu_1_0.rf_ram_i.memory\[231\]\[1\],17.41µm
i_core_v_mini_mcu.cpu_subsystem_i.cpu_1_0.rf_ram_i.memory\[243\]\[1\],17.41µm
i_core_v_mini_mcu.cpu_subsystem_i.cpu_1_0.rf_ram_i.memory\[259\]\[1\],17.41µm
i_core_v_mini_mcu.cpu_subsystem_i.cpu_1_0.rf_ram_i.memory\[359\]\[0\],17.41µm
i_core_v_mini_mcu.cpu_subsystem_i.cpu_1_0.rf_ram_i.memory\[371\]\[1\],17.41µm
i_core_v_mini_mcu.cpu_subsystem_i.cpu_1_0.rf_ram_i.memory\[410\]\[1\],17.41µm
i_core_v_mini_mcu.cpu_subsystem_i.cpu_1_0.rf_ram_i.memory\[65\]\[0\],17.41µm
i_core_v_mini_mcu.cpu_subsystem_i.cpu_1_0.rf_ram_i.memory\[66\]\[1\],17.41µm
i_core_v_mini_mcu.memory_subsystem_i.ram0_i.tc_ram_i.sram\[12\]\[14\],17.41µm
i_core_v_mini_mcu.memory_subsystem_i.ram0_i.tc_ram_i.sram\[14\]\[2\],17.41µm
i_core_v_mini_mcu.memory_subsystem_i.ram0_i.tc_ram_i.sram\[18\]\[3\],17.41µm
i_core_v_mini_mcu.memory_subsystem_i.ram0_i.tc_ram_i.sram\[22\]\[17\],17.41µm
i_core_v_mini_mcu.memory_subsystem_i.ram0_i.tc_ram_i.sram\[25\]\[18\],17.41µm
i_core_v_mini_mcu.memory_subsystem_i.ram0_i.tc_ram_i.sram\[28\]\[29\],17.41µm
i_core_v_mini_mcu.memory_subsystem_i.ram0_i.tc_ram_i.sram\[31\]\[27\],17.41µm
i_core_v_mini_mcu.memory_subsystem_i.ram0_i.tc_ram_i.sram\[6\]\[11\],17.41µm
i_core_v_mini_mcu.memory_subsystem_i.ram0_i.tc_ram_i.sram\[9\]\[6\],17.41µm
i_core_v_mini_mcu.peripheral_subsystem_i.obi_fifo_i.consumer_resp_i\[12\],17.41µm
i_core_v_mini_mcu.peripheral_subsystem_i.uart_i.uart_core.nco_sum_q\[8\],17.41µm
i_core_v_mini_mcu.peripheral_subsystem_i.uart_i.uart_core.u_uart_rxfifo.gen_normal_fifo.storage\[13\],17.41µm
i_core_v_mini_mcu.peripheral_subsystem_i.uart_i.uart_core.uart_rx.sreg_q\[8\],17.41µm
i_core_v_mini_mcu.peripheral_subsystem_i.uart_i.uart_core.uart_tx.sreg_q\[6\],17.41µm
net1670,17.375µm
_00536_,17.36µm
_00746_,17.36µm
_01024_,17.36µm
_01027_,17.36µm
_01039_,17.36µm
_01421_,17.36µm
_01791_,17.36µm
_02087_,17.36µm
_03376_,17.36µm
_03540_,17.36µm
_03721_,17.36µm
_04738_,17.36µm
_04745_,17.36µm
_04915_,17.36µm
_05065_,17.36µm
_05075_,17.36µm
_05282_,17.36µm
_05444_,17.36µm
_05679_,17.36µm
_05757_,17.36µm
_05906_,17.36µm
_06169_,17.36µm
_06301_,17.36µm
_06405_,17.36µm
_07418_,17.36µm
_07596_,17.36µm
_07693_,17.36µm
_08049_,17.36µm
_08051_,17.36µm
_08346_,17.36µm
_08350_,17.36µm
_08509_,17.36µm
_08599_,17.36µm
_08730_,17.36µm
_08990_,17.36µm
_09887_,17.36µm
_09985_,17.36µm
_10069_,17.36µm
_10239_,17.36µm
_10742_,17.36µm
_10898_,17.36µm
_11127_,17.36µm
_11320_,17.36µm
_11753_,17.36µm
_11864_,17.36µm
_11947_,17.36µm
_12008_,17.36µm
_12281_,17.36µm
_12415_,17.36µm
_12738_,17.36µm
_12826_,17.36µm
_13160_,17.36µm
_13481_,17.36µm
_13615_,17.36µm
_13785_,17.36µm
_14071_,17.36µm
_14151_,17.36µm
_14448_,17.36µm
_14906_,17.36µm
_15110_,17.36µm
_15230_,17.36µm
_15372_,17.36µm
_15681_,17.36µm
_16228_,17.36µm
_16532_,17.36µm
_16610_,17.36µm
_17381_,17.36µm
_17625_,17.36µm
_17825_,17.36µm
_17861_,17.36µm
_17918_,17.36µm
_18669_,17.36µm
_19035_,17.36µm
_19047_,17.36µm
_19096_,17.36µm
_19187_,17.36µm
_20278_,17.36µm
_20438_,17.36µm
_20444_,17.36µm
_20470_,17.36µm
_21407_,17.36µm
_21710_,17.36µm
_22015_,17.36µm
_22035_,17.36µm
_22142_,17.36µm
_22274_,17.36µm
_22340_,17.36µm
_22364_,17.36µm
_22694_,17.36µm
_22912_,17.36µm
_22928_,17.36µm
_23073_,17.36µm
_23129_,17.36µm
_23187_,17.36µm
_23621_,17.36µm
_23708_,17.36µm
_23990_,17.36µm
_24169_,17.36µm
_24222_,17.36µm
_24230_,17.36µm
_24293_,17.36µm
_25065_,17.36µm
_25088_,17.36µm
_25167_,17.36µm
_25548_,17.36µm
_26435_,17.36µm
_26527_,17.36µm
_26686_,17.36µm
_26702_,17.36µm
_26722_,17.36µm
_26835_,17.36µm
_26906_,17.36µm
_27241_,17.36µm
_27293_,17.36µm
_27511_,17.36µm
i_core_v_mini_mcu.ao_peripheral_subsystem_i.obi_fifo_i.consumer_data_req_q\[16\],17.36µm
i_core_v_mini_mcu.ao_peripheral_subsystem_i.obi_fifo_i.consumer_resp_i\[12\],17.36µm
i_core_v_mini_mcu.ao_peripheral_subsystem_i.periph_to_reg_i.r_rdata_d\[20\],17.36µm
i_core_v_mini_mcu.ao_peripheral_subsystem_i.power_manager_i.power_manager_sequence_ram_0_switch_i.sequence_curr_state\[1\],17.36µm
i_core_v_mini_mcu.ao_peripheral_subsystem_i.soc_ctrl_i.soc_ctrl_reg_top_i.system_frequency_hz_qs\[1\],17.36µm
i_core_v_mini_mcu.ao_peripheral_subsystem_i.soc_ctrl_i.soc_ctrl_reg_top_i.system_frequency_hz_qs\[31\],17.36µm
i_core_v_mini_mcu.cpu_subsystem_i.cpu_0_0.i_servile.cpu.ctrl.o_ibus_adr\[9\],17.36µm
i_core_v_mini_mcu.cpu_subsystem_i.cpu_0_0.rf_ram_i.memory\[252\]\[1\],17.36µm
i_core_v_mini_mcu.cpu_subsystem_i.cpu_0_0.rf_ram_i.memory\[408\]\[0\],17.36µm
i_core_v_mini_mcu.cpu_subsystem_i.cpu_0_0.rf_ram_i.memory\[548\]\[1\],17.36µm
i_core_v_mini_mcu.cpu_subsystem_i.cpu_1_0.rf_ram_i.memory\[258\]\[1\],17.36µm
i_core_v_mini_mcu.cpu_subsystem_i.cpu_1_0.rf_ram_i.memory\[34\]\[0\],17.36µm
i_core_v_mini_mcu.cpu_subsystem_i.cpu_1_0.rf_ram_i.memory\[69\]\[0\],17.36µm
i_core_v_mini_mcu.memory_subsystem_i.ram0_i.tc_ram_i.sram\[11\]\[0\],17.36µm
i_core_v_mini_mcu.memory_subsystem_i.ram0_i.tc_ram_i.sram\[22\]\[29\],17.36µm
i_core_v_mini_mcu.memory_subsystem_i.ram0_i.tc_ram_i.sram\[24\]\[0\],17.36µm
i_core_v_mini_mcu.memory_subsystem_i.ram0_i.tc_ram_i.sram\[7\]\[29\],17.36µm
i_core_v_mini_mcu.memory_subsystem_i.ram0_i.tc_ram_i.sram\[7\]\[5\],17.36µm
i_core_v_mini_mcu.peripheral_subsystem_i.obi_fifo_i.consumer_data_req_q\[34\],17.36µm
net1550,17.36µm
net1652,17.355µm
net1643,17.25µm
_09139_,17.13µm
i_core_v_mini_mcu.memory_subsystem_i.ram0_i.tc_ram_i.sram\[13\]\[27\],17.13µm
_26693_,17.08µm
_15780_,17.05µm
_09708_,17µm
_10127_,17µm
_14478_,17µm
_16672_,17µm
_02167_,16.95µm
_13672_,16.95µm
_16390_,16.95µm
_17605_,16.95µm
_18655_,16.95µm
_20196_,16.95µm
_22182_,16.95µm
_26700_,16.95µm
i_core_v_mini_mcu.ao_peripheral_subsystem_i.tdu_i.task_mem\[6\]\[28\],16.95µm
i_core_v_mini_mcu.cpu_subsystem_i.cpu_0_0.i_servile.arbiter.i_wb_cpu_dbus_adr\[8\],16.95µm
i_core_v_mini_mcu.cpu_subsystem_i.cpu_0_0.rf_ram_i.memory\[365\]\[1\],16.95µm
i_core_v_mini_mcu.cpu_subsystem_i.cpu_0_0.rf_ram_i.memory\[458\]\[0\],16.95µm
i_core_v_mini_mcu.memory_subsystem_i.ram0_i.tc_ram_i.sram\[21\]\[16\],16.95µm
i_core_v_mini_mcu.memory_subsystem_i.ram0_i.tc_ram_i.sram\[24\]\[9\],16.95µm
i_core_v_mini_mcu.memory_subsystem_i.ram0_i.tc_ram_i.sram\[9\]\[0\],16.95µm
_00060_,16.9µm
_05950_,16.9µm
_06281_,16.9µm
_06664_,16.9µm
_07730_,16.9µm
_08764_,16.9µm
_09194_,16.9µm
_09567_,16.9µm
_09618_,16.9µm
_09664_,16.9µm
_10025_,16.9µm
_10917_,16.9µm
_12094_,16.9µm
_13706_,16.9µm
_14077_,16.9µm
_15153_,16.9µm
_15289_,16.9µm
_16644_,16.9µm
_17886_,16.9µm
_19938_,16.9µm
_21647_,16.9µm
_21894_,16.9µm
_22038_,16.9µm
_23059_,16.9µm
_23393_,16.9µm
_23673_,16.9µm
_23695_,16.9µm
_24774_,16.9µm
_25382_,16.9µm
exit_value_int\[15\],16.9µm
i_core_v_mini_mcu.ao_peripheral_subsystem_i.clint_mtime_o\[63\],16.9µm
i_core_v_mini_mcu.ao_peripheral_subsystem_i.power_manager_i.power_manager_counter_sequence_cpu_switch_i.sequence_curr_state\[5\],16.9µm
i_core_v_mini_mcu.ao_peripheral_subsystem_i.tdu_i.cpi_est_q\[30\],16.9µm
i_core_v_mini_mcu.ao_peripheral_subsystem_i.tdu_i.cpi_est_q\[8\],16.9µm
i_core_v_mini_mcu.ao_peripheral_subsystem_i.tdu_i.task_mem\[4\]\[30\],16.9µm
i_core_v_mini_mcu.cpu_subsystem_i.cpu_0_0.i_servile.cpu.ctrl.i_utype,16.9µm
i_core_v_mini_mcu.cpu_subsystem_i.cpu_0_0.rf_ram_i.memory\[158\]\[0\],16.9µm
i_core_v_mini_mcu.cpu_subsystem_i.cpu_0_0.rf_ram_i.memory\[275\]\[0\],16.9µm
i_core_v_mini_mcu.cpu_subsystem_i.cpu_0_0.rf_ram_i.memory\[330\]\[1\],16.9µm
i_core_v_mini_mcu.cpu_subsystem_i.cpu_0_0.rf_ram_i.memory\[536\]\[0\],16.9µm
i_core_v_mini_mcu.cpu_subsystem_i.cpu_0_0.rf_ram_i.memory\[568\]\[1\],16.9µm
i_core_v_mini_mcu.cpu_subsystem_i.cpu_0_0.rf_ram_i.memory\[9\]\[1\],16.9µm
i_core_v_mini_mcu.cpu_subsystem_i.cpu_1_0.rf_ram_i.memory\[172\]\[1\],16.9µm
i_core_v_mini_mcu.cpu_subsystem_i.cpu_1_0.rf_ram_i.memory\[199\]\[0\],16.9µm
i_core_v_mini_mcu.cpu_subsystem_i.cpu_1_0.rf_ram_i.memory\[237\]\[0\],16.9µm
i_core_v_mini_mcu.cpu_subsystem_i.cpu_1_0.rf_ram_i.memory\[248\]\[0\],16.9µm
i_core_v_mini_mcu.cpu_subsystem_i.cpu_1_0.rf_ram_i.memory\[27\]\[0\],16.9µm
i_core_v_mini_mcu.cpu_subsystem_i.cpu_1_0.rf_ram_i.memory\[451\]\[0\],16.9µm
i_core_v_mini_mcu.memory_subsystem_i.ram0_i.tc_ram_i.sram\[16\]\[22\],16.9µm
i_core_v_mini_mcu.memory_subsystem_i.ram0_i.tc_ram_i.sram\[19\]\[23\],16.9µm
i_core_v_mini_mcu.memory_subsystem_i.ram0_i.tc_ram_i.sram\[20\]\[9\],16.9µm
i_core_v_mini_mcu.memory_subsystem_i.ram0_i.tc_ram_i.sram\[21\]\[31\],16.9µm
i_core_v_mini_mcu.memory_subsystem_i.ram0_i.tc_ram_i.sram\[25\]\[4\],16.9µm
i_core_v_mini_mcu.memory_subsystem_i.ram0_i.tc_ram_i.sram\[25\]\[5\],16.9µm
i_core_v_mini_mcu.memory_subsystem_i.ram0_i.tc_ram_i.sram\[28\]\[28\],16.9µm
i_core_v_mini_mcu.peripheral_subsystem_i.uart_i.reg2hw\[123\],16.9µm
i_core_v_mini_mcu.peripheral_subsystem_i.uart_i.uart_core.u_uart_rxfifo.gen_normal_fifo.storage\[23\],16.9µm
_00024_,16.85µm
_00042_,16.85µm
_00220_,16.85µm
_00891_,16.85µm
_01008_,16.85µm
_01185_,16.85µm
_01205_,16.85µm
_01254_,16.85µm
_01851_,16.85µm
_01932_,16.85µm
_02099_,16.85µm
_02258_,16.85µm
_03689_,16.85µm
_03900_,16.85µm
_04418_,16.85µm
_04457_,16.85µm
_04811_,16.85µm
_04933_,16.85µm
_05103_,16.85µm
_05195_,16.85µm
_05215_,16.85µm
_05962_,16.85µm
_06021_,16.85µm
_06049_,16.85µm
_06158_,16.85µm
_06334_,16.85µm
_06336_,16.85µm
_06626_,16.85µm
_06652_,16.85µm
_06656_,16.85µm
_06731_,16.85µm
_07371_,16.85µm
_07638_,16.85µm
_07800_,16.85µm
_08208_,16.85µm
_08221_,16.85µm
_08618_,16.85µm
_08907_,16.85µm
_08910_,16.85µm
_08960_,16.85µm
_09416_,16.85µm
_09795_,16.85µm
_10272_,16.85µm
_10329_,16.85µm
_10457_,16.85µm
_10468_,16.85µm
_10493_,16.85µm
_10551_,16.85µm
_11151_,16.85µm
_11511_,16.85µm
_11649_,16.85µm
_11653_,16.85µm
_12566_,16.85µm
_13421_,16.85µm
_13458_,16.85µm
_13600_,16.85µm
_13698_,16.85µm
_13741_,16.85µm
_13912_,16.85µm
_14044_,16.85µm
_14271_,16.85µm
_14501_,16.85µm
_15203_,16.85µm
_15939_,16.85µm
_16607_,16.85µm
_16643_,16.85µm
_16852_,16.85µm
_17361_,16.85µm
_17435_,16.85µm
_17597_,16.85µm
_17679_,16.85µm
_17735_,16.85µm
_18070_,16.85µm
_18225_,16.85µm
_18322_,16.85µm
_18437_,16.85µm
_18625_,16.85µm
_19567_,16.85µm
_19578_,16.85µm
_19600_,16.85µm
_19674_,16.85µm
_20054_,16.85µm
_20124_,16.85µm
_20242_,16.85µm
_20424_,16.85µm
_20475_,16.85µm
_20745_,16.85µm
_20841_,16.85µm
_20942_,16.85µm
_20966_,16.85µm
_20975_,16.85µm
_21288_,16.85µm
_21793_,16.85µm
_22087_,16.85µm
_22107_,16.85µm
_22119_,16.85µm
_22166_,16.85µm
_22574_,16.85µm
_23064_,16.85µm
_23298_,16.85µm
_23414_,16.85µm
_23429_,16.85µm
_23524_,16.85µm
_23647_,16.85µm
_23949_,16.85µm
_23996_,16.85µm
_24248_,16.85µm
_24762_,16.85µm
_24880_,16.85µm
_24951_,16.85µm
_25048_,16.85µm
_25336_,16.85µm
_25464_,16.85µm
_25610_,16.85µm
_26588_,16.85µm
_26886_,16.85µm
_26915_,16.85µm
_26967_,16.85µm
_27415_,16.85µm
_27436_,16.85µm
i_core_v_mini_mcu.ao_peripheral_subsystem_i.power_manager_i.power_manager_counter_sequence_cpu_switch_i.sequence_curr_state\[4\],16.85µm
i_core_v_mini_mcu.ao_peripheral_subsystem_i.power_manager_i.power_manager_reg_top_i.global_pointer_qs\[19\],16.85µm
i_core_v_mini_mcu.ao_peripheral_subsystem_i.power_manager_i.power_manager_reg_top_i.global_pointer_qs\[8\],16.85µm
i_core_v_mini_mcu.ao_peripheral_subsystem_i.power_manager_i.power_manager_sequence_periph_iso_i.sequence_curr_state\[1\],16.85µm
i_core_v_mini_mcu.ao_peripheral_subsystem_i.spi_subsystem_i.obi_spimemio_i.spimemio_i.buffer\[14\],16.85µm
i_core_v_mini_mcu.ao_peripheral_subsystem_i.tdu_i.task_mem\[3\]\[23\],16.85µm
i_core_v_mini_mcu.ao_peripheral_subsystem_i.tdu_i.task_mem\[3\]\[27\],16.85µm
i_core_v_mini_mcu.ao_peripheral_subsystem_i.tdu_i.task_mem\[3\]\[7\],16.85µm
i_core_v_mini_mcu.ao_peripheral_subsystem_i.tdu_i.task_mem\[5\]\[26\],16.85µm
i_core_v_mini_mcu.ao_peripheral_subsystem_i.tdu_i.task_mem\[7\]\[23\],16.85µm
i_core_v_mini_mcu.cpu_subsystem_i.cpu_0_0.i_servile.cpu.ctrl.pc_plus_offset_cy_r,16.85µm
i_core_v_mini_mcu.cpu_subsystem_i.cpu_0_0.rf_ram_i.memory\[16\]\[1\],16.85µm
i_core_v_mini_mcu.cpu_subsystem_i.cpu_0_0.rf_ram_i.memory\[187\]\[1\],16.85µm
i_core_v_mini_mcu.cpu_subsystem_i.cpu_0_0.rf_ram_i.memory\[232\]\[1\],16.85µm
i_core_v_mini_mcu.cpu_subsystem_i.cpu_0_0.rf_ram_i.memory\[38\]\[0\],16.85µm
i_core_v_mini_mcu.cpu_subsystem_i.cpu_0_0.rf_ram_i.memory\[477\]\[1\],16.85µm
i_core_v_mini_mcu.cpu_subsystem_i.cpu_0_0.rf_ram_i.memory\[519\]\[1\],16.85µm
i_core_v_mini_mcu.cpu_subsystem_i.cpu_0_0.rf_ram_i.memory\[529\]\[0\],16.85µm
i_core_v_mini_mcu.cpu_subsystem_i.cpu_0_0.rf_ram_i.memory\[533\]\[1\],16.85µm
i_core_v_mini_mcu.cpu_subsystem_i.cpu_0_0.rf_ram_i.memory\[535\]\[0\],16.85µm
i_core_v_mini_mcu.cpu_subsystem_i.cpu_0_0.rf_ram_i.memory\[541\]\[0\],16.85µm
i_core_v_mini_mcu.cpu_subsystem_i.cpu_0_0.rf_ram_i.memory\[546\]\[1\],16.85µm
i_core_v_mini_mcu.cpu_subsystem_i.cpu_1_0.i_servile.o_rf_raddr\[3\],16.85µm
i_core_v_mini_mcu.cpu_subsystem_i.cpu_1_0.rf_ram_i.memory\[188\]\[0\],16.85µm
i_core_v_mini_mcu.cpu_subsystem_i.cpu_1_0.rf_ram_i.memory\[235\]\[1\],16.85µm
i_core_v_mini_mcu.cpu_subsystem_i.cpu_1_0.rf_ram_i.memory\[246\]\[0\],16.85µm
i_core_v_mini_mcu.cpu_subsystem_i.cpu_1_0.rf_ram_i.memory\[402\]\[0\],16.85µm
i_core_v_mini_mcu.cpu_subsystem_i.cpu_1_0.rf_ram_i.memory\[407\]\[0\],16.85µm
i_core_v_mini_mcu.cpu_subsystem_i.cpu_1_0.rf_ram_i.memory\[62\]\[1\],16.85µm
i_core_v_mini_mcu.cpu_subsystem_i.cpu_1_0.rf_ram_i.memory\[78\]\[0\],16.85µm
i_core_v_mini_mcu.memory_subsystem_i.ram0_i.tc_ram_i.sram\[19\]\[4\],16.85µm
i_core_v_mini_mcu.memory_subsystem_i.ram0_i.tc_ram_i.sram\[21\]\[5\],16.85µm
i_core_v_mini_mcu.memory_subsystem_i.ram0_i.tc_ram_i.sram\[27\]\[17\],16.85µm
i_core_v_mini_mcu.memory_subsystem_i.ram0_i.tc_ram_i.sram\[27\]\[6\],16.85µm
i_core_v_mini_mcu.memory_subsystem_i.ram0_i.tc_ram_i.sram\[2\]\[28\],16.85µm
i_core_v_mini_mcu.memory_subsystem_i.ram0_i.tc_ram_i.sram\[7\]\[11\],16.85µm
i_core_v_mini_mcu.peripheral_subsystem_i.obi_fifo_i.consumer_resp_i\[6\],16.85µm
i_core_v_mini_mcu.peripheral_subsystem_i.periph_to_reg_i.r_rdata_d\[4\],16.85µm
_00909_,16.8µm
_01151_,16.8µm
_01576_,16.8µm
_01892_,16.8µm
_02290_,16.8µm
_02632_,16.8µm
_02824_,16.8µm
_02943_,16.8µm
_03791_,16.8µm
_04023_,16.8µm
_04281_,16.8µm
_04782_,16.8µm
_04831_,16.8µm
_05058_,16.8µm
_05422_,16.8µm
_05980_,16.8µm
_06108_,16.8µm
_06204_,16.8µm
_06659_,16.8µm
_06875_,16.8µm
_06892_,16.8µm
_07507_,16.8µm
_07620_,16.8µm
_07844_,16.8µm
_08126_,16.8µm
_08129_,16.8µm
_08661_,16.8µm
_08762_,16.8µm
_09053_,16.8µm
_09150_,16.8µm
_09231_,16.8µm
_09268_,16.8µm
_09575_,16.8µm
_09770_,16.8µm
_09772_,16.8µm
_10430_,16.8µm
_10922_,16.8µm
_10981_,16.8µm
_11328_,16.8µm
_11564_,16.8µm
_11651_,16.8µm
_11771_,16.8µm
_11909_,16.8µm
_12010_,16.8µm
_12012_,16.8µm
_12135_,16.8µm
_12646_,16.8µm
_12883_,16.8µm
_12890_,16.8µm
_13211_,16.8µm
_13459_,16.8µm
_13744_,16.8µm
_13792_,16.8µm
_13817_,16.8µm
_13958_,16.8µm
_14137_,16.8µm
_14150_,16.8µm
_14608_,16.8µm
_14621_,16.8µm
_14900_,16.8µm
_15009_,16.8µm
_15142_,16.8µm
_15359_,16.8µm
_15365_,16.8µm
_16731_,16.8µm
_17321_,16.8µm
_17407_,16.8µm
_17526_,16.8µm
_17741_,16.8µm
_18007_,16.8µm
_18144_,16.8µm
_18349_,16.8µm
_18504_,16.8µm
_19155_,16.8µm
_19188_,16.8µm
_19317_,16.8µm
_19360_,16.8µm
_19695_,16.8µm
_19741_,16.8µm
_19757_,16.8µm
_19916_,16.8µm
_20079_,16.8µm
_20241_,16.8µm
_20580_,16.8µm
_20668_,16.8µm
_20875_,16.8µm
_21375_,16.8µm
_21746_,16.8µm
_21808_,16.8µm
_21911_,16.8µm
_21986_,16.8µm
_22020_,16.8µm
_22184_,16.8µm
_22650_,16.8µm
_22810_,16.8µm
_22830_,16.8µm
_22849_,16.8µm
_22880_,16.8µm
_23460_,16.8µm
_23780_,16.8µm
_24182_,16.8µm
_24187_,16.8µm
_24301_,16.8µm
_25055_,16.8µm
_25141_,16.8µm
_25617_,16.8µm
_25835_,16.8µm
_26274_,16.8µm
_26383_,16.8µm
_26385_,16.8µm
_26410_,16.8µm
_26414_,16.8µm
_26726_,16.8µm
_27088_,16.8µm
_27710_,16.8µm
exit_value_int\[18\],16.8µm
i_core_v_mini_mcu.ao_peripheral_subsystem_i.power_manager_i.power_manager_reg_top_i.intr_state_qs\[29\],16.8µm
i_core_v_mini_mcu.ao_peripheral_subsystem_i.tdu_i.task_mem\[7\]\[4\],16.8µm
i_core_v_mini_mcu.cpu_subsystem_i.cpu_0_0.i_servile.arbiter.i_wb_cpu_dbus_adr\[29\],16.8µm
i_core_v_mini_mcu.cpu_subsystem_i.cpu_0_0.i_servile.rf_ram_if.rdata1,16.8µm
i_core_v_mini_mcu.cpu_subsystem_i.cpu_0_0.rf_ram_i.memory\[113\]\[1\],16.8µm
i_core_v_mini_mcu.cpu_subsystem_i.cpu_0_0.rf_ram_i.memory\[26\]\[1\],16.8µm
i_core_v_mini_mcu.cpu_subsystem_i.cpu_0_0.rf_ram_i.memory\[405\]\[0\],16.8µm
i_core_v_mini_mcu.cpu_subsystem_i.cpu_0_0.rf_ram_i.memory\[470\]\[1\],16.8µm
i_core_v_mini_mcu.cpu_subsystem_i.cpu_0_0.rf_ram_i.memory\[494\]\[1\],16.8µm
i_core_v_mini_mcu.cpu_subsystem_i.cpu_0_0.rf_ram_i.memory\[505\]\[0\],16.8µm
i_core_v_mini_mcu.cpu_subsystem_i.cpu_1_0.rf_ram_i.memory\[147\]\[1\],16.8µm
i_core_v_mini_mcu.cpu_subsystem_i.cpu_1_0.rf_ram_i.memory\[352\]\[0\],16.8µm
i_core_v_mini_mcu.memory_subsystem_i.ram0_i.tc_ram_i.sram\[22\]\[20\],16.8µm
i_core_v_mini_mcu.memory_subsystem_i.ram0_i.tc_ram_i.sram\[23\]\[25\],16.8µm
i_core_v_mini_mcu.memory_subsystem_i.ram0_i.tc_ram_i.sram\[28\]\[26\],16.8µm
i_core_v_mini_mcu.memory_subsystem_i.ram0_i.tc_ram_i.sram\[4\]\[24\],16.8µm
i_core_v_mini_mcu.memory_subsystem_i.ram0_i.tc_ram_i.sram\[7\]\[4\],16.8µm
i_core_v_mini_mcu.cpu_subsystem_i.cpu_1_0.rf_ram_i.memory\[486\]\[0\],16.62µm
_07684_,16.57µm
_21823_,16.57µm
i_core_v_mini_mcu.ao_peripheral_subsystem_i.soc_ctrl_i.soc_ctrl_reg_top_i.system_frequency_hz_qs\[13\],16.57µm
i_core_v_mini_mcu.memory_subsystem_i.ram0_i.tc_ram_i.sram\[30\]\[12\],16.57µm
net1684,16.55µm
_19980_,16.52µm
_24282_,16.52µm
net1664,16.52µm
_17203_,16.49µm
_15950_,16.44µm
_17790_,16.44µm
_06078_,16.39µm
_06908_,16.39µm
_09035_,16.39µm
_09081_,16.39µm
_13644_,16.39µm
_15846_,16.39µm
_22159_,16.39µm
_23469_,16.39µm
_27685_,16.39µm
i_core_v_mini_mcu.ao_peripheral_subsystem_i.obi_fifo_i.consumer_data_req\[36\],16.39µm
i_core_v_mini_mcu.cpu_subsystem_i.cpu_0_0.rf_ram_i.memory\[109\]\[1\],16.39µm
i_core_v_mini_mcu.cpu_subsystem_i.cpu_0_0.rf_ram_i.memory\[335\]\[0\],16.39µm
i_core_v_mini_mcu.cpu_subsystem_i.cpu_1_0.rf_ram_i.memory\[406\]\[0\],16.39µm
i_core_v_mini_mcu.cpu_subsystem_i.cpu_1_0.rf_ram_i.memory\[448\]\[0\],16.39µm
i_core_v_mini_mcu.memory_subsystem_i.ram0_i.tc_ram_i.sram\[15\]\[4\],16.39µm
i_core_v_mini_mcu.memory_subsystem_i.ram0_i.tc_ram_i.sram\[28\]\[15\],16.39µm
i_core_v_mini_mcu.memory_subsystem_i.ram0_i.tc_ram_i.sram\[3\]\[14\],16.39µm
_00198_,16.34µm
_02061_,16.34µm
_02452_,16.34µm
_05418_,16.34µm
_05969_,16.34µm
_06216_,16.34µm
_06647_,16.34µm
_06692_,16.34µm
_06839_,16.34µm
_06899_,16.34µm
_07087_,16.34µm
_09162_,16.34µm
_09176_,16.34µm
_10036_,16.34µm
_10349_,16.34µm
_12831_,16.34µm
_13097_,16.34µm
_15290_,16.34µm
_15348_,16.34µm
_16277_,16.34µm
_17895_,16.34µm
_18083_,16.34µm
_18312_,16.34µm
_19648_,16.34µm
_20973_,16.34µm
_21577_,16.34µm
_21810_,16.34µm
_22164_,16.34µm
_22517_,16.34µm
_22614_,16.34µm
_23080_,16.34µm
_25113_,16.34µm
_25710_,16.34µm
_27689_,16.34µm
i_core_v_mini_mcu.ao_peripheral_subsystem_i.obi_fifo_i.consumer_data_req\[24\],16.34µm
i_core_v_mini_mcu.ao_peripheral_subsystem_i.power_manager_i.power_manager_reg_top_i.periph_clk_gate_qs,16.34µm
i_core_v_mini_mcu.ao_peripheral_subsystem_i.soc_ctrl_i.soc_ctrl_reg_top_i.system_frequency_hz_qs\[14\],16.34µm
i_core_v_mini_mcu.ao_peripheral_subsystem_i.tdu_i.task_mem\[5\]\[18\],16.34µm
i_core_v_mini_mcu.cpu_subsystem_i.cpu_0_0.i_servile.cpu.gen_align.align.ibus_rdt_concat\[4\],16.34µm
i_core_v_mini_mcu.cpu_subsystem_i.cpu_0_0.rf_ram_i.memory\[127\]\[1\],16.34µm
i_core_v_mini_mcu.cpu_subsystem_i.cpu_0_0.rf_ram_i.memory\[269\]\[0\],16.34µm
i_core_v_mini_mcu.cpu_subsystem_i.cpu_0_0.rf_ram_i.memory\[299\]\[1\],16.34µm
i_core_v_mini_mcu.cpu_subsystem_i.cpu_0_0.rf_ram_i.memory\[306\]\[0\],16.34µm
i_core_v_mini_mcu.cpu_subsystem_i.cpu_0_0.rf_ram_i.memory\[336\]\[1\],16.34µm
i_core_v_mini_mcu.cpu_subsystem_i.cpu_0_0.rf_ram_i.memory\[473\]\[0\],16.34µm
i_core_v_mini_mcu.cpu_subsystem_i.cpu_0_0.rf_ram_i.memory\[512\]\[1\],16.34µm
i_core_v_mini_mcu.cpu_subsystem_i.cpu_1_0.rf_ram_i.memory\[260\]\[1\],16.34µm
i_core_v_mini_mcu.cpu_subsystem_i.cpu_1_0.rf_ram_i.memory\[300\]\[1\],16.34µm
i_core_v_mini_mcu.cpu_subsystem_i.cpu_1_0.rf_ram_i.memory\[412\]\[1\],16.34µm
i_core_v_mini_mcu.cpu_subsystem_i.cpu_1_0.rf_ram_i.memory\[48\]\[1\],16.34µm
i_core_v_mini_mcu.cpu_subsystem_i.cpu_1_0.rf_ram_i.memory\[499\]\[0\],16.34µm
i_core_v_mini_mcu.memory_subsystem_i.ram0_i.tc_ram_i.sram\[11\]\[26\],16.34µm
i_core_v_mini_mcu.memory_subsystem_i.ram0_i.tc_ram_i.sram\[14\]\[18\],16.34µm
i_core_v_mini_mcu.memory_subsystem_i.ram0_i.tc_ram_i.sram\[20\]\[31\],16.34µm
i_core_v_mini_mcu.memory_subsystem_i.ram0_i.tc_ram_i.sram\[22\]\[12\],16.34µm
i_core_v_mini_mcu.memory_subsystem_i.ram0_i.tc_ram_i.sram\[22\]\[26\],16.34µm
i_core_v_mini_mcu.memory_subsystem_i.ram0_i.tc_ram_i.sram\[24\]\[15\],16.34µm
i_core_v_mini_mcu.memory_subsystem_i.ram0_i.tc_ram_i.sram\[25\]\[15\],16.34µm
i_core_v_mini_mcu.memory_subsystem_i.ram0_i.tc_ram_i.sram\[27\]\[16\],16.34µm
i_core_v_mini_mcu.memory_subsystem_i.ram0_i.tc_ram_i.sram\[7\]\[12\],16.34µm
i_core_v_mini_mcu.memory_subsystem_i.ram0_i.tc_ram_i.sram\[9\]\[9\],16.34µm
i_core_v_mini_mcu.peripheral_subsystem_i.periph_to_reg_i.r_rdata_d\[2\],16.34µm
_00193_,16.29µm
_01364_,16.29µm
_01752_,16.29µm
_02250_,16.29µm
_02856_,16.29µm
_03693_,16.29µm
_03717_,16.29µm
_04678_,16.29µm
_05096_,16.29µm
_05097_,16.29µm
_05400_,16.29µm
_05566_,16.29µm
_05862_,16.29µm
_06090_,16.29µm
_06131_,16.29µm
_06599_,16.29µm
_07058_,16.29µm
_07214_,16.29µm
_07266_,16.29µm
_07659_,16.29µm
_07937_,16.29µm
_08402_,16.29µm
_08500_,16.29µm
_08635_,16.29µm
_08745_,16.29µm
_08992_,16.29µm
_09328_,16.29µm
_09886_,16.29µm
_10088_,16.29µm
_10102_,16.29µm
_10408_,16.29µm
_10703_,16.29µm
_11129_,16.29µm
_11201_,16.29µm
_11340_,16.29µm
_11563_,16.29µm
_12072_,16.29µm
_12330_,16.29µm
_12783_,16.29µm
_13032_,16.29µm
_13173_,16.29µm
_13410_,16.29µm
_13414_,16.29µm
_13493_,16.29µm
_13692_,16.29µm
_13749_,16.29µm
_13796_,16.29µm
_13856_,16.29µm
_13993_,16.29µm
_13994_,16.29µm
_14252_,16.29µm
_14318_,16.29µm
_14556_,16.29µm
_14703_,16.29µm
_15178_,16.29µm
_15654_,16.29µm
_15670_,16.29µm
_15679_,16.29µm
_15946_,16.29µm
_16416_,16.29µm
_16699_,16.29µm
_17022_,16.29µm
_17087_,16.29µm
_17315_,16.29µm
_18258_,16.29µm
_18378_,16.29µm
_18632_,16.29µm
_18758_,16.29µm
_18761_,16.29µm
_18831_,16.29µm
_18872_,16.29µm
_18936_,16.29µm
_19462_,16.29µm
_19903_,16.29µm
_20000_,16.29µm
_20002_,16.29µm
_20410_,16.29µm
_20428_,16.29µm
_20469_,16.29µm
_20681_,16.29µm
_20800_,16.29µm
_20977_,16.29µm
_21014_,16.29µm
_21723_,16.29µm
_21945_,16.29µm
_22384_,16.29µm
_22390_,16.29µm
_22684_,16.29µm
_22905_,16.29µm
_22982_,16.29µm
_22987_,16.29µm
_23353_,16.29µm
_23663_,16.29µm
_23738_,16.29µm
_24214_,16.29µm
_24606_,16.29µm
_24713_,16.29µm
_24729_,16.29µm
_25408_,16.29µm
_25411_,16.29µm
_25688_,16.29µm
_26185_,16.29µm
_26247_,16.29µm
_26382_,16.29µm
_26503_,16.29µm
_26584_,16.29µm
_26786_,16.29µm
_26952_,16.29µm
_27072_,16.29µm
_27435_,16.29µm
_27564_,16.29µm
_27621_,16.29µm
i_core_v_mini_mcu.ao_peripheral_subsystem_i.mosaic_clint_i.mtimecmp_q\[53\],16.29µm
i_core_v_mini_mcu.ao_peripheral_subsystem_i.obi_fifo_i.consumer_data_req_q\[15\],16.29µm
i_core_v_mini_mcu.ao_peripheral_subsystem_i.obi_fifo_i.consumer_resp_i\[22\],16.29µm
i_core_v_mini_mcu.ao_peripheral_subsystem_i.power_manager_i.power_manager_reg_top_i.intr_state_qs\[20\],16.29µm
i_core_v_mini_mcu.ao_peripheral_subsystem_i.power_manager_i.power_manager_sequence_ram_0_switch_i.sequence_curr_state\[4\],16.29µm
i_core_v_mini_mcu.ao_peripheral_subsystem_i.spi_subsystem_i.obi_spimemio_i.obi_to_picorv32_i.picorv32_resp_i\[31\],16.29µm
i_core_v_mini_mcu.ao_peripheral_subsystem_i.tdu_i.task_mem\[6\]\[31\],16.29µm
i_core_v_mini_mcu.cpu_subsystem_i.cpu_0_0.i_servile.cpu.decode.o_e_op,16.29µm
i_core_v_mini_mcu.cpu_subsystem_i.cpu_0_0.rf_ram_i.memory\[13\]\[1\],16.29µm
i_core_v_mini_mcu.cpu_subsystem_i.cpu_0_0.rf_ram_i.memory\[16\]\[0\],16.29µm
i_core_v_mini_mcu.cpu_subsystem_i.cpu_0_0.rf_ram_i.memory\[188\]\[1\],16.29µm
i_core_v_mini_mcu.cpu_subsystem_i.cpu_0_0.rf_ram_i.memory\[286\]\[1\],16.29µm
i_core_v_mini_mcu.cpu_subsystem_i.cpu_0_0.rf_ram_i.memory\[299\]\[0\],16.29µm
i_core_v_mini_mcu.cpu_subsystem_i.cpu_0_0.rf_ram_i.memory\[542\]\[0\],16.29µm
i_core_v_mini_mcu.cpu_subsystem_i.cpu_0_0.rf_ram_i.memory\[543\]\[1\],16.29µm
i_core_v_mini_mcu.cpu_subsystem_i.cpu_0_0.rf_ram_i.memory\[545\]\[1\],16.29µm
i_core_v_mini_mcu.cpu_subsystem_i.cpu_0_0.rf_ram_i.memory\[84\]\[1\],16.29µm
i_core_v_mini_mcu.cpu_subsystem_i.cpu_1_0.i_servile.cpu.decode.o_immdec_en\[1\],16.29µm
i_core_v_mini_mcu.cpu_subsystem_i.cpu_1_0.rf_ram_i.memory\[142\]\[0\],16.29µm
i_core_v_mini_mcu.cpu_subsystem_i.cpu_1_0.rf_ram_i.memory\[163\]\[1\],16.29µm
i_core_v_mini_mcu.cpu_subsystem_i.cpu_1_0.rf_ram_i.memory\[201\]\[1\],16.29µm
i_core_v_mini_mcu.cpu_subsystem_i.cpu_1_0.rf_ram_i.memory\[425\]\[1\],16.29µm
i_core_v_mini_mcu.cpu_subsystem_i.cpu_1_0.rf_ram_i.memory\[82\]\[1\],16.29µm
i_core_v_mini_mcu.memory_subsystem_i.ram0_i.tc_ram_i.sram\[14\]\[23\],16.29µm
i_core_v_mini_mcu.memory_subsystem_i.ram0_i.tc_ram_i.sram\[19\]\[13\],16.29µm
i_core_v_mini_mcu.memory_subsystem_i.ram0_i.tc_ram_i.sram\[1\]\[10\],16.29µm
i_core_v_mini_mcu.memory_subsystem_i.ram0_i.tc_ram_i.sram\[1\]\[19\],16.29µm
i_core_v_mini_mcu.memory_subsystem_i.ram0_i.tc_ram_i.sram\[20\]\[27\],16.29µm
i_core_v_mini_mcu.memory_subsystem_i.ram0_i.tc_ram_i.sram\[23\]\[23\],16.29µm
i_core_v_mini_mcu.memory_subsystem_i.ram0_i.tc_ram_i.sram\[25\]\[19\],16.29µm
i_core_v_mini_mcu.memory_subsystem_i.ram0_i.tc_ram_i.sram\[26\]\[9\],16.29µm
i_core_v_mini_mcu.memory_subsystem_i.ram0_i.tc_ram_i.sram\[27\]\[22\],16.29µm
i_core_v_mini_mcu.memory_subsystem_i.ram0_i.tc_ram_i.sram\[27\]\[26\],16.29µm
i_core_v_mini_mcu.memory_subsystem_i.ram0_i.tc_ram_i.sram\[3\]\[17\],16.29µm
i_core_v_mini_mcu.peripheral_subsystem_i.obi_fifo_i.consumer_data_req_q\[32\],16.29µm
i_core_v_mini_mcu.peripheral_subsystem_i.uart_i.uart_core.rx_fifo_depth_prev_q\[2\],16.29µm
_00159_,16.24µm
_00261_,16.24µm
_00647_,16.24µm
_00803_,16.24µm
_01146_,16.24µm
_01405_,16.24µm
_01588_,16.24µm
_01641_,16.24µm
_01664_,16.24µm
_02046_,16.24µm
_02068_,16.24µm
_02528_,16.24µm
_02541_,16.24µm
_02603_,16.24µm
_02953_,16.24µm
_02990_,16.24µm
_03046_,16.24µm
_03405_,16.24µm
_03434_,16.24µm
_03472_,16.24µm
_03660_,16.24µm
_03911_,16.24µm
_04213_,16.24µm
_04372_,16.24µm
_04503_,16.24µm
_04828_,16.24µm
_04848_,16.24µm
_04853_,16.24µm
_04946_,16.24µm
_04961_,16.24µm
_05704_,16.24µm
_05941_,16.24µm
_06298_,16.24µm
_06396_,16.24µm
_06509_,16.24µm
_07150_,16.24µm
_07178_,16.24µm
_07329_,16.24µm
_07648_,16.24µm
_07657_,16.24µm
_07735_,16.24µm
_07796_,16.24µm
_08283_,16.24µm
_08377_,16.24µm
_08961_,16.24µm
_09170_,16.24µm
_09291_,16.24µm
_09341_,16.24µm
_09445_,16.24µm
_09601_,16.24µm
_09725_,16.24µm
_09943_,16.24µm
_09980_,16.24µm
_10248_,16.24µm
_10681_,16.24µm
_10804_,16.24µm
_10911_,16.24µm
_10935_,16.24µm
_11008_,16.24µm
_11046_,16.24µm
_11065_,16.24µm
_11175_,16.24µm
_11289_,16.24µm
_11436_,16.24µm
_11559_,16.24µm
_11688_,16.24µm
_11842_,16.24µm
_12433_,16.24µm
_12448_,16.24µm
_12773_,16.24µm
_12816_,16.24µm
_12885_,16.24µm
_12999_,16.24µm
_13000_,16.24µm
_13090_,16.24µm
_13130_,16.24µm
_13241_,16.24µm
_13469_,16.24µm
_13520_,16.24µm
_13534_,16.24µm
_13774_,16.24µm
_13886_,16.24µm
_13942_,16.24µm
_13988_,16.24µm
_14061_,16.24µm
_14192_,16.24µm
_14287_,16.24µm
_14781_,16.24µm
_15015_,16.24µm
_15093_,16.24µm
_15534_,16.24µm
_15552_,16.24µm
_15594_,16.24µm
_15916_,16.24µm
_15945_,16.24µm
_16209_,16.24µm
_16476_,16.24µm
_16556_,16.24µm
_17180_,16.24µm
_17255_,16.24µm
_17616_,16.24µm
_17785_,16.24µm
_18065_,16.24µm
_18325_,16.24µm
_18628_,16.24µm
_18784_,16.24µm
_18814_,16.24µm
_19060_,16.24µm
_19479_,16.24µm
_19482_,16.24µm
_19579_,16.24µm
_19778_,16.24µm
_20212_,16.24µm
_20254_,16.24µm
_20299_,16.24µm
_20409_,16.24µm
_20725_,16.24µm
_21126_,16.24µm
_21722_,16.24µm
_22110_,16.24µm
_22160_,16.24µm
_22346_,16.24µm
_22363_,16.24µm
_22645_,16.24µm
_22648_,16.24µm
_22701_,16.24µm
_22914_,16.24µm
_22924_,16.24µm
_23146_,16.24µm
_23217_,16.24µm
_23319_,16.24µm
_23462_,16.24µm
_23473_,16.24µm
_24190_,16.24µm
_24448_,16.24µm
_24506_,16.24µm
_24625_,16.24µm
_24959_,16.24µm
_25278_,16.24µm
_25380_,16.24µm
_25615_,16.24µm
_25684_,16.24µm
_25868_,16.24µm
_25925_,16.24µm
_25953_,16.24µm
_26026_,16.24µm
_26236_,16.24µm
_26329_,16.24µm
_26520_,16.24µm
_26691_,16.24µm
_26768_,16.24µm
_26781_,16.24µm
_26929_,16.24µm
_26954_,16.24µm
_27015_,16.24µm
_27078_,16.24µm
_27084_,16.24µm
_27098_,16.24µm
_27163_,16.24µm
_27237_,16.24µm
_27308_,16.24µm
_27313_,16.24µm
_27446_,16.24µm
_27582_,16.24µm
_27646_,16.24µm
i_core_v_mini_mcu.ao_peripheral_subsystem_i.obi_fifo_i.consumer_data_req_q\[20\],16.24µm
i_core_v_mini_mcu.ao_peripheral_subsystem_i.spi_subsystem_i.obi_spimemio_i.spimemio_i.xfer.count\[3\],16.24µm
i_core_v_mini_mcu.ao_peripheral_subsystem_i.spi_subsystem_i.obi_spimemio_i.spimemio_i.xfer.flash_io0_do,16.24µm
i_core_v_mini_mcu.ao_peripheral_subsystem_i.tdu_i.task_mem\[7\]\[27\],16.24µm
i_core_v_mini_mcu.cpu_subsystem_i.cpu_0_0.i_servile.arbiter.i_wb_cpu_dbus_adr\[6\],16.24µm
i_core_v_mini_mcu.cpu_subsystem_i.cpu_0_0.rf_ram_i.memory\[145\]\[0\],16.24µm
i_core_v_mini_mcu.cpu_subsystem_i.cpu_0_0.rf_ram_i.memory\[153\]\[0\],16.24µm
i_core_v_mini_mcu.cpu_subsystem_i.cpu_1_0.i_servile.arbiter.i_wb_cpu_ibus_adr\[2\],16.24µm
i_core_v_mini_mcu.cpu_subsystem_i.cpu_1_0.rf_ram_i.memory\[258\]\[0\],16.24µm
i_core_v_mini_mcu.cpu_subsystem_i.cpu_1_0.rf_ram_i.memory\[346\]\[1\],16.24µm
i_core_v_mini_mcu.memory_subsystem_i.ram0_i.tc_ram_i.sram\[14\]\[7\],16.24µm
i_core_v_mini_mcu.memory_subsystem_i.ram0_i.tc_ram_i.sram\[22\]\[14\],16.24µm
i_core_v_mini_mcu.memory_subsystem_i.ram0_i.tc_ram_i.sram\[26\]\[19\],16.24µm
i_core_v_mini_mcu.memory_subsystem_i.ram0_i.tc_ram_i.sram\[26\]\[30\],16.24µm
i_core_v_mini_mcu.memory_subsystem_i.ram0_i.tc_ram_i.sram\[7\]\[16\],16.24µm
i_core_v_mini_mcu.memory_subsystem_i.ram_valid_q,16.24µm
i_core_v_mini_mcu.peripheral_subsystem_i.obi_fifo_i.consumer_data_req\[3\],16.24µm
i_core_v_mini_mcu.peripheral_subsystem_i.obi_fifo_i.consumer_data_req_q\[29\],16.24µm
i_core_v_mini_mcu.peripheral_subsystem_i.uart_i.uart_core.nco_sum_q\[1\],16.24µm
i_core_v_mini_mcu.peripheral_subsystem_i.uart_i.uart_core.uart_tx.sreg_q\[7\],16.24µm
net1688,16.185µm
i_core_v_mini_mcu.memory_subsystem_i.ram0_i.tc_ram_i.sram\[7\]\[28\],16.06µm
i_core_v_mini_mcu.peripheral_subsystem_i.uart_i.uart_core.rx_fifo_depth_prev_q\[0\],16.01µm
_22454_,15.96µm
_06199_,15.88µm
_10227_,15.88µm
_14592_,15.88µm
i_core_v_mini_mcu.ao_peripheral_subsystem_i.spi_subsystem_i.obi_spimemio_i.spimemio_i.xfer.dummy_count\[0\],15.88µm
i_core_v_mini_mcu.cpu_subsystem_i.cpu_1_0.rf_ram_i.memory\[253\]\[1\],15.88µm
i_core_v_mini_mcu.peripheral_subsystem_i.uart_i.uart_core.allzero_cnt_q\[3\],15.88µm
_02172_,15.83µm
_06010_,15.83µm
_06672_,15.83µm
_06768_,15.83µm
_06772_,15.83µm
_07128_,15.83µm
_10154_,15.83µm
_10166_,15.83µm
_10287_,15.83µm
_17469_,15.83µm
_19923_,15.83µm
_21759_,15.83µm
_23401_,15.83µm
_27123_,15.83µm
i_core_v_mini_mcu.ao_peripheral_subsystem_i.mosaic_clint_i.mtimecmp_q\[19\],15.83µm
i_core_v_mini_mcu.ao_peripheral_subsystem_i.power_manager_i.power_manager_reg_top_i.global_pointer_qs\[21\],15.83µm
i_core_v_mini_mcu.cpu_subsystem_i.cpu_0_0.rf_ram_i.memory\[100\]\[0\],15.83µm
i_core_v_mini_mcu.cpu_subsystem_i.cpu_0_0.rf_ram_i.memory\[266\]\[1\],15.83µm
i_core_v_mini_mcu.cpu_subsystem_i.cpu_0_0.rf_ram_i.memory\[293\]\[1\],15.83µm
i_core_v_mini_mcu.cpu_subsystem_i.cpu_0_0.rf_ram_i.memory\[533\]\[0\],15.83µm
i_core_v_mini_mcu.cpu_subsystem_i.cpu_1_0.rf_ram_i.memory\[407\]\[1\],15.83µm
i_core_v_mini_mcu.memory_subsystem_i.ram0_i.tc_ram_i.sram\[18\]\[24\],15.83µm
i_core_v_mini_mcu.memory_subsystem_i.ram0_i.tc_ram_i.sram\[18\]\[25\],15.83µm
_00192_,15.78µm
_04168_,15.78µm
_04529_,15.78µm
_08589_,15.78µm
_09180_,15.78µm
_09319_,15.78µm
_09999_,15.78µm
_10123_,15.78µm
_10842_,15.78µm
_11501_,15.78µm
_11962_,15.78µm
_12665_,15.78µm
_13019_,15.78µm
_16270_,15.78µm
_16576_,15.78µm
_18056_,15.78µm
_20181_,15.78µm
_20865_,15.78µm
_21714_,15.78µm
_21716_,15.78µm
_22522_,15.78µm
_23121_,15.78µm
_23927_,15.78µm
i_core_v_mini_mcu.ao_peripheral_subsystem_i.mosaic_clint_i.mtimecmp_q\[54\],15.78µm
i_core_v_mini_mcu.ao_peripheral_subsystem_i.obi_fifo_i.consumer_data_req_q\[58\],15.78µm
i_core_v_mini_mcu.ao_peripheral_subsystem_i.spi_subsystem_i.obi_spimemio_i.obi_to_picorv32_i.addr_buf\[13\],15.78µm
i_core_v_mini_mcu.ao_peripheral_subsystem_i.spi_subsystem_i.obi_spimemio_i.obi_to_picorv32_i.addr_buf\[8\],15.78µm
i_core_v_mini_mcu.ao_peripheral_subsystem_i.spi_subsystem_i.obi_spimemio_i.spimemio_i.dout_data\[1\],15.78µm
i_core_v_mini_mcu.ao_peripheral_subsystem_i.tdu_i.cpi_est_q\[42\],15.78µm
i_core_v_mini_mcu.ao_peripheral_subsystem_i.tdu_i.task_mem\[2\]\[28\],15.78µm
i_core_v_mini_mcu.ao_peripheral_subsystem_i.tdu_i.task_mem\[4\]\[22\],15.78µm
i_core_v_mini_mcu.cpu_subsystem_i.cpu_0_0.i_servile.arbiter.i_wb_cpu_dbus_adr\[27\],15.78µm
i_core_v_mini_mcu.cpu_subsystem_i.cpu_0_0.i_servile.cpu.gen_align.align.ibus_rdt_concat\[14\],15.78µm
i_core_v_mini_mcu.cpu_subsystem_i.cpu_0_0.rf_ram_i.memory\[155\]\[1\],15.78µm
i_core_v_mini_mcu.cpu_subsystem_i.cpu_0_0.rf_ram_i.memory\[159\]\[0\],15.78µm
i_core_v_mini_mcu.cpu_subsystem_i.cpu_0_0.rf_ram_i.memory\[181\]\[1\],15.78µm
i_core_v_mini_mcu.cpu_subsystem_i.cpu_0_0.rf_ram_i.memory\[21\]\[0\],15.78µm
i_core_v_mini_mcu.cpu_subsystem_i.cpu_0_0.rf_ram_i.memory\[284\]\[0\],15.78µm
i_core_v_mini_mcu.cpu_subsystem_i.cpu_0_0.rf_ram_i.memory\[311\]\[0\],15.78µm
i_core_v_mini_mcu.cpu_subsystem_i.cpu_0_0.rf_ram_i.memory\[475\]\[1\],15.78µm
i_core_v_mini_mcu.cpu_subsystem_i.cpu_0_0.rf_ram_i.memory\[517\]\[0\],15.78µm
i_core_v_mini_mcu.cpu_subsystem_i.cpu_0_0.rf_ram_i.memory\[527\]\[1\],15.78µm
i_core_v_mini_mcu.cpu_subsystem_i.cpu_1_0.rf_ram_i.memory\[139\]\[1\],15.78µm
i_core_v_mini_mcu.cpu_subsystem_i.cpu_1_0.rf_ram_i.memory\[214\]\[1\],15.78µm
i_core_v_mini_mcu.cpu_subsystem_i.cpu_1_0.rf_ram_i.memory\[269\]\[0\],15.78µm
i_core_v_mini_mcu.cpu_subsystem_i.cpu_1_0.rf_ram_i.memory\[281\]\[0\],15.78µm
i_core_v_mini_mcu.cpu_subsystem_i.cpu_1_0.rf_ram_i.memory\[311\]\[0\],15.78µm
i_core_v_mini_mcu.memory_subsystem_i.ram0_i.tc_ram_i.sram\[13\]\[17\],15.78µm
i_core_v_mini_mcu.memory_subsystem_i.ram0_i.tc_ram_i.sram\[16\]\[1\],15.78µm
i_core_v_mini_mcu.memory_subsystem_i.ram0_i.tc_ram_i.sram\[19\]\[25\],15.78µm
i_core_v_mini_mcu.memory_subsystem_i.ram0_i.tc_ram_i.sram\[22\]\[0\],15.78µm
i_core_v_mini_mcu.memory_subsystem_i.ram0_i.tc_ram_i.sram\[22\]\[22\],15.78µm
i_core_v_mini_mcu.memory_subsystem_i.ram0_i.tc_ram_i.sram\[25\]\[0\],15.78µm
i_core_v_mini_mcu.memory_subsystem_i.ram0_i.tc_ram_i.sram\[27\]\[14\],15.78µm
i_core_v_mini_mcu.memory_subsystem_i.ram0_i.tc_ram_i.sram\[2\]\[4\],15.78µm
i_core_v_mini_mcu.system_bus_i.system_xbar_i.gen_xbar_NtoM.i_xbar.gen_outputs\[3\].gen_rr_arb_tree.i_rr_arb_tree.gen_arbiter.rr_q\[0\],15.78µm
_00061_,15.73µm
_00559_,15.73µm
_00750_,15.73µm
_00978_,15.73µm
_01081_,15.73µm
_01174_,15.73µm
_01487_,15.73µm
_01538_,15.73µm
_01541_,15.73µm
_02072_,15.73µm
_02090_,15.73µm
_02238_,15.73µm
_02537_,15.73µm
_02678_,15.73µm
_03435_,15.73µm
_03532_,15.73µm
_04663_,15.73µm
_04781_,15.73µm
_04800_,15.73µm
_04805_,15.73µm
_04911_,15.73µm
_04964_,15.73µm
_05078_,15.73µm
_05109_,15.73µm
_05278_,15.73µm
_05323_,15.73µm
_05559_,15.73µm
_06864_,15.73µm
_07330_,15.73µm
_07424_,15.73µm
_07943_,15.73µm
_08036_,15.73µm
_08275_,15.73µm
_08834_,15.73µm
_09034_,15.73µm
_09096_,15.73µm
_09218_,15.73µm
_09507_,15.73µm
_09542_,15.73µm
_09597_,15.73µm
_09738_,15.73µm
_09964_,15.73µm
_10071_,15.73µm
_10238_,15.73µm
_10494_,15.73µm
_11077_,15.73µm
_11205_,15.73µm
_11227_,15.73µm
_11580_,15.73µm
_11619_,15.73µm
_11627_,15.73µm
_11830_,15.73µm
_12293_,15.73µm
_12822_,15.73µm
_12933_,15.73µm
_12936_,15.73µm
_13040_,15.73µm
_13209_,15.73µm
_13264_,15.73µm
_13375_,15.73µm
_13497_,15.73µm
_13701_,15.73µm
_13702_,15.73µm
_13941_,15.73µm
_14066_,15.73µm
_14147_,15.73µm
_14436_,15.73µm
_14544_,15.73µm
_14576_,15.73µm
_14925_,15.73µm
_15240_,15.73µm
_15542_,15.73µm
_15732_,15.73µm
_15926_,15.73µm
_16259_,15.73µm
_16462_,15.73µm
_16703_,15.73µm
_16935_,15.73µm
_17167_,15.73µm
_17192_,15.73µm
_17296_,15.73µm
_17327_,15.73µm
_17396_,15.73µm
_17408_,15.73µm
_17438_,15.73µm
_17776_,15.73µm
_17914_,15.73µm
_18401_,15.73µm
_18576_,15.73µm
_18646_,15.73µm
_18770_,15.73µm
_18815_,15.73µm
_18894_,15.73µm
_19094_,15.73µm
_19467_,15.73µm
_19495_,15.73µm
_19652_,15.73µm
_19854_,15.73µm
_20232_,15.73µm
_20316_,15.73µm
_20347_,15.73µm
_20389_,15.73µm
_20419_,15.73µm
_20613_,15.73µm
_20978_,15.73µm
_21130_,15.73µm
_21573_,15.73µm
_21675_,15.73µm
_22098_,15.73µm
_22115_,15.73µm
_22361_,15.73µm
_22444_,15.73µm
_22504_,15.73µm
_22624_,15.73µm
_22660_,15.73µm
_22682_,15.73µm
_22761_,15.73µm
_22804_,15.73µm
_23769_,15.73µm
_24043_,15.73µm
_24206_,15.73µm
_24462_,15.73µm
_24688_,15.73µm
_24719_,15.73µm
_24847_,15.73µm
_24930_,15.73µm
_25271_,15.73µm
_25316_,15.73µm
_25366_,15.73µm
_25391_,15.73µm
_25659_,15.73µm
_25669_,15.73µm
_25794_,15.73µm
_25826_,15.73µm
_26053_,15.73µm
_26437_,15.73µm
_26443_,15.73µm
_26476_,15.73µm
_26630_,15.73µm
_26969_,15.73µm
_27121_,15.73µm
_27258_,15.73µm
_27433_,15.73µm
_27493_,15.73µm
_27596_,15.73µm
i_core_v_mini_mcu.ao_peripheral_subsystem_i.mosaic_clint_i.mtimecmp_q\[43\],15.73µm
i_core_v_mini_mcu.ao_peripheral_subsystem_i.power_manager_i.power_manager_reg_top_i.global_pointer_qs\[10\],15.73µm
i_core_v_mini_mcu.ao_peripheral_subsystem_i.power_manager_i.power_manager_reg_top_i.global_pointer_qs\[13\],15.73µm
i_core_v_mini_mcu.ao_peripheral_subsystem_i.power_manager_i.power_manager_reg_top_i.u_intr_state.wr_data\[10\],15.73µm
i_core_v_mini_mcu.ao_peripheral_subsystem_i.soc_ctrl_i.reg2hw\[33\],15.73µm
i_core_v_mini_mcu.ao_peripheral_subsystem_i.spi_subsystem_i.obi_spimemio_i.obi_to_picorv32_i.addr_buf\[14\],15.73µm
i_core_v_mini_mcu.ao_peripheral_subsystem_i.tdu_i.cpi_est_q\[41\],15.73µm
i_core_v_mini_mcu.ao_peripheral_subsystem_i.tdu_i.task_mem\[0\]\[28\],15.73µm
i_core_v_mini_mcu.ao_peripheral_subsystem_i.tdu_i.task_mem\[0\]\[3\],15.73µm
i_core_v_mini_mcu.core_data_req\[31\],15.73µm
i_core_v_mini_mcu.cpu_subsystem_i.cpu_0_0.rf_ram_i.memory\[10\]\[0\],15.73µm
i_core_v_mini_mcu.cpu_subsystem_i.cpu_0_0.rf_ram_i.memory\[110\]\[1\],15.73µm
i_core_v_mini_mcu.cpu_subsystem_i.cpu_0_0.rf_ram_i.memory\[138\]\[0\],15.73µm
i_core_v_mini_mcu.cpu_subsystem_i.cpu_0_0.rf_ram_i.memory\[151\]\[0\],15.73µm
i_core_v_mini_mcu.cpu_subsystem_i.cpu_0_0.rf_ram_i.memory\[183\]\[0\],15.73µm
i_core_v_mini_mcu.cpu_subsystem_i.cpu_0_0.rf_ram_i.memory\[235\]\[0\],15.73µm
i_core_v_mini_mcu.cpu_subsystem_i.cpu_0_0.rf_ram_i.memory\[288\]\[1\],15.73µm
i_core_v_mini_mcu.cpu_subsystem_i.cpu_0_0.rf_ram_i.memory\[303\]\[0\],15.73µm
i_core_v_mini_mcu.cpu_subsystem_i.cpu_0_0.rf_ram_i.memory\[321\]\[0\],15.73µm
i_core_v_mini_mcu.cpu_subsystem_i.cpu_0_0.rf_ram_i.memory\[375\]\[0\],15.73µm
i_core_v_mini_mcu.cpu_subsystem_i.cpu_0_0.rf_ram_i.memory\[509\]\[1\],15.73µm
i_core_v_mini_mcu.cpu_subsystem_i.cpu_1_0.ext_owns_q,15.73µm
i_core_v_mini_mcu.cpu_subsystem_i.cpu_1_0.rf_ram_i.memory\[113\]\[1\],15.73µm
i_core_v_mini_mcu.cpu_subsystem_i.cpu_1_0.rf_ram_i.memory\[158\]\[0\],15.73µm
i_core_v_mini_mcu.cpu_subsystem_i.cpu_1_0.rf_ram_i.memory\[166\]\[0\],15.73µm
i_core_v_mini_mcu.cpu_subsystem_i.cpu_1_0.rf_ram_i.memory\[21\]\[1\],15.73µm
i_core_v_mini_mcu.cpu_subsystem_i.cpu_1_0.rf_ram_i.memory\[235\]\[0\],15.73µm
i_core_v_mini_mcu.cpu_subsystem_i.cpu_1_0.rf_ram_i.memory\[79\]\[0\],15.73µm
i_core_v_mini_mcu.memory_subsystem_i.ram0_i.tc_ram_i.sram\[0\]\[6\],15.73µm
i_core_v_mini_mcu.memory_subsystem_i.ram0_i.tc_ram_i.sram\[14\]\[5\],15.73µm
i_core_v_mini_mcu.memory_subsystem_i.ram0_i.tc_ram_i.sram\[16\]\[28\],15.73µm
i_core_v_mini_mcu.memory_subsystem_i.ram0_i.tc_ram_i.sram\[16\]\[7\],15.73µm
i_core_v_mini_mcu.memory_subsystem_i.ram0_i.tc_ram_i.sram\[18\]\[6\],15.73µm
i_core_v_mini_mcu.memory_subsystem_i.ram0_i.tc_ram_i.sram\[19\]\[17\],15.73µm
i_core_v_mini_mcu.memory_subsystem_i.ram0_i.tc_ram_i.sram\[24\]\[18\],15.73µm
i_core_v_mini_mcu.memory_subsystem_i.ram0_i.tc_ram_i.sram\[29\]\[31\],15.73µm
i_core_v_mini_mcu.memory_subsystem_i.ram0_i.tc_ram_i.sram\[29\]\[7\],15.73µm
i_core_v_mini_mcu.memory_subsystem_i.ram0_i.tc_ram_i.sram\[30\]\[17\],15.73µm
i_core_v_mini_mcu.memory_subsystem_i.ram0_i.tc_ram_i.sram\[30\]\[6\],15.73µm
i_core_v_mini_mcu.memory_subsystem_i.ram0_i.tc_ram_i.sram\[4\]\[13\],15.73µm
i_core_v_mini_mcu.memory_subsystem_i.ram0_i.tc_ram_i.sram\[4\]\[20\],15.73µm
i_core_v_mini_mcu.memory_subsystem_i.ram0_i.tc_ram_i.sram\[6\]\[1\],15.73µm
i_core_v_mini_mcu.memory_subsystem_i.ram0_i.tc_ram_i.sram\[8\]\[24\],15.73µm
i_core_v_mini_mcu.peripheral_subsystem_i.obi_fifo_i.consumer_data_req_q\[27\],15.73µm
i_core_v_mini_mcu.peripheral_subsystem_i.obi_fifo_i.consumer_data_req_q\[65\],15.73µm
_00048_,15.68µm
_00067_,15.68µm
_00500_,15.68µm
_00792_,15.68µm
_00882_,15.68µm
_01104_,15.68µm
_01280_,15.68µm
_01451_,15.68µm
_01515_,15.68µm
_01646_,15.68µm
_01660_,15.68µm
_01974_,15.68µm
_02005_,15.68µm
_02204_,15.68µm
_02278_,15.68µm
_02319_,15.68µm
_02399_,15.68µm
_02535_,15.68µm
_02628_,15.68µm
_02804_,15.68µm
_02926_,15.68µm
_03037_,15.68µm
_03410_,15.68µm
_03618_,15.68µm
_03820_,15.68µm
_03879_,15.68µm
_03931_,15.68µm
_04137_,15.68µm
_04173_,15.68µm
_04659_,15.68µm
_04679_,15.68µm
_05139_,15.68µm
_05156_,15.68µm
_05205_,15.68µm
_05445_,15.68µm
_05446_,15.68µm
_05805_,15.68µm
_05954_,15.68µm
_06343_,15.68µm
_06723_,15.68µm
_06978_,15.68µm
_07029_,15.68µm
_07203_,15.68µm
_07301_,15.68µm
_07459_,15.68µm
_07588_,15.68µm
_07621_,15.68µm
_08106_,15.68µm
_08253_,15.68µm
_08345_,15.68µm
_08403_,15.68µm
_08727_,15.68µm
_08735_,15.68µm
_09591_,15.68µm
_09615_,15.68µm
_10004_,15.68µm
_10333_,15.68µm
_10636_,15.68µm
_10665_,15.68µm
_10741_,15.68µm
_11044_,15.68µm
_11055_,15.68µm
_11085_,15.68µm
_11235_,15.68µm
_11359_,15.68µm
_11712_,15.68µm
_11764_,15.68µm
_12016_,15.68µm
_12056_,15.68µm
_12090_,15.68µm
_12097_,15.68µm
_12958_,15.68µm
_12980_,15.68µm
_13070_,15.68µm
_13110_,15.68µm
_13356_,15.68µm
_13512_,15.68µm
_13670_,15.68µm
_13736_,15.68µm
_13768_,15.68µm
_13920_,15.68µm
_14088_,15.68µm
_14317_,15.68µm
_14333_,15.68µm
_14842_,15.68µm
_14964_,15.68µm
_15215_,15.68µm
_15218_,15.68µm
_15242_,15.68µm
_15491_,15.68µm
_15524_,15.68µm
_15767_,15.68µm
_16214_,15.68µm
_16437_,15.68µm
_16558_,15.68µm
_17393_,15.68µm
_17644_,15.68µm
_17732_,15.68µm
_17862_,15.68µm
_18205_,15.68µm
_18304_,15.68µm
_18457_,15.68µm
_18879_,15.68µm
_18896_,15.68µm
_19709_,15.68µm
_19956_,15.68µm
_20221_,15.68µm
_20270_,15.68µm
_21352_,15.68µm
_21438_,15.68µm
_21719_,15.68µm
_21857_,15.68µm
_21870_,15.68µm
_22125_,15.68µm
_22293_,15.68µm
_22331_,15.68µm
_22562_,15.68µm
_22994_,15.68µm
_23205_,15.68µm
_23585_,15.68µm
_23643_,15.68µm
_23700_,15.68µm
_24426_,15.68µm
_24661_,15.68µm
_24838_,15.68µm
_25051_,15.68µm
_25383_,15.68µm
_25515_,15.68µm
_25551_,15.68µm
_25749_,15.68µm
_25980_,15.68µm
_26033_,15.68µm
_26367_,15.68µm
_26402_,15.68µm
_26614_,15.68µm
_26725_,15.68µm
_27288_,15.68µm
_27300_,15.68µm
_27460_,15.68µm
_27499_,15.68µm
_27504_,15.68µm
_27509_,15.68µm
i_core_v_mini_mcu.ao_peripheral_subsystem_i.periph_to_reg_i.r_rdata_d\[9\],15.68µm
i_core_v_mini_mcu.ao_peripheral_subsystem_i.power_manager_i.power_manager_counter_sequence_cpu_reset_i.sequence_curr_state\[3\],15.68µm
i_core_v_mini_mcu.ao_peripheral_subsystem_i.power_manager_i.power_manager_reg_top_i.global_pointer_qs\[17\],15.68µm
i_core_v_mini_mcu.ao_peripheral_subsystem_i.soc_ctrl_i.reg2hw\[4\],15.68µm
i_core_v_mini_mcu.ao_peripheral_subsystem_i.spi_subsystem_i.obi_spimemio_i.spimemio_i.buffer\[20\],15.68µm
i_core_v_mini_mcu.cpu_subsystem_i.cpu_0_0.i_servile.cpu.gen_align.align.ibus_rdt_concat\[2\],15.68µm
i_core_v_mini_mcu.cpu_subsystem_i.cpu_0_0.rf_ram_i.memory\[136\]\[0\],15.68µm
i_core_v_mini_mcu.cpu_subsystem_i.cpu_0_0.rf_ram_i.memory\[247\]\[1\],15.68µm
i_core_v_mini_mcu.cpu_subsystem_i.cpu_0_0.rf_ram_i.memory\[335\]\[1\],15.68µm
i_core_v_mini_mcu.cpu_subsystem_i.cpu_0_0.rf_ram_i.memory\[439\]\[0\],15.68µm
i_core_v_mini_mcu.cpu_subsystem_i.cpu_0_0.rf_ram_i.memory\[569\]\[0\],15.68µm
i_core_v_mini_mcu.cpu_subsystem_i.cpu_1_0.i_servile.cpu.bufreg.c_r,15.68µm
i_core_v_mini_mcu.cpu_subsystem_i.cpu_1_0.rf_ram_i.memory\[267\]\[1\],15.68µm
i_core_v_mini_mcu.cpu_subsystem_i.cpu_1_0.rf_ram_i.memory\[498\]\[1\],15.68µm
i_core_v_mini_mcu.memory_subsystem_i.ram0_i.tc_ram_i.sram\[27\]\[3\],15.68µm
i_core_v_mini_mcu.memory_subsystem_i.ram0_i.tc_ram_i.sram\[29\]\[24\],15.68µm
i_core_v_mini_mcu.memory_subsystem_i.ram0_i.tc_ram_i.sram\[29\]\[6\],15.68µm
i_core_v_mini_mcu.memory_subsystem_i.ram0_i.tc_ram_i.sram\[2\]\[2\],15.68µm
i_core_v_mini_mcu.memory_subsystem_i.ram0_i.tc_ram_i.sram\[5\]\[12\],15.68µm
i_core_v_mini_mcu.peripheral_subsystem_i.obi_fifo_i.consumer_resp_i\[5\],15.68µm
i_core_v_mini_mcu.peripheral_subsystem_i.uart_i.uart_core.u_uart_txfifo.gen_normal_fifo.fifo_wptr\[2\],15.68µm
i_core_v_mini_mcu.peripheral_subsystem_i.uart_i.uart_core.u_uart_txfifo.gen_normal_fifo.storage\[2\],15.68µm
i_core_v_mini_mcu.cpu_subsystem_i.cpu_0_0.rf_ram_i.memory\[410\]\[0\],15.5µm
i_core_v_mini_mcu.cpu_subsystem_i.cpu_1_0.rf_ram_i.memory\[226\]\[1\],15.45µm
i_core_v_mini_mcu.ao_peripheral_subsystem_i.tdu_i.task_mem\[4\]\[11\],15.4µm
i_core_v_mini_mcu.cpu_subsystem_i.cpu_1_0.rf_ram_i.memory\[216\]\[0\],15.355µm
_09104_,15.32µm
_09190_,15.32µm
_14773_,15.32µm
_15235_,15.32µm
i_core_v_mini_mcu.cpu_subsystem_i.cpu_0_0.rf_ram_i.memory\[150\]\[0\],15.3µm
_06220_,15.27µm
_09044_,15.27µm
_09692_,15.27µm
_09697_,15.27µm
_09703_,15.27µm
_12573_,15.27µm
_16752_,15.27µm
_20552_,15.27µm
_21862_,15.27µm
_22162_,15.27µm
_22815_,15.27µm
_23392_,15.27µm
i_core_v_mini_mcu.ao_peripheral_subsystem_i.tdu_i.count_q\[1\],15.27µm
i_core_v_mini_mcu.cpu_subsystem_i.cpu_0_0.i_servile.cpu.csr_mstatus_en,15.27µm
i_core_v_mini_mcu.cpu_subsystem_i.cpu_0_0.rf_ram_i.memory\[144\]\[1\],15.27µm
i_core_v_mini_mcu.cpu_subsystem_i.cpu_0_0.rf_ram_i.memory\[37\]\[1\],15.27µm
i_core_v_mini_mcu.cpu_subsystem_i.cpu_0_0.rf_ram_i.memory\[107\]\[0\],15.25µm
_00017_,15.22µm
_00144_,15.22µm
_01388_,15.22µm
_01503_,15.22µm
_05269_,15.22µm
_05429_,15.22µm
_05816_,15.22µm
_06579_,15.22µm
_08628_,15.22µm
_09891_,15.22µm
_10212_,15.22µm
_10417_,15.22µm
_10515_,15.22µm
_11456_,15.22µm
_11793_,15.22µm
_11983_,15.22µm
_13201_,15.22µm
_13436_,15.22µm
_15411_,15.22µm
_15894_,15.22µm
_17395_,15.22µm
_17600_,15.22µm
_18494_,15.22µm
_19861_,15.22µm
_20757_,15.22µm
_20916_,15.22µm
_20918_,15.22µm
_21235_,15.22µm
_22071_,15.22µm
_22981_,15.22µm
_23000_,15.22µm
_23005_,15.22µm
_23799_,15.22µm
_23997_,15.22µm
_24178_,15.22µm
_27384_,15.22µm
i_core_v_mini_mcu.ao_peripheral_subsystem_i.obi_fifo_i.consumer_data_req_q\[40\],15.22µm
i_core_v_mini_mcu.ao_peripheral_subsystem_i.obi_fifo_i.consumer_data_req_q\[52\],15.22µm
i_core_v_mini_mcu.ao_peripheral_subsystem_i.power_manager_i.power_manager_counter_sequence_cpu_iso_i.sequence_curr_state\[0\],15.22µm
i_core_v_mini_mcu.ao_peripheral_subsystem_i.soc_ctrl_i.soc_ctrl_reg_top_i.system_frequency_hz_qs\[26\],15.22µm
i_core_v_mini_mcu.ao_peripheral_subsystem_i.tdu_i.cpi_est_q\[29\],15.22µm
i_core_v_mini_mcu.ao_peripheral_subsystem_i.tdu_i.cpi_est_q\[44\],15.22µm
i_core_v_mini_mcu.ao_peripheral_subsystem_i.tdu_i.cpi_est_q\[49\],15.22µm
i_core_v_mini_mcu.ao_peripheral_subsystem_i.tdu_i.task_mem\[4\]\[27\],15.22µm
i_core_v_mini_mcu.ao_peripheral_subsystem_i.tdu_i.task_mem\[5\]\[17\],15.22µm
i_core_v_mini_mcu.ao_peripheral_subsystem_i.tdu_i.wake_mask_q\[1\],15.22µm
i_core_v_mini_mcu.cpu_subsystem_i.cpu_0_0.rf_ram_i.memory\[161\]\[1\],15.22µm
i_core_v_mini_mcu.cpu_subsystem_i.cpu_0_0.rf_ram_i.memory\[176\]\[1\],15.22µm
i_core_v_mini_mcu.cpu_subsystem_i.cpu_0_0.rf_ram_i.memory\[179\]\[1\],15.22µm
i_core_v_mini_mcu.cpu_subsystem_i.cpu_0_0.rf_ram_i.memory\[197\]\[0\],15.22µm
i_core_v_mini_mcu.cpu_subsystem_i.cpu_0_0.rf_ram_i.memory\[312\]\[0\],15.22µm
i_core_v_mini_mcu.cpu_subsystem_i.cpu_0_0.rf_ram_i.memory\[357\]\[0\],15.22µm
i_core_v_mini_mcu.cpu_subsystem_i.cpu_0_0.rf_ram_i.memory\[372\]\[0\],15.22µm
i_core_v_mini_mcu.cpu_subsystem_i.cpu_1_0.i_servile.arbiter.i_wb_cpu_ibus_adr\[11\],15.22µm
i_core_v_mini_mcu.cpu_subsystem_i.cpu_1_0.i_servile.cpu.immdec.gen_immdec_w_eq_1.imm30_25\[4\],15.22µm
i_core_v_mini_mcu.cpu_subsystem_i.cpu_1_0.rf_ram_i.memory\[109\]\[1\],15.22µm
i_core_v_mini_mcu.cpu_subsystem_i.cpu_1_0.rf_ram_i.memory\[177\]\[1\],15.22µm
i_core_v_mini_mcu.cpu_subsystem_i.cpu_1_0.rf_ram_i.memory\[246\]\[1\],15.22µm
i_core_v_mini_mcu.cpu_subsystem_i.cpu_1_0.rf_ram_i.memory\[423\]\[1\],15.22µm
i_core_v_mini_mcu.cpu_subsystem_i.cpu_1_0.rf_ram_i.memory\[424\]\[1\],15.22µm
i_core_v_mini_mcu.cpu_subsystem_i.cpu_1_0.rf_ram_i.memory\[500\]\[0\],15.22µm
i_core_v_mini_mcu.cpu_subsystem_i.cpu_1_0.rf_ram_i.memory\[71\]\[0\],15.22µm
i_core_v_mini_mcu.memory_subsystem_i.ram0_i.tc_ram_i.sram\[0\]\[20\],15.22µm
i_core_v_mini_mcu.memory_subsystem_i.ram0_i.tc_ram_i.sram\[11\]\[27\],15.22µm
i_core_v_mini_mcu.memory_subsystem_i.ram0_i.tc_ram_i.sram\[14\]\[21\],15.22µm
i_core_v_mini_mcu.memory_subsystem_i.ram0_i.tc_ram_i.sram\[1\]\[0\],15.22µm
i_core_v_mini_mcu.memory_subsystem_i.ram0_i.tc_ram_i.sram\[22\]\[9\],15.22µm
i_core_v_mini_mcu.peripheral_subsystem_i.uart_i.reg2hw\[114\],15.22µm
i_core_v_mini_mcu.peripheral_subsystem_i.uart_i.uart_core.u_uart_txfifo.gen_normal_fifo.storage\[30\],15.22µm
_00265_,15.17µm
_00685_,15.17µm
_00858_,15.17µm
_00959_,15.17µm
_01288_,15.17µm
_01302_,15.17µm
_01490_,15.17µm
_01587_,15.17µm
_01661_,15.17µm
_02110_,15.17µm
_02302_,15.17µm
_02605_,15.17µm
_02874_,15.17µm
_03611_,15.17µm
_03973_,15.17µm
_04095_,15.17µm
_04117_,15.17µm
_04237_,15.17µm
_04479_,15.17µm
_04655_,15.17µm
_04809_,15.17µm
_04951_,15.17µm
_05142_,15.17µm
_05188_,15.17µm
_05216_,15.17µm
_05298_,15.17µm
_05310_,15.17µm
_05339_,15.17µm
_05719_,15.17µm
_05812_,15.17µm
_05892_,15.17µm
_05933_,15.17µm
_06054_,15.17µm
_06241_,15.17µm
_07113_,15.17µm
_07640_,15.17µm
_07695_,15.17µm
_08372_,15.17µm
_08653_,15.17µm
_09006_,15.17µm
_09052_,15.17µm
_09607_,15.17µm
_10269_,15.17µm
_10582_,15.17µm
_10801_,15.17µm
_10864_,15.17µm
_11234_,15.17µm
_11363_,15.17µm
_11591_,15.17µm
_11678_,15.17µm
_12431_,15.17µm
_12802_,15.17µm
_12821_,15.17µm
_12853_,15.17µm
_13322_,15.17µm
_13484_,15.17µm
_13642_,15.17µm
_13937_,15.17µm
_14074_,15.17µm
_14354_,15.17µm
_14550_,15.17µm
_14552_,15.17µm
_14847_,15.17µm
_15087_,15.17µm
_15111_,15.17µm
_15922_,15.17µm
_16242_,15.17µm
_16379_,15.17µm
_16870_,15.17µm
_17354_,15.17µm
_17676_,15.17µm
_18060_,15.17µm
_18066_,15.17µm
_18184_,15.17µm
_18389_,15.17µm
_18897_,15.17µm
_18972_,15.17µm
_19160_,15.17µm
_19333_,15.17µm
_19410_,15.17µm
_19513_,15.17µm
_19621_,15.17µm
_19631_,15.17µm
_20043_,15.17µm
_20365_,15.17µm
_20417_,15.17µm
_20478_,15.17µm
_20482_,15.17µm
_20868_,15.17µm
_20877_,15.17µm
_21265_,15.17µm
_21618_,15.17µm
_22028_,15.17µm
_22118_,15.17µm
_22144_,15.17µm
_22610_,15.17µm
_22713_,15.17µm
_22731_,15.17µm
_22971_,15.17µm
_23225_,15.17µm
_23628_,15.17µm
_23915_,15.17µm
_24151_,15.17µm
_24184_,15.17µm
_24197_,15.17µm
_24278_,15.17µm
_24450_,15.17µm
_24634_,15.17µm
_24824_,15.17µm
_25015_,15.17µm
_25061_,15.17µm
_25484_,15.17µm
_25485_,15.17µm
_25517_,15.17µm
_25747_,15.17µm
_25768_,15.17µm
_26031_,15.17µm
_26043_,15.17µm
_26151_,15.17µm
_26158_,15.17µm
_26547_,15.17µm
_26548_,15.17µm
_26577_,15.17µm
_26697_,15.17µm
_26723_,15.17µm
_26974_,15.17µm
_27075_,15.17µm
_27162_,15.17µm
_27443_,15.17µm
_27444_,15.17µm
_27533_,15.17µm
_27560_,15.17µm
_27693_,15.17µm
i_core_v_mini_mcu.ao_peripheral_subsystem_i.obi_fifo_i.consumer_data_req\[55\],15.17µm
i_core_v_mini_mcu.ao_peripheral_subsystem_i.soc_ctrl_i.soc_ctrl_reg_top_i.system_frequency_hz_qs\[15\],15.17µm
i_core_v_mini_mcu.ao_peripheral_subsystem_i.tdu_i.cpi_est_q\[56\],15.17µm
i_core_v_mini_mcu.ao_peripheral_subsystem_i.tdu_i.cpi_est_q\[58\],15.17µm
i_core_v_mini_mcu.ao_peripheral_subsystem_i.tdu_i.cpi_est_q\[7\],15.17µm
i_core_v_mini_mcu.ao_peripheral_subsystem_i.tdu_i.task_mem\[0\]\[22\],15.17µm
i_core_v_mini_mcu.ao_peripheral_subsystem_i.tdu_i.task_mem\[1\]\[25\],15.17µm
i_core_v_mini_mcu.cpu_subsystem_i.cpu_0_0.i_servile.cpu.ctrl.i_jump,15.17µm
i_core_v_mini_mcu.cpu_subsystem_i.cpu_0_0.i_servile.cpu.gen_align.align.ibus_rdt_concat\[10\],15.17µm
i_core_v_mini_mcu.cpu_subsystem_i.cpu_0_0.i_servile.cpu.gen_align.align.ibus_rdt_concat\[9\],15.17µm
i_core_v_mini_mcu.cpu_subsystem_i.cpu_0_0.rf_ram_i.memory\[100\]\[1\],15.17µm
i_core_v_mini_mcu.cpu_subsystem_i.cpu_0_0.rf_ram_i.memory\[160\]\[0\],15.17µm
i_core_v_mini_mcu.cpu_subsystem_i.cpu_0_0.rf_ram_i.memory\[169\]\[0\],15.17µm
i_core_v_mini_mcu.cpu_subsystem_i.cpu_0_0.rf_ram_i.memory\[300\]\[1\],15.17µm
i_core_v_mini_mcu.cpu_subsystem_i.cpu_0_0.rf_ram_i.memory\[30\]\[1\],15.17µm
i_core_v_mini_mcu.cpu_subsystem_i.cpu_0_0.rf_ram_i.memory\[432\]\[0\],15.17µm
i_core_v_mini_mcu.cpu_subsystem_i.cpu_0_0.rf_ram_i.memory\[441\]\[0\],15.17µm
i_core_v_mini_mcu.cpu_subsystem_i.cpu_0_0.rf_ram_i.memory\[483\]\[0\],15.17µm
i_core_v_mini_mcu.cpu_subsystem_i.cpu_1_0.mem_outstanding_q,15.17µm
i_core_v_mini_mcu.cpu_subsystem_i.cpu_1_0.rf_ram_i.memory\[156\]\[1\],15.17µm
i_core_v_mini_mcu.cpu_subsystem_i.cpu_1_0.rf_ram_i.memory\[17\]\[0\],15.17µm
i_core_v_mini_mcu.cpu_subsystem_i.cpu_1_0.rf_ram_i.memory\[221\]\[1\],15.17µm
i_core_v_mini_mcu.cpu_subsystem_i.cpu_1_0.rf_ram_i.memory\[270\]\[1\],15.17µm
i_core_v_mini_mcu.cpu_subsystem_i.cpu_1_0.rf_ram_i.memory\[497\]\[1\],15.17µm
i_core_v_mini_mcu.memory_subsystem_i.ram0_i.tc_ram_i.sram\[0\]\[4\],15.17µm
i_core_v_mini_mcu.memory_subsystem_i.ram0_i.tc_ram_i.sram\[10\]\[8\],15.17µm
i_core_v_mini_mcu.memory_subsystem_i.ram0_i.tc_ram_i.sram\[20\]\[20\],15.17µm
i_core_v_mini_mcu.memory_subsystem_i.ram0_i.tc_ram_i.sram\[25\]\[7\],15.17µm
i_core_v_mini_mcu.memory_subsystem_i.ram0_i.tc_ram_i.sram\[27\]\[25\],15.17µm
i_core_v_mini_mcu.memory_subsystem_i.ram0_i.tc_ram_i.sram\[28\]\[10\],15.17µm
i_core_v_mini_mcu.memory_subsystem_i.ram0_i.tc_ram_i.sram\[8\]\[23\],15.17µm
i_core_v_mini_mcu.peripheral_subsystem_i.uart_i.uart_core.u_uart_txfifo.gen_normal_fifo.storage\[23\],15.17µm
i_core_v_mini_mcu.peripheral_subsystem_i.uart_i.uart_core.uart_rx.sreg_q\[7\],15.17µm
_00014_,15.12µm
_00073_,15.12µm
_00404_,15.12µm
_00716_,15.12µm
_01250_,15.12µm
_01260_,15.12µm
_01387_,15.12µm
_01447_,15.12µm
_01502_,15.12µm
_01549_,15.12µm
_01979_,15.12µm
_02433_,15.12µm
_02434_,15.12µm
_02608_,15.12µm
_03088_,15.12µm
_03147_,15.12µm
_03404_,15.12µm
_03437_,15.12µm
_03761_,15.12µm
_03786_,15.12µm
_03809_,15.12µm
_03961_,15.12µm
_04690_,15.12µm
_04767_,15.12µm
_05106_,15.12µm
_05322_,15.12µm
_05352_,15.12µm
_06261_,15.12µm
_06913_,15.12µm
_07446_,15.12µm
_07549_,15.12µm
_07888_,15.12µm
_07997_,15.12µm
_08016_,15.12µm
_08169_,15.12µm
_08206_,15.12µm
_08218_,15.12µm
_08309_,15.12µm
_08315_,15.12µm
_08324_,15.12µm
_08457_,15.12µm
_08949_,15.12µm
_09041_,15.12µm
_09431_,15.12µm
_09638_,15.12µm
_09710_,15.12µm
_09991_,15.12µm
_10112_,15.12µm
_10509_,15.12µm
_10538_,15.12µm
_10667_,15.12µm
_10682_,15.12µm
_10709_,15.12µm
_11040_,15.12µm
_11159_,15.12µm
_11279_,15.12µm
_11478_,15.12µm
_12081_,15.12µm
_12168_,15.12µm
_12645_,15.12µm
_12793_,15.12µm
_12938_,15.12µm
_13033_,15.12µm
_13048_,15.12µm
_13215_,15.12µm
_13228_,15.12µm
_13703_,15.12µm
_13718_,15.12µm
_13864_,15.12µm
_13868_,15.12µm
_13883_,15.12µm
_14191_,15.12µm
_14437_,15.12µm
_14784_,15.12µm
_14882_,15.12µm
_15046_,15.12µm
_15075_,15.12µm
_15117_,15.12µm
_15349_,15.12µm
_15373_,15.12µm
_15390_,15.12µm
_15391_,15.12µm
_15625_,15.12µm
_15634_,15.12µm
_15805_,15.12µm
_16264_,15.12µm
_16274_,15.12µm
_16306_,15.12µm
_16457_,15.12µm
_16552_,15.12µm
_16772_,15.12µm
_16911_,15.12µm
_17144_,15.12µm
_17193_,15.12µm
_17208_,15.12µm
_17281_,15.12µm
_18082_,15.12µm
_18113_,15.12µm
_18300_,15.12µm
_18303_,15.12µm
_18309_,15.12µm
_18685_,15.12µm
_18947_,15.12µm
_19001_,15.12µm
_19299_,15.12µm
_19352_,15.12µm
_19446_,15.12µm
_19533_,15.12µm
_19565_,15.12µm
_19575_,15.12µm
_19731_,15.12µm
_20228_,15.12µm
_20357_,15.12µm
_20385_,15.12µm
_20418_,15.12µm
_21798_,15.12µm
_21885_,15.12µm
_22347_,15.12µm
_22371_,15.12µm
_22399_,15.12µm
_22437_,15.12µm
_22524_,15.12µm
_22625_,15.12µm
_22657_,15.12µm
_22824_,15.12µm
_22917_,15.12µm
_22920_,15.12µm
_23058_,15.12µm
_23349_,15.12µm
_23385_,15.12µm
_23405_,15.12µm
_23420_,15.12µm
_23493_,15.12µm
_23543_,15.12µm
_23567_,15.12µm
_23581_,15.12µm
_23583_,15.12µm
_23864_,15.12µm
_24373_,15.12µm
_24469_,15.12µm
_24923_,15.12µm
_25306_,15.12µm
_25407_,15.12µm
_25453_,15.12µm
_25492_,15.12µm
_25683_,15.12µm
_25760_,15.12µm
_26229_,15.12µm
_26339_,15.12µm
_26406_,15.12µm
_26440_,15.12µm
_26556_,15.12µm
_26662_,15.12µm
_27135_,15.12µm
_27150_,15.12µm
_27155_,15.12µm
_27248_,15.12µm
_27414_,15.12µm
i_core_v_mini_mcu.ao_peripheral_subsystem_i.spi_subsystem_i.obi_spimemio_i.obi_to_picorv32_i.obi_resp_o\[15\],15.12µm
i_core_v_mini_mcu.ao_peripheral_subsystem_i.tdu_i.task_mem\[3\]\[10\],15.12µm
i_core_v_mini_mcu.cpu_subsystem_i.cpu_0_0.i_servile.cpu.state.cnt_r\[2\],15.12µm
i_core_v_mini_mcu.cpu_subsystem_i.cpu_0_0.rf_ram_i.memory\[141\]\[0\],15.12µm
i_core_v_mini_mcu.cpu_subsystem_i.cpu_0_0.rf_ram_i.memory\[15\]\[0\],15.12µm
i_core_v_mini_mcu.cpu_subsystem_i.cpu_0_0.rf_ram_i.memory\[20\]\[0\],15.12µm
i_core_v_mini_mcu.cpu_subsystem_i.cpu_0_0.rf_ram_i.memory\[339\]\[1\],15.12µm
i_core_v_mini_mcu.cpu_subsystem_i.cpu_0_0.rf_ram_i.memory\[491\]\[1\],15.12µm
i_core_v_mini_mcu.cpu_subsystem_i.cpu_0_0.rf_ram_i.memory\[86\]\[1\],15.12µm
i_core_v_mini_mcu.cpu_subsystem_i.cpu_1_0.i_servile.arbiter.i_wb_cpu_dbus_adr\[10\],15.12µm
i_core_v_mini_mcu.cpu_subsystem_i.cpu_1_0.rf_ram_i.memory\[173\]\[0\],15.12µm
i_core_v_mini_mcu.cpu_subsystem_i.cpu_1_0.rf_ram_i.memory\[266\]\[1\],15.12µm
i_core_v_mini_mcu.cpu_subsystem_i.cpu_1_0.rf_ram_i.memory\[421\]\[0\],15.12µm
i_core_v_mini_mcu.cpu_subsystem_i.cpu_1_0.rf_ram_i.memory\[425\]\[0\],15.12µm
i_core_v_mini_mcu.cpu_subsystem_i.cpu_1_0.rf_ram_i.memory\[76\]\[0\],15.12µm
i_core_v_mini_mcu.memory_subsystem_i.ram0_i.tc_ram_i.sram\[20\]\[7\],15.12µm
i_core_v_mini_mcu.memory_subsystem_i.ram0_i.tc_ram_i.sram\[6\]\[19\],15.12µm
i_core_v_mini_mcu.memory_subsystem_i.ram0_i.tc_ram_i.sram\[9\]\[1\],15.12µm
i_core_v_mini_mcu.peripheral_subsystem_i.obi_fifo_i.consumer_resp_i\[7\],15.12µm
i_core_v_mini_mcu.peripheral_subsystem_i.uart_i.uart_core.u_uart_txfifo.gen_normal_fifo.storage\[7\],15.12µm
i_core_v_mini_mcu.ao_peripheral_subsystem_i.power_manager_i.power_manager_reg_top_i.reg2hw\[228\],14.94µm
i_core_v_mini_mcu.cpu_subsystem_i.cpu_1_0.rf_ram_i.memory\[121\]\[1\],14.94µm
i_core_v_mini_mcu.ao_peripheral_subsystem_i.obi_fifo_i.consumer_data_req\[35\],14.89µm
i_core_v_mini_mcu.ao_peripheral_subsystem_i.tdu_i.cpi_est_q\[52\],14.89µm
i_core_v_mini_mcu.ao_peripheral_subsystem_i.tdu_i.task_mem\[5\]\[1\],14.84µm
i_core_v_mini_mcu.cpu_subsystem_i.cpu_0_0.rf_ram_i.memory\[450\]\[1\],14.84µm
i_core_v_mini_mcu.memory_subsystem_i.ram0_i.tc_ram_i.sram\[3\]\[11\],14.84µm
_17349_,14.76µm
_21335_,14.76µm
i_core_v_mini_mcu.cpu_subsystem_i.cpu_0_0.rf_ram_i.memory\[264\]\[1\],14.76µm
_00849_,14.71µm
_05451_,14.71µm
_10485_,14.71µm
_13472_,14.71µm
_13821_,14.71µm
_14661_,14.71µm
_21863_,14.71µm
_23667_,14.71µm
i_core_v_mini_mcu.ao_peripheral_subsystem_i.power_manager_i.reg_to_counter_cpu_powergate_iso_off_i.counter_curr_state\[2\],14.71µm
i_core_v_mini_mcu.ao_peripheral_subsystem_i.tdu_i.cpi_est_q\[10\],14.71µm
i_core_v_mini_mcu.ao_peripheral_subsystem_i.tdu_i.task_mem\[6\]\[10\],14.71µm
i_core_v_mini_mcu.cpu_subsystem_i.cpu_0_0.rf_ram_i.memory\[199\]\[1\],14.71µm
i_core_v_mini_mcu.cpu_subsystem_i.cpu_0_0.rf_ram_i.memory\[482\]\[1\],14.71µm
i_core_v_mini_mcu.cpu_subsystem_i.cpu_0_0.rf_ram_i.memory\[556\]\[1\],14.71µm
i_core_v_mini_mcu.cpu_subsystem_i.cpu_1_0.rf_ram_i.memory\[149\]\[1\],14.71µm
i_core_v_mini_mcu.memory_subsystem_i.ram0_i.tc_ram_i.sram\[27\]\[15\],14.71µm
i_core_v_mini_mcu.memory_subsystem_i.ram0_i.tc_ram_i.sram\[3\]\[3\],14.71µm
net1586,14.71µm
_02158_,14.66µm
_06266_,14.66µm
_07205_,14.66µm
_08601_,14.66µm
_08842_,14.66µm
_09056_,14.66µm
_09467_,14.66µm
_09635_,14.66µm
_09704_,14.66µm
_09852_,14.66µm
_09859_,14.66µm
_11623_,14.66µm
_13657_,14.66µm
_15132_,14.66µm
_18277_,14.66µm
_18356_,14.66µm
_18726_,14.66µm
_18839_,14.66µm
_19090_,14.66µm
_19455_,14.66µm
_20261_,14.66µm
_21626_,14.66µm
_21826_,14.66µm
_22898_,14.66µm
_22955_,14.66µm
_23305_,14.66µm
_24346_,14.66µm
i_core_v_mini_mcu.ao_peripheral_subsystem_i.obi_fifo_i.producer_state_q,14.66µm
i_core_v_mini_mcu.ao_peripheral_subsystem_i.power_manager_i.power_manager_reg_top_i.global_pointer_qs\[20\],14.66µm
i_core_v_mini_mcu.ao_peripheral_subsystem_i.soc_ctrl_i.soc_ctrl_reg_top_i.system_frequency_hz_qs\[2\],14.66µm
i_core_v_mini_mcu.ao_peripheral_subsystem_i.tdu_i.cpi_est_q\[13\],14.66µm
i_core_v_mini_mcu.ao_peripheral_subsystem_i.tdu_i.task_mem\[1\]\[17\],14.66µm
i_core_v_mini_mcu.ao_peripheral_subsystem_i.tdu_i.task_mem\[2\]\[13\],14.66µm
i_core_v_mini_mcu.ao_peripheral_subsystem_i.tdu_i.task_mem\[4\]\[20\],14.66µm
i_core_v_mini_mcu.core_data_req\[101\],14.66µm
i_core_v_mini_mcu.cpu_subsystem_i.cpu_0_0.i_servile.cpu.immdec.gen_immdec_w_eq_1.imm19_12_20\[1\],14.66µm
i_core_v_mini_mcu.cpu_subsystem_i.cpu_0_0.i_servile.cpu.immdec.gen_immdec_w_eq_1.imm24_20\[3\],14.66µm
i_core_v_mini_mcu.cpu_subsystem_i.cpu_0_0.i_servile.rf_ram_if.wen0_r,14.66µm
i_core_v_mini_mcu.cpu_subsystem_i.cpu_0_0.rf_ram_i.memory\[115\]\[0\],14.66µm
i_core_v_mini_mcu.cpu_subsystem_i.cpu_0_0.rf_ram_i.memory\[151\]\[1\],14.66µm
i_core_v_mini_mcu.cpu_subsystem_i.cpu_0_0.rf_ram_i.memory\[237\]\[1\],14.66µm
i_core_v_mini_mcu.cpu_subsystem_i.cpu_0_0.rf_ram_i.memory\[272\]\[1\],14.66µm
i_core_v_mini_mcu.cpu_subsystem_i.cpu_0_0.rf_ram_i.memory\[447\]\[1\],14.66µm
i_core_v_mini_mcu.cpu_subsystem_i.cpu_0_0.rf_ram_i.memory\[45\]\[1\],14.66µm
i_core_v_mini_mcu.cpu_subsystem_i.cpu_0_0.rf_ram_i.memory\[465\]\[1\],14.66µm
i_core_v_mini_mcu.cpu_subsystem_i.cpu_0_0.rf_ram_i.memory\[469\]\[1\],14.66µm
i_core_v_mini_mcu.cpu_subsystem_i.cpu_0_0.rf_ram_i.memory\[478\]\[0\],14.66µm
i_core_v_mini_mcu.cpu_subsystem_i.cpu_1_0.rf_ram_i.memory\[203\]\[1\],14.66µm
i_core_v_mini_mcu.cpu_subsystem_i.cpu_1_0.rf_ram_i.memory\[208\]\[1\],14.66µm
i_core_v_mini_mcu.cpu_subsystem_i.cpu_1_0.rf_ram_i.memory\[406\]\[1\],14.66µm
i_core_v_mini_mcu.cpu_subsystem_i.cpu_1_0.rf_ram_i.memory\[457\]\[1\],14.66µm
i_core_v_mini_mcu.cpu_subsystem_i.cpu_1_0.rf_ram_i.memory\[508\]\[0\],14.66µm
i_core_v_mini_mcu.memory_subsystem_i.ram0_i.tc_ram_i.sram\[10\]\[3\],14.66µm
i_core_v_mini_mcu.memory_subsystem_i.ram0_i.tc_ram_i.sram\[14\]\[27\],14.66µm
i_core_v_mini_mcu.memory_subsystem_i.ram0_i.tc_ram_i.sram\[15\]\[22\],14.66µm
i_core_v_mini_mcu.memory_subsystem_i.ram0_i.tc_ram_i.sram\[1\]\[12\],14.66µm
i_core_v_mini_mcu.memory_subsystem_i.ram0_i.tc_ram_i.sram\[21\]\[1\],14.66µm
i_core_v_mini_mcu.memory_subsystem_i.ram0_i.tc_ram_i.sram\[29\]\[26\],14.66µm
i_core_v_mini_mcu.memory_subsystem_i.ram0_i.tc_ram_i.sram\[2\]\[10\],14.66µm
i_core_v_mini_mcu.memory_subsystem_i.ram0_i.tc_ram_i.sram\[2\]\[16\],14.66µm
i_core_v_mini_mcu.memory_subsystem_i.ram0_i.tc_ram_i.sram\[31\]\[20\],14.66µm
i_core_v_mini_mcu.memory_subsystem_i.ram0_i.tc_ram_i.sram\[3\]\[15\],14.66µm
i_core_v_mini_mcu.memory_subsystem_i.ram0_i.tc_ram_i.sram\[3\]\[27\],14.66µm
i_core_v_mini_mcu.memory_subsystem_i.ram0_i.tc_ram_i.sram\[6\]\[17\],14.66µm
i_core_v_mini_mcu.peripheral_subsystem_i.uart_i.uart_core.u_uart_txfifo.gen_normal_fifo.storage\[21\],14.66µm
_00117_,14.61µm
_00286_,14.61µm
_00563_,14.61µm
_00676_,14.61µm
_00713_,14.61µm
_00856_,14.61µm
_00916_,14.61µm
_00981_,14.61µm
_01157_,14.61µm
_01636_,14.61µm
_01675_,14.61µm
_02132_,14.61µm
_02207_,14.61µm
_02281_,14.61µm
_02331_,14.61µm
_02546_,14.61µm
_02659_,14.61µm
_02783_,14.61µm
_03064_,14.61µm
_03384_,14.61µm
_03744_,14.61µm
_03962_,14.61µm
_04020_,14.61µm
_04021_,14.61µm
_04087_,14.61µm
_04217_,14.61µm
_04319_,14.61µm
_04396_,14.61µm
_04437_,14.61µm
_04510_,14.61µm
_04541_,14.61µm
_04671_,14.61µm
_04866_,14.61µm
_05069_,14.61µm
_05256_,14.61µm
_05583_,14.61µm
_05628_,14.61µm
_06205_,14.61µm
_06533_,14.61µm
_06615_,14.61µm
_06999_,14.61µm
_07071_,14.61µm
_07396_,14.61µm
_07397_,14.61µm
_07567_,14.61µm
_07689_,14.61µm
_08148_,14.61µm
_08487_,14.61µm
_08488_,14.61µm
_08534_,14.61µm
_08952_,14.61µm
_08986_,14.61µm
_09054_,14.61µm
_09135_,14.61µm
_09248_,14.61µm
_09522_,14.61µm
_09769_,14.61µm
_09914_,14.61µm
_09952_,14.61µm
_10098_,14.61µm
_10235_,14.61µm
_10242_,14.61µm
_10510_,14.61µm
_10680_,14.61µm
_10728_,14.61µm
_10798_,14.61µm
_10843_,14.61µm
_11197_,14.61µm
_11257_,14.61µm
_11637_,14.61µm
_11741_,14.61µm
_12104_,14.61µm
_12215_,14.61µm
_12511_,14.61µm
_12650_,14.61µm
_12852_,14.61µm
_12877_,14.61µm
_13299_,14.61µm
_13604_,14.61µm
_13675_,14.61µm
_13754_,14.61µm
_13918_,14.61µm
_14032_,14.61µm
_14286_,14.61µm
_14391_,14.61µm
_14416_,14.61µm
_14516_,14.61µm
_14849_,14.61µm
_14998_,14.61µm
_15092_,14.61µm
_15403_,14.61µm
_15490_,14.61µm
_16330_,14.61µm
_16398_,14.61µm
_16498_,14.61µm
_16622_,14.61µm
_16747_,14.61µm
_16816_,14.61µm
_17486_,14.61µm
_18042_,14.61µm
_18169_,14.61µm
_18357_,14.61µm
_18939_,14.61µm
_18991_,14.61µm
_19031_,14.61µm
_19034_,14.61µm
_19182_,14.61µm
_19278_,14.61µm
_19548_,14.61µm
_19581_,14.61µm
_19619_,14.61µm
_19644_,14.61µm
_19797_,14.61µm
_19962_,14.61µm
_20125_,14.61µm
_20447_,14.61µm
_20786_,14.61µm
_20846_,14.61µm
_21648_,14.61µm
_21794_,14.61µm
_22157_,14.61µm
_22414_,14.61µm
_22565_,14.61µm
_22670_,14.61µm
_22930_,14.61µm
_22996_,14.61µm
_23111_,14.61µm
_23214_,14.61µm
_23466_,14.61µm
_23616_,14.61µm
_23763_,14.61µm
_23843_,14.61µm
_23985_,14.61µm
_24054_,14.61µm
_24673_,14.61µm
_24839_,14.61µm
_24986_,14.61µm
_24994_,14.61µm
_25101_,14.61µm
_25211_,14.61µm
_25427_,14.61µm
_25624_,14.61µm
_25660_,14.61µm
_25679_,14.61µm
_25697_,14.61µm
_25746_,14.61µm
_25879_,14.61µm
_26070_,14.61µm
_26084_,14.61µm
_26102_,14.61µm
_26357_,14.61µm
_26431_,14.61µm
_26493_,14.61µm
_26866_,14.61µm
_26874_,14.61µm
_26895_,14.61µm
_26938_,14.61µm
_27161_,14.61µm
_27412_,14.61µm
_27520_,14.61µm
_27525_,14.61µm
_27538_,14.61µm
_27542_,14.61µm
_27545_,14.61µm
_27550_,14.61µm
i_core_v_mini_mcu.ao_peripheral_subsystem_i.obi_fifo_i.consumer_data_req\[52\],14.61µm
i_core_v_mini_mcu.ao_peripheral_subsystem_i.power_manager_i.power_manager_reg_top_i.intr_state_qs\[22\],14.61µm
i_core_v_mini_mcu.ao_peripheral_subsystem_i.power_manager_i.power_manager_reg_top_i.power_gate_core_qs,14.61µm
i_core_v_mini_mcu.ao_peripheral_subsystem_i.power_manager_i.power_manager_sequence_periph_switch_i.sequence_curr_state\[4\],14.61µm
i_core_v_mini_mcu.ao_peripheral_subsystem_i.spi_subsystem_i.obi_spimemio_i.obi_to_picorv32_i.obi_resp_o\[29\],14.61µm
i_core_v_mini_mcu.ao_peripheral_subsystem_i.tdu_i.cpi_est_q\[45\],14.61µm
i_core_v_mini_mcu.ao_peripheral_subsystem_i.tdu_i.park_req_pulse\[1\],14.61µm
i_core_v_mini_mcu.ao_peripheral_subsystem_i.tdu_i.task_mem\[0\]\[31\],14.61µm
i_core_v_mini_mcu.ao_peripheral_subsystem_i.tdu_i.task_mem\[7\]\[12\],14.61µm
i_core_v_mini_mcu.cpu_subsystem_i.cpu_0_0.i_servile.cpu.gen_align.align.ibus_rdt_concat\[3\],14.61µm
i_core_v_mini_mcu.cpu_subsystem_i.cpu_0_0.i_servile.cpu.gen_csr.csr.mstatus_mpie,14.61µm
i_core_v_mini_mcu.cpu_subsystem_i.cpu_0_0.i_servile.rf_ram_if.rgnt,14.61µm
i_core_v_mini_mcu.cpu_subsystem_i.cpu_0_0.rf_ram_i.memory\[196\]\[0\],14.61µm
i_core_v_mini_mcu.cpu_subsystem_i.cpu_0_0.rf_ram_i.memory\[256\]\[0\],14.61µm
i_core_v_mini_mcu.cpu_subsystem_i.cpu_0_0.rf_ram_i.memory\[341\]\[0\],14.61µm
i_core_v_mini_mcu.cpu_subsystem_i.cpu_0_0.rf_ram_i.memory\[429\]\[1\],14.61µm
i_core_v_mini_mcu.cpu_subsystem_i.cpu_0_0.rf_ram_i.memory\[457\]\[0\],14.61µm
i_core_v_mini_mcu.cpu_subsystem_i.cpu_0_0.rf_ram_i.memory\[467\]\[0\],14.61µm
i_core_v_mini_mcu.cpu_subsystem_i.cpu_0_0.rf_ram_i.memory\[530\]\[1\],14.61µm
i_core_v_mini_mcu.cpu_subsystem_i.cpu_0_0.rf_ram_i.memory\[543\]\[0\],14.61µm
i_core_v_mini_mcu.cpu_subsystem_i.cpu_1_0.rf_ram_i.memory\[130\]\[1\],14.61µm
i_core_v_mini_mcu.cpu_subsystem_i.cpu_1_0.rf_ram_i.memory\[56\]\[0\],14.61µm
i_core_v_mini_mcu.cpu_subsystem_i.cpu_1_0.rf_ram_i.memory\[76\]\[1\],14.61µm
i_core_v_mini_mcu.memory_subsystem_i.ram0_i.tc_ram_i.sram\[15\]\[5\],14.61µm
i_core_v_mini_mcu.memory_subsystem_i.ram0_i.tc_ram_i.sram\[17\]\[22\],14.61µm
i_core_v_mini_mcu.memory_subsystem_i.ram0_i.tc_ram_i.sram\[1\]\[28\],14.61µm
i_core_v_mini_mcu.memory_subsystem_i.ram0_i.tc_ram_i.sram\[20\]\[0\],14.61µm
i_core_v_mini_mcu.memory_subsystem_i.ram0_i.tc_ram_i.sram\[21\]\[24\],14.61µm
i_core_v_mini_mcu.memory_subsystem_i.ram0_i.tc_ram_i.sram\[21\]\[26\],14.61µm
i_core_v_mini_mcu.memory_subsystem_i.ram0_i.tc_ram_i.sram\[28\]\[22\],14.61µm
i_core_v_mini_mcu.memory_subsystem_i.ram0_i.tc_ram_i.sram\[29\]\[14\],14.61µm
i_core_v_mini_mcu.memory_subsystem_i.ram0_i.tc_ram_i.sram\[31\]\[0\],14.61µm
i_core_v_mini_mcu.memory_subsystem_i.ram0_i.tc_ram_i.sram\[31\]\[26\],14.61µm
i_core_v_mini_mcu.memory_subsystem_i.ram0_i.tc_ram_i.sram\[7\]\[18\],14.61µm
i_core_v_mini_mcu.peripheral_subsystem_i.uart_i.uart_core.u_uart_rxfifo.gen_normal_fifo.storage\[27\],14.61µm
_00112_,14.56µm
_00255_,14.56µm
_00361_,14.56µm
_01054_,14.56µm
_01062_,14.56µm
_01149_,14.56µm
_01383_,14.56µm
_01461_,14.56µm
_01555_,14.56µm
_01558_,14.56µm
_01708_,14.56µm
_01871_,14.56µm
_02316_,14.56µm
_02443_,14.56µm
_02774_,14.56µm
_02798_,14.56µm
_03115_,14.56µm
_03428_,14.56µm
_03433_,14.56µm
_03607_,14.56µm
_03680_,14.56µm
_03969_,14.56µm
_03979_,14.56µm
_04052_,14.56µm
_04579_,14.56µm
_04658_,14.56µm
_04854_,14.56µm
_05189_,14.56µm
_05219_,14.56µm
_05826_,14.56µm
_06296_,14.56µm
_07094_,14.56µm
_07832_,14.56µm
_07890_,14.56µm
_08033_,14.56µm
_08069_,14.56µm
_08209_,14.56µm
_08297_,14.56µm
_08390_,14.56µm
_08477_,14.56µm
_08844_,14.56µm
_08919_,14.56µm
_09216_,14.56µm
_09331_,14.56µm
_09364_,14.56µm
_09513_,14.56µm
_09581_,14.56µm
_09718_,14.56µm
_10066_,14.56µm
_10173_,14.56µm
_11099_,14.56µm
_11267_,14.56µm
_11423_,14.56µm
_11614_,14.56µm
_11620_,14.56µm
_11917_,14.56µm
_12155_,14.56µm
_12214_,14.56µm
_12271_,14.56µm
_12306_,14.56µm
_12596_,14.56µm
_12678_,14.56µm
_13603_,14.56µm
_13936_,14.56µm
_14097_,14.56µm
_14403_,14.56µm
_14590_,14.56µm
_14681_,14.56µm
_14977_,14.56µm
_15022_,14.56µm
_15129_,14.56µm
_15136_,14.56µm
_15473_,14.56µm
_15585_,14.56µm
_15833_,14.56µm
_15955_,14.56µm
_16121_,14.56µm
_16352_,14.56µm
_16691_,14.56µm
_16705_,14.56µm
_16756_,14.56µm
_17096_,14.56µm
_17471_,14.56µm
_17637_,14.56µm
_18019_,14.56µm
_18210_,14.56µm
_18380_,14.56µm
_18428_,14.56µm
_18442_,14.56µm
_18602_,14.56µm
_18915_,14.56µm
_19258_,14.56µm
_19385_,14.56µm
_19411_,14.56µm
_19562_,14.56µm
_19657_,14.56µm
_19863_,14.56µm
_19875_,14.56µm
_19988_,14.56µm
_20027_,14.56µm
_20363_,14.56µm
_20387_,14.56µm
_20462_,14.56µm
_20466_,14.56µm
_20779_,14.56µm
_20827_,14.56µm
_21402_,14.56µm
_21711_,14.56µm
_21737_,14.56µm
_21739_,14.56µm
_21762_,14.56µm
_21770_,14.56µm
_22325_,14.56µm
_22743_,14.56µm
_22964_,14.56µm
_23038_,14.56µm
_23239_,14.56µm
_23350_,14.56µm
_23557_,14.56µm
_23601_,14.56µm
_23952_,14.56µm
_24073_,14.56µm
_24112_,14.56µm
_24167_,14.56µm
_24232_,14.56µm
_24253_,14.56µm
_24341_,14.56µm
_24380_,14.56µm
_24394_,14.56µm
_24465_,14.56µm
_24582_,14.56µm
_24602_,14.56µm
_24813_,14.56µm
_24872_,14.56µm
_24965_,14.56µm
_25272_,14.56µm
_25599_,14.56µm
_25689_,14.56µm
_25733_,14.56µm
_26027_,14.56µm
_26116_,14.56µm
_26259_,14.56µm
_26280_,14.56µm
_26360_,14.56µm
_26380_,14.56µm
_26404_,14.56µm
_26517_,14.56µm
_26566_,14.56µm
_26713_,14.56µm
_27406_,14.56µm
_27553_,14.56µm
_27659_,14.56µm
i_core_v_mini_mcu.ao_peripheral_subsystem_i.periph_to_reg_i.r_rdata_d\[28\],14.56µm
i_core_v_mini_mcu.ao_peripheral_subsystem_i.power_manager_i.power_manager_sequence_periph_reset_i.sequence_curr_state\[4\],14.56µm
i_core_v_mini_mcu.ao_peripheral_subsystem_i.spi_subsystem_i.obi_spimemio_i.obi_to_picorv32_i.obi_resp_o\[14\],14.56µm
i_core_v_mini_mcu.cpu_subsystem_i.cpu_0_0.rf_ram_i.memory\[15\]\[1\],14.56µm
i_core_v_mini_mcu.cpu_subsystem_i.cpu_0_0.rf_ram_i.memory\[250\]\[1\],14.56µm
i_core_v_mini_mcu.cpu_subsystem_i.cpu_0_0.rf_ram_i.memory\[30\]\[0\],14.56µm
i_core_v_mini_mcu.cpu_subsystem_i.cpu_0_0.rf_ram_i.memory\[377\]\[0\],14.56µm
i_core_v_mini_mcu.cpu_subsystem_i.cpu_0_0.rf_ram_i.memory\[83\]\[1\],14.56µm
i_core_v_mini_mcu.cpu_subsystem_i.cpu_1_0.i_servile.arbiter.i_wb_cpu_ibus_adr\[23\],14.56µm
i_core_v_mini_mcu.cpu_subsystem_i.cpu_1_0.rf_ram_i.memory\[100\]\[0\],14.56µm
i_core_v_mini_mcu.cpu_subsystem_i.cpu_1_0.rf_ram_i.memory\[463\]\[0\],14.56µm
i_core_v_mini_mcu.cpu_subsystem_i.cpu_1_0.rf_ram_i.memory\[496\]\[1\],14.56µm
i_core_v_mini_mcu.memory_subsystem_i.ram0_i.tc_ram_i.sram\[10\]\[21\],14.56µm
i_core_v_mini_mcu.memory_subsystem_i.ram0_i.tc_ram_i.sram\[10\]\[27\],14.56µm
i_core_v_mini_mcu.memory_subsystem_i.ram0_i.tc_ram_i.sram\[13\]\[7\],14.56µm
i_core_v_mini_mcu.memory_subsystem_i.ram0_i.tc_ram_i.sram\[17\]\[18\],14.56µm
i_core_v_mini_mcu.memory_subsystem_i.ram0_i.tc_ram_i.sram\[18\]\[13\],14.56µm
i_core_v_mini_mcu.memory_subsystem_i.ram0_i.tc_ram_i.sram\[1\]\[29\],14.56µm
i_core_v_mini_mcu.memory_subsystem_i.ram0_i.tc_ram_i.sram\[24\]\[10\],14.56µm
i_core_v_mini_mcu.memory_subsystem_i.ram0_i.tc_ram_i.sram\[2\]\[15\],14.56µm
i_core_v_mini_mcu.memory_subsystem_i.ram0_i.tc_ram_i.sram\[4\]\[27\],14.56µm
i_core_v_mini_mcu.memory_subsystem_i.ram0_i.tc_ram_i.sram\[5\]\[16\],14.56µm
i_core_v_mini_mcu.memory_subsystem_i.ram0_i.tc_ram_i.sram\[5\]\[7\],14.56µm
i_core_v_mini_mcu.memory_subsystem_i.ram0_i.tc_ram_i.sram\[6\]\[16\],14.56µm
i_core_v_mini_mcu.memory_subsystem_i.ram0_i.tc_ram_i.sram\[6\]\[29\],14.56µm
i_core_v_mini_mcu.memory_subsystem_i.ram0_i.tc_ram_i.sram\[7\]\[10\],14.56µm
i_core_v_mini_mcu.memory_subsystem_i.ram0_i.tc_ram_i.sram\[7\]\[20\],14.56µm
i_core_v_mini_mcu.memory_subsystem_i.ram0_i.tc_ram_i.sram\[8\]\[18\],14.56µm
i_core_v_mini_mcu.peripheral_subsystem_i.uart_i.uart_core.u_uart_txfifo.gen_normal_fifo.storage\[16\],14.56µm
_10037_,14.43µm
_06342_,14.38µm
i_core_v_mini_mcu.cpu_subsystem_i.cpu_0_0.rf_ram_i.memory\[315\]\[1\],14.33µm
_26090_,14.28µm
i_core_v_mini_mcu.ao_peripheral_subsystem_i.soc_ctrl_i.soc_ctrl_reg_top_i.system_frequency_hz_qs\[29\],14.28µm
i_core_v_mini_mcu.cpu_subsystem_i.cpu_0_0.rf_ram_i.memory\[184\]\[1\],14.28µm
i_core_v_mini_mcu.cpu_subsystem_i.cpu_1_0.rf_ram_i.memory\[241\]\[1\],14.28µm
i_core_v_mini_mcu.peripheral_subsystem_i.obi_fifo_i.consumer_data_req_q\[64\],14.28µm
_14174_,14.2µm
_05140_,14.15µm
_05735_,14.15µm
_10179_,14.15µm
_10210_,14.15µm
_11897_,14.15µm
_16156_,14.15µm
_18086_,14.15µm
_21281_,14.15µm
i_core_v_mini_mcu.ao_peripheral_subsystem_i.spi_subsystem_i.obi_spimemio_i.obi_to_picorv32_i.picorv32_resp_i\[27\],14.15µm
i_core_v_mini_mcu.cpu_subsystem_i.cpu_0_0.i_servile.arbiter.i_wb_cpu_dbus_adr\[12\],14.15µm
i_core_v_mini_mcu.cpu_subsystem_i.cpu_0_0.i_servile.cpu.ctrl.o_ibus_adr\[4\],14.15µm
i_core_v_mini_mcu.cpu_subsystem_i.cpu_0_0.rf_ram_i.memory\[233\]\[0\],14.15µm
i_core_v_mini_mcu.cpu_subsystem_i.cpu_0_0.rf_ram_i.memory\[280\]\[1\],14.15µm
i_core_v_mini_mcu.cpu_subsystem_i.cpu_0_0.rf_ram_i.memory\[361\]\[0\],14.15µm
i_core_v_mini_mcu.cpu_subsystem_i.cpu_1_0.rf_ram_i.memory\[12\]\[1\],14.15µm
i_core_v_mini_mcu.cpu_subsystem_i.cpu_1_0.rf_ram_i.memory\[415\]\[0\],14.15µm
i_core_v_mini_mcu.cpu_subsystem_i.cpu_1_0.rf_ram_i.memory\[439\]\[1\],14.15µm
i_core_v_mini_mcu.memory_subsystem_i.ram0_i.tc_ram_i.sram\[16\]\[19\],14.15µm
i_core_v_mini_mcu.memory_subsystem_i.ram0_i.tc_ram_i.sram\[1\]\[30\],14.135µm
i_core_v_mini_mcu.cpu_subsystem_i.cpu_0_0.rf_ram_i.memory\[234\]\[0\],14.13µm
_00539_,14.1µm
_00941_,14.1µm
_01739_,14.1µm
_02456_,14.1µm
_03211_,14.1µm
_04520_,14.1µm
_05482_,14.1µm
_05634_,14.1µm
_05747_,14.1µm
_05748_,14.1µm
_05976_,14.1µm
_06472_,14.1µm
_06628_,14.1µm
_07427_,14.1µm
_08647_,14.1µm
_08739_,14.1µm
_09579_,14.1µm
_09775_,14.1µm
_09856_,14.1µm
_10199_,14.1µm
_11028_,14.1µm
_12524_,14.1µm
_13448_,14.1µm
_13682_,14.1µm
_13975_,14.1µm
_16196_,14.1µm
_16261_,14.1µm
_18491_,14.1µm
_19876_,14.1µm
_21038_,14.1µm
_21094_,14.1µm
_21210_,14.1µm
_23510_,14.1µm
_23551_,14.1µm
i_core_v_mini_mcu.ao_peripheral_subsystem_i.obi_fifo_i.consumer_data_req_q\[55\],14.1µm
i_core_v_mini_mcu.ao_peripheral_subsystem_i.power_manager_i.peripheral_subsystem_powergate_iso_n,14.1µm
i_core_v_mini_mcu.ao_peripheral_subsystem_i.power_manager_i.power_manager_counter_sequence_cpu_reset_i.sequence_curr_state\[5\],14.1µm
i_core_v_mini_mcu.ao_peripheral_subsystem_i.soc_ctrl_i.soc_ctrl_reg_top_i.system_frequency_hz_qs\[18\],14.1µm
i_core_v_mini_mcu.ao_peripheral_subsystem_i.spi_subsystem_i.obi_spimemio_i.obi_to_picorv32_i.addr_buf\[7\],14.1µm
i_core_v_mini_mcu.ao_peripheral_subsystem_i.spi_subsystem_i.obi_spimemio_i.spimemio_i.xfer.obuffer\[6\],14.1µm
i_core_v_mini_mcu.ao_peripheral_subsystem_i.tdu_i.cpi_est_q\[15\],14.1µm
i_core_v_mini_mcu.ao_peripheral_subsystem_i.tdu_i.cpi_est_q\[31\],14.1µm
i_core_v_mini_mcu.ao_peripheral_subsystem_i.tdu_i.task_mem\[2\]\[12\],14.1µm
i_core_v_mini_mcu.cpu_subsystem_i.cpu_0_0.i_servile.cpu.gen_align.align.ibus_rdt_concat\[0\],14.1µm
i_core_v_mini_mcu.cpu_subsystem_i.cpu_0_0.rf_ram_i.memory\[163\]\[1\],14.1µm
i_core_v_mini_mcu.cpu_subsystem_i.cpu_0_0.rf_ram_i.memory\[263\]\[1\],14.1µm
i_core_v_mini_mcu.cpu_subsystem_i.cpu_0_0.rf_ram_i.memory\[28\]\[1\],14.1µm
i_core_v_mini_mcu.cpu_subsystem_i.cpu_0_0.rf_ram_i.memory\[326\]\[0\],14.1µm
i_core_v_mini_mcu.cpu_subsystem_i.cpu_0_0.rf_ram_i.memory\[336\]\[0\],14.1µm
i_core_v_mini_mcu.cpu_subsystem_i.cpu_0_0.rf_ram_i.memory\[361\]\[1\],14.1µm
i_core_v_mini_mcu.cpu_subsystem_i.cpu_0_0.rf_ram_i.memory\[362\]\[0\],14.1µm
i_core_v_mini_mcu.cpu_subsystem_i.cpu_0_0.rf_ram_i.memory\[504\]\[0\],14.1µm
i_core_v_mini_mcu.cpu_subsystem_i.cpu_1_0.rf_ram_i.memory\[143\]\[1\],14.1µm
i_core_v_mini_mcu.cpu_subsystem_i.cpu_1_0.rf_ram_i.memory\[162\]\[1\],14.1µm
i_core_v_mini_mcu.cpu_subsystem_i.cpu_1_0.rf_ram_i.memory\[377\]\[0\],14.1µm
i_core_v_mini_mcu.memory_subsystem_i.ram0_i.tc_ram_i.sram\[12\]\[24\],14.1µm
i_core_v_mini_mcu.memory_subsystem_i.ram0_i.tc_ram_i.sram\[13\]\[18\],14.1µm
i_core_v_mini_mcu.memory_subsystem_i.ram0_i.tc_ram_i.sram\[14\]\[14\],14.1µm
i_core_v_mini_mcu.memory_subsystem_i.ram0_i.tc_ram_i.sram\[15\]\[7\],14.1µm
i_core_v_mini_mcu.memory_subsystem_i.ram0_i.tc_ram_i.sram\[19\]\[14\],14.1µm
i_core_v_mini_mcu.memory_subsystem_i.ram0_i.tc_ram_i.sram\[23\]\[4\],14.1µm
i_core_v_mini_mcu.memory_subsystem_i.ram0_i.tc_ram_i.sram\[8\]\[29\],14.1µm
i_core_v_mini_mcu.system_bus_i.gen_demux_xbar\[1\].demux_xbar_i.u_xbar_varlat.gen_inputs\[0\].i_addr_dec_resp_mux.valid_inflight_q,14.1µm
_00458_,14.05µm
_00631_,14.05µm
_00660_,14.05µm
_00690_,14.05µm
_00791_,14.05µm
_01046_,14.05µm
_01101_,14.05µm
_01453_,14.05µm
_01815_,14.05µm
_02037_,14.05µm
_02226_,14.05µm
_02890_,14.05µm
_03254_,14.05µm
_03682_,14.05µm
_03710_,14.05µm
_03910_,14.05µm
_03939_,14.05µm
_03974_,14.05µm
_04042_,14.05µm
_04385_,14.05µm
_04488_,14.05µm
_04669_,14.05µm
_04897_,14.05µm
_04908_,14.05µm
_04992_,14.05µm
_05138_,14.05µm
_05227_,14.05µm
_05258_,14.05µm
_05382_,14.05µm
_05921_,14.05µm
_05966_,14.05µm
_06070_,14.05µm
_06088_,14.05µm
_07148_,14.05µm
_07296_,14.05µm
_07328_,14.05µm
_07400_,14.05µm
_07495_,14.05µm
_07534_,14.05µm
_07602_,14.05µm
_07781_,14.05µm
_08056_,14.05µm
_08122_,14.05µm
_08162_,14.05µm
_08405_,14.05µm
_08658_,14.05µm
_09001_,14.05µm
_09850_,14.05µm
_09986_,14.05µm
_10072_,14.05µm
_10183_,14.05µm
_10340_,14.05µm
_10371_,14.05µm
_10481_,14.05µm
_10863_,14.05µm
_10944_,14.05µm
_11006_,14.05µm
_11057_,14.05µm
_11337_,14.05µm
_11419_,14.05µm
_11448_,14.05µm
_11554_,14.05µm
_11583_,14.05µm
_11799_,14.05µm
_11813_,14.05µm
_11825_,14.05µm
_12186_,14.05µm
_12212_,14.05µm
_12649_,14.05µm
_12654_,14.05µm
_12745_,14.05µm
_12782_,14.05µm
_13015_,14.05µm
_13089_,14.05µm
_13203_,14.05µm
_13318_,14.05µm
_13704_,14.05µm
_14105_,14.05µm
_14236_,14.05µm
_14585_,14.05µm
_14643_,14.05µm
_14700_,14.05µm
_14798_,14.05µm
_14822_,14.05µm
_15031_,14.05µm
_15520_,14.05µm
_15617_,14.05µm
_16289_,14.05µm
_16451_,14.05µm
_17095_,14.05µm
_17233_,14.05µm
_17366_,14.05µm
_17374_,14.05µm
_17805_,14.05µm
_18170_,14.05µm
_18261_,14.05µm
_18371_,14.05µm
_18397_,14.05µm
_18450_,14.05µm
_18647_,14.05µm
_18671_,14.05µm
_18798_,14.05µm
_19061_,14.05µm
_19255_,14.05µm
_19417_,14.05µm
_19815_,14.05µm
_19908_,14.05µm
_20066_,14.05µm
_20122_,14.05µm
_20211_,14.05µm
_20296_,14.05µm
_20345_,14.05µm
_20349_,14.05µm
_20369_,14.05µm
_20457_,14.05µm
_20837_,14.05µm
_20842_,14.05µm
_20843_,14.05µm
_20883_,14.05µm
_20898_,14.05µm
_20902_,14.05µm
_21074_,14.05µm
_21186_,14.05µm
_21239_,14.05µm
_21566_,14.05µm
_21624_,14.05µm
_21801_,14.05µm
_21845_,14.05µm
_22055_,14.05µm
_22109_,14.05µm
_22136_,14.05µm
_22154_,14.05µm
_22179_,14.05µm
_22213_,14.05µm
_22423_,14.05µm
_22664_,14.05µm
_22802_,14.05µm
_22911_,14.05µm
_22944_,14.05µm
_22995_,14.05µm
_23172_,14.05µm
_23265_,14.05µm
_23315_,14.05µm
_23444_,14.05µm
_23602_,14.05µm
_23614_,14.05µm
_23619_,14.05µm
_23642_,14.05µm
_23728_,14.05µm
_23729_,14.05µm
_23739_,14.05µm
_23894_,14.05µm
_23900_,14.05µm
_23963_,14.05µm
_24016_,14.05µm
_24377_,14.05µm
_24436_,14.05µm
_24873_,14.05µm
_25327_,14.05µm
_25430_,14.05µm
_25461_,14.05µm
_26054_,14.05µm
_26113_,14.05µm
_26244_,14.05µm
_26524_,14.05µm
_26724_,14.05µm
_26887_,14.05µm
_26899_,14.05µm
_27132_,14.05µm
_27397_,14.05µm
_27541_,14.05µm
_27623_,14.05µm
i_core_v_mini_mcu.ao_peripheral_subsystem_i.mosaic_clint_i.mtimecmp_q\[61\],14.05µm
i_core_v_mini_mcu.ao_peripheral_subsystem_i.obi_fifo_i.consumer_data_req\[59\],14.05µm
i_core_v_mini_mcu.ao_peripheral_subsystem_i.obi_fifo_i.consumer_data_req_q\[51\],14.05µm
i_core_v_mini_mcu.ao_peripheral_subsystem_i.power_manager_i.power_manager_reg_top_i.u_intr_state.wr_data\[9\],14.05µm
i_core_v_mini_mcu.ao_peripheral_subsystem_i.spi_subsystem_i.obi_spimemio_i.obi_to_picorv32_i.obi_resp_o\[4\],14.05µm
i_core_v_mini_mcu.ao_peripheral_subsystem_i.spi_subsystem_i.obi_spimemio_i.spimemio_i.buffer\[16\],14.05µm
i_core_v_mini_mcu.ao_peripheral_subsystem_i.tdu_i.cpi_est_q\[32\],14.05µm
i_core_v_mini_mcu.ao_peripheral_subsystem_i.tdu_i.task_mem\[0\]\[25\],14.05µm
i_core_v_mini_mcu.cpu_subsystem_i.cpu_0_0.i_servile.cpu.ctrl.o_ibus_adr\[3\],14.05µm
i_core_v_mini_mcu.cpu_subsystem_i.cpu_0_0.rf_ram_i.memory\[160\]\[1\],14.05µm
i_core_v_mini_mcu.cpu_subsystem_i.cpu_0_0.rf_ram_i.memory\[162\]\[0\],14.05µm
i_core_v_mini_mcu.cpu_subsystem_i.cpu_0_0.rf_ram_i.memory\[176\]\[0\],14.05µm
i_core_v_mini_mcu.cpu_subsystem_i.cpu_0_0.rf_ram_i.memory\[200\]\[0\],14.05µm
i_core_v_mini_mcu.cpu_subsystem_i.cpu_0_0.rf_ram_i.memory\[203\]\[1\],14.05µm
i_core_v_mini_mcu.cpu_subsystem_i.cpu_0_0.rf_ram_i.memory\[254\]\[0\],14.05µm
i_core_v_mini_mcu.cpu_subsystem_i.cpu_0_0.rf_ram_i.memory\[488\]\[0\],14.05µm
i_core_v_mini_mcu.cpu_subsystem_i.cpu_0_0.rf_ram_i.memory\[492\]\[0\],14.05µm
i_core_v_mini_mcu.cpu_subsystem_i.cpu_0_0.rf_ram_i.memory\[493\]\[0\],14.05µm
i_core_v_mini_mcu.cpu_subsystem_i.cpu_0_0.rf_ram_i.memory\[517\]\[1\],14.05µm
i_core_v_mini_mcu.cpu_subsystem_i.cpu_0_0.rf_ram_i.memory\[570\]\[0\],14.05µm
i_core_v_mini_mcu.cpu_subsystem_i.cpu_0_0.rf_ram_i.memory\[87\]\[0\],14.05µm
i_core_v_mini_mcu.cpu_subsystem_i.cpu_1_0.i_servile.arbiter.i_wb_cpu_ibus_adr\[24\],14.05µm
i_core_v_mini_mcu.cpu_subsystem_i.cpu_1_0.i_servile.cpu.immdec.gen_immdec_w_eq_1.imm30_25\[1\],14.05µm
i_core_v_mini_mcu.cpu_subsystem_i.cpu_1_0.rf_ram_i.memory\[117\]\[0\],14.05µm
i_core_v_mini_mcu.cpu_subsystem_i.cpu_1_0.rf_ram_i.memory\[199\]\[1\],14.05µm
i_core_v_mini_mcu.cpu_subsystem_i.cpu_1_0.rf_ram_i.memory\[364\]\[0\],14.05µm
i_core_v_mini_mcu.memory_subsystem_i.ram0_i.tc_ram_i.sram\[12\]\[1\],14.05µm
i_core_v_mini_mcu.memory_subsystem_i.ram0_i.tc_ram_i.sram\[19\]\[18\],14.05µm
i_core_v_mini_mcu.memory_subsystem_i.ram0_i.tc_ram_i.sram\[20\]\[28\],14.05µm
i_core_v_mini_mcu.memory_subsystem_i.ram0_i.tc_ram_i.sram\[20\]\[5\],14.05µm
i_core_v_mini_mcu.memory_subsystem_i.ram0_i.tc_ram_i.sram\[23\]\[6\],14.05µm
i_core_v_mini_mcu.memory_subsystem_i.ram0_i.tc_ram_i.sram\[24\]\[1\],14.05µm
i_core_v_mini_mcu.memory_subsystem_i.ram0_i.tc_ram_i.sram\[26\]\[4\],14.05µm
i_core_v_mini_mcu.memory_subsystem_i.ram0_i.tc_ram_i.sram\[2\]\[27\],14.05µm
i_core_v_mini_mcu.memory_subsystem_i.ram0_i.tc_ram_i.sram\[4\]\[31\],14.05µm
net1373,14.05µm
_00078_,14µm
_00191_,14µm
_00311_,14µm
_00590_,14µm
_00794_,14µm
_01050_,14µm
_01239_,14µm
_01776_,14µm
_02093_,14µm
_02179_,14µm
_02276_,14µm
_02459_,14µm
_02584_,14µm
_02649_,14µm
_02675_,14µm
_02864_,14µm
_03408_,14µm
_03702_,14µm
_03715_,14µm
_03748_,14µm
_03771_,14µm
_04143_,14µm
_04236_,14µm
_04265_,14µm
_04327_,14µm
_04464_,14µm
_04611_,14µm
_04664_,14µm
_04698_,14µm
_05047_,14µm
_05234_,14µm
_05614_,14µm
_05871_,14µm
_05967_,14µm
_06047_,14µm
_06165_,14µm
_06172_,14µm
_06578_,14µm
_06876_,14µm
_07403_,14µm
_07457_,14µm
_07679_,14µm
_08535_,14µm
_08597_,14µm
_09119_,14µm
_09185_,14µm
_09198_,14µm
_09620_,14µm
_09816_,14µm
_09875_,14µm
_10038_,14µm
_10094_,14µm
_10319_,14µm
_10373_,14µm
_10426_,14µm
_10469_,14µm
_10608_,14µm
_10684_,14µm
_10748_,14µm
_10949_,14µm
_11131_,14µm
_11481_,14µm
_11566_,14µm
_11750_,14µm
_12149_,14µm
_12369_,14µm
_12389_,14µm
_12720_,14µm
_12844_,14µm
_13154_,14µm
_13221_,14µm
_13317_,14µm
_13523_,14µm
_13775_,14µm
_13874_,14µm
_13891_,14µm
_14431_,14µm
_14804_,14µm
_14856_,14µm
_14982_,14µm
_15056_,14µm
_15068_,14µm
_15502_,14µm
_15657_,14µm
_15755_,14µm
_15777_,14µm
_16117_,14µm
_16407_,14µm
_17299_,14µm
_17392_,14µm
_17747_,14µm
_17814_,14µm
_17877_,14µm
_17941_,14µm
_18030_,14µm
_18616_,14µm
_18649_,14µm
_18680_,14µm
_18913_,14µm
_19252_,14µm
_19640_,14µm
_19794_,14µm
_20138_,14µm
_20322_,14µm
_20341_,14µm
_20465_,14µm
_20476_,14µm
_20819_,14µm
_21547_,14µm
_21681_,14µm
_22287_,14µm
_22805_,14µm
_23032_,14µm
_23276_,14µm
_23470_,14µm
_23535_,14µm
_23591_,14µm
_23986_,14µm
_24571_,14µm
_24666_,14µm
_24755_,14µm
_24857_,14µm
_24924_,14µm
_24927_,14µm
_25486_,14µm
_25557_,14µm
_25651_,14µm
_25767_,14µm
_25863_,14µm
_25958_,14µm
_26184_,14µm
_26245_,14µm
_26390_,14µm
_26398_,14µm
_26449_,14µm
_26591_,14µm
_26814_,14µm
_27062_,14µm
_27082_,14µm
_27698_,14µm
i_core_v_mini_mcu.ao_peripheral_subsystem_i.obi_fifo_i.consumer_data_req\[53\],14µm
i_core_v_mini_mcu.ao_peripheral_subsystem_i.spi_subsystem_i.obi_spimemio_i.spimemio_i.rd_addr\[12\],14µm
i_core_v_mini_mcu.ao_peripheral_subsystem_i.spi_subsystem_i.obi_spimemio_i.spimemio_i.xfer.xfer_ddr_q,14µm
i_core_v_mini_mcu.ao_peripheral_subsystem_i.tdu_i.task_mem\[4\]\[28\],14µm
i_core_v_mini_mcu.ao_peripheral_subsystem_i.tdu_i.task_mem\[7\]\[16\],14µm
i_core_v_mini_mcu.ao_peripheral_subsystem_i.tdu_i.task_mem\[7\]\[9\],14µm
i_core_v_mini_mcu.cpu_subsystem_i.cpu_0_0.i_servile.cpu.decode.o_immdec_en\[0\],14µm
i_core_v_mini_mcu.cpu_subsystem_i.cpu_0_0.rf_ram_i.memory\[149\]\[0\],14µm
i_core_v_mini_mcu.cpu_subsystem_i.cpu_0_0.rf_ram_i.memory\[259\]\[1\],14µm
i_core_v_mini_mcu.cpu_subsystem_i.cpu_1_0.rf_ram_i.memory\[192\]\[1\],14µm
i_core_v_mini_mcu.cpu_subsystem_i.cpu_1_0.rf_ram_i.memory\[227\]\[0\],14µm
i_core_v_mini_mcu.cpu_subsystem_i.cpu_1_0.rf_ram_i.memory\[496\]\[0\],14µm
i_core_v_mini_mcu.memory_subsystem_i.ram0_i.tc_ram_i.sram\[0\]\[18\],14µm
i_core_v_mini_mcu.memory_subsystem_i.ram0_i.tc_ram_i.sram\[11\]\[1\],14µm
i_core_v_mini_mcu.memory_subsystem_i.ram0_i.tc_ram_i.sram\[17\]\[13\],14µm
i_core_v_mini_mcu.memory_subsystem_i.ram0_i.tc_ram_i.sram\[18\]\[1\],14µm
i_core_v_mini_mcu.memory_subsystem_i.ram0_i.tc_ram_i.sram\[23\]\[11\],14µm
i_core_v_mini_mcu.memory_subsystem_i.ram0_i.tc_ram_i.sram\[23\]\[16\],14µm
i_core_v_mini_mcu.memory_subsystem_i.ram0_i.tc_ram_i.sram\[25\]\[12\],14µm
i_core_v_mini_mcu.memory_subsystem_i.ram0_i.tc_ram_i.sram\[25\]\[16\],14µm
i_core_v_mini_mcu.memory_subsystem_i.ram0_i.tc_ram_i.sram\[30\]\[7\],14µm
i_core_v_mini_mcu.memory_subsystem_i.ram0_i.tc_ram_i.sram\[6\]\[18\],14µm
i_core_v_mini_mcu.peripheral_subsystem_i.obi_fifo_i.consumer_data_req\[25\],14µm
i_core_v_mini_mcu.peripheral_subsystem_i.obi_fifo_i.consumer_resp_i\[27\],14µm
_26231_,13.82µm
_25594_,13.77µm
i_core_v_mini_mcu.memory_subsystem_i.ram0_i.tc_ram_i.sram\[24\]\[30\],13.77µm
_08449_,13.72µm
_12571_,13.72µm
_16133_,13.72µm
i_core_v_mini_mcu.cpu_subsystem_i.cpu_0_0.rf_ram_i.memory\[273\]\[1\],13.72µm
_21092_,13.64µm
i_core_v_mini_mcu.memory_subsystem_i.ram0_i.tc_ram_i.sram\[29\]\[3\],13.64µm
_04574_,13.59µm
_09151_,13.59µm
_09242_,13.59µm
_10915_,13.59µm
_14766_,13.59µm
_15099_,13.59µm
_21225_,13.59µm
_21909_,13.59µm
_27393_,13.59µm
exit_value_int\[22\],13.59µm
i_core_v_mini_mcu.ao_peripheral_subsystem_i.obi_fifo_i.consumer_data_req_q\[25\],13.59µm
i_core_v_mini_mcu.ao_peripheral_subsystem_i.tdu_i.cpi_est_q\[12\],13.59µm
i_core_v_mini_mcu.cpu_subsystem_i.cpu_0_0.rf_ram_i.memory\[561\]\[0\],13.59µm
i_core_v_mini_mcu.cpu_subsystem_i.cpu_1_0.rf_ram_i.memory\[127\]\[0\],13.59µm
i_core_v_mini_mcu.cpu_subsystem_i.cpu_1_0.rf_ram_i.memory\[67\]\[1\],13.59µm
i_core_v_mini_mcu.memory_subsystem_i.ram0_i.tc_ram_i.sram\[12\]\[21\],13.59µm
i_core_v_mini_mcu.memory_subsystem_i.ram0_i.tc_ram_i.sram\[7\]\[17\],13.59µm
_00002_,13.54µm
_00016_,13.54µm
_02482_,13.54µm
_03483_,13.54µm
_04660_,13.54µm
_06202_,13.54µm
_07810_,13.54µm
_08035_,13.54µm
_08193_,13.54µm
_08686_,13.54µm
_08796_,13.54µm
_09113_,13.54µm
_09209_,13.54µm
_09516_,13.54µm
_09622_,13.54µm
_09960_,13.54µm
_11031_,13.54µm
_11315_,13.54µm
_12301_,13.54µm
_12682_,13.54µm
_12713_,13.54µm
_15682_,13.54µm
_15910_,13.54µm
_16254_,13.54µm
_16614_,13.54µm
_18238_,13.54µm
_18713_,13.54µm
_19825_,13.54µm
_19966_,13.54µm
_20885_,13.54µm
_20981_,13.54µm
_21046_,13.54µm
_21088_,13.54µm
_21298_,13.54µm
_21657_,13.54µm
_21775_,13.54µm
_21819_,13.54µm
_23465_,13.54µm
_23472_,13.54µm
_24466_,13.54µm
_26050_,13.54µm
_27128_,13.54µm
_27704_,13.54µm
i_core_v_mini_mcu.ao_peripheral_subsystem_i.clint_mtime_o\[5\],13.54µm
i_core_v_mini_mcu.ao_peripheral_subsystem_i.power_manager_i.power_manager_reg_top_i.cpu_switch_off_counter_qs\[1\],13.54µm
i_core_v_mini_mcu.ao_peripheral_subsystem_i.power_manager_i.power_manager_reg_top_i.intr_state_qs\[16\],13.54µm
i_core_v_mini_mcu.ao_peripheral_subsystem_i.spi_subsystem_i.obi_spimemio_i.spimemio_i.buffer\[23\],13.54µm
i_core_v_mini_mcu.ao_peripheral_subsystem_i.tdu_i.active_hart_cycles_q\[10\],13.54µm
i_core_v_mini_mcu.ao_peripheral_subsystem_i.tdu_i.cpi_est_q\[25\],13.54µm
i_core_v_mini_mcu.cpu_subsystem_i.cpu_0_0.i_servile.cpu.ctrl.o_ibus_adr\[17\],13.54µm
i_core_v_mini_mcu.cpu_subsystem_i.cpu_0_0.i_servile.cpu.decode.o_immdec_ctrl\[1\],13.54µm
i_core_v_mini_mcu.cpu_subsystem_i.cpu_0_0.i_servile.cpu.decode.o_immdec_ctrl\[2\],13.54µm
i_core_v_mini_mcu.cpu_subsystem_i.cpu_0_0.rf_ram_i.memory\[186\]\[0\],13.54µm
i_core_v_mini_mcu.cpu_subsystem_i.cpu_0_0.rf_ram_i.memory\[211\]\[0\],13.54µm
i_core_v_mini_mcu.cpu_subsystem_i.cpu_0_0.rf_ram_i.memory\[264\]\[0\],13.54µm
i_core_v_mini_mcu.cpu_subsystem_i.cpu_0_0.rf_ram_i.memory\[265\]\[0\],13.54µm
i_core_v_mini_mcu.cpu_subsystem_i.cpu_0_0.rf_ram_i.memory\[304\]\[0\],13.54µm
i_core_v_mini_mcu.cpu_subsystem_i.cpu_0_0.rf_ram_i.memory\[316\]\[0\],13.54µm
i_core_v_mini_mcu.cpu_subsystem_i.cpu_0_0.rf_ram_i.memory\[470\]\[0\],13.54µm
i_core_v_mini_mcu.cpu_subsystem_i.cpu_0_0.rf_ram_i.memory\[548\]\[0\],13.54µm
i_core_v_mini_mcu.cpu_subsystem_i.cpu_1_0.i_servile.cpu.immdec.gen_immdec_w_eq_1.imm24_20\[3\],13.54µm
i_core_v_mini_mcu.cpu_subsystem_i.cpu_1_0.rf_ram_i.memory\[109\]\[0\],13.54µm
i_core_v_mini_mcu.cpu_subsystem_i.cpu_1_0.rf_ram_i.memory\[299\]\[1\],13.54µm
i_core_v_mini_mcu.cpu_subsystem_i.cpu_1_0.rf_ram_i.memory\[357\]\[0\],13.54µm
i_core_v_mini_mcu.cpu_subsystem_i.cpu_1_0.rf_ram_i.memory\[458\]\[0\],13.54µm
i_core_v_mini_mcu.memory_subsystem_i.ram0_i.tc_ram_i.sram\[12\]\[11\],13.54µm
i_core_v_mini_mcu.memory_subsystem_i.ram0_i.tc_ram_i.sram\[13\]\[20\],13.54µm
i_core_v_mini_mcu.memory_subsystem_i.ram0_i.tc_ram_i.sram\[16\]\[5\],13.54µm
i_core_v_mini_mcu.memory_subsystem_i.ram0_i.tc_ram_i.sram\[21\]\[19\],13.54µm
i_core_v_mini_mcu.memory_subsystem_i.ram0_i.tc_ram_i.sram\[22\]\[28\],13.54µm
i_core_v_mini_mcu.memory_subsystem_i.ram0_i.tc_ram_i.sram\[2\]\[18\],13.54µm
i_core_v_mini_mcu.memory_subsystem_i.ram0_i.tc_ram_i.sram\[30\]\[13\],13.54µm
i_core_v_mini_mcu.memory_subsystem_i.ram0_i.tc_ram_i.sram\[3\]\[7\],13.54µm
i_core_v_mini_mcu.memory_subsystem_i.ram0_i.tc_ram_i.sram\[5\]\[19\],13.54µm
i_core_v_mini_mcu.peripheral_subsystem_i.periph_to_reg_i.r_rdata_d\[29\],13.54µm
i_core_v_mini_mcu.peripheral_subsystem_i.uart_i.uart_core.nco_sum_q\[12\],13.54µm
i_core_v_mini_mcu.peripheral_subsystem_i.uart_i.uart_core.rx_fifo_depth_prev_q\[1\],13.54µm
i_core_v_mini_mcu.peripheral_subsystem_i.uart_i.uart_core.u_uart_rxfifo.gen_normal_fifo.storage\[17\],13.54µm
_00040_,13.49µm
_00145_,13.49µm
_00207_,13.49µm
_00802_,13.49µm
_01130_,13.49µm
_01354_,13.49µm
_01440_,13.49µm
_01577_,13.49µm
_01594_,13.49µm
_01707_,13.49µm
_01923_,13.49µm
_01960_,13.49µm
_02038_,13.49µm
_02094_,13.49µm
_02129_,13.49µm
_02141_,13.49µm
_02162_,13.49µm
_02352_,13.49µm
_02436_,13.49µm
_02453_,13.49µm
_02579_,13.49µm
_02640_,13.49µm
_02880_,13.49µm
_03024_,13.49µm
_03091_,13.49µm
_03128_,13.49µm
_03681_,13.49µm
_04092_,13.49µm
_04245_,13.49µm
_04411_,13.49µm
_04539_,13.49µm
_04556_,13.49µm
_04557_,13.49µm
_04662_,13.49µm
_04732_,13.49µm
_04762_,13.49µm
_04794_,13.49µm
_04852_,13.49µm
_05229_,13.49µm
_05276_,13.49µm
_05390_,13.49µm
_05804_,13.49µm
_06061_,13.49µm
_06077_,13.49µm
_06102_,13.49µm
_07466_,13.49µm
_07835_,13.49µm
_07915_,13.49µm
_08095_,13.49µm
_08179_,13.49µm
_08329_,13.49µm
_08355_,13.49µm
_08676_,13.49µm
_08755_,13.49µm
_09386_,13.49µm
_09512_,13.49µm
_09554_,13.49µm
_09713_,13.49µm
_09913_,13.49µm
_09949_,13.49µm
_10032_,13.49µm
_10254_,13.49µm
_10887_,13.49µm
_10905_,13.49µm
_11113_,13.49µm
_11182_,13.49µm
_11228_,13.49µm
_11571_,13.49µm
_11639_,13.49µm
_11680_,13.49µm
_11723_,13.49µm
_11757_,13.49µm
_11785_,13.49µm
_11823_,13.49µm
_12006_,13.49µm
_12026_,13.49µm
_12058_,13.49µm
_12157_,13.49µm
_12210_,13.49µm
_12213_,13.49µm
_12444_,13.49µm
_12763_,13.49µm
_13059_,13.49µm
_13185_,13.49µm
_13397_,13.49µm
_13416_,13.49µm
_13432_,13.49µm
_13464_,13.49µm
_13504_,13.49µm
_13522_,13.49µm
_13621_,13.49µm
_13789_,13.49µm
_14049_,13.49µm
_14207_,13.49µm
_14513_,13.49µm
_14675_,13.49µm
_14694_,13.49µm
_15139_,13.49µm
_15488_,13.49µm
_15678_,13.49µm
_15936_,13.49µm
_15975_,13.49µm
_16309_,13.49µm
_16595_,13.49µm
_16684_,13.49µm
_16719_,13.49µm
_16736_,13.49µm
_17176_,13.49µm
_17513_,13.49µm
_17652_,13.49µm
_17715_,13.49µm
_17927_,13.49µm
_18038_,13.49µm
_18198_,13.49µm
_18393_,13.49µm
_18431_,13.49µm
_18538_,13.49µm
_18644_,13.49µm
_18661_,13.49µm
_18703_,13.49µm
_18714_,13.49µm
_18874_,13.49µm
_18916_,13.49µm
_18958_,13.49µm
_19359_,13.49µm
_19433_,13.49µm
_19458_,13.49µm
_19491_,13.49µm
_19554_,13.49µm
_19588_,13.49µm
_19603_,13.49µm
_19700_,13.49µm
_19733_,13.49µm
_19749_,13.49µm
_19776_,13.49µm
_19853_,13.49µm
_19856_,13.49µm
_19883_,13.49µm
_20192_,13.49µm
_20216_,13.49µm
_20771_,13.49µm
_20799_,13.49µm
_20833_,13.49µm
_20881_,13.49µm
_20890_,13.49µm
_20891_,13.49µm
_21103_,13.49µm
_21154_,13.49µm
_21478_,13.49µm
_21549_,13.49µm
_21674_,13.49µm
_21765_,13.49µm
_22459_,13.49µm
_22523_,13.49µm
_22595_,13.49µm
_22773_,13.49µm
_22916_,13.49µm
_22941_,13.49µm
_23093_,13.49µm
_23125_,13.49µm
_23329_,13.49µm
_23335_,13.49µm
_23641_,13.49µm
_23794_,13.49µm
_23974_,13.49µm
_24085_,13.49µm
_24160_,13.49µm
_24362_,13.49µm
_24451_,13.49µm
_24475_,13.49µm
_24532_,13.49µm
_24596_,13.49µm
_24612_,13.49µm
_24841_,13.49µm
_24910_,13.49µm
_24956_,13.49µm
_25028_,13.49µm
_25056_,13.49µm
_25068_,13.49µm
_25109_,13.49µm
_25239_,13.49µm
_25250_,13.49µm
_25337_,13.49µm
_25381_,13.49µm
_25447_,13.49µm
_25450_,13.49µm
_25518_,13.49µm
_25565_,13.49µm
_25611_,13.49µm
_25932_,13.49µm
_25967_,13.49µm
_26023_,13.49µm
_26082_,13.49µm
_26087_,13.49µm
_26186_,13.49µm
_26262_,13.49µm
_26366_,13.49µm
_26371_,13.49µm
_26460_,13.49µm
_26572_,13.49µm
_26608_,13.49µm
_26678_,13.49µm
_26818_,13.49µm
_26861_,13.49µm
_26907_,13.49µm
_27180_,13.49µm
_27385_,13.49µm
_27498_,13.49µm
_27513_,13.49µm
_27535_,13.49µm
_27650_,13.49µm
i_core_v_mini_mcu.ao_peripheral_subsystem_i.power_manager_i.reg_to_counter_cpu_reset_assert_i.counter_curr_state\[2\],13.49µm
i_core_v_mini_mcu.ao_peripheral_subsystem_i.soc_ctrl_i.reg2hw\[31\],13.49µm
i_core_v_mini_mcu.ao_peripheral_subsystem_i.spi_subsystem_i.obi_spimemio_i.obi_to_picorv32_i.obi_resp_o\[9\],13.49µm
i_core_v_mini_mcu.ao_peripheral_subsystem_i.spi_subsystem_i.obi_spimemio_i.spimemio_i.xfer.flash_io1_do,13.49µm
i_core_v_mini_mcu.ao_peripheral_subsystem_i.tdu_i.active_hart_cycles_q\[19\],13.49µm
i_core_v_mini_mcu.ao_peripheral_subsystem_i.tdu_i.cpi_est_q\[18\],13.49µm
i_core_v_mini_mcu.ao_peripheral_subsystem_i.tdu_i.task_mem\[2\]\[23\],13.49µm
i_core_v_mini_mcu.cpu_subsystem_i.cpu_0_0.i_servile.arbiter.i_wb_cpu_dbus_adr\[5\],13.49µm
i_core_v_mini_mcu.cpu_subsystem_i.cpu_0_0.rf_ram_i.memory\[108\]\[1\],13.49µm
i_core_v_mini_mcu.cpu_subsystem_i.cpu_0_0.rf_ram_i.memory\[147\]\[1\],13.49µm
i_core_v_mini_mcu.cpu_subsystem_i.cpu_0_0.rf_ram_i.memory\[170\]\[1\],13.49µm
i_core_v_mini_mcu.cpu_subsystem_i.cpu_0_0.rf_ram_i.memory\[180\]\[0\],13.49µm
i_core_v_mini_mcu.cpu_subsystem_i.cpu_0_0.rf_ram_i.memory\[370\]\[0\],13.49µm
i_core_v_mini_mcu.cpu_subsystem_i.cpu_0_0.rf_ram_i.memory\[457\]\[1\],13.49µm
i_core_v_mini_mcu.cpu_subsystem_i.cpu_0_0.rf_ram_i.memory\[535\]\[1\],13.49µm
i_core_v_mini_mcu.cpu_subsystem_i.cpu_0_0.rf_ram_i.memory\[538\]\[0\],13.49µm
i_core_v_mini_mcu.cpu_subsystem_i.cpu_0_0.rf_ram_i.memory\[547\]\[1\],13.49µm
i_core_v_mini_mcu.cpu_subsystem_i.cpu_0_0.rf_ram_i.memory\[564\]\[1\],13.49µm
i_core_v_mini_mcu.cpu_subsystem_i.cpu_1_0.i_servile.cpu.bufreg.i_imm_en,13.49µm
i_core_v_mini_mcu.cpu_subsystem_i.cpu_1_0.rf_ram_i.memory\[125\]\[1\],13.49µm
i_core_v_mini_mcu.cpu_subsystem_i.cpu_1_0.rf_ram_i.memory\[209\]\[0\],13.49µm
i_core_v_mini_mcu.cpu_subsystem_i.cpu_1_0.rf_ram_i.memory\[276\]\[0\],13.49µm
i_core_v_mini_mcu.cpu_subsystem_i.cpu_1_0.rf_ram_i.memory\[405\]\[1\],13.49µm
i_core_v_mini_mcu.cpu_subsystem_i.cpu_1_0.rf_ram_i.memory\[480\]\[0\],13.49µm
i_core_v_mini_mcu.memory_subsystem_i.ram0_i.tc_ram_i.sram\[11\]\[30\],13.49µm
i_core_v_mini_mcu.memory_subsystem_i.ram0_i.tc_ram_i.sram\[14\]\[15\],13.49µm
i_core_v_mini_mcu.memory_subsystem_i.ram0_i.tc_ram_i.sram\[17\]\[26\],13.49µm
i_core_v_mini_mcu.memory_subsystem_i.ram0_i.tc_ram_i.sram\[22\]\[16\],13.49µm
i_core_v_mini_mcu.memory_subsystem_i.ram0_i.tc_ram_i.sram\[25\]\[25\],13.49µm
i_core_v_mini_mcu.memory_subsystem_i.ram0_i.tc_ram_i.sram\[26\]\[31\],13.49µm
i_core_v_mini_mcu.memory_subsystem_i.ram0_i.tc_ram_i.sram\[26\]\[6\],13.49µm
i_core_v_mini_mcu.memory_subsystem_i.ram0_i.tc_ram_i.sram\[29\]\[10\],13.49µm
i_core_v_mini_mcu.memory_subsystem_i.ram0_i.tc_ram_i.sram\[30\]\[2\],13.49µm
i_core_v_mini_mcu.memory_subsystem_i.ram0_i.tc_ram_i.sram\[3\]\[26\],13.49µm
i_core_v_mini_mcu.memory_subsystem_i.ram0_i.tc_ram_i.sram\[6\]\[14\],13.49µm
i_core_v_mini_mcu.memory_subsystem_i.ram0_i.tc_ram_i.sram\[9\]\[3\],13.49µm
i_core_v_mini_mcu.peripheral_subsystem_i.obi_fifo_i.consumer_data_req_q\[28\],13.49µm
i_core_v_mini_mcu.peripheral_subsystem_i.obi_fifo_i.consumer_resp_i\[26\],13.49µm
i_core_v_mini_mcu.peripheral_subsystem_i.obi_fifo_i.consumer_resp_i\[4\],13.49µm
i_core_v_mini_mcu.peripheral_subsystem_i.uart_i.uart_core.u_uart_txfifo.gen_normal_fifo.storage\[4\],13.49µm
_00008_,13.44µm
_00053_,13.44µm
_00108_,13.44µm
_00166_,13.44µm
_00359_,13.44µm
_00389_,13.44µm
_00493_,13.44µm
_00605_,13.44µm
_00831_,13.44µm
_01113_,13.44µm
_01124_,13.44µm
_01409_,13.44µm
_01550_,13.44µm
_01562_,13.44µm
_01640_,13.44µm
_01650_,13.44µm
_01742_,13.44µm
_01945_,13.44µm
_02076_,13.44µm
_02130_,13.44µm
_02408_,13.44µm
_02513_,13.44µm
_04100_,13.44µm
_04187_,13.44µm
_04261_,13.44µm
_04431_,13.44µm
_04545_,13.44µm
_04639_,13.44µm
_04645_,13.44µm
_04894_,13.44µm
_05070_,13.44µm
_05274_,13.44µm
_05316_,13.44µm
_05992_,13.44µm
_06044_,13.44µm
_06313_,13.44µm
_06352_,13.44µm
_06629_,13.44µm
_06813_,13.44µm
_07402_,13.44µm
_07526_,13.44µm
_07716_,13.44µm
_08023_,13.44µm
_08054_,13.44µm
_08128_,13.44µm
_08295_,13.44µm
_08303_,13.44µm
_08752_,13.44µm
_08776_,13.44µm
_08832_,13.44µm
_08963_,13.44µm
_09210_,13.44µm
_09827_,13.44µm
_10005_,13.44µm
_10702_,13.44µm
_11034_,13.44µm
_11111_,13.44µm
_11219_,13.44µm
_11252_,13.44µm
_11347_,13.44µm
_11367_,13.44µm
_11440_,13.44µm
_11540_,13.44µm
_11578_,13.44µm
_11661_,13.44µm
_11822_,13.44µm
_12160_,13.44µm
_12270_,13.44µm
_12292_,13.44µm
_12653_,13.44µm
_12750_,13.44µm
_12859_,13.44µm
_12871_,13.44µm
_12878_,13.44µm
_12971_,13.44µm
_12978_,13.44µm
_12994_,13.44µm
_13123_,13.44µm
_13151_,13.44µm
_13168_,13.44µm
_13300_,13.44µm
_13329_,13.44µm
_13494_,13.44µm
_14113_,13.44µm
_14353_,13.44µm
_14424_,13.44µm
_14759_,13.44µm
_15212_,13.44µm
_15566_,13.44µm
_15631_,13.44µm
_15868_,13.44µm
_16395_,13.44µm
_16400_,13.44µm
_16486_,13.44µm
_16574_,13.44µm
_17189_,13.44µm
_17344_,13.44µm
_17502_,13.44µm
_17604_,13.44µm
_17641_,13.44µm
_17945_,13.44µm
_18354_,13.44µm
_18773_,13.44µm
_18785_,13.44µm
_18850_,13.44µm
_18962_,13.44µm
_19071_,13.44µm
_19218_,13.44µm
_19292_,13.44µm
_19347_,13.44µm
_19515_,13.44µm
_19536_,13.44µm
_19677_,13.44µm
_19847_,13.44µm
_20320_,13.44µm
_20657_,13.44µm
_20720_,13.44µm
_20762_,13.44µm
_20929_,13.44µm
_21044_,13.44µm
_21610_,13.44µm
_22348_,13.44µm
_22465_,13.44µm
_22619_,13.44µm
_22629_,13.44µm
_22853_,13.44µm
_22860_,13.44µm
_22974_,13.44µm
_23381_,13.44µm
_23406_,13.44µm
_23533_,13.44µm
_23593_,13.44µm
_23715_,13.44µm
_23845_,13.44µm
_24037_,13.44µm
_24209_,13.44µm
_24255_,13.44µm
_24322_,13.44µm
_24350_,13.44µm
_24389_,13.44µm
_24439_,13.44µm
_24536_,13.44µm
_25004_,13.44µm
_25098_,13.44µm
_25124_,13.44µm
_25310_,13.44µm
_25329_,13.44µm
_25390_,13.44µm
_25618_,13.44µm
_25653_,13.44µm
_25695_,13.44µm
_25713_,13.44µm
_25717_,13.44µm
_25827_,13.44µm
_25948_,13.44µm
_26063_,13.44µm
_26322_,13.44µm
_26378_,13.44µm
_26471_,13.44µm
_26689_,13.44µm
_26753_,13.44µm
_26779_,13.44µm
_26830_,13.44µm
_27052_,13.44µm
_27268_,13.44µm
_27625_,13.44µm
_27662_,13.44µm
i_core_v_mini_mcu.ao_peripheral_subsystem_i.mosaic_clint_i.mtimecmp_q\[49\],13.44µm
i_core_v_mini_mcu.ao_peripheral_subsystem_i.tdu_i.cpi_est_q\[5\],13.44µm
i_core_v_mini_mcu.cpu_subsystem_i.cpu_0_0.i_servile.cpu.ctrl.o_ibus_adr\[10\],13.44µm
i_core_v_mini_mcu.cpu_subsystem_i.cpu_0_0.rf_ram_i.memory\[168\]\[1\],13.44µm
i_core_v_mini_mcu.cpu_subsystem_i.cpu_0_0.rf_ram_i.memory\[334\]\[1\],13.44µm
i_core_v_mini_mcu.cpu_subsystem_i.cpu_0_0.rf_ram_i.memory\[405\]\[1\],13.44µm
i_core_v_mini_mcu.cpu_subsystem_i.cpu_1_0.i_servile.rf_ram_if.wen0_r,13.44µm
i_core_v_mini_mcu.cpu_subsystem_i.cpu_1_0.rf_ram_i.memory\[133\]\[0\],13.44µm
i_core_v_mini_mcu.cpu_subsystem_i.cpu_1_0.rf_ram_i.memory\[348\]\[1\],13.44µm
i_core_v_mini_mcu.cpu_subsystem_i.cpu_1_0.rf_ram_i.memory\[39\]\[0\],13.44µm
i_core_v_mini_mcu.cpu_subsystem_i.cpu_1_0.rf_ram_i.memory\[410\]\[0\],13.44µm
i_core_v_mini_mcu.memory_subsystem_i.ram0_i.tc_ram_i.sram\[17\]\[31\],13.44µm
i_core_v_mini_mcu.memory_subsystem_i.ram0_i.tc_ram_i.sram\[19\]\[8\],13.44µm
i_core_v_mini_mcu.memory_subsystem_i.ram0_i.tc_ram_i.sram\[21\]\[10\],13.44µm
i_core_v_mini_mcu.memory_subsystem_i.ram0_i.tc_ram_i.sram\[25\]\[9\],13.44µm
i_core_v_mini_mcu.memory_subsystem_i.ram0_i.tc_ram_i.sram\[7\]\[14\],13.44µm
i_core_v_mini_mcu.peripheral_subsystem_i.uart_i.uart_core.u_uart_rxfifo.gen_normal_fifo.storage\[12\],13.44µm
i_core_v_mini_mcu.cpu_subsystem_i.cpu_0_0.i_servile.cpu.gen_align.align.ibus_rdt_concat\[12\],13.26µm
i_core_v_mini_mcu.memory_subsystem_i.ram0_i.tc_ram_i.sram\[20\]\[24\],13.26µm
_26535_,13.21µm
i_core_v_mini_mcu.cpu_subsystem_i.cpu_0_0.rf_ram_i.memory\[25\]\[0\],13.21µm
_12263_,13.16µm
_08563_,13.08µm
_15573_,13.08µm
i_core_v_mini_mcu.cpu_subsystem_i.cpu_0_0.rf_ram_i.memory\[217\]\[0\],13.08µm
_06983_,13.03µm
_18076_,13.03µm
_21320_,13.03µm
_22577_,13.03µm
_23668_,13.03µm
i_core_v_mini_mcu.cpu_subsystem_i.cpu_1_0.rf_ram_i.memory\[144\]\[1\],13.03µm
i_core_v_mini_mcu.memory_subsystem_i.ram0_i.tc_ram_i.sram\[18\]\[12\],13.03µm
i_core_v_mini_mcu.memory_subsystem_i.ram0_i.tc_ram_i.sram\[1\]\[8\],13.03µm
i_core_v_mini_mcu.memory_subsystem_i.ram0_i.tc_ram_i.sram\[24\]\[8\],13.03µm
i_core_v_mini_mcu.memory_subsystem_i.ram0_i.tc_ram_i.sram\[28\]\[5\],13.03µm
i_core_v_mini_mcu.memory_subsystem_i.ram0_i.tc_ram_i.sram\[30\]\[1\],13.03µm
_00702_,12.98µm
_01029_,12.98µm
_01166_,12.98µm
_01186_,12.98µm
_01539_,12.98µm
_01597_,12.98µm
_01601_,12.98µm
_01603_,12.98µm
_01913_,12.98µm
_01936_,12.98µm
_02193_,12.98µm
_04475_,12.98µm
_06606_,12.98µm
_07623_,12.98µm
_07820_,12.98µm
_08428_,12.98µm
_08605_,12.98µm
_09510_,12.98µm
_09637_,12.98µm
_10169_,12.98µm
_10339_,12.98µm
_10369_,12.98µm
_11027_,12.98µm
_12085_,12.98µm
_12504_,12.98µm
_13280_,12.98µm
_14139_,12.98µm
_14945_,12.98µm
_16488_,12.98µm
_17938_,12.98µm
_19083_,12.98µm
_19484_,12.98µm
_20909_,12.98µm
_21184_,12.98µm
_21699_,12.98µm
_21873_,12.98µm
_22367_,12.98µm
_22482_,12.98µm
_22506_,12.98µm
_22603_,12.98µm
_23371_,12.98µm
_23686_,12.98µm
_23705_,12.98µm
_24128_,12.98µm
_24413_,12.98µm
_24696_,12.98µm
_24736_,12.98µm
_24763_,12.98µm
_26704_,12.98µm
i_core_v_mini_mcu.ao_peripheral_subsystem_i.obi_fifo_i.consumer_data_req\[63\],12.98µm
i_core_v_mini_mcu.ao_peripheral_subsystem_i.power_manager_i.power_manager_reg_top_i.master_cpu_force_iso_on_qs,12.98µm
i_core_v_mini_mcu.ao_peripheral_subsystem_i.power_manager_i.power_manager_sequence_ram_0_iso_i.sequence_curr_state\[3\],12.98µm
i_core_v_mini_mcu.ao_peripheral_subsystem_i.soc_ctrl_i.reg2hw\[7\],12.98µm
i_core_v_mini_mcu.ao_peripheral_subsystem_i.soc_ctrl_i.soc_ctrl_reg_top_i.system_frequency_hz_qs\[3\],12.98µm
i_core_v_mini_mcu.ao_peripheral_subsystem_i.tdu_i.cpi_est_q\[43\],12.98µm
i_core_v_mini_mcu.ao_peripheral_subsystem_i.tdu_i.task_mem\[0\]\[13\],12.98µm
i_core_v_mini_mcu.cpu_subsystem_i.cpu_0_0.rf_ram_i.memory\[164\]\[1\],12.98µm
i_core_v_mini_mcu.cpu_subsystem_i.cpu_0_0.rf_ram_i.memory\[182\]\[1\],12.98µm
i_core_v_mini_mcu.cpu_subsystem_i.cpu_0_0.rf_ram_i.memory\[290\]\[0\],12.98µm
i_core_v_mini_mcu.cpu_subsystem_i.cpu_0_0.rf_ram_i.memory\[319\]\[1\],12.98µm
i_core_v_mini_mcu.cpu_subsystem_i.cpu_0_0.rf_ram_i.memory\[322\]\[0\],12.98µm
i_core_v_mini_mcu.cpu_subsystem_i.cpu_0_0.rf_ram_i.memory\[487\]\[0\],12.98µm
i_core_v_mini_mcu.cpu_subsystem_i.cpu_0_0.rf_ram_i.memory\[510\]\[1\],12.98µm
i_core_v_mini_mcu.cpu_subsystem_i.cpu_0_0.rf_ram_i.memory\[520\]\[1\],12.98µm
i_core_v_mini_mcu.cpu_subsystem_i.cpu_0_0.rf_ram_i.memory\[560\]\[0\],12.98µm
i_core_v_mini_mcu.cpu_subsystem_i.cpu_1_0.i_servile.arbiter.i_wb_cpu_ibus_adr\[1\],12.98µm
i_core_v_mini_mcu.cpu_subsystem_i.cpu_1_0.rf_ram_i.memory\[111\]\[0\],12.98µm
i_core_v_mini_mcu.cpu_subsystem_i.cpu_1_0.rf_ram_i.memory\[229\]\[0\],12.98µm
i_core_v_mini_mcu.cpu_subsystem_i.cpu_1_0.rf_ram_i.memory\[303\]\[0\],12.98µm
i_core_v_mini_mcu.cpu_subsystem_i.cpu_1_0.rf_ram_i.memory\[69\]\[1\],12.98µm
i_core_v_mini_mcu.memory_subsystem_i.ram0_i.tc_ram_i.sram\[10\]\[0\],12.98µm
i_core_v_mini_mcu.memory_subsystem_i.ram0_i.tc_ram_i.sram\[11\]\[28\],12.98µm
i_core_v_mini_mcu.memory_subsystem_i.ram0_i.tc_ram_i.sram\[22\]\[21\],12.98µm
i_core_v_mini_mcu.memory_subsystem_i.ram0_i.tc_ram_i.sram\[25\]\[23\],12.98µm
i_core_v_mini_mcu.memory_subsystem_i.ram0_i.tc_ram_i.sram\[25\]\[2\],12.98µm
i_core_v_mini_mcu.memory_subsystem_i.ram0_i.tc_ram_i.sram\[26\]\[29\],12.98µm
i_core_v_mini_mcu.memory_subsystem_i.ram0_i.tc_ram_i.sram\[27\]\[30\],12.98µm
i_core_v_mini_mcu.memory_subsystem_i.ram0_i.tc_ram_i.sram\[27\]\[31\],12.98µm
i_core_v_mini_mcu.memory_subsystem_i.ram0_i.tc_ram_i.sram\[2\]\[3\],12.98µm
i_core_v_mini_mcu.memory_subsystem_i.ram0_i.tc_ram_i.sram\[5\]\[11\],12.98µm
i_core_v_mini_mcu.memory_subsystem_i.ram0_i.tc_ram_i.sram\[5\]\[22\],12.98µm
i_core_v_mini_mcu.memory_subsystem_i.ram0_i.tc_ram_i.sram\[6\]\[26\],12.98µm
i_core_v_mini_mcu.memory_subsystem_i.ram0_i.tc_ram_i.sram\[9\]\[16\],12.98µm
i_core_v_mini_mcu.peripheral_subsystem_i.uart_i.reg2hw\[111\],12.98µm
i_core_v_mini_mcu.peripheral_subsystem_i.uart_i.reg2hw\[37\],12.98µm
_00068_,12.93µm
_00072_,12.93µm
_00109_,12.93µm
_00136_,12.93µm
_00151_,12.93µm
_00234_,12.93µm
_00395_,12.93µm
_00435_,12.93µm
_00487_,12.93µm
_00553_,12.93µm
_00574_,12.93µm
_00599_,12.93µm
_00943_,12.93µm
_00994_,12.93µm
_01144_,12.93µm
_01197_,12.93µm
_01287_,12.93µm
_01291_,12.93µm
_01297_,12.93µm
_01343_,12.93µm
_01362_,12.93µm
_01366_,12.93µm
_01686_,12.93µm
_01977_,12.93µm
_02069_,12.93µm
_02091_,12.93µm
_02119_,12.93µm
_02185_,12.93µm
_02201_,12.93µm
_02242_,12.93µm
_02297_,12.93µm
_02307_,12.93µm
_03139_,12.93µm
_03142_,12.93µm
_03258_,12.93µm
_03401_,12.93µm
_03646_,12.93µm
_03862_,12.93µm
_04223_,12.93µm
_04257_,12.93µm
_04364_,12.93µm
_04443_,12.93µm
_04681_,12.93µm
_04758_,12.93µm
_04863_,12.93µm
_04957_,12.93µm
_05093_,12.93µm
_05143_,12.93µm
_05193_,12.93µm
_05220_,12.93µm
_05563_,12.93µm
_05817_,12.93µm
_05919_,12.93µm
_06022_,12.93µm
_06577_,12.93µm
_06635_,12.93µm
_07242_,12.93µm
_07449_,12.93µm
_07473_,12.93µm
_07914_,12.93µm
_07927_,12.93µm
_07984_,12.93µm
_08116_,12.93µm
_08435_,12.93µm
_08478_,12.93µm
_08587_,12.93µm
_08622_,12.93µm
_08810_,12.93µm
_08816_,12.93µm
_09278_,12.93µm
_09292_,12.93µm
_09524_,12.93µm
_09571_,12.93µm
_10141_,12.93µm
_10327_,12.93µm
_10375_,12.93µm
_10506_,12.93µm
_10934_,12.93µm
_11069_,12.93µm
_11226_,12.93µm
_11786_,12.93µm
_12167_,12.93µm
_12173_,12.93µm
_12181_,12.93µm
_12512_,12.93µm
_12602_,12.93µm
_12625_,12.93µm
_12918_,12.93µm
_13031_,12.93µm
_13101_,12.93µm
_13178_,12.93µm
_13367_,12.93µm
_13393_,12.93µm
_13538_,12.93µm
_13944_,12.93µm
_14075_,12.93µm
_14103_,12.93µm
_14701_,12.93µm
_14912_,12.93µm
_15002_,12.93µm
_15007_,12.93µm
_15161_,12.93µm
_15558_,12.93µm
_15577_,12.93µm
_15602_,12.93µm
_15735_,12.93µm
_15958_,12.93µm
_16067_,12.93µm
_16118_,12.93µm
_16415_,12.93µm
_16547_,12.93µm
_16594_,12.93µm
_16711_,12.93µm
_16824_,12.93µm
_17064_,12.93µm
_17237_,12.93µm
_17238_,12.93µm
_17447_,12.93µm
_17585_,12.93µm
_18009_,12.93µm
_18172_,12.93µm
_18180_,12.93µm
_18359_,12.93µm
_18369_,12.93µm
_18469_,12.93µm
_18492_,12.93µm
_18562_,12.93µm
_18699_,12.93µm
_18961_,12.93µm
_18963_,12.93µm
_18977_,12.93µm
_19080_,12.93µm
_19176_,12.93µm
_19247_,12.93µm
_19457_,12.93µm
_19572_,12.93µm
_19597_,12.93µm
_19622_,12.93µm
_19662_,12.93µm
_19730_,12.93µm
_20056_,12.93µm
_20069_,12.93µm
_20359_,12.93µm
_20371_,12.93µm
_20670_,12.93µm
_20817_,12.93µm
_21146_,12.93µm
_21165_,12.93µm
_21179_,12.93µm
_21385_,12.93µm
_21658_,12.93µm
_21744_,12.93µm
_21853_,12.93µm
_21943_,12.93µm
_22070_,12.93µm
_22088_,12.93µm
_22239_,12.93µm
_22242_,12.93µm
_22526_,12.93µm
_22556_,12.93µm
_22959_,12.93µm
_23028_,12.93µm
_23106_,12.93µm
_23346_,12.93µm
_23507_,12.93µm
_23513_,12.93µm
_23538_,12.93µm
_23737_,12.93µm
_23772_,12.93µm
_23817_,12.93µm
_23957_,12.93µm
_24432_,12.93µm
_24614_,12.93µm
_24662_,12.93µm
_24966_,12.93µm
_25005_,12.93µm
_25023_,12.93µm
_25172_,12.93µm
_25387_,12.93µm
_25439_,12.93µm
_25509_,12.93µm
_25810_,12.93µm
_25975_,12.93µm
_26029_,12.93µm
_26092_,12.93µm
_26124_,12.93µm
_26451_,12.93µm
_26643_,12.93µm
_26667_,12.93µm
_26712_,12.93µm
_26822_,12.93µm
_26960_,12.93µm
_27045_,12.93µm
_27046_,12.93µm
_27092_,12.93µm
_27151_,12.93µm
_27377_,12.93µm
_27474_,12.93µm
_27558_,12.93µm
_27611_,12.93µm
i_core_v_mini_mcu.ao_peripheral_subsystem_i.obi_fifo_i.consumer_data_req_q\[33\],12.93µm
i_core_v_mini_mcu.ao_peripheral_subsystem_i.power_manager_i.power_manager_reg_top_i.global_pointer_qs\[1\],12.93µm
i_core_v_mini_mcu.ao_peripheral_subsystem_i.power_manager_i.power_manager_reg_top_i.u_intr_state.wr_data\[29\],12.93µm
i_core_v_mini_mcu.ao_peripheral_subsystem_i.soc_ctrl_i.reg2hw\[32\],12.93µm
i_core_v_mini_mcu.ao_peripheral_subsystem_i.spi_subsystem_i.obi_spimemio_i.spimemio_i.din_data\[7\],12.93µm
i_core_v_mini_mcu.ao_peripheral_subsystem_i.tdu_i.cpi_est_q\[22\],12.93µm
i_core_v_mini_mcu.ao_peripheral_subsystem_i.tdu_i.task_mem\[1\]\[10\],12.93µm
i_core_v_mini_mcu.ao_peripheral_subsystem_i.tdu_i.task_mem\[6\]\[25\],12.93µm
i_core_v_mini_mcu.cpu_subsystem_i.cpu_0_0.i_servile.cpu.gen_align.align.ibus_rdt_concat\[1\],12.93µm
i_core_v_mini_mcu.cpu_subsystem_i.cpu_0_0.i_servile.cpu.gen_csr.csr.mie_mtie,12.93µm
i_core_v_mini_mcu.cpu_subsystem_i.cpu_0_0.rf_ram_i.memory\[280\]\[0\],12.93µm
i_core_v_mini_mcu.cpu_subsystem_i.cpu_0_0.rf_ram_i.memory\[408\]\[1\],12.93µm
i_core_v_mini_mcu.cpu_subsystem_i.cpu_0_0.rf_ram_i.memory\[51\]\[1\],12.93µm
i_core_v_mini_mcu.cpu_subsystem_i.cpu_1_0.i_servile.arbiter.i_wb_cpu_ibus_adr\[26\],12.93µm
i_core_v_mini_mcu.cpu_subsystem_i.cpu_1_0.i_servile.cpu.immdec.gen_immdec_w_eq_1.imm19_12_20\[5\],12.93µm
i_core_v_mini_mcu.cpu_subsystem_i.cpu_1_0.i_servile.cpu.immdec.gen_immdec_w_eq_1.imm24_20\[4\],12.93µm
i_core_v_mini_mcu.cpu_subsystem_i.cpu_1_0.rf_ram_i.memory\[110\]\[0\],12.93µm
i_core_v_mini_mcu.cpu_subsystem_i.cpu_1_0.rf_ram_i.memory\[166\]\[1\],12.93µm
i_core_v_mini_mcu.cpu_subsystem_i.cpu_1_0.rf_ram_i.memory\[224\]\[0\],12.93µm
i_core_v_mini_mcu.cpu_subsystem_i.cpu_1_0.rf_ram_i.memory\[509\]\[1\],12.93µm
i_core_v_mini_mcu.memory_subsystem_i.ram0_i.tc_ram_i.sram\[17\]\[29\],12.93µm
i_core_v_mini_mcu.memory_subsystem_i.ram0_i.tc_ram_i.sram\[17\]\[7\],12.93µm
i_core_v_mini_mcu.memory_subsystem_i.ram0_i.tc_ram_i.sram\[20\]\[22\],12.93µm
i_core_v_mini_mcu.memory_subsystem_i.ram0_i.tc_ram_i.sram\[20\]\[25\],12.93µm
i_core_v_mini_mcu.memory_subsystem_i.ram0_i.tc_ram_i.sram\[22\]\[19\],12.93µm
i_core_v_mini_mcu.memory_subsystem_i.ram0_i.tc_ram_i.sram\[24\]\[2\],12.93µm
i_core_v_mini_mcu.memory_subsystem_i.ram0_i.tc_ram_i.sram\[25\]\[3\],12.93µm
i_core_v_mini_mcu.memory_subsystem_i.ram0_i.tc_ram_i.sram\[28\]\[18\],12.93µm
i_core_v_mini_mcu.peripheral_subsystem_i.obi_fifo_i.consumer_data_req_q\[23\],12.93µm
net1228,12.93µm
_00099_,12.88µm
_00228_,12.88µm
_00457_,12.88µm
_00471_,12.88µm
_00497_,12.88µm
_00613_,12.88µm
_00757_,12.88µm
_00942_,12.88µm
_01093_,12.88µm
_01167_,12.88µm
_01333_,12.88µm
_01346_,12.88µm
_01408_,12.88µm
_01438_,12.88µm
_01520_,12.88µm
_01596_,12.88µm
_01619_,12.88µm
_01853_,12.88µm
_01987_,12.88µm
_02031_,12.88µm
_02144_,12.88µm
_02213_,12.88µm
_02245_,12.88µm
_02314_,12.88µm
_02416_,12.88µm
_02429_,12.88µm
_02501_,12.88µm
_02543_,12.88µm
_02549_,12.88µm
_02692_,12.88µm
_02715_,12.88µm
_03019_,12.88µm
_03232_,12.88µm
_03322_,12.88µm
_03424_,12.88µm
_03438_,12.88µm
_03756_,12.88µm
_04085_,12.88µm
_04403_,12.88µm
_04531_,12.88µm
_04683_,12.88µm
_04701_,12.88µm
_04736_,12.88µm
_04893_,12.88µm
_04905_,12.88µm
_04909_,12.88µm
_04958_,12.88µm
_05011_,12.88µm
_05110_,12.88µm
_05158_,12.88µm
_05183_,12.88µm
_05186_,12.88µm
_05194_,12.88µm
_05197_,12.88µm
_05326_,12.88µm
_05345_,12.88µm
_05522_,12.88µm
_05527_,12.88µm
_05839_,12.88µm
_06182_,12.88µm
_07020_,12.88µm
_07125_,12.88µm
_07247_,12.88µm
_07784_,12.88µm
_07870_,12.88µm
_07905_,12.88µm
_07954_,12.88µm
_08048_,12.88µm
_08099_,12.88µm
_08285_,12.88µm
_08391_,12.88µm
_08448_,12.88µm
_08871_,12.88µm
_09077_,12.88µm
_09160_,12.88µm
_09343_,12.88µm
_09435_,12.88µm
_09823_,12.88µm
_10660_,12.88µm
_11144_,12.88µm
_11150_,12.88µm
_11171_,12.88µm
_11681_,12.88µm
_11782_,12.88µm
_11968_,12.88µm
_12051_,12.88µm
_12417_,12.88µm
_12581_,12.88µm
_12615_,12.88µm
_12791_,12.88µm
_12818_,12.88µm
_12875_,12.88µm
_13109_,12.88µm
_13117_,12.88µm
_13165_,12.88µm
_13406_,12.88µm
_13631_,12.88µm
_14031_,12.88µm
_14035_,12.88µm
_14476_,12.88µm
_14636_,12.88µm
_14647_,12.88µm
_15010_,12.88µm
_15133_,12.88µm
_15229_,12.88µm
_15623_,12.88µm
_15645_,12.88µm
_15943_,12.88µm
_16295_,12.88µm
_16688_,12.88µm
_16804_,12.88µm
_16915_,12.88µm
_17994_,12.88µm
_18410_,12.88µm
_18412_,12.88µm
_18777_,12.88µm
_18800_,12.88µm
_19635_,12.88µm
_19759_,12.88µm
_19762_,12.88µm
_20005_,12.88µm
_20035_,12.88µm
_20249_,12.88µm
_20262_,12.88µm
_20297_,12.88µm
_20431_,12.88µm
_20450_,12.88µm
_20577_,12.88µm
_20658_,12.88µm
_20864_,12.88µm
_21019_,12.88µm
_21586_,12.88µm
_21829_,12.88µm
_21837_,12.88µm
_21925_,12.88µm
_22060_,12.88µm
_22241_,12.88µm
_22244_,12.88µm
_22302_,12.88µm
_22304_,12.88µm
_22391_,12.88µm
_22430_,12.88µm
_22432_,12.88µm
_22546_,12.88µm
_22621_,12.88µm
_22696_,12.88µm
_23036_,12.88µm
_23178_,12.88µm
_23194_,12.88µm
_23236_,12.88µm
_23370_,12.88µm
_23730_,12.88µm
_24117_,12.88µm
_24434_,12.88µm
_24591_,12.88µm
_24859_,12.88µm
_24932_,12.88µm
_25013_,12.88µm
_25112_,12.88µm
_25303_,12.88µm
_25571_,12.88µm
_25600_,12.88µm
_25759_,12.88µm
_25783_,12.88µm
_26044_,12.88µm
_26075_,12.88µm
_26086_,12.88µm
_26499_,12.88µm
_26657_,12.88µm
_26901_,12.88µm
_27164_,12.88µm
_27191_,12.88µm
_27229_,12.88µm
_27440_,12.88µm
_27506_,12.88µm
_27715_,12.88µm
i_core_v_mini_mcu.ao_peripheral_subsystem_i.periph_to_reg_i.r_rdata_d\[15\],12.88µm
i_core_v_mini_mcu.ao_peripheral_subsystem_i.power_manager_i.power_manager_reg_top_i.u_intr_state.wr_data\[14\],12.88µm
i_core_v_mini_mcu.ao_peripheral_subsystem_i.soc_ctrl_i.soc_ctrl_reg_top_i.system_frequency_hz_qs\[22\],12.88µm
i_core_v_mini_mcu.cpu_subsystem_i.cpu_0_0.rf_ram_i.memory\[12\]\[0\],12.88µm
i_core_v_mini_mcu.cpu_subsystem_i.cpu_0_0.rf_ram_i.memory\[24\]\[1\],12.88µm
i_core_v_mini_mcu.cpu_subsystem_i.cpu_0_0.rf_ram_i.memory\[323\]\[0\],12.88µm
i_core_v_mini_mcu.cpu_subsystem_i.cpu_0_0.rf_ram_i.memory\[452\]\[0\],12.88µm
i_core_v_mini_mcu.cpu_subsystem_i.cpu_0_0.rf_ram_i.memory\[459\]\[0\],12.88µm
i_core_v_mini_mcu.cpu_subsystem_i.cpu_0_0.rf_ram_i.memory\[482\]\[0\],12.88µm
i_core_v_mini_mcu.cpu_subsystem_i.cpu_0_0.rf_ram_i.memory\[528\]\[1\],12.88µm
i_core_v_mini_mcu.cpu_subsystem_i.cpu_1_0.rf_ram_i.memory\[442\]\[1\],12.88µm
i_core_v_mini_mcu.memory_subsystem_i.ram0_i.tc_ram_i.sram\[18\]\[7\],12.88µm
i_core_v_mini_mcu.memory_subsystem_i.ram0_i.tc_ram_i.sram\[29\]\[5\],12.88µm
i_core_v_mini_mcu.memory_subsystem_i.ram0_i.tc_ram_i.sram\[31\]\[7\],12.88µm
i_core_v_mini_mcu.memory_subsystem_i.ram0_i.tc_ram_i.sram\[4\]\[4\],12.88µm
i_core_v_mini_mcu.memory_subsystem_i.ram0_i.tc_ram_i.sram\[4\]\[6\],12.88µm
i_core_v_mini_mcu.memory_subsystem_i.ram0_i.tc_ram_i.sram\[6\]\[15\],12.88µm
i_core_v_mini_mcu.memory_subsystem_i.ram0_i.tc_ram_i.sram\[6\]\[8\],12.88µm
i_core_v_mini_mcu.peripheral_subsystem_i.obi_fifo_i.consumer_resp_i\[24\],12.88µm
i_core_v_mini_mcu.peripheral_subsystem_i.uart_i.uart_core.rx_sync_q1,12.88µm
_03826_,12.82µm
i_core_v_mini_mcu.cpu_subsystem_i.cpu_0_0.rf_ram_i.memory\[2\]\[0\],12.7µm
i_core_v_mini_mcu.peripheral_subsystem_i.uart_i.uart_core.u_uart_txfifo.gen_normal_fifo.storage\[13\],12.7µm
i_core_v_mini_mcu.cpu_subsystem_i.cpu_1_0.rf_ram_i.memory\[111\]\[1\],12.65µm
i_core_v_mini_mcu.cpu_subsystem_i.cpu_1_0.rf_ram_i.memory\[5\]\[1\],12.65µm
_20308_,12.6µm
i_core_v_mini_mcu.ao_peripheral_subsystem_i.obi_fifo_i.consumer_data_req_q\[35\],12.6µm
i_core_v_mini_mcu.cpu_subsystem_i.cpu_1_0.rf_ram_i.memory\[239\]\[0\],12.6µm
i_core_v_mini_mcu.cpu_subsystem_i.cpu_0_0.i_servile.cpu.ctrl.o_ibus_adr\[18\],12.52µm
_05499_,12.47µm
_06075_,12.47µm
_07628_,12.47µm
_07743_,12.47µm
_09260_,12.47µm
_09380_,12.47µm
_09381_,12.47µm
_10232_,12.47µm
_13729_,12.47µm
_16193_,12.47µm
_16663_,12.47µm
exit_value_int\[26\],12.47µm
i_core_v_mini_mcu.cpu_subsystem_i.cpu_0_0.rf_ram_i.memory\[21\]\[1\],12.47µm
i_core_v_mini_mcu.cpu_subsystem_i.cpu_0_0.rf_ram_i.memory\[456\]\[0\],12.47µm
i_core_v_mini_mcu.cpu_subsystem_i.cpu_1_0.rf_ram_i.memory\[207\]\[1\],12.47µm
i_core_v_mini_mcu.cpu_subsystem_i.cpu_1_0.rf_ram_i.memory\[223\]\[1\],12.47µm
i_core_v_mini_mcu.memory_subsystem_i.ram0_i.tc_ram_i.sram\[14\]\[13\],12.47µm
i_core_v_mini_mcu.memory_subsystem_i.ram0_i.tc_ram_i.sram\[18\]\[29\],12.47µm
i_core_v_mini_mcu.memory_subsystem_i.ram0_i.tc_ram_i.sram\[29\]\[27\],12.47µm
i_core_v_mini_mcu.memory_subsystem_i.ram0_i.tc_ram_i.sram\[29\]\[28\],12.47µm
i_core_v_mini_mcu.memory_subsystem_i.ram0_i.tc_ram_i.sram\[31\]\[9\],12.47µm
i_core_v_mini_mcu.memory_subsystem_i.ram0_i.tc_ram_i.sram\[6\]\[30\],12.47µm
i_core_v_mini_mcu.memory_subsystem_i.ram0_i.tc_ram_i.sram\[8\]\[19\],12.47µm
i_core_v_mini_mcu.memory_subsystem_i.ram0_i.tc_ram_i.sram\[9\]\[22\],12.47µm
_02261_,12.42µm
_04133_,12.42µm
_05663_,12.42µm
_06026_,12.42µm
_06335_,12.42µm
_06538_,12.42µm
_06665_,12.42µm
_07733_,12.42µm
_08454_,12.42µm
_08553_,12.42µm
_09339_,12.42µm
_09552_,12.42µm
_09896_,12.42µm
_10301_,12.42µm
_10337_,12.42µm
_10901_,12.42µm
_11323_,12.42µm
_12203_,12.42µm
_12499_,12.42µm
_18398_,12.42µm
_18679_,12.42µm
_18720_,12.42µm
_19118_,12.42µm
_19275_,12.42µm
_20735_,12.42µm
_21384_,12.42µm
_22105_,12.42µm
_22230_,12.42µm
_22500_,12.42µm
_23299_,12.42µm
_23304_,12.42µm
_23427_,12.42µm
_26216_,12.42µm
_26500_,12.42µm
_26842_,12.42µm
_27684_,12.42µm
exit_value_int\[20\],12.42µm
exit_value_int\[31\],12.42µm
i_core_v_mini_mcu.ao_peripheral_subsystem_i.mosaic_clint_i.mtimecmp_q\[52\],12.42µm
i_core_v_mini_mcu.ao_peripheral_subsystem_i.obi_fifo_i.consumer_data_req_q\[54\],12.42µm
i_core_v_mini_mcu.ao_peripheral_subsystem_i.obi_fifo_i.consumer_data_req_q\[65\],12.42µm
i_core_v_mini_mcu.ao_peripheral_subsystem_i.soc_ctrl_i.reg2hw\[1\],12.42µm
i_core_v_mini_mcu.ao_peripheral_subsystem_i.soc_ctrl_i.reg2hw\[9\],12.42µm
i_core_v_mini_mcu.ao_peripheral_subsystem_i.tdu_i.task_mem\[0\]\[18\],12.42µm
i_core_v_mini_mcu.ao_peripheral_subsystem_i.tdu_i.task_mem\[3\]\[1\],12.42µm
i_core_v_mini_mcu.ao_peripheral_subsystem_i.tdu_i.task_mem\[4\]\[14\],12.42µm
i_core_v_mini_mcu.cpu_subsystem_i.cpu_0_0.rf_ram_i.memory\[115\]\[1\],12.42µm
i_core_v_mini_mcu.cpu_subsystem_i.cpu_0_0.rf_ram_i.memory\[154\]\[0\],12.42µm
i_core_v_mini_mcu.cpu_subsystem_i.cpu_0_0.rf_ram_i.memory\[161\]\[0\],12.42µm
i_core_v_mini_mcu.cpu_subsystem_i.cpu_0_0.rf_ram_i.memory\[262\]\[0\],12.42µm
i_core_v_mini_mcu.cpu_subsystem_i.cpu_0_0.rf_ram_i.memory\[356\]\[1\],12.42µm
i_core_v_mini_mcu.cpu_subsystem_i.cpu_1_0.i_servile.cpu.decode.o_immdec_en\[0\],12.42µm
i_core_v_mini_mcu.cpu_subsystem_i.cpu_1_0.i_servile.cpu.immdec.gen_immdec_w_eq_1.imm24_20\[2\],12.42µm
i_core_v_mini_mcu.cpu_subsystem_i.cpu_1_0.rf_ram_i.memory\[101\]\[0\],12.42µm
i_core_v_mini_mcu.cpu_subsystem_i.cpu_1_0.rf_ram_i.memory\[142\]\[1\],12.42µm
i_core_v_mini_mcu.cpu_subsystem_i.cpu_1_0.rf_ram_i.memory\[224\]\[1\],12.42µm
i_core_v_mini_mcu.cpu_subsystem_i.cpu_1_0.rf_ram_i.memory\[259\]\[0\],12.42µm
i_core_v_mini_mcu.cpu_subsystem_i.cpu_1_0.rf_ram_i.memory\[357\]\[1\],12.42µm
i_core_v_mini_mcu.cpu_subsystem_i.cpu_1_0.rf_ram_i.memory\[487\]\[1\],12.42µm
i_core_v_mini_mcu.cpu_subsystem_i.cpu_1_0.rf_ram_i.memory\[61\]\[1\],12.42µm
i_core_v_mini_mcu.cpu_subsystem_i.cpu_1_0.rf_ram_i.memory\[83\]\[1\],12.42µm
i_core_v_mini_mcu.memory_subsystem_i.ram0_i.tc_ram_i.sram\[10\]\[2\],12.42µm
i_core_v_mini_mcu.memory_subsystem_i.ram0_i.tc_ram_i.sram\[13\]\[14\],12.42µm
i_core_v_mini_mcu.memory_subsystem_i.ram0_i.tc_ram_i.sram\[17\]\[12\],12.42µm
i_core_v_mini_mcu.memory_subsystem_i.ram0_i.tc_ram_i.sram\[17\]\[27\],12.42µm
i_core_v_mini_mcu.memory_subsystem_i.ram0_i.tc_ram_i.sram\[18\]\[17\],12.42µm
i_core_v_mini_mcu.memory_subsystem_i.ram0_i.tc_ram_i.sram\[18\]\[30\],12.42µm
i_core_v_mini_mcu.memory_subsystem_i.ram0_i.tc_ram_i.sram\[18\]\[4\],12.42µm
i_core_v_mini_mcu.memory_subsystem_i.ram0_i.tc_ram_i.sram\[1\]\[23\],12.42µm
i_core_v_mini_mcu.memory_subsystem_i.ram0_i.tc_ram_i.sram\[30\]\[30\],12.42µm
i_core_v_mini_mcu.memory_subsystem_i.ram0_i.tc_ram_i.sram\[7\]\[9\],12.42µm
i_core_v_mini_mcu.memory_subsystem_i.ram0_i.tc_ram_i.sram\[8\]\[25\],12.42µm
i_core_v_mini_mcu.peripheral_subsystem_i.uart_i.reg2hw\[124\],12.42µm
i_core_v_mini_mcu.peripheral_subsystem_i.uart_i.uart_core.u_uart_rxfifo.gen_normal_fifo.storage\[19\],12.42µm
i_core_v_mini_mcu.peripheral_subsystem_i.uart_i.uart_core.u_uart_txfifo.gen_normal_fifo.storage\[18\],12.42µm
net1233,12.42µm
_00426_,12.37µm
_00481_,12.37µm
_00529_,12.37µm
_00572_,12.37µm
_00736_,12.37µm
_00872_,12.37µm
_00896_,12.37µm
_01014_,12.37µm
_01501_,12.37µm
_01506_,12.37µm
_01617_,12.37µm
_01698_,12.37µm
_01828_,12.37µm
_01930_,12.37µm
_01954_,12.37µm
_01957_,12.37µm
_02062_,12.37µm
_02095_,12.37µm
_02106_,12.37µm
_02139_,12.37µm
_02313_,12.37µm
_02344_,12.37µm
_02445_,12.37µm
_02491_,12.37µm
_02648_,12.37µm
_02734_,12.37µm
_02735_,12.37µm
_02877_,12.37µm
_03225_,12.37µm
_03709_,12.37µm
_04103_,12.37µm
_04306_,12.37µm
_04362_,12.37µm
_04509_,12.37µm
_04551_,12.37µm
_04603_,12.37µm
_04724_,12.37µm
_04792_,12.37µm
_04796_,12.37µm
_05030_,12.37µm
_05336_,12.37µm
_05393_,12.37µm
_05543_,12.37µm
_05711_,12.37µm
_05729_,12.37µm
_05820_,12.37µm
_06048_,12.37µm
_06193_,12.37µm
_06198_,12.37µm
_06229_,12.37µm
_06267_,12.37µm
_06295_,12.37µm
_06423_,12.37µm
_06641_,12.37µm
_06686_,12.37µm
_06743_,12.37µm
_07369_,12.37µm
_07576_,12.37µm
_07644_,12.37µm
_07696_,12.37µm
_07754_,12.37µm
_07840_,12.37µm
_07935_,12.37µm
_08189_,12.37µm
_08318_,12.37µm
_08351_,12.37µm
_08432_,12.37µm
_08436_,12.37µm
_08617_,12.37µm
_09037_,12.37µm
_09629_,12.37µm
_09748_,12.37µm
_09885_,12.37µm
_10056_,12.37µm
_10859_,12.37µm
_10869_,12.37µm
_10992_,12.37µm
_11021_,12.37µm
_11079_,12.37µm
_11090_,12.37µm
_11108_,12.37µm
_11345_,12.37µm
_11515_,12.37µm
_11803_,12.37µm
_12183_,12.37µm
_12317_,12.37µm
_12401_,12.37µm
_12751_,12.37µm
_12881_,12.37µm
_13138_,12.37µm
_13220_,12.37µm
_13773_,12.37µm
_13809_,12.37µm
_13947_,12.37µm
_14132_,12.37µm
_14203_,12.37µm
_14409_,12.37µm
_14443_,12.37µm
_14505_,12.37µm
_14874_,12.37µm
_14913_,12.37µm
_15145_,12.37µm
_15150_,12.37µm
_15258_,12.37µm
_15287_,12.37µm
_15676_,12.37µm
_15730_,12.37µm
_16568_,12.37µm
_16608_,12.37µm
_16658_,12.37µm
_16724_,12.37µm
_16742_,12.37µm
_17389_,12.37µm
_17685_,12.37µm
_17687_,12.37µm
_17737_,12.37µm
_17766_,12.37µm
_17783_,12.37µm
_17794_,12.37µm
_18307_,12.37µm
_18391_,12.37µm
_18394_,12.37µm
_18584_,12.37µm
_18590_,12.37µm
_18767_,12.37µm
_18799_,12.37µm
_18901_,12.37µm
_19287_,12.37µm
_19290_,12.37µm
_19530_,12.37µm
_19623_,12.37µm
_19673_,12.37µm
_19717_,12.37µm
_19747_,12.37µm
_19750_,12.37µm
_19896_,12.37µm
_19928_,12.37µm
_20070_,12.37µm
_20281_,12.37µm
_20413_,12.37µm
_20717_,12.37µm
_20737_,12.37µm
_20738_,12.37µm
_20924_,12.37µm
_20962_,12.37µm
_20987_,12.37µm
_21408_,12.37µm
_21540_,12.37µm
_21761_,12.37µm
_22003_,12.37µm
_22311_,12.37µm
_22683_,12.37µm
_23359_,12.37µm
_23360_,12.37µm
_23468_,12.37µm
_23504_,12.37µm
_23656_,12.37µm
_23690_,12.37µm
_23742_,12.37µm
_23760_,12.37µm
_23789_,12.37µm
_23842_,12.37µm
_23862_,12.37µm
_23989_,12.37µm
_24166_,12.37µm
_24174_,12.37µm
_24233_,12.37µm
_24628_,12.37µm
_24655_,12.37µm
_24680_,12.37µm
_24731_,12.37µm
_24948_,12.37µm
_25273_,12.37µm
_25440_,12.37µm
_25470_,12.37µm
_25483_,12.37µm
_25547_,12.37µm
_25648_,12.37µm
_25720_,12.37µm
_25766_,12.37µm
_25778_,12.37µm
_25935_,12.37µm
_26122_,12.37µm
_26581_,12.37µm
_26604_,12.37µm
_26675_,12.37µm
_26759_,12.37µm
_26882_,12.37µm
_27320_,12.37µm
_27618_,12.37µm
i_core_v_mini_mcu.ao_peripheral_subsystem_i.obi_fifo_i.consumer_resp_i\[8\],12.37µm
i_core_v_mini_mcu.ao_peripheral_subsystem_i.power_manager_i.power_manager_reg_top_i.cpu_reset_deassert_counter_qs\[1\],12.37µm
i_core_v_mini_mcu.ao_peripheral_subsystem_i.tdu_i.task_mem\[0\]\[24\],12.37µm
i_core_v_mini_mcu.ao_peripheral_subsystem_i.tdu_i.task_mem\[0\]\[30\],12.37µm
i_core_v_mini_mcu.ao_peripheral_subsystem_i.tdu_i.task_mem\[4\]\[19\],12.37µm
i_core_v_mini_mcu.cpu_subsystem_i.cpu_0_0.rf_ram_i.memory\[267\]\[0\],12.37µm
i_core_v_mini_mcu.cpu_subsystem_i.cpu_0_0.rf_ram_i.memory\[440\]\[0\],12.37µm
i_core_v_mini_mcu.cpu_subsystem_i.cpu_0_0.rf_ram_i.memory\[479\]\[0\],12.37µm
i_core_v_mini_mcu.cpu_subsystem_i.cpu_0_0.rf_ram_i.memory\[531\]\[1\],12.37µm
i_core_v_mini_mcu.cpu_subsystem_i.cpu_1_0.rf_ram_i.memory\[170\]\[1\],12.37µm
i_core_v_mini_mcu.cpu_subsystem_i.cpu_1_0.rf_ram_i.memory\[233\]\[0\],12.37µm
i_core_v_mini_mcu.memory_subsystem_i.ram0_i.tc_ram_i.sram\[20\]\[16\],12.37µm
i_core_v_mini_mcu.memory_subsystem_i.ram0_i.tc_ram_i.sram\[9\]\[27\],12.37µm
i_core_v_mini_mcu.peripheral_subsystem_i.uart_i.reg2hw\[116\],12.37µm
i_core_v_mini_mcu.peripheral_subsystem_i.uart_i.uart_core.u_uart_rxfifo.gen_normal_fifo.storage\[20\],12.37µm
i_core_v_mini_mcu.peripheral_subsystem_i.uart_i.uart_core.u_uart_rxfifo.gen_normal_fifo.under_rst,12.37µm
i_core_v_mini_mcu.peripheral_subsystem_i.uart_i.uart_core.u_uart_txfifo.gen_normal_fifo.storage\[15\],12.37µm
_00149_,12.32µm
_00334_,12.32µm
_00542_,12.32µm
_00567_,12.32µm
_00665_,12.32µm
_00749_,12.32µm
_00774_,12.32µm
_00907_,12.32µm
_01067_,12.32µm
_01160_,12.32µm
_01237_,12.32µm
_01259_,12.32µm
_01284_,12.32µm
_01334_,12.32µm
_01394_,12.32µm
_01604_,12.32µm
_01615_,12.32µm
_01736_,12.32µm
_01849_,12.32µm
_01858_,12.32µm
_02108_,12.32µm
_02131_,12.32µm
_02286_,12.32µm
_02371_,12.32µm
_02449_,12.32µm
_02469_,12.32µm
_02499_,12.32µm
_02572_,12.32µm
_02609_,12.32µm
_02624_,12.32µm
_02968_,12.32µm
_02994_,12.32µm
_03004_,12.32µm
_03187_,12.32µm
_03213_,12.32µm
_03227_,12.32µm
_03371_,12.32µm
_03395_,12.32µm
_03707_,12.32µm
_03944_,12.32µm
_04291_,12.32µm
_04419_,12.32µm
_04540_,12.32µm
_04613_,12.32µm
_04814_,12.32µm
_04873_,12.32µm
_04875_,12.32µm
_04902_,12.32µm
_04945_,12.32µm
_05034_,12.32µm
_05098_,12.32µm
_05145_,12.32µm
_05152_,12.32µm
_05267_,12.32µm
_05330_,12.32µm
_05335_,12.32µm
_05358_,12.32µm
_05385_,12.32µm
_05438_,12.32µm
_05501_,12.32µm
_05722_,12.32µm
_05759_,12.32µm
_05943_,12.32µm
_06161_,12.32µm
_06233_,12.32µm
_06256_,12.32µm
_06305_,12.32µm
_06741_,12.32µm
_07011_,12.32µm
_07101_,12.32µm
_07115_,12.32µm
_07119_,12.32µm
_07429_,12.32µm
_07435_,12.32µm
_07515_,12.32µm
_08015_,12.32µm
_08084_,12.32µm
_08316_,12.32µm
_08328_,12.32µm
_08386_,12.32µm
_08580_,12.32µm
_08724_,12.32µm
_08916_,12.32µm
_09509_,12.32µm
_09888_,12.32µm
_10012_,12.32µm
_10251_,12.32µm
_10487_,12.32µm
_10662_,12.32µm
_10740_,12.32µm
_10749_,12.32µm
_10892_,12.32µm
_10993_,12.32µm
_11022_,12.32µm
_11138_,12.32µm
_11146_,12.32µm
_11262_,12.32µm
_11297_,12.32µm
_11346_,12.32µm
_11765_,12.32µm
_11944_,12.32µm
_12207_,12.32µm
_12275_,12.32µm
_12447_,12.32µm
_12466_,12.32µm
_12494_,12.32µm
_12638_,12.32µm
_12758_,12.32µm
_12892_,12.32µm
_13189_,12.32µm
_13313_,12.32µm
_13371_,12.32µm
_13400_,12.32µm
_13571_,12.32µm
_13693_,12.32µm
_13715_,12.32µm
_13723_,12.32µm
_13740_,12.32µm
_13786_,12.32µm
_13810_,12.32µm
_13815_,12.32µm
_13943_,12.32µm
_13963_,12.32µm
_14204_,12.32µm
_14419_,12.32µm
_14490_,12.32µm
_14930_,12.32µm
_15053_,12.32µm
_15059_,12.32µm
_15116_,12.32µm
_15245_,12.32µm
_15572_,12.32µm
_15639_,12.32µm
_15892_,12.32µm
_15957_,12.32µm
_15961_,12.32µm
_16314_,12.32µm
_16452_,12.32µm
_16623_,12.32µm
_16760_,12.32µm
_16822_,12.32µm
_16900_,12.32µm
_17101_,12.32µm
_17131_,12.32µm
_17187_,12.32µm
_17777_,12.32µm
_17969_,12.32µm
_18005_,12.32µm
_18505_,12.32µm
_18623_,12.32µm
_18760_,12.32µm
_19049_,12.32µm
_19064_,12.32µm
_19175_,12.32µm
_19184_,12.32µm
_19254_,12.32µm
_19267_,12.32µm
_19338_,12.32µm
_19595_,12.32µm
_19715_,12.32µm
_19772_,12.32µm
_19862_,12.32µm
_19999_,12.32µm
_20004_,12.32µm
_20007_,12.32µm
_20250_,12.32µm
_20381_,12.32µm
_20395_,12.32µm
_20510_,12.32µm
_20660_,12.32µm
_20777_,12.32µm
_20790_,12.32µm
_20816_,12.32µm
_20861_,12.32µm
_21097_,12.32µm
_21102_,12.32µm
_21174_,12.32µm
_21202_,12.32µm
_21223_,12.32µm
_21574_,12.32µm
_21615_,12.32µm
_21702_,12.32µm
_21757_,12.32µm
_21799_,12.32µm
_21867_,12.32µm
_22946_,12.32µm
_22953_,12.32µm
_23049_,12.32µm
_23190_,12.32µm
_23311_,12.32µm
_23961_,12.32µm
_23968_,12.32µm
_24029_,12.32µm
_24231_,12.32µm
_24236_,12.32µm
_24294_,12.32µm
_24305_,12.32µm
_24325_,12.32µm
_24327_,12.32µm
_24340_,12.32µm
_24429_,12.32µm
_24709_,12.32µm
_25106_,12.32µm
_25255_,12.32µm
_25510_,12.32µm
_25595_,12.32µm
_25630_,12.32µm
_25632_,12.32µm
_25677_,12.32µm
_25758_,12.32µm
_25780_,12.32µm
_25832_,12.32µm
_25973_,12.32µm
_26074_,12.32µm
_26104_,12.32µm
_26318_,12.32µm
_26349_,12.32µm
_26395_,12.32µm
_26477_,12.32µm
_26501_,12.32µm
_26507_,12.32µm
_26664_,12.32µm
_26749_,12.32µm
_26904_,12.32µm
_26968_,12.32µm
_27110_,12.32µm
_27182_,12.32µm
_27310_,12.32µm
_27561_,12.32µm
_27606_,12.32µm
_27674_,12.32µm
i_core_v_mini_mcu.ao_peripheral_subsystem_i.tdu_i.active_hart_cycles_q\[3\],12.32µm
i_core_v_mini_mcu.ao_peripheral_subsystem_i.tdu_i.cpi_est_q\[19\],12.32µm
i_core_v_mini_mcu.ao_peripheral_subsystem_i.tdu_i.cpi_est_q\[37\],12.32µm
i_core_v_mini_mcu.ao_peripheral_subsystem_i.tdu_i.cpi_est_q\[59\],12.32µm
i_core_v_mini_mcu.ao_peripheral_subsystem_i.tdu_i.task_mem\[5\]\[12\],12.32µm
i_core_v_mini_mcu.ao_peripheral_subsystem_i.tdu_i.task_mem\[5\]\[19\],12.32µm
i_core_v_mini_mcu.cpu_subsystem_i.cpu_0_0.rf_ram_i.memory\[162\]\[1\],12.32µm
i_core_v_mini_mcu.cpu_subsystem_i.cpu_0_0.rf_ram_i.memory\[224\]\[1\],12.32µm
i_core_v_mini_mcu.cpu_subsystem_i.cpu_0_0.rf_ram_i.memory\[267\]\[1\],12.32µm
i_core_v_mini_mcu.cpu_subsystem_i.cpu_0_0.rf_ram_i.memory\[382\]\[0\],12.32µm
i_core_v_mini_mcu.cpu_subsystem_i.cpu_0_0.rf_ram_i.memory\[466\]\[0\],12.32µm
i_core_v_mini_mcu.cpu_subsystem_i.cpu_0_0.rf_ram_i.memory\[48\]\[1\],12.32µm
i_core_v_mini_mcu.cpu_subsystem_i.cpu_0_0.rf_ram_i.memory\[549\]\[0\],12.32µm
i_core_v_mini_mcu.cpu_subsystem_i.cpu_0_0.rf_ram_i.memory\[78\]\[1\],12.32µm
i_core_v_mini_mcu.cpu_subsystem_i.cpu_1_0.i_servile.arbiter.i_wb_cpu_ibus_adr\[30\],12.32µm
i_core_v_mini_mcu.cpu_subsystem_i.cpu_1_0.i_servile.cpu.bufreg.i_clr_lsb,12.32µm
i_core_v_mini_mcu.cpu_subsystem_i.cpu_1_0.i_servile.cpu.state.cnt_r\[1\],12.32µm
i_core_v_mini_mcu.cpu_subsystem_i.cpu_1_0.rf_ram_i.memory\[347\]\[1\],12.32µm
i_core_v_mini_mcu.cpu_subsystem_i.cpu_1_0.rf_ram_i.memory\[412\]\[0\],12.32µm
i_core_v_mini_mcu.cpu_subsystem_i.cpu_1_0.rf_ram_i.memory\[50\]\[1\],12.32µm
i_core_v_mini_mcu.cpu_subsystem_i.cpu_1_0.rf_ram_i.memory\[71\]\[1\],12.32µm
i_core_v_mini_mcu.memory_subsystem_i.ram0_i.tc_ram_i.sram\[11\]\[3\],12.32µm
i_core_v_mini_mcu.memory_subsystem_i.ram0_i.tc_ram_i.sram\[20\]\[29\],12.32µm
i_core_v_mini_mcu.memory_subsystem_i.ram0_i.tc_ram_i.sram\[29\]\[30\],12.32µm
i_core_v_mini_mcu.memory_subsystem_i.ram0_i.tc_ram_i.sram\[31\]\[25\],12.32µm
i_core_v_mini_mcu.cpu_subsystem_i.cpu_0_0.rf_ram_i.memory\[195\]\[0\],12.19µm
i_core_v_mini_mcu.cpu_subsystem_i.cpu_0_0.rf_ram_i.memory\[276\]\[1\],12.14µm
i_core_v_mini_mcu.memory_subsystem_i.ram0_i.tc_ram_i.sram\[14\]\[16\],12.14µm
_24641_,12.09µm
i_core_v_mini_mcu.memory_subsystem_i.ram0_i.tc_ram_i.sram\[30\]\[18\],12.09µm
_26307_,12.04µm
i_core_v_mini_mcu.cpu_subsystem_i.cpu_0_0.rf_ram_i.memory\[110\]\[0\],12.04µm
i_core_v_mini_mcu.memory_subsystem_i.ram0_i.tc_ram_i.sram\[26\]\[12\],11.94µm
_02205_,11.91µm
_06958_,11.91µm
_09452_,11.91µm
_12423_,11.91µm
_15497_,11.91µm
_20836_,11.91µm
_21630_,11.91µm
_21781_,11.91µm
_22072_,11.91µm
_23461_,11.91µm
_23489_,11.91µm
i_core_v_mini_mcu.cpu_subsystem_i.cpu_0_0.rf_ram_i.memory\[180\]\[1\],11.91µm
i_core_v_mini_mcu.cpu_subsystem_i.cpu_0_0.rf_ram_i.memory\[187\]\[0\],11.91µm
i_core_v_mini_mcu.cpu_subsystem_i.cpu_0_0.rf_ram_i.memory\[341\]\[1\],11.91µm
i_core_v_mini_mcu.cpu_subsystem_i.cpu_0_0.rf_ram_i.memory\[461\]\[1\],11.91µm
i_core_v_mini_mcu.cpu_subsystem_i.cpu_0_0.rf_ram_i.memory\[75\]\[0\],11.91µm
i_core_v_mini_mcu.cpu_subsystem_i.cpu_1_0.i_servile.cpu.immdec.gen_immdec_w_eq_1.imm19_12_20\[7\],11.91µm
i_core_v_mini_mcu.memory_subsystem_i.ram0_i.tc_ram_i.sram\[1\]\[18\],11.91µm
i_core_v_mini_mcu.memory_subsystem_i.ram0_i.tc_ram_i.sram\[27\]\[2\],11.91µm
i_core_v_mini_mcu.memory_subsystem_i.ram0_i.tc_ram_i.sram\[28\]\[23\],11.91µm
i_core_v_mini_mcu.memory_subsystem_i.ram0_i.tc_ram_i.sram\[29\]\[9\],11.91µm
i_core_v_mini_mcu.memory_subsystem_i.ram0_i.tc_ram_i.sram\[2\]\[30\],11.91µm
i_core_v_mini_mcu.memory_subsystem_i.ram0_i.tc_ram_i.sram\[3\]\[1\],11.91µm
i_core_v_mini_mcu.memory_subsystem_i.ram0_i.tc_ram_i.sram\[8\]\[26\],11.91µm
i_core_v_mini_mcu.peripheral_subsystem_i.uart_i.uart_core.allzero_cnt_q\[0\],11.91µm
_01194_,11.86µm
_04288_,11.86µm
_06184_,11.86µm
_06439_,11.86µm
_06470_,11.86µm
_06749_,11.86µm
_07980_,11.86µm
_08379_,11.86µm
_09232_,11.86µm
_09311_,11.86µm
_09457_,11.86µm
_09533_,11.86µm
_09722_,11.86µm
_10045_,11.86µm
_10332_,11.86µm
_10456_,11.86µm
_10721_,11.86µm
_10928_,11.86µm
_11881_,11.86µm
_11952_,11.86µm
_13934_,11.86µm
_14128_,11.86µm
_14565_,11.86µm
_14598_,11.86µm
_15948_,11.86µm
_16803_,11.86µm
_16866_,11.86µm
_18055_,11.86µm
_18376_,11.86µm
_18475_,11.86µm
_18795_,11.86µm
_20265_,11.86µm
_21201_,11.86µm
_21633_,11.86µm
_21707_,11.86µm
_22467_,11.86µm
_22469_,11.86µm
_23380_,11.86µm
_23745_,11.86µm
_24164_,11.86µm
_24297_,11.86µm
_25613_,11.86µm
_25736_,11.86µm
_26918_,11.86µm
_27497_,11.86µm
i_core_v_mini_mcu.ao_peripheral_subsystem_i.mosaic_clint_i.mtimecmp_q\[86\],11.86µm
i_core_v_mini_mcu.ao_peripheral_subsystem_i.power_manager_i.power_manager_reg_top_i.global_pointer_qs\[30\],11.86µm
i_core_v_mini_mcu.ao_peripheral_subsystem_i.power_manager_i.power_manager_reg_top_i.reg2hw\[236\],11.86µm
i_core_v_mini_mcu.ao_peripheral_subsystem_i.spi_subsystem_i.obi_spimemio_i.spimemio_i.buffer\[15\],11.86µm
i_core_v_mini_mcu.ao_peripheral_subsystem_i.tdu_i.cpi_est_q\[27\],11.86µm
i_core_v_mini_mcu.cpu_subsystem_i.cpu_0_0.i_servile.cpu.gen_align.align.ibus_rdt_concat\[15\],11.86µm
i_core_v_mini_mcu.cpu_subsystem_i.cpu_0_0.i_servile.cpu.immdec.gen_immdec_w_eq_1.imm30_25\[5\],11.86µm
i_core_v_mini_mcu.cpu_subsystem_i.cpu_0_0.rf_ram_i.memory\[173\]\[1\],11.86µm
i_core_v_mini_mcu.cpu_subsystem_i.cpu_0_0.rf_ram_i.memory\[179\]\[0\],11.86µm
i_core_v_mini_mcu.cpu_subsystem_i.cpu_0_0.rf_ram_i.memory\[184\]\[0\],11.86µm
i_core_v_mini_mcu.cpu_subsystem_i.cpu_0_0.rf_ram_i.memory\[39\]\[0\],11.86µm
i_core_v_mini_mcu.cpu_subsystem_i.cpu_0_0.rf_ram_i.memory\[455\]\[1\],11.86µm
i_core_v_mini_mcu.cpu_subsystem_i.cpu_0_0.rf_ram_i.memory\[508\]\[0\],11.86µm
i_core_v_mini_mcu.cpu_subsystem_i.cpu_0_0.rf_ram_i.memory\[54\]\[1\],11.86µm
i_core_v_mini_mcu.cpu_subsystem_i.cpu_1_0.i_servile.arbiter.i_wb_cpu_ibus_adr\[19\],11.86µm
i_core_v_mini_mcu.cpu_subsystem_i.cpu_1_0.i_servile.cpu.immdec.gen_immdec_w_eq_1.imm30_25\[3\],11.86µm
i_core_v_mini_mcu.cpu_subsystem_i.cpu_1_0.rf_ram_i.memory\[141\]\[1\],11.86µm
i_core_v_mini_mcu.cpu_subsystem_i.cpu_1_0.rf_ram_i.memory\[201\]\[0\],11.86µm
i_core_v_mini_mcu.cpu_subsystem_i.cpu_1_0.rf_ram_i.memory\[414\]\[0\],11.86µm
i_core_v_mini_mcu.memory_subsystem_i.ram0_i.tc_ram_i.sram\[10\]\[28\],11.86µm
i_core_v_mini_mcu.memory_subsystem_i.ram0_i.tc_ram_i.sram\[11\]\[14\],11.86µm
i_core_v_mini_mcu.memory_subsystem_i.ram0_i.tc_ram_i.sram\[13\]\[19\],11.86µm
i_core_v_mini_mcu.memory_subsystem_i.ram0_i.tc_ram_i.sram\[13\]\[1\],11.86µm
i_core_v_mini_mcu.memory_subsystem_i.ram0_i.tc_ram_i.sram\[17\]\[19\],11.86µm
i_core_v_mini_mcu.memory_subsystem_i.ram0_i.tc_ram_i.sram\[17\]\[2\],11.86µm
i_core_v_mini_mcu.memory_subsystem_i.ram0_i.tc_ram_i.sram\[19\]\[1\],11.86µm
i_core_v_mini_mcu.memory_subsystem_i.ram0_i.tc_ram_i.sram\[1\]\[31\],11.86µm
i_core_v_mini_mcu.memory_subsystem_i.ram0_i.tc_ram_i.sram\[23\]\[19\],11.86µm
i_core_v_mini_mcu.memory_subsystem_i.ram0_i.tc_ram_i.sram\[26\]\[0\],11.86µm
i_core_v_mini_mcu.memory_subsystem_i.ram0_i.tc_ram_i.sram\[30\]\[22\],11.86µm
i_core_v_mini_mcu.memory_subsystem_i.ram0_i.tc_ram_i.sram\[31\]\[1\],11.86µm
i_core_v_mini_mcu.peripheral_subsystem_i.obi_fifo_i.consumer_resp_i\[25\],11.86µm
_00011_,11.81µm
_00081_,11.81µm
_00088_,11.81µm
_00226_,11.81µm
_00252_,11.81µm
_00488_,11.81µm
_00490_,11.81µm
_00933_,11.81µm
_01020_,11.81µm
_01110_,11.81µm
_01134_,11.81µm
_01135_,11.81µm
_01244_,11.81µm
_01278_,11.81µm
_01332_,11.81µm
_01654_,11.81µm
_01665_,11.81µm
_01691_,11.81µm
_01809_,11.81µm
_01817_,11.81µm
_01983_,11.81µm
_02009_,11.81µm
_02111_,11.81µm
_02381_,11.81µm
_02586_,11.81µm
_02604_,11.81µm
_02619_,11.81µm
_02921_,11.81µm
_02962_,11.81µm
_03083_,11.81µm
_03141_,11.81µm
_03687_,11.81µm
_03875_,11.81µm
_03932_,11.81µm
_03955_,11.81µm
_04078_,11.81µm
_04209_,11.81µm
_04382_,11.81µm
_04410_,11.81µm
_04494_,11.81µm
_04612_,11.81µm
_04648_,11.81µm
_04666_,11.81µm
_04672_,11.81µm
_04728_,11.81µm
_04760_,11.81µm
_05029_,11.81µm
_05092_,11.81µm
_05112_,11.81µm
_05397_,11.81µm
_05399_,11.81µm
_05473_,11.81µm
_05660_,11.81µm
_05687_,11.81µm
_05837_,11.81µm
_06079_,11.81µm
_06253_,11.81µm
_06549_,11.81µm
_06872_,11.81µm
_07141_,11.81µm
_07168_,11.81µm
_07219_,11.81µm
_07359_,11.81µm
_07850_,11.81µm
_08101_,11.81µm
_08111_,11.81µm
_08311_,11.81µm
_08354_,11.81µm
_08518_,11.81µm
_08696_,11.81µm
_08985_,11.81µm
_09004_,11.81µm
_09259_,11.81µm
_09329_,11.81µm
_09408_,11.81µm
_09474_,11.81µm
_09612_,11.81µm
_09840_,11.81µm
_09901_,11.81µm
_09979_,11.81µm
_10018_,11.81µm
_10084_,11.81µm
_10190_,11.81µm
_10284_,11.81µm
_10342_,11.81µm
_10616_,11.81µm
_10658_,11.81µm
_11218_,11.81µm
_11331_,11.81µm
_11381_,11.81µm
_11586_,11.81µm
_11666_,11.81µm
_12093_,11.81µm
_12757_,11.81µm
_12794_,11.81µm
_12874_,11.81µm
_12949_,11.81µm
_13183_,11.81µm
_13813_,11.81µm
_13906_,11.81µm
_14026_,11.81µm
_14029_,11.81µm
_14182_,11.81µm
_14215_,11.81µm
_14508_,11.81µm
_14579_,11.81µm
_14646_,11.81µm
_14778_,11.81µm
_14819_,11.81µm
_14839_,11.81µm
_14909_,11.81µm
_15226_,11.81µm
_15738_,11.81µm
_15822_,11.81µm
_15825_,11.81µm
_15898_,11.81µm
_16069_,11.81µm
_16461_,11.81µm
_16474_,11.81µm
_16509_,11.81µm
_16589_,11.81µm
_16633_,11.81µm
_16970_,11.81µm
_17141_,11.81µm
_17313_,11.81µm
_17449_,11.81µm
_17490_,11.81µm
_17495_,11.81µm
_17846_,11.81µm
_17957_,11.81µm
_18053_,11.81µm
_18178_,11.81µm
_18228_,11.81µm
_18386_,11.81µm
_18470_,11.81µm
_18513_,11.81µm
_18642_,11.81µm
_18648_,11.81µm
_18719_,11.81µm
_18735_,11.81µm
_18793_,11.81µm
_19125_,11.81µm
_19137_,11.81µm
_19166_,11.81µm
_19271_,11.81µm
_19328_,11.81µm
_19351_,11.81µm
_19361_,11.81µm
_19364_,11.81µm
_19416_,11.81µm
_19423_,11.81µm
_19447_,11.81µm
_19601_,11.81µm
_19718_,11.81µm
_19758_,11.81µm
_19868_,11.81µm
_19881_,11.81µm
_19900_,11.81µm
_19946_,11.81µm
_20063_,11.81µm
_20083_,11.81µm
_20279_,11.81µm
_20303_,11.81µm
_20617_,11.81µm
_20671_,11.81µm
_20767_,11.81µm
_20773_,11.81µm
_20794_,11.81µm
_20845_,11.81µm
_20892_,11.81µm
_21040_,11.81µm
_21187_,11.81µm
_21234_,11.81µm
_21653_,11.81µm
_21932_,11.81µm
_22108_,11.81µm
_22365_,11.81µm
_22416_,11.81µm
_22447_,11.81µm
_22537_,11.81µm
_22925_,11.81µm
_23104_,11.81µm
_23294_,11.81µm
_23340_,11.81µm
_23342_,11.81µm
_24105_,11.81µm
_24133_,11.81µm
_24250_,11.81µm
_24409_,11.81µm
_24530_,11.81µm
_24555_,11.81µm
_24957_,11.81µm
_25006_,11.81µm
_25020_,11.81µm
_25137_,11.81µm
_25185_,11.81µm
_25275_,11.81µm
_25394_,11.81µm
_25508_,11.81µm
_25553_,11.81µm
_25718_,11.81µm
_25801_,11.81µm
_25830_,11.81µm
_25907_,11.81µm
_25972_,11.81µm
_26256_,11.81µm
_26273_,11.81µm
_26370_,11.81µm
_26672_,11.81µm
_26698_,11.81µm
_26773_,11.81µm
_26881_,11.81µm
_26909_,11.81µm
_26922_,11.81µm
_26937_,11.81µm
_26997_,11.81µm
_27185_,11.81µm
_27224_,11.81µm
_27413_,11.81µm
_27470_,11.81µm
_27531_,11.81µm
_27711_,11.81µm
i_core_v_mini_mcu.ao_peripheral_subsystem_i.mosaic_clint_i.mtimecmp_q\[30\],11.81µm
i_core_v_mini_mcu.ao_peripheral_subsystem_i.power_manager_i.power_manager_counter_sequence_cpu_switch_i.sequence_curr_state\[2\],11.81µm
i_core_v_mini_mcu.ao_peripheral_subsystem_i.soc_ctrl_i.soc_ctrl_reg_top_i.system_frequency_hz_qs\[5\],11.81µm
i_core_v_mini_mcu.ao_peripheral_subsystem_i.spi_subsystem_i.obi_spimemio_i.spimemio_i.xfer.dummy_count\[2\],11.81µm
i_core_v_mini_mcu.cpu_subsystem_i.cpu_0_0.i_servile.cpu.csr_imm_en,11.81µm
i_core_v_mini_mcu.cpu_subsystem_i.cpu_0_0.i_servile.cpu.immdec.gen_immdec_w_eq_1.imm7,11.81µm
i_core_v_mini_mcu.cpu_subsystem_i.cpu_0_0.i_servile.rf_ram_if.rreq_r,11.81µm
i_core_v_mini_mcu.cpu_subsystem_i.cpu_0_0.rf_ram_i.memory\[14\]\[0\],11.81µm
i_core_v_mini_mcu.cpu_subsystem_i.cpu_0_0.rf_ram_i.memory\[286\]\[0\],11.81µm
i_core_v_mini_mcu.cpu_subsystem_i.cpu_0_0.rf_ram_i.memory\[432\]\[1\],11.81µm
i_core_v_mini_mcu.cpu_subsystem_i.cpu_0_0.rf_ram_i.memory\[437\]\[1\],11.81µm
i_core_v_mini_mcu.cpu_subsystem_i.cpu_0_0.rf_ram_i.memory\[443\]\[1\],11.81µm
i_core_v_mini_mcu.cpu_subsystem_i.cpu_0_0.rf_ram_i.memory\[452\]\[1\],11.81µm
i_core_v_mini_mcu.cpu_subsystem_i.cpu_1_0.i_servile.cpu.immdec.gen_immdec_w_eq_1.imm19_12_20\[2\],11.81µm
i_core_v_mini_mcu.cpu_subsystem_i.cpu_1_0.rf_ram_i.memory\[13\]\[0\],11.81µm
i_core_v_mini_mcu.cpu_subsystem_i.cpu_1_0.rf_ram_i.memory\[234\]\[0\],11.81µm
i_core_v_mini_mcu.cpu_subsystem_i.cpu_1_0.rf_ram_i.memory\[351\]\[1\],11.81µm
i_core_v_mini_mcu.cpu_subsystem_i.cpu_1_0.rf_ram_i.memory\[422\]\[1\],11.81µm
i_core_v_mini_mcu.cpu_subsystem_i.cpu_1_0.rf_ram_i.memory\[500\]\[1\],11.81µm
i_core_v_mini_mcu.memory_subsystem_i.ram0_i.tc_ram_i.sram\[21\]\[20\],11.81µm
i_core_v_mini_mcu.memory_subsystem_i.ram0_i.tc_ram_i.sram\[21\]\[28\],11.81µm
i_core_v_mini_mcu.memory_subsystem_i.ram0_i.tc_ram_i.sram\[22\]\[11\],11.81µm
i_core_v_mini_mcu.memory_subsystem_i.ram0_i.tc_ram_i.sram\[22\]\[7\],11.81µm
i_core_v_mini_mcu.memory_subsystem_i.ram0_i.tc_ram_i.sram\[23\]\[29\],11.81µm
i_core_v_mini_mcu.memory_subsystem_i.ram0_i.tc_ram_i.sram\[26\]\[17\],11.81µm
i_core_v_mini_mcu.memory_subsystem_i.ram0_i.tc_ram_i.sram\[27\]\[4\],11.81µm
i_core_v_mini_mcu.memory_subsystem_i.ram0_i.tc_ram_i.sram\[9\]\[10\],11.81µm
i_core_v_mini_mcu.peripheral_subsystem_i.obi_fifo_i.consumer_data_req_q\[30\],11.81µm
i_core_v_mini_mcu.peripheral_subsystem_i.uart_i.uart_core.u_uart_rxfifo.gen_normal_fifo.storage\[4\],11.81µm
i_core_v_mini_mcu.peripheral_subsystem_i.uart_i.uart_core.u_uart_rxfifo.gen_normal_fifo.storage\[7\],11.81µm
net21,11.81µm
_00137_,11.76µm
_00215_,11.76µm
_00243_,11.76µm
_00318_,11.76µm
_00434_,11.76µm
_00439_,11.76µm
_00519_,11.76µm
_00535_,11.76µm
_00545_,11.76µm
_00707_,11.76µm
_00901_,11.76µm
_01170_,11.76µm
_01228_,11.76µm
_01323_,11.76µm
_01336_,11.76µm
_01348_,11.76µm
_01401_,11.76µm
_01529_,11.76µm
_01551_,11.76µm
_01586_,11.76µm
_01651_,11.76µm
_01824_,11.76µm
_01916_,11.76µm
_02065_,11.76µm
_02155_,11.76µm
_02321_,11.76µm
_02448_,11.76µm
_02522_,11.76µm
_02552_,11.76µm
_02585_,11.76µm
_02621_,11.76µm
_02635_,11.76µm
_02679_,11.76µm
_02730_,11.76µm
_02903_,11.76µm
_02922_,11.76µm
_03043_,11.76µm
_03492_,11.76µm
_03885_,11.76µm
_03919_,11.76µm
_03957_,11.76µm
_04592_,11.76µm
_04833_,11.76µm
_04839_,11.76µm
_04859_,11.76µm
_04944_,11.76µm
_04963_,11.76µm
_05013_,11.76µm
_05022_,11.76µm
_05172_,11.76µm
_05243_,11.76µm
_05311_,11.76µm
_05315_,11.76µm
_05327_,11.76µm
_05713_,11.76µm
_06012_,11.76µm
_06230_,11.76µm
_06275_,11.76µm
_06311_,11.76µm
_06716_,11.76µm
_06735_,11.76µm
_06911_,11.76µm
_07060_,11.76µm
_07185_,11.76µm
_07211_,11.76µm
_07391_,11.76µm
_07395_,11.76µm
_07779_,11.76µm
_07798_,11.76µm
_07886_,11.76µm
_07907_,11.76µm
_07961_,11.76µm
_08065_,11.76µm
_08087_,11.76µm
_08223_,11.76µm
_08669_,11.76µm
_08790_,11.76µm
_09010_,11.76µm
_09252_,11.76µm
_09582_,11.76µm
_09587_,11.76µm
_10105_,11.76µm
_10128_,11.76µm
_10307_,11.76µm
_10823_,11.76µm
_10884_,11.76µm
_10941_,11.76µm
_10969_,11.76µm
_11206_,11.76µm
_11247_,11.76µm
_11255_,11.76µm
_11400_,11.76µm
_11437_,11.76µm
_11529_,11.76µm
_11561_,11.76µm
_11596_,11.76µm
_11598_,11.76µm
_11600_,11.76µm
_11604_,11.76µm
_11663_,11.76µm
_11749_,11.76µm
_11814_,11.76µm
_12013_,11.76µm
_12164_,11.76µm
_12347_,11.76µm
_12534_,11.76µm
_12716_,11.76µm
_12748_,11.76µm
_12760_,11.76µm
_12777_,11.76µm
_12789_,11.76µm
_13007_,11.76µm
_13302_,11.76µm
_13405_,11.76µm
_13475_,11.76µm
_13633_,11.76µm
_13683_,11.76µm
_13714_,11.76µm
_13752_,11.76µm
_13793_,11.76µm
_13924_,11.76µm
_14030_,11.76µm
_14440_,11.76µm
_14473_,11.76µm
_14526_,11.76µm
_14596_,11.76µm
_14617_,11.76µm
_14650_,11.76µm
_14752_,11.76µm
_14871_,11.76µm
_14979_,11.76µm
_15120_,11.76µm
_15255_,11.76µm
_15361_,11.76µm
_15451_,11.76µm
_15548_,11.76µm
_15570_,11.76µm
_15614_,11.76µm
_15646_,11.76µm
_15745_,11.76µm
_15859_,11.76µm
_15886_,11.76µm
_15967_,11.76µm
_16357_,11.76µm
_16648_,11.76µm
_16670_,11.76µm
_16735_,11.76µm
_17099_,11.76µm
_17112_,11.76µm
_17121_,11.76µm
_17150_,11.76µm
_17324_,11.76µm
_17326_,11.76µm
_17329_,11.76µm
_17507_,11.76µm
_17617_,11.76µm
_17697_,11.76µm
_17738_,11.76µm
_17939_,11.76µm
_18338_,11.76µm
_18468_,11.76µm
_18552_,11.76µm
_18560_,11.76µm
_18607_,11.76µm
_18618_,11.76µm
_18657_,11.76µm
_18697_,11.76µm
_18745_,11.76µm
_18835_,11.76µm
_18910_,11.76µm
_18927_,11.76µm
_19046_,11.76µm
_19085_,11.76µm
_19122_,11.76µm
_19197_,11.76µm
_19220_,11.76µm
_19303_,11.76µm
_19427_,11.76µm
_19465_,11.76µm
_19475_,11.76µm
_19502_,11.76µm
_19540_,11.76µm
_19591_,11.76µm
_19661_,11.76µm
_19699_,11.76µm
_19917_,11.76µm
_20058_,11.76µm
_20153_,11.76µm
_20288_,11.76µm
_20448_,11.76µm
_20479_,11.76µm
_20605_,11.76µm
_20804_,11.76µm
_20822_,11.76µm
_20872_,11.76µm
_21093_,11.76µm
_21269_,11.76µm
_21607_,11.76µm
_21642_,11.76µm
_21673_,11.76µm
_21821_,11.76µm
_22068_,11.76µm
_22155_,11.76µm
_22214_,11.76µm
_22349_,11.76µm
_22418_,11.76µm
_22436_,11.76µm
_22633_,11.76µm
_22653_,11.76µm
_22833_,11.76µm
_22948_,11.76µm
_22956_,11.76µm
_22977_,11.76µm
_22983_,11.76µm
_23034_,11.76µm
_23286_,11.76µm
_23292_,11.76µm
_23325_,11.76µm
_23413_,11.76µm
_23458_,11.76µm
_23613_,11.76µm
_23653_,11.76µm
_23731_,11.76µm
_23829_,11.76µm
_23876_,11.76µm
_24035_,11.76µm
_24053_,11.76µm
_24086_,11.76µm
_24091_,11.76µm
_24299_,11.76µm
_24360_,11.76µm
_24420_,11.76µm
_24535_,11.76µm
_24607_,11.76µm
_24636_,11.76µm
_24758_,11.76µm
_24781_,11.76µm
_24983_,11.76µm
_24984_,11.76µm
_25217_,11.76µm
_25244_,11.76µm
_25365_,11.76µm
_25468_,11.76µm
_25614_,11.76µm
_25638_,11.76µm
_25658_,11.76µm
_25662_,11.76µm
_25706_,11.76µm
_25828_,11.76µm
_25944_,11.76µm
_26052_,11.76µm
_26103_,11.76µm
_26267_,11.76µm
_26268_,11.76µm
_26384_,11.76µm
_26509_,11.76µm
_26619_,11.76µm
_26727_,11.76µm
_26737_,11.76µm
_26821_,11.76µm
_27157_,11.76µm
_27214_,11.76µm
_27360_,11.76µm
i_core_v_mini_mcu.ao_peripheral_subsystem_i.obi_fifo_i.consumer_resp_i\[0\],11.76µm
i_core_v_mini_mcu.ao_peripheral_subsystem_i.periph_to_reg_i.r_rdata_d\[29\],11.76µm
i_core_v_mini_mcu.ao_peripheral_subsystem_i.power_manager_i.power_manager_reg_top_i.monitor_power_gate_core_qs\[1\],11.76µm
i_core_v_mini_mcu.ao_peripheral_subsystem_i.soc_ctrl_i.reg2hw\[27\],11.76µm
i_core_v_mini_mcu.ao_peripheral_subsystem_i.soc_ctrl_i.reg2hw\[34\],11.76µm
i_core_v_mini_mcu.ao_peripheral_subsystem_i.tdu_i.task_mem\[0\]\[11\],11.76µm
i_core_v_mini_mcu.ao_peripheral_subsystem_i.tdu_i.task_mem\[0\]\[4\],11.76µm
i_core_v_mini_mcu.cpu_subsystem_i.cpu_0_0.i_servile.arbiter.i_wb_cpu_dbus_adr\[10\],11.76µm
i_core_v_mini_mcu.cpu_subsystem_i.cpu_0_0.i_servile.arbiter.i_wb_cpu_dbus_adr\[2\],11.76µm
i_core_v_mini_mcu.cpu_subsystem_i.cpu_0_0.i_servile.cpu.decode.o_immdec_en\[1\],11.76µm
i_core_v_mini_mcu.cpu_subsystem_i.cpu_0_0.i_servile.cpu.immdec.gen_immdec_w_eq_1.imm19_12_20\[7\],11.76µm
i_core_v_mini_mcu.cpu_subsystem_i.cpu_0_0.rf_ram_i.memory\[137\]\[0\],11.76µm
i_core_v_mini_mcu.cpu_subsystem_i.cpu_0_0.rf_ram_i.memory\[185\]\[1\],11.76µm
i_core_v_mini_mcu.cpu_subsystem_i.cpu_0_0.rf_ram_i.memory\[505\]\[1\],11.76µm
i_core_v_mini_mcu.cpu_subsystem_i.cpu_1_0.i_servile.arbiter.i_wb_cpu_ibus_adr\[5\],11.76µm
i_core_v_mini_mcu.memory_subsystem_i.ram0_i.tc_ram_i.sram\[14\]\[3\],11.76µm
i_core_v_mini_mcu.memory_subsystem_i.ram0_i.tc_ram_i.sram\[17\]\[3\],11.76µm
i_core_v_mini_mcu.memory_subsystem_i.ram0_i.tc_ram_i.sram\[21\]\[25\],11.76µm
i_core_v_mini_mcu.memory_subsystem_i.ram0_i.tc_ram_i.sram\[21\]\[29\],11.76µm
i_core_v_mini_mcu.memory_subsystem_i.ram0_i.tc_ram_i.sram\[24\]\[17\],11.76µm
i_core_v_mini_mcu.memory_subsystem_i.ram0_i.tc_ram_i.sram\[25\]\[24\],11.76µm
i_core_v_mini_mcu.memory_subsystem_i.ram0_i.tc_ram_i.sram\[27\]\[10\],11.76µm
i_core_v_mini_mcu.memory_subsystem_i.ram0_i.tc_ram_i.sram\[3\]\[30\],11.76µm
i_core_v_mini_mcu.memory_subsystem_i.ram0_i.tc_ram_i.sram\[4\]\[10\],11.76µm
i_core_v_mini_mcu.memory_subsystem_i.ram0_i.tc_ram_i.sram\[5\]\[23\],11.76µm
i_core_v_mini_mcu.memory_subsystem_i.ram0_i.tc_ram_i.sram\[6\]\[5\],11.76µm
i_core_v_mini_mcu.memory_subsystem_i.ram0_i.tc_ram_i.sram\[8\]\[21\],11.76µm
i_core_v_mini_mcu.peripheral_subsystem_i.uart_i.uart_core.rx_timeout_count_q\[5\],11.76µm
i_core_v_mini_mcu.peripheral_subsystem_i.uart_i.uart_core.rx_timeout_count_q\[7\],11.76µm
i_core_v_mini_mcu.cpu_subsystem_i.cpu_0_0.rf_ram_i.memory\[99\]\[0\],11.58µm
_12522_,11.53µm
i_core_v_mini_mcu.cpu_subsystem_i.cpu_1_0.rf_ram_i.memory\[100\]\[1\],11.53µm
i_core_v_mini_mcu.peripheral_subsystem_i.uart_i.uart_core.u_uart_rxfifo.gen_normal_fifo.storage\[28\],11.53µm
i_core_v_mini_mcu.cpu_subsystem_i.cpu_0_0.rf_ram_i.memory\[329\]\[1\],11.48µm
_09285_,11.4µm
_05518_,11.35µm
_14176_,11.35µm
_19893_,11.35µm
_21134_,11.35µm
_21694_,11.35µm
_21865_,11.35µm
_23097_,11.35µm
i_core_v_mini_mcu.ao_peripheral_subsystem_i.tdu_i.active_hart_cycles_q\[28\],11.35µm
i_core_v_mini_mcu.ao_peripheral_subsystem_i.tdu_i.cpi_est_q\[54\],11.35µm
i_core_v_mini_mcu.cpu_subsystem_i.cpu_0_0.rf_ram_i.memory\[185\]\[0\],11.35µm
i_core_v_mini_mcu.cpu_subsystem_i.cpu_0_0.rf_ram_i.memory\[283\]\[1\],11.35µm
i_core_v_mini_mcu.cpu_subsystem_i.cpu_1_0.i_servile.arbiter.i_wb_cpu_dbus_adr\[18\],11.35µm
i_core_v_mini_mcu.cpu_subsystem_i.cpu_1_0.rf_ram_i.memory\[17\]\[1\],11.35µm
i_core_v_mini_mcu.memory_subsystem_i.ram0_i.tc_ram_i.sram\[18\]\[18\],11.35µm
i_core_v_mini_mcu.memory_subsystem_i.ram0_i.tc_ram_i.sram\[1\]\[17\],11.35µm
i_core_v_mini_mcu.memory_subsystem_i.ram0_i.tc_ram_i.sram\[4\]\[22\],11.35µm
i_core_v_mini_mcu.memory_subsystem_i.ram0_i.tc_ram_i.sram\[6\]\[6\],11.35µm
i_core_v_mini_mcu.peripheral_slave_resp\[25\],11.35µm
i_core_v_mini_mcu.peripheral_subsystem_i.uart_i.reg2hw\[31\],11.35µm
_01835_,11.3µm
_02020_,11.3µm
_04134_,11.3µm
_04232_,11.3µm
_05469_,11.3µm
_05767_,11.3µm
_06036_,11.3µm
_06377_,11.3µm
_06518_,11.3µm
_06690_,11.3µm
_06830_,11.3µm
_07699_,11.3µm
_08679_,11.3µm
_08699_,11.3µm
_09026_,11.3µm
_09046_,11.3µm
_09301_,11.3µm
_09525_,11.3µm
_09670_,11.3µm
_09854_,11.3µm
_09948_,11.3µm
_09951_,11.3µm
_10395_,11.3µm
_10745_,11.3µm
_11772_,11.3µm
_11996_,11.3µm
_12836_,11.3µm
_13664_,11.3µm
_16481_,11.3µm
_16599_,11.3µm
_17762_,11.3µm
_17765_,11.3µm
_20119_,11.3µm
_21010_,11.3µm
_21638_,11.3µm
_21708_,11.3µm
_21783_,11.3µm
_21825_,11.3µm
_22209_,11.3µm
_22238_,11.3µm
_23404_,11.3µm
_23457_,11.3µm
_23718_,11.3µm
_24393_,11.3µm
_25796_,11.3µm
_27610_,11.3µm
i_core_v_mini_mcu.ao_peripheral_subsystem_i.mosaic_clint_i.mtimecmp_q\[12\],11.3µm
i_core_v_mini_mcu.ao_peripheral_subsystem_i.tdu_i.active_hart_cycles_q\[14\],11.3µm
i_core_v_mini_mcu.cpu_subsystem_i.cpu_0_0.i_servile.arbiter.i_wb_cpu_dbus_adr\[20\],11.3µm
i_core_v_mini_mcu.cpu_subsystem_i.cpu_0_0.i_servile.cpu.gen_align.align.ibus_rdt_concat\[7\],11.3µm
i_core_v_mini_mcu.cpu_subsystem_i.cpu_0_0.rf_ram_i.memory\[178\]\[0\],11.3µm
i_core_v_mini_mcu.cpu_subsystem_i.cpu_0_0.rf_ram_i.memory\[194\]\[0\],11.3µm
i_core_v_mini_mcu.cpu_subsystem_i.cpu_0_0.rf_ram_i.memory\[366\]\[1\],11.3µm
i_core_v_mini_mcu.cpu_subsystem_i.cpu_0_0.rf_ram_i.memory\[491\]\[0\],11.3µm
i_core_v_mini_mcu.cpu_subsystem_i.cpu_0_0.rf_ram_i.memory\[525\]\[0\],11.3µm
i_core_v_mini_mcu.cpu_subsystem_i.cpu_0_0.rf_ram_i.memory\[531\]\[0\],11.3µm
i_core_v_mini_mcu.cpu_subsystem_i.cpu_0_0.rf_ram_i.memory\[534\]\[1\],11.3µm
i_core_v_mini_mcu.cpu_subsystem_i.cpu_0_0.rf_ram_i.memory\[536\]\[1\],11.3µm
i_core_v_mini_mcu.cpu_subsystem_i.cpu_1_0.rf_ram_i.memory\[255\]\[0\],11.3µm
i_core_v_mini_mcu.cpu_subsystem_i.cpu_1_0.rf_ram_i.memory\[375\]\[1\],11.3µm
i_core_v_mini_mcu.cpu_subsystem_i.cpu_1_0.rf_ram_i.memory\[501\]\[1\],11.3µm
i_core_v_mini_mcu.cpu_subsystem_i.cpu_1_0.rf_ram_i.memory\[81\]\[0\],11.3µm
i_core_v_mini_mcu.memory_subsystem_i.ram0_i.tc_ram_i.sram\[12\]\[20\],11.3µm
i_core_v_mini_mcu.memory_subsystem_i.ram0_i.tc_ram_i.sram\[15\]\[23\],11.3µm
i_core_v_mini_mcu.memory_subsystem_i.ram0_i.tc_ram_i.sram\[1\]\[7\],11.3µm
i_core_v_mini_mcu.memory_subsystem_i.ram0_i.tc_ram_i.sram\[20\]\[30\],11.3µm
i_core_v_mini_mcu.memory_subsystem_i.ram0_i.tc_ram_i.sram\[24\]\[11\],11.3µm
i_core_v_mini_mcu.memory_subsystem_i.ram0_i.tc_ram_i.sram\[24\]\[14\],11.3µm
i_core_v_mini_mcu.memory_subsystem_i.ram0_i.tc_ram_i.sram\[25\]\[17\],11.3µm
i_core_v_mini_mcu.memory_subsystem_i.ram0_i.tc_ram_i.sram\[25\]\[28\],11.3µm
i_core_v_mini_mcu.memory_subsystem_i.ram0_i.tc_ram_i.sram\[27\]\[5\],11.3µm
i_core_v_mini_mcu.memory_subsystem_i.ram0_i.tc_ram_i.sram\[28\]\[24\],11.3µm
i_core_v_mini_mcu.memory_subsystem_i.ram0_i.tc_ram_i.sram\[29\]\[16\],11.3µm
i_core_v_mini_mcu.memory_subsystem_i.ram0_i.tc_ram_i.sram\[2\]\[21\],11.3µm
i_core_v_mini_mcu.memory_subsystem_i.ram0_i.tc_ram_i.sram\[2\]\[8\],11.3µm
i_core_v_mini_mcu.memory_subsystem_i.ram0_i.tc_ram_i.sram\[31\]\[18\],11.3µm
i_core_v_mini_mcu.memory_subsystem_i.ram0_i.tc_ram_i.sram\[9\]\[17\],11.3µm
i_core_v_mini_mcu.memory_subsystem_i.ram0_i.tc_ram_i.sram\[9\]\[29\],11.3µm
i_core_v_mini_mcu.peripheral_subsystem_i.obi_fifo_i.consumer_state_n,11.3µm
i_core_v_mini_mcu.peripheral_subsystem_i.uart_i.uart_core.u_uart_rxfifo.gen_normal_fifo.fifo_wptr\[2\],11.3µm
_00037_,11.25µm
_00202_,11.25µm
_00206_,11.25µm
_00283_,11.25µm
_00357_,11.25µm
_00453_,11.25µm
_00597_,11.25µm
_00616_,11.25µm
_00623_,11.25µm
_00761_,11.25µm
_00809_,11.25µm
_00902_,11.25µm
_00924_,11.25µm
_00964_,11.25µm
_00997_,11.25µm
_01118_,11.25µm
_01230_,11.25µm
_01471_,11.25µm
_01536_,11.25µm
_01560_,11.25µm
_01627_,11.25µm
_01701_,11.25µm
_01731_,11.25µm
_01907_,11.25µm
_02293_,11.25µm
_02748_,11.25µm
_02928_,11.25µm
_03685_,11.25µm
_03690_,11.25µm
_03734_,11.25µm
_03806_,11.25µm
_03873_,11.25µm
_03954_,11.25µm
_04031_,11.25µm
_04088_,11.25µm
_04097_,11.25µm
_04115_,11.25µm
_04130_,11.25µm
_04158_,11.25µm
_04247_,11.25µm
_04442_,11.25µm
_04576_,11.25µm
_04626_,11.25µm
_04696_,11.25µm
_04714_,11.25µm
_04793_,11.25µm
_04882_,11.25µm
_04884_,11.25µm
_05168_,11.25µm
_05272_,11.25µm
_05313_,11.25µm
_05552_,11.25µm
_05585_,11.25µm
_05590_,11.25µm
_05793_,11.25µm
_05904_,11.25µm
_06081_,11.25µm
_06129_,11.25µm
_06163_,11.25µm
_06176_,11.25µm
_06297_,11.25µm
_06657_,11.25µm
_06880_,11.25µm
_07265_,11.25µm
_07404_,11.25µm
_07460_,11.25µm
_07461_,11.25µm
_07491_,11.25µm
_07639_,11.25µm
_08476_,11.25µm
_08639_,11.25µm
_09033_,11.25µm
_09134_,11.25µm
_09136_,11.25µm
_09161_,11.25µm
_09167_,11.25µm
_09366_,11.25µm
_09570_,11.25µm
_09596_,11.25µm
_09814_,11.25µm
_09881_,11.25µm
_09962_,11.25µm
_10201_,11.25µm
_10289_,11.25µm
_10560_,11.25µm
_10628_,11.25µm
_10985_,11.25µm
_11033_,11.25µm
_11050_,11.25µm
_11080_,11.25µm
_11095_,11.25µm
_11266_,11.25µm
_11336_,11.25µm
_11491_,11.25µm
_11517_,11.25µm
_11595_,11.25µm
_11656_,11.25µm
_11805_,11.25µm
_11868_,11.25µm
_12024_,11.25µm
_12057_,11.25µm
_12137_,11.25µm
_12297_,11.25µm
_12387_,11.25µm
_12601_,11.25µm
_12698_,11.25µm
_12768_,11.25µm
_12896_,11.25µm
_13407_,11.25µm
_13413_,11.25µm
_13477_,11.25µm
_13496_,11.25µm
_13525_,11.25µm
_13894_,11.25µm
_14108_,11.25µm
_14110_,11.25µm
_14260_,11.25µm
_14567_,11.25µm
_14792_,11.25µm
_14825_,11.25µm
_14838_,11.25µm
_14862_,11.25µm
_14921_,11.25µm
_14976_,11.25µm
_15061_,11.25µm
_15123_,11.25µm
_15148_,11.25µm
_15200_,11.25µm
_15210_,11.25µm
_15351_,11.25µm
_15688_,11.25µm
_15885_,11.25µm
_16208_,11.25µm
_16222_,11.25µm
_16253_,11.25µm
_16436_,11.25µm
_16626_,11.25µm
_16651_,11.25µm
_16792_,11.25µm
_16860_,11.25µm
_17186_,11.25µm
_17383_,11.25µm
_17768_,11.25µm
_17811_,11.25µm
_17847_,11.25µm
_17896_,11.25µm
_18131_,11.25µm
_18221_,11.25µm
_18285_,11.25µm
_18374_,11.25µm
_18517_,11.25µm
_18819_,11.25µm
_18884_,11.25µm
_18908_,11.25µm
_18938_,11.25µm
_19093_,11.25µm
_19100_,11.25µm
_19126_,11.25µm
_19208_,11.25µm
_19217_,11.25µm
_19266_,11.25µm
_19373_,11.25µm
_19430_,11.25µm
_19453_,11.25µm
_19517_,11.25µm
_19556_,11.25µm
_20065_,11.25µm
_20157_,11.25µm
_20202_,11.25µm
_20516_,11.25µm
_20602_,11.25µm
_20606_,11.25µm
_20905_,11.25µm
_20960_,11.25µm
_20999_,11.25µm
_21048_,11.25µm
_21063_,11.25µm
_21112_,11.25µm
_21180_,11.25µm
_21343_,11.25µm
_21413_,11.25µm
_21590_,11.25µm
_21650_,11.25µm
_21682_,11.25µm
_21704_,11.25µm
_21835_,11.25µm
_22121_,11.25µm
_22202_,11.25µm
_22217_,11.25µm
_22334_,11.25µm
_22404_,11.25µm
_22580_,11.25µm
_22582_,11.25µm
_22654_,11.25µm
_22818_,11.25µm
_22858_,11.25µm
_22933_,11.25µm
_22979_,11.25µm
_23324_,11.25µm
_23500_,11.25µm
_23575_,11.25µm
_23734_,11.25µm
_23744_,11.25µm
_23785_,11.25µm
_23795_,11.25µm
_23905_,11.25µm
_24089_,11.25µm
_24113_,11.25µm
_24114_,11.25µm
_24303_,11.25µm
_24395_,11.25µm
_24412_,11.25µm
_24427_,11.25µm
_24496_,11.25µm
_24633_,11.25µm
_24637_,11.25µm
_24747_,11.25µm
_24757_,11.25µm
_24768_,11.25µm
_24853_,11.25µm
_25159_,11.25µm
_25274_,11.25µm
_25359_,11.25µm
_25462_,11.25µm
_25465_,11.25µm
_25527_,11.25µm
_25737_,11.25µm
_25997_,11.25µm
_26126_,11.25µm
_26213_,11.25µm
_26226_,11.25µm
_26243_,11.25µm
_26354_,11.25µm
_26407_,11.25µm
_26751_,11.25µm
_26756_,11.25µm
_26855_,11.25µm
_26884_,11.25µm
_27109_,11.25µm
_27144_,11.25µm
_27166_,11.25µm
_27183_,11.25µm
_27368_,11.25µm
_27466_,11.25µm
_27480_,11.25µm
_27519_,11.25µm
_27629_,11.25µm
_27660_,11.25µm
i_core_v_mini_mcu.ao_peripheral_subsystem_i.mosaic_clint_i.mtimecmp_q\[50\],11.25µm
i_core_v_mini_mcu.ao_peripheral_subsystem_i.soc_ctrl_i.reg2hw\[6\],11.25µm
i_core_v_mini_mcu.ao_peripheral_subsystem_i.tdu_i.active_hart_cycles_q\[12\],11.25µm
i_core_v_mini_mcu.cpu_subsystem_i.cpu_0_0.i_servile.rf_ram_if.wdata1_r\[0\],11.25µm
i_core_v_mini_mcu.cpu_subsystem_i.cpu_0_0.rf_ram_i.memory\[103\]\[1\],11.25µm
i_core_v_mini_mcu.cpu_subsystem_i.cpu_0_0.rf_ram_i.memory\[226\]\[1\],11.25µm
i_core_v_mini_mcu.cpu_subsystem_i.cpu_0_0.rf_ram_i.memory\[318\]\[0\],11.25µm
i_core_v_mini_mcu.cpu_subsystem_i.cpu_0_0.rf_ram_i.memory\[331\]\[0\],11.25µm
i_core_v_mini_mcu.cpu_subsystem_i.cpu_0_0.rf_ram_i.memory\[436\]\[0\],11.25µm
i_core_v_mini_mcu.cpu_subsystem_i.cpu_0_0.rf_ram_i.memory\[439\]\[1\],11.25µm
i_core_v_mini_mcu.cpu_subsystem_i.cpu_0_0.rf_ram_i.memory\[464\]\[0\],11.25µm
i_core_v_mini_mcu.cpu_subsystem_i.cpu_0_0.rf_ram_i.memory\[475\]\[0\],11.25µm
i_core_v_mini_mcu.cpu_subsystem_i.cpu_0_0.rf_ram_i.memory\[478\]\[1\],11.25µm
i_core_v_mini_mcu.cpu_subsystem_i.cpu_1_0.rf_ram_i.memory\[249\]\[1\],11.25µm
i_core_v_mini_mcu.cpu_subsystem_i.cpu_1_0.rf_ram_i.memory\[452\]\[1\],11.25µm
i_core_v_mini_mcu.cpu_subsystem_i.cpu_1_0.rf_ram_i.memory\[456\]\[0\],11.25µm
i_core_v_mini_mcu.cpu_subsystem_i.cpu_1_0.rf_ram_i.memory\[503\]\[0\],11.25µm
i_core_v_mini_mcu.memory_subsystem_i.ram0_i.tc_ram_i.sram\[12\]\[15\],11.25µm
i_core_v_mini_mcu.memory_subsystem_i.ram0_i.tc_ram_i.sram\[13\]\[24\],11.25µm
i_core_v_mini_mcu.memory_subsystem_i.ram0_i.tc_ram_i.sram\[22\]\[2\],11.25µm
i_core_v_mini_mcu.memory_subsystem_i.ram0_i.tc_ram_i.sram\[23\]\[1\],11.25µm
i_core_v_mini_mcu.memory_subsystem_i.ram0_i.tc_ram_i.sram\[24\]\[19\],11.25µm
i_core_v_mini_mcu.memory_subsystem_i.ram0_i.tc_ram_i.sram\[24\]\[23\],11.25µm
i_core_v_mini_mcu.memory_subsystem_i.ram0_i.tc_ram_i.sram\[27\]\[24\],11.25µm
i_core_v_mini_mcu.memory_subsystem_i.ram0_i.tc_ram_i.sram\[28\]\[14\],11.25µm
i_core_v_mini_mcu.memory_subsystem_i.ram0_i.tc_ram_i.sram\[28\]\[8\],11.25µm
i_core_v_mini_mcu.memory_subsystem_i.ram0_i.tc_ram_i.sram\[31\]\[5\],11.25µm
i_core_v_mini_mcu.memory_subsystem_i.ram0_i.tc_ram_i.sram\[5\]\[28\],11.25µm
i_core_v_mini_mcu.peripheral_subsystem_i.clk_cg,11.25µm
i_core_v_mini_mcu.peripheral_subsystem_i.obi_fifo_i.consumer_data_req\[9\],11.25µm
i_core_v_mini_mcu.peripheral_subsystem_i.obi_fifo_i.consumer_resp_i\[2\],11.25µm
i_core_v_mini_mcu.peripheral_subsystem_i.obi_fifo_i.producer_state_n,11.25µm
i_core_v_mini_mcu.peripheral_subsystem_i.uart_i.uart_core.u_uart_txfifo.gen_normal_fifo.storage\[0\],11.25µm
net1251,11.25µm
_00022_,11.2µm
_00083_,11.2µm
_00087_,11.2µm
_00094_,11.2µm
_00152_,11.2µm
_00157_,11.2µm
_00175_,11.2µm
_00232_,11.2µm
_00271_,11.2µm
_00356_,11.2µm
_00486_,11.2µm
_00503_,11.2µm
_00583_,11.2µm
_00694_,11.2µm
_00737_,11.2µm
_00801_,11.2µm
_00807_,11.2µm
_00860_,11.2µm
_00899_,11.2µm
_00968_,11.2µm
_01022_,11.2µm
_01133_,11.2µm
_01331_,11.2µm
_01484_,11.2µm
_01600_,11.2µm
_01799_,11.2µm
_01898_,11.2µm
_02000_,11.2µm
_02066_,11.2µm
_02292_,11.2µm
_02376_,11.2µm
_02437_,11.2µm
_02450_,11.2µm
_02479_,11.2µm
_02489_,11.2µm
_02534_,11.2µm
_02544_,11.2µm
_02755_,11.2µm
_02768_,11.2µm
_02788_,11.2µm
_02830_,11.2µm
_03179_,11.2µm
_03676_,11.2µm
_03733_,11.2µm
_03812_,11.2µm
_03921_,11.2µm
_04049_,11.2µm
_04082_,11.2µm
_04200_,11.2µm
_04230_,11.2µm
_04234_,11.2µm
_04295_,11.2µm
_04368_,11.2µm
_04421_,11.2µm
_04627_,11.2µm
_04641_,11.2µm
_04763_,11.2µm
_04850_,11.2µm
_05077_,11.2µm
_05128_,11.2µm
_05174_,11.2µm
_05268_,11.2µm
_05407_,11.2µm
_05430_,11.2µm
_05504_,11.2µm
_05606_,11.2µm
_05653_,11.2µm
_05672_,11.2µm
_05934_,11.2µm
_05972_,11.2µm
_06058_,11.2µm
_06122_,11.2µm
_06132_,11.2µm
_06134_,11.2µm
_06293_,11.2µm
_06397_,11.2µm
_06545_,11.2µm
_06658_,11.2µm
_06726_,11.2µm
_06804_,11.2µm
_06842_,11.2µm
_06922_,11.2µm
_07018_,11.2µm
_07318_,11.2µm
_07570_,11.2µm
_07609_,11.2µm
_08231_,11.2µm
_08260_,11.2µm
_08526_,11.2µm
_08761_,11.2µm
_08835_,11.2µm
_08929_,11.2µm
_08991_,11.2µm
_09138_,11.2µm
_09201_,11.2µm
_09537_,11.2µm
_10086_,11.2µm
_10321_,11.2µm
_10341_,11.2µm
_10500_,11.2µm
_10535_,11.2µm
_10673_,11.2µm
_11092_,11.2µm
_11135_,11.2µm
_11149_,11.2µm
_11286_,11.2µm
_11334_,11.2µm
_11348_,11.2µm
_11386_,11.2µm
_11455_,11.2µm
_11679_,11.2µm
_11697_,11.2µm
_11815_,11.2µm
_11960_,11.2µm
_12065_,11.2µm
_12427_,11.2µm
_12706_,11.2µm
_12770_,11.2µm
_12983_,11.2µm
_13052_,11.2µm
_13088_,11.2µm
_13288_,11.2µm
_13665_,11.2µm
_13708_,11.2µm
_13724_,11.2µm
_13800_,11.2µm
_14055_,11.2µm
_14265_,11.2µm
_14536_,11.2µm
_14543_,11.2µm
_14712_,11.2µm
_14724_,11.2µm
_14739_,11.2µm
_14765_,11.2µm
_14952_,11.2µm
_15113_,11.2µm
_15362_,11.2µm
_15511_,11.2µm
_15632_,11.2µm
_15674_,11.2µm
_16066_,11.2µm
_16561_,11.2µm
_16565_,11.2µm
_16636_,11.2µm
_16725_,11.2µm
_16774_,11.2µm
_16846_,11.2µm
_16872_,11.2µm
_16968_,11.2µm
_17323_,11.2µm
_17339_,11.2µm
_17432_,11.2µm
_17690_,11.2µm
_17849_,11.2µm
_17853_,11.2µm
_17936_,11.2µm
_17947_,11.2µm
_18215_,11.2µm
_18358_,11.2µm
_18419_,11.2µm
_18423_,11.2µm
_18444_,11.2µm
_18480_,11.2µm
_18578_,11.2µm
_18596_,11.2µm
_18614_,11.2µm
_18637_,11.2µm
_18750_,11.2µm
_18772_,11.2µm
_18849_,11.2µm
_18911_,11.2µm
_18954_,11.2µm
_18957_,11.2µm
_19019_,11.2µm
_19112_,11.2µm
_19157_,11.2µm
_19168_,11.2µm
_19177_,11.2µm
_19210_,11.2µm
_19238_,11.2µm
_19270_,11.2µm
_19321_,11.2µm
_19331_,11.2µm
_19365_,11.2µm
_19372_,11.2µm
_19403_,11.2µm
_19421_,11.2µm
_19504_,11.2µm
_19529_,11.2µm
_19557_,11.2µm
_19830_,11.2µm
_20048_,11.2µm
_20064_,11.2µm
_20108_,11.2µm
_20154_,11.2µm
_20206_,11.2µm
_20231_,11.2µm
_20400_,11.2µm
_20414_,11.2µm
_20522_,11.2µm
_20551_,11.2µm
_20664_,11.2µm
_20904_,11.2µm
_21209_,11.2µm
_21221_,11.2µm
_21525_,11.2µm
_21546_,11.2µm
_21639_,11.2µm
_21667_,11.2µm
_22077_,11.2µm
_22152_,11.2µm
_22343_,11.2µm
_22578_,11.2µm
_22585_,11.2µm
_22786_,11.2µm
_22832_,11.2µm
_23029_,11.2µm
_23219_,11.2µm
_23452_,11.2µm
_23552_,11.2µm
_23757_,11.2µm
_23777_,11.2µm
_23809_,11.2µm
_23967_,11.2µm
_24201_,11.2µm
_24263_,11.2µm
_24351_,11.2µm
_24446_,11.2µm
_24541_,11.2µm
_24657_,11.2µm
_24766_,11.2µm
_24812_,11.2µm
_24860_,11.2µm
_25016_,11.2µm
_25262_,11.2µm
_25276_,11.2µm
_25314_,11.2µm
_25463_,11.2µm
_25601_,11.2µm
_25605_,11.2µm
_25909_,11.2µm
_26123_,11.2µm
_26128_,11.2µm
_26224_,11.2µm
_26251_,11.2µm
_26265_,11.2µm
_26474_,11.2µm
_26531_,11.2µm
_26561_,11.2µm
_26583_,11.2µm
_26632_,11.2µm
_26673_,11.2µm
_26774_,11.2µm
_26831_,11.2µm
_26857_,11.2µm
_26943_,11.2µm
_26946_,11.2µm
_27059_,11.2µm
_27165_,11.2µm
_27177_,11.2µm
_27215_,11.2µm
_27228_,11.2µm
_27479_,11.2µm
_27503_,11.2µm
_27524_,11.2µm
_27632_,11.2µm
i_core_v_mini_mcu.ao_peripheral_subsystem_i.power_manager_i.peripheral_subsystem_powergate_switch_ack_sync,11.2µm
i_core_v_mini_mcu.ao_peripheral_subsystem_i.soc_ctrl_i.soc_ctrl_reg_top_i.system_frequency_hz_qs\[11\],11.2µm
i_core_v_mini_mcu.ao_peripheral_subsystem_i.spi_subsystem_i.obi_spimemio_i.obi_to_picorv32_i.state\[0\],11.2µm
i_core_v_mini_mcu.cpu_subsystem_i.cpu_0_0.i_servile.arbiter.i_wb_cpu_dbus_adr\[11\],11.2µm
i_core_v_mini_mcu.cpu_subsystem_i.cpu_0_0.i_servile.cpu.ctrl.i_jal_or_jalr,11.2µm
i_core_v_mini_mcu.cpu_subsystem_i.cpu_0_0.rf_ram_i.memory\[114\]\[1\],11.2µm
i_core_v_mini_mcu.cpu_subsystem_i.cpu_0_0.rf_ram_i.memory\[282\]\[0\],11.2µm
i_core_v_mini_mcu.cpu_subsystem_i.cpu_0_0.rf_ram_i.memory\[309\]\[1\],11.2µm
i_core_v_mini_mcu.cpu_subsystem_i.cpu_0_0.rf_ram_i.memory\[490\]\[1\],11.2µm
i_core_v_mini_mcu.cpu_subsystem_i.cpu_0_0.rf_ram_i.memory\[551\]\[0\],11.2µm
i_core_v_mini_mcu.cpu_subsystem_i.cpu_0_0.rf_ram_i.memory\[564\]\[0\],11.2µm
i_core_v_mini_mcu.cpu_subsystem_i.cpu_1_0.rf_ram_i.memory\[250\]\[1\],11.2µm
i_core_v_mini_mcu.cpu_subsystem_i.cpu_1_0.rf_ram_i.memory\[254\]\[1\],11.2µm
i_core_v_mini_mcu.memory_subsystem_i.ram0_i.tc_ram_i.sram\[1\]\[24\],11.2µm
i_core_v_mini_mcu.memory_subsystem_i.ram0_i.tc_ram_i.sram\[27\]\[19\],11.2µm
i_core_v_mini_mcu.memory_subsystem_i.ram0_i.tc_ram_i.sram\[28\]\[2\],11.2µm
i_core_v_mini_mcu.memory_subsystem_i.ram0_i.tc_ram_i.sram\[4\]\[0\],11.2µm
i_core_v_mini_mcu.memory_subsystem_i.ram0_i.tc_ram_i.sram\[9\]\[24\],11.2µm
i_core_v_mini_mcu.memory_subsystem_i.ram0_i.tc_ram_i.sram\[9\]\[25\],11.2µm
i_core_v_mini_mcu.peripheral_subsystem_i.uart_i.uart_core.nco_sum_q\[14\],11.2µm
i_core_v_mini_mcu.peripheral_subsystem_i.uart_i.uart_core.uart_tx.bit_cnt_q\[0\],11.2µm
i_core_v_mini_mcu.cpu_subsystem_i.cpu_1_0.rf_ram_i.memory\[249\]\[0\],11.02µm
_25403_,10.97µm
i_core_v_mini_mcu.cpu_subsystem_i.cpu_0_0.rf_ram_i.memory\[549\]\[1\],10.97µm
i_core_v_mini_mcu.cpu_subsystem_i.cpu_1_0.rf_ram_i.memory\[499\]\[1\],10.97µm
_25579_,10.92µm
_25671_,10.92µm
i_core_v_mini_mcu.memory_subsystem_i.ram0_i.tc_ram_i.sram\[6\]\[2\],10.92µm
_01755_,10.79µm
_02045_,10.79µm
_06469_,10.79µm
_06519_,10.79µm
_09534_,10.79µm
_09925_,10.79µm
_13830_,10.79µm
_15917_,10.79µm
_22535_,10.79µm
_24864_,10.79µm
i_core_v_mini_mcu.memory_subsystem_i.ram0_i.tc_ram_i.sram\[23\]\[14\],10.79µm
i_core_v_mini_mcu.memory_subsystem_i.ram0_i.tc_ram_i.sram\[28\]\[27\],10.79µm
i_core_v_mini_mcu.memory_subsystem_i.ram0_i.tc_ram_i.sram\[7\]\[0\],10.79µm
i_core_v_mini_mcu.memory_subsystem_i.ram0_i.tc_ram_i.sram\[8\]\[0\],10.79µm
i_core_v_mini_mcu.peripheral_subsystem_i.uart_i.uart_core.u_uart_rxfifo.gen_normal_fifo.fifo_rptr\[2\],10.79µm
_01415_,10.74µm
_03777_,10.74µm
_04255_,10.74µm
_06055_,10.74µm
_06277_,10.74µm
_06605_,10.74µm
_06669_,10.74µm
_06807_,10.74µm
_07217_,10.74µm
_07827_,10.74µm
_08291_,10.74µm
_08462_,10.74µm
_08691_,10.74µm
_09072_,10.74µm
_09539_,10.74µm
_09903_,10.74µm
_10068_,10.74µm
_10283_,10.74µm
_10827_,10.74µm
_11277_,10.74µm
_12208_,10.74µm
_13308_,10.74µm
_13373_,10.74µm
_13389_,10.74µm
_13420_,10.74µm
_13713_,10.74µm
_15854_,10.74µm
_16177_,10.74µm
_19611_,10.74µm
_19890_,10.74µm
_20103_,10.74µm
_21662_,10.74µm
_21683_,10.74µm
_22644_,10.74µm
_23141_,10.74µm
_23522_,10.74µm
_23600_,10.74µm
_23936_,10.74µm
_24908_,10.74µm
_26795_,10.74µm
_27226_,10.74µm
_27276_,10.74µm
i_core_v_mini_mcu.ao_peripheral_subsystem_i.power_manager_i.power_manager_reg_top_i.reg2hw\[249\],10.74µm
i_core_v_mini_mcu.ao_peripheral_subsystem_i.tdu_i.active_hart_cycles_q\[27\],10.74µm
i_core_v_mini_mcu.ao_peripheral_subsystem_i.tdu_i.cpi_est_q\[46\],10.74µm
i_core_v_mini_mcu.ao_peripheral_subsystem_i.tdu_i.task_mem\[1\]\[29\],10.74µm
i_core_v_mini_mcu.cpu_subsystem_i.cpu_0_0.i_servile.cpu.decode.o_rd_op,10.74µm
i_core_v_mini_mcu.cpu_subsystem_i.cpu_0_0.i_servile.cpu.gen_align.align.ibus_rdt_concat\[8\],10.74µm
i_core_v_mini_mcu.cpu_subsystem_i.cpu_0_0.rf_ram_i.memory\[144\]\[0\],10.74µm
i_core_v_mini_mcu.cpu_subsystem_i.cpu_0_0.rf_ram_i.memory\[20\]\[1\],10.74µm
i_core_v_mini_mcu.cpu_subsystem_i.cpu_0_0.rf_ram_i.memory\[29\]\[0\],10.74µm
i_core_v_mini_mcu.cpu_subsystem_i.cpu_0_0.rf_ram_i.memory\[555\]\[0\],10.74µm
i_core_v_mini_mcu.cpu_subsystem_i.cpu_1_0.i_servile.cpu.csr_imm_en,10.74µm
i_core_v_mini_mcu.cpu_subsystem_i.cpu_1_0.i_servile.cpu.decode.o_immdec_ctrl\[1\],10.74µm
i_core_v_mini_mcu.cpu_subsystem_i.cpu_1_0.rf_ram_i.memory\[216\]\[1\],10.74µm
i_core_v_mini_mcu.cpu_subsystem_i.cpu_1_0.rf_ram_i.memory\[454\]\[1\],10.74µm
i_core_v_mini_mcu.memory_subsystem_i.ram0_i.tc_ram_i.sram\[16\]\[18\],10.74µm
i_core_v_mini_mcu.memory_subsystem_i.ram0_i.tc_ram_i.sram\[18\]\[11\],10.74µm
i_core_v_mini_mcu.memory_subsystem_i.ram0_i.tc_ram_i.sram\[21\]\[8\],10.74µm
i_core_v_mini_mcu.memory_subsystem_i.ram0_i.tc_ram_i.sram\[23\]\[21\],10.74µm
i_core_v_mini_mcu.memory_subsystem_i.ram0_i.tc_ram_i.sram\[24\]\[28\],10.74µm
i_core_v_mini_mcu.memory_subsystem_i.ram0_i.tc_ram_i.sram\[24\]\[4\],10.74µm
i_core_v_mini_mcu.memory_subsystem_i.ram0_i.tc_ram_i.sram\[31\]\[29\],10.74µm
i_core_v_mini_mcu.memory_subsystem_i.ram0_i.tc_ram_i.sram\[5\]\[14\],10.74µm
i_core_v_mini_mcu.peripheral_subsystem_i.uart_i.reg2hw\[112\],10.74µm
i_core_v_mini_mcu.peripheral_subsystem_i.uart_i.uart_core.nco_sum_q\[0\],10.74µm
_00001_,10.69µm
_00030_,10.69µm
_00092_,10.69µm
_00319_,10.69µm
_00352_,10.69µm
_00417_,10.69µm
_00584_,10.69µm
_00619_,10.69µm
_00730_,10.69µm
_00753_,10.69µm
_00963_,10.69µm
_01220_,10.69µm
_01281_,10.69µm
_01472_,10.69µm
_01548_,10.69µm
_01556_,10.69µm
_01611_,10.69µm
_01629_,10.69µm
_01697_,10.69µm
_01761_,10.69µm
_01950_,10.69µm
_02034_,10.69µm
_02058_,10.69µm
_02084_,10.69µm
_02128_,10.69µm
_02147_,10.69µm
_02288_,10.69µm
_02570_,10.69µm
_02704_,10.69µm
_02746_,10.69µm
_03275_,10.69µm
_03344_,10.69µm
_03659_,10.69µm
_03878_,10.69µm
_03896_,10.69µm
_03908_,10.69µm
_03909_,10.69µm
_03913_,10.69µm
_04083_,10.69µm
_04113_,10.69µm
_04126_,10.69µm
_04183_,10.69µm
_04188_,10.69µm
_04602_,10.69µm
_04735_,10.69µm
_04802_,10.69µm
_04822_,10.69µm
_04837_,10.69µm
_04885_,10.69µm
_04943_,10.69µm
_05063_,10.69µm
_05126_,10.69µm
_05228_,10.69µm
_05356_,10.69µm
_05648_,10.69µm
_05842_,10.69µm
_06082_,10.69µm
_06568_,10.69µm
_06988_,10.69µm
_07107_,10.69µm
_07848_,10.69µm
_08077_,10.69µm
_08086_,10.69µm
_08249_,10.69µm
_08494_,10.69µm
_08780_,10.69µm
_08811_,10.69µm
_09214_,10.69µm
_09323_,10.69µm
_09592_,10.69µm
_09655_,10.69µm
_09663_,10.69µm
_09753_,10.69µm
_10124_,10.69µm
_10221_,10.69µm
_10315_,10.69µm
_10788_,10.69µm
_10809_,10.69µm
_10857_,10.69µm
_10952_,10.69µm
_10994_,10.69µm
_11039_,10.69µm
_11087_,10.69µm
_11271_,10.69µm
_11480_,10.69µm
_11597_,10.69µm
_11628_,10.69µm
_11660_,10.69µm
_11740_,10.69µm
_11924_,10.69µm
_12019_,10.69µm
_12128_,10.69µm
_12188_,10.69µm
_12211_,10.69µm
_12412_,10.69µm
_12533_,10.69µm
_12742_,10.69µm
_13063_,10.69µm
_13129_,10.69µm
_13441_,10.69µm
_13759_,10.69µm
_13880_,10.69µm
_13903_,10.69µm
_13940_,10.69µm
_13945_,10.69µm
_14224_,10.69µm
_14401_,10.69µm
_14464_,10.69µm
_14547_,10.69µm
_14666_,10.69µm
_14864_,10.69µm
_15083_,10.69µm
_16034_,10.69µm
_16050_,10.69µm
_16189_,10.69µm
_16243_,10.69µm
_16313_,10.69µm
_16325_,10.69µm
_16336_,10.69µm
_16445_,10.69µm
_16470_,10.69µm
_16567_,10.69µm
_16727_,10.69µm
_16750_,10.69µm
_17129_,10.69µm
_17338_,10.69µm
_17681_,10.69µm
_17684_,10.69µm
_17816_,10.69µm
_18207_,10.69µm
_18220_,10.69µm
_18239_,10.69µm
_18247_,10.69µm
_18306_,10.69µm
_18445_,10.69µm
_18482_,10.69µm
_18527_,10.69µm
_18633_,10.69µm
_18654_,10.69µm
_18712_,10.69µm
_18960_,10.69µm
_18978_,10.69µm
_18993_,10.69µm
_19009_,10.69µm
_19165_,10.69µm
_19180_,10.69µm
_19326_,10.69µm
_19336_,10.69µm
_19512_,10.69µm
_19850_,10.69µm
_19859_,10.69µm
_19963_,10.69µm
_20021_,10.69µm
_20253_,10.69µm
_20323_,10.69µm
_20415_,10.69µm
_20430_,10.69µm
_20633_,10.69µm
_20724_,10.69µm
_20761_,10.69µm
_20984_,10.69µm
_21053_,10.69µm
_21071_,10.69µm
_21114_,10.69µm
_21116_,10.69µm
_21232_,10.69µm
_21347_,10.69µm
_21434_,10.69µm
_21772_,10.69µm
_21940_,10.69µm
_22163_,10.69µm
_22231_,10.69µm
_22246_,10.69µm
_22314_,10.69µm
_22448_,10.69µm
_22461_,10.69µm
_22812_,10.69µm
_22816_,10.69µm
_22963_,10.69µm
_23076_,10.69µm
_23264_,10.69µm
_23606_,10.69µm
_23630_,10.69µm
_23640_,10.69µm
_23813_,10.69µm
_23818_,10.69µm
_23988_,10.69µm
_24116_,10.69µm
_24189_,10.69µm
_24296_,10.69µm
_24375_,10.69µm
_24533_,10.69µm
_24592_,10.69µm
_24684_,10.69µm
_24693_,10.69µm
_24894_,10.69µm
_24921_,10.69µm
_24929_,10.69µm
_24995_,10.69µm
_25241_,10.69µm
_25479_,10.69µm
_25552_,10.69µm
_25603_,10.69µm
_25676_,10.69µm
_25735_,10.69µm
_25740_,10.69µm
_25859_,10.69µm
_25898_,10.69µm
_25913_,10.69µm
_26079_,10.69µm
_26154_,10.69µm
_26257_,10.69µm
_26312_,10.69µm
_26321_,10.69µm
_26328_,10.69µm
_26376_,10.69µm
_26418_,10.69µm
_26454_,10.69µm
_26525_,10.69µm
_26707_,10.69µm
_26717_,10.69µm
_26966_,10.69µm
_27090_,10.69µm
_27245_,10.69µm
_27265_,10.69µm
_27562_,10.69µm
_27598_,10.69µm
i_core_v_mini_mcu.ao_peripheral_subsystem_i.mosaic_clint_i.mtimecmp_q\[21\],10.69µm
i_core_v_mini_mcu.ao_peripheral_subsystem_i.obi_fifo_i.consumer_data_req_q\[53\],10.69µm
i_core_v_mini_mcu.ao_peripheral_subsystem_i.power_manager_i.power_manager_reg_top_i.cpu_iso_on_counter_qs\[4\],10.69µm
i_core_v_mini_mcu.ao_peripheral_subsystem_i.power_manager_i.power_manager_reg_top_i.cpu_switch_on_counter_qs\[15\],10.69µm
i_core_v_mini_mcu.ao_peripheral_subsystem_i.tdu_i.rd_ptr_q\[2\],10.69µm
i_core_v_mini_mcu.ao_peripheral_subsystem_i.tdu_i.task_mem\[1\]\[16\],10.69µm
i_core_v_mini_mcu.cpu_subsystem_i.cpu_0_0.i_servile.rf_ram_if.wdata1_r\[1\],10.69µm
i_core_v_mini_mcu.cpu_subsystem_i.cpu_0_0.rf_ram_i.memory\[175\]\[0\],10.69µm
i_core_v_mini_mcu.cpu_subsystem_i.cpu_0_0.rf_ram_i.memory\[472\]\[0\],10.69µm
i_core_v_mini_mcu.cpu_subsystem_i.cpu_0_0.rf_ram_i.memory\[514\]\[1\],10.69µm
i_core_v_mini_mcu.cpu_subsystem_i.cpu_0_0.rf_ram_i.memory\[567\]\[1\],10.69µm
i_core_v_mini_mcu.cpu_subsystem_i.cpu_1_0.rf_ram_i.memory\[311\]\[1\],10.69µm
i_core_v_mini_mcu.cpu_subsystem_i.cpu_1_0.rf_ram_i.memory\[486\]\[1\],10.69µm
i_core_v_mini_mcu.cpu_subsystem_i.cpu_1_0.rf_ram_i.memory\[506\]\[1\],10.69µm
i_core_v_mini_mcu.memory_subsystem_i.ram0_i.tc_ram_i.sram\[12\]\[18\],10.69µm
i_core_v_mini_mcu.memory_subsystem_i.ram0_i.tc_ram_i.sram\[13\]\[15\],10.69µm
i_core_v_mini_mcu.memory_subsystem_i.ram0_i.tc_ram_i.sram\[26\]\[27\],10.69µm
i_core_v_mini_mcu.memory_subsystem_i.ram0_i.tc_ram_i.sram\[28\]\[17\],10.69µm
i_core_v_mini_mcu.memory_subsystem_i.ram0_i.tc_ram_i.sram\[2\]\[0\],10.69µm
i_core_v_mini_mcu.memory_subsystem_i.ram0_i.tc_ram_i.sram\[2\]\[1\],10.69µm
i_core_v_mini_mcu.memory_subsystem_i.ram0_i.tc_ram_i.sram\[2\]\[23\],10.69µm
i_core_v_mini_mcu.memory_subsystem_i.ram0_i.tc_ram_i.sram\[2\]\[31\],10.69µm
i_core_v_mini_mcu.memory_subsystem_i.ram0_i.tc_ram_i.sram\[31\]\[2\],10.69µm
i_core_v_mini_mcu.peripheral_subsystem_i.obi_fifo_i.consumer_data_req_q\[25\],10.69µm
i_core_v_mini_mcu.peripheral_subsystem_i.uart_i.uart_core.u_uart_rxfifo.gen_normal_fifo.storage\[18\],10.69µm
i_core_v_mini_mcu.peripheral_subsystem_i.uart_i.uart_core.u_uart_rxfifo.gen_normal_fifo.storage\[22\],10.69µm
_00020_,10.64µm
_00077_,10.64µm
_00171_,10.64µm
_00241_,10.64µm
_00246_,10.64µm
_00336_,10.64µm
_00349_,10.64µm
_00476_,10.64µm
_00507_,10.64µm
_00510_,10.64µm
_00569_,10.64µm
_00573_,10.64µm
_00742_,10.64µm
_00784_,10.64µm
_00898_,10.64µm
_01018_,10.64µm
_01097_,10.64µm
_01153_,10.64µm
_01176_,10.64µm
_01177_,10.64µm
_01183_,10.64µm
_01435_,10.64µm
_01522_,10.64µm
_01589_,10.64µm
_01612_,10.64µm
_01770_,10.64µm
_01887_,10.64µm
_01888_,10.64µm
_01939_,10.64µm
_01946_,10.64µm
_02002_,10.64µm
_02115_,10.64µm
_02187_,10.64µm
_02270_,10.64µm
_02391_,10.64µm
_02729_,10.64µm
_02733_,10.64µm
_02911_,10.64µm
_02987_,10.64µm
_03204_,10.64µm
_03215_,10.64µm
_03252_,10.64µm
_03382_,10.64µm
_03396_,10.64µm
_03409_,10.64µm
_03564_,10.64µm
_03598_,10.64µm
_03633_,10.64µm
_03649_,10.64µm
_03732_,10.64µm
_03758_,10.64µm
_03829_,10.64µm
_03836_,10.64µm
_03948_,10.64µm
_03982_,10.64µm
_04014_,10.64µm
_04278_,10.64µm
_04441_,10.64µm
_04502_,10.64µm
_04618_,10.64µm
_04832_,10.64µm
_04912_,10.64µm
_04989_,10.64µm
_05007_,10.64µm
_05088_,10.64µm
_05350_,10.64µm
_05574_,10.64µm
_05923_,10.64µm
_06087_,10.64µm
_06094_,10.64µm
_06126_,10.64µm
_06667_,10.64µm
_06766_,10.64µm
_06780_,10.64µm
_07156_,10.64µm
_07305_,10.64µm
_07701_,10.64µm
_07806_,10.64µm
_07807_,10.64µm
_07981_,10.64µm
_08052_,10.64µm
_08178_,10.64µm
_08395_,10.64µm
_08935_,10.64µm
_08959_,10.64µm
_09013_,10.64µm
_09092_,10.64µm
_09480_,10.64µm
_09660_,10.64µm
_09699_,10.64µm
_09731_,10.64µm
_09895_,10.64µm
_10002_,10.64µm
_10064_,10.64µm
_10401_,10.64µm
_10612_,10.64µm
_10619_,10.64µm
_10626_,10.64µm
_10641_,10.64µm
_10675_,10.64µm
_10858_,10.64µm
_11004_,10.64µm
_11238_,10.64µm
_11274_,10.64µm
_11508_,10.64µm
_11850_,10.64µm
_11886_,10.64µm
_11938_,10.64µm
_12553_,10.64µm
_12975_,10.64µm
_13216_,10.64µm
_13239_,10.64µm
_13343_,10.64µm
_13616_,10.64µm
_13772_,10.64µm
_13794_,10.64µm
_13859_,10.64µm
_13897_,10.64µm
_14021_,10.64µm
_14033_,10.64µm
_14037_,10.64µm
_14145_,10.64µm
_14606_,10.64µm
_14768_,10.64µm
_14827_,10.64µm
_15071_,10.64µm
_15227_,10.64µm
_15251_,10.64µm
_15393_,10.64µm
_15476_,10.64µm
_15482_,10.64µm
_15660_,10.64µm
_15747_,10.64µm
_15877_,10.64µm
_16127_,10.64µm
_16409_,10.64µm
_16541_,10.64µm
_16592_,10.64µm
_16617_,10.64µm
_16619_,10.64µm
_16693_,10.64µm
_16702_,10.64µm
_16708_,10.64µm
_16801_,10.64µm
_16867_,10.64µm
_17273_,10.64µm
_17348_,10.64µm
_17378_,10.64µm
_17759_,10.64µm
_17907_,10.64µm
_17931_,10.64µm
_17974_,10.64µm
_17984_,10.64µm
_18148_,10.64µm
_18253_,10.64µm
_18427_,10.64µm
_18435_,10.64µm
_18462_,10.64µm
_18588_,10.64µm
_18612_,10.64µm
_18668_,10.64µm
_18687_,10.64µm
_18746_,10.64µm
_18762_,10.64µm
_18836_,10.64µm
_18855_,10.64µm
_18869_,10.64µm
_18880_,10.64µm
_18899_,10.64µm
_18900_,10.64µm
_18923_,10.64µm
_18968_,10.64µm
_18969_,10.64µm
_18973_,10.64µm
_18974_,10.64µm
_19050_,10.64µm
_19104_,10.64µm
_19119_,10.64µm
_19179_,10.64µm
_19195_,10.64µm
_19225_,10.64µm
_19226_,10.64µm
_19229_,10.64µm
_19307_,10.64µm
_19399_,10.64µm
_19400_,10.64µm
_19402_,10.64µm
_19454_,10.64µm
_19590_,10.64µm
_19604_,10.64µm
_19682_,10.64µm
_19801_,10.64µm
_19845_,10.64µm
_19983_,10.64µm
_19995_,10.64µm
_20082_,10.64µm
_20132_,10.64µm
_20133_,10.64µm
_20145_,10.64µm
_20156_,10.64µm
_20208_,10.64µm
_20900_,10.64µm
_20979_,10.64µm
_21017_,10.64µm
_21143_,10.64µm
_21369_,10.64µm
_21564_,10.64µm
_21623_,10.64µm
_21807_,10.64µm
_21866_,10.64µm
_21884_,10.64µm
_22224_,10.64µm
_22291_,10.64µm
_22332_,10.64µm
_22421_,10.64µm
_22558_,10.64µm
_22563_,10.64µm
_22573_,10.64µm
_22691_,10.64µm
_22708_,10.64µm
_22820_,10.64µm
_22975_,10.64µm
_23162_,10.64µm
_23262_,10.64µm
_23275_,10.64µm
_23365_,10.64µm
_23403_,10.64µm
_23477_,10.64µm
_23620_,10.64µm
_23678_,10.64µm
_23958_,10.64µm
_24032_,10.64µm
_24084_,10.64µm
_24109_,10.64µm
_24404_,10.64µm
_24687_,10.64µm
_24761_,10.64µm
_24900_,10.64µm
_25050_,10.64µm
_25052_,10.64µm
_25094_,10.64µm
_25574_,10.64µm
_25575_,10.64µm
_25576_,10.64µm
_25937_,10.64µm
_25976_,10.64µm
_26110_,10.64µm
_26412_,10.64µm
_26415_,10.64µm
_26426_,10.64µm
_26549_,10.64µm
_26585_,10.64µm
_26594_,10.64µm
_26607_,10.64µm
_26843_,10.64µm
_26883_,10.64µm
_26894_,10.64µm
_27019_,10.64µm
_27071_,10.64µm
_27076_,10.64µm
_27099_,10.64µm
_27106_,10.64µm
_27112_,10.64µm
_27232_,10.64µm
_27486_,10.64µm
i_core_v_mini_mcu.ao_peripheral_subsystem_i.obi_fifo_i.consumer_data_req_q\[37\],10.64µm
i_core_v_mini_mcu.ao_peripheral_subsystem_i.obi_fifo_i.consumer_resp_i\[20\],10.64µm
i_core_v_mini_mcu.ao_peripheral_subsystem_i.power_manager_i.power_manager_reg_top_i.power_gate_core_ack_qs,10.64µm
i_core_v_mini_mcu.ao_peripheral_subsystem_i.power_manager_i.power_manager_reg_top_i.u_intr_state.wr_data\[28\],10.64µm
i_core_v_mini_mcu.ao_peripheral_subsystem_i.power_manager_i.power_manager_sequence_periph_reset_i.sequence_curr_state\[2\],10.64µm
i_core_v_mini_mcu.ao_peripheral_subsystem_i.soc_ctrl_i.reg2hw\[12\],10.64µm
i_core_v_mini_mcu.ao_peripheral_subsystem_i.spi_subsystem_i.obi_spimemio_i.spimemio_i.dout_data\[6\],10.64µm
i_core_v_mini_mcu.ao_peripheral_subsystem_i.spi_subsystem_i.obi_spimemio_i.spimemio_i.xfer.obuffer\[4\],10.64µm
i_core_v_mini_mcu.ao_peripheral_subsystem_i.tdu_i.active_hart_cycles_q\[17\],10.64µm
i_core_v_mini_mcu.ao_peripheral_subsystem_i.tdu_i.task_mem\[7\]\[22\],10.64µm
i_core_v_mini_mcu.cpu_subsystem_i.cpu_0_0.rf_ram_i.memory\[166\]\[0\],10.64µm
i_core_v_mini_mcu.cpu_subsystem_i.cpu_0_0.rf_ram_i.memory\[207\]\[0\],10.64µm
i_core_v_mini_mcu.cpu_subsystem_i.cpu_0_0.rf_ram_i.memory\[333\]\[1\],10.64µm
i_core_v_mini_mcu.cpu_subsystem_i.cpu_0_0.rf_ram_i.memory\[521\]\[1\],10.64µm
i_core_v_mini_mcu.cpu_subsystem_i.cpu_1_0.rf_ram_i.memory\[283\]\[0\],10.64µm
i_core_v_mini_mcu.memory_subsystem_i.ram0_i.tc_ram_i.sram\[15\]\[9\],10.64µm
i_core_v_mini_mcu.memory_subsystem_i.ram0_i.tc_ram_i.sram\[1\]\[5\],10.64µm
i_core_v_mini_mcu.memory_subsystem_i.ram0_i.tc_ram_i.sram\[28\]\[13\],10.64µm
i_core_v_mini_mcu.memory_subsystem_i.ram0_i.tc_ram_i.sram\[30\]\[31\],10.64µm
i_core_v_mini_mcu.memory_subsystem_i.ram0_i.tc_ram_i.sram\[6\]\[22\],10.64µm
i_core_v_mini_mcu.memory_subsystem_i.ram0_i.tc_ram_i.sram\[8\]\[6\],10.64µm
i_core_v_mini_mcu.peripheral_subsystem_i.uart_i.uart_core.nco_sum_q\[5\],10.64µm
i_core_v_mini_mcu.peripheral_subsystem_i.uart_i.uart_core.uart_tx.baud_div_q\[1\],10.64µm
i_core_v_mini_mcu.memory_subsystem_i.ram0_i.tc_ram_i.sram\[23\]\[18\],10.46µm
i_core_v_mini_mcu.memory_subsystem_i.ram0_i.tc_ram_i.sram\[7\]\[21\],10.41µm
_07902_,10.36µm
_05565_,10.28µm
_02040_,10.23µm
_09043_,10.23µm
_21659_,10.23µm
_21817_,10.23µm
_22529_,10.23µm
_22965_,10.23µm
i_core_v_mini_mcu.ao_peripheral_subsystem_i.tdu_i.cpi_est_q\[24\],10.23µm
i_core_v_mini_mcu.cpu_subsystem_i.cpu_0_0.rf_ram_i.memory\[258\]\[1\],10.23µm
i_core_v_mini_mcu.cpu_subsystem_i.cpu_1_0.rf_ram_i.memory\[308\]\[1\],10.23µm
i_core_v_mini_mcu.cpu_subsystem_i.cpu_1_0.rf_ram_i.memory\[455\]\[0\],10.23µm
i_core_v_mini_mcu.memory_subsystem_i.ram0_i.tc_ram_i.sram\[21\]\[17\],10.23µm
i_core_v_mini_mcu.memory_subsystem_i.ram0_i.tc_ram_i.sram\[26\]\[20\],10.23µm
i_core_v_mini_mcu.memory_subsystem_i.ram0_i.tc_ram_i.sram\[26\]\[24\],10.23µm
i_core_v_mini_mcu.memory_subsystem_i.ram0_i.tc_ram_i.sram\[28\]\[0\],10.23µm
i_core_v_mini_mcu.memory_subsystem_i.ram0_i.tc_ram_i.sram\[5\]\[27\],10.23µm
i_core_v_mini_mcu.memory_subsystem_i.ram0_i.tc_ram_i.sram\[5\]\[3\],10.23µm
_00612_,10.18µm
_01669_,10.18µm
_02527_,10.18µm
_03442_,10.18µm
_05317_,10.18µm
_05485_,10.18µm
_05609_,10.18µm
_05896_,10.18µm
_06289_,10.18µm
_06355_,10.18µm
_06461_,10.18µm
_06666_,10.18µm
_07139_,10.18µm
_07773_,10.18µm
_07825_,10.18µm
_08360_,10.18µm
_08644_,10.18µm
_08978_,10.18µm
_09112_,10.18µm
_09455_,10.18µm
_11023_,10.18µm
_11715_,10.18µm
_11871_,10.18µm
_12500_,10.18µm
_12889_,10.18µm
_14404_,10.18µm
_14517_,10.18µm
_14573_,10.18µm
_16342_,10.18µm
_17230_,10.18µm
_17256_,10.18µm
_17944_,10.18µm
_18161_,10.18µm
_18379_,10.18µm
_18528_,10.18µm
_18725_,10.18µm
_19655_,10.18µm
_19690_,10.18µm
_19766_,10.18µm
_20049_,10.18µm
_20305_,10.18µm
_20421_,10.18µm
_20792_,10.18µm
_20899_,10.18µm
_21168_,10.18µm
_21355_,10.18µm
_21672_,10.18µm
_21989_,10.18µm
_22406_,10.18µm
_22652_,10.18µm
_23463_,10.18µm
_23550_,10.18µm
_23858_,10.18µm
_23970_,10.18µm
_24094_,10.18µm
_24635_,10.18µm
_27081_,10.18µm
_27500_,10.18µm
i_core_v_mini_mcu.ao_peripheral_subsystem_i.power_manager_i.power_manager_reg_top_i.ram_0_switch_qs,10.18µm
i_core_v_mini_mcu.ao_peripheral_subsystem_i.spi_subsystem_i.obi_spimemio_i.obi_to_picorv32_i.obi_resp_o\[12\],10.18µm
i_core_v_mini_mcu.ao_peripheral_subsystem_i.tdu_i.cpi_est_q\[62\],10.18µm
i_core_v_mini_mcu.ao_peripheral_subsystem_i.tdu_i.task_mem\[3\]\[20\],10.18µm
i_core_v_mini_mcu.cpu_subsystem_i.cpu_0_0.i_servile.cpu.state.ibus_cyc,10.18µm
i_core_v_mini_mcu.cpu_subsystem_i.cpu_0_0.rf_ram_i.memory\[332\]\[1\],10.18µm
i_core_v_mini_mcu.cpu_subsystem_i.cpu_0_0.rf_ram_i.memory\[448\]\[0\],10.18µm
i_core_v_mini_mcu.cpu_subsystem_i.cpu_0_0.rf_ram_i.memory\[471\]\[1\],10.18µm
i_core_v_mini_mcu.cpu_subsystem_i.cpu_1_0.rf_ram_i.memory\[179\]\[0\],10.18µm
i_core_v_mini_mcu.memory_subsystem_i.ram0_i.tc_ram_i.sram\[17\]\[0\],10.18µm
i_core_v_mini_mcu.memory_subsystem_i.ram0_i.tc_ram_i.sram\[17\]\[9\],10.18µm
i_core_v_mini_mcu.memory_subsystem_i.ram0_i.tc_ram_i.sram\[18\]\[8\],10.18µm
i_core_v_mini_mcu.memory_subsystem_i.ram0_i.tc_ram_i.sram\[19\]\[27\],10.18µm
i_core_v_mini_mcu.memory_subsystem_i.ram0_i.tc_ram_i.sram\[22\]\[24\],10.18µm
i_core_v_mini_mcu.memory_subsystem_i.ram0_i.tc_ram_i.sram\[22\]\[30\],10.18µm
i_core_v_mini_mcu.memory_subsystem_i.ram0_i.tc_ram_i.sram\[26\]\[28\],10.18µm
i_core_v_mini_mcu.memory_subsystem_i.ram0_i.tc_ram_i.sram\[30\]\[9\],10.18µm
i_core_v_mini_mcu.memory_subsystem_i.ram0_i.tc_ram_i.sram\[3\]\[12\],10.18µm
i_core_v_mini_mcu.memory_subsystem_i.ram0_i.tc_ram_i.sram\[3\]\[6\],10.18µm
i_core_v_mini_mcu.memory_subsystem_i.ram0_i.tc_ram_i.sram\[5\]\[15\],10.18µm
i_core_v_mini_mcu.memory_subsystem_i.ram0_i.tc_ram_i.sram\[9\]\[19\],10.18µm
i_core_v_mini_mcu.peripheral_subsystem_i.uart_i.uart_core.u_uart_txfifo.gen_normal_fifo.storage\[1\],10.18µm
i_core_v_mini_mcu.peripheral_subsystem_i.uart_i.uart_core.uart_rx.sreg_q\[3\],10.18µm
_00018_,10.13µm
_00035_,10.13µm
_00055_,10.13µm
_00059_,10.13µm
_00180_,10.13µm
_00477_,10.13µm
_00556_,10.13µm
_00705_,10.13µm
_00868_,10.13µm
_00936_,10.13µm
_00983_,10.13µm
_01037_,10.13µm
_01103_,10.13µm
_01132_,10.13µm
_01255_,10.13µm
_01261_,10.13µm
_01376_,10.13µm
_01455_,10.13µm
_01468_,10.13µm
_01475_,10.13µm
_01564_,10.13µm
_01602_,10.13µm
_01802_,10.13µm
_01804_,10.13µm
_01873_,10.13µm
_02022_,10.13µm
_02030_,10.13µm
_02054_,10.13µm
_02127_,10.13µm
_02446_,10.13µm
_02472_,10.13µm
_02504_,10.13µm
_02588_,10.13µm
_02606_,10.13µm
_02607_,10.13µm
_02641_,10.13µm
_02718_,10.13µm
_02747_,10.13µm
_02795_,10.13µm
_02898_,10.13µm
_03137_,10.13µm
_03727_,10.13µm
_03753_,10.13µm
_03834_,10.13µm
_03842_,10.13µm
_04068_,10.13µm
_04074_,10.13µm
_04153_,10.13µm
_04222_,10.13µm
_04224_,10.13µm
_04226_,10.13µm
_04267_,10.13µm
_04330_,10.13µm
_04331_,10.13µm
_04352_,10.13µm
_04398_,10.13µm
_04428_,10.13µm
_04515_,10.13µm
_04544_,10.13µm
_04554_,10.13µm
_04610_,10.13µm
_04775_,10.13µm
_04783_,10.13µm
_04849_,10.13µm
_04881_,10.13µm
_04920_,10.13µm
_05061_,10.13µm
_05134_,10.13µm
_05155_,10.13µm
_05301_,10.13µm
_05476_,10.13µm
_05588_,10.13µm
_05717_,10.13µm
_05763_,10.13µm
_05891_,10.13µm
_05981_,10.13µm
_06050_,10.13µm
_06124_,10.13µm
_06434_,10.13µm
_06965_,10.13µm
_07441_,10.13µm
_07462_,10.13µm
_07705_,10.13µm
_07924_,10.13µm
_08117_,10.13µm
_08387_,10.13µm
_08542_,10.13µm
_08548_,10.13µm
_08848_,10.13µm
_08881_,10.13µm
_09048_,10.13µm
_09140_,10.13µm
_09192_,10.13µm
_09418_,10.13µm
_09486_,10.13µm
_09734_,10.13µm
_09929_,10.13µm
_10207_,10.13µm
_10633_,10.13µm
_10820_,10.13µm
_11014_,10.13µm
_11172_,10.13µm
_11243_,10.13µm
_11293_,10.13µm
_11403_,10.13µm
_11479_,10.13µm
_11539_,10.13µm
_11711_,10.13µm
_11716_,10.13µm
_11727_,10.13µm
_11744_,10.13µm
_11811_,10.13µm
_11967_,10.13µm
_12053_,10.13µm
_12138_,10.13µm
_12265_,10.13µm
_12545_,10.13µm
_12577_,10.13µm
_12699_,10.13µm
_12717_,10.13µm
_12814_,10.13µm
_12864_,10.13µm
_13010_,10.13µm
_13057_,10.13µm
_13105_,10.13µm
_13324_,10.13µm
_13399_,10.13µm
_13449_,10.13µm
_13490_,10.13µm
_13795_,10.13µm
_13798_,10.13µm
_13928_,10.13µm
_13984_,10.13µm
_14008_,10.13µm
_14038_,10.13µm
_14232_,10.13µm
_14281_,10.13µm
_14472_,10.13µm
_14559_,10.13µm
_15119_,10.13µm
_15455_,10.13µm
_15506_,10.13µm
_15642_,10.13µm
_15671_,10.13µm
_16372_,10.13µm
_16386_,10.13µm
_16525_,10.13µm
_16843_,10.13µm
_16961_,10.13µm
_17092_,10.13µm
_17174_,10.13µm
_17219_,10.13µm
_17390_,10.13µm
_17505_,10.13µm
_17782_,10.13µm
_17910_,10.13µm
_18075_,10.13µm
_18255_,10.13µm
_18366_,10.13µm
_18488_,10.13µm
_18691_,10.13µm
_18727_,10.13µm
_18868_,10.13µm
_18870_,10.13µm
_18970_,10.13µm
_18983_,10.13µm
_19045_,10.13µm
_19101_,10.13µm
_19145_,10.13µm
_19154_,10.13µm
_19221_,10.13µm
_19248_,10.13µm
_19316_,10.13µm
_19342_,10.13µm
_19386_,10.13µm
_19394_,10.13µm
_19452_,10.13µm
_19501_,10.13µm
_19545_,10.13µm
_20084_,10.13µm
_20161_,10.13µm
_20427_,10.13µm
_20434_,10.13µm
_20472_,10.13µm
_20652_,10.13µm
_20913_,10.13µm
_21098_,10.13µm
_21177_,10.13µm
_21461_,10.13µm
_21684_,10.13µm
_21709_,10.13µm
_21921_,10.13µm
_22013_,10.13µm
_22092_,10.13µm
_22229_,10.13µm
_22258_,10.13µm
_22265_,10.13µm
_22271_,10.13µm
_22398_,10.13µm
_22463_,10.13µm
_22471_,10.13µm
_22550_,10.13µm
_22685_,10.13µm
_22888_,10.13µm
_23094_,10.13µm
_23266_,10.13µm
_23283_,10.13µm
_23517_,10.13µm
_23724_,10.13µm
_23727_,10.13µm
_23776_,10.13µm
_24056_,10.13µm
_24095_,10.13µm
_24124_,10.13µm
_24240_,10.13µm
_24382_,10.13µm
_24572_,10.13µm
_24871_,10.13µm
_24971_,10.13µm
_24993_,10.13µm
_25000_,10.13µm
_25021_,10.13µm
_25079_,10.13µm
_25119_,10.13µm
_25161_,10.13µm
_25195_,10.13µm
_25362_,10.13µm
_25511_,10.13µm
_25690_,10.13µm
_25849_,10.13µm
_25918_,10.13µm
_25978_,10.13µm
_26009_,10.13µm
_26120_,10.13µm
_26176_,10.13µm
_26287_,10.13µm
_26309_,10.13µm
_26463_,10.13µm
_26552_,10.13µm
_26736_,10.13µm
_26741_,10.13µm
_26806_,10.13µm
_26809_,10.13µm
_26839_,10.13µm
_26913_,10.13µm
_26930_,10.13µm
_27030_,10.13µm
_27124_,10.13µm
_27447_,10.13µm
_27465_,10.13µm
_27602_,10.13µm
_27649_,10.13µm
_27699_,10.13µm
i_core_v_mini_mcu.ao_peripheral_subsystem_i.power_manager_i.power_manager_reg_top_i.cpu_iso_on_counter_qs\[7\],10.13µm
i_core_v_mini_mcu.ao_peripheral_subsystem_i.power_manager_i.power_manager_reg_top_i.reg2hw\[235\],10.13µm
i_core_v_mini_mcu.ao_peripheral_subsystem_i.spi_subsystem_i.obi_spimemio_i.obi_to_picorv32_i.picorv32_resp_i\[30\],10.13µm
i_core_v_mini_mcu.ao_peripheral_subsystem_i.tdu_i.cpi_est_q\[26\],10.13µm
i_core_v_mini_mcu.cpu_subsystem_i.cpu_0_0.i_servile.cpu.immdec.gen_immdec_w_eq_1.imm30_25\[0\],10.13µm
i_core_v_mini_mcu.cpu_subsystem_i.cpu_0_0.i_servile.rf_ram_if.wen1_r,10.13µm
i_core_v_mini_mcu.cpu_subsystem_i.cpu_0_0.rf_ram_i.memory\[291\]\[1\],10.13µm
i_core_v_mini_mcu.cpu_subsystem_i.cpu_1_0.rf_ram_i.memory\[252\]\[0\],10.13µm
i_core_v_mini_mcu.cpu_subsystem_i.cpu_1_0.rf_ram_i.memory\[485\]\[1\],10.13µm
i_core_v_mini_mcu.cpu_subsystem_i.cpu_1_0.rf_ram_i.memory\[5\]\[0\],10.13µm
i_core_v_mini_mcu.memory_subsystem_i.ram0_i.tc_ram_i.sram\[0\]\[0\],10.13µm
i_core_v_mini_mcu.memory_subsystem_i.ram0_i.tc_ram_i.sram\[15\]\[13\],10.13µm
i_core_v_mini_mcu.memory_subsystem_i.ram0_i.tc_ram_i.sram\[3\]\[2\],10.13µm
i_core_v_mini_mcu.peripheral_subsystem_i.obi_fifo_i.consumer_data_req_q\[36\],10.13µm
i_core_v_mini_mcu.peripheral_subsystem_i.uart_i.uart_core.u_uart_txfifo.gen_normal_fifo.storage\[9\],10.13µm
_00074_,10.08µm
_00183_,10.08µm
_00391_,10.08µm
_00437_,10.08µm
_00526_,10.08µm
_00547_,10.08µm
_00617_,10.08µm
_00671_,10.08µm
_00812_,10.08µm
_00822_,10.08µm
_01015_,10.08µm
_01023_,10.08µm
_01352_,10.08µm
_01356_,10.08µm
_01530_,10.08µm
_01554_,10.08µm
_01580_,10.08µm
_01899_,10.08µm
_02088_,10.08µm
_02387_,10.08µm
_02457_,10.08µm
_02486_,10.08µm
_02487_,10.08µm
_02740_,10.08µm
_02807_,10.08µm
_02828_,10.08µm
_02836_,10.08µm
_02854_,10.08µm
_02879_,10.08µm
_02963_,10.08µm
_02984_,10.08µm
_03000_,10.08µm
_03005_,10.08µm
_03033_,10.08µm
_03149_,10.08µm
_03551_,10.08µm
_03562_,10.08µm
_03724_,10.08µm
_03804_,10.08µm
_03835_,10.08µm
_04112_,10.08µm
_04317_,10.08µm
_04609_,10.08µm
_04622_,10.08µm
_04686_,10.08µm
_04688_,10.08µm
_04774_,10.08µm
_04836_,10.08µm
_04847_,10.08µm
_04892_,10.08µm
_05080_,10.08µm
_05199_,10.08µm
_05226_,10.08µm
_05321_,10.08µm
_05734_,10.08µm
_05971_,10.08µm
_06207_,10.08µm
_06239_,10.08µm
_06303_,10.08µm
_06322_,10.08µm
_06395_,10.08µm
_06539_,10.08µm
_07123_,10.08µm
_07269_,10.08µm
_07450_,10.08µm
_07519_,10.08µm
_07591_,10.08µm
_07669_,10.08µm
_07677_,10.08µm
_07741_,10.08µm
_07762_,10.08µm
_07770_,10.08µm
_07879_,10.08µm
_07899_,10.08µm
_07964_,10.08µm
_08246_,10.08µm
_08375_,10.08µm
_08437_,10.08µm
_08443_,10.08µm
_08446_,10.08µm
_08470_,10.08µm
_08482_,10.08µm
_08690_,10.08µm
_08700_,10.08µm
_08821_,10.08µm
_09536_,10.08µm
_09666_,10.08µm
_09766_,10.08µm
_09863_,10.08µm
_10216_,10.08µm
_10323_,10.08µm
_10549_,10.08µm
_10781_,10.08µm
_10835_,10.08µm
_10841_,10.08µm
_11064_,10.08µm
_11203_,10.08µm
_11288_,10.08µm
_11325_,10.08µm
_11338_,10.08µm
_11410_,10.08µm
_11525_,10.08µm
_11621_,10.08µm
_11665_,10.08µm
_11760_,10.08µm
_11885_,10.08µm
_11950_,10.08µm
_11955_,10.08µm
_12069_,10.08µm
_12165_,10.08µm
_12377_,10.08µm
_12379_,10.08µm
_12505_,10.08µm
_12609_,10.08µm
_12613_,10.08µm
_12915_,10.08µm
_13071_,10.08µm
_13155_,10.08µm
_13242_,10.08µm
_13342_,10.08µm
_13357_,10.08µm
_13369_,10.08µm
_13435_,10.08µm
_13474_,10.08µm
_13674_,10.08µm
_13716_,10.08µm
_13863_,10.08µm
_13877_,10.08µm
_13946_,10.08µm
_13996_,10.08µm
_14083_,10.08µm
_14394_,10.08µm
_14814_,10.08µm
_14820_,10.08µm
_15037_,10.08µm
_15077_,10.08µm
_15144_,10.08µm
_15194_,10.08µm
_15316_,10.08µm
_15791_,10.08µm
_15928_,10.08µm
_15966_,10.08µm
_16042_,10.08µm
_16316_,10.08µm
_16515_,10.08µm
_16882_,10.08µm
_16938_,10.08µm
_17109_,10.08µm
_17218_,10.08µm
_17221_,10.08µm
_17779_,10.08µm
_18085_,10.08µm
_18164_,10.08µm
_18257_,10.08µm
_18339_,10.08µm
_18565_,10.08µm
_18689_,10.08µm
_18771_,10.08µm
_18846_,10.08µm
_18925_,10.08µm
_19117_,10.08µm
_19152_,10.08µm
_19153_,10.08µm
_19310_,10.08µm
_19444_,10.08µm
_19496_,10.08µm
_19509_,10.08µm
_19514_,10.08µm
_19653_,10.08µm
_19734_,10.08µm
_20010_,10.08µm
_20248_,10.08µm
_20298_,10.08µm
_20361_,10.08µm
_20496_,10.08µm
_20515_,10.08µm
_20651_,10.08µm
_20694_,10.08µm
_20801_,10.08µm
_20964_,10.08µm
_21145_,10.08µm
_21552_,10.08µm
_21557_,10.08µm
_21678_,10.08µm
_21718_,10.08µm
_21980_,10.08µm
_22112_,10.08µm
_22285_,10.08µm
_22354_,10.08µm
_22428_,10.08µm
_22445_,10.08µm
_22615_,10.08µm
_22668_,10.08µm
_22676_,10.08µm
_22770_,10.08µm
_22949_,10.08µm
_23086_,10.08µm
_23244_,10.08µm
_23291_,10.08µm
_23309_,10.08µm
_23355_,10.08µm
_23437_,10.08µm
_23540_,10.08µm
_23589_,10.08µm
_23740_,10.08µm
_23821_,10.08µm
_23895_,10.08µm
_23898_,10.08µm
_24159_,10.08µm
_24175_,10.08µm
_24378_,10.08µm
_24537_,10.08µm
_24590_,10.08µm
_24654_,10.08µm
_24679_,10.08µm
_24698_,10.08µm
_24727_,10.08µm
_24998_,10.08µm
_25036_,10.08µm
_25072_,10.08µm
_25175_,10.08µm
_25808_,10.08µm
_25839_,10.08µm
_25853_,10.08µm
_25875_,10.08µm
_25903_,10.08µm
_25920_,10.08µm
_25929_,10.08µm
_26361_,10.08µm
_26401_,10.08µm
_26411_,10.08µm
_26422_,10.08µm
_26543_,10.08µm
_26564_,10.08µm
_26681_,10.08µm
_26836_,10.08µm
_26863_,10.08µm
_27102_,10.08µm
_27332_,10.08µm
_27335_,10.08µm
i_core_v_mini_mcu.ao_peripheral_subsystem_i.soc_ctrl_i.soc_ctrl_reg_top_i.system_frequency_hz_qs\[20\],10.08µm
i_core_v_mini_mcu.ao_peripheral_subsystem_i.spi_subsystem_i.obi_spimemio_i.obi_to_picorv32_i.obi_resp_o\[30\],10.08µm
i_core_v_mini_mcu.cpu_subsystem_i.cpu_0_0.rf_ram_i.memory\[155\]\[0\],10.08µm
i_core_v_mini_mcu.cpu_subsystem_i.cpu_0_0.rf_ram_i.memory\[518\]\[1\],10.08µm
i_core_v_mini_mcu.cpu_subsystem_i.cpu_0_0.rf_ram_i.memory\[553\]\[0\],10.08µm
i_core_v_mini_mcu.cpu_subsystem_i.cpu_1_0.rf_ram_i.memory\[358\]\[1\],10.08µm
i_core_v_mini_mcu.cpu_subsystem_i.cpu_1_0.rf_ram_i.memory\[509\]\[0\],10.08µm
i_core_v_mini_mcu.memory_subsystem_i.ram0_i.tc_ram_i.sram\[14\]\[9\],10.08µm
i_core_v_mini_mcu.memory_subsystem_i.ram0_i.tc_ram_i.sram\[18\]\[31\],10.08µm
i_core_v_mini_mcu.memory_subsystem_i.ram0_i.tc_ram_i.sram\[5\]\[2\],10.08µm
i_core_v_mini_mcu.peripheral_subsystem_i.obi_fifo_i.consumer_data_req\[30\],10.08µm
i_core_v_mini_mcu.peripheral_subsystem_i.uart_i.uart_core.nco_sum_q\[3\],10.08µm
net1528,10.08µm
_26602_,9.85µm
_25592_,9.8µm
_25627_,9.8µm
_26928_,9.8µm
i_core_v_mini_mcu.cpu_subsystem_i.cpu_0_0.rf_ram_i.memory\[566\]\[1\],9.8µm
i_core_v_mini_mcu.memory_subsystem_i.ram0_i.tc_ram_i.sram\[20\]\[23\],9.8µm
i_core_v_mini_mcu.memory_subsystem_i.ram0_i.tc_ram_i.sram\[23\]\[17\],9.8µm
i_core_v_mini_mcu.memory_subsystem_i.ram0_i.tc_ram_i.sram\[24\]\[25\],9.8µm
_05808_,9.67µm
_06823_,9.67µm
_08623_,9.67µm
_11892_,9.67µm
_18050_,9.67µm
_18203_,9.67µm
_21506_,9.67µm
_22536_,9.67µm
_23453_,9.67µm
i_core_v_mini_mcu.ao_peripheral_subsystem_i.tdu_i.task_mem\[4\]\[18\],9.67µm
i_core_v_mini_mcu.cpu_subsystem_i.cpu_0_0.i_servile.arbiter.i_wb_cpu_dbus_adr\[7\],9.67µm
i_core_v_mini_mcu.cpu_subsystem_i.cpu_0_0.rf_ram_i.memory\[324\]\[1\],9.67µm
i_core_v_mini_mcu.cpu_subsystem_i.cpu_0_0.rf_ram_i.memory\[441\]\[1\],9.67µm
i_core_v_mini_mcu.memory_subsystem_i.ram0_i.tc_ram_i.sram\[16\]\[20\],9.67µm
i_core_v_mini_mcu.memory_subsystem_i.ram0_i.tc_ram_i.sram\[21\]\[21\],9.67µm
i_core_v_mini_mcu.memory_subsystem_i.ram0_i.tc_ram_i.sram\[21\]\[30\],9.67µm
i_core_v_mini_mcu.memory_subsystem_i.ram0_i.tc_ram_i.sram\[25\]\[21\],9.67µm
i_core_v_mini_mcu.memory_subsystem_i.ram0_i.tc_ram_i.sram\[31\]\[24\],9.67µm
i_core_v_mini_mcu.memory_subsystem_i.ram0_i.tc_ram_i.sram\[8\]\[16\],9.67µm
_00532_,9.62µm
_02013_,9.62µm
_02100_,9.62µm
_04452_,9.62µm
_06060_,9.62µm
_07307_,9.62µm
_08241_,9.62µm
_08348_,9.62µm
_08419_,9.62µm
_08789_,9.62µm
_08972_,9.62µm
_09477_,9.62µm
_09867_,9.62µm
_09871_,9.62µm
_10026_,9.62µm
_11808_,9.62µm
_11912_,9.62µm
_11931_,9.62µm
_11953_,9.62µm
_12348_,9.62µm
_13691_,9.62µm
_13797_,9.62µm
_13827_,9.62µm
_13938_,9.62µm
_14537_,9.62µm
_15138_,9.62µm
_15765_,9.62µm
_16835_,9.62µm
_17601_,9.62µm
_17804_,9.62µm
_17813_,9.62µm
_19098_,9.62µm
_19415_,9.62µm
_19419_,9.62µm
_19989_,9.62µm
_20155_,9.62µm
_20215_,9.62µm
_21152_,9.62µm
_21387_,9.62µm
_21636_,9.62µm
_21824_,9.62µm
_21900_,9.62µm
_22066_,9.62µm
_22836_,9.62µm
_23170_,9.62µm
_23608_,9.62µm
_24481_,9.62µm
_25431_,9.62µm
_26088_,9.62µm
_26465_,9.62µm
_26640_,9.62µm
_26738_,9.62µm
_26869_,9.62µm
_27066_,9.62µm
_27111_,9.62µm
_27133_,9.62µm
_27389_,9.62µm
i_core_v_mini_mcu.ao_peripheral_subsystem_i.power_manager_i.power_manager_reg_top_i.reg2hw\[244\],9.62µm
i_core_v_mini_mcu.ao_peripheral_subsystem_i.power_manager_i.power_manager_sequence_ram_0_iso_i.sequence_curr_state\[1\],9.62µm
i_core_v_mini_mcu.cpu_subsystem_i.cpu_0_0.rf_ram_i.memory\[338\]\[0\],9.62µm
i_core_v_mini_mcu.cpu_subsystem_i.cpu_0_0.rf_ram_i.memory\[412\]\[1\],9.62µm
i_core_v_mini_mcu.cpu_subsystem_i.cpu_0_0.rf_ram_i.memory\[469\]\[0\],9.62µm
i_core_v_mini_mcu.cpu_subsystem_i.cpu_1_0.i_servile.cpu.immdec.gen_immdec_w_eq_1.imm30_25\[0\],9.62µm
i_core_v_mini_mcu.cpu_subsystem_i.cpu_1_0.rf_ram_i.memory\[213\]\[0\],9.62µm
i_core_v_mini_mcu.cpu_subsystem_i.cpu_1_0.rf_ram_i.memory\[369\]\[1\],9.62µm
i_core_v_mini_mcu.cpu_subsystem_i.cpu_1_0.rf_ram_i.memory\[380\]\[1\],9.62µm
i_core_v_mini_mcu.memory_subsystem_i.ram0_i.tc_ram_i.sram\[0\]\[7\],9.62µm
i_core_v_mini_mcu.memory_subsystem_i.ram0_i.tc_ram_i.sram\[15\]\[15\],9.62µm
i_core_v_mini_mcu.memory_subsystem_i.ram0_i.tc_ram_i.sram\[20\]\[17\],9.62µm
i_core_v_mini_mcu.memory_subsystem_i.ram0_i.tc_ram_i.sram\[23\]\[20\],9.62µm
i_core_v_mini_mcu.memory_subsystem_i.ram0_i.tc_ram_i.sram\[24\]\[22\],9.62µm
i_core_v_mini_mcu.memory_subsystem_i.ram0_i.tc_ram_i.sram\[26\]\[7\],9.62µm
i_core_v_mini_mcu.memory_subsystem_i.ram0_i.tc_ram_i.sram\[28\]\[6\],9.62µm
i_core_v_mini_mcu.memory_subsystem_i.ram0_i.tc_ram_i.sram\[4\]\[18\],9.62µm
i_core_v_mini_mcu.memory_subsystem_i.ram0_i.tc_ram_i.sram\[5\]\[21\],9.62µm
i_core_v_mini_mcu.memory_subsystem_i.ram0_i.tc_ram_i.sram\[5\]\[4\],9.62µm
i_core_v_mini_mcu.peripheral_subsystem_i.uart_i.uart_core.allzero_cnt_q\[2\],9.62µm
i_core_v_mini_mcu.peripheral_subsystem_i.uart_i.uart_core.nco_sum_q\[7\],9.62µm
_00069_,9.57µm
_00070_,9.57µm
_00103_,9.57µm
_00407_,9.57µm
_00600_,9.57µm
_00667_,9.57µm
_00683_,9.57µm
_00684_,9.57µm
_00735_,9.57µm
_00829_,9.57µm
_00912_,9.57µm
_00925_,9.57µm
_00977_,9.57µm
_01025_,9.57µm
_01045_,9.57µm
_01072_,9.57µm
_01087_,9.57µm
_01152_,9.57µm
_01204_,9.57µm
_01256_,9.57µm
_01393_,9.57µm
_01450_,9.57µm
_01459_,9.57µm
_01467_,9.57µm
_01485_,9.57µm
_01525_,9.57µm
_01531_,9.57µm
_01647_,9.57µm
_01714_,9.57µm
_01814_,9.57µm
_02010_,9.57µm
_02042_,9.57µm
_02102_,9.57µm
_02104_,9.57µm
_02124_,9.57µm
_02218_,9.57µm
_02274_,9.57µm
_02377_,9.57µm
_02413_,9.57µm
_02425_,9.57µm
_02616_,9.57µm
_02683_,9.57µm
_02777_,9.57µm
_02779_,9.57µm
_02810_,9.57µm
_02863_,9.57µm
_02988_,9.57µm
_03063_,9.57µm
_03170_,9.57µm
_03603_,9.57µm
_03645_,9.57µm
_03946_,9.57µm
_03983_,9.57µm
_04146_,9.57µm
_04202_,9.57µm
_04258_,9.57µm
_04279_,9.57µm
_04305_,9.57µm
_04348_,9.57µm
_04359_,9.57µm
_04474_,9.57µm
_04684_,9.57µm
_04804_,9.57µm
_04827_,9.57µm
_04872_,9.57µm
_04955_,9.57µm
_04966_,9.57µm
_04979_,9.57µm
_05149_,9.57µm
_05165_,9.57µm
_05259_,9.57µm
_05343_,9.57µm
_05428_,9.57µm
_05459_,9.57µm
_06035_,9.57µm
_06040_,9.57µm
_06051_,9.57µm
_06225_,9.57µm
_06325_,9.57µm
_06522_,9.57µm
_06668_,9.57µm
_06910_,9.57µm
_07416_,9.57µm
_07752_,9.57µm
_08094_,9.57µm
_08195_,9.57µm
_08263_,9.57µm
_08768_,9.57µm
_08815_,9.57µm
_08893_,9.57µm
_08971_,9.57µm
_09125_,9.57µm
_09131_,9.57µm
_09377_,9.57µm
_09456_,9.57µm
_09511_,9.57µm
_09740_,9.57µm
_10517_,9.57µm
_10552_,9.57µm
_10700_,9.57µm
_10765_,9.57µm
_10789_,9.57µm
_10913_,9.57µm
_11052_,9.57µm
_11060_,9.57µm
_11066_,9.57µm
_11354_,9.57µm
_11383_,9.57µm
_11534_,9.57µm
_11576_,9.57µm
_11849_,9.57µm
_11930_,9.57µm
_11985_,9.57µm
_12062_,9.57µm
_12089_,9.57µm
_12156_,9.57µm
_12220_,9.57µm
_12538_,9.57µm
_12712_,9.57µm
_12838_,9.57µm
_13118_,9.57µm
_13141_,9.57µm
_13219_,9.57µm
_13226_,9.57µm
_13301_,9.57µm
_13319_,9.57µm
_13347_,9.57µm
_13551_,9.57µm
_13589_,9.57µm
_14111_,9.57µm
_14231_,9.57µm
_14343_,9.57µm
_14470_,9.57µm
_14609_,9.57µm
_14627_,9.57µm
_14786_,9.57µm
_15277_,9.57µm
_15375_,9.57µm
_15385_,9.57µm
_15972_,9.57µm
_16076_,9.57µm
_16346_,9.57µm
_16374_,9.57µm
_16418_,9.57µm
_16706_,9.57µm
_16759_,9.57µm
_16777_,9.57µm
_16810_,9.57µm
_16813_,9.57µm
_16923_,9.57µm
_17317_,9.57µm
_17353_,9.57µm
_17718_,9.57µm
_17823_,9.57µm
_17954_,9.57µm
_18176_,9.57µm
_18250_,9.57µm
_18342_,9.57µm
_18399_,9.57µm
_18476_,9.57µm
_18500_,9.57µm
_18550_,9.57µm
_18787_,9.57µm
_18866_,9.57µm
_18937_,9.57µm
_18940_,9.57µm
_19072_,9.57µm
_19191_,9.57µm
_19235_,9.57µm
_19237_,9.57µm
_19311_,9.57µm
_19318_,9.57µm
_19391_,9.57µm
_19414_,9.57µm
_19435_,9.57µm
_19466_,9.57µm
_19474_,9.57µm
_19486_,9.57µm
_19569_,9.57µm
_19596_,9.57µm
_19708_,9.57µm
_19743_,9.57µm
_19891_,9.57µm
_19929_,9.57µm
_20060_,9.57µm
_20302_,9.57µm
_20443_,9.57µm
_20471_,9.57µm
_20653_,9.57µm
_20860_,9.57µm
_21030_,9.57µm
_21454_,9.57µm
_21698_,9.57µm
_21776_,9.57µm
_21877_,9.57µm
_22139_,9.57µm
_22254_,9.57µm
_22275_,9.57µm
_22426_,9.57µm
_22446_,9.57µm
_22586_,9.57µm
_22703_,9.57µm
_22705_,9.57µm
_22886_,9.57µm
_22940_,9.57µm
_23163_,9.57µm
_23200_,9.57µm
_23378_,9.57µm
_23423_,9.57µm
_23478_,9.57µm
_23549_,9.57µm
_23584_,9.57µm
_23609_,9.57µm
_23624_,9.57µm
_23720_,9.57µm
_23930_,9.57µm
_23942_,9.57µm
_24081_,9.57µm
_24254_,9.57µm
_24260_,9.57µm
_24419_,9.57µm
_24547_,9.57µm
_24647_,9.57µm
_24664_,9.57µm
_24786_,9.57µm
_24854_,9.57µm
_24947_,9.57µm
_25140_,9.57µm
_25231_,9.57µm
_25238_,9.57µm
_25286_,9.57µm
_25420_,9.57µm
_25443_,9.57µm
_25655_,9.57µm
_25666_,9.57µm
_25900_,9.57µm
_25908_,9.57µm
_26335_,9.57µm
_26379_,9.57µm
_26405_,9.57µm
_26424_,9.57µm
_26510_,9.57µm
_26605_,9.57µm
_26616_,9.57µm
_26709_,9.57µm
_26728_,9.57µm
_26770_,9.57µm
_26856_,9.57µm
_26865_,9.57µm
_27039_,9.57µm
_27056_,9.57µm
_27127_,9.57µm
_27146_,9.57µm
_27172_,9.57µm
_27407_,9.57µm
_27594_,9.57µm
_27604_,9.57µm
_27620_,9.57µm
i_core_v_mini_mcu.ao_peripheral_subsystem_i.obi_fifo_i.consumer_data_req_q\[61\],9.57µm
i_core_v_mini_mcu.ao_peripheral_subsystem_i.power_manager_i.power_manager_reg_top_i.u_intr_state.wr_data\[7\],9.57µm
i_core_v_mini_mcu.ao_peripheral_subsystem_i.soc_ctrl_i.soc_ctrl_reg_top_i.system_frequency_hz_qs\[4\],9.57µm
i_core_v_mini_mcu.cpu_subsystem_i.cpu_0_0.rf_ram_i.memory\[152\]\[0\],9.57µm
i_core_v_mini_mcu.cpu_subsystem_i.cpu_0_0.rf_ram_i.memory\[232\]\[0\],9.57µm
i_core_v_mini_mcu.cpu_subsystem_i.cpu_0_0.rf_ram_i.memory\[75\]\[1\],9.57µm
i_core_v_mini_mcu.cpu_subsystem_i.cpu_1_0.i_servile.arbiter.i_wb_cpu_ibus_adr\[14\],9.57µm
i_core_v_mini_mcu.cpu_subsystem_i.cpu_1_0.i_servile.arbiter.i_wb_cpu_ibus_adr\[31\],9.57µm
i_core_v_mini_mcu.cpu_subsystem_i.cpu_1_0.i_servile.cpu.immdec.gen_immdec_w_eq_1.imm24_20\[0\],9.57µm
i_core_v_mini_mcu.memory_subsystem_i.ram0_i.tc_ram_i.sram\[16\]\[4\],9.57µm
i_core_v_mini_mcu.memory_subsystem_i.ram0_i.tc_ram_i.sram\[20\]\[11\],9.57µm
i_core_v_mini_mcu.system_bus_i.system_xbar_i.gen_xbar_NtoM.i_xbar.gen_inputs\[3\].i_addr_dec_resp_mux.valid_inflight_d,9.57µm
_00026_,9.52µm
_00130_,9.52µm
_00227_,9.52µm
_00576_,9.52µm
_00664_,9.52µm
_00734_,9.52µm
_00741_,9.52µm
_00799_,9.52µm
_00806_,9.52µm
_00848_,9.52µm
_00996_,9.52µm
_01065_,9.52µm
_01069_,9.52µm
_01161_,9.52µm
_01277_,9.52µm
_01283_,9.52µm
_01325_,9.52µm
_01445_,9.52µm
_01491_,9.52µm
_01496_,9.52µm
_01524_,9.52µm
_01578_,9.52µm
_01774_,9.52µm
_01779_,9.52µm
_01910_,9.52µm
_01991_,9.52µm
_02085_,9.52µm
_02098_,9.52µm
_02107_,9.52µm
_02199_,9.52µm
_02267_,9.52µm
_02305_,9.52µm
_02343_,9.52µm
_02418_,9.52µm
_02478_,9.52µm
_02721_,9.52µm
_02741_,9.52µm
_02775_,9.52µm
_02789_,9.52µm
_02909_,9.52µm
_02960_,9.52µm
_03131_,9.52µm
_03174_,9.52µm
_03182_,9.52µm
_03184_,9.52µm
_03214_,9.52µm
_03218_,9.52µm
_03269_,9.52µm
_03287_,9.52µm
_03304_,9.52µm
_03393_,9.52µm
_03406_,9.52µm
_03413_,9.52µm
_03427_,9.52µm
_03429_,9.52µm
_03487_,9.52µm
_03511_,9.52µm
_03571_,9.52µm
_03816_,9.52µm
_03918_,9.52µm
_03959_,9.52µm
_03981_,9.52µm
_04043_,9.52µm
_04061_,9.52µm
_04064_,9.52µm
_04181_,9.52µm
_04321_,9.52µm
_04366_,9.52µm
_04460_,9.52µm
_04482_,9.52µm
_04525_,9.52µm
_04573_,9.52µm
_04606_,9.52µm
_04950_,9.52µm
_04993_,9.52µm
_05052_,9.52µm
_05170_,9.52µm
_05175_,9.52µm
_05176_,9.52µm
_05701_,9.52µm
_05784_,9.52µm
_05993_,9.52µm
_06063_,9.52µm
_06189_,9.52µm
_06219_,9.52µm
_06242_,9.52µm
_06264_,9.52µm
_06459_,9.52µm
_06484_,9.52µm
_06576_,9.52µm
_06753_,9.52µm
_06757_,9.52µm
_06990_,9.52µm
_07006_,9.52µm
_07042_,9.52µm
_07045_,9.52µm
_07053_,9.52µm
_07145_,9.52µm
_07283_,9.52µm
_07326_,9.52µm
_07348_,9.52µm
_07447_,9.52µm
_07528_,9.52µm
_07842_,9.52µm
_08163_,9.52µm
_08232_,9.52µm
_08261_,9.52µm
_08359_,9.52µm
_08433_,9.52µm
_08720_,9.52µm
_08728_,9.52µm
_08741_,9.52µm
_09251_,9.52µm
_09683_,9.52µm
_09848_,9.52µm
_09935_,9.52µm
_10553_,9.52µm
_10685_,9.52µm
_10955_,9.52µm
_10988_,9.52µm
_11053_,9.52µm
_11185_,9.52µm
_11420_,9.52µm
_11473_,9.52µm
_11567_,9.52µm
_11602_,9.52µm
_11622_,9.52µm
_11673_,9.52µm
_11776_,9.52µm
_11946_,9.52µm
_12014_,9.52µm
_12170_,9.52µm
_12284_,9.52µm
_12395_,9.52µm
_12456_,9.52µm
_12480_,9.52µm
_12527_,9.52µm
_12576_,9.52µm
_12856_,9.52µm
_13049_,9.52µm
_13121_,9.52µm
_13270_,9.52µm
_13362_,9.52µm
_13673_,9.52µm
_13687_,9.52µm
_13888_,9.52µm
_13956_,9.52µm
_14000_,9.52µm
_14058_,9.52µm
_14069_,9.52µm
_14154_,9.52µm
_14683_,9.52µm
_14790_,9.52µm
_15472_,9.52µm
_15475_,9.52µm
_15509_,9.52µm
_15545_,9.52µm
_15803_,9.52µm
_15970_,9.52µm
_16287_,9.52µm
_16467_,9.52µm
_16485_,9.52µm
_16685_,9.52µm
_16809_,9.52µm
_17148_,9.52µm
_17332_,9.52µm
_17387_,9.52µm
_17499_,9.52µm
_17717_,9.52µm
_17798_,9.52µm
_17882_,9.52µm
_17921_,9.52µm
_18187_,9.52µm
_18390_,9.52µm
_18486_,9.52µm
_18489_,9.52µm
_18742_,9.52µm
_18844_,9.52µm
_18967_,9.52µm
_19081_,9.52µm
_19174_,9.52µm
_19319_,9.52µm
_19392_,9.52µm
_19833_,9.52µm
_19892_,9.52µm
_20172_,9.52µm
_20214_,9.52µm
_20310_,9.52µm
_20449_,9.52µm
_20528_,9.52µm
_20538_,9.52µm
_20669_,9.52µm
_20673_,9.52µm
_20928_,9.52µm
_20955_,9.52µm
_21078_,9.52µm
_21171_,9.52µm
_21192_,9.52µm
_21474_,9.52µm
_21492_,9.52µm
_21567_,9.52µm
_21619_,9.52µm
_21693_,9.52µm
_21800_,9.52µm
_21897_,9.52µm
_21949_,9.52µm
_22131_,9.52µm
_22149_,9.52µm
_22277_,9.52µm
_22305_,9.52µm
_22642_,9.52µm
_22651_,9.52µm
_22655_,9.52µm
_22667_,9.52µm
_23250_,9.52µm
_23388_,9.52µm
_23424_,9.52µm
_23650_,9.52µm
_24310_,9.52µm
_24396_,9.52µm
_24428_,9.52µm
_24485_,9.52µm
_24489_,9.52µm
_24499_,9.52µm
_24554_,9.52µm
_24611_,9.52µm
_25002_,9.52µm
_25156_,9.52µm
_25302_,9.52µm
_25405_,9.52µm
_25558_,9.52µm
_25633_,9.52µm
_25715_,9.52µm
_25770_,9.52µm
_25779_,9.52µm
_25865_,9.52µm
_25884_,9.52µm
_26138_,9.52µm
_26261_,9.52µm
_26327_,9.52µm
_26413_,9.52µm
_26455_,9.52µm
_26478_,9.52µm
_26550_,9.52µm
_26862_,9.52µm
_26972_,9.52µm
_26999_,9.52µm
_27176_,9.52µm
_27184_,9.52µm
_27187_,9.52µm
_27211_,9.52µm
_27473_,9.52µm
_27651_,9.52µm
_27695_,9.52µm
_27708_,9.52µm
i_core_v_mini_mcu.ao_peripheral_subsystem_i.power_manager_i.power_manager_reg_top_i.cpu_switch_off_counter_qs\[10\],9.52µm
i_core_v_mini_mcu.ao_peripheral_subsystem_i.power_manager_i.power_manager_sequence_periph_reset_i.sequence_curr_state\[3\],9.52µm
i_core_v_mini_mcu.ao_peripheral_subsystem_i.spi_subsystem_i.obi_spimemio_i.obi_to_picorv32_i.picorv32_resp_i\[29\],9.52µm
i_core_v_mini_mcu.ao_peripheral_subsystem_i.spi_subsystem_i.obi_spimemio_i.spimemio_i.dout_data\[5\],9.52µm
i_core_v_mini_mcu.ao_peripheral_subsystem_i.spi_subsystem_i.obi_spimemio_i.spimemio_i.rd_addr\[7\],9.52µm
i_core_v_mini_mcu.cpu_subsystem_i.cpu_0_0.i_servile.cpu.csr_imm,9.52µm
i_core_v_mini_mcu.cpu_subsystem_i.cpu_0_0.rf_ram_i.memory\[547\]\[0\],9.52µm
i_core_v_mini_mcu.cpu_subsystem_i.cpu_1_0.clk_i,9.52µm
i_core_v_mini_mcu.cpu_subsystem_i.cpu_1_0.rf_ram_i.memory\[59\]\[0\],9.52µm
i_core_v_mini_mcu.memory_subsystem_i.ram0_i.tc_ram_i.sram\[18\]\[9\],9.52µm
i_core_v_mini_mcu.memory_subsystem_i.ram0_i.tc_ram_i.sram\[19\]\[15\],9.52µm
i_core_v_mini_mcu.memory_subsystem_i.ram0_i.tc_ram_i.sram\[24\]\[3\],9.52µm
i_core_v_mini_mcu.memory_subsystem_i.ram0_i.tc_ram_i.sram\[26\]\[15\],9.52µm
i_core_v_mini_mcu.memory_subsystem_i.ram0_i.tc_ram_i.sram\[28\]\[31\],9.52µm
i_core_v_mini_mcu.memory_subsystem_i.ram0_i.tc_ram_i.sram\[30\]\[11\],9.52µm
i_core_v_mini_mcu.memory_subsystem_i.ram0_i.tc_ram_i.sram\[31\]\[10\],9.52µm
i_core_v_mini_mcu.memory_subsystem_i.ram0_i.tc_ram_i.sram\[4\]\[1\],9.52µm
i_core_v_mini_mcu.memory_subsystem_i.ram0_i.tc_ram_i.sram\[6\]\[3\],9.52µm
i_core_v_mini_mcu.peripheral_subsystem_i.uart_i.uart_core.sync_rx.gen_generic.u_impl_generic.intq,9.52µm
i_core_v_mini_mcu.ao_peripheral_subsystem_i.soc_ctrl_i.reg2hw\[22\],9.34µm
i_core_v_mini_mcu.cpu_subsystem_i.cpu_1_0.rf_ram_i.memory\[355\]\[0\],9.34µm
_19656_,9.29µm
i_core_v_mini_mcu.peripheral_subsystem_i.uart_i.uart_core.u_uart_txfifo.gen_normal_fifo.storage\[25\],9.29µm
i_core_v_mini_mcu.ao_peripheral_subsystem_i.tdu_i.cpi_est_q\[33\],9.24µm
i_core_v_mini_mcu.ao_peripheral_subsystem_i.spi_subsystem_i.obi_spimemio_i.spimemio_i.xfer.obuffer\[3\],9.14µm
_00833_,9.11µm
_00842_,9.11µm
_02358_,9.11µm
_06517_,9.11µm
_09067_,9.11µm
_10326_,9.11µm
_13026_,9.11µm
_23397_,9.11µm
i_core_v_mini_mcu.cpu_subsystem_i.cpu_0_0.rf_ram_i.memory\[168\]\[0\],9.11µm
i_core_v_mini_mcu.cpu_subsystem_i.cpu_1_0.rf_ram_i.memory\[347\]\[0\],9.11µm
i_core_v_mini_mcu.memory_subsystem_i.ram0_i.tc_ram_i.sram\[1\]\[25\],9.11µm
i_core_v_mini_mcu.memory_subsystem_i.ram0_i.tc_ram_i.sram\[23\]\[5\],9.11µm
i_core_v_mini_mcu.memory_subsystem_i.ram0_i.tc_ram_i.sram\[24\]\[5\],9.11µm
i_core_v_mini_mcu.memory_subsystem_i.ram0_i.tc_ram_i.sram\[27\]\[7\],9.11µm
i_core_v_mini_mcu.memory_subsystem_i.ram0_i.tc_ram_i.sram\[28\]\[1\],9.11µm
i_core_v_mini_mcu.memory_subsystem_i.ram0_i.tc_ram_i.sram\[6\]\[21\],9.11µm
i_core_v_mini_mcu.peripheral_subsystem_i.uart_i.uart_core.allzero_cnt_q\[1\],9.11µm
_00485_,9.06µm
_00492_,9.06µm
_00521_,9.06µm
_00745_,9.06µm
_01559_,9.06µm
_01620_,9.06µm
_01845_,9.06µm
_01900_,9.06µm
_02612_,9.06µm
_04195_,9.06µm
_05233_,9.06µm
_05553_,9.06µm
_05675_,9.06µm
_06000_,9.06µm
_06419_,9.06µm
_06441_,9.06µm
_07025_,9.06µm
_07263_,9.06µm
_07717_,9.06µm
_08180_,9.06µm
_09266_,9.06µm
_09636_,9.06µm
_09810_,9.06µm
_09928_,9.06µm
_10821_,9.06µm
_11692_,9.06µm
_12381_,9.06µm
_12468_,9.06µm
_13114_,9.06µm
_13144_,9.06µm
_13314_,9.06µm
_13489_,9.06µm
_13511_,9.06µm
_14970_,9.06µm
_15921_,9.06µm
_16102_,9.06µm
_16449_,9.06µm
_17745_,9.06µm
_17943_,9.06µm
_19369_,9.06µm
_19911_,9.06µm
_19926_,9.06µm
_19939_,9.06µm
_20524_,9.06µm
_20556_,9.06µm
_20574_,9.06µm
_20599_,9.06µm
_20878_,9.06µm
_20919_,9.06µm
_20956_,9.06µm
_21787_,9.06µm
_21827_,9.06µm
_22450_,9.06µm
_24026_,9.06µm
_24302_,9.06µm
_24471_,9.06µm
_25761_,9.06µm
_25990_,9.06µm
_27441_,9.06µm
_27667_,9.06µm
i_core_v_mini_mcu.ao_peripheral_subsystem_i.tdu_i.count_q\[2\],9.06µm
i_core_v_mini_mcu.cpu_subsystem_i.cpu_0_0.rf_ram_i.memory\[39\]\[1\],9.06µm
i_core_v_mini_mcu.cpu_subsystem_i.cpu_1_0.i_servile.rf_ram_if.rreq_r,9.06µm
i_core_v_mini_mcu.cpu_subsystem_i.cpu_1_0.rf_ram_i.memory\[59\]\[1\],9.06µm
i_core_v_mini_mcu.memory_subsystem_i.ram0_i.tc_ram_i.sram\[12\]\[23\],9.06µm
i_core_v_mini_mcu.memory_subsystem_i.ram0_i.tc_ram_i.sram\[17\]\[17\],9.06µm
i_core_v_mini_mcu.memory_subsystem_i.ram0_i.tc_ram_i.sram\[19\]\[6\],9.06µm
i_core_v_mini_mcu.memory_subsystem_i.ram0_i.tc_ram_i.sram\[23\]\[30\],9.06µm
i_core_v_mini_mcu.memory_subsystem_i.ram0_i.tc_ram_i.sram\[24\]\[13\],9.06µm
i_core_v_mini_mcu.memory_subsystem_i.ram0_i.tc_ram_i.sram\[24\]\[26\],9.06µm
i_core_v_mini_mcu.memory_subsystem_i.ram0_i.tc_ram_i.sram\[27\]\[1\],9.06µm
i_core_v_mini_mcu.memory_subsystem_i.ram0_i.tc_ram_i.sram\[29\]\[11\],9.06µm
i_core_v_mini_mcu.memory_subsystem_i.ram0_i.tc_ram_i.sram\[2\]\[14\],9.06µm
i_core_v_mini_mcu.memory_subsystem_i.ram0_i.tc_ram_i.sram\[31\]\[13\],9.06µm
i_core_v_mini_mcu.memory_subsystem_i.ram0_i.tc_ram_i.sram\[4\]\[9\],9.06µm
i_core_v_mini_mcu.peripheral_subsystem_i.uart_i.uart_core.uart_rx.tick_baud_d,9.06µm
net1598,9.02µm
_00041_,9.01µm
_00056_,9.01µm
_00075_,9.01µm
_00098_,9.01µm
_00138_,9.01µm
_00181_,9.01µm
_00197_,9.01µm
_00250_,9.01µm
_00253_,9.01µm
_00284_,9.01µm
_00285_,9.01µm
_00295_,9.01µm
_00399_,9.01µm
_00513_,9.01µm
_00538_,9.01µm
_00675_,9.01µm
_00719_,9.01µm
_00723_,9.01µm
_00732_,9.01µm
_00739_,9.01µm
_00743_,9.01µm
_00758_,9.01µm
_00780_,9.01µm
_00783_,9.01µm
_00788_,9.01µm
_00854_,9.01µm
_00892_,9.01µm
_00895_,9.01µm
_01106_,9.01µm
_01125_,9.01µm
_01137_,9.01µm
_01162_,9.01µm
_01635_,9.01µm
_01639_,9.01µm
_01670_,9.01µm
_01713_,9.01µm
_01722_,9.01µm
_01870_,9.01µm
_01889_,9.01µm
_01911_,9.01µm
_02049_,9.01µm
_02086_,9.01µm
_02134_,9.01µm
_02240_,9.01µm
_02271_,9.01µm
_02317_,9.01µm
_02367_,9.01µm
_02508_,9.01µm
_02561_,9.01µm
_02615_,9.01µm
_02636_,9.01µm
_02706_,9.01µm
_02727_,9.01µm
_02732_,9.01µm
_02771_,9.01µm
_02821_,9.01µm
_02825_,9.01µm
_03133_,9.01µm
_03370_,9.01µm
_03530_,9.01µm
_03539_,9.01µm
_03552_,9.01µm
_03683_,9.01µm
_03718_,9.01µm
_03827_,9.01µm
_03858_,9.01µm
_04039_,9.01µm
_04065_,9.01µm
_04086_,9.01µm
_04090_,9.01µm
_04141_,9.01µm
_04179_,9.01µm
_04199_,9.01µm
_04294_,9.01µm
_04526_,9.01µm
_04543_,9.01µm
_04570_,9.01µm
_04630_,9.01µm
_04638_,9.01µm
_04651_,9.01µm
_04653_,9.01µm
_04682_,9.01µm
_04687_,9.01µm
_04841_,9.01µm
_04856_,9.01µm
_04947_,9.01µm
_05108_,9.01µm
_05125_,9.01µm
_05271_,9.01µm
_05341_,9.01µm
_05384_,9.01µm
_05508_,9.01µm
_05525_,9.01µm
_05529_,9.01µm
_05540_,9.01µm
_05676_,9.01µm
_05753_,9.01µm
_05795_,9.01µm
_05813_,9.01µm
_05979_,9.01µm
_06072_,9.01µm
_06128_,9.01µm
_06271_,9.01µm
_06964_,9.01µm
_07209_,9.01µm
_07542_,9.01µm
_07687_,9.01µm
_07998_,9.01µm
_08219_,9.01µm
_08778_,9.01µm
_08947_,9.01µm
_09327_,9.01µm
_09568_,9.01µm
_09619_,9.01µm
_09675_,9.01µm
_09715_,9.01µm
_09793_,9.01µm
_09874_,9.01µm
_09905_,9.01µm
_10046_,9.01µm
_10264_,9.01µm
_10448_,9.01µm
_10534_,9.01µm
_10677_,9.01µm
_10686_,9.01µm
_10965_,9.01µm
_10987_,9.01µm
_11086_,9.01µm
_11261_,9.01µm
_11374_,9.01µm
_11573_,9.01µm
_11667_,9.01µm
_11674_,9.01µm
_11861_,9.01µm
_11906_,9.01µm
_11908_,9.01µm
_12022_,9.01µm
_12147_,9.01µm
_12340_,9.01µm
_12472_,9.01µm
_13161_,9.01µm
_13172_,9.01µm
_13461_,9.01µm
_13473_,9.01µm
_13685_,9.01µm
_13791_,9.01µm
_13931_,9.01µm
_14054_,9.01µm
_14190_,9.01µm
_14555_,9.01µm
_14777_,9.01µm
_14940_,9.01µm
_15574_,9.01µm
_15596_,9.01µm
_16041_,9.01µm
_16084_,9.01µm
_16389_,9.01µm
_16489_,9.01µm
_16501_,9.01µm
_17453_,9.01µm
_18243_,9.01µm
_18346_,9.01µm
_18409_,9.01µm
_18451_,9.01µm
_18452_,9.01µm
_18481_,9.01µm
_18537_,9.01µm
_18656_,9.01µm
_19008_,9.01µm
_19332_,9.01µm
_19348_,9.01µm
_19448_,9.01µm
_19481_,9.01µm
_19628_,9.01µm
_19714_,9.01µm
_19877_,9.01µm
_19959_,9.01µm
_19960_,9.01µm
_20295_,9.01µm
_20541_,9.01µm
_20784_,9.01µm
_20802_,9.01µm
_21068_,9.01µm
_21190_,9.01µm
_21197_,9.01µm
_21203_,9.01µm
_21228_,9.01µm
_21565_,9.01µm
_21664_,9.01µm
_21881_,9.01µm
_22096_,9.01µm
_22259_,9.01µm
_22356_,9.01µm
_22357_,9.01µm
_22396_,9.01µm
_22422_,9.01µm
_22442_,9.01µm
_22659_,9.01µm
_22674_,9.01µm
_22790_,9.01µm
_22900_,9.01µm
_23116_,9.01µm
_23201_,9.01µm
_23253_,9.01µm
_23274_,9.01µm
_23307_,9.01µm
_23476_,9.01µm
_23520_,9.01µm
_23526_,9.01µm
_23857_,9.01µm
_24040_,9.01µm
_24324_,9.01µm
_24349_,9.01µm
_24438_,9.01µm
_24441_,9.01µm
_24445_,9.01µm
_24460_,9.01µm
_24486_,9.01µm
_24648_,9.01µm
_24690_,9.01µm
_24694_,9.01µm
_24708_,9.01µm
_24826_,9.01µm
_24834_,9.01µm
_24858_,9.01µm
_24996_,9.01µm
_25123_,9.01µm
_25224_,9.01µm
_25264_,9.01µm
_25266_,9.01µm
_25331_,9.01µm
_25371_,9.01µm
_25376_,9.01µm
_25589_,9.01µm
_25663_,9.01µm
_25807_,9.01µm
_25911_,9.01µm
_26030_,9.01µm
_26135_,9.01µm
_26248_,9.01µm
_26320_,9.01µm
_26363_,9.01µm
_26479_,9.01µm
_26559_,9.01µm
_26696_,9.01µm
_26740_,9.01µm
_26789_,9.01µm
_26892_,9.01µm
_26920_,9.01µm
_27070_,9.01µm
_27195_,9.01µm
_27448_,9.01µm
_27463_,9.01µm
_27478_,9.01µm
_27583_,9.01µm
i_core_v_mini_mcu.ao_peripheral_subsystem_i.obi_fifo_i.consumer_resp_i\[18\],9.01µm
i_core_v_mini_mcu.ao_peripheral_subsystem_i.power_manager_i.power_manager_reg_top_i.reg2hw\[252\],9.01µm
i_core_v_mini_mcu.ao_peripheral_subsystem_i.spi_subsystem_i.obi_spimemio_i.spimemio_i.din_data\[6\],9.01µm
i_core_v_mini_mcu.ao_peripheral_subsystem_i.spi_subsystem_i.obi_spimemio_i.spimemio_i.rd_wait,9.01µm
i_core_v_mini_mcu.ao_peripheral_subsystem_i.tdu_i.cpi_est_q\[55\],9.01µm
i_core_v_mini_mcu.cpu_subsystem_i.cpu_0_0.rf_ram_i.memory\[108\]\[0\],9.01µm
i_core_v_mini_mcu.cpu_subsystem_i.cpu_0_0.rf_ram_i.memory\[260\]\[0\],9.01µm
i_core_v_mini_mcu.cpu_subsystem_i.cpu_0_0.rf_ram_i.memory\[283\]\[0\],9.01µm
i_core_v_mini_mcu.cpu_subsystem_i.cpu_0_0.rf_ram_i.memory\[485\]\[1\],9.01µm
i_core_v_mini_mcu.cpu_subsystem_i.cpu_1_0.rf_ram_i.memory\[247\]\[0\],9.01µm
i_core_v_mini_mcu.memory_subsystem_i.ram0_i.tc_ram_i.sram\[0\]\[2\],9.01µm
i_core_v_mini_mcu.memory_subsystem_i.ram0_i.tc_ram_i.sram\[13\]\[26\],9.01µm
i_core_v_mini_mcu.memory_subsystem_i.ram0_i.tc_ram_i.sram\[15\]\[20\],9.01µm
i_core_v_mini_mcu.memory_subsystem_i.ram0_i.tc_ram_i.sram\[20\]\[18\],9.01µm
i_core_v_mini_mcu.memory_subsystem_i.ram0_i.tc_ram_i.sram\[24\]\[24\],9.01µm
i_core_v_mini_mcu.memory_subsystem_i.ram0_i.tc_ram_i.sram\[24\]\[29\],9.01µm
i_core_v_mini_mcu.memory_subsystem_i.ram0_i.tc_ram_i.sram\[3\]\[0\],9.01µm
i_core_v_mini_mcu.memory_subsystem_i.ram0_i.tc_ram_i.sram\[4\]\[16\],9.01µm
i_core_v_mini_mcu.peripheral_subsystem_i.obi_fifo_i.consumer_resp_i\[28\],9.01µm
i_core_v_mini_mcu.peripheral_subsystem_i.uart_i.uart_core.u_uart_rxfifo.gen_normal_fifo.storage\[3\],9.01µm
_00276_,8.96µm
_00289_,8.96µm
_00348_,8.96µm
_00364_,8.96µm
_00413_,8.96µm
_00430_,8.96µm
_00440_,8.96µm
_00704_,8.96µm
_00881_,8.96µm
_00998_,8.96µm
_01123_,8.96µm
_01156_,8.96µm
_01187_,8.96µm
_01190_,8.96µm
_01229_,8.96µm
_01263_,8.96µm
_01276_,8.96µm
_01398_,8.96µm
_01424_,8.96µm
_01454_,8.96µm
_01478_,8.96µm
_01777_,8.96µm
_01830_,8.96µm
_02019_,8.96µm
_02024_,8.96µm
_02101_,8.96µm
_02228_,8.96µm
_02248_,8.96µm
_02335_,8.96µm
_02685_,8.96µm
_02693_,8.96µm
_02723_,8.96µm
_02726_,8.96µm
_02853_,8.96µm
_02899_,8.96µm
_02900_,8.96µm
_02901_,8.96µm
_02906_,8.96µm
_02923_,8.96µm
_02948_,8.96µm
_02949_,8.96µm
_02965_,8.96µm
_03014_,8.96µm
_03058_,8.96µm
_03110_,8.96µm
_03118_,8.96µm
_03123_,8.96µm
_03136_,8.96µm
_03168_,8.96µm
_03169_,8.96µm
_03200_,8.96µm
_03202_,8.96µm
_03244_,8.96µm
_03253_,8.96µm
_03271_,8.96µm
_03291_,8.96µm
_03306_,8.96µm
_03321_,8.96µm
_03328_,8.96µm
_03363_,8.96µm
_03368_,8.96µm
_03369_,8.96µm
_03375_,8.96µm
_03380_,8.96µm
_03381_,8.96µm
_03385_,8.96µm
_03482_,8.96µm
_03502_,8.96µm
_03519_,8.96µm
_03534_,8.96µm
_03545_,8.96µm
_03555_,8.96µm
_03563_,8.96µm
_03566_,8.96µm
_03575_,8.96µm
_03638_,8.96µm
_03652_,8.96µm
_03655_,8.96µm
_03669_,8.96µm
_03772_,8.96µm
_03789_,8.96µm
_03855_,8.96µm
_03897_,8.96µm
_03903_,8.96µm
_04003_,8.96µm
_04018_,8.96µm
_04062_,8.96µm
_04071_,8.96µm
_04280_,8.96µm
_04350_,8.96µm
_04405_,8.96µm
_04492_,8.96µm
_04499_,8.96µm
_04513_,8.96µm
_04673_,8.96µm
_04716_,8.96µm
_04720_,8.96µm
_04807_,8.96µm
_04840_,8.96µm
_04844_,8.96µm
_04953_,8.96µm
_04987_,8.96µm
_05178_,8.96µm
_05242_,8.96µm
_05320_,8.96µm
_05363_,8.96µm
_05421_,8.96µm
_05439_,8.96µm
_05507_,8.96µm
_05509_,8.96µm
_05536_,8.96µm
_05686_,8.96µm
_05778_,8.96µm
_05800_,8.96µm
_06011_,8.96µm
_06073_,8.96µm
_06115_,8.96µm
_06337_,8.96µm
_06374_,8.96µm
_06388_,8.96µm
_06570_,8.96µm
_06642_,8.96µm
_06810_,8.96µm
_06940_,8.96µm
_07001_,8.96µm
_07090_,8.96µm
_07127_,8.96µm
_07353_,8.96µm
_07444_,8.96µm
_07583_,8.96µm
_07604_,8.96µm
_07746_,8.96µm
_07766_,8.96µm
_07816_,8.96µm
_07893_,8.96µm
_08134_,8.96µm
_08174_,8.96µm
_08266_,8.96µm
_08367_,8.96µm
_08463_,8.96µm
_08489_,8.96µm
_08572_,8.96µm
_08819_,8.96µm
_08820_,8.96µm
_09120_,8.96µm
_09204_,8.96µm
_09609_,8.96µm
_09669_,8.96µm
_09794_,8.96µm
_09839_,8.96µm
_10213_,8.96µm
_10392_,8.96µm
_10447_,8.96µm
_10663_,8.96µm
_10670_,8.96µm
_10695_,8.96µm
_10986_,8.96µm
_11038_,8.96µm
_11073_,8.96µm
_11140_,8.96µm
_11190_,8.96µm
_11275_,8.96µm
_11298_,8.96µm
_11404_,8.96µm
_11672_,8.96µm
_11698_,8.96µm
_11800_,8.96µm
_11812_,8.96µm
_11820_,8.96µm
_11961_,8.96µm
_12191_,8.96µm
_12286_,8.96µm
_12309_,8.96µm
_12543_,8.96µm
_12648_,8.96µm
_12733_,8.96µm
_12787_,8.96µm
_12927_,8.96µm
_13295_,8.96µm
_13419_,8.96µm
_13479_,8.96µm
_13553_,8.96µm
_13584_,8.96µm
_13746_,8.96µm
_13771_,8.96µm
_13818_,8.96µm
_14067_,8.96µm
_14140_,8.96µm
_14242_,8.96µm
_14546_,8.96µm
_14723_,8.96µm
_15084_,8.96µm
_15828_,8.96µm
_15851_,8.96µm
_16940_,8.96µm
_17102_,8.96µm
_17198_,8.96µm
_17201_,8.96µm
_17769_,8.96µm
_17888_,8.96µm
_18035_,8.96µm
_18045_,8.96µm
_18213_,8.96µm
_18472_,8.96µm
_18594_,8.96µm
_18665_,8.96µm
_18686_,8.96µm
_18789_,8.96µm
_18834_,8.96µm
_18964_,8.96µm
_19016_,8.96µm
_19036_,8.96µm
_19095_,8.96µm
_19127_,8.96µm
_19135_,8.96µm
_19148_,8.96µm
_19349_,8.96µm
_19390_,8.96µm
_19483_,8.96µm
_19516_,8.96µm
_19872_,8.96µm
_19943_,8.96µm
_19961_,8.96µm
_20040_,8.96µm
_20073_,8.96µm
_20126_,8.96µm
_20131_,8.96µm
_20174_,8.96µm
_20230_,8.96µm
_20247_,8.96µm
_20639_,8.96µm
_20963_,8.96µm
_21054_,8.96µm
_21149_,8.96µm
_21194_,8.96µm
_21216_,8.96µm
_21238_,8.96µm
_21240_,8.96µm
_21542_,8.96µm
_21555_,8.96µm
_21668_,8.96µm
_21696_,8.96µm
_21738_,8.96µm
_21753_,8.96µm
_21833_,8.96µm
_21931_,8.96µm
_21936_,8.96µm
_21968_,8.96µm
_22024_,8.96µm
_22025_,8.96µm
_22383_,8.96µm
_22438_,8.96µm
_22538_,8.96µm
_22732_,8.96µm
_22999_,8.96µm
_23112_,8.96µm
_23161_,8.96µm
_23519_,8.96µm
_23559_,8.96µm
_23573_,8.96µm
_23713_,8.96µm
_24062_,8.96µm
_24523_,8.96µm
_24650_,8.96µm
_24867_,8.96µm
_24922_,8.96µm
_25060_,8.96µm
_25077_,8.96µm
_25280_,8.96µm
_25290_,8.96µm
_25388_,8.96µm
_25422_,8.96µm
_25438_,8.96µm
_25497_,8.96µm
_25622_,8.96µm
_25656_,8.96µm
_25931_,8.96µm
_26047_,8.96µm
_26141_,8.96µm
_26196_,8.96µm
_26211_,8.96µm
_26356_,8.96µm
_26420_,8.96µm
_26468_,8.96µm
_26615_,8.96µm
_26743_,8.96µm
_26802_,8.96µm
_26942_,8.96µm
_27158_,8.96µm
_27197_,8.96µm
_27252_,8.96µm
_27348_,8.96µm
_27536_,8.96µm
_27665_,8.96µm
i_core_v_mini_mcu.ao_peripheral_subsystem_i.power_manager_i.power_manager_reg_top_i.power_gate_periph_ack_qs,8.96µm
i_core_v_mini_mcu.ao_peripheral_subsystem_i.spi_subsystem_i.obi_spimemio_i.spimemio_i.dout_data\[3\],8.96µm
i_core_v_mini_mcu.cpu_subsystem_i.cpu_0_0.i_servile.arbiter.i_wb_cpu_dbus_adr\[25\],8.96µm
i_core_v_mini_mcu.cpu_subsystem_i.cpu_0_0.i_servile.cpu.bufreg.i_imm_en,8.96µm
i_core_v_mini_mcu.cpu_subsystem_i.cpu_0_0.i_servile.rf_ram_if.rdata0\[1\],8.96µm
i_core_v_mini_mcu.cpu_subsystem_i.cpu_0_0.rf_ram_i.memory\[220\]\[1\],8.96µm
i_core_v_mini_mcu.cpu_subsystem_i.cpu_0_0.rf_ram_i.memory\[289\]\[0\],8.96µm
i_core_v_mini_mcu.cpu_subsystem_i.cpu_0_0.rf_ram_i.memory\[50\]\[1\],8.96µm
i_core_v_mini_mcu.cpu_subsystem_i.cpu_0_0.rf_ram_i.memory\[521\]\[0\],8.96µm
i_core_v_mini_mcu.cpu_subsystem_i.cpu_1_0.i_servile.arbiter.i_wb_cpu_ibus_adr\[21\],8.96µm
i_core_v_mini_mcu.cpu_subsystem_i.cpu_1_0.rf_ram_i.memory\[279\]\[1\],8.96µm
i_core_v_mini_mcu.cpu_subsystem_i.cpu_1_0.rf_ram_i.memory\[453\]\[1\],8.96µm
i_core_v_mini_mcu.cpu_subsystem_i.cpu_1_0.rf_ram_i.memory\[49\]\[1\],8.96µm
i_core_v_mini_mcu.cpu_subsystem_i.cpu_1_0.rf_ram_i.memory\[60\]\[1\],8.96µm
i_core_v_mini_mcu.memory_subsystem_i.ram0_i.tc_ram_i.sram\[13\]\[29\],8.96µm
i_core_v_mini_mcu.memory_subsystem_i.ram0_i.tc_ram_i.sram\[13\]\[3\],8.96µm
i_core_v_mini_mcu.memory_subsystem_i.ram0_i.tc_ram_i.sram\[18\]\[10\],8.96µm
i_core_v_mini_mcu.memory_subsystem_i.ram0_i.tc_ram_i.sram\[29\]\[13\],8.96µm
i_core_v_mini_mcu.memory_subsystem_i.ram0_i.tc_ram_i.sram\[29\]\[15\],8.96µm
i_core_v_mini_mcu.memory_subsystem_i.ram0_i.tc_ram_i.sram\[5\]\[30\],8.96µm
i_core_v_mini_mcu.memory_subsystem_i.ram0_i.tc_ram_i.sram\[27\]\[18\],8.78µm
_10143_,8.73µm
_25157_,8.73µm
_26181_,8.73µm
_26183_,8.73µm
i_core_v_mini_mcu.ao_peripheral_subsystem_i.soc_ctrl_i.reg2hw\[24\],8.73µm
i_core_v_mini_mcu.cpu_subsystem_i.cpu_1_0.rf_ram_i.memory\[214\]\[0\],8.73µm
i_core_v_mini_mcu.cpu_subsystem_i.cpu_1_0.rf_ram_i.memory\[355\]\[1\],8.73µm
_07971_,8.68µm
i_core_v_mini_mcu.ao_peripheral_subsystem_i.power_manager_i.power_manager_reg_top_i.global_pointer_qs\[6\],8.68µm
i_core_v_mini_mcu.memory_subsystem_i.ram0_i.tc_ram_i.sram\[16\]\[3\],8.68µm
_06847_,8.6µm
_09569_,8.6µm
_06820_,8.55µm
_09821_,8.55µm
_18071_,8.55µm
_21430_,8.55µm
_21449_,8.55µm
_22123_,8.55µm
_00154_,8.5µm
_02339_,8.5µm
_04449_,8.5µm
_05340_,8.5µm
_06140_,8.5µm
_06294_,8.5µm
_06515_,8.5µm
_08102_,8.5µm
_08650_,8.5µm
_09016_,8.5µm
_09222_,8.5µm
_09446_,8.5µm
_09908_,8.5µm
_10184_,8.5µm
_10674_,8.5µm
_10839_,8.5µm
_12517_,8.5µm
_14036_,8.5µm
_14143_,8.5µm
_14717_,8.5µm
_14841_,8.5µm
_15481_,8.5µm
_15800_,8.5µm
_16392_,8.5µm
_16394_,8.5µm
_16431_,8.5µm
_17142_,8.5µm
_17210_,8.5µm
_17655_,8.5µm
_17706_,8.5µm
_17744_,8.5µm
_18090_,8.5µm
_18217_,8.5µm
_18302_,8.5µm
_18430_,8.5µm
_18473_,8.5µm
_18732_,8.5µm
_18810_,8.5µm
_19322_,8.5µm
_19368_,8.5µm
_19568_,8.5µm
_19585_,8.5µm
_19609_,8.5µm
_19855_,8.5µm
_20194_,8.5µm
_20238_,8.5µm
_20454_,8.5µm
_20871_,8.5µm
_21252_,8.5µm
_21715_,8.5µm
_21774_,8.5µm
_21868_,8.5µm
_22425_,8.5µm
_22735_,8.5µm
_23180_,8.5µm
_23412_,8.5µm
_23418_,8.5µm
_23659_,8.5µm
_24020_,8.5µm
_24108_,8.5µm
_24366_,8.5µm
_24615_,8.5µm
_24676_,8.5µm
_25024_,8.5µm
_25421_,8.5µm
_25701_,8.5µm
_27065_,8.5µm
_27073_,8.5µm
_27140_,8.5µm
_27173_,8.5µm
_27537_,8.5µm
i_core_v_mini_mcu.ao_peripheral_subsystem_i.mosaic_clint_i.mtimecmp_q\[32\],8.5µm
i_core_v_mini_mcu.ao_peripheral_subsystem_i.power_manager_i.power_manager_reg_top_i.reg2hw\[250\],8.5µm
i_core_v_mini_mcu.ao_peripheral_subsystem_i.tdu_i.active_hart_cycles_q\[24\],8.5µm
i_core_v_mini_mcu.ao_peripheral_subsystem_i.tdu_i.task_mem\[2\]\[29\],8.5µm
i_core_v_mini_mcu.cpu_subsystem_i.cpu_0_0.rf_ram_i.memory\[114\]\[0\],8.5µm
i_core_v_mini_mcu.cpu_subsystem_i.cpu_0_0.rf_ram_i.memory\[357\]\[1\],8.5µm
i_core_v_mini_mcu.cpu_subsystem_i.cpu_1_0.rf_ram_i.memory\[107\]\[1\],8.5µm
i_core_v_mini_mcu.cpu_subsystem_i.cpu_1_0.rf_ram_i.memory\[223\]\[0\],8.5µm
i_core_v_mini_mcu.cpu_subsystem_i.cpu_1_0.rf_ram_i.memory\[451\]\[1\],8.5µm
i_core_v_mini_mcu.cpu_subsystem_i.cpu_1_0.rf_ram_i.memory\[81\]\[1\],8.5µm
i_core_v_mini_mcu.memory_subsystem_i.ram0_i.tc_ram_i.sram\[11\]\[24\],8.5µm
i_core_v_mini_mcu.memory_subsystem_i.ram0_i.tc_ram_i.sram\[16\]\[13\],8.5µm
i_core_v_mini_mcu.memory_subsystem_i.ram0_i.tc_ram_i.sram\[22\]\[8\],8.5µm
i_core_v_mini_mcu.memory_subsystem_i.ram0_i.tc_ram_i.sram\[28\]\[25\],8.5µm
i_core_v_mini_mcu.memory_subsystem_i.ram0_i.tc_ram_i.sram\[31\]\[28\],8.5µm
i_core_v_mini_mcu.memory_subsystem_i.ram0_i.tc_ram_i.sram\[3\]\[10\],8.5µm
i_core_v_mini_mcu.memory_subsystem_i.ram0_i.tc_ram_i.sram\[5\]\[18\],8.5µm
i_core_v_mini_mcu.memory_subsystem_i.ram0_i.tc_ram_i.sram\[5\]\[1\],8.5µm
i_core_v_mini_mcu.peripheral_subsystem_i.obi_fifo_i.consumer_data_req_q\[26\],8.5µm
_00036_,8.45µm
_00142_,8.45µm
_00201_,8.45µm
_00224_,8.45µm
_00296_,8.45µm
_00316_,8.45µm
_00506_,8.45µm
_00524_,8.45µm
_00537_,8.45µm
_00551_,8.45µm
_00558_,8.45µm
_00598_,8.45µm
_00620_,8.45µm
_00658_,8.45µm
_00717_,8.45µm
_00775_,8.45µm
_00813_,8.45µm
_00820_,8.45µm
_00839_,8.45µm
_00843_,8.45µm
_00919_,8.45µm
_00955_,8.45µm
_00979_,8.45µm
_01040_,8.45µm
_01116_,8.45µm
_01211_,8.45µm
_01339_,8.45µm
_01403_,8.45µm
_01404_,8.45µm
_01464_,8.45µm
_01476_,8.45µm
_01618_,8.45µm
_01638_,8.45µm
_01685_,8.45µm
_01751_,8.45µm
_01756_,8.45µm
_01762_,8.45µm
_01765_,8.45µm
_01958_,8.45µm
_02052_,8.45µm
_02171_,8.45µm
_02178_,8.45µm
_02287_,8.45µm
_02311_,8.45µm
_02322_,8.45µm
_02390_,8.45µm
_02424_,8.45µm
_02510_,8.45µm
_02625_,8.45µm
_02638_,8.45µm
_02875_,8.45µm
_03412_,8.45µm
_03439_,8.45µm
_03443_,8.45µm
_03457_,8.45µm
_03474_,8.45µm
_03696_,8.45µm
_03708_,8.45µm
_03880_,8.45µm
_04029_,8.45µm
_04057_,8.45µm
_04080_,8.45µm
_04111_,8.45µm
_04131_,8.45µm
_04185_,8.45µm
_04225_,8.45µm
_04289_,8.45µm
_04313_,8.45µm
_04389_,8.45µm
_04440_,8.45µm
_04484_,8.45µm
_04496_,8.45µm
_04519_,8.45µm
_04521_,8.45µm
_04530_,8.45µm
_04670_,8.45µm
_04677_,8.45µm
_04926_,8.45µm
_04972_,8.45µm
_05002_,8.45µm
_05074_,8.45µm
_05163_,8.45µm
_05230_,8.45µm
_05248_,8.45µm
_05262_,8.45µm
_05354_,8.45µm
_05779_,8.45µm
_05895_,8.45µm
_05922_,8.45µm
_06008_,8.45µm
_06224_,8.45µm
_06290_,8.45µm
_06402_,8.45µm
_06464_,8.45µm
_06677_,8.45µm
_06729_,8.45µm
_06881_,8.45µm
_07323_,8.45µm
_07478_,8.45µm
_07483_,8.45µm
_07539_,8.45µm
_07635_,8.45µm
_08063_,8.45µm
_08262_,8.45µm
_08441_,8.45µm
_08510_,8.45µm
_08656_,8.45µm
_08823_,8.45µm
_08984_,8.45µm
_09000_,8.45µm
_09020_,8.45µm
_09114_,8.45µm
_09174_,8.45µm
_09322_,8.45µm
_09737_,8.45µm
_09818_,8.45µm
_09824_,8.45µm
_09882_,8.45µm
_10122_,8.45µm
_10531_,8.45µm
_10554_,8.45µm
_10618_,8.45µm
_10645_,8.45µm
_11010_,8.45µm
_11107_,8.45µm
_11221_,8.45µm
_11309_,8.45µm
_11330_,8.45µm
_11533_,8.45µm
_11543_,8.45µm
_11784_,8.45µm
_11787_,8.45µm
_11789_,8.45µm
_11867_,8.45µm
_11880_,8.45µm
_11907_,8.45µm
_12180_,8.45µm
_12336_,8.45µm
_12349_,8.45µm
_12510_,8.45µm
_12786_,8.45µm
_12973_,8.45µm
_13098_,8.45µm
_13234_,8.45µm
_13524_,8.45µm
_13739_,8.45µm
_13751_,8.45µm
_14253_,8.45µm
_14433_,8.45µm
_14602_,8.45µm
_14644_,8.45µm
_14956_,8.45µm
_15072_,8.45µm
_15578_,8.45µm
_15651_,8.45µm
_15802_,8.45µm
_15863_,8.45µm
_15919_,8.45µm
_15929_,8.45µm
_16709_,8.45µm
_16763_,8.45µm
_17168_,8.45µm
_17384_,8.45µm
_17750_,8.45µm
_17795_,8.45µm
_17883_,8.45µm
_18080_,8.45µm
_18262_,8.45µm
_18305_,8.45µm
_18368_,8.45µm
_18407_,8.45µm
_18418_,8.45µm
_18429_,8.45µm
_18433_,8.45µm
_18485_,8.45µm
_18690_,8.45µm
_18854_,8.45µm
_19214_,8.45µm
_19388_,8.45µm
_19406_,8.45µm
_19431_,8.45µm
_19639_,8.45µm
_19756_,8.45µm
_19887_,8.45µm
_20283_,8.45µm
_20393_,8.45µm
_20429_,8.45µm
_20626_,8.45µm
_20874_,8.45µm
_21018_,8.45µm
_21284_,8.45µm
_21767_,8.45µm
_21806_,8.45µm
_21856_,8.45µm
_22032_,8.45µm
_22153_,8.45µm
_22355_,8.45µm
_22388_,8.45µm
_22440_,8.45µm
_22464_,8.45µm
_22541_,8.45µm
_22553_,8.45µm
_22721_,8.45µm
_22883_,8.45µm
_22990_,8.45µm
_23098_,8.45µm
_23261_,8.45µm
_23272_,8.45µm
_23409_,8.45µm
_23698_,8.45µm
_23736_,8.45µm
_23754_,8.45µm
_23929_,8.45µm
_24014_,8.45µm
_24019_,8.45µm
_24266_,8.45µm
_24381_,8.45µm
_24388_,8.45µm
_24455_,8.45µm
_24660_,8.45µm
_24831_,8.45µm
_25066_,8.45µm
_25146_,8.45µm
_25393_,8.45µm
_25489_,8.45µm
_25590_,8.45µm
_25612_,8.45µm
_25649_,8.45µm
_25786_,8.45µm
_26065_,8.45µm
_26369_,8.45µm
_26377_,8.45µm
_26464_,8.45µm
_26487_,8.45µm
_26538_,8.45µm
_26757_,8.45µm
_26772_,8.45µm
_26782_,8.45µm
_26823_,8.45µm
_26849_,8.45µm
_27031_,8.45µm
_27154_,8.45µm
_27178_,8.45µm
_27227_,8.45µm
_27266_,8.45µm
_27302_,8.45µm
_27317_,8.45µm
_27494_,8.45µm
_27686_,8.45µm
i_core_v_mini_mcu.ao_peripheral_subsystem_i.obi_fifo_i.consumer_data_req\[54\],8.45µm
i_core_v_mini_mcu.ao_peripheral_subsystem_i.spi_subsystem_i.obi_spimemio_i.obi_to_picorv32_i.obi_resp_o\[6\],8.45µm
i_core_v_mini_mcu.ao_peripheral_subsystem_i.tdu_i.active_hart_cycles_q\[18\],8.45µm
i_core_v_mini_mcu.ao_peripheral_subsystem_i.tdu_i.cpi_est_q\[40\],8.45µm
i_core_v_mini_mcu.cpu_subsystem_i.cpu_0_0.i_servile.cpu.immdec.gen_immdec_w_eq_1.imm30_25\[3\],8.45µm
i_core_v_mini_mcu.cpu_subsystem_i.cpu_0_0.rf_ram_i.memory\[315\]\[0\],8.45µm
i_core_v_mini_mcu.cpu_subsystem_i.cpu_0_0.rf_ram_i.memory\[407\]\[0\],8.45µm
i_core_v_mini_mcu.cpu_subsystem_i.cpu_1_0.i_servile.arbiter.i_wb_cpu_dbus_adr\[14\],8.45µm
i_core_v_mini_mcu.cpu_subsystem_i.cpu_1_0.i_servile.cpu.immdec.gen_immdec_w_eq_1.imm19_12_20\[1\],8.45µm
i_core_v_mini_mcu.cpu_subsystem_i.cpu_1_0.rf_ram_i.memory\[161\]\[1\],8.45µm
i_core_v_mini_mcu.cpu_subsystem_i.cpu_1_0.rf_ram_i.memory\[57\]\[1\],8.45µm
i_core_v_mini_mcu.memory_subsystem_i.ram0_i.tc_ram_i.sram\[17\]\[8\],8.45µm
i_core_v_mini_mcu.memory_subsystem_i.ram0_i.tc_ram_i.sram\[18\]\[28\],8.45µm
i_core_v_mini_mcu.memory_subsystem_i.ram0_i.tc_ram_i.sram\[1\]\[22\],8.45µm
i_core_v_mini_mcu.memory_subsystem_i.ram0_i.tc_ram_i.sram\[21\]\[18\],8.45µm
i_core_v_mini_mcu.memory_subsystem_i.ram0_i.tc_ram_i.sram\[21\]\[23\],8.45µm
i_core_v_mini_mcu.memory_subsystem_i.ram0_i.tc_ram_i.sram\[28\]\[12\],8.45µm
i_core_v_mini_mcu.memory_subsystem_i.ram0_i.tc_ram_i.sram\[6\]\[4\],8.45µm
i_core_v_mini_mcu.peripheral_subsystem_i.obi_fifo_i.consumer_data_req_q\[24\],8.45µm
i_core_v_mini_mcu.peripheral_subsystem_i.uart_i.uart_core.u_uart_rxfifo.gen_normal_fifo.storage\[1\],8.45µm
i_core_v_mini_mcu.peripheral_subsystem_i.uart_i.uart_core.uart_tx.sreg_q\[0\],8.45µm
_00027_,8.4µm
_00057_,8.4µm
_00097_,8.4µm
_00106_,8.4µm
_00110_,8.4µm
_00116_,8.4µm
_00153_,8.4µm
_00167_,8.4µm
_00169_,8.4µm
_00177_,8.4µm
_00209_,8.4µm
_00281_,8.4µm
_00313_,8.4µm
_00324_,8.4µm
_00386_,8.4µm
_00402_,8.4µm
_00469_,8.4µm
_00515_,8.4µm
_00582_,8.4µm
_00679_,8.4µm
_00688_,8.4µm
_00692_,8.4µm
_00733_,8.4µm
_00821_,8.4µm
_00926_,8.4µm
_00929_,8.4µm
_00945_,8.4µm
_01010_,8.4µm
_01017_,8.4µm
_01053_,8.4µm
_01210_,8.4µm
_01212_,8.4µm
_01335_,8.4µm
_01340_,8.4µm
_01397_,8.4µm
_01437_,8.4µm
_01637_,8.4µm
_01689_,8.4µm
_01690_,8.4µm
_01748_,8.4µm
_01794_,8.4µm
_01878_,8.4µm
_01905_,8.4µm
_02004_,8.4µm
_02041_,8.4µm
_02060_,8.4µm
_02137_,8.4µm
_02309_,8.4µm
_02356_,8.4µm
_02389_,8.4µm
_02397_,8.4µm
_02474_,8.4µm
_02483_,8.4µm
_02488_,8.4µm
_02506_,8.4µm
_02597_,8.4µm
_02722_,8.4µm
_02739_,8.4µm
_02756_,8.4µm
_02757_,8.4µm
_02827_,8.4µm
_02904_,8.4µm
_02913_,8.4µm
_02952_,8.4µm
_03008_,8.4µm
_03013_,8.4µm
_03032_,8.4µm
_03051_,8.4µm
_03080_,8.4µm
_03105_,8.4µm
_03112_,8.4µm
_03171_,8.4µm
_03180_,8.4µm
_03195_,8.4µm
_03235_,8.4µm
_03250_,8.4µm
_03264_,8.4µm
_03266_,8.4µm
_03303_,8.4µm
_03316_,8.4µm
_03319_,8.4µm
_03347_,8.4µm
_03366_,8.4µm
_03383_,8.4µm
_03415_,8.4µm
_03466_,8.4µm
_03481_,8.4µm
_03488_,8.4µm
_03496_,8.4µm
_03546_,8.4µm
_03557_,8.4µm
_03572_,8.4µm
_03573_,8.4µm
_03587_,8.4µm
_03671_,8.4µm
_03780_,8.4µm
_03788_,8.4µm
_03794_,8.4µm
_03799_,8.4µm
_03817_,8.4µm
_03844_,8.4µm
_03845_,8.4µm
_03847_,8.4µm
_03849_,8.4µm
_03876_,8.4µm
_03899_,8.4µm
_03917_,8.4µm
_03958_,8.4µm
_03987_,8.4µm
_04048_,8.4µm
_04123_,8.4µm
_04165_,8.4µm
_04190_,8.4µm
_04238_,8.4µm
_04527_,8.4µm
_04547_,8.4µm
_04566_,8.4µm
_04601_,8.4µm
_04621_,8.4µm
_04889_,8.4µm
_04984_,8.4µm
_05000_,8.4µm
_05033_,8.4µm
_05046_,8.4µm
_05115_,8.4µm
_05203_,8.4µm
_05218_,8.4µm
_05247_,8.4µm
_05273_,8.4µm
_05456_,8.4µm
_05573_,8.4µm
_05968_,8.4µm
_06053_,8.4µm
_06103_,8.4µm
_06171_,8.4µm
_06212_,8.4µm
_06389_,8.4µm
_06673_,8.4µm
_06833_,8.4µm
_07047_,8.4µm
_07073_,8.4µm
_07106_,8.4µm
_07298_,8.4µm
_07374_,8.4µm
_07442_,8.4µm
_07445_,8.4µm
_07452_,8.4µm
_07530_,8.4µm
_07551_,8.4µm
_07672_,8.4µm
_07682_,8.4µm
_07764_,8.4µm
_07871_,8.4µm
_07947_,8.4µm
_07988_,8.4µm
_08011_,8.4µm
_08290_,8.4µm
_08408_,8.4µm
_08460_,8.4µm
_08492_,8.4µm
_08506_,8.4µm
_08554_,8.4µm
_08566_,8.4µm
_08567_,8.4µm
_08648_,8.4µm
_08664_,8.4µm
_08718_,8.4µm
_08759_,8.4µm
_08869_,8.4µm
_08920_,8.4µm
_09166_,8.4µm
_09503_,8.4µm
_09580_,8.4µm
_09786_,8.4µm
_10006_,8.4µm
_10120_,8.4µm
_10253_,8.4µm
_10261_,8.4µm
_10312_,8.4µm
_10355_,8.4µm
_10366_,8.4µm
_10450_,8.4µm
_10483_,8.4µm
_10751_,8.4µm
_10773_,8.4µm
_10829_,8.4µm
_10968_,8.4µm
_11425_,8.4µm
_11441_,8.4µm
_11461_,8.4µm
_11558_,8.4µm
_11670_,8.4µm
_11783_,8.4µm
_11874_,8.4µm
_11939_,8.4µm
_12175_,8.4µm
_12190_,8.4µm
_12206_,8.4µm
_12319_,8.4µm
_12478_,8.4µm
_12627_,8.4µm
_12695_,8.4µm
_12725_,8.4µm
_13044_,8.4µm
_13307_,8.4µm
_13311_,8.4µm
_13340_,8.4µm
_13374_,8.4µm
_13601_,8.4µm
_13602_,8.4µm
_13660_,8.4µm
_13677_,8.4µm
_13707_,8.4µm
_13807_,8.4µm
_13808_,8.4µm
_13979_,8.4µm
_13997_,8.4µm
_14034_,8.4µm
_14104_,8.4µm
_14144_,8.4µm
_14148_,8.4µm
_14454_,8.4µm
_14496_,8.4µm
_14744_,8.4µm
_14761_,8.4µm
_14795_,8.4µm
_15006_,8.4µm
_15512_,8.4µm
_15540_,8.4µm
_15727_,8.4µm
_15750_,8.4µm
_15751_,8.4µm
_16079_,8.4µm
_16114_,8.4µm
_16348_,8.4µm
_16354_,8.4µm
_16360_,8.4µm
_16588_,8.4µm
_16591_,8.4µm
_17487_,8.4µm
_18072_,8.4µm
_18293_,8.4µm
_18327_,8.4µm
_18345_,8.4µm
_18471_,8.4µm
_18702_,8.4µm
_19022_,8.4µm
_19055_,8.4µm
_19066_,8.4µm
_19115_,8.4µm
_19239_,8.4µm
_19260_,8.4µm
_19305_,8.4µm
_19339_,8.4µm
_19341_,8.4µm
_19376_,8.4µm
_19412_,8.4µm
_19445_,8.4µm
_19488_,8.4µm
_19544_,8.4µm
_19564_,8.4µm
_19571_,8.4µm
_19698_,8.4µm
_19740_,8.4µm
_19888_,8.4µm
_19924_,8.4µm
_19927_,8.4µm
_19954_,8.4µm
_20003_,8.4µm
_20034_,8.4µm
_20080_,8.4µm
_20099_,8.4µm
_20105_,8.4µm
_20114_,8.4µm
_20137_,8.4µm
_20152_,8.4µm
_20198_,8.4µm
_20245_,8.4µm
_20412_,8.4µm
_20439_,8.4µm
_20634_,8.4µm
_20640_,8.4µm
_20672_,8.4µm
_20716_,8.4µm
_20756_,8.4µm
_20766_,8.4µm
_20785_,8.4µm
_20894_,8.4µm
_20965_,8.4µm
_20982_,8.4µm
_21218_,8.4µm
_21579_,8.4µm
_21631_,8.4µm
_21654_,8.4µm
_21656_,8.4µm
_21979_,8.4µm
_22045_,8.4µm
_22146_,8.4µm
_22240_,8.4µm
_22250_,8.4µm
_22379_,8.4µm
_22470_,8.4µm
_22686_,8.4µm
_22704_,8.4µm
_22715_,8.4µm
_22720_,8.4µm
_22737_,8.4µm
_22763_,8.4µm
_22927_,8.4µm
_23045_,8.4µm
_23085_,8.4µm
_23282_,8.4µm
_23310_,8.4µm
_23316_,8.4µm
_23338_,8.4µm
_23422_,8.4µm
_23480_,8.4µm
_23704_,8.4µm
_23793_,8.4µm
_23805_,8.4µm
_23848_,8.4µm
_24070_,8.4µm
_24072_,8.4µm
_24135_,8.4µm
_24225_,8.4µm
_24244_,8.4µm
_24403_,8.4µm
_24531_,8.4µm
_24538_,8.4µm
_24603_,8.4µm
_24718_,8.4µm
_24799_,8.4µm
_24809_,8.4µm
_25043_,8.4µm
_25134_,8.4µm
_25180_,8.4µm
_25296_,8.4µm
_25369_,8.4µm
_25399_,8.4µm
_25426_,8.4µm
_25513_,8.4µm
_25673_,8.4µm
_25678_,8.4µm
_25699_,8.4µm
_25811_,8.4µm
_26006_,8.4µm
_26118_,8.4µm
_26266_,8.4µm
_26334_,8.4µm
_26617_,8.4µm
_26690_,8.4µm
_26792_,8.4µm
_26794_,8.4µm
_26917_,8.4µm
_26971_,8.4µm
_26994_,8.4µm
_27027_,8.4µm
_27042_,8.4µm
_27104_,8.4µm
_27285_,8.4µm
_27339_,8.4µm
_27515_,8.4µm
_27532_,8.4µm
_27590_,8.4µm
_27669_,8.4µm
_27712_,8.4µm
i_core_v_mini_mcu.ao_peripheral_subsystem_i.obi_fifo_i.consumer_resp_i\[25\],8.4µm
i_core_v_mini_mcu.ao_peripheral_subsystem_i.power_manager_i.power_manager_reg_top_i.cpu_iso_off_counter_qs\[1\],8.4µm
i_core_v_mini_mcu.ao_peripheral_subsystem_i.power_manager_i.power_manager_reg_top_i.u_intr_state.wr_data\[25\],8.4µm
i_core_v_mini_mcu.ao_peripheral_subsystem_i.spi_subsystem_i.obi_spimemio_i.spimemio_i.dout_data\[0\],8.4µm
i_core_v_mini_mcu.ao_peripheral_subsystem_i.spi_subsystem_i.obi_spimemio_i.spimemio_i.dout_data\[2\],8.4µm
i_core_v_mini_mcu.ao_peripheral_subsystem_i.spi_subsystem_i.obi_spimemio_i.spimemio_i.dout_tag\[0\],8.4µm
i_core_v_mini_mcu.ao_peripheral_subsystem_i.tdu_i.active_hart_cycles_q\[25\],8.4µm
i_core_v_mini_mcu.ao_peripheral_subsystem_i.tdu_i.active_hart_cycles_q\[7\],8.4µm
i_core_v_mini_mcu.cpu_subsystem_i.cpu_0_0.i_servile.arbiter.i_wb_cpu_dbus_adr\[19\],8.4µm
i_core_v_mini_mcu.cpu_subsystem_i.cpu_0_0.i_servile.cpu.alu.i_rd_sel\[0\],8.4µm
i_core_v_mini_mcu.cpu_subsystem_i.cpu_0_0.i_servile.cpu.decode.o_ebreak,8.4µm
i_core_v_mini_mcu.cpu_subsystem_i.cpu_0_0.i_servile.cpu.gen_csr.csr.mcause31,8.4µm
i_core_v_mini_mcu.cpu_subsystem_i.cpu_0_0.rf_ram_i.memory\[302\]\[0\],8.4µm
i_core_v_mini_mcu.cpu_subsystem_i.cpu_0_0.rf_ram_i.memory\[55\]\[0\],8.4µm
i_core_v_mini_mcu.cpu_subsystem_i.cpu_0_0.rf_ram_i.regzero,8.4µm
i_core_v_mini_mcu.cpu_subsystem_i.cpu_1_0.i_servile.cpu.ctrl.pc_plus_offset_cy_r,8.4µm
i_core_v_mini_mcu.memory_subsystem_i.ram0_i.tc_ram_i.sram\[0\]\[5\],8.4µm
i_core_v_mini_mcu.memory_subsystem_i.ram0_i.tc_ram_i.sram\[15\]\[31\],8.4µm
i_core_v_mini_mcu.memory_subsystem_i.ram0_i.tc_ram_i.sram\[16\]\[27\],8.4µm
i_core_v_mini_mcu.memory_subsystem_i.ram0_i.tc_ram_i.sram\[20\]\[2\],8.4µm
i_core_v_mini_mcu.memory_subsystem_i.ram0_i.tc_ram_i.sram\[31\]\[4\],8.4µm
i_core_v_mini_mcu.peripheral_subsystem_i.uart_i.reg2hw\[40\],8.4µm
i_core_v_mini_mcu.memory_subsystem_i.ram0_i.tc_ram_i.sram\[15\]\[1\],8.17µm
_21135_,8.12µm
i_core_v_mini_mcu.cpu_subsystem_i.cpu_0_0.rf_ram_i.memory\[571\]\[1\],8.12µm
_04315_,7.99µm
_09989_,7.99µm
_10130_,7.99µm
_11406_,7.99µm
_12075_,7.99µm
_12711_,7.99µm
_17239_,7.99µm
_19786_,7.99µm
_22988_,7.99µm
_23701_,7.99µm
i_core_v_mini_mcu.cpu_subsystem_i.cpu_0_0.rf_ram_i.memory\[370\]\[1\],7.99µm
i_core_v_mini_mcu.memory_subsystem_i.ram0_i.tc_ram_i.sram\[11\]\[2\],7.99µm
i_core_v_mini_mcu.memory_subsystem_i.ram0_i.tc_ram_i.sram\[19\]\[12\],7.975µm
_00082_,7.94µm
_00279_,7.94µm
_00648_,7.94µm
_01016_,7.94µm
_01096_,7.94µm
_01175_,7.94µm
_01416_,7.94µm
_01422_,7.94µm
_01535_,7.94µm
_01552_,7.94µm
_01681_,7.94µm
_01773_,7.94µm
_01788_,7.94µm
_01801_,7.94µm
_01980_,7.94µm
_02016_,7.94µm
_02161_,7.94µm
_02176_,7.94µm
_02180_,7.94µm
_02372_,7.94µm
_02375_,7.94µm
_02378_,7.94µm
_03924_,7.94µm
_04104_,7.94µm
_04397_,7.94µm
_04593_,7.94µm
_06052_,7.94µm
_06190_,7.94µm
_06632_,7.94µm
_06799_,7.94µm
_07289_,7.94µm
_07373_,7.94µm
_08044_,7.94µm
_08667_,7.94µm
_09825_,7.94µm
_10505_,7.94µm
_11096_,7.94µm
_11276_,7.94µm
_12747_,7.94µm
_13147_,7.94µm
_13159_,7.94µm
_13162_,7.94µm
_14261_,7.94µm
_14481_,7.94µm
_14660_,7.94µm
_15126_,7.94µm
_16255_,7.94µm
_16302_,7.94µm
_17258_,7.94µm
_17819_,7.94µm
_17976_,7.94µm
_19713_,7.94µm
_19895_,7.94µm
_20128_,7.94µm
_20141_,7.94µm
_20615_,7.94µm
_20662_,7.94µm
_20676_,7.94µm
_20689_,7.94µm
_20778_,7.94µm
_20974_,7.94µm
_21381_,7.94µm
_21481_,7.94µm
_21680_,7.94µm
_21760_,7.94µm
_22111_,7.94µm
_22631_,7.94µm
_22728_,7.94µm
_22834_,7.94µm
_23277_,7.94µm
_23425_,7.94µm
_23439_,7.94µm
_23485_,7.94µm
_23743_,7.94µm
_23920_,7.94µm
_24259_,7.94µm
_24334_,7.94µm
_24595_,7.94µm
_26313_,7.94µm
i_core_v_mini_mcu.ao_peripheral_subsystem_i.tdu_i.task_mem\[3\]\[22\],7.94µm
i_core_v_mini_mcu.cpu_subsystem_i.cpu_0_0.rf_ram_i.memory\[146\]\[1\],7.94µm
i_core_v_mini_mcu.cpu_subsystem_i.cpu_0_0.rf_ram_i.memory\[272\]\[0\],7.94µm
i_core_v_mini_mcu.cpu_subsystem_i.cpu_0_0.rf_ram_i.memory\[295\]\[1\],7.94µm
i_core_v_mini_mcu.cpu_subsystem_i.cpu_0_0.rf_ram_i.memory\[338\]\[1\],7.94µm
i_core_v_mini_mcu.cpu_subsystem_i.cpu_1_0.rf_ram_i.memory\[107\]\[0\],7.94µm
i_core_v_mini_mcu.cpu_subsystem_i.cpu_1_0.rf_ram_i.memory\[12\]\[0\],7.94µm
i_core_v_mini_mcu.memory_subsystem_i.ram0_i.tc_ram_i.sram\[0\]\[16\],7.94µm
i_core_v_mini_mcu.memory_subsystem_i.ram0_i.tc_ram_i.sram\[10\]\[14\],7.94µm
i_core_v_mini_mcu.memory_subsystem_i.ram0_i.tc_ram_i.sram\[17\]\[6\],7.94µm
i_core_v_mini_mcu.memory_subsystem_i.ram0_i.tc_ram_i.sram\[23\]\[3\],7.94µm
i_core_v_mini_mcu.memory_subsystem_i.ram0_i.tc_ram_i.sram\[25\]\[11\],7.94µm
i_core_v_mini_mcu.memory_subsystem_i.ram0_i.tc_ram_i.sram\[27\]\[27\],7.94µm
i_core_v_mini_mcu.memory_subsystem_i.ram0_i.tc_ram_i.sram\[28\]\[11\],7.94µm
i_core_v_mini_mcu.memory_subsystem_i.ram0_i.tc_ram_i.sram\[4\]\[26\],7.94µm
i_core_v_mini_mcu.memory_subsystem_i.ram0_i.tc_ram_i.sram\[6\]\[28\],7.94µm
i_core_v_mini_mcu.peripheral_subsystem_i.obi_fifo_i.consumer_resp_i\[1\],7.94µm
i_core_v_mini_mcu.peripheral_subsystem_i.uart_i.uart_core.u_uart_rxfifo.gen_normal_fifo.storage\[30\],7.94µm
i_core_v_mini_mcu.peripheral_subsystem_i.uart_i.uart_core.u_uart_rxfifo.gen_normal_fifo.storage\[6\],7.94µm
_00012_,7.89µm
_00015_,7.89µm
_00090_,7.89µm
_00203_,7.89µm
_00221_,7.89µm
_00233_,7.89µm
_00268_,7.89µm
_00392_,7.89µm
_00473_,7.89µm
_00555_,7.89µm
_00578_,7.89µm
_00593_,7.89µm
_00630_,7.89µm
_00674_,7.89µm
_00680_,7.89µm
_00689_,7.89µm
_00826_,7.89µm
_00960_,7.89µm
_00986_,7.89µm
_01038_,7.89µm
_01071_,7.89µm
_01073_,7.89µm
_01090_,7.89µm
_01115_,7.89µm
_01154_,7.89µm
_01192_,7.89µm
_01193_,7.89µm
_01233_,7.89µm
_01243_,7.89µm
_01313_,7.89µm
_01391_,7.89µm
_01418_,7.89µm
_01458_,7.89µm
_01498_,7.89µm
_01527_,7.89µm
_01593_,7.89µm
_01631_,7.89µm
_01662_,7.89µm
_01673_,7.89µm
_01715_,7.89µm
_01834_,7.89µm
_01837_,7.89µm
_01859_,7.89µm
_01909_,7.89µm
_01912_,7.89µm
_01938_,7.89µm
_01943_,7.89µm
_01956_,7.89µm
_01995_,7.89µm
_02008_,7.89µm
_02048_,7.89µm
_02067_,7.89µm
_02078_,7.89µm
_02157_,7.89µm
_02289_,7.89µm
_02407_,7.89µm
_02420_,7.89µm
_02562_,7.89µm
_02571_,7.89µm
_02595_,7.89µm
_02676_,7.89µm
_02801_,7.89µm
_02805_,7.89µm
_02881_,7.89µm
_02905_,7.89µm
_03198_,7.89µm
_03268_,7.89µm
_03296_,7.89µm
_03525_,7.89µm
_03706_,7.89µm
_03725_,7.89µm
_03736_,7.89µm
_03868_,7.89µm
_03870_,7.89µm
_03938_,7.89µm
_04063_,7.89µm
_04156_,7.89µm
_04177_,7.89µm
_04357_,7.89µm
_04384_,7.89µm
_04425_,7.89µm
_04542_,7.89µm
_04577_,7.89µm
_04578_,7.89µm
_04712_,7.89µm
_04768_,7.89µm
_04816_,7.89µm
_04954_,7.89µm
_05105_,7.89µm
_05123_,7.89µm
_05133_,7.89µm
_05148_,7.89µm
_05212_,7.89µm
_05351_,7.89µm
_05394_,7.89µm
_05425_,7.89µm
_05523_,7.89µm
_06037_,7.89µm
_06185_,7.89µm
_06215_,7.89µm
_06270_,7.89µm
_06483_,7.89µm
_06712_,7.89µm
_07031_,7.89µm
_07149_,7.89µm
_07180_,7.89µm
_07363_,7.89µm
_07531_,7.89µm
_07760_,7.89µm
_07780_,7.89µm
_07889_,7.89µm
_07936_,7.89µm
_07950_,7.89µm
_08127_,7.89µm
_08170_,7.89µm
_08397_,7.89µm
_08701_,7.89µm
_08705_,7.89µm
_08794_,7.89µm
_08874_,7.89µm
_08892_,7.89µm
_08979_,7.89µm
_09061_,7.89µm
_09094_,7.89µm
_09101_,7.89µm
_09159_,7.89µm
_09290_,7.89µm
_09379_,7.89µm
_09505_,7.89µm
_09654_,7.89µm
_09833_,7.89µm
_09953_,7.89µm
_10065_,7.89µm
_10533_,7.89µm
_10764_,7.89µm
_10845_,7.89µm
_10855_,7.89µm
_11177_,7.89µm
_11214_,7.89µm
_11364_,7.89µm
_11445_,7.89µm
_11636_,7.89µm
_11671_,7.89µm
_11693_,7.89µm
_11883_,7.89µm
_12396_,7.89µm
_12475_,7.89µm
_12541_,7.89µm
_12612_,7.89µm
_12754_,7.89µm
_12811_,7.89µm
_12914_,7.89µm
_12953_,7.89µm
_13139_,7.89µm
_13227_,7.89µm
_13281_,7.89µm
_13336_,7.89µm
_13384_,7.89µm
_13427_,7.89µm
_13925_,7.89µm
_13995_,7.89µm
_14475_,7.89µm
_14523_,7.89µm
_14876_,7.89µm
_14971_,7.89µm
_15069_,7.89µm
_15204_,7.89µm
_15640_,7.89µm
_15951_,7.89µm
_16391_,7.89µm
_16412_,7.89µm
_16826_,7.89µm
_16858_,7.89µm
_18194_,7.89µm
_18241_,7.89µm
_18425_,7.89µm
_18495_,7.89µm
_18503_,7.89µm
_18540_,7.89µm
_18545_,7.89µm
_18619_,7.89µm
_18640_,7.89µm
_18731_,7.89µm
_18763_,7.89µm
_18788_,7.89µm
_18952_,7.89µm
_19162_,7.89µm
_19169_,7.89µm
_19227_,7.89µm
_19282_,7.89µm
_19547_,7.89µm
_19707_,7.89µm
_19744_,7.89µm
_19832_,7.89µm
_20051_,7.89µm
_20287_,7.89µm
_20474_,7.89µm
_20532_,7.89µm
_20601_,7.89µm
_20703_,7.89µm
_20743_,7.89µm
_20754_,7.89µm
_20814_,7.89µm
_21062_,7.89µm
_21122_,7.89µm
_21128_,7.89µm
_21205_,7.89µm
_21237_,7.89µm
_21503_,7.89µm
_21514_,7.89µm
_21591_,7.89µm
_21652_,7.89µm
_21695_,7.89µm
_22048_,7.89µm
_22247_,7.89µm
_22308_,7.89µm
_22420_,7.89µm
_22453_,7.89µm
_22775_,7.89µm
_23160_,7.89µm
_23198_,7.89µm
_23235_,7.89µm
_23334_,7.89µm
_23417_,7.89µm
_23923_,7.89µm
_23983_,7.89µm
_24046_,7.89µm
_24140_,7.89µm
_24295_,7.89µm
_24358_,7.89µm
_24359_,7.89µm
_24376_,7.89µm
_24507_,7.89µm
_24573_,7.89µm
_24580_,7.89µm
_24622_,7.89µm
_24748_,7.89µm
_24783_,7.89µm
_24785_,7.89µm
_24814_,7.89µm
_25117_,7.89µm
_25148_,7.89µm
_25150_,7.89µm
_25223_,7.89µm
_25282_,7.89µm
_25332_,7.89µm
_25488_,7.89µm
_25540_,7.89µm
_25568_,7.89µm
_25674_,7.89µm
_25687_,7.89µm
_25693_,7.89µm
_25709_,7.89µm
_25841_,7.89µm
_25858_,7.89µm
_25939_,7.89µm
_25950_,7.89µm
_26048_,7.89µm
_26078_,7.89µm
_26323_,7.89µm
_26514_,7.89µm
_26568_,7.89µm
_26631_,7.89µm
_26787_,7.89µm
_26824_,7.89µm
_26941_,7.89µm
_27012_,7.89µm
_27080_,7.89µm
_27115_,7.89µm
_27283_,7.89µm
_27353_,7.89µm
_27694_,7.89µm
_27707_,7.89µm
i_core_v_mini_mcu.ao_peripheral_subsystem_i.power_manager_i.power_manager_reg_top_i.u_intr_state.wr_data\[30\],7.89µm
i_core_v_mini_mcu.cpu_subsystem_i.cpu_0_0.i_servile.arbiter.i_wb_cpu_dbus_adr\[31\],7.89µm
i_core_v_mini_mcu.cpu_subsystem_i.cpu_0_0.i_servile.cpu.bufreg.i_sh_signed,7.89µm
i_core_v_mini_mcu.cpu_subsystem_i.cpu_0_0.rf_ram_i.memory\[107\]\[1\],7.89µm
i_core_v_mini_mcu.cpu_subsystem_i.cpu_0_0.rf_ram_i.memory\[322\]\[1\],7.89µm
i_core_v_mini_mcu.cpu_subsystem_i.cpu_1_0.rf_ram_i.memory\[80\]\[0\],7.89µm
i_core_v_mini_mcu.memory_subsystem_i.ram0_i.tc_ram_i.sram\[26\]\[18\],7.89µm
i_core_v_mini_mcu.peripheral_subsystem_i.obi_fifo_i.consumer_resp_i\[30\],7.89µm
_00119_,7.84µm
_00143_,7.84µm
_00244_,7.84µm
_00247_,7.84µm
_00259_,7.84µm
_00366_,7.84µm
_00397_,7.84µm
_00424_,7.84µm
_00455_,7.84µm
_00564_,7.84µm
_00586_,7.84µm
_00592_,7.84µm
_00624_,7.84µm
_00635_,7.84µm
_00729_,7.84µm
_00751_,7.84µm
_00754_,7.84µm
_00772_,7.84µm
_00779_,7.84µm
_00828_,7.84µm
_00851_,7.84µm
_00884_,7.84µm
_00917_,7.84µm
_00953_,7.84µm
_00954_,7.84µm
_01000_,7.84µm
_01056_,7.84µm
_01138_,7.84µm
_01169_,7.84µm
_01290_,7.84µm
_01361_,7.84µm
_01399_,7.84µm
_01492_,7.84µm
_01528_,7.84µm
_01719_,7.84µm
_01754_,7.84µm
_01825_,7.84µm
_01838_,7.84µm
_01854_,7.84µm
_01864_,7.84µm
_01879_,7.84µm
_01901_,7.84µm
_01969_,7.84µm
_01993_,7.84µm
_02063_,7.84µm
_02112_,7.84µm
_02121_,7.84µm
_02142_,7.84µm
_02221_,7.84µm
_02227_,7.84µm
_02234_,7.84µm
_02243_,7.84µm
_02252_,7.84µm
_02275_,7.84µm
_02282_,7.84µm
_02303_,7.84µm
_02341_,7.84µm
_02441_,7.84µm
_02470_,7.84µm
_02516_,7.84µm
_02548_,7.84µm
_02599_,7.84µm
_02639_,7.84µm
_02671_,7.84µm
_02713_,7.84µm
_02784_,7.84µm
_02816_,7.84µm
_02839_,7.84µm
_02878_,7.84µm
_02942_,7.84µm
_02959_,7.84µm
_03027_,7.84µm
_03122_,7.84µm
_03222_,7.84µm
_03226_,7.84µm
_03273_,7.84µm
_03274_,7.84µm
_03348_,7.84µm
_03374_,7.84µm
_03450_,7.84µm
_03468_,7.84µm
_03701_,7.84µm
_03793_,7.84µm
_03866_,7.84µm
_03906_,7.84µm
_03941_,7.84µm
_04000_,7.84µm
_04022_,7.84µm
_04056_,7.84µm
_04099_,7.84µm
_04149_,7.84µm
_04172_,7.84µm
_04270_,7.84µm
_04351_,7.84µm
_04356_,7.84µm
_04363_,7.84µm
_04528_,7.84µm
_04586_,7.84µm
_04589_,7.84µm
_04591_,7.84µm
_04649_,7.84µm
_04654_,7.84µm
_04707_,7.84µm
_04722_,7.84µm
_04784_,7.84µm
_04787_,7.84µm
_04789_,7.84µm
_04791_,7.84µm
_04795_,7.84µm
_04806_,7.84µm
_04825_,7.84µm
_04900_,7.84µm
_04999_,7.84µm
_05102_,7.84µm
_05210_,7.84µm
_05225_,7.84µm
_05239_,7.84µm
_05331_,7.84µm
_05368_,7.84µm
_05391_,7.84µm
_05396_,7.84µm
_05549_,7.84µm
_05581_,7.84µm
_05714_,7.84µm
_05768_,7.84µm
_05953_,7.84µm
_05997_,7.84µm
_06076_,7.84µm
_06238_,7.84µm
_06269_,7.84µm
_06510_,7.84µm
_06715_,7.84µm
_06765_,7.84µm
_06858_,7.84µm
_06917_,7.84µm
_06926_,7.84µm
_06977_,7.84µm
_07024_,7.84µm
_07299_,7.84µm
_07670_,7.84µm
_07675_,7.84µm
_07782_,7.84µm
_07793_,7.84µm
_07843_,7.84µm
_07868_,7.84µm
_08000_,7.84µm
_08187_,7.84µm
_08225_,7.84µm
_08242_,7.84µm
_08304_,7.84µm
_08415_,7.84µm
_08512_,7.84µm
_08612_,7.84µm
_08631_,7.84µm
_08636_,7.84µm
_08659_,7.84µm
_08847_,7.84µm
_08993_,7.84µm
_09184_,7.84µm
_09243_,7.84µm
_09733_,7.84µm
_09789_,7.84µm
_09884_,7.84µm
_09909_,7.84µm
_10455_,7.84µm
_10514_,7.84µm
_10544_,7.84µm
_10717_,7.84µm
_10783_,7.84µm
_10787_,7.84µm
_10828_,7.84µm
_10873_,7.84µm
_10960_,7.84µm
_11007_,7.84µm
_11097_,7.84µm
_11143_,7.84µm
_11160_,7.84µm
_11327_,7.84µm
_11477_,7.84µm
_11531_,7.84µm
_11565_,7.84µm
_11610_,7.84µm
_11612_,7.84µm
_11647_,7.84µm
_11650_,7.84µm
_11669_,7.84µm
_11743_,7.84µm
_11862_,7.84µm
_11873_,7.84µm
_12004_,7.84µm
_12092_,7.84µm
_12294_,7.84µm
_12661_,7.84µm
_12710_,7.84µm
_12837_,7.84µm
_12954_,7.84µm
_12976_,7.84µm
_13184_,7.84µm
_13205_,7.84µm
_13212_,7.84µm
_13287_,7.84µm
_13412_,7.84µm
_13434_,7.84µm
_13450_,7.84µm
_13529_,7.84µm
_13646_,7.84µm
_13667_,7.84µm
_13738_,7.84µm
_13765_,7.84µm
_13900_,7.84µm
_13929_,7.84µm
_14064_,7.84µm
_14294_,7.84µm
_14434_,7.84µm
_14449_,7.84µm
_14519_,7.84µm
_14540_,7.84µm
_14549_,7.84µm
_14858_,7.84µm
_14939_,7.84µm
_15016_,7.84µm
_15217_,7.84µm
_15252_,7.84µm
_15263_,7.84µm
_15499_,7.84µm
_15782_,7.84µm
_15839_,7.84µm
_15845_,7.84µm
_16190_,7.84µm
_16272_,7.84µm
_16440_,7.84µm
_16583_,7.84µm
_16616_,7.84µm
_16694_,7.84µm
_16943_,7.84µm
_17377_,7.84µm
_17437_,7.84µm
_17444_,7.84µm
_17483_,7.84µm
_17492_,7.84µm
_17501_,7.84µm
_17592_,7.84µm
_18118_,7.84µm
_18218_,7.84µm
_18314_,7.84µm
_18370_,7.84µm
_18413_,7.84µm
_18570_,7.84µm
_18586_,7.84µm
_18765_,7.84µm
_18948_,7.84µm
_18979_,7.84µm
_18984_,7.84µm
_19000_,7.84µm
_19013_,7.84µm
_19024_,7.84µm
_19076_,7.84µm
_19164_,7.84µm
_19198_,7.84µm
_19295_,7.84µm
_19344_,7.84µm
_19362_,7.84µm
_19378_,7.84µm
_19436_,7.84µm
_19489_,7.84µm
_19523_,7.84µm
_19803_,7.84µm
_19957_,7.84µm
_20009_,7.84µm
_20046_,7.84µm
_20094_,7.84µm
_20163_,7.84µm
_20235_,7.84µm
_20239_,7.84µm
_20268_,7.84µm
_20375_,7.84µm
_20468_,7.84µm
_20495_,7.84µm
_20544_,7.84µm
_20624_,7.84µm
_20642_,7.84µm
_20649_,7.84µm
_20721_,7.84µm
_20729_,7.84µm
_20781_,7.84µm
_20903_,7.84µm
_21051_,7.84µm
_21080_,7.84µm
_21091_,7.84µm
_21250_,7.84µm
_21501_,7.84µm
_21587_,7.84µm
_21612_,7.84µm
_21690_,7.84µm
_21733_,7.84µm
_21747_,7.84µm
_21849_,7.84µm
_21920_,7.84µm
_21987_,7.84µm
_22079_,7.84µm
_22172_,7.84µm
_22177_,7.84µm
_22299_,7.84µm
_22462_,7.84µm
_22473_,7.84µm
_22479_,7.84µm
_22591_,7.84µm
_22663_,7.84µm
_22697_,7.84µm
_22722_,7.84µm
_22750_,7.84µm
_22794_,7.84µm
_22844_,7.84µm
_22867_,7.84µm
_22895_,7.84µm
_22939_,7.84µm
_23002_,7.84µm
_23083_,7.84µm
_23193_,7.84µm
_23271_,7.84µm
_23327_,7.84µm
_23402_,7.84µm
_23597_,7.84µm
_23615_,7.84µm
_23693_,7.84µm
_23784_,7.84µm
_23790_,7.84µm
_23810_,7.84µm
_23887_,7.84µm
_23955_,7.84µm
_24012_,7.84µm
_24033_,7.84µm
_24208_,7.84µm
_24267_,7.84µm
_24315_,7.84µm
_24421_,7.84µm
_24517_,7.84µm
_24579_,7.84µm
_24588_,7.84µm
_24630_,7.84µm
_24645_,7.84µm
_24816_,7.84µm
_24846_,7.84µm
_24892_,7.84µm
_25053_,7.84µm
_25062_,7.84µm
_25168_,7.84µm
_25374_,7.84µm
_25499_,7.84µm
_25554_,7.84µm
_25556_,7.84µm
_25578_,7.84µm
_25646_,7.84µm
_25654_,7.84µm
_25668_,7.84µm
_25723_,7.84µm
_25764_,7.84µm
_25784_,7.84µm
_26025_,7.84µm
_26034_,7.84µm
_26105_,7.84µm
_26148_,7.84µm
_26198_,7.84µm
_26325_,7.84µm
_26332_,7.84µm
_26345_,7.84µm
_26429_,7.84µm
_26511_,7.84µm
_26513_,7.84µm
_26539_,7.84µm
_26612_,7.84µm
_26629_,7.84µm
_26674_,7.84µm
_26720_,7.84µm
_26761_,7.84µm
_26893_,7.84µm
_27064_,7.84µm
_27145_,7.84µm
_27216_,7.84µm
_27217_,7.84µm
_27270_,7.84µm
_27326_,7.84µm
_27534_,7.84µm
_27568_,7.84µm
i_core_v_mini_mcu.ao_peripheral_subsystem_i.periph_to_reg_i.r_rdata_d\[21\],7.84µm
i_core_v_mini_mcu.ao_peripheral_subsystem_i.power_manager_i.power_manager_reg_top_i.u_intr_state.wr_data\[3\],7.84µm
i_core_v_mini_mcu.ao_peripheral_subsystem_i.spi_subsystem_i.obi_spimemio_i.spimemio_i.xfer.flash_io3_do,7.84µm
i_core_v_mini_mcu.ao_peripheral_subsystem_i.tdu_i.task_mem\[0\]\[29\],7.84µm
i_core_v_mini_mcu.ao_peripheral_subsystem_i.tdu_i.task_mem\[4\]\[1\],7.84µm
i_core_v_mini_mcu.cpu_subsystem_i.cpu_0_0.rf_ram_i.memory\[183\]\[1\],7.84µm
i_core_v_mini_mcu.cpu_subsystem_i.cpu_0_0.rf_ram_i.memory\[567\]\[0\],7.84µm
i_core_v_mini_mcu.cpu_subsystem_i.cpu_0_0.rf_ram_i.rdata\[0\],7.84µm
i_core_v_mini_mcu.cpu_subsystem_i.cpu_1_0.i_servile.rf_ram_if.wdata0_r\[0\],7.84µm
i_core_v_mini_mcu.cpu_subsystem_i.cpu_1_0.rf_ram_i.memory\[126\]\[1\],7.84µm
i_core_v_mini_mcu.memory_subsystem_i.ram0_i.tc_ram_i.sram\[11\]\[29\],7.84µm
i_core_v_mini_mcu.memory_subsystem_i.ram0_i.tc_ram_i.sram\[16\]\[11\],7.84µm
i_core_v_mini_mcu.memory_subsystem_i.ram0_i.tc_ram_i.sram\[17\]\[23\],7.84µm
i_core_v_mini_mcu.memory_subsystem_i.ram0_i.tc_ram_i.sram\[17\]\[24\],7.84µm
i_core_v_mini_mcu.memory_subsystem_i.ram0_i.tc_ram_i.sram\[17\]\[25\],7.84µm
i_core_v_mini_mcu.memory_subsystem_i.ram0_i.tc_ram_i.sram\[17\]\[5\],7.84µm
i_core_v_mini_mcu.memory_subsystem_i.ram0_i.tc_ram_i.sram\[25\]\[14\],7.84µm
i_core_v_mini_mcu.memory_subsystem_i.ram0_i.tc_ram_i.sram\[28\]\[16\],7.84µm
i_core_v_mini_mcu.memory_subsystem_i.ram0_i.tc_ram_i.sram\[3\]\[22\],7.84µm
i_core_v_mini_mcu.peripheral_subsystem_i.uart_i.reg2hw\[41\],7.84µm
i_core_v_mini_mcu.system_bus_i.gen_demux_xbar\[3\].demux_xbar_i.u_xbar_varlat.gen_inputs\[0\].i_addr_dec_resp_mux.valid_inflight_d,7.84µm
_25593_,7.66µm
i_core_v_mini_mcu.memory_subsystem_i.ram0_i.tc_ram_i.sram\[12\]\[13\],7.56µm
_26680_,7.48µm
_02188_,7.43µm
_06249_,7.43µm
_09415_,7.43µm
_21686_,7.43µm
_22124_,7.43µm
_23605_,7.43µm
i_core_v_mini_mcu.memory_subsystem_i.ram0_i.tc_ram_i.sram\[31\]\[12\],7.43µm
i_core_v_mini_mcu.peripheral_subsystem_i.uart_i.uart_core.u_uart_rxfifo.gen_normal_fifo.storage\[25\],7.43µm
_00360_,7.38µm
_00491_,7.38µm
_01671_,7.38µm
_02644_,7.38µm
_04401_,7.38µm
_04417_,7.38µm
_05328_,7.38µm
_05348_,7.38µm
_05401_,7.38µm
_05447_,7.38µm
_05644_,7.38µm
_05787_,7.38µm
_05809_,7.38µm
_05819_,7.38µm
_06056_,7.38µm
_06433_,7.38µm
_07605_,7.38µm
_07882_,7.38µm
_07951_,7.38µm
_08483_,7.38µm
_08638_,7.38µm
_08883_,7.38µm
_09411_,7.38µm
_09585_,7.38µm
_10194_,7.38µm
_11124_,7.38µm
_11816_,7.38µm
_12119_,7.38µm
_12600_,7.38µm
_12784_,7.38µm
_13188_,7.38µm
_13231_,7.38µm
_13542_,7.38µm
_13656_,7.38µm
_14246_,7.38µm
_14663_,7.38µm
_15086_,7.38µm
_15114_,7.38µm
_15652_,7.38µm
_15748_,7.38µm
_15815_,7.38µm
_15888_,7.38µm
_16358_,7.38µm
_17190_,7.38µm
_17216_,7.38µm
_17594_,7.38µm
_19129_,7.38µm
_19605_,7.38µm
_19745_,7.38µm
_20507_,7.38µm
_20545_,7.38µm
_20844_,7.38µm
_20858_,7.38µm
_21488_,7.38µm
_21496_,7.38µm
_21593_,7.38µm
_22158_,7.38µm
_22352_,7.38µm
_22439_,7.38µm
_22814_,7.38µm
_23016_,7.38µm
_23634_,7.38µm
_23884_,7.38µm
_23994_,7.38µm
_24653_,7.38µm
_24937_,7.38µm
_24958_,7.38µm
_25049_,7.38µm
_25054_,7.38µm
_25116_,7.38µm
_25491_,7.38µm
_25493_,7.38µm
_25542_,7.38µm
_25682_,7.38µm
_25732_,7.38µm
_25795_,7.38µm
_25889_,7.38µm
_25957_,7.38µm
_26046_,7.38µm
_26062_,7.38µm
_26068_,7.38µm
_26472_,7.38µm
_26562_,7.38µm
_26620_,7.38µm
i_core_v_mini_mcu.ao_peripheral_subsystem_i.tdu_i.cpi_est_q\[20\],7.38µm
i_core_v_mini_mcu.ao_peripheral_subsystem_i.tdu_i.cpi_est_q\[57\],7.38µm
i_core_v_mini_mcu.cpu_subsystem_i.cpu_0_0.rf_ram_i.memory\[167\]\[1\],7.38µm
i_core_v_mini_mcu.cpu_subsystem_i.cpu_0_0.rf_ram_i.memory\[257\]\[1\],7.38µm
i_core_v_mini_mcu.memory_subsystem_i.ram0_i.tc_ram_i.sram\[17\]\[15\],7.38µm
i_core_v_mini_mcu.memory_subsystem_i.ram0_i.tc_ram_i.sram\[20\]\[21\],7.38µm
i_core_v_mini_mcu.memory_subsystem_i.ram0_i.tc_ram_i.sram\[23\]\[0\],7.38µm
i_core_v_mini_mcu.memory_subsystem_i.ram0_i.tc_ram_i.sram\[24\]\[20\],7.38µm
i_core_v_mini_mcu.memory_subsystem_i.ram0_i.tc_ram_i.sram\[28\]\[3\],7.38µm
i_core_v_mini_mcu.memory_subsystem_i.ram0_i.tc_ram_i.sram\[30\]\[14\],7.38µm
_00007_,7.33µm
_00052_,7.33µm
_00172_,7.33µm
_00291_,7.33µm
_00297_,7.33µm
_00438_,7.33µm
_00475_,7.33µm
_00549_,7.33µm
_00552_,7.33µm
_00560_,7.33µm
_00581_,7.33µm
_00632_,7.33µm
_00687_,7.33µm
_00838_,7.33µm
_00905_,7.33µm
_00938_,7.33µm
_00950_,7.33µm
_00965_,7.33µm
_00988_,7.33µm
_00990_,7.33µm
_00995_,7.33µm
_01051_,7.33µm
_01066_,7.33µm
_01074_,7.33µm
_01086_,7.33µm
_01279_,7.33µm
_01289_,7.33µm
_01304_,7.33µm
_01318_,7.33µm
_01386_,7.33µm
_01519_,7.33µm
_01526_,7.33µm
_01574_,7.33µm
_01590_,7.33µm
_01595_,7.33µm
_01624_,7.33µm
_01679_,7.33µm
_01683_,7.33µm
_01721_,7.33µm
_01727_,7.33µm
_01877_,7.33µm
_01975_,7.33µm
_02021_,7.33µm
_02182_,7.33µm
_02209_,7.33µm
_02215_,7.33µm
_02220_,7.33µm
_02308_,7.33µm
_02497_,7.33µm
_02526_,7.33µm
_02567_,7.33µm
_02654_,7.33µm
_02689_,7.33µm
_02696_,7.33µm
_02814_,7.33µm
_02829_,7.33µm
_02859_,7.33µm
_02973_,7.33µm
_02989_,7.33µm
_03009_,7.33µm
_03109_,7.33µm
_03302_,7.33µm
_03549_,7.33µm
_03558_,7.33µm
_03627_,7.33µm
_03658_,7.33µm
_03714_,7.33µm
_03729_,7.33µm
_03869_,7.33µm
_03901_,7.33µm
_03971_,7.33µm
_03972_,7.33µm
_03989_,7.33µm
_04035_,7.33µm
_04105_,7.33µm
_04135_,7.33µm
_04246_,7.33µm
_04251_,7.33µm
_04263_,7.33µm
_04316_,7.33µm
_04344_,7.33µm
_04446_,7.33µm
_04447_,7.33µm
_04470_,7.33µm
_04534_,7.33µm
_04582_,7.33µm
_04596_,7.33µm
_04790_,7.33µm
_04883_,7.33µm
_04918_,7.33µm
_04952_,7.33µm
_04969_,7.33µm
_05024_,7.33µm
_05049_,7.33µm
_05053_,7.33µm
_05151_,7.33µm
_05154_,7.33µm
_05157_,7.33µm
_05249_,7.33µm
_05260_,7.33µm
_05333_,7.33µm
_05915_,7.33µm
_06135_,7.33µm
_06150_,7.33µm
_06251_,7.33µm
_06935_,7.33µm
_07064_,7.33µm
_07608_,7.33µm
_07849_,7.33µm
_07851_,7.33µm
_07887_,7.33µm
_08043_,7.33µm
_08149_,7.33µm
_08161_,7.33µm
_08177_,7.33µm
_08371_,7.33µm
_08480_,7.33µm
_08753_,7.33µm
_08977_,7.33µm
_09008_,7.33µm
_09065_,7.33µm
_09082_,7.33µm
_09158_,7.33µm
_09465_,7.33µm
_09478_,7.33µm
_09804_,7.33µm
_09946_,7.33µm
_10499_,7.33µm
_10637_,7.33µm
_10643_,7.33µm
_10676_,7.33µm
_10738_,7.33µm
_10767_,7.33µm
_10939_,7.33µm
_10980_,7.33µm
_11093_,7.33µm
_11548_,7.33µm
_11581_,7.33µm
_11605_,7.33µm
_11691_,7.33µm
_11754_,7.33µm
_11954_,7.33µm
_12017_,7.33µm
_12021_,7.33µm
_12279_,7.33µm
_12614_,7.33µm
_12714_,7.33µm
_12804_,7.33µm
_13289_,7.33µm
_13388_,7.33µm
_13438_,7.33µm
_13761_,7.33µm
_13770_,7.33µm
_14063_,7.33µm
_14395_,7.33µm
_14626_,7.33µm
_15025_,7.33µm
_15236_,7.33µm
_15257_,7.33µm
_15280_,7.33µm
_15806_,7.33µm
_15942_,7.33µm
_16063_,7.33µm
_16085_,7.33µm
_16096_,7.33µm
_16385_,7.33µm
_16426_,7.33µm
_16454_,7.33µm
_16562_,7.33µm
_16958_,7.33µm
_17475_,7.33µm
_17598_,7.33µm
_17650_,7.33µm
_17952_,7.33µm
_18027_,7.33µm
_18094_,7.33µm
_18329_,7.33µm
_18384_,7.33µm
_18639_,7.33µm
_18809_,7.33µm
_19203_,7.33µm
_19470_,7.33µm
_19537_,7.33µm
_19538_,7.33µm
_19607_,7.33µm
_19615_,7.33µm
_19951_,7.33µm
_20052_,7.33µm
_20425_,7.33µm
_20432_,7.33µm
_20739_,7.33µm
_20889_,7.33µm
_21031_,7.33µm
_21200_,7.33µm
_21743_,7.33µm
_21789_,7.33µm
_21816_,7.33µm
_21871_,7.33µm
_21888_,7.33µm
_21913_,7.33µm
_21998_,7.33µm
_22201_,7.33µm
_22286_,7.33µm
_22452_,7.33µm
_22475_,7.33µm
_22560_,7.33µm
_23027_,7.33µm
_23512_,7.33µm
_23670_,7.33µm
_23964_,7.33µm
_24044_,7.33µm
_24150_,7.33µm
_24156_,7.33µm
_24207_,7.33µm
_24473_,7.33µm
_24520_,7.33µm
_24543_,7.33µm
_24825_,7.33µm
_24875_,7.33µm
_24946_,7.33µm
_24991_,7.33µm
_25069_,7.33µm
_25169_,7.33µm
_25347_,7.33µm
_25351_,7.33µm
_25398_,7.33µm
_25456_,7.33µm
_25581_,7.33µm
_25606_,7.33µm
_25727_,7.33µm
_25825_,7.33µm
_25969_,7.33µm
_25987_,7.33µm
_26007_,7.33µm
_26010_,7.33µm
_26013_,7.33µm
_26066_,7.33µm
_26099_,7.33µm
_26165_,7.33µm
_26258_,7.33µm
_26285_,7.33µm
_26306_,7.33µm
_26381_,7.33µm
_26409_,7.33µm
_26606_,7.33µm
_26715_,7.33µm
_26832_,7.33µm
_26834_,7.33µm
_27521_,7.33µm
i_core_v_mini_mcu.ao_peripheral_subsystem_i.spi_subsystem_i.obi_spimemio_i.spimemio_i.din_data\[5\],7.33µm
i_core_v_mini_mcu.cpu_subsystem_i.cpu_0_0.rf_ram_i.memory\[87\]\[1\],7.33µm
i_core_v_mini_mcu.memory_subsystem_i.ram0_i.tc_ram_i.sram\[10\]\[30\],7.33µm
i_core_v_mini_mcu.memory_subsystem_i.ram0_i.tc_ram_i.sram\[13\]\[11\],7.33µm
i_core_v_mini_mcu.memory_subsystem_i.ram0_i.tc_ram_i.sram\[13\]\[13\],7.33µm
i_core_v_mini_mcu.peripheral_subsystem_i.uart_i.uart_core.tx_watermark_prev_q,7.33µm
_00085_,7.28µm
_00173_,7.28µm
_00179_,7.28µm
_00186_,7.28µm
_00188_,7.28µm
_00213_,7.28µm
_00231_,7.28µm
_00235_,7.28µm
_00248_,7.28µm
_00269_,7.28µm
_00301_,7.28µm
_00353_,7.28µm
_00355_,7.28µm
_00385_,7.28µm
_00405_,7.28µm
_00520_,7.28µm
_00575_,7.28µm
_00673_,7.28µm
_00765_,7.28µm
_00908_,7.28µm
_00931_,7.28µm
_00932_,7.28µm
_00939_,7.28µm
_00947_,7.28µm
_00982_,7.28µm
_01032_,7.28µm
_01076_,7.28µm
_01077_,7.28µm
_01099_,7.28µm
_01102_,7.28µm
_01181_,7.28µm
_01189_,7.28µm
_01206_,7.28µm
_01221_,7.28µm
_01247_,7.28µm
_01248_,7.28µm
_01264_,7.28µm
_01349_,7.28µm
_01360_,7.28µm
_01384_,7.28µm
_01396_,7.28µm
_01430_,7.28µm
_01443_,7.28µm
_01482_,7.28µm
_01512_,7.28µm
_01598_,7.28µm
_01606_,7.28µm
_01616_,7.28µm
_01623_,7.28µm
_01764_,7.28µm
_01782_,7.28µm
_01796_,7.28µm
_01841_,7.28µm
_01866_,7.28µm
_01922_,7.28µm
_01970_,7.28µm
_01988_,7.28µm
_02014_,7.28µm
_02015_,7.28µm
_02044_,7.28µm
_02079_,7.28µm
_02080_,7.28µm
_02113_,7.28µm
_02114_,7.28µm
_02165_,7.28µm
_02186_,7.28µm
_02225_,7.28µm
_02235_,7.28µm
_02284_,7.28µm
_02426_,7.28µm
_02431_,7.28µm
_02468_,7.28µm
_02477_,7.28µm
_02485_,7.28µm
_02494_,7.28µm
_02517_,7.28µm
_02684_,7.28µm
_02841_,7.28µm
_02842_,7.28µm
_02849_,7.28µm
_02969_,7.28µm
_02975_,7.28µm
_02976_,7.28µm
_03017_,7.28µm
_03052_,7.28µm
_03086_,7.28µm
_03178_,7.28µm
_03224_,7.28µm
_03335_,7.28µm
_03351_,7.28µm
_03377_,7.28µm
_03500_,7.28µm
_03531_,7.28µm
_03561_,7.28µm
_03577_,7.28µm
_03579_,7.28µm
_03588_,7.28µm
_03594_,7.28µm
_03612_,7.28µm
_03654_,7.28µm
_03699_,7.28µm
_03738_,7.28µm
_03752_,7.28µm
_03754_,7.28µm
_03760_,7.28µm
_03797_,7.28µm
_03800_,7.28µm
_03805_,7.28µm
_03813_,7.28µm
_03815_,7.28µm
_03824_,7.28µm
_03828_,7.28µm
_03840_,7.28µm
_03851_,7.28µm
_03852_,7.28µm
_03864_,7.28µm
_03874_,7.28µm
_03950_,7.28µm
_03998_,7.28µm
_04010_,7.28µm
_04013_,7.28µm
_04030_,7.28µm
_04089_,7.28µm
_04101_,7.28µm
_04116_,7.28µm
_04170_,7.28µm
_04194_,7.28µm
_04220_,7.28µm
_04239_,7.28µm
_04241_,7.28µm
_04259_,7.28µm
_04383_,7.28µm
_04462_,7.28µm
_04471_,7.28µm
_04508_,7.28µm
_04580_,7.28µm
_04644_,7.28µm
_04652_,7.28µm
_04665_,7.28µm
_04674_,7.28µm
_04695_,7.28µm
_04776_,7.28µm
_04810_,7.28µm
_04871_,7.28µm
_04906_,7.28µm
_04913_,7.28µm
_04962_,7.28µm
_04965_,7.28µm
_04980_,7.28µm
_04997_,7.28µm
_05005_,7.28µm
_05084_,7.28µm
_05119_,7.28µm
_05173_,7.28µm
_05192_,7.28µm
_05201_,7.28µm
_05224_,7.28µm
_05277_,7.28µm
_05288_,7.28µm
_05435_,7.28µm
_05498_,7.28µm
_05547_,7.28µm
_05604_,7.28µm
_05846_,7.28µm
_05866_,7.28µm
_05935_,7.28µm
_06003_,7.28µm
_06038_,7.28µm
_06057_,7.28µm
_06179_,7.28µm
_06585_,7.28µm
_06966_,7.28µm
_06985_,7.28µm
_07122_,7.28µm
_07216_,7.28µm
_07233_,7.28µm
_07267_,7.28µm
_07375_,7.28µm
_07496_,7.28µm
_07517_,7.28µm
_07518_,7.28µm
_07525_,7.28µm
_07547_,7.28µm
_07594_,7.28µm
_07629_,7.28µm
_07650_,7.28µm
_07685_,7.28µm
_07750_,7.28µm
_07831_,7.28µm
_07852_,7.28µm
_07909_,7.28µm
_07939_,7.28µm
_07962_,7.28µm
_07966_,7.28µm
_08062_,7.28µm
_08085_,7.28µm
_08121_,7.28µm
_08198_,7.28µm
_08222_,7.28µm
_08228_,7.28µm
_08376_,7.28µm
_08399_,7.28µm
_08416_,7.28µm
_08532_,7.28µm
_08537_,7.28µm
_08602_,7.28µm
_08607_,7.28µm
_08770_,7.28µm
_08812_,7.28µm
_09186_,7.28µm
_09228_,7.28µm
_09310_,7.28µm
_09531_,7.28µm
_09657_,7.28µm
_09723_,7.28µm
_09843_,7.28µm
_10013_,7.28µm
_10048_,7.28µm
_10050_,7.28µm
_10136_,7.28µm
_10666_,7.28µm
_10878_,7.28µm
_10886_,7.28µm
_11011_,7.28µm
_11016_,7.28µm
_11051_,7.28µm
_11109_,7.28µm
_11224_,7.28µm
_11284_,7.28µm
_11365_,7.28µm
_11438_,7.28µm
_11490_,7.28µm
_11520_,7.28µm
_11568_,7.28µm
_11592_,7.28µm
_11625_,7.28µm
_11648_,7.28µm
_11701_,7.28µm
_11710_,7.28µm
_11817_,7.28µm
_11888_,7.28µm
_11902_,7.28µm
_12044_,7.28µm
_12129_,7.28µm
_12161_,7.28µm
_12176_,7.28µm
_12221_,7.28µm
_12343_,7.28µm
_12666_,7.28µm
_12700_,7.28µm
_12735_,7.28µm
_12762_,7.28µm
_12850_,7.28µm
_12855_,7.28µm
_12988_,7.28µm
_13050_,7.28µm
_13111_,7.28µm
_13292_,7.28µm
_13294_,7.28µm
_13316_,7.28µm
_13332_,7.28µm
_13350_,7.28µm
_13437_,7.28µm
_13486_,7.28µm
_13661_,7.28µm
_13727_,7.28µm
_13762_,7.28µm
_13961_,7.28µm
_14056_,7.28µm
_14092_,7.28µm
_14270_,7.28µm
_14407_,7.28µm
_14588_,7.28µm
_14817_,7.28µm
_14886_,7.28µm
_14967_,7.28µm
_15000_,7.28µm
_15352_,7.28µm
_15500_,7.28µm
_15514_,7.28µm
_15581_,7.28µm
_15587_,7.28µm
_15667_,7.28µm
_15869_,7.28µm
_15907_,7.28µm
_15915_,7.28µm
_15932_,7.28µm
_15940_,7.28µm
_16078_,7.28µm
_16172_,7.28µm
_16364_,7.28µm
_16382_,7.28µm
_16448_,7.28µm
_16564_,7.28µm
_16668_,7.28µm
_16687_,7.28µm
_16807_,7.28µm
_16825_,7.28µm
_16848_,7.28µm
_17227_,7.28µm
_17330_,7.28µm
_17498_,7.28µm
_17628_,7.28µm
_17662_,7.28µm
_17678_,7.28µm
_17786_,7.28µm
_17817_,7.28µm
_18189_,7.28µm
_18286_,7.28µm
_18332_,7.28µm
_18364_,7.28µm
_18416_,7.28µm
_18420_,7.28µm
_18626_,7.28µm
_18674_,7.28µm
_18694_,7.28µm
_18775_,7.28µm
_18825_,7.28µm
_18827_,7.28µm
_18918_,7.28µm
_18928_,7.28µm
_18959_,7.28µm
_18971_,7.28µm
_19002_,7.28µm
_19006_,7.28µm
_19040_,7.28µm
_19042_,7.28µm
_19051_,7.28µm
_19074_,7.28µm
_19107_,7.28µm
_19123_,7.28µm
_19173_,7.28µm
_19230_,7.28µm
_19241_,7.28µm
_19276_,7.28µm
_19280_,7.28µm
_19285_,7.28µm
_19286_,7.28µm
_19337_,7.28µm
_19363_,7.28µm
_19380_,7.28µm
_19429_,7.28µm
_19528_,7.28µm
_19549_,7.28µm
_19696_,7.28µm
_19901_,7.28µm
_19913_,7.28µm
_19975_,7.28µm
_20014_,7.28µm
_20071_,7.28µm
_20130_,7.28µm
_20139_,7.28µm
_20170_,7.28µm
_20178_,7.28µm
_20251_,7.28µm
_20294_,7.28µm
_20301_,7.28µm
_20321_,7.28µm
_20373_,7.28µm
_20416_,7.28µm
_20504_,7.28µm
_20702_,7.28µm
_20748_,7.28µm
_20787_,7.28µm
_20926_,7.28µm
_21003_,7.28µm
_21064_,7.28µm
_21131_,7.28µm
_21178_,7.28µm
_21185_,7.28µm
_21243_,7.28µm
_21264_,7.28µm
_21321_,7.28µm
_21405_,7.28µm
_21456_,7.28µm
_21476_,7.28µm
_21505_,7.28µm
_21510_,7.28µm
_21576_,7.28µm
_21594_,7.28µm
_21646_,7.28µm
_21692_,7.28µm
_21882_,7.28µm
_21898_,7.28µm
_21901_,7.28µm
_21914_,7.28µm
_21937_,7.28µm
_21988_,7.28µm
_21992_,7.28µm
_22007_,7.28µm
_22262_,7.28µm
_22303_,7.28µm
_22310_,7.28µm
_22350_,7.28µm
_22583_,7.28µm
_22590_,7.28µm
_22636_,7.28µm
_22662_,7.28µm
_22755_,7.28µm
_22768_,7.28µm
_22792_,7.28µm
_22902_,7.28µm
_22937_,7.28µm
_22951_,7.28µm
_23119_,7.28µm
_23218_,7.28µm
_23252_,7.28µm
_23313_,7.28µm
_23328_,7.28µm
_23373_,7.28µm
_23382_,7.28µm
_23430_,7.28µm
_23604_,7.28µm
_23691_,7.28µm
_23721_,7.28µm
_23830_,7.28µm
_23969_,7.28µm
_24006_,7.28µm
_24015_,7.28µm
_24018_,7.28µm
_24021_,7.28µm
_24066_,7.28µm
_24143_,7.28µm
_24168_,7.28µm
_24251_,7.28µm
_24508_,7.28µm
_24568_,7.28µm
_24574_,7.28µm
_24772_,7.28µm
_24877_,7.28µm
_24896_,7.28µm
_24950_,7.28µm
_24960_,7.28µm
_24967_,7.28µm
_24977_,7.28µm
_25320_,7.28µm
_25397_,7.28µm
_25569_,7.28µm
_25596_,7.28µm
_25636_,7.28µm
_25744_,7.28µm
_25981_,7.28µm
_26015_,7.28µm
_26115_,7.28µm
_26202_,7.28µm
_26355_,7.28µm
_26359_,7.28µm
_26428_,7.28µm
_26444_,7.28µm
_26644_,7.28µm
_26647_,7.28µm
_26650_,7.28µm
_26721_,7.28µm
_26775_,7.28µm
_26897_,7.28µm
_26996_,7.28µm
_27008_,7.28µm
_27061_,7.28µm
_27086_,7.28µm
_27107_,7.28µm
_27125_,7.28µm
_27153_,7.28µm
_27156_,7.28µm
_27239_,7.28µm
_27286_,7.28µm
_27298_,7.28µm
_27327_,7.28µm
_27333_,7.28µm
_27351_,7.28µm
_27367_,7.28µm
_27416_,7.28µm
_27518_,7.28µm
_27523_,7.28µm
_27540_,7.28µm
_27680_,7.28µm
i_core_v_mini_mcu.ao_peripheral_subsystem_i.obi_fifo_i.consumer_data_req\[61\],7.28µm
i_core_v_mini_mcu.ao_peripheral_subsystem_i.periph_to_reg_i.r_rdata_d\[17\],7.28µm
i_core_v_mini_mcu.ao_peripheral_subsystem_i.periph_to_reg_i.r_rdata_d\[18\],7.28µm
i_core_v_mini_mcu.ao_peripheral_subsystem_i.power_manager_i.power_manager_reg_top_i.u_intr_state.wr_data\[17\],7.28µm
i_core_v_mini_mcu.ao_peripheral_subsystem_i.power_manager_i.power_manager_reg_top_i.u_intr_state.wr_data\[26\],7.28µm
i_core_v_mini_mcu.ao_peripheral_subsystem_i.power_manager_i.power_manager_reg_top_i.u_intr_state.wr_data\[4\],7.28µm
i_core_v_mini_mcu.ao_peripheral_subsystem_i.power_manager_i.power_manager_reg_top_i.u_power_gate_ram_block_0_ack.d,7.28µm
i_core_v_mini_mcu.ao_peripheral_subsystem_i.spi_subsystem_i.obi_spimemio_i.obi_to_picorv32_i.obi_resp_o\[20\],7.28µm
i_core_v_mini_mcu.ao_peripheral_subsystem_i.spi_subsystem_i.obi_spimemio_i.obi_to_picorv32_i.obi_resp_o\[28\],7.28µm
i_core_v_mini_mcu.ao_peripheral_subsystem_i.spi_subsystem_i.obi_spimemio_i.spimemio_i.dout_data\[7\],7.28µm
i_core_v_mini_mcu.ao_peripheral_subsystem_i.tdu_i.task_mem\[5\]\[21\],7.28µm
i_core_v_mini_mcu.cpu_subsystem_i.cpu_0_0.i_servile.cpu.alu.add_cy_r,7.28µm
i_core_v_mini_mcu.cpu_subsystem_i.cpu_0_0.i_servile.cpu.mem_if.signbit,7.28µm
i_core_v_mini_mcu.cpu_subsystem_i.cpu_0_0.rf_ram_i.memory\[133\]\[0\],7.28µm
i_core_v_mini_mcu.cpu_subsystem_i.cpu_0_0.rf_ram_i.memory\[175\]\[1\],7.28µm
i_core_v_mini_mcu.cpu_subsystem_i.cpu_0_0.rf_ram_i.memory\[342\]\[1\],7.28µm
i_core_v_mini_mcu.cpu_subsystem_i.cpu_0_0.rf_ram_i.memory\[47\]\[1\],7.28µm
i_core_v_mini_mcu.cpu_subsystem_i.cpu_0_0.rf_ram_i.memory\[485\]\[0\],7.28µm
i_core_v_mini_mcu.cpu_subsystem_i.cpu_1_0.rf_ram_i.memory\[79\]\[1\],7.28µm
i_core_v_mini_mcu.memory_subsystem_i.ram0_i.tc_ram_i.sram\[11\]\[4\],7.28µm
i_core_v_mini_mcu.memory_subsystem_i.ram0_i.tc_ram_i.sram\[13\]\[9\],7.28µm
i_core_v_mini_mcu.memory_subsystem_i.ram0_i.tc_ram_i.sram\[1\]\[9\],7.28µm
i_core_v_mini_mcu.memory_subsystem_i.ram0_i.tc_ram_i.sram\[29\]\[8\],7.28µm
i_core_v_mini_mcu.peripheral_subsystem_i.uart_i.uart_core.nco_sum_q\[10\],7.28µm
net18,7.28µm
net1445,7.28µm
_04917_,7.22µm
_11859_,7µm
_21440_,7µm
_24154_,7µm
i_core_v_mini_mcu.cpu_subsystem_i.cpu_1_0.rf_ram_i.memory\[64\]\[0\],7µm
_02265_,6.92µm
_12845_,6.92µm
_01031_,6.87µm
_09726_,6.87µm
_13039_,6.87µm
_16422_,6.87µm
_20511_,6.87µm
_22183_,6.87µm
_22210_,6.87µm
_26973_,6.87µm
i_core_v_mini_mcu.cpu_subsystem_i.cpu_1_0.rf_ram_i.memory\[239\]\[1\],6.87µm
i_core_v_mini_mcu.memory_subsystem_i.ram0_i.tc_ram_i.sram\[2\]\[6\],6.87µm
_01203_,6.82µm
_04450_,6.82µm
_04514_,6.82µm
_05443_,6.82µm
_05688_,6.82µm
_06376_,6.82µm
_07458_,6.82µm
_07953_,6.82µm
_08677_,6.82µm
_08956_,6.82µm
_09658_,6.82µm
_10275_,6.82µm
_10346_,6.82µm
_10848_,6.82µm
_10893_,6.82µm
_11075_,6.82µm
_11217_,6.82µm
_11260_,6.82µm
_11339_,6.82µm
_11579_,6.82µm
_11734_,6.82µm
_11834_,6.82µm
_12729_,6.82µm
_12834_,6.82µm
_12842_,6.82µm
_13617_,6.82µm
_14389_,6.82µm
_14924_,6.82µm
_16111_,6.82µm
_16625_,6.82µm
_17151_,6.82µm
_19614_,6.82µm
_19701_,6.82µm
_19703_,6.82µm
_20020_,6.82µm
_20243_,6.82µm
_20751_,6.82µm
_20850_,6.82µm
_20923_,6.82µm
_21267_,6.82µm
_21469_,6.82µm
_21475_,6.82µm
_21568_,6.82µm
_21847_,6.82µm
_22315_,6.82µm
_23228_,6.82µm
_23318_,6.82µm
_23556_,6.82µm
_23711_,6.82µm
_24161_,6.82µm
_24919_,6.82µm
_26394_,6.82µm
_26852_,6.82µm
_26934_,6.82µm
_27259_,6.82µm
_27262_,6.82µm
_27395_,6.82µm
_27461_,6.82µm
i_core_v_mini_mcu.ao_peripheral_subsystem_i.soc_ctrl_i.reg2hw\[17\],6.82µm
i_core_v_mini_mcu.cpu_subsystem_i.cpu_0_0.i_servile.cpu.immdec.gen_immdec_w_eq_1.imm19_12_20\[5\],6.82µm
i_core_v_mini_mcu.cpu_subsystem_i.cpu_0_0.rf_ram_i.memory\[106\]\[0\],6.82µm
i_core_v_mini_mcu.cpu_subsystem_i.cpu_0_0.rf_ram_i.memory\[173\]\[0\],6.82µm
i_core_v_mini_mcu.memory_subsystem_i.ram0_i.tc_ram_i.sram\[25\]\[29\],6.82µm
i_core_v_mini_mcu.memory_subsystem_i.ram0_i.tc_ram_i.sram\[30\]\[27\],6.82µm
_00101_,6.77µm
_00128_,6.77µm
_00133_,6.77µm
_00146_,6.77µm
_00182_,6.77µm
_00300_,6.77µm
_00557_,6.77µm
_00566_,6.77µm
_00571_,6.77µm
_00585_,6.77µm
_00603_,6.77µm
_00629_,6.77µm
_00655_,6.77µm
_00656_,6.77µm
_00659_,6.77µm
_00663_,6.77µm
_00668_,6.77µm
_00669_,6.77µm
_00686_,6.77µm
_00793_,6.77µm
_00810_,6.77µm
_00811_,6.77µm
_00844_,6.77µm
_00845_,6.77µm
_00866_,6.77µm
_00883_,6.77µm
_00903_,6.77µm
_00911_,6.77µm
_01026_,6.77µm
_01042_,6.77µm
_01070_,6.77µm
_01107_,6.77µm
_01109_,6.77µm
_01155_,6.77µm
_01262_,6.77µm
_01269_,6.77µm
_01378_,6.77µm
_01442_,6.77µm
_01553_,6.77µm
_01557_,6.77µm
_01568_,6.77µm
_01575_,6.77µm
_01605_,6.77µm
_01613_,6.77µm
_01622_,6.77µm
_01645_,6.77µm
_01649_,6.77µm
_01694_,6.77µm
_01757_,6.77µm
_01772_,6.77µm
_01797_,6.77µm
_01861_,6.77µm
_01885_,6.77µm
_01894_,6.77µm
_01959_,6.77µm
_02007_,6.77µm
_02028_,6.77µm
_02064_,6.77µm
_02074_,6.77µm
_02136_,6.77µm
_02151_,6.77µm
_02154_,6.77µm
_02166_,6.77µm
_02168_,6.77µm
_02183_,6.77µm
_02200_,6.77µm
_02237_,6.77µm
_02259_,6.77µm
_02364_,6.77µm
_02514_,6.77µm
_02538_,6.77µm
_02573_,6.77µm
_02574_,6.77µm
_02589_,6.77µm
_02668_,6.77µm
_02858_,6.77µm
_03035_,6.77µm
_03307_,6.77µm
_03456_,6.77µm
_03458_,6.77µm
_03461_,6.77µm
_03523_,6.77µm
_03700_,6.77µm
_03705_,6.77µm
_03731_,6.77µm
_03883_,6.77µm
_03891_,6.77µm
_03898_,6.77µm
_04008_,6.77µm
_04079_,6.77µm
_04093_,6.77µm
_04240_,6.77µm
_04290_,6.77µm
_04307_,6.77µm
_04310_,6.77µm
_04320_,6.77µm
_04365_,6.77µm
_04395_,6.77µm
_04490_,6.77µm
_04562_,6.77µm
_04620_,6.77µm
_04628_,6.77µm
_04646_,6.77µm
_04710_,6.77µm
_04743_,6.77µm
_04759_,6.77µm
_04772_,6.77µm
_04801_,6.77µm
_04819_,6.77µm
_04821_,6.77µm
_04860_,6.77µm
_04862_,6.77µm
_04869_,6.77µm
_04921_,6.77µm
_04935_,6.77µm
_04938_,6.77µm
_05023_,6.77µm
_05122_,6.77µm
_05202_,6.77µm
_05308_,6.77µm
_05314_,6.77µm
_05359_,6.77µm
_05361_,6.77µm
_05371_,6.77µm
_05381_,6.77µm
_05475_,6.77µm
_05493_,6.77µm
_05652_,6.77µm
_05739_,6.77µm
_05834_,6.77µm
_05872_,6.77µm
_05982_,6.77µm
_06143_,6.77µm
_06192_,6.77µm
_06234_,6.77µm
_06418_,6.77µm
_06493_,6.77µm
_06547_,6.77µm
_06590_,6.77µm
_06719_,6.77µm
_06886_,6.77µm
_06904_,6.77µm
_07004_,6.77µm
_07079_,6.77µm
_07167_,6.77µm
_07191_,6.77µm
_07340_,6.77µm
_07367_,6.77µm
_07405_,6.77µm
_07626_,6.77µm
_07778_,6.77µm
_07836_,6.77µm
_07837_,6.77µm
_07884_,6.77µm
_08088_,6.77µm
_08135_,6.77µm
_08192_,6.77µm
_08420_,6.77µm
_08456_,6.77µm
_08538_,6.77µm
_08573_,6.77µm
_08732_,6.77µm
_08733_,6.77µm
_08829_,6.77µm
_08987_,6.77µm
_08989_,6.77µm
_09147_,6.77µm
_09168_,6.77µm
_09461_,6.77µm
_09883_,6.77µm
_09889_,6.77µm
_10354_,6.77µm
_10414_,6.77µm
_10432_,6.77µm
_10638_,6.77µm
_10701_,6.77µm
_10833_,6.77µm
_10847_,6.77µm
_10918_,6.77µm
_11000_,6.77µm
_11114_,6.77µm
_11324_,6.77µm
_11736_,6.77µm
_11852_,6.77µm
_12098_,6.77µm
_12185_,6.77µm
_12198_,6.77µm
_12501_,6.77µm
_12569_,6.77µm
_12603_,6.77µm
_12647_,6.77µm
_12723_,6.77µm
_13491_,6.77µm
_13734_,6.77µm
_13971_,6.77µm
_14149_,6.77µm
_14469_,6.77µm
_14528_,6.77µm
_14833_,6.77µm
_14889_,6.77µm
_15355_,6.77µm
_15384_,6.77µm
_15468_,6.77µm
_15952_,6.77µm
_16073_,6.77µm
_16100_,6.77µm
_16442_,6.77µm
_16602_,6.77µm
_16879_,6.77µm
_17110_,6.77µm
_17234_,6.77µm
_17443_,6.77µm
_17725_,6.77µm
_17751_,6.77µm
_17894_,6.77µm
_17920_,6.77µm
_18020_,6.77µm
_18308_,6.77µm
_18367_,6.77µm
_18448_,6.77µm
_18604_,6.77µm
_18658_,6.77µm
_18754_,6.77µm
_18929_,6.77µm
_18955_,6.77µm
_19020_,6.77µm
_19264_,6.77µm
_19288_,6.77µm
_19382_,6.77µm
_19425_,6.77µm
_19519_,6.77µm
_19577_,6.77µm
_19721_,6.77µm
_19936_,6.77µm
_19977_,6.77µm
_20282_,6.77µm
_20682_,6.77µm
_20695_,6.77µm
_20769_,6.77µm
_20806_,6.77µm
_20818_,6.77µm
_21027_,6.77µm
_21277_,6.77µm
_21530_,6.77µm
_21613_,6.77µm
_21741_,6.77µm
_21834_,6.77µm
_21838_,6.77µm
_21919_,6.77µm
_21955_,6.77µm
_21984_,6.77µm
_22012_,6.77µm
_22226_,6.77µm
_22292_,6.77µm
_22324_,6.77µm
_22449_,6.77µm
_22756_,6.77µm
_22845_,6.77µm
_22976_,6.77µm
_23088_,6.77µm
_23259_,6.77µm
_23363_,6.77µm
_23440_,6.77µm
_23506_,6.77µm
_23521_,6.77µm
_23639_,6.77µm
_23747_,6.77µm
_23753_,6.77µm
_23775_,6.77µm
_23910_,6.77µm
_24011_,6.77µm
_24047_,6.77µm
_24126_,6.77µm
_24195_,6.77µm
_24283_,6.77µm
_24300_,6.77µm
_24320_,6.77µm
_24410_,6.77µm
_24453_,6.77µm
_24546_,6.77µm
_24973_,6.77µm
_25074_,6.77µm
_25144_,6.77µm
_25153_,6.77µm
_25163_,6.77µm
_25522_,6.77µm
_25643_,6.77µm
_25670_,6.77µm
_25700_,6.77µm
_25773_,6.77µm
_25836_,6.77µm
_25855_,6.77µm
_25880_,6.77µm
_25915_,6.77µm
_25934_,6.77µm
_25986_,6.77µm
_26008_,6.77µm
_26069_,6.77µm
_26337_,6.77µm
_26434_,6.77µm
_26466_,6.77µm
_26551_,6.77µm
_26803_,6.77µm
_27053_,6.77µm
_27054_,6.77µm
_27058_,6.77µm
_27168_,6.77µm
_27179_,6.77µm
_27274_,6.77µm
i_core_v_mini_mcu.ao_peripheral_subsystem_i.periph_to_reg_i.r_rdata_d\[19\],6.77µm
i_core_v_mini_mcu.ao_peripheral_subsystem_i.periph_to_reg_i.r_rdata_d\[30\],6.77µm
i_core_v_mini_mcu.ao_peripheral_subsystem_i.spi_subsystem_i.obi_spimemio_i.spimemio_i.xfer.last_fetch,6.77µm
i_core_v_mini_mcu.ao_peripheral_subsystem_i.tdu_i.active_hart_cycles_q\[20\],6.77µm
i_core_v_mini_mcu.cpu_subsystem_i.cpu_0_0.i_servile.arbiter.i_wb_cpu_dbus_adr\[4\],6.77µm
i_core_v_mini_mcu.cpu_subsystem_i.cpu_1_0.i_servile.rf_ram_if.rdata0\[1\],6.77µm
i_core_v_mini_mcu.cpu_subsystem_i.reset_clock_hold_1_0,6.77µm
i_core_v_mini_mcu.memory_subsystem_i.ram0_i.tc_ram_i.sram\[1\]\[3\],6.77µm
i_core_v_mini_mcu.memory_subsystem_i.ram0_i.tc_ram_i.sram\[24\]\[16\],6.77µm
i_core_v_mini_mcu.memory_subsystem_i.ram0_i.tc_ram_i.sram\[27\]\[8\],6.77µm
i_core_v_mini_mcu.peripheral_subsystem_i.uart_i.uart_core.uart_tx.sreg_q\[5\],6.77µm
_00076_,6.72µm
_00102_,6.72µm
_00132_,6.72µm
_00164_,6.72µm
_00249_,6.72µm
_00256_,6.72µm
_00302_,6.72µm
_00329_,6.72µm
_00365_,6.72µm
_00372_,6.72µm
_00415_,6.72µm
_00429_,6.72µm
_00449_,6.72µm
_00494_,6.72µm
_00522_,6.72µm
_00528_,6.72µm
_00531_,6.72µm
_00546_,6.72µm
_00550_,6.72µm
_00570_,6.72µm
_00607_,6.72µm
_00608_,6.72µm
_00682_,6.72µm
_00767_,6.72µm
_00790_,6.72µm
_00804_,6.72µm
_00827_,6.72µm
_00861_,6.72µm
_00864_,6.72µm
_00923_,6.72µm
_00928_,6.72µm
_00958_,6.72µm
_01147_,6.72µm
_01180_,6.72µm
_01199_,6.72µm
_01217_,6.72µm
_01242_,6.72µm
_01251_,6.72µm
_01357_,6.72µm
_01410_,6.72µm
_01419_,6.72µm
_01439_,6.72µm
_01643_,6.72µm
_01711_,6.72µm
_01735_,6.72µm
_01769_,6.72µm
_01784_,6.72µm
_01818_,6.72µm
_01826_,6.72µm
_01832_,6.72µm
_01836_,6.72µm
_01847_,6.72µm
_01895_,6.72µm
_01908_,6.72µm
_01955_,6.72µm
_01981_,6.72µm
_02027_,6.72µm
_02073_,6.72µm
_02109_,6.72µm
_02135_,6.72µm
_02150_,6.72µm
_02163_,6.72µm
_02195_,6.72µm
_02198_,6.72µm
_02206_,6.72µm
_02212_,6.72µm
_02244_,6.72µm
_02254_,6.72µm
_02256_,6.72µm
_02336_,6.72µm
_02357_,6.72µm
_02454_,6.72µm
_02502_,6.72µm
_02518_,6.72µm
_02556_,6.72µm
_02564_,6.72µm
_02566_,6.72µm
_02568_,6.72µm
_02583_,6.72µm
_02593_,6.72µm
_02650_,6.72µm
_02651_,6.72µm
_02658_,6.72µm
_02681_,6.72µm
_02691_,6.72µm
_02717_,6.72µm
_02738_,6.72µm
_02744_,6.72µm
_02753_,6.72µm
_02760_,6.72µm
_02773_,6.72µm
_02780_,6.72µm
_02792_,6.72µm
_02817_,6.72µm
_02819_,6.72µm
_02822_,6.72µm
_02850_,6.72µm
_02902_,6.72µm
_02920_,6.72µm
_02931_,6.72µm
_02937_,6.72µm
_02944_,6.72µm
_02954_,6.72µm
_02955_,6.72µm
_02961_,6.72µm
_02970_,6.72µm
_02977_,6.72µm
_02986_,6.72µm
_03007_,6.72µm
_03023_,6.72µm
_03057_,6.72µm
_03059_,6.72µm
_03061_,6.72µm
_03075_,6.72µm
_03093_,6.72µm
_03097_,6.72µm
_03135_,6.72µm
_03146_,6.72µm
_03159_,6.72µm
_03167_,6.72µm
_03176_,6.72µm
_03191_,6.72µm
_03233_,6.72µm
_03255_,6.72µm
_03270_,6.72µm
_03281_,6.72µm
_03298_,6.72µm
_03326_,6.72µm
_03330_,6.72µm
_03353_,6.72µm
_03359_,6.72µm
_03367_,6.72µm
_03454_,6.72µm
_03475_,6.72µm
_03480_,6.72µm
_03547_,6.72µm
_03554_,6.72µm
_03556_,6.72µm
_03586_,6.72µm
_03593_,6.72µm
_03604_,6.72µm
_03635_,6.72µm
_03668_,6.72µm
_03695_,6.72µm
_03755_,6.72µm
_03808_,6.72µm
_03814_,6.72µm
_03831_,6.72µm
_03843_,6.72µm
_03859_,6.72µm
_03867_,6.72µm
_03951_,6.72µm
_03960_,6.72µm
_04028_,6.72µm
_04067_,6.72µm
_04077_,6.72µm
_04163_,6.72µm
_04193_,6.72µm
_04204_,6.72µm
_04252_,6.72µm
_04292_,6.72µm
_04312_,6.72µm
_04336_,6.72µm
_04337_,6.72µm
_04341_,6.72µm
_04343_,6.72µm
_04392_,6.72µm
_04408_,6.72µm
_04432_,6.72µm
_04434_,6.72µm
_04481_,6.72µm
_04546_,6.72µm
_04561_,6.72µm
_04590_,6.72µm
_04615_,6.72µm
_04719_,6.72µm
_04741_,6.72µm
_04747_,6.72µm
_04798_,6.72µm
_04799_,6.72µm
_04830_,6.72µm
_04835_,6.72µm
_04891_,6.72µm
_04922_,6.72µm
_04936_,6.72µm
_04948_,6.72µm
_04968_,6.72µm
_04973_,6.72µm
_04975_,6.72µm
_04978_,6.72µm
_05021_,6.72µm
_05041_,6.72µm
_05051_,6.72µm
_05087_,6.72µm
_05100_,6.72µm
_05117_,6.72µm
_05162_,6.72µm
_05166_,6.72µm
_05209_,6.72µm
_05318_,6.72µm
_05370_,6.72µm
_05377_,6.72µm
_05601_,6.72µm
_05682_,6.72µm
_05792_,6.72µm
_05794_,6.72µm
_05873_,6.72µm
_05874_,6.72µm
_05917_,6.72µm
_06243_,6.72µm
_06314_,6.72µm
_06593_,6.72µm
_06637_,6.72µm
_06670_,6.72µm
_06815_,6.72µm
_06831_,6.72µm
_07206_,6.72µm
_07279_,6.72µm
_07280_,6.72µm
_07408_,6.72µm
_07448_,6.72µm
_07511_,6.72µm
_07537_,6.72µm
_07540_,6.72µm
_07627_,6.72µm
_07658_,6.72µm
_07668_,6.72µm
_08004_,6.72µm
_08061_,6.72µm
_08071_,6.72µm
_08136_,6.72µm
_08211_,6.72µm
_08287_,6.72µm
_08300_,6.72µm
_08365_,6.72µm
_08393_,6.72µm
_08394_,6.72µm
_08407_,6.72µm
_08445_,6.72µm
_08490_,6.72µm
_08505_,6.72µm
_08549_,6.72µm
_08643_,6.72µm
_08803_,6.72µm
_08833_,6.72µm
_08914_,6.72µm
_08933_,6.72µm
_08970_,6.72µm
_09768_,6.72µm
_09778_,6.72µm
_09783_,6.72µm
_09923_,6.72µm
_09937_,6.72µm
_09982_,6.72µm
_10085_,6.72µm
_10147_,6.72µm
_10152_,6.72µm
_10317_,6.72µm
_10335_,6.72µm
_10507_,6.72µm
_10557_,6.72µm
_10642_,6.72µm
_10883_,6.72µm
_10910_,6.72µm
_11121_,6.72µm
_11216_,6.72µm
_11231_,6.72µm
_11290_,6.72µm
_11304_,6.72µm
_11502_,6.72µm
_11607_,6.72µm
_11677_,6.72µm
_11755_,6.72µm
_11847_,6.72µm
_11900_,6.72µm
_11957_,6.72µm
_11993_,6.72µm
_12031_,6.72µm
_12066_,6.72µm
_12238_,6.72µm
_12296_,6.72µm
_12312_,6.72µm
_12409_,6.72µm
_12450_,6.72µm
_12489_,6.72µm
_12683_,6.72µm
_12796_,6.72µm
_13076_,6.72µm
_13142_,6.72µm
_13174_,6.72µm
_13176_,6.72µm
_13213_,6.72µm
_13218_,6.72µm
_13296_,6.72µm
_13328_,6.72µm
_13360_,6.72µm
_13383_,6.72µm
_13392_,6.72µm
_13462_,6.72µm
_13478_,6.72µm
_13485_,6.72µm
_13502_,6.72µm
_13688_,6.72µm
_13699_,6.72µm
_13998_,6.72µm
_14006_,6.72µm
_14142_,6.72µm
_14349_,6.72µm
_14374_,6.72µm
_14429_,6.72µm
_14455_,6.72µm
_14504_,6.72µm
_14706_,6.72µm
_14741_,6.72µm
_14746_,6.72µm
_14903_,6.72µm
_14988_,6.72µm
_15239_,6.72µm
_15496_,6.72µm
_15508_,6.72µm
_15525_,6.72µm
_15549_,6.72µm
_15561_,6.72µm
_15597_,6.72µm
_15615_,6.72µm
_15729_,6.72µm
_15733_,6.72µm
_15862_,6.72µm
_15881_,6.72µm
_15954_,6.72µm
_16366_,6.72µm
_16380_,6.72µm
_16696_,6.72µm
_16715_,6.72µm
_16741_,6.72µm
_16854_,6.72µm
_17135_,6.72µm
_17177_,6.72µm
_17345_,6.72µm
_17591_,6.72µm
_17643_,6.72µm
_17694_,6.72µm
_17700_,6.72µm
_17734_,6.72µm
_17893_,6.72µm
_17967_,6.72µm
_18012_,6.72µm
_18197_,6.72µm
_18201_,6.72µm
_18259_,6.72µm
_18266_,6.72µm
_18281_,6.72µm
_18337_,6.72µm
_18351_,6.72µm
_18355_,6.72µm
_18360_,6.72µm
_18408_,6.72µm
_18421_,6.72µm
_18484_,6.72µm
_18580_,6.72µm
_18592_,6.72µm
_18635_,6.72µm
_18645_,6.72µm
_18664_,6.72µm
_18698_,6.72µm
_18708_,6.72µm
_18723_,6.72µm
_18752_,6.72µm
_18756_,6.72µm
_18776_,6.72µm
_18803_,6.72µm
_18807_,6.72µm
_18816_,6.72µm
_18833_,6.72µm
_18860_,6.72µm
_18885_,6.72µm
_18890_,6.72µm
_18898_,6.72µm
_18921_,6.72µm
_18930_,6.72µm
_18931_,6.72µm
_18949_,6.72µm
_18950_,6.72µm
_18980_,6.72µm
_18982_,6.72µm
_18992_,6.72µm
_18994_,6.72µm
_18998_,6.72µm
_19003_,6.72µm
_19011_,6.72µm
_19015_,6.72µm
_19043_,6.72µm
_19075_,6.72µm
_19105_,6.72µm
_19111_,6.72µm
_19114_,6.72µm
_19138_,6.72µm
_19141_,6.72µm
_19142_,6.72µm
_19143_,6.72µm
_19146_,6.72µm
_19167_,6.72µm
_19178_,6.72µm
_19186_,6.72µm
_19189_,6.72µm
_19194_,6.72µm
_19196_,6.72µm
_19236_,6.72µm
_19245_,6.72µm
_19250_,6.72µm
_19257_,6.72µm
_19277_,6.72µm
_19291_,6.72µm
_19309_,6.72µm
_19312_,6.72µm
_19320_,6.72µm
_19323_,6.72µm
_19329_,6.72µm
_19384_,6.72µm
_19505_,6.72µm
_19521_,6.72µm
_19546_,6.72µm
_19550_,6.72µm
_19576_,6.72µm
_19599_,6.72µm
_19668_,6.72µm
_19685_,6.72µm
_19728_,6.72µm
_19767_,6.72µm
_19770_,6.72µm
_19800_,6.72µm
_19874_,6.72µm
_19952_,6.72µm
_19969_,6.72µm
_20026_,6.72µm
_20030_,6.72µm
_20061_,6.72µm
_20118_,6.72µm
_20149_,6.72µm
_20182_,6.72µm
_20205_,6.72µm
_20225_,6.72µm
_20233_,6.72µm
_20234_,6.72µm
_20300_,6.72µm
_20309_,6.72µm
_20397_,6.72µm
_20408_,6.72µm
_20461_,6.72µm
_20480_,6.72µm
_20491_,6.72µm
_20508_,6.72µm
_20636_,6.72µm
_20678_,6.72µm
_20691_,6.72µm
_20750_,6.72µm
_20834_,6.72µm
_20906_,6.72µm
_20939_,6.72µm
_20959_,6.72µm
_20993_,6.72µm
_21039_,6.72µm
_21077_,6.72µm
_21082_,6.72µm
_21140_,6.72µm
_21142_,6.72µm
_21222_,6.72µm
_21230_,6.72µm
_21394_,6.72µm
_21513_,6.72µm
_21572_,6.72µm
_21575_,6.72µm
_21595_,6.72µm
_21604_,6.72µm
_21688_,6.72µm
_21750_,6.72µm
_21786_,6.72µm
_21805_,6.72µm
_21864_,6.72µm
_21994_,6.72µm
_22011_,6.72µm
_22054_,6.72µm
_22194_,6.72µm
_22207_,6.72µm
_22323_,6.72µm
_22378_,6.72µm
_22392_,6.72µm
_22584_,6.72µm
_22620_,6.72µm
_22639_,6.72µm
_22866_,6.72µm
_22908_,6.72µm
_23092_,6.72µm
_23134_,6.72µm
_23210_,6.72µm
_23224_,6.72µm
_23263_,6.72µm
_23323_,6.72µm
_23343_,6.72µm
_23364_,6.72µm
_23368_,6.72µm
_23407_,6.72µm
_23426_,6.72µm
_23431_,6.72µm
_23545_,6.72µm
_23558_,6.72µm
_23748_,6.72µm
_23816_,6.72µm
_23906_,6.72µm
_23918_,6.72µm
_23921_,6.72µm
_24079_,6.72µm
_24172_,6.72µm
_24243_,6.72µm
_24272_,6.72µm
_24330_,6.72µm
_24331_,6.72µm
_24337_,6.72µm
_24477_,6.72µm
_24548_,6.72µm
_24801_,6.72µm
_24955_,6.72µm
_25045_,6.72µm
_25187_,6.72µm
_25242_,6.72µm
_25270_,6.72µm
_25432_,6.72µm
_25448_,6.72µm
_25472_,6.72µm
_25494_,6.72µm
_25566_,6.72µm
_25769_,6.72µm
_25804_,6.72µm
_25837_,6.72µm
_25851_,6.72µm
_25877_,6.72µm
_25888_,6.72µm
_25991_,6.72µm
_26067_,6.72µm
_26091_,6.72µm
_26117_,6.72µm
_26131_,6.72µm
_26166_,6.72µm
_26297_,6.72µm
_26298_,6.72µm
_26314_,6.72µm
_26343_,6.72µm
_26436_,6.72µm
_26453_,6.72µm
_26456_,6.72µm
_26461_,6.72µm
_26491_,6.72µm
_26498_,6.72µm
_26529_,6.72µm
_26621_,6.72µm
_26633_,6.72µm
_26641_,6.72µm
_26688_,6.72µm
_26811_,6.72µm
_26820_,6.72µm
_26833_,6.72µm
_26993_,6.72µm
_27028_,6.72µm
_27041_,6.72µm
_27093_,6.72µm
_27108_,6.72µm
_27142_,6.72µm
_27160_,6.72µm
_27301_,6.72µm
_27449_,6.72µm
_27527_,6.72µm
_27613_,6.72µm
_27638_,6.72µm
_27700_,6.72µm
_27703_,6.72µm
i_core_v_mini_mcu.ao_peripheral_subsystem_i.periph_to_reg_i.r_rdata_d\[22\],6.72µm
i_core_v_mini_mcu.ao_peripheral_subsystem_i.power_manager_i.power_manager_reg_top_i.u_intr_state.wr_data\[11\],6.72µm
i_core_v_mini_mcu.ao_peripheral_subsystem_i.power_manager_i.power_manager_reg_top_i.u_intr_state.wr_data\[22\],6.72µm
i_core_v_mini_mcu.ao_peripheral_subsystem_i.power_manager_i.power_manager_reg_top_i.u_intr_state.wr_data\[2\],6.72µm
i_core_v_mini_mcu.ao_peripheral_subsystem_i.tdu_i.active_hart_cycles_q\[13\],6.72µm
i_core_v_mini_mcu.ao_peripheral_subsystem_i.tdu_i.cpi_est_q\[50\],6.72µm
i_core_v_mini_mcu.ao_peripheral_subsystem_i.tdu_i.task_mem\[7\]\[18\],6.72µm
i_core_v_mini_mcu.cpu_subsystem_i.cpu_0_0.i_servile.arbiter.i_wb_cpu_dbus_adr\[23\],6.72µm
i_core_v_mini_mcu.cpu_subsystem_i.cpu_0_0.i_servile.cpu.alu.i_cmp_sig,6.72µm
i_core_v_mini_mcu.cpu_subsystem_i.cpu_0_0.rf_ram_i.memory\[198\]\[0\],6.72µm
i_core_v_mini_mcu.cpu_subsystem_i.cpu_1_0.i_servile.arbiter.i_wb_cpu_ibus_adr\[13\],6.72µm
i_core_v_mini_mcu.cpu_subsystem_i.cpu_1_0.i_servile.arbiter.i_wb_cpu_ibus_adr\[27\],6.72µm
i_core_v_mini_mcu.cpu_subsystem_i.cpu_1_0.i_servile.cpu.alu.i_rd_sel\[0\],6.72µm
i_core_v_mini_mcu.cpu_subsystem_i.cpu_1_0.rf_ram_i.memory\[198\]\[1\],6.72µm
i_core_v_mini_mcu.cpu_subsystem_i.cpu_1_0.rf_ram_i.memory\[352\]\[1\],6.72µm
i_core_v_mini_mcu.memory_subsystem_i.ram0_i.tc_ram_i.sram\[13\]\[5\],6.72µm
i_core_v_mini_mcu.memory_subsystem_i.ram0_i.tc_ram_i.sram\[16\]\[16\],6.72µm
i_core_v_mini_mcu.memory_subsystem_i.ram0_i.tc_ram_i.sram\[16\]\[29\],6.72µm
i_core_v_mini_mcu.memory_subsystem_i.ram0_i.tc_ram_i.sram\[23\]\[27\],6.72µm
i_core_v_mini_mcu.memory_subsystem_i.ram0_i.tc_ram_i.sram\[23\]\[7\],6.72µm
i_core_v_mini_mcu.memory_subsystem_i.ram0_i.tc_ram_i.sram\[28\]\[20\],6.72µm
i_core_v_mini_mcu.memory_subsystem_i.ram0_i.tc_ram_i.sram\[29\]\[25\],6.72µm
i_core_v_mini_mcu.memory_subsystem_i.ram0_i.tc_ram_i.sram\[2\]\[9\],6.72µm
i_core_v_mini_mcu.memory_subsystem_i.ram0_i.tc_ram_i.sram\[5\]\[5\],6.72µm
i_core_v_mini_mcu.memory_subsystem_i.ram0_i.tc_ram_i.sram\[9\]\[26\],6.72µm
i_core_v_mini_mcu.peripheral_subsystem_i.obi_fifo_i.consumer_resp_i\[3\],6.72µm
i_core_v_mini_mcu.peripheral_subsystem_i.uart_i.u_reg.fifo_ctrl_rxilvl_we,6.72µm
i_core_v_mini_mcu.system_bus_i.system_xbar_i.gen_xbar_NtoM.i_xbar.gen_inputs\[1\].i_addr_dec_resp_mux.valid_inflight_d,6.72µm
i_core_v_mini_mcu.system_bus_i.system_xbar_i.gen_xbar_NtoM.i_xbar.gen_outputs\[5\].gen_rr_arb_tree.i_rr_arb_tree.gen_arbiter.rr_q\[2\],6.72µm
_11191_,6.49µm
_09855_,6.44µm
_17929_,6.44µm
_24744_,6.44µm
i_core_v_mini_mcu.ao_peripheral_subsystem_i.soc_ctrl_i.reg2hw\[20\],6.44µm
_05558_,6.31µm
_05584_,6.31µm
_05887_,6.31µm
_08872_,6.31µm
i_core_v_mini_mcu.ao_peripheral_subsystem_i.soc_ctrl_i.reg2hw\[25\],6.31µm
i_core_v_mini_mcu.cpu_subsystem_i.cpu_0_0.rf_ram_i.memory\[192\]\[0\],6.31µm
i_core_v_mini_mcu.cpu_subsystem_i.cpu_0_0.rf_ram_i.memory\[321\]\[1\],6.31µm
i_core_v_mini_mcu.memory_subsystem_i.ram0_i.tc_ram_i.sram\[2\]\[22\],6.31µm
_00126_,6.26µm
_01659_,6.26µm
_04656_,6.26µm
_04901_,6.26µm
_05141_,6.26µm
_05161_,6.26µm
_05171_,6.26µm
_05207_,6.26µm
_05324_,6.26µm
_05491_,6.26µm
_05621_,6.26µm
_05994_,6.26µm
_06142_,6.26µm
_07303_,6.26µm
_07587_,6.26µm
_07872_,6.26µm
_07960_,6.26µm
_08349_,6.26µm
_08496_,6.26µm
_08641_,6.26µm
_08655_,6.26µm
_08689_,6.26µm
_08880_,6.26µm
_08998_,6.26µm
_09653_,6.26µm
_10257_,6.26µm
_10529_,6.26µm
_10678_,6.26µm
_10970_,6.26µm
_11123_,6.26µm
_11248_,6.26µm
_11344_,6.26µm
_11676_,6.26µm
_12672_,6.26µm
_12701_,6.26µm
_13455_,6.26µm
_13737_,6.26µm
_14179_,6.26µm
_14571_,6.26µm
_14655_,6.26µm
_14868_,6.26µm
_16202_,6.26µm
_16299_,6.26µm
_16934_,6.26µm
_17170_,6.26µm
_17202_,6.26µm
_17358_,6.26µm
_17977_,6.26µm
_18479_,6.26µm
_19383_,6.26µm
_19594_,6.26µm
_19617_,6.26µm
_19620_,6.26µm
_19664_,6.26µm
_19781_,6.26µm
_20093_,6.26µm
_20446_,6.26µm
_20458_,6.26µm
_20498_,6.26µm
_20612_,6.26µm
_20733_,6.26µm
_21137_,6.26µm
_21691_,6.26µm
_21697_,6.26µm
_21745_,6.26µm
_21828_,6.26µm
_22313_,6.26µm
_22385_,6.26µm
_22431_,6.26µm
_22693_,6.26µm
_23240_,6.26µm
_23758_,6.26µm
_23761_,6.26µm
_23962_,6.26µm
_23981_,6.26µm
_24010_,6.26µm
_24269_,6.26µm
_24492_,6.26µm
_24597_,6.26µm
_24828_,6.26µm
_24970_,6.26µm
_25149_,6.26µm
_25214_,6.26µm
_25279_,6.26µm
_25738_,6.26µm
_25864_,6.26µm
_25914_,6.26µm
_25949_,6.26µm
_25961_,6.26µm
_26311_,6.26µm
_26346_,6.26µm
_26425_,6.26µm
_26502_,6.26µm
_26569_,6.26µm
_26622_,6.26µm
_26805_,6.26µm
_26851_,6.26µm
_27263_,6.26µm
_27365_,6.26µm
_27450_,6.26µm
_27584_,6.26µm
_27608_,6.26µm
i_core_v_mini_mcu.ao_peripheral_subsystem_i.obi_fifo_i.consumer_data_req_q\[49\],6.26µm
i_core_v_mini_mcu.ao_peripheral_subsystem_i.obi_fifo_i.consumer_resp_i\[21\],6.26µm
i_core_v_mini_mcu.cpu_subsystem_i.cpu_0_0.rf_ram_i.memory\[572\]\[0\],6.26µm
i_core_v_mini_mcu.cpu_subsystem_i.cpu_1_0.rf_ram_i.memory\[48\]\[0\],6.26µm
i_core_v_mini_mcu.memory_subsystem_i.ram0_i.tc_ram_i.sram\[1\]\[6\],6.26µm
i_core_v_mini_mcu.memory_subsystem_i.ram0_i.tc_ram_i.sram\[24\]\[27\],6.26µm
i_core_v_mini_mcu.memory_subsystem_i.ram0_i.tc_ram_i.sram\[6\]\[24\],6.26µm
i_core_v_mini_mcu.memory_subsystem_i.ram0_i.tc_ram_i.sram\[8\]\[10\],6.26µm
i_core_v_mini_mcu.peripheral_subsystem_i.uart_i.uart_core.uart_tx.bit_cnt_q\[1\],6.26µm
_00123_,6.21µm
_00139_,6.21µm
_00258_,6.21µm
_00264_,6.21µm
_00627_,6.21µm
_00653_,6.21µm
_00677_,6.21µm
_00681_,6.21µm
_00700_,6.21µm
_00740_,6.21µm
_00786_,6.21µm
_00815_,6.21µm
_00836_,6.21µm
_00840_,6.21µm
_00875_,6.21µm
_00877_,6.21µm
_00894_,6.21µm
_00961_,6.21µm
_00987_,6.21µm
_00993_,6.21µm
_01063_,6.21µm
_01117_,6.21µm
_01119_,6.21µm
_01224_,6.21µm
_01273_,6.21µm
_01293_,6.21µm
_01305_,6.21µm
_01328_,6.21µm
_01497_,6.21µm
_01508_,6.21µm
_01511_,6.21µm
_01523_,6.21µm
_01561_,6.21µm
_01582_,6.21µm
_01621_,6.21µm
_01625_,6.21µm
_01705_,6.21µm
_01724_,6.21µm
_01745_,6.21µm
_01805_,6.21µm
_01886_,6.21µm
_01999_,6.21µm
_02145_,6.21µm
_02160_,6.21µm
_02189_,6.21µm
_02191_,6.21µm
_02373_,6.21µm
_02464_,6.21µm
_02467_,6.21µm
_02503_,6.21µm
_02582_,6.21µm
_02618_,6.21µm
_02673_,6.21µm
_02820_,6.21µm
_03117_,6.21µm
_03185_,6.21µm
_03282_,6.21µm
_03430_,6.21µm
_03493_,6.21µm
_03619_,6.21µm
_03686_,6.21µm
_03723_,6.21µm
_03745_,6.21µm
_03784_,6.21µm
_03865_,6.21µm
_03940_,6.21µm
_04033_,6.21µm
_04189_,6.21µm
_04191_,6.21µm
_04196_,6.21µm
_04323_,6.21µm
_04340_,6.21µm
_04386_,6.21µm
_04439_,6.21µm
_04575_,6.21µm
_04718_,6.21µm
_04803_,6.21µm
_04879_,6.21µm
_04937_,6.21µm
_04959_,6.21µm
_05124_,6.21µm
_05208_,6.21µm
_05211_,6.21µm
_05337_,6.21µm
_05338_,6.21µm
_05346_,6.21µm
_05578_,6.21µm
_05716_,6.21µm
_05843_,6.21µm
_05926_,6.21µm
_06105_,6.21µm
_06240_,6.21µm
_06473_,6.21µm
_06619_,6.21µm
_06924_,6.21µm
_06998_,6.21µm
_07327_,6.21µm
_07493_,6.21µm
_07601_,6.21µm
_07704_,6.21µm
_07710_,6.21µm
_07817_,6.21µm
_07896_,6.21µm
_07911_,6.21µm
_07967_,6.21µm
_08030_,6.21µm
_08067_,6.21µm
_08152_,6.21µm
_08288_,6.21µm
_08611_,6.21µm
_08614_,6.21µm
_08668_,6.21µm
_09299_,6.21µm
_09449_,6.21µm
_09454_,6.21µm
_09735_,6.21µm
_09739_,6.21µm
_09916_,6.21µm
_09944_,6.21µm
_09945_,6.21µm
_10054_,6.21µm
_10172_,6.21µm
_10174_,6.21µm
_10470_,6.21µm
_10806_,6.21µm
_11202_,6.21µm
_11368_,6.21µm
_11717_,6.21µm
_11848_,6.21µm
_11869_,6.21µm
_11910_,6.21µm
_12219_,6.21µm
_12675_,6.21µm
_12677_,6.21µm
_12681_,6.21µm
_12719_,6.21µm
_12788_,6.21µm
_12790_,6.21µm
_13120_,6.21µm
_13230_,6.21µm
_13344_,6.21µm
_13368_,6.21µm
_13468_,6.21µm
_13572_,6.21µm
_13806_,6.21µm
_13917_,6.21µm
_13935_,6.21µm
_13999_,6.21µm
_14039_,6.21µm
_14062_,6.21µm
_14247_,6.21µm
_14753_,6.21µm
_14764_,6.21µm
_15406_,6.21µm
_15770_,6.21µm
_15788_,6.21µm
_16753_,6.21µm
_16869_,6.21µm
_17351_,6.21µm
_17357_,6.21µm
_17760_,6.21µm
_17999_,6.21µm
_18051_,6.21µm
_18088_,6.21µm
_18290_,6.21µm
_18606_,6.21µm
_18627_,6.21µm
_18643_,6.21µm
_19018_,6.21µm
_19200_,6.21µm
_19375_,6.21µm
_19820_,6.21µm
_19849_,6.21µm
_19869_,6.21µm
_19886_,6.21µm
_20050_,6.21µm
_20289_,6.21µm
_20318_,6.21µm
_20337_,6.21µm
_20401_,6.21µm
_20426_,6.21µm
_20433_,6.21µm
_20526_,6.21µm
_20734_,6.21µm
_20988_,6.21µm
_20995_,6.21µm
_21297_,6.21µm
_21362_,6.21µm
_21431_,6.21µm
_21486_,6.21µm
_21578_,6.21µm
_21599_,6.21µm
_21616_,6.21µm
_21689_,6.21µm
_21756_,6.21µm
_21846_,6.21µm
_21899_,6.21µm
_22223_,6.21µm
_22278_,6.21µm
_22326_,6.21µm
_22688_,6.21µm
_23025_,6.21µm
_23030_,6.21µm
_23070_,6.21µm
_23074_,6.21µm
_23090_,6.21µm
_23247_,6.21µm
_23285_,6.21µm
_23288_,6.21µm
_23394_,6.21µm
_23484_,6.21µm
_23627_,6.21µm
_23629_,6.21µm
_23788_,6.21µm
_23827_,6.21µm
_23993_,6.21µm
_24034_,6.21µm
_24088_,6.21µm
_24090_,6.21µm
_24132_,6.21µm
_24165_,6.21µm
_24179_,6.21µm
_24257_,6.21µm
_24490_,6.21µm
_24515_,6.21µm
_24586_,6.21µm
_24643_,6.21µm
_24739_,6.21µm
_24751_,6.21µm
_24856_,6.21µm
_24883_,6.21µm
_25234_,6.21µm
_25245_,6.21µm
_25277_,6.21µm
_25292_,6.21µm
_25356_,6.21µm
_25379_,6.21µm
_25477_,6.21µm
_25514_,6.21µm
_25800_,6.21µm
_25999_,6.21µm
_26051_,6.21µm
_26237_,6.21µm
_26430_,6.21µm
_26544_,6.21µm
_26626_,6.21µm
_26642_,6.21µm
_26665_,6.21µm
_26762_,6.21µm
_26785_,6.21µm
_26791_,6.21µm
_27055_,6.21µm
_27242_,6.21µm
_27260_,6.21µm
_27264_,6.21µm
_27304_,6.21µm
_27675_,6.21µm
i_core_v_mini_mcu.ao_peripheral_subsystem_i.power_manager_i.power_manager_reg_top_i.u_intr_state.wr_data\[1\],6.21µm
i_core_v_mini_mcu.ao_peripheral_subsystem_i.power_manager_i.reg_to_counter_cpu_powergate_iso_on_i.counter_curr_state\[2\],6.21µm
i_core_v_mini_mcu.ao_peripheral_subsystem_i.spi_subsystem_i.obi_spimemio_i.spimemio_i.dout_data\[4\],6.21µm
i_core_v_mini_mcu.cpu_subsystem_i.cpu_0_0.clk_i,6.21µm
i_core_v_mini_mcu.cpu_subsystem_i.cpu_0_0.rf_ram_i.memory\[303\]\[1\],6.21µm
i_core_v_mini_mcu.cpu_subsystem_i.cpu_1_0.rf_ram_i.regzero,6.21µm
i_core_v_mini_mcu.memory_subsystem_i.ram0_i.tc_ram_i.r_addr_q\[1\],6.21µm
i_core_v_mini_mcu.memory_subsystem_i.ram0_i.tc_ram_i.sram\[0\]\[1\],6.21µm
i_core_v_mini_mcu.memory_subsystem_i.ram0_i.tc_ram_i.sram\[16\]\[6\],6.21µm
i_core_v_mini_mcu.memory_subsystem_i.ram0_i.tc_ram_i.sram\[19\]\[3\],6.21µm
i_core_v_mini_mcu.memory_subsystem_i.ram0_i.tc_ram_i.sram\[27\]\[12\],6.21µm
i_core_v_mini_mcu.peripheral_subsystem_i.obi_fifo_i.consumer_data_req\[16\],6.21µm
i_core_v_mini_mcu.peripheral_subsystem_i.uart_i.uart_core.tx_out_q,6.21µm
_00000_,6.16µm
_00205_,6.16µm
_00240_,6.16µm
_00257_,6.16µm
_00260_,6.16µm
_00448_,6.16µm
_00523_,6.16µm
_00568_,6.16µm
_00580_,6.16µm
_00756_,6.16µm
_00785_,6.16µm
_00797_,6.16µm
_00830_,6.16µm
_00870_,6.16µm
_00885_,6.16µm
_00913_,6.16µm
_00934_,6.16µm
_00944_,6.16µm
_00971_,6.16µm
_01021_,6.16µm
_01052_,6.16µm
_01100_,6.16µm
_01240_,6.16µm
_01270_,6.16µm
_01466_,6.16µm
_01470_,6.16µm
_01489_,6.16µm
_01566_,6.16µm
_01674_,6.16µm
_01678_,6.16µm
_01743_,6.16µm
_01778_,6.16µm
_01792_,6.16µm
_01855_,6.16µm
_01914_,6.16µm
_01915_,6.16µm
_01941_,6.16µm
_01961_,6.16µm
_01996_,6.16µm
_02011_,6.16µm
_02029_,6.16µm
_02032_,6.16µm
_02083_,6.16µm
_02295_,6.16µm
_02300_,6.16µm
_02340_,6.16µm
_02342_,6.16µm
_02384_,6.16µm
_02398_,6.16µm
_02442_,6.16µm
_02550_,6.16µm
_02575_,6.16µm
_02587_,6.16µm
_02601_,6.16µm
_02626_,6.16µm
_02645_,6.16µm
_02736_,6.16µm
_02751_,6.16µm
_02767_,6.16µm
_02769_,6.16µm
_02772_,6.16µm
_02791_,6.16µm
_02823_,6.16µm
_02871_,6.16µm
_02885_,6.16µm
_02893_,6.16µm
_03021_,6.16µm
_03048_,6.16µm
_03114_,6.16µm
_03116_,6.16µm
_03129_,6.16µm
_03134_,6.16µm
_03157_,6.16µm
_03183_,6.16µm
_03189_,6.16µm
_03209_,6.16µm
_03219_,6.16µm
_03229_,6.16µm
_03241_,6.16µm
_03257_,6.16µm
_03272_,6.16µm
_03277_,6.16µm
_03285_,6.16µm
_03290_,6.16µm
_03337_,6.16µm
_03346_,6.16µm
_03391_,6.16µm
_03444_,6.16µm
_03477_,6.16µm
_03498_,6.16µm
_03514_,6.16µm
_03517_,6.16µm
_03524_,6.16µm
_03536_,6.16µm
_03553_,6.16µm
_03570_,6.16µm
_03576_,6.16µm
_03581_,6.16µm
_03624_,6.16µm
_03692_,6.16µm
_03698_,6.16µm
_03720_,6.16µm
_03743_,6.16µm
_03775_,6.16µm
_03927_,6.16µm
_03929_,6.16µm
_03994_,6.16µm
_04038_,6.16µm
_04070_,6.16µm
_04102_,6.16µm
_04139_,6.16µm
_04148_,6.16µm
_04184_,6.16µm
_04192_,6.16µm
_04197_,6.16µm
_04221_,6.16µm
_04250_,6.16µm
_04266_,6.16µm
_04308_,6.16µm
_04374_,6.16µm
_04399_,6.16µm
_04414_,6.16µm
_04438_,6.16µm
_04453_,6.16µm
_04555_,6.16µm
_04559_,6.16µm
_04605_,6.16µm
_04607_,6.16µm
_04614_,6.16µm
_04731_,6.16µm
_04808_,6.16µm
_04824_,6.16µm
_04826_,6.16µm
_04843_,6.16µm
_04861_,6.16µm
_04865_,6.16µm
_04970_,6.16µm
_04971_,6.16µm
_04990_,6.16µm
_05068_,6.16µm
_05132_,6.16µm
_05213_,6.16µm
_05235_,6.16µm
_05251_,6.16µm
_05307_,6.16µm
_05392_,6.16µm
_05415_,6.16µm
_05730_,6.16µm
_05785_,6.16µm
_05929_,6.16µm
_05959_,6.16µm
_05970_,6.16µm
_05986_,6.16µm
_06080_,6.16µm
_06123_,6.16µm
_06186_,6.16µm
_06221_,6.16µm
_06258_,6.16µm
_06675_,6.16µm
_06730_,6.16µm
_06779_,6.16µm
_06925_,6.16µm
_07314_,6.16µm
_07624_,6.16µm
_07652_,6.16µm
_07783_,6.16µm
_07786_,6.16µm
_07894_,6.16µm
_07906_,6.16µm
_08026_,6.16µm
_08146_,6.16µm
_08207_,6.16µm
_08302_,6.16µm
_08418_,6.16µm
_08540_,6.16µm
_08681_,6.16µm
_08702_,6.16µm
_08742_,6.16µm
_08763_,6.16µm
_08767_,6.16µm
_08771_,6.16µm
_08826_,6.16µm
_08885_,6.16µm
_08918_,6.16µm
_08924_,6.16µm
_08997_,6.16µm
_09007_,6.16µm
_09047_,6.16µm
_09073_,6.16µm
_09116_,6.16µm
_09145_,6.16µm
_09584_,6.16µm
_09762_,6.16µm
_09832_,6.16µm
_09841_,6.16µm
_09918_,6.16µm
_09940_,6.16µm
_10034_,6.16µm
_10331_,6.16µm
_10466_,6.16µm
_10805_,6.16µm
_10872_,6.16µm
_10874_,6.16µm
_11067_,6.16µm
_11241_,6.16µm
_11353_,6.16µm
_11845_,6.16µm
_11854_,6.16µm
_11970_,6.16µm
_11977_,6.16µm
_12067_,6.16µm
_12145_,6.16µm
_12209_,6.16µm
_12216_,6.16µm
_12222_,6.16µm
_12290_,6.16µm
_12313_,6.16µm
_12354_,6.16µm
_12455_,6.16µm
_12473_,6.16µm
_12493_,6.16µm
_12608_,6.16µm
_12764_,6.16µm
_12778_,6.16µm
_12813_,6.16µm
_12873_,6.16µm
_13020_,6.16µm
_13022_,6.16µm
_13056_,6.16µm
_13229_,6.16µm
_13238_,6.16µm
_13282_,6.16µm
_13756_,6.16µm
_13982_,6.16µm
_14070_,6.16µm
_14186_,6.16µm
_14415_,6.16µm
_14451_,6.16µm
_14558_,6.16µm
_14570_,6.16µm
_14652_,6.16µm
_15051_,6.16µm
_15147_,6.16µm
_15379_,6.16µm
_15399_,6.16µm
_16075_,6.16µm
_16081_,6.16µm
_16215_,6.16µm
_16690_,6.16µm
_16700_,6.16µm
_16932_,6.16µm
_17204_,6.16µm
_17213_,6.16µm
_17504_,6.16µm
_17723_,6.16µm
_18133_,6.16µm
_18138_,6.16µm
_18718_,6.16µm
_18764_,6.16µm
_18786_,6.16µm
_18871_,6.16µm
_18881_,6.16µm
_19106_,6.16µm
_19159_,6.16µm
_19219_,6.16µm
_19240_,6.16µm
_19262_,6.16µm
_19289_,6.16µm
_19330_,6.16µm
_19358_,6.16µm
_19371_,6.16µm
_19463_,6.16µm
_19503_,6.16µm
_19584_,6.16µm
_19616_,6.16µm
_19914_,6.16µm
_19925_,6.16µm
_19945_,6.16µm
_20001_,6.16µm
_20123_,6.16µm
_20276_,6.16µm
_20332_,6.16µm
_20493_,6.16µm
_20659_,6.16µm
_20693_,6.16µm
_20704_,6.16µm
_20706_,6.16µm
_20798_,6.16µm
_21075_,6.16µm
_21089_,6.16µm
_21167_,6.16µm
_21247_,6.16µm
_21293_,6.16µm
_21433_,6.16µm
_21489_,6.16µm
_21669_,6.16µm
_21727_,6.16µm
_21736_,6.16µm
_21790_,6.16µm
_21944_,6.16µm
_21966_,6.16µm
_22004_,6.16µm
_22069_,6.16µm
_22234_,6.16µm
_22377_,6.16µm
_22380_,6.16µm
_22386_,6.16µm
_22400_,6.16µm
_22547_,6.16µm
_22587_,6.16µm
_22616_,6.16µm
_22730_,6.16µm
_22808_,6.16µm
_22998_,6.16µm
_23062_,6.16µm
_23084_,6.16µm
_23157_,6.16µm
_23306_,6.16µm
_23326_,6.16µm
_23333_,6.16µm
_23433_,6.16µm
_23582_,6.16µm
_23726_,6.16µm
_23865_,6.16µm
_23885_,6.16µm
_23943_,6.16µm
_24042_,6.16µm
_24045_,6.16µm
_24064_,6.16µm
_24096_,6.16µm
_24100_,6.16µm
_24110_,6.16µm
_24129_,6.16µm
_24141_,6.16µm
_24277_,6.16µm
_24308_,6.16µm
_24449_,6.16µm
_24511_,6.16µm
_24527_,6.16µm
_24567_,6.16µm
_24570_,6.16µm
_24670_,6.16µm
_24717_,6.16µm
_24723_,6.16µm
_25039_,6.16µm
_25067_,6.16µm
_25091_,6.16µm
_25143_,6.16µm
_25213_,6.16µm
_25240_,6.16µm
_25248_,6.16µm
_25288_,6.16µm
_25419_,6.16µm
_25537_,6.16µm
_25541_,6.16µm
_25543_,6.16µm
_25555_,6.16µm
_25664_,6.16µm
_25762_,6.16µm
_25930_,6.16µm
_26004_,6.16µm
_26077_,6.16µm
_26093_,6.16µm
_26097_,6.16µm
_26139_,6.16µm
_26170_,6.16µm
_26373_,6.16µm
_26459_,6.16µm
_26558_,6.16µm
_26624_,6.16µm
_26719_,6.16µm
_26797_,6.16µm
_26828_,6.16µm
_26935_,6.16µm
_26961_,6.16µm
_27025_,6.16µm
_27036_,6.16µm
_27220_,6.16µm
_27243_,6.16µm
_27271_,6.16µm
_27417_,6.16µm
_27554_,6.16µm
_27589_,6.16µm
_27626_,6.16µm
_27717_,6.16µm
i_core_v_mini_mcu.ao_peripheral_subsystem_i.power_manager_i.power_manager_reg_top_i.u_intr_state.wr_data\[27\],6.16µm
i_core_v_mini_mcu.ao_peripheral_subsystem_i.power_manager_i.reg_to_counter_cpu_powergate_switch_off_i.counter_curr_state\[2\],6.16µm
i_core_v_mini_mcu.cpu_subsystem_i.cpu_0_0.i_servile.cpu.gen_csr.csr.mcause3_0\[3\],6.16µm
i_core_v_mini_mcu.cpu_subsystem_i.cpu_0_0.rf_ram_i.memory\[106\]\[1\],6.16µm
i_core_v_mini_mcu.cpu_subsystem_i.cpu_0_0.rf_ram_i.memory\[197\]\[1\],6.16µm
i_core_v_mini_mcu.cpu_subsystem_i.cpu_1_0.i_servile.cpu.ctrl.i_utype,6.16µm
i_core_v_mini_mcu.cpu_subsystem_i.cpu_1_0.i_servile.rf_ram_if.rgnt,6.16µm
i_core_v_mini_mcu.memory_subsystem_i.ram0_i.tc_ram_i.sram\[17\]\[21\],6.16µm
i_core_v_mini_mcu.memory_subsystem_i.ram0_i.tc_ram_i.sram\[7\]\[15\],6.16µm
i_core_v_mini_mcu.peripheral_subsystem_i.obi_fifo_i.consumer_data_req\[7\],6.16µm
i_core_v_mini_mcu.peripheral_subsystem_i.obi_fifo_i.consumer_data_req_q\[66\],6.16µm
_22276_,5.88µm
i_core_v_mini_mcu.memory_subsystem_i.ram0_i.tc_ram_i.sram\[27\]\[9\],5.88µm
_01448_,5.75µm
_11230_,5.75µm
_15655_,5.75µm
_00418_,5.7µm
_01257_,5.7µm
_04501_,5.7µm
_04504_,5.7µm
_04739_,5.7µm
_05516_,5.7µm
_05776_,5.7µm
_05879_,5.7µm
_06019_,5.7µm
_06137_,5.7µm
_06236_,5.7µm
_07013_,5.7µm
_07134_,5.7µm
_07425_,5.7µm
_07614_,5.7µm
_07636_,5.7µm
_07751_,5.7µm
_07861_,5.7µm
_08481_,5.7µm
_08609_,5.7µm
_09028_,5.7µm
_09990_,5.7µm
_10073_,5.7µm
_10119_,5.7µm
_10182_,5.7µm
_10263_,5.7µm
_10459_,5.7µm
_10484_,5.7µm
_10649_,5.7µm
_10956_,5.7µm
_11168_,5.7µm
_11181_,5.7µm
_11496_,5.7µm
_11518_,5.7µm
_11984_,5.7µm
_12179_,5.7µm
_12335_,5.7µm
_13108_,5.7µm
_13310_,5.7µm
_13676_,5.7µm
_13717_,5.7µm
_14159_,5.7µm
_14388_,5.7µm
_14442_,5.7µm
_14510_,5.7µm
_14593_,5.7µm
_14623_,5.7µm
_14755_,5.7µm
_14787_,5.7µm
_15042_,5.7µm
_15105_,5.7µm
_15381_,5.7µm
_15779_,5.7µm
_15836_,5.7µm
_15949_,5.7µm
_15960_,5.7µm
_16640_,5.7µm
_16664_,5.7µm
_17369_,5.7µm
_17696_,5.7µm
_17807_,5.7µm
_18151_,5.7µm
_19133_,5.7µm
_19256_,5.7µm
_19389_,5.7µm
_19510_,5.7µm
_19871_,5.7µm
_20033_,5.7µm
_20055_,5.7µm
_20584_,5.7µm
_20687_,5.7µm
_20753_,5.7µm
_20911_,5.7µm
_20915_,5.7µm
_21006_,5.7µm
_21537_,5.7µm
_21602_,5.7µm
_21679_,5.7µm
_21742_,5.7µm
_21841_,5.7µm
_21928_,5.7µm
_22099_,5.7µm
_22187_,5.7µm
_22192_,5.7µm
_22566_,5.7µm
_22576_,5.7µm
_22675_,5.7µm
_22679_,5.7µm
_23089_,5.7µm
_23100_,5.7µm
_23197_,5.7µm
_23302_,5.7µm
_23548_,5.7µm
_23577_,5.7µm
_23751_,5.7µm
_24148_,5.7µm
_24221_,5.7µm
_24273_,5.7µm
_24355_,5.7µm
_24583_,5.7µm
_24668_,5.7µm
_24787_,5.7µm
_24822_,5.7µm
_24829_,5.7µm
_24848_,5.7µm
_24961_,5.7µm
_25183_,5.7µm
_25191_,5.7µm
_25237_,5.7µm
_25789_,5.7µm
_25938_,5.7µm
_26353_,5.7µm
_26364_,5.7µm
_26530_,5.7µm
_26601_,5.7µm
_26718_,5.7µm
_26798_,5.7µm
_26815_,5.7µm
_26858_,5.7µm
i_core_v_mini_mcu.cpu_subsystem_i.cpu_0_0.i_servile.rf_ram_if.wdata1_r\[2\],5.7µm
i_core_v_mini_mcu.cpu_subsystem_i.cpu_1_0.i_servile.arbiter.i_wb_cpu_dbus_adr\[4\],5.7µm
i_core_v_mini_mcu.memory_subsystem_i.ram0_i.tc_ram_i.sram\[18\]\[26\],5.7µm
i_core_v_mini_mcu.memory_subsystem_i.ram0_i.tc_ram_i.sram\[31\]\[30\],5.7µm
i_core_v_mini_mcu.memory_subsystem_i.ram0_i.tc_ram_i.sram\[4\]\[30\],5.7µm
_00009_,5.65µm
_00023_,5.65µm
_00050_,5.65µm
_00064_,5.65µm
_00135_,5.65µm
_00196_,5.65µm
_00245_,5.65µm
_00294_,5.65µm
_00394_,5.65µm
_00562_,5.65µm
_00589_,5.65µm
_00601_,5.65µm
_00718_,5.65µm
_00773_,5.65µm
_00975_,5.65µm
_01006_,5.65µm
_01007_,5.65µm
_01055_,5.65µm
_01059_,5.65µm
_01075_,5.65µm
_01139_,5.65µm
_01184_,5.65µm
_01226_,5.65µm
_01234_,5.65µm
_01329_,5.65µm
_01337_,5.65µm
_01414_,5.65µm
_01513_,5.65µm
_01630_,5.65µm
_01648_,5.65µm
_01653_,5.65µm
_01657_,5.65µm
_01676_,5.65µm
_01720_,5.65µm
_01729_,5.65µm
_01730_,5.65µm
_01733_,5.65µm
_01734_,5.65µm
_01763_,5.65µm
_01787_,5.65µm
_01819_,5.65µm
_01820_,5.65µm
_01844_,5.65µm
_01920_,5.65µm
_01925_,5.65µm
_01928_,5.65µm
_01935_,5.65µm
_01952_,5.65µm
_02025_,5.65µm
_02070_,5.65µm
_02156_,5.65µm
_02194_,5.65µm
_02241_,5.65µm
_02246_,5.65µm
_02277_,5.65µm
_02291_,5.65µm
_02304_,5.65µm
_02334_,5.65µm
_02349_,5.65µm
_02405_,5.65µm
_02484_,5.65µm
_02495_,5.65µm
_02507_,5.65µm
_02540_,5.65µm
_02592_,5.65µm
_02620_,5.65µm
_02627_,5.65µm
_02656_,5.65µm
_02763_,5.65µm
_03102_,5.65µm
_03104_,5.65µm
_03460_,5.65µm
_03807_,5.65µm
_03914_,5.65µm
_04107_,5.65µm
_04119_,5.65µm
_04121_,5.65µm
_04150_,5.65µm
_04151_,5.65µm
_04157_,5.65µm
_04186_,5.65µm
_04260_,5.65µm
_04264_,5.65µm
_04286_,5.65µm
_04297_,5.65µm
_04333_,5.65µm
_04402_,5.65µm
_04483_,5.65µm
_04498_,5.65µm
_04537_,5.65µm
_04587_,5.65µm
_04588_,5.65µm
_04598_,5.65µm
_04661_,5.65µm
_04713_,5.65µm
_04846_,5.65µm
_04929_,5.65µm
_04941_,5.65µm
_04956_,5.65µm
_05136_,5.65µm
_05159_,5.65µm
_05237_,5.65µm
_05257_,5.65µm
_05284_,5.65µm
_05369_,5.65µm
_05388_,5.65µm
_05802_,5.65µm
_05890_,5.65µm
_06096_,5.65µm
_06183_,5.65µm
_06260_,5.65µm
_06315_,5.65µm
_06361_,5.65µm
_06383_,5.65µm
_06912_,5.65µm
_06960_,5.65µm
_07054_,5.65µm
_07137_,5.65µm
_07230_,5.65µm
_07381_,5.65µm
_07660_,5.65µm
_08142_,5.65µm
_08239_,5.65µm
_08244_,5.65µm
_08491_,5.65µm
_08520_,5.65µm
_08671_,5.65µm
_08711_,5.65µm
_08865_,5.65µm
_09256_,5.65µm
_09349_,5.65µm
_09583_,5.65µm
_09633_,5.65µm
_09684_,5.65µm
_09858_,5.65µm
_10610_,5.65µm
_10648_,5.65µm
_10669_,5.65µm
_10946_,5.65µm
_11024_,5.65µm
_11200_,5.65µm
_11444_,5.65µm
_11657_,5.65µm
_11756_,5.65µm
_11889_,5.65µm
_11943_,5.65µm
_12162_,5.65µm
_12552_,5.65µm
_12590_,5.65µm
_12626_,5.65µm
_12628_,5.65µm
_12730_,5.65µm
_12805_,5.65µm
_12886_,5.65µm
_13133_,5.65µm
_13333_,5.65µm
_13728_,5.65µm
_14511_,5.65µm
_14620_,5.65µm
_15254_,5.65µm
_15356_,5.65µm
_15546_,5.65µm
_15600_,5.65µm
_15878_,5.65µm
_16529_,5.65µm
_16789_,5.65µm
_17215_,5.65µm
_18068_,5.65µm
_18121_,5.65µm
_18365_,5.65µm
_18447_,5.65µm
_18659_,5.65µm
_18740_,5.65µm
_18748_,5.65µm
_18935_,5.65µm
_19624_,5.65µm
_19654_,5.65µm
_19981_,5.65µm
_20013_,5.65µm
_20028_,5.65µm
_20075_,5.65µm
_20085_,5.65µm
_20501_,5.65µm
_20586_,5.65µm
_20791_,5.65µm
_20882_,5.65µm
_21139_,5.65µm
_21156_,5.65µm
_21170_,5.65µm
_21317_,5.65µm
_21364_,5.65µm
_21401_,5.65µm
_21465_,5.65µm
_21467_,5.65µm
_21491_,5.65µm
_21512_,5.65µm
_21779_,5.65µm
_22282_,5.65µm
_22410_,5.65µm
_22649_,5.65µm
_22716_,5.65µm
_22861_,5.65µm
_22891_,5.65µm
_23018_,5.65µm
_23391_,5.65µm
_23488_,5.65µm
_23658_,5.65µm
_23666_,5.65µm
_23692_,5.65µm
_23722_,5.65µm
_24067_,5.65µm
_24146_,5.65µm
_24220_,5.65µm
_24235_,5.65µm
_24397_,5.65µm
_24616_,5.65µm
_24790_,5.65µm
_24800_,5.65µm
_24865_,5.65µm
_24953_,5.65µm
_25132_,5.65µm
_25229_,5.65µm
_25258_,5.65µm
_25604_,5.65µm
_25686_,5.65µm
_25708_,5.65µm
_25797_,5.65µm
_25963_,5.65µm
_25968_,5.65µm
_25977_,5.65µm
_26150_,5.65µm
_26162_,5.65µm
_26239_,5.65µm
_26408_,5.65µm
_26596_,5.65µm
_26804_,5.65µm
_26914_,5.65µm
_27361_,5.65µm
i_core_v_mini_mcu.ao_peripheral_subsystem_i.power_manager_i.power_manager_reg_top_i.u_intr_state.wr_data\[23\],5.65µm
i_core_v_mini_mcu.memory_subsystem_i.ram0_i.tc_ram_i.sram\[27\]\[20\],5.65µm
i_core_v_mini_mcu.peripheral_subsystem_i.obi_fifo_i.consumer_resp_i\[31\],5.65µm
_00010_,5.6µm
_00100_,5.6µm
_00147_,5.6µm
_00277_,5.6µm
_00290_,5.6µm
_00298_,5.6µm
_00321_,5.6µm
_00327_,5.6µm
_00462_,5.6µm
_00501_,5.6µm
_00628_,5.6µm
_00633_,5.6µm
_00637_,5.6µm
_00650_,5.6µm
_00769_,5.6µm
_00777_,5.6µm
_00967_,5.6µm
_00969_,5.6µm
_00985_,5.6µm
_01085_,5.6µm
_01121_,5.6µm
_01141_,5.6µm
_01198_,5.6µm
_01202_,5.6µm
_01216_,5.6µm
_01236_,5.6µm
_01282_,5.6µm
_01363_,5.6µm
_01423_,5.6µm
_01449_,5.6µm
_01518_,5.6µm
_01570_,5.6µm
_01579_,5.6µm
_01667_,5.6µm
_01672_,5.6µm
_01749_,5.6µm
_01775_,5.6µm
_01933_,5.6µm
_01963_,5.6µm
_01965_,5.6µm
_02001_,5.6µm
_02055_,5.6µm
_02097_,5.6µm
_02149_,5.6µm
_02152_,5.6µm
_02169_,5.6µm
_02192_,5.6µm
_02202_,5.6µm
_02203_,5.6µm
_02222_,5.6µm
_02229_,5.6µm
_02285_,5.6µm
_02417_,5.6µm
_02490_,5.6µm
_02580_,5.6µm
_02602_,5.6µm
_02617_,5.6µm
_02802_,5.6µm
_02831_,5.6µm
_03020_,5.6µm
_03098_,5.6µm
_03220_,5.6µm
_03265_,5.6µm
_03358_,5.6µm
_03411_,5.6µm
_03441_,5.6µm
_03473_,5.6µm
_03489_,5.6µm
_03535_,5.6µm
_03560_,5.6µm
_03647_,5.6µm
_03648_,5.6µm
_03679_,5.6µm
_03684_,5.6µm
_03691_,5.6µm
_03759_,5.6µm
_03886_,5.6µm
_03930_,5.6µm
_03976_,5.6µm
_04024_,5.6µm
_04027_,5.6µm
_04051_,5.6µm
_04055_,5.6µm
_04152_,5.6µm
_04203_,5.6µm
_04233_,5.6µm
_04248_,5.6µm
_04335_,5.6µm
_04377_,5.6µm
_04380_,5.6µm
_04394_,5.6µm
_04433_,5.6µm
_04473_,5.6µm
_04512_,5.6µm
_04550_,5.6µm
_04708_,5.6µm
_04721_,5.6µm
_04725_,5.6µm
_04733_,5.6µm
_04818_,5.6µm
_04829_,5.6µm
_04903_,5.6µm
_04928_,5.6µm
_04998_,5.6µm
_05043_,5.6µm
_05091_,5.6µm
_05135_,5.6µm
_05164_,5.6µm
_05214_,5.6µm
_05217_,5.6µm
_05275_,5.6µm
_05279_,5.6µm
_05280_,5.6µm
_05378_,5.6µm
_05386_,5.6µm
_05434_,5.6µm
_05455_,5.6µm
_05531_,5.6µm
_05671_,5.6µm
_05731_,5.6µm
_05777_,5.6µm
_06127_,5.6µm
_06155_,5.6µm
_06247_,5.6µm
_06280_,5.6µm
_06286_,5.6µm
_06299_,5.6µm
_06312_,5.6µm
_06350_,5.6µm
_06399_,5.6µm
_06449_,5.6µm
_06754_,5.6µm
_06793_,5.6µm
_06953_,5.6µm
_07039_,5.6µm
_07100_,5.6µm
_07336_,5.6µm
_07384_,5.6µm
_07406_,5.6µm
_07785_,5.6µm
_07920_,5.6µm
_07925_,5.6µm
_07972_,5.6µm
_08025_,5.6µm
_08040_,5.6µm
_08042_,5.6µm
_08050_,5.6µm
_08096_,5.6µm
_08155_,5.6µm
_08175_,5.6µm
_08269_,5.6µm
_08320_,5.6µm
_08383_,5.6µm
_08461_,5.6µm
_08515_,5.6µm
_08545_,5.6µm
_08546_,5.6µm
_08575_,5.6µm
_08585_,5.6µm
_08717_,5.6µm
_08725_,5.6µm
_08940_,5.6µm
_08983_,5.6µm
_09107_,5.6µm
_09127_,5.6µm
_09148_,5.6µm
_09152_,5.6µm
_09153_,5.6µm
_09224_,5.6µm
_09258_,5.6µm
_09262_,5.6µm
_09267_,5.6µm
_09287_,5.6µm
_09400_,5.6µm
_09495_,5.6µm
_09721_,5.6µm
_09861_,5.6µm
_10131_,5.6µm
_10316_,5.6µm
_10410_,5.6µm
_10418_,5.6µm
_10475_,5.6µm
_10664_,5.6µm
_10851_,5.6µm
_10854_,5.6µm
_10996_,5.6µm
_11015_,5.6µm
_11154_,5.6µm
_11222_,5.6µm
_11300_,5.6µm
_11349_,5.6µm
_11387_,5.6µm
_11389_,5.6µm
_11430_,5.6µm
_11442_,5.6µm
_11643_,5.6µm
_11884_,5.6µm
_11890_,5.6µm
_12054_,5.6µm
_12063_,5.6µm
_12432_,5.6µm
_12508_,5.6µm
_12755_,5.6µm
_12769_,5.6µm
_12776_,5.6µm
_12861_,5.6µm
_12865_,5.6µm
_12882_,5.6µm
_13011_,5.6µm
_13093_,5.6µm
_13094_,5.6µm
_13131_,5.6µm
_13278_,5.6µm
_13305_,5.6µm
_13370_,5.6µm
_13401_,5.6µm
_13541_,5.6µm
_13559_,5.6µm
_13669_,5.6µm
_13955_,5.6µm
_14094_,5.6µm
_14107_,5.6µm
_14155_,5.6µm
_14522_,5.6µm
_14605_,5.6µm
_15221_,5.6µm
_15233_,5.6µm
_15479_,5.6µm
_15759_,5.6µm
_15762_,5.6µm
_16036_,5.6µm
_16082_,5.6µm
_16349_,5.6µm
_16404_,5.6µm
_16775_,5.6µm
_16851_,5.6µm
_17675_,5.6µm
_17789_,5.6µm
_17940_,5.6µm
_17989_,5.6µm
_18036_,5.6µm
_18199_,5.6µm
_18226_,5.6µm
_18273_,5.6µm
_18330_,5.6µm
_18557_,5.6µm
_18613_,5.6µm
_18840_,5.6µm
_18909_,5.6µm
_19037_,5.6µm
_19062_,5.6µm
_19078_,5.6µm
_19128_,5.6µm
_19379_,5.6µm
_19712_,5.6µm
_19724_,5.6µm
_19748_,5.6µm
_19796_,5.6µm
_19948_,5.6µm
_19976_,5.6µm
_19993_,5.6µm
_20042_,5.6µm
_20078_,5.6µm
_20111_,5.6µm
_20140_,5.6µm
_20226_,5.6µm
_20264_,5.6µm
_20293_,5.6µm
_20367_,5.6µm
_20391_,5.6µm
_20398_,5.6µm
_20503_,5.6µm
_20549_,5.6µm
_20727_,5.6µm
_20805_,5.6µm
_20810_,5.6µm
_20980_,5.6µm
_20994_,5.6µm
_21041_,5.6µm
_21049_,5.6µm
_21903_,5.6µm
_21956_,5.6µm
_22016_,5.6µm
_22041_,5.6µm
_22094_,5.6µm
_22206_,5.6µm
_22248_,5.6µm
_22328_,5.6µm
_22342_,5.6µm
_22372_,5.6µm
_22630_,5.6µm
_22669_,5.6µm
_22828_,5.6µm
_22874_,5.6µm
_22876_,5.6µm
_22947_,5.6µm
_23021_,5.6µm
_23204_,5.6µm
_23312_,5.6µm
_23555_,5.6µm
_23563_,5.6µm
_23578_,5.6µm
_23632_,5.6µm
_23712_,5.6µm
_23755_,5.6µm
_23840_,5.6µm
_23851_,5.6µm
_24008_,5.6µm
_24013_,5.6µm
_24039_,5.6µm
_24077_,5.6µm
_24119_,5.6µm
_24127_,5.6µm
_24155_,5.6µm
_24213_,5.6µm
_24249_,5.6µm
_24326_,5.6µm
_24333_,5.6µm
_24372_,5.6µm
_24398_,5.6µm
_24509_,5.6µm
_24510_,5.6µm
_24524_,5.6µm
_24613_,5.6µm
_24674_,5.6µm
_24677_,5.6µm
_24734_,5.6µm
_24735_,5.6µm
_24862_,5.6µm
_24906_,5.6µm
_24976_,5.6µm
_25014_,5.6µm
_25019_,5.6µm
_25042_,5.6µm
_25064_,5.6µm
_25073_,5.6µm
_25176_,5.6µm
_25850_,5.6µm
_25899_,5.6µm
_25912_,5.6µm
_25926_,5.6µm
_26098_,5.6µm
_26187_,5.6µm
_26295_,5.6µm
_26432_,5.6µm
_26567_,5.6µm
_26659_,5.6µm
_26734_,5.6µm
_26876_,5.6µm
_27181_,5.6µm
_27236_,5.6µm
_27246_,5.6µm
_27362_,5.6µm
i_core_v_mini_mcu.ao_peripheral_subsystem_i.obi_fifo_i.consumer_state_n,5.6µm
i_core_v_mini_mcu.ao_peripheral_subsystem_i.power_manager_i.power_manager_reg_top_i.monitor_power_gate_core_qs\[2\],5.6µm
i_core_v_mini_mcu.ao_peripheral_subsystem_i.power_manager_i.power_manager_reg_top_i.u_intr_state.wr_data\[13\],5.6µm
i_core_v_mini_mcu.ao_peripheral_subsystem_i.spi_subsystem_i.obi_spimemio_i.spimemio_i.xfer_io0_90,5.6µm
i_core_v_mini_mcu.cpu_subsystem_i.cpu_0_0.i_servile.cpu.gen_align.align.ibus_rdt_concat\[11\],5.6µm
i_core_v_mini_mcu.cpu_subsystem_i.cpu_0_0.rf_ram_i.memory\[194\]\[1\],5.6µm
i_core_v_mini_mcu.cpu_subsystem_i.cpu_0_0.rf_ram_i.memory\[25\]\[1\],5.6µm
i_core_v_mini_mcu.cpu_subsystem_i.cpu_1_0.i_servile.cpu.decode.o_immdec_en\[2\],5.6µm
i_core_v_mini_mcu.cpu_subsystem_i.cpu_1_0.i_servile.cpu.decode.o_immdec_en\[3\],5.6µm
i_core_v_mini_mcu.cpu_subsystem_i.cpu_1_0.i_servile.cpu.decode.o_mem_signed,5.6µm
i_core_v_mini_mcu.memory_subsystem_i.ram0_i.tc_ram_i.sram\[1\]\[15\],5.6µm
i_core_v_mini_mcu.memory_subsystem_i.ram0_i.tc_ram_i.sram\[23\]\[15\],5.6µm
i_core_v_mini_mcu.memory_subsystem_i.ram0_i.tc_ram_i.sram\[26\]\[8\],5.6µm
i_core_v_mini_mcu.memory_subsystem_i.ram0_i.tc_ram_i.sram\[2\]\[7\],5.6µm
i_core_v_mini_mcu.memory_subsystem_i.ram0_i.tc_ram_i.sram\[30\]\[29\],5.6µm
_05496_,5.19µm
_13320_,5.19µm
_18246_,5.19µm
_05946_,5.14µm
_06592_,5.14µm
_06895_,5.14µm
_07080_,5.14µm
_08105_,5.14µm
_08112_,5.14µm
_08527_,5.14µm
_08715_,5.14µm
_08966_,5.14µm
_09032_,5.14µm
_09393_,5.14µm
_09836_,5.14µm
_09851_,5.14µm
_09890_,5.14µm
_09930_,5.14µm
_09981_,5.14µm
_10189_,5.14µm
_10413_,5.14µm
_10464_,5.14µm
_10480_,5.14µm
_10527_,5.14µm
_10528_,5.14µm
_10622_,5.14µm
_10953_,5.14µm
_10975_,5.14µm
_11030_,5.14µm
_12420_,5.14µm
_12691_,5.14µm
_12929_,5.14µm
_13391_,5.14µm
_14095_,5.14µm
_14460_,5.14µm
_14762_,5.14µm
_15030_,5.14µm
_15108_,5.14µm
_15736_,5.14µm
_17524_,5.14µm
_17966_,5.14µm
_17971_,5.14µm
_18808_,5.14µm
_19283_,5.14µm
_19485_,5.14µm
_19784_,5.14µm
_19811_,5.14µm
_20351_,5.14µm
_20764_,5.14µm
_20888_,5.14µm
_20991_,5.14µm
_20996_,5.14µm
_21070_,5.14µm
_21411_,5.14µm
_21553_,5.14µm
_21581_,5.14µm
_21629_,5.14µm
_21896_,5.14µm
_22117_,5.14µm
_22135_,5.14µm
_22268_,5.14µm
_22297_,5.14µm
_22375_,5.14µm
_22641_,5.14µm
_22894_,5.14µm
_23741_,5.14µm
_23786_,5.14µm
_23979_,5.14µm
_24177_,5.14µm
_24482_,5.14µm
_24753_,5.14µm
_24820_,5.14µm
_25748_,5.14µm
_25833_,5.14µm
_26140_,5.14µm
_26417_,5.14µm
_26557_,5.14µm
_27033_,5.14µm
_27278_,5.14µm
_27358_,5.14µm
_27458_,5.14µm
_27482_,5.14µm
_27491_,5.14µm
_27576_,5.14µm
i_core_v_mini_mcu.cpu_subsystem_i.cpu_0_0.rf_ram_i.memory\[281\]\[0\],5.14µm
i_core_v_mini_mcu.memory_subsystem_i.ram0_i.tc_ram_i.sram\[20\]\[6\],5.14µm
i_core_v_mini_mcu.memory_subsystem_i.ram0_i.tc_ram_i.sram\[21\]\[7\],5.14µm
i_core_v_mini_mcu.memory_subsystem_i.ram0_i.tc_ram_i.sram\[26\]\[5\],5.14µm
i_core_v_mini_mcu.memory_subsystem_i.ram0_i.tc_ram_i.sram\[29\]\[0\],5.14µm
i_core_v_mini_mcu.memory_subsystem_i.ram0_i.tc_ram_i.sram\[4\]\[7\],5.14µm
i_core_v_mini_mcu.memory_subsystem_i.ram0_i.tc_ram_i.sram\[6\]\[10\],5.14µm
_00230_,5.09µm
_00338_,5.09µm
_00451_,5.09µm
_00498_,5.09µm
_00499_,5.09µm
_00588_,5.09µm
_00643_,5.09µm
_00670_,5.09µm
_00727_,5.09µm
_00731_,5.09µm
_00764_,5.09µm
_00850_,5.09µm
_00857_,5.09µm
_00862_,5.09µm
_00937_,5.09µm
_00973_,5.09µm
_01082_,5.09µm
_01235_,5.09µm
_01238_,5.09µm
_01246_,5.09µm
_01314_,5.09µm
_01350_,5.09µm
_01406_,5.09µm
_01481_,5.09µm
_01494_,5.09µm
_01656_,5.09µm
_01680_,5.09µm
_01684_,5.09µm
_01699_,5.09µm
_01725_,5.09µm
_01780_,5.09µm
_01783_,5.09µm
_01842_,5.09µm
_01897_,5.09µm
_01921_,5.09µm
_01962_,5.09µm
_01989_,5.09µm
_01992_,5.09µm
_02006_,5.09µm
_02117_,5.09µm
_02125_,5.09µm
_02138_,5.09µm
_02140_,5.09µm
_02174_,5.09µm
_02362_,5.09µm
_02406_,5.09µm
_02509_,5.09µm
_02529_,5.09µm
_02531_,5.09µm
_02536_,5.09µm
_02637_,5.09µm
_02703_,5.09µm
_02765_,5.09µm
_02809_,5.09µm
_03072_,5.09µm
_03278_,5.09µm
_03299_,5.09µm
_03484_,5.09µm
_03785_,5.09µm
_03923_,5.09µm
_04120_,5.09µm
_04182_,5.09µm
_04198_,5.09µm
_04285_,5.09µm
_04318_,5.09µm
_04409_,5.09µm
_04444_,5.09µm
_04518_,5.09µm
_04549_,5.09µm
_04568_,5.09µm
_04691_,5.09µm
_04868_,5.09µm
_04949_,5.09µm
_05206_,5.09µm
_05221_,5.09µm
_05281_,5.09µm
_05349_,5.09µm
_05629_,5.09µm
_05810_,5.09µm
_06621_,5.09µm
_06732_,5.09µm
_06826_,5.09µm
_06884_,5.09µm
_07089_,5.09µm
_07281_,5.09µm
_07497_,5.09µm
_07502_,5.09µm
_07756_,5.09µm
_07826_,5.09µm
_07919_,5.09µm
_07986_,5.09µm
_08001_,5.09µm
_08010_,5.09µm
_08070_,5.09µm
_08114_,5.09µm
_08188_,5.09µm
_08341_,5.09µm
_08430_,5.09µm
_08502_,5.09µm
_08645_,5.09µm
_08729_,5.09µm
_08791_,5.09µm
_08878_,5.09µm
_08973_,5.09µm
_08976_,5.09µm
_09926_,5.09µm
_09966_,5.09µm
_10211_,5.09µm
_10730_,5.09µm
_10780_,5.09µm
_10800_,5.09µm
_10868_,5.09µm
_10940_,5.09µm
_10958_,5.09µm
_10978_,5.09µm
_11083_,5.09µm
_11162_,5.09µm
_11186_,5.09µm
_11492_,5.09µm
_11601_,5.09µm
_11696_,5.09µm
_11722_,5.09µm
_11748_,5.09µm
_12133_,5.09µm
_12325_,5.09µm
_12839_,5.09µm
_12901_,5.09µm
_13074_,5.09µm
_13580_,5.09µm
_13680_,5.09µm
_13719_,5.09µm
_13757_,5.09µm
_13952_,5.09µm
_14614_,5.09µm
_14989_,5.09µm
_15214_,5.09µm
_15382_,5.09µm
_15904_,5.09µm
_16123_,5.09µm
_16439_,5.09µm
_16716_,5.09µm
_16765_,5.09µm
_17084_,5.09µm
_17171_,5.09µm
_17702_,5.09µm
_17788_,5.09µm
_19103_,5.09µm
_19281_,5.09µm
_19443_,5.09µm
_19641_,5.09µm
_19760_,5.09µm
_19885_,5.09µm
_20107_,5.09µm
_20117_,5.09µm
_20307_,5.09µm
_20610_,5.09µm
_20686_,5.09µm
_20768_,5.09µm
_21118_,5.09µm
_21119_,5.09µm
_21138_,5.09µm
_21236_,5.09µm
_21249_,5.09µm
_21448_,5.09µm
_21685_,5.09µm
_22037_,5.09µm
_22062_,5.09µm
_22186_,5.09µm
_22572_,5.09µm
_22623_,5.09µm
_22711_,5.09µm
_23039_,5.09µm
_23159_,5.09µm
_23189_,5.09µm
_23231_,5.09µm
_23791_,5.09µm
_23868_,5.09µm
_23917_,5.09µm
_23976_,5.09µm
_23992_,5.09µm
_24111_,5.09µm
_24153_,5.09µm
_24314_,5.09µm
_24498_,5.09µm
_24513_,5.09µm
_24550_,5.09µm
_24638_,5.09µm
_24730_,5.09µm
_24852_,5.09µm
_25033_,5.09µm
_25151_,5.09µm
_25637_,5.09µm
_25645_,5.09µm
_25696_,5.09µm
_25885_,5.09µm
_25933_,5.09µm
_25985_,5.09µm
_26173_,5.09µm
_26215_,5.09µm
_26219_,5.09µm
_26286_,5.09µm
_26416_,5.09µm
_26442_,5.09µm
_26485_,5.09µm
_26528_,5.09µm
_26940_,5.09µm
_27230_,5.09µm
_27357_,5.09µm
_27630_,5.09µm
_27653_,5.09µm
_27655_,5.09µm
i_core_v_mini_mcu.ao_peripheral_subsystem_i.periph_to_reg_i.r_rdata_d\[11\],5.09µm
i_core_v_mini_mcu.ao_peripheral_subsystem_i.power_manager_i.cpu_subsystem_powergate_switch_ack_sync,5.09µm
i_core_v_mini_mcu.ao_peripheral_subsystem_i.spi_subsystem_i.obi_spimemio_i.obi_to_picorv32_i.obi_resp_o\[25\],5.09µm
i_core_v_mini_mcu.cpu_subsystem_i.cpu_0_0.mem_outstanding_q,5.09µm
i_core_v_mini_mcu.peripheral_subsystem_i.obi_fifo_i.consumer_data_req\[14\],5.09µm
i_core_v_mini_mcu.peripheral_subsystem_i.obi_fifo_i.consumer_data_req\[21\],5.09µm
net,5.09µm
_00091_,5.04µm
_00096_,5.04µm
_00113_,5.04µm
_00115_,5.04µm
_00124_,5.04µm
_00127_,5.04µm
_00141_,5.04µm
_00199_,5.04µm
_00219_,5.04µm
_00251_,5.04µm
_00272_,5.04µm
_00381_,5.04µm
_00432_,5.04µm
_00445_,5.04µm
_00461_,5.04µm
_00480_,5.04µm
_00483_,5.04µm
_00504_,5.04µm
_00533_,5.04µm
_00534_,5.04µm
_00561_,5.04µm
_00565_,5.04µm
_00579_,5.04µm
_00609_,5.04µm
_00634_,5.04µm
_00672_,5.04µm
_00691_,5.04µm
_00722_,5.04µm
_00752_,5.04µm
_00759_,5.04µm
_00771_,5.04µm
_00789_,5.04µm
_00798_,5.04µm
_00808_,5.04µm
_00930_,5.04µm
_00962_,5.04µm
_00989_,5.04µm
_01013_,5.04µm
_01019_,5.04µm
_01034_,5.04µm
_01089_,5.04µm
_01098_,5.04µm
_01150_,5.04µm
_01173_,5.04µm
_01201_,5.04µm
_01222_,5.04µm
_01231_,5.04µm
_01232_,5.04µm
_01327_,5.04µm
_01338_,5.04µm
_01390_,5.04µm
_01428_,5.04µm
_01441_,5.04µm
_01452_,5.04µm
_01486_,5.04µm
_01495_,5.04µm
_01500_,5.04µm
_01628_,5.04µm
_01652_,5.04µm
_01709_,5.04µm
_01728_,5.04µm
_01781_,5.04µm
_01795_,5.04µm
_01807_,5.04µm
_01872_,5.04µm
_01874_,5.04µm
_01883_,5.04µm
_01893_,5.04µm
_01931_,5.04µm
_01953_,5.04µm
_01985_,5.04µm
_02018_,5.04µm
_02075_,5.04µm
_02105_,5.04µm
_02146_,5.04µm
_02164_,5.04µm
_02175_,5.04µm
_02216_,5.04µm
_02257_,5.04µm
_02332_,5.04µm
_02379_,5.04µm
_02396_,5.04µm
_02411_,5.04µm
_02421_,5.04µm
_02473_,5.04µm
_02476_,5.04µm
_02512_,5.04µm
_02530_,5.04µm
_02554_,5.04µm
_02559_,5.04µm
_02630_,5.04µm
_02669_,5.04µm
_02680_,5.04µm
_02688_,5.04µm
_02695_,5.04µm
_02700_,5.04µm
_02766_,5.04µm
_02803_,5.04µm
_02818_,5.04µm
_02860_,5.04µm
_02882_,5.04µm
_02887_,5.04µm
_02888_,5.04µm
_02910_,5.04µm
_02912_,5.04µm
_02919_,5.04µm
_02939_,5.04µm
_02951_,5.04µm
_02958_,5.04µm
_02964_,5.04µm
_02967_,5.04µm
_02971_,5.04µm
_02979_,5.04µm
_02980_,5.04µm
_02992_,5.04µm
_02997_,5.04µm
_03026_,5.04µm
_03045_,5.04µm
_03067_,5.04µm
_03076_,5.04µm
_03077_,5.04µm
_03078_,5.04µm
_03092_,5.04µm
_03095_,5.04µm
_03121_,5.04µm
_03127_,5.04µm
_03138_,5.04µm
_03144_,5.04µm
_03148_,5.04µm
_03181_,5.04µm
_03188_,5.04µm
_03194_,5.04µm
_03210_,5.04µm
_03236_,5.04µm
_03242_,5.04µm
_03243_,5.04µm
_03247_,5.04µm
_03248_,5.04µm
_03256_,5.04µm
_03261_,5.04µm
_03289_,5.04µm
_03292_,5.04µm
_03317_,5.04µm
_03329_,5.04µm
_03332_,5.04µm
_03365_,5.04µm
_03390_,5.04µm
_03392_,5.04µm
_03394_,5.04µm
_03403_,5.04µm
_03414_,5.04µm
_03416_,5.04µm
_03445_,5.04µm
_03467_,5.04µm
_03497_,5.04µm
_03508_,5.04µm
_03529_,5.04µm
_03543_,5.04µm
_03578_,5.04µm
_03592_,5.04µm
_03609_,5.04µm
_03623_,5.04µm
_03628_,5.04µm
_03629_,5.04µm
_03636_,5.04µm
_03663_,5.04µm
_03726_,5.04µm
_03741_,5.04µm
_03778_,5.04µm
_03837_,5.04µm
_03838_,5.04µm
_03856_,5.04µm
_03882_,5.04µm
_03884_,5.04µm
_03890_,5.04µm
_03902_,5.04µm
_03904_,5.04µm
_03915_,5.04µm
_03922_,5.04µm
_03926_,5.04µm
_03935_,5.04µm
_03952_,5.04µm
_03980_,5.04µm
_03988_,5.04µm
_03991_,5.04µm
_03992_,5.04µm
_03995_,5.04µm
_04004_,5.04µm
_04006_,5.04µm
_04007_,5.04µm
_04009_,5.04µm
_04037_,5.04µm
_04044_,5.04µm
_04058_,5.04µm
_04059_,5.04µm
_04073_,5.04µm
_04094_,5.04µm
_04142_,5.04µm
_04159_,5.04µm
_04162_,5.04µm
_04174_,5.04µm
_04219_,5.04µm
_04303_,5.04µm
_04339_,5.04µm
_04346_,5.04µm
_04360_,5.04µm
_04370_,5.04µm
_04379_,5.04µm
_04454_,5.04µm
_04461_,5.04µm
_04476_,5.04µm
_04477_,5.04µm
_04487_,5.04µm
_04495_,5.04µm
_04532_,5.04µm
_04538_,5.04µm
_04567_,5.04µm
_04572_,5.04µm
_04585_,5.04µm
_04616_,5.04µm
_04717_,5.04µm
_04742_,5.04µm
_04769_,5.04µm
_04780_,5.04µm
_04815_,5.04µm
_04845_,5.04µm
_04857_,5.04µm
_04899_,5.04µm
_04904_,5.04µm
_04927_,5.04µm
_04934_,5.04µm
_04977_,5.04µm
_04994_,5.04µm
_05019_,5.04µm
_05035_,5.04µm
_05056_,5.04µm
_05090_,5.04µm
_05127_,5.04µm
_05146_,5.04µm
_05153_,5.04µm
_05184_,5.04µm
_05198_,5.04µm
_05204_,5.04µm
_05236_,5.04µm
_05244_,5.04µm
_05245_,5.04µm
_05319_,5.04µm
_05373_,5.04µm
_05387_,5.04µm
_05410_,5.04µm
_05619_,5.04µm
_05677_,5.04µm
_05755_,5.04µm
_05818_,5.04µm
_05902_,5.04µm
_05978_,5.04µm
_06159_,5.04µm
_06263_,5.04µm
_06310_,5.04µm
_06595_,5.04µm
_06597_,5.04µm
_06718_,5.04µm
_06933_,5.04µm
_06986_,5.04µm
_07023_,5.04µm
_07046_,5.04µm
_07093_,5.04µm
_07116_,5.04µm
_07227_,5.04µm
_07585_,5.04µm
_07651_,5.04µm
_07795_,5.04µm
_07822_,5.04µm
_07875_,5.04µm
_07885_,5.04µm
_07922_,5.04µm
_07970_,5.04µm
_07976_,5.04µm
_08038_,5.04µm
_08286_,5.04µm
_08347_,5.04µm
_08363_,5.04µm
_08404_,5.04µm
_08521_,5.04µm
_08524_,5.04µm
_08582_,5.04µm
_08603_,5.04µm
_08633_,5.04µm
_08652_,5.04µm
_08836_,5.04µm
_08913_,5.04µm
_09078_,5.04µm
_09284_,5.04µm
_09302_,5.04µm
_09436_,5.04µm
_09685_,5.04µm
_09760_,5.04µm
_09791_,5.04µm
_09819_,5.04µm
_09837_,5.04µm
_09931_,5.04µm
_10181_,5.04µm
_10198_,5.04µm
_10386_,5.04µm
_10521_,5.04µm
_10526_,5.04µm
_10563_,5.04µm
_10595_,5.04µm
_10640_,5.04µm
_10870_,5.04µm
_11003_,5.04µm
_11137_,5.04µm
_11265_,5.04µm
_11281_,5.04µm
_11407_,5.04µm
_11494_,5.04µm
_11557_,5.04µm
_11587_,5.04µm
_11593_,5.04µm
_11687_,5.04µm
_11827_,5.04µm
_11872_,5.04µm
_11878_,5.04µm
_11894_,5.04µm
_11913_,5.04µm
_12020_,5.04µm
_12055_,5.04µm
_12082_,5.04µm
_12100_,5.04µm
_12193_,5.04µm
_12285_,5.04µm
_12295_,5.04µm
_12327_,5.04µm
_12337_,5.04µm
_12357_,5.04µm
_12386_,5.04µm
_12426_,5.04µm
_12575_,5.04µm
_12798_,5.04µm
_12803_,5.04µm
_12808_,5.04µm
_12841_,5.04µm
_12902_,5.04µm
_12917_,5.04µm
_12940_,5.04µm
_13023_,5.04µm
_13034_,5.04µm
_13091_,5.04µm
_13096_,5.04µm
_13140_,5.04µm
_13175_,5.04µm
_13193_,5.04µm
_13354_,5.04µm
_13466_,5.04µm
_13514_,5.04µm
_13554_,5.04µm
_13566_,5.04µm
_13611_,5.04µm
_13662_,5.04µm
_13710_,5.04µm
_13730_,5.04µm
_13760_,5.04µm
_13926_,5.04µm
_13953_,5.04µm
_14052_,5.04µm
_14114_,5.04µm
_14141_,5.04µm
_14195_,5.04µm
_14241_,5.04µm
_14344_,5.04µm
_14507_,5.04µm
_14520_,5.04µm
_14529_,5.04µm
_14591_,5.04µm
_14611_,5.04µm
_14890_,5.04µm
_14995_,5.04µm
_15875_,5.04µm
_15889_,5.04µm
_15925_,5.04µm
_16317_,5.04µm
_16367_,5.04µm
_16419_,5.04µm
_16629_,5.04µm
_16665_,5.04µm
_16762_,5.04µm
_16800_,5.04µm
_16959_,5.04µm
_17107_,5.04µm
_17429_,5.04µm
_17622_,5.04µm
_17792_,5.04µm
_17867_,5.04µm
_17937_,5.04µm
_17986_,5.04µm
_18103_,5.04µm
_18382_,5.04µm
_18417_,5.04µm
_18502_,5.04µm
_18523_,5.04µm
_18681_,5.04µm
_18717_,5.04µm
_18817_,5.04µm
_18829_,5.04µm
_18848_,5.04µm
_18933_,5.04µm
_19032_,5.04µm
_19039_,5.04µm
_19065_,5.04µm
_19370_,5.04µm
_19401_,5.04µm
_19476_,5.04µm
_19525_,5.04µm
_19566_,5.04µm
_19610_,5.04µm
_19667_,5.04µm
_19676_,5.04µm
_19697_,5.04µm
_19826_,5.04µm
_19879_,5.04µm
_20006_,5.04µm
_20098_,5.04µm
_20188_,5.04µm
_20204_,5.04µm
_20258_,5.04µm
_20280_,5.04µm
_20313_,5.04µm
_20343_,5.04µm
_20420_,5.04µm
_20436_,5.04µm
_20483_,5.04µm
_20698_,5.04µm
_20811_,5.04µm
_20830_,5.04µm
_20847_,5.04µm
_20937_,5.04µm
_21022_,5.04µm
_21028_,5.04µm
_21084_,5.04µm
_21155_,5.04µm
_21183_,5.04µm
_21212_,5.04µm
_21224_,5.04µm
_21314_,5.04µm
_21482_,5.04µm
_21561_,5.04µm
_21598_,5.04µm
_21609_,5.04µm
_21717_,5.04µm
_21755_,5.04µm
_21830_,5.04µm
_21953_,5.04µm
_21991_,5.04µm
_22002_,5.04µm
_22053_,5.04µm
_22208_,5.04µm
_22257_,5.04µm
_22281_,5.04µm
_22607_,5.04µm
_22613_,5.04µm
_22779_,5.04µm
_23052_,5.04µm
_23127_,5.04µm
_23177_,5.04µm
_23179_,5.04µm
_23576_,5.04µm
_23764_,5.04µm
_23766_,5.04µm
_23806_,5.04µm
_24038_,5.04µm
_24219_,5.04µm
_24226_,5.04µm
_24287_,5.04µm
_24369_,5.04µm
_24374_,5.04µm
_24392_,5.04µm
_24405_,5.04µm
_24463_,5.04µm
_24522_,5.04µm
_24558_,5.04µm
_24642_,5.04µm
_24652_,5.04µm
_24669_,5.04µm
_24741_,5.04µm
_24780_,5.04µm
_24782_,5.04µm
_24784_,5.04µm
_24803_,5.04µm
_24890_,5.04µm
_24979_,5.04µm
_25070_,5.04µm
_25186_,5.04µm
_25454_,5.04µm
_25498_,5.04µm
_25561_,5.04µm
_25564_,5.04µm
_25607_,5.04µm
_25730_,5.04µm
_25745_,5.04µm
_25814_,5.04µm
_25842_,5.04µm
_25921_,5.04µm
_25936_,5.04µm
_26000_,5.04µm
_26032_,5.04µm
_26174_,5.04µm
_26194_,5.04µm
_26233_,5.04µm
_26263_,5.04µm
_26283_,5.04µm
_26288_,5.04µm
_26304_,5.04µm
_26399_,5.04µm
_26473_,5.04µm
_26490_,5.04µm
_26504_,5.04µm
_26512_,5.04µm
_26532_,5.04µm
_26560_,5.04µm
_26575_,5.04µm
_26595_,5.04µm
_26599_,5.04µm
_26687_,5.04µm
_26844_,5.04µm
_26845_,5.04µm
_26910_,5.04µm
_26945_,5.04µm
_26991_,5.04µm
_27307_,5.04µm
_27324_,5.04µm
_27329_,5.04µm
_27495_,5.04µm
_27688_,5.04µm
i_core_v_mini_mcu.ao_peripheral_subsystem_i.power_manager_i.power_manager_reg_top_i.u_intr_state.wr_data\[15\],5.04µm
i_core_v_mini_mcu.ao_peripheral_subsystem_i.power_manager_i.power_manager_reg_top_i.u_intr_state.wr_data\[20\],5.04µm
i_core_v_mini_mcu.ao_peripheral_subsystem_i.power_manager_i.power_manager_reg_top_i.u_intr_state.wr_data\[31\],5.04µm
i_core_v_mini_mcu.ao_peripheral_subsystem_i.power_manager_i.power_manager_reg_top_i.u_intr_state.wr_data\[8\],5.04µm
i_core_v_mini_mcu.ao_peripheral_subsystem_i.power_manager_i.reg_to_counter_cpu_reset_deassert_i.counter_curr_state\[0\],5.04µm
i_core_v_mini_mcu.ao_peripheral_subsystem_i.tdu_i.cpi_est_q\[1\],5.04µm
i_core_v_mini_mcu.cpu_subsystem_i.cpu_0_0.i_servile.arbiter.i_wb_cpu_dbus_adr\[17\],5.04µm
i_core_v_mini_mcu.cpu_subsystem_i.cpu_0_0.i_servile.cpu.decode.o_mem_signed,5.04µm
i_core_v_mini_mcu.cpu_subsystem_i.cpu_1_0.i_servile.cpu.csr_imm,5.04µm
i_core_v_mini_mcu.cpu_subsystem_i.cpu_1_0.i_servile.cpu.mem_if.signbit,5.04µm
i_core_v_mini_mcu.cpu_subsystem_i.cpu_1_0.rf_ram_i.memory\[484\]\[0\],5.04µm
i_core_v_mini_mcu.memory_subsystem_i.ram0_i.tc_ram_i.sram\[10\]\[24\],5.04µm
i_core_v_mini_mcu.memory_subsystem_i.ram0_i.tc_ram_i.sram\[15\]\[28\],5.04µm
i_core_v_mini_mcu.memory_subsystem_i.ram0_i.tc_ram_i.sram\[16\]\[0\],5.04µm
i_core_v_mini_mcu.memory_subsystem_i.ram0_i.tc_ram_i.sram\[24\]\[12\],5.04µm
i_core_v_mini_mcu.memory_subsystem_i.ram0_i.tc_ram_i.sram\[30\]\[4\],5.04µm
i_core_v_mini_mcu.memory_subsystem_i.ram0_i.tc_ram_i.sram\[6\]\[7\],5.04µm
i_core_v_mini_mcu.system_bus_i.gen_demux_xbar\[1\].demux_xbar_i.u_xbar_varlat.gen_inputs\[0\].i_addr_dec_resp_mux.valid_inflight_d,5.04µm
_21061_,4.81µm
_24060_,4.81µm
_07335_,4.76µm
_09051_,4.76µm
_24030_,4.76µm
_01813_,4.63µm
_04271_,4.63µm
_05187_,4.63µm
_11675_,4.63µm
_14948_,4.63µm
_18190_,4.63µm
_05411_,4.58µm
_05949_,4.58µm
_06033_,4.58µm
_06168_,4.58µm
_06218_,4.58µm
_06245_,4.58µm
_06462_,4.58µm
_06959_,4.58µm
_07028_,4.58µm
_07200_,4.58µm
_07215_,4.58µm
_07792_,4.58µm
_07797_,4.58µm
_07805_,4.58µm
_08028_,4.58µm
_08191_,4.58µm
_08336_,4.58µm
_08466_,4.58µm
_08519_,4.58µm
_08957_,4.58µm
_09038_,4.58µm
_09154_,4.58µm
_09229_,4.58µm
_09727_,4.58µm
_09773_,4.58µm
_09924_,4.58µm
_10060_,4.58µm
_10078_,4.58µm
_10214_,4.58µm
_10784_,4.58µm
_11321_,4.58µm
_11484_,4.58µm
_12195_,4.58µm
_13087_,4.58µm
_13092_,4.58µm
_13225_,4.58µm
_13686_,4.58µm
_14801_,4.58µm
_14832_,4.58µm
_14965_,4.58µm
_15830_,4.58µm
_15860_,4.58µm
_16053_,4.58µm
_16283_,4.58µm
_16363_,4.58µm
_16677_,4.58µm
_17905_,4.58µm
_18106_,4.58µm
_18154_,4.58µm
_18174_,4.58µm
_18438_,4.58µm
_18615_,4.58µm
_18757_,4.58µm
_18802_,4.58µm
_18906_,4.58µm
_18932_,4.58µm
_19395_,4.58µm
_19487_,4.58µm
_19497_,4.58µm
_19660_,4.58µm
_19665_,4.58µm
_19702_,4.58µm
_19725_,4.58µm
_19773_,4.58µm
_19935_,4.58µm
_20038_,4.58µm
_20110_,4.58µm
_20718_,4.58µm
_20722_,4.58µm
_21153_,4.58µm
_21367_,4.58µm
_21720_,4.58µm
_21754_,4.58µm
_21918_,4.58µm
_21973_,4.58µm
_22043_,4.58µm
_22394_,4.58µm
_22532_,4.58µm
_22718_,4.58µm
_22980_,4.58µm
_23065_,4.58µm
_23156_,4.58µm
_23421_,4.58µm
_23514_,4.58µm
_23622_,4.58µm
_23631_,4.58µm
_23635_,4.58µm
_24136_,4.58µm
_24228_,4.58µm
_24342_,4.58µm
_24356_,4.58µm
_24464_,4.58µm
_24561_,4.58µm
_24610_,4.58µm
_24732_,4.58µm
_24874_,4.58µm
_24920_,4.58µm
_24926_,4.58µm
_24952_,4.58µm
_25044_,4.58µm
_25139_,4.58µm
_25253_,4.58µm
_25261_,4.58µm
_25281_,4.58µm
_25348_,4.58µm
_25434_,4.58µm
_25628_,4.58µm
_25647_,4.58µm
_25803_,4.58µm
_25862_,4.58µm
_25905_,4.58µm
_26003_,4.58µm
_26089_,4.58µm
_26129_,4.58µm
_26284_,4.58µm
_26330_,4.58µm
_26497_,4.58µm
_26676_,4.58µm
_27233_,4.58µm
_27254_,4.58µm
_27273_,4.58µm
_27483_,4.58µm
_27556_,4.58µm
_27628_,4.58µm
_27657_,4.58µm
_00474_,4.53µm
_00591_,4.53µm
_00776_,4.53µm
_00816_,4.53µm
_00818_,4.53µm
_00876_,4.53µm
_00878_,4.53µm
_00886_,4.53µm
_00949_,4.53µm
_01078_,4.53µm
_01080_,4.53µm
_01136_,4.53µm
_01312_,4.53µm
_01347_,4.53µm
_01365_,4.53µm
_01368_,4.53µm
_01432_,4.53µm
_01433_,4.53µm
_01585_,4.53µm
_01592_,4.53µm
_01644_,4.53µm
_01741_,4.53µm
_01790_,4.53µm
_01833_,4.53µm
_01890_,4.53µm
_01917_,4.53µm
_02036_,4.53µm
_02148_,4.53µm
_02347_,4.53µm
_02415_,4.53µm
_02466_,4.53µm
_02500_,4.53µm
_02622_,4.53µm
_02857_,4.53µm
_03065_,4.53µm
_03610_,4.53µm
_03751_,4.53µm
_03792_,4.53µm
_03949_,4.53µm
_04015_,4.53µm
_04207_,4.53µm
_04214_,4.53µm
_04324_,4.53µm
_04463_,4.53µm
_04505_,4.53µm
_04761_,4.53µm
_05050_,4.53µm
_05079_,4.53µm
_05085_,4.53µm
_05086_,4.53µm
_05480_,4.53µm
_05769_,4.53µm
_05844_,4.53µm
_05854_,4.53µm
_05928_,4.53µm
_06208_,4.53µm
_06210_,4.53µm
_06489_,4.53µm
_06949_,4.53µm
_07140_,4.53µm
_07480_,4.53µm
_07487_,4.53µm
_07865_,4.53µm
_08021_,4.53µm
_08293_,4.53µm
_09050_,4.53µm
_09121_,4.53µm
_09156_,4.53µm
_09163_,4.53µm
_10381_,4.53µm
_10546_,4.53µm
_10860_,4.53µm
_10931_,4.53µm
_11283_,4.53µm
_11306_,4.53µm
_11326_,4.53µm
_11626_,4.53µm
_11921_,4.53µm
_11966_,4.53µm
_11986_,4.53µm
_12078_,4.53µm
_12196_,4.53µm
_12217_,4.53µm
_12333_,4.53µm
_12847_,4.53µm
_13387_,4.53µm
_15049_,4.53µm
_15539_,4.53µm
_15784_,4.53µm
_16482_,4.53µm
_16864_,4.53µm
_17981_,4.53µm
_18268_,4.53µm
_18660_,4.53µm
_18710_,4.53µm
_18922_,4.53µm
_19121_,4.53µm
_19543_,4.53µm
_19727_,4.53µm
_20011_,4.53µm
_20445_,4.53µm
_20455_,4.53µm
_20533_,4.53µm
_20680_,4.53µm
_20726_,4.53µm
_20749_,4.53µm
_20763_,4.53µm
_20967_,4.53µm
_21009_,4.53µm
_21072_,4.53µm
_21161_,4.53µm
_21211_,4.53µm
_21220_,4.53µm
_21418_,4.53µm
_21632_,4.53µm
_21990_,4.53µm
_22029_,4.53µm
_22075_,4.53µm
_22237_,4.53µm
_22261_,4.53µm
_22480_,4.53µm
_22544_,4.53µm
_22829_,4.53µm
_22873_,4.53µm
_23043_,4.53µm
_23142_,4.53µm
_23186_,4.53µm
_23337_,4.53µm
_23450_,4.53µm
_23612_,4.53µm
_23637_,4.53µm
_23924_,4.53µm
_23991_,4.53µm
_24003_,4.53µm
_24212_,4.53µm
_24281_,4.53µm
_24286_,4.53µm
_24400_,4.53µm
_24519_,4.53µm
_24562_,4.53µm
_24563_,4.53µm
_24750_,4.53µm
_24863_,4.53µm
_24878_,4.53µm
_24949_,4.53µm
_25027_,4.53µm
_25111_,4.53µm
_25145_,4.53µm
_25158_,4.53µm
_25352_,4.53µm
_25500_,4.53µm
_25672_,4.53µm
_25685_,4.53µm
_26045_,4.53µm
_26250_,4.53µm
_26348_,4.53µm
_26445_,4.53µm
_26545_,4.53µm
_26646_,4.53µm
_26694_,4.53µm
_26807_,4.53µm
_27206_,4.53µm
_27616_,4.53µm
i_core_v_mini_mcu.ao_peripheral_subsystem_i.periph_to_reg_i.r_rdata_d\[10\],4.53µm
i_core_v_mini_mcu.ao_peripheral_subsystem_i.power_manager_i.power_manager_sequence_periph_reset_i.sequence_curr_state\[1\],4.53µm
i_core_v_mini_mcu.peripheral_subsystem_i.uart_i.uart_core.uart_tx.sreg_q\[9\],4.53µm
_00006_,4.48µm
_00044_,4.48µm
_00045_,4.48µm
_00104_,4.48µm
_00120_,4.48µm
_00148_,4.48µm
_00160_,4.48µm
_00163_,4.48µm
_00184_,4.48µm
_00187_,4.48µm
_00195_,4.48µm
_00218_,4.48µm
_00229_,4.48µm
_00237_,4.48µm
_00262_,4.48µm
_00266_,4.48µm
_00274_,4.48µm
_00275_,4.48µm
_00307_,4.48µm
_00320_,4.48µm
_00323_,4.48µm
_00330_,4.48µm
_00332_,4.48µm
_00337_,4.48µm
_00340_,4.48µm
_00350_,4.48µm
_00374_,4.48µm
_00376_,4.48µm
_00396_,4.48µm
_00422_,4.48µm
_00478_,4.48µm
_00482_,4.48µm
_00516_,4.48µm
_00518_,4.48µm
_00540_,4.48µm
_00611_,4.48µm
_00638_,4.48µm
_00641_,4.48µm
_00644_,4.48µm
_00645_,4.48µm
_00652_,4.48µm
_00657_,4.48µm
_00703_,4.48µm
_00714_,4.48µm
_00728_,4.48µm
_00747_,4.48µm
_00795_,4.48µm
_00814_,4.48µm
_00824_,4.48µm
_00825_,4.48µm
_00841_,4.48µm
_00867_,4.48µm
_00879_,4.48µm
_00906_,4.48µm
_00974_,4.48µm
_00984_,4.48µm
_01009_,4.48µm
_01033_,4.48µm
_01049_,4.48µm
_01083_,4.48µm
_01084_,4.48µm
_01092_,4.48µm
_01122_,4.48µm
_01207_,4.48µm
_01218_,4.48µm
_01223_,4.48µm
_01241_,4.48µm
_01245_,4.48µm
_01249_,4.48µm
_01285_,4.48µm
_01299_,4.48µm
_01301_,4.48µm
_01322_,4.48µm
_01373_,4.48µm
_01379_,4.48µm
_01380_,4.48µm
_01400_,4.48µm
_01426_,4.48µm
_01434_,4.48µm
_01436_,4.48µm
_01444_,4.48µm
_01462_,4.48µm
_01509_,4.48µm
_01517_,4.48µm
_01569_,4.48µm
_01610_,4.48µm
_01663_,4.48µm
_01677_,4.48µm
_01693_,4.48µm
_01766_,4.48µm
_01768_,4.48µm
_01785_,4.48µm
_01812_,4.48µm
_01860_,4.48µm
_01867_,4.48µm
_01869_,4.48µm
_01881_,4.48µm
_01882_,4.48µm
_01906_,4.48µm
_01934_,4.48µm
_01951_,4.48µm
_01968_,4.48µm
_01982_,4.48µm
_02039_,4.48µm
_02051_,4.48µm
_02096_,4.48µm
_02153_,4.48µm
_02170_,4.48µm
_02223_,4.48µm
_02231_,4.48µm
_02272_,4.48µm
_02306_,4.48µm
_02310_,4.48µm
_02320_,4.48µm
_02326_,4.48µm
_02327_,4.48µm
_02329_,4.48µm
_02353_,4.48µm
_02392_,4.48µm
_02394_,4.48µm
_02409_,4.48µm
_02410_,4.48µm
_02439_,4.48µm
_02458_,4.48µm
_02492_,4.48µm
_02511_,4.48µm
_02520_,4.48µm
_02533_,4.48µm
_02557_,4.48µm
_02590_,4.48µm
_02613_,4.48µm
_02614_,4.48µm
_02643_,4.48µm
_02660_,4.48µm
_02664_,4.48µm
_02665_,4.48µm
_02667_,4.48µm
_02672_,4.48µm
_02686_,4.48µm
_02701_,4.48µm
_02708_,4.48µm
_02711_,4.48µm
_02714_,4.48µm
_02716_,4.48µm
_02720_,4.48µm
_02724_,4.48µm
_02742_,4.48µm
_02743_,4.48µm
_02752_,4.48µm
_02758_,4.48µm
_02770_,4.48µm
_02776_,4.48µm
_02782_,4.48µm
_02787_,4.48µm
_02808_,4.48µm
_02833_,4.48µm
_02834_,4.48µm
_02835_,4.48µm
_02840_,4.48µm
_02848_,4.48µm
_02851_,4.48µm
_02855_,4.48µm
_02876_,4.48µm
_02886_,4.48µm
_02894_,4.48µm
_02895_,4.48µm
_02896_,4.48µm
_02897_,4.48µm
_02908_,4.48µm
_02914_,4.48µm
_02915_,4.48µm
_02924_,4.48µm
_02929_,4.48µm
_02941_,4.48µm
_02956_,4.48µm
_02981_,4.48µm
_03006_,4.48µm
_03010_,4.48µm
_03016_,4.48µm
_03022_,4.48µm
_03028_,4.48µm
_03029_,4.48µm
_03030_,4.48µm
_03031_,4.48µm
_03036_,4.48µm
_03038_,4.48µm
_03041_,4.48µm
_03047_,4.48µm
_03066_,4.48µm
_03079_,4.48µm
_03096_,4.48µm
_03100_,4.48µm
_03120_,4.48µm
_03124_,4.48µm
_03126_,4.48µm
_03145_,4.48µm
_03150_,4.48µm
_03152_,4.48µm
_03160_,4.48µm
_03165_,4.48µm
_03173_,4.48µm
_03177_,4.48µm
_03186_,4.48µm
_03196_,4.48µm
_03197_,4.48µm
_03199_,4.48µm
_03201_,4.48µm
_03203_,4.48µm
_03208_,4.48µm
_03212_,4.48µm
_03216_,4.48µm
_03223_,4.48µm
_03234_,4.48µm
_03239_,4.48µm
_03246_,4.48µm
_03260_,4.48µm
_03263_,4.48µm
_03276_,4.48µm
_03280_,4.48µm
_03288_,4.48µm
_03301_,4.48µm
_03308_,4.48µm
_03313_,4.48µm
_03318_,4.48µm
_03323_,4.48µm
_03324_,4.48µm
_03327_,4.48µm
_03334_,4.48µm
_03342_,4.48µm
_03355_,4.48µm
_03356_,4.48µm
_03357_,4.48µm
_03362_,4.48µm
_03372_,4.48µm
_03378_,4.48µm
_03388_,4.48µm
_03389_,4.48µm
_03417_,4.48µm
_03418_,4.48µm
_03419_,4.48µm
_03420_,4.48µm
_03421_,4.48µm
_03431_,4.48µm
_03448_,4.48µm
_03486_,4.48µm
_03495_,4.48µm
_03501_,4.48µm
_03503_,4.48µm
_03507_,4.48µm
_03509_,4.48µm
_03512_,4.48µm
_03513_,4.48µm
_03520_,4.48µm
_03538_,4.48µm
_03541_,4.48µm
_03544_,4.48µm
_03550_,4.48µm
_03559_,4.48µm
_03565_,4.48µm
_03567_,4.48µm
_03568_,4.48µm
_03583_,4.48µm
_03591_,4.48µm
_03596_,4.48µm
_03597_,4.48µm
_03600_,4.48µm
_03621_,4.48µm
_03622_,4.48µm
_03626_,4.48µm
_03632_,4.48µm
_03639_,4.48µm
_03678_,4.48µm
_03787_,4.48µm
_03790_,4.48µm
_03802_,4.48µm
_03825_,4.48µm
_03833_,4.48µm
_03881_,4.48µm
_03887_,4.48µm
_03892_,4.48µm
_03893_,4.48µm
_03894_,4.48µm
_03907_,4.48µm
_03937_,4.48µm
_03943_,4.48µm
_03947_,4.48µm
_03967_,4.48µm
_03978_,4.48µm
_04026_,4.48µm
_04040_,4.48µm
_04041_,4.48µm
_04076_,4.48µm
_04106_,4.48µm
_04125_,4.48µm
_04138_,4.48µm
_04161_,4.48µm
_04228_,4.48µm
_04249_,4.48µm
_04253_,4.48µm
_04274_,4.48µm
_04275_,4.48µm
_04282_,4.48µm
_04302_,4.48µm
_04325_,4.48µm
_04338_,4.48µm
_04371_,4.48µm
_04387_,4.48µm
_04404_,4.48µm
_04406_,4.48µm
_04412_,4.48µm
_04413_,4.48µm
_04423_,4.48µm
_04429_,4.48µm
_04430_,4.48µm
_04451_,4.48µm
_04506_,4.48µm
_04507_,4.48µm
_04516_,4.48µm
_04517_,4.48µm
_04583_,4.48µm
_04599_,4.48µm
_04617_,4.48µm
_04631_,4.48µm
_04650_,4.48µm
_04700_,4.48µm
_04703_,4.48µm
_04715_,4.48µm
_04734_,4.48µm
_04752_,4.48µm
_04753_,4.48µm
_04778_,4.48µm
_04788_,4.48µm
_04820_,4.48µm
_04823_,4.48µm
_04855_,4.48µm
_04870_,4.48µm
_04988_,4.48µm
_05016_,4.48µm
_05018_,4.48µm
_05020_,4.48µm
_05031_,4.48µm
_05036_,4.48µm
_05037_,4.48µm
_05045_,4.48µm
_05076_,4.48µm
_05082_,4.48µm
_05094_,4.48µm
_05101_,4.48µm
_05116_,4.48µm
_05130_,4.48µm
_05177_,4.48µm
_05223_,4.48µm
_05238_,4.48µm
_05250_,4.48µm
_05252_,4.48µm
_05254_,4.48µm
_05255_,4.48µm
_05283_,4.48µm
_05300_,4.48µm
_05305_,4.48µm
_05312_,4.48µm
_05355_,4.48µm
_05366_,4.48µm
_05465_,4.48µm
_05466_,4.48µm
_05506_,4.48µm
_05567_,4.48µm
_05861_,4.48µm
_05864_,4.48µm
_05898_,4.48µm
_05907_,4.48µm
_05987_,4.48µm
_06487_,4.48µm
_06633_,4.48µm
_06814_,4.48µm
_06818_,4.48µm
_07067_,4.48µm
_07072_,4.48µm
_07098_,4.48µm
_07218_,4.48µm
_07250_,4.48µm
_07338_,4.48µm
_07430_,4.48µm
_07463_,4.48µm
_07485_,4.48µm
_07489_,4.48µm
_07512_,4.48µm
_07546_,4.48µm
_07575_,4.48µm
_07633_,4.48µm
_07673_,4.48µm
_07697_,4.48µm
_07892_,4.48µm
_07968_,4.48µm
_07985_,4.48µm
_07999_,4.48µm
_08037_,4.48µm
_08081_,4.48µm
_08143_,4.48µm
_08217_,4.48µm
_08292_,4.48µm
_08296_,4.48µm
_08305_,4.48µm
_08308_,4.48µm
_08331_,4.48µm
_08464_,4.48µm
_08634_,4.48µm
_08662_,4.48µm
_08766_,4.48µm
_08775_,4.48µm
_08801_,4.48µm
_08838_,4.48µm
_08854_,4.48µm
_09055_,4.48µm
_09099_,4.48µm
_09247_,4.48µm
_09254_,4.48µm
_09297_,4.48µm
_09304_,4.48µm
_09314_,4.48µm
_09378_,4.48µm
_09475_,4.48µm
_09494_,4.48µm
_09530_,4.48µm
_09624_,4.48µm
_09743_,4.48µm
_09820_,4.48µm
_09846_,4.48µm
_10153_,4.48µm
_10185_,4.48µm
_10234_,4.48µm
_10454_,4.48µm
_10465_,4.48µm
_10491_,4.48µm
_10541_,4.48µm
_10739_,4.48µm
_10793_,4.48µm
_10819_,4.48µm
_10979_,4.48µm
_11041_,4.48µm
_11105_,4.48µm
_11163_,4.48µm
_11311_,4.48µm
_11341_,4.48µm
_11371_,4.48µm
_11449_,4.48µm
_11513_,4.48µm
_11560_,4.48µm
_11616_,4.48µm
_11707_,4.48µm
_11720_,4.48µm
_11747_,4.48µm
_11899_,4.48µm
_11927_,4.48µm
_12141_,4.48µm
_12174_,4.48µm
_12351_,4.48µm
_12542_,4.48µm
_12589_,4.48µm
_12633_,4.48µm
_12680_,4.48µm
_12718_,4.48µm
_12728_,4.48µm
_12823_,4.48µm
_12854_,4.48µm
_12857_,4.48µm
_12977_,4.48µm
_13064_,4.48µm
_13187_,4.48µm
_13352_,4.48µm
_13353_,4.48µm
_13364_,4.48µm
_13411_,4.48µm
_13425_,4.48µm
_13428_,4.48µm
_13431_,4.48µm
_13440_,4.48µm
_13501_,4.48µm
_13509_,4.48µm
_13510_,4.48µm
_13521_,4.48µm
_13558_,4.48µm
_13619_,4.48µm
_13690_,4.48µm
_13709_,4.48µm
_13804_,4.48µm
_13957_,4.48µm
_13992_,4.48µm
_14009_,4.48µm
_14180_,4.48µm
_14257_,4.48µm
_14406_,4.48µm
_14484_,4.48µm
_14532_,4.48µm
_14539_,4.48µm
_14564_,4.48µm
_14577_,4.48µm
_14594_,4.48µm
_14662_,4.48µm
_14879_,4.48µm
_14922_,4.48µm
_15054_,4.48µm
_15057_,4.48µm
_15198_,4.48µm
_15405_,4.48µm
_15555_,4.48µm
_15666_,4.48µm
_15741_,4.48µm
_15758_,4.48µm
_15771_,4.48µm
_15838_,4.48µm
_15857_,4.48µm
_16120_,4.48µm
_16221_,4.48µm
_16275_,4.48µm
_16383_,4.48µm
_16464_,4.48µm
_16620_,4.48µm
_16845_,4.48µm
_17647_,4.48µm
_17709_,4.48µm
_18057_,4.48µm
_18251_,4.48µm
_18269_,4.48µm
_18310_,4.48µm
_18474_,4.48µm
_18636_,4.48µm
_18638_,4.48µm
_18751_,4.48µm
_18768_,4.48µm
_18824_,4.48µm
_18912_,4.48µm
_18981_,4.48µm
_19012_,4.48µm
_19082_,4.48µm
_19156_,4.48µm
_19440_,4.48µm
_19441_,4.48µm
_19451_,4.48µm
_19468_,4.48µm
_19589_,4.48µm
_19637_,4.48µm
_19735_,4.48µm
_19752_,4.48µm
_19769_,4.48µm
_19792_,4.48µm
_19819_,4.48µm
_19821_,4.48µm
_19829_,4.48µm
_19873_,4.48µm
_19884_,4.48µm
_19950_,4.48µm
_19972_,4.48µm
_19997_,4.48µm
_20045_,4.48µm
_20106_,4.48µm
_20142_,4.48µm
_20162_,4.48µm
_20286_,4.48µm
_20473_,4.48µm
_20506_,4.48µm
_20513_,4.48µm
_20815_,4.48µm
_20828_,4.48µm
_20873_,4.48µm
_20997_,4.48µm
_21021_,4.48µm
_21096_,4.48µm
_21106_,4.48µm
_21123_,4.48µm
_21160_,4.48µm
_21268_,4.48µm
_21271_,4.48µm
_21325_,4.48µm
_21365_,4.48µm
_21390_,4.48µm
_21425_,4.48µm
_21494_,4.48µm
_21535_,4.48µm
_21585_,4.48µm
_21627_,4.48µm
_21700_,4.48µm
_21728_,4.48µm
_21749_,4.48µm
_21796_,4.48µm
_21946_,4.48µm
_21961_,4.48µm
_21981_,4.48µm
_21983_,4.48µm
_22033_,4.48µm
_22127_,4.48µm
_22133_,4.48µm
_22147_,4.48µm
_22169_,4.48µm
_22199_,4.48µm
_22218_,4.48µm
_22260_,4.48µm
_22289_,4.48µm
_22376_,4.48µm
_22387_,4.48µm
_22429_,4.48µm
_22581_,4.48µm
_22588_,4.48µm
_22710_,4.48µm
_22729_,4.48µm
_22854_,4.48µm
_22938_,4.48µm
_23014_,4.48µm
_23020_,4.48µm
_23143_,4.48µm
_23303_,4.48µm
_23366_,4.48µm
_23396_,4.48µm
_23464_,4.48µm
_23494_,4.48µm
_23496_,4.48µm
_23531_,4.48µm
_23638_,4.48µm
_23661_,4.48µm
_23832_,4.48µm
_24103_,4.48µm
_24142_,4.48µm
_24191_,4.48µm
_24199_,4.48µm
_24202_,4.48µm
_24246_,4.48µm
_24262_,4.48µm
_24307_,4.48µm
_24357_,4.48µm
_24440_,4.48µm
_24447_,4.48µm
_24500_,4.48µm
_24560_,4.48µm
_24618_,4.48µm
_24631_,4.48µm
_24672_,4.48µm
_24733_,4.48µm
_24788_,4.48µm
_24798_,4.48µm
_24830_,4.48µm
_25138_,4.48µm
_25252_,4.48µm
_25307_,4.48µm
_25377_,4.48µm
_25458_,4.48µm
_25523_,4.48µm
_25533_,4.48µm
_25642_,4.48µm
_25675_,4.48µm
_25719_,4.48µm
_25791_,4.48µm
_25802_,4.48µm
_25881_,4.48µm
_25895_,4.48µm
_25901_,4.48µm
_25904_,4.48µm
_25951_,4.48µm
_25984_,4.48µm
_25992_,4.48µm
_26161_,4.48µm
_26255_,4.48µm
_26269_,4.48µm
_26299_,4.48µm
_26310_,4.48µm
_26344_,4.48µm
_26458_,4.48µm
_26526_,4.48µm
_26555_,4.48µm
_26573_,4.48µm
_26574_,4.48µm
_26613_,4.48µm
_26638_,4.48µm
_26669_,4.48µm
_26670_,4.48µm
_26711_,4.48µm
_26760_,4.48µm
_26763_,4.48µm
_26796_,4.48µm
_26900_,4.48µm
_26916_,4.48µm
_26931_,4.48µm
_26956_,4.48µm
_26965_,4.48µm
_26975_,4.48µm
_27089_,4.48µm
_27095_,4.48µm
_27126_,4.48µm
_27139_,4.48µm
_27167_,4.48µm
_27342_,4.48µm
_27363_,4.48µm
_27453_,4.48µm
_27464_,4.48µm
_27467_,4.48µm
_27496_,4.48µm
_27526_,4.48µm
_27529_,4.48µm
net1337,4.48µm
_23960_,4.25µm
_25409_,4.2µm
_26645_,4.2µm
_23248_,4.12µm
_02043_,4.07µm
_04262_,4.07µm
_25722_,4.07µm
_05406_,4.02µm
_05488_,4.02µm
_05545_,4.02µm
_05556_,4.02µm
_05577_,4.02µm
_05673_,4.02µm
_05811_,4.02µm
_05927_,4.02µm
_06403_,4.02µm
_06734_,4.02µm
_07121_,4.02µm
_07361_,4.02µm
_07471_,4.02µm
_07622_,4.02µm
_07656_,4.02µm
_07709_,4.02µm
_07883_,4.02µm
_07921_,4.02µm
_07938_,4.02µm
_08018_,4.02µm
_08066_,4.02µm
_08388_,4.02µm
_08621_,4.02µm
_08922_,4.02µm
_08942_,4.02µm
_08981_,4.02µm
_09090_,4.02µm
_09105_,4.02µm
_09188_,4.02µm
_09556_,4.02µm
_09779_,4.02µm
_09865_,4.02µm
_10266_,4.02µm
_10309_,4.02µm
_10458_,4.02µm
_10471_,4.02µm
_10532_,4.02µm
_10729_,4.02µm
_11013_,4.02µm
_11313_,4.02µm
_11948_,4.02µm
_12187_,4.02µm
_12192_,4.02µm
_12205_,4.02µm
_12311_,4.02µm
_12905_,4.02µm
_13623_,4.02µm
_13684_,4.02µm
_14015_,4.02µm
_14358_,4.02µm
_14735_,4.02µm
_14865_,4.02µm
_15027_,4.02µm
_15606_,4.02µm
_15649_,4.02µm
_16038_,4.02µm
_16434_,4.02µm
_16585_,4.02µm
_16631_,4.02µm
_16680_,4.02µm
_17656_,4.02µm
_18040_,4.02µm
_18123_,4.02µm
_18191_,4.02µm
_19242_,4.02µm
_19580_,4.02µm
_19672_,4.02µm
_19706_,4.02µm
_19732_,4.02µm
_19912_,4.02µm
_19986_,4.02µm
_20113_,4.02µm
_20353_,4.02µm
_20559_,4.02µm
_20715_,4.02µm
_20910_,4.02µm
_20970_,4.02µm
_21024_,4.02µm
_21188_,4.02µm
_21399_,4.02µm
_21479_,4.02µm
_21528_,4.02µm
_21531_,4.02µm
_22027_,4.02µm
_22084_,4.02µm
_22176_,4.02µm
_22369_,4.02µm
_22402_,4.02µm
_22476_,4.02µm
_22864_,4.02µm
_22882_,4.02µm
_23057_,4.02µm
_23114_,4.02µm
_23130_,4.02µm
_23486_,4.02µm
_23590_,4.02µm
_23633_,4.02µm
_23675_,4.02µm
_23756_,4.02µm
_24728_,4.02µm
_25071_,4.02µm
_25233_,4.02µm
_25291_,4.02µm
_25300_,4.02µm
_25321_,4.02µm
_25563_,4.02µm
_25751_,4.02µm
_25928_,4.02µm
_26191_,4.02µm
_26201_,4.02µm
_26221_,4.02µm
_26593_,4.02µm
_27279_,4.02µm
_27366_,4.02µm
_27442_,4.02µm
_27475_,4.02µm
_27612_,4.02µm
_27668_,4.02µm
i_core_v_mini_mcu.ao_peripheral_subsystem_i.obi_fifo_i.consumer_data_req_q\[48\],4.02µm
_00373_,3.97µm
_00459_,3.97µm
_00495_,3.97µm
_00873_,3.97µm
_01041_,3.97µm
_01044_,3.97µm
_02428_,3.97µm
_03407_,3.97µm
_03459_,3.97µm
_03479_,3.97µm
_03719_,3.97µm
_03742_,3.97µm
_04692_,3.97µm
_04754_,3.97µm
_05541_,3.97µm
_05656_,3.97µm
_05786_,3.97µm
_06083_,3.97µm
_06302_,3.97µm
_06725_,3.97µm
_06781_,3.97µm
_07451_,3.97µm
_07538_,3.97µm
_07755_,3.97µm
_07930_,3.97µm
_08523_,3.97µm
_08861_,3.97µm
_09031_,3.97µm
_09538_,3.97µm
_11618_,3.97µm
_11709_,3.97µm
_12001_,3.97µm
_12469_,3.97µm
_12558_,3.97µm
_12605_,3.97µm
_12632_,3.97µm
_12693_,3.97µm
_13576_,3.97µm
_13607_,3.97µm
_14266_,3.97µm
_14580_,3.97µm
_14816_,3.97µm
_14980_,3.97µm
_15034_,3.97µm
_15396_,3.97µm
_17667_,3.97µm
_18067_,3.97µm
_19204_,3.97µm
_19498_,3.97µm
_19671_,3.97µm
_19738_,3.97µm
_20708_,3.97µm
_20813_,3.97µm
_21026_,3.97µm
_21318_,3.97µm
_21617_,3.97µm
_21907_,3.97µm
_22061_,3.97µm
_22284_,3.97µm
_22395_,3.97µm
_22441_,3.97µm
_22477_,3.97µm
_23175_,3.97µm
_23246_,3.97µm
_23415_,3.97µm
_23732_,3.97µm
_23735_,3.97µm
_23877_,3.97µm
_24051_,3.97µm
_24082_,3.97µm
_24093_,3.97µm
_24311_,3.97µm
_24329_,3.97µm
_24347_,3.97µm
_24479_,3.97µm
_24503_,3.97µm
_24716_,3.97µm
_24851_,3.97µm
_24882_,3.97µm
_24963_,3.97µm
_24969_,3.97µm
_25022_,3.97µm
_25047_,3.97µm
_25311_,3.97µm
_25572_,3.97µm
_25725_,3.97µm
_25872_,3.97µm
_26022_,3.97µm
_26071_,3.97µm
_26155_,3.97µm
_26199_,3.97µm
_26240_,3.97µm
_26338_,3.97µm
_26427_,3.97µm
_26448_,3.97µm
_26536_,3.97µm
_26635_,3.97µm
_26684_,3.97µm
_26703_,3.97µm
_26748_,3.97µm
_26816_,3.97µm
_26860_,3.97µm
_27249_,3.97µm
_27344_,3.97µm
_27619_,3.97µm
_27631_,3.97µm
_00080_,3.92µm
_00107_,3.92µm
_00118_,3.92µm
_00129_,3.92µm
_00134_,3.92µm
_00140_,3.92µm
_00210_,3.92µm
_00223_,3.92µm
_00225_,3.92µm
_00236_,3.92µm
_00263_,3.92µm
_00278_,3.92µm
_00280_,3.92µm
_00288_,3.92µm
_00293_,3.92µm
_00305_,3.92µm
_00309_,3.92µm
_00310_,3.92µm
_00312_,3.92µm
_00314_,3.92µm
_00315_,3.92µm
_00325_,3.92µm
_00326_,3.92µm
_00333_,3.92µm
_00335_,3.92µm
_00362_,3.92µm
_00363_,3.92µm
_00367_,3.92µm
_00380_,3.92µm
_00383_,3.92µm
_00403_,3.92µm
_00406_,3.92µm
_00411_,3.92µm
_00427_,3.92µm
_00436_,3.92µm
_00450_,3.92µm
_00452_,3.92µm
_00454_,3.92µm
_00467_,3.92µm
_00470_,3.92µm
_00479_,3.92µm
_00484_,3.92µm
_00502_,3.92µm
_00505_,3.92µm
_00530_,3.92µm
_00543_,3.92µm
_00544_,3.92µm
_00577_,3.92µm
_00587_,3.92µm
_00595_,3.92µm
_00602_,3.92µm
_00618_,3.92µm
_00622_,3.92µm
_00625_,3.92µm
_00640_,3.92µm
_00642_,3.92µm
_00651_,3.92µm
_00678_,3.92µm
_00696_,3.92µm
_00709_,3.92µm
_00712_,3.92µm
_00720_,3.92µm
_00763_,3.92µm
_00766_,3.92µm
_00781_,3.92µm
_00782_,3.92µm
_00817_,3.92µm
_00832_,3.92µm
_00834_,3.92µm
_00855_,3.92µm
_00859_,3.92µm
_00874_,3.92µm
_00880_,3.92µm
_00890_,3.92µm
_00910_,3.92µm
_00921_,3.92µm
_00935_,3.92µm
_00946_,3.92µm
_00951_,3.92µm
_00952_,3.92µm
_00970_,3.92µm
_01003_,3.92µm
_01012_,3.92µm
_01036_,3.92µm
_01057_,3.92µm
_01058_,3.92µm
_01079_,3.92µm
_01091_,3.92µm
_01105_,3.92µm
_01140_,3.92µm
_01163_,3.92µm
_01179_,3.92µm
_01182_,3.92µm
_01225_,3.92µm
_01252_,3.92µm
_01266_,3.92µm
_01267_,3.92µm
_01286_,3.92µm
_01307_,3.92µm
_01321_,3.92µm
_01326_,3.92µm
_01359_,3.92µm
_01374_,3.92µm
_01382_,3.92µm
_01395_,3.92µm
_01407_,3.92µm
_01483_,3.92µm
_01505_,3.92µm
_01547_,3.92µm
_01567_,3.92µm
_01581_,3.92µm
_01583_,3.92µm
_01591_,3.92µm
_01607_,3.92µm
_01608_,3.92µm
_01614_,3.92µm
_01632_,3.92µm
_01633_,3.92µm
_01668_,3.92µm
_01682_,3.92µm
_01688_,3.92µm
_01695_,3.92µm
_01717_,3.92µm
_01738_,3.92µm
_01758_,3.92µm
_01767_,3.92µm
_01786_,3.92µm
_01789_,3.92µm
_01798_,3.92µm
_01803_,3.92µm
_01808_,3.92µm
_01850_,3.92µm
_01857_,3.92µm
_01863_,3.92µm
_01884_,3.92µm
_01903_,3.92µm
_01948_,3.92µm
_01949_,3.92µm
_01967_,3.92µm
_01976_,3.92µm
_01994_,3.92µm
_01997_,3.92µm
_02033_,3.92µm
_02077_,3.92µm
_02116_,3.92µm
_02122_,3.92µm
_02159_,3.92µm
_02181_,3.92µm
_02190_,3.92µm
_02196_,3.92µm
_02236_,3.92µm
_02247_,3.92µm
_02263_,3.92µm
_02264_,3.92µm
_02266_,3.92µm
_02279_,3.92µm
_02283_,3.92µm
_02296_,3.92µm
_02312_,3.92µm
_02324_,3.92µm
_02328_,3.92µm
_02350_,3.92µm
_02354_,3.92µm
_02359_,3.92µm
_02374_,3.92µm
_02393_,3.92µm
_02414_,3.92µm
_02427_,3.92µm
_02463_,3.92µm
_02475_,3.92µm
_02505_,3.92µm
_02515_,3.92µm
_02519_,3.92µm
_02523_,3.92µm
_02542_,3.92µm
_02555_,3.92µm
_02558_,3.92µm
_02563_,3.92µm
_02576_,3.92µm
_02670_,3.92µm
_02687_,3.92µm
_02690_,3.92µm
_02698_,3.92µm
_02749_,3.92µm
_02761_,3.92µm
_02764_,3.92µm
_02778_,3.92µm
_02790_,3.92µm
_02796_,3.92µm
_02800_,3.92µm
_02812_,3.92µm
_02815_,3.92µm
_02826_,3.92µm
_02844_,3.92µm
_02845_,3.92µm
_02847_,3.92µm
_02861_,3.92µm
_02862_,3.92µm
_02883_,3.92µm
_02884_,3.92µm
_02918_,3.92µm
_02934_,3.92µm
_02966_,3.92µm
_02972_,3.92µm
_02983_,3.92µm
_02985_,3.92µm
_02991_,3.92µm
_02993_,3.92µm
_02998_,3.92µm
_03056_,3.92µm
_03074_,3.92µm
_03101_,3.92µm
_03153_,3.92µm
_03154_,3.92µm
_03166_,3.92µm
_03310_,3.92µm
_03336_,3.92µm
_03343_,3.92µm
_03373_,3.92µm
_03398_,3.92µm
_03436_,3.92µm
_03452_,3.92µm
_03462_,3.92µm
_03469_,3.92µm
_03470_,3.92µm
_03505_,3.92µm
_03506_,3.92µm
_03533_,3.92µm
_03585_,3.92µm
_03605_,3.92µm
_03625_,3.92µm
_03642_,3.92µm
_03644_,3.92µm
_03657_,3.92µm
_03665_,3.92µm
_03694_,3.92µm
_03773_,3.92µm
_03803_,3.92µm
_03823_,3.92µm
_03830_,3.92µm
_03861_,3.92µm
_03984_,3.92µm
_03986_,3.92µm
_03990_,3.92µm
_04011_,3.92µm
_04017_,3.92µm
_04069_,3.92µm
_04118_,3.92µm
_04144_,3.92µm
_04147_,3.92µm
_04160_,3.92µm
_04164_,3.92µm
_04171_,3.92µm
_04201_,3.92µm
_04208_,3.92µm
_04210_,3.92µm
_04212_,3.92µm
_04215_,3.92µm
_04218_,3.92µm
_04227_,3.92µm
_04229_,3.92µm
_04242_,3.92µm
_04243_,3.92µm
_04254_,3.92µm
_04269_,3.92µm
_04272_,3.92µm
_04277_,3.92µm
_04283_,3.92µm
_04293_,3.92µm
_04296_,3.92µm
_04300_,3.92µm
_04311_,3.92µm
_04329_,3.92µm
_04332_,3.92µm
_04355_,3.92µm
_04358_,3.92µm
_04361_,3.92µm
_04367_,3.92µm
_04381_,3.92µm
_04424_,3.92µm
_04435_,3.92µm
_04472_,3.92µm
_04480_,3.92µm
_04485_,3.92µm
_04523_,3.92µm
_04533_,3.92µm
_04535_,3.92µm
_04552_,3.92µm
_04563_,3.92µm
_04565_,3.92µm
_04619_,3.92µm
_04699_,3.92µm
_04704_,3.92µm
_04709_,3.92µm
_04723_,3.92µm
_04737_,3.92µm
_04766_,3.92µm
_04771_,3.92µm
_04773_,3.92µm
_04797_,3.92µm
_04851_,3.92µm
_04890_,3.92µm
_04910_,3.92µm
_04924_,3.92µm
_04930_,3.92µm
_04931_,3.92µm
_04983_,3.92µm
_05015_,3.92µm
_05048_,3.92µm
_05081_,3.92µm
_05120_,3.92µm
_05137_,3.92µm
_05167_,3.92µm
_05232_,3.92µm
_05240_,3.92µm
_05241_,3.92µm
_05253_,3.92µm
_05302_,3.92µm
_05325_,3.92µm
_05334_,3.92µm
_05353_,3.92µm
_05357_,3.92µm
_05360_,3.92µm
_05362_,3.92µm
_05375_,3.92µm
_05376_,3.92µm
_05380_,3.92µm
_05389_,3.92µm
_05562_,3.92µm
_05599_,3.92µm
_05693_,3.92µm
_05715_,3.92µm
_05741_,3.92µm
_05746_,3.92µm
_06120_,3.92µm
_06195_,3.92µm
_06196_,3.92µm
_06288_,3.92µm
_06500_,3.92µm
_06678_,3.92µm
_06808_,3.92µm
_06816_,3.92µm
_06825_,3.92µm
_06982_,3.92µm
_07195_,3.92µm
_07223_,3.92µm
_07339_,3.92µm
_07428_,3.92µm
_07431_,3.92µm
_07738_,3.92µm
_07740_,3.92µm
_07767_,3.92µm
_07794_,3.92µm
_07809_,3.92µm
_07854_,3.92µm
_08003_,3.92µm
_08115_,3.92µm
_08145_,3.92µm
_08164_,3.92µm
_08185_,3.92µm
_08319_,3.92µm
_08333_,3.92µm
_08334_,3.92µm
_08337_,3.92µm
_08374_,3.92µm
_08396_,3.92µm
_08414_,3.92µm
_08424_,3.92µm
_08447_,3.92µm
_08624_,3.92µm
_08716_,3.92µm
_08774_,3.92µm
_08777_,3.92µm
_08797_,3.92µm
_08828_,3.92µm
_08923_,3.92µm
_08930_,3.92µm
_09003_,3.92µm
_09011_,3.92µm
_09062_,3.92µm
_09103_,3.92µm
_09362_,3.92µm
_09487_,3.92µm
_09559_,3.92µm
_09561_,3.92µm
_09623_,3.92µm
_09747_,3.92µm
_09767_,3.92µm
_09849_,3.92µm
_09862_,3.92µm
_09892_,3.92µm
_09893_,3.92µm
_09932_,3.92µm
_10070_,3.92µm
_10231_,3.92µm
_10441_,3.92µm
_10445_,3.92µm
_10453_,3.92µm
_10462_,3.92µm
_10472_,3.92µm
_10497_,3.92µm
_10545_,3.92µm
_10605_,3.92µm
_10652_,3.92µm
_10836_,3.92µm
_10902_,3.92µm
_10966_,3.92µm
_10974_,3.92µm
_10999_,3.92µm
_11054_,3.92µm
_11166_,3.92µm
_11193_,3.92µm
_11268_,3.92µm
_11305_,3.92µm
_11382_,3.92µm
_11466_,3.92µm
_11470_,3.92µm
_11516_,3.92µm
_11606_,3.92µm
_11684_,3.92µm
_11690_,3.92µm
_11738_,3.92µm
_11839_,3.92µm
_11853_,3.92µm
_11858_,3.92µm
_11865_,3.92µm
_11901_,3.92µm
_11920_,3.92µm
_11989_,3.92µm
_11992_,3.92µm
_12169_,3.92µm
_12299_,3.92µm
_12322_,3.92µm
_12341_,3.92µm
_12400_,3.92µm
_12430_,3.92µm
_12490_,3.92µm
_12574_,3.92µm
_12610_,3.92µm
_12656_,3.92µm
_12668_,3.92µm
_12685_,3.92µm
_12746_,3.92µm
_12753_,3.92µm
_12761_,3.92µm
_12779_,3.92µm
_12800_,3.92µm
_12849_,3.92µm
_12866_,3.92µm
_12897_,3.92µm
_12942_,3.92µm
_12961_,3.92µm
_13014_,3.92µm
_13083_,3.92µm
_13125_,3.92µm
_13262_,3.92µm
_13345_,3.92µm
_13376_,3.92µm
_13380_,3.92µm
_13395_,3.92µm
_13417_,3.92µm
_13429_,3.92µm
_13433_,3.92µm
_13439_,3.92µm
_13648_,3.92µm
_13655_,3.92µm
_13668_,3.92µm
_13747_,3.92µm
_14100_,3.92µm
_14187_,3.92µm
_14381_,3.92µm
_14624_,3.92µm
_14736_,3.92µm
_14749_,3.92µm
_14901_,3.92µm
_14937_,3.92µm
_14992_,3.92µm
_15033_,3.92µm
_15039_,3.92µm
_15080_,3.92µm
_15197_,3.92µm
_15223_,3.92µm
_15369_,3.92µm
_15397_,3.92µm
_15400_,3.92µm
_15543_,3.92µm
_15557_,3.92µm
_15560_,3.92µm
_15564_,3.92µm
_15591_,3.92µm
_15661_,3.92µm
_15663_,3.92µm
_15821_,3.92µm
_15832_,3.92µm
_15848_,3.92µm
_15850_,3.92µm
_15871_,3.92µm
_15872_,3.92µm
_16070_,3.92µm
_16088_,3.92µm
_16124_,3.92µm
_16203_,3.92µm
_16280_,3.92µm
_16320_,3.92µm
_16427_,3.92µm
_16479_,3.92µm
_16601_,3.92µm
_16646_,3.92µm
_16751_,3.92µm
_16766_,3.92µm
_16849_,3.92µm
_17228_,3.92µm
_17472_,3.92µm
_17496_,3.92µm
_17613_,3.92µm
_17691_,3.92µm
_17699_,3.92µm
_17714_,3.92µm
_17754_,3.92µm
_18004_,3.92µm
_18116_,3.92µm
_18141_,3.92µm
_18163_,3.92µm
_18211_,3.92µm
_18334_,3.92µm
_18460_,3.92µm
_18466_,3.92µm
_18483_,3.92µm
_18525_,3.92µm
_18533_,3.92µm
_18542_,3.92µm
_18600_,3.92µm
_18622_,3.92µm
_18629_,3.92µm
_18676_,3.92µm
_18744_,3.92µm
_18766_,3.92µm
_18774_,3.92µm
_18828_,3.92µm
_18878_,3.92µm
_18887_,3.92µm
_18891_,3.92µm
_18907_,3.92µm
_18988_,3.92µm
_19004_,3.92µm
_19014_,3.92µm
_19070_,3.92µm
_19073_,3.92µm
_19088_,3.92µm
_19091_,3.92µm
_19132_,3.92µm
_19139_,3.92µm
_19170_,3.92µm
_19293_,3.92µm
_19456_,3.92µm
_19534_,3.92µm
_19553_,3.92µm
_19570_,3.92µm
_19666_,3.92µm
_19783_,3.92µm
_19839_,3.92µm
_19910_,3.92µm
_19937_,3.92µm
_19940_,3.92µm
_20068_,3.92µm
_20097_,3.92µm
_20158_,3.92µm
_20180_,3.92µm
_20207_,3.92µm
_20383_,3.92µm
_20402_,3.92µm
_20464_,3.92µm
_20467_,3.92µm
_20481_,3.92µm
_20520_,3.92µm
_20530_,3.92µm
_20665_,3.92µm
_20701_,3.92µm
_20772_,3.92µm
_20823_,3.92µm
_20879_,3.92µm
_20884_,3.92µm
_20938_,3.92µm
_20940_,3.92µm
_20992_,3.92µm
_21002_,3.92µm
_21047_,3.92µm
_21081_,3.92µm
_21105_,3.92µm
_21136_,3.92µm
_21158_,3.92µm
_21163_,3.92µm
_21242_,3.92µm
_21254_,3.92µm
_21300_,3.92µm
_21311_,3.92µm
_21334_,3.92µm
_21373_,3.92µm
_21396_,3.92µm
_21556_,3.92µm
_21589_,3.92µm
_21597_,3.92µm
_21839_,3.92µm
_21840_,3.92µm
_21892_,3.92µm
_21917_,3.92µm
_21948_,3.92µm
_21977_,3.92µm
_22050_,3.92µm
_22073_,3.92µm
_22090_,3.92µm
_22141_,3.92µm
_22188_,3.92µm
_22333_,3.92µm
_22351_,3.92µm
_22457_,3.92µm
_22598_,3.92µm
_22602_,3.92µm
_22627_,3.92µm
_22745_,3.92µm
_22822_,3.92µm
_22827_,3.92µm
_22877_,3.92µm
_22952_,3.92µm
_22969_,3.92µm
_23026_,3.92µm
_23079_,3.92µm
_23095_,3.92µm
_23241_,3.92µm
_23256_,3.92µm
_23257_,3.92µm
_23297_,3.92µm
_23374_,3.92µm
_23432_,3.92µm
_23518_,3.92µm
_23645_,3.92µm
_23654_,3.92µm
_23671_,3.92µm
_23703_,3.92µm
_23716_,3.92µm
_23820_,3.92µm
_23855_,3.92µm
_23880_,3.92µm
_23902_,3.92µm
_24057_,3.92µm
_24065_,3.92µm
_24106_,3.92µm
_24186_,3.92µm
_24284_,3.92µm
_24304_,3.92µm
_24318_,3.92µm
_24399_,3.92µm
_24461_,3.92µm
_24483_,3.92µm
_24497_,3.92µm
_24525_,3.92µm
_24553_,3.92µm
_24569_,3.92µm
_24598_,3.92µm
_24604_,3.92µm
_24619_,3.92µm
_24620_,3.92µm
_24621_,3.92µm
_24644_,3.92µm
_24671_,3.92µm
_24756_,3.92µm
_24767_,3.92µm
_24811_,3.92µm
_24823_,3.92µm
_24918_,3.92µm
_24933_,3.92µm
_24935_,3.92µm
_24989_,3.92µm
_25037_,3.92µm
_25114_,3.92µm
_25177_,3.92µm
_25179_,3.92µm
_25232_,3.92µm
_25268_,3.92µm
_25309_,3.92µm
_25326_,3.92µm
_25400_,3.92µm
_25459_,3.92µm
_25467_,3.92µm
_25507_,3.92µm
_25519_,3.92µm
_25530_,3.92µm
_25545_,3.92µm
_25549_,3.92µm
_25559_,3.92µm
_25598_,3.92µm
_25616_,3.92µm
_25694_,3.92µm
_25711_,3.92µm
_25714_,3.92µm
_25728_,3.92µm
_25788_,3.92µm
_25790_,3.92µm
_25817_,3.92µm
_25823_,3.92µm
_25831_,3.92µm
_25846_,3.92µm
_25856_,3.92µm
_25857_,3.92µm
_25873_,3.92µm
_26127_,3.92µm
_26145_,3.92µm
_26210_,3.92µm
_26214_,3.92µm
_26225_,3.92µm
_26232_,3.92µm
_26270_,3.92µm
_26341_,3.92µm
_26423_,3.92µm
_26462_,3.92µm
_26475_,3.92µm
_26570_,3.92µm
_26589_,3.92µm
_26627_,3.92µm
_26859_,3.92µm
_26864_,3.92µm
_26980_,3.92µm
_27063_,3.92µm
_27079_,3.92µm
_27117_,3.92µm
_27130_,3.92µm
_27134_,3.92µm
_27189_,3.92µm
_27210_,3.92µm
_27477_,3.92µm
_27508_,3.92µm
_27617_,3.92µm
_27666_,3.92µm
i_core_v_mini_mcu.ao_peripheral_subsystem_i.power_manager_i.power_manager_reg_top_i.u_intr_state.wr_data\[0\],3.92µm
i_core_v_mini_mcu.ao_peripheral_subsystem_i.power_manager_i.power_manager_reg_top_i.u_intr_state.wr_data\[12\],3.92µm
i_core_v_mini_mcu.ao_peripheral_subsystem_i.power_manager_i.power_manager_reg_top_i.u_intr_state.wr_data\[16\],3.92µm
i_core_v_mini_mcu.ao_peripheral_subsystem_i.power_manager_i.power_manager_reg_top_i.u_intr_state.wr_data\[21\],3.92µm
i_core_v_mini_mcu.ao_peripheral_subsystem_i.power_manager_i.power_manager_reg_top_i.u_intr_state.wr_data\[5\],3.92µm
i_core_v_mini_mcu.ao_peripheral_subsystem_i.spi_subsystem_i.obi_spimemio_i.spimemio_i.xfer.obuffer\[5\],3.92µm
i_core_v_mini_mcu.ao_peripheral_subsystem_i.spi_subsystem_i.obi_spimemio_i.spimemio_i.xfer.xfer_rd,3.92µm
i_core_v_mini_mcu.cpu_subsystem_i.cpu_1_0.i_servile.cpu.ctrl.i_jal_or_jalr,3.92µm
i_core_v_mini_mcu.memory_subsystem_clkgate_en_n,3.92µm
i_core_v_mini_mcu.peripheral_subsystem_i.obi_fifo_i.consumer_data_req\[23\],3.92µm
i_core_v_mini_mcu.peripheral_subsystem_i.obi_fifo_i.consumer_resp_i\[29\],3.92µm
_05180_,3.86µm
_11240_,3.69µm
_26578_,3.69µm
_13711_,3.64µm
_24118_,3.64µm
_25184_,3.64µm
_26246_,3.64µm
_26639_,3.64µm
_03601_,3.46µm
_03677_,3.46µm
_03730_,3.46µm
_03746_,3.46µm
_06162_,3.46µm
_06211_,3.46µm
_06222_,3.46µm
_06561_,3.46µm
_07088_,3.46µm
_07126_,3.46µm
_07498_,3.46µm
_07562_,3.46µm
_07661_,3.46µm
_07688_,3.46µm
_07691_,3.46µm
_07830_,3.46µm
_07869_,3.46µm
_07895_,3.46µm
_08017_,3.46µm
_08039_,3.46µm
_08097_,3.46µm
_08273_,3.46µm
_08362_,3.46µm
_08389_,3.46µm
_08772_,3.46µm
_09109_,3.46µm
_09117_,3.46µm
_09239_,3.46µm
_09667_,3.46µm
_10397_,3.46µm
_10948_,3.46µm
_11118_,3.46µm
_11250_,3.46µm
_11280_,3.46µm
_11603_,3.46µm
_11700_,3.46µm
_11728_,3.46µm
_11903_,3.46µm
_11982_,3.46µm
_11999_,3.46µm
_12331_,3.46µm
_12388_,3.46µm
_12418_,3.46µm
_12772_,3.46µm
_12894_,3.46µm
_13666_,3.46µm
_13750_,3.46µm
_14292_,3.46µm
_14412_,3.46µm
_14750_,3.46µm
_14810_,3.46µm
_14823_,3.46µm
_14835_,3.46µm
_15018_,3.46µm
_15040_,3.46µm
_15286_,3.46µm
_15367_,3.46µm
_15376_,3.46µm
_15976_,3.46µm
_16178_,3.46µm
_16304_,3.46µm
_16324_,3.46µm
_16327_,3.46µm
_16334_,3.46µm
_16406_,3.46µm
_16754_,3.46µm
_16778_,3.46µm
_16863_,3.46µm
_17173_,3.46µm
_17646_,3.46µm
_17673_,3.46µm
_17682_,3.46µm
_17703_,3.46µm
_17753_,3.46µm
_17772_,3.46µm
_18377_,3.46µm
_18501_,3.46µm
_18519_,3.46µm
_18574_,3.46µm
_18826_,3.46µm
_18853_,3.46µm
_19021_,3.46µm
_19059_,3.46µm
_19124_,3.46µm
_19279_,3.46µm
_19404_,3.46µm
_19524_,3.46µm
_19650_,3.46µm
_20039_,3.46µm
_20600_,3.46µm
_20677_,3.46µm
_20679_,3.46µm
_20690_,3.46µm
_20697_,3.46µm
_20707_,3.46µm
_20795_,3.46µm
_20917_,3.46µm
_20989_,3.46µm
_21043_,3.46µm
_21274_,3.46µm
_21511_,3.46µm
_22046_,3.46µm
_22203_,3.46µm
_22235_,3.46µm
_22255_,3.46µm
_22415_,3.46µm
_22906_,3.46µm
_22966_,3.46µm
_23123_,3.46µm
_23168_,3.46µm
_23341_,3.46µm
_23358_,3.46µm
_23375_,3.46µm
_23592_,3.46µm
_23648_,3.46µm
_23850_,3.46µm
_23903_,3.46µm
_23939_,3.46µm
_24068_,3.46µm
_24092_,3.46µm
_24102_,3.46µm
_24125_,3.46µm
_24137_,3.46µm
_24183_,3.46µm
_24224_,3.46µm
_24245_,3.46µm
_24268_,3.46µm
_24271_,3.46µm
_24345_,3.46µm
_24368_,3.46µm
_24379_,3.46µm
_24387_,3.46µm
_24459_,3.46µm
_24542_,3.46µm
_24565_,3.46µm
_24639_,3.46µm
_24640_,3.46µm
_24658_,3.46µm
_24769_,3.46µm
_24833_,3.46µm
_24870_,3.46µm
_24982_,3.46µm
_25131_,3.46µm
_25178_,3.46µm
_25228_,3.46µm
_25243_,3.46µm
_25256_,3.46µm
_25283_,3.46µm
_25425_,3.46µm
_25652_,3.46µm
_25705_,3.46µm
_25707_,3.46µm
_25712_,3.46µm
_25742_,3.46µm
_25771_,3.46µm
_25793_,3.46µm
_25838_,3.46µm
_25854_,3.46µm
_25861_,3.46µm
_25896_,3.46µm
_26038_,3.46µm
_26085_,3.46µm
_26134_,3.46µm
_26144_,3.46µm
_26160_,3.46µm
_26175_,3.46µm
_26227_,3.46µm
_26242_,3.46µm
_26281_,3.46µm
_26292_,3.46µm
_26340_,3.46µm
_26358_,3.46µm
_26365_,3.46µm
_26419_,3.46µm
_26534_,3.46µm
_26537_,3.46µm
_26603_,3.46µm
_26649_,3.46µm
_26710_,3.46µm
_26750_,3.46µm
_26905_,3.46µm
_27103_,3.46µm
_27305_,3.46µm
_27354_,3.46µm
_27371_,3.46µm
_27431_,3.46µm
_27487_,3.46µm
i_core_v_mini_mcu.ao_peripheral_subsystem_i.obi_fifo_i.producer_state_n,3.46µm
_00304_,3.41µm
_02173_,3.41µm
_02224_,3.41µm
_02455_,3.41µm
_02916_,3.41µm
_05645_,3.41µm
_06534_,3.41µm
_07184_,3.41µm
_07306_,3.41µm
_07903_,3.41µm
_08230_,3.41µm
_08245_,3.41µm
_09021_,3.41µm
_09489_,3.41µm
_09792_,3.41µm
_11918_,3.41µm
_12103_,3.41µm
_12182_,3.41µm
_13606_,3.41µm
_13650_,3.41µm
_13764_,3.41µm
_14950_,3.41µm
_15554_,3.41µm
_16458_,3.41µm
_17627_,3.41µm
_18666_,3.41µm
_18755_,3.41µm
_19131_,3.41µm
_19434_,3.41µm
_19979_,3.41µm
_22205_,3.41µm
_22612_,3.41µm
_23082_,3.41µm
_23395_,3.41µm
_23525_,3.41µm
_23623_,3.41µm
_23934_,3.41µm
_24158_,3.41µm
_24270_,3.41µm
_24556_,3.41µm
_24760_,3.41µm
_24817_,3.41µm
_25133_,3.41µm
_25218_,3.41µm
_25287_,3.41µm
_25455_,3.41µm
_25591_,3.41µm
_25874_,3.41µm
_26223_,3.41µm
_26393_,3.41µm
_26868_,3.41µm
_27087_,3.41µm
_27105_,3.41µm
_27514_,3.41µm
_00004_,3.36µm
_00019_,3.36µm
_00054_,3.36µm
_00084_,3.36µm
_00093_,3.36µm
_00105_,3.36µm
_00121_,3.36µm
_00122_,3.36µm
_00150_,3.36µm
_00162_,3.36µm
_00165_,3.36µm
_00170_,3.36µm
_00176_,3.36µm
_00178_,3.36µm
_00185_,3.36µm
_00189_,3.36µm
_00190_,3.36µm
_00211_,3.36µm
_00216_,3.36µm
_00328_,3.36µm
_00368_,3.36µm
_00384_,3.36µm
_00423_,3.36µm
_00428_,3.36µm
_00431_,3.36µm
_00433_,3.36µm
_00489_,3.36µm
_00496_,3.36µm
_00517_,3.36µm
_00610_,3.36µm
_00621_,3.36µm
_00626_,3.36µm
_00636_,3.36µm
_00646_,3.36µm
_00661_,3.36µm
_00666_,3.36µm
_00695_,3.36µm
_00701_,3.36µm
_00711_,3.36µm
_00715_,3.36µm
_00721_,3.36µm
_00724_,3.36µm
_00725_,3.36µm
_00748_,3.36µm
_00755_,3.36µm
_00762_,3.36µm
_00778_,3.36µm
_00796_,3.36µm
_00800_,3.36µm
_00823_,3.36µm
_00869_,3.36µm
_00888_,3.36µm
_00893_,3.36µm
_00900_,3.36µm
_00904_,3.36µm
_00914_,3.36µm
_00918_,3.36µm
_00920_,3.36µm
_00922_,3.36µm
_00927_,3.36µm
_00948_,3.36µm
_00966_,3.36µm
_00972_,3.36µm
_00976_,3.36µm
_00991_,3.36µm
_01011_,3.36µm
_01094_,3.36µm
_01127_,3.36µm
_01131_,3.36µm
_01143_,3.36µm
_01148_,3.36µm
_01159_,3.36µm
_01164_,3.36µm
_01195_,3.36µm
_01196_,3.36µm
_01209_,3.36µm
_01215_,3.36µm
_01219_,3.36µm
_01258_,3.36µm
_01271_,3.36µm
_01272_,3.36µm
_01274_,3.36µm
_01292_,3.36µm
_01300_,3.36µm
_01303_,3.36µm
_01306_,3.36µm
_01309_,3.36µm
_01311_,3.36µm
_01316_,3.36µm
_01341_,3.36µm
_01342_,3.36µm
_01345_,3.36µm
_01371_,3.36µm
_01375_,3.36µm
_01377_,3.36µm
_01385_,3.36µm
_01427_,3.36µm
_01431_,3.36µm
_01460_,3.36µm
_01463_,3.36µm
_01469_,3.36µm
_01477_,3.36µm
_01479_,3.36µm
_01488_,3.36µm
_01493_,3.36µm
_01504_,3.36µm
_01514_,3.36µm
_01516_,3.36µm
_01533_,3.36µm
_01565_,3.36µm
_01584_,3.36µm
_01599_,3.36µm
_01642_,3.36µm
_01655_,3.36µm
_01687_,3.36µm
_01696_,3.36µm
_01700_,3.36µm
_01703_,3.36µm
_01718_,3.36µm
_01723_,3.36µm
_01726_,3.36µm
_01732_,3.36µm
_01737_,3.36µm
_01740_,3.36µm
_01746_,3.36µm
_01747_,3.36µm
_01760_,3.36µm
_01800_,3.36µm
_01811_,3.36µm
_01823_,3.36µm
_01829_,3.36µm
_01831_,3.36µm
_01840_,3.36µm
_01852_,3.36µm
_01868_,3.36µm
_01880_,3.36µm
_01891_,3.36µm
_01902_,3.36µm
_01904_,3.36µm
_01918_,3.36µm
_01924_,3.36µm
_01927_,3.36µm
_01942_,3.36µm
_01947_,3.36µm
_01964_,3.36µm
_01966_,3.36µm
_01986_,3.36µm
_01990_,3.36µm
_02003_,3.36µm
_02089_,3.36µm
_02118_,3.36µm
_02143_,3.36µm
_02184_,3.36µm
_02197_,3.36µm
_02211_,3.36µm
_02214_,3.36µm
_02219_,3.36µm
_02230_,3.36µm
_02239_,3.36µm
_02249_,3.36µm
_02253_,3.36µm
_02255_,3.36µm
_02260_,3.36µm
_02262_,3.36µm
_02280_,3.36µm
_02294_,3.36µm
_02301_,3.36µm
_02333_,3.36µm
_02337_,3.36µm
_02338_,3.36µm
_02351_,3.36µm
_02355_,3.36µm
_02382_,3.36µm
_02402_,3.36µm
_02412_,3.36µm
_02423_,3.36µm
_02430_,3.36µm
_02447_,3.36µm
_02460_,3.36µm
_02480_,3.36µm
_02493_,3.36µm
_02498_,3.36µm
_02539_,3.36µm
_02547_,3.36µm
_02551_,3.36µm
_02553_,3.36µm
_02560_,3.36µm
_02577_,3.36µm
_02578_,3.36µm
_02591_,3.36µm
_02611_,3.36µm
_02623_,3.36µm
_02631_,3.36µm
_02633_,3.36µm
_02642_,3.36µm
_02662_,3.36µm
_02682_,3.36µm
_02697_,3.36µm
_02846_,3.36µm
_02867_,3.36µm
_02940_,3.36µm
_03042_,3.36µm
_03044_,3.36µm
_03107_,3.36µm
_03158_,3.36µm
_03192_,3.36µm
_03230_,3.36µm
_03312_,3.36µm
_03320_,3.36µm
_03341_,3.36µm
_03364_,3.36µm
_03464_,3.36µm
_03471_,3.36µm
_03476_,3.36µm
_03478_,3.36µm
_03527_,3.36µm
_03580_,3.36µm
_03584_,3.36µm
_03653_,3.36µm
_03673_,3.36µm
_03675_,3.36µm
_03737_,3.36µm
_03740_,3.36µm
_03750_,3.36µm
_03774_,3.36µm
_03783_,3.36µm
_03795_,3.36µm
_03798_,3.36µm
_03801_,3.36µm
_03818_,3.36µm
_03819_,3.36µm
_03821_,3.36µm
_03822_,3.36µm
_03832_,3.36µm
_03839_,3.36µm
_03841_,3.36µm
_03863_,3.36µm
_03872_,3.36µm
_03888_,3.36µm
_03889_,3.36µm
_03905_,3.36µm
_03916_,3.36µm
_03933_,3.36µm
_03964_,3.36µm
_03966_,3.36µm
_03968_,3.36µm
_03970_,3.36µm
_03997_,3.36µm
_04012_,3.36µm
_04019_,3.36µm
_04025_,3.36µm
_04053_,3.36µm
_04054_,3.36µm
_04075_,3.36µm
_04098_,3.36µm
_04108_,3.36µm
_04122_,3.36µm
_04145_,3.36µm
_04154_,3.36µm
_04155_,3.36µm
_04169_,3.36µm
_04205_,3.36µm
_04211_,3.36µm
_04216_,3.36µm
_04235_,3.36µm
_04244_,3.36µm
_04256_,3.36µm
_04273_,3.36µm
_04276_,3.36µm
_04284_,3.36µm
_04287_,3.36µm
_04304_,3.36µm
_04309_,3.36µm
_04328_,3.36µm
_04375_,3.36µm
_04393_,3.36µm
_04416_,3.36µm
_04422_,3.36µm
_04455_,3.36µm
_04456_,3.36µm
_04466_,3.36µm
_04467_,3.36µm
_04486_,3.36µm
_04489_,3.36µm
_04522_,3.36µm
_04548_,3.36µm
_04564_,3.36µm
_04581_,3.36µm
_04594_,3.36µm
_04597_,3.36µm
_04600_,3.36µm
_04689_,3.36µm
_04702_,3.36µm
_04711_,3.36µm
_04727_,3.36µm
_04750_,3.36µm
_04770_,3.36µm
_04779_,3.36µm
_04785_,3.36µm
_04786_,3.36µm
_04834_,3.36µm
_04864_,3.36µm
_04976_,3.36µm
_04985_,3.36µm
_04986_,3.36µm
_04995_,3.36µm
_05003_,3.36µm
_05004_,3.36µm
_05009_,3.36µm
_05017_,3.36µm
_05027_,3.36µm
_05042_,3.36µm
_05044_,3.36µm
_05057_,3.36µm
_05059_,3.36µm
_05062_,3.36µm
_05089_,3.36µm
_05104_,3.36µm
_05113_,3.36µm
_05121_,3.36µm
_05150_,3.36µm
_05160_,3.36µm
_05246_,3.36µm
_05304_,3.36µm
_05306_,3.36µm
_05329_,3.36µm
_05344_,3.36µm
_05347_,3.36µm
_05383_,3.36µm
_05561_,3.36µm
_05697_,3.36µm
_05760_,3.36µm
_05882_,3.36µm
_05883_,3.36µm
_05889_,3.36µm
_05996_,3.36µm
_06029_,3.36µm
_06066_,3.36µm
_06145_,3.36µm
_06173_,3.36µm
_06250_,3.36µm
_06321_,3.36µm
_06499_,3.36µm
_06696_,3.36µm
_06756_,3.36µm
_07095_,3.36µm
_07096_,3.36µm
_07124_,3.36µm
_07237_,3.36µm
_07284_,3.36µm
_07368_,3.36µm
_07584_,3.36µm
_07727_,3.36µm
_07759_,3.36µm
_07878_,3.36µm
_07977_,3.36µm
_07993_,3.36µm
_08024_,3.36µm
_08058_,3.36µm
_08073_,3.36µm
_08289_,3.36µm
_08306_,3.36µm
_08392_,3.36µm
_08479_,3.36µm
_08536_,3.36µm
_08651_,3.36µm
_08707_,3.36µm
_08713_,3.36µm
_08773_,3.36µm
_08802_,3.36µm
_08894_,3.36µm
_08928_,3.36µm
_08967_,3.36µm
_09012_,3.36µm
_09017_,3.36µm
_09086_,3.36µm
_09144_,3.36µm
_09352_,3.36µm
_09450_,3.36µm
_09576_,3.36µm
_09689_,3.36µm
_09922_,3.36µm
_09933_,3.36µm
_09969_,3.36µm
_10376_,3.36µm
_10501_,3.36µm
_10635_,3.36µm
_10657_,3.36µm
_10710_,3.36µm
_10770_,3.36µm
_10936_,3.36µm
_11017_,3.36µm
_11145_,3.36µm
_11212_,3.36µm
_11361_,3.36µm
_11369_,3.36µm
_11380_,3.36µm
_11435_,3.36µm
_11486_,3.36µm
_11510_,3.36µm
_11547_,3.36µm
_11584_,3.36µm
_11599_,3.36µm
_11629_,3.36µm
_11735_,3.36µm
_11758_,3.36µm
_11819_,3.36µm
_11828_,3.36µm
_11837_,3.36µm
_11856_,3.36µm
_11860_,3.36µm
_11945_,3.36µm
_12028_,3.36µm
_12052_,3.36µm
_12070_,3.36µm
_12071_,3.36µm
_12334_,3.36µm
_12372_,3.36µm
_12394_,3.36µm
_12557_,3.36µm
_12636_,3.36µm
_12669_,3.36µm
_12684_,3.36µm
_12686_,3.36µm
_12690_,3.36µm
_12692_,3.36µm
_12812_,3.36µm
_12862_,3.36µm
_12867_,3.36µm
_13012_,3.36µm
_13065_,3.36µm
_13103_,3.36µm
_13136_,3.36µm
_13206_,3.36µm
_13386_,3.36µm
_13418_,3.36µm
_13423_,3.36µm
_13487_,3.36µm
_13549_,3.36µm
_13574_,3.36µm
_13609_,3.36µm
_13720_,3.36µm
_13722_,3.36µm
_13805_,3.36µm
_13854_,3.36µm
_14025_,3.36µm
_14102_,3.36µm
_14115_,3.36µm
_14376_,3.36µm
_14385_,3.36µm
_14413_,3.36µm
_14467_,3.36µm
_14479_,3.36µm
_14892_,3.36µm
_14944_,3.36µm
_14953_,3.36µm
_14958_,3.36µm
_14968_,3.36µm
_14974_,3.36µm
_15036_,3.36µm
_15248_,3.36µm
_15756_,3.36µm
_15794_,3.36µm
_15812_,3.36µm
_15824_,3.36µm
_15906_,3.36µm
_16247_,3.36µm
_16305_,3.36µm
_16333_,3.36µm
_16355_,3.36µm
_16495_,3.36µm
_16510_,3.36µm
_16674_,3.36µm
_16682_,3.36µm
_16697_,3.36µm
_16721_,3.36µm
_16757_,3.36µm
_16781_,3.36µm
_17128_,3.36µm
_17183_,3.36µm
_17199_,3.36µm
_17205_,3.36µm
_17380_,3.36µm
_17640_,3.36µm
_17912_,3.36µm
_17935_,3.36µm
_17991_,3.36µm
_18001_,3.36µm
_18077_,3.36µm
_18108_,3.36µm
_18126_,3.36µm
_18276_,3.36µm
_18278_,3.36µm
_18282_,3.36µm
_18336_,3.36µm
_18406_,3.36µm
_18439_,3.36µm
_18443_,3.36µm
_18496_,3.36µm
_18582_,3.36µm
_18634_,3.36µm
_18707_,3.36µm
_18729_,3.36µm
_18813_,3.36µm
_18837_,3.36µm
_18845_,3.36µm
_18859_,3.36µm
_18876_,3.36µm
_18877_,3.36µm
_18951_,3.36µm
_18995_,3.36µm
_19029_,3.36µm
_19033_,3.36µm
_19041_,3.36µm
_19084_,3.36µm
_19086_,3.36µm
_19136_,3.36µm
_19183_,3.36µm
_19185_,3.36µm
_19224_,3.36µm
_19234_,3.36µm
_19269_,3.36µm
_19366_,3.36µm
_19432_,3.36µm
_19464_,3.36µm
_19493_,3.36µm
_19507_,3.36µm
_19558_,3.36µm
_19559_,3.36µm
_19587_,3.36µm
_19608_,3.36µm
_19636_,3.36µm
_19649_,3.36µm
_19684_,3.36µm
_19785_,3.36µm
_19791_,3.36µm
_19932_,3.36µm
_19944_,3.36µm
_19967_,3.36µm
_19970_,3.36µm
_19996_,3.36µm
_20008_,3.36µm
_20032_,3.36µm
_20044_,3.36µm
_20072_,3.36µm
_20143_,3.36µm
_20151_,3.36µm
_20186_,3.36µm
_20553_,3.36µm
_20568_,3.36µm
_20592_,3.36µm
_20614_,3.36µm
_20654_,3.36µm
_20656_,3.36µm
_20663_,3.36µm
_20666_,3.36µm
_20699_,3.36µm
_20710_,3.36µm
_20712_,3.36µm
_20723_,3.36µm
_20755_,3.36µm
_20765_,3.36µm
_20774_,3.36µm
_20782_,3.36µm
_20921_,3.36µm
_20934_,3.36µm
_21020_,3.36µm
_21036_,3.36µm
_21050_,3.36µm
_21073_,3.36µm
_21100_,3.36µm
_21144_,3.36µm
_21147_,3.36µm
_21189_,3.36µm
_21198_,3.36µm
_21226_,3.36µm
_21330_,3.36µm
_21351_,3.36µm
_21429_,3.36µm
_21483_,3.36µm
_21485_,3.36µm
_21495_,3.36µm
_21534_,3.36µm
_21559_,3.36µm
_21588_,3.36µm
_21606_,3.36µm
_21621_,3.36µm
_21660_,3.36µm
_21712_,3.36µm
_21730_,3.36µm
_21814_,3.36µm
_21850_,3.36µm
_21906_,3.36µm
_21934_,3.36µm
_21938_,3.36µm
_21967_,3.36µm
_22036_,3.36µm
_22063_,3.36µm
_22122_,3.36µm
_22216_,3.36µm
_22266_,3.36µm
_22267_,3.36µm
_22327_,3.36µm
_22335_,3.36µm
_22341_,3.36µm
_22358_,3.36µm
_22359_,3.36µm
_22362_,3.36µm
_22417_,3.36µm
_22481_,3.36µm
_22567_,3.36µm
_22589_,3.36µm
_22594_,3.36µm
_22687_,3.36µm
_22733_,3.36µm
_22851_,3.36µm
_22897_,3.36µm
_22932_,3.36µm
_23012_,3.36µm
_23031_,3.36µm
_23063_,3.36µm
_23075_,3.36µm
_23096_,3.36µm
_23199_,3.36µm
_23230_,3.36µm
_23436_,3.36µm
_23495_,3.36µm
_23564_,3.36µm
_23697_,3.36µm
_23750_,3.36µm
_23888_,3.36µm
_23975_,3.36µm
_23987_,3.36µm
_24007_,3.36µm
_24074_,3.36µm
_24080_,3.36µm
_24149_,3.36µm
_24185_,3.36µm
_24216_,3.36µm
_24237_,3.36µm
_24275_,3.36µm
_24292_,3.36µm
_24344_,3.36µm
_24363_,3.36µm
_24424_,3.36µm
_24458_,3.36µm
_24472_,3.36µm
_24487_,3.36µm
_24551_,3.36µm
_24593_,3.36µm
_24617_,3.36µm
_24742_,3.36µm
_24759_,3.36µm
_24771_,3.36µm
_24808_,3.36µm
_24818_,3.36µm
_24974_,3.36µm
_25058_,3.36µm
_25170_,3.36µm
_25181_,3.36µm
_25203_,3.36µm
_25220_,3.36µm
_25235_,3.36µm
_25246_,3.36µm
_25257_,3.36µm
_25267_,3.36µm
_25338_,3.36µm
_25385_,3.36µm
_25416_,3.36µm
_25418_,3.36µm
_25478_,3.36µm
_25512_,3.36µm
_25550_,3.36µm
_25640_,3.36µm
_25641_,3.36µm
_25702_,3.36µm
_25724_,3.36µm
_25763_,3.36µm
_25819_,3.36µm
_25820_,3.36µm
_25834_,3.36µm
_25866_,3.36µm
_25876_,3.36µm
_25878_,3.36µm
_25941_,3.36µm
_26064_,3.36µm
_26076_,3.36µm
_26083_,3.36µm
_26143_,3.36µm
_26153_,3.36µm
_26192_,3.36µm
_26234_,3.36µm
_26324_,3.36µm
_26336_,3.36µm
_26488_,3.36µm
_26496_,3.36µm
_26618_,3.36µm
_26651_,3.36µm
_26655_,3.36µm
_26699_,3.36µm
_26739_,3.36µm
_26793_,3.36µm
_26837_,3.36µm
_27016_,3.36µm
_27044_,3.36µm
_27069_,3.36µm
_27074_,3.36µm
_27094_,3.36µm
_27097_,3.36µm
_27122_,3.36µm
_27319_,3.36µm
_27330_,3.36µm
_27350_,3.36µm
_27454_,3.36µm
_27462_,3.36µm
_27468_,3.36µm
_27481_,3.36µm
_27489_,3.36µm
_27522_,3.36µm
_27530_,3.36µm
_27563_,3.36µm
_27644_,3.36µm
_27664_,3.36µm
_27709_,3.36µm
_27720_,3.36µm
i_core_v_mini_mcu.ao_peripheral_subsystem_i.periph_to_reg_i.r_rdata_d\[24\],3.36µm
i_core_v_mini_mcu.ao_peripheral_subsystem_i.power_manager_i.power_manager_reg_top_i.u_intr_state.wr_data\[6\],3.36µm
i_core_v_mini_mcu.peripheral_subsystem_i.obi_fifo_i.consumer_resp_i\[20\],3.36µm
_12820_,3.13µm
_25781_,3.13µm
_08531_,3.08µm
_22468_,3.08µm
_01060_,2.95µm
_05587_,2.9µm
_05838_,2.9µm
_05856_,2.9µm
_05881_,2.9µm
_05998_,2.9µm
_07158_,2.9µm
_07634_,2.9µm
_08041_,2.9µm
_08271_,2.9µm
_08465_,2.9µm
_09196_,2.9µm
_09586_,2.9µm
_10387_,2.9µm
_10451_,2.9µm
_11264_,2.9µm
_11485_,2.9µm
_13341_,2.9µm
_13361_,2.9µm
_13599_,2.9µm
_13647_,2.9µm
_13753_,2.9µm
_13954_,2.9µm
_14237_,2.9µm
_14826_,2.9µm
_15100_,2.9µm
_15485_,2.9µm
_15816_,2.9µm
_15841_,2.9µm
_16337_,2.9µm
_16443_,2.9µm
_16471_,2.9µm
_16661_,2.9µm
_16662_,2.9µm
_16738_,2.9µm
_17705_,2.9µm
_18062_,2.9µm
_18087_,2.9µm
_18195_,2.9µm
_18294_,2.9µm
_18362_,2.9µm
_18662_,2.9µm
_19898_,2.9µm
_20667_,2.9µm
_20808_,2.9µm
_20961_,2.9µm
_21133_,2.9µm
_21151_,2.9µm
_21748_,2.9µm
_21763_,2.9µm
_21922_,2.9µm
_22030_,2.9µm
_22487_,2.9µm
_22568_,2.9µm
_22606_,2.9µm
_22635_,2.9µm
_22806_,2.9µm
_23046_,2.9µm
_23301_,2.9µm
_23534_,2.9µm
_23537_,2.9µm
_23759_,2.9µm
_24457_,2.9µm
_24594_,2.9µm
_24779_,2.9µm
_25437_,2.9µm
_25867_,2.9µm
_26200_,2.9µm
_26204_,2.9µm
_26331_,2.9µm
_26533_,2.9µm
_26746_,2.9µm
_27255_,2.9µm
_27295_,2.9µm
_27587_,2.9µm
_27624_,2.9µm
_06180_,2.85µm
_06232_,2.85µm
_06246_,2.85µm
_06797_,2.85µm
_07625_,2.85µm
_07846_,2.85µm
_09798_,2.85µm
_12588_,2.85µm
_12749_,2.85µm
_13366_,2.85µm
_13562_,2.85µm
_13596_,2.85µm
_14225_,2.85µm
_14466_,2.85µm
_14632_,2.85µm
_15246_,2.85µm
_16044_,2.85µm
_16376_,2.85µm
_16413_,2.85µm
_16575_,2.85µm
_16733_,2.85µm
_17480_,2.85µm
_20134_,2.85µm
_20692_,2.85µm
_20812_,2.85µm
_21229_,2.85µm
_21952_,2.85µm
_22456_,2.85µm
_22490_,2.85µm
_23165_,2.85µm
_24881_,2.85µm
_26854_,2.85µm
_26984_,2.85µm
_00003_,2.8µm
_00029_,2.8µm
_00032_,2.8µm
_00047_,2.8µm
_00079_,2.8µm
_00111_,2.8µm
_00114_,2.8µm
_00125_,2.8µm
_00131_,2.8µm
_00161_,2.8µm
_00168_,2.8µm
_00174_,2.8µm
_00194_,2.8µm
_00222_,2.8µm
_00242_,2.8µm
_00254_,2.8µm
_00267_,2.8µm
_00273_,2.8µm
_00282_,2.8µm
_00292_,2.8µm
_00299_,2.8µm
_00306_,2.8µm
_00308_,2.8µm
_00317_,2.8µm
_00322_,2.8µm
_00339_,2.8µm
_00342_,2.8µm
_00344_,2.8µm
_00347_,2.8µm
_00351_,2.8µm
_00370_,2.8µm
_00375_,2.8µm
_00377_,2.8µm
_00390_,2.8µm
_00401_,2.8µm
_00410_,2.8µm
_00412_,2.8µm
_00420_,2.8µm
_00421_,2.8µm
_00443_,2.8µm
_00444_,2.8µm
_00447_,2.8µm
_00468_,2.8µm
_00472_,2.8µm
_00508_,2.8µm
_00512_,2.8µm
_00514_,2.8µm
_00527_,2.8µm
_00548_,2.8µm
_00554_,2.8µm
_00596_,2.8µm
_00606_,2.8µm
_00615_,2.8µm
_00639_,2.8µm
_00649_,2.8µm
_00654_,2.8µm
_00693_,2.8µm
_00697_,2.8µm
_00698_,2.8µm
_00708_,2.8µm
_00710_,2.8µm
_00738_,2.8µm
_00744_,2.8µm
_00760_,2.8µm
_00770_,2.8µm
_00787_,2.8µm
_00819_,2.8µm
_00837_,2.8µm
_00852_,2.8µm
_00865_,2.8µm
_00940_,2.8µm
_00956_,2.8µm
_00980_,2.8µm
_00992_,2.8µm
_01001_,2.8µm
_01048_,2.8µm
_01068_,2.8µm
_01128_,2.8µm
_01129_,2.8µm
_01142_,2.8µm
_01158_,2.8µm
_01165_,2.8µm
_01178_,2.8µm
_01208_,2.8µm
_01213_,2.8µm
_01265_,2.8µm
_01268_,2.8µm
_01275_,2.8µm
_01294_,2.8µm
_01295_,2.8µm
_01298_,2.8µm
_01308_,2.8µm
_01315_,2.8µm
_01317_,2.8µm
_01319_,2.8µm
_01324_,2.8µm
_01330_,2.8µm
_01344_,2.8µm
_01358_,2.8µm
_01372_,2.8µm
_01381_,2.8µm
_01392_,2.8µm
_01425_,2.8µm
_01429_,2.8µm
_01480_,2.8µm
_01499_,2.8µm
_01507_,2.8µm
_01510_,2.8µm
_01573_,2.8µm
_01702_,2.8µm
_01704_,2.8µm
_01706_,2.8µm
_01710_,2.8µm
_01712_,2.8µm
_01744_,2.8µm
_01753_,2.8µm
_01759_,2.8µm
_01771_,2.8µm
_01810_,2.8µm
_01816_,2.8µm
_01839_,2.8µm
_01843_,2.8µm
_01846_,2.8µm
_01856_,2.8µm
_01865_,2.8µm
_01875_,2.8µm
_01876_,2.8µm
_01896_,2.8µm
_01919_,2.8µm
_01926_,2.8µm
_01929_,2.8µm
_01937_,2.8µm
_01971_,2.8µm
_01972_,2.8µm
_01984_,2.8µm
_01998_,2.8µm
_02023_,2.8µm
_02071_,2.8µm
_02123_,2.8µm
_02133_,2.8µm
_02208_,2.8µm
_02232_,2.8µm
_02251_,2.8µm
_02273_,2.8µm
_02298_,2.8µm
_02299_,2.8µm
_02325_,2.8µm
_02330_,2.8µm
_02346_,2.8µm
_02348_,2.8µm
_02360_,2.8µm
_02383_,2.8µm
_02395_,2.8µm
_02403_,2.8µm
_02419_,2.8µm
_02435_,2.8µm
_02451_,2.8µm
_02461_,2.8µm
_02481_,2.8µm
_02521_,2.8µm
_02524_,2.8µm
_02565_,2.8µm
_02581_,2.8µm
_02594_,2.8µm
_02596_,2.8µm
_02598_,2.8µm
_02610_,2.8µm
_02629_,2.8µm
_02677_,2.8µm
_02699_,2.8µm
_02705_,2.8µm
_02707_,2.8µm
_02728_,2.8µm
_02731_,2.8µm
_02745_,2.8µm
_02754_,2.8µm
_02762_,2.8µm
_02781_,2.8µm
_02793_,2.8µm
_02794_,2.8µm
_02797_,2.8µm
_02843_,2.8µm
_02852_,2.8µm
_02870_,2.8µm
_02872_,2.8µm
_02873_,2.8µm
_02907_,2.8µm
_02917_,2.8µm
_02925_,2.8µm
_02927_,2.8µm
_02930_,2.8µm
_02932_,2.8µm
_02936_,2.8µm
_02946_,2.8µm
_02947_,2.8µm
_02950_,2.8µm
_02974_,2.8µm
_02982_,2.8µm
_02995_,2.8µm
_02996_,2.8µm
_02999_,2.8µm
_03002_,2.8µm
_03012_,2.8µm
_03040_,2.8µm
_03055_,2.8µm
_03060_,2.8µm
_03069_,2.8µm
_03070_,2.8µm
_03081_,2.8µm
_03090_,2.8µm
_03094_,2.8µm
_03106_,2.8µm
_03108_,2.8µm
_03111_,2.8µm
_03113_,2.8µm
_03125_,2.8µm
_03140_,2.8µm
_03143_,2.8µm
_03156_,2.8µm
_03162_,2.8µm
_03163_,2.8µm
_03175_,2.8µm
_03193_,2.8µm
_03206_,2.8µm
_03237_,2.8µm
_03249_,2.8µm
_03283_,2.8µm
_03284_,2.8µm
_03294_,2.8µm
_03300_,2.8µm
_03305_,2.8µm
_03311_,2.8µm
_03314_,2.8µm
_03333_,2.8µm
_03339_,2.8µm
_03350_,2.8µm
_03352_,2.8µm
_03354_,2.8µm
_03379_,2.8µm
_03402_,2.8µm
_03423_,2.8µm
_03446_,2.8µm
_03447_,2.8µm
_03451_,2.8µm
_03453_,2.8µm
_03455_,2.8µm
_03490_,2.8µm
_03494_,2.8µm
_03504_,2.8µm
_03521_,2.8µm
_03526_,2.8µm
_03537_,2.8µm
_03548_,2.8µm
_03569_,2.8µm
_03589_,2.8µm
_03590_,2.8µm
_03595_,2.8µm
_03602_,2.8µm
_03606_,2.8µm
_03608_,2.8µm
_03614_,2.8µm
_03630_,2.8µm
_03634_,2.8µm
_03650_,2.8µm
_03651_,2.8µm
_03661_,2.8µm
_03664_,2.8µm
_03670_,2.8µm
_03722_,2.8µm
_03757_,2.8µm
_03766_,2.8µm
_03776_,2.8µm
_03779_,2.8µm
_03796_,2.8µm
_03811_,2.8µm
_03846_,2.8µm
_03850_,2.8µm
_03853_,2.8µm
_03857_,2.8µm
_03871_,2.8µm
_03877_,2.8µm
_03912_,2.8µm
_03925_,2.8µm
_03945_,2.8µm
_03963_,2.8µm
_03965_,2.8µm
_03985_,2.8µm
_03993_,2.8µm
_03996_,2.8µm
_03999_,2.8µm
_04001_,2.8µm
_04002_,2.8µm
_04005_,2.8µm
_04016_,2.8µm
_04032_,2.8µm
_04036_,2.8µm
_04045_,2.8µm
_04046_,2.8µm
_04047_,2.8µm
_04066_,2.8µm
_04072_,2.8µm
_04084_,2.8µm
_04109_,2.8µm
_04166_,2.8µm
_04175_,2.8µm
_04176_,2.8µm
_04268_,2.8µm
_04301_,2.8µm
_04322_,2.8µm
_04345_,2.8µm
_04347_,2.8µm
_04349_,2.8µm
_04369_,2.8µm
_04376_,2.8µm
_04388_,2.8µm
_04390_,2.8µm
_04400_,2.8µm
_04407_,2.8µm
_04415_,2.8µm
_04420_,2.8µm
_04427_,2.8µm
_04493_,2.8µm
_04500_,2.8µm
_04511_,2.8µm
_04569_,2.8µm
_04571_,2.8µm
_04595_,2.8µm
_04608_,2.8µm
_04667_,2.8µm
_04668_,2.8µm
_04705_,2.8µm
_04746_,2.8µm
_04764_,2.8µm
_04817_,2.8µm
_04838_,2.8µm
_04858_,2.8µm
_04876_,2.8µm
_04898_,2.8µm
_04914_,2.8µm
_04919_,2.8µm
_04967_,2.8µm
_04974_,2.8µm
_04981_,2.8µm
_04982_,2.8µm
_04991_,2.8µm
_04996_,2.8µm
_05001_,2.8µm
_05006_,2.8µm
_05010_,2.8µm
_05012_,2.8µm
_05014_,2.8µm
_05025_,2.8µm
_05026_,2.8µm
_05028_,2.8µm
_05032_,2.8µm
_05038_,2.8µm
_05040_,2.8µm
_05066_,2.8µm
_05072_,2.8µm
_05083_,2.8µm
_05114_,2.8µm
_05222_,2.8µm
_05303_,2.8µm
_05332_,2.8µm
_05342_,2.8µm
_05364_,2.8µm
_05367_,2.8µm
_05374_,2.8µm
_05379_,2.8µm
_05472_,2.8µm
_05725_,2.8µm
_05801_,2.8µm
_05858_,2.8µm
_05865_,2.8µm
_05899_,2.8µm
_05912_,2.8µm
_05930_,2.8µm
_05942_,2.8µm
_05989_,2.8µm
_06020_,2.8µm
_06041_,2.8µm
_06043_,2.8µm
_06111_,2.8µm
_06144_,2.8µm
_06187_,2.8µm
_06197_,2.8µm
_06201_,2.8µm
_06257_,2.8µm
_06345_,2.8µm
_06358_,2.8µm
_06466_,2.8µm
_06504_,2.8µm
_06589_,2.8µm
_06603_,2.8µm
_06955_,2.8µm
_07026_,2.8µm
_07300_,2.8µm
_07334_,2.8µm
_07372_,2.8µm
_07410_,2.8µm
_07426_,2.8µm
_07456_,2.8µm
_07482_,2.8µm
_07486_,2.8µm
_07488_,2.8µm
_07516_,2.8µm
_07581_,2.8µm
_07637_,2.8µm
_07654_,2.8µm
_07789_,2.8µm
_07791_,2.8µm
_07811_,2.8µm
_07823_,2.8µm
_07867_,2.8µm
_07949_,2.8µm
_07969_,2.8µm
_07987_,2.8µm
_07989_,2.8µm
_08108_,2.8µm
_08130_,2.8µm
_08159_,2.8µm
_08183_,2.8µm
_08234_,2.8µm
_08258_,2.8µm
_08321_,2.8µm
_08358_,2.8µm
_08406_,2.8µm
_08525_,2.8µm
_08606_,2.8µm
_08798_,2.8µm
_08805_,2.8µm
_08926_,2.8µm
_08943_,2.8µm
_08946_,2.8µm
_09025_,2.8µm
_09207_,2.8µm
_09316_,2.8µm
_09350_,2.8µm
_09409_,2.8µm
_09558_,2.8µm
_09563_,2.8µm
_09578_,2.8µm
_09706_,2.8µm
_09752_,2.8µm
_09764_,2.8µm
_09800_,2.8µm
_09910_,2.8µm
_09911_,2.8µm
_10220_,2.8µm
_10270_,2.8µm
_10449_,2.8µm
_10516_,2.8µm
_10852_,2.8µm
_10897_,2.8µm
_10906_,2.8µm
_10909_,2.8µm
_11029_,2.8µm
_11148_,2.8µm
_11225_,2.8µm
_11253_,2.8µm
_11282_,2.8µm
_11519_,2.8µm
_11570_,2.8µm
_11632_,2.8µm
_11638_,2.8µm
_11699_,2.8µm
_11721_,2.8µm
_11759_,2.8µm
_11826_,2.8µm
_11972_,2.8µm
_12077_,2.8µm
_12079_,2.8µm
_12136_,2.8µm
_12158_,2.8µm
_12166_,2.8µm
_12278_,2.8µm
_12671_,2.8µm
_12744_,2.8µm
_12846_,2.8µm
_12900_,2.8µm
_12903_,2.8µm
_13062_,2.8µm
_13113_,2.8µm
_13190_,2.8µm
_13312_,2.8µm
_13348_,2.8µm
_13378_,2.8µm
_13381_,2.8µm
_13451_,2.8µm
_13463_,2.8µm
_13488_,2.8µm
_13507_,2.8µm
_13586_,2.8µm
_13745_,2.8µm
_13835_,2.8µm
_13959_,2.8µm
_13978_,2.8µm
_13990_,2.8µm
_14020_,2.8µm
_14024_,2.8µm
_14101_,2.8µm
_14112_,2.8µm
_14134_,2.8µm
_14152_,2.8µm
_14214_,2.8µm
_14220_,2.8µm
_14258_,2.8µm
_14277_,2.8µm
_14359_,2.8µm
_14392_,2.8µm
_14400_,2.8µm
_14439_,2.8µm
_14445_,2.8µm
_14446_,2.8µm
_14452_,2.8µm
_14463_,2.8µm
_14492_,2.8µm
_14493_,2.8µm
_14495_,2.8µm
_14534_,2.8µm
_14561_,2.8µm
_14562_,2.8µm
_14568_,2.8µm
_14597_,2.8µm
_14603_,2.8µm
_14629_,2.8µm
_14633_,2.8µm
_14649_,2.8µm
_14653_,2.8µm
_14656_,2.8µm
_14665_,2.8µm
_14747_,2.8µm
_14771_,2.8µm
_14774_,2.8µm
_14775_,2.8µm
_14794_,2.8µm
_14797_,2.8µm
_14811_,2.8µm
_14813_,2.8µm
_14850_,2.8µm
_14855_,2.8µm
_14859_,2.8µm
_14861_,2.8µm
_14867_,2.8µm
_14880_,2.8µm
_14904_,2.8µm
_14907_,2.8µm
_14919_,2.8µm
_14927_,2.8µm
_14928_,2.8µm
_14955_,2.8µm
_14983_,2.8µm
_14994_,2.8µm
_15012_,2.8µm
_15013_,2.8µm
_15021_,2.8µm
_15045_,2.8µm
_15078_,2.8µm
_15101_,2.8µm
_15124_,2.8µm
_15141_,2.8µm
_15195_,2.8µm
_15201_,2.8µm
_15224_,2.8µm
_15237_,2.8µm
_15243_,2.8µm
_15278_,2.8µm
_15314_,2.8µm
_15370_,2.8µm
_15378_,2.8µm
_15484_,2.8µm
_15487_,2.8µm
_15503_,2.8µm
_15505_,2.8µm
_15515_,2.8µm
_15527_,2.8µm
_15575_,2.8µm
_15588_,2.8µm
_15590_,2.8µm
_15605_,2.8µm
_15608_,2.8µm
_15609_,2.8µm
_15618_,2.8µm
_15628_,2.8µm
_15629_,2.8µm
_15643_,2.8µm
_15658_,2.8µm
_15725_,2.8µm
_15742_,2.8µm
_15781_,2.8µm
_15790_,2.8µm
_15796_,2.8µm
_15797_,2.8µm
_15799_,2.8µm
_15810_,2.8µm
_15813_,2.8µm
_15819_,2.8µm
_15842_,2.8µm
_15874_,2.8µm
_15883_,2.8µm
_15897_,2.8µm
_15900_,2.8µm
_15901_,2.8µm
_15918_,2.8µm
_16039_,2.8µm
_16045_,2.8µm
_16099_,2.8µm
_16183_,2.8µm
_16227_,2.8µm
_16236_,2.8µm
_16268_,2.8µm
_16271_,2.8µm
_16284_,2.8µm
_16286_,2.8µm
_16290_,2.8µm
_16328_,2.8µm
_16339_,2.8µm
_16340_,2.8µm
_16343_,2.8µm
_16351_,2.8µm
_16361_,2.8µm
_16377_,2.8µm
_16388_,2.8µm
_16403_,2.8µm
_16455_,2.8µm
_16465_,2.8µm
_16478_,2.8µm
_16506_,2.8µm
_16507_,2.8µm
_16543_,2.8µm
_16549_,2.8µm
_16553_,2.8µm
_16559_,2.8µm
_16580_,2.8µm
_16586_,2.8µm
_16597_,2.8µm
_16604_,2.8µm
_16639_,2.8µm
_16645_,2.8µm
_16659_,2.8µm
_16667_,2.8µm
_16671_,2.8µm
_16673_,2.8µm
_16718_,2.8µm
_16722_,2.8µm
_16728_,2.8µm
_16744_,2.8µm
_16745_,2.8µm
_16771_,2.8µm
_16780_,2.8µm
_16815_,2.8µm
_16942_,2.8µm
_16971_,2.8µm
_17125_,2.8µm
_17134_,2.8µm
_17138_,2.8µm
_17139_,2.8µm
_17145_,2.8µm
_17161_,2.8µm
_17320_,2.8µm
_17333_,2.8µm
_17341_,2.8µm
_17350_,2.8µm
_17446_,2.8µm
_17489_,2.8µm
_17493_,2.8µm
_17595_,2.8µm
_17603_,2.8µm
_17606_,2.8µm
_17607_,2.8µm
_17630_,2.8µm
_17631_,2.8µm
_17649_,2.8µm
_17658_,2.8µm
_17659_,2.8µm
_17661_,2.8µm
_17664_,2.8µm
_17665_,2.8µm
_17668_,2.8µm
_17671_,2.8µm
_17708_,2.8µm
_17721_,2.8µm
_17726_,2.8µm
_17728_,2.8µm
_17729_,2.8µm
_17756_,2.8µm
_17763_,2.8µm
_17780_,2.8µm
_17791_,2.8µm
_17808_,2.8µm
_17810_,2.8µm
_17820_,2.8µm
_17843_,2.8µm
_17906_,2.8µm
_17979_,2.8µm
_17996_,2.8µm
_18128_,2.8µm
_18136_,2.8µm
_18157_,2.8µm
_18318_,2.8µm
_18333_,2.8µm
_18352_,2.8µm
_18361_,2.8µm
_18375_,2.8µm
_18432_,2.8µm
_18449_,2.8µm
_18498_,2.8µm
_18499_,2.8µm
_18507_,2.8µm
_18567_,2.8µm
_18598_,2.8µm
_18617_,2.8µm
_18667_,2.8µm
_18675_,2.8µm
_18684_,2.8µm
_18688_,2.8µm
_18696_,2.8µm
_18700_,2.8µm
_18706_,2.8µm
_18711_,2.8µm
_18741_,2.8µm
_18743_,2.8µm
_18747_,2.8µm
_18753_,2.8µm
_18783_,2.8µm
_18792_,2.8µm
_18804_,2.8µm
_18805_,2.8µm
_18812_,2.8µm
_18818_,2.8µm
_18823_,2.8µm
_18830_,2.8µm
_18857_,2.8µm
_18858_,2.8µm
_18864_,2.8µm
_18865_,2.8µm
_18875_,2.8µm
_18889_,2.8µm
_18895_,2.8µm
_18905_,2.8µm
_18926_,2.8µm
_18953_,2.8µm
_18965_,2.8µm
_18989_,2.8µm
_18990_,2.8µm
_18996_,2.8µm
_18999_,2.8µm
_19005_,2.8µm
_19010_,2.8µm
_19025_,2.8µm
_19030_,2.8µm
_19052_,2.8µm
_19063_,2.8µm
_19077_,2.8µm
_19087_,2.8µm
_19092_,2.8µm
_19102_,2.8µm
_19113_,2.8µm
_19116_,2.8µm
_19144_,2.8µm
_19147_,2.8µm
_19158_,2.8µm
_19163_,2.8µm
_19172_,2.8µm
_19193_,2.8µm
_19199_,2.8µm
_19201_,2.8µm
_19205_,2.8µm
_19206_,2.8µm
_19207_,2.8µm
_19209_,2.8µm
_19213_,2.8µm
_19223_,2.8µm
_19244_,2.8µm
_19246_,2.8µm
_19249_,2.8µm
_19259_,2.8µm
_19265_,2.8µm
_19306_,2.8µm
_19308_,2.8µm
_19340_,2.8µm
_19346_,2.8µm
_19381_,2.8µm
_19393_,2.8µm
_19413_,2.8µm
_19424_,2.8µm
_19426_,2.8µm
_19442_,2.8µm
_19450_,2.8µm
_19460_,2.8µm
_19472_,2.8µm
_19473_,2.8µm
_19477_,2.8µm
_19492_,2.8µm
_19506_,2.8µm
_19526_,2.8µm
_19555_,2.8µm
_19646_,2.8µm
_19722_,2.8µm
_19793_,2.8µm
_19799_,2.8µm
_19813_,2.8µm
_19814_,2.8µm
_19834_,2.8µm
_19836_,2.8µm
_19838_,2.8µm
_19841_,2.8µm
_19843_,2.8µm
_19852_,2.8µm
_19860_,2.8µm
_19899_,2.8µm
_19918_,2.8µm
_19949_,2.8µm
_19955_,2.8µm
_19982_,2.8µm
_19987_,2.8µm
_20041_,2.8µm
_20059_,2.8µm
_20062_,2.8µm
_20076_,2.8µm
_20087_,2.8µm
_20112_,2.8µm
_20115_,2.8µm
_20121_,2.8µm
_20129_,2.8µm
_20135_,2.8µm
_20176_,2.8µm
_20209_,2.8µm
_20210_,2.8µm
_20227_,2.8µm
_20255_,2.8µm
_20277_,2.8µm
_20379_,2.8µm
_20407_,2.8µm
_20437_,2.8µm
_20456_,2.8µm
_20463_,2.8µm
_20488_,2.8µm
_20536_,2.8µm
_20539_,2.8µm
_20542_,2.8µm
_20555_,2.8µm
_20557_,2.8µm
_20560_,2.8µm
_20588_,2.8µm
_20594_,2.8µm
_20616_,2.8µm
_20648_,2.8µm
_20675_,2.8µm
_20709_,2.8µm
_20793_,2.8µm
_20807_,2.8µm
_20869_,2.8µm
_20887_,2.8µm
_20901_,2.8µm
_20912_,2.8µm
_20914_,2.8µm
_20922_,2.8µm
_20958_,2.8µm
_21055_,2.8µm
_21087_,2.8µm
_21129_,2.8µm
_21280_,2.8µm
_21282_,2.8µm
_21303_,2.8µm
_21348_,2.8µm
_21361_,2.8µm
_21366_,2.8µm
_21409_,2.8µm
_21504_,2.8µm
_21519_,2.8µm
_21570_,2.8µm
_21592_,2.8µm
_21596_,2.8µm
_21625_,2.8µm
_21655_,2.8µm
_21671_,2.8µm
_21706_,2.8µm
_21751_,2.8µm
_21818_,2.8µm
_21848_,2.8µm
_21858_,2.8µm
_21890_,2.8µm
_21893_,2.8µm
_21924_,2.8µm
_21954_,2.8µm
_21958_,2.8µm
_22031_,2.8µm
_22150_,2.8µm
_22173_,2.8µm
_22175_,2.8µm
_22181_,2.8µm
_22211_,2.8µm
_22225_,2.8µm
_22228_,2.8µm
_22236_,2.8µm
_22370_,2.8µm
_22460_,2.8µm
_22545_,2.8µm
_22618_,2.8µm
_22658_,2.8µm
_22680_,2.8µm
_22707_,2.8µm
_22751_,2.8µm
_22758_,2.8µm
_22781_,2.8µm
_22796_,2.8µm
_22856_,2.8µm
_22863_,2.8µm
_22870_,2.8µm
_22885_,2.8µm
_22889_,2.8µm
_22950_,2.8µm
_22968_,2.8µm
_23011_,2.8µm
_23023_,2.8µm
_23185_,2.8µm
_23332_,2.8µm
_23356_,2.8µm
_23367_,2.8µm
_23376_,2.8µm
_23387_,2.8µm
_23441_,2.8µm
_23497_,2.8µm
_23587_,2.8µm
_23696_,2.8µm
_23925_,2.8µm
_23956_,2.8µm
_23966_,2.8µm
_23971_,2.8µm
_23973_,2.8µm
_23998_,2.8µm
_24022_,2.8µm
_24101_,2.8µm
_24120_,2.8µm
_24198_,2.8µm
_24364_,2.8µm
_24386_,2.8µm
_24406_,2.8µm
_24423_,2.8µm
_24442_,2.8µm
_24470_,2.8µm
_24764_,2.8µm
_24943_,2.8µm
_24968_,2.8µm
_25041_,2.8µm
_25080_,2.8µm
_25164_,2.8µm
_25166_,2.8µm
_25193_,2.8µm
_25373_,2.8µm
_25480_,2.8µm
_25739_,2.8µm
_25772_,2.8µm
_25843_,2.8µm
_25844_,2.8µm
_26169_,2.8µm
_26300_,2.8µm
_26368_,2.8µm
_26515_,2.8µm
_26592_,2.8µm
_26598_,2.8µm
_26625_,2.8µm
_26758_,2.8µm
_26817_,2.8µm
_27034_,2.8µm
_27038_,2.8µm
_27051_,2.8µm
_27077_,2.8µm
_27159_,2.8µm
_27208_,2.8µm
_27261_,2.8µm
_27282_,2.8µm
_27290_,2.8µm
_27292_,2.8µm
_27336_,2.8µm
_27437_,2.8µm
_27456_,2.8µm
_27459_,2.8µm
_27507_,2.8µm
_27528_,2.8µm
_27580_,2.8µm
_27622_,2.8µm
_27627_,2.8µm
_27633_,2.8µm
_27640_,2.8µm
_27642_,2.8µm
_27656_,2.8µm
_27658_,2.8µm
_27661_,2.8µm
_27682_,2.8µm
i_core_v_mini_mcu.ao_peripheral_subsystem_i.obi_fifo_i.consumer_resp_i\[33\],2.8µm
i_core_v_mini_mcu.ao_peripheral_subsystem_i.periph_to_reg_i.r_rdata_d\[12\],2.8µm
i_core_v_mini_mcu.ao_peripheral_subsystem_i.power_manager_i.power_manager_reg_top_i.intr_state_qs\[2\],2.8µm
i_core_v_mini_mcu.ao_peripheral_subsystem_i.power_manager_i.power_manager_reg_top_i.u_intr_state.wr_data\[18\],2.8µm
i_core_v_mini_mcu.ao_peripheral_subsystem_i.power_manager_i.power_manager_reg_top_i.u_intr_state.wr_data\[19\],2.8µm
i_core_v_mini_mcu.ao_peripheral_subsystem_i.spi_subsystem_i.obi_spimemio_i.obi_to_picorv32_i.state\[1\],2.8µm
i_core_v_mini_mcu.cpu_subsystem_i.cpu_0_0.i_servile.rf_ram_if.wdata0_r\[0\],2.8µm
i_core_v_mini_mcu.cpu_subsystem_i.cpu_1_0.i_servile.arbiter.i_wb_cpu_ibus_adr\[20\],2.8µm
i_core_v_mini_mcu.cpu_subsystem_i.cpu_1_0.i_servile.arbiter.i_wb_cpu_ibus_adr\[25\],2.8µm
_05696_,2.52µm
_26898_,2.52µm
_05960_,2.34µm
_05988_,2.34µm
_06394_,2.34µm
_07365_,2.34µm
_07407_,2.34µm
_07544_,2.34µm
_07923_,2.34µm
_08501_,2.34µm
_08932_,2.34µm
_10894_,2.34µm
_10971_,2.34µm
_11012_,2.34µm
_11049_,2.34µm
_11207_,2.34µm
_11295_,2.34µm
_11923_,2.34µm
_12018_,2.34µm
_12326_,2.34µm
_12631_,2.34µm
_12667_,2.34µm
_12759_,2.34µm
_12799_,2.34µm
_12898_,2.34µm
_12904_,2.34µm
_13351_,2.34µm
_13382_,2.34µm
_13515_,2.34µm
_18975_,2.34µm
_21611_,2.34µm
_21780_,2.34µm
_21965_,2.34µm
_22044_,2.34µm
_22638_,2.34µm
_22661_,2.34µm
_23372_,2.34µm
_23511_,2.34µm
_23680_,2.34µm
_23860_,2.34µm
_23870_,2.34µm
_23980_,2.34µm
_24203_,2.34µm
_24215_,2.34µm
_24264_,2.34µm
_24353_,2.34µm
_24476_,2.34µm
_24544_,2.34µm
_24685_,2.34µm
_24944_,2.34µm
_25038_,2.34µm
_25122_,2.34µm
_25298_,2.34µm
_25345_,2.34µm
_25363_,2.34µm
_25531_,2.34µm
_25582_,2.34µm
_25635_,2.34µm
_25892_,2.34µm
_26101_,2.34µm
_26167_,2.34µm
_26301_,2.34µm
_26438_,2.34µm
_26489_,2.34µm
_26580_,2.34µm
_26586_,2.34µm
_26600_,2.34µm
_26628_,2.34µm
_26652_,2.34µm
_26658_,2.34µm
_26747_,2.34µm
_26784_,2.34µm
i_core_v_mini_mcu.peripheral_subsystem_i.uart_i.uart_core.tx_uart_idle_q,2.34µm
_08248_,2.29µm
_11797_,2.29µm
_13939_,2.29µm
_19818_,2.29µm
_20223_,2.29µm
_21854_,2.29µm
_22212_,2.29µm
_26282_,2.29µm
_27060_,2.29µm
_00212_,2.24µm
_00217_,2.24µm
_00238_,2.24µm
_00239_,2.24µm
_00270_,2.24µm
_00287_,2.24µm
_00303_,2.24µm
_00331_,2.24µm
_00341_,2.24µm
_00345_,2.24µm
_00346_,2.24µm
_00354_,2.24µm
_00369_,2.24µm
_00378_,2.24µm
_00379_,2.24µm
_00382_,2.24µm
_00387_,2.24µm
_00388_,2.24µm
_00393_,2.24µm
_00398_,2.24µm
_00408_,2.24µm
_00409_,2.24µm
_00414_,2.24µm
_00416_,2.24µm
_00419_,2.24µm
_00441_,2.24µm
_00442_,2.24µm
_00446_,2.24µm
_00456_,2.24µm
_00460_,2.24µm
_00463_,2.24µm
_00464_,2.24µm
_00465_,2.24µm
_00466_,2.24µm
_00525_,2.24µm
_00594_,2.24µm
_00706_,2.24µm
_00726_,2.24µm
_00768_,2.24µm
_00835_,2.24µm
_00853_,2.24µm
_00863_,2.24µm
_00871_,2.24µm
_00887_,2.24µm
_00897_,2.24µm
_01004_,2.24µm
_01043_,2.24µm
_01047_,2.24µm
_01168_,2.24µm
_01191_,2.24µm
_01200_,2.24µm
_01320_,2.24µm
_01389_,2.24µm
_01417_,2.24µm
_01457_,2.24µm
_01465_,2.24µm
_01626_,2.24µm
_01634_,2.24µm
_01716_,2.24µm
_01750_,2.24µm
_01793_,2.24µm
_01978_,2.24µm
_02017_,2.24µm
_02047_,2.24µm
_02210_,2.24µm
_02233_,2.24µm
_02318_,2.24µm
_02323_,2.24µm
_02432_,2.24µm
_02496_,2.24µm
_02525_,2.24µm
_02545_,2.24µm
_02569_,2.24µm
_02646_,2.24µm
_02652_,2.24µm
_02653_,2.24µm
_02655_,2.24µm
_02657_,2.24µm
_02661_,2.24µm
_02663_,2.24µm
_02666_,2.24µm
_02674_,2.24µm
_02694_,2.24µm
_02702_,2.24µm
_02709_,2.24µm
_02710_,2.24µm
_02712_,2.24µm
_02719_,2.24µm
_02737_,2.24µm
_02750_,2.24µm
_02759_,2.24µm
_02786_,2.24µm
_02799_,2.24µm
_02806_,2.24µm
_02811_,2.24µm
_02813_,2.24µm
_02832_,2.24µm
_02838_,2.24µm
_02865_,2.24µm
_02866_,2.24µm
_02868_,2.24µm
_02869_,2.24µm
_02889_,2.24µm
_02891_,2.24µm
_02892_,2.24µm
_02933_,2.24µm
_02935_,2.24µm
_02945_,2.24µm
_02978_,2.24µm
_03001_,2.24µm
_03003_,2.24µm
_03011_,2.24µm
_03015_,2.24µm
_03025_,2.24µm
_03034_,2.24µm
_03039_,2.24µm
_03049_,2.24µm
_03050_,2.24µm
_03054_,2.24µm
_03062_,2.24µm
_03068_,2.24µm
_03071_,2.24µm
_03073_,2.24µm
_03082_,2.24µm
_03084_,2.24µm
_03087_,2.24µm
_03089_,2.24µm
_03099_,2.24µm
_03103_,2.24µm
_03119_,2.24µm
_03130_,2.24µm
_03132_,2.24µm
_03151_,2.24µm
_03155_,2.24µm
_03161_,2.24µm
_03164_,2.24µm
_03190_,2.24µm
_03205_,2.24µm
_03207_,2.24µm
_03217_,2.24µm
_03221_,2.24µm
_03228_,2.24µm
_03240_,2.24µm
_03251_,2.24µm
_03259_,2.24µm
_03262_,2.24µm
_03267_,2.24µm
_03279_,2.24µm
_03286_,2.24µm
_03293_,2.24µm
_03295_,2.24µm
_03297_,2.24µm
_03309_,2.24µm
_03315_,2.24µm
_03325_,2.24µm
_03331_,2.24µm
_03338_,2.24µm
_03340_,2.24µm
_03345_,2.24µm
_03349_,2.24µm
_03360_,2.24µm
_03361_,2.24µm
_03386_,2.24µm
_03387_,2.24µm
_03397_,2.24µm
_03399_,2.24µm
_03400_,2.24µm
_03422_,2.24µm
_03425_,2.24µm
_03426_,2.24µm
_03432_,2.24µm
_03449_,2.24µm
_03463_,2.24µm
_03465_,2.24µm
_03485_,2.24µm
_03499_,2.24µm
_03510_,2.24µm
_03515_,2.24µm
_03516_,2.24µm
_03518_,2.24µm
_03522_,2.24µm
_03528_,2.24µm
_03542_,2.24µm
_03574_,2.24µm
_03582_,2.24µm
_03599_,2.24µm
_03613_,2.24µm
_03615_,2.24µm
_03616_,2.24µm
_03620_,2.24µm
_03631_,2.24µm
_03637_,2.24µm
_03640_,2.24µm
_03641_,2.24µm
_03643_,2.24µm
_03656_,2.24µm
_03662_,2.24µm
_03666_,2.24µm
_03667_,2.24µm
_03672_,2.24µm
_04342_,2.24µm
_04354_,2.24µm
_04378_,2.24µm
_04391_,2.24µm
_04426_,2.24µm
_04436_,2.24µm
_04465_,2.24µm
_04468_,2.24µm
_04469_,2.24µm
_04497_,2.24µm
_04553_,2.24µm
_04604_,2.24µm
_04923_,2.24µm
_04925_,2.24µm
_04932_,2.24µm
_04940_,2.24µm
_05738_,2.24µm
_05825_,2.24µm
_05875_,2.24µm
_05916_,2.24µm
_05924_,2.24µm
_06013_,2.24µm
_06109_,2.24µm
_06282_,2.24µm
_06308_,2.24µm
_06415_,2.24µm
_06443_,2.24µm
_06536_,2.24µm
_06889_,2.24µm
_07144_,2.24µm
_07569_,2.24µm
_07606_,2.24µm
_07610_,2.24µm
_07683_,2.24µm
_07700_,2.24µm
_07874_,2.24µm
_08019_,2.24µm
_08072_,2.24µm
_08076_,2.24µm
_08204_,2.24µm
_08233_,2.24µm
_08270_,2.24µm
_08282_,2.24µm
_08471_,2.24µm
_08504_,2.24µm
_08598_,2.24µm
_08663_,2.24µm
_08751_,2.24µm
_08760_,2.24µm
_08843_,2.24µm
_08938_,2.24µm
_09084_,2.24µm
_09149_,2.24µm
_09414_,2.24µm
_09421_,2.24µm
_09422_,2.24µm
_09594_,2.24µm
_09776_,2.24µm
_09842_,2.24µm
_09857_,2.24µm
_09917_,2.24µm
_09938_,2.24µm
_09950_,2.24µm
_09955_,2.24µm
_10258_,2.24µm
_10518_,2.24µm
_10646_,2.24µm
_10907_,2.24µm
_10930_,2.24µm
_10963_,2.24µm
_11072_,2.24µm
_11101_,2.24µm
_11372_,2.24µm
_11431_,2.24µm
_11634_,2.24µm
_11708_,2.24µm
_11887_,2.24µm
_11898_,2.24µm
_11928_,2.24µm
_12142_,2.24µm
_12178_,2.24µm
_12345_,2.24µm
_12414_,2.24µm
_12679_,2.24µm
_12817_,2.24µm
_12895_,2.24µm
_12925_,2.24µm
_12969_,2.24µm
_13112_,2.24µm
_13321_,2.24µm
_13326_,2.24µm
_13390_,2.24µm
_13408_,2.24µm
_13516_,2.24µm
_13575_,2.24µm
_13732_,2.24µm
_17132_,2.24µm
_17923_,2.24µm
_17946_,2.24µm
_18235_,2.24µm
_19606_,2.24µm
_19726_,2.24µm
_19802_,2.24µm
_19909_,2.24µm
_20022_,2.24µm
_20136_,2.24µm
_20266_,2.24µm
_20688_,2.24µm
_20700_,2.24µm
_20711_,2.24µm
_20809_,2.24µm
_20950_,2.24µm
_21007_,2.24µm
_21015_,2.24µm
_21107_,2.24µm
_21121_,2.24µm
_21196_,2.24µm
_21206_,2.24µm
_21214_,2.24µm
_21245_,2.24µm
_21414_,2.24µm
_21457_,2.24µm
_21676_,2.24µm
_21831_,2.24µm
_21872_,2.24µm
_22082_,2.24µm
_22270_,2.24µm
_22288_,2.24µm
_22317_,2.24µm
_22433_,2.24µm
_22692_,2.24µm
_22714_,2.24µm
_23060_,2.24µm
_23066_,2.24µm
_23694_,2.24µm
_23801_,2.24µm
_23879_,2.24µm
_23890_,2.24µm
_23922_,2.24µm
_23978_,2.24µm
_24000_,2.24µm
_24041_,2.24µm
_24076_,2.24µm
_24200_,2.24µm
_24280_,2.24µm
_24559_,2.24µm
_24584_,2.24µm
_24689_,2.24µm
_24725_,2.24µm
_24752_,2.24µm
_24794_,2.24µm
_25026_,2.24µm
_25192_,2.24µm
_25201_,2.24µm
_25251_,2.24µm
_25395_,2.24µm
_25502_,2.24µm
_25580_,2.24µm
_25629_,2.24µm
_25691_,2.24µm
_25785_,2.24µm
_25890_,2.24µm
_25891_,2.24µm
_25897_,2.24µm
_25970_,2.24µm
_25993_,2.24µm
_26011_,2.24µm
_26108_,2.24µm
_26177_,2.24µm
_26205_,2.24µm
_26208_,2.24µm
_26546_,2.24µm
_26597_,2.24µm
_26705_,2.24µm
_26755_,2.24µm
_26801_,2.24µm
_27369_,2.24µm
_27539_,2.24µm
_27673_,2.24µm
i_core_v_mini_mcu.ao_peripheral_subsystem_i.obi_fifo_i.consumer_resp_i\[19\],2.24µm
i_core_v_mini_mcu.ao_peripheral_subsystem_i.obi_fifo_i.consumer_resp_i\[29\],2.24µm
i_core_v_mini_mcu.cpu_subsystem_i.cpu_1_0.i_servile.rf_ram_if.rdata1,2.24µm
net22,2.24µm
net23,2.24µm
net24,2.24µm
net1382,2.24µm
_07737_,2.01µm
_05423_,1.78µm
_07739_,1.78µm
_08125_,1.78µm
_09027_,1.78µm
_10899_,1.78µm
_12321_,1.78µm
_13987_,1.78µm
_19720_,1.78µm
_19775_,1.78µm
_20655_,1.78µm
_21172_,1.78µm
_21957_,1.78µm
_22193_,1.78µm
_24402_,1.78µm
_25323_,1.78µm
_27136_,1.78µm
i_core_v_mini_mcu.cpu_subsystem_i.cpu_0_0.i_servile.cpu.immdec.gen_immdec_w_eq_1.imm30_25\[2\],1.78µm
i_core_v_mini_mcu.cpu_subsystem_i.cpu_1_0.i_servile.cpu.immdec.gen_immdec_w_eq_1.imm19_12_20\[3\],1.78µm
_05575_,1.68µm
_05836_,1.68µm
_05900_,1.68µm
_05936_,1.68µm
_05955_,1.68µm
_05963_,1.68µm
_05973_,1.68µm
_06456_,1.68µm
_06622_,1.68µm
_07129_,1.68µm
_07360_,1.68µm
_07975_,1.68µm
_08133_,1.68µm
_08168_,1.68µm
_08220_,1.68µm
_08272_,1.68µm
_08444_,1.68µm
_08615_,1.68µm
_08629_,1.68µm
_08695_,1.68µm
_09049_,1.68µm
_09123_,1.68µm
_09296_,1.68µm
_09334_,1.68µm
_09834_,1.68µm
_09864_,1.68µm
_09868_,1.68µm
_09899_,1.68µm
_10067_,1.68µm
_10374_,1.68µm
_11025_,1.68µm
_11037_,1.68µm
_11249_,1.68µm
_11471_,1.68µm
_11514_,1.68µm
_11641_,1.68µm
_12027_,1.68µm
_12363_,1.68µm
_12421_,1.68µm
_12594_,1.68µm
_12688_,1.68µm
_13210_,1.68µm
_14072_,1.68µm
_14961_,1.68µm
_15261_,1.68µm
_15611_,1.68µm
_15809_,1.68µm
_18453_,1.68µm
_18490_,1.68µm
_18547_,1.68µm
_19353_,1.68µm
_19420_,1.68µm
_19716_,1.68µm
_19882_,1.68µm
_19947_,1.68µm
_20017_,1.68µm
_20036_,1.68µm
_20057_,1.68µm
_20411_,1.68µm
_20621_,1.68µm
_20849_,1.68µm
_20855_,1.68µm
_21584_,1.68µm
_21649_,1.68µm
_21732_,1.68µm
_21804_,1.68µm
_22049_,1.68µm
_22424_,1.68µm
_22472_,1.68µm
_22600_,1.68µm
_22690_,1.68µm
_22846_,1.68µm
_22869_,1.68µm
_23053_,1.68µm
_23081_,1.68µm
_23503_,1.68µm
_23560_,1.68µm
_23580_,1.68µm
_23644_,1.68µm
_23682_,1.68µm
_23719_,1.68µm
_23859_,1.68µm
_23914_,1.68µm
_24069_,1.68µm
_24078_,1.68µm
_24107_,1.68µm
_24123_,1.68µm
_24328_,1.68µm
_24365_,1.68µm
_24367_,1.68µm
_24516_,1.68µm
_24745_,1.68µm
_24776_,1.68µm
_24840_,1.68µm
_24845_,1.68µm
_24888_,1.68µm
_24931_,1.68µm
_24954_,1.68µm
_24981_,1.68µm
_24997_,1.68µm
_25076_,1.68µm
_25216_,1.68µm
_25226_,1.68µm
_25227_,1.68µm
_25285_,1.68µm
_25313_,1.68µm
_25344_,1.68µm
_25367_,1.68µm
_25469_,1.68µm
_25546_,1.68µm
_25698_,1.68µm
_25743_,1.68µm
_25754_,1.68µm
_26024_,1.68µm
_26081_,1.68µm
_26112_,1.68µm
_26452_,1.68µm
_26521_,1.68µm
_26523_,1.68µm
_26745_,1.68µm
_26936_,1.68µm
_27131_,1.68µm
_27199_,1.68µm
_27240_,1.68µm
i_core_v_mini_mcu.ao_peripheral_subsystem_i.spi_subsystem_i.obi_spimemio_i.spimemio_i.xfer_io1_90,1.68µm
i_core_v_mini_mcu.ao_peripheral_subsystem_i.spi_subsystem_i.obi_spimemio_i.spimemio_i.xfer_io2_90,1.68µm
i_core_v_mini_mcu.ao_peripheral_subsystem_i.spi_subsystem_i.obi_spimemio_i.spimemio_i.xfer_io3_90,1.68µm
i_core_v_mini_mcu.cpu_subsystem_i.cpu_1_0.i_servile.arbiter.i_wb_cpu_ibus_adr\[3\],1.68µm
i_core_v_mini_mcu.cpu_subsystem_i.cpu_1_0.i_servile.arbiter.i_wb_cpu_ibus_adr\[4\],1.68µm
_07142_,1.22µm
_07686_,1.22µm
_09039_,1.22µm
_11731_,1.22µm
_11844_,1.22µm
_12703_,1.22µm
_13237_,1.22µm
_20159_,1.22µm
i_core_v_mini_mcu.ao_peripheral_subsystem_i.spi_subsystem_i.obi_spimemio_i.obi_to_picorv32_i.obi_resp_o\[27\],1.22µm
_05535_,1.12µm
_05555_,1.12µm
_05803_,1.12µm
_06152_,1.12µm
_06356_,1.12µm
_06400_,1.12µm
_07164_,1.12µm
_07337_,1.12µm
_07527_,1.12µm
_07582_,1.12µm
_07765_,1.12µm
_07891_,1.12µm
_07916_,1.12µm
_07940_,1.12µm
_07948_,1.12µm
_08158_,1.12µm
_08186_,1.12µm
_08229_,1.12µm
_08335_,1.12µm
_08551_,1.12µm
_08625_,1.12µm
_08649_,1.12µm
_08722_,1.12µm
_08723_,1.12µm
_08824_,1.12µm
_08950_,1.12µm
_08964_,1.12µm
_09515_,1.12µm
_09588_,1.12µm
_09750_,1.12µm
_09876_,1.12µm
_09956_,1.12µm
_10178_,1.12µm
_10324_,1.12µm
_10368_,1.12µm
_10496_,1.12µm
_10519_,1.12µm
_10627_,1.12µm
_10962_,1.12µm
_11070_,1.12µm
_11091_,1.12µm
_11112_,1.12µm
_11164_,1.12µm
_11165_,1.12µm
_11215_,1.12µm
_11239_,1.12µm
_11452_,1.12µm
_11633_,1.12µm
_11658_,1.12µm
_11745_,1.12µm
_11915_,1.12µm
_12049_,1.12µm
_12346_,1.12µm
_12639_,1.12µm
_12697_,1.12µm
_12708_,1.12µm
_12734_,1.12µm
_12739_,1.12µm
_12743_,1.12µm
_12795_,1.12µm
_13099_,1.12µm
_13244_,1.12µm
_13338_,1.12µm
_13379_,1.12µm
_13452_,1.12µm
_13577_,1.12µm
_13587_,1.12µm
_13731_,1.12µm
_13949_,1.12µm
_14065_,1.12µm
_14146_,1.12µm
_14160_,1.12µm
_18098_,1.12µm
_18153_,1.12µm
_18780_,1.12µm
_18862_,1.12µm
_18882_,1.12µm
_19324_,1.12µm
_19327_,1.12µm
_19374_,1.12µm
_19642_,1.12µm
_19692_,1.12µm
_19737_,1.12µm
_19878_,1.12µm
_19894_,1.12µm
_19930_,1.12µm
_20047_,1.12µm
_20304_,1.12µm
_20623_,1.12µm
_20625_,1.12µm
_20628_,1.12µm
_20629_,1.12µm
_20635_,1.12µm
_20674_,1.12µm
_20705_,1.12µm
_20776_,1.12µm
_21451_,1.12µm
_21470_,1.12µm
_21507_,1.12µm
_21600_,1.12µm
_21705_,1.12µm
_21836_,1.12µm
_21963_,1.12µm
_21999_,1.12µm
_22017_,1.12µm
_22835_,1.12µm
_22923_,1.12µm
_23068_,1.12µm
_23242_,1.12µm
_23599_,1.12µm
_23710_,1.12µm
_23746_,1.12µm
_23933_,1.12µm
_24810_,1.12µm
_24815_,1.12µm
_25818_,1.12µm
_27047_,1.12µm
_27057_,1.12µm
_27096_,1.12µm
_27116_,1.12µm
i_core_v_mini_mcu.ao_peripheral_subsystem_i.power_manager_i.power_manager_reg_top_i.master_cpu_force_reset_deassert_qs,1.12µm
i_core_v_mini_mcu.ao_peripheral_subsystem_i.spi_subsystem_i.obi_spimemio_i.obi_to_picorv32_i.obi_resp_o\[23\],1.12µm
i_core_v_mini_mcu.ao_peripheral_subsystem_i.spi_subsystem_i.obi_spimemio_i.obi_to_picorv32_i.obi_resp_o\[26\],1.12µm
i_core_v_mini_mcu.memory_subsystem_i.ram0_i.tc_ram_i.r_addr_q\[2\],1.12µm
i_core_v_mini_mcu.system_bus_i.system_xbar_i.gen_xbar_NtoM.i_xbar.gen_outputs\[3\].gen_rr_arb_tree.i_rr_arb_tree.gen_arbiter.rr_q\[2\],1.12µm
