
===========================================================================
Violator List
============================================================================
[setup in-reg] rst_ni -> _56961_/RN : -184.773697
[setup in-reg] rst_ni -> _56962_/RN : -184.773697
[setup in-reg] rst_ni -> _56963_/RN : -184.773697
[setup in-reg] rst_ni -> _60442_/RN : -184.773697
[setup in-reg] rst_ni -> _60443_/RN : -184.773697
[setup in-reg] rst_ni -> _60444_/RN : -184.773697
[setup in-reg] rst_ni -> _60445_/RN : -184.773697
[setup in-reg] rst_ni -> _60446_/RN : -184.773697
[setup in-reg] rst_ni -> _60447_/RN : -184.773697
[setup in-reg] rst_ni -> _60448_/RN : -184.773697
[setup in-reg] rst_ni -> _60449_/RN : -184.773697
[setup in-reg] rst_ni -> _60450_/RN : -184.773697
[setup in-reg] rst_ni -> _60451_/RN : -184.773697
[setup in-reg] rst_ni -> _60452_/RN : -184.773697
[setup in-reg] rst_ni -> _60453_/RN : -184.773697
[setup in-reg] rst_ni -> _60454_/RN : -184.773697
[setup in-reg] rst_ni -> _60455_/RN : -184.773697
[setup in-reg] rst_ni -> _60456_/RN : -184.773697
[setup in-reg] rst_ni -> _60457_/RN : -184.773697
[setup in-reg] rst_ni -> _60458_/RN : -184.773697
[setup in-reg] rst_ni -> _60459_/RN : -184.773697
[setup in-reg] rst_ni -> _60460_/RN : -184.773697
[setup in-reg] rst_ni -> _60461_/RN : -184.773697
[setup in-reg] rst_ni -> _60462_/RN : -184.773697
[setup in-reg] rst_ni -> _60463_/RN : -184.773697
[setup in-reg] rst_ni -> _60464_/RN : -184.773697
[setup in-reg] rst_ni -> _60465_/RN : -184.773697
[setup in-reg] rst_ni -> _60466_/RN : -184.773697
[setup in-reg] rst_ni -> _60467_/RN : -184.773697
[setup in-reg] rst_ni -> _60468_/RN : -184.773697
[setup in-reg] rst_ni -> _60469_/RN : -184.773697
[setup in-reg] rst_ni -> _60470_/RN : -184.773697
[setup in-reg] rst_ni -> _60471_/RN : -184.773697
[setup in-reg] rst_ni -> _60472_/RN : -184.773697
[setup in-reg] rst_ni -> _60473_/RN : -184.773697
[setup in-reg] rst_ni -> _60474_/RN : -184.773697
[setup in-reg] rst_ni -> _60475_/RN : -184.773697
[setup in-reg] rst_ni -> _60476_/RN : -184.773697
[setup in-reg] rst_ni -> _60477_/RN : -184.773697
[setup in-reg] rst_ni -> _60478_/RN : -184.773697
[setup in-reg] rst_ni -> _60479_/RN : -184.773697
[setup in-reg] rst_ni -> _60480_/RN : -184.773697
[setup in-reg] rst_ni -> _60481_/RN : -184.773697
[setup in-reg] rst_ni -> _60482_/RN : -184.773697
[setup in-reg] rst_ni -> _60483_/RN : -184.773697
[setup in-reg] rst_ni -> _60484_/RN : -184.773697
[setup in-reg] rst_ni -> _60485_/RN : -184.773697
[setup in-reg] rst_ni -> _60486_/RN : -184.773697
[setup in-reg] rst_ni -> _60487_/RN : -184.773697
[setup in-reg] rst_ni -> _60488_/RN : -184.773697
[setup in-reg] rst_ni -> _60489_/RN : -184.773697
[setup in-reg] rst_ni -> _60490_/RN : -184.773697
[setup in-reg] rst_ni -> _60491_/RN : -184.773697
[setup in-reg] rst_ni -> _60492_/RN : -184.773697
[setup in-reg] rst_ni -> _60493_/RN : -184.773697
[setup in-reg] rst_ni -> _60494_/RN : -184.773697
[setup in-reg] rst_ni -> _60495_/RN : -184.773697
[setup in-reg] rst_ni -> _60496_/RN : -184.773697
[setup in-reg] rst_ni -> _60497_/RN : -184.773697
[setup in-reg] rst_ni -> _60498_/RN : -184.773697
[setup in-reg] rst_ni -> _60499_/RN : -184.773697
[setup in-reg] rst_ni -> _60500_/RN : -184.773697
[setup in-reg] rst_ni -> _60501_/RN : -184.773697
[setup in-reg] rst_ni -> _60502_/RN : -184.773697
[setup in-reg] rst_ni -> _60503_/RN : -184.773697
[setup in-reg] rst_ni -> _60504_/RN : -184.773697
[setup in-reg] rst_ni -> _60505_/RN : -184.773697
[setup in-reg] rst_ni -> _60506_/RN : -184.773697
[setup in-reg] rst_ni -> _60507_/RN : -184.773697
[setup in-reg] rst_ni -> _60508_/RN : -184.773697
[setup in-reg] rst_ni -> _60509_/RN : -184.773697
[setup in-reg] rst_ni -> _60510_/RN : -184.773697
[setup in-reg] rst_ni -> _60511_/RN : -184.773697
[setup in-reg] rst_ni -> _60512_/RN : -184.773697
[setup in-reg] rst_ni -> _60513_/RN : -184.773697
[setup in-reg] rst_ni -> _60514_/RN : -184.773697
[setup in-reg] rst_ni -> _60516_/RN : -184.773697
[setup in-reg] rst_ni -> _60518_/RN : -184.773697
[setup in-reg] rst_ni -> _60519_/RN : -184.773697
[setup in-reg] rst_ni -> _60520_/RN : -184.773697
[setup in-reg] rst_ni -> _60521_/RN : -184.773697
[setup in-reg] rst_ni -> _60522_/RN : -184.773697
[setup in-reg] rst_ni -> _60523_/RN : -184.773697
[setup in-reg] rst_ni -> _60524_/RN : -184.773697
[setup in-reg] rst_ni -> _60525_/RN : -184.773697
[setup in-reg] rst_ni -> _60526_/RN : -184.773697
[setup in-reg] rst_ni -> _60527_/RN : -184.773697
[setup in-reg] rst_ni -> _60528_/RN : -184.773697
[setup in-reg] rst_ni -> _60529_/RN : -184.773697
[setup in-reg] rst_ni -> _60530_/RN : -184.773697
[setup in-reg] rst_ni -> _60531_/RN : -184.773697
[setup in-reg] rst_ni -> _60532_/RN : -184.773697
[setup in-reg] rst_ni -> _60533_/RN : -184.773697
[setup in-reg] rst_ni -> _60534_/RN : -184.773697
[setup in-reg] rst_ni -> _60535_/RN : -184.773697
[setup in-reg] rst_ni -> _60536_/RN : -184.773697
[setup in-reg] rst_ni -> _60537_/RN : -184.773697
[setup in-reg] rst_ni -> _60538_/RN : -184.773697
[setup in-reg] rst_ni -> _60539_/RN : -184.773697
[setup in-reg] rst_ni -> _60540_/RN : -184.773697
[setup in-reg] rst_ni -> _60541_/RN : -184.773697
[setup in-reg] rst_ni -> _60542_/RN : -184.773697
[setup in-reg] rst_ni -> _60543_/RN : -184.773697
[setup in-reg] rst_ni -> _60544_/RN : -184.773697
[setup in-reg] rst_ni -> _60545_/RN : -184.773697
[setup in-reg] rst_ni -> _60546_/RN : -184.773697
[setup in-reg] rst_ni -> _60547_/RN : -184.773697
[setup in-reg] rst_ni -> _60548_/RN : -184.773697
[setup in-reg] rst_ni -> _60549_/RN : -184.773697
[setup in-reg] rst_ni -> _60550_/RN : -184.773697
[setup in-reg] rst_ni -> _60551_/RN : -184.773697
[setup in-reg] rst_ni -> _60552_/RN : -184.773697
[setup in-reg] rst_ni -> _60553_/RN : -184.773697
[setup in-reg] rst_ni -> _60554_/RN : -184.773697
[setup in-reg] rst_ni -> _60555_/RN : -184.773697
[setup in-reg] rst_ni -> _60556_/RN : -184.773697
[setup in-reg] rst_ni -> _60557_/RN : -184.773697
[setup in-reg] rst_ni -> _60558_/RN : -184.773697
[setup in-reg] rst_ni -> _60559_/RN : -184.773697
[setup in-reg] rst_ni -> _60560_/RN : -184.773697
[setup in-reg] rst_ni -> _60561_/RN : -184.773697
[setup in-reg] rst_ni -> _60562_/RN : -184.773697
[setup in-reg] rst_ni -> _60563_/RN : -184.773697
[setup in-reg] rst_ni -> _60564_/RN : -184.773697
[setup in-reg] rst_ni -> _60565_/RN : -184.773697
[setup in-reg] rst_ni -> _60566_/RN : -184.773697
[setup in-reg] rst_ni -> _60567_/RN : -184.773697
[setup in-reg] rst_ni -> _60568_/RN : -184.773697
[setup in-reg] rst_ni -> _60569_/RN : -184.773697
[setup in-reg] rst_ni -> _60570_/RN : -184.773697
[setup in-reg] rst_ni -> _60571_/RN : -184.773697
[setup in-reg] rst_ni -> _60572_/RN : -184.773697
[setup in-reg] rst_ni -> _60573_/RN : -184.773697
[setup in-reg] rst_ni -> _60574_/RN : -184.773697
[setup in-reg] rst_ni -> _60575_/RN : -184.773697
[setup in-reg] rst_ni -> _60576_/RN : -184.773697
[setup in-reg] rst_ni -> _60577_/RN : -184.773697
[setup in-reg] rst_ni -> _60578_/RN : -184.773697
[setup in-reg] rst_ni -> _60579_/RN : -184.773697
[setup in-reg] rst_ni -> _60580_/RN : -184.773697
[setup in-reg] rst_ni -> _60581_/RN : -184.773697
[setup in-reg] rst_ni -> _60582_/RN : -184.773697
[setup in-reg] rst_ni -> _60583_/RN : -184.773697
[setup in-reg] rst_ni -> _60584_/RN : -184.773697
[setup in-reg] rst_ni -> _60585_/RN : -184.773697
[setup in-reg] rst_ni -> _60586_/RN : -184.773697
[setup in-reg] rst_ni -> _60587_/RN : -184.773697
[setup in-reg] rst_ni -> _60588_/RN : -184.773697
[setup in-reg] rst_ni -> _60589_/RN : -184.773697
[setup in-reg] rst_ni -> _60590_/RN : -184.773697
[setup in-reg] rst_ni -> _60591_/RN : -184.773697
[setup in-reg] rst_ni -> _60592_/RN : -184.773697
[setup in-reg] rst_ni -> _60593_/RN : -184.773697
[setup in-reg] rst_ni -> _60594_/RN : -184.773697
[setup in-reg] rst_ni -> _60595_/RN : -184.773697
[setup in-reg] rst_ni -> _60596_/RN : -184.773697
[setup in-reg] rst_ni -> _60597_/RN : -184.773697
[setup in-reg] rst_ni -> _60598_/RN : -184.773697
[setup in-reg] rst_ni -> _60599_/RN : -184.773697
[setup in-reg] rst_ni -> _60600_/RN : -184.773697
[setup in-reg] rst_ni -> _60601_/RN : -184.773697
[setup in-reg] rst_ni -> _60602_/RN : -184.773697
[setup in-reg] rst_ni -> _60603_/RN : -184.773697
[setup in-reg] rst_ni -> _60604_/RN : -184.773697
[setup in-reg] rst_ni -> _60605_/RN : -184.773697
[setup in-reg] rst_ni -> _60606_/RN : -184.773697
[setup in-reg] rst_ni -> _60607_/RN : -184.773697
[setup in-reg] rst_ni -> _60608_/RN : -184.773697
[setup in-reg] rst_ni -> _60609_/RN : -184.773697
[setup in-reg] rst_ni -> _60610_/RN : -184.773697
[setup in-reg] rst_ni -> _60611_/RN : -184.773697
[setup in-reg] rst_ni -> _60612_/RN : -184.773697
[setup in-reg] rst_ni -> _60613_/RN : -184.773697
[setup in-reg] rst_ni -> _60614_/RN : -184.773697
[setup in-reg] rst_ni -> _60615_/RN : -184.773697
[setup in-reg] rst_ni -> _60616_/RN : -184.773697
[setup in-reg] rst_ni -> _60617_/RN : -184.773697
[setup in-reg] rst_ni -> _60618_/RN : -184.773697
[setup in-reg] rst_ni -> _60619_/RN : -184.773697
[setup in-reg] rst_ni -> _60620_/RN : -184.773697
[setup in-reg] rst_ni -> _60621_/RN : -184.773697
[setup in-reg] rst_ni -> _60622_/RN : -184.773697
[setup in-reg] rst_ni -> _60623_/RN : -184.773697
[setup in-reg] rst_ni -> _60624_/RN : -184.773697
[setup in-reg] rst_ni -> _60625_/RN : -184.773697
[setup in-reg] rst_ni -> _60626_/RN : -184.773697
[setup in-reg] rst_ni -> _60627_/RN : -184.773697
[setup in-reg] rst_ni -> _60628_/RN : -184.773697
[setup in-reg] rst_ni -> _60629_/RN : -184.773697
[setup in-reg] rst_ni -> _60630_/RN : -184.773697
[setup in-reg] rst_ni -> _60631_/RN : -184.773697
[setup in-reg] rst_ni -> _60632_/RN : -184.773697
[setup in-reg] rst_ni -> _60633_/RN : -184.773697
[setup in-reg] rst_ni -> _60634_/RN : -184.773697
[setup in-reg] rst_ni -> _60635_/RN : -184.773697
[setup in-reg] rst_ni -> _60636_/RN : -184.773697
[setup in-reg] rst_ni -> _60637_/RN : -184.773697
[setup in-reg] rst_ni -> _60638_/RN : -184.773697
[setup in-reg] rst_ni -> _60639_/RN : -184.773697
[setup in-reg] rst_ni -> _60640_/RN : -184.773697
[setup in-reg] rst_ni -> _60641_/RN : -184.773697
[setup in-reg] rst_ni -> _60642_/RN : -184.773697
[setup in-reg] rst_ni -> _60643_/RN : -184.773697
[setup in-reg] rst_ni -> _60644_/RN : -184.773697
[setup in-reg] rst_ni -> _60645_/RN : -184.773697
[setup in-reg] rst_ni -> _60646_/RN : -184.773697
[setup in-reg] rst_ni -> _60647_/RN : -184.773697
[setup in-reg] rst_ni -> _60648_/RN : -184.773697
[setup in-reg] rst_ni -> _60649_/RN : -184.773697
[setup in-reg] rst_ni -> _60650_/RN : -184.773697
[setup in-reg] rst_ni -> _60651_/RN : -184.773697
[setup in-reg] rst_ni -> _60652_/RN : -184.773697
[setup in-reg] rst_ni -> _60653_/RN : -184.773697
[setup in-reg] rst_ni -> _60654_/RN : -184.773697
[setup in-reg] rst_ni -> _60655_/RN : -184.773697
[setup in-reg] rst_ni -> _60656_/RN : -184.773697
[setup in-reg] rst_ni -> _60657_/RN : -184.773697
[setup in-reg] rst_ni -> _60658_/RN : -184.773697
[setup in-reg] rst_ni -> _60659_/RN : -184.773697
[setup in-reg] rst_ni -> _60660_/RN : -184.773697
[setup in-reg] rst_ni -> _60661_/RN : -184.773697
[setup in-reg] rst_ni -> _60662_/RN : -184.773697
[setup in-reg] rst_ni -> _60663_/RN : -184.773697
[setup in-reg] rst_ni -> _60664_/RN : -184.773697
[setup in-reg] rst_ni -> _60665_/RN : -184.773697
[setup in-reg] rst_ni -> _60666_/RN : -184.773697
[setup in-reg] rst_ni -> _60667_/RN : -184.773697
[setup in-reg] rst_ni -> _60668_/RN : -184.773697
[setup in-reg] rst_ni -> _60669_/RN : -184.773697
[setup in-reg] rst_ni -> _60670_/RN : -184.773697
[setup in-reg] rst_ni -> _60671_/RN : -184.773697
[setup in-reg] rst_ni -> _60672_/RN : -184.773697
[setup in-reg] rst_ni -> _60673_/RN : -184.773697
[setup in-reg] rst_ni -> _60674_/RN : -184.773697
[setup in-reg] rst_ni -> _60675_/RN : -184.773697
[setup in-reg] rst_ni -> _60676_/RN : -184.773697
[setup in-reg] rst_ni -> _60677_/RN : -184.773697
[setup in-reg] rst_ni -> _60678_/RN : -184.773697
[setup in-reg] rst_ni -> _60679_/RN : -184.773697
[setup in-reg] rst_ni -> _60680_/RN : -184.773697
[setup in-reg] rst_ni -> _60681_/RN : -184.773697
[setup in-reg] rst_ni -> _60682_/RN : -184.773697
[setup in-reg] rst_ni -> _60683_/RN : -184.773697
[setup in-reg] rst_ni -> _60684_/RN : -184.773697
[setup in-reg] rst_ni -> _60685_/RN : -184.773697
[setup in-reg] rst_ni -> _60686_/RN : -184.773697
[setup in-reg] rst_ni -> _60687_/RN : -184.773697
[setup in-reg] rst_ni -> _60688_/RN : -184.773697
[setup in-reg] rst_ni -> _60689_/RN : -184.773697
[setup in-reg] rst_ni -> _60690_/RN : -184.773697
[setup in-reg] rst_ni -> _60691_/RN : -184.773697
[setup in-reg] rst_ni -> _60692_/RN : -184.773697
[setup in-reg] rst_ni -> _60693_/RN : -184.773697
[setup in-reg] rst_ni -> _60694_/RN : -184.773697
[setup in-reg] rst_ni -> _60695_/RN : -184.773697
[setup in-reg] rst_ni -> _60696_/RN : -184.773697
[setup in-reg] rst_ni -> _60697_/RN : -184.773697
[setup in-reg] rst_ni -> _60698_/RN : -184.773697
[setup in-reg] rst_ni -> _60699_/RN : -184.773697
[setup in-reg] rst_ni -> _60700_/RN : -184.773697
[setup in-reg] rst_ni -> _60701_/RN : -184.773697
[setup in-reg] rst_ni -> _60702_/RN : -184.773697
[setup in-reg] rst_ni -> _60703_/RN : -184.773697
[setup in-reg] rst_ni -> _60704_/RN : -184.773697
[setup in-reg] rst_ni -> _60705_/RN : -184.773697
[setup in-reg] rst_ni -> _60706_/RN : -184.773697
[setup in-reg] rst_ni -> _60707_/RN : -184.773697
[setup in-reg] rst_ni -> _60708_/RN : -184.773697
[setup in-reg] rst_ni -> _60709_/RN : -184.773697
[setup in-reg] rst_ni -> _60710_/RN : -184.773697
[setup in-reg] rst_ni -> _60711_/RN : -184.773697
[setup in-reg] rst_ni -> _60712_/RN : -184.773697
[setup in-reg] rst_ni -> _60713_/RN : -184.773697
[setup in-reg] rst_ni -> _60714_/RN : -184.773697
[setup in-reg] rst_ni -> _60715_/RN : -184.773697
[setup in-reg] rst_ni -> _60716_/RN : -184.773697
[setup in-reg] rst_ni -> _60717_/RN : -184.773697
[setup in-reg] rst_ni -> _60718_/RN : -184.773697
[setup in-reg] rst_ni -> _60719_/RN : -184.773697
[setup in-reg] rst_ni -> _60720_/RN : -184.773697
[setup in-reg] rst_ni -> _60721_/RN : -184.773697
[setup in-reg] rst_ni -> _60722_/RN : -184.773697
[setup in-reg] rst_ni -> _60723_/RN : -184.773697
[setup in-reg] rst_ni -> _60724_/RN : -184.773697
[setup in-reg] rst_ni -> _60725_/RN : -184.773697
[setup in-reg] rst_ni -> _60726_/RN : -184.773697
[setup in-reg] rst_ni -> _60727_/RN : -184.773697
[setup in-reg] rst_ni -> _60728_/RN : -184.773697
[setup in-reg] rst_ni -> _60729_/RN : -184.773697
[setup in-reg] rst_ni -> _60730_/RN : -184.773697
[setup in-reg] rst_ni -> _60731_/RN : -184.773697
[setup in-reg] rst_ni -> _60732_/RN : -184.773697
[setup in-reg] rst_ni -> _60733_/RN : -184.773697
[setup in-reg] rst_ni -> _60734_/RN : -184.773697
[setup in-reg] rst_ni -> _60735_/RN : -184.773697
[setup in-reg] rst_ni -> _60737_/RN : -184.773697
[setup in-reg] rst_ni -> _60741_/RN : -184.773697
[setup in-reg] rst_ni -> _60742_/RN : -184.773697
[setup in-reg] rst_ni -> _60743_/RN : -184.773697
[setup in-reg] rst_ni -> _60744_/RN : -184.773697
[setup in-reg] rst_ni -> _60745_/RN : -184.773697
[setup in-reg] rst_ni -> _60746_/RN : -184.773697
[setup in-reg] rst_ni -> _60747_/RN : -184.773697
[setup in-reg] rst_ni -> _60750_/RN : -184.773697
[setup in-reg] rst_ni -> _60751_/RN : -184.773697
[setup in-reg] rst_ni -> _60752_/RN : -184.773697
[setup in-reg] rst_ni -> _60753_/RN : -184.773697
[setup in-reg] rst_ni -> _60754_/RN : -184.773697
[setup in-reg] rst_ni -> _60755_/RN : -184.773697
[setup in-reg] rst_ni -> _60756_/RN : -184.773697
[setup in-reg] rst_ni -> _60757_/RN : -184.773697
[setup in-reg] rst_ni -> _60758_/RN : -184.773697
[setup in-reg] rst_ni -> _60759_/RN : -184.773697
[setup in-reg] rst_ni -> _60760_/RN : -184.773697
[setup in-reg] rst_ni -> _60761_/RN : -184.773697
[setup in-reg] rst_ni -> _60762_/RN : -184.773697
[setup in-reg] rst_ni -> _60763_/RN : -184.773697
[setup in-reg] rst_ni -> _60764_/RN : -184.773697
[setup in-reg] rst_ni -> _60765_/RN : -184.773697
[setup in-reg] rst_ni -> _60766_/RN : -184.773697
[setup in-reg] rst_ni -> _60767_/RN : -184.773697
[setup in-reg] rst_ni -> _60768_/RN : -184.773697
[setup in-reg] rst_ni -> _60769_/RN : -184.773697
[setup in-reg] rst_ni -> _60770_/RN : -184.773697
[setup in-reg] rst_ni -> _60771_/RN : -184.773697
[setup in-reg] rst_ni -> _60772_/RN : -184.773697
[setup in-reg] rst_ni -> _60773_/RN : -184.773697
[setup in-reg] rst_ni -> _60774_/RN : -184.773697
[setup in-reg] rst_ni -> _60775_/RN : -184.773697
[setup in-reg] rst_ni -> _60776_/RN : -184.773697
[setup in-reg] rst_ni -> _60777_/RN : -184.773697
[setup in-reg] rst_ni -> _60778_/RN : -184.773697
[setup in-reg] rst_ni -> _60779_/RN : -184.773697
[setup in-reg] rst_ni -> _60780_/RN : -184.773697
[setup in-reg] rst_ni -> _60781_/RN : -184.773697
[setup in-reg] rst_ni -> _60782_/RN : -184.773697
[setup in-reg] rst_ni -> _60783_/RN : -184.773697
[setup in-reg] rst_ni -> _60784_/RN : -184.773697
[setup in-reg] rst_ni -> _60785_/RN : -184.773697
[setup in-reg] rst_ni -> _60786_/RN : -184.773697
[setup in-reg] rst_ni -> _60787_/RN : -184.773697
[setup in-reg] rst_ni -> _60788_/RN : -184.773697
[setup in-reg] rst_ni -> _60789_/RN : -184.773697
[setup in-reg] rst_ni -> _60790_/RN : -184.773697
[setup in-reg] rst_ni -> _60791_/RN : -184.773697
[setup in-reg] rst_ni -> _60792_/RN : -184.773697
[setup in-reg] rst_ni -> _60793_/RN : -184.773697
[setup in-reg] rst_ni -> _60794_/RN : -184.773697
[setup in-reg] rst_ni -> _60795_/RN : -184.773697
[setup in-reg] rst_ni -> _60796_/RN : -184.773697
[setup in-reg] rst_ni -> _60797_/RN : -184.773697
[setup in-reg] rst_ni -> _60798_/RN : -184.773697
[setup in-reg] rst_ni -> _60799_/RN : -184.773697
[setup in-reg] rst_ni -> _60800_/RN : -184.773697
[setup in-reg] rst_ni -> _60801_/RN : -184.773697
[setup in-reg] rst_ni -> _60802_/RN : -184.773697
[setup in-reg] rst_ni -> _60803_/RN : -184.773697
[setup in-reg] rst_ni -> _60804_/RN : -184.773697
[setup in-reg] rst_ni -> _60805_/RN : -184.773697
[setup in-reg] rst_ni -> _60806_/RN : -184.773697
[setup in-reg] rst_ni -> _60807_/RN : -184.773697
[setup in-reg] rst_ni -> _60809_/RN : -184.773697
[setup in-reg] rst_ni -> _60810_/RN : -184.773697
[setup in-reg] rst_ni -> _60811_/RN : -184.773697
[setup in-reg] rst_ni -> _60812_/RN : -184.773697
[setup in-reg] rst_ni -> _60813_/RN : -184.773697
[setup in-reg] rst_ni -> _60814_/RN : -184.773697
[setup in-reg] rst_ni -> _60815_/RN : -184.773697
[setup in-reg] rst_ni -> _60816_/RN : -184.773697
[setup in-reg] rst_ni -> _60817_/RN : -184.773697
[setup in-reg] rst_ni -> _60818_/RN : -184.773697
[setup in-reg] rst_ni -> _60819_/RN : -184.773697
[setup in-reg] rst_ni -> _60820_/RN : -184.773697
[setup in-reg] rst_ni -> _60821_/RN : -184.773697
[setup in-reg] rst_ni -> _60822_/RN : -184.773697
[setup in-reg] rst_ni -> _60823_/RN : -184.773697
[setup in-reg] rst_ni -> _60824_/RN : -184.773697
[setup in-reg] rst_ni -> _60825_/RN : -184.773697
[setup in-reg] rst_ni -> _60826_/RN : -184.773697
[setup in-reg] rst_ni -> _60827_/RN : -184.773697
[setup in-reg] rst_ni -> _60828_/RN : -184.773697
[setup in-reg] rst_ni -> _60829_/RN : -184.773697
[setup in-reg] rst_ni -> _60830_/RN : -184.773697
[setup in-reg] rst_ni -> _60831_/RN : -184.773697
[setup in-reg] rst_ni -> _60832_/RN : -184.773697
[setup in-reg] rst_ni -> _60833_/RN : -184.773697
[setup in-reg] rst_ni -> _60834_/RN : -184.773697
[setup in-reg] rst_ni -> _60835_/RN : -184.773697
[setup in-reg] rst_ni -> _60836_/RN : -184.773697
[setup in-reg] rst_ni -> _60837_/RN : -184.773697
[setup in-reg] rst_ni -> _60838_/RN : -184.773697
[setup in-reg] rst_ni -> _60839_/RN : -184.773697
[setup in-reg] rst_ni -> _60841_/RN : -184.773697
[setup in-reg] rst_ni -> _60842_/RN : -184.773697
[setup in-reg] rst_ni -> _60843_/RN : -184.773697
[setup in-reg] rst_ni -> _60844_/RN : -184.773697
[setup in-reg] rst_ni -> _60845_/RN : -184.773697
[setup in-reg] rst_ni -> _60846_/RN : -184.773697
[setup in-reg] rst_ni -> _60847_/RN : -184.773697
[setup in-reg] rst_ni -> _60848_/RN : -184.773697
[setup in-reg] rst_ni -> _60849_/RN : -184.773697
[setup in-reg] rst_ni -> _60850_/RN : -184.773697
[setup in-reg] rst_ni -> _60851_/RN : -184.773697
[setup in-reg] rst_ni -> _60852_/RN : -184.773697
[setup in-reg] rst_ni -> _60853_/RN : -184.773697
[setup in-reg] rst_ni -> _60854_/RN : -184.773697
[setup in-reg] rst_ni -> _60855_/RN : -184.773697
[setup in-reg] rst_ni -> _60856_/RN : -184.773697
[setup in-reg] rst_ni -> _60857_/RN : -184.773697
[setup in-reg] rst_ni -> _60858_/RN : -184.773697
[setup in-reg] rst_ni -> _60859_/RN : -184.773697
[setup in-reg] rst_ni -> _60860_/RN : -184.773697
[setup in-reg] rst_ni -> _60861_/RN : -184.773697
[setup in-reg] rst_ni -> _60862_/RN : -184.773697
[setup in-reg] rst_ni -> _60863_/RN : -184.773697
[setup in-reg] rst_ni -> _60888_/RN : -184.773697
[setup in-reg] rst_ni -> _60889_/RN : -184.773697
[setup in-reg] rst_ni -> _60890_/RN : -184.773697
[setup in-reg] rst_ni -> _60891_/RN : -184.773697
[setup in-reg] rst_ni -> _60892_/RN : -184.773697
[setup in-reg] rst_ni -> _60893_/RN : -184.773697
[setup in-reg] rst_ni -> _60894_/RN : -184.773697
[setup in-reg] rst_ni -> _60895_/RN : -184.773697
[setup in-reg] rst_ni -> _60896_/RN : -184.773697
[setup in-reg] rst_ni -> _60897_/RN : -184.773697
[setup in-reg] rst_ni -> _60898_/RN : -184.773697
[setup in-reg] rst_ni -> _60901_/RN : -184.773697
[setup in-reg] rst_ni -> _60902_/RN : -184.773697
[setup in-reg] rst_ni -> _60903_/RN : -184.773697
[setup in-reg] rst_ni -> _60904_/RN : -184.773697
[setup in-reg] rst_ni -> _60905_/RN : -184.773697
[setup in-reg] rst_ni -> _60906_/RN : -184.773697
[setup in-reg] rst_ni -> _60930_/RN : -184.773697
[setup in-reg] rst_ni -> _60982_/RN : -184.773697
[setup in-reg] rst_ni -> _60983_/RN : -184.773697
[setup in-reg] rst_ni -> _60984_/RN : -184.773697
[setup in-reg] rst_ni -> _60985_/RN : -184.773697
[setup in-reg] rst_ni -> _60986_/RN : -184.773697
[setup in-reg] rst_ni -> _60987_/RN : -184.773697
[setup in-reg] rst_ni -> _60988_/RN : -184.773697
[setup in-reg] rst_ni -> _60990_/RN : -184.773697
[setup in-reg] rst_ni -> _60991_/RN : -184.773697
[setup in-reg] rst_ni -> _60992_/RN : -184.773697
[setup in-reg] rst_ni -> _60993_/RN : -184.773697
[setup in-reg] rst_ni -> _60994_/RN : -184.773697
[setup in-reg] rst_ni -> _60995_/RN : -184.773697
[setup in-reg] rst_ni -> _61399_/RN : -184.773697
[setup in-reg] rst_ni -> _61400_/RN : -184.773697
[setup in-reg] rst_ni -> _61401_/RN : -184.773697
[setup in-reg] rst_ni -> _61402_/RN : -184.773697
[setup in-reg] rst_ni -> _61403_/RN : -184.773697
[setup in-reg] rst_ni -> _61668_/RN : -184.773697
[setup in-reg] rst_ni -> _61669_/RN : -184.773697
[setup in-reg] rst_ni -> _61670_/RN : -184.773697
[setup in-reg] rst_ni -> _61671_/RN : -184.773697
[setup in-reg] rst_ni -> _61672_/RN : -184.773697
[setup in-reg] rst_ni -> _61673_/RN : -184.773697
[setup in-reg] rst_ni -> _61674_/RN : -184.773697
[setup in-reg] rst_ni -> _61675_/RN : -184.773697
[setup in-reg] rst_ni -> _61676_/RN : -184.773697
[setup in-reg] rst_ni -> _61677_/RN : -184.773697
[setup in-reg] rst_ni -> _61678_/RN : -184.773697
[setup in-reg] rst_ni -> _61679_/RN : -184.773697
[setup in-reg] rst_ni -> _61680_/RN : -184.773697
[setup in-reg] rst_ni -> _61681_/RN : -184.773697
[setup in-reg] rst_ni -> _61682_/RN : -184.773697
[setup in-reg] rst_ni -> _61683_/RN : -184.773697
[setup in-reg] rst_ni -> _61684_/RN : -184.773697
[setup in-reg] rst_ni -> _61685_/RN : -184.773697
[setup in-reg] rst_ni -> _61686_/RN : -184.773697
[setup in-reg] rst_ni -> _61687_/RN : -184.773697
[setup in-reg] rst_ni -> _61689_/RN : -184.773697
[setup in-reg] rst_ni -> _61690_/RN : -184.773697
[setup in-reg] rst_ni -> _61691_/RN : -184.773697
[setup in-reg] rst_ni -> _61692_/RN : -184.773697
[setup in-reg] rst_ni -> _61693_/RN : -184.773697
[setup in-reg] rst_ni -> _61694_/RN : -184.773697
[setup in-reg] rst_ni -> _61695_/RN : -184.773697
[setup in-reg] rst_ni -> _61696_/RN : -184.773697
[setup in-reg] rst_ni -> _61697_/RN : -184.773697
[setup in-reg] rst_ni -> _61698_/RN : -184.773697
[setup in-reg] rst_ni -> _61699_/RN : -184.773697
[setup in-reg] rst_ni -> _61700_/RN : -184.773697
[setup in-reg] rst_ni -> _61702_/RN : -184.773697
[setup in-reg] rst_ni -> _61703_/RN : -184.773697
[setup in-reg] rst_ni -> _61704_/RN : -184.773697
[setup in-reg] rst_ni -> _61706_/RN : -184.773697
[setup in-reg] rst_ni -> _61707_/RN : -184.773697
[setup in-reg] rst_ni -> _61709_/RN : -184.773697
[setup in-reg] rst_ni -> _61710_/RN : -184.773697
[setup in-reg] rst_ni -> _61712_/RN : -184.773697
[setup in-reg] rst_ni -> _61713_/RN : -184.773697
[setup in-reg] rst_ni -> _61715_/RN : -184.773697
[setup in-reg] rst_ni -> _61716_/RN : -184.773697
[setup in-reg] rst_ni -> _61718_/RN : -184.773697
[setup in-reg] rst_ni -> _61719_/RN : -184.773697
[setup in-reg] rst_ni -> _61721_/RN : -184.773697
[setup in-reg] rst_ni -> _61722_/RN : -184.773697
[setup in-reg] rst_ni -> _61723_/RN : -184.773697
[setup in-reg] rst_ni -> _61724_/RN : -184.773697
[setup in-reg] rst_ni -> _61725_/RN : -184.773697
[setup in-reg] rst_ni -> _61726_/RN : -184.773697
[setup in-reg] rst_ni -> _61727_/RN : -184.773697
[setup in-reg] rst_ni -> _61728_/RN : -184.773697
[setup in-reg] rst_ni -> _61729_/RN : -184.773697
[setup in-reg] rst_ni -> _61730_/RN : -184.773697
[setup in-reg] rst_ni -> _61731_/RN : -184.773697
[setup in-reg] rst_ni -> _61732_/RN : -184.773697
[setup in-reg] rst_ni -> _61733_/RN : -184.773697
[setup in-reg] rst_ni -> _61734_/RN : -184.773697
[setup in-reg] rst_ni -> _61735_/RN : -184.773697
[setup in-reg] rst_ni -> _61736_/RN : -184.773697
[setup in-reg] rst_ni -> _61737_/RN : -184.773697
[setup in-reg] rst_ni -> _61738_/RN : -184.773697
[setup in-reg] rst_ni -> _61739_/RN : -184.773697
[setup in-reg] rst_ni -> _61740_/RN : -184.773697
[setup in-reg] rst_ni -> _61741_/RN : -184.773697
[setup in-reg] rst_ni -> _61742_/RN : -184.773697
[setup in-reg] rst_ni -> _61743_/RN : -184.773697
[setup in-reg] rst_ni -> _61744_/RN : -184.773697
[setup in-reg] rst_ni -> _61745_/RN : -184.773697
[setup in-reg] rst_ni -> _61746_/RN : -184.773697
[setup in-reg] rst_ni -> _61747_/RN : -184.773697
[setup in-reg] rst_ni -> _61748_/RN : -184.773697
[setup in-reg] rst_ni -> _61749_/RN : -184.773697
[setup in-reg] rst_ni -> _61750_/RN : -184.773697
[setup in-reg] rst_ni -> _61751_/RN : -184.773697
[setup in-reg] rst_ni -> _61752_/RN : -184.773697
[setup in-reg] rst_ni -> _61753_/RN : -184.773697
[setup in-reg] rst_ni -> _61755_/RN : -184.773697
[setup in-reg] rst_ni -> _61756_/RN : -184.773697
[setup in-reg] rst_ni -> _61757_/RN : -184.773697
[setup in-reg] rst_ni -> _61758_/RN : -184.773697
[setup in-reg] rst_ni -> _61759_/RN : -184.773697
[setup in-reg] rst_ni -> _61760_/RN : -184.773697
[setup in-reg] rst_ni -> _61784_/RN : -184.773697
[setup in-reg] rst_ni -> _61785_/RN : -184.773697
[setup in-reg] rst_ni -> _61786_/RN : -184.773697
[setup in-reg] rst_ni -> _61787_/RN : -184.773697
[setup in-reg] rst_ni -> _61788_/RN : -184.773697
[setup in-reg] rst_ni -> _61789_/RN : -184.773697
[setup in-reg] rst_ni -> _61790_/RN : -184.773697
[setup in-reg] rst_ni -> _61791_/RN : -184.773697
[setup in-reg] rst_ni -> _61792_/RN : -184.773697
[setup in-reg] rst_ni -> _61793_/RN : -184.773697
[setup in-reg] rst_ni -> _61794_/RN : -184.773697
[setup in-reg] rst_ni -> _61795_/RN : -184.773697
[setup in-reg] rst_ni -> _61796_/RN : -184.773697
[setup in-reg] rst_ni -> _61797_/RN : -184.773697
[setup in-reg] rst_ni -> _61798_/RN : -184.773697
[setup in-reg] rst_ni -> _61799_/RN : -184.773697
[setup in-reg] rst_ni -> _61800_/RN : -184.773697
[setup in-reg] rst_ni -> _61801_/RN : -184.773697
[setup in-reg] rst_ni -> _61802_/RN : -184.773697
[setup in-reg] rst_ni -> _61803_/RN : -184.773697
[setup in-reg] rst_ni -> _61804_/RN : -184.773697
[setup in-reg] rst_ni -> _61805_/RN : -184.773697
[setup in-reg] rst_ni -> _61806_/RN : -184.773697
[setup in-reg] rst_ni -> _61807_/RN : -184.773697
[setup in-reg] rst_ni -> _61808_/RN : -184.773697
[setup in-reg] rst_ni -> _61809_/RN : -184.773697
[setup in-reg] rst_ni -> _61810_/RN : -184.773697
[setup in-reg] rst_ni -> _61811_/RN : -184.773697
[setup in-reg] rst_ni -> _61812_/RN : -184.773697
[setup in-reg] rst_ni -> _61813_/RN : -184.773697
[setup in-reg] rst_ni -> _61814_/RN : -184.773697
[setup in-reg] rst_ni -> _61815_/RN : -184.773697
[setup in-reg] rst_ni -> _61816_/RN : -184.773697
[setup in-reg] rst_ni -> _61817_/RN : -184.773697
[setup in-reg] rst_ni -> _61818_/RN : -184.773697
[setup in-reg] rst_ni -> _61819_/RN : -184.773697
[setup in-reg] rst_ni -> _61820_/RN : -184.773697
[setup in-reg] rst_ni -> _61821_/RN : -184.773697
[setup in-reg] rst_ni -> _61822_/RN : -184.773697
[setup in-reg] rst_ni -> _61823_/RN : -184.773697
[setup in-reg] rst_ni -> _61824_/RN : -184.773697
[setup in-reg] rst_ni -> _61825_/RN : -184.773697
[setup in-reg] rst_ni -> _61826_/RN : -184.773697
[setup in-reg] rst_ni -> _61827_/RN : -184.773697
[setup in-reg] rst_ni -> _61828_/RN : -184.773697
[setup in-reg] rst_ni -> _61829_/RN : -184.773697
[setup in-reg] rst_ni -> _61830_/RN : -184.773697
[setup in-reg] rst_ni -> _61831_/RN : -184.773697
[setup in-reg] rst_ni -> _61832_/RN : -184.773697
[setup in-reg] rst_ni -> _61833_/RN : -184.773697
[setup in-reg] rst_ni -> _61834_/RN : -184.773697
[setup in-reg] rst_ni -> _61835_/RN : -184.773697
[setup in-reg] rst_ni -> _61836_/RN : -184.773697
[setup in-reg] rst_ni -> _61837_/RN : -184.773697
[setup in-reg] rst_ni -> _61838_/RN : -184.773697
[setup in-reg] rst_ni -> _61839_/RN : -184.773697
[setup in-reg] rst_ni -> _61840_/RN : -184.773697
[setup in-reg] rst_ni -> _61841_/RN : -184.773697
[setup in-reg] rst_ni -> _61842_/RN : -184.773697
[setup in-reg] rst_ni -> _61843_/RN : -184.773697
[setup in-reg] rst_ni -> _61844_/RN : -184.773697
[setup in-reg] rst_ni -> _61845_/RN : -184.773697
[setup in-reg] rst_ni -> _61846_/RN : -184.773697
[setup in-reg] rst_ni -> _61847_/RN : -184.773697
[setup in-reg] rst_ni -> _61848_/RN : -184.773697
[setup in-reg] rst_ni -> _61849_/RN : -184.773697
[setup in-reg] rst_ni -> _61850_/RN : -184.773697
[setup in-reg] rst_ni -> _61851_/RN : -184.773697
[setup in-reg] rst_ni -> _61852_/RN : -184.773697
[setup in-reg] rst_ni -> _61853_/RN : -184.773697
[setup in-reg] rst_ni -> _61854_/RN : -184.773697
[setup in-reg] rst_ni -> _61855_/RN : -184.773697
[setup in-reg] rst_ni -> _61856_/RN : -184.773697
[setup in-reg] rst_ni -> _61897_/RN : -184.773697
[setup in-reg] rst_ni -> _61898_/RN : -184.773697
[setup in-reg] rst_ni -> _61899_/RN : -184.773697
[setup in-reg] rst_ni -> _61900_/RN : -184.773697
[setup in-reg] rst_ni -> _61901_/RN : -184.773697
[setup in-reg] rst_ni -> _61902_/RN : -184.773697
[setup in-reg] rst_ni -> _61903_/RN : -184.773697
[setup in-reg] rst_ni -> _61904_/RN : -184.773697
[setup in-reg] rst_ni -> _61905_/RN : -184.773697
[setup in-reg] rst_ni -> _61906_/RN : -184.773697
[setup in-reg] rst_ni -> _61907_/RN : -184.773697
[setup in-reg] rst_ni -> _61908_/RN : -184.773697
[setup in-reg] rst_ni -> _61909_/RN : -184.773697
[setup in-reg] rst_ni -> _61910_/RN : -184.773697
[setup in-reg] rst_ni -> _61911_/RN : -184.773697
[setup in-reg] rst_ni -> _61912_/RN : -184.773697
[setup in-reg] rst_ni -> _61913_/RN : -184.773697
[setup in-reg] rst_ni -> _61914_/RN : -184.773697
[setup in-reg] rst_ni -> _61915_/RN : -184.773697
[setup in-reg] rst_ni -> _61916_/RN : -184.773697
[setup in-reg] rst_ni -> _61917_/RN : -184.773697
[setup in-reg] rst_ni -> _61918_/RN : -184.773697
[setup in-reg] rst_ni -> _61919_/RN : -184.773697
[setup in-reg] rst_ni -> _61920_/RN : -184.773697
[setup in-reg] rst_ni -> _61921_/RN : -184.773697
[setup in-reg] rst_ni -> _61922_/RN : -184.773697
[setup in-reg] rst_ni -> _61923_/RN : -184.773697
[setup in-reg] rst_ni -> _61924_/RN : -184.773697
[setup in-reg] rst_ni -> _61925_/RN : -184.773697
[setup in-reg] rst_ni -> _61926_/RN : -184.773697
[setup in-reg] rst_ni -> _61927_/RN : -184.773697
[setup in-reg] rst_ni -> _61928_/RN : -184.773697
[setup in-reg] rst_ni -> _61929_/RN : -184.773697
[setup in-reg] rst_ni -> _61930_/RN : -184.773697
[setup in-reg] rst_ni -> _61931_/RN : -184.773697
[setup in-reg] rst_ni -> _61932_/RN : -184.773697
[setup in-reg] rst_ni -> _61933_/RN : -184.773697
[setup in-reg] rst_ni -> _61934_/RN : -184.773697
[setup in-reg] rst_ni -> _61935_/RN : -184.773697
[setup in-reg] rst_ni -> _61936_/RN : -184.773697
[setup in-reg] rst_ni -> _61937_/RN : -184.773697
[setup in-reg] rst_ni -> _61938_/RN : -184.773697
[setup in-reg] rst_ni -> _61939_/RN : -184.773697
[setup in-reg] rst_ni -> _61940_/RN : -184.773697
[setup in-reg] rst_ni -> _61941_/RN : -184.773697
[setup in-reg] rst_ni -> _61942_/RN : -184.773697
[setup in-reg] rst_ni -> _61943_/RN : -184.773697
[setup in-reg] rst_ni -> _61944_/RN : -184.773697
[setup in-reg] rst_ni -> _61945_/RN : -184.773697
[setup in-reg] rst_ni -> _61946_/RN : -184.773697
[setup in-reg] rst_ni -> _61947_/RN : -184.773697
[setup in-reg] rst_ni -> _61948_/RN : -184.773697
[setup in-reg] rst_ni -> _61949_/RN : -184.773697
[setup in-reg] rst_ni -> _61950_/RN : -184.773697
[setup in-reg] rst_ni -> _61951_/RN : -184.773697
[setup in-reg] rst_ni -> _61952_/RN : -184.773697
[setup in-reg] rst_ni -> _61953_/RN : -184.773697
[setup in-reg] rst_ni -> _61954_/RN : -184.773697
[setup in-reg] rst_ni -> _61955_/RN : -184.773697
[setup in-reg] rst_ni -> _61956_/RN : -184.773697
[setup in-reg] rst_ni -> _61957_/RN : -184.773697
[setup in-reg] rst_ni -> _61958_/RN : -184.773697
[setup in-reg] rst_ni -> _61959_/RN : -184.773697
[setup in-reg] rst_ni -> _61960_/RN : -184.773697
[setup in-reg] rst_ni -> _61961_/RN : -184.773697
[setup in-reg] rst_ni -> _61962_/RN : -184.773697
[setup in-reg] rst_ni -> _61963_/RN : -184.773697
[setup in-reg] rst_ni -> _61964_/RN : -184.773697
[setup in-reg] rst_ni -> _61965_/RN : -184.773697
[setup in-reg] rst_ni -> _61966_/RN : -184.773697
[setup in-reg] rst_ni -> _61967_/RN : -184.773697
[setup in-reg] rst_ni -> _61968_/RN : -184.773697
[setup in-reg] rst_ni -> _61969_/RN : -184.773697
[setup in-reg] rst_ni -> _61970_/RN : -184.773697
[setup in-reg] rst_ni -> _61971_/RN : -184.773697
[setup in-reg] rst_ni -> _61972_/RN : -184.773697
[setup in-reg] rst_ni -> _61973_/RN : -184.773697
[setup in-reg] rst_ni -> _61974_/RN : -184.773697
[setup in-reg] rst_ni -> _61975_/RN : -184.773697
[setup in-reg] rst_ni -> _61976_/RN : -184.773697
[setup in-reg] rst_ni -> _61977_/RN : -184.773697
[setup in-reg] rst_ni -> _61978_/RN : -184.773697
[setup in-reg] rst_ni -> _61979_/RN : -184.773697
[setup in-reg] rst_ni -> _61980_/RN : -184.773697
[setup in-reg] rst_ni -> _61981_/RN : -184.773697
[setup in-reg] rst_ni -> _61982_/RN : -184.773697
[setup in-reg] rst_ni -> _61983_/RN : -184.773697
[setup in-reg] rst_ni -> _61984_/RN : -184.773697
[setup in-reg] rst_ni -> _61985_/RN : -184.773697
[setup in-reg] rst_ni -> _61986_/RN : -184.773697
[setup in-reg] rst_ni -> _61987_/RN : -184.773697
[setup in-reg] rst_ni -> _61988_/RN : -184.773697
[setup in-reg] rst_ni -> _61989_/RN : -184.773697
[setup in-reg] rst_ni -> _61990_/RN : -184.773697
[setup in-reg] rst_ni -> _61991_/RN : -184.773697
[setup in-reg] rst_ni -> _61992_/RN : -184.773697
[setup in-reg] rst_ni -> _61993_/RN : -184.773697
[setup in-reg] rst_ni -> _61994_/RN : -184.773697
[setup in-reg] rst_ni -> _61995_/RN : -184.773697
[setup in-reg] rst_ni -> _61996_/RN : -184.773697
[setup in-reg] rst_ni -> _61997_/RN : -184.773697
[setup in-reg] rst_ni -> _61998_/RN : -184.773697
[setup in-reg] rst_ni -> _61999_/RN : -184.773697
[setup in-reg] rst_ni -> _62000_/RN : -184.773697
[setup in-reg] rst_ni -> _62001_/RN : -184.773697
[setup in-reg] rst_ni -> _62002_/RN : -184.773697
[setup in-reg] rst_ni -> _62003_/RN : -184.773697
[setup in-reg] rst_ni -> _62004_/RN : -184.773697
[setup in-reg] rst_ni -> _62005_/RN : -184.773697
[setup in-reg] rst_ni -> _62006_/RN : -184.773697
[setup in-reg] rst_ni -> _62007_/RN : -184.773697
[setup in-reg] rst_ni -> _62008_/RN : -184.773697
[setup in-reg] rst_ni -> _62009_/RN : -184.773697
[setup in-reg] rst_ni -> _62010_/RN : -184.773697
[setup in-reg] rst_ni -> _62011_/RN : -184.773697
[setup in-reg] rst_ni -> _62012_/RN : -184.773697
[setup in-reg] rst_ni -> _62013_/RN : -184.773697
[setup in-reg] rst_ni -> _62014_/RN : -184.773697
[setup in-reg] rst_ni -> _62015_/RN : -184.773697
[setup in-reg] rst_ni -> _62016_/RN : -184.773697
[setup in-reg] rst_ni -> _62017_/RN : -184.773697
[setup in-reg] rst_ni -> _62018_/RN : -184.773697
[setup in-reg] rst_ni -> _62019_/RN : -184.773697
[setup in-reg] rst_ni -> _62020_/RN : -184.773697
[setup in-reg] rst_ni -> _62021_/RN : -184.773697
[setup in-reg] rst_ni -> _62022_/RN : -184.773697
[setup in-reg] rst_ni -> _62023_/RN : -184.773697
[setup in-reg] rst_ni -> _62024_/RN : -184.773697
[setup in-reg] rst_ni -> _62025_/RN : -184.773697
[setup in-reg] rst_ni -> _62026_/RN : -184.773697
[setup in-reg] rst_ni -> _62027_/RN : -184.773697
[setup in-reg] rst_ni -> _62028_/RN : -184.773697
[setup in-reg] rst_ni -> _62029_/RN : -184.773697
[setup in-reg] rst_ni -> _62030_/RN : -184.773697
[setup in-reg] rst_ni -> _62031_/RN : -184.773697
[setup in-reg] rst_ni -> _62032_/RN : -184.773697
[setup in-reg] rst_ni -> _62033_/RN : -184.773697
[setup in-reg] rst_ni -> _62034_/RN : -184.773697
[setup in-reg] rst_ni -> _62035_/RN : -184.773697
[setup in-reg] rst_ni -> _62036_/RN : -184.773697
[setup in-reg] rst_ni -> _62037_/RN : -184.773697
[setup in-reg] rst_ni -> _62038_/RN : -184.773697
[setup in-reg] rst_ni -> _62039_/RN : -184.773697
[setup in-reg] rst_ni -> _62040_/RN : -184.773697
[setup in-reg] rst_ni -> _62041_/RN : -184.773697
[setup in-reg] rst_ni -> _62042_/RN : -184.773697
[setup in-reg] rst_ni -> _62043_/RN : -184.773697
[setup in-reg] rst_ni -> _62044_/RN : -184.773697
[setup in-reg] rst_ni -> _62100_/RN : -184.773697
[setup in-reg] rst_ni -> _62103_/RN : -184.773697
[setup in-reg] rst_ni -> _62104_/RN : -184.773697
[setup in-reg] rst_ni -> _62105_/RN : -184.773697
[setup in-reg] rst_ni -> _62106_/RN : -184.773697
[setup in-reg] rst_ni -> _62107_/RN : -184.773697
[setup in-reg] rst_ni -> _62108_/RN : -184.773697
[setup in-reg] rst_ni -> _62109_/RN : -184.773697
[setup in-reg] rst_ni -> _62122_/RN : -184.773697
[setup in-reg] rst_ni -> _62249_/RN : -184.773697
[setup in-reg] rst_ni -> _62250_/RN : -184.773697
[setup in-reg] rst_ni -> _62251_/RN : -184.773697
[setup in-reg] rst_ni -> _62252_/RN : -184.773697
[setup in-reg] rst_ni -> _62253_/RN : -184.773697
[setup in-reg] rst_ni -> _62254_/RN : -184.773697
[setup in-reg] rst_ni -> _62255_/RN : -184.773697
[setup in-reg] rst_ni -> _62256_/RN : -184.773697
[setup in-reg] rst_ni -> _62257_/RN : -184.773697
[setup in-reg] rst_ni -> _62258_/RN : -184.773697
[setup in-reg] rst_ni -> _62259_/RN : -184.773697
[setup in-reg] rst_ni -> _62260_/RN : -184.773697
[setup in-reg] rst_ni -> _62261_/RN : -184.773697
[setup in-reg] rst_ni -> _62262_/RN : -184.773697
[setup in-reg] rst_ni -> _62263_/RN : -184.773697
[setup in-reg] rst_ni -> _62264_/RN : -184.773697
[setup in-reg] rst_ni -> _62265_/RN : -184.773697
[setup in-reg] rst_ni -> _62266_/RN : -184.773697
[setup in-reg] rst_ni -> _62267_/RN : -184.773697
[setup in-reg] rst_ni -> _62268_/RN : -184.773697
[setup in-reg] rst_ni -> _62269_/RN : -184.773697
[setup in-reg] rst_ni -> _62270_/RN : -184.773697
[setup in-reg] rst_ni -> _62271_/RN : -184.773697
[setup in-reg] rst_ni -> _62272_/RN : -184.773697
[setup in-reg] rst_ni -> _62273_/RN : -184.773697
[setup in-reg] rst_ni -> _62274_/RN : -184.773697
[setup in-reg] rst_ni -> _62275_/RN : -184.773697
[setup in-reg] rst_ni -> _62276_/RN : -184.773697
[setup in-reg] rst_ni -> _62277_/RN : -184.773697
[setup in-reg] rst_ni -> _62278_/RN : -184.773697
[setup in-reg] rst_ni -> _62279_/RN : -184.773697
[setup in-reg] rst_ni -> _62280_/RN : -184.773697
[setup in-reg] rst_ni -> _62281_/RN : -184.773697
[setup in-reg] rst_ni -> _62282_/RN : -184.773697
[setup in-reg] rst_ni -> _62283_/RN : -184.773697
[setup in-reg] rst_ni -> _62284_/RN : -184.773697
[setup in-reg] rst_ni -> _62285_/RN : -184.773697
[setup in-reg] rst_ni -> _62286_/RN : -184.773697
[setup in-reg] rst_ni -> _62287_/RN : -184.773697
[setup in-reg] rst_ni -> _62288_/RN : -184.773697
[setup in-reg] rst_ni -> _62289_/RN : -184.773697
[setup in-reg] rst_ni -> _62290_/RN : -184.773697
[setup in-reg] rst_ni -> _62291_/RN : -184.773697
[setup in-reg] rst_ni -> _62292_/RN : -184.773697
[setup in-reg] rst_ni -> _62293_/RN : -184.773697
[setup in-reg] rst_ni -> _62294_/RN : -184.773697
[setup in-reg] rst_ni -> _62295_/RN : -184.773697
[setup in-reg] rst_ni -> _62296_/RN : -184.773697
[setup in-reg] rst_ni -> _62297_/RN : -184.773697
[setup in-reg] rst_ni -> _62298_/RN : -184.773697
[setup in-reg] rst_ni -> _62299_/RN : -184.773697
[setup in-reg] rst_ni -> _62300_/RN : -184.773697
[setup in-reg] rst_ni -> _62301_/RN : -184.773697
[setup in-reg] rst_ni -> _62302_/RN : -184.773697
[setup in-reg] rst_ni -> _62303_/RN : -184.773697
[setup in-reg] rst_ni -> _62304_/RN : -184.773697
[setup in-reg] rst_ni -> _62305_/RN : -184.773697
[setup in-reg] rst_ni -> _62306_/RN : -184.773697
[setup in-reg] rst_ni -> _62307_/RN : -184.773697
[setup in-reg] rst_ni -> _62308_/RN : -184.773697
[setup in-reg] rst_ni -> _62309_/RN : -184.773697
[setup in-reg] rst_ni -> _62310_/RN : -184.773697
[setup in-reg] rst_ni -> _62311_/RN : -184.773697
[setup in-reg] rst_ni -> _62312_/RN : -184.773697
[setup in-reg] rst_ni -> _62313_/RN : -184.773697
[setup in-reg] rst_ni -> _62314_/RN : -184.773697
[setup in-reg] rst_ni -> _62315_/RN : -184.773697
[setup in-reg] rst_ni -> _62316_/RN : -184.773697
[setup in-reg] rst_ni -> _62317_/RN : -184.773697
[setup in-reg] rst_ni -> _62318_/RN : -184.773697
[setup in-reg] rst_ni -> _62319_/RN : -184.773697
[setup in-reg] rst_ni -> _62320_/RN : -184.773697
[setup in-reg] rst_ni -> _62321_/RN : -184.773697
[setup in-reg] rst_ni -> _62322_/RN : -184.773697
[setup in-reg] rst_ni -> _62323_/RN : -184.773697
[setup in-reg] rst_ni -> _62324_/RN : -184.773697
[setup in-reg] rst_ni -> _62325_/RN : -184.773697
[setup in-reg] rst_ni -> _62326_/RN : -184.773697
[setup in-reg] rst_ni -> _62327_/RN : -184.773697
[setup in-reg] rst_ni -> _62328_/RN : -184.773697
[setup in-reg] rst_ni -> _62329_/RN : -184.773697
[setup in-reg] rst_ni -> _62330_/RN : -184.773697
[setup in-reg] rst_ni -> _62331_/RN : -184.773697
[setup in-reg] rst_ni -> _62332_/RN : -184.773697
[setup in-reg] rst_ni -> _62333_/RN : -184.773697
[setup in-reg] rst_ni -> _62334_/RN : -184.773697
[setup in-reg] rst_ni -> _62335_/RN : -184.773697
[setup in-reg] rst_ni -> _62336_/RN : -184.773697
[setup in-reg] rst_ni -> _62337_/RN : -184.773697
[setup in-reg] rst_ni -> _62338_/RN : -184.773697
[setup in-reg] rst_ni -> _62339_/RN : -184.773697
[setup in-reg] rst_ni -> _62340_/RN : -184.773697
[setup in-reg] rst_ni -> _62341_/RN : -184.773697
[setup in-reg] rst_ni -> _62342_/RN : -184.773697
[setup in-reg] rst_ni -> _62343_/RN : -184.773697
[setup in-reg] rst_ni -> _62344_/RN : -184.773697
[setup in-reg] rst_ni -> _62345_/RN : -184.773697
[setup in-reg] rst_ni -> _62346_/RN : -184.773697
[setup in-reg] rst_ni -> _62347_/RN : -184.773697
[setup in-reg] rst_ni -> _62348_/RN : -184.773697
[setup in-reg] rst_ni -> _62349_/RN : -184.773697
[setup in-reg] rst_ni -> _62350_/RN : -184.773697
[setup in-reg] rst_ni -> _62351_/RN : -184.773697
[setup in-reg] rst_ni -> _62352_/RN : -184.773697
[setup in-reg] rst_ni -> _62353_/RN : -184.773697
[setup in-reg] rst_ni -> _62354_/RN : -184.773697
[setup in-reg] rst_ni -> _62355_/RN : -184.773697
[setup in-reg] rst_ni -> _62356_/RN : -184.773697
[setup in-reg] rst_ni -> _62357_/RN : -184.773697
[setup in-reg] rst_ni -> _62358_/RN : -184.773697
[setup in-reg] rst_ni -> _62359_/RN : -184.773697
[setup in-reg] rst_ni -> _62360_/RN : -184.773697
[setup in-reg] rst_ni -> _62361_/RN : -184.773697
[setup in-reg] rst_ni -> _62362_/RN : -184.773697
[setup in-reg] rst_ni -> _62363_/RN : -184.773697
[setup in-reg] rst_ni -> _62364_/RN : -184.773697
[setup in-reg] rst_ni -> _62365_/RN : -184.773697
[setup in-reg] rst_ni -> _62366_/RN : -184.773697
[setup in-reg] rst_ni -> _62367_/RN : -184.773697
[setup in-reg] rst_ni -> _62368_/RN : -184.773697
[setup in-reg] rst_ni -> _62369_/RN : -184.773697
[setup in-reg] rst_ni -> _62370_/RN : -184.773697
[setup in-reg] rst_ni -> _62371_/RN : -184.773697
[setup in-reg] rst_ni -> _62372_/RN : -184.773697
[setup in-reg] rst_ni -> _62373_/RN : -184.773697
[setup in-reg] rst_ni -> _62374_/RN : -184.773697
[setup in-reg] rst_ni -> _62375_/RN : -184.773697
[setup in-reg] rst_ni -> _62376_/RN : -184.773697
[setup in-reg] rst_ni -> _62377_/RN : -184.773697
[setup in-reg] rst_ni -> _62378_/RN : -184.773697
[setup in-reg] rst_ni -> _62379_/RN : -184.773697
[setup in-reg] rst_ni -> _62380_/RN : -184.773697
[setup in-reg] rst_ni -> _62381_/RN : -184.773697
[setup in-reg] rst_ni -> _62382_/RN : -184.773697
[setup in-reg] rst_ni -> _62383_/RN : -184.773697
[setup in-reg] rst_ni -> _62384_/RN : -184.773697
[setup in-reg] rst_ni -> _62385_/RN : -184.773697
[setup in-reg] rst_ni -> _62386_/RN : -184.773697
[setup in-reg] rst_ni -> _62387_/RN : -184.773697
[setup in-reg] rst_ni -> _62388_/RN : -184.773697
[setup in-reg] rst_ni -> _62389_/RN : -184.773697
[setup in-reg] rst_ni -> _62390_/RN : -184.773697
[setup in-reg] rst_ni -> _62391_/RN : -184.773697
[setup in-reg] rst_ni -> _62392_/RN : -184.773697
[setup in-reg] rst_ni -> _62393_/RN : -184.773697
[setup in-reg] rst_ni -> _62394_/RN : -184.773697
[setup in-reg] rst_ni -> _62395_/RN : -184.773697
[setup in-reg] rst_ni -> _62396_/RN : -184.773697
[setup in-reg] rst_ni -> _62397_/RN : -184.773697
[setup in-reg] rst_ni -> _62398_/RN : -184.773697
[setup in-reg] rst_ni -> _62399_/RN : -184.773697
[setup in-reg] rst_ni -> _62400_/RN : -184.773697
[setup in-reg] rst_ni -> _62401_/RN : -184.773697
[setup in-reg] rst_ni -> _62402_/RN : -184.773697
[setup in-reg] rst_ni -> _62403_/RN : -184.773697
[setup in-reg] rst_ni -> _62404_/RN : -184.773697
[setup in-reg] rst_ni -> _62405_/RN : -184.773697
[setup in-reg] rst_ni -> _62406_/RN : -184.773697
[setup in-reg] rst_ni -> _60515_/SETN : -171.338425
[setup in-reg] rst_ni -> _60517_/SETN : -171.338425
[setup in-reg] rst_ni -> _60736_/SETN : -171.338425
[setup in-reg] rst_ni -> _60738_/SETN : -171.338425
[setup in-reg] rst_ni -> _60739_/SETN : -171.338425
[setup in-reg] rst_ni -> _60740_/SETN : -171.338425
[setup in-reg] rst_ni -> _60748_/SETN : -171.338425
[setup in-reg] rst_ni -> _60749_/SETN : -171.338425
[setup in-reg] rst_ni -> _60808_/SETN : -171.338425
[setup in-reg] rst_ni -> _60840_/SETN : -171.338425
[setup in-reg] rst_ni -> _60899_/SETN : -171.338425
[setup in-reg] rst_ni -> _60900_/SETN : -171.338425
[setup in-reg] rst_ni -> _60989_/SETN : -171.338425
[setup in-reg] rst_ni -> _61688_/SETN : -171.338425
[setup in-reg] rst_ni -> _61701_/SETN : -171.338425
[setup in-reg] rst_ni -> _61705_/SETN : -171.338425
[setup in-reg] rst_ni -> _61708_/SETN : -171.338425
[setup in-reg] rst_ni -> _61711_/SETN : -171.338425
[setup in-reg] rst_ni -> _61714_/SETN : -171.338425
[setup in-reg] rst_ni -> _61717_/SETN : -171.338425
[setup in-reg] rst_ni -> _61720_/SETN : -171.338425
[setup in-reg] rst_ni -> _61754_/SETN : -171.338425
[setup in-reg] rst_ni -> _61889_/SETN : -171.338425
[setup in-reg] rst_ni -> _62101_/SETN : -171.338425
[setup in-reg] rst_ni -> _62102_/SETN : -171.338425
[setup in-reg] rst_ni -> _62123_/SETN : -171.338425
[setup in-reg] rst_ni -> _62124_/SETN : -171.338425
[setup in-reg] rst_ni -> _62125_/SETN : -171.338425
[setup in-reg] rst_ni -> _62126_/SETN : -171.338425
[setup in-reg] rst_ni -> _62127_/SETN : -171.338425
[setup in-reg] rst_ni -> _62128_/SETN : -171.338425
[setup in-reg] rst_ni -> _62129_/SETN : -171.338425
[setup in-reg] rst_ni -> _62130_/SETN : -171.338425
[setup in-reg] rst_ni -> _62131_/SETN : -171.338425
[setup in-reg] rst_ni -> _62132_/SETN : -171.338425
[setup in-reg] rst_ni -> _62133_/SETN : -171.338425
[setup in-reg] rst_ni -> _62134_/SETN : -171.338425
[setup in-reg] rst_ni -> _62135_/SETN : -171.338425
[setup in-reg] rst_ni -> _62136_/SETN : -171.338425
[setup in-reg] rst_ni -> _62137_/SETN : -171.338425
[setup in-reg] rst_ni -> _62138_/SETN : -171.338425
[setup in-reg] rst_ni -> _62139_/SETN : -171.338425
[setup in-reg] rst_ni -> _62140_/SETN : -171.338425
[setup in-reg] rst_ni -> _62141_/SETN : -171.338425
[setup in-reg] rst_ni -> _62142_/SETN : -171.338425
[setup in-reg] rst_ni -> _62143_/SETN : -171.338425
[setup in-reg] rst_ni -> _62144_/SETN : -171.338425
[setup in-reg] rst_ni -> _62145_/SETN : -171.338425
[setup in-reg] rst_ni -> _62146_/SETN : -171.338425
[setup in-reg] rst_ni -> _62147_/SETN : -171.338425
[setup in-reg] rst_ni -> _62148_/SETN : -171.338425
[setup in-reg] rst_ni -> _62149_/SETN : -171.338425
[setup in-reg] rst_ni -> _62150_/SETN : -171.338425
[setup in-reg] rst_ni -> _62151_/SETN : -171.338425
[setup in-reg] rst_ni -> _62152_/SETN : -171.338425
[setup in-reg] rst_ni -> _62153_/SETN : -171.338425
[setup in-reg] rst_ni -> _62154_/SETN : -171.338425
[setup in-reg] rst_ni -> _62155_/SETN : -171.338425
[setup in-reg] rst_ni -> _62156_/SETN : -171.338425
[setup in-reg] rst_ni -> _62157_/SETN : -171.338425
[setup in-reg] rst_ni -> _62158_/SETN : -171.338425
[setup in-reg] rst_ni -> _62159_/SETN : -171.338425
[setup in-reg] rst_ni -> _62160_/SETN : -171.338425
[setup in-reg] rst_ni -> _62161_/SETN : -171.338425
[setup in-reg] rst_ni -> _62162_/SETN : -171.338425
[setup in-reg] rst_ni -> _62163_/SETN : -171.338425
[setup in-reg] rst_ni -> _62164_/SETN : -171.338425
[setup in-reg] rst_ni -> _62165_/SETN : -171.338425
[setup in-reg] rst_ni -> _62166_/SETN : -171.338425
[setup in-reg] rst_ni -> _62167_/SETN : -171.338425
[setup in-reg] rst_ni -> _62168_/SETN : -171.338425
[setup in-reg] rst_ni -> _62169_/SETN : -171.338425
[setup in-reg] rst_ni -> _62170_/SETN : -171.338425
[setup in-reg] rst_ni -> _62171_/SETN : -171.338425
[setup in-reg] rst_ni -> _62172_/SETN : -171.338425
[setup in-reg] rst_ni -> _62173_/SETN : -171.338425
[setup in-reg] rst_ni -> _62174_/SETN : -171.338425
[setup in-reg] rst_ni -> _62175_/SETN : -171.338425
[setup in-reg] rst_ni -> _62176_/SETN : -171.338425
[setup in-reg] rst_ni -> _62177_/SETN : -171.338425
[setup in-reg] rst_ni -> _62178_/SETN : -171.338425
[setup in-reg] rst_ni -> _62179_/SETN : -171.338425
[setup in-reg] rst_ni -> _62180_/SETN : -171.338425
[setup in-reg] rst_ni -> _62181_/SETN : -171.338425
[setup in-reg] rst_ni -> _62182_/SETN : -171.338425
[setup in-reg] rst_ni -> _62183_/SETN : -171.338425
[setup in-reg] rst_ni -> _62184_/SETN : -171.338425
[setup in-reg] rst_ni -> _62185_/SETN : -171.338425
[setup in-reg] rst_ni -> _62186_/SETN : -171.338425
[setup in-reg] rst_ni -> _62187_/SETN : -171.338425
[setup in-reg] rst_ni -> _62188_/SETN : -171.338425
[setup in-reg] rst_ni -> _62189_/SETN : -171.338425
[setup in-reg] rst_ni -> _62190_/SETN : -171.338425
[setup in-reg] rst_ni -> _62191_/SETN : -171.338425
[setup in-reg] rst_ni -> _62192_/SETN : -171.338425
[setup in-reg] rst_ni -> _62193_/SETN : -171.338425
[setup in-reg] rst_ni -> _62194_/SETN : -171.338425
[setup in-reg] rst_ni -> _62195_/SETN : -171.338425
[setup in-reg] rst_ni -> _62196_/SETN : -171.338425
[setup in-reg] rst_ni -> _62197_/SETN : -171.338425
[setup in-reg] rst_ni -> _62198_/SETN : -171.338425
[setup in-reg] rst_ni -> _62199_/SETN : -171.338425
[setup in-reg] rst_ni -> _62200_/SETN : -171.338425
[setup in-reg] rst_ni -> _62201_/SETN : -171.338425
[setup in-reg] rst_ni -> _62202_/SETN : -171.338425
[setup in-reg] rst_ni -> _62203_/SETN : -171.338425
[setup in-reg] rst_ni -> _62204_/SETN : -171.338425
[setup in-reg] rst_ni -> _62205_/SETN : -171.338425
[setup in-reg] rst_ni -> _62206_/SETN : -171.338425
[setup in-reg] rst_ni -> _62207_/SETN : -171.338425
[setup in-reg] rst_ni -> _62208_/SETN : -171.338425
[setup in-reg] rst_ni -> _62209_/SETN : -171.338425
[setup in-reg] rst_ni -> _62210_/SETN : -171.338425
[setup in-reg] rst_ni -> _62211_/SETN : -171.338425
[setup in-reg] rst_ni -> _62212_/SETN : -171.338425
[setup in-reg] rst_ni -> _62213_/SETN : -171.338425
[setup in-reg] rst_ni -> _62214_/SETN : -171.338425
[setup in-reg] rst_ni -> _62215_/SETN : -171.338425
[setup in-reg] rst_ni -> _62216_/SETN : -171.338425
[setup in-reg] rst_ni -> _62217_/SETN : -171.338425
[setup in-reg] rst_ni -> _62218_/SETN : -171.338425
[setup in-reg] rst_ni -> _62219_/SETN : -171.338425
[setup in-reg] rst_ni -> _62220_/SETN : -171.338425
[setup in-reg] rst_ni -> _62221_/SETN : -171.338425
[setup in-reg] rst_ni -> _62222_/SETN : -171.338425
[setup in-reg] rst_ni -> _62223_/SETN : -171.338425
[setup in-reg] rst_ni -> _62224_/SETN : -171.338425
[setup in-reg] rst_ni -> _62225_/SETN : -171.338425
[setup in-reg] rst_ni -> _62226_/SETN : -171.338425
[setup in-reg] rst_ni -> _62227_/SETN : -171.338425
[setup in-reg] rst_ni -> _62228_/SETN : -171.338425
[setup in-reg] rst_ni -> _62229_/SETN : -171.338425
[setup in-reg] rst_ni -> _62230_/SETN : -171.338425
[setup in-reg] rst_ni -> _62231_/SETN : -171.338425
[setup in-reg] rst_ni -> _62232_/SETN : -171.338425
[setup in-reg] rst_ni -> _62233_/SETN : -171.338425
[setup in-reg] rst_ni -> _62234_/SETN : -171.338425
[setup in-reg] rst_ni -> _62235_/SETN : -171.338425
[setup in-reg] rst_ni -> _62236_/SETN : -171.338425
[setup in-reg] rst_ni -> _62237_/SETN : -171.338425
[setup in-reg] rst_ni -> _62238_/SETN : -171.338425
[setup in-reg] rst_ni -> _62239_/SETN : -171.338425
[setup in-reg] rst_ni -> _62240_/SETN : -171.338425
[setup in-reg] rst_ni -> _62241_/SETN : -171.338425
[setup in-reg] rst_ni -> _62242_/SETN : -171.338425
[setup in-reg] rst_ni -> _62243_/SETN : -171.338425
[setup in-reg] rst_ni -> _62244_/SETN : -171.338425
[setup in-reg] rst_ni -> _62245_/SETN : -171.338425
[setup in-reg] rst_ni -> _62246_/SETN : -171.338425
[setup in-reg] rst_ni -> _62247_/SETN : -171.338425
[setup in-reg] rst_ni -> _62248_/SETN : -171.338425
[setup in-reg] rst_ni -> _59926_/D : -115.892105
[setup in-reg] rst_ni -> _59927_/D : -115.892120
[setup in-reg] rst_ni -> _60190_/D : -115.889740
[setup in-reg] rst_ni -> _60191_/D : -115.889740
[setup in-reg] rst_ni -> _59998_/D : -115.888916
[setup in-reg] rst_ni -> _59999_/D : -115.888916
[setup in-reg] rst_ni -> _60158_/D : -115.888916
[setup in-reg] rst_ni -> _60159_/D : -115.888916
[setup in-reg] rst_ni -> _59774_/D : -115.888695
[setup in-reg] rst_ni -> _59775_/D : -115.888695
[setup in-reg] rst_ni -> _59934_/D : -115.887199
[setup in-reg] rst_ni -> _59935_/D : -115.887199
[setup in-reg] rst_ni -> _60182_/D : -115.886467
[setup in-reg] rst_ni -> _59990_/D : -115.885658
[setup in-reg] rst_ni -> _60150_/D : -115.885658
[setup in-reg] rst_ni -> _60062_/D : -115.885506
[setup in-reg] rst_ni -> _60063_/D : -115.885506
[setup in-reg] rst_ni -> _60094_/D : -115.885506
[setup in-reg] rst_ni -> _60095_/D : -115.885506
[setup in-reg] rst_ni -> _60183_/D : -115.884666
[setup in-reg] rst_ni -> _59958_/D : -115.883942
[setup in-reg] rst_ni -> _59991_/D : -115.883850
[setup in-reg] rst_ni -> _60151_/D : -115.883850
[setup in-reg] rst_ni -> _59959_/D : -115.882133
[setup in-reg] rst_ni -> _60054_/D : -115.882248
[setup in-reg] rst_ni -> _60086_/D : -115.882248
[setup in-reg] rst_ni -> _60055_/D : -115.880440
[setup in-reg] rst_ni -> _60087_/D : -115.880440
[setup in-reg] rst_ni -> _59646_/D : -115.877647
[setup in-reg] rst_ni -> _59806_/D : -115.877647
[setup in-reg] rst_ni -> _59942_/D : -115.872314
[setup in-reg] rst_ni -> _59943_/D : -115.872314
[setup in-reg] rst_ni -> _60014_/D : -115.870605
[setup in-reg] rst_ni -> _60015_/D : -115.870605
[setup in-reg] rst_ni -> _59710_/D : -115.866310
[setup in-reg] rst_ni -> _59711_/D : -115.866310
[setup in-reg] rst_ni -> _59870_/D : -115.866295
[setup in-reg] rst_ni -> _59871_/D : -115.866295
[setup in-reg] rst_ni -> _60206_/D : -115.865807
[setup in-reg] rst_ni -> _60207_/D : -115.865807
[setup in-reg] rst_ni -> _60174_/D : -115.864998
[setup in-reg] rst_ni -> _60175_/D : -115.864998
[setup in-reg] rst_ni -> _60078_/D : -115.861969
[setup in-reg] rst_ni -> _60079_/D : -115.861969
[setup in-reg] rst_ni -> _60110_/D : -115.861969
[setup in-reg] rst_ni -> _60111_/D : -115.861969
[setup in-reg] rst_ni -> _60270_/D : -115.861969
[setup in-reg] rst_ni -> _60271_/D : -115.861969
[setup in-reg] rst_ni -> _60302_/D : -115.861969
[setup in-reg] rst_ni -> _60303_/D : -115.861969
[setup in-reg] rst_ni -> _59838_/D : -115.861320
[setup in-reg] rst_ni -> _59839_/D : -115.861320
[setup in-reg] rst_ni -> _60254_/D : -115.861397
[setup in-reg] rst_ni -> _60255_/D : -115.861397
[setup in-reg] rst_ni -> _59902_/D : -115.860992
[setup in-reg] rst_ni -> _59903_/D : -115.860992
[setup in-reg] rst_ni -> _59678_/D : -115.860680
[setup in-reg] rst_ni -> _59679_/D : -115.860680
[setup in-reg] rst_ni -> _60198_/D : -115.829628
[setup in-reg] rst_ni -> _60199_/D : -115.829628
[setup in-reg] rst_ni -> _60006_/D : -115.828812
[setup in-reg] rst_ni -> _60007_/D : -115.828812
[setup in-reg] rst_ni -> _60166_/D : -115.828812
[setup in-reg] rst_ni -> _60167_/D : -115.828812
[setup in-reg] rst_ni -> _59974_/D : -115.827095
[setup in-reg] rst_ni -> _59975_/D : -115.827095
[setup in-reg] rst_ni -> _60070_/D : -115.825401
[setup in-reg] rst_ni -> _60071_/D : -115.825401
[setup in-reg] rst_ni -> _60102_/D : -115.825401
[setup in-reg] rst_ni -> _60103_/D : -115.825401
[setup in-reg] rst_ni -> _60238_/D : -115.730629
[setup in-reg] rst_ni -> _60239_/D : -115.730629
[setup in-reg] rst_ni -> _59647_/D : -115.711342
[setup in-reg] rst_ni -> _59807_/D : -115.711342
[setup in-reg] rst_ni -> _60022_/D : -115.700333
[setup in-reg] rst_ni -> _60030_/D : -115.700127
[setup in-reg] rst_ni -> _60031_/D : -115.700127
[setup in-reg] rst_ni -> _59966_/D : -115.697472
[setup in-reg] rst_ni -> _59967_/D : -115.697472
[setup in-reg] rst_ni -> _60126_/D : -115.684280
[setup in-reg] rst_ni -> _60127_/D : -115.684280
[setup in-reg] rst_ni -> _60046_/D : -115.682358
[setup in-reg] rst_ni -> _60047_/D : -115.682358
[setup in-reg] rst_ni -> _60023_/D : -115.680878
[setup in-reg] rst_ni -> _59790_/D : -115.675804
[setup in-reg] rst_ni -> _59791_/D : -115.675804
[setup in-reg] rst_ni -> _59694_/D : -115.652527
[setup in-reg] rst_ni -> _59695_/D : -115.652527
[setup in-reg] rst_ni -> _59822_/D : -115.652527
[setup in-reg] rst_ni -> _59823_/D : -115.652527
[setup in-reg] rst_ni -> _59854_/D : -115.652527
[setup in-reg] rst_ni -> _59855_/D : -115.652527
[setup in-reg] rst_ni -> _60038_/D : -115.642509
[setup in-reg] rst_ni -> _60039_/D : -115.642509
[setup in-reg] rst_ni -> _60134_/D : -115.613663
[setup in-reg] rst_ni -> _60135_/D : -115.613663
[setup in-reg] rst_ni -> _59782_/D : -115.550056
[setup in-reg] rst_ni -> _59783_/D : -115.550056
[setup in-reg] rst_ni -> _59718_/D : -115.527672
[setup in-reg] rst_ni -> _59719_/D : -115.527657
[setup in-reg] rst_ni -> _59878_/D : -115.527657
[setup in-reg] rst_ni -> _59879_/D : -115.527672
[setup in-reg] rst_ni -> _59654_/D : -115.522758
[setup in-reg] rst_ni -> _59655_/D : -115.522758
[setup in-reg] rst_ni -> _59814_/D : -115.522758
[setup in-reg] rst_ni -> _59815_/D : -115.522758
[setup in-reg] rst_ni -> _59846_/D : -115.522682
[setup in-reg] rst_ni -> _59847_/D : -115.522682
[setup in-reg] rst_ni -> _59910_/D : -115.522354
[setup in-reg] rst_ni -> _59911_/D : -115.522354
[setup in-reg] rst_ni -> _59686_/D : -115.522041
[setup in-reg] rst_ni -> _59687_/D : -115.522041
[setup in-reg] rst_ni -> _59766_/D : -115.513000
[setup in-reg] rst_ni -> _59767_/D : -115.513016
[setup in-reg] rst_ni -> _59830_/D : -115.501884
[setup in-reg] rst_ni -> _59702_/D : -115.490601
[setup in-reg] rst_ni -> _59703_/D : -115.490616
[setup in-reg] rst_ni -> _59950_/D : -115.486160
[setup in-reg] rst_ni -> _59951_/D : -115.486160
[setup in-reg] rst_ni -> _59982_/D : -115.486160
[setup in-reg] rst_ni -> _59983_/D : -115.486160
[setup in-reg] rst_ni -> _59798_/D : -115.485703
[setup in-reg] rst_ni -> _59799_/D : -115.485718
[setup in-reg] rst_ni -> _59894_/D : -115.485306
[setup in-reg] rst_ni -> _59895_/D : -115.485313
[setup in-reg] rst_ni -> _59670_/D : -115.484993
[setup in-reg] rst_ni -> _59671_/D : -115.485001
[setup in-reg] rst_ni -> _60142_/D : -115.476440
[setup in-reg] rst_ni -> _60143_/D : -115.476440
[setup in-reg] rst_ni -> _59726_/D : -115.466667
[setup in-reg] rst_ni -> _59727_/D : -115.466667
[setup in-reg] rst_ni -> _59886_/D : -115.466682
[setup in-reg] rst_ni -> _59887_/D : -115.466682
[setup in-reg] rst_ni -> _59662_/D : -115.466507
[setup in-reg] rst_ni -> _59663_/D : -115.466507
[setup in-reg] rst_ni -> _60118_/D : -115.442123
[setup in-reg] rst_ni -> _60119_/D : -115.430923
[setup in-reg] rst_ni -> _59438_/D : -115.427376
[setup in-reg] rst_ni -> _59439_/D : -115.427376
[setup in-reg] rst_ni -> _60184_/D : -115.411682
[setup in-reg] rst_ni -> _60185_/D : -115.411682
[setup in-reg] rst_ni -> _60186_/D : -115.411682
[setup in-reg] rst_ni -> _60187_/D : -115.411682
[setup in-reg] rst_ni -> _60188_/D : -115.411682
[setup in-reg] rst_ni -> _60189_/D : -115.411682
[setup in-reg] rst_ni -> _59992_/D : -115.410873
[setup in-reg] rst_ni -> _59993_/D : -115.410873
[setup in-reg] rst_ni -> _59994_/D : -115.410873
[setup in-reg] rst_ni -> _59995_/D : -115.410873
[setup in-reg] rst_ni -> _59996_/D : -115.410873
[setup in-reg] rst_ni -> _59997_/D : -115.410873
[setup in-reg] rst_ni -> _60152_/D : -115.410873
[setup in-reg] rst_ni -> _60153_/D : -115.410873
[setup in-reg] rst_ni -> _60154_/D : -115.410873
[setup in-reg] rst_ni -> _60155_/D : -115.410873
[setup in-reg] rst_ni -> _60156_/D : -115.410873
[setup in-reg] rst_ni -> _60157_/D : -115.410873
[setup in-reg] rst_ni -> _60192_/D : -115.410477
[setup in-reg] rst_ni -> _60193_/D : -115.410477
[setup in-reg] rst_ni -> _60194_/D : -115.410477
[setup in-reg] rst_ni -> _60195_/D : -115.410477
[setup in-reg] rst_ni -> _60196_/D : -115.410477
[setup in-reg] rst_ni -> _60197_/D : -115.410477
[setup in-reg] rst_ni -> _60000_/D : -115.409767
[setup in-reg] rst_ni -> _60001_/D : -115.409767
[setup in-reg] rst_ni -> _60002_/D : -115.409767
[setup in-reg] rst_ni -> _60003_/D : -115.409767
[setup in-reg] rst_ni -> _60004_/D : -115.409767
[setup in-reg] rst_ni -> _60005_/D : -115.409767
[setup in-reg] rst_ni -> _60160_/D : -115.409653
[setup in-reg] rst_ni -> _60161_/D : -115.409653
[setup in-reg] rst_ni -> _60162_/D : -115.409653
[setup in-reg] rst_ni -> _60163_/D : -115.409653
[setup in-reg] rst_ni -> _60164_/D : -115.409653
[setup in-reg] rst_ni -> _60165_/D : -115.409653
[setup in-reg] rst_ni -> _59776_/D : -115.409424
[setup in-reg] rst_ni -> _59777_/D : -115.409424
[setup in-reg] rst_ni -> _59778_/D : -115.409424
[setup in-reg] rst_ni -> _59779_/D : -115.409424
[setup in-reg] rst_ni -> _59780_/D : -115.409424
[setup in-reg] rst_ni -> _59781_/D : -115.409424
[setup in-reg] rst_ni -> _59928_/D : -115.409164
[setup in-reg] rst_ni -> _59929_/D : -115.409164
[setup in-reg] rst_ni -> _59930_/D : -115.409164
[setup in-reg] rst_ni -> _59931_/D : -115.409164
[setup in-reg] rst_ni -> _59932_/D : -115.409164
[setup in-reg] rst_ni -> _59933_/D : -115.409164
[setup in-reg] rst_ni -> _59960_/D : -115.409164
[setup in-reg] rst_ni -> _59961_/D : -115.409164
[setup in-reg] rst_ni -> _59962_/D : -115.409164
[setup in-reg] rst_ni -> _59963_/D : -115.409164
[setup in-reg] rst_ni -> _59964_/D : -115.409164
[setup in-reg] rst_ni -> _59965_/D : -115.409164
[setup in-reg] rst_ni -> _59936_/D : -115.407951
[setup in-reg] rst_ni -> _59937_/D : -115.407951
[setup in-reg] rst_ni -> _59938_/D : -115.407951
[setup in-reg] rst_ni -> _59939_/D : -115.407951
[setup in-reg] rst_ni -> _59940_/D : -115.407951
[setup in-reg] rst_ni -> _59941_/D : -115.407951
[setup in-reg] rst_ni -> _60056_/D : -115.407478
[setup in-reg] rst_ni -> _60057_/D : -115.407478
[setup in-reg] rst_ni -> _60058_/D : -115.407478
[setup in-reg] rst_ni -> _60059_/D : -115.407478
[setup in-reg] rst_ni -> _60060_/D : -115.407478
[setup in-reg] rst_ni -> _60061_/D : -115.407478
[setup in-reg] rst_ni -> _60088_/D : -115.407478
[setup in-reg] rst_ni -> _60089_/D : -115.407478
[setup in-reg] rst_ni -> _60090_/D : -115.407478
[setup in-reg] rst_ni -> _60091_/D : -115.407478
[setup in-reg] rst_ni -> _60092_/D : -115.407478
[setup in-reg] rst_ni -> _60093_/D : -115.407478
[setup in-reg] rst_ni -> _60064_/D : -115.406258
[setup in-reg] rst_ni -> _60065_/D : -115.406258
[setup in-reg] rst_ni -> _60066_/D : -115.406258
[setup in-reg] rst_ni -> _60067_/D : -115.406258
[setup in-reg] rst_ni -> _60068_/D : -115.406258
[setup in-reg] rst_ni -> _60069_/D : -115.406258
[setup in-reg] rst_ni -> _60096_/D : -115.406258
[setup in-reg] rst_ni -> _60097_/D : -115.406258
[setup in-reg] rst_ni -> _60098_/D : -115.406258
[setup in-reg] rst_ni -> _60099_/D : -115.406258
[setup in-reg] rst_ni -> _60100_/D : -115.406258
[setup in-reg] rst_ni -> _60101_/D : -115.406258
[setup in-reg] rst_ni -> _59648_/D : -115.396278
[setup in-reg] rst_ni -> _59649_/D : -115.396278
[setup in-reg] rst_ni -> _59650_/D : -115.396278
[setup in-reg] rst_ni -> _59651_/D : -115.396278
[setup in-reg] rst_ni -> _59652_/D : -115.396278
[setup in-reg] rst_ni -> _59653_/D : -115.396278
[setup in-reg] rst_ni -> _59808_/D : -115.396278
[setup in-reg] rst_ni -> _59809_/D : -115.396278
[setup in-reg] rst_ni -> _59810_/D : -115.396278
[setup in-reg] rst_ni -> _59811_/D : -115.396278
[setup in-reg] rst_ni -> _59812_/D : -115.396278
[setup in-reg] rst_ni -> _59813_/D : -115.396278
[setup in-reg] rst_ni -> _59712_/D : -115.387138
[setup in-reg] rst_ni -> _59713_/D : -115.387138
[setup in-reg] rst_ni -> _59714_/D : -115.387138
[setup in-reg] rst_ni -> _59715_/D : -115.387138
[setup in-reg] rst_ni -> _59716_/D : -115.387138
[setup in-reg] rst_ni -> _59717_/D : -115.387138
[setup in-reg] rst_ni -> _59872_/D : -115.387138
[setup in-reg] rst_ni -> _59873_/D : -115.387138
[setup in-reg] rst_ni -> _59874_/D : -115.387138
[setup in-reg] rst_ni -> _59875_/D : -115.387138
[setup in-reg] rst_ni -> _59876_/D : -115.387138
[setup in-reg] rst_ni -> _59877_/D : -115.387138
[setup in-reg] rst_ni -> _59840_/D : -115.382179
[setup in-reg] rst_ni -> _59841_/D : -115.382179
[setup in-reg] rst_ni -> _59842_/D : -115.382179
[setup in-reg] rst_ni -> _59843_/D : -115.382179
[setup in-reg] rst_ni -> _59844_/D : -115.382179
[setup in-reg] rst_ni -> _59845_/D : -115.382179
[setup in-reg] rst_ni -> _60256_/D : -115.382240
[setup in-reg] rst_ni -> _60257_/D : -115.382240
[setup in-reg] rst_ni -> _60258_/D : -115.382240
[setup in-reg] rst_ni -> _60259_/D : -115.382240
[setup in-reg] rst_ni -> _60260_/D : -115.382240
[setup in-reg] rst_ni -> _60261_/D : -115.382240
[setup in-reg] rst_ni -> _59904_/D : -115.381851
[setup in-reg] rst_ni -> _59905_/D : -115.381851
[setup in-reg] rst_ni -> _59906_/D : -115.381851
[setup in-reg] rst_ni -> _59907_/D : -115.381851
[setup in-reg] rst_ni -> _59908_/D : -115.381851
[setup in-reg] rst_ni -> _59909_/D : -115.381851
[setup in-reg] rst_ni -> _59680_/D : -115.381546
[setup in-reg] rst_ni -> _59681_/D : -115.381546
[setup in-reg] rst_ni -> _59682_/D : -115.381546
[setup in-reg] rst_ni -> _59683_/D : -115.381546
[setup in-reg] rst_ni -> _59684_/D : -115.381546
[setup in-reg] rst_ni -> _59685_/D : -115.381546
[setup in-reg] rst_ni -> _60240_/D : -115.379066
[setup in-reg] rst_ni -> _60241_/D : -115.379066
[setup in-reg] rst_ni -> _60242_/D : -115.379066
[setup in-reg] rst_ni -> _60243_/D : -115.379066
[setup in-reg] rst_ni -> _60244_/D : -115.379066
[setup in-reg] rst_ni -> _60245_/D : -115.379066
[setup in-reg] rst_ni -> _59415_/D : -115.361504
[setup in-reg] rst_ni -> _60016_/D : -115.359428
[setup in-reg] rst_ni -> _60017_/D : -115.359428
[setup in-reg] rst_ni -> _60018_/D : -115.359428
[setup in-reg] rst_ni -> _60019_/D : -115.359428
[setup in-reg] rst_ni -> _60020_/D : -115.359428
[setup in-reg] rst_ni -> _60021_/D : -115.359428
[setup in-reg] rst_ni -> _60200_/D : -115.354782
[setup in-reg] rst_ni -> _60201_/D : -115.354782
[setup in-reg] rst_ni -> _60202_/D : -115.354782
[setup in-reg] rst_ni -> _60203_/D : -115.354782
[setup in-reg] rst_ni -> _60204_/D : -115.354782
[setup in-reg] rst_ni -> _60205_/D : -115.354782
[setup in-reg] rst_ni -> _60008_/D : -115.353973
[setup in-reg] rst_ni -> _60009_/D : -115.353973
[setup in-reg] rst_ni -> _60010_/D : -115.353973
[setup in-reg] rst_ni -> _60011_/D : -115.353973
[setup in-reg] rst_ni -> _60012_/D : -115.353973
[setup in-reg] rst_ni -> _60013_/D : -115.353973
[setup in-reg] rst_ni -> _60168_/D : -115.353973
[setup in-reg] rst_ni -> _60169_/D : -115.353973
[setup in-reg] rst_ni -> _60170_/D : -115.353973
[setup in-reg] rst_ni -> _60171_/D : -115.353973
[setup in-reg] rst_ni -> _60172_/D : -115.353973
[setup in-reg] rst_ni -> _60173_/D : -115.353973
[setup in-reg] rst_ni -> _59944_/D : -115.352264
[setup in-reg] rst_ni -> _59945_/D : -115.352264
[setup in-reg] rst_ni -> _59946_/D : -115.352264
[setup in-reg] rst_ni -> _59947_/D : -115.352264
[setup in-reg] rst_ni -> _59948_/D : -115.352264
[setup in-reg] rst_ni -> _59949_/D : -115.352264
[setup in-reg] rst_ni -> _59976_/D : -115.352264
[setup in-reg] rst_ni -> _59977_/D : -115.352264
[setup in-reg] rst_ni -> _59978_/D : -115.352264
[setup in-reg] rst_ni -> _59979_/D : -115.352264
[setup in-reg] rst_ni -> _59980_/D : -115.352264
[setup in-reg] rst_ni -> _59981_/D : -115.352264
[setup in-reg] rst_ni -> _60208_/D : -115.351555
[setup in-reg] rst_ni -> _60209_/D : -115.351555
[setup in-reg] rst_ni -> _60210_/D : -115.351555
[setup in-reg] rst_ni -> _60211_/D : -115.351555
[setup in-reg] rst_ni -> _60212_/D : -115.351555
[setup in-reg] rst_ni -> _60213_/D : -115.351555
[setup in-reg] rst_ni -> _60176_/D : -115.350746
[setup in-reg] rst_ni -> _60177_/D : -115.350746
[setup in-reg] rst_ni -> _60178_/D : -115.350746
[setup in-reg] rst_ni -> _60179_/D : -115.350746
[setup in-reg] rst_ni -> _60180_/D : -115.350746
[setup in-reg] rst_ni -> _60181_/D : -115.350746
[setup in-reg] rst_ni -> _60072_/D : -115.350578
[setup in-reg] rst_ni -> _60073_/D : -115.350578
[setup in-reg] rst_ni -> _60074_/D : -115.350578
[setup in-reg] rst_ni -> _60075_/D : -115.350578
[setup in-reg] rst_ni -> _60076_/D : -115.350578
[setup in-reg] rst_ni -> _60077_/D : -115.350578
[setup in-reg] rst_ni -> _60104_/D : -115.350578
[setup in-reg] rst_ni -> _60105_/D : -115.350578
[setup in-reg] rst_ni -> _60106_/D : -115.350578
[setup in-reg] rst_ni -> _60107_/D : -115.350578
[setup in-reg] rst_ni -> _60108_/D : -115.350578
[setup in-reg] rst_ni -> _60109_/D : -115.350578
[setup in-reg] rst_ni -> _60080_/D : -115.347733
[setup in-reg] rst_ni -> _60081_/D : -115.347733
[setup in-reg] rst_ni -> _60082_/D : -115.347733
[setup in-reg] rst_ni -> _60083_/D : -115.347733
[setup in-reg] rst_ni -> _60084_/D : -115.347733
[setup in-reg] rst_ni -> _60085_/D : -115.347733
[setup in-reg] rst_ni -> _60112_/D : -115.347733
[setup in-reg] rst_ni -> _60113_/D : -115.347733
[setup in-reg] rst_ni -> _60114_/D : -115.347733
[setup in-reg] rst_ni -> _60115_/D : -115.347733
[setup in-reg] rst_ni -> _60116_/D : -115.347733
[setup in-reg] rst_ni -> _60117_/D : -115.347733
[setup in-reg] rst_ni -> _60272_/D : -115.347733
[setup in-reg] rst_ni -> _60273_/D : -115.347733
[setup in-reg] rst_ni -> _60274_/D : -115.347733
[setup in-reg] rst_ni -> _60275_/D : -115.347733
[setup in-reg] rst_ni -> _60276_/D : -115.347733
[setup in-reg] rst_ni -> _60277_/D : -115.347733
[setup in-reg] rst_ni -> _60304_/D : -115.347733
[setup in-reg] rst_ni -> _60305_/D : -115.347733
[setup in-reg] rst_ni -> _60306_/D : -115.347733
[setup in-reg] rst_ni -> _60307_/D : -115.347733
[setup in-reg] rst_ni -> _60308_/D : -115.347733
[setup in-reg] rst_ni -> _60309_/D : -115.347733
[setup in-reg] rst_ni -> _59750_/D : -115.340103
[setup in-reg] rst_ni -> _59751_/D : -115.340103
[setup in-reg] rst_ni -> _59414_/D : -115.336891
[setup in-reg] rst_ni -> _59831_/D : -115.335594
[setup in-reg] rst_ni -> _60138_/D : -115.315430
[setup in-reg] rst_ni -> _60139_/D : -115.314392
[setup in-reg] rst_ni -> _60140_/D : -115.314392
[setup in-reg] rst_ni -> _60141_/D : -115.314392
[setup in-reg] rst_ni -> _60136_/D : -115.310745
[setup in-reg] rst_ni -> _60137_/D : -115.310745
[setup in-reg] rst_ni -> _60230_/D : -115.306908
[setup in-reg] rst_ni -> _60231_/D : -115.306908
[setup in-reg] rst_ni -> _59734_/D : -115.303047
[setup in-reg] rst_ni -> _59735_/D : -115.303062
[setup in-reg] rst_ni -> _59430_/D : -115.302544
[setup in-reg] rst_ni -> _59431_/D : -115.302544
[setup in-reg] rst_ni -> _59862_/D : -115.301628
[setup in-reg] rst_ni -> _59863_/D : -115.301643
[setup in-reg] rst_ni -> _59638_/D : -115.297363
[setup in-reg] rst_ni -> _59639_/D : -115.297379
[setup in-reg] rst_ni -> _60222_/D : -115.275154
[setup in-reg] rst_ni -> _60223_/D : -115.275154
[setup in-reg] rst_ni -> _60024_/D : -115.266327
[setup in-reg] rst_ni -> _60025_/D : -115.266327
[setup in-reg] rst_ni -> _60026_/D : -115.266327
[setup in-reg] rst_ni -> _60027_/D : -115.266327
[setup in-reg] rst_ni -> _60028_/D : -115.266327
[setup in-reg] rst_ni -> _60029_/D : -115.266327
[setup in-reg] rst_ni -> _60214_/D : -115.262398
[setup in-reg] rst_ni -> _60032_/D : -115.261703
[setup in-reg] rst_ni -> _60033_/D : -115.261703
[setup in-reg] rst_ni -> _60034_/D : -115.261703
[setup in-reg] rst_ni -> _60035_/D : -115.261703
[setup in-reg] rst_ni -> _60036_/D : -115.261703
[setup in-reg] rst_ni -> _60037_/D : -115.261703
[setup in-reg] rst_ni -> _59968_/D : -115.259071
[setup in-reg] rst_ni -> _59969_/D : -115.259071
[setup in-reg] rst_ni -> _59970_/D : -115.259071
[setup in-reg] rst_ni -> _59971_/D : -115.259071
[setup in-reg] rst_ni -> _59972_/D : -115.259071
[setup in-reg] rst_ni -> _59973_/D : -115.259071
[setup in-reg] rst_ni -> _59742_/D : -115.253510
[setup in-reg] rst_ni -> _59743_/D : -115.253510
[setup in-reg] rst_ni -> _60128_/D : -115.246040
[setup in-reg] rst_ni -> _60129_/D : -115.246040
[setup in-reg] rst_ni -> _60130_/D : -115.246040
[setup in-reg] rst_ni -> _60131_/D : -115.246040
[setup in-reg] rst_ni -> _60132_/D : -115.246040
[setup in-reg] rst_ni -> _60133_/D : -115.246040
[setup in-reg] rst_ni -> _60215_/D : -115.241974
[setup in-reg] rst_ni -> _60048_/D : -115.208855
[setup in-reg] rst_ni -> _60049_/D : -115.208855
[setup in-reg] rst_ni -> _60050_/D : -115.208855
[setup in-reg] rst_ni -> _60051_/D : -115.208855
[setup in-reg] rst_ni -> _60052_/D : -115.208855
[setup in-reg] rst_ni -> _60053_/D : -115.208855
[setup in-reg] rst_ni -> _60040_/D : -115.208458
[setup in-reg] rst_ni -> _60041_/D : -115.208458
[setup in-reg] rst_ni -> _60042_/D : -115.208458
[setup in-reg] rst_ni -> _60043_/D : -115.208458
[setup in-reg] rst_ni -> _60044_/D : -115.208458
[setup in-reg] rst_ni -> _60045_/D : -115.208458
[setup in-reg] rst_ni -> _59792_/D : -115.164627
[setup in-reg] rst_ni -> _59793_/D : -115.164627
[setup in-reg] rst_ni -> _59794_/D : -115.164627
[setup in-reg] rst_ni -> _59795_/D : -115.164627
[setup in-reg] rst_ni -> _59796_/D : -115.164627
[setup in-reg] rst_ni -> _59797_/D : -115.164627
[setup in-reg] rst_ni -> _60318_/D : -115.157066
[setup in-reg] rst_ni -> _60319_/D : -115.157066
[setup in-reg] rst_ni -> _60286_/D : -115.155914
[setup in-reg] rst_ni -> _60287_/D : -115.155914
[setup in-reg] rst_ni -> _60144_/D : -115.152863
[setup in-reg] rst_ni -> _60145_/D : -115.152863
[setup in-reg] rst_ni -> _60146_/D : -115.152863
[setup in-reg] rst_ni -> _60147_/D : -115.152863
[setup in-reg] rst_ni -> _60148_/D : -115.152863
[setup in-reg] rst_ni -> _60149_/D : -115.152863
[setup in-reg] rst_ni -> _59696_/D : -115.141449
[setup in-reg] rst_ni -> _59697_/D : -115.141449
[setup in-reg] rst_ni -> _59698_/D : -115.141449
[setup in-reg] rst_ni -> _59699_/D : -115.141449
[setup in-reg] rst_ni -> _59700_/D : -115.141449
[setup in-reg] rst_ni -> _59701_/D : -115.141449
[setup in-reg] rst_ni -> _59824_/D : -115.141449
[setup in-reg] rst_ni -> _59825_/D : -115.141449
[setup in-reg] rst_ni -> _59826_/D : -115.141449
[setup in-reg] rst_ni -> _59827_/D : -115.141449
[setup in-reg] rst_ni -> _59828_/D : -115.141449
[setup in-reg] rst_ni -> _59829_/D : -115.141449
[setup in-reg] rst_ni -> _59856_/D : -115.141449
[setup in-reg] rst_ni -> _59857_/D : -115.141449
[setup in-reg] rst_ni -> _59858_/D : -115.141449
[setup in-reg] rst_ni -> _59859_/D : -115.141449
[setup in-reg] rst_ni -> _59860_/D : -115.141449
[setup in-reg] rst_ni -> _59861_/D : -115.141449
[setup in-reg] rst_ni -> _60120_/D : -115.097198
[setup in-reg] rst_ni -> _60121_/D : -115.097198
[setup in-reg] rst_ni -> _60122_/D : -115.097198
[setup in-reg] rst_ni -> _60123_/D : -115.097198
[setup in-reg] rst_ni -> _60124_/D : -115.097198
[setup in-reg] rst_ni -> _60125_/D : -115.097198
[setup in-reg] rst_ni -> _59440_/D : -115.084793
[setup in-reg] rst_ni -> _59441_/D : -115.084793
[setup in-reg] rst_ni -> _59442_/D : -115.084793
[setup in-reg] rst_ni -> _59443_/D : -115.084793
[setup in-reg] rst_ni -> _59444_/D : -115.084793
[setup in-reg] rst_ni -> _59445_/D : -115.084793
[setup in-reg] rst_ni -> _59768_/D : -115.029839
[setup in-reg] rst_ni -> _59769_/D : -115.029839
[setup in-reg] rst_ni -> _59770_/D : -115.029839
[setup in-reg] rst_ni -> _59771_/D : -115.029839
[setup in-reg] rst_ni -> _59772_/D : -115.029839
[setup in-reg] rst_ni -> _59773_/D : -115.029839
[setup in-reg] rst_ni -> _59784_/D : -115.029839
[setup in-reg] rst_ni -> _59785_/D : -115.029839
[setup in-reg] rst_ni -> _59786_/D : -115.029839
[setup in-reg] rst_ni -> _59787_/D : -115.029839
[setup in-reg] rst_ni -> _59788_/D : -115.029839
[setup in-reg] rst_ni -> _59789_/D : -115.029839
[setup in-reg] rst_ni -> _59832_/D : -115.016624
[setup in-reg] rst_ni -> _59833_/D : -115.016624
[setup in-reg] rst_ni -> _59834_/D : -115.016624
[setup in-reg] rst_ni -> _59835_/D : -115.016624
[setup in-reg] rst_ni -> _59836_/D : -115.016624
[setup in-reg] rst_ni -> _59837_/D : -115.016624
[setup in-reg] rst_ni -> _59952_/D : -115.014717
[setup in-reg] rst_ni -> _59953_/D : -115.014717
[setup in-reg] rst_ni -> _59954_/D : -115.014717
[setup in-reg] rst_ni -> _59955_/D : -115.014717
[setup in-reg] rst_ni -> _59956_/D : -115.014717
[setup in-reg] rst_ni -> _59957_/D : -115.014717
[setup in-reg] rst_ni -> _59984_/D : -115.014717
[setup in-reg] rst_ni -> _59985_/D : -115.014717
[setup in-reg] rst_ni -> _59986_/D : -115.014717
[setup in-reg] rst_ni -> _59987_/D : -115.014717
[setup in-reg] rst_ni -> _59988_/D : -115.014717
[setup in-reg] rst_ni -> _59989_/D : -115.014717
[setup in-reg] rst_ni -> _60235_/D : -115.011978
[setup in-reg] rst_ni -> _60236_/D : -115.011978
[setup in-reg] rst_ni -> _60237_/D : -115.011978
[setup in-reg] rst_ni -> _59704_/D : -115.007553
[setup in-reg] rst_ni -> _59705_/D : -115.007553
[setup in-reg] rst_ni -> _59706_/D : -115.007553
[setup in-reg] rst_ni -> _59707_/D : -115.007553
[setup in-reg] rst_ni -> _59708_/D : -115.007553
[setup in-reg] rst_ni -> _59709_/D : -115.007553
[setup in-reg] rst_ni -> _59720_/D : -115.007553
[setup in-reg] rst_ni -> _59721_/D : -115.007553
[setup in-reg] rst_ni -> _59722_/D : -115.007553
[setup in-reg] rst_ni -> _59723_/D : -115.007553
[setup in-reg] rst_ni -> _59724_/D : -115.007553
[setup in-reg] rst_ni -> _59725_/D : -115.007553
[setup in-reg] rst_ni -> _59880_/D : -115.007553
[setup in-reg] rst_ni -> _59881_/D : -115.007553
[setup in-reg] rst_ni -> _59882_/D : -115.007553
[setup in-reg] rst_ni -> _59883_/D : -115.007553
[setup in-reg] rst_ni -> _59884_/D : -115.007553
[setup in-reg] rst_ni -> _59885_/D : -115.007553
[setup in-reg] rst_ni -> _59656_/D : -115.002655
[setup in-reg] rst_ni -> _59657_/D : -115.002655
[setup in-reg] rst_ni -> _59658_/D : -115.002655
[setup in-reg] rst_ni -> _59659_/D : -115.002655
[setup in-reg] rst_ni -> _59660_/D : -115.002655
[setup in-reg] rst_ni -> _59661_/D : -115.002655
[setup in-reg] rst_ni -> _59800_/D : -115.002655
[setup in-reg] rst_ni -> _59801_/D : -115.002655
[setup in-reg] rst_ni -> _59802_/D : -115.002655
[setup in-reg] rst_ni -> _59803_/D : -115.002655
[setup in-reg] rst_ni -> _59804_/D : -115.002655
[setup in-reg] rst_ni -> _59805_/D : -115.002655
[setup in-reg] rst_ni -> _59816_/D : -115.002655
[setup in-reg] rst_ni -> _59817_/D : -115.002655
[setup in-reg] rst_ni -> _59818_/D : -115.002655
[setup in-reg] rst_ni -> _59819_/D : -115.002655
[setup in-reg] rst_ni -> _59820_/D : -115.002655
[setup in-reg] rst_ni -> _59821_/D : -115.002655
[setup in-reg] rst_ni -> _59848_/D : -115.002594
[setup in-reg] rst_ni -> _59849_/D : -115.002594
[setup in-reg] rst_ni -> _59850_/D : -115.002594
[setup in-reg] rst_ni -> _59851_/D : -115.002594
[setup in-reg] rst_ni -> _59852_/D : -115.002594
[setup in-reg] rst_ni -> _59853_/D : -115.002594
[setup in-reg] rst_ni -> _59896_/D : -115.002266
[setup in-reg] rst_ni -> _59897_/D : -115.002266
[setup in-reg] rst_ni -> _59898_/D : -115.002266
[setup in-reg] rst_ni -> _59899_/D : -115.002266
[setup in-reg] rst_ni -> _59900_/D : -115.002266
[setup in-reg] rst_ni -> _59901_/D : -115.002266
[setup in-reg] rst_ni -> _59912_/D : -115.002266
[setup in-reg] rst_ni -> _59913_/D : -115.002266
[setup in-reg] rst_ni -> _59914_/D : -115.002266
[setup in-reg] rst_ni -> _59915_/D : -115.002266
[setup in-reg] rst_ni -> _59916_/D : -115.002266
[setup in-reg] rst_ni -> _59917_/D : -115.002266
[setup in-reg] rst_ni -> _59672_/D : -115.001953
[setup in-reg] rst_ni -> _59673_/D : -115.001953
[setup in-reg] rst_ni -> _59674_/D : -115.001953
[setup in-reg] rst_ni -> _59675_/D : -115.001953
[setup in-reg] rst_ni -> _59676_/D : -115.001953
[setup in-reg] rst_ni -> _59677_/D : -115.001953
[setup in-reg] rst_ni -> _59688_/D : -115.001953
[setup in-reg] rst_ni -> _59689_/D : -115.001953
[setup in-reg] rst_ni -> _59690_/D : -115.001953
[setup in-reg] rst_ni -> _59691_/D : -115.001953
[setup in-reg] rst_ni -> _59692_/D : -115.001953
[setup in-reg] rst_ni -> _59693_/D : -115.001953
[setup in-reg] rst_ni -> _59728_/D : -114.995461
[setup in-reg] rst_ni -> _59729_/D : -114.995461
[setup in-reg] rst_ni -> _59730_/D : -114.995461
[setup in-reg] rst_ni -> _59731_/D : -114.995461
[setup in-reg] rst_ni -> _59732_/D : -114.995461
[setup in-reg] rst_ni -> _59733_/D : -114.995461
[setup in-reg] rst_ni -> _59888_/D : -114.995461
[setup in-reg] rst_ni -> _59889_/D : -114.995461
[setup in-reg] rst_ni -> _59890_/D : -114.995461
[setup in-reg] rst_ni -> _59891_/D : -114.995461
[setup in-reg] rst_ni -> _59892_/D : -114.995461
[setup in-reg] rst_ni -> _59893_/D : -114.995461
[setup in-reg] rst_ni -> _59664_/D : -114.995293
[setup in-reg] rst_ni -> _59665_/D : -114.995293
[setup in-reg] rst_ni -> _59666_/D : -114.995293
[setup in-reg] rst_ni -> _59667_/D : -114.995293
[setup in-reg] rst_ni -> _59668_/D : -114.995293
[setup in-reg] rst_ni -> _59669_/D : -114.995293
[setup in-reg] rst_ni -> _60232_/D : -114.971046
[setup in-reg] rst_ni -> _60233_/D : -114.971046
[setup in-reg] rst_ni -> _60234_/D : -114.971046
[setup in-reg] rst_ni -> _60350_/D : -114.967010
[setup in-reg] rst_ni -> _60351_/D : -114.967010
[setup in-reg] rst_ni -> _59432_/D : -114.962364
[setup in-reg] rst_ni -> _59416_/D : -114.958755
[setup in-reg] rst_ni -> _59417_/D : -114.958755
[setup in-reg] rst_ni -> _59418_/D : -114.958755
[setup in-reg] rst_ni -> _59419_/D : -114.958755
[setup in-reg] rst_ni -> _59420_/D : -114.958755
[setup in-reg] rst_ni -> _59421_/D : -114.958755
[setup in-reg] rst_ni -> _60224_/D : -114.957092
[setup in-reg] rst_ni -> _60225_/D : -114.957092
[setup in-reg] rst_ni -> _60226_/D : -114.957092
[setup in-reg] rst_ni -> _60227_/D : -114.957092
[setup in-reg] rst_ni -> _60228_/D : -114.957092
[setup in-reg] rst_ni -> _60229_/D : -114.957092
[setup in-reg] rst_ni -> _60216_/D : -114.948891
[setup in-reg] rst_ni -> _60217_/D : -114.948891
[setup in-reg] rst_ni -> _60218_/D : -114.948891
[setup in-reg] rst_ni -> _60219_/D : -114.948891
[setup in-reg] rst_ni -> _60220_/D : -114.948891
[setup in-reg] rst_ni -> _60221_/D : -114.948891
[setup in-reg] rst_ni -> _59744_/D : -114.935661
[setup in-reg] rst_ni -> _59745_/D : -114.935661
[setup in-reg] rst_ni -> _59746_/D : -114.935661
[setup in-reg] rst_ni -> _59747_/D : -114.935661
[setup in-reg] rst_ni -> _59748_/D : -114.935661
[setup in-reg] rst_ni -> _59749_/D : -114.935661
[setup in-reg] rst_ni -> _59433_/D : -114.925522
[setup in-reg] rst_ni -> _59434_/D : -114.922653
[setup in-reg] rst_ni -> _59435_/D : -114.922653
[setup in-reg] rst_ni -> _59436_/D : -114.922653
[setup in-reg] rst_ni -> _59437_/D : -114.922653
[setup in-reg] rst_ni -> _59736_/D : -114.860962
[setup in-reg] rst_ni -> _59737_/D : -114.860962
[setup in-reg] rst_ni -> _59738_/D : -114.860962
[setup in-reg] rst_ni -> _59739_/D : -114.860962
[setup in-reg] rst_ni -> _59740_/D : -114.860962
[setup in-reg] rst_ni -> _59741_/D : -114.860962
[setup in-reg] rst_ni -> _59752_/D : -114.860962
[setup in-reg] rst_ni -> _59753_/D : -114.860962
[setup in-reg] rst_ni -> _59754_/D : -114.860962
[setup in-reg] rst_ni -> _59755_/D : -114.860962
[setup in-reg] rst_ni -> _59756_/D : -114.860962
[setup in-reg] rst_ni -> _59757_/D : -114.860962
[setup in-reg] rst_ni -> _59864_/D : -114.859558
[setup in-reg] rst_ni -> _59865_/D : -114.859558
[setup in-reg] rst_ni -> _59866_/D : -114.859558
[setup in-reg] rst_ni -> _59867_/D : -114.859558
[setup in-reg] rst_ni -> _59868_/D : -114.859558
[setup in-reg] rst_ni -> _59869_/D : -114.859558
[setup in-reg] rst_ni -> _59640_/D : -114.855339
[setup in-reg] rst_ni -> _59641_/D : -114.855339
[setup in-reg] rst_ni -> _59642_/D : -114.855339
[setup in-reg] rst_ni -> _59643_/D : -114.855339
[setup in-reg] rst_ni -> _59644_/D : -114.855339
[setup in-reg] rst_ni -> _59645_/D : -114.855339
[setup in-reg] rst_ni -> _60311_/D : -114.841888
[setup in-reg] rst_ni -> _60310_/D : -114.825569
[setup in-reg] rst_ni -> _60326_/D : -114.825569
[setup in-reg] rst_ni -> _60327_/D : -114.825569
[setup in-reg] rst_ni -> _60279_/D : -114.817062
[setup in-reg] rst_ni -> _60278_/D : -114.800743
[setup in-reg] rst_ni -> _60294_/D : -114.800743
[setup in-reg] rst_ni -> _60295_/D : -114.800743
[setup in-reg] rst_ni -> _60343_/D : -114.783409
[setup in-reg] rst_ni -> _60246_/D : -114.779015
[setup in-reg] rst_ni -> _60262_/D : -114.779015
[setup in-reg] rst_ni -> _60263_/D : -114.779015
[setup in-reg] rst_ni -> _60247_/D : -114.777199
[setup in-reg] rst_ni -> _60334_/D : -114.710518
[setup in-reg] rst_ni -> _60335_/D : -114.710518
[setup in-reg] rst_ni -> _60320_/D : -114.671898
[setup in-reg] rst_ni -> _60321_/D : -114.671898
[setup in-reg] rst_ni -> _60322_/D : -114.671898
[setup in-reg] rst_ni -> _60323_/D : -114.671898
[setup in-reg] rst_ni -> _60324_/D : -114.671898
[setup in-reg] rst_ni -> _60325_/D : -114.671898
[setup in-reg] rst_ni -> _60288_/D : -114.670746
[setup in-reg] rst_ni -> _60289_/D : -114.670746
[setup in-reg] rst_ni -> _60290_/D : -114.670746
[setup in-reg] rst_ni -> _60291_/D : -114.670746
[setup in-reg] rst_ni -> _60292_/D : -114.670746
[setup in-reg] rst_ni -> _60293_/D : -114.670746
[setup in-reg] rst_ni -> _60342_/D : -114.644936
[setup in-reg] rst_ni -> _60352_/D : -114.612434
[setup in-reg] rst_ni -> _60353_/D : -114.612434
[setup in-reg] rst_ni -> _60354_/D : -114.612434
[setup in-reg] rst_ni -> _60355_/D : -114.612434
[setup in-reg] rst_ni -> _60356_/D : -114.612434
[setup in-reg] rst_ni -> _60357_/D : -114.612434
[setup in-reg] rst_ni -> _60358_/D : -114.612534
[setup in-reg] rst_ni -> _60359_/D : -114.612534
[setup in-reg] rst_ni -> _60329_/D : -114.334816
[setup in-reg] rst_ni -> _60312_/D : -114.333649
[setup in-reg] rst_ni -> _60313_/D : -114.333649
[setup in-reg] rst_ni -> _60314_/D : -114.333649
[setup in-reg] rst_ni -> _60315_/D : -114.333649
[setup in-reg] rst_ni -> _60316_/D : -114.333649
[setup in-reg] rst_ni -> _60317_/D : -114.333649
[setup in-reg] rst_ni -> _60330_/D : -114.332527
[setup in-reg] rst_ni -> _60331_/D : -114.332527
[setup in-reg] rst_ni -> _60332_/D : -114.332527
[setup in-reg] rst_ni -> _60333_/D : -114.332527
[setup in-reg] rst_ni -> _60328_/D : -114.332359
[setup in-reg] rst_ni -> _60297_/D : -114.310104
[setup in-reg] rst_ni -> _60280_/D : -114.308937
[setup in-reg] rst_ni -> _60281_/D : -114.308937
[setup in-reg] rst_ni -> _60282_/D : -114.308937
[setup in-reg] rst_ni -> _60283_/D : -114.308937
[setup in-reg] rst_ni -> _60284_/D : -114.308937
[setup in-reg] rst_ni -> _60285_/D : -114.308937
[setup in-reg] rst_ni -> _60298_/D : -114.307816
[setup in-reg] rst_ni -> _60299_/D : -114.307816
[setup in-reg] rst_ni -> _60300_/D : -114.307816
[setup in-reg] rst_ni -> _60301_/D : -114.307816
[setup in-reg] rst_ni -> _60296_/D : -114.307648
[setup in-reg] rst_ni -> _60264_/D : -114.304283
[setup in-reg] rst_ni -> _60265_/D : -114.304283
[setup in-reg] rst_ni -> _60266_/D : -114.304283
[setup in-reg] rst_ni -> _60267_/D : -114.304283
[setup in-reg] rst_ni -> _60268_/D : -114.304283
[setup in-reg] rst_ni -> _60269_/D : -114.304283
[setup in-reg] rst_ni -> _60248_/D : -114.304131
[setup in-reg] rst_ni -> _60249_/D : -114.304131
[setup in-reg] rst_ni -> _60250_/D : -114.304131
[setup in-reg] rst_ni -> _60251_/D : -114.304131
[setup in-reg] rst_ni -> _60252_/D : -114.304131
[setup in-reg] rst_ni -> _60253_/D : -114.304131
[setup in-reg] rst_ni -> _60344_/D : -114.279892
[setup in-reg] rst_ni -> _60345_/D : -114.279892
[setup in-reg] rst_ni -> _60346_/D : -114.279892
[setup in-reg] rst_ni -> _60347_/D : -114.279892
[setup in-reg] rst_ni -> _60348_/D : -114.279892
[setup in-reg] rst_ni -> _60349_/D : -114.279892
[setup in-reg] rst_ni -> _60361_/D : -114.251793
[setup in-reg] rst_ni -> _60362_/D : -114.249504
[setup in-reg] rst_ni -> _60363_/D : -114.249504
[setup in-reg] rst_ni -> _60364_/D : -114.249504
[setup in-reg] rst_ni -> _60365_/D : -114.249504
[setup in-reg] rst_ni -> _60360_/D : -114.249344
[setup in-reg] rst_ni -> _59759_/D : -114.231392
[setup in-reg] rst_ni -> _59758_/D : -114.229836
[setup in-reg] rst_ni -> _60336_/D : -114.195885
[setup in-reg] rst_ni -> _60337_/D : -114.195885
[setup in-reg] rst_ni -> _60338_/D : -114.195885
[setup in-reg] rst_ni -> _60339_/D : -114.195885
[setup in-reg] rst_ni -> _60340_/D : -114.195885
[setup in-reg] rst_ni -> _60341_/D : -114.195885
[setup in-reg] rst_ni -> _59623_/D : -114.185226
[setup in-reg] rst_ni -> _59622_/D : -114.162201
[setup in-reg] rst_ni -> _59423_/D : -114.097252
[setup in-reg] rst_ni -> _59422_/D : -114.082451
[setup in-reg] rst_ni -> _59542_/D : -114.049057
[setup in-reg] rst_ni -> _59543_/D : -114.049057
[setup in-reg] rst_ni -> _59551_/D : -114.027931
[setup in-reg] rst_ni -> _59583_/D : -114.027931
[setup in-reg] rst_ni -> _59615_/D : -114.027931
[setup in-reg] rst_ni -> _60415_/D : -114.027931
[setup in-reg] rst_ni -> _59550_/D : -114.016541
[setup in-reg] rst_ni -> _59582_/D : -114.016541
[setup in-reg] rst_ni -> _59614_/D : -114.016541
[setup in-reg] rst_ni -> _60414_/D : -114.016541
[setup in-reg] rst_ni -> _59455_/D : -113.994308
[setup in-reg] rst_ni -> _59446_/D : -113.921165
[setup in-reg] rst_ni -> _59447_/D : -113.921165
[setup in-reg] rst_ni -> _59606_/D : -113.921165
[setup in-reg] rst_ni -> _59607_/D : -113.921165
[setup in-reg] rst_ni -> _59567_/D : -113.911804
[setup in-reg] rst_ni -> _59599_/D : -113.911804
[setup in-reg] rst_ni -> _59566_/D : -113.905968
[setup in-reg] rst_ni -> _59598_/D : -113.905968
[setup in-reg] rst_ni -> _59471_/D : -113.878181
[setup in-reg] rst_ni -> _59454_/D : -113.868317
[setup in-reg] rst_ni -> _59574_/D : -113.828239
[setup in-reg] rst_ni -> _59575_/D : -113.828239
[setup in-reg] rst_ni -> _60391_/D : -113.794991
[setup in-reg] rst_ni -> _59919_/D : -113.766205
[setup in-reg] rst_ni -> _59918_/D : -113.760025
[setup in-reg] rst_ni -> _59626_/D : -113.758667
[setup in-reg] rst_ni -> _59627_/D : -113.758667
[setup in-reg] rst_ni -> _59628_/D : -113.758667
[setup in-reg] rst_ni -> _59629_/D : -113.758667
[setup in-reg] rst_ni -> _59470_/D : -113.749641
[setup in-reg] rst_ni -> _59463_/D : -113.738678
[setup in-reg] rst_ni -> _59559_/D : -113.738678
[setup in-reg] rst_ni -> _59591_/D : -113.738678
[setup in-reg] rst_ni -> _60423_/D : -113.738678
[setup in-reg] rst_ni -> _59765_/D : -113.725403
[setup in-reg] rst_ni -> _59631_/D : -113.723480
[setup in-reg] rst_ni -> _59630_/D : -113.717293
[setup in-reg] rst_ni -> _59462_/D : -113.715652
[setup in-reg] rst_ni -> _59558_/D : -113.715652
[setup in-reg] rst_ni -> _59590_/D : -113.715652
[setup in-reg] rst_ni -> _60422_/D : -113.715652
[setup in-reg] rst_ni -> _59761_/D : -113.711143
[setup in-reg] rst_ni -> _59762_/D : -113.711143
[setup in-reg] rst_ni -> _59763_/D : -113.711143
[setup in-reg] rst_ni -> _59764_/D : -113.711143
[setup in-reg] rst_ni -> _59624_/D : -113.710907
[setup in-reg] rst_ni -> _59625_/D : -113.710907
[setup in-reg] rst_ni -> _59760_/D : -113.707794
[setup in-reg] rst_ni -> _60390_/D : -113.658653
[setup in-reg] rst_ni -> _60367_/D : -113.606438
[setup in-reg] rst_ni -> _60366_/D : -113.600258
[setup in-reg] rst_ni -> _59519_/D : -113.551949
[setup in-reg] rst_ni -> _60383_/D : -113.551949
[setup in-reg] rst_ni -> _59518_/D : -113.540558
[setup in-reg] rst_ni -> _60382_/D : -113.540558
[setup in-reg] rst_ni -> _59495_/D : -113.518219
[setup in-reg] rst_ni -> _59527_/D : -113.518219
[setup in-reg] rst_ni -> _59494_/D : -113.495201
[setup in-reg] rst_ni -> _59526_/D : -113.495201
[setup in-reg] rst_ni -> _59448_/D : -113.485809
[setup in-reg] rst_ni -> _59449_/D : -113.485809
[setup in-reg] rst_ni -> _59450_/D : -113.485809
[setup in-reg] rst_ni -> _59451_/D : -113.485809
[setup in-reg] rst_ni -> _59452_/D : -113.485809
[setup in-reg] rst_ni -> _59453_/D : -113.485809
[setup in-reg] rst_ni -> _59608_/D : -113.485809
[setup in-reg] rst_ni -> _59609_/D : -113.485809
[setup in-reg] rst_ni -> _59610_/D : -113.485809
[setup in-reg] rst_ni -> _59611_/D : -113.485809
[setup in-reg] rst_ni -> _59612_/D : -113.485809
[setup in-reg] rst_ni -> _59613_/D : -113.485809
[setup in-reg] rst_ni -> _60406_/D : -113.484322
[setup in-reg] rst_ni -> _60407_/D : -113.484322
[setup in-reg] rst_ni -> _60399_/D : -113.480637
[setup in-reg] rst_ni -> _60398_/D : -113.474792
[setup in-reg] rst_ni -> _59544_/D : -113.464088
[setup in-reg] rst_ni -> _59545_/D : -113.464088
[setup in-reg] rst_ni -> _59546_/D : -113.464088
[setup in-reg] rst_ni -> _59547_/D : -113.464088
[setup in-reg] rst_ni -> _59548_/D : -113.464088
[setup in-reg] rst_ni -> _59549_/D : -113.464088
[setup in-reg] rst_ni -> _59424_/D : -113.454956
[setup in-reg] rst_ni -> _59425_/D : -113.454964
[setup in-reg] rst_ni -> _59426_/D : -113.454964
[setup in-reg] rst_ni -> _59427_/D : -113.454964
[setup in-reg] rst_ni -> _59428_/D : -113.454964
[setup in-reg] rst_ni -> _59429_/D : -113.454964
[setup in-reg] rst_ni -> _57214_/D : -113.454208
[setup in-reg] rst_ni -> _57215_/D : -113.454208
[setup in-reg] rst_ni -> _57216_/D : -113.454208
[setup in-reg] rst_ni -> _57217_/D : -113.454208
[setup in-reg] rst_ni -> _57218_/D : -113.454208
[setup in-reg] rst_ni -> _57219_/D : -113.454208
[setup in-reg] rst_ni -> _57220_/D : -113.454208
[setup in-reg] rst_ni -> _57221_/D : -113.454208
[setup in-reg] rst_ni -> _57222_/D : -113.454208
[setup in-reg] rst_ni -> _57223_/D : -113.454208
[setup in-reg] rst_ni -> _57224_/D : -113.454208
[setup in-reg] rst_ni -> _57225_/D : -113.454208
[setup in-reg] rst_ni -> _57226_/D : -113.454208
[setup in-reg] rst_ni -> _57227_/D : -113.454208
[setup in-reg] rst_ni -> _57228_/D : -113.454208
[setup in-reg] rst_ni -> _57229_/D : -113.454208
[setup in-reg] rst_ni -> _57230_/D : -113.454208
[setup in-reg] rst_ni -> _57231_/D : -113.454208
[setup in-reg] rst_ni -> _57232_/D : -113.454208
[setup in-reg] rst_ni -> _57233_/D : -113.454208
[setup in-reg] rst_ni -> _59503_/D : -113.446983
[setup in-reg] rst_ni -> _59502_/D : -113.441139
[setup in-reg] rst_ni -> _59573_/D : -113.435799
[setup in-reg] rst_ni -> _59605_/D : -113.435799
[setup in-reg] rst_ni -> _59552_/D : -113.429184
[setup in-reg] rst_ni -> _59553_/D : -113.429184
[setup in-reg] rst_ni -> _59554_/D : -113.429184
[setup in-reg] rst_ni -> _59555_/D : -113.429184
[setup in-reg] rst_ni -> _59556_/D : -113.429184
[setup in-reg] rst_ni -> _59557_/D : -113.429184
[setup in-reg] rst_ni -> _59584_/D : -113.429184
[setup in-reg] rst_ni -> _59585_/D : -113.429184
[setup in-reg] rst_ni -> _59586_/D : -113.429184
[setup in-reg] rst_ni -> _59587_/D : -113.429184
[setup in-reg] rst_ni -> _59588_/D : -113.429184
[setup in-reg] rst_ni -> _59589_/D : -113.429184
[setup in-reg] rst_ni -> _59616_/D : -113.429184
[setup in-reg] rst_ni -> _59617_/D : -113.429184
[setup in-reg] rst_ni -> _59618_/D : -113.429184
[setup in-reg] rst_ni -> _59619_/D : -113.429184
[setup in-reg] rst_ni -> _59620_/D : -113.429184
[setup in-reg] rst_ni -> _59621_/D : -113.429184
[setup in-reg] rst_ni -> _60416_/D : -113.429184
[setup in-reg] rst_ni -> _60417_/D : -113.429184
[setup in-reg] rst_ni -> _60418_/D : -113.429184
[setup in-reg] rst_ni -> _60419_/D : -113.429184
[setup in-reg] rst_ni -> _60420_/D : -113.429184
[setup in-reg] rst_ni -> _60421_/D : -113.429184
[setup in-reg] rst_ni -> _59569_/D : -113.421539
[setup in-reg] rst_ni -> _59570_/D : -113.421539
[setup in-reg] rst_ni -> _59571_/D : -113.421539
[setup in-reg] rst_ni -> _59572_/D : -113.421539
[setup in-reg] rst_ni -> _59601_/D : -113.421539
[setup in-reg] rst_ni -> _59602_/D : -113.421539
[setup in-reg] rst_ni -> _59603_/D : -113.421539
[setup in-reg] rst_ni -> _59604_/D : -113.421539
[setup in-reg] rst_ni -> _59925_/D : -113.420082
[setup in-reg] rst_ni -> _59568_/D : -113.418823
[setup in-reg] rst_ni -> _59600_/D : -113.418823
[setup in-reg] rst_ni -> _59576_/D : -113.408646
[setup in-reg] rst_ni -> _59577_/D : -113.408646
[setup in-reg] rst_ni -> _59578_/D : -113.408646
[setup in-reg] rst_ni -> _59579_/D : -113.408646
[setup in-reg] rst_ni -> _59580_/D : -113.408646
[setup in-reg] rst_ni -> _59581_/D : -113.408646
[setup in-reg] rst_ni -> _59477_/D : -113.406754
[setup in-reg] rst_ni -> _59921_/D : -113.405823
[setup in-reg] rst_ni -> _59922_/D : -113.405823
[setup in-reg] rst_ni -> _59923_/D : -113.405823
[setup in-reg] rst_ni -> _59924_/D : -113.405823
[setup in-reg] rst_ni -> _59920_/D : -113.402473
[setup in-reg] rst_ni -> _59456_/D : -113.400124
[setup in-reg] rst_ni -> _59457_/D : -113.400124
[setup in-reg] rst_ni -> _59458_/D : -113.400124
[setup in-reg] rst_ni -> _59459_/D : -113.400124
[setup in-reg] rst_ni -> _59460_/D : -113.400124
[setup in-reg] rst_ni -> _59461_/D : -113.400124
[setup in-reg] rst_ni -> _57142_/D : -113.398956
[setup in-reg] rst_ni -> _57143_/D : -113.398956
[setup in-reg] rst_ni -> _57144_/D : -113.399002
[setup in-reg] rst_ni -> _57145_/D : -113.399002
[setup in-reg] rst_ni -> _57146_/D : -113.398956
[setup in-reg] rst_ni -> _57147_/D : -113.398956
[setup in-reg] rst_ni -> _57148_/D : -113.399002
[setup in-reg] rst_ni -> _57149_/D : -113.399002
[setup in-reg] rst_ni -> _57015_/D : -113.393471
[setup in-reg] rst_ni -> _57014_/D : -113.392700
[setup in-reg] rst_ni -> _57016_/D : -113.392548
[setup in-reg] rst_ni -> _57017_/D : -113.392448
[setup in-reg] rst_ni -> _57018_/D : -113.392403
[setup in-reg] rst_ni -> _57019_/D : -113.392448
[setup in-reg] rst_ni -> _57020_/D : -113.392426
[setup in-reg] rst_ni -> _59473_/D : -113.392494
[setup in-reg] rst_ni -> _59474_/D : -113.392494
[setup in-reg] rst_ni -> _59475_/D : -113.392494
[setup in-reg] rst_ni -> _59476_/D : -113.392494
[setup in-reg] rst_ni -> _57021_/D : -113.392365
[setup in-reg] rst_ni -> _59472_/D : -113.389778
[setup in-reg] rst_ni -> _59478_/D : -113.382385
[setup in-reg] rst_ni -> _59479_/D : -113.382385
[setup in-reg] rst_ni -> _59510_/D : -113.382385
[setup in-reg] rst_ni -> _59511_/D : -113.382385
[setup in-reg] rst_ni -> _60374_/D : -113.382385
[setup in-reg] rst_ni -> _60375_/D : -113.382385
[setup in-reg] rst_ni -> _59637_/D : -113.377480
[setup in-reg] rst_ni -> _60430_/D : -113.370415
[setup in-reg] rst_ni -> _60431_/D : -113.370415
[setup in-reg] rst_ni -> _59633_/D : -113.363220
[setup in-reg] rst_ni -> _59634_/D : -113.363220
[setup in-reg] rst_ni -> _59635_/D : -113.363220
[setup in-reg] rst_ni -> _59636_/D : -113.363220
[setup in-reg] rst_ni -> _59487_/D : -113.361229
[setup in-reg] rst_ni -> _59632_/D : -113.360504
[setup in-reg] rst_ni -> _59486_/D : -113.349251
[setup in-reg] rst_ni -> _57156_/D : -113.347168
[setup in-reg] rst_ni -> _57044_/D : -113.344604
[setup in-reg] rst_ni -> _57045_/D : -113.344604
[setup in-reg] rst_ni -> _57150_/D : -113.343361
[setup in-reg] rst_ni -> _57151_/D : -113.343361
[setup in-reg] rst_ni -> _57152_/D : -113.343361
[setup in-reg] rst_ni -> _57154_/D : -113.343361
[setup in-reg] rst_ni -> _57155_/D : -113.343361
[setup in-reg] rst_ni -> _57157_/D : -113.343361
[setup in-reg] rst_ni -> _57158_/D : -113.343361
[setup in-reg] rst_ni -> _57159_/D : -113.343361
[setup in-reg] rst_ni -> _57160_/D : -113.343361
[setup in-reg] rst_ni -> _57161_/D : -113.343361
[setup in-reg] rst_ni -> _57162_/D : -113.343361
[setup in-reg] rst_ni -> _57163_/D : -113.343361
[setup in-reg] rst_ni -> _57164_/D : -113.343361
[setup in-reg] rst_ni -> _57165_/D : -113.343361
[setup in-reg] rst_ni -> _57166_/D : -113.343361
[setup in-reg] rst_ni -> _57167_/D : -113.343361
[setup in-reg] rst_ni -> _57168_/D : -113.343361
[setup in-reg] rst_ni -> _57169_/D : -113.343361
[setup in-reg] rst_ni -> _57170_/D : -113.343361
[setup in-reg] rst_ni -> _57171_/D : -113.343361
[setup in-reg] rst_ni -> _57153_/D : -113.343178
[setup in-reg] rst_ni -> _57022_/D : -113.341942
[setup in-reg] rst_ni -> _57023_/D : -113.341942
[setup in-reg] rst_ni -> _57024_/D : -113.341942
[setup in-reg] rst_ni -> _57026_/D : -113.341942
[setup in-reg] rst_ni -> _57027_/D : -113.341942
[setup in-reg] rst_ni -> _57029_/D : -113.341942
[setup in-reg] rst_ni -> _57030_/D : -113.341942
[setup in-reg] rst_ni -> _57031_/D : -113.341942
[setup in-reg] rst_ni -> _57032_/D : -113.341942
[setup in-reg] rst_ni -> _57033_/D : -113.341942
[setup in-reg] rst_ni -> _57034_/D : -113.341942
[setup in-reg] rst_ni -> _57035_/D : -113.341942
[setup in-reg] rst_ni -> _57036_/D : -113.341942
[setup in-reg] rst_ni -> _57037_/D : -113.341942
[setup in-reg] rst_ni -> _57038_/D : -113.341942
[setup in-reg] rst_ni -> _57039_/D : -113.341942
[setup in-reg] rst_ni -> _57040_/D : -113.341942
[setup in-reg] rst_ni -> _57041_/D : -113.341942
[setup in-reg] rst_ni -> _57042_/D : -113.341942
[setup in-reg] rst_ni -> _57043_/D : -113.341942
[setup in-reg] rst_ni -> _57025_/D : -113.305817
[setup in-reg] rst_ni -> _57028_/D : -113.304459
[setup in-reg] rst_ni -> _59466_/D : -113.303680
[setup in-reg] rst_ni -> _59467_/D : -113.303680
[setup in-reg] rst_ni -> _59468_/D : -113.303680
[setup in-reg] rst_ni -> _59469_/D : -113.303680
[setup in-reg] rst_ni -> _59562_/D : -113.303680
[setup in-reg] rst_ni -> _59563_/D : -113.303680
[setup in-reg] rst_ni -> _59564_/D : -113.303680
[setup in-reg] rst_ni -> _59565_/D : -113.303680
[setup in-reg] rst_ni -> _59594_/D : -113.303680
[setup in-reg] rst_ni -> _59595_/D : -113.303680
[setup in-reg] rst_ni -> _59596_/D : -113.303680
[setup in-reg] rst_ni -> _59597_/D : -113.303680
[setup in-reg] rst_ni -> _60426_/D : -113.303680
[setup in-reg] rst_ni -> _60427_/D : -113.303680
[setup in-reg] rst_ni -> _60428_/D : -113.303680
[setup in-reg] rst_ni -> _60429_/D : -113.303680
[setup in-reg] rst_ni -> _59464_/D : -113.294945
[setup in-reg] rst_ni -> _59465_/D : -113.294945
[setup in-reg] rst_ni -> _59560_/D : -113.294945
[setup in-reg] rst_ni -> _59561_/D : -113.294945
[setup in-reg] rst_ni -> _59592_/D : -113.294945
[setup in-reg] rst_ni -> _59593_/D : -113.294945
[setup in-reg] rst_ni -> _60424_/D : -113.294945
[setup in-reg] rst_ni -> _60425_/D : -113.294945
[setup in-reg] rst_ni -> _60373_/D : -113.288612
[setup in-reg] rst_ni -> _60369_/D : -113.278580
[setup in-reg] rst_ni -> _60370_/D : -113.278580
[setup in-reg] rst_ni -> _60371_/D : -113.278580
[setup in-reg] rst_ni -> _60372_/D : -113.278580
[setup in-reg] rst_ni -> _60368_/D : -113.275192
[setup in-reg] rst_ni -> _57092_/D : -113.259865
[setup in-reg] rst_ni -> _59535_/D : -113.259933
[setup in-reg] rst_ni -> _57086_/D : -113.255112
[setup in-reg] rst_ni -> _57087_/D : -113.255112
[setup in-reg] rst_ni -> _57088_/D : -113.255112
[setup in-reg] rst_ni -> _57090_/D : -113.255112
[setup in-reg] rst_ni -> _57091_/D : -113.255112
[setup in-reg] rst_ni -> _57093_/D : -113.255112
[setup in-reg] rst_ni -> _57094_/D : -113.255112
[setup in-reg] rst_ni -> _57095_/D : -113.255112
[setup in-reg] rst_ni -> _57096_/D : -113.255112
[setup in-reg] rst_ni -> _57097_/D : -113.255112
[setup in-reg] rst_ni -> _57098_/D : -113.255112
[setup in-reg] rst_ni -> _57099_/D : -113.255112
[setup in-reg] rst_ni -> _57100_/D : -113.255112
[setup in-reg] rst_ni -> _57101_/D : -113.255112
[setup in-reg] rst_ni -> _57102_/D : -113.255112
[setup in-reg] rst_ni -> _57103_/D : -113.255112
[setup in-reg] rst_ni -> _57104_/D : -113.255112
[setup in-reg] rst_ni -> _57105_/D : -113.255112
[setup in-reg] rst_ni -> _57106_/D : -113.255112
[setup in-reg] rst_ni -> _57107_/D : -113.255112
[setup in-reg] rst_ni -> _57089_/D : -113.254898
[setup in-reg] rst_ni -> _59534_/D : -113.253754
[setup in-reg] rst_ni -> _57078_/D : -113.253159
[setup in-reg] rst_ni -> _57079_/D : -113.252045
[setup in-reg] rst_ni -> _57080_/D : -113.251862
[setup in-reg] rst_ni -> _57081_/D : -113.251862
[setup in-reg] rst_ni -> _57082_/D : -113.251862
[setup in-reg] rst_ni -> _57083_/D : -113.251862
[setup in-reg] rst_ni -> _57084_/D : -113.251862
[setup in-reg] rst_ni -> _57085_/D : -113.251862
[setup in-reg] rst_ni -> _60394_/D : -113.215195
[setup in-reg] rst_ni -> _60395_/D : -113.215195
[setup in-reg] rst_ni -> _60396_/D : -113.215195
[setup in-reg] rst_ni -> _60397_/D : -113.215195
[setup in-reg] rst_ni -> _60392_/D : -113.206963
[setup in-reg] rst_ni -> _60393_/D : -113.206963
[setup in-reg] rst_ni -> _59498_/D : -113.107368
[setup in-reg] rst_ni -> _59499_/D : -113.107368
[setup in-reg] rst_ni -> _59500_/D : -113.107368
[setup in-reg] rst_ni -> _59501_/D : -113.107368
[setup in-reg] rst_ni -> _59530_/D : -113.107368
[setup in-reg] rst_ni -> _59531_/D : -113.107368
[setup in-reg] rst_ni -> _59532_/D : -113.107368
[setup in-reg] rst_ni -> _59533_/D : -113.107368
[setup in-reg] rst_ni -> _57172_/D : -113.097366
[setup in-reg] rst_ni -> _57173_/D : -113.097366
[setup in-reg] rst_ni -> _57206_/D : -113.083649
[setup in-reg] rst_ni -> _57208_/D : -113.083664
[setup in-reg] rst_ni -> _57209_/D : -113.083664
[setup in-reg] rst_ni -> _57210_/D : -113.083649
[setup in-reg] rst_ni -> _57211_/D : -113.083649
[setup in-reg] rst_ni -> _57212_/D : -113.083664
[setup in-reg] rst_ni -> _57213_/D : -113.083664
[setup in-reg] rst_ni -> _57207_/D : -113.083466
[setup in-reg] rst_ni -> _59496_/D : -113.060165
[setup in-reg] rst_ni -> _59497_/D : -113.060165
[setup in-reg] rst_ni -> _59528_/D : -113.060165
[setup in-reg] rst_ni -> _59529_/D : -113.060165
[setup in-reg] rst_ni -> _60408_/D : -113.049324
[setup in-reg] rst_ni -> _60409_/D : -113.049324
[setup in-reg] rst_ni -> _60410_/D : -113.049324
[setup in-reg] rst_ni -> _60411_/D : -113.049324
[setup in-reg] rst_ni -> _60412_/D : -113.049324
[setup in-reg] rst_ni -> _60413_/D : -113.049324
[setup in-reg] rst_ni -> _57234_/D : -113.028740
[setup in-reg] rst_ni -> _57235_/D : -113.028740
[setup in-reg] rst_ni -> _60405_/D : -113.005180
[setup in-reg] rst_ni -> _59504_/D : -113.001808
[setup in-reg] rst_ni -> _60401_/D : -112.990921
[setup in-reg] rst_ni -> _60402_/D : -112.990921
[setup in-reg] rst_ni -> _60403_/D : -112.990921
[setup in-reg] rst_ni -> _60404_/D : -112.990921
[setup in-reg] rst_ni -> _60400_/D : -112.987572
[setup in-reg] rst_ni -> _59509_/D : -112.976135
[setup in-reg] rst_ni -> _59480_/D : -112.963318
[setup in-reg] rst_ni -> _59481_/D : -112.963318
[setup in-reg] rst_ni -> _59482_/D : -112.963318
[setup in-reg] rst_ni -> _59483_/D : -112.963318
[setup in-reg] rst_ni -> _59484_/D : -112.963318
[setup in-reg] rst_ni -> _59485_/D : -112.963318
[setup in-reg] rst_ni -> _59512_/D : -112.963318
[setup in-reg] rst_ni -> _59513_/D : -112.963318
[setup in-reg] rst_ni -> _59514_/D : -112.963318
[setup in-reg] rst_ni -> _59515_/D : -112.963318
[setup in-reg] rst_ni -> _59516_/D : -112.963318
[setup in-reg] rst_ni -> _59517_/D : -112.963318
[setup in-reg] rst_ni -> _60376_/D : -112.963318
[setup in-reg] rst_ni -> _60377_/D : -112.963318
[setup in-reg] rst_ni -> _60378_/D : -112.963318
[setup in-reg] rst_ni -> _60379_/D : -112.963318
[setup in-reg] rst_ni -> _60380_/D : -112.963318
[setup in-reg] rst_ni -> _60381_/D : -112.963318
[setup in-reg] rst_ni -> _59505_/D : -112.961876
[setup in-reg] rst_ni -> _59506_/D : -112.961876
[setup in-reg] rst_ni -> _59507_/D : -112.961876
[setup in-reg] rst_ni -> _59508_/D : -112.961876
[setup in-reg] rst_ni -> _59520_/D : -112.953217
[setup in-reg] rst_ni -> _59521_/D : -112.953217
[setup in-reg] rst_ni -> _59522_/D : -112.953217
[setup in-reg] rst_ni -> _59523_/D : -112.953217
[setup in-reg] rst_ni -> _59524_/D : -112.953217
[setup in-reg] rst_ni -> _59525_/D : -112.953217
[setup in-reg] rst_ni -> _60384_/D : -112.953217
[setup in-reg] rst_ni -> _60385_/D : -112.953217
[setup in-reg] rst_ni -> _60386_/D : -112.953217
[setup in-reg] rst_ni -> _60387_/D : -112.953217
[setup in-reg] rst_ni -> _60388_/D : -112.953217
[setup in-reg] rst_ni -> _60389_/D : -112.953217
[setup in-reg] rst_ni -> _59536_/D : -112.942635
[setup in-reg] rst_ni -> _59488_/D : -112.932053
[setup in-reg] rst_ni -> _59489_/D : -112.932060
[setup in-reg] rst_ni -> _59490_/D : -112.932060
[setup in-reg] rst_ni -> _59491_/D : -112.932060
[setup in-reg] rst_ni -> _59492_/D : -112.932060
[setup in-reg] rst_ni -> _59493_/D : -112.932060
[setup in-reg] rst_ni -> _59541_/D : -112.917213
[setup in-reg] rst_ni -> _60432_/D : -112.903740
[setup in-reg] rst_ni -> _60433_/D : -112.903740
[setup in-reg] rst_ni -> _60434_/D : -112.903740
[setup in-reg] rst_ni -> _60435_/D : -112.903740
[setup in-reg] rst_ni -> _60436_/D : -112.903740
[setup in-reg] rst_ni -> _60437_/D : -112.903740
[setup in-reg] rst_ni -> _59537_/D : -112.902954
[setup in-reg] rst_ni -> _59538_/D : -112.902954
[setup in-reg] rst_ni -> _59539_/D : -112.902954
[setup in-reg] rst_ni -> _59540_/D : -112.902954
[setup in-reg] rst_ni -> _57236_/D : -112.782684
[setup in-reg] rst_ni -> _57237_/D : -112.782684
[setup in-reg] rst_ni -> _57108_/D : -112.284027
[setup in-reg] rst_ni -> _57109_/D : -112.284027
[setup in-reg] rst_ni -> _61857_/D : -112.281723
[setup in-reg] rst_ni -> _61858_/D : -112.281723
[setup in-reg] rst_ni -> _61859_/D : -112.281723
[setup in-reg] rst_ni -> _61860_/D : -112.281723
[setup in-reg] rst_ni -> _61861_/D : -112.281723
[setup in-reg] rst_ni -> _61862_/D : -112.281723
[setup in-reg] rst_ni -> _61863_/D : -112.281723
[setup in-reg] rst_ni -> _61864_/D : -112.281723
[setup in-reg] rst_ni -> _61867_/D : -112.281723
[setup in-reg] rst_ni -> _61869_/D : -112.281723
[setup in-reg] rst_ni -> _61870_/D : -112.281723
[setup in-reg] rst_ni -> _61872_/D : -112.281723
[setup in-reg] rst_ni -> _61874_/D : -112.281723
[setup in-reg] rst_ni -> _61876_/D : -112.281723
[setup in-reg] rst_ni -> _61877_/D : -112.281723
[setup in-reg] rst_ni -> _61878_/D : -112.281723
[setup in-reg] rst_ni -> _61879_/D : -112.281723
[setup in-reg] rst_ni -> _61880_/D : -112.281723
[setup in-reg] rst_ni -> _61881_/D : -112.281723
[setup in-reg] rst_ni -> _61882_/D : -112.281723
[setup in-reg] rst_ni -> _61883_/D : -112.281723
[setup in-reg] rst_ni -> _61886_/D : -112.281723
[setup in-reg] rst_ni -> _56996_/D : -112.278061
[setup in-reg] rst_ni -> _57000_/D : -112.278099
[setup in-reg] rst_ni -> _57006_/D : -112.278076
[setup in-reg] rst_ni -> _57060_/D : -112.278061
[setup in-reg] rst_ni -> _57064_/D : -112.278099
[setup in-reg] rst_ni -> _57070_/D : -112.278076
[setup in-reg] rst_ni -> _57124_/D : -112.278061
[setup in-reg] rst_ni -> _57128_/D : -112.278099
[setup in-reg] rst_ni -> _57134_/D : -112.278076
[setup in-reg] rst_ni -> _56990_/D : -112.272110
[setup in-reg] rst_ni -> _56991_/D : -112.272125
[setup in-reg] rst_ni -> _56994_/D : -112.272102
[setup in-reg] rst_ni -> _56995_/D : -112.272125
[setup in-reg] rst_ni -> _56997_/D : -112.272125
[setup in-reg] rst_ni -> _56999_/D : -112.272125
[setup in-reg] rst_ni -> _57005_/D : -112.272087
[setup in-reg] rst_ni -> _57007_/D : -112.272118
[setup in-reg] rst_ni -> _57008_/D : -112.272125
[setup in-reg] rst_ni -> _57009_/D : -112.272095
[setup in-reg] rst_ni -> _57054_/D : -112.272110
[setup in-reg] rst_ni -> _57055_/D : -112.272125
[setup in-reg] rst_ni -> _57058_/D : -112.272102
[setup in-reg] rst_ni -> _57059_/D : -112.272125
[setup in-reg] rst_ni -> _57061_/D : -112.272125
[setup in-reg] rst_ni -> _57063_/D : -112.272125
[setup in-reg] rst_ni -> _57071_/D : -112.272118
[setup in-reg] rst_ni -> _57118_/D : -112.272110
[setup in-reg] rst_ni -> _57119_/D : -112.272125
[setup in-reg] rst_ni -> _57122_/D : -112.272102
[setup in-reg] rst_ni -> _57123_/D : -112.272125
[setup in-reg] rst_ni -> _57125_/D : -112.272125
[setup in-reg] rst_ni -> _57127_/D : -112.272125
[setup in-reg] rst_ni -> _57135_/D : -112.272118
[setup in-reg] rst_ni -> _57136_/D : -112.272125
[setup in-reg] rst_ni -> _57137_/D : -112.272095
[setup in-reg] rst_ni -> _56998_/D : -112.271980
[setup in-reg] rst_ni -> _57062_/D : -112.271980
[setup in-reg] rst_ni -> _57069_/D : -112.272087
[setup in-reg] rst_ni -> _57072_/D : -112.272125
[setup in-reg] rst_ni -> _57073_/D : -112.272095
[setup in-reg] rst_ni -> _57126_/D : -112.271980
[setup in-reg] rst_ni -> _57133_/D : -112.272087
[setup in-reg] rst_ni -> _56992_/D : -112.265518
[setup in-reg] rst_ni -> _57004_/D : -112.265518
[setup in-reg] rst_ni -> _57056_/D : -112.265518
[setup in-reg] rst_ni -> _57068_/D : -112.265518
[setup in-reg] rst_ni -> _57120_/D : -112.265518
[setup in-reg] rst_ni -> _57132_/D : -112.265518
[setup in-reg] rst_ni -> _56993_/D : -112.258888
[setup in-reg] rst_ni -> _57001_/D : -112.258888
[setup in-reg] rst_ni -> _57002_/D : -112.258888
[setup in-reg] rst_ni -> _57003_/D : -112.258888
[setup in-reg] rst_ni -> _57057_/D : -112.258888
[setup in-reg] rst_ni -> _57065_/D : -112.258888
[setup in-reg] rst_ni -> _57066_/D : -112.258888
[setup in-reg] rst_ni -> _57067_/D : -112.258888
[setup in-reg] rst_ni -> _57121_/D : -112.258888
[setup in-reg] rst_ni -> _57129_/D : -112.258888
[setup in-reg] rst_ni -> _57130_/D : -112.258888
[setup in-reg] rst_ni -> _57131_/D : -112.258888
[setup in-reg] rst_ni -> _61865_/D : -112.121727
[setup in-reg] rst_ni -> _61866_/D : -112.121727
[setup in-reg] rst_ni -> _61868_/D : -112.121727
[setup in-reg] rst_ni -> _61871_/D : -112.121727
[setup in-reg] rst_ni -> _61873_/D : -112.121727
[setup in-reg] rst_ni -> _61875_/D : -112.121727
[setup in-reg] rst_ni -> _61884_/D : -112.121727
[setup in-reg] rst_ni -> _61885_/D : -112.121727
[setup in-reg] rst_ni -> _57188_/D : -111.899467
[setup in-reg] rst_ni -> _57192_/D : -111.899506
[setup in-reg] rst_ni -> _57198_/D : -111.899483
[setup in-reg] rst_ni -> _57182_/D : -111.893517
[setup in-reg] rst_ni -> _57183_/D : -111.893532
[setup in-reg] rst_ni -> _57186_/D : -111.893509
[setup in-reg] rst_ni -> _57187_/D : -111.893532
[setup in-reg] rst_ni -> _57189_/D : -111.893532
[setup in-reg] rst_ni -> _57191_/D : -111.893532
[setup in-reg] rst_ni -> _57190_/D : -111.893387
[setup in-reg] rst_ni -> _57197_/D : -111.893494
[setup in-reg] rst_ni -> _57199_/D : -111.893524
[setup in-reg] rst_ni -> _57200_/D : -111.893532
[setup in-reg] rst_ni -> _57201_/D : -111.893501
[setup in-reg] rst_ni -> _57184_/D : -111.886932
[setup in-reg] rst_ni -> _57196_/D : -111.886932
[setup in-reg] rst_ni -> _57185_/D : -111.880302
[setup in-reg] rst_ni -> _57193_/D : -111.880295
[setup in-reg] rst_ni -> _57194_/D : -111.880295
[setup in-reg] rst_ni -> _57195_/D : -111.880302
[setup in-reg] rst_ni -> _56985_/D : -111.849052
[setup in-reg] rst_ni -> _56989_/D : -111.849037
[setup in-reg] rst_ni -> _57049_/D : -111.849052
[setup in-reg] rst_ni -> _57053_/D : -111.849037
[setup in-reg] rst_ni -> _57113_/D : -111.848869
[setup in-reg] rst_ni -> _57117_/D : -111.848854
[setup in-reg] rst_ni -> _56984_/D : -111.843384
[setup in-reg] rst_ni -> _56986_/D : -111.843384
[setup in-reg] rst_ni -> _56987_/D : -111.843384
[setup in-reg] rst_ni -> _56988_/D : -111.843353
[setup in-reg] rst_ni -> _57048_/D : -111.843384
[setup in-reg] rst_ni -> _57050_/D : -111.843384
[setup in-reg] rst_ni -> _57051_/D : -111.843384
[setup in-reg] rst_ni -> _57052_/D : -111.843353
[setup in-reg] rst_ni -> _57114_/D : -111.843384
[setup in-reg] rst_ni -> _57115_/D : -111.843384
[setup in-reg] rst_ni -> _57112_/D : -111.843193
[setup in-reg] rst_ni -> _57116_/D : -111.843170
[setup in-reg] rst_ni -> _56982_/D : -111.819366
[setup in-reg] rst_ni -> _57046_/D : -111.819366
[setup in-reg] rst_ni -> _57110_/D : -111.819366
[setup in-reg] rst_ni -> _57047_/D : -111.818741
[setup in-reg] rst_ni -> _57111_/D : -111.818695
[setup in-reg] rst_ni -> _56983_/D : -111.818512
[setup in-reg] rst_ni -> _57010_/D : -111.751923
[setup in-reg] rst_ni -> _57011_/D : -111.751923
[setup in-reg] rst_ni -> _57074_/D : -111.751923
[setup in-reg] rst_ni -> _57075_/D : -111.751923
[setup in-reg] rst_ni -> _57138_/D : -111.751923
[setup in-reg] rst_ni -> _57139_/D : -111.751923
[setup in-reg] rst_ni -> _57012_/D : -111.499687
[setup in-reg] rst_ni -> _57076_/D : -111.499687
[setup in-reg] rst_ni -> _57140_/D : -111.499687
[setup in-reg] rst_ni -> _57013_/D : -111.496567
[setup in-reg] rst_ni -> _57077_/D : -111.496567
[setup in-reg] rst_ni -> _57141_/D : -111.496567
[setup in-reg] rst_ni -> _57177_/D : -111.481728
[setup in-reg] rst_ni -> _57181_/D : -111.481712
[setup in-reg] rst_ni -> _57176_/D : -111.476059
[setup in-reg] rst_ni -> _57178_/D : -111.476013
[setup in-reg] rst_ni -> _57179_/D : -111.476013
[setup in-reg] rst_ni -> _57180_/D : -111.476028
[setup in-reg] rst_ni -> _57174_/D : -111.452011
[setup in-reg] rst_ni -> _57175_/D : -111.451332
[setup in-reg] rst_ni -> _57202_/D : -111.384483
[setup in-reg] rst_ni -> _57203_/D : -111.384483
[setup in-reg] rst_ni -> _57204_/D : -111.132866
[setup in-reg] rst_ni -> _57205_/D : -111.129738
[setup in-reg] rst_ni -> _61887_/D : -110.941490
[setup in-reg] rst_ni -> _61888_/D : -110.941490
[setup in-reg] rst_ni -> _60880_/D : -89.856995
[setup in-reg] rst_ni -> _60881_/D : -89.856995
[setup in-reg] rst_ni -> _60864_/D : -89.702118
[setup in-reg] rst_ni -> _60865_/D : -89.702118
[setup in-reg] rst_ni -> _60882_/D : -89.559822
[setup in-reg] rst_ni -> _60883_/D : -89.559822
[setup in-reg] rst_ni -> _60884_/D : -89.559822
[setup in-reg] rst_ni -> _60885_/D : -89.559822
[setup in-reg] rst_ni -> _60886_/D : -89.559822
[setup in-reg] rst_ni -> _60887_/D : -89.559822
[setup in-reg] rst_ni -> _60866_/D : -89.405220
[setup in-reg] rst_ni -> _60867_/D : -89.405220
[setup in-reg] rst_ni -> _60868_/D : -89.405220
[setup in-reg] rst_ni -> _60869_/D : -89.405220
[setup in-reg] rst_ni -> _60870_/D : -89.405220
[setup in-reg] rst_ni -> _60871_/D : -89.405220
[setup in-reg] rst_ni -> _60932_/D : -87.020927
[setup in-reg] rst_ni -> _60933_/D : -87.020828
[setup in-reg] rst_ni -> _60934_/D : -87.020828
[setup in-reg] rst_ni -> _60935_/D : -87.020828
[setup in-reg] rst_ni -> _60936_/D : -87.020828
[setup in-reg] rst_ni -> _60937_/D : -87.020828
[setup in-reg] rst_ni -> _60938_/D : -87.020828
[setup in-reg] rst_ni -> _60939_/D : -87.020828
[setup in-reg] rst_ni -> _60907_/D : -86.878204
[setup in-reg] rst_ni -> _60908_/D : -86.878204
[setup in-reg] rst_ni -> _60909_/D : -86.878204
[setup in-reg] rst_ni -> _60910_/D : -86.878204
[setup in-reg] rst_ni -> _60911_/D : -86.878204
[setup in-reg] rst_ni -> _60912_/D : -86.878204
[setup in-reg] rst_ni -> _60913_/D : -86.878204
[setup in-reg] rst_ni -> _60914_/D : -86.878204
[setup in-reg] rst_ni -> _60915_/D : -86.878204
[setup in-reg] rst_ni -> _60916_/D : -86.878204
[setup in-reg] rst_ni -> _60927_/D : -86.869766
[setup in-reg] rst_ni -> _60928_/D : -86.869766
[setup in-reg] rst_ni -> _60919_/D : -86.455132
[setup in-reg] rst_ni -> _60921_/D : -86.455132
[setup in-reg] rst_ni -> _60926_/D : -86.455132
[setup in-reg] rst_ni -> _60924_/D : -86.315392
[setup in-reg] rst_ni -> _62540_/D : -86.214394
[setup in-reg] rst_ni -> _62541_/D : -86.214394
[setup in-reg] rst_ni -> _62539_/D : -86.180077
[setup in-reg] rst_ni -> _60917_/D : -86.077118
[setup in-reg] rst_ni -> _60918_/D : -86.077118
[setup in-reg] rst_ni -> _60920_/D : -86.077118
[setup in-reg] rst_ni -> _60922_/D : -86.077118
[setup in-reg] rst_ni -> _60923_/D : -86.077118
[setup in-reg] rst_ni -> _60925_/D : -86.077118
[setup in-reg] rst_ni -> _60872_/D : -85.982605
[setup in-reg] rst_ni -> _60873_/D : -85.982605
[setup in-reg] rst_ni -> _62536_/D : -85.957535
[setup in-reg] rst_ni -> _60940_/D : -85.924316
[setup in-reg] rst_ni -> _60941_/D : -85.924316
[setup in-reg] rst_ni -> _60942_/D : -85.924316
[setup in-reg] rst_ni -> _60943_/D : -85.924316
[setup in-reg] rst_ni -> _60944_/D : -85.924316
[setup in-reg] rst_ni -> _60945_/D : -85.924316
[setup in-reg] rst_ni -> _60946_/D : -85.924316
[setup in-reg] rst_ni -> _60947_/D : -85.924316
[setup in-reg] rst_ni -> _60948_/D : -85.924316
[setup in-reg] rst_ni -> _60949_/D : -85.924316
[setup in-reg] rst_ni -> _60950_/D : -85.924316
[setup in-reg] rst_ni -> _60951_/D : -85.924316
[setup in-reg] rst_ni -> _60952_/D : -85.924316
[setup in-reg] rst_ni -> _60953_/D : -85.924316
[setup in-reg] rst_ni -> _60954_/D : -85.924316
[setup in-reg] rst_ni -> _60955_/D : -85.924316
[setup in-reg] rst_ni -> _62535_/D : -85.744583
[setup in-reg] rst_ni -> _62537_/D : -85.744583
[setup in-reg] rst_ni -> _62538_/D : -85.729126
[setup in-reg] rst_ni -> _60874_/D : -85.685165
[setup in-reg] rst_ni -> _60875_/D : -85.685165
[setup in-reg] rst_ni -> _60876_/D : -85.685165
[setup in-reg] rst_ni -> _60877_/D : -85.685165
[setup in-reg] rst_ni -> _60878_/D : -85.685165
[setup in-reg] rst_ni -> _60879_/D : -85.685165
[setup in-reg] rst_ni -> _60956_/D : -85.666801
[setup in-reg] rst_ni -> _60957_/D : -85.666801
[setup in-reg] rst_ni -> _60958_/D : -85.666801
[setup in-reg] rst_ni -> _60959_/D : -85.666801
[setup in-reg] rst_ni -> _60960_/D : -85.666801
[setup in-reg] rst_ni -> _60961_/D : -85.666801
[setup in-reg] rst_ni -> _60962_/D : -85.666801
[setup in-reg] rst_ni -> _60929_/D : -85.514359
[setup in-reg] rst_ni -> _60963_/D : -85.378235
[setup in-reg] rst_ni -> _60931_/D : -85.035622
[setup in-reg] rst_ni -> _62534_/D : -84.920616
[setup reg-reg] _60737_/Q -> _61404_/RN : -33.716602
[setup reg-reg] _60737_/Q -> _61405_/RN : -33.716602
[setup reg-reg] _60737_/Q -> _61406_/RN : -33.716602
[setup reg-reg] _60737_/Q -> _61407_/RN : -33.716602
[setup reg-reg] _60737_/Q -> _61408_/RN : -33.716602
[setup reg-reg] _60737_/Q -> _61409_/RN : -33.716602
[setup reg-reg] _60737_/Q -> _61410_/RN : -33.716602
[setup reg-reg] _60737_/Q -> _61411_/RN : -33.716602
[setup reg-reg] _60737_/Q -> _61412_/RN : -33.716602
[setup reg-reg] _60737_/Q -> _61413_/RN : -33.716602
[setup reg-reg] _60737_/Q -> _61414_/RN : -33.716602
[setup reg-reg] _60737_/Q -> _61415_/RN : -33.716602
[setup reg-reg] _60737_/Q -> _61416_/RN : -33.716602
[setup reg-reg] _60737_/Q -> _61417_/RN : -33.716602
[setup reg-reg] _60737_/Q -> _61418_/RN : -33.716602
[setup reg-reg] _60737_/Q -> _61419_/RN : -33.716602
[setup reg-reg] _60737_/Q -> _61420_/RN : -33.716602
[setup reg-reg] _60737_/Q -> _61421_/RN : -33.716602
[setup reg-reg] _60737_/Q -> _61422_/RN : -33.716602
[setup reg-reg] _60737_/Q -> _61423_/RN : -33.716602
[setup reg-reg] _60737_/Q -> _61424_/RN : -33.716602
[setup reg-reg] _60737_/Q -> _61425_/RN : -33.716602
[setup reg-reg] _60737_/Q -> _61426_/RN : -33.716602
[setup reg-reg] _60737_/Q -> _61427_/RN : -33.716602
[setup reg-reg] _60737_/Q -> _61428_/RN : -33.716602
[setup reg-reg] _60737_/Q -> _61429_/RN : -33.716602
[setup reg-reg] _60737_/Q -> _61430_/RN : -33.716602
[setup reg-reg] _60737_/Q -> _61431_/RN : -33.716602
[setup reg-reg] _60737_/Q -> _61432_/RN : -33.716602
[setup reg-reg] _60737_/Q -> _61433_/RN : -33.716602
[setup reg-reg] _60737_/Q -> _61434_/RN : -33.716602
[setup reg-reg] _60737_/Q -> _61435_/RN : -33.716602
[setup reg-reg] _60737_/Q -> _61436_/RN : -33.716602
[setup reg-reg] _60737_/Q -> _61437_/RN : -33.716602
[setup reg-reg] _60737_/Q -> _61438_/RN : -33.716602
[setup reg-reg] _60737_/Q -> _61439_/RN : -33.716602
[setup reg-reg] _60737_/Q -> _61440_/RN : -33.716602
[setup reg-reg] _60737_/Q -> _61441_/RN : -33.716602
[setup reg-reg] _60737_/Q -> _61442_/RN : -33.716602
[setup reg-reg] _60737_/Q -> _61443_/RN : -33.716602
[setup reg-reg] _60737_/Q -> _61444_/RN : -33.716602
[setup reg-reg] _60737_/Q -> _61445_/RN : -33.716602
[setup reg-reg] _60737_/Q -> _61446_/RN : -33.716602
[setup reg-reg] _60737_/Q -> _61447_/RN : -33.716602
[setup reg-reg] _60737_/Q -> _61448_/RN : -33.716602
[setup reg-reg] _60737_/Q -> _61449_/RN : -33.716602
[setup reg-reg] _60737_/Q -> _61450_/RN : -33.716602
[setup reg-reg] _60737_/Q -> _61451_/RN : -33.716602
[setup reg-reg] _60737_/Q -> _61452_/RN : -33.716602
[setup reg-reg] _60737_/Q -> _61453_/RN : -33.716602
[setup reg-reg] _60737_/Q -> _61454_/RN : -33.716602
[setup reg-reg] _60737_/Q -> _61455_/RN : -33.716602
[setup reg-reg] _60737_/Q -> _61456_/RN : -33.716602
[setup reg-reg] _60737_/Q -> _61457_/RN : -33.716602
[setup reg-reg] _60737_/Q -> _61458_/RN : -33.716602
[setup reg-reg] _60737_/Q -> _61459_/RN : -33.716602
[setup reg-reg] _60737_/Q -> _61460_/RN : -33.716602
[setup reg-reg] _60737_/Q -> _61461_/RN : -33.716602
[setup reg-reg] _60737_/Q -> _61462_/RN : -33.716602
[setup reg-reg] _60737_/Q -> _61463_/RN : -33.716602
[setup reg-reg] _60737_/Q -> _61464_/RN : -33.716602
[setup reg-reg] _60737_/Q -> _61465_/RN : -33.716602
[setup reg-reg] _60737_/Q -> _61466_/RN : -33.716602
[setup reg-reg] _60737_/Q -> _61467_/RN : -33.716602
[setup reg-reg] _60737_/Q -> _61468_/RN : -33.716602
[setup reg-reg] _60737_/Q -> _61469_/RN : -33.716602
[setup reg-reg] _60737_/Q -> _61470_/RN : -33.716602
[setup reg-reg] _60737_/Q -> _61471_/RN : -33.716602
[setup reg-reg] _60737_/Q -> _61472_/RN : -33.716602
[setup reg-reg] _60737_/Q -> _61473_/RN : -33.716602
[setup reg-reg] _60737_/Q -> _61474_/RN : -33.716602
[setup reg-reg] _60737_/Q -> _61475_/RN : -33.716602
[setup reg-reg] _60737_/Q -> _61476_/RN : -33.716602
[setup reg-reg] _60737_/Q -> _61477_/RN : -33.716602
[setup reg-reg] _60737_/Q -> _61478_/RN : -33.716602
[setup reg-reg] _60737_/Q -> _61479_/RN : -33.716602
[setup reg-reg] _60737_/Q -> _61480_/RN : -33.716602
[setup reg-reg] _60737_/Q -> _61481_/RN : -33.716602
[setup reg-reg] _60737_/Q -> _61482_/RN : -33.716602
[setup reg-reg] _60737_/Q -> _61483_/RN : -33.716602
[setup reg-reg] _60737_/Q -> _61484_/RN : -33.716602
[setup reg-reg] _60737_/Q -> _61485_/RN : -33.716602
[setup reg-reg] _60737_/Q -> _61486_/RN : -33.716602
[setup reg-reg] _60737_/Q -> _61487_/RN : -33.716602
[setup reg-reg] _60737_/Q -> _61488_/RN : -33.716602
[setup reg-reg] _60737_/Q -> _61489_/RN : -33.716602
[setup reg-reg] _60737_/Q -> _61490_/RN : -33.716602
[setup reg-reg] _60737_/Q -> _61491_/RN : -33.716602
[setup reg-reg] _60737_/Q -> _61492_/RN : -33.716602
[setup reg-reg] _60737_/Q -> _61493_/RN : -33.716602
[setup reg-reg] _60737_/Q -> _61494_/RN : -33.716602
[setup reg-reg] _60737_/Q -> _61495_/RN : -33.716602
[setup reg-reg] _60737_/Q -> _61496_/RN : -33.716602
[setup reg-reg] _60737_/Q -> _61497_/RN : -33.716602
[setup reg-reg] _60737_/Q -> _61498_/RN : -33.716602
[setup reg-reg] _60737_/Q -> _61499_/RN : -33.716602
[setup reg-reg] _60737_/Q -> _61500_/RN : -33.716602
[setup reg-reg] _60737_/Q -> _61501_/RN : -33.716602
[setup reg-reg] _60737_/Q -> _61502_/RN : -33.716602
[setup reg-reg] _60737_/Q -> _61503_/RN : -33.716602
[setup reg-reg] _60737_/Q -> _61504_/RN : -33.716602
[setup reg-reg] _60737_/Q -> _61505_/RN : -33.716602
[setup reg-reg] _60737_/Q -> _61506_/RN : -33.716602
[setup reg-reg] _60737_/Q -> _61507_/RN : -33.716602
[setup reg-reg] _60737_/Q -> _61508_/RN : -33.716602
[setup reg-reg] _60737_/Q -> _61509_/RN : -33.716602
[setup reg-reg] _60737_/Q -> _61510_/RN : -33.716602
[setup reg-reg] _60737_/Q -> _61511_/RN : -33.716602
[setup reg-reg] _60737_/Q -> _61512_/RN : -33.716602
[setup reg-reg] _60737_/Q -> _61513_/RN : -33.716602
[setup reg-reg] _60737_/Q -> _61514_/RN : -33.716602
[setup reg-reg] _60737_/Q -> _61515_/RN : -33.716602
[setup reg-reg] _60737_/Q -> _61516_/RN : -33.716602
[setup reg-reg] _60737_/Q -> _61517_/RN : -33.716602
[setup reg-reg] _60737_/Q -> _61518_/RN : -33.716602
[setup reg-reg] _60737_/Q -> _61519_/RN : -33.716602
[setup reg-reg] _60737_/Q -> _61520_/RN : -33.716602
[setup reg-reg] _60737_/Q -> _61521_/RN : -33.716602
[setup reg-reg] _60737_/Q -> _61522_/RN : -33.716602
[setup reg-reg] _60737_/Q -> _61523_/RN : -33.716602
[setup reg-reg] _60737_/Q -> _61524_/RN : -33.716602
[setup reg-reg] _60737_/Q -> _61525_/RN : -33.716602
[setup reg-reg] _60737_/Q -> _61526_/RN : -33.716602
[setup reg-reg] _60737_/Q -> _61527_/RN : -33.716602
[setup reg-reg] _60737_/Q -> _61528_/RN : -33.716602
[setup reg-reg] _60737_/Q -> _61529_/RN : -33.716602
[setup reg-reg] _60737_/Q -> _61530_/RN : -33.716602
[setup reg-reg] _60737_/Q -> _61531_/RN : -33.716602
[setup reg-reg] _60737_/Q -> _61532_/RN : -33.716602
[setup reg-reg] _60737_/Q -> _61533_/RN : -33.716602
[setup reg-reg] _60737_/Q -> _61534_/RN : -33.716602
[setup reg-reg] _60737_/Q -> _61535_/RN : -33.716602
[setup reg-reg] _60737_/Q -> _61536_/RN : -33.716602
[setup reg-reg] _60737_/Q -> _61537_/RN : -33.716602
[setup reg-reg] _60737_/Q -> _61538_/RN : -33.716602
[setup reg-reg] _60737_/Q -> _61539_/RN : -33.716602
[setup reg-reg] _60737_/Q -> _61540_/RN : -33.716602
[setup reg-reg] _60737_/Q -> _61541_/RN : -33.716602
[setup reg-reg] _60737_/Q -> _61542_/RN : -33.716602
[setup reg-reg] _60737_/Q -> _61543_/RN : -33.716602
[setup reg-reg] _60737_/Q -> _61544_/RN : -33.716602
[setup reg-reg] _60737_/Q -> _61545_/RN : -33.716602
[setup reg-reg] _60737_/Q -> _61546_/RN : -33.716602
[setup reg-reg] _60737_/Q -> _61547_/RN : -33.716602
[setup reg-reg] _60737_/Q -> _61548_/RN : -33.716602
[setup reg-reg] _60737_/Q -> _61549_/RN : -33.716602
[setup reg-reg] _60737_/Q -> _61550_/RN : -33.716602
[setup reg-reg] _60737_/Q -> _61551_/RN : -33.716602
[setup reg-reg] _60737_/Q -> _61552_/RN : -33.716602
[setup reg-reg] _60737_/Q -> _61553_/RN : -33.716602
[setup reg-reg] _60737_/Q -> _61554_/RN : -33.716602
[setup reg-reg] _60737_/Q -> _61555_/RN : -33.716602
[setup reg-reg] _60737_/Q -> _61556_/RN : -33.716602
[setup reg-reg] _60737_/Q -> _61557_/RN : -33.716602
[setup reg-reg] _60737_/Q -> _61558_/RN : -33.716602
[setup reg-reg] _60737_/Q -> _61559_/RN : -33.716602
[setup reg-reg] _60737_/Q -> _61560_/RN : -33.716602
[setup reg-reg] _60737_/Q -> _61561_/RN : -33.716602
[setup reg-reg] _60737_/Q -> _61562_/RN : -33.716602
[setup reg-reg] _60737_/Q -> _61563_/RN : -33.716602
[setup reg-reg] _60737_/Q -> _61564_/RN : -33.716602
[setup reg-reg] _60737_/Q -> _61565_/RN : -33.716602
[setup reg-reg] _60737_/Q -> _61566_/RN : -33.716602
[setup reg-reg] _60737_/Q -> _61567_/RN : -33.716602
[setup reg-reg] _60737_/Q -> _61568_/RN : -33.716602
[setup reg-reg] _60737_/Q -> _61569_/RN : -33.716602
[setup reg-reg] _60737_/Q -> _61570_/RN : -33.716602
[setup reg-reg] _60737_/Q -> _61571_/RN : -33.716602
[setup reg-reg] _60737_/Q -> _61572_/RN : -33.716602
[setup reg-reg] _60737_/Q -> _61573_/RN : -33.716602
[setup reg-reg] _60737_/Q -> _61574_/RN : -33.716602
[setup reg-reg] _60737_/Q -> _61575_/RN : -33.716602
[setup reg-reg] _60737_/Q -> _61576_/RN : -33.716602
[setup reg-reg] _60737_/Q -> _61577_/RN : -33.716602
[setup reg-reg] _60737_/Q -> _61578_/RN : -33.716602
[setup reg-reg] _60737_/Q -> _61579_/RN : -33.716602
[setup reg-reg] _60737_/Q -> _61580_/RN : -33.716602
[setup reg-reg] _60737_/Q -> _61581_/RN : -33.716602
[setup reg-reg] _60737_/Q -> _61582_/RN : -33.716602
[setup reg-reg] _60737_/Q -> _61583_/RN : -33.716602
[setup reg-reg] _60737_/Q -> _61584_/RN : -33.716602
[setup reg-reg] _60737_/Q -> _61585_/RN : -33.716602
[setup reg-reg] _60737_/Q -> _61586_/RN : -33.716602
[setup reg-reg] _60737_/Q -> _61587_/RN : -33.716602
[setup reg-reg] _60737_/Q -> _61588_/RN : -33.716602
[setup reg-reg] _60737_/Q -> _61589_/RN : -33.716602
[setup reg-reg] _60737_/Q -> _61590_/RN : -33.716602
[setup reg-reg] _60737_/Q -> _61591_/RN : -33.716602
[setup reg-reg] _60737_/Q -> _61592_/RN : -33.716602
[setup reg-reg] _60737_/Q -> _61593_/RN : -33.716602
[setup reg-reg] _60737_/Q -> _61594_/RN : -33.716602
[setup reg-reg] _60737_/Q -> _61595_/RN : -33.716602
[setup reg-reg] _60737_/Q -> _61596_/RN : -33.716602
[setup reg-reg] _60737_/Q -> _61597_/RN : -33.716602
[setup reg-reg] _60737_/Q -> _61598_/RN : -33.716602
[setup reg-reg] _60737_/Q -> _61599_/RN : -33.716602
[setup reg-reg] _60737_/Q -> _61600_/RN : -33.716602
[setup reg-reg] _60737_/Q -> _61601_/RN : -33.716602
[setup reg-reg] _60737_/Q -> _61602_/RN : -33.716602
[setup reg-reg] _60737_/Q -> _61603_/RN : -33.716602
[setup reg-reg] _60737_/Q -> _61604_/RN : -33.716602
[setup reg-reg] _60737_/Q -> _61605_/RN : -33.716602
[setup reg-reg] _60737_/Q -> _61606_/RN : -33.716602
[setup reg-reg] _60737_/Q -> _61607_/RN : -33.716602
[setup reg-reg] _60737_/Q -> _61608_/RN : -33.716602
[setup reg-reg] _60737_/Q -> _61609_/RN : -33.716602
[setup reg-reg] _60737_/Q -> _61610_/RN : -33.716602
[setup reg-reg] _60737_/Q -> _61611_/RN : -33.716602
[setup reg-reg] _60737_/Q -> _61612_/RN : -33.716602
[setup reg-reg] _60737_/Q -> _61613_/RN : -33.716602
[setup reg-reg] _60737_/Q -> _61614_/RN : -33.716602
[setup reg-reg] _60737_/Q -> _61615_/RN : -33.716602
[setup reg-reg] _60737_/Q -> _61616_/RN : -33.716602
[setup reg-reg] _60737_/Q -> _61617_/RN : -33.716602
[setup reg-reg] _60737_/Q -> _61618_/RN : -33.716602
[setup reg-reg] _60737_/Q -> _61619_/RN : -33.716602
[setup reg-reg] _60737_/Q -> _61620_/RN : -33.716602
[setup reg-reg] _60737_/Q -> _61621_/RN : -33.716602
[setup reg-reg] _60737_/Q -> _61622_/RN : -33.716602
[setup reg-reg] _60737_/Q -> _61623_/RN : -33.716602
[setup reg-reg] _60737_/Q -> _61624_/RN : -33.716602
[setup reg-reg] _60737_/Q -> _61625_/RN : -33.716602
[setup reg-reg] _60737_/Q -> _61626_/RN : -33.716602
[setup reg-reg] _60737_/Q -> _61627_/RN : -33.716602
[setup reg-reg] _60737_/Q -> _61628_/RN : -33.716602
[setup reg-reg] _60737_/Q -> _61629_/RN : -33.716602
[setup reg-reg] _60737_/Q -> _61630_/RN : -33.716602
[setup reg-reg] _60737_/Q -> _61631_/RN : -33.716602
[setup reg-reg] _60737_/Q -> _61632_/RN : -33.716602
[setup reg-reg] _60737_/Q -> _61633_/RN : -33.716602
[setup reg-reg] _60737_/Q -> _61634_/RN : -33.716602
[setup reg-reg] _60737_/Q -> _61635_/RN : -33.716602
[setup reg-reg] _60737_/Q -> _61636_/RN : -33.716602
[setup reg-reg] _60737_/Q -> _61637_/RN : -33.716602
[setup reg-reg] _60737_/Q -> _61638_/RN : -33.716602
[setup reg-reg] _60737_/Q -> _61639_/RN : -33.716602
[setup reg-reg] _60737_/Q -> _61640_/RN : -33.716602
[setup reg-reg] _60737_/Q -> _61641_/RN : -33.716602
[setup reg-reg] _60737_/Q -> _61642_/RN : -33.716602
[setup reg-reg] _60737_/Q -> _61643_/RN : -33.716602
[setup reg-reg] _60737_/Q -> _61644_/RN : -33.716602
[setup reg-reg] _60737_/Q -> _61645_/RN : -33.716602
[setup reg-reg] _60737_/Q -> _61646_/RN : -33.716602
[setup reg-reg] _60737_/Q -> _61647_/RN : -33.716602
[setup reg-reg] _60737_/Q -> _61649_/RN : -33.716602
[setup reg-reg] _60737_/Q -> _61650_/RN : -33.716602
[setup reg-reg] _60737_/Q -> _61651_/RN : -33.716602
[setup reg-reg] _60737_/Q -> _61652_/RN : -33.716602
[setup reg-reg] _60737_/Q -> _61653_/RN : -33.716602
[setup reg-reg] _60737_/Q -> _61654_/RN : -33.716602
[setup reg-reg] _60737_/Q -> _61655_/RN : -33.716602
[setup reg-reg] _60737_/Q -> _61656_/RN : -33.716602
[setup reg-reg] _60737_/Q -> _61657_/RN : -33.716602
[setup reg-reg] _60737_/Q -> _61658_/RN : -33.716602
[setup reg-reg] _60737_/Q -> _61659_/RN : -33.716602
[setup reg-reg] _60737_/Q -> _61660_/RN : -33.716602
[setup reg-reg] _60737_/Q -> _61661_/RN : -33.716602
[setup reg-reg] _60737_/Q -> _61662_/RN : -33.716602
[setup reg-reg] _60737_/Q -> _61663_/RN : -33.716602
[setup reg-reg] _60737_/Q -> _61664_/RN : -33.716602
[setup reg-reg] _60737_/Q -> _61665_/RN : -33.716602
[setup reg-reg] _60737_/Q -> _61666_/RN : -33.716602
[setup reg-reg] _60737_/Q -> _61761_/RN : -33.716602
[setup reg-reg] _60737_/Q -> _61762_/RN : -33.716602
[setup reg-reg] _60737_/Q -> _61763_/RN : -33.716602
[setup reg-reg] _60737_/Q -> _62045_/RN : -33.716602
[setup reg-reg] _60737_/Q -> _62046_/RN : -33.716602
[setup reg-reg] _60737_/Q -> _62047_/RN : -33.716602
[setup reg-reg] _60737_/Q -> _62048_/RN : -33.716602
[setup reg-reg] _60737_/Q -> _62049_/RN : -33.716602
[setup reg-reg] _60737_/Q -> _62050_/RN : -33.716602
[setup reg-reg] _60737_/Q -> _62051_/RN : -33.716602
[setup reg-reg] _60737_/Q -> _62052_/RN : -33.716602
[setup reg-reg] _60737_/Q -> _62053_/RN : -33.716602
[setup reg-reg] _60737_/Q -> _62054_/RN : -33.716602
[setup reg-reg] _60737_/Q -> _62055_/RN : -33.716602
[setup reg-reg] _60737_/Q -> _62056_/RN : -33.716602
[setup reg-reg] _60737_/Q -> _62057_/RN : -33.716602
[setup reg-reg] _60737_/Q -> _62058_/RN : -33.716602
[setup reg-reg] _60737_/Q -> _62059_/RN : -33.716602
[setup reg-reg] _60737_/Q -> _62060_/RN : -33.716602
[setup reg-reg] _60737_/Q -> _62061_/RN : -33.716602
[setup reg-reg] _60737_/Q -> _62062_/RN : -33.716602
[setup reg-reg] _60737_/Q -> _62063_/RN : -33.716602
[setup reg-reg] _60737_/Q -> _62064_/RN : -33.716602
[setup reg-reg] _60737_/Q -> _62065_/RN : -33.716602
[setup reg-reg] _60737_/Q -> _62066_/RN : -33.716602
[setup reg-reg] _60737_/Q -> _62067_/RN : -33.716602
[setup reg-reg] _60737_/Q -> _62068_/RN : -33.716602
[setup reg-reg] _60737_/Q -> _62069_/RN : -33.716602
[setup reg-reg] _60737_/Q -> _62070_/RN : -33.716602
[setup reg-reg] _60737_/Q -> _62071_/RN : -33.716602
[setup reg-reg] _60737_/Q -> _62072_/RN : -33.716602
[setup reg-reg] _60737_/Q -> _62073_/RN : -33.716602
[setup reg-reg] _60737_/Q -> _62074_/RN : -33.716602
[setup reg-reg] _60737_/Q -> _62075_/RN : -33.716602
[setup reg-reg] _60737_/Q -> _62076_/RN : -33.716602
[setup reg-reg] _60737_/Q -> _62077_/RN : -33.716602
[setup reg-reg] _60737_/Q -> _62078_/RN : -33.716602
[setup reg-reg] _60737_/Q -> _62079_/RN : -33.716602
[setup reg-reg] _60737_/Q -> _62080_/RN : -33.716602
[setup reg-reg] _60737_/Q -> _62081_/RN : -33.716602
[setup reg-reg] _60737_/Q -> _62082_/RN : -33.716602
[setup reg-reg] _60737_/Q -> _62083_/RN : -33.716602
[setup reg-reg] _60737_/Q -> _62084_/RN : -33.716602
[setup reg-reg] _60737_/Q -> _62090_/RN : -33.716602
[setup reg-reg] _60737_/Q -> _62091_/RN : -33.716602
[setup reg-reg] _60737_/Q -> _62094_/RN : -33.716602
[setup reg-reg] _60737_/Q -> _62110_/RN : -33.716602
[setup reg-reg] _60737_/Q -> _62111_/RN : -33.716602
[setup reg-reg] _60737_/Q -> _62112_/RN : -33.716602
[setup reg-reg] _60737_/Q -> _62113_/RN : -33.716602
[setup reg-reg] _60737_/Q -> _62407_/RN : -33.716602
[setup reg-reg] _60737_/Q -> _62408_/RN : -33.716602
[setup reg-reg] _60737_/Q -> _62409_/RN : -33.716602
[setup reg-reg] _60737_/Q -> _62410_/RN : -33.716602
[setup reg-reg] _60737_/Q -> _62411_/RN : -33.716602
[setup reg-reg] _60737_/Q -> _62412_/RN : -33.716602
[setup reg-reg] _60737_/Q -> _62413_/RN : -33.716602
[setup reg-reg] _60737_/Q -> _62414_/RN : -33.716602
[setup reg-reg] _60737_/Q -> _62415_/RN : -33.716602
[setup reg-reg] _60737_/Q -> _62416_/RN : -33.716602
[setup reg-reg] _60737_/Q -> _62417_/RN : -33.716602
[setup reg-reg] _60737_/Q -> _62418_/RN : -33.716602
[setup reg-reg] _60737_/Q -> _62419_/RN : -33.716602
[setup reg-reg] _60737_/Q -> _62420_/RN : -33.716602
[setup reg-reg] _60737_/Q -> _62421_/RN : -33.716602
[setup reg-reg] _60737_/Q -> _62422_/RN : -33.716602
[setup reg-reg] _60737_/Q -> _62423_/RN : -33.716602
[setup reg-reg] _60737_/Q -> _62424_/RN : -33.716602
[setup reg-reg] _60737_/Q -> _62425_/RN : -33.716602
[setup reg-reg] _60737_/Q -> _62426_/RN : -33.716602
[setup reg-reg] _60737_/Q -> _62427_/RN : -33.716602
[setup reg-reg] _60737_/Q -> _62428_/RN : -33.716602
[setup reg-reg] _60737_/Q -> _62429_/RN : -33.716602
[setup reg-reg] _60737_/Q -> _62430_/RN : -33.716602
[setup reg-reg] _60737_/Q -> _62431_/RN : -33.716602
[setup reg-reg] _60737_/Q -> _62432_/RN : -33.716602
[setup reg-reg] _60737_/Q -> _62433_/RN : -33.716602
[setup reg-reg] _60737_/Q -> _62434_/RN : -33.716602
[setup reg-reg] _60737_/Q -> _62435_/RN : -33.716602
[setup reg-reg] _60737_/Q -> _62436_/RN : -33.716602
[setup reg-reg] _60737_/Q -> _62437_/RN : -33.716602
[setup reg-reg] _60737_/Q -> _62438_/RN : -33.716602
[setup reg-reg] _60737_/Q -> _62439_/RN : -33.716602
[setup reg-reg] _60737_/Q -> _62440_/RN : -33.716602
[setup reg-reg] _60737_/Q -> _62441_/RN : -33.716602
[setup reg-reg] _60737_/Q -> _62442_/RN : -33.716602
[setup reg-reg] _60737_/Q -> _62443_/RN : -33.716602
[setup reg-reg] _60737_/Q -> _62444_/RN : -33.716602
[setup reg-reg] _60737_/Q -> _62445_/RN : -33.716602
[setup reg-reg] _60737_/Q -> _62446_/RN : -33.716602
[setup reg-reg] _60737_/Q -> _62447_/RN : -33.716602
[setup reg-reg] _60737_/Q -> _62448_/RN : -33.716602
[setup reg-reg] _60737_/Q -> _62449_/RN : -33.716602
[setup reg-reg] _60737_/Q -> _62450_/RN : -33.716602
[setup reg-reg] _60737_/Q -> _62451_/RN : -33.716602
[setup reg-reg] _60737_/Q -> _62452_/RN : -33.716602
[setup reg-reg] _60737_/Q -> _62453_/RN : -33.716602
[setup reg-reg] _60737_/Q -> _62454_/RN : -33.716602
[setup reg-reg] _60737_/Q -> _62455_/RN : -33.716602
[setup reg-reg] _60737_/Q -> _62456_/RN : -33.716602
[setup reg-reg] _60737_/Q -> _62457_/RN : -33.716602
[setup reg-reg] _60737_/Q -> _62458_/RN : -33.716602
[setup reg-reg] _60737_/Q -> _62459_/RN : -33.716602
[setup reg-reg] _60737_/Q -> _62460_/RN : -33.716602
[setup reg-reg] _60737_/Q -> _62461_/RN : -33.716602
[setup reg-reg] _60737_/Q -> _62462_/RN : -33.716602
[setup reg-reg] _60737_/Q -> _62463_/RN : -33.716602
[setup reg-reg] _60737_/Q -> _62464_/RN : -33.716602
[setup reg-reg] _60737_/Q -> _62465_/RN : -33.716602
[setup reg-reg] _60737_/Q -> _62466_/RN : -33.716602
[setup reg-reg] _60737_/Q -> _62467_/RN : -33.716602
[setup reg-reg] _60737_/Q -> _62468_/RN : -33.716602
[setup reg-reg] _60737_/Q -> _62469_/RN : -33.716602
[setup reg-reg] _60737_/Q -> _62470_/RN : -33.716602
[setup reg-reg] _60737_/Q -> _62471_/RN : -33.716602
[setup reg-reg] _60737_/Q -> _62472_/RN : -33.716602
[setup reg-reg] _60737_/Q -> _62473_/RN : -33.716602
[setup reg-reg] _60737_/Q -> _62474_/RN : -33.716602
[setup reg-reg] _60737_/Q -> _62475_/RN : -33.716602
[setup reg-reg] _60737_/Q -> _62476_/RN : -33.716602
[setup reg-reg] _60737_/Q -> _62477_/RN : -33.716602
[setup reg-reg] _60737_/Q -> _56964_/SETN : -29.021582
[setup reg-reg] _60737_/Q -> _56965_/SETN : -29.021582
[setup reg-reg] _60737_/Q -> _56966_/SETN : -29.021582
[setup reg-reg] _60737_/Q -> _56967_/SETN : -29.021582
[setup reg-reg] _60737_/Q -> _56968_/SETN : -29.021582
[setup reg-reg] _60737_/Q -> _56969_/SETN : -29.021582
[setup reg-reg] _60737_/Q -> _56970_/SETN : -29.021582
[setup reg-reg] _60737_/Q -> _56971_/SETN : -29.021582
[setup reg-reg] _60737_/Q -> _56972_/SETN : -29.021582
[setup reg-reg] _60737_/Q -> _56973_/SETN : -29.021582
[setup reg-reg] _60737_/Q -> _61648_/SETN : -29.021582
[setup reg-reg] _60737_/Q -> _61667_/SETN : -29.021582
[setup reg-reg] _60737_/Q -> _62085_/SETN : -29.021582
[setup reg-reg] _60737_/Q -> _62086_/SETN : -29.021582
[setup reg-reg] _60737_/Q -> _62087_/SETN : -29.021582
[setup reg-reg] _60737_/Q -> _62088_/SETN : -29.021582
[setup reg-reg] _60737_/Q -> _62089_/SETN : -29.021582
[setup reg-reg] _60737_/Q -> _62092_/SETN : -29.021582
[setup reg-reg] _60737_/Q -> _62093_/SETN : -29.021582
[setup reg-reg] _60737_/Q -> _62095_/SETN : -29.021582
[setup reg-reg] _60737_/Q -> _61939_/D : -0.892438
