
===========================================================================
Violator List
============================================================================
[hold reg-reg] _59946_/Q -> _60427_/RN : -66.524094
[hold reg-reg] _59946_/Q -> _60647_/RN : -66.524094
[hold reg-reg] _61214_/Q -> _60647_/D : -63.951939
[hold reg-reg] _61281_/Q -> _60579_/D : -63.501114
[hold reg-reg] _61771_/Q -> _60580_/D : -63.408070
[hold reg-reg] _61761_/Q -> _60570_/D : -63.370125
[hold reg-reg] _61763_/Q -> _60572_/D : -63.333496
[hold reg-reg] _61774_/Q -> _60583_/D : -63.317162
[hold reg-reg] _61762_/Q -> _60571_/D : -63.302673
[hold reg-reg] _61773_/Q -> _60582_/D : -63.302296
[hold reg-reg] _61765_/Q -> _60574_/D : -63.294075
[hold reg-reg] _61766_/Q -> _60575_/D : -63.287582
[hold reg-reg] _61767_/Q -> _60576_/D : -63.261860
[hold reg-reg] _61761_/Q -> _60486_/D : -63.240765
[hold reg-reg] _61131_/Q -> _60427_/D : -63.239742
[hold reg-reg] _61760_/Q -> _60569_/D : -63.239578
[hold reg-reg] _61769_/Q -> _60578_/D : -63.233387
[hold reg-reg] _61764_/Q -> _60573_/D : -63.227989
[hold reg-reg] _61768_/Q -> _60577_/D : -63.214706
[hold reg-reg] _61763_/Q -> _60488_/D : -63.197548
[hold reg-reg] _61762_/Q -> _60487_/D : -63.194798
[hold reg-reg] _61265_/Q -> _60479_/D : -63.193398
[hold reg-reg] _61537_/Q -> _60584_/D : -63.185215
[hold reg-reg] _61257_/Q -> _60471_/D : -63.178661
[hold reg-reg] _61752_/Q -> _60477_/D : -63.178448
[hold reg-reg] _61266_/Q -> _60480_/D : -63.174122
[hold reg-reg] _61745_/Q -> _60470_/D : -63.170490
[hold reg-reg] _61757_/Q -> _60482_/D : -63.170101
[hold reg-reg] _61750_/Q -> _60475_/D : -63.168018
[hold reg-reg] _61765_/Q -> _60490_/D : -63.161865
[hold reg-reg] _61766_/Q -> _60491_/D : -63.157623
[hold reg-reg] _61260_/Q -> _60474_/D : -63.136620
[hold reg-reg] _61767_/Q -> _60492_/D : -63.128582
[hold reg-reg] _61759_/Q -> _60484_/D : -63.127502
[hold reg-reg] _61772_/Q -> _60581_/D : -63.125244
[hold reg-reg] _61269_/Q -> _60483_/D : -63.125095
[hold reg-reg] _61751_/Q -> _60476_/D : -63.111431
[hold reg-reg] _61760_/Q -> _60485_/D : -63.108185
[hold reg-reg] _61264_/Q -> _60478_/D : -63.107964
[hold reg-reg] _61764_/Q -> _60489_/D : -63.097839
[hold reg-reg] _61744_/Q -> _60469_/D : -63.085575
[hold reg-reg] _61756_/Q -> _60481_/D : -63.083675
[hold reg-reg] _61258_/Q -> _60472_/D : -63.074688
[hold reg-reg] _61748_/Q -> _60473_/D : -63.068058
[hold reg-reg] _61214_/Q -> _60568_/D : -63.002312
[hold reg-reg] _61774_/Q -> _60467_/D : -62.956440
[hold reg-reg] _61768_/Q -> _60461_/D : -62.848351
[hold reg-reg] _61773_/Q -> _60466_/D : -62.821884
[hold reg-reg] _61281_/Q -> _60463_/D : -62.809826
[hold reg-reg] _61537_/Q -> _60468_/D : -62.727810
[hold reg-reg] _61772_/Q -> _60465_/D : -62.680431
[hold reg-reg] _59946_/Q -> _60634_/D : -62.664032
[hold reg-reg] _61769_/Q -> _60462_/D : -62.656639
[hold reg-reg] _61771_/Q -> _60464_/D : -62.650963
[hold reg-reg] _61537_/Q -> _60621_/D : -62.646282
[hold reg-reg] _59946_/Q -> _60632_/D : -62.619183
[hold reg-reg] _59946_/Q -> _60624_/D : -62.612644
[hold reg-reg] _59946_/Q -> _60594_/D : -62.542698
[hold reg-reg] _59946_/Q -> _60626_/D : -62.534344
[hold reg-reg] _59946_/Q -> _60643_/D : -62.532005
[hold reg-reg] _59946_/Q -> _60633_/D : -62.498047
[hold reg-reg] _61761_/Q -> _60607_/D : -62.395496
[hold reg-reg] _61757_/Q -> _60619_/D : -62.390793
[hold reg-reg] _61744_/Q -> _60606_/D : -62.361240
[hold reg-reg] _61264_/Q -> _60615_/D : -62.356686
[hold reg-reg] _61763_/Q -> _60609_/D : -62.283932
[hold reg-reg] _61751_/Q -> _60613_/D : -62.227772
[hold reg-reg] _61266_/Q -> _60617_/D : -62.221085
[hold reg-reg] _59946_/Q -> _60522_/D : -62.169216
[hold reg-reg] _59946_/Q -> _60509_/D : -62.166451
[hold reg-reg] _61601_/Q -> _60595_/D : -62.155098
[hold reg-reg] _61260_/Q -> _60548_/D : -62.154087
[hold reg-reg] _59946_/Q -> _60629_/D : -62.124229
[hold reg-reg] _61265_/Q -> _60599_/D : -62.112110
[hold reg-reg] _61756_/Q -> _60618_/D : -62.094276
[hold reg-reg] _61260_/Q -> _60535_/D : -62.067329
[hold reg-reg] _61265_/Q -> _60536_/D : -62.060959
[hold reg-reg] _61752_/Q -> _60614_/D : -62.052269
[hold reg-reg] _61257_/Q -> _60608_/D : -62.047409
[hold reg-reg] _59946_/Q -> _60628_/D : -62.040871
[hold reg-reg] _61774_/Q -> _60533_/D : -62.040485
[hold reg-reg] _61766_/Q -> _60541_/D : -62.039505
[hold reg-reg] _61774_/Q -> _60620_/D : -62.033936
[hold reg-reg] _61766_/Q -> _60540_/D : -62.005337
[hold reg-reg] _61766_/Q -> _60612_/D : -61.996506
[hold reg-reg] _61266_/Q -> _60600_/D : -61.984028
[hold reg-reg] _61264_/Q -> _60598_/D : -61.869579
[hold reg-reg] _61774_/Q -> _60529_/D : -61.800217
[hold reg-reg] _61745_/Q -> _60526_/D : -61.793800
[hold reg-reg] _61260_/Q -> _60544_/D : -61.766209
[hold reg-reg] _61260_/Q -> _60611_/D : -61.761700
[hold reg-reg] _61260_/Q -> _60539_/D : -61.740646
[hold reg-reg] _61752_/Q -> _60597_/D : -61.711678
[hold reg-reg] _61744_/Q -> _60555_/D : -61.685776
[hold reg-reg] _59946_/Q -> _60635_/D : -61.684952
[hold reg-reg] _61751_/Q -> _60596_/D : -61.677570
[hold reg-reg] _61260_/Q -> _60537_/D : -61.673050
[hold reg-reg] _61744_/Q -> _60563_/D : -61.656765
[hold reg-reg] _59946_/Q -> _60637_/D : -61.645653
[hold reg-reg] _61214_/Q -> _60622_/D : -61.640125
[hold reg-reg] _59946_/Q -> _60636_/D : -61.638611
[hold reg-reg] _61744_/Q -> _60547_/D : -61.629452
[hold reg-reg] _61744_/Q -> _60605_/D : -61.619915
[hold reg-reg] _61257_/Q -> _60543_/D : -61.586002
[hold reg-reg] _59946_/Q -> _60638_/D : -61.568798
[hold reg-reg] _59946_/Q -> _60648_/RN : -61.563015
[hold reg-reg] _59946_/Q -> _60828_/RN : -61.563015
[hold reg-reg] _59946_/Q -> _60519_/D : -61.513626
[hold reg-reg] _59946_/Q -> _60514_/D : -61.511105
[hold reg-reg] _59946_/Q -> _60516_/D : -61.510593
[hold reg-reg] _59946_/Q -> _60521_/D : -61.509953
[hold reg-reg] _59946_/Q -> _60515_/D : -61.507294
[hold reg-reg] _59946_/Q -> _60518_/D : -61.507195
[hold reg-reg] _59946_/Q -> _60520_/D : -61.507244
[hold reg-reg] _59946_/Q -> _60517_/D : -61.502655
[hold reg-reg] _59946_/Q -> _60523_/D : -61.492310
[hold reg-reg] _59946_/Q -> _60503_/D : -61.486668
[hold reg-reg] _59946_/Q -> _60625_/D : -61.486130
[hold reg-reg] _61745_/Q -> _60602_/D : -61.484623
[hold reg-reg] _59946_/Q -> _60511_/D : -61.481255
[hold reg-reg] _59946_/Q -> _60627_/D : -61.479542
[hold reg-reg] _59946_/Q -> _60510_/D : -61.474388
[hold reg-reg] _59946_/Q -> _60506_/D : -61.473133
[hold reg-reg] _59946_/Q -> _60508_/D : -61.472740
[hold reg-reg] _59946_/Q -> _60507_/D : -61.471462
[hold reg-reg] _59946_/Q -> _60513_/D : -61.469997
[hold reg-reg] _59946_/Q -> _60505_/D : -61.469296
[hold reg-reg] _59946_/Q -> _60512_/D : -61.468742
[hold reg-reg] _61745_/Q -> _60542_/D : -61.468243
[hold reg-reg] _59946_/Q -> _60504_/D : -61.467560
[hold reg-reg] _61214_/Q -> _60528_/D : -61.466423
[hold reg-reg] _59946_/Q -> _60502_/D : -61.459435
[hold reg-reg] _59946_/Q -> _60493_/D : -61.453564
[hold reg-reg] _59946_/Q -> _60524_/D : -61.453281
[hold reg-reg] _61757_/Q -> _60525_/D : -61.450119
[hold reg-reg] _59946_/Q -> _60501_/D : -61.445946
[hold reg-reg] _61757_/Q -> _60566_/D : -61.444469
[hold reg-reg] _61744_/Q -> _60546_/D : -61.442791
[hold reg-reg] _59946_/Q -> _60498_/D : -61.442600
[hold reg-reg] _59946_/Q -> _60495_/D : -61.441029
[hold reg-reg] _59946_/Q -> _60497_/D : -61.440037
[hold reg-reg] _59946_/Q -> _60500_/D : -61.440029
[hold reg-reg] _59946_/Q -> _60499_/D : -61.439140
[hold reg-reg] _59946_/Q -> _60496_/D : -61.435730
[hold reg-reg] _59946_/Q -> _60494_/D : -61.433029
[hold reg-reg] _61214_/Q -> _60557_/D : -61.425945
[hold reg-reg] _61214_/Q -> _60639_/D : -61.419949
[hold reg-reg] _61214_/Q -> _60603_/D : -61.417980
[hold reg-reg] _61258_/Q -> _60532_/D : -61.402882
[hold reg-reg] _61258_/Q -> _60551_/D : -61.401787
[hold reg-reg] _59946_/Q -> _60644_/D : -61.395100
[hold reg-reg] _61214_/Q -> _60616_/D : -61.376682
[hold reg-reg] _61214_/Q -> _60604_/D : -61.358875
[hold reg-reg] _61744_/Q -> _60561_/D : -61.349968
[hold reg-reg] _61744_/Q -> _60564_/D : -61.347031
[hold reg-reg] _59946_/Q -> _60630_/D : -61.331406
[hold reg-reg] _59946_/Q -> _60631_/D : -61.317139
[hold reg-reg] _61259_/Q -> _60545_/D : -61.314339
[hold reg-reg] _61269_/Q -> _60554_/D : -61.313347
[hold reg-reg] _61744_/Q -> _60550_/D : -61.297401
[hold reg-reg] _61744_/Q -> _60556_/D : -61.285080
[hold reg-reg] _61744_/Q -> _60560_/D : -61.280136
[hold reg-reg] _59946_/Q -> _60591_/D : -61.269199
[hold reg-reg] _61257_/Q -> _60534_/D : -61.099125
[hold reg-reg] _61745_/Q -> _60552_/D : -61.074020
[hold reg-reg] _61258_/Q -> _60530_/D : -61.055218
[hold reg-reg] _61745_/Q -> _60567_/D : -61.017376
[hold reg-reg] _61757_/Q -> _60558_/D : -60.989948
[hold reg-reg] _61214_/Q -> _60601_/D : -60.967278
[hold reg-reg] _61744_/Q -> _60531_/D : -60.941631
[hold reg-reg] _61744_/Q -> _60553_/D : -60.929523
[hold reg-reg] _61259_/Q -> _60610_/D : -60.798061
[hold reg-reg] _61214_/Q -> _60565_/D : -60.750858
[hold reg-reg] _61214_/Q -> _60585_/D : -60.744556
[hold reg-reg] _61214_/Q -> _60538_/D : -60.716717
[hold reg-reg] _61259_/Q -> _60549_/D : -60.708050
[hold reg-reg] _61214_/Q -> _60559_/D : -60.667099
[hold reg-reg] _61269_/Q -> _60562_/D : -60.621803
[hold reg-reg] _61744_/Q -> _60527_/D : -60.479744
[hold reg-reg] _61256_/Q -> _60691_/D : -59.062778
[hold reg-reg] _61215_/Q -> _60828_/D : -58.918072
[hold reg-reg] _61255_/Q -> _60690_/D : -58.886784
[hold reg-reg] _61286_/Q -> _60804_/D : -58.776867
[hold reg-reg] _61273_/Q -> _60708_/D : -58.764656
[hold reg-reg] _61761_/Q -> _60707_/D : -58.716232
[hold reg-reg] _61763_/Q -> _60709_/D : -58.640789
[hold reg-reg] _61278_/Q -> _60713_/D : -58.633343
[hold reg-reg] _61276_/Q -> _60711_/D : -58.627602
[hold reg-reg] _61277_/Q -> _60712_/D : -58.620369
[hold reg-reg] _61760_/Q -> _60706_/D : -58.614960
[hold reg-reg] _61764_/Q -> _60710_/D : -58.577602
[hold reg-reg] _61281_/Q -> _60799_/D : -58.572407
[hold reg-reg] _61283_/Q -> _60686_/D : -58.536514
[hold reg-reg] _61283_/Q -> _60801_/D : -58.534668
[hold reg-reg] _61279_/Q -> _60682_/D : -58.532974
[hold reg-reg] _61759_/Q -> _60705_/D : -58.526550
[hold reg-reg] _61282_/Q -> _60800_/D : -58.518658
[hold reg-reg] _61281_/Q -> _60684_/D : -58.502129
[hold reg-reg] _61752_/Q -> _60698_/D : -58.499302
[hold reg-reg] _61754_/Q -> _60700_/D : -58.494610
[hold reg-reg] _61282_/Q -> _60685_/D : -58.452137
[hold reg-reg] _61755_/Q -> _60701_/D : -58.442177
[hold reg-reg] _61753_/Q -> _60699_/D : -58.440201
[hold reg-reg] _61774_/Q -> _60688_/D : -58.422256
[hold reg-reg] _61757_/Q -> _60703_/D : -58.399616
[hold reg-reg] _61286_/Q -> _60689_/D : -58.390755
[hold reg-reg] _61773_/Q -> _60802_/D : -58.385098
[hold reg-reg] _61769_/Q -> _60798_/D : -58.359581
[hold reg-reg] _61758_/Q -> _60704_/D : -58.354965
[hold reg-reg] _61751_/Q -> _60697_/D : -58.326553
[hold reg-reg] _61773_/Q -> _60687_/D : -58.310707
[hold reg-reg] _61769_/Q -> _60683_/D : -58.310131
[hold reg-reg] _60426_/Q -> _60808_/D : -58.308609
[hold reg-reg] _60426_/Q -> _60810_/D : -58.291664
[hold reg-reg] _61756_/Q -> _60702_/D : -58.290756
[hold reg-reg] _60426_/Q -> _60809_/D : -58.290718
[hold reg-reg] _61279_/Q -> _60797_/D : -58.224682
[hold reg-reg] _61749_/Q -> _60762_/D : -58.217953
[hold reg-reg] _60426_/Q -> _60821_/D : -58.202076
[hold reg-reg] _60426_/Q -> _60812_/D : -58.199219
[hold reg-reg] _61758_/Q -> _60748_/D : -58.199009
[hold reg-reg] _60426_/Q -> _60813_/D : -58.190289
[hold reg-reg] _61110_/Q -> _60648_/D : -58.183773
[hold reg-reg] _61774_/Q -> _60755_/D : -58.166485
[hold reg-reg] _61748_/Q -> _60694_/D : -58.156277
[hold reg-reg] _61749_/Q -> _60695_/D : -58.119038
[hold reg-reg] _61215_/Q -> _60756_/D : -58.106575
[hold reg-reg] _61758_/Q -> _60749_/D : -58.092674
[hold reg-reg] _61747_/Q -> _60693_/D : -58.054230
[hold reg-reg] _61774_/Q -> _60751_/D : -58.029488
[hold reg-reg] _61763_/Q -> _60792_/D : -58.024796
[hold reg-reg] _61750_/Q -> _60696_/D : -58.019855
[hold reg-reg] _61758_/Q -> _60776_/D : -58.018353
[hold reg-reg] _61215_/Q -> _60773_/D : -57.994549
[hold reg-reg] _61278_/Q -> _60796_/D : -57.977421
[hold reg-reg] _61273_/Q -> _60791_/D : -57.976242
[hold reg-reg] _61761_/Q -> _60790_/D : -57.951355
[hold reg-reg] _61215_/Q -> _60759_/D : -57.940247
[hold reg-reg] _61277_/Q -> _60795_/D : -57.933556
[hold reg-reg] _61215_/Q -> _60753_/D : -57.931538
[hold reg-reg] _61215_/Q -> _60761_/D : -57.924953
[hold reg-reg] _61748_/Q -> _60778_/D : -57.901867
[hold reg-reg] _61276_/Q -> _60794_/D : -57.891922
[hold reg-reg] _61747_/Q -> _60763_/D : -57.872608
[hold reg-reg] _61774_/Q -> _60803_/D : -57.867096
[hold reg-reg] _61756_/Q -> _60746_/D : -57.858097
[hold reg-reg] _61215_/Q -> _60752_/D : -57.857269
[hold reg-reg] _61751_/Q -> _60805_/D : -57.836567
[hold reg-reg] _61215_/Q -> _60758_/D : -57.834251
[hold reg-reg] _61215_/Q -> _60765_/D : -57.819016
[hold reg-reg] _61760_/Q -> _60789_/D : -57.798649
[hold reg-reg] _61755_/Q -> _60783_/D : -57.797657
[hold reg-reg] _61215_/Q -> _60750_/D : -57.794617
[hold reg-reg] _61215_/Q -> _60764_/D : -57.791702
[hold reg-reg] _61215_/Q -> _60771_/D : -57.781513
[hold reg-reg] _61747_/Q -> _60754_/D : -57.770069
[hold reg-reg] _61270_/Q -> _60788_/D : -57.759884
[hold reg-reg] _61748_/Q -> _60775_/D : -57.727501
[hold reg-reg] _61752_/Q -> _60780_/D : -57.698746
[hold reg-reg] _61747_/Q -> _60767_/D : -57.674484
[hold reg-reg] _61754_/Q -> _60782_/D : -57.630424
[hold reg-reg] _61215_/Q -> _60787_/D : -57.613533
[hold reg-reg] _61748_/Q -> _60766_/D : -57.588581
[hold reg-reg] _61753_/Q -> _60781_/D : -57.587337
[hold reg-reg] _61756_/Q -> _60785_/D : -57.566631
[hold reg-reg] _61751_/Q -> _60779_/D : -57.549179
[hold reg-reg] _61215_/Q -> _60770_/D : -57.532356
[hold reg-reg] _61215_/Q -> _60786_/D : -57.496410
[hold reg-reg] _61215_/Q -> _60760_/D : -57.483009
[hold reg-reg] _61758_/Q -> _60757_/D : -57.416061
[hold reg-reg] _61748_/Q -> _60769_/D : -57.412132
[hold reg-reg] _61215_/Q -> _60747_/D : -57.379044
[hold reg-reg] _61764_/Q -> _60784_/D : -57.334560
[hold reg-reg] _61764_/Q -> _60793_/D : -57.314514
[hold reg-reg] _61748_/Q -> _60777_/D : -57.293728
[hold reg-reg] _61749_/Q -> _60772_/D : -57.277618
[hold reg-reg] _61215_/Q -> _60774_/D : -57.198627
[hold reg-reg] _60426_/Q -> _60807_/D : -57.172485
[hold reg-reg] _60426_/Q -> _60814_/D : -57.165688
[hold reg-reg] _60426_/Q -> _60815_/D : -57.128185
[hold reg-reg] _60426_/Q -> _60816_/D : -57.104008
[hold reg-reg] _60426_/Q -> _60811_/D : -57.060299
[hold reg-reg] _61215_/Q -> _60826_/D : -57.052837
[hold reg-reg] _60426_/Q -> _60825_/D : -57.033901
[hold reg-reg] _61215_/Q -> _60820_/D : -57.032108
[hold reg-reg] _61749_/Q -> _60768_/D : -57.027843
[hold reg-reg] _61215_/Q -> _60817_/D : -57.011166
[hold reg-reg] _61215_/Q -> _60818_/D : -56.929005
[hold reg-reg] _61215_/Q -> _60819_/D : -56.919678
[hold reg-reg] _61215_/Q -> _60692_/D : -56.863369
[hold reg-reg] _60426_/Q -> _60744_/D : -56.565891
[hold reg-reg] _60426_/Q -> _60730_/D : -56.560719
[hold reg-reg] _60426_/Q -> _60714_/D : -56.501839
[hold reg-reg] _60426_/Q -> _60745_/D : -56.254539
[hold reg-reg] _60426_/Q -> _60738_/D : -56.251419
[hold reg-reg] _60426_/Q -> _60736_/D : -56.250919
[hold reg-reg] _60426_/Q -> _60737_/D : -56.249756
[hold reg-reg] _60426_/Q -> _60741_/D : -56.249523
[hold reg-reg] _60426_/Q -> _60742_/D : -56.248226
[hold reg-reg] _60426_/Q -> _60743_/D : -56.244946
[hold reg-reg] _60426_/Q -> _60735_/D : -56.244759
[hold reg-reg] _60426_/Q -> _60740_/D : -56.242031
[hold reg-reg] _60426_/Q -> _60739_/D : -56.235535
[hold reg-reg] _60426_/Q -> _60732_/D : -56.209339
[hold reg-reg] _60426_/Q -> _60724_/D : -56.208195
[hold reg-reg] _60426_/Q -> _60727_/D : -56.204075
[hold reg-reg] _60426_/Q -> _60733_/D : -56.202900
[hold reg-reg] _60426_/Q -> _60725_/D : -56.202263
[hold reg-reg] _60426_/Q -> _60731_/D : -56.199875
[hold reg-reg] _60426_/Q -> _60734_/D : -56.198086
[hold reg-reg] _60426_/Q -> _60729_/D : -56.196972
[hold reg-reg] _60426_/Q -> _60728_/D : -56.190536
[hold reg-reg] _60426_/Q -> _60726_/D : -56.180759
[hold reg-reg] _60426_/Q -> _60719_/D : -56.180450
[hold reg-reg] _60426_/Q -> _60723_/D : -56.180157
[hold reg-reg] _60426_/Q -> _60716_/D : -56.179611
[hold reg-reg] _60426_/Q -> _60717_/D : -56.178276
[hold reg-reg] _60426_/Q -> _60718_/D : -56.175438
[hold reg-reg] _60426_/Q -> _60715_/D : -56.173943
[hold reg-reg] _60426_/Q -> _60722_/D : -56.173927
[hold reg-reg] _60426_/Q -> _60720_/D : -56.158604
[hold reg-reg] _60426_/Q -> _60721_/D : -56.153358
[hold reg-reg] _61107_/Q -> _60833_/D : -53.900730
[hold reg-reg] _61107_/Q -> _58875_/D : -53.609425
[hold reg-reg] _61107_/Q -> _59865_/D : -53.549385
[hold reg-reg] _61107_/Q -> _59867_/D : -53.540310
[hold reg-reg] _61107_/Q -> _59856_/D : -53.528126
[hold reg-reg] _61107_/Q -> _59859_/D : -53.527348
[hold reg-reg] _61107_/Q -> _59858_/D : -53.526905
[hold reg-reg] _61107_/Q -> _59857_/D : -53.525627
[hold reg-reg] _61107_/Q -> _59854_/D : -53.525425
[hold reg-reg] _61107_/Q -> _59855_/D : -53.523933
[hold reg-reg] _61216_/Q -> _58874_/D : -53.520763
[hold reg-reg] _61107_/Q -> _59853_/D : -53.513248
[hold reg-reg] _61107_/Q -> _59852_/D : -53.512772
[hold reg-reg] _61107_/Q -> _59866_/D : -53.493168
[hold reg-reg] _61107_/Q -> _58873_/D : -53.468765
[hold reg-reg] _61107_/Q -> _61316_/D : -53.433178
[hold reg-reg] _61107_/Q -> _61317_/D : -53.398487
[hold reg-reg] _61107_/Q -> _61318_/D : -53.397404
[hold reg-reg] _61107_/Q -> _59821_/D : -53.355812
[hold reg-reg] _61107_/Q -> _59820_/D : -53.353592
[hold reg-reg] _61107_/Q -> _59824_/D : -53.349640
[hold reg-reg] _61107_/Q -> _59826_/D : -53.349636
[hold reg-reg] _61107_/Q -> _59827_/D : -53.349255
[hold reg-reg] _61107_/Q -> _59822_/D : -53.349091
[hold reg-reg] _61107_/Q -> _59825_/D : -53.348900
[hold reg-reg] _61107_/Q -> _59823_/D : -53.347439
[hold reg-reg] _61107_/Q -> _60829_/D : -53.318348
[hold reg-reg] _61107_/Q -> _59848_/D : -53.315105
[hold reg-reg] _61107_/Q -> _59850_/D : -53.315136
[hold reg-reg] _61107_/Q -> _59851_/D : -53.314461
[hold reg-reg] _61107_/Q -> _59849_/D : -53.313557
[hold reg-reg] _61107_/Q -> _59847_/D : -53.312744
[hold reg-reg] _61107_/Q -> _59846_/D : -53.311779
[hold reg-reg] _61107_/Q -> _59845_/D : -53.299019
[hold reg-reg] _61107_/Q -> _59844_/D : -53.297321
[hold reg-reg] _61107_/Q -> _60830_/D : -53.277660
[hold reg-reg] _61107_/Q -> _59862_/D : -53.266121
[hold reg-reg] _61107_/Q -> _59863_/D : -53.263874
[hold reg-reg] _61107_/Q -> _59864_/D : -53.262104
[hold reg-reg] _61107_/Q -> _59842_/D : -53.260075
[hold reg-reg] _61107_/Q -> _59838_/D : -53.259323
[hold reg-reg] _61107_/Q -> _59841_/D : -53.259270
[hold reg-reg] _61107_/Q -> _59840_/D : -53.258919
[hold reg-reg] _61107_/Q -> _59843_/D : -53.257637
[hold reg-reg] _61107_/Q -> _59839_/D : -53.254456
[hold reg-reg] _61107_/Q -> _59837_/D : -53.243820
[hold reg-reg] _61107_/Q -> _59860_/D : -53.242050
[hold reg-reg] _61107_/Q -> _59836_/D : -53.241680
[hold reg-reg] _61107_/Q -> _59861_/D : -53.240887
[hold reg-reg] _61107_/Q -> _58860_/D : -53.216419
[hold reg-reg] _61107_/Q -> _58861_/D : -53.204590
[hold reg-reg] _61216_/Q -> _58862_/D : -53.204342
[hold reg-reg] _61216_/Q -> _58866_/D : -53.185917
[hold reg-reg] _61107_/Q -> _58858_/D : -53.167675
[hold reg-reg] _61107_/Q -> _58859_/D : -53.164753
[hold reg-reg] _61107_/Q -> _58865_/D : -53.159092
[hold reg-reg] _61216_/Q -> _58863_/D : -53.159031
[hold reg-reg] _61107_/Q -> _58856_/D : -53.158455
[hold reg-reg] _61107_/Q -> _58867_/D : -53.149464
[hold reg-reg] _61107_/Q -> _58857_/D : -53.147667
[hold reg-reg] _61107_/Q -> _58855_/D : -53.140285
[hold reg-reg] _61107_/Q -> _59813_/D : -53.135815
[hold reg-reg] _61107_/Q -> _59812_/D : -53.135067
[hold reg-reg] _61107_/Q -> _59817_/D : -53.135098
[hold reg-reg] _61107_/Q -> _59819_/D : -53.134544
[hold reg-reg] _61107_/Q -> _59818_/D : -53.133671
[hold reg-reg] _61107_/Q -> _59251_/D : -53.133526
[hold reg-reg] _61107_/Q -> _59246_/D : -53.133015
[hold reg-reg] _61107_/Q -> _59815_/D : -53.132694
[hold reg-reg] _61107_/Q -> _59247_/D : -53.131920
[hold reg-reg] _61107_/Q -> _59816_/D : -53.131844
[hold reg-reg] _61107_/Q -> _59218_/D : -53.131096
[hold reg-reg] _61107_/Q -> _59249_/D : -53.130402
[hold reg-reg] _61107_/Q -> _59214_/D : -53.130119
[hold reg-reg] _61107_/Q -> _59219_/D : -53.130009
[hold reg-reg] _61107_/Q -> _59250_/D : -53.129704
[hold reg-reg] _61107_/Q -> _59248_/D : -53.129101
[hold reg-reg] _61107_/Q -> _59814_/D : -53.129120
[hold reg-reg] _61107_/Q -> _59216_/D : -53.128922
[hold reg-reg] _61107_/Q -> _59217_/D : -53.128811
[hold reg-reg] _61107_/Q -> _59215_/D : -53.128647
[hold reg-reg] _61107_/Q -> _59310_/D : -53.126072
[hold reg-reg] _61107_/Q -> _59311_/D : -53.124809
[hold reg-reg] _61107_/Q -> _59315_/D : -53.123642
[hold reg-reg] _61107_/Q -> _59312_/D : -53.123516
[hold reg-reg] _61107_/Q -> _59313_/D : -53.123333
[hold reg-reg] _61107_/Q -> _59314_/D : -53.122158
[hold reg-reg] _61107_/Q -> _59342_/D : -53.121326
[hold reg-reg] _61107_/Q -> _59343_/D : -53.118610
[hold reg-reg] _61107_/Q -> _59244_/D : -53.118469
[hold reg-reg] _61107_/Q -> _59245_/D : -53.118275
[hold reg-reg] _61107_/Q -> _59344_/D : -53.118179
[hold reg-reg] _61107_/Q -> _59347_/D : -53.117439
[hold reg-reg] _61107_/Q -> _59345_/D : -53.116764
[hold reg-reg] _61107_/Q -> _59346_/D : -53.116604
[hold reg-reg] _61107_/Q -> _59212_/D : -53.113853
[hold reg-reg] _61107_/Q -> _59309_/D : -53.113148
[hold reg-reg] _61107_/Q -> _59374_/D : -53.112446
[hold reg-reg] _61107_/Q -> _59376_/D : -53.112316
[hold reg-reg] _61107_/Q -> _59378_/D : -53.111725
[hold reg-reg] _61107_/Q -> _59377_/D : -53.111496
[hold reg-reg] _61107_/Q -> _59213_/D : -53.111412
[hold reg-reg] _61107_/Q -> _59308_/D : -53.111176
[hold reg-reg] _61107_/Q -> _59375_/D : -53.111038
[hold reg-reg] _61107_/Q -> _59438_/D : -53.110867
[hold reg-reg] _61107_/Q -> _59439_/D : -53.110859
[hold reg-reg] _61107_/Q -> _59474_/D : -53.110657
[hold reg-reg] _61107_/Q -> _59187_/D : -53.110237
[hold reg-reg] _61107_/Q -> _59441_/D : -53.110195
[hold reg-reg] _61107_/Q -> _59440_/D : -53.109932
[hold reg-reg] _61107_/Q -> _59473_/D : -53.109612
[hold reg-reg] _61107_/Q -> _59442_/D : -53.109474
[hold reg-reg] _61107_/Q -> _59804_/D : -53.109417
[hold reg-reg] _61107_/Q -> _59379_/D : -53.108601
[hold reg-reg] _61107_/Q -> _59183_/D : -53.107777
[hold reg-reg] _61107_/Q -> _59471_/D : -53.107601
[hold reg-reg] _61107_/Q -> _59805_/D : -53.107315
[hold reg-reg] _61107_/Q -> _59470_/D : -53.107033
[hold reg-reg] _61107_/Q -> _59472_/D : -53.106953
[hold reg-reg] _61107_/Q -> _59443_/D : -53.106815
[hold reg-reg] _61107_/Q -> _59184_/D : -53.106476
[hold reg-reg] _61107_/Q -> _59475_/D : -53.105629
[hold reg-reg] _61107_/Q -> _59341_/D : -53.105495
[hold reg-reg] _61107_/Q -> _59186_/D : -53.104790
[hold reg-reg] _61107_/Q -> _59182_/D : -53.104637
[hold reg-reg] _61107_/Q -> _59185_/D : -53.104607
[hold reg-reg] _61107_/Q -> _59340_/D : -53.103970
[hold reg-reg] _61107_/Q -> _59810_/D : -53.103806
[hold reg-reg] _61107_/Q -> _59811_/D : -53.102669
[hold reg-reg] _61107_/Q -> _59806_/D : -53.102093
[hold reg-reg] _61107_/Q -> _59809_/D : -53.102085
[hold reg-reg] _61107_/Q -> _59807_/D : -53.101952
[hold reg-reg] _61107_/Q -> _59808_/D : -53.101128
[hold reg-reg] _61107_/Q -> _59436_/D : -53.094311
[hold reg-reg] _61107_/Q -> _59437_/D : -53.094158
[hold reg-reg] _61107_/Q -> _59469_/D : -53.092846
[hold reg-reg] _61107_/Q -> _59373_/D : -53.091713
[hold reg-reg] _61107_/Q -> _59468_/D : -53.091728
[hold reg-reg] _61107_/Q -> _59372_/D : -53.091469
[hold reg-reg] _61107_/Q -> _59181_/D : -53.090591
[hold reg-reg] _61107_/Q -> _59180_/D : -53.090446
[hold reg-reg] _61107_/Q -> _59830_/D : -53.087181
[hold reg-reg] _61107_/Q -> _59828_/D : -53.086128
[hold reg-reg] _61107_/Q -> _59829_/D : -53.085999
[hold reg-reg] _61107_/Q -> _59831_/D : -53.084087
[hold reg-reg] _61107_/Q -> _59835_/D : -53.083855
[hold reg-reg] _61107_/Q -> _59833_/D : -53.083668
[hold reg-reg] _61107_/Q -> _59834_/D : -53.081345
[hold reg-reg] _61107_/Q -> _59832_/D : -53.080997
[hold reg-reg] _61107_/Q -> _58852_/D : -53.068188
[hold reg-reg] _61107_/Q -> _59091_/D : -53.040966
[hold reg-reg] _61107_/Q -> _59088_/D : -53.040104
[hold reg-reg] _61107_/Q -> _59089_/D : -53.040112
[hold reg-reg] _61107_/Q -> _59086_/D : -53.038998
[hold reg-reg] _61107_/Q -> _59090_/D : -53.037941
[hold reg-reg] _61107_/Q -> _59087_/D : -53.037563
[hold reg-reg] _61107_/Q -> _58899_/D : -53.032894
[hold reg-reg] _61107_/Q -> _58897_/D : -53.032829
[hold reg-reg] _61107_/Q -> _58895_/D : -53.032436
[hold reg-reg] _61107_/Q -> _59085_/D : -53.032284
[hold reg-reg] _61107_/Q -> _58894_/D : -53.032196
[hold reg-reg] _61107_/Q -> _58898_/D : -53.031216
[hold reg-reg] _61107_/Q -> _58896_/D : -53.030891
[hold reg-reg] _61107_/Q -> _59084_/D : -53.029915
[hold reg-reg] _61107_/Q -> _58892_/D : -53.011143
[hold reg-reg] _61107_/Q -> _58893_/D : -53.010136
[hold reg-reg] _61107_/Q -> _59151_/D : -53.005272
[hold reg-reg] _61107_/Q -> _59153_/D : -53.005016
[hold reg-reg] _61107_/Q -> _59154_/D : -53.004948
[hold reg-reg] _61107_/Q -> _59150_/D : -53.004723
[hold reg-reg] _61107_/Q -> _59155_/D : -53.004101
[hold reg-reg] _61107_/Q -> _59152_/D : -53.003738
[hold reg-reg] _61107_/Q -> _59278_/D : -52.999634
[hold reg-reg] _61216_/Q -> _59062_/D : -52.998909
[hold reg-reg] _61107_/Q -> _59279_/D : -52.998817
[hold reg-reg] _61107_/Q -> _59408_/D : -52.998589
[hold reg-reg] _61107_/Q -> _59407_/D : -52.998413
[hold reg-reg] _61107_/Q -> _59411_/D : -52.998173
[hold reg-reg] _61216_/Q -> _59065_/D : -52.997917
[hold reg-reg] _61216_/Q -> _59063_/D : -52.997730
[hold reg-reg] _61107_/Q -> _59280_/D : -52.997265
[hold reg-reg] _61107_/Q -> _59406_/D : -52.996529
[hold reg-reg] _61107_/Q -> _59283_/D : -52.996464
[hold reg-reg] _61107_/Q -> _59281_/D : -52.996143
[hold reg-reg] _61107_/Q -> _59282_/D : -52.995731
[hold reg-reg] _61216_/Q -> _59066_/D : -52.995594
[hold reg-reg] _61216_/Q -> _59067_/D : -52.995533
[hold reg-reg] _61216_/Q -> _59064_/D : -52.995426
[hold reg-reg] _61216_/Q -> _59051_/D : -52.994537
[hold reg-reg] _61107_/Q -> _59409_/D : -52.994556
[hold reg-reg] _61107_/Q -> _59410_/D : -52.993736
[hold reg-reg] _61217_/Q -> _60832_/D : -52.993065
[hold reg-reg] _61216_/Q -> _59047_/D : -52.992477
[hold reg-reg] _61216_/Q -> _59048_/D : -52.992100
[hold reg-reg] _61107_/Q -> _59148_/D : -52.991604
[hold reg-reg] _61107_/Q -> _59149_/D : -52.991615
[hold reg-reg] _61216_/Q -> _59049_/D : -52.991531
[hold reg-reg] _61216_/Q -> _59050_/D : -52.989403
[hold reg-reg] _61216_/Q -> _59046_/D : -52.988983
[hold reg-reg] _61107_/Q -> _58868_/D : -52.988064
[hold reg-reg] _61107_/Q -> _59600_/D : -52.986374
[hold reg-reg] _61107_/Q -> _59731_/D : -52.984886
[hold reg-reg] _61107_/Q -> _58872_/D : -52.984589
[hold reg-reg] _61107_/Q -> _59602_/D : -52.984356
[hold reg-reg] _61107_/Q -> _59726_/D : -52.984150
[hold reg-reg] _61107_/Q -> _59727_/D : -52.984123
[hold reg-reg] _61107_/Q -> _59598_/D : -52.983967
[hold reg-reg] _61107_/Q -> _59729_/D : -52.983795
[hold reg-reg] _61107_/Q -> _59730_/D : -52.983391
[hold reg-reg] _61107_/Q -> _59601_/D : -52.983059
[hold reg-reg] _61107_/Q -> _59603_/D : -52.982880
[hold reg-reg] _61107_/Q -> _59599_/D : -52.982445
[hold reg-reg] _61107_/Q -> _59728_/D : -52.982082
[hold reg-reg] _61107_/Q -> _59019_/D : -52.981663
[hold reg-reg] _61107_/Q -> _59017_/D : -52.980980
[hold reg-reg] _61107_/Q -> _59015_/D : -52.978939
[hold reg-reg] _61107_/Q -> _59016_/D : -52.978489
[hold reg-reg] _61107_/Q -> _59018_/D : -52.977200
[hold reg-reg] _61107_/Q -> _59014_/D : -52.974487
[hold reg-reg] _61107_/Q -> _59633_/D : -52.973961
[hold reg-reg] _61107_/Q -> _59725_/D : -52.973919
[hold reg-reg] _61107_/Q -> _59724_/D : -52.973328
[hold reg-reg] _61107_/Q -> _59597_/D : -52.972668
[hold reg-reg] _61107_/Q -> _59535_/D : -52.972397
[hold reg-reg] _61107_/Q -> _59536_/D : -52.971581
[hold reg-reg] _61107_/Q -> _59632_/D : -52.971603
[hold reg-reg] _61107_/Q -> _59596_/D : -52.971409
[hold reg-reg] _61107_/Q -> _59537_/D : -52.970764
[hold reg-reg] _61107_/Q -> _59630_/D : -52.970112
[hold reg-reg] _61107_/Q -> _59634_/D : -52.969952
[hold reg-reg] _61107_/Q -> _59635_/D : -52.969604
[hold reg-reg] _61107_/Q -> _59534_/D : -52.969479
[hold reg-reg] _61107_/Q -> _59631_/D : -52.969208
[hold reg-reg] _61107_/Q -> _59539_/D : -52.969097
[hold reg-reg] _61107_/Q -> _59538_/D : -52.968193
[hold reg-reg] _61107_/Q -> _59507_/D : -52.963722
[hold reg-reg] _61107_/Q -> _59506_/D : -52.962975
[hold reg-reg] _61107_/Q -> _59504_/D : -52.961941
[hold reg-reg] _61107_/Q -> _59503_/D : -52.960827
[hold reg-reg] _61107_/Q -> _59505_/D : -52.960644
[hold reg-reg] _61107_/Q -> _59629_/D : -52.959911
[hold reg-reg] _61107_/Q -> _59502_/D : -52.959625
[hold reg-reg] _61107_/Q -> _59628_/D : -52.959614
[hold reg-reg] _61107_/Q -> _59079_/D : -52.957565
[hold reg-reg] _61107_/Q -> _58870_/D : -52.957382
[hold reg-reg] _61107_/Q -> _59531_/D : -52.956837
[hold reg-reg] _61107_/Q -> _59083_/D : -52.956444
[hold reg-reg] _61107_/Q -> _59532_/D : -52.956184
[hold reg-reg] _61107_/Q -> _59533_/D : -52.956039
[hold reg-reg] _61107_/Q -> _59082_/D : -52.955746
[hold reg-reg] _61107_/Q -> _59723_/D : -52.954491
[hold reg-reg] _61107_/Q -> _58921_/D : -52.954216
[hold reg-reg] _61107_/Q -> _59080_/D : -52.954243
[hold reg-reg] _61107_/Q -> _59718_/D : -52.954166
[hold reg-reg] _61107_/Q -> _59081_/D : -52.953918
[hold reg-reg] _61107_/Q -> _59719_/D : -52.953636
[hold reg-reg] _61216_/Q -> _58922_/D : -52.953335
[hold reg-reg] _61107_/Q -> _59721_/D : -52.953384
[hold reg-reg] _61107_/Q -> _58919_/D : -52.953197
[hold reg-reg] _61107_/Q -> _59528_/D : -52.953186
[hold reg-reg] _61107_/Q -> _59720_/D : -52.953117
[hold reg-reg] _61216_/Q -> _58923_/D : -52.952953
[hold reg-reg] _61107_/Q -> _59722_/D : -52.952694
[hold reg-reg] _61107_/Q -> _59500_/D : -52.952438
[hold reg-reg] _61107_/Q -> _59530_/D : -52.952389
[hold reg-reg] _61107_/Q -> _60831_/D : -52.951664
[hold reg-reg] _61216_/Q -> _58920_/D : -52.951088
[hold reg-reg] _61107_/Q -> _59526_/D : -52.951122
[hold reg-reg] _61107_/Q -> _58918_/D : -52.950684
[hold reg-reg] _61107_/Q -> _59498_/D : -52.950661
[hold reg-reg] _61107_/Q -> _59529_/D : -52.950554
[hold reg-reg] _61216_/Q -> _58935_/D : -52.950329
[hold reg-reg] _61216_/Q -> _58937_/D : -52.950130
[hold reg-reg] _61107_/Q -> _59495_/D : -52.950142
[hold reg-reg] _61107_/Q -> _59494_/D : -52.949844
[hold reg-reg] _61107_/Q -> _59499_/D : -52.949879
[hold reg-reg] _61107_/Q -> _59501_/D : -52.949799
[hold reg-reg] _61107_/Q -> _59078_/D : -52.949570
[hold reg-reg] _61107_/Q -> _58891_/D : -52.949299
[hold reg-reg] _61107_/Q -> _59497_/D : -52.949100
[hold reg-reg] _61216_/Q -> _58934_/D : -52.948975
[hold reg-reg] _61107_/Q -> _59496_/D : -52.948799
[hold reg-reg] _61107_/Q -> _58889_/D : -52.948231
[hold reg-reg] _61107_/Q -> _58890_/D : -52.948006
[hold reg-reg] _61216_/Q -> _58939_/D : -52.947784
[hold reg-reg] _61107_/Q -> _59527_/D : -52.947643
[hold reg-reg] _61216_/Q -> _58938_/D : -52.946533
[hold reg-reg] _61216_/Q -> _58936_/D : -52.946026
[hold reg-reg] _61107_/Q -> _58887_/D : -52.945728
[hold reg-reg] _61107_/Q -> _58888_/D : -52.945728
[hold reg-reg] _61107_/Q -> _58869_/D : -52.943188
[hold reg-reg] _61107_/Q -> _58886_/D : -52.943058
[hold reg-reg] _61107_/Q -> _59593_/D : -52.942074
[hold reg-reg] _61107_/Q -> _58871_/D : -52.941990
[hold reg-reg] _61107_/Q -> _59592_/D : -52.941727
[hold reg-reg] _61107_/Q -> _59591_/D : -52.941242
[hold reg-reg] _61107_/Q -> _59595_/D : -52.941212
[hold reg-reg] _61107_/Q -> _59717_/D : -52.940941
[hold reg-reg] _61107_/Q -> _59716_/D : -52.939648
[hold reg-reg] _61107_/Q -> _59146_/D : -52.939259
[hold reg-reg] _61107_/Q -> _59145_/D : -52.939106
[hold reg-reg] _61107_/Q -> _59147_/D : -52.939045
[hold reg-reg] _61107_/Q -> _59594_/D : -52.939030
[hold reg-reg] _61107_/Q -> _59590_/D : -52.938610
[hold reg-reg] _61107_/Q -> _59142_/D : -52.937241
[hold reg-reg] _61107_/Q -> _59625_/D : -52.937134
[hold reg-reg] _61107_/Q -> _59626_/D : -52.937126
[hold reg-reg] _61107_/Q -> _59623_/D : -52.936649
[hold reg-reg] _61107_/Q -> _59077_/D : -52.935833
[hold reg-reg] _61107_/Q -> _59627_/D : -52.935711
[hold reg-reg] _61107_/Q -> _58916_/D : -52.934624
[hold reg-reg] _61107_/Q -> _59076_/D : -52.934509
[hold reg-reg] _61107_/Q -> _58917_/D : -52.934433
[hold reg-reg] _61107_/Q -> _59622_/D : -52.934448
[hold reg-reg] _61107_/Q -> _59144_/D : -52.933907
[hold reg-reg] _61107_/Q -> _58885_/D : -52.933525
[hold reg-reg] _61107_/Q -> _59493_/D : -52.933369
[hold reg-reg] _61107_/Q -> _59624_/D : -52.933220
[hold reg-reg] _61107_/Q -> _59143_/D : -52.932884
[hold reg-reg] _61107_/Q -> _58884_/D : -52.932652
[hold reg-reg] _61216_/Q -> _58999_/D : -52.932663
[hold reg-reg] _61216_/Q -> _59001_/D : -52.932152
[hold reg-reg] _61107_/Q -> _58844_/D : -52.931751
[hold reg-reg] _61107_/Q -> _59492_/D : -52.931759
[hold reg-reg] _61216_/Q -> _59002_/D : -52.930698
[hold reg-reg] _61107_/Q -> _59525_/D : -52.930717
[hold reg-reg] _61216_/Q -> _58998_/D : -52.929974
[hold reg-reg] _61216_/Q -> _59000_/D : -52.929893
[hold reg-reg] _61107_/Q -> _59524_/D : -52.928322
[hold reg-reg] _61216_/Q -> _59003_/D : -52.927849
[hold reg-reg] _61107_/Q -> _59304_/D : -52.927734
[hold reg-reg] _61107_/Q -> _59306_/D : -52.927128
[hold reg-reg] _61107_/Q -> _59241_/D : -52.926781
[hold reg-reg] _61107_/Q -> _59305_/D : -52.926033
[hold reg-reg] _61107_/Q -> _59307_/D : -52.925869
[hold reg-reg] _61107_/Q -> _59302_/D : -52.925755
[hold reg-reg] _61107_/Q -> _59243_/D : -52.925694
[hold reg-reg] _61107_/Q -> _59208_/D : -52.925438
[hold reg-reg] _61107_/Q -> _59242_/D : -52.925472
[hold reg-reg] _61107_/Q -> _59303_/D : -52.925365
[hold reg-reg] _61107_/Q -> _59589_/D : -52.925186
[hold reg-reg] _61107_/Q -> _59210_/D : -52.924934
[hold reg-reg] _61107_/Q -> _59588_/D : -52.924854
[hold reg-reg] _61107_/Q -> _59211_/D : -52.923962
[hold reg-reg] _61107_/Q -> _59206_/D : -52.923904
[hold reg-reg] _61107_/Q -> _59209_/D : -52.923817
[hold reg-reg] _61107_/Q -> _59240_/D : -52.923706
[hold reg-reg] _61107_/Q -> _59141_/D : -52.923248
[hold reg-reg] _61107_/Q -> _59238_/D : -52.923248
[hold reg-reg] _61107_/Q -> _59207_/D : -52.922729
[hold reg-reg] _61107_/Q -> _59140_/D : -52.921978
[hold reg-reg] _61107_/Q -> _59239_/D : -52.921482
[hold reg-reg] _61107_/Q -> _59369_/D : -52.921509
[hold reg-reg] _61107_/Q -> _59371_/D : -52.920975
[hold reg-reg] _61107_/Q -> _59367_/D : -52.920437
[hold reg-reg] _61107_/Q -> _59621_/D : -52.920372
[hold reg-reg] _61107_/Q -> _59034_/D : -52.919975
[hold reg-reg] _61107_/Q -> _59031_/D : -52.919491
[hold reg-reg] _61107_/Q -> _59366_/D : -52.919525
[hold reg-reg] _61107_/Q -> _59368_/D : -52.919434
[hold reg-reg] _61107_/Q -> _59620_/D : -52.919189
[hold reg-reg] _61107_/Q -> _59030_/D : -52.918987
[hold reg-reg] _61107_/Q -> _59337_/D : -52.917332
[hold reg-reg] _61107_/Q -> _59370_/D : -52.916813
[hold reg-reg] _61107_/Q -> _59339_/D : -52.916721
[hold reg-reg] _61107_/Q -> _59338_/D : -52.916260
[hold reg-reg] _61107_/Q -> _59032_/D : -52.915760
[hold reg-reg] _61107_/Q -> _59465_/D : -52.915321
[hold reg-reg] _61107_/Q -> _59033_/D : -52.915043
[hold reg-reg] _61107_/Q -> _59334_/D : -52.914375
[hold reg-reg] _61107_/Q -> _59335_/D : -52.914322
[hold reg-reg] _61107_/Q -> _59336_/D : -52.914360
[hold reg-reg] _61107_/Q -> _59466_/D : -52.914352
[hold reg-reg] _61107_/Q -> _59464_/D : -52.913933
[hold reg-reg] _61107_/Q -> _59035_/D : -52.913181
[hold reg-reg] _61216_/Q -> _59128_/D : -52.911469
[hold reg-reg] _61107_/Q -> _59467_/D : -52.911518
[hold reg-reg] _61107_/Q -> _59301_/D : -52.911007
[hold reg-reg] _61107_/Q -> _59204_/D : -52.910789
[hold reg-reg] _61107_/Q -> _59205_/D : -52.910660
[hold reg-reg] _61216_/Q -> _59126_/D : -52.910465
[hold reg-reg] _61216_/Q -> _59127_/D : -52.910099
[hold reg-reg] _61107_/Q -> _59300_/D : -52.909954
[hold reg-reg] _61107_/Q -> _59462_/D : -52.908913
[hold reg-reg] _61107_/Q -> _59236_/D : -52.908783
[hold reg-reg] _61216_/Q -> _59129_/D : -52.908325
[hold reg-reg] _61107_/Q -> _59237_/D : -52.908249
[hold reg-reg] _61216_/Q -> _59130_/D : -52.907562
[hold reg-reg] _61107_/Q -> _59432_/D : -52.906704
[hold reg-reg] _61107_/Q -> _59433_/D : -52.906685
[hold reg-reg] _61107_/Q -> _59463_/D : -52.906559
[hold reg-reg] _61107_/Q -> _59435_/D : -52.906097
[hold reg-reg] _61216_/Q -> _59131_/D : -52.905876
[hold reg-reg] _61107_/Q -> _59179_/D : -52.904099
[hold reg-reg] _61107_/Q -> _59434_/D : -52.903908
[hold reg-reg] _61107_/Q -> _59094_/D : -52.903431
[hold reg-reg] _61107_/Q -> _59431_/D : -52.903164
[hold reg-reg] _61107_/Q -> _59430_/D : -52.902431
[hold reg-reg] _61107_/Q -> _59175_/D : -52.902264
[hold reg-reg] _61107_/Q -> _59177_/D : -52.902050
[hold reg-reg] _61107_/Q -> _59098_/D : -52.901512
[hold reg-reg] _61107_/Q -> _59099_/D : -52.901428
[hold reg-reg] _61107_/Q -> _59178_/D : -52.901417
[hold reg-reg] _61216_/Q -> _59646_/D : -52.901409
[hold reg-reg] _61216_/Q -> _59647_/D : -52.901379
[hold reg-reg] _61216_/Q -> _59650_/D : -52.901306
[hold reg-reg] _61107_/Q -> _61295_/D : -52.901314
[hold reg-reg] _61107_/Q -> _59176_/D : -52.901054
[hold reg-reg] _61107_/Q -> _59096_/D : -52.900276
[hold reg-reg] _61107_/Q -> _59097_/D : -52.899986
[hold reg-reg] _61107_/Q -> _59095_/D : -52.899807
[hold reg-reg] _61216_/Q -> _59651_/D : -52.899170
[hold reg-reg] _61107_/Q -> _59174_/D : -52.898819
[hold reg-reg] _61216_/Q -> _59648_/D : -52.898182
[hold reg-reg] _61107_/Q -> _59333_/D : -52.898083
[hold reg-reg] _61216_/Q -> _59649_/D : -52.897617
[hold reg-reg] _61107_/Q -> _59332_/D : -52.896591
[hold reg-reg] _61107_/Q -> _58845_/D : -52.896519
[hold reg-reg] _61107_/Q -> _59364_/D : -52.895302
[hold reg-reg] _61107_/Q -> _59365_/D : -52.893883
[hold reg-reg] _61107_/Q -> _59460_/D : -52.891724
[hold reg-reg] _61107_/Q -> _59256_/D : -52.890312
[hold reg-reg] _61107_/Q -> _59461_/D : -52.890194
[hold reg-reg] _61107_/Q -> _59092_/D : -52.889683
[hold reg-reg] _61107_/Q -> _59093_/D : -52.889072
[hold reg-reg] _61107_/Q -> _59255_/D : -52.888439
[hold reg-reg] _61107_/Q -> _58864_/D : -52.888199
[hold reg-reg] _61107_/Q -> _58902_/D : -52.888027
[hold reg-reg] _61107_/Q -> _59254_/D : -52.887711
[hold reg-reg] _61107_/Q -> _59258_/D : -52.887657
[hold reg-reg] _61107_/Q -> _59428_/D : -52.887203
[hold reg-reg] _61107_/Q -> _59429_/D : -52.887211
[hold reg-reg] _61107_/Q -> _59257_/D : -52.887074
[hold reg-reg] _61107_/Q -> _59259_/D : -52.887108
[hold reg-reg] _61107_/Q -> _58903_/D : -52.884769
[hold reg-reg] _61107_/Q -> _59480_/D : -52.884140
[hold reg-reg] _61107_/Q -> _58904_/D : -52.882629
[hold reg-reg] _61107_/Q -> _58905_/D : -52.882526
[hold reg-reg] _61107_/Q -> _59478_/D : -52.882381
[hold reg-reg] _61107_/Q -> _59479_/D : -52.882271
[hold reg-reg] _61107_/Q -> _58907_/D : -52.881081
[hold reg-reg] _61107_/Q -> _59483_/D : -52.880527
[hold reg-reg] _61107_/Q -> _58906_/D : -52.880459
[hold reg-reg] _61107_/Q -> _59482_/D : -52.880180
[hold reg-reg] _61107_/Q -> _59481_/D : -52.880093
[hold reg-reg] _61107_/Q -> _59323_/D : -52.878582
[hold reg-reg] _61107_/Q -> _59318_/D : -52.878513
[hold reg-reg] _61107_/Q -> _59322_/D : -52.878380
[hold reg-reg] _61107_/Q -> _59173_/D : -52.878109
[hold reg-reg] _61107_/Q -> _59172_/D : -52.877888
[hold reg-reg] _61107_/Q -> _59319_/D : -52.876965
[hold reg-reg] _61107_/Q -> _59320_/D : -52.876270
[hold reg-reg] _61107_/Q -> _59161_/D : -52.875664
[hold reg-reg] _61107_/Q -> _59321_/D : -52.875359
[hold reg-reg] _61107_/Q -> _59158_/D : -52.875259
[hold reg-reg] _61107_/Q -> _59253_/D : -52.874180
[hold reg-reg] _61107_/Q -> _59638_/D : -52.874222
[hold reg-reg] _61107_/Q -> _59160_/D : -52.873619
[hold reg-reg] _61107_/Q -> _59163_/D : -52.873215
[hold reg-reg] _61107_/Q -> _59252_/D : -52.873219
[hold reg-reg] _61107_/Q -> _58847_/D : -52.872437
[hold reg-reg] _61107_/Q -> _58932_/D : -52.872215
[hold reg-reg] _61107_/Q -> _59162_/D : -52.871838
[hold reg-reg] _61107_/Q -> _59702_/D : -52.871765
[hold reg-reg] _61107_/Q -> _59643_/D : -52.871601
[hold reg-reg] _61107_/Q -> _59159_/D : -52.871414
[hold reg-reg] _61107_/Q -> _59639_/D : -52.871353
[hold reg-reg] _61107_/Q -> _58846_/D : -52.871159
[hold reg-reg] _61107_/Q -> _58933_/D : -52.871033
[hold reg-reg] _61107_/Q -> _59447_/D : -52.870865
[hold reg-reg] _61107_/Q -> _59451_/D : -52.870869
[hold reg-reg] _61107_/Q -> _59640_/D : -52.870350
[hold reg-reg] _61107_/Q -> _59448_/D : -52.870136
[hold reg-reg] _61107_/Q -> _59703_/D : -52.869701
[hold reg-reg] _61107_/Q -> _59450_/D : -52.869534
[hold reg-reg] _61107_/Q -> _59642_/D : -52.869442
[hold reg-reg] _61107_/Q -> _59606_/D : -52.869080
[hold reg-reg] _61107_/Q -> _59707_/D : -52.868923
[hold reg-reg] _61107_/Q -> _59734_/D : -52.868572
[hold reg-reg] _61107_/Q -> _59766_/D : -52.868454
[hold reg-reg] _61107_/Q -> _59446_/D : -52.868324
[hold reg-reg] _61107_/Q -> _59641_/D : -52.868156
[hold reg-reg] _61107_/Q -> _59476_/D : -52.867134
[hold reg-reg] _61107_/Q -> _59610_/D : -52.866829
[hold reg-reg] _61107_/Q -> _59706_/D : -52.866776
[hold reg-reg] _61107_/Q -> _59738_/D : -52.866726
[hold reg-reg] _61107_/Q -> _59477_/D : -52.866619
[hold reg-reg] _61107_/Q -> _58900_/D : -52.866341
[hold reg-reg] _61107_/Q -> _59739_/D : -52.866314
[hold reg-reg] _61107_/Q -> _58901_/D : -52.866173
[hold reg-reg] _61107_/Q -> _59449_/D : -52.866074
[hold reg-reg] _61107_/Q -> _59512_/D : -52.865921
[hold reg-reg] _61107_/Q -> _59767_/D : -52.865940
[hold reg-reg] _61107_/Q -> _59224_/D : -52.865810
[hold reg-reg] _61107_/Q -> _59608_/D : -52.865803
[hold reg-reg] _61107_/Q -> _59511_/D : -52.865677
[hold reg-reg] _61107_/Q -> _59607_/D : -52.865715
[hold reg-reg] _61107_/Q -> _59705_/D : -52.865746
[hold reg-reg] _61107_/Q -> _59771_/D : -52.865425
[hold reg-reg] _61107_/Q -> _59770_/D : -52.865356
[hold reg-reg] _61107_/Q -> _59384_/D : -52.864674
[hold reg-reg] _61107_/Q -> _59225_/D : -52.864578
[hold reg-reg] _61107_/Q -> _59704_/D : -52.864574
[hold reg-reg] _61107_/Q -> _59222_/D : -52.864513
[hold reg-reg] _61107_/Q -> _59223_/D : -52.864418
[hold reg-reg] _61107_/Q -> _59227_/D : -52.864361
[hold reg-reg] _61107_/Q -> _59513_/D : -52.864262
[hold reg-reg] _61107_/Q -> _59514_/D : -52.864117
[hold reg-reg] _61107_/Q -> _59226_/D : -52.864017
[hold reg-reg] _61107_/Q -> _59737_/D : -52.863750
[hold reg-reg] _61107_/Q -> _59387_/D : -52.863281
[hold reg-reg] _61107_/Q -> _59769_/D : -52.863251
[hold reg-reg] _61107_/Q -> _59382_/D : -52.863155
[hold reg-reg] _61107_/Q -> _59383_/D : -52.863094
[hold reg-reg] _61107_/Q -> _59510_/D : -52.863029
[hold reg-reg] _61107_/Q -> _59515_/D : -52.862911
[hold reg-reg] _61107_/Q -> _59736_/D : -52.862892
[hold reg-reg] _61107_/Q -> _59609_/D : -52.862640
[hold reg-reg] _61107_/Q -> _59611_/D : -52.862671
[hold reg-reg] _61107_/Q -> _59385_/D : -52.862427
[hold reg-reg] _61107_/Q -> _59768_/D : -52.862339
[hold reg-reg] _61107_/Q -> _59386_/D : -52.862236
[hold reg-reg] _61107_/Q -> _59735_/D : -52.861980
[hold reg-reg] _61107_/Q -> _59798_/D : -52.858498
[hold reg-reg] _61107_/Q -> _61291_/D : -52.857540
[hold reg-reg] _61107_/Q -> _59350_/D : -52.857346
[hold reg-reg] _61107_/Q -> _59316_/D : -52.857265
[hold reg-reg] _61107_/Q -> _59802_/D : -52.856976
[hold reg-reg] _61107_/Q -> _59799_/D : -52.856800
[hold reg-reg] _61107_/Q -> _59803_/D : -52.856537
[hold reg-reg] _61107_/Q -> _58849_/D : -52.856422
[hold reg-reg] _61107_/Q -> _59317_/D : -52.856323
[hold reg-reg] _61107_/Q -> _59353_/D : -52.855808
[hold reg-reg] _61107_/Q -> _59351_/D : -52.855072
[hold reg-reg] _61107_/Q -> _59354_/D : -52.854980
[hold reg-reg] _61107_/Q -> _59355_/D : -52.854881
[hold reg-reg] _61107_/Q -> _59801_/D : -52.854496
[hold reg-reg] _61107_/Q -> _59156_/D : -52.854252
[hold reg-reg] _61107_/Q -> _59800_/D : -52.853603
[hold reg-reg] _61107_/Q -> _59352_/D : -52.853439
[hold reg-reg] _61107_/Q -> _59157_/D : -52.853004
[hold reg-reg] _61107_/Q -> _59190_/D : -52.852730
[hold reg-reg] _61216_/Q -> _58987_/D : -52.852322
[hold reg-reg] _61216_/Q -> _58985_/D : -52.851780
[hold reg-reg] _61216_/Q -> _58984_/D : -52.851402
[hold reg-reg] _61216_/Q -> _59115_/D : -52.851421
[hold reg-reg] _61216_/Q -> _59112_/D : -52.851349
[hold reg-reg] _61216_/Q -> _58983_/D : -52.851009
[hold reg-reg] _61107_/Q -> _59542_/D : -52.850597
[hold reg-reg] _61216_/Q -> _59113_/D : -52.850391
[hold reg-reg] _61216_/Q -> _59114_/D : -52.849991
[hold reg-reg] _61107_/Q -> _59547_/D : -52.850014
[hold reg-reg] _61107_/Q -> _59444_/D : -52.849335
[hold reg-reg] _61107_/Q -> _59445_/D : -52.849163
[hold reg-reg] _61107_/Q -> _59220_/D : -52.848869
[hold reg-reg] _61107_/Q -> _59543_/D : -52.848820
[hold reg-reg] _61107_/Q -> _59221_/D : -52.848637
[hold reg-reg] _61107_/Q -> _59545_/D : -52.848560
[hold reg-reg] _61107_/Q -> _59605_/D : -52.848595
[hold reg-reg] _61216_/Q -> _58986_/D : -52.848530
[hold reg-reg] _61107_/Q -> _59604_/D : -52.848286
[hold reg-reg] _61107_/Q -> _59192_/D : -52.848225
[hold reg-reg] _61107_/Q -> _59544_/D : -52.847767
[hold reg-reg] _61107_/Q -> _59546_/D : -52.847660
[hold reg-reg] _61107_/Q -> _59191_/D : -52.847157
[hold reg-reg] _61107_/Q -> _59193_/D : -52.847122
[hold reg-reg] _61216_/Q -> _59111_/D : -52.847065
[hold reg-reg] _61107_/Q -> _59637_/D : -52.847088
[hold reg-reg] _61107_/Q -> _59636_/D : -52.846638
[hold reg-reg] _61216_/Q -> _58982_/D : -52.846367
[hold reg-reg] _61107_/Q -> _59194_/D : -52.846375
[hold reg-reg] _61216_/Q -> _59110_/D : -52.845852
[hold reg-reg] _61107_/Q -> _59195_/D : -52.845333
[hold reg-reg] _61107_/Q -> _59764_/D : -52.844769
[hold reg-reg] _61107_/Q -> _59381_/D : -52.843941
[hold reg-reg] _61107_/Q -> _61294_/D : -52.843842
[hold reg-reg] _61216_/Q -> _59403_/D : -52.843761
[hold reg-reg] _61107_/Q -> _59765_/D : -52.843784
[hold reg-reg] _61107_/Q -> _59701_/D : -52.843639
[hold reg-reg] _61216_/Q -> _59398_/D : -52.842659
[hold reg-reg] _61107_/Q -> _59700_/D : -52.842518
[hold reg-reg] _61216_/Q -> _59401_/D : -52.842461
[hold reg-reg] _61107_/Q -> _59380_/D : -52.841816
[hold reg-reg] _61107_/Q -> _59732_/D : -52.841843
[hold reg-reg] _61107_/Q -> _58848_/D : -52.841595
[hold reg-reg] _61216_/Q -> _59402_/D : -52.839901
[hold reg-reg] _61107_/Q -> _58989_/D : -52.839817
[hold reg-reg] _61107_/Q -> _59733_/D : -52.839409
[hold reg-reg] _61107_/Q -> _61292_/D : -52.838978
[hold reg-reg] _61216_/Q -> _59400_/D : -52.838390
[hold reg-reg] _61107_/Q -> _58988_/D : -52.837906
[hold reg-reg] _61107_/Q -> _59508_/D : -52.836777
[hold reg-reg] _61107_/Q -> _58993_/D : -52.835327
[hold reg-reg] _61107_/Q -> _58994_/D : -52.834827
[hold reg-reg] _61107_/Q -> _59797_/D : -52.834785
[hold reg-reg] _61216_/Q -> _59399_/D : -52.834702
[hold reg-reg] _61107_/Q -> _59796_/D : -52.834679
[hold reg-reg] _61107_/Q -> _58991_/D : -52.834507
[hold reg-reg] _61107_/Q -> _58992_/D : -52.834461
[hold reg-reg] _61107_/Q -> _59509_/D : -52.834362
[hold reg-reg] _61107_/Q -> _58995_/D : -52.834126
[hold reg-reg] _61107_/Q -> _58990_/D : -52.833897
[hold reg-reg] _61107_/Q -> _59349_/D : -52.833282
[hold reg-reg] _61107_/Q -> _59348_/D : -52.833096
[hold reg-reg] _61107_/Q -> _58929_/D : -52.832996
[hold reg-reg] _61107_/Q -> _59188_/D : -52.831711
[hold reg-reg] _61107_/Q -> _58927_/D : -52.830929
[hold reg-reg] _61107_/Q -> _58924_/D : -52.830219
[hold reg-reg] _61107_/Q -> _59189_/D : -52.829773
[hold reg-reg] _61107_/Q -> _58928_/D : -52.829548
[hold reg-reg] _61107_/Q -> _58925_/D : -52.829445
[hold reg-reg] _61107_/Q -> _59053_/D : -52.829296
[hold reg-reg] _61107_/Q -> _58931_/D : -52.829193
[hold reg-reg] _61107_/Q -> _58930_/D : -52.828457
[hold reg-reg] _61107_/Q -> _59052_/D : -52.828362
[hold reg-reg] _61107_/Q -> _59272_/D : -52.828259
[hold reg-reg] _61107_/Q -> _59055_/D : -52.827450
[hold reg-reg] _61107_/Q -> _59271_/D : -52.826824
[hold reg-reg] _61107_/Q -> _58926_/D : -52.826687
[hold reg-reg] _61107_/Q -> _59540_/D : -52.825642
[hold reg-reg] _61107_/Q -> _59274_/D : -52.825378
[hold reg-reg] _61107_/Q -> _59275_/D : -52.825161
[hold reg-reg] _61107_/Q -> _59273_/D : -52.824879
[hold reg-reg] _61107_/Q -> _59541_/D : -52.824295
[hold reg-reg] _61107_/Q -> _59054_/D : -52.824139
[hold reg-reg] _61107_/Q -> _59056_/D : -52.823986
[hold reg-reg] _61107_/Q -> _59058_/D : -52.823399
[hold reg-reg] _61107_/Q -> _59695_/D : -52.823326
[hold reg-reg] _61107_/Q -> _59059_/D : -52.823212
[hold reg-reg] _61107_/Q -> _59057_/D : -52.822964
[hold reg-reg] _61107_/Q -> _59693_/D : -52.821518
[hold reg-reg] _61107_/Q -> _59270_/D : -52.821423
[hold reg-reg] _61107_/Q -> _59692_/D : -52.821415
[hold reg-reg] _61107_/Q -> _59699_/D : -52.821232
[hold reg-reg] _61107_/Q -> _61293_/D : -52.820244
[hold reg-reg] _61107_/Q -> _59697_/D : -52.819717
[hold reg-reg] _61107_/Q -> _59694_/D : -52.819664
[hold reg-reg] _61107_/Q -> _59696_/D : -52.818104
[hold reg-reg] _61107_/Q -> _59698_/D : -52.817024
[hold reg-reg] _61107_/Q -> _59117_/D : -52.814659
[hold reg-reg] _61107_/Q -> _59116_/D : -52.811974
[hold reg-reg] _61107_/Q -> _59123_/D : -52.810043
[hold reg-reg] _61107_/Q -> _59121_/D : -52.809250
[hold reg-reg] _61107_/Q -> _59118_/D : -52.809101
[hold reg-reg] _61107_/Q -> _58956_/D : -52.808865
[hold reg-reg] _61107_/Q -> _59565_/D : -52.808903
[hold reg-reg] _61107_/Q -> _59120_/D : -52.808746
[hold reg-reg] _61107_/Q -> _59122_/D : -52.808704
[hold reg-reg] _61107_/Q -> _59119_/D : -52.808620
[hold reg-reg] _61107_/Q -> _59564_/D : -52.808014
[hold reg-reg] _61107_/Q -> _58957_/D : -52.807728
[hold reg-reg] _61107_/Q -> _59568_/D : -52.807167
[hold reg-reg] _61107_/Q -> _59566_/D : -52.805965
[hold reg-reg] _61107_/Q -> _59567_/D : -52.805759
[hold reg-reg] _61107_/Q -> _59571_/D : -52.805344
[hold reg-reg] _61107_/Q -> _58959_/D : -52.803829
[hold reg-reg] _61216_/Q -> _59777_/D : -52.803822
[hold reg-reg] _61107_/Q -> _58958_/D : -52.803749
[hold reg-reg] _61107_/Q -> _58960_/D : -52.803600
[hold reg-reg] _61107_/Q -> _58961_/D : -52.803650
[hold reg-reg] _61107_/Q -> _59570_/D : -52.803185
[hold reg-reg] _61107_/Q -> _58962_/D : -52.802708
[hold reg-reg] _61107_/Q -> _59569_/D : -52.802418
[hold reg-reg] _61216_/Q -> _59778_/D : -52.802307
[hold reg-reg] _61107_/Q -> _58963_/D : -52.802059
[hold reg-reg] _61216_/Q -> _59776_/D : -52.802044
[hold reg-reg] _61107_/Q -> _61290_/D : -52.801414
[hold reg-reg] _61107_/Q -> _59405_/D : -52.801044
[hold reg-reg] _61216_/Q -> _59775_/D : -52.801075
[hold reg-reg] _61107_/Q -> _59757_/D : -52.800659
[hold reg-reg] _61107_/Q -> _59756_/D : -52.800514
[hold reg-reg] _61107_/Q -> _59404_/D : -52.800365
[hold reg-reg] _61216_/Q -> _59774_/D : -52.800034
[hold reg-reg] _61107_/Q -> _59020_/D : -52.799702
[hold reg-reg] _61107_/Q -> _59277_/D : -52.799736
[hold reg-reg] _61107_/Q -> _59763_/D : -52.799442
[hold reg-reg] _61107_/Q -> _59749_/D : -52.799011
[hold reg-reg] _61107_/Q -> _59760_/D : -52.798855
[hold reg-reg] _61216_/Q -> _59779_/D : -52.798775
[hold reg-reg] _61107_/Q -> _59748_/D : -52.798584
[hold reg-reg] _61107_/Q -> _59758_/D : -52.798000
[hold reg-reg] _61107_/Q -> _59276_/D : -52.797840
[hold reg-reg] _61107_/Q -> _58969_/D : -52.797638
[hold reg-reg] _61107_/Q -> _59762_/D : -52.797585
[hold reg-reg] _61107_/Q -> _59021_/D : -52.797504
[hold reg-reg] _61107_/Q -> _59759_/D : -52.797489
[hold reg-reg] _61107_/Q -> _59788_/D : -52.797215
[hold reg-reg] _61107_/Q -> _59789_/D : -52.796501
[hold reg-reg] _61107_/Q -> _58853_/D : -52.796181
[hold reg-reg] _61107_/Q -> _59755_/D : -52.796089
[hold reg-reg] _61107_/Q -> _59761_/D : -52.796127
[hold reg-reg] _61107_/Q -> _59023_/D : -52.795609
[hold reg-reg] _61107_/Q -> _59025_/D : -52.795422
[hold reg-reg] _61107_/Q -> _59027_/D : -52.795238
[hold reg-reg] _61107_/Q -> _59754_/D : -52.795097
[hold reg-reg] _61107_/Q -> _59024_/D : -52.794857
[hold reg-reg] _61107_/Q -> _59751_/D : -52.794796
[hold reg-reg] _61107_/Q -> _59026_/D : -52.794437
[hold reg-reg] _61107_/Q -> _59685_/D : -52.794479
[hold reg-reg] _61107_/Q -> _58967_/D : -52.794384
[hold reg-reg] _61107_/Q -> _59752_/D : -52.794350
[hold reg-reg] _61107_/Q -> _59753_/D : -52.794308
[hold reg-reg] _61107_/Q -> _59684_/D : -52.794201
[hold reg-reg] _61107_/Q -> _59022_/D : -52.794098
[hold reg-reg] _61107_/Q -> _59790_/D : -52.794075
[hold reg-reg] _61107_/Q -> _58966_/D : -52.793823
[hold reg-reg] _61107_/Q -> _59750_/D : -52.793598
[hold reg-reg] _61107_/Q -> _59792_/D : -52.793457
[hold reg-reg] _61107_/Q -> _59795_/D : -52.793121
[hold reg-reg] _61216_/Q -> _58976_/D : -52.792950
[hold reg-reg] _61107_/Q -> _59794_/D : -52.792923
[hold reg-reg] _61107_/Q -> _59686_/D : -52.792828
[hold reg-reg] _61107_/Q -> _59687_/D : -52.792866
[hold reg-reg] _61107_/Q -> _58968_/D : -52.792759
[hold reg-reg] _61107_/Q -> _59689_/D : -52.792610
[hold reg-reg] _61107_/Q -> _58970_/D : -52.792149
[hold reg-reg] _61107_/Q -> _58971_/D : -52.792160
[hold reg-reg] _61107_/Q -> _59690_/D : -52.791878
[hold reg-reg] _61216_/Q -> _58979_/D : -52.791607
[hold reg-reg] _61216_/Q -> _58975_/D : -52.791286
[hold reg-reg] _61107_/Q -> _59791_/D : -52.791153
[hold reg-reg] _61107_/Q -> _59691_/D : -52.790577
[hold reg-reg] _61107_/Q -> _59688_/D : -52.790443
[hold reg-reg] _61107_/Q -> _59793_/D : -52.790421
[hold reg-reg] _61107_/Q -> _58854_/D : -52.789986
[hold reg-reg] _61216_/Q -> _58977_/D : -52.789902
[hold reg-reg] _61107_/Q -> _59653_/D : -52.789864
[hold reg-reg] _61107_/Q -> _59658_/D : -52.789299
[hold reg-reg] _61216_/Q -> _58978_/D : -52.789177
[hold reg-reg] _61107_/Q -> _59659_/D : -52.789185
[hold reg-reg] _61107_/Q -> _58955_/D : -52.789078
[hold reg-reg] _61107_/Q -> _59655_/D : -52.788967
[hold reg-reg] _61107_/Q -> _59657_/D : -52.788921
[hold reg-reg] _61107_/Q -> _59652_/D : -52.788437
[hold reg-reg] _61107_/Q -> _59654_/D : -52.787792
[hold reg-reg] _61107_/Q -> _58951_/D : -52.786388
[hold reg-reg] _61216_/Q -> _58974_/D : -52.785511
[hold reg-reg] _61107_/Q -> _58954_/D : -52.785389
[hold reg-reg] _61107_/Q -> _58953_/D : -52.785072
[hold reg-reg] _61107_/Q -> _59656_/D : -52.784294
[hold reg-reg] _61107_/Q -> _58952_/D : -52.783833
[hold reg-reg] _61107_/Q -> _58950_/D : -52.782059
[hold reg-reg] _61107_/Q -> _59109_/D : -52.781391
[hold reg-reg] _61107_/Q -> _58949_/D : -52.780872
[hold reg-reg] _61107_/Q -> _59781_/D : -52.780182
[hold reg-reg] _61107_/Q -> _59786_/D : -52.779869
[hold reg-reg] _61107_/Q -> _58948_/D : -52.779778
[hold reg-reg] _61107_/Q -> _59108_/D : -52.779194
[hold reg-reg] _61107_/Q -> _59780_/D : -52.779194
[hold reg-reg] _61107_/Q -> _59783_/D : -52.779060
[hold reg-reg] _61107_/Q -> _59785_/D : -52.778870
[hold reg-reg] _61107_/Q -> _59661_/D : -52.778790
[hold reg-reg] _61107_/Q -> _59787_/D : -52.778561
[hold reg-reg] _61107_/Q -> _59660_/D : -52.778324
[hold reg-reg] _61107_/Q -> _59784_/D : -52.775322
[hold reg-reg] _61107_/Q -> _59663_/D : -52.774261
[hold reg-reg] _61107_/Q -> _59782_/D : -52.774212
[hold reg-reg] _61107_/Q -> _59664_/D : -52.773621
[hold reg-reg] _61107_/Q -> _59666_/D : -52.773560
[hold reg-reg] _61107_/Q -> _59665_/D : -52.773430
[hold reg-reg] _61107_/Q -> _59662_/D : -52.773148
[hold reg-reg] _61107_/Q -> _59667_/D : -52.773056
[hold reg-reg] _61107_/Q -> _58981_/D : -52.768139
[hold reg-reg] _61107_/Q -> _61289_/D : -52.767467
[hold reg-reg] _61107_/Q -> _59560_/D : -52.767044
[hold reg-reg] _61107_/Q -> _59562_/D : -52.766857
[hold reg-reg] _61107_/Q -> _59559_/D : -52.766453
[hold reg-reg] _61107_/Q -> _58980_/D : -52.766106
[hold reg-reg] _61107_/Q -> _59561_/D : -52.766132
[hold reg-reg] _61107_/Q -> _59563_/D : -52.765545
[hold reg-reg] _61107_/Q -> _59557_/D : -52.764698
[hold reg-reg] _61107_/Q -> _59556_/D : -52.763512
[hold reg-reg] _61107_/Q -> _59558_/D : -52.758675
[hold reg-reg] _61216_/Q -> _59166_/D : -52.756996
[hold reg-reg] _61216_/Q -> _59171_/D : -52.756294
[hold reg-reg] _61216_/Q -> _59170_/D : -52.754482
[hold reg-reg] _61216_/Q -> _59168_/D : -52.753750
[hold reg-reg] _61216_/Q -> _59169_/D : -52.753326
[hold reg-reg] _61216_/Q -> _59394_/D : -52.752541
[hold reg-reg] _61216_/Q -> _59395_/D : -52.752476
[hold reg-reg] _61216_/Q -> _59390_/D : -52.751888
[hold reg-reg] _61216_/Q -> _59167_/D : -52.751221
[hold reg-reg] _61216_/Q -> _59392_/D : -52.750950
[hold reg-reg] _61216_/Q -> _59393_/D : -52.750916
[hold reg-reg] _61216_/Q -> _59713_/D : -52.749630
[hold reg-reg] _61216_/Q -> _59712_/D : -52.748714
[hold reg-reg] _61216_/Q -> _59329_/D : -52.748596
[hold reg-reg] _61216_/Q -> _59714_/D : -52.747829
[hold reg-reg] _61216_/Q -> _59326_/D : -52.747753
[hold reg-reg] _61216_/Q -> _59330_/D : -52.747681
[hold reg-reg] _61216_/Q -> _59523_/D : -52.747391
[hold reg-reg] _61216_/Q -> _59715_/D : -52.747417
[hold reg-reg] _61216_/Q -> _59327_/D : -52.747143
[hold reg-reg] _61216_/Q -> _59522_/D : -52.746964
[hold reg-reg] _61216_/Q -> _59328_/D : -52.746830
[hold reg-reg] _61216_/Q -> _59710_/D : -52.746822
[hold reg-reg] _61107_/Q -> _59013_/D : -52.746304
[hold reg-reg] _61216_/Q -> _59331_/D : -52.746136
[hold reg-reg] _61216_/Q -> _59391_/D : -52.746105
[hold reg-reg] _61216_/Q -> _59519_/D : -52.745907
[hold reg-reg] _61216_/Q -> _59711_/D : -52.745026
[hold reg-reg] _61216_/Q -> _59520_/D : -52.744450
[hold reg-reg] _61107_/Q -> _59012_/D : -52.744377
[hold reg-reg] _61216_/Q -> _59521_/D : -52.741928
[hold reg-reg] _61216_/Q -> _59518_/D : -52.741154
[hold reg-reg] _61107_/Q -> _61288_/D : -52.735767
[hold reg-reg] _61107_/Q -> _59045_/D : -52.734371
[hold reg-reg] _61216_/Q -> _59198_/D : -52.732567
[hold reg-reg] _61216_/Q -> _59200_/D : -52.732487
[hold reg-reg] _61216_/Q -> _59199_/D : -52.732407
[hold reg-reg] _61107_/Q -> _59044_/D : -52.731724
[hold reg-reg] _61216_/Q -> _59202_/D : -52.731693
[hold reg-reg] _61216_/Q -> _59201_/D : -52.730911
[hold reg-reg] _61216_/Q -> _59203_/D : -52.730400
[hold reg-reg] _61216_/Q -> _59670_/D : -52.728710
[hold reg-reg] _61107_/Q -> _61287_/D : -52.728638
[hold reg-reg] _61216_/Q -> _59103_/D : -52.728416
[hold reg-reg] _61216_/Q -> _59675_/D : -52.727871
[hold reg-reg] _61216_/Q -> _59671_/D : -52.727509
[hold reg-reg] _61216_/Q -> _59107_/D : -52.727436
[hold reg-reg] _61216_/Q -> _59106_/D : -52.726971
[hold reg-reg] _61216_/Q -> _59105_/D : -52.726372
[hold reg-reg] _61216_/Q -> _59104_/D : -52.725086
[hold reg-reg] _61216_/Q -> _59102_/D : -52.724533
[hold reg-reg] _61216_/Q -> _59673_/D : -52.723438
[hold reg-reg] _61216_/Q -> _59672_/D : -52.723354
[hold reg-reg] _61216_/Q -> _59644_/D : -52.723106
[hold reg-reg] _61216_/Q -> _59674_/D : -52.722771
[hold reg-reg] _61216_/Q -> _59645_/D : -52.721008
[hold reg-reg] _61216_/Q -> _59615_/D : -52.712883
[hold reg-reg] _61216_/Q -> _59617_/D : -52.712715
[hold reg-reg] _61216_/Q -> _59286_/D : -52.712223
[hold reg-reg] _61216_/Q -> _59287_/D : -52.712189
[hold reg-reg] _61216_/Q -> _59290_/D : -52.712219
[hold reg-reg] _61216_/Q -> _59288_/D : -52.712006
[hold reg-reg] _61216_/Q -> _59619_/D : -52.711983
[hold reg-reg] _61216_/Q -> _59616_/D : -52.711124
[hold reg-reg] _61216_/Q -> _59289_/D : -52.710464
[hold reg-reg] _61216_/Q -> _59618_/D : -52.710384
[hold reg-reg] _61216_/Q -> _59291_/D : -52.709965
[hold reg-reg] _61216_/Q -> _59614_/D : -52.707706
[hold reg-reg] _61107_/Q -> _59285_/D : -52.707012
[hold reg-reg] _61107_/Q -> _59284_/D : -52.706585
[hold reg-reg] _61107_/Q -> _59553_/D : -52.704018
[hold reg-reg] _61107_/Q -> _59668_/D : -52.703861
[hold reg-reg] _61107_/Q -> _59669_/D : -52.702908
[hold reg-reg] _61107_/Q -> _59551_/D : -52.702377
[hold reg-reg] _61107_/Q -> _59552_/D : -52.701626
[hold reg-reg] _61216_/Q -> _59266_/D : -52.701008
[hold reg-reg] _61107_/Q -> _59550_/D : -52.699516
[hold reg-reg] _61216_/Q -> _59264_/D : -52.699249
[hold reg-reg] _61216_/Q -> _59265_/D : -52.698994
[hold reg-reg] _61107_/Q -> _59554_/D : -52.698826
[hold reg-reg] _61107_/Q -> _59555_/D : -52.698738
[hold reg-reg] _61216_/Q -> _59262_/D : -52.698547
[hold reg-reg] _61216_/Q -> _59267_/D : -52.698425
[hold reg-reg] _61216_/Q -> _59416_/D : -52.698341
[hold reg-reg] _61216_/Q -> _59263_/D : -52.697468
[hold reg-reg] _61216_/Q -> _59415_/D : -52.696632
[hold reg-reg] _61216_/Q -> _59414_/D : -52.695847
[hold reg-reg] _61216_/Q -> _59418_/D : -52.695850
[hold reg-reg] _61216_/Q -> _59419_/D : -52.695564
[hold reg-reg] _61107_/Q -> _59029_/D : -52.694653
[hold reg-reg] _61107_/Q -> _59061_/D : -52.694496
[hold reg-reg] _61107_/Q -> _59060_/D : -52.694443
[hold reg-reg] _61107_/Q -> _59574_/D : -52.694313
[hold reg-reg] _61216_/Q -> _59417_/D : -52.694241
[hold reg-reg] _61107_/Q -> _59572_/D : -52.693546
[hold reg-reg] _61107_/Q -> _59028_/D : -52.693233
[hold reg-reg] _61107_/Q -> _59573_/D : -52.692238
[hold reg-reg] _61107_/Q -> _59578_/D : -52.692165
[hold reg-reg] _61107_/Q -> _59233_/D : -52.689972
[hold reg-reg] _61107_/Q -> _59232_/D : -52.689468
[hold reg-reg] _61107_/Q -> _59548_/D : -52.689449
[hold reg-reg] _61107_/Q -> _59579_/D : -52.689472
[hold reg-reg] _61107_/Q -> _59234_/D : -52.689232
[hold reg-reg] _61107_/Q -> _59575_/D : -52.689232
[hold reg-reg] _61107_/Q -> _59549_/D : -52.688797
[hold reg-reg] _61107_/Q -> _59577_/D : -52.688366
[hold reg-reg] _61107_/Q -> _59235_/D : -52.688263
[hold reg-reg] _61107_/Q -> _59576_/D : -52.686958
[hold reg-reg] _61107_/Q -> _59230_/D : -52.685493
[hold reg-reg] _61107_/Q -> _59294_/D : -52.683975
[hold reg-reg] _61107_/Q -> _59299_/D : -52.682674
[hold reg-reg] _61107_/Q -> _59296_/D : -52.682442
[hold reg-reg] _61107_/Q -> _59298_/D : -52.682205
[hold reg-reg] _61107_/Q -> _59231_/D : -52.681942
[hold reg-reg] _61107_/Q -> _59295_/D : -52.681358
[hold reg-reg] _61216_/Q -> _58912_/D : -52.681076
[hold reg-reg] _61216_/Q -> _58913_/D : -52.680416
[hold reg-reg] _61107_/Q -> _59358_/D : -52.680046
[hold reg-reg] _61107_/Q -> _59297_/D : -52.679573
[hold reg-reg] _61216_/Q -> _58915_/D : -52.679142
[hold reg-reg] _61216_/Q -> _58914_/D : -52.678997
[hold reg-reg] _61107_/Q -> _59359_/D : -52.678509
[hold reg-reg] _61107_/Q -> _59362_/D : -52.678368
[hold reg-reg] _61107_/Q -> _59363_/D : -52.677910
[hold reg-reg] _61216_/Q -> _58910_/D : -52.677700
[hold reg-reg] _61107_/Q -> _59360_/D : -52.677002
[hold reg-reg] _61107_/Q -> _59229_/D : -52.675987
[hold reg-reg] _61107_/Q -> _59228_/D : -52.675747
[hold reg-reg] _61216_/Q -> _58911_/D : -52.675354
[hold reg-reg] _61216_/Q -> _59458_/D : -52.670486
[hold reg-reg] _61107_/Q -> _59164_/D : -52.670361
[hold reg-reg] _61107_/Q -> _59165_/D : -52.669708
[hold reg-reg] _61216_/Q -> _59459_/D : -52.669636
[hold reg-reg] _61107_/Q -> _59324_/D : -52.668507
[hold reg-reg] _61107_/Q -> _59325_/D : -52.668148
[hold reg-reg] _61216_/Q -> _59456_/D : -52.668079
[hold reg-reg] _61216_/Q -> _59457_/D : -52.667900
[hold reg-reg] _61216_/Q -> _59454_/D : -52.667164
[hold reg-reg] _61107_/Q -> _58972_/D : -52.666916
[hold reg-reg] _61107_/Q -> _59292_/D : -52.666420
[hold reg-reg] _61107_/Q -> _59293_/D : -52.666458
[hold reg-reg] _61216_/Q -> _59455_/D : -52.665920
[hold reg-reg] _61107_/Q -> _61305_/D : -52.664497
[hold reg-reg] _61107_/Q -> _58973_/D : -52.664280
[hold reg-reg] _61107_/Q -> _59361_/D : -52.664059
[hold reg-reg] _61107_/Q -> _59425_/D : -52.662846
[hold reg-reg] _61107_/Q -> _59426_/D : -52.662537
[hold reg-reg] _61107_/Q -> _59427_/D : -52.662224
[hold reg-reg] _61107_/Q -> _59424_/D : -52.662125
[hold reg-reg] _61107_/Q -> _59356_/D : -52.661030
[hold reg-reg] _61107_/Q -> _59357_/D : -52.660988
[hold reg-reg] _61216_/Q -> _59138_/D : -52.660198
[hold reg-reg] _61107_/Q -> _59423_/D : -52.660137
[hold reg-reg] _61216_/Q -> _59136_/D : -52.659809
[hold reg-reg] _61107_/Q -> _59422_/D : -52.659225
[hold reg-reg] _61216_/Q -> _59135_/D : -52.658386
[hold reg-reg] _61216_/Q -> _59137_/D : -52.657986
[hold reg-reg] _61216_/Q -> _59139_/D : -52.657501
[hold reg-reg] _61216_/Q -> _59134_/D : -52.656620
[hold reg-reg] _61107_/Q -> _59746_/D : -52.651455
[hold reg-reg] _61107_/Q -> _59421_/D : -52.650909
[hold reg-reg] _61107_/Q -> _59681_/D : -52.650337
[hold reg-reg] _61107_/Q -> _59679_/D : -52.648636
[hold reg-reg] _61107_/Q -> _59683_/D : -52.648602
[hold reg-reg] _61107_/Q -> _59680_/D : -52.648525
[hold reg-reg] _61107_/Q -> _59744_/D : -52.648483
[hold reg-reg] _61107_/Q -> _59420_/D : -52.648407
[hold reg-reg] _61107_/Q -> _59678_/D : -52.648159
[hold reg-reg] _61107_/Q -> _59682_/D : -52.647934
[hold reg-reg] _61107_/Q -> _59745_/D : -52.647003
[hold reg-reg] _61107_/Q -> _59742_/D : -52.646786
[hold reg-reg] _61216_/Q -> _59132_/D : -52.646656
[hold reg-reg] _61216_/Q -> _59133_/D : -52.645611
[hold reg-reg] _61107_/Q -> _59747_/D : -52.645477
[hold reg-reg] _61107_/Q -> _59413_/D : -52.645321
[hold reg-reg] _61107_/Q -> _59743_/D : -52.645329
[hold reg-reg] _61107_/Q -> _59412_/D : -52.644306
[hold reg-reg] _61107_/Q -> _61303_/D : -52.643875
[hold reg-reg] _61107_/Q -> _59452_/D : -52.643761
[hold reg-reg] _61107_/Q -> _59453_/D : -52.643074
[hold reg-reg] _61107_/Q -> _59773_/D : -52.641678
[hold reg-reg] _61107_/Q -> _59772_/D : -52.640846
[hold reg-reg] _61107_/Q -> _59490_/D : -52.639915
[hold reg-reg] _61107_/Q -> _59486_/D : -52.639858
[hold reg-reg] _61107_/Q -> _61304_/D : -52.639664
[hold reg-reg] _61107_/Q -> _59491_/D : -52.639091
[hold reg-reg] _61107_/Q -> _59196_/D : -52.638359
[hold reg-reg] _61216_/Q -> _58878_/D : -52.637669
[hold reg-reg] _61216_/Q -> _58883_/D : -52.636665
[hold reg-reg] _61216_/Q -> _59038_/D : -52.636715
[hold reg-reg] _61216_/Q -> _58880_/D : -52.636452
[hold reg-reg] _61107_/Q -> _59487_/D : -52.636299
[hold reg-reg] _61107_/Q -> _59197_/D : -52.635834
[hold reg-reg] _61216_/Q -> _59041_/D : -52.635685
[hold reg-reg] _61107_/Q -> _59489_/D : -52.635735
[hold reg-reg] _61107_/Q -> _58940_/D : -52.635235
[hold reg-reg] _61107_/Q -> _59488_/D : -52.635078
[hold reg-reg] _61216_/Q -> _58882_/D : -52.634377
[hold reg-reg] _61216_/Q -> _59039_/D : -52.634232
[hold reg-reg] _61216_/Q -> _58881_/D : -52.633347
[hold reg-reg] _61107_/Q -> _58941_/D : -52.632374
[hold reg-reg] _61107_/Q -> _59741_/D : -52.632156
[hold reg-reg] _61216_/Q -> _58879_/D : -52.632061
[hold reg-reg] _61216_/Q -> _59040_/D : -52.631592
[hold reg-reg] _61107_/Q -> _59677_/D : -52.630917
[hold reg-reg] _61107_/Q -> _59740_/D : -52.630817
[hold reg-reg] _61107_/Q -> _58943_/D : -52.630577
[hold reg-reg] _61216_/Q -> _59043_/D : -52.630367
[hold reg-reg] _61107_/Q -> _58946_/D : -52.630085
[hold reg-reg] _61216_/Q -> _59071_/D : -52.629513
[hold reg-reg] _61107_/Q -> _59676_/D : -52.629524
[hold reg-reg] _61107_/Q -> _58947_/D : -52.629253
[hold reg-reg] _61107_/Q -> _58944_/D : -52.628899
[hold reg-reg] _61216_/Q -> _59042_/D : -52.628887
[hold reg-reg] _61216_/Q -> _59075_/D : -52.628582
[hold reg-reg] _61107_/Q -> _58945_/D : -52.628376
[hold reg-reg] _61216_/Q -> _59074_/D : -52.627502
[hold reg-reg] _61107_/Q -> _58942_/D : -52.627090
[hold reg-reg] _61107_/Q -> _59268_/D : -52.626995
[hold reg-reg] _61107_/Q -> _59269_/D : -52.626724
[hold reg-reg] _61216_/Q -> _59072_/D : -52.626202
[hold reg-reg] _61216_/Q -> _59073_/D : -52.625759
[hold reg-reg] _61107_/Q -> _59585_/D : -52.623230
[hold reg-reg] _61216_/Q -> _59070_/D : -52.623016
[hold reg-reg] _61107_/Q -> _59583_/D : -52.622734
[hold reg-reg] _61107_/Q -> _61302_/D : -52.622383
[hold reg-reg] _61107_/Q -> _59586_/D : -52.621277
[hold reg-reg] _61107_/Q -> _59587_/D : -52.620880
[hold reg-reg] _61107_/Q -> _59485_/D : -52.620502
[hold reg-reg] _61107_/Q -> _59484_/D : -52.620384
[hold reg-reg] _61107_/Q -> _59584_/D : -52.620083
[hold reg-reg] _61107_/Q -> _59582_/D : -52.619961
[hold reg-reg] _61216_/Q -> _58877_/D : -52.616116
[hold reg-reg] _61216_/Q -> _59068_/D : -52.616043
[hold reg-reg] _61216_/Q -> _58876_/D : -52.615974
[hold reg-reg] _61216_/Q -> _59069_/D : -52.615021
[hold reg-reg] _61107_/Q -> _59516_/D : -52.612186
[hold reg-reg] _61107_/Q -> _59396_/D : -52.612087
[hold reg-reg] _61107_/Q -> _59517_/D : -52.611813
[hold reg-reg] _61107_/Q -> _59612_/D : -52.608788
[hold reg-reg] _61107_/Q -> _59613_/D : -52.608635
[hold reg-reg] _61107_/Q -> _59397_/D : -52.608574
[hold reg-reg] _61107_/Q -> _59580_/D : -52.606953
[hold reg-reg] _61107_/Q -> _59581_/D : -52.605225
[hold reg-reg] _61107_/Q -> _61299_/D : -52.597801
[hold reg-reg] _61107_/Q -> _59709_/D : -52.597370
[hold reg-reg] _61107_/Q -> _59260_/D : -52.597187
[hold reg-reg] _61107_/Q -> _59261_/D : -52.596859
[hold reg-reg] _61107_/Q -> _61298_/D : -52.596214
[hold reg-reg] _61107_/Q -> _59708_/D : -52.596001
[hold reg-reg] _61107_/Q -> _61296_/D : -52.584740
[hold reg-reg] _61107_/Q -> _59125_/D : -52.580078
[hold reg-reg] _61107_/Q -> _59124_/D : -52.579788
[hold reg-reg] _61216_/Q -> _59389_/D : -52.579193
[hold reg-reg] _61216_/Q -> _59388_/D : -52.579113
[hold reg-reg] _61107_/Q -> _58965_/D : -52.578716
[hold reg-reg] _61107_/Q -> _58964_/D : -52.576832
[hold reg-reg] _61107_/Q -> _61300_/D : -52.576542
[hold reg-reg] _61107_/Q -> _58997_/D : -52.570332
[hold reg-reg] _61107_/Q -> _58996_/D : -52.568668
[hold reg-reg] _61107_/Q -> _59037_/D : -52.564404
[hold reg-reg] _61107_/Q -> _59036_/D : -52.563953
[hold reg-reg] _61107_/Q -> _59004_/D : -52.558327
[hold reg-reg] _61107_/Q -> _59005_/D : -52.558010
[hold reg-reg] _61216_/Q -> _59101_/D : -52.555592
[hold reg-reg] _61216_/Q -> _59100_/D : -52.554699
[hold reg-reg] _61107_/Q -> _59009_/D : -52.552353
[hold reg-reg] _61107_/Q -> _59010_/D : -52.551983
[hold reg-reg] _61107_/Q -> _59011_/D : -52.551613
[hold reg-reg] _61107_/Q -> _59007_/D : -52.551537
[hold reg-reg] _61107_/Q -> _59006_/D : -52.551277
[hold reg-reg] _61107_/Q -> _59008_/D : -52.551067
[hold reg-reg] _61107_/Q -> _58850_/D : -52.546223
[hold reg-reg] _61107_/Q -> _58851_/D : -52.545475
[hold reg-reg] _61107_/Q -> _61297_/D : -52.540569
[hold reg-reg] _61107_/Q -> _61301_/D : -52.538914
[hold reg-reg] _61107_/Q -> _61312_/D : -52.508293
[hold reg-reg] _61107_/Q -> _61313_/D : -52.507492
[hold reg-reg] _61107_/Q -> _61314_/D : -52.501575
[hold reg-reg] _61107_/Q -> _61311_/D : -52.500259
[hold reg-reg] _61216_/Q -> _58909_/D : -52.500042
[hold reg-reg] _61216_/Q -> _58908_/D : -52.499630
[hold reg-reg] _61107_/Q -> _61315_/D : -52.498730
[hold reg-reg] _61107_/Q -> _61306_/D : -52.382912
[hold reg-reg] _61107_/Q -> _61309_/D : -52.260189
[hold reg-reg] _61107_/Q -> _61308_/D : -52.243294
[hold reg-reg] _61107_/Q -> _61307_/D : -52.232754
[hold reg-reg] _61107_/Q -> _61310_/D : -52.224567
[hold in-reg] uart_rx_i -> _61518_/D : -33.141319
[hold reg-reg] _61113_/Q -> _61838_/D : -23.869183
[hold reg-reg] _61113_/Q -> _61540_/D : -23.241425
[hold reg-reg] _61113_/Q -> _61844_/D : -23.240232
[hold reg-reg] _61217_/Q -> _61874_/D : -23.204342
[hold reg-reg] _61217_/Q -> _61870_/D : -23.199587
[hold reg-reg] _61217_/Q -> _61873_/D : -23.192875
[hold reg-reg] _61217_/Q -> _61871_/D : -23.191790
[hold reg-reg] _61113_/Q -> _61837_/D : -23.154375
[hold reg-reg] _61113_/Q -> _61876_/D : -23.106852
[hold reg-reg] _61113_/Q -> _61863_/D : -23.099970
[hold reg-reg] _61113_/Q -> _61859_/D : -23.099072
[hold reg-reg] _61113_/Q -> _61861_/D : -23.098368
[hold reg-reg] _61113_/Q -> _61875_/D : -23.098248
[hold reg-reg] _61113_/Q -> _61858_/D : -23.088556
[hold reg-reg] _61113_/Q -> _61872_/D : -23.086090
[hold reg-reg] _61113_/Q -> _61856_/D : -23.079857
[hold reg-reg] _61113_/Q -> _61867_/D : -23.072344
[hold reg-reg] _61113_/Q -> _61865_/D : -23.064770
[hold reg-reg] _61113_/Q -> _61866_/D : -23.063128
[hold reg-reg] _61113_/Q -> _61869_/D : -23.061937
[hold reg-reg] _61113_/Q -> _61868_/D : -23.061777
[hold reg-reg] _61113_/Q -> _61862_/D : -23.061104
[hold reg-reg] _61113_/Q -> _61864_/D : -23.059824
[hold reg-reg] _61113_/Q -> _61839_/D : -23.004297
[hold reg-reg] _61113_/Q -> _61841_/D : -22.985764
[hold reg-reg] _61113_/Q -> _61857_/D : -22.927275
[hold reg-reg] _61113_/Q -> _61846_/D : -22.926918
[hold reg-reg] _61113_/Q -> _61860_/D : -22.926014
[hold reg-reg] _61113_/Q -> _61854_/D : -22.916039
[hold reg-reg] _61113_/Q -> _61855_/D : -22.914545
[hold reg-reg] _61113_/Q -> _61541_/D : -22.900021
[hold reg-reg] _61113_/Q -> _61852_/D : -22.888243
[hold reg-reg] _61113_/Q -> _61853_/D : -22.754826
[hold reg-reg] _61216_/Q -> _61478_/D : -22.735880
[hold reg-reg] _61113_/Q -> _61843_/D : -22.663507
[hold reg-reg] _61113_/Q -> _61845_/D : -22.657726
[hold reg-reg] _61113_/Q -> _61851_/D : -22.564831
[hold reg-reg] _61113_/Q -> _61849_/D : -22.543953
[hold reg-reg] _61113_/Q -> _61847_/D : -22.538830
[hold reg-reg] _61113_/Q -> _61848_/D : -22.536131
[hold reg-reg] _61216_/Q -> _60877_/D : -22.535097
[hold reg-reg] _61113_/Q -> _61850_/D : -22.534277
[hold reg-reg] _61216_/Q -> _60878_/D : -22.453779
[hold reg-reg] _61113_/Q -> _61542_/D : -22.414669
[hold reg-reg] _61113_/Q -> _61840_/D : -22.410965
[hold reg-reg] _61113_/Q -> _61842_/D : -22.392588
[hold in-reg] boot_select_i -> _61254_/D : -8.118370
[hold in-reg] spi_flash_sd_io[1] -> _60401_/D : -7.098877
[hold in-reg] execute_from_flash_i -> _60270_/D : -7.060428
[hold in-reg] spi_flash_sd_io[0] -> _60400_/D : -6.943080
[hold in-reg] spi_flash_sd_io[3] -> _60403_/D : -6.918886
[hold in-reg] spi_flash_sd_io[2] -> _60402_/D : -6.914842
[hold in-reg] spi_flash_sd_io[3] -> _61225_/D : -6.153675
[hold in-reg] spi_flash_sd_io[1] -> _61223_/D : -6.132014
[hold in-reg] spi_flash_sd_io[0] -> _61222_/D : -6.006541
[hold in-reg] spi_flash_sd_io[2] -> _61224_/D : -3.271340
[setup in-reg] rst_ni -> _56391_/RN : -113.716080
[setup in-reg] rst_ni -> _56392_/RN : -113.716080
[setup in-reg] rst_ni -> _56393_/RN : -113.716080
[setup in-reg] rst_ni -> _60336_/RN : -113.716072
[setup in-reg] rst_ni -> _60076_/RN : -113.715950
[setup in-reg] rst_ni -> _60077_/RN : -113.715981
[setup in-reg] rst_ni -> _60078_/RN : -113.715988
[setup in-reg] rst_ni -> _60079_/RN : -113.715996
[setup in-reg] rst_ni -> _60171_/RN : -113.716057
[setup in-reg] rst_ni -> _60176_/RN : -113.716057
[setup in-reg] rst_ni -> _60177_/RN : -113.716064
[setup in-reg] rst_ni -> _60180_/RN : -113.716049
[setup in-reg] rst_ni -> _60192_/RN : -113.716026
[setup in-reg] rst_ni -> _60193_/RN : -113.716057
[setup in-reg] rst_ni -> _60194_/RN : -113.716026
[setup in-reg] rst_ni -> _60195_/RN : -113.716049
[setup in-reg] rst_ni -> _60196_/RN : -113.716049
[setup in-reg] rst_ni -> _60197_/RN : -113.716049
[setup in-reg] rst_ni -> _60198_/RN : -113.716049
[setup in-reg] rst_ni -> _60199_/RN : -113.716026
[setup in-reg] rst_ni -> _60206_/RN : -113.716080
[setup in-reg] rst_ni -> _60208_/RN : -113.716072
[setup in-reg] rst_ni -> _60213_/RN : -113.716072
[setup in-reg] rst_ni -> _60214_/RN : -113.716057
[setup in-reg] rst_ni -> _60233_/RN : -113.716049
[setup in-reg] rst_ni -> _60416_/RN : -113.716057
[setup in-reg] rst_ni -> _60417_/RN : -113.716057
[setup in-reg] rst_ni -> _60418_/RN : -113.716057
[setup in-reg] rst_ni -> _60421_/RN : -113.716080
[setup in-reg] rst_ni -> _61119_/RN : -113.716080
[setup in-reg] rst_ni -> _61120_/RN : -113.716080
[setup in-reg] rst_ni -> _61121_/RN : -113.716080
[setup in-reg] rst_ni -> _61122_/RN : -113.716080
[setup in-reg] rst_ni -> _61123_/RN : -113.716080
[setup in-reg] rst_ni -> _61124_/RN : -113.716080
[setup in-reg] rst_ni -> _61125_/RN : -113.716080
[setup in-reg] rst_ni -> _61126_/RN : -113.716080
[setup in-reg] rst_ni -> _61127_/RN : -113.716080
[setup in-reg] rst_ni -> _61128_/RN : -113.716080
[setup in-reg] rst_ni -> _61129_/RN : -113.716080
[setup in-reg] rst_ni -> _61130_/RN : -113.716080
[setup in-reg] rst_ni -> _61254_/RN : -113.716080
[setup in-reg] rst_ni -> _61327_/RN : -113.716080
[setup in-reg] rst_ni -> _61328_/RN : -113.716080
[setup in-reg] rst_ni -> _61329_/RN : -113.716080
[setup in-reg] rst_ni -> _61330_/RN : -113.716080
[setup in-reg] rst_ni -> _59872_/RN : -113.715851
[setup in-reg] rst_ni -> _59873_/RN : -113.715851
[setup in-reg] rst_ni -> _59874_/RN : -113.715851
[setup in-reg] rst_ni -> _59875_/RN : -113.715843
[setup in-reg] rst_ni -> _59876_/RN : -113.715843
[setup in-reg] rst_ni -> _59877_/RN : -113.715843
[setup in-reg] rst_ni -> _59878_/RN : -113.715843
[setup in-reg] rst_ni -> _59879_/RN : -113.715843
[setup in-reg] rst_ni -> _59880_/RN : -113.715843
[setup in-reg] rst_ni -> _59881_/RN : -113.715843
[setup in-reg] rst_ni -> _59882_/RN : -113.715843
[setup in-reg] rst_ni -> _59883_/RN : -113.715858
[setup in-reg] rst_ni -> _59884_/RN : -113.715866
[setup in-reg] rst_ni -> _59885_/RN : -113.715874
[setup in-reg] rst_ni -> _59886_/RN : -113.715881
[setup in-reg] rst_ni -> _59887_/RN : -113.715889
[setup in-reg] rst_ni -> _59888_/RN : -113.715897
[setup in-reg] rst_ni -> _59889_/RN : -113.715904
[setup in-reg] rst_ni -> _59890_/RN : -113.715904
[setup in-reg] rst_ni -> _59891_/RN : -113.715843
[setup in-reg] rst_ni -> _59892_/RN : -113.715851
[setup in-reg] rst_ni -> _59893_/RN : -113.715820
[setup in-reg] rst_ni -> _59894_/RN : -113.715836
[setup in-reg] rst_ni -> _59895_/RN : -113.715820
[setup in-reg] rst_ni -> _59896_/RN : -113.715820
[setup in-reg] rst_ni -> _59897_/RN : -113.715843
[setup in-reg] rst_ni -> _59898_/RN : -113.715836
[setup in-reg] rst_ni -> _59899_/RN : -113.715843
[setup in-reg] rst_ni -> _59900_/RN : -113.715843
[setup in-reg] rst_ni -> _59901_/RN : -113.715851
[setup in-reg] rst_ni -> _59902_/RN : -113.715851
[setup in-reg] rst_ni -> _59903_/RN : -113.715843
[setup in-reg] rst_ni -> _59904_/RN : -113.715851
[setup in-reg] rst_ni -> _59905_/RN : -113.715851
[setup in-reg] rst_ni -> _59906_/RN : -113.715866
[setup in-reg] rst_ni -> _59907_/RN : -113.715889
[setup in-reg] rst_ni -> _59908_/RN : -113.715904
[setup in-reg] rst_ni -> _59910_/RN : -113.715927
[setup in-reg] rst_ni -> _59911_/RN : -113.715904
[setup in-reg] rst_ni -> _59912_/RN : -113.715904
[setup in-reg] rst_ni -> _59913_/RN : -113.715919
[setup in-reg] rst_ni -> _59914_/RN : -113.715820
[setup in-reg] rst_ni -> _59916_/RN : -113.715889
[setup in-reg] rst_ni -> _59917_/RN : -113.715919
[setup in-reg] rst_ni -> _59918_/RN : -113.715889
[setup in-reg] rst_ni -> _59919_/RN : -113.715820
[setup in-reg] rst_ni -> _59920_/RN : -113.715919
[setup in-reg] rst_ni -> _59921_/RN : -113.715919
[setup in-reg] rst_ni -> _59922_/RN : -113.715897
[setup in-reg] rst_ni -> _59923_/RN : -113.715897
[setup in-reg] rst_ni -> _59924_/RN : -113.715904
[setup in-reg] rst_ni -> _59925_/RN : -113.715919
[setup in-reg] rst_ni -> _59926_/RN : -113.715904
[setup in-reg] rst_ni -> _59927_/RN : -113.715897
[setup in-reg] rst_ni -> _59928_/RN : -113.715927
[setup in-reg] rst_ni -> _59929_/RN : -113.715889
[setup in-reg] rst_ni -> _59930_/RN : -113.715904
[setup in-reg] rst_ni -> _59931_/RN : -113.715912
[setup in-reg] rst_ni -> _59932_/RN : -113.715858
[setup in-reg] rst_ni -> _59933_/RN : -113.715927
[setup in-reg] rst_ni -> _59934_/RN : -113.715858
[setup in-reg] rst_ni -> _59935_/RN : -113.715858
[setup in-reg] rst_ni -> _59936_/RN : -113.715820
[setup in-reg] rst_ni -> _59937_/RN : -113.715858
[setup in-reg] rst_ni -> _59938_/RN : -113.715858
[setup in-reg] rst_ni -> _59939_/RN : -113.715820
[setup in-reg] rst_ni -> _59940_/RN : -113.715851
[setup in-reg] rst_ni -> _59941_/RN : -113.715858
[setup in-reg] rst_ni -> _59942_/RN : -113.715858
[setup in-reg] rst_ni -> _59943_/RN : -113.715889
[setup in-reg] rst_ni -> _59944_/RN : -113.715889
[setup in-reg] rst_ni -> _60072_/RN : -113.715919
[setup in-reg] rst_ni -> _60073_/RN : -113.715919
[setup in-reg] rst_ni -> _60074_/RN : -113.715927
[setup in-reg] rst_ni -> _60075_/RN : -113.715919
[setup in-reg] rst_ni -> _60080_/RN : -113.715904
[setup in-reg] rst_ni -> _60081_/RN : -113.715919
[setup in-reg] rst_ni -> _60104_/RN : -113.715904
[setup in-reg] rst_ni -> _60105_/RN : -113.715927
[setup in-reg] rst_ni -> _60106_/RN : -113.715942
[setup in-reg] rst_ni -> _60107_/RN : -113.715927
[setup in-reg] rst_ni -> _60108_/RN : -113.715942
[setup in-reg] rst_ni -> _60109_/RN : -113.715988
[setup in-reg] rst_ni -> _60110_/RN : -113.715981
[setup in-reg] rst_ni -> _60111_/RN : -113.715981
[setup in-reg] rst_ni -> _60112_/RN : -113.715904
[setup in-reg] rst_ni -> _60113_/RN : -113.715889
[setup in-reg] rst_ni -> _60153_/RN : -113.715912
[setup in-reg] rst_ni -> _60154_/RN : -113.715927
[setup in-reg] rst_ni -> _60155_/RN : -113.715942
[setup in-reg] rst_ni -> _60156_/RN : -113.715927
[setup in-reg] rst_ni -> _60157_/RN : -113.715942
[setup in-reg] rst_ni -> _60158_/RN : -113.715981
[setup in-reg] rst_ni -> _60159_/RN : -113.715973
[setup in-reg] rst_ni -> _60160_/RN : -113.715965
[setup in-reg] rst_ni -> _60161_/RN : -113.715904
[setup in-reg] rst_ni -> _60162_/RN : -113.715889
[setup in-reg] rst_ni -> _60172_/RN : -113.715942
[setup in-reg] rst_ni -> _60173_/RN : -113.716057
[setup in-reg] rst_ni -> _60174_/RN : -113.715912
[setup in-reg] rst_ni -> _60200_/RN : -113.716026
[setup in-reg] rst_ni -> _60201_/RN : -113.716057
[setup in-reg] rst_ni -> _60202_/RN : -113.716026
[setup in-reg] rst_ni -> _60204_/RN : -113.716057
[setup in-reg] rst_ni -> _60175_/RN : -113.715904
[setup in-reg] rst_ni -> _60181_/RN : -113.716003
[setup in-reg] rst_ni -> _60182_/RN : -113.716026
[setup in-reg] rst_ni -> _60183_/RN : -113.715996
[setup in-reg] rst_ni -> _60184_/RN : -113.716003
[setup in-reg] rst_ni -> _60185_/RN : -113.715988
[setup in-reg] rst_ni -> _60186_/RN : -113.716019
[setup in-reg] rst_ni -> _60187_/RN : -113.716003
[setup in-reg] rst_ni -> _60188_/RN : -113.715996
[setup in-reg] rst_ni -> _60189_/RN : -113.716019
[setup in-reg] rst_ni -> _60190_/RN : -113.716011
[setup in-reg] rst_ni -> _60191_/RN : -113.716026
[setup in-reg] rst_ni -> _60203_/RN : -113.715919
[setup in-reg] rst_ni -> _60205_/RN : -113.715919
[setup in-reg] rst_ni -> _60207_/RN : -113.715942
[setup in-reg] rst_ni -> _60211_/RN : -113.716057
[setup in-reg] rst_ni -> _60215_/RN : -113.716026
[setup in-reg] rst_ni -> _60217_/RN : -113.716026
[setup in-reg] rst_ni -> _60218_/RN : -113.715996
[setup in-reg] rst_ni -> _60219_/RN : -113.716003
[setup in-reg] rst_ni -> _60220_/RN : -113.715988
[setup in-reg] rst_ni -> _60221_/RN : -113.716019
[setup in-reg] rst_ni -> _60222_/RN : -113.716003
[setup in-reg] rst_ni -> _60223_/RN : -113.715996
[setup in-reg] rst_ni -> _60224_/RN : -113.716011
[setup in-reg] rst_ni -> _60225_/RN : -113.716011
[setup in-reg] rst_ni -> _60226_/RN : -113.716026
[setup in-reg] rst_ni -> _60227_/RN : -113.716026
[setup in-reg] rst_ni -> _60228_/RN : -113.716057
[setup in-reg] rst_ni -> _60229_/RN : -113.716049
[setup in-reg] rst_ni -> _60230_/RN : -113.716049
[setup in-reg] rst_ni -> _60231_/RN : -113.716057
[setup in-reg] rst_ni -> _60232_/RN : -113.716049
[setup in-reg] rst_ni -> _60234_/RN : -113.716026
[setup in-reg] rst_ni -> _60235_/RN : -113.716026
[setup in-reg] rst_ni -> _60236_/RN : -113.716057
[setup in-reg] rst_ni -> _60237_/RN : -113.716026
[setup in-reg] rst_ni -> _60239_/RN : -113.715942
[setup in-reg] rst_ni -> _60240_/RN : -113.716057
[setup in-reg] rst_ni -> _60243_/RN : -113.716057
[setup in-reg] rst_ni -> _60245_/RN : -113.716064
[setup in-reg] rst_ni -> _60247_/RN : -113.716042
[setup in-reg] rst_ni -> _60258_/RN : -113.716034
[setup in-reg] rst_ni -> _60259_/RN : -113.716026
[setup in-reg] rst_ni -> _60260_/RN : -113.716057
[setup in-reg] rst_ni -> _60261_/RN : -113.716026
[setup in-reg] rst_ni -> _60262_/RN : -113.716034
[setup in-reg] rst_ni -> _60263_/RN : -113.716049
[setup in-reg] rst_ni -> _60264_/RN : -113.716042
[setup in-reg] rst_ni -> _60265_/RN : -113.716049
[setup in-reg] rst_ni -> _60266_/RN : -113.716026
[setup in-reg] rst_ni -> _60268_/RN : -113.716057
[setup in-reg] rst_ni -> _60269_/RN : -113.716026
[setup in-reg] rst_ni -> _60360_/RN : -113.716080
[setup in-reg] rst_ni -> _60209_/RN : -113.715912
[setup in-reg] rst_ni -> _60241_/RN : -113.715912
[setup in-reg] rst_ni -> _60267_/RN : -113.716026
[setup in-reg] rst_ni -> _60210_/RN : -113.715897
[setup in-reg] rst_ni -> _60212_/RN : -113.715919
[setup in-reg] rst_ni -> _60216_/RN : -113.716003
[setup in-reg] rst_ni -> _60242_/RN : -113.715904
[setup in-reg] rst_ni -> _60244_/RN : -113.715919
[setup in-reg] rst_ni -> _60246_/RN : -113.715996
[setup in-reg] rst_ni -> _60248_/RN : -113.716003
[setup in-reg] rst_ni -> _60249_/RN : -113.715996
[setup in-reg] rst_ni -> _60250_/RN : -113.715996
[setup in-reg] rst_ni -> _60251_/RN : -113.716003
[setup in-reg] rst_ni -> _60252_/RN : -113.715996
[setup in-reg] rst_ni -> _60253_/RN : -113.715996
[setup in-reg] rst_ni -> _60254_/RN : -113.716003
[setup in-reg] rst_ni -> _60255_/RN : -113.715996
[setup in-reg] rst_ni -> _60256_/RN : -113.716019
[setup in-reg] rst_ni -> _60257_/RN : -113.716011
[setup in-reg] rst_ni -> _60272_/RN : -113.715927
[setup in-reg] rst_ni -> _60273_/RN : -113.715927
[setup in-reg] rst_ni -> _60274_/RN : -113.715927
[setup in-reg] rst_ni -> _60275_/RN : -113.715927
[setup in-reg] rst_ni -> _60281_/RN : -113.715927
[setup in-reg] rst_ni -> _60282_/RN : -113.715927
[setup in-reg] rst_ni -> _60284_/RN : -113.715927
[setup in-reg] rst_ni -> _60286_/RN : -113.715927
[setup in-reg] rst_ni -> _60287_/RN : -113.715927
[setup in-reg] rst_ni -> _60288_/RN : -113.715935
[setup in-reg] rst_ni -> _60289_/RN : -113.715927
[setup in-reg] rst_ni -> _60290_/RN : -113.715935
[setup in-reg] rst_ni -> _60291_/RN : -113.715927
[setup in-reg] rst_ni -> _60292_/RN : -113.715935
[setup in-reg] rst_ni -> _60293_/RN : -113.715927
[setup in-reg] rst_ni -> _60318_/RN : -113.715927
[setup in-reg] rst_ni -> _60320_/RN : -113.715927
[setup in-reg] rst_ni -> _60322_/RN : -113.715927
[setup in-reg] rst_ni -> _60323_/RN : -113.715927
[setup in-reg] rst_ni -> _60324_/RN : -113.715927
[setup in-reg] rst_ni -> _60325_/RN : -113.715927
[setup in-reg] rst_ni -> _60331_/RN : -113.715958
[setup in-reg] rst_ni -> _60332_/RN : -113.715958
[setup in-reg] rst_ni -> _60333_/RN : -113.715927
[setup in-reg] rst_ni -> _60334_/RN : -113.715958
[setup in-reg] rst_ni -> _61261_/RN : -113.715927
[setup in-reg] rst_ni -> _61262_/RN : -113.715927
[setup in-reg] rst_ni -> _61263_/RN : -113.715927
[setup in-reg] rst_ni -> _61264_/RN : -113.715927
[setup in-reg] rst_ni -> _61265_/RN : -113.715927
[setup in-reg] rst_ni -> _61266_/RN : -113.715927
[setup in-reg] rst_ni -> _61267_/RN : -113.715927
[setup in-reg] rst_ni -> _61268_/RN : -113.715927
[setup in-reg] rst_ni -> _61269_/RN : -113.715927
[setup in-reg] rst_ni -> _61270_/RN : -113.715927
[setup in-reg] rst_ni -> _61271_/RN : -113.715927
[setup in-reg] rst_ni -> _61272_/RN : -113.715935
[setup in-reg] rst_ni -> _61273_/RN : -113.715942
[setup in-reg] rst_ni -> _59962_/RN : -113.715790
[setup in-reg] rst_ni -> _60412_/RN : -113.715897
[setup in-reg] rst_ni -> _60415_/RN : -113.715897
[setup in-reg] rst_ni -> _60420_/RN : -113.715950
[setup in-reg] rst_ni -> _60422_/RN : -113.715919
[setup in-reg] rst_ni -> _61274_/RN : -113.715897
[setup in-reg] rst_ni -> _61275_/RN : -113.715927
[setup in-reg] rst_ni -> _61276_/RN : -113.715927
[setup in-reg] rst_ni -> _61277_/RN : -113.715927
[setup in-reg] rst_ni -> _61278_/RN : -113.715919
[setup in-reg] rst_ni -> _61279_/RN : -113.715942
[setup in-reg] rst_ni -> _61280_/RN : -113.715927
[setup in-reg] rst_ni -> _61281_/RN : -113.715927
[setup in-reg] rst_ni -> _61282_/RN : -113.715935
[setup in-reg] rst_ni -> _61283_/RN : -113.715942
[setup in-reg] rst_ni -> _61284_/RN : -113.715935
[setup in-reg] rst_ni -> _61285_/RN : -113.715935
[setup in-reg] rst_ni -> _61286_/RN : -113.715935
[setup in-reg] rst_ni -> _61351_/RN : -113.715919
[setup in-reg] rst_ni -> _61352_/RN : -113.715919
[setup in-reg] rst_ni -> _61353_/RN : -113.715927
[setup in-reg] rst_ni -> _61354_/RN : -113.715919
[setup in-reg] rst_ni -> _61355_/RN : -113.715950
[setup in-reg] rst_ni -> _61356_/RN : -113.715988
[setup in-reg] rst_ni -> _61357_/RN : -113.715988
[setup in-reg] rst_ni -> _61358_/RN : -113.715996
[setup in-reg] rst_ni -> _61359_/RN : -113.715904
[setup in-reg] rst_ni -> _61360_/RN : -113.715904
[setup in-reg] rst_ni -> _61409_/RN : -113.715904
[setup in-reg] rst_ni -> _61428_/RN : -113.715927
[setup in-reg] rst_ni -> _61432_/RN : -113.715919
[setup in-reg] rst_ni -> _61433_/RN : -113.715927
[setup in-reg] rst_ni -> _61434_/RN : -113.715919
[setup in-reg] rst_ni -> _61443_/RN : -113.715935
[setup in-reg] rst_ni -> _61444_/RN : -113.715935
[setup in-reg] rst_ni -> _61445_/RN : -113.715935
[setup in-reg] rst_ni -> _61449_/RN : -113.715927
[setup in-reg] rst_ni -> _61452_/RN : -113.715927
[setup in-reg] rst_ni -> _61459_/RN : -113.715927
[setup in-reg] rst_ni -> _61460_/RN : -113.715927
[setup in-reg] rst_ni -> _61461_/RN : -113.715919
[setup in-reg] rst_ni -> _61462_/RN : -113.715927
[setup in-reg] rst_ni -> _61463_/RN : -113.715950
[setup in-reg] rst_ni -> _61464_/RN : -113.715950
[setup in-reg] rst_ni -> _61465_/RN : -113.715950
[setup in-reg] rst_ni -> _61466_/RN : -113.715950
[setup in-reg] rst_ni -> _61467_/RN : -113.715950
[setup in-reg] rst_ni -> _61468_/RN : -113.715950
[setup in-reg] rst_ni -> _61469_/RN : -113.715950
[setup in-reg] rst_ni -> _61470_/RN : -113.715942
[setup in-reg] rst_ni -> _61471_/RN : -113.715942
[setup in-reg] rst_ni -> _61472_/RN : -113.715927
[setup in-reg] rst_ni -> _61473_/RN : -113.715912
[setup in-reg] rst_ni -> _61474_/RN : -113.715927
[setup in-reg] rst_ni -> _61536_/RN : -113.715927
[setup in-reg] rst_ni -> _61679_/RN : -113.715919
[setup in-reg] rst_ni -> _61748_/RN : -113.715935
[setup in-reg] rst_ni -> _61749_/RN : -113.715919
[setup in-reg] rst_ni -> _59964_/RN : -113.715775
[setup in-reg] rst_ni -> _59970_/RN : -113.715782
[setup in-reg] rst_ni -> _59975_/RN : -113.715820
[setup in-reg] rst_ni -> _59976_/RN : -113.715782
[setup in-reg] rst_ni -> _59977_/RN : -113.715782
[setup in-reg] rst_ni -> _59978_/RN : -113.715782
[setup in-reg] rst_ni -> _60413_/RN : -113.715889
[setup in-reg] rst_ni -> _60414_/RN : -113.715897
[setup in-reg] rst_ni -> _60423_/RN : -113.715889
[setup in-reg] rst_ni -> _60424_/RN : -113.715881
[setup in-reg] rst_ni -> _60425_/RN : -113.715897
[setup in-reg] rst_ni -> _59981_/RN : -113.715759
[setup in-reg] rst_ni -> _59983_/RN : -113.715759
[setup in-reg] rst_ni -> _59985_/RN : -113.715759
[setup in-reg] rst_ni -> _60271_/RN : -113.715805
[setup in-reg] rst_ni -> _61098_/RN : -113.715874
[setup in-reg] rst_ni -> _61099_/RN : -113.715874
[setup in-reg] rst_ni -> _61100_/RN : -113.715874
[setup in-reg] rst_ni -> _61101_/RN : -113.715866
[setup in-reg] rst_ni -> _59909_/RN : -113.715744
[setup in-reg] rst_ni -> _59915_/RN : -113.715820
[setup in-reg] rst_ni -> _61102_/RN : -113.715858
[setup in-reg] rst_ni -> _61103_/RN : -113.715874
[setup in-reg] rst_ni -> _61104_/RN : -113.715874
[setup in-reg] rst_ni -> _61105_/RN : -113.715874
[setup in-reg] rst_ni -> _61106_/RN : -113.715866
[setup in-reg] rst_ni -> _61107_/RN : -113.715866
[setup in-reg] rst_ni -> _61108_/RN : -113.715866
[setup in-reg] rst_ni -> _61109_/RN : -113.715858
[setup in-reg] rst_ni -> _61110_/RN : -113.715858
[setup in-reg] rst_ni -> _61111_/RN : -113.715858
[setup in-reg] rst_ni -> _61112_/RN : -113.715858
[setup in-reg] rst_ni -> _61113_/RN : -113.715858
[setup in-reg] rst_ni -> _61114_/RN : -113.715858
[setup in-reg] rst_ni -> _61115_/RN : -113.715866
[setup in-reg] rst_ni -> _61116_/RN : -113.715858
[setup in-reg] rst_ni -> _61117_/RN : -113.715866
[setup in-reg] rst_ni -> _61132_/RN : -113.715874
[setup in-reg] rst_ni -> _61133_/RN : -113.715927
[setup in-reg] rst_ni -> _61134_/RN : -113.715935
[setup in-reg] rst_ni -> _61169_/RN : -113.715836
[setup in-reg] rst_ni -> _61170_/RN : -113.715828
[setup in-reg] rst_ni -> _61171_/RN : -113.715820
[setup in-reg] rst_ni -> _61214_/RN : -113.715858
[setup in-reg] rst_ni -> _61215_/RN : -113.715858
[setup in-reg] rst_ni -> _61216_/RN : -113.715858
[setup in-reg] rst_ni -> _61217_/RN : -113.715858
[setup in-reg] rst_ni -> _61219_/RN : -113.715843
[setup in-reg] rst_ni -> _61220_/RN : -113.715858
[setup in-reg] rst_ni -> _61221_/RN : -113.715889
[setup in-reg] rst_ni -> _61222_/RN : -113.715912
[setup in-reg] rst_ni -> _61223_/RN : -113.715927
[setup in-reg] rst_ni -> _61224_/RN : -113.715927
[setup in-reg] rst_ni -> _61225_/RN : -113.715927
[setup in-reg] rst_ni -> _61226_/RN : -113.715927
[setup in-reg] rst_ni -> _61227_/RN : -113.715927
[setup in-reg] rst_ni -> _61228_/RN : -113.715912
[setup in-reg] rst_ni -> _61229_/RN : -113.715904
[setup in-reg] rst_ni -> _61230_/RN : -113.715904
[setup in-reg] rst_ni -> _61231_/RN : -113.715904
[setup in-reg] rst_ni -> _61232_/RN : -113.715904
[setup in-reg] rst_ni -> _61233_/RN : -113.715904
[setup in-reg] rst_ni -> _61234_/RN : -113.715904
[setup in-reg] rst_ni -> _61235_/RN : -113.715904
[setup in-reg] rst_ni -> _61236_/RN : -113.715904
[setup in-reg] rst_ni -> _61237_/RN : -113.715904
[setup in-reg] rst_ni -> _61238_/RN : -113.715904
[setup in-reg] rst_ni -> _61239_/RN : -113.715904
[setup in-reg] rst_ni -> _61240_/RN : -113.715904
[setup in-reg] rst_ni -> _61241_/RN : -113.715919
[setup in-reg] rst_ni -> _61242_/RN : -113.715935
[setup in-reg] rst_ni -> _61243_/RN : -113.715927
[setup in-reg] rst_ni -> _61244_/RN : -113.715927
[setup in-reg] rst_ni -> _61245_/RN : -113.715912
[setup in-reg] rst_ni -> _61246_/RN : -113.715935
[setup in-reg] rst_ni -> _61247_/RN : -113.715927
[setup in-reg] rst_ni -> _61248_/RN : -113.715927
[setup in-reg] rst_ni -> _61249_/RN : -113.715935
[setup in-reg] rst_ni -> _61250_/RN : -113.715927
[setup in-reg] rst_ni -> _61251_/RN : -113.715912
[setup in-reg] rst_ni -> _61252_/RN : -113.715927
[setup in-reg] rst_ni -> _61253_/RN : -113.715912
[setup in-reg] rst_ni -> _61255_/RN : -113.715927
[setup in-reg] rst_ni -> _61256_/RN : -113.715927
[setup in-reg] rst_ni -> _61257_/RN : -113.715927
[setup in-reg] rst_ni -> _61258_/RN : -113.715927
[setup in-reg] rst_ni -> _61259_/RN : -113.715927
[setup in-reg] rst_ni -> _61260_/RN : -113.715927
[setup in-reg] rst_ni -> _61406_/RN : -113.715775
[setup in-reg] rst_ni -> _61407_/RN : -113.715851
[setup in-reg] rst_ni -> _61408_/RN : -113.715851
[setup in-reg] rst_ni -> _61446_/RN : -113.715889
[setup in-reg] rst_ni -> _61447_/RN : -113.715889
[setup in-reg] rst_ni -> _61448_/RN : -113.715942
[setup in-reg] rst_ni -> _61411_/RN : -113.715767
[setup in-reg] rst_ni -> _61412_/RN : -113.715767
[setup in-reg] rst_ni -> _61413_/RN : -113.715782
[setup in-reg] rst_ni -> _61414_/RN : -113.715782
[setup in-reg] rst_ni -> _61415_/RN : -113.715767
[setup in-reg] rst_ni -> _61417_/RN : -113.715805
[setup in-reg] rst_ni -> _61453_/RN : -113.715881
[setup in-reg] rst_ni -> _61454_/RN : -113.715881
[setup in-reg] rst_ni -> _61455_/RN : -113.715874
[setup in-reg] rst_ni -> _61456_/RN : -113.715866
[setup in-reg] rst_ni -> _61457_/RN : -113.715866
[setup in-reg] rst_ni -> _61458_/RN : -113.715866
[setup in-reg] rst_ni -> _61431_/RN : -113.715744
[setup in-reg] rst_ni -> _61435_/RN : -113.715767
[setup in-reg] rst_ni -> _61436_/RN : -113.715736
[setup in-reg] rst_ni -> _61437_/RN : -113.715767
[setup in-reg] rst_ni -> _61438_/RN : -113.715744
[setup in-reg] rst_ni -> _61439_/RN : -113.715775
[setup in-reg] rst_ni -> _61440_/RN : -113.715782
[setup in-reg] rst_ni -> _61441_/RN : -113.715790
[setup in-reg] rst_ni -> _61442_/RN : -113.715790
[setup in-reg] rst_ni -> _61475_/RN : -113.715797
[setup in-reg] rst_ni -> _61476_/RN : -113.715797
[setup in-reg] rst_ni -> _61530_/RN : -113.715805
[setup in-reg] rst_ni -> _61533_/RN : -113.715843
[setup in-reg] rst_ni -> _61534_/RN : -113.715874
[setup in-reg] rst_ni -> _61535_/RN : -113.715889
[setup in-reg] rst_ni -> _61537_/RN : -113.715919
[setup in-reg] rst_ni -> _61538_/RN : -113.715912
[setup in-reg] rst_ni -> _61539_/RN : -113.715912
[setup in-reg] rst_ni -> _61552_/RN : -113.715797
[setup in-reg] rst_ni -> _61680_/RN : -113.715889
[setup in-reg] rst_ni -> _61681_/RN : -113.715927
[setup in-reg] rst_ni -> _61682_/RN : -113.715897
[setup in-reg] rst_ni -> _61683_/RN : -113.715927
[setup in-reg] rst_ni -> _61684_/RN : -113.715912
[setup in-reg] rst_ni -> _61685_/RN : -113.715866
[setup in-reg] rst_ni -> _61686_/RN : -113.715866
[setup in-reg] rst_ni -> _61687_/RN : -113.715897
[setup in-reg] rst_ni -> _61688_/RN : -113.715897
[setup in-reg] rst_ni -> _61689_/RN : -113.715897
[setup in-reg] rst_ni -> _61690_/RN : -113.715889
[setup in-reg] rst_ni -> _61691_/RN : -113.715889
[setup in-reg] rst_ni -> _61692_/RN : -113.715889
[setup in-reg] rst_ni -> _61693_/RN : -113.715897
[setup in-reg] rst_ni -> _61694_/RN : -113.715897
[setup in-reg] rst_ni -> _61695_/RN : -113.715912
[setup in-reg] rst_ni -> _61696_/RN : -113.715912
[setup in-reg] rst_ni -> _61697_/RN : -113.715851
[setup in-reg] rst_ni -> _61698_/RN : -113.715851
[setup in-reg] rst_ni -> _61699_/RN : -113.715797
[setup in-reg] rst_ni -> _61700_/RN : -113.715820
[setup in-reg] rst_ni -> _61701_/RN : -113.715851
[setup in-reg] rst_ni -> _61702_/RN : -113.715851
[setup in-reg] rst_ni -> _61703_/RN : -113.715820
[setup in-reg] rst_ni -> _61704_/RN : -113.715843
[setup in-reg] rst_ni -> _61705_/RN : -113.715797
[setup in-reg] rst_ni -> _61706_/RN : -113.715843
[setup in-reg] rst_ni -> _61707_/RN : -113.715843
[setup in-reg] rst_ni -> _61708_/RN : -113.715851
[setup in-reg] rst_ni -> _61709_/RN : -113.715851
[setup in-reg] rst_ni -> _61710_/RN : -113.715881
[setup in-reg] rst_ni -> _61711_/RN : -113.715866
[setup in-reg] rst_ni -> _61712_/RN : -113.715874
[setup in-reg] rst_ni -> _61713_/RN : -113.715889
[setup in-reg] rst_ni -> _61714_/RN : -113.715889
[setup in-reg] rst_ni -> _61715_/RN : -113.715889
[setup in-reg] rst_ni -> _61716_/RN : -113.715889
[setup in-reg] rst_ni -> _61717_/RN : -113.715889
[setup in-reg] rst_ni -> _61718_/RN : -113.715874
[setup in-reg] rst_ni -> _61719_/RN : -113.715889
[setup in-reg] rst_ni -> _61720_/RN : -113.715874
[setup in-reg] rst_ni -> _61721_/RN : -113.715889
[setup in-reg] rst_ni -> _61722_/RN : -113.715889
[setup in-reg] rst_ni -> _61723_/RN : -113.715874
[setup in-reg] rst_ni -> _61724_/RN : -113.715889
[setup in-reg] rst_ni -> _61725_/RN : -113.715889
[setup in-reg] rst_ni -> _61726_/RN : -113.715866
[setup in-reg] rst_ni -> _61727_/RN : -113.715866
[setup in-reg] rst_ni -> _61728_/RN : -113.715866
[setup in-reg] rst_ni -> _61729_/RN : -113.715866
[setup in-reg] rst_ni -> _61730_/RN : -113.715866
[setup in-reg] rst_ni -> _61731_/RN : -113.715889
[setup in-reg] rst_ni -> _61732_/RN : -113.715889
[setup in-reg] rst_ni -> _61733_/RN : -113.715889
[setup in-reg] rst_ni -> _61734_/RN : -113.715889
[setup in-reg] rst_ni -> _61735_/RN : -113.715889
[setup in-reg] rst_ni -> _61736_/RN : -113.715889
[setup in-reg] rst_ni -> _61737_/RN : -113.715889
[setup in-reg] rst_ni -> _61738_/RN : -113.715889
[setup in-reg] rst_ni -> _61739_/RN : -113.715889
[setup in-reg] rst_ni -> _61740_/RN : -113.715858
[setup in-reg] rst_ni -> _61741_/RN : -113.715889
[setup in-reg] rst_ni -> _61742_/RN : -113.715889
[setup in-reg] rst_ni -> _61743_/RN : -113.715889
[setup in-reg] rst_ni -> _61744_/RN : -113.715919
[setup in-reg] rst_ni -> _61745_/RN : -113.715912
[setup in-reg] rst_ni -> _61746_/RN : -113.715935
[setup in-reg] rst_ni -> _61747_/RN : -113.715927
[setup in-reg] rst_ni -> _61750_/RN : -113.715904
[setup in-reg] rst_ni -> _61751_/RN : -113.715912
[setup in-reg] rst_ni -> _61752_/RN : -113.715919
[setup in-reg] rst_ni -> _61753_/RN : -113.715904
[setup in-reg] rst_ni -> _61754_/RN : -113.715904
[setup in-reg] rst_ni -> _61755_/RN : -113.715919
[setup in-reg] rst_ni -> _61756_/RN : -113.715904
[setup in-reg] rst_ni -> _61757_/RN : -113.715904
[setup in-reg] rst_ni -> _61758_/RN : -113.715904
[setup in-reg] rst_ni -> _61759_/RN : -113.715919
[setup in-reg] rst_ni -> _61760_/RN : -113.715904
[setup in-reg] rst_ni -> _61761_/RN : -113.715904
[setup in-reg] rst_ni -> _61762_/RN : -113.715904
[setup in-reg] rst_ni -> _61763_/RN : -113.715897
[setup in-reg] rst_ni -> _61764_/RN : -113.715927
[setup in-reg] rst_ni -> _61765_/RN : -113.715919
[setup in-reg] rst_ni -> _61766_/RN : -113.715919
[setup in-reg] rst_ni -> _61767_/RN : -113.715897
[setup in-reg] rst_ni -> _61768_/RN : -113.715935
[setup in-reg] rst_ni -> _61769_/RN : -113.715919
[setup in-reg] rst_ni -> _61770_/RN : -113.715927
[setup in-reg] rst_ni -> _61771_/RN : -113.715935
[setup in-reg] rst_ni -> _61772_/RN : -113.715935
[setup in-reg] rst_ni -> _61773_/RN : -113.715919
[setup in-reg] rst_ni -> _61774_/RN : -113.715919
[setup in-reg] rst_ni -> _61775_/RN : -113.715912
[setup in-reg] rst_ni -> _61776_/RN : -113.715942
[setup in-reg] rst_ni -> _61777_/RN : -113.715919
[setup in-reg] rst_ni -> _61778_/RN : -113.715912
[setup in-reg] rst_ni -> _61779_/RN : -113.715912
[setup in-reg] rst_ni -> _61780_/RN : -113.715912
[setup in-reg] rst_ni -> _61781_/RN : -113.715912
[setup in-reg] rst_ni -> _61782_/RN : -113.715935
[setup in-reg] rst_ni -> _61783_/RN : -113.715942
[setup in-reg] rst_ni -> _61784_/RN : -113.715927
[setup in-reg] rst_ni -> _61785_/RN : -113.715912
[setup in-reg] rst_ni -> _61786_/RN : -113.715912
[setup in-reg] rst_ni -> _61787_/RN : -113.715942
[setup in-reg] rst_ni -> _61788_/RN : -113.715919
[setup in-reg] rst_ni -> _61789_/RN : -113.715919
[setup in-reg] rst_ni -> _61790_/RN : -113.715919
[setup in-reg] rst_ni -> _61791_/RN : -113.715912
[setup in-reg] rst_ni -> _61792_/RN : -113.715919
[setup in-reg] rst_ni -> _61793_/RN : -113.715919
[setup in-reg] rst_ni -> _61794_/RN : -113.715927
[setup in-reg] rst_ni -> _61795_/RN : -113.715919
[setup in-reg] rst_ni -> _61796_/RN : -113.715927
[setup in-reg] rst_ni -> _61797_/RN : -113.715927
[setup in-reg] rst_ni -> _61798_/RN : -113.715927
[setup in-reg] rst_ni -> _61799_/RN : -113.715912
[setup in-reg] rst_ni -> _61800_/RN : -113.715927
[setup in-reg] rst_ni -> _61801_/RN : -113.715912
[setup in-reg] rst_ni -> _61802_/RN : -113.715912
[setup in-reg] rst_ni -> _61803_/RN : -113.715912
[setup in-reg] rst_ni -> _61804_/RN : -113.715912
[setup in-reg] rst_ni -> _61805_/RN : -113.715858
[setup in-reg] rst_ni -> _61806_/RN : -113.715942
[setup in-reg] rst_ni -> _61807_/RN : -113.715942
[setup in-reg] rst_ni -> _61808_/RN : -113.715919
[setup in-reg] rst_ni -> _61809_/RN : -113.715904
[setup in-reg] rst_ni -> _61810_/RN : -113.715904
[setup in-reg] rst_ni -> _61811_/RN : -113.715919
[setup in-reg] rst_ni -> _61812_/RN : -113.715912
[setup in-reg] rst_ni -> _61813_/RN : -113.715942
[setup in-reg] rst_ni -> _61814_/RN : -113.715942
[setup in-reg] rst_ni -> _61815_/RN : -113.715927
[setup in-reg] rst_ni -> _61816_/RN : -113.715912
[setup in-reg] rst_ni -> _61817_/RN : -113.715912
[setup in-reg] rst_ni -> _61818_/RN : -113.715942
[setup in-reg] rst_ni -> _61819_/RN : -113.715912
[setup in-reg] rst_ni -> _61820_/RN : -113.715919
[setup in-reg] rst_ni -> _61821_/RN : -113.715919
[setup in-reg] rst_ni -> _61822_/RN : -113.715919
[setup in-reg] rst_ni -> _61823_/RN : -113.715919
[setup in-reg] rst_ni -> _61824_/RN : -113.715919
[setup in-reg] rst_ni -> _61825_/RN : -113.715927
[setup in-reg] rst_ni -> _61826_/RN : -113.715919
[setup in-reg] rst_ni -> _61827_/RN : -113.715919
[setup in-reg] rst_ni -> _61828_/RN : -113.715912
[setup in-reg] rst_ni -> _61829_/RN : -113.715927
[setup in-reg] rst_ni -> _61830_/RN : -113.715912
[setup in-reg] rst_ni -> _61831_/RN : -113.715927
[setup in-reg] rst_ni -> _61832_/RN : -113.715912
[setup in-reg] rst_ni -> _61833_/RN : -113.715912
[setup in-reg] rst_ni -> _61834_/RN : -113.715912
[setup in-reg] rst_ni -> _61835_/RN : -113.715858
[setup in-reg] rst_ni -> _61836_/RN : -113.715866
[setup in-reg] rst_ni -> _59946_/RN : -113.715599
[setup in-reg] rst_ni -> _59949_/RN : -113.715645
[setup in-reg] rst_ni -> _59951_/RN : -113.715645
[setup in-reg] rst_ni -> _59953_/RN : -113.715645
[setup in-reg] rst_ni -> _59965_/RN : -113.715729
[setup in-reg] rst_ni -> _59966_/RN : -113.715752
[setup in-reg] rst_ni -> _59967_/RN : -113.715759
[setup in-reg] rst_ni -> _59971_/RN : -113.715813
[setup in-reg] rst_ni -> _59972_/RN : -113.715820
[setup in-reg] rst_ni -> _59973_/RN : -113.715820
[setup in-reg] rst_ni -> _59974_/RN : -113.715820
[setup in-reg] rst_ni -> _59979_/RN : -113.715759
[setup in-reg] rst_ni -> _59980_/RN : -113.715759
[setup in-reg] rst_ni -> _60052_/RN : -113.715614
[setup in-reg] rst_ni -> _60053_/RN : -113.715614
[setup in-reg] rst_ni -> _60054_/RN : -113.715622
[setup in-reg] rst_ni -> _60055_/RN : -113.715614
[setup in-reg] rst_ni -> _60056_/RN : -113.715630
[setup in-reg] rst_ni -> _60057_/RN : -113.715622
[setup in-reg] rst_ni -> _60058_/RN : -113.715622
[setup in-reg] rst_ni -> _60059_/RN : -113.715622
[setup in-reg] rst_ni -> _60060_/RN : -113.715630
[setup in-reg] rst_ni -> _60061_/RN : -113.715630
[setup in-reg] rst_ni -> _60068_/RN : -113.715721
[setup in-reg] rst_ni -> _60069_/RN : -113.715721
[setup in-reg] rst_ni -> _60070_/RN : -113.715729
[setup in-reg] rst_ni -> _60071_/RN : -113.715729
[setup in-reg] rst_ni -> _60082_/RN : -113.715744
[setup in-reg] rst_ni -> _60083_/RN : -113.715759
[setup in-reg] rst_ni -> _60093_/RN : -113.715652
[setup in-reg] rst_ni -> _60094_/RN : -113.715683
[setup in-reg] rst_ni -> _60095_/RN : -113.715668
[setup in-reg] rst_ni -> _60096_/RN : -113.715668
[setup in-reg] rst_ni -> _60097_/RN : -113.715683
[setup in-reg] rst_ni -> _60098_/RN : -113.715652
[setup in-reg] rst_ni -> _60099_/RN : -113.715652
[setup in-reg] rst_ni -> _60100_/RN : -113.715721
[setup in-reg] rst_ni -> _60101_/RN : -113.715721
[setup in-reg] rst_ni -> _60102_/RN : -113.715752
[setup in-reg] rst_ni -> _60103_/RN : -113.715729
[setup in-reg] rst_ni -> _60114_/RN : -113.715736
[setup in-reg] rst_ni -> _60115_/RN : -113.715752
[setup in-reg] rst_ni -> _60139_/RN : -113.715637
[setup in-reg] rst_ni -> _60140_/RN : -113.715652
[setup in-reg] rst_ni -> _60141_/RN : -113.715652
[setup in-reg] rst_ni -> _60142_/RN : -113.715652
[setup in-reg] rst_ni -> _60143_/RN : -113.715683
[setup in-reg] rst_ni -> _60144_/RN : -113.715652
[setup in-reg] rst_ni -> _60145_/RN : -113.715652
[setup in-reg] rst_ni -> _60146_/RN : -113.715683
[setup in-reg] rst_ni -> _60147_/RN : -113.715652
[setup in-reg] rst_ni -> _60148_/RN : -113.715652
[setup in-reg] rst_ni -> _60149_/RN : -113.715721
[setup in-reg] rst_ni -> _60150_/RN : -113.715721
[setup in-reg] rst_ni -> _60151_/RN : -113.715736
[setup in-reg] rst_ni -> _60152_/RN : -113.715729
[setup in-reg] rst_ni -> _60163_/RN : -113.715736
[setup in-reg] rst_ni -> _60164_/RN : -113.715752
[setup in-reg] rst_ni -> _60276_/RN : -113.715767
[setup in-reg] rst_ni -> _60277_/RN : -113.715767
[setup in-reg] rst_ni -> _60278_/RN : -113.715767
[setup in-reg] rst_ni -> _60279_/RN : -113.715767
[setup in-reg] rst_ni -> _60280_/RN : -113.715767
[setup in-reg] rst_ni -> _60283_/RN : -113.715767
[setup in-reg] rst_ni -> _60285_/RN : -113.715767
[setup in-reg] rst_ni -> _60319_/RN : -113.715767
[setup in-reg] rst_ni -> _60321_/RN : -113.715767
[setup in-reg] rst_ni -> _60326_/RN : -113.715767
[setup in-reg] rst_ni -> _60327_/RN : -113.715767
[setup in-reg] rst_ni -> _60328_/RN : -113.715767
[setup in-reg] rst_ni -> _60335_/RN : -113.715767
[setup in-reg] rst_ni -> _61382_/RN : -113.715797
[setup in-reg] rst_ni -> _61383_/RN : -113.715797
[setup in-reg] rst_ni -> _61384_/RN : -113.715797
[setup in-reg] rst_ni -> _61403_/RN : -113.715851
[setup in-reg] rst_ni -> _61404_/RN : -113.715851
[setup in-reg] rst_ni -> _61405_/RN : -113.715851
[setup in-reg] rst_ni -> _61410_/RN : -113.715904
[setup in-reg] rst_ni -> _60165_/RN : -113.715637
[setup in-reg] rst_ni -> _61173_/RN : -113.715668
[setup in-reg] rst_ni -> _61379_/RN : -113.715782
[setup in-reg] rst_ni -> _61380_/RN : -113.715805
[setup in-reg] rst_ni -> _61381_/RN : -113.715797
[setup in-reg] rst_ni -> _61174_/RN : -113.715645
[setup in-reg] rst_ni -> _61175_/RN : -113.715645
[setup in-reg] rst_ni -> _61385_/RN : -113.715744
[setup in-reg] rst_ni -> _61386_/RN : -113.715767
[setup in-reg] rst_ni -> _61387_/RN : -113.715858
[setup in-reg] rst_ni -> _61388_/RN : -113.715851
[setup in-reg] rst_ni -> _61389_/RN : -113.715851
[setup in-reg] rst_ni -> _61390_/RN : -113.715843
[setup in-reg] rst_ni -> _61391_/RN : -113.715843
[setup in-reg] rst_ni -> _61392_/RN : -113.715843
[setup in-reg] rst_ni -> _61393_/RN : -113.715858
[setup in-reg] rst_ni -> _61394_/RN : -113.715858
[setup in-reg] rst_ni -> _61395_/RN : -113.715759
[setup in-reg] rst_ni -> _61396_/RN : -113.715759
[setup in-reg] rst_ni -> _61397_/RN : -113.715759
[setup in-reg] rst_ni -> _61398_/RN : -113.715759
[setup in-reg] rst_ni -> _61399_/RN : -113.715759
[setup in-reg] rst_ni -> _61400_/RN : -113.715767
[setup in-reg] rst_ni -> _61401_/RN : -113.715775
[setup in-reg] rst_ni -> _61402_/RN : -113.715775
[setup in-reg] rst_ni -> _61416_/RN : -113.715759
[setup in-reg] rst_ni -> _61418_/RN : -113.715759
[setup in-reg] rst_ni -> _61419_/RN : -113.715790
[setup in-reg] rst_ni -> _61450_/RN : -113.715866
[setup in-reg] rst_ni -> _61451_/RN : -113.715881
[setup in-reg] rst_ni -> _61420_/RN : -113.715744
[setup in-reg] rst_ni -> _61421_/RN : -113.715790
[setup in-reg] rst_ni -> _61422_/RN : -113.715782
[setup in-reg] rst_ni -> _61423_/RN : -113.715744
[setup in-reg] rst_ni -> _61424_/RN : -113.715744
[setup in-reg] rst_ni -> _61425_/RN : -113.715759
[setup in-reg] rst_ni -> _61426_/RN : -113.715759
[setup in-reg] rst_ni -> _61427_/RN : -113.715744
[setup in-reg] rst_ni -> _61429_/RN : -113.715744
[setup in-reg] rst_ni -> _61430_/RN : -113.715736
[setup in-reg] rst_ni -> _59948_/RN : -113.715523
[setup in-reg] rst_ni -> _59950_/RN : -113.715523
[setup in-reg] rst_ni -> _59952_/RN : -113.715523
[setup in-reg] rst_ni -> _59956_/RN : -113.715515
[setup in-reg] rst_ni -> _59957_/RN : -113.715515
[setup in-reg] rst_ni -> _59958_/RN : -113.715515
[setup in-reg] rst_ni -> _59959_/RN : -113.715515
[setup in-reg] rst_ni -> _59960_/RN : -113.715515
[setup in-reg] rst_ni -> _59961_/RN : -113.715515
[setup in-reg] rst_ni -> _59963_/RN : -113.715630
[setup in-reg] rst_ni -> _59968_/RN : -113.715630
[setup in-reg] rst_ni -> _59969_/RN : -113.715630
[setup in-reg] rst_ni -> _59954_/RN : -113.715515
[setup in-reg] rst_ni -> _59955_/RN : -113.715515
[setup in-reg] rst_ni -> _59982_/RN : -113.715591
[setup in-reg] rst_ni -> _59984_/RN : -113.715591
[setup in-reg] rst_ni -> _59986_/RN : -113.715523
[setup in-reg] rst_ni -> _59987_/RN : -113.715523
[setup in-reg] rst_ni -> _60065_/RN : -113.715630
[setup in-reg] rst_ni -> _59988_/RN : -113.715500
[setup in-reg] rst_ni -> _59989_/RN : -113.715515
[setup in-reg] rst_ni -> _59990_/RN : -113.715515
[setup in-reg] rst_ni -> _59991_/RN : -113.715515
[setup in-reg] rst_ni -> _59992_/RN : -113.715515
[setup in-reg] rst_ni -> _59993_/RN : -113.715515
[setup in-reg] rst_ni -> _59994_/RN : -113.715492
[setup in-reg] rst_ni -> _59995_/RN : -113.715500
[setup in-reg] rst_ni -> _59996_/RN : -113.715500
[setup in-reg] rst_ni -> _60003_/RN : -113.715614
[setup in-reg] rst_ni -> _59997_/RN : -113.715492
[setup in-reg] rst_ni -> _59998_/RN : -113.715500
[setup in-reg] rst_ni -> _59999_/RN : -113.715500
[setup in-reg] rst_ni -> _60000_/RN : -113.715500
[setup in-reg] rst_ni -> _60001_/RN : -113.715500
[setup in-reg] rst_ni -> _60002_/RN : -113.715591
[setup in-reg] rst_ni -> _60004_/RN : -113.715515
[setup in-reg] rst_ni -> _60005_/RN : -113.715515
[setup in-reg] rst_ni -> _60006_/RN : -113.715515
[setup in-reg] rst_ni -> _60007_/RN : -113.715576
[setup in-reg] rst_ni -> _60008_/RN : -113.715561
[setup in-reg] rst_ni -> _60009_/RN : -113.715515
[setup in-reg] rst_ni -> _60010_/RN : -113.715515
[setup in-reg] rst_ni -> _60011_/RN : -113.715508
[setup in-reg] rst_ni -> _60012_/RN : -113.715508
[setup in-reg] rst_ni -> _60013_/RN : -113.715515
[setup in-reg] rst_ni -> _60014_/RN : -113.715553
[setup in-reg] rst_ni -> _60015_/RN : -113.715569
[setup in-reg] rst_ni -> _60016_/RN : -113.715515
[setup in-reg] rst_ni -> _60017_/RN : -113.715508
[setup in-reg] rst_ni -> _60018_/RN : -113.715492
[setup in-reg] rst_ni -> _60019_/RN : -113.715576
[setup in-reg] rst_ni -> _60020_/RN : -113.715576
[setup in-reg] rst_ni -> _60021_/RN : -113.715500
[setup in-reg] rst_ni -> _60022_/RN : -113.715492
[setup in-reg] rst_ni -> _60023_/RN : -113.715576
[setup in-reg] rst_ni -> _60024_/RN : -113.715576
[setup in-reg] rst_ni -> _60025_/RN : -113.715538
[setup in-reg] rst_ni -> _60026_/RN : -113.715576
[setup in-reg] rst_ni -> _60027_/RN : -113.715584
[setup in-reg] rst_ni -> _60028_/RN : -113.715576
[setup in-reg] rst_ni -> _60029_/RN : -113.715546
[setup in-reg] rst_ni -> _60030_/RN : -113.715523
[setup in-reg] rst_ni -> _60031_/RN : -113.715508
[setup in-reg] rst_ni -> _60032_/RN : -113.715492
[setup in-reg] rst_ni -> _60033_/RN : -113.715492
[setup in-reg] rst_ni -> _60034_/RN : -113.715500
[setup in-reg] rst_ni -> _60035_/RN : -113.715508
[setup in-reg] rst_ni -> _60036_/RN : -113.715492
[setup in-reg] rst_ni -> _60037_/RN : -113.715492
[setup in-reg] rst_ni -> _60062_/RN : -113.715599
[setup in-reg] rst_ni -> _60063_/RN : -113.715607
[setup in-reg] rst_ni -> _60064_/RN : -113.715630
[setup in-reg] rst_ni -> _60090_/RN : -113.715637
[setup in-reg] rst_ni -> _60091_/RN : -113.715652
[setup in-reg] rst_ni -> _60092_/RN : -113.715652
[setup in-reg] rst_ni -> _60038_/RN : -113.715508
[setup in-reg] rst_ni -> _60039_/RN : -113.715485
[setup in-reg] rst_ni -> _60040_/RN : -113.715485
[setup in-reg] rst_ni -> _60041_/RN : -113.715492
[setup in-reg] rst_ni -> _60042_/RN : -113.715485
[setup in-reg] rst_ni -> _60043_/RN : -113.715485
[setup in-reg] rst_ni -> _60066_/RN : -113.715584
[setup in-reg] rst_ni -> _60067_/RN : -113.715599
[setup in-reg] rst_ni -> _60084_/RN : -113.715637
[setup in-reg] rst_ni -> _60085_/RN : -113.715645
[setup in-reg] rst_ni -> _60086_/RN : -113.715645
[setup in-reg] rst_ni -> _60087_/RN : -113.715637
[setup in-reg] rst_ni -> _60088_/RN : -113.715652
[setup in-reg] rst_ni -> _60089_/RN : -113.715637
[setup in-reg] rst_ni -> _60117_/RN : -113.715515
[setup in-reg] rst_ni -> _60118_/RN : -113.715515
[setup in-reg] rst_ni -> _60120_/RN : -113.715515
[setup in-reg] rst_ni -> _60121_/RN : -113.715515
[setup in-reg] rst_ni -> _60122_/RN : -113.715523
[setup in-reg] rst_ni -> _60123_/RN : -113.715523
[setup in-reg] rst_ni -> _60124_/RN : -113.715515
[setup in-reg] rst_ni -> _60125_/RN : -113.715515
[setup in-reg] rst_ni -> _60126_/RN : -113.715515
[setup in-reg] rst_ni -> _60128_/RN : -113.715515
[setup in-reg] rst_ni -> _60129_/RN : -113.715515
[setup in-reg] rst_ni -> _60130_/RN : -113.715515
[setup in-reg] rst_ni -> _60131_/RN : -113.715515
[setup in-reg] rst_ni -> _60132_/RN : -113.715515
[setup in-reg] rst_ni -> _60167_/RN : -113.715515
[setup in-reg] rst_ni -> _61136_/RN : -113.715599
[setup in-reg] rst_ni -> _61137_/RN : -113.715599
[setup in-reg] rst_ni -> _61139_/RN : -113.715630
[setup in-reg] rst_ni -> _61140_/RN : -113.715622
[setup in-reg] rst_ni -> _61142_/RN : -113.715645
[setup in-reg] rst_ni -> _61145_/RN : -113.715645
[setup in-reg] rst_ni -> _61152_/RN : -113.715721
[setup in-reg] rst_ni -> _61156_/RN : -113.715721
[setup in-reg] rst_ni -> _61164_/RN : -113.715714
[setup in-reg] rst_ni -> _60044_/RN : -113.715462
[setup in-reg] rst_ni -> _60045_/RN : -113.715416
[setup in-reg] rst_ni -> _60046_/RN : -113.715446
[setup in-reg] rst_ni -> _60047_/RN : -113.715431
[setup in-reg] rst_ni -> _60048_/RN : -113.715477
[setup in-reg] rst_ni -> _60049_/RN : -113.715454
[setup in-reg] rst_ni -> _60050_/RN : -113.715523
[setup in-reg] rst_ni -> _60051_/RN : -113.715523
[setup in-reg] rst_ni -> _60116_/RN : -113.715523
[setup in-reg] rst_ni -> _60119_/RN : -113.715637
[setup in-reg] rst_ni -> _60127_/RN : -113.715637
[setup in-reg] rst_ni -> _60133_/RN : -113.715637
[setup in-reg] rst_ni -> _60134_/RN : -113.715645
[setup in-reg] rst_ni -> _60135_/RN : -113.715645
[setup in-reg] rst_ni -> _60136_/RN : -113.715637
[setup in-reg] rst_ni -> _60137_/RN : -113.715645
[setup in-reg] rst_ni -> _60138_/RN : -113.715637
[setup in-reg] rst_ni -> _61143_/RN : -113.715500
[setup in-reg] rst_ni -> _61146_/RN : -113.715523
[setup in-reg] rst_ni -> _61148_/RN : -113.715607
[setup in-reg] rst_ni -> _61149_/RN : -113.715698
[setup in-reg] rst_ni -> _61151_/RN : -113.715630
[setup in-reg] rst_ni -> _61153_/RN : -113.715591
[setup in-reg] rst_ni -> _61154_/RN : -113.715591
[setup in-reg] rst_ni -> _61155_/RN : -113.715591
[setup in-reg] rst_ni -> _61177_/RN : -113.715645
[setup in-reg] rst_ni -> _61157_/RN : -113.715515
[setup in-reg] rst_ni -> _61158_/RN : -113.715515
[setup in-reg] rst_ni -> _61159_/RN : -113.715515
[setup in-reg] rst_ni -> _61160_/RN : -113.715515
[setup in-reg] rst_ni -> _61161_/RN : -113.715591
[setup in-reg] rst_ni -> _61162_/RN : -113.715591
[setup in-reg] rst_ni -> _61163_/RN : -113.715591
[setup in-reg] rst_ni -> _61165_/RN : -113.715515
[setup in-reg] rst_ni -> _61166_/RN : -113.715515
[setup in-reg] rst_ni -> _61167_/RN : -113.715515
[setup in-reg] rst_ni -> _61168_/RN : -113.715515
[setup in-reg] rst_ni -> _61172_/RN : -113.715515
[setup in-reg] rst_ni -> _61176_/RN : -113.715630
[setup in-reg] rst_ni -> _61178_/RN : -113.715599
[setup in-reg] rst_ni -> _61179_/RN : -113.715599
[setup in-reg] rst_ni -> _61180_/RN : -113.715599
[setup in-reg] rst_ni -> _61181_/RN : -113.715599
[setup in-reg] rst_ni -> _61182_/RN : -113.715599
[setup in-reg] rst_ni -> _61183_/RN : -113.715599
[setup in-reg] rst_ni -> _61185_/RN : -113.715607
[setup in-reg] rst_ni -> _61186_/RN : -113.715691
[setup in-reg] rst_ni -> _61187_/RN : -113.715607
[setup in-reg] rst_ni -> _61188_/RN : -113.715691
[setup in-reg] rst_ni -> _61189_/RN : -113.715607
[setup in-reg] rst_ni -> _61190_/RN : -113.715691
[setup in-reg] rst_ni -> _61331_/RN : -113.715515
[setup in-reg] rst_ni -> _61332_/RN : -113.715622
[setup in-reg] rst_ni -> _61333_/RN : -113.715622
[setup in-reg] rst_ni -> _61334_/RN : -113.715622
[setup in-reg] rst_ni -> _61335_/RN : -113.715630
[setup in-reg] rst_ni -> _61336_/RN : -113.715630
[setup in-reg] rst_ni -> _61337_/RN : -113.715630
[setup in-reg] rst_ni -> _61338_/RN : -113.715622
[setup in-reg] rst_ni -> _61339_/RN : -113.715622
[setup in-reg] rst_ni -> _61340_/RN : -113.715622
[setup in-reg] rst_ni -> _61341_/RN : -113.715622
[setup in-reg] rst_ni -> _61342_/RN : -113.715622
[setup in-reg] rst_ni -> _61343_/RN : -113.715630
[setup in-reg] rst_ni -> _61344_/RN : -113.715630
[setup in-reg] rst_ni -> _61345_/RN : -113.715630
[setup in-reg] rst_ni -> _61346_/RN : -113.715630
[setup in-reg] rst_ni -> _61347_/RN : -113.715729
[setup in-reg] rst_ni -> _61348_/RN : -113.715721
[setup in-reg] rst_ni -> _61349_/RN : -113.715729
[setup in-reg] rst_ni -> _61350_/RN : -113.715729
[setup in-reg] rst_ni -> _61361_/RN : -113.715744
[setup in-reg] rst_ni -> _61362_/RN : -113.715744
[setup in-reg] rst_ni -> _61366_/RN : -113.715675
[setup in-reg] rst_ni -> _61371_/RN : -113.715645
[setup in-reg] rst_ni -> _61363_/RN : -113.715523
[setup in-reg] rst_ni -> _61364_/RN : -113.715515
[setup in-reg] rst_ni -> _61365_/RN : -113.715515
[setup in-reg] rst_ni -> _61367_/RN : -113.715523
[setup in-reg] rst_ni -> _61368_/RN : -113.715515
[setup in-reg] rst_ni -> _61369_/RN : -113.715515
[setup in-reg] rst_ni -> _61370_/RN : -113.715515
[setup in-reg] rst_ni -> _61372_/RN : -113.715523
[setup in-reg] rst_ni -> _61373_/RN : -113.715591
[setup in-reg] rst_ni -> _61374_/RN : -113.715515
[setup in-reg] rst_ni -> _61375_/RN : -113.715591
[setup in-reg] rst_ni -> _61376_/RN : -113.715515
[setup in-reg] rst_ni -> _61218_/RN : -71.894966
[setup in-reg] rst_ni -> _60829_/RN : -71.894554
[setup in-reg] rst_ni -> _60830_/RN : -71.894569
[setup in-reg] rst_ni -> _60831_/RN : -71.894547
[setup in-reg] rst_ni -> _60832_/RN : -71.894554
[setup in-reg] rst_ni -> _60833_/RN : -71.894554
[setup in-reg] rst_ni -> _60178_/SETN : -54.734562
[setup in-reg] rst_ni -> _60179_/SETN : -54.734547
[setup in-reg] rst_ni -> _60238_/SETN : -54.734547
[setup in-reg] rst_ni -> _60270_/SETN : -54.734547
[setup in-reg] rst_ni -> _61118_/SETN : -54.734570
[setup in-reg] rst_ni -> _61319_/SETN : -54.734570
[setup in-reg] rst_ni -> _60329_/SETN : -54.734406
[setup in-reg] rst_ni -> _60330_/SETN : -54.734406
[setup in-reg] rst_ni -> _60419_/SETN : -54.734447
[setup in-reg] rst_ni -> _61131_/SETN : -54.734364
[setup in-reg] rst_ni -> _61563_/SETN : -54.734341
[setup in-reg] rst_ni -> _61564_/SETN : -54.734341
[setup in-reg] rst_ni -> _61565_/SETN : -54.734348
[setup in-reg] rst_ni -> _61566_/SETN : -54.734348
[setup in-reg] rst_ni -> _61580_/SETN : -54.734398
[setup in-reg] rst_ni -> _61604_/SETN : -54.734421
[setup in-reg] rst_ni -> _61605_/SETN : -54.734421
[setup in-reg] rst_ni -> _61567_/SETN : -54.734341
[setup in-reg] rst_ni -> _61568_/SETN : -54.734348
[setup in-reg] rst_ni -> _61573_/SETN : -54.734341
[setup in-reg] rst_ni -> _61574_/SETN : -54.734341
[setup in-reg] rst_ni -> _61577_/SETN : -54.734341
[setup in-reg] rst_ni -> _61578_/SETN : -54.734341
[setup in-reg] rst_ni -> _61579_/SETN : -54.734341
[setup in-reg] rst_ni -> _61581_/SETN : -54.734348
[setup in-reg] rst_ni -> _61582_/SETN : -54.734348
[setup in-reg] rst_ni -> _61583_/SETN : -54.734390
[setup in-reg] rst_ni -> _61584_/SETN : -54.734390
[setup in-reg] rst_ni -> _61638_/SETN : -54.734398
[setup in-reg] rst_ni -> _61636_/SETN : -54.734341
[setup in-reg] rst_ni -> _61641_/SETN : -54.734390
[setup in-reg] rst_ni -> _61643_/SETN : -54.734390
[setup in-reg] rst_ni -> _61644_/SETN : -54.734348
[setup in-reg] rst_ni -> _61645_/SETN : -54.734398
[setup in-reg] rst_ni -> _61668_/SETN : -54.734348
[setup in-reg] rst_ni -> _61670_/SETN : -54.734341
[setup in-reg] rst_ni -> _61675_/SETN : -54.734341
[setup in-reg] rst_ni -> _61676_/SETN : -54.734348
[setup in-reg] rst_ni -> _61531_/SETN : -54.734272
[setup in-reg] rst_ni -> _61532_/SETN : -54.734272
[setup in-reg] rst_ni -> _61553_/SETN : -54.734291
[setup in-reg] rst_ni -> _61554_/SETN : -54.734291
[setup in-reg] rst_ni -> _61555_/SETN : -54.734291
[setup in-reg] rst_ni -> _61556_/SETN : -54.734291
[setup in-reg] rst_ni -> _61557_/SETN : -54.734291
[setup in-reg] rst_ni -> _61558_/SETN : -54.734283
[setup in-reg] rst_ni -> _61613_/SETN : -54.734264
[setup in-reg] rst_ni -> _61614_/SETN : -54.734272
[setup in-reg] rst_ni -> _61615_/SETN : -54.734276
[setup in-reg] rst_ni -> _61616_/SETN : -54.734291
[setup in-reg] rst_ni -> _61617_/SETN : -54.734291
[setup in-reg] rst_ni -> _61618_/SETN : -54.734291
[setup in-reg] rst_ni -> _61619_/SETN : -54.734291
[setup in-reg] rst_ni -> _61620_/SETN : -54.734291
[setup in-reg] rst_ni -> _61621_/SETN : -54.734291
[setup in-reg] rst_ni -> _61629_/SETN : -54.734314
[setup in-reg] rst_ni -> _61630_/SETN : -54.734348
[setup in-reg] rst_ni -> _61559_/SETN : -54.734249
[setup in-reg] rst_ni -> _61560_/SETN : -54.734291
[setup in-reg] rst_ni -> _61561_/SETN : -54.734257
[setup in-reg] rst_ni -> _61562_/SETN : -54.734257
[setup in-reg] rst_ni -> _61585_/SETN : -54.734299
[setup in-reg] rst_ni -> _61586_/SETN : -54.734299
[setup in-reg] rst_ni -> _61587_/SETN : -54.734299
[setup in-reg] rst_ni -> _61588_/SETN : -54.734299
[setup in-reg] rst_ni -> _61589_/SETN : -54.734299
[setup in-reg] rst_ni -> _61590_/SETN : -54.734299
[setup in-reg] rst_ni -> _61628_/SETN : -54.734314
[setup in-reg] rst_ni -> _61569_/SETN : -54.734234
[setup in-reg] rst_ni -> _61570_/SETN : -54.734249
[setup in-reg] rst_ni -> _61571_/SETN : -54.734249
[setup in-reg] rst_ni -> _61572_/SETN : -54.734249
[setup in-reg] rst_ni -> _61575_/SETN : -54.734257
[setup in-reg] rst_ni -> _61576_/SETN : -54.734257
[setup in-reg] rst_ni -> _61591_/SETN : -54.734249
[setup in-reg] rst_ni -> _61592_/SETN : -54.734249
[setup in-reg] rst_ni -> _61593_/SETN : -54.734249
[setup in-reg] rst_ni -> _61594_/SETN : -54.734272
[setup in-reg] rst_ni -> _61595_/SETN : -54.734234
[setup in-reg] rst_ni -> _61596_/SETN : -54.734272
[setup in-reg] rst_ni -> _61597_/SETN : -54.734234
[setup in-reg] rst_ni -> _61598_/SETN : -54.734234
[setup in-reg] rst_ni -> _61599_/SETN : -54.734272
[setup in-reg] rst_ni -> _61600_/SETN : -54.734249
[setup in-reg] rst_ni -> _61601_/SETN : -54.734234
[setup in-reg] rst_ni -> _61602_/SETN : -54.734234
[setup in-reg] rst_ni -> _61603_/SETN : -54.734234
[setup in-reg] rst_ni -> _61606_/SETN : -54.734257
[setup in-reg] rst_ni -> _61607_/SETN : -54.734257
[setup in-reg] rst_ni -> _61608_/SETN : -54.734257
[setup in-reg] rst_ni -> _61609_/SETN : -54.734257
[setup in-reg] rst_ni -> _61610_/SETN : -54.734257
[setup in-reg] rst_ni -> _61611_/SETN : -54.734257
[setup in-reg] rst_ni -> _61612_/SETN : -54.734257
[setup in-reg] rst_ni -> _61622_/SETN : -54.734249
[setup in-reg] rst_ni -> _61623_/SETN : -54.734291
[setup in-reg] rst_ni -> _61624_/SETN : -54.734272
[setup in-reg] rst_ni -> _61625_/SETN : -54.734272
[setup in-reg] rst_ni -> _61650_/SETN : -54.734299
[setup in-reg] rst_ni -> _61651_/SETN : -54.734299
[setup in-reg] rst_ni -> _61626_/SETN : -54.734234
[setup in-reg] rst_ni -> _61627_/SETN : -54.734272
[setup in-reg] rst_ni -> _61631_/SETN : -54.734272
[setup in-reg] rst_ni -> _61632_/SETN : -54.734234
[setup in-reg] rst_ni -> _61633_/SETN : -54.734249
[setup in-reg] rst_ni -> _61634_/SETN : -54.734264
[setup in-reg] rst_ni -> _61635_/SETN : -54.734264
[setup in-reg] rst_ni -> _61637_/SETN : -54.734264
[setup in-reg] rst_ni -> _61639_/SETN : -54.734264
[setup in-reg] rst_ni -> _61640_/SETN : -54.734264
[setup in-reg] rst_ni -> _61642_/SETN : -54.734264
[setup in-reg] rst_ni -> _61646_/SETN : -54.734276
[setup in-reg] rst_ni -> _61647_/SETN : -54.734276
[setup in-reg] rst_ni -> _61648_/SETN : -54.734299
[setup in-reg] rst_ni -> _61649_/SETN : -54.734299
[setup in-reg] rst_ni -> _61652_/SETN : -54.734272
[setup in-reg] rst_ni -> _61653_/SETN : -54.734291
[setup in-reg] rst_ni -> _60168_/SETN : -54.734207
[setup in-reg] rst_ni -> _61654_/SETN : -54.734249
[setup in-reg] rst_ni -> _61655_/SETN : -54.734249
[setup in-reg] rst_ni -> _61656_/SETN : -54.734249
[setup in-reg] rst_ni -> _61657_/SETN : -54.734264
[setup in-reg] rst_ni -> _61658_/SETN : -54.734234
[setup in-reg] rst_ni -> _61659_/SETN : -54.734272
[setup in-reg] rst_ni -> _61660_/SETN : -54.734234
[setup in-reg] rst_ni -> _61661_/SETN : -54.734234
[setup in-reg] rst_ni -> _61662_/SETN : -54.734272
[setup in-reg] rst_ni -> _61663_/SETN : -54.734249
[setup in-reg] rst_ni -> _61664_/SETN : -54.734234
[setup in-reg] rst_ni -> _61665_/SETN : -54.734249
[setup in-reg] rst_ni -> _61666_/SETN : -54.734249
[setup in-reg] rst_ni -> _61667_/SETN : -54.734264
[setup in-reg] rst_ni -> _61669_/SETN : -54.734264
[setup in-reg] rst_ni -> _61671_/SETN : -54.734264
[setup in-reg] rst_ni -> _61672_/SETN : -54.734264
[setup in-reg] rst_ni -> _61673_/SETN : -54.734257
[setup in-reg] rst_ni -> _61674_/SETN : -54.734257
[setup in-reg] rst_ni -> _61677_/SETN : -54.734272
[setup in-reg] rst_ni -> _61678_/SETN : -54.734276
[setup in-reg] rst_ni -> _59945_/SETN : -54.734177
[setup in-reg] rst_ni -> _59947_/SETN : -54.734142
[setup in-reg] rst_ni -> _61138_/SETN : -54.734135
[setup in-reg] rst_ni -> _60170_/SETN : -54.734077
[setup in-reg] rst_ni -> _61135_/SETN : -54.734093
[setup in-reg] rst_ni -> _61141_/SETN : -54.734135
[setup in-reg] rst_ni -> _61147_/SETN : -54.734093
[setup in-reg] rst_ni -> _61150_/SETN : -54.734127
[setup in-reg] rst_ni -> _61184_/SETN : -54.734077
[setup in-reg] rst_ni -> _60166_/SETN : -54.734009
[setup in-reg] rst_ni -> _60169_/SETN : -54.734009
[setup in-reg] rst_ni -> _61144_/SETN : -54.734020
[setup in-reg] rst_ni -> _56539_/D : -52.478378
[setup in-reg] rst_ni -> _56538_/D : -52.477116
[setup in-reg] rst_ni -> _56509_/D : -52.451996
[setup in-reg] rst_ni -> _56513_/D : -52.451706
[setup in-reg] rst_ni -> _56515_/D : -52.451321
[setup in-reg] rst_ni -> _56508_/D : -52.450077
[setup in-reg] rst_ni -> _56514_/D : -52.449814
[setup in-reg] rst_ni -> _56511_/D : -52.449551
[setup in-reg] rst_ni -> _56512_/D : -52.447876
[setup in-reg] rst_ni -> _56510_/D : -52.447548
[setup in-reg] rst_ni -> _56524_/D : -52.374264
[setup in-reg] rst_ni -> _56522_/D : -52.374184
[setup in-reg] rst_ni -> _56525_/D : -52.372814
[setup in-reg] rst_ni -> _56517_/D : -52.372066
[setup in-reg] rst_ni -> _56519_/D : -52.371635
[setup in-reg] rst_ni -> _56516_/D : -52.371067
[setup in-reg] rst_ni -> _56521_/D : -52.370953
[setup in-reg] rst_ni -> _56523_/D : -52.369873
[setup in-reg] rst_ni -> _56518_/D : -52.366261
[setup in-reg] rst_ni -> _56520_/D : -52.363277
[setup in-reg] rst_ni -> _56531_/D : -52.345772
[setup in-reg] rst_ni -> _56535_/D : -52.344498
[setup in-reg] rst_ni -> _56529_/D : -52.343853
[setup in-reg] rst_ni -> _56530_/D : -52.342609
[setup in-reg] rst_ni -> _56526_/D : -52.341953
[setup in-reg] rst_ni -> _56534_/D : -52.341492
[setup in-reg] rst_ni -> _56528_/D : -52.341022
[setup in-reg] rst_ni -> _56527_/D : -52.338963
[setup in-reg] rst_ni -> _56532_/D : -52.335587
[setup in-reg] rst_ni -> _56533_/D : -52.335632
[setup in-reg] rst_ni -> _56536_/D : -51.294296
[setup in-reg] rst_ni -> _56537_/D : -51.292568
[setup in-reg] rst_ni -> _56635_/D : -44.718533
[setup in-reg] rst_ni -> _56634_/D : -44.717007
[setup in-reg] rst_ni -> _56609_/D : -44.690945
[setup in-reg] rst_ni -> _56607_/D : -44.679142
[setup in-reg] rst_ni -> _56610_/D : -44.673031
[setup in-reg] rst_ni -> _56611_/D : -44.661243
[setup in-reg] rst_ni -> _56605_/D : -44.636879
[setup in-reg] rst_ni -> _56608_/D : -44.635521
[setup in-reg] rst_ni -> _56613_/D : -44.634945
[setup in-reg] rst_ni -> _56612_/D : -44.632771
[setup in-reg] rst_ni -> _56606_/D : -44.631828
[setup in-reg] rst_ni -> _56604_/D : -44.630745
[setup in-reg] rst_ni -> _56618_/D : -44.575111
[setup in-reg] rst_ni -> _56615_/D : -44.570278
[setup in-reg] rst_ni -> _56623_/D : -44.555038
[setup in-reg] rst_ni -> _56620_/D : -44.554783
[setup in-reg] rst_ni -> _56621_/D : -44.554619
[setup in-reg] rst_ni -> _56617_/D : -44.552578
[setup in-reg] rst_ni -> _56622_/D : -44.550560
[setup in-reg] rst_ni -> _56616_/D : -44.550449
[setup in-reg] rst_ni -> _56619_/D : -44.550457
[setup in-reg] rst_ni -> _56614_/D : -44.547207
[setup in-reg] rst_ni -> _56627_/D : -44.489311
[setup in-reg] rst_ni -> _56626_/D : -44.489029
[setup in-reg] rst_ni -> _56625_/D : -44.487408
[setup in-reg] rst_ni -> _56631_/D : -44.483971
[setup in-reg] rst_ni -> _56624_/D : -44.480240
[setup in-reg] rst_ni -> _56630_/D : -44.480019
[setup in-reg] rst_ni -> _56628_/D : -44.474976
[setup in-reg] rst_ni -> _56629_/D : -44.474682
[setup in-reg] rst_ni -> _56633_/D : -44.429401
[setup in-reg] rst_ni -> _56632_/D : -44.423084
[setup in-reg] rst_ni -> _60317_/D : -41.167042
[setup in-reg] rst_ni -> _60312_/D : -41.165615
[setup in-reg] rst_ni -> _60315_/D : -41.164867
[setup in-reg] rst_ni -> _60310_/D : -41.164124
[setup in-reg] rst_ni -> _60311_/D : -41.161415
[setup in-reg] rst_ni -> _60314_/D : -41.161186
[setup in-reg] rst_ni -> _60313_/D : -41.161102
[setup in-reg] rst_ni -> _60316_/D : -41.160244
[setup in-reg] rst_ni -> _60301_/D : -41.139183
[setup in-reg] rst_ni -> _60298_/D : -41.138584
[setup in-reg] rst_ni -> _60297_/D : -41.138428
[setup in-reg] rst_ni -> _60299_/D : -41.136375
[setup in-reg] rst_ni -> _60295_/D : -41.136005
[setup in-reg] rst_ni -> _60294_/D : -41.133362
[setup in-reg] rst_ni -> _60300_/D : -41.132553
[setup in-reg] rst_ni -> _60296_/D : -41.131508
[setup in-reg] rst_ni -> _60368_/D : -39.317322
[setup in-reg] rst_ni -> _60364_/D : -39.289711
[setup in-reg] rst_ni -> _60365_/D : -39.287941
[setup in-reg] rst_ni -> _60363_/D : -39.280987
[setup in-reg] rst_ni -> _60369_/D : -39.257217
[setup in-reg] rst_ni -> _60367_/D : -39.255165
[setup in-reg] rst_ni -> _60370_/D : -39.232540
[setup in-reg] rst_ni -> _60366_/D : -39.227936
[setup in-reg] rst_ni -> _60362_/D : -39.219585
[setup in-reg] rst_ni -> _60371_/D : -39.184982
[setup in-reg] rst_ni -> _60372_/D : -39.170090
[setup in-reg] rst_ni -> _60303_/D : -39.167412
[setup in-reg] rst_ni -> _60302_/D : -39.167206
[setup in-reg] rst_ni -> _60307_/D : -39.165287
[setup in-reg] rst_ni -> _60304_/D : -39.164967
[setup in-reg] rst_ni -> _60309_/D : -39.163506
[setup in-reg] rst_ni -> _60305_/D : -39.163055
[setup in-reg] rst_ni -> _60306_/D : -39.162304
[setup in-reg] rst_ni -> _60308_/D : -39.162106
[setup in-reg] rst_ni -> _60373_/D : -39.149796
[setup in-reg] rst_ni -> _60377_/D : -39.148518
[setup in-reg] rst_ni -> _60379_/D : -39.148029
[setup in-reg] rst_ni -> _60374_/D : -39.146969
[setup in-reg] rst_ni -> _60376_/D : -39.146530
[setup in-reg] rst_ni -> _60378_/D : -39.146072
[setup in-reg] rst_ni -> _60375_/D : -39.144119
[setup in-reg] rst_ni -> _60380_/D : -39.143944
[setup in-reg] rst_ni -> _60338_/D : -39.142044
[setup in-reg] rst_ni -> _60339_/D : -39.123642
[setup in-reg] rst_ni -> _60342_/D : -39.116615
[setup in-reg] rst_ni -> _60341_/D : -39.113148
[setup in-reg] rst_ni -> _60345_/D : -39.112793
[setup reg-reg] _60568_/Q -> _61104_/D : -39.058441
[setup in-reg] rst_ni -> _60337_/D : -39.020542
[setup in-reg] rst_ni -> _60358_/D : -38.990437
[setup in-reg] rst_ni -> _60349_/D : -38.988243
[setup in-reg] rst_ni -> _60354_/D : -38.985550
[setup in-reg] rst_ni -> _60357_/D : -38.980545
[setup in-reg] rst_ni -> _60351_/D : -38.973946
[setup in-reg] rst_ni -> _60346_/D : -38.949524
[setup in-reg] rst_ni -> _60355_/D : -38.938980
[setup in-reg] rst_ni -> _60340_/D : -38.938675
[setup in-reg] rst_ni -> _60352_/D : -38.938602
[setup in-reg] rst_ni -> _60343_/D : -38.938183
[setup in-reg] rst_ni -> _60350_/D : -38.937233
[setup in-reg] rst_ni -> _60344_/D : -38.936939
[setup in-reg] rst_ni -> _60348_/D : -38.935703
[setup in-reg] rst_ni -> _60347_/D : -38.934452
[setup in-reg] rst_ni -> _60356_/D : -38.933552
[setup reg-reg] _60568_/Q -> _61098_/D : -38.854218
[setup reg-reg] _60568_/Q -> _61102_/D : -38.849182
[setup in-reg] rst_ni -> _60382_/D : -38.728554
[setup in-reg] rst_ni -> _60381_/D : -38.706730
[setup reg-reg] _60568_/Q -> _61133_/D : -38.690044
[setup in-reg] rst_ni -> _60384_/D : -38.676228
[setup reg-reg] _60568_/Q -> _61101_/D : -38.672104
[setup in-reg] rst_ni -> _60353_/D : -38.665798
[setup in-reg] rst_ni -> _60385_/D : -38.657036
[setup in-reg] rst_ni -> _60383_/D : -38.655239
[setup in-reg] rst_ni -> _60387_/D : -38.590137
[setup in-reg] rst_ni -> _60393_/D : -38.587738
[setup in-reg] rst_ni -> _60392_/D : -38.586620
[setup in-reg] rst_ni -> _60388_/D : -38.585739
[setup in-reg] rst_ni -> _60389_/D : -38.585258
[setup in-reg] rst_ni -> _60390_/D : -38.585022
[setup in-reg] rst_ni -> _60391_/D : -38.584923
[setup in-reg] rst_ni -> _60386_/D : -38.584084
[setup in-reg] rst_ni -> _60359_/D : -38.528080
[setup reg-reg] _60568_/Q -> _61105_/D : -38.474682
[setup reg-reg] _60568_/Q -> _61215_/D : -38.433086
[setup reg-reg] _60568_/Q -> _61679_/D : -38.202030
[setup reg-reg] _60568_/Q -> _61533_/D : -38.076462
[setup reg-reg] _60568_/Q -> _61111_/D : -38.070919
[setup reg-reg] _60568_/Q -> _61698_/D : -38.068863
[setup reg-reg] _60568_/Q -> _61704_/D : -38.066223
[setup reg-reg] _60568_/Q -> _61690_/D : -38.054134
[setup reg-reg] _60568_/Q -> _61705_/D : -38.047741
[setup reg-reg] _60568_/Q -> _61691_/D : -38.045189
[setup reg-reg] _60568_/Q -> _61692_/D : -38.040932
[setup reg-reg] _60568_/Q -> _61699_/D : -38.038040
[setup reg-reg] _60568_/Q -> _61700_/D : -38.036659
[setup reg-reg] _60568_/Q -> _61703_/D : -38.036350
[setup reg-reg] _60568_/Q -> _61684_/D : -38.028881
[setup reg-reg] _60568_/Q -> _61713_/D : -38.025669
[setup reg-reg] _60568_/Q -> _61682_/D : -38.015800
[setup reg-reg] _60568_/Q -> _61696_/D : -38.005207
[setup reg-reg] _60568_/Q -> _61683_/D : -38.001434
[setup reg-reg] _60568_/Q -> _61697_/D : -37.992977
[setup reg-reg] _60568_/Q -> _61711_/D : -37.983143
[setup reg-reg] _60568_/Q -> _61681_/D : -37.983028
[setup reg-reg] _60568_/Q -> _61714_/D : -37.896355
[setup reg-reg] _60568_/Q -> _61536_/D : -37.891277
[setup reg-reg] _60568_/Q -> _61718_/D : -37.874977
[setup reg-reg] _60568_/Q -> _61720_/D : -37.864376
[setup reg-reg] _60568_/Q -> _61717_/D : -37.842152
[setup reg-reg] _60568_/Q -> _61716_/D : -37.840130
[setup reg-reg] _60568_/Q -> _61719_/D : -37.839066
[setup reg-reg] _60568_/Q -> _61715_/D : -37.832970
[setup reg-reg] _60568_/Q -> _61732_/D : -37.829140
[setup reg-reg] _60568_/Q -> _61729_/D : -37.798557
[setup reg-reg] _60568_/Q -> _61727_/D : -37.797123
[setup reg-reg] _60568_/Q -> _61723_/D : -37.793034
[setup reg-reg] _60568_/Q -> _61725_/D : -37.791714
[setup reg-reg] _60568_/Q -> _61722_/D : -37.790882
[setup reg-reg] _60568_/Q -> _61728_/D : -37.782784
[setup reg-reg] _60568_/Q -> _61730_/D : -37.772823
[setup reg-reg] _60568_/Q -> _61726_/D : -37.759125
[setup reg-reg] _60568_/Q -> _61740_/D : -37.751083
[setup reg-reg] _60568_/Q -> _61724_/D : -37.743279
[setup reg-reg] _60568_/Q -> _61737_/D : -37.732685
[setup reg-reg] _60568_/Q -> _61721_/D : -37.714951
[setup reg-reg] _60568_/Q -> _61736_/D : -37.689774
[setup reg-reg] _60568_/Q -> _61712_/D : -37.610512
[setup reg-reg] _60568_/Q -> _61739_/D : -37.600460
[setup reg-reg] _60568_/Q -> _61710_/D : -37.581291
[setup in-reg] rst_ni -> _60361_/D : -37.563007
[setup reg-reg] _60568_/Q -> _61689_/D : -37.529686
[setup reg-reg] _60568_/Q -> _61693_/D : -37.517582
[setup reg-reg] _60568_/Q -> _61694_/D : -37.517605
[setup reg-reg] _60568_/Q -> _61731_/D : -37.503071
[setup reg-reg] _60568_/Q -> _61695_/D : -37.501247
[setup reg-reg] _60568_/Q -> _59941_/D : -37.496315
[setup reg-reg] _60568_/Q -> _61734_/D : -37.490097
[setup reg-reg] _60568_/Q -> _61743_/D : -37.153381
[setup reg-reg] _60568_/Q -> _61709_/D : -37.147156
[setup in-reg] rst_ni -> _61971_/D : -37.065014
[setup reg-reg] _60568_/Q -> _61103_/D : -37.050224
[setup reg-reg] _60568_/Q -> _61738_/D : -36.987282
[setup reg-reg] _60568_/Q -> _61733_/D : -36.982613
[setup in-reg] rst_ni -> _61970_/D : -36.980083
[setup in-reg] rst_ni -> _61964_/D : -36.979416
[setup in-reg] rst_ni -> _61968_/D : -36.973717
[setup in-reg] rst_ni -> _61967_/D : -36.972267
[setup in-reg] rst_ni -> _61965_/D : -36.972149
[setup in-reg] rst_ni -> _61969_/D : -36.971680
[setup in-reg] rst_ni -> _61966_/D : -36.879322
[setup reg-reg] _60568_/Q -> _61735_/D : -36.813648
[setup reg-reg] _60568_/Q -> _61109_/D : -36.794884
[setup reg-reg] _60568_/Q -> _61113_/D : -36.764542
[setup reg-reg] _60568_/Q -> _61110_/D : -36.762218
[setup reg-reg] _60568_/Q -> _61742_/D : -36.592442
[setup reg-reg] _60568_/Q -> _61534_/D : -36.558300
[setup reg-reg] _60568_/Q -> _61116_/D : -36.485630
[setup reg-reg] _60568_/Q -> _60275_/D : -36.467102
[setup reg-reg] _60568_/Q -> _61708_/D : -36.435486
[setup reg-reg] _60568_/Q -> _61741_/D : -36.432888
[setup reg-reg] _60568_/Q -> _61702_/D : -36.416405
[setup reg-reg] _60568_/Q -> _61706_/D : -36.410763
[setup reg-reg] _60568_/Q -> _61701_/D : -36.409790
[setup reg-reg] _60568_/Q -> _61707_/D : -36.399742
[setup reg-reg] _60568_/Q -> _61680_/D : -36.376797
[setup reg-reg] _60568_/Q -> _61106_/D : -36.356789
[setup reg-reg] _60568_/Q -> _60274_/D : -36.246071
[setup reg-reg] _60568_/Q -> _61112_/D : -36.201130
[setup reg-reg] _60568_/Q -> _61685_/D : -36.153786
[setup reg-reg] _60568_/Q -> _60272_/D : -36.149872
[setup reg-reg] _60568_/Q -> _61686_/D : -36.110962
[setup reg-reg] _60568_/Q -> _61687_/D : -36.110535
[setup in-reg] rst_ni -> _56580_/D : -36.093582
[setup in-reg] rst_ni -> _56595_/D : -36.092453
[setup in-reg] rst_ni -> _56589_/D : -36.092117
[setup in-reg] rst_ni -> _56586_/D : -36.092056
[setup in-reg] rst_ni -> _56581_/D : -36.091942
[setup in-reg] rst_ni -> _56588_/D : -36.091579
[setup in-reg] rst_ni -> _56587_/D : -36.091030
[setup in-reg] rst_ni -> _56598_/D : -36.090263
[setup in-reg] rst_ni -> _56592_/D : -36.089989
[setup in-reg] rst_ni -> _56590_/D : -36.088894
[setup in-reg] rst_ni -> _56593_/D : -36.088749
[setup in-reg] rst_ni -> _56591_/D : -36.088631
[setup in-reg] rst_ni -> _56594_/D : -36.088467
[setup in-reg] rst_ni -> _56599_/D : -36.088181
[setup in-reg] rst_ni -> _56597_/D : -36.087585
[setup in-reg] rst_ni -> _56583_/D : -36.087444
[setup in-reg] rst_ni -> _56585_/D : -36.086788
[setup in-reg] rst_ni -> _56582_/D : -36.085823
[setup in-reg] rst_ni -> _56584_/D : -36.085285
[setup in-reg] rst_ni -> _56468_/D : -36.083080
[setup in-reg] rst_ni -> _56596_/D : -36.082016
[setup in-reg] rst_ni -> _56466_/D : -36.081738
[setup reg-reg] _60568_/Q -> _61688_/D : -36.081638
[setup in-reg] rst_ni -> _56464_/D : -36.081490
[setup in-reg] rst_ni -> _56462_/D : -36.080627
[setup in-reg] rst_ni -> _56471_/D : -36.080196
[setup in-reg] rst_ni -> _56465_/D : -36.079571
[setup in-reg] rst_ni -> _56467_/D : -36.078476
[setup in-reg] rst_ni -> _56463_/D : -36.077511
[setup in-reg] rst_ni -> _56470_/D : -36.076687
[setup in-reg] rst_ni -> _56469_/D : -36.068699
[setup reg-reg] _60568_/Q -> _60273_/D : -36.065197
[setup reg-reg] _60568_/Q -> _61115_/D : -36.062199
[setup in-reg] rst_ni -> _56644_/D : -36.055695
[setup in-reg] rst_ni -> _56645_/D : -36.055447
[setup in-reg] rst_ni -> _56650_/D : -36.053047
[setup in-reg] rst_ni -> _56653_/D : -36.052635
[setup in-reg] rst_ni -> _56652_/D : -36.051510
[setup in-reg] rst_ni -> _56648_/D : -36.048923
[setup in-reg] rst_ni -> _56649_/D : -36.048939
[setup in-reg] rst_ni -> _56647_/D : -36.046658
[setup in-reg] rst_ni -> _56646_/D : -36.045963
[setup in-reg] rst_ni -> _56651_/D : -36.044884
[setup reg-reg] _60568_/Q -> _61108_/D : -36.002876
[setup in-reg] rst_ni -> _56655_/D : -35.987476
[setup in-reg] rst_ni -> _56659_/D : -35.984928
[setup in-reg] rst_ni -> _56657_/D : -35.983101
[setup in-reg] rst_ni -> _56654_/D : -35.982254
[setup in-reg] rst_ni -> _56662_/D : -35.982170
[setup in-reg] rst_ni -> _56656_/D : -35.981815
[setup in-reg] rst_ni -> _56663_/D : -35.981670
[setup in-reg] rst_ni -> _56658_/D : -35.981003
[setup in-reg] rst_ni -> _56660_/D : -35.977573
[setup in-reg] rst_ni -> _56661_/D : -35.975986
[setup in-reg] rst_ni -> _56472_/D : -35.945442
[setup in-reg] rst_ni -> _56474_/D : -35.943077
[setup in-reg] rst_ni -> _56473_/D : -35.942009
[setup reg-reg] _60568_/Q -> _61220_/D : -35.932652
[setup reg-reg] _60568_/Q -> _60286_/D : -35.911263
[setup in-reg] rst_ni -> _56458_/D : -35.897659
[setup in-reg] rst_ni -> _56459_/D : -35.895794
[setup in-reg] rst_ni -> _56461_/D : -35.894978
[setup in-reg] rst_ni -> _56460_/D : -35.893757
[setup in-reg] rst_ni -> _56453_/D : -35.892506
[setup reg-reg] _60568_/Q -> _61114_/D : -35.891598
[setup in-reg] rst_ni -> _56454_/D : -35.885708
[setup in-reg] rst_ni -> _56447_/D : -35.885578
[setup in-reg] rst_ni -> _56450_/D : -35.884819
[setup in-reg] rst_ni -> _56449_/D : -35.884777
[setup in-reg] rst_ni -> _56451_/D : -35.884037
[setup in-reg] rst_ni -> _56457_/D : -35.883873
[setup in-reg] rst_ni -> _56452_/D : -35.882992
[setup in-reg] rst_ni -> _56456_/D : -35.881493
[setup in-reg] rst_ni -> _56448_/D : -35.880825
[setup in-reg] rst_ni -> _56444_/D : -35.878872
[setup in-reg] rst_ni -> _56446_/D : -35.877571
[setup reg-reg] _60568_/Q -> _59942_/D : -35.875320
[setup in-reg] rst_ni -> _56445_/D : -35.873650
[setup in-reg] rst_ni -> _56640_/D : -35.847229
[setup in-reg] rst_ni -> _56639_/D : -35.847038
[setup in-reg] rst_ni -> _56643_/D : -35.845673
[setup in-reg] rst_ni -> _56641_/D : -35.845425
[setup in-reg] rst_ni -> _56642_/D : -35.845261
[setup in-reg] rst_ni -> _56601_/D : -35.845203
[setup in-reg] rst_ni -> _56637_/D : -35.844593
[setup in-reg] rst_ni -> _56575_/D : -35.843655
[setup in-reg] rst_ni -> _56600_/D : -35.843239
[setup in-reg] rst_ni -> _56577_/D : -35.842705
[setup in-reg] rst_ni -> _56638_/D : -35.841831
[setup in-reg] rst_ni -> _56636_/D : -35.841221
[setup in-reg] rst_ni -> _56578_/D : -35.840805
[setup in-reg] rst_ni -> _56579_/D : -35.840111
[setup in-reg] rst_ni -> _56574_/D : -35.838184
[setup in-reg] rst_ni -> _56576_/D : -35.833645
[setup in-reg] rst_ni -> _56572_/D : -35.832649
[setup in-reg] rst_ni -> _56573_/D : -35.831654
[setup in-reg] rst_ni -> _56665_/D : -35.792099
[setup in-reg] rst_ni -> _56664_/D : -35.786655
[setup in-reg] rst_ni -> _56475_/D : -35.739201
[setup in-reg] rst_ni -> _56455_/D : -35.738567
[setup in-reg] rst_ni -> _56666_/D : -35.696644
[setup in-reg] rst_ni -> _56667_/D : -35.696106
[setup in-reg] rst_ni -> _56603_/D : -35.690746
[setup in-reg] rst_ni -> _56602_/D : -35.688992
[setup reg-reg] _60568_/Q -> _61117_/D : -35.672024
[setup reg-reg] _60568_/Q -> _60284_/D : -35.559803
[setup reg-reg] _60568_/Q -> _60282_/D : -35.516102
[setup reg-reg] _60568_/Q -> _61535_/D : -35.483410
[setup reg-reg] _60568_/Q -> _61107_/D : -35.369740
[setup reg-reg] _60568_/Q -> _60281_/D : -35.356766
[setup reg-reg] _60568_/Q -> _60288_/D : -35.292511
[setup reg-reg] _60568_/Q -> _60285_/D : -35.249294
[setup reg-reg] _60568_/Q -> _60287_/D : -35.223843
[setup reg-reg] _60568_/Q -> _60280_/D : -35.217129
[setup reg-reg] _60568_/Q -> _60276_/D : -35.174885
[setup reg-reg] _60568_/Q -> _60279_/D : -35.169239
[setup reg-reg] _60568_/Q -> _60289_/D : -35.116657
[setup reg-reg] _60568_/Q -> _61217_/D : -35.105843
[setup reg-reg] _60568_/Q -> _60283_/D : -35.070892
[setup reg-reg] _60568_/Q -> _60277_/D : -34.901455
[setup reg-reg] _60568_/Q -> _61132_/D : -34.848896
[setup reg-reg] _60568_/Q -> _60278_/D : -34.699867
[setup reg-reg] _60568_/Q -> _60290_/D : -34.088436
[setup in-reg] rst_ni -> _56485_/D : -33.762390
[setup in-reg] rst_ni -> _56480_/D : -33.761658
[setup in-reg] rst_ni -> _56481_/D : -33.761459
[setup in-reg] rst_ni -> _56479_/D : -33.759380
[setup in-reg] rst_ni -> _56482_/D : -33.758327
[setup in-reg] rst_ni -> _56484_/D : -33.756847
[setup in-reg] rst_ni -> _56483_/D : -33.755344
[setup in-reg] rst_ni -> _56476_/D : -33.753387
[setup in-reg] rst_ni -> _56478_/D : -33.751862
[setup in-reg] rst_ni -> _56477_/D : -33.751400
[setup in-reg] rst_ni -> _56490_/D : -33.710777
[setup reg-reg] _60568_/Q -> _60292_/D : -33.705235
[setup in-reg] rst_ni -> _56487_/D : -33.701767
[setup in-reg] rst_ni -> _56488_/D : -33.700142
[setup in-reg] rst_ni -> _56495_/D : -33.699757
[setup in-reg] rst_ni -> _56493_/D : -33.696999
[setup in-reg] rst_ni -> _56492_/D : -33.696793
[setup in-reg] rst_ni -> _56489_/D : -33.694534
[setup in-reg] rst_ni -> _56494_/D : -33.694519
[setup in-reg] rst_ni -> _56491_/D : -33.694286
[setup in-reg] rst_ni -> _56486_/D : -33.693176
[setup in-reg] rst_ni -> _56503_/D : -33.686909
[setup in-reg] rst_ni -> _56497_/D : -33.685760
[setup in-reg] rst_ni -> _56496_/D : -33.683365
[setup in-reg] rst_ni -> _56426_/D : -33.680695
[setup in-reg] rst_ni -> _56423_/D : -33.680061
[setup in-reg] rst_ni -> _56498_/D : -33.679451
[setup in-reg] rst_ni -> _56500_/D : -33.677574
[setup in-reg] rst_ni -> _56429_/D : -33.677376
[setup in-reg] rst_ni -> _56501_/D : -33.677090
[setup in-reg] rst_ni -> _56428_/D : -33.676720
[setup in-reg] rst_ni -> _56502_/D : -33.675213
[setup in-reg] rst_ni -> _56499_/D : -33.675053
[setup in-reg] rst_ni -> _56430_/D : -33.673660
[setup in-reg] rst_ni -> _56504_/D : -33.670368
[setup in-reg] rst_ni -> _56422_/D : -33.669518
[setup in-reg] rst_ni -> _56505_/D : -33.668713
[setup in-reg] rst_ni -> _56427_/D : -33.664749
[setup in-reg] rst_ni -> _56431_/D : -33.663086
[setup in-reg] rst_ni -> _56424_/D : -33.662277
[setup reg-reg] _60568_/Q -> _60293_/D : -33.661358
[setup in-reg] rst_ni -> _56425_/D : -33.659744
[setup in-reg] rst_ni -> _56417_/D : -33.654419
[setup in-reg] rst_ni -> _56415_/D : -33.654190
[setup in-reg] rst_ni -> _56418_/D : -33.652996
[setup in-reg] rst_ni -> _56420_/D : -33.649265
[setup in-reg] rst_ni -> _56421_/D : -33.647850
[setup in-reg] rst_ni -> _56419_/D : -33.644234
[setup in-reg] rst_ni -> _56412_/D : -33.641663
[setup in-reg] rst_ni -> _56414_/D : -33.641556
[setup in-reg] rst_ni -> _56416_/D : -33.641201
[setup in-reg] rst_ni -> _56413_/D : -33.640179
[setup in-reg] rst_ni -> _56547_/D : -33.617760
[setup in-reg] rst_ni -> _56545_/D : -33.610043
[setup in-reg] rst_ni -> _56560_/D : -33.608906
[setup in-reg] rst_ni -> _56543_/D : -33.608730
[setup in-reg] rst_ni -> _56432_/D : -33.608402
[setup in-reg] rst_ni -> _56546_/D : -33.607449
[setup in-reg] rst_ni -> _56438_/D : -33.606968
[setup in-reg] rst_ni -> _56433_/D : -33.606888
[setup in-reg] rst_ni -> _56542_/D : -33.606613
[setup in-reg] rst_ni -> _56561_/D : -33.605759
[setup in-reg] rst_ni -> _56549_/D : -33.604870
[setup in-reg] rst_ni -> _56439_/D : -33.603870
[setup in-reg] rst_ni -> _56548_/D : -33.603371
[setup in-reg] rst_ni -> _56567_/D : -33.602390
[setup in-reg] rst_ni -> _56544_/D : -33.601788
[setup in-reg] rst_ni -> _56564_/D : -33.601715
[setup in-reg] rst_ni -> _56562_/D : -33.601608
[setup in-reg] rst_ni -> _56554_/D : -33.601219
[setup in-reg] rst_ni -> _56551_/D : -33.600979
[setup in-reg] rst_ni -> _56540_/D : -33.600800
[setup in-reg] rst_ni -> _56435_/D : -33.600132
[setup in-reg] rst_ni -> _56541_/D : -33.600147
[setup in-reg] rst_ni -> _56557_/D : -33.597481
[setup in-reg] rst_ni -> _56434_/D : -33.595051
[setup in-reg] rst_ni -> _56556_/D : -33.594662
[setup in-reg] rst_ni -> _56558_/D : -33.593567
[setup in-reg] rst_ni -> _56566_/D : -33.591461
[setup in-reg] rst_ni -> _56563_/D : -33.590511
[setup in-reg] rst_ni -> _56440_/D : -33.588749
[setup in-reg] rst_ni -> _56436_/D : -33.587925
[setup in-reg] rst_ni -> _56437_/D : -33.587383
[setup in-reg] rst_ni -> _56565_/D : -33.586090
[setup in-reg] rst_ni -> _56555_/D : -33.584530
[setup in-reg] rst_ni -> _56441_/D : -33.584072
[setup in-reg] rst_ni -> _56550_/D : -33.583492
[setup in-reg] rst_ni -> _56552_/D : -33.583023
[setup in-reg] rst_ni -> _56559_/D : -33.582100
[setup in-reg] rst_ni -> _56568_/D : -33.581345
[setup in-reg] rst_ni -> _56569_/D : -33.580338
[setup in-reg] rst_ni -> _56553_/D : -33.578636
[setup in-reg] rst_ni -> _56506_/D : -33.573883
[setup in-reg] rst_ni -> _56507_/D : -33.573536
[setup reg-reg] _60568_/Q -> _61099_/D : -33.527435
[setup in-reg] rst_ni -> _56442_/D : -33.446499
[setup in-reg] rst_ni -> _56443_/D : -33.444481
[setup in-reg] rst_ni -> _56571_/D : -33.442177
[setup in-reg] rst_ni -> _56570_/D : -33.427383
[setup reg-reg] _60568_/Q -> _60291_/D : -33.294926
[setup reg-reg] _60568_/Q -> _61100_/D : -32.257240
[setup reg-reg] _60568_/Q -> _61214_/D : -32.008480
[setup reg-reg] _60568_/Q -> _61216_/D : -31.789413
[setup reg-reg] _60568_/Q -> _61131_/D : -26.684973
[setup reg-reg] _60568_/Q -> _60877_/D : -12.386636
[setup reg-reg] _60568_/Q -> _61844_/D : -11.923504
[setup reg-reg] _60568_/Q -> _61540_/D : -11.920548
[setup reg-reg] _60568_/Q -> _61839_/D : -11.535911
[setup reg-reg] _60568_/Q -> _61841_/D : -11.193038
[setup reg-reg] _60568_/Q -> _61874_/D : -11.121003
[setup reg-reg] _60568_/Q -> _61870_/D : -11.035802
[setup reg-reg] _60568_/Q -> _61865_/D : -10.948605
[setup reg-reg] _60568_/Q -> _61869_/D : -10.948313
[setup reg-reg] _60568_/Q -> _61868_/D : -10.936240
[setup reg-reg] _60568_/Q -> _61866_/D : -10.930180
[setup reg-reg] _60568_/Q -> _61837_/D : -10.906732
[setup reg-reg] _60568_/Q -> _61871_/D : -10.880087
[setup reg-reg] _60568_/Q -> _61478_/D : -10.849113
[setup reg-reg] _60568_/Q -> _61862_/D : -10.819427
[setup reg-reg] _60568_/Q -> _60878_/D : -10.794935
[setup reg-reg] _60568_/Q -> _61864_/D : -10.775758
[setup reg-reg] _60568_/Q -> _61873_/D : -10.742099
[setup reg-reg] _60568_/Q -> _61838_/D : -10.728627
[setup in-reg] rst_ni -> _59043_/D : -9.923028
[setup in-reg] rst_ni -> _59042_/D : -9.921224
[setup in-reg] rst_ni -> _59107_/D : -9.918267
[setup in-reg] rst_ni -> _59106_/D : -9.917670
[setup in-reg] rst_ni -> _58851_/D : -9.917357
[setup in-reg] rst_ni -> _59011_/D : -9.916945
[setup in-reg] rst_ni -> _59010_/D : -9.916789
[setup in-reg] rst_ni -> _58850_/D : -9.915339
[setup in-reg] rst_ni -> _58849_/D : -9.905776
[setup in-reg] rst_ni -> _58848_/D : -9.905762
[setup in-reg] rst_ni -> _58847_/D : -9.904994
[setup in-reg] rst_ni -> _58845_/D : -9.904639
[setup in-reg] rst_ni -> _58846_/D : -9.903914
[setup in-reg] rst_ni -> _58844_/D : -9.903488
[setup in-reg] rst_ni -> _59036_/D : -9.902123
[setup in-reg] rst_ni -> _59100_/D : -9.896951
[setup in-reg] rst_ni -> _59004_/D : -9.896056
[setup in-reg] rst_ni -> _59039_/D : -9.895999
[setup in-reg] rst_ni -> _58947_/D : -9.895019
[setup in-reg] rst_ni -> _59037_/D : -9.894919
[setup in-reg] rst_ni -> _58946_/D : -9.894237
[setup in-reg] rst_ni -> _59038_/D : -9.892119
[setup in-reg] rst_ni -> _59040_/D : -9.891778
[setup in-reg] rst_ni -> _59103_/D : -9.890769
[setup in-reg] rst_ni -> _59041_/D : -9.890087
[setup in-reg] rst_ni -> _59007_/D : -9.889860
[setup in-reg] rst_ni -> _59101_/D : -9.889832
[setup in-reg] rst_ni -> _59005_/D : -9.888851
[setup in-reg] rst_ni -> _59102_/D : -9.886975
[setup in-reg] rst_ni -> _59104_/D : -9.886662
[setup in-reg] rst_ni -> _59006_/D : -9.885981
[setup in-reg] rst_ni -> _59008_/D : -9.885738
[setup in-reg] rst_ni -> _59105_/D : -9.885000
[setup in-reg] rst_ni -> _59009_/D : -9.884090
[setup in-reg] rst_ni -> _58914_/D : -9.874995
[setup in-reg] rst_ni -> _58915_/D : -9.874938
[setup in-reg] rst_ni -> _58940_/D : -9.873219
[setup in-reg] rst_ni -> _58979_/D : -9.868601
[setup in-reg] rst_ni -> _58978_/D : -9.867734
[setup in-reg] rst_ni -> _58943_/D : -9.867166
[setup in-reg] rst_ni -> _58941_/D : -9.865772
[setup in-reg] rst_ni -> _58942_/D : -9.863157
[setup in-reg] rst_ni -> _58944_/D : -9.862959
[setup in-reg] rst_ni -> _58945_/D : -9.861239
[setup in-reg] rst_ni -> _58908_/D : -9.852358
[setup in-reg] rst_ni -> _58911_/D : -9.846318
[setup in-reg] rst_ni -> _58972_/D : -9.846034
[setup in-reg] rst_ni -> _58909_/D : -9.845195
[setup in-reg] rst_ni -> _58910_/D : -9.842452
[setup in-reg] rst_ni -> _58912_/D : -9.842211
[setup in-reg] rst_ni -> _58913_/D : -9.840605
[setup in-reg] rst_ni -> _58975_/D : -9.839894
[setup in-reg] rst_ni -> _58973_/D : -9.838545
[setup in-reg] rst_ni -> _58974_/D : -9.836029
[setup in-reg] rst_ni -> _58976_/D : -9.835745
[setup in-reg] rst_ni -> _58977_/D : -9.834139
[setup reg-reg] _60568_/Q -> _61854_/D : -9.791429
[setup reg-reg] _60568_/Q -> _61846_/D : -9.767519
[setup in-reg] rst_ni -> _59266_/D : -9.696351
[setup in-reg] rst_ni -> _59267_/D : -9.695498
[setup in-reg] rst_ni -> _59394_/D : -9.694517
[setup in-reg] rst_ni -> _59395_/D : -9.693636
[setup in-reg] rst_ni -> _59074_/D : -9.682396
[setup in-reg] rst_ni -> _59075_/D : -9.680321
[setup reg-reg] _60568_/Q -> _61857_/D : -9.673066
[setup in-reg] rst_ni -> _59260_/D : -9.670004
[setup in-reg] rst_ni -> _59262_/D : -9.668369
[setup in-reg] rst_ni -> _59388_/D : -9.668157
[setup in-reg] rst_ni -> _59261_/D : -9.668056
[setup in-reg] rst_ni -> _59390_/D : -9.666565
[setup in-reg] rst_ni -> _58882_/D : -9.666465
[setup in-reg] rst_ni -> _59263_/D : -9.666451
[setup in-reg] rst_ni -> _59389_/D : -9.666238
[setup in-reg] rst_ni -> _59391_/D : -9.664660
[setup in-reg] rst_ni -> _58883_/D : -9.664391
[setup in-reg] rst_ni -> _59265_/D : -9.663168
[setup in-reg] rst_ni -> _59264_/D : -9.662543
[setup in-reg] rst_ni -> _59393_/D : -9.661207
[setup in-reg] rst_ni -> _59392_/D : -9.660567
[setup in-reg] rst_ni -> _59068_/D : -9.657740
[setup in-reg] rst_ni -> _59071_/D : -9.651615
[setup in-reg] rst_ni -> _59069_/D : -9.650421
[setup in-reg] rst_ni -> _59138_/D : -9.648119
[setup in-reg] rst_ni -> _59070_/D : -9.647736
[setup in-reg] rst_ni -> _59072_/D : -9.647635
[setup in-reg] rst_ni -> _59139_/D : -9.646058
[setup in-reg] rst_ni -> _59073_/D : -9.645746
[setup in-reg] rst_ni -> _58876_/D : -9.641781
[setup in-reg] rst_ni -> _58879_/D : -9.635713
[setup in-reg] rst_ni -> _58877_/D : -9.634619
[setup in-reg] rst_ni -> _58878_/D : -9.631847
[setup in-reg] rst_ni -> _58880_/D : -9.631691
[setup in-reg] rst_ni -> _58881_/D : -9.630029
[setup in-reg] rst_ni -> _59683_/D : -9.627030
[setup in-reg] rst_ni -> _59132_/D : -9.623464
[setup in-reg] rst_ni -> _59682_/D : -9.621858
[setup in-reg] rst_ni -> _59747_/D : -9.617295
[setup in-reg] rst_ni -> _59135_/D : -9.617253
[setup in-reg] rst_ni -> _59133_/D : -9.616187
[setup in-reg] rst_ni -> _59134_/D : -9.613459
[setup in-reg] rst_ni -> _59136_/D : -9.613174
[setup in-reg] rst_ni -> _59746_/D : -9.612095
[setup in-reg] rst_ni -> _59137_/D : -9.611554
[setup in-reg] rst_ni -> _59587_/D : -9.607448
[setup in-reg] rst_ni -> _59715_/D : -9.605642
[setup in-reg] rst_ni -> _59586_/D : -9.602246
[setup in-reg] rst_ni -> _59714_/D : -9.600470
[setup in-reg] rst_ni -> _59677_/D : -9.599219
[setup in-reg] rst_ni -> _59490_/D : -9.598637
[setup in-reg] rst_ni -> _59491_/D : -9.597770
[setup in-reg] rst_ni -> _59681_/D : -9.595894
[setup in-reg] rst_ni -> _59619_/D : -9.594899
[setup in-reg] rst_ni -> _59523_/D : -9.594786
[setup in-reg] rst_ni -> _59678_/D : -9.593990
[setup in-reg] rst_ni -> _59779_/D : -9.593890
[setup in-reg] rst_ni -> _59676_/D : -9.592739
[setup in-reg] rst_ni -> _59680_/D : -9.591588
[setup in-reg] rst_ni -> _59679_/D : -9.591546
[setup in-reg] rst_ni -> _59618_/D : -9.589741
[setup in-reg] rst_ni -> _59522_/D : -9.589627
[setup in-reg] rst_ni -> _59741_/D : -9.589399
[setup in-reg] rst_ni -> _59778_/D : -9.588675
[setup in-reg] rst_ni -> _59745_/D : -9.586330
[setup in-reg] rst_ni -> _59742_/D : -9.584255
[setup in-reg] rst_ni -> _59740_/D : -9.582791
[setup in-reg] rst_ni -> _59744_/D : -9.581897
[setup in-reg] rst_ni -> _59743_/D : -9.581300
[setup in-reg] rst_ni -> _59651_/D : -9.580561
[setup in-reg] rst_ni -> _59555_/D : -9.579906
[setup in-reg] rst_ni -> _59581_/D : -9.579438
[setup in-reg] rst_ni -> _59709_/D : -9.577832
[setup in-reg] rst_ni -> _59585_/D : -9.576255
[setup in-reg] rst_ni -> _59650_/D : -9.575417
[setup in-reg] rst_ni -> _59554_/D : -9.574720
[setup in-reg] rst_ni -> _59713_/D : -9.574606
[setup in-reg] rst_ni -> _59582_/D : -9.574408
[setup in-reg] rst_ni -> _59580_/D : -9.573256
[setup in-reg] rst_ni -> _59584_/D : -9.573114
[setup in-reg] rst_ni -> _59710_/D : -9.572617
[setup in-reg] rst_ni -> _59484_/D : -9.572248
[setup in-reg] rst_ni -> _59583_/D : -9.571451
[setup in-reg] rst_ni -> _59708_/D : -9.571338
[setup in-reg] rst_ni -> _59486_/D : -9.570570
[setup in-reg] rst_ni -> _59485_/D : -9.570357
[setup in-reg] rst_ni -> _59712_/D : -9.570201
[setup in-reg] rst_ni -> _59711_/D : -9.569675
[setup in-reg] rst_ni -> _59487_/D : -9.568666
[setup in-reg] rst_ni -> _59613_/D : -9.566989
[setup in-reg] rst_ni -> _59517_/D : -9.566961
[setup in-reg] rst_ni -> _59773_/D : -9.566037
[setup in-reg] rst_ni -> _59489_/D : -9.565412
[setup in-reg] rst_ni -> _59488_/D : -9.564744
[setup in-reg] rst_ni -> _59202_/D : -9.564460
[setup in-reg] rst_ni -> _59617_/D : -9.563820
[setup in-reg] rst_ni -> _59203_/D : -9.563593
[setup in-reg] rst_ni -> _59521_/D : -9.563564
[setup reg-reg] _60568_/Q -> _61860_/D : -9.563479
[setup in-reg] rst_ni -> _59777_/D : -9.562854
[setup in-reg] rst_ni -> _59458_/D : -9.562512
[setup in-reg] rst_ni -> _59614_/D : -9.561816
[setup in-reg] rst_ni -> _59518_/D : -9.561802
[setup in-reg] rst_ni -> _59459_/D : -9.561646
[setup in-reg] rst_ni -> _59774_/D : -9.560765
[setup in-reg] rst_ni -> _59612_/D : -9.560737
[setup in-reg] rst_ni -> _59516_/D : -9.560609
[setup in-reg] rst_ni -> _59772_/D : -9.559628
[setup in-reg] rst_ni -> _59616_/D : -9.559500
[setup in-reg] rst_ni -> _59520_/D : -9.559343
[setup in-reg] rst_ni -> _59615_/D : -9.558889
[setup in-reg] rst_ni -> _59519_/D : -9.558733
[setup in-reg] rst_ni -> _59776_/D : -9.558392
[setup in-reg] rst_ni -> _59775_/D : -9.557866
[setup in-reg] rst_ni -> _58997_/D : -9.556587
[setup in-reg] rst_ni -> _58996_/D : -9.555507
[setup in-reg] rst_ni -> _59426_/D : -9.554413
[setup in-reg] rst_ni -> _59427_/D : -9.553560
[setup in-reg] rst_ni -> _59645_/D : -9.552551
[setup in-reg] rst_ni -> _59001_/D : -9.552523
[setup in-reg] rst_ni -> _59549_/D : -9.552011
[setup in-reg] rst_ni -> _59125_/D : -9.550618
[setup in-reg] rst_ni -> _58998_/D : -9.550406
[setup in-reg] rst_ni -> _59003_/D : -9.550121
[setup in-reg] rst_ni -> _58999_/D : -9.550007
[setup in-reg] rst_ni -> _59124_/D : -9.549553
[setup in-reg] rst_ni -> _59649_/D : -9.549438
[setup in-reg] rst_ni -> _58965_/D : -9.548870
[setup in-reg] rst_ni -> _59553_/D : -9.548785
[setup in-reg] rst_ni -> _58964_/D : -9.547805
[setup in-reg] rst_ni -> _59646_/D : -9.547606
[setup in-reg] rst_ni -> _59002_/D : -9.546909
[setup in-reg] rst_ni -> _59000_/D : -9.546881
[setup in-reg] rst_ni -> _59550_/D : -9.546838
[setup in-reg] rst_ni -> _59129_/D : -9.546568
[setup in-reg] rst_ni -> _59644_/D : -9.546398
[setup in-reg] rst_ni -> _59548_/D : -9.545715
[setup in-reg] rst_ni -> _59648_/D : -9.545076
[setup in-reg] rst_ni -> _58969_/D : -9.544863
[setup in-reg] rst_ni -> _59647_/D : -9.544550
[setup in-reg] rst_ni -> _59126_/D : -9.544536
[setup in-reg] rst_ni -> _59552_/D : -9.544408
[setup in-reg] rst_ni -> _59127_/D : -9.544039
[setup in-reg] rst_ni -> _59551_/D : -9.543897
[setup in-reg] rst_ni -> _59131_/D : -9.542803
[setup in-reg] rst_ni -> _58966_/D : -9.542760
[setup in-reg] rst_ni -> _58967_/D : -9.542319
[setup in-reg] rst_ni -> _58971_/D : -9.541097
[setup in-reg] rst_ni -> _59128_/D : -9.541012
[setup in-reg] rst_ni -> _59130_/D : -9.540955
[setup in-reg] rst_ni -> _58970_/D : -9.539278
[setup in-reg] rst_ni -> _58968_/D : -9.539264
[setup in-reg] rst_ni -> _59196_/D : -9.538042
[setup in-reg] rst_ni -> _59198_/D : -9.536465
[setup in-reg] rst_ni -> _59452_/D : -9.536123
[setup in-reg] rst_ni -> _59362_/D : -9.536066
[setup in-reg] rst_ni -> _59197_/D : -9.535910
[setup in-reg] rst_ni -> _59363_/D : -9.535186
[setup in-reg] rst_ni -> _59454_/D : -9.534503
[setup in-reg] rst_ni -> _59199_/D : -9.534474
[setup in-reg] rst_ni -> _59453_/D : -9.534091
[setup in-reg] rst_ni -> _59455_/D : -9.532585
[setup in-reg] rst_ni -> _59201_/D : -9.530979
[setup in-reg] rst_ni -> _59200_/D : -9.530453
[setup in-reg] rst_ni -> _59298_/D : -9.529899
[setup in-reg] rst_ni -> _59457_/D : -9.529231
[setup in-reg] rst_ni -> _59299_/D : -9.529032
[setup in-reg] rst_ni -> _59330_/D : -9.528663
[setup in-reg] rst_ni -> _59456_/D : -9.528620
[setup in-reg] rst_ni -> _59420_/D : -9.527981
[setup in-reg] rst_ni -> _59331_/D : -9.527810
[setup in-reg] rst_ni -> _59422_/D : -9.526418
[setup in-reg] rst_ni -> _59421_/D : -9.526233
[setup in-reg] rst_ni -> _59170_/D : -9.525721
[setup in-reg] rst_ni -> _59423_/D : -9.524456
[setup in-reg] rst_ni -> _59171_/D : -9.523688
[setup in-reg] rst_ni -> _59425_/D : -9.521131
[setup in-reg] rst_ni -> _59424_/D : -9.520534
[setup in-reg] rst_ni -> _59234_/D : -9.519795
[setup in-reg] rst_ni -> _59413_/D : -9.519553
[setup in-reg] rst_ni -> _59235_/D : -9.518942
[setup in-reg] rst_ni -> _59412_/D : -9.515916
[setup in-reg] rst_ni -> _59419_/D : -9.515020
[setup in-reg] rst_ni -> _59415_/D : -9.514765
[setup in-reg] rst_ni -> _59418_/D : -9.511454
[setup in-reg] rst_ni -> _59417_/D : -9.510729
[setup in-reg] rst_ni -> _59356_/D : -9.509762
[setup in-reg] rst_ni -> _59414_/D : -9.509620
[setup in-reg] rst_ni -> _59416_/D : -9.508725
[setup in-reg] rst_ni -> _59358_/D : -9.508100
[setup in-reg] rst_ni -> _59357_/D : -9.507844
[setup in-reg] rst_ni -> _59359_/D : -9.506252
[setup in-reg] rst_ni -> _59397_/D : -9.505713
[setup in-reg] rst_ni -> _59292_/D : -9.503495
[setup in-reg] rst_ni -> _59398_/D : -9.503182
[setup in-reg] rst_ni -> _59361_/D : -9.502970
[setup in-reg] rst_ni -> _59324_/D : -9.502231
[setup in-reg] rst_ni -> _59360_/D : -9.502216
[setup in-reg] rst_ni -> _59294_/D : -9.501819
[setup in-reg] rst_ni -> _59293_/D : -9.501605
[setup in-reg] rst_ni -> _59164_/D : -9.501080
[setup in-reg] rst_ni -> _59326_/D : -9.500596
[setup in-reg] rst_ni -> _59325_/D : -9.500269
[setup in-reg] rst_ni -> _59295_/D : -9.500028
[setup in-reg] rst_ni -> _59327_/D : -9.498749
[setup in-reg] rst_ni -> _59297_/D : -9.496674
[setup in-reg] rst_ni -> _59296_/D : -9.496105
[setup in-reg] rst_ni -> _59329_/D : -9.495438
[setup in-reg] rst_ni -> _59328_/D : -9.494912
[setup in-reg] rst_ni -> _59167_/D : -9.494884
[setup in-reg] rst_ni -> _59165_/D : -9.493803
[setup in-reg] rst_ni -> _59269_/D : -9.493605
[setup in-reg] rst_ni -> _59228_/D : -9.493377
[setup in-reg] rst_ni -> _59230_/D : -9.491785
[setup in-reg] rst_ni -> _59229_/D : -9.491501
[setup in-reg] rst_ni -> _59270_/D : -9.491202
[setup in-reg] rst_ni -> _59166_/D : -9.491033
[setup in-reg] rst_ni -> _59168_/D : -9.490677
[setup in-reg] rst_ni -> _59231_/D : -9.489882
[setup in-reg] rst_ni -> _59169_/D : -9.489171
[setup in-reg] rst_ni -> _59233_/D : -9.486598
[setup in-reg] rst_ni -> _59232_/D : -9.485959
[setup in-reg] rst_ni -> _59402_/D : -9.472260
[setup in-reg] rst_ni -> _59396_/D : -9.471705
[setup in-reg] rst_ni -> _59403_/D : -9.470881
[setup in-reg] rst_ni -> _59399_/D : -9.470839
[setup in-reg] rst_ni -> _59401_/D : -9.470526
[setup in-reg] rst_ni -> _59573_/D : -9.470256
[setup in-reg] rst_ni -> _59578_/D : -9.469858
[setup in-reg] rst_ni -> _59579_/D : -9.469375
[setup in-reg] rst_ni -> _59574_/D : -9.468977
[setup in-reg] rst_ni -> _59572_/D : -9.468920
[setup in-reg] rst_ni -> _59575_/D : -9.468209
[setup in-reg] rst_ni -> _59577_/D : -9.466660
[setup in-reg] rst_ni -> _59400_/D : -9.466376
[setup in-reg] rst_ni -> _59576_/D : -9.466277
[setup in-reg] rst_ni -> _59274_/D : -9.460337
[setup in-reg] rst_ni -> _59268_/D : -9.459683
[setup in-reg] rst_ni -> _59271_/D : -9.458817
[setup in-reg] rst_ni -> _59275_/D : -9.458802
[setup in-reg] rst_ni -> _59273_/D : -9.458574
[setup in-reg] rst_ni -> _59285_/D : -9.456841
[setup in-reg] rst_ni -> _59669_/D : -9.456713
[setup in-reg] rst_ni -> _59675_/D : -9.456216
[setup in-reg] rst_ni -> _59674_/D : -9.456144
[setup in-reg] rst_ni -> _59670_/D : -9.455477
[setup in-reg] rst_ni -> _59668_/D : -9.455378
[setup in-reg] rst_ni -> _59671_/D : -9.454723
[setup in-reg] rst_ni -> _59272_/D : -9.454396
[setup in-reg] rst_ni -> _59284_/D : -9.453302
[setup in-reg] rst_ni -> _59673_/D : -9.453175
[setup in-reg] rst_ni -> _59672_/D : -9.452919
[setup in-reg] rst_ni -> _59291_/D : -9.452464
[setup in-reg] rst_ni -> _59287_/D : -9.452180
[setup reg-reg] _60568_/Q -> _61855_/D : -9.449209
[setup in-reg] rst_ni -> _59290_/D : -9.448869
[setup in-reg] rst_ni -> _59286_/D : -9.447050
[setup in-reg] rst_ni -> _59288_/D : -9.446623
[setup in-reg] rst_ni -> _59289_/D : -9.445657
[setup in-reg] rst_ni -> _59029_/D : -9.423446
[setup in-reg] rst_ni -> _59028_/D : -9.422379
[setup in-reg] rst_ni -> _59061_/D : -9.421158
[setup in-reg] rst_ni -> _59060_/D : -9.420106
[setup in-reg] rst_ni -> _59033_/D : -9.419452
[setup in-reg] rst_ni -> _59030_/D : -9.417335
[setup in-reg] rst_ni -> _59065_/D : -9.417192
[setup in-reg] rst_ni -> _59031_/D : -9.416923
[setup in-reg] rst_ni -> _58869_/D : -9.415714
[setup in-reg] rst_ni -> _59035_/D : -9.415629
[setup in-reg] rst_ni -> _59062_/D : -9.415075
[setup in-reg] rst_ni -> _58875_/D : -9.414847
[setup in-reg] rst_ni -> _59063_/D : -9.414663
[setup in-reg] rst_ni -> _58871_/D : -9.414421
[setup in-reg] rst_ni -> _58870_/D : -9.414251
[setup in-reg] rst_ni -> _58874_/D : -9.413939
[setup in-reg] rst_ni -> _59032_/D : -9.413896
[setup in-reg] rst_ni -> _58873_/D : -9.413839
[setup in-reg] rst_ni -> _59034_/D : -9.413825
[setup in-reg] rst_ni -> _58868_/D : -9.413384
[setup in-reg] rst_ni -> _59067_/D : -9.412844
[setup in-reg] rst_ni -> _58872_/D : -9.412716
[setup in-reg] rst_ni -> _59066_/D : -9.411608
[setup in-reg] rst_ni -> _59064_/D : -9.411565
[setup in-reg] rst_ni -> _59557_/D : -9.372415
[setup in-reg] rst_ni -> _59558_/D : -9.369572
[setup in-reg] rst_ni -> _59781_/D : -9.363816
[setup in-reg] rst_ni -> _58981_/D : -9.362751
[setup in-reg] rst_ni -> _59782_/D : -9.361543
[setup in-reg] rst_ni -> _59045_/D : -9.360292
[setup in-reg] rst_ni -> _59046_/D : -9.357194
[setup in-reg] rst_ni -> _58982_/D : -9.356668
[setup in-reg] rst_ni -> _59835_/D : -9.355247
[setup in-reg] rst_ni -> _59829_/D : -9.354323
[setup in-reg] rst_ni -> _59834_/D : -9.353911
[setup in-reg] rst_ni -> _59830_/D : -9.353045
[setup in-reg] rst_ni -> _59828_/D : -9.352875
[setup in-reg] rst_ni -> _59831_/D : -9.352348
[setup in-reg] rst_ni -> _59833_/D : -9.350828
[setup in-reg] rst_ni -> _59832_/D : -9.350586
[setup in-reg] rst_ni -> _59013_/D : -9.349719
[setup in-reg] rst_ni -> _59109_/D : -9.349364
[setup in-reg] rst_ni -> _58949_/D : -9.348825
[setup in-reg] rst_ni -> _59014_/D : -9.346593
[setup in-reg] rst_ni -> _59685_/D : -9.345996
[setup in-reg] rst_ni -> _59653_/D : -9.345783
[setup in-reg] rst_ni -> _59805_/D : -9.344959
[setup in-reg] rst_ni -> _59686_/D : -9.343737
[setup in-reg] rst_ni -> _58950_/D : -9.343580
[setup in-reg] rst_ni -> _59110_/D : -9.343524
[setup in-reg] rst_ni -> _59654_/D : -9.343524
[setup in-reg] rst_ni -> _59811_/D : -9.343424
[setup in-reg] rst_ni -> _59749_/D : -9.343055
[setup in-reg] rst_ni -> _59810_/D : -9.342898
[setup in-reg] rst_ni -> _59809_/D : -9.341904
[setup in-reg] rst_ni -> _59750_/D : -9.340796
[setup in-reg] rst_ni -> _59806_/D : -9.340014
[setup in-reg] rst_ni -> _59804_/D : -9.338834
[setup in-reg] rst_ni -> _59559_/D : -9.337839
[setup in-reg] rst_ni -> _59808_/D : -9.337399
[setup in-reg] rst_ni -> _59556_/D : -9.337342
[setup in-reg] rst_ni -> _59807_/D : -9.337086
[setup in-reg] rst_ni -> _59562_/D : -9.337058
[setup in-reg] rst_ni -> _59561_/D : -9.336205
[setup in-reg] rst_ni -> _59563_/D : -9.334812
[setup in-reg] rst_ni -> _59560_/D : -9.334116
[setup in-reg] rst_ni -> _58853_/D : -9.333008
[setup in-reg] rst_ni -> _58854_/D : -9.332994
[setup in-reg] rst_ni -> _59189_/D : -9.331956
[setup in-reg] rst_ni -> _59188_/D : -9.330990
[setup in-reg] rst_ni -> _58980_/D : -9.330933
[setup in-reg] rst_ni -> _58987_/D : -9.329867
[setup in-reg] rst_ni -> _58984_/D : -9.329767
[setup in-reg] rst_ni -> _58986_/D : -9.329611
[setup in-reg] rst_ni -> _59783_/D : -9.329256
[setup in-reg] rst_ni -> _59780_/D : -9.328773
[setup in-reg] rst_ni -> _59044_/D : -9.328630
[setup in-reg] rst_ni -> _59541_/D : -9.328531
[setup in-reg] rst_ni -> _59786_/D : -9.328488
[setup in-reg] rst_ni -> _59546_/D : -9.328076
[setup in-reg] rst_ni -> _59193_/D : -9.327863
[setup in-reg] rst_ni -> _58985_/D : -9.327835
[setup in-reg] rst_ni -> _59785_/D : -9.327707
[setup in-reg] rst_ni -> _59051_/D : -9.327465
[setup in-reg] rst_ni -> _59547_/D : -9.327380
[setup in-reg] rst_ni -> _59048_/D : -9.327366
[setup in-reg] rst_ni -> _59542_/D : -9.327238
[setup in-reg] rst_ni -> _59050_/D : -9.327209
[setup in-reg] rst_ni -> _59540_/D : -9.327181
[setup in-reg] rst_ni -> _58983_/D : -9.326556
[setup in-reg] rst_ni -> _59543_/D : -9.326470
[setup in-reg] rst_ni -> _59787_/D : -9.326314
[setup in-reg] rst_ni -> _59190_/D : -9.325774
[setup in-reg] rst_ni -> _59195_/D : -9.325760
[setup in-reg] rst_ni -> _59191_/D : -9.325519
[setup in-reg] rst_ni -> _59784_/D : -9.325519
[setup in-reg] rst_ni -> _59049_/D : -9.325362
[setup in-reg] rst_ni -> _59545_/D : -9.324765
[setup in-reg] rst_ni -> _59544_/D : -9.324481
[setup in-reg] rst_ni -> _58852_/D : -9.324183
[setup in-reg] rst_ni -> _59047_/D : -9.324125
[setup in-reg] rst_ni -> _58857_/D : -9.323116
[setup in-reg] rst_ni -> _59349_/D : -9.323046
[setup in-reg] rst_ni -> _58858_/D : -9.322932
[setup in-reg] rst_ni -> _58855_/D : -9.322392
[setup in-reg] rst_ni -> _58856_/D : -9.322335
[setup in-reg] rst_ni -> _59192_/D : -9.322278
[setup in-reg] rst_ni -> _59194_/D : -9.322136
[setup in-reg] rst_ni -> _58859_/D : -9.321056
[setup in-reg] rst_ni -> _59348_/D : -9.319407
[setup in-reg] rst_ni -> _59351_/D : -9.318143
[setup in-reg] rst_ni -> _59012_/D : -9.318044
[setup in-reg] rst_ni -> _59108_/D : -9.317517
[setup in-reg] rst_ni -> _59355_/D : -9.317035
[setup in-reg] rst_ni -> _58948_/D : -9.316992
[setup in-reg] rst_ni -> _59019_/D : -9.316907
[setup in-reg] rst_ni -> _59016_/D : -9.316807
[setup in-reg] rst_ni -> _59018_/D : -9.316650
[setup in-reg] rst_ni -> _59115_/D : -9.316580
[setup in-reg] rst_ni -> _59112_/D : -9.316395
[setup in-reg] rst_ni -> _59114_/D : -9.316238
[setup in-reg] rst_ni -> _59509_/D : -9.316082
[setup in-reg] rst_ni -> _58955_/D : -9.315997
[setup in-reg] rst_ni -> _58952_/D : -9.315798
[setup in-reg] rst_ni -> _58954_/D : -9.315628
[setup in-reg] rst_ni -> _59017_/D : -9.314817
[setup in-reg] rst_ni -> _59354_/D : -9.314803
[setup in-reg] rst_ni -> _59113_/D : -9.314490
[setup in-reg] rst_ni -> _58953_/D : -9.313880
[setup in-reg] rst_ni -> _59015_/D : -9.313553
[setup in-reg] rst_ni -> _59353_/D : -9.313226
[setup in-reg] rst_ni -> _59381_/D : -9.313184
[setup in-reg] rst_ni -> _59111_/D : -9.313169
[setup in-reg] rst_ni -> _59350_/D : -9.313155
[setup in-reg] rst_ni -> _59508_/D : -9.312615
[setup in-reg] rst_ni -> _58951_/D : -9.312544
[setup in-reg] rst_ni -> _59352_/D : -9.312146
[setup in-reg] rst_ni -> _59797_/D : -9.311648
[setup in-reg] rst_ni -> _59687_/D : -9.311450
[setup in-reg] rst_ni -> _59515_/D : -9.311421
[setup in-reg] rst_ni -> _59802_/D : -9.311279
[setup in-reg] rst_ni -> _59511_/D : -9.311265
[setup in-reg] rst_ni -> _59803_/D : -9.311222
[setup in-reg] rst_ni -> _59655_/D : -9.311193
[setup in-reg] rst_ni -> _59684_/D : -9.311037
[setup in-reg] rst_ni -> _59652_/D : -9.310753
[setup in-reg] rst_ni -> _59690_/D : -9.310740
[setup in-reg] rst_ni -> _59658_/D : -9.310526
[setup in-reg] rst_ni -> _59798_/D : -9.310355
[setup in-reg] rst_ni -> _59796_/D : -9.310213
[setup in-reg] rst_ni -> _59689_/D : -9.309873
[setup in-reg] rst_ni -> _59657_/D : -9.309588
[setup in-reg] rst_ni -> _59799_/D : -9.309546
[setup in-reg] rst_ni -> _59380_/D : -9.309403
[setup in-reg] rst_ni -> _59513_/D : -9.308949
[setup in-reg] rst_ni -> _59751_/D : -9.308537
[setup in-reg] rst_ni -> _59387_/D : -9.308409
[setup in-reg] rst_ni -> _59691_/D : -9.308409
[setup in-reg] rst_ni -> _59383_/D : -9.308295
[setup in-reg] rst_ni -> _59659_/D : -9.308181
[setup in-reg] rst_ni -> _59748_/D : -9.308096
[setup in-reg] rst_ni -> _59514_/D : -9.307882
[setup in-reg] rst_ni -> _59733_/D : -9.307882
[setup in-reg] rst_ni -> _59801_/D : -9.307840
[setup in-reg] rst_ni -> _59754_/D : -9.307713
[setup in-reg] rst_ni -> _59688_/D : -9.307670
[setup in-reg] rst_ni -> _59800_/D : -9.307641
[setup in-reg] rst_ni -> _59738_/D : -9.307627
[setup in-reg] rst_ni -> _59739_/D : -9.307627
[setup in-reg] rst_ni -> _59512_/D : -9.307528
[setup in-reg] rst_ni -> _59656_/D : -9.307499
[setup in-reg] rst_ni -> _59753_/D : -9.306902
[setup in-reg] rst_ni -> _59734_/D : -9.306817
[setup in-reg] rst_ni -> _59732_/D : -9.306788
[setup in-reg] rst_ni -> _59510_/D : -9.306277
[setup in-reg] rst_ni -> _59735_/D : -9.306006
[setup in-reg] rst_ni -> _59445_/D : -9.305979
[setup in-reg] rst_ni -> _59755_/D : -9.305580
[setup in-reg] rst_ni -> _59221_/D : -9.305098
[setup in-reg] rst_ni -> _59386_/D : -9.304855
[setup in-reg] rst_ni -> _59752_/D : -9.304756
[setup in-reg] rst_ni -> _59737_/D : -9.304301
[setup in-reg] rst_ni -> _59385_/D : -9.304274
[setup in-reg] rst_ni -> _59637_/D : -9.304173
[setup in-reg] rst_ni -> _59643_/D : -9.304003
[setup in-reg] rst_ni -> _59736_/D : -9.303975
[setup in-reg] rst_ni -> _59642_/D : -9.303804
[setup in-reg] rst_ni -> _59813_/D : -9.303250
[setup in-reg] rst_ni -> _59382_/D : -9.303179
[setup in-reg] rst_ni -> _59638_/D : -9.302838
[setup in-reg] rst_ni -> _59227_/D : -9.302738
[setup in-reg] rst_ni -> _59636_/D : -9.302738
[setup in-reg] rst_ni -> _59444_/D : -9.302383
[setup in-reg] rst_ni -> _59384_/D : -9.302155
[setup in-reg] rst_ni -> _59639_/D : -9.301985
[setup in-reg] rst_ni -> _59220_/D : -9.301317
[setup in-reg] rst_ni -> _59447_/D : -9.301274
[setup in-reg] rst_ni -> _59605_/D : -9.301260
[setup in-reg] rst_ni -> _59611_/D : -9.301019
[setup in-reg] rst_ni -> _59610_/D : -9.300948
[setup in-reg] rst_ni -> _59641_/D : -9.300522
[setup in-reg] rst_ni -> _59451_/D : -9.300450
[setup in-reg] rst_ni -> _59223_/D : -9.300209
[setup in-reg] rst_ni -> _59606_/D : -9.300166
[setup in-reg] rst_ni -> _59640_/D : -9.300123
[setup in-reg] rst_ni -> _59604_/D : -9.299811
[setup in-reg] rst_ni -> _59607_/D : -9.299214
[setup in-reg] rst_ni -> _59765_/D : -9.298816
[setup in-reg] rst_ni -> _59770_/D : -9.298447
[setup in-reg] rst_ni -> _59771_/D : -9.298418
[setup in-reg] rst_ni -> _59449_/D : -9.298049
[setup in-reg] rst_ni -> _59450_/D : -9.297921
[setup in-reg] rst_ni -> _59609_/D : -9.297750
[setup in-reg] rst_ni -> _59766_/D : -9.297608
[setup in-reg] rst_ni -> _59764_/D : -9.297466
[setup in-reg] rst_ni -> _59608_/D : -9.297353
[setup in-reg] rst_ni -> _59701_/D : -9.296983
[setup in-reg] rst_ni -> _59767_/D : -9.296855
[setup in-reg] rst_ni -> _59226_/D : -9.296770
[setup in-reg] rst_ni -> _59317_/D : -9.296756
[setup in-reg] rst_ni -> _59706_/D : -9.296684
[setup in-reg] rst_ni -> _59707_/D : -9.296187
[setup in-reg] rst_ni -> _59446_/D : -9.296074
[setup in-reg] rst_ni -> _59225_/D : -9.295875
[setup in-reg] rst_ni -> _59702_/D : -9.295690
[setup in-reg] rst_ni -> _59700_/D : -9.295605
[setup in-reg] rst_ni -> _59157_/D : -9.295506
[setup in-reg] rst_ni -> _59448_/D : -9.295207
[setup in-reg] rst_ni -> _59222_/D : -9.295135
[setup in-reg] rst_ni -> _59769_/D : -9.295121
[setup in-reg] rst_ni -> _59224_/D : -9.295093
[setup in-reg] rst_ni -> _59703_/D : -9.295022
[setup in-reg] rst_ni -> _59768_/D : -9.294738
[setup in-reg] rst_ni -> _59156_/D : -9.294497
[setup in-reg] rst_ni -> _59705_/D : -9.293274
[setup in-reg] rst_ni -> _59316_/D : -9.293103
[setup in-reg] rst_ni -> _59704_/D : -9.293033
[setup in-reg] rst_ni -> _59323_/D : -9.292151
[setup in-reg] rst_ni -> _59319_/D : -9.291938
[setup in-reg] rst_ni -> _59161_/D : -9.291526
[setup in-reg] rst_ni -> _59477_/D : -9.289707
[setup in-reg] rst_ni -> _59158_/D : -9.289437
[setup in-reg] rst_ni -> _59159_/D : -9.289096
[setup reg-reg] _60568_/Q -> _61541_/D : -9.288585
[setup in-reg] rst_ni -> _59322_/D : -9.288470
[setup in-reg] rst_ni -> _59321_/D : -9.288357
[setup in-reg] rst_ni -> _59163_/D : -9.288044
[setup in-reg] rst_ni -> _59318_/D : -9.286907
[setup in-reg] rst_ni -> _59483_/D : -9.286240
[setup in-reg] rst_ni -> _59476_/D : -9.286098
[setup in-reg] rst_ni -> _59162_/D : -9.285871
[setup in-reg] rst_ni -> _59160_/D : -9.285842
[setup in-reg] rst_ni -> _59320_/D : -9.285756
[setup in-reg] rst_ni -> _59479_/D : -9.285060
[setup in-reg] rst_ni -> _58901_/D : -9.283525
[setup in-reg] rst_ni -> _58900_/D : -9.282488
[setup in-reg] rst_ni -> _59482_/D : -9.281650
[setup in-reg] rst_ni -> _59481_/D : -9.281024
[setup in-reg] rst_ni -> _59478_/D : -9.279788
[setup in-reg] rst_ni -> _59480_/D : -9.279617
[setup in-reg] rst_ni -> _58905_/D : -9.279518
[setup in-reg] rst_ni -> _59253_/D : -9.277955
[setup in-reg] rst_ni -> _58902_/D : -9.277457
[setup in-reg] rst_ni -> _58903_/D : -9.277017
[setup in-reg] rst_ni -> _58907_/D : -9.275084
[setup in-reg] rst_ni -> _59252_/D : -9.274288
[setup in-reg] rst_ni -> _58904_/D : -9.273990
[setup in-reg] rst_ni -> _58906_/D : -9.273975
[setup in-reg] rst_ni -> _59259_/D : -9.273265
[setup in-reg] rst_ni -> _59255_/D : -9.273209
[setup in-reg] rst_ni -> _59814_/D : -9.271603
[setup in-reg] rst_ni -> _59258_/D : -9.269698
[setup in-reg] rst_ni -> _59815_/D : -9.268576
[setup in-reg] rst_ni -> _59812_/D : -9.268220
[setup in-reg] rst_ni -> _58933_/D : -9.268036
[setup in-reg] rst_ni -> _59254_/D : -9.268022
[setup in-reg] rst_ni -> _59818_/D : -9.267894
[setup in-reg] rst_ni -> _59256_/D : -9.267126
[setup in-reg] rst_ni -> _58932_/D : -9.267027
[setup in-reg] rst_ni -> _59817_/D : -9.266941
[setup in-reg] rst_ni -> _59257_/D : -9.266927
[setup in-reg] rst_ni -> _59819_/D : -9.265563
[setup in-reg] rst_ni -> _59816_/D : -9.264937
[setup in-reg] rst_ni -> _58937_/D : -9.264071
[setup in-reg] rst_ni -> _58934_/D : -9.262010
[setup in-reg] rst_ni -> _58935_/D : -9.261583
[setup in-reg] rst_ni -> _59173_/D : -9.259864
[setup in-reg] rst_ni -> _58939_/D : -9.259736
[setup in-reg] rst_ni -> _58938_/D : -9.258387
[setup in-reg] rst_ni -> _58936_/D : -9.258344
[setup in-reg] rst_ni -> _59093_/D : -9.257292
[setup in-reg] rst_ni -> _59174_/D : -9.256653
[setup in-reg] rst_ni -> _59092_/D : -9.256227
[setup in-reg] rst_ni -> _59097_/D : -9.253356
[setup in-reg] rst_ni -> _59429_/D : -9.252318
[setup in-reg] rst_ni -> _59094_/D : -9.251210
[setup in-reg] rst_ni -> _59099_/D : -9.251139
[setup in-reg] rst_ni -> _59095_/D : -9.250812
[setup in-reg] rst_ni -> _59430_/D : -9.249945
[setup in-reg] rst_ni -> _59461_/D : -9.248879
[setup in-reg] rst_ni -> _59096_/D : -9.247743
[setup in-reg] rst_ni -> _59098_/D : -9.247416
[setup in-reg] rst_ni -> _59462_/D : -9.246534
[setup in-reg] rst_ni -> _59333_/D : -9.237354
[setup in-reg] rst_ni -> _59365_/D : -9.236615
[setup in-reg] rst_ni -> _59334_/D : -9.234939
[setup in-reg] rst_ni -> _59366_/D : -9.234242
[setup in-reg] rst_ni -> _59172_/D : -9.227961
[setup in-reg] rst_ni -> _59179_/D : -9.227079
[setup in-reg] rst_ni -> _59176_/D : -9.226852
[setup in-reg] rst_ni -> _59178_/D : -9.226568
[setup in-reg] rst_ni -> _59237_/D : -9.225901
[setup in-reg] rst_ni -> _59177_/D : -9.224820
[setup in-reg] rst_ni -> _59175_/D : -9.223556
[setup in-reg] rst_ni -> _59238_/D : -9.223541
[setup in-reg] rst_ni -> _59301_/D : -9.222987
[setup in-reg] rst_ni -> _59205_/D : -9.222135
[setup in-reg] rst_ni -> _59302_/D : -9.220600
[setup in-reg] rst_ni -> _59206_/D : -9.219775
[setup in-reg] rst_ni -> _59434_/D : -9.218980
[setup in-reg] rst_ni -> _59428_/D : -9.218426
[setup in-reg] rst_ni -> _59435_/D : -9.217545
[setup in-reg] rst_ni -> _59431_/D : -9.217502
[setup in-reg] rst_ni -> _59433_/D : -9.217331
[setup in-reg] rst_ni -> _59466_/D : -9.215626
[setup in-reg] rst_ni -> _59460_/D : -9.215000
[setup in-reg] rst_ni -> _59463_/D : -9.214233
[setup in-reg] rst_ni -> _59467_/D : -9.214219
[setup in-reg] rst_ni -> _59465_/D : -9.214020
[setup in-reg] rst_ni -> _59432_/D : -9.213097
[setup in-reg] rst_ni -> _59621_/D : -9.213054
[setup in-reg] rst_ni -> _59622_/D : -9.210794
[setup in-reg] rst_ni -> _59464_/D : -9.209785
[setup in-reg] rst_ni -> _59141_/D : -9.204755
[setup in-reg] rst_ni -> _59589_/D : -9.204683
[setup in-reg] rst_ni -> _59338_/D : -9.204158
[setup in-reg] rst_ni -> _59332_/D : -9.203305
[setup in-reg] rst_ni -> _59370_/D : -9.203120
[setup in-reg] rst_ni -> _59364_/D : -9.202665
[setup in-reg] rst_ni -> _59335_/D : -9.202609
[setup in-reg] rst_ni -> _59339_/D : -9.202566
[setup in-reg] rst_ni -> _59590_/D : -9.202438
[setup in-reg] rst_ni -> _59337_/D : -9.202197
[setup in-reg] rst_ni -> _59367_/D : -9.201955
[setup in-reg] rst_ni -> _59371_/D : -9.201870
[setup in-reg] rst_ni -> _59142_/D : -9.201571
[setup in-reg] rst_ni -> _59369_/D : -9.201543
[setup in-reg] rst_ni -> _59336_/D : -9.198161
[setup in-reg] rst_ni -> _59525_/D : -9.197464
[setup in-reg] rst_ni -> _59368_/D : -9.197379
[setup in-reg] rst_ni -> _59493_/D : -9.195304
[setup in-reg] rst_ni -> _59526_/D : -9.195219
[setup in-reg] rst_ni -> _58885_/D : -9.195034
[setup in-reg] rst_ni -> _59494_/D : -9.192931
[setup in-reg] rst_ni -> _59242_/D : -9.192732
[setup in-reg] rst_ni -> _59236_/D : -9.191922
[setup in-reg] rst_ni -> _58886_/D : -9.191823
[setup in-reg] rst_ni -> _59243_/D : -9.191226
[setup in-reg] rst_ni -> _59239_/D : -9.191183
[setup in-reg] rst_ni -> _59241_/D : -9.190856
[setup in-reg] rst_ni -> _59306_/D : -9.189861
[setup in-reg] rst_ni -> _59300_/D : -9.189009
[setup in-reg] rst_ni -> _59210_/D : -9.188910
[setup in-reg] rst_ni -> _59077_/D : -9.188412
[setup in-reg] rst_ni -> _59303_/D : -9.188242
[setup in-reg] rst_ni -> _59307_/D : -9.188199
[setup in-reg] rst_ni -> _59204_/D : -9.188100
[setup in-reg] rst_ni -> _59305_/D : -9.188000
[setup in-reg] rst_ni -> _59211_/D : -9.187375
[setup in-reg] rst_ni -> _59207_/D : -9.187346
[setup in-reg] rst_ni -> _59209_/D : -9.187147
[setup in-reg] rst_ni -> _59240_/D : -9.186735
[setup in-reg] rst_ni -> _59717_/D : -9.186237
[setup in-reg] rst_ni -> _59078_/D : -9.185215
[setup in-reg] rst_ni -> _58917_/D : -9.184277
[setup in-reg] rst_ni -> _59718_/D : -9.183964
[setup in-reg] rst_ni -> _59304_/D : -9.183807
[setup in-reg] rst_ni -> _59208_/D : -9.183055
[setup in-reg] rst_ni -> _58918_/D : -9.181093
[setup in-reg] rst_ni -> _59623_/D : -9.178436
[setup in-reg] rst_ni -> _59620_/D : -9.178081
[setup in-reg] rst_ni -> _59626_/D : -9.177796
[setup in-reg] rst_ni -> _59625_/D : -9.176944
[setup in-reg] rst_ni -> _59627_/D : -9.175323
[setup in-reg] rst_ni -> _59624_/D : -9.174699
[setup in-reg] rst_ni -> _59140_/D : -9.172951
[setup in-reg] rst_ni -> _59147_/D : -9.171927
[setup in-reg] rst_ni -> _59144_/D : -9.171785
[setup in-reg] rst_ni -> _59146_/D : -9.171600
[setup in-reg] rst_ni -> _59591_/D : -9.170094
[setup in-reg] rst_ni -> _59145_/D : -9.169796
[setup in-reg] rst_ni -> _59588_/D : -9.169767
[setup in-reg] rst_ni -> _59594_/D : -9.169413
[setup in-reg] rst_ni -> _59143_/D : -9.168602
[setup in-reg] rst_ni -> _59593_/D : -9.168446
[setup in-reg] rst_ni -> _59595_/D : -9.166897
[setup in-reg] rst_ni -> _59592_/D : -9.166328
[setup in-reg] rst_ni -> _58884_/D : -9.163231
[setup in-reg] rst_ni -> _59527_/D : -9.162989
[setup in-reg] rst_ni -> _59524_/D : -9.162506
[setup in-reg] rst_ni -> _58891_/D : -9.162136
[setup in-reg] rst_ni -> _59530_/D : -9.162136
[setup in-reg] rst_ni -> _59498_/D : -9.162066
[setup in-reg] rst_ni -> _58888_/D : -9.161938
[setup in-reg] rst_ni -> _58890_/D : -9.161852
[setup in-reg] rst_ni -> _59529_/D : -9.161312
[setup in-reg] rst_ni -> _59492_/D : -9.161213
[setup in-reg] rst_ni -> _59495_/D : -9.160501
[setup in-reg] rst_ni -> _59499_/D : -9.160317
[setup in-reg] rst_ni -> _59497_/D : -9.160147
[setup in-reg] rst_ni -> _59531_/D : -9.159962
[setup in-reg] rst_ni -> _58889_/D : -9.159920
[setup in-reg] rst_ni -> _59528_/D : -9.159109
[setup in-reg] rst_ni -> _58887_/D : -9.158711
[setup in-reg] rst_ni -> _59496_/D : -9.157120
[setup in-reg] rst_ni -> _59076_/D : -9.156566
[setup in-reg] rst_ni -> _59083_/D : -9.155600
[setup in-reg] rst_ni -> _59080_/D : -9.155457
[setup in-reg] rst_ni -> _59082_/D : -9.155244
[setup in-reg] rst_ni -> _59081_/D : -9.153510
[setup in-reg] rst_ni -> _58916_/D : -9.152530
[setup in-reg] rst_ni -> _59079_/D : -9.152118
[setup in-reg] rst_ni -> _59719_/D : -9.151521
[setup in-reg] rst_ni -> _58923_/D : -9.151407
[setup in-reg] rst_ni -> _58920_/D : -9.151265
[setup in-reg] rst_ni -> _59716_/D : -9.151152
[setup in-reg] rst_ni -> _58922_/D : -9.151137
[setup in-reg] rst_ni -> _59722_/D : -9.150952
[setup in-reg] rst_ni -> _59721_/D : -9.150100
[setup in-reg] rst_ni -> _58921_/D : -9.149276
[setup in-reg] rst_ni -> _59723_/D : -9.148522
[setup in-reg] rst_ni -> _58919_/D : -9.148025
[setup in-reg] rst_ni -> _59720_/D : -9.147826
[setup in-reg] rst_ni -> _59842_/D : -9.040250
[setup in-reg] rst_ni -> _59843_/D : -9.039809
[setup in-reg] rst_ni -> _59836_/D : -9.032789
[setup in-reg] rst_ni -> _59838_/D : -9.032363
[setup in-reg] rst_ni -> _59840_/D : -9.031795
[setup in-reg] rst_ni -> _59839_/D : -9.031709
[setup in-reg] rst_ni -> _59837_/D : -9.031027
[setup in-reg] rst_ni -> _59841_/D : -9.030842
[setup reg-reg] _60568_/Q -> _61852_/D : -9.009504
[setup in-reg] rst_ni -> _59867_/D : -8.989034
[setup in-reg] rst_ni -> _59862_/D : -8.987698
[setup in-reg] rst_ni -> _59863_/D : -8.987683
[setup in-reg] rst_ni -> _59866_/D : -8.987271
[setup in-reg] rst_ni -> _59861_/D : -8.987244
[setup in-reg] rst_ni -> _59865_/D : -8.987201
[setup in-reg] rst_ni -> _59864_/D : -8.986774
[setup in-reg] rst_ni -> _59860_/D : -8.985879
[setup in-reg] rst_ni -> _59845_/D : -8.894702
[setup in-reg] rst_ni -> _59850_/D : -8.894319
[setup in-reg] rst_ni -> _59851_/D : -8.894134
[setup in-reg] rst_ni -> _59846_/D : -8.893366
[setup in-reg] rst_ni -> _59848_/D : -8.892727
[setup in-reg] rst_ni -> _59849_/D : -8.890979
[setup in-reg] rst_ni -> _59847_/D : -8.889899
[setup in-reg] rst_ni -> _59844_/D : -8.888392
[setup in-reg] rst_ni -> _59664_/D : -8.856532
[setup in-reg] rst_ni -> _59792_/D : -8.842335
[setup in-reg] rst_ni -> _59760_/D : -8.838086
[setup in-reg] rst_ni -> _59661_/D : -8.829176
[setup in-reg] rst_ni -> _59666_/D : -8.828323
[setup in-reg] rst_ni -> _59667_/D : -8.827584
[setup in-reg] rst_ni -> _59660_/D : -8.827002
[setup in-reg] rst_ni -> _59662_/D : -8.826561
[setup in-reg] rst_ni -> _59568_/D : -8.822724
[setup in-reg] rst_ni -> _59663_/D : -8.822142
[setup in-reg] rst_ni -> _59024_/D : -8.821658
[setup in-reg] rst_ni -> _59665_/D : -8.821133
[setup in-reg] rst_ni -> _59789_/D : -8.814212
[setup in-reg] rst_ni -> _59794_/D : -8.813246
[setup in-reg] rst_ni -> _59795_/D : -8.812365
[setup in-reg] rst_ni -> _59788_/D : -8.812109
[setup in-reg] rst_ni -> _59790_/D : -8.811625
[setup in-reg] rst_ni -> _59696_/D : -8.810929
[setup in-reg] rst_ni -> _59757_/D : -8.810005
[setup in-reg] rst_ni -> _59762_/D : -8.809039
[setup in-reg] rst_ni -> _59763_/D : -8.808286
[setup in-reg] rst_ni -> _59756_/D : -8.807859
[setup in-reg] rst_ni -> _59758_/D : -8.807405
[setup in-reg] rst_ni -> _59791_/D : -8.807035
[setup in-reg] rst_ni -> _59793_/D : -8.806169
[setup in-reg] rst_ni -> _58960_/D : -8.806154
[setup in-reg] rst_ni -> _59759_/D : -8.802758
[setup in-reg] rst_ni -> _59761_/D : -8.802075
[setup in-reg] rst_ni -> _59120_/D : -8.797699
[setup in-reg] rst_ni -> _59565_/D : -8.794600
[setup in-reg] rst_ni -> _59025_/D : -8.794402
[setup in-reg] rst_ni -> _59570_/D : -8.793720
[setup in-reg] rst_ni -> _59571_/D : -8.792967
[setup in-reg] rst_ni -> _59026_/D : -8.792440
[setup in-reg] rst_ni -> _59564_/D : -8.792398
[setup in-reg] rst_ni -> _59027_/D : -8.792341
[setup in-reg] rst_ni -> _59566_/D : -8.791944
[setup in-reg] rst_ni -> _59023_/D : -8.790195
[setup in-reg] rst_ni -> _59021_/D : -8.789059
[setup in-reg] rst_ni -> _58928_/D : -8.787978
[setup in-reg] rst_ni -> _59056_/D : -8.787936
[setup in-reg] rst_ni -> _59020_/D : -8.787395
[setup in-reg] rst_ni -> _59567_/D : -8.787382
[setup in-reg] rst_ni -> _59022_/D : -8.787240
[setup in-reg] rst_ni -> _59569_/D : -8.786572
[setup in-reg] rst_ni -> _59693_/D : -8.782792
[setup in-reg] rst_ni -> _59698_/D : -8.781868
[setup in-reg] rst_ni -> _59699_/D : -8.781186
[setup in-reg] rst_ni -> _59692_/D : -8.780645
[setup in-reg] rst_ni -> _59694_/D : -8.780219
[setup in-reg] rst_ni -> _58961_/D : -8.778656
[setup in-reg] rst_ni -> _58962_/D : -8.776695
[setup in-reg] rst_ni -> _59280_/D : -8.776624
[setup in-reg] rst_ni -> _58963_/D : -8.776454
[setup in-reg] rst_ni -> _59695_/D : -8.775814
[setup in-reg] rst_ni -> _59697_/D : -8.774762
[setup in-reg] rst_ni -> _58959_/D : -8.774450
[setup in-reg] rst_ni -> _58957_/D : -8.773427
[setup in-reg] rst_ni -> _58956_/D : -8.771580
[setup in-reg] rst_ni -> _58958_/D : -8.771111
[setup in-reg] rst_ni -> _58992_/D : -8.770286
[setup in-reg] rst_ni -> _59408_/D : -8.770286
[setup in-reg] rst_ni -> _59121_/D : -8.770215
[setup in-reg] rst_ni -> _59122_/D : -8.768325
[setup in-reg] rst_ni -> _59123_/D : -8.768084
[setup in-reg] rst_ni -> _59119_/D : -8.765881
[setup in-reg] rst_ni -> _59116_/D : -8.765057
[setup in-reg] rst_ni -> _59117_/D : -8.764985
[setup in-reg] rst_ni -> _59118_/D : -8.763621
[setup in-reg] rst_ni -> _59057_/D : -8.759997
[setup in-reg] rst_ni -> _58929_/D : -8.759472
[setup in-reg] rst_ni -> _59058_/D : -8.758121
[setup in-reg] rst_ni -> _59059_/D : -8.757895
[setup in-reg] rst_ni -> _58930_/D : -8.757582
[setup in-reg] rst_ni -> _58931_/D : -8.757298
[setup in-reg] rst_ni -> _59055_/D : -8.755791
[setup in-reg] rst_ni -> _58927_/D : -8.755222
[setup in-reg] rst_ni -> _59053_/D : -8.754853
[setup in-reg] rst_ni -> _58925_/D : -8.754143
[setup in-reg] rst_ni -> _59052_/D : -8.753461
[setup in-reg] rst_ni -> _59054_/D : -8.752565
[setup in-reg] rst_ni -> _58924_/D : -8.752395
[setup in-reg] rst_ni -> _58926_/D : -8.752026
[setup in-reg] rst_ni -> _59279_/D : -8.746866
[setup in-reg] rst_ni -> _59276_/D : -8.744720
[setup in-reg] rst_ni -> _59283_/D : -8.744479
[setup in-reg] rst_ni -> _59278_/D : -8.744123
[setup in-reg] rst_ni -> _59281_/D : -8.744123
[setup in-reg] rst_ni -> _58993_/D : -8.742362
[setup in-reg] rst_ni -> _59282_/D : -8.740643
[setup in-reg] rst_ni -> _59407_/D : -8.740528
[setup in-reg] rst_ni -> _59277_/D : -8.740486
[setup in-reg] rst_ni -> _58994_/D : -8.740458
[setup in-reg] rst_ni -> _58995_/D : -8.740273
[setup in-reg] rst_ni -> _59404_/D : -8.738468
[setup in-reg] rst_ni -> _59411_/D : -8.738213
[setup in-reg] rst_ni -> _58991_/D : -8.738084
[setup in-reg] rst_ni -> _59409_/D : -8.737758
[setup in-reg] rst_ni -> _59406_/D : -8.737743
[setup in-reg] rst_ni -> _58989_/D : -8.737189
[setup in-reg] rst_ni -> _58988_/D : -8.736337
[setup in-reg] rst_ni -> _58990_/D : -8.734787
[setup in-reg] rst_ni -> _59405_/D : -8.734276
[setup in-reg] rst_ni -> _59410_/D : -8.734276
[setup in-reg] rst_ni -> _58864_/D : -8.715076
[setup in-reg] rst_ni -> _58867_/D : -8.706437
[setup in-reg] rst_ni -> _58863_/D : -8.705087
[setup in-reg] rst_ni -> _58866_/D : -8.703979
[setup in-reg] rst_ni -> _58865_/D : -8.703310
[setup in-reg] rst_ni -> _58861_/D : -8.703268
[setup in-reg] rst_ni -> _58862_/D : -8.702997
[setup in-reg] rst_ni -> _58860_/D : -8.702869
[setup in-reg] rst_ni -> _59504_/D : -8.664898
[setup in-reg] rst_ni -> _59536_/D : -8.657225
[setup in-reg] rst_ni -> _59632_/D : -8.656343
[setup in-reg] rst_ni -> _59600_/D : -8.636718
[setup in-reg] rst_ni -> _59728_/D : -8.635695
[setup in-reg] rst_ni -> _59503_/D : -8.635140
[setup in-reg] rst_ni -> _59500_/D : -8.633095
[setup in-reg] rst_ni -> _59507_/D : -8.632853
[setup in-reg] rst_ni -> _59505_/D : -8.632341
[setup in-reg] rst_ni -> _59502_/D : -8.632270
[setup in-reg] rst_ni -> _59501_/D : -8.631034
[setup in-reg] rst_ni -> _59506_/D : -8.629428
[setup in-reg] rst_ni -> _59533_/D : -8.628987
[setup in-reg] rst_ni -> _59629_/D : -8.628163
[setup in-reg] rst_ni -> _59538_/D : -8.628050
[setup in-reg] rst_ni -> _59539_/D : -8.627595
[setup in-reg] rst_ni -> _59634_/D : -8.627339
[setup in-reg] rst_ni -> _59532_/D : -8.626870
[setup in-reg] rst_ni -> _59635_/D : -8.626699
[setup in-reg] rst_ni -> _59534_/D : -8.626430
[setup in-reg] rst_ni -> _59628_/D : -8.625946
[setup in-reg] rst_ni -> _59630_/D : -8.625606
[setup in-reg] rst_ni -> _59535_/D : -8.621939
[setup in-reg] rst_ni -> _59537_/D : -8.621115
[setup in-reg] rst_ni -> _59631_/D : -8.620958
[setup in-reg] rst_ni -> _59633_/D : -8.620347
[setup in-reg] rst_ni -> _59152_/D : -8.613597
[setup in-reg] rst_ni -> _59597_/D : -8.608496
[setup in-reg] rst_ni -> _59602_/D : -8.607600
[setup in-reg] rst_ni -> _59725_/D : -8.607600
[setup in-reg] rst_ni -> _59603_/D : -8.607018
[setup in-reg] rst_ni -> _59730_/D : -8.606690
[setup in-reg] rst_ni -> _59596_/D : -8.606222
[setup in-reg] rst_ni -> _59598_/D : -8.605980
[setup in-reg] rst_ni -> _59731_/D : -8.605895
[setup in-reg] rst_ni -> _59724_/D : -8.605370
[setup in-reg] rst_ni -> _59726_/D : -8.604929
[setup in-reg] rst_ni -> _59599_/D : -8.601404
[setup in-reg] rst_ni -> _59601_/D : -8.600636
[setup in-reg] rst_ni -> _59727_/D : -8.600395
[setup in-reg] rst_ni -> _59729_/D : -8.600196
[setup in-reg] rst_ni -> _58896_/D : -8.588131
[setup in-reg] rst_ni -> _59153_/D : -8.580585
[setup in-reg] rst_ni -> _59824_/D : -8.580344
[setup in-reg] rst_ni -> _59154_/D : -8.578667
[setup in-reg] rst_ni -> _59155_/D : -8.578625
[setup in-reg] rst_ni -> _59821_/D : -8.577857
[setup in-reg] rst_ni -> _59826_/D : -8.576891
[setup in-reg] rst_ni -> _59151_/D : -8.576422
[setup in-reg] rst_ni -> _59827_/D : -8.576265
[setup in-reg] rst_ni -> _59820_/D : -8.575526
[setup in-reg] rst_ni -> _59149_/D : -8.575398
[setup in-reg] rst_ni -> _59822_/D : -8.575114
[setup in-reg] rst_ni -> _59148_/D : -8.573622
[setup in-reg] rst_ni -> _59150_/D : -8.573195
[setup in-reg] rst_ni -> _59823_/D : -8.570823
[setup in-reg] rst_ni -> _59825_/D : -8.570296
[setup in-reg] rst_ni -> _59088_/D : -8.569728
[setup in-reg] rst_ni -> _58897_/D : -8.555105
[setup in-reg] rst_ni -> _58898_/D : -8.553301
[setup in-reg] rst_ni -> _58899_/D : -8.553073
[setup in-reg] rst_ni -> _58895_/D : -8.550828
[setup in-reg] rst_ni -> _58893_/D : -8.549805
[setup in-reg] rst_ni -> _58892_/D : -8.549407
[setup in-reg] rst_ni -> _58894_/D : -8.548540
[setup in-reg] rst_ni -> _59089_/D : -8.536844
[setup in-reg] rst_ni -> _59090_/D : -8.534997
[setup in-reg] rst_ni -> _59091_/D : -8.534741
[setup in-reg] rst_ni -> _59087_/D : -8.532581
[setup in-reg] rst_ni -> _59085_/D : -8.531785
[setup in-reg] rst_ni -> _59084_/D : -8.529725
[setup in-reg] rst_ni -> _59086_/D : -8.529299
[setup in-reg] rst_ni -> _59184_/D : -8.502241
[setup in-reg] rst_ni -> _59472_/D : -8.502184
[setup in-reg] rst_ni -> _59440_/D : -8.496997
[setup in-reg] rst_ni -> _59376_/D : -8.495335
[setup in-reg] rst_ni -> _59344_/D : -8.483099
[setup in-reg] rst_ni -> _59312_/D : -8.475297
[setup in-reg] rst_ni -> _59471_/D : -8.472398
[setup in-reg] rst_ni -> _59216_/D : -8.471759
[setup in-reg] rst_ni -> _59468_/D : -8.470210
[setup in-reg] rst_ni -> _59475_/D : -8.470068
[setup in-reg] rst_ni -> _59470_/D : -8.469684
[setup in-reg] rst_ni -> _59473_/D : -8.469584
[setup in-reg] rst_ni -> _59185_/D : -8.469243
[setup in-reg] rst_ni -> _59248_/D : -8.468462
[setup in-reg] rst_ni -> _59186_/D : -8.467268
[setup in-reg] rst_ni -> _59439_/D : -8.467169
[setup in-reg] rst_ni -> _59187_/D : -8.467140
[setup in-reg] rst_ni -> _59474_/D : -8.466288
[setup in-reg] rst_ni -> _59469_/D : -8.466032
[setup in-reg] rst_ni -> _59375_/D : -8.465435
[setup in-reg] rst_ni -> _59436_/D : -8.465065
[setup in-reg] rst_ni -> _59183_/D : -8.465023
[setup in-reg] rst_ni -> _59443_/D : -8.464852
[setup in-reg] rst_ni -> _59438_/D : -8.464426
[setup in-reg] rst_ni -> _59441_/D : -8.464369
[setup in-reg] rst_ni -> _59181_/D : -8.464085
[setup in-reg] rst_ni -> _59372_/D : -8.463403
[setup in-reg] rst_ni -> _59379_/D : -8.463232
[setup in-reg] rst_ni -> _59377_/D : -8.462735
[setup in-reg] rst_ni -> _59374_/D : -8.462707
[setup in-reg] rst_ni -> _59180_/D : -8.462266
[setup in-reg] rst_ni -> _59182_/D : -8.462081
[setup in-reg] rst_ni -> _59437_/D : -8.461228
[setup in-reg] rst_ni -> _59442_/D : -8.460916
[setup in-reg] rst_ni -> _59378_/D : -8.459480
[setup in-reg] rst_ni -> _59373_/D : -8.459367
[setup in-reg] rst_ni -> _59343_/D : -8.453412
[setup in-reg] rst_ni -> _59340_/D : -8.451110
[setup in-reg] rst_ni -> _59347_/D : -8.450982
[setup in-reg] rst_ni -> _59345_/D : -8.450656
[setup in-reg] rst_ni -> _59342_/D : -8.450541
[setup in-reg] rst_ni -> _59346_/D : -8.447131
[setup in-reg] rst_ni -> _59341_/D : -8.446818
[setup in-reg] rst_ni -> _59311_/D : -8.445625
[setup in-reg] rst_ni -> _59308_/D : -8.443237
[setup in-reg] rst_ni -> _59315_/D : -8.443110
[setup in-reg] rst_ni -> _59313_/D : -8.442910
[setup in-reg] rst_ni -> _59310_/D : -8.442755
[setup in-reg] rst_ni -> _59215_/D : -8.441930
[setup in-reg] rst_ni -> _59212_/D : -8.439969
[setup in-reg] rst_ni -> _59219_/D : -8.439543
[setup in-reg] rst_ni -> _59314_/D : -8.439329
[setup in-reg] rst_ni -> _59214_/D : -8.439230
[setup in-reg] rst_ni -> _59217_/D : -8.439201
[setup in-reg] rst_ni -> _59309_/D : -8.438804
[setup in-reg] rst_ni -> _59247_/D : -8.438604
[setup in-reg] rst_ni -> _59213_/D : -8.437141
[setup in-reg] rst_ni -> _59244_/D : -8.436573
[setup in-reg] rst_ni -> _59251_/D : -8.436331
[setup in-reg] rst_ni -> _59249_/D : -8.436004
[setup in-reg] rst_ni -> _59246_/D : -8.435905
[setup in-reg] rst_ni -> _59218_/D : -8.435663
[setup in-reg] rst_ni -> _59250_/D : -8.432437
[setup in-reg] rst_ni -> _59245_/D : -8.432181
[setup in-reg] rst_ni -> _59852_/D : -8.178916
[setup in-reg] rst_ni -> _59854_/D : -8.178062
[setup in-reg] rst_ni -> _59853_/D : -8.176557
[setup in-reg] rst_ni -> _59858_/D : -8.173459
[setup in-reg] rst_ni -> _59855_/D : -8.172066
[setup in-reg] rst_ni -> _59857_/D : -8.169522
[setup in-reg] rst_ni -> _59856_/D : -8.169238
[setup in-reg] rst_ni -> _59859_/D : -8.167746
[setup reg-out] _60881_/Q -> uart_tx_o : -7.167305
[setup reg-reg] _60568_/Q -> _61853_/D : -6.864333
[setup in-reg] rst_ni -> _61302_/D : -5.409760
[setup in-reg] rst_ni -> _61297_/D : -5.408808
[setup in-reg] rst_ni -> _61300_/D : -5.400722
[setup in-reg] rst_ni -> _61301_/D : -5.392735
[setup in-reg] rst_ni -> _61298_/D : -5.370481
[setup in-reg] rst_ni -> _61299_/D : -5.362324
[setup in-reg] rst_ni -> _61306_/D : -5.361287
[setup in-reg] rst_ni -> _61303_/D : -5.357663
[setup in-reg] rst_ni -> _61305_/D : -5.356895
[setup in-reg] rst_ni -> _61304_/D : -5.349065
[setup in-reg] rst_ni -> _61296_/D : -5.295774
[setup in-reg] rst_ni -> _61295_/D : -5.292321
[setup in-reg] rst_ni -> _61291_/D : -5.259793
[setup in-reg] rst_ni -> _61292_/D : -5.245894
[setup reg-reg] _60568_/Q -> _61542_/D : -5.238697
[setup in-reg] rst_ni -> _61294_/D : -5.234895
[setup reg-reg] _60568_/Q -> _61842_/D : -5.234583
[setup reg-reg] _60568_/Q -> _61840_/D : -5.228785
[setup in-reg] rst_ni -> _61293_/D : -5.221864
[setup in-reg] rst_ni -> _61290_/D : -5.219064
[setup in-reg] rst_ni -> _61312_/D : -5.214417
[setup in-reg] rst_ni -> _61313_/D : -5.211035
[setup in-reg] rst_ni -> _61315_/D : -5.209728
[setup in-reg] rst_ni -> _61288_/D : -5.206246
[setup in-reg] rst_ni -> _61316_/D : -5.201159
[setup in-reg] rst_ni -> _61287_/D : -5.200633
[setup in-reg] rst_ni -> _61289_/D : -5.199297
[setup in-reg] rst_ni -> _61314_/D : -5.195702
[setup in-reg] rst_ni -> _61311_/D : -5.194195
[setup reg-reg] _60568_/Q -> _61847_/D : -5.171337
[setup reg-reg] _60568_/Q -> _61850_/D : -5.166193
[setup reg-reg] _60568_/Q -> _61849_/D : -5.164786
[setup reg-reg] _60568_/Q -> _61848_/D : -5.159698
[setup reg-reg] _60568_/Q -> _61867_/D : -5.144003
[setup reg-reg] _60568_/Q -> _61843_/D : -5.141694
[setup reg-reg] _60568_/Q -> _61845_/D : -5.141260
[setup reg-reg] _60568_/Q -> _61872_/D : -5.104830
[setup in-reg] rst_ni -> _61310_/D : -5.086207
[setup reg-reg] _60568_/Q -> _61875_/D : -5.083010
[setup reg-reg] _60568_/Q -> _61859_/D : -5.081830
[setup in-reg] rst_ni -> _61309_/D : -5.068572
[setup reg-reg] _60568_/Q -> _61863_/D : -5.062056
[setup in-reg] rst_ni -> _61308_/D : -5.056862
[setup in-reg] rst_ni -> _61307_/D : -5.050169
[setup reg-reg] _60568_/Q -> _61858_/D : -5.034103
[setup reg-reg] _60568_/Q -> _61861_/D : -5.031048
[setup reg-reg] _60568_/Q -> _61856_/D : -5.022734
[setup reg-reg] _60568_/Q -> _61876_/D : -5.021171
[setup reg-reg] _60568_/Q -> _61851_/D : -5.020717
[setup in-reg] rst_ni -> _61318_/D : -2.235339
[setup in-reg] rst_ni -> _61317_/D : -2.192692
[setup reg-out] _61322_/Q -> spi_flash_sd_io[2] : -1.348969
[setup reg-out] _61320_/Q -> spi_flash_sd_io[0] : -1.347846
[setup reg-out] _61323_/Q -> spi_flash_sd_io[3] : -1.344727
[setup reg-out] _61321_/Q -> spi_flash_sd_io[1] : -1.339419
Writing metric timing__hold_vio__count__corner:nom_tt_025C_5v00: 1440
Writing metric timing__hold_r2r__ws__corner:nom_tt_025C_5v00: -66.524094
Writing metric timing__hold_r2r_vio__count__corner:nom_tt_025C_5v00: 1429
Writing metric timing__setup_vio__count__corner:nom_tt_025C_5v00: 2646
Writing metric timing__setup_r2r__ws__corner:nom_tt_025C_5v00: -39.058441
Writing metric timing__setup_r2r_vio__count__corner:nom_tt_025C_5v00: 167
