
===========================================================================
report_checks -unconstrained
===========================================================================
======================= min_ss_125C_4v50 Corner ===================================

Startpoint: rst_ni (input port clocked by clk_i)
Endpoint: _62379_ (recovery check against rising-edge clock clk_i)
Path Group: asynchronous
Path Type: max

Fanout         Cap        Slew       Delay        Time   Description
---------------------------------------------------------------------------------------------
                                  0.000000    0.000000   clock clk_i (rise edge)
                                  0.000000    0.000000   clock network delay (propagated)
                                 20.000000   20.000000 ^ input external delay
     1    0.007110    0.281317    0.113616   20.113617 ^ rst_ni (in)
                                                         rst_ni (net)
                      0.281317    0.000000   20.113617 ^ input3/I (gf180mcu_fd_sc_mcu7t5v0__dlyb_1)
     2    0.071345    2.030913    2.750785   22.864401 ^ input3/Z (gf180mcu_fd_sc_mcu7t5v0__dlyb_1)
                                                         net3 (net)
                      2.030989    0.006956   22.871357 ^ fanout1872/I (gf180mcu_fd_sc_mcu7t5v0__dlyb_1)
     5    0.131180    3.647515    3.731040   26.602398 ^ fanout1872/Z (gf180mcu_fd_sc_mcu7t5v0__dlyb_1)
                                                         net1872 (net)
                      3.647528    0.004013   26.606411 ^ fanout1871/I (gf180mcu_fd_sc_mcu7t5v0__dlyb_1)
     5    0.072850    2.071319    2.754691   29.361101 ^ fanout1871/Z (gf180mcu_fd_sc_mcu7t5v0__dlyb_1)
                                                         net1871 (net)
                      2.071319    0.001283   29.362383 ^ fanout1869/I (gf180mcu_fd_sc_mcu7t5v0__dlyb_1)
     2    0.023501    0.765040    2.063931   31.426315 ^ fanout1869/Z (gf180mcu_fd_sc_mcu7t5v0__dlyb_1)
                                                         net1869 (net)
                      0.765040    0.000281   31.426596 ^ fanout1868/I (gf180mcu_fd_sc_mcu7t5v0__dlyb_1)
     6    0.077152    2.188419    2.890342   34.316936 ^ fanout1868/Z (gf180mcu_fd_sc_mcu7t5v0__dlyb_1)
                                                         net1868 (net)
                      2.188419    0.000554   34.317493 ^ fanout1867/I (gf180mcu_fd_sc_mcu7t5v0__dlyb_1)
     5    0.062825    1.802058    2.670401   36.987892 ^ fanout1867/Z (gf180mcu_fd_sc_mcu7t5v0__dlyb_1)
                                                         net1867 (net)
                      1.802058    0.001016   36.988911 ^ fanout1866/I (gf180mcu_fd_sc_mcu7t5v0__dlyb_1)
     6    0.054953    1.591803    2.562281   39.551189 ^ fanout1866/Z (gf180mcu_fd_sc_mcu7t5v0__dlyb_1)
                                                         net1866 (net)
                      1.591803    0.001279   39.552467 ^ fanout1865/I (gf180mcu_fd_sc_mcu7t5v0__dlyb_1)
    10    0.096384    2.708048    3.205816   42.758286 ^ fanout1865/Z (gf180mcu_fd_sc_mcu7t5v0__dlyb_1)
                                                         net1865 (net)
                      2.708060    0.003311   42.761597 ^ _62379_/RN (gf180mcu_fd_sc_mcu7t5v0__dffrnq_1)
                                             42.761597   data arrival time

                                100.000000  100.000000   clock clk_i (rise edge)
                                  0.000000  100.000000   clock source latency
     2    0.187899    1.321190    0.730196  100.730194 ^ clk_i (in)
                                                         clk_i (net)
                      1.321512    0.000000  100.730194 ^ delaybuf_1_clk_i/I (gf180mcu_fd_sc_mcu7t5v0__clkbuf_16)
     1    0.042405    0.221876    0.636703  101.366898 ^ delaybuf_1_clk_i/Z (gf180mcu_fd_sc_mcu7t5v0__clkbuf_16)
                                                         delaynet_1_clk_i (net)
                      0.221882    0.002395  101.369293 ^ delaybuf_2_clk_i/I (gf180mcu_fd_sc_mcu7t5v0__clkbuf_16)
     1    0.040531    0.190355    0.437183  101.806473 ^ delaybuf_2_clk_i/Z (gf180mcu_fd_sc_mcu7t5v0__clkbuf_16)
                                                         delaynet_2_clk_i (net)
                      0.190362    0.002331  101.808807 ^ delaybuf_3_clk_i/I (gf180mcu_fd_sc_mcu7t5v0__clkbuf_16)
     1    0.040626    0.190423    0.430489  102.239296 ^ delaybuf_3_clk_i/Z (gf180mcu_fd_sc_mcu7t5v0__clkbuf_16)
                                                         delaynet_3_clk_i (net)
                      0.190430    0.002260  102.241554 ^ clkbuf_regs_0_clk_i/I (gf180mcu_fd_sc_mcu7t5v0__clkbuf_16)
     1    0.026186    0.167816    0.413216  102.654770 ^ clkbuf_regs_0_clk_i/Z (gf180mcu_fd_sc_mcu7t5v0__clkbuf_16)
                                                         clk_i_regs (net)
                      0.167817    0.000632  102.655403 ^ clkbuf_0_clk_i_regs/I (gf180mcu_fd_sc_mcu7t5v0__clkbuf_16)
    16    0.412537    0.763922    0.788688  103.444092 ^ clkbuf_0_clk_i_regs/Z (gf180mcu_fd_sc_mcu7t5v0__clkbuf_16)
                                                         clknet_0_clk_i_regs (net)
                      0.765994    0.017756  103.461845 ^ clkbuf_4_7_0_clk_i_regs/I (gf180mcu_fd_sc_mcu7t5v0__clkbuf_8)
     8    0.156176    0.611612    0.823846  104.285690 ^ clkbuf_4_7_0_clk_i_regs/Z (gf180mcu_fd_sc_mcu7t5v0__clkbuf_8)
                                                         clknet_4_7_0_clk_i_regs (net)
                      0.611614    0.001755  104.287445 ^ clkbuf_leaf_88_clk_i_regs/I (gf180mcu_fd_sc_mcu7t5v0__clkbuf_8)
    10    0.060337    0.311243    0.604224  104.891670 ^ clkbuf_leaf_88_clk_i_regs/Z (gf180mcu_fd_sc_mcu7t5v0__clkbuf_8)
                                                         clknet_leaf_88_clk_i_regs (net)
                      0.311243    0.000341  104.892014 ^ _62379_/CLK (gf180mcu_fd_sc_mcu7t5v0__dffrnq_1)
                                 -0.250000  104.642014   clock uncertainty
                                  0.000000  104.642014   clock reconvergence pessimism
                                 -0.136519  104.505501   library recovery time
                                            104.505501   data required time
---------------------------------------------------------------------------------------------
                                            104.505501   data required time
                                            -42.761597   data arrival time
---------------------------------------------------------------------------------------------
                                             61.743904   slack (MET)


Startpoint: _61989_ (falling edge-triggered flip-flop clocked by clk_i)
Endpoint: spi_flash_sd_io[2] (output port clocked by clk_i)
Path Group: clk_i
Path Type: max

Fanout         Cap        Slew       Delay        Time   Description
---------------------------------------------------------------------------------------------
                                 50.000000   50.000000   clock clk_i (fall edge)
                                  0.000000   50.000000   clock source latency
     2    0.187899    0.767953    0.445837   50.445835 v clk_i (in)
                                                         clk_i (net)
                      0.768465    0.000000   50.445835 v delaybuf_1_clk_i/I (gf180mcu_fd_sc_mcu7t5v0__clkbuf_16)
     1    0.042405    0.200309    0.596643   51.042477 v delaybuf_1_clk_i/Z (gf180mcu_fd_sc_mcu7t5v0__clkbuf_16)
                                                         delaynet_1_clk_i (net)
                      0.200318    0.002398   51.044876 v delaybuf_2_clk_i/I (gf180mcu_fd_sc_mcu7t5v0__clkbuf_16)
     1    0.040531    0.186235    0.430703   51.475578 v delaybuf_2_clk_i/Z (gf180mcu_fd_sc_mcu7t5v0__clkbuf_16)
                                                         delaynet_2_clk_i (net)
                      0.186245    0.002331   51.477909 v delaybuf_3_clk_i/I (gf180mcu_fd_sc_mcu7t5v0__clkbuf_16)
     1    0.040626    0.186399    0.426624   51.904533 v delaybuf_3_clk_i/Z (gf180mcu_fd_sc_mcu7t5v0__clkbuf_16)
                                                         delaynet_3_clk_i (net)
                      0.186407    0.002256   51.906788 v clkbuf_regs_0_clk_i/I (gf180mcu_fd_sc_mcu7t5v0__clkbuf_16)
     1    0.026186    0.163394    0.408051   52.314838 v clkbuf_regs_0_clk_i/Z (gf180mcu_fd_sc_mcu7t5v0__clkbuf_16)
                                                         clk_i_regs (net)
                      0.163394    0.000636   52.315475 v clkbuf_0_clk_i_regs/I (gf180mcu_fd_sc_mcu7t5v0__clkbuf_16)
    16    0.412537    0.742716    0.802629   53.118107 v clkbuf_0_clk_i_regs/Z (gf180mcu_fd_sc_mcu7t5v0__clkbuf_16)
                                                         clknet_0_clk_i_regs (net)
                      0.747031    0.030511   53.148617 v clkbuf_4_1_0_clk_i_regs/I (gf180mcu_fd_sc_mcu7t5v0__clkbuf_8)
     8    0.150934    0.635308    0.911349   54.059967 v clkbuf_4_1_0_clk_i_regs/Z (gf180mcu_fd_sc_mcu7t5v0__clkbuf_8)
                                                         clknet_4_1_0_clk_i_regs (net)
                      0.635344    0.002636   54.062603 v clkbuf_leaf_120_clk_i_regs/I (gf180mcu_fd_sc_mcu7t5v0__clkbuf_8)
    14    0.080611    0.399335    0.719570   54.782173 v clkbuf_leaf_120_clk_i_regs/Z (gf180mcu_fd_sc_mcu7t5v0__clkbuf_8)
                                                         clknet_leaf_120_clk_i_regs (net)
                      0.399335    0.001709   54.783882 v _61989_/CLKN (gf180mcu_fd_sc_mcu7t5v0__dffnq_1)
     1    0.005580    0.285429    1.477410   56.261292 ^ _61989_/Q (gf180mcu_fd_sc_mcu7t5v0__dffnq_1)
                                                         i_core_v_mini_mcu.ao_peripheral_subsystem_i.spi_subsystem_i.obi_spimemio_i.spimemio_i.xfer_io2_90 (net)
                      0.285429    0.000107   56.261398 ^ _33819_/A2 (gf180mcu_fd_sc_mcu7t5v0__nor2_1)
     1    0.007291    0.487454    0.273033   56.534431 v _33819_/ZN (gf180mcu_fd_sc_mcu7t5v0__nor2_1)
                                                         _10515_ (net)
                      0.487454    0.000149   56.534580 v _33821_/A2 (gf180mcu_fd_sc_mcu7t5v0__oai21_1)
     1    0.014456    1.021234    0.740549   57.275127 ^ _33821_/ZN (gf180mcu_fd_sc_mcu7t5v0__oai21_1)
                                                         i_core_v_mini_mcu.ao_peripheral_subsystem_i.spi_subsystem_i.obi_spimemio_i.flash_io2_do_o (net)
                      1.021234    0.000352   57.275478 ^ gen_flash_sd[2].u_pad_drv/I (gf180mcu_fd_sc_mcu7t5v0__bufz_4)
     2    0.175337    1.260178    1.217330   58.492809 ^ gen_flash_sd[2].u_pad_drv/Z (gf180mcu_fd_sc_mcu7t5v0__bufz_4)
                                                         spi_flash_sd_io[2] (net)
                      1.262987    0.033751   58.526562 ^ spi_flash_sd_io[2] (inout)
                                             58.526562   data arrival time

                                100.000000  100.000000   clock clk_i (rise edge)
                                  0.000000  100.000000   clock network delay (propagated)
                                 -0.250000   99.750000   clock uncertainty
                                  0.000000   99.750000   clock reconvergence pessimism
                                -20.000000   79.750000   output external delay
                                             79.750000   data required time
---------------------------------------------------------------------------------------------
                                             79.750000   data required time
                                            -58.526562   data arrival time
---------------------------------------------------------------------------------------------
                                             21.223436   slack (MET)




===========================================================================
report_checks --slack_max -0.01
============================================================================
======================= min_ss_125C_4v50 Corner ===================================

No paths found.


===========================================================================
 report_check_types -max_slew -max_cap -max_fanout -violators
============================================================================
======================= min_ss_125C_4v50 Corner ===================================

max slew

Pin                                        Limit        Slew       Slack
------------------------------------------------------------------------
spi_flash_sd_io[3]                      3.000000    4.942101   -1.942102 (VIOLATED)
spi_flash_sd_io[1]                      3.000000    4.935400   -1.935401 (VIOLATED)
spi_flash_sd_io[2]                      3.000000    4.841041   -1.841041 (VIOLATED)
fanout1882/I                            3.000000    4.835205   -1.835205 (VIOLATED)
fanout1887/I                            3.000000    4.835191   -1.835191 (VIOLATED)
fanout1896/I                            3.000000    4.835131   -1.835131 (VIOLATED)
fanout1915/I                            3.000000    4.834985   -1.834985 (VIOLATED)
fanout1946/I                            3.000000    4.834933   -1.834933 (VIOLATED)
ANTENNA_2/I                             3.000000    4.834925   -1.834925 (VIOLATED)
fanout1927/I                            3.000000    4.834925   -1.834925 (VIOLATED)
fanout1956/I                            3.000000    4.834907   -1.834906 (VIOLATED)
fanout1957/Z                            3.000000    4.834907   -1.834906 (VIOLATED)
spi_flash_sd_io[0]                      3.000000    4.821166   -1.821166 (VIOLATED)
_40596_/ZN                              3.000000    4.295298   -1.295298 (VIOLATED)
wire994/I                               3.000000    4.295298   -1.295298 (VIOLATED)
_38205_/I                               3.000000    4.174706   -1.174706 (VIOLATED)
_39955_/A1                              3.000000    4.174690   -1.174690 (VIOLATED)
_41130_/A1                              3.000000    4.174665   -1.174666 (VIOLATED)
_40145_/A1                              3.000000    4.174652   -1.174652 (VIOLATED)
_38204_/ZN                              3.000000    4.174633   -1.174632 (VIOLATED)
wire865/I                               3.000000    4.174633   -1.174632 (VIOLATED)
_38240_/ZN                              3.000000    4.114384   -1.114384 (VIOLATED)
_38241_/I                               3.000000    4.114384   -1.114384 (VIOLATED)
_39979_/A1                              3.000000    4.114384   -1.114384 (VIOLATED)
_40170_/A1                              3.000000    4.114384   -1.114384 (VIOLATED)
_41152_/A1                              3.000000    4.114384   -1.114384 (VIOLATED)
wire861/I                               3.000000    4.114384   -1.114384 (VIOLATED)
_34994_/A1                              3.000000    4.037312   -1.037312 (VIOLATED)
_34978_/A2                              3.000000    4.037283   -1.037284 (VIOLATED)
_34954_/A2                              3.000000    4.037268   -1.037268 (VIOLATED)
_34934_/A1                              3.000000    4.037223   -1.037224 (VIOLATED)
_34254_/Z                               3.000000    4.037002   -1.037002 (VIOLATED)
_35279_/A2                              3.000000    4.037002   -1.037002 (VIOLATED)
_35308_/A1                              3.000000    4.037002   -1.037002 (VIOLATED)
max_cap1325/I                           3.000000    4.037002   -1.037002 (VIOLATED)
_40571_/A1                              3.000000    3.978895   -0.978895 (VIOLATED)
_40377_/A1                              3.000000    3.978880   -0.978880 (VIOLATED)
_40192_/A1                              3.000000    3.978859   -0.978859 (VIOLATED)
_38269_/ZN                              3.000000    3.978836   -0.978836 (VIOLATED)
max_cap857/I                            3.000000    3.978836   -0.978836 (VIOLATED)
_36526_/A2                              3.000000    3.969967   -0.969967 (VIOLATED)
_36532_/A1                              3.000000    3.969966   -0.969966 (VIOLATED)
_36357_/A1                              3.000000    3.969943   -0.969943 (VIOLATED)
_36387_/A2                              3.000000    3.969943   -0.969943 (VIOLATED)
_36876_/B2                              3.000000    3.969938   -0.969938 (VIOLATED)
load_slew1248/I                         3.000000    3.969893   -0.969893 (VIOLATED)
_35902_/Z                               3.000000    3.969855   -0.969855 (VIOLATED)
_35903_/A1                              3.000000    3.969855   -0.969855 (VIOLATED)
_38226_/ZN                              3.000000    3.949834   -0.949834 (VIOLATED)
_38227_/I                               3.000000    3.949834   -0.949834 (VIOLATED)
_39972_/A1                              3.000000    3.949834   -0.949834 (VIOLATED)
_40352_/A1                              3.000000    3.949834   -0.949834 (VIOLATED)
load_slew862/I                          3.000000    3.949834   -0.949834 (VIOLATED)
_38255_/ZN                              3.000000    3.942847   -0.942848 (VIOLATED)
_39994_/A1                              3.000000    3.942847   -0.942848 (VIOLATED)
_40180_/A1                              3.000000    3.942847   -0.942848 (VIOLATED)
_40367_/A1                              3.000000    3.942847   -0.942848 (VIOLATED)
_41167_/A1                              3.000000    3.942847   -0.942848 (VIOLATED)
load_slew859/I                          3.000000    3.942847   -0.942848 (VIOLATED)
_35832_/A1                              3.000000    3.932291   -0.932291 (VIOLATED)
_36332_/A1                              3.000000    3.932276   -0.932276 (VIOLATED)
_36401_/A1                              3.000000    3.932242   -0.932242 (VIOLATED)
max_cap1261/I                           3.000000    3.932212   -0.932212 (VIOLATED)
_35831_/Z                               3.000000    3.932200   -0.932200 (VIOLATED)
_36963_/A1                              3.000000    3.932200   -0.932200 (VIOLATED)
_44906_/A1                              3.000000    3.926296   -0.926296 (VIOLATED)
_44924_/A1                              3.000000    3.926290   -0.926290 (VIOLATED)
_44887_/ZN                              3.000000    3.926265   -0.926265 (VIOLATED)
wire227/I                               3.000000    3.926265   -0.926265 (VIOLATED)
_38212_/I                               3.000000    3.915503   -0.915503 (VIOLATED)
_39960_/A1                              3.000000    3.915493   -0.915493 (VIOLATED)
_38211_/ZN                              3.000000    3.915478   -0.915478 (VIOLATED)
_40335_/A1                              3.000000    3.915478   -0.915478 (VIOLATED)
load_slew864/I                          3.000000    3.915478   -0.915478 (VIOLATED)
_45642_/A1                              3.000000    3.877848   -0.877848 (VIOLATED)
_45587_/ZN                              3.000000    3.877795   -0.877795 (VIOLATED)
wire191/I                               3.000000    3.877795   -0.877795 (VIOLATED)
_44317_/ZN                              3.000000    3.864274   -0.864274 (VIOLATED)
_44318_/A2                              3.000000    3.864274   -0.864274 (VIOLATED)
load_slew1484/I                         3.000000    3.864274   -0.864274 (VIOLATED)
_36756_/B1                              3.000000    3.835541   -0.835541 (VIOLATED)
_36338_/A1                              3.000000    3.835504   -0.835504 (VIOLATED)
_36810_/A1                              3.000000    3.835430   -0.835430 (VIOLATED)
_36012_/Z                               3.000000    3.835338   -0.835338 (VIOLATED)
_36469_/A1                              3.000000    3.835338   -0.835338 (VIOLATED)
_36487_/A1                              3.000000    3.835338   -0.835338 (VIOLATED)
max_cap1406/I                           3.000000    3.835338   -0.835338 (VIOLATED)
_36957_/A1                              3.000000    3.819229   -0.819229 (VIOLATED)
_36961_/A2                              3.000000    3.819205   -0.819205 (VIOLATED)
_36866_/A1                              3.000000    3.819150   -0.819150 (VIOLATED)
_36303_/A1                              3.000000    3.819044   -0.819044 (VIOLATED)
_35796_/Z                               3.000000    3.818969   -0.818969 (VIOLATED)
max_cap1270/I                           3.000000    3.818969   -0.818969 (VIOLATED)
_36356_/B2                              3.000000    3.807662   -0.807662 (VIOLATED)
_36238_/A1                              3.000000    3.807632   -0.807632 (VIOLATED)
load_slew1218/I                         3.000000    3.807619   -0.807619 (VIOLATED)
_36028_/Z                               3.000000    3.807509   -0.807509 (VIOLATED)
_36909_/A1                              3.000000    3.807509   -0.807509 (VIOLATED)
_36913_/A1                              3.000000    3.807509   -0.807509 (VIOLATED)
_37116_/A1                              3.000000    3.807509   -0.807509 (VIOLATED)
_36672_/A2                              3.000000    3.795587   -0.795587 (VIOLATED)
_36682_/A2                              3.000000    3.795580   -0.795581 (VIOLATED)
_36695_/A2                              3.000000    3.795565   -0.795565 (VIOLATED)
_36249_/A2                              3.000000    3.795527   -0.795527 (VIOLATED)
_36236_/A2                              3.000000    3.795519   -0.795519 (VIOLATED)
_36231_/Z                               3.000000    3.795472   -0.795472 (VIOLATED)
_37043_/A1                              3.000000    3.795472   -0.795472 (VIOLATED)
max_cap1097/I                           3.000000    3.795472   -0.795472 (VIOLATED)
_37735_/A1                              3.000000    3.791595   -0.791595 (VIOLATED)
_37401_/A1                              3.000000    3.791585   -0.791585 (VIOLATED)
_37879_/A1                              3.000000    3.791541   -0.791542 (VIOLATED)
_37592_/A1                              3.000000    3.791525   -0.791525 (VIOLATED)
_29124_/Z                               3.000000    3.791376   -0.791376 (VIOLATED)
max_cap899/I                            3.000000    3.791376   -0.791376 (VIOLATED)
_38219_/I                               3.000000    3.782526   -0.782526 (VIOLATED)
_39965_/A1                              3.000000    3.782521   -0.782521 (VIOLATED)
_38218_/ZN                              3.000000    3.782509   -0.782509 (VIOLATED)
_40346_/A1                              3.000000    3.782509   -0.782509 (VIOLATED)
load_slew863/I                          3.000000    3.782509   -0.782509 (VIOLATED)
_35136_/A1                              3.000000    3.752655   -0.752655 (VIOLATED)
_35347_/A1                              3.000000    3.752654   -0.752654 (VIOLATED)
_35120_/A1                              3.000000    3.752652   -0.752653 (VIOLATED)
load_slew1126/I                         3.000000    3.752616   -0.752616 (VIOLATED)
_35218_/A1                              3.000000    3.752573   -0.752573 (VIOLATED)
_35263_/A1                              3.000000    3.752546   -0.752546 (VIOLATED)
_34057_/Z                               3.000000    3.752524   -0.752524 (VIOLATED)
_35285_/A1                              3.000000    3.752524   -0.752524 (VIOLATED)
_51039_/A2                              3.000000    3.747773   -0.747773 (VIOLATED)
_37102_/B                               3.000000    3.747737   -0.747737 (VIOLATED)
_37103_/A1                              3.000000    3.747727   -0.747727 (VIOLATED)
_35804_/A1                              3.000000    3.747723   -0.747723 (VIOLATED)
load_slew1511/I                         3.000000    3.747696   -0.747697 (VIOLATED)
_36254_/A1                              3.000000    3.747602   -0.747602 (VIOLATED)
_35749_/Z                               3.000000    3.747549   -0.747549 (VIOLATED)
_36882_/A1                              3.000000    3.747549   -0.747549 (VIOLATED)
_34964_/A2                              3.000000    3.742853   -0.742853 (VIOLATED)
_34891_/A1                              3.000000    3.742768   -0.742768 (VIOLATED)
_35370_/A2                              3.000000    3.742681   -0.742682 (VIOLATED)
_34262_/Z                               3.000000    3.742523   -0.742523 (VIOLATED)
_35172_/A2                              3.000000    3.742523   -0.742523 (VIOLATED)
max_cap1321/I                           3.000000    3.742523   -0.742523 (VIOLATED)
fanout1617/I                            3.000000    3.707012   -0.707012 (VIOLATED)
fanout1616/I                            3.000000    3.707004   -0.707004 (VIOLATED)
fanout1619/I                            3.000000    3.707001   -0.707001 (VIOLATED)
fanout1618/I                            3.000000    3.706945   -0.706945 (VIOLATED)
fanout1613/I                            3.000000    3.706899   -0.706899 (VIOLATED)
fanout1615/I                            3.000000    3.706899   -0.706899 (VIOLATED)
fanout1620/Z                            3.000000    3.706899   -0.706899 (VIOLATED)
_46207_/ZN                              3.000000    3.705699   -0.705699 (VIOLATED)
_46262_/A1                              3.000000    3.705699   -0.705699 (VIOLATED)
wire285/I                               3.000000    3.705699   -0.705699 (VIOLATED)
_36420_/B1                              3.000000    3.701047   -0.701047 (VIOLATED)
_36308_/A1                              3.000000    3.701039   -0.701039 (VIOLATED)
_36440_/B1                              3.000000    3.701039   -0.701039 (VIOLATED)
_36299_/A1                              3.000000    3.701011   -0.701011 (VIOLATED)
_36942_/A1                              3.000000    3.700960   -0.700960 (VIOLATED)
_35777_/Z                               3.000000    3.700935   -0.700935 (VIOLATED)
max_cap1274/I                           3.000000    3.700935   -0.700935 (VIOLATED)
load_slew294/I                          3.000000    3.687077   -0.687077 (VIOLATED)
_45825_/A1                              3.000000    3.687071   -0.687072 (VIOLATED)
_45843_/A1                              3.000000    3.686941   -0.686941 (VIOLATED)
_45771_/A1                              3.000000    3.686916   -0.686916 (VIOLATED)
_45734_/ZN                              3.000000    3.686847   -0.686848 (VIOLATED)
wire328/I                               3.000000    3.681999   -0.682000 (VIOLATED)
_44427_/ZN                              3.000000    3.681986   -0.681986 (VIOLATED)
_46335_/A1                              3.000000    3.674217   -0.674217 (VIOLATED)
_46280_/ZN                              3.000000    3.674215   -0.674215 (VIOLATED)
wire284/I                               3.000000    3.674215   -0.674215 (VIOLATED)
_35051_/A2                              3.000000    3.663966   -0.663966 (VIOLATED)
_35419_/A2                              3.000000    3.663965   -0.663966 (VIOLATED)
_34303_/A2                              3.000000    3.663964   -0.663964 (VIOLATED)
_35328_/A2                              3.000000    3.663944   -0.663944 (VIOLATED)
_35091_/A2                              3.000000    3.663881   -0.663881 (VIOLATED)
_34301_/Z                               3.000000    3.663865   -0.663865 (VIOLATED)
max_cap1310/I                           3.000000    3.663865   -0.663865 (VIOLATED)
_36087_/B2                              3.000000    3.657014   -0.657014 (VIOLATED)
_36049_/I                               3.000000    3.657010   -0.657010 (VIOLATED)
_36953_/B2                              3.000000    3.656943   -0.656943 (VIOLATED)
_36897_/B1                              3.000000    3.656938   -0.656938 (VIOLATED)
_36048_/Z                               3.000000    3.656924   -0.656924 (VIOLATED)
load_slew1404/I                         3.000000    3.656924   -0.656924 (VIOLATED)
_35418_/A2                              3.000000    3.650165   -0.650165 (VIOLATED)
_34288_/A2                              3.000000    3.650136   -0.650136 (VIOLATED)
_35400_/A2                              3.000000    3.650046   -0.650046 (VIOLATED)
max_cap1455/I                           3.000000    3.650006   -0.650006 (VIOLATED)
_35301_/A2                              3.000000    3.649997   -0.649997 (VIOLATED)
_34283_/Z                               3.000000    3.649966   -0.649967 (VIOLATED)
_35213_/A2                              3.000000    3.649966   -0.649967 (VIOLATED)
fanout1809/I                            3.000000    3.647748   -0.647748 (VIOLATED)
fanout1843/I                            3.000000    3.647728   -0.647728 (VIOLATED)
fanout1845/I                            3.000000    3.647692   -0.647692 (VIOLATED)
fanout1839/I                            3.000000    3.647554   -0.647554 (VIOLATED)
fanout1871/I                            3.000000    3.647528   -0.647528 (VIOLATED)
fanout1872/Z                            3.000000    3.647515   -0.647515 (VIOLATED)
_49193_/A2                              3.000000    3.645590   -0.645590 (VIOLATED)
_50166_/B                               3.000000    3.645589   -0.645589 (VIOLATED)
_50213_/A1                              3.000000    3.645588   -0.645589 (VIOLATED)
fanout1803/I                            3.000000    3.645573   -0.645573 (VIOLATED)
_47109_/A2                              3.000000    3.645497   -0.645497 (VIOLATED)
_61095_/RN                              3.000000    3.645497   -0.645497 (VIOLATED)
_62034_/D                               3.000000    3.645497   -0.645497 (VIOLATED)
fanout1804/Z                            3.000000    3.645497   -0.645497 (VIOLATED)
_35139_/B1                              3.000000    3.644950   -0.644950 (VIOLATED)
_35148_/B1                              3.000000    3.644939   -0.644939 (VIOLATED)
_35428_/A2                              3.000000    3.644933   -0.644933 (VIOLATED)
max_cap1287/I                           3.000000    3.644880   -0.644880 (VIOLATED)
_34883_/Z                               3.000000    3.644847   -0.644847 (VIOLATED)
_35298_/B1                              3.000000    3.644847   -0.644847 (VIOLATED)
_35303_/B1                              3.000000    3.644847   -0.644847 (VIOLATED)
_36662_/A1                              3.000000    3.631738   -0.631738 (VIOLATED)
_36692_/A1                              3.000000    3.631706   -0.631707 (VIOLATED)
_36865_/A2                              3.000000    3.631608   -0.631608 (VIOLATED)
_36878_/A2                              3.000000    3.631585   -0.631585 (VIOLATED)
_36063_/Z                               3.000000    3.631573   -0.631573 (VIOLATED)
max_cap1098/I                           3.000000    3.631573   -0.631573 (VIOLATED)
_40576_/A1                              3.000000    3.625422   -0.625422 (VIOLATED)
_38276_/ZN                              3.000000    3.625420   -0.625420 (VIOLATED)
_40197_/A1                              3.000000    3.625420   -0.625420 (VIOLATED)
_40382_/A1                              3.000000    3.625420   -0.625420 (VIOLATED)
max_cap856/I                            3.000000    3.625420   -0.625420 (VIOLATED)
_34252_/A2                              3.000000    3.609063   -0.609063 (VIOLATED)
_35022_/A2                              3.000000    3.609058   -0.609059 (VIOLATED)
_34770_/A1                              3.000000    3.609051   -0.609051 (VIOLATED)
load_slew1463/I                         3.000000    3.608999   -0.608999 (VIOLATED)
_35240_/A2                              3.000000    3.608920   -0.608920 (VIOLATED)
_35199_/A2                              3.000000    3.608919   -0.608919 (VIOLATED)
_34091_/Z                               3.000000    3.608904   -0.608904 (VIOLATED)
_35911_/A1                              3.000000    3.603447   -0.603447 (VIOLATED)
_35928_/B1                              3.000000    3.603433   -0.603433 (VIOLATED)
_36319_/A1                              3.000000    3.603368   -0.603368 (VIOLATED)
_35788_/A1                              3.000000    3.603307   -0.603307 (VIOLATED)
_35787_/Z                               3.000000    3.603235   -0.603235 (VIOLATED)
max_cap1432/I                           3.000000    3.603235   -0.603235 (VIOLATED)
_44760_/A1                              3.000000    3.592514   -0.592514 (VIOLATED)
_44778_/A1                              3.000000    3.592509   -0.592509 (VIOLATED)
_44741_/ZN                              3.000000    3.592496   -0.592496 (VIOLATED)
wire229/I                               3.000000    3.592496   -0.592496 (VIOLATED)
_47550_/B1                              3.000000    3.565338   -0.565338 (VIOLATED)
_47798_/A1                              3.000000    3.565334   -0.565334 (VIOLATED)
_47597_/A1                              3.000000    3.565333   -0.565333 (VIOLATED)
_33912_/A2                              3.000000    3.565331   -0.565331 (VIOLATED)
_47668_/A1                              3.000000    3.565327   -0.565327 (VIOLATED)
_33911_/Z                               3.000000    3.565277   -0.565277 (VIOLATED)
max_cap679/I                            3.000000    3.565277   -0.565277 (VIOLATED)
_54829_/A3                              3.000000    3.564572   -0.564572 (VIOLATED)
_54625_/A3                              3.000000    3.564571   -0.564571 (VIOLATED)
_52817_/Z                               3.000000    3.564408   -0.564408 (VIOLATED)
_53430_/A3                              3.000000    3.564408   -0.564408 (VIOLATED)
max_cap273/I                            3.000000    3.564408   -0.564408 (VIOLATED)
_44217_/ZN                              3.000000    3.543096   -0.543096 (VIOLATED)
_44218_/A2                              3.000000    3.543096   -0.543096 (VIOLATED)
load_slew1485/I                         3.000000    3.543096   -0.543096 (VIOLATED)
_29167_/ZN                              3.000000    3.540950   -0.540950 (VIOLATED)
_29171_/B                               3.000000    3.540950   -0.540950 (VIOLATED)
_29172_/A2                              3.000000    3.540950   -0.540950 (VIOLATED)
load_slew579/I                          3.000000    3.540950   -0.540950 (VIOLATED)
_55005_/A3                              3.000000    3.531561   -0.531561 (VIOLATED)
_54702_/A3                              3.000000    3.531557   -0.531557 (VIOLATED)
_54905_/A3                              3.000000    3.531541   -0.531541 (VIOLATED)
_52829_/Z                               3.000000    3.531523   -0.531523 (VIOLATED)
_53444_/A3                              3.000000    3.531523   -0.531523 (VIOLATED)
_53563_/A3                              3.000000    3.531523   -0.531523 (VIOLATED)
_55295_/A3                              3.000000    3.531523   -0.531523 (VIOLATED)
load_slew433/I                          3.000000    3.531523   -0.531523 (VIOLATED)
_47434_/B1                              3.000000    3.530427   -0.530427 (VIOLATED)
_47504_/B1                              3.000000    3.530405   -0.530405 (VIOLATED)
load_slew689/I                          3.000000    3.530379   -0.530379 (VIOLATED)
_33871_/A2                              3.000000    3.530376   -0.530376 (VIOLATED)
_47573_/A1                              3.000000    3.530361   -0.530361 (VIOLATED)
_47774_/A1                              3.000000    3.530351   -0.530351 (VIOLATED)
_33870_/Z                               3.000000    3.530336   -0.530336 (VIOLATED)
_47644_/A1                              3.000000    3.530336   -0.530336 (VIOLATED)
_37019_/A1                              3.000000    3.529474   -0.529474 (VIOLATED)
_36953_/A2                              3.000000    3.529457   -0.529457 (VIOLATED)
_36268_/A2                              3.000000    3.529395   -0.529395 (VIOLATED)
_36264_/Z                               3.000000    3.529368   -0.529368 (VIOLATED)
_36923_/A2                              3.000000    3.529368   -0.529368 (VIOLATED)
load_slew1399/I                         3.000000    3.529368   -0.529368 (VIOLATED)
_31731_/A1                              3.000000    3.525448   -0.525448 (VIOLATED)
_32685_/I                               3.000000    3.525447   -0.525447 (VIOLATED)
_50186_/A2                              3.000000    3.525443   -0.525443 (VIOLATED)
_50184_/A2                              3.000000    3.525438   -0.525438 (VIOLATED)
_61495_/RN                              3.000000    3.525438   -0.525438 (VIOLATED)
_31923_/A1                              3.000000    3.525432   -0.525432 (VIOLATED)
_49599_/B                               3.000000    3.525428   -0.525428 (VIOLATED)
_49918_/A2                              3.000000    3.525425   -0.525425 (VIOLATED)
_61315_/RN                              3.000000    3.525413   -0.525413 (VIOLATED)
_61872_/SETN                            3.000000    3.525413   -0.525413 (VIOLATED)
fanout1803/Z                            3.000000    3.525413   -0.525413 (VIOLATED)
_34852_/B1                              3.000000    3.523734   -0.523734 (VIOLATED)
_34889_/B1                              3.000000    3.523710   -0.523710 (VIOLATED)
load_slew1290/I                         3.000000    3.523693   -0.523693 (VIOLATED)
_35467_/A1                              3.000000    3.523617   -0.523617 (VIOLATED)
_35210_/B1                              3.000000    3.523543   -0.523543 (VIOLATED)
_34851_/Z                               3.000000    3.523507   -0.523507 (VIOLATED)
_38779_/A1                              3.000000    3.511177   -0.511177 (VIOLATED)
_38399_/A1                              3.000000    3.511165   -0.511165 (VIOLATED)
_38968_/A1                              3.000000    3.511148   -0.511148 (VIOLATED)
load_slew746/I                          3.000000    3.511136   -0.511136 (VIOLATED)
_38587_/A1                              3.000000    3.511129   -0.511130 (VIOLATED)
_38494_/A1                              3.000000    3.511128   -0.511128 (VIOLATED)
_38169_/Z                               3.000000    3.511114   -0.511114 (VIOLATED)
_35336_/A2                              3.000000    3.501039   -0.501039 (VIOLATED)
_35072_/A2                              3.000000    3.501026   -0.501026 (VIOLATED)
_35252_/A1                              3.000000    3.500989   -0.500989 (VIOLATED)
_35230_/A1                              3.000000    3.500977   -0.500977 (VIOLATED)
_34245_/Z                               3.000000    3.500922   -0.500922 (VIOLATED)
_34246_/A2                              3.000000    3.500922   -0.500922 (VIOLATED)
_35108_/A2                              3.000000    3.500922   -0.500922 (VIOLATED)
max_cap1328/I                           3.000000    3.500922   -0.500922 (VIOLATED)
_39321_/A1                              3.000000    3.487799   -0.487799 (VIOLATED)
_39523_/A1                              3.000000    3.487786   -0.487786 (VIOLATED)
_39711_/A1                              3.000000    3.487772   -0.487772 (VIOLATED)
_39135_/A1                              3.000000    3.487765   -0.487765 (VIOLATED)
load_slew750/I                          3.000000    3.487752   -0.487753 (VIOLATED)
_38234_/A1                              3.000000    3.487750   -0.487750 (VIOLATED)
_38132_/Z                               3.000000    3.487736   -0.487736 (VIOLATED)
_34870_/A3                              3.000000    3.484921   -0.484921 (VIOLATED)
_34198_/A3                              3.000000    3.484917   -0.484917 (VIOLATED)
_35193_/A2                              3.000000    3.484891   -0.484891 (VIOLATED)
_35374_/A3                              3.000000    3.484879   -0.484880 (VIOLATED)
_34064_/Z                               3.000000    3.484806   -0.484806 (VIOLATED)
max_cap1522/I                           3.000000    3.484806   -0.484806 (VIOLATED)
_35940_/B1                              3.000000    3.479445   -0.479445 (VIOLATED)
_37039_/B2                              3.000000    3.479431   -0.479431 (VIOLATED)
_36717_/B1                              3.000000    3.479425   -0.479425 (VIOLATED)
_36656_/B1                              3.000000    3.479424   -0.479424 (VIOLATED)
_36644_/B1                              3.000000    3.479421   -0.479421 (VIOLATED)
_35939_/Z                               3.000000    3.479410   -0.479410 (VIOLATED)
_36146_/A2                              3.000000    3.479410   -0.479410 (VIOLATED)
load_slew1239/I                         3.000000    3.479410   -0.479410 (VIOLATED)
_35834_/A1                              3.000000    3.469871   -0.469871 (VIOLATED)
_36217_/B1                              3.000000    3.469858   -0.469858 (VIOLATED)
load_slew1424/I                         3.000000    3.469833   -0.469834 (VIOLATED)
_35833_/Z                               3.000000    3.469785   -0.469785 (VIOLATED)
_36300_/A1                              3.000000    3.469785   -0.469785 (VIOLATED)
_36368_/B1                              3.000000    3.469785   -0.469785 (VIOLATED)
_34890_/A1                              3.000000    3.468912   -0.468912 (VIOLATED)
_34876_/A1                              3.000000    3.468911   -0.468911 (VIOLATED)
wire1334/I                              3.000000    3.468909   -0.468909 (VIOLATED)
_35211_/A1                              3.000000    3.468904   -0.468904 (VIOLATED)
_35296_/A1                              3.000000    3.468899   -0.468899 (VIOLATED)
_34089_/Z                               3.000000    3.468888   -0.468888 (VIOLATED)
_37744_/A1                              3.000000    3.468075   -0.468075 (VIOLATED)
_37410_/A1                              3.000000    3.468062   -0.468062 (VIOLATED)
_37888_/A1                              3.000000    3.468004   -0.468004 (VIOLATED)
_37601_/A1                              3.000000    3.467954   -0.467954 (VIOLATED)
_29151_/Z                               3.000000    3.467793   -0.467793 (VIOLATED)
max_cap898/I                            3.000000    3.467793   -0.467793 (VIOLATED)
_36016_/A1                              3.000000    3.449838   -0.449839 (VIOLATED)
_36723_/A1                              3.000000    3.449804   -0.449804 (VIOLATED)
_36015_/Z                               3.000000    3.449645   -0.449645 (VIOLATED)
_36140_/A1                              3.000000    3.449645   -0.449645 (VIOLATED)
_36794_/A1                              3.000000    3.449645   -0.449645 (VIOLATED)
load_slew1222/I                         3.000000    3.449645   -0.449645 (VIOLATED)
_46109_/A1                              3.000000    3.431551   -0.431551 (VIOLATED)
_46026_/ZN                              3.000000    3.431550   -0.431550 (VIOLATED)
wire290/I                               3.000000    3.431550   -0.431550 (VIOLATED)
_36185_/A2                              3.000000    3.425960   -0.425960 (VIOLATED)
_36680_/A3                              3.000000    3.425959   -0.425959 (VIOLATED)
_36137_/A2                              3.000000    3.425954   -0.425954 (VIOLATED)
_36659_/A2                              3.000000    3.425943   -0.425944 (VIOLATED)
_36153_/A2                              3.000000    3.425940   -0.425940 (VIOLATED)
_36263_/B                               3.000000    3.425940   -0.425940 (VIOLATED)
_36847_/A2                              3.000000    3.425938   -0.425938 (VIOLATED)
_36352_/A3                              3.000000    3.425921   -0.425921 (VIOLATED)
_36758_/A3                              3.000000    3.425921   -0.425921 (VIOLATED)
_36852_/A2                              3.000000    3.425921   -0.425921 (VIOLATED)
fanout1607/Z                            3.000000    3.425921   -0.425921 (VIOLATED)
_35853_/A1                              3.000000    3.425461   -0.425461 (VIOLATED)
_35848_/A1                              3.000000    3.425458   -0.425458 (VIOLATED)
_36310_/A1                              3.000000    3.425445   -0.425445 (VIOLATED)
_35847_/Z                               3.000000    3.425415   -0.425415 (VIOLATED)
_36956_/A1                              3.000000    3.425415   -0.425415 (VIOLATED)
max_cap1422/I                           3.000000    3.425415   -0.425415 (VIOLATED)
_37763_/A1                              3.000000    3.424506   -0.424506 (VIOLATED)
_37434_/A1                              3.000000    3.424501   -0.424501 (VIOLATED)
_37907_/A1                              3.000000    3.424469   -0.424470 (VIOLATED)
_37620_/A1                              3.000000    3.424447   -0.424447 (VIOLATED)
_37432_/Z                               3.000000    3.424394   -0.424394 (VIOLATED)
max_cap875/I                            3.000000    3.424394   -0.424394 (VIOLATED)
_36430_/A1                              3.000000    3.423611   -0.423612 (VIOLATED)
_35985_/A1                              3.000000    3.423600   -0.423600 (VIOLATED)
_35990_/A1                              3.000000    3.423594   -0.423594 (VIOLATED)
_36447_/A1                              3.000000    3.423571   -0.423571 (VIOLATED)
_36745_/A1                              3.000000    3.423520   -0.423520 (VIOLATED)
_35984_/Z                               3.000000    3.423490   -0.423490 (VIOLATED)
max_cap1228/I                           3.000000    3.423490   -0.423490 (VIOLATED)
_34895_/B1                              3.000000    3.417425   -0.417425 (VIOLATED)
_35410_/B1                              3.000000    3.417413   -0.417413 (VIOLATED)
_34830_/B2                              3.000000    3.417410   -0.417410 (VIOLATED)
_35381_/A2                              3.000000    3.417215   -0.417215 (VIOLATED)
_35444_/B1                              3.000000    3.417174   -0.417175 (VIOLATED)
max_cap1315/I                           3.000000    3.417108   -0.417108 (VIOLATED)
_34281_/Z                               3.000000    3.417064   -0.417064 (VIOLATED)
_37141_/A1                              3.000000    3.411034   -0.411034 (VIOLATED)
_36914_/A1                              3.000000    3.411032   -0.411032 (VIOLATED)
_37117_/A1                              3.000000    3.411019   -0.411019 (VIOLATED)
_37131_/A1                              3.000000    3.411018   -0.411018 (VIOLATED)
_36030_/Z                               3.000000    3.410975   -0.410975 (VIOLATED)
_36965_/B1                              3.000000    3.410975   -0.410975 (VIOLATED)
_36970_/B1                              3.000000    3.410975   -0.410975 (VIOLATED)
max_cap1405/I                           3.000000    3.410975   -0.410975 (VIOLATED)
_46158_/A1                              3.000000    3.407289   -0.407289 (VIOLATED)
_46597_/A1                              3.000000    3.407285   -0.407285 (VIOLATED)
_46670_/A1                              3.000000    3.407284   -0.407284 (VIOLATED)
_46059_/Z                               3.000000    3.407272   -0.407272 (VIOLATED)
_46451_/A1                              3.000000    3.407272   -0.407272 (VIOLATED)
_46524_/A1                              3.000000    3.407272   -0.407272 (VIOLATED)
_46743_/A1                              3.000000    3.407272   -0.407272 (VIOLATED)
load_slew181/I                          3.000000    3.407272   -0.407272 (VIOLATED)
_34944_/A1                              3.000000    3.404206   -0.404206 (VIOLATED)
_34951_/A1                              3.000000    3.404200   -0.404200 (VIOLATED)
_35059_/A2                              3.000000    3.404105   -0.404105 (VIOLATED)
load_slew1293/I                         3.000000    3.404099   -0.404099 (VIOLATED)
_34826_/Z                               3.000000    3.404046   -0.404046 (VIOLATED)
_35099_/A2                              3.000000    3.404046   -0.404046 (VIOLATED)
_36427_/A1                              3.000000    3.403861   -0.403861 (VIOLATED)
_36431_/A1                              3.000000    3.403860   -0.403861 (VIOLATED)
_35993_/A1                              3.000000    3.403850   -0.403850 (VIOLATED)
_35992_/Z                               3.000000    3.403796   -0.403796 (VIOLATED)
_36069_/B1                              3.000000    3.403796   -0.403796 (VIOLATED)
max_cap1408/I                           3.000000    3.403796   -0.403796 (VIOLATED)
_36548_/A1                              3.000000    3.383548   -0.383549 (VIOLATED)
_36586_/A1                              3.000000    3.383546   -0.383546 (VIOLATED)
_36558_/A1                              3.000000    3.383539   -0.383539 (VIOLATED)
_36554_/A1                              3.000000    3.383531   -0.383531 (VIOLATED)
_37077_/A1                              3.000000    3.383446   -0.383446 (VIOLATED)
_36547_/Z                               3.000000    3.383392   -0.383392 (VIOLATED)
max_cap1398/I                           3.000000    3.383392   -0.383392 (VIOLATED)
_47161_/ZN                              3.000000    3.372126   -0.372126 (VIOLATED)
_47165_/A2                              3.000000    3.372126   -0.372126 (VIOLATED)
_47166_/A3                              3.000000    3.372126   -0.372126 (VIOLATED)
_47309_/A4                              3.000000    3.372126   -0.372126 (VIOLATED)
load_slew593/I                          3.000000    3.372126   -0.372126 (VIOLATED)
_34838_/B                               3.000000    3.369410   -0.369410 (VIOLATED)
_34856_/C                               3.000000    3.369389   -0.369389 (VIOLATED)
_34903_/A3                              3.000000    3.369361   -0.369361 (VIOLATED)
_34947_/A2                              3.000000    3.369312   -0.369312 (VIOLATED)
_34968_/A3                              3.000000    3.369268   -0.369268 (VIOLATED)
fanout1639/I                            3.000000    3.369154   -0.369154 (VIOLATED)
fanout1636/I                            3.000000    3.369130   -0.369130 (VIOLATED)
fanout1641/Z                            3.000000    3.369130   -0.369130 (VIOLATED)
_42481_/A2                              3.000000    3.360522   -0.360522 (VIOLATED)
load_slew1053/I                         3.000000    3.360519   -0.360520 (VIOLATED)
_42674_/A2                              3.000000    3.360513   -0.360513 (VIOLATED)
_42189_/A2                              3.000000    3.360496   -0.360496 (VIOLATED)
_42294_/A2                              3.000000    3.360492   -0.360493 (VIOLATED)
_42188_/Z                               3.000000    3.360469   -0.360469 (VIOLATED)
_35433_/A1                              3.000000    3.348488   -0.348488 (VIOLATED)
_34308_/A1                              3.000000    3.348479   -0.348479 (VIOLATED)
_35153_/A1                              3.000000    3.348479   -0.348479 (VIOLATED)
load_slew941/I                          3.000000    3.348469   -0.348469 (VIOLATED)
_34372_/A1                              3.000000    3.348459   -0.348459 (VIOLATED)
_34277_/Z                               3.000000    3.348445   -0.348445 (VIOLATED)
_35312_/A1                              3.000000    3.348445   -0.348445 (VIOLATED)
_36162_/A1                              3.000000    3.348419   -0.348419 (VIOLATED)
_36156_/A2                              3.000000    3.348416   -0.348416 (VIOLATED)
_36813_/A2                              3.000000    3.348387   -0.348387 (VIOLATED)
_36345_/A2                              3.000000    3.348373   -0.348373 (VIOLATED)
_36337_/A2                              3.000000    3.348336   -0.348336 (VIOLATED)
_35912_/Z                               3.000000    3.348321   -0.348322 (VIOLATED)
_36736_/A2                              3.000000    3.348321   -0.348322 (VIOLATED)
load_slew1245/I                         3.000000    3.348321   -0.348322 (VIOLATED)
_34089_/I                               3.000000    3.348025   -0.348025 (VIOLATED)
_34165_/I                               3.000000    3.348020   -0.348020 (VIOLATED)
_35170_/A1                              3.000000    3.348017   -0.348018 (VIOLATED)
_34237_/B1                              3.000000    3.348015   -0.348015 (VIOLATED)
_34451_/I                               3.000000    3.348013   -0.348013 (VIOLATED)
_34088_/Z                               3.000000    3.348002   -0.348003 (VIOLATED)
_35008_/A1                              3.000000    3.348002   -0.348003 (VIOLATED)
_35084_/A1                              3.000000    3.348002   -0.348003 (VIOLATED)
load_slew1464/I                         3.000000    3.348002   -0.348003 (VIOLATED)
_44444_/A1                              3.000000    3.345145   -0.345145 (VIOLATED)
_44496_/A1                              3.000000    3.345144   -0.345144 (VIOLATED)
_44380_/ZN                              3.000000    3.345142   -0.345142 (VIOLATED)
max_cap260/I                            3.000000    3.345142   -0.345142 (VIOLATED)
_44610_/A1                              3.000000    3.342179   -0.342179 (VIOLATED)
_44628_/A1                              3.000000    3.342177   -0.342177 (VIOLATED)
_44591_/ZN                              3.000000    3.342174   -0.342174 (VIOLATED)
load_slew231/I                          3.000000    3.342174   -0.342174 (VIOLATED)
wire333/I                               3.000000    3.342084   -0.342084 (VIOLATED)
_44403_/ZN                              3.000000    3.342082   -0.342082 (VIOLATED)
_45369_/A2                              3.000000    3.341668   -0.341668 (VIOLATED)
_45442_/A2                              3.000000    3.341668   -0.341668 (VIOLATED)
_45662_/A2                              3.000000    3.341664   -0.341664 (VIOLATED)
_45953_/A2                              3.000000    3.341652   -0.341652 (VIOLATED)
_45264_/A2                              3.000000    3.341631   -0.341632 (VIOLATED)
_45110_/Z                               3.000000    3.341621   -0.341621 (VIOLATED)
max_cap477/I                            3.000000    3.341621   -0.341621 (VIOLATED)
_47606_/A2                              3.000000    3.326308   -0.326308 (VIOLATED)
_47608_/A2                              3.000000    3.326300   -0.326300 (VIOLATED)
load_slew32/I                           3.000000    3.326296   -0.326296 (VIOLATED)
_47587_/Z                               3.000000    3.326283   -0.326283 (VIOLATED)
_47589_/A2                              3.000000    3.326283   -0.326283 (VIOLATED)
_47595_/A2                              3.000000    3.326283   -0.326283 (VIOLATED)
_47599_/A2                              3.000000    3.326283   -0.326283 (VIOLATED)
_39107_/A1                              3.000000    3.322531   -0.322531 (VIOLATED)
_39295_/A1                              3.000000    3.322529   -0.322529 (VIOLATED)
_39489_/A1                              3.000000    3.322503   -0.322503 (VIOLATED)
_39678_/A1                              3.000000    3.322480   -0.322480 (VIOLATED)
_39865_/A1                              3.000000    3.322475   -0.322475 (VIOLATED)
_38095_/Z                               3.000000    3.322443   -0.322443 (VIOLATED)
max_cap755/I                            3.000000    3.322443   -0.322443 (VIOLATED)
wire1341/I                              3.000000    3.317830   -0.317830 (VIOLATED)
_35197_/A1                              3.000000    3.317830   -0.317830 (VIOLATED)
_35238_/A1                              3.000000    3.317826   -0.317826 (VIOLATED)
_35029_/A1                              3.000000    3.317817   -0.317817 (VIOLATED)
_33997_/Z                               3.000000    3.317806   -0.317806 (VIOLATED)
_35013_/A2                              3.000000    3.317806   -0.317806 (VIOLATED)
_34878_/B1                              3.000000    3.315341   -0.315342 (VIOLATED)
_35307_/B1                              3.000000    3.315308   -0.315308 (VIOLATED)
_35251_/B1                              3.000000    3.315277   -0.315277 (VIOLATED)
_34272_/Z                               3.000000    3.315265   -0.315266 (VIOLATED)
wire1317/I                              3.000000    3.315265   -0.315266 (VIOLATED)
_36773_/A2                              3.000000    3.312037   -0.312037 (VIOLATED)
_36769_/A2                              3.000000    3.312033   -0.312033 (VIOLATED)
_36761_/A2                              3.000000    3.312002   -0.312002 (VIOLATED)
_36765_/A2                              3.000000    3.311999   -0.312000 (VIOLATED)
_35987_/Z                               3.000000    3.311963   -0.311963 (VIOLATED)
max_cap1227/I                           3.000000    3.311963   -0.311963 (VIOLATED)
_35936_/A1                              3.000000    3.310009   -0.310009 (VIOLATED)
_35925_/A1                              3.000000    3.309997   -0.309997 (VIOLATED)
_36449_/A1                              3.000000    3.309955   -0.309955 (VIOLATED)
_36995_/A2                              3.000000    3.309937   -0.309937 (VIOLATED)
_35924_/Z                               3.000000    3.309922   -0.309922 (VIOLATED)
_36774_/A1                              3.000000    3.309922   -0.309922 (VIOLATED)
max_cap1242/I                           3.000000    3.309922   -0.309922 (VIOLATED)
_36708_/B1                              3.000000    3.309917   -0.309917 (VIOLATED)
_36904_/A1                              3.000000    3.309898   -0.309898 (VIOLATED)
_36867_/A1                              3.000000    3.309873   -0.309873 (VIOLATED)
_36462_/B1                              3.000000    3.309795   -0.309795 (VIOLATED)
_36975_/A1                              3.000000    3.309738   -0.309738 (VIOLATED)
_36095_/Z                               3.000000    3.309725   -0.309725 (VIOLATED)
max_cap1209/I                           3.000000    3.309725   -0.309725 (VIOLATED)
_35976_/A2                              3.000000    3.307876   -0.307876 (VIOLATED)
_35960_/A3                              3.000000    3.307873   -0.307873 (VIOLATED)
_37137_/A2                              3.000000    3.307873   -0.307873 (VIOLATED)
_35747_/I                               3.000000    3.307871   -0.307871 (VIOLATED)
_36316_/C                               3.000000    3.307871   -0.307871 (VIOLATED)
_36334_/A3                              3.000000    3.307870   -0.307870 (VIOLATED)
_36720_/A3                              3.000000    3.307869   -0.307870 (VIOLATED)
_35871_/B                               3.000000    3.307850   -0.307850 (VIOLATED)
_37035_/B                               3.000000    3.307850   -0.307850 (VIOLATED)
_37063_/A3                              3.000000    3.307850   -0.307850 (VIOLATED)
fanout1600/Z                            3.000000    3.307850   -0.307850 (VIOLATED)
_37113_/A1                              3.000000    3.307579   -0.307579 (VIOLATED)
_37130_/A1                              3.000000    3.307575   -0.307576 (VIOLATED)
_36302_/B1                              3.000000    3.307564   -0.307564 (VIOLATED)
_36898_/A1                              3.000000    3.307558   -0.307558 (VIOLATED)
_36924_/A1                              3.000000    3.307555   -0.307556 (VIOLATED)
_36075_/Z                               3.000000    3.307545   -0.307545 (VIOLATED)
max_cap1210/I                           3.000000    3.307545   -0.307545 (VIOLATED)
_35901_/A1                              3.000000    3.305626   -0.305626 (VIOLATED)
_36004_/A1                              3.000000    3.305614   -0.305614 (VIOLATED)
_35950_/A1                              3.000000    3.305598   -0.305598 (VIOLATED)
_36734_/A1                              3.000000    3.305585   -0.305585 (VIOLATED)
wire1225/I                              3.000000    3.305575   -0.305576 (VIOLATED)
load_slew1249/I                         3.000000    3.305564   -0.305564 (VIOLATED)
_36002_/Z                               3.000000    3.305561   -0.305561 (VIOLATED)
_36459_/A1                              3.000000    3.305561   -0.305561 (VIOLATED)
_35900_/Z                               3.000000    3.305552   -0.305552 (VIOLATED)
_36377_/A1                              3.000000    3.305552   -0.305552 (VIOLATED)
_36391_/A2                              3.000000    3.305552   -0.305552 (VIOLATED)
_47518_/B2                              3.000000    3.301817   -0.301817 (VIOLATED)
_47579_/A1                              3.000000    3.301808   -0.301808 (VIOLATED)
load_slew688/I                          3.000000    3.301808   -0.301808 (VIOLATED)
_47780_/A1                              3.000000    3.301805   -0.301805 (VIOLATED)
_33882_/A2                              3.000000    3.301799   -0.301799 (VIOLATED)
_47199_/B1                              3.000000    3.301790   -0.301790 (VIOLATED)
_47650_/A1                              3.000000    3.301775   -0.301775 (VIOLATED)
_33881_/Z                               3.000000    3.301763   -0.301763 (VIOLATED)
_35998_/B1                              3.000000    3.296548   -0.296548 (VIOLATED)
_35954_/B1                              3.000000    3.296544   -0.296544 (VIOLATED)
_36471_/B1                              3.000000    3.296508   -0.296508 (VIOLATED)
_35759_/Z                               3.000000    3.296476   -0.296476 (VIOLATED)
_36844_/B1                              3.000000    3.296476   -0.296476 (VIOLATED)
load_slew1280/I                         3.000000    3.296476   -0.296476 (VIOLATED)
_36093_/B                               3.000000    3.285598   -0.285598 (VIOLATED)
_35791_/I                               3.000000    3.285591   -0.285591 (VIOLATED)
_35946_/I                               3.000000    3.285561   -0.285561 (VIOLATED)
_36896_/B                               3.000000    3.285559   -0.285559 (VIOLATED)
_35790_/Z                               3.000000    3.285531   -0.285531 (VIOLATED)
load_slew1562/I                         3.000000    3.285531   -0.285531 (VIOLATED)
_35181_/A1                              3.000000    3.274322   -0.274322 (VIOLATED)
_35276_/A1                              3.000000    3.274319   -0.274319 (VIOLATED)
_35217_/A1                              3.000000    3.274283   -0.274283 (VIOLATED)
load_slew1343/I                         3.000000    3.274267   -0.274267 (VIOLATED)
_35030_/A1                              3.000000    3.274236   -0.274236 (VIOLATED)
_33985_/Z                               3.000000    3.274217   -0.274217 (VIOLATED)
_35100_/A1                              3.000000    3.274217   -0.274217 (VIOLATED)
_35910_/A2                              3.000000    3.273387   -0.273387 (VIOLATED)
_36010_/B1                              3.000000    3.273380   -0.273380 (VIOLATED)
_36713_/B1                              3.000000    3.273373   -0.273373 (VIOLATED)
_36467_/B1                              3.000000    3.273370   -0.273370 (VIOLATED)
_36298_/A1                              3.000000    3.273360   -0.273360 (VIOLATED)
_35909_/Z                               3.000000    3.273345   -0.273346 (VIOLATED)
wire1246/I                              3.000000    3.273345   -0.273346 (VIOLATED)
_56082_/A1                              3.000000    3.267582   -0.267582 (VIOLATED)
_56150_/A1                              3.000000    3.267578   -0.267578 (VIOLATED)
_56013_/A1                              3.000000    3.267571   -0.267572 (VIOLATED)
_29343_/A1                              3.000000    3.267561   -0.267561 (VIOLATED)
_55945_/A1                              3.000000    3.267553   -0.267553 (VIOLATED)
_29002_/A2                              3.000000    3.267533   -0.267533 (VIOLATED)
_28997_/Z                               3.000000    3.267511   -0.267512 (VIOLATED)
max_cap904/I                            3.000000    3.267511   -0.267512 (VIOLATED)
_42395_/A2                              3.000000    3.265567   -0.265567 (VIOLATED)
_42776_/A2                              3.000000    3.265558   -0.265558 (VIOLATED)
_42964_/A2                              3.000000    3.265542   -0.265542 (VIOLATED)
_42873_/A2                              3.000000    3.265531   -0.265531 (VIOLATED)
max_cap919/I                            3.000000    3.265483   -0.265483 (VIOLATED)
_42000_/Z                               3.000000    3.265472   -0.265472 (VIOLATED)
_45241_/A1                              3.000000    3.265088   -0.265088 (VIOLATED)
_45186_/ZN                              3.000000    3.265085   -0.265085 (VIOLATED)
max_cap300/I                            3.000000    3.265085   -0.265085 (VIOLATED)
_36608_/A1                              3.000000    3.252269   -0.252269 (VIOLATED)
_36673_/A1                              3.000000    3.252200   -0.252200 (VIOLATED)
load_slew1213/I                         3.000000    3.252109   -0.252109 (VIOLATED)
_36052_/Z                               3.000000    3.252032   -0.252032 (VIOLATED)
_36880_/A1                              3.000000    3.252032   -0.252032 (VIOLATED)
_34955_/A1                              3.000000    3.250799   -0.250799 (VIOLATED)
_34878_/A1                              3.000000    3.250744   -0.250744 (VIOLATED)
_34258_/Z                               3.000000    3.250650   -0.250650 (VIOLATED)
_35266_/A1                              3.000000    3.250650   -0.250650 (VIOLATED)
load_slew1117/I                         3.000000    3.250650   -0.250650 (VIOLATED)
_46777_/A1                              3.000000    3.248496   -0.248496 (VIOLATED)
_46850_/A1                              3.000000    3.248494   -0.248494 (VIOLATED)
_46558_/A1                              3.000000    3.248481   -0.248481 (VIOLATED)
_46192_/A1                              3.000000    3.248475   -0.248475 (VIOLATED)
_46107_/Z                               3.000000    3.248444   -0.248444 (VIOLATED)
_46485_/A1                              3.000000    3.248444   -0.248444 (VIOLATED)
_46631_/A1                              3.000000    3.248444   -0.248444 (VIOLATED)
max_cap166/I                            3.000000    3.248444   -0.248444 (VIOLATED)
_35419_/B1                              3.000000    3.245700   -0.245700 (VIOLATED)
_34303_/B1                              3.000000    3.245699   -0.245699 (VIOLATED)
_35086_/B2                              3.000000    3.245653   -0.245654 (VIOLATED)
_34302_/Z                               3.000000    3.245638   -0.245638 (VIOLATED)
_35010_/B2                              3.000000    3.245638   -0.245638 (VIOLATED)
wire1309/I                              3.000000    3.245638   -0.245638 (VIOLATED)
_34346_/A1                              3.000000    3.242010   -0.242010 (VIOLATED)
_35002_/A1                              3.000000    3.242009   -0.242009 (VIOLATED)
_35005_/A1                              3.000000    3.242002   -0.242002 (VIOLATED)
_35381_/B1                              3.000000    3.241948   -0.241948 (VIOLATED)
_34345_/Z                               3.000000    3.241935   -0.241936 (VIOLATED)
_35159_/A1                              3.000000    3.241935   -0.241936 (VIOLATED)
_35162_/A1                              3.000000    3.241935   -0.241936 (VIOLATED)
load_slew1306/I                         3.000000    3.241935   -0.241936 (VIOLATED)
_36602_/A2                              3.000000    3.239944   -0.239944 (VIOLATED)
_36275_/A2                              3.000000    3.239925   -0.239925 (VIOLATED)
_36818_/A2                              3.000000    3.239915   -0.239915 (VIOLATED)
_36681_/A2                              3.000000    3.239897   -0.239897 (VIOLATED)
_35916_/Z                               3.000000    3.239829   -0.239829 (VIOLATED)
max_cap1415/I                           3.000000    3.239829   -0.239829 (VIOLATED)
_35231_/A1                              3.000000    3.234433   -0.234433 (VIOLATED)
_35253_/A1                              3.000000    3.234427   -0.234428 (VIOLATED)
_35290_/A1                              3.000000    3.234423   -0.234424 (VIOLATED)
_35275_/A2                              3.000000    3.234421   -0.234421 (VIOLATED)
_34124_/B2                              3.000000    3.234421   -0.234421 (VIOLATED)
_34120_/Z                               3.000000    3.234409   -0.234409 (VIOLATED)
load_slew1121/I                         3.000000    3.234409   -0.234409 (VIOLATED)
_37399_/A1                              3.000000    3.230973   -0.230973 (VIOLATED)
_37733_/A1                              3.000000    3.230967   -0.230967 (VIOLATED)
_37877_/A1                              3.000000    3.230944   -0.230944 (VIOLATED)
_37590_/A1                              3.000000    3.230930   -0.230930 (VIOLATED)
_29118_/Z                               3.000000    3.230874   -0.230874 (VIOLATED)
max_cap900/I                            3.000000    3.230874   -0.230874 (VIOLATED)
wire1109/I                              3.000000    3.228414   -0.228414 (VIOLATED)
_35340_/A2                              3.000000    3.228403   -0.228404 (VIOLATED)
_35019_/B1                              3.000000    3.228352   -0.228352 (VIOLATED)
_35079_/B1                              3.000000    3.228338   -0.228338 (VIOLATED)
_34859_/Z                               3.000000    3.228324   -0.228324 (VIOLATED)
_35225_/A2                              3.000000    3.228324   -0.228324 (VIOLATED)
_35262_/B1                              3.000000    3.228324   -0.228324 (VIOLATED)
_47646_/A1                              3.000000    3.218271   -0.218271 (VIOLATED)
_33875_/A2                              3.000000    3.218269   -0.218269 (VIOLATED)
_47776_/A1                              3.000000    3.218268   -0.218268 (VIOLATED)
load_slew708/I                          3.000000    3.218267   -0.218267 (VIOLATED)
_47575_/A1                              3.000000    3.218264   -0.218264 (VIOLATED)
_47438_/B1                              3.000000    3.218264   -0.218264 (VIOLATED)
_33874_/Z                               3.000000    3.218253   -0.218253 (VIOLATED)
_56009_/A1                              3.000000    3.216414   -0.216414 (VIOLATED)
_56078_/A1                              3.000000    3.216412   -0.216412 (VIOLATED)
_56146_/A1                              3.000000    3.216405   -0.216405 (VIOLATED)
_29326_/A1                              3.000000    3.216396   -0.216396 (VIOLATED)
_55941_/A1                              3.000000    3.216384   -0.216384 (VIOLATED)
_29317_/Z                               3.000000    3.216344   -0.216344 (VIOLATED)
max_cap893/I                            3.000000    3.216344   -0.216344 (VIOLATED)
_36016_/B1                              3.000000    3.209072   -0.209072 (VIOLATED)
_36342_/B1                              3.000000    3.209034   -0.209034 (VIOLATED)
_35801_/Z                               3.000000    3.208985   -0.208985 (VIOLATED)
_36943_/A1                              3.000000    3.208985   -0.208985 (VIOLATED)
_36962_/A1                              3.000000    3.208985   -0.208985 (VIOLATED)
max_cap1431/I                           3.000000    3.208985   -0.208985 (VIOLATED)
_56017_/A1                              3.000000    3.202860   -0.202860 (VIOLATED)
_56086_/A1                              3.000000    3.202858   -0.202858 (VIOLATED)
_56154_/A1                              3.000000    3.202853   -0.202853 (VIOLATED)
_29360_/A1                              3.000000    3.202817   -0.202818 (VIOLATED)
_55949_/A1                              3.000000    3.202801   -0.202802 (VIOLATED)
_29022_/A2                              3.000000    3.202767   -0.202767 (VIOLATED)
_29015_/Z                               3.000000    3.202753   -0.202753 (VIOLATED)
max_cap903/I                            3.000000    3.202753   -0.202753 (VIOLATED)
wire329/I                               3.000000    3.199370   -0.199371 (VIOLATED)
_44421_/ZN                              3.000000    3.199369   -0.199369 (VIOLATED)
_35821_/B1                              3.000000    3.198468   -0.198468 (VIOLATED)
_35812_/B1                              3.000000    3.198464   -0.198465 (VIOLATED)
_37059_/B1                              3.000000    3.198455   -0.198455 (VIOLATED)
_36042_/I                               3.000000    3.198451   -0.198451 (VIOLATED)
_35811_/Z                               3.000000    3.198433   -0.198433 (VIOLATED)
_36890_/B2                              3.000000    3.198433   -0.198433 (VIOLATED)
load_slew1430/I                         3.000000    3.198433   -0.198433 (VIOLATED)
_34493_/A1                              3.000000    3.194534   -0.194534 (VIOLATED)
_34452_/A1                              3.000000    3.194526   -0.194526 (VIOLATED)
load_slew1122/I                         3.000000    3.194491   -0.194491 (VIOLATED)
_35317_/A1                              3.000000    3.194446   -0.194446 (VIOLATED)
_35020_/A1                              3.000000    3.194369   -0.194369 (VIOLATED)
_35080_/A1                              3.000000    3.194335   -0.194336 (VIOLATED)
_34101_/Z                               3.000000    3.194326   -0.194326 (VIOLATED)
_44415_/ZN                              3.000000    3.191338   -0.191338 (VIOLATED)
wire331/I                               3.000000    3.191338   -0.191338 (VIOLATED)
_36393_/A2                              3.000000    3.181887   -0.181887 (VIOLATED)
_36452_/A2                              3.000000    3.181878   -0.181879 (VIOLATED)
_36428_/A2                              3.000000    3.181874   -0.181874 (VIOLATED)
_35926_/A2                              3.000000    3.181857   -0.181857 (VIOLATED)
_35945_/A2                              3.000000    3.181852   -0.181852 (VIOLATED)
_35920_/Z                               3.000000    3.181819   -0.181819 (VIOLATED)
max_cap1501/I                           3.000000    3.181819   -0.181819 (VIOLATED)
_36473_/A2                              3.000000    3.178578   -0.178578 (VIOLATED)
_36007_/A2                              3.000000    3.178576   -0.178576 (VIOLATED)
_36716_/A2                              3.000000    3.178565   -0.178565 (VIOLATED)
_35955_/Z                               3.000000    3.178553   -0.178553 (VIOLATED)
_35959_/A2                              3.000000    3.178553   -0.178553 (VIOLATED)
load_slew1499/I                         3.000000    3.178553   -0.178553 (VIOLATED)
_35011_/B                               3.000000    3.174423   -0.174423 (VIOLATED)
_34700_/A2                              3.000000    3.174419   -0.174420 (VIOLATED)
_34371_/A2                              3.000000    3.174407   -0.174407 (VIOLATED)
_34817_/A2                              3.000000    3.174351   -0.174351 (VIOLATED)
load_slew1514/I                         3.000000    3.174345   -0.174346 (VIOLATED)
_34364_/Z                               3.000000    3.174286   -0.174286 (VIOLATED)
_35168_/B                               3.000000    3.174286   -0.174286 (VIOLATED)
_44555_/Z                               3.000000    3.170026   -0.170026 (VIOLATED)
_44557_/A1                              3.000000    3.170026   -0.170026 (VIOLATED)
_44727_/A1                              3.000000    3.170026   -0.170026 (VIOLATED)
_44801_/A1                              3.000000    3.170026   -0.170026 (VIOLATED)
_44874_/A1                              3.000000    3.170026   -0.170026 (VIOLATED)
_44947_/A1                              3.000000    3.170026   -0.170026 (VIOLATED)
load_slew234/I                          3.000000    3.170026   -0.170026 (VIOLATED)
_35070_/A1                              3.000000    3.169305   -0.169305 (VIOLATED)
_35064_/A1                              3.000000    3.169294   -0.169295 (VIOLATED)
_35316_/A2                              3.000000    3.169275   -0.169275 (VIOLATED)
_35019_/A2                              3.000000    3.169269   -0.169269 (VIOLATED)
_35104_/A1                              3.000000    3.169224   -0.169224 (VIOLATED)
_35018_/Z                               3.000000    3.169199   -0.169200 (VIOLATED)
max_cap1283/I                           3.000000    3.169199   -0.169200 (VIOLATED)
_47522_/B2                              3.000000    3.158096   -0.158096 (VIOLATED)
load_slew687/I                          3.000000    3.158087   -0.158088 (VIOLATED)
_33886_/A2                              3.000000    3.158069   -0.158069 (VIOLATED)
_47201_/B1                              3.000000    3.158064   -0.158064 (VIOLATED)
_47581_/A1                              3.000000    3.158047   -0.158048 (VIOLATED)
_47652_/A1                              3.000000    3.158034   -0.158034 (VIOLATED)
_33885_/Z                               3.000000    3.158017   -0.158017 (VIOLATED)
_55415_/A1                              3.000000    3.157439   -0.157439 (VIOLATED)
_55029_/A1                              3.000000    3.157436   -0.157436 (VIOLATED)
_55126_/A1                              3.000000    3.157436   -0.157436 (VIOLATED)
_55511_/A1                              3.000000    3.157404   -0.157404 (VIOLATED)
_55319_/A1                              3.000000    3.157389   -0.157389 (VIOLATED)
_55222_/A1                              3.000000    3.157372   -0.157373 (VIOLATED)
_54620_/Z                               3.000000    3.157362   -0.157362 (VIOLATED)
max_cap372/I                            3.000000    3.157362   -0.157362 (VIOLATED)
_35427_/A2                              3.000000    3.156077   -0.156077 (VIOLATED)
fanout1653/I                            3.000000    3.156065   -0.156065 (VIOLATED)
_34675_/A2                              3.000000    3.156060   -0.156060 (VIOLATED)
_34670_/A2                              3.000000    3.156058   -0.156058 (VIOLATED)
_35329_/A2                              3.000000    3.156058   -0.156058 (VIOLATED)
_34411_/A2                              3.000000    3.156054   -0.156054 (VIOLATED)
_35052_/A2                              3.000000    3.156053   -0.156053 (VIOLATED)
_34774_/A2                              3.000000    3.156052   -0.156052 (VIOLATED)
_34794_/A2                              3.000000    3.156051   -0.156051 (VIOLATED)
_35339_/A2                              3.000000    3.156035   -0.156035 (VIOLATED)
fanout1654/Z                            3.000000    3.156035   -0.156035 (VIOLATED)
_35176_/A2                              3.000000    3.150139   -0.150139 (VIOLATED)
_35390_/A2                              3.000000    3.150106   -0.150106 (VIOLATED)
_35221_/A1                              3.000000    3.150075   -0.150075 (VIOLATED)
max_cap1288/I                           3.000000    3.150047   -0.150047 (VIOLATED)
_34864_/Z                               3.000000    3.150035   -0.150035 (VIOLATED)
_35113_/A1                              3.000000    3.150035   -0.150035 (VIOLATED)
_37158_/A3                              3.000000    3.146013   -0.146013 (VIOLATED)
_36740_/A3                              3.000000    3.145989   -0.145989 (VIOLATED)
_35792_/A2                              3.000000    3.145926   -0.145926 (VIOLATED)
max_cap1508/I                           3.000000    3.145896   -0.145896 (VIOLATED)
_35791_/Z                               3.000000    3.145865   -0.145865 (VIOLATED)
_36047_/B                               3.000000    3.145865   -0.145865 (VIOLATED)
_36092_/A2                              3.000000    3.143873   -0.143874 (VIOLATED)
_36026_/I                               3.000000    3.143871   -0.143871 (VIOLATED)
_36890_/A2                              3.000000    3.143800   -0.143801 (VIOLATED)
_35859_/Z                               3.000000    3.143779   -0.143779 (VIOLATED)
max_cap1421/I                           3.000000    3.143779   -0.143779 (VIOLATED)
_56094_/A1                              3.000000    3.141809   -0.141809 (VIOLATED)
_56162_/A1                              3.000000    3.141807   -0.141807 (VIOLATED)
_56025_/A1                              3.000000    3.141805   -0.141805 (VIOLATED)
_29392_/A1                              3.000000    3.141795   -0.141795 (VIOLATED)
_55957_/A1                              3.000000    3.141786   -0.141786 (VIOLATED)
max_cap955/I                            3.000000    3.141727   -0.141728 (VIOLATED)
_29384_/Z                               3.000000    3.141715   -0.141715 (VIOLATED)
_56624_/A1                              3.000000    3.141715   -0.141715 (VIOLATED)
_46467_/A1                              3.000000    3.136568   -0.136568 (VIOLATED)
_46174_/A1                              3.000000    3.136567   -0.136567 (VIOLATED)
_46686_/A1                              3.000000    3.136566   -0.136566 (VIOLATED)
_46613_/A1                              3.000000    3.136566   -0.136566 (VIOLATED)
_46080_/Z                               3.000000    3.136555   -0.136556 (VIOLATED)
_46540_/A1                              3.000000    3.136555   -0.136556 (VIOLATED)
max_cap174/I                            3.000000    3.136555   -0.136556 (VIOLATED)
_46668_/A1                              3.000000    3.135671   -0.135671 (VIOLATED)
_46595_/A1                              3.000000    3.135669   -0.135669 (VIOLATED)
_46156_/A1                              3.000000    3.135669   -0.135669 (VIOLATED)
_46449_/A1                              3.000000    3.135666   -0.135666 (VIOLATED)
_46053_/Z                               3.000000    3.135654   -0.135654 (VIOLATED)
_46522_/A1                              3.000000    3.135654   -0.135654 (VIOLATED)
_46814_/A1                              3.000000    3.135654   -0.135654 (VIOLATED)
load_slew182/I                          3.000000    3.135654   -0.135654 (VIOLATED)
_35196_/A1                              3.000000    3.129493   -0.129493 (VIOLATED)
_35109_/A1                              3.000000    3.129490   -0.129490 (VIOLATED)
wire1112/I                              3.000000    3.129489   -0.129489 (VIOLATED)
_35237_/A1                              3.000000    3.129486   -0.129486 (VIOLATED)
_34488_/Z                               3.000000    3.129476   -0.129476 (VIOLATED)
_35101_/A1                              3.000000    3.129476   -0.129476 (VIOLATED)
_36462_/A2                              3.000000    3.124370   -0.124370 (VIOLATED)
_36309_/A1                              3.000000    3.124358   -0.124358 (VIOLATED)
_36498_/B2                              3.000000    3.124357   -0.124357 (VIOLATED)
_36708_/A2                              3.000000    3.124356   -0.124356 (VIOLATED)
_36138_/Z                               3.000000    3.124343   -0.124343 (VIOLATED)
max_cap1206/I                           3.000000    3.124343   -0.124343 (VIOLATED)
load_slew235/I                          3.000000    3.118360   -0.118360 (VIOLATED)
_44552_/A1                              3.000000    3.118359   -0.118360 (VIOLATED)
_44872_/A1                              3.000000    3.118356   -0.118356 (VIOLATED)
_44546_/Z                               3.000000    3.118345   -0.118345 (VIOLATED)
_44725_/A1                              3.000000    3.118345   -0.118345 (VIOLATED)
_44799_/A1                              3.000000    3.118345   -0.118345 (VIOLATED)
_44945_/A1                              3.000000    3.118345   -0.118345 (VIOLATED)
_55476_/A3                              3.000000    3.112362   -0.112362 (VIOLATED)
_55764_/A3                              3.000000    3.112346   -0.112346 (VIOLATED)
_55668_/A3                              3.000000    3.112342   -0.112342 (VIOLATED)
_55572_/A3                              3.000000    3.112339   -0.112339 (VIOLATED)
_55380_/A3                              3.000000    3.112325   -0.112325 (VIOLATED)
_53209_/Z                               3.000000    3.112274   -0.112274 (VIOLATED)
max_cap156/I                            3.000000    3.112274   -0.112274 (VIOLATED)
_40372_/A1                              3.000000    3.104209   -0.104209 (VIOLATED)
_38262_/ZN                              3.000000    3.104208   -0.104208 (VIOLATED)
_39999_/A1                              3.000000    3.104208   -0.104208 (VIOLATED)
_40186_/A1                              3.000000    3.104208   -0.104208 (VIOLATED)
wire858/I                               3.000000    3.104208   -0.104208 (VIOLATED)
_43417_/A1                              3.000000    3.101182   -0.101182 (VIOLATED)
_43875_/A1                              3.000000    3.101180   -0.101180 (VIOLATED)
_43717_/A1                              3.000000    3.101179   -0.101179 (VIOLATED)
max_cap827/I                            3.000000    3.101178   -0.101178 (VIOLATED)
_43137_/Z                               3.000000    3.101166   -0.101166 (VIOLATED)
_43138_/A1                              3.000000    3.101166   -0.101166 (VIOLATED)
_43970_/A1                              3.000000    3.101166   -0.101166 (VIOLATED)
_36046_/B2                              3.000000    3.100006   -0.100006 (VIOLATED)
_36556_/A2                              3.000000    3.100003   -0.100003 (VIOLATED)
max_cap1215/I                           3.000000    3.099939   -0.099939 (VIOLATED)
_37041_/A2                              3.000000    3.099903   -0.099903 (VIOLATED)
_36042_/Z                               3.000000    3.099886   -0.099886 (VIOLATED)
_34882_/A1                              3.000000    3.097314   -0.097314 (VIOLATED)
_34888_/A2                              3.000000    3.097311   -0.097311 (VIOLATED)
fanout1657/I                            3.000000    3.097306   -0.097306 (VIOLATED)
_35457_/A2                              3.000000    3.097305   -0.097305 (VIOLATED)
_33993_/A1                              3.000000    3.097301   -0.097301 (VIOLATED)
_34926_/A2                              3.000000    3.097299   -0.097299 (VIOLATED)
_33992_/A2                              3.000000    3.097296   -0.097296 (VIOLATED)
_34931_/A2                              3.000000    3.097295   -0.097295 (VIOLATED)
_34406_/A2                              3.000000    3.097283   -0.097283 (VIOLATED)
_35047_/A2                              3.000000    3.097283   -0.097283 (VIOLATED)
fanout1658/Z                            3.000000    3.097283   -0.097283 (VIOLATED)
_29302_/A1                              3.000000    3.095741   -0.095741 (VIOLATED)
load_slew345/I                          3.000000    3.095741   -0.095741 (VIOLATED)
_29293_/ZN                              3.000000    3.095724   -0.095724 (VIOLATED)
_39300_/A1                              3.000000    3.090561   -0.090562 (VIOLATED)
_39113_/A1                              3.000000    3.090559   -0.090559 (VIOLATED)
_39495_/A1                              3.000000    3.090537   -0.090537 (VIOLATED)
_39683_/A1                              3.000000    3.090512   -0.090512 (VIOLATED)
_38102_/Z                               3.000000    3.090496   -0.090496 (VIOLATED)
_39876_/A1                              3.000000    3.090496   -0.090496 (VIOLATED)
max_cap754/I                            3.000000    3.090496   -0.090496 (VIOLATED)
_45496_/A1                              3.000000    3.090173   -0.090174 (VIOLATED)
_45441_/ZN                              3.000000    3.090135   -0.090135 (VIOLATED)
max_cap193/I                            3.000000    3.090135   -0.090135 (VIOLATED)
_35434_/A3                              3.000000    3.082067   -0.082067 (VIOLATED)
_34781_/A2                              3.000000    3.082067   -0.082067 (VIOLATED)
_34309_/A2                              3.000000    3.082061   -0.082061 (VIOLATED)
_35154_/A2                              3.000000    3.082061   -0.082061 (VIOLATED)
_34020_/I                               3.000000    3.082057   -0.082057 (VIOLATED)
_33679_/ZN                              3.000000    3.082048   -0.082048 (VIOLATED)
max_cap997/I                            3.000000    3.082048   -0.082048 (VIOLATED)
_44363_/ZN                              3.000000    3.081886   -0.081886 (VIOLATED)
wire336/I                               3.000000    3.081886   -0.081886 (VIOLATED)
_35448_/A1                              3.000000    3.081162   -0.081162 (VIOLATED)
load_slew1286/I                         3.000000    3.081155   -0.081155 (VIOLATED)
_35386_/B1                              3.000000    3.081146   -0.081146 (VIOLATED)
_35401_/A1                              3.000000    3.081127   -0.081127 (VIOLATED)
_34908_/Z                               3.000000    3.081091   -0.081091 (VIOLATED)
_35225_/B1                              3.000000    3.081091   -0.081091 (VIOLATED)
_37741_/A1                              3.000000    3.077766   -0.077766 (VIOLATED)
_37407_/A1                              3.000000    3.077762   -0.077762 (VIOLATED)
_37885_/A1                              3.000000    3.077734   -0.077734 (VIOLATED)
_37598_/A1                              3.000000    3.077716   -0.077716 (VIOLATED)
_29145_/Z                               3.000000    3.077678   -0.077678 (VIOLATED)
max_cap964/I                            3.000000    3.077678   -0.077678 (VIOLATED)
_45075_/A1                              3.000000    3.055482   -0.055482 (VIOLATED)
_44854_/A1                              3.000000    3.055477   -0.055477 (VIOLATED)
load_slew243/I                          3.000000    3.055476   -0.055477 (VIOLATED)
_44631_/A1                              3.000000    3.055474   -0.055474 (VIOLATED)
_44493_/Z                               3.000000    3.055464   -0.055464 (VIOLATED)
_45152_/A1                              3.000000    3.055464   -0.055464 (VIOLATED)
_45226_/A1                              3.000000    3.055464   -0.055464 (VIOLATED)
_36156_/B1                              3.000000    3.045028   -0.045028 (VIOLATED)
_36736_/B1                              3.000000    3.045006   -0.045006 (VIOLATED)
load_slew1205/I                         3.000000    3.045005   -0.045005 (VIOLATED)
_36729_/A1                              3.000000    3.045004   -0.045004 (VIOLATED)
_36155_/Z                               3.000000    3.044993   -0.044993 (VIOLATED)
_36327_/A2                              3.000000    3.044993   -0.044993 (VIOLATED)
wire481/I                               3.000000    3.037656   -0.037656 (VIOLATED)
_44570_/ZN                              3.000000    3.037654   -0.037654 (VIOLATED)
_62137_/RN                              3.000000    3.033319   -0.033319 (VIOLATED)
_62138_/RN                              3.000000    3.033319   -0.033319 (VIOLATED)
_62136_/RN                              3.000000    3.033317   -0.033317 (VIOLATED)
_62134_/RN                              3.000000    3.033316   -0.033316 (VIOLATED)
_62135_/RN                              3.000000    3.033314   -0.033315 (VIOLATED)
_62133_/RN                              3.000000    3.033307   -0.033307 (VIOLATED)
_62119_/RN                              3.000000    3.033298   -0.033298 (VIOLATED)
_62118_/RN                              3.000000    3.033296   -0.033296 (VIOLATED)
_62113_/RN                              3.000000    3.033289   -0.033289 (VIOLATED)
_62116_/RN                              3.000000    3.033275   -0.033275 (VIOLATED)
fanout1885/Z                            3.000000    3.033275   -0.033275 (VIOLATED)
_42969_/A2                              3.000000    3.030731   -0.030731 (VIOLATED)
_42878_/A2                              3.000000    3.030716   -0.030716 (VIOLATED)
_42782_/A2                              3.000000    3.030657   -0.030657 (VIOLATED)
max_cap918/I                            3.000000    3.030578   -0.030578 (VIOLATED)
_42006_/Z                               3.000000    3.030544   -0.030544 (VIOLATED)
_37737_/A1                              3.000000    3.029633   -0.029633 (VIOLATED)
_37403_/A1                              3.000000    3.029629   -0.029629 (VIOLATED)
_37881_/A1                              3.000000    3.029610   -0.029610 (VIOLATED)
_37594_/A1                              3.000000    3.029601   -0.029601 (VIOLATED)
_29132_/Z                               3.000000    3.029567   -0.029567 (VIOLATED)
max_cap966/I                            3.000000    3.029567   -0.029567 (VIOLATED)
max_cap848/I                            3.000000    3.028173   -0.028173 (VIOLATED)
_39511_/I                               3.000000    3.028173   -0.028173 (VIOLATED)
_39510_/ZN                              3.000000    3.028156   -0.028156 (VIOLATED)
_32068_/ZN                              3.000000    3.024258   -0.024258 (VIOLATED)
_32069_/A1                              3.000000    3.024258   -0.024258 (VIOLATED)
_32735_/I                               3.000000    3.024258   -0.024258 (VIOLATED)
_50353_/B                               3.000000    3.024258   -0.024258 (VIOLATED)
load_slew1531/I                         3.000000    3.024258   -0.024258 (VIOLATED)
wire1233/I                              3.000000    3.021949   -0.021949 (VIOLATED)
_37075_/B1                              3.000000    3.021948   -0.021948 (VIOLATED)
_35965_/A2                              3.000000    3.021888   -0.021888 (VIOLATED)
_37753_/A1                              3.000000    3.021866   -0.021866 (VIOLATED)
_37421_/A1                              3.000000    3.021860   -0.021861 (VIOLATED)
_35964_/Z                               3.000000    3.021857   -0.021857 (VIOLATED)
_36416_/A1                              3.000000    3.021857   -0.021857 (VIOLATED)
_37897_/A1                              3.000000    3.021845   -0.021845 (VIOLATED)
_37610_/A1                              3.000000    3.021828   -0.021828 (VIOLATED)
_37419_/Z                               3.000000    3.021762   -0.021762 (VIOLATED)
max_cap938/I                            3.000000    3.021762   -0.021762 (VIOLATED)
_34132_/B                               3.000000    3.020740   -0.020740 (VIOLATED)
_34894_/A2                              3.000000    3.020737   -0.020737 (VIOLATED)
_34893_/A3                              3.000000    3.020736   -0.020737 (VIOLATED)
_34808_/A3                              3.000000    3.020734   -0.020734 (VIOLATED)
_34931_/B                               3.000000    3.020725   -0.020725 (VIOLATED)
_34737_/A2                              3.000000    3.020722   -0.020723 (VIOLATED)
_34711_/A3                              3.000000    3.020722   -0.020722 (VIOLATED)
_34790_/A2                              3.000000    3.020719   -0.020719 (VIOLATED)
_34407_/A3                              3.000000    3.020709   -0.020709 (VIOLATED)
_35452_/A2                              3.000000    3.020709   -0.020709 (VIOLATED)
fanout1638/Z                            3.000000    3.020709   -0.020709 (VIOLATED)
wire1670/I                              3.000000    3.016791   -0.016791 (VIOLATED)
_37471_/Z                               3.000000    3.016650   -0.016650 (VIOLATED)
_37472_/A2                              3.000000    3.016650   -0.016650 (VIOLATED)
_39257_/A1                              3.000000    3.013767   -0.013768 (VIOLATED)
_39646_/A1                              3.000000    3.013766   -0.013766 (VIOLATED)
_38042_/Z                               3.000000    3.013755   -0.013755 (VIOLATED)
_39072_/A1                              3.000000    3.013755   -0.013755 (VIOLATED)
_39458_/A1                              3.000000    3.013755   -0.013755 (VIOLATED)
_39512_/A1                              3.000000    3.013755   -0.013755 (VIOLATED)
load_slew758/I                          3.000000    3.013755   -0.013755 (VIOLATED)
_46176_/A1                              3.000000    3.007892   -0.007892 (VIOLATED)
_46469_/A1                              3.000000    3.007891   -0.007891 (VIOLATED)
_46542_/A1                              3.000000    3.007886   -0.007886 (VIOLATED)
_46615_/A1                              3.000000    3.007881   -0.007881 (VIOLATED)
_46688_/A1                              3.000000    3.007880   -0.007881 (VIOLATED)
_46086_/Z                               3.000000    3.007869   -0.007870 (VIOLATED)
max_cap173/I                            3.000000    3.007869   -0.007870 (VIOLATED)
_36411_/A2                              3.000000    3.003595   -0.003595 (VIOLATED)
_36933_/A2                              3.000000    3.003593   -0.003593 (VIOLATED)
_36399_/A2                              3.000000    3.003590   -0.003590 (VIOLATED)
_36929_/A1                              3.000000    3.003590   -0.003590 (VIOLATED)
_36196_/A1                              3.000000    3.003588   -0.003588 (VIOLATED)
_36195_/A2                              3.000000    3.003588   -0.003588 (VIOLATED)
_36928_/B                               3.000000    3.003585   -0.003585 (VIOLATED)
_36242_/A2                              3.000000    3.003583   -0.003584 (VIOLATED)
_36243_/A2                              3.000000    3.003566   -0.003566 (VIOLATED)
_36248_/A2                              3.000000    3.003566   -0.003566 (VIOLATED)
fanout1618/Z                            3.000000    3.003566   -0.003566 (VIOLATED)

max fanout

Pin                                   Limit Fanout  Slack
---------------------------------------------------------
clkbuf_leaf_1_i_core_v_mini_mcu.peripheral_subsystem_i.clk_cg/Z     10     18     -8 (VIOLATED)
clkbuf_leaf_11_i_core_v_mini_mcu.peripheral_subsystem_i.clk_cg/Z     10     17     -7 (VIOLATED)
clkbuf_leaf_17_i_core_v_mini_mcu.peripheral_subsystem_i.clk_cg/Z     10     17     -7 (VIOLATED)
clkbuf_leaf_20_i_core_v_mini_mcu.peripheral_subsystem_i.clk_cg/Z     10     17     -7 (VIOLATED)
clkbuf_leaf_2_i_core_v_mini_mcu.peripheral_subsystem_i.clk_cg/Z     10     17     -7 (VIOLATED)
clkbuf_leaf_4_i_core_v_mini_mcu.peripheral_subsystem_i.clk_cg/Z     10     17     -7 (VIOLATED)
clkbuf_leaf_6_i_core_v_mini_mcu.peripheral_subsystem_i.clk_cg/Z     10     17     -7 (VIOLATED)
clkbuf_leaf_9_i_core_v_mini_mcu.peripheral_subsystem_i.clk_cg/Z     10     17     -7 (VIOLATED)
clkbuf_0_clk_i_regs/Z                    10     16     -6 (VIOLATED)
clkbuf_0_i_core_v_mini_mcu.cpu_subsystem_i.cpu_0_0.clk_i/Z     10     16     -6 (VIOLATED)
clkbuf_0_i_core_v_mini_mcu.cpu_subsystem_i.cpu_1_0.clk_i/Z     10     16     -6 (VIOLATED)
clkbuf_0_i_core_v_mini_mcu.memory_subsystem_i.clk_cg/Z     10     16     -6 (VIOLATED)
clkbuf_leaf_0_i_core_v_mini_mcu.peripheral_subsystem_i.clk_cg/Z     10     16     -6 (VIOLATED)
clkbuf_leaf_115_clk_i_regs/Z             10     16     -6 (VIOLATED)
clkbuf_leaf_13_i_core_v_mini_mcu.peripheral_subsystem_i.clk_cg/Z     10     16     -6 (VIOLATED)
clkbuf_leaf_16_i_core_v_mini_mcu.peripheral_subsystem_i.clk_cg/Z     10     16     -6 (VIOLATED)
clkbuf_leaf_25_i_core_v_mini_mcu.cpu_subsystem_i.cpu_1_0.clk_i/Z     10     16     -6 (VIOLATED)
clkbuf_leaf_29_i_core_v_mini_mcu.peripheral_subsystem_i.clk_cg/Z     10     16     -6 (VIOLATED)
clkbuf_leaf_30_i_core_v_mini_mcu.peripheral_subsystem_i.clk_cg/Z     10     16     -6 (VIOLATED)
clkbuf_leaf_3_i_core_v_mini_mcu.peripheral_subsystem_i.clk_cg/Z     10     16     -6 (VIOLATED)
clkbuf_leaf_5_i_core_v_mini_mcu.peripheral_subsystem_i.clk_cg/Z     10     16     -6 (VIOLATED)
clkbuf_leaf_93_clk_i_regs/Z              10     16     -6 (VIOLATED)
clkbuf_leaf_107_i_core_v_mini_mcu.cpu_subsystem_i.cpu_0_0.clk_i/Z     10     15     -5 (VIOLATED)
clkbuf_leaf_10_i_core_v_mini_mcu.cpu_subsystem_i.cpu_0_0.clk_i/Z     10     15     -5 (VIOLATED)
clkbuf_leaf_15_i_core_v_mini_mcu.peripheral_subsystem_i.clk_cg/Z     10     15     -5 (VIOLATED)
clkbuf_leaf_23_i_core_v_mini_mcu.peripheral_subsystem_i.clk_cg/Z     10     15     -5 (VIOLATED)
clkbuf_leaf_26_i_core_v_mini_mcu.memory_subsystem_i.clk_cg/Z     10     15     -5 (VIOLATED)
clkbuf_leaf_27_i_core_v_mini_mcu.memory_subsystem_i.clk_cg/Z     10     15     -5 (VIOLATED)
clkbuf_leaf_2_i_core_v_mini_mcu.cpu_subsystem_i.cpu_1_0.clk_i/Z     10     15     -5 (VIOLATED)
clkbuf_leaf_31_i_core_v_mini_mcu.peripheral_subsystem_i.clk_cg/Z     10     15     -5 (VIOLATED)
clkbuf_leaf_32_i_core_v_mini_mcu.peripheral_subsystem_i.clk_cg/Z     10     15     -5 (VIOLATED)
clkbuf_leaf_33_clk_i_regs/Z              10     15     -5 (VIOLATED)
clkbuf_leaf_48_clk_i_regs/Z              10     15     -5 (VIOLATED)
clkbuf_leaf_8_i_core_v_mini_mcu.memory_subsystem_i.clk_cg/Z     10     15     -5 (VIOLATED)
clkbuf_leaf_94_clk_i_regs/Z              10     15     -5 (VIOLATED)
clkbuf_leaf_0_i_core_v_mini_mcu.cpu_subsystem_i.cpu_1_0.clk_i/Z     10     14     -4 (VIOLATED)
clkbuf_leaf_108_clk_i_regs/Z             10     14     -4 (VIOLATED)
clkbuf_leaf_10_i_core_v_mini_mcu.peripheral_subsystem_i.clk_cg/Z     10     14     -4 (VIOLATED)
clkbuf_leaf_112_clk_i_regs/Z             10     14     -4 (VIOLATED)
clkbuf_leaf_112_i_core_v_mini_mcu.cpu_subsystem_i.cpu_0_0.clk_i/Z     10     14     -4 (VIOLATED)
clkbuf_leaf_117_clk_i_regs/Z             10     14     -4 (VIOLATED)
clkbuf_leaf_118_clk_i_regs/Z             10     14     -4 (VIOLATED)
clkbuf_leaf_120_clk_i_regs/Z             10     14     -4 (VIOLATED)
clkbuf_leaf_122_clk_i_regs/Z             10     14     -4 (VIOLATED)
clkbuf_leaf_12_i_core_v_mini_mcu.cpu_subsystem_i.cpu_1_0.clk_i/Z     10     14     -4 (VIOLATED)
clkbuf_leaf_12_i_core_v_mini_mcu.peripheral_subsystem_i.clk_cg/Z     10     14     -4 (VIOLATED)
clkbuf_leaf_14_i_core_v_mini_mcu.cpu_subsystem_i.cpu_0_0.clk_i/Z     10     14     -4 (VIOLATED)
clkbuf_leaf_14_i_core_v_mini_mcu.peripheral_subsystem_i.clk_cg/Z     10     14     -4 (VIOLATED)
clkbuf_leaf_15_i_core_v_mini_mcu.cpu_subsystem_i.cpu_0_0.clk_i/Z     10     14     -4 (VIOLATED)
clkbuf_leaf_16_i_core_v_mini_mcu.cpu_subsystem_i.cpu_0_0.clk_i/Z     10     14     -4 (VIOLATED)
clkbuf_leaf_19_clk_i_regs/Z              10     14     -4 (VIOLATED)
clkbuf_leaf_19_i_core_v_mini_mcu.peripheral_subsystem_i.clk_cg/Z     10     14     -4 (VIOLATED)
clkbuf_leaf_1_clk_i_regs/Z               10     14     -4 (VIOLATED)
clkbuf_leaf_20_clk_i_regs/Z              10     14     -4 (VIOLATED)
clkbuf_leaf_20_i_core_v_mini_mcu.memory_subsystem_i.clk_cg/Z     10     14     -4 (VIOLATED)
clkbuf_leaf_21_i_core_v_mini_mcu.cpu_subsystem_i.cpu_0_0.clk_i/Z     10     14     -4 (VIOLATED)
clkbuf_leaf_22_i_core_v_mini_mcu.peripheral_subsystem_i.clk_cg/Z     10     14     -4 (VIOLATED)
clkbuf_leaf_24_i_core_v_mini_mcu.cpu_subsystem_i.cpu_0_0.clk_i/Z     10     14     -4 (VIOLATED)
clkbuf_leaf_24_i_core_v_mini_mcu.peripheral_subsystem_i.clk_cg/Z     10     14     -4 (VIOLATED)
clkbuf_leaf_25_i_core_v_mini_mcu.peripheral_subsystem_i.clk_cg/Z     10     14     -4 (VIOLATED)
clkbuf_leaf_26_i_core_v_mini_mcu.cpu_subsystem_i.cpu_1_0.clk_i/Z     10     14     -4 (VIOLATED)
clkbuf_leaf_28_clk_i_regs/Z              10     14     -4 (VIOLATED)
clkbuf_leaf_28_i_core_v_mini_mcu.peripheral_subsystem_i.clk_cg/Z     10     14     -4 (VIOLATED)
clkbuf_leaf_29_clk_i_regs/Z              10     14     -4 (VIOLATED)
clkbuf_leaf_29_i_core_v_mini_mcu.memory_subsystem_i.clk_cg/Z     10     14     -4 (VIOLATED)
clkbuf_leaf_30_i_core_v_mini_mcu.memory_subsystem_i.clk_cg/Z     10     14     -4 (VIOLATED)
clkbuf_leaf_34_clk_i_regs/Z              10     14     -4 (VIOLATED)
clkbuf_leaf_35_clk_i_regs/Z              10     14     -4 (VIOLATED)
clkbuf_leaf_35_i_core_v_mini_mcu.memory_subsystem_i.clk_cg/Z     10     14     -4 (VIOLATED)
clkbuf_leaf_36_clk_i_regs/Z              10     14     -4 (VIOLATED)
clkbuf_leaf_36_i_core_v_mini_mcu.cpu_subsystem_i.cpu_0_0.clk_i/Z     10     14     -4 (VIOLATED)
clkbuf_leaf_38_clk_i_regs/Z              10     14     -4 (VIOLATED)
clkbuf_leaf_39_clk_i_regs/Z              10     14     -4 (VIOLATED)
clkbuf_leaf_3_i_core_v_mini_mcu.cpu_subsystem_i.cpu_1_0.clk_i/Z     10     14     -4 (VIOLATED)
clkbuf_leaf_40_clk_i_regs/Z              10     14     -4 (VIOLATED)
clkbuf_leaf_40_i_core_v_mini_mcu.memory_subsystem_i.clk_cg/Z     10     14     -4 (VIOLATED)
clkbuf_leaf_45_clk_i_regs/Z              10     14     -4 (VIOLATED)
clkbuf_leaf_45_i_core_v_mini_mcu.cpu_subsystem_i.cpu_0_0.clk_i/Z     10     14     -4 (VIOLATED)
clkbuf_leaf_46_clk_i_regs/Z              10     14     -4 (VIOLATED)
clkbuf_leaf_47_clk_i_regs/Z              10     14     -4 (VIOLATED)
clkbuf_leaf_49_clk_i_regs/Z              10     14     -4 (VIOLATED)
clkbuf_leaf_49_i_core_v_mini_mcu.memory_subsystem_i.clk_cg/Z     10     14     -4 (VIOLATED)
clkbuf_leaf_4_i_core_v_mini_mcu.memory_subsystem_i.clk_cg/Z     10     14     -4 (VIOLATED)
clkbuf_leaf_50_clk_i_regs/Z              10     14     -4 (VIOLATED)
clkbuf_leaf_52_i_core_v_mini_mcu.cpu_subsystem_i.cpu_1_0.clk_i/Z     10     14     -4 (VIOLATED)
clkbuf_leaf_54_i_core_v_mini_mcu.cpu_subsystem_i.cpu_0_0.clk_i/Z     10     14     -4 (VIOLATED)
clkbuf_leaf_56_i_core_v_mini_mcu.cpu_subsystem_i.cpu_0_0.clk_i/Z     10     14     -4 (VIOLATED)
clkbuf_leaf_58_clk_i_regs/Z              10     14     -4 (VIOLATED)
clkbuf_leaf_58_i_core_v_mini_mcu.cpu_subsystem_i.cpu_0_0.clk_i/Z     10     14     -4 (VIOLATED)
clkbuf_leaf_5_i_core_v_mini_mcu.cpu_subsystem_i.cpu_1_0.clk_i/Z     10     14     -4 (VIOLATED)
clkbuf_leaf_61_i_core_v_mini_mcu.cpu_subsystem_i.cpu_1_0.clk_i/Z     10     14     -4 (VIOLATED)
clkbuf_leaf_62_i_core_v_mini_mcu.cpu_subsystem_i.cpu_0_0.clk_i/Z     10     14     -4 (VIOLATED)
clkbuf_leaf_65_clk_i_regs/Z              10     14     -4 (VIOLATED)
clkbuf_leaf_66_i_core_v_mini_mcu.cpu_subsystem_i.cpu_1_0.clk_i/Z     10     14     -4 (VIOLATED)
clkbuf_leaf_68_i_core_v_mini_mcu.memory_subsystem_i.clk_cg/Z     10     14     -4 (VIOLATED)
clkbuf_leaf_6_i_core_v_mini_mcu.memory_subsystem_i.clk_cg/Z     10     14     -4 (VIOLATED)
clkbuf_leaf_70_i_core_v_mini_mcu.cpu_subsystem_i.cpu_0_0.clk_i/Z     10     14     -4 (VIOLATED)
clkbuf_leaf_73_i_core_v_mini_mcu.cpu_subsystem_i.cpu_0_0.clk_i/Z     10     14     -4 (VIOLATED)
clkbuf_leaf_74_clk_i_regs/Z              10     14     -4 (VIOLATED)
clkbuf_leaf_75_i_core_v_mini_mcu.cpu_subsystem_i.cpu_1_0.clk_i/Z     10     14     -4 (VIOLATED)
clkbuf_leaf_75_i_core_v_mini_mcu.memory_subsystem_i.clk_cg/Z     10     14     -4 (VIOLATED)
clkbuf_leaf_76_i_core_v_mini_mcu.cpu_subsystem_i.cpu_1_0.clk_i/Z     10     14     -4 (VIOLATED)
clkbuf_leaf_79_clk_i_regs/Z              10     14     -4 (VIOLATED)
clkbuf_leaf_7_i_core_v_mini_mcu.memory_subsystem_i.clk_cg/Z     10     14     -4 (VIOLATED)
clkbuf_leaf_7_i_core_v_mini_mcu.peripheral_subsystem_i.clk_cg/Z     10     14     -4 (VIOLATED)
clkbuf_leaf_80_clk_i_regs/Z              10     14     -4 (VIOLATED)
clkbuf_leaf_80_i_core_v_mini_mcu.cpu_subsystem_i.cpu_1_0.clk_i/Z     10     14     -4 (VIOLATED)
clkbuf_leaf_81_i_core_v_mini_mcu.cpu_subsystem_i.cpu_1_0.clk_i/Z     10     14     -4 (VIOLATED)
clkbuf_leaf_81_i_core_v_mini_mcu.memory_subsystem_i.clk_cg/Z     10     14     -4 (VIOLATED)
clkbuf_leaf_82_i_core_v_mini_mcu.memory_subsystem_i.clk_cg/Z     10     14     -4 (VIOLATED)
clkbuf_leaf_83_i_core_v_mini_mcu.cpu_subsystem_i.cpu_0_0.clk_i/Z     10     14     -4 (VIOLATED)
clkbuf_leaf_84_i_core_v_mini_mcu.cpu_subsystem_i.cpu_1_0.clk_i/Z     10     14     -4 (VIOLATED)
clkbuf_leaf_84_i_core_v_mini_mcu.memory_subsystem_i.clk_cg/Z     10     14     -4 (VIOLATED)
clkbuf_leaf_86_i_core_v_mini_mcu.cpu_subsystem_i.cpu_0_0.clk_i/Z     10     14     -4 (VIOLATED)
clkbuf_leaf_89_i_core_v_mini_mcu.cpu_subsystem_i.cpu_0_0.clk_i/Z     10     14     -4 (VIOLATED)
clkbuf_leaf_94_i_core_v_mini_mcu.cpu_subsystem_i.cpu_1_0.clk_i/Z     10     14     -4 (VIOLATED)
clkbuf_leaf_96_clk_i_regs/Z              10     14     -4 (VIOLATED)
clkbuf_leaf_97_i_core_v_mini_mcu.cpu_subsystem_i.cpu_1_0.clk_i/Z     10     14     -4 (VIOLATED)
clkbuf_leaf_0_i_core_v_mini_mcu.memory_subsystem_i.clk_cg/Z     10     13     -3 (VIOLATED)
clkbuf_leaf_100_clk_i_regs/Z             10     13     -3 (VIOLATED)
clkbuf_leaf_100_i_core_v_mini_mcu.cpu_subsystem_i.cpu_0_0.clk_i/Z     10     13     -3 (VIOLATED)
clkbuf_leaf_100_i_core_v_mini_mcu.cpu_subsystem_i.cpu_1_0.clk_i/Z     10     13     -3 (VIOLATED)
clkbuf_leaf_101_i_core_v_mini_mcu.cpu_subsystem_i.cpu_0_0.clk_i/Z     10     13     -3 (VIOLATED)
clkbuf_leaf_101_i_core_v_mini_mcu.cpu_subsystem_i.cpu_1_0.clk_i/Z     10     13     -3 (VIOLATED)
clkbuf_leaf_102_clk_i_regs/Z             10     13     -3 (VIOLATED)
clkbuf_leaf_102_i_core_v_mini_mcu.cpu_subsystem_i.cpu_0_0.clk_i/Z     10     13     -3 (VIOLATED)
clkbuf_leaf_103_clk_i_regs/Z             10     13     -3 (VIOLATED)
clkbuf_leaf_103_i_core_v_mini_mcu.cpu_subsystem_i.cpu_0_0.clk_i/Z     10     13     -3 (VIOLATED)
clkbuf_leaf_104_clk_i_regs/Z             10     13     -3 (VIOLATED)
clkbuf_leaf_104_i_core_v_mini_mcu.cpu_subsystem_i.cpu_0_0.clk_i/Z     10     13     -3 (VIOLATED)
clkbuf_leaf_105_clk_i_regs/Z             10     13     -3 (VIOLATED)
clkbuf_leaf_106_clk_i_regs/Z             10     13     -3 (VIOLATED)
clkbuf_leaf_106_i_core_v_mini_mcu.cpu_subsystem_i.cpu_0_0.clk_i/Z     10     13     -3 (VIOLATED)
clkbuf_leaf_107_clk_i_regs/Z             10     13     -3 (VIOLATED)
clkbuf_leaf_108_i_core_v_mini_mcu.cpu_subsystem_i.cpu_0_0.clk_i/Z     10     13     -3 (VIOLATED)
clkbuf_leaf_109_clk_i_regs/Z             10     13     -3 (VIOLATED)
clkbuf_leaf_109_i_core_v_mini_mcu.cpu_subsystem_i.cpu_0_0.clk_i/Z     10     13     -3 (VIOLATED)
clkbuf_leaf_10_clk_i_regs/Z              10     13     -3 (VIOLATED)
clkbuf_leaf_10_i_core_v_mini_mcu.memory_subsystem_i.clk_cg/Z     10     13     -3 (VIOLATED)
clkbuf_leaf_110_i_core_v_mini_mcu.cpu_subsystem_i.cpu_0_0.clk_i/Z     10     13     -3 (VIOLATED)
clkbuf_leaf_111_clk_i_regs/Z             10     13     -3 (VIOLATED)
clkbuf_leaf_123_clk_i_regs/Z             10     13     -3 (VIOLATED)
clkbuf_leaf_12_i_core_v_mini_mcu.memory_subsystem_i.clk_cg/Z     10     13     -3 (VIOLATED)
clkbuf_leaf_13_clk_i_regs/Z              10     13     -3 (VIOLATED)
clkbuf_leaf_13_i_core_v_mini_mcu.cpu_subsystem_i.cpu_0_0.clk_i/Z     10     13     -3 (VIOLATED)
clkbuf_leaf_13_i_core_v_mini_mcu.cpu_subsystem_i.cpu_1_0.clk_i/Z     10     13     -3 (VIOLATED)
clkbuf_leaf_13_i_core_v_mini_mcu.memory_subsystem_i.clk_cg/Z     10     13     -3 (VIOLATED)
clkbuf_leaf_15_i_core_v_mini_mcu.memory_subsystem_i.clk_cg/Z     10     13     -3 (VIOLATED)
clkbuf_leaf_16_i_core_v_mini_mcu.memory_subsystem_i.clk_cg/Z     10     13     -3 (VIOLATED)
clkbuf_leaf_17_i_core_v_mini_mcu.cpu_subsystem_i.cpu_0_0.clk_i/Z     10     13     -3 (VIOLATED)
clkbuf_leaf_18_i_core_v_mini_mcu.cpu_subsystem_i.cpu_0_0.clk_i/Z     10     13     -3 (VIOLATED)
clkbuf_leaf_18_i_core_v_mini_mcu.cpu_subsystem_i.cpu_1_0.clk_i/Z     10     13     -3 (VIOLATED)
clkbuf_leaf_18_i_core_v_mini_mcu.peripheral_subsystem_i.clk_cg/Z     10     13     -3 (VIOLATED)
clkbuf_leaf_19_i_core_v_mini_mcu.cpu_subsystem_i.cpu_1_0.clk_i/Z     10     13     -3 (VIOLATED)
clkbuf_leaf_19_i_core_v_mini_mcu.memory_subsystem_i.clk_cg/Z     10     13     -3 (VIOLATED)
clkbuf_leaf_1_i_core_v_mini_mcu.cpu_subsystem_i.cpu_1_0.clk_i/Z     10     13     -3 (VIOLATED)
clkbuf_leaf_1_i_core_v_mini_mcu.memory_subsystem_i.clk_cg/Z     10     13     -3 (VIOLATED)
clkbuf_leaf_20_i_core_v_mini_mcu.cpu_subsystem_i.cpu_0_0.clk_i/Z     10     13     -3 (VIOLATED)
clkbuf_leaf_20_i_core_v_mini_mcu.cpu_subsystem_i.cpu_1_0.clk_i/Z     10     13     -3 (VIOLATED)
clkbuf_leaf_21_clk_i_regs/Z              10     13     -3 (VIOLATED)
clkbuf_leaf_21_i_core_v_mini_mcu.memory_subsystem_i.clk_cg/Z     10     13     -3 (VIOLATED)
clkbuf_leaf_22_i_core_v_mini_mcu.cpu_subsystem_i.cpu_1_0.clk_i/Z     10     13     -3 (VIOLATED)
clkbuf_leaf_22_i_core_v_mini_mcu.memory_subsystem_i.clk_cg/Z     10     13     -3 (VIOLATED)
clkbuf_leaf_23_i_core_v_mini_mcu.cpu_subsystem_i.cpu_0_0.clk_i/Z     10     13     -3 (VIOLATED)
clkbuf_leaf_23_i_core_v_mini_mcu.cpu_subsystem_i.cpu_1_0.clk_i/Z     10     13     -3 (VIOLATED)
clkbuf_leaf_23_i_core_v_mini_mcu.memory_subsystem_i.clk_cg/Z     10     13     -3 (VIOLATED)
clkbuf_leaf_24_i_core_v_mini_mcu.memory_subsystem_i.clk_cg/Z     10     13     -3 (VIOLATED)
clkbuf_leaf_25_i_core_v_mini_mcu.memory_subsystem_i.clk_cg/Z     10     13     -3 (VIOLATED)
clkbuf_leaf_26_clk_i_regs/Z              10     13     -3 (VIOLATED)
clkbuf_leaf_26_i_core_v_mini_mcu.cpu_subsystem_i.cpu_0_0.clk_i/Z     10     13     -3 (VIOLATED)
clkbuf_leaf_26_i_core_v_mini_mcu.peripheral_subsystem_i.clk_cg/Z     10     13     -3 (VIOLATED)
clkbuf_leaf_27_i_core_v_mini_mcu.cpu_subsystem_i.cpu_0_0.clk_i/Z     10     13     -3 (VIOLATED)
clkbuf_leaf_28_i_core_v_mini_mcu.cpu_subsystem_i.cpu_0_0.clk_i/Z     10     13     -3 (VIOLATED)
clkbuf_leaf_2_i_core_v_mini_mcu.cpu_subsystem_i.cpu_0_0.clk_i/Z     10     13     -3 (VIOLATED)
clkbuf_leaf_31_i_core_v_mini_mcu.cpu_subsystem_i.cpu_0_0.clk_i/Z     10     13     -3 (VIOLATED)
clkbuf_leaf_32_i_core_v_mini_mcu.cpu_subsystem_i.cpu_0_0.clk_i/Z     10     13     -3 (VIOLATED)
clkbuf_leaf_32_i_core_v_mini_mcu.memory_subsystem_i.clk_cg/Z     10     13     -3 (VIOLATED)
clkbuf_leaf_33_i_core_v_mini_mcu.cpu_subsystem_i.cpu_0_0.clk_i/Z     10     13     -3 (VIOLATED)
clkbuf_leaf_33_i_core_v_mini_mcu.memory_subsystem_i.clk_cg/Z     10     13     -3 (VIOLATED)
clkbuf_leaf_34_i_core_v_mini_mcu.cpu_subsystem_i.cpu_0_0.clk_i/Z     10     13     -3 (VIOLATED)
clkbuf_leaf_34_i_core_v_mini_mcu.memory_subsystem_i.clk_cg/Z     10     13     -3 (VIOLATED)
clkbuf_leaf_35_i_core_v_mini_mcu.cpu_subsystem_i.cpu_0_0.clk_i/Z     10     13     -3 (VIOLATED)
clkbuf_leaf_35_i_core_v_mini_mcu.cpu_subsystem_i.cpu_1_0.clk_i/Z     10     13     -3 (VIOLATED)
clkbuf_leaf_37_clk_i_regs/Z              10     13     -3 (VIOLATED)
clkbuf_leaf_37_i_core_v_mini_mcu.cpu_subsystem_i.cpu_0_0.clk_i/Z     10     13     -3 (VIOLATED)
clkbuf_leaf_38_i_core_v_mini_mcu.cpu_subsystem_i.cpu_0_0.clk_i/Z     10     13     -3 (VIOLATED)
clkbuf_leaf_38_i_core_v_mini_mcu.cpu_subsystem_i.cpu_1_0.clk_i/Z     10     13     -3 (VIOLATED)
clkbuf_leaf_39_i_core_v_mini_mcu.cpu_subsystem_i.cpu_0_0.clk_i/Z     10     13     -3 (VIOLATED)
clkbuf_leaf_40_i_core_v_mini_mcu.cpu_subsystem_i.cpu_1_0.clk_i/Z     10     13     -3 (VIOLATED)
clkbuf_leaf_41_clk_i_regs/Z              10     13     -3 (VIOLATED)
clkbuf_leaf_41_i_core_v_mini_mcu.cpu_subsystem_i.cpu_1_0.clk_i/Z     10     13     -3 (VIOLATED)
clkbuf_leaf_42_i_core_v_mini_mcu.cpu_subsystem_i.cpu_0_0.clk_i/Z     10     13     -3 (VIOLATED)
clkbuf_leaf_42_i_core_v_mini_mcu.cpu_subsystem_i.cpu_1_0.clk_i/Z     10     13     -3 (VIOLATED)
clkbuf_leaf_43_i_core_v_mini_mcu.cpu_subsystem_i.cpu_0_0.clk_i/Z     10     13     -3 (VIOLATED)
clkbuf_leaf_43_i_core_v_mini_mcu.cpu_subsystem_i.cpu_1_0.clk_i/Z     10     13     -3 (VIOLATED)
clkbuf_leaf_43_i_core_v_mini_mcu.memory_subsystem_i.clk_cg/Z     10     13     -3 (VIOLATED)
clkbuf_leaf_44_clk_i_regs/Z              10     13     -3 (VIOLATED)
clkbuf_leaf_46_i_core_v_mini_mcu.cpu_subsystem_i.cpu_0_0.clk_i/Z     10     13     -3 (VIOLATED)
clkbuf_leaf_46_i_core_v_mini_mcu.cpu_subsystem_i.cpu_1_0.clk_i/Z     10     13     -3 (VIOLATED)
clkbuf_leaf_47_i_core_v_mini_mcu.cpu_subsystem_i.cpu_0_0.clk_i/Z     10     13     -3 (VIOLATED)
clkbuf_leaf_47_i_core_v_mini_mcu.cpu_subsystem_i.cpu_1_0.clk_i/Z     10     13     -3 (VIOLATED)
clkbuf_leaf_48_i_core_v_mini_mcu.cpu_subsystem_i.cpu_0_0.clk_i/Z     10     13     -3 (VIOLATED)
clkbuf_leaf_48_i_core_v_mini_mcu.cpu_subsystem_i.cpu_1_0.clk_i/Z     10     13     -3 (VIOLATED)
clkbuf_leaf_48_i_core_v_mini_mcu.memory_subsystem_i.clk_cg/Z     10     13     -3 (VIOLATED)
clkbuf_leaf_49_i_core_v_mini_mcu.cpu_subsystem_i.cpu_0_0.clk_i/Z     10     13     -3 (VIOLATED)
clkbuf_leaf_49_i_core_v_mini_mcu.cpu_subsystem_i.cpu_1_0.clk_i/Z     10     13     -3 (VIOLATED)
clkbuf_leaf_4_i_core_v_mini_mcu.cpu_subsystem_i.cpu_0_0.clk_i/Z     10     13     -3 (VIOLATED)
clkbuf_leaf_50_i_core_v_mini_mcu.cpu_subsystem_i.cpu_0_0.clk_i/Z     10     13     -3 (VIOLATED)
clkbuf_leaf_50_i_core_v_mini_mcu.memory_subsystem_i.clk_cg/Z     10     13     -3 (VIOLATED)
clkbuf_leaf_51_clk_i_regs/Z              10     13     -3 (VIOLATED)
clkbuf_leaf_51_i_core_v_mini_mcu.cpu_subsystem_i.cpu_0_0.clk_i/Z     10     13     -3 (VIOLATED)
clkbuf_leaf_51_i_core_v_mini_mcu.memory_subsystem_i.clk_cg/Z     10     13     -3 (VIOLATED)
clkbuf_leaf_52_i_core_v_mini_mcu.memory_subsystem_i.clk_cg/Z     10     13     -3 (VIOLATED)
clkbuf_leaf_53_i_core_v_mini_mcu.cpu_subsystem_i.cpu_0_0.clk_i/Z     10     13     -3 (VIOLATED)
clkbuf_leaf_53_i_core_v_mini_mcu.memory_subsystem_i.clk_cg/Z     10     13     -3 (VIOLATED)
clkbuf_leaf_54_i_core_v_mini_mcu.memory_subsystem_i.clk_cg/Z     10     13     -3 (VIOLATED)
clkbuf_leaf_56_i_core_v_mini_mcu.memory_subsystem_i.clk_cg/Z     10     13     -3 (VIOLATED)
clkbuf_leaf_57_i_core_v_mini_mcu.memory_subsystem_i.clk_cg/Z     10     13     -3 (VIOLATED)
clkbuf_leaf_58_i_core_v_mini_mcu.cpu_subsystem_i.cpu_1_0.clk_i/Z     10     13     -3 (VIOLATED)
clkbuf_leaf_59_clk_i_regs/Z              10     13     -3 (VIOLATED)
clkbuf_leaf_59_i_core_v_mini_mcu.cpu_subsystem_i.cpu_1_0.clk_i/Z     10     13     -3 (VIOLATED)
clkbuf_leaf_59_i_core_v_mini_mcu.memory_subsystem_i.clk_cg/Z     10     13     -3 (VIOLATED)
clkbuf_leaf_5_i_core_v_mini_mcu.memory_subsystem_i.clk_cg/Z     10     13     -3 (VIOLATED)
clkbuf_leaf_60_i_core_v_mini_mcu.cpu_subsystem_i.cpu_1_0.clk_i/Z     10     13     -3 (VIOLATED)
clkbuf_leaf_60_i_core_v_mini_mcu.memory_subsystem_i.clk_cg/Z     10     13     -3 (VIOLATED)
clkbuf_leaf_61_i_core_v_mini_mcu.cpu_subsystem_i.cpu_0_0.clk_i/Z     10     13     -3 (VIOLATED)
clkbuf_leaf_62_i_core_v_mini_mcu.memory_subsystem_i.clk_cg/Z     10     13     -3 (VIOLATED)
clkbuf_leaf_63_i_core_v_mini_mcu.cpu_subsystem_i.cpu_0_0.clk_i/Z     10     13     -3 (VIOLATED)
clkbuf_leaf_63_i_core_v_mini_mcu.memory_subsystem_i.clk_cg/Z     10     13     -3 (VIOLATED)
clkbuf_leaf_64_clk_i_regs/Z              10     13     -3 (VIOLATED)
clkbuf_leaf_64_i_core_v_mini_mcu.cpu_subsystem_i.cpu_0_0.clk_i/Z     10     13     -3 (VIOLATED)
clkbuf_leaf_64_i_core_v_mini_mcu.cpu_subsystem_i.cpu_1_0.clk_i/Z     10     13     -3 (VIOLATED)
clkbuf_leaf_66_clk_i_regs/Z              10     13     -3 (VIOLATED)
clkbuf_leaf_66_i_core_v_mini_mcu.cpu_subsystem_i.cpu_0_0.clk_i/Z     10     13     -3 (VIOLATED)
clkbuf_leaf_67_i_core_v_mini_mcu.cpu_subsystem_i.cpu_0_0.clk_i/Z     10     13     -3 (VIOLATED)
clkbuf_leaf_67_i_core_v_mini_mcu.cpu_subsystem_i.cpu_1_0.clk_i/Z     10     13     -3 (VIOLATED)
clkbuf_leaf_68_clk_i_regs/Z              10     13     -3 (VIOLATED)
clkbuf_leaf_68_i_core_v_mini_mcu.cpu_subsystem_i.cpu_0_0.clk_i/Z     10     13     -3 (VIOLATED)
clkbuf_leaf_69_i_core_v_mini_mcu.cpu_subsystem_i.cpu_0_0.clk_i/Z     10     13     -3 (VIOLATED)
clkbuf_leaf_6_clk_i_regs/Z               10     13     -3 (VIOLATED)
clkbuf_leaf_6_i_core_v_mini_mcu.cpu_subsystem_i.cpu_0_0.clk_i/Z     10     13     -3 (VIOLATED)
clkbuf_leaf_71_i_core_v_mini_mcu.cpu_subsystem_i.cpu_0_0.clk_i/Z     10     13     -3 (VIOLATED)
clkbuf_leaf_71_i_core_v_mini_mcu.cpu_subsystem_i.cpu_1_0.clk_i/Z     10     13     -3 (VIOLATED)
clkbuf_leaf_72_i_core_v_mini_mcu.cpu_subsystem_i.cpu_0_0.clk_i/Z     10     13     -3 (VIOLATED)
clkbuf_leaf_72_i_core_v_mini_mcu.cpu_subsystem_i.cpu_1_0.clk_i/Z     10     13     -3 (VIOLATED)
clkbuf_leaf_72_i_core_v_mini_mcu.memory_subsystem_i.clk_cg/Z     10     13     -3 (VIOLATED)
clkbuf_leaf_73_i_core_v_mini_mcu.cpu_subsystem_i.cpu_1_0.clk_i/Z     10     13     -3 (VIOLATED)
clkbuf_leaf_74_i_core_v_mini_mcu.cpu_subsystem_i.cpu_0_0.clk_i/Z     10     13     -3 (VIOLATED)
clkbuf_leaf_75_i_core_v_mini_mcu.cpu_subsystem_i.cpu_0_0.clk_i/Z     10     13     -3 (VIOLATED)
clkbuf_leaf_76_i_core_v_mini_mcu.cpu_subsystem_i.cpu_0_0.clk_i/Z     10     13     -3 (VIOLATED)
clkbuf_leaf_77_i_core_v_mini_mcu.cpu_subsystem_i.cpu_0_0.clk_i/Z     10     13     -3 (VIOLATED)
clkbuf_leaf_77_i_core_v_mini_mcu.cpu_subsystem_i.cpu_1_0.clk_i/Z     10     13     -3 (VIOLATED)
clkbuf_leaf_78_i_core_v_mini_mcu.cpu_subsystem_i.cpu_0_0.clk_i/Z     10     13     -3 (VIOLATED)
clkbuf_leaf_79_i_core_v_mini_mcu.cpu_subsystem_i.cpu_0_0.clk_i/Z     10     13     -3 (VIOLATED)
clkbuf_leaf_79_i_core_v_mini_mcu.cpu_subsystem_i.cpu_1_0.clk_i/Z     10     13     -3 (VIOLATED)
clkbuf_leaf_79_i_core_v_mini_mcu.memory_subsystem_i.clk_cg/Z     10     13     -3 (VIOLATED)
clkbuf_leaf_7_i_core_v_mini_mcu.cpu_subsystem_i.cpu_0_0.clk_i/Z     10     13     -3 (VIOLATED)
clkbuf_leaf_80_i_core_v_mini_mcu.memory_subsystem_i.clk_cg/Z     10     13     -3 (VIOLATED)
clkbuf_leaf_81_clk_i_regs/Z              10     13     -3 (VIOLATED)
clkbuf_leaf_81_i_core_v_mini_mcu.cpu_subsystem_i.cpu_0_0.clk_i/Z     10     13     -3 (VIOLATED)
clkbuf_leaf_82_i_core_v_mini_mcu.cpu_subsystem_i.cpu_0_0.clk_i/Z     10     13     -3 (VIOLATED)
clkbuf_leaf_82_i_core_v_mini_mcu.cpu_subsystem_i.cpu_1_0.clk_i/Z     10     13     -3 (VIOLATED)
clkbuf_leaf_83_clk_i_regs/Z              10     13     -3 (VIOLATED)
clkbuf_leaf_84_i_core_v_mini_mcu.cpu_subsystem_i.cpu_0_0.clk_i/Z     10     13     -3 (VIOLATED)
clkbuf_leaf_85_i_core_v_mini_mcu.cpu_subsystem_i.cpu_0_0.clk_i/Z     10     13     -3 (VIOLATED)
clkbuf_leaf_85_i_core_v_mini_mcu.memory_subsystem_i.clk_cg/Z     10     13     -3 (VIOLATED)
clkbuf_leaf_86_i_core_v_mini_mcu.cpu_subsystem_i.cpu_1_0.clk_i/Z     10     13     -3 (VIOLATED)
clkbuf_leaf_86_i_core_v_mini_mcu.memory_subsystem_i.clk_cg/Z     10     13     -3 (VIOLATED)
clkbuf_leaf_87_i_core_v_mini_mcu.cpu_subsystem_i.cpu_0_0.clk_i/Z     10     13     -3 (VIOLATED)
clkbuf_leaf_87_i_core_v_mini_mcu.cpu_subsystem_i.cpu_1_0.clk_i/Z     10     13     -3 (VIOLATED)
clkbuf_leaf_87_i_core_v_mini_mcu.memory_subsystem_i.clk_cg/Z     10     13     -3 (VIOLATED)
clkbuf_leaf_88_i_core_v_mini_mcu.cpu_subsystem_i.cpu_0_0.clk_i/Z     10     13     -3 (VIOLATED)
clkbuf_leaf_89_i_core_v_mini_mcu.cpu_subsystem_i.cpu_1_0.clk_i/Z     10     13     -3 (VIOLATED)
clkbuf_leaf_8_i_core_v_mini_mcu.cpu_subsystem_i.cpu_0_0.clk_i/Z     10     13     -3 (VIOLATED)
clkbuf_leaf_91_i_core_v_mini_mcu.cpu_subsystem_i.cpu_0_0.clk_i/Z     10     13     -3 (VIOLATED)
clkbuf_leaf_92_i_core_v_mini_mcu.cpu_subsystem_i.cpu_0_0.clk_i/Z     10     13     -3 (VIOLATED)
clkbuf_leaf_93_i_core_v_mini_mcu.cpu_subsystem_i.cpu_0_0.clk_i/Z     10     13     -3 (VIOLATED)
clkbuf_leaf_94_i_core_v_mini_mcu.cpu_subsystem_i.cpu_0_0.clk_i/Z     10     13     -3 (VIOLATED)
clkbuf_leaf_95_i_core_v_mini_mcu.cpu_subsystem_i.cpu_0_0.clk_i/Z     10     13     -3 (VIOLATED)
clkbuf_leaf_96_i_core_v_mini_mcu.cpu_subsystem_i.cpu_1_0.clk_i/Z     10     13     -3 (VIOLATED)
clkbuf_leaf_97_clk_i_regs/Z              10     13     -3 (VIOLATED)
clkbuf_leaf_97_i_core_v_mini_mcu.cpu_subsystem_i.cpu_0_0.clk_i/Z     10     13     -3 (VIOLATED)
clkbuf_leaf_98_i_core_v_mini_mcu.cpu_subsystem_i.cpu_0_0.clk_i/Z     10     13     -3 (VIOLATED)
clkbuf_leaf_98_i_core_v_mini_mcu.cpu_subsystem_i.cpu_1_0.clk_i/Z     10     13     -3 (VIOLATED)
clkbuf_leaf_99_clk_i_regs/Z              10     13     -3 (VIOLATED)
clkbuf_leaf_9_i_core_v_mini_mcu.cpu_subsystem_i.cpu_0_0.clk_i/Z     10     13     -3 (VIOLATED)
clkbuf_leaf_9_i_core_v_mini_mcu.memory_subsystem_i.clk_cg/Z     10     13     -3 (VIOLATED)
clkbuf_leaf_0_clk_i_regs/Z               10     12     -2 (VIOLATED)
clkbuf_leaf_0_i_core_v_mini_mcu.cpu_subsystem_i.cpu_0_0.clk_i/Z     10     12     -2 (VIOLATED)
clkbuf_leaf_10_i_core_v_mini_mcu.cpu_subsystem_i.cpu_1_0.clk_i/Z     10     12     -2 (VIOLATED)
clkbuf_leaf_110_clk_i_regs/Z             10     12     -2 (VIOLATED)
clkbuf_leaf_111_i_core_v_mini_mcu.cpu_subsystem_i.cpu_0_0.clk_i/Z     10     12     -2 (VIOLATED)
clkbuf_leaf_113_clk_i_regs/Z             10     12     -2 (VIOLATED)
clkbuf_leaf_113_i_core_v_mini_mcu.cpu_subsystem_i.cpu_0_0.clk_i/Z     10     12     -2 (VIOLATED)
clkbuf_leaf_116_clk_i_regs/Z             10     12     -2 (VIOLATED)
clkbuf_leaf_11_i_core_v_mini_mcu.memory_subsystem_i.clk_cg/Z     10     12     -2 (VIOLATED)
clkbuf_leaf_121_clk_i_regs/Z             10     12     -2 (VIOLATED)
clkbuf_leaf_12_clk_i_regs/Z              10     12     -2 (VIOLATED)
clkbuf_leaf_14_clk_i_regs/Z              10     12     -2 (VIOLATED)
clkbuf_leaf_14_i_core_v_mini_mcu.memory_subsystem_i.clk_cg/Z     10     12     -2 (VIOLATED)
clkbuf_leaf_15_i_core_v_mini_mcu.cpu_subsystem_i.cpu_1_0.clk_i/Z     10     12     -2 (VIOLATED)
clkbuf_leaf_16_clk_i_regs/Z              10     12     -2 (VIOLATED)
clkbuf_leaf_17_i_core_v_mini_mcu.memory_subsystem_i.clk_cg/Z     10     12     -2 (VIOLATED)
clkbuf_leaf_18_i_core_v_mini_mcu.memory_subsystem_i.clk_cg/Z     10     12     -2 (VIOLATED)
clkbuf_leaf_19_i_core_v_mini_mcu.cpu_subsystem_i.cpu_0_0.clk_i/Z     10     12     -2 (VIOLATED)
clkbuf_leaf_21_i_core_v_mini_mcu.cpu_subsystem_i.cpu_1_0.clk_i/Z     10     12     -2 (VIOLATED)
clkbuf_leaf_21_i_core_v_mini_mcu.peripheral_subsystem_i.clk_cg/Z     10     12     -2 (VIOLATED)
clkbuf_leaf_22_clk_i_regs/Z              10     12     -2 (VIOLATED)
clkbuf_leaf_22_i_core_v_mini_mcu.cpu_subsystem_i.cpu_0_0.clk_i/Z     10     12     -2 (VIOLATED)
clkbuf_leaf_23_clk_i_regs/Z              10     12     -2 (VIOLATED)
clkbuf_leaf_24_i_core_v_mini_mcu.cpu_subsystem_i.cpu_1_0.clk_i/Z     10     12     -2 (VIOLATED)
clkbuf_leaf_25_i_core_v_mini_mcu.cpu_subsystem_i.cpu_0_0.clk_i/Z     10     12     -2 (VIOLATED)
clkbuf_leaf_27_clk_i_regs/Z              10     12     -2 (VIOLATED)
clkbuf_leaf_27_i_core_v_mini_mcu.cpu_subsystem_i.cpu_1_0.clk_i/Z     10     12     -2 (VIOLATED)
clkbuf_leaf_27_i_core_v_mini_mcu.peripheral_subsystem_i.clk_cg/Z     10     12     -2 (VIOLATED)
clkbuf_leaf_29_i_core_v_mini_mcu.cpu_subsystem_i.cpu_0_0.clk_i/Z     10     12     -2 (VIOLATED)
clkbuf_leaf_29_i_core_v_mini_mcu.cpu_subsystem_i.cpu_1_0.clk_i/Z     10     12     -2 (VIOLATED)
clkbuf_leaf_2_clk_i_regs/Z               10     12     -2 (VIOLATED)
clkbuf_leaf_2_i_core_v_mini_mcu.memory_subsystem_i.clk_cg/Z     10     12     -2 (VIOLATED)
clkbuf_leaf_30_clk_i_regs/Z              10     12     -2 (VIOLATED)
clkbuf_leaf_30_i_core_v_mini_mcu.cpu_subsystem_i.cpu_0_0.clk_i/Z     10     12     -2 (VIOLATED)
clkbuf_leaf_30_i_core_v_mini_mcu.cpu_subsystem_i.cpu_1_0.clk_i/Z     10     12     -2 (VIOLATED)
clkbuf_leaf_31_i_core_v_mini_mcu.cpu_subsystem_i.cpu_1_0.clk_i/Z     10     12     -2 (VIOLATED)
clkbuf_leaf_31_i_core_v_mini_mcu.memory_subsystem_i.clk_cg/Z     10     12     -2 (VIOLATED)
clkbuf_leaf_32_clk_i_regs/Z              10     12     -2 (VIOLATED)
clkbuf_leaf_32_i_core_v_mini_mcu.cpu_subsystem_i.cpu_1_0.clk_i/Z     10     12     -2 (VIOLATED)
clkbuf_leaf_33_i_core_v_mini_mcu.cpu_subsystem_i.cpu_1_0.clk_i/Z     10     12     -2 (VIOLATED)
clkbuf_leaf_36_i_core_v_mini_mcu.cpu_subsystem_i.cpu_1_0.clk_i/Z     10     12     -2 (VIOLATED)
clkbuf_leaf_37_i_core_v_mini_mcu.cpu_subsystem_i.cpu_1_0.clk_i/Z     10     12     -2 (VIOLATED)
clkbuf_leaf_39_i_core_v_mini_mcu.cpu_subsystem_i.cpu_1_0.clk_i/Z     10     12     -2 (VIOLATED)
clkbuf_leaf_3_clk_i_regs/Z               10     12     -2 (VIOLATED)
clkbuf_leaf_3_i_core_v_mini_mcu.cpu_subsystem_i.cpu_0_0.clk_i/Z     10     12     -2 (VIOLATED)
clkbuf_leaf_40_i_core_v_mini_mcu.cpu_subsystem_i.cpu_0_0.clk_i/Z     10     12     -2 (VIOLATED)
clkbuf_leaf_41_i_core_v_mini_mcu.cpu_subsystem_i.cpu_0_0.clk_i/Z     10     12     -2 (VIOLATED)
clkbuf_leaf_41_i_core_v_mini_mcu.memory_subsystem_i.clk_cg/Z     10     12     -2 (VIOLATED)
clkbuf_leaf_42_clk_i_regs/Z              10     12     -2 (VIOLATED)
clkbuf_leaf_44_i_core_v_mini_mcu.cpu_subsystem_i.cpu_0_0.clk_i/Z     10     12     -2 (VIOLATED)
clkbuf_leaf_44_i_core_v_mini_mcu.cpu_subsystem_i.cpu_1_0.clk_i/Z     10     12     -2 (VIOLATED)
clkbuf_leaf_44_i_core_v_mini_mcu.memory_subsystem_i.clk_cg/Z     10     12     -2 (VIOLATED)
clkbuf_leaf_45_i_core_v_mini_mcu.cpu_subsystem_i.cpu_1_0.clk_i/Z     10     12     -2 (VIOLATED)
clkbuf_leaf_45_i_core_v_mini_mcu.memory_subsystem_i.clk_cg/Z     10     12     -2 (VIOLATED)
clkbuf_leaf_46_i_core_v_mini_mcu.memory_subsystem_i.clk_cg/Z     10     12     -2 (VIOLATED)
clkbuf_leaf_4_i_core_v_mini_mcu.cpu_subsystem_i.cpu_1_0.clk_i/Z     10     12     -2 (VIOLATED)
clkbuf_leaf_50_i_core_v_mini_mcu.cpu_subsystem_i.cpu_1_0.clk_i/Z     10     12     -2 (VIOLATED)
clkbuf_leaf_51_i_core_v_mini_mcu.cpu_subsystem_i.cpu_1_0.clk_i/Z     10     12     -2 (VIOLATED)
clkbuf_leaf_52_clk_i_regs/Z              10     12     -2 (VIOLATED)
clkbuf_leaf_52_i_core_v_mini_mcu.cpu_subsystem_i.cpu_0_0.clk_i/Z     10     12     -2 (VIOLATED)
clkbuf_leaf_53_clk_i_regs/Z              10     12     -2 (VIOLATED)
clkbuf_leaf_53_i_core_v_mini_mcu.cpu_subsystem_i.cpu_1_0.clk_i/Z     10     12     -2 (VIOLATED)
clkbuf_leaf_54_i_core_v_mini_mcu.cpu_subsystem_i.cpu_1_0.clk_i/Z     10     12     -2 (VIOLATED)
clkbuf_leaf_55_clk_i_regs/Z              10     12     -2 (VIOLATED)
clkbuf_leaf_55_i_core_v_mini_mcu.cpu_subsystem_i.cpu_0_0.clk_i/Z     10     12     -2 (VIOLATED)
clkbuf_leaf_55_i_core_v_mini_mcu.cpu_subsystem_i.cpu_1_0.clk_i/Z     10     12     -2 (VIOLATED)
clkbuf_leaf_55_i_core_v_mini_mcu.memory_subsystem_i.clk_cg/Z     10     12     -2 (VIOLATED)
clkbuf_leaf_56_i_core_v_mini_mcu.cpu_subsystem_i.cpu_1_0.clk_i/Z     10     12     -2 (VIOLATED)
clkbuf_leaf_57_clk_i_regs/Z              10     12     -2 (VIOLATED)
clkbuf_leaf_57_i_core_v_mini_mcu.cpu_subsystem_i.cpu_1_0.clk_i/Z     10     12     -2 (VIOLATED)
clkbuf_leaf_58_i_core_v_mini_mcu.memory_subsystem_i.clk_cg/Z     10     12     -2 (VIOLATED)
clkbuf_leaf_59_i_core_v_mini_mcu.cpu_subsystem_i.cpu_0_0.clk_i/Z     10     12     -2 (VIOLATED)
clkbuf_leaf_5_clk_i_regs/Z               10     12     -2 (VIOLATED)
clkbuf_leaf_60_clk_i_regs/Z              10     12     -2 (VIOLATED)
clkbuf_leaf_60_i_core_v_mini_mcu.cpu_subsystem_i.cpu_0_0.clk_i/Z     10     12     -2 (VIOLATED)
clkbuf_leaf_61_clk_i_regs/Z              10     12     -2 (VIOLATED)
clkbuf_leaf_61_i_core_v_mini_mcu.memory_subsystem_i.clk_cg/Z     10     12     -2 (VIOLATED)
clkbuf_leaf_62_i_core_v_mini_mcu.cpu_subsystem_i.cpu_1_0.clk_i/Z     10     12     -2 (VIOLATED)
clkbuf_leaf_63_i_core_v_mini_mcu.cpu_subsystem_i.cpu_1_0.clk_i/Z     10     12     -2 (VIOLATED)
clkbuf_leaf_64_i_core_v_mini_mcu.memory_subsystem_i.clk_cg/Z     10     12     -2 (VIOLATED)
clkbuf_leaf_65_i_core_v_mini_mcu.cpu_subsystem_i.cpu_0_0.clk_i/Z     10     12     -2 (VIOLATED)
clkbuf_leaf_65_i_core_v_mini_mcu.cpu_subsystem_i.cpu_1_0.clk_i/Z     10     12     -2 (VIOLATED)
clkbuf_leaf_65_i_core_v_mini_mcu.memory_subsystem_i.clk_cg/Z     10     12     -2 (VIOLATED)
clkbuf_leaf_66_i_core_v_mini_mcu.memory_subsystem_i.clk_cg/Z     10     12     -2 (VIOLATED)
clkbuf_leaf_67_clk_i_regs/Z              10     12     -2 (VIOLATED)
clkbuf_leaf_67_i_core_v_mini_mcu.memory_subsystem_i.clk_cg/Z     10     12     -2 (VIOLATED)
clkbuf_leaf_68_i_core_v_mini_mcu.cpu_subsystem_i.cpu_1_0.clk_i/Z     10     12     -2 (VIOLATED)
clkbuf_leaf_69_i_core_v_mini_mcu.memory_subsystem_i.clk_cg/Z     10     12     -2 (VIOLATED)
clkbuf_leaf_6_i_core_v_mini_mcu.cpu_subsystem_i.cpu_1_0.clk_i/Z     10     12     -2 (VIOLATED)
clkbuf_leaf_70_clk_i_regs/Z              10     12     -2 (VIOLATED)
clkbuf_leaf_70_i_core_v_mini_mcu.memory_subsystem_i.clk_cg/Z     10     12     -2 (VIOLATED)
clkbuf_leaf_71_clk_i_regs/Z              10     12     -2 (VIOLATED)
clkbuf_leaf_73_clk_i_regs/Z              10     12     -2 (VIOLATED)
clkbuf_leaf_73_i_core_v_mini_mcu.memory_subsystem_i.clk_cg/Z     10     12     -2 (VIOLATED)
clkbuf_leaf_74_i_core_v_mini_mcu.cpu_subsystem_i.cpu_1_0.clk_i/Z     10     12     -2 (VIOLATED)
clkbuf_leaf_74_i_core_v_mini_mcu.memory_subsystem_i.clk_cg/Z     10     12     -2 (VIOLATED)
clkbuf_leaf_76_clk_i_regs/Z              10     12     -2 (VIOLATED)
clkbuf_leaf_76_i_core_v_mini_mcu.memory_subsystem_i.clk_cg/Z     10     12     -2 (VIOLATED)
clkbuf_leaf_77_clk_i_regs/Z              10     12     -2 (VIOLATED)
clkbuf_leaf_77_i_core_v_mini_mcu.memory_subsystem_i.clk_cg/Z     10     12     -2 (VIOLATED)
clkbuf_leaf_78_i_core_v_mini_mcu.cpu_subsystem_i.cpu_1_0.clk_i/Z     10     12     -2 (VIOLATED)
clkbuf_leaf_78_i_core_v_mini_mcu.memory_subsystem_i.clk_cg/Z     10     12     -2 (VIOLATED)
clkbuf_leaf_7_i_core_v_mini_mcu.cpu_subsystem_i.cpu_1_0.clk_i/Z     10     12     -2 (VIOLATED)
clkbuf_leaf_80_i_core_v_mini_mcu.cpu_subsystem_i.cpu_0_0.clk_i/Z     10     12     -2 (VIOLATED)
clkbuf_leaf_83_i_core_v_mini_mcu.cpu_subsystem_i.cpu_1_0.clk_i/Z     10     12     -2 (VIOLATED)
clkbuf_leaf_83_i_core_v_mini_mcu.memory_subsystem_i.clk_cg/Z     10     12     -2 (VIOLATED)
clkbuf_leaf_85_clk_i_regs/Z              10     12     -2 (VIOLATED)
clkbuf_leaf_85_i_core_v_mini_mcu.cpu_subsystem_i.cpu_1_0.clk_i/Z     10     12     -2 (VIOLATED)
clkbuf_leaf_86_clk_i_regs/Z              10     12     -2 (VIOLATED)
clkbuf_leaf_87_clk_i_regs/Z              10     12     -2 (VIOLATED)
clkbuf_leaf_88_i_core_v_mini_mcu.cpu_subsystem_i.cpu_1_0.clk_i/Z     10     12     -2 (VIOLATED)
clkbuf_leaf_8_clk_i_regs/Z               10     12     -2 (VIOLATED)
clkbuf_leaf_8_i_core_v_mini_mcu.cpu_subsystem_i.cpu_1_0.clk_i/Z     10     12     -2 (VIOLATED)
clkbuf_leaf_90_i_core_v_mini_mcu.cpu_subsystem_i.cpu_1_0.clk_i/Z     10     12     -2 (VIOLATED)
clkbuf_leaf_91_clk_i_regs/Z              10     12     -2 (VIOLATED)
clkbuf_leaf_91_i_core_v_mini_mcu.cpu_subsystem_i.cpu_1_0.clk_i/Z     10     12     -2 (VIOLATED)
clkbuf_leaf_92_i_core_v_mini_mcu.cpu_subsystem_i.cpu_1_0.clk_i/Z     10     12     -2 (VIOLATED)
clkbuf_leaf_93_i_core_v_mini_mcu.cpu_subsystem_i.cpu_1_0.clk_i/Z     10     12     -2 (VIOLATED)
clkbuf_leaf_95_i_core_v_mini_mcu.cpu_subsystem_i.cpu_1_0.clk_i/Z     10     12     -2 (VIOLATED)
clkbuf_leaf_96_i_core_v_mini_mcu.cpu_subsystem_i.cpu_0_0.clk_i/Z     10     12     -2 (VIOLATED)
clkbuf_leaf_98_clk_i_regs/Z              10     12     -2 (VIOLATED)
clkbuf_leaf_99_i_core_v_mini_mcu.cpu_subsystem_i.cpu_0_0.clk_i/Z     10     12     -2 (VIOLATED)
clkbuf_leaf_99_i_core_v_mini_mcu.cpu_subsystem_i.cpu_1_0.clk_i/Z     10     12     -2 (VIOLATED)
clkbuf_leaf_9_clk_i_regs/Z               10     12     -2 (VIOLATED)

max capacitance

Pin                                        Limit         Cap       Slack
------------------------------------------------------------------------
clkbuf_0_clk_i_regs/Z                   0.200000    0.412537   -0.212537 (VIOLATED)
clkbuf_0_i_core_v_mini_mcu.cpu_subsystem_i.cpu_0_0.clk_i/Z    0.200000    0.392445   -0.192445 (VIOLATED)
clkbuf_0_i_core_v_mini_mcu.memory_subsystem_i.clk_cg/Z    0.200000    0.367552   -0.167552 (VIOLATED)
clkbuf_0_i_core_v_mini_mcu.cpu_subsystem_i.cpu_1_0.clk_i/Z    0.200000    0.343901   -0.143901 (VIOLATED)



===========================================================================
report_parasitic_annotation -report_unannotated
============================================================================
Found 351 unannotated drivers.
 clkload0/Z
 clkload1/Z
 clkload10/Z
 clkload100/ZN
 clkload101/ZN
 clkload102/Z
 clkload103/Z
 clkload104/ZN
 clkload105/ZN
 clkload106/ZN
 clkload107/Z
 clkload108/Z
 clkload109/ZN
 clkload11/ZN
 clkload110/ZN
 clkload111/ZN
 clkload112/Z
 clkload113/ZN
 clkload114/ZN
 clkload115/ZN
 clkload116/Z
 clkload117/Z
 clkload118/Z
 clkload119/Z
 clkload12/Z
 clkload120/Z
 clkload121/Z
 clkload122/Z
 clkload123/Z
 clkload124/ZN
 clkload125/ZN
 clkload126/Z
 clkload127/Z
 clkload128/ZN
 clkload129/ZN
 clkload13/ZN
 clkload130/ZN
 clkload131/Z
 clkload132/ZN
 clkload133/Z
 clkload134/Z
 clkload135/Z
 clkload136/Z
 clkload137/ZN
 clkload138/ZN
 clkload139/ZN
 clkload14/Z
 clkload140/ZN
 clkload141/ZN
 clkload142/ZN
 clkload143/ZN
 clkload144/ZN
 clkload145/Z
 clkload146/Z
 clkload147/Z
 clkload148/Z
 clkload149/ZN
 clkload15/Z
 clkload150/Z
 clkload151/ZN
 clkload152/Z
 clkload153/Z
 clkload154/Z
 clkload155/Z
 clkload156/Z
 clkload157/Z
 clkload158/Z
 clkload159/Z
 clkload16/Z
 clkload160/Z
 clkload161/Z
 clkload162/Z
 clkload163/Z
 clkload164/Z
 clkload165/Z
 clkload166/ZN
 clkload167/Z
 clkload168/Z
 clkload169/Z
 clkload17/Z
 clkload170/Z
 clkload171/ZN
 clkload172/Z
 clkload173/ZN
 clkload174/ZN
 clkload175/ZN
 clkload176/Z
 clkload177/ZN
 clkload178/Z
 clkload179/Z
 clkload18/ZN
 clkload180/Z
 clkload181/Z
 clkload182/Z
 clkload183/Z
 clkload184/Z
 clkload185/Z
 clkload186/Z
 clkload187/Z
 clkload188/Z
 clkload189/ZN
 clkload19/Z
 clkload190/ZN
 clkload191/Z
 clkload192/ZN
 clkload193/Z
 clkload194/Z
 clkload195/Z
 clkload196/Z
 clkload197/ZN
 clkload198/ZN
 clkload199/ZN
 clkload2/ZN
 clkload20/ZN
 clkload200/ZN
 clkload201/ZN
 clkload202/Z
 clkload203/Z
 clkload204/ZN
 clkload205/ZN
 clkload206/Z
 clkload207/ZN
 clkload208/ZN
 clkload209/Z
 clkload21/Z
 clkload210/Z
 clkload211/Z
 clkload212/ZN
 clkload213/ZN
 clkload214/Z
 clkload215/Z
 clkload216/Z
 clkload217/Z
 clkload218/Z
 clkload219/Z
 clkload22/ZN
 clkload220/Z
 clkload221/Z
 clkload222/Z
 clkload223/Z
 clkload224/Z
 clkload225/Z
 clkload226/Z
 clkload227/Z
 clkload228/Z
 clkload229/Z
 clkload23/ZN
 clkload230/ZN
 clkload231/Z
 clkload232/Z
 clkload233/Z
 clkload234/ZN
 clkload235/Z
 clkload236/Z
 clkload237/Z
 clkload238/ZN
 clkload239/ZN
 clkload24/ZN
 clkload240/ZN
 clkload241/ZN
 clkload242/ZN
 clkload243/ZN
 clkload244/Z
 clkload245/Z
 clkload246/ZN
 clkload247/Z
 clkload248/Z
 clkload249/Z
 clkload25/Z
 clkload250/Z
 clkload251/Z
 clkload252/Z
 clkload253/Z
 clkload254/Z
 clkload255/Z
 clkload256/Z
 clkload257/Z
 clkload258/Z
 clkload259/Z
 clkload26/ZN
 clkload260/Z
 clkload261/Z
 clkload262/Z
 clkload263/Z
 clkload264/Z
 clkload265/Z
 clkload266/Z
 clkload267/Z
 clkload268/Z
 clkload269/Z
 clkload27/ZN
 clkload270/Z
 clkload271/ZN
 clkload272/ZN
 clkload273/ZN
 clkload274/ZN
 clkload275/Z
 clkload276/ZN
 clkload277/ZN
 clkload278/Z
 clkload279/Z
 clkload28/ZN
 clkload280/Z
 clkload281/Z
 clkload282/Z
 clkload283/Z
 clkload284/Z
 clkload285/Z
 clkload286/Z
 clkload287/Z
 clkload288/Z
 clkload289/Z
 clkload29/Z
 clkload290/Z
 clkload291/Z
 clkload292/Z
 clkload293/Z
 clkload294/Z
 clkload295/Z
 clkload296/Z
 clkload297/Z
 clkload298/Z
 clkload299/ZN
 clkload3/Z
 clkload30/Z
 clkload300/Z
 clkload301/Z
 clkload302/Z
 clkload303/Z
 clkload304/Z
 clkload305/Z
 clkload306/Z
 clkload307/Z
 clkload308/Z
 clkload309/ZN
 clkload31/ZN
 clkload310/ZN
 clkload311/ZN
 clkload312/ZN
 clkload313/Z
 clkload314/ZN
 clkload315/Z
 clkload316/Z
 clkload317/Z
 clkload318/Z
 clkload319/Z
 clkload32/Z
 clkload320/Z
 clkload321/Z
 clkload322/ZN
 clkload323/Z
 clkload324/Z
 clkload325/Z
 clkload326/Z
 clkload327/Z
 clkload328/Z
 clkload329/Z
 clkload33/Z
 clkload330/Z
 clkload331/Z
 clkload332/Z
 clkload333/Z
 clkload334/Z
 clkload335/Z
 clkload336/Z
 clkload337/ZN
 clkload338/ZN
 clkload339/Z
 clkload34/Z
 clkload340/Z
 clkload341/ZN
 clkload342/Z
 clkload343/ZN
 clkload344/Z
 clkload345/Z
 clkload346/Z
 clkload347/Z
 clkload348/Z
 clkload349/Z
 clkload35/Z
 clkload350/Z
 clkload36/Z
 clkload37/Z
 clkload38/ZN
 clkload39/ZN
 clkload4/ZN
 clkload40/ZN
 clkload41/ZN
 clkload42/Z
 clkload43/ZN
 clkload44/Z
 clkload45/ZN
 clkload46/ZN
 clkload47/Z
 clkload48/Z
 clkload49/Z
 clkload5/ZN
 clkload50/Z
 clkload51/Z
 clkload52/Z
 clkload53/Z
 clkload54/Z
 clkload55/Z
 clkload56/Z
 clkload57/ZN
 clkload58/ZN
 clkload59/ZN
 clkload6/ZN
 clkload60/Z
 clkload61/Z
 clkload62/Z
 clkload63/Z
 clkload64/ZN
 clkload65/ZN
 clkload66/ZN
 clkload67/ZN
 clkload68/ZN
 clkload69/ZN
 clkload7/ZN
 clkload70/Z
 clkload71/Z
 clkload72/ZN
 clkload73/ZN
 clkload74/Z
 clkload75/Z
 clkload76/ZN
 clkload77/ZN
 clkload78/ZN
 clkload79/ZN
 clkload8/ZN
 clkload80/ZN
 clkload81/Z
 clkload82/Z
 clkload83/ZN
 clkload84/Z
 clkload85/Z
 clkload86/Z
 clkload87/Z
 clkload88/ZN
 clkload89/ZN
 clkload9/ZN
 clkload90/ZN
 clkload91/ZN
 clkload92/ZN
 clkload93/ZN
 clkload94/ZN
 clkload95/ZN
 clkload96/Z
 clkload97/ZN
 clkload98/ZN
 clkload99/ZN
Found 0 partially unannotated drivers.

===========================================================================
max slew violation count 1002
max fanout violation count 411
max cap violation count 4
============================================================================

===========================================================================
check_setup -verbose -unconstrained_endpoints -multiple_clock -no_clock -no_input_delay -loops -generated_clocks
===========================================================================
