
Cell gf180mcu_fd_sc_mcu7t5v0__fillcap_4 (0) disconnected node: VDD
Cell gf180mcu_fd_sc_mcu7t5v0__fillcap_4 (0) disconnected node: VNW
Cell gf180mcu_fd_sc_mcu7t5v0__fillcap_4 (0) disconnected node: VPW
Cell gf180mcu_fd_sc_mcu7t5v0__fillcap_4 (0) disconnected node: VSS

Subcircuit pins:
Circuit 1: gf180mcu_fd_sc_mcu7t5v0__fillca |Circuit 2: gf180mcu_fd_sc_mcu7t5v0__fillca 
-------------------------------------------|-------------------------------------------
VDD                                        |VDD                                        
VNW                                        |VNW                                        
VPW                                        |VPW                                        
VSS                                        |VSS                                        
---------------------------------------------------------------------------------------
Cell pin lists are equivalent.
Device classes gf180mcu_fd_sc_mcu7t5v0__fillcap_4 and gf180mcu_fd_sc_mcu7t5v0__fillcap_4 are equivalent.

Cell gf180mcu_fd_sc_mcu7t5v0__nand2_1 (0) disconnected node: A1
Cell gf180mcu_fd_sc_mcu7t5v0__nand2_1 (0) disconnected node: A2
Cell gf180mcu_fd_sc_mcu7t5v0__nand2_1 (0) disconnected node: ZN
Cell gf180mcu_fd_sc_mcu7t5v0__nand2_1 (0) disconnected node: VDD
Cell gf180mcu_fd_sc_mcu7t5v0__nand2_1 (0) disconnected node: VNW
Cell gf180mcu_fd_sc_mcu7t5v0__nand2_1 (0) disconnected node: VPW
Cell gf180mcu_fd_sc_mcu7t5v0__nand2_1 (0) disconnected node: VSS

Subcircuit pins:
Circuit 1: gf180mcu_fd_sc_mcu7t5v0__nand2_ |Circuit 2: gf180mcu_fd_sc_mcu7t5v0__nand2_ 
-------------------------------------------|-------------------------------------------
A1                                         |A1                                         
A2                                         |A2                                         
ZN                                         |ZN                                         
VDD                                        |VDD                                        
VNW                                        |VNW                                        
VPW                                        |VPW                                        
VSS                                        |VSS                                        
---------------------------------------------------------------------------------------
Cell pin lists are equivalent.
Device classes gf180mcu_fd_sc_mcu7t5v0__nand2_1 and gf180mcu_fd_sc_mcu7t5v0__nand2_1 are equivalent.

Cell gf180mcu_fd_sc_mcu7t5v0__buf_1 (0) disconnected node: I
Cell gf180mcu_fd_sc_mcu7t5v0__buf_1 (0) disconnected node: Z
Cell gf180mcu_fd_sc_mcu7t5v0__buf_1 (0) disconnected node: VDD
Cell gf180mcu_fd_sc_mcu7t5v0__buf_1 (0) disconnected node: VNW
Cell gf180mcu_fd_sc_mcu7t5v0__buf_1 (0) disconnected node: VPW
Cell gf180mcu_fd_sc_mcu7t5v0__buf_1 (0) disconnected node: VSS

Subcircuit pins:
Circuit 1: gf180mcu_fd_sc_mcu7t5v0__buf_1  |Circuit 2: gf180mcu_fd_sc_mcu7t5v0__buf_1  
-------------------------------------------|-------------------------------------------
I                                          |I                                          
Z                                          |Z                                          
VDD                                        |VDD                                        
VNW                                        |VNW                                        
VPW                                        |VPW                                        
VSS                                        |VSS                                        
---------------------------------------------------------------------------------------
Cell pin lists are equivalent.
Device classes gf180mcu_fd_sc_mcu7t5v0__buf_1 and gf180mcu_fd_sc_mcu7t5v0__buf_1 are equivalent.

Cell gf180mcu_fd_sc_mcu7t5v0__clkinv_1 (0) disconnected node: I
Cell gf180mcu_fd_sc_mcu7t5v0__clkinv_1 (0) disconnected node: ZN
Cell gf180mcu_fd_sc_mcu7t5v0__clkinv_1 (0) disconnected node: VDD
Cell gf180mcu_fd_sc_mcu7t5v0__clkinv_1 (0) disconnected node: VNW
Cell gf180mcu_fd_sc_mcu7t5v0__clkinv_1 (0) disconnected node: VPW
Cell gf180mcu_fd_sc_mcu7t5v0__clkinv_1 (0) disconnected node: VSS

Subcircuit pins:
Circuit 1: gf180mcu_fd_sc_mcu7t5v0__clkinv |Circuit 2: gf180mcu_fd_sc_mcu7t5v0__clkinv 
-------------------------------------------|-------------------------------------------
I                                          |I                                          
ZN                                         |ZN                                         
VDD                                        |VDD                                        
VNW                                        |VNW                                        
VPW                                        |VPW                                        
VSS                                        |VSS                                        
---------------------------------------------------------------------------------------
Cell pin lists are equivalent.
Device classes gf180mcu_fd_sc_mcu7t5v0__clkinv_1 and gf180mcu_fd_sc_mcu7t5v0__clkinv_1 are equivalent.

Cell gf180mcu_fd_sc_mcu7t5v0__dffrnq_1 (0) disconnected node: D
Cell gf180mcu_fd_sc_mcu7t5v0__dffrnq_1 (0) disconnected node: RN
Cell gf180mcu_fd_sc_mcu7t5v0__dffrnq_1 (0) disconnected node: CLK
Cell gf180mcu_fd_sc_mcu7t5v0__dffrnq_1 (0) disconnected node: Q
Cell gf180mcu_fd_sc_mcu7t5v0__dffrnq_1 (0) disconnected node: VDD
Cell gf180mcu_fd_sc_mcu7t5v0__dffrnq_1 (0) disconnected node: VNW
Cell gf180mcu_fd_sc_mcu7t5v0__dffrnq_1 (0) disconnected node: VPW
Cell gf180mcu_fd_sc_mcu7t5v0__dffrnq_1 (0) disconnected node: VSS

Subcircuit pins:
Circuit 1: gf180mcu_fd_sc_mcu7t5v0__dffrnq |Circuit 2: gf180mcu_fd_sc_mcu7t5v0__dffrnq 
-------------------------------------------|-------------------------------------------
D                                          |D                                          
RN                                         |RN                                         
CLK                                        |CLK                                        
Q                                          |Q                                          
VDD                                        |VDD                                        
VNW                                        |VNW                                        
VPW                                        |VPW                                        
VSS                                        |VSS                                        
---------------------------------------------------------------------------------------
Cell pin lists are equivalent.
Device classes gf180mcu_fd_sc_mcu7t5v0__dffrnq_1 and gf180mcu_fd_sc_mcu7t5v0__dffrnq_1 are equivalent.

Cell gf180mcu_fd_sc_mcu7t5v0__nor2_1 (0) disconnected node: A1
Cell gf180mcu_fd_sc_mcu7t5v0__nor2_1 (0) disconnected node: A2
Cell gf180mcu_fd_sc_mcu7t5v0__nor2_1 (0) disconnected node: ZN
Cell gf180mcu_fd_sc_mcu7t5v0__nor2_1 (0) disconnected node: VDD
Cell gf180mcu_fd_sc_mcu7t5v0__nor2_1 (0) disconnected node: VNW
Cell gf180mcu_fd_sc_mcu7t5v0__nor2_1 (0) disconnected node: VPW
Cell gf180mcu_fd_sc_mcu7t5v0__nor2_1 (0) disconnected node: VSS

Subcircuit pins:
Circuit 1: gf180mcu_fd_sc_mcu7t5v0__nor2_1 |Circuit 2: gf180mcu_fd_sc_mcu7t5v0__nor2_1 
-------------------------------------------|-------------------------------------------
A1                                         |A1                                         
A2                                         |A2                                         
ZN                                         |ZN                                         
VDD                                        |VDD                                        
VNW                                        |VNW                                        
VPW                                        |VPW                                        
VSS                                        |VSS                                        
---------------------------------------------------------------------------------------
Cell pin lists are equivalent.
Device classes gf180mcu_fd_sc_mcu7t5v0__nor2_1 and gf180mcu_fd_sc_mcu7t5v0__nor2_1 are equivalent.

Cell gf180mcu_fd_sc_mcu7t5v0__oai21_1 (0) disconnected node: A1
Cell gf180mcu_fd_sc_mcu7t5v0__oai21_1 (0) disconnected node: A2
Cell gf180mcu_fd_sc_mcu7t5v0__oai21_1 (0) disconnected node: B
Cell gf180mcu_fd_sc_mcu7t5v0__oai21_1 (0) disconnected node: ZN
Cell gf180mcu_fd_sc_mcu7t5v0__oai21_1 (0) disconnected node: VDD
Cell gf180mcu_fd_sc_mcu7t5v0__oai21_1 (0) disconnected node: VNW
Cell gf180mcu_fd_sc_mcu7t5v0__oai21_1 (0) disconnected node: VPW
Cell gf180mcu_fd_sc_mcu7t5v0__oai21_1 (0) disconnected node: VSS

Subcircuit pins:
Circuit 1: gf180mcu_fd_sc_mcu7t5v0__oai21_ |Circuit 2: gf180mcu_fd_sc_mcu7t5v0__oai21_ 
-------------------------------------------|-------------------------------------------
A1                                         |A1                                         
A2                                         |A2                                         
B                                          |B                                          
ZN                                         |ZN                                         
VDD                                        |VDD                                        
VNW                                        |VNW                                        
VPW                                        |VPW                                        
VSS                                        |VSS                                        
---------------------------------------------------------------------------------------
Cell pin lists are equivalent.
Device classes gf180mcu_fd_sc_mcu7t5v0__oai21_1 and gf180mcu_fd_sc_mcu7t5v0__oai21_1 are equivalent.

Cell gf180mcu_fd_sc_mcu7t5v0__or2_2 (0) disconnected node: A1
Cell gf180mcu_fd_sc_mcu7t5v0__or2_2 (0) disconnected node: A2
Cell gf180mcu_fd_sc_mcu7t5v0__or2_2 (0) disconnected node: Z
Cell gf180mcu_fd_sc_mcu7t5v0__or2_2 (0) disconnected node: VDD
Cell gf180mcu_fd_sc_mcu7t5v0__or2_2 (0) disconnected node: VNW
Cell gf180mcu_fd_sc_mcu7t5v0__or2_2 (0) disconnected node: VPW
Cell gf180mcu_fd_sc_mcu7t5v0__or2_2 (0) disconnected node: VSS

Subcircuit pins:
Circuit 1: gf180mcu_fd_sc_mcu7t5v0__or2_2  |Circuit 2: gf180mcu_fd_sc_mcu7t5v0__or2_2  
-------------------------------------------|-------------------------------------------
A1                                         |A1                                         
A2                                         |A2                                         
Z                                          |Z                                          
VDD                                        |VDD                                        
VNW                                        |VNW                                        
VPW                                        |VPW                                        
VSS                                        |VSS                                        
---------------------------------------------------------------------------------------
Cell pin lists are equivalent.
Device classes gf180mcu_fd_sc_mcu7t5v0__or2_2 and gf180mcu_fd_sc_mcu7t5v0__or2_2 are equivalent.

Cell gf180mcu_fd_sc_mcu7t5v0__aoi22_1 (0) disconnected node: A1
Cell gf180mcu_fd_sc_mcu7t5v0__aoi22_1 (0) disconnected node: A2
Cell gf180mcu_fd_sc_mcu7t5v0__aoi22_1 (0) disconnected node: B1
Cell gf180mcu_fd_sc_mcu7t5v0__aoi22_1 (0) disconnected node: B2
Cell gf180mcu_fd_sc_mcu7t5v0__aoi22_1 (0) disconnected node: ZN
Cell gf180mcu_fd_sc_mcu7t5v0__aoi22_1 (0) disconnected node: VDD
Cell gf180mcu_fd_sc_mcu7t5v0__aoi22_1 (0) disconnected node: VNW
Cell gf180mcu_fd_sc_mcu7t5v0__aoi22_1 (0) disconnected node: VPW
Cell gf180mcu_fd_sc_mcu7t5v0__aoi22_1 (0) disconnected node: VSS

Subcircuit pins:
Circuit 1: gf180mcu_fd_sc_mcu7t5v0__aoi22_ |Circuit 2: gf180mcu_fd_sc_mcu7t5v0__aoi22_ 
-------------------------------------------|-------------------------------------------
A1                                         |A1                                         
A2                                         |A2                                         
B1                                         |B1                                         
B2                                         |B2                                         
ZN                                         |ZN                                         
VDD                                        |VDD                                        
VNW                                        |VNW                                        
VPW                                        |VPW                                        
VSS                                        |VSS                                        
---------------------------------------------------------------------------------------
Cell pin lists are equivalent.
Device classes gf180mcu_fd_sc_mcu7t5v0__aoi22_1 and gf180mcu_fd_sc_mcu7t5v0__aoi22_1 are equivalent.

Cell gf180mcu_fd_sc_mcu7t5v0__aoi221_1 (0) disconnected node: A1
Cell gf180mcu_fd_sc_mcu7t5v0__aoi221_1 (0) disconnected node: A2
Cell gf180mcu_fd_sc_mcu7t5v0__aoi221_1 (0) disconnected node: B1
Cell gf180mcu_fd_sc_mcu7t5v0__aoi221_1 (0) disconnected node: B2
Cell gf180mcu_fd_sc_mcu7t5v0__aoi221_1 (0) disconnected node: C
Cell gf180mcu_fd_sc_mcu7t5v0__aoi221_1 (0) disconnected node: ZN
Cell gf180mcu_fd_sc_mcu7t5v0__aoi221_1 (0) disconnected node: VDD
Cell gf180mcu_fd_sc_mcu7t5v0__aoi221_1 (0) disconnected node: VNW
Cell gf180mcu_fd_sc_mcu7t5v0__aoi221_1 (0) disconnected node: VPW
Cell gf180mcu_fd_sc_mcu7t5v0__aoi221_1 (0) disconnected node: VSS

Subcircuit pins:
Circuit 1: gf180mcu_fd_sc_mcu7t5v0__aoi221 |Circuit 2: gf180mcu_fd_sc_mcu7t5v0__aoi221 
-------------------------------------------|-------------------------------------------
A1                                         |A1                                         
A2                                         |A2                                         
B1                                         |B1                                         
B2                                         |B2                                         
C                                          |C                                          
ZN                                         |ZN                                         
VDD                                        |VDD                                        
VNW                                        |VNW                                        
VPW                                        |VPW                                        
VSS                                        |VSS                                        
---------------------------------------------------------------------------------------
Cell pin lists are equivalent.
Device classes gf180mcu_fd_sc_mcu7t5v0__aoi221_1 and gf180mcu_fd_sc_mcu7t5v0__aoi221_1 are equivalent.

Cell gf180mcu_fd_sc_mcu7t5v0__fillcap_8 (0) disconnected node: VDD
Cell gf180mcu_fd_sc_mcu7t5v0__fillcap_8 (0) disconnected node: VNW
Cell gf180mcu_fd_sc_mcu7t5v0__fillcap_8 (0) disconnected node: VPW
Cell gf180mcu_fd_sc_mcu7t5v0__fillcap_8 (0) disconnected node: VSS

Subcircuit pins:
Circuit 1: gf180mcu_fd_sc_mcu7t5v0__fillca |Circuit 2: gf180mcu_fd_sc_mcu7t5v0__fillca 
-------------------------------------------|-------------------------------------------
VDD                                        |VDD                                        
VNW                                        |VNW                                        
VPW                                        |VPW                                        
VSS                                        |VSS                                        
---------------------------------------------------------------------------------------
Cell pin lists are equivalent.
Device classes gf180mcu_fd_sc_mcu7t5v0__fillcap_8 and gf180mcu_fd_sc_mcu7t5v0__fillcap_8 are equivalent.

Cell gf180mcu_fd_sc_mcu7t5v0__aoi21_1 (0) disconnected node: A1
Cell gf180mcu_fd_sc_mcu7t5v0__aoi21_1 (0) disconnected node: A2
Cell gf180mcu_fd_sc_mcu7t5v0__aoi21_1 (0) disconnected node: B
Cell gf180mcu_fd_sc_mcu7t5v0__aoi21_1 (0) disconnected node: ZN
Cell gf180mcu_fd_sc_mcu7t5v0__aoi21_1 (0) disconnected node: VDD
Cell gf180mcu_fd_sc_mcu7t5v0__aoi21_1 (0) disconnected node: VNW
Cell gf180mcu_fd_sc_mcu7t5v0__aoi21_1 (0) disconnected node: VPW
Cell gf180mcu_fd_sc_mcu7t5v0__aoi21_1 (0) disconnected node: VSS

Subcircuit pins:
Circuit 1: gf180mcu_fd_sc_mcu7t5v0__aoi21_ |Circuit 2: gf180mcu_fd_sc_mcu7t5v0__aoi21_ 
-------------------------------------------|-------------------------------------------
A1                                         |A1                                         
A2                                         |A2                                         
B                                          |B                                          
ZN                                         |ZN                                         
VDD                                        |VDD                                        
VNW                                        |VNW                                        
VPW                                        |VPW                                        
VSS                                        |VSS                                        
---------------------------------------------------------------------------------------
Cell pin lists are equivalent.
Device classes gf180mcu_fd_sc_mcu7t5v0__aoi21_1 and gf180mcu_fd_sc_mcu7t5v0__aoi21_1 are equivalent.

Cell gf180mcu_fd_sc_mcu7t5v0__nor3_2 (0) disconnected node: A1
Cell gf180mcu_fd_sc_mcu7t5v0__nor3_2 (0) disconnected node: A2
Cell gf180mcu_fd_sc_mcu7t5v0__nor3_2 (0) disconnected node: A3
Cell gf180mcu_fd_sc_mcu7t5v0__nor3_2 (0) disconnected node: ZN
Cell gf180mcu_fd_sc_mcu7t5v0__nor3_2 (0) disconnected node: VDD
Cell gf180mcu_fd_sc_mcu7t5v0__nor3_2 (0) disconnected node: VNW
Cell gf180mcu_fd_sc_mcu7t5v0__nor3_2 (0) disconnected node: VPW
Cell gf180mcu_fd_sc_mcu7t5v0__nor3_2 (0) disconnected node: VSS

Subcircuit pins:
Circuit 1: gf180mcu_fd_sc_mcu7t5v0__nor3_2 |Circuit 2: gf180mcu_fd_sc_mcu7t5v0__nor3_2 
-------------------------------------------|-------------------------------------------
A1                                         |A1                                         
A2                                         |A2                                         
A3                                         |A3                                         
ZN                                         |ZN                                         
VDD                                        |VDD                                        
VNW                                        |VNW                                        
VPW                                        |VPW                                        
VSS                                        |VSS                                        
---------------------------------------------------------------------------------------
Cell pin lists are equivalent.
Device classes gf180mcu_fd_sc_mcu7t5v0__nor3_2 and gf180mcu_fd_sc_mcu7t5v0__nor3_2 are equivalent.

Cell gf180mcu_fd_sc_mcu7t5v0__oai21_2 (0) disconnected node: A1
Cell gf180mcu_fd_sc_mcu7t5v0__oai21_2 (0) disconnected node: A2
Cell gf180mcu_fd_sc_mcu7t5v0__oai21_2 (0) disconnected node: B
Cell gf180mcu_fd_sc_mcu7t5v0__oai21_2 (0) disconnected node: ZN
Cell gf180mcu_fd_sc_mcu7t5v0__oai21_2 (0) disconnected node: VDD
Cell gf180mcu_fd_sc_mcu7t5v0__oai21_2 (0) disconnected node: VNW
Cell gf180mcu_fd_sc_mcu7t5v0__oai21_2 (0) disconnected node: VPW
Cell gf180mcu_fd_sc_mcu7t5v0__oai21_2 (0) disconnected node: VSS

Subcircuit pins:
Circuit 1: gf180mcu_fd_sc_mcu7t5v0__oai21_ |Circuit 2: gf180mcu_fd_sc_mcu7t5v0__oai21_ 
-------------------------------------------|-------------------------------------------
A1                                         |A1                                         
A2                                         |A2                                         
B                                          |B                                          
ZN                                         |ZN                                         
VDD                                        |VDD                                        
VNW                                        |VNW                                        
VPW                                        |VPW                                        
VSS                                        |VSS                                        
---------------------------------------------------------------------------------------
Cell pin lists are equivalent.
Device classes gf180mcu_fd_sc_mcu7t5v0__oai21_2 and gf180mcu_fd_sc_mcu7t5v0__oai21_2 are equivalent.

Cell gf180mcu_fd_sc_mcu7t5v0__nand4_1 (0) disconnected node: A1
Cell gf180mcu_fd_sc_mcu7t5v0__nand4_1 (0) disconnected node: A2
Cell gf180mcu_fd_sc_mcu7t5v0__nand4_1 (0) disconnected node: A3
Cell gf180mcu_fd_sc_mcu7t5v0__nand4_1 (0) disconnected node: A4
Cell gf180mcu_fd_sc_mcu7t5v0__nand4_1 (0) disconnected node: ZN
Cell gf180mcu_fd_sc_mcu7t5v0__nand4_1 (0) disconnected node: VDD
Cell gf180mcu_fd_sc_mcu7t5v0__nand4_1 (0) disconnected node: VNW
Cell gf180mcu_fd_sc_mcu7t5v0__nand4_1 (0) disconnected node: VPW
Cell gf180mcu_fd_sc_mcu7t5v0__nand4_1 (0) disconnected node: VSS

Subcircuit pins:
Circuit 1: gf180mcu_fd_sc_mcu7t5v0__nand4_ |Circuit 2: gf180mcu_fd_sc_mcu7t5v0__nand4_ 
-------------------------------------------|-------------------------------------------
A1                                         |A1                                         
A2                                         |A2                                         
A3                                         |A3                                         
A4                                         |A4                                         
ZN                                         |ZN                                         
VDD                                        |VDD                                        
VNW                                        |VNW                                        
VPW                                        |VPW                                        
VSS                                        |VSS                                        
---------------------------------------------------------------------------------------
Cell pin lists are equivalent.
Device classes gf180mcu_fd_sc_mcu7t5v0__nand4_1 and gf180mcu_fd_sc_mcu7t5v0__nand4_1 are equivalent.

Cell gf180mcu_fd_sc_mcu7t5v0__nand3_1 (0) disconnected node: A1
Cell gf180mcu_fd_sc_mcu7t5v0__nand3_1 (0) disconnected node: A2
Cell gf180mcu_fd_sc_mcu7t5v0__nand3_1 (0) disconnected node: A3
Cell gf180mcu_fd_sc_mcu7t5v0__nand3_1 (0) disconnected node: ZN
Cell gf180mcu_fd_sc_mcu7t5v0__nand3_1 (0) disconnected node: VDD
Cell gf180mcu_fd_sc_mcu7t5v0__nand3_1 (0) disconnected node: VNW
Cell gf180mcu_fd_sc_mcu7t5v0__nand3_1 (0) disconnected node: VPW
Cell gf180mcu_fd_sc_mcu7t5v0__nand3_1 (0) disconnected node: VSS

Subcircuit pins:
Circuit 1: gf180mcu_fd_sc_mcu7t5v0__nand3_ |Circuit 2: gf180mcu_fd_sc_mcu7t5v0__nand3_ 
-------------------------------------------|-------------------------------------------
A1                                         |A1                                         
A2                                         |A2                                         
A3                                         |A3                                         
ZN                                         |ZN                                         
VDD                                        |VDD                                        
VNW                                        |VNW                                        
VPW                                        |VPW                                        
VSS                                        |VSS                                        
---------------------------------------------------------------------------------------
Cell pin lists are equivalent.
Device classes gf180mcu_fd_sc_mcu7t5v0__nand3_1 and gf180mcu_fd_sc_mcu7t5v0__nand3_1 are equivalent.

Cell gf180mcu_fd_sc_mcu7t5v0__dffq_1 (0) disconnected node: D
Cell gf180mcu_fd_sc_mcu7t5v0__dffq_1 (0) disconnected node: CLK
Cell gf180mcu_fd_sc_mcu7t5v0__dffq_1 (0) disconnected node: Q
Cell gf180mcu_fd_sc_mcu7t5v0__dffq_1 (0) disconnected node: VDD
Cell gf180mcu_fd_sc_mcu7t5v0__dffq_1 (0) disconnected node: VNW
Cell gf180mcu_fd_sc_mcu7t5v0__dffq_1 (0) disconnected node: VPW
Cell gf180mcu_fd_sc_mcu7t5v0__dffq_1 (0) disconnected node: VSS

Subcircuit pins:
Circuit 1: gf180mcu_fd_sc_mcu7t5v0__dffq_1 |Circuit 2: gf180mcu_fd_sc_mcu7t5v0__dffq_1 
-------------------------------------------|-------------------------------------------
D                                          |D                                          
CLK                                        |CLK                                        
Q                                          |Q                                          
VDD                                        |VDD                                        
VNW                                        |VNW                                        
VPW                                        |VPW                                        
VSS                                        |VSS                                        
---------------------------------------------------------------------------------------
Cell pin lists are equivalent.
Device classes gf180mcu_fd_sc_mcu7t5v0__dffq_1 and gf180mcu_fd_sc_mcu7t5v0__dffq_1 are equivalent.

Cell gf180mcu_fd_sc_mcu7t5v0__clkbuf_8 (0) disconnected node: I
Cell gf180mcu_fd_sc_mcu7t5v0__clkbuf_8 (0) disconnected node: Z
Cell gf180mcu_fd_sc_mcu7t5v0__clkbuf_8 (0) disconnected node: VDD
Cell gf180mcu_fd_sc_mcu7t5v0__clkbuf_8 (0) disconnected node: VNW
Cell gf180mcu_fd_sc_mcu7t5v0__clkbuf_8 (0) disconnected node: VPW
Cell gf180mcu_fd_sc_mcu7t5v0__clkbuf_8 (0) disconnected node: VSS

Subcircuit pins:
Circuit 1: gf180mcu_fd_sc_mcu7t5v0__clkbuf |Circuit 2: gf180mcu_fd_sc_mcu7t5v0__clkbuf 
-------------------------------------------|-------------------------------------------
I                                          |I                                          
Z                                          |Z                                          
VDD                                        |VDD                                        
VNW                                        |VNW                                        
VPW                                        |VPW                                        
VSS                                        |VSS                                        
---------------------------------------------------------------------------------------
Cell pin lists are equivalent.
Device classes gf180mcu_fd_sc_mcu7t5v0__clkbuf_8 and gf180mcu_fd_sc_mcu7t5v0__clkbuf_8 are equivalent.

Cell gf180mcu_fd_sc_mcu7t5v0__dlyb_1 (0) disconnected node: I
Cell gf180mcu_fd_sc_mcu7t5v0__dlyb_1 (0) disconnected node: Z
Cell gf180mcu_fd_sc_mcu7t5v0__dlyb_1 (0) disconnected node: VDD
Cell gf180mcu_fd_sc_mcu7t5v0__dlyb_1 (0) disconnected node: VNW
Cell gf180mcu_fd_sc_mcu7t5v0__dlyb_1 (0) disconnected node: VPW
Cell gf180mcu_fd_sc_mcu7t5v0__dlyb_1 (0) disconnected node: VSS

Subcircuit pins:
Circuit 1: gf180mcu_fd_sc_mcu7t5v0__dlyb_1 |Circuit 2: gf180mcu_fd_sc_mcu7t5v0__dlyb_1 
-------------------------------------------|-------------------------------------------
I                                          |I                                          
Z                                          |Z                                          
VDD                                        |VDD                                        
VNW                                        |VNW                                        
VPW                                        |VPW                                        
VSS                                        |VSS                                        
---------------------------------------------------------------------------------------
Cell pin lists are equivalent.
Device classes gf180mcu_fd_sc_mcu7t5v0__dlyb_1 and gf180mcu_fd_sc_mcu7t5v0__dlyb_1 are equivalent.

Cell gf180mcu_fd_sc_mcu7t5v0__fillcap_16 (0) disconnected node: VDD
Cell gf180mcu_fd_sc_mcu7t5v0__fillcap_16 (0) disconnected node: VNW
Cell gf180mcu_fd_sc_mcu7t5v0__fillcap_16 (0) disconnected node: VPW
Cell gf180mcu_fd_sc_mcu7t5v0__fillcap_16 (0) disconnected node: VSS

Subcircuit pins:
Circuit 1: gf180mcu_fd_sc_mcu7t5v0__fillca |Circuit 2: gf180mcu_fd_sc_mcu7t5v0__fillca 
-------------------------------------------|-------------------------------------------
VDD                                        |VDD                                        
VNW                                        |VNW                                        
VPW                                        |VPW                                        
VSS                                        |VSS                                        
---------------------------------------------------------------------------------------
Cell pin lists are equivalent.
Device classes gf180mcu_fd_sc_mcu7t5v0__fillcap_16 and gf180mcu_fd_sc_mcu7t5v0__fillcap_16 are equivalent.

Cell gf180mcu_fd_sc_mcu7t5v0__buf_8 (0) disconnected node: I
Cell gf180mcu_fd_sc_mcu7t5v0__buf_8 (0) disconnected node: Z
Cell gf180mcu_fd_sc_mcu7t5v0__buf_8 (0) disconnected node: VDD
Cell gf180mcu_fd_sc_mcu7t5v0__buf_8 (0) disconnected node: VNW
Cell gf180mcu_fd_sc_mcu7t5v0__buf_8 (0) disconnected node: VPW
Cell gf180mcu_fd_sc_mcu7t5v0__buf_8 (0) disconnected node: VSS

Subcircuit pins:
Circuit 1: gf180mcu_fd_sc_mcu7t5v0__buf_8  |Circuit 2: gf180mcu_fd_sc_mcu7t5v0__buf_8  
-------------------------------------------|-------------------------------------------
I                                          |I                                          
Z                                          |Z                                          
VDD                                        |VDD                                        
VNW                                        |VNW                                        
VPW                                        |VPW                                        
VSS                                        |VSS                                        
---------------------------------------------------------------------------------------
Cell pin lists are equivalent.
Device classes gf180mcu_fd_sc_mcu7t5v0__buf_8 and gf180mcu_fd_sc_mcu7t5v0__buf_8 are equivalent.

Cell gf180mcu_fd_sc_mcu7t5v0__inv_1 (0) disconnected node: I
Cell gf180mcu_fd_sc_mcu7t5v0__inv_1 (0) disconnected node: ZN
Cell gf180mcu_fd_sc_mcu7t5v0__inv_1 (0) disconnected node: VDD
Cell gf180mcu_fd_sc_mcu7t5v0__inv_1 (0) disconnected node: VNW
Cell gf180mcu_fd_sc_mcu7t5v0__inv_1 (0) disconnected node: VPW
Cell gf180mcu_fd_sc_mcu7t5v0__inv_1 (0) disconnected node: VSS

Subcircuit pins:
Circuit 1: gf180mcu_fd_sc_mcu7t5v0__inv_1  |Circuit 2: gf180mcu_fd_sc_mcu7t5v0__inv_1  
-------------------------------------------|-------------------------------------------
I                                          |I                                          
ZN                                         |ZN                                         
VDD                                        |VDD                                        
VNW                                        |VNW                                        
VPW                                        |VPW                                        
VSS                                        |VSS                                        
---------------------------------------------------------------------------------------
Cell pin lists are equivalent.
Device classes gf180mcu_fd_sc_mcu7t5v0__inv_1 and gf180mcu_fd_sc_mcu7t5v0__inv_1 are equivalent.

Cell gf180mcu_fd_sc_mcu7t5v0__buf_3 (0) disconnected node: I
Cell gf180mcu_fd_sc_mcu7t5v0__buf_3 (0) disconnected node: Z
Cell gf180mcu_fd_sc_mcu7t5v0__buf_3 (0) disconnected node: VDD
Cell gf180mcu_fd_sc_mcu7t5v0__buf_3 (0) disconnected node: VNW
Cell gf180mcu_fd_sc_mcu7t5v0__buf_3 (0) disconnected node: VPW
Cell gf180mcu_fd_sc_mcu7t5v0__buf_3 (0) disconnected node: VSS

Subcircuit pins:
Circuit 1: gf180mcu_fd_sc_mcu7t5v0__buf_3  |Circuit 2: gf180mcu_fd_sc_mcu7t5v0__buf_3  
-------------------------------------------|-------------------------------------------
I                                          |I                                          
Z                                          |Z                                          
VDD                                        |VDD                                        
VNW                                        |VNW                                        
VPW                                        |VPW                                        
VSS                                        |VSS                                        
---------------------------------------------------------------------------------------
Cell pin lists are equivalent.
Device classes gf180mcu_fd_sc_mcu7t5v0__buf_3 and gf180mcu_fd_sc_mcu7t5v0__buf_3 are equivalent.

Cell gf180mcu_fd_sc_mcu7t5v0__oai211_1 (0) disconnected node: A1
Cell gf180mcu_fd_sc_mcu7t5v0__oai211_1 (0) disconnected node: A2
Cell gf180mcu_fd_sc_mcu7t5v0__oai211_1 (0) disconnected node: B
Cell gf180mcu_fd_sc_mcu7t5v0__oai211_1 (0) disconnected node: C
Cell gf180mcu_fd_sc_mcu7t5v0__oai211_1 (0) disconnected node: ZN
Cell gf180mcu_fd_sc_mcu7t5v0__oai211_1 (0) disconnected node: VDD
Cell gf180mcu_fd_sc_mcu7t5v0__oai211_1 (0) disconnected node: VNW
Cell gf180mcu_fd_sc_mcu7t5v0__oai211_1 (0) disconnected node: VPW
Cell gf180mcu_fd_sc_mcu7t5v0__oai211_1 (0) disconnected node: VSS

Subcircuit pins:
Circuit 1: gf180mcu_fd_sc_mcu7t5v0__oai211 |Circuit 2: gf180mcu_fd_sc_mcu7t5v0__oai211 
-------------------------------------------|-------------------------------------------
A1                                         |A1                                         
A2                                         |A2                                         
B                                          |B                                          
C                                          |C                                          
ZN                                         |ZN                                         
VDD                                        |VDD                                        
VNW                                        |VNW                                        
VPW                                        |VPW                                        
VSS                                        |VSS                                        
---------------------------------------------------------------------------------------
Cell pin lists are equivalent.
Device classes gf180mcu_fd_sc_mcu7t5v0__oai211_1 and gf180mcu_fd_sc_mcu7t5v0__oai211_1 are equivalent.

Cell gf180mcu_fd_sc_mcu7t5v0__oai21_4 (0) disconnected node: A1
Cell gf180mcu_fd_sc_mcu7t5v0__oai21_4 (0) disconnected node: A2
Cell gf180mcu_fd_sc_mcu7t5v0__oai21_4 (0) disconnected node: B
Cell gf180mcu_fd_sc_mcu7t5v0__oai21_4 (0) disconnected node: ZN
Cell gf180mcu_fd_sc_mcu7t5v0__oai21_4 (0) disconnected node: VDD
Cell gf180mcu_fd_sc_mcu7t5v0__oai21_4 (0) disconnected node: VNW
Cell gf180mcu_fd_sc_mcu7t5v0__oai21_4 (0) disconnected node: VPW
Cell gf180mcu_fd_sc_mcu7t5v0__oai21_4 (0) disconnected node: VSS

Subcircuit pins:
Circuit 1: gf180mcu_fd_sc_mcu7t5v0__oai21_ |Circuit 2: gf180mcu_fd_sc_mcu7t5v0__oai21_ 
-------------------------------------------|-------------------------------------------
A1                                         |A1                                         
A2                                         |A2                                         
B                                          |B                                          
ZN                                         |ZN                                         
VDD                                        |VDD                                        
VNW                                        |VNW                                        
VPW                                        |VPW                                        
VSS                                        |VSS                                        
---------------------------------------------------------------------------------------
Cell pin lists are equivalent.
Device classes gf180mcu_fd_sc_mcu7t5v0__oai21_4 and gf180mcu_fd_sc_mcu7t5v0__oai21_4 are equivalent.

Cell gf180mcu_fd_sc_mcu7t5v0__buf_2 (0) disconnected node: I
Cell gf180mcu_fd_sc_mcu7t5v0__buf_2 (0) disconnected node: Z
Cell gf180mcu_fd_sc_mcu7t5v0__buf_2 (0) disconnected node: VDD
Cell gf180mcu_fd_sc_mcu7t5v0__buf_2 (0) disconnected node: VNW
Cell gf180mcu_fd_sc_mcu7t5v0__buf_2 (0) disconnected node: VPW
Cell gf180mcu_fd_sc_mcu7t5v0__buf_2 (0) disconnected node: VSS

Subcircuit pins:
Circuit 1: gf180mcu_fd_sc_mcu7t5v0__buf_2  |Circuit 2: gf180mcu_fd_sc_mcu7t5v0__buf_2  
-------------------------------------------|-------------------------------------------
I                                          |I                                          
Z                                          |Z                                          
VDD                                        |VDD                                        
VNW                                        |VNW                                        
VPW                                        |VPW                                        
VSS                                        |VSS                                        
---------------------------------------------------------------------------------------
Cell pin lists are equivalent.
Device classes gf180mcu_fd_sc_mcu7t5v0__buf_2 and gf180mcu_fd_sc_mcu7t5v0__buf_2 are equivalent.

Cell gf180mcu_fd_sc_mcu7t5v0__dffsnq_1 (0) disconnected node: D
Cell gf180mcu_fd_sc_mcu7t5v0__dffsnq_1 (0) disconnected node: SETN
Cell gf180mcu_fd_sc_mcu7t5v0__dffsnq_1 (0) disconnected node: CLK
Cell gf180mcu_fd_sc_mcu7t5v0__dffsnq_1 (0) disconnected node: Q
Cell gf180mcu_fd_sc_mcu7t5v0__dffsnq_1 (0) disconnected node: VDD
Cell gf180mcu_fd_sc_mcu7t5v0__dffsnq_1 (0) disconnected node: VNW
Cell gf180mcu_fd_sc_mcu7t5v0__dffsnq_1 (0) disconnected node: VPW
Cell gf180mcu_fd_sc_mcu7t5v0__dffsnq_1 (0) disconnected node: VSS

Subcircuit pins:
Circuit 1: gf180mcu_fd_sc_mcu7t5v0__dffsnq |Circuit 2: gf180mcu_fd_sc_mcu7t5v0__dffsnq 
-------------------------------------------|-------------------------------------------
D                                          |D                                          
SETN                                       |SETN                                       
CLK                                        |CLK                                        
Q                                          |Q                                          
VDD                                        |VDD                                        
VNW                                        |VNW                                        
VPW                                        |VPW                                        
VSS                                        |VSS                                        
---------------------------------------------------------------------------------------
Cell pin lists are equivalent.
Device classes gf180mcu_fd_sc_mcu7t5v0__dffsnq_1 and gf180mcu_fd_sc_mcu7t5v0__dffsnq_1 are equivalent.

Cell gf180mcu_fd_sc_mcu7t5v0__or2_1 (0) disconnected node: A1
Cell gf180mcu_fd_sc_mcu7t5v0__or2_1 (0) disconnected node: A2
Cell gf180mcu_fd_sc_mcu7t5v0__or2_1 (0) disconnected node: Z
Cell gf180mcu_fd_sc_mcu7t5v0__or2_1 (0) disconnected node: VDD
Cell gf180mcu_fd_sc_mcu7t5v0__or2_1 (0) disconnected node: VNW
Cell gf180mcu_fd_sc_mcu7t5v0__or2_1 (0) disconnected node: VPW
Cell gf180mcu_fd_sc_mcu7t5v0__or2_1 (0) disconnected node: VSS

Subcircuit pins:
Circuit 1: gf180mcu_fd_sc_mcu7t5v0__or2_1  |Circuit 2: gf180mcu_fd_sc_mcu7t5v0__or2_1  
-------------------------------------------|-------------------------------------------
A1                                         |A1                                         
A2                                         |A2                                         
Z                                          |Z                                          
VDD                                        |VDD                                        
VNW                                        |VNW                                        
VPW                                        |VPW                                        
VSS                                        |VSS                                        
---------------------------------------------------------------------------------------
Cell pin lists are equivalent.
Device classes gf180mcu_fd_sc_mcu7t5v0__or2_1 and gf180mcu_fd_sc_mcu7t5v0__or2_1 are equivalent.

Cell gf180mcu_fd_sc_mcu7t5v0__oai31_2 (0) disconnected node: A1
Cell gf180mcu_fd_sc_mcu7t5v0__oai31_2 (0) disconnected node: A2
Cell gf180mcu_fd_sc_mcu7t5v0__oai31_2 (0) disconnected node: A3
Cell gf180mcu_fd_sc_mcu7t5v0__oai31_2 (0) disconnected node: B
Cell gf180mcu_fd_sc_mcu7t5v0__oai31_2 (0) disconnected node: ZN
Cell gf180mcu_fd_sc_mcu7t5v0__oai31_2 (0) disconnected node: VDD
Cell gf180mcu_fd_sc_mcu7t5v0__oai31_2 (0) disconnected node: VNW
Cell gf180mcu_fd_sc_mcu7t5v0__oai31_2 (0) disconnected node: VPW
Cell gf180mcu_fd_sc_mcu7t5v0__oai31_2 (0) disconnected node: VSS

Subcircuit pins:
Circuit 1: gf180mcu_fd_sc_mcu7t5v0__oai31_ |Circuit 2: gf180mcu_fd_sc_mcu7t5v0__oai31_ 
-------------------------------------------|-------------------------------------------
A1                                         |A1                                         
A2                                         |A2                                         
A3                                         |A3                                         
B                                          |B                                          
ZN                                         |ZN                                         
VDD                                        |VDD                                        
VNW                                        |VNW                                        
VPW                                        |VPW                                        
VSS                                        |VSS                                        
---------------------------------------------------------------------------------------
Cell pin lists are equivalent.
Device classes gf180mcu_fd_sc_mcu7t5v0__oai31_2 and gf180mcu_fd_sc_mcu7t5v0__oai31_2 are equivalent.

Cell gf180mcu_fd_sc_mcu7t5v0__and2_1 (0) disconnected node: A1
Cell gf180mcu_fd_sc_mcu7t5v0__and2_1 (0) disconnected node: A2
Cell gf180mcu_fd_sc_mcu7t5v0__and2_1 (0) disconnected node: Z
Cell gf180mcu_fd_sc_mcu7t5v0__and2_1 (0) disconnected node: VDD
Cell gf180mcu_fd_sc_mcu7t5v0__and2_1 (0) disconnected node: VNW
Cell gf180mcu_fd_sc_mcu7t5v0__and2_1 (0) disconnected node: VPW
Cell gf180mcu_fd_sc_mcu7t5v0__and2_1 (0) disconnected node: VSS

Subcircuit pins:
Circuit 1: gf180mcu_fd_sc_mcu7t5v0__and2_1 |Circuit 2: gf180mcu_fd_sc_mcu7t5v0__and2_1 
-------------------------------------------|-------------------------------------------
A1                                         |A1                                         
A2                                         |A2                                         
Z                                          |Z                                          
VDD                                        |VDD                                        
VNW                                        |VNW                                        
VPW                                        |VPW                                        
VSS                                        |VSS                                        
---------------------------------------------------------------------------------------
Cell pin lists are equivalent.
Device classes gf180mcu_fd_sc_mcu7t5v0__and2_1 and gf180mcu_fd_sc_mcu7t5v0__and2_1 are equivalent.

Cell gf180mcu_fd_sc_mcu7t5v0__tiel (0) disconnected node: ZN
Cell gf180mcu_fd_sc_mcu7t5v0__tiel (0) disconnected node: VDD
Cell gf180mcu_fd_sc_mcu7t5v0__tiel (0) disconnected node: VNW
Cell gf180mcu_fd_sc_mcu7t5v0__tiel (0) disconnected node: VPW
Cell gf180mcu_fd_sc_mcu7t5v0__tiel (0) disconnected node: VSS

Subcircuit pins:
Circuit 1: gf180mcu_fd_sc_mcu7t5v0__tiel   |Circuit 2: gf180mcu_fd_sc_mcu7t5v0__tiel   
-------------------------------------------|-------------------------------------------
ZN                                         |ZN                                         
VDD                                        |VDD                                        
VNW                                        |VNW                                        
VPW                                        |VPW                                        
VSS                                        |VSS                                        
---------------------------------------------------------------------------------------
Cell pin lists are equivalent.
Device classes gf180mcu_fd_sc_mcu7t5v0__tiel and gf180mcu_fd_sc_mcu7t5v0__tiel are equivalent.

Cell gf180mcu_fd_sc_mcu7t5v0__buf_4 (0) disconnected node: I
Cell gf180mcu_fd_sc_mcu7t5v0__buf_4 (0) disconnected node: Z
Cell gf180mcu_fd_sc_mcu7t5v0__buf_4 (0) disconnected node: VDD
Cell gf180mcu_fd_sc_mcu7t5v0__buf_4 (0) disconnected node: VNW
Cell gf180mcu_fd_sc_mcu7t5v0__buf_4 (0) disconnected node: VPW
Cell gf180mcu_fd_sc_mcu7t5v0__buf_4 (0) disconnected node: VSS

Subcircuit pins:
Circuit 1: gf180mcu_fd_sc_mcu7t5v0__buf_4  |Circuit 2: gf180mcu_fd_sc_mcu7t5v0__buf_4  
-------------------------------------------|-------------------------------------------
I                                          |I                                          
Z                                          |Z                                          
VDD                                        |VDD                                        
VNW                                        |VNW                                        
VPW                                        |VPW                                        
VSS                                        |VSS                                        
---------------------------------------------------------------------------------------
Cell pin lists are equivalent.
Device classes gf180mcu_fd_sc_mcu7t5v0__buf_4 and gf180mcu_fd_sc_mcu7t5v0__buf_4 are equivalent.

Cell gf180mcu_fd_sc_mcu7t5v0__nor3_1 (0) disconnected node: A1
Cell gf180mcu_fd_sc_mcu7t5v0__nor3_1 (0) disconnected node: A2
Cell gf180mcu_fd_sc_mcu7t5v0__nor3_1 (0) disconnected node: A3
Cell gf180mcu_fd_sc_mcu7t5v0__nor3_1 (0) disconnected node: ZN
Cell gf180mcu_fd_sc_mcu7t5v0__nor3_1 (0) disconnected node: VDD
Cell gf180mcu_fd_sc_mcu7t5v0__nor3_1 (0) disconnected node: VNW
Cell gf180mcu_fd_sc_mcu7t5v0__nor3_1 (0) disconnected node: VPW
Cell gf180mcu_fd_sc_mcu7t5v0__nor3_1 (0) disconnected node: VSS

Subcircuit pins:
Circuit 1: gf180mcu_fd_sc_mcu7t5v0__nor3_1 |Circuit 2: gf180mcu_fd_sc_mcu7t5v0__nor3_1 
-------------------------------------------|-------------------------------------------
A1                                         |A1                                         
A2                                         |A2                                         
A3                                         |A3                                         
ZN                                         |ZN                                         
VDD                                        |VDD                                        
VNW                                        |VNW                                        
VPW                                        |VPW                                        
VSS                                        |VSS                                        
---------------------------------------------------------------------------------------
Cell pin lists are equivalent.
Device classes gf180mcu_fd_sc_mcu7t5v0__nor3_1 and gf180mcu_fd_sc_mcu7t5v0__nor3_1 are equivalent.

Cell gf180mcu_fd_sc_mcu7t5v0__nor4_1 (0) disconnected node: A1
Cell gf180mcu_fd_sc_mcu7t5v0__nor4_1 (0) disconnected node: A2
Cell gf180mcu_fd_sc_mcu7t5v0__nor4_1 (0) disconnected node: A3
Cell gf180mcu_fd_sc_mcu7t5v0__nor4_1 (0) disconnected node: A4
Cell gf180mcu_fd_sc_mcu7t5v0__nor4_1 (0) disconnected node: ZN
Cell gf180mcu_fd_sc_mcu7t5v0__nor4_1 (0) disconnected node: VDD
Cell gf180mcu_fd_sc_mcu7t5v0__nor4_1 (0) disconnected node: VNW
Cell gf180mcu_fd_sc_mcu7t5v0__nor4_1 (0) disconnected node: VPW
Cell gf180mcu_fd_sc_mcu7t5v0__nor4_1 (0) disconnected node: VSS

Subcircuit pins:
Circuit 1: gf180mcu_fd_sc_mcu7t5v0__nor4_1 |Circuit 2: gf180mcu_fd_sc_mcu7t5v0__nor4_1 
-------------------------------------------|-------------------------------------------
A1                                         |A1                                         
A2                                         |A2                                         
A3                                         |A3                                         
A4                                         |A4                                         
ZN                                         |ZN                                         
VDD                                        |VDD                                        
VNW                                        |VNW                                        
VPW                                        |VPW                                        
VSS                                        |VSS                                        
---------------------------------------------------------------------------------------
Cell pin lists are equivalent.
Device classes gf180mcu_fd_sc_mcu7t5v0__nor4_1 and gf180mcu_fd_sc_mcu7t5v0__nor4_1 are equivalent.

Cell gf180mcu_fd_sc_mcu7t5v0__or4_1 (0) disconnected node: A1
Cell gf180mcu_fd_sc_mcu7t5v0__or4_1 (0) disconnected node: A2
Cell gf180mcu_fd_sc_mcu7t5v0__or4_1 (0) disconnected node: A3
Cell gf180mcu_fd_sc_mcu7t5v0__or4_1 (0) disconnected node: A4
Cell gf180mcu_fd_sc_mcu7t5v0__or4_1 (0) disconnected node: Z
Cell gf180mcu_fd_sc_mcu7t5v0__or4_1 (0) disconnected node: VDD
Cell gf180mcu_fd_sc_mcu7t5v0__or4_1 (0) disconnected node: VNW
Cell gf180mcu_fd_sc_mcu7t5v0__or4_1 (0) disconnected node: VPW
Cell gf180mcu_fd_sc_mcu7t5v0__or4_1 (0) disconnected node: VSS

Subcircuit pins:
Circuit 1: gf180mcu_fd_sc_mcu7t5v0__or4_1  |Circuit 2: gf180mcu_fd_sc_mcu7t5v0__or4_1  
-------------------------------------------|-------------------------------------------
A1                                         |A1                                         
A2                                         |A2                                         
A3                                         |A3                                         
A4                                         |A4                                         
Z                                          |Z                                          
VDD                                        |VDD                                        
VNW                                        |VNW                                        
VPW                                        |VPW                                        
VSS                                        |VSS                                        
---------------------------------------------------------------------------------------
Cell pin lists are equivalent.
Device classes gf180mcu_fd_sc_mcu7t5v0__or4_1 and gf180mcu_fd_sc_mcu7t5v0__or4_1 are equivalent.

Cell gf180mcu_fd_sc_mcu7t5v0__nand2_2 (0) disconnected node: A1
Cell gf180mcu_fd_sc_mcu7t5v0__nand2_2 (0) disconnected node: A2
Cell gf180mcu_fd_sc_mcu7t5v0__nand2_2 (0) disconnected node: ZN
Cell gf180mcu_fd_sc_mcu7t5v0__nand2_2 (0) disconnected node: VDD
Cell gf180mcu_fd_sc_mcu7t5v0__nand2_2 (0) disconnected node: VNW
Cell gf180mcu_fd_sc_mcu7t5v0__nand2_2 (0) disconnected node: VPW
Cell gf180mcu_fd_sc_mcu7t5v0__nand2_2 (0) disconnected node: VSS

Subcircuit pins:
Circuit 1: gf180mcu_fd_sc_mcu7t5v0__nand2_ |Circuit 2: gf180mcu_fd_sc_mcu7t5v0__nand2_ 
-------------------------------------------|-------------------------------------------
A1                                         |A1                                         
A2                                         |A2                                         
ZN                                         |ZN                                         
VDD                                        |VDD                                        
VNW                                        |VNW                                        
VPW                                        |VPW                                        
VSS                                        |VSS                                        
---------------------------------------------------------------------------------------
Cell pin lists are equivalent.
Device classes gf180mcu_fd_sc_mcu7t5v0__nand2_2 and gf180mcu_fd_sc_mcu7t5v0__nand2_2 are equivalent.

Cell gf180mcu_fd_sc_mcu7t5v0__oai221_1 (0) disconnected node: A1
Cell gf180mcu_fd_sc_mcu7t5v0__oai221_1 (0) disconnected node: A2
Cell gf180mcu_fd_sc_mcu7t5v0__oai221_1 (0) disconnected node: B1
Cell gf180mcu_fd_sc_mcu7t5v0__oai221_1 (0) disconnected node: B2
Cell gf180mcu_fd_sc_mcu7t5v0__oai221_1 (0) disconnected node: C
Cell gf180mcu_fd_sc_mcu7t5v0__oai221_1 (0) disconnected node: ZN
Cell gf180mcu_fd_sc_mcu7t5v0__oai221_1 (0) disconnected node: VDD
Cell gf180mcu_fd_sc_mcu7t5v0__oai221_1 (0) disconnected node: VNW
Cell gf180mcu_fd_sc_mcu7t5v0__oai221_1 (0) disconnected node: VPW
Cell gf180mcu_fd_sc_mcu7t5v0__oai221_1 (0) disconnected node: VSS

Subcircuit pins:
Circuit 1: gf180mcu_fd_sc_mcu7t5v0__oai221 |Circuit 2: gf180mcu_fd_sc_mcu7t5v0__oai221 
-------------------------------------------|-------------------------------------------
A1                                         |A1                                         
A2                                         |A2                                         
B1                                         |B1                                         
B2                                         |B2                                         
C                                          |C                                          
ZN                                         |ZN                                         
VDD                                        |VDD                                        
VNW                                        |VNW                                        
VPW                                        |VPW                                        
VSS                                        |VSS                                        
---------------------------------------------------------------------------------------
Cell pin lists are equivalent.
Device classes gf180mcu_fd_sc_mcu7t5v0__oai221_1 and gf180mcu_fd_sc_mcu7t5v0__oai221_1 are equivalent.

Cell gf180mcu_fd_sc_mcu7t5v0__and2_2 (0) disconnected node: A1
Cell gf180mcu_fd_sc_mcu7t5v0__and2_2 (0) disconnected node: A2
Cell gf180mcu_fd_sc_mcu7t5v0__and2_2 (0) disconnected node: Z
Cell gf180mcu_fd_sc_mcu7t5v0__and2_2 (0) disconnected node: VDD
Cell gf180mcu_fd_sc_mcu7t5v0__and2_2 (0) disconnected node: VNW
Cell gf180mcu_fd_sc_mcu7t5v0__and2_2 (0) disconnected node: VPW
Cell gf180mcu_fd_sc_mcu7t5v0__and2_2 (0) disconnected node: VSS

Subcircuit pins:
Circuit 1: gf180mcu_fd_sc_mcu7t5v0__and2_2 |Circuit 2: gf180mcu_fd_sc_mcu7t5v0__and2_2 
-------------------------------------------|-------------------------------------------
A1                                         |A1                                         
A2                                         |A2                                         
Z                                          |Z                                          
VDD                                        |VDD                                        
VNW                                        |VNW                                        
VPW                                        |VPW                                        
VSS                                        |VSS                                        
---------------------------------------------------------------------------------------
Cell pin lists are equivalent.
Device classes gf180mcu_fd_sc_mcu7t5v0__and2_2 and gf180mcu_fd_sc_mcu7t5v0__and2_2 are equivalent.

Cell gf180mcu_fd_sc_mcu7t5v0__nand2_4 (0) disconnected node: A1
Cell gf180mcu_fd_sc_mcu7t5v0__nand2_4 (0) disconnected node: A2
Cell gf180mcu_fd_sc_mcu7t5v0__nand2_4 (0) disconnected node: ZN
Cell gf180mcu_fd_sc_mcu7t5v0__nand2_4 (0) disconnected node: VDD
Cell gf180mcu_fd_sc_mcu7t5v0__nand2_4 (0) disconnected node: VNW
Cell gf180mcu_fd_sc_mcu7t5v0__nand2_4 (0) disconnected node: VPW
Cell gf180mcu_fd_sc_mcu7t5v0__nand2_4 (0) disconnected node: VSS

Subcircuit pins:
Circuit 1: gf180mcu_fd_sc_mcu7t5v0__nand2_ |Circuit 2: gf180mcu_fd_sc_mcu7t5v0__nand2_ 
-------------------------------------------|-------------------------------------------
A1                                         |A1                                         
A2                                         |A2                                         
ZN                                         |ZN                                         
VDD                                        |VDD                                        
VNW                                        |VNW                                        
VPW                                        |VPW                                        
VSS                                        |VSS                                        
---------------------------------------------------------------------------------------
Cell pin lists are equivalent.
Device classes gf180mcu_fd_sc_mcu7t5v0__nand2_4 and gf180mcu_fd_sc_mcu7t5v0__nand2_4 are equivalent.

Cell gf180mcu_fd_sc_mcu7t5v0__aoi211_1 (0) disconnected node: A1
Cell gf180mcu_fd_sc_mcu7t5v0__aoi211_1 (0) disconnected node: A2
Cell gf180mcu_fd_sc_mcu7t5v0__aoi211_1 (0) disconnected node: B
Cell gf180mcu_fd_sc_mcu7t5v0__aoi211_1 (0) disconnected node: C
Cell gf180mcu_fd_sc_mcu7t5v0__aoi211_1 (0) disconnected node: ZN
Cell gf180mcu_fd_sc_mcu7t5v0__aoi211_1 (0) disconnected node: VDD
Cell gf180mcu_fd_sc_mcu7t5v0__aoi211_1 (0) disconnected node: VNW
Cell gf180mcu_fd_sc_mcu7t5v0__aoi211_1 (0) disconnected node: VPW
Cell gf180mcu_fd_sc_mcu7t5v0__aoi211_1 (0) disconnected node: VSS

Subcircuit pins:
Circuit 1: gf180mcu_fd_sc_mcu7t5v0__aoi211 |Circuit 2: gf180mcu_fd_sc_mcu7t5v0__aoi211 
-------------------------------------------|-------------------------------------------
A1                                         |A1                                         
A2                                         |A2                                         
B                                          |B                                          
C                                          |C                                          
ZN                                         |ZN                                         
VDD                                        |VDD                                        
VNW                                        |VNW                                        
VPW                                        |VPW                                        
VSS                                        |VSS                                        
---------------------------------------------------------------------------------------
Cell pin lists are equivalent.
Device classes gf180mcu_fd_sc_mcu7t5v0__aoi211_1 and gf180mcu_fd_sc_mcu7t5v0__aoi211_1 are equivalent.

Cell gf180mcu_fd_sc_mcu7t5v0__clkbuf_4 (0) disconnected node: I
Cell gf180mcu_fd_sc_mcu7t5v0__clkbuf_4 (0) disconnected node: Z
Cell gf180mcu_fd_sc_mcu7t5v0__clkbuf_4 (0) disconnected node: VDD
Cell gf180mcu_fd_sc_mcu7t5v0__clkbuf_4 (0) disconnected node: VNW
Cell gf180mcu_fd_sc_mcu7t5v0__clkbuf_4 (0) disconnected node: VPW
Cell gf180mcu_fd_sc_mcu7t5v0__clkbuf_4 (0) disconnected node: VSS

Subcircuit pins:
Circuit 1: gf180mcu_fd_sc_mcu7t5v0__clkbuf |Circuit 2: gf180mcu_fd_sc_mcu7t5v0__clkbuf 
-------------------------------------------|-------------------------------------------
I                                          |I                                          
Z                                          |Z                                          
VDD                                        |VDD                                        
VNW                                        |VNW                                        
VPW                                        |VPW                                        
VSS                                        |VSS                                        
---------------------------------------------------------------------------------------
Cell pin lists are equivalent.
Device classes gf180mcu_fd_sc_mcu7t5v0__clkbuf_4 and gf180mcu_fd_sc_mcu7t5v0__clkbuf_4 are equivalent.

Cell gf180mcu_fd_sc_mcu7t5v0__oai32_1 (0) disconnected node: A1
Cell gf180mcu_fd_sc_mcu7t5v0__oai32_1 (0) disconnected node: A2
Cell gf180mcu_fd_sc_mcu7t5v0__oai32_1 (0) disconnected node: A3
Cell gf180mcu_fd_sc_mcu7t5v0__oai32_1 (0) disconnected node: B1
Cell gf180mcu_fd_sc_mcu7t5v0__oai32_1 (0) disconnected node: B2
Cell gf180mcu_fd_sc_mcu7t5v0__oai32_1 (0) disconnected node: ZN
Cell gf180mcu_fd_sc_mcu7t5v0__oai32_1 (0) disconnected node: VDD
Cell gf180mcu_fd_sc_mcu7t5v0__oai32_1 (0) disconnected node: VNW
Cell gf180mcu_fd_sc_mcu7t5v0__oai32_1 (0) disconnected node: VPW
Cell gf180mcu_fd_sc_mcu7t5v0__oai32_1 (0) disconnected node: VSS

Subcircuit pins:
Circuit 1: gf180mcu_fd_sc_mcu7t5v0__oai32_ |Circuit 2: gf180mcu_fd_sc_mcu7t5v0__oai32_ 
-------------------------------------------|-------------------------------------------
A1                                         |A1                                         
A2                                         |A2                                         
A3                                         |A3                                         
B1                                         |B1                                         
B2                                         |B2                                         
ZN                                         |ZN                                         
VDD                                        |VDD                                        
VNW                                        |VNW                                        
VPW                                        |VPW                                        
VSS                                        |VSS                                        
---------------------------------------------------------------------------------------
Cell pin lists are equivalent.
Device classes gf180mcu_fd_sc_mcu7t5v0__oai32_1 and gf180mcu_fd_sc_mcu7t5v0__oai32_1 are equivalent.

Cell gf180mcu_fd_sc_mcu7t5v0__nand3_2 (0) disconnected node: A1
Cell gf180mcu_fd_sc_mcu7t5v0__nand3_2 (0) disconnected node: A2
Cell gf180mcu_fd_sc_mcu7t5v0__nand3_2 (0) disconnected node: A3
Cell gf180mcu_fd_sc_mcu7t5v0__nand3_2 (0) disconnected node: ZN
Cell gf180mcu_fd_sc_mcu7t5v0__nand3_2 (0) disconnected node: VDD
Cell gf180mcu_fd_sc_mcu7t5v0__nand3_2 (0) disconnected node: VNW
Cell gf180mcu_fd_sc_mcu7t5v0__nand3_2 (0) disconnected node: VPW
Cell gf180mcu_fd_sc_mcu7t5v0__nand3_2 (0) disconnected node: VSS

Subcircuit pins:
Circuit 1: gf180mcu_fd_sc_mcu7t5v0__nand3_ |Circuit 2: gf180mcu_fd_sc_mcu7t5v0__nand3_ 
-------------------------------------------|-------------------------------------------
A1                                         |A1                                         
A2                                         |A2                                         
A3                                         |A3                                         
ZN                                         |ZN                                         
VDD                                        |VDD                                        
VNW                                        |VNW                                        
VPW                                        |VPW                                        
VSS                                        |VSS                                        
---------------------------------------------------------------------------------------
Cell pin lists are equivalent.
Device classes gf180mcu_fd_sc_mcu7t5v0__nand3_2 and gf180mcu_fd_sc_mcu7t5v0__nand3_2 are equivalent.

Cell gf180mcu_fd_sc_mcu7t5v0__inv_2 (0) disconnected node: I
Cell gf180mcu_fd_sc_mcu7t5v0__inv_2 (0) disconnected node: ZN
Cell gf180mcu_fd_sc_mcu7t5v0__inv_2 (0) disconnected node: VDD
Cell gf180mcu_fd_sc_mcu7t5v0__inv_2 (0) disconnected node: VNW
Cell gf180mcu_fd_sc_mcu7t5v0__inv_2 (0) disconnected node: VPW
Cell gf180mcu_fd_sc_mcu7t5v0__inv_2 (0) disconnected node: VSS

Subcircuit pins:
Circuit 1: gf180mcu_fd_sc_mcu7t5v0__inv_2  |Circuit 2: gf180mcu_fd_sc_mcu7t5v0__inv_2  
-------------------------------------------|-------------------------------------------
I                                          |I                                          
ZN                                         |ZN                                         
VDD                                        |VDD                                        
VNW                                        |VNW                                        
VPW                                        |VPW                                        
VSS                                        |VSS                                        
---------------------------------------------------------------------------------------
Cell pin lists are equivalent.
Device classes gf180mcu_fd_sc_mcu7t5v0__inv_2 and gf180mcu_fd_sc_mcu7t5v0__inv_2 are equivalent.

Cell gf180mcu_fd_sc_mcu7t5v0__oai22_1 (0) disconnected node: A1
Cell gf180mcu_fd_sc_mcu7t5v0__oai22_1 (0) disconnected node: A2
Cell gf180mcu_fd_sc_mcu7t5v0__oai22_1 (0) disconnected node: B1
Cell gf180mcu_fd_sc_mcu7t5v0__oai22_1 (0) disconnected node: B2
Cell gf180mcu_fd_sc_mcu7t5v0__oai22_1 (0) disconnected node: ZN
Cell gf180mcu_fd_sc_mcu7t5v0__oai22_1 (0) disconnected node: VDD
Cell gf180mcu_fd_sc_mcu7t5v0__oai22_1 (0) disconnected node: VNW
Cell gf180mcu_fd_sc_mcu7t5v0__oai22_1 (0) disconnected node: VPW
Cell gf180mcu_fd_sc_mcu7t5v0__oai22_1 (0) disconnected node: VSS

Subcircuit pins:
Circuit 1: gf180mcu_fd_sc_mcu7t5v0__oai22_ |Circuit 2: gf180mcu_fd_sc_mcu7t5v0__oai22_ 
-------------------------------------------|-------------------------------------------
A1                                         |A1                                         
A2                                         |A2                                         
B1                                         |B1                                         
B2                                         |B2                                         
ZN                                         |ZN                                         
VDD                                        |VDD                                        
VNW                                        |VNW                                        
VPW                                        |VPW                                        
VSS                                        |VSS                                        
---------------------------------------------------------------------------------------
Cell pin lists are equivalent.
Device classes gf180mcu_fd_sc_mcu7t5v0__oai22_1 and gf180mcu_fd_sc_mcu7t5v0__oai22_1 are equivalent.

Cell gf180mcu_fd_sc_mcu7t5v0__clkbuf_2 (0) disconnected node: I
Cell gf180mcu_fd_sc_mcu7t5v0__clkbuf_2 (0) disconnected node: Z
Cell gf180mcu_fd_sc_mcu7t5v0__clkbuf_2 (0) disconnected node: VDD
Cell gf180mcu_fd_sc_mcu7t5v0__clkbuf_2 (0) disconnected node: VNW
Cell gf180mcu_fd_sc_mcu7t5v0__clkbuf_2 (0) disconnected node: VPW
Cell gf180mcu_fd_sc_mcu7t5v0__clkbuf_2 (0) disconnected node: VSS

Subcircuit pins:
Circuit 1: gf180mcu_fd_sc_mcu7t5v0__clkbuf |Circuit 2: gf180mcu_fd_sc_mcu7t5v0__clkbuf 
-------------------------------------------|-------------------------------------------
I                                          |I                                          
Z                                          |Z                                          
VDD                                        |VDD                                        
VNW                                        |VNW                                        
VPW                                        |VPW                                        
VSS                                        |VSS                                        
---------------------------------------------------------------------------------------
Cell pin lists are equivalent.
Device classes gf180mcu_fd_sc_mcu7t5v0__clkbuf_2 and gf180mcu_fd_sc_mcu7t5v0__clkbuf_2 are equivalent.

Cell gf180mcu_fd_sc_mcu7t5v0__and2_4 (0) disconnected node: A1
Cell gf180mcu_fd_sc_mcu7t5v0__and2_4 (0) disconnected node: A2
Cell gf180mcu_fd_sc_mcu7t5v0__and2_4 (0) disconnected node: Z
Cell gf180mcu_fd_sc_mcu7t5v0__and2_4 (0) disconnected node: VDD
Cell gf180mcu_fd_sc_mcu7t5v0__and2_4 (0) disconnected node: VNW
Cell gf180mcu_fd_sc_mcu7t5v0__and2_4 (0) disconnected node: VPW
Cell gf180mcu_fd_sc_mcu7t5v0__and2_4 (0) disconnected node: VSS

Subcircuit pins:
Circuit 1: gf180mcu_fd_sc_mcu7t5v0__and2_4 |Circuit 2: gf180mcu_fd_sc_mcu7t5v0__and2_4 
-------------------------------------------|-------------------------------------------
A1                                         |A1                                         
A2                                         |A2                                         
Z                                          |Z                                          
VDD                                        |VDD                                        
VNW                                        |VNW                                        
VPW                                        |VPW                                        
VSS                                        |VSS                                        
---------------------------------------------------------------------------------------
Cell pin lists are equivalent.
Device classes gf180mcu_fd_sc_mcu7t5v0__and2_4 and gf180mcu_fd_sc_mcu7t5v0__and2_4 are equivalent.

Cell gf180mcu_fd_sc_mcu7t5v0__nor2_2 (0) disconnected node: A1
Cell gf180mcu_fd_sc_mcu7t5v0__nor2_2 (0) disconnected node: A2
Cell gf180mcu_fd_sc_mcu7t5v0__nor2_2 (0) disconnected node: ZN
Cell gf180mcu_fd_sc_mcu7t5v0__nor2_2 (0) disconnected node: VDD
Cell gf180mcu_fd_sc_mcu7t5v0__nor2_2 (0) disconnected node: VNW
Cell gf180mcu_fd_sc_mcu7t5v0__nor2_2 (0) disconnected node: VPW
Cell gf180mcu_fd_sc_mcu7t5v0__nor2_2 (0) disconnected node: VSS

Subcircuit pins:
Circuit 1: gf180mcu_fd_sc_mcu7t5v0__nor2_2 |Circuit 2: gf180mcu_fd_sc_mcu7t5v0__nor2_2 
-------------------------------------------|-------------------------------------------
A1                                         |A1                                         
A2                                         |A2                                         
ZN                                         |ZN                                         
VDD                                        |VDD                                        
VNW                                        |VNW                                        
VPW                                        |VPW                                        
VSS                                        |VSS                                        
---------------------------------------------------------------------------------------
Cell pin lists are equivalent.
Device classes gf180mcu_fd_sc_mcu7t5v0__nor2_2 and gf180mcu_fd_sc_mcu7t5v0__nor2_2 are equivalent.

Cell gf180mcu_fd_sc_mcu7t5v0__and3_1 (0) disconnected node: A1
Cell gf180mcu_fd_sc_mcu7t5v0__and3_1 (0) disconnected node: A2
Cell gf180mcu_fd_sc_mcu7t5v0__and3_1 (0) disconnected node: A3
Cell gf180mcu_fd_sc_mcu7t5v0__and3_1 (0) disconnected node: Z
Cell gf180mcu_fd_sc_mcu7t5v0__and3_1 (0) disconnected node: VDD
Cell gf180mcu_fd_sc_mcu7t5v0__and3_1 (0) disconnected node: VNW
Cell gf180mcu_fd_sc_mcu7t5v0__and3_1 (0) disconnected node: VPW
Cell gf180mcu_fd_sc_mcu7t5v0__and3_1 (0) disconnected node: VSS

Subcircuit pins:
Circuit 1: gf180mcu_fd_sc_mcu7t5v0__and3_1 |Circuit 2: gf180mcu_fd_sc_mcu7t5v0__and3_1 
-------------------------------------------|-------------------------------------------
A1                                         |A1                                         
A2                                         |A2                                         
A3                                         |A3                                         
Z                                          |Z                                          
VDD                                        |VDD                                        
VNW                                        |VNW                                        
VPW                                        |VPW                                        
VSS                                        |VSS                                        
---------------------------------------------------------------------------------------
Cell pin lists are equivalent.
Device classes gf180mcu_fd_sc_mcu7t5v0__and3_1 and gf180mcu_fd_sc_mcu7t5v0__and3_1 are equivalent.

Cell gf180mcu_fd_sc_mcu7t5v0__and4_1 (0) disconnected node: A1
Cell gf180mcu_fd_sc_mcu7t5v0__and4_1 (0) disconnected node: A2
Cell gf180mcu_fd_sc_mcu7t5v0__and4_1 (0) disconnected node: A3
Cell gf180mcu_fd_sc_mcu7t5v0__and4_1 (0) disconnected node: A4
Cell gf180mcu_fd_sc_mcu7t5v0__and4_1 (0) disconnected node: Z
Cell gf180mcu_fd_sc_mcu7t5v0__and4_1 (0) disconnected node: VDD
Cell gf180mcu_fd_sc_mcu7t5v0__and4_1 (0) disconnected node: VNW
Cell gf180mcu_fd_sc_mcu7t5v0__and4_1 (0) disconnected node: VPW
Cell gf180mcu_fd_sc_mcu7t5v0__and4_1 (0) disconnected node: VSS

Subcircuit pins:
Circuit 1: gf180mcu_fd_sc_mcu7t5v0__and4_1 |Circuit 2: gf180mcu_fd_sc_mcu7t5v0__and4_1 
-------------------------------------------|-------------------------------------------
A1                                         |A1                                         
A2                                         |A2                                         
A3                                         |A3                                         
A4                                         |A4                                         
Z                                          |Z                                          
VDD                                        |VDD                                        
VNW                                        |VNW                                        
VPW                                        |VPW                                        
VSS                                        |VSS                                        
---------------------------------------------------------------------------------------
Cell pin lists are equivalent.
Device classes gf180mcu_fd_sc_mcu7t5v0__and4_1 and gf180mcu_fd_sc_mcu7t5v0__and4_1 are equivalent.

Cell gf180mcu_fd_sc_mcu7t5v0__fillcap_32 (0) disconnected node: VDD
Cell gf180mcu_fd_sc_mcu7t5v0__fillcap_32 (0) disconnected node: VNW
Cell gf180mcu_fd_sc_mcu7t5v0__fillcap_32 (0) disconnected node: VPW
Cell gf180mcu_fd_sc_mcu7t5v0__fillcap_32 (0) disconnected node: VSS

Subcircuit pins:
Circuit 1: gf180mcu_fd_sc_mcu7t5v0__fillca |Circuit 2: gf180mcu_fd_sc_mcu7t5v0__fillca 
-------------------------------------------|-------------------------------------------
VDD                                        |VDD                                        
VNW                                        |VNW                                        
VPW                                        |VPW                                        
VSS                                        |VSS                                        
---------------------------------------------------------------------------------------
Cell pin lists are equivalent.
Device classes gf180mcu_fd_sc_mcu7t5v0__fillcap_32 and gf180mcu_fd_sc_mcu7t5v0__fillcap_32 are equivalent.

Cell gf180mcu_fd_sc_mcu7t5v0__clkbuf_16 (0) disconnected node: I
Cell gf180mcu_fd_sc_mcu7t5v0__clkbuf_16 (0) disconnected node: Z
Cell gf180mcu_fd_sc_mcu7t5v0__clkbuf_16 (0) disconnected node: VDD
Cell gf180mcu_fd_sc_mcu7t5v0__clkbuf_16 (0) disconnected node: VNW
Cell gf180mcu_fd_sc_mcu7t5v0__clkbuf_16 (0) disconnected node: VPW
Cell gf180mcu_fd_sc_mcu7t5v0__clkbuf_16 (0) disconnected node: VSS

Subcircuit pins:
Circuit 1: gf180mcu_fd_sc_mcu7t5v0__clkbuf |Circuit 2: gf180mcu_fd_sc_mcu7t5v0__clkbuf 
-------------------------------------------|-------------------------------------------
I                                          |I                                          
Z                                          |Z                                          
VDD                                        |VDD                                        
VNW                                        |VNW                                        
VPW                                        |VPW                                        
VSS                                        |VSS                                        
---------------------------------------------------------------------------------------
Cell pin lists are equivalent.
Device classes gf180mcu_fd_sc_mcu7t5v0__clkbuf_16 and gf180mcu_fd_sc_mcu7t5v0__clkbuf_16 are equivalent.

Cell gf180mcu_fd_sc_mcu7t5v0__oai31_1 (0) disconnected node: A1
Cell gf180mcu_fd_sc_mcu7t5v0__oai31_1 (0) disconnected node: A2
Cell gf180mcu_fd_sc_mcu7t5v0__oai31_1 (0) disconnected node: A3
Cell gf180mcu_fd_sc_mcu7t5v0__oai31_1 (0) disconnected node: B
Cell gf180mcu_fd_sc_mcu7t5v0__oai31_1 (0) disconnected node: ZN
Cell gf180mcu_fd_sc_mcu7t5v0__oai31_1 (0) disconnected node: VDD
Cell gf180mcu_fd_sc_mcu7t5v0__oai31_1 (0) disconnected node: VNW
Cell gf180mcu_fd_sc_mcu7t5v0__oai31_1 (0) disconnected node: VPW
Cell gf180mcu_fd_sc_mcu7t5v0__oai31_1 (0) disconnected node: VSS

Subcircuit pins:
Circuit 1: gf180mcu_fd_sc_mcu7t5v0__oai31_ |Circuit 2: gf180mcu_fd_sc_mcu7t5v0__oai31_ 
-------------------------------------------|-------------------------------------------
A1                                         |A1                                         
A2                                         |A2                                         
A3                                         |A3                                         
B                                          |B                                          
ZN                                         |ZN                                         
VDD                                        |VDD                                        
VNW                                        |VNW                                        
VPW                                        |VPW                                        
VSS                                        |VSS                                        
---------------------------------------------------------------------------------------
Cell pin lists are equivalent.
Device classes gf180mcu_fd_sc_mcu7t5v0__oai31_1 and gf180mcu_fd_sc_mcu7t5v0__oai31_1 are equivalent.

Cell gf180mcu_fd_sc_mcu7t5v0__or3_1 (0) disconnected node: A1
Cell gf180mcu_fd_sc_mcu7t5v0__or3_1 (0) disconnected node: A2
Cell gf180mcu_fd_sc_mcu7t5v0__or3_1 (0) disconnected node: A3
Cell gf180mcu_fd_sc_mcu7t5v0__or3_1 (0) disconnected node: Z
Cell gf180mcu_fd_sc_mcu7t5v0__or3_1 (0) disconnected node: VDD
Cell gf180mcu_fd_sc_mcu7t5v0__or3_1 (0) disconnected node: VNW
Cell gf180mcu_fd_sc_mcu7t5v0__or3_1 (0) disconnected node: VPW
Cell gf180mcu_fd_sc_mcu7t5v0__or3_1 (0) disconnected node: VSS

Subcircuit pins:
Circuit 1: gf180mcu_fd_sc_mcu7t5v0__or3_1  |Circuit 2: gf180mcu_fd_sc_mcu7t5v0__or3_1  
-------------------------------------------|-------------------------------------------
A1                                         |A1                                         
A2                                         |A2                                         
A3                                         |A3                                         
Z                                          |Z                                          
VDD                                        |VDD                                        
VNW                                        |VNW                                        
VPW                                        |VPW                                        
VSS                                        |VSS                                        
---------------------------------------------------------------------------------------
Cell pin lists are equivalent.
Device classes gf180mcu_fd_sc_mcu7t5v0__or3_1 and gf180mcu_fd_sc_mcu7t5v0__or3_1 are equivalent.

Cell gf180mcu_fd_sc_mcu7t5v0__aoi21_2 (0) disconnected node: A1
Cell gf180mcu_fd_sc_mcu7t5v0__aoi21_2 (0) disconnected node: A2
Cell gf180mcu_fd_sc_mcu7t5v0__aoi21_2 (0) disconnected node: B
Cell gf180mcu_fd_sc_mcu7t5v0__aoi21_2 (0) disconnected node: ZN
Cell gf180mcu_fd_sc_mcu7t5v0__aoi21_2 (0) disconnected node: VDD
Cell gf180mcu_fd_sc_mcu7t5v0__aoi21_2 (0) disconnected node: VNW
Cell gf180mcu_fd_sc_mcu7t5v0__aoi21_2 (0) disconnected node: VPW
Cell gf180mcu_fd_sc_mcu7t5v0__aoi21_2 (0) disconnected node: VSS

Subcircuit pins:
Circuit 1: gf180mcu_fd_sc_mcu7t5v0__aoi21_ |Circuit 2: gf180mcu_fd_sc_mcu7t5v0__aoi21_ 
-------------------------------------------|-------------------------------------------
A1                                         |A1                                         
A2                                         |A2                                         
B                                          |B                                          
ZN                                         |ZN                                         
VDD                                        |VDD                                        
VNW                                        |VNW                                        
VPW                                        |VPW                                        
VSS                                        |VSS                                        
---------------------------------------------------------------------------------------
Cell pin lists are equivalent.
Device classes gf180mcu_fd_sc_mcu7t5v0__aoi21_2 and gf180mcu_fd_sc_mcu7t5v0__aoi21_2 are equivalent.

Cell gf180mcu_fd_sc_mcu7t5v0__clkinv_2 (0) disconnected node: I
Cell gf180mcu_fd_sc_mcu7t5v0__clkinv_2 (0) disconnected node: ZN
Cell gf180mcu_fd_sc_mcu7t5v0__clkinv_2 (0) disconnected node: VDD
Cell gf180mcu_fd_sc_mcu7t5v0__clkinv_2 (0) disconnected node: VNW
Cell gf180mcu_fd_sc_mcu7t5v0__clkinv_2 (0) disconnected node: VPW
Cell gf180mcu_fd_sc_mcu7t5v0__clkinv_2 (0) disconnected node: VSS

Subcircuit pins:
Circuit 1: gf180mcu_fd_sc_mcu7t5v0__clkinv |Circuit 2: gf180mcu_fd_sc_mcu7t5v0__clkinv 
-------------------------------------------|-------------------------------------------
I                                          |I                                          
ZN                                         |ZN                                         
VDD                                        |VDD                                        
VNW                                        |VNW                                        
VPW                                        |VPW                                        
VSS                                        |VSS                                        
---------------------------------------------------------------------------------------
Cell pin lists are equivalent.
Device classes gf180mcu_fd_sc_mcu7t5v0__clkinv_2 and gf180mcu_fd_sc_mcu7t5v0__clkinv_2 are equivalent.

Cell gf180mcu_fd_sc_mcu7t5v0__inv_3 (0) disconnected node: I
Cell gf180mcu_fd_sc_mcu7t5v0__inv_3 (0) disconnected node: ZN
Cell gf180mcu_fd_sc_mcu7t5v0__inv_3 (0) disconnected node: VDD
Cell gf180mcu_fd_sc_mcu7t5v0__inv_3 (0) disconnected node: VNW
Cell gf180mcu_fd_sc_mcu7t5v0__inv_3 (0) disconnected node: VPW
Cell gf180mcu_fd_sc_mcu7t5v0__inv_3 (0) disconnected node: VSS

Subcircuit pins:
Circuit 1: gf180mcu_fd_sc_mcu7t5v0__inv_3  |Circuit 2: gf180mcu_fd_sc_mcu7t5v0__inv_3  
-------------------------------------------|-------------------------------------------
I                                          |I                                          
ZN                                         |ZN                                         
VDD                                        |VDD                                        
VNW                                        |VNW                                        
VPW                                        |VPW                                        
VSS                                        |VSS                                        
---------------------------------------------------------------------------------------
Cell pin lists are equivalent.
Device classes gf180mcu_fd_sc_mcu7t5v0__inv_3 and gf180mcu_fd_sc_mcu7t5v0__inv_3 are equivalent.

Cell gf180mcu_fd_sc_mcu7t5v0__oai221_2 (0) disconnected node: A1
Cell gf180mcu_fd_sc_mcu7t5v0__oai221_2 (0) disconnected node: A2
Cell gf180mcu_fd_sc_mcu7t5v0__oai221_2 (0) disconnected node: B1
Cell gf180mcu_fd_sc_mcu7t5v0__oai221_2 (0) disconnected node: B2
Cell gf180mcu_fd_sc_mcu7t5v0__oai221_2 (0) disconnected node: C
Cell gf180mcu_fd_sc_mcu7t5v0__oai221_2 (0) disconnected node: ZN
Cell gf180mcu_fd_sc_mcu7t5v0__oai221_2 (0) disconnected node: VDD
Cell gf180mcu_fd_sc_mcu7t5v0__oai221_2 (0) disconnected node: VNW
Cell gf180mcu_fd_sc_mcu7t5v0__oai221_2 (0) disconnected node: VPW
Cell gf180mcu_fd_sc_mcu7t5v0__oai221_2 (0) disconnected node: VSS

Subcircuit pins:
Circuit 1: gf180mcu_fd_sc_mcu7t5v0__oai221 |Circuit 2: gf180mcu_fd_sc_mcu7t5v0__oai221 
-------------------------------------------|-------------------------------------------
A1                                         |A1                                         
A2                                         |A2                                         
B1                                         |B1                                         
B2                                         |B2                                         
C                                          |C                                          
ZN                                         |ZN                                         
VDD                                        |VDD                                        
VNW                                        |VNW                                        
VPW                                        |VPW                                        
VSS                                        |VSS                                        
---------------------------------------------------------------------------------------
Cell pin lists are equivalent.
Device classes gf180mcu_fd_sc_mcu7t5v0__oai221_2 and gf180mcu_fd_sc_mcu7t5v0__oai221_2 are equivalent.

Cell gf180mcu_fd_sc_mcu7t5v0__oai221_4 (0) disconnected node: A1
Cell gf180mcu_fd_sc_mcu7t5v0__oai221_4 (0) disconnected node: A2
Cell gf180mcu_fd_sc_mcu7t5v0__oai221_4 (0) disconnected node: B1
Cell gf180mcu_fd_sc_mcu7t5v0__oai221_4 (0) disconnected node: B2
Cell gf180mcu_fd_sc_mcu7t5v0__oai221_4 (0) disconnected node: C
Cell gf180mcu_fd_sc_mcu7t5v0__oai221_4 (0) disconnected node: ZN
Cell gf180mcu_fd_sc_mcu7t5v0__oai221_4 (0) disconnected node: VDD
Cell gf180mcu_fd_sc_mcu7t5v0__oai221_4 (0) disconnected node: VNW
Cell gf180mcu_fd_sc_mcu7t5v0__oai221_4 (0) disconnected node: VPW
Cell gf180mcu_fd_sc_mcu7t5v0__oai221_4 (0) disconnected node: VSS

Subcircuit pins:
Circuit 1: gf180mcu_fd_sc_mcu7t5v0__oai221 |Circuit 2: gf180mcu_fd_sc_mcu7t5v0__oai221 
-------------------------------------------|-------------------------------------------
A1                                         |A1                                         
A2                                         |A2                                         
B1                                         |B1                                         
B2                                         |B2                                         
C                                          |C                                          
ZN                                         |ZN                                         
VDD                                        |VDD                                        
VNW                                        |VNW                                        
VPW                                        |VPW                                        
VSS                                        |VSS                                        
---------------------------------------------------------------------------------------
Cell pin lists are equivalent.
Device classes gf180mcu_fd_sc_mcu7t5v0__oai221_4 and gf180mcu_fd_sc_mcu7t5v0__oai221_4 are equivalent.

Cell gf180mcu_fd_sc_mcu7t5v0__clkbuf_1 (0) disconnected node: I
Cell gf180mcu_fd_sc_mcu7t5v0__clkbuf_1 (0) disconnected node: Z
Cell gf180mcu_fd_sc_mcu7t5v0__clkbuf_1 (0) disconnected node: VDD
Cell gf180mcu_fd_sc_mcu7t5v0__clkbuf_1 (0) disconnected node: VNW
Cell gf180mcu_fd_sc_mcu7t5v0__clkbuf_1 (0) disconnected node: VPW
Cell gf180mcu_fd_sc_mcu7t5v0__clkbuf_1 (0) disconnected node: VSS

Subcircuit pins:
Circuit 1: gf180mcu_fd_sc_mcu7t5v0__clkbuf |Circuit 2: gf180mcu_fd_sc_mcu7t5v0__clkbuf 
-------------------------------------------|-------------------------------------------
I                                          |I                                          
Z                                          |Z                                          
VDD                                        |VDD                                        
VNW                                        |VNW                                        
VPW                                        |VPW                                        
VSS                                        |VSS                                        
---------------------------------------------------------------------------------------
Cell pin lists are equivalent.
Device classes gf180mcu_fd_sc_mcu7t5v0__clkbuf_1 and gf180mcu_fd_sc_mcu7t5v0__clkbuf_1 are equivalent.

Cell gf180mcu_fd_sc_mcu7t5v0__nor2_4 (0) disconnected node: A1
Cell gf180mcu_fd_sc_mcu7t5v0__nor2_4 (0) disconnected node: A2
Cell gf180mcu_fd_sc_mcu7t5v0__nor2_4 (0) disconnected node: ZN
Cell gf180mcu_fd_sc_mcu7t5v0__nor2_4 (0) disconnected node: VDD
Cell gf180mcu_fd_sc_mcu7t5v0__nor2_4 (0) disconnected node: VNW
Cell gf180mcu_fd_sc_mcu7t5v0__nor2_4 (0) disconnected node: VPW
Cell gf180mcu_fd_sc_mcu7t5v0__nor2_4 (0) disconnected node: VSS

Subcircuit pins:
Circuit 1: gf180mcu_fd_sc_mcu7t5v0__nor2_4 |Circuit 2: gf180mcu_fd_sc_mcu7t5v0__nor2_4 
-------------------------------------------|-------------------------------------------
A1                                         |A1                                         
A2                                         |A2                                         
ZN                                         |ZN                                         
VDD                                        |VDD                                        
VNW                                        |VNW                                        
VPW                                        |VPW                                        
VSS                                        |VSS                                        
---------------------------------------------------------------------------------------
Cell pin lists are equivalent.
Device classes gf180mcu_fd_sc_mcu7t5v0__nor2_4 and gf180mcu_fd_sc_mcu7t5v0__nor2_4 are equivalent.

Cell gf180mcu_fd_sc_mcu7t5v0__nor3_4 (0) disconnected node: A1
Cell gf180mcu_fd_sc_mcu7t5v0__nor3_4 (0) disconnected node: A2
Cell gf180mcu_fd_sc_mcu7t5v0__nor3_4 (0) disconnected node: A3
Cell gf180mcu_fd_sc_mcu7t5v0__nor3_4 (0) disconnected node: ZN
Cell gf180mcu_fd_sc_mcu7t5v0__nor3_4 (0) disconnected node: VDD
Cell gf180mcu_fd_sc_mcu7t5v0__nor3_4 (0) disconnected node: VNW
Cell gf180mcu_fd_sc_mcu7t5v0__nor3_4 (0) disconnected node: VPW
Cell gf180mcu_fd_sc_mcu7t5v0__nor3_4 (0) disconnected node: VSS

Subcircuit pins:
Circuit 1: gf180mcu_fd_sc_mcu7t5v0__nor3_4 |Circuit 2: gf180mcu_fd_sc_mcu7t5v0__nor3_4 
-------------------------------------------|-------------------------------------------
A1                                         |A1                                         
A2                                         |A2                                         
A3                                         |A3                                         
ZN                                         |ZN                                         
VDD                                        |VDD                                        
VNW                                        |VNW                                        
VPW                                        |VPW                                        
VSS                                        |VSS                                        
---------------------------------------------------------------------------------------
Cell pin lists are equivalent.
Device classes gf180mcu_fd_sc_mcu7t5v0__nor3_4 and gf180mcu_fd_sc_mcu7t5v0__nor3_4 are equivalent.

Cell gf180mcu_fd_sc_mcu7t5v0__aoi22_2 (0) disconnected node: A1
Cell gf180mcu_fd_sc_mcu7t5v0__aoi22_2 (0) disconnected node: A2
Cell gf180mcu_fd_sc_mcu7t5v0__aoi22_2 (0) disconnected node: B1
Cell gf180mcu_fd_sc_mcu7t5v0__aoi22_2 (0) disconnected node: B2
Cell gf180mcu_fd_sc_mcu7t5v0__aoi22_2 (0) disconnected node: ZN
Cell gf180mcu_fd_sc_mcu7t5v0__aoi22_2 (0) disconnected node: VDD
Cell gf180mcu_fd_sc_mcu7t5v0__aoi22_2 (0) disconnected node: VNW
Cell gf180mcu_fd_sc_mcu7t5v0__aoi22_2 (0) disconnected node: VPW
Cell gf180mcu_fd_sc_mcu7t5v0__aoi22_2 (0) disconnected node: VSS

Subcircuit pins:
Circuit 1: gf180mcu_fd_sc_mcu7t5v0__aoi22_ |Circuit 2: gf180mcu_fd_sc_mcu7t5v0__aoi22_ 
-------------------------------------------|-------------------------------------------
A1                                         |A1                                         
A2                                         |A2                                         
B1                                         |B1                                         
B2                                         |B2                                         
ZN                                         |ZN                                         
VDD                                        |VDD                                        
VNW                                        |VNW                                        
VPW                                        |VPW                                        
VSS                                        |VSS                                        
---------------------------------------------------------------------------------------
Cell pin lists are equivalent.
Device classes gf180mcu_fd_sc_mcu7t5v0__aoi22_2 and gf180mcu_fd_sc_mcu7t5v0__aoi22_2 are equivalent.

Cell gf180mcu_fd_sc_mcu7t5v0__nand3_4 (0) disconnected node: A1
Cell gf180mcu_fd_sc_mcu7t5v0__nand3_4 (0) disconnected node: A2
Cell gf180mcu_fd_sc_mcu7t5v0__nand3_4 (0) disconnected node: A3
Cell gf180mcu_fd_sc_mcu7t5v0__nand3_4 (0) disconnected node: ZN
Cell gf180mcu_fd_sc_mcu7t5v0__nand3_4 (0) disconnected node: VDD
Cell gf180mcu_fd_sc_mcu7t5v0__nand3_4 (0) disconnected node: VNW
Cell gf180mcu_fd_sc_mcu7t5v0__nand3_4 (0) disconnected node: VPW
Cell gf180mcu_fd_sc_mcu7t5v0__nand3_4 (0) disconnected node: VSS

Subcircuit pins:
Circuit 1: gf180mcu_fd_sc_mcu7t5v0__nand3_ |Circuit 2: gf180mcu_fd_sc_mcu7t5v0__nand3_ 
-------------------------------------------|-------------------------------------------
A1                                         |A1                                         
A2                                         |A2                                         
A3                                         |A3                                         
ZN                                         |ZN                                         
VDD                                        |VDD                                        
VNW                                        |VNW                                        
VPW                                        |VPW                                        
VSS                                        |VSS                                        
---------------------------------------------------------------------------------------
Cell pin lists are equivalent.
Device classes gf180mcu_fd_sc_mcu7t5v0__nand3_4 and gf180mcu_fd_sc_mcu7t5v0__nand3_4 are equivalent.

Cell gf180mcu_fd_sc_mcu7t5v0__clkinv_8 (0) disconnected node: I
Cell gf180mcu_fd_sc_mcu7t5v0__clkinv_8 (0) disconnected node: ZN
Cell gf180mcu_fd_sc_mcu7t5v0__clkinv_8 (0) disconnected node: VDD
Cell gf180mcu_fd_sc_mcu7t5v0__clkinv_8 (0) disconnected node: VNW
Cell gf180mcu_fd_sc_mcu7t5v0__clkinv_8 (0) disconnected node: VPW
Cell gf180mcu_fd_sc_mcu7t5v0__clkinv_8 (0) disconnected node: VSS

Subcircuit pins:
Circuit 1: gf180mcu_fd_sc_mcu7t5v0__clkinv |Circuit 2: gf180mcu_fd_sc_mcu7t5v0__clkinv 
-------------------------------------------|-------------------------------------------
I                                          |I                                          
ZN                                         |ZN                                         
VDD                                        |VDD                                        
VNW                                        |VNW                                        
VPW                                        |VPW                                        
VSS                                        |VSS                                        
---------------------------------------------------------------------------------------
Cell pin lists are equivalent.
Device classes gf180mcu_fd_sc_mcu7t5v0__clkinv_8 and gf180mcu_fd_sc_mcu7t5v0__clkinv_8 are equivalent.

Cell gf180mcu_fd_sc_mcu7t5v0__and4_2 (0) disconnected node: A1
Cell gf180mcu_fd_sc_mcu7t5v0__and4_2 (0) disconnected node: A2
Cell gf180mcu_fd_sc_mcu7t5v0__and4_2 (0) disconnected node: A3
Cell gf180mcu_fd_sc_mcu7t5v0__and4_2 (0) disconnected node: A4
Cell gf180mcu_fd_sc_mcu7t5v0__and4_2 (0) disconnected node: Z
Cell gf180mcu_fd_sc_mcu7t5v0__and4_2 (0) disconnected node: VDD
Cell gf180mcu_fd_sc_mcu7t5v0__and4_2 (0) disconnected node: VNW
Cell gf180mcu_fd_sc_mcu7t5v0__and4_2 (0) disconnected node: VPW
Cell gf180mcu_fd_sc_mcu7t5v0__and4_2 (0) disconnected node: VSS

Subcircuit pins:
Circuit 1: gf180mcu_fd_sc_mcu7t5v0__and4_2 |Circuit 2: gf180mcu_fd_sc_mcu7t5v0__and4_2 
-------------------------------------------|-------------------------------------------
A1                                         |A1                                         
A2                                         |A2                                         
A3                                         |A3                                         
A4                                         |A4                                         
Z                                          |Z                                          
VDD                                        |VDD                                        
VNW                                        |VNW                                        
VPW                                        |VPW                                        
VSS                                        |VSS                                        
---------------------------------------------------------------------------------------
Cell pin lists are equivalent.
Device classes gf180mcu_fd_sc_mcu7t5v0__and4_2 and gf180mcu_fd_sc_mcu7t5v0__and4_2 are equivalent.

Cell gf180mcu_fd_sc_mcu7t5v0__clkinv_4 (0) disconnected node: I
Cell gf180mcu_fd_sc_mcu7t5v0__clkinv_4 (0) disconnected node: ZN
Cell gf180mcu_fd_sc_mcu7t5v0__clkinv_4 (0) disconnected node: VDD
Cell gf180mcu_fd_sc_mcu7t5v0__clkinv_4 (0) disconnected node: VNW
Cell gf180mcu_fd_sc_mcu7t5v0__clkinv_4 (0) disconnected node: VPW
Cell gf180mcu_fd_sc_mcu7t5v0__clkinv_4 (0) disconnected node: VSS

Subcircuit pins:
Circuit 1: gf180mcu_fd_sc_mcu7t5v0__clkinv |Circuit 2: gf180mcu_fd_sc_mcu7t5v0__clkinv 
-------------------------------------------|-------------------------------------------
I                                          |I                                          
ZN                                         |ZN                                         
VDD                                        |VDD                                        
VNW                                        |VNW                                        
VPW                                        |VPW                                        
VSS                                        |VSS                                        
---------------------------------------------------------------------------------------
Cell pin lists are equivalent.
Device classes gf180mcu_fd_sc_mcu7t5v0__clkinv_4 and gf180mcu_fd_sc_mcu7t5v0__clkinv_4 are equivalent.

Cell gf180mcu_fd_sc_mcu7t5v0__clkbuf_3 (0) disconnected node: I
Cell gf180mcu_fd_sc_mcu7t5v0__clkbuf_3 (0) disconnected node: Z
Cell gf180mcu_fd_sc_mcu7t5v0__clkbuf_3 (0) disconnected node: VDD
Cell gf180mcu_fd_sc_mcu7t5v0__clkbuf_3 (0) disconnected node: VNW
Cell gf180mcu_fd_sc_mcu7t5v0__clkbuf_3 (0) disconnected node: VPW
Cell gf180mcu_fd_sc_mcu7t5v0__clkbuf_3 (0) disconnected node: VSS

Subcircuit pins:
Circuit 1: gf180mcu_fd_sc_mcu7t5v0__clkbuf |Circuit 2: gf180mcu_fd_sc_mcu7t5v0__clkbuf 
-------------------------------------------|-------------------------------------------
I                                          |I                                          
Z                                          |Z                                          
VDD                                        |VDD                                        
VNW                                        |VNW                                        
VPW                                        |VPW                                        
VSS                                        |VSS                                        
---------------------------------------------------------------------------------------
Cell pin lists are equivalent.
Device classes gf180mcu_fd_sc_mcu7t5v0__clkbuf_3 and gf180mcu_fd_sc_mcu7t5v0__clkbuf_3 are equivalent.

Cell gf180mcu_fd_sc_mcu7t5v0__aoi22_4 (0) disconnected node: A1
Cell gf180mcu_fd_sc_mcu7t5v0__aoi22_4 (0) disconnected node: A2
Cell gf180mcu_fd_sc_mcu7t5v0__aoi22_4 (0) disconnected node: B1
Cell gf180mcu_fd_sc_mcu7t5v0__aoi22_4 (0) disconnected node: B2
Cell gf180mcu_fd_sc_mcu7t5v0__aoi22_4 (0) disconnected node: ZN
Cell gf180mcu_fd_sc_mcu7t5v0__aoi22_4 (0) disconnected node: VDD
Cell gf180mcu_fd_sc_mcu7t5v0__aoi22_4 (0) disconnected node: VNW
Cell gf180mcu_fd_sc_mcu7t5v0__aoi22_4 (0) disconnected node: VPW
Cell gf180mcu_fd_sc_mcu7t5v0__aoi22_4 (0) disconnected node: VSS

Subcircuit pins:
Circuit 1: gf180mcu_fd_sc_mcu7t5v0__aoi22_ |Circuit 2: gf180mcu_fd_sc_mcu7t5v0__aoi22_ 
-------------------------------------------|-------------------------------------------
A1                                         |A1                                         
A2                                         |A2                                         
B1                                         |B1                                         
B2                                         |B2                                         
ZN                                         |ZN                                         
VDD                                        |VDD                                        
VNW                                        |VNW                                        
VPW                                        |VPW                                        
VSS                                        |VSS                                        
---------------------------------------------------------------------------------------
Cell pin lists are equivalent.
Device classes gf180mcu_fd_sc_mcu7t5v0__aoi22_4 and gf180mcu_fd_sc_mcu7t5v0__aoi22_4 are equivalent.

Cell gf180mcu_fd_sc_mcu7t5v0__clkinv_3 (0) disconnected node: I
Cell gf180mcu_fd_sc_mcu7t5v0__clkinv_3 (0) disconnected node: ZN
Cell gf180mcu_fd_sc_mcu7t5v0__clkinv_3 (0) disconnected node: VDD
Cell gf180mcu_fd_sc_mcu7t5v0__clkinv_3 (0) disconnected node: VNW
Cell gf180mcu_fd_sc_mcu7t5v0__clkinv_3 (0) disconnected node: VPW
Cell gf180mcu_fd_sc_mcu7t5v0__clkinv_3 (0) disconnected node: VSS

Subcircuit pins:
Circuit 1: gf180mcu_fd_sc_mcu7t5v0__clkinv |Circuit 2: gf180mcu_fd_sc_mcu7t5v0__clkinv 
-------------------------------------------|-------------------------------------------
I                                          |I                                          
ZN                                         |ZN                                         
VDD                                        |VDD                                        
VNW                                        |VNW                                        
VPW                                        |VPW                                        
VSS                                        |VSS                                        
---------------------------------------------------------------------------------------
Cell pin lists are equivalent.
Device classes gf180mcu_fd_sc_mcu7t5v0__clkinv_3 and gf180mcu_fd_sc_mcu7t5v0__clkinv_3 are equivalent.

Cell gf180mcu_fd_sc_mcu7t5v0__icgtp_1 (0) disconnected node: CLK
Cell gf180mcu_fd_sc_mcu7t5v0__icgtp_1 (0) disconnected node: E
Cell gf180mcu_fd_sc_mcu7t5v0__icgtp_1 (0) disconnected node: TE
Cell gf180mcu_fd_sc_mcu7t5v0__icgtp_1 (0) disconnected node: Q
Cell gf180mcu_fd_sc_mcu7t5v0__icgtp_1 (0) disconnected node: VDD
Cell gf180mcu_fd_sc_mcu7t5v0__icgtp_1 (0) disconnected node: VNW
Cell gf180mcu_fd_sc_mcu7t5v0__icgtp_1 (0) disconnected node: VPW
Cell gf180mcu_fd_sc_mcu7t5v0__icgtp_1 (0) disconnected node: VSS

Subcircuit pins:
Circuit 1: gf180mcu_fd_sc_mcu7t5v0__icgtp_ |Circuit 2: gf180mcu_fd_sc_mcu7t5v0__icgtp_ 
-------------------------------------------|-------------------------------------------
CLK                                        |CLK                                        
E                                          |E                                          
TE                                         |TE                                         
Q                                          |Q                                          
VDD                                        |VDD                                        
VNW                                        |VNW                                        
VPW                                        |VPW                                        
VSS                                        |VSS                                        
---------------------------------------------------------------------------------------
Cell pin lists are equivalent.
Device classes gf180mcu_fd_sc_mcu7t5v0__icgtp_1 and gf180mcu_fd_sc_mcu7t5v0__icgtp_1 are equivalent.

Cell gf180mcu_fd_sc_mcu7t5v0__nor4_2 (0) disconnected node: A1
Cell gf180mcu_fd_sc_mcu7t5v0__nor4_2 (0) disconnected node: A2
Cell gf180mcu_fd_sc_mcu7t5v0__nor4_2 (0) disconnected node: A3
Cell gf180mcu_fd_sc_mcu7t5v0__nor4_2 (0) disconnected node: A4
Cell gf180mcu_fd_sc_mcu7t5v0__nor4_2 (0) disconnected node: ZN
Cell gf180mcu_fd_sc_mcu7t5v0__nor4_2 (0) disconnected node: VDD
Cell gf180mcu_fd_sc_mcu7t5v0__nor4_2 (0) disconnected node: VNW
Cell gf180mcu_fd_sc_mcu7t5v0__nor4_2 (0) disconnected node: VPW
Cell gf180mcu_fd_sc_mcu7t5v0__nor4_2 (0) disconnected node: VSS

Subcircuit pins:
Circuit 1: gf180mcu_fd_sc_mcu7t5v0__nor4_2 |Circuit 2: gf180mcu_fd_sc_mcu7t5v0__nor4_2 
-------------------------------------------|-------------------------------------------
A1                                         |A1                                         
A2                                         |A2                                         
A3                                         |A3                                         
A4                                         |A4                                         
ZN                                         |ZN                                         
VDD                                        |VDD                                        
VNW                                        |VNW                                        
VPW                                        |VPW                                        
VSS                                        |VSS                                        
---------------------------------------------------------------------------------------
Cell pin lists are equivalent.
Device classes gf180mcu_fd_sc_mcu7t5v0__nor4_2 and gf180mcu_fd_sc_mcu7t5v0__nor4_2 are equivalent.

Cell gf180mcu_fd_sc_mcu7t5v0__nand4_2 (0) disconnected node: A1
Cell gf180mcu_fd_sc_mcu7t5v0__nand4_2 (0) disconnected node: A2
Cell gf180mcu_fd_sc_mcu7t5v0__nand4_2 (0) disconnected node: A3
Cell gf180mcu_fd_sc_mcu7t5v0__nand4_2 (0) disconnected node: A4
Cell gf180mcu_fd_sc_mcu7t5v0__nand4_2 (0) disconnected node: ZN
Cell gf180mcu_fd_sc_mcu7t5v0__nand4_2 (0) disconnected node: VDD
Cell gf180mcu_fd_sc_mcu7t5v0__nand4_2 (0) disconnected node: VNW
Cell gf180mcu_fd_sc_mcu7t5v0__nand4_2 (0) disconnected node: VPW
Cell gf180mcu_fd_sc_mcu7t5v0__nand4_2 (0) disconnected node: VSS

Subcircuit pins:
Circuit 1: gf180mcu_fd_sc_mcu7t5v0__nand4_ |Circuit 2: gf180mcu_fd_sc_mcu7t5v0__nand4_ 
-------------------------------------------|-------------------------------------------
A1                                         |A1                                         
A2                                         |A2                                         
A3                                         |A3                                         
A4                                         |A4                                         
ZN                                         |ZN                                         
VDD                                        |VDD                                        
VNW                                        |VNW                                        
VPW                                        |VPW                                        
VSS                                        |VSS                                        
---------------------------------------------------------------------------------------
Cell pin lists are equivalent.
Device classes gf180mcu_fd_sc_mcu7t5v0__nand4_2 and gf180mcu_fd_sc_mcu7t5v0__nand4_2 are equivalent.

Cell gf180mcu_fd_sc_mcu7t5v0__inv_4 (0) disconnected node: I
Cell gf180mcu_fd_sc_mcu7t5v0__inv_4 (0) disconnected node: ZN
Cell gf180mcu_fd_sc_mcu7t5v0__inv_4 (0) disconnected node: VDD
Cell gf180mcu_fd_sc_mcu7t5v0__inv_4 (0) disconnected node: VNW
Cell gf180mcu_fd_sc_mcu7t5v0__inv_4 (0) disconnected node: VPW
Cell gf180mcu_fd_sc_mcu7t5v0__inv_4 (0) disconnected node: VSS

Subcircuit pins:
Circuit 1: gf180mcu_fd_sc_mcu7t5v0__inv_4  |Circuit 2: gf180mcu_fd_sc_mcu7t5v0__inv_4  
-------------------------------------------|-------------------------------------------
I                                          |I                                          
ZN                                         |ZN                                         
VDD                                        |VDD                                        
VNW                                        |VNW                                        
VPW                                        |VPW                                        
VSS                                        |VSS                                        
---------------------------------------------------------------------------------------
Cell pin lists are equivalent.
Device classes gf180mcu_fd_sc_mcu7t5v0__inv_4 and gf180mcu_fd_sc_mcu7t5v0__inv_4 are equivalent.

Cell gf180mcu_fd_sc_mcu7t5v0__xnor3_1 (0) disconnected node: A1
Cell gf180mcu_fd_sc_mcu7t5v0__xnor3_1 (0) disconnected node: A2
Cell gf180mcu_fd_sc_mcu7t5v0__xnor3_1 (0) disconnected node: A3
Cell gf180mcu_fd_sc_mcu7t5v0__xnor3_1 (0) disconnected node: ZN
Cell gf180mcu_fd_sc_mcu7t5v0__xnor3_1 (0) disconnected node: VDD
Cell gf180mcu_fd_sc_mcu7t5v0__xnor3_1 (0) disconnected node: VNW
Cell gf180mcu_fd_sc_mcu7t5v0__xnor3_1 (0) disconnected node: VPW
Cell gf180mcu_fd_sc_mcu7t5v0__xnor3_1 (0) disconnected node: VSS

Subcircuit pins:
Circuit 1: gf180mcu_fd_sc_mcu7t5v0__xnor3_ |Circuit 2: gf180mcu_fd_sc_mcu7t5v0__xnor3_ 
-------------------------------------------|-------------------------------------------
A1                                         |A1                                         
A2                                         |A2                                         
A3                                         |A3                                         
ZN                                         |ZN                                         
VDD                                        |VDD                                        
VNW                                        |VNW                                        
VPW                                        |VPW                                        
VSS                                        |VSS                                        
---------------------------------------------------------------------------------------
Cell pin lists are equivalent.
Device classes gf180mcu_fd_sc_mcu7t5v0__xnor3_1 and gf180mcu_fd_sc_mcu7t5v0__xnor3_1 are equivalent.

Cell gf180mcu_fd_sc_mcu7t5v0__aoi211_2 (0) disconnected node: A1
Cell gf180mcu_fd_sc_mcu7t5v0__aoi211_2 (0) disconnected node: A2
Cell gf180mcu_fd_sc_mcu7t5v0__aoi211_2 (0) disconnected node: B
Cell gf180mcu_fd_sc_mcu7t5v0__aoi211_2 (0) disconnected node: C
Cell gf180mcu_fd_sc_mcu7t5v0__aoi211_2 (0) disconnected node: ZN
Cell gf180mcu_fd_sc_mcu7t5v0__aoi211_2 (0) disconnected node: VDD
Cell gf180mcu_fd_sc_mcu7t5v0__aoi211_2 (0) disconnected node: VNW
Cell gf180mcu_fd_sc_mcu7t5v0__aoi211_2 (0) disconnected node: VPW
Cell gf180mcu_fd_sc_mcu7t5v0__aoi211_2 (0) disconnected node: VSS

Subcircuit pins:
Circuit 1: gf180mcu_fd_sc_mcu7t5v0__aoi211 |Circuit 2: gf180mcu_fd_sc_mcu7t5v0__aoi211 
-------------------------------------------|-------------------------------------------
A1                                         |A1                                         
A2                                         |A2                                         
B                                          |B                                          
C                                          |C                                          
ZN                                         |ZN                                         
VDD                                        |VDD                                        
VNW                                        |VNW                                        
VPW                                        |VPW                                        
VSS                                        |VSS                                        
---------------------------------------------------------------------------------------
Cell pin lists are equivalent.
Device classes gf180mcu_fd_sc_mcu7t5v0__aoi211_2 and gf180mcu_fd_sc_mcu7t5v0__aoi211_2 are equivalent.

Cell gf180mcu_fd_sc_mcu7t5v0__oai22_2 (0) disconnected node: A1
Cell gf180mcu_fd_sc_mcu7t5v0__oai22_2 (0) disconnected node: A2
Cell gf180mcu_fd_sc_mcu7t5v0__oai22_2 (0) disconnected node: B1
Cell gf180mcu_fd_sc_mcu7t5v0__oai22_2 (0) disconnected node: B2
Cell gf180mcu_fd_sc_mcu7t5v0__oai22_2 (0) disconnected node: ZN
Cell gf180mcu_fd_sc_mcu7t5v0__oai22_2 (0) disconnected node: VDD
Cell gf180mcu_fd_sc_mcu7t5v0__oai22_2 (0) disconnected node: VNW
Cell gf180mcu_fd_sc_mcu7t5v0__oai22_2 (0) disconnected node: VPW
Cell gf180mcu_fd_sc_mcu7t5v0__oai22_2 (0) disconnected node: VSS

Subcircuit pins:
Circuit 1: gf180mcu_fd_sc_mcu7t5v0__oai22_ |Circuit 2: gf180mcu_fd_sc_mcu7t5v0__oai22_ 
-------------------------------------------|-------------------------------------------
A1                                         |A1                                         
A2                                         |A2                                         
B1                                         |B1                                         
B2                                         |B2                                         
ZN                                         |ZN                                         
VDD                                        |VDD                                        
VNW                                        |VNW                                        
VPW                                        |VPW                                        
VSS                                        |VSS                                        
---------------------------------------------------------------------------------------
Cell pin lists are equivalent.
Device classes gf180mcu_fd_sc_mcu7t5v0__oai22_2 and gf180mcu_fd_sc_mcu7t5v0__oai22_2 are equivalent.

Cell gf180mcu_fd_sc_mcu7t5v0__nor4_4 (0) disconnected node: A1
Cell gf180mcu_fd_sc_mcu7t5v0__nor4_4 (0) disconnected node: A2
Cell gf180mcu_fd_sc_mcu7t5v0__nor4_4 (0) disconnected node: A3
Cell gf180mcu_fd_sc_mcu7t5v0__nor4_4 (0) disconnected node: A4
Cell gf180mcu_fd_sc_mcu7t5v0__nor4_4 (0) disconnected node: ZN
Cell gf180mcu_fd_sc_mcu7t5v0__nor4_4 (0) disconnected node: VDD
Cell gf180mcu_fd_sc_mcu7t5v0__nor4_4 (0) disconnected node: VNW
Cell gf180mcu_fd_sc_mcu7t5v0__nor4_4 (0) disconnected node: VPW
Cell gf180mcu_fd_sc_mcu7t5v0__nor4_4 (0) disconnected node: VSS

Subcircuit pins:
Circuit 1: gf180mcu_fd_sc_mcu7t5v0__nor4_4 |Circuit 2: gf180mcu_fd_sc_mcu7t5v0__nor4_4 
-------------------------------------------|-------------------------------------------
A1                                         |A1                                         
A2                                         |A2                                         
A3                                         |A3                                         
A4                                         |A4                                         
ZN                                         |ZN                                         
VDD                                        |VDD                                        
VNW                                        |VNW                                        
VPW                                        |VPW                                        
VSS                                        |VSS                                        
---------------------------------------------------------------------------------------
Cell pin lists are equivalent.
Device classes gf180mcu_fd_sc_mcu7t5v0__nor4_4 and gf180mcu_fd_sc_mcu7t5v0__nor4_4 are equivalent.

Cell gf180mcu_fd_sc_mcu7t5v0__aoi21_4 (0) disconnected node: A1
Cell gf180mcu_fd_sc_mcu7t5v0__aoi21_4 (0) disconnected node: A2
Cell gf180mcu_fd_sc_mcu7t5v0__aoi21_4 (0) disconnected node: B
Cell gf180mcu_fd_sc_mcu7t5v0__aoi21_4 (0) disconnected node: ZN
Cell gf180mcu_fd_sc_mcu7t5v0__aoi21_4 (0) disconnected node: VDD
Cell gf180mcu_fd_sc_mcu7t5v0__aoi21_4 (0) disconnected node: VNW
Cell gf180mcu_fd_sc_mcu7t5v0__aoi21_4 (0) disconnected node: VPW
Cell gf180mcu_fd_sc_mcu7t5v0__aoi21_4 (0) disconnected node: VSS

Subcircuit pins:
Circuit 1: gf180mcu_fd_sc_mcu7t5v0__aoi21_ |Circuit 2: gf180mcu_fd_sc_mcu7t5v0__aoi21_ 
-------------------------------------------|-------------------------------------------
A1                                         |A1                                         
A2                                         |A2                                         
B                                          |B                                          
ZN                                         |ZN                                         
VDD                                        |VDD                                        
VNW                                        |VNW                                        
VPW                                        |VPW                                        
VSS                                        |VSS                                        
---------------------------------------------------------------------------------------
Cell pin lists are equivalent.
Device classes gf180mcu_fd_sc_mcu7t5v0__aoi21_4 and gf180mcu_fd_sc_mcu7t5v0__aoi21_4 are equivalent.

Cell gf180mcu_fd_sc_mcu7t5v0__xnor2_1 (0) disconnected node: A1
Cell gf180mcu_fd_sc_mcu7t5v0__xnor2_1 (0) disconnected node: A2
Cell gf180mcu_fd_sc_mcu7t5v0__xnor2_1 (0) disconnected node: ZN
Cell gf180mcu_fd_sc_mcu7t5v0__xnor2_1 (0) disconnected node: VDD
Cell gf180mcu_fd_sc_mcu7t5v0__xnor2_1 (0) disconnected node: VNW
Cell gf180mcu_fd_sc_mcu7t5v0__xnor2_1 (0) disconnected node: VPW
Cell gf180mcu_fd_sc_mcu7t5v0__xnor2_1 (0) disconnected node: VSS

Subcircuit pins:
Circuit 1: gf180mcu_fd_sc_mcu7t5v0__xnor2_ |Circuit 2: gf180mcu_fd_sc_mcu7t5v0__xnor2_ 
-------------------------------------------|-------------------------------------------
A1                                         |A1                                         
A2                                         |A2                                         
ZN                                         |ZN                                         
VDD                                        |VDD                                        
VNW                                        |VNW                                        
VPW                                        |VPW                                        
VSS                                        |VSS                                        
---------------------------------------------------------------------------------------
Cell pin lists are equivalent.
Device classes gf180mcu_fd_sc_mcu7t5v0__xnor2_1 and gf180mcu_fd_sc_mcu7t5v0__xnor2_1 are equivalent.

Cell gf180mcu_fd_sc_mcu7t5v0__nand4_4 (0) disconnected node: A1
Cell gf180mcu_fd_sc_mcu7t5v0__nand4_4 (0) disconnected node: A2
Cell gf180mcu_fd_sc_mcu7t5v0__nand4_4 (0) disconnected node: A3
Cell gf180mcu_fd_sc_mcu7t5v0__nand4_4 (0) disconnected node: A4
Cell gf180mcu_fd_sc_mcu7t5v0__nand4_4 (0) disconnected node: ZN
Cell gf180mcu_fd_sc_mcu7t5v0__nand4_4 (0) disconnected node: VDD
Cell gf180mcu_fd_sc_mcu7t5v0__nand4_4 (0) disconnected node: VNW
Cell gf180mcu_fd_sc_mcu7t5v0__nand4_4 (0) disconnected node: VPW
Cell gf180mcu_fd_sc_mcu7t5v0__nand4_4 (0) disconnected node: VSS

Subcircuit pins:
Circuit 1: gf180mcu_fd_sc_mcu7t5v0__nand4_ |Circuit 2: gf180mcu_fd_sc_mcu7t5v0__nand4_ 
-------------------------------------------|-------------------------------------------
A1                                         |A1                                         
A2                                         |A2                                         
A3                                         |A3                                         
A4                                         |A4                                         
ZN                                         |ZN                                         
VDD                                        |VDD                                        
VNW                                        |VNW                                        
VPW                                        |VPW                                        
VSS                                        |VSS                                        
---------------------------------------------------------------------------------------
Cell pin lists are equivalent.
Device classes gf180mcu_fd_sc_mcu7t5v0__nand4_4 and gf180mcu_fd_sc_mcu7t5v0__nand4_4 are equivalent.

Cell gf180mcu_fd_sc_mcu7t5v0__or3_4 (0) disconnected node: A1
Cell gf180mcu_fd_sc_mcu7t5v0__or3_4 (0) disconnected node: A2
Cell gf180mcu_fd_sc_mcu7t5v0__or3_4 (0) disconnected node: A3
Cell gf180mcu_fd_sc_mcu7t5v0__or3_4 (0) disconnected node: Z
Cell gf180mcu_fd_sc_mcu7t5v0__or3_4 (0) disconnected node: VDD
Cell gf180mcu_fd_sc_mcu7t5v0__or3_4 (0) disconnected node: VNW
Cell gf180mcu_fd_sc_mcu7t5v0__or3_4 (0) disconnected node: VPW
Cell gf180mcu_fd_sc_mcu7t5v0__or3_4 (0) disconnected node: VSS

Subcircuit pins:
Circuit 1: gf180mcu_fd_sc_mcu7t5v0__or3_4  |Circuit 2: gf180mcu_fd_sc_mcu7t5v0__or3_4  
-------------------------------------------|-------------------------------------------
A1                                         |A1                                         
A2                                         |A2                                         
A3                                         |A3                                         
Z                                          |Z                                          
VDD                                        |VDD                                        
VNW                                        |VNW                                        
VPW                                        |VPW                                        
VSS                                        |VSS                                        
---------------------------------------------------------------------------------------
Cell pin lists are equivalent.
Device classes gf180mcu_fd_sc_mcu7t5v0__or3_4 and gf180mcu_fd_sc_mcu7t5v0__or3_4 are equivalent.

Cell gf180mcu_fd_sc_mcu7t5v0__oai32_2 (0) disconnected node: A1
Cell gf180mcu_fd_sc_mcu7t5v0__oai32_2 (0) disconnected node: A2
Cell gf180mcu_fd_sc_mcu7t5v0__oai32_2 (0) disconnected node: A3
Cell gf180mcu_fd_sc_mcu7t5v0__oai32_2 (0) disconnected node: B1
Cell gf180mcu_fd_sc_mcu7t5v0__oai32_2 (0) disconnected node: B2
Cell gf180mcu_fd_sc_mcu7t5v0__oai32_2 (0) disconnected node: ZN
Cell gf180mcu_fd_sc_mcu7t5v0__oai32_2 (0) disconnected node: VDD
Cell gf180mcu_fd_sc_mcu7t5v0__oai32_2 (0) disconnected node: VNW
Cell gf180mcu_fd_sc_mcu7t5v0__oai32_2 (0) disconnected node: VPW
Cell gf180mcu_fd_sc_mcu7t5v0__oai32_2 (0) disconnected node: VSS

Subcircuit pins:
Circuit 1: gf180mcu_fd_sc_mcu7t5v0__oai32_ |Circuit 2: gf180mcu_fd_sc_mcu7t5v0__oai32_ 
-------------------------------------------|-------------------------------------------
A1                                         |A1                                         
A2                                         |A2                                         
A3                                         |A3                                         
B1                                         |B1                                         
B2                                         |B2                                         
ZN                                         |ZN                                         
VDD                                        |VDD                                        
VNW                                        |VNW                                        
VPW                                        |VPW                                        
VSS                                        |VSS                                        
---------------------------------------------------------------------------------------
Cell pin lists are equivalent.
Device classes gf180mcu_fd_sc_mcu7t5v0__oai32_2 and gf180mcu_fd_sc_mcu7t5v0__oai32_2 are equivalent.

Cell gf180mcu_fd_sc_mcu7t5v0__fillcap_64 (0) disconnected node: VDD
Cell gf180mcu_fd_sc_mcu7t5v0__fillcap_64 (0) disconnected node: VNW
Cell gf180mcu_fd_sc_mcu7t5v0__fillcap_64 (0) disconnected node: VPW
Cell gf180mcu_fd_sc_mcu7t5v0__fillcap_64 (0) disconnected node: VSS

Subcircuit pins:
Circuit 1: gf180mcu_fd_sc_mcu7t5v0__fillca |Circuit 2: gf180mcu_fd_sc_mcu7t5v0__fillca 
-------------------------------------------|-------------------------------------------
VDD                                        |VDD                                        
VNW                                        |VNW                                        
VPW                                        |VPW                                        
VSS                                        |VSS                                        
---------------------------------------------------------------------------------------
Cell pin lists are equivalent.
Device classes gf180mcu_fd_sc_mcu7t5v0__fillcap_64 and gf180mcu_fd_sc_mcu7t5v0__fillcap_64 are equivalent.

Cell gf180mcu_fd_sc_mcu7t5v0__oai32_4 (0) disconnected node: A1
Cell gf180mcu_fd_sc_mcu7t5v0__oai32_4 (0) disconnected node: A2
Cell gf180mcu_fd_sc_mcu7t5v0__oai32_4 (0) disconnected node: A3
Cell gf180mcu_fd_sc_mcu7t5v0__oai32_4 (0) disconnected node: B1
Cell gf180mcu_fd_sc_mcu7t5v0__oai32_4 (0) disconnected node: B2
Cell gf180mcu_fd_sc_mcu7t5v0__oai32_4 (0) disconnected node: ZN
Cell gf180mcu_fd_sc_mcu7t5v0__oai32_4 (0) disconnected node: VDD
Cell gf180mcu_fd_sc_mcu7t5v0__oai32_4 (0) disconnected node: VNW
Cell gf180mcu_fd_sc_mcu7t5v0__oai32_4 (0) disconnected node: VPW
Cell gf180mcu_fd_sc_mcu7t5v0__oai32_4 (0) disconnected node: VSS

Subcircuit pins:
Circuit 1: gf180mcu_fd_sc_mcu7t5v0__oai32_ |Circuit 2: gf180mcu_fd_sc_mcu7t5v0__oai32_ 
-------------------------------------------|-------------------------------------------
A1                                         |A1                                         
A2                                         |A2                                         
A3                                         |A3                                         
B1                                         |B1                                         
B2                                         |B2                                         
ZN                                         |ZN                                         
VDD                                        |VDD                                        
VNW                                        |VNW                                        
VPW                                        |VPW                                        
VSS                                        |VSS                                        
---------------------------------------------------------------------------------------
Cell pin lists are equivalent.
Device classes gf180mcu_fd_sc_mcu7t5v0__oai32_4 and gf180mcu_fd_sc_mcu7t5v0__oai32_4 are equivalent.

Cell gf180mcu_fd_sc_mcu7t5v0__dffnq_1 (0) disconnected node: D
Cell gf180mcu_fd_sc_mcu7t5v0__dffnq_1 (0) disconnected node: CLKN
Cell gf180mcu_fd_sc_mcu7t5v0__dffnq_1 (0) disconnected node: Q
Cell gf180mcu_fd_sc_mcu7t5v0__dffnq_1 (0) disconnected node: VDD
Cell gf180mcu_fd_sc_mcu7t5v0__dffnq_1 (0) disconnected node: VNW
Cell gf180mcu_fd_sc_mcu7t5v0__dffnq_1 (0) disconnected node: VPW
Cell gf180mcu_fd_sc_mcu7t5v0__dffnq_1 (0) disconnected node: VSS

Subcircuit pins:
Circuit 1: gf180mcu_fd_sc_mcu7t5v0__dffnq_ |Circuit 2: gf180mcu_fd_sc_mcu7t5v0__dffnq_ 
-------------------------------------------|-------------------------------------------
D                                          |D                                          
CLKN                                       |CLKN                                       
Q                                          |Q                                          
VDD                                        |VDD                                        
VNW                                        |VNW                                        
VPW                                        |VPW                                        
VSS                                        |VSS                                        
---------------------------------------------------------------------------------------
Cell pin lists are equivalent.
Device classes gf180mcu_fd_sc_mcu7t5v0__dffnq_1 and gf180mcu_fd_sc_mcu7t5v0__dffnq_1 are equivalent.

Cell gf180mcu_fd_sc_mcu7t5v0__tieh (0) disconnected node: Z
Cell gf180mcu_fd_sc_mcu7t5v0__tieh (0) disconnected node: VDD
Cell gf180mcu_fd_sc_mcu7t5v0__tieh (0) disconnected node: VNW
Cell gf180mcu_fd_sc_mcu7t5v0__tieh (0) disconnected node: VPW
Cell gf180mcu_fd_sc_mcu7t5v0__tieh (0) disconnected node: VSS

Subcircuit pins:
Circuit 1: gf180mcu_fd_sc_mcu7t5v0__tieh   |Circuit 2: gf180mcu_fd_sc_mcu7t5v0__tieh   
-------------------------------------------|-------------------------------------------
Z                                          |Z                                          
VDD                                        |VDD                                        
VNW                                        |VNW                                        
VPW                                        |VPW                                        
VSS                                        |VSS                                        
---------------------------------------------------------------------------------------
Cell pin lists are equivalent.
Device classes gf180mcu_fd_sc_mcu7t5v0__tieh and gf180mcu_fd_sc_mcu7t5v0__tieh are equivalent.

Cell gf180mcu_fd_sc_mcu7t5v0__oai22_4 (0) disconnected node: A1
Cell gf180mcu_fd_sc_mcu7t5v0__oai22_4 (0) disconnected node: A2
Cell gf180mcu_fd_sc_mcu7t5v0__oai22_4 (0) disconnected node: B1
Cell gf180mcu_fd_sc_mcu7t5v0__oai22_4 (0) disconnected node: B2
Cell gf180mcu_fd_sc_mcu7t5v0__oai22_4 (0) disconnected node: ZN
Cell gf180mcu_fd_sc_mcu7t5v0__oai22_4 (0) disconnected node: VDD
Cell gf180mcu_fd_sc_mcu7t5v0__oai22_4 (0) disconnected node: VNW
Cell gf180mcu_fd_sc_mcu7t5v0__oai22_4 (0) disconnected node: VPW
Cell gf180mcu_fd_sc_mcu7t5v0__oai22_4 (0) disconnected node: VSS

Subcircuit pins:
Circuit 1: gf180mcu_fd_sc_mcu7t5v0__oai22_ |Circuit 2: gf180mcu_fd_sc_mcu7t5v0__oai22_ 
-------------------------------------------|-------------------------------------------
A1                                         |A1                                         
A2                                         |A2                                         
B1                                         |B1                                         
B2                                         |B2                                         
ZN                                         |ZN                                         
VDD                                        |VDD                                        
VNW                                        |VNW                                        
VPW                                        |VPW                                        
VSS                                        |VSS                                        
---------------------------------------------------------------------------------------
Cell pin lists are equivalent.
Device classes gf180mcu_fd_sc_mcu7t5v0__oai22_4 and gf180mcu_fd_sc_mcu7t5v0__oai22_4 are equivalent.

Cell gf180mcu_fd_sc_mcu7t5v0__buf_12 (0) disconnected node: I
Cell gf180mcu_fd_sc_mcu7t5v0__buf_12 (0) disconnected node: Z
Cell gf180mcu_fd_sc_mcu7t5v0__buf_12 (0) disconnected node: VDD
Cell gf180mcu_fd_sc_mcu7t5v0__buf_12 (0) disconnected node: VNW
Cell gf180mcu_fd_sc_mcu7t5v0__buf_12 (0) disconnected node: VPW
Cell gf180mcu_fd_sc_mcu7t5v0__buf_12 (0) disconnected node: VSS

Subcircuit pins:
Circuit 1: gf180mcu_fd_sc_mcu7t5v0__buf_12 |Circuit 2: gf180mcu_fd_sc_mcu7t5v0__buf_12 
-------------------------------------------|-------------------------------------------
I                                          |I                                          
Z                                          |Z                                          
VDD                                        |VDD                                        
VNW                                        |VNW                                        
VPW                                        |VPW                                        
VSS                                        |VSS                                        
---------------------------------------------------------------------------------------
Cell pin lists are equivalent.
Device classes gf180mcu_fd_sc_mcu7t5v0__buf_12 and gf180mcu_fd_sc_mcu7t5v0__buf_12 are equivalent.

Cell gf180mcu_fd_sc_mcu7t5v0__or2_4 (0) disconnected node: A1
Cell gf180mcu_fd_sc_mcu7t5v0__or2_4 (0) disconnected node: A2
Cell gf180mcu_fd_sc_mcu7t5v0__or2_4 (0) disconnected node: Z
Cell gf180mcu_fd_sc_mcu7t5v0__or2_4 (0) disconnected node: VDD
Cell gf180mcu_fd_sc_mcu7t5v0__or2_4 (0) disconnected node: VNW
Cell gf180mcu_fd_sc_mcu7t5v0__or2_4 (0) disconnected node: VPW
Cell gf180mcu_fd_sc_mcu7t5v0__or2_4 (0) disconnected node: VSS

Subcircuit pins:
Circuit 1: gf180mcu_fd_sc_mcu7t5v0__or2_4  |Circuit 2: gf180mcu_fd_sc_mcu7t5v0__or2_4  
-------------------------------------------|-------------------------------------------
A1                                         |A1                                         
A2                                         |A2                                         
Z                                          |Z                                          
VDD                                        |VDD                                        
VNW                                        |VNW                                        
VPW                                        |VPW                                        
VSS                                        |VSS                                        
---------------------------------------------------------------------------------------
Cell pin lists are equivalent.
Device classes gf180mcu_fd_sc_mcu7t5v0__or2_4 and gf180mcu_fd_sc_mcu7t5v0__or2_4 are equivalent.

Cell gf180mcu_fd_sc_mcu7t5v0__aoi221_2 (0) disconnected node: A1
Cell gf180mcu_fd_sc_mcu7t5v0__aoi221_2 (0) disconnected node: A2
Cell gf180mcu_fd_sc_mcu7t5v0__aoi221_2 (0) disconnected node: B1
Cell gf180mcu_fd_sc_mcu7t5v0__aoi221_2 (0) disconnected node: B2
Cell gf180mcu_fd_sc_mcu7t5v0__aoi221_2 (0) disconnected node: C
Cell gf180mcu_fd_sc_mcu7t5v0__aoi221_2 (0) disconnected node: ZN
Cell gf180mcu_fd_sc_mcu7t5v0__aoi221_2 (0) disconnected node: VDD
Cell gf180mcu_fd_sc_mcu7t5v0__aoi221_2 (0) disconnected node: VNW
Cell gf180mcu_fd_sc_mcu7t5v0__aoi221_2 (0) disconnected node: VPW
Cell gf180mcu_fd_sc_mcu7t5v0__aoi221_2 (0) disconnected node: VSS

Subcircuit pins:
Circuit 1: gf180mcu_fd_sc_mcu7t5v0__aoi221 |Circuit 2: gf180mcu_fd_sc_mcu7t5v0__aoi221 
-------------------------------------------|-------------------------------------------
A1                                         |A1                                         
A2                                         |A2                                         
B1                                         |B1                                         
B2                                         |B2                                         
C                                          |C                                          
ZN                                         |ZN                                         
VDD                                        |VDD                                        
VNW                                        |VNW                                        
VPW                                        |VPW                                        
VSS                                        |VSS                                        
---------------------------------------------------------------------------------------
Cell pin lists are equivalent.
Device classes gf180mcu_fd_sc_mcu7t5v0__aoi221_2 and gf180mcu_fd_sc_mcu7t5v0__aoi221_2 are equivalent.

Cell gf180mcu_fd_sc_mcu7t5v0__oai211_2 (0) disconnected node: A1
Cell gf180mcu_fd_sc_mcu7t5v0__oai211_2 (0) disconnected node: A2
Cell gf180mcu_fd_sc_mcu7t5v0__oai211_2 (0) disconnected node: B
Cell gf180mcu_fd_sc_mcu7t5v0__oai211_2 (0) disconnected node: C
Cell gf180mcu_fd_sc_mcu7t5v0__oai211_2 (0) disconnected node: ZN
Cell gf180mcu_fd_sc_mcu7t5v0__oai211_2 (0) disconnected node: VDD
Cell gf180mcu_fd_sc_mcu7t5v0__oai211_2 (0) disconnected node: VNW
Cell gf180mcu_fd_sc_mcu7t5v0__oai211_2 (0) disconnected node: VPW
Cell gf180mcu_fd_sc_mcu7t5v0__oai211_2 (0) disconnected node: VSS

Subcircuit pins:
Circuit 1: gf180mcu_fd_sc_mcu7t5v0__oai211 |Circuit 2: gf180mcu_fd_sc_mcu7t5v0__oai211 
-------------------------------------------|-------------------------------------------
A1                                         |A1                                         
A2                                         |A2                                         
B                                          |B                                          
C                                          |C                                          
ZN                                         |ZN                                         
VDD                                        |VDD                                        
VNW                                        |VNW                                        
VPW                                        |VPW                                        
VSS                                        |VSS                                        
---------------------------------------------------------------------------------------
Cell pin lists are equivalent.
Device classes gf180mcu_fd_sc_mcu7t5v0__oai211_2 and gf180mcu_fd_sc_mcu7t5v0__oai211_2 are equivalent.

Cell gf180mcu_fd_sc_mcu7t5v0__inv_12 (0) disconnected node: I
Cell gf180mcu_fd_sc_mcu7t5v0__inv_12 (0) disconnected node: ZN
Cell gf180mcu_fd_sc_mcu7t5v0__inv_12 (0) disconnected node: VDD
Cell gf180mcu_fd_sc_mcu7t5v0__inv_12 (0) disconnected node: VNW
Cell gf180mcu_fd_sc_mcu7t5v0__inv_12 (0) disconnected node: VPW
Cell gf180mcu_fd_sc_mcu7t5v0__inv_12 (0) disconnected node: VSS

Subcircuit pins:
Circuit 1: gf180mcu_fd_sc_mcu7t5v0__inv_12 |Circuit 2: gf180mcu_fd_sc_mcu7t5v0__inv_12 
-------------------------------------------|-------------------------------------------
I                                          |I                                          
ZN                                         |ZN                                         
VDD                                        |VDD                                        
VNW                                        |VNW                                        
VPW                                        |VPW                                        
VSS                                        |VSS                                        
---------------------------------------------------------------------------------------
Cell pin lists are equivalent.
Device classes gf180mcu_fd_sc_mcu7t5v0__inv_12 and gf180mcu_fd_sc_mcu7t5v0__inv_12 are equivalent.

Cell gf180mcu_fd_sc_mcu7t5v0__antenna (0) disconnected node: I
Cell gf180mcu_fd_sc_mcu7t5v0__antenna (0) disconnected node: VDD
Cell gf180mcu_fd_sc_mcu7t5v0__antenna (0) disconnected node: VNW
Cell gf180mcu_fd_sc_mcu7t5v0__antenna (0) disconnected node: VPW
Cell gf180mcu_fd_sc_mcu7t5v0__antenna (0) disconnected node: VSS
Cell gf180mcu_fd_sc_mcu7t5v0__antenna (1) disconnected node: VDD
Cell gf180mcu_fd_sc_mcu7t5v0__antenna (1) disconnected node: VSS

Subcircuit pins:
Circuit 1: gf180mcu_fd_sc_mcu7t5v0__antenn |Circuit 2: gf180mcu_fd_sc_mcu7t5v0__antenn 
-------------------------------------------|-------------------------------------------
I                                          |I                                          
VDD                                        |VDD                                        
VNW                                        |VNW                                        
VPW                                        |VPW                                        
VSS                                        |VSS                                        
---------------------------------------------------------------------------------------
Cell pin lists are equivalent.
Device classes gf180mcu_fd_sc_mcu7t5v0__antenna and gf180mcu_fd_sc_mcu7t5v0__antenna are equivalent.

Cell gf180mcu_fd_sc_mcu7t5v0__bufz_4 (0) disconnected node: EN
Cell gf180mcu_fd_sc_mcu7t5v0__bufz_4 (0) disconnected node: I
Cell gf180mcu_fd_sc_mcu7t5v0__bufz_4 (0) disconnected node: Z
Cell gf180mcu_fd_sc_mcu7t5v0__bufz_4 (0) disconnected node: VDD
Cell gf180mcu_fd_sc_mcu7t5v0__bufz_4 (0) disconnected node: VNW
Cell gf180mcu_fd_sc_mcu7t5v0__bufz_4 (0) disconnected node: VPW
Cell gf180mcu_fd_sc_mcu7t5v0__bufz_4 (0) disconnected node: VSS

Subcircuit pins:
Circuit 1: gf180mcu_fd_sc_mcu7t5v0__bufz_4 |Circuit 2: gf180mcu_fd_sc_mcu7t5v0__bufz_4 
-------------------------------------------|-------------------------------------------
EN                                         |EN                                         
I                                          |I                                          
Z                                          |Z                                          
VDD                                        |VDD                                        
VNW                                        |VNW                                        
VPW                                        |VPW                                        
VSS                                        |VSS                                        
---------------------------------------------------------------------------------------
Cell pin lists are equivalent.
Device classes gf180mcu_fd_sc_mcu7t5v0__bufz_4 and gf180mcu_fd_sc_mcu7t5v0__bufz_4 are equivalent.

Class mosaic_block_a (0):  Merged 8245 parallel devices.
Class mosaic_block_a (1):  Merged 8245 parallel devices.
Subcircuit summary:
Circuit 1: mosaic_block_a                  |Circuit 2: mosaic_block_a                  
-------------------------------------------|-------------------------------------------
gf180mcu_fd_sc_mcu7t5v0__fillcap_4 (5105-> |gf180mcu_fd_sc_mcu7t5v0__fillcap_4 (5105-> 
gf180mcu_fd_sc_mcu7t5v0__nand2_1 (10678)   |gf180mcu_fd_sc_mcu7t5v0__nand2_1 (10678)   
gf180mcu_fd_sc_mcu7t5v0__buf_1 (1535)      |gf180mcu_fd_sc_mcu7t5v0__buf_1 (1535)      
gf180mcu_fd_sc_mcu7t5v0__clkinv_1 (2801)   |gf180mcu_fd_sc_mcu7t5v0__clkinv_1 (2801)   
gf180mcu_fd_sc_mcu7t5v0__dffrnq_1 (1325)   |gf180mcu_fd_sc_mcu7t5v0__dffrnq_1 (1325)   
gf180mcu_fd_sc_mcu7t5v0__nor2_1 (726)      |gf180mcu_fd_sc_mcu7t5v0__nor2_1 (726)      
gf180mcu_fd_sc_mcu7t5v0__oai21_1 (3605)    |gf180mcu_fd_sc_mcu7t5v0__oai21_1 (3605)    
gf180mcu_fd_sc_mcu7t5v0__or2_2 (9)         |gf180mcu_fd_sc_mcu7t5v0__or2_2 (9)         
gf180mcu_fd_sc_mcu7t5v0__aoi22_1 (880)     |gf180mcu_fd_sc_mcu7t5v0__aoi22_1 (880)     
gf180mcu_fd_sc_mcu7t5v0__aoi221_1 (242)    |gf180mcu_fd_sc_mcu7t5v0__aoi221_1 (242)    
gf180mcu_fd_sc_mcu7t5v0__fillcap_8 (2502-> |gf180mcu_fd_sc_mcu7t5v0__fillcap_8 (2502-> 
gf180mcu_fd_sc_mcu7t5v0__aoi21_1 (559)     |gf180mcu_fd_sc_mcu7t5v0__aoi21_1 (559)     
gf180mcu_fd_sc_mcu7t5v0__nor3_2 (26)       |gf180mcu_fd_sc_mcu7t5v0__nor3_2 (26)       
gf180mcu_fd_sc_mcu7t5v0__oai21_2 (696)     |gf180mcu_fd_sc_mcu7t5v0__oai21_2 (696)     
gf180mcu_fd_sc_mcu7t5v0__nand4_1 (619)     |gf180mcu_fd_sc_mcu7t5v0__nand4_1 (619)     
gf180mcu_fd_sc_mcu7t5v0__nand3_1 (2374)    |gf180mcu_fd_sc_mcu7t5v0__nand3_1 (2374)    
gf180mcu_fd_sc_mcu7t5v0__dffq_1 (4081)     |gf180mcu_fd_sc_mcu7t5v0__dffq_1 (4081)     
gf180mcu_fd_sc_mcu7t5v0__clkbuf_8 (643)    |gf180mcu_fd_sc_mcu7t5v0__clkbuf_8 (643)    
gf180mcu_fd_sc_mcu7t5v0__dlyb_1 (372)      |gf180mcu_fd_sc_mcu7t5v0__dlyb_1 (372)      
gf180mcu_fd_sc_mcu7t5v0__fillcap_16 (591-> |gf180mcu_fd_sc_mcu7t5v0__fillcap_16 (591-> 
gf180mcu_fd_sc_mcu7t5v0__buf_8 (241)       |gf180mcu_fd_sc_mcu7t5v0__buf_8 (241)       
gf180mcu_fd_sc_mcu7t5v0__inv_1 (239)       |gf180mcu_fd_sc_mcu7t5v0__inv_1 (239)       
gf180mcu_fd_sc_mcu7t5v0__buf_3 (266)       |gf180mcu_fd_sc_mcu7t5v0__buf_3 (266)       
gf180mcu_fd_sc_mcu7t5v0__oai211_1 (263)    |gf180mcu_fd_sc_mcu7t5v0__oai211_1 (263)    
gf180mcu_fd_sc_mcu7t5v0__oai21_4 (981)     |gf180mcu_fd_sc_mcu7t5v0__oai21_4 (981)     
gf180mcu_fd_sc_mcu7t5v0__buf_2 (574)       |gf180mcu_fd_sc_mcu7t5v0__buf_2 (574)       
gf180mcu_fd_sc_mcu7t5v0__dffsnq_1 (175)    |gf180mcu_fd_sc_mcu7t5v0__dffsnq_1 (175)    
gf180mcu_fd_sc_mcu7t5v0__or2_1 (182)       |gf180mcu_fd_sc_mcu7t5v0__or2_1 (182)       
gf180mcu_fd_sc_mcu7t5v0__oai31_2 (33)      |gf180mcu_fd_sc_mcu7t5v0__oai31_2 (33)      
gf180mcu_fd_sc_mcu7t5v0__and2_1 (164)      |gf180mcu_fd_sc_mcu7t5v0__and2_1 (164)      
gf180mcu_fd_sc_mcu7t5v0__tiel (7)          |gf180mcu_fd_sc_mcu7t5v0__tiel (7)          
gf180mcu_fd_sc_mcu7t5v0__buf_4 (722)       |gf180mcu_fd_sc_mcu7t5v0__buf_4 (722)       
gf180mcu_fd_sc_mcu7t5v0__nor3_1 (148)      |gf180mcu_fd_sc_mcu7t5v0__nor3_1 (148)      
gf180mcu_fd_sc_mcu7t5v0__nor4_1 (80)       |gf180mcu_fd_sc_mcu7t5v0__nor4_1 (80)       
gf180mcu_fd_sc_mcu7t5v0__or4_1 (9)         |gf180mcu_fd_sc_mcu7t5v0__or4_1 (9)         
gf180mcu_fd_sc_mcu7t5v0__nand2_2 (225)     |gf180mcu_fd_sc_mcu7t5v0__nand2_2 (225)     
gf180mcu_fd_sc_mcu7t5v0__oai221_1 (143)    |gf180mcu_fd_sc_mcu7t5v0__oai221_1 (143)    
gf180mcu_fd_sc_mcu7t5v0__and2_2 (12)       |gf180mcu_fd_sc_mcu7t5v0__and2_2 (12)       
gf180mcu_fd_sc_mcu7t5v0__nand2_4 (54)      |gf180mcu_fd_sc_mcu7t5v0__nand2_4 (54)      
gf180mcu_fd_sc_mcu7t5v0__aoi211_1 (136)    |gf180mcu_fd_sc_mcu7t5v0__aoi211_1 (136)    
gf180mcu_fd_sc_mcu7t5v0__clkbuf_4 (75)     |gf180mcu_fd_sc_mcu7t5v0__clkbuf_4 (75)     
gf180mcu_fd_sc_mcu7t5v0__oai32_1 (21)      |gf180mcu_fd_sc_mcu7t5v0__oai32_1 (21)      
gf180mcu_fd_sc_mcu7t5v0__nand3_2 (40)      |gf180mcu_fd_sc_mcu7t5v0__nand3_2 (40)      
gf180mcu_fd_sc_mcu7t5v0__inv_2 (75)        |gf180mcu_fd_sc_mcu7t5v0__inv_2 (75)        
gf180mcu_fd_sc_mcu7t5v0__oai22_1 (175)     |gf180mcu_fd_sc_mcu7t5v0__oai22_1 (175)     
gf180mcu_fd_sc_mcu7t5v0__clkbuf_2 (145)    |gf180mcu_fd_sc_mcu7t5v0__clkbuf_2 (145)    
gf180mcu_fd_sc_mcu7t5v0__and2_4 (2)        |gf180mcu_fd_sc_mcu7t5v0__and2_4 (2)        
gf180mcu_fd_sc_mcu7t5v0__nor2_2 (88)       |gf180mcu_fd_sc_mcu7t5v0__nor2_2 (88)       
gf180mcu_fd_sc_mcu7t5v0__and3_1 (31)       |gf180mcu_fd_sc_mcu7t5v0__and3_1 (31)       
gf180mcu_fd_sc_mcu7t5v0__and4_1 (31)       |gf180mcu_fd_sc_mcu7t5v0__and4_1 (31)       
gf180mcu_fd_sc_mcu7t5v0__fillcap_32 (51->1 |gf180mcu_fd_sc_mcu7t5v0__fillcap_32 (51->1 
gf180mcu_fd_sc_mcu7t5v0__clkbuf_16 (17)    |gf180mcu_fd_sc_mcu7t5v0__clkbuf_16 (17)    
gf180mcu_fd_sc_mcu7t5v0__oai31_1 (18)      |gf180mcu_fd_sc_mcu7t5v0__oai31_1 (18)      
gf180mcu_fd_sc_mcu7t5v0__or3_1 (8)         |gf180mcu_fd_sc_mcu7t5v0__or3_1 (8)         
gf180mcu_fd_sc_mcu7t5v0__aoi21_2 (66)      |gf180mcu_fd_sc_mcu7t5v0__aoi21_2 (66)      
gf180mcu_fd_sc_mcu7t5v0__clkinv_2 (24)     |gf180mcu_fd_sc_mcu7t5v0__clkinv_2 (24)     
gf180mcu_fd_sc_mcu7t5v0__inv_3 (25)        |gf180mcu_fd_sc_mcu7t5v0__inv_3 (25)        
gf180mcu_fd_sc_mcu7t5v0__oai221_2 (66)     |gf180mcu_fd_sc_mcu7t5v0__oai221_2 (66)     
gf180mcu_fd_sc_mcu7t5v0__oai221_4 (32)     |gf180mcu_fd_sc_mcu7t5v0__oai221_4 (32)     
gf180mcu_fd_sc_mcu7t5v0__clkbuf_1 (60)     |gf180mcu_fd_sc_mcu7t5v0__clkbuf_1 (60)     
gf180mcu_fd_sc_mcu7t5v0__nor2_4 (13)       |gf180mcu_fd_sc_mcu7t5v0__nor2_4 (13)       
gf180mcu_fd_sc_mcu7t5v0__nor3_4 (7)        |gf180mcu_fd_sc_mcu7t5v0__nor3_4 (7)        
gf180mcu_fd_sc_mcu7t5v0__aoi22_2 (5)       |gf180mcu_fd_sc_mcu7t5v0__aoi22_2 (5)       
gf180mcu_fd_sc_mcu7t5v0__nand3_4 (17)      |gf180mcu_fd_sc_mcu7t5v0__nand3_4 (17)      
gf180mcu_fd_sc_mcu7t5v0__clkinv_8 (6)      |gf180mcu_fd_sc_mcu7t5v0__clkinv_8 (6)      
gf180mcu_fd_sc_mcu7t5v0__and4_2 (2)        |gf180mcu_fd_sc_mcu7t5v0__and4_2 (2)        
gf180mcu_fd_sc_mcu7t5v0__clkinv_4 (10)     |gf180mcu_fd_sc_mcu7t5v0__clkinv_4 (10)     
gf180mcu_fd_sc_mcu7t5v0__clkbuf_3 (66)     |gf180mcu_fd_sc_mcu7t5v0__clkbuf_3 (66)     
gf180mcu_fd_sc_mcu7t5v0__aoi22_4 (1)       |gf180mcu_fd_sc_mcu7t5v0__aoi22_4 (1)       
gf180mcu_fd_sc_mcu7t5v0__clkinv_3 (5)      |gf180mcu_fd_sc_mcu7t5v0__clkinv_3 (5)      
gf180mcu_fd_sc_mcu7t5v0__icgtp_1 (4)       |gf180mcu_fd_sc_mcu7t5v0__icgtp_1 (4)       
gf180mcu_fd_sc_mcu7t5v0__nor4_2 (5)        |gf180mcu_fd_sc_mcu7t5v0__nor4_2 (5)        
gf180mcu_fd_sc_mcu7t5v0__nand4_2 (7)       |gf180mcu_fd_sc_mcu7t5v0__nand4_2 (7)       
gf180mcu_fd_sc_mcu7t5v0__inv_4 (16)        |gf180mcu_fd_sc_mcu7t5v0__inv_4 (16)        
gf180mcu_fd_sc_mcu7t5v0__xnor3_1 (4)       |gf180mcu_fd_sc_mcu7t5v0__xnor3_1 (4)       
gf180mcu_fd_sc_mcu7t5v0__aoi211_2 (5)      |gf180mcu_fd_sc_mcu7t5v0__aoi211_2 (5)      
gf180mcu_fd_sc_mcu7t5v0__oai22_2 (8)       |gf180mcu_fd_sc_mcu7t5v0__oai22_2 (8)       
gf180mcu_fd_sc_mcu7t5v0__nor4_4 (3)        |gf180mcu_fd_sc_mcu7t5v0__nor4_4 (3)        
gf180mcu_fd_sc_mcu7t5v0__aoi21_4 (11)      |gf180mcu_fd_sc_mcu7t5v0__aoi21_4 (11)      
gf180mcu_fd_sc_mcu7t5v0__xnor2_1 (1)       |gf180mcu_fd_sc_mcu7t5v0__xnor2_1 (1)       
gf180mcu_fd_sc_mcu7t5v0__nand4_4 (1)       |gf180mcu_fd_sc_mcu7t5v0__nand4_4 (1)       
gf180mcu_fd_sc_mcu7t5v0__or3_4 (1)         |gf180mcu_fd_sc_mcu7t5v0__or3_4 (1)         
gf180mcu_fd_sc_mcu7t5v0__oai32_2 (2)       |gf180mcu_fd_sc_mcu7t5v0__oai32_2 (2)       
gf180mcu_fd_sc_mcu7t5v0__fillcap_64 (1)    |gf180mcu_fd_sc_mcu7t5v0__fillcap_64 (1)    
gf180mcu_fd_sc_mcu7t5v0__oai32_4 (2)       |gf180mcu_fd_sc_mcu7t5v0__oai32_4 (2)       
gf180mcu_fd_sc_mcu7t5v0__dffnq_1 (4)       |gf180mcu_fd_sc_mcu7t5v0__dffnq_1 (4)       
gf180mcu_fd_sc_mcu7t5v0__tieh (2)          |gf180mcu_fd_sc_mcu7t5v0__tieh (2)          
gf180mcu_fd_sc_mcu7t5v0__oai22_4 (1)       |gf180mcu_fd_sc_mcu7t5v0__oai22_4 (1)       
gf180mcu_fd_sc_mcu7t5v0__buf_12 (2)        |gf180mcu_fd_sc_mcu7t5v0__buf_12 (2)        
gf180mcu_fd_sc_mcu7t5v0__or2_4 (1)         |gf180mcu_fd_sc_mcu7t5v0__or2_4 (1)         
gf180mcu_fd_sc_mcu7t5v0__aoi221_2 (2)      |gf180mcu_fd_sc_mcu7t5v0__aoi221_2 (2)      
gf180mcu_fd_sc_mcu7t5v0__oai211_2 (2)      |gf180mcu_fd_sc_mcu7t5v0__oai211_2 (2)      
gf180mcu_fd_sc_mcu7t5v0__inv_12 (1)        |gf180mcu_fd_sc_mcu7t5v0__inv_12 (1)        
gf180mcu_fd_sc_mcu7t5v0__antenna (2)       |gf180mcu_fd_sc_mcu7t5v0__antenna (2)       
gf180mcu_fd_sc_mcu7t5v0__bufz_4 (4)        |gf180mcu_fd_sc_mcu7t5v0__bufz_4 (4)        
Number of devices: 37052                   |Number of devices: 37052                   
Number of nets: 37052                      |Number of nets: 37052                      
---------------------------------------------------------------------------------------
Netlists match uniquely.

Subcircuit pins:
Circuit 1: mosaic_block_a                  |Circuit 2: mosaic_block_a                  
-------------------------------------------|-------------------------------------------
execute_from_flash_i                       |execute_from_flash_i                       
boot_select_i                              |boot_select_i                              
uart_rx_i                                  |uart_rx_i                                  
rst_ni                                     |rst_ni                                     
status_valid_o                             |status_valid_o                             
spi_flash_sck_o                            |spi_flash_sck_o                            
spi_flash_cs_o                             |spi_flash_cs_o                             
uart_tx_o                                  |uart_tx_o                                  
status_o[5]                                |status_o[5]                                
status_o[6]                                |status_o[6]                                
status_o[3]                                |status_o[3]                                
status_o[0]                                |status_o[0]                                
status_o[4]                                |status_o[4]                                
status_o[1]                                |status_o[1]                                
status_o[2]                                |status_o[2]                                
clk_i                                      |clk_i                                      
spi_flash_sd_io[1]                         |spi_flash_sd_io[1]                         
spi_flash_sd_io[2]                         |spi_flash_sd_io[2]                         
spi_flash_sd_io[3]                         |spi_flash_sd_io[3]                         
spi_flash_sd_io[0]                         |spi_flash_sd_io[0]                         
VDD                                        |VDD                                        
VSS                                        |VSS                                        
---------------------------------------------------------------------------------------
Cell pin lists are equivalent.
Device classes mosaic_block_a and mosaic_block_a are equivalent.

Final result: Circuits match uniquely.
.
