net,length_um
clknet_0_i_core_v_mini_mcu.cpu_subsystem_i.cpu_0_0.clk_i,1.60711mm
clknet_0_i_core_v_mini_mcu.memory_subsystem_i.clk_cg,1.48317mm
clknet_0_i_core_v_mini_mcu.cpu_subsystem_i.cpu_1_0.clk_i,1.37075mm
clknet_0_i_core_v_mini_mcu.peripheral_subsystem_i.clk_cg,1.2607mm
clk_i,1.1643mm
clknet_0_clk_i_regs,1.04551mm
i_core_v_mini_mcu.ao_peripheral_subsystem_i.tdu_i.task_mem\[1\]\[5\],932.55µm
net410,910.7µm
_07345_,907.86µm
i_core_v_mini_mcu.ao_peripheral_subsystem_i.tdu_i.task_mem\[5\]\[3\],901.39µm
_07065_,900.56µm
_24165_,868.75µm
_24219_,856.79µm
_24202_,793.82µm
_14202_,789.44µm
_24586_,783.43µm
_24152_,782.89µm
_24167_,782.67µm
_24110_,779.71µm
i_core_v_mini_mcu.ao_peripheral_subsystem_i.tdu_i.task_mem\[0\]\[8\],772.63µm
_26465_,767.73µm
_07064_,767.58µm
net1469,748.92µm
_24175_,740.21µm
_24941_,725.14µm
_26368_,725.08µm
_24114_,721.89µm
_06731_,721.17µm
_24169_,719.34µm
_23006_,716.13µm
net819,707.77µm
net635,703.15µm
_13975_,701.47µm
_24121_,700.55µm
i_core_v_mini_mcu.ao_peripheral_subsystem_i.tdu_i.task_mem\[2\]\[3\],694.16µm
_06980_,678.74µm
net1458,676.58µm
_24907_,670.55µm
_24194_,669.45µm
_24879_,669.28µm
_26112_,667.46µm
_10387_,666.55µm
net608,663.7µm
net1709,663.7µm
_24734_,659.47µm
net866,656.18µm
_24124_,653.77µm
_24232_,650.92µm
net1108,650.54µm
net381,648.27µm
net1710,647.36µm
net843,646.87µm
_26265_,646.26µm
_24215_,643.18µm
_24149_,642.62µm
net795,639.43µm
_24336_,639.16µm
net395,638.51µm
_24322_,637.46µm
net875,637.02µm
net557,636.56µm
net746,635.49µm
net839,631.37µm
net1480,630.51µm
net1081,630.25µm
net600,629.23µm
_23010_,627.29µm
_10523_,622.26µm
net836,618.64µm
_10529_,618.29µm
net732,617.5µm
_26213_,617.49µm
net840,616.1µm
_14154_,615.28µm
net813,615.23µm
net588,614.34µm
net1272,613.95µm
clknet_4_0_0_i_core_v_mini_mcu.cpu_subsystem_i.cpu_1_0.clk_i,611.87µm
_06891_,610.43µm
net615,610.39µm
_13980_,609.97µm
_13922_,608.56µm
net1755,608.16µm
net408,606.9µm
net551,606.22µm
net558,605.66µm
_24189_,605.61µm
net1727,604.78µm
net756,603.83µm
_24838_,603.24µm
_10564_,601.69µm
_24161_,601.63µm
_14115_,601.31µm
_24362_,601.28µm
net1723,601.18µm
_24584_,600.62µm
net793,599.55µm
net725,598.48µm
_24208_,597.82µm
net1271,596.96µm
net586,596.7µm
net448,596.69µm
net880,595.42µm
_14235_,594.44µm
net634,594.26µm
net550,592.73µm
net1492,592.73µm
net1491,592.68µm
net727,592.07µm
net790,591.61µm
net872,591.15µm
_24101_,589.67µm
net319,588.25µm
net849,587.33µm
_06892_,585.86µm
net406,585.66µm
net760,585.5µm
net654,585.04µm
_07212_,584.08µm
net591,583.92µm
net587,583.72µm
_05609_,583.36µm
net623,582.87µm
net393,582.7µm
net871,582.39µm
net807,581.57µm
net1277,581.22µm
net296,581.17µm
net660,580.46µm
net881,580.42µm
net556,580.28µm
net320,578.77µm
net527,578.73µm
net575,578.53µm
_14033_,578.25µm
net772,577.95µm
net362,577.94µm
_13923_,577.29µm
net520,574.4µm
net488,574.25µm
net616,573.03µm
net859,571.7µm
net639,571.59µm
net802,571.55µm
net617,571.48µm
net673,571.45µm
_13970_,571.04µm
net594,570.79µm
net679,570.74µm
net633,570.6µm
net346,569.92µm
_24225_,569.77µm
net1753,569.26µm
net284,569.14µm
net601,568.8µm
net686,568.14µm
net657,567.07µm
net757,566.87µm
net347,566.81µm
net877,565.43µm
_24237_,565.29µm
net1270,565.14µm
net571,564.73µm
net747,564.53µm
net592,563.91µm
net405,563.81µm
net570,563.61µm
net628,563.55µm
net478,563.46µm
net831,563.4µm
net470,563.1µm
net780,562.8µm
net563,562.79µm
net745,562.35µm
net361,562.3µm
net502,562.18µm
net676,561.94µm
_26401_,560.63µm
net576,559.94µm
net678,559.79µm
net1276,559.49µm
net308,559.18µm
net768,559.18µm
_24253_,559.13µm
net869,559.03µm
net391,559.01µm
net316,557.15µm
net610,557.06µm
_24210_,555.92µm
net345,555.26µm
net828,555.21µm
net580,554.83µm
_05994_,554.73µm
net523,554.57µm
net885,553.94µm
net873,553.02µm
clknet_1_1__leaf_clk_i,552.97µm
net1470,552.77µm
net574,551.9µm
net773,551.9µm
net1030,551.72µm
net809,551.08µm
_25199_,550.88µm
net313,550.63µm
net735,550.27µm
_22988_,550µm
net390,549.2µm
net521,549.15µm
net582,549.05µm
net553,548.95µm
net299,548.72µm
net306,548.13µm
net753,548.08µm
net286,547.88µm
net883,546.96µm
net816,546.66µm
net1762,546.66µm
net307,546.16µm
net748,546.15µm
net522,545.74µm
net609,545.73µm
_05685_,545.69µm
net310,545.66µm
_25896_,545.38µm
net285,544.26µm
net739,544.06µm
net629,543.45µm
net604,543.1µm
net1619,542.8µm
net653,542.78µm
net767,542.48µm
net789,542.02µm
net736,541.16µm
net782,541µm
_10555_,540.65µm
_06890_,540.61µm
net751,540.14µm
net844,540.14µm
_10569_,539.8µm
net625,539.68µm
net698,539.53µm
net656,539.48µm
_25097_,539.17µm
net288,538.97µm
_24144_,538.51µm
net1692,538.48µm
net278,538.05µm
net766,537.71µm
net283,537.53µm
_24105_,537.42µm
_24790_,537.34µm
net661,537.29µm
net528,537.28µm
net861,536.9µm
net622,536.83µm
net315,536.26µm
net778,536.12µm
net409,535.96µm
net749,535.41µm
net825,535.15µm
net302,535µm
net1299,534.59µm
_14083_,534.29µm
net318,533.93µm
net603,533.88µm
net758,533.32µm
_06879_,533.08µm
net450,532.81µm
net824,532.81µm
net321,532.35µm
net1756,532.15µm
_24207_,531.58µm
net761,531.35µm
_05601_,531.29µm
net810,531.13µm
net754,531.08µm
net764,530.62µm
net271,530.57µm
net449,530.57µm
net480,530.47µm
net818,530.25µm
_24118_,530.21µm
net565,530.21µm
net632,530.11µm
net814,529.96µm
net487,529.89µm
net750,529.4µm
net702,528.48µm
_24293_,527.77µm
net356,527.71µm
net823,527.33µm
net392,526.68µm
net694,526.6µm
net309,526.55µm
net322,526.43µm
net613,525.99µm
net371,525.43µm
net269,525.33µm
net1473,525.2µm
net621,524.11µm
_24091_,523.91µm
net691,523.84µm
net701,523.2µm
net636,522.99µm
net584,522.74µm
net314,522.64µm
net1760,522.52µm
net317,522.27µm
_24802_,521.94µm
net350,521.62µm
net561,521.46µm
_04635_,521.25µm
i_core_v_mini_mcu.ao_peripheral_subsystem_i.tdu_i.task_mem\[5\]\[9\],520.22µm
_25992_,520.03µm
net481,520.03µm
net1505,519.18µm
net724,519.11µm
net277,518.76µm
net690,518.66µm
net328,518.1µm
_24083_,517.74µm
_25186_,517.33µm
net579,517.33µm
net700,517.28µm
net834,517.23µm
_10562_,516.73µm
clknet_4_1_0_i_core_v_mini_mcu.cpu_subsystem_i.cpu_1_0.clk_i,516.57µm
_24159_,516.47µm
net649,516.21µm
net1650,516.17µm
net311,515.6µm
net626,515.51µm
net685,515.5µm
net696,514.79µm
net275,513.56µm
net743,513.44µm
net710,513.16µm
net1457,513.11µm
_24196_,512.95µm
net529,512.8µm
_10615_,512.58µm
net658,512.29µm
net274,512.18µm
net577,511.72µm
net624,511.58µm
net842,511.58µm
net572,511.22µm
_06736_,510.56µm
net822,510.28µm
net771,510.09µm
net301,509.85µm
net619,509.54µm
_26129_,508.57µm
net1468,508.41µm
_24810_,508.36µm
_10509_,508.23µm
net305,507.63µm
net547,507.25µm
net788,507.15µm
net695,506.71µm
net855,506.65µm
net879,506.49µm
_05909_,506.34µm
_24127_,506.13µm
_10516_,505.98µm
_22991_,505.42µm
net664,505.42µm
net681,505.29µm
net1522,504.96µm
net598,504.91µm
net1024,504.71µm
net787,504.54µm
net566,504.25µm
net835,504.25µm
net273,504.05µm
net738,503.18µm
net891,501.19µm
net650,500.94µm
net801,500.94µm
_13962_,500.43µm
_24602_,500.43µm
_19489_,500.09µm
net858,499.82µm
net699,499.71µm
net663,499.46µm
net602,499.36µm
net581,499.21µm
net1490,499.18µm
net785,499.16µm
_05691_,499.11µm
net1494,498.79µm
net794,498.66µm
net272,498.55µm
net1472,498.31µm
_24627_,498.04µm
net1758,497.94µm
net352,497.24µm
net549,497.22µm
net578,497.19µm
net805,497.17µm
net826,497.12µm
net852,496.29µm
net812,494.66µm
net627,494.52µm
net853,493.89µm
net341,493.75µm
net803,493.61µm
net327,493.38µm
_24096_,493.21µm
net583,492.95µm
net821,492.83µm
_24618_,492.74µm
net961,492.14µm
net646,492.08µm
_04632_,491.5µm
_10567_,491.41µm
_24162_,490.96µm
net1033,490.59µm
net620,490.5µm
net708,490.4µm
_24678_,490.25µm
net652,490.25µm
_25798_,489.99µm
net837,489.94µm
_26145_,489.89µm
net659,489.74µm
net829,489.08µm
_24104_,489.06µm
net344,487.87µm
net689,487.73µm
i_core_v_mini_mcu.ao_peripheral_subsystem_i.spi_subsystem_i.obi_spimemio_i.cfgreg_do\[16\],487.4µm
_24095_,487.04µm
_14124_,486.99µm
net366,486.89µm
net612,486.55µm
net759,486.48µm
net545,486.38µm
net268,485.94µm
net1696,485.72µm
net297,484.7µm
net593,484.65µm
net474,484.55µm
net886,483.43µm
net559,482.92µm
net763,482.88µm
_24781_,482.56µm
net848,482.56µm
net776,482.36µm
net329,482.23µm
net737,482.18µm
_25191_,482µm
_19247_,481.91µm
net611,481.8µm
_18999_,481.35µm
net655,481.29µm
net351,481.15µm
net377,481.01µm
clknet_4_5_0_i_core_v_mini_mcu.cpu_subsystem_i.cpu_0_0.clk_i,480.68µm
_19335_,480.58µm
net1661,480.27µm
net1714,480.22µm
net1660,480.17µm
net1703,479.86µm
_24158_,479.76µm
net282,479.51µm
net838,478.9µm
net505,478.67µm
net567,478.59µm
net833,478.54µm
net644,478.52µm
net850,478.39µm
net733,478.11µm
net1649,477.99µm
net911,477.93µm
net472,477.85µm
_05947_,477.27µm
_26200_,477.01µm
_06747_,477µm
net884,476.6µm
net380,476.45µm
net365,476.35µm
_26205_,476.3µm
net1679,476.25µm
net605,475.64µm
net744,475.34µm
net846,474.17µm
_19349_,472.99µm
net1676,472.74µm
net339,472.48µm
_26259_,472.43µm
net456,472.38µm
_12379_,472.28µm
_25695_,471.97µm
_24396_,471.92µm
_14864_,471.87µm
net295,471.72µm
net775,471.57µm
net1663,471.21µm
_04634_,471.16µm
net779,470.85µm
_24166_,470.8µm
net416,470.75µm
net882,470.6µm
net1042,470.37µm
net338,470.09µm
_17489_,470.04µm
net642,469.99µm
_14136_,469.64µm
_13911_,469.59µm
net1594,469.48µm
net792,469.45µm
net407,469.33µm
net518,469.25µm
net279,468.51µm
net544,468.33µm
net476,468.03µm
net471,468.01µm
_24896_,467.29µm
net429,467.09µm
_26429_,466.93µm
_12490_,466.63µm
net270,466.63µm
net337,466.58µm
_10388_,466.17µm
net845,466.12µm
_19572_,465.97µm
net614,465.52µm
net618,465.46µm
net462,465.36µm
net1690,465.2µm
_24084_,464.82µm
net1704,464.65µm
net741,464.41µm
net443,464.23µm
_10581_,463.98µm
_24639_,463.98µm
net876,463.57µm
net808,462.71µm
clknet_5_18__leaf_clk_i_regs,462.15µm
_12388_,462.05µm
net259,461.74µm
net343,461.59µm
_12522_,461.13µm
net439,460.93µm
net367,460.72µm
net860,460.01µm
net354,459.55µm
_19206_,458.94µm
_06034_,458.89µm
clknet_5_25__leaf_clk_i_regs,458.79µm
net841,458.33µm
_10628_,458.28µm
net709,458.23µm
net312,458.02µm
net800,457.99µm
net648,457.51µm
net437,457.49µm
net353,457.21µm
_19654_,457.16µm
_10710_,457.01µm
net364,456.6µm
net330,456.53µm
_12475_,456.32µm
net1674,456.09µm
net491,455.75µm
_18958_,455.48µm
_05720_,455.15µm
net293,455.12µm
net431,455.07µm
net1614,454.8µm
_19040_,454.58µm
net1503,454.31µm
net1138,454.26µm
net479,454.21µm
_19289_,453.81µm
net153,453.34µm
net394,453.34µm
net281,453.29µm
net684,453.29µm
net1652,452.76µm
_10596_,452.73µm
net382,452.01µm
_10571_,451.47µm
net791,451.15µm
_19695_,450.85µm
i_core_v_mini_mcu.ao_peripheral_subsystem_i.spi_subsystem_i.obi_spimemio_i.cfgreg_do\[18\],450.85µm
net717,450.77µm
_13938_,450.74µm
net631,450.69µm
net851,450.67µm
_24297_,450.44µm
_26033_,449.83µm
_16746_,449.33µm
_12457_,448.86µm
net452,448.84µm
i_core_v_mini_mcu.peripheral_subsystem_i.obi_fifo_i.consumer_data_req\[25\],448.81µm
_14860_,448.35µm
net217,448.3µm
i_core_v_mini_mcu.ao_peripheral_subsystem_i.spi_subsystem_i.obi_spimemio_i.cfgreg_do\[8\],448.1µm
_25604_,447.38µm
net455,447.23µm
_24136_,447.08µm
_24510_,446.82µm
net363,446.62µm
clknet_4_5_0_i_core_v_mini_mcu.cpu_subsystem_i.cpu_1_0.clk_i,445.86µm
_14008_,445.7µm
net697,445.5µm
net832,445.5µm
_06797_,445.3µm
_26364_,444.43µm
net336,444.33µm
net287,443.82µm
net682,443.72µm
_10760_,443.64µm
net730,443.57µm
_05995_,443.21µm
net865,443.11µm
net671,442.91µm
net1683,442.66µm
_19448_,442.4µm
net1511,442.09µm
net595,442.04µm
net667,441.33µm
net638,441.06µm
_05843_,440.97µm
net340,440.92µm
net1553,440.62µm
i_core_v_mini_mcu.ao_peripheral_subsystem_i.spi_subsystem_i.obi_spimemio_i.cfgreg_do\[17\],440.31µm
net1462,440.08µm
net355,439.8µm
_24222_,439.54µm
_18839_,439.28µm
net887,439.14µm
_24526_,438.73µm
net485,438.68µm
net483,438.54µm
_12440_,438.47µm
net519,438.44µm
net1039,438.37µm
_04633_,438.27µm
net1700,438.07µm
_26331_,437.76µm
_24204_,437.66µm
net300,437.65µm
net606,437.61µm
net1672,437.5µm
_19081_,436.84µm
_14201_,436.73µm
net645,436.54µm
net1430,436.54µm
i_core_v_mini_mcu.ao_peripheral_subsystem_i.spi_subsystem_i.obi_spimemio_i.cfgreg_do\[19\],436.34µm
_16394_,436.12µm
net912,436.03µm
net326,435.76µm
_10519_,435.73µm
_14037_,435.47µm
_24168_,434.71µm
_24350_,434.65µm
_25826_,434.3µm
net1664,434.28µm
net573,434.25µm
_19407_,434.2µm
net1495,434.2µm
net359,434.15µm
net14,434.02µm
net19,433.74µm
net389,433.28µm
_25452_,433.15µm
net1612,433.13µm
_06880_,432.92µm
net303,432.78µm
net331,432.77µm
net1597,432.71µm
net552,432.57µm
net460,432.24µm
net630,432.095µm
net651,432.01µm
net798,431.35µm
net1471,431.35µm
i_core_v_mini_mcu.peripheral_subsystem_i.obi_fifo_i.consumer_data_req\[24\],431.25µm
_05829_,431.21µm
net214,431.14µm
_06730_,431.04µm
net504,430.99µm
_24100_,430.89µm
net1634,430.89µm
net674,430.74µm
_19613_,430.64µm
net555,430.5µm
net1493,430.28µm
_14244_,430.16µm
_24824_,429.97µm
net1479,429.96µm
clknet_4_13_0_i_core_v_mini_mcu.memory_subsystem_i.clk_cg,429.82µm
_10939_,429.67µm
net383,429.38µm
net564,429.26µm
_24117_,429.14µm
net1170,428.7µm
_10737_,428.6µm
_24094_,428.39µm
net369,428.09µm
i_core_v_mini_mcu.ao_peripheral_subsystem_i.tdu_i.task_mem\[1\]\[3\],427.94µm
net453,427.53µm
net952,426.52µm
_18885_,426.31µm
_20630_,425.9µm
_20337_,425.87µm
i_core_v_mini_mcu.ao_peripheral_subsystem_i.spi_subsystem_i.obi_spimemio_i.cfgreg_do\[10\],425.65µm
net668,425.39µm
_14347_,425.34µm
net929,424.88µm
net1313,424.78µm
net1552,424.03µm
_19165_,423.97µm
net830,423.74µm
_11367_,423.46µm
net1698,422.59µm
_10793_,422.39µm
net783,422.16µm
net388,422.08µm
net560,421.93µm
net762,421.93µm
net325,421.37µm
net484,420.61µm
_24151_,420.1µm
_14152_,419.79µm
net596,419.64µm
net358,419.03µm
net1475,419.03µm
net360,418.98µm
_19124_,418.47µm
_12462_,418.42µm
net1688,418.11µm
_12431_,418.01µm
_10432_,417.91µm
_26016_,417.91µm
_24107_,417.55µm
_24521_,417.5µm
net729,417.5µm
net1653,417.5µm
i_core_v_mini_mcu.ao_peripheral_subsystem_i.tdu_i.task_mem\[5\]\[7\],416.85µm
net728,416.84µm
net687,416.79µm
_05646_,416.73µm
net889,416.69µm
net1474,416.69µm
_16675_,416.53µm
net705,416.38µm
net590,416.08µm
net548,415.87µm
net714,415.62µm
net1728,415.62µm
net1435,415.36µm
_24125_,415.11µm
net372,415.06µm
net533,414.9µm
_10742_,414.89µm
net568,414.6µm
net1668,414.14µm
net475,414.04µm
net716,413.76µm
net465,413.68µm
net2,413.33µm
_25751_,413.12µm
_14162_,412.92µm
clknet_4_4_0_i_core_v_mini_mcu.cpu_subsystem_i.cpu_0_0.clk_i,412.92µm
net323,412.64µm
net1498,412.58µm
net1607,412.51µm
net680,412.46µm
_24128_,412.38µm
net770,412.36µm
_24240_,412µm
_24368_,411.95µm
net637,411.85µm
_07168_,411.5µm
_19530_,411.14µm
_12836_,410.76µm
_12370_,410.68µm
net348,410.27µm
_06415_,410.2µm
net482,410.07µm
_06004_,409.51µm
net335,409.15µm
_17456_,409.1µm
_10869_,408.54µm
net294,408.49µm
net451,408.44µm
_12541_,408.29µm
_22984_,408.29µm
net715,407.83µm
_10630_,407.32µm
net607,407.32µm
_27440_,407.22µm
_10963_,407.12µm
_20314_,406.86µm
_08806_,406.1µm
_20354_,405.74µm
net525,405.59µm
net669,405.59µm
_10734_,405.16µm
i_core_v_mini_mcu.peripheral_subsystem_i.obi_fifo_i.consumer_data_req\[32\],405.13µm
_14165_,405.1µm
_20607_,404.98µm
net1666,404.01µm
_10805_,403.96µm
net920,403.4µm
_12464_,403.3µm
net1680,403.22µm
_11059_,403.2µm
net723,403.01µm
_17008_,402.84µm
_12339_,402.23µm
net713,402.08µm
_22758_,401.99µm
net1681,401.87µm
_12494_,401.26µm
_05796_,400.55µm
_14074_,400.55µm
_16502_,400.55µm
net304,400.45µm
net1548,400.14µm
net401,399.84µm
net781,399.78µm
_14457_,399.53µm
_12467_,399.02µm
_12605_,398.87µm
_22998_,397.68µm
_24192_,397.19µm
_05608_,397.11µm
_06746_,396.87µm
net827,396.63µm
net254,396.07µm
net1654,396.02µm
_10740_,396.01µm
_10988_,395.61µm
net1148,395.51µm
_26374_,395.15µm
net693,395.05µm
net796,394.86µm
net1626,394.49µm
_23091_,394.44µm
net332,394.44µm
net324,394.11µm
_12317_,393.94µm
net333,393.83µm
_19736_,393.71µm
net1183,393.49µm
_05856_,393.12µm
_12350_,392.94µm
net930,392.91µm
net569,392.76µm
net562,392.71µm
net412,392.35µm
_24199_,392.25µm
_12556_,392.15µm
_14054_,391.84µm
net1618,391.84µm
_06402_,391.64µm
net445,390.52µm
net1224,390.42µm
_24608_,390.29µm
_10597_,390.16µm
_17731_,390.13µm
_24328_,390.06µm
net1421,389.5µm
i_core_v_mini_mcu.peripheral_subsystem_i.obi_fifo_i.consumer_data_req\[18\],389.3µm
_18931_,389.09µm
_16671_,388.94µm
net490,388.84µm
_06420_,388.8µm
i_core_v_mini_mcu.peripheral_subsystem_i.obi_fifo_i.consumer_data_req\[22\],388.26µm
i_core_v_mini_mcu.ao_peripheral_subsystem_i.soc_ctrl_i.reg2hw\[35\],388.18µm
i_core_v_mini_mcu.ao_peripheral_subsystem_i.spi_subsystem_i.obi_spimemio_i.cfgreg_do\[11\],388.18µm
_09562_,388.13µm
net152,387.97µm
net1500,387.6µm
_24141_,387.26µm
_12544_,387.11µm
_25114_,386.95µm
_14504_,386.85µm
net1754,386.5µm
net1534,386.34µm
_13958_,386.32µm
net786,386.19µm
net1689,386.09µm
_19969_,386.04µm
_18183_,385.68µm
net370,385.68µm
_05972_,385.58µm
_10366_,385.58µm
clknet_4_15_0_i_core_v_mini_mcu.cpu_subsystem_i.cpu_0_0.clk_i,385.48µm
clknet_4_0_0_i_core_v_mini_mcu.cpu_subsystem_i.cpu_0_0.clk_i,385.07µm
net1465,385.03µm
_19381_,385.02µm
_24752_,384.69µm
_24174_,384.51µm
_18208_,384.07µm
net706,384.03µm
net647,384µm
_10383_,383.96µm
_17496_,383.9µm
_10582_,383.85µm
net1665,383.8µm
net1716,383.29µm
_05660_,383.19µm
net1267,383.14µm
_24339_,382.73µm
net765,382.71µm
net1540,382.63µm
_24920_,382.12µm
net774,382.12µm
net874,381.71µm
_10825_,381.28µm
i_core_v_mini_mcu.peripheral_subsystem_i.obi_fifo_i.consumer_data_req\[33\],381.24µm
net688,381.13µm
_10580_,381.1µm
net1601,381.05µm
net675,380.44µm
net1656,380.39µm
net1724,380.39µm
_26399_,380.29µm
net752,379.99µm
net1516,379.42µm
i_core_v_mini_mcu.ao_peripheral_subsystem_i.tdu_i.task_mem\[6\]\[3\],379.27µm
net1322,379.17µm
_23099_,379.12µm
_22740_,378.86µm
i_core_v_mini_mcu.peripheral_subsystem_i.obi_fifo_i.consumer_data_req\[28\],378.85µm
_12443_,378.81µm
_18591_,378.61µm
_05784_,378.4µm
net1613,378.4µm
net1585,378.39µm
_20538_,378.27µm
_25818_,378.2µm
net546,378.2µm
_12902_,378.15µm
_23081_,377.86µm
_26049_,377.84µm
_17509_,377.74µm
net683,377.68µm
net1453,377.49µm
_09336_,377.46µm
_05627_,377.18µm
i_core_v_mini_mcu.ao_peripheral_subsystem_i.tdu_i.rd_ptr_q\[1\],377.03µm
_16840_,376.98µm
_19777_,376.98µm
_10813_,376.8µm
net1657,376.47µm
net870,375.99µm
net777,375.96µm
net815,375.96µm
_24139_,375.65µm
_23097_,375.35µm
net1533,375.35µm
_26299_,375.2µm
_22423_,375.04µm
_12389_,374.94µm
_12408_,374.84µm
net1701,374.79µm
_16338_,374.63µm
_07353_,374.53µm
_10881_,374.52µm
net1506,374.52µm
net863,374.38µm
_20487_,374.26µm
net1303,373.96µm
clknet_4_13_0_i_core_v_mini_mcu.cpu_subsystem_i.cpu_0_0.clk_i,373.82µm
net1635,373.62µm
_12406_,373.31µm
_06139_,373.16µm
net1515,373.16µm
_07462_,373.15µm
_07439_,373.05µm
_13983_,372.96µm
_24111_,372.9µm
_12564_,372.72µm
i_core_v_mini_mcu.ao_peripheral_subsystem_i.tdu_i.task_mem\[4\]\[2\],372.46µm
net1577,372.19µm
i_core_v_mini_mcu.peripheral_subsystem_i.obi_fifo_i.consumer_data_req\[20\],371.94µm
net1711,371.88µm
net1432,371.68µm
_10799_,371.36µm
net1592,371.33µm
net1686,371.12µm
i_core_v_mini_mcu.peripheral_subsystem_i.obi_fifo_i.consumer_data_req\[27\],370.77µm
net926,370.76µm
_11448_,370.36µm
_16836_,370.36µm
_18450_,370.36µm
net1713,370.36µm
_12459_,370.26µm
_14395_,369.84µm
net1611,369.52µm
net227,369.44µm
net1621,369.14µm
_19359_,368.83µm
_20531_,368.76µm
net1616,368.37µm
net1702,368.32µm
_14472_,368.17µm
_10807_,368.04µm
_20568_,367.96µm
net928,367.91µm
i_core_v_mini_mcu.peripheral_subsystem_i.obi_fifo_i.consumer_data_req\[34\],367.51µm
_14335_,367.46µm
net357,366.95µm
clknet_4_2_0_i_core_v_mini_mcu.cpu_subsystem_i.cpu_0_0.clk_i,366.95µm
_23071_,366.62µm
net1576,366.44µm
_12310_,366.21µm
_12314_,365.93µm
_22723_,365.8µm
_22749_,365.78µm
net906,365.52µm
_22429_,365.42µm
clknet_4_10_0_i_core_v_mini_mcu.cpu_subsystem_i.cpu_0_0.clk_i,365.42µm
net1463,365.37µm
net1370,365.32µm
net1677,365.32µm
_21001_,365.22µm
_12480_,365.17µm
_22531_,365.1µm
_05963_,364.76µm
_07480_,364.71µm
net1600,364.2µm
net349,364.15µm
net489,363.39µm
net1343,363.33µm
_26289_,363.28µm
_24147_,363.18µm
_05848_,363.13µm
i_core_v_mini_mcu.ao_peripheral_subsystem_i.tdu_i.task_mem\[1\]\[0\],363.07µm
net864,362.93µm
net411,362.62µm
_26063_,362.47µm
_07531_,362.32µm
net672,362.06µm
net524,361.91µm
_06904_,361.81µm
_22654_,361.57µm
_27523_,361.45µm
_26173_,361.35µm
_10754_,361.14µm
clknet_5_26__leaf_clk_i_regs,361µm
_06434_,360.84µm
_22541_,360.69µm
i_core_v_mini_mcu.ao_peripheral_subsystem_i.tdu_i.task_mem\[0\]\[7\],360.29µm
net534,360.28µm
_20431_,360.13µm
net922,359.95µm
_17516_,359.81µm
clknet_4_7_0_i_core_v_mini_mcu.cpu_subsystem_i.cpu_1_0.clk_i,359.77µm
clknet_4_6_0_i_core_v_mini_mcu.cpu_subsystem_i.cpu_1_0.clk_i,359.21µm
i_core_v_mini_mcu.ao_peripheral_subsystem_i.tdu_i.task_mem\[4\]\[7\],359.18µm
_05956_,359.16µm
net731,359.16µm
clknet_1_0__leaf_clk_i,359.06µm
_10761_,359.01µm
_14123_,359.01µm
net734,358.7µm
_09663_,358.5µm
_26220_,358.19µm
_05982_,358.16µm
_05805_,358.04µm
net1237,357.94µm
net499,357.66µm
net20,357.38µm
clknet_4_6_0_i_core_v_mini_mcu.cpu_subsystem_i.cpu_0_0.clk_i,356.92µm
net1460,356.92µm
_18632_,356.87µm
net436,356.87µm
_12596_,356.82µm
_12337_,356.77µm
_06423_,356.65µm
_16947_,356.31µm
net1408,355.85µm
net1279,355.8µm
net1639,355.7µm
_05987_,355.65µm
net1349,355.49µm
_06490_,355.39µm
_20377_,355.34µm
net1456,354.73µm
net599,354.58µm
_10867_,354.27µm
net945,353.81µm
_14243_,353.47µm
net589,353.46µm
clknet_4_14_0_i_core_v_mini_mcu.cpu_subsystem_i.cpu_1_0.clk_i,353µm
net486,352.9µm
_18506_,352.85µm
_13909_,352.74µm
_17712_,352.74µm
net947,352.59µm
_25082_,352.49µm
_06790_,352.47µm
net384,352.39µm
net1559,352.39µm
_06399_,352.38µm
_17548_,352.21µm
exit_value_int\[0\],352.15µm
_06412_,352.08µm
_05916_,351.98µm
_25832_,351.88µm
_16342_,351.83µm
net804,351.78µm
_06526_,351.57µm
_16323_,351.38µm
_14340_,351.37µm
net666,351.32µm
_14319_,351.27µm
net1496,351.27µm
i_core_v_mini_mcu.ao_peripheral_subsystem_i.tdu_i.task_mem\[3\]\[9\],350.95µm
clknet_4_4_0_i_core_v_mini_mcu.cpu_subsystem_i.cpu_1_0.clk_i,350.81µm
net1422,350.76µm
net387,350.66µm
net403,350.66µm
_07548_,350.58µm
net1323,350.41µm
net1519,350.36µm
net280,350.3µm
net940,350.28µm
_18448_,350.05µm
net1705,349.69µm
net936,349.59µm
i_core_v_mini_mcu.ao_peripheral_subsystem_i.tdu_i.task_mem\[4\]\[4\],349.47µm
_23204_,349.43µm
_10756_,349.28µm
net1031,349.28µm
net1588,349.28µm
_07308_,349.18µm
_16320_,348.94µm
i_core_v_mini_mcu.peripheral_subsystem_i.obi_fifo_i.consumer_data_req\[36\],348.93µm
_26067_,348.67µm
net1467,348.57µm
net253,348.54µm
net641,348.42µm
_25769_,348.21µm
net769,348.01µm
net1609,348.01µm
net398,347.69µm
_18901_,347.5µm
_07000_,347.4µm
_21197_,347.14µm
_22449_,347.07µm
net1715,347.04µm
_10618_,346.93µm
_14410_,346.43µm
_10592_,346.23µm
_06981_,346.18µm
net954,346.12µm
net755,346.02µm
net1658,345.92µm
_23215_,345.82µm
net955,345.82µm
net1691,345.72µm
_15620_,345.59µm
_11001_,345.28µm
net1580,345.21µm
_10878_,345.11µm
clknet_4_8_0_i_core_v_mini_mcu.cpu_subsystem_i.cpu_1_0.clk_i,345.11µm
clknet_4_2_0_i_core_v_mini_mcu.memory_subsystem_i.clk_cg,345.01µm
_25500_,344.65µm
net1274,344.55µm
i_core_v_mini_mcu.ao_peripheral_subsystem_i.tdu_i.task_mem\[5\]\[2\],344.55µm
_26497_,344.5µm
net1591,344.34µm
_25855_,344.14µm
clknet_4_10_0_i_core_v_mini_mcu.memory_subsystem_i.clk_cg,344.09µm
_18862_,344.04µm
net187,344.04µm
net1651,344.04µm
net640,343.48µm
net726,343.48µm
net1678,343.43µm
net1539,343.07µm
net454,343.02µm
net1605,343.02µm
net1655,343.02µm
_10510_,342.68µm
_11298_,342.51µm
_23182_,342.51µm
_23063_,342.4µm
net643,342.26µm
i_core_v_mini_mcu.ao_peripheral_subsystem_i.spi_subsystem_i.obi_spimemio_i.cfgreg_do\[31\],342.21µm
_10586_,342.16µm
net707,341.85µm
clknet_4_7_0_i_core_v_mini_mcu.cpu_subsystem_i.cpu_0_0.clk_i,341.85µm
_12656_,341.75µm
_10998_,341.23µm
clknet_4_3_0_i_core_v_mini_mcu.cpu_subsystem_i.cpu_0_0.clk_i,341.14µm
_14405_,341.09µm
_12511_,340.98µm
_06929_,340.83µm
_11351_,340.83µm
_24234_,340.83µm
net981,340.83µm
net1524,340.78µm
_22635_,340.36µm
net933,340.17µm
_12347_,340.12µm
clknet_4_15_0_i_core_v_mini_mcu.memory_subsystem_i.clk_cg,340.12µm
_20454_,339.66µm
_14330_,339.46µm
net742,339.31µm
_21121_,339.2µm
net554,339µm
net1659,338.9µm
_25841_,338.8µm
_25052_,338.54µm
net1129,338.54µm
net213,338.49µm
_14312_,338.44µm
net1631,338.44µm
_10856_,338.39µm
_10833_,338.19µm
net917,338.13µm
_06916_,338.08µm
_12496_,337.98µm
net854,337.93µm
_12397_,337.81µm
i_core_v_mini_mcu.peripheral_subsystem_i.obi_fifo_i.consumer_data_req\[23\],337.78µm
net1636,337.52µm
_24079_,336.86µm
_14139_,336.81µm
_18433_,336.71µm
i_core_v_mini_mcu.peripheral_subsystem_i.obi_fifo_i.consumer_data_req\[11\],336.71µm
_18351_,336.56µm
_26592_,336.56µm
_11383_,336.35µm
_06484_,336.3µm
_24115_,336.3µm
net1436,336.3µm
_17552_,336.1µm
_18434_,336µm
net1305,336µm
net385,335.74µm
net1617,335.69µm
_22508_,335.64µm
net526,335.59µm
_20750_,335.33µm
_06619_,335.23µm
_07599_,335.13µm
clknet_4_9_0_i_core_v_mini_mcu.cpu_subsystem_i.cpu_1_0.clk_i,335.13µm
net1425,335.08µm
_13924_,334.98µm
i_core_v_mini_mcu.peripheral_subsystem_i.obi_fifo_i.consumer_data_req\[0\],334.98µm
_14082_,334.88µm
clknet_4_12_0_i_core_v_mini_mcu.cpu_subsystem_i.cpu_0_0.clk_i,334.72µm
clknet_4_14_0_i_core_v_mini_mcu.memory_subsystem_i.clk_cg,334.57µm
clknet_4_11_0_i_core_v_mini_mcu.cpu_subsystem_i.cpu_0_0.clk_i,334.52µm
_23067_,334.37µm
net1454,334.32µm
net1722,334.32µm
net1712,334.26µm
_10595_,334.11µm
_22465_,334.11µm
_13915_,333.76µm
net806,333.61µm
net215,333.55µm
_15872_,333.45µm
i_core_v_mini_mcu.memory_subsystem_i.ram0_i.rdata_o\[19\],333.25µm
_06457_,333.04µm
_14158_,332.99µm
clknet_4_6_0_i_core_v_mini_mcu.memory_subsystem_i.clk_cg,332.99µm
_06885_,332.94µm
net1558,332.89µm
net1615,332.84µm
net501,332.79µm
net797,332.79µm
net1642,332.79µm
_12740_,332.67µm
net857,332.53µm
_12470_,332.4µm
_07039_,332.28µm
i_core_v_mini_mcu.ao_peripheral_subsystem_i.tdu_i.task_mem\[1\]\[9\],332.23µm
_10649_,332.18µm
_18909_,331.97µm
net1423,331.92µm
net1443,331.82µm
i_core_v_mini_mcu.ao_peripheral_subsystem_i.tdu_i.task_mem\[6\]\[4\],331.4µm
_12409_,330.83µm
_23955_,330.5µm
net662,330.5µm
_22645_,330.3µm
_14208_,330.24µm
i_core_v_mini_mcu.ao_peripheral_subsystem_i.tdu_i.task_mem\[7\]\[7\],330µm
_24238_,329.58µm
_20758_,329.53µm
_18204_,329.48µm
clknet_4_15_0_i_core_v_mini_mcu.cpu_subsystem_i.cpu_1_0.clk_i,329.48µm
_16942_,329.45µm
_11029_,329.38µm
net950,329.02µm
_05932_,328.92µm
_10885_,328.92µm
_22800_,328.92µm
_14040_,328.72µm
i_core_v_mini_mcu.cpu_subsystem_i.core_run_1_0,328.46µm
_10791_,328.41µm
_09154_,328.36µm
net1308,328.31µm
net1575,328.21µm
net1565,328.05µm
net918,328µm
net1324,327.52µm
_18182_,327.39µm
_06803_,327.24µm
net266,327.19µm
_12476_,326.68µm
net925,326.32µm
_06909_,326.17µm
net677,326.17µm
_16407_,326.12µm
_24261_,326.02µm
_21260_,325.91µm
_12724_,325.76µm
_15485_,325.74µm
_06472_,325.66µm
_17716_,325.61µm
i_core_v_mini_mcu.ao_peripheral_subsystem_i.tdu_i.task_mem\[2\]\[6\],325.51µm
_13973_,325.46µm
_20881_,325.46µm
i_core_v_mini_mcu.peripheral_subsystem_i.obi_fifo_i.consumer_data_req\[7\],325.41µm
net892,325.41µm
_25018_,325.4µm
clknet_4_14_0_i_core_v_mini_mcu.cpu_subsystem_i.cpu_0_0.clk_i,325.2µm
_24155_,325µm
_26080_,325µm
net500,325µm
net175,324.9µm
i_core_v_mini_mcu.peripheral_subsystem_i.obi_fifo_i.consumer_data_req\[8\],324.42µm
net1684,324.38µm
_24086_,324.03µm
_14032_,323.83µm
net1284,323.52µm
_09935_,323.47µm
_25913_,323.42µm
i_core_v_mini_mcu.peripheral_subsystem_i.obi_fifo_i.consumer_data_req\[19\],323.34µm
_05606_,323.32µm
net1372,323.32µm
i_core_v_mini_mcu.peripheral_subsystem_i.obi_fifo_i.consumer_data_req\[65\],323.29µm
net1551,323.22µm
_18899_,322.55µm
_16956_,322.54µm
net261,322.46µm
net415,322.26µm
_24131_,322.25µm
_06529_,322.2µm
_20752_,322.2µm
net185,322.15µm
i_core_v_mini_mcu.ao_peripheral_subsystem_i.spi_subsystem_i.obi_spimemio_i.cfgreg_do\[22\],322.05µm
_19351_,321.79µm
_27364_,321.69µm
_07283_,321.64µm
_18590_,321.64µm
_20754_,321.64µm
clknet_4_1_0_i_core_v_mini_mcu.cpu_subsystem_i.cpu_0_0.clk_i,321.64µm
_16363_,321.31µm
_14114_,321.03µm
net820,320.64µm
net172,320.62µm
net413,320.52µm
_20325_,320.11µm
net1593,320.06µm
_12746_,320.01µm
_12336_,319.96µm
net183,319.91µm
_10678_,319.89µm
i_core_v_mini_mcu.peripheral_subsystem_i.obi_fifo_i.consumer_data_req\[16\],319.41µm
_11218_,319.4µm
_07635_,319.1µm
_20743_,318.99µm
_25130_,318.94µm
_18907_,318.79µm
i_core_v_mini_mcu.ao_peripheral_subsystem_i.tdu_i.task_mem\[3\]\[7\],318.69µm
_24133_,318.48µm
_25986_,318.43µm
net473,318.28µm
_12486_,318.18µm
_18716_,318.18µm
_06925_,318.05µm
_24977_,317.92µm
net226,317.82µm
_27366_,317.77µm
net442,317.76µm
_25621_,317.72µm
net376,317.72µm
_13926_,317.65µm
i_core_v_mini_mcu.memory_subsystem_i.ram0_i.rdata_o\[18\],317.62µm
_07307_,317.26µm
net173,317.26µm
_23061_,317.21µm
_22486_,317.11µm
net692,316.96µm
net1538,316.9µm
_24249_,316.8µm
_14400_,316.75µm
clknet_4_3_0_i_core_v_mini_mcu.memory_subsystem_i.clk_cg,316.65µm
_24755_,316.54µm
net400,316.28µm
_23001_,316.19µm
net1545,315.99µm
_14095_,315.68µm
_10745_,315.58µm
net1376,315.58µm
net386,315.51µm
_20356_,315.48µm
_18549_,315.45µm
_27368_,315.43µm
_13918_,315.38µm
_21402_,315.26µm
net536,315.23µm
i_core_v_mini_mcu.peripheral_subsystem_i.uart_i.reg2hw\[45\],314.97µm
net943,314.97µm
_16975_,314.92µm
clknet_4_12_0_i_core_v_mini_mcu.memory_subsystem_i.clk_cg,314.92µm
net1590,314.82µm
_21377_,314.6µm
_20621_,314.56µm
_25416_,314.39µm
i_core_v_mini_mcu.ao_peripheral_subsystem_i.tdu_i.task_mem\[4\]\[8\],314.21µm
net1314,313.98µm
net1464,313.95µm
_14113_,313.9µm
_13757_,313.8µm
i_core_v_mini_mcu.peripheral_subsystem_i.obi_fifo_i.consumer_data_req\[14\],313.8µm
clknet_4_9_0_i_core_v_mini_mcu.memory_subsystem_i.clk_cg,313.75µm
_17365_,313.62µm
_14121_,313.51µm
net414,313.46µm
_10605_,313.39µm
_24186_,313.39µm
clknet_4_11_0_i_core_v_mini_mcu.peripheral_subsystem_i.clk_cg,313.34µm
_11355_,313.29µm
_12599_,313.14µm
_24464_,313.14µm
_07276_,313.09µm
_12377_,312.96µm
clknet_4_4_0_i_core_v_mini_mcu.memory_subsystem_i.clk_cg,312.93µm
clknet_5_17__leaf_clk_i_regs,312.88µm
net1311,312.81µm
_26297_,312.73µm
_10648_,312.68µm
_14288_,312.32µm
_27449_,312.17µm
net847,312.07µm
net1637,311.86µm
net206,311.78µm
_21386_,311.71µm
_10794_,311.61µm
net1693,311.61µm
_12356_,311.51µm
i_core_v_mini_mcu.ao_peripheral_subsystem_i.soc_ctrl_i.soc_ctrl_reg_top_i.system_frequency_hz_qs\[26\],311.41µm
net1461,311.41µm
_12363_,311.27µm
_14217_,311.25µm
_26143_,311µm
net1695,310.87µm
clknet_4_5_0_i_core_v_mini_mcu.peripheral_subsystem_i.clk_cg,310.85µm
_18757_,310.78µm
net1633,310.71µm
net1627,310.62µm
_06445_,310.49µm
_16441_,310.49µm
_14233_,310.44µm
net1708,310.39µm
_06178_,310.34µm
_10702_,310.34µm
_10792_,310.16µm
_07585_,310.01µm
net1037,309.98µm
_09200_,309.83µm
_23379_,309.83µm
net25,309.83µm
_14042_,309.47µm
_14499_,309.42µm
_16452_,309.42µm
_12357_,309.37µm
_12311_,309.32µm
net784,309.27µm
net1420,309.27µm
_18353_,309.24µm
net1414,309.12µm
net953,309.01µm
_25772_,308.81µm
net537,308.78µm
clknet_4_0_0_i_core_v_mini_mcu.memory_subsystem_i.clk_cg,308.71µm
_26141_,308.4µm
net1482,308.26µm
_27514_,308.25µm
net1508,308.2µm
_13851_,308.13µm
net1606,307.74µm
_20591_,307.54µm
net23,307.54µm
_22801_,307.33µm
_08845_,307.23µm
_12320_,307.18µm
_11375_,307.13µm
_25283_,307.13µm
_11378_,307.08µm
_20433_,307.08µm
net1375,307.08µm
net186,307.03µm
net704,306.93µm
net1476,306.93µm
_06475_,306.75µm
_18400_,306.75µm
net862,306.73µm
_27558_,306.57µm
_14125_,306.47µm
net1497,306.47µm
net1581,306.47µm
net1304,306.46µm
_22500_,306.3µm
_06728_,306.16µm
_12432_,306.15µm
_14072_,306.11µm
_25628_,306.11µm
_20365_,306.06µm
clknet_4_2_0_i_core_v_mini_mcu.cpu_subsystem_i.cpu_1_0.clk_i,306.01µm
net201,305.96µm
clknet_3_7_0_clk_i_regs,305.96µm
_14118_,305.86µm
_18244_,305.86µm
_14160_,305.76µm
clknet_4_12_0_i_core_v_mini_mcu.peripheral_subsystem_i.clk_cg,305.76µm
_05842_,305.2µm
_23056_,305.2µm
_25245_,304.99µm
_12693_,304.94µm
net1106,304.84µm
net24,304.8µm
i_core_v_mini_mcu.cpu_subsystem_i.cpu_0_0.i_servile.o_rf_raddr\[2\],304.74µm
net184,304.74µm
net1434,304.74µm
_18673_,304.69µm
_14119_,304.64µm
clknet_4_8_0_i_core_v_mini_mcu.cpu_subsystem_i.cpu_0_0.clk_i,304.38µm
_27408_,304.33µm
_26079_,304.28µm
_27911_,304.23µm
net1675,304.23µm
net1348,304.06µm
_24863_,303.82µm
net276,303.77µm
_09548_,303.72µm
_18507_,303.67µm
net597,303.57µm
_06486_,303.44µm
_14561_,303.31µm
_06836_,302.65µm
_07484_,302.09µm
_16413_,302.09µm
clknet_4_9_0_i_core_v_mini_mcu.cpu_subsystem_i.cpu_0_0.clk_i,302.09µm
_24862_,301.83µm
_04636_,301.63µm
_07004_,301.38µm
_06847_,301.07µm
_18245_,301.04µm
net927,300.92µm
_17500_,300.87µm
net703,300.87µm
_12332_,300.82µm
_24366_,300.72µm
net1578,300.56µm
clknet_4_12_0_i_core_v_mini_mcu.cpu_subsystem_i.cpu_1_0.clk_i,300.41µm
_21663_,300.31µm
_10846_,300.26µm
net799,300.26µm
net1483,300.26µm
_06924_,300.2µm
net665,299.85µm
_10632_,299.8µm
net878,299.75µm
_07436_,299.59µm
_16071_,299.34µm
net1603,299.29µm
_14303_,299.24µm
clknet_5_24__leaf_clk_i_regs,299.19µm
i_core_v_mini_mcu.memory_subsystem_i.ram0_i.rdata_o\[17\],299.09µm
_15195_,298.93µm
_12737_,298.83µm
_19870_,298.78µm
net1682,298.78µm
net1507,298.73µm
i_core_v_mini_mcu.ao_peripheral_subsystem_i.spi_subsystem_i.obi_spimemio_i.cfgreg_do\[21\],298.58µm
i_core_v_mini_mcu.ao_peripheral_subsystem_i.tdu_i.task_mem\[4\]\[3\],298.53µm
i_core_v_mini_mcu.peripheral_subsystem_i.uart_i.reg2hw\[41\],298.12µm
i_core_v_mini_mcu.memory_subsystem_clkgate_en_n,298.07µm
i_core_v_mini_mcu.peripheral_subsystem_i.obi_fifo_i.consumer_data_req\[31\],297.97µm
net1669,297.8µm
_27646_,297.66µm
_10918_,297.56µm
_23950_,297.56µm
_27413_,297.25µm
_19357_,297.15µm
_13984_,297µm
_16442_,297µm
clknet_4_3_0_i_core_v_mini_mcu.cpu_subsystem_i.cpu_1_0.clk_i,297µm
net538,296.9µm
_14763_,296.64µm
_24259_,296.59µm
_27362_,296.59µm
net1345,296.49µm
net1477,296.49µm
_06754_,296.34µm
_12362_,296.34µm
i_core_v_mini_mcu.ao_peripheral_subsystem_i.tdu_i.task_mem\[6\]\[5\],296.29µm
_06478_,296.1µm
_18458_,296.08µm
clknet_3_2_0_clk_i_regs,295.98µm
net897,295.93µm
_06611_,295.88µm
i_core_v_mini_mcu.memory_subsystem_i.ram0_i.rdata_o\[16\],295.73µm
_22890_,295.47µm
net923,295.47µm
_08512_,295.42µm
_10801_,295.27µm
net1310,295.22µm
_14038_,295.12µm
net1487,294.96µm
clknet_4_13_0_i_core_v_mini_mcu.cpu_subsystem_i.cpu_1_0.clk_i,294.86µm
_10763_,294.76µm
net670,294.76µm
_06205_,294.39µm
net1347,294.38µm
_20813_,294.3µm
_24563_,294.05µm
_11395_,293.64µm
net1504,293.64µm
clknet_4_5_0_i_core_v_mini_mcu.memory_subsystem_i.clk_cg,293.08µm
net1317,293.03µm
_13967_,293.02µm
net1484,292.98µm
net535,292.93µm
_13928_,292.88µm
_06689_,292.82µm
net935,292.57µm
_19323_,292.52µm
_06780_,292.48µm
_16044_,292.42µm
net1638,292.42µm
net1667,292.42µm
net181,292.29µm
_13910_,292.06µm
_23181_,291.82µm
_21271_,291.81µm
_20819_,291.65µm
clknet_4_10_0_i_core_v_mini_mcu.cpu_subsystem_i.cpu_1_0.clk_i,291.55µm
_06581_,291.44µm
_24866_,291.35µm
_05926_,290.84µm
_18798_,290.79µm
_06511_,290.53µm
_25001_,290.23µm
_08143_,290.13µm
i_core_v_mini_mcu.ao_peripheral_subsystem_i.tdu_i.task_mem\[2\]\[5\],290.13µm
net180,289.92µm
clknet_4_7_0_i_core_v_mini_mcu.memory_subsystem_i.clk_cg,289.77µm
_14477_,289.72µm
net1670,289.72µm
net459,289.67µm
_11993_,289.57µm
net939,289.51µm
_12557_,289.21µm
net921,289.16µm
net1694,289.16µm
_09660_,289.11µm
net938,289.11µm
net1312,289.06µm
_17361_,288.85µm
_06527_,288.75µm
_14234_,288.72µm
_12517_,288.65µm
net1028,288.6µm
net980,288.57µm
_16430_,288.5µm
_25252_,288.39µm
_05682_,288.29µm
_10736_,288.04µm
net1550,287.99µm
_10834_,287.53µm
_25158_,287.53µm
_07340_,287.48µm
_21183_,287.38µm
net856,286.9µm
_16375_,286.87µm
net585,286.87µm
_10727_,286.84µm
net209,286.77µm
net1307,286.61µm
_06396_,286.46µm
_11357_,286.46µm
_14166_,286.41µm
_24250_,286.41µm
_12499_,286.36µm
_14996_,286.31µm
_10880_,286.26µm
_15906_,286.26µm
_27438_,286.26µm
_21661_,285.9µm
_12455_,285.75µm
_05748_,285.65µm
_06404_,285.6µm
net157,285.6µm
_15433_,285.39µm
_10922_,285.24µm
_11361_,285.24µm
net512,285.14µm
_06162_,285.09µm
net948,284.88µm
_25546_,284.83µm
_10378_,284.73µm
_21572_,284.73µm
net946,284.63µm
net334,284.58µm
_07289_,284.53µm
_21287_,284.53µm
_12587_,284.45µm
net1342,284.37µm
_24245_,284.25µm
net230,284.1µm
_10721_,283.46µm
_05719_,283.41µm
clknet_4_11_0_i_core_v_mini_mcu.memory_subsystem_i.clk_cg,283.05µm
_24209_,283µm
exit_value_int\[2\],282.99µm
net951,282.95µm
_10339_,282.9µm
_23114_,282.74µm
_24211_,282.59µm
net1488,282.59µm
_15539_,282.54µm
_25251_,282.54µm
net1486,282.34µm
_13963_,282.24µm
i_core_v_mini_mcu.ao_peripheral_subsystem_i.tdu_i.task_mem\[5\]\[5\],282.11µm
_14127_,282.03µm
_06843_,281.93µm
_27484_,281.93µm
_16351_,281.83µm
net1316,281.83µm
_20490_,281.78µm
_10577_,281.68µm
_10435_,281.65µm
_18480_,281.42µm
net949,281.42µm
net1321,281.42µm
_14120_,281.4µm
_10598_,281.37µm
_10814_,281.33µm
i_core_v_mini_mcu.ao_peripheral_subsystem_i.periph_to_reg_i.r_rdata_d\[1\],281.32µm
i_core_v_mini_mcu.ao_peripheral_subsystem_i.tdu_i.task_mem\[1\]\[2\],281.29µm
net1671,281.27µm
net1344,281.22µm
_20442_,280.96µm
_20512_,280.86µm
net868,280.86µm
_13974_,280.78µm
net542,280.71µm
_16989_,280.66µm
net179,280.61µm
net968,280.3µm
net1529,280.15µm
_12342_,280.11µm
net10,280.05µm
_10871_,279.79µm
_22467_,279.79µm
_07690_,279.75µm
_06462_,279.64µm
_16603_,279.28µm
_15166_,279.23µm
net1526,279.23µm
_20756_,279.21µm
_14530_,279.18µm
_16725_,279.08µm
_06047_,278.88µm
_25388_,278.67µm
net1502,278.47µm
_13919_,278.42µm
_24087_,278.01µm
clknet_3_0_0_clk_i_regs,278.01µm
_11003_,277.96µm
net12,277.91µm
_08824_,277.76µm
_25879_,277.5µm
_14178_,277.45µm
_23017_,277.4µm
net289,277.4µm
_12458_,277.25µm
net1006,276.89µm
net1318,276.84µm
_10333_,276.79µm
_24666_,276.74µm
net1402,276.69µm
_06914_,276.48µm
_14191_,276.33µm
_23203_,275.84µm
net1374,275.81µm
net1582,275.77µm
_09661_,275.67µm
net1699,275.57µm
_06813_,275.41µm
_12514_,275.21µm
clknet_4_8_0_i_core_v_mini_mcu.memory_subsystem_i.clk_cg,275.16µm
_06986_,275.11µm
net1373,275.11µm
net543,275.01µm
net298,274.83µm
_26944_,274.8µm
net1315,274.7µm
_06160_,274.45µm
net1233,274.45µm
_24871_,273.84µm
_07499_,273.68µm
_11354_,273.53µm
net1040,273.53µm
_19290_,273.48µm
_06185_,273.43µm
_19312_,273.38µm
net495,273.38µm
net987,273.07µm
_14898_,273.02µm
_15199_,272.97µm
_16368_,272.92µm
net202,272.92µm
_13959_,272.87µm
_24051_,272.82µm
clknet_3_6_0_clk_i_regs,272.82µm
_12764_,272.77µm
_12537_,272.41µm
net182,272.31µm
i_core_v_mini_mcu.core_data_req\[8\],271.9µm
net740,271.75µm
_16137_,271.34µm
_06030_,271.24µm
_20569_,271.24µm
net176,271.24µm
net368,271.19µm
_17520_,270.81µm
clknet_5_14__leaf_clk_i_regs,270.63µm
net291,270.56µm
net503,270.53µm
i_core_v_mini_mcu.core_data_req\[31\],269.97µm
_16721_,269.51µm
i_core_v_mini_mcu.ao_peripheral_subsystem_i.power_manager_i.power_manager_reg_top_i.cpu_switch_on_counter_qs\[0\],269.41µm
net498,269.41µm
_11390_,269.25µm
net915,269.25µm
net396,269.1µm
_05756_,268.85µm
_15335_,268.64µm
_25712_,268.62µm
_06846_,268.59µm
_06834_,268.55µm
net1424,268.49µm
_23000_,268.34µm
_09552_,268.24µm
_25880_,267.98µm
_25350_,267.93µm
_12447_,267.83µm
net1101,267.8µm
_21327_,267.75µm
net509,267.73µm
_06677_,267.57µm
_17920_,267.47µm
net1441,267.42µm
net222,267.37µm
_10713_,267.32µm
net1489,267.32µm
i_core_v_mini_mcu.peripheral_subsystem_clkgate_en_n,267.27µm
_05766_,267.01µm
_20380_,267.01µm
_24217_,267.01µm
_22698_,266.89µm
net967,266.86µm
_18186_,266.76µm
_12549_,266.71µm
i_core_v_mini_mcu.ao_peripheral_subsystem_i.tdu_i.task_mem\[0\]\[5\],266.71µm
_14247_,266.3µm
i_core_v_mini_mcu.peripheral_subsystem_i.uart_i.reg2hw\[88\],266.2µm
net1426,266.15µm
net513,266.14µm
net174,266.1µm
net1438,266.02µm
_25360_,265.79µm
_25883_,265.79µm
_25637_,265.74µm
net375,265.74µm
net508,265.64µm
_12338_,265.59µm
i_core_v_mini_mcu.ao_peripheral_subsystem_i.tdu_i.task_mem\[0\]\[2\],265.59µm
clknet_4_10_0_i_core_v_mini_mcu.peripheral_subsystem_i.clk_cg,265.59µm
_16382_,265.54µm
_25627_,265.43µm
_05706_,265.38µm
net1446,265.33µm
net1527,265.18µm
_23494_,265.03µm
net1541,265.03µm
net1481,264.93µm
_23054_,264.81µm
net156,264.81µm
_05730_,264.54µm
net469,264.47µm
net1429,264.47µm
net1440,264.47µm
net1738,264.45µm
_14196_,264.4µm
_27461_,264.27µm
net497,264.17µm
net1589,264.07µm
_13941_,264.06µm
_23482_,264.01µm
clknet_5_16__leaf_clk_i_regs,264.01µm
_06377_,263.91µm
_17477_,263.5µm
net1523,263.4µm
net15,263.25µm
_14077_,263.2µm
_25956_,262.94µm
_21367_,262.89µm
clknet_4_11_0_i_core_v_mini_mcu.cpu_subsystem_i.cpu_1_0.clk_i,262.79µm
_10820_,262.74µm
_12390_,262.74µm
net511,262.74µm
_15338_,262.66µm
net514,262.64µm
net1608,262.64µm
_06898_,262.53µm
_13890_,262.38µm
_22552_,262.34µm
_16465_,262.33µm
_15123_,262.23µm
net290,262.13µm
net160,262.08µm
_07278_,261.82µm
_24181_,261.77µm
_16984_,261.62µm
clknet_4_1_0_i_core_v_mini_mcu.memory_subsystem_i.clk_cg,261.41µm
_22469_,261.35µm
_09161_,261.31µm
net914,261.31µm
clknet_3_4_0_clk_i_regs,261.26µm
net1549,261.16µm
net1530,261.06µm
_07589_,261.04µm
net916,260.85µm
_09546_,260.81µm
_22075_,260.5µm
_06598_,260.29µm
_19301_,260.19µm
net510,260.14µm
net1726,259.99µm
_18313_,259.89µm
_19934_,259.73µm
_09199_,259.63µm
net378,259.48µm
net477,259.48µm
net901,259.48µm
net404,259.43µm
_10831_,259.38µm
_09550_,259.33µm
_11836_,259.33µm
_25354_,259.12µm
_09338_,259.02µm
_20535_,259.02µm
net896,258.97µm
_06293_,258.79µm
_10989_,258.77µm
net251,258.77µm
_06851_,258.46µm
_22837_,258.36µm
_14002_,258.26µm
_18223_,257.85µm
_08540_,257.75µm
net1256,257.75µm
_21560_,257.72µm
net194,257.65µm
net190,257.6µm
net1190,257.34µm
_22714_,257.29µm
_10843_,257.24µm
_21038_,257.21µm
_11444_,257.19µm
net1528,257.14µm
net496,257.09µm
_15162_,256.98µm
_22480_,256.83µm
_12579_,256.68µm
net532,256.68µm
_06781_,256.63µm
_06465_,256.6µm
net530,256.58µm
_06920_,256.53µm
net1428,256.48µm
_18840_,256.17µm
_06269_,256.12µm
_10661_,256.12µm
i_core_v_mini_mcu.cpu_subsystem_i.cpu_0_0.i_servile.arbiter.i_wb_cpu_dbus_we,256.12µm
_25317_,256.07µm
_05813_,256.02µm
_12450_,256.02µm
net18,255.97µm
net243,255.71µm
_14491_,255.56µm
net1583,255.56µm
net1685,255.56µm
_14999_,255.51µm
net434,255.51µm
net1579,255.33µm
_26266_,255.29µm
net1369,255.2µm
_06789_,254.9µm
_09617_,254.9µm
net423,254.85µm
net1448,254.85µm
net1459,254.85µm
_24262_,254.77µm
_21583_,254.64µm
net1599,254.64µm
net1005,254.54µm
_07149_,254.53µm
_23030_,254.44µm
_24974_,254.34µm
_06985_,254.29µm
net155,254.29µm
_22089_,254.08µm
net1442,253.98µm
_20633_,253.93µm
_14931_,253.83µm
net379,253.79µm
_05714_,253.47µm
_14256_,253.37µm
net1109,253.37µm
net1531,253.37µm
_16325_,253.27µm
net1410,253.12µm
net1501,252.81µm
_16333_,252.76µm
_10623_,252.71µm
i_core_v_mini_mcu.peripheral_subsystem_i.uart_i.reg2hw\[42\],252.71µm
net229,252.71µm
net159,252.56µm
net193,252.53µm
_27649_,252.5µm
_14153_,252.42µm
_07079_,252.3µm
net1706,252.3µm
_23452_,252.15µm
net237,252.15µm
net154,252.05µm
net1532,252.05µm
net161,252µm
_05539_,251.86µm
_17025_,251.79µm
net1395,251.64µm
_05780_,251.54µm
net1202,251.49µm
_27405_,251.23µm
_16606_,251.18µm
_11143_,251.13µm
net1191,250.98µm
net1542,250.88µm
spi_flash_sd_io[3],250.79µm
_08986_,250.67µm
_26850_,250.65µm
_04629_,250.62µm
_23015_,250.57µm
_12349_,250.52µm
_24032_,250.47µm
_23960_,250.11µm
_24246_,250.11µm
_13994_,249.91µm
i_core_v_mini_mcu.ao_peripheral_subsystem_i.tdu_i.task_mem\[6\]\[1\],249.51µm
net1566,249.51µm
_07046_,249.5µm
_18456_,249.3µm
_23072_,249.27µm
_14039_,249.2µm
_21175_,249.09µm
_06913_,248.99µm
i_core_v_mini_mcu.ao_peripheral_subsystem_i.tdu_i.task_mem\[0\]\[9\],248.99µm
_21311_,248.84µm
net292,248.79µm
_25165_,248.61µm
net1168,248.53µm
_26753_,248.48µm
_06782_,248.43µm
_20762_,248.33µm
_10574_,248.28µm
_07023_,248.23µm
clknet_5_30__leaf_clk_i_regs,248.18µm
_12312_,248.13µm
i_core_v_mini_mcu.core_data_req\[100\],248.08µm
_16468_,247.92µm
_18272_,247.92µm
_22867_,247.8µm
_12434_,247.57µm
_14558_,247.57µm
_08065_,247.52µm
_14928_,247.51µm
_21563_,247.41µm
_15868_,247.26µm
_18013_,247.26µm
_15212_,247.11µm
_10746_,247.01µm
_16272_,246.98µm
_27512_,246.75µm
net1027,246.65µm
net242,246.57µm
net1445,246.5µm
_05927_,246.44µm
_15535_,246.44µm
net515,246.4µm
_15032_,246.24µm
_18232_,246.14µm
clknet_5_27__leaf_clk_i_regs,246.04µm
_20760_,245.99µm
net934,245.99µm
net1598,245.99µm
_06411_,245.8µm
_17546_,245.78µm
_10600_,245.76µm
net1725,245.73µm
net1346,245.65µm
_07311_,245.63µm
_06480_,245.58µm
net192,245.48µm
i_core_v_mini_mcu.ao_peripheral_subsystem_i.periph_to_reg_i.r_rdata_d\[4\],245.43µm
net1405,245.38µm
net5,245.33µm
clknet_5_28__leaf_clk_i_regs,245.33µm
_05659_,245.04µm
clknet_5_31__leaf_clk_i_regs,244.92µm
i_core_v_mini_mcu.memory_subsystem_i.ram0_i.rdata_o\[29\],244.87µm
net422,244.77µm
_06602_,244.56µm
_18084_,244.51µm
_10986_,244.41µm
net1687,244.41µm
_20316_,244.21µm
net1400,244.21µm
_27430_,243.95µm
net959,243.95µm
net1044,243.85µm
_13971_,243.8µm
_14085_,243.75µm
_24913_,243.7µm
i_core_v_mini_mcu.peripheral_subsystem_i.uart_i.reg2hw\[40\],243.7µm
_10534_,243.25µm
_10679_,243.24µm
net421,243.14µm
_07142_,243.09µm
_18267_,242.91µm
i_core_v_mini_mcu.memory_subsystem_i.ram0_i.rdata_o\[5\],242.86µm
net1662,242.73µm
net1525,242.68µm
_15468_,242.63µm
net397,242.58µm
_05943_,242.53µm
_27356_,242.53µm
_14200_,242.48µm
_06502_,242.31µm
_06831_,242.27µm
_09408_,242.17µm
net1720,242.17µm
_15769_,242.07µm
_23414_,241.97µm
i_core_v_mini_mcu.ao_peripheral_subsystem_i.periph_to_reg_i.r_rdata_d\[2\],241.97µm
_09631_,241.96µm
_17024_,241.86µm
_07241_,241.83µm
_17847_,241.76µm
_14971_,241.69µm
_26754_,241.66µm
_07300_,241.46µm
clknet_3_5_0_clk_i_regs,241.46µm
net231,241.36µm
_08982_,241.15µm
_12368_,241µm
net235,240.91µm
spi_flash_sd_io[2],240.71µm
net158,240.29µm
net210,240.13µm
_09485_,239.83µm
_10910_,239.83µm
net1382,239.73µm
net1383,239.68µm
net907,239.47µm
_06481_,239.43µm
_07543_,239.37µm
_12461_,239.37µm
_07689_,239.22µm
_10371_,239.22µm
i_core_v_mini_mcu.ao_peripheral_subsystem_i.periph_to_reg_i.r_rdata_d\[3\],239.17µm
_22891_,239.12µm
net221,239.12µm
_25382_,238.91µm
net188,238.81µm
clknet_4_6_0_i_core_v_mini_mcu.peripheral_subsystem_i.clk_cg,238.81µm
_13771_,238.73µm
_10700_,238.61µm
_10840_,238.1µm
_18305_,238.1µm
i_core_v_mini_mcu.peripheral_subsystem_i.uart_i.reg2hw\[39\],238.05µm
_12917_,238µm
net1035,237.94µm
_06606_,237.79µm
_17917_,237.69µm
net1439,237.69µm
i_core_v_mini_mcu.memory_subsystem_i.ram0_i.rdata_o\[7\],237.59µm
_07279_,237.23µm
_10585_,237.13µm
_18180_,237.03µm
_13916_,236.98µm
_23903_,236.98µm
_20492_,236.67µm
_14086_,236.62µm
_27895_,236.57µm
_06605_,236.47µm
i_core_v_mini_mcu.ao_peripheral_subsystem_i.periph_to_reg_i.r_rdata_d\[5\],236.47µm
net178,236.47µm
_16424_,236.37µm
_16417_,236.16µm
_06806_,236.11µm
_23677_,236.11µm
_18851_,236.06µm
net979,236.06µm
_06865_,235.91µm
_07321_,235.86µm
_12411_,235.86µm
net444,235.86µm
_14793_,235.6µm
_21582_,235.55µm
_27927_,235.48µm
_08543_,235.35µm
_20818_,235.35µm
i_core_v_mini_mcu.ao_peripheral_subsystem_i.tdu_i.task_mem\[4\]\[18\],235.3µm
_20907_,235.25µm
_24928_,235.25µm
i_core_v_mini_mcu.ao_peripheral_subsystem_i.tdu_i.task_mem\[0\]\[3\],235.25µm
net191,235.25µm
_13859_,235.14µm
_16039_,235.09µm
_20609_,234.99µm
_14442_,234.94µm
net719,234.84µm
_08264_,234.79µm
_20594_,234.79µm
_12684_,234.74µm
_22893_,234.64µm
_27427_,234.59µm
_19926_,234.48µm
_11373_,234.43µm
_20355_,234.23µm
_22865_,234.23µm
_12159_,234.02µm
net1466,233.82µm
net1301,233.72µm
net1535,233.72µm
_12412_,233.67µm
_06783_,233.51µm
net811,233.31µm
_17784_,233.21µm
_07979_,233.01µm
_22895_,233.01µm
_14659_,232.75µm
_20570_,232.65µm
_24767_,232.5µm
_07470_,232.4µm
_13913_,232.4µm
_23115_,232.34µm
_14031_,232.19µm
_15400_,232.19µm
clknet_3_3_0_clk_i_regs,232.09µm
_08707_,232.04µm
_07542_,231.99µm
i_core_v_mini_mcu.memory_subsystem_i.ram0_i.rdata_o\[30\],231.99µm
net1056,231.99µm
_27496_,231.94µm
i_core_v_mini_mcu.ao_peripheral_subsystem_i.tdu_i.task_mem\[2\]\[1\],231.77µm
_21015_,231.76µm
_17887_,231.73µm
_21528_,231.63µm
i_core_v_mini_mcu.ao_peripheral_subsystem_i.tdu_i.task_mem\[3\]\[2\],231.62µm
_17949_,231.53µm
_06603_,231.48µm
_08751_,231.48µm
_23192_,231.44µm
_12403_,231.43µm
_05718_,231.38µm
_08791_,231.38µm
_05835_,231.33µm
_27261_,231.33µm
_21143_,231.17µm
_26097_,230.97µm
net971,230.97µm
net1300,230.97µm
_18077_,230.92µm
net1397,230.82µm
_08761_,230.77µm
net1404,230.77µm
_16046_,230.64µm
_14194_,230.5µm
_13969_,230.46µm
_17395_,230.46µm
_15669_,230.36µm
_21017_,230.31µm
i_core_v_mini_mcu.ao_peripheral_subsystem_i.tdu_i.task_mem\[0\]\[17\],230.31µm
i_core_v_mini_mcu.cpu_subsystem_i.cpu_1_0.i_servile.cpu.alu.i_rs1,230.31µm
_07634_,230.26µm
_07294_,229.86µm
_17362_,229.8µm
_09580_,229.65µm
_09936_,229.49µm
i_core_v_mini_mcu.peripheral_subsystem_i.uart_i.reg2hw\[91\],229.39µm
_13764_,229.35µm
_14241_,229.2µm
_06410_,229.19µm
_12483_,229.19µm
net203,229.14µm
_14368_,229.09µm
_09592_,229.04µm
_23214_,229.04µm
_17781_,228.73µm
_21580_,228.22µm
_06861_,228.17µm
_09879_,228.07µm
i_core_v_mini_mcu.ao_peripheral_subsystem_i.tdu_i.task_mem\[7\]\[2\],228.02µm
_06735_,227.97µm
i_core_v_mini_mcu.ao_peripheral_subsystem_i.tdu_i.task_mem\[4\]\[14\],227.77µm
_15672_,227.66µm
_18081_,227.61µm
_10591_,227.27µm
_17299_,227.25µm
net177,226.9µm
net245,226.9µm
clknet_4_9_0_i_core_v_mini_mcu.peripheral_subsystem_i.clk_cg,226.9µm
_16536_,226.69µm
_12325_,226.59µm
_16045_,226.54µm
_20000_,226.54µm
clknet_5_10__leaf_clk_i_regs,226.49µm
_14045_,226.44µm
_16637_,226.44µm
_08724_,226.39µm
clknet_0_clk_i,226.39µm
_08186_,226.34µm
_13968_,226.34µm
_16369_,226.34µm
_20488_,226.34µm
_10775_,226.29µm
_21729_,226.08µm
_22435_,226.03µm
net1485,225.98µm
net985,225.88µm
_11915_,225.83µm
_22795_,225.83µm
_23035_,225.83µm
_17543_,225.78µm
clknet_5_22__leaf_clk_i_regs,225.78µm
i_core_v_mini_mcu.memory_subsystem_i.ram0_i.rdata_o\[4\],225.73µm
net1544,225.73µm
_19890_,225.65µm
net1570,225.37µm
net1602,225.37µm
_15029_,225.32µm
_09601_,225.27µm
_23944_,225.27µm
i_core_v_mini_mcu.ao_peripheral_subsystem_i.tdu_i.task_mem\[0\]\[1\],225.22µm
spi_flash_sd_io[0],225.03µm
_07355_,224.93µm
_14524_,224.91µm
_18270_,224.81µm
_12371_,224.76µm
_14425_,224.66µm
i_core_v_mini_mcu.ao_peripheral_subsystem_i.tdu_i.task_mem\[5\]\[17\],224.61µm
net1401,224.61µm
_20640_,224.56µm
_09671_,224.5µm
_06910_,224.3µm
clknet_5_19__leaf_clk_i_regs,224.2µm
spi_flash_sd_io[1],223.96µm
i_core_v_mini_mcu.ao_peripheral_subsystem_i.tdu_i.task_mem\[2\]\[4\],223.69µm
_12816_,223.54µm
_07559_,223.46µm
_06822_,223.44µm
net250,223.44µm
_20515_,223.25µm
_20582_,223.23µm
_20457_,223.08µm
i_core_v_mini_mcu.ao_peripheral_subsystem_i.periph_to_reg_i.r_rdata_d\[0\],223.08µm
net119,223.08µm
net447,223.08µm
_14414_,222.93µm
_16676_,222.72µm
_22440_,222.67µm
_25286_,222.62µm
_24432_,222.57µm
_06248_,222.47µm
net1697,222.47µm
_06074_,222.42µm
_20815_,222.42µm
i_core_v_mini_mcu.ao_peripheral_slave_resp\[10\],222.42µm
net3,222.32µm
_21076_,222.16µm
clknet_4_0_0_i_core_v_mini_mcu.peripheral_subsystem_i.clk_cg,222.06µm
i_core_v_mini_mcu.core_data_req\[99\],221.96µm
_27499_,221.91µm
net1283,221.86µm
_07179_,221.83µm
_15538_,221.6µm
_17646_,221.55µm
i_core_v_mini_mcu.peripheral_subsystem_i.uart_i.uart_core.u_uart_txfifo.gen_normal_fifo.fifo_rptr\[1\],221.35µm
i_core_v_mini_mcu.ao_peripheral_slave_resp\[1\],221.3µm
_22986_,221.2µm
i_core_v_mini_mcu.ao_peripheral_subsystem_i.periph_to_reg_i.r_rdata_d\[20\],221.2µm
i_core_v_mini_mcu.ao_peripheral_subsystem_i.tdu_i.task_mem\[7\]\[5\],221.19µm
_18050_,220.99µm
_14313_,220.89µm
_21681_,220.89µm
_08853_,220.84µm
_08696_,220.74µm
_18633_,220.74µm
_05710_,220.69µm
_08109_,220.69µm
_04223_,220.67µm
net1391,220.64µm
_16007_,220.38µm
_06877_,220.33µm
i_core_v_mini_mcu.cpu_subsystem_i.cpu_1_0.i_servile.arbiter.i_wb_cpu_ibus_adr\[0\],220.33µm
i_core_v_mini_mcu.peripheral_subsystem_i.uart_i.u_reg.u_reg_if.a_ack,220.33µm
_06033_,220.28µm
_15772_,220.28µm
net402,220.28µm
_18249_,220.23µm
net1068,220.23µm
net1232,220.23µm
_08756_,220.18µm
net233,220.13µm
net239,220.08µm
_15534_,219.77µm
_21594_,219.72µm
net1407,219.62µm
_18873_,219.57µm
_17000_,219.52µm
_17649_,219.36µm
_06738_,219.29µm
_21686_,219.26µm
_07663_,219.21µm
_05876_,219.16µm
_23045_,219.12µm
_05715_,218.85µm
_21146_,218.7µm
_20328_,218.6µm
net1131,218.6µm
net1396,218.55µm
_12686_,218.5µm
_07541_,218.29µm
_14308_,218.29µm
_22784_,218.19µm
clknet_4_13_0_i_core_v_mini_mcu.peripheral_subsystem_i.clk_cg,218.14µm
_15973_,218.09µm
net1386,217.94µm
_12407_,217.89µm
i_core_v_mini_mcu.ao_peripheral_subsystem_i.periph_to_reg_i.r_rdata_d\[7\],217.89µm
net1571,217.84µm
_09020_,217.58µm
i_core_v_mini_mcu.memory_subsystem_i.ram0_i.rdata_o\[31\],217.43µm
_19288_,217.38µm
clknet_5_0__leaf_clk_i_regs,217.38µm
exit_value_int\[1\],217.33µm
_20618_,217.05µm
_17063_,216.97µm
_05711_,216.82µm
_08302_,216.82µm
net258,216.77µm
_15723_,216.46µm
net211,216.41µm
net1389,216.41µm
net1306,216.26µm
_10749_,215.7µm
_18407_,215.7µm
_14431_,215.6µm
net26,215.6µm
net1381,215.51µm
_12479_,215.47µm
_25048_,215.44µm
_27883_,215.44µm
_06785_,215.34µm
_07246_,215.34µm
_14796_,215.29µm
_17366_,215.29µm
clknet_4_3_0_i_core_v_mini_mcu.peripheral_subsystem_i.clk_cg,215.29µm
net1517,215.19µm
_12744_,215.14µm
net228,215.12µm
_18425_,215.09µm
_18239_,214.89µm
_16206_,214.78µm
i_core_v_mini_mcu.peripheral_slave_resp\[5\],214.73µm
i_core_v_mini_mcu.peripheral_subsystem_i.uart_i.reg2hw\[43\],214.68µm
net225,214.63µm
i_core_v_mini_mcu.ao_peripheral_slave_resp\[9\],214.53µm
net1554,214.53µm
_14238_,214.48µm
_16640_,214.37µm
_22437_,214.27µm
_17262_,214.22µm
_23962_,214.13µm
_07407_,213.97µm
_14137_,213.97µm
_16036_,213.81µm
_20214_,213.76µm
_25541_,213.76µm
net1437,213.61µm
_20656_,213.56µm
_05595_,213.46µm
_14198_,213.36µm
net1411,213.36µm
_09569_,213.2µm
i_core_v_mini_mcu.ao_peripheral_slave_resp\[0\],213µm
_08688_,212.9µm
_27429_,212.72µm
_16140_,212.64µm
net132,212.49µm
net958,212.44µm
_14409_,212.39µm
_06413_,212.34µm
_10621_,212.34µm
net205,212.29µm
_08766_,212.24µm
_15471_,212.17µm
_16420_,211.98µm
net200,211.93µm
_12381_,211.83µm
_20050_,211.83µm
_23134_,211.83µm
i_core_v_mini_mcu.peripheral_slave_resp\[17\],211.83µm
_14362_,211.73µm
_23675_,211.37µm
_08224_,211.32µm
_23118_,211.32µm
net1394,211.32µm
_11450_,211.27µm
_18203_,211.22µm
net1632,210.96µm
_14419_,210.89µm
clknet_3_1_0_clk_i_regs,210.86µm
_16004_,210.66µm
net468,210.66µm
net1573,210.66µm
net457,210.61µm
_12528_,210.56µm
_20669_,210.45µm
_14175_,210.2µm
_17850_,210.2µm
_07270_,210.15µm
_14220_,209.74µm
_05579_,209.69µm
net1427,209.69µm
_05397_,209.64µm
_07099_,209.64µm
_15331_,209.64µm
_09367_,209.54µm
_16451_,209.54µm
_17028_,209.28µm
_17952_,209.28µm
_22870_,209.28µm
_14662_,209.23µm
_09058_,209.18µm
_19123_,209.03µm
_20111_,209.03µm
i_core_v_mini_mcu.ao_peripheral_slave_resp\[12\],208.93µm
_06661_,208.88µm
_17429_,208.72µm
net1058,208.62µm
_08541_,208.52µm
i_core_v_mini_mcu.core_data_req\[97\],208.52µm
_24735_,208.37µm
_18246_,208.32µm
_18423_,208.32µm
i_core_v_mini_mcu.ao_peripheral_subsystem_i.tdu_i.task_mem\[4\]\[6\],208.23µm
i_core_v_mini_mcu.ao_peripheral_subsystem_i.tdu_i.task_mem\[0\]\[0\],208.04µm
_10587_,207.96µm
_14829_,207.91µm
_17029_,207.86µm
net466,207.85µm
_11197_,207.81µm
_08424_,207.76µm
_14240_,207.76µm
_27767_,207.76µm
_17259_,207.65µm
_06459_,207.6µm
_25206_,207.45µm
i_core_v_mini_mcu.peripheral_subsystem_i.uart_i.reg2hw\[72\],207.45µm
_17398_,207.4µm
_05661_,207.35µm
_12423_,207.3µm
net1393,207.3µm
_12445_,207.25µm
_25034_,206.94µm
_16169_,206.89µm
_19838_,206.89µm
net1147,206.84µm
_27166_,206.79µm
_05552_,206.76µm
_10361_,206.74µm
_12571_,206.74µm
net1399,206.69µm
_14380_,206.38µm
_14865_,206.38µm
_15703_,206.38µm
_06860_,206.33µm
net1509,206.3µm
_08743_,206.18µm
_08776_,206.18µm
_22863_,206.18µm
_12160_,205.92µm
_16813_,205.87µm
_16779_,205.82µm
_27426_,205.72µm
_20664_,205.67µm
_21498_,205.67µm
_13015_,205.62µm
net441,205.62µm
_07170_,205.57µm
clknet_leaf_66_clk_i_regs,205.54µm
_06701_,205.52µm
_08425_,205.52µm
_20400_,205.52µm
net1034,205.34µm
_14826_,205.31µm
_14888_,205.31µm
_18016_,205.21µm
_24332_,205.21µm
clknet_4_14_0_i_core_v_mini_mcu.peripheral_subsystem_i.clk_cg,205.21µm
_15639_,205.16µm
net1520,205.16µm
_13086_,205.06µm
_17542_,205.06µm
clknet_5_13__leaf_clk_i_regs,205.06µm
i_core_v_mini_mcu.core_data_req\[98\],205.01µm
_11164_,204.96µm
_07282_,204.85µm
i_core_v_mini_mcu.ao_peripheral_subsystem_i.tdu_i.task_mem\[7\]\[1\],204.72µm
_20663_,204.7µm
net989,204.7µm
_12502_,204.6µm
i_core_v_mini_mcu.peripheral_slave_resp\[8\],204.6µm
net212,204.6µm
net232,204.55µm
i_core_v_mini_mcu.cpu_subsystem_i.cpu_0_0.rf_ram_i.memory\[24\]\[0\],204.37µm
_09379_,204.12µm
_18819_,204.04µm
_14730_,203.99µm
_18674_,203.99µm
_21584_,203.99µm
clknet_4_8_0_i_core_v_mini_mcu.peripheral_subsystem_i.clk_cg,203.99µm
_19984_,203.94µm
_09608_,203.89µm
_14498_,203.84µm
_09402_,203.58µm
_06840_,203.55µm
net1751,203.53µm
net1298,203.48µm
net1547,203.47µm
_20848_,203.43µm
_27651_,203.38µm
_16172_,203.33µm
_27538_,203.28µm
_19615_,203.17µm
_15300_,203.02µm
net1521,202.99µm
_09156_,202.97µm
_22377_,202.97µm
net426,202.97µm
_10841_,202.92µm
_14629_,202.87µm
_19401_,202.87µm
_24971_,202.87µm
_07981_,202.82µm
net433,202.82µm
_17058_,202.77µm
_06882_,202.74µm
_07461_,202.72µm
_08172_,202.72µm
_10552_,202.41µm
i_core_v_mini_mcu.ao_peripheral_slave_resp\[14\],202.36µm
net1050,202.36µm
_07298_,202.31µm
_20608_,202.31µm
net81,202.31µm
_16927_,202.26µm
_25230_,202.21µm
net138,202.21µm
net1350,202.03µm
_23117_,201.95µm
net1584,201.9µm
_05401_,201.85µm
_09364_,201.75µm
_09484_,201.75µm
_18570_,201.75µm
i_core_v_mini_mcu.ao_peripheral_slave_resp\[5\],201.75µm
exit_value_int\[4\],201.7µm
net11,201.65µm
_17507_,201.39µm
_09623_,201.34µm
_16334_,201.19µm
_18116_,201.19µm
clknet_leaf_77_i_core_v_mini_mcu.memory_subsystem_i.clk_cg,201.19µm
i_core_v_mini_mcu.memory_subsystem_i.ram0_i.rdata_o\[25\],201.14µm
_08328_,201.09µm
_08990_,201.09µm
_21547_,200.97µm
_27433_,200.88µm
clknet_leaf_74_clk_i_regs,200.88µm
_05602_,200.81µm
_21455_,200.78µm
_16810_,200.68µm
i_core_v_mini_mcu.system_bus_i.gen_demux_xbar\[1\].demux_xbar_i.u_xbar_varlat.gen_inputs\[0\].i_addr_dec_resp_mux.gen_several_outputs.bank_sel_q,200.68µm
_16929_,200.63µm
_25077_,200.53µm
_22888_,200.48µm
net1562,200.48µm
_16564_,200.4µm
_18019_,200.4µm
_12329_,200.36µm
clknet_5_20__leaf_clk_i_regs,200.34µm
_16574_,200.27µm
_21564_,200.27µm
net1620,200.27µm
net1090,200.07µm
_09201_,200.04µm
_13837_,200.02µm
_18210_,200.02µm
_17538_,199.97µm
net6,199.97µm
_17432_,199.91µm
_13418_,199.56µm
net1049,199.56µm
_23513_,199.51µm
_26038_,199.46µm
i_core_v_mini_mcu.ao_peripheral_subsystem_i.periph_to_reg_i.r_rdata_d\[19\],199.46µm
net867,199.46µm
_17534_,199.41µm
_18285_,199.41µm
net1560,199.41µm
_19727_,199.33µm
_12615_,199.24µm
i_core_v_mini_mcu.ao_peripheral_subsystem_i.tdu_i.task_mem\[1\]\[6\],199.15µm
_17129_,199.1µm
_17357_,199.1µm
_14377_,199.01µm
i_core_v_mini_mcu.core_data_req\[94\],199µm
clknet_5_1__leaf_clk_i_regs,199µm
_08929_,198.95µm
net263,198.95µm
_20716_,198.9µm
net1450,198.85µm
_18047_,198.59µm
_27535_,198.59µm
_08548_,198.49µm
_15873_,198.49µm
_06282_,198.39µm
i_core_v_mini_mcu.ao_peripheral_subsystem_i.tdu_i.task_mem\[7\]\[4\],198.39µm
i_core_v_mini_mcu.peripheral_subsystem_i.obi_fifo_i.consumer_data_req\[67\],198.39µm
_22782_,198.36µm
_09278_,198.34µm
_05626_,198.29µm
net127,198.29µm
_14117_,198.24µm
_15449_,197.88µm
_16362_,197.83µm
net712,197.83µm
_15403_,197.78µm
net13,197.78µm
_14626_,197.72µm
_22374_,197.42µm
_15573_,197.37µm
_21483_,197.32µm
_12348_,197.22µm
_07955_,197.17µm
_16356_,197.01µm
_16707_,196.96µm
_17561_,196.81µm
_25128_,196.81µm
_12307_,196.66µm
_23199_,196.66µm
net189,196.66µm
clknet_leaf_78_clk_i_regs,196.66µm
_16539_,196.3µm
_10511_,196.25µm
_14695_,196.2µm
clknet_5_15__leaf_clk_i_regs,196.2µm
net1752,196.2µm
_06694_,196.02µm
_15706_,195.97µm
_06963_,195.74µm
_15570_,195.74µm
_17482_,195.74µm
_18113_,195.69µm
net1569,195.69µm
_18164_,195.67µm
_11501_,195.64µm
i_core_v_mini_mcu.peripheral_slave_resp\[14\],195.64µm
i_core_v_mini_mcu.ao_peripheral_subsystem_i.spi_subsystem_i.obi_spimemio_i.cfgreg_do\[20\],195.59µm
i_core_v_mini_mcu.ao_peripheral_subsystem_i.tdu_i.task_mem\[2\]\[2\],195.54µm
_10325_,195.49µm
_17126_,195.18µm
_12222_,195.03µm
_17158_,195.03µm
_20579_,195.03µm
net440,195.03µm
_08925_,194.98µm
_15235_,194.82µm
_18653_,194.57µm
net1388,194.52µm
_17161_,194.42µm
net224,194.34µm
_17881_,194.21µm
_18634_,194.06µm
i_core_v_mini_mcu.system_bus_i.system_xbar_i.gen_xbar_NtoM.i_xbar.gen_inputs\[3\].i_addr_dec_resp_mux.gen_several_outputs.bank_sel_q\[0\],194.04µm
_08247_,193.96µm
_10533_,193.96µm
_26288_,193.96µm
i_core_v_mini_mcu.core_data_req\[70\],193.96µm
_18581_,193.91µm
i_core_v_mini_mcu.ao_peripheral_subsystem_i.power_manager_i.power_manager_counter_sequence_cpu_iso_i.sequence_curr_state\[0\],193.91µm
_06494_,193.86µm
_11075_,193.81µm
_26687_,193.81µm
net721,193.81µm
net1371,193.81µm
net1586,193.81µm
_07821_,193.69µm
_07284_,193.63µm
_21079_,193.6µm
_20508_,193.5µm
_16571_,193.45µm
_21689_,193.45µm
_25519_,193.45µm
net1392,193.4µm
_23257_,193.35µm
_07888_,193.3µm
_07299_,193.25µm
net240,193.25µm
_20221_,192.94µm
_14161_,192.84µm
_06190_,192.74µm
_09888_,192.74µm
_22768_,192.74µm
i_core_v_mini_mcu.ao_peripheral_subsystem_i.power_manager_i.power_manager_reg_top_i.cpu_switch_on_counter_qs\[5\],192.74µm
_06833_,192.38µm
_09118_,192.38µm
net972,192.38µm
clknet_leaf_58_clk_i_regs,192.38µm
_15303_,192.33µm
i_core_v_mini_mcu.ao_peripheral_subsystem_i.power_manager_i.power_manager_reg_top_i.cpu_switch_off_counter_qs\[0\],192.28µm
_14488_,192.25µm
net1387,192.23µm
_21590_,192.18µm
_21703_,192.13µm
net1561,192.06µm
_20110_,191.97µm
net252,191.82µm
clknet_leaf_58_i_core_v_mini_mcu.memory_subsystem_i.clk_cg,191.82µm
net1235,191.81µm
_05530_,191.72µm
clknet_leaf_25_clk_i_regs,191.72µm
_12771_,191.67µm
i_core_v_mini_mcu.ao_peripheral_subsystem_i.power_manager_i.power_manager_reg_top_i.monitor_power_gate_periph_qs\[0\],191.67µm
_06003_,191.57µm
_16341_,191.57µm
_07781_,191.52µm
_08858_,191.36µm
_25065_,191.26µm
_13861_,191.21µm
net1731,191.16µm
_21169_,191.06µm
net246,191.06µm
clknet_4_7_0_i_core_v_mini_mcu.peripheral_subsystem_i.clk_cg,191.06µm
_07736_,190.96µm
i_core_v_mini_mcu.ao_peripheral_subsystem_i.power_manager_i.power_manager_reg_top_i.cpu_switch_on_counter_qs\[14\],190.96µm
net244,190.96µm
_19604_,190.93µm
i_core_v_mini_mcu.peripheral_subsystem_i.uart_i.reg2hw\[44\],190.83µm
_16504_,190.7µm
_05942_,190.55µm
_10340_,190.55µm
_13779_,190.5µm
i_core_v_mini_mcu.ao_peripheral_slave_resp\[7\],190.5µm
_12441_,190.45µm
_18311_,190.45µm
i_core_v_mini_mcu.core_data_req\[96\],190.45µm
_06801_,190.4µm
_15759_,190.37µm
_27372_,190.24µm
_11032_,189.99µm
net374,189.99µm
_09586_,189.94µm
net516,189.94µm
i_core_v_mini_mcu.peripheral_subsystem_i.obi_fifo_i.consumer_data_req\[6\],189.89µm
net999,189.86µm
i_core_v_mini_mcu.ao_peripheral_slave_resp\[2\],189.76µm
_14591_,189.68µm
_15368_,189.58µm
_16987_,189.58µm
net1001,189.58µm
_10384_,189.48µm
_19355_,189.48µm
_27602_,189.48µm
i_core_v_mini_mcu.system_bus_i.system_xbar_i.gen_xbar_NtoM.i_xbar.gen_inputs\[1\].i_addr_dec_resp_mux.gen_several_outputs.bank_sel_q\[0\],189.45µm
_17238_,189.43µm
_17480_,189.43µm
_07244_,189.38µm
_27770_,189.38µm
i_core_v_mini_mcu.ao_peripheral_subsystem_i.tdu_i.task_mem\[4\]\[16\],189.33µm
i_core_v_mini_mcu.peripheral_subsystem_i.uart_i.reg2hw\[46\],189.33µm
_05783_,189.31µm
net1380,189.28µm
_16239_,189.22µm
_07327_,189.07µm
clknet_leaf_52_i_core_v_mini_mcu.memory_subsystem_i.clk_cg,189.07µm
_23225_,188.97µm
clknet_5_9__leaf_clk_i_regs,188.94µm
_25274_,188.92µm
_27994_,188.89µm
_16672_,188.87µm
net463,188.87µm
_26976_,188.82µm
net1107,188.82µm
_06072_,188.77µm
net1378,188.77µm
_24817_,188.72µm
_21458_,188.56µm
_08814_,188.51µm
_17683_,188.46µm
_16983_,188.41µm
clknet_leaf_43_clk_i_regs,188.41µm
_10530_,188.39µm
_14036_,188.38µm
_27573_,188.36µm
net208,188.31µm
clknet_5_21__leaf_clk_i_regs,188.31µm
_07533_,188.26µm
_08457_,188.26µm
net1266,188.26µm
_24614_,188.21µm
net1377,188.16µm
_23050_,188.05µm
net428,188.03µm
_15940_,187.95µm
_13777_,187.9µm
_16847_,187.9µm
_05679_,187.88µm
_18717_,187.85µm
net1013,187.85µm
_17673_,187.75µm
_06830_,187.7µm
_26347_,187.65µm
i_core_v_mini_mcu.ao_peripheral_slave_resp\[13\],187.65µm
_07485_,187.62µm
_13575_,187.6µm
i_core_v_mini_mcu.ao_peripheral_subsystem_i.periph_to_reg_i.r_rdata_d\[12\],187.6µm
_18192_,187.48µm
_22443_,187.44µm
_12215_,187.39µm
_27432_,187.29µm
net1117,187.29µm
clknet_leaf_90_i_core_v_mini_mcu.memory_subsystem_i.clk_cg,187.29µm
_18198_,187.19µm
_08023_,187.14µm
_10724_,187.14µm
_12341_,187.09µm
i_core_v_mini_mcu.ao_peripheral_subsystem_i.periph_to_reg_i.r_rdata_d\[17\],187.04µm
_17910_,186.93µm
_18758_,186.78µm
_15213_,186.73µm
net720,186.73µm
_07472_,186.68µm
net1159,186.68µm
_06045_,186.63µm
_20254_,186.63µm
net1572,186.63µm
net1735,186.58µm
_24480_,186.53µm
_27758_,186.53µm
_21144_,186.32µm
_20432_,186.27µm
_14727_,186.12µm
i_core_v_mini_mcu.ao_peripheral_subsystem_i.power_manager_i.power_manager_reg_top_i.monitor_power_gate_ram_block_0_qs\[0\],186.02µm
net43,186.02µm
net204,186.02µm
_14080_,185.97µm
_21404_,185.97µm
clknet_5_12__leaf_clk_i_regs,185.85µm
_18778_,185.79µm
clknet_leaf_140_clk_i_regs,185.61µm
_09236_,185.51µm
_22430_,185.51µm
_06274_,185.46µm
i_core_v_mini_mcu.ao_peripheral_subsystem_i.periph_to_reg_i.r_rdata_d\[6\],185.46µm
net63,185.46µm
_26142_,185.41µm
i_core_v_mini_mcu.ao_peripheral_subsystem_i.tdu_i.task_mem\[2\]\[7\],185.36µm
_14434_,185.3µm
_16187_,185.2µm
net974,185.2µm
_14692_,185.15µm
_17717_,185.15µm
_19391_,185.15µm
_23457_,185.15µm
_05417_,185.1µm
i_core_v_mini_mcu.ao_peripheral_subsystem_i.tdu_i.task_mem\[3\]\[5\],185.06µm
_27400_,185.05µm
net992,185.05µm
net207,185.01µm
net1748,185µm
_10725_,184.95µm
i_core_v_mini_mcu.ao_peripheral_subsystem_i.tdu_i.task_mem\[1\]\[18\],184.95µm
net417,184.95µm
net1447,184.9µm
net216,184.85µm
net22,184.68µm
_18623_,184.59µm
_05873_,184.57µm
_14159_,184.45µm
_18509_,184.44µm
net1025,184.44µm
_09174_,184.36µm
_16400_,184.34µm
net937,184.34µm
_25752_,184.29µm
_17752_,184.13µm
net1059,184.11µm
_06012_,183.93µm
_15736_,183.93µm
_15970_,183.88µm
i_core_v_mini_mcu.ao_peripheral_subsystem_i.tdu_i.task_mem\[5\]\[6\],183.83µm
i_core_v_mini_mcu.core_data_req\[88\],183.83µm
i_core_v_mini_mcu.peripheral_slave_resp\[16\],183.78µm
net1114,183.78µm
_13976_,183.73µm
exit_value_int\[5\],183.73µm
net1390,183.73µm
_10005_,183.69µm
_14594_,183.42µm
_16393_,183.42µm
_06192_,183.32µm
net991,183.32µm
_18853_,183.27µm
net142,183.27µm
net1352,183.27µm
_14057_,183.22µm
i_core_v_mini_mcu.ao_peripheral_subsystem_i.periph_to_reg_i.r_rdata_d\[30\],183.22µm
_07532_,183.17µm
i_core_v_mini_mcu.ao_peripheral_subsystem_i.periph_to_reg_i.r_rdata_d\[9\],183.12µm
net94,182.99µm
clknet_leaf_89_clk_i_regs,182.96µm
_22762_,182.91µm
_15200_,182.86µm
_16269_,182.86µm
_10575_,182.81µm
_15232_,182.81µm
_21134_,182.74µm
_06869_,182.7µm
_07035_,182.66µm
_24695_,182.66µm
_15270_,182.61µm
_18241_,182.61µm
_21241_,182.61µm
net1379,182.61µm
clknet_5_3__leaf_clk_i_regs,182.56µm
net1673,182.56µm
_21077_,182.5µm
_16952_,182.38µm
_09647_,182.3µm
_05883_,182.15µm
_14481_,182.15µm
net424,182.15µm
_14098_,182.1µm
_17530_,182.1µm
_26194_,182.1µm
i_core_v_mini_mcu.ao_peripheral_subsystem_i.obi_fifo_i.consumer_resp_i\[33\],182.1µm
net234,182.1µm
net256,182.1µm
_07738_,182.05µm
_16236_,182.05µm
_26880_,182.05µm
_13935_,182µm
_25731_,182µm
_06934_,181.69µm
_18269_,181.69µm
net1162,181.69µm
_21785_,181.64µm
i_core_v_mini_mcu.ao_peripheral_subsystem_i.power_manager_i.power_manager_reg_top_i.cpu_reset_deassert_counter_qs\[0\],181.64µm
clknet_4_2_0_i_core_v_mini_mcu.peripheral_subsystem_i.clk_cg,181.64µm
_22439_,181.62µm
_08898_,181.59µm
i_core_v_mini_mcu.ao_peripheral_subsystem_i.tdu_i.task_mem\[5\]\[4\],181.59µm
net957,181.59µm
net1568,181.59µm
_25532_,181.44µm
_16950_,181.33µm
_27931_,181.28µm
_17060_,181.23µm
_19197_,181.13µm
_27863_,181.13µm
net1746,181.13µm
_08529_,181.08µm
_22256_,181.08µm
_17240_,181.03µm
_19874_,181.03µm
_08366_,180.98µm
net461,180.98µm
net1721,180.98µm
i_core_v_mini_mcu.ao_peripheral_slave_resp\[3\],180.93µm
_07584_,180.88µm
_10620_,180.88µm
_26830_,180.88µm
clknet_leaf_117_i_core_v_mini_mcu.cpu_subsystem_i.cpu_0_0.clk_i,180.62µm
net1734,180.62µm
_15838_,180.57µm
_09297_,180.53µm
_18474_,180.52µm
_10396_,180.47µm
i_core_v_mini_mcu.core_data_req\[87\],180.47µm
net1018,180.47µm
_06610_,180.42µm
_07339_,180.42µm
_18211_,180.42µm
i_core_v_mini_mcu.peripheral_slave_resp\[19\],180.42µm
clknet_leaf_118_i_core_v_mini_mcu.cpu_subsystem_i.cpu_1_0.clk_i,180.42µm
_26638_,180.37µm
_27749_,180.37µm
i_core_v_mini_mcu.ao_peripheral_subsystem_i.power_manager_i.power_manager_reg_top_i.cpu_switch_on_counter_qs\[4\],180.37µm
i_core_v_mini_mcu.cpu_subsystem_i.cpu_0_0.rf_ram_i.memory\[1\]\[0\],180.37µm
i_core_v_mini_mcu.cpu_subsystem_i.cpu_0_0.i_servile.cpu.ctrl.i_iscomp,180.32µm
_17224_,180.16µm
net970,180.11µm
_16844_,180.1µm
_22441_,180.06µm
clknet_5_5__leaf_clk_i_regs,180.06µm
_20261_,180.01µm
_28053_,180.01µm
_18685_,179.96µm
i_core_v_mini_mcu.memory_subsystem_i.ram0_i.rdata_o\[15\],179.96µm
i_core_v_mini_mcu.memory_subsystem_i.ram0_i.rdata_o\[23\],179.96µm
i_core_v_mini_mcu.core_data_req\[89\],179.91µm
net137,179.91µm
net220,179.91µm
_06990_,179.64µm
_19325_,179.6µm
_05546_,179.55µm
_27401_,179.55µm
_21603_,179.45µm
_19839_,179.4µm
_23423_,179.4µm
_09911_,179.35µm
net1574,179.35µm
_18927_,179.3µm
_26092_,179.3µm
i_core_v_mini_mcu.peripheral_slave_resp\[15\],179.3µm
net430,179.3µm
_06461_,179.27µm
_07581_,179.25µm
_09522_,179.25µm
_10505_,179.25µm
_23196_,179.25µm
_14527_,179.17µm
_09397_,179.12µm
_07281_,178.94µm
_16741_,178.94µm
net722,178.94µm
_10576_,178.84µm
i_core_v_mini_mcu.cpu_subsystem_i.cpu_1_0.i_servile.o_rf_raddr\[0\],178.84µm
_19399_,178.79µm
_25180_,178.79µm
i_core_v_mini_mcu.ao_peripheral_subsystem_i.power_manager_i.power_manager_reg_top_i.cpu_reset_deassert_counter_qs\[11\],178.79µm
net68,178.79µm
net140,178.74µm
_24714_,178.69µm
_14075_,178.64µm
_21044_,178.64µm
net9,178.64µm
_22442_,178.43µm
net993,178.43µm
_09604_,178.41µm
_07094_,178.38µm
_22565_,178.33µm
_13775_,178.28µm
_20816_,178.28µm
net1003,178.28µm
clknet_leaf_52_i_core_v_mini_mcu.cpu_subsystem_i.cpu_1_0.clk_i,178.28µm
net1351,178.28µm
_12898_,178.23µm
_27071_,178.23µm
_27860_,178.2µm
i_core_v_mini_mcu.memory_subsystem_i.ram0_i.rdata_o\[24\],178.18µm
_23188_,178.17µm
_11468_,178.13µm
_25834_,178.13µm
i_core_v_mini_mcu.memory_subsystem_i.ram0_i.rdata_o\[27\],178.13µm
_19904_,178.1µm
_06802_,178.08µm
i_core_v_mini_mcu.ao_peripheral_subsystem_i.mosaic_clint_i.mtimecmp_q\[85\],178µm
_27395_,177.97µm
_06555_,177.77µm
_24512_,177.67µm
i_core_v_mini_mcu.peripheral_subsystem_i.uart_i.reg2hw\[68\],177.67µm
clknet_5_4__leaf_clk_i_regs,177.62µm
_25127_,177.52µm
_09630_,177.36µm
_08580_,177.34µm
clknet_4_15_0_i_core_v_mini_mcu.peripheral_subsystem_i.clk_cg,177.29µm
net1742,177.26µm
_09883_,177.16µm
_15371_,177.16µm
net1513,177.16µm
_06485_,177.11µm
_06491_,177.06µm
_18394_,177.06µm
_13920_,177.01µm
net464,177.01µm
_15568_,176.96µm
_07223_,176.85µm
_22373_,176.7µm
_17327_,176.65µm
i_core_v_mini_mcu.ao_peripheral_subsystem_i.clint_mtime_o\[12\],176.65µm
net99,176.65µm
_20259_,176.6µm
i_core_v_mini_mcu.ao_peripheral_slave_resp\[6\],176.6µm
_25989_,176.55µm
_05424_,176.45µm
_26926_,176.45µm
_14073_,176.43µm
_26244_,176.4µm
_18307_,176.39µm
_16710_,176.24µm
_17612_,176.19µm
_19113_,176.19µm
_14429_,176.09µm
_18728_,176.09µm
_05538_,176.04µm
_06887_,176.04µm
_19966_,176.04µm
_06427_,175.99µm
net136,175.99µm
net420,175.99µm
_23397_,175.94µm
i_core_v_mini_mcu.ao_peripheral_subsystem_i.periph_to_reg_i.r_rdata_d\[8\],175.94µm
_09119_,175.89µm
_07740_,175.84µm
i_core_v_mini_mcu.memory_subsystem_i.ram0_i.rdata_o\[3\],175.84µm
_06838_,175.7µm
_17463_,175.63µm
_16203_,175.58µm
_06798_,175.53µm
_10386_,175.53µm
_18737_,175.48µm
_17815_,175.43µm
_27464_,175.43µm
i_core_v_mini_mcu.ao_peripheral_subsystem_i.power_manager_i.power_manager_reg_top_i.cpu_switch_on_counter_qs\[2\],175.43µm
net105,175.43µm
net1064,175.43µm
_10718_,175.38µm
net218,175.37µm
net7,175.33µm
_08343_,175.28µm
i_core_v_mini_mcu.peripheral_subsystem_i.uart_i.reg2hw\[69\],175.25µm
clknet_leaf_2_clk_i_regs,175.25µm
_25275_,175.22µm
_16878_,174.92µm
_05550_,174.87µm
_14361_,174.87µm
_19156_,174.87µm
clknet_leaf_59_clk_i_regs,174.87µm
_10465_,174.82µm
_10540_,174.82µm
_17273_,174.77µm
_21220_,174.77µm
delaynet_0_clk_i,174.77µm
_09621_,174.72µm
_21460_,174.46µm
clknet_leaf_72_clk_i_regs,174.41µm
i_core_v_mini_mcu.system_bus_i.gen_demux_xbar\[3\].demux_xbar_i.u_xbar_varlat.gen_inputs\[0\].i_addr_dec_resp_mux.gen_several_outputs.bank_sel_q,174.37µm
net247,174.36µm
clknet_leaf_87_clk_i_regs,174.36µm
_05592_,174.31µm
net75,174.31µm
_10560_,174.26µm
_22825_,174.26µm
_21148_,174.05µm
i_core_v_mini_mcu.ao_peripheral_subsystem_i.tdu_i.task_mem\[1\]\[11\],174.02µm
_16374_,173.85µm
_25126_,173.85µm
clknet_leaf_22_clk_i_regs,173.85µm
_14356_,173.8µm
i_core_v_mini_mcu.ao_peripheral_subsystem_i.periph_to_reg_i.r_rdata_d\[18\],173.75µm
_06134_,173.67µm
_18357_,173.65µm
_10633_,173.6µm
_15636_,173.54µm
_16776_,173.54µm
_21459_,173.49µm
_06451_,173.39µm
_23405_,173.39µm
net1053,173.39µm
_08544_,173.29µm
_23602_,173.24µm
net1153,173.24µm
net888,173.23µm
_07387_,173.19µm
net1066,173.19µm
_06359_,173.14µm
_25633_,173.09µm
_14003_,173.04µm
_17617_,172.93µm
_16881_,172.78µm
_20340_,172.78µm
_22387_,172.73µm
i_core_v_mini_mcu.ao_peripheral_slave_resp\[11\],172.68µm
_10604_,172.63µm
_07994_,172.58µm
_06525_,172.53µm
i_core_v_mini_mcu.ao_peripheral_subsystem_i.tdu_i.task_mem\[6\]\[7\],172.53µm
_15739_,172.32µm
net1020,172.27µm
net1567,172.27µm
_15927_,172.22µm
_17818_,172.22µm
_06972_,172.17µm
clknet_leaf_106_clk_i_regs,172.17µm
_20748_,172.07µm
_21502_,172.07µm
_23546_,172.07µm
i_core_v_mini_mcu.peripheral_subsystem_i.uart_i.uart_core.tx_uart_idle,172.07µm
_12642_,172.02µm
_13423_,172.02µm
_20056_,172.02µm
_20658_,172.02µm
_26784_,172.02µm
i_core_v_mini_mcu.peripheral_slave_resp\[7\],172.02µm
_10531_,171.92µm
_05533_,171.79µm
_06536_,171.74µm
net994,171.71µm
_15065_,171.66µm
_18875_,171.66µm
_20104_,171.61µm
_06812_,171.56µm
net78,171.56µm
i_core_v_mini_mcu.ao_peripheral_subsystem_i.tdu_i.task_mem\[5\]\[16\],171.51µm
_12504_,171.46µm
_07358_,171.41µm
_21437_,171.41µm
_27212_,171.41µm
_14245_,171.36µm
clknet_leaf_131_clk_i_regs,171.15µm
_08527_,171.05µm
_09169_,171.05µm
net1089,171.05µm
i_core_v_mini_mcu.ao_peripheral_subsystem_i.obi_fifo_i.consumer_data_req\[20\],171µm
i_core_v_mini_mcu.peripheral_slave_resp\[11\],171µm
_14566_,170.95µm
_17192_,170.95µm
_18694_,170.95µm
net66,170.95µm
clknet_leaf_42_clk_i_regs,170.94µm
i_core_v_mini_mcu.ao_peripheral_subsystem_i.power_manager_i.power_manager_reg_top_i.cpu_switch_on_counter_qs\[8\],170.9µm
_07919_,170.85µm
net219,170.85µm
net984,170.85µm
_08246_,170.8µm
_13912_,170.8µm
i_core_v_mini_mcu.ao_peripheral_subsystem_i.tdu_i.task_mem\[3\]\[0\],170.78µm
_16104_,170.64µm
net1596,170.49µm
net147,170.39µm
clknet_leaf_98_i_core_v_mini_mcu.memory_subsystem_i.clk_cg,170.39µm
_07171_,170.36µm
_07216_,170.24µm
_25888_,170.24µm
net494,170.03µm
_12420_,169.83µm
_12601_,169.83µm
_06505_,169.78µm
_27746_,169.73µm
i_core_v_mini_mcu.ao_peripheral_subsystem_i.tdu_i.task_mem\[0\]\[6\],169.73µm
_16436_,169.42µm
_17293_,169.37µm
_18472_,169.37µm
_11476_,169.32µm
net1160,169.32µm
_19389_,169.27µm
_18925_,169.22µm
i_core_v_mini_mcu.ao_peripheral_subsystem_i.periph_to_reg_i.r_rdata_d\[31\],169.17µm
i_core_v_mini_mcu.memory_subsystem_i.ram0_i.rdata_o\[6\],169.17µm
_07140_,168.95µm
_10329_,168.91µm
_16000_,168.91µm
net1543,168.91µm
_19521_,168.86µm
net399,168.76µm
net1140,168.76µm
clknet_leaf_3_clk_i_regs,168.76µm
clknet_leaf_25_i_core_v_mini_mcu.memory_subsystem_i.clk_cg,168.71µm
net1158,168.66µm
_19845_,168.58µm
clknet_leaf_7_i_core_v_mini_mcu.cpu_subsystem_i.cpu_0_0.clk_i,168.56µm
_17713_,168.4µm
_27397_,168.35µm
_19614_,168.3µm
_23395_,168.27µm
_20913_,168.25µm
_21478_,168.25µm
net1205,168.25µm
_08859_,168.2µm
_18539_,168.2µm
_19968_,168.2µm
_26447_,168.15µm
_05541_,168.1µm
_13637_,168.1µm
_14041_,168.1µm
_16327_,168.1µm
_21664_,168.1µm
net1309,168.1µm
_18886_,168.05µm
_19334_,168.05µm
_27752_,168.05µm
net976,168.05µm
_08289_,168µm
_13972_,168µm
_19645_,167.89µm
net1641,167.79µm
_15163_,167.74µm
_15937_,167.74µm
_19574_,167.74µm
i_core_v_mini_mcu.ao_peripheral_subsystem_i.clint_mtime_o\[49\],167.74µm
_18748_,167.69µm
_15405_,167.64µm
net1188,167.64µm
_27886_,167.54µm
_08475_,167.49µm
_25064_,167.28µm
_21567_,167.23µm
net986,167.23µm
_12327_,167.18µm
_15835_,167.18µm
_15097_,167.13µm
_09381_,167.08µm
_15062_,167.08µm
_15801_,167.08µm
_17580_,167.08µm
i_core_v_mini_mcu.core_data_req\[75\],167.08µm
_10331_,167.03µm
_14259_,167.03µm
_21101_,167.03µm
i_core_v_mini_mcu.core_data_req\[95\],167.03µm
_06378_,167µm
_07473_,166.98µm
i_core_v_mini_mcu.ao_peripheral_subsystem_i.obi_fifo_i.consumer_data_req\[27\],166.93µm
i_core_v_mini_mcu.ao_peripheral_subsystem_i.periph_to_reg_i.r_rdata_d\[13\],166.93µm
net419,166.93µm
_17466_,166.87µm
net898,166.77µm
_15605_,166.72µm
clknet_leaf_107_i_core_v_mini_mcu.memory_subsystem_i.clk_cg,166.62µm
_06775_,166.57µm
_15602_,166.57µm
clknet_leaf_97_clk_i_regs,166.57µm
_06011_,166.52µm
_10013_,166.52µm
_17884_,166.52µm
i_core_v_mini_mcu.core_data_req\[24\],166.52µm
net236,166.47µm
_05455_,166.42µm
_16344_,166.42µm
net1261,166.42µm
_16350_,166.37µm
_25023_,166.37µm
net128,166.37µm
_09593_,166.32µm
_26543_,166.32µm
clknet_leaf_92_i_core_v_mini_mcu.memory_subsystem_i.clk_cg,166.21µm
_19995_,166.16µm
net1115,166.11µm
i_core_v_mini_mcu.cpu_subsystem_i.cpu_0_0.i_servile.cpu.bufreg2.i_bytecnt\[0\],166.01µm
_20315_,165.96µm
_18644_,165.91µm
_19248_,165.91µm
net249,165.91µm
clknet_leaf_40_i_core_v_mini_mcu.cpu_subsystem_i.cpu_0_0.clk_i,165.91µm
_12593_,165.86µm
i_core_v_mini_mcu.ao_peripheral_subsystem_i.tdu_i.task_mem\[1\]\[4\],165.86µm
_13582_,165.81µm
_14134_,165.81µm
_18769_,165.8µm
net1409,165.76µm
_14850_,165.73µm
_05571_,165.63µm
_05497_,165.5µm
_22575_,165.5µm
_09432_,165.45µm
net1047,165.45µm
clknet_leaf_43_i_core_v_mini_mcu.cpu_subsystem_i.cpu_1_0.clk_i,165.45µm
_14204_,165.4µm
net115,165.35µm
_24310_,165.3µm
_27022_,165.3µm
net1150,165.3µm
clknet_leaf_93_clk_i_regs,165.3µm
_07477_,165.25µm
exit_value_int\[3\],165.25µm
_05917_,165.2µm
_12580_,165.2µm
_19449_,164.89µm
_14523_,164.84µm
_18489_,164.79µm
i_core_v_mini_mcu.memory_subsystem_i.ram0_i.rdata_o\[28\],164.79µm
net1730,164.79µm
i_core_v_mini_mcu.ao_peripheral_subsystem_i.tdu_i.task_mem\[3\]\[3\],164.74µm
clknet_4_1_0_i_core_v_mini_mcu.peripheral_subsystem_i.clk_cg,164.74µm
_13987_,164.72µm
_07285_,164.64µm
i_core_v_mini_mcu.ao_peripheral_subsystem_i.tdu_i.task_mem\[1\]\[7\],164.64µm
net238,164.64µm
net1510,164.38µm
_07683_,164.33µm
_19292_,164.33µm
_14471_,164.23µm
net1750,164.23µm
_14252_,164.18µm
_25333_,164.18µm
_09269_,164.13µm
_27761_,164.13µm
delaynet_1_clk_i,164.13µm
_19136_,164.03µm
_08090_,163.99µm
clknet_leaf_92_clk_i_regs,163.92µm
_21671_,163.82µm
_14315_,163.77µm
net541,163.77µm
_08867_,163.74µm
_15100_,163.72µm
i_core_v_mini_mcu.core_data_req\[76\],163.72µm
net427,163.72µm
_23148_,163.67µm
net1032,163.67µm
_15843_,163.62µm
_10120_,163.57µm
_18293_,163.57µm
i_core_v_mini_mcu.ao_peripheral_subsystem_i.power_manager_i.power_manager_reg_top_i.cpu_switch_on_counter_qs\[7\],163.57µm
net89,163.57µm
net143,163.57µm
clknet_5_6__leaf_clk_i_regs,163.57µm
_13964_,163.52µm
_17853_,163.36µm
_21514_,163.31µm
_21784_,163.31µm
_27412_,163.26µm
_07438_,163.21µm
_18402_,163.21µm
clknet_leaf_1_clk_i_regs,163.21µm
clknet_leaf_115_i_core_v_mini_mcu.cpu_subsystem_i.cpu_1_0.clk_i,163.21µm
_19405_,163.16µm
_09384_,163.11µm
_22444_,163.11µm
i_core_v_mini_mcu.ao_peripheral_subsystem_i.tdu_i.task_mem\[7\]\[8\],163.11µm
_14122_,163.09µm
_10757_,163.06µm
_13998_,163.06µm
_19846_,163.04µm
_06471_,163.01µm
_14173_,162.96µm
_19912_,162.75µm
_27941_,162.75µm
_22483_,162.7µm
_14771_,162.65µm
_20160_,162.65µm
clknet_leaf_54_i_core_v_mini_mcu.cpu_subsystem_i.cpu_1_0.clk_i,162.65µm
i_core_v_mini_mcu.core_data_req\[86\],162.6µm
net101,162.6µm
net973,162.6µm
_14078_,162.55µm
_27999_,162.55µm
i_core_v_mini_mcu.peripheral_slave_resp\[12\],162.55µm
net1415,162.55µm
_07266_,162.5µm
_12855_,162.5µm
_16381_,162.5µm
_18945_,162.5µm
_19363_,162.5µm
_19981_,162.5µm
net168,162.5µm
_22859_,162.45µm
i_core_v_mini_mcu.ao_peripheral_subsystem_i.tdu_i.task_mem\[5\]\[31\],162.45µm
net102,162.45µm
_08174_,162.4µm
_09013_,162.4µm
_23136_,162.4µm
clknet_leaf_63_i_core_v_mini_mcu.cpu_subsystem_i.cpu_0_0.clk_i,162.19µm
clknet_leaf_5_clk_i_regs,162.14µm
_17195_,162.09µm
_19126_,162.09µm
_20970_,162.09µm
net1046,162.09µm
clknet_leaf_34_i_core_v_mini_mcu.memory_subsystem_i.clk_cg,162.09µm
net166,162.04µm
_09480_,161.99µm
net1455,161.99µm
_10124_,161.94µm
_22910_,161.94µm
net100,161.94µm
_19208_,161.89µm
i_core_v_mini_mcu.ao_peripheral_subsystem_i.periph_to_reg_i.r_rdata_d\[16\],161.89µm
clknet_leaf_32_i_core_v_mini_mcu.memory_subsystem_i.clk_cg,161.59µm
net1215,161.58µm
clknet_leaf_88_i_core_v_mini_mcu.memory_subsystem_i.clk_cg,161.58µm
_14861_,161.53µm
clknet_leaf_19_clk_i_regs,161.53µm
_05713_,161.43µm
_21553_,161.43µm
_22822_,161.43µm
net91,161.43µm
_07275_,161.38µm
_22781_,161.38µm
_27755_,161.38µm
i_core_v_mini_mcu.ao_peripheral_subsystem_i.tdu_i.task_mem\[1\]\[16\],161.38µm
i_core_v_mini_mcu.core_data_req\[72\],161.38µm
net199,161.38µm
_13978_,161.28µm
_14324_,161.12µm
_20112_,161.12µm
_23140_,161.02µm
_16744_,160.97µm
_20152_,160.97µm
_23595_,160.97µm
_10462_,160.92µm
_14190_,160.88µm
_08418_,160.87µm
_14388_,160.87µm
_07068_,160.82µm
_12612_,160.82µm
_15806_,160.82µm
_26733_,160.82µm
_27307_,160.82µm
net196,160.82µm
_08380_,160.77µm
_07560_,160.72µm
_21744_,160.69µm
_20891_,160.61µm
clknet_leaf_85_clk_i_regs,160.56µm
_20445_,160.51µm
_21139_,160.51µm
net1051,160.51µm
_10536_,160.41µm
_06379_,160.36µm
_17984_,160.36µm
_23512_,160.36µm
clknet_leaf_108_i_core_v_mini_mcu.memory_subsystem_i.clk_cg,160.36µm
_17504_,160.31µm
_21615_,160.31µm
_27938_,160.31µm
_13587_,160.21µm
_14035_,160.21µm
_15086_,160.2µm
_08217_,160.16µm
_14327_,160.05µm
i_core_v_mini_mcu.ao_peripheral_subsystem_i.tdu_i.task_mem\[0\]\[4\],159.95µm
net969,159.85µm
_12248_,159.8µm
clknet_leaf_79_i_core_v_mini_mcu.memory_subsystem_i.clk_cg,159.8µm
_09874_,159.75µm
_15607_,159.75µm
_18864_,159.75µm
net1433,159.75µm
_07006_,159.7µm
_12539_,159.65µm
_25937_,159.6µm
_27589_,159.6µm
i_core_v_mini_mcu.ao_peripheral_subsystem_i.spi_subsystem_i.obi_spimemio_i.spimemio_i.xfer.flash_clk,159.39µm
net1052,159.39µm
clknet_leaf_17_clk_i_regs,159.39µm
_16624_,159.34µm
_18830_,159.34µm
net1036,159.34µm
net1063,159.29µm
_27396_,159.24µm
net517,159.24µm
_08535_,159.19µm
_19450_,159.19µm
_07067_,159.14µm
_07833_,159.14µm
i_core_v_mini_mcu.ao_peripheral_subsystem_i.tdu_i.task_mem\[0\]\[16\],159.14µm
_00005_,159.09µm
_06052_,159.09µm
_09185_,159.09µm
_13097_,159.09µm
_24414_,159.09µm
_07215_,159.04µm
_16497_,158.93µm
_08868_,158.88µm
_20048_,158.83µm
clknet_leaf_120_i_core_v_mini_mcu.cpu_subsystem_i.cpu_1_0.clk_i,158.83µm
_22771_,158.78µm
_06487_,158.73µm
_16507_,158.68µm
i_core_v_mini_mcu.peripheral_slave_resp\[30\],158.68µm
_06597_,158.58µm
i_core_v_mini_mcu.ao_peripheral_subsystem_i.periph_to_reg_i.r_rdata_d\[11\],158.58µm
i_core_v_mini_mcu.peripheral_subsystem_i.uart_i.reg2hw\[83\],158.58µm
net1319,158.58µm
_10184_,158.53µm
i_core_v_mini_mcu.memory_subsystem_i.ram0_i.rdata_o\[21\],158.53µm
clknet_5_2__leaf_clk_i_regs,158.53µm
clknet_5_29__leaf_clk_i_regs,158.53µm
_14415_,158.48µm
_27593_,158.48µm
_10344_,158.4µm
net1744,158.37µm
clknet_leaf_83_i_core_v_mini_mcu.memory_subsystem_i.clk_cg,158.27µm
net540,158.25µm
_17330_,158.22µm
_23623_,158.22µm
net1180,158.22µm
clknet_leaf_55_i_core_v_mini_mcu.cpu_subsystem_i.cpu_1_0.clk_i,158.22µm
_13768_,158.17µm
_15007_,158.12µm
_22764_,158.07µm
net1359,158.07µm
_17680_,158.02µm
_07586_,157.97µm
_25929_,157.97µm
net72,157.97µm
clknet_leaf_75_i_core_v_mini_mcu.cpu_subsystem_i.cpu_0_0.clk_i,157.86µm
_17981_,157.81µm
clknet_leaf_71_i_core_v_mini_mcu.cpu_subsystem_i.cpu_1_0.clk_i,157.81µm
clknet_leaf_16_i_core_v_mini_mcu.cpu_subsystem_i.cpu_0_0.clk_i,157.71µm
_15043_,157.66µm
_27399_,157.61µm
net1010,157.61µm
_11914_,157.56µm
_06839_,157.51µm
net267,157.46µm
net966,157.46µm
_07184_,157.41µm
_12868_,157.41µm
net507,157.41µm
_27742_,157.36µm
i_core_v_mini_mcu.ao_peripheral_subsystem_i.tdu_i.task_mem\[3\]\[4\],157.36µm
_08209_,157.34µm
_21515_,157.28µm
_16913_,157.25µm
_15686_,157.17µm
clknet_leaf_95_clk_i_regs,157.1µm
_21336_,157.05µm
clknet_leaf_105_i_core_v_mini_mcu.memory_subsystem_i.clk_cg,157.05µm
clknet_leaf_54_i_core_v_mini_mcu.memory_subsystem_i.clk_cg,157µm
i_core_v_mini_mcu.ao_peripheral_subsystem_i.power_manager_i.power_manager_reg_top_i.cpu_iso_on_counter_qs\[0\],156.95µm
_07705_,156.9µm
_10999_,156.9µm
_25434_,156.9µm
i_core_v_mini_mcu.ao_peripheral_subsystem_i.tdu_i.task_mem\[4\]\[9\],156.9µm
_07747_,156.85µm
_12621_,156.85µm
i_core_v_mini_mcu.memory_subsystem_i.ram0_i.rdata_o\[14\],156.85µm
_14155_,156.8µm
_18398_,156.8µm
net1212,156.79µm
_19218_,156.49µm
clknet_leaf_103_i_core_v_mini_mcu.memory_subsystem_i.clk_cg,156.49µm
_07844_,156.39µm
_19343_,156.39µm
net1197,156.39µm
_06140_,156.36µm
_08466_,156.34µm
_27773_,156.34µm
_08244_,156.29µm
_11521_,156.29µm
net124,156.24µm
_27377_,156.13µm
_24007_,156.08µm
clknet_leaf_37_i_core_v_mini_mcu.memory_subsystem_i.clk_cg,155.98µm
_07668_,155.96µm
_06889_,155.93µm
_16082_,155.93µm
_21596_,155.93µm
_22545_,155.93µm
_14485_,155.88µm
i_core_v_mini_mcu.core_data_req\[83\],155.88µm
clknet_leaf_85_i_core_v_mini_mcu.memory_subsystem_i.clk_cg,155.88µm
net1512,155.88µm
_06620_,155.83µm
_06881_,155.83µm
_10238_,155.83µm
clknet_leaf_24_i_core_v_mini_mcu.cpu_subsystem_i.cpu_0_0.clk_i,155.83µm
exit_value_int\[6\],155.8µm
_12585_,155.78µm
_19237_,155.78µm
i_core_v_mini_mcu.ao_peripheral_subsystem_i.tdu_i.task_mem\[5\]\[0\],155.78µm
net55,155.78µm
net1112,155.78µm
net1329,155.78µm
_19726_,155.73µm
net1076,155.73µm
_07151_,155.68µm
_09362_,155.68µm
_10699_,155.68µm
net1185,155.52µm
_12438_,155.42µm
_20159_,155.37µm
_21167_,155.32µm
net69,155.32µm
net76,155.27µm
_08810_,155.22µm
_06957_,155.17µm
_19369_,155.17µm
_20486_,155.17µm
net255,155.17µm
delaynet_2_clk_i,155.17µm
_07482_,155.12µm
_14239_,154.86µm
clknet_leaf_122_i_core_v_mini_mcu.cpu_subsystem_i.cpu_1_0.clk_i,154.86µm
net435,154.81µm
clknet_leaf_75_clk_i_regs,154.81µm
_08139_,154.77µm
_13889_,154.76µm
_07060_,154.71µm
_21555_,154.71µm
_07479_,154.66µm
_13696_,154.66µm
_16399_,154.66µm
_18392_,154.66µm
_24922_,154.66µm
i_core_v_mini_mcu.ao_peripheral_subsystem_i.periph_to_reg_i.r_rdata_d\[15\],154.66µm
net36,154.66µm
net144,154.66µm
_21130_,154.61µm
_27764_,154.61µm
i_core_v_mini_mcu.system_bus_i.system_xbar_i.gen_xbar_NtoM.i_xbar.gen_inputs\[1\].i_addr_dec_resp_mux.gen_several_outputs.bank_sel_q\[1\],154.61µm
net1536,154.61µm
net1011,154.5µm
_17793_,154.48µm
clknet_leaf_55_clk_i_regs,154.45µm
_06452_,154.35µm
clknet_leaf_56_i_core_v_mini_mcu.memory_subsystem_i.clk_cg,154.35µm
clknet_leaf_79_i_core_v_mini_mcu.cpu_subsystem_i.cpu_1_0.clk_i,154.3µm
clknet_leaf_51_i_core_v_mini_mcu.memory_subsystem_i.clk_cg,154.25µm
clknet_leaf_74_i_core_v_mini_mcu.cpu_subsystem_i.cpu_0_0.clk_i,154.25µm
_19353_,154.2µm
net924,154.2µm
net1151,154.2µm
_07891_,154.15µm
_18528_,154.15µm
_27851_,154.15µm
net122,154.15µm
_08979_,154.1µm
_09467_,154.1µm
clknet_leaf_68_i_core_v_mini_mcu.cpu_subsystem_i.cpu_0_0.clk_i,154.1µm
_08047_,154.05µm
_10616_,154.05µm
_23132_,154.02µm
i_core_v_mini_mcu.ao_peripheral_subsystem_i.periph_to_reg_i.r_rdata_d\[10\],154µm
_15687_,153.74µm
_19313_,153.74µm
clknet_leaf_59_i_core_v_mini_mcu.memory_subsystem_i.clk_cg,153.74µm
clknet_leaf_33_i_core_v_mini_mcu.memory_subsystem_i.clk_cg,153.69µm
_16359_,153.64µm
_20051_,153.64µm
_27898_,153.64µm
clknet_leaf_41_i_core_v_mini_mcu.cpu_subsystem_i.cpu_0_0.clk_i,153.64µm
_10526_,153.59µm
_18937_,153.59µm
_19345_,153.59µm
net52,153.59µm
_12534_,153.54µm
_23123_,153.54µm
net1218,153.54µm
_19379_,153.49µm
i_core_v_mini_mcu.peripheral_slave_resp\[10\],153.49µm
net17,153.49µm
_13803_,153.44µm
clknet_leaf_55_i_core_v_mini_mcu.memory_subsystem_i.clk_cg,153.28µm
_17733_,153.23µm
_19837_,153.23µm
i_core_v_mini_mcu.core_data_req\[71\],153.13µm
_06468_,153.08µm
_09158_,153.08µm
net70,153.08µm
net1209,153.08µm
i_core_v_mini_mcu.cpu_subsystem_i.cpu_1_0.i_servile.o_rf_raddr\[1\],153.03µm
net1169,153.03µm
_08884_,152.98µm
net169,152.98µm
_07033_,152.93µm
_21429_,152.93µm
_22906_,152.93µm
_23012_,152.93µm
i_core_v_mini_mcu.ao_peripheral_subsystem_i.tdu_i.task_mem\[3\]\[8\],152.93µm
i_core_v_mini_mcu.peripheral_subsystem_i.uart_i.reg2hw\[14\],152.93µm
_19072_,152.72µm
i_core_v_mini_mcu.ao_peripheral_subsystem_i.power_manager_i.power_manager_counter_sequence_cpu_iso_i.start_off_sequence_i,152.7µm
clknet_leaf_63_clk_i_regs,152.67µm
net1719,152.67µm
_19778_,152.62µm
clknet_leaf_53_i_core_v_mini_mcu.memory_subsystem_i.clk_cg,152.62µm
clknet_leaf_57_i_core_v_mini_mcu.memory_subsystem_i.clk_cg,152.62µm
_07665_,152.52µm
net167,152.52µm
_20001_,152.47µm
i_core_v_mini_mcu.memory_subsystem_i.ram0_i.rdata_o\[22\],152.47µm
net438,152.47µm
i_core_v_mini_mcu.peripheral_slave_resp\[9\],152.42µm
net16,152.42µm
net1214,152.42µm
_12707_,152.37µm
_06651_,152.32µm
i_core_v_mini_mcu.ao_peripheral_subsystem_i.power_manager_i.power_manager_reg_top_i.cpu_reset_deassert_counter_qs\[15\],152.32µm
i_core_v_mini_mcu.peripheral_slave_resp\[2\],152.14µm
_07476_,152.01µm
_21142_,152.01µm
i_core_v_mini_mcu.peripheral_subsystem_i.uart_i.reg2hw\[92\],151.96µm
clknet_leaf_77_i_core_v_mini_mcu.cpu_subsystem_i.cpu_1_0.clk_i,151.96µm
net1355,151.96µm
_05410_,151.91µm
_12323_,151.91µm
_12382_,151.91µm
i_core_v_mini_mcu.peripheral_subsystem_i.uart_i.reg2hw\[86\],151.91µm
_21288_,151.88µm
_05495_,151.86µm
_24170_,151.86µm
i_core_v_mini_mcu.ao_peripheral_slave_resp\[15\],151.86µm
i_core_v_mini_mcu.ao_peripheral_subsystem_i.tdu_i.task_mem\[1\]\[20\],151.86µm
_08096_,151.81µm
_08441_,151.81µm
_19393_,151.81µm
net71,151.81µm
_07432_,151.76µm
_16447_,151.68µm
_07343_,151.5µm
_22772_,151.45µm
i_core_v_mini_mcu.core_data_req\[84\],151.45µm
clknet_leaf_64_clk_i_regs,151.45µm
net900,151.4µm
net1743,151.4µm
net1546,151.35µm
_18550_,151.3µm
net531,151.3µm
_09565_,151.25µm
i_core_v_mini_mcu.peripheral_subsystem_i.uart_i.reg2hw\[74\],151.25µm
_13622_,151.2µm
clknet_leaf_44_i_core_v_mini_mcu.memory_subsystem_i.clk_cg,150.94µm
_18196_,150.92µm
_20826_,150.89µm
clknet_leaf_67_i_core_v_mini_mcu.cpu_subsystem_i.cpu_1_0.clk_i,150.89µm
_06958_,150.84µm
_18603_,150.84µm
_23517_,150.84µm
clknet_leaf_108_clk_i_regs,150.79µm
_14613_,150.74µm
i_core_v_mini_mcu.ao_peripheral_subsystem_i.tdu_i.task_mem\[7\]\[14\],150.74µm
i_core_v_mini_mcu.cpu_subsystem_i.cpu_0_0.i_servile.cpu.alu.i_rs1,150.74µm
i_core_v_mini_mcu.ao_peripheral_subsystem_i.periph_to_reg_i.r_rdata_d\[28\],150.69µm
net21,150.69µm
net1736,150.69µm
_19145_,150.66µm
clknet_leaf_70_i_core_v_mini_mcu.cpu_subsystem_i.cpu_1_0.clk_i,150.58µm
_22092_,150.56µm
net1165,150.48µm
_18718_,150.38µm
_18561_,150.33µm
net1260,150.33µm
clknet_leaf_69_i_core_v_mini_mcu.cpu_subsystem_i.cpu_0_0.clk_i,150.33µm
clknet_leaf_124_i_core_v_mini_mcu.cpu_subsystem_i.cpu_0_0.clk_i,150.33µm
clknet_leaf_11_i_core_v_mini_mcu.memory_subsystem_i.clk_cg,150.28µm
_17296_,150.23µm
_27117_,150.23µm
i_core_v_mini_mcu.ao_peripheral_subsystem_i.tdu_i.task_mem\[0\]\[11\],150.23µm
clknet_leaf_118_clk_i_regs,150.23µm
clknet_leaf_26_i_core_v_mini_mcu.cpu_subsystem_i.cpu_0_0.clk_i,150.23µm
net1739,150.23µm
_06918_,150.18µm
_08811_,150.18µm
_18220_,150.18µm
_20049_,150.18µm
i_core_v_mini_mcu.core_data_req\[78\],150.18µm
_07717_,150.13µm
_14246_,150.13µm
net1733,150.13µm
_07143_,150.08µm
_18283_,150.08µm
_20661_,149.92µm
_27422_,149.92µm
_14685_,149.87µm
clknet_leaf_94_i_core_v_mini_mcu.cpu_subsystem_i.cpu_1_0.clk_i,149.87µm
_24050_,149.85µm
net103,149.82µm
clknet_leaf_110_clk_i_regs,149.82µm
clknet_leaf_5_i_core_v_mini_mcu.memory_subsystem_i.clk_cg,149.77µm
_06900_,149.72µm
_15251_,149.72µm
_19268_,149.72µm
_14126_,149.68µm
_19655_,149.67µm
_21133_,149.67µm
i_core_v_mini_mcu.peripheral_subsystem_i.uart_i.hw2reg\[16\],149.67µm
net1563,149.67µm
_14461_,149.62µm
net97,149.62µm
net107,149.62µm
net988,149.62µm
_13739_,149.57µm
_15085_,149.57µm
_22904_,149.57µm
i_core_v_mini_mcu.ao_peripheral_subsystem_i.periph_to_reg_i.r_rdata_d\[14\],149.57µm
_08121_,149.52µm
_16979_,149.52µm
net73,149.52µm
clknet_leaf_114_clk_i_regs,149.41µm
_05735_,149.31µm
_05887_,149.26µm
_19217_,149.26µm
_19716_,149.21µm
net1079,149.21µm
net1157,149.16µm
clknet_leaf_56_clk_i_regs,149.16µm
_23246_,149.11µm
i_core_v_mini_mcu.memory_subsystem_i.ram0_i.rdata_o\[26\],149.11µm
net33,149.11µm
net1083,149.11µm
_14466_,149.06µm
_09252_,149.04µm
_07429_,149.01µm
_04231_,148.88µm
clknet_leaf_105_clk_i_regs,148.88µm
clknet_leaf_16_i_core_v_mini_mcu.memory_subsystem_i.clk_cg,148.85µm
_23124_,148.83µm
_09050_,148.75µm
net1009,148.75µm
_19993_,148.7µm
clknet_leaf_70_i_core_v_mini_mcu.memory_subsystem_i.clk_cg,148.7µm
_06141_,148.65µm
_19500_,148.65µm
_20222_,148.65µm
_21127_,148.6µm
net109,148.6µm
clknet_leaf_12_i_core_v_mini_mcu.memory_subsystem_i.clk_cg,148.6µm
_06692_,148.55µm
_18863_,148.55µm
net27,148.5µm
_13965_,148.45µm
_14186_,148.45µm
_21230_,148.45µm
net899,148.34µm
clknet_leaf_130_clk_i_regs,148.32µm
clknet_leaf_54_clk_i_regs,148.19µm
clknet_leaf_127_clk_i_regs,148.14µm
clknet_leaf_76_i_core_v_mini_mcu.memory_subsystem_i.clk_cg,148.14µm
_18789_,148.09µm
clknet_leaf_42_i_core_v_mini_mcu.cpu_subsystem_i.cpu_1_0.clk_i,148.09µm
_05774_,148.04µm
i_core_v_mini_mcu.ao_peripheral_slave_resp\[8\],148.04µm
clknet_leaf_123_i_core_v_mini_mcu.cpu_subsystem_i.cpu_1_0.clk_i,148.04µm
_06742_,147.99µm
_19249_,147.94µm
_13917_,147.9µm
_10973_,147.89µm
_14156_,147.89µm
_10927_,147.84µm
clknet_leaf_63_i_core_v_mini_mcu.memory_subsystem_i.clk_cg,147.73µm
_12331_,147.58µm
_19809_,147.53µm
_27977_,147.53µm
clknet_leaf_16_clk_i_regs,147.53µm
clknet_leaf_8_i_core_v_mini_mcu.memory_subsystem_i.clk_cg,147.53µm
clknet_leaf_46_i_core_v_mini_mcu.memory_subsystem_i.clk_cg,147.53µm
clknet_leaf_100_i_core_v_mini_mcu.memory_subsystem_i.clk_cg,147.53µm
i_core_v_mini_mcu.ao_peripheral_subsystem_i.mosaic_clint_i.mtimecmp_q\[116\],147.48µm
clknet_leaf_2_i_core_v_mini_mcu.cpu_subsystem_i.cpu_0_0.clk_i,147.48µm
net718,147.43µm
_06895_,147.38µm
_15903_,147.38µm
i_core_v_mini_mcu.ao_peripheral_subsystem_i.obi_fifo_i.consumer_data_req\[7\],147.38µm
_05983_,147.33µm
_06453_,147.33µm
_06819_,147.33µm
_09256_,147.33µm
_18949_,147.33µm
net248,147.33µm
net1093,147.12µm
net978,147.1µm
_19112_,146.97µm
clknet_leaf_20_clk_i_regs,146.92µm
_08626_,146.87µm
net46,146.87µm
_07897_,146.82µm
_12359_,146.82µm
_19324_,146.82µm
_27403_,146.82µm
_27739_,146.82µm
i_core_v_mini_mcu.peripheral_slave_resp\[3\],146.77µm
_06613_,146.72µm
_19571_,146.72µm
i_core_v_mini_mcu.ao_peripheral_subsystem_i.clint_mtime_o\[41\],146.68µm
_19093_,146.51µm
_21337_,146.46µm
_15367_,146.41µm
_19848_,146.41µm
net1737,146.41µm
_08596_,146.36µm
_23387_,146.36µm
_23120_,146.26µm
net58,146.26µm
net1385,146.26µm
_16429_,146.22µm
_07351_,146.21µm
net135,146.21µm
net1208,145.95µm
i_core_v_mini_mcu.cpu_subsystem_i.cpu_1_0.i_servile.cpu.bufreg2.i_bytecnt\[1\],145.9µm
net1210,145.9µm
clknet_leaf_50_i_core_v_mini_mcu.memory_subsystem_i.clk_cg,145.9µm
clknet_leaf_112_i_core_v_mini_mcu.cpu_subsystem_i.cpu_0_0.clk_i,145.9µm
net1745,145.9µm
_20260_,145.85µm
_21262_,145.85µm
_27419_,145.85µm
clknet_leaf_23_clk_i_regs,145.85µm
_06808_,145.75µm
clknet_leaf_11_i_core_v_mini_mcu.cpu_subsystem_i.cpu_1_0.clk_i,145.75µm
_16388_,145.7µm
i_core_v_mini_mcu.ao_peripheral_slave_resp\[16\],145.7µm
net98,145.7µm
_05740_,145.65µm
_09520_,145.6µm
_10643_,145.6µm
_23005_,145.6µm
clknet_leaf_116_i_core_v_mini_mcu.cpu_subsystem_i.cpu_0_0.clk_i,145.57µm
clknet_leaf_64_i_core_v_mini_mcu.memory_subsystem_i.clk_cg,145.49µm
_14163_,145.39µm
_15267_,145.29µm
_16118_,145.29µm
_23946_,145.29µm
clknet_leaf_109_i_core_v_mini_mcu.memory_subsystem_i.clk_cg,145.29µm
i_core_v_mini_mcu.ao_peripheral_subsystem_i.tdu_i.task_mem\[7\]\[3\],145.28µm
_16995_,145.24µm
clknet_leaf_102_i_core_v_mini_mcu.cpu_subsystem_i.cpu_0_0.clk_i,145.24µm
_21546_,145.19µm
_22340_,145.19µm
_23933_,145.19µm
i_core_v_mini_mcu.ao_peripheral_subsystem_i.tdu_i.task_mem\[4\]\[1\],145.16µm
_06469_,145.14µm
_23286_,145.14µm
i_core_v_mini_mcu.ao_peripheral_subsystem_i.power_manager_i.power_manager_reg_top_i.cpu_counters_stop_cpu_reset_deassert_stop_bit_counter_qs,145.14µm
net80,145.14µm
net931,145.14µm
_19551_,145.09µm
_23173_,145.09µm
net82,145.09µm
clknet_leaf_1_i_core_v_mini_mcu.cpu_subsystem_i.cpu_1_0.clk_i,145.09µm
clknet_leaf_8_i_core_v_mini_mcu.cpu_subsystem_i.cpu_0_0.clk_i,145.09µm
_20213_,144.83µm
_23551_,144.83µm
_19510_,144.78µm
_06026_,144.73µm
_22638_,144.73µm
net1166,144.73µm
_19146_,144.68µm
_19269_,144.68µm
_21141_,144.68µm
_23600_,144.68µm
clknet_leaf_5_i_core_v_mini_mcu.cpu_subsystem_i.cpu_1_0.clk_i,144.68µm
i_core_v_mini_mcu.core_data_req\[74\],144.63µm
clknet_leaf_94_clk_i_regs,144.63µm
clknet_leaf_94_i_core_v_mini_mcu.memory_subsystem_i.clk_cg,144.63µm
net1199,144.58µm
_11034_,144.48µm
_11269_,144.48µm
net1240,144.48µm
_10590_,144.42µm
_10610_,144.39µm
_17416_,144.27µm
_10286_,144.22µm
_18471_,144.22µm
_17557_,144.17µm
_19408_,144.17µm
clknet_4_4_0_i_core_v_mini_mcu.peripheral_subsystem_i.clk_cg,144.17µm
clknet_leaf_60_i_core_v_mini_mcu.cpu_subsystem_i.cpu_1_0.clk_i,144.12µm
clknet_leaf_121_i_core_v_mini_mcu.cpu_subsystem_i.cpu_0_0.clk_i,144.12µm
_19397_,144.07µm
net67,144.07µm
net108,144.07µm
net1008,144.07µm
clknet_leaf_21_clk_i_regs,144.07µm
clknet_leaf_6_i_core_v_mini_mcu.cpu_subsystem_i.cpu_1_0.clk_i,144.07µm
_07048_,144.02µm
_21986_,144.02µm
_23807_,144.02µm
net8,143.97µm
_16996_,143.84µm
_09176_,143.76µm
_10826_,143.74µm
_11137_,143.73µm
clknet_leaf_22_i_core_v_mini_mcu.memory_subsystem_i.clk_cg,143.71µm
i_core_v_mini_mcu.ao_peripheral_subsystem_i.tdu_i.task_mem\[5\]\[18\],143.69µm
_17179_,143.61µm
clknet_leaf_84_clk_i_regs,143.61µm
clknet_5_7__leaf_clk_i_regs,143.61µm
clknet_leaf_68_i_core_v_mini_mcu.cpu_subsystem_i.cpu_1_0.clk_i,143.61µm
net1144,143.57µm
_05407_,143.56µm
_08918_,143.56µm
clknet_leaf_84_i_core_v_mini_mcu.memory_subsystem_i.clk_cg,143.56µm
_07139_,143.52µm
net104,143.51µm
clknet_leaf_47_i_core_v_mini_mcu.memory_subsystem_i.clk_cg,143.5µm
_09310_,143.46µm
_09437_,143.46µm
_14724_,143.46µm
net40,143.46µm
clknet_5_8__leaf_clk_i_regs,143.46µm
_09478_,143.41µm
_13091_,143.41µm
clknet_leaf_82_i_core_v_mini_mcu.cpu_subsystem_i.cpu_0_0.clk_i,143.41µm
_08399_,143.36µm
_15330_,143.36µm
_16806_,143.2µm
clknet_leaf_129_clk_i_regs,143.2µm
_15963_,143.15µm
_18887_,143.15µm
clknet_leaf_67_clk_i_regs,143.1µm
net49,143.05µm
net1227,143.05µm
clknet_leaf_12_clk_i_regs,143.05µm
clknet_leaf_89_i_core_v_mini_mcu.memory_subsystem_i.clk_cg,143.05µm
_23079_,143µm
clknet_leaf_57_clk_i_regs,143µm
clknet_leaf_72_i_core_v_mini_mcu.cpu_subsystem_i.cpu_1_0.clk_i,143µm
_10539_,142.95µm
net919,142.95µm
_07036_,142.9µm
_07932_,142.9µm
_23106_,142.9µm
_12315_,142.85µm
net74,142.85µm
net373,142.8µm
clknet_leaf_101_i_core_v_mini_mcu.memory_subsystem_i.clk_cg,142.64µm
_13770_,142.59µm
clknet_leaf_15_i_core_v_mini_mcu.cpu_subsystem_i.cpu_0_0.clk_i,142.59µm
_19562_,142.54µm
net1022,142.54µm
clknet_leaf_66_i_core_v_mini_mcu.cpu_subsystem_i.cpu_0_0.clk_i,142.54µm
_06406_,142.49µm
_23385_,142.49µm
i_core_v_mini_mcu.ao_peripheral_subsystem_i.spi_subsystem_i.obi_spimemio_i.spimemio_i.xfer.xfer_ddr,142.49µm
clknet_leaf_30_clk_i_regs,142.49µm
clknet_leaf_91_i_core_v_mini_mcu.cpu_subsystem_i.cpu_0_0.clk_i,142.49µm
_07464_,142.44µm
_05575_,142.39µm
_07628_,142.39µm
_17749_,142.39µm
_19042_,142.39µm
_05797_,142.34µm
_07110_,142.34µm
_10537_,142.34µm
_23150_,142.34µm
_27439_,142.34µm
net432,142.34µm
net42,142.29µm
_07498_,142.24µm
_23057_,142.24µm
_19337_,142.03µm
clknet_leaf_41_i_core_v_mini_mcu.memory_subsystem_i.clk_cg,142.03µm
_14649_,141.98µm
clknet_leaf_106_i_core_v_mini_mcu.memory_subsystem_i.clk_cg,141.98µm
_21147_,141.93µm
_21462_,141.93µm
_05466_,141.88µm
_09285_,141.88µm
net198,141.88µm
net1187,141.88µm
clknet_leaf_69_i_core_v_mini_mcu.memory_subsystem_i.clk_cg,141.88µm
_06634_,141.83µm
clknet_leaf_83_i_core_v_mini_mcu.cpu_subsystem_i.cpu_0_0.clk_i,141.83µm
clknet_leaf_36_i_core_v_mini_mcu.cpu_subsystem_i.cpu_0_0.clk_i,141.78µm
_07927_,141.73µm
_18295_,141.73µm
clknet_leaf_33_i_core_v_mini_mcu.cpu_subsystem_i.cpu_0_0.clk_i,141.73µm
_14467_,141.68µm
_20545_,141.68µm
net1587,141.68µm
_21131_,141.67µm
_16223_,141.65µm
clknet_leaf_1_i_core_v_mini_mcu.cpu_subsystem_i.cpu_0_0.clk_i,141.52µm
clknet_leaf_30_i_core_v_mini_mcu.cpu_subsystem_i.cpu_1_0.clk_i,141.48µm
_18810_,141.47µm
_05822_,141.45µm
clknet_leaf_120_i_core_v_mini_mcu.cpu_subsystem_i.cpu_0_0.clk_i,141.42µm
clknet_leaf_97_i_core_v_mini_mcu.memory_subsystem_i.clk_cg,141.37µm
clknet_leaf_104_i_core_v_mini_mcu.cpu_subsystem_i.cpu_0_0.clk_i,141.37µm
net1557,141.37µm
i_core_v_mini_mcu.ao_peripheral_subsystem_i.tdu_i.task_mem\[5\]\[1\],141.34µm
_19365_,141.32µm
_07943_,141.27µm
_06938_,141.22µm
_10639_,141.22µm
_09387_,141.17µm
i_core_v_mini_mcu.ao_peripheral_subsystem_i.periph_to_reg_i.r_rdata_d\[22\],141.17µm
net1478,141.17µm
_05821_,141.12µm
_12925_,141.12µm
_21126_,141.12µm
_08740_,141.01µm
_18508_,140.96µm
clknet_leaf_9_i_core_v_mini_mcu.cpu_subsystem_i.cpu_0_0.clk_i,140.96µm
_20768_,140.91µm
clknet_leaf_19_i_core_v_mini_mcu.memory_subsystem_i.clk_cg,140.81µm
_26300_,140.76µm
clknet_leaf_23_i_core_v_mini_mcu.cpu_subsystem_i.cpu_0_0.clk_i,140.76µm
_18464_,140.71µm
_18935_,140.66µm
net1082,140.66µm
_08572_,140.61µm
_18347_,140.61µm
net47,140.61µm
_24184_,140.56µm
_21507_,140.4µm
net1203,140.3µm
clknet_leaf_42_i_core_v_mini_mcu.memory_subsystem_i.clk_cg,140.3µm
clknet_leaf_53_i_core_v_mini_mcu.cpu_subsystem_i.cpu_1_0.clk_i,140.3µm
clknet_leaf_27_clk_i_regs,140.25µm
clknet_leaf_62_clk_i_regs,140.25µm
clknet_leaf_22_i_core_v_mini_mcu.cpu_subsystem_i.cpu_0_0.clk_i,140.25µm
net1163,140.2µm
clknet_leaf_16_i_core_v_mini_mcu.cpu_subsystem_i.cpu_1_0.clk_i,140.2µm
clknet_leaf_100_i_core_v_mini_mcu.cpu_subsystem_i.cpu_0_0.clk_i,140.2µm
_15884_,140.15µm
_27817_,140.15µm
clknet_leaf_80_i_core_v_mini_mcu.memory_subsystem_i.clk_cg,140.15µm
_08602_,140.1µm
_11050_,140.1µm
_22017_,140.1µm
net53,140.1µm
clknet_leaf_14_i_core_v_mini_mcu.cpu_subsystem_i.cpu_0_0.clk_i,140.1µm
_07682_,140.05µm
_12221_,140.05µm
clknet_leaf_98_clk_i_regs,140.05µm
_14076_,140µm
_17614_,139.87µm
_10547_,139.82µm
clknet_leaf_65_i_core_v_mini_mcu.cpu_subsystem_i.cpu_0_0.clk_i,139.79µm
i_core_v_mini_mcu.peripheral_slave_resp\[1\],139.77µm
_09884_,139.69µm
clknet_leaf_15_i_core_v_mini_mcu.memory_subsystem_i.clk_cg,139.64µm
net1718,139.64µm
_14168_,139.6µm
_18343_,139.59µm
_19238_,139.59µm
i_core_v_mini_mcu.core_data_req\[79\],139.59µm
clknet_leaf_88_clk_i_regs,139.59µm
net110,139.54µm
net149,139.54µm
net1201,139.54µm
_07679_,139.44µm
_09034_,139.28µm
clknet_leaf_110_i_core_v_mini_mcu.cpu_subsystem_i.cpu_1_0.clk_i,139.28µm
clknet_leaf_123_i_core_v_mini_mcu.cpu_subsystem_i.cpu_0_0.clk_i,139.23µm
_06893_,139.13µm
net1216,139.08µm
clknet_leaf_77_clk_i_regs,139.03µm
_10970_,138.98µm
_13925_,138.98µm
net64,138.98µm
net894,138.98µm
_24177_,138.93µm
net32,138.93µm
net61,138.93µm
_05771_,138.88µm
_07071_,138.88µm
_18592_,138.72µm
clknet_leaf_86_i_core_v_mini_mcu.memory_subsystem_i.clk_cg,138.67µm
clknet_leaf_29_i_core_v_mini_mcu.cpu_subsystem_i.cpu_0_0.clk_i,138.57µm
_09595_,138.53µm
_08857_,138.52µm
_21519_,138.52µm
clknet_leaf_9_i_core_v_mini_mcu.memory_subsystem_i.clk_cg,138.52µm
_15804_,138.47µm
_19686_,138.47µm
net86,138.47µm
clknet_leaf_58_i_core_v_mini_mcu.cpu_subsystem_i.cpu_1_0.clk_i,138.47µm
clknet_leaf_63_i_core_v_mini_mcu.cpu_subsystem_i.cpu_1_0.clk_i,138.47µm
_20787_,138.42µm
i_core_v_mini_mcu.ao_peripheral_subsystem_i.obi_fifo_i.consumer_state_n,138.42µm
i_core_v_mini_mcu.core_data_req\[73\],138.42µm
i_core_v_mini_mcu.core_data_req\[85\],138.42µm
_07910_,138.37µm
_11504_,138.37µm
_18384_,138.37µm
net1292,138.37µm
_06951_,138.35µm
_07880_,138.32µm
clknet_leaf_18_i_core_v_mini_mcu.cpu_subsystem_i.cpu_0_0.clk_i,138.11µm
i_core_v_mini_mcu.ao_peripheral_subsystem_i.tdu_i.task_mem\[7\]\[9\],138.09µm
clknet_leaf_117_i_core_v_mini_mcu.cpu_subsystem_i.cpu_1_0.clk_i,138.06µm
clknet_leaf_61_clk_i_regs,138.01µm
clknet_leaf_17_i_core_v_mini_mcu.memory_subsystem_i.clk_cg,138.01µm
net1207,137.96µm
net1243,137.96µm
clknet_leaf_45_clk_i_regs,137.96µm
clknet_leaf_60_i_core_v_mini_mcu.memory_subsystem_i.clk_cg,137.96µm
clknet_leaf_31_i_core_v_mini_mcu.cpu_subsystem_i.cpu_0_0.clk_i,137.96µm
_19207_,137.91µm
_18341_,137.86µm
_14237_,137.81µm
_19228_,137.81µm
i_core_v_mini_mcu.ao_peripheral_subsystem_i.periph_to_reg_i.r_rdata_d\[29\],137.76µm
clknet_leaf_2_i_core_v_mini_mcu.memory_subsystem_i.clk_cg,137.55µm
clknet_leaf_113_clk_i_regs,137.5µm
clknet_leaf_78_i_core_v_mini_mcu.memory_subsystem_i.clk_cg,137.45µm
_12214_,137.4µm
_23594_,137.4µm
net895,137.4µm
clknet_leaf_96_i_core_v_mini_mcu.memory_subsystem_i.clk_cg,137.4µm
clknet_leaf_99_i_core_v_mini_mcu.memory_subsystem_i.clk_cg,137.4µm
_09571_,137.35µm
_18664_,137.35µm
net1320,137.35µm
_09986_,137.34µm
_06740_,137.3µm
_08054_,137.3µm
_10929_,137.3µm
_09094_,137.25µm
_06971_,137.2µm
net902,137.09µm
clknet_leaf_101_i_core_v_mini_mcu.cpu_subsystem_i.cpu_0_0.clk_i,137.04µm
_05484_,136.99µm
_16910_,136.99µm
clknet_leaf_126_clk_i_regs,136.99µm
clknet_leaf_3_i_core_v_mini_mcu.memory_subsystem_i.clk_cg,136.99µm
clknet_leaf_80_i_core_v_mini_mcu.cpu_subsystem_i.cpu_1_0.clk_i,136.99µm
_21045_,136.92µm
_15287_,136.89µm
clknet_leaf_99_clk_i_regs,136.89µm
net1444,136.89µm
_09205_,136.84µm
clknet_leaf_119_i_core_v_mini_mcu.cpu_subsystem_i.cpu_0_0.clk_i,136.84µm
_07255_,136.79µm
net163,136.79µm
_27736_,136.74µm
i_core_v_mini_mcu.ao_peripheral_subsystem_i.tdu_i.task_mem\[1\]\[31\],136.74µm
net1026,136.74µm
_07677_,136.69µm
_08921_,136.69µm
_11352_,136.69µm
_13829_,136.69µm
net54,136.69µm
_14079_,136.64µm
_18404_,136.64µm
_18957_,136.64µm
i_core_v_mini_mcu.ao_peripheral_subsystem_i.tdu_i.task_mem\[7\]\[0\],136.64µm
_23808_,136.48µm
_20368_,136.43µm
net44,136.43µm
_14384_,136.33µm
_17116_,136.33µm
clknet_leaf_65_i_core_v_mini_mcu.memory_subsystem_i.clk_cg,136.33µm
_17583_,136.28µm
i_core_v_mini_mcu.ao_peripheral_subsystem_i.power_manager_i.power_manager_reg_top_i.reg2hw\[235\],136.28µm
clknet_leaf_95_i_core_v_mini_mcu.memory_subsystem_i.clk_cg,136.28µm
_07122_,136.23µm
clknet_leaf_19_i_core_v_mini_mcu.cpu_subsystem_i.cpu_1_0.clk_i,136.23µm
net1759,136.23µm
_06788_,136.18µm
_18490_,136.18µm
_27688_,136.18µm
i_core_v_mini_mcu.ao_peripheral_subsystem_i.mosaic_clint_i.mtimecmp_q\[93\],136.18µm
net83,136.18µm
net1245,136.18µm
_13642_,136.13µm
_22789_,136.13µm
_25683_,136.13µm
_07654_,136.08µm
_20161_,135.97µm
net1221,135.9µm
_19656_,135.87µm
_06503_,135.86µm
_08733_,135.85µm
clknet_leaf_93_i_core_v_mini_mcu.memory_subsystem_i.clk_cg,135.83µm
clknet_leaf_74_i_core_v_mini_mcu.memory_subsystem_i.clk_cg,135.82µm
_09197_,135.77µm
_18519_,135.77µm
clknet_leaf_49_i_core_v_mini_mcu.memory_subsystem_i.clk_cg,135.77µm
_19460_,135.72µm
i_core_v_mini_mcu.ao_peripheral_subsystem_i.power_manager_i.power_manager_reg_top_i.ram_0_switch_qs,135.72µm
net1134,135.72µm
net1097,135.67µm
_10765_,135.62µm
_12333_,135.62µm
i_core_v_mini_mcu.ao_peripheral_subsystem_i.obi_fifo_i.consumer_data_req\[30\],135.62µm
i_core_v_mini_mcu.ao_peripheral_subsystem_i.power_manager_i.power_manager_reg_top_i.cpu_counters_stop_cpu_iso_off_stop_bit_counter_qs,135.62µm
net1630,135.62µm
_08168_,135.57µm
_12510_,135.57µm
i_core_v_mini_mcu.ao_peripheral_subsystem_i.tdu_i.task_mem\[6\]\[2\],135.57µm
_07636_,135.52µm
i_core_v_mini_mcu.ao_peripheral_subsystem_i.power_manager_i.power_manager_reg_top_i.cpu_switch_on_counter_qs\[9\],135.52µm
_09102_,135.44µm
_21138_,135.36µm
clknet_leaf_46_i_core_v_mini_mcu.cpu_subsystem_i.cpu_1_0.clk_i,135.31µm
clknet_leaf_144_clk_i_regs,135.26µm
clknet_leaf_104_i_core_v_mini_mcu.cpu_subsystem_i.cpu_1_0.clk_i,135.26µm
_07486_,135.21µm
_15644_,135.21µm
_27812_,135.21µm
_18820_,135.16µm
clknet_leaf_24_i_core_v_mini_mcu.memory_subsystem_i.clk_cg,135.16µm
_23406_,135.11µm
_27587_,135.11µm
clknet_leaf_29_clk_i_regs,135.11µm
clknet_leaf_96_clk_i_regs,135.11µm
clknet_leaf_28_i_core_v_mini_mcu.cpu_subsystem_i.cpu_1_0.clk_i,135.11µm
net1431,135.11µm
_22523_,135.06µm
clknet_leaf_52_i_core_v_mini_mcu.cpu_subsystem_i.cpu_0_0.clk_i,135.06µm
_11679_,135.01µm
net29,135.01µm
net48,135.01µm
_00013_,134.96µm
clknet_leaf_82_clk_i_regs,134.7µm
clknet_leaf_85_i_core_v_mini_mcu.cpu_subsystem_i.cpu_1_0.clk_i,134.7µm
clknet_leaf_94_i_core_v_mini_mcu.cpu_subsystem_i.cpu_0_0.clk_i,134.7µm
_13866_,134.65µm
_08236_,134.64µm
_20253_,134.6µm
_21510_,134.6µm
clknet_leaf_36_i_core_v_mini_mcu.cpu_subsystem_i.cpu_1_0.clk_i,134.6µm
_08904_,134.55µm
_08911_,134.55µm
_27684_,134.55µm
net1195,134.55µm
_06702_,134.5µm
_18919_,134.5µm
_19675_,134.5µm
net1127,134.5µm
net1175,134.5µm
_07595_,134.4µm
i_core_v_mini_mcu.ao_peripheral_subsystem_i.tdu_i.task_mem\[3\]\[1\],134.4µm
clknet_leaf_24_i_core_v_mini_mcu.cpu_subsystem_i.cpu_1_0.clk_i,134.29µm
_13960_,134.24µm
clknet_leaf_56_i_core_v_mini_mcu.cpu_subsystem_i.cpu_1_0.clk_i,134.19µm
clknet_leaf_87_i_core_v_mini_mcu.memory_subsystem_i.clk_cg,134.14µm
clknet_leaf_114_i_core_v_mini_mcu.cpu_subsystem_i.cpu_1_0.clk_i,134.14µm
i_core_v_mini_mcu.core_data_req\[82\],134.09µm
net425,134.09µm
net1644,134.09µm
i_core_v_mini_mcu.ao_peripheral_subsystem_i.mosaic_clint_i.mtimecmp_q\[115\],134.04µm
net1048,134.04µm
clknet_leaf_125_clk_i_regs,134.04µm
clknet_leaf_8_clk_i_regs,133.99µm
clknet_leaf_37_i_core_v_mini_mcu.cpu_subsystem_i.cpu_0_0.clk_i,133.99µm
_09229_,133.94µm
_22331_,133.94µm
_23805_,133.94µm
_27416_,133.94µm
net171,133.94µm
_22783_,133.89µm
clknet_leaf_125_i_core_v_mini_mcu.cpu_subsystem_i.cpu_0_0.clk_i,133.85µm
_11064_,133.84µm
_13788_,133.84µm
clknet_leaf_91_i_core_v_mini_mcu.memory_subsystem_i.clk_cg,133.68µm
i_core_v_mini_mcu.ao_peripheral_subsystem_i.obi_fifo_i.consumer_data_req\[23\],133.66µm
clknet_leaf_20_i_core_v_mini_mcu.memory_subsystem_i.clk_cg,133.63µm
_14316_,133.58µm
_23016_,133.58µm
_12535_,133.53µm
_19841_,133.48µm
_20817_,133.48µm
clknet_leaf_111_clk_i_regs,133.48µm
_27385_,133.43µm
clknet_leaf_4_i_core_v_mini_mcu.memory_subsystem_i.clk_cg,133.43µm
_07733_,133.38µm
_14084_,133.38µm
_15196_,133.38µm
_18593_,133.38µm
_19779_,133.38µm
_07588_,133.33µm
net134,133.33µm
_13993_,133.28µm
net133,133.28µm
_18941_,133.12µm
_07556_,133.02µm
_19573_,133.02µm
_27381_,133.02µm
clknet_leaf_38_i_core_v_mini_mcu.memory_subsystem_i.clk_cg,132.97µm
_18704_,132.92µm
clknet_leaf_6_clk_i_regs,132.92µm
_07691_,132.87µm
_24609_,132.87µm
net903,132.87µm
i_core_v_mini_mcu.ao_peripheral_subsystem_i.tdu_i.task_mem\[0\]\[27\],132.82µm
i_core_v_mini_mcu.ao_peripheral_subsystem_i.tdu_i.task_mem\[5\]\[8\],132.82µm
clknet_leaf_47_clk_i_regs,132.82µm
_07400_,132.77µm
i_core_v_mini_mcu.ao_peripheral_slave_resp\[4\],132.77µm
net129,132.77µm
net1173,132.77µm
clknet_leaf_11_clk_i_regs,132.77µm
_06858_,132.72µm
i_core_v_mini_mcu.ao_peripheral_subsystem_i.tdu_i.task_mem\[4\]\[0\],132.72µm
_21344_,132.66µm
net1116,132.61µm
_05778_,132.6µm
_18602_,132.46µm
_19501_,132.46µm
_22657_,132.46µm
_23381_,132.36µm
clknet_leaf_110_i_core_v_mini_mcu.cpu_subsystem_i.cpu_0_0.clk_i,132.36µm
clknet_leaf_123_clk_i_regs,132.31µm
_09319_,132.26µm
clknet_leaf_138_clk_i_regs,132.26µm
_18917_,132.21µm
i_core_v_mini_mcu.ao_peripheral_subsystem_i.tdu_i.task_mem\[6\]\[8\],132.21µm
net1198,132.21µm
_27712_,132.16µm
net1211,132.05µm
clknet_leaf_31_clk_i_regs,131.95µm
clknet_leaf_71_i_core_v_mini_mcu.cpu_subsystem_i.cpu_0_0.clk_i,131.95µm
_16107_,131.9µm
net1085,131.85µm
_21569_,131.8µm
net1141,131.8µm
clknet_leaf_57_i_core_v_mini_mcu.cpu_subsystem_i.cpu_1_0.clk_i,131.8µm
_27700_,131.75µm
i_core_v_mini_mcu.ao_peripheral_subsystem_i.spi_subsystem_i.obi_spimemio_i.spimemio_i.state\[2\],131.75µm
i_core_v_mini_mcu.ao_peripheral_subsystem_i.clint_mtime_o\[0\],131.7µm
i_core_v_mini_mcu.ao_peripheral_subsystem_i.periph_to_reg_i.r_rdata_d\[25\],131.7µm
_07250_,131.69µm
_08901_,131.65µm
_13939_,131.65µm
_22073_,131.65µm
net1623,131.42µm
clknet_leaf_107_i_core_v_mini_mcu.cpu_subsystem_i.cpu_1_0.clk_i,131.39µm
clknet_leaf_73_i_core_v_mini_mcu.cpu_subsystem_i.cpu_0_0.clk_i,131.33µm
_19409_,131.29µm
_22786_,131.29µm
net1094,131.29µm
clknet_leaf_15_clk_i_regs,131.29µm
_09390_,131.24µm
clknet_leaf_71_clk_i_regs,131.24µm
clknet_leaf_116_i_core_v_mini_mcu.cpu_subsystem_i.cpu_1_0.clk_i,131.24µm
clknet_leaf_18_i_core_v_mini_mcu.cpu_subsystem_i.cpu_1_0.clk_i,131.14µm
_12316_,131.09µm
_22573_,131.09µm
_06137_,131.04µm
i_core_v_mini_mcu.ao_peripheral_subsystem_i.spi_subsystem_i.obi_spimemio_i.obi_to_picorv32_i.addr_buf\[20\],131.04µm
_21368_,131.03µm
clknet_leaf_72_i_core_v_mini_mcu.memory_subsystem_i.clk_cg,130.78µm
net1142,130.73µm
clknet_leaf_76_clk_i_regs,130.73µm
net1729,130.73µm
_09322_,130.68µm
_19177_,130.68µm
i_core_v_mini_mcu.ao_peripheral_subsystem_i.tdu_i.task_mem\[3\]\[6\],130.68µm
net1096,130.68µm
clknet_leaf_30_i_core_v_mini_mcu.memory_subsystem_i.clk_cg,130.68µm
clknet_leaf_96_i_core_v_mini_mcu.cpu_subsystem_i.cpu_1_0.clk_i,130.68µm
_19428_,130.63µm
_24965_,130.63µm
net125,130.63µm
net1217,130.63µm
clknet_leaf_31_i_core_v_mini_mcu.cpu_subsystem_i.cpu_1_0.clk_i,130.63µm
net1403,130.63µm
clknet_leaf_13_i_core_v_mini_mcu.cpu_subsystem_i.cpu_0_0.clk_i,130.62µm
_06688_,130.58µm
_13795_,130.58µm
_18953_,130.58µm
_23027_,130.58µm
clknet_leaf_38_clk_i_regs,130.58µm
clknet_leaf_38_i_core_v_mini_mcu.cpu_subsystem_i.cpu_1_0.clk_i,130.58µm
_05964_,130.53µm
_20103_,130.53µm
_27725_,130.53µm
i_core_v_mini_mcu.peripheral_subsystem_i.uart_i.uart_core.nco_sum_q\[16\],130.53µm
i_core_v_mini_mcu.ao_peripheral_subsystem_i.periph_to_reg_i.r_rdata_d\[26\],130.48µm
_16946_,130.32µm
_06842_,130.27µm
_19511_,130.22µm
_20690_,130.22µm
_14205_,130.17µm
net1004,130.17µm
clknet_leaf_86_clk_i_regs,130.17µm
i_core_v_mini_mcu.ao_peripheral_subsystem_i.tdu_i.task_mem\[5\]\[20\],130.07µm
net1007,130.07µm
clknet_leaf_136_i_core_v_mini_mcu.cpu_subsystem_i.cpu_0_0.clk_i,130.07µm
clknet_leaf_62_i_core_v_mini_mcu.cpu_subsystem_i.cpu_1_0.clk_i,130.06µm
_10521_,130.02µm
_13997_,130.02µm
_19258_,130.02µm
_21190_,130.02µm
_18333_,129.97µm
i_core_v_mini_mcu.ao_peripheral_subsystem_i.spi_subsystem_i.obi_spimemio_i.obi_to_picorv32_i.addr_buf\[23\],129.97µm
net1095,129.97µm
_07908_,129.92µm
_10512_,129.71µm
_21140_,129.71µm
clknet_leaf_17_i_core_v_mini_mcu.cpu_subsystem_i.cpu_0_0.clk_i,129.66µm
_06010_,129.61µm
_18923_,129.56µm
_19102_,129.56µm
_19196_,129.56µm
_21486_,129.56µm
_21722_,129.56µm
_22096_,129.56µm
clknet_leaf_128_clk_i_regs,129.56µm
_12106_,129.51µm
_19697_,129.51µm
i_core_v_mini_mcu.ao_peripheral_subsystem_i.obi_fifo_i.consumer_data_req\[6\],129.51µm
i_core_v_mini_mcu.ao_peripheral_subsystem_i.tdu_i.task_mem\[1\]\[14\],129.51µm
net62,129.51µm
net1177,129.51µm
clknet_leaf_21_i_core_v_mini_mcu.memory_subsystem_i.clk_cg,129.51µm
net1555,129.51µm
_14367_,129.46µm
_22612_,129.46µm
i_core_v_mini_mcu.peripheral_subsystem_i.uart_i.uart_core.u_uart_txfifo.gen_normal_fifo.fifo_wptr\[0\],129.46µm
net1069,129.46µm
_09493_,129.41µm
_10739_,129.41µm
net1406,129.41µm
_14164_,129.36µm
_24972_,129.36µm
i_core_v_mini_mcu.ao_peripheral_subsystem_i.tdu_i.task_mem\[6\]\[9\],129.36µm
_09947_,129.3µm
_21884_,129.05µm
net84,129.05µm
clknet_leaf_134_clk_i_regs,129.05µm
clknet_leaf_48_i_core_v_mini_mcu.memory_subsystem_i.clk_cg,129.05µm
_14009_,129µm
clknet_leaf_73_clk_i_regs,129µm
clknet_leaf_62_i_core_v_mini_mcu.memory_subsystem_i.clk_cg,129µm
_16658_,128.95µm
_19395_,128.95µm
_11104_,128.9µm
_27376_,128.9µm
net467,128.9µm
_05610_,128.85µm
_07292_,128.85µm
_25484_,128.85µm
clknet_5_23__leaf_clk_i_regs,128.85µm
_07191_,128.8µm
_10704_,128.79µm
_19480_,128.74µm
net1065,128.59µm
clknet_leaf_10_clk_i_regs,128.59µm
clknet_leaf_102_i_core_v_mini_mcu.cpu_subsystem_i.cpu_1_0.clk_i,128.54µm
clknet_leaf_112_clk_i_regs,128.49µm
clknet_leaf_28_i_core_v_mini_mcu.cpu_subsystem_i.cpu_0_0.clk_i,128.49µm
_11150_,128.47µm
net446,128.44µm
clknet_leaf_149_clk_i_regs,128.44µm
_19706_,128.39µm
clknet_leaf_0_i_core_v_mini_mcu.memory_subsystem_i.clk_cg,128.39µm
_21041_,128.36µm
_07807_,128.34µm
_08044_,128.34µm
_13999_,128.34µm
_20010_,128.34µm
i_core_v_mini_mcu.ao_peripheral_subsystem_i.obi_fifo_i.consumer_data_req\[11\],128.34µm
i_core_v_mini_mcu.ao_peripheral_subsystem_i.soc_ctrl_i.reg2hw\[28\],128.34µm
i_core_v_mini_mcu.cpu_subsystem_i.cpu_0_0.i_servile.cpu.bufreg2.i_bytecnt\[1\],128.34µm
clknet_leaf_15_i_core_v_mini_mcu.cpu_subsystem_i.cpu_1_0.clk_i,128.34µm
_10629_,128.29µm
net59,128.24µm
net1186,127.98µm
clknet_leaf_37_clk_i_regs,127.98µm
i_core_v_mini_mcu.peripheral_subsystem_i.uart_i.uart_core.uart_tx.sreg_q\[6\],127.94µm
_12247_,127.93µm
_18874_,127.88µm
_20695_,127.88µm
clknet_leaf_83_clk_i_regs,127.88µm
clknet_leaf_18_i_core_v_mini_mcu.memory_subsystem_i.clk_cg,127.88µm
clknet_leaf_92_i_core_v_mini_mcu.cpu_subsystem_i.cpu_1_0.clk_i,127.88µm
clknet_leaf_59_i_core_v_mini_mcu.cpu_subsystem_i.cpu_0_0.clk_i,127.88µm
_09394_,127.83µm
_18358_,127.83µm
net1250,127.83µm
clknet_leaf_4_i_core_v_mini_mcu.cpu_subsystem_i.cpu_0_0.clk_i,127.83µm
clknet_leaf_32_i_core_v_mini_mcu.cpu_subsystem_i.cpu_0_0.clk_i,127.83µm
clknet_leaf_57_i_core_v_mini_mcu.cpu_subsystem_i.cpu_0_0.clk_i,127.83µm
clknet_leaf_72_i_core_v_mini_mcu.cpu_subsystem_i.cpu_0_0.clk_i,127.83µm
_14807_,127.78µm
_21205_,127.78µm
clknet_leaf_50_i_core_v_mini_mcu.cpu_subsystem_i.cpu_1_0.clk_i,127.78µm
net1514,127.78µm
_07450_,127.73µm
_07685_,127.73µm
_15246_,127.73µm
_23409_,127.73µm
_27721_,127.73µm
_19799_,127.68µm
clknet_leaf_70_i_core_v_mini_mcu.cpu_subsystem_i.cpu_0_0.clk_i,127.5µm
_22665_,127.47µm
net30,127.42µm
_08507_,127.32µm
_09922_,127.32µm
clknet_leaf_78_i_core_v_mini_mcu.cpu_subsystem_i.cpu_1_0.clk_i,127.32µm
clknet_leaf_73_i_core_v_mini_mcu.memory_subsystem_i.clk_cg,127.27µm
clknet_leaf_138_i_core_v_mini_mcu.cpu_subsystem_i.cpu_0_0.clk_i,127.27µm
i_core_v_mini_mcu.ao_peripheral_subsystem_i.tdu_i.task_mem\[5\]\[11\],127.22µm
net1104,127.22µm
_05965_,127.17µm
_21543_,127.17µm
net116,127.17µm
_10538_,127.12µm
_12326_,127.12µm
_14019_,127.12µm
_27421_,127.11µm
_06401_,126.96µm
net1176,126.96µm
_27848_,126.86µm
clknet_leaf_14_i_core_v_mini_mcu.memory_subsystem_i.clk_cg,126.81µm
clknet_leaf_113_i_core_v_mini_mcu.cpu_subsystem_i.cpu_1_0.clk_i,126.81µm
_07228_,126.77µm
clknet_leaf_64_i_core_v_mini_mcu.cpu_subsystem_i.cpu_1_0.clk_i,126.76µm
clknet_leaf_48_i_core_v_mini_mcu.cpu_subsystem_i.cpu_0_0.clk_i,126.76µm
_05440_,126.71µm
_16446_,126.71µm
_18291_,126.71µm
clknet_leaf_81_i_core_v_mini_mcu.memory_subsystem_i.clk_cg,126.7µm
_18955_,126.66µm
i_core_v_mini_mcu.ao_peripheral_subsystem_i.spi_subsystem_i.obi_spimemio_i.obi_to_picorv32_i.addr_buf\[21\],126.61µm
net90,126.61µm
net120,126.61µm
clknet_leaf_115_clk_i_regs,126.35µm
clknet_leaf_61_i_core_v_mini_mcu.memory_subsystem_i.clk_cg,126.3µm
net1161,126.25µm
net1257,126.25µm
net38,126.2µm
clknet_leaf_91_clk_i_regs,126.2µm
clknet_5_11__leaf_clk_i_regs,126.2µm
clknet_leaf_2_i_core_v_mini_mcu.cpu_subsystem_i.cpu_1_0.clk_i,126.2µm
clknet_leaf_81_i_core_v_mini_mcu.cpu_subsystem_i.cpu_1_0.clk_i,126.2µm
net1327,126.2µm
_06582_,126.15µm
i_core_v_mini_mcu.ao_peripheral_subsystem_i.periph_to_reg_i.r_rdata_d\[27\],126.15µm
i_core_v_mini_mcu.peripheral_subsystem_i.uart_i.uart_core.tx_out,126.15µm
net996,126.15µm
net1625,126.15µm
_07201_,126.1µm
_26759_,126.05µm
_14236_,126µm
_16337_,126µm
clknet_leaf_51_i_core_v_mini_mcu.cpu_subsystem_i.cpu_1_0.clk_i,125.79µm
net1000,125.75µm
_27375_,125.74µm
clknet_leaf_105_i_core_v_mini_mcu.cpu_subsystem_i.cpu_0_0.clk_i,125.74µm
net1086,125.69µm
net1194,125.69µm
_08205_,125.59µm
_09193_,125.59µm
_14963_,125.59µm
_19542_,125.59µm
i_core_v_mini_mcu.memory_subsystem_i.ram0_i.rdata_o\[0\],125.59µm
clknet_leaf_14_i_core_v_mini_mcu.cpu_subsystem_i.cpu_1_0.clk_i,125.59µm
_06467_,125.54µm
i_core_v_mini_mcu.ao_peripheral_subsystem_i.mosaic_clint_i.mtimecmp_q\[84\],125.54µm
net1741,125.54µm
_10345_,125.49µm
_27595_,125.49µm
_23103_,125.44µm
_19707_,125.23µm
_19227_,125.18µm
_23152_,125.18µm
i_core_v_mini_mcu.ao_peripheral_subsystem_i.clint_mtime_o\[52\],125.18µm
clknet_leaf_41_clk_i_regs,125.18µm
clknet_leaf_107_clk_i_regs,125.18µm
clknet_leaf_82_i_core_v_mini_mcu.memory_subsystem_i.clk_cg,125.18µm
net1325,125.16µm
i_core_v_mini_mcu.ao_peripheral_subsystem_i.spi_subsystem_i.obi_spimemio_i.spimemio_i.state\[9\],125.13µm
_18326_,125.08µm
_21509_,125.08µm
clknet_leaf_109_i_core_v_mini_mcu.cpu_subsystem_i.cpu_0_0.clk_i,125.08µm
_05587_,125.03µm
_05705_,125.03µm
_07449_,125.03µm
_13966_,125.03µm
_21532_,125.03µm
net162,125.03µm
net1241,125.03µm
net1360,124.98µm
net1629,124.98µm
_18271_,124.97µm
_19367_,124.93µm
_25583_,124.93µm
i_core_v_mini_mcu.ao_peripheral_subsystem_i.obi_fifo_i.consumer_data_req\[51\],124.93µm
i_core_v_mini_mcu.peripheral_subsystem_i.uart_i.reg2hw\[13\],124.93µm
net1537,124.93µm
_07874_,124.88µm
_18230_,124.88µm
_27965_,124.88µm
clknet_leaf_115_i_core_v_mini_mcu.cpu_subsystem_i.cpu_0_0.clk_i,124.72µm
_21463_,124.67µm
_20547_,124.64µm
clknet_leaf_65_i_core_v_mini_mcu.cpu_subsystem_i.cpu_1_0.clk_i,124.62µm
_21251_,124.57µm
net56,124.57µm
net1230,124.57µm
_14195_,124.52µm
clknet_leaf_51_clk_i_regs,124.52µm
clknet_leaf_39_i_core_v_mini_mcu.cpu_subsystem_i.cpu_1_0.clk_i,124.52µm
clknet_leaf_56_i_core_v_mini_mcu.cpu_subsystem_i.cpu_0_0.clk_i,124.52µm
_09092_,124.47µm
net170,124.47µm
clknet_leaf_95_i_core_v_mini_mcu.cpu_subsystem_i.cpu_1_0.clk_i,124.47µm
_07021_,124.42µm
_18889_,124.42µm
_21019_,124.42µm
_22611_,124.42µm
i_core_v_mini_mcu.ao_peripheral_subsystem_i.power_manager_i.power_manager_reg_top_i.cpu_reset_deassert_counter_qs\[9\],124.42µm
clknet_leaf_107_i_core_v_mini_mcu.cpu_subsystem_i.cpu_0_0.clk_i,124.42µm
_18484_,124.37µm
net118,124.37µm
net126,124.32µm
net139,124.32µm
net1640,124.32µm
_16685_,124.11µm
_18705_,124.11µm
clknet_leaf_21_i_core_v_mini_mcu.cpu_subsystem_i.cpu_1_0.clk_i,124.01µm
_08933_,123.96µm
_18367_,123.96µm
net1139,123.96µm
clknet_leaf_27_i_core_v_mini_mcu.cpu_subsystem_i.cpu_0_0.clk_i,123.96µm
_11012_,123.91µm
_18852_,123.91µm
_22434_,123.91µm
net1124,123.91µm
_05850_,123.86µm
_09651_,123.86µm
_10920_,123.86µm
_11525_,123.86µm
_08469_,123.81µm
i_core_v_mini_mcu.memory_subsystem_i.ram0_i.rdata_o\[8\],123.81µm
net493,123.81µm
net1222,123.81µm
_14013_,123.76µm
_14116_,123.76µm
i_core_v_mini_mcu.ao_peripheral_subsystem_i.tdu_i.task_mem\[5\]\[21\],123.76µm
clknet_leaf_61_i_core_v_mini_mcu.cpu_subsystem_i.cpu_0_0.clk_i,123.5µm
clknet_leaf_45_i_core_v_mini_mcu.memory_subsystem_i.clk_cg,123.4µm
clknet_leaf_97_i_core_v_mini_mcu.cpu_subsystem_i.cpu_0_0.clk_i,123.4µm
_06276_,123.35µm
_06733_,123.35µm
i_core_v_mini_mcu.ao_peripheral_subsystem_i.power_manager_i.power_manager_reg_top_i.periph_switch_qs,123.35µm
net1253,123.35µm
clknet_leaf_103_clk_i_regs,123.35µm
_10354_,123.3µm
_28080_,123.3µm
i_core_v_mini_mcu.ao_peripheral_subsystem_i.obi_fifo_i.consumer_data_req\[5\],123.3µm
net45,123.3µm
net141,123.3µm
_19634_,123.25µm
clknet_leaf_24_clk_i_regs,123.25µm
_06149_,123.2µm
_07842_,123.2µm
_15926_,123.2µm
_18529_,123.19µm
_23648_,123.19µm
_19439_,123.14µm
clknet_leaf_84_i_core_v_mini_mcu.cpu_subsystem_i.cpu_0_0.clk_i,123.09µm
net962,122.94µm
clknet_leaf_49_i_core_v_mini_mcu.cpu_subsystem_i.cpu_0_0.clk_i,122.94µm
clknet_leaf_32_i_core_v_mini_mcu.cpu_subsystem_i.cpu_1_0.clk_i,122.89µm
_09211_,122.79µm
_18884_,122.79µm
_21513_,122.79µm
clknet_leaf_90_i_core_v_mini_mcu.cpu_subsystem_i.cpu_0_0.clk_i,122.79µm
net539,122.78µm
_09598_,122.74µm
i_core_v_mini_mcu.ao_peripheral_subsystem_i.power_manager_i.power_manager_reg_top_i.reg2hw\[231\],122.74µm
i_core_v_mini_mcu.ao_peripheral_subsystem_i.tdu_i.task_mem\[5\]\[27\],122.74µm
net1564,122.74µm
_07346_,122.69µm
_21039_,122.69µm
_23007_,122.69µm
i_core_v_mini_mcu.ao_peripheral_subsystem_i.power_manager_i.power_manager_reg_top_i.global_pointer_qs\[11\],122.69µm
net1181,122.69µm
_13921_,122.64µm
_14420_,122.64µm
_25459_,122.64µm
clknet_leaf_3_i_core_v_mini_mcu.cpu_subsystem_i.cpu_0_0.clk_i,122.48µm
_05465_,122.28µm
_21656_,122.23µm
clknet_leaf_34_clk_i_regs,122.23µm
_19361_,122.18µm
_21100_,122.18µm
i_core_v_mini_mcu.ao_peripheral_subsystem_i.obi_fifo_i.consumer_data_req\[26\],122.13µm
i_core_v_mini_mcu.peripheral_subsystem_i.uart_i.uart_core.u_uart_txfifo.gen_normal_fifo.fifo_rptr\[0\],122.13µm
net96,122.08µm
clknet_leaf_116_clk_i_regs,121.87µm
clknet_leaf_136_clk_i_regs,121.82µm
clknet_leaf_29_i_core_v_mini_mcu.cpu_subsystem_i.cpu_1_0.clk_i,121.77µm
clknet_leaf_60_clk_i_regs,121.72µm
clknet_leaf_75_i_core_v_mini_mcu.memory_subsystem_i.clk_cg,121.72µm
_18663_,121.67µm
net60,121.67µm
_09417_,121.62µm
_12582_,121.62µm
_14440_,121.62µm
_27698_,121.62µm
clknet_leaf_26_clk_i_regs,121.62µm
clknet_leaf_121_clk_i_regs,121.62µm
_20553_,121.57µm
_27732_,121.57µm
i_core_v_mini_mcu.ao_peripheral_subsystem_i.tdu_i.task_mem\[5\]\[30\],121.57µm
i_core_v_mini_mcu.memory_subsystem_i.ram0_i.rdata_o\[20\],121.57µm
_14383_,121.52µm
_19372_,121.31µm
clknet_leaf_10_i_core_v_mini_mcu.memory_subsystem_i.clk_cg,121.31µm
_18551_,121.26µm
_23126_,121.23µm
i_core_v_mini_mcu.core_data_req\[80\],121.11µm
i_core_v_mini_mcu.peripheral_subsystem_i.uart_i.uart_core.u_uart_txfifo.gen_normal_fifo.storage\[25\],121.11µm
clknet_leaf_69_i_core_v_mini_mcu.peripheral_subsystem_i.clk_cg,121.11µm
_08363_,121.06µm
_18895_,121.06µm
i_core_v_mini_mcu.ao_peripheral_subsystem_i.power_manager_i.power_manager_reg_top_i.cpu_iso_off_counter_qs\[4\],121.06µm
net51,121.06µm
net1247,121.06µm
_10561_,121.02µm
_08211_,121.01µm
_22364_,121.01µm
i_core_v_mini_mcu.memory_subsystem_i.ram0_i.rdata_o\[13\],121.01µm
net1072,121.01µm
_27678_,120.96µm
clknet_leaf_9_clk_i_regs,120.8µm
_12177_,120.75µm
clknet_leaf_7_i_core_v_mini_mcu.memory_subsystem_i.clk_cg,120.75µm
clknet_leaf_71_i_core_v_mini_mcu.memory_subsystem_i.clk_cg,120.75µm
clknet_leaf_87_i_core_v_mini_mcu.cpu_subsystem_i.cpu_0_0.clk_i,120.75µm
_13618_,120.73µm
clknet_leaf_67_i_core_v_mini_mcu.memory_subsystem_i.clk_cg,120.7µm
i_core_v_mini_mcu.ao_peripheral_subsystem_i.power_manager_i.power_manager_reg_top_i.cpu_iso_on_counter_qs\[9\],120.65µm
_14849_,120.6µm
i_core_v_mini_mcu.core_data_req\[28\],120.55µm
net1604,120.55µm
net1624,120.55µm
_05458_,120.5µm
clknet_leaf_108_i_core_v_mini_mcu.cpu_subsystem_i.cpu_0_0.clk_i,120.5µm
_18498_,120.45µm
_25558_,120.45µm
exit_value_int\[26\],120.45µm
_07609_,120.4µm
_12559_,120.4µm
_20370_,120.4µm
i_core_v_mini_mcu.ao_peripheral_subsystem_i.spi_subsystem_i.obi_spimemio_i.obi_to_picorv32_i.addr_buf\[12\],120.4µm
net1518,120.4µm
_13784_,120.39µm
clknet_leaf_137_i_core_v_mini_mcu.cpu_subsystem_i.cpu_0_0.clk_i,120.24µm
_19419_,120.19µm
clknet_leaf_104_i_core_v_mini_mcu.memory_subsystem_i.clk_cg,120.19µm
net1016,120.14µm
clknet_leaf_18_clk_i_regs,120.14µm
clknet_leaf_78_i_core_v_mini_mcu.cpu_subsystem_i.cpu_0_0.clk_i,120.14µm
_20220_,120.09µm
_21252_,120.09µm
net1717,120.09µm
_21790_,120.04µm
i_core_v_mini_mcu.cpu_subsystem_i.cpu_0_0.i_servile.arbiter.i_wb_cpu_ibus_adr\[0\],120.04µm
clknet_leaf_28_clk_i_regs,120.04µm
clknet_leaf_55_i_core_v_mini_mcu.cpu_subsystem_i.cpu_0_0.clk_i,120.04µm
_09386_,119.99µm
clknet_leaf_95_i_core_v_mini_mcu.cpu_subsystem_i.cpu_0_0.clk_i,119.99µm
_06357_,119.94µm
_08640_,119.94µm
net106,119.94µm
net197,119.94µm
_07277_,119.89µm
_08663_,119.89µm
_09217_,119.89µm
_13190_,119.89µm
_13937_,119.89µm
_21211_,119.89µm
net1281,119.89µm
clknet_leaf_4_i_core_v_mini_mcu.cpu_subsystem_i.cpu_1_0.clk_i,119.68µm
clknet_leaf_85_i_core_v_mini_mcu.cpu_subsystem_i.cpu_0_0.clk_i,119.58µm
_07126_,119.56µm
clknet_leaf_50_clk_i_regs,119.54µm
clknet_leaf_53_clk_i_regs,119.53µm
_06647_,119.48µm
_14021_,119.48µm
_16485_,119.48µm
_19748_,119.48µm
_21529_,119.48µm
clknet_leaf_66_i_core_v_mini_mcu.cpu_subsystem_i.cpu_1_0.clk_i,119.48µm
_10514_,119.43µm
_10777_,119.43µm
clknet_leaf_68_i_core_v_mini_mcu.memory_subsystem_i.clk_cg,119.43µm
_27702_,119.38µm
clknet_leaf_34_i_core_v_mini_mcu.cpu_subsystem_i.cpu_0_0.clk_i,119.38µm
_05265_,119.33µm
_19186_,119.33µm
net1384,119.28µm
_11017_,119.26µm
_14206_,119.12µm
_22775_,119.02µm
net1054,119.02µm
clknet_leaf_105_i_core_v_mini_mcu.cpu_subsystem_i.cpu_1_0.clk_i,119.02µm
_20778_,118.97µm
clknet_leaf_29_i_core_v_mini_mcu.memory_subsystem_i.clk_cg,118.97µm
clknet_leaf_45_i_core_v_mini_mcu.cpu_subsystem_i.cpu_1_0.clk_i,118.97µm
clknet_leaf_61_i_core_v_mini_mcu.cpu_subsystem_i.cpu_1_0.clk_i,118.97µm
i_core_v_mini_mcu.ao_peripheral_subsystem_i.mosaic_clint_i.mtimecmp_q\[117\],118.92µm
i_core_v_mini_mcu.ao_peripheral_subsystem_i.power_manager_i.power_manager_reg_top_i.global_pointer_qs\[8\],118.92µm
net1119,118.92µm
_06729_,118.87µm
_13946_,118.87µm
_19459_,118.87µm
_21500_,118.87µm
net1070,118.87µm
clknet_leaf_146_clk_i_regs,118.87µm
clknet_leaf_3_i_core_v_mini_mcu.cpu_subsystem_i.cpu_1_0.clk_i,118.87µm
clknet_leaf_108_i_core_v_mini_mcu.cpu_subsystem_i.cpu_1_0.clk_i,118.86µm
i_core_v_mini_mcu.cpu_subsystem_i.cpu_1_0.i_servile.cpu.branch_op,118.82µm
_07081_,118.77µm
_08992_,118.77µm
net1412,118.77µm
_13977_,118.76µm
_23224_,118.74µm
_07797_,118.73µm
_14452_,118.72µm
i_core_v_mini_mcu.ao_peripheral_subsystem_i.power_manager_i.power_manager_reg_top_i.cpu_switch_on_counter_qs\[15\],118.72µm
_19469_,118.66µm
_19625_,118.51µm
_19676_,118.46µm
clknet_leaf_54_i_core_v_mini_mcu.cpu_subsystem_i.cpu_0_0.clk_i,118.46µm
_18613_,118.41µm
i_core_v_mini_mcu.peripheral_subsystem_i.uart_i.reg2hw\[19\],118.41µm
clknet_leaf_82_i_core_v_mini_mcu.cpu_subsystem_i.cpu_1_0.clk_i,118.41µm
clknet_leaf_126_i_core_v_mini_mcu.cpu_subsystem_i.cpu_0_0.clk_i,118.41µm
_21445_,118.36µm
net1122,118.36µm
clknet_leaf_35_i_core_v_mini_mcu.memory_subsystem_i.clk_cg,118.36µm
_18323_,118.31µm
i_core_v_mini_mcu.ao_peripheral_subsystem_i.clint_mtime_o\[54\],118.31µm
net1259,118.31µm
clknet_leaf_21_i_core_v_mini_mcu.cpu_subsystem_i.cpu_0_0.clk_i,118.31µm
_09406_,118.26µm
_10541_,118.26µm
_13095_,118.26µm
i_core_v_mini_mcu.ao_peripheral_subsystem_i.mosaic_clint_i.mtimecmp_q\[119\],118.26µm
i_core_v_mini_mcu.system_bus_i.system_xbar_i.gen_xbar_NtoM.i_xbar.gen_inputs\[3\].i_addr_dec_resp_mux.gen_several_outputs.bank_sel_q\[1\],118.26µm
clknet_leaf_130_i_core_v_mini_mcu.cpu_subsystem_i.cpu_0_0.clk_i,118.26µm
_08877_,118.21µm
_11517_,118.21µm
_27383_,118.21µm
i_core_v_mini_mcu.ao_peripheral_subsystem_i.power_manager_i.power_manager_reg_top_i.cpu_iso_on_counter_qs\[14\],118.21µm
i_core_v_mini_mcu.memory_subsystem_i.ram0_i.rdata_o\[1\],118.21µm
_18933_,118.16µm
_24048_,118.16µm
_27526_,118.16µm
_21247_,118.06µm
_16423_,118.03µm
_18675_,118µm
clknet_leaf_96_i_core_v_mini_mcu.cpu_subsystem_i.cpu_0_0.clk_i,117.9µm
clknet_leaf_51_i_core_v_mini_mcu.cpu_subsystem_i.cpu_0_0.clk_i,117.85µm
clknet_leaf_103_i_core_v_mini_mcu.cpu_subsystem_i.cpu_0_0.clk_i,117.85µm
_16412_,117.8µm
_25386_,117.75µm
_27734_,117.75µm
_07089_,117.7µm
_07197_,117.7µm
_19377_,117.7µm
_22899_,117.7µm
i_core_v_mini_mcu.ao_peripheral_subsystem_i.tdu_i.task_mem\[2\]\[9\],117.7µm
net150,117.7µm
clknet_leaf_0_clk_i_regs,117.7µm
_07522_,117.65µm
_18321_,117.65µm
_21135_,117.65µm
i_core_v_mini_mcu.ao_peripheral_subsystem_i.spi_subsystem_i.obi_spimemio_i.obi_to_picorv32_i.state\[3\],117.65µm
_00088_,117.6µm
_06816_,117.6µm
_07112_,117.6µm
_12779_,117.6µm
_27141_,117.6µm
_27708_,117.6µm
_27715_,117.6µm
i_core_v_mini_mcu.ao_peripheral_subsystem_i.tdu_i.task_mem\[4\]\[31\],117.6µm
_05865_,117.29µm
net1229,117.29µm
clknet_leaf_73_i_core_v_mini_mcu.peripheral_subsystem_i.clk_cg,117.29µm
_08819_,117.24µm
net28,117.24µm
clknet_leaf_26_i_core_v_mini_mcu.cpu_subsystem_i.cpu_1_0.clk_i,117.24µm
_14006_,117.19µm
_19303_,117.19µm
clknet_leaf_84_i_core_v_mini_mcu.cpu_subsystem_i.cpu_1_0.clk_i,117.19µm
_07724_,117.17µm
_14081_,117.14µm
_18913_,117.14µm
_27331_,117.14µm
net1294,117.14µm
net1610,117.14µm
_09439_,117.09µm
i_core_v_mini_mcu.ao_peripheral_subsystem_i.mosaic_clint_i.mtimecmp_q\[113\],117.09µm
net165,117.09µm
net257,117.09µm
_05890_,117.04µm
_21690_,117.04µm
_08310_,116.91µm
_16868_,116.83µm
clknet_leaf_132_i_core_v_mini_mcu.cpu_subsystem_i.cpu_0_0.clk_i,116.78µm
clknet_leaf_1_i_core_v_mini_mcu.memory_subsystem_i.clk_cg,116.73µm
clknet_leaf_36_i_core_v_mini_mcu.memory_subsystem_i.clk_cg,116.73µm
clknet_leaf_64_i_core_v_mini_mcu.cpu_subsystem_i.cpu_0_0.clk_i,116.73µm
_09223_,116.68µm
_17832_,116.68µm
_20047_,116.63µm
_23288_,116.63µm
_24456_,116.63µm
i_core_v_mini_mcu.peripheral_subsystem_i.uart_i.reg2hw\[15\],116.63µm
_07049_,116.58µm
_16434_,116.58µm
_19259_,116.58µm
_27811_,116.58µm
net1017,116.58µm
net1074,116.58µm
_07206_,116.53µm
_08448_,116.53µm
_09567_,116.53µm
_13929_,116.53µm
_20522_,116.53µm
_23948_,116.53µm
_06616_,116.5µm
clknet_leaf_32_clk_i_regs,116.32µm
_09491_,116.3µm
_16259_,116.22µm
_09029_,116.17µm
net492,116.17µm
clknet_leaf_10_i_core_v_mini_mcu.cpu_subsystem_i.cpu_1_0.clk_i,116.17µm
_24258_,116.12µm
clknet_leaf_14_clk_i_regs,116.12µm
clknet_leaf_27_i_core_v_mini_mcu.cpu_subsystem_i.cpu_1_0.clk_i,116.12µm
net1622,116.12µm
_09536_,116.07µm
_19155_,116.07µm
_23177_,116.07µm
i_core_v_mini_mcu.core_data_req\[92\],116.07µm
_05650_,116.02µm
_07545_,116.02µm
_10563_,116.02µm
_09600_,115.97µm
_09882_,115.97µm
_22908_,115.97µm
net890,115.81µm
_19768_,115.76µm
clknet_leaf_39_i_core_v_mini_mcu.cpu_subsystem_i.cpu_0_0.clk_i,115.71µm
clknet_leaf_135_i_core_v_mini_mcu.cpu_subsystem_i.cpu_0_0.clk_i,115.71µm
_05678_,115.66µm
_19103_,115.66µm
_19531_,115.66µm
i_core_v_mini_mcu.peripheral_subsystem_i.uart_i.uart_core.uart_tx.sreg_q\[5\],115.66µm
_18612_,115.61µm
_19789_,115.61µm
_27371_,115.61µm
net1740,115.61µm
net1149,115.56µm
clknet_leaf_44_clk_i_regs,115.56µm
clknet_leaf_31_i_core_v_mini_mcu.memory_subsystem_i.clk_cg,115.56µm
clknet_leaf_41_i_core_v_mini_mcu.cpu_subsystem_i.cpu_1_0.clk_i,115.56µm
clknet_leaf_118_i_core_v_mini_mcu.cpu_subsystem_i.cpu_0_0.clk_i,115.56µm
_13606_,115.51µm
_20102_,115.51µm
_05461_,115.46µm
_06750_,115.46µm
_10917_,115.46µm
_12477_,115.46µm
_18337_,115.46µm
_18951_,115.46µm
i_core_v_mini_mcu.peripheral_subsystem_i.uart_i.reg2hw\[23\],115.46µm
net1363,115.46µm
i_core_v_mini_mcu.ao_peripheral_subsystem_i.mosaic_clint_i.mtimecmp_q\[51\],115.41µm
net1023,115.41µm
net31,115.36µm
_18768_,115.1µm
_19092_,115.1µm
clknet_leaf_13_i_core_v_mini_mcu.memory_subsystem_i.clk_cg,115.1µm
clknet_leaf_98_i_core_v_mini_mcu.cpu_subsystem_i.cpu_1_0.clk_i,115.1µm
_08531_,115.05µm
net1077,115.05µm
_06145_,114.95µm
_21473_,114.95µm
i_core_v_mini_mcu.cpu_subsystem_i.cpu_1_0.rf_ram_i.memory\[3\]\[0\],114.95µm
net50,114.95µm
_05931_,114.9µm
_06935_,114.9µm
_25784_,114.9µm
i_core_v_mini_mcu.cpu_subsystem_i.cpu_1_0.i_servile.arbiter.i_wb_cpu_dbus_we,114.9µm
net909,114.9µm
_00015_,114.85µm
_05464_,114.85µm
_06498_,114.85µm
_22945_,114.85µm
i_core_v_mini_mcu.core_data_req\[27\],114.85µm
i_core_v_mini_mcu.peripheral_slave_resp\[6\],114.85µm
net418,114.85µm
_27694_,114.8µm
i_core_v_mini_mcu.ao_peripheral_subsystem_i.tdu_i.task_mem\[1\]\[1\],114.8µm
i_core_v_mini_mcu.peripheral_subsystem_i.uart_i.reg2hw\[1\],114.62µm
_09054_,114.59µm
clknet_leaf_20_i_core_v_mini_mcu.cpu_subsystem_i.cpu_0_0.clk_i,114.59µm
clknet_leaf_103_i_core_v_mini_mcu.cpu_subsystem_i.cpu_1_0.clk_i,114.54µm
clknet_leaf_58_i_core_v_mini_mcu.cpu_subsystem_i.cpu_0_0.clk_i,114.54µm
_18436_,114.49µm
i_core_v_mini_mcu.ao_peripheral_subsystem_i.power_manager_i.power_manager_reg_top_i.cpu_reset_assert_counter_qs\[11\],114.49µm
net1251,114.49µm
clknet_leaf_23_i_core_v_mini_mcu.cpu_subsystem_i.cpu_1_0.clk_i,114.49µm
net1368,114.49µm
_18018_,114.44µm
clknet_leaf_46_clk_i_regs,114.44µm
clknet_leaf_20_i_core_v_mini_mcu.cpu_subsystem_i.cpu_1_0.clk_i,114.44µm
_12161_,114.39µm
_19717_,114.39µm
clknet_leaf_143_i_core_v_mini_mcu.cpu_subsystem_i.cpu_0_0.clk_i,114.39µm
_10557_,114.34µm
net114,114.34µm
clknet_leaf_13_clk_i_regs,114.34µm
_07341_,114.29µm
_08478_,114.29µm
_11044_,114.29µm
_18253_,114.29µm
_21172_,114.29µm
_10236_,114.24µm
_14451_,114.24µm
_18242_,114.24µm
clknet_leaf_135_clk_i_regs,114.08µm
_19491_,113.98µm
_19738_,113.93µm
clknet_leaf_111_i_core_v_mini_mcu.cpu_subsystem_i.cpu_1_0.clk_i,113.93µm
_18829_,113.88µm
_14528_,113.83µm
_15141_,113.83µm
i_core_v_mini_mcu.ao_peripheral_subsystem_i.spi_subsystem_i.obi_spimemio_i.obi_to_picorv32_i.addr_buf\[11\],113.83µm
_05433_,113.78µm
_13035_,113.78µm
_20533_,113.78µm
net87,113.78µm
net1156,113.78µm
net1452,113.78µm
_10703_,113.73µm
_13247_,113.73µm
_26790_,113.73µm
net164,113.73µm
_06622_,113.68µm
_06751_,113.68µm
_08014_,113.68µm
_22551_,113.68µm
_26878_,113.68µm
_19279_,113.57µm
_15524_,113.47µm
_17227_,113.47µm
clknet_leaf_22_i_core_v_mini_mcu.cpu_subsystem_i.cpu_1_0.clk_i,113.47µm
clknet_leaf_140_i_core_v_mini_mcu.cpu_subsystem_i.cpu_0_0.clk_i,113.47µm
_19083_,113.42µm
_14280_,113.37µm
_19031_,113.37µm
_27380_,113.37µm
net893,113.37µm
clknet_leaf_6_i_core_v_mini_mcu.memory_subsystem_i.clk_cg,113.37µm
_09583_,113.32µm
_23242_,113.32µm
i_core_v_mini_mcu.ao_peripheral_subsystem_i.mosaic_clint_i.mtimecmp_q\[118\],113.32µm
clknet_leaf_25_i_core_v_mini_mcu.cpu_subsystem_i.cpu_1_0.clk_i,113.27µm
net1280,113.27µm
_07524_,113.22µm
_10542_,113.17µm
_12422_,113.17µm
_18684_,113.17µm
_18940_,112.91µm
_18273_,112.76µm
_19051_,112.76µm
clknet_leaf_45_i_core_v_mini_mcu.cpu_subsystem_i.cpu_0_0.clk_i,112.76µm
_10313_,112.71µm
clknet_leaf_25_i_core_v_mini_mcu.cpu_subsystem_i.cpu_0_0.clk_i,112.71µm
_18494_,112.66µm
_21516_,112.66µm
net195,112.66µm
clknet_leaf_79_i_core_v_mini_mcu.cpu_subsystem_i.cpu_0_0.clk_i,112.65µm
_04965_,112.61µm
_10119_,112.61µm
_10377_,112.61µm
_12830_,112.61µm
_22564_,112.61µm
i_core_v_mini_mcu.ao_peripheral_subsystem_i.obi_fifo_i.consumer_data_req\[18\],112.61µm
i_core_v_mini_mcu.ao_peripheral_subsystem_i.obi_fifo_i.consumer_data_req\[41\],112.61µm
_07055_,112.56µm
_07597_,112.56µm
_14323_,112.56µm
_18380_,112.56µm
net112,112.56µm
clknet_leaf_60_i_core_v_mini_mcu.cpu_subsystem_i.cpu_0_0.clk_i,112.3µm
_07398_,112.29µm
_19062_,112.25µm
clknet_leaf_119_i_core_v_mini_mcu.cpu_subsystem_i.cpu_1_0.clk_i,112.2µm
clknet_leaf_88_i_core_v_mini_mcu.cpu_subsystem_i.cpu_0_0.clk_i,112.2µm
_18970_,112.15µm
_07073_,112.1µm
_07165_,112.1µm
_19020_,112.1µm
_27635_,112.1µm
i_core_v_mini_mcu.ao_peripheral_subsystem_i.obi_fifo_i.consumer_data_req\[22\],112.1µm
_13766_,112.05µm
_19052_,112.05µm
_22584_,112.05µm
i_core_v_mini_mcu.memory_subsystem_i.ram0_i.rdata_o\[12\],112.05µm
clknet_leaf_65_clk_i_regs,112.05µm
net1749,112.05µm
clknet_leaf_43_i_core_v_mini_mcu.memory_subsystem_i.clk_cg,111.94µm
_13577_,111.72µm
net92,111.72µm
net1228,111.69µm
_09239_,111.64µm
_18227_,111.64µm
i_core_v_mini_mcu.ao_peripheral_subsystem_i.obi_fifo_i.consumer_data_req\[1\],111.64µm
_28051_,111.59µm
clknet_leaf_59_i_core_v_mini_mcu.cpu_subsystem_i.cpu_1_0.clk_i,111.59µm
_05866_,111.54µm
_12415_,111.54µm
clknet_leaf_40_clk_i_regs,111.54µm
_08313_,111.49µm
_20058_,111.49µm
net79,111.49µm
net913,111.49µm
_08136_,111.44µm
_14249_,111.44µm
_27687_,111.44µm
_18359_,111.41µm
clknet_leaf_23_i_core_v_mini_mcu.memory_subsystem_i.clk_cg,111.23µm
_19532_,111.18µm
net77,111.18µm
_19176_,111.13µm
_21557_,111.13µm
_27676_,111.13µm
clknet_leaf_133_clk_i_regs,111.13µm
clknet_leaf_40_i_core_v_mini_mcu.cpu_subsystem_i.cpu_1_0.clk_i,111.13µm
clknet_leaf_139_i_core_v_mini_mcu.cpu_subsystem_i.cpu_0_0.clk_i,111.13µm
_15448_,111.08µm
clknet_leaf_66_i_core_v_mini_mcu.memory_subsystem_i.clk_cg,111.08µm
_18228_,111.03µm
clknet_leaf_98_i_core_v_mini_mcu.cpu_subsystem_i.cpu_0_0.clk_i,111.03µm
net1556,111.03µm
net1646,111.03µm
_07196_,110.98µm
i_core_v_mini_mcu.ao_peripheral_subsystem_i.mosaic_clint_i.mtimecmp_q\[108\],110.98µm
_07620_,110.97µm
_07053_,110.93µm
_08093_,110.93µm
_14430_,110.93µm
_18504_,110.93µm
_09313_,110.75µm
_20177_,110.57µm
_24239_,110.57µm
_17115_,110.52µm
_18654_,110.52µm
_19418_,110.52µm
clknet_leaf_13_i_core_v_mini_mcu.cpu_subsystem_i.cpu_1_0.clk_i,110.52µm
_05487_,110.47µm
_18316_,110.47µm
i_core_v_mini_mcu.core_data_req\[90\],110.47µm
_09162_,110.42µm
_23930_,110.42µm
i_core_v_mini_mcu.ao_peripheral_subsystem_i.power_manager_i.power_manager_reg_top_i.cpu_switch_off_counter_qs\[4\],110.42µm
i_core_v_mini_mcu.ao_peripheral_subsystem_i.spi_subsystem_i.obi_spimemio_i.spimemio_i.din_data\[1\],110.42µm
_07475_,110.37µm
_08087_,110.37µm
_13697_,110.37µm
_14176_,110.37µm
_24064_,110.37µm
_26974_,110.37µm
clknet_leaf_35_clk_i_regs,110.37µm
net1353,110.37µm
_18329_,110.32µm
i_core_v_mini_mcu.ao_peripheral_subsystem_i.tdu_i.task_mem\[7\]\[6\],110.32µm
net93,110.32µm
clknet_leaf_100_clk_i_regs,110.06µm
clknet_leaf_93_i_core_v_mini_mcu.cpu_subsystem_i.cpu_1_0.clk_i,110.06µm
clknet_leaf_114_i_core_v_mini_mcu.cpu_subsystem_i.cpu_0_0.clk_i,110.06µm
net1647,110.04µm
_19403_,109.96µm
net1092,109.96µm
clknet_leaf_124_clk_i_regs,109.96µm
clknet_leaf_83_i_core_v_mini_mcu.cpu_subsystem_i.cpu_1_0.clk_i,109.96µm
clknet_leaf_89_i_core_v_mini_mcu.cpu_subsystem_i.cpu_1_0.clk_i,109.96µm
_10123_,109.91µm
_18274_,109.91µm
_27236_,109.91µm
clknet_leaf_68_clk_i_regs,109.91µm
_09909_,109.86µm
_06501_,109.81µm
_08285_,109.81µm
_17415_,109.81µm
_18308_,109.81µm
_20971_,109.81µm
i_core_v_mini_mcu.ao_peripheral_subsystem_i.tdu_i.task_mem\[0\]\[18\],109.81µm
i_core_v_mini_mcu.core_data_req\[81\],109.81µm
i_core_v_mini_mcu.memory_subsystem_i.ram0_i.tc_ram_i.sram\[30\]\[4\],109.81µm
_05694_,109.76µm
_07430_,109.76µm
_09291_,109.76µm
_18301_,109.76µm
i_core_v_mini_mcu.peripheral_slave_resp\[13\],109.76µm
clknet_leaf_128_i_core_v_mini_mcu.cpu_subsystem_i.cpu_0_0.clk_i,109.76µm
clknet_leaf_131_i_core_v_mini_mcu.cpu_subsystem_i.cpu_0_0.clk_i,109.55µm
_19985_,109.45µm
_22875_,109.41µm
_19757_,109.4µm
_27418_,109.4µm
_27790_,109.4µm
net1019,109.4µm
net1200,109.4µm
_08084_,109.35µm
i_core_v_mini_mcu.ao_peripheral_subsystem_i.power_manager_i.power_manager_reg_top_i.en_wait_for_intr_qs\[15\],109.35µm
net88,109.35µm
net1219,109.35µm
clknet_leaf_109_clk_i_regs,109.35µm
clknet_leaf_100_i_core_v_mini_mcu.cpu_subsystem_i.cpu_1_0.clk_i,109.35µm
net1747,109.35µm
_18345_,109.3µm
_21720_,109.3µm
_21971_,109.3µm
_06956_,109.29µm
_07959_,109.26µm
_05557_,109.25µm
_13170_,109.25µm
_13390_,109.25µm
_26296_,109.25µm
_08017_,109.2µm
_08024_,109.2µm
_24658_,109.2µm
_19167_,108.99µm
clknet_leaf_48_i_core_v_mini_mcu.cpu_subsystem_i.cpu_1_0.clk_i,108.99µm
clknet_leaf_69_i_core_v_mini_mcu.cpu_subsystem_i.cpu_1_0.clk_i,108.94µm
clknet_leaf_112_i_core_v_mini_mcu.cpu_subsystem_i.cpu_1_0.clk_i,108.94µm
clknet_leaf_67_i_core_v_mini_mcu.cpu_subsystem_i.cpu_0_0.clk_i,108.94µm
clknet_leaf_81_i_core_v_mini_mcu.cpu_subsystem_i.cpu_0_0.clk_i,108.94µm
_18279_,108.92µm
i_core_v_mini_mcu.peripheral_subsystem_i.uart_i.reg2hw\[3\],108.84µm
clknet_leaf_53_i_core_v_mini_mcu.cpu_subsystem_i.cpu_0_0.clk_i,108.84µm
_18695_,108.79µm
clknet_leaf_17_i_core_v_mini_mcu.peripheral_subsystem_i.clk_cg,108.79µm
clknet_leaf_0_i_core_v_mini_mcu.cpu_subsystem_i.cpu_0_0.clk_i,108.79µm
clknet_leaf_46_i_core_v_mini_mcu.cpu_subsystem_i.cpu_0_0.clk_i,108.79µm
_06592_,108.74µm
_08468_,108.74µm
_28100_,108.74µm
net1041,108.74µm
_07830_,108.64µm
_14242_,108.64µm
_08304_,108.56µm
_19644_,108.43µm
clknet_leaf_109_i_core_v_mini_mcu.cpu_subsystem_i.cpu_1_0.clk_i,108.43µm
i_core_v_mini_mcu.peripheral_slave_resp\[4\],108.41µm
_18315_,108.38µm
_20793_,108.38µm
clknet_leaf_101_i_core_v_mini_mcu.cpu_subsystem_i.cpu_1_0.clk_i,108.38µm
_27696_,108.33µm
clknet_leaf_93_i_core_v_mini_mcu.cpu_subsystem_i.cpu_0_0.clk_i,108.33µm
_18276_,108.28µm
_19336_,108.28µm
_21710_,108.28µm
_08908_,108.23µm
clknet_leaf_113_i_core_v_mini_mcu.cpu_subsystem_i.cpu_0_0.clk_i,108.23µm
_09141_,108.18µm
_10553_,108.18µm
_25359_,108.18µm
clknet_leaf_139_clk_i_regs,108.18µm
_09877_,108.13µm
_14970_,108.13µm
_18331_,108.13µm
_24759_,108.13µm
_26192_,108.13µm
i_core_v_mini_mcu.memory_subsystem_i.ram0_i.tc_ram_i.sram\[31\]\[4\],108.13µm
_08316_,108.08µm
_24344_,108.08µm
i_core_v_mini_mcu.ao_peripheral_subsystem_i.soc_ctrl_i.soc_ctrl_reg_top_i.system_frequency_hz_qs\[24\],108.08µm
net39,108.08µm
net131,108.08µm
_22183_,107.96µm
i_core_v_mini_mcu.cpu_subsystem_i.cpu_0_0.i_servile.cpu.branch_op,107.82µm
clknet_leaf_17_i_core_v_mini_mcu.cpu_subsystem_i.cpu_1_0.clk_i,107.82µm
_18809_,107.77µm
_22168_,107.77µm
clknet_leaf_143_clk_i_regs,107.77µm
clknet_leaf_111_i_core_v_mini_mcu.cpu_subsystem_i.cpu_0_0.clk_i,107.77µm
net1302,107.77µm
_19594_,107.72µm
clknet_leaf_122_clk_i_regs,107.72µm
clknet_leaf_102_i_core_v_mini_mcu.memory_subsystem_i.clk_cg,107.72µm
_07535_,107.67µm
_07937_,107.67µm
_13839_,107.67µm
_20307_,107.67µm
i_core_v_mini_mcu.ao_peripheral_subsystem_i.power_manager_i.power_manager_reg_top_i.en_wait_for_intr_qs\[11\],107.67µm
_09451_,107.62µm
_14017_,107.62µm
_14490_,107.62µm
_27718_,107.62µm
net111,107.62µm
net1146,107.62µm
net1255,107.62µm
_13814_,107.57µm
_14132_,107.57µm
_24911_,107.57µm
_23023_,107.52µm
_23463_,107.52µm
_23501_,107.52µm
_25658_,107.52µm
_25757_,107.52µm
_26855_,107.52µm
_26951_,107.52µm
net1154,107.52µm
net1757,107.52µm
_19635_,107.46µm
_05263_,107.43µm
_27617_,107.26µm
net1123,107.26µm
clknet_leaf_62_i_core_v_mini_mcu.cpu_subsystem_i.cpu_0_0.clk_i,107.26µm
clknet_leaf_117_clk_i_regs,107.21µm
clknet_leaf_127_i_core_v_mini_mcu.cpu_subsystem_i.cpu_0_0.clk_i,107.21µm
clknet_leaf_76_i_core_v_mini_mcu.cpu_subsystem_i.cpu_0_0.clk_i,107.17µm
_05517_,107.16µm
net1254,107.16µm
_05584_,107.11µm
_15247_,107.11µm
i_core_v_mini_mcu.ao_peripheral_subsystem_i.periph_to_reg_i.r_rdata_d\[24\],107.11µm
clknet_leaf_19_i_core_v_mini_mcu.cpu_subsystem_i.cpu_0_0.clk_i,107.11µm
_11085_,107.06µm
_14441_,107.06µm
_19061_,107.06µm
_19387_,107.06µm
_23550_,107.06µm
net1398,107.06µm
_16928_,107.01µm
_07872_,106.96µm
_14302_,106.96µm
_16406_,106.81µm
_21936_,106.76µm
_18842_,106.75µm
_18287_,106.7µm
clknet_leaf_129_i_core_v_mini_mcu.cpu_subsystem_i.cpu_0_0.clk_i,106.65µm
_23664_,106.6µm
_19082_,106.55µm
_23957_,106.55µm
i_core_v_mini_mcu.peripheral_slave_resp\[0\],106.55µm
i_core_v_mini_mcu.peripheral_slave_resp\[25\],106.55µm
clknet_leaf_50_i_core_v_mini_mcu.cpu_subsystem_i.cpu_0_0.clk_i,106.55µm
clknet_leaf_133_i_core_v_mini_mcu.cpu_subsystem_i.cpu_0_0.clk_i,106.55µm
_18299_,106.5µm
i_core_v_mini_mcu.ao_peripheral_subsystem_i.spi_subsystem_i.obi_spimemio_i.spimemio_i.rd_valid,106.5µm
_08082_,106.45µm
_08584_,106.45µm
_18779_,106.45µm
_22560_,106.45µm
_23193_,106.45µm
i_core_v_mini_mcu.ao_peripheral_subsystem_i.obi_fifo_i.consumer_data_req\[24\],106.45µm
i_core_v_mini_mcu.ao_peripheral_subsystem_i.power_manager_i.power_manager_reg_top_i.cpu_reset_assert_counter_qs\[3\],106.45µm
i_core_v_mini_mcu.cpu_subsystem_i.cpu_1_0.i_servile.cpu.bufreg2.i_bytecnt\[0\],106.45µm
clknet_leaf_151_clk_i_regs,106.45µm
_07938_,106.4µm
_21994_,106.4µm
i_core_v_mini_mcu.ao_peripheral_subsystem_i.power_manager_i.power_manager_reg_top_i.cpu_iso_on_counter_qs\[11\],106.4µm
_05402_,106.19µm
i_core_v_mini_mcu.ao_peripheral_subsystem_i.tdu_i.count_q\[0\],106.17µm
_06907_,106.06µm
_05639_,106.04µm
net1595,106.04µm
_27046_,105.99µm
_07767_,105.98µm
_07629_,105.94µm
_18388_,105.94µm
_18897_,105.94µm
_19341_,105.94µm
_23284_,105.94µm
i_core_v_mini_mcu.ao_peripheral_subsystem_i.obi_fifo_i.consumer_data_req\[17\],105.94µm
i_core_v_mini_mcu.ao_peripheral_subsystem_i.tdu_i.count_q\[3\],105.94µm
net1098,105.94µm
clknet_leaf_49_i_core_v_mini_mcu.cpu_subsystem_i.cpu_1_0.clk_i,105.94µm
_12651_,105.89µm
_19992_,105.89µm
_21000_,105.89µm
_24843_,105.89µm
_25285_,105.89µm
i_core_v_mini_mcu.ao_peripheral_subsystem_i.obi_fifo_i.consumer_data_req\[2\],105.89µm
_28066_,105.84µm
clknet_leaf_106_i_core_v_mini_mcu.cpu_subsystem_i.cpu_0_0.clk_i,105.68µm
_06912_,105.58µm
_14285_,105.53µm
clknet_leaf_12_i_core_v_mini_mcu.cpu_subsystem_i.cpu_1_0.clk_i,105.53µm
net1418,105.53µm
_18799_,105.48µm
_06405_,105.43µm
_11106_,105.43µm
_21687_,105.43µm
_07624_,105.38µm
_09137_,105.38µm
_13226_,105.38µm
i_core_v_mini_mcu.ao_peripheral_subsystem_i.obi_fifo_i.consumer_data_req\[16\],105.38µm
i_core_v_mini_mcu.peripheral_subsystem_i.uart_i.uart_core.rx_valid,105.38µm
clknet_leaf_36_clk_i_regs,105.38µm
_05732_,105.33µm
_06488_,105.33µm
_18179_,105.33µm
i_core_v_mini_mcu.ao_peripheral_subsystem_i.periph_to_reg_i.r_rdata_d\[23\],105.33µm
clknet_leaf_30_i_core_v_mini_mcu.cpu_subsystem_i.cpu_0_0.clk_i,105.33µm
net1628,105.33µm
_00014_,105.28µm
_19187_,105.17µm
clknet_leaf_38_i_core_v_mini_mcu.cpu_subsystem_i.cpu_0_0.clk_i,105.02µm
clknet_leaf_44_i_core_v_mini_mcu.cpu_subsystem_i.cpu_0_0.clk_i,105.02µm
_19808_,104.97µm
i_core_v_mini_mcu.peripheral_subsystem_i.uart_i.uart_core.rx_timeout_count_q\[0\],104.97µm
clknet_leaf_90_clk_i_regs,104.97µm
clknet_leaf_35_i_core_v_mini_mcu.cpu_subsystem_i.cpu_0_0.clk_i,104.97µm
clknet_leaf_80_i_core_v_mini_mcu.cpu_subsystem_i.cpu_0_0.clk_i,104.97µm
_19354_,104.92µm
_23156_,104.92µm
clknet_leaf_102_clk_i_regs,104.92µm
_06212_,104.87µm
_06558_,104.87µm
_27591_,104.87µm
_10789_,104.82µm
_12899_,104.82µm
net1206,104.82µm
_07124_,104.77µm
_24357_,104.77µm
_27705_,104.77µm
i_core_v_mini_mcu.peripheral_subsystem_i.uart_i.uart_core.u_uart_txfifo.gen_normal_fifo.fifo_wptr\[1\],104.77µm
_20449_,104.72µm
i_core_v_mini_mcu.ao_peripheral_subsystem_i.power_manager_i.power_manager_reg_top_i.reg2hw\[228\],104.72µm
_05425_,104.54µm
_09736_,104.51µm
_12068_,104.39µm
_18468_,104.36µm
i_core_v_mini_mcu.memory_subsystem_i.ram0_i.rdata_o\[2\],104.36µm
clknet_leaf_106_i_core_v_mini_mcu.cpu_subsystem_i.cpu_1_0.clk_i,104.36µm
_06643_,104.31µm
net1645,104.31µm
_06894_,104.26µm
_13472_,104.26µm
_24531_,104.21µm
i_core_v_mini_mcu.ao_peripheral_slave_resp\[18\],104.21µm
i_core_v_mini_mcu.peripheral_subsystem_i.periph_to_reg_i.r_rdata_d\[17\],104.21µm
_10457_,104.16µm
_25075_,104.16µm
i_core_v_mini_mcu.peripheral_subsystem_i.obi_fifo_i.consumer_resp_i\[13\],104.16µm
_06458_,103.95µm
_18231_,103.95µm
_18454_,103.85µm
_18193_,103.8µm
_19685_,103.8µm
net1364,103.8µm
_20150_,103.75µm
_06792_,103.7µm
_10844_,103.7µm
_14029_,103.7µm
_18929_,103.7µm
_08957_,103.65µm
_09459_,103.65µm
_14007_,103.65µm
_14025_,103.65µm
_10520_,103.6µm
_27632_,103.6µm
net123,103.6µm
clknet_leaf_88_i_core_v_mini_mcu.cpu_subsystem_i.cpu_1_0.clk_i,103.6µm
_19603_,103.29µm
clknet_leaf_99_i_core_v_mini_mcu.cpu_subsystem_i.cpu_1_0.clk_i,103.29µm
_19552_,103.24µm
clknet_leaf_33_clk_i_regs,103.24µm
clknet_leaf_49_clk_i_regs,103.24µm
net1135,103.19µm
_07319_,103.14µm
_07379_,103.14µm
_18538_,103.14µm
_21512_,103.14µm
_27387_,103.14µm
i_core_v_mini_mcu.core_data_req\[14\],103.14µm
net146,103.14µm
clknet_leaf_75_i_core_v_mini_mcu.cpu_subsystem_i.cpu_1_0.clk_i,103.14µm
net1335,103.14µm
_06862_,103.09µm
_18372_,103.09µm
_25231_,103.09µm
_08282_,103.04µm
net145,103.04µm
net964,102.78µm
_05413_,102.68µm
clknet_leaf_7_clk_i_regs,102.68µm
clknet_leaf_91_i_core_v_mini_mcu.cpu_subsystem_i.cpu_1_0.clk_i,102.68µm
net1362,102.63µm
_04444_,102.58µm
_11667_,102.58µm
i_core_v_mini_mcu.ao_peripheral_subsystem_i.obi_fifo_i.consumer_data_req\[29\],102.58µm
i_core_v_mini_mcu.peripheral_subsystem_i.uart_i.reg2hw\[12\],102.58µm
_22284_,102.53µm
_25886_,102.53µm
i_core_v_mini_mcu.ao_peripheral_subsystem_i.power_manager_i.power_manager_reg_top_i.cpu_switch_off_counter_qs\[2\],102.53µm
net1287,102.53µm
_06748_,102.5µm
net1648,102.5µm
_12856_,102.48µm
_18363_,102.48µm
_27600_,102.48µm
i_core_v_mini_mcu.ao_peripheral_subsystem_i.spi_subsystem_i.obi_spimemio_i.cfgreg_do\[9\],102.48µm
_09025_,102.27µm
_09646_,102.22µm
clknet_leaf_148_clk_i_regs,102.22µm
clknet_leaf_7_i_core_v_mini_mcu.cpu_subsystem_i.cpu_1_0.clk_i,102.22µm
clknet_leaf_122_i_core_v_mini_mcu.cpu_subsystem_i.cpu_0_0.clk_i,102.17µm
_09444_,102.12µm
_23325_,102.12µm
_12497_,102.02µm
_21676_,102.02µm
_05632_,101.97µm
_07401_,101.97µm
_13115_,101.97µm
_14004_,101.97µm
_25257_,101.97µm
i_core_v_mini_mcu.memory_subsystem_i.ram0_i.tc_ram_i.sram\[30\]\[6\],101.97µm
net1002,101.97µm
_05699_,101.92µm
_07468_,101.92µm
_22095_,101.92µm
net65,101.92µm
_09885_,101.81µm
i_core_v_mini_mcu.ao_peripheral_subsystem_i.tdu_i.task_mem\[0\]\[31\],101.8µm
clknet_leaf_9_i_core_v_mini_mcu.cpu_subsystem_i.cpu_1_0.clk_i,101.76µm
_27391_,101.66µm
_24006_,101.61µm
clknet_leaf_35_i_core_v_mini_mcu.cpu_subsystem_i.cpu_1_0.clk_i,101.61µm
_07137_,101.56µm
_19429_,101.56µm
_17792_,101.51µm
i_core_v_mini_mcu.peripheral_subsystem_i.uart_i.reg2hw\[89\],101.51µm
net34,101.51µm
_05398_,101.46µm
_07664_,101.46µm
i_core_v_mini_mcu.ao_peripheral_subsystem_i.mosaic_clint_i.mtimecmp_q\[105\],101.46µm
_18172_,101.41µm
_27728_,101.41µm
i_core_v_mini_mcu.ao_peripheral_subsystem_i.obi_fifo_i.consumer_data_req\[9\],101.41µm
_11495_,101.36µm
_13391_,101.36µm
_13836_,101.36µm
clknet_leaf_47_i_core_v_mini_mcu.cpu_subsystem_i.cpu_1_0.clk_i,101.36µm
_16563_,101.28µm
_22450_,101.2µm
clknet_leaf_33_i_core_v_mini_mcu.cpu_subsystem_i.cpu_1_0.clk_i,101.2µm
clknet_leaf_97_i_core_v_mini_mcu.cpu_subsystem_i.cpu_1_0.clk_i,101.15µm
i_core_v_mini_mcu.ao_peripheral_subsystem_i.obi_fifo_i.consumer_data_req\[19\],101.13µm
_27415_,101.1µm
clknet_leaf_141_clk_i_regs,101.1µm
clknet_leaf_90_i_core_v_mini_mcu.cpu_subsystem_i.cpu_1_0.clk_i,101.1µm
clknet_leaf_86_i_core_v_mini_mcu.cpu_subsystem_i.cpu_0_0.clk_i,101.05µm
_14924_,101µm
_19373_,101µm
i_core_v_mini_mcu.ao_peripheral_subsystem_i.power_manager_i.power_manager_reg_top_i.cpu_switch_off_counter_qs\[14\],101µm
i_core_v_mini_mcu.ao_peripheral_subsystem_i.power_manager_i.power_manager_reg_top_i.en_wait_for_intr_qs\[8\],101µm
net1137,101µm
_13760_,100.95µm
_19371_,100.95µm
_21472_,100.95µm
_26168_,100.95µm
i_core_v_mini_mcu.ao_peripheral_subsystem_i.spi_subsystem_i.obi_spimemio_i.obi_to_picorv32_i.addr_buf\[2\],100.95µm
_05702_,100.9µm
_20528_,100.9µm
_24758_,100.9µm
i_core_v_mini_mcu.ao_peripheral_subsystem_i.power_manager_i.power_manager_reg_top_i.reg2hw\[232\],100.9µm
i_core_v_mini_mcu.peripheral_subsystem_i.uart_i.uart_core.u_uart_txfifo.gen_normal_fifo.storage\[2\],100.9µm
net1204,100.9µm
_06596_,100.85µm
_10349_,100.85µm
_10608_,100.85µm
_26090_,100.85µm
_26495_,100.85µm
i_core_v_mini_mcu.ao_peripheral_subsystem_i.power_manager_i.power_manager_reg_top_i.cpu_iso_on_counter_qs\[2\],100.85µm
i_core_v_mini_mcu.cpu_subsystem_i.cpu_1_0.rf_ram_i.memory\[106\]\[0\],100.85µm
_07135_,100.8µm
_11841_,100.8µm
_20371_,100.8µm
_18320_,100.59µm
clknet_leaf_42_i_core_v_mini_mcu.cpu_subsystem_i.cpu_0_0.clk_i,100.49µm
_07295_,100.39µm
_12208_,100.39µm
_19347_,100.39µm
i_core_v_mini_mcu.ao_peripheral_subsystem_i.power_manager_i.power_manager_reg_top_i.cpu_switch_on_counter_qs\[13\],100.39µm
i_core_v_mini_mcu.peripheral_subsystem_i.uart_i.reg2hw\[11\],100.39µm
net1080,100.39µm
net1155,100.39µm
net975,100.34µm
clknet_leaf_5_i_core_v_mini_mcu.cpu_subsystem_i.cpu_0_0.clk_i,100.34µm
_05799_,100.29µm
_27681_,100.29µm
_06933_,100.24µm
_09676_,100.24µm
_14334_,100.24µm
_21911_,100.24µm
net1643,100.24µm
_18395_,100.18µm
clknet_leaf_134_i_core_v_mini_mcu.cpu_subsystem_i.cpu_0_0.clk_i,99.97µm
_19788_,99.88µm
_20240_,99.88µm
_23394_,99.88µm
net57,99.88µm
_16657_,99.83µm
_21517_,99.83µm
_21629_,99.83µm
_24573_,99.83µm
_28091_,99.83µm
i_core_v_mini_mcu.ao_peripheral_subsystem_i.spi_subsystem_i.obi_spimemio_i.spimemio_i.state\[1\],99.83µm
i_core_v_mini_mcu.ao_peripheral_subsystem_i.spi_subsystem_i.obi_spimemio_i.spimemio_i.xfer.flash_io0_do,99.83µm
_05435_,99.78µm
_07370_,99.78µm
_13055_,99.78µm
_22763_,99.78µm
_24561_,99.78µm
_08041_,99.73µm
_11562_,99.73µm
_23567_,99.73µm
i_core_v_mini_mcu.ao_peripheral_subsystem_i.obi_fifo_i.consumer_data_req\[38\],99.73µm
i_core_v_mini_mcu.cpu_subsystem_i.cpu_0_0.rf_ram_i.memory\[21\]\[1\],99.73µm
_07296_,99.68µm
_07703_,99.68µm
_10545_,99.68µm
_27604_,99.68µm
i_core_v_mini_mcu.cpu_subsystem_i.cpu_0_0.i_servile.cpu.bufreg.data\[0\],99.52µm
clknet_leaf_89_i_core_v_mini_mcu.cpu_subsystem_i.cpu_0_0.clk_i,99.5µm
_20105_,99.37µm
_21487_,99.37µm
_05949_,99.32µm
_06349_,99.32µm
_19001_,99.32µm
_22913_,99.32µm
clknet_leaf_44_i_core_v_mini_mcu.cpu_subsystem_i.cpu_1_0.clk_i,99.32µm
clknet_leaf_87_i_core_v_mini_mcu.cpu_subsystem_i.cpu_1_0.clk_i,99.32µm
_09471_,99.27µm
_13858_,99.27µm
_22770_,99.27µm
_27259_,99.27µm
i_core_v_mini_mcu.ao_peripheral_subsystem_i.power_manager_i.power_manager_reg_top_i.cpu_iso_off_counter_qs\[0\],99.27µm
clknet_leaf_12_i_core_v_mini_mcu.cpu_subsystem_i.cpu_0_0.clk_i,99.27µm
_08520_,99.22µm
_21627_,99.22µm
_06859_,99.17µm
_07454_,99.17µm
_10568_,99.17µm
_05806_,99.12µm
_12029_,99.12µm
_13411_,99.12µm
_23247_,99.12µm
i_core_v_mini_mcu.peripheral_subsystem_i.uart_i.reg2hw\[16\],99.12µm
_18759_,99.06µm
_05568_,99.03µm
i_core_v_mini_mcu.ao_peripheral_subsystem_i.obi_fifo_i.consumer_data_req\[50\],98.94µm
_24241_,98.91µm
_06995_,98.87µm
_18979_,98.86µm
_18374_,98.84µm
_06690_,98.76µm
clknet_leaf_73_i_core_v_mini_mcu.cpu_subsystem_i.cpu_1_0.clk_i,98.76µm
_18412_,98.71µm
_20549_,98.71µm
clknet_leaf_34_i_core_v_mini_mcu.cpu_subsystem_i.cpu_1_0.clk_i,98.71µm
net1361,98.71µm
i_core_v_mini_mcu.ao_peripheral_subsystem_i.power_manager_i.power_manager_reg_top_i.cpu_reset_assert_counter_qs\[6\],98.66µm
i_core_v_mini_mcu.peripheral_subsystem_i.uart_i.reg2hw\[87\],98.66µm
_08373_,98.61µm
_10353_,98.61µm
_12867_,98.61µm
_07132_,98.56µm
_23268_,98.56µm
_05757_,98.3µm
_21520_,98.3µm
_10504_,98.15µm
net1226,98.15µm
net1258,98.15µm
_06818_,98.1µm
_12851_,98.1µm
_13931_,98.1µm
_14756_,98.1µm
_15737_,98.1µm
_20526_,98.1µm
clknet_leaf_39_clk_i_regs,98.1µm
_06233_,98.05µm
_08341_,98.05µm
_11054_,98.05µm
_21302_,98.05µm
clknet_leaf_132_clk_i_regs,97.79µm
clknet_leaf_8_i_core_v_mini_mcu.cpu_subsystem_i.cpu_1_0.clk_i,97.69µm
_06658_,97.64µm
i_core_v_mini_mcu.peripheral_subsystem_i.uart_i.reg2hw\[4\],97.64µm
_05567_,97.59µm
_08670_,97.59µm
_18349_,97.59µm
_18518_,97.54µm
_21588_,97.54µm
_24664_,97.54µm
i_core_v_mini_mcu.ao_peripheral_slave_resp\[17\],97.54µm
i_core_v_mini_mcu.core_data_req\[77\],97.54µm
_19041_,97.51µm
_06837_,97.49µm
_13536_,97.49µm
_13961_,97.49µm
exit_value_int\[24\],97.49µm
net85,97.49µm
_07794_,97.44µm
_13631_,97.44µm
_22685_,97.44µm
_24641_,97.44µm
_24985_,97.44µm
clknet_leaf_47_i_core_v_mini_mcu.cpu_subsystem_i.cpu_0_0.clk_i,97.44µm
_27795_,97.43µm
_20153_,97.23µm
_22798_,97.21µm
clknet_leaf_54_i_core_v_mini_mcu.peripheral_subsystem_i.clk_cg,97.13µm
_18154_,97.08µm
clknet_leaf_0_i_core_v_mini_mcu.cpu_subsystem_i.cpu_1_0.clk_i,97.08µm
_23427_,97.04µm
_08840_,97.03µm
_09475_,97.03µm
i_core_v_mini_mcu.ao_peripheral_subsystem_i.mosaic_clint_i.mtimecmp_q\[78\],97.03µm
_09325_,96.98µm
_13943_,96.98µm
_21163_,96.98µm
_23143_,96.98µm
_09881_,96.93µm
_12594_,96.93µm
_21151_,96.93µm
_27665_,96.93µm
i_core_v_mini_mcu.ao_peripheral_slave_resp\[21\],96.93µm
i_core_v_mini_mcu.cpu_subsystem_i.cpu_0_0.i_servile.cpu.immdec.gen_immdec_w_eq_1.imm31,96.93µm
net117,96.93µm
_05420_,96.88µm
_13778_,96.88µm
_09335_,96.78µm
_06541_,96.67µm
i_core_v_mini_mcu.ao_peripheral_subsystem_i.obi_fifo_i.consumer_data_req\[13\],96.65µm
_18622_,96.52µm
_05412_,96.47µm
i_core_v_mini_mcu.ao_peripheral_subsystem_i.obi_fifo_i.consumer_data_req\[31\],96.47µm
_19071_,96.42µm
_27487_,96.42µm
i_core_v_mini_mcu.cpu_subsystem_i.cpu_1_0.rf_ram_i.memory\[122\]\[1\],96.42µm
i_core_v_mini_mcu.memory_subsystem_i.ram0_i.rdata_o\[10\],96.42µm
_06554_,96.37µm
_09043_,96.37µm
_10544_,96.37µm
_12402_,96.37µm
_14456_,96.37µm
clknet_leaf_70_clk_i_regs,96.37µm
_20465_,96.32µm
_25634_,96.32µm
clknet_leaf_48_clk_i_regs,96.06µm
clknet_leaf_76_i_core_v_mini_mcu.cpu_subsystem_i.cpu_1_0.clk_i,96.06µm
_19438_,96.01µm
i_core_v_mini_mcu.ao_peripheral_subsystem_i.mosaic_clint_i.mtimecmp_q\[109\],96.01µm
clknet_leaf_86_i_core_v_mini_mcu.cpu_subsystem_i.cpu_1_0.clk_i,96.01µm
_09910_,95.96µm
clknet_leaf_61_i_core_v_mini_mcu.peripheral_subsystem_i.clk_cg,95.96µm
_18460_,95.91µm
_19490_,95.91µm
_07333_,95.86µm
_10549_,95.86µm
_27164_,95.86µm
_07551_,95.81µm
_21176_,95.81µm
_24869_,95.81µm
i_core_v_mini_mcu.ao_peripheral_subsystem_i.tdu_i.task_mem\[2\]\[23\],95.81µm
_20448_,95.76µm
_22342_,95.76µm
i_core_v_mini_mcu.ao_peripheral_subsystem_i.tdu_i.task_mem\[1\]\[17\],95.76µm
clknet_leaf_74_i_core_v_mini_mcu.cpu_subsystem_i.cpu_1_0.clk_i,95.5µm
_09168_,95.45µm
_23809_,95.45µm
i_core_v_mini_mcu.peripheral_subsystem_i.uart_i.reg2hw\[28\],95.45µm
net1012,95.45µm
net1045,95.45µm
clknet_leaf_50_i_core_v_mini_mcu.peripheral_subsystem_i.clk_cg,95.45µm
_13811_,95.4µm
i_core_v_mini_mcu.ao_peripheral_subsystem_i.clint_mtime_o\[55\],95.4µm
i_core_v_mini_mcu.ao_peripheral_subsystem_i.mosaic_clint_i.mtimecmp_q\[77\],95.35µm
i_core_v_mini_mcu.cpu_subsystem_i.cpu_0_0.i_servile.arbiter.i_wb_cpu_ibus_adr\[1\],95.35µm
net1133,95.35µm
_12404_,95.3µm
_18571_,95.3µm
i_core_v_mini_mcu.cpu_subsystem_i.cpu_0_0.i_servile.o_rf_raddr\[0\],95.3µm
net1332,95.3µm
_14352_,95.25µm
_19758_,95.25µm
_21261_,95.25µm
_23558_,95.25µm
_24462_,95.2µm
_19584_,95.19µm
_19737_,95.04µm
_22858_,94.99µm
clknet_leaf_142_clk_i_regs,94.99µm
clknet_leaf_101_clk_i_regs,94.94µm
_18990_,94.89µm
net995,94.89µm
_05654_,94.84µm
net817,94.84µm
net990,94.84µm
_05436_,94.74µm
i_core_v_mini_mcu.ao_peripheral_subsystem_i.obi_fifo_i.consumer_data_req\[28\],94.74µm
i_core_v_mini_mcu.ao_peripheral_subsystem_i.power_manager_i.power_manager_reg_top_i.cpu_counters_stop_cpu_reset_assert_stop_bit_counter_qs,94.74µm
i_core_v_mini_mcu.peripheral_subsystem_i.uart_i.uart_core.u_uart_txfifo.gen_normal_fifo.storage\[9\],94.74µm
_06330_,94.69µm
_07200_,94.69µm
_10578_,94.69µm
_18453_,94.69µm
_24591_,94.69µm
_23610_,94.64µm
_27069_,94.64µm
net130,94.64µm
i_core_v_mini_mcu.core_data_req\[91\],94.38µm
_19000_,94.33µm
_19030_,94.33µm
i_core_v_mini_mcu.ao_peripheral_subsystem_i.mosaic_clint_i.mtimecmp_q\[120\],94.28µm
net1297,94.28µm
_05589_,94.18µm
_05938_,94.18µm
_18452_,94.13µm
_18989_,94.13µm
_26662_,94.13µm
i_core_v_mini_mcu.cpu_subsystem_i.cpu_1_0.rf_ram_i.memory\[39\]\[0\],94.13µm
_06734_,94.08µm
_08671_,94.08µm
i_core_v_mini_mcu.ao_peripheral_subsystem_i.tdu_i.task_mem\[4\]\[5\],94.08µm
clknet_leaf_152_clk_i_regs,94.02µm
i_core_v_mini_mcu.ao_peripheral_subsystem_i.clint_mtime_o\[57\],93.77µm
net1263,93.77µm
_07207_,93.74µm
_05612_,93.72µm
_27392_,93.72µm
_07015_,93.67µm
_22561_,93.67µm
clknet_leaf_37_i_core_v_mini_mcu.cpu_subsystem_i.cpu_1_0.clk_i,93.67µm
_07835_,93.62µm
_14345_,93.62µm
_18303_,93.62µm
_05621_,93.57µm
_09886_,93.57µm
_14027_,93.57µm
_23441_,93.57µm
_03995_,93.52µm
_25178_,93.52µm
_27691_,93.52µm
_09629_,93.26µm
net983,93.26µm
_07059_,93.24µm
_18496_,93.21µm
net1021,93.21µm
clknet_leaf_79_clk_i_regs,93.21µm
_14768_,93.16µm
_16395_,93.16µm
_20546_,93.16µm
_18335_,93.06µm
i_core_v_mini_mcu.cpu_subsystem_i.cpu_1_0.rf_ram_i.memory\[104\]\[1\],93.06µm
i_core_v_mini_mcu.memory_subsystem_i.ram0_i.tc_ram_i.sram\[10\]\[29\],93.06µm
_08655_,93.01µm
_24850_,93.01µm
_26685_,93.01µm
i_core_v_mini_mcu.ao_peripheral_subsystem_i.mosaic_clint_i.mtimecmp_q\[29\],93.01µm
_10473_,92.96µm
_23358_,92.96µm
_24948_,92.96µm
_27648_,92.96µm
_05563_,92.6µm
_22574_,92.6µm
clknet_leaf_137_clk_i_regs,92.6µm
_18442_,92.55µm
_10065_,92.5µm
_10546_,92.5µm
_07508_,92.45µm
_07769_,92.45µm
_08994_,92.45µm
_14001_,92.45µm
_18435_,92.45µm
_26997_,92.45µm
i_core_v_mini_mcu.cpu_subsystem_i.cpu_0_0.i_servile.cpu.csr_en,92.45µm
i_core_v_mini_mcu.cpu_subsystem_i.cpu_0_0.rf_ram_i.memory\[1\]\[1\],92.45µm
i_core_v_mini_mcu.peripheral_subsystem_i.uart_i.hw2reg\[10\],92.45µm
_10554_,92.4µm
_23154_,92.4µm
_24316_,92.4µm
i_core_v_mini_mcu.ao_peripheral_subsystem_i.tdu_i.task_mem\[1\]\[8\],92.4µm
i_core_v_mini_mcu.ao_peripheral_subsystem_i.tdu_i.task_mem\[6\]\[11\],92.4µm
i_core_v_mini_mcu.cpu_subsystem_i.cpu_0_0.i_servile.cpu.immdec.gen_immdec_w_eq_1.imm19_12_20\[6\],92.4µm
_15807_,92.22µm
_19798_,92.14µm
_27972_,92.14µm
_09465_,92.04µm
_14366_,92.04µm
net1196,92.04µm
clknet_leaf_40_i_core_v_mini_mcu.peripheral_subsystem_i.clk_cg,92.04µm
_28055_,91.99µm
i_core_v_mini_mcu.ao_peripheral_subsystem_i.clint_mtime_o\[45\],91.99µm
i_core_v_mini_mcu.ao_peripheral_subsystem_i.power_manager_i.power_manager_reg_top_i.cpu_switch_off_counter_qs\[1\],91.99µm
clknet_leaf_69_clk_i_regs,91.99µm
_26767_,91.94µm
i_core_v_mini_mcu.ao_peripheral_subsystem_i.obi_fifo_i.consumer_data_req\[33\],91.94µm
_06557_,91.89µm
_07193_,91.89µm
_08095_,91.89µm
_09065_,91.89µm
_14203_,91.89µm
_21609_,91.89µm
_25397_,91.89µm
_04062_,91.84µm
i_core_v_mini_mcu.ao_peripheral_subsystem_i.tdu_i.task_mem\[4\]\[17\],91.84µm
net113,91.84µm
_22874_,91.63µm
_19666_,91.53µm
clknet_leaf_43_i_core_v_mini_mcu.cpu_subsystem_i.cpu_0_0.clk_i,91.53µm
net1366,91.53µm
_09632_,91.48µm
_06567_,91.43µm
_13459_,91.43µm
_14287_,91.43µm
_14731_,91.43µm
_18738_,91.43µm
_19291_,91.43µm
i_core_v_mini_mcu.cpu_subsystem_i.cpu_0_0.rf_ram_i.memory\[20\]\[1\],91.43µm
_13838_,91.38µm
i_core_v_mini_mcu.peripheral_subsystem_i.uart_i.reg2hw\[0\],91.38µm
net35,91.38µm
net1326,91.38µm
net1336,91.38µm
_06174_,91.33µm
_07858_,91.33µm
_07881_,91.33µm
_09097_,91.33µm
_13075_,91.33µm
_22191_,91.33µm
_23806_,91.33µm
_08165_,91.28µm
_08798_,91.28µm
_18399_,91.28µm
i_core_v_mini_mcu.cpu_subsystem_i.cpu_1_0.rf_ram_i.memory\[101\]\[0\],91.28µm
i_core_v_mini_mcu.ao_peripheral_subsystem_i.tdu_i.task_mem\[6\]\[6\],91µm
net1014,90.97µm
_09564_,90.92µm
_16370_,90.92µm
_18328_,90.92µm
_18339_,90.87µm
_23465_,90.87µm
net1078,90.87µm
clknet_leaf_57_i_core_v_mini_mcu.peripheral_subsystem_i.clk_cg,90.87µm
_16383_,90.82µm
_16387_,90.82µm
_17004_,90.82µm
_18396_,90.82µm
_20057_,90.82µm
_24329_,90.82µm
i_core_v_mini_mcu.ao_peripheral_subsystem_i.obi_fifo_i.consumer_data_req\[40\],90.82µm
_07268_,90.77µm
_08033_,90.77µm
_15720_,90.77µm
_23637_,90.77µm
i_core_v_mini_mcu.ao_peripheral_subsystem_i.tdu_i.task_mem\[7\]\[11\],90.77µm
i_core_v_mini_mcu.cpu_subsystem_i.cpu_0_0.i_servile.cpu.o_wdata0,90.77µm
_05830_,90.72µm
_21640_,90.72µm
net982,90.56µm
_07318_,90.46µm
clknet_leaf_62_i_core_v_mini_mcu.peripheral_subsystem_i.clk_cg,90.41µm
_11423_,90.36µm
_12324_,90.36µm
_20626_,90.34µm
_06650_,90.31µm
i_core_v_mini_mcu.ao_peripheral_subsystem_i.clint_mtime_o\[51\],90.31µm
i_core_v_mini_mcu.peripheral_subsystem_i.uart_i.uart_core.uart_tx.bit_cnt_q\[0\],90.31µm
_18314_,90.26µm
_27561_,90.26µm
net1242,90.26µm
_06964_,90.21µm
_07713_,90.21µm
_08518_,90.21µm
_08975_,90.21µm
_10589_,90.21µm
_13823_,90.21µm
_18309_,90.21µm
_22700_,90.21µm
_25022_,90.21µm
_27425_,90.21µm
i_core_v_mini_mcu.cpu_subsystem_i.cpu_0_0.rf_ram_i.memory\[301\]\[0\],90.21µm
_07239_,90.16µm
_08379_,90.16µm
_09441_,90.16µm
_07887_,89.75µm
_22142_,89.75µm
_23936_,89.75µm
i_core_v_mini_mcu.ao_peripheral_subsystem_i.tdu_i.active_hart_cycles_q\[17\],89.75µm
i_core_v_mini_mcu.peripheral_subsystem_i.uart_i.uart_core.u_uart_rxfifo.gen_normal_fifo.fifo_rptr\[1\],89.75µm
_05790_,89.7µm
_06351_,89.7µm
_11231_,89.7µm
_14030_,89.7µm
_19541_,89.7µm
i_core_v_mini_mcu.peripheral_subsystem_i.uart_i.hw2reg\[18\],89.7µm
_14179_,89.65µm
_19470_,89.65µm
_22707_,89.65µm
_23389_,89.65µm
_27010_,89.65µm
_12770_,89.6µm
_22774_,89.6µm
_24740_,89.6µm
_19624_,89.39µm
_09385_,89.34µm
_18960_,89.29µm
_22656_,89.24µm
_27610_,89.24µm
clknet_leaf_150_clk_i_regs,89.24µm
_07257_,89.19µm
_22989_,89.19µm
_10444_,89.14µm
_25236_,89.14µm
_06824_,89.09µm
_07765_,89.09µm
_13468_,89.09µm
_13636_,89.09µm
_13817_,89.09µm
_18429_,89.09µm
_09245_,89.04µm
_26590_,89.04µm
i_core_v_mini_mcu.ao_peripheral_subsystem_i.power_manager_i.power_manager_reg_top_i.reg2hw\[233\],89.04µm
_18643_,88.93µm
_21152_,88.83µm
_06250_,88.78µm
_06897_,88.68µm
_19583_,88.68µm
_20747_,88.68µm
_19135_,88.63µm
_21501_,88.63µm
i_core_v_mini_mcu.peripheral_subsystem_i.uart_i.reg2hw\[21\],88.63µm
_07078_,88.58µm
_14765_,88.58µm
_18438_,88.58µm
_18747_,88.58µm
_22003_,88.58µm
clknet_leaf_14_i_core_v_mini_mcu.peripheral_subsystem_i.clk_cg,88.58µm
_07578_,88.53µm
_12660_,88.53µm
_14447_,88.53µm
_22215_,88.53µm
_26397_,88.53µm
net1282,88.53µm
_00191_,88.48µm
_20394_,88.48µm
_21619_,88.48µm
_28056_,88.48µm
i_core_v_mini_mcu.ao_peripheral_subsystem_i.power_manager_i.power_manager_reg_top_i.monitor_power_gate_core_qs\[0\],88.48µm
i_core_v_mini_mcu.ao_peripheral_subsystem_i.tdu_i.count_q\[2\],88.48µm
_15990_,88.45µm
net963,88.27µm
clknet_leaf_52_i_core_v_mini_mcu.peripheral_subsystem_i.clk_cg,88.22µm
_19021_,88.12µm
i_core_v_mini_mcu.cpu_subsystem_i.cpu_1_0.i_servile.cpu.immdec.gen_immdec_w_eq_1.imm11_7\[0\],88.12µm
_11170_,88.02µm
_22593_,88.02µm
i_core_v_mini_mcu.core_data_req\[18\],88.02µm
i_core_v_mini_mcu.cpu_subsystem_i.cpu_1_0.i_servile.cpu.bufreg.i_sh_signed,88.02µm
i_core_v_mini_mcu.cpu_subsystem_i.cpu_1_0.rf_ram_i.memory\[3\]\[1\],88.02µm
net1231,88.02µm
clknet_leaf_27_i_core_v_mini_mcu.peripheral_subsystem_i.clk_cg,88.02µm
_05518_,87.97µm
_06370_,87.97µm
_11049_,87.97µm
_15133_,87.97µm
_18318_,87.92µm
_18466_,87.92µm
_22595_,87.92µm
i_core_v_mini_mcu.peripheral_subsystem_i.uart_i.hw2reg\[11\],87.92µm
_10515_,87.71µm
i_core_v_mini_mcu.cpu_subsystem_i.cpu_1_0.rf_ram_i.memory\[251\]\[1\],87.63µm
clknet_leaf_77_i_core_v_mini_mcu.cpu_subsystem_i.cpu_0_0.clk_i,87.61µm
_19696_,87.51µm
_19390_,87.46µm
_24621_,87.46µm
_25911_,87.46µm
i_core_v_mini_mcu.ao_peripheral_slave_resp\[22\],87.46µm
net265,87.46µm
net1285,87.46µm
_08817_,87.41µm
_14282_,87.41µm
_21229_,87.41µm
_21338_,87.41µm
_22108_,87.41µm
net1296,87.41µm
_18841_,87.36µm
_10735_,87.2µm
_19593_,87.2µm
clknet_leaf_64_i_core_v_mini_mcu.peripheral_subsystem_i.clk_cg,87.05µm
_18922_,86.95µm
_19479_,86.95µm
_06724_,86.9µm
_10535_,86.9µm
_12915_,86.9µm
_22586_,86.9µm
i_core_v_mini_mcu.ao_peripheral_subsystem_i.tdu_i.task_mem\[3\]\[23\],86.9µm
net1295,86.9µm
_06679_,86.85µm
_12437_,86.85µm
_12794_,86.85µm
_21329_,86.85µm
_22620_,86.85µm
i_core_v_mini_mcu.cpu_subsystem_i.cpu_0_0.rf_ram_i.memory\[26\]\[0\],86.85µm
i_core_v_mini_mcu.system_bus_i.system_xbar_i.gen_xbar_NtoM.i_xbar.gen_outputs\[5\].gen_rr_arb_tree.i_rr_arb_tree.gen_arbiter.rr_q\[1\],86.85µm
net711,86.85µm
_07991_,86.8µm
_08793_,86.8µm
_09108_,86.8µm
_09689_,86.54µm
net342,86.54µm
clknet_leaf_92_i_core_v_mini_mcu.cpu_subsystem_i.cpu_0_0.clk_i,86.54µm
net997,86.49µm
_09237_,86.39µm
net151,86.39µm
net1239,86.39µm
_20555_,86.34µm
net1073,86.34µm
_07828_,86.29µm
_10356_,86.29µm
_11601_,86.29µm
_13574_,86.29µm
_18980_,86.29µm
i_core_v_mini_mcu.cpu_subsystem_i.cpu_0_0.i_servile.cpu.csr_mstatus_en,86.29µm
net1038,86.29µm
_13329_,86.24µm
_13591_,86.24µm
_23548_,86.24µm
_25339_,86.24µm
_25551_,86.24µm
net1341,86.24µm
_23009_,85.98µm
_16473_,85.93µm
_19125_,85.93µm
_18939_,85.88µm
_23300_,85.88µm
clknet_leaf_99_i_core_v_mini_mcu.cpu_subsystem_i.cpu_0_0.clk_i,85.83µm
_05474_,85.78µm
_07784_,85.78µm
_26219_,85.78µm
i_core_v_mini_mcu.ao_peripheral_subsystem_i.spi_subsystem_i.obi_spimemio_i.obi_to_picorv32_i.obi_resp_o\[0\],85.78µm
_07245_,85.73µm
_07510_,85.73µm
_13979_,85.73µm
_18800_,85.73µm
net458,85.73µm
_07469_,85.68µm
_07903_,85.68µm
_19385_,85.68µm
_20973_,85.68µm
_22761_,85.68µm
_27253_,85.68µm
_27641_,85.68µm
i_core_v_mini_mcu.peripheral_subsystem_i.uart_i.uart_core.uart_tx.sreg_q\[4\],85.68µm
net1367,85.68µm
_16355_,85.55µm
_18371_,85.47µm
_18905_,85.42µm
_07969_,85.32µm
i_core_v_mini_mcu.memory_subsystem_i.ram0_i.tc_ram_i.sram\[31\]\[6\],85.27µm
_08086_,85.22µm
_09462_,85.22µm
_05841_,85.17µm
_13995_,85.17µm
i_core_v_mini_mcu.ao_peripheral_subsystem_i.tdu_i.task_mem\[7\]\[17\],85.17µm
net1419,85.17µm
i_core_v_mini_mcu.peripheral_subsystem_i.uart_i.reg2hw\[2\],85.12µm
_08521_,84.94µm
i_core_v_mini_mcu.ao_peripheral_slave_resp\[20\],84.89µm
_19767_,84.71µm
_22962_,84.71µm
net1358,84.71µm
i_core_v_mini_mcu.ao_peripheral_subsystem_i.tdu_i.task_mem\[4\]\[19\],84.7µm
_06721_,84.66µm
_07264_,84.66µm
_18325_,84.66µm
i_core_v_mini_mcu.ao_peripheral_subsystem_i.spi_subsystem_i.obi_spimemio_i.obi_to_picorv32_i.picorv32_resp_i\[31\],84.66µm
i_core_v_mini_mcu.cpu_subsystem_i.cpu_0_0.i_servile.cpu.immdec.gen_immdec_w_eq_1.imm11_7\[4\],84.66µm
i_core_v_mini_mcu.cpu_subsystem_i.cpu_0_0.i_servile.cpu.immdec.gen_immdec_w_eq_1.imm19_12_20\[7\],84.66µm
i_core_v_mini_mcu.cpu_subsystem_i.cpu_1_0.rf_ram_i.memory\[106\]\[1\],84.66µm
clknet_leaf_52_clk_i_regs,84.66µm
_07596_,84.61µm
_09732_,84.61µm
_10912_,84.61µm
_18410_,84.61µm
_22310_,84.61µm
_26037_,84.61µm
net1015,84.61µm
_06667_,84.56µm
_07213_,84.56µm
_07750_,84.56µm
_22223_,84.56µm
_26914_,84.56µm
_27607_,84.56µm
_06586_,84.25µm
_17356_,84.2µm
_19302_,84.15µm
_22242_,84.15µm
net1252,84.15µm
_07226_,84.1µm
_12774_,84.1µm
_20518_,84.1µm
_22932_,84.1µm
_24793_,84.1µm
i_core_v_mini_mcu.peripheral_subsystem_i.uart_i.reg2hw\[6\],84.1µm
net1164,84.1µm
net1291,84.1µm
_07777_,84.05µm
_08145_,84.05µm
_24795_,84.05µm
i_core_v_mini_mcu.ao_peripheral_subsystem_i.clint_mtime_o\[4\],84.05µm
_07749_,84µm
_07831_,84µm
_13807_,84µm
_13981_,84µm
_24765_,84µm
i_core_v_mini_mcu.cpu_subsystem_i.cpu_0_0.rf_ram_i.memory\[26\]\[1\],84µm
_23378_,83.74µm
_27722_,83.69µm
net1328,83.64µm
_05989_,83.59µm
_09030_,83.59µm
_15379_,83.59µm
_24543_,83.59µm
i_core_v_mini_mcu.peripheral_subsystem_i.uart_i.uart_core.uart_rx.bit_cnt_q\[0\],83.59µm
net41,83.59µm
net1223,83.59µm
_06652_,83.54µm
_07225_,83.54µm
_08102_,83.54µm
_08528_,83.54µm
_14272_,83.54µm
_24129_,83.54µm
_27513_,83.54µm
i_core_v_mini_mcu.ao_peripheral_subsystem_i.mosaic_clint_i.mtimecmp_q\[79\],83.54µm
_06005_,83.49µm
_11759_,83.49µm
_14210_,83.49µm
_22572_,83.49µm
_06079_,83.44µm
_07945_,83.44µm
_09356_,83.44µm
_10926_,83.44µm
_20589_,83.44µm
i_core_v_mini_mcu.ao_peripheral_subsystem_i.spi_subsystem_i.obi_spimemio_i.spimemio_i.rd_addr\[10\],83.44µm
_05957_,83.26µm
_20789_,83.23µm
net1084,83.18µm
clknet_leaf_78_i_core_v_mini_mcu.peripheral_subsystem_i.clk_cg,83.13µm
_13773_,83.11µm
_07183_,83.08µm
i_core_v_mini_mcu.ao_peripheral_subsystem_i.clint_mtime_o\[38\],83.08µm
clknet_leaf_58_i_core_v_mini_mcu.peripheral_subsystem_i.clk_cg,83.08µm
_09125_,83.03µm
_10900_,83.03µm
_21506_,83.03µm
_21604_,83.03µm
clknet_leaf_38_i_core_v_mini_mcu.peripheral_subsystem_i.clk_cg,83.03µm
i_core_v_mini_mcu.ao_peripheral_subsystem_i.power_manager_i.power_manager_reg_top_i.global_pointer_qs\[12\],82.98µm
i_core_v_mini_mcu.ao_peripheral_subsystem_i.tdu_i.task_mem\[5\]\[19\],82.98µm
net1152,82.98µm
_06449_,82.93µm
_13877_,82.93µm
_13982_,82.93µm
_25943_,82.93µm
i_core_v_mini_mcu.ao_peripheral_subsystem_i.mosaic_clint_i.mtimecmp_q\[121\],82.93µm
_06855_,82.88µm
_11125_,82.88µm
_20523_,82.88µm
_26681_,82.88µm
_08335_,82.62µm
i_core_v_mini_mcu.ao_peripheral_subsystem_i.power_manager_i.power_manager_reg_top_i.reg2hw\[224\],82.6µm
_12378_,82.58µm
_14291_,82.57µm
i_core_v_mini_mcu.cpu_subsystem_i.cpu_1_0.i_servile.cpu.bufreg.data\[1\],82.57µm
_07157_,82.52µm
net506,82.52µm
clknet_leaf_22_i_core_v_mini_mcu.peripheral_subsystem_i.clk_cg,82.52µm
net932,82.47µm
_23491_,82.43µm
net37,82.42µm
clknet_leaf_26_i_core_v_mini_mcu.memory_subsystem_i.clk_cg,82.42µm
_12030_,82.37µm
_14484_,82.37µm
_16500_,82.37µm
_23500_,82.37µm
i_core_v_mini_mcu.ao_peripheral_subsystem_i.obi_fifo_i.consumer_data_req\[0\],82.37µm
i_core_v_mini_mcu.ao_peripheral_subsystem_i.power_manager_i.power_manager_reg_top_i.global_pointer_qs\[17\],82.37µm
_07826_,82.32µm
_20388_,82.32µm
_23209_,82.32µm
_23310_,82.32µm
_23553_,82.32µm
i_core_v_mini_mcu.ao_peripheral_subsystem_i.obi_fifo_i.consumer_data_req\[43\],82.32µm
i_core_v_mini_mcu.peripheral_subsystem_i.obi_fifo_i.consumer_resp_i\[18\],82.32µm
i_core_v_mini_mcu.ao_peripheral_subsystem_i.mosaic_clint_i.mtimecmp_q\[36\],82.02µm
i_core_v_mini_mcu.ao_peripheral_subsystem_i.spi_subsystem_i.obi_spimemio_i.obi_to_picorv32_i.state\[0\],81.96µm
clknet_leaf_147_clk_i_regs,81.96µm
_14276_,81.91µm
i_core_v_mini_mcu.cpu_subsystem_i.cpu_0_0.i_servile.cpu.immdec.gen_immdec_w_eq_1.imm11_7\[0\],81.91µm
i_core_v_mini_mcu.peripheral_subsystem_i.uart_i.reg2hw\[71\],81.91µm
net1179,81.91µm
_07748_,81.86µm
_09380_,81.86µm
_13786_,81.86µm
_14011_,81.86µm
_20443_,81.86µm
i_core_v_mini_mcu.ao_peripheral_slave_resp\[28\],81.86µm
i_core_v_mini_mcu.ao_peripheral_slave_resp\[31\],81.86µm
i_core_v_mini_mcu.ao_peripheral_subsystem_i.power_manager_i.power_manager_reg_top_i.global_pointer_qs\[9\],81.86µm
i_core_v_mini_mcu.cpu_subsystem_i.cpu_0_0.i_servile.cpu.bufreg.i_rs1_en,81.86µm
i_core_v_mini_mcu.peripheral_subsystem_i.uart_i.uart_core.u_uart_txfifo.gen_normal_fifo.storage\[17\],81.86µm
_07779_,81.81µm
_08650_,81.81µm
_09145_,81.81µm
_10448_,81.81µm
_21562_,81.81µm
i_core_v_mini_mcu.core_data_req\[93\],81.81µm
_07199_,81.76µm
_11200_,81.76µm
_12179_,81.76µm
_13351_,81.76µm
_16260_,81.76µm
i_core_v_mini_mcu.ao_peripheral_subsystem_i.power_manager_i.power_manager_reg_top_i.cpu_switch_on_counter_qs\[1\],81.76µm
_22451_,81.5µm
_07253_,81.45µm
i_core_v_mini_mcu.ao_peripheral_subsystem_i.power_manager_i.power_manager_reg_top_i.en_wait_for_intr_qs\[13\],81.45µm
net965,81.45µm
clknet_leaf_49_i_core_v_mini_mcu.peripheral_subsystem_i.clk_cg,81.45µm
i_core_v_mini_mcu.ao_peripheral_subsystem_i.clint_mtime_o\[48\],81.4µm
i_core_v_mini_mcu.ao_peripheral_subsystem_i.mosaic_clint_i.mtimecmp_q\[123\],81.4µm
_18911_,81.35µm
i_core_v_mini_mcu.ao_peripheral_subsystem_i.power_manager_i.power_manager_reg_top_i.cpu_switch_off_counter_qs\[6\],81.35µm
_05773_,81.3µm
_11196_,81.3µm
_23471_,81.3µm
i_core_v_mini_mcu.cpu_subsystem_i.cpu_0_0.i_servile.cpu.immdec.gen_immdec_w_eq_1.imm19_12_20\[8\],81.3µm
net1126,81.3µm
clknet_leaf_80_clk_i_regs,81.3µm
clknet_leaf_18_i_core_v_mini_mcu.peripheral_subsystem_i.clk_cg,81.3µm
_07756_,81.25µm
_08627_,81.25µm
_12181_,81.25µm
_19314_,81.25µm
_21688_,81.25µm
_24745_,81.2µm
_27638_,81.2µm
_07492_,80.92µm
_13767_,80.89µm
_09198_,80.84µm
net223,80.84µm
_09371_,80.79µm
_15798_,80.79µm
i_core_v_mini_mcu.peripheral_subsystem_i.uart_i.reg2hw\[73\],80.79µm
_06627_,80.74µm
_07630_,80.74µm
_09264_,80.74µm
_18502_,80.74µm
_23560_,80.74µm
_27363_,80.74µm
i_core_v_mini_mcu.cpu_subsystem_i.cpu_1_0.i_servile.cpu.bufreg.i_shift_op,80.74µm
_05524_,80.69µm
_06022_,80.69µm
_08179_,80.69µm
_10666_,80.69µm
_11514_,80.69µm
_21864_,80.69µm
_24284_,80.69µm
_07133_,80.64µm
_07204_,80.64µm
_16479_,80.64µm
i_core_v_mini_mcu.ao_peripheral_subsystem_i.spi_subsystem_i.obi_spimemio_i.obi_to_picorv32_i.addr_buf\[18\],80.64µm
_13486_,80.59µm
_23438_,80.38µm
i_core_v_mini_mcu.ao_peripheral_subsystem_i.mosaic_clint_i.mtimecmp_q\[114\],80.36µm
clknet_leaf_2_i_core_v_mini_mcu.peripheral_subsystem_i.clk_cg,80.28µm
_06653_,80.23µm
_09261_,80.23µm
_19561_,80.23µm
_27730_,80.23µm
_05447_,80.18µm
_06450_,80.18µm
_10559_,80.18µm
_20406_,80.18µm
_23412_,80.18µm
_23776_,80.18µm
_26472_,80.18µm
i_core_v_mini_mcu.ao_peripheral_subsystem_i.power_manager_i.power_manager_reg_top_i.cpu_reset_deassert_counter_qs\[1\],80.18µm
i_core_v_mini_mcu.cpu_subsystem_i.cpu_1_0.rf_ram_i.memory\[125\]\[1\],80.18µm
net1449,80.18µm
_05750_,80.13µm
_25296_,80.13µm
_27187_,80.13µm
_27597_,80.13µm
i_core_v_mini_mcu.ao_peripheral_subsystem_i.spi_subsystem_i.obi_spimemio_i.obi_to_picorv32_i.addr_buf\[19\],80.13µm
_08295_,80.08µm
_08408_,80.08µm
_14174_,80.08µm
_24203_,80.08µm
_27668_,80.08µm
_28065_,80.08µm
net1707,79.92µm
_09668_,79.67µm
_10711_,79.67µm
_14180_,79.67µm
_23486_,79.67µm
clknet_leaf_89_i_core_v_mini_mcu.peripheral_subsystem_i.clk_cg,79.67µm
_04274_,79.62µm
_12847_,79.62µm
_13607_,79.62µm
_23377_,79.62µm
_28059_,79.62µm
i_core_v_mini_mcu.memory_subsystem_i.ram0_i.tc_ram_i.sram\[10\]\[31\],79.62µm
_07315_,79.57µm
_08838_,79.57µm
_23267_,79.57µm
i_core_v_mini_mcu.ao_peripheral_subsystem_i.tdu_i.active_hart_cycles_q\[10\],79.57µm
net1071,79.57µm
_07356_,79.52µm
_10258_,79.52µm
_13498_,79.52µm
_20628_,79.52µm
_22200_,79.52µm
_23129_,79.52µm
i_core_v_mini_mcu.ao_peripheral_subsystem_i.periph_to_reg_i.r_rdata_d\[21\],79.52µm
i_core_v_mini_mcu.peripheral_subsystem_i.uart_i.uart_core.u_uart_txfifo.gen_normal_fifo.storage\[1\],79.52µm
_21475_,79.39µm
_19983_,79.26µm
_09492_,79.21µm
_21494_,79.11µm
_22227_,79.11µm
i_core_v_mini_mcu.ao_peripheral_subsystem_i.obi_fifo_i.consumer_data_req\[21\],79.11µm
net1262,79.11µm
_05814_,79.06µm
_06588_,79.06µm
_06832_,79.06µm
_10430_,79.06µm
_10968_,79.06µm
_11084_,79.06µm
_12896_,79.06µm
_15237_,79.06µm
_16079_,79.06µm
_22965_,79.06µm
_23653_,79.06µm
_28067_,79.06µm
_09656_,79.01µm
_12897_,79.01µm
i_core_v_mini_mcu.ao_peripheral_slave_resp\[24\],79.01µm
_05666_,78.96µm
_06945_,78.96µm
_07574_,78.96µm
_10517_,78.96µm
_13949_,78.96µm
_21173_,78.96µm
_28057_,78.96µm
net1356,78.65µm
_13857_,78.6µm
i_core_v_mini_mcu.peripheral_subsystem_i.uart_i.uart_core.u_uart_txfifo.gen_normal_fifo.storage\[8\],78.6µm
net1365,78.6µm
_05788_,78.55µm
_06657_,78.55µm
i_core_v_mini_mcu.ao_peripheral_slave_resp\[23\],78.55µm
_07120_,78.5µm
_07376_,78.5µm
_21278_,78.5µm
i_core_v_mini_mcu.ao_peripheral_subsystem_i.power_manager_i.power_manager_reg_top_i.global_pointer_qs\[16\],78.5µm
net1330,78.5µm
_06737_,78.45µm
_07260_,78.45µm
_12635_,78.45µm
_18446_,78.45µm
_20767_,78.45µm
i_core_v_mini_mcu.ao_peripheral_subsystem_i.clint_mtime_o\[27\],78.45µm
i_core_v_mini_mcu.cpu_subsystem_i.cpu_0_0.rf_ram_i.memory\[14\]\[0\],78.45µm
i_core_v_mini_mcu.cpu_subsystem_i.cpu_1_0.rf_ram_i.memory\[140\]\[0\],78.45µm
i_core_v_mini_mcu.memory_subsystem_i.ram0_i.tc_ram_i.sram\[30\]\[3\],78.45µm
_03960_,78.4µm
_24848_,78.4µm
_09040_,78.19µm
_22097_,78.09µm
_18476_,78.04µm
_19665_,78.04µm
clknet_leaf_53_i_core_v_mini_mcu.peripheral_subsystem_i.clk_cg,78.04µm
_12168_,77.99µm
_20273_,77.99µm
i_core_v_mini_mcu.ao_peripheral_subsystem_i.power_manager_i.power_manager_reg_top_i.cpu_counters_stop_cpu_iso_on_stop_bit_counter_qs,77.99µm
_07413_,77.94µm
_07434_,77.94µm
_24804_,77.94µm
i_core_v_mini_mcu.cpu_subsystem_i.cpu_0_0.i_servile.cpu.alu.i_rd_sel\[1\],77.94µm
i_core_v_mini_mcu.cpu_subsystem_i.cpu_1_0.rf_ram_i.memory\[124\]\[0\],77.94µm
i_core_v_mini_mcu.peripheral_subsystem_i.uart_i.reg2hw\[5\],77.94µm
_10442_,77.89µm
_14394_,77.89µm
_14399_,77.89µm
_16186_,77.89µm
_20732_,77.89µm
_21679_,77.89µm
_23164_,77.89µm
_23587_,77.89µm
_26782_,77.89µm
_07410_,77.84µm
_11066_,77.84µm
_12907_,77.84µm
_23869_,77.63µm
_26552_,77.61µm
clknet_leaf_141_i_core_v_mini_mcu.cpu_subsystem_i.cpu_0_0.clk_i,77.53µm
_19818_,77.48µm
i_core_v_mini_mcu.peripheral_subsystem_i.uart_i.reg2hw\[82\],77.48µm
net1244,77.48µm
i_core_v_mini_mcu.cpu_subsystem_i.cpu_0_0.i_servile.cpu.state.cnt_r\[3\],77.43µm
clknet_leaf_33_i_core_v_mini_mcu.peripheral_subsystem_i.clk_cg,77.43µm
_06391_,77.38µm
_06599_,77.38µm
_09744_,77.38µm
_21991_,77.38µm
_23402_,77.38µm
i_core_v_mini_mcu.ao_peripheral_subsystem_i.tdu_i.task_mem\[2\]\[0\],77.38µm
_05703_,77.33µm
_21014_,77.33µm
_21237_,77.33µm
_25801_,77.33µm
_26769_,77.33µm
i_core_v_mini_mcu.ao_peripheral_subsystem_i.obi_fifo_i.consumer_data_req\[25\],77.33µm
i_core_v_mini_mcu.ao_peripheral_subsystem_i.obi_fifo_i.consumer_data_req\[48\],77.33µm
i_core_v_mini_mcu.ao_peripheral_subsystem_i.power_manager_i.power_manager_reg_top_i.cpu_iso_off_counter_qs\[1\],77.33µm
i_core_v_mini_mcu.ao_peripheral_subsystem_i.power_manager_i.power_manager_reg_top_i.cpu_iso_off_counter_qs\[5\],77.33µm
i_core_v_mini_mcu.ao_peripheral_subsystem_i.power_manager_i.power_manager_reg_top_i.intr_state_qs\[0\],77.33µm
i_core_v_mini_mcu.ao_peripheral_subsystem_i.spi_subsystem_i.obi_spimemio_i.obi_to_picorv32_i.picorv32_resp_i\[23\],77.33µm
i_core_v_mini_mcu.cpu_subsystem_i.cpu_0_0.i_servile.cpu.immdec.gen_immdec_w_eq_1.imm11_7\[3\],77.33µm
clknet_leaf_55_i_core_v_mini_mcu.peripheral_subsystem_i.clk_cg,77.33µm
_10527_,77.28µm
_14023_,77.28µm
_23504_,77.28µm
_25963_,77.28µm
_06580_,77.07µm
i_core_v_mini_mcu.cpu_subsystem_i.cpu_0_0.rf_ram_i.memory\[301\]\[1\],77µm
_13791_,76.93µm
_09032_,76.92µm
i_core_v_mini_mcu.ao_peripheral_subsystem_i.power_manager_i.power_manager_reg_top_i.cpu_reset_deassert_counter_qs\[10\],76.92µm
_10332_,76.87µm
_13749_,76.87µm
_18727_,76.87µm
_21622_,76.87µm
net1100,76.87µm
_07895_,76.82µm
_09015_,76.82µm
net1416,76.82µm
_05874_,76.77µm
_08004_,76.77µm
_14199_,76.77µm
_20719_,76.77µm
i_core_v_mini_mcu.ao_peripheral_subsystem_i.spi_subsystem_i.obi_spimemio_i.obi_to_picorv32_i.addr_buf\[16\],76.77µm
i_core_v_mini_mcu.ao_peripheral_subsystem_i.tdu_i.task_mem\[0\]\[19\],76.77µm
i_core_v_mini_mcu.peripheral_subsystem_i.uart_i.uart_core.u_uart_txfifo.gen_normal_fifo.storage\[24\],76.77µm
net1354,76.77µm
_22268_,76.72µm
_23569_,76.72µm
_26598_,76.72µm
_09633_,76.46µm
_18947_,76.41µm
i_core_v_mini_mcu.ao_peripheral_subsystem_i.mosaic_clint_i.mtimecmp_q\[104\],76.41µm
_16292_,76.31µm
_07314_,76.26µm
_07836_,76.26µm
_19166_,76.26µm
_22877_,76.26µm
_24491_,76.26µm
i_core_v_mini_mcu.memory_subsystem_i.ram0_i.tc_ram_i.sram\[9\]\[27\],76.26µm
clknet_leaf_119_clk_i_regs,76.26µm
_04004_,76.21µm
_05782_,76.21µm
_06992_,76.21µm
_27394_,76.21µm
_05470_,76.16µm
_07571_,76.16µm
_09726_,76.16µm
_11537_,76.16µm
_20601_,76.16µm
_22235_,76.16µm
_25794_,76.16µm
_27961_,76.16µm
i_core_v_mini_mcu.ao_peripheral_subsystem_i.spi_subsystem_i.obi_spimemio_i.obi_to_picorv32_i.addr_buf\[15\],76.16µm
_09889_,75.9µm
i_core_v_mini_mcu.cpu_subsystem_i.cpu_0_0.i_servile.o_rf_raddr\[1\],75.88µm
_05562_,75.8µm
_06354_,75.75µm
_07752_,75.73µm
_08902_,75.7µm
_11345_,75.7µm
_14292_,75.7µm
_18237_,75.7µm
_21453_,75.7µm
_21638_,75.7µm
_23403_,75.7µm
_23449_,75.7µm
_24917_,75.7µm
_06414_,75.65µm
_16486_,75.65µm
_16524_,75.65µm
_18149_,75.65µm
_23418_,75.65µm
_25533_,75.65µm
i_core_v_mini_mcu.cpu_subsystem_i.cpu_0_0.i_servile.cpu.ctrl.i_pc_rel,75.65µm
i_core_v_mini_mcu.memory_subsystem_i.ram0_i.tc_ram_i.sram\[20\]\[26\],75.65µm
_20655_,75.62µm
_04059_,75.6µm
_09803_,75.6µm
_14344_,75.6µm
_18365_,75.6µm
_18369_,75.6µm
_20554_,75.6µm
_25371_,75.6µm
_26243_,75.6µm
net241,75.6µm
_07096_,75.44µm
_15733_,75.2µm
_18076_,75.19µm
i_core_v_mini_mcu.ao_peripheral_slave_resp\[19\],75.19µm
clknet_leaf_81_i_core_v_mini_mcu.peripheral_subsystem_i.clk_cg,75.19µm
_05511_,75.14µm
_07041_,75.14µm
i_core_v_mini_mcu.ao_peripheral_subsystem_i.power_manager_i.power_manager_reg_top_i.global_pointer_qs\[0\],75.14µm
i_core_v_mini_mcu.ao_peripheral_subsystem_i.tdu_i.task_mem\[1\]\[21\],75.14µm
i_core_v_mini_mcu.core_data_req\[19\],75.14µm
i_core_v_mini_mcu.cpu_subsystem_i.cpu_0_0.i_servile.cpu.decode.o_ctrl_mret,75.14µm
clknet_leaf_104_clk_i_regs,75.14µm
_05742_,75.09µm
_06852_,75.09µm
_09752_,75.09µm
_13738_,75.09µm
_13840_,75.09µm
_21295_,75.09µm
_07273_,75.04µm
_08223_,75.04µm
_14446_,75.04µm
_24431_,75.04µm
_25651_,75.04µm
_27184_,75.04µm
_27348_,75.04µm
i_core_v_mini_mcu.ao_peripheral_subsystem_i.mosaic_clint_i.mtimecmp_q\[63\],75.04µm
i_core_v_mini_mcu.peripheral_subsystem_i.uart_i.uart_core.uart_tx.bit_cnt_q\[1\],75.04µm
_22670_,74.76µm
clknet_leaf_0_i_core_v_mini_mcu.peripheral_subsystem_i.clk_cg,74.73µm
net264,74.68µm
net1338,74.68µm
_18401_,74.63µm
i_core_v_mini_mcu.ao_peripheral_subsystem_i.power_manager_i.power_manager_reg_top_i.en_wait_for_intr_qs\[18\],74.63µm
i_core_v_mini_mcu.ao_peripheral_subsystem_i.tdu_i.wr_ptr_q\[1\],74.63µm
_05462_,74.58µm
_07128_,74.58µm
_10676_,74.58µm
_14753_,74.58µm
_20109_,74.58µm
clknet_leaf_6_i_core_v_mini_mcu.cpu_subsystem_i.cpu_0_0.clk_i,74.58µm
_07853_,74.53µm
_07982_,74.53µm
_25088_,74.53µm
_25944_,74.53µm
_26390_,74.53µm
i_core_v_mini_mcu.ao_peripheral_subsystem_i.spi_subsystem_i.obi_spimemio_i.obi_to_picorv32_i.picorv32_resp_i\[19\],74.53µm
_08880_,74.48µm
_11026_,74.48µm
_21576_,74.48µm
_24671_,74.48µm
_24882_,74.48µm
i_core_v_mini_mcu.ao_peripheral_subsystem_i.tdu_i.task_mem\[3\]\[30\],74.48µm
i_core_v_mini_mcu.cpu_subsystem_i.cpu_1_0.i_servile.cpu.o_wdata0,74.48µm
i_core_v_mini_mcu.cpu_subsystem_i.cpu_1_0.rf_ram_i.memory\[186\]\[0\],74.48µm
i_core_v_mini_mcu.peripheral_subsystem_i.uart_i.reg2hw\[38\],74.48µm
_18788_,74.22µm
_05677_,74.17µm
_22074_,74.12µm
_21713_,74.07µm
i_core_v_mini_mcu.ao_peripheral_subsystem_i.clint_mtime_o\[25\],74.07µm
_08486_,74.02µm
_21727_,74.02µm
i_core_v_mini_mcu.cpu_subsystem_i.cpu_0_0.rf_ram_i.memory\[0\]\[0\],74.02µm
i_core_v_mini_mcu.memory_subsystem_i.ram0_i.rdata_o\[9\],74.02µm
i_core_v_mini_mcu.memory_subsystem_i.ram0_i.tc_ram_i.sram\[8\]\[24\],74.02µm
i_core_v_mini_mcu.peripheral_subsystem_i.uart_i.uart_core.u_uart_txfifo.gen_normal_fifo.storage\[7\],74.02µm
net95,74.02µm
_08731_,73.97µm
_10284_,73.97µm
_11190_,73.97µm
_11758_,73.97µm
_17490_,73.97µm
_18263_,73.97µm
_21373_,73.97µm
_21531_,73.97µm
_22472_,73.97µm
_23613_,73.97µm
_26322_,73.97µm
i_core_v_mini_mcu.ao_peripheral_subsystem_i.power_manager_i.power_manager_reg_top_i.en_wait_for_intr_qs\[5\],73.97µm
i_core_v_mini_mcu.ao_peripheral_subsystem_i.tdu_i.task_mem\[2\]\[8\],73.97µm
i_core_v_mini_mcu.peripheral_subsystem_i.periph_to_reg_i.r_rdata_d\[16\],73.97µm
_05695_,73.92µm
_06015_,73.92µm
_06800_,73.92µm
_07741_,73.92µm
_11613_,73.92µm
_11884_,73.92µm
_12813_,73.92µm
_20451_,73.92µm
_22124_,73.92µm
_27282_,73.92µm
i_core_v_mini_mcu.ao_peripheral_subsystem_i.mosaic_clint_i.mtimecmp_q\[57\],73.92µm
i_core_v_mini_mcu.ao_peripheral_subsystem_i.spi_subsystem_i.obi_spimemio_i.obi_to_picorv32_i.addr_buf\[14\],73.92µm
i_core_v_mini_mcu.ao_peripheral_subsystem_i.spi_subsystem_i.obi_spimemio_i.obi_to_picorv32_i.addr_buf\[17\],73.92µm
net1763,73.92µm
i_core_v_mini_mcu.ao_peripheral_subsystem_i.mosaic_clint_i.mtimecmp_q\[110\],73.71µm
_09066_,73.66µm
_14747_,73.66µm
_21496_,73.66µm
_23985_,73.61µm
_07925_,73.56µm
_09482_,73.51µm
_14960_,73.51µm
net1334,73.51µm
_07528_,73.46µm
_08914_,73.46µm
_21395_,73.46µm
i_core_v_mini_mcu.ao_peripheral_subsystem_i.obi_fifo_i.consumer_data_req\[39\],73.46µm
i_core_v_mini_mcu.ao_peripheral_subsystem_i.power_manager_i.power_manager_reg_top_i.reg2hw\[229\],73.46µm
net1120,73.46µm
_08118_,73.41µm
_13508_,73.41µm
_18281_,73.41µm
_23495_,73.41µm
_28079_,73.41µm
i_core_v_mini_mcu.memory_subsystem_i.ram0_i.rdata_o\[11\],73.41µm
_07185_,73.36µm
_08022_,73.36µm
_08245_,73.36µm
_12592_,73.36µm
_22218_,73.36µm
_22664_,73.36µm
_24915_,73.36µm
_24929_,73.36µm
_27218_,73.36µm
clknet_leaf_42_i_core_v_mini_mcu.peripheral_subsystem_i.clk_cg,73.15µm
_18560_,73.1µm
_12209_,73.05µm
i_core_v_mini_mcu.peripheral_subsystem_i.periph_to_reg_i.r_rdata_d\[31\],73.02µm
i_core_v_mini_mcu.ao_peripheral_subsystem_i.mosaic_clint_i.mtimecmp_q\[112\],73µm
_09247_,72.95µm
_09644_,72.95µm
_27104_,72.95µm
i_core_v_mini_mcu.ao_peripheral_subsystem_i.power_manager_i.power_manager_reg_top_i.cpu_iso_on_counter_qs\[4\],72.95µm
i_core_v_mini_mcu.cpu_subsystem_i.cpu_1_0.rf_ram_i.memory\[122\]\[0\],72.95µm
_08397_,72.9µm
_09091_,72.9µm
_09657_,72.9µm
_12198_,72.9µm
_06745_,72.85µm
_08593_,72.85µm
_08777_,72.85µm
_09560_,72.85µm
_13799_,72.85µm
_20364_,72.85µm
_24720_,72.85µm
clknet_leaf_82_i_core_v_mini_mcu.peripheral_subsystem_i.clk_cg,72.85µm
_07163_,72.8µm
_07950_,72.8µm
_11347_,72.8µm
_20632_,72.8µm
_25844_,72.8µm
_19011_,72.49µm
_07001_,72.45µm
_18969_,72.44µm
_15789_,72.39µm
_23952_,72.39µm
_27825_,72.39µm
i_core_v_mini_mcu.peripheral_subsystem_i.uart_i.uart_core.rx_timeout_count_q\[14\],72.39µm
i_core_v_mini_mcu.peripheral_subsystem_i.uart_i.uart_core.u_uart_txfifo.gen_normal_fifo.fifo_wptr\[2\],72.39µm
clknet_leaf_13_i_core_v_mini_mcu.peripheral_subsystem_i.clk_cg,72.39µm
clknet_leaf_96_i_core_v_mini_mcu.peripheral_subsystem_i.clk_cg,72.39µm
_18893_,72.34µm
_18921_,72.34µm
i_core_v_mini_mcu.cpu_subsystem_i.cpu_1_0.i_servile.cpu.immdec.gen_immdec_w_eq_1.imm31,72.34µm
i_core_v_mini_mcu.cpu_subsystem_i.cpu_1_0.rf_ram_i.memory\[475\]\[0\],72.34µm
_06621_,72.29µm
_07310_,72.29µm
_07385_,72.29µm
_13754_,72.29µm
_22602_,72.29µm
_24389_,72.29µm
_25936_,72.29µm
_26464_,72.29µm
_03916_,72.24µm
_07303_,72.24µm
_07631_,72.24µm
_10877_,72.24µm
_15730_,72.24µm
_18432_,72.24µm
_20444_,72.24µm
_22240_,72.24µm
_22365_,72.24µm
_25326_,72.24µm
_27644_,72.24µm
net1333,72.24µm
i_core_v_mini_mcu.ao_peripheral_subsystem_i.clint_mtime_o\[42\],71.98µm
i_core_v_mini_mcu.cpu_subsystem_i.cpu_0_0.i_servile.cpu.csr_mcause_en,71.98µm
_19520_,71.88µm
_22828_,71.88µm
_23308_,71.88µm
i_core_v_mini_mcu.ao_peripheral_subsystem_i.mosaic_clint_i.mtimecmp_q\[53\],71.88µm
_16307_,71.83µm
_23146_,71.78µm
i_core_v_mini_mcu.ao_peripheral_subsystem_i.clint_mtime_o\[53\],71.78µm
_07107_,71.73µm
_07598_,71.73µm
_09146_,71.73µm
_10355_,71.73µm
_13952_,71.73µm
_16396_,71.73µm
_20327_,71.73µm
_24356_,71.73µm
_27077_,71.73µm
i_core_v_mini_mcu.ao_peripheral_subsystem_i.mosaic_clint_i.mtimecmp_q\[106\],71.73µm
i_core_v_mini_mcu.memory_subsystem_i.ram0_i.tc_ram_i.sram\[11\]\[26\],71.73µm
i_core_v_mini_mcu.peripheral_subsystem_i.uart_i.reg2hw\[7\],71.73µm
_08442_,71.68µm
_09920_,71.68µm
_14000_,71.68µm
_18444_,71.68µm
_20374_,71.68µm
_25351_,71.68µm
_25866_,71.68µm
_26083_,71.68µm
clknet_leaf_90_i_core_v_mini_mcu.peripheral_subsystem_i.clk_cg,71.5µm
_08558_,71.32µm
_16642_,71.32µm
_18110_,71.32µm
_19747_,71.32µm
_27629_,71.27µm
i_core_v_mini_mcu.ao_peripheral_subsystem_i.obi_fifo_i.consumer_data_req\[10\],71.27µm
clknet_leaf_110_i_core_v_mini_mcu.memory_subsystem_i.clk_cg,71.27µm
_06726_,71.22µm
_09634_,71.22µm
_09700_,71.22µm
_11657_,71.22µm
_14608_,71.22µm
_15777_,71.22µm
_21764_,71.22µm
_24420_,71.22µm
_10673_,71.17µm
_13290_,71.17µm
_16289_,71.17µm
_18255_,71.17µm
_23538_,71.17µm
_25433_,71.17µm
i_core_v_mini_mcu.ao_peripheral_subsystem_i.clint_mtime_o\[13\],71.17µm
_08476_,71.13µm
_07209_,71.12µm
_07403_,71.12µm
_08502_,71.12µm
_11796_,71.12µm
_13626_,71.12µm
_20565_,71.12µm
_20642_,71.12µm
_21249_,71.12µm
_24835_,71.12µm
_25146_,71.12µm
_26109_,71.12µm
i_core_v_mini_mcu.ao_peripheral_subsystem_i.obi_fifo_i.consumer_data_req\[4\],71.12µm
i_core_v_mini_mcu.peripheral_subsystem_i.uart_i.reg2hw\[119\],71.12µm
_09686_,70.81µm
_15808_,70.71µm
_18891_,70.71µm
clknet_leaf_59_i_core_v_mini_mcu.peripheral_subsystem_i.clk_cg,70.71µm
_05663_,70.66µm
_06744_,70.66µm
_08792_,70.66µm
_13992_,70.66µm
_15763_,70.66µm
_16364_,70.66µm
_21457_,70.66µm
_23315_,70.66µm
_27710_,70.66µm
i_core_v_mini_mcu.ao_peripheral_subsystem_i.spi_subsystem_i.obi_spimemio_i.obi_to_picorv32_i.addr_buf\[5\],70.66µm
net977,70.66µm
net1143,70.66µm
net1732,70.66µm
_08807_,70.61µm
_11892_,70.61µm
_20452_,70.61µm
i_core_v_mini_mcu.ao_peripheral_subsystem_i.spi_subsystem_i.obi_spimemio_i.spimemio_i.din_data\[3\],70.61µm
i_core_v_mini_mcu.cpu_subsystem_i.cpu_1_0.i_servile.rf_ram_if.rtrig1,70.61µm
_11769_,70.56µm
_12001_,70.56µm
_22520_,70.56µm
_25334_,70.56µm
i_core_v_mini_mcu.memory_subsystem_i.ram0_i.tc_ram_i.sram\[10\]\[30\],70.56µm
_07729_,70.43µm
_10122_,70.3µm
i_core_v_mini_mcu.ao_peripheral_subsystem_i.clint_mtime_o\[20\],70.25µm
_08998_,70.2µm
_06550_,70.15µm
_09446_,70.15µm
_18488_,70.15µm
_20151_,70.15µm
net1761,70.15µm
_06825_,70.1µm
_12590_,70.1µm
_12750_,70.1µm
_16861_,70.1µm
_21334_,70.1µm
_23170_,70.1µm
i_core_v_mini_mcu.ao_peripheral_subsystem_i.power_manager_i.power_manager_reg_top_i.intr_state_qs\[15\],70.1µm
i_core_v_mini_mcu.ao_peripheral_subsystem_i.tdu_i.count_q\[1\],70.1µm
_07211_,70.05µm
_07706_,70.05µm
_07855_,70.05µm
_14171_,70.05µm
_20510_,70.05µm
_20599_,70.05µm
i_core_v_mini_mcu.ao_peripheral_subsystem_i.obi_fifo_i.consumer_resp_i\[21\],70.05µm
_07458_,70µm
_11240_,70µm
_13141_,70µm
_18297_,70µm
_26567_,70µm
net1293,70µm
_20219_,69.59µm
_23237_,69.59µm
i_core_v_mini_mcu.ao_peripheral_subsystem_i.power_manager_i.power_manager_reg_top_i.cpu_reset_deassert_counter_qs\[4\],69.59µm
i_core_v_mini_mcu.cpu_subsystem_i.cpu_0_0.rf_ram_i.memory\[35\]\[1\],69.59µm
_07799_,69.54µm
_12387_,69.54µm
_16538_,69.54µm
_18207_,69.54µm
_28052_,69.54µm
i_core_v_mini_mcu.ao_peripheral_subsystem_i.mosaic_clint_i.mtimecmp_q\[55\],69.54µm
i_core_v_mini_mcu.ao_peripheral_subsystem_i.spi_subsystem_i.obi_spimemio_i.spimemio_i.config_do\[1\],69.54µm
i_core_v_mini_mcu.ao_peripheral_subsystem_i.tdu_i.task_mem\[0\]\[14\],69.54µm
i_core_v_mini_mcu.memory_subsystem_i.ram0_i.tc_ram_i.sram\[0\]\[24\],69.54µm
net1055,69.54µm
_06720_,69.49µm
_08453_,69.49µm
_08961_,69.49µm
_10769_,69.49µm
_18486_,69.49µm
_21026_,69.49µm
_27159_,69.49µm
i_core_v_mini_mcu.memory_subsystem_i.ram0_i.tc_ram_i.sram\[27\]\[31\],69.49µm
i_core_v_mini_mcu.peripheral_subsystem_i.uart_i.reg2hw\[26\],69.49µm
i_core_v_mini_mcu.peripheral_subsystem_i.uart_i.reg2hw\[70\],69.49µm
i_core_v_mini_mcu.peripheral_subsystem_i.uart_i.uart_core.uart_tx.sreg_q\[3\],69.49µm
net1075,69.49µm
_07992_,69.44µm
_10937_,69.44µm
_13755_,69.44µm
_27345_,69.44µm
_27839_,69.44µm
_24589_,69.21µm
_06809_,69.18µm
_14317_,69.13µm
i_core_v_mini_mcu.cpu_subsystem_i.cpu_1_0.i_servile.cpu.immdec.gen_immdec_w_eq_1.imm11_7\[2\],69.13µm
_19278_,69.08µm
_05892_,69.03µm
_17497_,69.03µm
_22765_,69.03µm
i_core_v_mini_mcu.ao_peripheral_subsystem_i.power_manager_i.power_manager_reg_top_i.reg2hw\[236\],69.03µm
net1357,69.03µm
_06691_,68.98µm
_14476_,68.98µm
_15509_,68.98µm
_18377_,68.98µm
net121,68.98µm
net1340,68.98µm
_07336_,68.93µm
_10626_,68.93µm
_18414_,68.93µm
_21858_,68.93µm
_22683_,68.93µm
_24953_,68.93µm
i_core_v_mini_mcu.ao_peripheral_subsystem_i.power_manager_i.power_manager_reg_top_i.global_pointer_qs\[7\],68.93µm
i_core_v_mini_mcu.ao_peripheral_subsystem_i.tdu_i.task_mem\[7\]\[13\],68.93µm
i_core_v_mini_mcu.cpu_subsystem_i.cpu_0_0.rf_ram_i.memory\[344\]\[1\],68.93µm
i_core_v_mini_mcu.peripheral_subsystem_i.uart_i.uart_core.u_uart_txfifo.gen_normal_fifo.storage\[0\],68.93µm
_06739_,68.88µm
_07760_,68.88µm
_10226_,68.88µm
_11560_,68.88µm
_12875_,68.88µm
_13724_,68.88µm
_14034_,68.88µm
_23161_,68.88µm
_25912_,68.88µm
_27116_,68.88µm
i_core_v_mini_mcu.cpu_subsystem_i.cpu_1_0.rf_ram_i.memory\[187\]\[0\],68.88µm
_20530_,68.63µm
_10558_,68.47µm
i_core_v_mini_mcu.memory_subsystem_i.ram0_i.tc_ram_i.sram\[15\]\[15\],68.47µm
_07334_,68.42µm
_13688_,68.42µm
_23302_,68.42µm
i_core_v_mini_mcu.ao_peripheral_subsystem_i.clint_mtime_o\[16\],68.42µm
i_core_v_mini_mcu.ao_peripheral_subsystem_i.power_manager_i.power_manager_reg_top_i.en_wait_for_intr_qs\[19\],68.42µm
clknet_leaf_74_i_core_v_mini_mcu.peripheral_subsystem_i.clk_cg,68.42µm
_04000_,68.37µm
_07423_,68.37µm
_17440_,68.37µm
_22788_,68.37µm
_25833_,68.37µm
_26901_,68.37µm
i_core_v_mini_mcu.ao_peripheral_subsystem_i.obi_fifo_i.consumer_data_req\[14\],68.37µm
i_core_v_mini_mcu.ao_peripheral_subsystem_i.tdu_i.active_hart_cycles_q\[21\],68.37µm
i_core_v_mini_mcu.peripheral_subsystem_i.uart_i.uart_core.uart_tx.sreg_q\[7\],68.37µm
_06649_,68.32µm
_06753_,68.32µm
_12395_,68.32µm
_18482_,68.32µm
_25703_,68.32µm
i_core_v_mini_mcu.cpu_subsystem_i.cpu_1_0.rf_ram_i.memory\[183\]\[0\],68.32µm
i_core_v_mini_mcu.cpu_subsystem_i.cpu_1_0.rf_ram_i.memory\[418\]\[1\],68.32µm
_06875_,68.11µm
_06343_,68.06µm
_08658_,67.96µm
_13370_,67.96µm
i_core_v_mini_mcu.ao_peripheral_subsystem_i.mosaic_clint_i.mtimecmp_q\[103\],67.96µm
_05903_,67.91µm
_13584_,67.91µm
i_core_v_mini_mcu.cpu_subsystem_i.cpu_0_0.i_servile.cpu.gen_csr.csr.mstatus_mie,67.91µm
_07505_,67.86µm
_09544_,67.86µm
i_core_v_mini_mcu.ao_peripheral_subsystem_i.tdu_i.task_mem\[5\]\[14\],67.86µm
clknet_leaf_68_i_core_v_mini_mcu.peripheral_subsystem_i.clk_cg,67.86µm
net1331,67.86µm
_08832_,67.81µm
_11541_,67.81µm
_12647_,67.81µm
i_core_v_mini_mcu.ao_peripheral_subsystem_i.power_manager_i.power_manager_reg_top_i.intr_state_qs\[13\],67.81µm
i_core_v_mini_mcu.ao_peripheral_subsystem_i.spi_subsystem_i.obi_spimemio_i.spimemio_i.buffer\[19\],67.81µm
i_core_v_mini_mcu.ao_peripheral_subsystem_i.tdu_i.task_mem\[3\]\[11\],67.81µm
i_core_v_mini_mcu.memory_subsystem_i.ram0_i.tc_ram_i.sram\[14\]\[28\],67.81µm
i_core_v_mini_mcu.peripheral_subsystem_i.periph_to_reg_i.r_rdata_d\[9\],67.81µm
i_core_v_mini_mcu.peripheral_subsystem_i.uart_i.uart_core.uart_tx.sreg_q\[2\],67.81µm
net1103,67.81µm
net1118,67.81µm
net1337,67.81µm
_06604_,67.76µm
_07050_,67.76µm
_12672_,67.76µm
_14135_,67.76µm
_20587_,67.76µm
_24538_,67.76µm
_24909_,67.76µm
i_core_v_mini_mcu.ao_peripheral_subsystem_i.tdu_i.task_mem\[7\]\[10\],67.76µm
net1413,67.76µm
_17046_,67.5µm
i_core_v_mini_mcu.ao_peripheral_subsystem_i.power_manager_i.power_manager_reg_top_i.cpu_switch_off_counter_qs\[8\],67.5µm
_22141_,67.45µm
i_core_v_mini_mcu.ao_peripheral_subsystem_i.power_manager_i.power_manager_reg_top_i.en_wait_for_intr_qs\[16\],67.4µm
_05769_,67.35µm
_16521_,67.35µm
_21762_,67.35µm
i_core_v_mini_mcu.ao_peripheral_subsystem_i.mosaic_clint_i.mtimecmp_q\[88\],67.35µm
_12923_,67.3µm
_21125_,67.3µm
i_core_v_mini_mcu.ao_peripheral_subsystem_i.power_manager_i.cpu_powergate_counter_expired_reset_deassert,67.3µm
i_core_v_mini_mcu.cpu_subsystem_i.cpu_0_0.i_servile.cpu.alu.i_rd_sel\[2\],67.3µm
clknet_leaf_23_i_core_v_mini_mcu.peripheral_subsystem_i.clk_cg,67.3µm
clknet_leaf_34_i_core_v_mini_mcu.peripheral_subsystem_i.clk_cg,67.3µm
clknet_leaf_87_i_core_v_mini_mcu.peripheral_subsystem_i.clk_cg,67.3µm
_05553_,67.25µm
_06500_,67.25µm
_06870_,67.25µm
_07054_,67.25µm
_07517_,67.25µm
_09027_,67.25µm
_15792_,67.25µm
_21628_,67.25µm
_23334_,67.25µm
_25015_,67.25µm
_27374_,67.25µm
i_core_v_mini_mcu.core_data_req\[11\],67.25µm
net262,67.25µm
_05665_,67.2µm
_07507_,67.2µm
_07605_,67.2µm
_11348_,67.2µm
_11602_,67.2µm
_14277_,67.2µm
_25593_,67.2µm
i_core_v_mini_mcu.ao_peripheral_subsystem_i.tdu_i.task_mem\[4\]\[28\],67.2µm
net148,67.2µm
_07995_,66.88µm
clknet_leaf_43_i_core_v_mini_mcu.peripheral_subsystem_i.clk_cg,66.79µm
_07537_,66.74µm
_09316_,66.74µm
_10359_,66.74µm
_15724_,66.74µm
_22165_,66.74µm
i_core_v_mini_mcu.ao_peripheral_subsystem_i.spi_subsystem_i.obi_spimemio_i.spimemio_i.buffer\[23\],66.74µm
i_core_v_mini_mcu.cpu_subsystem_i.cpu_1_0.rf_ram_i.memory\[102\]\[0\],66.74µm
_07160_,66.69µm
_10854_,66.69µm
_11972_,66.69µm
_12957_,66.69µm
_24036_,66.69µm
_27353_,66.69µm
i_core_v_mini_mcu.ao_peripheral_subsystem_i.tdu_i.task_mem\[1\]\[19\],66.69µm
i_core_v_mini_mcu.cpu_subsystem_i.cpu_1_0.rf_ram_i.memory\[120\]\[1\],66.69µm
net956,66.69µm
_04067_,66.64µm
_07511_,66.64µm
_08249_,66.64µm
_20657_,66.64µm
_23158_,66.64µm
_24599_,66.64µm
_25153_,66.64µm
_25737_,66.64µm
_26422_,66.64µm
i_core_v_mini_mcu.ao_peripheral_subsystem_i.spi_subsystem_i.obi_spimemio_i.obi_to_picorv32_i.obi_resp_o\[29\],66.64µm
_15904_,66.33µm
_15376_,66.28µm
_16491_,66.28µm
_10573_,66.23µm
_17392_,66.23µm
_18959_,66.23µm
clknet_leaf_32_i_core_v_mini_mcu.peripheral_subsystem_i.clk_cg,66.23µm
_07864_,66.18µm
_11756_,66.18µm
_13774_,66.18µm
_16174_,66.18µm
_20952_,66.18µm
i_core_v_mini_mcu.cpu_subsystem_i.cpu_0_0.rf_ram_i.memory\[18\]\[1\],66.18µm
_05922_,66.13µm
_10617_,66.13µm
_10638_,66.13µm
_25987_,66.13µm
i_core_v_mini_mcu.ao_peripheral_subsystem_i.power_manager_i.power_manager_reg_top_i.intr_state_qs\[10\],66.13µm
i_core_v_mini_mcu.cpu_subsystem_i.cpu_0_0.rf_ram_i.memory\[19\]\[1\],66.13µm
net1417,66.13µm
_03990_,66.08µm
_05767_,66.08µm
_06591_,66.08µm
_06868_,66.08µm
_07795_,66.08µm
_10493_,66.08µm
_13184_,66.08µm
_13211_,66.08µm
_18268_,66.08µm
_21320_,66.08µm
_23714_,66.08µm
_26873_,66.08µm
i_core_v_mini_mcu.memory_subsystem_i.ram0_i.tc_ram_i.sram\[31\]\[7\],66.08µm
_23949_,65.77µm
_08523_,65.72µm
i_core_v_mini_mcu.ao_peripheral_subsystem_i.power_manager_i.power_manager_reg_top_i.periph_wait_ack_switch_on_qs,65.72µm
i_core_v_mini_mcu.peripheral_subsystem_i.uart_i.uart_core.uart_tx.baud_div_q\[0\],65.72µm
_07684_,65.67µm
i_core_v_mini_mcu.peripheral_subsystem_i.uart_i.uart_core.u_uart_txfifo.gen_normal_fifo.storage\[23\],65.67µm
clknet_leaf_4_clk_i_regs,65.67µm
_07176_,65.62µm
_08578_,65.62µm
_26262_,65.62µm
_07653_,65.57µm
_07942_,65.57µm
_16365_,65.57µm
_16389_,65.57µm
i_core_v_mini_mcu.cpu_subsystem_i.cpu_1_0.rf_ram_i.memory\[315\]\[0\],65.57µm
_09614_,65.52µm
_10969_,65.52µm
_11581_,65.52µm
_11788_,65.52µm
_18427_,65.52µm
_25281_,65.52µm
_26237_,65.52µm
_07762_,65.36µm
i_core_v_mini_mcu.cpu_subsystem_i.cpu_1_0.i_servile.arbiter.i_wb_cpu_dbus_adr\[31\],65.21µm
_18379_,65.16µm
i_core_v_mini_mcu.peripheral_subsystem_i.uart_i.reg2hw\[18\],65.16µm
_09655_,65.11µm
_15774_,65.11µm
i_core_v_mini_mcu.ao_peripheral_subsystem_i.mosaic_clint_i.mtimecmp_q\[99\],65.11µm
clknet_leaf_3_i_core_v_mini_mcu.peripheral_subsystem_i.clk_cg,65.11µm
_20158_,65.06µm
_07549_,65.01µm
_16915_,65.01µm
_26064_,65.01µm
_26519_,65.01µm
_26643_,65.01µm
exit_value_int\[31\],65.01µm
i_core_v_mini_mcu.ao_peripheral_subsystem_i.mosaic_clint_i.mtimecmp_q\[102\],65.01µm
i_core_v_mini_mcu.ao_peripheral_subsystem_i.tdu_i.task_mem\[2\]\[21\],65.01µm
i_core_v_mini_mcu.core_data_req\[101\],65.01µm
net1451,65.01µm
_04057_,64.96µm
_04071_,64.96µm
_07100_,64.96µm
_07863_,64.96µm
_08464_,64.96µm
_11736_,64.96µm
_23515_,64.96µm
_25041_,64.96µm
_26544_,64.96µm
_26549_,64.96µm
i_core_v_mini_mcu.peripheral_subsystem_i.periph_to_reg_i.r_rdata_d\[20\],64.96µm
_09307_,64.55µm
_17178_,64.55µm
_03714_,64.5µm
_06969_,64.5µm
_07577_,64.5µm
_07632_,64.5µm
i_core_v_mini_mcu.cpu_subsystem_i.cpu_0_0.i_servile.cpu.csr_addr\[1\],64.5µm
_12067_,64.45µm
_12155_,64.45µm
_15093_,64.45µm
_21757_,64.45µm
_22577_,64.45µm
_27969_,64.45µm
i_core_v_mini_mcu.ao_peripheral_subsystem_i.obi_fifo_i.consumer_data_req\[65\],64.45µm
net1128,64.45µm
net1289,64.45µm
_11598_,64.4µm
_13936_,64.4µm
i_core_v_mini_mcu.cpu_subsystem_i.cpu_0_0.i_servile.cpu.decode.o_immdec_en\[3\],64.4µm
i_core_v_mini_mcu.ao_peripheral_subsystem_i.tdu_i.wr_ptr_q\[2\],64.36µm
_09120_,64.17µm
_06537_,64.14µm
i_core_v_mini_mcu.ao_peripheral_subsystem_i.power_manager_i.power_manager_reg_top_i.cpu_reset_assert_counter_qs\[9\],64.04µm
_07186_,63.99µm
_13780_,63.99µm
_15456_,63.99µm
_23116_,63.99µm
i_core_v_mini_mcu.cpu_subsystem_i.cpu_1_0.rf_ram_i.memory\[137\]\[0\],63.99µm
_06456_,63.94µm
_08601_,63.94µm
_14834_,63.94µm
_05590_,63.89µm
_05870_,63.89µm
_11325_,63.89µm
_18943_,63.89µm
_21410_,63.89µm
_23432_,63.89µm
_24416_,63.89µm
_27037_,63.89µm
_27354_,63.89µm
i_core_v_mini_mcu.cpu_subsystem_i.cpu_1_0.rf_ram_i.memory\[165\]\[1\],63.89µm
i_core_v_mini_mcu.cpu_subsystem_i.cpu_1_0.rf_ram_i.memory\[414\]\[0\],63.89µm
i_core_v_mini_mcu.memory_subsystem_i.ram0_i.tc_ram_i.sram\[29\]\[8\],63.89µm
_04002_,63.84µm
_05463_,63.84µm
_06987_,63.84µm
_11571_,63.84µm
_18361_,63.84µm
_21691_,63.84µm
_22296_,63.84µm
_17531_,63.66µm
_19010_,63.53µm
_16668_,63.48µm
_10532_,63.43µm
i_core_v_mini_mcu.peripheral_subsystem_i.uart_i.uart_core.uart_tx.sreg_q\[1\],63.43µm
_05676_,63.38µm
_12224_,63.38µm
_22042_,63.38µm
i_core_v_mini_mcu.peripheral_subsystem_i.uart_i.uart_core.uart_tx.sreg_q\[8\],63.38µm
_06700_,63.33µm
_08257_,63.33µm
_08909_,63.33µm
_09358_,63.33µm
_12895_,63.33µm
_14189_,63.33µm
_14851_,63.33µm
_14896_,63.33µm
_21451_,63.33µm
_27435_,63.33µm
_28072_,63.33µm
i_core_v_mini_mcu.ao_peripheral_subsystem_i.power_manager_i.power_manager_reg_top_i.intr_state_qs\[17\],63.33µm
net1182,63.33µm
net1286,63.33µm
_06578_,63.28µm
_06867_,63.28µm
_07924_,63.28µm
_11856_,63.28µm
_22933_,63.28µm
_09233_,63.02µm
_18430_,62.97µm
_27744_,62.97µm
_06165_,62.92µm
_05503_,62.87µm
_09114_,62.87µm
i_core_v_mini_mcu.cpu_subsystem_i.cpu_1_0.rf_ram_i.memory\[136\]\[1\],62.87µm
i_core_v_mini_mcu.peripheral_subsystem_i.periph_to_reg_i.r_rdata_d\[22\],62.87µm
_07957_,62.82µm
_08185_,62.82µm
_08555_,62.82µm
_11471_,62.82µm
_13169_,62.82µm
_16021_,62.82µm
i_core_v_mini_mcu.cpu_subsystem_i.cpu_0_0.rf_ram_i.memory\[43\]\[0\],62.82µm
i_core_v_mini_mcu.system_bus_i.system_xbar_i.gen_xbar_NtoM.i_xbar.gen_outputs\[3\].gen_rr_arb_tree.i_rr_arb_tree.gen_arbiter.rr_q\[0\],62.82µm
clknet_leaf_1_i_core_v_mini_mcu.peripheral_subsystem_i.clk_cg,62.82µm
_07525_,62.78µm
_07460_,62.77µm
_12630_,62.77µm
_25974_,62.77µm
_26013_,62.77µm
_28019_,62.77µm
i_core_v_mini_mcu.ao_peripheral_subsystem_i.power_manager_i.power_manager_reg_top_i.global_pointer_qs\[15\],62.77µm
i_core_v_mini_mcu.cpu_subsystem_i.cpu_1_0.rf_ram_i.memory\[137\]\[1\],62.77µm
i_core_v_mini_mcu.cpu_subsystem_i.cpu_1_0.rf_ram_i.memory\[378\]\[1\],62.77µm
_07555_,62.72µm
_07800_,62.72µm
_08003_,62.72µm
_10496_,62.72µm
_10636_,62.72µm
_11074_,62.72µm
_20534_,62.72µm
_23458_,62.72µm
_14439_,62.46µm
i_core_v_mini_mcu.ao_peripheral_subsystem_i.clint_mtime_o\[40\],62.46µm
_22766_,62.41µm
_23956_,62.41µm
i_core_v_mini_mcu.peripheral_slave_resp\[22\],62.36µm
_06217_,62.31µm
_08831_,62.31µm
_15512_,62.31µm
_23575_,62.31µm
i_core_v_mini_mcu.peripheral_subsystem_i.uart_i.reg2hw\[32\],62.31µm
i_core_v_mini_mcu.peripheral_subsystem_i.uart_i.uart_core.u_uart_rxfifo.gen_normal_fifo.fifo_wptr\[1\],62.31µm
_10550_,62.26µm
_13725_,62.26µm
_16509_,62.26µm
_21612_,62.26µm
_23043_,62.26µm
i_core_v_mini_mcu.ao_peripheral_subsystem_i.tdu_i.task_mem\[1\]\[27\],62.26µm
net1130,62.26µm
_05657_,62.21µm
_06053_,62.21µm
_08148_,62.21µm
_10701_,62.21µm
_13846_,62.21µm
_17059_,62.21µm
_21421_,62.21µm
_21427_,62.21µm
_23208_,62.21µm
_25427_,62.21µm
_25876_,62.21µm
_26867_,62.21µm
i_core_v_mini_mcu.ao_peripheral_subsystem_i.power_manager_i.power_manager_reg_top_i.global_pointer_qs\[14\],62.21µm
i_core_v_mini_mcu.cpu_subsystem_i.cpu_0_0.rf_ram_i.memory\[345\]\[1\],62.21µm
i_core_v_mini_mcu.cpu_subsystem_i.cpu_1_0.rf_ram_i.memory\[141\]\[0\],62.21µm
_03965_,62.16µm
_06927_,62.16µm
_10594_,62.16µm
_11509_,62.16µm
_12355_,62.16µm
_14022_,62.16µm
_23407_,62.16µm
_25049_,62.16µm
_25440_,62.16µm
i_core_v_mini_mcu.cpu_subsystem_i.cpu_1_0.i_servile.rf_ram_if.rtrig0,62.16µm
_04069_,61.99µm
_16553_,61.98µm
i_core_v_mini_mcu.ao_peripheral_subsystem_i.soc_ctrl_i.reg2hw\[33\],61.93µm
_06551_,61.9µm
net1061,61.8µm
net1238,61.8µm
_05510_,61.75µm
i_core_v_mini_mcu.ao_peripheral_subsystem_i.tdu_i.task_mem\[4\]\[30\],61.75µm
clknet_leaf_76_i_core_v_mini_mcu.peripheral_subsystem_i.clk_cg,61.75µm
_06590_,61.7µm
_08010_,61.7µm
_11297_,61.7µm
_13493_,61.7µm
_13985_,61.7µm
_14255_,61.7µm
_18023_,61.7µm
i_core_v_mini_mcu.ao_peripheral_subsystem_i.obi_fifo_i.consumer_data_req\[36\],61.7µm
i_core_v_mini_mcu.ao_peripheral_subsystem_i.soc_ctrl_i.soc_ctrl_reg_top_i.system_frequency_hz_qs\[5\],61.7µm
i_core_v_mini_mcu.ao_peripheral_subsystem_i.spi_subsystem_i.obi_spimemio_i.obi_to_picorv32_i.addr_buf\[9\],61.7µm
clknet_leaf_21_i_core_v_mini_mcu.peripheral_subsystem_i.clk_cg,61.7µm
_06056_,61.65µm
_12180_,61.65µm
_12989_,61.65µm
_14503_,61.65µm
_14820_,61.65µm
_21456_,61.65µm
_23480_,61.65µm
_24830_,61.65µm
_26006_,61.65µm
i_core_v_mini_mcu.memory_subsystem_i.ram0_i.tc_ram_i.sram\[8\]\[2\],61.65µm
_06626_,61.6µm
_06991_,61.6µm
_07712_,61.6µm
_08336_,61.6µm
_08849_,61.6µm
_18277_,61.6µm
_20447_,61.6µm
_22029_,61.6µm
_23271_,61.6µm
_25935_,61.6µm
_26044_,61.6µm
_27134_,61.6µm
i_core_v_mini_mcu.ao_peripheral_subsystem_i.mosaic_clint_i.mtimecmp_q\[52\],61.6µm
_18376_,61.39µm
_14424_,61.35µm
_21810_,61.29µm
i_core_v_mini_mcu.ao_peripheral_subsystem_i.clint_mtime_o\[30\],61.29µm
i_core_v_mini_mcu.ao_peripheral_subsystem_i.spi_subsystem_i.obi_spimemio_i.spimemio_i.din_rd,61.29µm
_07657_,61.24µm
_15727_,61.24µm
_27411_,61.19µm
i_core_v_mini_mcu.peripheral_subsystem_i.uart_i.reg2hw\[24\],61.19µm
_05857_,61.14µm
_17423_,61.14µm
_21639_,61.14µm
_25591_,61.14µm
i_core_v_mini_mcu.cpu_subsystem_i.cpu_1_0.rf_ram_i.memory\[165\]\[0\],61.14µm
i_core_v_mini_mcu.memory_subsystem_i.ram0_i.tc_ram_i.sram\[9\]\[28\],61.14µm
i_core_v_mini_mcu.peripheral_subsystem_i.uart_i.reg2hw\[22\],61.14µm
i_core_v_mini_mcu.peripheral_subsystem_i.uart_i.reg2hw\[33\],61.14µm
_05831_,61.09µm
_08203_,61.09µm
_09760_,61.09µm
_15205_,61.09µm
_23372_,61.09µm
_27981_,61.09µm
i_core_v_mini_mcu.ao_peripheral_subsystem_i.power_manager_i.power_manager_reg_top_i.en_wait_for_intr_qs\[10\],61.09µm
i_core_v_mini_mcu.ao_peripheral_subsystem_i.spi_subsystem_i.obi_spimemio_i.obi_to_picorv32_i.obi_resp_o\[18\],61.09µm
i_core_v_mini_mcu.ao_peripheral_subsystem_i.spi_subsystem_i.obi_spimemio_i.obi_to_picorv32_i.picorv32_resp_i\[30\],61.09µm
net1264,61.09µm
_07337_,61.04µm
_11480_,61.04µm
_16233_,61.04µm
_20332_,61.04µm
_21255_,61.04µm
i_core_v_mini_mcu.ao_peripheral_subsystem_i.power_manager_i.power_manager_reg_top_i.en_wait_for_intr_qs\[31\],61.04µm
i_core_v_mini_mcu.peripheral_subsystem_i.uart_i.uart_core.u_uart_txfifo.gen_normal_fifo.storage\[16\],61.04µm
net4,61.04µm
net1288,61.04µm
_07304_,60.81µm
i_core_v_mini_mcu.ao_peripheral_subsystem_i.clint_mtime_o\[22\],60.81µm
i_core_v_mini_mcu.ao_peripheral_subsystem_i.obi_fifo_i.consumer_data_req\[46\],60.81µm
_09259_,60.72µm
_07768_,60.68µm
i_core_v_mini_mcu.cpu_subsystem_i.cpu_0_0.rf_ram_i.memory\[46\]\[0\],60.68µm
clknet_leaf_28_i_core_v_mini_mcu.memory_subsystem_i.clk_cg,60.68µm
_14369_,60.63µm
_15174_,60.63µm
clknet_leaf_36_i_core_v_mini_mcu.peripheral_subsystem_i.clk_cg,60.63µm
clknet_leaf_75_i_core_v_mini_mcu.peripheral_subsystem_i.clk_cg,60.63µm
clknet_leaf_86_i_core_v_mini_mcu.peripheral_subsystem_i.clk_cg,60.63µm
_10548_,60.58µm
_15208_,60.58µm
_16537_,60.58µm
_18151_,60.58µm
_21346_,60.58µm
_21803_,60.58µm
_06336_,60.53µm
_06709_,60.53µm
_07066_,60.53µm
_07192_,60.53µm
_08318_,60.53µm
_11700_,60.53µm
_13782_,60.53µm
_14585_,60.53µm
_15501_,60.53µm
_20326_,60.53µm
_24942_,60.53µm
_25765_,60.53µm
i_core_v_mini_mcu.ao_peripheral_subsystem_i.spi_subsystem_i.obi_spimemio_i.obi_to_picorv32_i.picorv32_resp_i\[5\],60.53µm
i_core_v_mini_mcu.ao_peripheral_subsystem_i.spi_subsystem_i.obi_spimemio_i.spimemio_i.din_data\[2\],60.53µm
i_core_v_mini_mcu.core_data_req\[2\],60.53µm
i_core_v_mini_mcu.memory_subsystem_i.ram0_i.tc_ram_i.sram\[21\]\[27\],60.53µm
clknet_leaf_70_i_core_v_mini_mcu.peripheral_subsystem_i.clk_cg,60.53µm
_12916_,60.48µm
_20629_,60.48µm
_22370_,60.48µm
_22827_,60.48µm
_23236_,60.48µm
_27034_,60.48µm
i_core_v_mini_mcu.ao_peripheral_subsystem_i.tdu_i.task_mem\[6\]\[31\],60.48µm
i_core_v_mini_mcu.memory_subsystem_i.ram0_i.tc_ram_i.sram\[14\]\[31\],60.48µm
i_core_v_mini_mcu.peripheral_subsystem_i.uart_i.uart_core.u_uart_txfifo.gen_normal_fifo.storage\[11\],60.48µm
_22803_,60.27µm
i_core_v_mini_mcu.ao_peripheral_subsystem_i.tdu_i.active_hart_cycles_q\[27\],60.17µm
_21602_,60.12µm
_07395_,60.07µm
_10011_,60.07µm
_20495_,60.07µm
_22366_,60.07µm
clknet_leaf_24_i_core_v_mini_mcu.peripheral_subsystem_i.clk_cg,60.07µm
_06585_,60.02µm
_09830_,60.02µm
_14602_,60.02µm
_14798_,60.02µm
i_core_v_mini_mcu.ao_peripheral_subsystem_i.clint_mtime_o\[59\],60.02µm
_05959_,59.97µm
_07520_,59.97µm
_08808_,59.97µm
_12669_,59.97µm
_15482_,59.97µm
_16431_,59.97µm
_20536_,59.97µm
_21635_,59.97µm
_26185_,59.97µm
_26446_,59.97µm
_26631_,59.97µm
i_core_v_mini_mcu.ao_peripheral_subsystem_i.obi_fifo_i.consumer_data_req_q\[1\],59.97µm
i_core_v_mini_mcu.ao_peripheral_subsystem_i.spi_subsystem_i.obi_spimemio_i.spimemio_i.softreset,59.97µm
i_core_v_mini_mcu.ao_peripheral_subsystem_i.tdu_i.task_mem\[3\]\[20\],59.97µm
i_core_v_mini_mcu.ao_peripheral_subsystem_i.tdu_i.task_mem\[7\]\[20\],59.97µm
i_core_v_mini_mcu.cpu_subsystem_i.cpu_1_0.rf_ram_i.memory\[104\]\[0\],59.97µm
i_core_v_mini_mcu.cpu_subsystem_i.cpu_1_0.rf_ram_i.memory\[132\]\[0\],59.97µm
i_core_v_mini_mcu.peripheral_subsystem_i.uart_i.uart_core.rx_timeout_count_q\[16\],59.97µm
_08202_,59.92µm
_08314_,59.92µm
_08534_,59.92µm
_10322_,59.92µm
_12096_,59.92µm
_13519_,59.92µm
_24636_,59.92µm
_24702_,59.92µm
_25055_,59.92µm
_26531_,59.92µm
_26550_,59.92µm
_26578_,59.92µm
_26625_,59.92µm
_28073_,59.92µm
i_core_v_mini_mcu.memory_subsystem_i.ram0_i.tc_ram_i.sram\[11\]\[28\],59.69µm
_06310_,59.61µm
_05515_,59.51µm
_16379_,59.51µm
_27039_,59.51µm
i_core_v_mini_mcu.ao_peripheral_subsystem_i.spi_subsystem_i.obi_spimemio_i.obi_to_picorv32_i.obi_resp_o\[22\],59.51µm
clknet_leaf_77_i_core_v_mini_mcu.peripheral_subsystem_i.clk_cg,59.51µm
_15469_,59.46µm
_16550_,59.46µm
_05878_,59.41µm
_06108_,59.41µm
_07127_,59.41µm
_09109_,59.41µm
_12172_,59.41µm
_18915_,59.41µm
_21074_,59.41µm
_22293_,59.41µm
_23516_,59.41µm
_26678_,59.41µm
_26876_,59.41µm
_26891_,59.41µm
_26980_,59.41µm
i_core_v_mini_mcu.ao_peripheral_subsystem_i.obi_fifo_i.consumer_data_req_q\[6\],59.41µm
i_core_v_mini_mcu.core_data_req\[20\],59.41µm
i_core_v_mini_mcu.cpu_subsystem_i.hart_clock_enable_1_0,59.41µm
i_core_v_mini_mcu.memory_subsystem_i.ram0_i.tc_ram_i.sram\[30\]\[14\],59.41µm
i_core_v_mini_mcu.peripheral_subsystem_i.uart_i.hw2reg\[44\],59.41µm
clknet_leaf_28_i_core_v_mini_mcu.peripheral_subsystem_i.clk_cg,59.4µm
_07397_,59.36µm
_07483_,59.36µm
_14215_,59.36µm
_20685_,59.36µm
_24226_,59.36µm
_24859_,59.36µm
_25707_,59.36µm
_26365_,59.36µm
_26718_,59.36µm
i_core_v_mini_mcu.ao_peripheral_subsystem_i.spi_subsystem_i.obi_spimemio_i.obi_to_picorv32_i.addr_buf\[22\],59.36µm
i_core_v_mini_mcu.peripheral_subsystem_i.obi_fifo_i.consumer_data_req_q\[0\],59.36µm
_08495_,59.15µm
_20154_,59.13µm
i_core_v_mini_mcu.ao_peripheral_subsystem_i.mosaic_clint_i.mtimecmp_q\[127\],59.05µm
_28061_,59µm
clknet_leaf_56_i_core_v_mini_mcu.peripheral_subsystem_i.clk_cg,59µm
i_core_v_mini_mcu.ao_peripheral_slave_resp\[26\],58.95µm
clknet_leaf_29_i_core_v_mini_mcu.peripheral_subsystem_i.clk_cg,58.95µm
_07616_,58.9µm
_07829_,58.9µm
_09468_,58.9µm
clknet_leaf_11_i_core_v_mini_mcu.peripheral_subsystem_i.clk_cg,58.9µm
clknet_leaf_44_i_core_v_mini_mcu.peripheral_subsystem_i.clk_cg,58.9µm
clknet_leaf_88_i_core_v_mini_mcu.peripheral_subsystem_i.clk_cg,58.9µm
_03925_,58.85µm
_05858_,58.85µm
_06722_,58.85µm
_09126_,58.85µm
_10832_,58.85µm
_15569_,58.85µm
_21491_,58.85µm
_24677_,58.85µm
_26969_,58.85µm
i_core_v_mini_mcu.ao_peripheral_subsystem_i.spi_subsystem_i.obi_spimemio_i.spimemio_i.buffer\[17\],58.85µm
i_core_v_mini_mcu.cpu_subsystem_i.cpu_1_0.rf_ram_i.memory\[255\]\[1\],58.85µm
_04027_,58.8µm
_05631_,58.8µm
_06547_,58.8µm
_09982_,58.8µm
_12752_,58.8µm
_14307_,58.8µm
_18259_,58.8µm
_20438_,58.8µm
_21749_,58.8µm
i_core_v_mini_mcu.ao_peripheral_subsystem_i.obi_fifo_i.consumer_data_req\[3\],58.8µm
i_core_v_mini_mcu.ao_peripheral_subsystem_i.power_manager_i.power_manager_reg_top_i.power_gate_core_ack_qs,58.8µm
i_core_v_mini_mcu.ao_peripheral_subsystem_i.spi_subsystem_i.obi_spimemio_i.spimemio_i.buffer\[8\],58.8µm
i_core_v_mini_mcu.cpu_subsystem_i.cpu_0_0.rf_ram_i.memory\[3\]\[1\],58.8µm
i_core_v_mini_mcu.cpu_subsystem_i.cpu_0_0.rf_ram_i.memory\[51\]\[1\],58.8µm
i_core_v_mini_mcu.memory_subsystem_i.ram0_i.tc_ram_i.sram\[3\]\[24\],58.8µm
i_core_v_mini_mcu.peripheral_subsystem_i.periph_to_reg_i.r_rdata_d\[27\],58.8µm
_13906_,58.57µm
_14862_,58.54µm
_04060_,58.51µm
_14744_,58.49µm
i_core_v_mini_mcu.ao_peripheral_slave_resp\[30\],58.44µm
_09038_,58.39µm
_09821_,58.39µm
i_core_v_mini_mcu.ao_peripheral_subsystem_i.clint_mtime_o\[50\],58.39µm
i_core_v_mini_mcu.cpu_subsystem_i.cpu_0_0.rf_ram_i.memory\[471\]\[0\],58.39µm
i_core_v_mini_mcu.memory_subsystem_i.ram0_i.tc_ram_i.sram\[5\]\[2\],58.39µm
_08774_,58.34µm
_16488_,58.34µm
_23959_,58.34µm
_23992_,58.34µm
_25945_,58.34µm
_26271_,58.34µm
_27590_,58.34µm
i_core_v_mini_mcu.ao_peripheral_subsystem_i.obi_fifo_i.consumer_data_req_q\[7\],58.34µm
i_core_v_mini_mcu.cpu_subsystem_i.cpu_1_0.rf_ram_i.memory\[125\]\[0\],58.34µm
net1060,58.34µm
_06397_,58.29µm
_07043_,58.29µm
_07235_,58.29µm
_12200_,58.29µm
_12597_,58.29µm
_13452_,58.29µm
_20507_,58.29µm
_21934_,58.29µm
_22329_,58.29µm
_23112_,58.29µm
_23316_,58.29µm
_25569_,58.29µm
_25910_,58.29µm
i_core_v_mini_mcu.cpu_subsystem_i.cpu_1_0.rf_ram_i.memory\[213\]\[1\],58.29µm
_08299_,58.24µm
_12396_,58.24µm
_16582_,58.24µm
_18548_,58.24µm
_21751_,58.24µm
_23333_,58.24µm
_24218_,58.24µm
_24663_,58.24µm
_25332_,58.24µm
_26488_,58.24µm
_27594_,58.24µm
i_core_v_mini_mcu.ao_peripheral_subsystem_i.obi_fifo_i.consumer_resp_i\[29\],58.24µm
i_core_v_mini_mcu.cpu_subsystem_i.cpu_0_0.rf_ram_i.memory\[5\]\[1\],58.24µm
i_core_v_mini_mcu.memory_subsystem_i.ram0_i.tc_ram_i.sram\[11\]\[30\],58.24µm
i_core_v_mini_mcu.memory_subsystem_i.ram0_i.tc_ram_i.sram\[9\]\[26\],58.24µm
i_core_v_mini_mcu.cpu_subsystem_i.cpu_0_0.rf_ram_i.memory\[34\]\[1\],58.01µm
_15677_,57.93µm
i_core_v_mini_mcu.ao_peripheral_subsystem_i.obi_fifo_i.consumer_data_req\[44\],57.93µm
i_core_v_mini_mcu.cpu_subsystem_i.cpu_0_0.i_servile.cpu.bufreg.data\[1\],57.93µm
_05647_,57.88µm
_10609_,57.88µm
i_core_v_mini_mcu.ao_peripheral_subsystem_i.power_manager_i.power_manager_reg_top_i.en_wait_for_intr_qs\[12\],57.88µm
i_core_v_mini_mcu.peripheral_subsystem_i.uart_i.uart_core.uart_tx.bit_cnt_q\[2\],57.88µm
_04025_,57.87µm
_08238_,57.83µm
_12194_,57.83µm
_12197_,57.83µm
i_core_v_mini_mcu.ao_peripheral_subsystem_i.mosaic_clint_i.mtimecmp_q\[125\],57.83µm
i_core_v_mini_mcu.memory_subsystem_i.ram0_i.tc_ram_i.sram\[2\]\[25\],57.83µm
_05664_,57.78µm
_07613_,57.78µm
_18440_,57.78µm
_23298_,57.78µm
_26346_,57.78µm
i_core_v_mini_mcu.ao_peripheral_subsystem_i.tdu_i.active_hart_cycles_q\[30\],57.78µm
i_core_v_mini_mcu.cpu_subsystem_i.cpu_0_0.rf_ram_i.memory\[144\]\[0\],57.78µm
i_core_v_mini_mcu.peripheral_slave_resp\[23\],57.78µm
_09361_,57.73µm
_12105_,57.73µm
_12850_,57.73µm
_12966_,57.73µm
_17400_,57.73µm
_17833_,57.73µm
_23049_,57.73µm
_23356_,57.73µm
_24959_,57.73µm
i_core_v_mini_mcu.ao_peripheral_subsystem_i.mosaic_clint_i.mtimecmp_q\[98\],57.73µm
i_core_v_mini_mcu.cpu_subsystem_i.cpu_1_0.rf_ram_i.memory\[133\]\[0\],57.73µm
i_core_v_mini_mcu.peripheral_slave_resp\[29\],57.73µm
_06081_,57.68µm
_06136_,57.68µm
_07326_,57.68µm
_08106_,57.68µm
_14129_,57.68µm
_23399_,57.68µm
_27199_,57.68µm
i_core_v_mini_mcu.ao_peripheral_subsystem_i.tdu_i.cpi_est_q\[21\],57.68µm
_10993_,57.4µm
_22205_,57.37µm
_05449_,57.32µm
net1099,57.32µm
_07808_,57.27µm
_12330_,57.27µm
_16990_,57.27µm
i_core_v_mini_mcu.ao_peripheral_subsystem_i.spi_subsystem_i.obi_spimemio_i.spimemio_i.state\[6\],57.27µm
clknet_leaf_65_i_core_v_mini_mcu.peripheral_subsystem_i.clk_cg,57.27µm
_12220_,57.22µm
_13793_,57.22µm
_14411_,57.22µm
_16385_,57.22µm
_17040_,57.22µm
_18386_,57.22µm
_21589_,57.22µm
_22208_,57.22µm
_25732_,57.22µm
i_core_v_mini_mcu.cpu_subsystem_i.cpu_0_0.rf_ram_i.memory\[327\]\[0\],57.22µm
i_core_v_mini_mcu.peripheral_subsystem_i.uart_i.uart_core.u_uart_txfifo.gen_normal_fifo.storage\[15\],57.22µm
_04610_,57.17µm
_07173_,57.17µm
_08074_,57.17µm
_08844_,57.17µm
_12918_,57.17µm
_14404_,57.17µm
_23185_,57.17µm
_23317_,57.17µm
_25840_,57.17µm
_26161_,57.17µm
_27823_,57.17µm
i_core_v_mini_mcu.ao_peripheral_subsystem_i.power_manager_i.power_manager_reg_top_i.intr_state_qs\[9\],57.17µm
i_core_v_mini_mcu.ao_peripheral_subsystem_i.tdu_i.task_mem\[1\]\[10\],57.17µm
i_core_v_mini_mcu.ao_peripheral_subsystem_i.tdu_i.task_mem\[2\]\[26\],57.17µm
_06874_,57.12µm
_07928_,57.12µm
_08361_,57.12µm
_13016_,57.12µm
_22129_,57.12µm
_25640_,57.12µm
_26750_,57.12µm
_26836_,57.12µm
_27580_,57.12µm
i_core_v_mini_mcu.ao_peripheral_subsystem_i.power_manager_i.power_manager_reg_top_i.en_wait_for_intr_qs\[3\],57.04µm
_08999_,56.81µm
_16875_,56.81µm
_09447_,56.76µm
_07539_,56.71µm
clknet_leaf_16_i_core_v_mini_mcu.peripheral_subsystem_i.clk_cg,56.71µm
clknet_leaf_37_i_core_v_mini_mcu.peripheral_subsystem_i.clk_cg,56.71µm
_15349_,56.66µm
_23343_,56.66µm
i_core_v_mini_mcu.ao_peripheral_subsystem_i.obi_fifo_i.consumer_data_req_q\[20\],56.66µm
i_core_v_mini_mcu.ao_peripheral_subsystem_i.tdu_i.task_mem\[2\]\[19\],56.66µm
i_core_v_mini_mcu.cpu_subsystem_i.cpu_0_0.rf_ram_i.memory\[164\]\[1\],56.66µm
_05519_,56.61µm
_06876_,56.61µm
_20387_,56.61µm
_23951_,56.61µm
_25068_,56.61µm
_25464_,56.61µm
_27971_,56.61µm
i_core_v_mini_mcu.cpu_subsystem_i.cpu_0_0.rf_ram_i.memory\[184\]\[1\],56.61µm
i_core_v_mini_mcu.peripheral_subsystem_i.uart_i.reg2hw\[81\],56.61µm
_07494_,56.56µm
_12576_,56.56µm
_13478_,56.56µm
_20529_,56.56µm
_23490_,56.56µm
_25979_,56.56µm
net1275,56.56µm
i_core_v_mini_mcu.cpu_subsystem_i.cpu_0_0.rf_ram_i.memory\[28\]\[0\],56.56µm
i_core_v_mini_mcu.peripheral_subsystem_i.uart_i.reg2hw\[20\],56.38µm
_17298_,56.3µm
_09613_,56.2µm
_15124_,56.2µm
_15753_,56.2µm
i_core_v_mini_mcu.ao_peripheral_subsystem_i.spi_subsystem_i.obi_spimemio_i.obi_spimemio_reg_top_i.reg2hw,56.2µm
_08575_,56.15µm
_24426_,56.15µm
clknet_leaf_84_i_core_v_mini_mcu.peripheral_subsystem_i.clk_cg,56.15µm
_08009_,56.1µm
_10395_,56.1µm
_16345_,56.1µm
_18035_,56.1µm
_27407_,56.1µm
i_core_v_mini_mcu.ao_peripheral_subsystem_i.mosaic_clint_i.mtimecmp_q\[97\],56.1µm
i_core_v_mini_mcu.ao_peripheral_subsystem_i.power_manager_i.power_manager_reg_top_i.cpu_switch_on_counter_qs\[3\],56.1µm
i_core_v_mini_mcu.peripheral_subsystem_i.uart_i.uart_core.uart_rx.sreg_q\[4\],56.1µm
net260,56.1µm
net1265,56.1µm
_07323_,56.05µm
_08063_,56.05µm
_11414_,56.05µm
_11654_,56.05µm
_14015_,56.05µm
_15214_,56.05µm
_16597_,56.05µm
_20999_,56.05µm
_22315_,56.05µm
_25531_,56.05µm
i_core_v_mini_mcu.cpu_subsystem_i.cpu_0_0.i_servile.cpu.alu.i_cmp_eq,56.05µm
i_core_v_mini_mcu.cpu_subsystem_i.cpu_1_0.rf_ram_i.memory\[378\]\[0\],56.05µm
i_core_v_mini_mcu.memory_subsystem_i.ram0_i.tc_ram_i.sram\[20\]\[31\],56.05µm
i_core_v_mini_mcu.peripheral_subsystem_i.uart_i.uart_core.rx_timeout_count_q\[4\],56.05µm
i_core_v_mini_mcu.peripheral_subsystem_i.uart_i.uart_core.u_uart_txfifo.gen_normal_fifo.storage\[31\],56.05µm
_08360_,56µm
_09267_,56µm
_09463_,56µm
_24580_,56µm
_24893_,56µm
_25825_,56µm
_26583_,56µm
_27258_,56µm
i_core_v_mini_mcu.ao_peripheral_subsystem_i.power_manager_i.memory_subsystem_banks_powergate_iso_n,56µm
i_core_v_mini_mcu.ao_peripheral_subsystem_i.tdu_i.cpi_est_q\[28\],56µm
i_core_v_mini_mcu.cpu_subsystem_i.cpu_1_0.rf_ram_i.memory\[263\]\[0\],56µm
clknet_leaf_51_i_core_v_mini_mcu.peripheral_subsystem_i.clk_cg,56µm
i_core_v_mini_mcu.ao_peripheral_subsystem_i.tdu_i.task_mem\[5\]\[29\],55.82µm
i_core_v_mini_mcu.cpu_subsystem_i.cpu_0_0.rf_ram_i.memory\[463\]\[1\],55.72µm
i_core_v_mini_mcu.memory_subsystem_i.ram0_i.tc_ram_i.sram\[4\]\[1\],55.72µm
_06566_,55.64µm
_06826_,55.64µm
_09706_,55.64µm
_14873_,55.64µm
_16095_,55.64µm
_05634_,55.59µm
_09173_,55.59µm
_10768_,55.59µm
_14889_,55.59µm
_15034_,55.59µm
_18092_,55.59µm
_18580_,55.59µm
_21866_,55.59µm
_27428_,55.59µm
i_core_v_mini_mcu.core_data_req\[3\],55.59µm
i_core_v_mini_mcu.cpu_subsystem_i.cpu_0_0.i_servile.cpu.immdec.gen_immdec_w_eq_1.imm11_7\[1\],55.59µm
_07086_,55.54µm
_12934_,55.54µm
_18904_,55.54µm
_22780_,55.54µm
_23139_,55.54µm
i_core_v_mini_mcu.ao_peripheral_subsystem_i.obi_fifo_i.consumer_resp_i\[32\],55.54µm
i_core_v_mini_mcu.cpu_subsystem_i.cpu_0_0.rf_ram_i.memory\[16\]\[1\],55.54µm
i_core_v_mini_mcu.memory_subsystem_i.ram0_i.tc_ram_i.sram\[27\]\[29\],55.54µm
_06695_,55.49µm
_11832_,55.49µm
_11874_,55.49µm
_15436_,55.49µm
_21721_,55.49µm
_23419_,55.49µm
_24736_,55.49µm
_26175_,55.49µm
_27009_,55.49µm
_27434_,55.49µm
_27957_,55.49µm
i_core_v_mini_mcu.cpu_subsystem_i.cpu_0_0.rf_ram_i.memory\[40\]\[0\],55.49µm
i_core_v_mini_mcu.peripheral_subsystem_i.uart_i.reg2hw\[122\],55.49µm
i_core_v_mini_mcu.peripheral_subsystem_i.uart_i.uart_core.u_uart_rxfifo.gen_normal_fifo.fifo_rptr\[0\],55.49µm
_06939_,55.44µm
_07796_,55.44µm
_07977_,55.44µm
_13019_,55.44µm
_25204_,55.44µm
_25663_,55.44µm
_25934_,55.44µm
_28064_,55.44µm
_28127_,55.44µm
i_core_v_mini_mcu.peripheral_subsystem_i.uart_i.uart_core.u_uart_txfifo.gen_normal_fifo.storage\[10\],55.44µm
i_core_v_mini_mcu.peripheral_subsystem_i.uart_i.uart_core.u_uart_txfifo.gen_normal_fifo.storage\[29\],55.44µm
_16056_,55.13µm
_06110_,55.08µm
i_core_v_mini_mcu.ao_peripheral_subsystem_i.clint_mtime_o\[33\],55.08µm
net1339,55.08µm
_20135_,55.03µm
i_core_v_mini_mcu.cpu_subsystem_i.cpu_0_0.i_servile.cpu.bufreg.i_shift_op,55.03µm
_23562_,54.99µm
_08149_,54.98µm
_24257_,54.98µm
i_core_v_mini_mcu.ao_peripheral_subsystem_i.power_manager_i.power_manager_reg_top_i.en_wait_for_intr_qs\[2\],54.98µm
i_core_v_mini_mcu.memory_subsystem_i.ram0_i.tc_ram_i.sram\[20\]\[19\],54.98µm
_15105_,54.95µm
_06194_,54.93µm
_06773_,54.93µm
_07145_,54.93µm
_07681_,54.93µm
_10142_,54.93µm
_10848_,54.93µm
_12130_,54.93µm
_13692_,54.93µm
_13783_,54.93µm
_13821_,54.93µm
_21645_,54.93µm
_21735_,54.93µm
_26021_,54.93µm
_26847_,54.93µm
i_core_v_mini_mcu.memory_subsystem_i.ram0_i.tc_ram_i.sram\[8\]\[19\],54.93µm
i_core_v_mini_mcu.peripheral_subsystem_i.obi_fifo_i.consumer_state_n,54.93µm
_06464_,54.88µm
_07579_,54.88µm
_07775_,54.88µm
_08167_,54.88µm
_08396_,54.88µm
_09412_,54.88µm
_10524_,54.88µm
_20450_,54.88µm
_22064_,54.88µm
_23450_,54.88µm
_23636_,54.88µm
_24244_,54.88µm
_24764_,54.88µm
_25422_,54.88µm
_26076_,54.88µm
_27313_,54.88µm
i_core_v_mini_mcu.ao_peripheral_subsystem_i.spi_subsystem_i.obi_spimemio_i.spimemio_i.xfer.next_fetch,54.88µm
i_core_v_mini_mcu.ao_peripheral_subsystem_i.tdu_i.task_mem\[7\]\[29\],54.88µm
i_core_v_mini_mcu.cpu_subsystem_i.cpu_1_0.i_servile.arbiter.i_wb_cpu_dbus_adr\[10\],54.88µm
i_core_v_mini_mcu.peripheral_subsystem_i.periph_to_reg_i.r_rdata_d\[3\],54.88µm
_11687_,54.62µm
_08652_,54.47µm
_17995_,54.47µm
_18390_,54.47µm
_23989_,54.47µm
i_core_v_mini_mcu.cpu_subsystem_i.cpu_1_0.i_servile.arbiter.i_wb_cpu_dbus_adr\[25\],54.47µm
i_core_v_mini_mcu.peripheral_subsystem_i.uart_i.uart_core.uart_rx.sreg_q\[2\],54.47µm
_06416_,54.42µm
_08188_,54.42µm
_09305_,54.42µm
_12186_,54.42µm
i_core_v_mini_mcu.ao_peripheral_subsystem_i.mosaic_clint_i.mtimecmp_q\[8\],54.42µm
i_core_v_mini_mcu.ao_peripheral_subsystem_i.tdu_i.active_hart_cycles_q\[20\],54.42µm
_06641_,54.37µm
_06970_,54.37µm
_07378_,54.37µm
_11046_,54.37µm
_11638_,54.37µm
_13876_,54.37µm
_14102_,54.37µm
_14157_,54.37µm
_17212_,54.37µm
_17386_,54.37µm
_21910_,54.37µm
i_core_v_mini_mcu.ao_peripheral_subsystem_i.tdu_i.task_mem\[3\]\[14\],54.37µm
i_core_v_mini_mcu.cpu_subsystem_i.cpu_1_0.rf_ram_i.memory\[475\]\[1\],54.37µm
i_core_v_mini_mcu.memory_subsystem_i.ram0_i.tc_ram_i.sram\[7\]\[13\],54.37µm
_05555_,54.32µm
_08930_,54.32µm
_11212_,54.32µm
_11658_,54.32µm
_11814_,54.32µm
_13933_,54.32µm
_14373_,54.32µm
_21877_,54.32µm
_22261_,54.32µm
_22556_,54.32µm
_24545_,54.32µm
_25005_,54.32µm
_27295_,54.32µm
i_core_v_mini_mcu.ao_peripheral_subsystem_i.soc_ctrl_i.soc_ctrl_reg_top_i.system_frequency_hz_qs\[29\],54.32µm
i_core_v_mini_mcu.ao_peripheral_subsystem_i.tdu_i.task_mem\[1\]\[30\],54.32µm
i_core_v_mini_mcu.cpu_subsystem_i.cpu_0_0.rf_ram_i.memory\[177\]\[0\],54.32µm
i_core_v_mini_mcu.memory_subsystem_i.ram0_i.tc_ram_i.sram\[14\]\[7\],54.32µm
i_core_v_mini_mcu.ao_peripheral_subsystem_i.power_manager_i.power_manager_counter_sequence_cpu_reset_i.start_off_sequence_i,54.09µm
_12296_,54.06µm
_24298_,54.04µm
_18020_,54.01µm
_22159_,53.96µm
_09421_,53.91µm
_21477_,53.91µm
_22250_,53.91µm
i_core_v_mini_mcu.ao_peripheral_subsystem_i.mosaic_clint_i.mtimecmp_q\[90\],53.91µm
_05441_,53.86µm
_06960_,53.86µm
_08488_,53.86µm
_11617_,53.86µm
_13096_,53.86µm
_16784_,53.86µm
_27155_,53.86µm
_27250_,53.86µm
i_core_v_mini_mcu.ao_peripheral_subsystem_i.power_manager_i.power_manager_reg_top_i.global_pointer_qs\[1\],53.86µm
i_core_v_mini_mcu.ao_peripheral_subsystem_i.tdu_i.cpi_est_q\[49\],53.86µm
i_core_v_mini_mcu.cpu_subsystem_i.cpu_0_0.rf_ram_i.memory\[176\]\[1\],53.86µm
_06333_,53.81µm
_07983_,53.81µm
_08237_,53.81µm
_08856_,53.81µm
_09650_,53.81µm
_11134_,53.81µm
_16157_,53.81µm
_22824_,53.81µm
_24657_,53.81µm
_25254_,53.81µm
_25748_,53.81µm
_26045_,53.81µm
i_core_v_mini_mcu.ao_peripheral_subsystem_i.obi_fifo_i.consumer_data_req_q\[29\],53.81µm
i_core_v_mini_mcu.ao_peripheral_subsystem_i.soc_ctrl_i.soc_ctrl_reg_top_i.system_frequency_hz_qs\[30\],53.81µm
i_core_v_mini_mcu.ao_peripheral_subsystem_i.spi_subsystem_i.obi_spimemio_i.spimemio_i.rd_addr\[14\],53.81µm
i_core_v_mini_mcu.cpu_subsystem_i.cpu_1_0.rf_ram_i.memory\[182\]\[0\],53.81µm
i_core_v_mini_mcu.peripheral_subsystem_i.periph_to_reg_i.r_rdata_d\[6\],53.81µm
i_core_v_mini_mcu.peripheral_subsystem_i.uart_i.uart_core.uart_tx.sreg_q\[9\],53.81µm
_05531_,53.76µm
_06114_,53.76µm
_07236_,53.76µm
_07557_,53.76µm
_07993_,53.76µm
_12309_,53.76µm
_12876_,53.76µm
_14028_,53.76µm
_25029_,53.76µm
_25842_,53.76µm
_25863_,53.76µm
_25930_,53.76µm
_27626_,53.76µm
i_core_v_mini_mcu.memory_subsystem_i.ram0_i.tc_ram_i.sram\[15\]\[4\],53.76µm
clknet_leaf_60_i_core_v_mini_mcu.peripheral_subsystem_i.clk_cg,53.76µm
_15044_,53.6µm
_16841_,53.48µm
i_core_v_mini_mcu.ao_peripheral_subsystem_i.tdu_i.task_mem\[4\]\[10\],53.48µm
_09688_,53.45µm
_09649_,53.4µm
_10200_,53.4µm
_17957_,53.4µm
i_core_v_mini_mcu.core_data_req\[26\],53.4µm
clknet_leaf_10_i_core_v_mini_mcu.peripheral_subsystem_i.clk_cg,53.4µm
_09419_,53.35µm
i_core_v_mini_mcu.core_data_req\[22\],53.35µm
i_core_v_mini_mcu.peripheral_subsystem_i.uart_i.reg2hw\[77\],53.35µm
_07380_,53.3µm
_08651_,53.3µm
_08870_,53.3µm
_09483_,53.3µm
_16505_,53.3µm
_17471_,53.3µm
_18124_,53.3µm
_20788_,53.3µm
_21363_,53.3µm
_21523_,53.3µm
_21914_,53.3µm
i_core_v_mini_mcu.ao_peripheral_subsystem_i.power_manager_i.power_manager_reg_top_i.cpu_switch_off_counter_qs\[15\],53.3µm
i_core_v_mini_mcu.cpu_subsystem_i.cpu_0_0.i_servile.cpu.ctrl.o_ibus_adr\[24\],53.3µm
i_core_v_mini_mcu.memory_subsystem_i.ram0_i.tc_ram_i.sram\[30\]\[2\],53.3µm
clknet_leaf_7_i_core_v_mini_mcu.peripheral_subsystem_i.clk_cg,53.3µm
_06814_,53.25µm
_07425_,53.25µm
_11359_,53.25µm
_12736_,53.25µm
_16499_,53.25µm
_20593_,53.25µm
_24499_,53.25µm
_27964_,53.25µm
exit_value_int\[14\],53.25µm
i_core_v_mini_mcu.ao_peripheral_subsystem_i.obi_fifo_i.consumer_data_req\[12\],53.25µm
i_core_v_mini_mcu.ao_peripheral_subsystem_i.power_manager_i.power_manager_reg_top_i.reg2hw\[234\],53.25µm
i_core_v_mini_mcu.cpu_subsystem_i.cpu_0_0.rf_ram_i.memory\[23\]\[0\],53.25µm
net1062,53.25µm
net1121,53.25µm
_07417_,53.2µm
_26103_,53.2µm
_27341_,53.2µm
i_core_v_mini_mcu.ao_peripheral_subsystem_i.tdu_i.task_mem\[5\]\[10\],53.2µm
i_core_v_mini_mcu.cpu_subsystem_i.cpu_0_0.rf_ram_i.memory\[322\]\[1\],53.2µm
i_core_v_mini_mcu.memory_subsystem_i.ram0_i.tc_ram_i.sram\[26\]\[0\],53.2µm
_23301_,52.84µm
i_core_v_mini_mcu.ao_peripheral_subsystem_i.power_manager_i.power_manager_reg_top_i.cpu_iso_off_counter_qs\[3\],52.84µm
_06757_,52.79µm
_15305_,52.79µm
_07778_,52.74µm
_08794_,52.74µm
_09466_,52.74µm
_10466_,52.74µm
_14318_,52.74µm
_15017_,52.74µm
_15202_,52.74µm
_16263_,52.74µm
i_core_v_mini_mcu.ao_peripheral_subsystem_i.power_manager_i.power_manager_reg_top_i.cpu_reset_assert_counter_qs\[7\],52.74µm
i_core_v_mini_mcu.ao_peripheral_subsystem_i.power_manager_i.power_manager_reg_top_i.reg2hw\[239\],52.74µm
i_core_v_mini_mcu.core_data_req\[4\],52.74µm
clknet_leaf_72_i_core_v_mini_mcu.peripheral_subsystem_i.clk_cg,52.74µm
_06271_,52.69µm
_06829_,52.69µm
_07601_,52.69µm
_08444_,52.69µm
_09306_,52.69µm
_15780_,52.69µm
_16397_,52.69µm
_17239_,52.69µm
_18029_,52.69µm
_23261_,52.69µm
_24421_,52.69µm
_24534_,52.69µm
_25010_,52.69µm
_25561_,52.69µm
_25581_,52.69µm
_26100_,52.69µm
i_core_v_mini_mcu.ao_peripheral_subsystem_i.mosaic_clint_i.mtimecmp_q\[56\],52.69µm
i_core_v_mini_mcu.ao_peripheral_subsystem_i.tdu_i.wake_mask_q\[1\],52.69µm
i_core_v_mini_mcu.cpu_subsystem_i.cpu_0_0.rf_ram_i.memory\[138\]\[0\],52.69µm
i_core_v_mini_mcu.cpu_subsystem_i.cpu_0_0.rf_ram_i.memory\[509\]\[0\],52.69µm
_10006_,52.64µm
_11039_,52.64µm
_14188_,52.64µm
_14401_,52.64µm
_20460_,52.64µm
_24496_,52.64µm
_25136_,52.64µm
_26542_,52.64µm
i_core_v_mini_mcu.ao_peripheral_subsystem_i.mosaic_clint_i.mtimecmp_q\[28\],52.64µm
i_core_v_mini_mcu.ao_peripheral_subsystem_i.spi_subsystem_i.obi_spimemio_i.obi_to_picorv32_i.obi_resp_o\[7\],52.64µm
_05437_,52.38µm
_15504_,52.33µm
_08680_,52.28µm
_15811_,52.28µm
i_core_v_mini_mcu.ao_peripheral_subsystem_i.clint_mtime_o\[14\],52.28µm
i_core_v_mini_mcu.memory_subsystem_i.ram0_i.tc_ram_i.sram\[15\]\[29\],52.28µm
_09155_,52.23µm
_14596_,52.23µm
_15521_,52.23µm
_16030_,52.23µm
_17975_,52.23µm
_18095_,52.23µm
_18184_,52.23µm
_21659_,52.23µm
_23322_,52.23µm
i_core_v_mini_mcu.ao_peripheral_subsystem_i.mosaic_clint_i.mtimecmp_q\[122\],52.23µm
i_core_v_mini_mcu.ao_peripheral_subsystem_i.spi_subsystem_i.obi_spimemio_i.spimemio_i.buffer\[10\],52.23µm
i_core_v_mini_mcu.ao_peripheral_subsystem_i.spi_subsystem_i.obi_spimemio_i.spimemio_i.xfer.xfer_dspi,52.23µm
i_core_v_mini_mcu.cpu_subsystem_i.cpu_1_0.rf_ram_i.memory\[126\]\[0\],52.23µm
_05506_,52.18µm
_06594_,52.18µm
_06612_,52.18µm
_08557_,52.18µm
_08728_,52.18µm
_13812_,52.18µm
_15397_,52.18µm
_15486_,52.18µm
_15674_,52.18µm
i_core_v_mini_mcu.ao_peripheral_subsystem_i.power_manager_i.power_manager_reg_top_i.en_wait_for_intr_qs\[30\],52.18µm
i_core_v_mini_mcu.ao_peripheral_subsystem_i.spi_subsystem_i.obi_spimemio_i.obi_to_picorv32_i.addr_buf\[3\],52.18µm
i_core_v_mini_mcu.ao_peripheral_subsystem_i.spi_subsystem_i.obi_spimemio_i.spimemio_i.buffer\[22\],52.18µm
i_core_v_mini_mcu.cpu_subsystem_i.cpu_1_0.rf_ram_i.memory\[202\]\[0\],52.18µm
i_core_v_mini_mcu.memory_subsystem_i.ram0_i.tc_ram_i.sram\[15\]\[27\],52.18µm
i_core_v_mini_mcu.peripheral_slave_resp\[20\],52.18µm
_05276_,52.13µm
_07870_,52.13µm
_08058_,52.13µm
_09296_,52.13µm
_11745_,52.13µm
_13197_,52.13µm
_14325_,52.13µm
_15020_,52.13µm
_21060_,52.13µm
_21541_,52.13µm
_23167_,52.13µm
_24195_,52.13µm
_24572_,52.13µm
_24789_,52.13µm
_25705_,52.13µm
_27062_,52.13µm
i_core_v_mini_mcu.ao_peripheral_subsystem_i.tdu_i.task_mem\[4\]\[11\],52.13µm
i_core_v_mini_mcu.cpu_subsystem_i.cpu_0_0.rf_ram_i.memory\[347\]\[1\],52.13µm
i_core_v_mini_mcu.cpu_subsystem_i.cpu_0_0.rf_ram_i.memory\[479\]\[1\],52.13µm
_05786_,52.08µm
_09271_,52.08µm
_11272_,52.08µm
_11487_,52.08µm
_12436_,52.08µm
_20373_,52.08µm
_21493_,52.08µm
_25107_,52.08µm
_26819_,52.08µm
_26931_,52.08µm
i_core_v_mini_mcu.ao_peripheral_subsystem_i.power_manager_i.power_manager_reg_top_i.reg2hw\[237\],52.08µm
i_core_v_mini_mcu.cpu_subsystem_i.cpu_1_0.i_servile.cpu.decode.o_rd_alu_en,52.08µm
_17823_,52µm
_27219_,51.8µm
_17872_,51.77µm
_16092_,51.72µm
_17527_,51.72µm
_23531_,51.7µm
_06513_,51.67µm
_16886_,51.67µm
_17743_,51.67µm
_22637_,51.67µm
_23979_,51.67µm
i_core_v_mini_mcu.core_data_req\[23\],51.67µm
clknet_leaf_45_i_core_v_mini_mcu.peripheral_subsystem_i.clk_cg,51.67µm
_09748_,51.62µm
_16304_,51.62µm
_16354_,51.62µm
_17143_,51.62µm
_17894_,51.62µm
i_core_v_mini_mcu.ao_peripheral_subsystem_i.tdu_i.task_mem\[3\]\[17\],51.62µm
i_core_v_mini_mcu.cpu_subsystem_i.cpu_1_0.i_servile.cpu.decode.o_immdec_ctrl\[0\],51.62µm
i_core_v_mini_mcu.cpu_subsystem_i.cpu_1_0.rf_ram_i.memory\[103\]\[0\],51.62µm
i_core_v_mini_mcu.peripheral_subsystem_i.uart_i.reg2hw\[25\],51.62µm
i_core_v_mini_mcu.peripheral_subsystem_i.uart_i.uart_core.rx_timeout_count_q\[18\],51.62µm
_06962_,51.57µm
_09709_,51.57µm
_13294_,51.57µm
_14823_,51.57µm
_21522_,51.57µm
_22134_,51.57µm
_22464_,51.57µm
_24525_,51.57µm
_25669_,51.57µm
_26071_,51.57µm
_28058_,51.57µm
i_core_v_mini_mcu.ao_peripheral_subsystem_i.clint_mtime_o\[23\],51.57µm
i_core_v_mini_mcu.cpu_subsystem_i.cpu_0_0.rf_ram_i.memory\[15\]\[1\],51.57µm
i_core_v_mini_mcu.cpu_subsystem_i.cpu_0_0.rf_ram_i.memory\[74\]\[1\],51.57µm
i_core_v_mini_mcu.cpu_subsystem_i.cpu_1_0.rf_ram_i.memory\[372\]\[1\],51.57µm
i_core_v_mini_mcu.memory_subsystem_i.ram0_i.tc_ram_i.sram\[26\]\[26\],51.57µm
i_core_v_mini_mcu.memory_subsystem_i.ram0_i.tc_ram_i.sram\[29\]\[4\],51.57µm
i_core_v_mini_mcu.peripheral_subsystem_i.uart_i.uart_core.rx_sync,51.57µm
_05967_,51.52µm
_06975_,51.52µm
_08644_,51.52µm
_09359_,51.52µm
_09919_,51.52µm
_10897_,51.52µm
_14275_,51.52µm
_22760_,51.52µm
_23892_,51.52µm
_25860_,51.52µm
i_core_v_mini_mcu.memory_subsystem_i.ram0_i.tc_ram_i.sram\[6\]\[3\],51.52µm
i_core_v_mini_mcu.peripheral_subsystem_i.obi_fifo_i.consumer_state_q,51.52µm
i_core_v_mini_mcu.peripheral_subsystem_i.periph_to_reg_i.r_rdata_d\[19\],51.52µm
i_core_v_mini_mcu.peripheral_subsystem_i.uart_i.hw2reg\[13\],51.34µm
net1213,51.26µm
i_core_v_mini_mcu.ao_peripheral_subsystem_i.mosaic_clint_i.mtimecmp_q\[81\],51.21µm
_06741_,51.16µm
_18048_,51.16µm
_21730_,51.16µm
_03733_,51.11µm
_07989_,51.11µm
_09652_,51.11µm
_09701_,51.11µm
_21916_,51.11µm
_25451_,51.11µm
_27379_,51.11µm
i_core_v_mini_mcu.cpu_subsystem_i.cpu_0_0.rf_ram_i.memory\[501\]\[1\],51.11µm
net1220,51.11µm
_05599_,51.06µm
_08692_,51.06µm
_09157_,51.06µm
_11816_,51.06µm
_16963_,51.06µm
_16966_,51.06µm
i_core_v_mini_mcu.ao_peripheral_subsystem_i.mosaic_clint_i.mtimecmp_q\[59\],51.06µm
_07062_,51.01µm
_07361_,51.01µm
_08530_,51.01µm
_09875_,51.01µm
_14150_,51.01µm
_15138_,51.01µm
_16678_,51.01µm
_23121_,51.01µm
_25435_,51.01µm
_26817_,51.01µm
_27123_,51.01µm
i_core_v_mini_mcu.ao_peripheral_subsystem_i.power_manager_i.power_manager_reg_top_i.monitor_power_gate_periph_qs\[1\],51.01µm
i_core_v_mini_mcu.ao_peripheral_subsystem_i.spi_subsystem_i.obi_spimemio_i.obi_to_picorv32_i.picorv32_resp_i\[4\],51.01µm
i_core_v_mini_mcu.ao_peripheral_subsystem_i.tdu_i.task_mem\[0\]\[30\],51.01µm
i_core_v_mini_mcu.ao_peripheral_subsystem_i.tdu_i.task_mem\[4\]\[29\],51.01µm
i_core_v_mini_mcu.core_data_req\[10\],51.01µm
i_core_v_mini_mcu.cpu_subsystem_i.cpu_1_0.rf_ram_i.memory\[413\]\[0\],51.01µm
i_core_v_mini_mcu.cpu_subsystem_i.cpu_1_0.rf_ram_i.memory\[458\]\[0\],51.01µm
i_core_v_mini_mcu.peripheral_slave_resp\[26\],51.01µm
i_core_v_mini_mcu.peripheral_subsystem_i.periph_to_reg_i.r_rdata_d\[2\],51.01µm
_06883_,50.96µm
_08256_,50.96µm
_08657_,50.96µm
_08988_,50.96µm
_09887_,50.96µm
_13087_,50.96µm
_13762_,50.96µm
_20667_,50.96µm
_21106_,50.96µm
_25730_,50.96µm
i_core_v_mini_mcu.ao_peripheral_subsystem_i.power_manager_i.power_manager_reg_top_i.global_pointer_qs\[10\],50.96µm
i_core_v_mini_mcu.cpu_subsystem_i.cpu_1_0.rf_ram_i.memory\[415\]\[0\],50.96µm
i_core_v_mini_mcu.cpu_subsystem_i.cpu_1_0.rf_ram_i.memory\[51\]\[0\],50.96µm
i_core_v_mini_mcu.memory_subsystem_i.ram0_i.tc_ram_i.sram\[12\]\[15\],50.96µm
i_core_v_mini_mcu.cpu_subsystem_i.cpu_0_0.rf_ram_i.memory\[185\]\[1\],50.68µm
_16076_,50.65µm
_05416_,50.6µm
_16027_,50.6µm
_21484_,50.6µm
i_core_v_mini_mcu.cpu_subsystem_i.cpu_0_0.i_servile.cpu.ctrl.o_ibus_adr\[25\],50.6µm
_09547_,50.55µm
_15694_,50.55µm
_15747_,50.55µm
_16787_,50.55µm
_17558_,50.55µm
clknet_leaf_66_i_core_v_mini_mcu.peripheral_subsystem_i.clk_cg,50.55µm
_07883_,50.52µm
_09738_,50.5µm
_14289_,50.5µm
_15142_,50.5µm
_16475_,50.5µm
_16487_,50.5µm
_17396_,50.5µm
i_core_v_mini_mcu.ao_peripheral_subsystem_i.power_manager_i.power_manager_reg_top_i.en_wait_for_intr_qs\[9\],50.5µm
i_core_v_mini_mcu.core_data_req\[16\],50.5µm
i_core_v_mini_mcu.cpu_subsystem_i.cpu_0_0.i_servile.cpu.ctrl.o_ibus_adr\[5\],50.5µm
i_core_v_mini_mcu.cpu_subsystem_i.cpu_0_0.i_servile.rf_ram_if.wdata1_r\[1\],50.5µm
_06682_,50.45µm
_07570_,50.45µm
_08042_,50.45µm
_09023_,50.45µm
_09566_,50.45µm
_10411_,50.45µm
_11099_,50.45µm
_11191_,50.45µm
_11614_,50.45µm
_17065_,50.45µm
_17071_,50.45µm
_17982_,50.45µm
_20386_,50.45µm
_21253_,50.45µm
_22010_,50.45µm
_24986_,50.45µm
_26287_,50.45µm
i_core_v_mini_mcu.ao_peripheral_subsystem_i.soc_ctrl_i.soc_ctrl_reg_top_i.system_frequency_hz_qs\[7\],50.45µm
i_core_v_mini_mcu.ao_peripheral_subsystem_i.spi_subsystem_i.obi_spimemio_i.spimemio_i.rd_addr\[8\],50.45µm
i_core_v_mini_mcu.cpu_subsystem_i.cpu_1_0.rf_ram_i.memory\[478\]\[0\],50.45µm
i_core_v_mini_mcu.memory_subsystem_i.ram0_i.tc_ram_i.sram\[7\]\[16\],50.45µm
_05675_,50.4µm
_06014_,50.4µm
_08055_,50.4µm
_09810_,50.4µm
_25674_,50.4µm
_25980_,50.4µm
i_core_v_mini_mcu.ao_peripheral_subsystem_i.spi_subsystem_i.obi_spimemio_i.spimemio_i.config_do\[2\],50.4µm
i_core_v_mini_mcu.ao_peripheral_subsystem_i.tdu_i.task_mem\[7\]\[27\],50.4µm
i_core_v_mini_mcu.cpu_subsystem_i.cpu_0_0.rf_ram_i.memory\[505\]\[0\],50.4µm
i_core_v_mini_mcu.cpu_subsystem_i.cpu_1_0.i_servile.cpu.state.init_done,50.4µm
i_core_v_mini_mcu.memory_subsystem_i.ram0_i.tc_ram_i.sram\[29\]\[3\],50.4µm
_15168_,50.04µm
_15391_,50.04µm
_09240_,49.99µm
_16476_,49.99µm
_17443_,49.99µm
_17453_,49.99µm
_17986_,49.99µm
i_core_v_mini_mcu.ao_peripheral_subsystem_i.mosaic_clint_i.mtimecmp_q\[75\],49.99µm
i_core_v_mini_mcu.ao_peripheral_subsystem_i.obi_fifo_i.consumer_data_req\[64\],49.99µm
i_core_v_mini_mcu.ao_peripheral_subsystem_i.power_manager_i.power_manager_reg_top_i.reg2hw\[230\],49.99µm
i_core_v_mini_mcu.core_data_req\[15\],49.99µm
_09599_,49.94µm
_13189_,49.94µm
_13596_,49.94µm
_15565_,49.94µm
i_core_v_mini_mcu.cpu_subsystem_i.cpu_0_0.rf_ram_i.memory\[17\]\[1\],49.94µm
clknet_leaf_20_i_core_v_mini_mcu.peripheral_subsystem_i.clk_cg,49.94µm
_06569_,49.89µm
_07219_,49.89µm
_08927_,49.89µm
_12226_,49.89µm
_13843_,49.89µm
_15090_,49.89µm
_16980_,49.89µm
_21782_,49.89µm
i_core_v_mini_mcu.ao_peripheral_subsystem_i.clint_mtime_o\[46\],49.89µm
i_core_v_mini_mcu.ao_peripheral_subsystem_i.obi_fifo_i.consumer_data_req\[45\],49.89µm
i_core_v_mini_mcu.ao_peripheral_subsystem_i.soc_ctrl_i.reg2hw\[30\],49.89µm
i_core_v_mini_mcu.ao_peripheral_subsystem_i.spi_subsystem_i.obi_spimemio_i.spimemio_i.rd_addr\[6\],49.89µm
i_core_v_mini_mcu.cpu_subsystem_i.cpu_0_0.i_servile.cpu.cond_branch,49.89µm
i_core_v_mini_mcu.cpu_subsystem_i.cpu_0_0.i_servile.cpu.csr_mie_en,49.89µm
i_core_v_mini_mcu.cpu_subsystem_i.cpu_0_0.rf_ram_i.memory\[206\]\[0\],49.89µm
i_core_v_mini_mcu.cpu_subsystem_i.cpu_0_0.rf_ram_i.memory\[462\]\[0\],49.89µm
i_core_v_mini_mcu.memory_subsystem_i.ram0_i.tc_ram_i.sram\[11\]\[29\],49.89µm
_03993_,49.84µm
_07134_,49.84µm
_08764_,49.84µm
_09021_,49.84µm
_09812_,49.84µm
_10849_,49.84µm
_11533_,49.84µm
_13535_,49.84µm
_13652_,49.84µm
_14273_,49.84µm
_18160_,49.84µm
_20441_,49.84µm
_21282_,49.84µm
_22990_,49.84µm
_24593_,49.84µm
_25212_,49.84µm
_26775_,49.84µm
i_core_v_mini_mcu.cpu_subsystem_i.cpu_0_0.rf_ram_i.memory\[39\]\[0\],49.84µm
i_core_v_mini_mcu.peripheral_slave_resp\[28\],49.84µm
i_core_v_mini_mcu.peripheral_subsystem_i.uart_i.reg2hw\[115\],49.84µm
i_core_v_mini_mcu.peripheral_subsystem_i.uart_i.uart_core.uart_rx.sreg_q\[5\],49.84µm
_18162_,49.78µm
_14867_,49.58µm
_06324_,49.48µm
_17037_,49.48µm
_17203_,49.48µm
_17666_,49.48µm
i_core_v_mini_mcu.ao_peripheral_slave_resp\[25\],49.48µm
i_core_v_mini_mcu.ao_peripheral_subsystem_i.clint_mtime_o\[32\],49.48µm
_05472_,49.43µm
_09388_,49.43µm
_15760_,49.43µm
_16556_,49.43µm
_22742_,49.43µm
clknet_leaf_30_i_core_v_mini_mcu.peripheral_subsystem_i.clk_cg,49.43µm
_05680_,49.38µm
_08083_,49.38µm
_16180_,49.38µm
_23939_,49.38µm
net998,49.38µm
_05527_,49.33µm
_08233_,49.33µm
_09004_,49.33µm
_10522_,49.33µm
_11893_,49.33µm
_15343_,49.33µm
_16540_,49.33µm
_21724_,49.33µm
_22840_,49.33µm
_23014_,49.33µm
_23850_,49.33µm
_26343_,49.33µm
_26642_,49.33µm
_26932_,49.33µm
_27620_,49.33µm
i_core_v_mini_mcu.ao_peripheral_subsystem_i.obi_fifo_i.obi_req_fifo_i.status_cnt_q\[0\],49.33µm
i_core_v_mini_mcu.cpu_subsystem_i.cpu_0_0.rf_ram_i.memory\[313\]\[1\],49.33µm
i_core_v_mini_mcu.cpu_subsystem_i.cpu_1_0.rf_ram_i.memory\[8\]\[1\],49.33µm
i_core_v_mini_mcu.peripheral_subsystem_i.obi_fifo_i.consumer_resp_i\[2\],49.33µm
i_core_v_mini_mcu.peripheral_subsystem_i.uart_i.uart_core.u_uart_txfifo.gen_normal_fifo.storage\[3\],49.33µm
_07072_,49.28µm
_10606_,49.28µm
_14044_,49.28µm
_20497_,49.28µm
_21379_,49.28µm
_22285_,49.28µm
_23488_,49.28µm
_23953_,49.28µm
_24200_,49.28µm
_24402_,49.28µm
_24508_,49.28µm
_25248_,49.28µm
_25830_,49.28µm
_26000_,49.28µm
_26231_,49.28µm
_27352_,49.28µm
i_core_v_mini_mcu.ao_peripheral_subsystem_i.obi_fifo_i.consumer_data_req_q\[22\],49.28µm
i_core_v_mini_mcu.cpu_subsystem_i.cpu_0_0.rf_ram_i.memory\[27\]\[1\],49.28µm
i_core_v_mini_mcu.peripheral_subsystem_i.uart_i.hw2reg\[0\],49.28µm
_06623_,49.1µm
_15117_,49.02µm
_16918_,49.02µm
clknet_leaf_71_i_core_v_mini_mcu.peripheral_subsystem_i.clk_cg,49.02µm
_23622_,48.93µm
_10092_,48.92µm
i_core_v_mini_mcu.ao_peripheral_subsystem_i.power_manager_i.power_manager_reg_top_i.en_wait_for_intr_qs\[1\],48.92µm
_09640_,48.87µm
_09734_,48.87µm
_10543_,48.87µm
_17446_,48.87µm
_17464_,48.87µm
i_core_v_mini_mcu.ao_peripheral_subsystem_i.power_manager_i.power_manager_reg_top_i.en_wait_for_intr_qs\[29\],48.87µm
i_core_v_mini_mcu.core_data_req\[13\],48.87µm
i_core_v_mini_mcu.cpu_subsystem_i.cpu_1_0.rf_ram_i.memory\[120\]\[0\],48.87µm
i_core_v_mini_mcu.peripheral_subsystem_i.uart_i.uart_core.uart_rx.sreg_q\[3\],48.87µm
i_core_v_mini_mcu.system_bus_i.system_xbar_i.gen_xbar_NtoM.i_xbar.gen_outputs\[3\].gen_rr_arb_tree.i_rr_arb_tree.gen_arbiter.rr_q\[1\],48.87µm
_16230_,48.82µm
_17434_,48.82µm
_17829_,48.82µm
_18903_,48.82µm
_22862_,48.82µm
_23990_,48.82µm
_26024_,48.82µm
_27814_,48.82µm
_28081_,48.82µm
i_core_v_mini_mcu.ao_peripheral_subsystem_i.clint_mtime_o\[56\],48.82µm
i_core_v_mini_mcu.ao_peripheral_subsystem_i.obi_fifo_i.consumer_data_req\[15\],48.82µm
i_core_v_mini_mcu.cpu_subsystem_i.cpu_0_0.rf_ram_i.memory\[502\]\[0\],48.82µm
i_core_v_mini_mcu.memory_subsystem_i.ram0_i.tc_ram_i.sram\[1\]\[9\],48.82µm
i_core_v_mini_mcu.peripheral_subsystem_i.periph_to_reg_i.r_rdata_d\[30\],48.82µm
_08861_,48.77µm
_09326_,48.77µm
_09648_,48.77µm
_10369_,48.77µm
_11061_,48.77µm
_13207_,48.77µm
_17732_,48.77µm
_20929_,48.77µm
_22157_,48.77µm
_22303_,48.77µm
_22317_,48.77µm
_24797_,48.77µm
_25446_,48.77µm
i_core_v_mini_mcu.ao_peripheral_subsystem_i.mosaic_clint_i.mtimecmp_q\[10\],48.77µm
i_core_v_mini_mcu.ao_peripheral_subsystem_i.mosaic_clint_i.mtimecmp_q\[95\],48.77µm
i_core_v_mini_mcu.ao_peripheral_subsystem_i.mosaic_clint_i.mtimecmp_q\[96\],48.77µm
i_core_v_mini_mcu.ao_peripheral_subsystem_i.obi_fifo_i.consumer_data_req\[49\],48.77µm
i_core_v_mini_mcu.ao_peripheral_subsystem_i.soc_ctrl_i.reg2hw\[3\],48.77µm
i_core_v_mini_mcu.ao_peripheral_subsystem_i.spi_subsystem_i.obi_spimemio_i.obi_to_picorv32_i.obi_resp_o\[21\],48.77µm
i_core_v_mini_mcu.ao_peripheral_subsystem_i.spi_subsystem_i.obi_spimemio_i.spimemio_i.dout_tag\[1\],48.77µm
i_core_v_mini_mcu.ao_peripheral_subsystem_i.tdu_i.active_hart_cycles_q\[31\],48.77µm
i_core_v_mini_mcu.ao_peripheral_subsystem_i.tdu_i.task_mem\[6\]\[18\],48.77µm
i_core_v_mini_mcu.cpu_subsystem_i.cpu_0_0.rf_ram_i.memory\[459\]\[0\],48.77µm
i_core_v_mini_mcu.memory_subsystem_i.ram0_i.tc_ram_i.sram\[15\]\[2\],48.77µm
_07582_,48.72µm
_08263_,48.72µm
_13171_,48.72µm
_14094_,48.72µm
_14100_,48.72µm
_20901_,48.72µm
_21225_,48.72µm
_21586_,48.72µm
_24311_,48.72µm
_25129_,48.72µm
_25262_,48.72µm
_25955_,48.72µm
_26810_,48.72µm
_27805_,48.72µm
i_core_v_mini_mcu.cpu_subsystem_i.cpu_0_0.rf_ram_i.memory\[571\]\[1\],48.72µm
i_core_v_mini_mcu.peripheral_subsystem_i.uart_i.reg2hw\[111\],48.72µm
status_o[1],48.58µm
_14393_,48.51µm
_24596_,48.44µm
_14492_,48.41µm
_13904_,48.36µm
_05478_,48.31µm
_06182_,48.31µm
_06548_,48.31µm
_09213_,48.31µm
_16183_,48.31µm
_17055_,48.31µm
_17335_,48.31µm
_17737_,48.31µm
_25923_,48.31µm
i_core_v_mini_mcu.ao_peripheral_subsystem_i.obi_fifo_i.consumer_data_req\[47\],48.31µm
i_core_v_mini_mcu.ao_peripheral_subsystem_i.spi_subsystem_i.obi_spimemio_i.spimemio_i.rd_addr\[22\],48.31µm
i_core_v_mini_mcu.cpu_subsystem_i.cpu_1_0.rf_ram_i.memory\[480\]\[0\],48.31µm
_09373_,48.26µm
_09683_,48.26µm
_12223_,48.26µm
_12697_,48.26µm
_16480_,48.26µm
_17857_,48.26µm
_23374_,48.26µm
i_core_v_mini_mcu.ao_peripheral_subsystem_i.clint_mtime_o\[15\],48.26µm
i_core_v_mini_mcu.ao_peripheral_subsystem_i.soc_ctrl_i.reg2hw\[8\],48.26µm
i_core_v_mini_mcu.ao_peripheral_subsystem_i.tdu_i.wr_ptr_q\[0\],48.26µm
i_core_v_mini_mcu.cpu_subsystem_i.cpu_0_0.rf_ram_i.memory\[373\]\[1\],48.26µm
_05998_,48.21µm
_06048_,48.21µm
_06474_,48.21µm
_09079_,48.21µm
_16435_,48.21µm
_16948_,48.21µm
_21835_,48.21µm
_23280_,48.21µm
_24140_,48.21µm
_24554_,48.21µm
_26720_,48.21µm
_27257_,48.21µm
_27283_,48.21µm
_27540_,48.21µm
i_core_v_mini_mcu.ao_peripheral_subsystem_i.obi_fifo_i.consumer_data_req_q\[30\],48.21µm
i_core_v_mini_mcu.cpu_subsystem_i.cpu_1_0.rf_ram_i.memory\[101\]\[1\],48.21µm
i_core_v_mini_mcu.cpu_subsystem_i.cpu_1_0.rf_ram_i.memory\[136\]\[0\],48.21µm
i_core_v_mini_mcu.cpu_subsystem_i.cpu_1_0.rf_ram_i.memory\[355\]\[1\],48.21µm
i_core_v_mini_mcu.cpu_subsystem_i.cpu_1_0.rf_ram_i.memory\[80\]\[0\],48.21µm
i_core_v_mini_mcu.memory_subsystem_i.ram0_i.tc_ram_i.sram\[14\]\[15\],48.21µm
i_core_v_mini_mcu.system_bus_i.system_xbar_i.gen_xbar_NtoM.i_xbar.gen_outputs\[4\].gen_rr_arb_tree.i_rr_arb_tree.gen_arbiter.rr_q\[0\],48.21µm
clknet_leaf_93_i_core_v_mini_mcu.peripheral_subsystem_i.clk_cg,48.21µm
_05966_,48.16µm
_06455_,48.16µm
_07414_,48.16µm
_08647_,48.16µm
_09302_,48.16µm
_09705_,48.16µm
_15489_,48.16µm
_15541_,48.16µm
_15844_,48.16µm
_20383_,48.16µm
_20662_,48.16µm
_20699_,48.16µm
_21353_,48.16µm
_24486_,48.16µm
_24964_,48.16µm
_26537_,48.16µm
_26972_,48.16µm
i_core_v_mini_mcu.ao_peripheral_subsystem_i.spi_subsystem_i.obi_spimemio_i.spimemio_i.buffer\[20\],48.16µm
i_core_v_mini_mcu.memory_subsystem_i.ram0_i.tc_ram_i.sram\[15\]\[9\],48.16µm
status_o[6],48.02µm
_23074_,47.97µm
i_core_v_mini_mcu.cpu_subsystem_i.cpu_0_0.rf_ram_i.memory\[399\]\[0\],47.93µm
i_core_v_mini_mcu.ao_peripheral_subsystem_i.power_manager_i.power_manager_reg_top_i.en_wait_for_intr_qs\[7\],47.88µm
_11952_,47.87µm
_16220_,47.85µm
_17270_,47.85µm
_14525_,47.8µm
_16701_,47.8µm
_17031_,47.8µm
_09071_,47.75µm
_09357_,47.75µm
_12449_,47.75µm
_14656_,47.75µm
_15444_,47.75µm
_17481_,47.75µm
_21669_,47.75µm
i_core_v_mini_mcu.ao_peripheral_subsystem_i.power_manager_i.power_manager_reg_top_i.cpu_iso_off_counter_qs\[10\],47.75µm
i_core_v_mini_mcu.cpu_subsystem_i.cpu_0_0.i_servile.cpu.immdec.gen_immdec_w_eq_1.imm11_7\[2\],47.75µm
i_core_v_mini_mcu.cpu_subsystem_i.cpu_1_0.rf_ram_i.memory\[124\]\[1\],47.75µm
i_core_v_mini_mcu.cpu_subsystem_i.cpu_1_0.rf_ram_i.memory\[250\]\[1\],47.75µm
_08953_,47.7µm
_09244_,47.7µm
_13123_,47.7µm
_15030_,47.7µm
_15826_,47.7µm
_16131_,47.7µm
_16490_,47.7µm
_16541_,47.7µm
_21830_,47.7µm
_25762_,47.7µm
i_core_v_mini_mcu.ao_peripheral_subsystem_i.obi_fifo_i.consumer_data_req\[34\],47.7µm
i_core_v_mini_mcu.cpu_subsystem_i.cpu_0_0.rf_ram_i.memory\[202\]\[0\],47.7µm
i_core_v_mini_mcu.memory_subsystem_i.ram0_i.tc_ram_i.sram\[20\]\[29\],47.7µm
i_core_v_mini_mcu.peripheral_subsystem_i.uart_i.reg2hw\[120\],47.7µm
net942,47.7µm
clknet_leaf_47_i_core_v_mini_mcu.peripheral_subsystem_i.clk_cg,47.7µm
_05430_,47.65µm
_06593_,47.65µm
_07044_,47.65µm
_10010_,47.65µm
_11485_,47.65µm
_14945_,47.65µm
_25456_,47.65µm
_26068_,47.65µm
i_core_v_mini_mcu.cpu_subsystem_i.cpu_0_0.rf_ram_i.memory\[372\]\[0\],47.65µm
i_core_v_mini_mcu.cpu_subsystem_i.cpu_0_0.rf_ram_i.memory\[564\]\[1\],47.65µm
i_core_v_mini_mcu.memory_subsystem_i.ram0_i.tc_ram_i.sram\[13\]\[15\],47.65µm
i_core_v_mini_mcu.memory_subsystem_i.ram0_i.tc_ram_i.sram\[31\]\[29\],47.65µm
i_core_v_mini_mcu.peripheral_subsystem_i.uart_i.reg2hw\[31\],47.65µm
_04856_,47.6µm
_06331_,47.6µm
_06654_,47.6µm
_06774_,47.6µm
_06989_,47.6µm
_07058_,47.6µm
_07242_,47.6µm
_07527_,47.6µm
_08393_,47.6µm
_09762_,47.6µm
_10094_,47.6µm
_10683_,47.6µm
_11092_,47.6µm
_12048_,47.6µm
_13151_,47.6µm
_15740_,47.6µm
_21388_,47.6µm
_22290_,47.6µm
_24566_,47.6µm
_25782_,47.6µm
_25852_,47.6µm
_26311_,47.6µm
_26345_,47.6µm
_26829_,47.6µm
_26877_,47.6µm
i_core_v_mini_mcu.ao_peripheral_subsystem_i.obi_fifo_i.consumer_resp_i\[23\],47.6µm
i_core_v_mini_mcu.ao_peripheral_subsystem_i.power_manager_i.power_manager_reg_top_i.cpu_switch_off_counter_qs\[9\],47.6µm
i_core_v_mini_mcu.cpu_subsystem_i.cpu_1_0.rf_ram_i.memory\[493\]\[0\],47.6µm
i_core_v_mini_mcu.peripheral_subsystem_i.uart_i.u_reg.u_wdata.we,47.6µm
_12189_,47.42µm
_17303_,47.29µm
_06287_,47.24µm
_10513_,47.24µm
_16579_,47.24µm
_23243_,47.24µm
_06168_,47.19µm
_08503_,47.19µm
_14879_,47.19µm
_14972_,47.19µm
i_core_v_mini_mcu.cpu_subsystem_i.cpu_0_0.rf_ram_i.memory\[31\]\[0\],47.19µm
i_core_v_mini_mcu.cpu_subsystem_i.cpu_1_0.rf_ram_i.memory\[373\]\[1\],47.19µm
i_core_v_mini_mcu.cpu_subsystem_i.cpu_1_0.rf_ram_i.memory\[460\]\[1\],47.19µm
_06326_,47.14µm
_09931_,47.14µm
_10188_,47.14µm
_10499_,47.14µm
_14605_,47.14µm
_14840_,47.14µm
_16112_,47.14µm
i_core_v_mini_mcu.ao_peripheral_subsystem_i.mosaic_clint_i.mtimecmp_q\[91\],47.14µm
i_core_v_mini_mcu.memory_subsystem_i.ram0_i.tc_ram_i.sram\[24\]\[8\],47.14µm
_07996_,47.09µm
_12049_,47.09µm
_12144_,47.09µm
_13476_,47.09µm
_18382_,47.09µm
_20738_,47.09µm
_24333_,47.09µm
_26227_,47.09µm
i_core_v_mini_mcu.ao_peripheral_subsystem_i.obi_fifo_i.consumer_data_req_q\[27\],47.09µm
i_core_v_mini_mcu.ao_peripheral_subsystem_i.power_manager_i.power_manager_counter_sequence_cpu_switch_i.sequence_curr_state\[3\],47.09µm
i_core_v_mini_mcu.ao_peripheral_subsystem_i.spi_subsystem_i.obi_spimemio_i.spimemio_i.xfer.obuffer\[7\],47.09µm
i_core_v_mini_mcu.cpu_subsystem_i.cpu_1_0.rf_ram_i.memory\[372\]\[0\],47.09µm
i_core_v_mini_mcu.cpu_subsystem_i.cpu_1_0.rf_ram_i.memory\[383\]\[1\],47.09µm
i_core_v_mini_mcu.cpu_subsystem_i.cpu_1_0.rf_ram_i.memory\[437\]\[0\],47.09µm
i_core_v_mini_mcu.cpu_subsystem_i.cpu_1_0.rf_ram_i.memory\[439\]\[0\],47.09µm
i_core_v_mini_mcu.memory_subsystem_i.ram0_i.tc_ram_i.sram\[0\]\[1\],47.09µm
i_core_v_mini_mcu.memory_subsystem_i.ram0_i.tc_ram_i.sram\[30\]\[12\],47.09µm
i_core_v_mini_mcu.memory_subsystem_i.ram0_i.tc_ram_i.sram\[8\]\[10\],47.09µm
_03864_,47.04µm
_07704_,47.04µm
_07735_,47.04µm
_07803_,47.04µm
_07987_,47.04µm
_09122_,47.04µm
_09938_,47.04µm
_12375_,47.04µm
_12790_,47.04µm
_18222_,47.04µm
_22651_,47.04µm
_24290_,47.04µm
_24646_,47.04µm
_26084_,47.04µm
_26373_,47.04µm
i_core_v_mini_mcu.cpu_subsystem_i.cpu_1_0.rf_ram_i.memory\[227\]\[0\],47.04µm
clknet_leaf_63_i_core_v_mini_mcu.peripheral_subsystem_i.clk_cg,46.91µm
i_core_v_mini_mcu.ao_peripheral_subsystem_i.mosaic_clint_i.mtimecmp_q\[20\],46.86µm
_16295_,46.81µm
i_core_v_mini_mcu.memory_subsystem_i.ram0_i.tc_ram_i.sram\[5\]\[7\],46.81µm
_17625_,46.78µm
_21128_,46.78µm
_07217_,46.75µm
_15525_,46.73µm
_16274_,46.68µm
_16796_,46.68µm
_05633_,46.63µm
_08938_,46.63µm
_09110_,46.63µm
_14918_,46.63µm
_16050_,46.63µm
i_core_v_mini_mcu.ao_peripheral_subsystem_i.tdu_i.cpi_est_q\[53\],46.63µm
i_core_v_mini_mcu.memory_subsystem_i.ram0_i.tc_ram_i.sram\[11\]\[27\],46.63µm
_05722_,46.58µm
_06238_,46.58µm
_06523_,46.58µm
_06587_,46.58µm
_07156_,46.58µm
_09778_,46.58µm
_13801_,46.58µm
_14286_,46.58µm
_15814_,46.58µm
_18130_,46.58µm
_20285_,46.58µm
_21538_,46.58µm
_21631_,46.58µm
_26380_,46.58µm
exit_value_int\[29\],46.58µm
i_core_v_mini_mcu.ao_peripheral_subsystem_i.obi_fifo_i.obi_resp_fifo_i.status_cnt_q\[1\],46.58µm
i_core_v_mini_mcu.ao_peripheral_subsystem_i.tdu_i.active_hart_cycles_q\[1\],46.58µm
i_core_v_mini_mcu.ao_peripheral_subsystem_i.tdu_i.cpi_est_q\[57\],46.58µm
i_core_v_mini_mcu.cpu_subsystem_i.cpu_0_0.rf_ram_i.memory\[143\]\[0\],46.58µm
i_core_v_mini_mcu.peripheral_subsystem_i.uart_i.uart_core.rx_timeout_count_q\[10\],46.58µm
i_core_v_mini_mcu.peripheral_subsystem_i.uart_i.uart_core.rx_timeout_count_q\[8\],46.58µm
_03915_,46.53µm
_06041_,46.53µm
_06240_,46.53µm
_06752_,46.53µm
_08283_,46.53µm
_09892_,46.53µm
_10855_,46.53µm
_11405_,46.53µm
_11780_,46.53µm
_11976_,46.53µm
_12763_,46.53µm
_15660_,46.53µm
_16722_,46.53µm
_21893_,46.53µm
_22547_,46.53µm
_23616_,46.53µm
_25997_,46.53µm
_26695_,46.53µm
_27163_,46.53µm
_27974_,46.53µm
i_core_v_mini_mcu.ao_peripheral_subsystem_i.tdu_i.task_mem\[1\]\[26\],46.53µm
i_core_v_mini_mcu.ao_peripheral_subsystem_i.tdu_i.task_mem\[7\]\[16\],46.53µm
i_core_v_mini_mcu.memory_subsystem_i.ram0_i.tc_ram_i.sram\[13\]\[13\],46.53µm
i_core_v_mini_mcu.memory_subsystem_i.ram0_i.tc_ram_i.sram\[3\]\[0\],46.53µm
_05643_,46.48µm
_06394_,46.48µm
_06762_,46.48µm
_08435_,46.48µm
_09513_,46.48µm
_12706_,46.48µm
_20331_,46.48µm
_20741_,46.48µm
_21503_,46.48µm
_22275_,46.48µm
_24314_,46.48µm
_24338_,46.48µm
_24579_,46.48µm
_26321_,46.48µm
_27671_,46.48µm
i_core_v_mini_mcu.ao_peripheral_subsystem_i.tdu_i.task_mem\[6\]\[16\],46.48µm
i_core_v_mini_mcu.peripheral_subsystem_i.uart_i.hw2reg\[8\],46.48µm
_15492_,46.22µm
_06545_,46.17µm
_09016_,46.12µm
clknet_leaf_26_i_core_v_mini_mcu.peripheral_subsystem_i.clk_cg,46.12µm
_06075_,46.07µm
_14969_,46.07µm
_15741_,46.07µm
_17734_,46.07µm
i_core_v_mini_mcu.peripheral_subsystem_i.uart_i.uart_core.u_uart_txfifo.gen_normal_fifo.storage\[26\],46.07µm
i_core_v_mini_mcu.system_bus_i.system_xbar_i.gen_xbar_NtoM.i_xbar.gen_outputs\[1\].gen_rr_arb_tree.i_rr_arb_tree.gen_arbiter.rr_q\[1\],46.07µm
_06943_,46.02µm
_08717_,46.02µm
_08887_,46.02µm
_10896_,46.02µm
_15406_,46.02µm
_15657_,46.02µm
_16708_,46.02µm
_18422_,46.02µm
_22716_,46.02µm
i_core_v_mini_mcu.ao_peripheral_subsystem_i.power_manager_i.power_manager_reg_top_i.monitor_power_gate_periph_qs\[2\],46.02µm
i_core_v_mini_mcu.memory_subsystem_i.ram0_i.tc_ram_i.sram\[6\]\[18\],46.02µm
_06298_,45.97µm
_06386_,45.97µm
_07576_,45.97µm
_08036_,45.97µm
_08069_,45.97µm
_09568_,45.97µm
_13289_,45.97µm
_13707_,45.97µm
_13833_,45.97µm
_16322_,45.97µm
_17159_,45.97µm
_20590_,45.97µm
_21164_,45.97µm
_21232_,45.97µm
_21393_,45.97µm
_22179_,45.97µm
_22280_,45.97µm
_26245_,45.97µm
_26655_,45.97µm
i_core_v_mini_mcu.ao_peripheral_subsystem_i.power_manager_i.power_manager_reg_top_i.global_pointer_qs\[30\],45.97µm
i_core_v_mini_mcu.ao_peripheral_subsystem_i.soc_ctrl_i.reg2hw\[11\],45.97µm
i_core_v_mini_mcu.ao_peripheral_subsystem_i.spi_subsystem_i.obi_spimemio_i.spimemio_i.rd_addr\[5\],45.97µm
i_core_v_mini_mcu.ao_peripheral_subsystem_i.spi_subsystem_i.obi_spimemio_i.spimemio_i.xfer.xfer_qspi,45.97µm
i_core_v_mini_mcu.ao_peripheral_subsystem_i.tdu_i.task_mem\[4\]\[15\],45.97µm
i_core_v_mini_mcu.cpu_subsystem_i.cpu_0_0.rf_ram_i.memory\[176\]\[0\],45.97µm
i_core_v_mini_mcu.cpu_subsystem_i.cpu_0_0.rf_ram_i.memory\[310\]\[0\],45.97µm
i_core_v_mini_mcu.cpu_subsystem_i.cpu_1_0.rf_ram_i.memory\[141\]\[1\],45.97µm
i_core_v_mini_mcu.cpu_subsystem_i.cpu_1_0.rf_ram_i.memory\[352\]\[1\],45.97µm
i_core_v_mini_mcu.memory_subsystem_i.ram0_i.tc_ram_i.sram\[16\]\[22\],45.97µm
i_core_v_mini_mcu.memory_subsystem_i.ram0_i.tc_ram_i.sram\[8\]\[22\],45.97µm
_00029_,45.92µm
_06482_,45.92µm
_07611_,45.92µm
_08416_,45.92µm
_09721_,45.92µm
_11091_,45.92µm
_11637_,45.92µm
_12322_,45.92µm
_15143_,45.92µm
_20334_,45.92µm
_20678_,45.92µm
_20708_,45.92µm
_24823_,45.92µm
_25282_,45.92µm
_25384_,45.92µm
_25482_,45.92µm
_26668_,45.92µm
i_core_v_mini_mcu.ao_peripheral_subsystem_i.tdu_i.task_mem\[6\]\[17\],45.92µm
i_core_v_mini_mcu.ao_peripheral_subsystem_i.tdu_i.task_mem\[7\]\[12\],45.92µm
i_core_v_mini_mcu.ao_peripheral_subsystem_i.mosaic_clint_i.mtimecmp_q\[71\],45.79µm
_16059_,45.66µm
_28063_,45.61µm
_16098_,45.56µm
i_core_v_mini_mcu.cpu_subsystem_i.cpu_0_0.i_servile.cpu.ctrl.o_ibus_adr\[26\],45.56µm
i_core_v_mini_mcu.cpu_subsystem_i.cpu_0_0.rf_ram_i.memory\[166\]\[1\],45.56µm
_08621_,45.51µm
_15786_,45.51µm
_15840_,45.51µm
_16041_,45.51µm
_17754_,45.51µm
_20670_,45.51µm
clknet_leaf_120_clk_i_regs,45.51µm
_07680_,45.46µm
_09284_,45.46µm
_09340_,45.46µm
_12183_,45.46µm
_12489_,45.46µm
_15275_,45.46µm
_18052_,45.46µm
_21579_,45.46µm
_22199_,45.46µm
_22667_,45.46µm
_23815_,45.46µm
_23832_,45.46µm
_25173_,45.46µm
i_core_v_mini_mcu.ao_peripheral_subsystem_i.power_manager_i.power_manager_counter_sequence_cpu_reset_i.sequence_curr_state\[6\],45.46µm
i_core_v_mini_mcu.ao_peripheral_subsystem_i.soc_ctrl_i.soc_ctrl_reg_top_i.system_frequency_hz_qs\[22\],45.46µm
i_core_v_mini_mcu.cpu_subsystem_i.cpu_0_0.i_servile.cpu.decode.o_two_stage_op,45.46µm
i_core_v_mini_mcu.memory_subsystem_i.ram0_i.tc_ram_i.sram\[16\]\[18\],45.46µm
_07301_,45.41µm
_07941_,45.41µm
_09749_,45.41µm
_10625_,45.41µm
_10790_,45.41µm
_11147_,45.41µm
_11429_,45.41µm
_14260_,45.41µm
_16665_,45.41µm
_16936_,45.41µm
_20796_,45.41µm
_23524_,45.41µm
_23572_,45.41µm
_24185_,45.41µm
_24429_,45.41µm
_26715_,45.41µm
i_core_v_mini_mcu.ao_peripheral_subsystem_i.tdu_i.task_mem\[6\]\[30\],45.41µm
i_core_v_mini_mcu.cpu_subsystem_i.cpu_0_0.rf_ram_i.memory\[144\]\[1\],45.41µm
i_core_v_mini_mcu.cpu_subsystem_i.cpu_0_0.rf_ram_i.memory\[180\]\[1\],45.41µm
i_core_v_mini_mcu.cpu_subsystem_i.cpu_1_0.rf_ram_i.memory\[280\]\[0\],45.41µm
i_core_v_mini_mcu.memory_subsystem_i.ram0_i.tc_ram_i.sram\[16\]\[24\],45.41µm
i_core_v_mini_mcu.memory_subsystem_i.ram0_i.tc_ram_i.sram\[17\]\[20\],45.41µm
i_core_v_mini_mcu.memory_subsystem_i.ram0_i.tc_ram_i.sram\[24\]\[13\],45.41µm
i_core_v_mini_mcu.memory_subsystem_i.ram0_i.tc_ram_i.sram\[29\]\[6\],45.41µm
i_core_v_mini_mcu.memory_subsystem_i.ram0_i.tc_ram_i.sram\[8\]\[8\],45.41µm
clknet_leaf_48_i_core_v_mini_mcu.peripheral_subsystem_i.clk_cg,45.41µm
_05717_,45.36µm
_05986_,45.36µm
_06325_,45.36µm
_08187_,45.36µm
_08415_,45.36µm
_25831_,45.36µm
i_core_v_mini_mcu.ao_peripheral_subsystem_i.mosaic_clint_i.mtimecmp_q\[13\],45.36µm
i_core_v_mini_mcu.ao_peripheral_subsystem_i.spi_subsystem_i.obi_spimemio_i.spimemio_i.xfer.obuffer\[0\],45.13µm
_09659_,45µm
_16313_,45µm
_06804_,44.95µm
_15441_,44.95µm
_16317_,44.95µm
_16872_,44.95µm
_22024_,44.95µm
_23059_,44.95µm
i_core_v_mini_mcu.ao_peripheral_subsystem_i.mosaic_clint_i.mtimecmp_q\[100\],44.95µm
i_core_v_mini_mcu.ao_peripheral_subsystem_i.power_manager_i.power_manager_reg_top_i.global_pointer_qs\[31\],44.95µm
i_core_v_mini_mcu.ao_peripheral_subsystem_i.tdu_i.active_hart_cycles_q\[9\],44.95µm
i_core_v_mini_mcu.cpu_subsystem_i.cpu_1_0.rf_ram_i.memory\[252\]\[1\],44.95µm
_05491_,44.9µm
_08873_,44.9µm
_11392_,44.9µm
_11445_,44.9µm
_13804_,44.9µm
_15931_,44.9µm
_16125_,44.9µm
_16749_,44.9µm
_17247_,44.9µm
_25768_,44.9µm
i_core_v_mini_mcu.ao_peripheral_subsystem_i.mosaic_clint_i.mtimecmp_q\[87\],44.9µm
i_core_v_mini_mcu.cpu_subsystem_i.cpu_0_0.rf_ram_i.memory\[517\]\[0\],44.9µm
i_core_v_mini_mcu.cpu_subsystem_i.cpu_1_0.i_servile.cpu.state.cnt_r\[3\],44.9µm
clknet_leaf_80_i_core_v_mini_mcu.peripheral_subsystem_i.clk_cg,44.9µm
_05508_,44.85µm
_05629_,44.85µm
_08661_,44.85µm
_11437_,44.85µm
_13990_,44.85µm
_14351_,44.85µm
_14915_,44.85µm
_20329_,44.85µm
_27248_,44.85µm
_27613_,44.85µm
i_core_v_mini_mcu.ao_peripheral_subsystem_i.clint_mtime_o\[47\],44.85µm
i_core_v_mini_mcu.ao_peripheral_subsystem_i.mosaic_clint_i.mtimecmp_q\[60\],44.85µm
i_core_v_mini_mcu.ao_peripheral_subsystem_i.spi_subsystem_i.obi_spimemio_i.obi_to_picorv32_i.picorv32_resp_i\[26\],44.85µm
i_core_v_mini_mcu.ao_peripheral_subsystem_i.spi_subsystem_i.obi_spimemio_i.spimemio_i.rd_addr\[13\],44.85µm
i_core_v_mini_mcu.cpu_subsystem_i.cpu_0_0.rf_ram_i.memory\[31\]\[1\],44.85µm
i_core_v_mini_mcu.cpu_subsystem_i.cpu_0_0.rf_ram_i.memory\[44\]\[1\],44.85µm
i_core_v_mini_mcu.memory_subsystem_i.ram0_i.tc_ram_i.sram\[21\]\[14\],44.85µm
i_core_v_mini_mcu.memory_subsystem_i.ram0_i.tc_ram_i.sram\[31\]\[5\],44.85µm
i_core_v_mini_mcu.peripheral_subsystem_i.periph_to_reg_i.r_rdata_d\[0\],44.85µm
_03914_,44.8µm
_05060_,44.8µm
_11366_,44.8µm
_12283_,44.8µm
_13013_,44.8µm
_16991_,44.8µm
_18166_,44.8µm
_20464_,44.8µm
_20503_,44.8µm
_21625_,44.8µm
_23253_,44.8µm
_24442_,44.8µm
_24638_,44.8µm
_24846_,44.8µm
_25481_,44.8µm
_25790_,44.8µm
_27051_,44.8µm
_27344_,44.8µm
_28054_,44.8µm
i_core_v_mini_mcu.ao_peripheral_subsystem_i.obi_fifo_i.consumer_state_q,44.8µm
i_core_v_mini_mcu.cpu_subsystem_i.cpu_1_0.rf_ram_i.memory\[169\]\[0\],44.8µm
i_core_v_mini_mcu.peripheral_subsystem_i.obi_fifo_i.consumer_resp_i\[11\],44.8µm
_16761_,44.54µm
_21524_,44.52µm
i_core_v_mini_mcu.ao_peripheral_subsystem_i.spi_subsystem_i.obi_spimemio_i.obi_to_picorv32_i.addr_buf\[10\],44.52µm
_09142_,44.49µm
_15908_,44.49µm
_07847_,44.44µm
_08899_,44.44µm
_14981_,44.44µm
_16310_,44.44µm
_06570_,44.39µm
_07077_,44.39µm
_09164_,44.39µm
_14374_,44.39µm
_14611_,44.39µm
_14984_,44.39µm
_18010_,44.39µm
i_core_v_mini_mcu.ao_peripheral_subsystem_i.power_manager_i.power_manager_counter_sequence_cpu_iso_i.sequence_curr_state\[4\],44.39µm
i_core_v_mini_mcu.cpu_subsystem_i.cpu_1_0.i_servile.cpu.alu.i_rd_sel\[2\],44.39µm
i_core_v_mini_mcu.peripheral_subsystem_i.obi_fifo_i.obi_req_fifo_i.status_cnt_q\[0\],44.39µm
i_core_v_mini_mcu.peripheral_subsystem_i.uart_i.uart_core.rx_timeout_count_q\[11\],44.39µm
clknet_leaf_46_i_core_v_mini_mcu.peripheral_subsystem_i.clk_cg,44.39µm
_05879_,44.34µm
_09979_,44.34µm
_13834_,44.34µm
_14416_,44.34µm
_16145_,44.34µm
_17468_,44.34µm
_20353_,44.34µm
_20557_,44.34µm
_23862_,44.34µm
_24130_,44.34µm
_25574_,44.34µm
i_core_v_mini_mcu.ao_peripheral_subsystem_i.power_manager_i.power_manager_counter_sequence_cpu_reset_i.sequence_curr_state\[4\],44.34µm
i_core_v_mini_mcu.ao_peripheral_subsystem_i.tdu_i.cpi_est_q\[40\],44.34µm
i_core_v_mini_mcu.memory_subsystem_i.ram0_i.tc_ram_i.sram\[27\]\[26\],44.34µm
i_core_v_mini_mcu.peripheral_subsystem_i.periph_to_reg_i.r_rdata_d\[7\],44.34µm
_04030_,44.29µm
_06024_,44.29µm
_07618_,44.29µm
_08077_,44.29µm
_08754_,44.29µm
_09750_,44.29µm
_10695_,44.29µm
_10979_,44.29µm
_11069_,44.29µm
_12734_,44.29µm
_13481_,44.29µm
_16976_,44.29µm
_20543_,44.29µm
_20931_,44.29µm
_21694_,44.29µm
_21855_,44.29µm
_22721_,44.29µm
_23878_,44.29µm
_24364_,44.29µm
_24623_,44.29µm
_25507_,44.29µm
_26952_,44.29µm
_27947_,44.29µm
i_core_v_mini_mcu.ao_peripheral_subsystem_i.power_manager_i.power_manager_reg_top_i.global_pointer_qs\[4\],44.29µm
i_core_v_mini_mcu.core_data_req\[29\],44.29µm
i_core_v_mini_mcu.cpu_subsystem_i.cpu_0_0.rf_ram_i.memory\[464\]\[1\],44.29µm
i_core_v_mini_mcu.cpu_subsystem_i.cpu_1_0.rf_ram_i.memory\[197\]\[1\],44.29µm
i_core_v_mini_mcu.memory_subsystem_i.ram0_i.tc_ram_i.sram\[16\]\[9\],44.29µm
i_core_v_mini_mcu.memory_subsystem_i.ram0_i.tc_ram_i.sram\[29\]\[5\],44.29µm
net1067,44.29µm
_05096_,44.24µm
_07123_,44.24µm
_07892_,44.24µm
_09857_,44.24µm
_11831_,44.24µm
_12454_,44.24µm
_12942_,44.24µm
_13059_,44.24µm
_14099_,44.24µm
_14269_,44.24µm
_18248_,44.24µm
_21616_,44.24µm
_22202_,44.24µm
_22959_,44.24µm
_24518_,44.24µm
_24814_,44.24µm
_25223_,44.24µm
_26697_,44.24µm
_27871_,44.24µm
exit_value_int\[21\],44.24µm
i_core_v_mini_mcu.cpu_subsystem_i.cpu_0_0.rf_ram_i.memory\[3\]\[0\],44.24µm
i_core_v_mini_mcu.cpu_subsystem_i.cpu_1_0.rf_ram_i.memory\[451\]\[1\],44.24µm
i_core_v_mini_mcu.memory_subsystem_i.ram0_i.tc_ram_i.sram\[4\]\[3\],44.24µm
i_core_v_mini_mcu.peripheral_subsystem_i.uart_i.uart_core.u_uart_txfifo.gen_normal_fifo.storage\[14\],44.24µm
net1290,44.24µm
i_core_v_mini_mcu.peripheral_subsystem_i.obi_fifo_i.consumer_data_req_q\[27\],44.01µm
_17021_,43.98µm
_08736_,43.93µm
i_core_v_mini_mcu.ao_peripheral_subsystem_i.clint_mtime_o\[44\],43.93µm
_06266_,43.88µm
_15832_,43.88µm
_17120_,43.88µm
_17903_,43.88µm
_21071_,43.88µm
i_core_v_mini_mcu.ao_peripheral_subsystem_i.mosaic_clint_i.mtimecmp_q\[107\],43.88µm
i_core_v_mini_mcu.ao_peripheral_subsystem_i.mosaic_clint_i.mtimecmp_q\[73\],43.88µm
i_core_v_mini_mcu.ao_peripheral_subsystem_i.spi_subsystem_i.obi_spimemio_i.spimemio_i.xfer.count\[2\],43.88µm
_07405_,43.83µm
_15544_,43.83µm
_15878_,43.83µm
_21673_,43.83µm
i_core_v_mini_mcu.ao_peripheral_subsystem_i.power_manager_i.power_manager_sequence_periph_iso_i.sequence_curr_state\[2\],43.83µm
_05545_,43.78µm
_08173_,43.78µm
_09368_,43.78µm
_10035_,43.78µm
_10229_,43.78µm
_14258_,43.78µm
_14372_,43.78µm
_15001_,43.78µm
_15264_,43.78µm
_15317_,43.78µm
_15320_,43.78µm
_15421_,43.78µm
_16266_,43.78µm
_17043_,43.78µm
_17306_,43.78µm
_17609_,43.78µm
_17992_,43.78µm
_22138_,43.78µm
_25228_,43.78µm
i_core_v_mini_mcu.ao_peripheral_subsystem_i.clint_mtime_o\[63\],43.78µm
i_core_v_mini_mcu.ao_peripheral_subsystem_i.spi_subsystem_i.obi_spimemio_i.spimemio_i.config_csb,43.78µm
i_core_v_mini_mcu.ao_peripheral_subsystem_i.tdu_i.task_mem\[3\]\[18\],43.78µm
i_core_v_mini_mcu.core_data_req\[25\],43.78µm
i_core_v_mini_mcu.cpu_subsystem_i.cpu_0_0.i_servile.cpu.ctrl.o_ibus_adr\[6\],43.78µm
i_core_v_mini_mcu.cpu_subsystem_i.cpu_0_0.rf_ram_i.memory\[13\]\[0\],43.78µm
i_core_v_mini_mcu.cpu_subsystem_i.cpu_0_0.rf_ram_i.memory\[309\]\[0\],43.78µm
i_core_v_mini_mcu.cpu_subsystem_i.cpu_0_0.rf_ram_i.memory\[467\]\[1\],43.78µm
_00156_,43.73µm
_05477_,43.73µm
_05798_,43.73µm
_06191_,43.73µm
_06617_,43.73µm
_07138_,43.73µm
_07658_,43.73µm
_07890_,43.73µm
_07921_,43.73µm
_08265_,43.73µm
_09890_,43.73µm
_13885_,43.73µm
_15427_,43.73µm
_15599_,43.73µm
_16474_,43.73µm
_20456_,43.73µm
_23839_,43.73µm
_27063_,43.73µm
i_core_v_mini_mcu.ao_peripheral_subsystem_i.mosaic_clint_i.mtimecmp_q\[9\],43.73µm
i_core_v_mini_mcu.ao_peripheral_subsystem_i.obi_fifo_i.obi_resp_fifo_i.status_cnt_q\[0\],43.73µm
i_core_v_mini_mcu.ao_peripheral_subsystem_i.power_manager_i.power_manager_reg_top_i.reg2hw\[221\],43.73µm
i_core_v_mini_mcu.cpu_subsystem_i.cpu_0_0.rf_ram_i.memory\[39\]\[1\],43.73µm
i_core_v_mini_mcu.cpu_subsystem_i.cpu_0_0.rf_ram_i.memory\[475\]\[0\],43.73µm
i_core_v_mini_mcu.cpu_subsystem_i.cpu_0_0.rf_ram_i.memory\[499\]\[1\],43.73µm
i_core_v_mini_mcu.cpu_subsystem_i.cpu_1_0.rf_ram_i.memory\[176\]\[1\],43.73µm
i_core_v_mini_mcu.memory_subsystem_i.ram0_i.tc_ram_i.sram\[10\]\[9\],43.73µm
i_core_v_mini_mcu.memory_subsystem_i.ram0_i.tc_ram_i.sram\[15\]\[28\],43.73µm
i_core_v_mini_mcu.memory_subsystem_i.ram0_i.tc_ram_i.sram\[6\]\[16\],43.73µm
i_core_v_mini_mcu.memory_subsystem_i.ram0_i.tc_ram_i.sram\[9\]\[29\],43.73µm
_07971_,43.68µm
_08414_,43.68µm
_09563_,43.68µm
_16188_,43.68µm
_16247_,43.68µm
_20366_,43.68µm
_20689_,43.68µm
_21297_,43.68µm
_24514_,43.68µm
_25098_,43.68µm
_25309_,43.68µm
_25376_,43.68µm
_25819_,43.68µm
_26421_,43.68µm
_26865_,43.68µm
_27656_,43.68µm
_27799_,43.68µm
_27902_,43.68µm
_27952_,43.68µm
i_core_v_mini_mcu.ao_peripheral_subsystem_i.power_manager_i.power_manager_reg_top_i.reg2hw\[238\],43.68µm
i_core_v_mini_mcu.ao_peripheral_subsystem_i.tdu_i.cpi_est_q\[61\],43.68µm
i_core_v_mini_mcu.cpu_subsystem_i.cpu_0_0.rf_ram_i.memory\[206\]\[1\],43.68µm
i_core_v_mini_mcu.cpu_subsystem_i.cpu_1_0.rf_ram_i.memory\[127\]\[0\],43.68µm
_15217_,43.66µm
i_core_v_mini_mcu.cpu_subsystem_i.cpu_0_0.rf_ram_i.memory\[41\]\[1\],43.55µm
_10551_,43.45µm
_10508_,43.37µm
i_core_v_mini_mcu.memory_subsystem_i.ram0_i.tc_ram_i.sram\[14\]\[30\],43.37µm
_14336_,43.32µm
_06400_,43.27µm
_09352_,43.27µm
_14778_,43.27µm
_15272_,43.27µm
_15465_,43.27µm
_15717_,43.27µm
_17034_,43.27µm
_19980_,43.27µm
_24564_,43.27µm
_05913_,43.22µm
_06921_,43.22µm
_07659_,43.22µm
_09234_,43.22µm
_09742_,43.22µm
_10057_,43.22µm
_11000_,43.22µm
_14909_,43.22µm
_15352_,43.22µm
_15450_,43.22µm
_17854_,43.22µm
_21657_,43.22µm
_24778_,43.22µm
_27020_,43.22µm
i_core_v_mini_mcu.ao_peripheral_subsystem_i.power_manager_i.power_manager_reg_top_i.cpu_reset_deassert_counter_qs\[5\],43.22µm
i_core_v_mini_mcu.ao_peripheral_subsystem_i.tdu_i.active_hart_cycles_q\[29\],43.22µm
i_core_v_mini_mcu.ao_peripheral_subsystem_i.tdu_i.cpi_est_q\[22\],43.22µm
i_core_v_mini_mcu.cpu_subsystem_i.cpu_1_0.rf_ram_i.memory\[375\]\[1\],43.22µm
i_core_v_mini_mcu.cpu_subsystem_i.cpu_1_0.rf_ram_i.memory\[412\]\[0\],43.22µm
i_core_v_mini_mcu.cpu_subsystem_i.cpu_1_0.rf_ram_i.memory\[49\]\[0\],43.22µm
i_core_v_mini_mcu.memory_subsystem_i.ram0_i.tc_ram_i.sram\[1\]\[3\],43.22µm
_06096_,43.17µm
_06106_,43.17µm
_07962_,43.17µm
_09589_,43.17µm
_10282_,43.17µm
_12190_,43.17µm
_14010_,43.17µm
_14876_,43.17µm
_15688_,43.17µm
_17517_,43.17µm
_17897_,43.17µm
_21166_,43.17µm
_21598_,43.17µm
_22779_,43.17µm
_22810_,43.17µm
_22843_,43.17µm
_23475_,43.17µm
_23715_,43.17µm
_25119_,43.17µm
_25661_,43.17µm
_26277_,43.17µm
_26634_,43.17µm
_27885_,43.17µm
i_core_v_mini_mcu.ao_peripheral_subsystem_i.soc_ctrl_i.soc_ctrl_reg_top_i.system_frequency_hz_qs\[19\],43.17µm
i_core_v_mini_mcu.ao_peripheral_subsystem_i.spi_subsystem_i.obi_spimemio_i.spimemio_i.xfer.count\[3\],43.17µm
i_core_v_mini_mcu.ao_peripheral_subsystem_i.tdu_i.task_mem\[7\]\[18\],43.17µm
i_core_v_mini_mcu.cpu_subsystem_i.cpu_1_0.rf_ram_i.memory\[508\]\[1\],43.17µm
clknet_leaf_8_i_core_v_mini_mcu.peripheral_subsystem_i.clk_cg,43.17µm
_05875_,43.12µm
_06302_,43.12µm
_06984_,43.12µm
_07471_,43.12µm
_07936_,43.12µm
_08151_,43.12µm
_08608_,43.12µm
_09893_,43.12µm
_13394_,43.12µm
_14138_,43.12µm
_15243_,43.12µm
_18993_,43.12µm
_20550_,43.12µm
_20660_,43.12µm
_23530_,43.12µm
_24363_,43.12µm
_26837_,43.12µm
_26899_,43.12µm
_26943_,43.12µm
_27129_,43.12µm
_27807_,43.12µm
i_core_v_mini_mcu.ao_peripheral_subsystem_i.power_manager_i.power_manager_reg_top_i.cpu_reset_assert_counter_qs\[4\],43.12µm
i_core_v_mini_mcu.ao_peripheral_subsystem_i.soc_ctrl_i.reg2hw\[16\],43.12µm
i_core_v_mini_mcu.ao_peripheral_subsystem_i.tdu_i.task_mem\[3\]\[26\],43.12µm
i_core_v_mini_mcu.cpu_subsystem_i.cpu_0_0.i_servile.cpu.ctrl.o_ibus_adr\[12\],43.12µm
i_core_v_mini_mcu.cpu_subsystem_i.cpu_0_0.rf_ram_i.memory\[387\]\[0\],43.12µm
i_core_v_mini_mcu.memory_subsystem_i.ram0_i.tc_ram_i.sram\[19\]\[28\],43.12µm
i_core_v_mini_mcu.memory_subsystem_i.ram0_i.tc_ram_i.sram\[24\]\[21\],43.12µm
i_core_v_mini_mcu.memory_subsystem_i.ram0_i.tc_ram_i.sram\[2\]\[24\],43.12µm
i_core_v_mini_mcu.system_bus_i.system_xbar_i.gen_xbar_NtoM.i_xbar.gen_outputs\[1\].gen_rr_arb_tree.i_rr_arb_tree.gen_arbiter.rr_q\[0\],43.12µm
_21668_,42.89µm
_09970_,42.76µm
_14846_,42.76µm
_14921_,42.76µm
_16692_,42.76µm
_24099_,42.76µm
i_core_v_mini_mcu.cpu_subsystem_i.cpu_0_0.rf_ram_i.memory\[25\]\[0\],42.76µm
_07052_,42.71µm
_09186_,42.71µm
_14432_,42.71µm
_14500_,42.71µm
_16065_,42.71µm
_16237_,42.71µm
_18500_,42.71µm
_20501_,42.71µm
i_core_v_mini_mcu.ao_peripheral_subsystem_i.tdu_i.cpi_est_q\[58\],42.71µm
i_core_v_mini_mcu.cpu_subsystem_i.cpu_1_0.rf_ram_i.memory\[361\]\[0\],42.71µm
i_core_v_mini_mcu.memory_subsystem_i.ram0_i.tc_ram_i.sram\[28\]\[1\],42.71µm
_09215_,42.66µm
_09641_,42.66µm
_09727_,42.66µm
_10196_,42.66µm
_11256_,42.66µm
_16086_,42.66µm
_16170_,42.66µm
_22489_,42.66µm
_24295_,42.66µm
i_core_v_mini_mcu.cpu_subsystem_i.cpu_1_0.rf_ram_i.memory\[445\]\[1\],42.66µm
i_core_v_mini_mcu.memory_subsystem_i.ram0_i.tc_ram_i.sram\[14\]\[29\],42.66µm
i_core_v_mini_mcu.memory_subsystem_i.ram0_i.tc_ram_i.sram\[8\]\[9\],42.66µm
i_core_v_mini_mcu.peripheral_subsystem_i.uart_i.uart_core.rx_fifo_depth_prev_q\[0\],42.66µm
clknet_leaf_39_i_core_v_mini_mcu.peripheral_subsystem_i.clk_cg,42.66µm
_05815_,42.61µm
_07424_,42.61µm
_08062_,42.61µm
_08673_,42.61µm
_09930_,42.61µm
_12202_,42.61µm
_12300_,42.61µm
_13079_,42.61µm
_13279_,42.61µm
_14505_,42.61µm
_14712_,42.61µm
_15361_,42.61µm
_16277_,42.61µm
_17112_,42.61µm
_24330_,42.61µm
_24439_,42.61µm
_26180_,42.61µm
_28106_,42.61µm
i_core_v_mini_mcu.ao_peripheral_subsystem_i.mosaic_clint_i.mtimecmp_q\[45\],42.61µm
i_core_v_mini_mcu.ao_peripheral_subsystem_i.mosaic_clint_i.mtimecmp_q\[76\],42.61µm
i_core_v_mini_mcu.ao_peripheral_subsystem_i.power_manager_i.power_manager_counter_sequence_cpu_switch_i.sequence_curr_state\[5\],42.61µm
i_core_v_mini_mcu.ao_peripheral_subsystem_i.power_manager_i.power_manager_reg_top_i.periph_iso_qs,42.61µm
i_core_v_mini_mcu.ao_peripheral_subsystem_i.spi_subsystem_i.obi_spimemio_i.spimemio_i.state\[12\],42.61µm
i_core_v_mini_mcu.cpu_subsystem_i.cpu_1_0.rf_ram_i.memory\[255\]\[0\],42.61µm
clknet_leaf_4_i_core_v_mini_mcu.peripheral_subsystem_i.clk_cg,42.61µm
_06764_,42.56µm
_07252_,42.56µm
_07583_,42.56µm
_08306_,42.56µm
_08537_,42.56µm
_08577_,42.56µm
_13029_,42.56µm
_14279_,42.56µm
_16654_,42.56µm
_17332_,42.56µm
_18026_,42.56µm
_21745_,42.56µm
_24231_,42.56µm
_26367_,42.56µm
_27781_,42.56µm
_27959_,42.56µm
i_core_v_mini_mcu.ao_peripheral_subsystem_i.spi_subsystem_i.obi_spimemio_i.obi_to_picorv32_i.addr_buf\[4\],42.56µm
i_core_v_mini_mcu.cpu_subsystem_i.cpu_1_0.rf_ram_i.memory\[102\]\[1\],42.56µm
i_core_v_mini_mcu.cpu_subsystem_i.cpu_1_0.rf_ram_i.memory\[24\]\[1\],42.56µm
i_core_v_mini_mcu.memory_subsystem_i.ram0_i.tc_ram_i.sram\[10\]\[28\],42.56µm
net1132,42.56µm
_15252_,42.25µm
_15875_,42.2µm
_15938_,42.2µm
_05637_,42.15µm
_08617_,42.15µm
_16270_,42.15µm
_16533_,42.15µm
_16770_,42.15µm
_17097_,42.15µm
_23223_,42.15µm
i_core_v_mini_mcu.ao_peripheral_subsystem_i.power_manager_i.power_manager_reg_top_i.en_wait_for_intr_qs\[17\],42.15µm
i_core_v_mini_mcu.ao_peripheral_subsystem_i.tdu_i.active_hart_cycles_q\[14\],42.15µm
i_core_v_mini_mcu.cpu_subsystem_i.cpu_0_0.i_servile.cpu.dbus_en,42.15µm
i_core_v_mini_mcu.cpu_subsystem_i.cpu_1_0.i_servile.cpu.bufreg.data\[0\],42.15µm
i_core_v_mini_mcu.cpu_subsystem_i.cpu_1_0.rf_ram_i.memory\[105\]\[1\],42.15µm
_03964_,42.1µm
_06609_,42.1µm
_15127_,42.1µm
_16163_,42.1µm
_16494_,42.1µm
_16858_,42.1µm
_21488_,42.1µm
_25398_,42.1µm
i_core_v_mini_mcu.ao_peripheral_subsystem_i.mosaic_clint_i.mtimecmp_q\[6\],42.1µm
i_core_v_mini_mcu.ao_peripheral_subsystem_i.tdu_i.active_hart_cycles_q\[22\],42.1µm
i_core_v_mini_mcu.cpu_subsystem_i.cpu_0_0.i_servile.cpu.state.cnt_r\[0\],42.1µm
i_core_v_mini_mcu.cpu_subsystem_i.cpu_0_0.rf_ram_i.memory\[329\]\[0\],42.1µm
i_core_v_mini_mcu.memory_subsystem_i.ram0_i.tc_ram_i.sram\[11\]\[5\],42.1µm
i_core_v_mini_mcu.peripheral_subsystem_i.obi_fifo_i.consumer_resp_i\[32\],42.1µm
i_core_v_mini_mcu.peripheral_subsystem_i.uart_i.uart_core.uart_rx.sreg_q\[8\],42.1µm
_07466_,42.05µm
_08939_,42.05µm
_12047_,42.05µm
_12204_,42.05µm
_14912_,42.05µm
_15131_,42.05µm
_20367_,42.05µm
_20735_,42.05µm
_20764_,42.05µm
_21552_,42.05µm
_22842_,42.05µm
_25850_,42.05µm
_27200_,42.05µm
i_core_v_mini_mcu.ao_peripheral_subsystem_i.clint_mtime_o\[11\],42.05µm
i_core_v_mini_mcu.ao_peripheral_subsystem_i.tdu_i.task_mem\[2\]\[17\],42.05µm
i_core_v_mini_mcu.cpu_subsystem_i.cpu_0_0.rf_ram_i.memory\[313\]\[0\],42.05µm
i_core_v_mini_mcu.cpu_subsystem_i.cpu_1_0.rf_ram_i.memory\[441\]\[1\],42.05µm
i_core_v_mini_mcu.memory_subsystem_i.ram0_i.tc_ram_i.sram\[19\]\[9\],42.05µm
i_core_v_mini_mcu.peripheral_subsystem_i.uart_i.uart_core.u_uart_txfifo.gen_normal_fifo.storage\[18\],42.05µm
clknet_leaf_9_i_core_v_mini_mcu.peripheral_subsystem_i.clk_cg,42.05µm
_06016_,42µm
_06497_,42µm
_07655_,42µm
_11268_,42µm
_12760_,42µm
_13475_,42µm
_14059_,42µm
_14421_,42µm
_21027_,42µm
_21599_,42µm
_23448_,42µm
_25404_,42µm
_26250_,42µm
_26993_,42µm
_27203_,42µm
_27279_,42µm
_28012_,42µm
_28013_,42µm
i_core_v_mini_mcu.ao_peripheral_subsystem_i.mosaic_clint_i.mtimecmp_q\[14\],42µm
i_core_v_mini_mcu.ao_peripheral_subsystem_i.tdu_i.task_mem\[2\]\[16\],42µm
i_core_v_mini_mcu.ao_peripheral_subsystem_i.tdu_i.task_mem\[7\]\[30\],41.82µm
i_core_v_mini_mcu.peripheral_subsystem_i.uart_i.reg2hw\[85\],41.82µm
_15704_,41.64µm
_17820_,41.64µm
_21807_,41.64µm
i_core_v_mini_mcu.memory_subsystem_i.ram0_i.tc_ram_i.sram\[25\]\[3\],41.64µm
i_core_v_mini_mcu.peripheral_slave_resp\[18\],41.64µm
_10145_,41.59µm
_15197_,41.59µm
_15355_,41.59µm
_15593_,41.59µm
_15885_,41.59µm
_16544_,41.59µm
_20399_,41.59µm
_26269_,41.59µm
_27314_,41.59µm
i_core_v_mini_mcu.cpu_subsystem_i.cpu_0_0.rf_ram_i.memory\[352\]\[0\],41.59µm
i_core_v_mini_mcu.memory_subsystem_i.ram0_i.tc_ram_i.sram\[10\]\[26\],41.59µm
_05656_,41.54µm
_06318_,41.54µm
_08864_,41.54µm
_09314_,41.54µm
_09818_,41.54µm
_13244_,41.54µm
_14892_,41.54µm
_15603_,41.54µm
_15997_,41.54µm
_16142_,41.54µm
_16898_,41.54µm
_17674_,41.54µm
_17934_,41.54µm
_21042_,41.54µm
_22569_,41.54µm
_22836_,41.54µm
_24633_,41.54µm
_28084_,41.54µm
i_core_v_mini_mcu.ao_peripheral_subsystem_i.tdu_i.cpi_est_q\[35\],41.54µm
i_core_v_mini_mcu.cpu_subsystem_i.cpu_1_0.rf_ram_i.memory\[508\]\[0\],41.54µm
i_core_v_mini_mcu.memory_subsystem_i.ram0_i.tc_ram_i.sram\[2\]\[22\],41.54µm
_08157_,41.49µm
_08536_,41.49µm
_09224_,41.49µm
_09984_,41.49µm
_10945_,41.49µm
_11021_,41.49µm
_11753_,41.49µm
_11991_,41.49µm
_14071_,41.49µm
_15556_,41.49µm
_16318_,41.49µm
_16551_,41.49µm
_17513_,41.49µm
_19897_,41.49µm
_20672_,41.49µm
_21743_,41.49µm
_22187_,41.49µm
_23833_,41.49µm
_26385_,41.49µm
_28124_,41.49µm
i_core_v_mini_mcu.ao_peripheral_subsystem_i.tdu_i.task_mem\[2\]\[30\],41.49µm
i_core_v_mini_mcu.ao_peripheral_subsystem_i.tdu_i.task_mem\[5\]\[13\],41.49µm
i_core_v_mini_mcu.cpu_subsystem_i.cpu_0_0.rf_ram_i.memory\[15\]\[0\],41.49µm
i_core_v_mini_mcu.cpu_subsystem_i.cpu_1_0.i_servile.cpu.state.cnt_r\[2\],41.49µm
i_core_v_mini_mcu.memory_subsystem_i.ram0_i.tc_ram_i.sram\[9\]\[30\],41.49µm
_06903_,41.44µm
_07222_,41.44µm
_07734_,41.44µm
_08292_,41.44µm
_09227_,41.44µm
_09642_,41.44µm
_09832_,41.44µm
_11090_,41.44µm
_11797_,41.44µm
_12793_,41.44µm
_13161_,41.44µm
_13206_,41.44µm
_13245_,41.44µm
_13257_,41.44µm
_14109_,41.44µm
_20320_,41.44µm
_21266_,41.44µm
_21285_,41.44µm
_26214_,41.44µm
_27000_,41.44µm
_27047_,41.44µm
_28071_,41.44µm
i_core_v_mini_mcu.ao_peripheral_subsystem_i.obi_fifo_i.consumer_data_req\[32\],41.44µm
i_core_v_mini_mcu.ao_peripheral_subsystem_i.tdu_i.task_mem\[2\]\[29\],41.44µm
i_core_v_mini_mcu.ao_peripheral_subsystem_i.tdu_i.task_mem\[5\]\[12\],41.44µm
i_core_v_mini_mcu.ao_peripheral_subsystem_i.tdu_i.task_mem\[6\]\[0\],41.44µm
i_core_v_mini_mcu.cpu_subsystem_i.cpu_1_0.rf_ram_i.memory\[374\]\[1\],41.44µm
i_core_v_mini_mcu.memory_subsystem_i.ram0_i.tc_ram_i.sram\[14\]\[8\],41.44µm
rst_ni,41.3µm
i_core_v_mini_mcu.memory_subsystem_i.ram0_i.tc_ram_i.sram\[12\]\[14\],41.21µm
_15691_,41.13µm
_16119_,41.13µm
_12319_,41.08µm
_14534_,41.08µm
_14735_,41.08µm
_17700_,41.08µm
_21046_,41.08µm
_09138_,41.03µm
_14486_,41.03µm
_15189_,41.03µm
_15596_,41.03µm
_15624_,41.03µm
_16101_,41.03µm
_16241_,41.03µm
_16726_,41.03µm
_17510_,41.03µm
i_core_v_mini_mcu.ao_peripheral_subsystem_i.power_manager_i.power_manager_reg_top_i.intr_state_qs\[6\],41.03µm
i_core_v_mini_mcu.ao_peripheral_subsystem_i.spi_subsystem_i.obi_spimemio_i.spimemio_i.xfer.obuffer\[1\],41.03µm
i_core_v_mini_mcu.ao_peripheral_subsystem_i.tdu_i.task_mem\[0\]\[20\],41.03µm
i_core_v_mini_mcu.cpu_subsystem_i.cpu_1_0.rf_ram_i.memory\[132\]\[1\],41.03µm
i_core_v_mini_mcu.memory_subsystem_i.ram0_i.tc_ram_i.sram\[26\]\[30\],41.03µm
_05443_,40.98µm
_07722_,40.98µm
_08689_,40.98µm
_08878_,40.98µm
_08923_,40.98µm
_14686_,40.98µm
_16089_,40.98µm
_16758_,40.98µm
_18127_,40.98µm
_20516_,40.98µm
_21621_,40.98µm
_21809_,40.98µm
_23818_,40.98µm
_25513_,40.98µm
i_core_v_mini_mcu.ao_peripheral_subsystem_i.power_manager_i.power_manager_reg_top_i.en_wait_for_intr_qs\[0\],40.98µm
i_core_v_mini_mcu.cpu_subsystem_i.cpu_1_0.rf_ram_i.memory\[509\]\[0\],40.98µm
i_core_v_mini_mcu.memory_subsystem_i.ram0_i.tc_ram_i.sram\[1\]\[8\],40.98µm
i_core_v_mini_mcu.peripheral_subsystem_i.uart_i.uart_core.u_uart_rxfifo.gen_normal_fifo.storage\[24\],40.98µm
_13299_,40.93µm
_16662_,40.93µm
_16670_,40.93µm
_17315_,40.93µm
_20809_,40.93µm
_21592_,40.93µm
_22171_,40.93µm
_23392_,40.93µm
_24294_,40.93µm
_24349_,40.93µm
_24529_,40.93µm
_26711_,40.93µm
i_core_v_mini_mcu.ao_peripheral_subsystem_i.soc_ctrl_i.soc_ctrl_reg_top_i.system_frequency_hz_qs\[20\],40.93µm
i_core_v_mini_mcu.ao_peripheral_subsystem_i.tdu_i.cpi_est_q\[27\],40.93µm
i_core_v_mini_mcu.ao_peripheral_subsystem_i.tdu_i.task_mem\[0\]\[29\],40.93µm
i_core_v_mini_mcu.ao_peripheral_subsystem_i.tdu_i.task_mem\[7\]\[26\],40.93µm
i_core_v_mini_mcu.cpu_subsystem_i.cpu_0_0.rf_ram_i.memory\[143\]\[1\],40.93µm
i_core_v_mini_mcu.cpu_subsystem_i.cpu_0_0.rf_ram_i.memory\[375\]\[0\],40.93µm
i_core_v_mini_mcu.cpu_subsystem_i.cpu_0_0.rf_ram_i.memory\[497\]\[0\],40.93µm
i_core_v_mini_mcu.cpu_subsystem_i.cpu_0_0.rf_ram_i.memory\[539\]\[0\],40.93µm
i_core_v_mini_mcu.cpu_subsystem_i.cpu_0_0.rf_ram_i.memory\[550\]\[1\],40.93µm
i_core_v_mini_mcu.cpu_subsystem_i.cpu_1_0.rf_ram_i.memory\[382\]\[1\],40.93µm
i_core_v_mini_mcu.memory_subsystem_i.ram0_i.tc_ram_i.sram\[25\]\[13\],40.93µm
clknet_leaf_81_clk_i_regs,40.93µm
_03911_,40.88µm
_05057_,40.88µm
_06878_,40.88µm
_08882_,40.88µm
_09532_,40.88µm
_13653_,40.88µm
_16883_,40.88µm
_17353_,40.88µm
_20939_,40.88µm
_22344_,40.88µm
_24585_,40.88µm
_24753_,40.88µm
_25159_,40.88µm
_26253_,40.88µm
_28115_,40.88µm
i_core_v_mini_mcu.ao_peripheral_subsystem_i.soc_ctrl_i.soc_ctrl_reg_top_i.system_frequency_hz_qs\[14\],40.88µm
i_core_v_mini_mcu.ao_peripheral_subsystem_i.tdu_i.task_mem\[7\]\[21\],40.88µm
i_core_v_mini_mcu.cpu_subsystem_i.cpu_0_0.rf_ram_i.memory\[202\]\[1\],40.88µm
i_core_v_mini_mcu.cpu_subsystem_i.cpu_1_0.rf_ram_i.memory\[312\]\[1\],40.88µm
i_core_v_mini_mcu.cpu_subsystem_i.cpu_1_0.rf_ram_i.memory\[448\]\[0\],40.75µm
_17001_,40.62µm
_14750_,40.57µm
_16357_,40.57µm
_17600_,40.57µm
i_core_v_mini_mcu.memory_subsystem_i.ram0_i.tc_ram_i.sram\[16\]\[21\],40.57µm
_06054_,40.52µm
_15473_,40.52µm
_16319_,40.52µm
_16830_,40.52µm
_17083_,40.52µm
_17155_,40.52µm
_17782_,40.52µm
i_core_v_mini_mcu.peripheral_subsystem_i.uart_i.uart_core.uart_rx.sreg_q\[7\],40.52µm
_07967_,40.47µm
_09274_,40.47µm
_14300_,40.47µm
_15770_,40.47µm
_15870_,40.47µm
_17180_,40.47µm
_17430_,40.47µm
_21119_,40.47µm
_23304_,40.47µm
i_core_v_mini_mcu.ao_peripheral_subsystem_i.power_manager_i.power_manager_reg_top_i.cpu_iso_off_counter_qs\[11\],40.47µm
i_core_v_mini_mcu.memory_subsystem_i.ram0_i.tc_ram_i.sram\[15\]\[26\],40.47µm
_07718_,40.42µm
_07720_,40.42µm
_09005_,40.42µm
_09508_,40.42µm
_10048_,40.42µm
_14549_,40.42µm
_15278_,40.42µm
_15914_,40.42µm
_16562_,40.42µm
_16604_,40.42µm
_16712_,40.42µm
_17026_,40.42µm
_26144_,40.42µm
i_core_v_mini_mcu.ao_peripheral_subsystem_i.power_manager_i.power_manager_counter_sequence_cpu_reset_i.sequence_curr_state\[1\],40.42µm
i_core_v_mini_mcu.ao_peripheral_subsystem_i.power_manager_i.power_manager_reg_top_i.global_pointer_qs\[13\],40.42µm
i_core_v_mini_mcu.ao_peripheral_subsystem_i.power_manager_i.power_manager_reg_top_i.intr_state_qs\[8\],40.42µm
i_core_v_mini_mcu.ao_peripheral_subsystem_i.spi_subsystem_i.obi_spimemio_i.spimemio_i.state\[10\],40.42µm
i_core_v_mini_mcu.ao_peripheral_subsystem_i.tdu_i.task_mem\[3\]\[31\],40.42µm
i_core_v_mini_mcu.cpu_subsystem_i.cpu_0_0.rf_ram_i.memory\[290\]\[0\],40.42µm
i_core_v_mini_mcu.cpu_subsystem_i.cpu_1_0.rf_ram_i.memory\[140\]\[1\],40.42µm
i_core_v_mini_mcu.cpu_subsystem_i.cpu_1_0.rf_ram_i.memory\[476\]\[1\],40.42µm
i_core_v_mini_mcu.peripheral_subsystem_i.uart_i.uart_core.u_uart_rxfifo.gen_normal_fifo.fifo_wptr\[2\],40.42µm
clknet_leaf_27_i_core_v_mini_mcu.memory_subsystem_i.clk_cg,40.42µm
_06718_,40.37µm
_08894_,40.37µm
_10798_,40.37µm
_11156_,40.37µm
_11491_,40.37µm
_12751_,40.37µm
_12857_,40.37µm
_13039_,40.37µm
_13313_,40.37µm
_16414_,40.37µm
_16620_,40.37µm
_16752_,40.37µm
_16807_,40.37µm
_17241_,40.37µm
_17403_,40.37µm
_19946_,40.37µm
_22797_,40.37µm
_24461_,40.37µm
_25205_,40.37µm
_25865_,40.37µm
_26973_,40.37µm
_28000_,40.37µm
i_core_v_mini_mcu.ao_peripheral_subsystem_i.spi_subsystem_i.obi_spimemio_i.spimemio_i.buffer\[3\],40.37µm
i_core_v_mini_mcu.ao_peripheral_subsystem_i.tdu_i.cpi_est_q\[46\],40.37µm
i_core_v_mini_mcu.cpu_subsystem_i.cpu_0_0.rf_ram_i.memory\[139\]\[1\],40.37µm
i_core_v_mini_mcu.cpu_subsystem_i.cpu_0_0.rf_ram_i.memory\[183\]\[1\],40.37µm
i_core_v_mini_mcu.cpu_subsystem_i.cpu_0_0.rf_ram_i.memory\[499\]\[0\],40.37µm
i_core_v_mini_mcu.cpu_subsystem_i.cpu_1_0.i_servile.cpu.alu.cmp_r,40.37µm
i_core_v_mini_mcu.cpu_subsystem_i.cpu_1_0.rf_ram_i.memory\[173\]\[1\],40.37µm
i_core_v_mini_mcu.memory_subsystem_i.ram0_i.tc_ram_i.sram\[6\]\[0\],40.37µm
i_core_v_mini_mcu.memory_subsystem_i.ram0_i.tc_ram_i.sram\[9\]\[25\],40.37µm
i_core_v_mini_mcu.peripheral_subsystem_i.periph_to_reg_i.r_rdata_d\[18\],40.37µm
i_core_v_mini_mcu.peripheral_subsystem_i.uart_i.uart_core.u_uart_txfifo.gen_normal_fifo.storage\[6\],40.37µm
_05754_,40.32µm
_06259_,40.32µm
_07534_,40.32µm
_09033_,40.32µm
_10784_,40.32µm
_11093_,40.32µm
_11401_,40.32µm
_12981_,40.32µm
_13020_,40.32µm
_13364_,40.32µm
_13490_,40.32µm
_13656_,40.32µm
_14339_,40.32µm
_15226_,40.32µm
_15472_,40.32µm
_20019_,40.32µm
_20439_,40.32µm
_21020_,40.32µm
_23880_,40.32µm
_25968_,40.32µm
_26483_,40.32µm
_26644_,40.32µm
_27502_,40.32µm
i_core_v_mini_mcu.ao_peripheral_subsystem_i.mosaic_clint_i.mtimecmp_q\[42\],40.32µm
i_core_v_mini_mcu.ao_peripheral_subsystem_i.tdu_i.cpi_est_q\[18\],40.32µm
i_core_v_mini_mcu.ao_peripheral_subsystem_i.tdu_i.task_mem\[6\]\[19\],40.32µm
i_core_v_mini_mcu.cpu_subsystem_i.cpu_0_0.rf_ram_i.memory\[462\]\[1\],40.32µm
_17841_,40.11µm
_15891_,40.01µm
_06340_,39.96µm
_15666_,39.96µm
_15820_,39.96µm
_16425_,39.96µm
_17200_,39.96µm
i_core_v_mini_mcu.ao_peripheral_subsystem_i.tdu_i.active_hart_cycles_q\[28\],39.96µm
_14831_,39.91µm
_16033_,39.91µm
_16217_,39.91µm
_23239_,39.91µm
i_core_v_mini_mcu.ao_peripheral_subsystem_i.spi_subsystem_i.obi_spimemio_i.spimemio_i.buffer\[21\],39.91µm
i_core_v_mini_mcu.peripheral_subsystem_i.obi_fifo_i.obi_resp_fifo_i.status_cnt_q\[0\],39.91µm
_12203_,39.86µm
_13322_,39.86µm
_13871_,39.86µm
_15415_,39.86µm
_15559_,39.86µm
_16012_,39.86µm
_16503_,39.86µm
_16645_,39.86µm
_17937_,39.86µm
_20693_,39.86µm
i_core_v_mini_mcu.cpu_subsystem_i.cpu_1_0.rf_ram_i.memory\[174\]\[0\],39.86µm
_07521_,39.81µm
_07687_,39.81µm
_08124_,39.81µm
_08996_,39.81µm
_09210_,39.81µm
_10642_,39.81µm
_13597_,39.81µm
_13956_,39.81µm
_15192_,39.81µm
_17437_,39.81µm
_19935_,39.81µm
_20351_,39.81µm
_20681_,39.81µm
_21412_,39.81µm
_21608_,39.81µm
_22082_,39.81µm
_24372_,39.81µm
_24687_,39.81µm
_26014_,39.81µm
_26171_,39.81µm
_26650_,39.81µm
_27054_,39.81µm
_27653_,39.81µm
_28074_,39.81µm
i_core_v_mini_mcu.ao_peripheral_slave_resp\[27\],39.81µm
i_core_v_mini_mcu.ao_peripheral_subsystem_i.mosaic_clint_i.mtimecmp_q\[38\],39.81µm
i_core_v_mini_mcu.ao_peripheral_subsystem_i.power_manager_i.power_manager_reg_top_i.master_cpu_force_reset_deassert_qs,39.81µm
i_core_v_mini_mcu.ao_peripheral_subsystem_i.power_manager_i.reg_to_counter_cpu_powergate_switch_on_i.counter_curr_state\[2\],39.81µm
i_core_v_mini_mcu.ao_peripheral_subsystem_i.spi_subsystem_i.obi_spimemio_i.spimemio_i.buffer\[1\],39.81µm
i_core_v_mini_mcu.ao_peripheral_subsystem_i.tdu_i.cpi_est_q\[60\],39.81µm
i_core_v_mini_mcu.ao_peripheral_subsystem_i.tdu_i.task_mem\[7\]\[31\],39.81µm
i_core_v_mini_mcu.memory_subsystem_i.ram0_i.tc_ram_i.sram\[20\]\[12\],39.81µm
i_core_v_mini_mcu.memory_subsystem_i.ram0_i.tc_ram_i.sram\[2\]\[31\],39.81µm
i_core_v_mini_mcu.peripheral_subsystem_i.uart_i.uart_core.allzero_cnt_q\[1\],39.81µm
_04085_,39.76µm
_06104_,39.76µm
_06902_,39.76µm
_07488_,39.76µm
_07626_,39.76µm
_07708_,39.76µm
_08829_,39.76µm
_08830_,39.76µm
_09989_,39.76µm
_10003_,39.76µm
_11934_,39.76µm
_12666_,39.76µm
_16181_,39.76µm
_17529_,39.76µm
_19957_,39.76µm
_20384_,39.76µm
_22334_,39.76µm
_23470_,39.76µm
_23509_,39.76µm
_23886_,39.76µm
_24444_,39.76µm
_26056_,39.76µm
_26448_,39.76µm
_27210_,39.76µm
_27616_,39.76µm
_28020_,39.76µm
_28108_,39.76µm
i_core_v_mini_mcu.cpu_subsystem_i.cpu_1_0.rf_ram_i.memory\[445\]\[0\],39.76µm
i_core_v_mini_mcu.memory_subsystem_i.ram0_i.tc_ram_i.sram\[11\]\[8\],39.76µm
i_core_v_mini_mcu.memory_subsystem_i.ram0_i.tc_ram_i.sram\[30\]\[11\],39.76µm
uart_rx_i,39.62µm
i_core_v_mini_mcu.ao_peripheral_subsystem_i.clint_mtime_o\[18\],39.48µm
i_core_v_mini_mcu.ao_peripheral_subsystem_i.power_manager_i.power_manager_reg_top_i.cpu_reset_assert_counter_qs\[2\],39.45µm
_08780_,39.4µm
_16047_,39.4µm
_17786_,39.4µm
i_core_v_mini_mcu.cpu_subsystem_i.cpu_0_0.i_servile.cpu.state.o_cnt\[2\],39.4µm
_06335_,39.35µm
_08922_,39.35µm
_09654_,39.35µm
_14517_,39.35µm
_15050_,39.35µm
_15581_,39.35µm
_16443_,39.35µm
_24440_,39.35µm
i_core_v_mini_mcu.ao_peripheral_subsystem_i.tdu_i.task_mem\[3\]\[16\],39.35µm
i_core_v_mini_mcu.peripheral_subsystem_i.uart_i.uart_core.break_st_q,39.35µm
_06017_,39.3µm
_06257_,39.3µm
_08642_,39.3µm
_09203_,39.3µm
_09915_,39.3µm
_09967_,39.3µm
_10128_,39.3µm
_11040_,39.3µm
_14267_,39.3µm
_14281_,39.3µm
_15067_,39.3µm
_15076_,39.3µm
_17275_,39.3µm
_20666_,39.3µm
_23793_,39.3µm
_26453_,39.3µm
i_core_v_mini_mcu.ao_peripheral_subsystem_i.power_manager_i.power_manager_reg_top_i.periph_reset_qs,39.3µm
i_core_v_mini_mcu.ao_peripheral_subsystem_i.soc_ctrl_i.reg2hw\[6\],39.3µm
i_core_v_mini_mcu.cpu_subsystem_i.cpu_0_0.rf_ram_i.memory\[114\]\[1\],39.3µm
i_core_v_mini_mcu.cpu_subsystem_i.cpu_0_0.rf_ram_i.memory\[36\]\[1\],39.3µm
i_core_v_mini_mcu.cpu_subsystem_i.cpu_1_0.rf_ram_i.memory\[20\]\[1\],39.3µm
i_core_v_mini_mcu.memory_subsystem_i.ram0_i.tc_ram_i.sram\[7\]\[23\],39.3µm
_07934_,39.25µm
_08965_,39.25µm
_09060_,39.25µm
_10416_,39.25µm
_12279_,39.25µm
_13511_,39.25µm
_17100_,39.25µm
_23037_,39.25µm
_25548_,39.25µm
_25706_,39.25µm
_26218_,39.25µm
i_core_v_mini_mcu.ao_peripheral_subsystem_i.clint_mtime_o\[31\],39.25µm
i_core_v_mini_mcu.ao_peripheral_subsystem_i.mosaic_clint_i.mtimecmp_q\[94\],39.25µm
i_core_v_mini_mcu.ao_peripheral_subsystem_i.obi_fifo_i.consumer_data_req_q\[5\],39.25µm
i_core_v_mini_mcu.ao_peripheral_subsystem_i.spi_subsystem_i.obi_spimemio_i.spimemio_i.config_clk,39.25µm
i_core_v_mini_mcu.ao_peripheral_subsystem_i.tdu_i.task_mem\[0\]\[23\],39.25µm
i_core_v_mini_mcu.cpu_subsystem_i.cpu_0_0.i_servile.rf_ram_if.rtrig1,39.25µm
i_core_v_mini_mcu.cpu_subsystem_i.cpu_0_0.rf_ram_i.memory\[139\]\[0\],39.25µm
i_core_v_mini_mcu.cpu_subsystem_i.cpu_0_0.rf_ram_i.memory\[42\]\[0\],39.25µm
i_core_v_mini_mcu.memory_subsystem_i.ram0_i.tc_ram_i.sram\[15\]\[30\],39.25µm
i_core_v_mini_mcu.memory_subsystem_i.ram0_i.tc_ram_i.sram\[27\]\[2\],39.25µm
i_core_v_mini_mcu.peripheral_subsystem_i.obi_fifo_i.consumer_data_req_q\[9\],39.25µm
_00197_,39.2µm
_04037_,39.2µm
_05029_,39.2µm
_05360_,39.2µm
_05488_,39.2µm
_06344_,39.2µm
_07233_,39.2µm
_07389_,39.2µm
_07935_,39.2µm
_10180_,39.2µm
_10392_,39.2µm
_13488_,39.2µm
_21682_,39.2µm
_22335_,39.2µm
_24190_,39.2µm
_24273_,39.2µm
_25100_,39.2µm
_25135_,39.2µm
_25273_,39.2µm
_25754_,39.2µm
_25939_,39.2µm
_26986_,39.2µm
_27505_,39.2µm
_27884_,39.2µm
_27960_,39.2µm
_28011_,39.2µm
i_core_v_mini_mcu.ao_peripheral_subsystem_i.soc_ctrl_i.reg2hw\[27\],39.2µm
i_core_v_mini_mcu.ao_peripheral_subsystem_i.soc_ctrl_i.soc_ctrl_reg_top_i.system_frequency_hz_qs\[23\],39.2µm
i_core_v_mini_mcu.cpu_subsystem_i.cpu_0_0.rf_ram_i.memory\[345\]\[0\],39.2µm
i_core_v_mini_mcu.cpu_subsystem_i.cpu_0_0.rf_ram_i.memory\[564\]\[0\],39.2µm
i_core_v_mini_mcu.cpu_subsystem_i.cpu_1_0.rf_ram_i.memory\[242\]\[1\],39.2µm
i_core_v_mini_mcu.cpu_subsystem_i.cpu_1_0.rf_ram_i.memory\[400\]\[1\],39.2µm
i_core_v_mini_mcu.cpu_subsystem_i.cpu_1_0.rf_ram_i.memory\[442\]\[0\],39.2µm
i_core_v_mini_mcu.cpu_subsystem_i.cpu_1_0.rf_ram_i.memory\[488\]\[1\],39.2µm
i_core_v_mini_mcu.peripheral_subsystem_i.periph_to_reg_i.r_rdata_d\[12\],39.2µm
i_core_v_mini_mcu.peripheral_subsystem_i.periph_to_reg_i.r_rdata_d\[1\],39.2µm
i_core_v_mini_mcu.peripheral_subsystem_i.periph_to_reg_i.r_rdata_d\[5\],39.2µm
_14283_,39.02µm
i_core_v_mini_mcu.peripheral_subsystem_i.uart_i.reg2hw\[80\],39.02µm
i_core_v_mini_mcu.cpu_subsystem_i.cpu_1_0.rf_ram_i.memory\[225\]\[1\],38.97µm
_15156_,38.84µm
_16024_,38.84µm
_21725_,38.84µm
i_core_v_mini_mcu.ao_peripheral_subsystem_i.power_manager_i.power_manager_reg_top_i.cpu_switch_off_counter_qs\[12\],38.84µm
_09262_,38.79µm
_17797_,38.79µm
_17940_,38.79µm
_23682_,38.79µm
i_core_v_mini_mcu.cpu_subsystem_i.cpu_1_0.rf_ram_i.memory\[228\]\[1\],38.79µm
_05482_,38.74µm
_07248_,38.74µm
_10085_,38.74µm
_10175_,38.74µm
_11334_,38.74µm
_15424_,38.74µm
_15495_,38.74µm
_15942_,38.74µm
_16122_,38.74µm
_17005_,38.74µm
_17643_,38.74µm
_20414_,38.74µm
_21881_,38.74µm
_24493_,38.74µm
_25619_,38.74µm
_25938_,38.74µm
i_core_v_mini_mcu.ao_peripheral_subsystem_i.spi_subsystem_i.obi_spimemio_i.spimemio_i.din_data\[0\],38.74µm
i_core_v_mini_mcu.ao_peripheral_subsystem_i.tdu_i.task_mem\[6\]\[10\],38.74µm
i_core_v_mini_mcu.cpu_subsystem_i.cpu_0_0.rf_ram_i.memory\[238\]\[0\],38.74µm
i_core_v_mini_mcu.peripheral_subsystem_i.periph_to_reg_i.r_rdata_d\[28\],38.74µm
_05701_,38.69µm
_07221_,38.69µm
_07409_,38.69µm
_07730_,38.69µm
_07843_,38.69µm
_09263_,38.69µm
_09347_,38.69µm
_10117_,38.69µm
_10402_,38.69µm
_10677_,38.69µm
_11246_,38.69µm
_12854_,38.69µm
_14942_,38.69µm
_15954_,38.69µm
_17554_,38.69µm
_19812_,38.69µm
_19813_,38.69µm
_21647_,38.69µm
_22717_,38.69µm
_23499_,38.69µm
_24028_,38.69µm
_24975_,38.69µm
_25410_,38.69µm
_25563_,38.69µm
_26099_,38.69µm
i_core_v_mini_mcu.ao_peripheral_subsystem_i.power_manager_i.power_manager_reg_top_i.global_pointer_qs\[3\],38.69µm
i_core_v_mini_mcu.ao_peripheral_subsystem_i.tdu_i.task_mem\[0\]\[24\],38.69µm
i_core_v_mini_mcu.cpu_subsystem_i.cpu_0_0.i_servile.cpu.ctrl.o_ibus_adr\[11\],38.69µm
i_core_v_mini_mcu.cpu_subsystem_i.cpu_0_0.i_servile.cpu.ctrl.o_ibus_adr\[2\],38.69µm
i_core_v_mini_mcu.cpu_subsystem_i.cpu_0_0.rf_ram_i.memory\[53\]\[0\],38.69µm
i_core_v_mini_mcu.cpu_subsystem_i.cpu_0_0.rf_ram_i.memory\[97\]\[0\],38.69µm
i_core_v_mini_mcu.cpu_subsystem_i.cpu_1_0.rf_ram_i.memory\[389\]\[1\],38.69µm
i_core_v_mini_mcu.cpu_subsystem_i.cpu_1_0.rf_ram_i.memory\[491\]\[1\],38.69µm
i_core_v_mini_mcu.memory_subsystem_i.ram0_i.tc_ram_i.sram\[2\]\[1\],38.69µm
_06029_,38.64µm
_06983_,38.64µm
_07115_,38.64µm
_11238_,38.64µm
_12011_,38.64µm
_12078_,38.64µm
_13366_,38.64µm
_13955_,38.64µm
_14218_,38.64µm
_14599_,38.64µm
_15778_,38.64µm
_15984_,38.64µm
_17760_,38.64µm
_18289_,38.64µm
_19383_,38.64µm
_20318_,38.64µm
_20781_,38.64µm
_21221_,38.64µm
_21480_,38.64µm
_21728_,38.64µm
_21947_,38.64µm
_23422_,38.64µm
_23521_,38.64µm
_23885_,38.64µm
_24699_,38.64µm
_26116_,38.64µm
_27457_,38.64µm
exit_value_int\[7\],38.64µm
i_core_v_mini_mcu.ao_peripheral_subsystem_i.spi_subsystem_i.obi_spimemio_i.spimemio_i.state\[4\],38.64µm
i_core_v_mini_mcu.ao_peripheral_subsystem_i.tdu_i.cpi_est_q\[51\],38.64µm
i_core_v_mini_mcu.cpu_subsystem_i.cpu_1_0.rf_ram_i.memory\[103\]\[1\],38.64µm
i_core_v_mini_mcu.cpu_subsystem_i.cpu_1_0.rf_ram_i.memory\[371\]\[0\],38.64µm
i_core_v_mini_mcu.memory_subsystem_i.ram0_i.tc_ram_i.sram\[16\]\[30\],38.64µm
i_core_v_mini_mcu.memory_subsystem_i.ram0_i.tc_ram_i.sram\[17\]\[9\],38.64µm
i_core_v_mini_mcu.memory_subsystem_i.ram0_i.tc_ram_i.sram\[25\]\[10\],38.64µm
i_core_v_mini_mcu.system_bus_i.system_xbar_i.gen_xbar_NtoM.i_xbar.gen_inputs\[3\].i_addr_dec_resp_mux.gen_several_outputs.bank_sel_q\[2\],38.64µm
clknet_leaf_11_i_core_v_mini_mcu.cpu_subsystem_i.cpu_0_0.clk_i,38.64µm
exit_value_int\[27\],38.41µm
_14478_,38.33µm
_17806_,38.33µm
_05899_,38.28µm
_10141_,38.28µm
_15135_,38.28µm
_15654_,38.28µm
_16933_,38.28µm
i_core_v_mini_mcu.cpu_subsystem_i.cpu_0_0.i_servile.cpu.ctrl.o_ibus_adr\[18\],38.28µm
_14320_,38.23µm
_14341_,38.23µm
_14925_,38.23µm
_15229_,38.23µm
_15346_,38.23µm
_15388_,38.23µm
_15401_,38.23µm
_16437_,38.23µm
_22019_,38.23µm
i_core_v_mini_mcu.ao_peripheral_subsystem_i.tdu_i.active_hart_cycles_q\[3\],38.23µm
i_core_v_mini_mcu.cpu_subsystem_i.cpu_0_0.rf_ram_i.memory\[335\]\[1\],38.23µm
i_core_v_mini_mcu.cpu_subsystem_i.cpu_0_0.rf_ram_i.memory\[429\]\[1\],38.23µm
i_core_v_mini_mcu.cpu_subsystem_i.cpu_1_0.rf_ram_i.memory\[224\]\[0\],38.23µm
i_core_v_mini_mcu.memory_subsystem_i.ram0_i.tc_ram_i.sram\[28\]\[20\],38.23µm
_08567_,38.18µm
_09177_,38.18µm
_09363_,38.18µm
_09675_,38.18µm
_09739_,38.18µm
_09767_,38.18µm
_09788_,38.18µm
_09952_,38.18µm
_10012_,38.18µm
_14304_,38.18µm
_15301_,38.18µm
_15708_,38.18µm
_16704_,38.18µm
_21951_,38.18µm
_22072_,38.18µm
_23761_,38.18µm
_23819_,38.18µm
i_core_v_mini_mcu.ao_peripheral_subsystem_i.mosaic_clint_i.mtimecmp_q\[11\],38.18µm
i_core_v_mini_mcu.ao_peripheral_subsystem_i.spi_subsystem_i.obi_spimemio_i.spimemio_i.config_do\[3\],38.18µm
i_core_v_mini_mcu.ao_peripheral_subsystem_i.spi_subsystem_i.obi_spimemio_i.spimemio_i.rd_addr\[7\],38.18µm
i_core_v_mini_mcu.ao_peripheral_subsystem_i.spi_subsystem_i.obi_spimemio_i.spimemio_i.xfer.flash_io1_do,38.18µm
i_core_v_mini_mcu.ao_peripheral_subsystem_i.tdu_i.task_mem\[0\]\[21\],38.18µm
i_core_v_mini_mcu.cpu_subsystem_i.cpu_0_0.i_servile.cpu.ctrl.o_ibus_adr\[19\],38.18µm
i_core_v_mini_mcu.cpu_subsystem_i.cpu_0_0.rf_ram_i.memory\[33\]\[1\],38.18µm
i_core_v_mini_mcu.cpu_subsystem_i.cpu_1_0.rf_ram_i.memory\[397\]\[0\],38.18µm
i_core_v_mini_mcu.cpu_subsystem_i.cpu_1_0.rf_ram_i.memory\[470\]\[1\],38.18µm
i_core_v_mini_mcu.memory_subsystem_i.ram0_i.tc_ram_i.sram\[0\]\[12\],38.18µm
i_core_v_mini_mcu.peripheral_subsystem_i.uart_i.reg2hw\[17\],38.18µm
clknet_leaf_25_i_core_v_mini_mcu.peripheral_subsystem_i.clk_cg,38.18µm
_15836_,38.17µm
_04191_,38.13µm
_06559_,38.13µm
_06959_,38.13µm
_08422_,38.13µm
_09618_,38.13µm
_09776_,38.13µm
_10233_,38.13µm
_10980_,38.13µm
_11605_,38.13µm
_13172_,38.13µm
_13262_,38.13µm
_15476_,38.13µm
_16614_,38.13µm
_17052_,38.13µm
_17553_,38.13µm
_18101_,38.13µm
_20694_,38.13µm
_22970_,38.13µm
_23311_,38.13µm
_23519_,38.13µm
_25123_,38.13µm
_25194_,38.13µm
_25713_,38.13µm
_26848_,38.13µm
_26913_,38.13µm
_27492_,38.13µm
i_core_v_mini_mcu.ao_peripheral_subsystem_i.tdu_i.task_mem\[4\]\[20\],38.13µm
i_core_v_mini_mcu.cpu_subsystem_i.cpu_0_0.i_servile.arbiter.i_wb_cpu_dbus_adr\[3\],38.13µm
i_core_v_mini_mcu.cpu_subsystem_i.cpu_0_0.rf_ram_i.memory\[177\]\[1\],38.13µm
i_core_v_mini_mcu.cpu_subsystem_i.cpu_0_0.rf_ram_i.memory\[8\]\[1\],38.13µm
i_core_v_mini_mcu.cpu_subsystem_i.cpu_1_0.i_servile.cpu.immdec.gen_immdec_w_eq_1.imm19_12_20\[0\],38.13µm
i_core_v_mini_mcu.cpu_subsystem_i.cpu_1_0.rf_ram_i.memory\[363\]\[1\],38.13µm
i_core_v_mini_mcu.cpu_subsystem_i.cpu_1_0.rf_ram_i.memory\[446\]\[1\],38.13µm
i_core_v_mini_mcu.memory_subsystem_i.ram0_i.tc_ram_i.sram\[17\]\[25\],38.13µm
i_core_v_mini_mcu.memory_subsystem_i.ram0_i.tc_ram_i.sram\[22\]\[19\],38.13µm
i_core_v_mini_mcu.peripheral_slave_resp\[21\],38.13µm
_04023_,38.08µm
_06204_,38.08µm
_07080_,38.08µm
_07331_,38.08µm
_07776_,38.08µm
_08021_,38.08µm
_08057_,38.08µm
_08255_,38.08µm
_09510_,38.08µm
_10475_,38.08µm
_13515_,38.08µm
_13940_,38.08µm
_14610_,38.08µm
_16827_,38.08µm
_17363_,38.08µm
_20426_,38.08µm
_23019_,38.08µm
_23765_,38.08µm
_24711_,38.08µm
_25365_,38.08µm
_25475_,38.08µm
_26353_,38.08µm
_26515_,38.08µm
i_core_v_mini_mcu.ao_peripheral_subsystem_i.mosaic_clint_i.mtimecmp_q\[74\],38.08µm
i_core_v_mini_mcu.ao_peripheral_subsystem_i.soc_ctrl_i.reg2hw\[31\],38.08µm
i_core_v_mini_mcu.ao_peripheral_subsystem_i.tdu_i.task_mem\[6\]\[29\],38.08µm
i_core_v_mini_mcu.cpu_subsystem_i.cpu_0_0.rf_ram_i.memory\[258\]\[0\],38.08µm
i_core_v_mini_mcu.cpu_subsystem_i.cpu_0_0.rf_ram_i.memory\[502\]\[1\],38.08µm
i_core_v_mini_mcu.cpu_subsystem_i.cpu_1_0.rf_ram_i.memory\[197\]\[0\],38.08µm
i_core_v_mini_mcu.peripheral_subsystem_i.obi_fifo_i.consumer_resp_i\[1\],38.08µm
net1172,38.08µm
_15281_,37.82µm
i_core_v_mini_mcu.ao_peripheral_subsystem_i.clint_mtime_o\[6\],37.82µm
_06710_,37.77µm
_14463_,37.72µm
_14790_,37.72µm
_17581_,37.72µm
_21641_,37.72µm
_27088_,37.72µm
_06258_,37.67µm
_08719_,37.67µm
_09308_,37.67µm
_10026_,37.67µm
_15453_,37.67µm
_17943_,37.67µm
_18038_,37.67µm
_21613_,37.67µm
_23888_,37.67µm
i_core_v_mini_mcu.ao_peripheral_subsystem_i.obi_fifo_i.consumer_data_req\[68\],37.67µm
i_core_v_mini_mcu.cpu_subsystem_i.cpu_0_0.rf_ram_i.memory\[211\]\[0\],37.67µm
i_core_v_mini_mcu.cpu_subsystem_i.cpu_1_0.rf_ram_i.memory\[172\]\[1\],37.67µm
i_core_v_mini_mcu.cpu_subsystem_i.cpu_1_0.rf_ram_i.memory\[451\]\[0\],37.67µm
clknet_leaf_142_i_core_v_mini_mcu.cpu_subsystem_i.cpu_0_0.clk_i,37.67µm
_06712_,37.62µm
_08135_,37.62µm
_08305_,37.62µm
_10242_,37.62µm
_12795_,37.62µm
_16404_,37.62µm
_24616_,37.62µm
i_core_v_mini_mcu.ao_peripheral_subsystem_i.clint_mtime_o\[26\],37.62µm
i_core_v_mini_mcu.ao_peripheral_subsystem_i.mosaic_clint_i.mtimecmp_q\[43\],37.62µm
i_core_v_mini_mcu.ao_peripheral_subsystem_i.power_manager_i.power_manager_reg_top_i.cpu_wait_ack_switch_on_counter_qs,37.62µm
i_core_v_mini_mcu.ao_peripheral_subsystem_i.tdu_i.task_mem\[3\]\[27\],37.62µm
i_core_v_mini_mcu.cpu_subsystem_i.cpu_0_0.i_servile.cpu.ctrl.o_ibus_adr\[21\],37.62µm
i_core_v_mini_mcu.cpu_subsystem_i.cpu_0_0.rf_ram_i.memory\[465\]\[1\],37.62µm
i_core_v_mini_mcu.cpu_subsystem_i.cpu_0_0.rf_ram_i.memory\[490\]\[1\],37.62µm
i_core_v_mini_mcu.memory_subsystem_i.ram0_i.tc_ram_i.sram\[10\]\[27\],37.62µm
i_core_v_mini_mcu.memory_subsystem_i.ram0_i.tc_ram_i.sram\[4\]\[0\],37.62µm
_07368_,37.57µm
_07646_,37.57µm
_07933_,37.57µm
_09286_,37.57µm
_10194_,37.57µm
_10328_,37.57µm
_11939_,37.57µm
_13384_,37.57µm
_20215_,37.57µm
_20330_,37.57µm
_20463_,37.57µm
_21069_,37.57µm
_22245_,37.57µm
_22632_,37.57µm
_23039_,37.57µm
_23095_,37.57µm
_26835_,37.57µm
_27312_,37.57µm
_27905_,37.57µm
i_core_v_mini_mcu.ao_peripheral_subsystem_i.tdu_i.task_mem\[6\]\[14\],37.57µm
i_core_v_mini_mcu.cpu_subsystem_i.cpu_0_0.i_servile.cpu.immdec.gen_immdec_w_eq_1.imm30_25\[1\],37.57µm
i_core_v_mini_mcu.cpu_subsystem_i.cpu_0_0.rf_ram_i.memory\[46\]\[1\],37.57µm
i_core_v_mini_mcu.cpu_subsystem_i.cpu_1_0.rf_ram_i.memory\[113\]\[0\],37.57µm
i_core_v_mini_mcu.cpu_subsystem_i.cpu_1_0.rf_ram_i.memory\[269\]\[1\],37.57µm
i_core_v_mini_mcu.cpu_subsystem_i.cpu_1_0.rf_ram_i.memory\[318\]\[0\],37.57µm
i_core_v_mini_mcu.memory_subsystem_i.ram0_i.tc_ram_i.sram\[10\]\[8\],37.57µm
i_core_v_mini_mcu.memory_subsystem_i.ram0_i.tc_ram_i.sram\[26\]\[11\],37.57µm
i_core_v_mini_mcu.peripheral_subsystem_i.uart_i.hw2reg\[14\],37.57µm
i_core_v_mini_mcu.peripheral_subsystem_i.uart_i.reg2hw\[10\],37.57µm
_04128_,37.52µm
_07121_,37.52µm
_07701_,37.52µm
_07754_,37.52µm
_10413_,37.52µm
_11655_,37.52µm
_11967_,37.52µm
_12335_,37.52µm
_12465_,37.52µm
_12569_,37.52µm
_12663_,37.52µm
_13393_,37.52µm
_13429_,37.52µm
_13797_,37.52µm
_16492_,37.52µm
_16552_,37.52µm
_17706_,37.52µm
_18112_,37.52µm
_20644_,37.52µm
_22118_,37.52µm
_23626_,37.52µm
_25253_,37.52µm
_25758_,37.52µm
_26004_,37.52µm
_26381_,37.52µm
_26384_,37.52µm
_26545_,37.52µm
_26572_,37.52µm
_27541_,37.52µm
i_core_v_mini_mcu.ao_peripheral_subsystem_i.obi_fifo_i.consumer_data_req_q\[18\],37.52µm
i_core_v_mini_mcu.ao_peripheral_subsystem_i.power_manager_i.power_manager_reg_top_i.cpu_switch_off_counter_qs\[10\],37.52µm
i_core_v_mini_mcu.ao_peripheral_subsystem_i.tdu_i.task_mem\[0\]\[26\],37.52µm
i_core_v_mini_mcu.cpu_subsystem_i.cpu_1_0.rf_ram_i.memory\[178\]\[0\],37.52µm
i_core_v_mini_mcu.cpu_subsystem_i.cpu_1_0.rf_ram_i.memory\[250\]\[0\],37.52µm
i_core_v_mini_mcu.cpu_subsystem_i.cpu_1_0.rf_ram_i.memory\[354\]\[0\],37.52µm
i_core_v_mini_mcu.cpu_subsystem_i.cpu_1_0.rf_ram_i.memory\[424\]\[1\],37.52µm
i_core_v_mini_mcu.cpu_subsystem_i.cpu_1_0.rf_ram_i.memory\[477\]\[1\],37.52µm
i_core_v_mini_mcu.memory_subsystem_i.ram0_i.tc_ram_i.sram\[20\]\[30\],37.52µm
status_o[0],37.38µm
status_o[2],37.38µm
i_core_v_mini_mcu.memory_subsystem_i.ram0_i.tc_ram_i.sram\[11\]\[14\],37.29µm
_17163_,37.26µm
_22149_,37.24µm
i_core_v_mini_mcu.core_data_req\[1\],37.24µm
_18073_,37.21µm
_15409_,37.16µm
_17628_,37.16µm
_17709_,37.16µm
_06179_,37.11µm
_06305_,37.11µm
_06633_,37.11µm
_06640_,37.11µm
_10319_,37.11µm
_14933_,37.11µm
_17931_,37.11µm
_20759_,37.11µm
i_core_v_mini_mcu.ao_peripheral_subsystem_i.power_manager_i.power_manager_reg_top_i.cpu_switch_on_counter_qs\[11\],37.11µm
i_core_v_mini_mcu.cpu_subsystem_i.cpu_0_0.rf_ram_i.memory\[199\]\[1\],37.11µm
i_core_v_mini_mcu.cpu_subsystem_i.cpu_0_0.rf_ram_i.memory\[55\]\[1\],37.11µm
i_core_v_mini_mcu.memory_subsystem_i.ram0_i.tc_ram_i.sram\[12\]\[13\],37.11µm
_08434_,37.06µm
_08773_,37.06µm
_10017_,37.06µm
_10285_,37.06µm
_12866_,37.06µm
_14906_,37.06µm
_17183_,37.06µm
_17722_,37.06µm
_20722_,37.06µm
_22246_,37.06µm
i_core_v_mini_mcu.ao_peripheral_subsystem_i.mosaic_clint_i.mtimecmp_q\[15\],37.06µm
i_core_v_mini_mcu.ao_peripheral_subsystem_i.mosaic_clint_i.mtimecmp_q\[70\],37.06µm
i_core_v_mini_mcu.cpu_subsystem_i.cpu_0_0.i_servile.cpu.bne_or_bge,37.06µm
i_core_v_mini_mcu.cpu_subsystem_i.cpu_0_0.rf_ram_i.memory\[324\]\[1\],37.06µm
i_core_v_mini_mcu.cpu_subsystem_i.cpu_0_0.rf_ram_i.memory\[510\]\[0\],37.06µm
i_core_v_mini_mcu.cpu_subsystem_i.cpu_0_0.rf_ram_i.memory\[66\]\[0\],37.06µm
i_core_v_mini_mcu.memory_subsystem_i.ram0_i.tc_ram_i.sram\[11\]\[9\],37.06µm
i_core_v_mini_mcu.peripheral_subsystem_i.obi_fifo_i.consumer_data_req_q\[34\],37.06µm
i_core_v_mini_mcu.peripheral_subsystem_i.uart_i.hw2reg\[6\],37.06µm
clknet_leaf_83_i_core_v_mini_mcu.peripheral_subsystem_i.clk_cg,37.06µm
_05521_,37.01µm
_06093_,37.01µm
_06577_,37.01µm
_07580_,37.01µm
_07975_,37.01µm
_08050_,37.01µm
_08290_,37.01µm
_09329_,37.01µm
_10021_,37.01µm
_10139_,37.01µm
_10961_,37.01µm
_11709_,37.01µm
_12848_,37.01µm
_12908_,37.01µm
_13008_,37.01µm
_13193_,37.01µm
_16109_,37.01µm
_16594_,37.01µm
_17209_,37.01µm
_21707_,37.01µm
_22705_,37.01µm
_23273_,37.01µm
_23415_,37.01µm
_24395_,37.01µm
_24691_,37.01µm
i_core_v_mini_mcu.ao_peripheral_subsystem_i.power_manager_i.power_manager_reg_top_i.en_wait_for_intr_qs\[27\],37.01µm
i_core_v_mini_mcu.ao_peripheral_subsystem_i.spi_subsystem_i.obi_spimemio_i.spimemio_i.xfer.dummy_count\[3\],37.01µm
i_core_v_mini_mcu.ao_peripheral_subsystem_i.tdu_i.cpi_est_q\[8\],37.01µm
i_core_v_mini_mcu.ao_peripheral_subsystem_i.tdu_i.task_mem\[7\]\[19\],37.01µm
i_core_v_mini_mcu.cpu_subsystem_i.cpu_0_0.rf_ram_i.memory\[243\]\[1\],37.01µm
i_core_v_mini_mcu.cpu_subsystem_i.cpu_0_0.rf_ram_i.memory\[83\]\[1\],37.01µm
i_core_v_mini_mcu.cpu_subsystem_i.cpu_1_0.rf_ram_i.memory\[506\]\[0\],37.01µm
i_core_v_mini_mcu.memory_subsystem_i.ram0_i.tc_ram_i.sram\[16\]\[23\],37.01µm
i_core_v_mini_mcu.peripheral_slave_resp\[24\],37.01µm
i_core_v_mini_mcu.peripheral_subsystem_i.periph_to_reg_i.r_rdata_d\[15\],37.01µm
_06828_,36.96µm
_07759_,36.96µm
_08353_,36.96µm
_08438_,36.96µm
_09218_,36.96µm
_09980_,36.96µm
_10655_,36.96µm
_11159_,36.96µm
_11349_,36.96µm
_11386_,36.96µm
_11424_,36.96µm
_11643_,36.96µm
_11672_,36.96µm
_12099_,36.96µm
_12495_,36.96µm
_12722_,36.96µm
_13551_,36.96µm
_14093_,36.96µm
_14939_,36.96µm
_14997_,36.96µm
_15700_,36.96µm
_19563_,36.96µm
_19920_,36.96µm
_20714_,36.96µm
_20942_,36.96µm
_21636_,36.96µm
_24299_,36.96µm
_25218_,36.96µm
_25321_,36.96µm
_26441_,36.96µm
_27674_,36.96µm
i_core_v_mini_mcu.ao_peripheral_subsystem_i.power_manager_i.power_manager_reg_top_i.global_pointer_qs\[18\],36.96µm
i_core_v_mini_mcu.ao_peripheral_subsystem_i.tdu_i.cpi_est_q\[12\],36.96µm
i_core_v_mini_mcu.cpu_subsystem_i.cpu_0_0.rf_ram_i.memory\[212\]\[0\],36.96µm
i_core_v_mini_mcu.cpu_subsystem_i.cpu_0_0.rf_ram_i.memory\[316\]\[0\],36.96µm
i_core_v_mini_mcu.cpu_subsystem_i.cpu_0_0.rf_ram_i.memory\[413\]\[1\],36.96µm
i_core_v_mini_mcu.cpu_subsystem_i.cpu_0_0.rf_ram_i.memory\[435\]\[0\],36.96µm
i_core_v_mini_mcu.cpu_subsystem_i.cpu_0_0.rf_ram_i.memory\[97\]\[1\],36.96µm
i_core_v_mini_mcu.cpu_subsystem_i.cpu_1_0.rf_ram_i.memory\[119\]\[0\],36.96µm
i_core_v_mini_mcu.cpu_subsystem_i.cpu_1_0.rf_ram_i.memory\[443\]\[0\],36.96µm
i_core_v_mini_mcu.memory_subsystem_i.ram0_i.tc_ram_i.sram\[3\]\[13\],36.96µm
i_core_v_mini_mcu.memory_subsystem_i.ram0_i.tc_ram_i.sram\[7\]\[18\],36.96µm
_17803_,36.87µm
_13830_,36.78µm
i_core_v_mini_mcu.memory_subsystem_i.ram0_i.tc_ram_i.sram\[14\]\[2\],36.78µm
i_core_v_mini_mcu.peripheral_subsystem_i.uart_i.uart_core.u_uart_txfifo.gen_normal_fifo.storage\[21\],36.78µm
_15040_,36.75µm
_05493_,36.73µm
_08803_,36.68µm
_06556_,36.65µm
_14646_,36.65µm
_16068_,36.65µm
_17166_,36.65µm
_17860_,36.65µm
_06186_,36.6µm
_15850_,36.6µm
_20717_,36.6µm
i_core_v_mini_mcu.cpu_subsystem_i.cpu_0_0.rf_ram_i.memory\[49\]\[0\],36.6µm
_08526_,36.55µm
_08718_,36.55µm
_09212_,36.55µm
_14193_,36.55µm
_14948_,36.55µm
_15951_,36.55µm
_17061_,36.55µm
_17109_,36.55µm
_17685_,36.55µm
_17794_,36.55µm
_17835_,36.55µm
_17998_,36.55µm
_22175_,36.55µm
i_core_v_mini_mcu.ao_peripheral_subsystem_i.spi_subsystem_i.obi_spimemio_i.spimemio_i.xfer.count\[1\],36.55µm
i_core_v_mini_mcu.memory_subsystem_i.ram0_i.tc_ram_i.sram\[13\]\[24\],36.55µm
i_core_v_mini_mcu.peripheral_subsystem_i.uart_i.uart_core.u_uart_rxfifo.gen_normal_fifo.fifo_wptr\[0\],36.55µm
_06241_,36.5µm
_07840_,36.5µm
_09002_,36.5µm
_09337_,36.5µm
_09527_,36.5µm
_10002_,36.5µm
_13659_,36.5µm
_14111_,36.5µm
_14321_,36.5µm
_15407_,36.5µm
_16512_,36.5µm
_17134_,36.5µm
_17812_,36.5µm
_20493_,36.5µm
_22287_,36.5µm
_27536_,36.5µm
i_core_v_mini_mcu.ao_peripheral_subsystem_i.clint_mtime_o\[61\],36.5µm
i_core_v_mini_mcu.ao_peripheral_subsystem_i.mosaic_clint_i.mtimecmp_q\[21\],36.5µm
i_core_v_mini_mcu.ao_peripheral_subsystem_i.spi_subsystem_i.obi_spimemio_i.spimemio_i.buffer\[11\],36.5µm
i_core_v_mini_mcu.ao_peripheral_subsystem_i.spi_subsystem_i.obi_spimemio_i.spimemio_i.state\[8\],36.5µm
i_core_v_mini_mcu.cpu_subsystem_i.cpu_0_0.rf_ram_i.memory\[90\]\[0\],36.5µm
i_core_v_mini_mcu.cpu_subsystem_i.cpu_1_0.rf_ram_i.memory\[173\]\[0\],36.5µm
i_core_v_mini_mcu.cpu_subsystem_i.cpu_1_0.rf_ram_i.memory\[183\]\[1\],36.5µm
i_core_v_mini_mcu.cpu_subsystem_i.cpu_1_0.rf_ram_i.memory\[505\]\[0\],36.5µm
i_core_v_mini_mcu.peripheral_subsystem_i.uart_i.hw2reg\[12\],36.5µm
_04084_,36.45µm
_05604_,36.45µm
_05864_,36.45µm
_06365_,36.45µm
_06393_,36.45µm
_07214_,36.45µm
_07349_,36.45µm
_08492_,36.45µm
_08501_,36.45µm
_08641_,36.45µm
_09763_,36.45µm
_10176_,36.45µm
_10189_,36.45µm
_11131_,36.45µm
_12191_,36.45µm
_12965_,36.45µm
_13092_,36.45µm
_13800_,36.45µm
_13907_,36.45µm
_14296_,36.45µm
_14670_,36.45µm
_15862_,36.45µm
_16128_,36.45µm
_16522_,36.45µm
_16611_,36.45µm
_17640_,36.45µm
_18104_,36.45µm
_20397_,36.45µm
_21423_,36.45µm
_23846_,36.45µm
_24156_,36.45µm
_24454_,36.45µm
_25415_,36.45µm
_26748_,36.45µm
_27028_,36.45µm
_27067_,36.45µm
_27246_,36.45µm
exit_value_int\[23\],36.45µm
i_core_v_mini_mcu.ao_peripheral_subsystem_i.soc_ctrl_i.soc_ctrl_reg_top_i.system_frequency_hz_qs\[28\],36.45µm
i_core_v_mini_mcu.ao_peripheral_subsystem_i.spi_subsystem_i.obi_spimemio_i.spimemio_i.rd_wait,36.45µm
i_core_v_mini_mcu.ao_peripheral_subsystem_i.tdu_i.active_hart_cycles_q\[5\],36.45µm
i_core_v_mini_mcu.core_data_req\[21\],36.45µm
i_core_v_mini_mcu.cpu_subsystem_i.cpu_0_0.rf_ram_i.memory\[109\]\[0\],36.45µm
i_core_v_mini_mcu.cpu_subsystem_i.cpu_0_0.rf_ram_i.memory\[170\]\[0\],36.45µm
i_core_v_mini_mcu.cpu_subsystem_i.cpu_0_0.rf_ram_i.memory\[300\]\[1\],36.45µm
i_core_v_mini_mcu.cpu_subsystem_i.cpu_1_0.rf_ram_i.memory\[185\]\[0\],36.45µm
i_core_v_mini_mcu.cpu_subsystem_i.cpu_1_0.rf_ram_i.memory\[273\]\[1\],36.45µm
i_core_v_mini_mcu.memory_subsystem_i.ram0_i.tc_ram_i.sram\[12\]\[1\],36.45µm
i_core_v_mini_mcu.memory_subsystem_i.ram0_i.tc_ram_i.sram\[24\]\[16\],36.45µm
i_core_v_mini_mcu.memory_subsystem_i.ram0_i.tc_ram_i.sram\[7\]\[8\],36.45µm
i_core_v_mini_mcu.peripheral_subsystem_i.obi_fifo_i.consumer_data_req_q\[3\],36.45µm
_05832_,36.4µm
_05915_,36.4µm
_06387_,36.4µm
_07220_,36.4µm
_07869_,36.4µm
_08458_,36.4µm
_09672_,36.4µm
_11303_,36.4µm
_11854_,36.4µm
_12977_,36.4µm
_13572_,36.4µm
_13690_,36.4µm
_14112_,36.4µm
_18243_,36.4µm
_20378_,36.4µm
_21578_,36.4µm
_22238_,36.4µm
_23485_,36.4µm
_25007_,36.4µm
_25681_,36.4µm
_25835_,36.4µm
_25984_,36.4µm
_26307_,36.4µm
_26393_,36.4µm
_28015_,36.4µm
i_core_v_mini_mcu.memory_subsystem_i.ram0_i.tc_ram_i.sram\[29\]\[14\],36.4µm
i_core_v_mini_mcu.ao_peripheral_subsystem_i.clint_mtime_o\[24\],36.22µm
_17235_,36.14µm
_06253_,36.09µm
_14620_,36.09µm
i_core_v_mini_mcu.ao_peripheral_subsystem_i.clint_mtime_o\[34\],36.09µm
_14993_,36.04µm
_15288_,36.04µm
_15291_,36.04µm
_16972_,36.04µm
_17368_,36.04µm
_17688_,36.04µm
_21614_,36.04µm
_06662_,35.99µm
_09180_,35.99µm
_12165_,35.99µm
_14540_,35.99µm
_14653_,35.99µm
_14667_,35.99µm
_14961_,35.99µm
i_core_v_mini_mcu.ao_peripheral_subsystem_i.power_manager_i.power_manager_reg_top_i.master_cpu_force_switch_on_qs,35.99µm
i_core_v_mini_mcu.memory_subsystem_i.ram0_i.tc_ram_i.sram\[18\]\[4\],35.99µm
i_core_v_mini_mcu.memory_subsystem_i.ram0_i.tc_ram_i.sram\[20\]\[28\],35.99µm
i_core_v_mini_mcu.peripheral_slave_resp\[27\],35.99µm
_09400_,35.94µm
_14827_,35.94µm
_15336_,35.94µm
_15928_,35.94µm
_17371_,35.94µm
_17855_,35.94µm
_20499_,35.94µm
_23113_,35.94µm
_23757_,35.94µm
_24731_,35.94µm
_25192_,35.94µm
i_core_v_mini_mcu.ao_peripheral_subsystem_i.clint_mtime_o\[21\],35.94µm
i_core_v_mini_mcu.ao_peripheral_subsystem_i.mosaic_clint_i.mtimecmp_q\[101\],35.94µm
i_core_v_mini_mcu.ao_peripheral_subsystem_i.power_manager_i.power_manager_reg_top_i.en_wait_for_intr_qs\[14\],35.94µm
i_core_v_mini_mcu.ao_peripheral_subsystem_i.power_manager_i.power_manager_reg_top_i.intr_state_qs\[14\],35.94µm
i_core_v_mini_mcu.cpu_subsystem_i.cpu_1_0.rf_ram_i.memory\[279\]\[1\],35.94µm
i_core_v_mini_mcu.cpu_subsystem_i.cpu_1_0.rf_ram_i.memory\[75\]\[1\],35.94µm
i_core_v_mini_mcu.memory_subsystem_i.ram0_i.tc_ram_i.sram\[24\]\[20\],35.94µm
i_core_v_mini_mcu.peripheral_subsystem_i.obi_fifo_i.consumer_data_req_q\[15\],35.94µm
_05988_,35.89µm
_07305_,35.89µm
_08307_,35.89µm
_08749_,35.89µm
_12182_,35.89µm
_13463_,35.89µm
_14128_,35.89µm
_15021_,35.89µm
_15920_,35.89µm
_15960_,35.89µm
_17402_,35.89µm
_21011_,35.89µm
_21593_,35.89µm
_25269_,35.89µm
_25538_,35.89µm
_27727_,35.89µm
i_core_v_mini_mcu.ao_peripheral_subsystem_i.obi_fifo_i.consumer_data_req_q\[28\],35.89µm
i_core_v_mini_mcu.ao_peripheral_subsystem_i.power_manager_i.power_manager_reg_top_i.intr_state_qs\[31\],35.89µm
i_core_v_mini_mcu.ao_peripheral_subsystem_i.tdu_i.task_mem\[4\]\[27\],35.89µm
i_core_v_mini_mcu.cpu_subsystem_i.cpu_0_0.rf_ram_i.memory\[300\]\[0\],35.89µm
i_core_v_mini_mcu.cpu_subsystem_i.cpu_1_0.rf_ram_i.memory\[200\]\[0\],35.89µm
i_core_v_mini_mcu.cpu_subsystem_i.cpu_1_0.rf_ram_i.memory\[277\]\[0\],35.89µm
i_core_v_mini_mcu.cpu_subsystem_i.cpu_1_0.rf_ram_i.memory\[387\]\[1\],35.89µm
i_core_v_mini_mcu.cpu_subsystem_i.cpu_1_0.rf_ram_i.memory\[47\]\[1\],35.89µm
i_core_v_mini_mcu.memory_subsystem_i.ram0_i.tc_ram_i.sram\[22\]\[20\],35.89µm
i_core_v_mini_mcu.memory_subsystem_i.ram0_i.tc_ram_i.sram\[30\]\[5\],35.89µm
i_core_v_mini_mcu.memory_subsystem_i.ram0_i.tc_ram_i.sram\[6\]\[4\],35.89µm
i_core_v_mini_mcu.peripheral_subsystem_i.uart_i.reg2hw\[29\],35.89µm
i_core_v_mini_mcu.system_bus_i.system_xbar_i.gen_xbar_NtoM.i_xbar.gen_outputs\[3\].gen_rr_arb_tree.i_rr_arb_tree.gen_arbiter.rr_q\[2\],35.89µm
_06915_,35.84µm
_07710_,35.84µm
_07851_,35.84µm
_07867_,35.84µm
_08164_,35.84µm
_08311_,35.84µm
_08637_,35.84µm
_09811_,35.84µm
_10732_,35.84µm
_10868_,35.84µm
_11515_,35.84µm
_12111_,35.84µm
_12251_,35.84µm
_13643_,35.84µm
_17740_,35.84µm
_18174_,35.84µm
_19963_,35.84µm
_20935_,35.84µm
_21933_,35.84µm
_22466_,35.84µm
_25090_,35.84µm
_25418_,35.84µm
_25743_,35.84µm
_26467_,35.84µm
_26708_,35.84µm
_27060_,35.84µm
_27111_,35.84µm
_27153_,35.84µm
_27976_,35.84µm
i_core_v_mini_mcu.cpu_subsystem_i.cpu_0_0.rf_ram_i.memory\[179\]\[0\],35.84µm
i_core_v_mini_mcu.cpu_subsystem_i.cpu_0_0.rf_ram_i.memory\[63\]\[0\],35.84µm
i_core_v_mini_mcu.cpu_subsystem_i.cpu_1_0.i_servile.arbiter.i_wb_cpu_dbus_adr\[2\],35.84µm
i_core_v_mini_mcu.cpu_subsystem_i.cpu_1_0.rf_ram_i.memory\[352\]\[0\],35.84µm
i_core_v_mini_mcu.cpu_subsystem_i.cpu_1_0.rf_ram_i.memory\[442\]\[1\],35.84µm
i_core_v_mini_mcu.memory_subsystem_i.ram0_i.tc_ram_i.sram\[31\]\[2\],35.84µm
i_core_v_mini_mcu.peripheral_subsystem_i.uart_i.uart_core.uart_rx.sreg_q\[9\],35.84µm
i_core_v_mini_mcu.cpu_subsystem_i.cpu_1_0.rf_ram_i.memory\[391\]\[1\],35.56µm
_17911_,35.53µm
_06027_,35.48µm
_10525_,35.48µm
_16227_,35.48µm
_16559_,35.48µm
_17225_,35.48µm
_17256_,35.48µm
_09786_,35.43µm
_09895_,35.43µm
_15528_,35.43µm
_15587_,35.43µm
_15633_,35.43µm
_16200_,35.43µm
_17389_,35.43µm
_28090_,35.43µm
i_core_v_mini_mcu.memory_subsystem_i.ram0_i.tc_ram_i.sram\[24\]\[6\],35.43µm
i_core_v_mini_mcu.peripheral_subsystem_i.obi_fifo_i.consumer_data_req\[1\],35.43µm
i_core_v_mini_mcu.peripheral_subsystem_i.uart_i.uart_core.rx_timeout_count_q\[1\],35.43µm
_05431_,35.38µm
_08668_,35.38µm
_08891_,35.38µm
_09315_,35.38µm
_14676_,35.38µm
_14693_,35.38µm
_14725_,35.38µm
_19954_,35.38µm
_20698_,35.38µm
_23931_,35.38µm
i_core_v_mini_mcu.ao_peripheral_subsystem_i.tdu_i.task_mem\[2\]\[28\],35.38µm
i_core_v_mini_mcu.cpu_subsystem_i.cpu_1_0.rf_ram_i.memory\[182\]\[1\],35.38µm
i_core_v_mini_mcu.cpu_subsystem_i.cpu_1_0.rf_ram_i.memory\[277\]\[1\],35.38µm
i_core_v_mini_mcu.memory_subsystem_i.ram0_i.tc_ram_i.sram\[11\]\[24\],35.38µm
i_core_v_mini_mcu.memory_subsystem_i.ram0_i.tc_ram_i.sram\[16\]\[16\],35.38µm
i_core_v_mini_mcu.peripheral_subsystem_i.uart_i.uart_core.uart_rx.sreg_q\[10\],35.38µm
_04040_,35.33µm
_05901_,35.33µm
_06146_,35.33µm
_06572_,35.33µm
_07169_,35.33µm
_10105_,35.33µm
_10127_,35.33µm
_10566_,35.33µm
_11524_,35.33µm
_11721_,35.33µm
_11944_,35.33µm
_13032_,35.33µm
_13487_,35.33µm
_13701_,35.33µm
_14088_,35.33µm
_15053_,35.33µm
_16755_,35.33µm
_17123_,35.33µm
_17215_,35.33µm
_17312_,35.33µm
_18055_,35.33µm
_20308_,35.33µm
_21732_,35.33µm
_22178_,35.33µm
_22581_,35.33µm
_23510_,35.33µm
_24071_,35.33µm
_24399_,35.33µm
_26305_,35.33µm
i_core_v_mini_mcu.ao_peripheral_subsystem_i.mosaic_clint_i.mtimecmp_q\[54\],35.33µm
i_core_v_mini_mcu.ao_peripheral_subsystem_i.obi_fifo_i.consumer_data_req_q\[11\],35.33µm
i_core_v_mini_mcu.ao_peripheral_subsystem_i.power_manager_i.power_manager_reg_top_i.global_pointer_qs\[19\],35.33µm
i_core_v_mini_mcu.ao_peripheral_subsystem_i.tdu_i.cpi_est_q\[54\],35.33µm
i_core_v_mini_mcu.cpu_subsystem_i.cpu_0_0.rf_ram_i.memory\[451\]\[0\],35.33µm
i_core_v_mini_mcu.cpu_subsystem_i.cpu_0_0.rf_ram_i.memory\[493\]\[1\],35.33µm
i_core_v_mini_mcu.peripheral_subsystem_i.obi_fifo_i.consumer_resp_i\[15\],35.33µm
_05823_,35.28µm
_06768_,35.28µm
_07822_,35.28µm
_07845_,35.28µm
_07857_,35.28µm
_09987_,35.28µm
_09998_,35.28µm
_10257_,35.28µm
_10348_,35.28µm
_11201_,35.28µm
_11257_,35.28µm
_12006_,35.28µm
_12367_,35.28µm
_12801_,35.28µm
_13399_,35.28µm
_13564_,35.28µm
_13658_,35.28µm
_14105_,35.28µm
_14270_,35.28µm
_15817_,35.28µm
_17397_,35.28µm
_17842_,35.28µm
_19566_,35.28µm
_20291_,35.28µm
_20511_,35.28µm
_21834_,35.28µm
_23184_,35.28µm
_23899_,35.28µm
_23966_,35.28µm
_25494_,35.28µm
_26600_,35.28µm
_26764_,35.28µm
i_core_v_mini_mcu.ao_peripheral_subsystem_i.power_manager_i.power_manager_reg_top_i.reg2hw\[225\],35.28µm
i_core_v_mini_mcu.ao_peripheral_subsystem_i.soc_ctrl_i.reg2hw\[32\],35.28µm
i_core_v_mini_mcu.ao_peripheral_subsystem_i.spi_subsystem_i.obi_spimemio_i.spimemio_i.buffer\[5\],35.28µm
i_core_v_mini_mcu.ao_peripheral_subsystem_i.spi_subsystem_i.obi_spimemio_i.spimemio_i.rd_inc,35.28µm
i_core_v_mini_mcu.cpu_subsystem_i.cpu_0_0.rf_ram_i.memory\[13\]\[1\],35.28µm
i_core_v_mini_mcu.cpu_subsystem_i.cpu_0_0.rf_ram_i.memory\[291\]\[1\],35.28µm
i_core_v_mini_mcu.cpu_subsystem_i.cpu_1_0.rf_ram_i.memory\[362\]\[0\],35.28µm
i_core_v_mini_mcu.memory_subsystem_i.ram0_i.tc_ram_i.sram\[14\]\[22\],35.28µm
net1269,35.28µm
_04005_,35.27µm
exit_value_int\[10\],35.05µm
i_core_v_mini_mcu.ao_peripheral_subsystem_i.obi_fifo_i.consumer_data_req_q\[0\],35.05µm
i_core_v_mini_mcu.peripheral_subsystem_i.obi_fifo_i.consumer_data_req\[37\],35µm
_08875_,34.92µm
_14511_,34.92µm
_15547_,34.92µm
_16160_,34.92µm
_17347_,34.92µm
_20212_,34.92µm
_20744_,34.92µm
_06083_,34.87µm
_06629_,34.87µm
_09036_,34.87µm
_11434_,34.87µm
_15382_,34.87µm
_20524_,34.87µm
_23444_,34.87µm
i_core_v_mini_mcu.cpu_subsystem_i.cpu_0_0.i_servile.cpu.immdec.gen_immdec_w_eq_1.imm24_20\[1\],34.87µm
i_core_v_mini_mcu.memory_subsystem_i.ram0_i.tc_ram_i.sram\[24\]\[29\],34.87µm
_05414_,34.82µm
_08547_,34.82µm
_08866_,34.82µm
_09085_,34.82µm
_09798_,34.82µm
_09957_,34.82µm
_10293_,34.82µm
_10367_,34.82µm
_14426_,34.82µm
_15888_,34.82µm
_16250_,34.82µm
_16821_,34.82µm
_16849_,34.82µm
_17417_,34.82µm
_20376_,34.82µm
_21715_,34.82µm
_23089_,34.82µm
_23365_,34.82µm
i_core_v_mini_mcu.ao_peripheral_subsystem_i.soc_ctrl_i.enable_spi_sel,34.82µm
i_core_v_mini_mcu.ao_peripheral_subsystem_i.spi_subsystem_i.obi_spimemio_i.spimemio_i.rd_addr\[15\],34.82µm
i_core_v_mini_mcu.memory_subsystem_i.ram0_i.tc_ram_i.sram\[3\]\[14\],34.82µm
i_core_v_mini_mcu.peripheral_subsystem_i.uart_i.hw2reg\[2\],34.82µm
_05976_,34.77µm
_06117_,34.77µm
_06666_,34.77µm
_06697_,34.77µm
_06849_,34.77µm
_07018_,34.77µm
_07427_,34.77µm
_07500_,34.77µm
_07603_,34.77µm
_08342_,34.77µm
_08787_,34.77µm
_11871_,34.77µm
_13849_,34.77µm
_14091_,34.77µm
_14721_,34.77µm
_15438_,34.77µm
_17103_,34.77µm
_17622_,34.77µm
_18188_,34.77µm
_19194_,34.77µm
_20360_,34.77µm
_21024_,34.77µm
_21773_,34.77µm
_22236_,34.77µm
_24994_,34.77µm
_24997_,34.77µm
_25495_,34.77µm
_26199_,34.77µm
_26475_,34.77µm
_26904_,34.77µm
_27537_,34.77µm
_27575_,34.77µm
i_core_v_mini_mcu.ao_peripheral_subsystem_i.mosaic_clint_i.mtimecmp_q\[37\],34.77µm
i_core_v_mini_mcu.ao_peripheral_subsystem_i.obi_fifo_i.consumer_data_req\[56\],34.77µm
i_core_v_mini_mcu.ao_peripheral_subsystem_i.power_manager_i.power_manager_counter_sequence_cpu_iso_i.sequence_curr_state\[1\],34.77µm
i_core_v_mini_mcu.ao_peripheral_subsystem_i.tdu_i.cpi_est_q\[26\],34.77µm
i_core_v_mini_mcu.cpu_subsystem_i.cpu_0_0.rf_ram_i.memory\[279\]\[1\],34.77µm
i_core_v_mini_mcu.cpu_subsystem_i.cpu_1_0.rf_ram_i.memory\[359\]\[1\],34.77µm
i_core_v_mini_mcu.memory_subsystem_i.ram0_i.tc_ram_i.sram\[17\]\[22\],34.77µm
i_core_v_mini_mcu.memory_subsystem_i.ram0_i.tc_ram_i.sram\[3\]\[3\],34.77µm
i_core_v_mini_mcu.peripheral_subsystem_i.periph_to_reg_i.r_rdata_d\[4\],34.77µm
i_core_v_mini_mcu.peripheral_subsystem_i.uart_i.uart_core.rx_timeout_count_q\[23\],34.77µm
_03730_,34.72µm
_04039_,34.72µm
_04898_,34.72µm
_05254_,34.72µm
_05738_,34.72µm
_05758_,34.72µm
_06055_,34.72µm
_06685_,34.72µm
_06760_,34.72µm
_07261_,34.72µm
_07563_,34.72µm
_07970_,34.72µm
_11145_,34.72µm
_12149_,34.72µm
_12758_,34.72µm
_13098_,34.72µm
_13714_,34.72µm
_13787_,34.72µm
_13824_,34.72µm
_17669_,34.72µm
_20375_,34.72µm
_20520_,34.72µm
_23053_,34.72µm
_25605_,34.72µm
_25985_,34.72µm
_25998_,34.72µm
_26127_,34.72µm
_26407_,34.72µm
_27677_,34.72µm
i_core_v_mini_mcu.cpu_subsystem_i.cpu_0_0.i_servile.cpu.o_wdata1,34.72µm
i_core_v_mini_mcu.memory_subsystem_i.ram0_i.tc_ram_i.sram\[13\]\[27\],34.72µm
i_core_v_mini_mcu.memory_subsystem_i.ram0_i.tc_ram_i.sram\[14\]\[0\],34.72µm
i_core_v_mini_mcu.memory_subsystem_i.ram0_i.tc_ram_i.sram\[2\]\[21\],34.72µm
i_core_v_mini_mcu.peripheral_subsystem_i.obi_fifo_i.consumer_data_req_q\[6\],34.72µm
_16628_,34.54µm
_20284_,34.49µm
i_core_v_mini_mcu.ao_peripheral_subsystem_i.tdu_i.task_mem\[3\]\[19\],34.49µm
_14975_,34.41µm
_15340_,34.41µm
_17260_,34.41µm
i_core_v_mini_mcu.peripheral_subsystem_i.obi_fifo_i.consumer_data_req_q\[17\],34.41µm
_15479_,34.36µm
_15627_,34.36µm
_15911_,34.36µm
_16134_,34.36µm
_17603_,34.36µm
_06290_,34.31µm
_09438_,34.31µm
_10256_,34.31µm
_14473_,34.31µm
_15648_,34.31µm
_16306_,34.31µm
_22773_,34.31µm
i_core_v_mini_mcu.ao_peripheral_subsystem_i.clint_mtime_o\[39\],34.31µm
i_core_v_mini_mcu.ao_peripheral_subsystem_i.spi_subsystem_i.obi_spimemio_i.obi_to_picorv32_i.addr_buf\[8\],34.31µm
i_core_v_mini_mcu.ao_peripheral_subsystem_i.spi_subsystem_i.obi_spimemio_i.spimemio_i.rd_addr\[11\],34.31µm
i_core_v_mini_mcu.ao_peripheral_subsystem_i.spi_subsystem_i.obi_spimemio_i.spimemio_i.rd_addr\[19\],34.31µm
i_core_v_mini_mcu.cpu_subsystem_i.cpu_0_0.i_servile.arbiter.i_wb_cpu_dbus_adr\[18\],34.31µm
i_core_v_mini_mcu.cpu_subsystem_i.cpu_1_0.rf_ram_i.memory\[450\]\[1\],34.31µm
_06068_,34.26µm
_07172_,34.26µm
_07818_,34.26µm
_10254_,34.26µm
_10407_,34.26µm
_14329_,34.26µm
_14623_,34.26µm
_14682_,34.26µm
_16793_,34.26µm
_16824_,34.26µm
_17193_,34.26µm
_18185_,34.26µm
i_core_v_mini_mcu.ao_peripheral_subsystem_i.clint_mtime_o\[60\],34.26µm
i_core_v_mini_mcu.ao_peripheral_subsystem_i.mosaic_clint_i.mtimecmp_q\[22\],34.26µm
i_core_v_mini_mcu.ao_peripheral_subsystem_i.spi_subsystem_i.obi_spimemio_i.spimemio_i.rd_addr\[4\],34.26µm
i_core_v_mini_mcu.ao_peripheral_subsystem_i.tdu_i.cpi_est_q\[20\],34.26µm
i_core_v_mini_mcu.cpu_subsystem_i.cpu_0_0.rf_ram_i.memory\[115\]\[0\],34.26µm
i_core_v_mini_mcu.cpu_subsystem_i.cpu_1_0.rf_ram_i.memory\[287\]\[1\],34.26µm
i_core_v_mini_mcu.memory_subsystem_i.ram0_i.tc_ram_i.sram\[15\]\[11\],34.26µm
i_core_v_mini_mcu.memory_subsystem_i.ram0_i.tc_ram_i.sram\[5\]\[6\],34.26µm
i_core_v_mini_mcu.memory_subsystem_i.ram0_i.tc_ram_i.sram\[7\]\[19\],34.26µm
i_core_v_mini_mcu.memory_subsystem_i.ram0_i.tc_ram_i.sram\[8\]\[3\],34.26µm
_05615_,34.21µm
_05623_,34.21µm
_05979_,34.21µm
_06979_,34.21µm
_07016_,34.21µm
_07827_,34.21µm
_08809_,34.21µm
_08931_,34.21µm
_09757_,34.21µm
_10031_,34.21µm
_11442_,34.21µm
_12777_,34.21µm
_15494_,34.21µm
_15550_,34.21µm
_16960_,34.21µm
_18257_,34.21µm
_21351_,34.21µm
_21692_,34.21µm
_21920_,34.21µm
_23970_,34.21µm
_24228_,34.21µm
_24475_,34.21µm
_24773_,34.21µm
_25550_,34.21µm
_25795_,34.21µm
_25875_,34.21µm
_26126_,34.21µm
_26405_,34.21µm
_26749_,34.21µm
_27162_,34.21µm
_27229_,34.21µm
_28126_,34.21µm
i_core_v_mini_mcu.ao_peripheral_subsystem_i.spi_subsystem_i.obi_spimemio_i.spimemio_i.buffer\[0\],34.21µm
i_core_v_mini_mcu.ao_peripheral_subsystem_i.tdu_i.cpi_est_q\[17\],34.21µm
i_core_v_mini_mcu.ao_peripheral_subsystem_i.tdu_i.cpi_est_q\[63\],34.21µm
i_core_v_mini_mcu.cpu_subsystem_i.cpu_0_0.rf_ram_i.memory\[149\]\[0\],34.21µm
i_core_v_mini_mcu.cpu_subsystem_i.cpu_1_0.i_servile.cpu.ctrl.i_pc_rel,34.21µm
i_core_v_mini_mcu.cpu_subsystem_i.cpu_1_0.rf_ram_i.memory\[15\]\[1\],34.21µm
i_core_v_mini_mcu.cpu_subsystem_i.cpu_1_0.rf_ram_i.memory\[291\]\[1\],34.21µm
i_core_v_mini_mcu.cpu_subsystem_i.cpu_1_0.rf_ram_i.memory\[391\]\[0\],34.21µm
i_core_v_mini_mcu.cpu_subsystem_i.cpu_1_0.rf_ram_i.memory\[417\]\[1\],34.21µm
i_core_v_mini_mcu.memory_subsystem_i.ram0_i.tc_ram_i.sram\[12\]\[8\],34.21µm
i_core_v_mini_mcu.memory_subsystem_i.ram0_i.tc_ram_i.sram\[9\]\[31\],34.21µm
i_core_v_mini_mcu.peripheral_subsystem_i.obi_fifo_i.consumer_data_req_q\[33\],34.21µm
i_core_v_mini_mcu.peripheral_subsystem_i.periph_to_reg_i.r_rdata_d\[26\],34.21µm
i_core_v_mini_mcu.peripheral_subsystem_i.uart_i.uart_core.rx_fifo_depth_prev_q\[1\],34.21µm
_04055_,34.16µm
_04125_,34.16µm
_04288_,34.16µm
_05156_,34.16µm
_06148_,34.16µm
_06372_,34.16µm
_07051_,34.16µm
_07909_,34.16µm
_09658_,34.16µm
_11857_,34.16µm
_12383_,34.16µm
_12822_,34.16µm
_13649_,34.16µm
_13809_,34.16µm
_15153_,34.16µm
_16992_,34.16µm
_17591_,34.16µm
_17728_,34.16µm
_17878_,34.16µm
_18356_,34.16µm
_18625_,34.16µm
_22794_,34.16µm
_22976_,34.16µm
_23543_,34.16µm
_23800_,34.16µm
_23884_,34.16µm
_24291_,34.16µm
_24393_,34.16µm
_24983_,34.16µm
_25506_,34.16µm
_25525_,34.16µm
_25729_,34.16µm
_26207_,34.16µm
_26560_,34.16µm
_27190_,34.16µm
_27489_,34.16µm
_27955_,34.16µm
_28022_,34.16µm
i_core_v_mini_mcu.ao_peripheral_subsystem_i.mosaic_clint_i.mtimecmp_q\[67\],34.16µm
i_core_v_mini_mcu.ao_peripheral_subsystem_i.obi_fifo_i.consumer_data_req_q\[50\],34.16µm
i_core_v_mini_mcu.ao_peripheral_subsystem_i.obi_fifo_i.consumer_resp_i\[1\],34.16µm
i_core_v_mini_mcu.ao_peripheral_subsystem_i.power_manager_i.power_manager_reg_top_i.cpu_iso_off_counter_qs\[7\],34.16µm
i_core_v_mini_mcu.ao_peripheral_subsystem_i.spi_subsystem_i.obi_spimemio_i.obi_to_picorv32_i.obi_resp_o\[23\],34.16µm
i_core_v_mini_mcu.ao_peripheral_subsystem_i.spi_subsystem_i.obi_spimemio_i.spimemio_i.dout_tag\[0\],34.16µm
i_core_v_mini_mcu.memory_subsystem_i.ram0_i.tc_ram_i.sram\[24\]\[24\],34.16µm
i_core_v_mini_mcu.cpu_subsystem_i.cpu_0_0.rf_ram_i.memory\[52\]\[1\],33.93µm
_15332_,33.9µm
_17568_,33.9µm
_17074_,33.85µm
_18114_,33.85µm
_14854_,33.8µm
_17117_,33.8µm
_23508_,33.8µm
_27926_,33.8µm
clknet_leaf_92_i_core_v_mini_mcu.peripheral_subsystem_i.clk_cg,33.8µm
_08940_,33.75µm
_09248_,33.75µm
_09901_,33.75µm
_14385_,33.75µm
_15978_,33.75µm
i_core_v_mini_mcu.cpu_subsystem_i.cpu_0_0.i_servile.cpu.ctrl.o_ibus_adr\[7\],33.75µm
i_core_v_mini_mcu.peripheral_subsystem_i.uart_i.hw2reg\[15\],33.75µm
_05696_,33.7µm
_06345_,33.7µm
_07442_,33.7µm
_08970_,33.7µm
_10023_,33.7µm
_10075_,33.7µm
_10209_,33.7µm
_11466_,33.7µm
_12199_,33.7µm
_12622_,33.7µm
_13908_,33.7µm
_15326_,33.7µm
_16466_,33.7µm
_17092_,33.7µm
_17672_,33.7µm
_17719_,33.7µm
_17746_,33.7µm
_20185_,33.7µm
_21658_,33.7µm
_23083_,33.7µm
_23713_,33.7µm
_23716_,33.7µm
i_core_v_mini_mcu.ao_peripheral_subsystem_i.tdu_i.task_mem\[1\]\[23\],33.7µm
i_core_v_mini_mcu.cpu_subsystem_i.cpu_0_0.rf_ram_i.memory\[137\]\[1\],33.7µm
i_core_v_mini_mcu.cpu_subsystem_i.cpu_0_0.rf_ram_i.memory\[205\]\[1\],33.7µm
i_core_v_mini_mcu.cpu_subsystem_i.cpu_0_0.rf_ram_i.memory\[319\]\[1\],33.7µm
i_core_v_mini_mcu.cpu_subsystem_i.cpu_0_0.rf_ram_i.memory\[385\]\[1\],33.7µm
i_core_v_mini_mcu.cpu_subsystem_i.cpu_1_0.rf_ram_i.memory\[439\]\[1\],33.7µm
i_core_v_mini_mcu.memory_subsystem_i.ram0_i.tc_ram_i.sram\[15\]\[3\],33.7µm
i_core_v_mini_mcu.peripheral_subsystem_i.obi_fifo_i.consumer_data_req_q\[65\],33.7µm
_01276_,33.65µm
_05136_,33.65µm
_05619_,33.65µm
_07092_,33.65µm
_07627_,33.65µm
_09597_,33.65µm
_09637_,33.65µm
_10859_,33.65µm
_11623_,33.65µm
_12554_,33.65µm
_13742_,33.65µm
_14631_,33.65µm
_14836_,33.65µm
_16177_,33.65µm
_17080_,33.65µm
_17206_,33.65µm
_19936_,33.65µm
_20521_,33.65µm
_21711_,33.65µm
_22614_,33.65µm
_23041_,33.65µm
_23556_,33.65µm
_24106_,33.65µm
_26558_,33.65µm
i_core_v_mini_mcu.ao_peripheral_subsystem_i.mosaic_clint_i.mtimecmp_q\[34\],33.65µm
i_core_v_mini_mcu.ao_peripheral_subsystem_i.obi_fifo_i.obi_req_fifo_i.status_cnt_q\[1\],33.65µm
i_core_v_mini_mcu.ao_peripheral_subsystem_i.soc_ctrl_i.reg2hw\[4\],33.65µm
i_core_v_mini_mcu.ao_peripheral_subsystem_i.spi_subsystem_i.obi_spimemio_i.spimemio_i.din_tag\[1\],33.65µm
i_core_v_mini_mcu.ao_peripheral_subsystem_i.tdu_i.cpi_est_q\[7\],33.65µm
i_core_v_mini_mcu.cpu_subsystem_i.cpu_0_0.rf_ram_i.memory\[212\]\[1\],33.65µm
i_core_v_mini_mcu.cpu_subsystem_i.cpu_0_0.rf_ram_i.memory\[487\]\[1\],33.65µm
i_core_v_mini_mcu.cpu_subsystem_i.cpu_1_0.rf_ram_i.memory\[172\]\[0\],33.65µm
i_core_v_mini_mcu.cpu_subsystem_i.cpu_1_0.rf_ram_i.memory\[174\]\[1\],33.65µm
i_core_v_mini_mcu.cpu_subsystem_i.cpu_1_0.rf_ram_i.memory\[236\]\[0\],33.65µm
i_core_v_mini_mcu.memory_subsystem_i.ram0_i.tc_ram_i.sram\[19\]\[23\],33.65µm
i_core_v_mini_mcu.memory_subsystem_i.ram0_i.tc_ram_i.sram\[21\]\[28\],33.65µm
i_core_v_mini_mcu.memory_subsystem_i.ram0_i.tc_ram_i.sram\[3\]\[27\],33.65µm
i_core_v_mini_mcu.peripheral_subsystem_i.uart_i.hw2reg\[17\],33.65µm
i_core_v_mini_mcu.peripheral_subsystem_i.uart_i.hw2reg\[5\],33.65µm
i_core_v_mini_mcu.peripheral_subsystem_i.uart_i.uart_core.nco_sum_q\[3\],33.65µm
clknet_leaf_85_i_core_v_mini_mcu.peripheral_subsystem_i.clk_cg,33.65µm
_04625_,33.6µm
_05032_,33.6µm
_06338_,33.6µm
_06429_,33.6µm
_06864_,33.6µm
_07940_,33.6µm
_08450_,33.6µm
_09003_,33.6µm
_09140_,33.6µm
_09974_,33.6µm
_09985_,33.6µm
_12210_,33.6µm
_12352_,33.6µm
_12361_,33.6µm
_12677_,33.6µm
_12708_,33.6µm
_12720_,33.6µm
_13346_,33.6µm
_14284_,33.6µm
_15744_,33.6µm
_16968_,33.6µm
_17278_,33.6µm
_20606_,33.6µm
_23466_,33.6µm
_24788_,33.6µm
_25322_,33.6µm
_25848_,33.6µm
_26338_,33.6µm
_26671_,33.6µm
_27059_,33.6µm
_27079_,33.6µm
_27204_,33.6µm
_27503_,33.6µm
_27689_,33.6µm
exit_value_int\[22\],33.6µm
i_core_v_mini_mcu.ao_peripheral_subsystem_i.spi_subsystem_i.obi_spimemio_i.spimemio_i.rd_addr\[9\],33.6µm
i_core_v_mini_mcu.ao_peripheral_subsystem_i.tdu_i.active_hart_cycles_q\[23\],33.6µm
i_core_v_mini_mcu.memory_subsystem_i.ram0_i.tc_ram_i.sram\[7\]\[2\],33.6µm
_17149_,33.42µm
i_core_v_mini_mcu.cpu_subsystem_i.cpu_0_0.rf_ram_i.memory\[431\]\[0\],33.37µm
_12084_,33.32µm
i_core_v_mini_mcu.cpu_subsystem_i.cpu_0_0.i_servile.cpu.ctrl.o_ibus_adr\[8\],33.32µm
i_core_v_mini_mcu.cpu_subsystem_i.cpu_1_0.rf_ram_i.memory\[42\]\[1\],33.32µm
_17714_,33.29µm
_09737_,33.24µm
_15255_,33.24µm
_16298_,33.24µm
_17244_,33.24µm
_17493_,33.24µm
i_core_v_mini_mcu.ao_peripheral_subsystem_i.tdu_i.active_hart_cycles_q\[4\],33.24µm
_08797_,33.19µm
_09804_,33.19µm
_15756_,33.19µm
_16191_,33.19µm
_16879_,33.19µm
_17300_,33.19µm
_17866_,33.19µm
_17946_,33.19µm
_21049_,33.19µm
_23860_,33.19µm
i_core_v_mini_mcu.ao_peripheral_subsystem_i.clint_mtime_o\[43\],33.19µm
i_core_v_mini_mcu.ao_peripheral_subsystem_i.power_manager_i.power_manager_reg_top_i.cpu_iso_off_counter_qs\[6\],33.19µm
i_core_v_mini_mcu.ao_peripheral_subsystem_i.spi_subsystem_i.obi_spimemio_i.spimemio_i.rd_addr\[21\],33.19µm
i_core_v_mini_mcu.cpu_subsystem_i.cpu_1_0.rf_ram_i.memory\[2\]\[1\],33.19µm
net1225,33.19µm
_01635_,33.14µm
_06216_,33.14µm
_06779_,33.14µm
_07678_,33.14µm
_07751_,33.14µm
_08834_,33.14µm
_08972_,33.14µm
_09189_,33.14µm
_09880_,33.14µm
_11123_,33.14µm
_13776_,33.14µm
_13902_,33.14µm
_14406_,33.14µm
_15506_,33.14µm
_16283_,33.14µm
_16623_,33.14µm
_17757_,33.14µm
_20994_,33.14µm
_21504_,33.14µm
_22348_,33.14µm
_22851_,33.14µm
_23564_,33.14µm
_23678_,33.14µm
_23889_,33.14µm
_24081_,33.14µm
_26354_,33.14µm
_26444_,33.14µm
_26815_,33.14µm
i_core_v_mini_mcu.ao_peripheral_subsystem_i.clint_mtime_o\[62\],33.14µm
i_core_v_mini_mcu.ao_peripheral_subsystem_i.tdu_i.cpi_est_q\[19\],33.14µm
i_core_v_mini_mcu.cpu_subsystem_i.cpu_0_0.rf_ram_i.memory\[210\]\[1\],33.14µm
i_core_v_mini_mcu.cpu_subsystem_i.cpu_0_0.rf_ram_i.memory\[266\]\[1\],33.14µm
i_core_v_mini_mcu.cpu_subsystem_i.cpu_0_0.rf_ram_i.memory\[280\]\[1\],33.14µm
i_core_v_mini_mcu.cpu_subsystem_i.cpu_1_0.rf_ram_i.memory\[258\]\[0\],33.14µm
i_core_v_mini_mcu.memory_subsystem_i.ram0_i.tc_ram_i.sram\[20\]\[27\],33.14µm
i_core_v_mini_mcu.peripheral_subsystem_i.obi_fifo_i.consumer_resp_i\[12\],33.14µm
i_core_v_mini_mcu.peripheral_subsystem_i.uart_i.uart_core.rx_timeout_count_q\[20\],33.14µm
i_core_v_mini_mcu.system_bus_i.gen_demux_xbar\[3\].demux_xbar_i.u_xbar_varlat.gen_inputs\[0\].i_addr_dec_resp_mux.valid_inflight_q,33.14µm
_04190_,33.09µm
_06337_,33.09µm
_06946_,33.09µm
_06961_,33.09µm
_07159_,33.09µm
_07490_,33.09µm
_07590_,33.09µm
_08140_,33.09µm
_09728_,33.09µm
_09730_,33.09µm
_09764_,33.09µm
_12376_,33.09µm
_12512_,33.09µm
_13651_,33.09µm
_14058_,33.09µm
_14207_,33.09µm
_14817_,33.09µm
_15063_,33.09µm
_16837_,33.09µm
_16889_,33.09µm
_17175_,33.09µm
_17412_,33.09µm
_20358_,33.09µm
_20446_,33.09µm
_20489_,33.09µm
_20551_,33.09µm
_22052_,33.09µm
_23034_,33.09µm
_24447_,33.09µm
_24550_,33.09µm
_24600_,33.09µm
_26526_,33.09µm
_26742_,33.09µm
_26755_,33.09µm
i_core_v_mini_mcu.ao_peripheral_subsystem_i.mosaic_clint_i.mtimecmp_q\[19\],33.09µm
i_core_v_mini_mcu.ao_peripheral_subsystem_i.obi_fifo_i.consumer_data_req_q\[53\],33.09µm
i_core_v_mini_mcu.ao_peripheral_subsystem_i.power_manager_i.power_manager_reg_top_i.en_wait_for_intr_qs\[20\],33.09µm
i_core_v_mini_mcu.ao_peripheral_subsystem_i.soc_ctrl_i.reg2hw\[21\],33.09µm
i_core_v_mini_mcu.ao_peripheral_subsystem_i.soc_ctrl_i.reg2hw\[22\],33.09µm
i_core_v_mini_mcu.ao_peripheral_subsystem_i.tdu_i.cpi_est_q\[14\],33.09µm
i_core_v_mini_mcu.ao_peripheral_subsystem_i.tdu_i.cpi_est_q\[29\],33.09µm
i_core_v_mini_mcu.ao_peripheral_subsystem_i.tdu_i.task_mem\[1\]\[13\],33.09µm
i_core_v_mini_mcu.ao_peripheral_subsystem_i.tdu_i.task_mem\[2\]\[14\],33.09µm
i_core_v_mini_mcu.cpu_subsystem_i.cpu_0_0.i_servile.arbiter.i_wb_cpu_dbus_adr\[9\],33.09µm
i_core_v_mini_mcu.cpu_subsystem_i.cpu_0_0.rf_ram_i.memory\[237\]\[1\],33.09µm
i_core_v_mini_mcu.cpu_subsystem_i.cpu_0_0.rf_ram_i.memory\[461\]\[0\],33.09µm
i_core_v_mini_mcu.cpu_subsystem_i.cpu_1_0.rf_ram_i.memory\[135\]\[1\],33.09µm
i_core_v_mini_mcu.cpu_subsystem_i.cpu_1_0.rf_ram_i.memory\[252\]\[0\],33.09µm
i_core_v_mini_mcu.memory_subsystem_i.ram0_i.tc_ram_i.sram\[11\]\[31\],33.09µm
i_core_v_mini_mcu.memory_subsystem_i.ram0_i.tc_ram_i.sram\[16\]\[17\],33.09µm
i_core_v_mini_mcu.memory_subsystem_i.ram0_i.tc_ram_i.sram\[24\]\[14\],33.09µm
i_core_v_mini_mcu.memory_subsystem_i.ram0_i.tc_ram_i.sram\[30\]\[8\],33.09µm
i_core_v_mini_mcu.memory_subsystem_i.ram0_i.tc_ram_i.sram\[7\]\[4\],33.09µm
i_core_v_mini_mcu.peripheral_subsystem_i.uart_i.uart_core.tx_watermark_d,33.09µm
_00398_,33.04µm
_02802_,33.04µm
_03740_,33.04µm
_05030_,33.04µm
_06167_,33.04µm
_06329_,33.04µm
_06615_,33.04µm
_07076_,33.04µm
_07421_,33.04µm
_08261_,33.04µm
_08395_,33.04µm
_09330_,33.04µm
_09708_,33.04µm
_10045_,33.04µm
_11277_,33.04µm
_11695_,33.04µm
_11928_,33.04µm
_12521_,33.04µm
_13153_,33.04µm
_13903_,33.04µm
_14192_,33.04µm
_14219_,33.04µm
_14609_,33.04µm
_14965_,33.04µm
_17963_,33.04µm
_18761_,33.04µm
_19183_,33.04µm
_20763_,33.04µm
_21470_,33.04µm
_22790_,33.04µm
_23318_,33.04µm
_24251_,33.04µm
_24548_,33.04µm
_24667_,33.04µm
_25312_,33.04µm
_25411_,33.04µm
_26030_,33.04µm
_26739_,33.04µm
_27901_,33.04µm
_28083_,33.04µm
i_core_v_mini_mcu.ao_peripheral_subsystem_i.obi_fifo_i.consumer_data_req\[62\],33.04µm
i_core_v_mini_mcu.ao_peripheral_subsystem_i.tdu_i.cpi_est_q\[55\],33.04µm
i_core_v_mini_mcu.cpu_subsystem_i.cpu_0_0.rf_ram_i.memory\[537\]\[1\],33.04µm
i_core_v_mini_mcu.cpu_subsystem_i.cpu_1_0.rf_ram_i.memory\[121\]\[1\],33.04µm
i_core_v_mini_mcu.cpu_subsystem_i.cpu_1_0.rf_ram_i.memory\[40\]\[0\],33.04µm
i_core_v_mini_mcu.memory_subsystem_i.ram0_i.tc_ram_i.sram\[10\]\[6\],33.04µm
i_core_v_mini_mcu.peripheral_subsystem_i.uart_i.reg2hw\[9\],33.04µm
i_core_v_mini_mcu.ao_peripheral_subsystem_i.power_manager_i.power_manager_reg_top_i.reg2hw\[227\],32.86µm
i_core_v_mini_mcu.ao_peripheral_subsystem_i.power_manager_i.reg_to_counter_cpu_reset_assert_i.counter_curr_state\[2\],32.86µm
i_core_v_mini_mcu.peripheral_subsystem_i.uart_i.uart_core.allzero_cnt_q\[3\],32.86µm
_14563_,32.83µm
_06059_,32.76µm
i_core_v_mini_mcu.cpu_subsystem_i.cpu_0_0.rf_ram_i.memory\[461\]\[1\],32.76µm
_08574_,32.68µm
_14784_,32.68µm
_15164_,32.68µm
_16939_,32.68µm
i_core_v_mini_mcu.ao_peripheral_subsystem_i.tdu_i.active_hart_cycles_q\[8\],32.68µm
_06363_,32.63µm
_07774_,32.63µm
_08946_,32.63µm
_15847_,32.63µm
_17501_,32.63µm
_17769_,32.63µm
_17888_,32.63µm
_18058_,32.63µm
i_core_v_mini_mcu.ao_peripheral_subsystem_i.spi_subsystem_i.obi_spimemio_i.obi_to_picorv32_i.picorv32_resp_i\[7\],32.63µm
i_core_v_mini_mcu.cpu_subsystem_i.cpu_0_0.rf_ram_i.memory\[44\]\[0\],32.63µm
i_core_v_mini_mcu.cpu_subsystem_i.cpu_1_0.i_servile.arbiter.i_wb_cpu_dbus_adr\[5\],32.63µm
i_core_v_mini_mcu.cpu_subsystem_i.cpu_1_0.i_servile.cpu.alu.i_sub,32.63µm
i_core_v_mini_mcu.memory_subsystem_i.ram0_i.tc_ram_i.sram\[1\]\[13\],32.63µm
i_core_v_mini_mcu.memory_subsystem_i.ram0_i.tc_ram_i.sram\[21\]\[19\],32.63µm
_08294_,32.58µm
_08436_,32.58µm
_09073_,32.58µm
_09253_,32.58µm
_09392_,32.58µm
_09636_,32.58µm
_09816_,32.58µm
_10318_,32.58µm
_10898_,32.58µm
_13623_,32.58µm
_14900_,32.58µm
_15894_,32.58µm
_16280_,32.58µm
_16353_,32.58µm
_16376_,32.58µm
_16799_,32.58µm
_17406_,32.58µm
_17750_,32.58µm
_18064_,32.58µm
_20726_,32.58µm
_23836_,32.58µm
i_core_v_mini_mcu.ao_peripheral_subsystem_i.obi_fifo_i.consumer_data_req\[58\],32.58µm
i_core_v_mini_mcu.ao_peripheral_subsystem_i.tdu_i.task_mem\[4\]\[21\],32.58µm
i_core_v_mini_mcu.cpu_subsystem_i.cpu_0_0.i_servile.cpu.ctrl.o_ibus_adr\[20\],32.58µm
i_core_v_mini_mcu.cpu_subsystem_i.cpu_1_0.rf_ram_i.memory\[509\]\[1\],32.58µm
i_core_v_mini_mcu.memory_subsystem_i.ram0_i.tc_ram_i.sram\[18\]\[26\],32.58µm
i_core_v_mini_mcu.memory_subsystem_i.ram0_i.tc_ram_i.sram\[27\]\[16\],32.58µm
i_core_v_mini_mcu.peripheral_subsystem_i.uart_i.uart_core.u_uart_rxfifo.gen_normal_fifo.storage\[13\],32.58µm
clknet_leaf_35_i_core_v_mini_mcu.peripheral_subsystem_i.clk_cg,32.58µm
clknet_leaf_79_i_core_v_mini_mcu.peripheral_subsystem_i.clk_cg,32.58µm
_03707_,32.53µm
_05653_,32.53µm
_07025_,32.53µm
_08076_,32.53µm
_08080_,32.53µm
_08163_,32.53µm
_08822_,32.53µm
_09061_,32.53µm
_09937_,32.53µm
_10147_,32.53µm
_10751_,32.53µm
_10997_,32.53µm
_12124_,32.53µm
_12996_,32.53µm
_13639_,32.53µm
_14213_,32.53µm
_14787_,32.53µm
_17966_,32.53µm
_19824_,32.53µm
_20933_,32.53µm
_21540_,32.53µm
_24888_,32.53µm
_25871_,32.53µm
i_core_v_mini_mcu.ao_peripheral_subsystem_i.power_manager_i.power_manager_reg_top_i.cpu_switch_off_counter_qs\[11\],32.53µm
i_core_v_mini_mcu.ao_peripheral_subsystem_i.spi_subsystem_i.obi_spimemio_i.obi_to_picorv32_i.picorv32_resp_i\[2\],32.53µm
i_core_v_mini_mcu.cpu_subsystem_i.cpu_0_0.rf_ram_i.memory\[12\]\[0\],32.53µm
i_core_v_mini_mcu.cpu_subsystem_i.cpu_0_0.rf_ram_i.memory\[166\]\[0\],32.53µm
i_core_v_mini_mcu.cpu_subsystem_i.cpu_0_0.rf_ram_i.memory\[170\]\[1\],32.53µm
i_core_v_mini_mcu.cpu_subsystem_i.cpu_0_0.rf_ram_i.memory\[302\]\[0\],32.53µm
i_core_v_mini_mcu.cpu_subsystem_i.cpu_0_0.rf_ram_i.memory\[371\]\[0\],32.53µm
i_core_v_mini_mcu.cpu_subsystem_i.cpu_0_0.rf_ram_i.memory\[409\]\[0\],32.53µm
i_core_v_mini_mcu.cpu_subsystem_i.cpu_0_0.rf_ram_i.memory\[8\]\[0\],32.53µm
i_core_v_mini_mcu.cpu_subsystem_i.cpu_1_0.rf_ram_i.memory\[377\]\[0\],32.53µm
i_core_v_mini_mcu.cpu_subsystem_i.cpu_1_0.rf_ram_i.memory\[48\]\[1\],32.53µm
i_core_v_mini_mcu.memory_subsystem_i.ram0_i.tc_ram_i.sram\[15\]\[13\],32.53µm
i_core_v_mini_mcu.memory_subsystem_i.ram0_i.tc_ram_i.sram\[17\]\[15\],32.53µm
i_core_v_mini_mcu.memory_subsystem_i.ram0_i.tc_ram_i.sram\[4\]\[20\],32.53µm
i_core_v_mini_mcu.peripheral_subsystem_i.obi_fifo_i.consumer_data_req_q\[4\],32.53µm
_00244_,32.48µm
_03706_,32.48µm
_04745_,32.48µm
_05971_,32.48µm
_06942_,32.48µm
_06955_,32.48µm
_08364_,32.48µm
_08871_,32.48µm
_08919_,32.48µm
_09345_,32.48µm
_09956_,32.48µm
_10130_,32.48µm
_11668_,32.48µm
_13219_,32.48µm
_13314_,32.48µm
_13852_,32.48µm
_15014_,32.48µm
_16367_,32.48µm
_16535_,32.48µm
_18505_,32.48µm
_18711_,32.48µm
_19679_,32.48µm
_19909_,32.48µm
_20440_,32.48µm
_21611_,32.48µm
_22661_,32.48µm
_22832_,32.48µm
_23536_,32.48µm
_23770_,32.48µm
_24388_,32.48µm
_25169_,32.48µm
_25838_,32.48µm
_26047_,32.48µm
_26735_,32.48µm
_26900_,32.48µm
_26902_,32.48µm
_27120_,32.48µm
_28070_,32.48µm
i_core_v_mini_mcu.ao_peripheral_subsystem_i.power_manager_i.power_manager_counter_sequence_cpu_iso_i.sequence_curr_state\[6\],32.48µm
i_core_v_mini_mcu.ao_peripheral_subsystem_i.tdu_i.active_hart_cycles_q\[6\],32.48µm
i_core_v_mini_mcu.ao_peripheral_subsystem_i.tdu_i.cpi_est_q\[23\],32.48µm
i_core_v_mini_mcu.cpu_subsystem_i.cpu_0_0.rf_ram_i.memory\[168\]\[1\],32.48µm
i_core_v_mini_mcu.cpu_subsystem_i.cpu_1_0.i_servile.arbiter.i_wb_cpu_ibus_adr\[1\],32.48µm
i_core_v_mini_mcu.cpu_subsystem_i.cpu_1_0.rf_ram_i.memory\[363\]\[0\],32.48µm
i_core_v_mini_mcu.cpu_subsystem_i.cpu_1_0.rf_ram_i.memory\[9\]\[0\],32.48µm
i_core_v_mini_mcu.peripheral_subsystem_i.obi_fifo_i.consumer_resp_i\[3\],32.48µm
i_core_v_mini_mcu.cpu_subsystem_i.cpu_0_0.i_servile.cpu.ctrl.o_ibus_adr\[23\],32.35µm
boot_select_i,32.34µm
spi_flash_sck_o,32.34µm
_17049_,32.22µm
_14531_,32.17µm
_14617_,32.12µm
_14706_,32.12µm
_15114_,32.12µm
_16001_,32.12µm
_16969_,32.12µm
_17095_,32.12µm
_17152_,32.12µm
_17891_,32.12µm
_21132_,32.12µm
i_core_v_mini_mcu.cpu_subsystem_i.cpu_0_0.rf_ram_i.memory\[108\]\[0\],32.12µm
i_core_v_mini_mcu.peripheral_subsystem_i.uart_i.uart_core.uart_rx.bit_cnt_q\[2\],32.12µm
_05905_,32.07µm
_08715_,32.07µm
_10306_,32.07µm
_10389_,32.07µm
_19900_,32.07µm
i_core_v_mini_mcu.cpu_subsystem_i.cpu_0_0.rf_ram_i.memory\[365\]\[1\],32.07µm
i_core_v_mini_mcu.cpu_subsystem_i.cpu_0_0.rf_ram_i.memory\[451\]\[1\],32.07µm
i_core_v_mini_mcu.cpu_subsystem_i.cpu_1_0.rf_ram_i.memory\[229\]\[1\],32.07µm
i_core_v_mini_mcu.memory_subsystem_i.ram0_i.tc_ram_i.sram\[31\]\[20\],32.07µm
i_core_v_mini_mcu.memory_subsystem_i.ram0_i.tc_ram_i.sram\[7\]\[7\],32.07µm
i_core_v_mini_mcu.memory_subsystem_i.ram0_i.tc_ram_i.sram\[9\]\[5\],32.07µm
_06805_,32.02µm
_07862_,32.02µm
_09075_,32.02µm
_09759_,32.02µm
_10042_,32.02µm
_10770_,32.02µm
_13471_,32.02µm
_14436_,32.02µm
_14443_,32.02µm
_15023_,32.02µm
_16105_,32.02µm
_16194_,32.02µm
_16591_,32.02µm
_16718_,32.02µm
_17284_,32.02µm
_17691_,32.02µm
_18121_,32.02µm
_23410_,32.02µm
_23619_,32.02µm
_23988_,32.02µm
_25947_,32.02µm
_26861_,32.02µm
_28097_,32.02µm
exit_value_int\[30\],32.02µm
i_core_v_mini_mcu.ao_peripheral_subsystem_i.mosaic_clint_i.mtimecmp_q\[124\],32.02µm
i_core_v_mini_mcu.ao_peripheral_subsystem_i.spi_subsystem_i.obi_spimemio_i.obi_to_picorv32_i.obi_resp_o\[24\],32.02µm
i_core_v_mini_mcu.ao_peripheral_subsystem_i.spi_subsystem_i.obi_spimemio_i.spimemio_i.config_do\[0\],32.02µm
i_core_v_mini_mcu.ao_peripheral_subsystem_i.tdu_i.active_hart_cycles_q\[25\],32.02µm
i_core_v_mini_mcu.ao_peripheral_subsystem_i.tdu_i.task_mem\[3\]\[21\],32.02µm
i_core_v_mini_mcu.cpu_subsystem_i.cpu_0_0.rf_ram_i.memory\[11\]\[0\],32.02µm
i_core_v_mini_mcu.cpu_subsystem_i.cpu_0_0.rf_ram_i.memory\[126\]\[1\],32.02µm
i_core_v_mini_mcu.cpu_subsystem_i.cpu_1_0.rf_ram_i.memory\[299\]\[0\],32.02µm
i_core_v_mini_mcu.cpu_subsystem_i.cpu_1_0.rf_ram_i.memory\[353\]\[0\],32.02µm
i_core_v_mini_mcu.cpu_subsystem_i.cpu_1_0.rf_ram_i.memory\[396\]\[1\],32.02µm
i_core_v_mini_mcu.cpu_subsystem_i.cpu_1_0.rf_ram_i.memory\[43\]\[1\],32.02µm
i_core_v_mini_mcu.cpu_subsystem_i.cpu_1_0.rf_ram_i.memory\[468\]\[1\],32.02µm
i_core_v_mini_mcu.cpu_subsystem_i.cpu_1_0.rf_ram_i.memory\[51\]\[1\],32.02µm
i_core_v_mini_mcu.memory_subsystem_i.ram0_i.tc_ram_i.sram\[15\]\[24\],32.02µm
i_core_v_mini_mcu.memory_subsystem_i.ram0_i.tc_ram_i.sram\[2\]\[16\],32.02µm
i_core_v_mini_mcu.memory_subsystem_i.ram0_i.tc_ram_i.sram\[7\]\[29\],32.02µm
i_core_v_mini_mcu.peripheral_subsystem_i.obi_fifo_i.consumer_data_req_q\[5\],32.02µm
i_core_v_mini_mcu.peripheral_subsystem_i.uart_i.reg2hw\[78\],32.02µm
_00270_,31.97µm
_04749_,31.97µm
_05948_,31.97µm
_05968_,31.97µm
_06466_,31.97µm
_06631_,31.97µm
_08420_,31.97µm
_08767_,31.97µm
_10214_,31.97µm
_10819_,31.97µm
_10956_,31.97µm
_10985_,31.97µm
_11729_,31.97µm
_11890_,31.97µm
_12633_,31.97µm
_12846_,31.97µm
_12909_,31.97µm
_12947_,31.97µm
_13003_,31.97µm
_13942_,31.97µm
_14346_,31.97µm
_15211_,31.97µm
_15378_,31.97µm
_15680_,31.97µm
_16525_,31.97µm
_16634_,31.97µm
_17253_,31.97µm
_19127_,31.97µm
_19898_,31.97µm
_20369_,31.97µm
_20382_,31.97µm
_21763_,31.97µm
_22829_,31.97µm
_23825_,31.97µm
_24359_,31.97µm
_24403_,31.97µm
_25260_,31.97µm
_25270_,31.97µm
_25815_,31.97µm
_26541_,31.97µm
i_core_v_mini_mcu.ao_peripheral_subsystem_i.power_manager_i.power_manager_reg_top_i.cpu_switch_off_counter_qs\[13\],31.97µm
i_core_v_mini_mcu.ao_peripheral_subsystem_i.power_manager_i.power_manager_reg_top_i.cpu_switch_off_counter_qs\[7\],31.97µm
i_core_v_mini_mcu.ao_peripheral_subsystem_i.tdu_i.active_hart_cycles_q\[0\],31.97µm
i_core_v_mini_mcu.ao_peripheral_subsystem_i.tdu_i.task_mem\[1\]\[24\],31.97µm
i_core_v_mini_mcu.ao_peripheral_subsystem_i.tdu_i.task_mem\[2\]\[27\],31.97µm
i_core_v_mini_mcu.cpu_subsystem_i.cpu_0_0.i_servile.arbiter.i_wb_cpu_dbus_adr\[14\],31.97µm
i_core_v_mini_mcu.cpu_subsystem_i.cpu_0_0.i_servile.cpu.state.init_done,31.97µm
i_core_v_mini_mcu.cpu_subsystem_i.cpu_0_0.rf_ram_i.memory\[29\]\[1\],31.97µm
i_core_v_mini_mcu.cpu_subsystem_i.cpu_0_0.rf_ram_i.memory\[373\]\[0\],31.97µm
i_core_v_mini_mcu.cpu_subsystem_i.cpu_1_0.rf_ram_i.memory\[14\]\[0\],31.97µm
i_core_v_mini_mcu.cpu_subsystem_i.cpu_1_0.rf_ram_i.memory\[287\]\[0\],31.97µm
i_core_v_mini_mcu.cpu_subsystem_i.cpu_1_0.rf_ram_i.memory\[61\]\[0\],31.97µm
i_core_v_mini_mcu.memory_subsystem_i.ram0_i.tc_ram_i.sram\[11\]\[3\],31.97µm
i_core_v_mini_mcu.memory_subsystem_i.ram0_i.tc_ram_i.sram\[12\]\[7\],31.97µm
i_core_v_mini_mcu.memory_subsystem_i.ram0_i.tc_ram_i.sram\[1\]\[0\],31.97µm
i_core_v_mini_mcu.memory_subsystem_i.ram0_i.tc_ram_i.sram\[1\]\[16\],31.97µm
i_core_v_mini_mcu.memory_subsystem_i.ram0_i.tc_ram_i.sram\[23\]\[1\],31.97µm
i_core_v_mini_mcu.memory_subsystem_i.ram0_i.tc_ram_i.sram\[24\]\[12\],31.97µm
i_core_v_mini_mcu.memory_subsystem_i.ram0_i.tc_ram_i.sram\[26\]\[6\],31.97µm
i_core_v_mini_mcu.peripheral_subsystem_i.periph_to_reg_i.r_rdata_d\[24\],31.97µm
_03963_,31.92µm
_05248_,31.92µm
_05794_,31.92µm
_06749_,31.92µm
_06791_,31.92µm
_07530_,31.92µm
_08598_,31.92µm
_09056_,31.92µm
_10009_,31.92µm
_11664_,31.92µm
_11771_,31.92µm
_12286_,31.92µm
_13022_,31.92µm
_13379_,31.92µm
_17106_,31.92µm
_18420_,31.92µm
_18880_,31.92µm
_19907_,31.92µm
_20703_,31.92µm
_20938_,31.92µm
_21554_,31.92µm
_22960_,31.92µm
_23367_,31.92µm
_24391_,31.92µm
_24449_,31.92µm
_25931_,31.92µm
_27579_,31.92µm
_27813_,31.92µm
exit_value_int\[25\],31.92µm
i_core_v_mini_mcu.ao_peripheral_subsystem_i.obi_fifo_i.consumer_data_req_q\[66\],31.92µm
i_core_v_mini_mcu.ao_peripheral_subsystem_i.tdu_i.wake_mask_q\[0\],31.92µm
i_core_v_mini_mcu.cpu_subsystem_i.cpu_0_0.i_servile.cpu.state.cnt_r\[1\],31.92µm
i_core_v_mini_mcu.cpu_subsystem_i.cpu_0_0.rf_ram_i.memory\[138\]\[1\],31.92µm
i_core_v_mini_mcu.cpu_subsystem_i.cpu_0_0.rf_ram_i.memory\[62\]\[0\],31.92µm
i_core_v_mini_mcu.cpu_subsystem_i.cpu_1_0.i_servile.arbiter.i_wb_cpu_dbus_adr\[3\],31.92µm
i_core_v_mini_mcu.cpu_subsystem_i.cpu_1_0.rf_ram_i.memory\[329\]\[0\],31.92µm
i_core_v_mini_mcu.memory_subsystem_i.ram0_i.tc_ram_i.sram\[0\]\[29\],31.92µm
_15412_,31.79µm
status_o[3],31.78µm
_22901_,31.69µm
_17574_,31.61µm
_17663_,31.61µm
_17922_,31.61µm
_14703_,31.56µm
_14951_,31.56µm
_17585_,31.56µm
i_core_v_mini_mcu.ao_peripheral_subsystem_i.obi_fifo_i.consumer_data_req_q\[9\],31.56µm
_05833_,31.51µm
_09781_,31.51µm
_12023_,31.51µm
_14715_,31.51µm
_14794_,31.51µm
_15070_,31.51µm
_15294_,31.51µm
_15641_,31.51µm
_16018_,31.51µm
_16154_,31.51µm
_16244_,31.51µm
_17565_,31.51µm
_17597_,31.51µm
_17960_,31.51µm
_21129_,31.51µm
i_core_v_mini_mcu.cpu_subsystem_i.cpu_0_0.rf_ram_i.memory\[96\]\[0\],31.51µm
i_core_v_mini_mcu.memory_subsystem_i.ram0_i.tc_ram_i.sram\[25\]\[21\],31.51µm
i_core_v_mini_mcu.peripheral_subsystem_i.uart_i.uart_core.uart_tx.bit_cnt_q\[3\],31.51µm
_05611_,31.46µm
_05644_,31.46µm
_06040_,31.46µm
_08916_,31.46µm
_09418_,31.46µm
_09678_,31.46µm
_10362_,31.46µm
_11171_,31.46µm
_14936_,31.46µm
_15004_,31.46µm
_15094_,31.46µm
_15881_,31.46µm
_16418_,31.46µm
_16547_,31.46µm
_23890_,31.46µm
i_core_v_mini_mcu.cpu_subsystem_i.cpu_0_0.rf_ram_i.memory\[121\]\[1\],31.46µm
i_core_v_mini_mcu.cpu_subsystem_i.cpu_1_0.rf_ram_i.memory\[71\]\[1\],31.46µm
i_core_v_mini_mcu.memory_subsystem_i.ram0_i.tc_ram_i.sram\[11\]\[15\],31.46µm
i_core_v_mini_mcu.memory_subsystem_i.ram0_i.tc_ram_i.sram\[26\]\[10\],31.46µm
i_core_v_mini_mcu.memory_subsystem_i.ram0_i.tc_ram_i.sram\[2\]\[17\],31.46µm
_04221_,31.41µm
_04655_,31.41µm
_05723_,31.41µm
_06561_,31.41µm
_06759_,31.41µm
_06919_,31.41µm
_07101_,31.41µm
_07224_,31.41µm
_07402_,31.41µm
_07565_,31.41µm
_07882_,31.41µm
_08040_,31.41µm
_08110_,31.41µm
_08496_,31.41µm
_08619_,31.41µm
_09341_,31.41µm
_09707_,31.41µm
_09942_,31.41µm
_10298_,31.41µm
_10381_,31.41µm
_11421_,31.41µm
_12187_,31.41µm
_12831_,31.41µm
_13268_,31.41µm
_13820_,31.41µm
_14232_,31.41µm
_17267_,31.41µm
_19953_,31.41µm
_20372_,31.41µm
_20560_,31.41µm
_20944_,31.41µm
_22733_,31.41µm
_22796_,31.41µm
_23100_,31.41µm
_23174_,31.41µm
_23814_,31.41µm
_24689_,31.41µm
_24857_,31.41µm
_25763_,31.41µm
_26054_,31.41µm
_26196_,31.41µm
i_core_v_mini_mcu.ao_peripheral_subsystem_i.obi_fifo_i.consumer_data_req_q\[17\],31.41µm
i_core_v_mini_mcu.ao_peripheral_subsystem_i.power_manager_i.power_manager_reg_top_i.cpu_iso_off_counter_qs\[8\],31.41µm
i_core_v_mini_mcu.ao_peripheral_subsystem_i.power_manager_i.power_manager_reg_top_i.cpu_iso_on_counter_qs\[3\],31.41µm
i_core_v_mini_mcu.ao_peripheral_subsystem_i.power_manager_i.power_manager_sequence_periph_iso_i.sequence_curr_state\[4\],31.41µm
i_core_v_mini_mcu.ao_peripheral_subsystem_i.soc_ctrl_i.soc_ctrl_reg_top_i.system_frequency_hz_qs\[1\],31.41µm
i_core_v_mini_mcu.ao_peripheral_subsystem_i.tdu_i.cpi_est_q\[6\],31.41µm
i_core_v_mini_mcu.cpu_subsystem_i.cpu_0_0.rf_ram_i.memory\[14\]\[1\],31.41µm
i_core_v_mini_mcu.cpu_subsystem_i.cpu_0_0.rf_ram_i.memory\[175\]\[0\],31.41µm
i_core_v_mini_mcu.cpu_subsystem_i.cpu_0_0.rf_ram_i.memory\[192\]\[0\],31.41µm
i_core_v_mini_mcu.cpu_subsystem_i.cpu_0_0.rf_ram_i.memory\[474\]\[0\],31.41µm
i_core_v_mini_mcu.cpu_subsystem_i.cpu_0_0.rf_ram_i.memory\[476\]\[1\],31.41µm
i_core_v_mini_mcu.cpu_subsystem_i.cpu_0_0.rf_ram_i.memory\[532\]\[0\],31.41µm
i_core_v_mini_mcu.cpu_subsystem_i.cpu_0_0.rf_ram_i.memory\[535\]\[1\],31.41µm
i_core_v_mini_mcu.cpu_subsystem_i.cpu_1_0.i_servile.arbiter.i_wb_cpu_dbus_adr\[9\],31.41µm
i_core_v_mini_mcu.cpu_subsystem_i.cpu_1_0.rf_ram_i.memory\[150\]\[1\],31.41µm
i_core_v_mini_mcu.cpu_subsystem_i.cpu_1_0.rf_ram_i.memory\[265\]\[1\],31.41µm
i_core_v_mini_mcu.cpu_subsystem_i.cpu_1_0.rf_ram_i.memory\[30\]\[0\],31.41µm
i_core_v_mini_mcu.memory_subsystem_i.ram0_i.tc_ram_i.sram\[19\]\[29\],31.41µm
i_core_v_mini_mcu.system_bus_i.system_xbar_i.gen_xbar_NtoM.i_xbar.gen_outputs\[4\].gen_rr_arb_tree.i_rr_arb_tree.gen_arbiter.rr_q\[1\],31.41µm
_07428_,31.36µm
_07625_,31.36µm
_08659_,31.36µm
_08739_,31.36µm
_09964_,31.36µm
_10947_,31.36µm
_11463_,31.36µm
_12020_,31.36µm
_13307_,31.36µm
_13408_,31.36µm
_13450_,31.36µm
_13794_,31.36µm
_14257_,31.36µm
_14458_,31.36µm
_14612_,31.36µm
_14947_,31.36µm
_19496_,31.36µm
_20603_,31.36µm
_20715_,31.36µm
_22220_,31.36µm
_22337_,31.36µm
_23474_,31.36µm
_23958_,31.36µm
_24378_,31.36µm
_24697_,31.36µm
_24819_,31.36µm
_25101_,31.36µm
_25395_,31.36µm
_25542_,31.36µm
_25641_,31.36µm
_25666_,31.36µm
_26150_,31.36µm
_26680_,31.36µm
_26731_,31.36µm
_27115_,31.36µm
_27431_,31.36µm
_27506_,31.36µm
_27865_,31.36µm
_27990_,31.36µm
i_core_v_mini_mcu.ao_peripheral_subsystem_i.power_manager_i.cpu_powergate_counter_expired_iso_off,31.36µm
i_core_v_mini_mcu.ao_peripheral_subsystem_i.spi_subsystem_i.obi_spimemio_i.obi_to_picorv32_i.addr_buf\[13\],31.36µm
i_core_v_mini_mcu.ao_peripheral_subsystem_i.tdu_i.task_mem\[3\]\[12\],31.36µm
i_core_v_mini_mcu.cpu_subsystem_i.cpu_0_0.rf_ram_i.memory\[173\]\[0\],31.36µm
i_core_v_mini_mcu.cpu_subsystem_i.cpu_1_0.i_servile.cpu.immdec.gen_immdec_w_eq_1.imm30_25\[4\],31.36µm
i_core_v_mini_mcu.cpu_subsystem_i.cpu_1_0.rf_ram_i.memory\[133\]\[1\],31.36µm
i_core_v_mini_mcu.memory_subsystem_i.ram0_i.tc_ram_i.sram\[13\]\[28\],31.36µm
i_core_v_mini_mcu.memory_subsystem_i.ram0_i.tc_ram_i.sram\[1\]\[6\],31.36µm
i_core_v_mini_mcu.memory_subsystem_i.ram0_i.tc_ram_i.sram\[26\]\[8\],31.36µm
i_core_v_mini_mcu.memory_subsystem_i.ram0_i.tc_ram_i.sram\[5\]\[3\],31.36µm
i_core_v_mini_mcu.memory_subsystem_i.ram0_i.tc_ram_i.sram\[7\]\[6\],31.36µm
i_core_v_mini_mcu.peripheral_subsystem_i.periph_to_reg_i.r_rdata_d\[21\],31.36µm
i_core_v_mini_mcu.peripheral_subsystem_i.uart_i.uart_core.nco_sum_q\[0\],31.36µm
i_core_v_mini_mcu.peripheral_subsystem_i.uart_i.uart_core.nco_sum_q\[5\],31.36µm
spi_flash_cs_o,31.22µm
_26057_,31.08µm
_14588_,31.05µm
i_core_v_mini_mcu.ao_peripheral_subsystem_i.clint_mtime_o\[7\],31.05µm
_06522_,31µm
_14929_,31µm
_16732_,31µm
_17377_,31µm
_17978_,31µm
i_core_v_mini_mcu.ao_peripheral_subsystem_i.obi_fifo_i.consumer_data_req\[67\],31µm
_06195_,30.95µm
_06388_,30.95µm
_06908_,30.95µm
_09290_,30.95µm
_09320_,30.95µm
_14903_,30.95µm
_14987_,30.95µm
_15447_,30.95µm
_15459_,30.95µm
_15571_,30.95µm
_15897_,30.95µm
_16456_,30.95µm
_17318_,30.95µm
_18225_,30.95µm
i_core_v_mini_mcu.ao_peripheral_subsystem_i.mosaic_clint_i.mtimecmp_q\[72\],30.95µm
i_core_v_mini_mcu.cpu_subsystem_i.cpu_0_0.i_servile.arbiter.i_wb_cpu_dbus_adr\[7\],30.95µm
i_core_v_mini_mcu.cpu_subsystem_i.cpu_1_0.i_servile.arbiter.i_wb_cpu_dbus_adr\[13\],30.95µm
i_core_v_mini_mcu.cpu_subsystem_i.cpu_1_0.rf_ram_i.memory\[142\]\[1\],30.95µm
i_core_v_mini_mcu.cpu_subsystem_i.cpu_1_0.rf_ram_i.memory\[244\]\[0\],30.95µm
i_core_v_mini_mcu.peripheral_subsystem_i.periph_to_reg_i.r_rdata_d\[8\],30.95µm
i_core_v_mini_mcu.peripheral_subsystem_i.uart_i.reg2hw\[116\],30.95µm
i_core_v_mini_mcu.peripheral_subsystem_i.uart_i.uart_core.rx_timeout_count_q\[3\],30.95µm
_06583_,30.9µm
_07640_,30.9µm
_07972_,30.9µm
_09558_,30.9µm
_09844_,30.9µm
_11566_,30.9µm
_15418_,30.9µm
_15562_,30.9µm
_15900_,30.9µm
_16644_,30.9µm
_16659_,30.9µm
_16747_,30.9µm
_17077_,30.9µm
_17449_,30.9µm
_17457_,30.9µm
_17809_,30.9µm
_18152_,30.9µm
_20312_,30.9µm
_23398_,30.9µm
_26290_,30.9µm
_26934_,30.9µm
i_core_v_mini_mcu.ao_peripheral_subsystem_i.clint_mtime_o\[3\],30.9µm
i_core_v_mini_mcu.ao_peripheral_subsystem_i.obi_fifo_i.consumer_data_req_q\[43\],30.9µm
i_core_v_mini_mcu.ao_peripheral_subsystem_i.power_manager_i.cpu_powergate_counter_expired_reset_assert,30.9µm
i_core_v_mini_mcu.ao_peripheral_subsystem_i.spi_subsystem_i.obi_spimemio_i.obi_to_picorv32_i.addr_buf\[6\],30.9µm
i_core_v_mini_mcu.ao_peripheral_subsystem_i.spi_subsystem_i.obi_spimemio_i.spimemio_i.buffer\[15\],30.9µm
i_core_v_mini_mcu.cpu_subsystem_i.cpu_0_0.rf_ram_i.memory\[210\]\[0\],30.9µm
i_core_v_mini_mcu.cpu_subsystem_i.cpu_0_0.rf_ram_i.memory\[354\]\[1\],30.9µm
i_core_v_mini_mcu.cpu_subsystem_i.cpu_0_0.rf_ram_i.memory\[360\]\[0\],30.9µm
i_core_v_mini_mcu.cpu_subsystem_i.cpu_0_0.rf_ram_i.memory\[36\]\[0\],30.9µm
i_core_v_mini_mcu.cpu_subsystem_i.cpu_0_0.rf_ram_i.memory\[471\]\[1\],30.9µm
i_core_v_mini_mcu.cpu_subsystem_i.cpu_0_0.rf_ram_i.memory\[486\]\[0\],30.9µm
i_core_v_mini_mcu.cpu_subsystem_i.cpu_0_0.rf_ram_i.rdata\[0\],30.9µm
i_core_v_mini_mcu.cpu_subsystem_i.cpu_1_0.rf_ram_i.memory\[184\]\[0\],30.9µm
i_core_v_mini_mcu.cpu_subsystem_i.cpu_1_0.rf_ram_i.memory\[201\]\[0\],30.9µm
i_core_v_mini_mcu.cpu_subsystem_i.cpu_1_0.rf_ram_i.memory\[373\]\[0\],30.9µm
i_core_v_mini_mcu.cpu_subsystem_i.cpu_1_0.rf_ram_i.memory\[478\]\[1\],30.9µm
i_core_v_mini_mcu.memory_subsystem_i.ram0_i.tc_ram_i.sram\[9\]\[18\],30.9µm
i_core_v_mini_mcu.peripheral_subsystem_i.uart_i.reg2hw\[75\],30.9µm
_04028_,30.85µm
_05669_,30.85µm
_06884_,30.85µm
_07108_,30.85µm
_07375_,30.85µm
_07770_,30.85µm
_07885_,30.85µm
_08517_,30.85µm
_09241_,30.85µm
_10818_,30.85µm
_11115_,30.85µm
_11412_,30.85µm
_11902_,30.85µm
_11978_,30.85µm
_11982_,30.85µm
_12171_,30.85µm
_12201_,30.85µm
_12598_,30.85µm
_12809_,30.85µm
_13116_,30.85µm
_13323_,30.85µm
_14254_,30.85µm
_14576_,30.85µm
_14954_,30.85µm
_15766_,30.85µm
_15967_,30.85µm
_16428_,30.85µm
_17358_,30.85µm
_17549_,30.85µm
_18752_,30.85µm
_21023_,30.85µm
_21228_,30.85µm
_21403_,30.85µm
_22330_,30.85µm
_22502_,30.85µm
_23573_,30.85µm
_23823_,30.85µm
_24324_,30.85µm
_25567_,30.85µm
_25594_,30.85µm
_26383_,30.85µm
_27167_,30.85µm
_27332_,30.85µm
_27798_,30.85µm
i_core_v_mini_mcu.ao_peripheral_subsystem_i.obi_fifo_i.consumer_data_req_q\[62\],30.85µm
i_core_v_mini_mcu.ao_peripheral_subsystem_i.obi_fifo_i.consumer_resp_i\[2\],30.85µm
i_core_v_mini_mcu.ao_peripheral_subsystem_i.power_manager_i.power_manager_counter_sequence_cpu_reset_i.sequence_curr_state\[2\],30.85µm
i_core_v_mini_mcu.ao_peripheral_subsystem_i.spi_subsystem_i.obi_spimemio_i.obi_to_picorv32_i.picorv32_resp_i\[8\],30.85µm
i_core_v_mini_mcu.ao_peripheral_subsystem_i.tdu_i.cpi_est_q\[39\],30.85µm
i_core_v_mini_mcu.ao_peripheral_subsystem_i.tdu_i.cpi_est_q\[50\],30.85µm
i_core_v_mini_mcu.ao_peripheral_subsystem_i.tdu_i.cpi_est_q\[52\],30.85µm
i_core_v_mini_mcu.ao_peripheral_subsystem_i.tdu_i.task_mem\[6\]\[26\],30.85µm
i_core_v_mini_mcu.ao_peripheral_subsystem_i.tdu_i.task_mem\[7\]\[28\],30.85µm
i_core_v_mini_mcu.cpu_subsystem_i.cpu_0_0.rf_ram_i.memory\[209\]\[1\],30.85µm
i_core_v_mini_mcu.cpu_subsystem_i.cpu_0_0.rf_ram_i.memory\[226\]\[0\],30.85µm
i_core_v_mini_mcu.cpu_subsystem_i.cpu_0_0.rf_ram_i.memory\[252\]\[1\],30.85µm
i_core_v_mini_mcu.cpu_subsystem_i.cpu_0_0.rf_ram_i.memory\[396\]\[1\],30.85µm
i_core_v_mini_mcu.cpu_subsystem_i.cpu_1_0.rf_ram_i.memory\[105\]\[0\],30.85µm
i_core_v_mini_mcu.cpu_subsystem_i.cpu_1_0.rf_ram_i.memory\[35\]\[0\],30.85µm
i_core_v_mini_mcu.cpu_subsystem_i.cpu_1_0.rf_ram_i.memory\[377\]\[1\],30.85µm
i_core_v_mini_mcu.cpu_subsystem_i.cpu_1_0.rf_ram_i.memory\[382\]\[0\],30.85µm
i_core_v_mini_mcu.memory_subsystem_i.ram0_i.tc_ram_i.sram\[10\]\[22\],30.85µm
i_core_v_mini_mcu.memory_subsystem_i.ram0_i.tc_ram_i.sram\[15\]\[14\],30.85µm
i_core_v_mini_mcu.memory_subsystem_i.ram0_i.tc_ram_i.sram\[22\]\[11\],30.85µm
i_core_v_mini_mcu.memory_subsystem_i.ram0_i.tc_ram_i.sram\[31\]\[12\],30.85µm
i_core_v_mini_mcu.memory_subsystem_i.ram0_i.tc_ram_i.sram\[3\]\[18\],30.85µm
i_core_v_mini_mcu.peripheral_subsystem_i.obi_fifo_i.consumer_resp_i\[5\],30.85µm
i_core_v_mini_mcu.peripheral_subsystem_i.uart_i.hw2reg\[4\],30.85µm
i_core_v_mini_mcu.peripheral_subsystem_i.uart_i.reg2hw\[109\],30.85µm
i_core_v_mini_mcu.peripheral_subsystem_i.uart_i.reg2hw\[123\],30.85µm
i_core_v_mini_mcu.peripheral_subsystem_i.uart_i.uart_core.uart_rx.sreg_q\[6\],30.85µm
_03742_,30.8µm
_04029_,30.8µm
_04035_,30.8µm
_05930_,30.8µm
_06065_,30.8µm
_06607_,30.8µm
_06968_,30.8µm
_08123_,30.8µm
_08735_,30.8µm
_08801_,30.8µm
_08941_,30.8µm
_10747_,30.8µm
_11120_,30.8µm
_11531_,30.8µm
_12219_,30.8µm
_13798_,30.8µm
_14520_,30.8µm
_17056_,30.8µm
_17775_,30.8µm
_19416_,30.8µm
_19708_,30.8µm
_20037_,30.8µm
_20585_,30.8µm
_20639_,30.8µm
_21374_,30.8µm
_22711_,30.8µm
_23047_,30.8µm
_23076_,30.8µm
_23535_,30.8µm
_23552_,30.8µm
_23601_,30.8µm
_24756_,30.8µm
_25144_,30.8µm
_25226_,30.8µm
_25229_,30.8µm
_25560_,30.8µm
_25775_,30.8µm
_25808_,30.8µm
_25981_,30.8µm
_26348_,30.8µm
_26379_,30.8µm
_26967_,30.8µm
_27968_,30.8µm
i_core_v_mini_mcu.ao_peripheral_subsystem_i.obi_fifo_i.consumer_resp_i\[28\],30.8µm
i_core_v_mini_mcu.ao_peripheral_subsystem_i.power_manager_i.power_manager_reg_top_i.reg2hw\[220\],30.8µm
i_core_v_mini_mcu.ao_peripheral_subsystem_i.spi_subsystem_i.obi_spimemio_i.spimemio_i.buffer\[16\],30.8µm
i_core_v_mini_mcu.ao_peripheral_subsystem_i.tdu_i.task_mem\[6\]\[28\],30.8µm
i_core_v_mini_mcu.cpu_subsystem_i.cpu_0_0.rf_ram_i.memory\[122\]\[1\],30.8µm
i_core_v_mini_mcu.cpu_subsystem_i.cpu_0_0.rf_ram_i.memory\[187\]\[1\],30.8µm
i_core_v_mini_mcu.cpu_subsystem_i.cpu_0_0.rf_ram_i.memory\[233\]\[1\],30.8µm
i_core_v_mini_mcu.cpu_subsystem_i.cpu_0_0.rf_ram_i.memory\[269\]\[0\],30.8µm
i_core_v_mini_mcu.cpu_subsystem_i.cpu_0_0.rf_ram_i.memory\[356\]\[0\],30.8µm
i_core_v_mini_mcu.cpu_subsystem_i.cpu_0_0.rf_ram_i.memory\[70\]\[0\],30.8µm
i_core_v_mini_mcu.cpu_subsystem_i.cpu_1_0.rf_ram_i.memory\[13\]\[0\],30.8µm
i_core_v_mini_mcu.cpu_subsystem_i.cpu_1_0.rf_ram_i.memory\[231\]\[1\],30.8µm
i_core_v_mini_mcu.cpu_subsystem_i.cpu_1_0.rf_ram_i.memory\[307\]\[1\],30.8µm
i_core_v_mini_mcu.cpu_subsystem_i.cpu_1_0.rf_ram_i.memory\[490\]\[1\],30.8µm
i_core_v_mini_mcu.memory_subsystem_i.ram0_i.tc_ram_i.sram\[21\]\[12\],30.8µm
i_core_v_mini_mcu.memory_subsystem_i.ram0_i.tc_ram_i.sram\[3\]\[4\],30.8µm
_09740_,30.67µm
i_core_v_mini_mcu.ao_peripheral_subsystem_i.mosaic_clint_i.mtimecmp_q\[126\],30.62µm
i_core_v_mini_mcu.memory_subsystem_i.ram0_i.tc_ram_i.sram\[5\]\[5\],30.57µm
_11760_,30.52µm
_17015_,30.49µm
_05837_,30.44µm
_14650_,30.44µm
_14882_,30.44µm
_16015_,30.44µm
_16811_,30.44µm
_17350_,30.44µm
_18098_,30.44µm
_23442_,30.44µm
_06518_,30.39µm
_15314_,30.39µm
_16448_,30.39µm
_16729_,30.39µm
_22966_,30.39µm
_23368_,30.39µm
_23699_,30.39µm
i_core_v_mini_mcu.cpu_subsystem_i.cpu_1_0.i_servile.arbiter.i_wb_cpu_dbus_adr\[17\],30.39µm
i_core_v_mini_mcu.memory_subsystem_i.ram0_i.tc_ram_i.sram\[15\]\[10\],30.39µm
i_core_v_mini_mcu.peripheral_subsystem_i.uart_i.reg2hw\[110\],30.39µm
_05721_,30.34µm
_06549_,30.34µm
_07536_,30.34µm
_09166_,30.34µm
_09171_,30.34µm
_09610_,30.34µm
_10311_,30.34µm
_10857_,30.34µm
_11490_,30.34µm
_11557_,30.34µm
_14718_,30.34µm
_16224_,30.34µm
_16585_,30.34µm
_17634_,30.34µm
_21273_,30.34µm
_22085_,30.34µm
_22323_,30.34µm
_23733_,30.34µm
_25089_,30.34µm
_27330_,30.34µm
i_core_v_mini_mcu.ao_peripheral_subsystem_i.clint_mtime_o\[17\],30.34µm
i_core_v_mini_mcu.ao_peripheral_subsystem_i.mosaic_clint_i.mtimecmp_q\[50\],30.34µm
i_core_v_mini_mcu.ao_peripheral_subsystem_i.mosaic_clint_i.mtimecmp_q\[82\],30.34µm
i_core_v_mini_mcu.ao_peripheral_subsystem_i.obi_fifo_i.consumer_data_req\[8\],30.34µm
i_core_v_mini_mcu.ao_peripheral_subsystem_i.power_manager_i.power_manager_reg_top_i.intr_state_qs\[11\],30.34µm
i_core_v_mini_mcu.ao_peripheral_subsystem_i.power_manager_i.power_manager_reg_top_i.intr_state_qs\[1\],30.34µm
i_core_v_mini_mcu.ao_peripheral_subsystem_i.tdu_i.task_mem\[2\]\[15\],30.34µm
i_core_v_mini_mcu.cpu_subsystem_i.cpu_0_0.rf_ram_i.memory\[208\]\[0\],30.34µm
i_core_v_mini_mcu.cpu_subsystem_i.cpu_1_0.rf_ram_i.memory\[205\]\[1\],30.34µm
i_core_v_mini_mcu.cpu_subsystem_i.cpu_1_0.rf_ram_i.memory\[243\]\[1\],30.34µm
i_core_v_mini_mcu.cpu_subsystem_i.cpu_1_0.rf_ram_i.memory\[317\]\[0\],30.34µm
i_core_v_mini_mcu.cpu_subsystem_i.cpu_1_0.rf_ram_i.memory\[366\]\[0\],30.34µm
i_core_v_mini_mcu.cpu_subsystem_i.cpu_1_0.rf_ram_i.memory\[369\]\[0\],30.34µm
i_core_v_mini_mcu.memory_subsystem_i.ram0_i.tc_ram_i.sram\[12\]\[10\],30.34µm
i_core_v_mini_mcu.memory_subsystem_i.ram0_i.tc_ram_i.sram\[15\]\[7\],30.34µm
i_core_v_mini_mcu.peripheral_subsystem_i.uart_i.uart_core.rx_timeout_count_q\[12\],30.34µm
i_core_v_mini_mcu.peripheral_subsystem_i.uart_i.uart_core.uart_rx.bit_cnt_q\[3\],30.34µm
net1167,30.34µm
clknet_leaf_31_i_core_v_mini_mcu.peripheral_subsystem_i.clk_cg,30.34µm
_05716_,30.29µm
_05826_,30.29µm
_06332_,30.29µm
_06428_,30.29µm
_07360_,30.29µm
_07614_,30.29µm
_07825_,30.29µm
_08392_,30.29µm
_08711_,30.29µm
_08863_,30.29µm
_09152_,30.29µm
_09257_,30.29µm
_09596_,30.29µm
_09673_,30.29µm
_11188_,30.29µm
_11417_,30.29µm
_11428_,30.29µm
_11741_,30.29µm
_11923_,30.29µm
_12053_,30.29µm
_13500_,30.29µm
_15470_,30.29µm
_16742_,30.29µm
_17660_,30.29µm
_18373_,30.29µm
_19749_,30.29µm
_19952_,30.29µm
_20462_,30.29µm
_20563_,30.29µm
_22939_,30.29µm
_24072_,30.29µm
_25329_,30.29µm
_25526_,30.29µm
_25547_,30.29µm
_26193_,30.29µm
_26377_,30.29µm
_26440_,30.29µm
i_core_v_mini_mcu.ao_peripheral_subsystem_i.soc_ctrl_i.soc_ctrl_reg_top_i.system_frequency_hz_qs\[18\],30.29µm
i_core_v_mini_mcu.ao_peripheral_subsystem_i.spi_subsystem_i.obi_spimemio_i.spimemio_i.state\[7\],30.29µm
i_core_v_mini_mcu.ao_peripheral_subsystem_i.tdu_i.cpi_est_q\[10\],30.29µm
i_core_v_mini_mcu.ao_peripheral_subsystem_i.tdu_i.cpi_est_q\[24\],30.29µm
i_core_v_mini_mcu.ao_peripheral_subsystem_i.tdu_i.task_mem\[2\]\[10\],30.29µm
i_core_v_mini_mcu.cpu_subsystem_i.cpu_0_0.rf_ram_i.memory\[132\]\[1\],30.29µm
i_core_v_mini_mcu.cpu_subsystem_i.cpu_0_0.rf_ram_i.memory\[149\]\[1\],30.29µm
i_core_v_mini_mcu.cpu_subsystem_i.cpu_0_0.rf_ram_i.memory\[184\]\[0\],30.29µm
i_core_v_mini_mcu.cpu_subsystem_i.cpu_0_0.rf_ram_i.memory\[255\]\[0\],30.29µm
i_core_v_mini_mcu.cpu_subsystem_i.cpu_1_0.rf_ram_i.memory\[138\]\[1\],30.29µm
i_core_v_mini_mcu.cpu_subsystem_i.cpu_1_0.rf_ram_i.memory\[139\]\[1\],30.29µm
i_core_v_mini_mcu.cpu_subsystem_i.cpu_1_0.rf_ram_i.memory\[437\]\[1\],30.29µm
i_core_v_mini_mcu.cpu_subsystem_i.cpu_1_0.rf_ram_i.memory\[474\]\[1\],30.29µm
i_core_v_mini_mcu.cpu_subsystem_i.cpu_1_0.rf_ram_i.memory\[67\]\[0\],30.29µm
i_core_v_mini_mcu.memory_subsystem_i.ram0_i.tc_ram_i.sram\[0\]\[8\],30.29µm
i_core_v_mini_mcu.memory_subsystem_i.ram0_i.tc_ram_i.sram\[25\]\[26\],30.29µm
i_core_v_mini_mcu.memory_subsystem_i.ram0_i.tc_ram_i.sram\[3\]\[23\],30.29µm
i_core_v_mini_mcu.memory_subsystem_i.ram0_i.tc_ram_i.sram\[6\]\[10\],30.29µm
i_core_v_mini_mcu.memory_subsystem_i.ram0_i.tc_ram_i.sram\[6\]\[17\],30.29µm
i_core_v_mini_mcu.memory_subsystem_i.ram0_i.tc_ram_i.sram\[7\]\[5\],30.29µm
_00284_,30.24µm
_03724_,30.24µm
_04779_,30.24µm
_04926_,30.24µm
_05290_,30.24µm
_05494_,30.24µm
_06342_,30.24µm
_07291_,30.24µm
_07451_,30.24µm
_07879_,30.24µm
_08091_,30.24µm
_08365_,30.24µm
_08445_,30.24µm
_09469_,30.24µm
_09745_,30.24µm
_11222_,30.24µm
_11315_,30.24µm
_13109_,30.24µm
_13681_,30.24µm
_13827_,30.24µm
_14052_,30.24µm
_15194_,30.24µm
_15238_,30.24µm
_15948_,30.24µm
_17426_,30.24µm
_17959_,30.24µm
_18487_,30.24µm
_18609_,30.24µm
_18652_,30.24µm
_19549_,30.24µm
_20323_,30.24µm
_21461_,30.24µm
_23437_,30.24µm
_23893_,30.24µm
_24347_,30.24µm
_25171_,30.24µm
_25492_,30.24µm
_26113_,30.24µm
_26166_,30.24µm
_26460_,30.24µm
_27056_,30.24µm
_27357_,30.24µm
_27539_,30.24µm
_27623_,30.24µm
_27682_,30.24µm
_27775_,30.24µm
i_core_v_mini_mcu.ao_peripheral_subsystem_i.obi_fifo_i.consumer_data_req_q\[68\],30.24µm
i_core_v_mini_mcu.cpu_subsystem_i.cpu_0_0.rf_ram_i.memory\[468\]\[0\],30.24µm
i_core_v_mini_mcu.cpu_subsystem_i.cpu_1_0.rf_ram_i.memory\[270\]\[1\],30.24µm
i_core_v_mini_mcu.cpu_subsystem_i.cpu_1_0.rf_ram_i.memory\[463\]\[0\],30.24µm
i_core_v_mini_mcu.cpu_subsystem_i.cpu_1_0.rf_ram_i.memory\[488\]\[0\],30.24µm
i_core_v_mini_mcu.memory_subsystem_i.ram0_i.tc_ram_i.sram\[0\]\[10\],30.24µm
i_core_v_mini_mcu.memory_subsystem_i.ram0_i.tc_ram_i.sram\[17\]\[19\],30.24µm
i_core_v_mini_mcu.memory_subsystem_i.ram0_i.tc_ram_i.sram\[22\]\[0\],30.24µm
i_core_v_mini_mcu.memory_subsystem_i.ram0_i.tc_ram_i.sram\[5\]\[1\],30.24µm
i_core_v_mini_mcu.memory_subsystem_i.ram0_i.tc_ram_i.sram\[7\]\[21\],30.24µm
i_core_v_mini_mcu.ao_peripheral_subsystem_i.tdu_i.task_mem\[4\]\[25\],30.06µm
_17571_,29.93µm
_22436_,29.93µm
_22462_,29.93µm
_14543_,29.88µm
_15087_,29.88µm
_15829_,29.88µm
_16204_,29.88µm
_16921_,29.88µm
_18136_,29.88µm
i_core_v_mini_mcu.cpu_subsystem_i.cpu_1_0.i_servile.cpu.state.o_cnt\[2\],29.88µm
_07374_,29.83µm
_10842_,29.83µm
_14808_,29.83µm
_16115_,29.83µm
_16462_,29.83µm
_17169_,29.83µm
_18004_,29.83µm
_18067_,29.83µm
_23693_,29.83µm
_23829_,29.83µm
i_core_v_mini_mcu.ao_peripheral_subsystem_i.obi_fifo_i.consumer_data_req\[52\],29.83µm
i_core_v_mini_mcu.core_data_req\[12\],29.83µm
i_core_v_mini_mcu.cpu_subsystem_i.cpu_0_0.rf_ram_i.memory\[315\]\[1\],29.83µm
i_core_v_mini_mcu.cpu_subsystem_i.cpu_0_0.rf_ram_i.memory\[415\]\[1\],29.83µm
i_core_v_mini_mcu.memory_subsystem_i.ram0_i.tc_ram_i.sram\[12\]\[23\],29.83µm
i_core_v_mini_mcu.peripheral_subsystem_i.periph_to_reg_i.r_rdata_d\[10\],29.83µm
_08588_,29.78µm
_09048_,29.78µm
_09265_,29.78µm
_09669_,29.78µm
_11996_,29.78µm
_12018_,29.78µm
_15056_,29.78µm
_16286_,29.78µm
_17380_,29.78µm
_23854_,29.78µm
_25534_,29.78µm
i_core_v_mini_mcu.ao_peripheral_subsystem_i.obi_fifo_i.consumer_resp_i\[25\],29.78µm
i_core_v_mini_mcu.ao_peripheral_subsystem_i.power_manager_i.power_manager_reg_top_i.en_wait_for_intr_qs\[4\],29.78µm
i_core_v_mini_mcu.cpu_subsystem_i.cpu_0_0.rf_ram_i.memory\[103\]\[0\],29.78µm
i_core_v_mini_mcu.cpu_subsystem_i.cpu_0_0.rf_ram_i.memory\[232\]\[0\],29.78µm
i_core_v_mini_mcu.cpu_subsystem_i.cpu_0_0.rf_ram_i.memory\[249\]\[0\],29.78µm
i_core_v_mini_mcu.cpu_subsystem_i.cpu_0_0.rf_ram_i.memory\[353\]\[1\],29.78µm
i_core_v_mini_mcu.cpu_subsystem_i.cpu_1_0.rf_ram_i.memory\[253\]\[1\],29.78µm
i_core_v_mini_mcu.cpu_subsystem_i.cpu_1_0.rf_ram_i.memory\[294\]\[0\],29.78µm
i_core_v_mini_mcu.cpu_subsystem_i.cpu_1_0.rf_ram_i.memory\[436\]\[0\],29.78µm
i_core_v_mini_mcu.cpu_subsystem_i.cpu_1_0.rf_ram_i.memory\[476\]\[0\],29.78µm
i_core_v_mini_mcu.memory_subsystem_i.ram0_i.tc_ram_i.sram\[17\]\[2\],29.78µm
i_core_v_mini_mcu.memory_subsystem_i.ram0_i.tc_ram_i.sram\[30\]\[16\],29.78µm
_03744_,29.73µm
_04130_,29.73µm
_04933_,29.73µm
_05560_,29.73µm
_06084_,29.73µm
_06435_,29.73µm
_06479_,29.73µm
_07352_,29.73µm
_07929_,29.73µm
_08039_,29.73µm
_09431_,29.73µm
_10037_,29.73µm
_10155_,29.73µm
_11860_,29.73µm
_11946_,29.73µm
_11963_,29.73µm
_12077_,29.73µm
_12125_,29.73µm
_12228_,29.73µm
_12321_,29.73µm
_12692_,29.73µm
_13182_,29.73µm
_13516_,29.73µm
_15022_,29.73µm
_15637_,29.73µm
_16120_,29.73µm
_16558_,29.73µm
_17474_,29.73µm
_19298_,29.73µm
_19911_,29.73µm
_22193_,29.73µm
_23172_,29.73µm
_24651_,29.73µm
_24732_,29.73µm
_24949_,29.73µm
_25529_,29.73µm
_26230_,29.73µm
_26344_,29.73µm
_26833_,29.73µm
_27569_,29.73µm
_27673_,29.73µm
_27899_,29.73µm
_28044_,29.73µm
i_core_v_mini_mcu.ao_peripheral_subsystem_i.obi_fifo_i.consumer_resp_i\[17\],29.73µm
i_core_v_mini_mcu.ao_peripheral_subsystem_i.power_manager_i.power_manager_reg_top_i.cpu_iso_off_counter_qs\[9\],29.73µm
i_core_v_mini_mcu.ao_peripheral_subsystem_i.power_manager_i.power_manager_reg_top_i.cpu_reset_assert_counter_qs\[0\],29.73µm
i_core_v_mini_mcu.ao_peripheral_subsystem_i.power_manager_i.power_manager_reg_top_i.reg2hw\[252\],29.73µm
i_core_v_mini_mcu.ao_peripheral_subsystem_i.soc_ctrl_i.soc_ctrl_reg_top_i.system_frequency_hz_qs\[25\],29.73µm
i_core_v_mini_mcu.cpu_subsystem_i.cpu_0_0.i_servile.cpu.ctrl.i_jump,29.73µm
i_core_v_mini_mcu.cpu_subsystem_i.cpu_0_0.i_servile.cpu.decode.o_immdec_ctrl\[1\],29.73µm
i_core_v_mini_mcu.cpu_subsystem_i.cpu_0_0.rf_ram_i.memory\[102\]\[1\],29.73µm
i_core_v_mini_mcu.cpu_subsystem_i.cpu_0_0.rf_ram_i.memory\[132\]\[0\],29.73µm
i_core_v_mini_mcu.cpu_subsystem_i.cpu_0_0.rf_ram_i.memory\[367\]\[1\],29.73µm
i_core_v_mini_mcu.cpu_subsystem_i.cpu_0_0.rf_ram_i.memory\[387\]\[1\],29.73µm
i_core_v_mini_mcu.cpu_subsystem_i.cpu_0_0.rf_ram_i.memory\[69\]\[1\],29.73µm
i_core_v_mini_mcu.cpu_subsystem_i.cpu_1_0.i_servile.cpu.immdec.gen_immdec_w_eq_1.imm30_25\[2\],29.73µm
i_core_v_mini_mcu.cpu_subsystem_i.cpu_1_0.rf_ram_i.memory\[127\]\[1\],29.73µm
i_core_v_mini_mcu.cpu_subsystem_i.cpu_1_0.rf_ram_i.memory\[365\]\[0\],29.73µm
i_core_v_mini_mcu.cpu_subsystem_i.cpu_1_0.rf_ram_i.memory\[376\]\[1\],29.73µm
i_core_v_mini_mcu.memory_subsystem_i.ram0_i.tc_ram_i.sram\[14\]\[1\],29.73µm
i_core_v_mini_mcu.memory_subsystem_i.ram0_i.tc_ram_i.sram\[18\]\[16\],29.73µm
i_core_v_mini_mcu.memory_subsystem_i.ram0_i.tc_ram_i.sram\[20\]\[2\],29.73µm
i_core_v_mini_mcu.memory_subsystem_i.ram0_i.tc_ram_i.sram\[21\]\[17\],29.73µm
i_core_v_mini_mcu.memory_subsystem_i.ram0_i.tc_ram_i.sram\[7\]\[15\],29.73µm
i_core_v_mini_mcu.peripheral_subsystem_i.obi_fifo_i.consumer_data_req\[9\],29.73µm
i_core_v_mini_mcu.peripheral_subsystem_i.periph_to_reg_i.r_rdata_d\[13\],29.73µm
i_core_v_mini_mcu.peripheral_subsystem_i.uart_i.uart_core.rx_timeout_count_q\[22\],29.73µm
_06206_,29.68µm
_06417_,29.68µm
_06988_,29.68µm
_07129_,29.68µm
_08048_,29.68µm
_12608_,29.68µm
_12675_,29.68µm
_13815_,29.68µm
_14106_,29.68µm
_14869_,29.68µm
_14897_,29.68µm
_15732_,29.68µm
_16495_,29.68µm
_16508_,29.68µm
_17393_,29.68µm
_18485_,29.68µm
_20494_,29.68µm
_21318_,29.68µm
_22201_,29.68µm
_24005_,29.68µm
_24487_,29.68µm
_25577_,29.68µm
_26375_,29.68µm
_26811_,29.68µm
_27040_,29.68µm
_27110_,29.68µm
_27289_,29.68µm
_27566_,29.68µm
i_core_v_mini_mcu.ao_peripheral_subsystem_i.spi_subsystem_i.obi_spimemio_i.obi_to_picorv32_i.picorv32_resp_i\[25\],29.68µm
i_core_v_mini_mcu.ao_peripheral_subsystem_i.spi_subsystem_i.obi_spimemio_i.spimemio_i.buffer\[2\],29.68µm
i_core_v_mini_mcu.ao_peripheral_subsystem_i.spi_subsystem_i.obi_spimemio_i.spimemio_i.rd_addr\[20\],29.68µm
i_core_v_mini_mcu.ao_peripheral_subsystem_i.tdu_i.task_mem\[2\]\[31\],29.68µm
i_core_v_mini_mcu.cpu_subsystem_i.cpu_0_0.rf_ram_i.memory\[209\]\[0\],29.68µm
i_core_v_mini_mcu.cpu_subsystem_i.cpu_0_0.rf_ram_i.memory\[24\]\[1\],29.68µm
i_core_v_mini_mcu.cpu_subsystem_i.cpu_0_0.rf_ram_i.memory\[316\]\[1\],29.68µm
i_core_v_mini_mcu.cpu_subsystem_i.cpu_0_0.rf_ram_i.memory\[570\]\[1\],29.68µm
i_core_v_mini_mcu.memory_subsystem_i.ram0_i.tc_ram_i.sram\[22\]\[7\],29.68µm
i_core_v_mini_mcu.memory_subsystem_i.ram0_i.tc_ram_i.sram\[28\]\[4\],29.68µm
i_core_v_mini_mcu.peripheral_subsystem_i.obi_fifo_i.consumer_data_req_q\[18\],29.68µm
net944,29.68µm
i_core_v_mini_mcu.memory_subsystem_i.ram0_i.tc_ram_i.sram\[10\]\[25\],29.45µm
_26282_,29.4µm
i_core_v_mini_mcu.memory_subsystem_i.ram0_i.tc_ram_i.sram\[4\]\[10\],29.4µm
_09260_,29.37µm
_15073_,29.37µm
_15859_,29.37µm
_14697_,29.32µm
_14837_,29.32µm
_17914_,29.32µm
_05415_,29.27µm
_13769_,29.27µm
_14559_,29.27µm
_15498_,29.27µm
_15617_,29.27µm
_16527_,29.27µm
_16943_,29.27µm
_17328_,29.27µm
_17341_,29.27µm
_17505_,29.27µm
_17772_,29.27µm
i_core_v_mini_mcu.cpu_subsystem_i.cpu_0_0.rf_ram_i.memory\[207\]\[1\],29.27µm
i_core_v_mini_mcu.memory_subsystem_i.ram0_i.tc_ram_i.sram\[12\]\[3\],29.27µm
i_core_v_mini_mcu.system_bus_i.system_xbar_i.gen_xbar_NtoM.i_xbar.gen_inputs\[3\].i_addr_dec_resp_mux.valid_inflight_q,29.27µm
_05427_,29.22µm
_06234_,29.22µm
_06512_,29.22µm
_08949_,29.22µm
_08997_,29.22µm
_12267_,29.22µm
_13288_,29.22µm
_16166_,29.22µm
_16253_,29.22µm
_17594_,29.22µm
_18014_,29.22µm
_18218_,29.22µm
_20122_,29.22µm
_21660_,29.22µm
_21823_,29.22µm
_23745_,29.22µm
_24527_,29.22µm
_26796_,29.22µm
_27361_,29.22µm
i_core_v_mini_mcu.ao_peripheral_subsystem_i.obi_fifo_i.consumer_data_req_q\[31\],29.22µm
i_core_v_mini_mcu.ao_peripheral_subsystem_i.power_manager_i.power_manager_sequence_periph_switch_i.sequence_curr_state\[3\],29.22µm
i_core_v_mini_mcu.ao_peripheral_subsystem_i.soc_ctrl_i.reg2hw\[5\],29.22µm
i_core_v_mini_mcu.ao_peripheral_subsystem_i.tdu_i.task_mem\[4\]\[12\],29.22µm
i_core_v_mini_mcu.cpu_subsystem_i.cpu_0_0.rf_ram_i.memory\[100\]\[1\],29.22µm
i_core_v_mini_mcu.cpu_subsystem_i.cpu_0_0.rf_ram_i.memory\[112\]\[1\],29.22µm
i_core_v_mini_mcu.cpu_subsystem_i.cpu_0_0.rf_ram_i.memory\[142\]\[1\],29.22µm
i_core_v_mini_mcu.cpu_subsystem_i.cpu_0_0.rf_ram_i.memory\[203\]\[0\],29.22µm
i_core_v_mini_mcu.cpu_subsystem_i.cpu_1_0.rf_ram_i.memory\[11\]\[0\],29.22µm
i_core_v_mini_mcu.cpu_subsystem_i.cpu_1_0.rf_ram_i.memory\[152\]\[0\],29.22µm
i_core_v_mini_mcu.cpu_subsystem_i.cpu_1_0.rf_ram_i.memory\[480\]\[1\],29.22µm
i_core_v_mini_mcu.memory_subsystem_i.ram0_i.tc_ram_i.sram\[25\]\[15\],29.22µm
i_core_v_mini_mcu.memory_subsystem_i.ram0_i.tc_ram_i.sram\[27\]\[7\],29.22µm
i_core_v_mini_mcu.memory_subsystem_i.ram0_i.tc_ram_i.sram\[6\]\[12\],29.22µm
i_core_v_mini_mcu.peripheral_subsystem_i.obi_fifo_i.consumer_data_req_q\[7\],29.22µm
i_core_v_mini_mcu.peripheral_subsystem_i.uart_i.reg2hw\[84\],29.22µm
i_core_v_mini_mcu.peripheral_subsystem_i.uart_i.reg2hw\[90\],29.22µm
i_core_v_mini_mcu.peripheral_subsystem_i.uart_i.uart_core.uart_rx.baud_div_q\[3\],29.22µm
clknet_leaf_12_i_core_v_mini_mcu.peripheral_subsystem_i.clk_cg,29.22µm
_03912_,29.17µm
_04833_,29.17µm
_06705_,29.17µm
_06821_,29.17µm
_07437_,29.17µm
_08327_,29.17µm
_08570_,29.17µm
_09104_,29.17µm
_09276_,29.17µm
_09731_,29.17µm
_09741_,29.17µm
_09923_,29.17µm
_10682_,29.17µm
_10796_,29.17µm
_11037_,29.17µm
_11376_,29.17µm
_12714_,29.17µm
_13576_,29.17µm
_14363_,29.17µm
_14382_,29.17µm
_14699_,29.17µm
_16554_,29.17µm
_16863_,29.17µm
_17073_,29.17µm
_17127_,29.17µm
_17694_,29.17µm
_19785_,29.17µm
_22228_,29.17µm
_22626_,29.17µm
_23216_,29.17µm
_23353_,29.17µm
_23588_,29.17µm
_24489_,29.17µm
_25761_,29.17µm
_25906_,29.17µm
_26866_,29.17µm
_27249_,29.17µm
_27779_,29.17µm
i_core_v_mini_mcu.ao_peripheral_subsystem_i.obi_fifo_i.consumer_resp_i\[4\],29.17µm
i_core_v_mini_mcu.ao_peripheral_subsystem_i.soc_ctrl_i.reg2hw\[23\],29.17µm
i_core_v_mini_mcu.cpu_subsystem_i.cpu_0_0.i_servile.cpu.decode.o_rd_alu_en,29.17µm
i_core_v_mini_mcu.cpu_subsystem_i.cpu_0_0.i_servile.cpu.gen_align.align.ibus_rdt_concat\[8\],29.17µm
i_core_v_mini_mcu.cpu_subsystem_i.cpu_0_0.rf_ram_i.memory\[179\]\[1\],29.17µm
i_core_v_mini_mcu.cpu_subsystem_i.cpu_0_0.rf_ram_i.memory\[291\]\[0\],29.17µm
i_core_v_mini_mcu.cpu_subsystem_i.cpu_0_0.rf_ram_i.memory\[364\]\[1\],29.17µm
i_core_v_mini_mcu.cpu_subsystem_i.cpu_0_0.rf_ram_i.memory\[456\]\[1\],29.17µm
i_core_v_mini_mcu.cpu_subsystem_i.cpu_1_0.rf_ram_i.memory\[11\]\[1\],29.17µm
i_core_v_mini_mcu.cpu_subsystem_i.cpu_1_0.rf_ram_i.memory\[121\]\[0\],29.17µm
i_core_v_mini_mcu.cpu_subsystem_i.cpu_1_0.rf_ram_i.memory\[326\]\[1\],29.17µm
i_core_v_mini_mcu.cpu_subsystem_i.cpu_1_0.rf_ram_i.memory\[507\]\[1\],29.17µm
i_core_v_mini_mcu.cpu_subsystem_i.cpu_1_0.rf_ram_i.memory\[50\]\[0\],29.17µm
i_core_v_mini_mcu.cpu_subsystem_i.cpu_1_0.rf_ram_i.memory\[94\]\[1\],29.17µm
i_core_v_mini_mcu.memory_subsystem_i.ram0_i.tc_ram_i.sram\[29\]\[11\],29.17µm
i_core_v_mini_mcu.memory_subsystem_i.ram0_i.tc_ram_i.sram\[6\]\[1\],29.17µm
i_core_v_mini_mcu.memory_subsystem_i.ram0_i.tc_ram_i.sram\[6\]\[23\],29.17µm
i_core_v_mini_mcu.peripheral_subsystem_i.obi_fifo_i.consumer_resp_i\[0\],29.17µm
i_core_v_mini_mcu.peripheral_subsystem_i.uart_i.uart_core.nco_sum_q\[10\],29.17µm
i_core_v_mini_mcu.peripheral_subsystem_i.uart_i.uart_core.u_uart_txfifo.gen_normal_fifo.storage\[13\],29.17µm
_00030_,29.12µm
_03893_,29.12µm
_03952_,29.12µm
_03992_,29.12µm
_04791_,29.12µm
_04855_,29.12µm
_05708_,29.12µm
_06563_,29.12µm
_06784_,29.12µm
_07348_,29.12µm
_08137_,29.12µm
_08166_,29.12µm
_08207_,29.12µm
_08275_,29.12µm
_08443_,29.12µm
_08852_,29.12µm
_09486_,29.12µm
_09770_,29.12µm
_10004_,29.12µm
_10712_,29.12µm
_11441_,29.12µm
_11632_,29.12µm
_12003_,29.12µm
_13716_,29.12µm
_13905_,29.12µm
_14261_,29.12µm
_14417_,29.12µm
_14910_,29.12µm
_15743_,29.12µm
_16599_,29.12µm
_16845_,29.12µm
_17735_,29.12µm
_18688_,29.12µm
_19973_,29.12µm
_20121_,29.12µm
_21207_,29.12µm
_23260_,29.12µm
_26201_,29.12µm
_26659_,29.12µm
_26933_,29.12µm
_27188_,29.12µm
_27988_,29.12µm
i_core_v_mini_mcu.ao_peripheral_subsystem_i.mosaic_clint_i.mtimecmp_q\[111\],29.12µm
i_core_v_mini_mcu.cpu_subsystem_i.cpu_0_0.rf_ram_i.memory\[62\]\[1\],29.12µm
i_core_v_mini_mcu.cpu_subsystem_i.cpu_1_0.rf_ram_i.memory\[168\]\[0\],29.12µm
i_core_v_mini_mcu.cpu_subsystem_i.cpu_1_0.rf_ram_i.memory\[180\]\[1\],29.12µm
i_core_v_mini_mcu.memory_subsystem_i.ram0_i.tc_ram_i.sram\[25\]\[11\],29.12µm
i_core_v_mini_mcu.memory_subsystem_i.ram0_i.tc_ram_i.sram\[25\]\[14\],29.12µm
i_core_v_mini_mcu.memory_subsystem_i.ram0_i.tc_ram_i.sram\[25\]\[20\],29.12µm
i_core_v_mini_mcu.memory_subsystem_i.ram0_i.tc_ram_i.sram\[29\]\[12\],29.12µm
i_core_v_mini_mcu.peripheral_subsystem_i.obi_fifo_i.consumer_data_req\[3\],29.12µm
status_valid_o,28.98µm
_17848_,28.81µm
_08959_,28.76µm
_09785_,28.76µm
_15536_,28.76µm
_15994_,28.76µm
_16715_,28.76µm
_17562_,28.76µm
_22087_,28.76µm
_05576_,28.71µm
_05616_,28.71µm
_08632_,28.71µm
_09008_,28.71µm
_14390_,28.71µm
_15284_,28.71µm
_15981_,28.71µm
i_core_v_mini_mcu.ao_peripheral_subsystem_i.power_manager_i.power_manager_reg_top_i.cpu_switch_on_counter_qs\[10\],28.71µm
i_core_v_mini_mcu.cpu_subsystem_i.cpu_0_0.i_servile.cpu.ctrl.o_ibus_adr\[28\],28.71µm
i_core_v_mini_mcu.cpu_subsystem_i.cpu_0_0.i_servile.cpu.immdec.gen_immdec_w_eq_1.imm24_20\[2\],28.71µm
i_core_v_mini_mcu.cpu_subsystem_i.cpu_0_0.rf_ram_i.memory\[268\]\[0\],28.71µm
i_core_v_mini_mcu.cpu_subsystem_i.cpu_0_0.rf_ram_i.memory\[413\]\[0\],28.71µm
i_core_v_mini_mcu.cpu_subsystem_i.cpu_1_0.rf_ram_i.memory\[189\]\[0\],28.71µm
i_core_v_mini_mcu.cpu_subsystem_i.cpu_1_0.rf_ram_i.memory\[472\]\[1\],28.71µm
i_core_v_mini_mcu.memory_subsystem_i.ram0_i.tc_ram_i.sram\[12\]\[0\],28.71µm
i_core_v_mini_mcu.system_bus_i.system_xbar_i.gen_xbar_NtoM.i_xbar.gen_inputs\[1\].i_addr_dec_resp_mux.valid_inflight_q,28.71µm
clknet_leaf_19_i_core_v_mini_mcu.peripheral_subsystem_i.clk_cg,28.71µm
_05649_,28.66µm
_06521_,28.66µm
_07849_,28.66µm
_08842_,28.66µm
_09369_,28.66µm
_12817_,28.66µm
_16331_,28.66µm
_16698_,28.66µm
_16997_,28.66µm
_17009_,28.66µm
_17544_,28.66µm
_20539_,28.66µm
_20948_,28.66µm
_22900_,28.66µm
_23078_,28.66µm
_23894_,28.66µm
_24634_,28.66µm
_25504_,28.66µm
_26015_,28.66µm
_27530_,28.66µm
i_core_v_mini_mcu.ao_peripheral_subsystem_i.soc_ctrl_i.reg2hw\[19\],28.66µm
i_core_v_mini_mcu.ao_peripheral_subsystem_i.spi_subsystem_i.obi_spimemio_i.spimemio_i.xfer.obuffer\[2\],28.66µm
i_core_v_mini_mcu.ao_peripheral_subsystem_i.tdu_i.task_mem\[3\]\[29\],28.66µm
i_core_v_mini_mcu.ao_peripheral_subsystem_i.tdu_i.task_mem\[6\]\[20\],28.66µm
i_core_v_mini_mcu.cpu_subsystem_i.cpu_0_0.i_servile.arbiter.i_wb_cpu_dbus_adr\[12\],28.66µm
i_core_v_mini_mcu.cpu_subsystem_i.cpu_0_0.rf_ram_i.memory\[140\]\[0\],28.66µm
i_core_v_mini_mcu.cpu_subsystem_i.cpu_0_0.rf_ram_i.memory\[389\]\[1\],28.66µm
i_core_v_mini_mcu.cpu_subsystem_i.cpu_0_0.rf_ram_i.memory\[508\]\[0\],28.66µm
i_core_v_mini_mcu.cpu_subsystem_i.cpu_1_0.rf_ram_i.memory\[449\]\[0\],28.66µm
i_core_v_mini_mcu.cpu_subsystem_i.cpu_1_0.rf_ram_i.memory\[58\]\[1\],28.66µm
i_core_v_mini_mcu.cpu_subsystem_i.cpu_1_0.rf_ram_i.memory\[8\]\[0\],28.66µm
i_core_v_mini_mcu.memory_subsystem_i.ram0_i.tc_ram_i.sram\[27\]\[11\],28.66µm
i_core_v_mini_mcu.peripheral_subsystem_i.uart_i.uart_core.rx_tick_baud,28.66µm
_00372_,28.61µm
_05434_,28.61µm
_06039_,28.61µm
_06142_,28.61µm
_06432_,28.61µm
_07607_,28.61µm
_07916_,28.61µm
_07966_,28.61µm
_08266_,28.61µm
_08612_,28.61µm
_09251_,28.61µm
_09360_,28.61µm
_09670_,28.61µm
_09865_,28.61µm
_10051_,28.61µm
_10140_,28.61µm
_10821_,28.61µm
_11016_,28.61µm
_11510_,28.61µm
_11885_,28.61µm
_12859_,28.61µm
_13034_,28.61µm
_13215_,28.61µm
_13317_,28.61µm
_13845_,28.61µm
_15206_,28.61µm
_15490_,28.61µm
_15695_,28.61µm
_16329_,28.61µm
_16555_,28.61µm
_17539_,28.61µm
_18265_,28.61µm
_18784_,28.61µm
_20186_,28.61µm
_22433_,28.61µm
_23055_,28.61µm
_23582_,28.61µm
_24267_,28.61µm
_24696_,28.61µm
_24719_,28.61µm
_24769_,28.61µm
_25003_,28.61µm
_25518_,28.61µm
_26633_,28.61µm
_26693_,28.61µm
_27078_,28.61µm
_27524_,28.61µm
_27889_,28.61µm
_28095_,28.61µm
i_core_v_mini_mcu.ao_peripheral_subsystem_i.mosaic_clint_i.mtimecmp_q\[86\],28.61µm
i_core_v_mini_mcu.ao_peripheral_subsystem_i.tdu_i.cpi_est_q\[16\],28.61µm
i_core_v_mini_mcu.ao_peripheral_subsystem_i.tdu_i.cpi_est_q\[38\],28.61µm
i_core_v_mini_mcu.ao_peripheral_subsystem_i.tdu_i.task_mem\[0\]\[12\],28.61µm
i_core_v_mini_mcu.cpu_subsystem_i.cpu_0_0.i_servile.cpu.ctrl.o_ibus_adr\[30\],28.61µm
i_core_v_mini_mcu.cpu_subsystem_i.cpu_0_0.rf_ram_i.memory\[100\]\[0\],28.61µm
i_core_v_mini_mcu.cpu_subsystem_i.cpu_0_0.rf_ram_i.memory\[145\]\[1\],28.61µm
i_core_v_mini_mcu.cpu_subsystem_i.cpu_0_0.rf_ram_i.memory\[302\]\[1\],28.61µm
i_core_v_mini_mcu.cpu_subsystem_i.cpu_0_0.rf_ram_i.memory\[443\]\[0\],28.61µm
i_core_v_mini_mcu.cpu_subsystem_i.cpu_1_0.rf_ram_i.memory\[100\]\[1\],28.61µm
i_core_v_mini_mcu.cpu_subsystem_i.cpu_1_0.rf_ram_i.memory\[393\]\[0\],28.61µm
i_core_v_mini_mcu.cpu_subsystem_i.cpu_1_0.rf_ram_i.memory\[468\]\[0\],28.61µm
i_core_v_mini_mcu.cpu_subsystem_i.cpu_1_0.rf_ram_i.memory\[498\]\[0\],28.61µm
i_core_v_mini_mcu.memory_subsystem_i.ram0_i.tc_ram_i.sram\[11\]\[2\],28.61µm
i_core_v_mini_mcu.memory_subsystem_i.ram0_i.tc_ram_i.sram\[13\]\[11\],28.61µm
i_core_v_mini_mcu.memory_subsystem_i.ram0_i.tc_ram_i.sram\[16\]\[6\],28.61µm
i_core_v_mini_mcu.memory_subsystem_i.ram0_i.tc_ram_i.sram\[1\]\[18\],28.61µm
i_core_v_mini_mcu.memory_subsystem_i.ram0_i.tc_ram_i.sram\[20\]\[24\],28.61µm
i_core_v_mini_mcu.peripheral_subsystem_i.obi_fifo_i.consumer_data_req\[68\],28.61µm
i_core_v_mini_mcu.peripheral_subsystem_i.uart_i.uart_core.uart_rx.sreg_q\[1\],28.61µm
_03896_,28.56µm
_03910_,28.56µm
_04857_,28.56µm
_05033_,28.56µm
_05223_,28.56µm
_07364_,28.56µm
_07392_,28.56µm
_07639_,28.56µm
_07700_,28.56µm
_07707_,28.56µm
_07852_,28.56µm
_08679_,28.56µm
_08683_,28.56µm
_09712_,28.56µm
_10007_,28.56µm
_10276_,28.56µm
_11267_,28.56µm
_11342_,28.56µm
_11400_,28.56µm
_12284_,28.56µm
_13342_,28.56µm
_13360_,28.56µm
_13703_,28.56µm
_13850_,28.56µm
_14507_,28.56µm
_18428_,28.56µm
_18680_,28.56µm
_19744_,28.56µm
_20385_,28.56µm
_20527_,28.56µm
_20586_,28.56µm
_20635_,28.56µm
_21184_,28.56µm
_22516_,28.56µm
_22647_,28.56µm
_23454_,28.56µm
_23557_,28.56µm
_24182_,28.56µm
_24894_,28.56µm
_24952_,28.56µm
_25039_,28.56µm
_25539_,28.56µm
_25652_,28.56µm
_25982_,28.56µm
_26501_,28.56µm
_26575_,28.56µm
_26597_,28.56µm
_27233_,28.56µm
_27316_,28.56µm
_27908_,28.56µm
_28104_,28.56µm
i_core_v_mini_mcu.ao_peripheral_subsystem_i.obi_fifo_i.consumer_data_req_q\[8\],28.56µm
i_core_v_mini_mcu.ao_peripheral_subsystem_i.power_manager_i.power_manager_reg_top_i.en_wait_for_intr_qs\[21\],28.56µm
i_core_v_mini_mcu.ao_peripheral_subsystem_i.tdu_i.task_mem\[6\]\[25\],28.56µm
i_core_v_mini_mcu.cpu_subsystem_i.cpu_0_0.rf_ram_i.memory\[331\]\[1\],28.56µm
i_core_v_mini_mcu.cpu_subsystem_i.cpu_0_0.rf_ram_i.memory\[362\]\[0\],28.56µm
i_core_v_mini_mcu.cpu_subsystem_i.cpu_0_0.rf_ram_i.memory\[519\]\[1\],28.56µm
i_core_v_mini_mcu.cpu_subsystem_i.cpu_1_0.rf_ram_i.memory\[153\]\[1\],28.56µm
i_core_v_mini_mcu.cpu_subsystem_i.cpu_1_0.rf_ram_i.memory\[457\]\[1\],28.56µm
i_core_v_mini_mcu.memory_subsystem_i.ram0_i.tc_ram_i.sram\[0\]\[0\],28.56µm
i_core_v_mini_mcu.memory_subsystem_i.ram0_i.tc_ram_i.sram\[5\]\[0\],28.56µm
net1105,28.56µm
_14555_,28.48µm
_16588_,28.48µm
_15502_,28.33µm
_16735_,28.3µm
i_core_v_mini_mcu.cpu_subsystem_i.cpu_0_0.rf_ram_i.memory\[284\]\[0\],28.28µm
_06150_,28.25µm
_15186_,28.25µm
_15462_,28.25µm
_18078_,28.25µm
_09349_,28.2µm
_10090_,28.2µm
_15987_,28.2µm
_16072_,28.2µm
_16470_,28.2µm
_16689_,28.2µm
_07371_,28.15µm
_07946_,28.15µm
_08950_,28.15µm
_09317_,28.15µm
_11111_,28.15µm
_14378_,28.15µm
_14732_,28.15µm
_15111_,28.15µm
_15171_,28.15µm
_16328_,28.15µm
_16482_,28.15µm
_16608_,28.15µm
_16764_,28.15µm
_17789_,28.15µm
_18082_,28.15µm
_21158_,28.15µm
i_core_v_mini_mcu.cpu_subsystem_i.cpu_0_0.i_servile.cpu.ctrl.o_ibus_adr\[16\],28.15µm
i_core_v_mini_mcu.cpu_subsystem_i.cpu_0_0.rf_ram_i.memory\[135\]\[0\],28.15µm
i_core_v_mini_mcu.cpu_subsystem_i.cpu_0_0.rf_ram_i.memory\[140\]\[1\],28.15µm
i_core_v_mini_mcu.cpu_subsystem_i.cpu_0_0.rf_ram_i.memory\[552\]\[1\],28.15µm
i_core_v_mini_mcu.cpu_subsystem_i.cpu_1_0.rf_ram_i.memory\[491\]\[0\],28.15µm
i_core_v_mini_mcu.memory_subsystem_i.ram0_i.tc_ram_i.sram\[8\]\[27\],28.15µm
i_core_v_mini_mcu.peripheral_subsystem_i.uart_i.uart_core.rx_timeout_count_q\[7\],28.15µm
_06368_,28.1µm
_07017_,28.1µm
_08413_,28.1µm
_09254_,28.1µm
_09643_,28.1µm
_10131_,28.1µm
_12481_,28.1µm
_15865_,28.1µm
_17137_,28.1µm
_17989_,28.1µm
_22117_,28.1µm
_22327_,28.1µm
_22497_,28.1µm
_23735_,28.1µm
_24103_,28.1µm
_26275_,28.1µm
_27338_,28.1µm
_28068_,28.1µm
i_core_v_mini_mcu.ao_peripheral_subsystem_i.obi_fifo_i.consumer_data_req_q\[2\],28.1µm
i_core_v_mini_mcu.ao_peripheral_subsystem_i.power_manager_i.power_manager_reg_top_i.reg2hw\[242\],28.1µm
i_core_v_mini_mcu.cpu_subsystem_i.cpu_0_0.rf_ram_i.memory\[539\]\[1\],28.1µm
i_core_v_mini_mcu.cpu_subsystem_i.cpu_0_0.rf_ram_i.memory\[545\]\[0\],28.1µm
i_core_v_mini_mcu.cpu_subsystem_i.cpu_1_0.i_servile.arbiter.i_wb_cpu_dbus_adr\[29\],28.1µm
i_core_v_mini_mcu.cpu_subsystem_i.cpu_1_0.rf_ram_i.memory\[107\]\[0\],28.1µm
i_core_v_mini_mcu.cpu_subsystem_i.cpu_1_0.rf_ram_i.memory\[168\]\[1\],28.1µm
i_core_v_mini_mcu.cpu_subsystem_i.cpu_1_0.rf_ram_i.memory\[36\]\[1\],28.1µm
i_core_v_mini_mcu.cpu_subsystem_i.cpu_1_0.rf_ram_i.memory\[458\]\[1\],28.1µm
i_core_v_mini_mcu.cpu_subsystem_i.cpu_1_0.rf_ram_i.memory\[482\]\[1\],28.1µm
i_core_v_mini_mcu.memory_subsystem_i.ram0_i.tc_ram_i.sram\[12\]\[27\],28.1µm
i_core_v_mini_mcu.memory_subsystem_i.ram0_i.tc_ram_i.sram\[17\]\[13\],28.1µm
i_core_v_mini_mcu.memory_subsystem_i.ram0_i.tc_ram_i.sram\[17\]\[4\],28.1µm
i_core_v_mini_mcu.memory_subsystem_i.ram0_i.tc_ram_i.sram\[26\]\[29\],28.1µm
i_core_v_mini_mcu.memory_subsystem_i.ram0_i.tc_ram_i.sram\[28\]\[14\],28.1µm
i_core_v_mini_mcu.memory_subsystem_i.ram0_i.tc_ram_i.sram\[3\]\[26\],28.1µm
i_core_v_mini_mcu.memory_subsystem_i.ram0_i.tc_ram_i.sram\[8\]\[25\],28.1µm
_03958_,28.05µm
_05319_,28.05µm
_05428_,28.05µm
_06177_,28.05µm
_07218_,28.05µm
_07234_,28.05µm
_08204_,28.05µm
_08228_,28.05µm
_08423_,28.05µm
_08646_,28.05µm
_08783_,28.05µm
_08847_,28.05µm
_09055_,28.05µm
_09249_,28.05µm
_09407_,28.05µm
_10033_,28.05µm
_10780_,28.05µm
_10933_,28.05µm
_11010_,28.05µm
_11329_,28.05µm
_11793_,28.05µm
_12131_,28.05µm
_12882_,28.05µm
_13052_,28.05µm
_15383_,28.05µm
_15513_,28.05µm
_17349_,28.05µm
_20339_,28.05µm
_20412_,28.05µm
_22232_,28.05µm
_23478_,28.05µm
_23857_,28.05µm
_24187_,28.05µm
_24320_,28.05µm
_25297_,28.05µm
_26351_,28.05µm
_26857_,28.05µm
_27004_,28.05µm
_27836_,28.05µm
i_core_v_mini_mcu.ao_peripheral_subsystem_i.power_manager_i.cpu_subsystem_rst_n,28.05µm
i_core_v_mini_mcu.ao_peripheral_subsystem_i.power_manager_i.power_manager_reg_top_i.global_pointer_qs\[6\],28.05µm
i_core_v_mini_mcu.ao_peripheral_subsystem_i.soc_ctrl_i.soc_ctrl_reg_top_i.system_frequency_hz_qs\[6\],28.05µm
i_core_v_mini_mcu.ao_peripheral_subsystem_i.spi_subsystem_i.obi_spimemio_i.spimemio_i.buffer\[6\],28.05µm
i_core_v_mini_mcu.ao_peripheral_subsystem_i.tdu_i.task_mem\[5\]\[24\],28.05µm
i_core_v_mini_mcu.cpu_subsystem_i.cpu_0_0.rf_ram_i.memory\[378\]\[0\],28.05µm
i_core_v_mini_mcu.cpu_subsystem_i.cpu_0_0.rf_ram_i.memory\[469\]\[1\],28.05µm
i_core_v_mini_mcu.cpu_subsystem_i.cpu_0_0.rf_ram_i.memory\[481\]\[1\],28.05µm
i_core_v_mini_mcu.cpu_subsystem_i.cpu_1_0.i_servile.cpu.immdec.gen_immdec_w_eq_1.imm19_12_20\[5\],28.05µm
i_core_v_mini_mcu.cpu_subsystem_i.cpu_1_0.rf_ram_i.memory\[169\]\[1\],28.05µm
i_core_v_mini_mcu.cpu_subsystem_i.cpu_1_0.rf_ram_i.memory\[189\]\[1\],28.05µm
i_core_v_mini_mcu.cpu_subsystem_i.cpu_1_0.rf_ram_i.memory\[228\]\[0\],28.05µm
i_core_v_mini_mcu.cpu_subsystem_i.cpu_1_0.rf_ram_i.memory\[344\]\[0\],28.05µm
i_core_v_mini_mcu.cpu_subsystem_i.cpu_1_0.rf_ram_i.memory\[443\]\[1\],28.05µm
i_core_v_mini_mcu.cpu_subsystem_i.cpu_1_0.rf_ram_i.memory\[50\]\[1\],28.05µm
i_core_v_mini_mcu.memory_subsystem_i.ram0_i.tc_ram_i.sram\[11\]\[6\],28.05µm
i_core_v_mini_mcu.memory_subsystem_i.ram0_i.tc_ram_i.sram\[20\]\[16\],28.05µm
i_core_v_mini_mcu.peripheral_subsystem_i.uart_i.uart_core.allzero_cnt_q\[0\],28.05µm
_04112_,28µm
_04754_,28µm
_05058_,28µm
_05273_,28µm
_05731_,28µm
_07383_,28µm
_07573_,28µm
_08538_,28µm
_08942_,28µm
_10028_,28µm
_10192_,28µm
_10198_,28µm
_10259_,28µm
_10288_,28µm
_10808_,28µm
_11076_,28µm
_11227_,28µm
_11527_,28µm
_12273_,28µm
_12818_,28µm
_12883_,28µm
_13033_,28µm
_13494_,28µm
_13785_,28µm
_15239_,28µm
_15455_,28µm
_15483_,28µm
_16887_,28µm
_17053_,28µm
_17383_,28µm
_18205_,28µm
_20676_,28µm
_20947_,28µm
_21002_,28µm
_21369_,28µm
_23431_,28µm
_23729_,28µm
_23891_,28µm
_23984_,28µm
_24268_,28µm
_24940_,28µm
_25078_,28µm
_25649_,28µm
_26793_,28µm
_27216_,28µm
_27963_,28µm
_28069_,28µm
i_core_v_mini_mcu.ao_peripheral_subsystem_i.mosaic_clint_i.mtimecmp_q\[12\],28µm
i_core_v_mini_mcu.ao_peripheral_subsystem_i.spi_subsystem_i.obi_spimemio_i.spimemio_i.xfer.last_fetch,28µm
i_core_v_mini_mcu.cpu_subsystem_i.cpu_0_0.rf_ram_i.memory\[161\]\[0\],28µm
i_core_v_mini_mcu.cpu_subsystem_i.cpu_0_0.rf_ram_i.memory\[341\]\[1\],28µm
i_core_v_mini_mcu.cpu_subsystem_i.cpu_0_0.rf_ram_i.memory\[418\]\[1\],28µm
i_core_v_mini_mcu.cpu_subsystem_i.cpu_1_0.rf_ram_i.memory\[158\]\[0\],28µm
i_core_v_mini_mcu.cpu_subsystem_i.cpu_1_0.rf_ram_i.memory\[381\]\[1\],28µm
i_core_v_mini_mcu.memory_subsystem_i.ram0_i.tc_ram_i.sram\[10\]\[10\],28µm
i_core_v_mini_mcu.memory_subsystem_i.ram0_i.tc_ram_i.sram\[10\]\[3\],28µm
i_core_v_mini_mcu.memory_subsystem_i.ram0_i.tc_ram_i.sram\[22\]\[15\],28µm
_10428_,27.87µm
_08235_,27.77µm
i_core_v_mini_mcu.cpu_subsystem_i.cpu_1_0.rf_ram_i.memory\[371\]\[1\],27.77µm
_16781_,27.74µm
_10067_,27.72µm
_14885_,27.69µm
_17232_,27.69µm
_17697_,27.69µm
_14348_,27.64µm
_15697_,27.64µm
_17882_,27.64µm
i_core_v_mini_mcu.cpu_subsystem_i.cpu_1_0.rf_ram_i.memory\[374\]\[0\],27.625µm
_08883_,27.59µm
_09556_,27.59µm
_10082_,27.59µm
_14775_,27.59µm
_14801_,27.59µm
_15518_,27.59µm
_16576_,27.59µm
_16686_,27.59µm
_16864_,27.59µm
_17086_,27.59µm
_17321_,27.59µm
_17524_,27.59µm
_17869_,27.59µm
_27577_,27.59µm
i_core_v_mini_mcu.cpu_subsystem_i.cpu_0_0.rf_ram_i.memory\[326\]\[0\],27.59µm
i_core_v_mini_mcu.cpu_subsystem_i.cpu_0_0.rf_ram_i.memory\[82\]\[0\],27.59µm
i_core_v_mini_mcu.cpu_subsystem_i.cpu_1_0.rf_ram_i.memory\[221\]\[1\],27.59µm
i_core_v_mini_mcu.memory_subsystem_i.ram0_i.tc_ram_i.sram\[17\]\[12\],27.59µm
_06201_,27.54µm
_06562_,27.54µm
_07467_,27.54µm
_07526_,27.54µm
_08788_,27.54µm
_09624_,27.54µm
_09876_,27.54µm
_09944_,27.54µm
_10244_,27.54µm
_10572_,27.54µm
_11959_,27.54µm
_11986_,27.54µm
_12291_,27.54µm
_12620_,27.54µm
_13822_,27.54µm
_15645_,27.54µm
_15795_,27.54µm
_15823_,27.54µm
_16053_,27.54µm
_16568_,27.54µm
_18492_,27.54µm
_23763_,27.54µm
_23784_,27.54µm
i_core_v_mini_mcu.ao_peripheral_subsystem_i.power_manager_i.power_manager_sequence_ram_0_switch_i.sequence_curr_state\[1\],27.54µm
i_core_v_mini_mcu.ao_peripheral_subsystem_i.power_manager_i.reg_to_counter_cpu_reset_deassert_i.counter_curr_state\[0\],27.54µm
i_core_v_mini_mcu.ao_peripheral_subsystem_i.spi_subsystem_i.obi_spimemio_i.obi_to_picorv32_i.obi_resp_o\[27\],27.54µm
i_core_v_mini_mcu.ao_peripheral_subsystem_i.spi_subsystem_i.obi_spimemio_i.spimemio_i.state\[11\],27.54µm
i_core_v_mini_mcu.cpu_subsystem_i.cpu_0_0.rf_ram_i.memory\[255\]\[1\],27.54µm
i_core_v_mini_mcu.cpu_subsystem_i.cpu_0_0.rf_ram_i.memory\[32\]\[0\],27.54µm
i_core_v_mini_mcu.cpu_subsystem_i.cpu_0_0.rf_ram_i.memory\[442\]\[0\],27.54µm
i_core_v_mini_mcu.cpu_subsystem_i.cpu_0_0.rf_ram_i.memory\[65\]\[1\],27.54µm
i_core_v_mini_mcu.cpu_subsystem_i.cpu_1_0.i_servile.cpu.immdec.gen_immdec_w_eq_1.imm24_20\[2\],27.54µm
i_core_v_mini_mcu.cpu_subsystem_i.cpu_1_0.rf_ram_i.memory\[22\]\[1\],27.54µm
i_core_v_mini_mcu.cpu_subsystem_i.cpu_1_0.rf_ram_i.memory\[4\]\[0\],27.54µm
i_core_v_mini_mcu.memory_subsystem_i.ram0_i.tc_ram_i.sram\[31\]\[25\],27.54µm
i_core_v_mini_mcu.peripheral_subsystem_i.uart_i.uart_core.nco_sum_q\[9\],27.54µm
net1102,27.54µm
_23073_,27.51µm
_06021_,27.49µm
_06763_,27.49µm
_06922_,27.49µm
_07622_,27.49µm
_08326_,27.49µm
_08411_,27.49µm
_08698_,27.49µm
_08752_,27.49µm
_09159_,27.49µm
_09289_,27.49µm
_09743_,27.49µm
_09790_,27.49µm
_10064_,27.49µm
_10073_,27.49µm
_10728_,27.49µm
_11508_,27.49µm
_11519_,27.49µm
_11616_,27.49µm
_11945_,27.49µm
_12035_,27.49µm
_12343_,27.49µm
_13048_,27.49µm
_13276_,27.49µm
_13805_,27.49µm
_14216_,27.49µm
_14301_,27.49µm
_15175_,27.49µm
_15557_,27.49µm
_15776_,27.49µm
_16184_,27.49µm
_16543_,27.49µm
_18001_,27.49µm
_18501_,27.49µm
_18708_,27.49µm
_20322_,27.49µm
_20682_,27.49µm
_20838_,27.49µm
_21029_,27.49µm
_23051_,27.49µm
_23611_,27.49µm
_24090_,27.49µm
_26371_,27.49µm
_26382_,27.49µm
_26433_,27.49µm
_27081_,27.49µm
_27967_,27.49µm
_27983_,27.49µm
_27985_,27.49µm
_27998_,27.49µm
exit_value_int\[28\],27.49µm
i_core_v_mini_mcu.ao_peripheral_subsystem_i.obi_fifo_i.consumer_data_req_q\[21\],27.49µm
i_core_v_mini_mcu.cpu_subsystem_i.cpu_0_0.i_servile.arbiter.i_wb_cpu_dbus_adr\[26\],27.49µm
i_core_v_mini_mcu.cpu_subsystem_i.cpu_0_0.rf_ram_i.memory\[314\]\[0\],27.49µm
i_core_v_mini_mcu.cpu_subsystem_i.cpu_0_0.rf_ram_i.memory\[38\]\[1\],27.49µm
i_core_v_mini_mcu.cpu_subsystem_i.cpu_0_0.rf_ram_i.memory\[559\]\[0\],27.49µm
i_core_v_mini_mcu.cpu_subsystem_i.cpu_0_0.rf_ram_i.memory\[87\]\[1\],27.49µm
i_core_v_mini_mcu.cpu_subsystem_i.cpu_1_0.i_servile.arbiter.i_wb_cpu_dbus_adr\[4\],27.49µm
i_core_v_mini_mcu.cpu_subsystem_i.cpu_1_0.rf_ram_i.memory\[167\]\[0\],27.49µm
i_core_v_mini_mcu.cpu_subsystem_i.cpu_1_0.rf_ram_i.memory\[179\]\[1\],27.49µm
i_core_v_mini_mcu.cpu_subsystem_i.cpu_1_0.rf_ram_i.memory\[233\]\[0\],27.49µm
i_core_v_mini_mcu.cpu_subsystem_i.cpu_1_0.rf_ram_i.memory\[281\]\[0\],27.49µm
i_core_v_mini_mcu.cpu_subsystem_i.cpu_1_0.rf_ram_i.memory\[34\]\[1\],27.49µm
i_core_v_mini_mcu.cpu_subsystem_i.cpu_1_0.rf_ram_i.memory\[450\]\[0\],27.49µm
i_core_v_mini_mcu.memory_subsystem_i.ram0_i.tc_ram_i.sram\[21\]\[16\],27.49µm
i_core_v_mini_mcu.memory_subsystem_i.ram0_i.tc_ram_i.sram\[28\]\[3\],27.49µm
i_core_v_mini_mcu.memory_subsystem_i.ram0_i.tc_ram_i.sram\[3\]\[5\],27.49µm
i_core_v_mini_mcu.memory_subsystem_i.ram0_i.tc_ram_i.sram\[7\]\[10\],27.49µm
i_core_v_mini_mcu.memory_subsystem_i.ram0_i.tc_ram_i.sram\[7\]\[17\],27.49µm
i_core_v_mini_mcu.peripheral_subsystem_i.obi_fifo_i.consumer_resp_i\[23\],27.49µm
_04072_,27.44µm
_04086_,27.44µm
_05095_,27.44µm
_05303_,27.44µm
_05605_,27.44µm
_06090_,27.44µm
_07386_,27.44µm
_08483_,27.44µm
_09279_,27.44µm
_09551_,27.44µm
_10275_,27.44µm
_10570_,27.44µm
_10653_,27.44µm
_11199_,27.44µm
_11299_,27.44µm
_11427_,27.44µm
_11824_,27.44µm
_11919_,27.44µm
_11998_,27.44µm
_12527_,27.44µm
_12553_,27.44µm
_12806_,27.44µm
_15210_,27.44µm
_15726_,27.44µm
_15827_,27.44µm
_16009_,27.44µm
_16124_,27.44µm
_17551_,27.44µm
_17834_,27.44µm
_18132_,27.44µm
_19989_,27.44µm
_20013_,27.44µm
_20290_,27.44µm
_20711_,27.44µm
_20840_,27.44µm
_22034_,27.44µm
_22805_,27.44µm
_23256_,27.44µm
_23851_,27.44µm
_24313_,27.44µm
_24411_,27.44µm
_24504_,27.44µm
_24834_,27.44µm
_25008_,27.44µm
_25851_,27.44µm
_26070_,27.44µm
_26123_,27.44µm
_26456_,27.44µm
_26504_,27.44µm
_27909_,27.44µm
_27936_,27.44µm
i_core_v_mini_mcu.ao_peripheral_subsystem_i.soc_ctrl_i.reg2hw\[9\],27.44µm
i_core_v_mini_mcu.ao_peripheral_subsystem_i.tdu_i.task_mem\[1\]\[12\],27.44µm
i_core_v_mini_mcu.cpu_subsystem_i.cpu_0_0.i_servile.cpu.csr_imm,27.44µm
i_core_v_mini_mcu.cpu_subsystem_i.cpu_0_0.rf_ram_i.memory\[152\]\[1\],27.44µm
i_core_v_mini_mcu.cpu_subsystem_i.cpu_0_0.rf_ram_i.memory\[17\]\[0\],27.44µm
i_core_v_mini_mcu.cpu_subsystem_i.cpu_0_0.rf_ram_i.memory\[348\]\[1\],27.44µm
i_core_v_mini_mcu.cpu_subsystem_i.cpu_0_0.rf_ram_i.memory\[93\]\[1\],27.44µm
i_core_v_mini_mcu.memory_subsystem_i.ram0_i.tc_ram_i.sram\[10\]\[24\],27.44µm
i_core_v_mini_mcu.memory_subsystem_i.ram0_i.tc_ram_i.sram\[4\]\[2\],27.44µm
i_core_v_mini_mcu.peripheral_subsystem_i.periph_to_reg_i.r_rdata_d\[14\],27.44µm
status_o[5],27.3µm
i_core_v_mini_mcu.cpu_subsystem_i.cpu_0_0.rf_ram_i.memory\[83\]\[0\],27.26µm
_17654_,27.21µm
i_core_v_mini_mcu.cpu_subsystem_i.cpu_0_0.rf_ram_i.memory\[117\]\[0\],27.21µm
i_core_v_mini_mcu.cpu_subsystem_i.cpu_0_0.rf_ram_i.memory\[56\]\[0\],27.21µm
_12943_,27.16µm
_17344_,27.13µm
_22300_,27.13µm
_11653_,27.08µm
_15683_,27.08µm
_16625_,27.08µm
_16767_,27.08µm
_17197_,27.08µm
_17800_,27.08µm
i_core_v_mini_mcu.peripheral_subsystem_i.uart_i.reg2hw\[79\],27.08µm
_09081_,27.03µm
_15108_,27.03µm
_15651_,27.03µm
_15853_,27.03µm
_16790_,27.03µm
_18044_,27.03µm
_18061_,27.03µm
_20203_,27.03µm
_21443_,27.03µm
i_core_v_mini_mcu.ao_peripheral_subsystem_i.clint_software_irq_o\[1\],27.03µm
i_core_v_mini_mcu.ao_peripheral_subsystem_i.mosaic_clint_i.mtimecmp_q\[48\],27.03µm
i_core_v_mini_mcu.cpu_subsystem_i.cpu_0_0.rf_ram_i.memory\[472\]\[0\],27.03µm
i_core_v_mini_mcu.memory_subsystem_i.ram0_i.tc_ram_i.sram\[13\]\[21\],27.03µm
i_core_v_mini_mcu.memory_subsystem_i.ram0_i.tc_ram_i.sram\[13\]\[26\],27.01µm
_07538_,27µm
_00076_,26.98µm
_06294_,26.98µm
_06316_,26.98µm
_08201_,26.98µm
_09299_,26.98µm
_09372_,26.98µm
_09913_,26.98µm
_10138_,26.98µm
_10195_,26.98µm
_10487_,26.98µm
_11275_,26.98µm
_14689_,26.98µm
_14700_,26.98µm
_15896_,26.98µm
_16453_,26.98µm
_17906_,26.98µm
_18107_,26.98µm
_21630_,26.98µm
_21829_,26.98µm
_22819_,26.98µm
_23241_,26.98µm
_23608_,26.98µm
_26805_,26.98µm
_27076_,26.98µm
i_core_v_mini_mcu.ao_peripheral_subsystem_i.power_manager_i.power_manager_reg_top_i.global_pointer_qs\[2\],26.98µm
i_core_v_mini_mcu.ao_peripheral_subsystem_i.power_manager_i.power_manager_reg_top_i.ram_0_retentive_qs,26.98µm
i_core_v_mini_mcu.ao_peripheral_subsystem_i.soc_ctrl_i.reg2hw\[17\],26.98µm
i_core_v_mini_mcu.ao_peripheral_subsystem_i.spi_subsystem_i.obi_spimemio_i.spimemio_i.buffer\[7\],26.98µm
i_core_v_mini_mcu.ao_peripheral_subsystem_i.spi_subsystem_i.obi_spimemio_i.spimemio_i.xfer.xfer_ddr_q,26.98µm
i_core_v_mini_mcu.ao_peripheral_subsystem_i.tdu_i.sched_mode_q\[1\],26.98µm
i_core_v_mini_mcu.ao_peripheral_subsystem_i.tdu_i.task_mem\[1\]\[22\],26.98µm
i_core_v_mini_mcu.cpu_subsystem_i.cpu_0_0.i_servile.cpu.state.cnt_r\[2\],26.98µm
i_core_v_mini_mcu.cpu_subsystem_i.cpu_0_0.rf_ram_i.memory\[219\]\[1\],26.98µm
i_core_v_mini_mcu.cpu_subsystem_i.cpu_0_0.rf_ram_i.memory\[394\]\[0\],26.98µm
i_core_v_mini_mcu.cpu_subsystem_i.cpu_0_0.rf_ram_i.memory\[415\]\[0\],26.98µm
i_core_v_mini_mcu.cpu_subsystem_i.cpu_0_0.rf_ram_i.memory\[469\]\[0\],26.98µm
i_core_v_mini_mcu.cpu_subsystem_i.cpu_0_0.rf_ram_i.memory\[51\]\[0\],26.98µm
i_core_v_mini_mcu.cpu_subsystem_i.cpu_0_0.rf_ram_i.memory\[524\]\[0\],26.98µm
i_core_v_mini_mcu.cpu_subsystem_i.cpu_1_0.i_servile.arbiter.i_wb_cpu_dbus_adr\[20\],26.98µm
i_core_v_mini_mcu.cpu_subsystem_i.cpu_1_0.i_servile.arbiter.i_wb_cpu_dbus_adr\[7\],26.98µm
i_core_v_mini_mcu.cpu_subsystem_i.cpu_1_0.rf_ram_i.memory\[208\]\[1\],26.98µm
i_core_v_mini_mcu.cpu_subsystem_i.cpu_1_0.rf_ram_i.memory\[276\]\[1\],26.98µm
i_core_v_mini_mcu.cpu_subsystem_i.cpu_1_0.rf_ram_i.memory\[481\]\[0\],26.98µm
i_core_v_mini_mcu.cpu_subsystem_i.cpu_1_0.rf_ram_i.memory\[52\]\[1\],26.98µm
i_core_v_mini_mcu.memory_subsystem_i.ram0_i.tc_ram_i.sram\[15\]\[19\],26.98µm
i_core_v_mini_mcu.memory_subsystem_i.ram0_i.tc_ram_i.sram\[15\]\[6\],26.98µm
i_core_v_mini_mcu.memory_subsystem_i.ram0_i.tc_ram_i.sram\[31\]\[1\],26.98µm
i_core_v_mini_mcu.memory_subsystem_i.ram0_i.tc_ram_i.sram\[8\]\[11\],26.98µm
i_core_v_mini_mcu.peripheral_subsystem_i.uart_i.uart_core.nco_sum_q\[1\],26.98µm
i_core_v_mini_mcu.peripheral_subsystem_i.uart_i.uart_core.nco_sum_q\[4\],26.98µm
clknet_leaf_145_clk_i_regs,26.98µm
_03731_,26.93µm
_04683_,26.93µm
_06528_,26.93µm
_08375_,26.93µm
_08561_,26.93µm
_09074_,26.93µm
_09344_,26.93µm
_09626_,26.93µm
_09753_,26.93µm
_10824_,26.93µm
_10976_,26.93µm
_11122_,26.93µm
_11206_,26.93µm
_11396_,26.93µm
_11910_,26.93µm
_12366_,26.93µm
_12617_,26.93µm
_12962_,26.93µm
_13666_,26.93µm
_13901_,26.93µm
_14271_,26.93µm
_15147_,26.93µm
_15261_,26.93µm
_16600_,26.93µm
_16802_,26.93µm
_16818_,26.93µm
_16993_,26.93µm
_17287_,26.93µm
_17611_,26.93µm
_19417_,26.93µm
_19939_,26.93µm
_20910_,26.93µm
_21204_,26.93µm
_21775_,26.93µm
_21878_,26.93µm
_22132_,26.93µm
_22519_,26.93µm
_22727_,26.93µm
_23523_,26.93µm
_23783_,26.93µm
_23835_,26.93µm
_23967_,26.93µm
_24145_,26.93µm
_25154_,26.93µm
_25549_,26.93µm
_25675_,26.93µm
_26197_,26.93µm
_26318_,26.93µm
_26411_,26.93µm
_27369_,26.93µm
i_core_v_mini_mcu.ao_peripheral_subsystem_i.mosaic_clint_i.mtimecmp_q\[18\],26.93µm
i_core_v_mini_mcu.ao_peripheral_subsystem_i.mosaic_clint_i.mtimecmp_q\[64\],26.93µm
i_core_v_mini_mcu.ao_peripheral_subsystem_i.mosaic_clint_i.mtimecmp_q\[92\],26.93µm
i_core_v_mini_mcu.ao_peripheral_subsystem_i.obi_fifo_i.consumer_data_req_q\[44\],26.93µm
i_core_v_mini_mcu.ao_peripheral_subsystem_i.spi_subsystem_i.obi_spimemio_i.spimemio_i.rd_addr\[17\],26.93µm
i_core_v_mini_mcu.ao_peripheral_subsystem_i.tdu_i.rd_ptr_q\[0\],26.93µm
i_core_v_mini_mcu.ao_peripheral_subsystem_i.tdu_i.task_mem\[2\]\[11\],26.93µm
i_core_v_mini_mcu.cpu_subsystem_i.cpu_0_0.i_servile.o_rf_raddr\[3\],26.93µm
i_core_v_mini_mcu.cpu_subsystem_i.cpu_0_0.rf_ram_i.memory\[168\]\[0\],26.93µm
i_core_v_mini_mcu.cpu_subsystem_i.cpu_0_0.rf_ram_i.memory\[40\]\[1\],26.93µm
i_core_v_mini_mcu.cpu_subsystem_i.cpu_0_0.rf_ram_i.memory\[544\]\[0\],26.93µm
i_core_v_mini_mcu.cpu_subsystem_i.cpu_1_0.rf_ram_i.memory\[108\]\[0\],26.93µm
i_core_v_mini_mcu.cpu_subsystem_i.cpu_1_0.rf_ram_i.memory\[237\]\[0\],26.93µm
i_core_v_mini_mcu.cpu_subsystem_i.cpu_1_0.rf_ram_i.memory\[295\]\[0\],26.93µm
i_core_v_mini_mcu.cpu_subsystem_i.cpu_1_0.rf_ram_i.memory\[360\]\[0\],26.93µm
i_core_v_mini_mcu.cpu_subsystem_i.cpu_1_0.rf_ram_i.memory\[361\]\[1\],26.93µm
i_core_v_mini_mcu.cpu_subsystem_i.cpu_1_0.rf_ram_i.memory\[407\]\[1\],26.93µm
i_core_v_mini_mcu.cpu_subsystem_i.cpu_1_0.rf_ram_i.memory\[420\]\[1\],26.93µm
i_core_v_mini_mcu.memory_subsystem_i.ram0_i.tc_ram_i.sram\[28\]\[25\],26.93µm
i_core_v_mini_mcu.peripheral_subsystem_i.obi_fifo_i.consumer_resp_i\[19\],26.93µm
i_core_v_mini_mcu.peripheral_subsystem_i.uart_i.uart_core.u_uart_rxfifo.gen_normal_fifo.storage\[26\],26.93µm
net1192,26.93µm
_00155_,26.88µm
_04665_,26.88µm
_05772_,26.88µm
_06018_,26.88µm
_06579_,26.88µm
_06625_,26.88µm
_08545_,26.88µm
_09814_,26.88µm
_09955_,26.88µm
_10341_,26.88µm
_11705_,26.88µm
_11839_,26.88µm
_11897_,26.88µm
_12089_,26.88µm
_12195_,26.88µm
_12216_,26.88µm
_12393_,26.88µm
_12562_,26.88µm
_12927_,26.88µm
_13571_,26.88µm
_13835_,26.88µm
_14462_,26.88µm
_14957_,26.88µm
_15738_,26.88µm
_18089_,26.88µm
_18312_,26.88µm
_19901_,26.88µm
_20266_,26.88µm
_20435_,26.88µm
_20792_,26.88µm
_20822_,26.88µm
_21306_,26.88µm
_21571_,26.88µm
_21957_,26.88µm
_21979_,26.88µm
_22347_,26.88µm
_22799_,26.88µm
_23455_,26.88µm
_23768_,26.88µm
_24541_,26.88µm
_24901_,26.88µm
_25050_,26.88µm
_25259_,26.88µm
_26096_,26.88µm
_26140_,26.88µm
_26154_,26.88µm
_26576_,26.88µm
_27072_,26.88µm
_27240_,26.88µm
_27269_,26.88µm
_27398_,26.88µm
i_core_v_mini_mcu.ao_peripheral_subsystem_i.power_manager_i.power_manager_reg_top_i.cpu_iso_off_counter_qs\[12\],26.88µm
i_core_v_mini_mcu.ao_peripheral_subsystem_i.power_manager_i.power_manager_reg_top_i.intr_state_qs\[5\],26.88µm
i_core_v_mini_mcu.ao_peripheral_subsystem_i.spi_subsystem_i.obi_spimemio_i.spimemio_i.buffer\[13\],26.88µm
i_core_v_mini_mcu.ao_peripheral_subsystem_i.tdu_i.cpi_est_q\[43\],26.88µm
i_core_v_mini_mcu.cpu_subsystem_i.cpu_0_0.i_servile.arbiter.i_wb_cpu_dbus_adr\[6\],26.88µm
i_core_v_mini_mcu.cpu_subsystem_i.cpu_0_0.i_servile.cpu.ctrl.o_ibus_adr\[31\],26.88µm
i_core_v_mini_mcu.cpu_subsystem_i.cpu_0_0.rf_ram_i.memory\[198\]\[0\],26.88µm
i_core_v_mini_mcu.cpu_subsystem_i.cpu_0_0.rf_ram_i.memory\[417\]\[0\],26.88µm
i_core_v_mini_mcu.cpu_subsystem_i.cpu_1_0.rf_ram_i.memory\[193\]\[1\],26.88µm
i_core_v_mini_mcu.cpu_subsystem_i.cpu_1_0.rf_ram_i.memory\[195\]\[0\],26.88µm
i_core_v_mini_mcu.cpu_subsystem_i.cpu_1_0.rf_ram_i.memory\[263\]\[1\],26.88µm
i_core_v_mini_mcu.cpu_subsystem_i.cpu_1_0.rf_ram_i.memory\[270\]\[0\],26.88µm
i_core_v_mini_mcu.memory_subsystem_i.ram0_i.tc_ram_i.sram\[11\]\[1\],26.88µm
i_core_v_mini_mcu.memory_subsystem_i.ram0_i.tc_ram_i.sram\[18\]\[20\],26.88µm
i_core_v_mini_mcu.memory_subsystem_i.ram0_i.tc_ram_i.sram\[21\]\[8\],26.88µm
i_core_v_mini_mcu.memory_subsystem_i.ram0_i.tc_ram_i.sram\[3\]\[21\],26.88µm
net1174,26.88µm
i_core_v_mini_mcu.ao_peripheral_subsystem_i.soc_ctrl_i.reg2hw\[25\],26.7µm
i_core_v_mini_mcu.ao_peripheral_subsystem_i.memory_subsystem_pwr_ctrl_i,26.65µm
i_core_v_mini_mcu.cpu_subsystem_i.cpu_0_0.i_servile.arbiter.i_wb_cpu_dbus_adr\[16\],26.65µm
_10417_,26.6µm
_06171_,26.57µm
_15047_,26.57µm
_17189_,26.57µm
_06279_,26.52µm
_10074_,26.52µm
_13988_,26.52µm
_14396_,26.52µm
_15957_,26.52µm
_17290_,26.52µm
_17677_,26.52µm
_18158_,26.52µm
i_core_v_mini_mcu.peripheral_subsystem_i.uart_i.uart_core.uart_rx.baud_div_q\[0\],26.52µm
_06444_,26.47µm
_08747_,26.47µm
_09799_,26.47µm
_10143_,26.47µm
_14482_,26.47µm
_15220_,26.47µm
_16256_,26.47µm
_16518_,26.47µm
_17131_,26.47µm
_17863_,26.47µm
_18142_,26.47µm
_23680_,26.47µm
i_core_v_mini_mcu.cpu_subsystem_i.cpu_0_0.rf_ram_i.memory\[77\]\[1\],26.47µm
i_core_v_mini_mcu.cpu_subsystem_i.cpu_1_0.rf_ram_i.memory\[27\]\[1\],26.47µm
i_core_v_mini_mcu.cpu_subsystem_i.cpu_1_0.rf_ram_i.memory\[46\]\[1\],26.47µm
i_core_v_mini_mcu.memory_subsystem_i.ram0_i.tc_ram_i.sram\[13\]\[4\],26.47µm
i_core_v_mini_mcu.memory_subsystem_i.ram0_i.tc_ram_i.sram\[8\]\[21\],26.47µm
_06896_,26.42µm
_07147_,26.42µm
_07633_,26.42µm
_08317_,26.42µm
_08770_,26.42µm
_08955_,26.42µm
_09460_,26.42µm
_10178_,26.42µm
_10304_,26.42µm
_11182_,26.42µm
_11209_,26.42µm
_15223_,26.42µm
_15394_,26.42µm
_15923_,26.42µm
_17250_,26.42µm
_17918_,26.42µm
_22306_,26.42µm
_23436_,26.42µm
_24558_,26.42µm
exit_value_int\[20\],26.42µm
i_core_v_mini_mcu.ao_peripheral_subsystem_i.clint_mtime_o\[37\],26.42µm
i_core_v_mini_mcu.ao_peripheral_subsystem_i.obi_fifo_i.consumer_data_req_q\[15\],26.42µm
i_core_v_mini_mcu.ao_peripheral_subsystem_i.power_manager_i.power_manager_reg_top_i.reg2hw\[240\],26.42µm
i_core_v_mini_mcu.ao_peripheral_subsystem_i.power_manager_i.power_manager_reg_top_i.reg2hw\[241\],26.42µm
i_core_v_mini_mcu.ao_peripheral_subsystem_i.power_manager_i.power_manager_sequence_ram_0_iso_i.sequence_curr_state\[3\],26.42µm
i_core_v_mini_mcu.ao_peripheral_subsystem_i.tdu_i.cpi_est_q\[25\],26.42µm
i_core_v_mini_mcu.cpu_subsystem_i.cpu_0_0.i_servile.cpu.ctrl.o_ibus_adr\[29\],26.42µm
i_core_v_mini_mcu.cpu_subsystem_i.cpu_0_0.rf_ram_i.memory\[572\]\[1\],26.42µm
i_core_v_mini_mcu.cpu_subsystem_i.cpu_1_0.rf_ram_i.memory\[31\]\[1\],26.42µm
i_core_v_mini_mcu.cpu_subsystem_i.cpu_1_0.rf_ram_i.memory\[342\]\[1\],26.42µm
i_core_v_mini_mcu.cpu_subsystem_i.cpu_1_0.rf_ram_i.memory\[58\]\[0\],26.42µm
i_core_v_mini_mcu.cpu_subsystem_i.cpu_1_0.rf_ram_i.memory\[6\]\[0\],26.42µm
i_core_v_mini_mcu.cpu_subsystem_i.cpu_1_0.rf_ram_i.memory\[96\]\[0\],26.42µm
i_core_v_mini_mcu.memory_subsystem_i.ram0_i.tc_ram_i.sram\[21\]\[4\],26.42µm
i_core_v_mini_mcu.memory_subsystem_i.ram0_i.tc_ram_i.sram\[25\]\[19\],26.42µm
i_core_v_mini_mcu.memory_subsystem_i.ram0_i.tc_ram_i.sram\[3\]\[6\],26.42µm
i_core_v_mini_mcu.peripheral_subsystem_i.uart_i.hw2reg\[1\],26.42µm
_03945_,26.37µm
_03962_,26.37µm
_04664_,26.37µm
_05638_,26.37µm
_05868_,26.37µm
_06317_,26.37µm
_07886_,26.37µm
_08309_,26.37µm
_08463_,26.37µm
_08482_,26.37µm
_08524_,26.37µm
_09206_,26.37µm
_09430_,26.37µm
_10053_,26.37µm
_10101_,26.37µm
_10150_,26.37µm
_10280_,26.37µm
_11433_,26.37µm
_11697_,26.37µm
_11868_,26.37µm
_12116_,26.37µm
_12242_,26.37µm
_13067_,26.37µm
_13263_,26.37µm
_13555_,26.37µm
_14140_,26.37µm
_14177_,26.37µm
_14326_,26.37µm
_14657_,26.37µm
_15711_,26.37µm
_15734_,26.37µm
_17072_,26.37µm
_17588_,26.37µm
_19974_,26.37µm
_20045_,26.37µm
_21435_,26.37µm
_21946_,26.37µm
_23451_,26.37µm
_23581_,26.37µm
_23643_,26.37µm
_24629_,26.37µm
_24708_,26.37µm
_25508_,26.37µm
_26809_,26.37µm
_26884_,26.37µm
_26885_,26.37µm
_27050_,26.37µm
_27324_,26.37µm
_27336_,26.37µm
_27346_,26.37µm
_27546_,26.37µm
_27574_,26.37µm
i_core_v_mini_mcu.ao_peripheral_subsystem_i.power_manager_i.power_manager_reg_top_i.cpu_reset_deassert_counter_qs\[3\],26.37µm
i_core_v_mini_mcu.ao_peripheral_subsystem_i.tdu_i.cpi_est_q\[44\],26.37µm
i_core_v_mini_mcu.ao_peripheral_subsystem_i.tdu_i.task_mem\[4\]\[13\],26.37µm
i_core_v_mini_mcu.ao_peripheral_subsystem_i.tdu_i.task_mem\[6\]\[24\],26.37µm
i_core_v_mini_mcu.cpu_subsystem_i.cpu_0_0.rf_ram_i.memory\[273\]\[0\],26.37µm
i_core_v_mini_mcu.cpu_subsystem_i.cpu_0_0.rf_ram_i.memory\[340\]\[1\],26.37µm
i_core_v_mini_mcu.cpu_subsystem_i.cpu_1_0.rf_ram_i.memory\[356\]\[0\],26.37µm
i_core_v_mini_mcu.cpu_subsystem_i.cpu_1_0.rf_ram_i.memory\[41\]\[1\],26.37µm
i_core_v_mini_mcu.cpu_subsystem_i.cpu_1_0.rf_ram_i.memory\[462\]\[0\],26.37µm
i_core_v_mini_mcu.memory_subsystem_i.ram0_i.tc_ram_i.sram\[12\]\[4\],26.37µm
i_core_v_mini_mcu.memory_subsystem_i.ram0_i.tc_ram_i.sram\[16\]\[31\],26.37µm
i_core_v_mini_mcu.memory_subsystem_i.ram0_i.tc_ram_i.sram\[1\]\[30\],26.37µm
i_core_v_mini_mcu.memory_subsystem_i.ram0_i.tc_ram_i.sram\[25\]\[22\],26.37µm
i_core_v_mini_mcu.memory_subsystem_i.ram0_i.tc_ram_i.sram\[26\]\[13\],26.37µm
i_core_v_mini_mcu.memory_subsystem_i.ram0_i.tc_ram_i.sram\[4\]\[25\],26.37µm
i_core_v_mini_mcu.memory_subsystem_i.ram0_i.tc_ram_i.sram\[4\]\[5\],26.37µm
_04345_,26.32µm
_04925_,26.32µm
_07481_,26.32µm
_07746_,26.32µm
_08190_,26.32µm
_08759_,26.32µm
_08954_,26.32µm
_09395_,26.32µm
_10151_,26.32µm
_10907_,26.32µm
_11025_,26.32µm
_11082_,26.32µm
_11146_,26.32µm
_11214_,26.32µm
_11681_,26.32µm
_11983_,26.32µm
_12028_,26.32µm
_12266_,26.32µm
_12611_,26.32µm
_14050_,26.32µm
_16377_,26.32µm
_18355_,26.32µm
_18457_,26.32µm
_19575_,26.32µm
_19618_,26.32µm
_20436_,26.32µm
_22718_,26.32µm
_23198_,26.32µm
_23219_,26.32µm
_23230_,26.32µm
_23369_,26.32µm
_23879_,26.32µm
_24647_,26.32µm
_24800_,26.32µm
_25002_,26.32µm
_25053_,26.32µm
_25372_,26.32µm
_26574_,26.32µm
_26602_,26.32µm
_26794_,26.32µm
_27174_,26.32µm
_27309_,26.32µm
i_core_v_mini_mcu.cpu_subsystem_i.cpu_0_0.rf_ram_i.memory\[308\]\[1\],26.32µm
i_core_v_mini_mcu.cpu_subsystem_i.cpu_0_0.rf_ram_i.memory\[344\]\[0\],26.32µm
i_core_v_mini_mcu.cpu_subsystem_i.cpu_0_0.rf_ram_i.memory\[369\]\[1\],26.32µm
i_core_v_mini_mcu.cpu_subsystem_i.cpu_0_0.rf_ram_i.memory\[376\]\[1\],26.32µm
i_core_v_mini_mcu.cpu_subsystem_i.cpu_1_0.rf_ram_i.memory\[280\]\[1\],26.32µm
i_core_v_mini_mcu.cpu_subsystem_i.cpu_1_0.rf_ram_i.memory\[444\]\[1\],26.32µm
i_core_v_mini_mcu.memory_subsystem_i.ram0_i.tc_ram_i.sram\[19\]\[8\],26.32µm
_26766_,26.09µm
i_core_v_mini_mcu.cpu_subsystem_i.cpu_1_0.rf_ram_i.memory\[119\]\[1\],26.09µm
_14290_,26.06µm
_15373_,26.06µm
_21913_,26.04µm
i_core_v_mini_mcu.memory_subsystem_i.ram0_i.tc_ram_i.sram\[4\]\[7\],26.04µm
_15783_,26.01µm
_16957_,26.01µm
_17651_,26.01µm
_04792_,25.96µm
_10095_,25.96µm
_14634_,25.96µm
_14741_,25.96µm
_15614_,25.96µm
_15630_,25.96µm
_20954_,25.96µm
_21481_,25.96µm
i_core_v_mini_mcu.ao_peripheral_subsystem_i.power_manager_i.power_manager_reg_top_i.cpu_iso_off_counter_qs\[2\],25.96µm
_06209_,25.91µm
_09258_,25.91µm
_09851_,25.91µm
_13893_,25.91µm
_14448_,25.91µm
_14990_,25.91µm
_15079_,25.91µm
_15177_,25.91µm
_15233_,25.91µm
_15311_,25.91µm
_15934_,25.91µm
_16617_,25.91µm
_17647_,25.91µm
_18007_,25.91µm
_20505_,25.91µm
_23679_,25.91µm
i_core_v_mini_mcu.ao_peripheral_subsystem_i.clint_mtime_o\[2\],25.91µm
i_core_v_mini_mcu.cpu_subsystem_i.cpu_1_0.rf_ram_i.memory\[213\]\[0\],25.91µm
i_core_v_mini_mcu.memory_subsystem_i.ram0_i.tc_ram_i.sram\[1\]\[20\],25.91µm
i_core_v_mini_mcu.memory_subsystem_i.ram0_i.tc_ram_i.sram\[22\]\[10\],25.91µm
i_core_v_mini_mcu.memory_subsystem_i.ram0_i.tc_ram_i.sram\[27\]\[17\],25.91µm
i_core_v_mini_mcu.peripheral_subsystem_i.obi_fifo_i.producer_state_q,25.91µm
_03863_,25.86µm
_06101_,25.86µm
_06198_,25.86µm
_06322_,25.86µm
_07670_,25.86µm
_09076_,25.86µm
_09331_,25.86µm
_10088_,25.86µm
_10565_,25.86µm
_13042_,25.86µm
_14167_,25.86µm
_14696_,25.86µm
_14738_,25.86µm
_15008_,25.86µm
_15364_,25.86µm
_20500_,25.86µm
_23968_,25.86µm
_24693_,25.86µm
_25313_,25.86µm
_25406_,25.86µm
_27367_,25.86µm
_28094_,25.86µm
i_core_v_mini_mcu.ao_peripheral_subsystem_i.power_manager_i.power_manager_reg_top_i.cpu_iso_off_counter_qs\[14\],25.86µm
i_core_v_mini_mcu.ao_peripheral_subsystem_i.tdu_i.active_hart_cycles_q\[24\],25.86µm
i_core_v_mini_mcu.cpu_subsystem_i.cpu_0_0.rf_ram_i.memory\[112\]\[0\],25.86µm
i_core_v_mini_mcu.cpu_subsystem_i.cpu_0_0.rf_ram_i.memory\[229\]\[1\],25.86µm
i_core_v_mini_mcu.cpu_subsystem_i.cpu_0_0.rf_ram_i.memory\[250\]\[1\],25.86µm
i_core_v_mini_mcu.cpu_subsystem_i.cpu_1_0.i_servile.cpu.decode.o_rd_op,25.86µm
i_core_v_mini_mcu.cpu_subsystem_i.cpu_1_0.rf_ram_i.memory\[0\]\[0\],25.86µm
i_core_v_mini_mcu.cpu_subsystem_i.cpu_1_0.rf_ram_i.memory\[16\]\[0\],25.86µm
i_core_v_mini_mcu.cpu_subsystem_i.cpu_1_0.rf_ram_i.memory\[211\]\[0\],25.86µm
i_core_v_mini_mcu.cpu_subsystem_i.cpu_1_0.rf_ram_i.memory\[370\]\[1\],25.86µm
i_core_v_mini_mcu.cpu_subsystem_i.cpu_1_0.rf_ram_i.memory\[487\]\[0\],25.86µm
i_core_v_mini_mcu.memory_subsystem_i.ram0_i.tc_ram_i.sram\[23\]\[7\],25.86µm
i_core_v_mini_mcu.memory_subsystem_i.ram0_i.tc_ram_i.sram\[27\]\[28\],25.86µm
i_core_v_mini_mcu.peripheral_slave_resp\[31\],25.86µm
i_core_v_mini_mcu.peripheral_subsystem_i.uart_i.hw2reg\[7\],25.86µm
i_core_v_mini_mcu.peripheral_subsystem_i.uart_i.uart_core.uart_tx.baud_div_q\[2\],25.86µm
_02256_,25.81µm
_04089_,25.81µm
_04098_,25.81µm
_04701_,25.81µm
_04746_,25.81µm
_05923_,25.81µm
_05951_,25.81µm
_06307_,25.81µm
_06361_,25.81µm
_06369_,25.81µm
_07262_,25.81µm
_07638_,25.81µm
_08025_,25.81µm
_08362_,25.81µm
_09042_,25.81µm
_10241_,25.81µm
_10440_,25.81µm
_11330_,25.81µm
_12313_,25.81µm
_12520_,25.81µm
_12676_,25.81µm
_13625_,25.81µm
_13673_,25.81µm
_14065_,25.81µm
_14263_,25.81µm
_14603_,25.81µm
_15917_,25.81µm
_16138_,25.81µm
_16994_,25.81µm
_17002_,25.81µm
_17085_,25.81µm
_17460_,25.81µm
_17606_,25.81µm
_18693_,25.81µm
_19035_,25.81µm
_19191_,25.81µm
_19296_,25.81µm
_19591_,25.81µm
_19610_,25.81µm
_19895_,25.81µm
_19899_,25.81µm
_20223_,25.81µm
_20455_,25.81µm
_20571_,25.81µm
_20622_,25.81µm
_22787_,25.81µm
_23824_,25.81µm
_23904_,25.81µm
_25000_,25.81µm
_25062_,25.81µm
_25885_,25.81µm
_25914_,25.81µm
_26238_,25.81µm
_27310_,25.81µm
_27937_,25.81µm
exit_value_int\[12\],25.81µm
i_core_v_mini_mcu.ao_peripheral_subsystem_i.mosaic_clint_i.mtimecmp_q\[44\],25.81µm
i_core_v_mini_mcu.ao_peripheral_subsystem_i.power_manager_i.power_manager_reg_top_i.u_intr_state.wr_data\[15\],25.81µm
i_core_v_mini_mcu.ao_peripheral_subsystem_i.spi_subsystem_i.obi_spimemio_i.obi_to_picorv32_i.picorv32_resp_i\[6\],25.81µm
i_core_v_mini_mcu.core_data_req\[6\],25.81µm
i_core_v_mini_mcu.cpu_subsystem_i.cpu_0_0.i_servile.arbiter.i_wb_cpu_dbus_adr\[25\],25.81µm
i_core_v_mini_mcu.cpu_subsystem_i.cpu_0_0.rf_ram_i.memory\[122\]\[0\],25.81µm
i_core_v_mini_mcu.cpu_subsystem_i.cpu_0_0.rf_ram_i.memory\[231\]\[0\],25.81µm
i_core_v_mini_mcu.cpu_subsystem_i.cpu_0_0.rf_ram_i.memory\[337\]\[1\],25.81µm
i_core_v_mini_mcu.cpu_subsystem_i.cpu_0_0.rf_ram_i.memory\[342\]\[0\],25.81µm
i_core_v_mini_mcu.cpu_subsystem_i.cpu_0_0.rf_ram_i.memory\[392\]\[0\],25.81µm
i_core_v_mini_mcu.cpu_subsystem_i.cpu_0_0.rf_ram_i.memory\[428\]\[0\],25.81µm
i_core_v_mini_mcu.cpu_subsystem_i.cpu_0_0.rf_ram_i.memory\[472\]\[1\],25.81µm
i_core_v_mini_mcu.cpu_subsystem_i.cpu_0_0.rf_ram_i.memory\[534\]\[1\],25.81µm
i_core_v_mini_mcu.cpu_subsystem_i.cpu_1_0.rf_ram_i.memory\[390\]\[1\],25.81µm
i_core_v_mini_mcu.cpu_subsystem_i.cpu_1_0.rf_ram_i.memory\[418\]\[0\],25.81µm
i_core_v_mini_mcu.cpu_subsystem_i.cpu_1_0.rf_ram_i.memory\[43\]\[0\],25.81µm
i_core_v_mini_mcu.cpu_subsystem_i.cpu_1_0.rf_ram_i.memory\[483\]\[1\],25.81µm
i_core_v_mini_mcu.memory_subsystem_i.ram0_i.tc_ram_i.sram\[10\]\[17\],25.81µm
i_core_v_mini_mcu.memory_subsystem_i.ram0_i.tc_ram_i.sram\[19\]\[4\],25.81µm
i_core_v_mini_mcu.memory_subsystem_i.ram0_i.tc_ram_i.sram\[21\]\[7\],25.81µm
i_core_v_mini_mcu.memory_subsystem_i.ram0_i.tc_ram_i.sram\[26\]\[15\],25.81µm
i_core_v_mini_mcu.memory_subsystem_i.ram0_i.tc_ram_i.sram\[26\]\[1\],25.81µm
i_core_v_mini_mcu.memory_subsystem_i.ram0_i.tc_ram_i.sram\[27\]\[27\],25.81µm
i_core_v_mini_mcu.memory_subsystem_i.ram0_i.tc_ram_i.sram\[30\]\[10\],25.81µm
i_core_v_mini_mcu.memory_subsystem_i.ram0_i.tc_ram_i.sram\[31\]\[22\],25.81µm
i_core_v_mini_mcu.memory_subsystem_i.ram0_i.tc_ram_i.sram\[31\]\[3\],25.81µm
i_core_v_mini_mcu.peripheral_subsystem_i.periph_to_reg_i.r_rdata_d\[25\],25.81µm
i_core_v_mini_mcu.peripheral_subsystem_i.uart_i.uart_core.rx_timeout_count_q\[2\],25.81µm
_00658_,25.76µm
_03721_,25.76µm
_04015_,25.76µm
_04667_,25.76µm
_05898_,25.76µm
_05914_,25.76µm
_06057_,25.76µm
_07744_,25.76µm
_07980_,25.76µm
_08599_,25.76µm
_10343_,25.76µm
_10426_,25.76µm
_10705_,25.76µm
_10706_,25.76µm
_11239_,25.76µm
_12133_,25.76µm
_12906_,25.76µm
_13149_,25.76µm
_13480_,25.76µm
_14266_,25.76µm
_16501_,25.76µm
_16523_,25.76µm
_17066_,25.76µm
_17498_,25.76µm
_18177_,25.76µm
_18771_,25.76µm
_18997_,25.76µm
_19209_,25.76µm
_19660_,25.76µm
_20061_,25.76µm
_20415_,25.76µm
_20461_,25.76µm
_20704_,25.76µm
_20709_,25.76µm
_20746_,25.76µm
_21115_,25.76µm
_22517_,25.76µm
_23021_,25.76µm
_23231_,25.76µm
_23549_,25.76µm
_23676_,25.76µm
_23691_,25.76µm
_23749_,25.76µm
_23769_,25.76µm
_24043_,25.76µm
_24053_,25.76µm
_24057_,25.76µm
_24476_,25.76µm
_24688_,25.76µm
_24713_,25.76µm
_25237_,25.76µm
_25941_,25.76µm
_26134_,25.76µm
_26279_,25.76µm
_26306_,25.76µm
_26981_,25.76µm
i_core_v_mini_mcu.ao_peripheral_subsystem_i.power_manager_i.power_manager_reg_top_i.intr_state_qs\[16\],25.76µm
i_core_v_mini_mcu.ao_peripheral_subsystem_i.power_manager_i.power_manager_reg_top_i.reg2hw\[251\],25.76µm
i_core_v_mini_mcu.ao_peripheral_subsystem_i.spi_subsystem_i.obi_spimemio_i.spimemio_i.din_qspi,25.76µm
i_core_v_mini_mcu.cpu_subsystem_i.cpu_0_0.rf_ram_i.memory\[108\]\[1\],25.76µm
i_core_v_mini_mcu.cpu_subsystem_i.cpu_0_0.rf_ram_i.memory\[180\]\[0\],25.76µm
i_core_v_mini_mcu.cpu_subsystem_i.cpu_0_0.rf_ram_i.memory\[208\]\[1\],25.76µm
i_core_v_mini_mcu.cpu_subsystem_i.cpu_0_0.rf_ram_i.memory\[297\]\[1\],25.76µm
i_core_v_mini_mcu.cpu_subsystem_i.cpu_1_0.rf_ram_i.memory\[181\]\[0\],25.76µm
i_core_v_mini_mcu.cpu_subsystem_i.cpu_1_0.rf_ram_i.memory\[301\]\[1\],25.76µm
i_core_v_mini_mcu.cpu_subsystem_i.cpu_1_0.rf_ram_i.memory\[45\]\[1\],25.76µm
i_core_v_mini_mcu.memory_subsystem_i.ram0_i.tc_ram_i.sram\[7\]\[12\],25.76µm
i_core_v_mini_mcu.peripheral_subsystem_i.obi_fifo_i.consumer_data_req_q\[35\],25.76µm
i_core_v_mini_mcu.peripheral_subsystem_i.obi_fifo_i.consumer_resp_i\[17\],25.76µm
i_core_v_mini_mcu.peripheral_subsystem_i.uart_i.uart_core.nco_sum_q\[7\],25.53µm
i_core_v_mini_mcu.cpu_subsystem_i.cpu_1_0.rf_ram_i.memory\[19\]\[0\],25.48µm
i_core_v_mini_mcu.memory_subsystem_i.ram0_i.tc_ram_i.sram\[9\]\[0\],25.48µm
_17954_,25.45µm
_14614_,25.4µm
_14843_,25.4µm
_15180_,25.4µm
_15575_,25.4µm
_16631_,25.4µm
_16773_,25.4µm
_17264_,25.4µm
i_core_v_mini_mcu.ao_peripheral_subsystem_i.power_manager_i.power_manager_reg_top_i.cpu_switch_off_counter_qs\[3\],25.4µm
_05614_,25.35µm
_06571_,25.35µm
_08633_,25.35µm
_08862_,25.35µm
_09452_,25.35µm
_10146_,25.35µm
_14508_,25.35µm
_14552_,25.35µm
_16083_,25.35µm
_16643_,25.35µm
_16815_,25.35µm
_17018_,25.35µm
_17637_,25.35µm
_06122_,25.3µm
_06223_,25.3µm
_07249_,25.3µm
_07721_,25.3µm
_08605_,25.3µm
_10958_,25.3µm
_12472_,25.3µm
_17619_,25.3µm
_23052_,25.3µm
_24751_,25.3µm
i_core_v_mini_mcu.ao_peripheral_subsystem_i.obi_fifo_i.consumer_data_req\[53\],25.3µm
i_core_v_mini_mcu.ao_peripheral_subsystem_i.power_manager_i.power_manager_reg_top_i.en_wait_for_intr_qs\[28\],25.3µm
i_core_v_mini_mcu.ao_peripheral_subsystem_i.soc_ctrl_i.soc_ctrl_reg_top_i.system_frequency_hz_qs\[31\],25.3µm
i_core_v_mini_mcu.ao_peripheral_subsystem_i.spi_subsystem_i.obi_spimemio_i.spimemio_i.buffer\[9\],25.3µm
i_core_v_mini_mcu.ao_peripheral_subsystem_i.tdu_i.task_mem\[7\]\[25\],25.3µm
i_core_v_mini_mcu.cpu_subsystem_i.cpu_0_0.i_servile.cpu.csr_addr\[0\],25.3µm
i_core_v_mini_mcu.cpu_subsystem_i.cpu_0_0.i_servile.cpu.immdec.gen_immdec_w_eq_1.imm24_20\[0\],25.3µm
i_core_v_mini_mcu.cpu_subsystem_i.cpu_0_0.rf_ram_i.memory\[429\]\[0\],25.3µm
i_core_v_mini_mcu.cpu_subsystem_i.cpu_0_0.rf_ram_i.memory\[521\]\[1\],25.3µm
i_core_v_mini_mcu.cpu_subsystem_i.cpu_0_0.rf_ram_i.memory\[549\]\[0\],25.3µm
i_core_v_mini_mcu.cpu_subsystem_i.cpu_1_0.rf_ram_i.memory\[177\]\[1\],25.3µm
i_core_v_mini_mcu.cpu_subsystem_i.cpu_1_0.rf_ram_i.memory\[469\]\[0\],25.3µm
i_core_v_mini_mcu.memory_subsystem_i.ram0_i.tc_ram_i.sram\[18\]\[11\],25.3µm
i_core_v_mini_mcu.memory_subsystem_i.ram0_i.tc_ram_i.sram\[18\]\[1\],25.3µm
i_core_v_mini_mcu.memory_subsystem_i.ram0_i.tc_ram_i.sram\[22\]\[17\],25.3µm
i_core_v_mini_mcu.memory_subsystem_i.ram0_i.tc_ram_i.sram\[23\]\[0\],25.3µm
i_core_v_mini_mcu.memory_subsystem_i.ram0_i.tc_ram_i.sram\[30\]\[1\],25.3µm
i_core_v_mini_mcu.memory_subsystem_i.ram0_i.tc_ram_i.sram\[9\]\[1\],25.3µm
i_core_v_mini_mcu.peripheral_subsystem_i.uart_i.uart_core.rx_timeout_count_q\[17\],25.3µm
_00101_,25.25µm
_00212_,25.25µm
_04213_,25.25µm
_04959_,25.25µm
_06255_,25.25µm
_07290_,25.25µm
_07954_,25.25µm
_08089_,25.25µm
_08160_,25.25µm
_09625_,25.25µm
_09894_,25.25µm
_10114_,25.25µm
_10136_,25.25µm
_10245_,25.25µm
_10453_,25.25µm
_10772_,25.25µm
_10895_,25.25µm
_11686_,25.25µm
_11947_,25.25µm
_12301_,25.25µm
_12982_,25.25µm
_13397_,25.25µm
_13442_,25.25µm
_13672_,25.25µm
_13806_,25.25µm
_13914_,25.25µm
_13957_,25.25µm
_14133_,25.25µm
_14149_,25.25µm
_15385_,25.25µm
_15545_,25.25µm
_15879_,25.25µm
_16214_,25.25µm
_16974_,25.25µm
_17439_,25.25µm
_19444_,25.25µm
_20346_,25.25µm
_20389_,25.25µm
_20391_,25.25µm
_20556_,25.25µm
_21088_,25.25µm
_22820_,25.25µm
_23279_,25.25µm
_23371_,25.25µm
_23487_,25.25µm
_23645_,25.25µm
_24153_,25.25µm
_24451_,25.25µm
_24485_,25.25µm
_25019_,25.25µm
_25509_,25.25µm
_25608_,25.25µm
_25996_,25.25µm
_26001_,25.25µm
_26157_,25.25µm
_26418_,25.25µm
_26434_,25.25µm
_26534_,25.25µm
_26609_,25.25µm
_26789_,25.25µm
_26938_,25.25µm
_27070_,25.25µm
_27144_,25.25µm
_27154_,25.25µm
_27252_,25.25µm
i_core_v_mini_mcu.ao_peripheral_subsystem_i.obi_fifo_i.consumer_data_req_q\[67\],25.25µm
i_core_v_mini_mcu.ao_peripheral_subsystem_i.power_manager_i.power_manager_reg_top_i.cpu_counters_stop_cpu_switch_on_stop_bit_counter_qs,25.25µm
i_core_v_mini_mcu.ao_peripheral_subsystem_i.power_manager_i.reg_to_counter_cpu_powergate_iso_on_i.counter_curr_state\[0\],25.25µm
i_core_v_mini_mcu.ao_peripheral_subsystem_i.soc_ctrl_i.reg2hw\[7\],25.25µm
i_core_v_mini_mcu.ao_peripheral_subsystem_i.spi_subsystem_i.obi_spimemio_i.obi_to_picorv32_i.picorv32_resp_i\[10\],25.25µm
i_core_v_mini_mcu.ao_peripheral_subsystem_i.tdu_i.task_mem\[2\]\[12\],25.25µm
i_core_v_mini_mcu.ao_peripheral_subsystem_i.tdu_i.task_mem\[3\]\[10\],25.25µm
i_core_v_mini_mcu.cpu_subsystem_i.cpu_0_0.rf_ram_i.memory\[113\]\[1\],25.25µm
i_core_v_mini_mcu.cpu_subsystem_i.cpu_0_0.rf_ram_i.memory\[118\]\[0\],25.25µm
i_core_v_mini_mcu.cpu_subsystem_i.cpu_0_0.rf_ram_i.memory\[120\]\[0\],25.25µm
i_core_v_mini_mcu.cpu_subsystem_i.cpu_0_0.rf_ram_i.memory\[135\]\[1\],25.25µm
i_core_v_mini_mcu.cpu_subsystem_i.cpu_0_0.rf_ram_i.memory\[154\]\[1\],25.25µm
i_core_v_mini_mcu.cpu_subsystem_i.cpu_0_0.rf_ram_i.memory\[228\]\[1\],25.25µm
i_core_v_mini_mcu.cpu_subsystem_i.cpu_0_0.rf_ram_i.memory\[310\]\[1\],25.25µm
i_core_v_mini_mcu.cpu_subsystem_i.cpu_0_0.rf_ram_i.memory\[393\]\[0\],25.25µm
i_core_v_mini_mcu.cpu_subsystem_i.cpu_0_0.rf_ram_i.memory\[412\]\[1\],25.25µm
i_core_v_mini_mcu.cpu_subsystem_i.cpu_0_0.rf_ram_i.memory\[437\]\[0\],25.25µm
i_core_v_mini_mcu.cpu_subsystem_i.cpu_0_0.rf_ram_i.memory\[454\]\[0\],25.25µm
i_core_v_mini_mcu.cpu_subsystem_i.cpu_0_0.rf_ram_i.memory\[458\]\[0\],25.25µm
i_core_v_mini_mcu.cpu_subsystem_i.cpu_0_0.rf_ram_i.memory\[554\]\[1\],25.25µm
i_core_v_mini_mcu.cpu_subsystem_i.cpu_1_0.i_servile.cpu.decode.o_immdec_ctrl\[1\],25.25µm
i_core_v_mini_mcu.cpu_subsystem_i.cpu_1_0.rf_ram_i.memory\[110\]\[0\],25.25µm
i_core_v_mini_mcu.cpu_subsystem_i.cpu_1_0.rf_ram_i.memory\[131\]\[1\],25.25µm
i_core_v_mini_mcu.cpu_subsystem_i.cpu_1_0.rf_ram_i.memory\[134\]\[1\],25.25µm
i_core_v_mini_mcu.cpu_subsystem_i.cpu_1_0.rf_ram_i.memory\[142\]\[0\],25.25µm
i_core_v_mini_mcu.cpu_subsystem_i.cpu_1_0.rf_ram_i.memory\[191\]\[1\],25.25µm
i_core_v_mini_mcu.cpu_subsystem_i.cpu_1_0.rf_ram_i.memory\[219\]\[1\],25.25µm
i_core_v_mini_mcu.cpu_subsystem_i.cpu_1_0.rf_ram_i.memory\[340\]\[1\],25.25µm
i_core_v_mini_mcu.cpu_subsystem_i.cpu_1_0.rf_ram_i.memory\[357\]\[1\],25.25µm
i_core_v_mini_mcu.cpu_subsystem_i.cpu_1_0.rf_ram_i.memory\[494\]\[1\],25.25µm
i_core_v_mini_mcu.cpu_subsystem_i.cpu_1_0.rf_ram_i.memory\[87\]\[1\],25.25µm
i_core_v_mini_mcu.memory_subsystem_i.ram0_i.tc_ram_i.sram\[13\]\[29\],25.25µm
i_core_v_mini_mcu.memory_subsystem_i.ram0_i.tc_ram_i.sram\[29\]\[21\],25.25µm
i_core_v_mini_mcu.memory_subsystem_i.ram0_i.tc_ram_i.sram\[6\]\[31\],25.25µm
i_core_v_mini_mcu.peripheral_subsystem_i.obi_fifo_i.consumer_resp_i\[26\],25.25µm
net1057,25.25µm
_03726_,25.2µm
_03860_,25.2µm
_04100_,25.2µm
_04428_,25.2µm
_04750_,25.2µm
_04931_,25.2µm
_07426_,25.2µm
_07602_,25.2µm
_07978_,25.2µm
_08029_,25.2µm
_08147_,25.2µm
_08288_,25.2µm
_08426_,25.2µm
_08447_,25.2µm
_08629_,25.2µm
_08685_,25.2µm
_09846_,25.2µm
_10250_,25.2µm
_10872_,25.2µm
_10981_,25.2µm
_11585_,25.2µm
_13248_,25.2µm
_14403_,25.2µm
_14408_,25.2µm
_15209_,25.2µm
_15392_,25.2µm
_17146_,25.2µm
_18520_,25.2µm
_18983_,25.2µm
_18996_,25.2µm
_19168_,25.2µm
_20333_,25.2µm
_20729_,25.2µm
_21479_,25.2µm
_22588_,25.2µm
_23206_,25.2µm
_23759_,25.2µm
_23830_,25.2µm
_24611_,25.2µm
_25016_,25.2µm
_25287_,25.2µm
_25425_,25.2µm
_25535_,25.2µm
_26770_,25.2µm
_26963_,25.2µm
_27305_,25.2µm
_27328_,25.2µm
_27853_,25.2µm
_28122_,25.2µm
exit_value_int\[18\],25.2µm
i_core_v_mini_mcu.ao_peripheral_subsystem_i.obi_fifo_i.consumer_data_req_q\[63\],25.2µm
i_core_v_mini_mcu.ao_peripheral_subsystem_i.power_manager_i.power_manager_reg_top_i.u_intr_state.wr_data\[14\],25.2µm
i_core_v_mini_mcu.ao_peripheral_subsystem_i.soc_ctrl_i.reg2hw\[10\],25.2µm
i_core_v_mini_mcu.ao_peripheral_subsystem_i.spi_subsystem_i.obi_spimemio_i.obi_to_picorv32_i.obi_resp_o\[19\],25.2µm
i_core_v_mini_mcu.ao_peripheral_subsystem_i.tdu_i.active_hart_cycles_q\[11\],25.2µm
i_core_v_mini_mcu.cpu_subsystem_i.cpu_0_0.rf_ram_i.memory\[284\]\[1\],25.2µm
i_core_v_mini_mcu.cpu_subsystem_i.cpu_0_0.rf_ram_i.memory\[365\]\[0\],25.2µm
i_core_v_mini_mcu.cpu_subsystem_i.cpu_0_0.rf_ram_i.memory\[391\]\[1\],25.2µm
i_core_v_mini_mcu.cpu_subsystem_i.cpu_0_0.rf_ram_i.memory\[421\]\[0\],25.2µm
i_core_v_mini_mcu.cpu_subsystem_i.cpu_0_0.rf_ram_i.memory\[492\]\[1\],25.2µm
i_core_v_mini_mcu.cpu_subsystem_i.cpu_1_0.i_servile.cpu.decode.o_two_stage_op,25.2µm
i_core_v_mini_mcu.cpu_subsystem_i.cpu_1_0.rf_ram_i.memory\[178\]\[1\],25.2µm
i_core_v_mini_mcu.memory_subsystem_i.ram0_i.tc_ram_i.sram\[28\]\[5\],25.2µm
i_core_v_mini_mcu.memory_subsystem_i.ram0_i.tc_ram_i.sram\[28\]\[9\],25.2µm
i_core_v_mini_mcu.memory_subsystem_i.ram0_i.tc_ram_i.sram\[29\]\[2\],25.2µm
i_core_v_mini_mcu.memory_subsystem_i.ram0_i.tc_ram_i.sram\[2\]\[6\],25.2µm
i_core_v_mini_mcu.memory_subsystem_i.ram0_i.tc_ram_i.sram\[7\]\[14\],25.2µm
i_core_v_mini_mcu.peripheral_subsystem_i.obi_fifo_i.consumer_data_req\[12\],25.2µm
uart_tx_o,25.06µm
_06085_,25.02µm
_13514_,24.97µm
_25303_,24.97µm
i_core_v_mini_mcu.cpu_subsystem_i.cpu_1_0.rf_ram_i.memory\[394\]\[1\],24.97µm
i_core_v_mini_mcu.cpu_subsystem_i.cpu_1_0.rf_ram_i.memory\[448\]\[1\],24.97µm
i_core_v_mini_mcu.cpu_subsystem_i.cpu_0_0.rf_ram_i.memory\[193\]\[0\],24.92µm
i_core_v_mini_mcu.cpu_subsystem_i.cpu_1_0.rf_ram_i.memory\[32\]\[0\],24.92µm
_08533_,24.84µm
_08690_,24.84µm
_14582_,24.84µm
_16208_,24.84µm
_17925_,24.84µm
_18133_,24.84µm
i_core_v_mini_mcu.ao_peripheral_subsystem_i.clint_mtime_o\[36\],24.84µm
_14514_,24.79µm
_17218_,24.79µm
_23810_,24.79µm
i_core_v_mini_mcu.ao_peripheral_subsystem_i.power_manager_i.power_manager_reg_top_i.global_pointer_qs\[29\],24.79µm
i_core_v_mini_mcu.ao_peripheral_subsystem_i.power_manager_i.power_manager_reg_top_i.reg2hw\[250\],24.79µm
i_core_v_mini_mcu.ao_peripheral_subsystem_i.tdu_i.task_mem\[5\]\[28\],24.79µm
i_core_v_mini_mcu.cpu_subsystem_i.cpu_0_0.rf_ram_i.memory\[376\]\[0\],24.79µm
i_core_v_mini_mcu.cpu_subsystem_i.cpu_0_0.rf_ram_i.memory\[464\]\[0\],24.79µm
i_core_v_mini_mcu.cpu_subsystem_i.cpu_1_0.i_servile.cpu.immdec.gen_immdec_w_eq_1.imm11_7\[3\],24.79µm
i_core_v_mini_mcu.cpu_subsystem_i.cpu_1_0.rf_ram_i.memory\[397\]\[1\],24.79µm
i_core_v_mini_mcu.memory_subsystem_i.ram0_i.tc_ram_i.sram\[0\]\[31\],24.79µm
i_core_v_mini_mcu.memory_subsystem_i.ram0_i.tc_ram_i.sram\[24\]\[17\],24.79µm
i_core_v_mini_mcu.memory_subsystem_i.ram0_i.tc_ram_i.sram\[7\]\[11\],24.79µm
i_core_v_mini_mcu.peripheral_subsystem_i.uart_i.uart_core.nco_sum_q\[6\],24.79µm
_06128_,24.74µm
_06495_,24.74µm
_07865_,24.74µm
_08989_,24.74µm
_09181_,24.74µm
_09622_,24.74µm
_10335_,24.74µm
_11713_,24.74µm
_15248_,24.74µm
_15663_,24.74µm
_16373_,24.74µm
_18417_,24.74µm
_22769_,24.74µm
_23249_,24.74µm
_23661_,24.74µm
_26378_,24.74µm
_26709_,24.74µm
i_core_v_mini_mcu.ao_peripheral_subsystem_i.clint_mtime_o\[58\],24.74µm
i_core_v_mini_mcu.ao_peripheral_subsystem_i.obi_fifo_i.consumer_data_req_q\[23\],24.74µm
i_core_v_mini_mcu.ao_peripheral_subsystem_i.obi_fifo_i.consumer_data_req_q\[49\],24.74µm
i_core_v_mini_mcu.ao_peripheral_subsystem_i.power_manager_i.power_manager_reg_top_i.cpu_counters_stop_cpu_switch_off_stop_bit_counter_qs,24.74µm
i_core_v_mini_mcu.ao_peripheral_subsystem_i.tdu_i.task_mem\[6\]\[13\],24.74µm
i_core_v_mini_mcu.cpu_subsystem_i.cpu_0_0.i_servile.cpu.gen_align.align.ibus_rdt_concat\[5\],24.74µm
i_core_v_mini_mcu.cpu_subsystem_i.cpu_0_0.rf_ram_i.memory\[152\]\[0\],24.74µm
i_core_v_mini_mcu.cpu_subsystem_i.cpu_0_0.rf_ram_i.memory\[191\]\[0\],24.74µm
i_core_v_mini_mcu.cpu_subsystem_i.cpu_0_0.rf_ram_i.memory\[216\]\[0\],24.74µm
i_core_v_mini_mcu.cpu_subsystem_i.cpu_0_0.rf_ram_i.memory\[266\]\[0\],24.74µm
i_core_v_mini_mcu.cpu_subsystem_i.cpu_0_0.rf_ram_i.memory\[30\]\[0\],24.74µm
i_core_v_mini_mcu.cpu_subsystem_i.cpu_0_0.rf_ram_i.memory\[48\]\[1\],24.74µm
i_core_v_mini_mcu.cpu_subsystem_i.cpu_1_0.i_servile.cpu.bufreg.i_imm_en,24.74µm
i_core_v_mini_mcu.cpu_subsystem_i.cpu_1_0.rf_ram_i.memory\[171\]\[1\],24.74µm
i_core_v_mini_mcu.cpu_subsystem_i.cpu_1_0.rf_ram_i.memory\[199\]\[0\],24.74µm
i_core_v_mini_mcu.cpu_subsystem_i.cpu_1_0.rf_ram_i.memory\[233\]\[1\],24.74µm
i_core_v_mini_mcu.cpu_subsystem_i.cpu_1_0.rf_ram_i.memory\[254\]\[0\],24.74µm
i_core_v_mini_mcu.cpu_subsystem_i.cpu_1_0.rf_ram_i.memory\[414\]\[1\],24.74µm
i_core_v_mini_mcu.cpu_subsystem_i.cpu_1_0.rf_ram_i.memory\[422\]\[0\],24.74µm
i_core_v_mini_mcu.cpu_subsystem_i.cpu_1_0.rf_ram_i.memory\[493\]\[1\],24.74µm
i_core_v_mini_mcu.memory_subsystem_i.ram0_i.tc_ram_i.sram\[16\]\[19\],24.74µm
i_core_v_mini_mcu.memory_subsystem_i.ram0_i.tc_ram_i.sram\[5\]\[24\],24.74µm
i_core_v_mini_mcu.peripheral_subsystem_i.uart_i.uart_core.rx_sync_q1,24.74µm
i_core_v_mini_mcu.peripheral_subsystem_i.uart_i.uart_core.u_uart_rxfifo.gen_normal_fifo.storage\[8\],24.74µm
_03930_,24.69µm
_05093_,24.69µm
_05793_,24.69µm
_06952_,24.69µm
_06954_,24.69µm
_07813_,24.69µm
_08015_,24.69µm
_08099_,24.69µm
_08234_,24.69µm
_08262_,24.69µm
_08490_,24.69µm
_09309_,24.69µm
_09350_,24.69µm
_10027_,24.69µm
_10316_,24.69µm
_10916_,24.69µm
_11722_,24.69µm
_12138_,24.69µm
_12290_,24.69µm
_13693_,24.69µm
_14020_,24.69µm
_14870_,24.69µm
_15670_,24.69µm
_16669_,24.69µm
_18745_,24.69µm
_19465_,24.69µm
_19743_,24.69µm
_19817_,24.69µm
_20357_,24.69µm
_20541_,24.69µm
_20573_,24.69µm
_20646_,24.69µm
_20668_,24.69µm
_21291_,24.69µm
_21607_,24.69µm
_21831_,24.69µm
_21948_,24.69µm
_22022_,24.69µm
_23359_,24.69µm
_23493_,24.69µm
_23514_,24.69µm
_23570_,24.69µm
_24355_,24.69µm
_24762_,24.69µm
_24815_,24.69µm
_25156_,24.69µm
_25644_,24.69µm
_26052_,24.69µm
_26539_,24.69µm
_28111_,24.69µm
i_core_v_mini_mcu.ao_peripheral_subsystem_i.clint_mtime_o\[9\],24.69µm
i_core_v_mini_mcu.ao_peripheral_subsystem_i.mosaic_clint_i.mtimecmp_q\[61\],24.69µm
i_core_v_mini_mcu.ao_peripheral_subsystem_i.power_manager_i.power_manager_reg_top_i.reg2hw\[222\],24.69µm
i_core_v_mini_mcu.ao_peripheral_subsystem_i.spi_subsystem_i.obi_spimemio_i.obi_to_picorv32_i.obi_resp_o\[12\],24.69µm
i_core_v_mini_mcu.ao_peripheral_subsystem_i.tdu_i.task_mem\[2\]\[24\],24.69µm
i_core_v_mini_mcu.cpu_subsystem_i.cpu_0_0.i_servile.arbiter.i_wb_cpu_dbus_adr\[24\],24.69µm
i_core_v_mini_mcu.cpu_subsystem_i.cpu_0_0.rf_ram_i.memory\[137\]\[0\],24.69µm
i_core_v_mini_mcu.cpu_subsystem_i.cpu_0_0.rf_ram_i.memory\[347\]\[0\],24.69µm
i_core_v_mini_mcu.cpu_subsystem_i.cpu_0_0.rf_ram_i.memory\[404\]\[0\],24.69µm
i_core_v_mini_mcu.cpu_subsystem_i.cpu_0_0.rf_ram_i.memory\[434\]\[0\],24.69µm
i_core_v_mini_mcu.cpu_subsystem_i.cpu_0_0.rf_ram_i.memory\[453\]\[1\],24.69µm
i_core_v_mini_mcu.cpu_subsystem_i.cpu_0_0.rf_ram_i.memory\[495\]\[0\],24.69µm
i_core_v_mini_mcu.cpu_subsystem_i.cpu_0_0.rf_ram_i.memory\[4\]\[1\],24.69µm
i_core_v_mini_mcu.cpu_subsystem_i.cpu_0_0.rf_ram_i.memory\[94\]\[1\],24.69µm
i_core_v_mini_mcu.cpu_subsystem_i.cpu_1_0.rf_ram_i.memory\[13\]\[1\],24.69µm
i_core_v_mini_mcu.cpu_subsystem_i.cpu_1_0.rf_ram_i.memory\[298\]\[1\],24.69µm
i_core_v_mini_mcu.cpu_subsystem_i.cpu_1_0.rf_ram_i.memory\[78\]\[1\],24.69µm
i_core_v_mini_mcu.memory_subsystem_i.ram0_i.tc_ram_i.sram\[12\]\[24\],24.69µm
i_core_v_mini_mcu.memory_subsystem_i.ram0_i.tc_ram_i.sram\[14\]\[27\],24.69µm
i_core_v_mini_mcu.memory_subsystem_i.ram0_i.tc_ram_i.sram\[16\]\[7\],24.69µm
i_core_v_mini_mcu.memory_subsystem_i.ram0_i.tc_ram_i.sram\[17\]\[1\],24.69µm
i_core_v_mini_mcu.memory_subsystem_i.ram0_i.tc_ram_i.sram\[17\]\[29\],24.69µm
i_core_v_mini_mcu.memory_subsystem_i.ram0_i.tc_ram_i.sram\[25\]\[23\],24.69µm
i_core_v_mini_mcu.memory_subsystem_i.ram0_i.tc_ram_i.sram\[27\]\[19\],24.69µm
i_core_v_mini_mcu.memory_subsystem_i.ram0_i.tc_ram_i.sram\[5\]\[25\],24.69µm
i_core_v_mini_mcu.memory_subsystem_i.ram0_i.tc_ram_i.sram\[5\]\[26\],24.69µm
i_core_v_mini_mcu.memory_subsystem_i.ram0_i.tc_ram_i.sram\[5\]\[27\],24.69µm
i_core_v_mini_mcu.peripheral_subsystem_i.uart_i.reg2hw\[113\],24.69µm
net1091,24.69µm
_00365_,24.64µm
_00997_,24.64µm
_04132_,24.64µm
_05251_,24.64µm
_05279_,24.64µm
_07103_,24.64µm
_07256_,24.64µm
_07649_,24.64µm
_07652_,24.64µm
_07732_,24.64µm
_08300_,24.64µm
_10310_,24.64µm
_10350_,24.64µm
_11694_,24.64µm
_12102_,24.64µm
_12241_,24.64µm
_12255_,24.64µm
_12640_,24.64µm
_13070_,24.64µm
_13375_,24.64µm
_15440_,24.64µm
_15764_,24.64µm
_15802_,24.64µm
_16833_,24.64µm
_16978_,24.64µm
_17859_,24.64µm
_19964_,24.64µm
_20379_,24.64µm
_20420_,24.64µm
_20596_,24.64µm
_20906_,24.64µm
_21051_,24.64µm
_23747_,24.64µm
_24062_,24.64µm
_24455_,24.64µm
_24516_,24.64µm
_25473_,24.64µm
_25552_,24.64µm
_25749_,24.64µm
_26012_,24.64µm
_26206_,24.64µm
_27093_,24.64µm
_27576_,24.64µm
_27663_,24.64µm
_27900_,24.64µm
i_core_v_mini_mcu.ao_peripheral_subsystem_i.power_manager_i.power_manager_reg_top_i.cpu_switch_on_counter_qs\[6\],24.64µm
i_core_v_mini_mcu.ao_peripheral_subsystem_i.spi_subsystem_i.obi_spimemio_i.spimemio_i.rd_addr\[3\],24.64µm
i_core_v_mini_mcu.core_data_req\[9\],24.64µm
i_core_v_mini_mcu.cpu_subsystem_i.cpu_0_0.i_servile.cpu.immdec.gen_immdec_w_eq_1.imm30_25\[5\],24.64µm
i_core_v_mini_mcu.cpu_subsystem_i.cpu_0_0.rf_ram_i.memory\[244\]\[1\],24.64µm
i_core_v_mini_mcu.cpu_subsystem_i.cpu_1_0.rf_ram_i.memory\[299\]\[1\],24.64µm
i_core_v_mini_mcu.cpu_subsystem_i.cpu_1_0.rf_ram_i.memory\[339\]\[1\],24.64µm
i_core_v_mini_mcu.cpu_subsystem_i.cpu_1_0.rf_ram_i.memory\[383\]\[0\],24.64µm
i_core_v_mini_mcu.memory_subsystem_i.ram0_i.tc_ram_i.sram\[12\]\[6\],24.64µm
i_core_v_mini_mcu.memory_subsystem_i.ram0_i.tc_ram_i.sram\[15\]\[8\],24.64µm
i_core_v_mini_mcu.memory_subsystem_i.ram0_i.tc_ram_i.sram\[16\]\[15\],24.64µm
i_core_v_mini_mcu.memory_subsystem_i.ram0_i.tc_ram_i.sram\[16\]\[8\],24.64µm
i_core_v_mini_mcu.memory_subsystem_i.ram0_i.tc_ram_i.sram\[22\]\[18\],24.64µm
i_core_v_mini_mcu.memory_subsystem_i.ram0_i.tc_ram_i.sram\[22\]\[6\],24.64µm
i_core_v_mini_mcu.peripheral_subsystem_i.obi_fifo_i.consumer_resp_i\[7\],24.64µm
i_core_v_mini_mcu.peripheral_subsystem_i.uart_i.uart_core.u_uart_txfifo.gen_normal_fifo.storage\[28\],24.64µm
_09001_,24.48µm
i_core_v_mini_mcu.memory_subsystem_i.ram0_i.tc_ram_i.sram\[3\]\[31\],24.46µm
i_core_v_mini_mcu.cpu_subsystem_i.cpu_0_0.rf_ram_i.memory\[110\]\[1\],24.41µm
_07963_,24.36µm
_12944_,24.36µm
_26808_,24.36µm
_16408_,24.33µm
_17420_,24.33µm
_17483_,24.33µm
_17657_,24.33µm
_07366_,24.28µm
_09230_,24.28µm
_12429_,24.28µm
_14567_,24.28µm
_15059_,24.28µm
_15578_,24.28µm
_15621_,24.28µm
_15991_,24.28µm
_17281_,24.28µm
_18032_,24.28µm
i_core_v_mini_mcu.cpu_subsystem_i.cpu_1_0.i_servile.cpu.immdec.gen_immdec_w_eq_1.imm11_7\[1\],24.28µm
_09046_,24.23µm
_09150_,24.23µm
_12619_,24.23µm
_15037_,24.23µm
_15159_,24.23µm
_15553_,24.23µm
_16211_,24.23µm
_16638_,24.23µm
_16911_,24.23µm
_17068_,24.23µm
_17486_,24.23µm
_18041_,24.23µm
_18086_,24.23µm
i_core_v_mini_mcu.cpu_subsystem_i.cpu_1_0.rf_ram_i.memory\[192\]\[0\],24.23µm
i_core_v_mini_mcu.cpu_subsystem_i.cpu_1_0.rf_ram_i.memory\[390\]\[0\],24.23µm
i_core_v_mini_mcu.peripheral_subsystem_i.obi_fifo_i.consumer_data_req_q\[66\],24.23µm
_01166_,24.18µm
_08344_,24.18µm
_09348_,24.18µm
_09524_,24.18µm
_09714_,24.18µm
_12993_,24.18µm
_13053_,24.18µm
_15026_,24.18µm
_15323_,24.18µm
_16869_,24.18µm
_18260_,24.18µm
_22162_,24.18µm
_23036_,24.18µm
_23272_,24.18µm
_23440_,24.18µm
_26959_,24.18µm
i_core_v_mini_mcu.ao_peripheral_subsystem_i.mosaic_clint_i.mtimecmp_q\[24\],24.18µm
i_core_v_mini_mcu.ao_peripheral_subsystem_i.tdu_i.task_mem\[0\]\[15\],24.18µm
i_core_v_mini_mcu.cpu_subsystem_i.cpu_0_0.i_servile.cpu.ctrl.o_ibus_adr\[3\],24.18µm
i_core_v_mini_mcu.cpu_subsystem_i.cpu_0_0.rf_ram_i.memory\[214\]\[1\],24.18µm
i_core_v_mini_mcu.cpu_subsystem_i.cpu_0_0.rf_ram_i.memory\[401\]\[1\],24.18µm
i_core_v_mini_mcu.cpu_subsystem_i.cpu_0_0.rf_ram_i.memory\[49\]\[1\],24.18µm
i_core_v_mini_mcu.cpu_subsystem_i.cpu_0_0.rf_ram_i.memory\[524\]\[1\],24.18µm
i_core_v_mini_mcu.cpu_subsystem_i.cpu_0_0.rf_ram_i.memory\[59\]\[0\],24.18µm
i_core_v_mini_mcu.cpu_subsystem_i.cpu_1_0.rf_ram_i.memory\[129\]\[0\],24.18µm
i_core_v_mini_mcu.cpu_subsystem_i.cpu_1_0.rf_ram_i.memory\[186\]\[1\],24.18µm
i_core_v_mini_mcu.cpu_subsystem_i.cpu_1_0.rf_ram_i.memory\[4\]\[1\],24.18µm
i_core_v_mini_mcu.memory_subsystem_i.ram0_i.tc_ram_i.sram\[11\]\[11\],24.18µm
i_core_v_mini_mcu.memory_subsystem_i.ram0_i.tc_ram_i.sram\[2\]\[30\],24.18µm
i_core_v_mini_mcu.memory_subsystem_i.ram0_i.tc_ram_i.sram\[4\]\[4\],24.18µm
i_core_v_mini_mcu.memory_subsystem_i.ram0_i.tc_ram_i.sram\[7\]\[24\],24.18µm
i_core_v_mini_mcu.memory_subsystem_i.ram0_i.tc_ram_i.sram\[8\]\[4\],24.18µm
_04666_,24.13µm
_04834_,24.13µm
_04839_,24.13µm
_05323_,24.13µm
_05456_,24.13µm
_07102_,24.13µm
_07388_,24.13µm
_07487_,24.13µm
_07839_,24.13µm
_08107_,24.13µm
_08154_,24.13µm
_08491_,24.13µm
_08805_,24.13µm
_08951_,24.13µm
_09057_,24.13µm
_09854_,24.13µm
_10204_,24.13µm
_10210_,24.13µm
_10264_,24.13µm
_11284_,24.13µm
_11393_,24.13µm
_11684_,24.13µm
_12188_,24.13µm
_12485_,24.13µm
_12548_,24.13µm
_12901_,24.13µm
_13334_,24.13µm
_13492_,24.13µm
_14147_,24.13µm
_15659_,24.13µm
_16005_,24.13µm
_16366_,24.13µm
_17156_,24.13µm
_17824_,24.13µm
_18527_,24.13µm
_19811_,24.13µm
_20071_,24.13µm
_20336_,24.13µm
_22320_,24.13µm
_22719_,24.13µm
_23527_,24.13µm
_23644_,24.13µm
_24522_,24.13µm
_25070_,24.13µm
_25187_,24.13µm
_25428_,24.13µm
_25664_,24.13µm
_25670_,24.13µm
_26135_,24.13µm
_26274_,24.13µm
_26832_,24.13µm
_27197_,24.13µm
i_core_v_mini_mcu.ao_peripheral_subsystem_i.obi_fifo_i.consumer_data_req_q\[56\],24.13µm
i_core_v_mini_mcu.ao_peripheral_subsystem_i.obi_fifo_i.consumer_resp_i\[9\],24.13µm
i_core_v_mini_mcu.ao_peripheral_subsystem_i.power_manager_i.power_manager_reg_top_i.cpu_iso_on_counter_qs\[5\],24.13µm
i_core_v_mini_mcu.ao_peripheral_subsystem_i.spi_subsystem_i.obi_spimemio_i.spimemio_i.din_valid,24.13µm
i_core_v_mini_mcu.ao_peripheral_subsystem_i.tdu_i.task_mem\[4\]\[22\],24.13µm
i_core_v_mini_mcu.cpu_subsystem_i.cpu_0_0.i_servile.cpu.decode.o_e_op,24.13µm
i_core_v_mini_mcu.cpu_subsystem_i.cpu_0_0.rf_ram_i.memory\[263\]\[1\],24.13µm
i_core_v_mini_mcu.cpu_subsystem_i.cpu_0_0.rf_ram_i.memory\[286\]\[1\],24.13µm
i_core_v_mini_mcu.cpu_subsystem_i.cpu_0_0.rf_ram_i.memory\[287\]\[0\],24.13µm
i_core_v_mini_mcu.cpu_subsystem_i.cpu_0_0.rf_ram_i.memory\[346\]\[1\],24.13µm
i_core_v_mini_mcu.cpu_subsystem_i.cpu_0_0.rf_ram_i.memory\[360\]\[1\],24.13µm
i_core_v_mini_mcu.cpu_subsystem_i.cpu_0_0.rf_ram_i.memory\[417\]\[1\],24.13µm
i_core_v_mini_mcu.cpu_subsystem_i.cpu_0_0.rf_ram_i.memory\[523\]\[1\],24.13µm
i_core_v_mini_mcu.cpu_subsystem_i.cpu_1_0.rf_ram_i.memory\[167\]\[1\],24.13µm
i_core_v_mini_mcu.cpu_subsystem_i.cpu_1_0.rf_ram_i.memory\[194\]\[1\],24.13µm
i_core_v_mini_mcu.cpu_subsystem_i.cpu_1_0.rf_ram_i.memory\[205\]\[0\],24.13µm
i_core_v_mini_mcu.cpu_subsystem_i.cpu_1_0.rf_ram_i.memory\[229\]\[0\],24.13µm
i_core_v_mini_mcu.cpu_subsystem_i.cpu_1_0.rf_ram_i.memory\[300\]\[0\],24.13µm
i_core_v_mini_mcu.cpu_subsystem_i.cpu_1_0.rf_ram_i.memory\[42\]\[0\],24.13µm
i_core_v_mini_mcu.cpu_subsystem_i.cpu_1_0.rf_ram_i.memory\[45\]\[0\],24.13µm
i_core_v_mini_mcu.memory_subsystem_i.ram0_i.tc_ram_i.sram\[17\]\[10\],24.13µm
i_core_v_mini_mcu.memory_subsystem_i.ram0_i.tc_ram_i.sram\[18\]\[27\],24.13µm
i_core_v_mini_mcu.memory_subsystem_i.ram0_i.tc_ram_i.sram\[27\]\[8\],24.13µm
i_core_v_mini_mcu.memory_subsystem_i.ram0_i.tc_ram_i.sram\[7\]\[3\],24.13µm
i_core_v_mini_mcu.peripheral_subsystem_i.obi_fifo_i.consumer_resp_i\[4\],24.13µm
i_core_v_mini_mcu.peripheral_subsystem_i.uart_i.reg2hw\[76\],24.13µm
i_core_v_mini_mcu.peripheral_subsystem_i.uart_i.uart_core.allzero_cnt_q\[2\],24.13µm
i_core_v_mini_mcu.peripheral_subsystem_i.uart_i.uart_core.u_uart_rxfifo.gen_normal_fifo.storage\[3\],24.13µm
_00237_,24.08µm
_00412_,24.08µm
_03088_,24.08µm
_05113_,24.08µm
_05132_,24.08µm
_06993_,24.08µm
_07312_,24.08µm
_07600_,24.08µm
_08471_,24.08µm
_08586_,24.08µm
_08705_,24.08µm
_09991_,24.08µm
_10078_,24.08µm
_10181_,24.08µm
_10393_,24.08µm
_10670_,24.08µm
_11022_,24.08µm
_11548_,24.08µm
_11662_,24.08µm
_11757_,24.08µm
_11846_,24.08µm
_11920_,24.08µm
_12034_,24.08µm
_12354_,24.08µm
_12769_,24.08µm
_12841_,24.08µm
_13362_,24.08µm
_13790_,24.08µm
_14251_,24.08µm
_14855_,24.08µm
_16055_,24.08µm
_16330_,24.08µm
_16694_,24.08µm
_16852_,24.08µm
_18111_,24.08µm
_18521_,24.08µm
_18553_,24.08µm
_19441_,24.08µm
_19651_,24.08µm
_19987_,24.08µm
_20070_,24.08µm
_20117_,24.08µm
_20761_,24.08µm
_20771_,24.08µm
_20903_,24.08µm
_20985_,24.08µm
_21405_,24.08µm
_22002_,24.08µm
_22725_,24.08µm
_23179_,24.08µm
_23900_,24.08µm
_23922_,24.08µm
_24318_,24.08µm
_24374_,24.08µm
_24582_,24.08µm
_24649_,24.08µm
_24832_,24.08µm
_24898_,24.08µm
_25224_,24.08µm
_26486_,24.08µm
_26613_,24.08µm
_27319_,24.08µm
_27347_,24.08µm
_27389_,24.08µm
_27782_,24.08µm
_28016_,24.08µm
_28116_,24.08µm
net1273,24.08µm
i_core_v_mini_mcu.ao_peripheral_subsystem_i.power_manager_i.power_manager_reg_top_i.cpu_iso_off_counter_qs\[13\],24.08µm
i_core_v_mini_mcu.cpu_subsystem_i.cpu_0_0.i_servile.cpu.gen_csr.csr.mcause3_0\[2\],24.08µm
i_core_v_mini_mcu.cpu_subsystem_i.cpu_0_0.rf_ram_i.memory\[136\]\[0\],24.08µm
i_core_v_mini_mcu.cpu_subsystem_i.cpu_0_0.rf_ram_i.memory\[205\]\[0\],24.08µm
i_core_v_mini_mcu.cpu_subsystem_i.cpu_0_0.rf_ram_i.memory\[215\]\[0\],24.08µm
i_core_v_mini_mcu.cpu_subsystem_i.cpu_0_0.rf_ram_i.memory\[264\]\[0\],24.08µm
i_core_v_mini_mcu.cpu_subsystem_i.cpu_0_0.rf_ram_i.memory\[309\]\[1\],24.08µm
i_core_v_mini_mcu.cpu_subsystem_i.cpu_0_0.rf_ram_i.memory\[453\]\[0\],24.08µm
i_core_v_mini_mcu.cpu_subsystem_i.cpu_0_0.rf_ram_i.memory\[467\]\[0\],24.08µm
i_core_v_mini_mcu.cpu_subsystem_i.cpu_0_0.rf_ram_i.memory\[477\]\[1\],24.08µm
i_core_v_mini_mcu.cpu_subsystem_i.cpu_1_0.rf_ram_i.memory\[306\]\[1\],24.08µm
i_core_v_mini_mcu.cpu_subsystem_i.cpu_1_0.rf_ram_i.memory\[77\]\[0\],24.08µm
i_core_v_mini_mcu.memory_subsystem_i.ram0_i.tc_ram_i.sram\[4\]\[13\],24.08µm
i_core_v_mini_mcu.memory_subsystem_i.ram0_i.tc_ram_i.sram\[4\]\[28\],24.08µm
i_core_v_mini_mcu.memory_subsystem_i.ram0_i.tc_ram_i.sram\[5\]\[4\],24.08µm
status_o[4],23.99µm
i_core_v_mini_mcu.cpu_subsystem_i.cpu_0_0.rf_ram_i.memory\[130\]\[0\],23.9µm
_09332_,23.85µm
_15369_,23.77µm
_22942_,23.77µm
_06164_,23.72µm
_07567_,23.72µm
_14579_,23.72µm
_14757_,23.72µm
i_core_v_mini_mcu.ao_peripheral_subsystem_i.clint_mtime_o\[28\],23.72µm
i_core_v_mini_mcu.cpu_subsystem_i.cpu_1_0.rf_ram_i.memory\[490\]\[0\],23.72µm
clknet_leaf_94_i_core_v_mini_mcu.peripheral_subsystem_i.clk_cg,23.72µm
_05668_,23.67µm
_05885_,23.67µm
_07338_,23.67µm
_08906_,23.67µm
_13856_,23.67µm
_14293_,23.67µm
_14627_,23.67µm
_15358_,23.67µm
_15430_,23.67µm
_16335_,23.67µm
_16459_,23.67µm
_16673_,23.67µm
_20393_,23.67µm
_24197_,23.67µm
i_core_v_mini_mcu.ao_peripheral_subsystem_i.spi_subsystem_i.obi_spimemio_i.spimemio_i.config_oe\[2\],23.67µm
i_core_v_mini_mcu.cpu_subsystem_i.cpu_0_0.rf_ram_i.memory\[126\]\[0\],23.67µm
i_core_v_mini_mcu.cpu_subsystem_i.cpu_0_0.rf_ram_i.memory\[411\]\[0\],23.67µm
i_core_v_mini_mcu.cpu_subsystem_i.cpu_1_0.i_servile.cpu.bufreg.i_rs1_en,23.67µm
i_core_v_mini_mcu.cpu_subsystem_i.cpu_1_0.rf_ram_i.memory\[192\]\[1\],23.67µm
_05925_,23.62µm
_05939_,23.62µm
_06727_,23.62µm
_08215_,23.62µm
_08699_,23.62µm
_09070_,23.62µm
_09226_,23.62µm
_10110_,23.62µm
_10116_,23.62µm
_10158_,23.62µm
_11063_,23.62µm
_11413_,23.62µm
_12631_,23.62µm
_13406_,23.62µm
_14761_,23.62µm
_15082_,23.62µm
_18155_,23.62µm
_18233_,23.62µm
_18672_,23.62µm
_20113_,23.62µm
_23620_,23.62µm
_27751_,23.62µm
_27907_,23.62µm
i_core_v_mini_mcu.ao_peripheral_subsystem_i.clint_software_irq_o\[0\],23.62µm
i_core_v_mini_mcu.ao_peripheral_subsystem_i.obi_fifo_i.consumer_data_req\[42\],23.62µm
i_core_v_mini_mcu.ao_peripheral_subsystem_i.obi_fifo_i.consumer_data_req_q\[16\],23.62µm
i_core_v_mini_mcu.ao_peripheral_subsystem_i.obi_fifo_i.consumer_data_req_q\[39\],23.62µm
i_core_v_mini_mcu.ao_peripheral_subsystem_i.power_manager_i.cpu_powergate_counter_expired_switch_off,23.62µm
i_core_v_mini_mcu.ao_peripheral_subsystem_i.power_manager_i.power_manager_reg_top_i.intr_state_qs\[2\],23.62µm
i_core_v_mini_mcu.ao_peripheral_subsystem_i.power_manager_i.power_manager_sequence_ram_0_switch_i.sequence_curr_state\[3\],23.62µm
i_core_v_mini_mcu.ao_peripheral_subsystem_i.power_manager_i.reg_to_counter_cpu_powergate_iso_on_i.counter_curr_state\[2\],23.62µm
i_core_v_mini_mcu.ao_peripheral_subsystem_i.spi_subsystem_i.obi_spimemio_i.spimemio_i.rd_addr\[18\],23.62µm
i_core_v_mini_mcu.ao_peripheral_subsystem_i.tdu_i.cpi_est_q\[56\],23.62µm
i_core_v_mini_mcu.ao_peripheral_subsystem_i.tdu_i.task_mem\[4\]\[26\],23.62µm
i_core_v_mini_mcu.cpu_subsystem_i.cpu_0_0.i_servile.cpu.gen_csr.csr.mcause3_0\[0\],23.62µm
i_core_v_mini_mcu.cpu_subsystem_i.cpu_0_0.i_servile.cpu.gen_csr.csr.mie_mtie,23.62µm
i_core_v_mini_mcu.cpu_subsystem_i.cpu_0_0.rf_ram_i.memory\[0\]\[1\],23.62µm
i_core_v_mini_mcu.cpu_subsystem_i.cpu_0_0.rf_ram_i.memory\[11\]\[1\],23.62µm
i_core_v_mini_mcu.cpu_subsystem_i.cpu_0_0.rf_ram_i.memory\[158\]\[0\],23.62µm
i_core_v_mini_mcu.cpu_subsystem_i.cpu_0_0.rf_ram_i.memory\[528\]\[0\],23.62µm
i_core_v_mini_mcu.cpu_subsystem_i.cpu_1_0.rf_ram_i.memory\[149\]\[1\],23.62µm
i_core_v_mini_mcu.cpu_subsystem_i.cpu_1_0.rf_ram_i.memory\[19\]\[1\],23.62µm
i_core_v_mini_mcu.cpu_subsystem_i.cpu_1_0.rf_ram_i.memory\[494\]\[0\],23.62µm
i_core_v_mini_mcu.memory_subsystem_i.ram0_i.tc_ram_i.sram\[24\]\[1\],23.62µm
i_core_v_mini_mcu.memory_subsystem_i.ram0_i.tc_ram_i.sram\[25\]\[12\],23.62µm
i_core_v_mini_mcu.memory_subsystem_i.ram0_i.tc_ram_i.sram\[4\]\[21\],23.62µm
i_core_v_mini_mcu.peripheral_subsystem_i.obi_fifo_i.consumer_data_req_q\[25\],23.62µm
_00285_,23.57µm
_00362_,23.57µm
_03949_,23.57µm
_04131_,23.57µm
_05625_,23.57µm
_05921_,23.57µm
_06211_,23.57µm
_06222_,23.57µm
_06758_,23.57µm
_06936_,23.57µm
_07037_,23.57µm
_07455_,23.57µm
_07815_,23.57µm
_07876_,23.57µm
_08280_,23.57µm
_08701_,23.57µm
_09971_,23.57µm
_10231_,23.57µm
_10269_,23.57µm
_10806_,23.57µm
_10817_,23.57µm
_10940_,23.57µm
_11775_,23.57µm
_11954_,23.57µm
_12062_,23.57µm
_12815_,23.57µm
_13179_,23.57µm
_13214_,23.57µm
_13250_,23.57µm
_14096_,23.57µm
_15150_,23.57µm
_17478_,23.57µm
_17629_,23.57µm
_18998_,23.57µm
_19715_,23.57µm
_19750_,23.57µm
_19780_,23.57µm
_20068_,23.57µm
_20310_,23.57µm
_20428_,23.57µm
_21053_,23.57µm
_21094_,23.57µm
_21969_,23.57µm
_22111_,23.57µm
_23187_,23.57µm
_23259_,23.57µm
_23476_,23.57µm
_24703_,23.57µm
_24747_,23.57µm
_24855_,23.57µm
_25099_,23.57µm
_25448_,23.57µm
_25742_,23.57µm
_25802_,23.57µm
_26098_,23.57µm
_26476_,23.57µm
_26909_,23.57µm
_27098_,23.57µm
_27452_,23.57µm
_27701_,23.57µm
i_core_v_mini_mcu.ao_peripheral_subsystem_i.obi_fifo_i.consumer_data_req_q\[55\],23.57µm
i_core_v_mini_mcu.ao_peripheral_subsystem_i.obi_fifo_i.consumer_resp_i\[12\],23.57µm
i_core_v_mini_mcu.ao_peripheral_subsystem_i.obi_fifo_i.consumer_resp_i\[24\],23.57µm
i_core_v_mini_mcu.ao_peripheral_subsystem_i.power_manager_i.power_manager_reg_top_i.cpu_reset_deassert_counter_qs\[14\],23.57µm
i_core_v_mini_mcu.ao_peripheral_subsystem_i.power_manager_i.power_manager_sequence_periph_iso_i.sequence_curr_state\[3\],23.57µm
i_core_v_mini_mcu.ao_peripheral_subsystem_i.tdu_i.cpi_est_q\[34\],23.57µm
i_core_v_mini_mcu.cpu_subsystem_i.cpu_0_0.i_servile.cpu.decode.o_rd_mem_en,23.57µm
i_core_v_mini_mcu.cpu_subsystem_i.cpu_0_0.rf_ram_i.memory\[109\]\[1\],23.57µm
i_core_v_mini_mcu.cpu_subsystem_i.cpu_0_0.rf_ram_i.memory\[314\]\[1\],23.57µm
i_core_v_mini_mcu.cpu_subsystem_i.cpu_0_0.rf_ram_i.memory\[491\]\[0\],23.57µm
i_core_v_mini_mcu.cpu_subsystem_i.cpu_0_0.rf_ram_i.memory\[509\]\[1\],23.57µm
i_core_v_mini_mcu.cpu_subsystem_i.cpu_0_0.rf_ram_i.memory\[555\]\[1\],23.57µm
i_core_v_mini_mcu.cpu_subsystem_i.cpu_1_0.i_servile.arbiter.i_wb_cpu_dbus_adr\[30\],23.57µm
i_core_v_mini_mcu.cpu_subsystem_i.cpu_1_0.rf_ram_i.memory\[0\]\[1\],23.57µm
i_core_v_mini_mcu.cpu_subsystem_i.cpu_1_0.rf_ram_i.memory\[185\]\[1\],23.57µm
i_core_v_mini_mcu.cpu_subsystem_i.cpu_1_0.rf_ram_i.memory\[223\]\[0\],23.57µm
i_core_v_mini_mcu.cpu_subsystem_i.cpu_1_0.rf_ram_i.memory\[285\]\[0\],23.57µm
i_core_v_mini_mcu.cpu_subsystem_i.cpu_1_0.rf_ram_i.memory\[335\]\[0\],23.57µm
i_core_v_mini_mcu.cpu_subsystem_i.cpu_1_0.rf_ram_i.memory\[388\]\[0\],23.57µm
i_core_v_mini_mcu.cpu_subsystem_i.cpu_1_0.rf_ram_i.memory\[455\]\[1\],23.57µm
i_core_v_mini_mcu.cpu_subsystem_i.cpu_1_0.rf_ram_i.memory\[7\]\[0\],23.57µm
i_core_v_mini_mcu.cpu_subsystem_i.cpu_1_0.rf_ram_i.memory\[96\]\[1\],23.57µm
i_core_v_mini_mcu.memory_subsystem_i.ram0_i.tc_ram_i.sram\[10\]\[5\],23.57µm
i_core_v_mini_mcu.memory_subsystem_i.ram0_i.tc_ram_i.sram\[12\]\[22\],23.57µm
i_core_v_mini_mcu.memory_subsystem_i.ram0_i.tc_ram_i.sram\[19\]\[22\],23.57µm
i_core_v_mini_mcu.memory_subsystem_i.ram0_i.tc_ram_i.sram\[31\]\[18\],23.57µm
i_core_v_mini_mcu.memory_subsystem_i.ram0_i.tc_ram_i.sram\[6\]\[25\],23.57µm
i_core_v_mini_mcu.peripheral_subsystem_i.obi_fifo_i.consumer_resp_i\[10\],23.57µm
i_core_v_mini_mcu.peripheral_subsystem_i.uart_i.uart_core.u_uart_rxfifo.gen_normal_fifo.storage\[30\],23.57µm
_00304_,23.52µm
_01291_,23.52µm
_01638_,23.52µm
_05528_,23.52µm
_05800_,23.52µm
_07900_,23.52µm
_08301_,23.52µm
_08479_,23.52µm
_08654_,23.52µm
_08721_,23.52µm
_09072_,23.52µm
_09891_,23.52µm
_09959_,23.52µm
_10166_,23.52µm
_10684_,23.52µm
_10694_,23.52µm
_10836_,23.52µm
_10949_,23.52µm
_10982_,23.52µm
_11192_,23.52µm
_11244_,23.52µm
_11876_,23.52µm
_12118_,23.52µm
_12129_,23.52µm
_12288_,23.52µm
_12484_,23.52µm
_12655_,23.52µm
_12840_,23.52µm
_13125_,23.52µm
_13464_,23.52µm
_13900_,23.52µm
_13930_,23.52µm
_14056_,23.52µm
_14799_,23.52µm
_15729_,23.52µm
_15886_,23.52µm
_16390_,23.52µm
_17388_,23.52µm
_17770_,23.52µm
_17994_,23.52µm
_18338_,23.52µm
_18510_,23.52µm
_18642_,23.52µm
_19029_,23.52µm
_19171_,23.52µm
_19740_,23.52µm
_19827_,23.52µm
_19921_,23.52µm
_20774_,23.52µm
_20780_,23.52µm
_22113_,23.52µm
_23122_,23.52µm
_23707_,23.52µm
_23722_,23.52µm
_24052_,23.52µm
_25324_,23.52µm
_25355_,23.52µm
_25586_,23.52µm
_26276_,23.52µm
_26443_,23.52µm
_26571_,23.52µm
_26603_,23.52µm
_26614_,23.52µm
_26705_,23.52µm
_27095_,23.52µm
_27563_,23.52µm
_27599_,23.52µm
_27934_,23.52µm
_28002_,23.52µm
i_core_v_mini_mcu.ao_peripheral_subsystem_i.mosaic_clint_i.mtimecmp_q\[30\],23.52µm
i_core_v_mini_mcu.ao_peripheral_subsystem_i.obi_fifo_i.consumer_data_req_q\[13\],23.52µm
i_core_v_mini_mcu.cpu_subsystem_i.cpu_0_0.i_servile.arbiter.i_wb_cpu_dbus_adr\[28\],23.52µm
i_core_v_mini_mcu.cpu_subsystem_i.cpu_0_0.rf_ram_i.memory\[16\]\[0\],23.52µm
i_core_v_mini_mcu.cpu_subsystem_i.cpu_0_0.rf_ram_i.memory\[235\]\[0\],23.52µm
i_core_v_mini_mcu.cpu_subsystem_i.cpu_0_0.rf_ram_i.memory\[246\]\[0\],23.52µm
i_core_v_mini_mcu.cpu_subsystem_i.cpu_0_0.rf_ram_i.memory\[274\]\[1\],23.52µm
i_core_v_mini_mcu.cpu_subsystem_i.cpu_0_0.rf_ram_i.memory\[312\]\[1\],23.52µm
i_core_v_mini_mcu.cpu_subsystem_i.cpu_0_0.rf_ram_i.memory\[359\]\[1\],23.52µm
i_core_v_mini_mcu.cpu_subsystem_i.cpu_0_0.rf_ram_i.memory\[463\]\[0\],23.52µm
i_core_v_mini_mcu.cpu_subsystem_i.cpu_1_0.rf_ram_i.memory\[147\]\[0\],23.52µm
i_core_v_mini_mcu.cpu_subsystem_i.cpu_1_0.rf_ram_i.memory\[188\]\[1\],23.52µm
i_core_v_mini_mcu.cpu_subsystem_i.cpu_1_0.rf_ram_i.memory\[191\]\[0\],23.52µm
i_core_v_mini_mcu.cpu_subsystem_i.cpu_1_0.rf_ram_i.memory\[239\]\[1\],23.52µm
i_core_v_mini_mcu.cpu_subsystem_i.cpu_1_0.rf_ram_i.memory\[386\]\[1\],23.52µm
i_core_v_mini_mcu.cpu_subsystem_i.cpu_1_0.rf_ram_i.memory\[38\]\[0\],23.52µm
i_core_v_mini_mcu.cpu_subsystem_i.cpu_1_0.rf_ram_i.memory\[75\]\[0\],23.52µm
i_core_v_mini_mcu.memory_subsystem_i.ram0_i.tc_ram_i.sram\[11\]\[13\],23.52µm
i_core_v_mini_mcu.memory_subsystem_i.ram0_i.tc_ram_i.sram\[14\]\[13\],23.52µm
i_core_v_mini_mcu.memory_subsystem_i.ram0_i.tc_ram_i.sram\[17\]\[18\],23.52µm
i_core_v_mini_mcu.memory_subsystem_i.ram0_i.tc_ram_i.sram\[20\]\[11\],23.52µm
i_core_v_mini_mcu.memory_subsystem_i.ram0_i.tc_ram_i.sram\[22\]\[12\],23.52µm
i_core_v_mini_mcu.peripheral_subsystem_i.obi_fifo_i.consumer_data_req_q\[37\],23.52µm
i_core_v_mini_mcu.peripheral_subsystem_i.obi_fifo_i.consumer_resp_i\[31\],23.52µm
i_core_v_mini_mcu.peripheral_subsystem_i.uart_i.u_reg.u_reg_if.d_ack,23.52µm
_19958_,23.35µm
i_core_v_mini_mcu.cpu_subsystem_i.cpu_0_0.rf_ram_i.memory\[338\]\[0\],23.34µm
i_core_v_mini_mcu.cpu_subsystem_i.cpu_1_0.rf_ram_i.memory\[56\]\[0\],23.34µm
_11499_,23.29µm
_14453_,23.26µm
_16895_,23.26µm
_18215_,23.24µm
i_core_v_mini_mcu.cpu_subsystem_i.cpu_1_0.rf_ram_i.memory\[155\]\[0\],23.24µm
_09128_,23.21µm
_14573_,23.21µm
_15584_,23.21µm
_17900_,23.21µm
_15945_,23.16µm
_16062_,23.16µm
_17969_,23.16µm
_23779_,23.16µm
i_core_v_mini_mcu.cpu_subsystem_i.cpu_1_0.i_servile.cpu.decode.o_immdec_ctrl\[2\],23.16µm
_09222_,23.11µm
_09899_,23.11µm
_14592_,23.11µm
_15308_,23.11µm
_22403_,23.11µm
_23777_,23.11µm
i_core_v_mini_mcu.ao_peripheral_subsystem_i.power_manager_i.power_manager_reg_top_i.cpu_reset_deassert_counter_qs\[7\],23.11µm
i_core_v_mini_mcu.ao_peripheral_subsystem_i.power_manager_i.power_manager_reg_top_i.en_wait_for_intr_qs\[6\],23.11µm
i_core_v_mini_mcu.ao_peripheral_subsystem_i.tdu_i.active_hart_cycles_q\[16\],23.11µm
i_core_v_mini_mcu.ao_peripheral_subsystem_i.tdu_i.cpi_est_q\[1\],23.11µm
i_core_v_mini_mcu.cpu_subsystem_i.cpu_0_0.rf_ram_i.memory\[271\]\[0\],23.11µm
i_core_v_mini_mcu.cpu_subsystem_i.cpu_0_0.rf_ram_i.memory\[52\]\[0\],23.11µm
i_core_v_mini_mcu.cpu_subsystem_i.cpu_1_0.rf_ram_i.memory\[98\]\[0\],23.11µm
i_core_v_mini_mcu.peripheral_subsystem_i.uart_i.uart_core.nco_sum_q\[15\],23.11µm
_05525_,23.06µm
_06023_,23.06µm
_06448_,23.06µm
_07478_,23.06µm
_07568_,23.06µm
_08133_,23.06µm
_09351_,23.06µm
_09848_,23.06µm
_09897_,23.06µm
_10024_,23.06µm
_10296_,23.06µm
_12318_,23.06µm
_14353_,23.06µm
_15434_,23.06µm
_16352_,23.06µm
_16371_,23.06µm
_23794_,23.06µm
_24323_,23.06µm
_26251_,23.06µm
_26333_,23.06µm
_26961_,23.06µm
_27797_,23.06µm
_27874_,23.06µm
_28003_,23.06µm
i_core_v_mini_mcu.ao_peripheral_subsystem_i.obi_fifo_i.consumer_data_req\[35\],23.06µm
i_core_v_mini_mcu.ao_peripheral_subsystem_i.tdu_i.task_mem\[3\]\[28\],23.06µm
i_core_v_mini_mcu.cpu_subsystem_i.cpu_0_0.rf_ram_i.memory\[133\]\[1\],23.06µm
i_core_v_mini_mcu.cpu_subsystem_i.cpu_0_0.rf_ram_i.memory\[223\]\[1\],23.06µm
i_core_v_mini_mcu.cpu_subsystem_i.cpu_0_0.rf_ram_i.memory\[241\]\[1\],23.06µm
i_core_v_mini_mcu.cpu_subsystem_i.cpu_0_0.rf_ram_i.memory\[317\]\[0\],23.06µm
i_core_v_mini_mcu.cpu_subsystem_i.cpu_0_0.rf_ram_i.memory\[406\]\[0\],23.06µm
i_core_v_mini_mcu.cpu_subsystem_i.cpu_0_0.rf_ram_i.memory\[515\]\[1\],23.06µm
i_core_v_mini_mcu.cpu_subsystem_i.cpu_0_0.rf_ram_i.memory\[569\]\[1\],23.06µm
i_core_v_mini_mcu.cpu_subsystem_i.cpu_0_0.rf_ram_i.memory\[58\]\[0\],23.06µm
i_core_v_mini_mcu.cpu_subsystem_i.cpu_1_0.rf_ram_i.memory\[144\]\[1\],23.06µm
i_core_v_mini_mcu.cpu_subsystem_i.cpu_1_0.rf_ram_i.memory\[212\]\[0\],23.06µm
i_core_v_mini_mcu.cpu_subsystem_i.cpu_1_0.rf_ram_i.memory\[249\]\[1\],23.06µm
i_core_v_mini_mcu.cpu_subsystem_i.cpu_1_0.rf_ram_i.memory\[26\]\[1\],23.06µm
i_core_v_mini_mcu.cpu_subsystem_i.cpu_1_0.rf_ram_i.memory\[440\]\[0\],23.06µm
i_core_v_mini_mcu.cpu_subsystem_i.cpu_1_0.rf_ram_i.memory\[440\]\[1\],23.06µm
i_core_v_mini_mcu.cpu_subsystem_i.cpu_1_0.rf_ram_i.memory\[492\]\[0\],23.06µm
i_core_v_mini_mcu.cpu_subsystem_i.cpu_1_0.rf_ram_i.memory\[62\]\[1\],23.06µm
i_core_v_mini_mcu.memory_subsystem_i.ram0_i.tc_ram_i.sram\[10\]\[16\],23.06µm
i_core_v_mini_mcu.memory_subsystem_i.ram0_i.tc_ram_i.sram\[13\]\[14\],23.06µm
i_core_v_mini_mcu.memory_subsystem_i.ram0_i.tc_ram_i.sram\[13\]\[5\],23.06µm
i_core_v_mini_mcu.memory_subsystem_i.ram0_i.tc_ram_i.sram\[14\]\[3\],23.06µm
i_core_v_mini_mcu.memory_subsystem_i.ram0_i.tc_ram_i.sram\[17\]\[26\],23.06µm
i_core_v_mini_mcu.memory_subsystem_i.ram0_i.tc_ram_i.sram\[19\]\[27\],23.06µm
_00656_,23.01µm
_02014_,23.01µm
_03641_,23.01µm
_03720_,23.01µm
_03825_,23.01µm
_05763_,23.01µm
_06107_,23.01µm
_06437_,23.01µm
_06716_,23.01µm
_07091_,23.01µm
_08563_,23.01µm
_09106_,23.01µm
_09375_,23.01µm
_09681_,23.01µm
_09802_,23.01µm
_10321_,23.01µm
_10365_,23.01µm
_10400_,23.01µm
_10500_,23.01µm
_10584_,23.01µm
_11311_,23.01µm
_11840_,23.01µm
_12812_,23.01µm
_12872_,23.01µm
_13077_,23.01µm
_13372_,23.01µm
_15286_,23.01µm
_15913_,23.01µm
_16158_,23.01µm
_16257_,23.01µm
_16565_,23.01µm
_16684_,23.01µm
_17039_,23.01µm
_17521_,23.01µm
_18238_,23.01µm
_18258_,23.01µm
_18742_,23.01µm
_19637_,23.01µm
_19719_,23.01µm
_19959_,23.01µm
_20065_,23.01µm
_20321_,23.01µm
_21915_,23.01µm
_22051_,23.01µm
_22057_,23.01µm
_23046_,23.01µm
_23390_,23.01µm
_23855_,23.01µm
_24255_,23.01µm
_24738_,23.01µm
_25722_,23.01µm
_26621_,23.01µm
_27217_,23.01µm
i_core_v_mini_mcu.ao_peripheral_subsystem_i.mosaic_clint_i.mtimecmp_q\[49\],23.01µm
i_core_v_mini_mcu.ao_peripheral_subsystem_i.obi_fifo_i.consumer_data_req_q\[19\],23.01µm
i_core_v_mini_mcu.ao_peripheral_subsystem_i.power_manager_i.power_manager_reg_top_i.cpu_reset_assert_counter_qs\[14\],23.01µm
i_core_v_mini_mcu.ao_peripheral_subsystem_i.power_manager_i.power_manager_reg_top_i.cpu_reset_assert_counter_qs\[8\],23.01µm
i_core_v_mini_mcu.ao_peripheral_subsystem_i.power_manager_i.power_manager_reg_top_i.intr_state_qs\[19\],23.01µm
i_core_v_mini_mcu.ao_peripheral_subsystem_i.power_manager_i.power_manager_reg_top_i.ram_0_clk_gate_qs,23.01µm
i_core_v_mini_mcu.ao_peripheral_subsystem_i.spi_subsystem_i.obi_spimemio_i.obi_to_picorv32_i.addr_buf\[7\],23.01µm
i_core_v_mini_mcu.ao_peripheral_subsystem_i.tdu_i.task_mem\[0\]\[28\],23.01µm
i_core_v_mini_mcu.ao_peripheral_subsystem_i.tdu_i.task_mem\[3\]\[24\],23.01µm
i_core_v_mini_mcu.ao_peripheral_subsystem_i.tdu_i.task_mem\[4\]\[23\],23.01µm
i_core_v_mini_mcu.core_data_req\[7\],23.01µm
i_core_v_mini_mcu.cpu_subsystem_i.cpu_0_0.rf_ram_i.memory\[129\]\[0\],23.01µm
i_core_v_mini_mcu.cpu_subsystem_i.cpu_0_0.rf_ram_i.memory\[288\]\[0\],23.01µm
i_core_v_mini_mcu.cpu_subsystem_i.cpu_0_0.rf_ram_i.memory\[391\]\[0\],23.01µm
i_core_v_mini_mcu.cpu_subsystem_i.cpu_0_0.rf_ram_i.memory\[412\]\[0\],23.01µm
i_core_v_mini_mcu.cpu_subsystem_i.cpu_0_0.rf_ram_i.memory\[41\]\[0\],23.01µm
i_core_v_mini_mcu.cpu_subsystem_i.cpu_0_0.rf_ram_i.memory\[424\]\[1\],23.01µm
i_core_v_mini_mcu.cpu_subsystem_i.cpu_1_0.i_servile.cpu.immdec.gen_immdec_w_eq_1.imm19_12_20\[2\],23.01µm
i_core_v_mini_mcu.cpu_subsystem_i.cpu_1_0.rf_ram_i.memory\[184\]\[1\],23.01µm
i_core_v_mini_mcu.cpu_subsystem_i.cpu_1_0.rf_ram_i.memory\[253\]\[0\],23.01µm
i_core_v_mini_mcu.cpu_subsystem_i.cpu_1_0.rf_ram_i.memory\[496\]\[1\],23.01µm
i_core_v_mini_mcu.cpu_subsystem_i.cpu_1_0.rf_ram_i.memory\[499\]\[1\],23.01µm
i_core_v_mini_mcu.cpu_subsystem_i.cpu_1_0.rf_ram_i.memory\[502\]\[0\],23.01µm
i_core_v_mini_mcu.cpu_subsystem_i.cpu_1_0.rf_ram_i.memory\[83\]\[1\],23.01µm
i_core_v_mini_mcu.memory_subsystem_i.ram0_i.tc_ram_i.sram\[13\]\[23\],23.01µm
i_core_v_mini_mcu.memory_subsystem_i.ram0_i.tc_ram_i.sram\[24\]\[30\],23.01µm
i_core_v_mini_mcu.memory_subsystem_i.ram0_i.tc_ram_i.sram\[28\]\[28\],23.01µm
i_core_v_mini_mcu.memory_subsystem_i.ram0_i.tc_ram_i.sram\[31\]\[31\],23.01µm
i_core_v_mini_mcu.memory_subsystem_i.ram0_i.tc_ram_i.sram\[6\]\[28\],23.01µm
i_core_v_mini_mcu.peripheral_subsystem_i.periph_to_reg_i.r_rdata_d\[23\],23.01µm
i_core_v_mini_mcu.peripheral_subsystem_i.uart_i.uart_core.u_uart_txfifo.gen_normal_fifo.fifo_rptr\[2\],23.01µm
i_core_v_mini_mcu.system_bus_i.gen_demux_xbar\[1\].demux_xbar_i.u_xbar_varlat.gen_inputs\[0\].i_addr_dec_resp_mux.valid_inflight_q,23.01µm
net960,23.01µm
_00196_,22.96µm
_01482_,22.96µm
_01637_,22.96µm
_03866_,22.96µm
_04009_,22.96µm
_05785_,22.96µm
_06095_,22.96µm
_06463_,22.96µm
_07856_,22.96µm
_08085_,22.96µm
_08402_,22.96µm
_09063_,22.96µm
_09842_,22.96µm
_10719_,22.96µm
_10887_,22.96µm
_11523_,22.96µm
_11779_,22.96µm
_11861_,22.96µm
_12108_,22.96µm
_12136_,22.96µm
_12814_,22.96µm
_13126_,22.96µm
_13265_,22.96µm
_13312_,22.96µm
_13358_,22.96µm
_13609_,22.96µm
_13740_,22.96µm
_13825_,22.96µm
_15828_,22.96µm
_15953_,22.96µm
_16843_,22.96µm
_17424_,22.96µm
_18118_,22.96µm
_19263_,22.96µm
_19814_,22.96µm
_20148_,22.96µm
_20246_,22.96µm
_21623_,22.96µm
_21698_,22.96µm
_22590_,22.96µm
_22607_,22.96µm
_22912_,22.96µm
_23642_,22.96µm
_23721_,22.96µm
_23802_,22.96µm
_23910_,22.96µm
_24126_,22.96µm
_24252_,22.96µm
_24415_,22.96µm
_24577_,22.96µm
_24669_,22.96µm
_24780_,22.96µm
_25240_,22.96µm
_25686_,22.96µm
_26020_,22.96µm
_26363_,22.96µm
_26410_,22.96µm
_26518_,22.96µm
_26570_,22.96µm
_26924_,22.96µm
_26957_,22.96µm
_27996_,22.96µm
_28113_,22.96µm
i_core_v_mini_mcu.cpu_subsystem_i.cpu_0_0.rf_ram_i.memory\[364\]\[0\],22.96µm
i_core_v_mini_mcu.cpu_subsystem_i.cpu_0_0.rf_ram_i.memory\[518\]\[1\],22.96µm
i_core_v_mini_mcu.cpu_subsystem_i.cpu_0_0.rf_ram_i.memory\[527\]\[1\],22.96µm
i_core_v_mini_mcu.cpu_subsystem_i.cpu_1_0.rf_ram_i.memory\[157\]\[1\],22.96µm
i_core_v_mini_mcu.cpu_subsystem_i.cpu_1_0.rf_ram_i.memory\[275\]\[1\],22.96µm
i_core_v_mini_mcu.cpu_subsystem_i.cpu_1_0.rf_ram_i.memory\[338\]\[1\],22.96µm
i_core_v_mini_mcu.cpu_subsystem_i.cpu_1_0.rf_ram_i.memory\[385\]\[1\],22.96µm
i_core_v_mini_mcu.cpu_subsystem_i.cpu_1_0.rf_ram_i.memory\[84\]\[0\],22.96µm
i_core_v_mini_mcu.cpu_subsystem_i.cpu_1_0.rf_ram_i.rdata\[1\],22.96µm
i_core_v_mini_mcu.memory_subsystem_i.ram0_i.tc_ram_i.sram\[19\]\[20\],22.96µm
i_core_v_mini_mcu.memory_subsystem_i.ram0_i.tc_ram_i.sram\[2\]\[23\],22.96µm
i_core_v_mini_mcu.peripheral_subsystem_i.uart_i.reg2hw\[34\],22.96µm
_21899_,22.88µm
_09958_,22.78µm
_05749_,22.73µm
_06888_,22.73µm
i_core_v_mini_mcu.peripheral_subsystem_i.obi_fifo_i.consumer_data_req_q\[68\],22.73µm
_14709_,22.7µm
_15011_,22.65µm
_16924_,22.65µm
_17309_,22.65µm
_07406_,22.6µm
_08762_,22.6µm
_08936_,22.6µm
_14468_,22.6µm
_17229_,22.6µm
_17374_,22.6µm
_21873_,22.55µm
i_core_v_mini_mcu.ao_peripheral_subsystem_i.obi_fifo_i.consumer_data_req_q\[4\],22.55µm
i_core_v_mini_mcu.ao_peripheral_subsystem_i.power_manager_i.power_manager_reg_top_i.cpu_iso_on_counter_qs\[7\],22.55µm
i_core_v_mini_mcu.ao_peripheral_subsystem_i.power_manager_i.power_manager_reg_top_i.cpu_reset_deassert_counter_qs\[2\],22.55µm
i_core_v_mini_mcu.cpu_subsystem_i.cpu_0_0.rf_ram_i.memory\[355\]\[1\],22.55µm
i_core_v_mini_mcu.cpu_subsystem_i.cpu_0_0.rf_ram_i.memory\[460\]\[0\],22.55µm
i_core_v_mini_mcu.cpu_subsystem_i.cpu_1_0.rf_ram_i.memory\[278\]\[1\],22.55µm
i_core_v_mini_mcu.cpu_subsystem_i.cpu_1_0.rf_ram_i.memory\[367\]\[0\],22.55µm
_05997_,22.5µm
_06092_,22.5µm
_06520_,22.5µm
_06635_,22.5µm
_09719_,22.5µm
_10069_,22.5µm
_10077_,22.5µm
_12184_,22.5µm
_12575_,22.5µm
_12852_,22.5µm
_15515_,22.5µm
_16037_,22.5µm
_16301_,22.5µm
_16401_,22.5µm
_16820_,22.5µm
_16904_,22.5µm
_17338_,22.5µm
_17928_,22.5µm
_22751_,22.5µm
_22982_,22.5µm
_23269_,22.5µm
_23672_,22.5µm
_23750_,22.5µm
_23983_,22.5µm
_25920_,22.5µm
_27410_,22.5µm
i_core_v_mini_mcu.ao_peripheral_subsystem_i.mosaic_clint_i.mtimecmp_q\[69\],22.5µm
i_core_v_mini_mcu.ao_peripheral_subsystem_i.power_manager_i.power_manager_counter_sequence_cpu_switch_i.sequence_curr_state\[4\],22.5µm
i_core_v_mini_mcu.ao_peripheral_subsystem_i.soc_ctrl_i.reg2hw\[14\],22.5µm
i_core_v_mini_mcu.ao_peripheral_subsystem_i.tdu_i.task_mem\[1\]\[25\],22.5µm
i_core_v_mini_mcu.core_data_req\[17\],22.5µm
i_core_v_mini_mcu.cpu_subsystem_i.cpu_0_0.rf_ram_i.memory\[147\]\[1\],22.5µm
i_core_v_mini_mcu.cpu_subsystem_i.cpu_0_0.rf_ram_i.memory\[151\]\[0\],22.5µm
i_core_v_mini_mcu.cpu_subsystem_i.cpu_0_0.rf_ram_i.memory\[181\]\[0\],22.5µm
i_core_v_mini_mcu.cpu_subsystem_i.cpu_0_0.rf_ram_i.memory\[194\]\[1\],22.5µm
i_core_v_mini_mcu.cpu_subsystem_i.cpu_0_0.rf_ram_i.memory\[201\]\[0\],22.5µm
i_core_v_mini_mcu.cpu_subsystem_i.cpu_0_0.rf_ram_i.memory\[234\]\[1\],22.5µm
i_core_v_mini_mcu.cpu_subsystem_i.cpu_0_0.rf_ram_i.memory\[236\]\[0\],22.5µm
i_core_v_mini_mcu.cpu_subsystem_i.cpu_0_0.rf_ram_i.memory\[297\]\[0\],22.5µm
i_core_v_mini_mcu.cpu_subsystem_i.cpu_0_0.rf_ram_i.memory\[304\]\[1\],22.5µm
i_core_v_mini_mcu.cpu_subsystem_i.cpu_0_0.rf_ram_i.memory\[37\]\[1\],22.5µm
i_core_v_mini_mcu.cpu_subsystem_i.cpu_0_0.rf_ram_i.memory\[457\]\[1\],22.5µm
i_core_v_mini_mcu.cpu_subsystem_i.cpu_0_0.rf_ram_i.memory\[473\]\[0\],22.5µm
i_core_v_mini_mcu.cpu_subsystem_i.cpu_1_0.i_servile.cpu.csr_imm_en,22.5µm
i_core_v_mini_mcu.cpu_subsystem_i.cpu_1_0.rf_ram_i.memory\[24\]\[0\],22.5µm
i_core_v_mini_mcu.cpu_subsystem_i.cpu_1_0.rf_ram_i.memory\[401\]\[0\],22.5µm
i_core_v_mini_mcu.cpu_subsystem_i.cpu_1_0.rf_ram_i.memory\[500\]\[1\],22.5µm
i_core_v_mini_mcu.cpu_subsystem_i.cpu_1_0.rf_ram_i.memory\[98\]\[1\],22.5µm
i_core_v_mini_mcu.memory_subsystem_i.ram0_i.tc_ram_i.sram\[22\]\[29\],22.5µm
i_core_v_mini_mcu.memory_subsystem_i.ram0_i.tc_ram_i.sram\[24\]\[10\],22.5µm
i_core_v_mini_mcu.memory_subsystem_i.ram0_i.tc_ram_i.sram\[27\]\[18\],22.5µm
i_core_v_mini_mcu.memory_subsystem_i.ram0_i.tc_ram_i.sram\[2\]\[27\],22.5µm
i_core_v_mini_mcu.memory_subsystem_i.ram0_i.tc_ram_i.sram\[31\]\[30\],22.5µm
i_core_v_mini_mcu.peripheral_subsystem_i.periph_to_reg_i.r_rdata_d\[29\],22.5µm
i_core_v_mini_mcu.peripheral_subsystem_i.uart_i.uart_core.u_uart_rxfifo.gen_normal_fifo.storage\[14\],22.5µm
i_core_v_mini_mcu.peripheral_subsystem_i.uart_i.uart_core.u_uart_rxfifo.gen_normal_fifo.storage\[29\],22.5µm
_00114_,22.45µm
_00207_,22.45µm
_00414_,22.45µm
_00605_,22.45µm
_01930_,22.45µm
_02451_,22.45µm
_03749_,22.45µm
_04373_,22.45µm
_04742_,22.45µm
_04756_,22.45µm
_05707_,22.45µm
_05952_,22.45µm
_05991_,22.45µm
_06220_,22.45µm
_06628_,22.45µm
_07034_,22.45µm
_08821_,22.45µm
_09089_,22.45µm
_09391_,22.45µm
_09703_,22.45µm
_09780_,22.45µm
_09900_,22.45µm
_10890_,22.45µm
_11294_,22.45µm
_12142_,22.45µm
_12293_,22.45µm
_12546_,22.45µm
_12726_,22.45µm
_12824_,22.45µm
_13136_,22.45µm
_13191_,22.45µm
_13222_,22.45µm
_13524_,22.45µm
_14209_,22.45µm
_14643_,22.45µm
_14874_,22.45µm
_15074_,22.45µm
_15771_,22.45µm
_16481_,22.45µm
_16748_,22.45µm
_19356_,22.45µm
_20338_,22.45µm
_20359_,22.45µm
_20416_,22.45µm
_21534_,22.45µm
_21620_,22.45µm
_21753_,22.45µm
_21998_,22.45µm
_22180_,22.45µm
_22332_,22.45µm
_22355_,22.45µm
_23075_,22.45µm
_23332_,22.45µm
_23659_,22.45µm
_23669_,22.45µm
_24441_,22.45µm
_24519_,22.45µm
_24560_,22.45µm
_24606_,22.45µm
_25318_,22.45µm
_25361_,22.45µm
_25523_,22.45µm
_25646_,22.45µm
_25787_,22.45µm
_26423_,22.45µm
_26772_,22.45µm
_26897_,22.45µm
_27271_,22.45µm
_27786_,22.45µm
_27838_,22.45µm
_27962_,22.45µm
_27993_,22.45µm
i_core_v_mini_mcu.ao_peripheral_subsystem_i.mosaic_clint_i.mtimecmp_q\[62\],22.45µm
i_core_v_mini_mcu.ao_peripheral_subsystem_i.power_manager_i.power_manager_reg_top_i.cpu_iso_on_counter_qs\[12\],22.45µm
i_core_v_mini_mcu.ao_peripheral_subsystem_i.spi_subsystem_i.obi_spimemio_i.obi_to_picorv32_i.picorv32_resp_i\[11\],22.45µm
i_core_v_mini_mcu.ao_peripheral_subsystem_i.spi_subsystem_i.obi_spimemio_i.spimemio_i.state\[5\],22.45µm
i_core_v_mini_mcu.ao_peripheral_subsystem_i.tdu_i.cpi_est_q\[59\],22.45µm
i_core_v_mini_mcu.ao_peripheral_subsystem_i.tdu_i.cpi_est_q\[62\],22.45µm
i_core_v_mini_mcu.cpu_subsystem_i.cpu_0_0.i_servile.cpu.gen_align.align.ibus_rdt_concat\[14\],22.45µm
i_core_v_mini_mcu.cpu_subsystem_i.cpu_0_0.rf_ram_i.memory\[169\]\[0\],22.45µm
i_core_v_mini_mcu.cpu_subsystem_i.cpu_0_0.rf_ram_i.memory\[169\]\[1\],22.45µm
i_core_v_mini_mcu.cpu_subsystem_i.cpu_0_0.rf_ram_i.memory\[251\]\[1\],22.45µm
i_core_v_mini_mcu.cpu_subsystem_i.cpu_0_0.rf_ram_i.memory\[330\]\[0\],22.45µm
i_core_v_mini_mcu.cpu_subsystem_i.cpu_0_0.rf_ram_i.memory\[400\]\[0\],22.45µm
i_core_v_mini_mcu.cpu_subsystem_i.cpu_0_0.rf_ram_i.memory\[45\]\[1\],22.45µm
i_core_v_mini_mcu.cpu_subsystem_i.cpu_0_0.rf_ram_i.memory\[485\]\[0\],22.45µm
i_core_v_mini_mcu.cpu_subsystem_i.cpu_0_0.rf_ram_i.memory\[489\]\[1\],22.45µm
i_core_v_mini_mcu.cpu_subsystem_i.cpu_0_0.rf_ram_i.memory\[98\]\[1\],22.45µm
i_core_v_mini_mcu.cpu_subsystem_i.cpu_1_0.i_servile.arbiter.i_wb_cpu_ibus_adr\[20\],22.45µm
i_core_v_mini_mcu.cpu_subsystem_i.cpu_1_0.rf_ram_i.memory\[135\]\[0\],22.45µm
i_core_v_mini_mcu.cpu_subsystem_i.cpu_1_0.rf_ram_i.memory\[20\]\[0\],22.45µm
i_core_v_mini_mcu.cpu_subsystem_i.cpu_1_0.rf_ram_i.memory\[273\]\[0\],22.45µm
i_core_v_mini_mcu.cpu_subsystem_i.cpu_1_0.rf_ram_i.memory\[321\]\[0\],22.45µm
i_core_v_mini_mcu.cpu_subsystem_i.cpu_1_0.rf_ram_i.memory\[341\]\[1\],22.45µm
i_core_v_mini_mcu.cpu_subsystem_i.cpu_1_0.rf_ram_i.memory\[348\]\[1\],22.45µm
i_core_v_mini_mcu.cpu_subsystem_i.cpu_1_0.rf_ram_i.memory\[380\]\[1\],22.45µm
i_core_v_mini_mcu.cpu_subsystem_i.cpu_1_0.rf_ram_i.memory\[467\]\[0\],22.45µm
i_core_v_mini_mcu.memory_subsystem_i.ram0_i.tc_ram_i.sram\[25\]\[0\],22.45µm
i_core_v_mini_mcu.memory_subsystem_i.ram0_i.tc_ram_i.sram\[2\]\[7\],22.45µm
i_core_v_mini_mcu.memory_subsystem_i.ram0_i.tc_ram_i.sram\[30\]\[26\],22.45µm
i_core_v_mini_mcu.memory_subsystem_i.ram0_i.tc_ram_i.sram\[8\]\[15\],22.45µm
i_core_v_mini_mcu.peripheral_subsystem_i.obi_fifo_i.consumer_data_req\[10\],22.45µm
i_core_v_mini_mcu.peripheral_subsystem_i.obi_fifo_i.consumer_resp_i\[9\],22.45µm
_00173_,22.4µm
_00190_,22.4µm
_00259_,22.4µm
_00598_,22.4µm
_01473_,22.4µm
_04097_,22.4µm
_04107_,22.4µm
_05485_,22.4µm
_06183_,22.4µm
_07961_,22.4µm
_07976_,22.4µm
_08197_,22.4µm
_08648_,22.4µm
_09098_,22.4µm
_09549_,22.4µm
_10208_,22.4µm
_10624_,22.4µm
_10996_,22.4µm
_11058_,22.4µm
_11071_,22.4µm
_11121_,22.4µm
_11353_,22.4µm
_11462_,22.4µm
_11516_,22.4µm
_11869_,22.4µm
_13417_,22.4µm
_13430_,22.4µm
_13469_,22.4µm
_13617_,22.4µm
_13759_,22.4µm
_13761_,22.4µm
_13763_,22.4µm
_15207_,22.4µm
_15256_,22.4µm
_15845_,22.4µm
_17067_,22.4µm
_17425_,22.4µm
_17808_,22.4µm
_18011_,22.4µm
_18070_,22.4µm
_18217_,22.4µm
_18706_,22.4µm
_19526_,22.4µm
_19702_,22.4µm
_19944_,22.4µm
_20686_,22.4µm
_21746_,22.4µm
_22260_,22.4µm
_23696_,22.4µm
_24088_,22.4µm
_24179_,22.4µm
_24283_,22.4µm
_24605_,22.4µm
_24761_,22.4µm
_24837_,22.4µm
_24956_,22.4µm
_25037_,22.4µm
_25462_,22.4µm
_25521_,22.4µm
_25694_,22.4µm
_25824_,22.4µm
_26341_,22.4µm
_26806_,22.4µm
_26915_,22.4µm
_27048_,22.4µm
_27049_,22.4µm
_27325_,22.4µm
_27458_,22.4µm
_27989_,22.4µm
i_core_v_mini_mcu.ao_peripheral_subsystem_i.power_manager_i.cpu_powergate_counter_expired_switch_on,22.4µm
i_core_v_mini_mcu.ao_peripheral_subsystem_i.power_manager_i.power_manager_reg_top_i.power_gate_periph_ack_qs,22.4µm
i_core_v_mini_mcu.ao_peripheral_subsystem_i.soc_ctrl_i.reg2hw\[1\],22.4µm
i_core_v_mini_mcu.cpu_subsystem_i.cpu_0_0.rf_ram_i.memory\[121\]\[0\],22.4µm
i_core_v_mini_mcu.cpu_subsystem_i.cpu_0_0.rf_ram_i.memory\[240\]\[1\],22.4µm
i_core_v_mini_mcu.cpu_subsystem_i.cpu_0_0.rf_ram_i.memory\[295\]\[0\],22.4µm
i_core_v_mini_mcu.cpu_subsystem_i.cpu_0_0.rf_ram_i.memory\[346\]\[0\],22.4µm
i_core_v_mini_mcu.cpu_subsystem_i.cpu_0_0.rf_ram_i.memory\[432\]\[0\],22.4µm
i_core_v_mini_mcu.cpu_subsystem_i.cpu_1_0.rf_ram_i.memory\[262\]\[0\],22.4µm
i_core_v_mini_mcu.cpu_subsystem_i.cpu_1_0.rf_ram_i.memory\[389\]\[0\],22.4µm
i_core_v_mini_mcu.cpu_subsystem_i.cpu_1_0.rf_ram_i.memory\[452\]\[0\],22.4µm
i_core_v_mini_mcu.memory_subsystem_i.ram0_i.tc_ram_i.sram\[15\]\[17\],22.4µm
i_core_v_mini_mcu.peripheral_subsystem_i.obi_fifo_i.consumer_resp_i\[8\],22.4µm
_22983_,22.17µm
i_core_v_mini_mcu.ao_peripheral_subsystem_i.tdu_i.cpi_est_q\[32\],22.17µm
i_core_v_mini_mcu.memory_subsystem_i.ram0_i.tc_ram_i.sram\[5\]\[23\],22.17µm
_13886_,22.12µm
_14495_,22.04µm
_14660_,22.04µm
_15590_,22.04µm
_16515_,22.04µm
_17838_,22.04µm
i_core_v_mini_mcu.cpu_subsystem_i.cpu_1_0.rf_ram_i.memory\[240\]\[0\],22.04µm
_08354_,21.99µm
_08510_,21.99µm
_11014_,21.99µm
_12960_,21.99µm
_15975_,21.99µm
_23940_,21.99µm
_27238_,21.99µm
i_core_v_mini_mcu.ao_peripheral_subsystem_i.power_manager_i.power_manager_reg_top_i.ram_0_wait_ack_switch_on_qs,21.99µm
i_core_v_mini_mcu.cpu_subsystem_i.cpu_0_0.rf_ram_i.memory\[172\]\[0\],21.99µm
i_core_v_mini_mcu.cpu_subsystem_i.cpu_0_0.rf_ram_i.memory\[421\]\[1\],21.99µm
i_core_v_mini_mcu.cpu_subsystem_i.cpu_0_0.rf_ram_i.memory\[547\]\[0\],21.99µm
i_core_v_mini_mcu.cpu_subsystem_i.cpu_1_0.rf_ram_i.memory\[481\]\[1\],21.99µm
i_core_v_mini_mcu.memory_subsystem_i.ram0_i.tc_ram_i.sram\[23\]\[20\],21.99µm
_02404_,21.94µm
_04120_,21.94µm
_07187_,21.94µm
_07688_,21.94µm
_09099_,21.94µm
_09281_,21.94µm
_09443_,21.94µm
_09611_,21.94µm
_10865_,21.94µm
_14606_,21.94µm
_14811_,21.94µm
_15714_,21.94µm
_16326_,21.94µm
_18145_,21.94µm
_20016_,21.94µm
_20036_,21.94µm
_20885_,21.94µm
_21066_,21.94µm
_21358_,21.94µm
_21879_,21.94µm
_21927_,21.94µm
_22037_,21.94µm
_22123_,21.94µm
_23234_,21.94µm
_23576_,21.94µm
_24075_,21.94µm
_25139_,21.94µm
_25600_,21.94µm
i_core_v_mini_mcu.ao_peripheral_subsystem_i.obi_fifo_i.consumer_resp_i\[18\],21.94µm
i_core_v_mini_mcu.ao_peripheral_subsystem_i.spi_subsystem_i.obi_spimemio_i.spimemio_i.xfer.resetn,21.94µm
i_core_v_mini_mcu.ao_peripheral_subsystem_i.tdu_i.task_mem\[1\]\[29\],21.94µm
i_core_v_mini_mcu.ao_peripheral_subsystem_i.tdu_i.task_mem\[3\]\[22\],21.94µm
i_core_v_mini_mcu.cpu_subsystem_i.cpu_0_0.rf_ram_i.memory\[163\]\[0\],21.94µm
i_core_v_mini_mcu.cpu_subsystem_i.cpu_0_0.rf_ram_i.memory\[281\]\[0\],21.94µm
i_core_v_mini_mcu.cpu_subsystem_i.cpu_0_0.rf_ram_i.memory\[286\]\[0\],21.94µm
i_core_v_mini_mcu.cpu_subsystem_i.cpu_0_0.rf_ram_i.memory\[2\]\[0\],21.94µm
i_core_v_mini_mcu.cpu_subsystem_i.cpu_0_0.rf_ram_i.memory\[2\]\[1\],21.94µm
i_core_v_mini_mcu.cpu_subsystem_i.cpu_0_0.rf_ram_i.memory\[305\]\[0\],21.94µm
i_core_v_mini_mcu.cpu_subsystem_i.cpu_0_0.rf_ram_i.memory\[388\]\[0\],21.94µm
i_core_v_mini_mcu.cpu_subsystem_i.cpu_0_0.rf_ram_i.memory\[452\]\[0\],21.94µm
i_core_v_mini_mcu.cpu_subsystem_i.cpu_0_0.rf_ram_i.memory\[492\]\[0\],21.94µm
i_core_v_mini_mcu.cpu_subsystem_i.cpu_0_0.rf_ram_i.memory\[6\]\[0\],21.94µm
i_core_v_mini_mcu.cpu_subsystem_i.cpu_1_0.i_servile.arbiter.i_wb_cpu_dbus_adr\[21\],21.94µm
i_core_v_mini_mcu.cpu_subsystem_i.cpu_1_0.i_servile.cpu.immdec.gen_immdec_w_eq_1.imm7,21.94µm
i_core_v_mini_mcu.cpu_subsystem_i.cpu_1_0.rf_ram_i.memory\[401\]\[1\],21.94µm
i_core_v_mini_mcu.cpu_subsystem_i.cpu_1_0.rf_ram_i.memory\[471\]\[1\],21.94µm
i_core_v_mini_mcu.memory_subsystem_i.ram0_i.tc_ram_i.sram\[0\]\[3\],21.94µm
i_core_v_mini_mcu.memory_subsystem_i.ram0_i.tc_ram_i.sram\[1\]\[12\],21.94µm
i_core_v_mini_mcu.memory_subsystem_i.ram0_i.tc_ram_i.sram\[25\]\[28\],21.94µm
i_core_v_mini_mcu.memory_subsystem_i.ram0_i.tc_ram_i.sram\[28\]\[21\],21.94µm
i_core_v_mini_mcu.memory_subsystem_i.ram0_i.tc_ram_i.sram\[30\]\[18\],21.94µm
i_core_v_mini_mcu.memory_subsystem_i.ram0_i.tc_ram_i.sram\[3\]\[15\],21.94µm
_00451_,21.89µm
_00565_,21.89µm
_03989_,21.89µm
_04123_,21.89µm
_04134_,21.89µm
_04744_,21.89µm
_05102_,21.89µm
_05467_,21.89µm
_05498_,21.89µm
_05960_,21.89µm
_06001_,21.89µm
_06275_,21.89µm
_06438_,21.89µm
_06447_,21.89µm
_06772_,21.89µm
_07136_,21.89µm
_07148_,21.89µm
_07419_,21.89µm
_07725_,21.89µm
_07878_,21.89µm
_08981_,21.89µm
_09090_,21.89µm
_09377_,21.89µm
_09383_,21.89µm
_09908_,21.89µm
_10087_,21.89µm
_10118_,21.89µm
_11118_,21.89µm
_12606_,21.89µm
_13251_,21.89µm
_13496_,21.89µm
_13734_,21.89µm
_14005_,21.89µm
_14297_,21.89µm
_15183_,21.89µm
_15190_,21.89µm
_15592_,21.89µm
_15698_,21.89µm
_15728_,21.89µm
_16584_,21.89µm
_17394_,21.89µm
_18724_,21.89µm
_18777_,21.89µm
_19025_,21.89µm
_19283_,21.89µm
_19955_,21.89µm
_20712_,21.89µm
_20827_,21.89µm
_20895_,21.89µm
_21028_,21.89µm
_21526_,21.89µm
_21889_,21.89µm
_22031_,21.89µm
_22314_,21.89µm
_22793_,21.89µm
_22920_,21.89µm
_23258_,21.89µm
_24150_,21.89µm
_24430_,21.89µm
_24620_,21.89µm
_24970_,21.89µm
_25327_,21.89µm
_25503_,21.89µm
_25710_,21.89µm
_25823_,21.89µm
_25953_,21.89µm
_26623_,21.89µm
_26721_,21.89µm
_26966_,21.89µm
_27242_,21.89µm
_27343_,21.89µm
_28088_,21.89µm
i_core_v_mini_mcu.ao_peripheral_subsystem_i.power_manager_i.power_manager_reg_top_i.en_wait_for_intr_qs\[26\],21.89µm
i_core_v_mini_mcu.ao_peripheral_subsystem_i.power_manager_i.power_manager_reg_top_i.power_gate_ram_block_0_ack_qs,21.89µm
i_core_v_mini_mcu.ao_peripheral_subsystem_i.soc_ctrl_i.soc_ctrl_reg_top_i.system_frequency_hz_qs\[12\],21.89µm
i_core_v_mini_mcu.cpu_subsystem_i.cpu_0_0.i_servile.arbiter.i_wb_cpu_dbus_adr\[5\],21.89µm
i_core_v_mini_mcu.cpu_subsystem_i.cpu_0_0.i_servile.cpu.alu.add_cy_r,21.89µm
i_core_v_mini_mcu.cpu_subsystem_i.cpu_0_0.i_servile.cpu.ctrl.o_ibus_adr\[22\],21.89µm
i_core_v_mini_mcu.cpu_subsystem_i.cpu_0_0.rf_ram_i.memory\[173\]\[1\],21.89µm
i_core_v_mini_mcu.cpu_subsystem_i.cpu_0_0.rf_ram_i.memory\[192\]\[1\],21.89µm
i_core_v_mini_mcu.cpu_subsystem_i.cpu_0_0.rf_ram_i.memory\[296\]\[0\],21.89µm
i_core_v_mini_mcu.cpu_subsystem_i.cpu_0_0.rf_ram_i.memory\[38\]\[0\],21.89µm
i_core_v_mini_mcu.cpu_subsystem_i.cpu_0_0.rf_ram_i.memory\[45\]\[0\],21.89µm
i_core_v_mini_mcu.cpu_subsystem_i.cpu_0_0.rf_ram_i.memory\[546\]\[1\],21.89µm
i_core_v_mini_mcu.cpu_subsystem_i.cpu_1_0.rf_ram_i.memory\[10\]\[1\],21.89µm
i_core_v_mini_mcu.cpu_subsystem_i.cpu_1_0.rf_ram_i.memory\[486\]\[1\],21.89µm
i_core_v_mini_mcu.cpu_subsystem_i.cpu_1_0.rf_ram_i.memory\[53\]\[1\],21.89µm
i_core_v_mini_mcu.memory_subsystem_i.ram0_i.tc_ram_i.sram\[0\]\[22\],21.89µm
i_core_v_mini_mcu.memory_subsystem_i.ram0_i.tc_ram_i.sram\[16\]\[4\],21.89µm
i_core_v_mini_mcu.memory_subsystem_i.ram0_i.tc_ram_i.sram\[25\]\[24\],21.89µm
i_core_v_mini_mcu.memory_subsystem_i.ram0_i.tc_ram_i.sram\[25\]\[29\],21.89µm
i_core_v_mini_mcu.memory_subsystem_i.ram0_i.tc_ram_i.sram\[26\]\[12\],21.89µm
i_core_v_mini_mcu.memory_subsystem_i.ram0_i.tc_ram_i.sram\[26\]\[31\],21.89µm
i_core_v_mini_mcu.peripheral_subsystem_i.obi_fifo_i.consumer_data_req_q\[26\],21.89µm
i_core_v_mini_mcu.peripheral_subsystem_i.periph_to_reg_i.r_rdata_d\[11\],21.89µm
_00269_,21.84µm
_01631_,21.84µm
_03919_,21.84µm
_05281_,21.84µm
_05286_,21.84µm
_05640_,21.84µm
_05970_,21.84µm
_06009_,21.84µm
_06637_,21.84µm
_06676_,21.84µm
_07382_,21.84µm
_08199_,21.84µm
_09615_,21.84µm
_09620_,21.84µm
_09996_,21.84µm
_10036_,21.84µm
_10380_,21.84µm
_10899_,21.84µm
_11808_,21.84µm
_12128_,21.84µm
_12680_,21.84µm
_13895_,21.84µm
_14148_,21.84µm
_14983_,21.84µm
_15119_,21.84µm
_16279_,21.84µm
_17526_,21.84µm
_17686_,21.84µm
_17710_,21.84µm
_18129_,21.84µm
_18833_,21.84µm
_18974_,21.84µm
_19024_,21.84µm
_19832_,21.84µm
_20561_,21.84µm
_20691_,21.84µm
_21075_,21.84µm
_21085_,21.84µm
_21734_,21.84µm
_21995_,21.84µm
_22032_,21.84µm
_22941_,21.84µm
_23330_,21.84µm
_23331_,21.84µm
_23775_,21.84µm
_23826_,21.84µm
_23871_,21.84µm
_23874_,21.84µm
_24178_,21.84µm
_24384_,21.84µm
_24694_,21.84µm
_24700_,21.84µm
_24777_,21.84µm
_24811_,21.84µm
_25243_,21.84µm
_25261_,21.84µm
_25348_,21.84µm
_26240_,21.84µm
_26747_,21.84µm
_27053_,21.84µm
_27480_,21.84µm
_27669_,21.84µm
_27866_,21.84µm
_27916_,21.84µm
_27946_,21.84µm
i_core_v_mini_mcu.ao_peripheral_subsystem_i.clint_mtime_o\[1\],21.84µm
i_core_v_mini_mcu.ao_peripheral_subsystem_i.power_manager_i.power_manager_reg_top_i.global_pointer_qs\[28\],21.84µm
i_core_v_mini_mcu.ao_peripheral_subsystem_i.tdu_i.cpi_est_q\[42\],21.84µm
i_core_v_mini_mcu.cpu_subsystem_i.cpu_0_0.i_servile.rf_ram_if.rtrig0,21.84µm
i_core_v_mini_mcu.cpu_subsystem_i.cpu_0_0.rf_ram_i.memory\[158\]\[1\],21.84µm
i_core_v_mini_mcu.cpu_subsystem_i.cpu_0_0.rf_ram_i.memory\[278\]\[0\],21.84µm
i_core_v_mini_mcu.cpu_subsystem_i.cpu_0_0.rf_ram_i.memory\[398\]\[1\],21.84µm
i_core_v_mini_mcu.cpu_subsystem_i.cpu_0_0.rf_ram_i.memory\[521\]\[0\],21.84µm
i_core_v_mini_mcu.cpu_subsystem_i.cpu_0_0.rf_ram_i.memory\[558\]\[0\],21.84µm
i_core_v_mini_mcu.cpu_subsystem_i.cpu_0_0.rf_ram_i.memory\[560\]\[1\],21.84µm
i_core_v_mini_mcu.cpu_subsystem_i.cpu_0_0.rf_ram_i.memory\[565\]\[1\],21.84µm
i_core_v_mini_mcu.cpu_subsystem_i.cpu_1_0.rf_ram_i.memory\[510\]\[0\],21.84µm
i_core_v_mini_mcu.memory_subsystem_i.ram0_i.tc_ram_i.sram\[15\]\[31\],21.84µm
i_core_v_mini_mcu.memory_subsystem_i.ram0_i.tc_ram_i.sram\[17\]\[11\],21.84µm
i_core_v_mini_mcu.memory_subsystem_i.ram0_i.tc_ram_i.sram\[1\]\[27\],21.84µm
i_core_v_mini_mcu.memory_subsystem_i.ram0_i.tc_ram_i.sram\[21\]\[23\],21.84µm
i_core_v_mini_mcu.memory_subsystem_i.ram0_i.tc_ram_i.sram\[2\]\[29\],21.84µm
i_core_v_mini_mcu.memory_subsystem_i.ram0_i.tc_ram_i.sram\[6\]\[8\],21.84µm
i_core_v_mini_mcu.peripheral_subsystem_i.uart_i.uart_core.u_uart_txfifo.gen_normal_fifo.storage\[22\],21.84µm
i_core_v_mini_mcu.peripheral_subsystem_i.uart_i.uart_core.uart_rx.baud_div_q\[1\],21.84µm
_06477_,21.76µm
_26958_,21.67µm
_16930_,21.61µm
i_core_v_mini_mcu.cpu_subsystem_i.cpu_0_0.rf_ram_i.memory\[335\]\[0\],21.61µm
i_core_v_mini_mcu.cpu_subsystem_i.cpu_0_0.rf_ram_i.memory\[427\]\[0\],21.61µm
_16855_,21.58µm
i_core_v_mini_mcu.cpu_subsystem_i.cpu_0_0.rf_ram_i.memory\[498\]\[0\],21.56µm
_06066_,21.53µm
_14640_,21.53µm
_28098_,21.53µm
_06409_,21.48µm
_10248_,21.48µm
_17140_,21.48µm
_05593_,21.43µm
_06866_,21.43µm
_07529_,21.43µm
_09627_,21.43µm
_14331_,21.43µm
_14358_,21.43µm
_14570_,21.43µm
_17089_,21.43µm
_23069_,21.43µm
_27323_,21.43µm
_27987_,21.43µm
i_core_v_mini_mcu.ao_peripheral_subsystem_i.power_manager_i.power_manager_sequence_ram_0_iso_i.sequence_curr_state\[2\],21.43µm
i_core_v_mini_mcu.core_data_req\[5\],21.43µm
i_core_v_mini_mcu.cpu_subsystem_i.cpu_0_0.rf_ram_i.memory\[28\]\[1\],21.43µm
i_core_v_mini_mcu.memory_subsystem_i.ram0_i.tc_ram_i.sram\[10\]\[11\],21.43µm
i_core_v_mini_mcu.ao_peripheral_subsystem_i.tdu_i.task_mem\[2\]\[13\],21.415µm
_05807_,21.38µm
_08427_,21.38µm
_08582_,21.38µm
_08897_,21.38µm
_09041_,21.38µm
_09214_,21.38µm
_09797_,21.38µm
_10103_,21.38µm
_10169_,21.38µm
_10815_,21.38µm
_14814_,21.38µm
_15169_,21.38µm
_16347_,21.38µm
_18264_,21.38µm
_21057_,21.38µm
_21965_,21.38µm
_23941_,21.38µm
_24858_,21.38µm
i_core_v_mini_mcu.ao_peripheral_subsystem_i.obi_fifo_i.consumer_data_req_q\[35\],21.38µm
i_core_v_mini_mcu.cpu_subsystem_i.cpu_0_0.rf_ram_i.memory\[197\]\[1\],21.38µm
i_core_v_mini_mcu.cpu_subsystem_i.cpu_0_0.rf_ram_i.memory\[248\]\[0\],21.38µm
i_core_v_mini_mcu.cpu_subsystem_i.cpu_0_0.rf_ram_i.memory\[35\]\[0\],21.38µm
i_core_v_mini_mcu.cpu_subsystem_i.cpu_0_0.rf_ram_i.memory\[439\]\[1\],21.38µm
i_core_v_mini_mcu.cpu_subsystem_i.cpu_0_0.rf_ram_i.memory\[440\]\[1\],21.38µm
i_core_v_mini_mcu.cpu_subsystem_i.cpu_0_0.rf_ram_i.memory\[99\]\[1\],21.38µm
i_core_v_mini_mcu.cpu_subsystem_i.cpu_1_0.rf_ram_i.memory\[128\]\[1\],21.38µm
i_core_v_mini_mcu.cpu_subsystem_i.cpu_1_0.rf_ram_i.memory\[156\]\[0\],21.38µm
i_core_v_mini_mcu.cpu_subsystem_i.cpu_1_0.rf_ram_i.memory\[465\]\[0\],21.38µm
i_core_v_mini_mcu.cpu_subsystem_i.cpu_1_0.rf_ram_i.memory\[48\]\[0\],21.38µm
i_core_v_mini_mcu.memory_subsystem_i.ram0_i.tc_ram_i.sram\[13\]\[16\],21.38µm
i_core_v_mini_mcu.memory_subsystem_i.ram0_i.tc_ram_i.sram\[18\]\[9\],21.38µm
i_core_v_mini_mcu.memory_subsystem_i.ram0_i.tc_ram_i.sram\[4\]\[31\],21.38µm
i_core_v_mini_mcu.peripheral_subsystem_i.uart_i.reg2hw\[121\],21.38µm
_01681_,21.33µm
_01802_,21.33µm
_01932_,21.33µm
_02279_,21.33µm
_03193_,21.33µm
_04641_,21.33µm
_04899_,21.33µm
_07558_,21.33µm
_07608_,21.33µm
_07656_,21.33µm
_07716_,21.33µm
_07988_,21.33µm
_08281_,21.33µm
_08569_,21.33µm
_08983_,21.33µm
_09083_,21.33µm
_09577_,21.33µm
_09941_,21.33µm
_09965_,21.33µm
_10297_,21.33µm
_10709_,21.33µm
_11119_,21.33µm
_11389_,21.33µm
_11740_,21.33µm
_12054_,21.33µm
_12132_,21.33µm
_12218_,21.33µm
_12969_,21.33µm
_13131_,21.33µm
_13520_,21.33µm
_13695_,21.33µm
_13816_,21.33µm
_13819_,21.33µm
_15228_,21.33µm
_15678_,21.33µm
_15748_,21.33µm
_15964_,21.33µm
_16051_,21.33µm
_16103_,21.33µm
_16384_,21.33µm
_16691_,21.33µm
_17904_,21.33µm
_18294_,21.33µm
_18470_,21.33µm
_18621_,21.33µm
_18786_,21.33µm
_18995_,21.33µm
_19339_,21.33µm
_19414_,21.33µm
_19535_,21.33µm
_20227_,21.33µm
_20779_,21.33µm
_21912_,21.33µm
_22409_,21.33µm
_22534_,21.33µm
_23013_,21.33µm
_23032_,21.33µm
_23428_,21.33µm
_23605_,21.33µm
_23701_,21.33µm
_23723_,21.33µm
_23816_,21.33µm
_23842_,21.33µm
_23916_,21.33µm
_23996_,21.33µm
_24065_,21.33µm
_24397_,21.33µm
_24676_,21.33µm
_25609_,21.33µm
_25932_,21.33µm
_26122_,21.33µm
_26222_,21.33µm
_26414_,21.33µm
_26457_,21.33µm
_26513_,21.33µm
_26956_,21.33µm
_27011_,21.33µm
_27211_,21.33µm
_27544_,21.33µm
_27692_,21.33µm
_27861_,21.33µm
_28021_,21.33µm
exit_value_int\[16\],21.33µm
i_core_v_mini_mcu.ao_peripheral_subsystem_i.mosaic_clint_i.mtimecmp_q\[17\],21.33µm
i_core_v_mini_mcu.ao_peripheral_subsystem_i.mosaic_clint_i.mtimecmp_q\[39\],21.33µm
i_core_v_mini_mcu.ao_peripheral_subsystem_i.obi_fifo_i.consumer_data_req\[61\],21.33µm
i_core_v_mini_mcu.ao_peripheral_subsystem_i.obi_fifo_i.consumer_data_req_q\[3\],21.33µm
i_core_v_mini_mcu.ao_peripheral_subsystem_i.power_manager_i.power_manager_reg_top_i.u_intr_state.wr_data\[8\],21.33µm
i_core_v_mini_mcu.ao_peripheral_subsystem_i.soc_ctrl_i.reg2hw\[12\],21.33µm
i_core_v_mini_mcu.ao_peripheral_subsystem_i.tdu_i.cpi_est_q\[33\],21.33µm
i_core_v_mini_mcu.cpu_subsystem_i.cpu_0_0.i_servile.cpu.decode.o_rd_csr_en,21.33µm
i_core_v_mini_mcu.cpu_subsystem_i.cpu_0_0.rf_ram_i.memory\[390\]\[0\],21.33µm
i_core_v_mini_mcu.cpu_subsystem_i.cpu_0_0.rf_ram_i.memory\[397\]\[1\],21.33µm
i_core_v_mini_mcu.cpu_subsystem_i.cpu_0_0.rf_ram_i.memory\[513\]\[0\],21.33µm
i_core_v_mini_mcu.cpu_subsystem_i.cpu_1_0.i_servile.arbiter.i_wb_cpu_dbus_adr\[11\],21.33µm
i_core_v_mini_mcu.cpu_subsystem_i.cpu_1_0.rf_ram_i.memory\[112\]\[0\],21.33µm
i_core_v_mini_mcu.cpu_subsystem_i.cpu_1_0.rf_ram_i.memory\[151\]\[0\],21.33µm
i_core_v_mini_mcu.cpu_subsystem_i.cpu_1_0.rf_ram_i.memory\[17\]\[0\],21.33µm
i_core_v_mini_mcu.cpu_subsystem_i.cpu_1_0.rf_ram_i.memory\[241\]\[0\],21.33µm
i_core_v_mini_mcu.cpu_subsystem_i.cpu_1_0.rf_ram_i.memory\[289\]\[1\],21.33µm
i_core_v_mini_mcu.cpu_subsystem_i.cpu_1_0.rf_ram_i.memory\[291\]\[0\],21.33µm
i_core_v_mini_mcu.cpu_subsystem_i.cpu_1_0.rf_ram_i.memory\[311\]\[0\],21.33µm
i_core_v_mini_mcu.cpu_subsystem_i.cpu_1_0.rf_ram_i.memory\[316\]\[1\],21.33µm
i_core_v_mini_mcu.cpu_subsystem_i.cpu_1_0.rf_ram_i.memory\[325\]\[0\],21.33µm
i_core_v_mini_mcu.cpu_subsystem_i.cpu_1_0.rf_ram_i.memory\[485\]\[0\],21.33µm
i_core_v_mini_mcu.memory_subsystem_i.ram0_i.tc_ram_i.sram\[10\]\[23\],21.33µm
i_core_v_mini_mcu.memory_subsystem_i.ram0_i.tc_ram_i.sram\[18\]\[21\],21.33µm
i_core_v_mini_mcu.memory_subsystem_i.ram0_i.tc_ram_i.sram\[23\]\[10\],21.33µm
i_core_v_mini_mcu.memory_subsystem_i.ram0_i.tc_ram_i.sram\[23\]\[22\],21.33µm
i_core_v_mini_mcu.memory_subsystem_i.ram0_i.tc_ram_i.sram\[24\]\[4\],21.33µm
i_core_v_mini_mcu.memory_subsystem_i.ram0_i.tc_ram_i.sram\[25\]\[8\],21.33µm
i_core_v_mini_mcu.memory_subsystem_i.ram0_i.tc_ram_i.sram\[27\]\[5\],21.33µm
i_core_v_mini_mcu.memory_subsystem_i.ram0_i.tc_ram_i.sram\[28\]\[8\],21.33µm
i_core_v_mini_mcu.memory_subsystem_i.ram0_i.tc_ram_i.sram\[31\]\[13\],21.33µm
i_core_v_mini_mcu.memory_subsystem_i.ram0_i.tc_ram_i.sram\[31\]\[26\],21.33µm
i_core_v_mini_mcu.peripheral_subsystem_i.uart_i.uart_core.u_uart_rxfifo.gen_normal_fifo.storage\[28\],21.33µm
clknet_leaf_5_i_core_v_mini_mcu.peripheral_subsystem_i.clk_cg,21.33µm
_02136_,21.28µm
_02848_,21.28µm
_03953_,21.28µm
_04127_,21.28µm
_04858_,21.28µm
_04904_,21.28µm
_05620_,21.28µm
_05697_,21.28µm
_06251_,21.28µm
_06390_,21.28µm
_06419_,21.28µm
_06584_,21.28µm
_07332_,21.28µm
_07871_,21.28µm
_08043_,21.28µm
_08088_,21.28µm
_08101_,21.28µm
_08193_,21.28µm
_08489_,21.28µm
_08539_,21.28µm
_09993_,21.28µm
_10837_,21.28µm
_11030_,21.28µm
_11168_,21.28µm
_11177_,21.28µm
_11178_,21.28µm
_11310_,21.28µm
_11536_,21.28µm
_11786_,21.28µm
_11802_,21.28µm
_11805_,21.28µm
_12153_,21.28µm
_12365_,21.28µm
_12827_,21.28µm
_13174_,21.28µm
_13880_,21.28µm
_14760_,21.28µm
_15002_,21.28µm
_17391_,21.28µm
_17499_,21.28µm
_17958_,21.28µm
_18213_,21.28µm
_18671_,21.28µm
_18682_,21.28µm
_19932_,21.28µm
_20073_,21.28µm
_20344_,21.28µm
_20480_,21.28µm
_20484_,21.28µm
_20562_,21.28µm
_20566_,21.28µm
_20617_,21.28µm
_20797_,21.28µm
_21842_,21.28µm
_21943_,21.28µm
_21944_,21.28µm
_21954_,21.28µm
_22338_,21.28µm
_22643_,21.28µm
_23764_,21.28µm
_23798_,21.28µm
_23918_,21.28µm
_24012_,21.28µm
_24467_,21.28µm
_24507_,21.28µm
_25447_,21.28µm
_25693_,21.28µm
_26188_,21.28µm
_26323_,21.28µm
_26849_,21.28µm
_26860_,21.28µm
_27528_,21.28µm
_27857_,21.28µm
_27876_,21.28µm
_28128_,21.28µm
i_core_v_mini_mcu.ao_peripheral_subsystem_i.power_manager_i.power_manager_counter_sequence_cpu_reset_i.sequence_curr_state\[5\],21.28µm
i_core_v_mini_mcu.ao_peripheral_subsystem_i.power_manager_i.power_manager_reg_top_i.intr_state_qs\[29\],21.28µm
i_core_v_mini_mcu.ao_peripheral_subsystem_i.spi_subsystem_i.obi_spimemio_i.flash_io3_do_o,21.28µm
i_core_v_mini_mcu.ao_peripheral_subsystem_i.tdu_i.cpi_est_q\[45\],21.28µm
i_core_v_mini_mcu.ao_peripheral_subsystem_i.tdu_i.cpi_est_q\[47\],21.28µm
i_core_v_mini_mcu.cpu_subsystem_i.cpu_0_0.i_servile.arbiter.i_wb_cpu_dbus_adr\[31\],21.28µm
i_core_v_mini_mcu.cpu_subsystem_i.cpu_0_0.i_servile.cpu.decode.o_mem_word,21.28µm
i_core_v_mini_mcu.cpu_subsystem_i.cpu_0_0.rf_ram_i.memory\[162\]\[1\],21.28µm
i_core_v_mini_mcu.cpu_subsystem_i.cpu_0_0.rf_ram_i.memory\[233\]\[0\],21.28µm
i_core_v_mini_mcu.cpu_subsystem_i.cpu_0_0.rf_ram_i.memory\[289\]\[0\],21.28µm
i_core_v_mini_mcu.cpu_subsystem_i.cpu_0_0.rf_ram_i.memory\[356\]\[1\],21.28µm
i_core_v_mini_mcu.cpu_subsystem_i.cpu_0_0.rf_ram_i.memory\[414\]\[0\],21.28µm
i_core_v_mini_mcu.cpu_subsystem_i.cpu_0_0.rf_ram_i.memory\[568\]\[0\],21.28µm
i_core_v_mini_mcu.cpu_subsystem_i.cpu_0_0.rf_ram_i.memory\[572\]\[0\],21.28µm
i_core_v_mini_mcu.cpu_subsystem_i.cpu_0_0.rf_ram_i.memory\[94\]\[0\],21.28µm
i_core_v_mini_mcu.memory_subsystem_i.ram0_i.tc_ram_i.sram\[12\]\[5\],21.28µm
i_core_v_mini_mcu.memory_subsystem_i.ram0_i.tc_ram_i.sram\[14\]\[4\],21.28µm
i_core_v_mini_mcu.memory_subsystem_i.ram0_i.tc_ram_i.sram\[21\]\[25\],21.28µm
i_core_v_mini_mcu.memory_subsystem_i.ram0_i.tc_ram_i.sram\[27\]\[1\],21.28µm
i_core_v_mini_mcu.memory_subsystem_i.ram0_i.tc_ram_i.sram\[3\]\[25\],21.28µm
i_core_v_mini_mcu.memory_subsystem_i.ram0_i.tc_ram_i.sram\[5\]\[21\],21.28µm
net1268,21.28µm
_07810_,21.1µm
i_core_v_mini_mcu.cpu_subsystem_i.cpu_1_0.rf_ram_i.memory\[477\]\[0\],21.05µm
_17093_,21.02µm
_05672_,20.92µm
_14664_,20.92µm
_15120_,20.92µm
_15258_,20.92µm
_16738_,20.92µm
_17766_,20.92µm
_23424_,20.92µm
i_core_v_mini_mcu.ao_peripheral_subsystem_i.mosaic_clint_i.mtimecmp_q\[68\],20.92µm
_09191_,20.87µm
_13813_,20.87µm
_14537_,20.87µm
_14772_,20.87µm
_17221_,20.87µm
_17778_,20.87µm
_21651_,20.87µm
i_core_v_mini_mcu.ao_peripheral_subsystem_i.clint_mtime_o\[29\],20.87µm
i_core_v_mini_mcu.ao_peripheral_subsystem_i.power_manager_i.power_manager_counter_sequence_cpu_switch_i.start_off_sequence_i,20.87µm
i_core_v_mini_mcu.cpu_subsystem_i.cpu_0_0.i_servile.cpu.ctrl.o_ibus_adr\[27\],20.87µm
i_core_v_mini_mcu.cpu_subsystem_i.cpu_0_0.rf_ram_i.memory\[295\]\[1\],20.87µm
i_core_v_mini_mcu.cpu_subsystem_i.cpu_0_0.rf_ram_i.memory\[460\]\[1\],20.87µm
i_core_v_mini_mcu.cpu_subsystem_i.cpu_0_0.rf_ram_i.memory\[487\]\[0\],20.87µm
i_core_v_mini_mcu.memory_subsystem_i.ram0_i.tc_ram_i.sram\[23\]\[11\],20.87µm
i_core_v_mini_mcu.peripheral_subsystem_i.uart_i.uart_core.rx_timeout_count_q\[9\],20.87µm
net1043,20.87µm
_01289_,20.82µm
_05426_,20.82µm
_06312_,20.82µm
_06460_,20.82µm
_06568_,20.82µm
_06687_,20.82µm
_07111_,20.82µm
_08872_,20.82µm
_11292_,20.82µm
_12217_,20.82µm
_13402_,20.82µm
_14389_,20.82µm
_15306_,20.82µm
_16321_,20.82µm
_17324_,20.82µm
_17615_,20.82µm
_20024_,20.82µm
_20851_,20.82µm
_23413_,20.82µm
_23727_,20.82µm
_23741_,20.82µm
_23896_,20.82µm
_24727_,20.82µm
i_core_v_mini_mcu.ao_peripheral_subsystem_i.mosaic_clint_i.mtimecmp_q\[5\],20.82µm
i_core_v_mini_mcu.ao_peripheral_subsystem_i.obi_fifo_i.consumer_data_req\[57\],20.82µm
i_core_v_mini_mcu.ao_peripheral_subsystem_i.obi_fifo_i.consumer_data_req_q\[41\],20.82µm
i_core_v_mini_mcu.ao_peripheral_subsystem_i.power_manager_i.power_manager_reg_top_i.global_pointer_qs\[20\],20.82µm
i_core_v_mini_mcu.ao_peripheral_subsystem_i.soc_ctrl_i.soc_ctrl_reg_top_i.system_frequency_hz_qs\[9\],20.82µm
i_core_v_mini_mcu.ao_peripheral_subsystem_i.spi_subsystem_i.obi_spimemio_i.spimemio_i.buffer\[12\],20.82µm
i_core_v_mini_mcu.ao_peripheral_subsystem_i.tdu_i.task_mem\[0\]\[13\],20.82µm
i_core_v_mini_mcu.ao_peripheral_subsystem_i.tdu_i.task_mem\[2\]\[20\],20.82µm
i_core_v_mini_mcu.cpu_subsystem_i.cpu_0_0.i_servile.arbiter.i_wb_cpu_dbus_adr\[10\],20.82µm
i_core_v_mini_mcu.cpu_subsystem_i.cpu_0_0.i_servile.cpu.ctrl.o_ibus_adr\[13\],20.82µm
i_core_v_mini_mcu.cpu_subsystem_i.cpu_0_0.rf_ram_i.memory\[167\]\[0\],20.82µm
i_core_v_mini_mcu.cpu_subsystem_i.cpu_0_0.rf_ram_i.memory\[280\]\[0\],20.82µm
i_core_v_mini_mcu.cpu_subsystem_i.cpu_0_0.rf_ram_i.memory\[320\]\[1\],20.82µm
i_core_v_mini_mcu.cpu_subsystem_i.cpu_0_0.rf_ram_i.memory\[480\]\[0\],20.82µm
i_core_v_mini_mcu.cpu_subsystem_i.cpu_0_0.rf_ram_i.memory\[66\]\[1\],20.82µm
i_core_v_mini_mcu.cpu_subsystem_i.cpu_1_0.rf_ram_i.memory\[193\]\[0\],20.82µm
i_core_v_mini_mcu.cpu_subsystem_i.cpu_1_0.rf_ram_i.memory\[279\]\[0\],20.82µm
i_core_v_mini_mcu.cpu_subsystem_i.cpu_1_0.rf_ram_i.memory\[303\]\[0\],20.82µm
i_core_v_mini_mcu.cpu_subsystem_i.cpu_1_0.rf_ram_i.memory\[317\]\[1\],20.82µm
i_core_v_mini_mcu.cpu_subsystem_i.cpu_1_0.rf_ram_i.memory\[411\]\[1\],20.82µm
i_core_v_mini_mcu.cpu_subsystem_i.cpu_1_0.rf_ram_i.memory\[56\]\[1\],20.82µm
i_core_v_mini_mcu.memory_subsystem_i.ram0_i.tc_ram_i.sram\[10\]\[4\],20.82µm
i_core_v_mini_mcu.memory_subsystem_i.ram0_i.tc_ram_i.sram\[16\]\[0\],20.82µm
i_core_v_mini_mcu.memory_subsystem_i.ram0_i.tc_ram_i.sram\[17\]\[14\],20.82µm
i_core_v_mini_mcu.memory_subsystem_i.ram0_i.tc_ram_i.sram\[17\]\[8\],20.82µm
i_core_v_mini_mcu.memory_subsystem_i.ram0_i.tc_ram_i.sram\[28\]\[17\],20.82µm
i_core_v_mini_mcu.memory_subsystem_i.ram0_i.tc_ram_i.sram\[8\]\[14\],20.82µm
_00091_,20.77µm
_00182_,20.77µm
_03358_,20.77µm
_03725_,20.77µm
_04016_,20.77µm
_05421_,20.77µm
_06200_,20.77µm
_06268_,20.77µm
_06524_,20.77µm
_06573_,20.77µm
_06618_,20.77µm
_06901_,20.77µm
_08000_,20.77µm
_08254_,20.77µm
_08505_,20.77µm
_09529_,20.77µm
_09755_,20.77µm
_09969_,20.77µm
_09994_,20.77µm
_10022_,20.77µm
_10165_,20.77µm
_10223_,20.77µm
_10357_,20.77µm
_10816_,20.77µm
_10952_,20.77µm
_12122_,20.77µm
_12967_,20.77µm
_13380_,20.77µm
_13521_,20.77µm
_13526_,20.77µm
_13932_,20.77µm
_14637_,20.77µm
_14982_,20.77µm
_15118_,20.77µm
_15505_,20.77µm
_16057_,20.77µm
_16151_,20.77µm
_16951_,20.77µm
_17409_,20.77µm
_17871_,20.77µm
_17896_,20.77µm
_17962_,20.77µm
_18713_,20.77µm
_19023_,20.77µm
_19043_,20.77µm
_19087_,20.77µm
_19815_,20.77µm
_19970_,20.77µm
_20753_,20.77µm
_20755_,20.77µm
_20801_,20.77µm
_21977_,20.77µm
_23652_,20.77µm
_23844_,20.77µm
_23981_,20.77µm
_24603_,20.77µm
_24999_,20.77µm
_25733_,20.77µm
_26298_,20.77µm
_26312_,20.77µm
_26520_,20.77µm
_26525_,20.77µm
_26781_,20.77µm
_26818_,20.77µm
_26905_,20.77µm
_26945_,20.77µm
i_core_v_mini_mcu.ao_peripheral_subsystem_i.mosaic_clint_i.mtimecmp_q\[27\],20.77µm
i_core_v_mini_mcu.ao_peripheral_subsystem_i.obi_fifo_i.consumer_data_req_q\[38\],20.77µm
i_core_v_mini_mcu.ao_peripheral_subsystem_i.soc_ctrl_i.reg2hw\[29\],20.77µm
i_core_v_mini_mcu.ao_peripheral_subsystem_i.spi_subsystem_i.obi_spimemio_i.obi_to_picorv32_i.state\[1\],20.77µm
i_core_v_mini_mcu.ao_peripheral_subsystem_i.spi_subsystem_i.obi_spimemio_i.spimemio_i.rd_addr\[12\],20.77µm
i_core_v_mini_mcu.ao_peripheral_subsystem_i.tdu_i.active_hart_cycles_q\[2\],20.77µm
i_core_v_mini_mcu.ao_peripheral_subsystem_i.tdu_i.park_req_pulse\[1\],20.77µm
i_core_v_mini_mcu.ao_peripheral_subsystem_i.tdu_i.task_mem\[3\]\[25\],20.77µm
i_core_v_mini_mcu.cpu_subsystem_i.cpu_0_0.i_servile.cpu.state.gen_csr.misalign_trap_sync_r,20.77µm
i_core_v_mini_mcu.cpu_subsystem_i.cpu_0_0.rf_ram_i.memory\[119\]\[0\],20.77µm
i_core_v_mini_mcu.cpu_subsystem_i.cpu_0_0.rf_ram_i.memory\[124\]\[1\],20.77µm
i_core_v_mini_mcu.cpu_subsystem_i.cpu_0_0.rf_ram_i.memory\[157\]\[0\],20.77µm
i_core_v_mini_mcu.cpu_subsystem_i.cpu_0_0.rf_ram_i.memory\[34\]\[0\],20.77µm
i_core_v_mini_mcu.cpu_subsystem_i.cpu_0_0.rf_ram_i.memory\[495\]\[1\],20.77µm
i_core_v_mini_mcu.cpu_subsystem_i.cpu_0_0.rf_ram_i.memory\[517\]\[1\],20.77µm
i_core_v_mini_mcu.cpu_subsystem_i.cpu_0_0.rf_ram_i.memory\[525\]\[1\],20.77µm
i_core_v_mini_mcu.cpu_subsystem_i.cpu_0_0.rf_ram_i.memory\[526\]\[0\],20.77µm
i_core_v_mini_mcu.cpu_subsystem_i.cpu_0_0.rf_ram_i.memory\[532\]\[1\],20.77µm
i_core_v_mini_mcu.cpu_subsystem_i.cpu_0_0.rf_ram_i.memory\[553\]\[1\],20.77µm
i_core_v_mini_mcu.cpu_subsystem_i.cpu_0_0.rf_ram_i.memory\[60\]\[0\],20.77µm
i_core_v_mini_mcu.cpu_subsystem_i.cpu_1_0.i_servile.arbiter.i_wb_cpu_dbus_adr\[15\],20.77µm
i_core_v_mini_mcu.cpu_subsystem_i.cpu_1_0.i_servile.cpu.state.cnt_r\[0\],20.77µm
i_core_v_mini_mcu.cpu_subsystem_i.cpu_1_0.rf_ram_i.memory\[130\]\[0\],20.77µm
i_core_v_mini_mcu.cpu_subsystem_i.cpu_1_0.rf_ram_i.memory\[177\]\[0\],20.77µm
i_core_v_mini_mcu.cpu_subsystem_i.cpu_1_0.rf_ram_i.memory\[306\]\[0\],20.77µm
i_core_v_mini_mcu.cpu_subsystem_i.cpu_1_0.rf_ram_i.memory\[332\]\[0\],20.77µm
i_core_v_mini_mcu.cpu_subsystem_i.cpu_1_0.rf_ram_i.memory\[375\]\[0\],20.77µm
i_core_v_mini_mcu.cpu_subsystem_i.cpu_1_0.rf_ram_i.memory\[430\]\[1\],20.77µm
i_core_v_mini_mcu.memory_subsystem_i.ram0_i.tc_ram_i.sram\[27\]\[30\],20.77µm
i_core_v_mini_mcu.memory_subsystem_i.ram0_i.tc_ram_i.sram\[28\]\[11\],20.77µm
i_core_v_mini_mcu.memory_subsystem_i.ram0_i.tc_ram_i.sram\[5\]\[12\],20.77µm
i_core_v_mini_mcu.peripheral_subsystem_i.obi_fifo_i.consumer_resp_i\[16\],20.77µm
i_core_v_mini_mcu.peripheral_subsystem_i.uart_i.uart_core.rx_watermark_d,20.77µm
i_core_v_mini_mcu.peripheral_subsystem_i.uart_i.uart_core.u_uart_rxfifo.gen_normal_fifo.storage\[12\],20.77µm
i_core_v_mini_mcu.peripheral_subsystem_i.uart_i.uart_core.u_uart_rxfifo.gen_normal_fifo.storage\[7\],20.77µm
i_core_v_mini_mcu.peripheral_subsystem_i.uart_i.uart_core.uart_tx.baud_div_q\[3\],20.77µm
_00250_,20.72µm
_01754_,20.72µm
_02134_,20.72µm
_03679_,20.72µm
_03754_,20.72µm
_04135_,20.72µm
_05139_,20.72µm
_05144_,20.72µm
_05272_,20.72µm
_05445_,20.72µm
_05536_,20.72µm
_06510_,20.72µm
_06659_,20.72µm
_07642_,20.72µm
_07805_,20.72µm
_08064_,20.72µm
_08625_,20.72µm
_08892_,20.72µm
_09288_,20.72µm
_10187_,20.72µm
_11710_,20.72µm
_11809_,20.72µm
_11956_,20.72µm
_12478_,20.72µm
_13072_,20.72µm
_13255_,20.72µm
_13517_,20.72µm
_13579_,20.72µm
_13650_,20.72µm
_13735_,20.72µm
_15277_,20.72µm
_16489_,20.72µm
_17584_,20.72µm
_18187_,20.72µm
_20636_,20.72µm
_20770_,20.72µm
_20775_,20.72µm
_20987_,20.72µm
_21005_,20.72µm
_21072_,20.72µm
_21090_,20.72µm
_21193_,20.72µm
_21447_,20.72µm
_21701_,20.72µm
_22678_,20.72µm
_22808_,20.72µm
_23299_,20.72µm
_24205_,20.72µm
_24672_,20.72µm
_25148_,20.72µm
_25629_,20.72µm
_25792_,20.72µm
_25829_,20.72µm
_26019_,20.72µm
_27296_,20.72µm
_27370_,20.72µm
_27470_,20.72µm
_27636_,20.72µm
_27792_,20.72µm
_27991_,20.72µm
_28092_,20.72µm
i_core_v_mini_mcu.ao_peripheral_subsystem_i.mosaic_clint_i.mtimecmp_q\[46\],20.72µm
i_core_v_mini_mcu.ao_peripheral_subsystem_i.power_manager_i.power_manager_reg_top_i.intr_state_qs\[20\],20.72µm
i_core_v_mini_mcu.ao_peripheral_subsystem_i.power_manager_i.power_manager_reg_top_i.u_intr_state.wr_data\[2\],20.72µm
i_core_v_mini_mcu.ao_peripheral_subsystem_i.tdu_i.task_mem\[5\]\[25\],20.72µm
i_core_v_mini_mcu.cpu_subsystem_i.cpu_0_0.rf_ram_i.memory\[114\]\[0\],20.72µm
i_core_v_mini_mcu.cpu_subsystem_i.cpu_0_0.rf_ram_i.memory\[331\]\[0\],20.72µm
i_core_v_mini_mcu.cpu_subsystem_i.cpu_0_0.rf_ram_i.memory\[336\]\[0\],20.72µm
i_core_v_mini_mcu.cpu_subsystem_i.cpu_0_0.rf_ram_i.memory\[402\]\[1\],20.72µm
i_core_v_mini_mcu.cpu_subsystem_i.cpu_0_0.rf_ram_i.memory\[72\]\[1\],20.72µm
i_core_v_mini_mcu.cpu_subsystem_i.cpu_1_0.rf_ram_i.memory\[117\]\[0\],20.72µm
i_core_v_mini_mcu.cpu_subsystem_i.cpu_1_0.rf_ram_i.memory\[17\]\[1\],20.72µm
i_core_v_mini_mcu.cpu_subsystem_i.cpu_1_0.rf_ram_i.memory\[238\]\[0\],20.72µm
i_core_v_mini_mcu.memory_subsystem_i.ram0_i.tc_ram_i.sram\[10\]\[1\],20.72µm
i_core_v_mini_mcu.memory_subsystem_i.ram0_i.tc_ram_i.sram\[16\]\[10\],20.72µm
i_core_v_mini_mcu.memory_subsystem_i.ram0_i.tc_ram_i.sram\[17\]\[7\],20.72µm
i_core_v_mini_mcu.memory_subsystem_i.ram0_i.tc_ram_i.sram\[21\]\[1\],20.72µm
i_core_v_mini_mcu.memory_subsystem_i.ram0_i.tc_ram_i.sram\[26\]\[28\],20.72µm
i_core_v_mini_mcu.memory_subsystem_i.ram0_i.tc_ram_i.sram\[29\]\[26\],20.72µm
i_core_v_mini_mcu.memory_subsystem_i.ram0_i.tc_ram_i.sram\[2\]\[9\],20.72µm
i_core_v_mini_mcu.memory_subsystem_i.ram0_i.tc_ram_i.sram\[9\]\[21\],20.72µm
i_core_v_mini_mcu.cpu_subsystem_i.cpu_0_0.rf_ram_i.memory\[440\]\[0\],20.54µm
i_core_v_mini_mcu.cpu_subsystem_i.cpu_1_0.rf_ram_i.memory\[241\]\[1\],20.54µm
i_core_v_mini_mcu.cpu_subsystem_i.cpu_1_0.rf_ram_i.memory\[91\]\[0\],20.54µm
i_core_v_mini_mcu.cpu_subsystem_i.cpu_0_0.rf_ram_i.memory\[294\]\[1\],20.49µm
i_core_v_mini_mcu.cpu_subsystem_i.cpu_0_0.rf_ram_i.memory\[425\]\[1\],20.49µm
i_core_v_mini_mcu.memory_subsystem_i.ram0_i.tc_ram_i.sram\[12\]\[11\],20.49µm
i_core_v_mini_mcu.cpu_subsystem_i.cpu_0_0.rf_ram_i.memory\[93\]\[0\],20.44µm
i_core_v_mini_mcu.cpu_subsystem_i.cpu_1_0.rf_ram_i.memory\[464\]\[0\],20.44µm
_15297_,20.36µm
_16148_,20.36µm
_17186_,20.36µm
_23593_,20.36µm
_05933_,20.31µm
_11456_,20.31µm
_14978_,20.31µm
_15098_,20.31µm
_16907_,20.31µm
_17294_,20.31µm
_17816_,20.31µm
_18161_,20.31µm
_20647_,20.31µm
_23780_,20.31µm
i_core_v_mini_mcu.ao_peripheral_subsystem_i.obi_fifo_i.consumer_data_req_q\[64\],20.31µm
i_core_v_mini_mcu.cpu_subsystem_i.cpu_0_0.i_servile.arbiter.i_wb_cpu_dbus_adr\[23\],20.31µm
i_core_v_mini_mcu.cpu_subsystem_i.cpu_0_0.i_servile.arbiter.i_wb_cpu_dbus_adr\[30\],20.31µm
i_core_v_mini_mcu.cpu_subsystem_i.cpu_0_0.rf_ram_i.memory\[117\]\[1\],20.31µm
i_core_v_mini_mcu.cpu_subsystem_i.cpu_0_0.rf_ram_i.memory\[381\]\[1\],20.31µm
i_core_v_mini_mcu.cpu_subsystem_i.cpu_0_0.rf_ram_i.memory\[568\]\[1\],20.31µm
i_core_v_mini_mcu.cpu_subsystem_i.cpu_0_0.rf_ram_i.memory\[75\]\[1\],20.31µm
i_core_v_mini_mcu.memory_subsystem_i.ram0_i.tc_ram_i.sram\[0\]\[17\],20.31µm
i_core_v_mini_mcu.memory_subsystem_i.ram0_i.tc_ram_i.sram\[28\]\[2\],20.31µm
i_core_v_mini_mcu.memory_subsystem_i.ram0_i.tc_ram_i.sram\[3\]\[28\],20.31µm
i_core_v_mini_mcu.peripheral_subsystem_i.obi_fifo_i.consumer_data_req_q\[14\],20.31µm
i_core_v_mini_mcu.memory_subsystem_i.ram0_i.tc_ram_i.sram\[30\]\[7\],20.295µm
_05512_,20.26µm
_05836_,20.26µm
_06483_,20.26µm
_07026_,20.26µm
_07095_,20.26µm
_08746_,20.26µm
_09464_,20.26µm
_09495_,20.26µm
_10081_,20.26µm
_10203_,20.26µm
_11078_,20.26µm
_11481_,20.26µm
_12500_,20.26µm
_13083_,20.26µm
_15365_,20.26µm
_16982_,20.26µm
_17972_,20.26µm
_19193_,20.26µm
_20532_,20.26µm
_20592_,20.26µm
_20772_,20.26µm
_20886_,20.26µm
_23927_,20.26µm
_25258_,20.26µm
_25373_,20.26µm
_27686_,20.26µm
_27794_,20.26µm
i_core_v_mini_mcu.ao_peripheral_subsystem_i.mosaic_clint_i.mtimecmp_q\[16\],20.26µm
i_core_v_mini_mcu.ao_peripheral_subsystem_i.power_manager_i.power_manager_reg_top_i.cpu_reset_assert_counter_qs\[1\],20.26µm
i_core_v_mini_mcu.ao_peripheral_subsystem_i.power_manager_i.power_manager_reg_top_i.power_gate_core_qs,20.26µm
i_core_v_mini_mcu.ao_peripheral_subsystem_i.spi_subsystem_i.obi_spimemio_i.obi_to_picorv32_i.picorv32_resp_i\[13\],20.26µm
i_core_v_mini_mcu.cpu_subsystem_i.cpu_0_0.rf_ram_i.memory\[196\]\[0\],20.26µm
i_core_v_mini_mcu.cpu_subsystem_i.cpu_0_0.rf_ram_i.memory\[211\]\[1\],20.26µm
i_core_v_mini_mcu.cpu_subsystem_i.cpu_0_0.rf_ram_i.memory\[248\]\[1\],20.26µm
i_core_v_mini_mcu.cpu_subsystem_i.cpu_0_0.rf_ram_i.memory\[343\]\[1\],20.26µm
i_core_v_mini_mcu.cpu_subsystem_i.cpu_0_0.rf_ram_i.memory\[571\]\[0\],20.26µm
i_core_v_mini_mcu.cpu_subsystem_i.cpu_0_0.rf_ram_i.memory\[85\]\[1\],20.26µm
i_core_v_mini_mcu.cpu_subsystem_i.cpu_1_0.i_servile.cpu.alu.i_cmp_sig,20.26µm
i_core_v_mini_mcu.cpu_subsystem_i.cpu_1_0.rf_ram_i.memory\[128\]\[0\],20.26µm
i_core_v_mini_mcu.cpu_subsystem_i.cpu_1_0.rf_ram_i.memory\[175\]\[1\],20.26µm
i_core_v_mini_mcu.cpu_subsystem_i.cpu_1_0.rf_ram_i.memory\[176\]\[0\],20.26µm
i_core_v_mini_mcu.cpu_subsystem_i.cpu_1_0.rf_ram_i.memory\[215\]\[0\],20.26µm
i_core_v_mini_mcu.cpu_subsystem_i.cpu_1_0.rf_ram_i.memory\[226\]\[1\],20.26µm
i_core_v_mini_mcu.cpu_subsystem_i.cpu_1_0.rf_ram_i.memory\[242\]\[0\],20.26µm
i_core_v_mini_mcu.cpu_subsystem_i.cpu_1_0.rf_ram_i.memory\[310\]\[0\],20.26µm
i_core_v_mini_mcu.cpu_subsystem_i.cpu_1_0.rf_ram_i.memory\[323\]\[1\],20.26µm
i_core_v_mini_mcu.cpu_subsystem_i.cpu_1_0.rf_ram_i.memory\[330\]\[1\],20.26µm
i_core_v_mini_mcu.cpu_subsystem_i.cpu_1_0.rf_ram_i.memory\[393\]\[1\],20.26µm
i_core_v_mini_mcu.cpu_subsystem_i.cpu_1_0.rf_ram_i.memory\[409\]\[1\],20.26µm
i_core_v_mini_mcu.cpu_subsystem_i.cpu_1_0.rf_ram_i.memory\[428\]\[0\],20.26µm
i_core_v_mini_mcu.cpu_subsystem_i.cpu_1_0.rf_ram_i.memory\[454\]\[0\],20.26µm
i_core_v_mini_mcu.cpu_subsystem_i.cpu_1_0.rf_ram_i.memory\[469\]\[1\],20.26µm
i_core_v_mini_mcu.cpu_subsystem_i.cpu_1_0.rf_ram_i.memory\[7\]\[1\],20.26µm
i_core_v_mini_mcu.cpu_subsystem_i.cpu_1_0.rf_ram_i.memory\[86\]\[0\],20.26µm
i_core_v_mini_mcu.memory_subsystem_i.ram0_i.tc_ram_i.sram\[0\]\[6\],20.26µm
i_core_v_mini_mcu.memory_subsystem_i.ram0_i.tc_ram_i.sram\[19\]\[18\],20.26µm
i_core_v_mini_mcu.memory_subsystem_i.ram0_i.tc_ram_i.sram\[20\]\[4\],20.26µm
i_core_v_mini_mcu.memory_subsystem_i.ram0_i.tc_ram_i.sram\[21\]\[31\],20.26µm
i_core_v_mini_mcu.memory_subsystem_i.ram0_i.tc_ram_i.sram\[22\]\[30\],20.26µm
i_core_v_mini_mcu.memory_subsystem_i.ram0_i.tc_ram_i.sram\[24\]\[5\],20.26µm
i_core_v_mini_mcu.memory_subsystem_i.ram0_i.tc_ram_i.sram\[26\]\[7\],20.26µm
i_core_v_mini_mcu.memory_subsystem_i.ram0_i.tc_ram_i.sram\[28\]\[27\],20.26µm
i_core_v_mini_mcu.memory_subsystem_i.ram0_i.tc_ram_i.sram\[9\]\[24\],20.26µm
i_core_v_mini_mcu.peripheral_subsystem_i.uart_i.uart_core.rx_sync_q2,20.26µm
i_core_v_mini_mcu.peripheral_subsystem_i.uart_i.uart_core.uart_tx.tick_baud_q,20.26µm
_00314_,20.21µm
_01640_,20.21µm
_01962_,20.21µm
_03746_,20.21µm
_03926_,20.21µm
_04137_,20.21µm
_04199_,20.21µm
_04677_,20.21µm
_04764_,20.21µm
_05264_,20.21µm
_05727_,20.21µm
_05770_,20.21µm
_06082_,20.21µm
_06303_,20.21µm
_06439_,20.21µm
_07232_,20.21µm
_08417_,20.21µm
_08850_,20.21µm
_08943_,20.21µm
_09328_,20.21µm
_09561_,20.21µm
_09722_,20.21µm
_10049_,20.21µm
_10068_,20.21µm
_10076_,20.21µm
_10503_,20.21µm
_10830_,20.21µm
_11210_,20.21µm
_12007_,20.21µm
_12584_,20.21µm
_12735_,20.21µm
_12951_,20.21µm
_13063_,20.21µm
_13165_,20.21µm
_14068_,20.21µm
_14089_,20.21µm
_14392_,20.21µm
_14767_,20.21µm
_14853_,20.21µm
_14891_,20.21µm
_15791_,20.21µm
_16530_,20.21µm
_16693_,20.21µm
_16985_,20.21µm
_17245_,20.21µm
_17452_,20.21µm
_17485_,20.21µm
_17945_,20.21µm
_18475_,20.21µm
_19216_,20.21µm
_19265_,20.21µm
_19404_,20.21µm
_19415_,20.21µm
_19713_,20.21µm
_20421_,20.21µm
_20595_,20.21µm
_20605_,20.21µm
_20637_,20.21µm
_20675_,20.21µm
_20926_,20.21µm
_21031_,20.21µm
_21323_,20.21µm
_21347_,20.21µm
_21530_,20.21µm
_21966_,20.21µm
_22325_,20.21µm
_22418_,20.21µm
_22507_,20.21µm
_22755_,20.21µm
_22845_,20.21µm
_23335_,20.21µm
_23544_,20.21µm
_23841_,20.21µm
_24375_,20.21µm
_24567_,20.21µm
_25215_,20.21µm
_25642_,20.21µm
_25821_,20.21µm
_25928_,20.21µm
_26009_,20.21µm
_26840_,20.21µm
_26894_,20.21µm
_27303_,20.21µm
_27455_,20.21µm
_27474_,20.21µm
i_core_v_mini_mcu.ao_peripheral_subsystem_i.clint_mtime_o\[5\],20.21µm
i_core_v_mini_mcu.ao_peripheral_subsystem_i.mosaic_clint_i.mtimecmp_q\[26\],20.21µm
i_core_v_mini_mcu.ao_peripheral_subsystem_i.obi_fifo_i.consumer_data_req_q\[45\],20.21µm
i_core_v_mini_mcu.ao_peripheral_subsystem_i.power_manager_i.power_manager_counter_sequence_cpu_reset_i.sequence_curr_state\[3\],20.21µm
i_core_v_mini_mcu.ao_peripheral_subsystem_i.power_manager_i.power_manager_reg_top_i.cpu_iso_on_counter_qs\[15\],20.21µm
i_core_v_mini_mcu.ao_peripheral_subsystem_i.soc_ctrl_i.soc_ctrl_reg_top_i.system_frequency_hz_qs\[13\],20.21µm
i_core_v_mini_mcu.ao_peripheral_subsystem_i.spi_subsystem_i.obi_spimemio_i.obi_to_picorv32_i.picorv32_resp_i\[1\],20.21µm
i_core_v_mini_mcu.cpu_subsystem_i.cpu_0_0.i_servile.cpu.ctrl.pc_plus_4_cy_r,20.21µm
i_core_v_mini_mcu.cpu_subsystem_i.cpu_0_0.i_servile.cpu.gen_align.align.ctrl_misal,20.21µm
i_core_v_mini_mcu.cpu_subsystem_i.cpu_0_0.rf_ram_i.memory\[105\]\[0\],20.21µm
i_core_v_mini_mcu.cpu_subsystem_i.cpu_0_0.rf_ram_i.memory\[213\]\[0\],20.21µm
i_core_v_mini_mcu.cpu_subsystem_i.cpu_0_0.rf_ram_i.memory\[530\]\[0\],20.21µm
i_core_v_mini_mcu.cpu_subsystem_i.cpu_0_0.rf_ram_i.memory\[9\]\[0\],20.21µm
i_core_v_mini_mcu.cpu_subsystem_i.cpu_1_0.rf_ram_i.memory\[115\]\[0\],20.21µm
i_core_v_mini_mcu.cpu_subsystem_i.cpu_1_0.rf_ram_i.memory\[118\]\[0\],20.21µm
i_core_v_mini_mcu.cpu_subsystem_i.cpu_1_0.rf_ram_i.memory\[12\]\[0\],20.21µm
i_core_v_mini_mcu.cpu_subsystem_i.cpu_1_0.rf_ram_i.memory\[221\]\[0\],20.21µm
i_core_v_mini_mcu.cpu_subsystem_i.cpu_1_0.rf_ram_i.memory\[222\]\[0\],20.21µm
i_core_v_mini_mcu.cpu_subsystem_i.cpu_1_0.rf_ram_i.memory\[238\]\[1\],20.21µm
i_core_v_mini_mcu.cpu_subsystem_i.cpu_1_0.rf_ram_i.memory\[41\]\[0\],20.21µm
i_core_v_mini_mcu.cpu_subsystem_i.cpu_1_0.rf_ram_i.memory\[500\]\[0\],20.21µm
i_core_v_mini_mcu.cpu_subsystem_i.cpu_1_0.rf_ram_i.memory\[60\]\[1\],20.21µm
i_core_v_mini_mcu.cpu_subsystem_i.cpu_1_0.rf_ram_i.memory\[65\]\[1\],20.21µm
i_core_v_mini_mcu.cpu_subsystem_i.cpu_1_0.rf_ram_i.memory\[68\]\[1\],20.21µm
i_core_v_mini_mcu.cpu_subsystem_i.cpu_1_0.rf_ram_i.memory\[83\]\[0\],20.21µm
i_core_v_mini_mcu.cpu_subsystem_i.cpu_1_0.rf_ram_i.memory\[85\]\[1\],20.21µm
i_core_v_mini_mcu.memory_subsystem_i.ram0_i.tc_ram_i.sram\[10\]\[21\],20.21µm
i_core_v_mini_mcu.memory_subsystem_i.ram0_i.tc_ram_i.sram\[21\]\[15\],20.21µm
i_core_v_mini_mcu.memory_subsystem_i.ram0_i.tc_ram_i.sram\[26\]\[3\],20.21µm
i_core_v_mini_mcu.memory_subsystem_i.ram0_i.tc_ram_i.sram\[2\]\[8\],20.21µm
i_core_v_mini_mcu.memory_subsystem_i.ram0_i.tc_ram_i.sram\[3\]\[17\],20.21µm
i_core_v_mini_mcu.memory_subsystem_i.ram0_i.tc_ram_i.sram\[3\]\[2\],20.21µm
i_core_v_mini_mcu.peripheral_subsystem_i.obi_fifo_i.consumer_data_req_q\[8\],20.21µm
i_core_v_mini_mcu.peripheral_subsystem_i.uart_i.uart_core.u_uart_txfifo.gen_normal_fifo.storage\[20\],20.21µm
_00428_,20.16µm
_00802_,20.16µm
_01269_,20.16µm
_02228_,20.16µm
_02280_,20.16µm
_03933_,20.16µm
_04078_,20.16µm
_04105_,20.16µm
_04762_,20.16µm
_05220_,20.16µm
_06288_,20.16µm
_06917_,20.16µm
_06944_,20.16µm
_06997_,20.16µm
_07177_,20.16µm
_07771_,20.16µm
_07792_,20.16µm
_08116_,20.16µm
_08284_,20.16µm
_08639_,20.16µm
_08820_,20.16µm
_08893_,20.16µm
_09796_,20.16µm
_10154_,20.16µm
_10822_,20.16µm
_10928_,20.16µm
_11540_,20.16µm
_12227_,20.16µm
_12246_,20.16µm
_12249_,20.16µm
_12265_,20.16µm
_12276_,20.16µm
_12871_,20.16µm
_12986_,20.16µm
_13050_,20.16µm
_13081_,20.16µm
_13343_,20.16µm
_13403_,20.16µm
_13495_,20.16µm
_14151_,20.16µm
_14501_,20.16µm
_14917_,20.16µm
_15132_,20.16µm
_15381_,20.16µm
_16372_,20.16µm
_16542_,20.16µm
_16596_,20.16µm
_17367_,20.16µm
_17447_,20.16µm
_17837_,20.16µm
_18526_,20.16µm
_18750_,20.16µm
_19006_,20.16µm
_19340_,20.16µm
_19745_,20.16µm
_19765_,20.16µm
_19784_,20.16µm
_19902_,20.16µm
_19930_,20.16µm
_19951_,20.16µm
_20407_,20.16µm
_20894_,20.16µm
_21056_,20.16µm
_21345_,20.16µm
_21549_,20.16µm
_21770_,20.16µm
_21815_,20.16µm
_22169_,20.16µm
_23201_,20.16µm
_23477_,20.16µm
_23686_,20.16µm
_23840_,20.16µm
_24003_,20.16µm
_24288_,20.16µm
_24343_,20.16µm
_24346_,20.16µm
_24371_,20.16µm
_24539_,20.16µm
_24771_,20.16µm
_24916_,20.16µm
_25066_,20.16µm
_25167_,20.16µm
_25170_,20.16µm
_25408_,20.16µm
_25564_,20.16µm
_25592_,20.16µm
_25725_,20.16µm
_25810_,20.16µm
_26164_,20.16µm
_26187_,20.16µm
_26508_,20.16µm
_26719_,20.16µm
_27177_,20.16µm
_27869_,20.16µm
_27897_,20.16µm
exit_value_int\[19\],20.16µm
i_core_v_mini_mcu.ao_peripheral_subsystem_i.obi_fifo_i.consumer_data_req_q\[37\],20.16µm
i_core_v_mini_mcu.ao_peripheral_subsystem_i.obi_fifo_i.consumer_resp_i\[3\],20.16µm
i_core_v_mini_mcu.ao_peripheral_subsystem_i.power_manager_i.cpu_subsystem_powergate_iso_n,20.16µm
i_core_v_mini_mcu.ao_peripheral_subsystem_i.soc_ctrl_i.reg2hw\[24\],20.16µm
i_core_v_mini_mcu.ao_peripheral_subsystem_i.spi_subsystem_i.obi_spimemio_i.spimemio_i.rd_addr\[2\],20.16µm
i_core_v_mini_mcu.ao_peripheral_subsystem_i.tdu_i.cpi_est_q\[41\],20.16µm
i_core_v_mini_mcu.ao_peripheral_subsystem_i.tdu_i.task_mem\[7\]\[24\],20.16µm
i_core_v_mini_mcu.cpu_subsystem_i.cpu_0_0.rf_ram_i.memory\[129\]\[1\],20.16µm
i_core_v_mini_mcu.cpu_subsystem_i.cpu_0_0.rf_ram_i.memory\[223\]\[0\],20.16µm
i_core_v_mini_mcu.cpu_subsystem_i.cpu_0_0.rf_ram_i.memory\[262\]\[0\],20.16µm
i_core_v_mini_mcu.cpu_subsystem_i.cpu_0_0.rf_ram_i.memory\[273\]\[1\],20.16µm
i_core_v_mini_mcu.cpu_subsystem_i.cpu_0_0.rf_ram_i.memory\[321\]\[0\],20.16µm
i_core_v_mini_mcu.cpu_subsystem_i.cpu_0_0.rf_ram_i.memory\[375\]\[1\],20.16µm
i_core_v_mini_mcu.cpu_subsystem_i.cpu_0_0.rf_ram_i.memory\[411\]\[1\],20.16µm
i_core_v_mini_mcu.cpu_subsystem_i.cpu_0_0.rf_ram_i.memory\[557\]\[1\],20.16µm
i_core_v_mini_mcu.cpu_subsystem_i.cpu_0_0.rf_ram_i.memory\[566\]\[1\],20.16µm
i_core_v_mini_mcu.cpu_subsystem_i.cpu_0_0.rf_ram_i.memory\[98\]\[0\],20.16µm
i_core_v_mini_mcu.cpu_subsystem_i.cpu_1_0.rf_ram_i.memory\[163\]\[1\],20.16µm
i_core_v_mini_mcu.cpu_subsystem_i.cpu_1_0.rf_ram_i.memory\[166\]\[1\],20.16µm
i_core_v_mini_mcu.cpu_subsystem_i.cpu_1_0.rf_ram_i.memory\[201\]\[1\],20.16µm
i_core_v_mini_mcu.cpu_subsystem_i.cpu_1_0.rf_ram_i.memory\[232\]\[0\],20.16µm
i_core_v_mini_mcu.cpu_subsystem_i.cpu_1_0.rf_ram_i.memory\[2\]\[0\],20.16µm
i_core_v_mini_mcu.cpu_subsystem_i.cpu_1_0.rf_ram_i.memory\[309\]\[0\],20.16µm
i_core_v_mini_mcu.cpu_subsystem_i.cpu_1_0.rf_ram_i.memory\[33\]\[0\],20.16µm
i_core_v_mini_mcu.cpu_subsystem_i.cpu_1_0.rf_ram_i.memory\[430\]\[0\],20.16µm
i_core_v_mini_mcu.memory_subsystem_i.ram0_i.tc_ram_i.sram\[26\]\[2\],20.16µm
i_core_v_mini_mcu.memory_subsystem_i.ram0_i.tc_ram_i.sram\[28\]\[7\],20.16µm
i_core_v_mini_mcu.memory_subsystem_i.ram0_i.tc_ram_i.sram\[6\]\[27\],20.16µm
_23847_,19.98µm
_10308_,19.93µm
_14295_,19.93µm
i_core_v_mini_mcu.ao_peripheral_subsystem_i.power_manager_i.power_manager_reg_top_i.intr_state_qs\[3\],19.93µm
i_core_v_mini_mcu.cpu_subsystem_i.cpu_0_0.rf_ram_i.memory\[131\]\[0\],19.93µm
i_core_v_mini_mcu.cpu_subsystem_i.cpu_1_0.rf_ram_i.memory\[70\]\[0\],19.93µm
_16651_,19.9µm
_11563_,19.88µm
i_core_v_mini_mcu.cpu_subsystem_i.cpu_0_0.rf_ram_i.memory\[456\]\[0\],19.88µm
_14804_,19.85µm
_09698_,19.8µm
_14546_,19.8µm
_16572_,19.8µm
_18139_,19.8µm
_22515_,19.8µm
i_core_v_mini_mcu.cpu_subsystem_i.cpu_0_0.rf_ram_i.memory\[81\]\[1\],19.8µm
_20814_,19.75µm
_21700_,19.75µm
_21726_,19.75µm
_22817_,19.75µm
i_core_v_mini_mcu.ao_peripheral_subsystem_i.obi_fifo_i.consumer_data_req_q\[59\],19.75µm
i_core_v_mini_mcu.ao_peripheral_subsystem_i.power_manager_i.power_manager_reg_top_i.cpu_iso_on_counter_qs\[1\],19.75µm
i_core_v_mini_mcu.cpu_subsystem_i.cpu_0_0.rf_ram_i.memory\[48\]\[0\],19.75µm
i_core_v_mini_mcu.cpu_subsystem_i.cpu_0_0.rf_ram_i.memory\[526\]\[1\],19.75µm
i_core_v_mini_mcu.cpu_subsystem_i.cpu_0_0.rf_ram_i.memory\[88\]\[0\],19.75µm
i_core_v_mini_mcu.cpu_subsystem_i.cpu_1_0.rf_ram_i.memory\[49\]\[1\],19.75µm
i_core_v_mini_mcu.memory_subsystem_i.ram0_i.tc_ram_i.sram\[22\]\[24\],19.75µm
_05194_,19.7µm
_05330_,19.7µm
_06608_,19.7µm
_09819_,19.7µm
_09836_,19.7µm
_09914_,19.7µm
_10281_,19.7µm
_12482_,19.7µm
_13071_,19.7µm
_15628_,19.7µm
_15787_,19.7µm
_16706_,19.7µm
_17274_,19.7µm
_18178_,19.7µm
_18597_,19.7µm
_19525_,19.7µm
_20866_,19.7µm
_23666_,19.7µm
_23788_,19.7µm
_24058_,19.7µm
_24779_,19.7µm
_24950_,19.7µm
_25210_,19.7µm
_25908_,19.7µm
i_core_v_mini_mcu.ao_peripheral_subsystem_i.mosaic_clint_i.mtimecmp_q\[1\],19.7µm
i_core_v_mini_mcu.ao_peripheral_subsystem_i.tdu_i.cpi_est_q\[30\],19.7µm
i_core_v_mini_mcu.ao_peripheral_subsystem_i.tdu_i.cpi_est_q\[9\],19.7µm
i_core_v_mini_mcu.cpu_subsystem_i.cpu_0_0.i_servile.cpu.ctrl.o_ibus_adr\[14\],19.7µm
i_core_v_mini_mcu.cpu_subsystem_i.cpu_0_0.i_servile.cpu.immdec.gen_immdec_w_eq_1.imm19_12_20\[3\],19.7µm
i_core_v_mini_mcu.cpu_subsystem_i.cpu_0_0.rf_ram_i.memory\[183\]\[0\],19.7µm
i_core_v_mini_mcu.cpu_subsystem_i.cpu_0_0.rf_ram_i.memory\[272\]\[1\],19.7µm
i_core_v_mini_mcu.cpu_subsystem_i.cpu_0_0.rf_ram_i.memory\[299\]\[0\],19.7µm
i_core_v_mini_mcu.cpu_subsystem_i.cpu_0_0.rf_ram_i.memory\[351\]\[0\],19.7µm
i_core_v_mini_mcu.cpu_subsystem_i.cpu_0_0.rf_ram_i.memory\[357\]\[0\],19.7µm
i_core_v_mini_mcu.cpu_subsystem_i.cpu_0_0.rf_ram_i.memory\[452\]\[1\],19.7µm
i_core_v_mini_mcu.cpu_subsystem_i.cpu_0_0.rf_ram_i.memory\[458\]\[1\],19.7µm
i_core_v_mini_mcu.cpu_subsystem_i.cpu_0_0.rf_ram_i.memory\[92\]\[0\],19.7µm
i_core_v_mini_mcu.cpu_subsystem_i.cpu_1_0.rf_ram_i.memory\[209\]\[0\],19.7µm
i_core_v_mini_mcu.cpu_subsystem_i.cpu_1_0.rf_ram_i.memory\[220\]\[0\],19.7µm
i_core_v_mini_mcu.cpu_subsystem_i.cpu_1_0.rf_ram_i.memory\[225\]\[0\],19.7µm
i_core_v_mini_mcu.cpu_subsystem_i.cpu_1_0.rf_ram_i.memory\[266\]\[1\],19.7µm
i_core_v_mini_mcu.cpu_subsystem_i.cpu_1_0.rf_ram_i.memory\[39\]\[1\],19.7µm
i_core_v_mini_mcu.cpu_subsystem_i.cpu_1_0.rf_ram_i.memory\[405\]\[1\],19.7µm
i_core_v_mini_mcu.cpu_subsystem_i.cpu_1_0.rf_ram_i.memory\[79\]\[1\],19.7µm
i_core_v_mini_mcu.memory_subsystem_i.ram0_i.tc_ram_i.sram\[1\]\[28\],19.7µm
i_core_v_mini_mcu.memory_subsystem_i.ram0_i.tc_ram_i.sram\[24\]\[27\],19.7µm
i_core_v_mini_mcu.memory_subsystem_i.ram0_i.tc_ram_i.sram\[31\]\[8\],19.7µm
i_core_v_mini_mcu.memory_subsystem_i.ram0_i.tc_ram_i.sram\[4\]\[22\],19.7µm
_00367_,19.65µm
_00496_,19.65µm
_01075_,19.65µm
_01278_,19.65µm
_03904_,19.65µm
_04730_,19.65µm
_04796_,19.65µm
_04870_,19.65µm
_06002_,19.65µm
_06515_,19.65µm
_07286_,19.65µm
_07372_,19.65µm
_07593_,19.65µm
_07984_,19.65µm
_08122_,19.65µm
_09129_,19.65µm
_09414_,19.65µm
_09488_,19.65µm
_09514_,19.65µm
_09692_,19.65µm
_09855_,19.65µm
_10099_,19.65µm
_10161_,19.65µm
_10274_,19.65µm
_10338_,19.65µm
_11160_,19.65µm
_11452_,19.65µm
_11518_,19.65µm
_11829_,19.65µm
_12071_,19.65µm
_12430_,19.65µm
_12796_,19.65µm
_12861_,19.65µm
_12954_,19.65µm
_13078_,19.65µm
_13388_,19.65µm
_13654_,19.65µm
_13765_,19.65µm
_14018_,19.65µm
_14683_,19.65µm
_15413_,19.65µm
_15487_,19.65µm
_15773_,19.65µm
_15856_,19.65µm
_15876_,19.65µm
_15941_,19.65µm
_16017_,19.65µm
_16058_,19.65µm
_16797_,19.65µm
_17121_,19.65µm
_17164_,19.65µm
_17172_,19.65µm
_17742_,19.65µm
_18661_,19.65µm
_18678_,19.65µm
_18890_,19.65µm
_19065_,19.65µm
_19147_,19.65µm
_19222_,19.65µm
_19463_,19.65µm
_19570_,19.65µm
_20084_,19.65µm
_20245_,19.65µm
_20615_,19.65µm
_20624_,19.65µm
_20777_,19.65µm
_20841_,19.65µm
_20890_,19.65µm
_20899_,19.65µm
_20969_,19.65µm
_21198_,19.65µm
_21212_,19.65µm
_22025_,19.65µm
_22830_,19.65µm
_23507_,19.65µm
_24345_,19.65µm
_25336_,19.65µm
_25443_,19.65µm
_25726_,19.65µm
_25828_,19.65µm
_25837_,19.65µm
_25933_,19.65µm
_26500_,19.65µm
_26698_,19.65µm
_26947_,19.65µm
_27044_,19.65µm
_27621_,19.65µm
_27847_,19.65µm
_27935_,19.65µm
_27979_,19.65µm
_28120_,19.65µm
i_core_v_mini_mcu.ao_peripheral_slave_resp\[29\],19.65µm
i_core_v_mini_mcu.ao_peripheral_subsystem_i.mosaic_clint_i.mtimecmp_q\[89\],19.65µm
i_core_v_mini_mcu.ao_peripheral_subsystem_i.obi_fifo_i.consumer_data_req_q\[33\],19.65µm
i_core_v_mini_mcu.ao_peripheral_subsystem_i.power_manager_i.power_manager_reg_top_i.periph_clk_gate_qs,19.65µm
i_core_v_mini_mcu.ao_peripheral_subsystem_i.power_manager_i.power_manager_sequence_periph_switch_i.sequence_curr_state\[2\],19.65µm
i_core_v_mini_mcu.cpu_subsystem_i.cpu_0_0.rf_ram_i.memory\[101\]\[1\],19.65µm
i_core_v_mini_mcu.cpu_subsystem_i.cpu_0_0.rf_ram_i.memory\[111\]\[1\],19.65µm
i_core_v_mini_mcu.cpu_subsystem_i.cpu_0_0.rf_ram_i.memory\[157\]\[1\],19.65µm
i_core_v_mini_mcu.cpu_subsystem_i.cpu_0_0.rf_ram_i.memory\[165\]\[1\],19.65µm
i_core_v_mini_mcu.cpu_subsystem_i.cpu_0_0.rf_ram_i.memory\[198\]\[1\],19.65µm
i_core_v_mini_mcu.cpu_subsystem_i.cpu_0_0.rf_ram_i.memory\[207\]\[0\],19.65µm
i_core_v_mini_mcu.cpu_subsystem_i.cpu_0_0.rf_ram_i.memory\[236\]\[1\],19.65µm
i_core_v_mini_mcu.cpu_subsystem_i.cpu_0_0.rf_ram_i.memory\[264\]\[1\],19.65µm
i_core_v_mini_mcu.cpu_subsystem_i.cpu_0_0.rf_ram_i.memory\[267\]\[1\],19.65µm
i_core_v_mini_mcu.cpu_subsystem_i.cpu_0_0.rf_ram_i.memory\[281\]\[1\],19.65µm
i_core_v_mini_mcu.cpu_subsystem_i.cpu_0_0.rf_ram_i.memory\[361\]\[1\],19.65µm
i_core_v_mini_mcu.cpu_subsystem_i.cpu_0_0.rf_ram_i.memory\[368\]\[0\],19.65µm
i_core_v_mini_mcu.cpu_subsystem_i.cpu_0_0.rf_ram_i.memory\[392\]\[1\],19.65µm
i_core_v_mini_mcu.cpu_subsystem_i.cpu_0_0.rf_ram_i.memory\[401\]\[0\],19.65µm
i_core_v_mini_mcu.cpu_subsystem_i.cpu_0_0.rf_ram_i.memory\[47\]\[0\],19.65µm
i_core_v_mini_mcu.cpu_subsystem_i.cpu_0_0.rf_ram_i.memory\[500\]\[1\],19.65µm
i_core_v_mini_mcu.cpu_subsystem_i.cpu_0_0.rf_ram_i.memory\[520\]\[0\],19.65µm
i_core_v_mini_mcu.cpu_subsystem_i.cpu_0_0.rf_ram_i.memory\[538\]\[0\],19.65µm
i_core_v_mini_mcu.cpu_subsystem_i.cpu_0_0.rf_ram_i.memory\[9\]\[1\],19.65µm
i_core_v_mini_mcu.cpu_subsystem_i.cpu_1_0.i_servile.arbiter.i_wb_cpu_dbus_adr\[24\],19.65µm
i_core_v_mini_mcu.cpu_subsystem_i.cpu_1_0.rf_ram_i.memory\[227\]\[1\],19.65µm
i_core_v_mini_mcu.cpu_subsystem_i.cpu_1_0.rf_ram_i.memory\[292\]\[1\],19.65µm
i_core_v_mini_mcu.cpu_subsystem_i.cpu_1_0.rf_ram_i.memory\[351\]\[1\],19.65µm
i_core_v_mini_mcu.cpu_subsystem_i.cpu_1_0.rf_ram_i.memory\[35\]\[1\],19.65µm
i_core_v_mini_mcu.cpu_subsystem_i.cpu_1_0.rf_ram_i.memory\[367\]\[1\],19.65µm
i_core_v_mini_mcu.cpu_subsystem_i.cpu_1_0.rf_ram_i.memory\[420\]\[0\],19.65µm
i_core_v_mini_mcu.cpu_subsystem_i.cpu_1_0.rf_ram_i.memory\[431\]\[0\],19.65µm
i_core_v_mini_mcu.cpu_subsystem_i.cpu_1_0.rf_ram_i.memory\[435\]\[1\],19.65µm
i_core_v_mini_mcu.cpu_subsystem_i.cpu_1_0.rf_ram_i.memory\[459\]\[1\],19.65µm
i_core_v_mini_mcu.cpu_subsystem_i.cpu_1_0.rf_ram_i.memory\[502\]\[1\],19.65µm
i_core_v_mini_mcu.cpu_subsystem_i.cpu_1_0.rf_ram_i.memory\[507\]\[0\],19.65µm
i_core_v_mini_mcu.cpu_subsystem_i.cpu_1_0.rf_ram_i.memory\[63\]\[0\],19.65µm
i_core_v_mini_mcu.cpu_subsystem_i.cpu_1_0.rf_ram_i.memory\[88\]\[1\],19.65µm
i_core_v_mini_mcu.memory_subsystem_i.ram0_i.tc_ram_i.sram\[0\]\[5\],19.65µm
i_core_v_mini_mcu.memory_subsystem_i.ram0_i.tc_ram_i.sram\[17\]\[23\],19.65µm
i_core_v_mini_mcu.memory_subsystem_i.ram0_i.tc_ram_i.sram\[28\]\[10\],19.65µm
i_core_v_mini_mcu.memory_subsystem_i.ram0_i.tc_ram_i.sram\[2\]\[19\],19.65µm
i_core_v_mini_mcu.memory_subsystem_i.ram0_i.tc_ram_i.sram\[5\]\[11\],19.65µm
i_core_v_mini_mcu.memory_subsystem_i.ram0_i.tc_ram_i.sram\[8\]\[17\],19.65µm
i_core_v_mini_mcu.peripheral_subsystem_i.uart_i.reg2hw\[112\],19.65µm
_00007_,19.6µm
_00208_,19.6µm
_00410_,19.6µm
_00849_,19.6µm
_00940_,19.6µm
_01214_,19.6µm
_04801_,19.6µm
_04934_,19.6µm
_05368_,19.6µm
_06035_,19.6µm
_06202_,19.6µm
_06576_,19.6µm
_06940_,19.6µm
_07418_,19.6µm
_07495_,19.6µm
_07873_,19.6µm
_08192_,19.6µm
_09415_,19.6µm
_09847_,19.6µm
_09912_,19.6µm
_09939_,19.6µm
_09975_,19.6µm
_10470_,19.6µm
_10729_,19.6µm
_10971_,19.6µm
_11341_,19.6µm
_11363_,19.6µm
_11803_,19.6µm
_12010_,19.6µm
_12711_,19.6µm
_12754_,19.6µm
_12929_,19.6µm
_12976_,19.6µm
_13065_,19.6µm
_13127_,19.6µm
_13183_,19.6µm
_13610_,19.6µm
_14445_,19.6µm
_14615_,19.6µm
_14789_,19.6µm
_15018_,19.6µm
_15055_,19.6µm
_15357_,19.6µm
_15496_,19.6µm
_15877_,19.6µm
_16358_,19.6µm
_16805_,19.6µm
_16967_,19.6µm
_17145_,19.6µm
_18424_,19.6µm
_18715_,19.6µm
_18888_,19.6µm
_19034_,19.6µm
_19426_,19.6µm
_19565_,19.6µm
_20282_,19.6µm
_20469_,19.6µm
_20471_,19.6µm
_20537_,19.6µm
_20598_,19.6µm
_21216_,19.6µm
_21219_,19.6µm
_21452_,19.6µm
_21876_,19.6µm
_21882_,19.6µm
_23028_,19.6µm
_23190_,19.6µm
_23290_,19.6µm
_23771_,19.6µm
_23898_,19.6µm
_24060_,19.6µm
_24392_,19.6µm
_24568_,19.6µm
_24750_,19.6µm
_24791_,19.6µm
_24927_,19.6µm
_25502_,19.6µm
_25505_,19.6µm
_25565_,19.6µm
_25995_,19.6µm
_26118_,19.6µm
_26706_,19.6µm
_26707_,19.6µm
_27232_,19.6µm
_27666_,19.6µm
_27753_,19.6µm
_27801_,19.6µm
_28085_,19.6µm
_28089_,19.6µm
exit_value_int\[17\],19.6µm
i_core_v_mini_mcu.ao_peripheral_subsystem_i.power_manager_i.power_manager_reg_top_i.en_wait_for_intr_qs\[25\],19.6µm
i_core_v_mini_mcu.ao_peripheral_subsystem_i.spi_subsystem_i.obi_spimemio_i.spimemio_i.xfer.flash_io2_do,19.6µm
i_core_v_mini_mcu.cpu_subsystem_i.cpu_0_0.i_servile.cpu.gen_align.align.ibus_rdt_concat\[6\],19.6µm
i_core_v_mini_mcu.cpu_subsystem_i.cpu_0_0.rf_ram_i.memory\[258\]\[1\],19.6µm
i_core_v_mini_mcu.cpu_subsystem_i.cpu_0_0.rf_ram_i.memory\[27\]\[0\],19.6µm
i_core_v_mini_mcu.cpu_subsystem_i.cpu_0_0.rf_ram_i.memory\[386\]\[0\],19.6µm
i_core_v_mini_mcu.cpu_subsystem_i.cpu_0_0.rf_ram_i.memory\[397\]\[0\],19.6µm
i_core_v_mini_mcu.cpu_subsystem_i.cpu_0_0.rf_ram_i.memory\[525\]\[0\],19.6µm
i_core_v_mini_mcu.cpu_subsystem_i.cpu_1_0.i_servile.arbiter.i_wb_cpu_dbus_adr\[12\],19.6µm
i_core_v_mini_mcu.cpu_subsystem_i.cpu_1_0.rf_ram_i.memory\[274\]\[1\],19.6µm
i_core_v_mini_mcu.cpu_subsystem_i.cpu_1_0.rf_ram_i.memory\[314\]\[0\],19.6µm
i_core_v_mini_mcu.cpu_subsystem_i.cpu_1_0.rf_ram_i.memory\[415\]\[1\],19.6µm
i_core_v_mini_mcu.cpu_subsystem_i.cpu_1_0.rf_ram_i.memory\[55\]\[1\],19.6µm
i_core_v_mini_mcu.memory_subsystem_i.ram0_i.tc_ram_i.sram\[16\]\[3\],19.6µm
i_core_v_mini_mcu.memory_subsystem_i.ram0_i.tc_ram_i.sram\[31\]\[19\],19.6µm
i_core_v_mini_mcu.peripheral_subsystem_i.obi_fifo_i.consumer_data_req_q\[23\],19.6µm
i_core_v_mini_mcu.peripheral_subsystem_i.uart_i.uart_core.tx_out_q,19.6µm
net908,19.6µm
i_core_v_mini_mcu.cpu_subsystem_i.cpu_1_0.rf_ram_i.memory\[395\]\[0\],19.54µm
i_core_v_mini_mcu.cpu_subsystem_i.cpu_1_0.rf_ram_i.memory\[487\]\[1\],19.42µm
_06820_,19.37µm
_26745_,19.37µm
_14857_,19.34µm
i_core_v_mini_mcu.cpu_subsystem_i.cpu_1_0.i_servile.arbiter.i_wb_cpu_dbus_adr\[23\],19.32µm
i_core_v_mini_mcu.cpu_subsystem_i.cpu_1_0.rf_ram_i.memory\[300\]\[1\],19.32µm
_06638_,19.24µm
_09298_,19.24µm
_16901_,19.24µm
_17535_,19.24µm
_17725_,19.24µm
_05607_,19.19µm
_09823_,19.19µm
_10129_,19.19µm
_17826_,19.19µm
_21264_,19.19µm
_21765_,19.19µm
_22035_,19.19µm
_22676_,19.19µm
i_core_v_mini_mcu.ao_peripheral_subsystem_i.obi_fifo_i.consumer_data_req_q\[48\],19.19µm
i_core_v_mini_mcu.ao_peripheral_subsystem_i.power_manager_i.reg_to_counter_cpu_powergate_iso_off_i.counter_curr_state\[2\],19.19µm
i_core_v_mini_mcu.ao_peripheral_subsystem_i.tdu_i.task_mem\[0\]\[25\],19.19µm
i_core_v_mini_mcu.cpu_subsystem_i.cpu_1_0.i_servile.arbiter.i_wb_cpu_dbus_adr\[19\],19.19µm
i_core_v_mini_mcu.cpu_subsystem_i.cpu_1_0.rf_ram_i.memory\[358\]\[1\],19.19µm
i_core_v_mini_mcu.cpu_subsystem_i.cpu_1_0.rf_ram_i.memory\[425\]\[0\],19.19µm
i_core_v_mini_mcu.memory_subsystem_i.ram0_i.tc_ram_i.sram\[29\]\[0\],19.19µm
_06364_,19.14µm
_09208_,19.14µm
_09435_,19.14µm
_09540_,19.14µm
_10397_,19.14µm
_10476_,19.14µm
_12468_,19.14µm
_13796_,19.14µm
_15458_,19.14µm
_15696_,19.14µm
_16069_,19.14µm
_16197_,19.14µm
_16664_,19.14µm
_17012_,19.14µm
_18194_,19.14µm
_20513_,19.14µm
_20559_,19.14µm
_27358_,19.14µm
i_core_v_mini_mcu.ao_peripheral_subsystem_i.mosaic_clint_i.mtimecmp_q\[47\],19.14µm
i_core_v_mini_mcu.ao_peripheral_subsystem_i.spi_subsystem_i.obi_spimemio_i.obi_to_picorv32_i.picorv32_resp_i\[0\],19.14µm
i_core_v_mini_mcu.ao_peripheral_subsystem_i.tdu_i.active_hart_cycles_q\[7\],19.14µm
i_core_v_mini_mcu.ao_peripheral_subsystem_i.tdu_i.task_mem\[7\]\[22\],19.14µm
i_core_v_mini_mcu.cpu_subsystem_i.cpu_0_0.i_servile.cpu.gen_csr.csr.mstatus_mpie,19.14µm
i_core_v_mini_mcu.cpu_subsystem_i.cpu_0_0.rf_ram_i.memory\[181\]\[1\],19.14µm
i_core_v_mini_mcu.cpu_subsystem_i.cpu_0_0.rf_ram_i.memory\[275\]\[0\],19.14µm
i_core_v_mini_mcu.cpu_subsystem_i.cpu_0_0.rf_ram_i.memory\[30\]\[1\],19.14µm
i_core_v_mini_mcu.cpu_subsystem_i.cpu_0_0.rf_ram_i.memory\[371\]\[1\],19.14µm
i_core_v_mini_mcu.cpu_subsystem_i.cpu_0_0.rf_ram_i.memory\[420\]\[0\],19.14µm
i_core_v_mini_mcu.cpu_subsystem_i.cpu_0_0.rf_ram_i.memory\[541\]\[0\],19.14µm
i_core_v_mini_mcu.cpu_subsystem_i.cpu_1_0.i_servile.cpu.ctrl.i_utype,19.14µm
i_core_v_mini_mcu.cpu_subsystem_i.cpu_1_0.rf_ram_i.memory\[171\]\[0\],19.14µm
i_core_v_mini_mcu.cpu_subsystem_i.cpu_1_0.rf_ram_i.memory\[269\]\[0\],19.14µm
i_core_v_mini_mcu.cpu_subsystem_i.cpu_1_0.rf_ram_i.memory\[284\]\[0\],19.14µm
i_core_v_mini_mcu.cpu_subsystem_i.cpu_1_0.rf_ram_i.memory\[343\]\[0\],19.14µm
i_core_v_mini_mcu.cpu_subsystem_i.cpu_1_0.rf_ram_i.memory\[358\]\[0\],19.14µm
i_core_v_mini_mcu.cpu_subsystem_i.cpu_1_0.rf_ram_i.memory\[453\]\[0\],19.14µm
i_core_v_mini_mcu.cpu_subsystem_i.cpu_1_0.rf_ram_i.memory\[90\]\[0\],19.14µm
i_core_v_mini_mcu.cpu_subsystem_i.cpu_1_0.rf_ram_i.rdata\[0\],19.14µm
i_core_v_mini_mcu.memory_subsystem_i.ram0_i.tc_ram_i.sram\[13\]\[9\],19.14µm
i_core_v_mini_mcu.memory_subsystem_i.ram0_i.tc_ram_i.sram\[19\]\[16\],19.14µm
i_core_v_mini_mcu.memory_subsystem_i.ram0_i.tc_ram_i.sram\[23\]\[8\],19.14µm
i_core_v_mini_mcu.memory_subsystem_i.ram0_i.tc_ram_i.sram\[6\]\[7\],19.14µm
i_core_v_mini_mcu.memory_subsystem_i.ram0_i.tc_ram_i.sram\[8\]\[6\],19.14µm
i_core_v_mini_mcu.peripheral_subsystem_i.uart_i.uart_core.u_uart_rxfifo.gen_normal_fifo.storage\[19\],19.14µm
_00386_,19.09µm
_00503_,19.09µm
_00505_,19.09µm
_01292_,19.09µm
_01506_,19.09µm
_01602_,19.09µm
_02030_,19.09µm
_03034_,19.09µm
_03391_,19.09µm
_03723_,19.09µm
_03913_,19.09µm
_04671_,19.09µm
_04713_,19.09µm
_05271_,19.09µm
_05500_,19.09µm
_05745_,19.09µm
_07194_,19.09µm
_07324_,19.09µm
_07453_,19.09µm
_07814_,19.09µm
_07837_,19.09µm
_07877_,19.09µm
_07952_,19.09µm
_09766_,19.09µm
_10019_,19.09µm
_10097_,19.09µm
_11529_,19.09µm
_11973_,19.09µm
_12091_,19.09µm
_12213_,19.09µm
_12294_,19.09µm
_12712_,19.09µm
_12718_,19.09µm
_12755_,19.09µm
_13420_,19.09µm
_13808_,19.09µm
_14357_,19.09µm
_14577_,19.09µm
_15362_,19.09µm
_15594_,19.09µm
_15762_,19.09µm
_16019_,19.09µm
_16111_,19.09µm
_16511_,19.09µm
_16546_,19.09µm
_16577_,19.09µm
_16655_,19.09µm
_16973_,19.09µm
_17707_,19.09µm
_18462_,19.09µm
_18731_,19.09µm
_18801_,19.09µm
_19077_,19.09µm
_19188_,19.09µm
_19285_,19.09µm
_19297_,19.09µm
_19492_,19.09µm
_19820_,19.09µm
_20044_,19.09µm
_20178_,19.09µm
_20279_,19.09µm
_20645_,19.09µm
_20798_,19.09µm
_20921_,19.09µm
_20993_,19.09µm
_21210_,19.09µm
_21465_,19.09µm
_21650_,19.09µm
_22027_,19.09µm
_22088_,19.09µm
_22146_,19.09µm
_22677_,19.09µm
_23207_,19.09µm
_23555_,19.09µm
_23589_,19.09µm
_23787_,19.09µm
_24008_,19.09µm
_24406_,19.09µm
_24555_,19.09µm
_24597_,19.09µm
_24652_,19.09µm
_24704_,19.09µm
_24723_,19.09µm
_24741_,19.09µm
_24877_,19.09µm
_25030_,19.09µm
_25242_,19.09µm
_25340_,19.09µm
_25429_,19.09µm
_25562_,19.09µm
_25822_,19.09µm
_26170_,19.09µm
_26221_,19.09µm
_26257_,19.09µm
_26392_,19.09µm
_26615_,19.09µm
_26716_,19.09µm
_26834_,19.09µm
_26968_,19.09µm
_26995_,19.09µm
_27132_,19.09µm
_27294_,19.09µm
_28132_,19.09µm
i_core_v_mini_mcu.ao_peripheral_subsystem_i.obi_fifo_i.consumer_resp_i\[8\],19.09µm
i_core_v_mini_mcu.ao_peripheral_subsystem_i.power_manager_i.peripheral_subsystem_rst_n,19.09µm
i_core_v_mini_mcu.ao_peripheral_subsystem_i.soc_ctrl_i.reg2hw\[20\],19.09µm
i_core_v_mini_mcu.ao_peripheral_subsystem_i.spi_subsystem_i.obi_spimemio_i.obi_to_picorv32_i.obi_resp_o\[28\],19.09µm
i_core_v_mini_mcu.ao_peripheral_subsystem_i.tdu_i.cpi_est_q\[5\],19.09µm
i_core_v_mini_mcu.cpu_subsystem_i.cpu_0_0.rf_ram_i.memory\[10\]\[0\],19.09µm
i_core_v_mini_mcu.cpu_subsystem_i.cpu_0_0.rf_ram_i.memory\[200\]\[1\],19.09µm
i_core_v_mini_mcu.cpu_subsystem_i.cpu_0_0.rf_ram_i.memory\[288\]\[1\],19.09µm
i_core_v_mini_mcu.cpu_subsystem_i.cpu_0_0.rf_ram_i.memory\[29\]\[0\],19.09µm
i_core_v_mini_mcu.cpu_subsystem_i.cpu_0_0.rf_ram_i.memory\[37\]\[0\],19.09µm
i_core_v_mini_mcu.cpu_subsystem_i.cpu_0_0.rf_ram_i.memory\[403\]\[1\],19.09µm
i_core_v_mini_mcu.cpu_subsystem_i.cpu_0_0.rf_ram_i.memory\[477\]\[0\],19.09µm
i_core_v_mini_mcu.cpu_subsystem_i.cpu_0_0.rf_ram_i.memory\[482\]\[0\],19.09µm
i_core_v_mini_mcu.cpu_subsystem_i.cpu_0_0.rf_ram_i.memory\[503\]\[1\],19.09µm
i_core_v_mini_mcu.cpu_subsystem_i.cpu_0_0.rf_ram_i.memory\[514\]\[1\],19.09µm
i_core_v_mini_mcu.cpu_subsystem_i.cpu_0_0.rf_ram_i.memory\[522\]\[1\],19.09µm
i_core_v_mini_mcu.cpu_subsystem_i.cpu_0_0.rf_ram_i.memory\[543\]\[0\],19.09µm
i_core_v_mini_mcu.cpu_subsystem_i.cpu_0_0.rf_ram_i.memory\[6\]\[1\],19.09µm
i_core_v_mini_mcu.cpu_subsystem_i.cpu_0_0.rf_ram_i.memory\[72\]\[0\],19.09µm
i_core_v_mini_mcu.cpu_subsystem_i.cpu_0_0.rf_ram_i.memory\[89\]\[0\],19.09µm
i_core_v_mini_mcu.cpu_subsystem_i.cpu_1_0.i_servile.cpu.alu.i_rd_sel\[1\],19.09µm
i_core_v_mini_mcu.cpu_subsystem_i.cpu_1_0.i_servile.cpu.immdec.gen_immdec_w_eq_1.imm19_12_20\[6\],19.09µm
i_core_v_mini_mcu.cpu_subsystem_i.cpu_1_0.i_servile.cpu.immdec.gen_immdec_w_eq_1.imm30_25\[3\],19.09µm
i_core_v_mini_mcu.cpu_subsystem_i.cpu_1_0.rf_ram_i.memory\[157\]\[0\],19.09µm
i_core_v_mini_mcu.cpu_subsystem_i.cpu_1_0.rf_ram_i.memory\[224\]\[1\],19.09µm
i_core_v_mini_mcu.cpu_subsystem_i.cpu_1_0.rf_ram_i.memory\[283\]\[1\],19.09µm
i_core_v_mini_mcu.cpu_subsystem_i.cpu_1_0.rf_ram_i.memory\[349\]\[1\],19.09µm
i_core_v_mini_mcu.cpu_subsystem_i.cpu_1_0.rf_ram_i.memory\[360\]\[1\],19.09µm
i_core_v_mini_mcu.cpu_subsystem_i.cpu_1_0.rf_ram_i.memory\[370\]\[0\],19.09µm
i_core_v_mini_mcu.cpu_subsystem_i.cpu_1_0.rf_ram_i.memory\[399\]\[0\],19.09µm
i_core_v_mini_mcu.cpu_subsystem_i.cpu_1_0.rf_ram_i.memory\[412\]\[1\],19.09µm
i_core_v_mini_mcu.cpu_subsystem_i.cpu_1_0.rf_ram_i.memory\[416\]\[1\],19.09µm
i_core_v_mini_mcu.cpu_subsystem_i.cpu_1_0.rf_ram_i.memory\[461\]\[0\],19.09µm
i_core_v_mini_mcu.cpu_subsystem_i.cpu_1_0.rf_ram_i.memory\[495\]\[0\],19.09µm
i_core_v_mini_mcu.cpu_subsystem_i.cpu_1_0.rf_ram_i.memory\[86\]\[1\],19.09µm
i_core_v_mini_mcu.memory_subsystem_i.ram0_i.tc_ram_i.sram\[14\]\[11\],19.09µm
i_core_v_mini_mcu.memory_subsystem_i.ram0_i.tc_ram_i.sram\[14\]\[9\],19.09µm
i_core_v_mini_mcu.memory_subsystem_i.ram0_i.tc_ram_i.sram\[22\]\[26\],19.09µm
i_core_v_mini_mcu.memory_subsystem_i.ram0_i.tc_ram_i.sram\[4\]\[16\],19.09µm
i_core_v_mini_mcu.peripheral_subsystem_i.obi_fifo_i.obi_resp_fifo_i.status_cnt_q\[1\],19.09µm
i_core_v_mini_mcu.peripheral_subsystem_i.uart_i.uart_core.u_uart_rxfifo.gen_normal_fifo.storage\[31\],19.09µm
net1178,19.09µm
_01989_,19.04µm
_02681_,19.04µm
_03743_,19.04µm
_03899_,19.04µm
_03961_,19.04µm
_04139_,19.04µm
_05325_,19.04µm
_05737_,19.04µm
_05985_,19.04µm
_06418_,19.04µm
_07269_,19.04µm
_07306_,19.04µm
_07344_,19.04µm
_07898_,19.04µm
_08156_,19.04µm
_08279_,19.04µm
_09774_,19.04µm
_09791_,19.04µm
_09864_,19.04µm
_09907_,19.04µm
_09962_,19.04µm
_10001_,19.04µm
_10107_,19.04µm
_10480_,19.04µm
_10823_,19.04µm
_10829_,19.04µm
_11183_,19.04µm
_11258_,19.04µm
_11380_,19.04µm
_11685_,19.04µm
_11701_,19.04µm
_11845_,19.04µm
_12636_,19.04µm
_12689_,19.04µm
_12939_,19.04µm
_13470_,19.04µm
_13547_,19.04µm
_13698_,19.04µm
_14061_,19.04µm
_14412_,19.04µm
_14755_,19.04µm
_14944_,19.04µm
_15253_,19.04µm
_17105_,19.04µm
_17219_,19.04µm
_17431_,19.04µm
_17890_,19.04µm
_18024_,19.04µm
_18408_,19.04µm
_19121_,19.04µm
_19476_,19.04µm
_19623_,19.04µm
_19762_,19.04µm
_20035_,19.04µm
_20196_,19.04µm
_20243_,19.04µm
_20324_,19.04µm
_20498_,19.04µm
_20751_,19.04µm
_20940_,19.04µm
_21092_,19.04µm
_21332_,19.04µm
_21841_,19.04µm
_21853_,19.04µm
_21974_,19.04µm
_22066_,19.04µm
_22326_,19.04µm
_22376_,19.04µm
_22391_,19.04µm
_22731_,19.04µm
_22802_,19.04µm
_22978_,19.04µm
_22985_,19.04µm
_23346_,19.04µm
_23408_,19.04µm
_23522_,19.04µm
_23773_,19.04µm
_23924_,19.04µm
_24601_,19.04µm
_24643_,19.04µm
_25033_,19.04µm
_25043_,19.04µm
_25307_,19.04µm
_25438_,19.04µm
_25623_,19.04µm
_25632_,19.04µm
_25777_,19.04µm
_25872_,19.04µm
_26198_,19.04µm
_26362_,19.04µm
_26661_,19.04µm
_26701_,19.04µm
_27748_,19.04µm
_27878_,19.04µm
_27932_,19.04µm
_27966_,19.04µm
_28103_,19.04µm
i_core_v_mini_mcu.ao_peripheral_subsystem_i.clint_mtime_o\[10\],19.04µm
i_core_v_mini_mcu.ao_peripheral_subsystem_i.clint_mtime_o\[19\],19.04µm
i_core_v_mini_mcu.ao_peripheral_subsystem_i.power_manager_i.power_manager_sequence_periph_switch_i.sequence_curr_state\[1\],19.04µm
i_core_v_mini_mcu.ao_peripheral_subsystem_i.spi_subsystem_i.obi_spimemio_i.spimemio_i.xfer.flash_io3_do,19.04µm
i_core_v_mini_mcu.cpu_subsystem_i.cpu_0_0.rf_ram_i.memory\[219\]\[0\],19.04µm
i_core_v_mini_mcu.cpu_subsystem_i.cpu_0_0.rf_ram_i.memory\[283\]\[0\],19.04µm
i_core_v_mini_mcu.cpu_subsystem_i.cpu_0_0.rf_ram_i.memory\[542\]\[1\],19.04µm
i_core_v_mini_mcu.cpu_subsystem_i.cpu_1_0.rf_ram_i.memory\[25\]\[0\],19.04µm
i_core_v_mini_mcu.memory_subsystem_i.ram0_i.tc_ram_i.r_addr_q\[1\],19.04µm
i_core_v_mini_mcu.peripheral_subsystem_i.obi_fifo_i.consumer_data_req_q\[67\],19.04µm
i_core_v_mini_mcu.peripheral_subsystem_i.uart_i.uart_core.rx_timeout_count_q\[21\],19.04µm
i_core_v_mini_mcu.peripheral_subsystem_i.uart_i.uart_core.sync_rx.gen_generic.u_impl_generic.intq,19.04µm
i_core_v_mini_mcu.peripheral_subsystem_i.uart_i.uart_core.u_uart_rxfifo.gen_normal_fifo.storage\[25\],19.04µm
i_core_v_mini_mcu.system_bus_i.system_xbar_i.gen_xbar_NtoM.i_xbar.gen_inputs\[1\].i_addr_dec_resp_mux.gen_several_outputs.bank_sel_q\[2\],19.04µm
net1145,19.04µm
i_core_v_mini_mcu.cpu_subsystem_i.cpu_1_0.rf_ram_i.memory\[251\]\[0\],18.81µm
i_core_v_mini_mcu.cpu_subsystem_i.cpu_1_0.rf_ram_i.memory\[160\]\[0\],18.76µm
i_core_v_mini_mcu.cpu_subsystem_i.cpu_1_0.rf_ram_i.memory\[489\]\[0\],18.76µm
_15750_,18.73µm
_17703_,18.73µm
_10157_,18.68µm
i_core_v_mini_mcu.ao_peripheral_subsystem_i.spi_subsystem_i.obi_spimemio_i.obi_to_picorv32_i.picorv32_resp_i\[24\],18.68µm
i_core_v_mini_mcu.cpu_subsystem_i.cpu_0_0.rf_ram_i.memory\[366\]\[0\],18.68µm
_07506_,18.63µm
_08656_,18.63µm
_10133_,18.63µm
_10207_,18.63µm
_10294_,18.63µm
_12178_,18.63µm
_16953_,18.63µm
_22422_,18.63µm
_23700_,18.63µm
i_core_v_mini_mcu.ao_peripheral_subsystem_i.power_manager_i.power_manager_reg_top_i.cpu_reset_assert_counter_qs\[10\],18.63µm
i_core_v_mini_mcu.cpu_subsystem_i.cpu_1_0.rf_ram_i.memory\[429\]\[0\],18.63µm
i_core_v_mini_mcu.cpu_subsystem_i.cpu_1_0.rf_ram_i.memory\[76\]\[1\],18.63µm
i_core_v_mini_mcu.memory_subsystem_i.ram0_i.tc_ram_i.sram\[17\]\[31\],18.63µm
i_core_v_mini_mcu.memory_subsystem_i.ram0_i.tc_ram_i.sram\[18\]\[25\],18.63µm
_05877_,18.58µm
_09470_,18.58µm
_09867_,18.58µm
_10030_,18.58µm
_10084_,18.58µm
_10260_,18.58µm
_10528_,18.58µm
_13879_,18.58µm
_16777_,18.58µm
_20687_,18.58µm
_21649_,18.58µm
_21872_,18.58µm
_22026_,18.58µm
_23991_,18.58µm
_26512_,18.58µm
i_core_v_mini_mcu.ao_peripheral_subsystem_i.obi_fifo_i.consumer_data_req\[66\],18.58µm
i_core_v_mini_mcu.ao_peripheral_subsystem_i.power_manager_i.power_manager_reg_top_i.intr_state_qs\[28\],18.58µm
i_core_v_mini_mcu.ao_peripheral_subsystem_i.tdu_i.task_mem\[5\]\[23\],18.58µm
i_core_v_mini_mcu.cpu_subsystem_i.cpu_0_0.rf_ram_i.memory\[141\]\[1\],18.58µm
i_core_v_mini_mcu.cpu_subsystem_i.cpu_0_0.rf_ram_i.memory\[154\]\[0\],18.58µm
i_core_v_mini_mcu.cpu_subsystem_i.cpu_0_0.rf_ram_i.memory\[193\]\[1\],18.58µm
i_core_v_mini_mcu.cpu_subsystem_i.cpu_0_0.rf_ram_i.memory\[337\]\[0\],18.58µm
i_core_v_mini_mcu.cpu_subsystem_i.cpu_0_0.rf_ram_i.memory\[394\]\[1\],18.58µm
i_core_v_mini_mcu.cpu_subsystem_i.cpu_0_0.rf_ram_i.memory\[459\]\[1\],18.58µm
i_core_v_mini_mcu.cpu_subsystem_i.cpu_0_0.rf_ram_i.memory\[516\]\[1\],18.58µm
i_core_v_mini_mcu.cpu_subsystem_i.cpu_1_0.rf_ram_i.memory\[290\]\[1\],18.58µm
i_core_v_mini_mcu.cpu_subsystem_i.cpu_1_0.rf_ram_i.memory\[433\]\[1\],18.58µm
i_core_v_mini_mcu.cpu_subsystem_i.cpu_1_0.rf_ram_i.memory\[454\]\[1\],18.58µm
i_core_v_mini_mcu.cpu_subsystem_i.cpu_1_0.rf_ram_i.memory\[464\]\[1\],18.58µm
i_core_v_mini_mcu.cpu_subsystem_i.cpu_1_0.rf_ram_i.memory\[484\]\[0\],18.58µm
i_core_v_mini_mcu.cpu_subsystem_i.cpu_1_0.rf_ram_i.memory\[496\]\[0\],18.58µm
i_core_v_mini_mcu.cpu_subsystem_i.cpu_1_0.rf_ram_i.memory\[504\]\[1\],18.58µm
i_core_v_mini_mcu.cpu_subsystem_i.cpu_1_0.rf_ram_i.memory\[61\]\[1\],18.58µm
i_core_v_mini_mcu.memory_subsystem_i.ram0_i.tc_ram_i.sram\[0\]\[4\],18.58µm
i_core_v_mini_mcu.memory_subsystem_i.ram0_i.tc_ram_i.sram\[13\]\[31\],18.58µm
i_core_v_mini_mcu.memory_subsystem_i.ram0_i.tc_ram_i.sram\[17\]\[6\],18.58µm
i_core_v_mini_mcu.memory_subsystem_i.ram0_i.tc_ram_i.sram\[19\]\[11\],18.58µm
i_core_v_mini_mcu.memory_subsystem_i.ram0_i.tc_ram_i.sram\[19\]\[26\],18.58µm
i_core_v_mini_mcu.memory_subsystem_i.ram0_i.tc_ram_i.sram\[26\]\[23\],18.58µm
i_core_v_mini_mcu.memory_subsystem_i.ram0_i.tc_ram_i.sram\[29\]\[17\],18.58µm
i_core_v_mini_mcu.memory_subsystem_i.ram0_i.tc_ram_i.sram\[2\]\[14\],18.58µm
i_core_v_mini_mcu.memory_subsystem_i.ram0_i.tc_ram_i.sram\[2\]\[26\],18.58µm
i_core_v_mini_mcu.memory_subsystem_i.ram0_i.tc_ram_i.sram\[2\]\[28\],18.58µm
i_core_v_mini_mcu.peripheral_subsystem_i.obi_fifo_i.consumer_data_req_q\[31\],18.58µm
i_core_v_mini_mcu.peripheral_subsystem_i.obi_fifo_i.consumer_data_req_q\[32\],18.58µm
_00108_,18.53µm
_00228_,18.53µm
_00276_,18.53µm
_00468_,18.53µm
_01353_,18.53µm
_01957_,18.53µm
_02227_,18.53µm
_02417_,18.53µm
_03359_,18.53µm
_03705_,18.53µm
_03732_,18.53µm
_04639_,18.53µm
_04738_,18.53µm
_05270_,18.53µm
_05406_,18.53µm
_06151_,18.53µm
_06443_,18.53µm
_06534_,18.53µm
_06539_,18.53µm
_07431_,18.53µm
_07515_,18.53µm
_07554_,18.53µm
_07915_,18.53µm
_08268_,18.53µm
_09425_,18.53µm
_09978_,18.53µm
_10016_,18.53µm
_10271_,18.53µm
_10481_,18.53µm
_10767_,18.53µm
_10925_,18.53µm
_11096_,18.53µm
_11144_,18.53µm
_11545_,18.53µm
_11671_,18.53µm
_11764_,18.53µm
_12074_,18.53µm
_12328_,18.53µm
_12786_,18.53µm
_12870_,18.53µm
_12955_,18.53µm
_13177_,18.53µm
_13217_,18.53µm
_13667_,18.53µm
_13722_,18.53µm
_13927_,18.53µm
_14895_,18.53µm
_14941_,18.53µm
_15130_,18.53µm
_15134_,18.53µm
_15511_,18.53µm
_15689_,18.53µm
_15742_,18.53µm
_15749_,18.53µm
_16023_,18.53µm
_16088_,18.53µm
_16478_,18.53µm
_16859_,18.53µm
_16965_,18.53µm
_17078_,18.53µm
_17491_,18.53µm
_18125_,18.53µm
_19538_,18.53µm
_20572_,18.53µm
_20852_,18.53µm
_21218_,18.53µm
_21418_,18.53µm
_21795_,18.53µm
_21850_,18.53µm
_21875_,18.53µm
_22100_,18.53µm
_22693_,18.53µm
_23142_,18.53µm
_23145_,18.53µm
_23264_,18.53µm
_23439_,18.53µm
_23529_,18.53µm
_23926_,18.53µm
_24023_,18.53µm
_24706_,18.53µm
_25238_,18.53µm
_25325_,18.53µm
_25645_,18.53µm
_25696_,18.53µm
_25870_,18.53µm
_25902_,18.53µm
_25907_,18.53µm
_25921_,18.53µm
_26517_,18.53µm
_26797_,18.53µm
_26816_,18.53µm
_27311_,18.53µm
_27578_,18.53µm
_27583_,18.53µm
_27830_,18.53µm
_27867_,18.53µm
_27956_,18.53µm
_28018_,18.53µm
clk_i_regs,18.53µm
i_core_v_mini_mcu.ao_peripheral_subsystem_i.obi_fifo_i.consumer_data_req_q\[24\],18.53µm
i_core_v_mini_mcu.ao_peripheral_subsystem_i.obi_fifo_i.consumer_data_req_q\[54\],18.53µm
i_core_v_mini_mcu.ao_peripheral_subsystem_i.soc_ctrl_i.reg2hw\[34\],18.53µm
i_core_v_mini_mcu.ao_peripheral_subsystem_i.spi_subsystem_i.obi_spimemio_i.spimemio_i.config_oe\[0\],18.53µm
i_core_v_mini_mcu.ao_peripheral_subsystem_i.spi_subsystem_i.obi_spimemio_i.spimemio_i.config_oe\[3\],18.53µm
i_core_v_mini_mcu.cpu_subsystem_i.cpu_0_0.i_servile.cpu.ctrl.pc_plus_offset_cy_r,18.53µm
i_core_v_mini_mcu.cpu_subsystem_i.cpu_0_0.i_servile.cpu.gen_csr.csr.mcause3_0\[1\],18.53µm
i_core_v_mini_mcu.cpu_subsystem_i.cpu_0_0.rf_ram_i.memory\[102\]\[0\],18.53µm
i_core_v_mini_mcu.cpu_subsystem_i.cpu_0_0.rf_ram_i.memory\[261\]\[0\],18.53µm
i_core_v_mini_mcu.cpu_subsystem_i.cpu_0_0.rf_ram_i.memory\[270\]\[1\],18.53µm
i_core_v_mini_mcu.cpu_subsystem_i.cpu_0_0.rf_ram_i.memory\[283\]\[1\],18.53µm
i_core_v_mini_mcu.cpu_subsystem_i.cpu_0_0.rf_ram_i.memory\[348\]\[0\],18.53µm
i_core_v_mini_mcu.cpu_subsystem_i.cpu_0_0.rf_ram_i.memory\[494\]\[0\],18.53µm
i_core_v_mini_mcu.cpu_subsystem_i.cpu_0_0.rf_ram_i.memory\[494\]\[1\],18.53µm
i_core_v_mini_mcu.cpu_subsystem_i.cpu_0_0.rf_ram_i.memory\[496\]\[0\],18.53µm
i_core_v_mini_mcu.cpu_subsystem_i.cpu_0_0.rf_ram_i.memory\[497\]\[1\],18.53µm
i_core_v_mini_mcu.cpu_subsystem_i.cpu_0_0.rf_ram_i.memory\[511\]\[0\],18.53µm
i_core_v_mini_mcu.cpu_subsystem_i.cpu_0_0.rf_ram_i.memory\[556\]\[0\],18.53µm
i_core_v_mini_mcu.cpu_subsystem_i.cpu_0_0.rf_ram_i.memory\[569\]\[0\],18.53µm
i_core_v_mini_mcu.cpu_subsystem_i.cpu_0_0.rf_ram_i.memory\[69\]\[0\],18.53µm
i_core_v_mini_mcu.cpu_subsystem_i.cpu_1_0.rf_ram_i.memory\[113\]\[1\],18.53µm
i_core_v_mini_mcu.cpu_subsystem_i.cpu_1_0.rf_ram_i.memory\[116\]\[1\],18.53µm
i_core_v_mini_mcu.cpu_subsystem_i.cpu_1_0.rf_ram_i.memory\[123\]\[0\],18.53µm
i_core_v_mini_mcu.cpu_subsystem_i.cpu_1_0.rf_ram_i.memory\[130\]\[1\],18.53µm
i_core_v_mini_mcu.cpu_subsystem_i.cpu_1_0.rf_ram_i.memory\[156\]\[1\],18.53µm
i_core_v_mini_mcu.cpu_subsystem_i.cpu_1_0.rf_ram_i.memory\[179\]\[0\],18.53µm
i_core_v_mini_mcu.cpu_subsystem_i.cpu_1_0.rf_ram_i.memory\[230\]\[1\],18.53µm
i_core_v_mini_mcu.cpu_subsystem_i.cpu_1_0.rf_ram_i.memory\[264\]\[0\],18.53µm
i_core_v_mini_mcu.cpu_subsystem_i.cpu_1_0.rf_ram_i.memory\[286\]\[0\],18.53µm
i_core_v_mini_mcu.cpu_subsystem_i.cpu_1_0.rf_ram_i.memory\[346\]\[1\],18.53µm
i_core_v_mini_mcu.cpu_subsystem_i.cpu_1_0.rf_ram_i.memory\[353\]\[1\],18.53µm
i_core_v_mini_mcu.cpu_subsystem_i.cpu_1_0.rf_ram_i.memory\[427\]\[1\],18.53µm
i_core_v_mini_mcu.cpu_subsystem_i.cpu_1_0.rf_ram_i.memory\[459\]\[0\],18.53µm
i_core_v_mini_mcu.memory_subsystem_i.ram0_i.tc_ram_i.sram\[0\]\[16\],18.53µm
i_core_v_mini_mcu.memory_subsystem_i.ram0_i.tc_ram_i.sram\[12\]\[29\],18.53µm
i_core_v_mini_mcu.memory_subsystem_i.ram0_i.tc_ram_i.sram\[13\]\[22\],18.53µm
i_core_v_mini_mcu.memory_subsystem_i.ram0_i.tc_ram_i.sram\[22\]\[2\],18.53µm
i_core_v_mini_mcu.memory_subsystem_i.ram0_i.tc_ram_i.sram\[24\]\[31\],18.53µm
i_core_v_mini_mcu.memory_subsystem_i.ram0_i.tc_ram_i.sram\[25\]\[2\],18.53µm
i_core_v_mini_mcu.memory_subsystem_i.ram0_i.tc_ram_i.sram\[30\]\[29\],18.53µm
i_core_v_mini_mcu.memory_subsystem_i.ram0_i.tc_ram_i.sram\[31\]\[16\],18.53µm
i_core_v_mini_mcu.memory_subsystem_i.ram0_i.tc_ram_i.sram\[5\]\[13\],18.53µm
i_core_v_mini_mcu.memory_subsystem_i.ram0_i.tc_ram_i.sram\[8\]\[12\],18.53µm
i_core_v_mini_mcu.peripheral_subsystem_i.obi_fifo_i.consumer_data_req\[2\],18.53µm
i_core_v_mini_mcu.peripheral_subsystem_i.obi_fifo_i.consumer_data_req\[4\],18.53µm
_01142_,18.48µm
_01611_,18.48µm
_03712_,18.48µm
_03745_,18.48µm
_03897_,18.48µm
_03942_,18.48µm
_03980_,18.48µm
_04061_,18.48µm
_04083_,18.48µm
_04194_,18.48µm
_05017_,18.48µm
_05160_,18.48µm
_05230_,18.48µm
_05728_,18.48µm
_05919_,18.48µm
_06304_,18.48µm
_07063_,18.48µm
_07354_,18.48µm
_07357_,18.48µm
_07714_,18.48µm
_07737_,18.48µm
_07745_,18.48µm
_07911_,18.48µm
_08027_,18.48µm
_08046_,18.48µm
_08158_,18.48µm
_08346_,18.48µm
_08382_,18.48µm
_08430_,18.48µm
_08710_,18.48µm
_09059_,18.48µm
_10149_,18.48µm
_10240_,18.48µm
_10370_,18.48µm
_10484_,18.48µm
_10637_,18.48µm
_11158_,18.48µm
_11432_,18.48µm
_11457_,18.48µm
_11507_,18.48µm
_11547_,18.48µm
_11781_,18.48µm
_12032_,18.48µm
_12211_,18.48µm
_13099_,18.48µm
_13180_,18.48µm
_14556_,18.48µm
_14652_,18.48µm
_14966_,18.48µm
_15398_,18.48µm
_15880_,18.48µm
_15902_,18.48µm
_16074_,18.48µm
_16165_,18.48µm
_16445_,18.48µm
_16467_,18.48µm
_16534_,18.48µm
_17213_,18.48µm
_17555_,18.48µm
_17708_,18.48µm
_17892_,18.48µm
_17996_,18.48µm
_18096_,18.48µm
_18332_,18.48µm
_18691_,18.48µm
_18703_,18.48µm
_18962_,18.48µm
_19028_,18.48µm
_19056_,18.48µm
_19294_,18.48µm
_19807_,18.48µm
_20003_,18.48µm
_20176_,18.48µm
_20401_,18.48µm
_20963_,18.48µm
_21674_,18.48µm
_21714_,18.48µm
_21931_,18.48µm
_22063_,18.48µm
_22324_,18.48µm
_22527_,18.48µm
_23585_,18.48µm
_23734_,18.48µm
_23980_,18.48µm
_24570_,18.48µm
_24645_,18.48µm
_25308_,18.48µm
_25320_,18.48µm
_25635_,18.48µm
_25877_,18.48µm
_25959_,18.48µm
_25978_,18.48µm
_26480_,18.48µm
_26556_,18.48µm
_26588_,18.48µm
_26676_,18.48µm
_27096_,18.48µm
_27100_,18.48µm
_27466_,18.48µm
_27581_,18.48µm
_27892_,18.48µm
_28010_,18.48µm
net1,18.48µm
i_core_v_mini_mcu.ao_peripheral_subsystem_i.obi_fifo_i.consumer_resp_i\[5\],18.48µm
i_core_v_mini_mcu.cpu_subsystem_i.cpu_0_0.i_servile.cpu.ctrl.o_ibus_adr\[17\],18.48µm
i_core_v_mini_mcu.cpu_subsystem_i.cpu_0_0.rf_ram_i.memory\[175\]\[1\],18.48µm
i_core_v_mini_mcu.cpu_subsystem_i.cpu_0_0.rf_ram_i.memory\[247\]\[1\],18.48µm
i_core_v_mini_mcu.cpu_subsystem_i.cpu_0_0.rf_ram_i.memory\[272\]\[0\],18.48µm
i_core_v_mini_mcu.cpu_subsystem_i.cpu_0_0.rf_ram_i.memory\[320\]\[0\],18.48µm
i_core_v_mini_mcu.cpu_subsystem_i.cpu_0_0.rf_ram_i.memory\[321\]\[1\],18.48µm
i_core_v_mini_mcu.cpu_subsystem_i.cpu_0_0.rf_ram_i.memory\[350\]\[0\],18.48µm
i_core_v_mini_mcu.cpu_subsystem_i.cpu_0_0.rf_ram_i.memory\[396\]\[0\],18.48µm
i_core_v_mini_mcu.cpu_subsystem_i.cpu_0_0.rf_ram_i.memory\[511\]\[1\],18.48µm
i_core_v_mini_mcu.cpu_subsystem_i.cpu_0_0.rf_ram_i.memory\[549\]\[1\],18.48µm
i_core_v_mini_mcu.cpu_subsystem_i.cpu_1_0.rf_ram_i.memory\[148\]\[1\],18.48µm
i_core_v_mini_mcu.cpu_subsystem_i.cpu_1_0.rf_ram_i.memory\[216\]\[0\],18.48µm
i_core_v_mini_mcu.cpu_subsystem_i.cpu_1_0.rf_ram_i.memory\[268\]\[0\],18.48µm
i_core_v_mini_mcu.cpu_subsystem_i.cpu_1_0.rf_ram_i.memory\[282\]\[1\],18.48µm
i_core_v_mini_mcu.cpu_subsystem_i.cpu_1_0.rf_ram_i.memory\[315\]\[1\],18.48µm
i_core_v_mini_mcu.cpu_subsystem_i.cpu_1_0.rf_ram_i.memory\[337\]\[1\],18.48µm
i_core_v_mini_mcu.cpu_subsystem_i.cpu_1_0.rf_ram_i.memory\[501\]\[1\],18.48µm
i_core_v_mini_mcu.memory_subsystem_i.ram0_i.tc_ram_i.sram\[10\]\[2\],18.48µm
i_core_v_mini_mcu.memory_subsystem_i.ram0_i.tc_ram_i.sram\[10\]\[7\],18.48µm
i_core_v_mini_mcu.memory_subsystem_i.ram0_i.tc_ram_i.sram\[11\]\[18\],18.48µm
i_core_v_mini_mcu.memory_subsystem_i.ram0_i.tc_ram_i.sram\[16\]\[20\],18.48µm
i_core_v_mini_mcu.memory_subsystem_i.ram0_i.tc_ram_i.sram\[20\]\[13\],18.48µm
i_core_v_mini_mcu.memory_subsystem_i.ram0_i.tc_ram_i.sram\[3\]\[19\],18.48µm
execute_from_flash_i,18.39µm
i_core_v_mini_mcu.cpu_subsystem_i.cpu_0_0.rf_ram_i.memory\[334\]\[0\],18.3µm
i_core_v_mini_mcu.cpu_subsystem_i.cpu_1_0.rf_ram_i.memory\[32\]\[1\],18.3µm
_24914_,18.25µm
i_core_v_mini_mcu.cpu_subsystem_i.cpu_1_0.rf_ram_i.memory\[196\]\[0\],18.25µm
i_core_v_mini_mcu.cpu_subsystem_i.cpu_1_0.rf_ram_i.memory\[379\]\[0\],18.25µm
_26360_,18.2µm
_06311_,18.07µm
_06823_,18.07µm
_08681_,18.07µm
_09690_,18.07µm
_10436_,18.07µm
_13753_,18.07µm
_19050_,18.07µm
_23875_,18.07µm
i_core_v_mini_mcu.ao_peripheral_subsystem_i.obi_fifo_i.consumer_data_req_q\[40\],18.07µm
i_core_v_mini_mcu.cpu_subsystem_i.cpu_1_0.rf_ram_i.memory\[209\]\[1\],18.07µm
i_core_v_mini_mcu.cpu_subsystem_i.cpu_1_0.rf_ram_i.memory\[463\]\[1\],18.07µm
i_core_v_mini_mcu.cpu_subsystem_i.cpu_1_0.rf_ram_i.memory\[87\]\[0\],18.07µm
i_core_v_mini_mcu.memory_subsystem_i.ram0_i.tc_ram_i.sram\[16\]\[27\],18.07µm
i_core_v_mini_mcu.memory_subsystem_i.ram0_i.tc_ram_i.sram\[26\]\[22\],18.07µm
i_core_v_mini_mcu.memory_subsystem_i.ram0_i.tc_ram_i.sram\[6\]\[19\],18.07µm
_00063_,18.02µm
_00346_,18.02µm
_00519_,18.02µm
_01365_,18.02µm
_04690_,18.02µm
_04795_,18.02µm
_05170_,18.02µm
_06560_,18.02µm
_06668_,18.02µm
_08934_,18.02µm
_08993_,18.02µm
_09295_,18.02µm
_09545_,18.02µm
_09635_,18.02µm
_10046_,18.02µm
_10170_,18.02µm
_10299_,18.02µm
_10423_,18.02µm
_10657_,18.02µm
_11693_,18.02µm
_12012_,18.02µm
_12026_,18.02µm
_14322_,18.02µm
_15329_,18.02µm
_16316_,18.02µm
_16892_,18.02µm
_18199_,18.02µm
_21118_,18.02µm
_21279_,18.02µm
_26859_,18.02µm
i_core_v_mini_mcu.ao_peripheral_subsystem_i.obi_fifo_i.consumer_data_req_q\[47\],18.02µm
i_core_v_mini_mcu.ao_peripheral_subsystem_i.obi_fifo_i.consumer_data_req_q\[60\],18.02µm
i_core_v_mini_mcu.ao_peripheral_subsystem_i.tdu_i.active_hart_cycles_q\[12\],18.02µm
i_core_v_mini_mcu.ao_peripheral_subsystem_i.tdu_i.task_mem\[2\]\[25\],18.02µm
i_core_v_mini_mcu.cpu_subsystem_i.cpu_0_0.i_servile.arbiter.i_wb_cpu_dbus_adr\[11\],18.02µm
i_core_v_mini_mcu.cpu_subsystem_i.cpu_0_0.i_servile.cpu.decode.o_immdec_ctrl\[0\],18.02µm
i_core_v_mini_mcu.cpu_subsystem_i.cpu_0_0.i_servile.cpu.gen_align.align.ibus_rdt_concat\[3\],18.02µm
i_core_v_mini_mcu.cpu_subsystem_i.cpu_0_0.i_servile.cpu.immdec.gen_immdec_w_eq_1.imm24_20\[3\],18.02µm
i_core_v_mini_mcu.cpu_subsystem_i.cpu_0_0.rf_ram_i.memory\[110\]\[0\],18.02µm
i_core_v_mini_mcu.cpu_subsystem_i.cpu_0_0.rf_ram_i.memory\[191\]\[1\],18.02µm
i_core_v_mini_mcu.cpu_subsystem_i.cpu_0_0.rf_ram_i.memory\[221\]\[0\],18.02µm
i_core_v_mini_mcu.cpu_subsystem_i.cpu_0_0.rf_ram_i.memory\[328\]\[1\],18.02µm
i_core_v_mini_mcu.cpu_subsystem_i.cpu_0_0.rf_ram_i.memory\[450\]\[0\],18.02µm
i_core_v_mini_mcu.cpu_subsystem_i.cpu_0_0.rf_ram_i.memory\[474\]\[1\],18.02µm
i_core_v_mini_mcu.cpu_subsystem_i.cpu_0_0.rf_ram_i.memory\[523\]\[0\],18.02µm
i_core_v_mini_mcu.cpu_subsystem_i.cpu_0_0.rf_ram_i.memory\[529\]\[0\],18.02µm
i_core_v_mini_mcu.cpu_subsystem_i.cpu_0_0.rf_ram_i.memory\[74\]\[0\],18.02µm
i_core_v_mini_mcu.cpu_subsystem_i.cpu_1_0.rf_ram_i.memory\[138\]\[0\],18.02µm
i_core_v_mini_mcu.cpu_subsystem_i.cpu_1_0.rf_ram_i.memory\[14\]\[1\],18.02µm
i_core_v_mini_mcu.cpu_subsystem_i.cpu_1_0.rf_ram_i.memory\[181\]\[1\],18.02µm
i_core_v_mini_mcu.cpu_subsystem_i.cpu_1_0.rf_ram_i.memory\[293\]\[0\],18.02µm
i_core_v_mini_mcu.cpu_subsystem_i.cpu_1_0.rf_ram_i.memory\[422\]\[1\],18.02µm
i_core_v_mini_mcu.cpu_subsystem_i.cpu_1_0.rf_ram_i.memory\[5\]\[1\],18.02µm
i_core_v_mini_mcu.cpu_subsystem_i.cpu_1_0.rf_ram_i.memory\[60\]\[0\],18.02µm
i_core_v_mini_mcu.memory_subsystem_i.ram0_i.tc_ram_i.sram\[12\]\[9\],18.02µm
i_core_v_mini_mcu.memory_subsystem_i.ram0_i.tc_ram_i.sram\[15\]\[21\],18.02µm
i_core_v_mini_mcu.memory_subsystem_i.ram0_i.tc_ram_i.sram\[7\]\[31\],18.02µm
i_core_v_mini_mcu.peripheral_subsystem_i.obi_fifo_i.consumer_data_req_q\[10\],18.02µm
i_core_v_mini_mcu.peripheral_subsystem_i.uart_i.reg2hw\[117\],18.02µm
_00106_,17.97µm
_00192_,17.97µm
_00229_,17.97µm
_00233_,17.97µm
_00258_,17.97µm
_00590_,17.97µm
_00715_,17.97µm
_01238_,17.97µm
_01451_,17.97µm
_01525_,17.97µm
_01526_,17.97µm
_02012_,17.97µm
_03710_,17.97µm
_03832_,17.97µm
_04133_,17.97µm
_04222_,17.97µm
_04640_,17.97µm
_04650_,17.97µm
_04860_,17.97µm
_05021_,17.97µm
_05110_,17.97µm
_05152_,17.97µm
_05765_,17.97µm
_05803_,17.97µm
_05889_,17.97µm
_06473_,17.97µm
_06507_,17.97µm
_07243_,17.97µm
_07316_,17.97µm
_07411_,17.97µm
_07441_,17.97µm
_07824_,17.97µm
_08019_,17.97µm
_08286_,17.97µm
_08398_,17.97µm
_09283_,17.97µm
_09782_,17.97µm
_09820_,17.97µm
_09928_,17.97µm
_10061_,17.97µm
_10193_,17.97µm
_10852_,17.97µm
_10891_,17.97µm
_11035_,17.97µm
_11042_,17.97µm
_11110_,17.97µm
_11241_,17.97µm
_11374_,17.97µm
_11843_,17.97µm
_11872_,17.97µm
_11913_,17.97µm
_12400_,17.97µm
_12540_,17.97µm
_12715_,17.97µm
_13104_,17.97µm
_13225_,17.97µm
_13231_,17.97µm
_13253_,17.97µm
_13502_,17.97µm
_13510_,17.97µm
_13553_,17.97µm
_14433_,17.97µm
_14551_,17.97µm
_15520_,17.97µm
_15668_,17.97µm
_15702_,17.97µm
_16096_,17.97µm
_16622_,17.97µm
_17027_,17.97µm
_17874_,17.97µm
_18775_,17.97µm
_18795_,17.97µm
_18910_,17.97µm
_19038_,17.97µm
_19185_,17.97µm
_19548_,17.97µm
_19677_,17.97µm
_19694_,17.97µm
_19875_,17.97µm
_20040_,17.97µm
_20193_,17.97µm
_20200_,17.97µm
_20458_,17.97µm
_20466_,17.97µm
_20578_,17.97µm
_20803_,17.97µm
_20905_,17.97µm
_21794_,17.97µm
_22243_,17.97µm
_22399_,17.97µm
_22936_,17.97µm
_22992_,17.97µm
_23141_,17.97µm
_23178_,17.97µm
_23314_,17.97µm
_23352_,17.97µm
_23366_,17.97µm
_23426_,17.97µm
_23704_,17.97µm
_24009_,17.97µm
_24039_,17.97µm
_24073_,17.97µm
_24380_,17.97µm
_24724_,17.97µm
_24856_,17.97µm
_25096_,17.97µm
_25108_,17.97µm
_25338_,17.97µm
_25700_,17.97µm
_25994_,17.97µm
_26093_,17.97µm
_26189_,17.97µm
_26285_,17.97µm
_26657_,17.97µm
_26776_,17.97µm
_27785_,17.97µm
_27818_,17.97µm
i_core_v_mini_mcu.ao_peripheral_subsystem_i.power_manager_i.power_manager_sequence_periph_switch_i.sequence_curr_state\[4\],17.97µm
i_core_v_mini_mcu.ao_peripheral_subsystem_i.spi_subsystem_i.obi_spimemio_i.obi_to_picorv32_i.picorv32_resp_i\[15\],17.97µm
i_core_v_mini_mcu.cpu_subsystem_i.cpu_0_0.rf_ram_i.memory\[190\]\[0\],17.97µm
i_core_v_mini_mcu.cpu_subsystem_i.cpu_0_0.rf_ram_i.memory\[204\]\[0\],17.97µm
i_core_v_mini_mcu.cpu_subsystem_i.cpu_0_0.rf_ram_i.memory\[216\]\[1\],17.97µm
i_core_v_mini_mcu.cpu_subsystem_i.cpu_0_0.rf_ram_i.memory\[21\]\[0\],17.97µm
i_core_v_mini_mcu.cpu_subsystem_i.cpu_0_0.rf_ram_i.memory\[315\]\[0\],17.97µm
i_core_v_mini_mcu.cpu_subsystem_i.cpu_0_0.rf_ram_i.memory\[366\]\[1\],17.97µm
i_core_v_mini_mcu.cpu_subsystem_i.cpu_0_0.rf_ram_i.memory\[370\]\[1\],17.97µm
i_core_v_mini_mcu.cpu_subsystem_i.cpu_0_0.rf_ram_i.memory\[378\]\[1\],17.97µm
i_core_v_mini_mcu.cpu_subsystem_i.cpu_0_0.rf_ram_i.memory\[445\]\[0\],17.97µm
i_core_v_mini_mcu.cpu_subsystem_i.cpu_0_0.rf_ram_i.memory\[504\]\[0\],17.97µm
i_core_v_mini_mcu.cpu_subsystem_i.cpu_0_0.rf_ram_i.memory\[540\]\[1\],17.97µm
i_core_v_mini_mcu.cpu_subsystem_i.cpu_0_0.rf_ram_i.memory\[551\]\[0\],17.97µm
i_core_v_mini_mcu.cpu_subsystem_i.cpu_0_0.rf_ram_i.memory\[65\]\[0\],17.97µm
i_core_v_mini_mcu.cpu_subsystem_i.cpu_0_0.rf_ram_i.memory\[84\]\[0\],17.97µm
i_core_v_mini_mcu.cpu_subsystem_i.cpu_1_0.rf_ram_i.memory\[134\]\[0\],17.97µm
i_core_v_mini_mcu.cpu_subsystem_i.cpu_1_0.rf_ram_i.memory\[139\]\[0\],17.97µm
i_core_v_mini_mcu.cpu_subsystem_i.cpu_1_0.rf_ram_i.memory\[198\]\[0\],17.97µm
i_core_v_mini_mcu.cpu_subsystem_i.cpu_1_0.rf_ram_i.memory\[210\]\[0\],17.97µm
i_core_v_mini_mcu.cpu_subsystem_i.cpu_1_0.rf_ram_i.memory\[257\]\[0\],17.97µm
i_core_v_mini_mcu.cpu_subsystem_i.cpu_1_0.rf_ram_i.memory\[259\]\[1\],17.97µm
i_core_v_mini_mcu.cpu_subsystem_i.cpu_1_0.rf_ram_i.memory\[320\]\[0\],17.97µm
i_core_v_mini_mcu.cpu_subsystem_i.cpu_1_0.rf_ram_i.memory\[417\]\[0\],17.97µm
i_core_v_mini_mcu.cpu_subsystem_i.cpu_1_0.rf_ram_i.memory\[471\]\[0\],17.97µm
i_core_v_mini_mcu.cpu_subsystem_i.cpu_1_0.rf_ram_i.memory\[497\]\[1\],17.97µm
i_core_v_mini_mcu.memory_subsystem_i.ram0_i.tc_ram_i.sram\[0\]\[7\],17.97µm
i_core_v_mini_mcu.memory_subsystem_i.ram0_i.tc_ram_i.sram\[14\]\[14\],17.97µm
i_core_v_mini_mcu.memory_subsystem_i.ram0_i.tc_ram_i.sram\[20\]\[18\],17.97µm
i_core_v_mini_mcu.memory_subsystem_i.ram0_i.tc_ram_i.sram\[23\]\[24\],17.97µm
i_core_v_mini_mcu.memory_subsystem_i.ram0_i.tc_ram_i.sram\[25\]\[25\],17.97µm
i_core_v_mini_mcu.memory_subsystem_i.ram0_i.tc_ram_i.sram\[6\]\[11\],17.97µm
i_core_v_mini_mcu.memory_subsystem_i.ram0_i.tc_ram_i.sram\[9\]\[11\],17.97µm
i_core_v_mini_mcu.peripheral_subsystem_i.obi_fifo_i.consumer_data_req_q\[20\],17.97µm
i_core_v_mini_mcu.peripheral_subsystem_i.uart_i.uart_core.u_uart_rxfifo.gen_normal_fifo.storage\[27\],17.97µm
_00194_,17.92µm
_00320_,17.92µm
_00350_,17.92µm
_01006_,17.92µm
_01358_,17.92µm
_01934_,17.92µm
_02547_,17.92µm
_02713_,17.92µm
_02898_,17.92µm
_03417_,17.92µm
_03903_,17.92µm
_04003_,17.92µm
_04117_,17.92µm
_04197_,17.92µm
_04673_,17.92µm
_05166_,17.92µm
_05322_,17.92µm
_05827_,17.92µm
_06042_,17.92µm
_06906_,17.92µm
_07258_,17.92µm
_07433_,17.92µm
_08115_,17.92µm
_08600_,17.92µm
_08779_,17.92µm
_09433_,17.92µm
_09754_,17.92µm
_09972_,17.92µm
_09990_,17.92µm
_10224_,17.92µm
_10309_,17.92µm
_10556_,17.92µm
_10599_,17.92µm
_10953_,17.92µm
_11081_,17.92µm
_11324_,17.92µm
_11439_,17.92µm
_11464_,17.92µm
_11489_,17.92µm
_11543_,17.92µm
_11579_,17.92µm
_11894_,17.92µm
_12492_,17.92µm
_12507_,17.92µm
_12682_,17.92µm
_12910_,17.92µm
_13154_,17.92µm
_14047_,17.92µm
_14087_,17.92µm
_14493_,17.92µm
_14542_,17.92µm
_14625_,17.92µm
_14739_,17.92µm
_14832_,17.92µm
_14985_,17.92µm
_14998_,17.92µm
_15699_,17.92µm
_15719_,17.92µm
_15755_,17.92µm
_15812_,17.92µm
_16026_,17.92µm
_16106_,17.92µm
_16114_,17.92µm
_16123_,17.92µm
_17678_,17.92µm
_17744_,17.92µm
_17924_,17.92µm
_18898_,17.92µm
_19088_,17.92µm
_19195_,17.92µm
_19219_,17.92µm
_19451_,17.92µm
_19461_,17.92µm
_19582_,17.92µm
_19823_,17.92µm
_19858_,17.92µm
_20009_,17.92µm
_20100_,17.92µm
_20126_,17.92µm
_20408_,17.92µm
_20434_,17.92µm
_20831_,17.92µm
_20854_,17.92µm
_20959_,17.92µm
_20986_,17.92µm
_21950_,17.92µm
_22312_,17.92µm
_22613_,17.92µm
_22694_,17.92µm
_22785_,17.92µm
_22838_,17.92µm
_23520_,17.92µm
_23667_,17.92µm
_23778_,17.92µm
_23964_,17.92µm
_24054_,17.92µm
_24452_,17.92µm
_25017_,17.92µm
_25235_,17.92µm
_25265_,17.92µm
_25614_,17.92µm
_25636_,17.92µm
_25776_,17.92µm
_26359_,17.92µm
_26408_,17.92µm
_26452_,17.92µm
_26822_,17.92µm
_27024_,17.92µm
_27035_,17.92µm
i_core_v_mini_mcu.ao_peripheral_subsystem_i.tdu_i.task_mem\[7\]\[15\],17.92µm
i_core_v_mini_mcu.cpu_subsystem_i.cpu_0_0.i_servile.arbiter.i_wb_cpu_dbus_adr\[8\],17.92µm
i_core_v_mini_mcu.cpu_subsystem_i.cpu_0_0.rf_ram_i.memory\[106\]\[0\],17.92µm
i_core_v_mini_mcu.cpu_subsystem_i.cpu_0_0.rf_ram_i.memory\[167\]\[1\],17.92µm
i_core_v_mini_mcu.cpu_subsystem_i.cpu_0_0.rf_ram_i.memory\[319\]\[0\],17.92µm
i_core_v_mini_mcu.cpu_subsystem_i.cpu_0_0.rf_ram_i.memory\[428\]\[1\],17.92µm
i_core_v_mini_mcu.cpu_subsystem_i.cpu_1_0.rf_ram_i.memory\[190\]\[1\],17.92µm
i_core_v_mini_mcu.cpu_subsystem_i.cpu_1_0.rf_ram_i.memory\[206\]\[0\],17.92µm
i_core_v_mini_mcu.cpu_subsystem_i.cpu_1_0.rf_ram_i.memory\[54\]\[0\],17.92µm
i_core_v_mini_mcu.memory_subsystem_i.ram0_i.tc_ram_i.r_addr_q\[3\],17.92µm
i_core_v_mini_mcu.memory_subsystem_i.ram0_i.tc_ram_i.sram\[14\]\[18\],17.92µm
i_core_v_mini_mcu.memory_subsystem_i.ram0_i.tc_ram_i.sram\[1\]\[15\],17.92µm
i_core_v_mini_mcu.memory_subsystem_i.ram0_i.tc_ram_i.sram\[30\]\[24\],17.92µm
i_core_v_mini_mcu.memory_subsystem_i.ram0_i.tc_ram_i.sram\[30\]\[27\],17.92µm
i_core_v_mini_mcu.peripheral_subsystem_i.obi_fifo_i.consumer_resp_i\[6\],17.92µm
i_core_v_mini_mcu.cpu_subsystem_i.cpu_1_0.rf_ram_i.memory\[446\]\[0\],17.79µm
i_core_v_mini_mcu.cpu_subsystem_i.cpu_0_0.rf_ram_i.memory\[332\]\[1\],17.74µm
i_core_v_mini_mcu.memory_subsystem_i.ram0_i.tc_ram_i.sram\[18\]\[8\],17.74µm
_24227_,17.69µm
i_core_v_mini_mcu.cpu_subsystem_i.cpu_0_0.rf_ram_i.memory\[498\]\[1\],17.69µm
i_core_v_mini_mcu.peripheral_subsystem_i.uart_i.uart_core.u_uart_txfifo.gen_normal_fifo.storage\[12\],17.69µm
i_core_v_mini_mcu.cpu_subsystem_i.cpu_0_0.rf_ram_i.memory\[437\]\[1\],17.64µm
i_core_v_mini_mcu.cpu_subsystem_i.cpu_1_0.rf_ram_i.memory\[117\]\[1\],17.64µm
_14781_,17.56µm
_15144_,17.56µm
_15531_,17.56µm
_19998_,17.56µm
_06430_,17.51µm
_09225_,17.51µm
_11503_,17.51µm
_15240_,17.51µm
_15488_,17.51µm
_17681_,17.51µm
_17875_,17.51µm
_21865_,17.51µm
i_core_v_mini_mcu.ao_peripheral_subsystem_i.clint_mtime_o\[35\],17.51µm
i_core_v_mini_mcu.ao_peripheral_subsystem_i.obi_fifo_i.consumer_data_req_q\[42\],17.51µm
i_core_v_mini_mcu.ao_peripheral_subsystem_i.spi_subsystem_i.obi_spimemio_i.spimemio_i.rd_addr\[16\],17.51µm
i_core_v_mini_mcu.cpu_subsystem_i.cpu_0_0.rf_ram_i.memory\[104\]\[1\],17.51µm
i_core_v_mini_mcu.cpu_subsystem_i.cpu_0_0.rf_ram_i.memory\[402\]\[0\],17.51µm
i_core_v_mini_mcu.cpu_subsystem_i.cpu_0_0.rf_ram_i.memory\[56\]\[1\],17.51µm
i_core_v_mini_mcu.cpu_subsystem_i.cpu_0_0.rf_ram_i.memory\[73\]\[1\],17.51µm
i_core_v_mini_mcu.cpu_subsystem_i.cpu_1_0.rf_ram_i.memory\[479\]\[0\],17.51µm
i_core_v_mini_mcu.cpu_subsystem_i.cpu_1_0.rf_ram_i.memory\[69\]\[1\],17.51µm
i_core_v_mini_mcu.memory_subsystem_i.ram0_i.tc_ram_i.sram\[14\]\[26\],17.51µm
_00322_,17.46µm
_01015_,17.46µm
_01212_,17.46µm
_05143_,17.46µm
_05473_,17.46µm
_05489_,17.46µm
_05789_,17.46µm
_07014_,17.46µm
_09113_,17.46µm
_09124_,17.46µm
_11128_,17.46µm
_12205_,17.46µm
_12384_,17.46µm
_12418_,17.46µm
_13428_,17.46µm
_13865_,17.46µm
_14541_,17.46µm
_14550_,17.46µm
_17895_,17.46µm
_19940_,17.46µm
_20170_,17.46µm
_20335_,17.46µm
_20776_,17.46µm
_22247_,17.46µm
_22358_,17.46µm
_22406_,17.46µm
_22479_,17.46µm
_24055_,17.46µm
_24082_,17.46µm
_27570_,17.46µm
i_core_v_mini_mcu.cpu_subsystem_i.cpu_0_0.rf_ram_i.memory\[201\]\[1\],17.46µm
i_core_v_mini_mcu.cpu_subsystem_i.cpu_0_0.rf_ram_i.memory\[303\]\[0\],17.46µm
i_core_v_mini_mcu.cpu_subsystem_i.cpu_0_0.rf_ram_i.memory\[317\]\[1\],17.46µm
i_core_v_mini_mcu.cpu_subsystem_i.cpu_0_0.rf_ram_i.memory\[431\]\[1\],17.46µm
i_core_v_mini_mcu.cpu_subsystem_i.cpu_0_0.rf_ram_i.memory\[485\]\[1\],17.46µm
i_core_v_mini_mcu.cpu_subsystem_i.cpu_0_0.rf_ram_i.memory\[536\]\[0\],17.46µm
i_core_v_mini_mcu.cpu_subsystem_i.cpu_0_0.rf_ram_i.memory\[552\]\[0\],17.46µm
i_core_v_mini_mcu.cpu_subsystem_i.cpu_1_0.rf_ram_i.memory\[162\]\[0\],17.46µm
i_core_v_mini_mcu.cpu_subsystem_i.cpu_1_0.rf_ram_i.memory\[206\]\[1\],17.46µm
i_core_v_mini_mcu.cpu_subsystem_i.cpu_1_0.rf_ram_i.memory\[21\]\[0\],17.46µm
i_core_v_mini_mcu.cpu_subsystem_i.cpu_1_0.rf_ram_i.memory\[33\]\[1\],17.46µm
i_core_v_mini_mcu.cpu_subsystem_i.cpu_1_0.rf_ram_i.memory\[343\]\[1\],17.46µm
i_core_v_mini_mcu.cpu_subsystem_i.cpu_1_0.rf_ram_i.memory\[431\]\[1\],17.46µm
i_core_v_mini_mcu.cpu_subsystem_i.cpu_1_0.rf_ram_i.memory\[460\]\[0\],17.46µm
i_core_v_mini_mcu.cpu_subsystem_i.cpu_1_0.rf_ram_i.memory\[89\]\[1\],17.46µm
i_core_v_mini_mcu.memory_subsystem_i.ram0_i.tc_ram_i.sram\[13\]\[2\],17.46µm
i_core_v_mini_mcu.memory_subsystem_i.ram0_i.tc_ram_i.sram\[18\]\[6\],17.46µm
i_core_v_mini_mcu.memory_subsystem_i.ram0_i.tc_ram_i.sram\[1\]\[21\],17.46µm
i_core_v_mini_mcu.memory_subsystem_i.ram0_i.tc_ram_i.sram\[1\]\[5\],17.46µm
i_core_v_mini_mcu.memory_subsystem_i.ram0_i.tc_ram_i.sram\[20\]\[6\],17.46µm
i_core_v_mini_mcu.memory_subsystem_i.ram0_i.tc_ram_i.sram\[23\]\[18\],17.46µm
i_core_v_mini_mcu.memory_subsystem_i.ram0_i.tc_ram_i.sram\[4\]\[29\],17.46µm
i_core_v_mini_mcu.memory_subsystem_i.ram0_i.tc_ram_i.sram\[7\]\[9\],17.46µm
_00290_,17.41µm
_01675_,17.41µm
_04068_,17.41µm
_04200_,17.41µm
_04409_,17.41µm
_04668_,17.41µm
_04863_,17.41µm
_05104_,17.41µm
_05138_,17.41µm
_05148_,17.41µm
_05224_,17.41µm
_05753_,17.41µm
_05867_,17.41µm
_05896_,17.41µm
_06120_,17.41µm
_06153_,17.41µm
_06323_,17.41µm
_07084_,17.41µm
_07105_,17.41µm
_07641_,17.41µm
_07711_,17.41µm
_07896_,17.41µm
_08456_,17.41µm
_08581_,17.41µm
_09134_,17.41µm
_09135_,17.41µm
_09292_,17.41µm
_09434_,17.41µm
_09538_,17.41µm
_09555_,17.41µm
_09588_,17.41µm
_09713_,17.41µm
_10071_,17.41µm
_10086_,17.41µm
_10376_,17.41µm
_10634_,17.41µm
_10723_,17.41µm
_10835_,17.41µm
_11391_,17.41µm
_11534_,17.41µm
_11553_,17.41µm
_12025_,17.41µm
_12206_,17.41µm
_12302_,17.41µm
_12652_,17.41µm
_12776_,17.41µm
_12863_,17.41µm
_12864_,17.41µm
_12958_,17.41µm
_13122_,17.41µm
_13345_,17.41µm
_13374_,17.41µm
_13694_,17.41µm
_13818_,17.41µm
_14172_,17.41µm
_15140_,17.41µm
_15457_,17.41µm
_15800_,17.41µm
_15848_,17.41µm
_16020_,17.41µm
_16493_,17.41µm
_16520_,17.41µm
_17165_,17.41µm
_17438_,17.41µm
_17858_,17.41µm
_18469_,17.41µm
_18637_,17.41µm
_18662_,17.41µm
_18906_,17.41µm
_19203_,17.41µm
_19319_,17.41µm
_19513_,17.41µm
_19540_,17.41µm
_20022_,17.41µm
_20204_,17.41µm
_20402_,17.41µm
_20600_,17.41µm
_20614_,17.41µm
_20749_,17.41µm
_21289_,17.41µm
_21632_,17.41µm
_21678_,17.41µm
_21827_,17.41µm
_22579_,17.41µm
_23351_,17.41µm
_24317_,17.41µm
_24443_,17.41µm
_24768_,17.41µm
_24844_,17.41µm
_25035_,17.41µm
_25087_,17.41µm
_25263_,17.41µm
_25383_,17.41µm
_25714_,17.41µm
_25893_,17.41µm
_26402_,17.41µm
_26445_,17.41µm
_26469_,17.41µm
_26674_,17.41µm
_26886_,17.41µm
_27559_,17.41µm
_27834_,17.41µm
_28129_,17.41µm
i_core_v_mini_mcu.ao_peripheral_subsystem_i.obi_fifo_i.consumer_data_req\[59\],17.41µm
i_core_v_mini_mcu.ao_peripheral_subsystem_i.obi_fifo_i.consumer_data_req_q\[32\],17.41µm
i_core_v_mini_mcu.ao_peripheral_subsystem_i.obi_fifo_i.consumer_data_req_q\[58\],17.41µm
i_core_v_mini_mcu.ao_peripheral_subsystem_i.obi_fifo_i.consumer_resp_i\[6\],17.41µm
i_core_v_mini_mcu.ao_peripheral_subsystem_i.power_manager_i.power_manager_counter_sequence_cpu_iso_i.sequence_curr_state\[5\],17.41µm
i_core_v_mini_mcu.ao_peripheral_subsystem_i.power_manager_i.power_manager_reg_top_i.cpu_iso_off_counter_qs\[15\],17.41µm
i_core_v_mini_mcu.ao_peripheral_subsystem_i.spi_subsystem_i.obi_spimemio_i.obi_to_picorv32_i.picorv32_resp_i\[18\],17.41µm
i_core_v_mini_mcu.ao_peripheral_subsystem_i.spi_subsystem_i.obi_spimemio_i.spimemio_i.xfer.dummy_count\[0\],17.41µm
i_core_v_mini_mcu.ao_peripheral_subsystem_i.tdu_i.active_hart_cycles_q\[18\],17.41µm
i_core_v_mini_mcu.ao_peripheral_subsystem_i.tdu_i.active_hart_cycles_q\[19\],17.41µm
i_core_v_mini_mcu.ao_peripheral_subsystem_i.tdu_i.cpi_est_q\[11\],17.41µm
i_core_v_mini_mcu.ao_peripheral_subsystem_i.tdu_i.cpi_est_q\[2\],17.41µm
i_core_v_mini_mcu.ao_peripheral_subsystem_i.tdu_i.task_mem\[7\]\[23\],17.41µm
i_core_v_mini_mcu.cpu_subsystem_i.cpu_0_0.i_servile.cpu.decode.o_immdec_en\[1\],17.41µm
i_core_v_mini_mcu.cpu_subsystem_i.cpu_0_0.rf_ram_i.memory\[128\]\[0\],17.41µm
i_core_v_mini_mcu.cpu_subsystem_i.cpu_0_0.rf_ram_i.memory\[12\]\[1\],17.41µm
i_core_v_mini_mcu.cpu_subsystem_i.cpu_0_0.rf_ram_i.memory\[159\]\[0\],17.41µm
i_core_v_mini_mcu.cpu_subsystem_i.cpu_0_0.rf_ram_i.memory\[164\]\[0\],17.41µm
i_core_v_mini_mcu.cpu_subsystem_i.cpu_0_0.rf_ram_i.memory\[227\]\[0\],17.41µm
i_core_v_mini_mcu.cpu_subsystem_i.cpu_0_0.rf_ram_i.memory\[238\]\[1\],17.41µm
i_core_v_mini_mcu.cpu_subsystem_i.cpu_0_0.rf_ram_i.memory\[242\]\[0\],17.41µm
i_core_v_mini_mcu.cpu_subsystem_i.cpu_0_0.rf_ram_i.memory\[261\]\[1\],17.41µm
i_core_v_mini_mcu.cpu_subsystem_i.cpu_0_0.rf_ram_i.memory\[305\]\[1\],17.41µm
i_core_v_mini_mcu.cpu_subsystem_i.cpu_0_0.rf_ram_i.memory\[481\]\[0\],17.41µm
i_core_v_mini_mcu.cpu_subsystem_i.cpu_0_0.rf_ram_i.memory\[518\]\[0\],17.41µm
i_core_v_mini_mcu.cpu_subsystem_i.cpu_0_0.rf_ram_i.memory\[531\]\[0\],17.41µm
i_core_v_mini_mcu.cpu_subsystem_i.cpu_0_0.rf_ram_i.memory\[542\]\[0\],17.41µm
i_core_v_mini_mcu.cpu_subsystem_i.cpu_0_0.rf_ram_i.memory\[7\]\[1\],17.41µm
i_core_v_mini_mcu.cpu_subsystem_i.cpu_0_0.rf_ram_i.memory\[91\]\[0\],17.41µm
i_core_v_mini_mcu.cpu_subsystem_i.cpu_1_0.i_servile.arbiter.i_wb_cpu_ibus_adr\[3\],17.41µm
i_core_v_mini_mcu.cpu_subsystem_i.cpu_1_0.rf_ram_i.memory\[100\]\[0\],17.41µm
i_core_v_mini_mcu.cpu_subsystem_i.cpu_1_0.rf_ram_i.memory\[145\]\[1\],17.41µm
i_core_v_mini_mcu.cpu_subsystem_i.cpu_1_0.rf_ram_i.memory\[202\]\[1\],17.41µm
i_core_v_mini_mcu.cpu_subsystem_i.cpu_1_0.rf_ram_i.memory\[234\]\[1\],17.41µm
i_core_v_mini_mcu.cpu_subsystem_i.cpu_1_0.rf_ram_i.memory\[246\]\[0\],17.41µm
i_core_v_mini_mcu.cpu_subsystem_i.cpu_1_0.rf_ram_i.memory\[266\]\[0\],17.41µm
i_core_v_mini_mcu.cpu_subsystem_i.cpu_1_0.rf_ram_i.memory\[288\]\[0\],17.41µm
i_core_v_mini_mcu.cpu_subsystem_i.cpu_1_0.rf_ram_i.memory\[296\]\[0\],17.41µm
i_core_v_mini_mcu.cpu_subsystem_i.cpu_1_0.rf_ram_i.memory\[37\]\[1\],17.41µm
i_core_v_mini_mcu.cpu_subsystem_i.cpu_1_0.rf_ram_i.memory\[405\]\[0\],17.41µm
i_core_v_mini_mcu.cpu_subsystem_i.cpu_1_0.rf_ram_i.memory\[435\]\[0\],17.41µm
i_core_v_mini_mcu.cpu_subsystem_i.cpu_1_0.rf_ram_i.memory\[495\]\[1\],17.41µm
i_core_v_mini_mcu.cpu_subsystem_i.cpu_1_0.rf_ram_i.memory\[62\]\[0\],17.41µm
i_core_v_mini_mcu.memory_subsystem_i.ram0_i.tc_ram_i.sram\[13\]\[18\],17.41µm
i_core_v_mini_mcu.memory_subsystem_i.ram0_i.tc_ram_i.sram\[18\]\[31\],17.41µm
i_core_v_mini_mcu.memory_subsystem_i.ram0_i.tc_ram_i.sram\[1\]\[11\],17.41µm
i_core_v_mini_mcu.memory_subsystem_i.ram0_i.tc_ram_i.sram\[21\]\[30\],17.41µm
i_core_v_mini_mcu.memory_subsystem_i.ram0_i.tc_ram_i.sram\[22\]\[14\],17.41µm
i_core_v_mini_mcu.memory_subsystem_i.ram0_i.tc_ram_i.sram\[22\]\[3\],17.41µm
i_core_v_mini_mcu.memory_subsystem_i.ram0_i.tc_ram_i.sram\[27\]\[23\],17.41µm
i_core_v_mini_mcu.memory_subsystem_i.ram0_i.tc_ram_i.sram\[3\]\[22\],17.41µm
i_core_v_mini_mcu.memory_subsystem_i.ram0_i.tc_ram_i.sram\[9\]\[15\],17.41µm
i_core_v_mini_mcu.peripheral_subsystem_i.uart_i.uart_core.rx_fifo_depth_prev_q\[2\],17.41µm
i_core_v_mini_mcu.peripheral_subsystem_i.uart_i.uart_core.u_uart_rxfifo.gen_normal_fifo.storage\[16\],17.41µm
_00689_,17.36µm
_01000_,17.36µm
_01297_,17.36µm
_01993_,17.36µm
_03013_,17.36µm
_03083_,17.36µm
_03294_,17.36µm
_03859_,17.36µm
_04033_,17.36µm
_04455_,17.36µm
_04868_,17.36µm
_05006_,17.36µm
_05131_,17.36µm
_05149_,17.36µm
_05151_,17.36µm
_05284_,17.36µm
_05469_,17.36µm
_05543_,17.36µm
_05688_,17.36µm
_05736_,17.36µm
_05974_,17.36µm
_05993_,17.36µm
_06071_,17.36µm
_06281_,17.36µm
_06408_,17.36µm
_06646_,17.36µm
_06693_,17.36µm
_06886_,17.36µm
_07146_,17.36µm
_07288_,17.36µm
_07772_,17.36µm
_07926_,17.36µm
_08032_,17.36µm
_08108_,17.36µm
_08117_,17.36µm
_08159_,17.36µm
_08183_,17.36µm
_08421_,17.36µm
_08470_,17.36µm
_08477_,17.36µm
_08684_,17.36µm
_09578_,17.36µm
_09795_,17.36µm
_10113_,17.36µm
_10301_,17.36µm
_10439_,17.36µm
_10671_,17.36µm
_10803_,17.36µm
_11077_,17.36µm
_11425_,17.36µm
_11483_,17.36µm
_11561_,17.36µm
_11574_,17.36µm
_11620_,17.36µm
_11635_,17.36µm
_11880_,17.36µm
_11949_,17.36µm
_12563_,17.36µm
_13146_,17.36µm
_13237_,17.36µm
_13304_,17.36µm
_13945_,17.36µm
_14934_,17.36µm
_15046_,17.36µm
_15384_,17.36µm
_15782_,17.36µm
_15842_,17.36µm
_16309_,17.36µm
_16949_,17.36µm
_17119_,17.36µm
_18251_,17.36µm
_18790_,17.36µm
_18877_,17.36µm
_19396_,17.36µm
_19568_,17.36µm
_19629_,17.36µm
_19822_,17.36µm
_20026_,17.36µm
_20396_,17.36µm
_20427_,17.36µm
_20888_,17.36µm
_21666_,17.36µm
_21704_,17.36µm
_21906_,17.36µm
_21918_,17.36µm
_21942_,17.36µm
_22948_,17.36µm
_23337_,17.36µm
_23383_,17.36µm
_23919_,17.36µm
_23994_,17.36µm
_24157_,17.36µm
_24270_,17.36µm
_24386_,17.36µm
_24722_,17.36µm
_24794_,17.36µm
_24808_,17.36µm
_24809_,17.36µm
_25113_,17.36µm
_25207_,17.36µm
_25311_,17.36µm
_25331_,17.36µm
_25414_,17.36µm
_25430_,17.36µm
_26002_,17.36µm
_26073_,17.36µm
_26283_,17.36µm
_26533_,17.36µm
_26895_,17.36µm
_26970_,17.36µm
_27529_,17.36µm
_27675_,17.36µm
i_core_v_mini_mcu.ao_peripheral_subsystem_i.spi_subsystem_i.obi_spimemio_i.obi_to_picorv32_i.picorv32_resp_i\[14\],17.36µm
i_core_v_mini_mcu.ao_peripheral_subsystem_i.tdu_i.cpi_est_q\[31\],17.36µm
i_core_v_mini_mcu.ao_peripheral_subsystem_i.tdu_i.task_mem\[6\]\[15\],17.36µm
i_core_v_mini_mcu.cpu_subsystem_i.cpu_0_0.i_servile.rf_ram_if.wdata1_r\[0\],17.36µm
i_core_v_mini_mcu.cpu_subsystem_i.cpu_0_0.rf_ram_i.memory\[196\]\[1\],17.36µm
i_core_v_mini_mcu.cpu_subsystem_i.cpu_0_0.rf_ram_i.memory\[259\]\[1\],17.36µm
i_core_v_mini_mcu.cpu_subsystem_i.cpu_0_0.rf_ram_i.memory\[357\]\[1\],17.36µm
i_core_v_mini_mcu.cpu_subsystem_i.cpu_0_0.rf_ram_i.memory\[393\]\[1\],17.36µm
i_core_v_mini_mcu.cpu_subsystem_i.cpu_0_0.rf_ram_i.rdata\[1\],17.36µm
i_core_v_mini_mcu.cpu_subsystem_i.cpu_1_0.i_servile.cpu.csr_imm,17.36µm
i_core_v_mini_mcu.cpu_subsystem_i.cpu_1_0.rf_ram_i.memory\[111\]\[0\],17.36µm
i_core_v_mini_mcu.cpu_subsystem_i.cpu_1_0.rf_ram_i.memory\[159\]\[1\],17.36µm
i_core_v_mini_mcu.cpu_subsystem_i.cpu_1_0.rf_ram_i.memory\[267\]\[1\],17.36µm
i_core_v_mini_mcu.cpu_subsystem_i.cpu_1_0.rf_ram_i.memory\[272\]\[0\],17.36µm
i_core_v_mini_mcu.cpu_subsystem_i.cpu_1_0.rf_ram_i.memory\[301\]\[0\],17.36µm
i_core_v_mini_mcu.cpu_subsystem_i.cpu_1_0.rf_ram_i.memory\[304\]\[0\],17.36µm
i_core_v_mini_mcu.cpu_subsystem_i.cpu_1_0.rf_ram_i.memory\[447\]\[1\],17.36µm
i_core_v_mini_mcu.memory_subsystem_i.ram0_i.tc_ram_i.sram\[0\]\[11\],17.36µm
i_core_v_mini_mcu.memory_subsystem_i.ram0_i.tc_ram_i.sram\[21\]\[10\],17.36µm
i_core_v_mini_mcu.peripheral_subsystem_i.obi_fifo_i.consumer_resp_i\[27\],17.36µm
i_core_v_mini_mcu.peripheral_subsystem_i.uart_i.uart_core.u_uart_rxfifo.gen_normal_fifo.storage\[5\],17.36µm
i_core_v_mini_mcu.peripheral_subsystem_i.uart_i.uart_core.u_uart_rxfifo.gen_normal_fifo.storage\[9\],17.36µm
net1236,17.36µm
_04724_,17.3µm
i_core_v_mini_mcu.cpu_subsystem_i.cpu_0_0.rf_ram_i.memory\[543\]\[1\],17.23µm
_08161_,17.18µm
i_core_v_mini_mcu.memory_subsystem_i.ram0_i.tc_ram_i.sram\[15\]\[0\],17.18µm
i_core_v_mini_mcu.cpu_subsystem_i.cpu_0_0.rf_ram_i.memory\[425\]\[0\],17.13µm
i_core_v_mini_mcu.cpu_subsystem_i.cpu_1_0.rf_ram_i.memory\[161\]\[0\],17.13µm
_23388_,17.08µm
i_core_v_mini_mcu.cpu_subsystem_i.cpu_0_0.rf_ram_i.memory\[328\]\[0\],17.08µm
i_core_v_mini_mcu.memory_subsystem_i.ram0_i.tc_ram_i.sram\[11\]\[25\],17.08µm
_16648_,17.05µm
_16695_,17µm
_01900_,16.95µm
_06532_,16.95µm
_08497_,16.95µm
_09704_,16.95µm
_10225_,16.95µm
_16681_,16.95µm
_22955_,16.95µm
i_core_v_mini_mcu.cpu_subsystem_i.cpu_0_0.i_servile.cpu.immdec.gen_immdec_w_eq_1.imm30_25\[2\],16.95µm
i_core_v_mini_mcu.cpu_subsystem_i.cpu_0_0.rf_ram_i.memory\[383\]\[0\],16.95µm
i_core_v_mini_mcu.cpu_subsystem_i.cpu_1_0.i_servile.cpu.decode.o_immdec_en\[1\],16.95µm
i_core_v_mini_mcu.cpu_subsystem_i.cpu_1_0.rf_ram_i.memory\[483\]\[0\],16.95µm
_01731_,16.9µm
_04659_,16.9µm
_06063_,16.9µm
_06300_,16.9µm
_06380_,16.9µm
_06422_,16.9µm
_07070_,16.9µm
_07783_,16.9µm
_08550_,16.9µm
_09498_,16.9µm
_09805_,16.9µm
_09829_,16.9µm
_09988_,16.9µm
_10314_,16.9µm
_10410_,16.9µm
_10579_,16.9µm
_11930_,16.9µm
_13529_,16.9µm
_14510_,16.9µm
_18212_,16.9µm
_19906_,16.9µm
_21696_,16.9µm
_21926_,16.9µm
_22126_,16.9µm
_22382_,16.9µm
_22811_,16.9µm
_22814_,16.9µm
_23698_,16.9µm
_23739_,16.9µm
_25554_,16.9µm
_26994_,16.9µm
_27978_,16.9µm
i_core_v_mini_mcu.ao_peripheral_subsystem_i.spi_subsystem_i.obi_spimemio_i.obi_to_picorv32_i.obi_resp_o\[20\],16.9µm
i_core_v_mini_mcu.ao_peripheral_subsystem_i.spi_subsystem_i.obi_spimemio_i.spimemio_i.buffer\[14\],16.9µm
i_core_v_mini_mcu.ao_peripheral_subsystem_i.tdu_i.cpi_est_q\[36\],16.9µm
i_core_v_mini_mcu.cpu_subsystem_i.cpu_0_0.i_servile.cpu.gen_align.align.ibus_rdt_concat\[4\],16.9µm
i_core_v_mini_mcu.cpu_subsystem_i.cpu_0_0.rf_ram_i.memory\[116\]\[1\],16.9µm
i_core_v_mini_mcu.cpu_subsystem_i.cpu_0_0.rf_ram_i.memory\[333\]\[0\],16.9µm
i_core_v_mini_mcu.cpu_subsystem_i.cpu_0_0.rf_ram_i.memory\[510\]\[1\],16.9µm
i_core_v_mini_mcu.cpu_subsystem_i.cpu_0_0.rf_ram_i.memory\[565\]\[0\],16.9µm
i_core_v_mini_mcu.cpu_subsystem_i.cpu_0_0.rf_ram_i.memory\[7\]\[0\],16.9µm
i_core_v_mini_mcu.cpu_subsystem_i.cpu_1_0.i_servile.arbiter.i_wb_cpu_dbus_adr\[18\],16.9µm
i_core_v_mini_mcu.cpu_subsystem_i.cpu_1_0.rf_ram_i.memory\[150\]\[0\],16.9µm
i_core_v_mini_mcu.cpu_subsystem_i.cpu_1_0.rf_ram_i.memory\[271\]\[0\],16.9µm
i_core_v_mini_mcu.cpu_subsystem_i.cpu_1_0.rf_ram_i.memory\[326\]\[0\],16.9µm
i_core_v_mini_mcu.cpu_subsystem_i.cpu_1_0.rf_ram_i.memory\[327\]\[0\],16.9µm
i_core_v_mini_mcu.cpu_subsystem_i.cpu_1_0.rf_ram_i.memory\[346\]\[0\],16.9µm
i_core_v_mini_mcu.cpu_subsystem_i.cpu_1_0.rf_ram_i.memory\[354\]\[1\],16.9µm
i_core_v_mini_mcu.cpu_subsystem_i.cpu_1_0.rf_ram_i.memory\[404\]\[0\],16.9µm
i_core_v_mini_mcu.memory_subsystem_i.ram0_i.tc_ram_i.sram\[11\]\[21\],16.9µm
i_core_v_mini_mcu.memory_subsystem_i.ram0_i.tc_ram_i.sram\[11\]\[7\],16.9µm
i_core_v_mini_mcu.memory_subsystem_i.ram0_i.tc_ram_i.sram\[19\]\[21\],16.9µm
i_core_v_mini_mcu.memory_subsystem_i.ram0_i.tc_ram_i.sram\[19\]\[24\],16.9µm
i_core_v_mini_mcu.memory_subsystem_i.ram0_i.tc_ram_i.sram\[25\]\[7\],16.9µm
i_core_v_mini_mcu.memory_subsystem_i.ram0_i.tc_ram_i.sram\[26\]\[20\],16.9µm
i_core_v_mini_mcu.memory_subsystem_i.ram0_i.tc_ram_i.sram\[30\]\[20\],16.9µm
i_core_v_mini_mcu.memory_subsystem_i.ram0_i.tc_ram_i.sram\[3\]\[29\],16.9µm
i_core_v_mini_mcu.peripheral_subsystem_i.obi_fifo_i.consumer_data_req_q\[16\],16.9µm
i_core_v_mini_mcu.peripheral_subsystem_i.uart_i.uart_core.nco_sum_q\[13\],16.9µm
i_core_v_mini_mcu.peripheral_subsystem_i.uart_i.uart_core.nco_sum_q\[8\],16.9µm
_00089_,16.85µm
_00154_,16.85µm
_01744_,16.85µm
_01998_,16.85µm
_02235_,16.85µm
_02569_,16.85µm
_02905_,16.85µm
_03204_,16.85µm
_03764_,16.85µm
_04214_,16.85µm
_04592_,16.85µm
_04654_,16.85µm
_04845_,16.85µm
_04854_,16.85µm
_05115_,16.85µm
_05210_,16.85µm
_05329_,16.85µm
_05369_,16.85µm
_05686_,16.85µm
_05700_,16.85µm
_05776_,16.85µm
_05811_,16.85µm
_06032_,16.85µm
_06123_,16.85µm
_06157_,16.85µm
_06203_,16.85µm
_06235_,16.85µm
_06600_,16.85µm
_07030_,16.85µm
_07359_,16.85µm
_07362_,16.85µm
_07662_,16.85µm
_07709_,16.85µm
_07715_,16.85µm
_08741_,16.85µm
_08742_,16.85µm
_09045_,16.85µm
_09209_,16.85µm
_09768_,16.85µm
_10265_,16.85µm
_10944_,16.85µm
_11114_,16.85µm
_11165_,16.85µm
_11221_,16.85µm
_11987_,16.85µm
_12040_,16.85µm
_12076_,16.85µm
_12721_,16.85µm
_12819_,16.85µm
_12953_,16.85µm
_13066_,16.85µm
_14309_,16.85µm
_14553_,16.85µm
_14863_,16.85µm
_14974_,16.85µm
_15137_,16.85µm
_15416_,16.85µm
_15446_,16.85µm
_15710_,16.85µm
_16636_,16.85µm
_16977_,16.85µm
_17118_,16.85µm
_17261_,16.85µm
_17601_,16.85µm
_17667_,16.85µm
_17840_,16.85µm
_18749_,16.85µm
_19307_,16.85µm
_19464_,16.85µm
_19486_,16.85µm
_19590_,16.85µm
_19622_,16.85µm
_19669_,16.85µm
_19835_,16.85µm
_19931_,16.85µm
_19933_,16.85µm
_20188_,16.85µm
_20270_,16.85µm
_20683_,16.85µm
_21290_,16.85µm
_21767_,16.85µm
_21980_,16.85µm
_22028_,16.85µm
_22207_,16.85µm
_22302_,16.85µm
_22432_,16.85µm
_22777_,16.85µm
_23080_,16.85µm
_23969_,16.85µm
_24325_,16.85µm
_24656_,16.85µm
_24730_,16.85µm
_24880_,16.85µm
_24987_,16.85µm
_25072_,16.85µm
_25095_,16.85µm
_25926_,16.85µm
_26026_,16.85µm
_26228_,16.85µm
_26607_,16.85µm
_26814_,16.85µm
_26975_,16.85µm
_27089_,16.85µm
_27102_,16.85µm
_27161_,16.85µm
_27278_,16.85µm
_27504_,16.85µm
_27547_,16.85µm
_27743_,16.85µm
_28009_,16.85µm
i_core_v_mini_mcu.ao_peripheral_subsystem_i.mosaic_clint_i.mtimecmp_q\[0\],16.85µm
i_core_v_mini_mcu.ao_peripheral_subsystem_i.mosaic_clint_i.mtimecmp_q\[3\],16.85µm
i_core_v_mini_mcu.ao_peripheral_subsystem_i.power_manager_i.power_manager_reg_top_i.intr_state_qs\[27\],16.85µm
i_core_v_mini_mcu.ao_peripheral_subsystem_i.spi_subsystem_i.obi_spimemio_i.obi_to_picorv32_i.obi_resp_o\[26\],16.85µm
i_core_v_mini_mcu.cpu_subsystem_i.cpu_0_0.i_servile.arbiter.i_wb_cpu_dbus_adr\[27\],16.85µm
i_core_v_mini_mcu.cpu_subsystem_i.cpu_0_0.i_servile.cpu.ctrl.o_ibus_adr\[10\],16.85µm
i_core_v_mini_mcu.cpu_subsystem_i.cpu_0_0.rf_ram_i.memory\[225\]\[0\],16.85µm
i_core_v_mini_mcu.cpu_subsystem_i.cpu_0_0.rf_ram_i.memory\[229\]\[0\],16.85µm
i_core_v_mini_mcu.cpu_subsystem_i.cpu_0_0.rf_ram_i.memory\[22\]\[0\],16.85µm
i_core_v_mini_mcu.cpu_subsystem_i.cpu_0_0.rf_ram_i.memory\[235\]\[1\],16.85µm
i_core_v_mini_mcu.cpu_subsystem_i.cpu_0_0.rf_ram_i.memory\[450\]\[1\],16.85µm
i_core_v_mini_mcu.cpu_subsystem_i.cpu_0_0.rf_ram_i.memory\[493\]\[0\],16.85µm
i_core_v_mini_mcu.cpu_subsystem_i.cpu_0_0.rf_ram_i.memory\[544\]\[1\],16.85µm
i_core_v_mini_mcu.cpu_subsystem_i.cpu_1_0.i_servile.arbiter.i_wb_cpu_ibus_adr\[16\],16.85µm
i_core_v_mini_mcu.cpu_subsystem_i.cpu_1_0.rf_ram_i.memory\[12\]\[1\],16.85µm
i_core_v_mini_mcu.cpu_subsystem_i.cpu_1_0.rf_ram_i.memory\[282\]\[0\],16.85µm
i_core_v_mini_mcu.cpu_subsystem_i.cpu_1_0.rf_ram_i.memory\[347\]\[0\],16.85µm
i_core_v_mini_mcu.cpu_subsystem_i.cpu_1_0.rf_ram_i.memory\[350\]\[1\],16.85µm
i_core_v_mini_mcu.cpu_subsystem_i.cpu_1_0.rf_ram_i.memory\[411\]\[0\],16.85µm
i_core_v_mini_mcu.cpu_subsystem_i.cpu_1_0.rf_ram_i.memory\[444\]\[0\],16.85µm
i_core_v_mini_mcu.cpu_subsystem_i.cpu_1_0.rf_ram_i.memory\[501\]\[0\],16.85µm
i_core_v_mini_mcu.cpu_subsystem_i.cpu_1_0.rf_ram_i.memory\[510\]\[1\],16.85µm
i_core_v_mini_mcu.cpu_subsystem_i.cpu_1_0.rf_ram_i.memory\[88\]\[0\],16.85µm
i_core_v_mini_mcu.cpu_subsystem_i.cpu_1_0.rf_ram_i.memory\[93\]\[0\],16.85µm
i_core_v_mini_mcu.memory_subsystem_i.ram0_i.tc_ram_i.sram\[0\]\[21\],16.85µm
i_core_v_mini_mcu.memory_subsystem_i.ram0_i.tc_ram_i.sram\[10\]\[13\],16.85µm
i_core_v_mini_mcu.memory_subsystem_i.ram0_i.tc_ram_i.sram\[10\]\[18\],16.85µm
i_core_v_mini_mcu.memory_subsystem_i.ram0_i.tc_ram_i.sram\[12\]\[12\],16.85µm
i_core_v_mini_mcu.memory_subsystem_i.ram0_i.tc_ram_i.sram\[12\]\[19\],16.85µm
i_core_v_mini_mcu.memory_subsystem_i.ram0_i.tc_ram_i.sram\[22\]\[28\],16.85µm
i_core_v_mini_mcu.memory_subsystem_i.ram0_i.tc_ram_i.sram\[23\]\[31\],16.85µm
i_core_v_mini_mcu.memory_subsystem_i.ram0_i.tc_ram_i.sram\[26\]\[4\],16.85µm
i_core_v_mini_mcu.memory_subsystem_i.ram0_i.tc_ram_i.sram\[2\]\[20\],16.85µm
i_core_v_mini_mcu.memory_subsystem_i.ram0_i.tc_ram_i.sram\[6\]\[14\],16.85µm
_00048_,16.8µm
_00086_,16.8µm
_00267_,16.8µm
_00359_,16.8µm
_00881_,16.8µm
_01515_,16.8µm
_02782_,16.8µm
_02784_,16.8µm
_03357_,16.8µm
_03979_,16.8µm
_04778_,16.8µm
_04873_,16.8µm
_05002_,16.8µm
_05092_,16.8µm
_05222_,16.8µm
_05312_,16.8µm
_05459_,16.8µm
_05481_,16.8µm
_05490_,16.8µm
_05690_,16.8µm
_06213_,16.8µm
_06624_,16.8µm
_06743_,16.8µm
_07328_,16.8µm
_07463_,16.8µm
_07503_,16.8µm
_08169_,16.8µm
_08566_,16.8µm
_08827_,16.8µm
_09457_,16.8µm
_09573_,16.8µm
_09582_,16.8µm
_09606_,16.8µm
_09940_,16.8µm
_10000_,16.8µm
_10199_,16.8µm
_10479_,16.8µm
_10667_,16.8µm
_11195_,16.8µm
_11567_,16.8µm
_11619_,16.8µm
_11750_,16.8µm
_11763_,16.8µm
_11822_,16.8µm
_11873_,16.8µm
_11909_,16.8µm
_12604_,16.8µm
_12719_,16.8µm
_12974_,16.8µm
_13069_,16.8µm
_13160_,16.8µm
_13241_,16.8µm
_13447_,16.8µm
_14053_,16.8µm
_14130_,16.8µm
_14544_,16.8µm
_15000_,16.8µm
_15042_,16.8µm
_15302_,16.8µm
_15370_,16.8µm
_15451_,16.8µm
_15679_,16.8µm
_15701_,16.8µm
_15725_,16.8µm
_15910_,16.8µm
_16311_,16.8µm
_16646_,16.8µm
_17064_,16.8µm
_17364_,16.8µm
_17773_,16.8µm
_18006_,16.8µm
_18053_,16.8µm
_18319_,16.8µm
_18734_,16.8µm
_19602_,16.8µm
_19803_,16.8µm
_20169_,16.8µm
_20350_,16.8µm
_20812_,16.8µm
_21348_,16.8µm
_21527_,16.8µm
_22350_,16.8µm
_22488_,16.8µm
_23131_,16.8µm
_23229_,16.8µm
_23275_,16.8µm
_23306_,16.8µm
_23574_,16.8µm
_23617_,16.8µm
_23671_,16.8µm
_23708_,16.8µm
_24014_,16.8µm
_24017_,16.8µm
_24042_,16.8µm
_24275_,16.8µm
_24303_,16.8µm
_24354_,16.8µm
_24470_,16.8µm
_24865_,16.8µm
_25140_,16.8µm
_25353_,16.8µm
_25537_,16.8µm
_25582_,16.8µm
_25948_,16.8µm
_26060_,16.8µm
_26314_,16.8µm
_26404_,16.8µm
_26594_,16.8µm
_26713_,16.8µm
_26799_,16.8µm
_26801_,16.8µm
_26882_,16.8µm
_26910_,16.8µm
_26942_,16.8µm
_27241_,16.8µm
_27473_,16.8µm
_27774_,16.8µm
_27787_,16.8µm
i_core_v_mini_mcu.ao_peripheral_subsystem_i.obi_fifo_i.consumer_data_req_q\[10\],16.8µm
i_core_v_mini_mcu.ao_peripheral_subsystem_i.peripheral_subsystem_pwr_ctrl_i,16.8µm
i_core_v_mini_mcu.ao_peripheral_subsystem_i.power_manager_i.power_manager_reg_top_i.intr_state_qs\[30\],16.8µm
i_core_v_mini_mcu.ao_peripheral_subsystem_i.power_manager_i.power_manager_reg_top_i.intr_state_qs\[7\],16.8µm
i_core_v_mini_mcu.ao_peripheral_subsystem_i.power_manager_i.power_manager_reg_top_i.u_intr_state.wr_data\[10\],16.8µm
i_core_v_mini_mcu.ao_peripheral_subsystem_i.power_manager_i.reg_to_counter_cpu_powergate_switch_on_i.counter_curr_state\[0\],16.8µm
i_core_v_mini_mcu.cpu_subsystem_i.cpu_0_0.i_servile.rf_ram_if.rdata0\[1\],16.8µm
i_core_v_mini_mcu.cpu_subsystem_i.cpu_0_0.rf_ram_i.memory\[20\]\[0\],16.8µm
i_core_v_mini_mcu.cpu_subsystem_i.cpu_0_0.rf_ram_i.memory\[298\]\[0\],16.8µm
i_core_v_mini_mcu.cpu_subsystem_i.cpu_0_0.rf_ram_i.memory\[308\]\[0\],16.8µm
i_core_v_mini_mcu.cpu_subsystem_i.cpu_0_0.rf_ram_i.memory\[325\]\[1\],16.8µm
i_core_v_mini_mcu.cpu_subsystem_i.cpu_0_0.rf_ram_i.memory\[340\]\[0\],16.8µm
i_core_v_mini_mcu.cpu_subsystem_i.cpu_0_0.rf_ram_i.memory\[377\]\[0\],16.8µm
i_core_v_mini_mcu.cpu_subsystem_i.cpu_0_0.rf_ram_i.memory\[441\]\[1\],16.8µm
i_core_v_mini_mcu.cpu_subsystem_i.cpu_0_0.rf_ram_i.memory\[454\]\[1\],16.8µm
i_core_v_mini_mcu.cpu_subsystem_i.cpu_0_0.rf_ram_i.memory\[508\]\[1\],16.8µm
i_core_v_mini_mcu.cpu_subsystem_i.cpu_0_0.rf_ram_i.memory\[550\]\[0\],16.8µm
i_core_v_mini_mcu.cpu_subsystem_i.cpu_1_0.i_servile.cpu.alu.i_cmp_eq,16.8µm
i_core_v_mini_mcu.cpu_subsystem_i.cpu_1_0.i_servile.cpu.decode.o_immdec_en\[0\],16.8µm
i_core_v_mini_mcu.memory_subsystem_i.ram0_i.tc_ram_i.sram\[12\]\[2\],16.8µm
i_core_v_mini_mcu.peripheral_subsystem_i.obi_fifo_i.consumer_data_req_q\[29\],16.8µm
i_core_v_mini_mcu.peripheral_subsystem_i.uart_i.uart_core.uart_tx.baud_div_q\[1\],16.8µm
i_core_v_mini_mcu.ao_peripheral_subsystem_i.power_manager_i.power_manager_reg_top_i.en_wait_for_intr_qs\[24\],16.67µm
_06352_,16.62µm
i_core_v_mini_mcu.ao_peripheral_subsystem_i.tdu_i.cpi_est_q\[0\],16.57µm
i_core_v_mini_mcu.cpu_subsystem_i.cpu_1_0.rf_ram_i.memory\[164\]\[1\],16.57µm
i_core_v_mini_mcu.cpu_subsystem_i.cpu_1_0.rf_ram_i.memory\[218\]\[1\],16.57µm
i_core_v_mini_mcu.cpu_subsystem_i.cpu_1_0.rf_ram_i.memory\[499\]\[0\],16.57µm
i_core_v_mini_mcu.peripheral_subsystem_i.obi_fifo_i.consumer_data_req_q\[1\],16.57µm
i_core_v_mini_mcu.cpu_subsystem_i.cpu_0_0.rf_ram_i.memory\[59\]\[1\],16.52µm
i_core_v_mini_mcu.cpu_subsystem_i.cpu_0_0.rf_ram_i.memory\[76\]\[1\],16.52µm
i_core_v_mini_mcu.cpu_subsystem_i.cpu_1_0.rf_ram_i.memory\[154\]\[1\],16.52µm
i_core_v_mini_mcu.peripheral_subsystem_i.uart_i.uart_core.u_uart_txfifo.gen_normal_fifo.storage\[30\],16.52µm
_06263_,16.49µm
_17950_,16.49µm
i_core_v_mini_mcu.cpu_subsystem_i.cpu_0_0.rf_ram_i.memory\[89\]\[1\],16.47µm
i_core_v_mini_mcu.cpu_subsystem_i.cpu_1_0.i_servile.arbiter.i_wb_cpu_dbus_adr\[27\],16.44µm
i_core_v_mini_mcu.cpu_subsystem_i.cpu_1_0.i_servile.cpu.immdec.gen_immdec_w_eq_1.imm11_7\[4\],16.44µm
i_core_v_mini_mcu.cpu_subsystem_i.cpu_1_0.rf_ram_i.memory\[337\]\[0\],16.44µm
_05442_,16.39µm
_06553_,16.39µm
_09182_,16.39µm
_22562_,16.39µm
_23393_,16.39µm
_23732_,16.39µm
i_core_v_mini_mcu.cpu_subsystem_i.cpu_0_0.rf_ram_i.memory\[106\]\[1\],16.39µm
i_core_v_mini_mcu.cpu_subsystem_i.cpu_0_0.rf_ram_i.memory\[566\]\[0\],16.39µm
i_core_v_mini_mcu.cpu_subsystem_i.cpu_1_0.rf_ram_i.memory\[223\]\[1\],16.39µm
i_core_v_mini_mcu.memory_subsystem_i.ram0_i.tc_ram_i.sram\[0\]\[15\],16.39µm
_00356_,16.34µm
_00361_,16.34µm
_00479_,16.34µm
_00491_,16.34µm
_01705_,16.34µm
_05411_,16.34µm
_05480_,16.34µm
_05662_,16.34µm
_07189_,16.34µm
_08804_,16.34µm
_09151_,16.34µm
_09605_,16.34µm
_09715_,16.34µm
_10153_,16.34µm
_10191_,16.34µm
_10222_,16.34µm
_10375_,16.34µm
_13155_,16.34µm
_15244_,16.34µm
_17577_,16.34µm
_17763_,16.34µm
_20558_,16.34µm
_21343_,16.34µm
_22305_,16.34µm
_22616_,16.34µm
_23518_,16.34µm
_23584_,16.34µm
_23932_,16.34µm
_24108_,16.34µm
_26950_,16.34µm
_26965_,16.34µm
i_core_v_mini_mcu.ao_peripheral_subsystem_i.tdu_i.active_hart_cycles_q\[26\],16.34µm
i_core_v_mini_mcu.cpu_subsystem_i.cpu_0_0.i_servile.cpu.alu.cmp_r,16.34µm
i_core_v_mini_mcu.cpu_subsystem_i.cpu_0_0.rf_ram_i.memory\[161\]\[1\],16.34µm
i_core_v_mini_mcu.cpu_subsystem_i.cpu_0_0.rf_ram_i.memory\[174\]\[0\],16.34µm
i_core_v_mini_mcu.cpu_subsystem_i.cpu_0_0.rf_ram_i.memory\[187\]\[0\],16.34µm
i_core_v_mini_mcu.cpu_subsystem_i.cpu_0_0.rf_ram_i.memory\[306\]\[0\],16.34µm
i_core_v_mini_mcu.cpu_subsystem_i.cpu_0_0.rf_ram_i.memory\[312\]\[0\],16.34µm
i_core_v_mini_mcu.cpu_subsystem_i.cpu_0_0.rf_ram_i.memory\[330\]\[1\],16.34µm
i_core_v_mini_mcu.cpu_subsystem_i.cpu_0_0.rf_ram_i.memory\[381\]\[0\],16.34µm
i_core_v_mini_mcu.cpu_subsystem_i.cpu_0_0.rf_ram_i.memory\[384\]\[0\],16.34µm
i_core_v_mini_mcu.cpu_subsystem_i.cpu_0_0.rf_ram_i.memory\[384\]\[1\],16.34µm
i_core_v_mini_mcu.cpu_subsystem_i.cpu_0_0.rf_ram_i.memory\[416\]\[1\],16.34µm
i_core_v_mini_mcu.cpu_subsystem_i.cpu_0_0.rf_ram_i.memory\[476\]\[0\],16.34µm
i_core_v_mini_mcu.cpu_subsystem_i.cpu_0_0.rf_ram_i.memory\[80\]\[0\],16.34µm
i_core_v_mini_mcu.cpu_subsystem_i.cpu_0_0.rf_ram_i.memory\[95\]\[1\],16.34µm
i_core_v_mini_mcu.cpu_subsystem_i.cpu_1_0.rf_ram_i.memory\[107\]\[1\],16.34µm
i_core_v_mini_mcu.cpu_subsystem_i.cpu_1_0.rf_ram_i.memory\[10\]\[0\],16.34µm
i_core_v_mini_mcu.cpu_subsystem_i.cpu_1_0.rf_ram_i.memory\[1\]\[0\],16.34µm
i_core_v_mini_mcu.cpu_subsystem_i.cpu_1_0.rf_ram_i.memory\[204\]\[0\],16.34µm
i_core_v_mini_mcu.cpu_subsystem_i.cpu_1_0.rf_ram_i.memory\[258\]\[1\],16.34µm
i_core_v_mini_mcu.cpu_subsystem_i.cpu_1_0.rf_ram_i.memory\[312\]\[0\],16.34µm
i_core_v_mini_mcu.cpu_subsystem_i.cpu_1_0.rf_ram_i.memory\[329\]\[1\],16.34µm
i_core_v_mini_mcu.cpu_subsystem_i.cpu_1_0.rf_ram_i.memory\[392\]\[1\],16.34µm
i_core_v_mini_mcu.cpu_subsystem_i.cpu_1_0.rf_ram_i.memory\[9\]\[1\],16.34µm
i_core_v_mini_mcu.memory_subsystem_i.ram0_i.tc_ram_i.sram\[1\]\[25\],16.34µm
i_core_v_mini_mcu.memory_subsystem_i.ram0_i.tc_ram_i.sram\[27\]\[12\],16.34µm
i_core_v_mini_mcu.memory_subsystem_i.ram0_i.tc_ram_i.sram\[6\]\[24\],16.34µm
i_core_v_mini_mcu.memory_subsystem_i.ram0_i.tc_ram_i.sram\[7\]\[25\],16.34µm
i_core_v_mini_mcu.memory_subsystem_i.ram0_i.tc_ram_i.sram\[8\]\[18\],16.34µm
_00119_,16.29µm
_00261_,16.29µm
_00555_,16.29µm
_00871_,16.29µm
_00896_,16.29µm
_01460_,16.29µm
_01804_,16.29µm
_01947_,16.29µm
_02007_,16.29µm
_02277_,16.29µm
_02638_,16.29µm
_02810_,16.29µm
_04283_,16.29µm
_04291_,16.29µm
_04835_,16.29µm
_04847_,16.29µm
_04912_,16.29µm
_05150_,16.29µm
_05260_,16.29µm
_05451_,16.29µm
_05981_,16.29µm
_06061_,16.29µm
_08178_,16.29µm
_08272_,16.29µm
_09133_,16.29µm
_09376_,16.29µm
_09653_,16.29µm
_09725_,16.29µm
_10901_,16.29µm
_11175_,16.29µm
_11496_,16.29µm
_11512_,16.29µm
_11597_,16.29µm
_11801_,16.29µm
_11941_,16.29µm
_12271_,16.29µm
_12274_,16.29µm
_13137_,16.29µm
_13308_,16.29µm
_13611_,16.29µm
_14097_,16.29µm
_14311_,16.29µm
_14328_,16.29µm
_14658_,16.29µm
_14701_,16.29µm
_15337_,16.29µm
_15781_,16.29µm
_16182_,16.29µm
_16315_,16.29µm
_16557_,16.29µm
_16819_,16.29µm
_16891_,16.29µm
_17307_,16.29µm
_17631_,16.29µm
_17692_,16.29µm
_17761_,16.29µm
_17929_,16.29µm
_17970_,16.29µm
_18100_,16.29µm
_18984_,16.29µm
_19003_,16.29µm
_19007_,16.29µm
_19091_,16.29µm
_19223_,16.29µm
_19332_,16.29µm
_19537_,16.29µm
_19733_,16.29µm
_19892_,16.29µm
_20233_,16.29µm
_20362_,16.29µm
_20417_,16.29µm
_20853_,16.29µm
_20920_,16.29µm
_21087_,16.29µm
_21587_,16.29µm
_21816_,16.29µm
_21839_,16.29µm
_21973_,16.29µm
_22135_,16.29µm
_22679_,16.29µm
_23003_,16.29µm
_23020_,16.29µm
_23127_,16.29µm
_23133_,16.29µm
_23153_,16.29µm
_23251_,16.29µm
_23443_,16.29µm
_23718_,16.29µm
_23945_,16.29µm
_24612_,16.29µm
_24864_,16.29µm
_24886_,16.29µm
_24900_,16.29µm
_24938_,16.29µm
_25266_,16.29µm
_25314_,16.29µm
_25517_,16.29µm
_25607_,16.29µm
_25884_,16.29µm
_25890_,16.29µm
_26267_,16.29µm
_26301_,16.29µm
_26358_,16.29µm
_26527_,16.29µm
_26547_,16.29µm
_26586_,16.29µm
_26640_,16.29µm
_26935_,16.29µm
_27058_,16.29µm
_27124_,16.29µm
_27143_,16.29µm
_27148_,16.29µm
_27333_,16.29µm
_27522_,16.29µm
_27555_,16.29µm
_27745_,16.29µm
_27832_,16.29µm
exit_value_int\[8\],16.29µm
i_core_v_mini_mcu.ao_peripheral_subsystem_i.obi_fifo_i.consumer_data_req_q\[34\],16.29µm
i_core_v_mini_mcu.ao_peripheral_subsystem_i.obi_fifo_i.consumer_data_req_q\[65\],16.29µm
i_core_v_mini_mcu.ao_peripheral_subsystem_i.power_manager_i.peripheral_subsystem_powergate_switch_ack_sync,16.29µm
i_core_v_mini_mcu.ao_peripheral_subsystem_i.power_manager_i.power_manager_reg_top_i.monitor_power_gate_ram_block_0_qs\[1\],16.29µm
i_core_v_mini_mcu.ao_peripheral_subsystem_i.soc_ctrl_i.soc_ctrl_reg_top_i.system_frequency_hz_qs\[17\],16.29µm
i_core_v_mini_mcu.cpu_subsystem_i.cpu_0_0.i_servile.arbiter.i_wb_cpu_dbus_adr\[20\],16.29µm
i_core_v_mini_mcu.cpu_subsystem_i.cpu_0_0.rf_ram_i.memory\[18\]\[0\],16.29µm
i_core_v_mini_mcu.cpu_subsystem_i.cpu_0_0.rf_ram_i.memory\[222\]\[0\],16.29µm
i_core_v_mini_mcu.cpu_subsystem_i.cpu_0_0.rf_ram_i.memory\[225\]\[1\],16.29µm
i_core_v_mini_mcu.cpu_subsystem_i.cpu_0_0.rf_ram_i.memory\[23\]\[1\],16.29µm
i_core_v_mini_mcu.cpu_subsystem_i.cpu_0_0.rf_ram_i.memory\[271\]\[1\],16.29µm
i_core_v_mini_mcu.cpu_subsystem_i.cpu_0_0.rf_ram_i.memory\[362\]\[1\],16.29µm
i_core_v_mini_mcu.cpu_subsystem_i.cpu_0_0.rf_ram_i.memory\[426\]\[1\],16.29µm
i_core_v_mini_mcu.cpu_subsystem_i.cpu_0_0.rf_ram_i.memory\[434\]\[1\],16.29µm
i_core_v_mini_mcu.cpu_subsystem_i.cpu_0_0.rf_ram_i.memory\[441\]\[0\],16.29µm
i_core_v_mini_mcu.cpu_subsystem_i.cpu_0_0.rf_ram_i.memory\[57\]\[0\],16.29µm
i_core_v_mini_mcu.cpu_subsystem_i.cpu_0_0.rf_ram_i.memory\[85\]\[0\],16.29µm
i_core_v_mini_mcu.cpu_subsystem_i.cpu_0_0.rf_ram_i.memory\[96\]\[1\],16.29µm
i_core_v_mini_mcu.cpu_subsystem_i.cpu_1_0.i_servile.cpu.decode.o_mem_word,16.29µm
i_core_v_mini_mcu.cpu_subsystem_i.cpu_1_0.i_servile.cpu.immdec.gen_immdec_w_eq_1.imm19_12_20\[3\],16.29µm
i_core_v_mini_mcu.cpu_subsystem_i.cpu_1_0.i_servile.cpu.immdec.gen_immdec_w_eq_1.imm19_12_20\[7\],16.29µm
i_core_v_mini_mcu.cpu_subsystem_i.cpu_1_0.rf_ram_i.memory\[166\]\[0\],16.29µm
i_core_v_mini_mcu.cpu_subsystem_i.cpu_1_0.rf_ram_i.memory\[335\]\[1\],16.29µm
i_core_v_mini_mcu.cpu_subsystem_i.cpu_1_0.rf_ram_i.memory\[38\]\[1\],16.29µm
i_core_v_mini_mcu.cpu_subsystem_i.cpu_1_0.rf_ram_i.memory\[394\]\[0\],16.29µm
i_core_v_mini_mcu.cpu_subsystem_i.cpu_1_0.rf_ram_i.memory\[399\]\[1\],16.29µm
i_core_v_mini_mcu.cpu_subsystem_i.cpu_1_0.rf_ram_i.memory\[403\]\[1\],16.29µm
i_core_v_mini_mcu.cpu_subsystem_i.cpu_1_0.rf_ram_i.memory\[423\]\[1\],16.29µm
i_core_v_mini_mcu.cpu_subsystem_i.cpu_1_0.rf_ram_i.memory\[424\]\[0\],16.29µm
i_core_v_mini_mcu.cpu_subsystem_i.cpu_1_0.rf_ram_i.memory\[52\]\[0\],16.29µm
i_core_v_mini_mcu.cpu_subsystem_i.cpu_1_0.rf_ram_i.memory\[64\]\[1\],16.29µm
i_core_v_mini_mcu.memory_subsystem_i.ram0_i.tc_ram_i.sram\[16\]\[25\],16.29µm
i_core_v_mini_mcu.memory_subsystem_i.ram0_i.tc_ram_i.sram\[18\]\[18\],16.29µm
i_core_v_mini_mcu.memory_subsystem_i.ram0_i.tc_ram_i.sram\[21\]\[5\],16.29µm
i_core_v_mini_mcu.memory_subsystem_i.ram0_i.tc_ram_i.sram\[22\]\[22\],16.29µm
i_core_v_mini_mcu.memory_subsystem_i.ram0_i.tc_ram_i.sram\[26\]\[24\],16.29µm
i_core_v_mini_mcu.peripheral_subsystem_i.uart_i.hw2reg\[9\],16.29µm
i_core_v_mini_mcu.peripheral_subsystem_i.uart_i.uart_core.tx_watermark_prev_q,16.29µm
i_core_v_mini_mcu.peripheral_subsystem_i.uart_i.uart_core.u_uart_rxfifo.gen_normal_fifo.storage\[0\],16.29µm
i_core_v_mini_mcu.peripheral_subsystem_i.uart_i.uart_core.uart_rx.baud_div_q\[2\],16.29µm
_00056_,16.24µm
_00444_,16.24µm
_00569_,16.24µm
_00977_,16.24µm
_01222_,16.24µm
_01923_,16.24µm
_02410_,16.24µm
_02589_,16.24µm
_02750_,16.24µm
_03662_,16.24µm
_04001_,16.24µm
_04024_,16.24µm
_04066_,16.24µm
_04788_,16.24µm
_04963_,16.24µm
_05099_,16.24µm
_05792_,16.24µm
_06237_,16.24µm
_06835_,16.24µm
_07931_,16.24µm
_08013_,16.24µm
_08045_,16.24µm
_08278_,16.24µm
_08352_,16.24µm
_08516_,16.24µm
_08888_,16.24µm
_09454_,16.24µm
_09590_,16.24µm
_10156_,16.24µm
_10892_,16.24µm
_11148_,16.24µm
_11402_,16.24µm
_11586_,16.24µm
_11595_,16.24µm
_11799_,16.24µm
_11870_,16.24µm
_11898_,16.24µm
_11916_,16.24µm
_12009_,16.24µm
_12045_,16.24µm
_12083_,16.24µm
_12088_,16.24µm
_12115_,16.24µm
_12426_,16.24µm
_12555_,16.24µm
_12595_,16.24µm
_12653_,16.24µm
_12658_,16.24µm
_12753_,16.24µm
_12765_,16.24µm
_12874_,16.24µm
_13089_,16.24µm
_13287_,16.24µm
_13405_,16.24µm
_13477_,16.24µm
_13525_,16.24µm
_13534_,16.24µm
_13668_,16.24µm
_13684_,16.24µm
_13882_,16.24µm
_14636_,16.24µm
_15204_,16.24µm
_15222_,16.24µm
_15360_,16.24µm
_15477_,16.24µm
_15555_,16.24µm
_15721_,16.24µm
_15841_,16.24µm
_16888_,16.24µm
_16970_,16.24µm
_17122_,16.24µm
_17188_,16.24µm
_17280_,16.24µm
_17314_,16.24µm
_17448_,16.24µm
_17547_,16.24µm
_18554_,16.24µm
_18598_,16.24µm
_19184_,16.24µm
_19620_,16.24µm
_19657_,16.24µm
_19802_,16.24µm
_19928_,16.24µm
_20063_,16.24µm
_20491_,16.24µm
_20604_,16.24µm
_21307_,16.24µm
_21781_,16.24µm
_21837_,16.24µm
_21929_,16.24µm
_21949_,16.24µm
_22106_,16.24µm
_22294_,16.24µm
_22935_,16.24µm
_22946_,16.24µm
_22997_,16.24µm
_23396_,16.24µm
_23505_,16.24µm
_23603_,16.24µm
_23767_,16.24µm
_23781_,16.24µm
_24045_,16.24µm
_24265_,16.24µm
_24604_,16.24µm
_24653_,16.24µm
_24763_,16.24µm
_24806_,16.24µm
_24955_,16.24µm
_25272_,16.24µm
_25364_,16.24µm
_25432_,16.24µm
_25485_,16.24µm
_25836_,16.24µm
_25894_,16.24µm
_26291_,16.24µm
_26412_,16.24µm
_26503_,16.24µm
_26641_,16.24µm
_26760_,16.24µm
_27013_,16.24µm
_27057_,16.24µm
_27237_,16.24µm
_27277_,16.24µm
_27291_,16.24µm
_27326_,16.24µm
_27472_,16.24µm
_27693_,16.24µm
_27762_,16.24µm
_27806_,16.24µm
_27891_,16.24µm
_27980_,16.24µm
_27982_,16.24µm
i_core_v_mini_mcu.ao_peripheral_subsystem_i.power_manager_i.power_manager_reg_top_i.cpu_iso_on_counter_qs\[8\],16.24µm
i_core_v_mini_mcu.ao_peripheral_subsystem_i.power_manager_i.power_manager_reg_top_i.cpu_switch_on_counter_qs\[12\],16.24µm
i_core_v_mini_mcu.ao_peripheral_subsystem_i.power_manager_i.power_manager_reg_top_i.global_pointer_qs\[5\],16.24µm
i_core_v_mini_mcu.ao_peripheral_subsystem_i.power_manager_i.power_manager_reg_top_i.reg2hw\[223\],16.24µm
i_core_v_mini_mcu.ao_peripheral_subsystem_i.soc_ctrl_i.reg2hw\[13\],16.24µm
i_core_v_mini_mcu.ao_peripheral_subsystem_i.tdu_i.task_mem\[2\]\[18\],16.24µm
i_core_v_mini_mcu.cpu_subsystem_i.cpu_0_0.rf_ram_i.memory\[367\]\[0\],16.24µm
i_core_v_mini_mcu.cpu_subsystem_i.cpu_0_0.rf_ram_i.memory\[420\]\[1\],16.24µm
i_core_v_mini_mcu.cpu_subsystem_i.cpu_0_0.rf_ram_i.memory\[423\]\[1\],16.24µm
i_core_v_mini_mcu.cpu_subsystem_i.cpu_0_0.rf_ram_i.memory\[432\]\[1\],16.24µm
i_core_v_mini_mcu.cpu_subsystem_i.cpu_1_0.rf_ram_i.memory\[313\]\[1\],16.24µm
i_core_v_mini_mcu.cpu_subsystem_i.cpu_1_0.rf_ram_i.memory\[433\]\[0\],16.24µm
i_core_v_mini_mcu.memory_subsystem_i.ram0_i.tc_ram_i.sram\[12\]\[26\],16.24µm
i_core_v_mini_mcu.memory_subsystem_i.ram0_i.tc_ram_i.sram\[15\]\[16\],16.24µm
i_core_v_mini_mcu.memory_subsystem_i.ram0_i.tc_ram_i.sram\[6\]\[22\],16.24µm
i_core_v_mini_mcu.peripheral_subsystem_i.uart_i.uart_core.u_uart_rxfifo.gen_normal_fifo.storage\[17\],16.24µm
i_core_v_mini_mcu.peripheral_subsystem_i.uart_i.uart_core.u_uart_rxfifo.gen_normal_fifo.storage\[18\],16.24µm
_14679_,16.06µm
i_core_v_mini_mcu.cpu_subsystem_i.cpu_0_0.rf_ram_i.memory\[120\]\[1\],16.01µm
i_core_v_mini_mcu.cpu_subsystem_i.cpu_0_0.rf_ram_i.memory\[419\]\[0\],16.01µm
i_core_v_mini_mcu.cpu_subsystem_i.cpu_0_0.rf_ram_i.memory\[546\]\[0\],16.01µm
i_core_v_mini_mcu.cpu_subsystem_i.cpu_1_0.rf_ram_i.memory\[324\]\[1\],16.01µm
i_core_v_mini_mcu.memory_subsystem_i.ram0_i.tc_ram_i.sram\[7\]\[22\],16.01µm
_07373_,15.96µm
i_core_v_mini_mcu.ao_peripheral_subsystem_i.spi_subsystem_i.obi_spimemio_i.spimemio_i.rd_addr\[23\],15.96µm
i_core_v_mini_mcu.cpu_subsystem_i.cpu_1_0.rf_ram_i.memory\[248\]\[0\],15.96µm
i_core_v_mini_mcu.memory_subsystem_i.ram0_i.tc_ram_i.sram\[27\]\[22\],15.96µm
_04879_,15.83µm
_06755_,15.83µm
_08525_,15.83µm
_14968_,15.83µm
_15102_,15.83µm
_22219_,15.83µm
i_core_v_mini_mcu.cpu_subsystem_i.cpu_0_0.i_servile.cpu.bufreg.i_clr_lsb,15.83µm
i_core_v_mini_mcu.cpu_subsystem_i.cpu_0_0.rf_ram_i.memory\[304\]\[0\],15.83µm
i_core_v_mini_mcu.cpu_subsystem_i.cpu_0_0.rf_ram_i.memory\[427\]\[1\],15.83µm
i_core_v_mini_mcu.cpu_subsystem_i.cpu_0_0.rf_ram_i.memory\[54\]\[0\],15.83µm
i_core_v_mini_mcu.cpu_subsystem_i.cpu_0_0.rf_ram_i.memory\[82\]\[1\],15.83µm
i_core_v_mini_mcu.cpu_subsystem_i.cpu_1_0.i_servile.cpu.state.ibus_cyc,15.83µm
i_core_v_mini_mcu.cpu_subsystem_i.cpu_1_0.rf_ram_i.memory\[392\]\[0\],15.83µm
i_core_v_mini_mcu.cpu_subsystem_i.cpu_1_0.rf_ram_i.memory\[402\]\[1\],15.83µm
_00308_,15.78µm
_01787_,15.78µm
_02946_,15.78µm
_06181_,15.78µm
_06403_,15.78µm
_07002_,15.78µm
_08051_,15.78µm
_08609_,15.78µm
_08826_,15.78µm
_09537_,15.78µm
_09554_,15.78µm
_10044_,15.78µm
_10372_,15.78µm
_10474_,15.78µm
_11184_,15.78µm
_12114_,15.78µm
_12225_,15.78µm
_12713_,15.78µm
_12919_,15.78µm
_14729_,15.78µm
_19073_,15.78µm
_21675_,15.78µm
_22172_,15.78µm
_22400_,15.78µm
_23101_,15.78µm
_23240_,15.78µm
_23881_,15.78µm
_24067_,15.78µm
_25753_,15.78µm
_26203_,15.78µm
_27564_,15.78µm
i_core_v_mini_mcu.cpu_subsystem_i.cpu_0_0.rf_ram_i.memory\[134\]\[1\],15.78µm
i_core_v_mini_mcu.cpu_subsystem_i.cpu_0_0.rf_ram_i.memory\[148\]\[1\],15.78µm
i_core_v_mini_mcu.cpu_subsystem_i.cpu_0_0.rf_ram_i.memory\[251\]\[0\],15.78µm
i_core_v_mini_mcu.cpu_subsystem_i.cpu_0_0.rf_ram_i.memory\[303\]\[1\],15.78µm
i_core_v_mini_mcu.cpu_subsystem_i.cpu_0_0.rf_ram_i.memory\[307\]\[1\],15.78µm
i_core_v_mini_mcu.cpu_subsystem_i.cpu_0_0.rf_ram_i.memory\[329\]\[1\],15.78µm
i_core_v_mini_mcu.cpu_subsystem_i.cpu_0_0.rf_ram_i.memory\[446\]\[1\],15.78µm
i_core_v_mini_mcu.cpu_subsystem_i.cpu_0_0.rf_ram_i.memory\[466\]\[1\],15.78µm
i_core_v_mini_mcu.cpu_subsystem_i.cpu_0_0.rf_ram_i.memory\[505\]\[1\],15.78µm
i_core_v_mini_mcu.cpu_subsystem_i.cpu_0_0.rf_ram_i.memory\[533\]\[0\],15.78µm
i_core_v_mini_mcu.cpu_subsystem_i.cpu_0_0.rf_ram_i.memory\[70\]\[1\],15.78µm
i_core_v_mini_mcu.cpu_subsystem_i.cpu_1_0.i_servile.arbiter.i_wb_cpu_dbus_adr\[22\],15.78µm
i_core_v_mini_mcu.cpu_subsystem_i.cpu_1_0.i_servile.cpu.cond_branch,15.78µm
i_core_v_mini_mcu.cpu_subsystem_i.cpu_1_0.rf_ram_i.memory\[108\]\[1\],15.78µm
i_core_v_mini_mcu.cpu_subsystem_i.cpu_1_0.rf_ram_i.memory\[194\]\[0\],15.78µm
i_core_v_mini_mcu.cpu_subsystem_i.cpu_1_0.rf_ram_i.memory\[307\]\[0\],15.78µm
i_core_v_mini_mcu.cpu_subsystem_i.cpu_1_0.rf_ram_i.memory\[328\]\[0\],15.78µm
i_core_v_mini_mcu.cpu_subsystem_i.cpu_1_0.rf_ram_i.memory\[339\]\[0\],15.78µm
i_core_v_mini_mcu.cpu_subsystem_i.cpu_1_0.rf_ram_i.memory\[369\]\[1\],15.78µm
i_core_v_mini_mcu.cpu_subsystem_i.cpu_1_0.rf_ram_i.memory\[432\]\[1\],15.78µm
i_core_v_mini_mcu.cpu_subsystem_i.cpu_1_0.rf_ram_i.memory\[80\]\[1\],15.78µm
i_core_v_mini_mcu.memory_subsystem_i.ram0_i.tc_ram_i.sram\[11\]\[19\],15.78µm
i_core_v_mini_mcu.memory_subsystem_i.ram0_i.tc_ram_i.sram\[19\]\[12\],15.78µm
i_core_v_mini_mcu.memory_subsystem_i.ram0_i.tc_ram_i.sram\[1\]\[26\],15.78µm
i_core_v_mini_mcu.memory_subsystem_i.ram0_i.tc_ram_i.sram\[23\]\[30\],15.78µm
i_core_v_mini_mcu.memory_subsystem_i.ram0_i.tc_ram_i.sram\[23\]\[6\],15.78µm
i_core_v_mini_mcu.memory_subsystem_i.ram0_i.tc_ram_i.sram\[23\]\[9\],15.78µm
i_core_v_mini_mcu.memory_subsystem_i.ram0_i.tc_ram_i.sram\[24\]\[22\],15.78µm
i_core_v_mini_mcu.memory_subsystem_i.ram0_i.tc_ram_i.sram\[2\]\[0\],15.78µm
i_core_v_mini_mcu.memory_subsystem_i.ram0_i.tc_ram_i.sram\[4\]\[12\],15.78µm
_00018_,15.73µm
_00176_,15.73µm
_00391_,15.73µm
_00450_,15.73µm
_00539_,15.73µm
_00600_,15.73µm
_01645_,15.73µm
_01798_,15.73µm
_02103_,15.73µm
_02391_,15.73µm
_02444_,15.73µm
_02755_,15.73µm
_03673_,15.73µm
_04082_,15.73µm
_04352_,15.73µm
_04692_,15.73µm
_04763_,15.73µm
_04896_,15.73µm
_04932_,15.73µm
_05154_,15.73µm
_05211_,15.73µm
_05394_,15.73µm
_05844_,15.73µm
_05851_,15.73µm
_05992_,15.73µm
_06094_,15.73µm
_06126_,15.73µm
_06152_,15.73µm
_06675_,15.73µm
_06725_,15.73µm
_07144_,15.73µm
_07274_,15.73µm
_07381_,15.73µm
_07884_,15.73µm
_07889_,15.73µm
_08248_,15.73µm
_08383_,15.73µm
_08628_,15.73µm
_08722_,15.73µm
_09096_,15.73µm
_09232_,15.73µm
_09685_,15.73µm
_09729_,15.73µm
_09735_,15.73µm
_09862_,15.73µm
_09951_,15.73µm
_10182_,15.73µm
_10205_,15.73µm
_10445_,15.73µm
_10672_,15.73µm
_10827_,15.73µm
_10853_,15.73µm
_10874_,15.73µm
_10977_,15.73µm
_11234_,15.73µm
_11583_,15.73µm
_11703_,15.73µm
_11825_,15.73µm
_11953_,15.73µm
_12104_,15.73µm
_12107_,15.73µm
_12452_,15.73µm
_12756_,15.73µm
_12829_,15.73µm
_12889_,15.73µm
_13018_,15.73µm
_13082_,15.73µm
_13200_,15.73µm
_13441_,15.73µm
_13460_,15.73µm
_13608_,15.73µm
_13758_,15.73µm
_14376_,15.73µm
_14502_,15.73µm
_14661_,15.73µm
_15198_,15.73µm
_15334_,15.73µm
_15560_,15.73µm
_15597_,15.73µm
_16035_,15.73µm
_16528_,15.73µm
_16932_,15.73µm
_17205_,15.73µm
_17276_,15.73µm
_17304_,15.73µm
_17382_,15.73µm
_17492_,15.73µm
_17798_,15.73µm
_18008_,15.73µm
_18478_,15.73µm
_18566_,15.73µm
_18963_,15.73µm
_19254_,15.73µm
_19437_,15.73µm
_19445_,15.73µm
_19452_,15.73µm
_19493_,15.73µm
_19689_,15.73µm
_19730_,15.73µm
_19816_,15.73µm
_19855_,15.73µm
_19888_,15.73µm
_19949_,15.73µm
_20055_,15.73µm
_20191_,15.73µm
_20238_,15.73µm
_20381_,15.73µm
_20889_,15.73µm
_21099_,15.73µm
_21706_,15.73µm
_21774_,15.73µm
_22621_,15.73µm
_23742_,15.73µm
_23752_,15.73µm
_23827_,15.73µm
_23858_,15.73µm
_23908_,15.73µm
_24468_,15.73µm
_24530_,15.73µm
_24590_,15.73µm
_24717_,15.73µm
_25152_,15.73µm
_25160_,15.73µm
_25357_,15.73µm
_25524_,15.73µm
_25854_,15.73µm
_25867_,15.73µm
_26137_,15.73µm
_26233_,15.73µm
_26466_,15.73µm
_26489_,15.73µm
_26863_,15.73µm
_27226_,15.73µm
_27903_,15.73µm
_28121_,15.73µm
i_core_v_mini_mcu.ao_peripheral_subsystem_i.obi_fifo_i.consumer_data_req\[63\],15.73µm
i_core_v_mini_mcu.ao_peripheral_subsystem_i.obi_fifo_i.consumer_data_req_q\[46\],15.73µm
i_core_v_mini_mcu.ao_peripheral_subsystem_i.obi_fifo_i.consumer_resp_i\[30\],15.73µm
i_core_v_mini_mcu.ao_peripheral_subsystem_i.spi_subsystem_i.obi_spimemio_i.spimemio_i.buffer\[4\],15.73µm
i_core_v_mini_mcu.ao_peripheral_subsystem_i.tdu_i.cpi_est_q\[37\],15.73µm
i_core_v_mini_mcu.cpu_subsystem_i.cpu_0_0.i_servile.arbiter.i_wb_cpu_dbus_adr\[21\],15.73µm
i_core_v_mini_mcu.cpu_subsystem_i.cpu_0_0.rf_ram_i.memory\[186\]\[1\],15.73µm
i_core_v_mini_mcu.cpu_subsystem_i.cpu_0_0.rf_ram_i.memory\[217\]\[1\],15.73µm
i_core_v_mini_mcu.cpu_subsystem_i.cpu_0_0.rf_ram_i.memory\[230\]\[1\],15.73µm
i_core_v_mini_mcu.cpu_subsystem_i.cpu_0_0.rf_ram_i.memory\[234\]\[0\],15.73µm
i_core_v_mini_mcu.cpu_subsystem_i.cpu_0_0.rf_ram_i.memory\[254\]\[0\],15.73µm
i_core_v_mini_mcu.cpu_subsystem_i.cpu_0_0.rf_ram_i.memory\[265\]\[0\],15.73µm
i_core_v_mini_mcu.cpu_subsystem_i.cpu_0_0.rf_ram_i.memory\[323\]\[1\],15.73µm
i_core_v_mini_mcu.cpu_subsystem_i.cpu_0_0.rf_ram_i.memory\[363\]\[0\],15.73µm
i_core_v_mini_mcu.cpu_subsystem_i.cpu_0_0.rf_ram_i.memory\[380\]\[0\],15.73µm
i_core_v_mini_mcu.cpu_subsystem_i.cpu_0_0.rf_ram_i.memory\[423\]\[0\],15.73µm
i_core_v_mini_mcu.cpu_subsystem_i.cpu_0_0.rf_ram_i.memory\[42\]\[1\],15.73µm
i_core_v_mini_mcu.cpu_subsystem_i.cpu_0_0.rf_ram_i.memory\[515\]\[0\],15.73µm
i_core_v_mini_mcu.cpu_subsystem_i.cpu_0_0.rf_ram_i.memory\[53\]\[1\],15.73µm
i_core_v_mini_mcu.cpu_subsystem_i.cpu_1_0.rf_ram_i.memory\[22\]\[0\],15.73µm
i_core_v_mini_mcu.cpu_subsystem_i.cpu_1_0.rf_ram_i.memory\[254\]\[1\],15.73µm
i_core_v_mini_mcu.cpu_subsystem_i.cpu_1_0.rf_ram_i.memory\[46\]\[0\],15.73µm
i_core_v_mini_mcu.cpu_subsystem_i.cpu_1_0.rf_ram_i.memory\[90\]\[1\],15.73µm
i_core_v_mini_mcu.cpu_subsystem_i.cpu_1_0.rf_ram_i.memory\[92\]\[0\],15.73µm
i_core_v_mini_mcu.memory_subsystem_i.ram0_i.tc_ram_i.sram\[11\]\[20\],15.73µm
i_core_v_mini_mcu.memory_subsystem_i.ram0_i.tc_ram_i.sram\[11\]\[4\],15.73µm
i_core_v_mini_mcu.memory_subsystem_i.ram0_i.tc_ram_i.sram\[13\]\[12\],15.73µm
i_core_v_mini_mcu.memory_subsystem_i.ram0_i.tc_ram_i.sram\[14\]\[6\],15.73µm
i_core_v_mini_mcu.memory_subsystem_i.ram0_i.tc_ram_i.sram\[18\]\[0\],15.73µm
i_core_v_mini_mcu.memory_subsystem_i.ram0_i.tc_ram_i.sram\[20\]\[5\],15.73µm
i_core_v_mini_mcu.memory_subsystem_i.ram0_i.tc_ram_i.sram\[22\]\[23\],15.73µm
i_core_v_mini_mcu.memory_subsystem_i.ram0_i.tc_ram_i.sram\[22\]\[4\],15.73µm
i_core_v_mini_mcu.memory_subsystem_i.ram0_i.tc_ram_i.sram\[23\]\[23\],15.73µm
i_core_v_mini_mcu.peripheral_subsystem_i.obi_fifo_i.consumer_data_req_q\[28\],15.73µm
i_core_v_mini_mcu.peripheral_subsystem_i.uart_i.uart_core.rx_timeout_count_q\[6\],15.73µm
net1125,15.73µm
_00404_,15.68µm
_00571_,15.68µm
_01924_,15.68µm
_02040_,15.68µm
_02234_,15.68µm
_02704_,15.68µm
_02903_,15.68µm
_03121_,15.68µm
_03208_,15.68µm
_03811_,15.68µm
_04538_,15.68µm
_04599_,15.68µm
_04973_,15.68µm
_05178_,15.68µm
_05457_,15.68µm
_05692_,15.68µm
_05838_,15.68µm
_06565_,15.68µm
_07074_,15.68µm
_07251_,15.68µm
_07523_,15.68µm
_07610_,15.68µm
_07647_,15.68µm
_07671_,15.68µm
_08208_,15.68µm
_08231_,15.68µm
_08350_,15.68µm
_08390_,15.68µm
_09087_,15.68µm
_09525_,15.68µm
_09553_,15.68µm
_09806_,15.68µm
_09824_,15.68µm
_10186_,15.68µm
_10287_,15.68µm
_10506_,15.68µm
_10602_,15.68µm
_10726_,15.68µm
_10886_,15.68µm
_11288_,15.68µm
_11356_,15.68µm
_11377_,15.68µm
_11422_,15.68µm
_11493_,15.68µm
_11544_,15.68µm
_11609_,15.68µm
_11724_,15.68µm
_11751_,15.68µm
_11964_,15.68µm
_12196_,15.68µm
_12272_,15.68µm
_12282_,15.68µm
_12419_,15.68µm
_12821_,15.68µm
_12865_,15.68µm
_12888_,15.68µm
_12933_,15.68µm
_13239_,15.68µm
_13316_,15.68µm
_13401_,15.68µm
_13474_,15.68µm
_13746_,15.68µm
_13934_,15.68µm
_13947_,15.68µm
_14143_,15.68µm
_14512_,15.68µm
_14597_,15.68µm
_14690_,15.68µm
_14800_,15.68µm
_15393_,15.68µm
_15591_,15.68µm
_15647_,15.68µm
_15775_,15.68µm
_16113_,15.68µm
_16192_,15.68µm
_16823_,15.68µm
_17041_,15.68µm
_17441_,15.68µm
_17484_,15.68µm
_17514_,15.68µm
_17624_,15.68µm
_17690_,15.68µm
_17836_,15.68µm
_18093_,15.68µm
_18181_,15.68µm
_18431_,15.68µm
_18787_,15.68µm
_18855_,15.68µm
_19048_,15.68µm
_19066_,15.68µm
_19128_,15.68µm
_19231_,15.68µm
_19284_,15.68µm
_19447_,15.68µm
_19631_,15.68µm
_19668_,15.68µm
_19979_,15.68µm
_20018_,15.68µm
_20634_,15.68µm
_21325_,15.68µm
_21349_,15.68µm
_21431_,15.68µm
_21695_,15.68µm
_22184_,15.68µm
_23166_,15.68µm
_23425_,15.68µm
_23719_,15.68µm
_24188_,15.68µm
_24472_,15.68µm
_24502_,15.68µm
_24705_,15.68µm
_25012_,15.68µm
_25046_,15.68µm
_25051_,15.68µm
_25054_,15.68µm
_25183_,15.68µm
_25203_,15.68µm
_25362_,15.68µm
_25455_,15.68µm
_25544_,15.68µm
_25618_,15.68µm
_25656_,15.68µm
_25760_,15.68µm
_25774_,15.68µm
_25873_,15.68µm
_26088_,15.68µm
_26153_,15.68µm
_26169_,15.68µm
_26234_,15.68µm
_26490_,15.68µm
_26499_,15.68µm
_26702_,15.68µm
_26778_,15.68µm
_26828_,15.68µm
_26918_,15.68µm
_27158_,15.68µm
_27456_,15.68µm
_27463_,15.68µm
_27831_,15.68µm
_28050_,15.68µm
i_core_v_mini_mcu.cpu_subsystem_i.cpu_0_0.mem_outstanding_q,15.68µm
i_core_v_mini_mcu.cpu_subsystem_i.cpu_0_0.rf_ram_i.memory\[256\]\[0\],15.68µm
i_core_v_mini_mcu.cpu_subsystem_i.cpu_0_0.rf_ram_i.memory\[389\]\[0\],15.68µm
i_core_v_mini_mcu.cpu_subsystem_i.cpu_0_0.rf_ram_i.memory\[503\]\[0\],15.68µm
i_core_v_mini_mcu.cpu_subsystem_i.cpu_1_0.rf_ram_i.memory\[218\]\[0\],15.68µm
i_core_v_mini_mcu.cpu_subsystem_i.cpu_1_0.rf_ram_i.memory\[222\]\[1\],15.68µm
i_core_v_mini_mcu.cpu_subsystem_i.cpu_1_0.rf_ram_i.memory\[26\]\[0\],15.68µm
i_core_v_mini_mcu.cpu_subsystem_i.cpu_1_0.rf_ram_i.memory\[290\]\[0\],15.68µm
i_core_v_mini_mcu.cpu_subsystem_i.cpu_1_0.rf_ram_i.memory\[320\]\[1\],15.68µm
i_core_v_mini_mcu.cpu_subsystem_i.cpu_1_0.rf_ram_i.memory\[321\]\[1\],15.68µm
i_core_v_mini_mcu.cpu_subsystem_i.cpu_1_0.rf_ram_i.memory\[400\]\[0\],15.68µm
i_core_v_mini_mcu.cpu_subsystem_i.cpu_1_0.rf_ram_i.memory\[506\]\[1\],15.68µm
i_core_v_mini_mcu.cpu_subsystem_i.cpu_1_0.rf_ram_i.memory\[511\]\[1\],15.68µm
i_core_v_mini_mcu.memory_subsystem_i.ram0_i.tc_ram_i.sram\[13\]\[8\],15.68µm
i_core_v_mini_mcu.memory_subsystem_i.ram0_i.tc_ram_i.sram\[31\]\[11\],15.68µm
i_core_v_mini_mcu.memory_subsystem_i.ram0_i.tc_ram_i.sram\[4\]\[18\],15.68µm
i_core_v_mini_mcu.memory_subsystem_i.ram0_i.tc_ram_i.sram\[6\]\[29\],15.68µm
i_core_v_mini_mcu.memory_subsystem_i.ram0_i.tc_ram_i.sram\[9\]\[9\],15.68µm
i_core_v_mini_mcu.peripheral_subsystem_i.uart_i.uart_core.u_uart_rxfifo.gen_normal_fifo.storage\[20\],15.68µm
i_core_v_mini_mcu.cpu_subsystem_i.cpu_1_0.rf_ram_i.memory\[123\]\[1\],15.45µm
i_core_v_mini_mcu.cpu_subsystem_i.cpu_1_0.rf_ram_i.memory\[82\]\[0\],15.45µm
i_core_v_mini_mcu.cpu_subsystem_i.cpu_1_0.rf_ram_i.memory\[175\]\[0\],15.42µm
_24427_,15.4µm
_24976_,15.4µm
_25091_,15.4µm
_25660_,15.4µm
_26838_,15.4µm
i_core_v_mini_mcu.peripheral_subsystem_i.obi_fifo_i.consumer_data_req_q\[2\],15.4µm
_15608_,15.37µm
i_core_v_mini_mcu.ao_peripheral_subsystem_i.clint_mtime_o\[8\],15.32µm
i_core_v_mini_mcu.cpu_subsystem_i.cpu_1_0.rf_ram_i.memory\[57\]\[1\],15.32µm
_05884_,15.27µm
_09682_,15.27µm
_09716_,15.27µm
_09976_,15.27µm
_11250_,15.27µm
_12151_,15.27µm
_13898_,15.27µm
i_core_v_mini_mcu.ao_peripheral_subsystem_i.power_manager_i.power_manager_reg_top_i.ram_0_iso_qs,15.27µm
i_core_v_mini_mcu.cpu_subsystem_i.cpu_0_0.rf_ram_i.memory\[269\]\[1\],15.27µm
i_core_v_mini_mcu.cpu_subsystem_i.cpu_0_0.rf_ram_i.memory\[64\]\[1\],15.27µm
i_core_v_mini_mcu.cpu_subsystem_i.cpu_1_0.rf_ram_i.memory\[345\]\[1\],15.27µm
i_core_v_mini_mcu.cpu_subsystem_i.cpu_1_0.rf_ram_i.memory\[423\]\[0\],15.27µm
i_core_v_mini_mcu.cpu_subsystem_i.cpu_1_0.rf_ram_i.memory\[453\]\[1\],15.27µm
i_core_v_mini_mcu.memory_subsystem_i.ram0_i.tc_ram_i.sram\[24\]\[19\],15.27µm
i_core_v_mini_mcu.memory_subsystem_i.ram0_i.tc_ram_i.sram\[29\]\[24\],15.27µm
_00544_,15.22µm
_01912_,15.22µm
_02005_,15.22µm
_02422_,15.22µm
_05597_,15.22µm
_06778_,15.22µm
_07817_,15.22µm
_09950_,15.22µm
_10032_,15.22µm
_10278_,15.22µm
_11612_,15.22µm
_12085_,15.22µm
_12547_,15.22µm
_15508_,15.22µm
_15765_,15.22µm
_18153_,15.22µm
_19049_,15.22µm
_19239_,15.22µm
_21536_,15.22µm
_22150_,15.22µm
_23993_,15.22µm
_25249_,15.22µm
_25813_,15.22µm
_27321_,15.22µm
_27491_,15.22µm
i_core_v_mini_mcu.ao_peripheral_subsystem_i.obi_fifo_i.consumer_data_req_q\[51\],15.22µm
i_core_v_mini_mcu.ao_peripheral_subsystem_i.tdu_i.task_mem\[0\]\[10\],15.22µm
i_core_v_mini_mcu.cpu_subsystem_i.cpu_0_0.i_servile.cpu.bufreg.c_r,15.22µm
i_core_v_mini_mcu.cpu_subsystem_i.cpu_0_0.rf_ram_i.memory\[116\]\[0\],15.22µm
i_core_v_mini_mcu.cpu_subsystem_i.cpu_0_0.rf_ram_i.memory\[134\]\[0\],15.22µm
i_core_v_mini_mcu.cpu_subsystem_i.cpu_0_0.rf_ram_i.memory\[145\]\[0\],15.22µm
i_core_v_mini_mcu.cpu_subsystem_i.cpu_0_0.rf_ram_i.memory\[262\]\[1\],15.22µm
i_core_v_mini_mcu.cpu_subsystem_i.cpu_0_0.rf_ram_i.memory\[292\]\[1\],15.22µm
i_core_v_mini_mcu.cpu_subsystem_i.cpu_0_0.rf_ram_i.memory\[358\]\[0\],15.22µm
i_core_v_mini_mcu.cpu_subsystem_i.cpu_0_0.rf_ram_i.memory\[379\]\[0\],15.22µm
i_core_v_mini_mcu.cpu_subsystem_i.cpu_0_0.rf_ram_i.memory\[504\]\[1\],15.22µm
i_core_v_mini_mcu.cpu_subsystem_i.cpu_1_0.i_servile.cpu.immdec.gen_immdec_w_eq_1.imm30_25\[0\],15.22µm
i_core_v_mini_mcu.cpu_subsystem_i.cpu_1_0.rf_ram_i.memory\[109\]\[1\],15.22µm
i_core_v_mini_mcu.cpu_subsystem_i.cpu_1_0.rf_ram_i.memory\[1\]\[1\],15.22µm
i_core_v_mini_mcu.cpu_subsystem_i.cpu_1_0.rf_ram_i.memory\[289\]\[0\],15.22µm
i_core_v_mini_mcu.cpu_subsystem_i.cpu_1_0.rf_ram_i.memory\[294\]\[1\],15.22µm
i_core_v_mini_mcu.cpu_subsystem_i.cpu_1_0.rf_ram_i.memory\[67\]\[1\],15.22µm
i_core_v_mini_mcu.memory_subsystem_i.ram0_i.tc_ram_i.sram\[12\]\[18\],15.22µm
i_core_v_mini_mcu.memory_subsystem_i.ram0_i.tc_ram_i.sram\[14\]\[17\],15.22µm
i_core_v_mini_mcu.memory_subsystem_i.ram0_i.tc_ram_i.sram\[19\]\[6\],15.22µm
i_core_v_mini_mcu.memory_subsystem_i.ram0_i.tc_ram_i.sram\[23\]\[25\],15.22µm
i_core_v_mini_mcu.memory_subsystem_i.ram0_i.tc_ram_i.sram\[25\]\[27\],15.22µm
i_core_v_mini_mcu.memory_subsystem_i.ram0_i.tc_ram_i.sram\[26\]\[25\],15.22µm
i_core_v_mini_mcu.memory_subsystem_i.ram0_i.tc_ram_i.sram\[30\]\[30\],15.22µm
i_core_v_mini_mcu.memory_subsystem_i.ram0_i.tc_ram_i.sram\[3\]\[10\],15.22µm
i_core_v_mini_mcu.memory_subsystem_i.ram0_i.tc_ram_i.sram\[5\]\[28\],15.22µm
i_core_v_mini_mcu.memory_subsystem_i.ram0_i.tc_ram_i.sram\[8\]\[30\],15.22µm
i_core_v_mini_mcu.memory_subsystem_i.ram0_i.tc_ram_i.sram\[9\]\[17\],15.22µm
i_core_v_mini_mcu.memory_subsystem_i.ram0_i.tc_ram_i.sram\[9\]\[23\],15.22µm
_00077_,15.17µm
_00084_,15.17µm
_00220_,15.17µm
_00411_,15.17µm
_00426_,15.17µm
_00563_,15.17µm
_00671_,15.17µm
_00765_,15.17µm
_00768_,15.17µm
_00847_,15.17µm
_00877_,15.17µm
_01281_,15.17µm
_01298_,15.17µm
_01522_,15.17µm
_01557_,15.17µm
_01608_,15.17µm
_01714_,15.17µm
_02180_,15.17µm
_02308_,15.17µm
_02985_,15.17µm
_03009_,15.17µm
_03559_,15.17µm
_03752_,15.17µm
_03792_,15.17µm
_04115_,15.17µm
_04136_,15.17µm
_04186_,15.17µm
_04235_,15.17µm
_04299_,15.17µm
_04399_,15.17µm
_04662_,15.17µm
_04676_,15.17µm
_04852_,15.17µm
_05000_,15.17µm
_05168_,15.17µm
_05399_,15.17µm
_05496_,15.17µm
_05810_,15.17µm
_05891_,15.17µm
_07007_,15.17µm
_07755_,15.17µm
_08020_,15.17µm
_08171_,15.17µm
_08440_,15.17µm
_08591_,15.17µm
_08836_,15.17µm
_09148_,15.17µm
_09324_,15.17µm
_09472_,15.17µm
_09494_,15.17µm
_09758_,15.17µm
_09827_,15.17µm
_10093_,15.17µm
_10263_,15.17µm
_10421_,15.17µm
_10454_,15.17µm
_10489_,15.17µm
_10690_,15.17µm
_10903_,15.17µm
_11223_,15.17µm
_11228_,15.17µm
_11253_,15.17µm
_11308_,15.17µm
_11469_,15.17µm
_11546_,15.17µm
_11641_,15.17µm
_11644_,15.17µm
_11707_,15.17µm
_11762_,15.17µm
_11887_,15.17µm
_11951_,15.17µm
_11957_,15.17µm
_12044_,15.17µm
_12101_,15.17µm
_12163_,15.17µm
_12749_,15.17µm
_12759_,15.17µm
_12782_,15.17µm
_12945_,15.17µm
_13203_,15.17µm
_13278_,15.17µm
_13407_,15.17µm
_13532_,15.17µm
_13635_,15.17µm
_13789_,15.17µm
_13944_,15.17µm
_14262_,15.17µm
_14413_,15.17µm
_14435_,15.17µm
_14519_,15.17µm
_14677_,15.17µm
_14780_,15.17µm
_14932_,15.17µm
_15083_,15.17µm
_15126_,15.17µm
_15139_,15.17µm
_15285_,15.17µm
_15295_,15.17µm
_15443_,15.17µm
_15655_,15.17µm
_15707_,15.17µm
_15852_,15.17µm
_15871_,15.17µm
_16087_,15.17µm
_16580_,15.17µm
_16727_,15.17µm
_17408_,15.17µm
_17976_,15.17µm
_18030_,15.17µm
_18168_,15.17µm
_18760_,15.17µm
_18822_,15.17µm
_18954_,15.17µm
_18961_,15.17µm
_18986_,15.17µm
_19084_,15.17µm
_19130_,15.17µm
_19386_,15.17µm
_19619_,15.17µm
_19667_,15.17µm
_19712_,15.17µm
_19725_,15.17µm
_20649_,15.17µm
_20765_,15.17µm
_20794_,15.17µm
_20805_,15.17µm
_21417_,15.17µm
_21466_,15.17µm
_21797_,15.17µm
_21813_,15.17µm
_21897_,15.17µm
_21902_,15.17µm
_22053_,15.17µm
_22237_,15.17µm
_22594_,15.17µm
_22726_,15.17µm
_23363_,15.17µm
_23434_,15.17µm
_23534_,15.17µm
_23649_,15.17µm
_23658_,15.17µm
_24038_,15.17µm
_24352_,15.17µm
_24469_,15.17µm
_24622_,15.17µm
_24845_,15.17µm
_24958_,15.17µm
_24998_,15.17µm
_25060_,15.17µm
_25305_,15.17µm
_25498_,15.17µm
_25570_,15.17µm
_25584_,15.17µm
_25648_,15.17µm
_26146_,15.17µm
_26310_,15.17µm
_26320_,15.17µm
_26372_,15.17µm
_26438_,15.17µm
_26648_,15.17µm
_26691_,15.17µm
_26928_,15.17µm
_26955_,15.17µm
_27007_,15.17µm
_27548_,15.17µm
_27614_,15.17µm
_27756_,15.17µm
_27759_,15.17µm
_27783_,15.17µm
_27835_,15.17µm
_27842_,15.17µm
_27913_,15.17µm
_27925_,15.17µm
i_core_v_mini_mcu.ao_peripheral_subsystem_i.mosaic_clint_i.mtimecmp_q\[31\],15.17µm
i_core_v_mini_mcu.ao_peripheral_subsystem_i.power_manager_i.power_manager_reg_top_i.cpu_reset_deassert_counter_qs\[6\],15.17µm
i_core_v_mini_mcu.ao_peripheral_subsystem_i.power_manager_i.power_manager_sequence_periph_reset_i.sequence_curr_state\[3\],15.17µm
i_core_v_mini_mcu.ao_peripheral_subsystem_i.spi_subsystem_i.obi_spimemio_i.obi_to_picorv32_i.picorv32_resp_i\[3\],15.17µm
i_core_v_mini_mcu.ao_peripheral_subsystem_i.tdu_core_park_o\[1\],15.17µm
i_core_v_mini_mcu.ao_peripheral_subsystem_i.tdu_i.task_mem\[0\]\[22\],15.17µm
i_core_v_mini_mcu.ao_peripheral_subsystem_i.tdu_i.task_mem\[4\]\[24\],15.17µm
i_core_v_mini_mcu.cpu_subsystem_i.cpu_0_0.ext_owns_q,15.17µm
i_core_v_mini_mcu.cpu_subsystem_i.cpu_0_0.rf_ram_i.memory\[155\]\[1\],15.17µm
i_core_v_mini_mcu.cpu_subsystem_i.cpu_0_0.rf_ram_i.memory\[186\]\[0\],15.17µm
i_core_v_mini_mcu.cpu_subsystem_i.cpu_0_0.rf_ram_i.memory\[224\]\[1\],15.17µm
i_core_v_mini_mcu.cpu_subsystem_i.cpu_0_0.rf_ram_i.memory\[228\]\[0\],15.17µm
i_core_v_mini_mcu.cpu_subsystem_i.cpu_0_0.rf_ram_i.memory\[342\]\[1\],15.17µm
i_core_v_mini_mcu.cpu_subsystem_i.cpu_0_0.rf_ram_i.memory\[370\]\[0\],15.17µm
i_core_v_mini_mcu.cpu_subsystem_i.cpu_0_0.rf_ram_i.memory\[390\]\[1\],15.17µm
i_core_v_mini_mcu.cpu_subsystem_i.cpu_0_0.rf_ram_i.memory\[50\]\[1\],15.17µm
i_core_v_mini_mcu.cpu_subsystem_i.cpu_0_0.rf_ram_i.memory\[536\]\[1\],15.17µm
i_core_v_mini_mcu.cpu_subsystem_i.cpu_0_0.rf_ram_i.memory\[545\]\[1\],15.17µm
i_core_v_mini_mcu.cpu_subsystem_i.cpu_0_0.rf_ram_i.memory\[560\]\[0\],15.17µm
i_core_v_mini_mcu.cpu_subsystem_i.cpu_0_0.rf_ram_i.memory\[61\]\[0\],15.17µm
i_core_v_mini_mcu.cpu_subsystem_i.cpu_1_0.rf_ram_i.memory\[129\]\[1\],15.17µm
i_core_v_mini_mcu.cpu_subsystem_i.cpu_1_0.rf_ram_i.memory\[148\]\[0\],15.17µm
i_core_v_mini_mcu.cpu_subsystem_i.cpu_1_0.rf_ram_i.memory\[16\]\[1\],15.17µm
i_core_v_mini_mcu.cpu_subsystem_i.cpu_1_0.rf_ram_i.memory\[298\]\[0\],15.17µm
i_core_v_mini_mcu.cpu_subsystem_i.cpu_1_0.rf_ram_i.memory\[345\]\[0\],15.17µm
i_core_v_mini_mcu.cpu_subsystem_i.cpu_1_0.rf_ram_i.memory\[366\]\[1\],15.17µm
i_core_v_mini_mcu.cpu_subsystem_i.cpu_1_0.rf_ram_i.memory\[376\]\[0\],15.17µm
i_core_v_mini_mcu.cpu_subsystem_i.cpu_1_0.rf_ram_i.memory\[410\]\[0\],15.17µm
i_core_v_mini_mcu.cpu_subsystem_i.cpu_1_0.rf_ram_i.memory\[54\]\[1\],15.17µm
i_core_v_mini_mcu.memory_subsystem_i.ram0_i.tc_ram_i.sram\[10\]\[20\],15.17µm
i_core_v_mini_mcu.memory_subsystem_i.ram0_i.tc_ram_i.sram\[16\]\[13\],15.17µm
i_core_v_mini_mcu.memory_subsystem_i.ram0_i.tc_ram_i.sram\[18\]\[29\],15.17µm
i_core_v_mini_mcu.memory_subsystem_i.ram0_i.tc_ram_i.sram\[21\]\[11\],15.17µm
i_core_v_mini_mcu.memory_subsystem_i.ram0_i.tc_ram_i.sram\[22\]\[21\],15.17µm
i_core_v_mini_mcu.memory_subsystem_i.ram0_i.tc_ram_i.sram\[25\]\[4\],15.17µm
i_core_v_mini_mcu.memory_subsystem_i.ram0_i.tc_ram_i.sram\[27\]\[6\],15.17µm
i_core_v_mini_mcu.memory_subsystem_i.ram0_i.tc_ram_i.sram\[30\]\[19\],15.17µm
i_core_v_mini_mcu.memory_subsystem_i.ram0_i.tc_ram_i.sram\[3\]\[30\],15.17µm
i_core_v_mini_mcu.memory_subsystem_i.ram0_i.tc_ram_i.sram\[8\]\[16\],15.17µm
i_core_v_mini_mcu.peripheral_subsystem_i.obi_fifo_i.consumer_data_req\[15\],15.17µm
i_core_v_mini_mcu.peripheral_subsystem_i.obi_fifo_i.consumer_data_req\[35\],15.17µm
i_core_v_mini_mcu.peripheral_subsystem_i.uart_i.reg2hw\[114\],15.17µm
i_core_v_mini_mcu.peripheral_subsystem_i.uart_i.uart_core.u_uart_txfifo.gen_normal_fifo.storage\[19\],15.17µm
_00425_,15.12µm
_00518_,15.12µm
_00561_,15.12µm
_00923_,15.12µm
_01117_,15.12µm
_01655_,15.12µm
_01700_,15.12µm
_02089_,15.12µm
_02232_,15.12µm
_02326_,15.12µm
_02485_,15.12µm
_03010_,15.12µm
_03536_,15.12µm
_03614_,15.12µm
_03617_,15.12µm
_03677_,15.12µm
_03709_,15.12µm
_04180_,15.12µm
_04394_,15.12µm
_04597_,15.12µm
_04710_,15.12µm
_04797_,15.12µm
_04908_,15.12µm
_04914_,15.12µm
_05542_,15.12µm
_05600_,15.12µm
_06199_,15.12µm
_06355_,15.12µm
_06367_,15.12µm
_06976_,15.12µm
_07024_,15.12µm
_07612_,15.12µm
_07742_,15.12µm
_07753_,15.12µm
_07832_,15.12µm
_07949_,15.12µm
_08114_,15.12µm
_08462_,15.12µm
_08515_,15.12µm
_08573_,15.12µm
_08778_,15.12µm
_08977_,15.12µm
_09175_,15.12µm
_09416_,15.12µm
_09461_,15.12µm
_09789_,15.12µm
_09853_,15.12µm
_09916_,15.12µm
_10083_,15.12µm
_10266_,15.12µm
_10797_,15.12µm
_11019_,15.12µm
_11124_,15.12µm
_11224_,15.12µm
_11505_,15.12µm
_11723_,15.12µm
_11862_,15.12µm
_12112_,15.12µm
_12545_,15.12µm
_13135_,15.12µm
_13143_,15.12µm
_13175_,15.12µm
_13181_,15.12µm
_13392_,15.12µm
_13432_,15.12µm
_13466_,15.12µm
_13483_,15.12µm
_13665_,15.12µm
_14437_,15.12µm
_14438_,15.12µm
_14464_,15.12µm
_14557_,15.12µm
_14776_,15.12µm
_14802_,15.12µm
_14825_,15.12µm
_14899_,15.12µm
_14914_,15.12µm
_15010_,15.12µm
_15230_,15.12µm
_15254_,15.12µm
_15380_,15.12µm
_15514_,15.12µm
_15976_,15.12µm
_16029_,15.12µm
_16144_,15.12µm
_16175_,15.12µm
_16275_,15.12µm
_16477_,15.12µm
_16938_,15.12µm
_17372_,15.12µm
_17533_,15.12µm
_17668_,15.12µm
_17670_,15.12µm
_17730_,15.12µm
_17913_,15.12µm
_17916_,15.12µm
_18229_,15.12µm
_18479_,15.12µm
_18517_,15.12µm
_18817_,15.12µm
_18881_,15.12µm
_19137_,15.12µm
_19141_,15.12µm
_19286_,15.12µm
_19732_,15.12µm
_19840_,15.12µm
_19847_,15.12µm
_19972_,15.12µm
_19990_,15.12µm
_20478_,15.12µm
_20509_,15.12µm
_20583_,15.12µm
_20673_,15.12µm
_20875_,15.12µm
_21070_,15.12µm
_21111_,15.12µm
_21591_,15.12µm
_21885_,15.12µm
_21925_,15.12µm
_22131_,15.12µm
_22395_,15.12µm
_22473_,15.12µm
_22630_,15.12µm
_22926_,15.12µm
_22999_,15.12µm
_23163_,15.12µm
_23357_,15.12µm
_23628_,15.12µm
_23897_,15.12µm
_23943_,15.12µm
_24171_,15.12µm
_24176_,15.12µm
_24528_,15.12µm
_24655_,15.12µm
_24847_,15.12µm
_25352_,15.12µm
_25625_,15.12µm
_25720_,15.12µm
_25735_,15.12µm
_26043_,15.12µm
_26132_,15.12µm
_26462_,15.12µm
_26484_,15.12µm
_26562_,15.12µm
_26824_,15.12µm
_26954_,15.12µm
_27074_,15.12µm
_27112_,15.12µm
_27201_,15.12µm
_27209_,15.12µm
_27224_,15.12µm
_27281_,15.12µm
_27286_,15.12µm
_27388_,15.12µm
_27490_,15.12µm
_27531_,15.12µm
_27754_,15.12µm
_27803_,15.12µm
_27997_,15.12µm
_28078_,15.12µm
i_core_v_mini_mcu.ao_peripheral_subsystem_i.mosaic_clint_i.mtimecmp_q\[2\],15.12µm
i_core_v_mini_mcu.ao_peripheral_subsystem_i.obi_fifo_i.consumer_resp_i\[27\],15.12µm
i_core_v_mini_mcu.ao_peripheral_subsystem_i.spi_subsystem_i.obi_spimemio_i.obi_to_picorv32_i.picorv32_resp_i\[17\],15.12µm
i_core_v_mini_mcu.cpu_subsystem_i.cpu_0_0.rf_ram_i.memory\[101\]\[0\],15.12µm
i_core_v_mini_mcu.cpu_subsystem_i.cpu_0_0.rf_ram_i.memory\[218\]\[1\],15.12µm
i_core_v_mini_mcu.cpu_subsystem_i.cpu_0_0.rf_ram_i.memory\[407\]\[0\],15.12µm
i_core_v_mini_mcu.cpu_subsystem_i.cpu_0_0.rf_ram_i.memory\[446\]\[0\],15.12µm
i_core_v_mini_mcu.cpu_subsystem_i.cpu_0_0.rf_ram_i.memory\[478\]\[1\],15.12µm
i_core_v_mini_mcu.cpu_subsystem_i.cpu_0_0.rf_ram_i.memory\[557\]\[0\],15.12µm
i_core_v_mini_mcu.cpu_subsystem_i.cpu_0_0.rf_ram_i.memory\[71\]\[1\],15.12µm
i_core_v_mini_mcu.cpu_subsystem_i.cpu_1_0.rf_ram_i.memory\[180\]\[0\],15.12µm
i_core_v_mini_mcu.cpu_subsystem_i.cpu_1_0.rf_ram_i.memory\[239\]\[0\],15.12µm
i_core_v_mini_mcu.cpu_subsystem_i.cpu_1_0.rf_ram_i.memory\[264\]\[1\],15.12µm
i_core_v_mini_mcu.cpu_subsystem_i.cpu_1_0.rf_ram_i.memory\[292\]\[0\],15.12µm
i_core_v_mini_mcu.cpu_subsystem_i.cpu_1_0.rf_ram_i.memory\[357\]\[0\],15.12µm
i_core_v_mini_mcu.cpu_subsystem_i.cpu_1_0.rf_ram_i.memory\[384\]\[0\],15.12µm
i_core_v_mini_mcu.cpu_subsystem_i.cpu_1_0.rf_ram_i.memory\[44\]\[1\],15.12µm
i_core_v_mini_mcu.cpu_subsystem_i.cpu_1_0.rf_ram_i.memory\[452\]\[1\],15.12µm
i_core_v_mini_mcu.cpu_subsystem_i.cpu_1_0.rf_ram_i.memory\[456\]\[1\],15.12µm
i_core_v_mini_mcu.memory_subsystem_i.ram0_i.tc_ram_i.sram\[14\]\[24\],15.12µm
i_core_v_mini_mcu.memory_subsystem_i.ram0_i.tc_ram_i.sram\[18\]\[3\],15.12µm
i_core_v_mini_mcu.memory_subsystem_i.ram0_i.tc_ram_i.sram\[22\]\[5\],15.12µm
i_core_v_mini_mcu.memory_subsystem_i.ram0_i.tc_ram_i.sram\[25\]\[16\],15.12µm
i_core_v_mini_mcu.memory_subsystem_i.ram0_i.tc_ram_i.sram\[30\]\[23\],15.12µm
i_core_v_mini_mcu.peripheral_subsystem_i.obi_fifo_i.consumer_resp_i\[21\],15.12µm
i_core_v_mini_mcu.cpu_subsystem_i.cpu_1_0.rf_ram_i.memory\[271\]\[1\],15.025µm
_08220_,14.99µm
_09953_,14.94µm
i_core_v_mini_mcu.cpu_subsystem_i.cpu_1_0.rf_ram_i.memory\[235\]\[0\],14.94µm
i_core_v_mini_mcu.cpu_subsystem_i.cpu_1_0.rf_ram_i.memory\[302\]\[0\],14.89µm
i_core_v_mini_mcu.memory_subsystem_i.ram0_i.tc_ram_i.sram\[7\]\[0\],14.89µm
_15971_,14.76µm
i_core_v_mini_mcu.cpu_subsystem_i.cpu_1_0.rf_ram_i.memory\[438\]\[1\],14.76µm
i_core_v_mini_mcu.cpu_subsystem_i.cpu_1_0.rf_ram_i.memory\[497\]\[0\],14.76µm
_00475_,14.71µm
_06454_,14.71µm
_09318_,14.71µm
_17844_,14.71µm
_22420_,14.71µm
i_core_v_mini_mcu.ao_peripheral_subsystem_i.obi_fifo_i.consumer_data_req\[37\],14.71µm
i_core_v_mini_mcu.cpu_subsystem_i.cpu_0_0.rf_ram_i.memory\[79\]\[1\],14.71µm
i_core_v_mini_mcu.cpu_subsystem_i.cpu_0_0.rf_ram_i.memory\[84\]\[1\],14.71µm
i_core_v_mini_mcu.cpu_subsystem_i.cpu_1_0.rf_ram_i.memory\[164\]\[0\],14.71µm
i_core_v_mini_mcu.cpu_subsystem_i.cpu_1_0.rf_ram_i.memory\[79\]\[0\],14.71µm
i_core_v_mini_mcu.memory_subsystem_i.ram0_i.tc_ram_i.sram\[7\]\[28\],14.71µm
i_core_v_mini_mcu.memory_subsystem_i.ram0_i.tc_ram_i.sram\[9\]\[16\],14.71µm
i_core_v_mini_mcu.peripheral_subsystem_i.uart_i.uart_core.u_uart_rxfifo.gen_normal_fifo.fifo_rptr\[2\],14.71µm
_02291_,14.66µm
_04257_,14.66µm
_05534_,14.66µm
_05596_,14.66µm
_05918_,14.66µm
_06850_,14.66µm
_07229_,14.66µm
_07297_,14.66µm
_07922_,14.66µm
_08556_,14.66µm
_08969_,14.66µm
_09000_,14.66µm
_09268_,14.66µm
_09389_,14.66µm
_10034_,14.66µm
_10251_,14.66µm
_10696_,14.66µm
_11300_,14.66µm
_11810_,14.66µm
_11950_,14.66µm
_13396_,14.66µm
_13736_,14.66µm
_14673_,14.66µm
_15350_,14.66µm
_20077_,14.66µm
_21923_,14.66µm
_21945_,14.66µm
_21952_,14.66µm
_23876_,14.66µm
_23925_,14.66µm
_26439_,14.66µm
i_core_v_mini_mcu.ao_peripheral_subsystem_i.mosaic_clint_i.mtimecmp_q\[41\],14.66µm
i_core_v_mini_mcu.ao_peripheral_subsystem_i.mosaic_clint_i.mtimecmp_q\[66\],14.66µm
i_core_v_mini_mcu.ao_peripheral_subsystem_i.obi_fifo_i.consumer_data_req_q\[57\],14.66µm
i_core_v_mini_mcu.ao_peripheral_subsystem_i.power_manager_i.power_manager_reg_top_i.cpu_reset_deassert_counter_qs\[13\],14.66µm
i_core_v_mini_mcu.ao_peripheral_subsystem_i.power_manager_i.power_manager_reg_top_i.global_pointer_qs\[27\],14.66µm
i_core_v_mini_mcu.ao_peripheral_subsystem_i.power_manager_i.power_manager_reg_top_i.intr_state_qs\[18\],14.66µm
i_core_v_mini_mcu.ao_peripheral_subsystem_i.power_manager_i.power_manager_reg_top_i.intr_state_qs\[25\],14.66µm
i_core_v_mini_mcu.ao_peripheral_subsystem_i.power_manager_i.power_manager_reg_top_i.reg2hw\[246\],14.66µm
i_core_v_mini_mcu.cpu_subsystem_i.cpu_0_0.i_servile.cpu.gen_align.align.ibus_rdt_concat\[9\],14.66µm
i_core_v_mini_mcu.cpu_subsystem_i.cpu_0_0.i_servile.cpu.gen_csr.csr.timer_irq_r,14.66µm
i_core_v_mini_mcu.cpu_subsystem_i.cpu_0_0.rf_ram_i.memory\[128\]\[1\],14.66µm
i_core_v_mini_mcu.cpu_subsystem_i.cpu_0_0.rf_ram_i.memory\[153\]\[1\],14.66µm
i_core_v_mini_mcu.cpu_subsystem_i.cpu_0_0.rf_ram_i.memory\[156\]\[1\],14.66µm
i_core_v_mini_mcu.cpu_subsystem_i.cpu_0_0.rf_ram_i.memory\[174\]\[1\],14.66µm
i_core_v_mini_mcu.cpu_subsystem_i.cpu_0_0.rf_ram_i.memory\[230\]\[0\],14.66µm
i_core_v_mini_mcu.cpu_subsystem_i.cpu_0_0.rf_ram_i.memory\[247\]\[0\],14.66µm
i_core_v_mini_mcu.cpu_subsystem_i.cpu_0_0.rf_ram_i.memory\[277\]\[0\],14.66µm
i_core_v_mini_mcu.cpu_subsystem_i.cpu_0_0.rf_ram_i.memory\[395\]\[1\],14.66µm
i_core_v_mini_mcu.cpu_subsystem_i.cpu_0_0.rf_ram_i.memory\[408\]\[0\],14.66µm
i_core_v_mini_mcu.cpu_subsystem_i.cpu_0_0.rf_ram_i.memory\[447\]\[1\],14.66µm
i_core_v_mini_mcu.cpu_subsystem_i.cpu_1_0.rf_ram_i.memory\[145\]\[0\],14.66µm
i_core_v_mini_mcu.cpu_subsystem_i.cpu_1_0.rf_ram_i.memory\[21\]\[1\],14.66µm
i_core_v_mini_mcu.cpu_subsystem_i.cpu_1_0.rf_ram_i.memory\[259\]\[0\],14.66µm
i_core_v_mini_mcu.cpu_subsystem_i.cpu_1_0.rf_ram_i.memory\[293\]\[1\],14.66µm
i_core_v_mini_mcu.cpu_subsystem_i.cpu_1_0.rf_ram_i.memory\[356\]\[1\],14.66µm
i_core_v_mini_mcu.cpu_subsystem_i.cpu_1_0.rf_ram_i.memory\[6\]\[1\],14.66µm
i_core_v_mini_mcu.cpu_subsystem_i.cpu_1_0.rf_ram_i.memory\[73\]\[1\],14.66µm
i_core_v_mini_mcu.memory_subsystem_i.ram0_i.tc_ram_i.sram\[12\]\[17\],14.66µm
i_core_v_mini_mcu.memory_subsystem_i.ram0_i.tc_ram_i.sram\[16\]\[1\],14.66µm
i_core_v_mini_mcu.memory_subsystem_i.ram0_i.tc_ram_i.sram\[23\]\[3\],14.66µm
i_core_v_mini_mcu.memory_subsystem_i.ram0_i.tc_ram_i.sram\[24\]\[7\],14.66µm
i_core_v_mini_mcu.memory_subsystem_i.ram0_i.tc_ram_i.sram\[26\]\[21\],14.66µm
i_core_v_mini_mcu.memory_subsystem_i.ram0_i.tc_ram_i.sram\[29\]\[30\],14.66µm
i_core_v_mini_mcu.memory_subsystem_i.ram0_i.tc_ram_i.sram\[5\]\[8\],14.66µm
i_core_v_mini_mcu.memory_subsystem_i.ram0_i.tc_ram_i.sram\[6\]\[26\],14.66µm
i_core_v_mini_mcu.peripheral_subsystem_i.uart_i.uart_core.u_uart_rxfifo.gen_normal_fifo.storage\[11\],14.66µm
_00012_,14.61µm
_00037_,14.61µm
_00235_,14.61µm
_00240_,14.61µm
_00275_,14.61µm
_00786_,14.61µm
_00824_,14.61µm
_00947_,14.61µm
_01133_,14.61µm
_01661_,14.61µm
_01757_,14.61µm
_01806_,14.61µm
_01927_,14.61µm
_01942_,14.61µm
_01997_,14.61µm
_02018_,14.61µm
_02459_,14.61µm
_02647_,14.61µm
_02690_,14.61µm
_03115_,14.61µm
_03453_,14.61µm
_03785_,14.61µm
_04088_,14.61µm
_04578_,14.61µm
_04657_,14.61µm
_04878_,14.61µm
_04970_,14.61µm
_05111_,14.61µm
_05256_,14.61µm
_05328_,14.61µm
_05622_,14.61µm
_05781_,14.61µm
_05912_,14.61µm
_06225_,14.61µm
_06256_,14.61µm
_06446_,14.61µm
_06644_,14.61µm
_06767_,14.61µm
_06841_,14.61µm
_07272_,14.61µm
_07422_,14.61µm
_07693_,14.61µm
_07986_,14.61µm
_08071_,14.61µm
_08081_,14.61µm
_08917_,14.61µm
_08944_,14.61µm
_09037_,14.61µm
_09086_,14.61µm
_09116_,14.61µm
_09333_,14.61µm
_09945_,14.61µm
_09954_,14.61µm
_10134_,14.61µm
_10420_,14.61µm
_10422_,14.61µm
_10978_,14.61µm
_11008_,14.61µm
_11220_,14.61µm
_11572_,14.61µm
_11659_,14.61µm
_11875_,14.61µm
_12000_,14.61µm
_12353_,14.61µm
_12488_,14.61µm
_12702_,14.61µm
_12766_,14.61µm
_12768_,14.61µm
_12844_,14.61µm
_12940_,14.61µm
_12991_,14.61µm
_13047_,14.61µm
_13340_,14.61µm
_13348_,14.61µm
_13522_,14.61µm
_13841_,14.61µm
_13848_,14.61µm
_14055_,14.61µm
_14070_,14.61µm
_14822_,14.61µm
_15024_,14.61µm
_15071_,14.61µm
_15125_,14.61µm
_15530_,14.61µm
_15566_,14.61µm
_15626_,14.61µm
_15779_,14.61µm
_15794_,14.61µm
_16025_,14.61µm
_16067_,14.61µm
_16100_,14.61µm
_16127_,14.61µm
_16308_,14.61µm
_16884_,14.61µm
_16900_,14.61µm
_16981_,14.61µm
_16986_,14.61µm
_17110_,14.61µm
_17182_,14.61µm
_17279_,14.61µm
_17512_,14.61µm
_17559_,14.61µm
_17575_,14.61µm
_17983_,14.61µm
_18105_,14.61µm
_18137_,14.61µm
_18219_,14.61µm
_18224_,14.61µm
_18495_,14.61µm
_18669_,14.61µm
_18726_,14.61µm
_19014_,14.61µm
_19382_,14.61µm
_19440_,14.61µm
_19517_,14.61µm
_19741_,14.61µm
_19763_,14.61µm
_19771_,14.61µm
_19776_,14.61µm
_19810_,14.61µm
_19864_,14.61µm
_19988_,14.61µm
_20080_,14.61µm
_20205_,14.61µm
_20453_,14.61µm
_20869_,14.61µm
_20934_,14.61µm
_20936_,14.61µm
_20945_,14.61µm
_21025_,14.61µm
_21030_,14.61µm
_21189_,14.61µm
_21362_,14.61µm
_21372_,14.61µm
_21382_,14.61µm
_21391_,14.61µm
_22154_,14.61µm
_22396_,14.61µm
_22463_,14.61µm
_22844_,14.61µm
_22855_,14.61µm
_22943_,14.61µm
_23213_,14.61µm
_23370_,14.61µm
_23473_,14.61µm
_23629_,14.61µm
_24026_,14.61µm
_24513_,14.61µm
_24715_,14.61µm
_24729_,14.61µm
_24947_,14.61µm
_25067_,14.61µm
_25200_,14.61µm
_25420_,14.61µm
_26094_,14.61µm
_26120_,14.61µm
_26303_,14.61µm
_26730_,14.61µm
_26941_,14.61µm
_27149_,14.61µm
_27207_,14.61µm
_27284_,14.61µm
_27460_,14.61µm
_27605_,14.61µm
_27606_,14.61µm
_27920_,14.61µm
i_core_v_mini_mcu.ao_peripheral_subsystem_i.obi_fifo_i.consumer_resp_i\[15\],14.61µm
i_core_v_mini_mcu.ao_peripheral_subsystem_i.spi_subsystem_i.obi_spimemio_i.obi_to_picorv32_i.picorv32_resp_i\[12\],14.61µm
i_core_v_mini_mcu.ao_peripheral_subsystem_i.tdu_i.cpi_est_q\[48\],14.61µm
i_core_v_mini_mcu.cpu_subsystem_i.cpu_0_0.i_servile.arbiter.i_wb_cpu_dbus_adr\[15\],14.61µm
i_core_v_mini_mcu.cpu_subsystem_i.cpu_0_0.rf_ram_i.memory\[103\]\[1\],14.61µm
i_core_v_mini_mcu.cpu_subsystem_i.cpu_0_0.rf_ram_i.memory\[214\]\[0\],14.61µm
i_core_v_mini_mcu.cpu_subsystem_i.cpu_0_0.rf_ram_i.memory\[217\]\[0\],14.61µm
i_core_v_mini_mcu.cpu_subsystem_i.cpu_0_0.rf_ram_i.memory\[239\]\[0\],14.61µm
i_core_v_mini_mcu.cpu_subsystem_i.cpu_0_0.rf_ram_i.memory\[244\]\[0\],14.61µm
i_core_v_mini_mcu.cpu_subsystem_i.cpu_0_0.rf_ram_i.memory\[287\]\[1\],14.61µm
i_core_v_mini_mcu.cpu_subsystem_i.cpu_0_0.rf_ram_i.memory\[33\]\[0\],14.61µm
i_core_v_mini_mcu.cpu_subsystem_i.cpu_0_0.rf_ram_i.memory\[433\]\[0\],14.61µm
i_core_v_mini_mcu.cpu_subsystem_i.cpu_0_0.rf_ram_i.memory\[465\]\[0\],14.61µm
i_core_v_mini_mcu.cpu_subsystem_i.cpu_0_0.rf_ram_i.memory\[470\]\[0\],14.61µm
i_core_v_mini_mcu.cpu_subsystem_i.cpu_0_0.rf_ram_i.memory\[506\]\[0\],14.61µm
i_core_v_mini_mcu.cpu_subsystem_i.cpu_0_0.rf_ram_i.memory\[558\]\[1\],14.61µm
i_core_v_mini_mcu.cpu_subsystem_i.cpu_0_0.rf_ram_i.memory\[559\]\[1\],14.61µm
i_core_v_mini_mcu.cpu_subsystem_i.cpu_0_0.rf_ram_i.memory\[81\]\[0\],14.61µm
i_core_v_mini_mcu.cpu_subsystem_i.cpu_1_0.i_servile.arbiter.i_wb_cpu_ibus_adr\[29\],14.61µm
i_core_v_mini_mcu.cpu_subsystem_i.cpu_1_0.i_servile.cpu.bne_or_bge,14.61µm
i_core_v_mini_mcu.cpu_subsystem_i.cpu_1_0.i_servile.o_rf_raddr\[3\],14.61µm
i_core_v_mini_mcu.cpu_subsystem_i.cpu_1_0.rf_ram_i.memory\[234\]\[0\],14.61µm
i_core_v_mini_mcu.cpu_subsystem_i.cpu_1_0.rf_ram_i.memory\[246\]\[1\],14.61µm
i_core_v_mini_mcu.cpu_subsystem_i.cpu_1_0.rf_ram_i.memory\[332\]\[1\],14.61µm
i_core_v_mini_mcu.cpu_subsystem_i.cpu_1_0.rf_ram_i.memory\[419\]\[0\],14.61µm
i_core_v_mini_mcu.cpu_subsystem_i.cpu_1_0.rf_ram_i.memory\[467\]\[1\],14.61µm
i_core_v_mini_mcu.cpu_subsystem_i.cpu_1_0.rf_ram_i.memory\[479\]\[1\],14.61µm
i_core_v_mini_mcu.cpu_subsystem_i.cpu_1_0.rf_ram_i.memory\[77\]\[1\],14.61µm
i_core_v_mini_mcu.memory_subsystem_i.ram0_i.tc_ram_i.sram\[11\]\[17\],14.61µm
i_core_v_mini_mcu.memory_subsystem_i.ram0_i.tc_ram_i.sram\[14\]\[19\],14.61µm
i_core_v_mini_mcu.memory_subsystem_i.ram0_i.tc_ram_i.sram\[15\]\[23\],14.61µm
i_core_v_mini_mcu.memory_subsystem_i.ram0_i.tc_ram_i.sram\[17\]\[17\],14.61µm
i_core_v_mini_mcu.memory_subsystem_i.ram0_i.tc_ram_i.sram\[19\]\[31\],14.61µm
i_core_v_mini_mcu.memory_subsystem_i.ram0_i.tc_ram_i.sram\[23\]\[16\],14.61µm
i_core_v_mini_mcu.memory_subsystem_i.ram0_i.tc_ram_i.sram\[27\]\[9\],14.61µm
i_core_v_mini_mcu.memory_subsystem_i.ram0_i.tc_ram_i.sram\[30\]\[17\],14.61µm
i_core_v_mini_mcu.memory_subsystem_i.ram0_i.tc_ram_i.sram\[30\]\[28\],14.61µm
i_core_v_mini_mcu.memory_subsystem_i.ram0_i.tc_ram_i.sram\[31\]\[14\],14.61µm
i_core_v_mini_mcu.memory_subsystem_i.ram0_i.tc_ram_i.sram\[4\]\[19\],14.61µm
i_core_v_mini_mcu.memory_subsystem_i.ram0_i.tc_ram_i.sram\[6\]\[21\],14.61µm
i_core_v_mini_mcu.memory_subsystem_i.ram0_i.tc_ram_i.sram\[7\]\[27\],14.61µm
i_core_v_mini_mcu.memory_subsystem_i.ram0_i.tc_ram_i.sram\[7\]\[30\],14.61µm
i_core_v_mini_mcu.peripheral_subsystem_i.obi_fifo_i.consumer_resp_i\[22\],14.61µm
net1136,14.61µm
_00001_,14.56µm
_00083_,14.56µm
_00390_,14.56µm
_00606_,14.56µm
_00718_,14.56µm
_00790_,14.56µm
_01284_,14.56µm
_02027_,14.56µm
_02490_,14.56µm
_02491_,14.56µm
_02900_,14.56µm
_02978_,14.56µm
_03124_,14.56µm
_03194_,14.56µm
_03338_,14.56µm
_03682_,14.56µm
_03756_,14.56µm
_03762_,14.56µm
_04198_,14.56µm
_04278_,14.56µm
_04295_,14.56µm
_04505_,14.56µm
_04647_,14.56µm
_04737_,14.56µm
_04850_,14.56µm
_04956_,14.56µm
_05027_,14.56µm
_05028_,14.56µm
_05052_,14.56µm
_05101_,14.56µm
_05246_,14.56µm
_05283_,14.56µm
_05324_,14.56µm
_05673_,14.56µm
_05755_,14.56µm
_05764_,14.56µm
_06425_,14.56µm
_06810_,14.56µm
_07069_,14.56µm
_07083_,14.56µm
_07660_,14.56µm
_08206_,14.56µm
_08319_,14.56µm
_08429_,14.56µm
_08504_,14.56µm
_08700_,14.56µm
_08907_,14.56µm
_09293_,14.56µm
_09903_,14.56µm
_10020_,14.56µm
_10104_,14.56µm
_10152_,14.56µm
_10290_,14.56µm
_10486_,14.56µm
_10650_,14.56µm
_10783_,14.56µm
_11161_,14.56µm
_11409_,14.56µm
_11535_,14.56µm
_11538_,14.56µm
_11568_,14.56µm
_11735_,14.56µm
_11806_,14.56µm
_12014_,14.56µm
_12119_,14.56µm
_12628_,14.56µm
_12650_,14.56µm
_12787_,14.56µm
_12788_,14.56µm
_12832_,14.56µm
_13118_,14.56µm
_13335_,14.56µm
_13414_,14.56µm
_13578_,14.56µm
_14043_,14.56µm
_14397_,14.56µm
_14607_,14.56µm
_14720_,14.56µm
_14770_,14.56µm
_14887_,14.56µm
_14937_,14.56µm
_15158_,14.56µm
_15411_,14.56µm
_15445_,14.56µm
_15615_,14.56µm
_15642_,14.56µm
_15810_,14.56µm
_15851_,14.56µm
_16080_,14.56µm
_16155_,14.56µm
_16332_,14.56µm
_16605_,14.56µm
_16667_,14.56µm
_17102_,14.56µm
_17518_,14.56µm
_17689_,14.56µm
_17756_,14.56µm
_17767_,14.56µm
_17774_,14.56µm
_17776_,14.56µm
_17856_,14.56µm
_17997_,14.56µm
_18031_,14.56µm
_18240_,14.56µm
_18512_,14.56µm
_18542_,14.56µm
_18762_,14.56µm
_18773_,14.56µm
_19085_,14.56µm
_19110_,14.56µm
_19122_,14.56µm
_19164_,14.56µm
_19220_,14.56µm
_19320_,14.56µm
_19412_,14.56µm
_19468_,14.56µm
_19550_,14.56µm
_19943_,14.56µm
_20120_,14.56µm
_20418_,14.56µm
_20611_,14.56µm
_20833_,14.56µm
_20859_,14.56µm
_20863_,14.56µm
_21194_,14.56µm
_21335_,14.56µm
_21371_,14.56µm
_21381_,14.56µm
_21646_,14.56µm
_21750_,14.56µm
_21833_,14.56µm
_21836_,14.56µm
_22116_,14.56µm
_22371_,14.56µm
_22598_,14.56µm
_22759_,14.56µm
_23022_,14.56µm
_23102_,14.56µm
_24098_,14.56µm
_24160_,14.56µm
_24193_,14.56µm
_24370_,14.56µm
_24445_,14.56µm
_24707_,14.56µm
_24721_,14.56µm
_24992_,14.56µm
_25040_,14.56µm
_25045_,14.56µm
_25202_,14.56µm
_25217_,14.56µm
_25344_,14.56µm
_25616_,14.56µm
_25709_,14.56µm
_25847_,14.56µm
_25901_,14.56µm
_26041_,14.56µm
_26204_,14.56µm
_26209_,14.56µm
_26258_,14.56µm
_26317_,14.56µm
_26370_,14.56µm
_26477_,14.56µm
_26728_,14.56µm
_26858_,14.56µm
_26898_,14.56µm
_27066_,14.56µm
_27264_,14.56µm
_27298_,14.56µm
_27339_,14.56µm
_27443_,14.56µm
_27567_,14.56µm
_27914_,14.56µm
_28039_,14.56µm
_28118_,14.56µm
i_core_v_mini_mcu.ao_peripheral_subsystem_i.power_manager_i.power_manager_reg_top_i.monitor_power_gate_core_qs\[2\],14.56µm
i_core_v_mini_mcu.ao_peripheral_subsystem_i.tdu_i.task_mem\[1\]\[15\],14.56µm
i_core_v_mini_mcu.ao_peripheral_subsystem_i.tdu_i.task_mem\[5\]\[15\],14.56µm
i_core_v_mini_mcu.cpu_subsystem_i.cpu_0_0.i_servile.cpu.alu.i_cmp_sig,14.56µm
i_core_v_mini_mcu.cpu_subsystem_i.cpu_0_0.i_servile.cpu.gen_align.align.ibus_rdt_concat\[0\],14.56µm
i_core_v_mini_mcu.cpu_subsystem_i.cpu_0_0.rf_ram_i.memory\[133\]\[0\],14.56µm
i_core_v_mini_mcu.cpu_subsystem_i.cpu_0_0.rf_ram_i.memory\[430\]\[0\],14.56µm
i_core_v_mini_mcu.cpu_subsystem_i.cpu_0_0.rf_ram_i.memory\[541\]\[1\],14.56µm
i_core_v_mini_mcu.cpu_subsystem_i.cpu_0_0.rf_ram_i.memory\[5\]\[0\],14.56µm
i_core_v_mini_mcu.cpu_subsystem_i.cpu_1_0.clk_i,14.56µm
i_core_v_mini_mcu.cpu_subsystem_i.cpu_1_0.rf_ram_i.memory\[286\]\[1\],14.56µm
i_core_v_mini_mcu.cpu_subsystem_i.cpu_1_0.rf_ram_i.memory\[316\]\[0\],14.56µm
i_core_v_mini_mcu.memory_subsystem_i.ram0_i.tc_ram_i.sram\[17\]\[16\],14.56µm
i_core_v_mini_mcu.memory_subsystem_i.ram0_i.tc_ram_i.sram\[24\]\[15\],14.56µm
i_core_v_mini_mcu.memory_subsystem_i.ram0_i.tc_ram_i.sram\[26\]\[18\],14.56µm
i_core_v_mini_mcu.memory_subsystem_i.ram0_i.tc_ram_i.sram\[28\]\[30\],14.56µm
i_core_v_mini_mcu.peripheral_subsystem_i.uart_i.uart_core.u_uart_rxfifo.gen_normal_fifo.storage\[21\],14.56µm
i_core_v_mini_mcu.peripheral_subsystem_i.uart_i.uart_core.u_uart_rxfifo.gen_normal_fifo.under_rst,14.56µm
net1087,14.56µm
i_core_v_mini_mcu.cpu_subsystem_i.cpu_1_0.rf_ram_i.memory\[257\]\[1\],14.38µm
i_core_v_mini_mcu.memory_subsystem_i.ram0_i.tc_ram_i.sram\[11\]\[22\],14.33µm
i_core_v_mini_mcu.peripheral_subsystem_i.obi_fifo_i.consumer_data_req_q\[21\],14.33µm
_19918_,14.28µm
i_core_v_mini_mcu.cpu_subsystem_i.cpu_0_0.rf_ram_i.memory\[457\]\[0\],14.28µm
i_core_v_mini_mcu.cpu_subsystem_i.cpu_1_0.rf_ram_i.memory\[116\]\[0\],14.28µm
i_core_v_mini_mcu.cpu_subsystem_i.cpu_1_0.rf_ram_i.memory\[65\]\[0\],14.28µm
_04761_,14.15µm
_05347_,14.15µm
_10058_,14.15µm
_10305_,14.15µm
_10379_,14.15µm
_23689_,14.15µm
i_core_v_mini_mcu.cpu_subsystem_i.cpu_0_0.i_servile.cpu.state.ibus_cyc,14.15µm
i_core_v_mini_mcu.cpu_subsystem_i.cpu_0_0.rf_ram_i.memory\[160\]\[1\],14.15µm
i_core_v_mini_mcu.cpu_subsystem_i.cpu_0_0.rf_ram_i.memory\[99\]\[0\],14.15µm
i_core_v_mini_mcu.cpu_subsystem_i.cpu_1_0.rf_ram_i.memory\[297\]\[1\],14.15µm
i_core_v_mini_mcu.memory_subsystem_i.ram0_i.tc_ram_i.sram\[18\]\[17\],14.15µm
i_core_v_mini_mcu.memory_subsystem_i.ram0_i.tc_ram_i.sram\[18\]\[7\],14.15µm
i_core_v_mini_mcu.memory_subsystem_i.ram0_i.tc_ram_i.sram\[6\]\[5\],14.15µm
_01135_,14.1µm
_01606_,14.1µm
_04581_,14.1µm
_04998_,14.1µm
_05476_,14.1µm
_05709_,14.1µm
_05759_,14.1µm
_06229_,14.1µm
_06254_,14.1µm
_08461_,14.1µm
_08511_,14.1µm
_08848_,14.1µm
_09311_,14.1µm
_09822_,14.1µm
_09906_,14.1µm
_10063_,14.1µm
_11109_,14.1µm
_13138_,14.1µm
_13489_,14.1µm
_15866_,14.1µm
_16066_,14.1µm
_16085_,14.1µm
_19455_,14.1µm
_22368_,14.1µm
_22963_,14.1µm
_23085_,14.1µm
_23324_,14.1µm
_23373_,14.1µm
_23837_,14.1µm
_23974_,14.1µm
_24059_,14.1µm
_26451_,14.1µm
i_core_v_mini_mcu.ao_peripheral_subsystem_i.mosaic_clint_i.mtimecmp_q\[65\],14.1µm
i_core_v_mini_mcu.ao_peripheral_subsystem_i.power_manager_i.power_manager_reg_top_i.en_wait_for_intr_qs\[22\],14.1µm
i_core_v_mini_mcu.ao_peripheral_subsystem_i.spi_subsystem_i.obi_spimemio_i.spimemio_i.xfer.dummy_count\[1\],14.1µm
i_core_v_mini_mcu.ao_peripheral_subsystem_i.spi_subsystem_i.obi_spimemio_i.spimemio_i.xfer.xfer_tag\[0\],14.1µm
i_core_v_mini_mcu.ao_peripheral_subsystem_i.spi_subsystem_i.obi_spimemio_i.spimemio_i.xfer.xfer_tag\[1\],14.1µm
i_core_v_mini_mcu.cpu_subsystem_i.cpu_0_0.i_servile.cpu.immdec.gen_immdec_w_eq_1.imm19_12_20\[0\],14.1µm
i_core_v_mini_mcu.cpu_subsystem_i.cpu_0_0.i_servile.cpu.immdec.gen_immdec_w_eq_1.imm19_12_20\[1\],14.1µm
i_core_v_mini_mcu.cpu_subsystem_i.cpu_0_0.rf_ram_i.memory\[189\]\[1\],14.1µm
i_core_v_mini_mcu.cpu_subsystem_i.cpu_0_0.rf_ram_i.memory\[240\]\[0\],14.1µm
i_core_v_mini_mcu.cpu_subsystem_i.cpu_0_0.rf_ram_i.memory\[368\]\[1\],14.1µm
i_core_v_mini_mcu.cpu_subsystem_i.cpu_0_0.rf_ram_i.memory\[372\]\[1\],14.1µm
i_core_v_mini_mcu.cpu_subsystem_i.cpu_0_0.rf_ram_i.memory\[374\]\[0\],14.1µm
i_core_v_mini_mcu.cpu_subsystem_i.cpu_0_0.rf_ram_i.memory\[419\]\[1\],14.1µm
i_core_v_mini_mcu.cpu_subsystem_i.cpu_0_0.rf_ram_i.memory\[470\]\[1\],14.1µm
i_core_v_mini_mcu.cpu_subsystem_i.cpu_0_0.rf_ram_i.memory\[563\]\[1\],14.1µm
i_core_v_mini_mcu.cpu_subsystem_i.cpu_1_0.i_servile.arbiter.i_wb_cpu_ibus_adr\[30\],14.1µm
i_core_v_mini_mcu.cpu_subsystem_i.cpu_1_0.i_servile.cpu.immdec.gen_immdec_w_eq_1.imm30_25\[1\],14.1µm
i_core_v_mini_mcu.cpu_subsystem_i.cpu_1_0.rf_ram_i.memory\[115\]\[1\],14.1µm
i_core_v_mini_mcu.cpu_subsystem_i.cpu_1_0.rf_ram_i.memory\[265\]\[0\],14.1µm
i_core_v_mini_mcu.cpu_subsystem_i.cpu_1_0.rf_ram_i.memory\[303\]\[1\],14.1µm
i_core_v_mini_mcu.cpu_subsystem_i.cpu_1_0.rf_ram_i.memory\[333\]\[1\],14.1µm
i_core_v_mini_mcu.cpu_subsystem_i.cpu_1_0.rf_ram_i.memory\[351\]\[0\],14.1µm
i_core_v_mini_mcu.cpu_subsystem_i.cpu_1_0.rf_ram_i.memory\[421\]\[0\],14.1µm
i_core_v_mini_mcu.cpu_subsystem_i.cpu_1_0.rf_ram_i.memory\[428\]\[1\],14.1µm
i_core_v_mini_mcu.cpu_subsystem_i.cpu_1_0.rf_ram_i.memory\[486\]\[0\],14.1µm
i_core_v_mini_mcu.cpu_subsystem_i.cpu_1_0.rf_ram_i.memory\[492\]\[1\],14.1µm
i_core_v_mini_mcu.cpu_subsystem_i.cpu_1_0.rf_ram_i.memory\[53\]\[0\],14.1µm
i_core_v_mini_mcu.cpu_subsystem_i.cpu_1_0.rf_ram_i.memory\[69\]\[0\],14.1µm
i_core_v_mini_mcu.memory_subsystem_i.ram0_i.tc_ram_i.sram\[1\]\[22\],14.1µm
i_core_v_mini_mcu.memory_subsystem_i.ram0_i.tc_ram_i.sram\[20\]\[25\],14.1µm
i_core_v_mini_mcu.memory_subsystem_i.ram0_i.tc_ram_i.sram\[27\]\[3\],14.1µm
i_core_v_mini_mcu.memory_subsystem_i.ram0_i.tc_ram_i.sram\[27\]\[4\],14.1µm
i_core_v_mini_mcu.memory_subsystem_i.ram0_i.tc_ram_i.sram\[29\]\[7\],14.1µm
i_core_v_mini_mcu.memory_subsystem_i.ram0_i.tc_ram_i.sram\[2\]\[10\],14.1µm
i_core_v_mini_mcu.memory_subsystem_i.ram0_i.tc_ram_i.sram\[3\]\[20\],14.1µm
i_core_v_mini_mcu.memory_subsystem_i.ram0_i.tc_ram_i.sram\[6\]\[6\],14.1µm
i_core_v_mini_mcu.system_bus_i.system_xbar_i.gen_xbar_NtoM.i_xbar.gen_outputs\[1\].gen_rr_arb_tree.i_rr_arb_tree.gen_arbiter.rr_q\[2\],14.1µm
_00070_,14.05µm
_00286_,14.05µm
_00363_,14.05µm
_00607_,14.05µm
_00616_,14.05µm
_00720_,14.05µm
_00814_,14.05µm
_01017_,14.05µm
_01074_,14.05µm
_01132_,14.05µm
_01237_,14.05µm
_01287_,14.05µm
_01370_,14.05µm
_01636_,14.05µm
_01795_,14.05µm
_01879_,14.05µm
_02170_,14.05µm
_02223_,14.05µm
_02238_,14.05µm
_02541_,14.05µm
_02680_,14.05µm
_02866_,14.05µm
_02950_,14.05µm
_02958_,14.05µm
_03136_,14.05µm
_03161_,14.05µm
_03322_,14.05µm
_03360_,14.05µm
_03445_,14.05µm
_03727_,14.05µm
_04087_,14.05µm
_04090_,14.05µm
_04368_,14.05µm
_04393_,14.05µm
_04506_,14.05µm
_04637_,14.05µm
_05217_,14.05µm
_05229_,14.05µm
_05243_,14.05µm
_05275_,14.05µm
_05450_,14.05µm
_05581_,14.05µm
_05712_,14.05µm
_05980_,14.05µm
_06000_,14.05µm
_06076_,14.05µm
_06292_,14.05µm
_06531_,14.05µm
_06575_,14.05µm
_06648_,14.05µm
_06673_,14.05µm
_06795_,14.05µm
_06848_,14.05µm
_06941_,14.05µm
_07087_,14.05µm
_07150_,14.05µm
_07302_,14.05µm
_07320_,14.05µm
_07367_,14.05µm
_07420_,14.05µm
_07798_,14.05µm
_07906_,14.05µm
_07918_,14.05µm
_08339_,14.05µm
_08532_,14.05µm
_08727_,14.05µm
_08833_,14.05µm
_08947_,14.05µm
_09012_,14.05µm
_09204_,14.05µm
_09327_,14.05µm
_09378_,14.05µm
_09458_,14.05µm
_09619_,14.05µm
_09733_,14.05µm
_09765_,14.05µm
_09849_,14.05µm
_10089_,14.05µm
_10132_,14.05µm
_10160_,14.05µm
_10685_,14.05µm
_10894_,14.05µm
_11136_,14.05µm
_11249_,14.05µm
_11426_,14.05µm
_11600_,14.05µm
_11652_,14.05µm
_11942_,14.05µm
_11948_,14.05µm
_11977_,14.05µm
_12260_,14.05µm
_12525_,14.05µm
_12858_,14.05µm
_12885_,14.05µm
_13017_,14.05µm
_13277_,14.05µm
_13292_,14.05µm
_13350_,14.05µm
_13444_,14.05µm
_13507_,14.05µm
_13674_,14.05µm
_14051_,14.05µm
_14212_,14.05µm
_14387_,14.05µm
_15025_,14.05µm
_15136_,14.05µm
_15173_,14.05µm
_15345_,14.05µm
_15402_,14.05µm
_15454_,14.05µm
_15693_,14.05µm
_15788_,14.05µm
_15924_,14.05µm
_15930_,14.05µm
_16460_,14.05µm
_17243_,14.05µm
_17442_,14.05µm
_17711_,14.05µm
_17720_,14.05µm
_17999_,14.05µm
_18409_,14.05µm
_18437_,14.05µm
_18606_,14.05µm
_18636_,14.05µm
_18700_,14.05µm
_18709_,14.05µm
_18712_,14.05µm
_18741_,14.05µm
_18813_,14.05µm
_18994_,14.05µm
_19026_,14.05µm
_19064_,14.05µm
_19114_,14.05µm
_19244_,14.05µm
_19342_,14.05µm
_19453_,14.05µm
_19504_,14.05µm
_19543_,14.05µm
_19547_,14.05µm
_19698_,14.05µm
_20066_,14.05µm
_20116_,14.05µm
_20241_,14.05µm
_20244_,14.05µm
_20295_,14.05µm
_20468_,14.05µm
_20612_,14.05µm
_20900_,14.05µm
_21081_,14.05µm
_21788_,14.05µm
_21814_,14.05µm
_21828_,14.05µm
_21908_,14.05µm
_21922_,14.05µm
_21992_,14.05µm
_22004_,14.05µm
_22061_,14.05µm
_22289_,14.05µm
_23157_,14.05µm
_23227_,14.05µm
_23362_,14.05µm
_23717_,14.05µm
_23822_,14.05µm
_23883_,14.05µm
_23937_,14.05µm
_23972_,14.05µm
_24264_,14.05µm
_24709_,14.05µm
_24868_,14.05µm
_24924_,14.05µm
_24978_,14.05µm
_25764_,14.05µm
_25881_,14.05µm
_25897_,14.05µm
_25988_,14.05µm
_26074_,14.05µm
_26081_,14.05µm
_26114_,14.05µm
_26133_,14.05µm
_26224_,14.05µm
_26246_,14.05µm
_26268_,14.05µm
_26430_,14.05µm
_26596_,14.05µm
_26608_,14.05µm
_26883_,14.05µm
_26937_,14.05µm
_27532_,14.05µm
_27534_,14.05µm
_27633_,14.05µm
_27888_,14.05µm
_28123_,14.05µm
i_core_v_mini_mcu.ao_peripheral_subsystem_i.mosaic_clint_i.mtimecmp_q\[7\],14.05µm
i_core_v_mini_mcu.ao_peripheral_subsystem_i.obi_fifo_i.consumer_resp_i\[10\],14.05µm
i_core_v_mini_mcu.ao_peripheral_subsystem_i.power_manager_i.power_manager_reg_top_i.cpu_reset_deassert_counter_qs\[8\],14.05µm
i_core_v_mini_mcu.ao_peripheral_subsystem_i.spi_subsystem_i.obi_spimemio_i.obi_to_picorv32_i.picorv32_resp_i\[16\],14.05µm
i_core_v_mini_mcu.ao_peripheral_subsystem_i.spi_subsystem_i.obi_spimemio_i.obi_to_picorv32_i.picorv32_resp_i\[20\],14.05µm
i_core_v_mini_mcu.ao_peripheral_subsystem_i.tdu_i.task_mem\[3\]\[15\],14.05µm
i_core_v_mini_mcu.cpu_subsystem_i.cpu_0_0.i_servile.cpu.gen_align.align.ibus_rdt_concat\[10\],14.05µm
i_core_v_mini_mcu.cpu_subsystem_i.cpu_0_0.i_servile.rf_ram_if.rgnt,14.05µm
i_core_v_mini_mcu.cpu_subsystem_i.cpu_0_0.rf_ram_i.memory\[267\]\[0\],14.05µm
i_core_v_mini_mcu.cpu_subsystem_i.cpu_0_0.rf_ram_i.memory\[307\]\[0\],14.05µm
i_core_v_mini_mcu.cpu_subsystem_i.cpu_0_0.rf_ram_i.memory\[358\]\[1\],14.05µm
i_core_v_mini_mcu.cpu_subsystem_i.cpu_0_0.rf_ram_i.memory\[385\]\[0\],14.05µm
i_core_v_mini_mcu.cpu_subsystem_i.cpu_0_0.rf_ram_i.memory\[408\]\[1\],14.05µm
i_core_v_mini_mcu.cpu_subsystem_i.cpu_0_0.rf_ram_i.memory\[483\]\[1\],14.05µm
i_core_v_mini_mcu.cpu_subsystem_i.cpu_0_0.rf_ram_i.memory\[553\]\[0\],14.05µm
i_core_v_mini_mcu.cpu_subsystem_i.cpu_0_0.rf_ram_i.memory\[574\]\[0\],14.05µm
i_core_v_mini_mcu.cpu_subsystem_i.cpu_0_0.rf_ram_i.memory\[90\]\[1\],14.05µm
i_core_v_mini_mcu.cpu_subsystem_i.cpu_1_0.i_servile.arbiter.i_wb_cpu_ibus_adr\[25\],14.05µm
i_core_v_mini_mcu.cpu_subsystem_i.cpu_1_0.i_servile.arbiter.i_wb_cpu_ibus_adr\[6\],14.05µm
i_core_v_mini_mcu.cpu_subsystem_i.cpu_1_0.rf_ram_i.memory\[170\]\[1\],14.05µm
i_core_v_mini_mcu.cpu_subsystem_i.cpu_1_0.rf_ram_i.memory\[18\]\[0\],14.05µm
i_core_v_mini_mcu.cpu_subsystem_i.cpu_1_0.rf_ram_i.memory\[23\]\[0\],14.05µm
i_core_v_mini_mcu.cpu_subsystem_i.cpu_1_0.rf_ram_i.memory\[296\]\[1\],14.05µm
i_core_v_mini_mcu.cpu_subsystem_i.cpu_1_0.rf_ram_i.memory\[310\]\[1\],14.05µm
i_core_v_mini_mcu.cpu_subsystem_i.cpu_1_0.rf_ram_i.memory\[395\]\[1\],14.05µm
i_core_v_mini_mcu.cpu_subsystem_i.cpu_1_0.rf_ram_i.memory\[410\]\[1\],14.05µm
i_core_v_mini_mcu.cpu_subsystem_i.cpu_1_0.rf_ram_i.memory\[449\]\[1\],14.05µm
i_core_v_mini_mcu.cpu_subsystem_i.cpu_1_0.rf_ram_i.memory\[462\]\[1\],14.05µm
i_core_v_mini_mcu.cpu_subsystem_i.cpu_1_0.rf_ram_i.memory\[470\]\[0\],14.05µm
i_core_v_mini_mcu.memory_subsystem_i.ram0_i.tc_ram_i.sram\[16\]\[28\],14.05µm
i_core_v_mini_mcu.memory_subsystem_i.ram0_i.tc_ram_i.sram\[17\]\[28\],14.05µm
i_core_v_mini_mcu.memory_subsystem_i.ram0_i.tc_ram_i.sram\[18\]\[15\],14.05µm
i_core_v_mini_mcu.memory_subsystem_i.ram0_i.tc_ram_i.sram\[19\]\[7\],14.05µm
i_core_v_mini_mcu.memory_subsystem_i.ram0_i.tc_ram_i.sram\[1\]\[14\],14.05µm
i_core_v_mini_mcu.memory_subsystem_i.ram0_i.tc_ram_i.sram\[21\]\[26\],14.05µm
i_core_v_mini_mcu.memory_subsystem_i.ram0_i.tc_ram_i.sram\[22\]\[1\],14.05µm
i_core_v_mini_mcu.memory_subsystem_i.ram0_i.tc_ram_i.sram\[26\]\[5\],14.05µm
i_core_v_mini_mcu.memory_subsystem_i.ram0_i.tc_ram_i.sram\[26\]\[9\],14.05µm
i_core_v_mini_mcu.memory_subsystem_i.ram0_i.tc_ram_i.sram\[5\]\[31\],14.05µm
i_core_v_mini_mcu.memory_subsystem_i.ram0_i.tc_ram_i.sram\[8\]\[7\],14.05µm
i_core_v_mini_mcu.memory_subsystem_i.ram0_i.tc_ram_i.sram\[9\]\[3\],14.05µm
i_core_v_mini_mcu.peripheral_subsystem_i.obi_fifo_i.consumer_resp_i\[28\],14.05µm
i_core_v_mini_mcu.peripheral_subsystem_i.uart_i.reg2hw\[118\],14.05µm
net1171,14.05µm
_00188_,14µm
_00209_,14µm
_00238_,14µm
_00510_,14µm
_00633_,14µm
_00698_,14µm
_01363_,14µm
_01702_,14µm
_01713_,14µm
_02026_,14µm
_02469_,14µm
_02565_,14µm
_02933_,14µm
_03272_,14µm
_03610_,14µm
_03630_,14µm
_03891_,14µm
_03906_,14µm
_04422_,14µm
_04678_,14µm
_04719_,14µm
_04812_,14µm
_05159_,14µm
_05453_,14µm
_05504_,14µm
_05670_,14µm
_05961_,14µm
_06138_,14µm
_06911_,14µm
_06994_,14µm
_07174_,14µm
_07728_,14µm
_08155_,14µm
_08221_,14µm
_08340_,14µm
_08677_,14µm
_09321_,14µm
_09723_,14µm
_10295_,14µm
_10478_,14µm
_10502_,14µm
_10689_,14µm
_10714_,14µm
_10811_,14µm
_11041_,14µm
_11141_,14µm
_11336_,14µm
_12051_,14µm
_12158_,14µm
_12229_,14µm
_12558_,14µm
_12665_,14µm
_12810_,14µm
_13027_,14µm
_13132_,14µm
_13224_,14µm
_13655_,14µm
_13863_,14µm
_14479_,14µm
_14580_,14µm
_14618_,14µm
_14946_,14µm
_15013_,14µm
_15437_,14µm
_15790_,14µm
_16093_,14µm
_16121_,14µm
_16348_,14µm
_17223_,14µm
_17407_,14µm
_17455_,14µm
_17532_,14µm
_17592_,14µm
_17664_,14µm
_17938_,14µm
_18280_,14µm
_18562_,14µm
_18785_,14µm
_19099_,14µm
_19225_,14µm
_19241_,14µm
_19338_,14µm
_19442_,14µm
_19555_,14µm
_19567_,14µm
_19581_,14µm
_19587_,14µm
_19700_,14µm
_19724_,14µm
_19919_,14µm
_20162_,14µm
_20224_,14µm
_20504_,14µm
_20953_,14µm
_20958_,14µm
_20998_,14µm
_21052_,14µm
_21082_,14µm
_21222_,14µm
_21242_,14µm
_21312_,14µm
_21801_,14µm
_21806_,14µm
_21874_,14µm
_22056_,14µm
_22642_,14µm
_23064_,14µm
_23270_,14µm
_23462_,14µm
_23468_,14µm
_23489_,14µm
_23511_,14µm
_23821_,14µm
_23965_,14µm
_24286_,14µm
_24379_,14µm
_24836_,14µm
_24851_,14µm
_25189_,14µm
_25209_,14µm
_25392_,14µm
_25401_,14µm
_25409_,14µm
_25472_,14µm
_25474_,14µm
_25738_,14µm
_26428_,14µm
_26593_,14µm
_26763_,14µm
_26842_,14µm
_27290_,14µm
_27306_,14µm
_27467_,14µm
_27655_,14µm
_27970_,14µm
_28043_,14µm
_28047_,14µm
exit_value_int\[11\],14µm
i_core_v_mini_mcu.ao_peripheral_subsystem_i.mosaic_clint_i.mtimecmp_q\[23\],14µm
i_core_v_mini_mcu.ao_peripheral_subsystem_i.obi_fifo_i.consumer_data_req_q\[26\],14µm
i_core_v_mini_mcu.ao_peripheral_subsystem_i.spi_subsystem_i.obi_spimemio_i.obi_to_picorv32_i.obi_resp_o\[3\],14µm
i_core_v_mini_mcu.ao_peripheral_subsystem_i.tdu_i.task_mem\[1\]\[28\],14µm
i_core_v_mini_mcu.cpu_subsystem_i.cpu_0_0.i_servile.cpu.ctrl.i_utype,14µm
i_core_v_mini_mcu.cpu_subsystem_i.cpu_0_0.i_servile.cpu.decode.o_rd_op,14µm
i_core_v_mini_mcu.cpu_subsystem_i.cpu_0_0.rf_ram_i.memory\[194\]\[0\],14µm
i_core_v_mini_mcu.cpu_subsystem_i.cpu_0_0.rf_ram_i.memory\[512\]\[0\],14µm
i_core_v_mini_mcu.cpu_subsystem_i.cpu_0_0.rf_ram_i.memory\[63\]\[1\],14µm
i_core_v_mini_mcu.cpu_subsystem_i.cpu_0_0.rf_ram_i.regzero,14µm
i_core_v_mini_mcu.cpu_subsystem_i.cpu_1_0.rf_ram_i.memory\[268\]\[1\],14µm
i_core_v_mini_mcu.cpu_subsystem_i.cpu_1_0.rf_ram_i.memory\[44\]\[0\],14µm
i_core_v_mini_mcu.cpu_subsystem_i.cpu_1_0.rf_ram_i.memory\[474\]\[0\],14µm
i_core_v_mini_mcu.cpu_subsystem_i.cpu_1_0.rf_ram_i.memory\[73\]\[0\],14µm
i_core_v_mini_mcu.cpu_subsystem_i.cpu_1_0.rf_ram_i.memory\[78\]\[0\],14µm
i_core_v_mini_mcu.memory_subsystem_i.ram0_i.tc_ram_i.sram\[16\]\[26\],14µm
i_core_v_mini_mcu.memory_subsystem_i.ram0_i.tc_ram_i.sram\[19\]\[0\],14µm
i_core_v_mini_mcu.memory_subsystem_i.ram0_i.tc_ram_i.sram\[30\]\[15\],14µm
i_core_v_mini_mcu.memory_subsystem_i.ram0_i.tc_ram_i.sram\[4\]\[9\],14µm
i_core_v_mini_mcu.memory_subsystem_i.ram0_i.tc_ram_i.sram\[5\]\[29\],14µm
_27267_,13.77µm
i_core_v_mini_mcu.memory_subsystem_i.ram0_i.tc_ram_i.sram\[1\]\[29\],13.77µm
i_core_v_mini_mcu.memory_subsystem_i.ram0_i.tc_ram_i.sram\[29\]\[29\],13.77µm
i_core_v_mini_mcu.cpu_subsystem_i.cpu_1_0.rf_ram_i.memory\[336\]\[0\],13.72µm
i_core_v_mini_mcu.cpu_subsystem_i.cpu_0_0.rf_ram_i.memory\[80\]\[1\],13.67µm
_05395_,13.59µm
_09918_,13.59µm
_09948_,13.59µm
_10015_,13.59µm
_19017_,13.59µm
_21073_,13.59µm
_21454_,13.59µm
_22394_,13.59µm
i_core_v_mini_mcu.ao_peripheral_subsystem_i.tdu_i.cpi_est_q\[15\],13.59µm
i_core_v_mini_mcu.cpu_subsystem_i.cpu_1_0.rf_ram_i.memory\[308\]\[0\],13.59µm
i_core_v_mini_mcu.cpu_subsystem_i.cpu_1_0.rf_ram_i.memory\[402\]\[0\],13.59µm
i_core_v_mini_mcu.memory_subsystem_i.ram0_i.tc_ram_i.sram\[24\]\[28\],13.59µm
i_core_v_mini_mcu.memory_subsystem_i.ram0_i.tc_ram_i.sram\[28\]\[22\],13.59µm
i_core_v_mini_mcu.memory_subsystem_i.ram0_i.tc_ram_i.sram\[30\]\[0\],13.59µm
i_core_v_mini_mcu.memory_subsystem_i.ram0_i.tc_ram_i.sram\[6\]\[15\],13.59µm
_00938_,13.54µm
_01316_,13.54µm
_02356_,13.54µm
_02621_,13.54µm
_04058_,13.54µm
_06044_,13.54µm
_06219_,13.54µm
_06245_,13.54µm
_06299_,13.54µm
_07731_,13.54µm
_08565_,13.54µm
_08732_,13.54µm
_09487_,13.54µm
_09502_,13.54µm
_09521_,13.54µm
_09711_,13.54µm
_10056_,13.54µm
_10239_,13.54µm
_10246_,13.54µm
_10253_,13.54µm
_10320_,13.54µm
_11151_,13.54µm
_12360_,13.54µm
_12678_,13.54µm
_13044_,13.54µm
_13484_,13.54µm
_13860_,13.54µm
_13897_,13.54µm
_16498_,13.54µm
_18770_,13.54µm
_20187_,13.54µm
_21048_,13.54µm
_21192_,13.54µm
_21551_,13.54µm
_21655_,13.54µm
_21805_,13.54µm
_24256_,13.54µm
_24944_,13.54µm
_25458_,13.54µm
_25970_,13.54µm
i_core_v_mini_mcu.ao_peripheral_subsystem_i.power_manager_i.power_manager_reg_top_i.reg2hw\[245\],13.54µm
i_core_v_mini_mcu.ao_peripheral_subsystem_i.soc_ctrl_i.soc_ctrl_reg_top_i.system_frequency_hz_qs\[11\],13.54µm
i_core_v_mini_mcu.ao_peripheral_subsystem_i.soc_ctrl_i.soc_ctrl_reg_top_i.system_frequency_hz_qs\[15\],13.54µm
i_core_v_mini_mcu.ao_peripheral_subsystem_i.spi_subsystem_i.obi_spimemio_i.obi_to_picorv32_i.picorv32_resp_i\[21\],13.54µm
i_core_v_mini_mcu.ao_peripheral_subsystem_i.spi_subsystem_i.obi_spimemio_i.spimemio_i.din_data\[5\],13.54µm
i_core_v_mini_mcu.ao_peripheral_subsystem_i.tdu_i.active_hart_cycles_q\[15\],13.54µm
i_core_v_mini_mcu.cpu_subsystem_i.cpu_0_0.i_servile.arbiter.i_wb_cpu_dbus_adr\[13\],13.54µm
i_core_v_mini_mcu.cpu_subsystem_i.cpu_0_0.i_servile.cpu.gen_align.align.ibus_rdt_concat\[1\],13.54µm
i_core_v_mini_mcu.cpu_subsystem_i.cpu_0_0.rf_ram_i.memory\[150\]\[0\],13.54µm
i_core_v_mini_mcu.cpu_subsystem_i.cpu_0_0.rf_ram_i.memory\[153\]\[0\],13.54µm
i_core_v_mini_mcu.cpu_subsystem_i.cpu_0_0.rf_ram_i.memory\[190\]\[1\],13.54µm
i_core_v_mini_mcu.cpu_subsystem_i.cpu_0_0.rf_ram_i.memory\[350\]\[1\],13.54µm
i_core_v_mini_mcu.cpu_subsystem_i.cpu_0_0.rf_ram_i.memory\[400\]\[1\],13.54µm
i_core_v_mini_mcu.cpu_subsystem_i.cpu_0_0.rf_ram_i.memory\[466\]\[0\],13.54µm
i_core_v_mini_mcu.cpu_subsystem_i.cpu_0_0.rf_ram_i.memory\[480\]\[1\],13.54µm
i_core_v_mini_mcu.cpu_subsystem_i.cpu_0_0.rf_ram_i.memory\[516\]\[0\],13.54µm
i_core_v_mini_mcu.cpu_subsystem_i.cpu_0_0.rf_ram_i.memory\[534\]\[0\],13.54µm
i_core_v_mini_mcu.cpu_subsystem_i.cpu_0_0.rf_ram_i.memory\[61\]\[1\],13.54µm
i_core_v_mini_mcu.cpu_subsystem_i.cpu_1_0.rf_ram_i.memory\[146\]\[0\],13.54µm
i_core_v_mini_mcu.cpu_subsystem_i.cpu_1_0.rf_ram_i.memory\[203\]\[0\],13.54µm
i_core_v_mini_mcu.cpu_subsystem_i.cpu_1_0.rf_ram_i.memory\[204\]\[1\],13.54µm
i_core_v_mini_mcu.cpu_subsystem_i.cpu_1_0.rf_ram_i.memory\[256\]\[0\],13.54µm
i_core_v_mini_mcu.cpu_subsystem_i.cpu_1_0.rf_ram_i.memory\[256\]\[1\],13.54µm
i_core_v_mini_mcu.cpu_subsystem_i.cpu_1_0.rf_ram_i.memory\[311\]\[1\],13.54µm
i_core_v_mini_mcu.cpu_subsystem_i.cpu_1_0.rf_ram_i.memory\[319\]\[0\],13.54µm
i_core_v_mini_mcu.cpu_subsystem_i.cpu_1_0.rf_ram_i.memory\[355\]\[0\],13.54µm
i_core_v_mini_mcu.cpu_subsystem_i.cpu_1_0.rf_ram_i.memory\[425\]\[1\],13.54µm
i_core_v_mini_mcu.cpu_subsystem_i.cpu_1_0.rf_ram_i.memory\[489\]\[1\],13.54µm
i_core_v_mini_mcu.memory_subsystem_i.ram0_i.tc_ram_i.sram\[13\]\[20\],13.54µm
i_core_v_mini_mcu.memory_subsystem_i.ram0_i.tc_ram_i.sram\[14\]\[10\],13.54µm
i_core_v_mini_mcu.memory_subsystem_i.ram0_i.tc_ram_i.sram\[15\]\[18\],13.54µm
i_core_v_mini_mcu.memory_subsystem_i.ram0_i.tc_ram_i.sram\[19\]\[19\],13.54µm
i_core_v_mini_mcu.memory_subsystem_i.ram0_i.tc_ram_i.sram\[22\]\[31\],13.54µm
i_core_v_mini_mcu.memory_subsystem_i.ram0_i.tc_ram_i.sram\[23\]\[19\],13.54µm
i_core_v_mini_mcu.memory_subsystem_i.ram0_i.tc_ram_i.sram\[28\]\[12\],13.54µm
i_core_v_mini_mcu.memory_subsystem_i.ram0_i.tc_ram_i.sram\[31\]\[9\],13.54µm
i_core_v_mini_mcu.memory_subsystem_i.ram0_i.tc_ram_i.sram\[4\]\[15\],13.54µm
i_core_v_mini_mcu.memory_subsystem_i.ram0_i.tc_ram_i.sram\[9\]\[20\],13.54µm
_00028_,13.49µm
_00052_,13.49µm
_00198_,13.49µm
_00395_,13.49µm
_00437_,13.49µm
_00502_,13.49µm
_00729_,13.49µm
_00898_,13.49µm
_00962_,13.49µm
_01169_,13.49µm
_01431_,13.49µm
_01446_,13.49µm
_01450_,13.49µm
_01481_,13.49µm
_01629_,13.49µm
_01953_,13.49µm
_02115_,13.49µm
_02239_,13.49µm
_02240_,13.49µm
_02381_,13.49µm
_02501_,13.49µm
_03385_,13.49µm
_03621_,13.49µm
_03814_,13.49µm
_04108_,13.49µm
_04129_,13.49µm
_04227_,13.49µm
_04230_,13.49µm
_04397_,13.49µm
_04532_,13.49µm
_04537_,13.49µm
_04770_,13.49µm
_05106_,13.49µm
_05320_,13.49µm
_05779_,13.49µm
_05795_,13.49µm
_05946_,13.49µm
_06038_,13.49µm
_06067_,13.49µm
_06226_,13.49µm
_06291_,13.49µm
_06334_,13.49µm
_06614_,13.49µm
_06815_,13.49µm
_06923_,13.49µm
_07114_,13.49µm
_07443_,13.49µm
_07913_,13.49µm
_08079_,13.49µm
_08162_,13.49µm
_08240_,13.49µm
_08277_,13.49µm
_08606_,13.49µm
_08631_,13.49µm
_08664_,13.49µm
_08703_,13.49µm
_08926_,13.49µm
_09160_,13.49µm
_09167_,13.49µm
_09323_,13.49µm
_09404_,13.49µm
_09423_,13.49µm
_09445_,13.49µm
_09528_,13.49µm
_09929_,13.49µm
_09949_,13.49µm
_10219_,13.49µm
_10273_,13.49µm
_10394_,13.49µm
_10455_,13.49µm
_11242_,13.49µm
_11350_,13.49µm
_11360_,13.49µm
_11467_,13.49µm
_11792_,13.49µm
_11938_,13.49µm
_11970_,13.49µm
_12061_,13.49µm
_12109_,13.49µm
_12193_,13.49µm
_12278_,13.49µm
_12654_,13.49µm
_12799_,13.49µm
_13024_,13.49µm
_13080_,13.49µm
_13281_,13.49µm
_13491_,13.49µm
_13542_,13.49µm
_13646_,13.49µm
_13679_,13.49µm
_13689_,13.49µm
_13741_,13.49µm
_13751_,13.49µm
_13756_,13.49µm
_14169_,13.49µm
_14250_,13.49µm
_14474_,13.49µm
_14601_,13.49µm
_14719_,13.49µm
_14923_,13.49µm
_14989_,13.49µm
_15234_,13.49µm
_15321_,13.49µm
_15354_,13.49µm
_15363_,13.49µm
_15414_,13.49µm
_15533_,13.49µm
_15551_,13.49µm
_15673_,13.49µm
_15821_,13.49µm
_15854_,13.49µm
_15892_,13.49µm
_16147_,13.49µm
_16162_,13.49µm
_16281_,13.49µm
_17184_,13.49µm
_17322_,13.49µm
_17503_,13.49µm
_17652_,13.49µm
_17758_,13.49µm
_17807_,13.49µm
_17867_,13.49µm
_17907_,13.49µm
_17909_,13.49µm
_18288_,13.49µm
_18497_,13.49µm
_18556_,13.49µm
_18736_,13.49µm
_18896_,13.49µm
_18900_,13.49µm
_18924_,13.49µm
_18973_,13.49µm
_19180_,13.49µm
_19210_,13.49µm
_19400_,13.49µm
_19482_,13.49µm
_19515_,13.49µm
_19626_,13.49µm
_19710_,13.49µm
_19866_,13.49µm
_19879_,13.49µm
_19956_,13.49µm
_20769_,13.49µm
_20799_,13.49µm
_20995_,13.49µm
_21644_,13.49µm
_21846_,13.49µm
_21963_,13.49µm
_22304_,13.49µm
_22540_,13.49µm
_22689_,13.49µm
_22720_,13.49µm
_22911_,13.49µm
_23098_,13.49µm
_23194_,13.49µm
_23561_,13.49µm
_23738_,13.49µm
_23849_,13.49µm
_23923_,13.49µm
_24331_,13.49µm
_24635_,13.49µm
_24807_,13.49µm
_25013_,13.49µm
_25027_,13.49µm
_25115_,13.49µm
_25197_,13.49µm
_25284_,13.49µm
_25335_,13.49µm
_25467_,13.49µm
_25499_,13.49µm
_25520_,13.49µm
_25528_,13.49µm
_25736_,13.49µm
_25746_,13.49µm
_25862_,13.49µm
_25882_,13.49µm
_26031_,13.49µm
_26091_,13.49µm
_26514_,13.49µm
_26559_,13.49µm
_26581_,13.49µm
_26762_,13.49µm
_26795_,13.49µm
_26856_,13.49µm
_26872_,13.49µm
_27145_,13.49µm
_27255_,13.49µm
_27469_,13.49µm
_27550_,13.49µm
_27714_,13.49µm
_27809_,13.49µm
_27894_,13.49µm
i_core_v_mini_mcu.ao_peripheral_subsystem_i.power_manager_i.power_manager_reg_top_i.global_pointer_qs\[25\],13.49µm
i_core_v_mini_mcu.ao_peripheral_subsystem_i.power_manager_i.power_manager_reg_top_i.intr_state_qs\[4\],13.49µm
i_core_v_mini_mcu.ao_peripheral_subsystem_i.power_manager_i.reg_to_counter_cpu_reset_assert_i.counter_curr_state\[0\],13.49µm
i_core_v_mini_mcu.ao_peripheral_subsystem_i.soc_ctrl_i.reg2hw\[18\],13.49µm
i_core_v_mini_mcu.ao_peripheral_subsystem_i.spi_subsystem_i.obi_spimemio_i.obi_to_picorv32_i.picorv32_resp_i\[22\],13.49µm
i_core_v_mini_mcu.ao_peripheral_subsystem_i.tdu_i.task_mem\[6\]\[22\],13.49µm
i_core_v_mini_mcu.cpu_subsystem_i.cpu_0_0.i_servile.cpu.immdec.gen_immdec_w_eq_1.imm19_12_20\[2\],13.49µm
i_core_v_mini_mcu.cpu_subsystem_i.cpu_0_0.rf_ram_i.memory\[125\]\[0\],13.49µm
i_core_v_mini_mcu.cpu_subsystem_i.cpu_0_0.rf_ram_i.memory\[232\]\[1\],13.49µm
i_core_v_mini_mcu.cpu_subsystem_i.cpu_0_0.rf_ram_i.memory\[270\]\[0\],13.49µm
i_core_v_mini_mcu.cpu_subsystem_i.cpu_0_0.rf_ram_i.memory\[279\]\[0\],13.49µm
i_core_v_mini_mcu.cpu_subsystem_i.cpu_0_0.rf_ram_i.memory\[444\]\[0\],13.49µm
i_core_v_mini_mcu.cpu_subsystem_i.cpu_0_0.rf_ram_i.memory\[478\]\[0\],13.49µm
i_core_v_mini_mcu.cpu_subsystem_i.cpu_0_0.rf_ram_i.memory\[507\]\[1\],13.49µm
i_core_v_mini_mcu.cpu_subsystem_i.cpu_0_0.rf_ram_i.memory\[92\]\[1\],13.49µm
i_core_v_mini_mcu.cpu_subsystem_i.cpu_1_0.rf_ram_i.memory\[118\]\[1\],13.49µm
i_core_v_mini_mcu.cpu_subsystem_i.cpu_1_0.rf_ram_i.memory\[187\]\[1\],13.49µm
i_core_v_mini_mcu.cpu_subsystem_i.cpu_1_0.rf_ram_i.memory\[214\]\[0\],13.49µm
i_core_v_mini_mcu.cpu_subsystem_i.cpu_1_0.rf_ram_i.memory\[297\]\[0\],13.49µm
i_core_v_mini_mcu.cpu_subsystem_i.cpu_1_0.rf_ram_i.memory\[328\]\[1\],13.49µm
i_core_v_mini_mcu.cpu_subsystem_i.cpu_1_0.rf_ram_i.memory\[364\]\[1\],13.49µm
i_core_v_mini_mcu.cpu_subsystem_i.cpu_1_0.rf_ram_i.memory\[368\]\[0\],13.49µm
i_core_v_mini_mcu.cpu_subsystem_i.cpu_1_0.rf_ram_i.memory\[409\]\[0\],13.49µm
i_core_v_mini_mcu.cpu_subsystem_i.cpu_1_0.rf_ram_i.memory\[82\]\[1\],13.49µm
i_core_v_mini_mcu.cpu_subsystem_i.cpu_1_0.rf_ram_i.memory\[94\]\[0\],13.49µm
i_core_v_mini_mcu.memory_subsystem_i.ram0_i.tc_ram_i.sram\[14\]\[20\],13.49µm
i_core_v_mini_mcu.memory_subsystem_i.ram0_i.tc_ram_i.sram\[17\]\[21\],13.49µm
i_core_v_mini_mcu.memory_subsystem_i.ram0_i.tc_ram_i.sram\[20\]\[15\],13.49µm
i_core_v_mini_mcu.memory_subsystem_i.ram0_i.tc_ram_i.sram\[24\]\[11\],13.49µm
i_core_v_mini_mcu.memory_subsystem_i.ram0_i.tc_ram_i.sram\[26\]\[14\],13.49µm
i_core_v_mini_mcu.memory_subsystem_i.ram0_i.tc_ram_i.sram\[31\]\[10\],13.49µm
i_core_v_mini_mcu.memory_subsystem_i.ram0_i.tc_ram_i.sram\[3\]\[12\],13.49µm
i_core_v_mini_mcu.memory_subsystem_i.ram0_i.tc_ram_i.sram\[3\]\[16\],13.49µm
i_core_v_mini_mcu.memory_subsystem_i.ram0_i.tc_ram_i.sram\[3\]\[7\],13.49µm
i_core_v_mini_mcu.memory_subsystem_i.ram0_i.tc_ram_i.sram\[6\]\[13\],13.49µm
i_core_v_mini_mcu.memory_subsystem_i.ram0_i.tc_ram_i.sram\[7\]\[26\],13.49µm
i_core_v_mini_mcu.memory_subsystem_i.ram0_i.tc_ram_i.sram\[9\]\[6\],13.49µm
net1234,13.49µm
_00065_,13.44µm
_00069_,13.44µm
_00266_,13.44µm
_00339_,13.44µm
_00397_,13.44µm
_00423_,13.44µm
_00441_,13.44µm
_00492_,13.44µm
_00672_,13.44µm
_01005_,13.44µm
_01050_,13.44µm
_01478_,13.44µm
_01493_,13.44µm
_01524_,13.44µm
_01916_,13.44µm
_02024_,13.44µm
_02032_,13.44µm
_02149_,13.44µm
_02193_,13.44µm
_02275_,13.44µm
_02406_,13.44µm
_02426_,13.44µm
_02457_,13.44µm
_02674_,13.44µm
_02926_,13.44µm
_03738_,13.44µm
_03769_,13.44µm
_03845_,13.44µm
_03996_,13.44µm
_04451_,13.44µm
_04503_,13.44µm
_04967_,13.44µm
_05126_,13.44µm
_05186_,13.44µm
_05205_,13.44µm
_05354_,13.44µm
_05739_,13.44µm
_05953_,13.44µm
_06078_,13.44µm
_06147_,13.44µm
_06173_,13.44µm
_06346_,13.44µm
_06574_,13.44µm
_07005_,13.44µm
_07384_,13.44µm
_07408_,13.44µm
_07465_,13.44µm
_07550_,13.44µm
_07667_,13.44µm
_07920_,13.44µm
_08978_,13.44µm
_09382_,13.44µm
_10173_,13.44µm
_10326_,13.44µm
_10406_,13.44µm
_11045_,13.44µm
_11067_,13.44µm
_11088_,13.44µm
_11193_,13.44µm
_11362_,13.44µm
_11539_,13.44µm
_11575_,13.44µm
_11826_,13.44µm
_11849_,13.44µm
_12033_,13.44µm
_12092_,13.44µm
_12126_,13.44µm
_12269_,13.44µm
_12773_,13.44µm
_12802_,13.44µm
_12828_,13.44µm
_13023_,13.44µm
_13158_,13.44µm
_13354_,13.44µm
_13363_,13.44µm
_13445_,13.44µm
_13546_,13.44µm
_13657_,13.44µm
_13752_,13.44µm
_14062_,13.44µm
_14069_,13.44µm
_14333_,13.44µm
_14526_,13.44µm
_14538_,13.44µm
_14788_,13.44µm
_14877_,13.44µm
_15493_,13.44µm
_15523_,13.44µm
_15643_,13.44µm
_15735_,13.44µm
_15746_,13.44µm
_15767_,13.44µm
_15972_,13.44µm
_15995_,13.44µm
_16282_,13.44µm
_16619_,13.44µm
_16962_,13.44µm
_16964_,13.44µm
_17044_,13.44µm
_17515_,13.44µm
_17676_,13.44µm
_17704_,13.44µm
_17745_,13.44µm
_18060_,13.44µm
_18135_,13.44µm
_18499_,13.44µm
_18559_,13.44µm
_18640_,13.44µm
_18677_,13.44µm
_18767_,13.44µm
_18814_,13.44µm
_18836_,13.44µm
_18938_,13.44µm
_18987_,13.44µm
_18991_,13.44µm
_19152_,13.44µm
_19392_,13.44µm
_19425_,13.44µm
_19533_,13.44µm
_19598_,13.44µm
_19649_,13.44µm
_19664_,13.44µm
_19728_,13.44µm
_19889_,13.44µm
_19891_,13.44µm
_19905_,13.44µm
_19908_,13.44µm
_19962_,13.44µm
_20041_,13.44µm
_20082_,13.44µm
_20087_,13.44µm
_20123_,13.44µm
_20482_,13.44µm
_20575_,13.44µm
_20631_,13.44µm
_20731_,13.44µm
_20773_,13.44µm
_20872_,13.44µm
_21102_,13.44µm
_21280_,13.44µm
_21449_,13.44µm
_21575_,13.44µm
_21626_,13.44µm
_21856_,13.44µm
_21896_,13.44µm
_21972_,13.44µm
_22036_,13.44µm
_22055_,13.44µm
_22276_,13.44µm
_22385_,13.44µm
_22578_,13.44µm
_22916_,13.44µm
_23571_,13.44µm
_23577_,13.44µm
_23598_,13.44µm
_23705_,13.44µm
_23726_,13.44µm
_23743_,13.44µm
_24164_,13.44µm
_24334_,13.44µm
_24648_,13.44µm
_24772_,13.44µm
_24833_,13.44µm
_24872_,13.44µm
_25227_,13.44µm
_25536_,13.44µm
_25687_,13.44µm
_25688_,13.44µm
_25718_,13.44µm
_25773_,13.44µm
_26039_,13.44µm
_26281_,13.44µm
_26400_,13.44µm
_26509_,13.44µm
_26667_,13.44µm
_26669_,13.44µm
_26893_,13.44µm
_26920_,13.44µm
_26921_,13.44µm
_27084_,13.44µm
_27215_,13.44µm
_27485_,13.44µm
_27765_,13.44µm
_27856_,13.44µm
_27859_,13.44µm
i_core_v_mini_mcu.ao_peripheral_subsystem_i.obi_fifo_i.consumer_data_req_q\[14\],13.44µm
i_core_v_mini_mcu.ao_peripheral_subsystem_i.power_manager_i.power_manager_reg_top_i.u_intr_state.wr_data\[11\],13.44µm
i_core_v_mini_mcu.ao_peripheral_subsystem_i.soc_ctrl_i.reg2hw\[15\],13.44µm
i_core_v_mini_mcu.ao_peripheral_subsystem_i.tdu_i.task_mem\[2\]\[22\],13.44µm
i_core_v_mini_mcu.ao_peripheral_subsystem_i.tdu_i.task_mem\[6\]\[21\],13.44µm
i_core_v_mini_mcu.cpu_subsystem_i.cpu_0_0.i_servile.cpu.gen_align.align.ibus_rdt_concat\[11\],13.44µm
i_core_v_mini_mcu.cpu_subsystem_i.cpu_0_0.i_servile.rf_ram_if.wdata1_r\[2\],13.44µm
i_core_v_mini_mcu.cpu_subsystem_i.cpu_0_0.rf_ram_i.memory\[107\]\[1\],13.44µm
i_core_v_mini_mcu.cpu_subsystem_i.cpu_0_0.rf_ram_i.memory\[285\]\[0\],13.44µm
i_core_v_mini_mcu.cpu_subsystem_i.cpu_0_0.rf_ram_i.memory\[354\]\[0\],13.44µm
i_core_v_mini_mcu.cpu_subsystem_i.cpu_0_0.rf_ram_i.memory\[489\]\[0\],13.44µm
i_core_v_mini_mcu.cpu_subsystem_i.cpu_0_0.rf_ram_i.memory\[500\]\[0\],13.44µm
i_core_v_mini_mcu.cpu_subsystem_i.cpu_0_0.rf_ram_i.memory\[554\]\[0\],13.44µm
i_core_v_mini_mcu.cpu_subsystem_i.cpu_0_0.rf_ram_i.memory\[68\]\[1\],13.44µm
i_core_v_mini_mcu.cpu_subsystem_i.cpu_1_0.rf_ram_i.memory\[334\]\[0\],13.44µm
i_core_v_mini_mcu.cpu_subsystem_i.cpu_1_0.rf_ram_i.memory\[404\]\[1\],13.44µm
i_core_v_mini_mcu.memory_subsystem_i.ram0_i.tc_ram_i.r_addr_q\[0\],13.44µm
i_core_v_mini_mcu.memory_subsystem_i.ram0_i.tc_ram_i.sram\[19\]\[13\],13.44µm
i_core_v_mini_mcu.memory_subsystem_i.ram0_i.tc_ram_i.sram\[22\]\[13\],13.44µm
i_core_v_mini_mcu.memory_subsystem_i.ram0_i.tc_ram_i.sram\[26\]\[27\],13.44µm
i_core_v_mini_mcu.memory_subsystem_i.ram0_i.tc_ram_i.sram\[4\]\[26\],13.44µm
i_core_v_mini_mcu.peripheral_subsystem_i.uart_i.reg2hw\[8\],13.44µm
i_core_v_mini_mcu.peripheral_subsystem_i.uart_i.uart_core.u_uart_rxfifo.gen_normal_fifo.storage\[1\],13.44µm
i_core_v_mini_mcu.ao_peripheral_subsystem_i.soc_ctrl_i.soc_ctrl_reg_top_i.system_frequency_hz_qs\[27\],13.26µm
i_core_v_mini_mcu.cpu_subsystem_i.cpu_1_0.rf_ram_i.memory\[71\]\[0\],13.26µm
i_core_v_mini_mcu.cpu_subsystem_i.cpu_0_0.rf_ram_i.memory\[58\]\[1\],13.21µm
i_core_v_mini_mcu.cpu_subsystem_i.cpu_1_0.rf_ram_i.memory\[200\]\[1\],13.21µm
_24770_,13.16µm
_23222_,13.08µm
i_core_v_mini_mcu.cpu_subsystem_i.cpu_1_0.i_servile.arbiter.i_wb_cpu_dbus_adr\[26\],13.08µm
_06315_,13.03µm
_08841_,13.03µm
_09353_,13.03µm
_09570_,13.03µm
_12233_,13.03µm
_12304_,13.03µm
_23528_,13.03µm
_26117_,13.03µm
i_core_v_mini_mcu.ao_peripheral_subsystem_i.power_manager_i.power_manager_reg_top_i.global_pointer_qs\[22\],13.03µm
i_core_v_mini_mcu.ao_peripheral_subsystem_i.tdu_i.task_mem\[5\]\[26\],13.03µm
i_core_v_mini_mcu.cpu_subsystem_i.cpu_0_0.rf_ram_i.memory\[241\]\[0\],13.03µm
i_core_v_mini_mcu.cpu_subsystem_i.cpu_1_0.rf_ram_i.memory\[144\]\[0\],13.03µm
i_core_v_mini_mcu.cpu_subsystem_i.cpu_1_0.rf_ram_i.memory\[231\]\[0\],13.03µm
i_core_v_mini_mcu.memory_subsystem_i.ram0_i.tc_ram_i.sram\[5\]\[14\],13.03µm
_00231_,12.98µm
_00234_,12.98µm
_00872_,12.98µm
_00879_,12.98µm
_01094_,12.98µm
_01456_,12.98µm
_01508_,12.98µm
_02527_,12.98µm
_05548_,12.98µm
_05724_,12.98µm
_07125_,12.98µm
_07637_,12.98µm
_08142_,12.98µm
_08437_,12.98µm
_09504_,12.98µm
_10029_,12.98µm
_10201_,12.98µm
_10390_,12.98µm
_11027_,12.98µm
_12162_,12.98µm
_12299_,12.98µm
_12551_,12.98µm
_14894_,12.98µm
_16285_,12.98µm
_19867_,12.98µm
_20043_,12.98µm
_20096_,12.98µm
_20424_,12.98µm
_21610_,12.98µm
_21758_,12.98µm
_24631_,12.98µm
_26160_,12.98µm
_27299_,12.98µm
_27943_,12.98µm
i_core_v_mini_mcu.ao_peripheral_subsystem_i.power_manager_i.peripheral_subsystem_powergate_iso_n,12.98µm
i_core_v_mini_mcu.ao_peripheral_subsystem_i.spi_subsystem_i.obi_spimemio_i.spimemio_i.xfer.xfer_tag\[2\],12.98µm
i_core_v_mini_mcu.ao_peripheral_subsystem_i.tdu_i.cpi_est_q\[4\],12.98µm
i_core_v_mini_mcu.cpu_subsystem_i.cpu_0_0.i_servile.cpu.ctrl.o_ibus_adr\[15\],12.98µm
i_core_v_mini_mcu.cpu_subsystem_i.cpu_0_0.rf_ram_i.memory\[141\]\[0\],12.98µm
i_core_v_mini_mcu.cpu_subsystem_i.cpu_0_0.rf_ram_i.memory\[203\]\[1\],12.98µm
i_core_v_mini_mcu.cpu_subsystem_i.cpu_0_0.rf_ram_i.memory\[231\]\[1\],12.98µm
i_core_v_mini_mcu.cpu_subsystem_i.cpu_0_0.rf_ram_i.memory\[282\]\[1\],12.98µm
i_core_v_mini_mcu.cpu_subsystem_i.cpu_0_0.rf_ram_i.memory\[349\]\[1\],12.98µm
i_core_v_mini_mcu.cpu_subsystem_i.cpu_0_0.rf_ram_i.memory\[403\]\[0\],12.98µm
i_core_v_mini_mcu.cpu_subsystem_i.cpu_0_0.rf_ram_i.memory\[486\]\[1\],12.98µm
i_core_v_mini_mcu.cpu_subsystem_i.cpu_0_0.rf_ram_i.memory\[4\]\[0\],12.98µm
i_core_v_mini_mcu.cpu_subsystem_i.cpu_0_0.rf_ram_i.memory\[540\]\[0\],12.98µm
i_core_v_mini_mcu.cpu_subsystem_i.cpu_1_0.rf_ram_i.memory\[230\]\[0\],12.98µm
i_core_v_mini_mcu.cpu_subsystem_i.cpu_1_0.rf_ram_i.memory\[285\]\[1\],12.98µm
i_core_v_mini_mcu.cpu_subsystem_i.cpu_1_0.rf_ram_i.memory\[365\]\[1\],12.98µm
i_core_v_mini_mcu.cpu_subsystem_i.cpu_1_0.rf_ram_i.memory\[426\]\[1\],12.98µm
i_core_v_mini_mcu.cpu_subsystem_i.cpu_1_0.rf_ram_i.memory\[461\]\[1\],12.98µm
i_core_v_mini_mcu.memory_subsystem_i.ram0_i.tc_ram_i.sram\[13\]\[7\],12.98µm
i_core_v_mini_mcu.memory_subsystem_i.ram0_i.tc_ram_i.sram\[17\]\[30\],12.98µm
i_core_v_mini_mcu.memory_subsystem_i.ram0_i.tc_ram_i.sram\[20\]\[9\],12.98µm
i_core_v_mini_mcu.memory_subsystem_i.ram0_i.tc_ram_i.sram\[23\]\[13\],12.98µm
i_core_v_mini_mcu.memory_subsystem_i.ram0_i.tc_ram_i.sram\[24\]\[9\],12.98µm
i_core_v_mini_mcu.memory_subsystem_i.ram0_i.tc_ram_i.sram\[28\]\[26\],12.98µm
i_core_v_mini_mcu.memory_subsystem_i.ram0_i.tc_ram_i.sram\[2\]\[3\],12.98µm
i_core_v_mini_mcu.memory_subsystem_i.ram0_i.tc_ram_i.sram\[30\]\[31\],12.98µm
i_core_v_mini_mcu.peripheral_subsystem_i.uart_i.uart_core.u_uart_rxfifo.gen_normal_fifo.storage\[22\],12.98µm
_00020_,12.93µm
_00033_,12.93µm
_00255_,12.93µm
_00442_,12.93µm
_00464_,12.93µm
_00737_,12.93µm
_00764_,12.93µm
_00853_,12.93µm
_01119_,12.93µm
_01122_,12.93µm
_01148_,12.93µm
_01228_,12.93µm
_01252_,12.93µm
_01733_,12.93µm
_01815_,12.93µm
_01863_,12.93µm
_01981_,12.93µm
_02011_,12.93µm
_02181_,12.93µm
_02364_,12.93µm
_02532_,12.93µm
_02603_,12.93µm
_03062_,12.93µm
_03389_,12.93µm
_03569_,12.93µm
_03650_,12.93µm
_03666_,12.93µm
_03824_,12.93µm
_03994_,12.93µm
_04121_,12.93µm
_04328_,12.93µm
_04339_,12.93µm
_04349_,12.93µm
_04613_,12.93µm
_04698_,12.93µm
_04735_,12.93µm
_04819_,12.93µm
_05089_,12.93µm
_05352_,12.93µm
_05404_,12.93µm
_05570_,12.93µm
_06086_,12.93µm
_06278_,12.93µm
_06371_,12.93µm
_06519_,12.93µm
_07661_,12.93µm
_07816_,12.93µm
_08125_,12.93µm
_08170_,12.93µm
_08287_,12.93µm
_08472_,12.93µm
_08620_,12.93µm
_09028_,12.93µm
_09136_,12.93µm
_09195_,12.93µm
_09300_,12.93µm
_09354_,12.93µm
_09473_,12.93µm
_09677_,12.93µm
_09777_,12.93µm
_09807_,12.93µm
_09828_,12.93µm
_09866_,12.93µm
_10144_,12.93µm
_10261_,12.93µm
_10614_,12.93µm
_10781_,12.93µm
_11140_,12.93µm
_11285_,12.93µm
_11319_,12.93µm
_11511_,12.93µm
_11634_,12.93µm
_11651_,12.93µm
_11879_,12.93µm
_11886_,12.93µm
_12064_,12.93µm
_12238_,12.93µm
_12258_,12.93µm
_12345_,12.93µm
_12501_,12.93µm
_13090_,12.93µm
_13147_,12.93µm
_13228_,12.93µm
_13638_,12.93µm
_14469_,12.93µm
_14487_,12.93µm
_14668_,12.93µm
_14797_,12.93µm
_14845_,12.93µm
_14893_,12.93µm
_15242_,12.93µm
_15428_,12.93µm
_15480_,12.93µm
_15690_,12.93µm
_15874_,12.93µm
_15947_,12.93µm
_16102_,12.93µm
_16287_,12.93µm
_16514_,12.93µm
_16561_,12.93µm
_16674_,12.93µm
_16690_,12.93µm
_16822_,12.93µm
_16890_,12.93µm
_17047_,12.93µm
_17050_,12.93µm
_17128_,12.93µm
_17144_,12.93µm
_17204_,12.93µm
_17207_,12.93µm
_17370_,12.93µm
_17461_,12.93µm
_17494_,12.93µm
_17627_,12.93µm
_18131_,12.93µm
_18300_,12.93µm
_18416_,12.93µm
_18426_,12.93µm
_18477_,12.93µm
_18493_,12.93µm
_18848_,12.93µm
_18871_,12.93µm
_18894_,12.93µm
_19002_,12.93µm
_19097_,12.93µm
_19242_,12.93µm
_19310_,12.93µm
_19346_,12.93µm
_19605_,12.93µm
_19797_,12.93µm
_20006_,12.93µm
_20025_,12.93µm
_20225_,12.93µm
_20341_,12.93µm
_20347_,12.93µm
_20525_,12.93µm
_20665_,12.93µm
_21227_,12.93µm
_21284_,12.93µm
_21292_,12.93µm
_21420_,12.93µm
_21601_,12.93µm
_21693_,12.93µm
_21849_,12.93µm
_22030_,12.93µm
_22415_,12.93µm
_22524_,12.93µm
_22555_,12.93µm
_22606_,12.93µm
_22806_,12.93µm
_22834_,12.93µm
_22864_,12.93µm
_23068_,12.93µm
_23087_,12.93µm
_23093_,12.93µm
_23445_,12.93µm
_23578_,12.93µm
_23633_,12.93µm
_23812_,12.93µm
_24013_,12.93µm
_24660_,12.93µm
_24816_,12.93µm
_24902_,12.93µm
_25120_,12.93µm
_25247_,12.93µm
_25424_,12.93µm
_25788_,12.93µm
_25946_,12.93µm
_25950_,12.93µm
_26239_,12.93µm
_26273_,12.93µm
_26308_,12.93µm
_26356_,12.93µm
_26450_,12.93µm
_26496_,12.93µm
_27350_,12.93µm
_27359_,12.93µm
_27450_,12.93µm
_27556_,12.93µm
_27582_,12.93µm
_28004_,12.93µm
_28025_,12.93µm
i_core_v_mini_mcu.ao_peripheral_subsystem_i.power_manager_i.power_manager_counter_sequence_cpu_iso_i.sequence_curr_state\[2\],12.93µm
i_core_v_mini_mcu.ao_peripheral_subsystem_i.power_manager_i.power_manager_reg_top_i.cpu_reset_assert_counter_qs\[12\],12.93µm
i_core_v_mini_mcu.ao_peripheral_subsystem_i.power_manager_i.power_manager_reg_top_i.u_intr_state.wr_data\[5\],12.93µm
i_core_v_mini_mcu.ao_peripheral_subsystem_i.power_manager_i.power_manager_sequence_ram_0_switch_i.sequence_curr_state\[4\],12.93µm
i_core_v_mini_mcu.ao_peripheral_subsystem_i.spi_subsystem_i.obi_spimemio_i.obi_to_picorv32_i.obi_resp_o\[1\],12.93µm
i_core_v_mini_mcu.ao_peripheral_subsystem_i.spi_subsystem_i.obi_spimemio_i.spimemio_i.state\[3\],12.93µm
i_core_v_mini_mcu.cpu_subsystem_i.cpu_0_0.rf_ram_i.memory\[124\]\[0\],12.93µm
i_core_v_mini_mcu.cpu_subsystem_i.cpu_0_0.rf_ram_i.memory\[148\]\[0\],12.93µm
i_core_v_mini_mcu.cpu_subsystem_i.cpu_0_0.rf_ram_i.memory\[237\]\[0\],12.93µm
i_core_v_mini_mcu.cpu_subsystem_i.cpu_0_0.rf_ram_i.memory\[289\]\[1\],12.93µm
i_core_v_mini_mcu.cpu_subsystem_i.cpu_0_0.rf_ram_i.memory\[293\]\[1\],12.93µm
i_core_v_mini_mcu.cpu_subsystem_i.cpu_0_0.rf_ram_i.memory\[436\]\[1\],12.93µm
i_core_v_mini_mcu.cpu_subsystem_i.cpu_0_0.rf_ram_i.memory\[449\]\[0\],12.93µm
i_core_v_mini_mcu.cpu_subsystem_i.cpu_0_0.rf_ram_i.memory\[473\]\[1\],12.93µm
i_core_v_mini_mcu.cpu_subsystem_i.cpu_0_0.rf_ram_i.memory\[475\]\[1\],12.93µm
i_core_v_mini_mcu.cpu_subsystem_i.cpu_0_0.rf_ram_i.memory\[47\]\[1\],12.93µm
i_core_v_mini_mcu.cpu_subsystem_i.cpu_0_0.rf_ram_i.memory\[535\]\[0\],12.93µm
i_core_v_mini_mcu.cpu_subsystem_i.cpu_0_0.rf_ram_i.memory\[71\]\[0\],12.93µm
i_core_v_mini_mcu.cpu_subsystem_i.cpu_0_0.rf_ram_i.memory\[76\]\[0\],12.93µm
i_core_v_mini_mcu.cpu_subsystem_i.cpu_1_0.rf_ram_i.memory\[152\]\[1\],12.93µm
i_core_v_mini_mcu.cpu_subsystem_i.cpu_1_0.rf_ram_i.memory\[153\]\[0\],12.93µm
i_core_v_mini_mcu.cpu_subsystem_i.cpu_1_0.rf_ram_i.memory\[232\]\[1\],12.93µm
i_core_v_mini_mcu.cpu_subsystem_i.cpu_1_0.rf_ram_i.memory\[362\]\[1\],12.93µm
i_core_v_mini_mcu.cpu_subsystem_i.cpu_1_0.rf_ram_i.memory\[70\]\[1\],12.93µm
i_core_v_mini_mcu.cpu_subsystem_i.cpu_1_0.rf_ram_i.memory\[72\]\[0\],12.93µm
i_core_v_mini_mcu.cpu_subsystem_i.cpu_1_0.rf_ram_i.memory\[85\]\[0\],12.93µm
i_core_v_mini_mcu.memory_subsystem_i.ram0_i.tc_ram_i.sram\[12\]\[16\],12.93µm
i_core_v_mini_mcu.memory_subsystem_i.ram0_i.tc_ram_i.sram\[13\]\[0\],12.93µm
i_core_v_mini_mcu.memory_subsystem_i.ram0_i.tc_ram_i.sram\[26\]\[19\],12.93µm
i_core_v_mini_mcu.memory_subsystem_i.ram0_i.tc_ram_i.sram\[29\]\[1\],12.93µm
i_core_v_mini_mcu.memory_subsystem_i.ram0_i.tc_ram_i.sram\[29\]\[20\],12.93µm
i_core_v_mini_mcu.memory_subsystem_i.ram0_i.tc_ram_i.sram\[30\]\[25\],12.93µm
i_core_v_mini_mcu.memory_subsystem_i.ram0_i.tc_ram_i.sram\[4\]\[8\],12.93µm
i_core_v_mini_mcu.memory_subsystem_i.ram0_i.tc_ram_i.sram\[5\]\[22\],12.93µm
i_core_v_mini_mcu.memory_subsystem_i.ram0_i.tc_ram_i.sram\[6\]\[30\],12.93µm
i_core_v_mini_mcu.peripheral_subsystem_i.obi_fifo_i.consumer_data_req_q\[30\],12.93µm
i_core_v_mini_mcu.peripheral_subsystem_i.uart_i.uart_core.nco_sum_q\[12\],12.93µm
net1193,12.93µm
_00046_,12.88µm
_00078_,12.88µm
_00690_,12.88µm
_00710_,12.88µm
_00864_,12.88µm
_00983_,12.88µm
_00987_,12.88µm
_01125_,12.88µm
_01140_,12.88µm
_01144_,12.88µm
_01167_,12.88µm
_01190_,12.88µm
_01200_,12.88µm
_01230_,12.88µm
_01430_,12.88µm
_01627_,12.88µm
_01666_,12.88µm
_01873_,12.88µm
_01974_,12.88µm
_02207_,12.88µm
_02208_,12.88µm
_02450_,12.88µm
_02470_,12.88µm
_02703_,12.88µm
_02743_,12.88µm
_02744_,12.88µm
_03249_,12.88µm
_03343_,12.88µm
_03443_,12.88µm
_03697_,12.88µm
_03736_,12.88µm
_03783_,12.88µm
_03784_,12.88µm
_03865_,12.88µm
_04047_,12.88µm
_04073_,12.88µm
_04175_,12.88µm
_04232_,12.88µm
_04360_,12.88µm
_04595_,12.88µm
_04660_,12.88µm
_04682_,12.88µm
_04752_,12.88µm
_04821_,12.88µm
_04822_,12.88µm
_04823_,12.88µm
_04846_,12.88µm
_04859_,12.88µm
_04872_,12.88µm
_04905_,12.88µm
_05061_,12.88µm
_05064_,12.88µm
_05083_,12.88µm
_05200_,12.88µm
_05216_,12.88µm
_05365_,12.88µm
_05391_,12.88µm
_05523_,12.88µm
_05787_,12.88µm
_05936_,12.88µm
_06163_,12.88µm
_06188_,12.88µm
_06431_,12.88µm
_06533_,12.88µm
_06544_,12.88µm
_06967_,12.88µm
_07031_,12.88µm
_07907_,12.88µm
_08035_,12.88µm
_08177_,12.88µm
_08359_,12.88µm
_08607_,12.88µm
_08616_,12.88µm
_08693_,12.88µm
_08738_,12.88µm
_08745_,12.88µm
_09082_,12.88µm
_09270_,12.88µm
_09442_,12.88µm
_09455_,12.88µm
_09499_,12.88µm
_09834_,12.88µm
_09921_,12.88µm
_10121_,12.88µm
_10137_,12.88µm
_10249_,12.88µm
_10753_,12.88µm
_10762_,12.88µm
_10812_,12.88µm
_10951_,12.88µm
_10965_,12.88µm
_10987_,12.88µm
_11009_,12.88µm
_11411_,12.88µm
_11500_,12.88µm
_11618_,12.88µm
_11708_,12.88µm
_11766_,12.88µm
_11807_,12.88µm
_11820_,12.88µm
_11877_,12.88µm
_11925_,12.88µm
_11975_,12.88µm
_12055_,12.88µm
_12072_,12.88µm
_12451_,12.88µm
_12783_,12.88µm
_12890_,12.88µm
_13036_,12.88µm
_13150_,12.88µm
_13256_,12.88µm
_13581_,12.88µm
_13723_,12.88µm
_13847_,12.88µm
_14012_,12.88µm
_14702_,12.88µm
_15322_,12.88µm
_15356_,12.88µm
_15481_,12.88µm
_15623_,12.88µm
_15705_,12.88µm
_15819_,12.88µm
_15916_,12.88µm
_15985_,12.88µm
_16222_,12.88µm
_16254_,12.88µm
_16278_,12.88µm
_16433_,12.88µm
_16876_,12.88µm
_16877_,12.88µm
_16914_,12.88µm
_16944_,12.88µm
_17308_,12.88µm
_17313_,12.88µm
_17519_,12.88µm
_17576_,12.88µm
_17598_,12.88µm
_17693_,12.88µm
_17843_,12.88µm
_17932_,12.88µm
_17935_,12.88µm
_18049_,12.88µm
_18565_,12.88µm
_18743_,12.88µm
_18755_,12.88µm
_19039_,12.88µm
_19058_,12.88µm
_19132_,12.88µm
_19149_,12.88µm
_19527_,12.88µm
_19643_,12.88µm
_19687_,12.88µm
_19896_,12.88µm
_20059_,12.88µm
_20226_,12.88µm
_20265_,12.88µm
_20544_,12.88µm
_20564_,12.88µm
_20790_,12.88µm
_21464_,12.88µm
_21760_,12.88µm
_21766_,12.88µm
_21825_,12.88µm
_21958_,12.88µm
_21999_,12.88µm
_22174_,12.88µm
_22313_,12.88µm
_22655_,12.88µm
_22736_,12.88µm
_22791_,12.88µm
_22884_,12.88µm
_22974_,12.88µm
_23025_,12.88µm
_23180_,12.88µm
_23323_,12.88µm
_23401_,12.88µm
_23411_,12.88µm
_23864_,12.88µm
_24002_,12.88µm
_24027_,12.88µm
_24056_,12.88µm
_24066_,12.88µm
_24085_,12.88µm
_24546_,12.88µm
_24718_,12.88µm
_25168_,12.88µm
_25419_,12.88µm
_25925_,12.88µm
_26216_,12.88µm
_26530_,12.88µm
_26729_,12.88µm
_26743_,12.88µm
_26823_,12.88µm
_27448_,12.88µm
_27545_,12.88µm
_27560_,12.88µm
_27592_,12.88µm
_27624_,12.88µm
i_core_v_mini_mcu.ao_peripheral_subsystem_i.power_manager_i.power_manager_reg_top_i.reg2hw\[248\],12.88µm
i_core_v_mini_mcu.ao_peripheral_subsystem_i.power_manager_i.power_manager_sequence_periph_reset_i.sequence_curr_state\[1\],12.88µm
i_core_v_mini_mcu.ao_peripheral_subsystem_i.tdu_i.active_hart_cycles_q\[13\],12.88µm
i_core_v_mini_mcu.ao_peripheral_subsystem_i.tdu_i.task_mem\[5\]\[22\],12.88µm
i_core_v_mini_mcu.cpu_subsystem_i.cpu_0_0.i_servile.cpu.decode.o_immdec_en\[0\],12.88µm
i_core_v_mini_mcu.cpu_subsystem_i.cpu_0_0.rf_ram_i.memory\[111\]\[0\],12.88µm
i_core_v_mini_mcu.cpu_subsystem_i.cpu_0_0.rf_ram_i.memory\[142\]\[0\],12.88µm
i_core_v_mini_mcu.cpu_subsystem_i.cpu_0_0.rf_ram_i.memory\[224\]\[0\],12.88µm
i_core_v_mini_mcu.cpu_subsystem_i.cpu_0_0.rf_ram_i.memory\[254\]\[1\],12.88µm
i_core_v_mini_mcu.cpu_subsystem_i.cpu_0_0.rf_ram_i.memory\[290\]\[1\],12.88µm
i_core_v_mini_mcu.cpu_subsystem_i.cpu_0_0.rf_ram_i.memory\[311\]\[0\],12.88µm
i_core_v_mini_mcu.cpu_subsystem_i.cpu_0_0.rf_ram_i.memory\[551\]\[1\],12.88µm
i_core_v_mini_mcu.cpu_subsystem_i.cpu_0_0.rf_ram_i.memory\[575\]\[0\],12.88µm
i_core_v_mini_mcu.cpu_subsystem_i.cpu_0_0.rf_ram_i.memory\[67\]\[0\],12.88µm
i_core_v_mini_mcu.cpu_subsystem_i.cpu_1_0.rf_ram_i.memory\[248\]\[1\],12.88µm
i_core_v_mini_mcu.cpu_subsystem_i.cpu_1_0.rf_ram_i.memory\[284\]\[1\],12.88µm
i_core_v_mini_mcu.cpu_subsystem_i.cpu_1_0.rf_ram_i.memory\[304\]\[1\],12.88µm
i_core_v_mini_mcu.cpu_subsystem_i.cpu_1_0.rf_ram_i.memory\[380\]\[0\],12.88µm
i_core_v_mini_mcu.cpu_subsystem_i.cpu_1_0.rf_ram_i.memory\[74\]\[1\],12.88µm
i_core_v_mini_mcu.memory_subsystem_i.clk_cg,12.88µm
i_core_v_mini_mcu.memory_subsystem_i.ram0_i.tc_ram_i.sram\[0\]\[27\],12.88µm
i_core_v_mini_mcu.memory_subsystem_i.ram0_i.tc_ram_i.sram\[25\]\[1\],12.88µm
i_core_v_mini_mcu.peripheral_subsystem_i.uart_i.uart_core.nco_sum_q\[2\],12.88µm
i_core_v_mini_mcu.system_bus_i.system_xbar_i.gen_xbar_NtoM.i_xbar.gen_outputs\[5\].gen_rr_arb_tree.i_rr_arb_tree.gen_arbiter.rr_q\[0\],12.88µm
i_core_v_mini_mcu.cpu_subsystem_i.cpu_0_0.rf_ram_i.memory\[78\]\[0\],12.7µm
_11454_,12.65µm
i_core_v_mini_mcu.cpu_subsystem_i.cpu_0_0.rf_ram_i.memory\[276\]\[0\],12.65µm
i_core_v_mini_mcu.cpu_subsystem_i.cpu_0_0.rf_ram_i.memory\[336\]\[1\],12.65µm
i_core_v_mini_mcu.cpu_subsystem_i.cpu_1_0.rf_ram_i.memory\[207\]\[1\],12.65µm
i_core_v_mini_mcu.cpu_subsystem_i.cpu_1_0.rf_ram_i.memory\[421\]\[1\],12.65µm
i_core_v_mini_mcu.cpu_subsystem_i.cpu_0_0.rf_ram_i.memory\[567\]\[1\],12.6µm
_07435_,12.47µm
_07780_,12.47µm
_08585_,12.47µm
_08665_,12.47µm
_09746_,12.47µm
_18732_,12.47µm
_21360_,12.47µm
_24001_,12.47µm
i_core_v_mini_mcu.ao_peripheral_subsystem_i.mosaic_clint_i.mtimecmp_q\[83\],12.47µm
i_core_v_mini_mcu.ao_peripheral_subsystem_i.power_manager_i.power_manager_reg_top_i.cpu_reset_assert_counter_qs\[5\],12.47µm
i_core_v_mini_mcu.cpu_subsystem_i.cpu_0_0.rf_ram_i.memory\[105\]\[1\],12.47µm
i_core_v_mini_mcu.cpu_subsystem_i.cpu_0_0.rf_ram_i.memory\[353\]\[0\],12.47µm
i_core_v_mini_mcu.cpu_subsystem_i.cpu_1_0.rf_ram_i.memory\[235\]\[1\],12.47µm
i_core_v_mini_mcu.cpu_subsystem_i.cpu_1_0.rf_ram_i.memory\[344\]\[1\],12.47µm
i_core_v_mini_mcu.cpu_subsystem_i.cpu_1_0.rf_ram_i.memory\[47\]\[0\],12.47µm
i_core_v_mini_mcu.memory_subsystem_i.ram0_i.tc_ram_i.sram\[14\]\[16\],12.47µm
i_core_v_mini_mcu.memory_subsystem_i.ram0_i.tc_ram_i.sram\[18\]\[30\],12.47µm
i_core_v_mini_mcu.memory_subsystem_i.ram0_i.tc_ram_i.sram\[1\]\[4\],12.47µm
i_core_v_mini_mcu.memory_subsystem_i.ram0_i.tc_ram_i.sram\[28\]\[23\],12.47µm
_00210_,12.42µm
_00719_,12.42µm
_01001_,12.42µm
_01008_,12.42µm
_05635_,12.42µm
_05871_,12.42µm
_06121_,12.42µm
_06284_,12.42µm
_06382_,12.42µm
_06530_,12.42µm
_08784_,12.42µm
_09334_,12.42µm
_10070_,12.42µm
_10802_,12.42µm
_11024_,12.42µm
_11498_,12.42µm
_12931_,12.42µm
_13497_,12.42µm
_14749_,12.42µm
_18459_,12.42µm
_19739_,12.42µm
_20422_,12.42µm
_21389_,12.42µm
_21848_,12.42µm
_22076_,12.42µm
_22362_,12.42µm
_22397_,12.42µm
_22604_,12.42µm
_22876_,12.42µm
_22880_,12.42µm
_22961_,12.42µm
_23817_,12.42µm
_23863_,12.42µm
_23901_,12.42µm
_24112_,12.42µm
_24801_,12.42µm
_24861_,12.42µm
_25021_,12.42µm
_25699_,12.42µm
_26174_,12.42µm
_26369_,12.42µm
_26391_,12.42µm
_26535_,12.42µm
_27180_,12.42µm
i_core_v_mini_mcu.ao_peripheral_subsystem_i.mosaic_clint_i.mtimecmp_q\[40\],12.42µm
i_core_v_mini_mcu.ao_peripheral_subsystem_i.power_manager_i.power_manager_reg_top_i.cpu_iso_on_counter_qs\[6\],12.42µm
i_core_v_mini_mcu.ao_peripheral_subsystem_i.power_manager_i.power_manager_reg_top_i.cpu_reset_assert_counter_qs\[15\],12.42µm
i_core_v_mini_mcu.ao_peripheral_subsystem_i.soc_ctrl_i.soc_ctrl_reg_top_i.system_frequency_hz_qs\[3\],12.42µm
i_core_v_mini_mcu.ao_peripheral_subsystem_i.spi_subsystem_i.obi_spimemio_i.obi_to_picorv32_i.picorv32_resp_i\[27\],12.42µm
i_core_v_mini_mcu.ao_peripheral_subsystem_i.tdu_i.cpi_est_q\[3\],12.42µm
i_core_v_mini_mcu.cpu_subsystem_i.cpu_0_0.i_servile.cpu.decode.o_immdec_en\[2\],12.42µm
i_core_v_mini_mcu.cpu_subsystem_i.cpu_0_0.i_servile.cpu.gen_align.align.ibus_rdt_concat\[12\],12.42µm
i_core_v_mini_mcu.cpu_subsystem_i.cpu_0_0.rf_ram_i.memory\[119\]\[1\],12.42µm
i_core_v_mini_mcu.cpu_subsystem_i.cpu_0_0.rf_ram_i.memory\[125\]\[1\],12.42µm
i_core_v_mini_mcu.cpu_subsystem_i.cpu_0_0.rf_ram_i.memory\[278\]\[1\],12.42µm
i_core_v_mini_mcu.cpu_subsystem_i.cpu_0_0.rf_ram_i.memory\[296\]\[1\],12.42µm
i_core_v_mini_mcu.cpu_subsystem_i.cpu_0_0.rf_ram_i.memory\[339\]\[0\],12.42µm
i_core_v_mini_mcu.cpu_subsystem_i.cpu_0_0.rf_ram_i.memory\[341\]\[0\],12.42µm
i_core_v_mini_mcu.cpu_subsystem_i.cpu_0_0.rf_ram_i.memory\[380\]\[1\],12.42µm
i_core_v_mini_mcu.cpu_subsystem_i.cpu_0_0.rf_ram_i.memory\[483\]\[0\],12.42µm
i_core_v_mini_mcu.cpu_subsystem_i.cpu_0_0.rf_ram_i.memory\[530\]\[1\],12.42µm
i_core_v_mini_mcu.cpu_subsystem_i.cpu_0_0.rf_ram_i.memory\[548\]\[0\],12.42µm
i_core_v_mini_mcu.cpu_subsystem_i.cpu_0_0.rf_ram_i.memory\[573\]\[0\],12.42µm
i_core_v_mini_mcu.cpu_subsystem_i.cpu_1_0.rf_ram_i.memory\[161\]\[1\],12.42µm
i_core_v_mini_mcu.cpu_subsystem_i.cpu_1_0.rf_ram_i.memory\[386\]\[0\],12.42µm
i_core_v_mini_mcu.cpu_subsystem_i.cpu_1_0.rf_ram_i.memory\[66\]\[1\],12.42µm
i_core_v_mini_mcu.cpu_subsystem_i.cpu_1_0.rf_ram_i.memory\[99\]\[1\],12.42µm
i_core_v_mini_mcu.memory_subsystem_i.ram0_i.tc_ram_i.sram\[0\]\[25\],12.42µm
i_core_v_mini_mcu.memory_subsystem_i.ram0_i.tc_ram_i.sram\[14\]\[5\],12.42µm
i_core_v_mini_mcu.memory_subsystem_i.ram0_i.tc_ram_i.sram\[16\]\[11\],12.42µm
i_core_v_mini_mcu.memory_subsystem_i.ram0_i.tc_ram_i.sram\[18\]\[2\],12.42µm
i_core_v_mini_mcu.memory_subsystem_i.ram0_i.tc_ram_i.sram\[19\]\[15\],12.42µm
i_core_v_mini_mcu.memory_subsystem_i.ram0_i.tc_ram_i.sram\[1\]\[24\],12.42µm
i_core_v_mini_mcu.memory_subsystem_i.ram0_i.tc_ram_i.sram\[25\]\[6\],12.42µm
i_core_v_mini_mcu.memory_subsystem_i.ram0_i.tc_ram_i.sram\[2\]\[11\],12.42µm
i_core_v_mini_mcu.memory_subsystem_i.ram0_i.tc_ram_i.sram\[3\]\[11\],12.42µm
i_core_v_mini_mcu.memory_subsystem_i.ram0_i.tc_ram_i.sram\[9\]\[10\],12.42µm
i_core_v_mini_mcu.peripheral_subsystem_i.obi_fifo_i.obi_req_fifo_i.status_cnt_q\[1\],12.42µm
_00201_,12.37µm
_00271_,12.37µm
_00282_,12.37µm
_00302_,12.37µm
_00369_,12.37µm
_00388_,12.37µm
_00592_,12.37µm
_00601_,12.37µm
_01010_,12.37µm
_01116_,12.37µm
_01394_,12.37µm
_01740_,12.37µm
_02025_,12.37µm
_02184_,12.37µm
_02226_,12.37µm
_02394_,12.37µm
_02467_,12.37µm
_02500_,12.37µm
_02610_,12.37µm
_03646_,12.37µm
_03856_,12.37µm
_03917_,12.37µm
_04096_,12.37µm
_04263_,12.37µm
_04284_,12.37µm
_04297_,12.37µm
_04408_,12.37µm
_04472_,12.37µm
_04645_,12.37µm
_04688_,12.37µm
_04747_,12.37µm
_04849_,12.37µm
_05114_,12.37µm
_05134_,12.37µm
_05137_,12.37µm
_05147_,12.37µm
_05165_,12.37µm
_05249_,12.37µm
_05386_,12.37µm
_06050_,12.37µm
_06441_,12.37µm
_06476_,12.37µm
_06669_,12.37µm
_06794_,12.37µm
_07038_,12.37µm
_07287_,12.37µm
_07866_,12.37µm
_08097_,12.37µm
_09107_,12.37µm
_09147_,12.37µm
_09453_,12.37µm
_09773_,12.37µm
_09859_,12.37µm
_10197_,12.37µm
_10217_,12.37µm
_10870_,12.37µm
_11482_,12.37µm
_11603_,12.37µm
_11933_,12.37µm
_12031_,12.37µm
_12254_,12.37µm
_12373_,12.37µm
_12401_,12.37µm
_12446_,12.37µm
_12639_,12.37µm
_12739_,12.37µm
_12842_,12.37µm
_13252_,12.37µm
_13273_,12.37µm
_13448_,12.37µm
_13523_,12.37µm
_13538_,12.37µm
_13583_,12.37µm
_13691_,12.37µm
_14402_,12.37µm
_14704_,12.37µm
_14758_,12.37µm
_14764_,12.37µm
_15057_,12.37µm
_15268_,12.37µm
_15429_,12.37µm
_15491_,12.37µm
_15510_,12.37µm
_15552_,12.37µm
_15563_,12.37µm
_15632_,12.37µm
_15722_,12.37µm
_15895_,12.37µm
_15999_,12.37µm
_16231_,12.37µm
_16402_,12.37µm
_16516_,12.37µm
_16680_,12.37µm
_17036_,12.37µm
_17167_,12.37µm
_17249_,12.37µm
_17265_,12.37µm
_17351_,12.37µm
_17422_,12.37µm
_17658_,12.37µm
_17702_,12.37µm
_17921_,12.37µm
_17977_,12.37µm
_17993_,12.37µm
_18324_,12.37µm
_18465_,12.37µm
_18483_,12.37µm
_18569_,12.37µm
_18614_,12.37µm
_18615_,12.37µm
_18626_,12.37µm
_18641_,12.37µm
_18723_,12.37µm
_18802_,12.37µm
_18914_,12.37µm
_19098_,12.37µm
_19142_,12.37µm
_19204_,12.37µm
_19358_,12.37µm
_19362_,12.37µm
_19564_,12.37µm
_19661_,12.37µm
_19869_,12.37µm
_20165_,12.37µm
_20172_,12.37µm
_20173_,12.37µm
_20192_,12.37µm
_20195_,12.37µm
_20294_,12.37µm
_20298_,12.37µm
_20392_,12.37µm
_20736_,12.37µm
_20784_,12.37µm
_20908_,12.37µm
_20916_,12.37µm
_20925_,12.37µm
_21310_,12.37µm
_21326_,12.37µm
_21469_,12.37µm
_21748_,12.37µm
_22121_,12.37µm
_22185_,12.37µm
_22267_,12.37µm
_22392_,12.37µm
_22419_,12.37µm
_22833_,12.37µm
_22969_,12.37µm
_23004_,12.37µm
_23147_,12.37µm
_23211_,12.37µm
_23647_,12.37µm
_23786_,12.37µm
_23799_,12.37µm
_24069_,12.37µm
_24137_,12.37µm
_24342_,12.37µm
_24428_,12.37µm
_24551_,12.37µm
_24661_,12.37µm
_24799_,12.37µm
_24820_,12.37µm
_24873_,12.37µm
_25083_,12.37µm
_25086_,12.37µm
_25244_,12.37µm
_25545_,12.37µm
_25620_,12.37µm
_25957_,12.37µm
_26008_,12.37µm
_26102_,12.37µm
_26419_,12.37µm
_26516_,12.37µm
_26591_,12.37µm
_26632_,12.37µm
_26704_,12.37µm
_26788_,12.37µm
_26906_,12.37µm
_26917_,12.37µm
_27012_,12.37µm
_27052_,12.37µm
_27139_,12.37µm
_27302_,12.37µm
_27521_,12.37µm
_27608_,12.37µm
_27611_,12.37µm
_27630_,12.37µm
_27699_,12.37µm
_27706_,12.37µm
_27716_,12.37µm
_27827_,12.37µm
_27849_,12.37µm
_27951_,12.37µm
i_core_v_mini_mcu.ao_peripheral_subsystem_i.obi_fifo_i.consumer_data_req_q\[36\],12.37µm
i_core_v_mini_mcu.ao_peripheral_subsystem_i.obi_fifo_i.producer_state_n,12.37µm
i_core_v_mini_mcu.ao_peripheral_subsystem_i.power_manager_i.power_manager_counter_sequence_cpu_iso_i.sequence_curr_state\[3\],12.37µm
i_core_v_mini_mcu.ao_peripheral_subsystem_i.power_manager_i.power_manager_reg_top_i.u_power_gate_ram_block_0_ack.d,12.37µm
i_core_v_mini_mcu.ao_peripheral_subsystem_i.power_manager_i.power_manager_sequence_periph_reset_i.sequence_curr_state\[2\],12.37µm
i_core_v_mini_mcu.ao_peripheral_subsystem_i.spi_subsystem_i.obi_spimemio_i.flash_io0_do_o,12.37µm
i_core_v_mini_mcu.ao_peripheral_subsystem_i.tdu_i.rd_ptr_q\[2\],12.37µm
i_core_v_mini_mcu.cpu_subsystem_i.cpu_0_0.i_servile.cpu.gen_align.align.ibus_rdt_concat\[15\],12.37µm
i_core_v_mini_mcu.cpu_subsystem_i.cpu_0_0.rf_ram_i.memory\[104\]\[0\],12.37µm
i_core_v_mini_mcu.cpu_subsystem_i.cpu_0_0.rf_ram_i.memory\[252\]\[0\],12.37µm
i_core_v_mini_mcu.cpu_subsystem_i.cpu_0_0.rf_ram_i.memory\[256\]\[1\],12.37µm
i_core_v_mini_mcu.cpu_subsystem_i.cpu_0_0.rf_ram_i.memory\[265\]\[1\],12.37µm
i_core_v_mini_mcu.cpu_subsystem_i.cpu_0_0.rf_ram_i.memory\[318\]\[0\],12.37µm
i_core_v_mini_mcu.cpu_subsystem_i.cpu_0_0.rf_ram_i.memory\[318\]\[1\],12.37µm
i_core_v_mini_mcu.cpu_subsystem_i.cpu_0_0.rf_ram_i.memory\[343\]\[0\],12.37µm
i_core_v_mini_mcu.cpu_subsystem_i.cpu_0_0.rf_ram_i.memory\[50\]\[0\],12.37µm
i_core_v_mini_mcu.cpu_subsystem_i.cpu_0_0.rf_ram_i.memory\[548\]\[1\],12.37µm
i_core_v_mini_mcu.cpu_subsystem_i.cpu_1_0.i_servile.arbiter.i_wb_cpu_ibus_adr\[13\],12.37µm
i_core_v_mini_mcu.cpu_subsystem_i.cpu_1_0.rf_ram_i.memory\[160\]\[1\],12.37µm
i_core_v_mini_mcu.cpu_subsystem_i.cpu_1_0.rf_ram_i.memory\[245\]\[0\],12.37µm
i_core_v_mini_mcu.cpu_subsystem_i.cpu_1_0.rf_ram_i.memory\[274\]\[0\],12.37µm
i_core_v_mini_mcu.cpu_subsystem_i.cpu_1_0.rf_ram_i.memory\[30\]\[1\],12.37µm
i_core_v_mini_mcu.cpu_subsystem_i.cpu_1_0.rf_ram_i.memory\[36\]\[0\],12.37µm
i_core_v_mini_mcu.cpu_subsystem_i.cpu_1_0.rf_ram_i.memory\[406\]\[1\],12.37µm
i_core_v_mini_mcu.cpu_subsystem_i.cpu_1_0.rf_ram_i.memory\[99\]\[0\],12.37µm
i_core_v_mini_mcu.memory_subsystem_i.ram0_i.tc_ram_i.r_addr_q\[2\],12.37µm
i_core_v_mini_mcu.memory_subsystem_i.ram0_i.tc_ram_i.sram\[12\]\[31\],12.37µm
i_core_v_mini_mcu.memory_subsystem_i.ram0_i.tc_ram_i.sram\[18\]\[13\],12.37µm
i_core_v_mini_mcu.memory_subsystem_i.ram0_i.tc_ram_i.sram\[19\]\[25\],12.37µm
i_core_v_mini_mcu.memory_subsystem_i.ram0_i.tc_ram_i.sram\[21\]\[3\],12.37µm
i_core_v_mini_mcu.memory_subsystem_i.ram0_i.tc_ram_i.sram\[23\]\[14\],12.37µm
i_core_v_mini_mcu.memory_subsystem_i.ram0_i.tc_ram_i.sram\[28\]\[0\],12.37µm
i_core_v_mini_mcu.memory_subsystem_i.ram0_i.tc_ram_i.sram\[5\]\[10\],12.37µm
i_core_v_mini_mcu.peripheral_subsystem_i.obi_fifo_i.consumer_data_req_q\[22\],12.37µm
i_core_v_mini_mcu.peripheral_subsystem_i.uart_i.uart_core.tx_uart_idle_q,12.37µm
_00040_,12.32µm
_00059_,12.32µm
_00079_,12.32µm
_00093_,12.32µm
_00174_,12.32µm
_00272_,12.32µm
_00473_,12.32µm
_00549_,12.32µm
_00717_,12.32µm
_00733_,12.32µm
_00739_,12.32µm
_00763_,12.32µm
_01099_,12.32µm
_01141_,12.32µm
_01165_,12.32µm
_01235_,12.32µm
_01299_,12.32µm
_01387_,12.32µm
_01518_,12.32µm
_01641_,12.32µm
_01642_,12.32µm
_01715_,12.32µm
_01809_,12.32µm
_02020_,12.32µm
_02021_,12.32µm
_02163_,12.32µm
_02300_,12.32µm
_02325_,12.32µm
_02361_,12.32µm
_02428_,12.32µm
_03033_,12.32µm
_03141_,12.32µm
_03207_,12.32µm
_03342_,12.32µm
_03355_,12.32µm
_03428_,12.32µm
_03611_,12.32µm
_03776_,12.32µm
_03849_,12.32µm
_04151_,12.32µm
_04196_,12.32µm
_04228_,12.32µm
_04526_,12.32µm
_04875_,12.32µm
_04883_,12.32µm
_05613_,12.32µm
_05935_,12.32µm
_05962_,12.32µm
_05990_,12.32µm
_06129_,12.32µm
_06771_,12.32µm
_06827_,12.32µm
_07265_,12.32µm
_07440_,12.32µm
_07552_,12.32µm
_07553_,12.32µm
_08056_,12.32µm
_08113_,12.32µm
_08119_,12.32µm
_08676_,12.32µm
_09370_,12.32µm
_09426_,12.32µm
_09581_,12.32µm
_10450_,12.32µm
_10715_,12.32µm
_10771_,12.32µm
_10785_,12.32µm
_10810_,12.32µm
_11079_,12.32µm
_11112_,12.32µm
_11167_,12.32µm
_11181_,12.32µm
_11278_,12.32µm
_11394_,12.32µm
_11542_,12.32µm
_11665_,12.32µm
_11719_,12.32µm
_11767_,12.32µm
_11787_,12.32µm
_11844_,12.32µm
_11851_,12.32µm
_11960_,12.32µm
_12295_,12.32µm
_12380_,12.32µm
_12524_,12.32µm
_12941_,12.32µm
_13178_,12.32µm
_13330_,12.32µm
_13355_,12.32µm
_13465_,12.32µm
_13616_,12.32µm
_13621_,12.32µm
_13676_,12.32µm
_13862_,12.32µm
_13878_,12.32µm
_13887_,12.32µm
_13991_,12.32µm
_14046_,12.32µm
_14338_,12.32µm
_14381_,12.32µm
_14386_,12.32µm
_14506_,12.32µm
_14619_,12.32µm
_14786_,12.32µm
_15113_,12.32µm
_15224_,12.32µm
_15265_,12.32µm
_15282_,12.32µm
_15377_,12.32µm
_15386_,12.32µm
_15619_,12.32µm
_15857_,12.32µm
_15905_,12.32µm
_16016_,12.32µm
_16031_,12.32µm
_16081_,12.32µm
_16173_,12.32µm
_16303_,12.32µm
_16411_,12.32µm
_16679_,12.32µm
_16743_,12.32µm
_16754_,12.32µm
_16850_,12.32µm
_16917_,12.32µm
_17201_,12.32µm
_17421_,12.32µm
_17595_,12.32µm
_17987_,12.32µm
_18002_,12.32µm
_18346_,12.32µm
_18552_,12.32µm
_18629_,12.32µm
_18720_,12.32µm
_18744_,12.32µm
_18812_,12.32µm
_18856_,12.32µm
_18866_,12.32µm
_18988_,12.32µm
_19224_,12.32µm
_19454_,12.32µm
_19546_,12.32µm
_19559_,12.32µm
_19592_,12.32µm
_19616_,12.32µm
_19627_,12.32µm
_20229_,12.32µm
_20239_,12.32µm
_20584_,12.32µm
_20650_,12.32µm
_20733_,12.32µm
_20883_,12.32µm
_20997_,12.32µm
_21080_,12.32µm
_21117_,12.32µm
_21168_,12.32µm
_21359_,12.32µm
_21422_,12.32µm
_21605_,12.32µm
_21804_,12.32µm
_21832_,12.32µm
_21883_,12.32µm
_21935_,12.32µm
_22014_,12.32µm
_22546_,12.32µm
_22646_,12.32µm
_22868_,12.32µm
_22909_,12.32µm
_23183_,12.32µm
_23276_,12.32µm
_23303_,12.32µm
_23503_,12.32µm
_23634_,12.32µm
_23724_,12.32µm
_23928_,12.32µm
_24024_,12.32µm
_24407_,12.32µm
_24559_,12.32µm
_24854_,12.32µm
_25214_,12.32µm
_25290_,12.32µm
_25379_,12.32µm
_25559_,12.32µm
_25617_,12.32µm
_25689_,12.32µm
_25698_,12.32µm
_25780_,12.32µm
_25785_,12.32µm
_26278_,12.32µm
_26327_,12.32µm
_26502_,12.32µm
_26523_,12.32µm
_26548_,12.32µm
_26606_,12.32µm
_26619_,12.32µm
_26800_,12.32µm
_27157_,12.32µm
_27176_,12.32µm
_27205_,12.32µm
_27297_,12.32µm
_27322_,12.32µm
_27454_,12.32µm
_27652_,12.32µm
_27919_,12.32µm
_28030_,12.32µm
_28060_,12.32µm
_28114_,12.32µm
i_core_v_mini_mcu.ao_peripheral_subsystem_i.power_manager_i.cpu_powergate_counter_expired_iso_on,12.32µm
i_core_v_mini_mcu.ao_peripheral_subsystem_i.power_manager_i.power_manager_reg_top_i.intr_state_qs\[22\],12.32µm
i_core_v_mini_mcu.ao_peripheral_subsystem_i.power_manager_i.power_manager_reg_top_i.u_intr_state.wr_data\[17\],12.32µm
i_core_v_mini_mcu.ao_peripheral_subsystem_i.soc_ctrl_i.soc_ctrl_reg_top_i.system_frequency_hz_qs\[4\],12.32µm
i_core_v_mini_mcu.ao_peripheral_subsystem_i.tdu_i.task_mem\[6\]\[27\],12.32µm
i_core_v_mini_mcu.cpu_subsystem_i.cpu_0_0.rf_ram_i.memory\[10\]\[1\],12.32µm
i_core_v_mini_mcu.cpu_subsystem_i.cpu_0_0.rf_ram_i.memory\[253\]\[0\],12.32µm
i_core_v_mini_mcu.cpu_subsystem_i.cpu_0_0.rf_ram_i.memory\[407\]\[1\],12.32µm
i_core_v_mini_mcu.cpu_subsystem_i.cpu_0_0.rf_ram_i.memory\[449\]\[1\],12.32µm
i_core_v_mini_mcu.cpu_subsystem_i.cpu_0_0.rf_ram_i.memory\[513\]\[1\],12.32µm
i_core_v_mini_mcu.cpu_subsystem_i.cpu_0_0.rf_ram_i.memory\[67\]\[1\],12.32µm
i_core_v_mini_mcu.cpu_subsystem_i.cpu_0_0.rf_ram_i.memory\[68\]\[0\],12.32µm
i_core_v_mini_mcu.cpu_subsystem_i.cpu_1_0.i_servile.arbiter.i_wb_cpu_ibus_adr\[12\],12.32µm
i_core_v_mini_mcu.cpu_subsystem_i.cpu_1_0.rf_ram_i.memory\[158\]\[1\],12.32µm
i_core_v_mini_mcu.cpu_subsystem_i.cpu_1_0.rf_ram_i.memory\[260\]\[0\],12.32µm
i_core_v_mini_mcu.cpu_subsystem_i.cpu_1_0.rf_ram_i.memory\[314\]\[1\],12.32µm
i_core_v_mini_mcu.cpu_subsystem_i.cpu_1_0.rf_ram_i.memory\[359\]\[0\],12.32µm
i_core_v_mini_mcu.cpu_subsystem_i.cpu_1_0.rf_ram_i.memory\[398\]\[0\],12.32µm
i_core_v_mini_mcu.cpu_subsystem_i.cpu_1_0.rf_ram_i.memory\[503\]\[1\],12.32µm
i_core_v_mini_mcu.memory_subsystem_i.ram0_i.tc_ram_i.sram\[0\]\[18\],12.32µm
i_core_v_mini_mcu.memory_subsystem_i.ram0_i.tc_ram_i.sram\[14\]\[21\],12.32µm
i_core_v_mini_mcu.memory_subsystem_i.ram0_i.tc_ram_i.sram\[18\]\[10\],12.32µm
i_core_v_mini_mcu.memory_subsystem_i.ram0_i.tc_ram_i.sram\[21\]\[21\],12.32µm
i_core_v_mini_mcu.memory_subsystem_i.ram0_i.tc_ram_i.sram\[27\]\[24\],12.32µm
i_core_v_mini_mcu.peripheral_subsystem_i.uart_i.uart_core.uart_rx.tick_baud_d,12.32µm
i_core_v_mini_mcu.memory_subsystem_i.ram0_i.tc_ram_i.sram\[5\]\[16\],12.14µm
i_core_v_mini_mcu.cpu_subsystem_i.cpu_1_0.rf_ram_i.memory\[154\]\[0\],12.09µm
_21901_,12.04µm
i_core_v_mini_mcu.cpu_subsystem_i.cpu_1_0.rf_ram_i.memory\[403\]\[0\],12.04µm
_08012_,12µm
i_core_v_mini_mcu.cpu_subsystem_i.cpu_0_0.rf_ram_i.memory\[73\]\[0\],11.96µm
_04691_,11.91µm
_09519_,11.91µm
exit_value_int\[15\],11.91µm
i_core_v_mini_mcu.ao_peripheral_subsystem_i.spi_subsystem_i.obi_spimemio_i.obi_to_picorv32_i.picorv32_resp_i\[9\],11.91µm
i_core_v_mini_mcu.cpu_subsystem_i.cpu_0_0.rf_ram_i.memory\[195\]\[1\],11.91µm
i_core_v_mini_mcu.cpu_subsystem_i.cpu_1_0.rf_ram_i.memory\[473\]\[1\],11.91µm
i_core_v_mini_mcu.cpu_subsystem_i.cpu_1_0.rf_ram_i.memory\[68\]\[0\],11.91µm
_01217_,11.86µm
_04542_,11.86µm
_06807_,11.86µm
_06937_,11.86µm
_07011_,11.86µm
_07347_,11.86µm
_08799_,11.86µm
_09103_,11.86µm
_09121_,11.86µm
_09509_,11.86µm
_09638_,11.86µm
_10062_,11.86µm
_10080_,11.86µm
_10135_,11.86µm
_10252_,11.86µm
_10373_,11.86µm
_10959_,11.86µm
_11233_,11.86µm
_11455_,11.86µm
_11791_,11.86µm
_14586_,11.86µm
_15341_,11.86µm
_18366_,11.86µm
_18543_,11.86µm
_18975_,11.86µm
_21223_,11.86µm
_21752_,11.86µm
_23042_,11.86µm
_23245_,11.86µm
_23872_,11.86µm
_24989_,11.86µm
_25431_,11.86µm
_25796_,11.86µm
_26355_,11.86µm
_27130_,11.86µm
_27373_,11.86µm
_27709_,11.86µm
i_core_v_mini_mcu.ao_peripheral_subsystem_i.mosaic_clint_i.mtimecmp_q\[4\],11.86µm
i_core_v_mini_mcu.ao_peripheral_subsystem_i.tdu_i.task_mem\[3\]\[13\],11.86µm
i_core_v_mini_mcu.cpu_subsystem_i.cpu_0_0.rf_ram_i.memory\[136\]\[1\],11.86µm
i_core_v_mini_mcu.cpu_subsystem_i.cpu_0_0.rf_ram_i.memory\[159\]\[1\],11.86µm
i_core_v_mini_mcu.cpu_subsystem_i.cpu_0_0.rf_ram_i.memory\[162\]\[0\],11.86µm
i_core_v_mini_mcu.cpu_subsystem_i.cpu_0_0.rf_ram_i.memory\[171\]\[0\],11.86µm
i_core_v_mini_mcu.cpu_subsystem_i.cpu_0_0.rf_ram_i.memory\[246\]\[1\],11.86µm
i_core_v_mini_mcu.cpu_subsystem_i.cpu_0_0.rf_ram_i.memory\[268\]\[1\],11.86µm
i_core_v_mini_mcu.cpu_subsystem_i.cpu_0_0.rf_ram_i.memory\[363\]\[1\],11.86µm
i_core_v_mini_mcu.cpu_subsystem_i.cpu_0_0.rf_ram_i.memory\[398\]\[0\],11.86µm
i_core_v_mini_mcu.cpu_subsystem_i.cpu_0_0.rf_ram_i.memory\[490\]\[0\],11.86µm
i_core_v_mini_mcu.cpu_subsystem_i.cpu_0_0.rf_ram_i.memory\[529\]\[1\],11.86µm
i_core_v_mini_mcu.cpu_subsystem_i.cpu_0_0.rf_ram_i.memory\[574\]\[1\],11.86µm
i_core_v_mini_mcu.cpu_subsystem_i.cpu_0_0.rf_ram_i.memory\[57\]\[1\],11.86µm
i_core_v_mini_mcu.cpu_subsystem_i.cpu_0_0.rf_ram_i.memory\[77\]\[0\],11.86µm
i_core_v_mini_mcu.cpu_subsystem_i.cpu_0_0.rf_ram_i.memory\[78\]\[1\],11.86µm
i_core_v_mini_mcu.cpu_subsystem_i.cpu_1_0.i_servile.cpu.ctrl.pc_plus_offset_cy_r,11.86µm
i_core_v_mini_mcu.cpu_subsystem_i.cpu_1_0.rf_ram_i.memory\[322\]\[1\],11.86µm
i_core_v_mini_mcu.cpu_subsystem_i.cpu_1_0.rf_ram_i.memory\[336\]\[1\],11.86µm
i_core_v_mini_mcu.cpu_subsystem_i.cpu_1_0.rf_ram_i.memory\[347\]\[1\],11.86µm
i_core_v_mini_mcu.cpu_subsystem_i.cpu_1_0.rf_ram_i.memory\[349\]\[0\],11.86µm
i_core_v_mini_mcu.cpu_subsystem_i.cpu_1_0.rf_ram_i.memory\[381\]\[0\],11.86µm
i_core_v_mini_mcu.cpu_subsystem_i.cpu_1_0.rf_ram_i.memory\[387\]\[0\],11.86µm
i_core_v_mini_mcu.cpu_subsystem_i.cpu_1_0.rf_ram_i.memory\[398\]\[1\],11.86µm
i_core_v_mini_mcu.cpu_subsystem_i.cpu_1_0.rf_ram_i.memory\[416\]\[0\],11.86µm
i_core_v_mini_mcu.cpu_subsystem_i.cpu_1_0.rf_ram_i.memory\[429\]\[1\],11.86µm
i_core_v_mini_mcu.cpu_subsystem_i.cpu_1_0.rf_ram_i.memory\[434\]\[1\],11.86µm
i_core_v_mini_mcu.memory_subsystem_i.ram0_i.tc_ram_i.sram\[29\]\[22\],11.86µm
i_core_v_mini_mcu.memory_subsystem_i.ram0_i.tc_ram_i.sram\[4\]\[30\],11.86µm
i_core_v_mini_mcu.memory_subsystem_i.ram0_i.tc_ram_i.sram\[9\]\[13\],11.86µm
i_core_v_mini_mcu.peripheral_subsystem_i.uart_i.uart_core.u_uart_rxfifo.gen_normal_fifo.storage\[23\],11.86µm
i_core_v_mini_mcu.peripheral_subsystem_i.uart_i.uart_core.u_uart_txfifo.gen_normal_fifo.storage\[27\],11.86µm
_00004_,11.81µm
_00044_,11.81µm
_00047_,11.81µm
_00124_,11.81µm
_00142_,11.81µm
_00321_,11.81µm
_00331_,11.81µm
_00366_,11.81µm
_00416_,11.81µm
_00418_,11.81µm
_00532_,11.81µm
_00620_,11.81µm
_00628_,11.81µm
_00727_,11.81µm
_00753_,11.81µm
_00876_,11.81µm
_00972_,11.81µm
_01069_,11.81µm
_01096_,11.81µm
_01130_,11.81µm
_01153_,11.81µm
_01267_,11.81µm
_01303_,11.81µm
_01324_,11.81µm
_01351_,11.81µm
_01445_,11.81µm
_01775_,11.81µm
_01856_,11.81µm
_01859_,11.81µm
_01898_,11.81µm
_01929_,11.81µm
_02009_,11.81µm
_02010_,11.81µm
_02397_,11.81µm
_02424_,11.81µm
_02481_,11.81µm
_02544_,11.81µm
_02576_,11.81µm
_03263_,11.81µm
_03266_,11.81µm
_03456_,11.81µm
_03625_,11.81µm
_03973_,11.81µm
_04111_,11.81µm
_04140_,11.81µm
_04165_,11.81µm
_04281_,11.81µm
_04456_,11.81µm
_04470_,11.81µm
_04554_,11.81µm
_04596_,11.81µm
_04627_,11.81µm
_04669_,11.81µm
_04711_,11.81µm
_04740_,11.81µm
_04794_,11.81µm
_04829_,11.81µm
_04910_,11.81µm
_05120_,11.81µm
_05158_,11.81µm
_05363_,11.81µm
_05514_,11.81µm
_05652_,11.81µm
_05667_,11.81µm
_05671_,11.81µm
_06289_,11.81µm
_06321_,11.81µm
_06373_,11.81µm
_06761_,11.81µm
_07075_,11.81µm
_07447_,11.81µm
_07547_,11.81µm
_07999_,11.81µm
_08028_,11.81µm
_08060_,11.81µm
_08184_,11.81µm
_08242_,11.81µm
_08386_,11.81µm
_08493_,11.81µm
_08499_,11.81µm
_08522_,11.81µm
_08635_,11.81µm
_08816_,11.81µm
_08912_,11.81µm
_09238_,11.81µm
_09481_,11.81µm
_09747_,11.81µm
_10039_,11.81µm
_10307_,11.81µm
_10438_,11.81µm
_10443_,11.81µm
_10766_,11.81µm
_10893_,11.81µm
_10934_,11.81µm
_11089_,11.81µm
_11280_,11.81µm
_11478_,11.81µm
_11728_,11.81µm
_11984_,11.81µm
_12150_,11.81µm
_12164_,11.81µm
_12250_,11.81µm
_12280_,11.81µm
_12358_,11.81µm
_12399_,11.81µm
_12416_,11.81µm
_12518_,11.81µm
_12670_,11.81µm
_13117_,11.81µm
_13140_,11.81µm
_13173_,11.81µm
_13186_,11.81µm
_13580_,11.81µm
_13613_,11.81µm
_13648_,11.81µm
_13685_,11.81µm
_13989_,11.81µm
_14497_,11.81µm
_14518_,11.81µm
_14655_,11.81µm
_14678_,11.81µm
_14742_,11.81µm
_14871_,11.81µm
_15019_,11.81µm
_15280_,11.81µm
_15420_,11.81µm
_15609_,11.81µm
_15661_,11.81µm
_15676_,11.81µm
_15731_,11.81µm
_15816_,11.81µm
_15889_,11.81µm
_15921_,11.81µm
_15965_,11.81µm
_15992_,11.81µm
_16110_,11.81µm
_16189_,11.81µm
_16545_,11.81µm
_16583_,11.81µm
_16835_,11.81µm
_16905_,11.81µm
_16934_,11.81µm
_16954_,11.81µm
_16971_,11.81µm
_17107_,11.81µm
_17111_,11.81µm
_17258_,11.81µm
_17451_,11.81µm
_17473_,11.81µm
_17656_,11.81µm
_17675_,11.81µm
_17828_,11.81µm
_17942_,11.81µm
_17951_,11.81µm
_18282_,11.81µm
_18302_,11.81µm
_18403_,11.81µm
_18564_,11.81µm
_18577_,11.81µm
_18854_,11.81µm
_19076_,11.81µm
_19105_,11.81µm
_19221_,11.81µm
_19236_,11.81µm
_19287_,11.81µm
_19295_,11.81µm
_19435_,11.81µm
_19528_,11.81µm
_19560_,11.81µm
_19600_,11.81µm
_19894_,11.81µm
_20098_,11.81µm
_20145_,11.81µm
_20263_,11.81µm
_20410_,11.81µm
_20514_,11.81µm
_20581_,11.81µm
_20597_,11.81µm
_20651_,11.81µm
_20652_,11.81µm
_20791_,11.81µm
_20912_,11.81µm
_21008_,11.81µm
_21112_,11.81µm
_21208_,11.81µm
_21777_,11.81µm
_21982_,11.81µm
_22013_,11.81µm
_22071_,11.81µm
_22077_,11.81µm
_22127_,11.81µm
_22265_,11.81µm
_22532_,11.81µm
_22699_,11.81µm
_22938_,11.81µm
_23144_,11.81µm
_23328_,11.81µm
_23606_,11.81µm
_23998_,11.81µm
_24063_,11.81µm
_24080_,11.81µm
_24092_,11.81µm
_24394_,11.81µm
_24412_,11.81µm
_24774_,11.81µm
_24925_,11.81µm
_25300_,11.81µm
_25304_,11.81µm
_25330_,11.81µm
_25356_,11.81µm
_25369_,11.81µm
_25673_,11.81µm
_25676_,11.81µm
_25719_,11.81µm
_25853_,11.81µm
_25993_,11.81µm
_26059_,11.81µm
_26104_,11.81µm
_26182_,11.81µm
_26292_,11.81µm
_26746_,11.81µm
_26881_,11.81µm
_27192_,11.81µm
_27194_,11.81µm
_27436_,11.81µm
_27465_,11.81µm
_27637_,11.81µm
_27793_,11.81µm
_27821_,11.81µm
_27841_,11.81µm
_28007_,11.81µm
_28082_,11.81µm
i_core_v_mini_mcu.ao_peripheral_subsystem_i.power_manager_i.cpu_subsystem_powergate_switch_ack_sync,11.81µm
i_core_v_mini_mcu.ao_peripheral_subsystem_i.power_manager_i.power_manager_reg_top_i.global_pointer_qs\[21\],11.81µm
i_core_v_mini_mcu.ao_peripheral_subsystem_i.power_manager_i.power_manager_reg_top_i.global_pointer_qs\[23\],11.81µm
i_core_v_mini_mcu.ao_peripheral_subsystem_i.power_manager_i.power_manager_sequence_ram_0_switch_i.sequence_curr_state\[2\],11.81µm
i_core_v_mini_mcu.ao_peripheral_subsystem_i.soc_ctrl_i.reg2hw\[2\],11.81µm
i_core_v_mini_mcu.cpu_subsystem_i.cpu_0_0.i_servile.cpu.gen_align.align.ibus_rdt_concat\[13\],11.81µm
i_core_v_mini_mcu.cpu_subsystem_i.cpu_0_0.rf_ram_i.memory\[127\]\[0\],11.81µm
i_core_v_mini_mcu.cpu_subsystem_i.cpu_0_0.rf_ram_i.memory\[178\]\[1\],11.81µm
i_core_v_mini_mcu.cpu_subsystem_i.cpu_0_0.rf_ram_i.memory\[189\]\[0\],11.81µm
i_core_v_mini_mcu.cpu_subsystem_i.cpu_0_0.rf_ram_i.memory\[334\]\[1\],11.81µm
i_core_v_mini_mcu.cpu_subsystem_i.cpu_0_0.rf_ram_i.memory\[382\]\[0\],11.81µm
i_core_v_mini_mcu.cpu_subsystem_i.cpu_0_0.rf_ram_i.memory\[438\]\[0\],11.81µm
i_core_v_mini_mcu.cpu_subsystem_i.cpu_0_0.rf_ram_i.memory\[491\]\[1\],11.81µm
i_core_v_mini_mcu.cpu_subsystem_i.cpu_0_0.rf_ram_i.memory\[506\]\[1\],11.81µm
i_core_v_mini_mcu.cpu_subsystem_i.cpu_1_0.i_servile.cpu.decode.o_rd_mem_en,11.81µm
i_core_v_mini_mcu.cpu_subsystem_i.cpu_1_0.i_servile.cpu.immdec.gen_immdec_w_eq_1.imm19_12_20\[8\],11.81µm
i_core_v_mini_mcu.cpu_subsystem_i.cpu_1_0.rf_ram_i.memory\[208\]\[0\],11.81µm
i_core_v_mini_mcu.cpu_subsystem_i.cpu_1_0.rf_ram_i.memory\[283\]\[0\],11.81µm
i_core_v_mini_mcu.cpu_subsystem_i.cpu_1_0.rf_ram_i.memory\[28\]\[1\],11.81µm
i_core_v_mini_mcu.cpu_subsystem_i.cpu_1_0.rf_ram_i.memory\[29\]\[0\],11.81µm
i_core_v_mini_mcu.cpu_subsystem_i.cpu_1_0.rf_ram_i.memory\[322\]\[0\],11.81µm
i_core_v_mini_mcu.cpu_subsystem_i.cpu_1_0.rf_ram_i.memory\[324\]\[0\],11.81µm
i_core_v_mini_mcu.cpu_subsystem_i.cpu_1_0.rf_ram_i.memory\[84\]\[1\],11.81µm
i_core_v_mini_mcu.memory_subsystem_i.ram0_i.tc_ram_i.sram\[0\]\[13\],11.81µm
i_core_v_mini_mcu.memory_subsystem_i.ram0_i.tc_ram_i.sram\[11\]\[12\],11.81µm
i_core_v_mini_mcu.memory_subsystem_i.ram0_i.tc_ram_i.sram\[12\]\[21\],11.81µm
i_core_v_mini_mcu.memory_subsystem_i.ram0_i.tc_ram_i.sram\[13\]\[6\],11.81µm
i_core_v_mini_mcu.memory_subsystem_i.ram0_i.tc_ram_i.sram\[18\]\[12\],11.81µm
i_core_v_mini_mcu.memory_subsystem_i.ram0_i.tc_ram_i.sram\[23\]\[27\],11.81µm
i_core_v_mini_mcu.memory_subsystem_i.ram0_i.tc_ram_i.sram\[23\]\[28\],11.81µm
i_core_v_mini_mcu.memory_subsystem_i.ram0_i.tc_ram_i.sram\[23\]\[4\],11.81µm
i_core_v_mini_mcu.memory_subsystem_i.ram0_i.tc_ram_i.sram\[30\]\[22\],11.81µm
i_core_v_mini_mcu.memory_subsystem_i.ram0_i.tc_ram_i.sram\[4\]\[6\],11.81µm
i_core_v_mini_mcu.memory_subsystem_i.ram0_i.tc_ram_i.sram\[5\]\[17\],11.81µm
i_core_v_mini_mcu.memory_subsystem_i.ram0_i.tc_ram_i.sram\[5\]\[9\],11.81µm
i_core_v_mini_mcu.memory_subsystem_i.ram0_i.tc_ram_i.sram\[6\]\[2\],11.81µm
i_core_v_mini_mcu.memory_subsystem_i.ram0_i.tc_ram_i.sram\[6\]\[9\],11.81µm
i_core_v_mini_mcu.memory_subsystem_i.ram0_i.tc_ram_i.sram\[8\]\[28\],11.81µm
i_core_v_mini_mcu.peripheral_subsystem_i.uart_i.uart_core.u_uart_rxfifo.gen_normal_fifo.storage\[15\],11.81µm
i_core_v_mini_mcu.system_bus_i.system_xbar_i.gen_xbar_NtoM.i_xbar.gen_outputs\[4\].gen_rr_arb_tree.i_rr_arb_tree.gen_arbiter.rr_q\[2\],11.81µm
net1029,11.81µm
_00032_,11.76µm
_00036_,11.76µm
_00049_,11.76µm
_00098_,11.76µm
_00129_,11.76µm
_00169_,11.76µm
_00249_,11.76µm
_00315_,11.76µm
_00666_,11.76µm
_00688_,11.76µm
_00837_,11.76µm
_01078_,11.76µm
_01202_,11.76µm
_01368_,11.76µm
_01735_,11.76µm
_01951_,11.76µm
_01967_,11.76µm
_01994_,11.76µm
_02126_,11.76µm
_02156_,11.76µm
_02509_,11.76µm
_02812_,11.76µm
_03231_,11.76µm
_03313_,11.76µm
_03612_,11.76µm
_03699_,11.76µm
_03715_,11.76µm
_03761_,11.76µm
_03835_,11.76µm
_03972_,11.76µm
_04010_,11.76µm
_04170_,11.76µm
_04174_,11.76µm
_04185_,11.76µm
_04188_,11.76µm
_04385_,11.76µm
_04720_,11.76µm
_04987_,11.76µm
_05130_,11.76µm
_05204_,11.76µm
_05221_,11.76µm
_05225_,11.76µm
_05305_,11.76µm
_05316_,11.76µm
_05358_,11.76µm
_05393_,11.76µm
_05432_,11.76µm
_05501_,11.76µm
_05559_,11.76µm
_05642_,11.76µm
_05816_,11.76µm
_05941_,11.76µm
_06060_,11.76µm
_06135_,11.76µm
_06681_,11.76µm
_06717_,11.76µm
_06965_,11.76µm
_07013_,11.76µm
_07237_,11.76µm
_07702_,11.76µm
_07838_,11.76µm
_07904_,11.76µm
_07956_,11.76µm
_08049_,11.76µm
_08213_,11.76µm
_08250_,11.76µm
_08321_,11.76µm
_08323_,11.76µm
_08356_,11.76µm
_08678_,11.76µm
_08920_,11.76µm
_09101_,11.76µm
_09139_,11.76µm
_09220_,11.76µm
_10041_,11.76µm
_10235_,11.76µm
_10279_,11.76µm
_10663_,11.76µm
_10776_,11.76µm
_10905_,11.76µm
_10932_,11.76µm
_10948_,11.76µm
_10990_,11.76µm
_11384_,11.76µm
_11461_,11.76µm
_11506_,11.76µm
_11564_,11.76µm
_11645_,11.76µm
_11752_,11.76µm
_11772_,11.76µm
_11778_,11.76µm
_11811_,11.76µm
_11881_,11.76µm
_12087_,11.76µm
_12147_,11.76µm
_12192_,11.76µm
_12303_,11.76µm
_12644_,11.76µm
_12694_,11.76µm
_12705_,11.76µm
_12792_,11.76µm
_12800_,11.76µm
_12904_,11.76µm
_13176_,11.76µm
_13899_,11.76µm
_13986_,11.76µm
_14131_,11.76µm
_14221_,11.76µm
_14638_,11.76µm
_14848_,11.76µm
_14856_,11.76µm
_14881_,11.76µm
_15012_,11.76µm
_15148_,11.76µm
_15219_,11.76µm
_15319_,11.76µm
_15389_,11.76µm
_15526_,11.76µm
_15712_,11.76µm
_15949_,11.76µm
_16010_,11.76µm
_16135_,11.76µm
_16300_,11.76µm
_16349_,11.76µm
_16427_,11.76µm
_16873_,11.76µm
_17023_,11.76µm
_17210_,11.76µm
_17331_,11.76µm
_17333_,11.76µm
_17404_,11.76µm
_17696_,11.76µm
_17718_,11.76µm
_17741_,11.76µm
_17831_,11.76µm
_17936_,11.76µm
_18159_,11.76µm
_18235_,11.76µm
_18837_,11.76µm
_18846_,11.76µm
_18948_,11.76µm
_18976_,11.76µm
_19158_,11.76µm
_19245_,11.76µm
_19256_,11.76µm
_19262_,11.76µm
_19462_,11.76µm
_19522_,11.76µm
_19589_,11.76µm
_19595_,11.76µm
_19617_,11.76µm
_19871_,11.76µm
_19913_,11.76µm
_19917_,11.76µm
_20007_,11.76µm
_20072_,11.76µm
_20095_,11.76µm
_20114_,11.76µm
_20182_,11.76µm
_20250_,11.76µm
_20299_,11.76µm
_20301_,11.76µm
_20345_,11.76µm
_20429_,11.76µm
_20540_,11.76µm
_20620_,11.76µm
_20674_,11.76µm
_20757_,11.76µm
_20957_,11.76µm
_21083_,11.76µm
_21165_,11.76µm
_21283_,11.76µm
_21333_,11.76µm
_21390_,11.76µm
_21755_,11.76µm
_21759_,11.76µm
_21921_,11.76µm
_21988_,11.76µm
_22125_,11.76µm
_22345_,11.76µm
_22526_,11.76µm
_22559_,11.76µm
_22821_,11.76µm
_22831_,11.76µm
_22873_,11.76µm
_22940_,11.76µm
_22981_,11.76µm
_23040_,11.76µm
_23137_,11.76µm
_23191_,11.76µm
_23469_,11.76µm
_23566_,11.76µm
_23662_,11.76µm
_23668_,11.76µm
_23728_,11.76µm
_23873_,11.76µm
_23917_,11.76µm
_24367_,11.76µm
_24749_,11.76µm
_24787_,11.76µm
_24931_,11.76µm
_25031_,11.76µm
_25147_,11.76µm
_25277_,11.76µm
_25279_,11.76µm
_25343_,11.76µm
_25381_,11.76µm
_25393_,11.76µm
_25412_,11.76µm
_25454_,11.76µm
_25483_,11.76µm
_25543_,11.76µm
_25572_,11.76µm
_25803_,11.76µm
_25827_,11.76µm
_25927_,11.76µm
_26148_,11.76µm
_26342_,11.76µm
_26498_,11.76µm
_26522_,11.76µm
_26538_,11.76µm
_26565_,11.76µm
_26582_,11.76µm
_26605_,11.76µm
_26757_,11.76µm
_26983_,11.76µm
_26987_,11.76µm
_27083_,11.76µm
_27097_,11.76µm
_27234_,11.76µm
_27337_,11.76µm
_27446_,11.76µm
_27500_,11.76µm
_27501_,11.76µm
_27525_,11.76µm
_27650_,11.76µm
_27829_,11.76µm
_27862_,11.76µm
_28034_,11.76µm
_28037_,11.76µm
_28101_,11.76µm
i_core_v_mini_mcu.ao_peripheral_subsystem_i.mosaic_clint_i.mtimecmp_q\[35\],11.76µm
i_core_v_mini_mcu.ao_peripheral_subsystem_i.power_manager_i.power_manager_reg_top_i.global_pointer_qs\[26\],11.76µm
i_core_v_mini_mcu.ao_peripheral_subsystem_i.power_manager_i.power_manager_reg_top_i.u_intr_state.wr_data\[30\],11.76µm
i_core_v_mini_mcu.ao_peripheral_subsystem_i.power_manager_i.power_manager_reg_top_i.u_intr_state.wr_data\[3\],11.76µm
i_core_v_mini_mcu.ao_peripheral_subsystem_i.spi_subsystem_i.obi_spimemio_i.obi_to_picorv32_i.obi_resp_o\[17\],11.76µm
i_core_v_mini_mcu.ao_peripheral_subsystem_i.spi_subsystem_i.obi_spimemio_i.obi_to_picorv32_i.obi_resp_o\[30\],11.76µm
i_core_v_mini_mcu.ao_peripheral_subsystem_i.tdu_i.task_mem\[6\]\[12\],11.76µm
i_core_v_mini_mcu.cpu_subsystem_i.cpu_0_0.i_servile.cpu.immdec.gen_immdec_w_eq_1.imm30_25\[3\],11.76µm
i_core_v_mini_mcu.cpu_subsystem_i.cpu_0_0.rf_ram_i.memory\[151\]\[1\],11.76µm
i_core_v_mini_mcu.cpu_subsystem_i.cpu_0_0.rf_ram_i.memory\[213\]\[1\],11.76µm
i_core_v_mini_mcu.cpu_subsystem_i.cpu_0_0.rf_ram_i.memory\[220\]\[0\],11.76µm
i_core_v_mini_mcu.cpu_subsystem_i.cpu_0_0.rf_ram_i.memory\[410\]\[0\],11.76µm
i_core_v_mini_mcu.cpu_subsystem_i.cpu_0_0.rf_ram_i.memory\[514\]\[0\],11.76µm
i_core_v_mini_mcu.cpu_subsystem_i.cpu_1_0.i_servile.rf_ram_if.rdata0\[1\],11.76µm
i_core_v_mini_mcu.cpu_subsystem_i.cpu_1_0.i_servile.rf_ram_if.rreq_r,11.76µm
i_core_v_mini_mcu.cpu_subsystem_i.cpu_1_0.rf_ram_i.memory\[151\]\[1\],11.76µm
i_core_v_mini_mcu.cpu_subsystem_i.cpu_1_0.rf_ram_i.memory\[188\]\[0\],11.76µm
i_core_v_mini_mcu.cpu_subsystem_i.cpu_1_0.rf_ram_i.memory\[288\]\[1\],11.76µm
i_core_v_mini_mcu.cpu_subsystem_i.cpu_1_0.rf_ram_i.memory\[305\]\[1\],11.76µm
i_core_v_mini_mcu.cpu_subsystem_i.cpu_1_0.rf_ram_i.memory\[313\]\[0\],11.76µm
i_core_v_mini_mcu.cpu_subsystem_i.cpu_1_0.rf_ram_i.memory\[342\]\[0\],11.76µm
i_core_v_mini_mcu.cpu_subsystem_i.cpu_1_0.rf_ram_i.memory\[473\]\[0\],11.76µm
i_core_v_mini_mcu.cpu_subsystem_i.cpu_1_0.rf_ram_i.memory\[505\]\[1\],11.76µm
i_core_v_mini_mcu.cpu_subsystem_i.cpu_1_0.rf_ram_i.memory\[59\]\[1\],11.76µm
i_core_v_mini_mcu.memory_subsystem_i.ram0_i.tc_ram_i.sram\[18\]\[23\],11.76µm
i_core_v_mini_mcu.memory_subsystem_i.ram0_i.tc_ram_i.sram\[19\]\[17\],11.76µm
i_core_v_mini_mcu.memory_subsystem_i.ram0_i.tc_ram_i.sram\[21\]\[29\],11.76µm
i_core_v_mini_mcu.memory_subsystem_i.ram0_i.tc_ram_i.sram\[29\]\[10\],11.76µm
i_core_v_mini_mcu.memory_subsystem_i.ram0_i.tc_ram_i.sram\[9\]\[12\],11.76µm
i_core_v_mini_mcu.peripheral_subsystem_i.uart_i.uart_core.u_uart_rxfifo.gen_normal_fifo.storage\[6\],11.76µm
i_core_v_mini_mcu.cpu_subsystem_i.cpu_0_0.rf_ram_i.memory\[86\]\[0\],11.58µm
_17502_,11.56µm
i_core_v_mini_mcu.cpu_subsystem_i.cpu_1_0.rf_ram_i.memory\[81\]\[1\],11.53µm
i_core_v_mini_mcu.ao_peripheral_subsystem_i.spi_subsystem_i.obi_spimemio_i.obi_to_picorv32_i.picorv32_resp_i\[29\],11.48µm
i_core_v_mini_mcu.cpu_subsystem_i.cpu_0_0.rf_ram_i.memory\[22\]\[1\],11.48µm
i_core_v_mini_mcu.cpu_subsystem_i.cpu_0_0.rf_ram_i.memory\[395\]\[0\],11.48µm
i_core_v_mini_mcu.cpu_subsystem_i.cpu_1_0.rf_ram_i.memory\[240\]\[1\],11.48µm
_09535_,11.4µm
_15611_,11.4µm
_04869_,11.35µm
_10164_,11.35µm
_12166_,11.35µm
_20977_,11.35µm
exit_value_int\[9\],11.35µm
i_core_v_mini_mcu.cpu_subsystem_i.cpu_0_0.rf_ram_i.memory\[127\]\[1\],11.35µm
i_core_v_mini_mcu.cpu_subsystem_i.cpu_0_0.rf_ram_i.memory\[215\]\[1\],11.35µm
i_core_v_mini_mcu.cpu_subsystem_i.cpu_0_0.rf_ram_i.memory\[488\]\[1\],11.35µm
i_core_v_mini_mcu.cpu_subsystem_i.cpu_0_0.rf_ram_i.memory\[533\]\[1\],11.35µm
i_core_v_mini_mcu.cpu_subsystem_i.cpu_1_0.rf_ram_i.memory\[260\]\[1\],11.35µm
i_core_v_mini_mcu.cpu_subsystem_i.cpu_1_0.rf_ram_i.memory\[334\]\[1\],11.35µm
i_core_v_mini_mcu.cpu_subsystem_i.cpu_1_0.rf_ram_i.memory\[413\]\[1\],11.35µm
i_core_v_mini_mcu.memory_subsystem_i.ram0_i.tc_ram_i.sram\[21\]\[2\],11.35µm
i_core_v_mini_mcu.memory_subsystem_i.ram0_i.tc_ram_i.sram\[22\]\[27\],11.35µm
i_core_v_mini_mcu.memory_subsystem_i.ram0_i.tc_ram_i.sram\[23\]\[5\],11.35µm
i_core_v_mini_mcu.memory_subsystem_i.ram0_i.tc_ram_i.sram\[28\]\[24\],11.35µm
i_core_v_mini_mcu.peripheral_subsystem_i.uart_i.uart_core.rx_timeout_count_q\[19\],11.35µm
_00645_,11.3µm
_01347_,11.3µm
_01399_,11.3µm
_01769_,11.3µm
_01777_,11.3µm
_02250_,11.3µm
_03455_,11.3µm
_05475_,11.3µm
_07474_,11.3µm
_07564_,11.3µm
_08391_,11.3µm
_11453_,11.3µm
_12041_,11.3µm
_12079_,11.3µm
_13199_,11.3µm
_13332_,11.3µm
_13675_,11.3µm
_14604_,11.3µm
_14684_,11.3µm
_15432_,11.3µm
_16713_,11.3µm
_19375_,11.3µm
_19884_,11.3µm
_20064_,11.3µm
_20437_,11.3µm
_20964_,11.3µm
_21061_,11.3µm
_21959_,11.3µm
_22412_,11.3µm
_23029_,11.3µm
_23461_,11.3µm
_24619_,11.3µm
_25759_,11.3µm
_27254_,11.3µm
i_core_v_mini_mcu.ao_peripheral_subsystem_i.obi_fifo_i.consumer_data_req_q\[52\],11.3µm
i_core_v_mini_mcu.ao_peripheral_subsystem_i.soc_ctrl_i.soc_ctrl_reg_top_i.system_frequency_hz_qs\[8\],11.3µm
i_core_v_mini_mcu.ao_peripheral_subsystem_i.spi_subsystem_i.obi_spimemio_i.obi_to_picorv32_i.state\[2\],11.3µm
i_core_v_mini_mcu.ao_peripheral_subsystem_i.tdu_i.sched_mode_q\[0\],11.3µm
i_core_v_mini_mcu.core_data_req\[0\],11.3µm
i_core_v_mini_mcu.cpu_subsystem_i.cpu_0_0.i_servile.cpu.gen_align.align.ibus_rdt_concat\[7\],11.3µm
i_core_v_mini_mcu.cpu_subsystem_i.cpu_0_0.i_servile.cpu.immdec.gen_immdec_w_eq_1.imm24_20\[4\],11.3µm
i_core_v_mini_mcu.cpu_subsystem_i.cpu_0_0.rf_ram_i.memory\[19\]\[0\],11.3µm
i_core_v_mini_mcu.cpu_subsystem_i.cpu_0_0.rf_ram_i.memory\[218\]\[0\],11.3µm
i_core_v_mini_mcu.cpu_subsystem_i.cpu_0_0.rf_ram_i.memory\[263\]\[0\],11.3µm
i_core_v_mini_mcu.cpu_subsystem_i.cpu_0_0.rf_ram_i.memory\[322\]\[0\],11.3µm
i_core_v_mini_mcu.cpu_subsystem_i.cpu_0_0.rf_ram_i.memory\[455\]\[0\],11.3µm
i_core_v_mini_mcu.cpu_subsystem_i.cpu_0_0.rf_ram_i.memory\[496\]\[1\],11.3µm
i_core_v_mini_mcu.cpu_subsystem_i.cpu_1_0.i_servile.cpu.immdec.gen_immdec_w_eq_1.imm24_20\[4\],11.3µm
i_core_v_mini_mcu.cpu_subsystem_i.cpu_1_0.rf_ram_i.memory\[190\]\[0\],11.3µm
i_core_v_mini_mcu.cpu_subsystem_i.cpu_1_0.rf_ram_i.memory\[261\]\[0\],11.3µm
i_core_v_mini_mcu.cpu_subsystem_i.cpu_1_0.rf_ram_i.memory\[331\]\[0\],11.3µm
i_core_v_mini_mcu.cpu_subsystem_i.cpu_1_0.rf_ram_i.memory\[466\]\[0\],11.3µm
i_core_v_mini_mcu.cpu_subsystem_i.cpu_1_0.rf_ram_i.memory\[97\]\[1\],11.3µm
i_core_v_mini_mcu.memory_subsystem_i.ram0_i.tc_ram_i.sram\[19\]\[14\],11.3µm
i_core_v_mini_mcu.memory_subsystem_i.ram0_i.tc_ram_i.sram\[1\]\[17\],11.3µm
i_core_v_mini_mcu.memory_subsystem_i.ram0_i.tc_ram_i.sram\[1\]\[19\],11.3µm
i_core_v_mini_mcu.memory_subsystem_i.ram0_i.tc_ram_i.sram\[22\]\[8\],11.3µm
i_core_v_mini_mcu.memory_subsystem_i.ram0_i.tc_ram_i.sram\[2\]\[2\],11.3µm
i_core_v_mini_mcu.peripheral_subsystem_i.obi_fifo_i.consumer_data_req_q\[64\],11.3µm
i_core_v_mini_mcu.peripheral_subsystem_i.uart_i.uart_core.u_uart_rxfifo.gen_normal_fifo.storage\[10\],11.3µm
i_core_v_mini_mcu.peripheral_subsystem_i.uart_i.uart_core.u_uart_rxfifo.gen_normal_fifo.storage\[4\],11.3µm
_00017_,11.25µm
_00263_,11.25µm
_00344_,11.25µm
_00352_,11.25µm
_00380_,11.25µm
_00454_,11.25µm
_00560_,11.25µm
_00581_,11.25µm
_00629_,11.25µm
_00757_,11.25µm
_00784_,11.25µm
_00823_,11.25µm
_00882_,11.25µm
_00916_,11.25µm
_01115_,11.25µm
_01464_,11.25µm
_01588_,11.25µm
_01866_,11.25µm
_02307_,11.25µm
_02360_,11.25µm
_02363_,11.25µm
_02468_,11.25µm
_02531_,11.25µm
_02581_,11.25µm
_02746_,11.25µm
_03125_,11.25µm
_03681_,11.25µm
_03739_,11.25µm
_04211_,11.25µm
_04245_,11.25µm
_04323_,11.25µm
_04518_,11.25µm
_04559_,11.25µm
_04570_,11.25µm
_04638_,11.25µm
_04649_,11.25µm
_04709_,11.25µm
_04996_,11.25µm
_05066_,11.25µm
_05958_,11.25µm
_06111_,11.25µm
_06131_,11.25µm
_06169_,11.25µm
_06218_,11.25µm
_06319_,11.25µm
_06424_,11.25µm
_06630_,11.25µm
_06680_,11.25µm
_07032_,11.25µm
_07047_,11.25µm
_07645_,11.25µm
_07790_,11.25µm
_08092_,11.25µm
_08267_,11.25µm
_08312_,11.25µm
_08325_,11.25µm
_08879_,11.25µm
_08973_,11.25µm
_08976_,11.25µm
_09044_,11.25µm
_09047_,11.25µm
_09409_,11.25µm
_09496_,11.25µm
_09516_,11.25µm
_09557_,11.25µm
_10108_,11.25µm
_10334_,11.25µm
_10720_,11.25µm
_10941_,11.25µm
_11163_,11.25µm
_11166_,11.25µm
_11474_,11.25µm
_11642_,11.25µm
_11917_,11.25µm
_11985_,11.25µm
_12046_,11.25µm
_12073_,11.25µm
_12239_,11.25µm
_12696_,11.25µm
_12703_,11.25µm
_12892_,11.25µm
_12913_,11.25µm
_12952_,11.25µm
_13113_,11.25µm
_13246_,11.25µm
_13369_,11.25µm
_13543_,11.25µm
_14067_,11.25µm
_14460_,11.25µm
_14593_,11.25µm
_14852_,11.25µm
_15068_,11.25µm
_15274_,11.25µm
_15298_,11.25µm
_15395_,11.25µm
_15452_,11.25µm
_15548_,11.25µm
_15572_,11.25µm
_15598_,11.25µm
_15601_,11.25µm
_15758_,11.25µm
_15919_,11.25µm
_16013_,11.25µm
_16022_,11.25µm
_16099_,11.25µm
_16176_,11.25µm
_16193_,11.25µm
_16199_,11.25µm
_16219_,11.25µm
_16339_,11.25µm
_16586_,11.25µm
_16751_,11.25µm
_16766_,11.25µm
_16798_,11.25µm
_16853_,11.25µm
_16866_,11.25µm
_16871_,11.25µm
_17084_,11.25µm
_17124_,11.25µm
_17211_,11.25µm
_17217_,11.25µm
_17246_,11.25µm
_17540_,11.25µm
_17593_,11.25µm
_17630_,11.25µm
_17822_,11.25µm
_18197_,11.25µm
_18389_,11.25µm
_18514_,11.25µm
_18601_,11.25µm
_18610_,11.25µm
_18689_,11.25µm
_18782_,11.25µm
_18783_,11.25µm
_18791_,11.25µm
_18815_,11.25µm
_18821_,11.25µm
_19243_,11.25µm
_19255_,11.25µm
_19281_,11.25µm
_19446_,11.25µm
_19539_,11.25µm
_19576_,11.25µm
_19760_,11.25µm
_19791_,11.25µm
_19849_,11.25µm
_19886_,11.25µm
_20094_,11.25µm
_20107_,11.25µm
_20257_,11.25µm
_20473_,11.25µm
_20821_,11.25µm
_20876_,11.25µm
_20961_,11.25µm
_21012_,11.25µm
_21161_,11.25µm
_21313_,11.25µm
_21376_,11.25µm
_21441_,11.25µm
_21489_,11.25µm
_21581_,11.25µm
_21648_,11.25µm
_21717_,11.25µm
_21880_,11.25µm
_21887_,11.25µm
_22103_,11.25µm
_22147_,11.25µm
_22166_,11.25µm
_22192_,11.25µm
_22269_,11.25µm
_22297_,11.25µm
_22389_,11.25µm
_22404_,11.25µm
_22424_,11.25µm
_22457_,11.25µm
_22485_,11.25µm
_22501_,11.25µm
_22563_,11.25µm
_22568_,11.25µm
_22692_,11.25µm
_22776_,11.25µm
_22950_,11.25µm
_22967_,11.25µm
_23342_,11.25µm
_23453_,11.25µm
_23540_,11.25µm
_23865_,11.25µm
_23911_,11.25µm
_23954_,11.25µm
_24212_,11.25µm
_24300_,11.25µm
_24400_,11.25µm
_24466_,11.25µm
_24822_,11.25µm
_24899_,11.25µm
_25201_,11.25µm
_25347_,11.25µm
_25423_,11.25µm
_25493_,11.25µm
_25571_,11.25µm
_25596_,11.25µm
_25624_,11.25µm
_25659_,11.25µm
_25728_,11.25µm
_26010_,11.25µm
_26254_,11.25µm
_26403_,11.25µm
_26494_,11.25µm
_26529_,11.25µm
_26601_,11.25µm
_26628_,11.25µm
_26629_,11.25µm
_26690_,11.25µm
_26736_,11.25µm
_26862_,11.25µm
_27119_,11.25µm
_27183_,11.25µm
_27221_,11.25µm
_27245_,11.25µm
_27543_,11.25µm
_27553_,11.25µm
_27588_,11.25µm
_27622_,11.25µm
_27711_,11.25µm
_27816_,11.25µm
_27826_,11.25µm
_28062_,11.25µm
i_core_v_mini_mcu.ao_peripheral_subsystem_i.obi_fifo_i.consumer_resp_i\[11\],11.25µm
i_core_v_mini_mcu.ao_peripheral_subsystem_i.power_manager_i.power_manager_sequence_ram_0_iso_i.sequence_curr_state\[4\],11.25µm
i_core_v_mini_mcu.ao_peripheral_subsystem_i.spi_subsystem_i.obi_spimemio_i.obi_to_picorv32_i.picorv32_resp_i\[28\],11.25µm
i_core_v_mini_mcu.core_data_req\[30\],11.25µm
i_core_v_mini_mcu.cpu_subsystem_i.cpu_0_0.i_servile.cpu.ctrl.i_jal_or_jalr,11.25µm
i_core_v_mini_mcu.cpu_subsystem_i.cpu_0_0.i_servile.cpu.gen_csr.csr.o_new_irq,11.25µm
i_core_v_mini_mcu.cpu_subsystem_i.cpu_0_0.i_servile.cpu.mem_if.signbit,11.25µm
i_core_v_mini_mcu.cpu_subsystem_i.cpu_0_0.rf_ram_i.memory\[260\]\[1\],11.25µm
i_core_v_mini_mcu.cpu_subsystem_i.cpu_0_0.rf_ram_i.memory\[388\]\[1\],11.25µm
i_core_v_mini_mcu.cpu_subsystem_i.cpu_0_0.rf_ram_i.memory\[426\]\[0\],11.25µm
i_core_v_mini_mcu.cpu_subsystem_i.cpu_0_0.rf_ram_i.memory\[444\]\[1\],11.25µm
i_core_v_mini_mcu.cpu_subsystem_i.cpu_0_0.rf_ram_i.memory\[484\]\[1\],11.25µm
i_core_v_mini_mcu.cpu_subsystem_i.cpu_0_0.rf_ram_i.memory\[501\]\[0\],11.25µm
i_core_v_mini_mcu.cpu_subsystem_i.cpu_0_0.rf_ram_i.memory\[562\]\[1\],11.25µm
i_core_v_mini_mcu.cpu_subsystem_i.cpu_0_0.rf_ram_i.memory\[563\]\[0\],11.25µm
i_core_v_mini_mcu.cpu_subsystem_i.cpu_1_0.ext_owns_q,11.25µm
i_core_v_mini_mcu.cpu_subsystem_i.cpu_1_0.rf_ram_i.memory\[276\]\[0\],11.25µm
i_core_v_mini_mcu.cpu_subsystem_i.cpu_1_0.rf_ram_i.memory\[396\]\[0\],11.25µm
i_core_v_mini_mcu.memory_subsystem_i.ram0_i.tc_ram_i.sram\[0\]\[19\],11.25µm
i_core_v_mini_mcu.memory_subsystem_i.ram0_i.tc_ram_i.sram\[0\]\[28\],11.25µm
i_core_v_mini_mcu.memory_subsystem_i.ram0_i.tc_ram_i.sram\[11\]\[23\],11.25µm
i_core_v_mini_mcu.memory_subsystem_i.ram0_i.tc_ram_i.sram\[17\]\[24\],11.25µm
i_core_v_mini_mcu.memory_subsystem_i.ram0_i.tc_ram_i.sram\[1\]\[10\],11.25µm
i_core_v_mini_mcu.memory_subsystem_i.ram0_i.tc_ram_i.sram\[22\]\[9\],11.25µm
i_core_v_mini_mcu.memory_subsystem_i.ram0_i.tc_ram_i.sram\[24\]\[18\],11.25µm
i_core_v_mini_mcu.memory_subsystem_i.ram0_i.tc_ram_i.sram\[24\]\[3\],11.25µm
i_core_v_mini_mcu.memory_subsystem_i.ram0_i.tc_ram_i.sram\[28\]\[16\],11.25µm
i_core_v_mini_mcu.memory_subsystem_i.ram0_i.tc_ram_i.sram\[28\]\[6\],11.25µm
i_core_v_mini_mcu.memory_subsystem_i.ram0_i.tc_ram_i.sram\[9\]\[8\],11.25µm
i_core_v_mini_mcu.memory_subsystem_i.ram_valid_q,11.25µm
i_core_v_mini_mcu.peripheral_subsystem_i.obi_fifo_i.consumer_data_req_q\[19\],11.25µm
i_core_v_mini_mcu.peripheral_subsystem_i.obi_fifo_i.consumer_resp_i\[24\],11.25µm
_00095_,11.2µm
_00230_,11.2µm
_00252_,11.2µm
_00409_,11.2µm
_00413_,11.2µm
_00435_,11.2µm
_00445_,11.2µm
_00760_,11.2µm
_00770_,11.2µm
_00980_,11.2µm
_01261_,11.2µm
_01270_,11.2µm
_01400_,11.2µm
_01474_,11.2µm
_01530_,11.2µm
_01778_,11.2µm
_01797_,11.2µm
_01824_,11.2µm
_02152_,11.2µm
_02224_,11.2µm
_02296_,11.2µm
_02370_,11.2µm
_02377_,11.2µm
_02461_,11.2µm
_02499_,11.2µm
_02598_,11.2µm
_02739_,11.2µm
_02763_,11.2µm
_03001_,11.2µm
_03158_,11.2µm
_03197_,11.2µm
_03247_,11.2µm
_03271_,11.2µm
_03691_,11.2µm
_03718_,11.2µm
_03748_,11.2µm
_03766_,11.2µm
_03810_,11.2µm
_03827_,11.2µm
_03885_,11.2µm
_03999_,11.2µm
_04138_,11.2µm
_04142_,11.2µm
_04143_,11.2µm
_04192_,11.2µm
_04305_,11.2µm
_04335_,11.2µm
_04555_,11.2µm
_04591_,11.2µm
_04893_,11.2µm
_04951_,11.2µm
_04972_,11.2µm
_05020_,11.2µm
_05025_,11.2µm
_05094_,11.2µm
_05116_,11.2µm
_05163_,11.2µm
_05226_,11.2µm
_05277_,11.2µm
_05355_,11.2µm
_05760_,11.2µm
_05812_,11.2µm
_05824_,11.2µm
_05863_,11.2µm
_05950_,11.2µm
_06043_,11.2µm
_06046_,11.2µm
_06247_,11.2µm
_06366_,11.2µm
_06426_,11.2µm
_06663_,11.2µm
_06766_,11.2µm
_07416_,11.2µm
_07516_,11.2µm
_07619_,11.2µm
_07727_,11.2µm
_07757_,11.2µm
_07901_,11.2µm
_07923_,11.2µm
_08232_,11.2µm
_08347_,11.2µm
_08404_,11.2µm
_08579_,11.2µm
_08623_,11.2µm
_09009_,11.2µm
_09088_,11.2µm
_09111_,11.2µm
_09312_,11.2µm
_09424_,11.2µm
_09609_,11.2µm
_09616_,11.2µm
_09839_,11.2µm
_09898_,11.2µm
_09981_,11.2µm
_10315_,11.2µm
_10368_,11.2µm
_10459_,11.2µm
_10467_,11.2µm
_10518_,11.2µm
_10800_,11.2µm
_10975_,11.2µm
_11011_,11.2µm
_11068_,11.2µm
_11098_,11.2µm
_11152_,11.2µm
_11271_,11.2µm
_11335_,11.2µm
_11343_,11.2µm
_11596_,11.2µm
_11783_,11.2µm
_11847_,11.2µm
_12057_,11.2µm
_12277_,11.2µm
_12460_,11.2µm
_12531_,11.2µm
_12688_,11.2µm
_12971_,11.2µm
_13026_,11.2µm
_13592_,11.2µm
_13677_,11.2µm
_13682_,11.2µm
_13710_,11.2µm
_13712_,11.2µm
_13726_,11.2µm
_14248_,11.2µm
_14294_,11.2µm
_14572_,11.2µm
_14687_,11.2µm
_14705_,11.2µm
_14762_,11.2µm
_14950_,11.2µm
_14986_,11.2µm
_14995_,11.2µm
_15035_,11.2µm
_15128_,11.2µm
_15439_,11.2µm
_15463_,11.2µm
_15475_,11.2µm
_15600_,11.2µm
_15745_,11.2µm
_15754_,11.2µm
_15979_,11.2µm
_15980_,11.2µm
_15983_,11.2µm
_16034_,11.2µm
_16510_,11.2µm
_16687_,11.2µm
_16760_,11.2µm
_16867_,11.2µm
_17157_,11.2µm
_17216_,11.2µm
_17252_,11.2µm
_17272_,11.2µm
_17458_,11.2µm
_17644_,11.2µm
_17715_,11.2µm
_17724_,11.2µm
_17901_,11.2µm
_17939_,11.2µm
_17990_,11.2µm
_18234_,11.2µm
_18254_,11.2µm
_18516_,11.2µm
_18583_,11.2µm
_18589_,11.2µm
_18631_,11.2µm
_18660_,11.2µm
_18686_,11.2µm
_18834_,11.2µm
_18843_,11.2µm
_18950_,11.2µm
_19033_,11.2µm
_19036_,11.2µm
_19037_,11.2µm
_19111_,11.2µm
_19163_,11.2µm
_19169_,11.2µm
_19246_,11.2µm
_19267_,11.2µm
_19308_,11.2µm
_19327_,11.2µm
_19328_,11.2µm
_19402_,11.2µm
_19467_,11.2µm
_19484_,11.2µm
_19516_,11.2µm
_19691_,11.2µm
_19714_,11.2µm
_19753_,11.2µm
_19766_,11.2µm
_19790_,11.2µm
_19805_,11.2µm
_19916_,11.2µm
_20031_,11.2µm
_20075_,11.2µm
_20134_,11.2µm
_20198_,11.2µm
_20255_,11.2µm
_20343_,11.2µm
_20616_,11.2µm
_20721_,11.2µm
_20737_,11.2µm
_20887_,11.2µm
_20962_,11.2µm
_21185_,11.2µm
_21433_,11.2µm
_21544_,11.2µm
_21597_,11.2µm
_21662_,11.2µm
_22102_,11.2µm
_22130_,11.2µm
_22176_,11.2µm
_22241_,11.2µm
_22321_,11.2µm
_22458_,11.2µm
_22513_,11.2µm
_22567_,11.2µm
_22713_,11.2µm
_22737_,11.2µm
_22885_,11.2µm
_22923_,11.2µm
_23088_,11.2µm
_23119_,11.2µm
_23135_,11.2µm
_23212_,11.2µm
_23347_,11.2µm
_23751_,11.2µm
_23756_,11.2µm
_23758_,11.2µm
_23762_,11.2µm
_23792_,11.2µm
_23929_,11.2µm
_24034_,11.2µm
_24201_,11.2µm
_24247_,11.2µm
_24306_,11.2µm
_24690_,11.2µm
_24776_,11.2µm
_25102_,11.2µm
_25138_,11.2µm
_25601_,11.2µm
_25653_,11.2µm
_25716_,11.2µm
_26048_,11.2µm
_26107_,11.2µm
_26235_,11.2µm
_26293_,11.2µm
_26622_,11.2µm
_26636_,11.2µm
_26664_,11.2µm
_26670_,11.2µm
_26683_,11.2µm
_26798_,11.2µm
_26960_,11.2µm
_27008_,11.2µm
_27147_,11.2µm
_27315_,11.2µm
_27586_,11.2µm
_27670_,11.2µm
_27763_,11.2µm
_27796_,11.2µm
_27904_,11.2µm
_27942_,11.2µm
_28014_,11.2µm
_28038_,11.2µm
_28076_,11.2µm
_28133_,11.2µm
i_core_v_mini_mcu.ao_peripheral_subsystem_i.mosaic_clint_i.mtimecmp_q\[58\],11.2µm
i_core_v_mini_mcu.ao_peripheral_subsystem_i.obi_fifo_i.consumer_data_req_q\[12\],11.2µm
i_core_v_mini_mcu.ao_peripheral_subsystem_i.spi_subsystem_i.obi_spimemio_i.spimemio_i.din_data\[4\],11.2µm
i_core_v_mini_mcu.ao_peripheral_subsystem_i.spi_subsystem_i.obi_spimemio_i.spimemio_i.xfer.xfer_rd,11.2µm
i_core_v_mini_mcu.cpu_subsystem_i.cpu_0_0.i_servile.cpu.alu.i_sub,11.2µm
i_core_v_mini_mcu.cpu_subsystem_i.cpu_0_0.i_servile.cpu.ctrl.o_ibus_adr\[9\],11.2µm
i_core_v_mini_mcu.cpu_subsystem_i.cpu_0_0.i_servile.rf_ram_if.wen1_r,11.2µm
i_core_v_mini_mcu.cpu_subsystem_i.cpu_0_0.rf_ram_i.memory\[118\]\[1\],11.2µm
i_core_v_mini_mcu.cpu_subsystem_i.cpu_0_0.rf_ram_i.memory\[156\]\[0\],11.2µm
i_core_v_mini_mcu.cpu_subsystem_i.cpu_0_0.rf_ram_i.memory\[182\]\[0\],11.2µm
i_core_v_mini_mcu.cpu_subsystem_i.cpu_0_0.rf_ram_i.memory\[259\]\[0\],11.2µm
i_core_v_mini_mcu.cpu_subsystem_i.cpu_0_0.rf_ram_i.memory\[293\]\[0\],11.2µm
i_core_v_mini_mcu.cpu_subsystem_i.cpu_0_0.rf_ram_i.memory\[361\]\[0\],11.2µm
i_core_v_mini_mcu.cpu_subsystem_i.cpu_0_0.rf_ram_i.memory\[418\]\[0\],11.2µm
i_core_v_mini_mcu.cpu_subsystem_i.cpu_0_0.rf_ram_i.memory\[519\]\[0\],11.2µm
i_core_v_mini_mcu.cpu_subsystem_i.cpu_1_0.rf_ram_i.memory\[162\]\[1\],11.2µm
i_core_v_mini_mcu.cpu_subsystem_i.cpu_1_0.rf_ram_i.memory\[295\]\[1\],11.2µm
i_core_v_mini_mcu.cpu_subsystem_i.cpu_1_0.rf_ram_i.memory\[485\]\[1\],11.2µm
i_core_v_mini_mcu.memory_subsystem_i.ram0_i.tc_ram_i.sram\[13\]\[30\],11.2µm
i_core_v_mini_mcu.memory_subsystem_i.ram0_i.tc_ram_i.sram\[13\]\[3\],11.2µm
i_core_v_mini_mcu.memory_subsystem_i.ram0_i.tc_ram_i.sram\[19\]\[30\],11.2µm
i_core_v_mini_mcu.memory_subsystem_i.ram0_i.tc_ram_i.sram\[1\]\[31\],11.2µm
i_core_v_mini_mcu.memory_subsystem_i.ram0_i.tc_ram_i.sram\[21\]\[13\],11.2µm
i_core_v_mini_mcu.memory_subsystem_i.ram0_i.tc_ram_i.sram\[21\]\[24\],11.2µm
i_core_v_mini_mcu.memory_subsystem_i.ram0_i.tc_ram_i.sram\[23\]\[21\],11.2µm
i_core_v_mini_mcu.memory_subsystem_i.ram0_i.tc_ram_i.sram\[25\]\[18\],11.2µm
i_core_v_mini_mcu.memory_subsystem_i.ram0_i.tc_ram_i.sram\[25\]\[9\],11.2µm
i_core_v_mini_mcu.memory_subsystem_i.ram0_i.tc_ram_i.sram\[30\]\[21\],11.2µm
i_core_v_mini_mcu.memory_subsystem_i.ram0_i.tc_ram_i.sram\[31\]\[0\],11.2µm
i_core_v_mini_mcu.peripheral_subsystem_i.obi_fifo_i.consumer_resp_i\[33\],11.2µm
i_core_v_mini_mcu.peripheral_subsystem_i.uart_i.reg2hw\[35\],11.2µm
i_core_v_mini_mcu.peripheral_subsystem_i.uart_i.uart_core.nco_sum_q\[14\],11.2µm
i_core_v_mini_mcu.peripheral_subsystem_i.uart_i.uart_core.u_uart_txfifo.gen_normal_fifo.storage\[5\],11.2µm
net904,11.2µm
i_core_v_mini_mcu.cpu_subsystem_i.cpu_0_0.rf_ram_i.memory\[200\]\[0\],11.07µm
_09399_,10.97µm
i_core_v_mini_mcu.cpu_subsystem_i.cpu_1_0.rf_ram_i.memory\[466\]\[1\],10.97µm
i_core_v_mini_mcu.memory_subsystem_i.ram0_i.tc_ram_i.sram\[8\]\[13\],10.97µm
_22957_,10.92µm
cpu_subsystem_powergate_switch_no_int,10.92µm
_10025_,10.89µm
_10202_,10.84µm
_06362_,10.79µm
_07859_,10.79µm
_11900_,10.79µm
_16002_,10.79µm
_21566_,10.79µm
_25193_,10.79µm
i_core_v_mini_mcu.ao_peripheral_subsystem_i.obi_fifo_i.consumer_data_req_q\[25\],10.79µm
i_core_v_mini_mcu.cpu_subsystem_i.cpu_0_0.rf_ram_i.memory\[325\]\[0\],10.79µm
i_core_v_mini_mcu.cpu_subsystem_i.cpu_0_0.rf_ram_i.memory\[443\]\[1\],10.79µm
i_core_v_mini_mcu.cpu_subsystem_i.cpu_0_0.rf_ram_i.memory\[528\]\[1\],10.79µm
i_core_v_mini_mcu.cpu_subsystem_i.cpu_0_0.rf_ram_i.memory\[573\]\[1\],10.79µm
i_core_v_mini_mcu.memory_subsystem_i.ram0_i.tc_ram_i.sram\[27\]\[10\],10.79µm
i_core_v_mini_mcu.peripheral_subsystem_i.uart_i.uart_core.uart_rx.bit_cnt_q\[1\],10.79µm
_00394_,10.74µm
_06184_,10.74µm
_06398_,10.74µm
_07330_,10.74µm
_07789_,10.74µm
_08400_,10.74µm
_08480_,10.74µm
_09184_,10.74µm
_09977_,10.74µm
_10096_,10.74µm
_10227_,10.74µm
_10272_,10.74µm
_10431_,10.74µm
_10468_,10.74µm
_11126_,10.74µm
_11259_,10.74µm
_11718_,10.74µm
_11733_,10.74µm
_12671_,10.74µm
_12928_,10.74µm
_13011_,10.74µm
_13187_,10.74µm
_13309_,10.74µm
_14306_,10.74µm
_16578_,10.74µm
_17081_,10.74µm
_18764_,10.74µm
_18797_,10.74µm
_19019_,10.74µm
_19711_,10.74µm
_20638_,10.74µm
_21239_,10.74µm
_21824_,10.74µm
_21838_,10.74µm
_22011_,10.74µm
_22136_,10.74µm
_22628_,10.74µm
_23688_,10.74µm
_23843_,10.74µm
_23853_,10.74µm
_24726_,10.74µm
_24981_,10.74µm
_26505_,10.74µm
_27924_,10.74µm
i_core_v_mini_mcu.ao_peripheral_subsystem_i.mosaic_clint_i.mtimecmp_q\[33\],10.74µm
i_core_v_mini_mcu.ao_peripheral_subsystem_i.power_manager_i.power_manager_reg_top_i.cpu_reset_deassert_counter_qs\[12\],10.74µm
i_core_v_mini_mcu.ao_peripheral_subsystem_i.spi_subsystem_i.obi_spimemio_i.obi_to_picorv32_i.obi_resp_o\[31\],10.74µm
i_core_v_mini_mcu.ao_peripheral_subsystem_i.spi_subsystem_i.obi_spimemio_i.spimemio_i.xfer.obuffer\[4\],10.74µm
i_core_v_mini_mcu.cpu_subsystem_i.cpu_0_0.rf_ram_i.memory\[171\]\[1\],10.74µm
i_core_v_mini_mcu.cpu_subsystem_i.cpu_0_0.rf_ram_i.memory\[277\]\[1\],10.74µm
i_core_v_mini_mcu.cpu_subsystem_i.cpu_0_0.rf_ram_i.memory\[351\]\[1\],10.74µm
i_core_v_mini_mcu.cpu_subsystem_i.cpu_0_0.rf_ram_i.memory\[86\]\[1\],10.74µm
i_core_v_mini_mcu.cpu_subsystem_i.cpu_1_0.i_servile.cpu.immdec.gen_immdec_w_eq_1.imm24_20\[3\],10.74µm
i_core_v_mini_mcu.cpu_subsystem_i.cpu_1_0.rf_ram_i.memory\[109\]\[0\],10.74µm
i_core_v_mini_mcu.cpu_subsystem_i.cpu_1_0.rf_ram_i.memory\[217\]\[1\],10.74µm
i_core_v_mini_mcu.cpu_subsystem_i.cpu_1_0.rf_ram_i.memory\[226\]\[0\],10.74µm
i_core_v_mini_mcu.cpu_subsystem_i.cpu_1_0.rf_ram_i.memory\[247\]\[1\],10.74µm
i_core_v_mini_mcu.cpu_subsystem_i.cpu_1_0.rf_ram_i.memory\[261\]\[1\],10.74µm
i_core_v_mini_mcu.cpu_subsystem_i.cpu_1_0.rf_ram_i.memory\[272\]\[1\],10.74µm
i_core_v_mini_mcu.cpu_subsystem_i.cpu_1_0.rf_ram_i.memory\[302\]\[1\],10.74µm
i_core_v_mini_mcu.cpu_subsystem_i.cpu_1_0.rf_ram_i.memory\[323\]\[0\],10.74µm
i_core_v_mini_mcu.cpu_subsystem_i.cpu_1_0.rf_ram_i.memory\[408\]\[1\],10.74µm
i_core_v_mini_mcu.cpu_subsystem_i.cpu_1_0.rf_ram_i.memory\[503\]\[0\],10.74µm
i_core_v_mini_mcu.cpu_subsystem_i.cpu_1_0.rf_ram_i.memory\[59\]\[0\],10.74µm
i_core_v_mini_mcu.cpu_subsystem_i.cpu_1_0.rf_ram_i.memory\[76\]\[0\],10.74µm
i_core_v_mini_mcu.memory_subsystem_i.ram0_i.tc_ram_i.sram\[14\]\[23\],10.74µm
i_core_v_mini_mcu.memory_subsystem_i.ram0_i.tc_ram_i.sram\[5\]\[15\],10.74µm
i_core_v_mini_mcu.peripheral_subsystem_i.obi_fifo_i.consumer_data_req_q\[13\],10.74µm
_00055_,10.69µm
_00060_,10.69µm
_00085_,10.69µm
_00227_,10.69µm
_00243_,10.69µm
_00334_,10.69µm
_00383_,10.69µm
_00408_,10.69µm
_00527_,10.69µm
_00766_,10.69µm
_00828_,10.69µm
_00838_,10.69µm
_00860_,10.69µm
_01028_,10.69µm
_01097_,10.69µm
_01111_,10.69µm
_01391_,10.69µm
_01467_,10.69µm
_01516_,10.69µm
_01560_,10.69µm
_01673_,10.69µm
_01682_,10.69µm
_01703_,10.69µm
_01747_,10.69µm
_01767_,10.69µm
_01780_,10.69µm
_01788_,10.69µm
_01918_,10.69µm
_01983_,10.69µm
_02013_,10.69µm
_02204_,10.69µm
_02248_,10.69µm
_02269_,10.69µm
_02284_,10.69µm
_02297_,10.69µm
_02332_,10.69µm
_02475_,10.69µm
_02533_,10.69µm
_02573_,10.69µm
_02587_,10.69µm
_02606_,10.69µm
_02684_,10.69µm
_03091_,10.69µm
_03403_,10.69µm
_03409_,10.69µm
_03674_,10.69µm
_03741_,10.69µm
_03842_,10.69µm
_04095_,10.69µm
_04226_,10.69µm
_04271_,10.69µm
_04285_,10.69µm
_04338_,10.69µm
_04492_,10.69µm
_04519_,10.69µm
_04548_,10.69µm
_04607_,10.69µm
_04644_,10.69µm
_04658_,10.69µm
_04743_,10.69µm
_04813_,10.69µm
_05119_,10.69µm
_05121_,10.69µm
_05133_,10.69µm
_05228_,10.69µm
_05628_,10.69µm
_05752_,10.69µm
_05900_,10.69µm
_05928_,10.69µm
_06244_,10.69µm
_06538_,10.69µm
_06552_,10.69µm
_06770_,10.69µm
_06799_,10.69µm
_08153_,10.69µm
_08384_,10.69µm
_08568_,10.69µm
_08713_,10.69µm
_08734_,10.69µm
_08812_,10.69µm
_08896_,10.69µm
_08987_,10.69µm
_09017_,10.69µm
_09039_,10.69µm
_09456_,10.69µm
_09591_,10.69µm
_09838_,10.69µm
_10125_,10.69µm
_10456_,10.69µm
_10738_,10.69µm
_10930_,10.69µm
_11203_,10.69µm
_11449_,10.69µm
_11549_,10.69µm
_11621_,10.69µm
_11746_,10.69µm
_11748_,10.69µm
_11818_,10.69µm
_11828_,10.69µm
_12059_,10.69µm
_12134_,10.69µm
_12154_,10.69µm
_12849_,10.69µm
_12922_,10.69µm
_12936_,10.69µm
_13046_,10.69µm
_13106_,10.69µm
_13205_,10.69µm
_13349_,10.69µm
_13504_,10.69µm
_13670_,10.69µm
_13750_,10.69µm
_13810_,10.69µm
_14142_,10.69µm
_14228_,10.69µm
_14349_,10.69µm
_14694_,10.69µm
_14902_,10.69µm
_14977_,10.69µm
_15106_,10.69µm
_15182_,10.69µm
_15464_,10.69µm
_15618_,10.69µm
_15653_,10.69µm
_15713_,10.69µm
_15715_,10.69µm
_15864_,10.69µm
_16126_,10.69µm
_16198_,10.69µm
_16205_,10.69µm
_16463_,10.69µm
_16728_,10.69µm
_16759_,10.69µm
_16765_,10.69µm
_16839_,10.69µm
_16916_,10.69µm
_17132_,10.69µm
_17199_,10.69µm
_17271_,10.69µm
_17623_,10.69µm
_17787_,10.69µm
_17799_,10.69µm
_17814_,10.69µm
_17948_,10.69µm
_18012_,10.69µm
_18054_,10.69µm
_18336_,10.69µm
_18572_,10.69µm
_18650_,10.69µm
_18825_,10.69µm
_19090_,10.69µm
_19300_,10.69µm
_19457_,10.69µm
_19498_,10.69µm
_19506_,10.69µm
_19636_,10.69µm
_19950_,10.69µm
_20167_,10.69µm
_20190_,10.69µm
_20390_,10.69µm
_20398_,10.69µm
_20653_,10.69µm
_20836_,10.69µm
_20974_,10.69µm
_21123_,10.69µm
_21149_,10.69µm
_21256_,10.69µm
_21361_,10.69µm
_21364_,10.69µm
_21380_,10.69µm
_21779_,10.69µm
_21905_,10.69µm
_22039_,10.69µm
_22047_,10.69µm
_22065_,10.69µm
_22090_,10.69µm
_22156_,10.69µm
_22311_,10.69µm
_22349_,10.69µm
_22351_,10.69µm
_22529_,10.69µm
_22648_,10.69µm
_22701_,10.69µm
_22826_,10.69µm
_22856_,10.69µm
_22866_,10.69µm
_22975_,10.69µm
_23248_,10.69µm
_23291_,10.69µm
_23547_,10.69µm
_23568_,10.69µm
_23703_,10.69µm
_23987_,10.69µm
_24004_,10.69µm
_24015_,10.69µm
_24031_,10.69µm
_24242_,10.69µm
_24307_,10.69µm
_24377_,10.69µm
_24458_,10.69µm
_24478_,10.69µm
_24744_,10.69µm
_24760_,10.69µm
_25298_,10.69µm
_25449_,10.69µm
_25457_,10.69µm
_25514_,10.69µm
_26106_,10.69µm
_26336_,10.69µm
_26337_,10.69µm
_26510_,10.69µm
_26563_,10.69µm
_26712_,10.69µm
_26724_,10.69µm
_26738_,10.69µm
_27208_,10.69µm
_27243_,10.69µm
_27266_,10.69µm
_27334_,10.69µm
_27382_,10.69µm
_27386_,10.69µm
_27661_,10.69µm
_27852_,10.69µm
_27858_,10.69µm
_27984_,10.69µm
_28001_,10.69µm
_28005_,10.69µm
_28036_,10.69µm
_28049_,10.69µm
i_core_v_mini_mcu.ao_peripheral_subsystem_i.power_manager_i.power_manager_reg_top_i.u_intr_state.wr_data\[0\],10.69µm
i_core_v_mini_mcu.ao_peripheral_subsystem_i.spi_subsystem_i.obi_spimemio_i.obi_to_picorv32_i.obi_resp_o\[15\],10.69µm
i_core_v_mini_mcu.cpu_subsystem_i.cpu_0_0.rf_ram_i.memory\[131\]\[1\],10.69µm
i_core_v_mini_mcu.cpu_subsystem_i.cpu_0_0.rf_ram_i.memory\[185\]\[0\],10.69µm
i_core_v_mini_mcu.cpu_subsystem_i.cpu_0_0.rf_ram_i.memory\[227\]\[1\],10.69µm
i_core_v_mini_mcu.cpu_subsystem_i.cpu_0_0.rf_ram_i.memory\[355\]\[0\],10.69µm
i_core_v_mini_mcu.cpu_subsystem_i.cpu_0_0.rf_ram_i.memory\[416\]\[0\],10.69µm
i_core_v_mini_mcu.cpu_subsystem_i.cpu_1_0.i_servile.arbiter.i_wb_cpu_ibus_adr\[19\],10.69µm
i_core_v_mini_mcu.cpu_subsystem_i.cpu_1_0.i_servile.arbiter.i_wb_cpu_ibus_adr\[4\],10.69µm
i_core_v_mini_mcu.cpu_subsystem_i.cpu_1_0.i_servile.cpu.state.cnt_r\[1\],10.69µm
i_core_v_mini_mcu.cpu_subsystem_i.cpu_1_0.i_servile.rf_ram_if.wdata0_r\[1\],10.69µm
i_core_v_mini_mcu.cpu_subsystem_i.cpu_1_0.rf_ram_i.memory\[350\]\[0\],10.69µm
i_core_v_mini_mcu.cpu_subsystem_i.cpu_1_0.rf_ram_i.memory\[5\]\[0\],10.69µm
i_core_v_mini_mcu.cpu_subsystem_i.reset_clock_hold_1_0,10.69µm
i_core_v_mini_mcu.memory_subsystem_i.ram0_i.tc_ram_i.sram\[17\]\[3\],10.69µm
i_core_v_mini_mcu.memory_subsystem_i.ram0_i.tc_ram_i.sram\[27\]\[0\],10.69µm
i_core_v_mini_mcu.memory_subsystem_i.ram0_i.tc_ram_i.sram\[28\]\[13\],10.69µm
i_core_v_mini_mcu.memory_subsystem_i.ram0_i.tc_ram_i.sram\[29\]\[25\],10.69µm
i_core_v_mini_mcu.memory_subsystem_i.ram0_i.tc_ram_i.sram\[29\]\[31\],10.69µm
i_core_v_mini_mcu.memory_subsystem_i.ram0_i.tc_ram_i.sram\[31\]\[17\],10.69µm
i_core_v_mini_mcu.memory_subsystem_i.ram0_i.tc_ram_i.sram\[5\]\[19\],10.69µm
i_core_v_mini_mcu.memory_subsystem_i.ram0_i.tc_ram_i.sram\[6\]\[20\],10.69µm
i_core_v_mini_mcu.peripheral_subsystem_i.obi_fifo_i.consumer_resp_i\[25\],10.69µm
net1113,10.69µm
_00175_,10.64µm
_00203_,10.64µm
_00280_,10.64µm
_00537_,10.64µm
_00557_,10.64µm
_00825_,10.64µm
_01098_,10.64µm
_01103_,10.64µm
_01306_,10.64µm
_01486_,10.64µm
_01564_,10.64µm
_01632_,10.64µm
_01739_,10.64µm
_01782_,10.64µm
_01883_,10.64µm
_01926_,10.64µm
_02002_,10.64µm
_02124_,10.64µm
_02188_,10.64µm
_02253_,10.64µm
_02254_,10.64µm
_02563_,10.64µm
_02661_,10.64µm
_02732_,10.64µm
_02734_,10.64µm
_02764_,10.64µm
_02873_,10.64µm
_02878_,10.64µm
_02929_,10.64µm
_02940_,10.64µm
_03026_,10.64µm
_03035_,10.64µm
_03051_,10.64µm
_03097_,10.64µm
_03185_,10.64µm
_03289_,10.64µm
_03331_,10.64µm
_03351_,10.64µm
_03372_,10.64µm
_03534_,10.64µm
_03560_,10.64µm
_03581_,10.64µm
_03596_,10.64µm
_03755_,10.64µm
_03880_,10.64µm
_03884_,10.64µm
_03901_,10.64µm
_03943_,10.64µm
_03946_,10.64µm
_03976_,10.64µm
_04019_,10.64µm
_04053_,10.64µm
_04080_,10.64µm
_04116_,10.64µm
_04203_,10.64µm
_04256_,10.64µm
_04272_,10.64µm
_04332_,10.64µm
_04342_,10.64µm
_04361_,10.64µm
_04458_,10.64µm
_04507_,10.64µm
_04558_,10.64µm
_04624_,10.64µm
_04661_,10.64µm
_04694_,10.64µm
_05019_,10.64µm
_05022_,10.64µm
_05037_,10.64µm
_05041_,10.64µm
_05183_,10.64µm
_05558_,10.64µm
_06125_,10.64µm
_06156_,10.64µm
_06180_,10.64µm
_06376_,10.64µm
_06601_,10.64µm
_06928_,10.64µm
_07090_,10.64µm
_07322_,10.64µm
_07350_,10.64µm
_07493_,10.64µm
_07692_,10.64µm
_08002_,10.64µm
_08141_,10.64µm
_08322_,10.64µm
_08332_,10.64µm
_08389_,10.64µm
_08401_,10.64µm
_08720_,10.64µm
_08800_,10.64µm
_09007_,10.64µm
_09080_,10.64µm
_09398_,10.64µm
_09506_,10.64µm
_09960_,10.64µm
_10651_,10.64µm
_10665_,10.64µm
_10717_,10.64µm
_10804_,10.64µm
_10809_,10.64µm
_11002_,10.64µm
_11129_,10.64µm
_11132_,10.64µm
_11339_,10.64µm
_11398_,10.64µm
_11599_,10.64µm
_11650_,10.64µm
_11747_,10.64µm
_11777_,10.64µm
_11842_,10.64µm
_11848_,10.64µm
_11891_,10.64µm
_11922_,10.64µm
_11961_,10.64µm
_12127_,10.64µm
_12230_,10.64µm
_12648_,10.64µm
_12662_,10.64µm
_12730_,10.64µm
_12742_,10.64µm
_13201_,10.64µm
_13603_,10.64µm
_14533_,10.64µm
_14926_,10.64µm
_14956_,10.64µm
_15048_,10.64µm
_15064_,10.64µm
_15112_,10.64µm
_15484_,10.64µm
_15818_,10.64µm
_15956_,10.64µm
_15996_,10.64µm
_15998_,10.64µm
_16167_,10.64µm
_16207_,10.64µm
_16302_,10.64µm
_16439_,10.64µm
_16812_,10.64µm
_16814_,10.64µm
_16816_,10.64µm
_16906_,10.64µm
_16941_,10.64µm
_17048_,10.64µm
_17051_,10.64µm
_17171_,10.64µm
_17177_,10.64µm
_17317_,10.64µm
_17355_,10.64µm
_17401_,10.64µm
_17635_,10.64µm
_17650_,10.64µm
_17785_,10.64µm
_17796_,10.64µm
_17846_,10.64µm
_18040_,10.64µm
_18171_,10.64µm
_18344_,10.64µm
_18513_,10.64µm
_18536_,10.64µm
_18567_,10.64µm
_18599_,10.64µm
_18608_,10.64µm
_18618_,10.64µm
_18646_,10.64µm
_18657_,10.64µm
_18658_,10.64µm
_18719_,10.64µm
_18823_,10.64µm
_18835_,10.64µm
_18857_,10.64µm
_18908_,10.64µm
_18916_,10.64µm
_19022_,10.64µm
_19118_,10.64µm
_19151_,10.64µm
_19153_,10.64µm
_19162_,10.64µm
_19170_,10.64µm
_19199_,10.64µm
_19211_,10.64µm
_19305_,10.64µm
_19350_,10.64µm
_19466_,10.64µm
_19475_,10.64µm
_19523_,10.64µm
_19569_,10.64µm
_19586_,10.64µm
_19703_,10.64µm
_19718_,10.64µm
_19723_,10.64µm
_19759_,10.64µm
_19773_,10.64µm
_19801_,10.64µm
_19929_,10.64µm
_19947_,10.64µm
_20042_,10.64µm
_20142_,10.64µm
_20184_,10.64µm
_20280_,10.64µm
_20430_,10.64µm
_20472_,10.64µm
_20602_,10.64µm
_20619_,10.64µm
_20727_,10.64µm
_20783_,10.64µm
_20842_,10.64µm
_20873_,10.64µm
_20896_,10.64µm
_20909_,10.64µm
_20981_,10.64µm
_21254_,10.64µm
_21643_,10.64µm
_21742_,10.64µm
_21861_,10.64µm
_21941_,10.64µm
_21978_,10.64µm
_22190_,10.64µm
_22291_,10.64µm
_22580_,10.64µm
_22609_,10.64µm
_22734_,10.64µm
_22896_,10.64µm
_23484_,10.64µm
_23545_,10.64µm
_23599_,10.64µm
_23709_,10.64µm
_23725_,10.64µm
_23789_,10.64µm
_23813_,10.64µm
_24016_,10.64µm
_24280_,10.64µm
_24423_,10.64µm
_24453_,10.64µm
_24547_,10.64µm
_24574_,10.64µm
_25059_,10.64µm
_25110_,10.64µm
_25295_,10.64µm
_25306_,10.64µm
_25387_,10.64µm
_25436_,10.64µm
_25490_,10.64µm
_26066_,10.64µm
_26415_,10.64µm
_26424_,10.64µm
_26761_,10.64µm
_27179_,10.64µm
_27293_,10.64µm
_27420_,10.64µm
_27444_,10.64µm
_27557_,10.64µm
_27572_,10.64µm
_27598_,10.64µm
_27619_,10.64µm
_27733_,10.64µm
_27760_,10.64µm
_27840_,10.64µm
_27948_,10.64µm
_28077_,10.64µm
_28117_,10.64µm
i_core_v_mini_mcu.ao_peripheral_subsystem_i.mosaic_clint_i.mtimecmp_q\[32\],10.64µm
i_core_v_mini_mcu.ao_peripheral_subsystem_i.power_manager_i.power_manager_reg_top_i.u_intr_state.wr_data\[9\],10.64µm
i_core_v_mini_mcu.cpu_subsystem_i.cpu_0_0.i_servile.rf_ram_if.rreq_r,10.64µm
i_core_v_mini_mcu.cpu_subsystem_i.cpu_0_0.rf_ram_i.memory\[182\]\[1\],10.64µm
i_core_v_mini_mcu.cpu_subsystem_i.cpu_0_0.rf_ram_i.memory\[339\]\[1\],10.64µm
i_core_v_mini_mcu.cpu_subsystem_i.cpu_0_0.rf_ram_i.memory\[406\]\[1\],10.64µm
i_core_v_mini_mcu.cpu_subsystem_i.cpu_0_0.rf_ram_i.memory\[537\]\[0\],10.64µm
i_core_v_mini_mcu.cpu_subsystem_i.cpu_0_0.rf_ram_i.memory\[556\]\[1\],10.64µm
i_core_v_mini_mcu.cpu_subsystem_i.cpu_1_0.i_servile.cpu.bufreg.c_r,10.64µm
i_core_v_mini_mcu.cpu_subsystem_i.cpu_1_0.rf_ram_i.memory\[170\]\[0\],10.64µm
i_core_v_mini_mcu.cpu_subsystem_i.cpu_1_0.rf_ram_i.memory\[338\]\[0\],10.64µm
i_core_v_mini_mcu.cpu_subsystem_i.cpu_1_0.rf_ram_i.memory\[465\]\[1\],10.64µm
i_core_v_mini_mcu.cpu_subsystem_i.cpu_1_0.rf_ram_i.memory\[498\]\[1\],10.64µm
i_core_v_mini_mcu.memory_subsystem_i.ram0_i.tc_ram_i.sram\[10\]\[0\],10.64µm
i_core_v_mini_mcu.memory_subsystem_i.ram0_i.tc_ram_i.sram\[11\]\[10\],10.64µm
i_core_v_mini_mcu.memory_subsystem_i.ram0_i.tc_ram_i.sram\[16\]\[14\],10.64µm
i_core_v_mini_mcu.memory_subsystem_i.ram0_i.tc_ram_i.sram\[19\]\[10\],10.64µm
i_core_v_mini_mcu.memory_subsystem_i.ram0_i.tc_ram_i.sram\[31\]\[21\],10.64µm
i_core_v_mini_mcu.peripheral_subsystem_i.obi_fifo_i.consumer_data_req_q\[12\],10.64µm
i_core_v_mini_mcu.cpu_subsystem_i.cpu_1_0.rf_ram_i.memory\[331\]\[1\],10.51µm
i_core_v_mini_mcu.cpu_subsystem_i.cpu_1_0.rf_ram_i.memory\[110\]\[1\],10.46µm
i_core_v_mini_mcu.memory_subsystem_i.ram0_i.tc_ram_i.sram\[24\]\[25\],10.46µm
i_core_v_mini_mcu.cpu_subsystem_i.cpu_0_0.rf_ram_i.memory\[520\]\[1\],10.41µm
i_core_v_mini_mcu.cpu_subsystem_i.cpu_1_0.rf_ram_i.memory\[23\]\[1\],10.41µm
_10300_,10.36µm
i_core_v_mini_mcu.cpu_subsystem_i.cpu_1_0.rf_ram_i.memory\[131\]\[0\],10.36µm
i_core_v_mini_mcu.cpu_subsystem_i.cpu_1_0.rf_ram_i.memory\[214\]\[1\],10.36µm
i_core_v_mini_mcu.memory_subsystem_i.ram0_i.tc_ram_i.sram\[10\]\[14\],10.36µm
_05448_,10.23µm
_22018_,10.23µm
_22804_,10.23µm
_22883_,10.23µm
i_core_v_mini_mcu.cpu_subsystem_i.cpu_0_0.rf_ram_i.memory\[123\]\[0\],10.23µm
i_core_v_mini_mcu.cpu_subsystem_i.cpu_0_0.rf_ram_i.memory\[424\]\[0\],10.23µm
i_core_v_mini_mcu.cpu_subsystem_i.cpu_0_0.rf_ram_i.memory\[433\]\[1\],10.23µm
i_core_v_mini_mcu.cpu_subsystem_i.cpu_0_0.rf_ram_i.memory\[439\]\[0\],10.23µm
i_core_v_mini_mcu.cpu_subsystem_i.cpu_0_0.rf_ram_i.memory\[88\]\[1\],10.23µm
i_core_v_mini_mcu.cpu_subsystem_i.cpu_1_0.rf_ram_i.memory\[111\]\[1\],10.23µm
i_core_v_mini_mcu.cpu_subsystem_i.cpu_1_0.rf_ram_i.memory\[29\]\[1\],10.23µm
i_core_v_mini_mcu.memory_subsystem_i.ram0_i.tc_ram_i.sram\[12\]\[20\],10.23µm
i_core_v_mini_mcu.memory_subsystem_i.ram0_i.tc_ram_i.sram\[5\]\[18\],10.23µm
i_core_v_mini_mcu.memory_subsystem_i.ram0_i.tc_ram_i.sram\[9\]\[19\],10.23µm
_00818_,10.18µm
_01827_,10.18µm
_01990_,10.18µm
_02702_,10.18µm
_03395_,10.18µm
_05565_,10.18µm
_05902_,10.18µm
_08481_,10.18µm
_08967_,10.18µm
_09511_,10.18µm
_10211_,10.18µm
_10654_,10.18µm
_10967_,10.18µm
_11316_,10.18µm
_11706_,10.18µm
_11727_,10.18µm
_12573_,10.18µm
_12600_,10.18µm
_13844_,10.18µm
_14782_,10.18µm
_15176_,10.18µm
_15187_,10.18µm
_15203_,10.18µm
_16129_,10.18µm
_16772_,10.18µm
_18387_,10.18µm
_19821_,10.18µm
_21004_,10.18µm
_21448_,10.18µm
_23250_,10.18µm
_23976_,10.18µm
_24644_,10.18µm
_24698_,10.18µm
_25092_,10.18µm
_25613_,10.18µm
_27468_,10.18µm
_28026_,10.18µm
i_core_v_mini_mcu.ao_peripheral_subsystem_i.power_manager_i.power_manager_reg_top_i.intr_state_qs\[12\],10.18µm
i_core_v_mini_mcu.ao_peripheral_subsystem_i.power_manager_i.power_manager_reg_top_i.reg2hw\[226\],10.18µm
i_core_v_mini_mcu.ao_peripheral_subsystem_i.power_manager_i.power_manager_sequence_ram_0_iso_i.sequence_curr_state\[1\],10.18µm
i_core_v_mini_mcu.ao_peripheral_subsystem_i.soc_ctrl_i.soc_ctrl_reg_top_i.system_frequency_hz_qs\[21\],10.18µm
i_core_v_mini_mcu.ao_peripheral_subsystem_i.spi_subsystem_i.obi_spimemio_i.spimemio_i.dout_data\[0\],10.18µm
i_core_v_mini_mcu.cpu_subsystem_i.cpu_0_0.rf_ram_i.memory\[245\]\[1\],10.18µm
i_core_v_mini_mcu.cpu_subsystem_i.cpu_0_0.rf_ram_i.memory\[327\]\[1\],10.18µm
i_core_v_mini_mcu.cpu_subsystem_i.cpu_0_0.rf_ram_i.memory\[383\]\[1\],10.18µm
i_core_v_mini_mcu.cpu_subsystem_i.cpu_0_0.rf_ram_i.memory\[405\]\[0\],10.18µm
i_core_v_mini_mcu.cpu_subsystem_i.cpu_0_0.rf_ram_i.memory\[448\]\[0\],10.18µm
i_core_v_mini_mcu.cpu_subsystem_i.cpu_0_0.rf_ram_i.memory\[484\]\[0\],10.18µm
i_core_v_mini_mcu.cpu_subsystem_i.cpu_0_0.rf_ram_i.memory\[64\]\[0\],10.18µm
i_core_v_mini_mcu.cpu_subsystem_i.cpu_0_0.rf_ram_i.memory\[75\]\[0\],10.18µm
i_core_v_mini_mcu.cpu_subsystem_i.cpu_1_0.i_servile.arbiter.i_wb_cpu_dbus_adr\[8\],10.18µm
i_core_v_mini_mcu.cpu_subsystem_i.cpu_1_0.rf_ram_i.memory\[15\]\[0\],10.18µm
i_core_v_mini_mcu.cpu_subsystem_i.cpu_1_0.rf_ram_i.memory\[212\]\[1\],10.18µm
i_core_v_mini_mcu.cpu_subsystem_i.cpu_1_0.rf_ram_i.memory\[262\]\[1\],10.18µm
i_core_v_mini_mcu.cpu_subsystem_i.cpu_1_0.rf_ram_i.memory\[27\]\[0\],10.18µm
i_core_v_mini_mcu.cpu_subsystem_i.cpu_1_0.rf_ram_i.memory\[406\]\[0\],10.18µm
i_core_v_mini_mcu.cpu_subsystem_i.cpu_1_0.rf_ram_i.memory\[438\]\[0\],10.18µm
i_core_v_mini_mcu.cpu_subsystem_i.cpu_1_0.rf_ram_i.memory\[441\]\[0\],10.18µm
i_core_v_mini_mcu.cpu_subsystem_i.cpu_1_0.rf_ram_i.memory\[504\]\[0\],10.18µm
i_core_v_mini_mcu.cpu_subsystem_i.cpu_1_0.rf_ram_i.memory\[89\]\[0\],10.18µm
i_core_v_mini_mcu.memory_subsystem_i.ram0_i.tc_ram_i.sram\[0\]\[23\],10.18µm
i_core_v_mini_mcu.memory_subsystem_i.ram0_i.tc_ram_i.sram\[13\]\[1\],10.18µm
i_core_v_mini_mcu.memory_subsystem_i.ram0_i.tc_ram_i.sram\[15\]\[25\],10.18µm
i_core_v_mini_mcu.memory_subsystem_i.ram0_i.tc_ram_i.sram\[16\]\[12\],10.18µm
i_core_v_mini_mcu.memory_subsystem_i.ram0_i.tc_ram_i.sram\[20\]\[10\],10.18µm
i_core_v_mini_mcu.memory_subsystem_i.ram0_i.tc_ram_i.sram\[26\]\[16\],10.18µm
i_core_v_mini_mcu.memory_subsystem_i.ram0_i.tc_ram_i.sram\[31\]\[15\],10.18µm
i_core_v_mini_mcu.memory_subsystem_i.ram0_i.tc_ram_i.sram\[8\]\[31\],10.18µm
i_core_v_mini_mcu.peripheral_subsystem_i.obi_fifo_i.consumer_data_req_q\[24\],10.18µm
net1110,10.18µm
net1249,10.18µm
_00100_,10.13µm
_00102_,10.13µm
_00131_,10.13µm
_00265_,10.13µm
_00490_,10.13µm
_00522_,10.13µm
_00670_,10.13µm
_00721_,10.13µm
_00829_,10.13µm
_00850_,10.13µm
_00930_,10.13µm
_01027_,10.13µm
_01067_,10.13µm
_01083_,10.13µm
_01206_,10.13µm
_01219_,10.13µm
_01310_,10.13µm
_01323_,10.13µm
_01354_,10.13µm
_01407_,10.13µm
_01420_,10.13µm
_01457_,10.13µm
_01504_,10.13µm
_01535_,10.13µm
_01565_,10.13µm
_01664_,10.13µm
_01687_,10.13µm
_01887_,10.13µm
_02242_,10.13µm
_02260_,10.13µm
_02392_,10.13µm
_02396_,10.13µm
_02408_,10.13µm
_02421_,10.13µm
_02552_,10.13µm
_02584_,10.13µm
_02639_,10.13µm
_02823_,10.13µm
_03015_,10.13µm
_03291_,10.13µm
_03387_,10.13µm
_03684_,10.13µm
_03717_,10.13µm
_03875_,10.13µm
_03905_,10.13µm
_03981_,10.13µm
_03985_,10.13µm
_04126_,10.13µm
_04246_,10.13µm
_04301_,10.13µm
_04347_,10.13µm
_04356_,10.13µm
_04395_,10.13µm
_04406_,10.13µm
_04533_,10.13µm
_04576_,10.13µm
_04606_,10.13µm
_04715_,10.13µm
_04817_,10.13µm
_04930_,10.13µm
_05065_,10.13µm
_05125_,10.13µm
_05135_,10.13µm
_05141_,10.13µm
_05213_,10.13µm
_05247_,10.13µm
_05253_,10.13µm
_05258_,10.13µm
_05309_,10.13µm
_05359_,10.13µm
_05907_,10.13µm
_06489_,10.13µm
_06514_,10.13µm
_06683_,10.13µm
_06931_,10.13µm
_07008_,10.13µm
_07040_,10.13µm
_07153_,10.13µm
_07893_,10.13µm
_08073_,10.13µm
_08104_,10.13µm
_08152_,10.13µm
_08407_,10.13µm
_08446_,10.13µm
_08686_,10.13µm
_08905_,10.13µm
_08937_,10.13µm
_09006_,10.13µm
_09049_,10.13µm
_09196_,10.13µm
_09817_,10.13µm
_09852_,10.13µm
_09872_,10.13µm
_09999_,10.13µm
_10038_,10.13µm
_10109_,10.13µm
_10218_,10.13µm
_10498_,10.13µm
_10741_,10.13µm
_10774_,10.13µm
_10864_,10.13µm
_10889_,10.13µm
_11176_,10.13µm
_11488_,10.13µm
_11502_,10.13µm
_11526_,10.13µm
_11530_,10.13µm
_11675_,10.13µm
_11790_,10.13µm
_11830_,10.13µm
_11969_,10.13µm
_12004_,10.13µm
_12015_,10.13µm
_12140_,10.13µm
_12145_,10.13µm
_12148_,10.13µm
_12244_,10.13µm
_12509_,10.13µm
_12921_,10.13µm
_13221_,10.13µm
_13229_,10.13µm
_13238_,10.13µm
_13298_,10.13µm
_13341_,10.13µm
_13419_,10.13µm
_13422_,10.13µm
_13539_,10.13µm
_13559_,10.13µm
_13717_,10.13µm
_13951_,10.13µm
_14231_,10.13µm
_14391_,10.13µm
_14428_,10.13µm
_14578_,10.13µm
_14581_,10.13µm
_14680_,10.13µm
_14713_,10.13µm
_14806_,10.13µm
_14812_,10.13µm
_14819_,10.13µm
_14842_,10.13µm
_14880_,10.13µm
_15036_,10.13µm
_15077_,10.13µm
_15101_,10.13µm
_15218_,10.13µm
_15372_,10.13µm
_15588_,10.13µm
_15675_,10.13µm
_15716_,10.13µm
_15831_,10.13µm
_15839_,10.13µm
_16143_,10.13µm
_16195_,10.13µm
_16346_,10.13µm
_16360_,10.13µm
_16391_,10.13µm
_16444_,10.13µm
_16449_,10.13µm
_16699_,10.13µm
_16709_,10.13µm
_16880_,10.13µm
_16940_,10.13µm
_17687_,10.13µm
_17923_,10.13µm
_18009_,10.13µm
_18393_,10.13µm
_18441_,10.13µm
_18574_,10.13µm
_18648_,10.13µm
_18670_,10.13µm
_18714_,10.13µm
_19293_,10.13µm
_19304_,10.13µm
_19376_,10.13µm
_19411_,10.13µm
_19519_,10.13µm
_19554_,10.13µm
_19678_,10.13µm
_20015_,10.13µm
_20124_,10.13µm
_20156_,10.13µm
_20211_,10.13µm
_20231_,10.13µm
_20287_,10.13µm
_20352_,10.13µm
_20475_,10.13µm
_20739_,10.13µm
_20802_,10.13µm
_20870_,10.13µm
_21265_,10.13µm
_21419_,10.13µm
_21467_,10.13µm
_21702_,10.13µm
_21854_,10.13µm
_22048_,10.13µm
_22301_,10.13µm
_22343_,10.13µm
_22369_,10.13µm
_22744_,10.13µm
_22857_,10.13µm
_22927_,10.13µm
_22972_,10.13µm
_23062_,10.13µm
_23082_,10.13µm
_23107_,10.13µm
_23631_,10.13µm
_23646_,10.13µm
_23774_,10.13µm
_23834_,10.13µm
_24047_,10.13µm
_24223_,10.13µm
_24337_,10.13µm
_24348_,10.13µm
_24353_,10.13µm
_24422_,10.13µm
_24681_,10.13µm
_24683_,10.13µm
_24818_,10.13µm
_24943_,10.13µm
_24960_,10.13µm
_25121_,10.13µm
_25172_,10.13µm
_25213_,10.13µm
_25222_,10.13µm
_25516_,10.13µm
_25576_,10.13µm
_25724_,10.13µm
_25812_,10.13µm
_25814_,10.13µm
_25964_,10.13µm
_26284_,10.13µm
_26352_,10.13µm
_26387_,10.13µm
_26595_,10.13µm
_26679_,10.13µm
_26732_,10.13µm
_26737_,10.13µm
_26773_,10.13µm
_26779_,10.13µm
_26939_,10.13µm
_26948_,10.13µm
_27029_,10.13µm
_27173_,10.13µm
_27280_,10.13µm
_27292_,10.13µm
_27719_,10.13µm
_28006_,10.13µm
_28028_,10.13µm
_28046_,10.13µm
_28109_,10.13µm
i_core_v_mini_mcu.ao_peripheral_subsystem_i.power_manager_i.power_manager_reg_top_i.cpu_switch_off_counter_qs\[5\],10.13µm
i_core_v_mini_mcu.ao_peripheral_subsystem_i.spi_subsystem_i.obi_spimemio_i.obi_to_picorv32_i.obi_resp_o\[2\],10.13µm
i_core_v_mini_mcu.ao_peripheral_subsystem_i.spi_subsystem_i.obi_spimemio_i.spimemio_i.din_ddr,10.13µm
i_core_v_mini_mcu.cpu_subsystem_i.cpu_0_0.rf_ram_i.memory\[113\]\[0\],10.13µm
i_core_v_mini_mcu.cpu_subsystem_i.cpu_0_0.rf_ram_i.memory\[130\]\[1\],10.13µm
i_core_v_mini_mcu.cpu_subsystem_i.cpu_0_0.rf_ram_i.memory\[155\]\[0\],10.13µm
i_core_v_mini_mcu.cpu_subsystem_i.cpu_0_0.rf_ram_i.memory\[163\]\[1\],10.13µm
i_core_v_mini_mcu.cpu_subsystem_i.cpu_0_0.rf_ram_i.memory\[178\]\[0\],10.13µm
i_core_v_mini_mcu.cpu_subsystem_i.cpu_0_0.rf_ram_i.memory\[188\]\[1\],10.13µm
i_core_v_mini_mcu.cpu_subsystem_i.cpu_0_0.rf_ram_i.memory\[243\]\[0\],10.13µm
i_core_v_mini_mcu.cpu_subsystem_i.cpu_0_0.rf_ram_i.memory\[274\]\[0\],10.13µm
i_core_v_mini_mcu.cpu_subsystem_i.cpu_0_0.rf_ram_i.memory\[299\]\[1\],10.13µm
i_core_v_mini_mcu.cpu_subsystem_i.cpu_0_0.rf_ram_i.memory\[382\]\[1\],10.13µm
i_core_v_mini_mcu.cpu_subsystem_i.cpu_0_0.rf_ram_i.memory\[399\]\[1\],10.13µm
i_core_v_mini_mcu.cpu_subsystem_i.cpu_0_0.rf_ram_i.memory\[87\]\[0\],10.13µm
i_core_v_mini_mcu.cpu_subsystem_i.cpu_1_0.i_servile.arbiter.i_wb_cpu_ibus_adr\[10\],10.13µm
i_core_v_mini_mcu.cpu_subsystem_i.cpu_1_0.i_servile.cpu.ctrl.pc_plus_4_cy_r,10.13µm
i_core_v_mini_mcu.cpu_subsystem_i.cpu_1_0.i_servile.cpu.dbus_en,10.13µm
i_core_v_mini_mcu.cpu_subsystem_i.cpu_1_0.rf_ram_i.memory\[215\]\[1\],10.13µm
i_core_v_mini_mcu.cpu_subsystem_i.cpu_1_0.rf_ram_i.memory\[457\]\[0\],10.13µm
i_core_v_mini_mcu.memory_subsystem_i.ram0_i.tc_ram_i.sram\[0\]\[26\],10.13µm
i_core_v_mini_mcu.memory_subsystem_i.ram0_i.tc_ram_i.sram\[10\]\[19\],10.13µm
i_core_v_mini_mcu.memory_subsystem_i.ram0_i.tc_ram_i.sram\[17\]\[0\],10.13µm
i_core_v_mini_mcu.memory_subsystem_i.ram0_i.tc_ram_i.sram\[20\]\[22\],10.13µm
i_core_v_mini_mcu.peripheral_subsystem_i.obi_fifo_i.consumer_data_req\[30\],10.13µm
i_core_v_mini_mcu.peripheral_subsystem_i.uart_i.uart_core.uart_tx.sreg_q\[0\],10.13µm
net905,10.13µm
_00061_,10.08µm
_00110_,10.08µm
_00279_,10.08µm
_00303_,10.08µm
_00376_,10.08µm
_00476_,10.08µm
_00774_,10.08µm
_00832_,10.08µm
_00889_,10.08µm
_00941_,10.08µm
_00949_,10.08µm
_01045_,10.08µm
_01073_,10.08µm
_01384_,10.08µm
_01442_,10.08µm
_01463_,10.08µm
_01484_,10.08µm
_01601_,10.08µm
_01622_,10.08µm
_01691_,10.08µm
_01694_,10.08µm
_01742_,10.08µm
_01796_,10.08µm
_01969_,10.08µm
_01986_,10.08µm
_02116_,10.08µm
_02221_,10.08µm
_02312_,10.08µm
_02420_,10.08µm
_02473_,10.08µm
_02701_,10.08µm
_02733_,10.08µm
_02769_,10.08µm
_02803_,10.08µm
_02809_,10.08µm
_02838_,10.08µm
_02922_,10.08µm
_02930_,10.08µm
_03076_,10.08µm
_03159_,10.08µm
_03171_,10.08µm
_03198_,10.08µm
_03375_,10.08µm
_03449_,10.08µm
_03540_,10.08µm
_03548_,10.08µm
_03597_,10.08µm
_03661_,10.08µm
_03803_,10.08µm
_03882_,10.08µm
_03894_,10.08µm
_03935_,10.08µm
_04277_,10.08µm
_04426_,10.08µm
_04707_,10.08µm
_04734_,10.08µm
_04818_,10.08µm
_04913_,10.08µm
_04919_,10.08µm
_04922_,10.08µm
_04935_,10.08µm
_05174_,10.08µm
_05208_,10.08µm
_05212_,10.08µm
_05310_,10.08µm
_05566_,10.08µm
_05588_,10.08µm
_05940_,10.08µm
_05975_,10.08µm
_06133_,10.08µm
_06242_,10.08µm
_06723_,10.08µm
_07195_,10.08µm
_07205_,10.08µm
_07247_,10.08µm
_07271_,10.08µm
_07342_,10.08µm
_07412_,10.08µm
_07491_,10.08µm
_07562_,10.08µm
_07651_,10.08µm
_07914_,10.08µm
_08134_,10.08µm
_08333_,10.08µm
_08378_,10.08µm
_08405_,10.08µm
_08552_,10.08µm
_08589_,10.08µm
_08795_,10.08µm
_08843_,10.08µm
_09523_,10.08µm
_09761_,10.08µm
_09995_,10.08µm
_10052_,10.08µm
_10112_,10.08µm
_10291_,10.08µm
_10330_,10.08µm
_10482_,10.08µm
_10675_,10.08µm
_10873_,10.08µm
_10942_,10.08µm
_11038_,10.08µm
_11070_,10.08µm
_11107_,10.08µm
_11404_,10.08µm
_11410_,10.08µm
_11550_,10.08µm
_11782_,10.08µm
_11863_,10.08µm
_11958_,10.08µm
_11966_,10.08µm
_11968_,10.08µm
_12093_,10.08µm
_12170_,10.08µm
_12270_,10.08µm
_12444_,10.08µm
_12538_,10.08µm
_12661_,10.08µm
_12701_,10.08µm
_12804_,10.08µm
_12937_,10.08µm
_13112_,10.08µm
_13129_,10.08µm
_13260_,10.08µm
_13274_,10.08µm
_13311_,10.08µm
_13320_,10.08µm
_13421_,10.08µm
_13461_,10.08µm
_13602_,10.08µm
_13728_,10.08µm
_13874_,10.08µm
_14048_,10.08µm
_14222_,10.08µm
_14229_,10.08µm
_14253_,10.08µm
_14278_,10.08µm
_14522_,10.08µm
_14833_,10.08µm
_14838_,10.08µm
_14930_,10.08µm
_14991_,10.08µm
_15191_,10.08µm
_15933_,10.08µm
_16228_,10.08µm
_16235_,10.08µm
_16276_,10.08µm
_16626_,10.08µm
_16630_,10.08µm
_16635_,10.08µm
_17017_,10.08µm
_17075_,10.08µm
_17130_,10.08µm
_17148_,10.08µm
_17181_,10.08µm
_17263_,10.08µm
_17369_,10.08µm
_17411_,10.08µm
_17462_,10.08µm
_17589_,10.08µm
_17699_,10.08µm
_18005_,10.08µm
_18250_,10.08µm
_18481_,10.08µm
_18523_,10.08µm
_18665_,10.08µm
_18739_,10.08µm
_18844_,10.08µm
_19478_,10.08µm
_19774_,10.08µm
_19800_,10.08µm
_19857_,10.08µm
_19876_,10.08µm
_19961_,10.08µm
_20020_,10.08µm
_20210_,10.08µm
_20483_,10.08µm
_20576_,10.08µm
_20860_,10.08µm
_20955_,10.08µm
_21018_,10.08µm
_21064_,10.08µm
_21078_,10.08µm
_21286_,10.08µm
_21341_,10.08µm
_21352_,10.08µm
_21397_,10.08µm
_21408_,10.08µm
_22416_,10.08µm
_22494_,10.08µm
_22585_,10.08µm
_22666_,10.08µm
_22807_,10.08µm
_22841_,10.08µm
_22914_,10.08µm
_23065_,10.08µm
_23285_,10.08µm
_23349_,10.08µm
_23430_,10.08µm
_23459_,10.08µm
_23660_,10.08µm
_23706_,10.08µm
_23867_,10.08µm
_24143_,10.08µm
_24154_,10.08µm
_24296_,10.08µm
_24433_,10.08µm
_24457_,10.08µm
_24827_,10.08µm
_24932_,10.08µm
_24934_,10.08µm
_25105_,10.08µm
_25211_,10.08µm
_25346_,10.08µm
_25375_,10.08µm
_25402_,10.08µm
_25439_,10.08µm
_25573_,10.08µm
_25800_,10.08µm
_26023_,10.08µm
_26176_,10.08µm
_26315_,10.08µm
_26459_,10.08µm
_26612_,10.08µm
_26646_,10.08µm
_26887_,10.08µm
_26919_,10.08µm
_27038_,10.08µm
_27085_,10.08µm
_27127_,10.08µm
_27263_,10.08µm
_27329_,10.08µm
_27493_,10.08µm
_27642_,10.08µm
_27735_,10.08µm
_27740_,10.08µm
_27804_,10.08µm
_27887_,10.08µm
_28112_,10.08µm
exit_value_int\[13\],10.08µm
i_core_v_mini_mcu.ao_peripheral_subsystem_i.power_manager_i.power_manager_reg_top_i.cpu_iso_on_counter_qs\[13\],10.08µm
i_core_v_mini_mcu.ao_peripheral_subsystem_i.soc_ctrl_i.soc_ctrl_reg_top_i.system_frequency_hz_qs\[16\],10.08µm
i_core_v_mini_mcu.ao_peripheral_subsystem_i.spi_subsystem_i.obi_spimemio_i.spimemio_i.state\[0\],10.08µm
i_core_v_mini_mcu.ao_peripheral_subsystem_i.spi_subsystem_i.obi_spimemio_i.spimemio_i.xfer.obuffer\[3\],10.08µm
i_core_v_mini_mcu.cpu_subsystem_i.cpu_0_0.rf_ram_i.memory\[115\]\[1\],10.08µm
i_core_v_mini_mcu.cpu_subsystem_i.cpu_0_0.rf_ram_i.memory\[165\]\[0\],10.08µm
i_core_v_mini_mcu.cpu_subsystem_i.cpu_0_0.rf_ram_i.memory\[311\]\[1\],10.08µm
i_core_v_mini_mcu.cpu_subsystem_i.cpu_0_0.rf_ram_i.memory\[488\]\[0\],10.08µm
i_core_v_mini_mcu.cpu_subsystem_i.cpu_0_0.rf_ram_i.memory\[547\]\[1\],10.08µm
i_core_v_mini_mcu.cpu_subsystem_i.cpu_1_0.i_servile.arbiter.i_wb_cpu_dbus_adr\[16\],10.08µm
i_core_v_mini_mcu.cpu_subsystem_i.cpu_1_0.rf_ram_i.memory\[37\]\[0\],10.08µm
i_core_v_mini_mcu.cpu_subsystem_i.cpu_1_0.rf_ram_i.memory\[484\]\[1\],10.08µm
i_core_v_mini_mcu.memory_subsystem_i.ram0_i.tc_ram_i.sram\[10\]\[15\],10.08µm
i_core_v_mini_mcu.memory_subsystem_i.ram0_i.tc_ram_i.sram\[18\]\[5\],10.08µm
i_core_v_mini_mcu.memory_subsystem_i.ram0_i.tc_ram_i.sram\[23\]\[17\],10.08µm
i_core_v_mini_mcu.memory_subsystem_i.ram0_i.tc_ram_i.sram\[25\]\[17\],10.08µm
i_core_v_mini_mcu.memory_subsystem_i.ram0_i.tc_ram_i.sram\[29\]\[19\],10.08µm
i_core_v_mini_mcu.memory_subsystem_i.ram0_i.tc_ram_i.sram\[4\]\[24\],10.08µm
i_core_v_mini_mcu.memory_subsystem_i.ram0_i.tc_ram_i.sram\[8\]\[20\],10.08µm
i_core_v_mini_mcu.memory_subsystem_i.ram0_i.tc_ram_i.sram\[8\]\[23\],10.08µm
i_core_v_mini_mcu.memory_subsystem_i.ram0_i.tc_ram_i.sram\[9\]\[14\],10.08µm
i_core_v_mini_mcu.memory_subsystem_i.ram0_i.tc_ram_i.sram\[9\]\[7\],10.08µm
i_core_v_mini_mcu.peripheral_subsystem_i.uart_i.uart_core.allzero_cnt_q\[4\],10.08µm
i_core_v_mini_mcu.cpu_subsystem_i.cpu_0_0.rf_ram_i.memory\[404\]\[1\],9.95µm
i_core_v_mini_mcu.cpu_subsystem_i.cpu_0_0.i_servile.cpu.immdec.gen_immdec_w_eq_1.imm19_12_20\[5\],9.9µm
_07009_,9.85µm
i_core_v_mini_mcu.cpu_subsystem_i.cpu_0_0.rf_ram_i.memory\[197\]\[0\],9.85µm
i_core_v_mini_mcu.cpu_subsystem_i.cpu_0_0.rf_ram_i.memory\[324\]\[0\],9.85µm
i_core_v_mini_mcu.cpu_subsystem_i.cpu_1_0.rf_ram_i.memory\[146\]\[1\],9.85µm
_26722_,9.8µm
i_core_v_mini_mcu.cpu_subsystem_i.cpu_0_0.rf_ram_i.memory\[298\]\[1\],9.8µm
_02139_,9.67µm
_05777_,9.67µm
_20268_,9.67µm
_20404_,9.67µm
_22043_,9.67µm
_22846_,9.67µm
_23753_,9.67µm
i_core_v_mini_mcu.cpu_subsystem_i.cpu_0_0.rf_ram_i.memory\[239\]\[1\],9.67µm
i_core_v_mini_mcu.cpu_subsystem_i.cpu_0_0.rf_ram_i.memory\[260\]\[0\],9.67µm
i_core_v_mini_mcu.cpu_subsystem_i.cpu_0_0.rf_ram_i.memory\[422\]\[0\],9.67µm
i_core_v_mini_mcu.cpu_subsystem_i.cpu_1_0.i_servile.cpu.alu.add_cy_r,9.67µm
i_core_v_mini_mcu.cpu_subsystem_i.cpu_1_0.rf_ram_i.memory\[112\]\[1\],9.67µm
i_core_v_mini_mcu.cpu_subsystem_i.cpu_1_0.rf_ram_i.memory\[196\]\[1\],9.67µm
i_core_v_mini_mcu.cpu_subsystem_i.cpu_1_0.rf_ram_i.memory\[203\]\[1\],9.67µm
i_core_v_mini_mcu.cpu_subsystem_i.cpu_1_0.rf_ram_i.memory\[243\]\[0\],9.67µm
i_core_v_mini_mcu.cpu_subsystem_i.cpu_1_0.rf_ram_i.memory\[281\]\[1\],9.67µm
i_core_v_mini_mcu.cpu_subsystem_i.cpu_1_0.rf_ram_i.memory\[455\]\[0\],9.67µm
i_core_v_mini_mcu.cpu_subsystem_i.cpu_1_0.rf_ram_i.memory\[81\]\[0\],9.67µm
i_core_v_mini_mcu.memory_subsystem_i.ram0_i.tc_ram_i.sram\[4\]\[14\],9.67µm
_00199_,9.62µm
_01163_,9.62µm
_02282_,9.62µm
_02800_,9.62µm
_03430_,9.62µm
_05861_,9.62µm
_06097_,9.62µm
_06306_,9.62µm
_07175_,9.62µm
_07621_,9.62µm
_07939_,9.62µm
_08854_,9.62µm
_08958_,9.62µm
_09153_,9.62µm
_09374_,9.62µm
_09515_,9.62µm
_10221_,9.62µm
_10491_,9.62µm
_11036_,9.62µm
_11492_,9.62µm
_11850_,9.62µm
_11921_,9.62µm
_11924_,9.62µm
_12741_,9.62µm
_13283_,9.62µm
_14427_,9.62µm
_14890_,9.62µm
_15339_,9.62µm
_17316_,9.62µm
_17319_,9.62µm
_17701_,9.62µm
_17974_,9.62µm
_18780_,9.62µm
_20039_,9.62µm
_20966_,9.62µm
_21059_,9.62µm
_21568_,9.62µm
_21633_,9.62µm
_21843_,9.62µm
_21891_,9.62µm
_21930_,9.62µm
_24235_,9.62µm
_24358_,9.62µm
_25441_,9.62µm
_27695_,9.62µm
_28134_,9.62µm
i_core_v_mini_mcu.ao_peripheral_subsystem_i.obi_fifo_i.producer_state_q,9.62µm
i_core_v_mini_mcu.ao_peripheral_subsystem_i.power_manager_i.power_manager_reg_top_i.en_wait_for_intr_qs\[23\],9.62µm
i_core_v_mini_mcu.ao_peripheral_subsystem_i.power_manager_i.power_manager_reg_top_i.intr_state_qs\[21\],9.62µm
i_core_v_mini_mcu.ao_peripheral_subsystem_i.power_manager_i.power_manager_reg_top_i.reg2hw\[243\],9.62µm
i_core_v_mini_mcu.ao_peripheral_subsystem_i.power_manager_i.power_manager_sequence_periph_reset_i.sequence_curr_state\[4\],9.62µm
i_core_v_mini_mcu.ao_peripheral_subsystem_i.spi_subsystem_i.obi_spimemio_i.spimemio_i.config_oe\[1\],9.62µm
i_core_v_mini_mcu.cpu_subsystem_i.cpu_0_0.rf_ram_i.memory\[107\]\[0\],9.62µm
i_core_v_mini_mcu.cpu_subsystem_i.cpu_0_0.rf_ram_i.memory\[147\]\[0\],9.62µm
i_core_v_mini_mcu.cpu_subsystem_i.cpu_0_0.rf_ram_i.memory\[172\]\[1\],9.62µm
i_core_v_mini_mcu.cpu_subsystem_i.cpu_0_0.rf_ram_i.memory\[338\]\[1\],9.62µm
i_core_v_mini_mcu.cpu_subsystem_i.cpu_0_0.rf_ram_i.memory\[349\]\[0\],9.62µm
i_core_v_mini_mcu.cpu_subsystem_i.cpu_0_0.rf_ram_i.memory\[409\]\[1\],9.62µm
i_core_v_mini_mcu.cpu_subsystem_i.cpu_0_0.rf_ram_i.memory\[455\]\[1\],9.62µm
i_core_v_mini_mcu.cpu_subsystem_i.cpu_0_0.rf_ram_i.memory\[507\]\[0\],9.62µm
i_core_v_mini_mcu.cpu_subsystem_i.cpu_0_0.rf_ram_i.memory\[575\]\[1\],9.62µm
i_core_v_mini_mcu.cpu_subsystem_i.cpu_0_0.rf_ram_i.memory\[91\]\[1\],9.62µm
i_core_v_mini_mcu.cpu_subsystem_i.cpu_1_0.rf_ram_i.memory\[249\]\[0\],9.62µm
i_core_v_mini_mcu.cpu_subsystem_i.cpu_1_0.rf_ram_i.memory\[267\]\[0\],9.62µm
i_core_v_mini_mcu.cpu_subsystem_i.cpu_1_0.rf_ram_i.memory\[379\]\[1\],9.62µm
i_core_v_mini_mcu.cpu_subsystem_i.cpu_1_0.rf_ram_i.memory\[427\]\[0\],9.62µm
i_core_v_mini_mcu.cpu_subsystem_i.cpu_1_0.rf_ram_i.memory\[72\]\[1\],9.62µm
i_core_v_mini_mcu.memory_subsystem_i.ram0_i.tc_ram_i.sram\[14\]\[25\],9.62µm
i_core_v_mini_mcu.memory_subsystem_i.ram0_i.tc_ram_i.sram\[16\]\[2\],9.62µm
i_core_v_mini_mcu.memory_subsystem_i.ram0_i.tc_ram_i.sram\[16\]\[5\],9.62µm
i_core_v_mini_mcu.memory_subsystem_i.ram0_i.tc_ram_i.sram\[18\]\[19\],9.62µm
i_core_v_mini_mcu.memory_subsystem_i.ram0_i.tc_ram_i.sram\[27\]\[14\],9.62µm
i_core_v_mini_mcu.memory_subsystem_i.ram0_i.tc_ram_i.sram\[28\]\[19\],9.62µm
i_core_v_mini_mcu.memory_subsystem_i.ram0_i.tc_ram_i.sram\[4\]\[17\],9.62µm
_00050_,9.57µm
_00152_,9.57µm
_00171_,9.57µm
_00206_,9.57µm
_00347_,9.57µm
_00399_,9.57µm
_00520_,9.57µm
_00724_,9.57µm
_00772_,9.57µm
_00791_,9.57µm
_00846_,9.57µm
_00883_,9.57µm
_00900_,9.57µm
_00921_,9.57µm
_00925_,9.57µm
_00984_,9.57µm
_01051_,9.57µm
_01185_,9.57µm
_01220_,9.57µm
_01224_,9.57µm
_01295_,9.57µm
_01296_,9.57µm
_01413_,9.57µm
_01458_,9.57µm
_01498_,9.57µm
_01580_,9.57µm
_01674_,9.57µm
_01701_,9.57µm
_01734_,9.57µm
_01791_,9.57µm
_01928_,9.57µm
_01944_,9.57µm
_01950_,9.57µm
_02042_,9.57µm
_02051_,9.57µm
_02105_,9.57µm
_02175_,9.57µm
_02183_,9.57µm
_02271_,9.57µm
_02336_,9.57µm
_02390_,9.57µm
_02464_,9.57µm
_02478_,9.57µm
_02494_,9.57µm
_02506_,9.57µm
_02515_,9.57µm
_02520_,9.57µm
_02524_,9.57µm
_02559_,9.57µm
_02749_,9.57µm
_02801_,9.57µm
_02906_,9.57µm
_03042_,9.57µm
_03065_,9.57µm
_03729_,9.57µm
_03734_,9.57µm
_03806_,9.57µm
_03929_,9.57µm
_04063_,9.57µm
_04206_,9.57µm
_04369_,9.57µm
_04398_,9.57µm
_04442_,9.57µm
_04476_,9.57µm
_04521_,9.57µm
_04531_,9.57µm
_04619_,9.57µm
_04648_,9.57µm
_04651_,9.57µm
_04687_,9.57µm
_04705_,9.57µm
_04769_,9.57µm
_04775_,9.57µm
_04811_,9.57µm
_04830_,9.57µm
_04840_,9.57µm
_04885_,9.57µm
_04902_,9.57µm
_04947_,9.57µm
_05103_,9.57µm
_05146_,9.57µm
_05190_,9.57µm
_05198_,9.57µm
_05240_,9.57µm
_05289_,9.57µm
_05294_,9.57µm
_05339_,9.57µm
_05349_,9.57µm
_05526_,9.57µm
_05630_,9.57µm
_05881_,9.57µm
_05996_,9.57µm
_06161_,9.57µm
_06189_,9.57µm
_06193_,9.57µm
_06295_,9.57µm
_06707_,9.57µm
_06777_,9.57µm
_07029_,9.57µm
_07203_,9.57µm
_07497_,9.57µm
_07698_,9.57µm
_08128_,9.57µm
_08176_,9.57µm
_08270_,9.57µm
_08712_,9.57µm
_09172_,9.57µm
_09255_,9.57µm
_09490_,9.57µm
_09687_,9.57µm
_09926_,9.57µm
_09927_,9.57µm
_09997_,9.57µm
_10168_,9.57µm
_10268_,9.57µm
_10425_,9.57µm
_11127_,9.57µm
_11149_,9.57µm
_11174_,9.57µm
_11189_,9.57µm
_11276_,9.57µm
_11307_,9.57µm
_11522_,9.57µm
_11551_,9.57µm
_11580_,9.57µm
_11587_,9.57µm
_11770_,9.57µm
_11865_,9.57µm
_12021_,9.57µm
_12036_,9.57µm
_12037_,9.57µm
_12297_,9.57µm
_12886_,9.57µm
_12914_,9.57µm
_12972_,9.57µm
_13007_,9.57µm
_13107_,9.57µm
_13243_,9.57µm
_13249_,9.57µm
_13300_,9.57µm
_13353_,9.57µm
_13410_,9.57µm
_13573_,9.57µm
_13585_,9.57µm
_13792_,9.57µm
_13996_,9.57µm
_14521_,9.57µm
_14908_,9.57µm
_14967_,9.57µm
_15078_,9.57µm
_15122_,9.57µm
_15225_,9.57µm
_15318_,9.57µm
_15387_,9.57µm
_15613_,9.57µm
_15671_,9.57µm
_15863_,9.57µm
_15915_,9.57µm
_16060_,9.57µm
_16314_,9.57µm
_16484_,9.57µm
_16602_,9.57µm
_16660_,9.57µm
_16829_,9.57µm
_17208_,9.57µm
_17231_,9.57µm
_17387_,9.57µm
_17399_,9.57µm
_17472_,9.57µm
_17698_,9.57µm
_17748_,9.57µm
_17851_,9.57µm
_17868_,9.57µm
_18310_,9.57µm
_18558_,9.57µm
_18746_,9.57µm
_18765_,9.57µm
_18826_,9.57µm
_18859_,9.57µm
_19060_,9.57µm
_19074_,9.57µm
_19094_,9.57µm
_19109_,9.57µm
_19116_,9.57µm
_19234_,9.57µm
_19433_,9.57µm
_19434_,9.57µm
_19534_,9.57µm
_19579_,9.57µm
_19843_,9.57µm
_19982_,9.57µm
_20083_,9.57µm
_20286_,9.57µm
_20311_,9.57µm
_20425_,9.57µm
_20577_,9.57µm
_20742_,9.57µm
_20782_,9.57µm
_21063_,9.57µm
_21892_,9.57µm
_21993_,9.57µm
_22083_,9.57µm
_22098_,9.57µm
_22367_,9.57µm
_22535_,9.57µm
_22687_,9.57µm
_22729_,9.57µm
_22739_,9.57µm
_22745_,9.57µm
_22861_,9.57µm
_22903_,9.57µm
_23060_,9.57µm
_23086_,9.57µm
_23160_,9.57µm
_23277_,9.57µm
_23539_,9.57µm
_23563_,9.57µm
_23640_,9.57µm
_23665_,9.57µm
_23736_,9.57µm
_23852_,9.57µm
_23859_,9.57µm
_23895_,9.57µm
_23982_,9.57µm
_24335_,9.57µm
_24494_,9.57µm
_24501_,9.57µm
_24540_,9.57µm
_24552_,9.57µm
_24595_,9.57µm
_24737_,9.57µm
_24874_,9.57µm
_24910_,9.57µm
_25032_,9.57µm
_25233_,9.57µm
_25345_,9.57µm
_25530_,9.57µm
_25662_,9.57µm
_25804_,9.57µm
_25878_,9.57µm
_26078_,9.57µm
_26124_,9.57µm
_26286_,9.57µm
_26426_,9.57µm
_26471_,9.57µm
_26557_,9.57µm
_26611_,9.57µm
_26684_,9.57µm
_26692_,9.57µm
_26771_,9.57µm
_27231_,9.57µm
_27260_,9.57µm
_27520_,9.57µm
_27609_,9.57µm
_27654_,9.57µm
_27769_,9.57µm
_27910_,9.57µm
_27912_,9.57µm
_27940_,9.57µm
_28029_,9.57µm
i_core_v_mini_mcu.ao_peripheral_subsystem_i.power_manager_i.power_manager_reg_top_i.u_intr_state.wr_data\[16\],9.57µm
i_core_v_mini_mcu.ao_peripheral_subsystem_i.tdu_i.task_mem\[6\]\[23\],9.57µm
i_core_v_mini_mcu.cpu_subsystem_i.cpu_0_0.clk_i,9.57µm
i_core_v_mini_mcu.cpu_subsystem_i.cpu_0_0.i_servile.cpu.csr_imm_en,9.57µm
i_core_v_mini_mcu.cpu_subsystem_i.cpu_0_0.rf_ram_i.memory\[123\]\[1\],9.57µm
i_core_v_mini_mcu.cpu_subsystem_i.cpu_0_0.rf_ram_i.memory\[445\]\[1\],9.57µm
i_core_v_mini_mcu.cpu_subsystem_i.cpu_0_0.rf_ram_i.memory\[512\]\[1\],9.57µm
i_core_v_mini_mcu.cpu_subsystem_i.cpu_0_0.rf_ram_i.memory\[538\]\[1\],9.57µm
i_core_v_mini_mcu.cpu_subsystem_i.cpu_1_0.i_servile.arbiter.i_wb_cpu_ibus_adr\[22\],9.57µm
i_core_v_mini_mcu.cpu_subsystem_i.cpu_1_0.i_servile.o_rf_raddr\[2\],9.57µm
i_core_v_mini_mcu.cpu_subsystem_i.cpu_1_0.rf_ram_i.memory\[18\]\[1\],9.57µm
i_core_v_mini_mcu.cpu_subsystem_i.cpu_1_0.rf_ram_i.memory\[25\]\[1\],9.57µm
i_core_v_mini_mcu.cpu_subsystem_i.cpu_1_0.rf_ram_i.memory\[275\]\[0\],9.57µm
i_core_v_mini_mcu.cpu_subsystem_i.cpu_1_0.rf_ram_i.memory\[28\]\[0\],9.57µm
i_core_v_mini_mcu.cpu_subsystem_i.cpu_1_0.rf_ram_i.memory\[385\]\[0\],9.57µm
i_core_v_mini_mcu.memory_subsystem_i.ram0_i.tc_ram_i.sram\[15\]\[22\],9.57µm
i_core_v_mini_mcu.memory_subsystem_i.ram0_i.tc_ram_i.sram\[18\]\[14\],9.57µm
i_core_v_mini_mcu.memory_subsystem_i.ram0_i.tc_ram_i.sram\[18\]\[24\],9.57µm
i_core_v_mini_mcu.memory_subsystem_i.ram0_i.tc_ram_i.sram\[1\]\[1\],9.57µm
i_core_v_mini_mcu.memory_subsystem_i.ram0_i.tc_ram_i.sram\[20\]\[23\],9.57µm
i_core_v_mini_mcu.memory_subsystem_i.ram0_i.tc_ram_i.sram\[24\]\[2\],9.57µm
i_core_v_mini_mcu.memory_subsystem_i.ram0_i.tc_ram_i.sram\[27\]\[20\],9.57µm
i_core_v_mini_mcu.memory_subsystem_i.ram0_i.tc_ram_i.sram\[2\]\[12\],9.57µm
net1499,9.57µm
_00058_,9.52µm
_00117_,9.52µm
_00219_,9.52µm
_00253_,9.52µm
_00307_,9.52µm
_00647_,9.52µm
_00815_,9.52µm
_01210_,9.52µm
_01256_,9.52µm
_01307_,9.52µm
_01366_,9.52µm
_01448_,9.52µm
_01514_,9.52µm
_01625_,9.52µm
_01662_,9.52µm
_02001_,9.52µm
_02083_,9.52µm
_02092_,9.52µm
_02158_,9.52µm
_02162_,9.52µm
_02201_,9.52µm
_02259_,9.52µm
_02330_,9.52µm
_02333_,9.52µm
_02345_,9.52µm
_02498_,9.52µm
_02650_,9.52µm
_02671_,9.52µm
_02675_,9.52µm
_02692_,9.52µm
_02783_,9.52µm
_02826_,9.52µm
_02882_,9.52µm
_02949_,9.52µm
_02956_,9.52µm
_03019_,9.52µm
_03181_,9.52µm
_03268_,9.52µm
_03311_,9.52µm
_03418_,9.52µm
_03491_,9.52µm
_03591_,9.52µm
_03616_,9.52µm
_03623_,9.52µm
_03719_,9.52µm
_03770_,9.52µm
_03876_,9.52µm
_04041_,9.52µm
_04124_,9.52µm
_04160_,9.52µm
_04402_,9.52µm
_04438_,9.52µm
_04728_,9.52µm
_04774_,9.52µm
_04871_,9.52µm
_04994_,9.52µm
_05056_,9.52µm
_05072_,9.52µm
_05218_,9.52µm
_05367_,9.52µm
_05379_,9.52µm
_05689_,9.52µm
_05804_,9.52µm
_05820_,9.52µm
_06172_,9.52µm
_06236_,9.52µm
_06496_,9.52µm
_06672_,9.52µm
_06949_,9.52µm
_07785_,9.52µm
_07791_,9.52µm
_07793_,9.52µm
_07875_,9.52µm
_07964_,9.52µm
_08006_,9.52µm
_08144_,9.52µm
_08546_,9.52µm
_08634_,9.52µm
_08886_,9.52µm
_08960_,9.52µm
_09031_,9.52µm
_09192_,9.52µm
_09366_,9.52µm
_09572_,9.52µm
_09674_,9.52µm
_09815_,9.52µm
_10220_,9.52µm
_10391_,9.52µm
_10495_,9.52µm
_10950_,9.52µm
_10994_,9.52µm
_11020_,9.52µm
_11130_,9.52µm
_11226_,9.52µm
_11270_,9.52µm
_11274_,9.52µm
_11321_,9.52µm
_11676_,9.52µm
_12065_,9.52µm
_12094_,9.52µm
_12095_,9.52µm
_12513_,9.52µm
_12523_,9.52µm
_12591_,9.52µm
_12785_,9.52µm
_12833_,9.52µm
_12935_,9.52µm
_12946_,9.52µm
_13060_,9.52µm
_13216_,9.52µm
_13333_,9.52µm
_13371_,9.52µm
_13416_,9.52µm
_13485_,9.52µm
_13730_,9.52µm
_13781_,9.52µm
_14064_,9.52µm
_14146_,9.52µm
_14184_,9.52µm
_14187_,9.52µm
_14633_,9.52µm
_15027_,9.52µm
_15146_,9.52µm
_15172_,9.52µm
_15466_,9.52µm
_15635_,9.52µm
_15709_,9.52µm
_16049_,9.52µm
_16070_,9.52µm
_16213_,9.52µm
_16305_,9.52µm
_16336_,9.52µm
_16455_,9.52µm
_16874_,9.52µm
_16896_,9.52µm
_17114_,9.52µm
_17150_,9.52µm
_17154_,9.52µm
_17202_,9.52µm
_17642_,9.52µm
_17682_,9.52µm
_17753_,9.52µm
_17802_,9.52µm
_17902_,9.52µm
_18163_,9.52µm
_18340_,9.52µm
_18639_,9.52µm
_18730_,9.52µm
_18971_,9.52µm
_18992_,9.52µm
_19161_,9.52µm
_19601_,9.52µm
_19659_,9.52µm
_20004_,9.52µm
_20028_,9.52µm
_20078_,9.52µm
_20302_,9.52µm
_20395_,9.52µm
_20810_,9.52µm
_20861_,9.52µm
_21136_,9.52µm
_21330_,9.52µm
_21761_,9.52µm
_22044_,9.52µm
_22081_,9.52µm
_22226_,9.52µm
_22288_,9.52µm
_22356_,9.52µm
_22375_,9.52µm
_22757_,9.52µm
_22849_,9.52µm
_22958_,9.52µm
_23189_,9.52µm
_23289_,9.52µm
_23811_,9.52µm
_24000_,9.52µm
_24138_,9.52µm
_24637_,9.52µm
_24783_,9.52µm
_25264_,9.52µm
_25291_,9.52µm
_25497_,9.52µm
_25690_,9.52µm
_25858_,9.52µm
_25949_,9.52µm
_26183_,9.52µm
_26546_,9.52µm
_26666_,9.52µm
_26688_,9.52µm
_26752_,9.52µm
_26758_,9.52µm
_26843_,9.52µm
_26846_,9.52µm
_26868_,9.52µm
_26998_,9.52µm
_27061_,9.52µm
_27185_,9.52µm
_27497_,9.52µm
_27511_,9.52µm
_27776_,9.52µm
_27850_,9.52µm
_27873_,9.52µm
_27882_,9.52µm
_27933_,9.52µm
_28086_,9.52µm
i_core_v_mini_mcu.ao_peripheral_subsystem_i.spi_subsystem_i.obi_spimemio_i.obi_to_picorv32_i.obi_resp_o\[8\],9.52µm
i_core_v_mini_mcu.ao_peripheral_subsystem_i.spi_subsystem_i.obi_spimemio_i.spimemio_i.dout_tag\[2\],9.52µm
i_core_v_mini_mcu.ao_peripheral_subsystem_i.spi_subsystem_i.obi_spimemio_i.spimemio_i.xfer.obuffer\[6\],9.52µm
i_core_v_mini_mcu.cpu_subsystem_i.cpu_0_0.i_servile.arbiter.i_wb_cpu_dbus_adr\[29\],9.52µm
i_core_v_mini_mcu.cpu_subsystem_i.cpu_0_0.i_servile.cpu.gen_csr.csr.mcause3_0\[3\],9.52µm
i_core_v_mini_mcu.cpu_subsystem_i.cpu_0_0.rf_ram_i.memory\[369\]\[0\],9.52µm
i_core_v_mini_mcu.cpu_subsystem_i.cpu_1_0.i_servile.arbiter.i_wb_cpu_ibus_adr\[14\],9.52µm
i_core_v_mini_mcu.cpu_subsystem_i.cpu_1_0.rf_ram_i.memory\[318\]\[1\],9.52µm
i_core_v_mini_mcu.memory_subsystem_i.ram0_i.tc_ram_i.sram\[12\]\[30\],9.52µm
i_core_v_mini_mcu.memory_subsystem_i.ram0_i.tc_ram_i.sram\[18\]\[22\],9.52µm
i_core_v_mini_mcu.memory_subsystem_i.ram0_i.tc_ram_i.sram\[21\]\[9\],9.52µm
i_core_v_mini_mcu.memory_subsystem_i.ram0_i.tc_ram_i.sram\[24\]\[0\],9.52µm
i_core_v_mini_mcu.memory_subsystem_i.ram0_i.tc_ram_i.sram\[25\]\[31\],9.52µm
i_core_v_mini_mcu.memory_subsystem_i.ram0_i.tc_ram_i.sram\[28\]\[18\],9.52µm
i_core_v_mini_mcu.memory_subsystem_i.ram0_i.tc_ram_i.sram\[28\]\[29\],9.52µm
i_core_v_mini_mcu.memory_subsystem_i.ram0_i.tc_ram_i.sram\[29\]\[15\],9.52µm
i_core_v_mini_mcu.memory_subsystem_i.ram0_i.tc_ram_i.sram\[29\]\[9\],9.52µm
_07088_,9.34µm
i_core_v_mini_mcu.memory_subsystem_i.ram0_i.tc_ram_i.sram\[13\]\[19\],9.34µm
_24484_,9.29µm
i_core_v_mini_mcu.peripheral_subsystem_i.obi_fifo_i.consumer_data_req_q\[11\],9.24µm
_09112_,9.11µm
_12185_,9.11µm
_13664_,9.11µm
i_core_v_mini_mcu.ao_peripheral_subsystem_i.soc_ctrl_i.reg2hw\[26\],9.11µm
i_core_v_mini_mcu.ao_peripheral_subsystem_i.spi_subsystem_i.obi_spimemio_i.spimemio_i.buffer\[18\],9.11µm
i_core_v_mini_mcu.cpu_subsystem_i.cpu_0_0.rf_ram_i.memory\[146\]\[0\],9.11µm
i_core_v_mini_mcu.cpu_subsystem_i.cpu_0_0.rf_ram_i.memory\[410\]\[1\],9.11µm
i_core_v_mini_mcu.cpu_subsystem_i.cpu_1_0.rf_ram_i.memory\[220\]\[1\],9.11µm
i_core_v_mini_mcu.cpu_subsystem_i.cpu_1_0.rf_ram_i.memory\[237\]\[1\],9.11µm
i_core_v_mini_mcu.cpu_subsystem_i.cpu_1_0.rf_ram_i.memory\[330\]\[0\],9.11µm
net910,9.11µm
_00712_,9.06µm
_01031_,9.06µm
_01033_,9.06µm
_01402_,9.06µm
_01615_,9.06µm
_01878_,9.06µm
_01948_,9.06µm
_02135_,9.06µm
_02384_,9.06µm
_02411_,9.06µm
_02534_,9.06µm
_03615_,9.06µm
_04464_,9.06µm
_04900_,9.06µm
_05618_,9.06µm
_05906_,9.06µm
_06639_,9.06µm
_06708_,9.06µm
_06817_,9.06µm
_06930_,9.06µm
_07393_,9.06µm
_07676_,9.06µm
_08260_,9.06µm
_08968_,9.06µm
_09272_,9.06µm
_10255_,9.06µm
_11211_,9.06µm
_11995_,9.06µm
_12263_,9.06µm
_12421_,9.06µm
_12887_,9.06µm
_13467_,9.06µm
_13853_,9.06µm
_14060_,9.06µm
_14483_,9.06µm
_14736_,9.06µm
_15099_,9.06µm
_16469_,9.06µm
_18042_,9.06µm
_18946_,9.06µm
_19769_,9.06µm
_19794_,9.06µm
_20300_,9.06µm
_20745_,9.06µm
_21084_,9.06µm
_21967_,9.06µm
_22069_,9.06µm
_22231_,9.06µm
_22254_,9.06µm
_22263_,9.06µm
_22754_,9.06µm
_22792_,9.06µm
_23092_,9.06µm
_23861_,9.06µm
_24500_,9.06µm
_24796_,9.06µm
_25783_,9.06µm
_25919_,9.06µm
_25969_,9.06µm
_26028_,9.06µm
_26751_,9.06µm
_27014_,9.06µm
_27301_,9.06µm
_27445_,9.06µm
i_core_v_mini_mcu.ao_peripheral_subsystem_i.mosaic_clint_i.mtimecmp_q\[80\],9.06µm
i_core_v_mini_mcu.ao_peripheral_subsystem_i.power_manager_i.power_manager_reg_top_i.cpu_iso_on_counter_qs\[10\],9.06µm
i_core_v_mini_mcu.ao_peripheral_subsystem_i.power_manager_i.power_manager_reg_top_i.reg2hw\[244\],9.06µm
i_core_v_mini_mcu.ao_peripheral_subsystem_i.spi_subsystem_i.obi_spimemio_i.obi_to_picorv32_i.obi_resp_o\[5\],9.06µm
i_core_v_mini_mcu.cpu_subsystem_i.cpu_0_0.i_servile.cpu.immdec.gen_immdec_w_eq_1.imm7,9.06µm
i_core_v_mini_mcu.cpu_subsystem_i.cpu_0_0.rf_ram_i.memory\[188\]\[0\],9.06µm
i_core_v_mini_mcu.cpu_subsystem_i.cpu_0_0.rf_ram_i.memory\[275\]\[1\],9.06µm
i_core_v_mini_mcu.cpu_subsystem_i.cpu_0_0.rf_ram_i.memory\[276\]\[1\],9.06µm
i_core_v_mini_mcu.cpu_subsystem_i.cpu_0_0.rf_ram_i.memory\[285\]\[1\],9.06µm
i_core_v_mini_mcu.cpu_subsystem_i.cpu_1_0.rf_ram_i.memory\[149\]\[0\],9.06µm
i_core_v_mini_mcu.cpu_subsystem_i.cpu_1_0.rf_ram_i.memory\[211\]\[1\],9.06µm
i_core_v_mini_mcu.cpu_subsystem_i.cpu_1_0.rf_ram_i.memory\[333\]\[0\],9.06µm
i_core_v_mini_mcu.cpu_subsystem_i.cpu_1_0.rf_ram_i.memory\[93\]\[1\],9.06µm
i_core_v_mini_mcu.memory_subsystem_i.ram0_i.tc_ram_i.sram\[11\]\[0\],9.06µm
i_core_v_mini_mcu.memory_subsystem_i.ram0_i.tc_ram_i.sram\[12\]\[25\],9.06µm
i_core_v_mini_mcu.memory_subsystem_i.ram0_i.tc_ram_i.sram\[16\]\[29\],9.06µm
i_core_v_mini_mcu.memory_subsystem_i.ram0_i.tc_ram_i.sram\[20\]\[14\],9.06µm
i_core_v_mini_mcu.memory_subsystem_i.ram0_i.tc_ram_i.sram\[21\]\[22\],9.06µm
i_core_v_mini_mcu.memory_subsystem_i.ram0_i.tc_ram_i.sram\[23\]\[26\],9.06µm
i_core_v_mini_mcu.memory_subsystem_i.ram0_i.tc_ram_i.sram\[25\]\[5\],9.06µm
i_core_v_mini_mcu.memory_subsystem_i.ram0_i.tc_ram_i.sram\[29\]\[16\],9.06µm
i_core_v_mini_mcu.memory_subsystem_i.ram0_i.tc_ram_i.sram\[2\]\[15\],9.06µm
i_core_v_mini_mcu.memory_subsystem_i.ram0_i.tc_ram_i.sram\[3\]\[9\],9.06µm
i_core_v_mini_mcu.peripheral_subsystem_i.uart_i.uart_core.u_uart_rxfifo.gen_normal_fifo.storage\[2\],9.06µm
_03988_,9.02µm
_00067_,9.01µm
_00159_,9.01µm
_00222_,9.01µm
_00274_,9.01µm
_00345_,9.01µm
_00351_,9.01µm
_00470_,9.01µm
_00540_,9.01µm
_00546_,9.01µm
_00611_,9.01µm
_00630_,9.01µm
_00639_,9.01µm
_00685_,9.01µm
_00723_,9.01µm
_00736_,9.01µm
_00799_,9.01µm
_00912_,9.01µm
_00915_,9.01µm
_00957_,9.01µm
_00966_,9.01µm
_00986_,9.01µm
_01077_,9.01µm
_01107_,9.01µm
_01175_,9.01µm
_01191_,9.01µm
_01419_,9.01µm
_01433_,9.01µm
_01523_,9.01µm
_01527_,9.01µm
_01547_,9.01µm
_01648_,9.01µm
_01672_,9.01µm
_01741_,9.01µm
_01770_,9.01µm
_01793_,9.01µm
_01834_,9.01µm
_01949_,9.01µm
_01992_,9.01µm
_02036_,9.01µm
_02039_,9.01µm
_02058_,9.01µm
_02112_,9.01µm
_02237_,9.01µm
_02281_,9.01µm
_02292_,9.01µm
_02310_,9.01µm
_02438_,9.01µm
_02487_,9.01µm
_02575_,9.01µm
_02577_,9.01µm
_02666_,9.01µm
_02895_,9.01µm
_02954_,9.01µm
_03066_,9.01µm
_03261_,9.01µm
_03464_,9.01µm
_03680_,9.01µm
_03890_,9.01µm
_04157_,9.01µm
_04207_,9.01µm
_04330_,9.01µm
_04372_,9.01µm
_04377_,9.01µm
_04436_,9.01µm
_04477_,9.01µm
_04502_,9.01µm
_04529_,9.01µm
_04615_,9.01µm
_04675_,9.01µm
_04679_,9.01µm
_04722_,9.01µm
_04809_,9.01µm
_04842_,9.01µm
_04867_,9.01µm
_04962_,9.01µm
_04964_,9.01µm
_05069_,9.01µm
_05129_,9.01µm
_05145_,9.01µm
_05161_,9.01µm
_05207_,9.01µm
_05389_,9.01µm
_05390_,9.01µm
_05849_,9.01µm
_05978_,9.01µm
_06130_,9.01µm
_06154_,9.01µm
_06265_,9.01µm
_06301_,9.01µm
_06347_,9.01µm
_06542_,9.01µm
_07325_,9.01µm
_07594_,9.01µm
_07787_,9.01µm
_07823_,9.01µm
_08195_,9.01µm
_08702_,9.01µm
_08823_,9.01µm
_08837_,9.01µm
_09680_,9.01µm
_10079_,9.01µm
_10283_,9.01µm
_10405_,9.01µm
_10494_,9.01µm
_10698_,9.01µm
_10786_,9.01µm
_11055_,9.01µm
_11057_,9.01µm
_11072_,9.01µm
_11142_,9.01µm
_11219_,9.01µm
_11282_,9.01µm
_11283_,9.01µm
_11286_,9.01µm
_11344_,9.01µm
_11419_,9.01µm
_11458_,9.01µm
_11565_,9.01µm
_11698_,9.01µm
_11717_,9.01µm
_11744_,9.01µm
_11821_,9.01µm
_11838_,9.01µm
_12117_,9.01µm
_12135_,9.01µm
_12268_,9.01µm
_12570_,9.01µm
_12613_,9.01µm
_12643_,9.01µm
_12761_,9.01µm
_12808_,9.01µm
_12843_,9.01µm
_12938_,9.01µm
_13010_,9.01µm
_13064_,9.01µm
_13198_,9.01µm
_13230_,9.01µm
_13240_,9.01µm
_13389_,9.01µm
_13404_,9.01µm
_13548_,9.01µm
_13552_,9.01µm
_13641_,9.01µm
_13686_,9.01µm
_14090_,9.01µm
_14714_,9.01µm
_14844_,9.01µm
_14866_,9.01µm
_15178_,9.01µm
_15231_,9.01µm
_15540_,9.01µm
_15646_,9.01µm
_15882_,9.01µm
_15958_,9.01µm
_16133_,9.01µm
_16262_,9.01µm
_16529_,9.01µm
_16647_,9.01µm
_16737_,9.01µm
_18094_,9.01µm
_18290_,9.01µm
_18455_,9.01µm
_18537_,9.01µm
_18555_,9.01µm
_18607_,9.01µm
_18687_,9.01µm
_18710_,9.01µm
_19086_,9.01µm
_19213_,9.01µm
_19275_,9.01µm
_19282_,9.01µm
_19536_,9.01µm
_19628_,9.01µm
_19852_,9.01µm
_19986_,9.01µm
_20005_,9.01µm
_20272_,9.01µm
_20982_,9.01µm
_21196_,9.01µm
_21259_,9.01µm
_21319_,9.01µm
_21670_,9.01µm
_21723_,9.01µm
_21808_,9.01µm
_21819_,9.01µm
_21847_,9.01µm
_21860_,9.01µm
_21870_,9.01µm
_22411_,9.01µm
_22660_,9.01µm
_22735_,9.01µm
_22879_,9.01µm
_22953_,9.01µm
_22993_,9.01µm
_23048_,9.01µm
_23138_,9.01µm
_23221_,9.01µm
_23345_,9.01µm
_23627_,9.01µm
_23687_,9.01µm
_23731_,9.01µm
_24037_,9.01µm
_24213_,9.01µm
_24289_,9.01µm
_24301_,9.01µm
_24341_,9.01µm
_24515_,9.01µm
_24665_,9.01µm
_24923_,9.01µm
_25288_,9.01µm
_25289_,9.01µm
_25471_,9.01µm
_25962_,9.01µm
_26017_,9.01µm
_26136_,9.01µm
_26178_,9.01µm
_26579_,9.01µm
_26714_,9.01µm
_26864_,9.01µm
_26869_,9.01µm
_27016_,9.01µm
_27276_,9.01µm
_27287_,9.01µm
_27349_,9.01µm
_27414_,9.01µm
_27565_,9.01µm
_27750_,9.01µm
_27757_,9.01µm
_27815_,9.01µm
_27833_,9.01µm
_27939_,9.01µm
_28035_,9.01µm
i_core_v_mini_mcu.ao_peripheral_subsystem_i.power_manager_i.power_manager_reg_top_i.reg2hw\[249\],9.01µm
i_core_v_mini_mcu.ao_peripheral_subsystem_i.power_manager_i.reg_to_counter_cpu_reset_deassert_i.counter_curr_state\[2\],9.01µm
i_core_v_mini_mcu.ao_peripheral_subsystem_i.spi_subsystem_i.obi_spimemio_i.spimemio_i.din_data\[7\],9.01µm
i_core_v_mini_mcu.cpu_subsystem_i.cpu_0_0.i_servile.arbiter.i_wb_cpu_dbus_adr\[17\],9.01µm
i_core_v_mini_mcu.cpu_subsystem_i.cpu_0_0.i_servile.cpu.bufreg.i_sh_signed,9.01µm
i_core_v_mini_mcu.cpu_subsystem_i.cpu_0_0.rf_ram_i.memory\[199\]\[0\],9.01µm
i_core_v_mini_mcu.cpu_subsystem_i.cpu_0_0.rf_ram_i.memory\[245\]\[0\],9.01µm
i_core_v_mini_mcu.cpu_subsystem_i.cpu_0_0.rf_ram_i.memory\[32\]\[1\],9.01µm
i_core_v_mini_mcu.cpu_subsystem_i.cpu_0_0.rf_ram_i.memory\[352\]\[1\],9.01µm
i_core_v_mini_mcu.cpu_subsystem_i.cpu_0_0.rf_ram_i.memory\[374\]\[1\],9.01µm
i_core_v_mini_mcu.cpu_subsystem_i.cpu_0_0.rf_ram_i.memory\[422\]\[1\],9.01µm
i_core_v_mini_mcu.cpu_subsystem_i.cpu_0_0.rf_ram_i.memory\[43\]\[1\],9.01µm
i_core_v_mini_mcu.cpu_subsystem_i.cpu_0_0.rf_ram_i.memory\[79\]\[0\],9.01µm
i_core_v_mini_mcu.cpu_subsystem_i.cpu_1_0.i_servile.arbiter.i_wb_cpu_dbus_adr\[14\],9.01µm
i_core_v_mini_mcu.cpu_subsystem_i.cpu_1_0.i_servile.arbiter.i_wb_cpu_ibus_adr\[17\],9.01µm
i_core_v_mini_mcu.cpu_subsystem_i.cpu_1_0.i_servile.arbiter.i_wb_cpu_ibus_adr\[9\],9.01µm
i_core_v_mini_mcu.cpu_subsystem_i.cpu_1_0.i_servile.cpu.ctrl.i_jal_or_jalr,9.01µm
i_core_v_mini_mcu.cpu_subsystem_i.cpu_1_0.rf_ram_i.memory\[384\]\[1\],9.01µm
i_core_v_mini_mcu.cpu_subsystem_i.cpu_1_0.rf_ram_i.memory\[64\]\[0\],9.01µm
i_core_v_mini_mcu.memory_subsystem_i.ram0_i.tc_ram_i.sram\[12\]\[28\],9.01µm
i_core_v_mini_mcu.memory_subsystem_i.ram0_i.tc_ram_i.sram\[1\]\[2\],9.01µm
i_core_v_mini_mcu.memory_subsystem_i.ram0_i.tc_ram_i.sram\[20\]\[0\],9.01µm
i_core_v_mini_mcu.memory_subsystem_i.ram0_i.tc_ram_i.sram\[21\]\[0\],9.01µm
i_core_v_mini_mcu.memory_subsystem_i.ram0_i.tc_ram_i.sram\[23\]\[29\],9.01µm
i_core_v_mini_mcu.memory_subsystem_i.ram0_i.tc_ram_i.sram\[24\]\[26\],9.01µm
i_core_v_mini_mcu.memory_subsystem_i.ram0_i.tc_ram_i.sram\[25\]\[30\],9.01µm
i_core_v_mini_mcu.memory_subsystem_i.ram0_i.tc_ram_i.sram\[30\]\[13\],9.01µm
i_core_v_mini_mcu.peripheral_subsystem_i.uart_i.reg2hw\[124\],9.01µm
i_core_v_mini_mcu.system_bus_i.gen_demux_xbar\[1\].demux_xbar_i.u_xbar_varlat.gen_inputs\[0\].i_addr_dec_resp_mux.valid_inflight_d,9.01µm
_00034_,8.96µm
_00145_,8.96µm
_00185_,8.96µm
_00225_,8.96µm
_00335_,8.96µm
_00486_,8.96µm
_00511_,8.96µm
_00543_,8.96µm
_00627_,8.96µm
_00703_,8.96µm
_00704_,8.96µm
_00711_,8.96µm
_00759_,8.96µm
_00816_,8.96µm
_00970_,8.96µm
_00998_,8.96µm
_01026_,8.96µm
_01053_,8.96µm
_01079_,8.96µm
_01101_,8.96µm
_01147_,8.96µm
_01381_,8.96µm
_01485_,8.96µm
_01499_,8.96µm
_01706_,8.96µm
_01710_,8.96µm
_01759_,8.96µm
_01786_,8.96µm
_01816_,8.96µm
_01851_,8.96µm
_01911_,8.96µm
_01979_,8.96µm
_02337_,8.96µm
_02591_,8.96µm
_02627_,8.96µm
_02653_,8.96µm
_02678_,8.96µm
_02689_,8.96µm
_02693_,8.96µm
_02716_,8.96µm
_02729_,8.96µm
_02752_,8.96µm
_02842_,8.96µm
_02861_,8.96µm
_02865_,8.96µm
_02914_,8.96µm
_02953_,8.96µm
_02961_,8.96µm
_02990_,8.96µm
_02998_,8.96µm
_03055_,8.96µm
_03094_,8.96µm
_03114_,8.96µm
_03153_,8.96µm
_03155_,8.96µm
_03172_,8.96µm
_03176_,8.96µm
_03179_,8.96µm
_03196_,8.96µm
_03206_,8.96µm
_03214_,8.96µm
_03256_,8.96µm
_03259_,8.96µm
_03304_,8.96µm
_03353_,8.96µm
_03364_,8.96µm
_03365_,8.96µm
_03400_,8.96µm
_03408_,8.96µm
_03433_,8.96µm
_03481_,8.96µm
_03495_,8.96µm
_03502_,8.96µm
_03521_,8.96µm
_03678_,8.96µm
_03793_,8.96µm
_03830_,8.96µm
_03837_,8.96µm
_03879_,8.96µm
_03881_,8.96µm
_03978_,8.96µm
_03987_,8.96µm
_04006_,8.96µm
_04026_,8.96µm
_04036_,8.96µm
_04092_,8.96µm
_04159_,8.96µm
_04169_,8.96µm
_04216_,8.96µm
_04220_,8.96µm
_04294_,8.96µm
_04300_,8.96µm
_04489_,8.96µm
_04656_,8.96µm
_04672_,8.96µm
_04810_,8.96µm
_04814_,8.96µm
_04903_,8.96µm
_04950_,8.96µm
_04992_,8.96µm
_05014_,8.96µm
_05046_,8.96µm
_05048_,8.96µm
_05081_,8.96µm
_05155_,8.96µm
_05203_,8.96µm
_05244_,8.96µm
_05282_,8.96µm
_05314_,8.96µm
_05377_,8.96µm
_05423_,8.96µm
_05454_,8.96µm
_05554_,8.96µm
_05746_,8.96µm
_05855_,8.96µm
_05924_,8.96µm
_06064_,8.96µm
_06070_,8.96µm
_06296_,8.96µm
_06348_,8.96µm
_06696_,8.96µm
_06974_,8.96µm
_07022_,8.96µm
_07231_,8.96µm
_07280_,8.96µm
_08576_,8.96µm
_08645_,8.96µm
_08725_,8.96µm
_08825_,8.96µm
_08846_,8.96µm
_08910_,8.96µm
_09022_,8.96µm
_09084_,8.96µm
_09280_,8.96µm
_09801_,8.96µm
_09825_,8.96µm
_09840_,8.96µm
_10014_,8.96µm
_10018_,8.96µm
_10230_,8.96µm
_10289_,8.96µm
_10461_,8.96µm
_10681_,8.96µm
_10782_,8.96µm
_10876_,8.96µm
_10919_,8.96µm
_11407_,8.96µm
_11473_,8.96µm
_11497_,8.96µm
_11590_,8.96µm
_11737_,8.96µm
_11855_,8.96µm
_11943_,8.96µm
_12070_,8.96µm
_12289_,8.96µm
_12405_,8.96µm
_12424_,8.96µm
_12629_,8.96µm
_12679_,8.96µm
_12698_,8.96µm
_12710_,8.96µm
_12729_,8.96µm
_12732_,8.96µm
_12733_,8.96µm
_12798_,8.96µm
_13002_,8.96µm
_13021_,8.96µm
_13102_,8.96µm
_13188_,8.96µm
_13242_,8.96µm
_13254_,8.96µm
_13272_,8.96µm
_13352_,8.96µm
_13563_,8.96µm
_13678_,8.96µm
_13881_,8.96µm
_14310_,8.96µm
_14370_,8.96µm
_14584_,8.96µm
_14600_,8.96µm
_14645_,8.96µm
_15039_,8.96µm
_15149_,8.96µm
_15152_,8.96µm
_15366_,8.96µm
_15474_,8.96µm
_15664_,8.96µm
_15752_,8.96µm
_16042_,8.96µm
_16513_,8.96µm
_16612_,8.96µm
_16613_,8.96µm
_16860_,8.96µm
_16882_,8.96µm
_16922_,8.96µm
_17141_,8.96µm
_17268_,8.96µm
_17419_,8.96µm
_18190_,8.96µm
_18659_,8.96µm
_18912_,8.96µm
_19120_,8.96µm
_19374_,8.96µm
_19508_,8.96µm
_19509_,8.96µm
_19873_,8.96µm
_19925_,8.96µm
_20108_,8.96µm
_20202_,8.96µm
_20206_,8.96µm
_20230_,8.96µm
_20811_,8.96µm
_20868_,8.96µm
_20898_,8.96µm
_21047_,8.96µm
_21179_,8.96µm
_21234_,8.96µm
_21321_,8.96µm
_21387_,8.96µm
_21535_,8.96µm
_21548_,8.96µm
_21653_,8.96µm
_21868_,8.96µm
_21968_,8.96µm
_21997_,8.96µm
_22104_,8.96µm
_22144_,8.96µm
_22239_,8.96µm
_22274_,8.96µm
_22438_,8.96µm
_22596_,8.96µm
_22816_,8.96µm
_23011_,8.96µm
_23058_,8.96µm
_23618_,8.96µm
_23638_,8.96µm
_23740_,8.96µm
_23828_,8.96µm
_23845_,8.96µm
_23915_,8.96µm
_23935_,8.96µm
_23973_,8.96µm
_23977_,8.96µm
_24078_,8.96µm
_24089_,8.96µm
_24093_,8.96µm
_24113_,8.96µm
_24123_,8.96µm
_25020_,8.96µm
_25084_,8.96µm
_25137_,8.96µm
_25166_,8.96µm
_25301_,8.96µm
_25310_,8.96µm
_25367_,8.96µm
_25479_,8.96µm
_25496_,8.96µm
_25566_,8.96µm
_25626_,8.96µm
_25665_,8.96µm
_25679_,8.96µm
_25971_,8.96µm
_25977_,8.96µm
_26119_,8.96µm
_26481_,8.96µm
_26568_,8.96µm
_26577_,8.96µm
_26616_,8.96µm
_26734_,8.96µm
_26925_,8.96µm
_27001_,8.96µm
_27005_,8.96µm
_27023_,8.96µm
_27043_,8.96µm
_27182_,8.96µm
_27198_,8.96µm
_27451_,8.96µm
_27603_,8.96µm
_27657_,8.96µm
_27875_,8.96µm
_28130_,8.96µm
i_core_v_mini_mcu.ao_peripheral_subsystem_i.obi_fifo_i.consumer_data_req\[60\],8.96µm
i_core_v_mini_mcu.ao_peripheral_subsystem_i.power_manager_i.power_manager_reg_top_i.u_intr_state.wr_data\[20\],8.96µm
i_core_v_mini_mcu.ao_peripheral_subsystem_i.spi_subsystem_i.obi_spimemio_i.flash_io2_do_o,8.96µm
i_core_v_mini_mcu.ao_peripheral_subsystem_i.spi_subsystem_i.obi_spimemio_i.spimemio_i.dout_data\[3\],8.96µm
i_core_v_mini_mcu.cpu_subsystem_i.cpu_0_0.rf_ram_i.memory\[257\]\[0\],8.96µm
i_core_v_mini_mcu.cpu_subsystem_i.cpu_0_0.rf_ram_i.memory\[25\]\[1\],8.96µm
i_core_v_mini_mcu.cpu_subsystem_i.cpu_0_0.rf_ram_i.memory\[282\]\[0\],8.96µm
i_core_v_mini_mcu.cpu_subsystem_i.cpu_0_0.rf_ram_i.memory\[333\]\[1\],8.96µm
i_core_v_mini_mcu.cpu_subsystem_i.cpu_0_0.rf_ram_i.memory\[448\]\[1\],8.96µm
i_core_v_mini_mcu.cpu_subsystem_i.cpu_0_0.rf_ram_i.memory\[527\]\[0\],8.96µm
i_core_v_mini_mcu.cpu_subsystem_i.cpu_0_0.rf_ram_i.memory\[555\]\[0\],8.96µm
i_core_v_mini_mcu.cpu_subsystem_i.cpu_1_0.rf_ram_i.memory\[143\]\[0\],8.96µm
i_core_v_mini_mcu.cpu_subsystem_i.cpu_1_0.rf_ram_i.memory\[217\]\[0\],8.96µm
i_core_v_mini_mcu.cpu_subsystem_i.cpu_1_0.rf_ram_i.memory\[34\]\[0\],8.96µm
i_core_v_mini_mcu.memory_subsystem_i.ram0_i.tc_ram_i.sram\[20\]\[20\],8.96µm
i_core_v_mini_mcu.memory_subsystem_i.ram0_i.tc_ram_i.sram\[21\]\[6\],8.96µm
i_core_v_mini_mcu.memory_subsystem_i.ram0_i.tc_ram_i.sram\[28\]\[15\],8.96µm
i_core_v_mini_mcu.memory_subsystem_i.ram0_i.tc_ram_i.sram\[31\]\[27\],8.96µm
i_core_v_mini_mcu.memory_subsystem_i.ram0_i.tc_ram_i.sram\[8\]\[1\],8.96µm
i_core_v_mini_mcu.peripheral_subsystem_i.obi_fifo_i.consumer_data_req\[66\],8.96µm
net1111,8.96µm
i_core_v_mini_mcu.peripheral_subsystem_i.uart_i.reg2hw\[37\],8.78µm
_10106_,8.68µm
_12456_,8.68µm
i_core_v_mini_mcu.cpu_subsystem_i.cpu_0_0.rf_ram_i.memory\[160\]\[0\],8.68µm
_06671_,8.55µm
_07369_,8.55µm
_12811_,8.55µm
_13744_,8.55µm
_21924_,8.55µm
_22008_,8.55µm
i_core_v_mini_mcu.cpu_subsystem_i.cpu_0_0.rf_ram_i.memory\[257\]\[1\],8.55µm
i_core_v_mini_mcu.cpu_subsystem_i.cpu_0_0.rf_ram_i.memory\[414\]\[1\],8.55µm
i_core_v_mini_mcu.cpu_subsystem_i.cpu_0_0.rf_ram_i.memory\[60\]\[1\],8.55µm
i_core_v_mini_mcu.cpu_subsystem_i.cpu_1_0.i_servile.cpu.immdec.gen_immdec_w_eq_1.imm30_25\[5\],8.55µm
i_core_v_mini_mcu.memory_subsystem_i.ram0_i.tc_ram_i.sram\[19\]\[1\],8.55µm
i_core_v_mini_mcu.memory_subsystem_i.ram0_i.tc_ram_i.sram\[19\]\[3\],8.55µm
i_core_v_mini_mcu.memory_subsystem_i.ram0_i.tc_ram_i.sram\[29\]\[28\],8.55µm
i_core_v_mini_mcu.memory_subsystem_i.ram0_i.tc_ram_i.sram\[8\]\[29\],8.55µm
i_core_v_mini_mcu.peripheral_subsystem_i.uart_i.uart_core.nco_sum_q\[11\],8.55µm
_00994_,8.5µm
_05444_,8.5µm
_06051_,8.5µm
_06099_,8.5µm
_08818_,8.5µm
_09427_,8.5µm
_09724_,8.5µm
_09961_,8.5µm
_10277_,8.5µm
_11591_,8.5µm
_11689_,8.5µm
_13413_,8.5µm
_13560_,8.5µm
_13620_,8.5µm
_14648_,8.5µm
_14858_,8.5µm
_14943_,8.5µm
_15092_,8.5µm
_15935_,8.5µm
_16652_,8.5µm
_17091_,8.5µm
_17602_,8.5µm
_18017_,8.5µm
_18286_,8.5µm
_19948_,8.5µm
_20208_,8.5µm
_20943_,8.5µm
_21233_,8.5µm
_22139_,8.5µm
_22341_,8.5µm
_22470_,8.5µm
_23615_,8.5µm
_23820_,8.5µm
_23934_,8.5µm
_24506_,8.5µm
_25791_,8.5µm
_26069_,8.5µm
_26172_,8.5µm
_26454_,8.5µm
_26916_,8.5µm
_27171_,8.5µm
_27285_,8.5µm
_27822_,8.5µm
i_core_v_mini_mcu.ao_peripheral_subsystem_i.soc_ctrl_i.soc_ctrl_reg_top_i.system_frequency_hz_qs\[10\],8.5µm
i_core_v_mini_mcu.cpu_subsystem_i.cpu_0_0.rf_ram_i.memory\[146\]\[1\],8.5µm
i_core_v_mini_mcu.cpu_subsystem_i.cpu_0_0.rf_ram_i.memory\[150\]\[1\],8.5µm
i_core_v_mini_mcu.cpu_subsystem_i.cpu_0_0.rf_ram_i.memory\[253\]\[1\],8.5µm
i_core_v_mini_mcu.cpu_subsystem_i.cpu_0_0.rf_ram_i.memory\[377\]\[1\],8.5µm
i_core_v_mini_mcu.cpu_subsystem_i.cpu_0_0.rf_ram_i.memory\[95\]\[0\],8.5µm
i_core_v_mini_mcu.cpu_subsystem_i.cpu_1_0.rf_ram_i.memory\[195\]\[1\],8.5µm
i_core_v_mini_mcu.cpu_subsystem_i.cpu_1_0.rf_ram_i.memory\[245\]\[1\],8.5µm
i_core_v_mini_mcu.cpu_subsystem_i.cpu_1_0.rf_ram_i.memory\[278\]\[0\],8.5µm
i_core_v_mini_mcu.cpu_subsystem_i.cpu_1_0.rf_ram_i.memory\[388\]\[1\],8.5µm
i_core_v_mini_mcu.cpu_subsystem_i.cpu_1_0.rf_ram_i.memory\[456\]\[0\],8.5µm
i_core_v_mini_mcu.memory_subsystem_i.ram0_i.tc_ram_i.sram\[0\]\[14\],8.5µm
i_core_v_mini_mcu.memory_subsystem_i.ram0_i.tc_ram_i.sram\[15\]\[1\],8.5µm
i_core_v_mini_mcu.memory_subsystem_i.ram0_i.tc_ram_i.sram\[17\]\[27\],8.5µm
i_core_v_mini_mcu.memory_subsystem_i.ram0_i.tc_ram_i.sram\[27\]\[15\],8.5µm
i_core_v_mini_mcu.memory_subsystem_i.ram0_i.tc_ram_i.sram\[2\]\[18\],8.5µm
i_core_v_mini_mcu.memory_subsystem_i.ram0_i.tc_ram_i.sram\[2\]\[5\],8.5µm
i_core_v_mini_mcu.memory_subsystem_i.ram0_i.tc_ram_i.sram\[31\]\[24\],8.5µm
i_core_v_mini_mcu.memory_subsystem_i.ram0_i.tc_ram_i.sram\[3\]\[1\],8.5µm
i_core_v_mini_mcu.memory_subsystem_i.ram0_i.tc_ram_i.sram\[3\]\[8\],8.5µm
i_core_v_mini_mcu.memory_subsystem_i.ram0_i.tc_ram_i.sram\[4\]\[23\],8.5µm
i_core_v_mini_mcu.memory_subsystem_i.ram0_i.tc_ram_i.sram\[7\]\[1\],8.5µm
i_core_v_mini_mcu.memory_subsystem_i.ram0_i.tc_ram_i.sram\[8\]\[26\],8.5µm
_00016_,8.45µm
_00202_,8.45µm
_00218_,8.45µm
_00260_,8.45µm
_00268_,8.45µm
_00389_,8.45µm
_00501_,8.45µm
_00551_,8.45µm
_00553_,8.45µm
_00610_,8.45µm
_00696_,8.45µm
_00826_,8.45µm
_00901_,8.45µm
_00926_,8.45µm
_00985_,8.45µm
_01036_,8.45µm
_01063_,8.45µm
_01080_,8.45µm
_01120_,8.45µm
_01184_,8.45µm
_01392_,8.45µm
_01398_,8.45µm
_01424_,8.45µm
_01440_,8.45µm
_01585_,8.45µm
_01619_,8.45µm
_01651_,8.45µm
_01669_,8.45µm
_01676_,8.45µm
_01699_,8.45µm
_01849_,8.45µm
_01857_,8.45µm
_01894_,8.45µm
_01941_,8.45µm
_02008_,8.45µm
_02046_,8.45µm
_02120_,8.45µm
_02130_,8.45µm
_02177_,8.45µm
_02196_,8.45µm
_02231_,8.45µm
_02266_,8.45µm
_02317_,8.45µm
_02358_,8.45µm
_02429_,8.45µm
_02474_,8.45µm
_02477_,8.45µm
_02488_,8.45µm
_02519_,8.45µm
_02535_,8.45µm
_02583_,8.45µm
_02608_,8.45µm
_02626_,8.45µm
_02679_,8.45µm
_02706_,8.45µm
_02921_,8.45µm
_03003_,8.45µm
_03120_,8.45µm
_03511_,8.45µm
_03633_,8.45µm
_03702_,8.45µm
_03900_,8.45µm
_03934_,8.45µm
_04103_,8.45µm
_04162_,8.45µm
_04244_,8.45µm
_04362_,8.45µm
_04365_,8.45µm
_04571_,8.45µm
_04594_,8.45µm
_04604_,8.45µm
_04642_,8.45µm
_04689_,8.45µm
_04697_,8.45µm
_04718_,8.45µm
_04758_,8.45µm
_04853_,8.45µm
_04877_,8.45µm
_05142_,8.45µm
_05173_,8.45µm
_05193_,8.45µm
_05238_,8.45µm
_05278_,8.45µm
_05301_,8.45µm
_05617_,8.45µm
_05693_,8.45µm
_05825_,8.45µm
_06036_,8.45µm
_06049_,8.45µm
_06210_,8.45µm
_06224_,8.45µm
_06246_,8.45µm
_06264_,8.45µm
_06272_,8.45µm
_06703_,8.45µm
_06796_,8.45µm
_07230_,8.45µm
_07514_,8.45µm
_07569_,8.45µm
_07848_,8.45µm
_08059_,8.45µm
_08196_,8.45µm
_08355_,8.45µm
_08381_,8.45µm
_08473_,8.45µm
_08622_,8.45µm
_08729_,8.45µm
_08802_,8.45µm
_09304_,8.45µm
_09413_,8.45µm
_09576_,8.45µm
_09587_,8.45µm
_09845_,8.45µm
_09860_,8.45µm
_10190_,8.45µm
_10924_,8.45µm
_11083_,8.45µm
_11095_,8.45µm
_11133_,8.45µm
_11213_,8.45µm
_11683_,8.45µm
_11761_,8.45µm
_11765_,8.45µm
_11784_,8.45µm
_11823_,8.45µm
_11834_,8.45µm
_12017_,8.45µm
_12019_,8.45µm
_12173_,8.45µm
_12257_,8.45µm
_12602_,8.45µm
_12987_,8.45µm
_13120_,8.45µm
_13148_,8.45µm
_13152_,8.45µm
_13331_,8.45µm
_13357_,8.45µm
_13378_,8.45µm
_13383_,8.45µm
_13433_,8.45µm
_13437_,8.45µm
_13449_,8.45µm
_13512_,8.45µm
_13614_,8.45µm
_13628_,8.45µm
_13828_,8.45µm
_14024_,8.45µm
_14066_,8.45µm
_14101_,8.45µm
_14107_,8.45µm
_14181_,8.45µm
_14214_,8.45µm
_14268_,8.45µm
_14398_,8.45µm
_14422_,8.45µm
_14766_,8.45µm
_14792_,8.45µm
_14901_,8.45µm
_15028_,8.45µm
_15089_,8.45µm
_15185_,8.45µm
_15396_,8.45µm
_15858_,8.45µm
_15955_,8.45µm
_15961_,8.45µm
_16386_,8.45µm
_16842_,8.45µm
_17019_,8.45µm
_17035_,8.45µm
_17042_,8.45µm
_17354_,8.45µm
_17641_,8.45µm
_17665_,8.45µm
_18147_,8.45µm
_18176_,8.45µm
_18216_,8.45µm
_18368_,8.45µm
_18763_,8.45µm
_18831_,8.45µm
_18968_,8.45µm
_19139_,8.45µm
_19366_,8.45µm
_19388_,8.45µm
_19398_,8.45µm
_19497_,8.45µm
_19545_,8.45µm
_19646_,8.45µm
_19731_,8.45µm
_20149_,8.45µm
_20168_,8.45µm
_20363_,8.45µm
_20403_,8.45µm
_20419_,8.45µm
_20680_,8.45µm
_20808_,8.45µm
_20823_,8.45µm
_20879_,8.45µm
_21096_,8.45µm
_21268_,8.45µm
_21281_,8.45µm
_21305_,8.45µm
_21317_,8.45µm
_21533_,8.45µm
_21561_,8.45µm
_22105_,8.45µm
_22186_,8.45µm
_22211_,8.45µm
_22234_,8.45µm
_22278_,8.45µm
_22279_,8.45µm
_22339_,8.45µm
_22496_,8.45µm
_22649_,8.45µm
_22686_,8.45µm
_23094_,8.45µm
_23244_,8.45µm
_23266_,8.45µm
_23355_,8.45µm
_23364_,8.45µm
_23797_,8.45µm
_23906_,8.45µm
_23995_,8.45µm
_24287_,8.45µm
_24598_,8.45µm
_24654_,8.45µm
_24853_,8.45µm
_24908_,8.45µm
_25124_,8.45µm
_25476_,8.45µm
_26361_,8.45µm
_26366_,8.45µm
_26449_,8.45µm
_26561_,8.45µm
_26630_,8.45µm
_26647_,8.45µm
_26741_,8.45µm
_27021_,8.45µm
_27042_,8.45µm
_27193_,8.45µm
_27273_,8.45µm
_27320_,8.45µm
_27527_,8.45µm
_27542_,8.45µm
_27584_,8.45µm
_27596_,8.45µm
_27628_,8.45µm
_27768_,8.45µm
_27854_,8.45µm
_27893_,8.45µm
_27975_,8.45µm
_28131_,8.45µm
i_core_v_mini_mcu.ao_peripheral_subsystem_i.obi_fifo_i.consumer_resp_i\[13\],8.45µm
i_core_v_mini_mcu.ao_peripheral_subsystem_i.power_manager_i.power_manager_reg_top_i.reg2hw\[247\],8.45µm
i_core_v_mini_mcu.cpu_subsystem_i.cpu_0_0.i_servile.cpu.immdec.gen_immdec_w_eq_1.imm30_25\[4\],8.45µm
i_core_v_mini_mcu.cpu_subsystem_i.cpu_0_0.i_servile.rf_ram_if.wen0_r,8.45µm
i_core_v_mini_mcu.cpu_subsystem_i.cpu_0_0.rf_ram_i.memory\[430\]\[1\],8.45µm
i_core_v_mini_mcu.cpu_subsystem_i.cpu_1_0.i_servile.arbiter.i_wb_cpu_dbus_adr\[28\],8.45µm
i_core_v_mini_mcu.cpu_subsystem_i.cpu_1_0.i_servile.arbiter.i_wb_cpu_dbus_adr\[6\],8.45µm
i_core_v_mini_mcu.cpu_subsystem_i.cpu_1_0.i_servile.cpu.bufreg.i_clr_lsb,8.45µm
i_core_v_mini_mcu.cpu_subsystem_i.cpu_1_0.rf_ram_i.memory\[155\]\[1\],8.45µm
i_core_v_mini_mcu.cpu_subsystem_i.cpu_1_0.rf_ram_i.memory\[244\]\[1\],8.45µm
i_core_v_mini_mcu.cpu_subsystem_i.cpu_1_0.rf_ram_i.memory\[55\]\[0\],8.45µm
i_core_v_mini_mcu.cpu_subsystem_i.cpu_1_0.rf_ram_i.memory\[91\]\[1\],8.45µm
i_core_v_mini_mcu.memory_subsystem_i.ram0_i.tc_ram_i.sram\[19\]\[2\],8.45µm
i_core_v_mini_mcu.memory_subsystem_i.ram0_i.tc_ram_i.sram\[4\]\[11\],8.45µm
i_core_v_mini_mcu.peripheral_subsystem_i.clk_cg,8.45µm
i_core_v_mini_mcu.peripheral_subsystem_i.obi_fifo_i.consumer_resp_i\[20\],8.45µm
_00099_,8.4µm
_00103_,8.4µm
_00143_,8.4µm
_00144_,8.4µm
_00157_,8.4µm
_00186_,8.4µm
_00189_,8.4µm
_00193_,8.4µm
_00236_,8.4µm
_00340_,8.4µm
_00378_,8.4µm
_00417_,8.4µm
_00420_,8.4µm
_00467_,8.4µm
_00493_,8.4µm
_00498_,8.4µm
_00623_,8.4µm
_00752_,8.4µm
_00827_,8.4µm
_00843_,8.4µm
_00880_,8.4µm
_00893_,8.4µm
_00945_,8.4µm
_00974_,8.4µm
_01114_,8.4µm
_01131_,8.4µm
_01170_,8.4µm
_01203_,8.4µm
_01204_,8.4µm
_01240_,8.4µm
_01329_,8.4µm
_01388_,8.4µm
_01566_,8.4µm
_01671_,8.4µm
_01737_,8.4µm
_01799_,8.4µm
_01828_,8.4µm
_01919_,8.4µm
_02006_,8.4µm
_02071_,8.4µm
_02117_,8.4µm
_02125_,8.4µm
_02278_,8.4µm
_02359_,8.4µm
_02365_,8.4µm
_02393_,8.4µm
_02415_,8.4µm
_02416_,8.4µm
_02423_,8.4µm
_02442_,8.4µm
_02480_,8.4µm
_02560_,8.4µm
_02582_,8.4µm
_02617_,8.4µm
_02658_,8.4µm
_02697_,8.4µm
_02700_,8.4µm
_02728_,8.4µm
_02747_,8.4µm
_02770_,8.4µm
_02795_,8.4µm
_02798_,8.4µm
_02804_,8.4µm
_02813_,8.4µm
_02830_,8.4µm
_02834_,8.4µm
_02847_,8.4µm
_02874_,8.4µm
_02901_,8.4µm
_02932_,8.4µm
_02955_,8.4µm
_02986_,8.4µm
_03002_,8.4µm
_03018_,8.4µm
_03036_,8.4µm
_03102_,8.4µm
_03116_,8.4µm
_03123_,8.4µm
_03126_,8.4µm
_03133_,8.4µm
_03138_,8.4µm
_03180_,8.4µm
_03195_,8.4µm
_03202_,8.4µm
_03203_,8.4µm
_03228_,8.4µm
_03308_,8.4µm
_03315_,8.4µm
_03350_,8.4µm
_03368_,8.4µm
_03374_,8.4µm
_03405_,8.4µm
_03426_,8.4µm
_03441_,8.4µm
_03457_,8.4µm
_03460_,8.4µm
_03470_,8.4µm
_03505_,8.4µm
_03528_,8.4µm
_03532_,8.4µm
_03556_,8.4µm
_03558_,8.4µm
_03563_,8.4µm
_03570_,8.4µm
_03599_,8.4µm
_03628_,8.4µm
_03634_,8.4µm
_03647_,8.4µm
_03685_,8.4µm
_03686_,8.4µm
_03801_,8.4µm
_03815_,8.4µm
_03877_,8.4µm
_03936_,8.4µm
_03959_,8.4µm
_04008_,8.4µm
_04014_,8.4µm
_04038_,8.4µm
_04171_,8.4µm
_04243_,8.4µm
_04404_,8.4µm
_04457_,8.4µm
_04465_,8.4µm
_04466_,8.4µm
_04493_,8.4µm
_04566_,8.4µm
_04614_,8.4µm
_04646_,8.4µm
_04703_,8.4µm
_04729_,8.4µm
_04944_,8.4µm
_05012_,8.4µm
_05153_,8.4µm
_05300_,8.4µm
_05344_,8.4µm
_05346_,8.4µm
_05409_,8.4µm
_05520_,8.4µm
_05583_,8.4µm
_05641_,8.4µm
_05734_,8.4µm
_05845_,8.4µm
_06006_,8.4µm
_06007_,8.4µm
_06080_,8.4µm
_06119_,8.4µm
_06389_,8.4µm
_06642_,8.4µm
_07056_,8.4µm
_07141_,8.4µm
_07181_,8.4µm
_07834_,8.4µm
_07953_,8.4µm
_08026_,8.4µm
_08138_,8.4µm
_08181_,8.4µm
_08227_,8.4µm
_08230_,8.4µm
_08308_,8.4µm
_08559_,8.4µm
_08895_,8.4µm
_09127_,8.4µm
_09187_,8.4µm
_09190_,8.4µm
_09216_,8.4µm
_09235_,8.4µm
_09429_,8.4µm
_09612_,8.4µm
_09694_,8.4µm
_09784_,8.4µm
_09973_,8.4µm
_09992_,8.4µm
_10171_,8.4µm
_10174_,8.4µm
_10409_,8.4µm
_10427_,8.4µm
_10451_,8.4µm
_10662_,8.4µm
_10883_,8.4µm
_11056_,8.4µm
_11155_,8.4µm
_11179_,8.4µm
_11262_,8.4µm
_11290_,8.4µm
_11296_,8.4µm
_11369_,8.4µm
_11381_,8.4µm
_11387_,8.4µm
_11431_,8.4µm
_11589_,8.4µm
_11633_,8.4µm
_11773_,8.4µm
_11789_,8.4µm
_11878_,8.4µm
_12075_,8.4µm
_12641_,8.4µm
_12700_,8.4µm
_12781_,8.4µm
_12878_,8.4µm
_12881_,8.4µm
_12893_,8.4µm
_12961_,8.4µm
_13049_,8.4µm
_13258_,8.4µm
_13310_,8.4µm
_13338_,8.4µm
_13387_,8.4µm
_13443_,8.4µm
_13505_,8.4µm
_13700_,8.4µm
_13711_,8.4µm
_13855_,8.4µm
_14092_,8.4µm
_14197_,8.4µm
_14583_,8.4µm
_14598_,8.4µm
_14919_,8.4µm
_14920_,8.4µm
_14949_,8.4µm
_15110_,8.4µm
_15129_,8.4µm
_15313_,8.4µm
_15353_,8.4µm
_15567_,8.4µm
_15574_,8.4µm
_15638_,8.4µm
_15918_,8.4µm
_16038_,8.4µm
_16248_,8.4µm
_16249_,8.4µm
_16733_,8.4µm
_16912_,8.4µm
_17003_,8.4µm
_17038_,8.4µm
_17045_,8.4µm
_17054_,8.4µm
_17101_,8.4µm
_17151_,8.4µm
_17220_,8.4µm
_17255_,8.4µm
_17379_,8.4µm
_17444_,8.4µm
_17487_,8.4µm
_17528_,8.4µm
_17729_,8.4µm
_17870_,8.4µm
_17967_,8.4µm
_18051_,8.4µm
_18091_,8.4µm
_18115_,8.4µm
_18383_,8.4µm
_18725_,8.4µm
_18808_,8.4µm
_18967_,8.4µm
_19008_,8.4µm
_19078_,8.4µm
_19179_,8.4µm
_19923_,8.4µm
_20046_,8.4µm
_20247_,8.4µm
_20269_,8.4µm
_20580_,8.4µm
_20623_,8.4µm
_20627_,8.4µm
_20648_,8.4µm
_20785_,8.4µm
_20825_,8.4µm
_20832_,8.4µm
_20839_,8.4µm
_20917_,8.4µm
_21006_,8.4µm
_21055_,8.4µm
_21107_,8.4µm
_21108_,8.4µm
_21109_,8.4µm
_21171_,8.4µm
_21231_,8.4µm
_21276_,8.4µm
_21396_,8.4µm
_21438_,8.4µm
_21652_,8.4µm
_21789_,8.4µm
_21840_,8.4µm
_21857_,8.4µm
_22041_,8.4µm
_22054_,8.4µm
_22059_,8.4µm
_22062_,8.4µm
_22151_,8.4µm
_22152_,8.4µm
_22209_,8.4µm
_22224_,8.4µm
_22233_,8.4µm
_22319_,8.4µm
_22413_,8.4µm
_22591_,8.4µm
_22658_,8.4µm
_22690_,8.4µm
_22743_,8.4µm
_22925_,8.4µm
_23305_,8.4µm
_23525_,8.4µm
_23554_,8.4µm
_23630_,8.4µm
_23887_,8.4µm
_23971_,8.4µm
_24122_,8.4µm
_24214_,8.4µm
_24410_,8.4µm
_24419_,8.4µm
_24477_,8.4µm
_24479_,8.4µm
_24685_,8.4µm
_24757_,8.4µm
_24766_,8.4µm
_24805_,8.4µm
_24993_,8.4µm
_25063_,8.4µm
_25145_,8.4µm
_25176_,8.4µm
_25185_,8.4µm
_25220_,8.4µm
_25417_,8.4µm
_25478_,8.4µm
_25677_,8.4µm
_25734_,8.4µm
_25898_,8.4µm
_25976_,8.4µm
_26035_,8.4µm
_26086_,8.4µm
_26110_,8.4µm
_26280_,8.4µm
_26435_,8.4µm
_26473_,8.4µm
_26487_,8.4µm
_26652_,8.4µm
_26689_,8.4µm
_26694_,8.4µm
_26727_,8.4µm
_26831_,8.4µm
_26889_,8.4µm
_26907_,8.4µm
_26911_,8.4µm
_27150_,8.4µm
_27160_,8.4µm
_27406_,8.4µm
_27447_,8.4µm
_27659_,8.4µm
_27717_,8.4µm
_27731_,8.4µm
_27986_,8.4µm
_28048_,8.4µm
_28125_,8.4µm
i_core_v_mini_mcu.ao_peripheral_subsystem_i.obi_fifo_i.consumer_data_req\[55\],8.4µm
i_core_v_mini_mcu.ao_peripheral_subsystem_i.obi_fifo_i.consumer_resp_i\[0\],8.4µm
i_core_v_mini_mcu.cpu_subsystem_i.cpu_0_0.i_servile.rf_ram_if.wdata0_r\[1\],8.4µm
i_core_v_mini_mcu.cpu_subsystem_i.cpu_0_0.rf_ram_i.memory\[306\]\[1\],8.4µm
i_core_v_mini_mcu.cpu_subsystem_i.cpu_0_0.rf_ram_i.memory\[442\]\[1\],8.4µm
i_core_v_mini_mcu.cpu_subsystem_i.cpu_1_0.i_servile.arbiter.i_wb_cpu_ibus_adr\[18\],8.4µm
i_core_v_mini_mcu.cpu_subsystem_i.cpu_1_0.i_servile.arbiter.i_wb_cpu_ibus_adr\[8\],8.4µm
i_core_v_mini_mcu.cpu_subsystem_i.cpu_1_0.i_servile.cpu.decode.o_mem_signed,8.4µm
i_core_v_mini_mcu.cpu_subsystem_i.cpu_1_0.i_servile.cpu.immdec.gen_immdec_w_eq_1.imm19_12_20\[1\],8.4µm
i_core_v_mini_mcu.cpu_subsystem_i.cpu_1_0.rf_ram_i.memory\[482\]\[0\],8.4µm
i_core_v_mini_mcu.memory_subsystem_i.ram0_i.tc_ram_i.r_addr_q\[4\],8.4µm
i_core_v_mini_mcu.memory_subsystem_i.ram0_i.tc_ram_i.sram\[20\]\[21\],8.4µm
i_core_v_mini_mcu.memory_subsystem_i.ram0_i.tc_ram_i.sram\[27\]\[21\],8.4µm
i_core_v_mini_mcu.memory_subsystem_i.ram0_i.tc_ram_i.sram\[2\]\[4\],8.4µm
i_core_v_mini_mcu.memory_subsystem_i.ram0_i.tc_ram_i.sram\[31\]\[23\],8.4µm
i_core_v_mini_mcu.cpu_subsystem_i.cpu_0_0.rf_ram_i.memory\[250\]\[0\],8.22µm
_25232_,8.17µm
_24746_,8.12µm
i_core_v_mini_mcu.cpu_subsystem_i.cpu_0_0.rf_ram_i.memory\[359\]\[0\],8.075µm
_06776_,8.04µm
_06280_,7.99µm
_12912_,7.99µm
i_core_v_mini_mcu.ao_peripheral_subsystem_i.power_manager_i.power_manager_reg_top_i.global_pointer_qs\[24\],7.99µm
i_core_v_mini_mcu.cpu_subsystem_i.cpu_0_0.rf_ram_i.memory\[55\]\[0\],7.99µm
_01034_,7.94µm
_01102_,7.94µm
_01108_,7.94µm
_01633_,7.94µm
_01972_,7.94µm
_02618_,7.94µm
_04485_,7.94µm
_05384_,7.94µm
_05636_,7.94µm
_05674_,7.94µm
_06019_,7.94µm
_06854_,7.94µm
_07118_,7.94µm
_09533_,7.94µm
_09603_,7.94µm
_09837_,7.94µm
_09968_,7.94µm
_10043_,7.94µm
_11261_,7.94µm
_11691_,7.94µm
_11980_,7.94µm
_12008_,7.94µm
_12487_,7.94µm
_12997_,7.94µm
_13076_,7.94µm
_13297_,7.94µm
_13326_,7.94µm
_14475_,7.94µm
_14547_,7.94µm
_15038_,7.94µm
_15292_,7.94µm
_15532_,7.94µm
_15833_,7.94µm
_15855_,7.94µm
_16052_,7.94µm
_16061_,7.94µm
_16185_,7.94µm
_16361_,7.94µm
_16757_,7.94µm
_16832_,7.94µm
_16926_,7.94µm
_17087_,7.94µm
_17099_,7.94µm
_17190_,7.94µm
_17586_,7.94µm
_20258_,7.94µm
_21937_,7.94µm
_22020_,7.94µm
_22271_,7.94µm
_22641_,7.94µm
_22722_,7.94µm
_22839_,7.94µm
_22869_,7.94µm
_23110_,7.94µm
_23632_,7.94µm
_23635_,7.94µm
_23639_,7.94µm
_24272_,7.94µm
_25316_,7.94µm
_25975_,7.94µm
_26964_,7.94µm
_27133_,7.94µm
i_core_v_mini_mcu.ao_peripheral_subsystem_i.power_manager_i.power_manager_reg_top_i.dma_ch0_clk_gate_qs,7.94µm
i_core_v_mini_mcu.ao_peripheral_subsystem_i.spi_subsystem_i.obi_spimemio_i.spimemio_i.dout_data\[5\],7.94µm
i_core_v_mini_mcu.cpu_subsystem_i.cpu_0_0.rf_ram_i.memory\[436\]\[0\],7.94µm
i_core_v_mini_mcu.cpu_subsystem_i.cpu_1_0.i_servile.rf_ram_if.wen0_r,7.94µm
i_core_v_mini_mcu.cpu_subsystem_i.cpu_1_0.rf_ram_i.memory\[114\]\[1\],7.94µm
i_core_v_mini_mcu.cpu_subsystem_i.cpu_1_0.rf_ram_i.memory\[447\]\[0\],7.94µm
i_core_v_mini_mcu.cpu_subsystem_i.cpu_1_0.rf_ram_i.memory\[92\]\[1\],7.94µm
i_core_v_mini_mcu.cpu_subsystem_i.cpu_1_0.rf_ram_i.memory\[95\]\[0\],7.94µm
i_core_v_mini_mcu.memory_subsystem_i.ram0_i.tc_ram_i.sram\[10\]\[12\],7.94µm
i_core_v_mini_mcu.memory_subsystem_i.ram0_i.tc_ram_i.sram\[11\]\[16\],7.94µm
i_core_v_mini_mcu.memory_subsystem_i.ram0_i.tc_ram_i.sram\[17\]\[5\],7.94µm
i_core_v_mini_mcu.memory_subsystem_i.ram0_i.tc_ram_i.sram\[30\]\[9\],7.94µm
_00008_,7.89µm
_00107_,7.89µm
_00132_,7.89µm
_00353_,7.89µm
_00419_,7.89µm
_00430_,7.89µm
_00431_,7.89µm
_00513_,7.89µm
_00531_,7.89µm
_00568_,7.89µm
_00668_,7.89µm
_00678_,7.89µm
_00742_,7.89µm
_00806_,7.89µm
_00812_,7.89µm
_00817_,7.89µm
_00922_,7.89µm
_00924_,7.89µm
_00968_,7.89µm
_00971_,7.89µm
_00979_,7.89µm
_01029_,7.89µm
_01110_,7.89µm
_01242_,7.89µm
_01243_,7.89µm
_01247_,7.89µm
_01249_,7.89µm
_01272_,7.89µm
_01304_,7.89µm
_01311_,7.89µm
_01313_,7.89µm
_01408_,7.89µm
_01411_,7.89µm
_01422_,7.89µm
_01449_,7.89µm
_01477_,7.89µm
_01488_,7.89µm
_01501_,7.89µm
_01561_,7.89µm
_01586_,7.89µm
_01597_,7.89µm
_01634_,7.89µm
_01649_,7.89µm
_01679_,7.89µm
_01726_,7.89µm
_01736_,7.89µm
_01785_,7.89µm
_01895_,7.89µm
_01915_,7.89µm
_01933_,7.89µm
_01946_,7.89µm
_02059_,7.89µm
_02094_,7.89µm
_02141_,7.89µm
_02159_,7.89µm
_02229_,7.89µm
_02293_,7.89µm
_02311_,7.89µm
_02322_,7.89µm
_02338_,7.89µm
_02388_,7.89µm
_02555_,7.89µm
_02625_,7.89µm
_02629_,7.89µm
_02655_,7.89µm
_02947_,7.89µm
_03140_,7.89µm
_03386_,7.89µm
_03550_,7.89µm
_03657_,7.89µm
_03829_,7.89µm
_04177_,7.89µm
_04225_,7.89µm
_04389_,7.89µm
_04446_,7.89µm
_04460_,7.89µm
_04483_,7.89µm
_04509_,7.89µm
_04511_,7.89µm
_04516_,7.89µm
_04524_,7.89µm
_04572_,7.89µm
_04580_,7.89µm
_04695_,7.89µm
_04699_,7.89µm
_04772_,7.89µm
_04802_,7.89µm
_04844_,7.89µm
_04880_,7.89µm
_05090_,7.89µm
_05171_,7.89µm
_05235_,7.89µm
_05242_,7.89µm
_05245_,7.89µm
_05287_,7.89µm
_05333_,7.89µm
_05343_,7.89µm
_05348_,7.89µm
_05645_,7.89µm
_05854_,7.89µm
_05894_,7.89µm
_06102_,7.89µm
_06105_,7.89µm
_06227_,7.89µm
_06267_,7.89µm
_06350_,7.89µm
_06433_,7.89µm
_06493_,7.89µm
_06543_,7.89µm
_06564_,7.89µm
_07448_,7.89µm
_07868_,7.89µm
_08293_,7.89µm
_08320_,7.89µm
_08369_,7.89µm
_08439_,7.89µm
_08494_,7.89µm
_08562_,7.89µm
_08583_,7.89µm
_08630_,7.89µm
_08782_,7.89µm
_09115_,7.89µm
_09294_,7.89µm
_09665_,7.89µm
_09904_,7.89µm
_10126_,7.89µm
_10243_,7.89µm
_10270_,7.89µm
_10434_,7.89µm
_10644_,7.89µm
_10692_,7.89µm
_10758_,7.89µm
_10850_,7.89µm
_10888_,7.89µm
_10957_,7.89µm
_11007_,7.89µm
_11180_,7.89µm
_11263_,7.89µm
_11470_,7.89µm
_11559_,7.89µm
_11696_,7.89µm
_11774_,7.89µm
_11955_,7.89µm
_12002_,7.89µm
_12103_,7.89µm
_12240_,7.89µm
_12503_,7.89µm
_12634_,7.89µm
_12791_,7.89µm
_12877_,7.89µm
_12992_,7.89µm
_13074_,7.89µm
_13439_,7.89µm
_13453_,7.89µm
_13537_,7.89µm
_13629_,7.89µm
_13661_,7.89µm
_14671_,7.89µm
_14839_,7.89µm
_14976_,7.89µm
_15423_,7.89µm
_15595_,7.89µm
_15649_,7.89µm
_16078_,7.89µm
_16438_,7.89µm
_16440_,7.89µm
_16548_,7.89µm
_16595_,7.89µm
_16778_,7.89µm
_16831_,7.89µm
_16945_,7.89µm
_17198_,7.89µm
_17214_,7.89µm
_17289_,7.89µm
_17428_,7.89µm
_18099_,7.89µm
_18391_,7.89µm
_18534_,7.89µm
_18578_,7.89µm
_19154_,7.89µm
_19178_,7.89µm
_19331_,7.89µm
_19360_,7.89µm
_19477_,7.89µm
_19588_,7.89µm
_20201_,7.89µm
_20932_,7.89µm
_21245_,7.89µm
_21296_,7.89µm
_21559_,7.89µm
_21634_,7.89µm
_21737_,7.89µm
_21780_,7.89µm
_21953_,7.89µm
_22033_,7.89µm
_22155_,7.89µm
_22210_,7.89µm
_22225_,7.89µm
_22257_,7.89µm
_22322_,7.89µm
_22405_,7.89µm
_22474_,7.89µm
_22490_,7.89µm
_22968_,7.89µm
_23235_,7.89µm
_23292_,7.89µm
_23384_,7.89µm
_23421_,7.89µm
_23541_,7.89µm
_23681_,7.89µm
_23737_,7.89µm
_23795_,7.89µm
_24183_,7.89µm
_24229_,7.89µm
_24405_,7.89µm
_24459_,7.89µm
_24728_,7.89µm
_24785_,7.89µm
_24912_,7.89µm
_25470_,7.89µm
_25639_,7.89µm
_25704_,7.89µm
_25755_,7.89µm
_25771_,7.89µm
_26111_,7.89µm
_26328_,7.89µm
_26660_,7.89µm
_26699_,7.89µm
_26812_,7.89µm
_26946_,7.89µm
_27006_,7.89µm
_27125_,7.89µm
_27196_,7.89µm
_27230_,7.89µm
_27268_,7.89µm
_27476_,7.89µm
_27868_,7.89µm
_28093_,7.89µm
net1278,7.89µm
i_core_v_mini_mcu.ao_peripheral_subsystem_i.obi_fifo_i.consumer_resp_i\[19\],7.89µm
i_core_v_mini_mcu.ao_peripheral_subsystem_i.spi_subsystem_i.obi_spimemio_i.spimemio_i.dout_data\[2\],7.89µm
i_core_v_mini_mcu.ao_peripheral_subsystem_i.spi_subsystem_i.obi_spimemio_i.spimemio_i.xfer_io1_90,7.89µm
i_core_v_mini_mcu.cpu_subsystem_i.cpu_0_0.i_servile.arbiter.i_wb_cpu_dbus_adr\[4\],7.89µm
i_core_v_mini_mcu.cpu_subsystem_i.cpu_0_0.i_servile.cpu.decode.o_ebreak,7.89µm
i_core_v_mini_mcu.cpu_subsystem_i.cpu_0_0.rf_ram_i.memory\[522\]\[0\],7.89µm
i_core_v_mini_mcu.cpu_subsystem_i.cpu_1_0.i_servile.arbiter.i_wb_cpu_ibus_adr\[27\],7.89µm
i_core_v_mini_mcu.cpu_subsystem_i.cpu_1_0.i_servile.arbiter.i_wb_cpu_ibus_adr\[7\],7.89µm
i_core_v_mini_mcu.cpu_subsystem_i.cpu_1_0.rf_ram_i.memory\[426\]\[0\],7.89µm
i_core_v_mini_mcu.memory_subsystem_i.ram0_i.tc_ram_i.sram\[23\]\[15\],7.89µm
i_core_v_mini_mcu.memory_subsystem_i.ram0_i.tc_ram_i.sram\[7\]\[20\],7.89µm
i_core_v_mini_mcu.peripheral_subsystem_i.obi_fifo_i.consumer_data_req\[26\],7.89µm
i_core_v_mini_mcu.peripheral_subsystem_i.obi_fifo_i.consumer_data_req\[64\],7.89µm
_00019_,7.84µm
_00057_,7.84µm
_00141_,7.84µm
_00150_,7.84µm
_00161_,7.84µm
_00246_,7.84µm
_00323_,7.84µm
_00400_,7.84µm
_00403_,7.84µm
_00446_,7.84µm
_00534_,7.84µm
_00593_,7.84µm
_00599_,7.84µm
_00617_,7.84µm
_00659_,7.84µm
_00697_,7.84µm
_00699_,7.84µm
_00732_,7.84µm
_00734_,7.84µm
_00750_,7.84µm
_00785_,7.84µm
_00804_,7.84µm
_00954_,7.84µm
_00964_,7.84µm
_00995_,7.84µm
_01054_,7.84µm
_01070_,7.84µm
_01072_,7.84µm
_01095_,7.84µm
_01104_,7.84µm
_01162_,7.84µm
_01260_,7.84µm
_01268_,7.84µm
_01344_,7.84µm
_01345_,7.84µm
_01723_,7.84µm
_01756_,7.84µm
_01774_,7.84µm
_01826_,7.84µm
_01850_,7.84µm
_01914_,7.84µm
_01925_,7.84µm
_02034_,7.84µm
_02086_,7.84µm
_02102_,7.84µm
_02132_,7.84µm
_02214_,7.84µm
_02287_,7.84µm
_02369_,7.84µm
_02373_,7.84µm
_02374_,7.84µm
_02386_,7.84µm
_02400_,7.84µm
_02463_,7.84µm
_02595_,7.84µm
_02705_,7.84µm
_02724_,7.84µm
_02756_,7.84µm
_02794_,7.84µm
_02883_,7.84µm
_02910_,7.84µm
_02941_,7.84µm
_03056_,7.84µm
_03073_,7.84µm
_03074_,7.84µm
_03135_,7.84µm
_03169_,7.84µm
_03316_,7.84µm
_03347_,7.84µm
_03435_,7.84µm
_03492_,7.84µm
_03496_,7.84µm
_03514_,7.84µm
_03523_,7.84µm
_03535_,7.84µm
_03595_,7.84µm
_03601_,7.84µm
_03636_,7.84µm
_03687_,7.84µm
_03689_,7.84µm
_03716_,7.84µm
_03751_,7.84µm
_03805_,7.84µm
_03854_,7.84µm
_03861_,7.84µm
_04077_,7.84µm
_04109_,7.84µm
_04184_,7.84µm
_04296_,7.84µm
_04336_,7.84µm
_04401_,7.84µm
_04541_,7.84µm
_04574_,7.84µm
_04681_,7.84µm
_04771_,7.84µm
_04876_,7.84µm
_04906_,7.84µm
_05034_,7.84µm
_05097_,7.84µm
_05127_,7.84µm
_05162_,7.84µm
_05164_,7.84µm
_05191_,7.84µm
_05197_,7.84µm
_05199_,7.84µm
_05209_,7.84µm
_05336_,7.84µm
_05362_,7.84µm
_05370_,7.84µm
_05429_,7.84µm
_05438_,7.84µm
_05551_,7.84µm
_05603_,7.84µm
_05684_,7.84µm
_05761_,7.84µm
_05862_,7.84µm
_05908_,7.84µm
_05929_,7.84µm
_06020_,7.84µm
_06098_,7.84µm
_06166_,7.84µm
_06176_,7.84µm
_06252_,7.84µm
_06383_,7.84µm
_06384_,7.84µm
_06499_,7.84µm
_06508_,7.84µm
_06873_,7.84µm
_06926_,7.84µm
_07104_,7.84µm
_07154_,7.84µm
_07188_,7.84µm
_07190_,7.84µm
_07240_,7.84µm
_07396_,7.84µm
_07444_,7.84µm
_07666_,7.84µm
_07899_,7.84µm
_07951_,7.84µm
_08243_,7.84µm
_08252_,7.84µm
_08467_,7.84µm
_08513_,7.84µm
_08542_,7.84µm
_08551_,7.84µm
_08615_,7.84µm
_08758_,7.84µm
_08885_,7.84µm
_08889_,7.84µm
_08963_,7.84µm
_09018_,7.84µm
_09131_,7.84µm
_09405_,7.84µm
_09579_,7.84µm
_09684_,7.84µm
_09783_,7.84µm
_09813_,7.84µm
_09826_,7.84µm
_09835_,7.84µm
_09869_,7.84µm
_09932_,7.84µm
_09966_,7.84µm
_10054_,7.84µm
_10100_,7.84µm
_10212_,7.84µm
_10458_,7.84µm
_10490_,7.84µm
_10652_,7.84µm
_10687_,7.84µm
_10828_,7.84µm
_10904_,7.84µm
_10954_,7.84µm
_10983_,7.84µm
_11033_,7.84µm
_11087_,7.84µm
_11205_,7.84µm
_11207_,7.84µm
_11320_,7.84µm
_11328_,7.84µm
_11372_,7.84µm
_11438_,7.84µm
_11479_,7.84µm
_11486_,7.84µm
_11552_,7.84µm
_11593_,7.84µm
_11594_,7.84µm
_11608_,7.84µm
_11610_,7.84µm
_11615_,7.84µm
_11640_,7.84µm
_11690_,7.84µm
_11739_,7.84µm
_11936_,7.84µm
_11971_,7.84µm
_12005_,7.84µm
_12090_,7.84µm
_12141_,7.84µm
_12237_,7.84µm
_12287_,7.84µm
_12386_,7.84µm
_12417_,7.84µm
_12453_,7.84µm
_12550_,7.84µm
_12603_,7.84µm
_12624_,7.84µm
_12905_,7.84µm
_12949_,7.84µm
_12985_,7.84µm
_13009_,7.84µm
_13030_,7.84µm
_13056_,7.84µm
_13094_,7.84µm
_13110_,7.84µm
_13164_,7.84µm
_13166_,7.84µm
_13306_,7.84µm
_13365_,7.84µm
_13385_,7.84µm
_13462_,7.84µm
_13530_,7.84µm
_13568_,7.84µm
_13737_,7.84µm
_13896_,7.84µm
_14103_,7.84µm
_14144_,7.84µm
_14185_,7.84µm
_14211_,7.84µm
_14305_,7.84µm
_14465_,7.84µm
_14688_,7.84µm
_14795_,7.84µm
_14810_,7.84µm
_14841_,7.84µm
_14980_,7.84µm
_15069_,7.84µm
_15084_,7.84µm
_15165_,7.84µm
_15344_,7.84µm
_15419_,7.84µm
_15542_,7.84µm
_15583_,7.84µm
_15629_,7.84µm
_15946_,7.84µm
_15969_,7.84µm
_16153_,7.84µm
_16221_,7.84µm
_16226_,7.84µm
_16232_,7.84µm
_16252_,7.84µm
_16261_,7.84µm
_16297_,7.84µm
_16405_,7.84µm
_16496_,7.84µm
_16570_,7.84µm
_16716_,7.84µm
_16789_,7.84µm
_16937_,7.84µm
_17090_,7.84µm
_17136_,7.84µm
_17170_,7.84µm
_17384_,7.84µm
_17414_,7.84µm
_17427_,7.84µm
_17511_,7.84µm
_17662_,7.84µm
_17721_,7.84µm
_17801_,7.84µm
_17825_,7.84µm
_17877_,7.84µm
_17905_,7.84µm
_18022_,7.84µm
_18075_,7.84µm
_18108_,7.84µm
_18120_,7.84µm
_18143_,7.84µm
_18150_,7.84µm
_18364_,7.84µm
_18397_,7.84µm
_18473_,7.84µm
_18545_,7.84µm
_18563_,7.84µm
_18568_,7.84µm
_18729_,7.84µm
_18793_,7.84µm
_19046_,7.84µm
_19159_,7.84µm
_19192_,7.84µm
_19214_,7.84µm
_19671_,7.84µm
_19684_,7.84µm
_19688_,7.84µm
_19734_,7.84µm
_19752_,7.84µm
_19828_,7.84µm
_19976_,7.84µm
_20106_,7.84µm
_20138_,7.84µm
_20140_,7.84µm
_20409_,7.84µm
_20502_,7.84µm
_20701_,7.84µm
_20724_,7.84µm
_20734_,7.84µm
_20786_,7.84µm
_20820_,7.84µm
_20874_,7.84µm
_20880_,7.84µm
_20983_,7.84µm
_21091_,7.84µm
_21137_,7.84µm
_21145_,7.84µm
_21177_,7.84µm
_21314_,7.84µm
_21370_,7.84µm
_21432_,7.84µm
_21565_,7.84µm
_21731_,7.84µm
_21769_,7.84µm
_21793_,7.84µm
_21867_,7.84µm
_21890_,7.84µm
_21895_,7.84µm
_21919_,7.84µm
_21964_,7.84µm
_22009_,7.84µm
_22093_,7.84µm
_22110_,7.84µm
_22248_,7.84µm
_22292_,7.84µm
_22426_,7.84µm
_22471_,7.84µm
_22505_,7.84µm
_22530_,7.84µm
_22557_,7.84µm
_22617_,7.84µm
_22750_,7.84µm
_22980_,7.84µm
_22995_,7.84µm
_23128_,7.84µm
_23176_,7.84µm
_23197_,7.84µm
_23205_,7.84µm
_23287_,7.84µm
_23339_,7.84µm
_23446_,7.84µm
_23596_,7.84µm
_23748_,7.84µm
_23785_,7.84µm
_23796_,7.84µm
_24044_,7.84µm
_24435_,7.84µm
_24450_,7.84µm
_24505_,7.84µm
_24562_,7.84µm
_24615_,7.84µm
_24659_,7.84µm
_24673_,7.84µm
_24748_,7.84µm
_24754_,7.84µm
_24839_,7.84µm
_24980_,7.84µm
_25461_,7.84µm
_25515_,7.84µm
_25555_,7.84µm
_25740_,7.84µm
_25750_,7.84µm
_25778_,7.84µm
_25811_,7.84µm
_26032_,7.84µm
_26050_,7.84µm
_26055_,7.84µm
_26061_,7.84µm
_26125_,7.84µm
_26202_,7.84µm
_26388_,7.84µm
_26431_,7.84µm
_26432_,7.84µm
_26442_,7.84µm
_26555_,7.84µm
_26802_,7.84µm
_26804_,7.84µm
_26825_,7.84µm
_26991_,7.84µm
_26996_,7.84µm
_27030_,7.84µm
_27342_,7.84µm
_27568_,7.84µm
_27585_,7.84µm
_27820_,7.84µm
i_core_v_mini_mcu.ao_peripheral_subsystem_i.power_manager_i.power_manager_reg_top_i.intr_state_qs\[26\],7.84µm
i_core_v_mini_mcu.ao_peripheral_subsystem_i.power_manager_i.power_manager_reg_top_i.u_intr_state.wr_data\[13\],7.84µm
i_core_v_mini_mcu.ao_peripheral_subsystem_i.soc_ctrl_i.soc_ctrl_reg_top_i.system_frequency_hz_qs\[0\],7.84µm
i_core_v_mini_mcu.cpu_subsystem_i.cpu_0_0.rf_ram_i.memory\[195\]\[0\],7.84µm
i_core_v_mini_mcu.cpu_subsystem_i.cpu_0_0.rf_ram_i.memory\[226\]\[1\],7.84µm
i_core_v_mini_mcu.cpu_subsystem_i.cpu_0_0.rf_ram_i.memory\[561\]\[1\],7.84µm
i_core_v_mini_mcu.cpu_subsystem_i.cpu_1_0.i_servile.arbiter.i_wb_cpu_ibus_adr\[26\],7.84µm
i_core_v_mini_mcu.cpu_subsystem_i.cpu_1_0.rf_ram_i.memory\[31\]\[0\],7.84µm
i_core_v_mini_mcu.cpu_subsystem_i.cpu_1_0.rf_ram_i.memory\[341\]\[0\],7.84µm
i_core_v_mini_mcu.cpu_subsystem_i.cpu_1_0.rf_ram_i.memory\[348\]\[0\],7.84µm
i_core_v_mini_mcu.cpu_subsystem_i.cpu_1_0.rf_ram_i.memory\[511\]\[0\],7.84µm
i_core_v_mini_mcu.memory_subsystem_i.ram0_i.tc_ram_i.sram\[15\]\[12\],7.84µm
i_core_v_mini_mcu.memory_subsystem_i.ram0_i.tc_ram_i.sram\[1\]\[7\],7.84µm
i_core_v_mini_mcu.memory_subsystem_i.ram0_i.tc_ram_i.sram\[23\]\[12\],7.84µm
i_core_v_mini_mcu.memory_subsystem_i.ram0_i.tc_ram_i.sram\[24\]\[23\],7.84µm
i_core_v_mini_mcu.peripheral_subsystem_i.uart_i.uart_core.u_uart_txfifo.gen_normal_fifo.storage\[4\],7.84µm
i_core_v_mini_mcu.memory_subsystem_i.ram0_i.tc_ram_i.sram\[15\]\[5\],7.66µm
_08296_,7.61µm
_04909_,7.56µm
_22650_,7.56µm
_25952_,7.56µm
_05337_,7.43µm
_07948_,7.43µm
_08554_,7.43µm
_18057_,7.43µm
i_core_v_mini_mcu.cpu_subsystem_i.cpu_0_0.rf_ram_i.memory\[447\]\[0\],7.43µm
i_core_v_mini_mcu.cpu_subsystem_i.cpu_1_0.rf_ram_i.memory\[126\]\[1\],7.43µm
i_core_v_mini_mcu.memory_subsystem_i.ram0_i.tc_ram_i.sram\[29\]\[18\],7.43µm
_00967_,7.38µm
_01439_,7.38µm
_02019_,7.38µm
_02371_,7.38µm
_02711_,7.38µm
_02780_,7.38µm
_02811_,7.38µm
_02934_,7.38µm
_03300_,7.38µm
_03319_,7.38µm
_03444_,7.38µm
_03447_,7.38µm
_03530_,7.38µm
_03592_,7.38µm
_03603_,7.38µm
_03613_,7.38µm
_03635_,7.38µm
_04696_,7.38µm
_04732_,7.38µm
_04798_,7.38µm
_04897_,7.38µm
_05655_,7.38µm
_05817_,7.38µm
_06706_,7.38µm
_08038_,7.38µm
_08388_,7.38µm
_08772_,7.38µm
_09077_,7.38µm
_09500_,7.38µm
_10167_,7.38µm
_10404_,7.38µm
_11006_,7.38µm
_11606_,7.38µm
_12607_,7.38µm
_12805_,7.38µm
_12894_,7.38µm
_13028_,7.38µm
_13101_,7.38µm
_13194_,7.38µm
_13196_,7.38µm
_14489_,7.38µm
_14886_,7.38µm
_15269_,7.38µm
_15312_,7.38µm
_15408_,7.38µm
_15410_,7.38µm
_15837_,7.38µm
_15912_,7.38µm
_16108_,7.38µm
_16117_,7.38µm
_16627_,7.38µm
_16656_,7.38µm
_17070_,7.38µm
_17176_,7.38µm
_17378_,7.38µm
_17450_,7.38µm
_17739_,7.38µm
_18541_,7.38µm
_18594_,7.38µm
_18952_,7.38µm
_19699_,7.38µm
_19781_,7.38µm
_20062_,7.38µm
_20951_,7.38µm
_21050_,7.38µm
_21939_,7.38µm
_22040_,7.38µm
_22361_,7.38µm
_22934_,7.38µm
_23031_,7.38µm
_23327_,7.38µm
_23472_,7.38µm
_23502_,7.38µm
_23565_,7.38µm
_23579_,7.38µm
_23697_,7.38µm
_23942_,7.38µm
_24020_,7.38µm
_24387_,7.38µm
_24954_,7.38µm
_25057_,7.38µm
_25093_,7.38µm
_25267_,7.38µm
_25405_,7.38µm
_25891_,7.38µm
_26511_,7.38µm
_26672_,7.38µm
_27870_,7.38µm
_28017_,7.38µm
i_core_v_mini_mcu.ao_peripheral_subsystem_i.power_manager_i.power_manager_sequence_periph_iso_i.sequence_curr_state\[1\],7.38µm
i_core_v_mini_mcu.ao_peripheral_subsystem_i.power_manager_i.reg_to_counter_cpu_powergate_switch_off_i.counter_curr_state\[0\],7.38µm
i_core_v_mini_mcu.ao_peripheral_subsystem_i.power_manager_i.reg_to_counter_cpu_powergate_switch_off_i.counter_curr_state\[2\],7.38µm
i_core_v_mini_mcu.cpu_subsystem_i.cpu_0_0.rf_ram_i.memory\[221\]\[1\],7.38µm
i_core_v_mini_mcu.cpu_subsystem_i.cpu_0_0.rf_ram_i.memory\[54\]\[1\],7.38µm
i_core_v_mini_mcu.cpu_subsystem_i.cpu_1_0.rf_ram_i.memory\[147\]\[1\],7.38µm
i_core_v_mini_mcu.cpu_subsystem_i.cpu_1_0.rf_ram_i.memory\[207\]\[0\],7.38µm
i_core_v_mini_mcu.cpu_subsystem_i.cpu_1_0.rf_ram_i.memory\[210\]\[1\],7.38µm
i_core_v_mini_mcu.cpu_subsystem_i.cpu_1_0.rf_ram_i.memory\[74\]\[0\],7.38µm
i_core_v_mini_mcu.memory_subsystem_i.ram0_i.tc_ram_i.sram\[13\]\[25\],7.38µm
i_core_v_mini_mcu.memory_subsystem_i.ram0_i.tc_ram_i.sram\[14\]\[12\],7.38µm
i_core_v_mini_mcu.memory_subsystem_i.ram0_i.tc_ram_i.sram\[20\]\[8\],7.38µm
i_core_v_mini_mcu.memory_subsystem_i.ram0_i.tc_ram_i.sram\[4\]\[27\],7.38µm
i_core_v_mini_mcu.memory_subsystem_i.ram0_i.tc_ram_i.sram\[5\]\[20\],7.38µm
i_core_v_mini_mcu.memory_subsystem_i.ram0_i.tc_ram_i.sram\[9\]\[22\],7.38µm
_00009_,7.33µm
_00011_,7.33µm
_00162_,7.33µm
_00204_,7.33µm
_00256_,7.33µm
_00393_,7.33µm
_00432_,7.33µm
_00440_,7.33µm
_00453_,7.33µm
_00745_,7.33µm
_00856_,7.33µm
_00909_,7.33µm
_00935_,7.33µm
_00937_,7.33µm
_00953_,7.33µm
_01155_,7.33µm
_01174_,7.33µm
_01189_,7.33µm
_01211_,7.33µm
_01251_,7.33µm
_01273_,7.33µm
_01290_,7.33µm
_01321_,7.33µm
_01414_,7.33µm
_01459_,7.33µm
_01466_,7.33µm
_01470_,7.33µm
_01570_,7.33µm
_01579_,7.33µm
_01584_,7.33µm
_01630_,7.33µm
_01657_,7.33µm
_01952_,7.33µm
_01958_,7.33µm
_01961_,7.33µm
_01980_,7.33µm
_02017_,7.33µm
_02205_,7.33µm
_02258_,7.33µm
_02302_,7.33µm
_02351_,7.33µm
_02367_,7.33µm
_02436_,7.33µm
_02440_,7.33µm
_02455_,7.33µm
_02571_,7.33µm
_02596_,7.33µm
_02645_,7.33µm
_02669_,7.33µm
_02771_,7.33µm
_02849_,7.33µm
_03068_,7.33µm
_03165_,7.33µm
_03468_,7.33µm
_03477_,7.33µm
_03622_,7.33µm
_03831_,7.33µm
_03971_,7.33µm
_03975_,7.33µm
_04099_,7.33µm
_04146_,7.33µm
_04166_,7.33µm
_04236_,7.33µm
_04239_,7.33µm
_04317_,7.33µm
_04325_,7.33µm
_04501_,7.33µm
_04510_,7.33µm
_04534_,7.33µm
_04543_,7.33µm
_04569_,7.33µm
_04693_,7.33µm
_04712_,7.33µm
_04753_,7.33µm
_04800_,7.33µm
_04807_,7.33µm
_04816_,7.33µm
_04826_,7.33µm
_05169_,7.33µm
_05180_,7.33µm
_05196_,7.33µm
_05241_,7.33µm
_05255_,7.33µm
_05371_,7.33µm
_05381_,7.33µm
_05741_,7.33µm
_05747_,7.33µm
_05853_,7.33µm
_06088_,7.33µm
_06124_,7.33µm
_06273_,7.33µm
_06356_,7.33µm
_06660_,7.33µm
_06699_,7.33µm
_06732_,7.33µm
_07027_,7.33µm
_07093_,7.33µm
_07363_,7.33µm
_07512_,7.33µm
_07544_,7.33µm
_07686_,7.33µm
_07699_,7.33µm
_08198_,7.33µm
_08229_,7.33µm
_08433_,7.33µm
_08590_,7.33µm
_09188_,7.33µm
_09250_,7.33µm
_09273_,7.33µm
_09503_,7.33µm
_09530_,7.33µm
_09607_,7.33µm
_09717_,7.33µm
_09917_,7.33µm
_10611_,7.33µm
_10908_,7.33µm
_11113_,7.33µm
_11208_,7.33µm
_11287_,7.33µm
_11333_,7.33µm
_11382_,7.33µm
_11451_,7.33µm
_11459_,7.33µm
_11576_,7.33µm
_11755_,7.33µm
_11927_,7.33µm
_11937_,7.33µm
_11974_,7.33µm
_12143_,7.33µm
_12252_,7.33µm
_12344_,7.33µm
_12364_,7.33µm
_12385_,7.33µm
_12561_,7.33µm
_12685_,7.33µm
_12994_,7.33µm
_13270_,7.33µm
_13398_,7.33µm
_13558_,7.33µm
_13561_,7.33µm
_13644_,7.33µm
_13660_,7.33µm
_13743_,7.33µm
_14337_,7.33µm
_14536_,7.33µm
_14632_,7.33µm
_14647_,7.33µm
_14872_,7.33µm
_14911_,7.33µm
_15003_,7.33µm
_15241_,7.33µm
_15271_,7.33µm
_15497_,7.33µm
_15846_,7.33µm
_15932_,7.33µm
_15943_,7.33µm
_16075_,7.33µm
_16150_,7.33µm
_16380_,7.33µm
_16461_,7.33µm
_16803_,7.33µm
_17108_,7.33µm
_17345_,7.33µm
_17522_,7.33µm
_17908_,7.33µm
_18033_,7.33µm
_18827_,7.33µm
_18845_,7.33µm
_18882_,7.33µm
_19004_,7.33µm
_19181_,7.33µm
_19524_,7.33µm
_19652_,7.33µm
_19701_,7.33µm
_19751_,7.33µm
_19793_,7.33µm
_19860_,7.33µm
_19941_,7.33µm
_19945_,7.33µm
_19978_,7.33µm
_20021_,7.33µm
_20023_,7.33µm
_20067_,7.33µm
_20091_,7.33µm
_20275_,7.33µm
_20496_,7.33µm
_20706_,7.33µm
_20927_,7.33µm
_20967_,7.33µm
_20979_,7.33µm
_21010_,7.33µm
_21103_,7.33µm
_21236_,7.33µm
_21961_,7.33µm
_22058_,7.33µm
_22309_,7.33µm
_22417_,7.33µm
_22681_,7.33µm
_22706_,7.33µm
_23109_,7.33µm
_23297_,7.33µm
_23380_,7.33µm
_23907_,7.33µm
_24010_,7.33µm
_24049_,7.33µm
_24308_,7.33µm
_24327_,7.33µm
_24684_,7.33µm
_24921_,7.33µm
_24961_,7.33µm
_25061_,7.33µm
_25076_,7.33µm
_25132_,7.33µm
_25196_,7.33µm
_25255_,7.33µm
_25378_,7.33µm
_25568_,7.33µm
_25595_,7.33µm
_25654_,7.33µm
_25684_,7.33µm
_25745_,7.33µm
_25793_,7.33µm
_25874_,7.33µm
_26005_,7.33µm
_26128_,7.33µm
_26252_,7.33µm
_26263_,7.33µm
_26302_,7.33µm
_26316_,7.33µm
_26589_,7.33µm
_26627_,7.33µm
_26675_,7.33µm
_26717_,7.33µm
_26765_,7.33µm
_27045_,7.33µm
_27055_,7.33µm
_27300_,7.33µm
_27475_,7.33µm
_27738_,7.33µm
_27958_,7.33µm
_28105_,7.33µm
i_core_v_mini_mcu.ao_peripheral_subsystem_i.obi_fifo_i.consumer_resp_i\[7\],7.33µm
i_core_v_mini_mcu.ao_peripheral_subsystem_i.power_manager_i.power_manager_reg_top_i.u_intr_state.wr_data\[1\],7.33µm
i_core_v_mini_mcu.ao_peripheral_subsystem_i.spi_subsystem_i.obi_spimemio_i.spimemio_i.xfer.dummy_count\[2\],7.33µm
i_core_v_mini_mcu.ao_peripheral_subsystem_i.spi_subsystem_i.obi_spimemio_i.spimemio_i.xfer_io3_90,7.33µm
i_core_v_mini_mcu.cpu_subsystem_i.cpu_0_0.rf_ram_i.memory\[220\]\[1\],7.33µm
i_core_v_mini_mcu.cpu_subsystem_i.cpu_0_0.rf_ram_i.memory\[561\]\[0\],7.33µm
i_core_v_mini_mcu.cpu_subsystem_i.cpu_0_0.rf_ram_i.memory\[570\]\[0\],7.33µm
i_core_v_mini_mcu.cpu_subsystem_i.cpu_1_0.rf_ram_i.memory\[309\]\[1\],7.33µm
i_core_v_mini_mcu.cpu_subsystem_i.cpu_1_0.rf_ram_i.memory\[66\]\[0\],7.33µm
i_core_v_mini_mcu.memory_subsystem_i.ram0_i.tc_ram_i.sram\[29\]\[13\],7.33µm
i_core_v_mini_mcu.memory_subsystem_i.ram0_i.tc_ram_i.sram\[29\]\[27\],7.33µm
i_core_v_mini_mcu.memory_subsystem_i.ram0_i.tc_ram_i.sram\[8\]\[0\],7.33µm
i_core_v_mini_mcu.peripheral_subsystem_i.obi_fifo_i.consumer_data_req\[5\],7.33µm
_00031_,7.28µm
_00105_,7.28µm
_00116_,7.28µm
_00118_,7.28µm
_00136_,7.28µm
_00140_,7.28µm
_00146_,7.28µm
_00178_,7.28µm
_00180_,7.28µm
_00254_,7.28µm
_00287_,7.28µm
_00330_,7.28µm
_00472_,7.28µm
_00509_,7.28µm
_00538_,7.28µm
_00621_,7.28µm
_00648_,7.28µm
_00660_,7.28µm
_00667_,7.28µm
_00700_,7.28µm
_00708_,7.28µm
_00740_,7.28µm
_00769_,7.28µm
_00771_,7.28µm
_00792_,7.28µm
_00800_,7.28µm
_00834_,7.28µm
_00851_,7.28µm
_00978_,7.28µm
_00996_,7.28µm
_01129_,7.28µm
_01145_,7.28µm
_01223_,7.28µm
_01239_,7.28µm
_01318_,7.28µm
_01396_,7.28µm
_01416_,7.28µm
_01490_,7.28µm
_01542_,7.28µm
_01553_,7.28µm
_01617_,7.28µm
_01698_,7.28µm
_01716_,7.28µm
_01724_,7.28µm
_01766_,7.28µm
_01813_,7.28µm
_01848_,7.28µm
_01868_,7.28µm
_01897_,7.28µm
_01955_,7.28µm
_01956_,7.28µm
_01975_,7.28µm
_02000_,7.28µm
_02038_,7.28µm
_02050_,7.28µm
_02097_,7.28µm
_02101_,7.28µm
_02203_,7.28µm
_02241_,7.28µm
_02261_,7.28µm
_02265_,7.28µm
_02305_,7.28µm
_02315_,7.28µm
_02342_,7.28µm
_02344_,7.28µm
_02368_,7.28µm
_02564_,7.28µm
_02616_,7.28µm
_02880_,7.28µm
_02972_,7.28µm
_02994_,7.28µm
_03047_,7.28µm
_03089_,7.28µm
_03139_,7.28µm
_03142_,7.28µm
_03162_,7.28µm
_03200_,7.28µm
_03270_,7.28µm
_03302_,7.28µm
_03321_,7.28µm
_03326_,7.28µm
_03329_,7.28µm
_03462_,7.28µm
_03562_,7.28µm
_03653_,7.28µm
_03694_,7.28µm
_03735_,7.28µm
_03819_,7.28µm
_03826_,7.28µm
_03862_,7.28µm
_03871_,7.28µm
_03878_,7.28µm
_03909_,7.28µm
_03932_,7.28µm
_03941_,7.28µm
_03974_,7.28µm
_03998_,7.28µm
_04012_,7.28µm
_04101_,7.28µm
_04153_,7.28µm
_04164_,7.28µm
_04182_,7.28µm
_04260_,7.28µm
_04310_,7.28µm
_04331_,7.28µm
_04439_,7.28µm
_04441_,7.28µm
_04454_,7.28µm
_04487_,7.28µm
_04488_,7.28µm
_04497_,7.28µm
_04528_,7.28µm
_04544_,7.28µm
_04585_,7.28µm
_04586_,7.28µm
_04598_,7.28µm
_04618_,7.28µm
_04686_,7.28µm
_04789_,7.28µm
_04815_,7.28µm
_04828_,7.28µm
_04895_,7.28µm
_04911_,7.28µm
_04948_,7.28µm
_04976_,7.28µm
_04997_,7.28µm
_05053_,7.28µm
_05084_,7.28µm
_05105_,7.28µm
_05185_,7.28µm
_05266_,7.28µm
_05334_,7.28µm
_05403_,7.28µm
_05405_,7.28µm
_05439_,7.28µm
_05537_,7.28µm
_05624_,7.28µm
_05828_,7.28µm
_05895_,7.28µm
_06028_,7.28µm
_06113_,7.28µm
_06187_,7.28µm
_06309_,7.28µm
_06655_,7.28µm
_06665_,7.28µm
_06670_,7.28µm
_06863_,7.28µm
_06966_,7.28µm
_07085_,7.28µm
_07208_,7.28µm
_07947_,7.28µm
_08031_,7.28µm
_08105_,7.28µm
_08303_,7.28µm
_08330_,7.28µm
_08403_,7.28µm
_08508_,7.28µm
_08514_,7.28µm
_08595_,7.28µm
_08610_,7.28µm
_08618_,7.28µm
_08697_,7.28µm
_08796_,7.28µm
_08869_,7.28µm
_08924_,7.28µm
_08956_,7.28µm
_08985_,7.28µm
_09052_,7.28µm
_09093_,7.28µm
_09117_,7.28µm
_09165_,7.28µm
_09228_,7.28µm
_09343_,7.28µm
_09526_,7.28µm
_09691_,7.28µm
_09696_,7.28µm
_09779_,7.28µm
_09841_,7.28µm
_09902_,7.28µm
_09925_,7.28µm
_09934_,7.28µm
_10183_,7.28µm
_10501_,7.28µm
_10752_,7.28µm
_10915_,7.28µm
_11065_,7.28µm
_11116_,7.28µm
_11153_,7.28µm
_11266_,7.28µm
_11370_,7.28µm
_11443_,7.28µm
_11570_,7.28µm
_11582_,7.28µm
_11626_,7.28µm
_11649_,7.28µm
_11743_,7.28µm
_11852_,7.28µm
_12063_,7.28µm
_12100_,7.28µm
_12120_,7.28µm
_12463_,7.28µm
_12508_,7.28µm
_12516_,7.28µm
_12532_,7.28µm
_12566_,7.28µm
_12588_,7.28µm
_12632_,7.28µm
_12667_,7.28µm
_12673_,7.28µm
_12789_,7.28µm
_12853_,7.28µm
_12879_,7.28µm
_12884_,7.28µm
_12900_,7.28µm
_12930_,7.28µm
_12932_,7.28µm
_13000_,7.28µm
_13001_,7.28µm
_13037_,7.28µm
_13103_,7.28µm
_13108_,7.28µm
_13145_,7.28µm
_13259_,7.28µm
_13319_,7.28µm
_13324_,7.28µm
_13339_,7.28µm
_13367_,7.28µm
_13438_,7.28µm
_13482_,7.28µm
_13513_,7.28µm
_13604_,7.28µm
_13624_,7.28µm
_13706_,7.28µm
_14183_,7.28µm
_14230_,7.28µm
_14450_,7.28µm
_14587_,7.28µm
_14589_,7.28µm
_14734_,7.28µm
_14754_,7.28µm
_14828_,7.28µm
_14884_,7.28µm
_15080_,7.28µm
_15091_,7.28µm
_15145_,7.28µm
_15161_,7.28µm
_15325_,7.28µm
_15499_,7.28µm
_15522_,7.28µm
_15634_,7.28µm
_15662_,7.28µm
_15751_,7.28µm
_15757_,7.28µm
_15761_,7.28µm
_15898_,7.28µm
_15899_,7.28µm
_15962_,7.28µm
_16084_,7.28µm
_16190_,7.28µm
_16212_,7.28µm
_16587_,7.28µm
_16590_,7.28µm
_16598_,7.28µm
_16601_,7.28µm
_16677_,7.28µm
_16769_,7.28µm
_16786_,7.28µm
_16923_,7.28µm
_16959_,7.28µm
_17147_,7.28µm
_17233_,7.28µm
_17242_,7.28µm
_17291_,7.28µm
_17405_,7.28µm
_17413_,7.28µm
_17475_,7.28µm
_17508_,7.28µm
_17569_,7.28µm
_17655_,7.28µm
_17944_,7.28µm
_18056_,7.28µm
_18062_,7.28µm
_18085_,7.28µm
_18109_,7.28µm
_18298_,7.28µm
_18348_,7.28µm
_18585_,7.28µm
_18655_,7.28µm
_18679_,7.28µm
_18696_,7.28µm
_18699_,7.28µm
_18776_,7.28µm
_18792_,7.28µm
_18828_,7.28µm
_19133_,7.28µm
_19143_,7.28µm
_19173_,7.28µm
_19205_,7.28µm
_19368_,7.28µm
_19430_,7.28µm
_19443_,7.28µm
_19472_,7.28µm
_19494_,7.28µm
_19507_,7.28µm
_19577_,7.28µm
_19612_,7.28µm
_19775_,7.28µm
_19804_,7.28µm
_19872_,7.28µm
_19927_,7.28µm
_19967_,7.28µm
_19994_,7.28µm
_19996_,7.28µm
_20054_,7.28µm
_20127_,7.28µm
_20137_,7.28µm
_20181_,7.28µm
_20217_,7.28µm
_20235_,7.28µm
_20276_,7.28µm
_20293_,7.28µm
_20348_,7.28µm
_20413_,7.28µm
_20679_,7.28µm
_20718_,7.28µm
_20730_,7.28µm
_20800_,7.28µm
_20804_,7.28µm
_20807_,7.28µm
_20844_,7.28µm
_20918_,7.28µm
_20965_,7.28µm
_20968_,7.28µm
_20996_,7.28µm
_21003_,7.28µm
_21188_,7.28µm
_21202_,7.28µm
_21224_,7.28µm
_21238_,7.28µm
_21246_,7.28µm
_21407_,7.28µm
_21573_,7.28µm
_21708_,7.28µm
_21718_,7.28µm
_21771_,7.28µm
_22128_,7.28µm
_22161_,7.28µm
_22206_,7.28µm
_22270_,7.28µm
_22353_,7.28µm
_22378_,7.28µm
_22408_,7.28µm
_22410_,7.28µm
_22448_,7.28µm
_22553_,7.28µm
_22597_,7.28µm
_22608_,7.28µm
_22619_,7.28µm
_22663_,7.28µm
_22669_,7.28µm
_22738_,7.28µm
_22892_,7.28µm
_22922_,7.28µm
_22987_,7.28µm
_23024_,7.28µm
_23070_,7.28µm
_23186_,7.28µm
_23200_,7.28µm
_23326_,7.28µm
_23400_,7.28µm
_23533_,7.28µm
_23641_,7.28µm
_23690_,7.28µm
_23902_,7.28µm
_23947_,7.28µm
_24035_,7.28µm
_24040_,7.28µm
_24041_,7.28µm
_24070_,7.28µm
_24109_,7.28µm
_24198_,7.28µm
_24233_,7.28µm
_24236_,7.28µm
_24277_,7.28µm
_24488_,7.28µm
_24553_,7.28µm
_24556_,7.28µm
_24583_,7.28µm
_24617_,7.28µm
_24798_,7.28µm
_24812_,7.28µm
_24988_,7.28µm
_24996_,7.28µm
_25094_,7.28µm
_25122_,7.28µm
_25162_,7.28µm
_25246_,7.28µm
_25319_,7.28µm
_25349_,7.28µm
_25400_,7.28µm
_25407_,7.28µm
_25579_,7.28µm
_25599_,7.28µm
_25631_,7.28µm
_25685_,7.28µm
_25805_,7.28µm
_26082_,7.28µm
_26186_,7.28µm
_26195_,7.28µm
_26232_,7.28µm
_26335_,7.28µm
_26350_,7.28µm
_26493_,7.28µm
_26524_,7.28µm
_26573_,7.28µm
_26580_,7.28µm
_26624_,7.28µm
_26787_,7.28µm
_26821_,7.28µm
_26841_,7.28µm
_26851_,7.28µm
_26903_,7.28µm
_26930_,7.28µm
_26984_,7.28µm
_26985_,7.28µm
_27121_,7.28µm
_27136_,7.28µm
_27151_,7.28µm
_27191_,7.28µm
_27270_,7.28µm
_27453_,7.28µm
_27479_,7.28µm
_27667_,7.28µm
_27672_,7.28µm
_27703_,7.28µm
_27872_,7.28µm
_27929_,7.28µm
_27954_,7.28µm
_27995_,7.28µm
_28119_,7.28µm
i_core_v_mini_mcu.ao_peripheral_subsystem_i.spi_subsystem_i.obi_spimemio_i.obi_to_picorv32_i.obi_resp_o\[10\],7.28µm
i_core_v_mini_mcu.cpu_subsystem_i.cpu_0_0.rf_ram_i.memory\[332\]\[0\],7.28µm
i_core_v_mini_mcu.cpu_subsystem_i.cpu_0_0.rf_ram_i.memory\[482\]\[1\],7.28µm
i_core_v_mini_mcu.cpu_subsystem_i.cpu_0_0.rf_ram_i.memory\[562\]\[0\],7.28µm
i_core_v_mini_mcu.cpu_subsystem_i.cpu_1_0.i_servile.arbiter.i_wb_cpu_ibus_adr\[31\],7.28µm
i_core_v_mini_mcu.cpu_subsystem_i.cpu_1_0.rf_ram_i.memory\[219\]\[0\],7.28µm
i_core_v_mini_mcu.cpu_subsystem_i.cpu_1_0.rf_ram_i.memory\[247\]\[0\],7.28µm
i_core_v_mini_mcu.cpu_subsystem_i.cpu_1_0.rf_ram_i.memory\[364\]\[0\],7.28µm
i_core_v_mini_mcu.cpu_subsystem_i.cpu_1_0.rf_ram_i.memory\[408\]\[0\],7.28µm
i_core_v_mini_mcu.memory_subsystem_i.ram0_i.tc_ram_i.sram\[13\]\[10\],7.28µm
i_core_v_mini_mcu.peripheral_subsystem_i.obi_fifo_i.consumer_data_req\[29\],7.28µm
i_core_v_mini_mcu.peripheral_subsystem_i.uart_i.hw2reg\[3\],7.28µm
i_core_v_mini_mcu.peripheral_subsystem_i.uart_i.u_reg.fifo_ctrl_rxilvl_we,7.28µm
_21975_,7.1µm
_13285_,7µm
i_core_v_mini_mcu.cpu_subsystem_i.cpu_0_0.rf_ram_i.memory\[292\]\[0\],7µm
i_core_v_mini_mcu.memory_subsystem_i.ram0_i.tc_ram_i.sram\[0\]\[30\],7µm
_08594_,6.87µm
_09575_,6.87µm
_16403_,6.87µm
i_core_v_mini_mcu.cpu_subsystem_i.cpu_0_0.i_servile.arbiter.i_wb_cpu_dbus_adr\[19\],6.87µm
i_core_v_mini_mcu.cpu_subsystem_i.cpu_0_0.rf_ram_i.memory\[326\]\[1\],6.87µm
i_core_v_mini_mcu.cpu_subsystem_i.cpu_0_0.rf_ram_i.memory\[435\]\[1\],6.87µm
i_core_v_mini_mcu.cpu_subsystem_i.cpu_1_0.rf_ram_i.memory\[308\]\[1\],6.87µm
i_core_v_mini_mcu.cpu_subsystem_i.cpu_1_0.rf_ram_i.memory\[319\]\[1\],6.87µm
_02641_,6.82µm
_02642_,6.82µm
_04251_,6.82µm
_04302_,6.82µm
_04348_,6.82µm
_04364_,6.82µm
_04432_,6.82µm
_04803_,6.82µm
_04929_,6.82µm
_05507_,6.82µm
_06982_,6.82µm
_07042_,6.82µm
_08120_,6.82µm
_08564_,6.82µm
_08649_,6.82µm
_08980_,6.82µm
_10102_,6.82µm
_10148_,6.82µm
_10206_,6.82µm
_10337_,6.82µm
_10962_,6.82µm
_10995_,6.82µm
_11080_,6.82µm
_11198_,6.82µm
_11364_,6.82µm
_11416_,6.82µm
_11646_,6.82µm
_11663_,6.82µm
_11702_,6.82µm
_11731_,6.82µm
_11907_,6.82µm
_12097_,6.82µm
_12533_,6.82µm
_12586_,6.82µm
_13045_,6.82µm
_13139_,6.82µm
_13185_,6.82µm
_13192_,6.82µm
_13361_,6.82µm
_13368_,6.82µm
_14979_,6.82µm
_15236_,6.82µm
_16255_,6.82µm
_16294_,6.82µm
_16653_,6.82µm
_17228_,6.82µm
_18134_,6.82µm
_18165_,6.82µm
_18419_,6.82µm
_19201_,6.82µm
_19662_,6.82µm
_19704_,6.82µm
_19863_,6.82µm
_19865_,6.82µm
_19881_,6.82µm
_20029_,6.82µm
_20892_,6.82µm
_20980_,6.82µm
_21316_,6.82µm
_21497_,6.82µm
_21558_,6.82µm
_22286_,6.82µm
_22299_,6.82µm
_22746_,6.82µm
_22809_,6.82µm
_23376_,6.82µm
_23838_,6.82µm
_23848_,6.82µm
_23963_,6.82µm
_24404_,6.82µm
_24482_,6.82µm
_25157_,6.82µm
_25299_,6.82µm
_25966_,6.82µm
_26058_,6.82µm
_26329_,6.82µm
_27890_,6.82µm
_27973_,6.82µm
i_core_v_mini_mcu.cpu_subsystem_i.cpu_0_0.i_servile.cpu.ctrl.o_ibus_adr\[4\],6.82µm
i_core_v_mini_mcu.cpu_subsystem_i.cpu_0_0.rf_ram_i.memory\[222\]\[1\],6.82µm
i_core_v_mini_mcu.cpu_subsystem_i.cpu_0_0.rf_ram_i.memory\[379\]\[1\],6.82µm
i_core_v_mini_mcu.memory_subsystem_i.ram0_i.tc_ram_i.sram\[20\]\[1\],6.82µm
i_core_v_mini_mcu.memory_subsystem_i.ram0_i.tc_ram_i.sram\[2\]\[13\],6.82µm
_00006_,6.77µm
_00073_,6.77µm
_00090_,6.77µm
_00148_,6.77µm
_00163_,6.77µm
_00184_,6.77µm
_00195_,6.77µm
_00306_,6.77µm
_00316_,6.77µm
_00348_,6.77µm
_00460_,6.77µm
_00637_,6.77µm
_00653_,6.77µm
_00691_,6.77µm
_00754_,6.77µm
_00780_,6.77µm
_00808_,6.77µm
_00858_,6.77µm
_00914_,6.77µm
_00931_,6.77µm
_00955_,6.77µm
_01055_,6.77µm
_01071_,6.77µm
_01086_,6.77µm
_01105_,6.77µm
_01112_,6.77µm
_01113_,6.77µm
_01127_,6.77µm
_01150_,6.77µm
_01250_,6.77µm
_01386_,6.77µm
_01393_,6.77µm
_01403_,6.77µm
_01495_,6.77µm
_01512_,6.77µm
_01517_,6.77µm
_01689_,6.77µm
_01753_,6.77µm
_01762_,6.77µm
_01768_,6.77µm
_01842_,6.77µm
_01861_,6.77µm
_01865_,6.77µm
_01945_,6.77µm
_01973_,6.77µm
_02004_,6.77µm
_02028_,6.77µm
_02043_,6.77µm
_02044_,6.77µm
_02088_,6.77µm
_02148_,6.77µm
_02251_,6.77µm
_02299_,6.77µm
_02324_,6.77µm
_02328_,6.77µm
_02405_,6.77µm
_02505_,6.77µm
_02538_,6.77µm
_02622_,6.77µm
_02636_,6.77µm
_02877_,6.77µm
_03017_,6.77µm
_03129_,6.77µm
_03177_,6.77µm
_03220_,6.77µm
_03429_,6.77µm
_03475_,6.77µm
_04104_,6.77µm
_04106_,6.77µm
_04189_,6.77µm
_04212_,6.77µm
_04248_,6.77µm
_04290_,6.77µm
_04359_,6.77µm
_04411_,6.77µm
_04429_,6.77µm
_04545_,6.77µm
_04557_,6.77µm
_04573_,6.77µm
_04577_,6.77µm
_04588_,6.77µm
_04739_,6.77µm
_04777_,6.77µm
_04786_,6.77µm
_04790_,6.77µm
_04891_,6.77µm
_05070_,6.77µm
_05108_,6.77µm
_05128_,6.77µm
_05157_,6.77µm
_05192_,6.77µm
_05239_,6.77µm
_05252_,6.77µm
_05311_,6.77µm
_05338_,6.77µm
_05483_,6.77µm
_05577_,6.77µm
_05725_,6.77µm
_06037_,6.77µm
_06214_,6.77µm
_06260_,6.77µm
_06656_,6.77µm
_06714_,6.77µm
_07445_,6.77µm
_07575_,6.77µm
_07592_,6.77µm
_07617_,6.77µm
_07643_,6.77µm
_07758_,6.77µm
_07905_,6.77µm
_08067_,6.77µm
_08146_,6.77µm
_08660_,6.77µm
_08675_,6.77µm
_08790_,6.77µm
_09024_,6.77µm
_09246_,6.77µm
_09440_,6.77µm
_10452_,6.77µm
_10622_,6.77µm
_10674_,6.77µm
_10750_,6.77µm
_10861_,6.77µm
_11015_,6.77µm
_11060_,6.77µm
_11301_,6.77µm
_11573_,6.77µm
_11629_,6.77µm
_11631_,6.77µm
_11726_,6.77µm
_11730_,6.77µm
_11906_,6.77µm
_11931_,6.77µm
_12086_,6.77µm
_12243_,6.77µm
_12542_,6.77µm
_12618_,6.77µm
_12826_,6.77µm
_12835_,6.77µm
_12838_,6.77µm
_12963_,6.77µm
_12968_,6.77µm
_12978_,6.77µm
_13163_,6.77µm
_13499_,6.77µm
_13595_,6.77µm
_13729_,6.77µm
_13826_,6.77µm
_14355_,6.77µm
_14641_,6.77µm
_15478_,6.77µm
_15692_,6.77µm
_15822_,6.77µm
_15867_,6.77µm
_16152_,6.77µm
_16156_,6.77µm
_16202_,6.77µm
_16426_,6.77µm
_16454_,6.77µm
_16506_,6.77µm
_16893_,6.77µm
_17057_,6.77µm
_17305_,6.77µm
_17506_,6.77µm
_17791_,6.77µm
_17849_,6.77µm
_17933_,6.77µm
_18226_,6.77µm
_18236_,6.77µm
_18275_,6.77µm
_18370_,6.77µm
_18530_,6.77µm
_18544_,6.77µm
_18683_,6.77µm
_18972_,6.77µm
_19266_,6.77µm
_19608_,6.77µm
_19770_,6.77µm
_19806_,6.77µm
_19844_,6.77µm
_20146_,6.77µm
_20237_,6.77µm
_20262_,6.77µm
_20700_,6.77µm
_20847_,6.77µm
_20914_,6.77µm
_20922_,6.77µm
_20992_,6.77µm
_21258_,6.77µm
_21505_,6.77µm
_21817_,6.77µm
_21894_,6.77µm
_21938_,6.77µm
_21996_,6.77µm
_22000_,6.77µm
_22181_,6.77µm
_22194_,6.77µm
_22259_,6.77µm
_22277_,6.77µm
_22359_,6.77µm
_22468_,6.77µm
_22605_,6.77µm
_22688_,6.77µm
_22703_,6.77µm
_22887_,6.77µm
_23033_,6.77µm
_23217_,6.77µm
_23233_,6.77µm
_23294_,6.77µm
_23344_,6.77µm
_23625_,6.77µm
_23694_,6.77µm
_24376_,6.77µm
_24382_,6.77µm
_24632_,6.77µm
_24828_,6.77µm
_24906_,6.77µm
_24969_,6.77µm
_25106_,6.77µm
_25195_,6.77µm
_25385_,6.77µm
_25895_,6.77µm
_25940_,6.77µm
_26156_,6.77µm
_26162_,6.77µm
_26223_,6.77µm
_26324_,6.77µm
_26349_,6.77µm
_26437_,6.77µm
_26478_,6.77µm
_26649_,6.77µm
_26653_,6.77µm
_26658_,6.77µm
_26786_,6.77µm
_26854_,6.77µm
_26971_,6.77µm
_26977_,6.77µm
_27031_,6.77µm
_27080_,6.77µm
_27107_,6.77µm
_27213_,6.77µm
_27262_,6.77µm
_27441_,6.77µm
_27697_,6.77µm
_27810_,6.77µm
i_core_v_mini_mcu.cpu_subsystem_i.cpu_0_0.rf_ram_i.memory\[438\]\[1\],6.77µm
i_core_v_mini_mcu.cpu_subsystem_i.cpu_1_0.i_servile.cpu.alu.i_rd_sel\[0\],6.77µm
i_core_v_mini_mcu.cpu_subsystem_i.cpu_1_0.rf_ram_i.memory\[114\]\[0\],6.77µm
i_core_v_mini_mcu.memory_subsystem_i.ram0_i.tc_ram_i.sram\[19\]\[5\],6.77µm
i_core_v_mini_mcu.memory_subsystem_i.ram0_i.tc_ram_i.sram\[23\]\[2\],6.77µm
i_core_v_mini_mcu.memory_subsystem_i.ram0_i.tc_ram_i.sram\[31\]\[28\],6.77µm
i_core_v_mini_mcu.peripheral_subsystem_i.obi_fifo_i.consumer_data_req\[17\],6.77µm
i_core_v_mini_mcu.peripheral_subsystem_i.obi_fifo_i.consumer_data_req\[21\],6.77µm
i_core_v_mini_mcu.system_bus_i.system_xbar_i.gen_xbar_NtoM.i_xbar.gen_outputs\[5\].gen_rr_arb_tree.i_rr_arb_tree.gen_arbiter.rr_q\[2\],6.77µm
net1088,6.77µm
_00043_,6.72µm
_00051_,6.72µm
_00081_,6.72µm
_00130_,6.72µm
_00172_,6.72µm
_00273_,6.72µm
_00382_,6.72µm
_00497_,6.72µm
_00556_,6.72µm
_00574_,6.72µm
_00613_,6.72µm
_00618_,6.72µm
_00636_,6.72µm
_00641_,6.72µm
_00674_,6.72µm
_00683_,6.72µm
_00758_,6.72µm
_00797_,6.72µm
_00845_,6.72µm
_00862_,6.72µm
_00869_,6.72µm
_00878_,6.72µm
_00890_,6.72µm
_00894_,6.72µm
_00905_,6.72µm
_00951_,6.72µm
_00952_,6.72µm
_00958_,6.72µm
_00976_,6.72µm
_01022_,6.72µm
_01040_,6.72µm
_01066_,6.72µm
_01092_,6.72µm
_01138_,6.72µm
_01156_,6.72µm
_01180_,6.72µm
_01209_,6.72µm
_01309_,6.72µm
_01317_,6.72µm
_01322_,6.72µm
_01340_,6.72µm
_01346_,6.72µm
_01360_,6.72µm
_01492_,6.72µm
_01534_,6.72µm
_01552_,6.72µm
_01554_,6.72µm
_01600_,6.72µm
_01604_,6.72µm
_01609_,6.72µm
_01618_,6.72µm
_01708_,6.72µm
_01764_,6.72µm
_01771_,6.72µm
_01874_,6.72µm
_01963_,6.72µm
_01970_,6.72µm
_02029_,6.72µm
_02053_,6.72µm
_02056_,6.72µm
_02090_,6.72µm
_02137_,6.72µm
_02150_,6.72µm
_02151_,6.72µm
_02157_,6.72µm
_02172_,6.72µm
_02187_,6.72µm
_02276_,6.72µm
_02285_,6.72µm
_02289_,6.72µm
_02313_,6.72µm
_02340_,6.72µm
_02395_,6.72µm
_02434_,6.72µm
_02448_,6.72µm
_02578_,6.72µm
_02662_,6.72µm
_02673_,6.72µm
_02735_,6.72µm
_02741_,6.72µm
_02772_,6.72µm
_02781_,6.72µm
_02785_,6.72µm
_02786_,6.72µm
_02814_,6.72µm
_02843_,6.72µm
_02859_,6.72µm
_02862_,6.72µm
_02899_,6.72µm
_02939_,6.72µm
_02943_,6.72µm
_02959_,6.72µm
_02979_,6.72µm
_02983_,6.72µm
_03014_,6.72µm
_03024_,6.72µm
_03037_,6.72µm
_03038_,6.72µm
_03041_,6.72µm
_03043_,6.72µm
_03078_,6.72µm
_03085_,6.72µm
_03095_,6.72µm
_03127_,6.72µm
_03157_,6.72µm
_03170_,6.72µm
_03186_,6.72µm
_03215_,6.72µm
_03221_,6.72µm
_03239_,6.72µm
_03251_,6.72µm
_03254_,6.72µm
_03260_,6.72µm
_03295_,6.72µm
_03299_,6.72µm
_03332_,6.72µm
_03340_,6.72µm
_03345_,6.72µm
_03366_,6.72µm
_03382_,6.72µm
_03393_,6.72µm
_03398_,6.72µm
_03402_,6.72µm
_03411_,6.72µm
_03415_,6.72µm
_03419_,6.72µm
_03421_,6.72µm
_03466_,6.72µm
_03473_,6.72µm
_03474_,6.72µm
_03486_,6.72µm
_03493_,6.72µm
_03500_,6.72µm
_03509_,6.72µm
_03510_,6.72µm
_03513_,6.72µm
_03531_,6.72µm
_03541_,6.72µm
_03542_,6.72µm
_03564_,6.72µm
_03582_,6.72µm
_03631_,6.72µm
_03632_,6.72µm
_03658_,6.72µm
_03759_,6.72µm
_03804_,6.72µm
_03889_,6.72µm
_03898_,6.72µm
_03921_,6.72µm
_03950_,6.72µm
_03982_,6.72µm
_04013_,6.72µm
_04031_,6.72µm
_04049_,6.72µm
_04051_,6.72µm
_04070_,6.72µm
_04161_,6.72µm
_04178_,6.72µm
_04218_,6.72µm
_04275_,6.72µm
_04358_,6.72µm
_04405_,6.72µm
_04421_,6.72µm
_04433_,6.72µm
_04490_,6.72µm
_04549_,6.72µm
_04582_,6.72µm
_04612_,6.72µm
_04759_,6.72µm
_04831_,6.72µm
_04841_,6.72µm
_04848_,6.72µm
_04862_,6.72µm
_04927_,6.72µm
_04941_,6.72µm
_04942_,6.72µm
_04946_,6.72µm
_04981_,6.72µm
_04993_,6.72µm
_05026_,6.72µm
_05040_,6.72µm
_05043_,6.72µm
_05044_,6.72µm
_05047_,6.72µm
_05050_,6.72µm
_05059_,6.72µm
_05077_,6.72µm
_05080_,6.72µm
_05140_,6.72µm
_05175_,6.72µm
_05201_,6.72µm
_05219_,6.72µm
_05321_,6.72µm
_05332_,6.72µm
_05357_,6.72µm
_05468_,6.72µm
_05509_,6.72µm
_05561_,6.72µm
_05591_,6.72µm
_05683_,6.72µm
_05847_,6.72µm
_05969_,6.72µm
_06069_,6.72µm
_06118_,6.72µm
_06143_,6.72µm
_06231_,6.72µm
_06232_,6.72µm
_06395_,6.72µm
_06509_,6.72µm
_06947_,6.72µm
_06948_,6.72µm
_06950_,6.72µm
_07061_,6.72µm
_07113_,6.72µm
_07513_,6.72µm
_07644_,6.72µm
_07673_,6.72µm
_07694_,6.72µm
_07912_,6.72µm
_07965_,6.72µm
_08061_,6.72µm
_08098_,6.72µm
_08212_,6.72µm
_08451_,6.72µm
_08460_,6.72µm
_08484_,6.72µm
_08587_,6.72µm
_08624_,6.72µm
_08874_,6.72µm
_08928_,6.72µm
_08966_,6.72µm
_09014_,6.72µm
_09179_,6.72µm
_09277_,6.72µm
_09403_,6.72µm
_09702_,6.72µm
_09850_,6.72µm
_10066_,6.72µm
_10115_,6.72µm
_10312_,6.72µm
_10327_,6.72µm
_10449_,6.72µm
_10631_,6.72µm
_10664_,6.72µm
_10845_,6.72µm
_10875_,6.72µm
_10935_,6.72µm
_11047_,6.72µm
_11108_,6.72µm
_11217_,6.72µm
_11265_,6.72µm
_11273_,6.72µm
_11281_,6.72µm
_11302_,6.72µm
_11309_,6.72µm
_11332_,6.72µm
_11358_,6.72µm
_11365_,6.72µm
_11415_,6.72µm
_11420_,6.72µm
_11592_,6.72µm
_11630_,6.72µm
_11711_,6.72µm
_11837_,6.72µm
_11888_,6.72µm
_11895_,6.72µm
_12167_,6.72µm
_12169_,6.72µm
_12235_,6.72µm
_12261_,6.72µm
_12281_,6.72µm
_12298_,6.72µm
_12305_,6.72µm
_12306_,6.72µm
_12351_,6.72µm
_12394_,6.72µm
_12505_,6.72µm
_12626_,6.72µm
_12747_,6.72µm
_12837_,6.72µm
_12920_,6.72µm
_12998_,6.72µm
_12999_,6.72µm
_13073_,6.72µm
_13223_,6.72µm
_13233_,6.72µm
_13377_,6.72µm
_13386_,6.72µm
_13415_,6.72µm
_13456_,6.72µm
_13562_,6.72µm
_13669_,6.72µm
_13872_,6.72µm
_13950_,6.72µm
_14226_,6.72µm
_14675_,6.72µm
_14745_,6.72µm
_14875_,6.72µm
_14988_,6.72µm
_15060_,6.72µm
_15109_,6.72µm
_15151_,6.72µm
_15250_,6.72µm
_15273_,6.72µm
_15279_,6.72µm
_15359_,6.72µm
_15390_,6.72µm
_15431_,6.72µm
_15467_,6.72µm
_15586_,6.72µm
_15606_,6.72µm
_15785_,6.72µm
_15793_,6.72µm
_15796_,6.72µm
_15824_,6.72µm
_15825_,6.72µm
_15986_,6.72µm
_16132_,6.72µm
_16141_,6.72µm
_16265_,6.72µm
_16421_,6.72µm
_16464_,6.72µm
_16472_,6.72µm
_16641_,6.72µm
_16792_,6.72µm
_16848_,6.72µm
_16908_,6.72µm
_16998_,6.72µm
_17022_,6.72µm
_17079_,6.72µm
_17194_,6.72µm
_17587_,6.72µm
_17620_,6.72µm
_17639_,6.72µm
_17679_,6.72µm
_17764_,6.72µm
_17788_,6.72µm
_18036_,6.72µm
_18039_,6.72µm
_18071_,6.72µm
_18102_,6.72µm
_18119_,6.72µm
_18140_,6.72µm
_18144_,6.72µm
_18170_,6.72µm
_18375_,6.72µm
_18443_,6.72µm
_18445_,6.72µm
_18447_,6.72µm
_18573_,6.72µm
_18575_,6.72µm
_18579_,6.72µm
_18587_,6.72µm
_18588_,6.72µm
_18595_,6.72µm
_18611_,6.72µm
_18630_,6.72µm
_18681_,6.72µm
_18692_,6.72µm
_18697_,6.72µm
_18702_,6.72µm
_18733_,6.72µm
_18754_,6.72µm
_18794_,6.72µm
_18806_,6.72µm
_18818_,6.72µm
_18832_,6.72µm
_18849_,6.72µm
_18850_,6.72µm
_18861_,6.72µm
_18876_,6.72µm
_18883_,6.72µm
_18930_,6.72µm
_18936_,6.72µm
_19045_,6.72µm
_19053_,6.72µm
_19054_,6.72µm
_19148_,6.72µm
_19157_,6.72µm
_19226_,6.72µm
_19232_,6.72µm
_19233_,6.72µm
_19250_,6.72µm
_19273_,6.72µm
_19274_,6.72µm
_19276_,6.72µm
_19322_,6.72µm
_19422_,6.72µm
_19432_,6.72µm
_19502_,6.72µm
_19544_,6.72µm
_19585_,6.72µm
_19596_,6.72µm
_19609_,6.72µm
_19621_,6.72µm
_19640_,6.72µm
_19647_,6.72µm
_19653_,6.72µm
_19658_,6.72µm
_19674_,6.72µm
_19682_,6.72µm
_19761_,6.72µm
_19796_,6.72µm
_19868_,6.72µm
_19914_,6.72µm
_19922_,6.72µm
_20014_,6.72µm
_20069_,6.72µm
_20099_,6.72µm
_20128_,6.72µm
_20144_,6.72µm
_20209_,6.72µm
_20283_,6.72µm
_20467_,6.72µm
_20613_,6.72µm
_20625_,6.72µm
_20705_,6.72µm
_20806_,6.72µm
_20845_,6.72µm
_20904_,6.72µm
_20950_,6.72µm
_20956_,6.72µm
_21098_,6.72µm
_21274_,6.72µm
_21322_,6.72µm
_21340_,6.72µm
_21365_,6.72µm
_21392_,6.72µm
_21399_,6.72µm
_21425_,6.72µm
_21550_,6.72µm
_21556_,6.72µm
_21570_,6.72µm
_21697_,6.72µm
_21705_,6.72µm
_21740_,6.72µm
_21776_,6.72µm
_21818_,6.72µm
_21900_,6.72µm
_21984_,6.72µm
_21987_,6.72µm
_22021_,6.72µm
_22023_,6.72µm
_22067_,6.72µm
_22084_,6.72µm
_22170_,6.72µm
_22203_,6.72µm
_22252_,6.72µm
_22357_,6.72µm
_22381_,6.72µm
_22487_,6.72µm
_22543_,6.72µm
_22548_,6.72µm
_22549_,6.72µm
_22624_,6.72µm
_22639_,6.72µm
_22696_,6.72µm
_22704_,6.72µm
_22778_,6.72µm
_22848_,6.72µm
_22882_,6.72µm
_22889_,6.72µm
_22924_,6.72µm
_22947_,6.72µm
_22964_,6.72µm
_23026_,6.72µm
_23111_,6.72µm
_23255_,6.72µm
_23321_,6.72µm
_23624_,6.72µm
_23670_,6.72µm
_23870_,6.72µm
_23914_,6.72µm
_23938_,6.72µm
_24102_,6.72µm
_24180_,6.72µm
_24263_,6.72µm
_24304_,6.72µm
_24369_,6.72µm
_24373_,6.72µm
_24398_,6.72µm
_24670_,6.72µm
_24742_,6.72µm
_24849_,6.72µm
_24885_,6.72µm
_25104_,6.72µm
_25163_,6.72µm
_25250_,6.72µm
_25597_,6.72µm
_25638_,6.72µm
_25672_,6.72µm
_25701_,6.72µm
_25816_,6.72µm
_25857_,6.72µm
_25864_,6.72µm
_26040_,6.72µm
_26077_,6.72µm
_26149_,6.72µm
_26179_,6.72µm
_26215_,6.72µm
_26468_,6.72µm
_26651_,6.72µm
_26774_,6.72µm
_26890_,6.72µm
_26923_,6.72µm
_26978_,6.72µm
_26999_,6.72µm
_27065_,6.72µm
_27122_,6.72µm
_27126_,6.72µm
_27442_,6.72µm
_27482_,6.72µm
_27515_,6.72µm
_27518_,6.72µm
_27571_,6.72µm
_27680_,6.72µm
_27685_,6.72µm
_27690_,6.72µm
_27855_,6.72µm
_27918_,6.72µm
_27949_,6.72µm
_28008_,6.72µm
i_core_v_mini_mcu.ao_peripheral_subsystem_i.obi_fifo_i.consumer_resp_i\[20\],6.72µm
i_core_v_mini_mcu.ao_peripheral_subsystem_i.power_manager_i.power_manager_reg_top_i.cpu_reset_assert_counter_qs\[13\],6.72µm
i_core_v_mini_mcu.ao_peripheral_subsystem_i.spi_subsystem_i.obi_spimemio_i.spimemio_i.xfer.obuffer\[5\],6.72µm
i_core_v_mini_mcu.ao_peripheral_subsystem_i.tdu_i.cpi_est_q\[13\],6.72µm
i_core_v_mini_mcu.cpu_subsystem_i.cpu_0_0.i_servile.cpu.gen_csr.csr.mcause31,6.72µm
i_core_v_mini_mcu.cpu_subsystem_i.cpu_1_0.i_servile.cpu.ctrl.i_jump,6.72µm
i_core_v_mini_mcu.cpu_subsystem_i.cpu_1_0.rf_ram_i.memory\[236\]\[1\],6.72µm
i_core_v_mini_mcu.cpu_subsystem_i.cpu_1_0.rf_ram_i.memory\[368\]\[1\],6.72µm
i_core_v_mini_mcu.cpu_subsystem_i.cpu_1_0.rf_ram_i.memory\[434\]\[0\],6.72µm
i_core_v_mini_mcu.cpu_subsystem_i.cpu_1_0.rf_ram_i.memory\[436\]\[1\],6.72µm
i_core_v_mini_mcu.cpu_subsystem_i.cpu_1_0.rf_ram_i.memory\[97\]\[0\],6.72µm
i_core_v_mini_mcu.cpu_subsystem_i.cpu_1_0.rf_ram_i.regzero,6.72µm
i_core_v_mini_mcu.memory_subsystem_i.ram0_i.tc_ram_i.sram\[0\]\[2\],6.72µm
i_core_v_mini_mcu.memory_subsystem_i.ram0_i.tc_ram_i.sram\[15\]\[20\],6.72µm
i_core_v_mini_mcu.memory_subsystem_i.ram0_i.tc_ram_i.sram\[22\]\[16\],6.72µm
i_core_v_mini_mcu.memory_subsystem_i.ram0_i.tc_ram_i.sram\[9\]\[2\],6.72µm
i_core_v_mini_mcu.memory_subsystem_i.ram0_i.tc_ram_i.sram\[9\]\[4\],6.54µm
_06144_,6.49µm
_19960_,6.49µm
i_core_v_mini_mcu.cpu_subsystem_i.cpu_0_0.rf_ram_i.memory\[323\]\[0\],6.49µm
_11139_,6.44µm
_26740_,6.44µm
_00651_,6.31µm
_01832_,6.31µm
_10232_,6.31µm
_20002_,6.31µm
i_core_v_mini_mcu.cpu_subsystem_i.cpu_0_0.rf_ram_i.memory\[479\]\[0\],6.31µm
_00122_,6.26µm
_00147_,6.26µm
_00216_,6.26µm
_01356_,6.26µm
_04700_,6.26µm
_04725_,6.26µm
_04837_,6.26µm
_05167_,6.26µm
_05232_,6.26µm
_05257_,6.26µm
_05267_,6.26µm
_05291_,6.26µm
_05315_,6.26µm
_05651_,6.26µm
_05834_,6.26µm
_05882_,6.26µm
_05897_,6.26µm
_06058_,6.26µm
_06062_,6.26µm
_06159_,6.26µm
_06308_,6.26µm
_06871_,6.26µm
_07045_,6.26µm
_07335_,6.26µm
_07391_,6.26µm
_07457_,6.26µm
_07944_,6.26µm
_08150_,6.26µm
_08225_,6.26µm
_08385_,6.26µm
_09287_,6.26µm
_10884_,6.26µm
_10921_,6.26µm
_11255_,6.26µm
_11622_,6.26µm
_11669_,6.26µm
_11682_,6.26µm
_11704_,6.26µm
_11712_,6.26µm
_11904_,6.26µm
_12042_,6.26µm
_12413_,6.26µm
_12583_,6.26µm
_12983_,6.26µm
_13168_,6.26µm
_13321_,6.26µm
_14509_,6.26µm
_14769_,6.26µm
_14859_,6.26µm
_15893_,6.26µm
_16618_,6.26µm
_17006_,6.26µm
_17339_,6.26µm
_18015_,6.26µm
_18097_,6.26µm
_18284_,6.26µm
_18415_,6.26µm
_18524_,6.26µm
_18868_,6.26µm
_18869_,6.26µm
_19271_,6.26µm
_19473_,6.26µm
_19488_,6.26µm
_19556_,6.26µm
_20197_,6.26µm
_20317_,6.26µm
_20837_,6.26µm
_20924_,6.26µm
_20946_,6.26µm
_21350_,6.26µm
_21600_,6.26µm
_21754_,6.26µm
_21772_,6.26µm
_21985_,6.26µm
_22107_,6.26µm
_22160_,6.26µm
_22316_,6.26µm
_22352_,6.26µm
_22583_,6.26µm
_22644_,6.26µm
_23252_,6.26µm
_23319_,6.26µm
_24076_,6.26µm
_24120_,6.26µm
_24446_,6.26µm
_24592_,6.26µm
_24686_,6.26µm
_25026_,6.26µm
_25342_,6.26µm
_25368_,6.26µm
_25512_,6.26µm
_25972_,6.26µm
_26042_,6.26µm
_26295_,6.26µm
_27108_,6.26µm
_27265_,6.26µm
_27627_,6.26µm
_27639_,6.26µm
_27713_,6.26µm
_27778_,6.26µm
i_core_v_mini_mcu.cpu_subsystem_i.cpu_0_0.rf_ram_i.memory\[468\]\[1\],6.26µm
i_core_v_mini_mcu.memory_subsystem_i.ram0_i.tc_ram_i.sram\[20\]\[3\],6.26µm
i_core_v_mini_mcu.memory_subsystem_i.ram0_i.tc_ram_i.sram\[28\]\[31\],6.26µm
i_core_v_mini_mcu.memory_subsystem_i.ram0_i.tc_ram_i.sram\[29\]\[23\],6.26µm
i_core_v_mini_mcu.peripheral_subsystem_i.uart_i.uart_core.rx_timeout_count_q\[5\],6.26µm
_03997_,6.22µm
_00021_,6.21µm
_00054_,6.21µm
_00164_,6.21µm
_00288_,6.21µm
_00295_,6.21µm
_00319_,6.21µm
_00415_,6.21µm
_00434_,6.21µm
_00507_,6.21µm
_00512_,6.21µm
_00530_,6.21µm
_00562_,6.21µm
_00577_,6.21µm
_00588_,6.21µm
_00646_,6.21µm
_00665_,6.21µm
_00762_,6.21µm
_00775_,6.21µm
_00778_,6.21µm
_00798_,6.21µm
_00803_,6.21µm
_00831_,6.21µm
_00906_,6.21µm
_01024_,6.21µm
_01032_,6.21µm
_01039_,6.21µm
_01059_,6.21µm
_01173_,6.21µm
_01255_,6.21µm
_01283_,6.21µm
_01288_,6.21µm
_01373_,6.21µm
_01378_,6.21µm
_01427_,6.21µm
_01465_,6.21µm
_01569_,6.21µm
_01660_,6.21µm
_01668_,6.21µm
_01680_,6.21µm
_01695_,6.21µm
_01718_,6.21µm
_01729_,6.21µm
_01765_,6.21µm
_01772_,6.21µm
_01838_,6.21µm
_01839_,6.21µm
_01869_,6.21µm
_01886_,6.21µm
_01909_,6.21µm
_01966_,6.21µm
_01988_,6.21µm
_02035_,6.21µm
_02066_,6.21µm
_02081_,6.21µm
_02131_,6.21µm
_02133_,6.21µm
_02171_,6.21µm
_02173_,6.21µm
_02194_,6.21µm
_02230_,6.21µm
_02257_,6.21µm
_02263_,6.21µm
_02268_,6.21µm
_02346_,6.21µm
_02362_,6.21µm
_02403_,6.21µm
_02507_,6.21µm
_02526_,6.21µm
_02554_,6.21µm
_02637_,6.21µm
_02676_,6.21µm
_02740_,6.21µm
_02935_,6.21µm
_03237_,6.21µm
_03246_,6.21µm
_03324_,6.21µm
_03434_,6.21µm
_03439_,6.21µm
_03618_,6.21µm
_03696_,6.21µm
_03698_,6.21µm
_03817_,6.21µm
_03895_,6.21µm
_03931_,6.21µm
_03944_,6.21µm
_03991_,6.21µm
_04034_,6.21µm
_04050_,6.21µm
_04064_,6.21µm
_04149_,6.21µm
_04219_,6.21µm
_04237_,6.21µm
_04238_,6.21µm
_04269_,6.21µm
_04387_,6.21µm
_04390_,6.21µm
_04410_,6.21µm
_04425_,6.21µm
_04437_,6.21µm
_04448_,6.21µm
_04473_,6.21µm
_04474_,6.21µm
_04499_,6.21µm
_04523_,6.21µm
_04525_,6.21µm
_04706_,6.21µm
_04785_,6.21µm
_04806_,6.21µm
_04864_,6.21µm
_04957_,6.21µm
_04958_,6.21µm
_05001_,6.21µm
_05015_,6.21µm
_05063_,6.21µm
_05082_,6.21µm
_05118_,6.21µm
_05172_,6.21µm
_05299_,6.21µm
_05479_,6.21µm
_05564_,6.21µm
_05585_,6.21µm
_05658_,6.21µm
_05681_,6.21µm
_05880_,6.21µm
_05893_,6.21µm
_06328_,6.21µm
_06506_,6.21µm
_06546_,6.21µm
_06845_,6.21µm
_07502_,6.21µm
_07518_,6.21µm
_07648_,6.21µm
_08068_,6.21µm
_08191_,6.21µm
_08258_,6.21µm
_08357_,6.21µm
_08368_,6.21µm
_08377_,6.21µm
_08431_,6.21µm
_08613_,6.21µm
_08757_,6.21µm
_08769_,6.21µm
_08785_,6.21µm
_08835_,6.21µm
_09428_,6.21µm
_09436_,6.21µm
_10098_,6.21µm
_10485_,6.21µm
_10646_,6.21µm
_10748_,6.21µm
_10839_,6.21µm
_10955_,6.21µm
_11023_,6.21µm
_11135_,6.21µm
_11138_,6.21µm
_11186_,6.21µm
_11804_,6.21µm
_11813_,6.21µm
_11817_,6.21µm
_11853_,6.21µm
_11908_,6.21µm
_11981_,6.21µm
_12024_,6.21µm
_12050_,6.21µm
_12123_,6.21µm
_12256_,6.21µm
_12466_,6.21µm
_12649_,6.21µm
_12668_,6.21µm
_12797_,6.21µm
_12873_,6.21µm
_12959_,6.21µm
_12995_,6.21µm
_13057_,6.21µm
_13235_,6.21µm
_13286_,6.21µm
_13376_,6.21µm
_13545_,6.21µm
_13632_,6.21µm
_14299_,6.21µm
_14532_,6.21µm
_14681_,6.21µm
_15107_,6.21µm
_15435_,6.21µm
_15803_,6.21µm
_16324_,6.21µm
_16398_,6.21µm
_16560_,6.21µm
_16768_,6.21µm
_16771_,6.21µm
_16931_,6.21µm
_17062_,6.21µm
_17138_,6.21µm
_17302_,6.21µm
_17323_,6.21µm
_17334_,6.21µm
_17359_,6.21µm
_17454_,6.21µm
_17488_,6.21µm
_17523_,6.21µm
_17636_,6.21µm
_17783_,6.21µm
_17811_,6.21µm
_17821_,6.21µm
_18330_,6.21µm
_18491_,6.21µm
_18586_,6.21µm
_18635_,6.21µm
_18751_,6.21µm
_19044_,6.21µm
_19069_,6.21µm
_19131_,6.21µm
_19150_,6.21µm
_19235_,6.21µm
_19681_,6.21µm
_19783_,6.21µm
_19883_,6.21µm
_20093_,6.21µm
_20115_,6.21µm
_20129_,6.21µm
_20232_,6.21µm
_20574_,6.21µm
_20692_,6.21µm
_20723_,6.21µm
_21154_,6.21µm
_21299_,6.21µm
_21308_,6.21µm
_21328_,6.21µm
_21366_,6.21µm
_21508_,6.21µm
_21585_,6.21µm
_21667_,6.21µm
_21719_,6.21µm
_22045_,6.21µm
_22109_,6.21µm
_22253_,6.21µm
_22295_,6.21µm
_22388_,6.21µm
_22454_,6.21µm
_22599_,6.21µm
_22636_,6.21µm
_22675_,6.21µm
_22708_,6.21µm
_22732_,6.21µm
_22741_,6.21µm
_22815_,6.21µm
_22847_,6.21µm
_23228_,6.21µm
_23329_,6.21µm
_23711_,6.21µm
_23999_,6.21µm
_24142_,6.21µm
_24607_,6.21µm
_24626_,6.21µm
_25028_,6.21µm
_25491_,6.21µm
_25678_,6.21µm
_25845_,6.21µm
_25861_,6.21µm
_25887_,6.21µm
_25904_,6.21µm
_26011_,6.21µm
_26087_,6.21µm
_26339_,6.21µm
_26395_,6.21µm
_26416_,6.21µm
_26686_,6.21µm
_26827_,6.21µm
_26870_,6.21µm
_26874_,6.21µm
_27113_,6.21µm
_27495_,6.21µm
_27552_,6.21µm
_27631_,6.21µm
_27683_,6.21µm
_27808_,6.21µm
_27843_,6.21µm
_27950_,6.21µm
i_core_v_mini_mcu.ao_peripheral_subsystem_i.spi_subsystem_i.obi_spimemio_i.spimemio_i.xfer_io0_90,6.21µm
i_core_v_mini_mcu.cpu_subsystem_i.cpu_0_0.i_servile.rf_ram_if.rdata1,6.21µm
i_core_v_mini_mcu.cpu_subsystem_i.cpu_0_0.rf_ram_i.memory\[405\]\[1\],6.21µm
i_core_v_mini_mcu.cpu_subsystem_i.cpu_1_0.i_servile.cpu.mem_if.signbit,6.21µm
i_core_v_mini_mcu.peripheral_subsystem_i.obi_fifo_i.consumer_data_req\[13\],6.21µm
i_core_v_mini_mcu.peripheral_subsystem_i.uart_i.uart_core.rx_watermark_prev_q,6.21µm
_00002_,6.16µm
_00027_,6.16µm
_00066_,6.16µm
_00149_,6.16µm
_00309_,6.16µm
_00342_,6.16µm
_00358_,6.16µm
_00452_,6.16µm
_00514_,6.16µm
_00535_,6.16µm
_00536_,6.16µm
_00587_,6.16µm
_00615_,6.16µm
_00649_,6.16µm
_00657_,6.16µm
_00673_,6.16µm
_00725_,6.16µm
_00755_,6.16µm
_00839_,6.16µm
_00844_,6.16µm
_00908_,6.16µm
_00917_,6.16µm
_00920_,6.16µm
_01021_,6.16µm
_01035_,6.16µm
_01042_,6.16µm
_01134_,6.16µm
_01201_,6.16µm
_01231_,6.16µm
_01301_,6.16µm
_01330_,6.16µm
_01372_,6.16µm
_01389_,6.16µm
_01469_,6.16µm
_01480_,6.16µm
_01491_,6.16µm
_01596_,6.16µm
_01688_,6.16µm
_01707_,6.16µm
_01781_,6.16µm
_01808_,6.16µm
_01810_,6.16µm
_01899_,6.16µm
_02065_,6.16µm
_02096_,6.16µm
_02274_,6.16µm
_02350_,6.16µm
_02433_,6.16µm
_02453_,6.16µm
_02549_,6.16µm
_02594_,6.16µm
_02628_,6.16µm
_02656_,6.16µm
_02664_,6.16µm
_02687_,6.16µm
_02737_,6.16µm
_02738_,6.16µm
_02748_,6.16µm
_02774_,6.16µm
_02797_,6.16µm
_02816_,6.16µm
_02817_,6.16µm
_02828_,6.16µm
_02831_,6.16µm
_02864_,6.16µm
_02897_,6.16µm
_02907_,6.16µm
_02913_,6.16µm
_02936_,6.16µm
_02945_,6.16µm
_02951_,6.16µm
_02966_,6.16µm
_02981_,6.16µm
_02999_,6.16µm
_03022_,6.16µm
_03025_,6.16µm
_03054_,6.16µm
_03059_,6.16µm
_03067_,6.16µm
_03092_,6.16µm
_03096_,6.16µm
_03128_,6.16µm
_03132_,6.16µm
_03134_,6.16µm
_03143_,6.16µm
_03144_,6.16µm
_03156_,6.16µm
_03166_,6.16µm
_03205_,6.16µm
_03243_,6.16µm
_03244_,6.16µm
_03269_,6.16µm
_03293_,6.16µm
_03298_,6.16µm
_03301_,6.16µm
_03303_,6.16µm
_03333_,6.16µm
_03346_,6.16µm
_03352_,6.16µm
_03367_,6.16µm
_03384_,6.16µm
_03390_,6.16µm
_03394_,6.16µm
_03406_,6.16µm
_03423_,6.16µm
_03436_,6.16µm
_03451_,6.16µm
_03454_,6.16µm
_03461_,6.16µm
_03467_,6.16µm
_03471_,6.16µm
_03479_,6.16µm
_03485_,6.16µm
_03519_,6.16µm
_03527_,6.16µm
_03537_,6.16µm
_03549_,6.16µm
_03609_,6.16µm
_03640_,6.16µm
_03649_,6.16µm
_03651_,6.16µm
_03670_,6.16µm
_03672_,6.16µm
_03676_,6.16µm
_03728_,6.16µm
_03753_,6.16µm
_03782_,6.16µm
_03839_,6.16µm
_04022_,6.16µm
_04079_,6.16µm
_04102_,6.16µm
_04156_,6.16µm
_04163_,6.16µm
_04209_,6.16µm
_04276_,6.16µm
_04292_,6.16µm
_04326_,6.16µm
_04381_,6.16µm
_04431_,6.16µm
_04467_,6.16µm
_04527_,6.16µm
_04736_,6.16µm
_04787_,6.16µm
_04943_,6.16µm
_04961_,6.16µm
_05062_,6.16µm
_05071_,6.16µm
_05124_,6.16µm
_05227_,6.16µm
_05308_,6.16µm
_05327_,6.16µm
_05361_,6.16µm
_05373_,6.16µm
_05513_,6.16µm
_05572_,6.16µm
_05911_,6.16µm
_05999_,6.16µm
_06155_,6.16µm
_06261_,6.16µm
_06283_,6.16µm
_06636_,6.16µm
_06787_,6.16µm
_07198_,6.16µm
_07489_,6.16µm
_07623_,6.16µm
_07650_,6.16µm
_07802_,6.16µm
_07806_,6.16µm
_08052_,6.16µm
_08070_,6.16µm
_08127_,6.16µm
_08216_,6.16µm
_08218_,6.16µm
_08269_,6.16µm
_08334_,6.16µm
_08358_,6.16µm
_08412_,6.16µm
_08549_,6.16µm
_09170_,6.16µm
_09202_,6.16µm
_09401_,6.16µm
_09628_,6.16µm
_09664_,6.16µm
_09787_,6.16µm
_09831_,6.16µm
_09833_,6.16µm
_10302_,6.16µm
_10688_,6.16µm
_10707_,6.16µm
_10847_,6.16µm
_10866_,6.16µm
_10974_,6.16µm
_10984_,6.16µm
_11051_,6.16µm
_11194_,6.16µm
_11225_,6.16µm
_11235_,6.16µm
_11472_,6.16µm
_11556_,6.16µm
_11815_,6.16µm
_11896_,6.16µm
_11935_,6.16µm
_12038_,6.16µm
_12391_,6.16µm
_12491_,6.16µm
_12526_,6.16µm
_12625_,6.16µm
_12638_,6.16µm
_12664_,6.16µm
_12745_,6.16µm
_12903_,6.16µm
_12964_,6.16µm
_12975_,6.16µm
_13004_,6.16µm
_13204_,6.16µm
_13440_,6.16µm
_13586_,6.16µm
_13594_,6.16µm
_13601_,6.16µm
_13605_,6.16µm
_13663_,6.16µm
_13687_,6.16µm
_14496_,6.16µm
_14590_,6.16µm
_14654_,6.16µm
_14824_,6.16µm
_14916_,6.16µm
_15061_,6.16µm
_15066_,6.16µm
_15167_,6.16µm
_15221_,6.16µm
_15276_,6.16µm
_15328_,6.16µm
_15422_,6.16µm
_15589_,6.16µm
_15869_,6.16µm
_15890_,6.16µm
_15988_,6.16µm
_16116_,6.16µm
_16229_,6.16µm
_16312_,6.16µm
_16343_,6.16µm
_16566_,6.16µm
_16700_,6.16µm
_16711_,6.16µm
_16791_,6.16µm
_16808_,6.16µm
_17032_,6.16µm
_17248_,6.16µm
_17605_,6.16µm
_17645_,6.16µm
_17790_,6.16µm
_17865_,6.16µm
_17988_,6.16µm
_18003_,6.16µm
_18069_,6.16µm
_18074_,6.16µm
_18088_,6.16µm
_18201_,6.16µm
_18292_,6.16µm
_18461_,6.16µm
_18535_,6.16µm
_18964_,6.16µm
_19144_,6.16µm
_19311_,6.16µm
_19514_,6.16µm
_19597_,6.16µm
_19633_,6.16µm
_19772_,6.16µm
_19853_,6.16µm
_19877_,6.16µm
_19915_,6.16µm
_20090_,6.16µm
_20101_,6.16µm
_20130_,6.16µm
_20688_,6.16µm
_20919_,6.16µm
_21021_,6.16µm
_21040_,6.16µm
_21043_,6.16µm
_21062_,6.16µm
_21068_,6.16µm
_21181_,6.16µm
_21195_,6.16µm
_21244_,6.16µm
_21263_,6.16µm
_21378_,6.16µm
_21398_,6.16µm
_21677_,6.16µm
_21736_,6.16µm
_21739_,6.16µm
_21786_,6.16µm
_21798_,6.16µm
_21812_,6.16µm
_21826_,6.16µm
_21888_,6.16µm
_21903_,6.16µm
_21917_,6.16µm
_22005_,6.16µm
_22158_,6.16µm
_22307_,6.16µm
_22363_,6.16µm
_22421_,6.16µm
_22506_,6.16µm
_22521_,6.16µm
_22640_,6.16µm
_22697_,6.16µm
_22752_,6.16µm
_22929_,6.16µm
_22979_,6.16µm
_23168_,6.16µm
_23262_,6.16µm
_23296_,6.16µm
_23340_,6.16µm
_23348_,6.16µm
_23433_,6.16µm
_23460_,6.16µm
_23559_,6.16µm
_23609_,6.16µm
_23674_,6.16µm
_23692_,6.16µm
_23760_,6.16µm
_23882_,6.16µm
_23909_,6.16µm
_24146_,6.16µm
_24243_,6.16µm
_24282_,6.16µm
_24326_,6.16µm
_24361_,6.16µm
_24465_,6.16µm
_24535_,6.16µm
_24576_,6.16µm
_24692_,6.16µm
_24803_,6.16µm
_24875_,6.16µm
_24881_,6.16µm
_24966_,6.16µm
_24991_,6.16µm
_25151_,6.16µm
_25190_,6.16µm
_25198_,6.16µm
_25396_,6.16µm
_25587_,6.16µm
_25612_,6.16µm
_25692_,6.16µm
_25711_,6.16µm
_25779_,6.16µm
_25889_,6.16µm
_25909_,6.16µm
_25916_,6.16µm
_25924_,6.16µm
_25954_,6.16µm
_26022_,6.16µm
_26027_,6.16µm
_26461_,6.16µm
_26610_,6.16µm
_26710_,6.16µm
_26723_,6.16µm
_26780_,6.16µm
_26896_,6.16µm
_26929_,6.16µm
_27073_,6.16µm
_27165_,6.16µm
_27244_,6.16µm
_27355_,6.16µm
_27384_,6.16µm
_27393_,6.16µm
_27459_,6.16µm
_27481_,6.16µm
_27643_,6.16µm
_27726_,6.16µm
_27789_,6.16µm
_27906_,6.16µm
_27915_,6.16µm
_27945_,6.16µm
_27992_,6.16µm
_28096_,6.16µm
_28110_,6.16µm
i_core_v_mini_mcu.ao_peripheral_subsystem_i.obi_fifo_i.consumer_resp_i\[22\],6.16µm
i_core_v_mini_mcu.ao_peripheral_subsystem_i.power_manager_i.power_manager_reg_top_i.intr_state_qs\[24\],6.16µm
i_core_v_mini_mcu.ao_peripheral_subsystem_i.spi_subsystem_i.obi_spimemio_i.spimemio_i.dout_data\[1\],6.16µm
i_core_v_mini_mcu.cpu_subsystem_i.cpu_0_0.i_servile.rf_ram_if.wdata0_r\[0\],6.16µm
i_core_v_mini_mcu.cpu_subsystem_i.cpu_0_0.rf_ram_i.memory\[249\]\[1\],6.16µm
i_core_v_mini_mcu.cpu_subsystem_i.cpu_0_0.rf_ram_i.memory\[294\]\[0\],6.16µm
i_core_v_mini_mcu.cpu_subsystem_i.cpu_0_0.rf_ram_i.memory\[531\]\[1\],6.16µm
i_core_v_mini_mcu.cpu_subsystem_i.cpu_0_0.rf_ram_i.memory\[567\]\[0\],6.16µm
i_core_v_mini_mcu.cpu_subsystem_i.cpu_1_0.i_servile.arbiter.i_wb_cpu_ibus_adr\[2\],6.16µm
i_core_v_mini_mcu.cpu_subsystem_i.cpu_1_0.i_servile.cpu.immdec.gen_immdec_w_eq_1.imm24_20\[1\],6.16µm
i_core_v_mini_mcu.cpu_subsystem_i.cpu_1_0.rf_ram_i.memory\[143\]\[1\],6.16µm
i_core_v_mini_mcu.cpu_subsystem_i.cpu_1_0.rf_ram_i.memory\[198\]\[1\],6.16µm
i_core_v_mini_mcu.cpu_subsystem_i.cpu_1_0.rf_ram_i.memory\[216\]\[1\],6.16µm
i_core_v_mini_mcu.cpu_subsystem_i.cpu_1_0.rf_ram_i.memory\[305\]\[0\],6.16µm
i_core_v_mini_mcu.cpu_subsystem_i.cpu_1_0.rf_ram_i.memory\[327\]\[1\],6.16µm
i_core_v_mini_mcu.cpu_subsystem_i.cpu_1_0.rf_ram_i.memory\[407\]\[0\],6.16µm
i_core_v_mini_mcu.cpu_subsystem_i.cpu_1_0.rf_ram_i.memory\[432\]\[0\],6.16µm
i_core_v_mini_mcu.cpu_subsystem_i.cpu_1_0.rf_ram_i.memory\[472\]\[0\],6.16µm
i_core_v_mini_mcu.cpu_subsystem_i.cpu_1_0.rf_ram_i.memory\[63\]\[1\],6.16µm
i_core_v_mini_mcu.cpu_subsystem_i.cpu_1_0.rf_ram_i.memory\[95\]\[1\],6.16µm
i_core_v_mini_mcu.memory_subsystem_i.ram0_i.tc_ram_i.sram\[21\]\[20\],6.16µm
i_core_v_mini_mcu.memory_subsystem_i.ram0_i.tc_ram_i.sram\[22\]\[25\],6.16µm
i_core_v_mini_mcu.memory_subsystem_i.ram0_i.tc_ram_i.sram\[5\]\[30\],6.16µm
i_core_v_mini_mcu.peripheral_subsystem_i.obi_fifo_i.consumer_resp_i\[14\],6.16µm
i_core_v_mini_mcu.system_bus_i.system_xbar_i.gen_xbar_NtoM.i_xbar.gen_inputs\[1\].i_addr_dec_resp_mux.valid_inflight_d,6.16µm
_27275_,5.88µm
_01123_,5.75µm
_04313_,5.75µm
_08667_,5.75µm
_10162_,5.75µm
_12709_,5.75µm
_13269_,5.75µm
_17479_,5.75µm
_00318_,5.7µm
_00374_,5.7µm
_00443_,5.7µm
_01487_,5.7µm
_01546_,5.7µm
_02614_,5.7µm
_04147_,5.7µm
_04628_,5.7µm
_04939_,5.7µm
_05471_,5.7µm
_05505_,5.7µm
_05549_,5.7µm
_05594_,5.7µm
_05808_,5.7µm
_05888_,5.7µm
_06239_,5.7µm
_06243_,5.7µm
_06407_,5.7µm
_08053_,5.7µm
_08103_,5.7µm
_08180_,5.7µm
_08298_,5.7µm
_08487_,5.7µm
_08971_,5.7µm
_09105_,5.7µm
_09517_,5.7µm
_09771_,5.7µm
_10047_,5.7µm
_10658_,5.7µm
_10668_,5.7µm
_10851_,5.7µm
_11229_,5.7µm
_11385_,5.7µm
_11827_,5.7µm
_12236_,5.7µm
_12723_,5.7µm
_13344_,5.7µm
_13347_,5.7µm
_13590_,5.7µm
_13633_,5.7µm
_14332_,5.7µm
_14574_,5.7µm
_14616_,5.7µm
_14669_,5.7µm
_14830_,5.7µm
_14955_,5.7µm
_14994_,5.7µm
_15045_,5.7µm
_15155_,5.7µm
_15193_,5.7µm
_15257_,5.7µm
_15861_,5.7µm
_15909_,5.7µm
_15939_,5.7µm
_15974_,5.7µm
_15977_,5.7µm
_15982_,5.7µm
_16006_,5.7µm
_16736_,5.7µm
_16800_,5.7µm
_17094_,5.7µm
_17174_,5.7µm
_17266_,5.7µm
_17348_,5.7µm
_17465_,5.7µm
_17536_,5.7µm
_17578_,5.7µm
_17751_,5.7µm
_17830_,5.7µm
_17953_,5.7µm
_17985_,5.7µm
_18413_,5.7µm
_18596_,5.7µm
_20163_,5.7µm
_20171_,5.7µm
_20175_,5.7µm
_21240_,5.7µm
_21471_,5.7µm
_21642_,5.7µm
_21869_,5.7µm
_22079_,5.7µm
_22298_,5.7µm
_22456_,5.7µm
_22812_,5.7µm
_23361_,5.7µm
_23744_,5.7µm
_23772_,5.7µm
_24642_,5.7µm
_24897_,5.7µm
_25071_,5.7µm
_25117_,5.7µm
_25216_,5.7µm
_25403_,5.7µm
_26130_,5.7µm
_27090_,5.7µm
_27101_,5.7µm
_27402_,5.7µm
_27928_,5.7µm
_28023_,5.7µm
i_core_v_mini_mcu.ao_peripheral_subsystem_i.power_manager_i.power_manager_reg_top_i.u_intr_state.wr_data\[12\],5.7µm
i_core_v_mini_mcu.cpu_subsystem_i.cpu_1_0.rf_ram_i.memory\[159\]\[0\],5.7µm
_00039_,5.65µm
_00041_,5.65µm
_00045_,5.65µm
_00115_,5.65µm
_00128_,5.65µm
_00165_,5.65µm
_00264_,5.65µm
_00297_,5.65µm
_00384_,5.65µm
_00483_,5.65µm
_00495_,5.65µm
_00515_,5.65µm
_00570_,5.65µm
_00681_,5.65µm
_00730_,5.65µm
_00744_,5.65µm
_00779_,5.65µm
_00783_,5.65µm
_00842_,5.65µm
_00852_,5.65µm
_00855_,5.65µm
_00885_,5.65µm
_00903_,5.65µm
_00913_,5.65µm
_00961_,5.65µm
_00973_,5.65µm
_00988_,5.65µm
_00989_,5.65µm
_00992_,5.65µm
_01048_,5.65µm
_01062_,5.65µm
_01065_,5.65µm
_01158_,5.65µm
_01161_,5.65µm
_01178_,5.65µm
_01196_,5.65µm
_01197_,5.65µm
_01215_,5.65µm
_01218_,5.65µm
_01271_,5.65µm
_01285_,5.65µm
_01314_,5.65µm
_01319_,5.65µm
_01327_,5.65µm
_01334_,5.65µm
_01374_,5.65µm
_01383_,5.65µm
_01476_,5.65µm
_01496_,5.65µm
_01529_,5.65µm
_01598_,5.65µm
_01665_,5.65µm
_01721_,5.65µm
_01745_,5.65µm
_01755_,5.65µm
_01790_,5.65µm
_01822_,5.65µm
_01846_,5.65µm
_01884_,5.65µm
_01896_,5.65µm
_01913_,5.65µm
_01917_,5.65µm
_01971_,5.65µm
_02031_,5.65µm
_02052_,5.65µm
_02060_,5.65µm
_02068_,5.65µm
_02082_,5.65µm
_02091_,5.65µm
_02146_,5.65µm
_02169_,5.65µm
_02233_,5.65µm
_02306_,5.65µm
_02331_,5.65µm
_02352_,5.65µm
_02353_,5.65µm
_02419_,5.65µm
_02430_,5.65µm
_02496_,5.65µm
_02562_,5.65µm
_02593_,5.65µm
_02796_,5.65µm
_02806_,5.65µm
_02850_,5.65µm
_02989_,5.65µm
_03027_,5.65µm
_03561_,5.65µm
_03660_,5.65µm
_03807_,5.65µm
_03923_,5.65µm
_03967_,5.65µm
_04204_,5.65µm
_04224_,5.65µm
_04265_,5.65µm
_04287_,5.65µm
_04293_,5.65µm
_04309_,5.65µm
_04334_,5.65µm
_04371_,5.65µm
_04414_,5.65µm
_04445_,5.65µm
_04478_,5.65µm
_04484_,5.65µm
_04512_,5.65µm
_04680_,5.65µm
_04781_,5.65µm
_04918_,5.65µm
_05109_,5.65µm
_05262_,5.65µm
_05269_,5.65µm
_05387_,5.65µm
_05532_,5.65µm
_05578_,5.65µm
_05973_,5.65µm
_06208_,5.65µm
_06440_,5.65µm
_06516_,5.65µm
_06756_,5.65µm
_07329_,5.65µm
_07456_,5.65µm
_07696_,5.65µm
_07743_,5.65µm
_07804_,5.65µm
_07973_,5.65µm
_08034_,5.65µm
_08210_,5.65µm
_08271_,5.65µm
_08351_,5.65µm
_08374_,5.65µm
_08394_,5.65µm
_08428_,5.65µm
_08890_,5.65µm
_09410_,5.65µm
_09479_,5.65µm
_09602_,5.65µm
_09695_,5.65µm
_09871_,5.65µm
_10385_,5.65µm
_10488_,5.65µm
_10583_,5.65µm
_10680_,5.65µm
_10764_,5.65µm
_10838_,5.65µm
_10858_,5.65µm
_10860_,5.65µm
_11004_,5.65µm
_11052_,5.65µm
_11097_,5.65µm
_11251_,5.65µm
_11554_,5.65µm
_11800_,5.65µm
_11812_,5.65µm
_11858_,5.65µm
_11864_,5.65µm
_11929_,5.65µm
_11999_,5.65µm
_12066_,5.65µm
_12137_,5.65µm
_12275_,5.65µm
_12285_,5.65µm
_12506_,5.65µm
_12529_,5.65µm
_12574_,5.65µm
_12731_,5.65µm
_12823_,5.65µm
_12869_,5.65µm
_13051_,5.65µm
_13305_,5.65µm
_13540_,5.65µm
_13565_,5.65µm
_13615_,5.65µm
_13647_,5.65µm
_13680_,5.65µm
_13709_,5.65µm
_13718_,5.65µm
_13802_,5.65µm
_14049_,5.65µm
_14938_,5.65µm
_15215_,5.65µm
_15543_,5.65µm
_15652_,5.65µm
_15815_,5.65µm
_15929_,5.65µm
_16028_,5.65µm
_16091_,5.65µm
_16422_,5.65µm
_16458_,5.65µm
_16801_,5.65µm
_17125_,5.65µm
_17283_,5.65µm
_17684_,5.65µm
_17768_,5.65µm
_17861_,5.65µm
_18027_,5.65µm
_18138_,5.65µm
_18278_,5.65µm
_18304_,5.65µm
_19280_,5.65µm
_19485_,5.65µm
_19606_,5.65µm
_19650_,5.65µm
_19792_,5.65µm
_19977_,5.65µm
_20157_,5.65µm
_20548_,5.65µm
_20972_,5.65µm
_21016_,5.65µm
_21089_,5.65µm
_21095_,5.65µm
_21215_,5.65µm
_21267_,5.65µm
_21272_,5.65µm
_21385_,5.65µm
_21415_,5.65µm
_21468_,5.65µm
_21485_,5.65µm
_21606_,5.65µm
_21617_,5.65µm
_21792_,5.65µm
_21886_,5.65µm
_21898_,5.65µm
_21940_,5.65µm
_21989_,5.65µm
_22672_,5.65µm
_22695_,5.65µm
_22921_,5.65µm
_23002_,5.65µm
_23218_,5.65µm
_23265_,5.65µm
_23350_,5.65µm
_23532_,5.65µm
_23663_,5.65µm
_23801_,5.65µm
_24279_,5.65µm
_24281_,5.65µm
_24381_,5.65µm
_24425_,5.65µm
_24463_,5.65µm
_24495_,5.65µm
_24533_,5.65µm
_24613_,5.65µm
_24905_,5.65µm
_24930_,5.65µm
_25004_,5.65µm
_25141_,5.65µm
_25556_,5.65µm
_25589_,5.65µm
_25630_,5.65µm
_25667_,5.65µm
_25680_,5.65µm
_25786_,5.65µm
_25846_,5.65µm
_25958_,5.65µm
_25983_,5.65µm
_26158_,5.65µm
_26212_,5.65µm
_26261_,5.65µm
_26376_,5.65µm
_26420_,5.65µm
_26618_,5.65µm
_26777_,5.65µm
_27099_,5.65µm
_27114_,5.65µm
_27317_,5.65µm
_27507_,5.65µm
_27923_,5.65µm
_27944_,5.65µm
i_core_v_mini_mcu.ao_peripheral_subsystem_i.obi_fifo_i.consumer_data_req\[54\],5.65µm
i_core_v_mini_mcu.ao_peripheral_subsystem_i.obi_fifo_i.consumer_resp_i\[14\],5.65µm
i_core_v_mini_mcu.ao_peripheral_subsystem_i.power_manager_i.power_manager_reg_top_i.u_intr_state.wr_data\[7\],5.65µm
i_core_v_mini_mcu.ao_peripheral_subsystem_i.spi_subsystem_i.obi_spimemio_i.spimemio_i.dout_data\[4\],5.65µm
i_core_v_mini_mcu.cpu_subsystem_i.cpu_0_0.i_servile.cpu.alu.i_rd_sel\[0\],5.65µm
i_core_v_mini_mcu.cpu_subsystem_i.cpu_0_0.i_servile.cpu.immdec.gen_immdec_w_eq_1.imm30_25\[0\],5.65µm
i_core_v_mini_mcu.cpu_subsystem_i.cpu_0_0.rf_ram_i.memory\[386\]\[1\],5.65µm
i_core_v_mini_mcu.cpu_subsystem_i.cpu_1_0.i_servile.rf_ram_if.rgnt,5.65µm
i_core_v_mini_mcu.cpu_subsystem_i.cpu_1_0.rf_ram_i.memory\[325\]\[1\],5.65µm
i_core_v_mini_mcu.peripheral_subsystem_i.obi_fifo_i.consumer_resp_i\[29\],5.65µm
net1248,5.65µm
_00025_,5.6µm
_00072_,5.6µm
_00214_,5.6µm
_00379_,5.6µm
_00424_,5.6µm
_00438_,5.6µm
_00461_,5.6µm
_00487_,5.6µm
_00516_,5.6µm
_00517_,5.6µm
_00552_,5.6µm
_00573_,5.6µm
_00582_,5.6µm
_00632_,5.6µm
_00687_,5.6µm
_00726_,5.6µm
_00833_,5.6µm
_00899_,5.6µm
_00904_,5.6µm
_00946_,5.6µm
_01011_,5.6µm
_01089_,5.6µm
_01136_,5.6µm
_01205_,5.6µm
_01241_,5.6µm
_01262_,5.6µm
_01326_,5.6µm
_01371_,5.6µm
_01377_,5.6µm
_01401_,5.6µm
_01434_,5.6µm
_01444_,5.6µm
_01489_,5.6µm
_01541_,5.6µm
_01548_,5.6µm
_01549_,5.6µm
_01551_,5.6µm
_01567_,5.6µm
_01568_,5.6µm
_01587_,5.6µm
_01752_,5.6µm
_01818_,5.6µm
_01835_,5.6µm
_01836_,5.6µm
_01867_,5.6µm
_01890_,5.6µm
_01910_,5.6µm
_01937_,5.6µm
_01954_,5.6µm
_02080_,5.6µm
_02100_,5.6µm
_02185_,5.6µm
_02198_,5.6µm
_02335_,5.6µm
_02376_,5.6µm
_02517_,5.6µm
_02537_,5.6µm
_02540_,5.6µm
_02558_,5.6µm
_02579_,5.6µm
_02640_,5.6µm
_02654_,5.6µm
_02714_,5.6µm
_02779_,5.6µm
_02855_,5.6µm
_02896_,5.6µm
_02984_,5.6µm
_03023_,5.6µm
_03064_,5.6µm
_03100_,5.6µm
_03112_,5.6µm
_03178_,5.6µm
_03216_,5.6µm
_03238_,5.6µm
_03264_,5.6µm
_03288_,5.6µm
_03378_,5.6µm
_03545_,5.6µm
_03619_,5.6µm
_03692_,5.6µm
_03693_,5.6µm
_03768_,5.6µm
_03778_,5.6µm
_03800_,5.6µm
_03822_,5.6µm
_03838_,5.6µm
_03843_,5.6µm
_04007_,5.6µm
_04021_,5.6µm
_04119_,5.6µm
_04201_,5.6µm
_04202_,5.6µm
_04215_,5.6µm
_04234_,5.6µm
_04253_,5.6µm
_04327_,5.6µm
_04417_,5.6µm
_04427_,5.6µm
_04430_,5.6µm
_04449_,5.6µm
_04468_,5.6µm
_04564_,5.6µm
_04590_,5.6µm
_04608_,5.6µm
_04631_,5.6µm
_04827_,5.6µm
_04882_,5.6µm
_04888_,5.6µm
_04915_,5.6µm
_04982_,5.6µm
_05013_,5.6µm
_05054_,5.6µm
_05176_,5.6µm
_05177_,5.6µm
_05195_,5.6µm
_05231_,5.6µm
_05298_,5.6µm
_05307_,5.6µm
_05313_,5.6µm
_05353_,5.6µm
_05408_,5.6µm
_05846_,5.6µm
_06013_,5.6µm
_06207_,5.6µm
_06270_,5.6µm
_06421_,5.6µm
_06492_,5.6µm
_06704_,5.6µm
_06715_,5.6µm
_06973_,5.6µm
_06998_,5.6µm
_07019_,5.6µm
_07098_,5.6µm
_07155_,5.6µm
_07164_,5.6µm
_07259_,5.6µm
_07546_,5.6µm
_07990_,5.6µm
_08007_,5.6µm
_08132_,5.6µm
_08194_,5.6µm
_08200_,5.6µm
_08251_,5.6µm
_08324_,5.6µm
_08409_,5.6µm
_08509_,5.6µm
_08597_,5.6µm
_08669_,5.6µm
_08709_,5.6µm
_08716_,5.6µm
_08900_,5.6µm
_08915_,5.6µm
_09010_,5.6µm
_09011_,5.6µm
_09143_,5.6µm
_09275_,5.6µm
_09365_,5.6µm
_09474_,5.6µm
_09489_,5.6µm
_09542_,5.6µm
_09720_,5.6µm
_09843_,5.6µm
_09946_,5.6µm
_10111_,5.6µm
_10172_,5.6µm
_10352_,5.6µm
_10364_,5.6µm
_10463_,5.6µm
_10471_,5.6µm
_10787_,5.6µm
_10964_,5.6µm
_11086_,5.6µm
_11101_,5.6µm
_11173_,5.6µm
_11252_,5.6µm
_11264_,5.6µm
_11305_,5.6µm
_11418_,5.6µm
_11465_,5.6µm
_11484_,5.6µm
_11725_,5.6µm
_11899_,5.6µm
_11932_,5.6µm
_12043_,5.6µm
_12060_,5.6µm
_12175_,5.6µm
_12428_,5.6µm
_12439_,5.6µm
_12610_,5.6µm
_12616_,5.6µm
_12727_,5.6µm
_12924_,5.6µm
_13068_,5.6µm
_13111_,5.6µm
_13208_,5.6µm
_13212_,5.6µm
_13359_,5.6µm
_13412_,5.6µm
_13426_,5.6µm
_13708_,5.6µm
_13731_,5.6µm
_13745_,5.6µm
_13894_,5.6µm
_14145_,5.6µm
_14274_,5.6µm
_14759_,5.6µm
_14878_,5.6µm
_15015_,5.6µm
_15058_,5.6µm
_15115_,5.6µm
_15179_,5.6µm
_15503_,5.6µm
_15585_,5.6µm
_15610_,5.6µm
_15681_,5.6µm
_15784_,5.6µm
_15805_,5.6µm
_15968_,5.6µm
_16171_,5.6µm
_16238_,5.6µm
_16271_,5.6µm
_16273_,5.6µm
_16416_,5.6µm
_16549_,5.6µm
_16724_,5.6µm
_16753_,5.6µm
_16788_,5.6µm
_16825_,5.6µm
_16826_,5.6µm
_16838_,5.6µm
_17013_,5.6µm
_17030_,5.6µm
_17311_,5.6µm
_17570_,5.6µm
_17723_,5.6µm
_17862_,5.6µm
_17879_,5.6µm
_17880_,5.6µm
_17961_,5.6µm
_18256_,5.6µm
_18327_,5.6µm
_18350_,5.6µm
_18406_,5.6µm
_18418_,5.6µm
_18515_,5.6µm
_18620_,5.6µm
_18668_,5.6µm
_18804_,5.6µm
_18934_,5.6µm
_18956_,5.6µm
_19230_,5.6µm
_19483_,5.6µm
_19638_,5.6µm
_19680_,5.6µm
_19735_,5.6µm
_19826_,5.6µm
_19859_,5.6µm
_19903_,5.6µm
_20027_,5.6µm
_20033_,5.6µm
_20060_,5.6µm
_20085_,5.6µm
_20119_,5.6µm
_20136_,5.6µm
_20155_,5.6µm
_20236_,5.6µm
_20267_,5.6µm
_20567_,5.6µm
_20641_,5.6µm
_20877_,5.6µm
_20915_,5.6µm
_20976_,5.6µm
_21036_,5.6µm
_21150_,5.6µm
_21157_,5.6µm
_21162_,5.6µm
_21187_,5.6µm
_21342_,5.6µm
_21354_,5.6µm
_21436_,5.6µm
_21439_,5.6µm
_21490_,5.6µm
_21595_,5.6µm
_21684_,5.6µm
_21791_,5.6µm
_22012_,5.6µm
_22038_,5.6µm
_22050_,5.6µm
_22101_,5.6µm
_22122_,5.6µm
_22173_,5.6µm
_22222_,5.6µm
_22262_,5.6µm
_22328_,5.6µm
_22346_,5.6µm
_22475_,5.6µm
_22537_,5.6µm
_22570_,5.6µm
_22629_,5.6µm
_22673_,5.6µm
_22691_,5.6µm
_22710_,5.6µm
_22860_,5.6µm
_22881_,5.6µm
_22907_,5.6µm
_22996_,5.6µm
_23044_,5.6µm
_23104_,5.6µm
_23375_,5.6µm
_23492_,5.6µm
_23583_,5.6µm
_23614_,5.6µm
_23656_,5.6µm
_23913_,5.6µm
_24191_,5.6µm
_24224_,5.6µm
_24520_,5.6µm
_24523_,5.6µm
_24569_,5.6µm
_24594_,5.6µm
_24610_,5.6µm
_24680_,5.6µm
_24701_,5.6µm
_24792_,5.6µm
_24887_,5.6µm
_24982_,5.6µm
_25182_,5.6µm
_25256_,5.6µm
_25363_,5.6µm
_25477_,5.6µm
_25603_,5.6µm
_25610_,5.6µm
_25723_,5.6µm
_25915_,5.6µm
_26003_,5.6µm
_26089_,5.6µm
_26211_,5.6µm
_26398_,5.6µm
_26528_,5.6µm
_26566_,5.6µm
_26663_,5.6µm
_26756_,5.6µm
_26820_,5.6µm
_26940_,5.6µm
_27041_,5.6µm
_27082_,5.6µm
_27092_,5.6µm
_27142_,5.6µm
_27186_,5.6µm
_27195_,5.6µm
_27494_,5.6µm
_27640_,5.6µm
_27741_,5.6µm
_28040_,5.6µm
i_core_v_mini_mcu.ao_peripheral_subsystem_i.power_manager_i.power_manager_reg_top_i.u_intr_state.wr_data\[22\],5.6µm
i_core_v_mini_mcu.ao_peripheral_subsystem_i.power_manager_i.reg_to_counter_cpu_powergate_iso_off_i.counter_curr_state\[0\],5.6µm
i_core_v_mini_mcu.cpu_subsystem_i.cpu_1_0.rf_ram_i.memory\[199\]\[1\],5.6µm
i_core_v_mini_mcu.cpu_subsystem_i.cpu_1_0.rf_ram_i.memory\[340\]\[0\],5.6µm
i_core_v_mini_mcu.cpu_subsystem_i.cpu_1_0.rf_ram_i.memory\[40\]\[1\],5.6µm
i_core_v_mini_mcu.cpu_subsystem_i.cpu_1_0.rf_ram_i.memory\[419\]\[1\],5.6µm
i_core_v_mini_mcu.memory_subsystem_i.ram0_i.tc_ram_i.sram\[18\]\[28\],5.6µm
i_core_v_mini_mcu.memory_subsystem_i.ram0_i.tc_ram_i.sram\[21\]\[18\],5.6µm
i_core_v_mini_mcu.memory_subsystem_i.ram0_i.tc_ram_i.sram\[27\]\[25\],5.6µm
i_core_v_mini_mcu.peripheral_subsystem_i.uart_i.uart_core.rx_timeout_count_q\[13\],5.6µm
_22498_,5.37µm
_26988_,5.37µm
_05460_,5.32µm
_06228_,5.32µm
_12392_,5.32µm
_13715_,5.32µm
_26326_,5.32µm
_00595_,5.19µm
_01643_,5.19µm
_09207_,5.19µm
_18191_,5.19µm
_21304_,5.19µm
_22499_,5.19µm
_04286_,5.14µm
_04901_,5.14µm
_05452_,5.14µm
_06077_,5.14µm
_06314_,5.14µm
_06540_,5.14µm
_06595_,5.14µm
_07119_,5.14µm
_08432_,5.14µm
_08726_,5.14µm
_09543_,5.14µm
_10091_,5.14µm
_10418_,5.14µm
_10946_,5.14µm
_12058_,5.14µm
_12369_,5.14µm
_12442_,5.14µm
_13315_,5.14µm
_13953_,5.14µm
_14110_,5.14µm
_14722_,5.14µm
_15051_,5.14µm
_16592_,5.14µm
_16607_,5.14µm
_17564_,5.14µm
_17573_,5.14µm
_18735_,5.14µm
_19272_,5.14µm
_19413_,5.14µm
_19518_,5.14µm
_19529_,5.14µm
_20030_,5.14µm
_20074_,5.14µm
_20991_,5.14µm
_21093_,5.14µm
_21309_,5.14µm
_21324_,5.14µm
_21355_,5.14µm
_21424_,5.14µm
_21525_,5.14µm
_21783_,5.14µm
_21909_,5.14µm
_22145_,5.14µm
_22528_,5.14µm
_22634_,5.14µm
_22702_,5.14µm
_22712_,5.14µm
_23108_,5.14µm
_23506_,5.14µm
_23657_,5.14µm
_23905_,5.14µm
_24018_,5.14µm
_25155_,5.14µm
_25445_,5.14µm
_26181_,5.14µm
_26332_,5.14µm
_26783_,5.14µm
_26879_,5.14µm
_27478_,5.14µm
_27747_,5.14µm
_27819_,5.14µm
_28042_,5.14µm
i_core_v_mini_mcu.ao_peripheral_subsystem_i.mosaic_clint_i.mtimecmp_q\[25\],5.14µm
i_core_v_mini_mcu.ao_peripheral_subsystem_i.obi_fifo_i.consumer_resp_i\[16\],5.14µm
i_core_v_mini_mcu.cpu_subsystem_i.cpu_0_0.rf_ram_i.memory\[242\]\[1\],5.14µm
i_core_v_mini_mcu.cpu_subsystem_i.cpu_1_0.rf_ram_i.memory\[163\]\[0\],5.14µm
i_core_v_mini_mcu.memory_subsystem_i.ram0_i.tc_ram_i.sram\[0\]\[20\],5.14µm
i_core_v_mini_mcu.memory_subsystem_i.ram0_i.tc_ram_i.sram\[0\]\[9\],5.14µm
i_core_v_mini_mcu.memory_subsystem_i.ram0_i.tc_ram_i.sram\[13\]\[17\],5.14µm
i_core_v_mini_mcu.memory_subsystem_i.ram0_i.tc_ram_i.sram\[20\]\[17\],5.14µm
i_core_v_mini_mcu.memory_subsystem_i.ram0_i.tc_ram_i.sram\[20\]\[7\],5.14µm
i_core_v_mini_mcu.memory_subsystem_i.ram0_i.tc_ram_i.sram\[26\]\[17\],5.14µm
i_core_v_mini_mcu.memory_subsystem_i.ram0_i.tc_ram_i.sram\[27\]\[13\],5.14µm
i_core_v_mini_mcu.memory_subsystem_i.ram0_i.tc_ram_i.sram\[8\]\[5\],5.14µm
_00168_,5.09µm
_00292_,5.09µm
_00427_,5.09µm
_00526_,5.09µm
_00541_,5.09µm
_00586_,5.09µm
_00596_,5.09µm
_00604_,5.09µm
_00609_,5.09µm
_00612_,5.09µm
_00622_,5.09µm
_00631_,5.09µm
_00644_,5.09µm
_00682_,5.09µm
_00692_,5.09µm
_00707_,5.09µm
_00728_,5.09µm
_00767_,5.09µm
_00781_,5.09µm
_00821_,5.09µm
_00888_,5.09µm
_00944_,5.09µm
_01013_,5.09µm
_01019_,5.09µm
_01041_,5.09µm
_01056_,5.09µm
_01084_,5.09µm
_01106_,5.09µm
_01183_,5.09µm
_01186_,5.09µm
_01193_,5.09µm
_01244_,5.09µm
_01325_,5.09µm
_01333_,5.09µm
_01350_,5.09µm
_01375_,5.09µm
_01376_,5.09µm
_01395_,5.09µm
_01503_,5.09µm
_01520_,5.09µm
_01556_,5.09µm
_01563_,5.09µm
_01607_,5.09µm
_01624_,5.09µm
_01709_,5.09µm
_01751_,5.09µm
_01847_,5.09µm
_01870_,5.09µm
_02069_,5.09µm
_02107_,5.09µm
_02119_,5.09µm
_02123_,5.09µm
_02160_,5.09µm
_02195_,5.09µm
_02243_,5.09µm
_02283_,5.09µm
_02348_,5.09µm
_02398_,5.09µm
_02454_,5.09µm
_02557_,5.09µm
_02561_,5.09µm
_02620_,5.09µm
_02632_,5.09µm
_02969_,5.09µm
_03109_,5.09µm
_04205_,5.09µm
_04350_,5.09µm
_04357_,5.09µm
_04380_,5.09µm
_04400_,5.09µm
_04463_,5.09µm
_04469_,5.09µm
_04475_,5.09µm
_04605_,5.09µm
_04881_,5.09µm
_04890_,5.09µm
_04968_,5.09µm
_04969_,5.09µm
_05214_,5.09µm
_05237_,5.09µm
_05340_,5.09µm
_05852_,5.09µm
_05920_,5.09µm
_06197_,5.09µm
_06341_,5.09µm
_06719_,5.09µm
_07459_,5.09µm
_07591_,5.09µm
_07958_,5.09µm
_08239_,5.09µm
_08337_,5.09µm
_08452_,5.09µm
_08662_,5.09µm
_08737_,5.09µm
_08744_,5.09µm
_08813_,5.09µm
_08839_,5.09µm
_08855_,5.09µm
_09476_,5.09µm
_09718_,5.09µm
_09756_,5.09µm
_10216_,5.09µm
_10267_,5.09µm
_10603_,5.09µm
_10612_,5.09µm
_10708_,5.09µm
_11028_,5.09µm
_11237_,5.09µm
_11243_,5.09µm
_11304_,5.09µm
_11340_,5.09µm
_11346_,5.09µm
_11430_,5.09µm
_11494_,5.09µm
_11636_,5.09µm
_11670_,5.09µm
_12152_,5.09µm
_12264_,5.09µm
_12681_,5.09µm
_12984_,5.09µm
_13133_,5.09µm
_13302_,5.09µm
_13600_,5.09µm
_13627_,5.09µm
_13645_,5.09µm
_14883_,5.09µm
_14913_,5.09µm
_15797_,5.09µm
_16785_,5.09µm
_16999_,5.09µm
_17226_,5.09µm
_17968_,5.09µm
_18261_,5.09µm
_18928_,5.09µm
_19553_,5.09µm
_20011_,5.09µm
_20252_,5.09µm
_20610_,5.09µm
_20867_,5.09µm
_20984_,5.09µm
_20990_,5.09µm
_21013_,5.09µm
_21120_,5.09µm
_21277_,5.09µm
_21375_,5.09µm
_21400_,5.09µm
_21440_,5.09µm
_21844_,5.09µm
_22070_,5.09µm
_22115_,5.09µm
_22140_,5.09µm
_22212_,5.09µm
_22282_,5.09µm
_22283_,5.09µm
_22333_,5.09µm
_22360_,5.09µm
_22398_,5.09µm
_22431_,5.09µm
_22886_,5.09µm
_22894_,5.09µm
_22994_,5.09µm
_23309_,5.09µm
_23655_,5.09µm
_23746_,5.09µm
_23877_,5.09µm
_24220_,5.09µm
_24230_,5.09µm
_24409_,5.09µm
_24640_,5.09µm
_24891_,5.09µm
_25036_,5.09µm
_25038_,5.09µm
_25079_,5.09µm
_25453_,5.09µm
_25486_,5.09µm
_25553_,5.09µm
_25588_,5.09µm
_25697_,5.09µm
_25702_,5.09µm
_25766_,5.09µm
_25767_,5.09µm
_25967_,5.09µm
_26165_,5.09µm
_26470_,5.09µm
_26507_,5.09µm
_26604_,5.09µm
_26875_,5.09µm
_27032_,5.09µm
_27409_,5.09µm
_27800_,5.09µm
_27802_,5.09µm
_27844_,5.09µm
i_core_v_mini_mcu.ao_peripheral_subsystem_i.power_manager_i.power_manager_reg_top_i.u_intr_state.wr_data\[19\],5.09µm
i_core_v_mini_mcu.ao_peripheral_subsystem_i.spi_subsystem_i.obi_spimemio_i.spimemio_i.din_data\[6\],5.09µm
i_core_v_mini_mcu.cpu_subsystem_i.cpu_1_0.rf_ram_i.memory\[57\]\[0\],5.09µm
_00082_,5.04µm
_00087_,5.04µm
_00094_,5.04µm
_00097_,5.04µm
_00113_,5.04µm
_00121_,5.04µm
_00123_,5.04µm
_00160_,5.04µm
_00241_,5.04µm
_00242_,5.04µm
_00247_,5.04µm
_00257_,5.04µm
_00298_,5.04µm
_00299_,5.04µm
_00310_,5.04µm
_00381_,5.04µm
_00433_,5.04µm
_00485_,5.04µm
_00521_,5.04µm
_00550_,5.04µm
_00554_,5.04µm
_00567_,5.04µm
_00575_,5.04µm
_00576_,5.04µm
_00583_,5.04µm
_00655_,5.04µm
_00663_,5.04µm
_00675_,5.04µm
_00677_,5.04µm
_00748_,5.04µm
_00793_,5.04µm
_00810_,5.04µm
_00836_,5.04µm
_00859_,5.04µm
_00895_,5.04µm
_00911_,5.04µm
_00942_,5.04µm
_00969_,5.04µm
_00982_,5.04µm
_00999_,5.04µm
_01038_,5.04µm
_01064_,5.04µm
_01137_,5.04µm
_01171_,5.04µm
_01188_,5.04µm
_01225_,5.04µm
_01233_,5.04µm
_01258_,5.04µm
_01263_,5.04µm
_01265_,5.04µm
_01335_,5.04µm
_01369_,5.04µm
_01410_,5.04µm
_01417_,5.04µm
_01421_,5.04µm
_01438_,5.04µm
_01454_,5.04µm
_01471_,5.04µm
_01475_,5.04µm
_01483_,5.04µm
_01513_,5.04µm
_01537_,5.04µm
_01540_,5.04µm
_01555_,5.04µm
_01613_,5.04µm
_01614_,5.04µm
_01646_,5.04µm
_01667_,5.04µm
_01670_,5.04µm
_01678_,5.04µm
_01686_,5.04µm
_01789_,5.04µm
_01817_,5.04µm
_01820_,5.04µm
_01833_,5.04µm
_01860_,5.04µm
_01888_,5.04µm
_01901_,5.04µm
_01902_,5.04µm
_01921_,5.04µm
_01940_,5.04µm
_01978_,5.04µm
_02022_,5.04µm
_02041_,5.04µm
_02049_,5.04µm
_02072_,5.04µm
_02085_,5.04µm
_02129_,5.04µm
_02189_,5.04µm
_02190_,5.04µm
_02202_,5.04µm
_02206_,5.04µm
_02209_,5.04µm
_02222_,5.04µm
_02320_,5.04µm
_02372_,5.04µm
_02380_,5.04µm
_02418_,5.04µm
_02456_,5.04µm
_02458_,5.04µm
_02479_,5.04µm
_02495_,5.04µm
_02597_,5.04µm
_02600_,5.04µm
_02615_,5.04µm
_02635_,5.04µm
_02668_,5.04µm
_02672_,5.04µm
_02694_,5.04µm
_02720_,5.04µm
_02726_,5.04µm
_02742_,5.04µm
_02753_,5.04µm
_02765_,5.04µm
_02766_,5.04µm
_02791_,5.04µm
_02841_,5.04µm
_02845_,5.04µm
_02851_,5.04µm
_02854_,5.04µm
_02870_,5.04µm
_02875_,5.04µm
_02888_,5.04µm
_02889_,5.04µm
_02912_,5.04µm
_02948_,5.04µm
_02971_,5.04µm
_02988_,5.04µm
_02992_,5.04µm
_03039_,5.04µm
_03049_,5.04µm
_03052_,5.04µm
_03063_,5.04µm
_03104_,5.04µm
_03105_,5.04µm
_03117_,5.04µm
_03145_,5.04µm
_03148_,5.04µm
_03150_,5.04µm
_03160_,5.04µm
_03173_,5.04µm
_03199_,5.04µm
_03211_,5.04µm
_03213_,5.04µm
_03232_,5.04µm
_03240_,5.04µm
_03242_,5.04µm
_03248_,5.04µm
_03253_,5.04µm
_03257_,5.04µm
_03258_,5.04µm
_03265_,5.04µm
_03274_,5.04µm
_03280_,5.04µm
_03286_,5.04µm
_03307_,5.04µm
_03309_,5.04µm
_03312_,5.04µm
_03317_,5.04µm
_03318_,5.04µm
_03327_,5.04µm
_03344_,5.04µm
_03361_,5.04µm
_03371_,5.04µm
_03392_,5.04µm
_03432_,5.04µm
_03476_,5.04µm
_03498_,5.04µm
_03504_,5.04µm
_03506_,5.04µm
_03517_,5.04µm
_03544_,5.04µm
_03554_,5.04µm
_03565_,5.04µm
_03573_,5.04µm
_03574_,5.04µm
_03575_,5.04µm
_03586_,5.04µm
_03588_,5.04µm
_03600_,5.04µm
_03605_,5.04µm
_03620_,5.04µm
_03642_,5.04µm
_03652_,5.04µm
_03655_,5.04µm
_03683_,5.04µm
_03690_,5.04µm
_03700_,5.04µm
_03703_,5.04µm
_03747_,5.04µm
_03758_,5.04µm
_03781_,5.04µm
_03786_,5.04µm
_03787_,5.04µm
_03798_,5.04µm
_03812_,5.04µm
_03833_,5.04µm
_03850_,5.04µm
_03852_,5.04µm
_03853_,5.04µm
_03857_,5.04µm
_03869_,5.04µm
_03872_,5.04µm
_03873_,5.04µm
_03874_,5.04µm
_03883_,5.04µm
_03886_,5.04µm
_03892_,5.04µm
_03907_,5.04µm
_03928_,5.04µm
_03940_,5.04µm
_03948_,5.04µm
_03951_,5.04µm
_03957_,5.04µm
_03966_,5.04µm
_03984_,5.04µm
_04017_,5.04µm
_04020_,5.04µm
_04032_,5.04µm
_04042_,5.04µm
_04045_,5.04µm
_04054_,5.04µm
_04074_,5.04µm
_04091_,5.04µm
_04093_,5.04µm
_04141_,5.04µm
_04247_,5.04µm
_04270_,5.04µm
_04312_,5.04µm
_04322_,5.04µm
_04344_,5.04µm
_04391_,5.04µm
_04416_,5.04µm
_04494_,5.04µm
_04515_,5.04µm
_04603_,5.04µm
_04617_,5.04µm
_04623_,5.04µm
_04626_,5.04µm
_04653_,5.04µm
_04714_,5.04µm
_04716_,5.04µm
_04733_,5.04µm
_04741_,5.04µm
_04751_,5.04µm
_04766_,5.04µm
_04805_,5.04µm
_04861_,5.04µm
_04865_,5.04µm
_04866_,5.04µm
_04884_,5.04µm
_04886_,5.04µm
_04916_,5.04µm
_04917_,5.04µm
_04937_,5.04µm
_04953_,5.04µm
_04955_,5.04µm
_04975_,5.04µm
_04978_,5.04µm
_04984_,5.04µm
_04986_,5.04µm
_04988_,5.04µm
_04989_,5.04µm
_04991_,5.04µm
_05003_,5.04µm
_05016_,5.04µm
_05018_,5.04µm
_05023_,5.04µm
_05045_,5.04µm
_05055_,5.04µm
_05068_,5.04µm
_05086_,5.04µm
_05091_,5.04µm
_05100_,5.04µm
_05112_,5.04µm
_05123_,5.04µm
_05179_,5.04µm
_05182_,5.04µm
_05280_,5.04µm
_05295_,5.04µm
_05351_,5.04µm
_05385_,5.04µm
_05573_,5.04µm
_05598_,5.04µm
_05687_,5.04µm
_05904_,5.04µm
_06115_,5.04µm
_06170_,5.04µm
_06249_,5.04µm
_06313_,5.04µm
_06517_,5.04µm
_06535_,5.04µm
_06632_,5.04µm
_06686_,5.04µm
_06853_,5.04µm
_07003_,5.04µm
_07106_,5.04µm
_07313_,5.04µm
_07452_,5.04µm
_07566_,5.04µm
_07669_,5.04µm
_07788_,5.04µm
_07820_,5.04µm
_07960_,5.04µm
_08011_,5.04µm
_08078_,5.04µm
_08253_,5.04µm
_08455_,5.04µm
_08666_,5.04µm
_08935_,5.04µm
_08952_,5.04µm
_09051_,5.04µm
_09068_,5.04µm
_09144_,5.04µm
_09178_,5.04µm
_09243_,5.04µm
_09355_,5.04µm
_09507_,5.04µm
_09534_,5.04µm
_09541_,5.04µm
_09639_,5.04µm
_09662_,5.04µm
_09697_,5.04µm
_09794_,5.04µm
_09858_,5.04µm
_10228_,5.04µm
_10414_,5.04µm
_10415_,5.04µm
_10441_,5.04µm
_10447_,5.04µm
_10460_,5.04µm
_10588_,5.04µm
_10693_,5.04µm
_10716_,5.04µm
_10743_,5.04µm
_10795_,5.04µm
_10862_,5.04µm
_10938_,5.04µm
_11005_,5.04µm
_11031_,5.04µm
_11172_,5.04µm
_11236_,5.04µm
_11248_,5.04µm
_11289_,5.04µm
_11314_,5.04µm
_11569_,5.04µm
_11604_,5.04µm
_11794_,5.04µm
_11795_,5.04µm
_11903_,5.04µm
_12056_,5.04µm
_12069_,5.04µm
_12121_,5.04µm
_12207_,5.04µm
_12212_,5.04µm
_12245_,5.04µm
_12262_,5.04µm
_12568_,5.04µm
_12645_,5.04µm
_12743_,5.04µm
_12803_,5.04µm
_12839_,5.04µm
_12880_,5.04µm
_12891_,5.04µm
_12926_,5.04µm
_13084_,5.04µm
_13093_,5.04µm
_13157_,5.04µm
_13159_,5.04µm
_13266_,5.04µm
_13425_,5.04µm
_13699_,5.04µm
_14014_,5.04µm
_14371_,5.04µm
_14470_,5.04µm
_14711_,5.04µm
_14779_,5.04µm
_14785_,5.04µm
_14835_,5.04µm
_14952_,5.04µm
_14962_,5.04µm
_15095_,5.04µm
_15309_,5.04µm
_15442_,5.04µm
_15925_,5.04µm
_15950_,5.04µm
_16719_,5.04µm
_16783_,5.04µm
_16828_,5.04µm
_16834_,5.04µm
_16846_,5.04µm
_17173_,5.04µm
_17435_,5.04µm
_17537_,5.04µm
_17579_,5.04µm
_17648_,5.04µm
_17747_,5.04µm
_17777_,5.04µm
_18200_,5.04µm
_18322_,5.04µm
_18449_,5.04µm
_18774_,5.04µm
_18872_,5.04µm
_18942_,5.04µm
_19299_,5.04µm
_19309_,5.04µm
_19474_,5.04µm
_19690_,5.04µm
_19937_,5.04µm
_19975_,5.04µm
_20032_,5.04µm
_20216_,5.04µm
_20228_,5.04µm
_20271_,5.04µm
_20349_,5.04µm
_20479_,5.04µm
_20519_,5.04µm
_20654_,5.04µm
_20659_,5.04µm
_20828_,5.04µm
_20829_,5.04µm
_20897_,5.04µm
_20941_,5.04µm
_20988_,5.04µm
_21033_,5.04µm
_21035_,5.04µm
_21054_,5.04µm
_21065_,5.04µm
_21097_,5.04µm
_21182_,5.04µm
_21203_,5.04µm
_21331_,5.04µm
_21357_,5.04µm
_21394_,5.04µm
_21409_,5.04µm
_21738_,5.04µm
_21932_,5.04µm
_21962_,5.04µm
_22153_,5.04µm
_22197_,5.04µm
_22221_,5.04µm
_22318_,5.04µm
_22533_,5.04µm
_22571_,5.04µm
_22589_,5.04µm
_22671_,5.04µm
_22748_,5.04µm
_22853_,5.04µm
_22872_,5.04µm
_22898_,5.04µm
_22944_,5.04µm
_23018_,5.04µm
_23165_,5.04µm
_23238_,5.04µm
_23254_,5.04µm
_23341_,5.04µm
_23481_,5.04µm
_23790_,5.04µm
_23868_,5.04µm
_24254_,5.04µm
_24309_,5.04µm
_24434_,5.04µm
_24471_,5.04µm
_24503_,5.04µm
_24581_,5.04µm
_24587_,5.04µm
_24628_,5.04µm
_24679_,5.04µm
_24712_,5.04µm
_24733_,5.04µm
_24878_,5.04µm
_24884_,5.04µm
_24926_,5.04µm
_25047_,5.04µm
_25085_,5.04µm
_25188_,5.04µm
_25225_,5.04µm
_25293_,5.04µm
_25510_,5.04µm
_25590_,5.04µm
_25647_,5.04µm
_25655_,5.04µm
_25797_,5.04µm
_25868_,5.04µm
_25965_,5.04µm
_25999_,5.04µm
_26007_,5.04µm
_26018_,5.04µm
_26072_,5.04µm
_26108_,5.04µm
_26210_,5.04µm
_26330_,5.04µm
_26521_,5.04µm
_26536_,5.04µm
_26551_,5.04µm
_26682_,5.04µm
_26853_,5.04µm
_26922_,5.04µm
_27175_,5.04µm
_27214_,5.04µm
_27272_,5.04µm
_27288_,5.04µm
_27335_,5.04µm
_27483_,5.04µm
_27647_,5.04µm
_27704_,5.04µm
_27737_,5.04µm
_27877_,5.04µm
_27953_,5.04µm
i_core_v_mini_mcu.ao_peripheral_subsystem_i.power_manager_i.power_manager_counter_sequence_cpu_switch_i.sequence_curr_state\[2\],5.04µm
i_core_v_mini_mcu.ao_peripheral_subsystem_i.power_manager_i.power_manager_reg_top_i.u_intr_state.wr_data\[21\],5.04µm
i_core_v_mini_mcu.ao_peripheral_subsystem_i.spi_subsystem_i.obi_spimemio_i.spimemio_i.dout_data\[7\],5.04µm
i_core_v_mini_mcu.cpu_subsystem_i.cpu_0_0.rf_ram_i.memory\[204\]\[1\],5.04µm
i_core_v_mini_mcu.cpu_subsystem_i.cpu_1_0.i_servile.arbiter.i_wb_cpu_ibus_adr\[21\],5.04µm
i_core_v_mini_mcu.cpu_subsystem_i.cpu_1_0.i_servile.cpu.decode.o_immdec_en\[3\],5.04µm
i_core_v_mini_mcu.cpu_subsystem_i.cpu_1_0.i_servile.rf_ram_if.wdata0_r\[0\],5.04µm
i_core_v_mini_mcu.memory_subsystem_i.ram0_i.tc_ram_i.sram\[1\]\[23\],5.04µm
i_core_v_mini_mcu.peripheral_subsystem_i.obi_fifo_i.producer_state_n,5.04µm
net1189,5.04µm
_24826_,4.81µm
_22273_,4.76µm
_26406_,4.76µm
i_core_v_mini_mcu.cpu_subsystem_i.cpu_0_0.i_servile.cpu.gen_align.align.ibus_rdt_concat\[2\],4.76µm
_08828_,4.68µm
_01328_,4.63µm
_02471_,4.63µm
_05288_,4.63µm
_07254_,4.63µm
_25025_,4.63µm
_01761_,4.58µm
_05859_,4.58µm
_06793_,4.58µm
_06999_,4.58µm
_07178_,4.58µm
_08001_,4.58µm
_08016_,4.58µm
_08553_,4.58µm
_08851_,4.58µm
_09242_,4.58µm
_09924_,4.58µm
_10040_,4.58µm
_10213_,4.58µm
_11624_,4.58µm
_11677_,4.58µm
_11940_,4.58µm
_11962_,4.58µm
_12552_,4.58µm
_12728_,4.58µm
_12757_,4.58µm
_12762_,4.58µm
_13424_,4.58µm
_13473_,4.58µm
_13599_,4.58µm
_14026_,4.58µm
_14298_,4.58µm
_15006_,4.58µm
_15507_,4.58µm
_16290_,4.58µm
_16378_,4.58µm
_17556_,4.58µm
_18439_,4.58µm
_18511_,4.58µm
_18532_,4.58µm
_18902_,4.58µm
_19047_,4.58µm
_19215_,4.58µm
_19344_,4.58µm
_19370_,4.58µm
_19782_,4.58µm
_19830_,4.58µm
_19991_,4.58µm
_20166_,4.58µm
_20256_,4.58µm
_20643_,4.58µm
_20720_,4.58µm
_20923_,4.58µm
_20978_,4.58µm
_21114_,4.58µm
_21226_,4.58µm
_21778_,4.58µm
_22114_,4.58µm
_22177_,4.58µm
_22189_,4.58µm
_22216_,4.58µm
_22244_,4.58µm
_22504_,4.58µm
_22915_,4.58µm
_22973_,4.58µm
_23456_,4.58µm
_23712_,4.58µm
_24417_,4.58µm
_24418_,4.58µm
_24424_,4.58µm
_24575_,4.58µm
_24939_,4.58µm
_24990_,4.58µm
_24995_,4.58µm
_25014_,4.58µm
_25208_,4.58µm
_25377_,4.58µm
_25585_,4.58µm
_25839_,4.58µm
_25991_,4.58µm
_26190_,4.58µm
_26409_,4.58µm
_26413_,4.58µm
_26485_,4.58µm
_26654_,4.58µm
_26696_,4.58µm
_26785_,4.58µm
_26813_,4.58µm
_26845_,4.58µm
_27247_,4.58µm
_27390_,4.58µm
_28024_,4.58µm
_28031_,4.58µm
_28033_,4.58µm
i_core_v_mini_mcu.ao_peripheral_subsystem_i.power_manager_i.power_manager_reg_top_i.monitor_power_gate_core_qs\[1\],4.58µm
i_core_v_mini_mcu.cpu_subsystem_i.cpu_1_0.i_servile.cpu.decode.o_immdec_en\[2\],4.58µm
_00341_,4.53µm
_00463_,4.53µm
_00528_,4.53µm
_00709_,4.53µm
_00884_,4.53µm
_00932_,4.53µm
_00933_,4.53µm
_00991_,4.53µm
_01061_,4.53µm
_01088_,4.53µm
_01090_,4.53µm
_01172_,4.53µm
_01187_,4.53µm
_01280_,4.53µm
_01293_,4.53µm
_01405_,4.53µm
_01441_,4.53µm
_01539_,4.53µm
_01577_,4.53µm
_01803_,4.53µm
_01876_,4.53µm
_02143_,4.53µm
_02153_,4.53µm
_02164_,4.53µm
_02321_,4.53µm
_02323_,4.53µm
_02389_,4.53µm
_02472_,4.53µm
_02528_,4.53µm
_02529_,4.53µm
_02545_,4.53µm
_02619_,4.53µm
_02844_,4.53µm
_03337_,4.53µm
_03648_,4.53µm
_03722_,4.53µm
_03908_,4.53µm
_03927_,4.53µm
_04217_,4.53µm
_04447_,4.53µm
_04504_,4.53µm
_04508_,4.53µm
_04539_,4.53µm
_04552_,4.53µm
_04556_,4.53µm
_04974_,4.53µm
_05035_,4.53µm
_05038_,4.53µm
_05261_,4.53µm
_05586_,4.53µm
_05818_,4.53µm
_06339_,4.53µm
_07182_,4.53µm
_07210_,4.53µm
_07615_,4.53µm
_08376_,4.53µm
_08506_,4.53µm
_08704_,4.53µm
_08771_,4.53µm
_09053_,4.53µm
_09163_,4.53µm
_09266_,4.53µm
_09501_,4.53µm
_10055_,4.53µm
_10072_,4.53µm
_10358_,4.53µm
_10593_,4.53µm
_10619_,4.53µm
_10972_,4.53µm
_11204_,4.53µm
_11254_,4.53µm
_11520_,4.53µm
_11656_,4.53µm
_11680_,4.53µm
_11988_,4.53µm
_12474_,4.53µm
_12704_,4.53µm
_12738_,4.53µm
_13006_,4.53µm
_13114_,4.53µm
_13130_,4.53µm
_13218_,4.53µm
_13227_,4.53µm
_13267_,4.53µm
_13282_,4.53µm
_13630_,4.53µm
_13671_,4.53µm
_13747_,4.53µm
_14651_,4.53µm
_15262_,4.53µm
_15537_,4.53µm
_15604_,4.53µm
_15631_,4.53µm
_16054_,4.53µm
_16450_,4.53µm
_17098_,4.53µm
_17418_,4.53µm
_18206_,4.53µm
_18334_,4.53µm
_18522_,4.53µm
_18649_,4.53µm
_18651_,4.53µm
_18690_,4.53µm
_18721_,4.53µm
_18756_,4.53µm
_18838_,4.53µm
_19115_,4.53µm
_19129_,4.53µm
_19174_,4.53µm
_19252_,4.53µm
_19260_,4.53µm
_19436_,4.53µm
_19683_,4.53µm
_19746_,4.53µm
_20017_,4.53µm
_20481_,4.53µm
_21032_,4.53µm
_21170_,4.53µm
_21243_,4.53µm
_21315_,4.53µm
_21339_,4.53µm
_21577_,4.53µm
_21665_,4.53µm
_21904_,4.53µm
_22078_,4.53µm
_22133_,4.53µm
_22213_,4.53µm
_22266_,4.53µm
_22427_,4.53µm
_22525_,4.53µm
_23195_,4.53µm
_23338_,4.53µm
_23498_,4.53µm
_23591_,4.53µm
_24517_,4.53µm
_24542_,4.53µm
_24662_,4.53µm
_24682_,4.53µm
_25391_,4.53µm
_25611_,4.53µm
_25747_,4.53µm
_25843_,4.53µm
_26242_,4.53µm
_26309_,4.53µm
_26425_,4.53µm
_26479_,4.53µm
_26553_,4.53µm
_26908_,4.53µm
_27091_,4.53µm
_27152_,4.53µm
_27223_,4.53µm
_27228_,4.53µm
_27318_,4.53µm
_27327_,4.53µm
_27360_,4.53µm
_27417_,4.53µm
_27424_,4.53µm
_27498_,4.53µm
i_core_v_mini_mcu.ao_peripheral_subsystem_i.power_manager_i.power_manager_reg_top_i.u_intr_state.wr_data\[4\],4.53µm
_00022_,4.48µm
_00023_,4.48µm
_00035_,4.48µm
_00042_,4.48µm
_00071_,4.48µm
_00111_,4.48µm
_00134_,4.48µm
_00135_,4.48µm
_00139_,4.48µm
_00151_,4.48µm
_00158_,4.48µm
_00166_,4.48µm
_00170_,4.48µm
_00181_,4.48µm
_00223_,4.48µm
_00224_,4.48µm
_00226_,4.48µm
_00294_,4.48µm
_00325_,4.48µm
_00336_,4.48µm
_00343_,4.48µm
_00354_,4.48µm
_00371_,4.48µm
_00402_,4.48µm
_00524_,4.48µm
_00533_,4.48µm
_00547_,4.48µm
_00566_,4.48µm
_00580_,4.48µm
_00602_,4.48µm
_00661_,4.48µm
_00694_,4.48µm
_00695_,4.48µm
_00702_,4.48µm
_00705_,4.48µm
_00738_,4.48µm
_00746_,4.48µm
_00777_,4.48µm
_00782_,4.48µm
_00789_,4.48µm
_00796_,4.48µm
_00805_,4.48µm
_00819_,4.48µm
_00848_,4.48µm
_00865_,4.48µm
_00867_,4.48µm
_00875_,4.48µm
_00897_,4.48µm
_00948_,4.48µm
_00993_,4.48µm
_01043_,4.48µm
_01044_,4.48µm
_01124_,4.48µm
_01164_,4.48µm
_01177_,4.48µm
_01179_,4.48µm
_01182_,4.48µm
_01216_,4.48µm
_01232_,4.48µm
_01236_,4.48µm
_01245_,4.48µm
_01264_,4.48µm
_01266_,4.48µm
_01308_,4.48µm
_01320_,4.48µm
_01336_,4.48µm
_01339_,4.48µm
_01348_,4.48µm
_01362_,4.48µm
_01385_,4.48µm
_01415_,4.48µm
_01436_,4.48µm
_01472_,4.48µm
_01519_,4.48µm
_01521_,4.48µm
_01532_,4.48µm
_01573_,4.48µm
_01574_,4.48µm
_01593_,4.48µm
_01650_,4.48µm
_01690_,4.48µm
_01692_,4.48µm
_01717_,4.48µm
_01719_,4.48µm
_01732_,4.48µm
_01738_,4.48µm
_01792_,4.48µm
_01807_,4.48µm
_01819_,4.48µm
_01825_,4.48µm
_01837_,4.48µm
_01854_,4.48µm
_01871_,4.48µm
_01882_,4.48µm
_01903_,4.48µm
_01905_,4.48µm
_01906_,4.48µm
_01939_,4.48µm
_01977_,4.48µm
_01987_,4.48µm
_02033_,4.48µm
_02045_,4.48µm
_02073_,4.48µm
_02074_,4.48µm
_02077_,4.48µm
_02078_,4.48µm
_02113_,4.48µm
_02127_,4.48µm
_02140_,4.48µm
_02167_,4.48µm
_02192_,4.48µm
_02212_,4.48µm
_02213_,4.48µm
_02217_,4.48µm
_02218_,4.48µm
_02225_,4.48µm
_02249_,4.48µm
_02272_,4.48µm
_02295_,4.48µm
_02304_,4.48µm
_02314_,4.48µm
_02316_,4.48µm
_02379_,4.48µm
_02413_,4.48µm
_02446_,4.48µm
_02465_,4.48µm
_02482_,4.48µm
_02483_,4.48µm
_02508_,4.48µm
_02518_,4.48µm
_02523_,4.48µm
_02546_,4.48µm
_02611_,4.48µm
_02651_,4.48µm
_02652_,4.48µm
_02657_,4.48µm
_02659_,4.48µm
_02660_,4.48µm
_02667_,4.48µm
_02683_,4.48µm
_02699_,4.48µm
_02710_,4.48µm
_02717_,4.48µm
_02727_,4.48µm
_02731_,4.48µm
_02754_,4.48µm
_02759_,4.48µm
_02761_,4.48µm
_02773_,4.48µm
_02775_,4.48µm
_02776_,4.48µm
_02787_,4.48µm
_02788_,4.48µm
_02789_,4.48µm
_02790_,4.48µm
_02792_,4.48µm
_02815_,4.48µm
_02822_,4.48µm
_02829_,4.48µm
_02832_,4.48µm
_02839_,4.48µm
_02846_,4.48µm
_02852_,4.48µm
_02858_,4.48µm
_02860_,4.48µm
_02863_,4.48µm
_02868_,4.48µm
_02869_,4.48µm
_02871_,4.48µm
_02872_,4.48µm
_02881_,4.48µm
_02885_,4.48µm
_02886_,4.48µm
_02894_,4.48µm
_02902_,4.48µm
_02904_,4.48µm
_02911_,4.48µm
_02923_,4.48µm
_02924_,4.48µm
_02928_,4.48µm
_02937_,4.48µm
_02938_,4.48µm
_02942_,4.48µm
_02944_,4.48µm
_02952_,4.48µm
_02957_,4.48µm
_02960_,4.48µm
_02970_,4.48µm
_02973_,4.48µm
_02974_,4.48µm
_02975_,4.48µm
_02982_,4.48µm
_02987_,4.48µm
_02995_,4.48µm
_03000_,4.48µm
_03004_,4.48µm
_03005_,4.48µm
_03007_,4.48µm
_03008_,4.48µm
_03012_,4.48µm
_03028_,4.48µm
_03029_,4.48µm
_03030_,4.48µm
_03032_,4.48µm
_03044_,4.48µm
_03046_,4.48µm
_03060_,4.48µm
_03071_,4.48µm
_03072_,4.48µm
_03118_,4.48µm
_03119_,4.48µm
_03130_,4.48µm
_03131_,4.48µm
_03146_,4.48µm
_03149_,4.48µm
_03151_,4.48µm
_03152_,4.48µm
_03163_,4.48µm
_03167_,4.48µm
_03168_,4.48µm
_03175_,4.48µm
_03182_,4.48µm
_03187_,4.48µm
_03188_,4.48µm
_03217_,4.48µm
_03234_,4.48µm
_03235_,4.48µm
_03245_,4.48µm
_03275_,4.48µm
_03279_,4.48µm
_03283_,4.48µm
_03284_,4.48µm
_03285_,4.48µm
_03287_,4.48µm
_03290_,4.48µm
_03310_,4.48µm
_03330_,4.48µm
_03348_,4.48µm
_03354_,4.48µm
_03362_,4.48µm
_03373_,4.48µm
_03381_,4.48µm
_03399_,4.48µm
_03416_,4.48µm
_03422_,4.48µm
_03424_,4.48µm
_03431_,4.48µm
_03437_,4.48µm
_03438_,4.48µm
_03440_,4.48µm
_03458_,4.48µm
_03463_,4.48µm
_03465_,4.48µm
_03487_,4.48µm
_03503_,4.48µm
_03512_,4.48µm
_03524_,4.48µm
_03538_,4.48µm
_03543_,4.48µm
_03546_,4.48µm
_03552_,4.48µm
_03553_,4.48µm
_03568_,4.48µm
_03577_,4.48µm
_03584_,4.48µm
_03593_,4.48µm
_03594_,4.48µm
_03606_,4.48µm
_03607_,4.48µm
_03626_,4.48µm
_03645_,4.48µm
_03656_,4.48µm
_03664_,4.48µm
_03688_,4.48µm
_03711_,4.48µm
_03760_,4.48µm
_03765_,4.48µm
_03773_,4.48µm
_03774_,4.48µm
_03775_,4.48µm
_03780_,4.48µm
_03795_,4.48µm
_03796_,4.48µm
_03797_,4.48µm
_03802_,4.48µm
_03808_,4.48µm
_03816_,4.48µm
_03820_,4.48µm
_03821_,4.48µm
_03844_,4.48µm
_03846_,4.48µm
_03847_,4.48µm
_03848_,4.48µm
_03851_,4.48µm
_03858_,4.48µm
_03922_,4.48µm
_03924_,4.48µm
_03938_,4.48µm
_03939_,4.48µm
_03947_,4.48µm
_03954_,4.48µm
_03968_,4.48µm
_04114_,4.48µm
_04122_,4.48µm
_04152_,4.48µm
_04173_,4.48µm
_04229_,4.48µm
_04259_,4.48µm
_04261_,4.48µm
_04262_,4.48µm
_04266_,4.48µm
_04298_,4.48µm
_04319_,4.48µm
_04321_,4.48µm
_04329_,4.48µm
_04346_,4.48µm
_04354_,4.48µm
_04376_,4.48µm
_04418_,4.48µm
_04424_,4.48µm
_04453_,4.48µm
_04486_,4.48µm
_04500_,4.48µm
_04547_,4.48µm
_04567_,4.48µm
_04583_,4.48µm
_04587_,4.48µm
_04616_,4.48µm
_04717_,4.48µm
_04721_,4.48µm
_04768_,4.48µm
_04793_,4.48µm
_04820_,4.48µm
_04887_,4.48µm
_04980_,4.48µm
_04995_,4.48µm
_04999_,4.48µm
_05004_,4.48µm
_05031_,4.48µm
_05076_,4.48µm
_05107_,4.48µm
_05233_,4.48µm
_05236_,4.48µm
_05268_,4.48µm
_05274_,4.48µm
_05304_,4.48µm
_05317_,4.48µm
_05335_,4.48µm
_05374_,4.48µm
_05516_,4.48µm
_05540_,4.48µm
_05574_,4.48µm
_05726_,4.48µm
_05791_,4.48µm
_05860_,4.48µm
_05869_,4.48µm
_05872_,4.48µm
_05977_,4.48µm
_06158_,4.48µm
_06196_,4.48µm
_06286_,4.48µm
_06320_,4.48µm
_06360_,4.48µm
_06374_,4.48µm
_06381_,4.48µm
_06674_,4.48µm
_06698_,4.48µm
_06996_,4.48µm
_07012_,4.48µm
_07028_,4.48µm
_07057_,4.48µm
_07082_,4.48µm
_07117_,4.48µm
_07130_,4.48µm
_07180_,4.48µm
_07267_,4.48µm
_07540_,4.48µm
_07782_,4.48µm
_07841_,4.48µm
_07861_,4.48µm
_07930_,4.48µm
_08018_,4.48µm
_08030_,4.48µm
_08094_,4.48µm
_08241_,4.48µm
_08291_,4.48µm
_08349_,4.48µm
_08367_,4.48µm
_08449_,4.48µm
_08465_,4.48µm
_08653_,4.48µm
_08691_,4.48µm
_08786_,4.48µm
_08876_,4.48µm
_08932_,4.48µm
_09019_,4.48µm
_09282_,4.48µm
_09396_,4.48µm
_09497_,4.48µm
_09505_,4.48µm
_09751_,4.48µm
_09772_,4.48µm
_09808_,4.48µm
_10177_,4.48µm
_10641_,4.48µm
_10647_,4.48µm
_10730_,4.48µm
_10755_,4.48µm
_10882_,4.48µm
_10909_,4.48µm
_11094_,4.48µm
_11117_,4.48µm
_11230_,4.48µm
_11232_,4.48µm
_11312_,4.48µm
_11338_,4.48µm
_11475_,4.48µm
_11588_,4.48µm
_11639_,4.48µm
_11660_,4.48µm
_11699_,4.48µm
_11720_,4.48µm
_11754_,4.48µm
_11965_,4.48µm
_11979_,4.48µm
_11989_,4.48µm
_12016_,4.48µm
_12080_,4.48µm
_12098_,4.48µm
_12146_,4.48µm
_12156_,4.48µm
_12174_,4.48µm
_12543_,4.48µm
_12572_,4.48µm
_12589_,4.48µm
_12646_,4.48µm
_12690_,4.48µm
_12780_,4.48µm
_12845_,4.48µm
_12860_,4.48µm
_12948_,4.48µm
_12980_,4.48µm
_13040_,4.48µm
_13041_,4.48µm
_13156_,4.48µm
_13162_,4.48µm
_13280_,4.48µm
_13291_,4.48µm
_13318_,4.48µm
_13337_,4.48µm
_13356_,4.48µm
_13531_,4.48µm
_13550_,4.48µm
_13566_,4.48µm
_13569_,4.48µm
_13702_,4.48µm
_13705_,4.48µm
_13733_,4.48µm
_13854_,4.48µm
_13948_,4.48µm
_14227_,4.48µm
_14342_,4.48µm
_14343_,4.48µm
_14548_,4.48µm
_14568_,4.48µm
_14571_,4.48µm
_14624_,4.48µm
_14674_,4.48µm
_14726_,4.48µm
_14992_,4.48µm
_15033_,4.48µm
_15075_,4.48µm
_15157_,4.48µm
_15201_,4.48µm
_15333_,4.48µm
_15374_,4.48µm
_15460_,4.48µm
_15564_,4.48µm
_15640_,4.48µm
_15658_,4.48µm
_15768_,4.48µm
_15989_,4.48µm
_16048_,4.48µm
_16609_,4.48µm
_16610_,4.48µm
_16688_,4.48µm
_16720_,4.48µm
_16809_,4.48µm
_16862_,4.48µm
_16899_,4.48µm
_17020_,4.48µm
_17295_,4.48µm
_17337_,4.48µm
_17433_,4.48µm
_17445_,4.48µm
_17604_,4.48µm
_17610_,4.48µm
_17727_,4.48µm
_17876_,4.48µm
_18063_,4.48µm
_18214_,4.48µm
_18266_,4.48µm
_18317_,4.48µm
_18342_,4.48µm
_18360_,4.48µm
_18405_,4.48µm
_18647_,4.48µm
_18707_,4.48µm
_18920_,4.48µm
_19080_,4.48µm
_19096_,4.48µm
_19104_,4.48µm
_19106_,4.48µm
_19329_,4.48µm
_19330_,4.48µm
_19333_,4.48µm
_19348_,4.48µm
_19364_,4.48µm
_19378_,4.48µm
_19487_,4.48µm
_19557_,4.48µm
_19663_,4.48µm
_19819_,4.48µm
_19856_,4.48µm
_19862_,4.48µm
_19887_,4.48µm
_20038_,4.48µm
_20088_,4.48µm
_20141_,4.48µm
_20174_,4.48µm
_20194_,4.48µm
_20207_,4.48µm
_20248_,4.48µm
_20249_,4.48µm
_20264_,4.48µm
_20277_,4.48µm
_20474_,4.48µm
_20671_,4.48µm
_20989_,4.48µm
_21116_,4.48µm
_21153_,4.48µm
_21159_,4.48µm
_21191_,4.48µm
_21201_,4.48µm
_21209_,4.48µm
_21235_,4.48µm
_21416_,4.48µm
_21446_,4.48µm
_21499_,4.48µm
_21545_,4.48µm
_21574_,4.48µm
_21683_,4.48µm
_21821_,4.48µm
_21845_,4.48µm
_21851_,4.48µm
_21956_,4.48µm
_22080_,4.48µm
_22086_,4.48µm
_22214_,4.48µm
_22230_,4.48µm
_22264_,4.48µm
_22393_,4.48µm
_22453_,4.48µm
_22461_,4.48µm
_22478_,4.48µm
_22493_,4.48µm
_22522_,4.48µm
_22550_,4.48µm
_22566_,4.48µm
_22582_,4.48µm
_22601_,4.48µm
_22627_,4.48µm
_22659_,4.48µm
_22728_,4.48µm
_22905_,4.48µm
_23202_,4.48µm
_23312_,4.48µm
_23313_,4.48µm
_23420_,4.48µm
_23447_,4.48µm
_23464_,4.48µm
_23467_,4.48µm
_23580_,4.48µm
_23597_,4.48µm
_23685_,4.48µm
_23695_,4.48µm
_23702_,4.48µm
_23782_,4.48µm
_23978_,4.48µm
_24022_,4.48µm
_24046_,4.48µm
_24269_,4.48µm
_24305_,4.48µm
_24340_,4.48µm
_24365_,4.48µm
_24460_,4.48µm
_24492_,4.48µm
_24537_,4.48µm
_24565_,4.48µm
_24625_,4.48µm
_24725_,4.48µm
_24945_,4.48µm
_24957_,4.48µm
_24963_,4.48µm
_25080_,4.48µm
_25133_,4.48µm
_25184_,4.48µm
_25271_,4.48µm
_25276_,4.48µm
_25399_,4.48µm
_25437_,4.48µm
_25442_,4.48µm
_25465_,4.48µm
_25807_,4.48µm
_25859_,4.48µm
_25869_,4.48µm
_25961_,4.48µm
_26138_,4.48µm
_26139_,4.48µm
_26147_,4.48µm
_26159_,4.48µm
_26177_,4.48µm
_26208_,4.48µm
_26236_,4.48µm
_26334_,4.48µm
_26599_,4.48µm
_27027_,4.48µm
_27075_,4.48µm
_27086_,4.48µm
_27156_,4.48µm
_27168_,4.48µm
_27169_,4.48µm
_27172_,4.48µm
_27222_,4.48µm
_27308_,4.48µm
_27486_,4.48µm
_27510_,4.48µm
_27516_,4.48µm
_27917_,4.48µm
_27930_,4.48µm
_28041_,4.48µm
_28087_,4.48µm
i_core_v_mini_mcu.ao_peripheral_subsystem_i.obi_fifo_i.consumer_resp_i\[26\],4.48µm
i_core_v_mini_mcu.ao_peripheral_subsystem_i.soc_ctrl_i.soc_ctrl_reg_top_i.system_frequency_hz_qs\[2\],4.48µm
i_core_v_mini_mcu.ao_peripheral_subsystem_i.spi_subsystem_i.obi_spimemio_i.obi_to_picorv32_i.obi_resp_o\[13\],4.48µm
i_core_v_mini_mcu.ao_peripheral_subsystem_i.spi_subsystem_i.obi_spimemio_i.spimemio_i.dout_data\[6\],4.48µm
i_core_v_mini_mcu.cpu_subsystem_i.cpu_0_0.i_servile.cpu.bufreg.i_imm_en,4.48µm
i_core_v_mini_mcu.cpu_subsystem_i.cpu_1_0.i_servile.arbiter.i_wb_cpu_ibus_adr\[23\],4.48µm
i_core_v_mini_mcu.peripheral_subsystem_i.uart_i.uart_core.rx_timeout_count_q\[15\],4.48µm
net941,4.48µm
net,4.48µm
i_core_v_mini_mcu.ao_peripheral_subsystem_i.power_manager_i.power_manager_reg_top_i.u_intr_state.wr_data\[25\],4.47µm
_09531_,4.2µm
_10360_,4.2µm
_13869_,4.2µm
_22937_,4.2µm
_24588_,4.2µm
_01025_,4.07µm
_02588_,4.07µm
_01592_,4.02µm
_04727_,4.02µm
_04748_,4.02µm
_04757_,4.02µm
_05418_,4.02µm
_05419_,4.02µm
_05544_,4.02µm
_05569_,4.02µm
_05839_,4.02µm
_05955_,4.02µm
_06087_,4.02µm
_06221_,4.02µm
_06932_,4.02µm
_08072_,4.02µm
_08348_,4.02µm
_08454_,4.02µm
_08611_,4.02µm
_08614_,4.02µm
_08694_,4.02µm
_08708_,4.02µm
_08768_,4.02µm
_08789_,4.02µm
_09667_,4.02µm
_09870_,4.02µm
_10185_,4.02µm
_10303_,4.02µm
_10347_,4.02µm
_11368_,4.02µm
_11738_,4.02µm
_11992_,4.02µm
_12139_,4.02µm
_12292_,4.02µm
_12308_,4.02µm
_12609_,4.02µm
_12973_,4.02µm
_13100_,4.02µm
_14733_,4.02µm
_14791_,4.02µm
_14958_,4.02µm
_16073_,4.02µm
_16168_,4.02µm
_16234_,4.02µm
_17269_,4.02µm
_17325_,4.02µm
_17632_,4.02µm
_17813_,4.02µm
_17845_,4.02µm
_19505_,4.02µm
_19670_,4.02µm
_19885_,4.02µm
_19924_,4.02µm
_20189_,4.02µm
_20218_,4.02µm
_20911_,4.02µm
_20937_,4.02µm
_21022_,4.02µm
_21406_,4.02µm
_21411_,4.02µm
_21430_,4.02µm
_21733_,4.02µm
_21960_,4.02µm
_22099_,4.02µm
_22120_,4.02µm
_22164_,4.02µm
_22281_,4.02µm
_22308_,4.02µm
_22386_,4.02µm
_22674_,4.02µm
_22753_,4.02µm
_22813_,4.02µm
_22977_,4.02µm
_23125_,4.02µm
_23162_,4.02µm
_23673_,4.02µm
_24021_,4.02µm
_24030_,4.02µm
_24061_,4.02µm
_24221_,4.02µm
_24557_,4.02µm
_25315_,4.02µm
_25643_,4.02µm
_26029_,4.02µm
_26053_,4.02µm
_26065_,4.02µm
_26584_,4.02µm
_26826_,4.02µm
_26892_,4.02µm
_27170_,4.02µm
_27488_,4.02µm
_27601_,4.02µm
_27791_,4.02µm
_27879_,4.02µm
i_core_v_mini_mcu.ao_peripheral_subsystem_i.power_manager_i.power_manager_reg_top_i.u_intr_state.wr_data\[26\],4.02µm
i_core_v_mini_mcu.ao_peripheral_subsystem_i.power_manager_i.power_manager_reg_top_i.u_intr_state.wr_data\[27\],4.02µm
i_core_v_mini_mcu.ao_peripheral_subsystem_i.power_manager_i.power_manager_reg_top_i.u_intr_state.wr_data\[6\],4.02µm
i_core_v_mini_mcu.ao_peripheral_subsystem_i.spi_subsystem_i.obi_spimemio_i.obi_to_picorv32_i.obi_resp_o\[16\],4.02µm
_00239_,3.97µm
_00277_,3.97µm
_00329_,3.97µm
_00447_,3.97µm
_00597_,3.97µm
_01009_,3.97µm
_01057_,3.97µm
_01213_,3.97µm
_01305_,3.97µm
_01404_,3.97µm
_01505_,3.97µm
_01510_,3.97µm
_01693_,3.97µm
_01749_,3.97µm
_01853_,3.97µm
_01885_,3.97µm
_01889_,3.97µm
_02220_,3.97µm
_02355_,3.97µm
_02612_,3.97µm
_02613_,3.97µm
_04303_,3.97µm
_04776_,3.97µm
_04889_,3.97µm
_05400_,3.97µm
_06442_,3.97µm
_06905_,3.97µm
_07404_,3.97µm
_08387_,3.97µm
_08500_,3.97µm
_08730_,3.97µm
_09078_,3.97µm
_09584_,3.97µm
_09856_,3.97µm
_10342_,3.97µm
_10408_,3.97µm
_10656_,3.97µm
_10936_,3.97µm
_11202_,3.97µm
_11715_,3.97µm
_13303_,3.97µm
_13373_,3.97µm
_13395_,3.97µm
_13509_,3.97µm
_13556_,3.97µm
_13570_,3.97µm
_14182_,3.97µm
_14710_,3.97µm
_14743_,3.97µm
_14973_,3.97µm
_15009_,3.97µm
_15546_,3.97µm
_15576_,3.97µm
_16683_,3.97µm
_16730_,3.97µm
_17196_,3.97µm
_17638_,3.97µm
_18059_,3.97µm
_19851_,3.97µm
_19882_,3.97µm
_20143_,3.97µm
_20835_,3.97µm
_20864_,3.97µm
_21156_,3.97µm
_21248_,3.97µm
_21699_,3.97µm
_21811_,3.97µm
_21976_,3.97µm
_22091_,3.97µm
_22229_,3.97µm
_22492_,3.97µm
_22610_,3.97µm
_22709_,3.97µm
_23066_,3.97µm
_23151_,3.97µm
_23159_,3.97µm
_23169_,3.97µm
_23210_,3.97µm
_23274_,3.97µm
_23386_,3.97µm
_23429_,3.97µm
_23496_,3.97µm
_23791_,3.97µm
_24483_,3.97µm
_24498_,3.97µm
_24831_,3.97µm
_24841_,3.97µm
_24937_,3.97µm
_24946_,3.97µm
_25009_,3.97µm
_25074_,3.97µm
_25149_,3.97µm
_25179_,3.97µm
_25239_,3.97µm
_25268_,3.97µm
_25741_,3.97µm
_25770_,3.97µm
_25973_,3.97µm
_26151_,3.97µm
_26155_,3.97µm
_26167_,3.97µm
_26226_,3.97µm
_26270_,3.97µm
_26554_,3.97µm
_26839_,3.97µm
_26844_,3.97µm
_27508_,3.97µm
_27658_,3.97µm
_00053_,3.92µm
_00104_,3.92µm
_00120_,3.92µm
_00215_,3.92µm
_00217_,3.92µm
_00245_,3.92µm
_00281_,3.92µm
_00293_,3.92µm
_00296_,3.92µm
_00300_,3.92µm
_00313_,3.92µm
_00328_,3.92µm
_00333_,3.92µm
_00370_,3.92µm
_00373_,3.92µm
_00377_,3.92µm
_00407_,3.92µm
_00421_,3.92µm
_00448_,3.92µm
_00459_,3.92µm
_00471_,3.92µm
_00482_,3.92µm
_00500_,3.92µm
_00585_,3.92µm
_00614_,3.92µm
_00619_,3.92µm
_00638_,3.92µm
_00650_,3.92µm
_00701_,3.92µm
_00713_,3.92µm
_00714_,3.92µm
_00722_,3.92µm
_00735_,3.92µm
_00743_,3.92µm
_00747_,3.92µm
_00749_,3.92µm
_00756_,3.92µm
_00788_,3.92µm
_00807_,3.92µm
_00840_,3.92µm
_00863_,3.92µm
_00868_,3.92µm
_00891_,3.92µm
_00892_,3.92µm
_00936_,3.92µm
_00939_,3.92µm
_00956_,3.92µm
_00960_,3.92µm
_00975_,3.92µm
_01030_,3.92µm
_01047_,3.92µm
_01081_,3.92µm
_01082_,3.92µm
_01087_,3.92µm
_01093_,3.92µm
_01118_,3.92µm
_01121_,3.92µm
_01139_,3.92µm
_01146_,3.92µm
_01154_,3.92µm
_01168_,3.92µm
_01176_,3.92µm
_01181_,3.92µm
_01198_,3.92µm
_01248_,3.92µm
_01253_,3.92µm
_01254_,3.92µm
_01257_,3.92µm
_01274_,3.92µm
_01275_,3.92µm
_01312_,3.92µm
_01338_,3.92µm
_01342_,3.92µm
_01349_,3.92µm
_01355_,3.92µm
_01361_,3.92µm
_01382_,3.92µm
_01390_,3.92µm
_01406_,3.92µm
_01412_,3.92µm
_01426_,3.92µm
_01428_,3.92µm
_01432_,3.92µm
_01437_,3.92µm
_01462_,3.92µm
_01468_,3.92µm
_01479_,3.92µm
_01497_,3.92µm
_01502_,3.92µm
_01507_,3.92µm
_01509_,3.92µm
_01528_,3.92µm
_01531_,3.92µm
_01544_,3.92µm
_01562_,3.92µm
_01581_,3.92µm
_01582_,3.92µm
_01583_,3.92µm
_01616_,3.92µm
_01620_,3.92µm
_01626_,3.92µm
_01639_,3.92µm
_01647_,3.92µm
_01659_,3.92µm
_01683_,3.92µm
_01725_,3.92µm
_01730_,3.92µm
_01773_,3.92µm
_01805_,3.92µm
_01812_,3.92µm
_01814_,3.92µm
_01823_,3.92µm
_01843_,3.92µm
_01852_,3.92µm
_01872_,3.92µm
_01880_,3.92µm
_01891_,3.92µm
_01892_,3.92µm
_01893_,3.92µm
_01931_,3.92µm
_01938_,3.92µm
_01943_,3.92µm
_01964_,3.92µm
_01965_,3.92µm
_01991_,3.92µm
_01996_,3.92µm
_01999_,3.92µm
_02064_,3.92µm
_02067_,3.92µm
_02075_,3.92µm
_02079_,3.92µm
_02084_,3.92µm
_02093_,3.92µm
_02099_,3.92µm
_02108_,3.92µm
_02114_,3.92µm
_02118_,3.92µm
_02138_,3.92µm
_02144_,3.92µm
_02155_,3.92µm
_02178_,3.92µm
_02191_,3.92µm
_02197_,3.92µm
_02199_,3.92µm
_02210_,3.92µm
_02236_,3.92µm
_02252_,3.92µm
_02273_,3.92µm
_02288_,3.92µm
_02290_,3.92µm
_02309_,3.92µm
_02318_,3.92µm
_02343_,3.92µm
_02354_,3.92µm
_02378_,3.92µm
_02385_,3.92µm
_02387_,3.92µm
_02399_,3.92µm
_02401_,3.92µm
_02409_,3.92µm
_02445_,3.92µm
_02447_,3.92µm
_02476_,3.92µm
_02512_,3.92µm
_02522_,3.92µm
_02525_,3.92µm
_02539_,3.92µm
_02548_,3.92µm
_02551_,3.92µm
_02553_,3.92µm
_02556_,3.92µm
_02566_,3.92µm
_02574_,3.92µm
_02586_,3.92µm
_02599_,3.92µm
_02634_,3.92µm
_02643_,3.92µm
_02648_,3.92µm
_02663_,3.92µm
_02799_,3.92µm
_02833_,3.92µm
_02840_,3.92µm
_02893_,3.92µm
_02925_,3.92µm
_02927_,3.92µm
_03031_,3.92µm
_03045_,3.92µm
_03075_,3.92µm
_03082_,3.92µm
_03098_,3.92µm
_03223_,3.92µm
_03267_,3.92µm
_03325_,3.92µm
_03336_,3.92µm
_03379_,3.92µm
_03413_,3.92µm
_03516_,3.92µm
_03533_,3.92µm
_03571_,3.92µm
_03572_,3.92µm
_03578_,3.92µm
_03624_,3.92µm
_03713_,3.92µm
_03737_,3.92µm
_03777_,3.92µm
_03790_,3.92µm
_03794_,3.92µm
_03823_,3.92µm
_04043_,3.92µm
_04046_,3.92µm
_04148_,3.92µm
_04167_,3.92µm
_04195_,3.92µm
_04208_,3.92µm
_04240_,3.92µm
_04249_,3.92µm
_04250_,3.92µm
_04282_,3.92µm
_04311_,3.92µm
_04318_,3.92µm
_04320_,3.92µm
_04343_,3.92µm
_04382_,3.92µm
_04386_,3.92µm
_04420_,3.92µm
_04435_,3.92µm
_04440_,3.92µm
_04443_,3.92µm
_04452_,3.92µm
_04491_,3.92µm
_04498_,3.92µm
_04514_,3.92µm
_04517_,3.92µm
_04530_,3.92µm
_04536_,3.92µm
_04540_,3.92µm
_04550_,3.92µm
_04568_,3.92µm
_04589_,3.92µm
_04600_,3.92µm
_04601_,3.92µm
_04620_,3.92µm
_04630_,3.92µm
_04643_,3.92µm
_04663_,3.92µm
_04674_,3.92µm
_04704_,3.92µm
_04708_,3.92µm
_04726_,3.92µm
_04773_,3.92µm
_04780_,3.92µm
_04782_,3.92µm
_04825_,3.92µm
_04874_,3.92µm
_04966_,3.92µm
_05009_,3.92µm
_05117_,3.92µm
_05122_,3.92µm
_05181_,3.92µm
_05206_,3.92µm
_05250_,3.92µm
_05292_,3.92µm
_05293_,3.92µm
_05297_,3.92µm
_05306_,3.92µm
_05318_,3.92µm
_05331_,3.92µm
_05341_,3.92µm
_05345_,3.92µm
_05366_,3.92µm
_05372_,3.92µm
_05382_,3.92µm
_05388_,3.92µm
_05392_,3.92µm
_05422_,3.92µm
_05502_,3.92µm
_05522_,3.92µm
_05729_,3.92µm
_05802_,3.92µm
_05934_,3.92µm
_06436_,3.92µm
_06645_,3.92µm
_06811_,3.92µm
_06844_,3.92µm
_06953_,3.92µm
_07166_,3.92µm
_07227_,3.92µm
_07309_,3.92µm
_07496_,3.92µm
_07501_,3.92µm
_07504_,3.92µm
_07572_,3.92µm
_07587_,3.92µm
_07606_,3.92µm
_07695_,3.92µm
_07719_,3.92µm
_07739_,3.92µm
_07766_,3.92µm
_07902_,3.92µm
_07974_,3.92µm
_08129_,3.92µm
_08130_,3.92µm
_08189_,3.92µm
_08214_,3.92µm
_08226_,3.92µm
_08274_,3.92µm
_08315_,3.92µm
_08329_,3.92µm
_08338_,3.92µm
_08345_,3.92µm
_08410_,3.92µm
_08459_,3.92µm
_08815_,3.92µm
_08860_,3.92µm
_08991_,3.92µm
_09067_,3.92µm
_09095_,3.92µm
_09149_,3.92µm
_09194_,3.92µm
_09518_,3.92µm
_09666_,3.92µm
_09699_,3.92µm
_09792_,3.92µm
_09793_,3.92µm
_09878_,3.92µm
_09896_,3.92µm
_10060_,3.92µm
_10262_,3.92µm
_10351_,3.92µm
_10398_,3.92µm
_10424_,3.92µm
_10446_,3.92µm
_10469_,3.92µm
_10472_,3.92µm
_10497_,3.92µm
_10613_,3.92µm
_10627_,3.92µm
_10640_,3.92µm
_10645_,3.92µm
_10733_,3.92µm
_10744_,3.92µm
_10779_,3.92µm
_10960_,3.92µm
_10966_,3.92µm
_11013_,3.92µm
_11100_,3.92µm
_11215_,3.92µm
_11216_,3.92µm
_11245_,3.92µm
_11291_,3.92µm
_11318_,3.92µm
_11435_,3.92µm
_11436_,3.92µm
_11446_,3.92µm
_11447_,3.92µm
_11607_,3.92µm
_11647_,3.92µm
_11674_,3.92µm
_11734_,3.92µm
_11749_,3.92µm
_11776_,3.92µm
_11866_,3.92µm
_11882_,3.92µm
_12052_,3.92µm
_12110_,3.92µm
_12231_,3.92µm
_12259_,3.92µm
_12334_,3.92µm
_12340_,3.92µm
_12410_,3.92µm
_12414_,3.92µm
_12498_,3.92µm
_12519_,3.92µm
_12577_,3.92µm
_12578_,3.92µm
_12717_,3.92µm
_12970_,3.92µm
_13014_,3.92µm
_13025_,3.92µm
_13058_,3.92µm
_13062_,3.92µm
_13085_,3.92µm
_13121_,3.92µm
_13128_,3.92µm
_13142_,3.92µm
_13236_,3.92µm
_13264_,3.92µm
_13271_,3.92µm
_13275_,3.92µm
_13328_,3.92µm
_13336_,3.92µm
_13427_,3.92µm
_13431_,3.92µm
_13455_,3.92µm
_13458_,3.92µm
_13479_,3.92µm
_13501_,3.92µm
_13506_,3.92µm
_13533_,3.92µm
_13541_,3.92µm
_13557_,3.92µm
_13719_,3.92µm
_13721_,3.92µm
_13868_,3.92µm
_14141_,3.92µm
_14418_,3.92µm
_14459_,3.92µm
_14494_,3.92µm
_14515_,3.92µm
_14516_,3.92µm
_14621_,3.92µm
_14622_,3.92µm
_14751_,3.92µm
_14818_,3.92µm
_14847_,3.92µm
_14868_,3.92µm
_14904_,3.92µm
_14940_,3.92µm
_14953_,3.92µm
_15103_,3.92µm
_15299_,3.92µm
_15327_,3.92µm
_15425_,3.92µm
_15579_,3.92µm
_15625_,3.92µm
_15813_,3.92µm
_15936_,3.92µm
_16011_,3.92µm
_16064_,3.92µm
_16077_,3.92µm
_16240_,3.92µm
_16246_,3.92µm
_16251_,3.92µm
_16409_,3.92µm
_16415_,3.92µm
_16432_,3.92µm
_16457_,3.92µm
_16567_,3.92µm
_16593_,3.92µm
_16633_,3.92µm
_16731_,3.92µm
_17545_,3.92µm
_17599_,3.92µm
_17621_,3.92µm
_17633_,3.92µm
_17659_,3.92µm
_17671_,3.92µm
_17726_,3.92µm
_17817_,3.92µm
_17912_,3.92µm
_17980_,3.92µm
_18072_,3.92µm
_18079_,3.92µm
_18157_,3.92µm
_18173_,3.92µm
_18209_,3.92µm
_18352_,3.92µm
_18525_,3.92µm
_18547_,3.92µm
_18619_,3.92µm
_18803_,3.92µm
_18865_,3.92µm
_18944_,3.92µm
_18965_,3.92µm
_18977_,3.92µm
_18982_,3.92µm
_19012_,3.92µm
_19055_,3.92µm
_19075_,3.92µm
_19138_,3.92µm
_19160_,3.92µm
_19200_,3.92µm
_19251_,3.92µm
_19257_,3.92µm
_19306_,3.92µm
_19420_,3.92µm
_19421_,3.92µm
_19641_,3.92µm
_19642_,3.92µm
_19648_,3.92µm
_19705_,3.92µm
_19729_,3.92µm
_19742_,3.92µm
_19756_,3.92µm
_19833_,3.92µm
_19834_,3.92µm
_19880_,3.92µm
_20034_,3.92µm
_20052_,3.92µm
_20179_,3.92µm
_20274_,3.92µm
_20459_,3.92µm
_20684_,3.92µm
_20713_,3.92µm
_20843_,3.92µm
_20858_,3.92µm
_20865_,3.92µm
_20928_,3.92µm
_21037_,3.92µm
_21058_,3.92µm
_21110_,3.92µm
_21113_,3.92µm
_21199_,3.92µm
_21217_,3.92µm
_21257_,3.92µm
_21270_,3.92µm
_21293_,3.92µm
_21384_,3.92µm
_21401_,3.92µm
_21428_,3.92µm
_21444_,3.92µm
_21518_,3.92µm
_21521_,3.92µm
_21637_,3.92µm
_21680_,3.92µm
_21685_,3.92µm
_21716_,3.92µm
_21747_,3.92µm
_21907_,3.92µm
_21990_,3.92µm
_22006_,3.92µm
_22016_,3.92µm
_22258_,3.92µm
_22402_,3.92µm
_22446_,3.92µm
_22481_,3.92µm
_22503_,3.92µm
_22511_,3.92µm
_22518_,3.92µm
_22536_,3.92µm
_22576_,3.92µm
_22587_,3.92µm
_22653_,3.92µm
_22662_,3.92µm
_22682_,3.92µm
_22724_,3.92µm
_22871_,3.92µm
_22949_,3.92µm
_22954_,3.92µm
_23149_,3.92µm
_23155_,3.92µm
_23171_,3.92µm
_23320_,3.92µm
_23417_,3.92µm
_23435_,3.92µm
_23526_,3.92µm
_23866_,3.92µm
_23920_,3.92µm
_23961_,3.92µm
_23975_,3.92µm
_24025_,3.92µm
_24074_,3.92µm
_24077_,3.92µm
_24097_,3.92µm
_24132_,3.92µm
_24134_,3.92µm
_24172_,3.92µm
_24302_,3.92µm
_24385_,3.92µm
_24437_,3.92µm
_24448_,3.92µm
_24739_,3.92µm
_24784_,3.92µm
_24825_,3.92µm
_24852_,3.92µm
_24876_,3.92µm
_24883_,3.92µm
_24889_,3.92µm
_24892_,3.92µm
_24895_,3.92µm
_24951_,3.92µm
_24968_,3.92µm
_24973_,3.92µm
_25006_,3.92µm
_25024_,3.92µm
_25073_,3.92µm
_25111_,3.92µm
_25143_,3.92µm
_25150_,3.92µm
_25161_,3.92µm
_25278_,3.92µm
_25302_,3.92µm
_25323_,3.92µm
_25337_,3.92µm
_25389_,3.92µm
_25460_,3.92µm
_25468_,3.92µm
_25489_,3.92µm
_25501_,3.92µm
_25527_,3.92µm
_25606_,3.92µm
_25668_,3.92µm
_25682_,3.92µm
_25789_,3.92µm
_25799_,3.92µm
_25820_,3.92µm
_25899_,3.92µm
_25905_,3.92µm
_26062_,3.92µm
_26095_,3.92µm
_26131_,3.92µm
_26163_,3.92µm
_26241_,3.92µm
_26256_,3.92µm
_26313_,3.92µm
_26319_,3.92µm
_26340_,3.92µm
_26436_,3.92µm
_26564_,3.92µm
_26626_,3.92µm
_26639_,3.92µm
_26645_,3.92µm
_26726_,3.92µm
_26807_,3.92µm
_26927_,3.92µm
_26949_,3.92µm
_26953_,3.92µm
_27015_,3.92µm
_27017_,3.92µm
_27033_,3.92µm
_27068_,3.92µm
_27094_,3.92µm
_27137_,3.92µm
_27138_,3.92µm
_27239_,3.92µm
_27256_,3.92µm
_27351_,3.92µm
_27423_,3.92µm
_27437_,3.92µm
_27471_,3.92µm
_27509_,3.92µm
_27519_,3.92µm
_27662_,3.92µm
_27679_,3.92µm
_27720_,3.92µm
_27724_,3.92µm
_27766_,3.92µm
_27777_,3.92µm
_27780_,3.92µm
_27828_,3.92µm
i_core_v_mini_mcu.ao_peripheral_subsystem_i.power_manager_i.power_manager_reg_top_i.u_intr_state.wr_data\[18\],3.92µm
i_core_v_mini_mcu.ao_peripheral_subsystem_i.power_manager_i.power_manager_reg_top_i.u_intr_state.wr_data\[23\],3.92µm
i_core_v_mini_mcu.ao_peripheral_subsystem_i.power_manager_i.power_manager_reg_top_i.u_intr_state.wr_data\[28\],3.92µm
i_core_v_mini_mcu.ao_peripheral_subsystem_i.spi_subsystem_i.obi_spimemio_i.spimemio_i.xfer.count\[0\],3.92µm
i_core_v_mini_mcu.cpu_subsystem_i.cpu_0_0.i_servile.arbiter.i_wb_cpu_dbus_adr\[22\],3.92µm
i_core_v_mini_mcu.cpu_subsystem_i.cpu_1_0.i_servile.arbiter.i_wb_cpu_ibus_adr\[28\],3.92µm
i_core_v_mini_mcu.peripheral_subsystem_i.obi_fifo_i.consumer_data_req_q\[36\],3.92µm
_05326_,3.86µm
_12657_,3.69µm
_10412_,3.64µm
_22835_,3.64µm
_02601_,3.51µm
_09809_,3.51µm
_00474_,3.46µm
_04851_,3.46µm
_06116_,3.46µm
_06127_,3.46µm
_07519_,3.46µm
_07723_,3.46µm
_07764_,3.46µm
_08008_,3.46µm
_08419_,3.46µm
_08604_,3.46µm
_08748_,3.46µm
_08753_,3.46µm
_09411_,3.46µm
_09422_,3.46µm
_09448_,3.46µm
_09512_,3.46µm
_09559_,3.46µm
_09905_,3.46µm
_10059_,3.46µm
_10437_,3.46µm
_10759_,3.46µm
_10906_,3.46µm
_10943_,3.46µm
_11326_,3.46µm
_11477_,3.46µm
_11558_,3.46µm
_11666_,3.46µm
_11997_,3.46µm
_12398_,3.46µm
_12448_,3.46µm
_12565_,3.46µm
_12627_,3.46µm
_12807_,3.46µm
_12990_,3.46µm
_13005_,3.46µm
_13119_,3.46µm
_13144_,3.46µm
_13234_,3.46µm
_13295_,3.46µm
_13436_,3.46µm
_13527_,3.46µm
_13732_,3.46µm
_13832_,3.46µm
_13842_,3.46µm
_13875_,3.46µm
_14449_,3.46µm
_14529_,3.46µm
_14644_,3.46µm
_14698_,3.46µm
_14740_,3.46µm
_14816_,3.46µm
_15081_,3.46µm
_15184_,3.46µm
_15263_,3.46µm
_15417_,3.46µm
_15830_,3.46µm
_15922_,3.46µm
_15944_,3.46µm
_16264_,3.46µm
_16526_,3.46µm
_16616_,3.46µm
_16649_,3.46µm
_16714_,3.46µm
_16717_,3.46µm
_16756_,3.46µm
_16870_,3.46µm
_17113_,3.46µm
_17230_,3.46µm
_17329_,3.46µm
_17385_,3.46µm
_17476_,3.46µm
_17566_,3.46µm
_17590_,3.46µm
_17738_,3.46µm
_17755_,3.46µm
_17804_,3.46µm
_17819_,3.46µm
_17898_,3.46µm
_18037_,3.46µm
_18126_,3.46µm
_18385_,3.46µm
_18576_,3.46µm
_18617_,3.46µm
_18740_,3.46µm
_18985_,3.46µm
_19057_,3.46µm
_19079_,3.46µm
_19100_,3.46µm
_19134_,3.46µm
_19190_,3.46µm
_19198_,3.46µm
_19229_,3.46µm
_19315_,3.46µm
_19499_,3.46µm
_19692_,3.46µm
_19971_,3.46µm
_20319_,3.46µm
_20342_,3.46µm
_20361_,3.46µm
_20542_,3.46µm
_20795_,3.46µm
_20824_,3.46µm
_20855_,3.46µm
_21104_,3.46µm
_21122_,3.46µm
_21250_,3.46µm
_21495_,3.46µm
_21981_,3.46µm
_22143_,3.46µm
_22272_,3.46µm
_22380_,3.46µm
_22428_,3.46µm
_22622_,3.46µm
_22623_,3.46µm
_22631_,3.46µm
_22854_,3.46µm
_22917_,3.46µm
_22919_,3.46µm
_23090_,3.46µm
_23226_,3.46µm
_23232_,3.46µm
_23391_,3.46µm
_23479_,3.46µm
_23604_,3.46µm
_23766_,3.46µm
_24029_,3.46µm
_24116_,3.46µm
_24206_,3.46µm
_24278_,3.46µm
_24292_,3.46µm
_24312_,3.46µm
_24351_,3.46µm
_24408_,3.46µm
_24532_,3.46µm
_24630_,3.46µm
_24674_,3.46µm
_24743_,3.46µm
_24775_,3.46µm
_24821_,3.46µm
_25103_,3.46µm
_25219_,3.46µm
_25292_,3.46µm
_25294_,3.46µm
_25341_,3.46µm
_25390_,3.46µm
_25394_,3.46µm
_25522_,3.46µm
_25540_,3.46µm
_25580_,3.46µm
_25671_,3.46µm
_25708_,3.46µm
_25721_,3.46µm
_25849_,3.46µm
_25918_,3.46µm
_25951_,3.46µm
_26105_,3.46µm
_26264_,3.46µm
_26474_,3.46µm
_26673_,3.46µm
_26700_,3.46µm
_26791_,3.46µm
_26990_,3.46µm
_26992_,3.46µm
_27025_,3.46µm
_27087_,3.46µm
_27131_,3.46µm
_27189_,3.46µm
_27202_,3.46µm
_27220_,3.46µm
_27274_,3.46µm
_27477_,3.46µm
_27517_,3.46µm
_27551_,3.46µm
_27554_,3.46µm
_27645_,3.46µm
_27845_,3.46µm
_27921_,3.46µm
i_core_v_mini_mcu.ao_peripheral_subsystem_i.obi_fifo_i.consumer_resp_i\[31\],3.46µm
_00584_,3.41µm
_00603_,3.41µm
_00664_,3.41µm
_01728_,3.41µm
_02334_,3.41µm
_05648_,3.41µm
_05762_,3.41µm
_06100_,3.41µm
_06664_,3.41µm
_06856_,3.41µm
_07604_,3.41µm
_08222_,3.41µm
_08638_,3.41µm
_08945_,3.41µm
_10324_,3.41µm
_10931_,3.41µm
_12469_,3.41µm
_13124_,3.41µm
_13748_,3.41µm
_13772_,3.41µm
_13864_,3.41µm
_16209_,3.41µm
_17088_,3.41µm
_17236_,3.41µm
_17277_,3.41µm
_18141_,3.41µm
_18146_,3.41µm
_18628_,3.41µm
_19032_,3.41µm
_19495_,3.41µm
_19938_,3.41µm
_19965_,3.41µm
_21298_,3.41µm
_21799_,3.41µm
_21820_,3.41µm
_21983_,3.41µm
_22447_,3.41µm
_22484_,3.41µm
_22592_,3.41µm
_23096_,3.41µm
_24360_,3.41µm
_24383_,3.41µm
_24524_,3.41µm
_25450_,3.41µm
_25900_,3.41µm
_25917_,3.41µm
_26492_,3.41µm
_26569_,3.41µm
_26620_,3.41µm
_26871_,3.41µm
_26962_,3.41µm
_27064_,3.41µm
_27404_,3.41µm
_28027_,3.41µm
_00010_,3.36µm
_00024_,3.36µm
_00026_,3.36µm
_00068_,3.36µm
_00074_,3.36µm
_00075_,3.36µm
_00080_,3.36µm
_00092_,3.36µm
_00096_,3.36µm
_00112_,3.36µm
_00133_,3.36µm
_00153_,3.36µm
_00167_,3.36µm
_00179_,3.36µm
_00183_,3.36µm
_00187_,3.36µm
_00200_,3.36µm
_00211_,3.36µm
_00278_,3.36µm
_00289_,3.36µm
_00385_,3.36µm
_00396_,3.36µm
_00436_,3.36µm
_00457_,3.36µm
_00477_,3.36µm
_00478_,3.36µm
_00481_,3.36µm
_00489_,3.36µm
_00494_,3.36µm
_00499_,3.36µm
_00523_,3.36µm
_00529_,3.36µm
_00545_,3.36µm
_00559_,3.36µm
_00564_,3.36µm
_00572_,3.36µm
_00578_,3.36µm
_00579_,3.36µm
_00589_,3.36µm
_00591_,3.36µm
_00626_,3.36µm
_00634_,3.36µm
_00640_,3.36µm
_00642_,3.36µm
_00643_,3.36µm
_00652_,3.36µm
_00654_,3.36µm
_00676_,3.36µm
_00686_,3.36µm
_00706_,3.36µm
_00741_,3.36µm
_00751_,3.36µm
_00761_,3.36µm
_00773_,3.36µm
_00809_,3.36µm
_00820_,3.36µm
_00822_,3.36µm
_00830_,3.36µm
_00841_,3.36µm
_00854_,3.36µm
_00857_,3.36µm
_00870_,3.36µm
_00873_,3.36µm
_00886_,3.36µm
_00919_,3.36µm
_00927_,3.36µm
_00928_,3.36µm
_00959_,3.36µm
_00963_,3.36µm
_00965_,3.36µm
_00981_,3.36µm
_00990_,3.36µm
_01002_,3.36µm
_01004_,3.36µm
_01007_,3.36µm
_01012_,3.36µm
_01014_,3.36µm
_01020_,3.36µm
_01058_,3.36µm
_01068_,3.36µm
_01076_,3.36µm
_01091_,3.36µm
_01109_,3.36µm
_01126_,3.36µm
_01128_,3.36µm
_01157_,3.36µm
_01192_,3.36µm
_01194_,3.36µm
_01199_,3.36µm
_01207_,3.36µm
_01226_,3.36µm
_01227_,3.36µm
_01229_,3.36µm
_01234_,3.36µm
_01277_,3.36µm
_01286_,3.36µm
_01294_,3.36µm
_01302_,3.36µm
_01331_,3.36µm
_01337_,3.36µm
_01343_,3.36µm
_01352_,3.36µm
_01357_,3.36µm
_01367_,3.36µm
_01397_,3.36µm
_01418_,3.36µm
_01423_,3.36µm
_01429_,3.36µm
_01435_,3.36µm
_01452_,3.36µm
_01455_,3.36µm
_01533_,3.36µm
_01536_,3.36µm
_01538_,3.36µm
_01571_,3.36µm
_01572_,3.36µm
_01576_,3.36µm
_01578_,3.36µm
_01589_,3.36µm
_01591_,3.36µm
_01594_,3.36µm
_01603_,3.36µm
_01605_,3.36µm
_01610_,3.36µm
_01621_,3.36µm
_01623_,3.36µm
_01652_,3.36µm
_01654_,3.36µm
_01658_,3.36µm
_01677_,3.36µm
_01684_,3.36µm
_01685_,3.36µm
_01696_,3.36µm
_01697_,3.36µm
_01704_,3.36µm
_01720_,3.36µm
_01748_,3.36µm
_01750_,3.36µm
_01758_,3.36µm
_01779_,3.36µm
_01784_,3.36µm
_01801_,3.36µm
_01830_,3.36µm
_01840_,3.36µm
_01841_,3.36µm
_01844_,3.36µm
_01855_,3.36µm
_01904_,3.36µm
_01907_,3.36µm
_01908_,3.36µm
_01920_,3.36µm
_01959_,3.36µm
_01968_,3.36µm
_01976_,3.36µm
_01982_,3.36µm
_01985_,3.36µm
_02016_,3.36µm
_02023_,3.36µm
_02047_,3.36µm
_02055_,3.36µm
_02057_,3.36µm
_02062_,3.36µm
_02104_,3.36µm
_02106_,3.36µm
_02109_,3.36µm
_02110_,3.36µm
_02121_,3.36µm
_02145_,3.36µm
_02147_,3.36µm
_02154_,3.36µm
_02176_,3.36µm
_02179_,3.36µm
_02200_,3.36µm
_02211_,3.36µm
_02216_,3.36µm
_02244_,3.36µm
_02245_,3.36µm
_02246_,3.36µm
_02247_,3.36µm
_02255_,3.36µm
_02262_,3.36µm
_02264_,3.36µm
_02286_,3.36µm
_02294_,3.36µm
_02301_,3.36µm
_02329_,3.36µm
_02341_,3.36µm
_02349_,3.36µm
_02357_,3.36µm
_02366_,3.36µm
_02382_,3.36µm
_02402_,3.36µm
_02407_,3.36µm
_02414_,3.36µm
_02425_,3.36µm
_02432_,3.36µm
_02439_,3.36µm
_02452_,3.36µm
_02460_,3.36µm
_02466_,3.36µm
_02484_,3.36µm
_02486_,3.36µm
_02489_,3.36µm
_02493_,3.36µm
_02497_,3.36µm
_02504_,3.36µm
_02510_,3.36µm
_02511_,3.36µm
_02514_,3.36µm
_02521_,3.36µm
_02530_,3.36µm
_02542_,3.36µm
_02543_,3.36µm
_02550_,3.36µm
_02567_,3.36µm
_02568_,3.36µm
_02570_,3.36µm
_02572_,3.36µm
_02604_,3.36µm
_02607_,3.36µm
_02623_,3.36µm
_02630_,3.36µm
_02633_,3.36µm
_02712_,3.36µm
_02745_,3.36µm
_02762_,3.36µm
_02767_,3.36µm
_02793_,3.36µm
_02891_,3.36µm
_02963_,3.36µm
_03093_,3.36µm
_03103_,3.36µm
_03212_,3.36µm
_03222_,3.36µm
_03236_,3.36µm
_03250_,3.36µm
_03306_,3.36µm
_03323_,3.36µm
_03349_,3.36µm
_03442_,3.36µm
_03494_,3.36µm
_03668_,3.36µm
_03675_,3.36µm
_03704_,3.36µm
_03708_,3.36µm
_03750_,3.36µm
_03757_,3.36µm
_03763_,3.36µm
_03767_,3.36µm
_03772_,3.36µm
_03779_,3.36µm
_03788_,3.36µm
_03789_,3.36µm
_03799_,3.36µm
_03809_,3.36µm
_03813_,3.36µm
_03818_,3.36µm
_03828_,3.36µm
_03834_,3.36µm
_03836_,3.36µm
_03841_,3.36µm
_03855_,3.36µm
_03937_,3.36µm
_03956_,3.36µm
_03983_,3.36µm
_04011_,3.36µm
_04044_,3.36µm
_04075_,3.36µm
_04076_,3.36µm
_04113_,3.36µm
_04179_,3.36µm
_04187_,3.36µm
_04210_,3.36µm
_04233_,3.36µm
_04255_,3.36µm
_04258_,3.36µm
_04264_,3.36µm
_04279_,3.36µm
_04314_,3.36µm
_04337_,3.36µm
_04340_,3.36µm
_04351_,3.36µm
_04367_,3.36µm
_04370_,3.36µm
_04375_,3.36µm
_04378_,3.36µm
_04384_,3.36µm
_04392_,3.36µm
_04396_,3.36µm
_04407_,3.36µm
_04423_,3.36µm
_04434_,3.36µm
_04459_,3.36µm
_04482_,3.36µm
_04495_,3.36µm
_04513_,3.36µm
_04520_,3.36µm
_04546_,3.36µm
_04553_,3.36µm
_04560_,3.36µm
_04562_,3.36µm
_04563_,3.36µm
_04565_,3.36µm
_04575_,3.36µm
_04579_,3.36µm
_04652_,3.36µm
_04684_,3.36µm
_04755_,3.36µm
_04760_,3.36µm
_04767_,3.36µm
_04783_,3.36µm
_04784_,3.36µm
_04799_,3.36µm
_04832_,3.36µm
_04836_,3.36µm
_04838_,3.36µm
_04843_,3.36µm
_04892_,3.36µm
_04928_,3.36µm
_04938_,3.36µm
_04960_,3.36µm
_04971_,3.36µm
_05008_,3.36µm
_05011_,3.36µm
_05039_,3.36µm
_05075_,3.36µm
_05085_,3.36µm
_05087_,3.36µm
_05088_,3.36µm
_05187_,3.36µm
_05188_,3.36µm
_05189_,3.36µm
_05202_,3.36µm
_05215_,3.36µm
_05234_,3.36µm
_05259_,3.36µm
_05296_,3.36µm
_05302_,3.36µm
_05342_,3.36µm
_05364_,3.36µm
_05376_,3.36µm
_05378_,3.36µm
_05380_,3.36µm
_05383_,3.36µm
_05486_,3.36µm
_05547_,3.36µm
_05801_,3.36µm
_05840_,3.36µm
_06008_,3.36µm
_06025_,3.36µm
_06091_,3.36µm
_06132_,3.36µm
_06353_,3.36µm
_06392_,3.36µm
_06589_,3.36µm
_06684_,3.36µm
_06711_,3.36µm
_06872_,3.36µm
_06899_,3.36µm
_07097_,3.36µm
_07161_,3.36µm
_07162_,3.36µm
_07293_,3.36µm
_07390_,3.36µm
_07394_,3.36µm
_07446_,3.36µm
_07675_,3.36µm
_07697_,3.36µm
_07726_,3.36µm
_07773_,3.36µm
_07809_,3.36µm
_07850_,3.36µm
_08111_,3.36µm
_08112_,3.36µm
_08175_,3.36µm
_08219_,3.36µm
_08331_,3.36µm
_08372_,3.36µm
_08406_,3.36µm
_08485_,3.36µm
_08519_,3.36µm
_08636_,3.36µm
_08643_,3.36µm
_08674_,3.36µm
_08714_,3.36µm
_08781_,3.36µm
_08865_,3.36µm
_08962_,3.36µm
_08984_,3.36µm
_09800_,3.36µm
_09873_,3.36µm
_09943_,3.36µm
_09983_,3.36µm
_10215_,3.36µm
_10363_,3.36µm
_10419_,3.36µm
_10492_,3.36µm
_10660_,3.36µm
_10669_,3.36µm
_10691_,3.36µm
_10902_,3.36µm
_10913_,3.36µm
_10914_,3.36µm
_11018_,3.36µm
_11053_,3.36µm
_11293_,3.36µm
_11306_,3.36µm
_11322_,3.36µm
_11388_,3.36µm
_11408_,3.36µm
_11440_,3.36µm
_11460_,3.36µm
_11611_,3.36µm
_11627_,3.36µm
_11648_,3.36µm
_11661_,3.36µm
_11692_,3.36µm
_11716_,3.36µm
_11732_,3.36µm
_11819_,3.36µm
_11859_,3.36µm
_11905_,3.36µm
_11918_,3.36µm
_11990_,3.36µm
_12013_,3.36µm
_12039_,3.36µm
_12081_,3.36µm
_12113_,3.36µm
_12157_,3.36µm
_12253_,3.36µm
_12346_,3.36µm
_12427_,3.36µm
_12433_,3.36µm
_12515_,3.36µm
_12567_,3.36µm
_12623_,3.36µm
_12659_,3.36µm
_12691_,3.36µm
_12699_,3.36µm
_12775_,3.36µm
_12825_,3.36µm
_12834_,3.36µm
_12911_,3.36µm
_13012_,3.36µm
_13209_,3.36µm
_13232_,3.36µm
_13301_,3.36µm
_13382_,3.36µm
_13400_,3.36µm
_13451_,3.36µm
_13454_,3.36µm
_13518_,3.36µm
_13554_,3.36µm
_13612_,3.36µm
_13619_,3.36µm
_13662_,3.36µm
_13704_,3.36µm
_13713_,3.36µm
_13883_,3.36µm
_14170_,3.36µm
_14423_,3.36µm
_14480_,3.36µm
_14630_,3.36µm
_14665_,3.36µm
_14716_,3.36µm
_14723_,3.36µm
_14907_,3.36µm
_15249_,3.36µm
_15296_,3.36µm
_15426_,3.36µm
_15549_,3.36µm
_15582_,3.36µm
_15667_,3.36µm
_15887_,3.36µm
_15966_,3.36µm
_16225_,3.36µm
_16296_,3.36µm
_16532_,3.36µm
_16639_,3.36µm
_16666_,3.36µm
_16697_,3.36µm
_16734_,3.36µm
_16780_,3.36µm
_16885_,3.36µm
_16897_,3.36µm
_16919_,3.36µm
_16925_,3.36µm
_17069_,3.36µm
_17104_,3.36µm
_17135_,3.36µm
_17237_,3.36µm
_17336_,3.36µm
_17436_,3.36µm
_17470_,3.36µm
_17560_,3.36µm
_17759_,3.36µm
_17780_,3.36µm
_17930_,3.36µm
_17955_,3.36µm
_17979_,3.36µm
_18043_,3.36µm
_18148_,3.36µm
_18467_,3.36µm
_18557_,3.36µm
_18584_,3.36µm
_18600_,3.36µm
_18638_,3.36µm
_18645_,3.36µm
_18656_,3.36µm
_18676_,3.36µm
_18766_,3.36µm
_18811_,3.36µm
_18816_,3.36µm
_19009_,3.36µm
_19016_,3.36µm
_19018_,3.36µm
_19027_,3.36µm
_19068_,3.36µm
_19089_,3.36µm
_19101_,3.36µm
_19107_,3.36µm
_19270_,3.36µm
_19317_,3.36µm
_19380_,3.36µm
_19427_,3.36µm
_19456_,3.36µm
_19578_,3.36µm
_19607_,3.36µm
_19630_,3.36µm
_19672_,3.36µm
_19709_,3.36µm
_19720_,3.36µm
_19721_,3.36µm
_19786_,3.36µm
_19893_,3.36µm
_20132_,3.36µm
_20242_,3.36µm
_20278_,3.36µm
_20289_,3.36µm
_20297_,3.36µm
_20303_,3.36µm
_20305_,3.36µm
_20313_,3.36µm
_20552_,3.36µm
_20696_,3.36µm
_20830_,3.36µm
_20846_,3.36µm
_20850_,3.36µm
_20862_,3.36µm
_20871_,3.36µm
_20882_,3.36µm
_20975_,3.36µm
_21007_,3.36µm
_21009_,3.36µm
_21105_,3.36µm
_21124_,3.36µm
_21186_,3.36µm
_21206_,3.36µm
_21275_,3.36µm
_21426_,3.36µm
_21442_,3.36µm
_21482_,3.36µm
_21787_,3.36µm
_21862_,3.36µm
_21928_,3.36µm
_22007_,3.36µm
_22137_,3.36µm
_22163_,3.36µm
_22182_,3.36µm
_22196_,3.36µm
_22249_,3.36µm
_22255_,3.36µm
_22384_,3.36µm
_22445_,3.36µm
_22476_,3.36µm
_22495_,3.36µm
_22509_,3.36µm
_22510_,3.36µm
_22558_,3.36µm
_22603_,3.36µm
_22652_,3.36µm
_22680_,3.36µm
_22715_,3.36µm
_22730_,3.36µm
_22756_,3.36µm
_22823_,3.36µm
_22852_,3.36µm
_22897_,3.36µm
_22951_,3.36µm
_23077_,3.36µm
_23130_,3.36µm
_23293_,3.36µm
_23307_,3.36µm
_23336_,3.36µm
_23483_,3.36µm
_23497_,3.36µm
_23542_,3.36µm
_23590_,3.36µm
_23592_,3.36µm
_23654_,3.36µm
_23755_,3.36µm
_23803_,3.36µm
_23997_,3.36µm
_24260_,3.36µm
_24285_,3.36µm
_24321_,3.36µm
_24390_,3.36µm
_24401_,3.36µm
_24413_,3.36µm
_24436_,3.36µm
_24481_,3.36µm
_24497_,3.36µm
_24536_,3.36µm
_24549_,3.36µm
_24578_,3.36µm
_24624_,3.36µm
_24710_,3.36µm
_24786_,3.36µm
_24842_,3.36µm
_24867_,3.36µm
_24903_,3.36µm
_24979_,3.36µm
_24984_,3.36µm
_25109_,3.36µm
_25116_,3.36µm
_25280_,3.36µm
_25380_,3.36µm
_25463_,3.36µm
_25466_,3.36µm
_25575_,3.36µm
_25578_,3.36µm
_25602_,3.36µm
_25715_,3.36µm
_25806_,3.36µm
_25817_,3.36µm
_26025_,3.36µm
_26085_,3.36µm
_26121_,3.36µm
_26247_,3.36µm
_26304_,3.36µm
_26396_,3.36µm
_26427_,3.36µm
_26458_,3.36µm
_26532_,3.36µm
_26585_,3.36µm
_26703_,3.36µm
_26768_,3.36µm
_26888_,3.36µm
_26982_,3.36µm
_26989_,3.36µm
_27003_,3.36µm
_27036_,3.36µm
_27105_,3.36µm
_27109_,3.36µm
_27135_,3.36µm
_27340_,3.36µm
_27365_,3.36µm
_27615_,3.36µm
_27618_,3.36µm
_27772_,3.36µm
_27788_,3.36µm
_28045_,3.36µm
_28099_,3.36µm
_28107_,3.36µm
i_core_v_mini_mcu.ao_peripheral_subsystem_i.power_manager_i.power_manager_reg_top_i.master_cpu_force_iso_on_qs,3.36µm
i_core_v_mini_mcu.ao_peripheral_subsystem_i.power_manager_i.power_manager_reg_top_i.u_intr_state.wr_data\[24\],3.36µm
i_core_v_mini_mcu.ao_peripheral_subsystem_i.power_manager_i.power_manager_reg_top_i.u_intr_state.wr_data\[29\],3.36µm
i_core_v_mini_mcu.ao_peripheral_subsystem_i.spi_subsystem_i.obi_spimemio_i.obi_to_picorv32_i.obi_resp_o\[9\],3.36µm
i_core_v_mini_mcu.ao_peripheral_subsystem_i.spi_subsystem_i.obi_spimemio_i.spimemio_i.din_tag\[2\],3.36µm
i_core_v_mini_mcu.ao_peripheral_subsystem_i.spi_subsystem_i.obi_spimemio_i.spimemio_i.xfer.fetch,3.36µm
i_core_v_mini_mcu.ao_peripheral_subsystem_i.spi_subsystem_i.obi_spimemio_i.spimemio_i.xfer.flash_csb,3.36µm
i_core_v_mini_mcu.ao_peripheral_subsystem_i.tdu_core_wake_o\[1\],3.36µm
i_core_v_mini_mcu.system_bus_i.gen_demux_xbar\[3\].demux_xbar_i.u_xbar_varlat.gen_inputs\[0\].i_addr_dec_resp_mux.valid_inflight_d,3.36µm
net1184,3.36µm
_26051_,3.08µm
_27146_,3.08µm
_06089_,2.9µm
_06112_,2.9µm
_06277_,2.9µm
_06769_,2.9µm
_06857_,2.9µm
_07167_,2.9µm
_07415_,2.9µm
_08126_,2.9µm
_08370_,2.9µm
_08974_,2.9µm
_09035_,2.9µm
_09130_,2.9µm
_10247_,2.9µm
_10292_,2.9µm
_12536_,2.9µm
_13293_,2.9µm
_13296_,2.9µm
_13457_,2.9µm
_13870_,2.9µm
_13891_,2.9µm
_14539_,2.9µm
_14562_,2.9µm
_14575_,2.9µm
_14663_,2.9µm
_14691_,2.9µm
_14707_,2.9µm
_14922_,2.9µm
_15351_,2.9µm
_15404_,2.9µm
_15580_,2.9µm
_15616_,2.9µm
_15860_,2.9µm
_16003_,2.9µm
_16179_,2.9µm
_16340_,2.9µm
_16471_,2.9µm
_16519_,2.9µm
_16723_,2.9µm
_16750_,2.9µm
_16865_,2.9µm
_17162_,2.9µm
_17168_,2.9µm
_17254_,2.9µm
_17286_,2.9µm
_17373_,2.9µm
_17375_,2.9µm
_17390_,2.9µm
_17563_,2.9µm
_17596_,2.9µm
_17893_,2.9µm
_18034_,2.9µm
_18068_,2.9µm
_18262_,2.9µm
_18378_,2.9µm
_20012_,2.9µm
_20089_,2.9µm
_20234_,2.9µm
_21413_,2.9µm
_21474_,2.9µm
_21756_,2.9µm
_21852_,2.9µm
_21970_,2.9µm
_22015_,2.9µm
_22046_,2.9µm
_22094_,2.9µm
_22539_,2.9µm
_22668_,2.9µm
_22684_,2.9µm
_23586_,2.9µm
_24315_,2.9µm
_25781_,2.9µm
_05945_,2.85µm
_05954_,2.85µm
_06103_,2.85µm
_06470_,2.85µm
_08182_,2.85µm
_09339_,2.85µm
_09393_,2.85µm
_13409_,2.85µm
_14314_,2.85µm
_14350_,2.85µm
_14365_,2.85µm
_14379_,2.85µm
_14513_,2.85µm
_14803_,2.85µm
_15266_,2.85µm
_15665_,2.85µm
_15809_,2.85µm
_16201_,2.85µm
_16215_,2.85µm
_16293_,2.85µm
_16702_,2.85µm
_16804_,2.85µm
_16854_,2.85µm
_16856_,2.85µm
_16935_,2.85µm
_17014_,2.85µm
_17282_,2.85µm
_17288_,2.85µm
_17326_,2.85µm
_17342_,2.85µm
_17467_,2.85µm
_17525_,2.85µm
_17541_,2.85µm
_17582_,2.85µm
_17653_,2.85µm
_17927_,2.85µm
_17973_,2.85µm
_18122_,2.85µm
_18624_,2.85µm
_20079_,2.85µm
_22049_,2.85µm
_22188_,2.85µm
_22600_,2.85µm
_22618_,2.85µm
_23612_,2.85µm
_24511_,2.85µm
_25125_,2.85µm
_27707_,2.85µm
_00003_,2.8µm
_00038_,2.8µm
_00062_,2.8µm
_00064_,2.8µm
_00109_,2.8µm
_00125_,2.8µm
_00126_,2.8µm
_00127_,2.8µm
_00137_,2.8µm
_00138_,2.8µm
_00177_,2.8µm
_00205_,2.8µm
_00213_,2.8µm
_00221_,2.8µm
_00232_,2.8µm
_00251_,2.8µm
_00262_,2.8µm
_00291_,2.8µm
_00301_,2.8µm
_00324_,2.8µm
_00327_,2.8µm
_00360_,2.8µm
_00368_,2.8µm
_00375_,2.8µm
_00387_,2.8µm
_00405_,2.8µm
_00422_,2.8µm
_00429_,2.8µm
_00439_,2.8µm
_00455_,2.8µm
_00458_,2.8µm
_00462_,2.8µm
_00480_,2.8µm
_00488_,2.8µm
_00504_,2.8µm
_00506_,2.8µm
_00525_,2.8µm
_00542_,2.8µm
_00548_,2.8µm
_00558_,2.8µm
_00594_,2.8µm
_00608_,2.8µm
_00624_,2.8µm
_00625_,2.8µm
_00635_,2.8µm
_00662_,2.8µm
_00669_,2.8µm
_00679_,2.8µm
_00684_,2.8µm
_00693_,2.8µm
_00731_,2.8µm
_00776_,2.8µm
_00787_,2.8µm
_00795_,2.8µm
_00811_,2.8µm
_00813_,2.8µm
_00835_,2.8µm
_00861_,2.8µm
_00866_,2.8µm
_00874_,2.8µm
_00887_,2.8µm
_00902_,2.8µm
_00907_,2.8µm
_00910_,2.8µm
_00918_,2.8µm
_00929_,2.8µm
_00943_,2.8µm
_00950_,2.8µm
_01003_,2.8µm
_01016_,2.8µm
_01018_,2.8µm
_01023_,2.8µm
_01037_,2.8µm
_01046_,2.8µm
_01052_,2.8µm
_01060_,2.8µm
_01085_,2.8µm
_01149_,2.8µm
_01151_,2.8µm
_01152_,2.8µm
_01159_,2.8µm
_01208_,2.8µm
_01221_,2.8µm
_01246_,2.8µm
_01259_,2.8µm
_01279_,2.8µm
_01282_,2.8µm
_01300_,2.8µm
_01341_,2.8µm
_01364_,2.8µm
_01379_,2.8µm
_01425_,2.8µm
_01443_,2.8µm
_01447_,2.8µm
_01461_,2.8µm
_01511_,2.8µm
_01543_,2.8µm
_01558_,2.8µm
_01575_,2.8µm
_01590_,2.8µm
_01595_,2.8µm
_01612_,2.8µm
_01653_,2.8µm
_01711_,2.8µm
_01722_,2.8µm
_01727_,2.8µm
_01743_,2.8µm
_01746_,2.8µm
_01760_,2.8µm
_01763_,2.8µm
_01776_,2.8µm
_01783_,2.8µm
_01794_,2.8µm
_01800_,2.8µm
_01811_,2.8µm
_01829_,2.8µm
_01845_,2.8µm
_01858_,2.8µm
_01862_,2.8µm
_01875_,2.8µm
_01881_,2.8µm
_01922_,2.8µm
_01935_,2.8µm
_01936_,2.8µm
_01960_,2.8µm
_01995_,2.8µm
_02003_,2.8µm
_02015_,2.8µm
_02037_,2.8µm
_02048_,2.8µm
_02061_,2.8µm
_02063_,2.8µm
_02070_,2.8µm
_02076_,2.8µm
_02087_,2.8µm
_02095_,2.8µm
_02098_,2.8µm
_02111_,2.8µm
_02122_,2.8µm
_02142_,2.8µm
_02161_,2.8µm
_02165_,2.8µm
_02166_,2.8µm
_02168_,2.8µm
_02174_,2.8µm
_02186_,2.8µm
_02215_,2.8µm
_02219_,2.8µm
_02270_,2.8µm
_02298_,2.8µm
_02303_,2.8µm
_02319_,2.8µm
_02327_,2.8µm
_02339_,2.8µm
_02347_,2.8µm
_02375_,2.8µm
_02383_,2.8µm
_02412_,2.8µm
_02431_,2.8µm
_02435_,2.8µm
_02437_,2.8µm
_02441_,2.8µm
_02443_,2.8µm
_02449_,2.8µm
_02462_,2.8µm
_02503_,2.8µm
_02513_,2.8µm
_02516_,2.8µm
_02536_,2.8µm
_02580_,2.8µm
_02585_,2.8µm
_02590_,2.8µm
_02592_,2.8µm
_02602_,2.8µm
_02605_,2.8µm
_02609_,2.8µm
_02631_,2.8µm
_02644_,2.8µm
_02649_,2.8µm
_02665_,2.8µm
_02670_,2.8µm
_02677_,2.8µm
_02698_,2.8µm
_02707_,2.8µm
_02719_,2.8µm
_02722_,2.8µm
_02725_,2.8µm
_02736_,2.8µm
_02777_,2.8µm
_02819_,2.8µm
_02820_,2.8µm
_02884_,2.8µm
_02887_,2.8µm
_02915_,2.8µm
_02980_,2.8µm
_02991_,2.8µm
_02993_,2.8µm
_02996_,2.8µm
_03006_,2.8µm
_03020_,2.8µm
_03050_,2.8µm
_03058_,2.8µm
_03069_,2.8µm
_03070_,2.8µm
_03086_,2.8µm
_03106_,2.8µm
_03107_,2.8µm
_03113_,2.8µm
_03154_,2.8µm
_03174_,2.8µm
_03189_,2.8µm
_03190_,2.8µm
_03201_,2.8µm
_03209_,2.8µm
_03218_,2.8µm
_03229_,2.8µm
_03233_,2.8µm
_03241_,2.8µm
_03262_,2.8µm
_03282_,2.8µm
_03305_,2.8µm
_03370_,2.8µm
_03388_,2.8µm
_03396_,2.8µm
_03407_,2.8µm
_03410_,2.8µm
_03427_,2.8µm
_03448_,2.8µm
_03459_,2.8µm
_03478_,2.8µm
_03480_,2.8µm
_03488_,2.8µm
_03507_,2.8µm
_03515_,2.8µm
_03526_,2.8µm
_03547_,2.8µm
_03551_,2.8µm
_03576_,2.8µm
_03583_,2.8µm
_03585_,2.8µm
_03589_,2.8µm
_03604_,2.8µm
_03608_,2.8µm
_03639_,2.8µm
_03654_,2.8µm
_03663_,2.8µm
_03665_,2.8µm
_03695_,2.8µm
_03701_,2.8µm
_03771_,2.8µm
_03791_,2.8µm
_03840_,2.8µm
_03867_,2.8µm
_03868_,2.8µm
_03870_,2.8µm
_03887_,2.8µm
_03888_,2.8µm
_03902_,2.8µm
_03918_,2.8µm
_03920_,2.8µm
_03955_,2.8µm
_03969_,2.8µm
_03970_,2.8µm
_03977_,2.8µm
_03986_,2.8µm
_04018_,2.8µm
_04048_,2.8µm
_04052_,2.8µm
_04056_,2.8µm
_04081_,2.8µm
_04094_,2.8µm
_04110_,2.8µm
_04118_,2.8µm
_04144_,2.8µm
_04145_,2.8µm
_04150_,2.8µm
_04158_,2.8µm
_04183_,2.8µm
_04252_,2.8µm
_04254_,2.8µm
_04267_,2.8µm
_04273_,2.8µm
_04280_,2.8µm
_04306_,2.8µm
_04307_,2.8µm
_04308_,2.8µm
_04324_,2.8µm
_04341_,2.8µm
_04363_,2.8µm
_04374_,2.8µm
_04379_,2.8µm
_04383_,2.8µm
_04388_,2.8µm
_04412_,2.8µm
_04413_,2.8µm
_04415_,2.8µm
_04450_,2.8µm
_04461_,2.8µm
_04462_,2.8µm
_04471_,2.8µm
_04479_,2.8µm
_04480_,2.8µm
_04481_,2.8µm
_04496_,2.8µm
_04522_,2.8µm
_04584_,2.8µm
_04593_,2.8µm
_04602_,2.8µm
_04609_,2.8µm
_04611_,2.8µm
_04670_,2.8µm
_04685_,2.8µm
_04702_,2.8µm
_04723_,2.8µm
_04731_,2.8µm
_04765_,2.8µm
_04804_,2.8µm
_04808_,2.8µm
_04824_,2.8µm
_04894_,2.8µm
_04907_,2.8µm
_04920_,2.8µm
_04940_,2.8µm
_04945_,2.8µm
_04952_,2.8µm
_04954_,2.8µm
_04977_,2.8µm
_04979_,2.8µm
_04983_,2.8µm
_04985_,2.8µm
_04990_,2.8µm
_05005_,2.8µm
_05007_,2.8µm
_05010_,2.8µm
_05024_,2.8µm
_05036_,2.8µm
_05042_,2.8µm
_05049_,2.8µm
_05051_,2.8µm
_05067_,2.8µm
_05073_,2.8µm
_05074_,2.8µm
_05078_,2.8µm
_05079_,2.8µm
_05098_,2.8µm
_05184_,2.8µm
_05285_,2.8µm
_05350_,2.8µm
_05356_,2.8µm
_05375_,2.8µm
_05396_,2.8µm
_05582_,2.8µm
_05698_,2.8µm
_05744_,2.8µm
_05768_,2.8µm
_05775_,2.8µm
_05819_,2.8µm
_05886_,2.8µm
_05910_,2.8µm
_05937_,2.8µm
_05944_,2.8µm
_05984_,2.8µm
_06678_,2.8µm
_06713_,2.8µm
_07109_,2.8µm
_07116_,2.8µm
_07158_,2.8µm
_07263_,2.8µm
_07317_,2.8µm
_07365_,2.8µm
_07509_,2.8µm
_07561_,2.8µm
_07674_,2.8µm
_07763_,2.8µm
_07786_,2.8µm
_07801_,2.8µm
_07819_,2.8µm
_07846_,2.8µm
_07854_,2.8µm
_07998_,2.8µm
_08037_,2.8µm
_08131_,2.8µm
_08273_,2.8µm
_08498_,2.8µm
_08592_,2.8µm
_08603_,2.8µm
_08672_,2.8µm
_08687_,2.8µm
_08881_,2.8µm
_08903_,2.8µm
_08964_,2.8µm
_08995_,2.8µm
_09123_,2.8µm
_09221_,2.8µm
_09303_,2.8µm
_09449_,2.8µm
_09450_,2.8µm
_09594_,2.8µm
_09693_,2.8µm
_09710_,2.8µm
_09963_,2.8µm
_10008_,2.8µm
_10050_,2.8µm
_10163_,2.8µm
_10179_,2.8µm
_10346_,2.8µm
_10433_,2.8µm
_10477_,2.8µm
_10483_,2.8µm
_10601_,2.8µm
_10686_,2.8µm
_10722_,2.8µm
_10788_,2.8µm
_11062_,2.8µm
_11103_,2.8µm
_11185_,2.8µm
_11260_,2.8µm
_11313_,2.8µm
_11323_,2.8µm
_11337_,2.8µm
_11371_,2.8µm
_11397_,2.8µm
_11403_,2.8µm
_11513_,2.8µm
_11688_,2.8µm
_11785_,2.8µm
_11833_,2.8µm
_12022_,2.8µm
_12234_,2.8µm
_12372_,2.8µm
_12473_,2.8µm
_12581_,2.8µm
_12637_,2.8µm
_12725_,2.8µm
_12772_,2.8µm
_12778_,2.8µm
_12784_,2.8µm
_12956_,2.8µm
_12988_,2.8µm
_13038_,2.8µm
_13054_,2.8µm
_13088_,2.8µm
_13105_,2.8µm
_13202_,2.8µm
_13381_,2.8µm
_13434_,2.8µm
_13446_,2.8µm
_13528_,2.8µm
_13588_,2.8µm
_13593_,2.8µm
_13598_,2.8µm
_13720_,2.8µm
_13831_,2.8µm
_13873_,2.8µm
_13888_,2.8µm
_13954_,2.8µm
_14016_,2.8µm
_14223_,2.8µm
_14224_,2.8µm
_14225_,2.8µm
_14354_,2.8µm
_14359_,2.8µm
_14360_,2.8µm
_14364_,2.8µm
_14375_,2.8µm
_14407_,2.8µm
_14444_,2.8µm
_14454_,2.8µm
_14455_,2.8µm
_14535_,2.8µm
_14545_,2.8µm
_14554_,2.8µm
_14560_,2.8µm
_14564_,2.8µm
_14565_,2.8µm
_14569_,2.8µm
_14595_,2.8µm
_14628_,2.8µm
_14635_,2.8µm
_14639_,2.8µm
_14642_,2.8µm
_14666_,2.8µm
_14672_,2.8µm
_14708_,2.8µm
_14717_,2.8µm
_14728_,2.8µm
_14737_,2.8µm
_14746_,2.8µm
_14748_,2.8µm
_14752_,2.8µm
_14773_,2.8µm
_14774_,2.8µm
_14777_,2.8µm
_14783_,2.8µm
_14805_,2.8µm
_14809_,2.8µm
_14813_,2.8µm
_14815_,2.8µm
_14821_,2.8µm
_14905_,2.8µm
_14927_,2.8µm
_14935_,2.8µm
_14964_,2.8µm
_15005_,2.8µm
_15016_,2.8µm
_15031_,2.8µm
_15041_,2.8µm
_15049_,2.8µm
_15052_,2.8µm
_15054_,2.8µm
_15072_,2.8µm
_15088_,2.8µm
_15096_,2.8µm
_15104_,2.8µm
_15116_,2.8µm
_15121_,2.8µm
_15154_,2.8µm
_15160_,2.8µm
_15170_,2.8µm
_15181_,2.8µm
_15188_,2.8µm
_15216_,2.8µm
_15227_,2.8µm
_15245_,2.8µm
_15259_,2.8µm
_15260_,2.8µm
_15283_,2.8µm
_15289_,2.8µm
_15290_,2.8µm
_15293_,2.8µm
_15304_,2.8µm
_15307_,2.8µm
_15310_,2.8µm
_15315_,2.8µm
_15316_,2.8µm
_15324_,2.8µm
_15342_,2.8µm
_15347_,2.8µm
_15375_,2.8µm
_15399_,2.8µm
_15461_,2.8µm
_15516_,2.8µm
_15517_,2.8µm
_15519_,2.8µm
_15527_,2.8µm
_15529_,2.8µm
_15554_,2.8µm
_15558_,2.8µm
_15561_,2.8µm
_15577_,2.8µm
_15612_,2.8µm
_15622_,2.8µm
_15650_,2.8µm
_15656_,2.8µm
_15682_,2.8µm
_15684_,2.8µm
_15685_,2.8µm
_15718_,2.8µm
_15799_,2.8µm
_15834_,2.8µm
_15849_,2.8µm
_15883_,2.8µm
_15901_,2.8µm
_15907_,2.8µm
_15952_,2.8µm
_15959_,2.8µm
_15993_,2.8µm
_16008_,2.8µm
_16014_,2.8µm
_16032_,2.8µm
_16040_,2.8µm
_16043_,2.8µm
_16063_,2.8µm
_16090_,2.8µm
_16094_,2.8µm
_16097_,2.8µm
_16130_,2.8µm
_16136_,2.8µm
_16139_,2.8µm
_16146_,2.8µm
_16149_,2.8µm
_16159_,2.8µm
_16161_,2.8µm
_16164_,2.8µm
_16178_,2.8µm
_16196_,2.8µm
_16210_,2.8µm
_16216_,2.8µm
_16218_,2.8µm
_16242_,2.8µm
_16243_,2.8µm
_16245_,2.8µm
_16258_,2.8µm
_16267_,2.8µm
_16268_,2.8µm
_16284_,2.8µm
_16288_,2.8µm
_16299_,2.8µm
_16410_,2.8µm
_16419_,2.8µm
_16483_,2.8µm
_16517_,2.8µm
_16569_,2.8µm
_16573_,2.8µm
_16575_,2.8µm
_16581_,2.8µm
_16589_,2.8µm
_16615_,2.8µm
_16621_,2.8µm
_16629_,2.8µm
_16632_,2.8µm
_16650_,2.8µm
_16661_,2.8µm
_16663_,2.8µm
_16682_,2.8µm
_16696_,2.8µm
_16703_,2.8µm
_16705_,2.8µm
_16739_,2.8µm
_16745_,2.8µm
_16762_,2.8µm
_16763_,2.8µm
_16774_,2.8µm
_16775_,2.8µm
_16782_,2.8µm
_16794_,2.8µm
_16795_,2.8µm
_16817_,2.8µm
_16851_,2.8µm
_16857_,2.8µm
_16894_,2.8µm
_16902_,2.8µm
_16903_,2.8µm
_16909_,2.8µm
_16955_,2.8µm
_16958_,2.8µm
_16961_,2.8µm
_16988_,2.8µm
_17007_,2.8µm
_17010_,2.8µm
_17011_,2.8µm
_17016_,2.8µm
_17033_,2.8µm
_17076_,2.8µm
_17082_,2.8µm
_17096_,2.8µm
_17133_,2.8µm
_17139_,2.8µm
_17142_,2.8µm
_17153_,2.8µm
_17160_,2.8µm
_17185_,2.8µm
_17187_,2.8µm
_17191_,2.8µm
_17222_,2.8µm
_17234_,2.8µm
_17251_,2.8µm
_17257_,2.8µm
_17285_,2.8µm
_17292_,2.8µm
_17297_,2.8µm
_17301_,2.8µm
_17310_,2.8µm
_17320_,2.8µm
_17340_,2.8µm
_17343_,2.8µm
_17346_,2.8µm
_17352_,2.8µm
_17360_,2.8µm
_17376_,2.8µm
_17381_,2.8µm
_17410_,2.8µm
_17459_,2.8µm
_17469_,2.8µm
_17495_,2.8µm
_17550_,2.8µm
_17567_,2.8µm
_17572_,2.8µm
_17607_,2.8µm
_17608_,2.8µm
_17613_,2.8µm
_17616_,2.8µm
_17618_,2.8µm
_17626_,2.8µm
_17661_,2.8µm
_17695_,2.8µm
_17705_,2.8µm
_17736_,2.8µm
_17762_,2.8µm
_17765_,2.8µm
_17771_,2.8µm
_17779_,2.8µm
_17795_,2.8µm
_17805_,2.8µm
_17810_,2.8µm
_17827_,2.8µm
_17839_,2.8µm
_17852_,2.8µm
_17864_,2.8µm
_17873_,2.8µm
_17883_,2.8µm
_17885_,2.8µm
_17889_,2.8µm
_17899_,2.8µm
_17915_,2.8µm
_17919_,2.8µm
_17926_,2.8µm
_17941_,2.8µm
_17947_,2.8µm
_17956_,2.8µm
_17964_,2.8µm
_17965_,2.8µm
_17971_,2.8µm
_17991_,2.8µm
_18000_,2.8µm
_18021_,2.8µm
_18025_,2.8µm
_18028_,2.8µm
_18045_,2.8µm
_18046_,2.8µm
_18066_,2.8µm
_18080_,2.8µm
_18083_,2.8µm
_18087_,2.8µm
_18090_,2.8µm
_18103_,2.8µm
_18106_,2.8µm
_18117_,2.8µm
_18123_,2.8µm
_18128_,2.8µm
_18156_,2.8µm
_18167_,2.8µm
_18195_,2.8µm
_18202_,2.8µm
_18247_,2.8µm
_18296_,2.8µm
_18306_,2.8µm
_18362_,2.8µm
_18381_,2.8µm
_18411_,2.8µm
_18421_,2.8µm
_18451_,2.8µm
_18463_,2.8µm
_18503_,2.8µm
_18531_,2.8µm
_18533_,2.8µm
_18540_,2.8µm
_18546_,2.8µm
_18582_,2.8µm
_18604_,2.8µm
_18605_,2.8µm
_18616_,2.8µm
_18627_,2.8µm
_18666_,2.8µm
_18667_,2.8µm
_18698_,2.8µm
_18701_,2.8µm
_18722_,2.8µm
_18753_,2.8µm
_18772_,2.8µm
_18781_,2.8µm
_18796_,2.8µm
_18805_,2.8µm
_18807_,2.8µm
_18824_,2.8µm
_18847_,2.8µm
_18858_,2.8µm
_18860_,2.8µm
_18867_,2.8µm
_18870_,2.8µm
_18878_,2.8µm
_18879_,2.8µm
_18892_,2.8µm
_18918_,2.8µm
_18926_,2.8µm
_18932_,2.8µm
_18966_,2.8µm
_18978_,2.8µm
_18981_,2.8µm
_19005_,2.8µm
_19013_,2.8µm
_19015_,2.8µm
_19059_,2.8µm
_19063_,2.8µm
_19067_,2.8µm
_19070_,2.8µm
_19095_,2.8µm
_19108_,2.8µm
_19117_,2.8µm
_19119_,2.8µm
_19140_,2.8µm
_19172_,2.8µm
_19175_,2.8µm
_19182_,2.8µm
_19189_,2.8µm
_19202_,2.8µm
_19212_,2.8µm
_19240_,2.8µm
_19253_,2.8µm
_19261_,2.8µm
_19264_,2.8µm
_19277_,2.8µm
_19316_,2.8µm
_19318_,2.8µm
_19321_,2.8µm
_19326_,2.8µm
_19352_,2.8µm
_19384_,2.8µm
_19394_,2.8µm
_19406_,2.8µm
_19410_,2.8µm
_19423_,2.8µm
_19424_,2.8µm
_19431_,2.8µm
_19458_,2.8µm
_19471_,2.8µm
_19481_,2.8µm
_19503_,2.8µm
_19512_,2.8µm
_19558_,2.8µm
_19580_,2.8µm
_19599_,2.8µm
_19611_,2.8µm
_19632_,2.8µm
_19639_,2.8µm
_19673_,2.8µm
_19693_,2.8µm
_19722_,2.8µm
_19754_,2.8µm
_19755_,2.8µm
_19764_,2.8µm
_19787_,2.8µm
_19795_,2.8µm
_19829_,2.8µm
_19836_,2.8µm
_19850_,2.8µm
_19854_,2.8µm
_19878_,2.8µm
_19910_,2.8µm
_19942_,2.8µm
_19999_,2.8µm
_20053_,2.8µm
_20076_,2.8µm
_20081_,2.8µm
_20086_,2.8µm
_20125_,2.8µm
_20131_,2.8µm
_20133_,2.8µm
_20164_,2.8µm
_20183_,2.8µm
_20251_,2.8µm
_20281_,2.8µm
_20288_,2.8µm
_20292_,2.8µm
_20306_,2.8µm
_20476_,2.8µm
_20477_,2.8µm
_20485_,2.8µm
_20506_,2.8µm
_20517_,2.8µm
_20588_,2.8µm
_20697_,2.8µm
_20702_,2.8µm
_20707_,2.8µm
_20710_,2.8µm
_20725_,2.8µm
_20728_,2.8µm
_20740_,2.8µm
_20849_,2.8µm
_20856_,2.8µm
_20902_,2.8µm
_20960_,2.8µm
_21067_,2.8µm
_21086_,2.8µm
_21155_,2.8µm
_21174_,2.8µm
_21180_,2.8µm
_21300_,2.8µm
_21301_,2.8µm
_21383_,2.8µm
_21450_,2.8µm
_21476_,2.8µm
_21539_,2.8µm
_21654_,2.8µm
_21672_,2.8µm
_21796_,2.8µm
_21800_,2.8µm
_21802_,2.8µm
_21822_,2.8µm
_21859_,2.8µm
_22060_,2.8µm
_22068_,2.8µm
_22119_,2.8µm
_22195_,2.8µm
_22204_,2.8µm
_22336_,2.8µm
_22372_,2.8µm
_22379_,2.8µm
_22383_,2.8µm
_22390_,2.8µm
_22401_,2.8µm
_22407_,2.8µm
_22414_,2.8µm
_22452_,2.8µm
_22455_,2.8µm
_22459_,2.8µm
_22460_,2.8µm
_22491_,2.8µm
_22512_,2.8µm
_22514_,2.8µm
_22542_,2.8µm
_22544_,2.8µm
_22767_,2.8µm
_22878_,2.8µm
_22918_,2.8µm
_22931_,2.8µm
_23008_,2.8µm
_23038_,2.8µm
_23084_,2.8µm
_23105_,2.8µm
_23175_,2.8µm
_23220_,2.8µm
_23278_,2.8µm
_23382_,2.8µm
_23404_,2.8µm
_23416_,2.8µm
_23607_,2.8µm
_23621_,2.8µm
_23650_,2.8µm
_23651_,2.8µm
_23684_,2.8µm
_23720_,2.8µm
_23730_,2.8µm
_23831_,2.8µm
_23856_,2.8µm
_23912_,2.8µm
_24135_,2.8µm
_24173_,2.8µm
_24216_,2.8µm
_24438_,2.8µm
_24474_,2.8µm
_24890_,2.8µm
_24919_,2.8µm
_24962_,2.8µm
_25056_,2.8µm
_25058_,2.8µm
_25069_,2.8µm
_25081_,2.8µm
_25131_,2.8µm
_25174_,2.8µm
_25234_,2.8µm
_25366_,2.8µm
_25469_,2.8µm
_25480_,2.8µm
_25557_,2.8µm
_25717_,2.8µm
_25744_,2.8µm
_25892_,2.8µm
_25922_,2.8µm
_26046_,2.8µm
_26075_,2.8µm
_26101_,2.8µm
_26115_,2.8µm
_26152_,2.8µm
_26229_,2.8µm
_26260_,2.8µm
_26325_,2.8µm
_26417_,2.8µm
_26463_,2.8µm
_26491_,2.8µm
_26587_,2.8µm
_26617_,2.8µm
_26979_,2.8µm
_27002_,2.8µm
_27103_,2.8µm
_27118_,2.8µm
_27128_,2.8µm
_27227_,2.8µm
_27251_,2.8µm
_27378_,2.8µm
_27462_,2.8µm
_27533_,2.8µm
_27562_,2.8µm
_27612_,2.8µm
_27625_,2.8µm
_27634_,2.8µm
_27660_,2.8µm
_27664_,2.8µm
_27723_,2.8µm
_27729_,2.8µm
_27771_,2.8µm
_27784_,2.8µm
_27824_,2.8µm
_27837_,2.8µm
_27846_,2.8µm
_27880_,2.8µm
_27881_,2.8µm
_27922_,2.8µm
_28032_,2.8µm
_28075_,2.8µm
i_core_v_mini_mcu.ao_peripheral_subsystem_i.power_manager_i.power_manager_reg_top_i.u_intr_state.wr_data\[31\],2.8µm
i_core_v_mini_mcu.ao_peripheral_subsystem_i.spi_subsystem_i.obi_spimemio_i.flash_io1_do_o,2.8µm
i_core_v_mini_mcu.ao_peripheral_subsystem_i.spi_subsystem_i.obi_spimemio_i.obi_to_picorv32_i.obi_resp_o\[11\],2.8µm
i_core_v_mini_mcu.ao_peripheral_subsystem_i.spi_subsystem_i.obi_spimemio_i.obi_to_picorv32_i.obi_resp_o\[6\],2.8µm
i_core_v_mini_mcu.ao_peripheral_subsystem_i.spi_subsystem_i.obi_spimemio_i.spimemio_i.xfer_io2_90,2.8µm
i_core_v_mini_mcu.system_bus_i.system_xbar_i.gen_xbar_NtoM.i_xbar.gen_inputs\[3\].i_addr_dec_resp_mux.valid_inflight_d,2.8µm
_04065_,2.74µm
_25809_,2.52µm
_25903_,2.52µm
_05492_,2.34µm
_06109_,2.34µm
_06230_,2.34µm
_07131_,2.34µm
_08571_,2.34µm
_09062_,2.34µm
_09342_,2.34µm
_10401_,2.34µm
_11048_,2.34µm
_11317_,2.34µm
_11625_,2.34µm
_11628_,2.34µm
_11673_,2.34µm
_11867_,2.34µm
_12232_,2.34µm
_12560_,2.34µm
_13061_,2.34µm
_13325_,2.34µm
_13435_,2.34µm
_13544_,2.34µm
_13549_,2.34µm
_13589_,2.34µm
_13683_,2.34µm
_13727_,2.34µm
_18221_,2.34µm
_19831_,2.34µm
_20893_,2.34µm
_22425_,2.34µm
_22538_,2.34µm
_22928_,2.34µm
_22930_,2.34µm
_23354_,2.34µm
_23804_,2.34µm
_23986_,2.34µm
_24068_,2.34µm
_24148_,2.34µm
_24271_,2.34µm
_24675_,2.34µm
_24813_,2.34µm
_24933_,2.34µm
_25112_,2.34µm
_25134_,2.34µm
_25241_,2.34µm
_25370_,2.34µm
_25421_,2.34µm
_25444_,2.34µm
_25488_,2.34µm
_25657_,2.34µm
_25756_,2.34µm
_25856_,2.34µm
_26036_,2.34µm
_26217_,2.34µm
_26255_,2.34µm
_26357_,2.34µm
_26635_,2.34µm
_26744_,2.34µm
_26912_,2.34µm
_27140_,2.34µm
_27235_,2.34µm
_10731_,2.29µm
_11926_,2.29µm
_14063_,2.29µm
_21160_,2.29µm
_21492_,2.29µm
_21741_,2.29µm
_24860_,2.29µm
_25622_,2.29µm
_27018_,2.29µm
_00000_,2.24µm
_00248_,2.24µm
_00283_,2.24µm
_00305_,2.24µm
_00311_,2.24µm
_00312_,2.24µm
_00317_,2.24µm
_00326_,2.24µm
_00332_,2.24µm
_00337_,2.24µm
_00338_,2.24µm
_00349_,2.24µm
_00355_,2.24µm
_00357_,2.24µm
_00364_,2.24µm
_00392_,2.24µm
_00401_,2.24µm
_00406_,2.24µm
_00449_,2.24µm
_00456_,2.24µm
_00465_,2.24µm
_00466_,2.24µm
_00469_,2.24µm
_00484_,2.24µm
_00508_,2.24µm
_00680_,2.24µm
_00716_,2.24µm
_00794_,2.24µm
_00801_,2.24µm
_00934_,2.24µm
_01049_,2.24µm
_01100_,2.24µm
_01143_,2.24µm
_01160_,2.24µm
_01195_,2.24µm
_01315_,2.24µm
_01332_,2.24µm
_01359_,2.24µm
_01380_,2.24µm
_01409_,2.24µm
_01453_,2.24µm
_01494_,2.24µm
_01500_,2.24µm
_01545_,2.24µm
_01550_,2.24µm
_01559_,2.24µm
_01599_,2.24µm
_01628_,2.24µm
_01644_,2.24µm
_01656_,2.24µm
_01663_,2.24µm
_01712_,2.24µm
_01821_,2.24µm
_01831_,2.24µm
_01864_,2.24µm
_01877_,2.24µm
_01984_,2.24µm
_02054_,2.24µm
_02128_,2.24µm
_02182_,2.24µm
_02267_,2.24µm
_02427_,2.24µm
_02492_,2.24µm
_02502_,2.24µm
_02624_,2.24µm
_02646_,2.24µm
_02682_,2.24µm
_02685_,2.24µm
_02686_,2.24µm
_02688_,2.24µm
_02691_,2.24µm
_02695_,2.24µm
_02696_,2.24µm
_02708_,2.24µm
_02709_,2.24µm
_02715_,2.24µm
_02718_,2.24µm
_02721_,2.24µm
_02723_,2.24µm
_02730_,2.24µm
_02751_,2.24µm
_02757_,2.24µm
_02758_,2.24µm
_02760_,2.24µm
_02768_,2.24µm
_02778_,2.24µm
_02805_,2.24µm
_02807_,2.24µm
_02808_,2.24µm
_02818_,2.24µm
_02821_,2.24µm
_02824_,2.24µm
_02825_,2.24µm
_02827_,2.24µm
_02835_,2.24µm
_02836_,2.24µm
_02837_,2.24µm
_02853_,2.24µm
_02856_,2.24µm
_02857_,2.24µm
_02867_,2.24µm
_02876_,2.24µm
_02879_,2.24µm
_02890_,2.24µm
_02892_,2.24µm
_02908_,2.24µm
_02909_,2.24µm
_02916_,2.24µm
_02917_,2.24µm
_02918_,2.24µm
_02919_,2.24µm
_02920_,2.24µm
_02931_,2.24µm
_02962_,2.24µm
_02964_,2.24µm
_02965_,2.24µm
_02967_,2.24µm
_02968_,2.24µm
_02976_,2.24µm
_02977_,2.24µm
_02997_,2.24µm
_03011_,2.24µm
_03016_,2.24µm
_03021_,2.24µm
_03040_,2.24µm
_03048_,2.24µm
_03053_,2.24µm
_03057_,2.24µm
_03061_,2.24µm
_03077_,2.24µm
_03079_,2.24µm
_03080_,2.24µm
_03081_,2.24µm
_03084_,2.24µm
_03087_,2.24µm
_03090_,2.24µm
_03099_,2.24µm
_03101_,2.24µm
_03108_,2.24µm
_03110_,2.24µm
_03111_,2.24µm
_03122_,2.24µm
_03137_,2.24µm
_03147_,2.24µm
_03164_,2.24µm
_03183_,2.24µm
_03184_,2.24µm
_03191_,2.24µm
_03192_,2.24µm
_03210_,2.24µm
_03219_,2.24µm
_03224_,2.24µm
_03225_,2.24µm
_03226_,2.24µm
_03227_,2.24µm
_03230_,2.24µm
_03252_,2.24µm
_03255_,2.24µm
_03273_,2.24µm
_03276_,2.24µm
_03277_,2.24µm
_03278_,2.24µm
_03281_,2.24µm
_03292_,2.24µm
_03296_,2.24µm
_03297_,2.24µm
_03314_,2.24µm
_03320_,2.24µm
_03328_,2.24µm
_03334_,2.24µm
_03335_,2.24µm
_03339_,2.24µm
_03341_,2.24µm
_03356_,2.24µm
_03363_,2.24µm
_03369_,2.24µm
_03376_,2.24µm
_03377_,2.24µm
_03380_,2.24µm
_03383_,2.24µm
_03397_,2.24µm
_03401_,2.24µm
_03404_,2.24µm
_03412_,2.24µm
_03414_,2.24µm
_03420_,2.24µm
_03425_,2.24µm
_03446_,2.24µm
_03450_,2.24µm
_03452_,2.24µm
_03469_,2.24µm
_03472_,2.24µm
_03482_,2.24µm
_03483_,2.24µm
_03484_,2.24µm
_03489_,2.24µm
_03490_,2.24µm
_03497_,2.24µm
_03499_,2.24µm
_03501_,2.24µm
_03508_,2.24µm
_03518_,2.24µm
_03520_,2.24µm
_03522_,2.24µm
_03525_,2.24µm
_03529_,2.24µm
_03539_,2.24µm
_03555_,2.24µm
_03557_,2.24µm
_03566_,2.24µm
_03567_,2.24µm
_03579_,2.24µm
_03580_,2.24µm
_03587_,2.24µm
_03590_,2.24µm
_03598_,2.24µm
_03602_,2.24µm
_03627_,2.24µm
_03629_,2.24µm
_03637_,2.24µm
_03638_,2.24µm
_03643_,2.24µm
_03644_,2.24µm
_03659_,2.24µm
_03667_,2.24µm
_03669_,2.24µm
_03671_,2.24µm
_04154_,2.24µm
_04155_,2.24µm
_04168_,2.24µm
_04172_,2.24µm
_04176_,2.24µm
_04181_,2.24µm
_04193_,2.24µm
_04241_,2.24µm
_04242_,2.24µm
_04268_,2.24µm
_04289_,2.24µm
_04304_,2.24µm
_04315_,2.24µm
_04316_,2.24µm
_04333_,2.24µm
_04353_,2.24µm
_04355_,2.24µm
_04366_,2.24µm
_04403_,2.24µm
_04419_,2.24µm
_04535_,2.24µm
_04551_,2.24µm
_04561_,2.24µm
_04621_,2.24µm
_04622_,2.24µm
_04921_,2.24µm
_04923_,2.24µm
_04924_,2.24µm
_04936_,2.24µm
_04949_,2.24µm
_05535_,2.24µm
_05580_,2.24µm
_06073_,2.24µm
_06175_,2.24µm
_06215_,2.24µm
_06327_,2.24µm
_06504_,2.24µm
_06765_,2.24µm
_06977_,2.24µm
_06978_,2.24µm
_07202_,2.24µm
_07238_,2.24µm
_07399_,2.24µm
_07761_,2.24µm
_07860_,2.24µm
_07917_,2.24µm
_07968_,2.24µm
_07985_,2.24µm
_08005_,2.24µm
_08066_,2.24µm
_08075_,2.24µm
_08276_,2.24µm
_08371_,2.24µm
_08723_,2.24µm
_08913_,2.24µm
_08948_,2.24µm
_09132_,2.24µm
_09183_,2.24µm
_09346_,2.24µm
_09477_,2.24µm
_09645_,2.24µm
_09933_,2.24µm
_10323_,2.24µm
_10507_,2.24µm
_10778_,2.24µm
_10911_,2.24µm
_10992_,2.24µm
_11043_,2.24µm
_11187_,2.24µm
_11331_,2.24µm
_11406_,2.24µm
_11742_,2.24µm
_11798_,2.24µm
_11835_,2.24µm
_11883_,2.24µm
_11901_,2.24µm
_11912_,2.24µm
_12027_,2.24µm
_12374_,2.24µm
_12493_,2.24µm
_12716_,2.24µm
_13031_,2.24µm
_13043_,2.24µm
_13134_,2.24µm
_13167_,2.24µm
_13195_,2.24µm
_13220_,2.24µm
_13284_,2.24µm
_13567_,2.24µm
_13640_,2.24µm
_13867_,2.24µm
_13884_,2.24µm
_13892_,2.24µm
_14959_,2.24µm
_16291_,2.24µm
_17886_,2.24µm
_18169_,2.24µm
_19825_,2.24µm
_20139_,2.24µm
_20199_,2.24µm
_20304_,2.24µm
_20309_,2.24µm
_20405_,2.24µm
_20411_,2.24µm
_20423_,2.24µm
_20884_,2.24µm
_21269_,2.24µm
_21294_,2.24µm
_21303_,2.24µm
_21356_,2.24µm
_21414_,2.24µm
_21434_,2.24µm
_21511_,2.24µm
_21542_,2.24µm
_21624_,2.24µm
_21712_,2.24µm
_21863_,2.24µm
_21871_,2.24µm
_21955_,2.24µm
_22001_,2.24µm
_22477_,2.24µm
_22482_,2.24µm
_22625_,2.24µm
_22633_,2.24µm
_22747_,2.24µm
_22956_,2.24µm
_22971_,2.24µm
_23281_,2.24µm
_23282_,2.24µm
_23283_,2.24µm
_23754_,2.24µm
_24011_,2.24µm
_24163_,2.24µm
_24248_,2.24µm
_24266_,2.24µm
_24274_,2.24µm
_24473_,2.24µm
_24490_,2.24µm
_24509_,2.24µm
_24668_,2.24µm
_24782_,2.24µm
_24829_,2.24µm
_24840_,2.24µm
_24870_,2.24µm
_24935_,2.24µm
_24967_,2.24µm
_25118_,2.24µm
_25142_,2.24µm
_25164_,2.24µm
_25175_,2.24µm
_25358_,2.24µm
_25426_,2.24µm
_25487_,2.24µm
_25598_,2.24µm
_25650_,2.24µm
_25739_,2.24µm
_25942_,2.24µm
_25990_,2.24µm
_26225_,2.24µm
_26294_,2.24µm
_26394_,2.24µm
_26482_,2.24µm
_26506_,2.24µm
_26725_,2.24µm
_26792_,2.24µm
_26852_,2.24µm
_26936_,2.24µm
_27026_,2.24µm
_27106_,2.24µm
_27178_,2.24µm
_27181_,2.24µm
_27225_,2.24µm
_27896_,2.24µm
i_core_v_mini_mcu.ao_peripheral_subsystem_i.power_manager_i.power_manager_reg_top_i.intr_state_qs\[23\],2.24µm
i_core_v_mini_mcu.cpu_subsystem_i.cpu_1_0.i_servile.rf_ram_if.rdata1,2.24µm
_26455_,1.96µm
_07010_,1.78µm
_08682_,1.78µm
_09219_,1.78µm
_09231_,1.78µm
_10237_,1.78µm
_10374_,1.78µm
_10403_,1.78µm
_19861_,1.78µm
_22554_,1.78µm
_24276_,1.78µm
_24544_,1.78µm
_25044_,1.78µm
_26248_,1.78µm
_26803_,1.78µm
i_core_v_mini_mcu.cpu_subsystem_i.cpu_1_0.i_servile.arbiter.i_wb_cpu_ibus_adr\[11\],1.78µm
i_core_v_mini_mcu.cpu_subsystem_i.cpu_1_0.i_servile.arbiter.i_wb_cpu_ibus_adr\[5\],1.78µm
i_core_v_mini_mcu.ao_peripheral_subsystem_i.spi_subsystem_i.obi_spimemio_i.obi_to_picorv32_i.obi_resp_o\[25\],1.73µm
_05529_,1.68µm
_05704_,1.68µm
_06031_,1.68µm
_06285_,1.68µm
_06297_,1.68µm
_06375_,1.68µm
_07152_,1.68µm
_07377_,1.68µm
_07811_,1.68µm
_07997_,1.68µm
_08259_,1.68µm
_08297_,1.68µm
_08474_,1.68µm
_09026_,1.68µm
_09064_,1.68µm
_09100_,1.68µm
_09420_,1.68µm
_09585_,1.68µm
_09679_,1.68µm
_09863_,1.68µm
_10159_,1.68µm
_10234_,1.68µm
_10336_,1.68µm
_10607_,1.68µm
_10879_,1.68µm
_11154_,1.68µm
_11162_,1.68µm
_11279_,1.68µm
_11295_,1.68µm
_11327_,1.68µm
_11399_,1.68µm
_11532_,1.68µm
_11577_,1.68µm
_11578_,1.68µm
_11889_,1.68µm
_11911_,1.68µm
_11994_,1.68µm
_12082_,1.68µm
_12176_,1.68µm
_12530_,1.68µm
_12614_,1.68µm
_12674_,1.68µm
_12683_,1.68µm
_12695_,1.68µm
_12748_,1.68µm
_12862_,1.68µm
_15348_,1.68µm
_15500_,1.68µm
_16392_,1.68µm
_16531_,1.68µm
_16740_,1.68µm
_16920_,1.68µm
_18065_,1.68µm
_18189_,1.68µm
_18252_,1.68µm
_18354_,1.68µm
_20008_,1.68µm
_20677_,1.68µm
_20766_,1.68µm
_20834_,1.68µm
_20878_,1.68µm
_21178_,1.68µm
_21213_,1.68µm
_21214_,1.68µm
_21618_,1.68µm
_22112_,1.68µm
_22354_,1.68µm
_22615_,1.68µm
_22818_,1.68µm
_22902_,1.68µm
_23295_,1.68µm
_23360_,1.68µm
_23537_,1.68µm
_23710_,1.68µm
_24119_,1.68µm
_24319_,1.68µm
_24571_,1.68µm
_24716_,1.68µm
_24904_,1.68µm
_24936_,1.68µm
_25011_,1.68µm
_25042_,1.68µm
_25177_,1.68µm
_25221_,1.68µm
_25328_,1.68µm
_25413_,1.68µm
_25511_,1.68µm
_25615_,1.68µm
_25691_,1.68µm
_26191_,1.68µm
_26249_,1.68µm
_26272_,1.68µm
_26386_,1.68µm
_26637_,1.68µm
_26656_,1.68µm
_26665_,1.68µm
_26677_,1.68µm
_27206_,1.68µm
_27864_,1.68µm
_28102_,1.68µm
i_core_v_mini_mcu.cpu_subsystem_i.cpu_0_0.i_servile.arbiter.i_wb_cpu_dbus_adr\[2\],1.68µm
i_core_v_mini_mcu.cpu_subsystem_i.cpu_0_0.i_servile.cpu.decode.o_immdec_ctrl\[2\],1.68µm
i_core_v_mini_mcu.cpu_subsystem_i.cpu_0_0.i_servile.cpu.decode.o_mem_signed,1.68µm
i_core_v_mini_mcu.cpu_subsystem_i.cpu_1_0.i_servile.arbiter.i_wb_cpu_ibus_adr\[15\],1.68µm
i_core_v_mini_mcu.cpu_subsystem_i.cpu_1_0.i_servile.arbiter.i_wb_cpu_ibus_adr\[24\],1.68µm
i_core_v_mini_mcu.cpu_subsystem_i.cpu_1_0.i_servile.cpu.immdec.gen_immdec_w_eq_1.imm24_20\[0\],1.68µm
net1246,1.68µm
_10429_,1.22µm
_10464_,1.22µm
_11584_,1.22µm
_21709_,1.22µm
_24019_,1.22µm
_26389_,1.22µm
i_core_v_mini_mcu.ao_peripheral_subsystem_i.obi_fifo_i.consumer_data_req_q\[61\],1.22µm
_05446_,1.12µm
_05499_,1.12µm
_05556_,1.12µm
_05733_,1.12µm
_05743_,1.12µm
_05751_,1.12µm
_05809_,1.12µm
_06262_,1.12µm
_06358_,1.12µm
_06385_,1.12µm
_06786_,1.12µm
_07020_,1.12µm
_07672_,1.12µm
_07812_,1.12µm
_07894_,1.12µm
_08100_,1.12µm
_08560_,1.12µm
_08695_,1.12µm
_08706_,1.12µm
_08750_,1.12µm
_08755_,1.12µm
_08760_,1.12µm
_08763_,1.12µm
_08765_,1.12µm
_08775_,1.12µm
_09069_,1.12µm
_09301_,1.12µm
_09539_,1.12µm
_09574_,1.12µm
_09769_,1.12µm
_09775_,1.12µm
_09861_,1.12µm
_09868_,1.12µm
_10317_,1.12µm
_10382_,1.12µm
_10399_,1.12µm
_10635_,1.12µm
_10659_,1.12µm
_10697_,1.12µm
_10773_,1.12µm
_10863_,1.12µm
_10923_,1.12µm
_10991_,1.12µm
_11073_,1.12µm
_11102_,1.12µm
_11105_,1.12µm
_11157_,1.12µm
_11169_,1.12µm
_11247_,1.12µm
_11379_,1.12µm
_11528_,1.12µm
_11555_,1.12µm
_11678_,1.12µm
_11714_,1.12µm
_11768_,1.12µm
_12425_,1.12µm
_12435_,1.12µm
_12471_,1.12µm
_12687_,1.12µm
_12767_,1.12µm
_12820_,1.12µm
_12950_,1.12µm
_12979_,1.12µm
_13210_,1.12µm
_13213_,1.12µm
_13261_,1.12µm
_13327_,1.12µm
_13503_,1.12µm
_13634_,1.12µm
_14104_,1.12µm
_14108_,1.12µm
_14264_,1.12µm
_14265_,1.12µm
_18175_,1.12µm
_19842_,1.12µm
_19997_,1.12µm
_20092_,1.12µm
_20097_,1.12µm
_20118_,1.12µm
_20147_,1.12µm
_20180_,1.12µm
_20296_,1.12µm
_20470_,1.12µm
_20857_,1.12µm
_20930_,1.12µm
_20949_,1.12µm
_21034_,1.12µm
_21200_,1.12µm
_21537_,1.12µm
_21768_,1.12µm
_22148_,1.12µm
_22167_,1.12µm
_22198_,1.12µm
_22217_,1.12µm
_22251_,1.12µm
_22850_,1.12µm
_22952_,1.12µm
_23263_,1.12µm
_23683_,1.12µm
_23921_,1.12µm
_24033_,1.12µm
_24650_,1.12µm
_24918_,1.12µm
_25181_,1.12µm
_25374_,1.12µm
_25727_,1.12µm
_25960_,1.12µm
_26034_,1.12µm
_26184_,1.12µm
_26540_,1.12µm
_27019_,1.12µm
_27304_,1.12µm
_27549_,1.12µm
i_core_v_mini_mcu.ao_peripheral_subsystem_i.power_manager_i.power_manager_counter_sequence_cpu_switch_i.sequence_curr_state\[1\],1.12µm
i_core_v_mini_mcu.ao_peripheral_subsystem_i.spi_subsystem_i.obi_spimemio_i.obi_to_picorv32_i.obi_resp_o\[14\],1.12µm
i_core_v_mini_mcu.ao_peripheral_subsystem_i.spi_subsystem_i.obi_spimemio_i.obi_to_picorv32_i.obi_resp_o\[4\],1.12µm
i_core_v_mini_mcu.ao_peripheral_subsystem_i.spi_subsystem_i.obi_spimemio_i.spimemio_i.din_tag\[0\],1.12µm
i_core_v_mini_mcu.cpu_subsystem_i.cpu_1_0.mem_outstanding_q,1.12µm
i_core_v_mini_mcu.peripheral_subsystem_i.obi_fifo_i.consumer_resp_i\[30\],1.12µm
