
===========================================================================
Violator List
============================================================================
[hold reg-reg] _59946_/Q -> _60427_/RN : -65.610336
[hold reg-reg] _59946_/Q -> _60647_/RN : -65.610336
[hold reg-reg] _61214_/Q -> _60647_/D : -63.723228
[hold reg-reg] _61282_/Q -> _60580_/D : -63.298901
[hold reg-reg] _61281_/Q -> _60579_/D : -63.297104
[hold reg-reg] _61760_/Q -> _60569_/D : -63.014271
[hold reg-reg] _61774_/Q -> _60583_/D : -63.010220
[hold reg-reg] _61762_/Q -> _60571_/D : -63.009659
[hold reg-reg] _61763_/Q -> _60572_/D : -62.965870
[hold reg-reg] _61107_/Q -> _60427_/D : -62.951679
[hold reg-reg] _61767_/Q -> _60576_/D : -62.950485
[hold reg-reg] _61773_/Q -> _60582_/D : -62.939144
[hold reg-reg] _61769_/Q -> _60578_/D : -62.933880
[hold reg-reg] _61761_/Q -> _60570_/D : -62.930138
[hold reg-reg] _61764_/Q -> _60573_/D : -62.921467
[hold reg-reg] _61772_/Q -> _60581_/D : -62.918804
[hold reg-reg] _61766_/Q -> _60575_/D : -62.918495
[hold reg-reg] _61768_/Q -> _60577_/D : -62.910660
[hold reg-reg] _61214_/Q -> _60584_/D : -62.907299
[hold reg-reg] _61765_/Q -> _60574_/D : -62.904301
[hold reg-reg] _61269_/Q -> _60483_/D : -62.892677
[hold reg-reg] _61762_/Q -> _60487_/D : -62.889565
[hold reg-reg] _61760_/Q -> _60485_/D : -62.879162
[hold reg-reg] _61214_/Q -> _60568_/D : -62.863197
[hold reg-reg] _61759_/Q -> _60484_/D : -62.861732
[hold reg-reg] _61763_/Q -> _60488_/D : -62.834206
[hold reg-reg] _61767_/Q -> _60492_/D : -62.823212
[hold reg-reg] _61756_/Q -> _60481_/D : -62.812740
[hold reg-reg] _61761_/Q -> _60486_/D : -62.797684
[hold reg-reg] _61755_/Q -> _60480_/D : -62.797447
[hold reg-reg] _61764_/Q -> _60489_/D : -62.785709
[hold reg-reg] _61766_/Q -> _60491_/D : -62.782299
[hold reg-reg] _61748_/Q -> _60473_/D : -62.775772
[hold reg-reg] _61744_/Q -> _60469_/D : -62.771217
[hold reg-reg] _61765_/Q -> _60490_/D : -62.770855
[hold reg-reg] _61757_/Q -> _60482_/D : -62.770653
[hold reg-reg] _61754_/Q -> _60479_/D : -62.761139
[hold reg-reg] _61752_/Q -> _60477_/D : -62.759663
[hold reg-reg] _61753_/Q -> _60478_/D : -62.759514
[hold reg-reg] _61750_/Q -> _60475_/D : -62.724960
[hold reg-reg] _61751_/Q -> _60476_/D : -62.717983
[hold reg-reg] _61746_/Q -> _60471_/D : -62.698059
[hold reg-reg] _61747_/Q -> _60472_/D : -62.660748
[hold reg-reg] _61745_/Q -> _60470_/D : -62.656967
[hold reg-reg] _61774_/Q -> _60467_/D : -62.629944
[hold reg-reg] _61282_/Q -> _60464_/D : -62.618050
[hold reg-reg] _61749_/Q -> _60474_/D : -62.597565
[hold reg-reg] _61098_/Q -> _60466_/D : -62.578758
[hold reg-reg] _61281_/Q -> _60463_/D : -62.564320
[hold reg-reg] _61772_/Q -> _60465_/D : -62.552746
[hold reg-reg] _61768_/Q -> _60461_/D : -62.532082
[hold reg-reg] _61537_/Q -> _60468_/D : -62.481491
[hold reg-reg] _61769_/Q -> _60462_/D : -62.446106
[hold reg-reg] _61759_/Q -> _60621_/D : -62.163441
[hold reg-reg] _61760_/Q -> _60606_/D : -61.952934
[hold reg-reg] _61757_/Q -> _60619_/D : -61.932896
[hold reg-reg] _59946_/Q -> _60634_/D : -61.909336
[hold reg-reg] _61098_/Q -> _60617_/D : -61.831161
[hold reg-reg] _61767_/Q -> _60613_/D : -61.829071
[hold reg-reg] _59946_/Q -> _60632_/D : -61.814369
[hold reg-reg] _61761_/Q -> _60607_/D : -61.813042
[hold reg-reg] _59946_/Q -> _60624_/D : -61.810726
[hold reg-reg] _61763_/Q -> _60609_/D : -61.773373
[hold reg-reg] _61753_/Q -> _60615_/D : -61.770721
[hold reg-reg] _59946_/Q -> _60643_/D : -61.766396
[hold reg-reg] _59946_/Q -> _60626_/D : -61.758644
[hold reg-reg] _61772_/Q -> _60618_/D : -61.755188
[hold reg-reg] _59946_/Q -> _60594_/D : -61.701736
[hold reg-reg] _61269_/Q -> _60620_/D : -61.688938
[hold reg-reg] _61269_/Q -> _60533_/D : -61.667950
[hold reg-reg] _61766_/Q -> _60541_/D : -61.639244
[hold reg-reg] _59946_/Q -> _60633_/D : -61.629559
[hold reg-reg] _61768_/Q -> _60614_/D : -61.590946
[hold reg-reg] _61260_/Q -> _60548_/D : -61.587692
[hold reg-reg] _61281_/Q -> _60536_/D : -61.535702
[hold reg-reg] _61285_/Q -> _60529_/D : -61.535076
[hold reg-reg] _61766_/Q -> _60612_/D : -61.524170
[hold reg-reg] _61766_/Q -> _60540_/D : -61.512836
[hold reg-reg] _61765_/Q -> _60535_/D : -61.445763
[hold reg-reg] _61214_/Q -> _60622_/D : -61.437138
[hold reg-reg] _61754_/Q -> _60599_/D : -61.427879
[hold reg-reg] _61762_/Q -> _60608_/D : -61.418278
[hold reg-reg] _61745_/Q -> _60526_/D : -61.384735
[hold reg-reg] _59946_/Q -> _60509_/D : -61.382423
[hold reg-reg] _59946_/Q -> _60522_/D : -61.380535
[hold reg-reg] _61755_/Q -> _60600_/D : -61.351032
[hold reg-reg] _61603_/Q -> _60595_/D : -61.307953
[hold reg-reg] _61214_/Q -> _60628_/D : -61.305244
[hold reg-reg] _61269_/Q -> _60605_/D : -61.286224
[hold reg-reg] _61214_/Q -> _60603_/D : -61.272438
[hold reg-reg] _61751_/Q -> _60596_/D : -61.254627
[hold reg-reg] _61214_/Q -> _60604_/D : -61.251274
[hold reg-reg] _61753_/Q -> _60598_/D : -61.250469
[hold reg-reg] _59946_/Q -> _60629_/D : -61.219440
[hold reg-reg] _61259_/Q -> _60539_/D : -61.204967
[hold reg-reg] _61752_/Q -> _60597_/D : -61.203262
[hold reg-reg] _59946_/Q -> _60648_/RN : -61.187706
[hold reg-reg] _59946_/Q -> _60828_/RN : -61.187706
[hold reg-reg] _61744_/Q -> _60563_/D : -61.180473
[hold reg-reg] _61757_/Q -> _60525_/D : -61.175629
[hold reg-reg] _61214_/Q -> _60616_/D : -61.173626
[hold reg-reg] _61757_/Q -> _60566_/D : -61.166504
[hold reg-reg] _61214_/Q -> _60528_/D : -61.161373
[hold reg-reg] _61214_/Q -> _60557_/D : -61.119778
[hold reg-reg] _61269_/Q -> _60554_/D : -61.117294
[hold reg-reg] _61744_/Q -> _60555_/D : -61.102619
[hold reg-reg] _61765_/Q -> _60544_/D : -61.097538
[hold reg-reg] _61765_/Q -> _60611_/D : -61.092915
[hold reg-reg] _61765_/Q -> _60537_/D : -61.080982
[hold reg-reg] _61746_/Q -> _60543_/D : -61.022343
[hold reg-reg] _61744_/Q -> _60547_/D : -60.995663
[hold reg-reg] _61744_/Q -> _60546_/D : -60.993084
[hold reg-reg] _61747_/Q -> _60551_/D : -60.981983
[hold reg-reg] _61747_/Q -> _60532_/D : -60.968277
[hold reg-reg] _61745_/Q -> _60602_/D : -60.949844
[hold reg-reg] _61214_/Q -> _60639_/D : -60.949421
[hold reg-reg] _61745_/Q -> _60542_/D : -60.942085
[hold reg-reg] _61259_/Q -> _60545_/D : -60.893501
[hold reg-reg] _61744_/Q -> _60561_/D : -60.835052
[hold reg-reg] _61214_/Q -> _60601_/D : -60.815426
[hold reg-reg] _61744_/Q -> _60550_/D : -60.787003
[hold reg-reg] _59946_/Q -> _60635_/D : -60.776501
[hold reg-reg] _61744_/Q -> _60556_/D : -60.774094
[hold reg-reg] _61269_/Q -> _60567_/D : -60.768055
[hold reg-reg] _61744_/Q -> _60560_/D : -60.767818
[hold reg-reg] _61269_/Q -> _60534_/D : -60.753914
[hold reg-reg] _61269_/Q -> _60552_/D : -60.742943
[hold reg-reg] _59946_/Q -> _60637_/D : -60.717484
[hold reg-reg] _59946_/Q -> _60636_/D : -60.715126
[hold reg-reg] _61744_/Q -> _60564_/D : -60.689198
[hold reg-reg] _59946_/Q -> _60625_/D : -60.661850
[hold reg-reg] _59946_/Q -> _60627_/D : -60.660599
[hold reg-reg] _61747_/Q -> _60530_/D : -60.635067
[hold reg-reg] _59946_/Q -> _60638_/D : -60.632561
[hold reg-reg] _61214_/Q -> _60585_/D : -60.615948
[hold reg-reg] _59946_/Q -> _60519_/D : -60.601822
[hold reg-reg] _59946_/Q -> _60514_/D : -60.597801
[hold reg-reg] _59946_/Q -> _60520_/D : -60.597347
[hold reg-reg] _59946_/Q -> _60521_/D : -60.597019
[hold reg-reg] _59946_/Q -> _60515_/D : -60.596542
[hold reg-reg] _59946_/Q -> _60516_/D : -60.596523
[hold reg-reg] _59946_/Q -> _60518_/D : -60.594006
[hold reg-reg] _59946_/Q -> _60517_/D : -60.592216
[hold reg-reg] _59946_/Q -> _60523_/D : -60.586807
[hold reg-reg] _59946_/Q -> _60503_/D : -60.583496
[hold reg-reg] _61214_/Q -> _60644_/D : -60.574268
[hold reg-reg] _59946_/Q -> _60511_/D : -60.572220
[hold reg-reg] _59946_/Q -> _60510_/D : -60.570515
[hold reg-reg] _59946_/Q -> _60513_/D : -60.566311
[hold reg-reg] _59946_/Q -> _60506_/D : -60.566147
[hold reg-reg] _59946_/Q -> _60508_/D : -60.564625
[hold reg-reg] _59946_/Q -> _60507_/D : -60.563801
[hold reg-reg] _59946_/Q -> _60512_/D : -60.562542
[hold reg-reg] _59946_/Q -> _60504_/D : -60.562138
[hold reg-reg] _59946_/Q -> _60505_/D : -60.561691
[hold reg-reg] _59946_/Q -> _60524_/D : -60.540752
[hold reg-reg] _59946_/Q -> _60502_/D : -60.531635
[hold reg-reg] _61214_/Q -> _60559_/D : -60.531670
[hold reg-reg] _59946_/Q -> _60501_/D : -60.521824
[hold reg-reg] _59946_/Q -> _60500_/D : -60.520878
[hold reg-reg] _59946_/Q -> _60495_/D : -60.517574
[hold reg-reg] _59946_/Q -> _60493_/D : -60.517487
[hold reg-reg] _59946_/Q -> _60498_/D : -60.515762
[hold reg-reg] _59946_/Q -> _60499_/D : -60.515278
[hold reg-reg] _59946_/Q -> _60497_/D : -60.510609
[hold reg-reg] _59946_/Q -> _60496_/D : -60.507805
[hold reg-reg] _59946_/Q -> _60494_/D : -60.504776
[hold reg-reg] _61214_/Q -> _60610_/D : -60.501663
[hold reg-reg] _61757_/Q -> _60558_/D : -60.501480
[hold reg-reg] _59946_/Q -> _60630_/D : -60.489017
[hold reg-reg] _59946_/Q -> _60631_/D : -60.483959
[hold reg-reg] _61214_/Q -> _60538_/D : -60.471237
[hold reg-reg] _61744_/Q -> _60531_/D : -60.437531
[hold reg-reg] _59946_/Q -> _60591_/D : -60.429081
[hold reg-reg] _61269_/Q -> _60562_/D : -60.411446
[hold reg-reg] _61214_/Q -> _60565_/D : -60.362568
[hold reg-reg] _61745_/Q -> _60553_/D : -60.314598
[hold reg-reg] _61259_/Q -> _60549_/D : -60.289036
[hold reg-reg] _61744_/Q -> _60527_/D : -60.071877
[hold reg-reg] _61255_/Q -> _60690_/D : -59.467163
[hold reg-reg] _61256_/Q -> _60691_/D : -59.383553
[hold reg-reg] _61286_/Q -> _60804_/D : -59.373096
[hold reg-reg] _61215_/Q -> _60828_/D : -59.364151
[hold reg-reg] _61273_/Q -> _60708_/D : -59.309666
[hold reg-reg] _61278_/Q -> _60713_/D : -59.300430
[hold reg-reg] _61277_/Q -> _60712_/D : -59.285412
[hold reg-reg] _61276_/Q -> _60711_/D : -59.228680
[hold reg-reg] _61281_/Q -> _60799_/D : -59.216236
[hold reg-reg] _61272_/Q -> _60707_/D : -59.213436
[hold reg-reg] _61263_/Q -> _60698_/D : -59.185028
[hold reg-reg] _61279_/Q -> _60797_/D : -59.182476
[hold reg-reg] _61279_/Q -> _60682_/D : -59.174648
[hold reg-reg] _61282_/Q -> _60800_/D : -59.168797
[hold reg-reg] _61760_/Q -> _60706_/D : -59.157330
[hold reg-reg] _61270_/Q -> _60705_/D : -59.135220
[hold reg-reg] _61763_/Q -> _60709_/D : -59.118103
[hold reg-reg] _61283_/Q -> _60686_/D : -59.113518
[hold reg-reg] _61283_/Q -> _60801_/D : -59.109203
[hold reg-reg] _61764_/Q -> _60710_/D : -59.061722
[hold reg-reg] _61262_/Q -> _60697_/D : -59.059696
[hold reg-reg] _61754_/Q -> _60700_/D : -59.054867
[hold reg-reg] _61755_/Q -> _60701_/D : -59.029713
[hold reg-reg] _61282_/Q -> _60685_/D : -59.028809
[hold reg-reg] _60426_/Q -> _60809_/D : -59.011726
[hold reg-reg] _61753_/Q -> _60699_/D : -59.004700
[hold reg-reg] _61286_/Q -> _60689_/D : -58.994099
[hold reg-reg] _61284_/Q -> _60802_/D : -58.985718
[hold reg-reg] _60426_/Q -> _60810_/D : -58.980228
[hold reg-reg] _61273_/Q -> _60791_/D : -58.976662
[hold reg-reg] _61278_/Q -> _60796_/D : -58.976448
[hold reg-reg] _61281_/Q -> _60684_/D : -58.973175
[hold reg-reg] _60426_/Q -> _60808_/D : -58.972652
[hold reg-reg] _61277_/Q -> _60795_/D : -58.930790
[hold reg-reg] _61757_/Q -> _60703_/D : -58.919071
[hold reg-reg] _60426_/Q -> _60812_/D : -58.911533
[hold reg-reg] _60426_/Q -> _60813_/D : -58.892323
[hold reg-reg] _61280_/Q -> _60798_/D : -58.890247
[hold reg-reg] _61276_/Q -> _60794_/D : -58.884987
[hold reg-reg] _61284_/Q -> _60687_/D : -58.882778
[hold reg-reg] _61272_/Q -> _60790_/D : -58.873505
[hold reg-reg] _61756_/Q -> _60702_/D : -58.869755
[hold reg-reg] _61257_/Q -> _60756_/D : -58.862186
[hold reg-reg] _61758_/Q -> _60704_/D : -58.837616
[hold reg-reg] _61774_/Q -> _60688_/D : -58.834625
[hold reg-reg] _61747_/Q -> _60693_/D : -58.824959
[hold reg-reg] _61760_/Q -> _60789_/D : -58.813534
[hold reg-reg] _61763_/Q -> _60792_/D : -58.788364
[hold reg-reg] _61270_/Q -> _60788_/D : -58.769154
[hold reg-reg] _61748_/Q -> _60694_/D : -58.751907
[hold reg-reg] _60426_/Q -> _60821_/D : -58.750916
[hold reg-reg] _61257_/Q -> _60752_/D : -58.749428
[hold reg-reg] _61260_/Q -> _60762_/D : -58.737785
[hold reg-reg] _61257_/Q -> _60764_/D : -58.730530
[hold reg-reg] _61747_/Q -> _60763_/D : -58.717434
[hold reg-reg] _61280_/Q -> _60683_/D : -58.704987
[hold reg-reg] _61750_/Q -> _60696_/D : -58.694790
[hold reg-reg] _61758_/Q -> _60748_/D : -58.650692
[hold reg-reg] _61260_/Q -> _60695_/D : -58.634373
[hold reg-reg] _61774_/Q -> _60755_/D : -58.621765
[hold reg-reg] _61774_/Q -> _60751_/D : -58.615311
[hold reg-reg] _61262_/Q -> _60805_/D : -58.594353
[hold reg-reg] _61757_/Q -> _60749_/D : -58.587730
[hold reg-reg] _61747_/Q -> _60767_/D : -58.576420
[hold reg-reg] _61257_/Q -> _60754_/D : -58.557259
[hold reg-reg] _61748_/Q -> _60778_/D : -58.534115
[hold reg-reg] _61756_/Q -> _60746_/D : -58.511322
[hold reg-reg] _61215_/Q -> _60761_/D : -58.483482
[hold reg-reg] _61758_/Q -> _60776_/D : -58.470558
[hold reg-reg] _61750_/Q -> _60773_/D : -58.470402
[hold reg-reg] _61215_/Q -> _60753_/D : -58.460918
[hold reg-reg] _61257_/Q -> _60760_/D : -58.449604
[hold reg-reg] _61750_/Q -> _60759_/D : -58.445538
[hold reg-reg] _61215_/Q -> _60750_/D : -58.349987
[hold reg-reg] _61110_/Q -> _60648_/D : -58.346596
[hold reg-reg] _61215_/Q -> _60771_/D : -58.345665
[hold reg-reg] _61215_/Q -> _60758_/D : -58.325211
[hold reg-reg] _61755_/Q -> _60783_/D : -58.320435
[hold reg-reg] _61215_/Q -> _60765_/D : -58.313107
[hold reg-reg] _61774_/Q -> _60803_/D : -58.311321
[hold reg-reg] _61748_/Q -> _60775_/D : -58.309414
[hold reg-reg] _61263_/Q -> _60780_/D : -58.283817
[hold reg-reg] _61215_/Q -> _60787_/D : -58.278946
[hold reg-reg] _61756_/Q -> _60785_/D : -58.233784
[hold reg-reg] _61215_/Q -> _60770_/D : -58.199879
[hold reg-reg] _61748_/Q -> _60766_/D : -58.173790
[hold reg-reg] _61764_/Q -> _60793_/D : -58.168846
[hold reg-reg] _61754_/Q -> _60782_/D : -58.148312
[hold reg-reg] _61764_/Q -> _60784_/D : -58.138676
[hold reg-reg] _61257_/Q -> _60768_/D : -58.121311
[hold reg-reg] _61753_/Q -> _60781_/D : -58.081867
[hold reg-reg] _61215_/Q -> _60747_/D : -58.049412
[hold reg-reg] _61748_/Q -> _60769_/D : -58.046783
[hold reg-reg] _61215_/Q -> _60786_/D : -58.034077
[hold reg-reg] _61262_/Q -> _60779_/D : -58.002338
[hold reg-reg] _61257_/Q -> _60692_/D : -57.949707
[hold reg-reg] _61748_/Q -> _60777_/D : -57.927593
[hold reg-reg] _61758_/Q -> _60757_/D : -57.916092
[hold reg-reg] _61260_/Q -> _60772_/D : -57.899601
[hold reg-reg] _60426_/Q -> _60814_/D : -57.893398
[hold reg-reg] _60426_/Q -> _60815_/D : -57.848412
[hold reg-reg] _60426_/Q -> _60807_/D : -57.831726
[hold reg-reg] _60426_/Q -> _60811_/D : -57.800217
[hold reg-reg] _60426_/Q -> _60816_/D : -57.789982
[hold reg-reg] _60426_/Q -> _60825_/D : -57.748154
[hold reg-reg] _61748_/Q -> _60774_/D : -57.729496
[hold reg-reg] _61215_/Q -> _60826_/D : -57.641151
[hold reg-reg] _60426_/Q -> _60817_/D : -57.419662
[hold reg-reg] _60426_/Q -> _60818_/D : -57.342365
[hold reg-reg] _60426_/Q -> _60819_/D : -57.336708
[hold reg-reg] _60426_/Q -> _60730_/D : -57.264824
[hold reg-reg] _60426_/Q -> _60744_/D : -57.263184
[hold reg-reg] _60426_/Q -> _60820_/D : -57.240173
[hold reg-reg] _60426_/Q -> _60745_/D : -57.080727
[hold reg-reg] _60426_/Q -> _60719_/D : -57.025177
[hold reg-reg] _60426_/Q -> _60738_/D : -57.021946
[hold reg-reg] _60426_/Q -> _60723_/D : -57.021187
[hold reg-reg] _60426_/Q -> _60735_/D : -57.019981
[hold reg-reg] _60426_/Q -> _60737_/D : -57.019066
[hold reg-reg] _60426_/Q -> _60716_/D : -57.018101
[hold reg-reg] _60426_/Q -> _60736_/D : -57.017334
[hold reg-reg] _60426_/Q -> _60742_/D : -57.013866
[hold reg-reg] _60426_/Q -> _60740_/D : -57.013618
[hold reg-reg] _60426_/Q -> _60715_/D : -57.012196
[hold reg-reg] _60426_/Q -> _60739_/D : -57.011440
[hold reg-reg] _60426_/Q -> _60743_/D : -57.010426
[hold reg-reg] _60426_/Q -> _60720_/D : -57.009636
[hold reg-reg] _60426_/Q -> _60741_/D : -57.008389
[hold reg-reg] _60426_/Q -> _60718_/D : -57.003769
[hold reg-reg] _60426_/Q -> _60717_/D : -57.002018
[hold reg-reg] _60426_/Q -> _60722_/D : -57.001572
[hold reg-reg] _60426_/Q -> _60714_/D : -56.997551
[hold reg-reg] _60426_/Q -> _60721_/D : -56.997227
[hold reg-reg] _60426_/Q -> _60727_/D : -56.865864
[hold reg-reg] _60426_/Q -> _60732_/D : -56.846802
[hold reg-reg] _60426_/Q -> _60733_/D : -56.846119
[hold reg-reg] _60426_/Q -> _60734_/D : -56.842533
[hold reg-reg] _60426_/Q -> _60729_/D : -56.841381
[hold reg-reg] _60426_/Q -> _60728_/D : -56.841091
[hold reg-reg] _60426_/Q -> _60731_/D : -56.840427
[hold reg-reg] _60426_/Q -> _60725_/D : -56.837925
[hold reg-reg] _60426_/Q -> _60726_/D : -56.832882
[hold reg-reg] _60426_/Q -> _60724_/D : -56.821598
[hold reg-reg] _61107_/Q -> _59867_/D : -53.952934
[hold reg-reg] _61107_/Q -> _58875_/D : -53.926189
[hold reg-reg] _61107_/Q -> _60833_/D : -53.847759
[hold reg-reg] _61216_/Q -> _58874_/D : -53.812153
[hold reg-reg] _61216_/Q -> _59866_/D : -53.770241
[hold reg-reg] _61107_/Q -> _59865_/D : -53.766205
[hold reg-reg] _61107_/Q -> _58873_/D : -53.706905
[hold reg-reg] _61107_/Q -> _59842_/D : -53.497746
[hold reg-reg] _61107_/Q -> _59841_/D : -53.497269
[hold reg-reg] _61107_/Q -> _59843_/D : -53.496494
[hold reg-reg] _61107_/Q -> _59840_/D : -53.496098
[hold reg-reg] _61107_/Q -> _59838_/D : -53.494286
[hold reg-reg] _61107_/Q -> _59839_/D : -53.493759
[hold reg-reg] _61107_/Q -> _59836_/D : -53.484039
[hold reg-reg] _61107_/Q -> _59837_/D : -53.483028
[hold reg-reg] _61107_/Q -> _59862_/D : -53.395023
[hold reg-reg] _61107_/Q -> _59864_/D : -53.393299
[hold reg-reg] _61107_/Q -> _59863_/D : -53.389748
[hold reg-reg] _61107_/Q -> _59860_/D : -53.375862
[hold reg-reg] _61107_/Q -> _59861_/D : -53.373829
[hold reg-reg] _61107_/Q -> _59859_/D : -53.346272
[hold reg-reg] _61216_/Q -> _60832_/D : -53.346279
[hold reg-reg] _61107_/Q -> _59857_/D : -53.344772
[hold reg-reg] _61107_/Q -> _59858_/D : -53.343868
[hold reg-reg] _61107_/Q -> _59854_/D : -53.342960
[hold reg-reg] _61107_/Q -> _59805_/D : -53.341728
[hold reg-reg] _61107_/Q -> _59856_/D : -53.341682
[hold reg-reg] _61107_/Q -> _59855_/D : -53.341507
[hold reg-reg] _61107_/Q -> _59804_/D : -53.340069
[hold reg-reg] _61107_/Q -> _59809_/D : -53.339775
[hold reg-reg] _61107_/Q -> _59808_/D : -53.338848
[hold reg-reg] _61107_/Q -> _59811_/D : -53.338028
[hold reg-reg] _61107_/Q -> _60829_/D : -53.337849
[hold reg-reg] _61107_/Q -> _59810_/D : -53.337551
[hold reg-reg] _61107_/Q -> _59807_/D : -53.337170
[hold reg-reg] _61107_/Q -> _59806_/D : -53.335449
[hold reg-reg] _61107_/Q -> _59852_/D : -53.329731
[hold reg-reg] _61107_/Q -> _59853_/D : -53.329617
[hold reg-reg] _61107_/Q -> _60830_/D : -53.311726
[hold reg-reg] _61216_/Q -> _58844_/D : -53.293442
[hold reg-reg] _61216_/Q -> _58870_/D : -53.292362
[hold reg-reg] _61107_/Q -> _59849_/D : -53.287018
[hold reg-reg] _61107_/Q -> _59847_/D : -53.286411
[hold reg-reg] _61107_/Q -> _59848_/D : -53.285404
[hold reg-reg] _61107_/Q -> _59846_/D : -53.285316
[hold reg-reg] _61107_/Q -> _59851_/D : -53.285309
[hold reg-reg] _61107_/Q -> _59850_/D : -53.284340
[hold reg-reg] _61216_/Q -> _58872_/D : -53.277966
[hold reg-reg] _61216_/Q -> _58869_/D : -53.273220
[hold reg-reg] _61107_/Q -> _59844_/D : -53.269279
[hold reg-reg] _61216_/Q -> _58845_/D : -53.268715
[hold reg-reg] _61107_/Q -> _59845_/D : -53.268681
[hold reg-reg] _61216_/Q -> _58871_/D : -53.262341
[hold reg-reg] _61216_/Q -> _58847_/D : -53.258804
[hold reg-reg] _61216_/Q -> _58868_/D : -53.254917
[hold reg-reg] _61216_/Q -> _58846_/D : -53.229820
[hold reg-reg] _61216_/Q -> _58848_/D : -53.228504
[hold reg-reg] _61107_/Q -> _59831_/D : -53.197315
[hold reg-reg] _61107_/Q -> _59832_/D : -53.196526
[hold reg-reg] _61107_/Q -> _59830_/D : -53.196247
[hold reg-reg] _61107_/Q -> _59828_/D : -53.195068
[hold reg-reg] _61107_/Q -> _59829_/D : -53.194023
[hold reg-reg] _61107_/Q -> _59834_/D : -53.193901
[hold reg-reg] _61107_/Q -> _61317_/D : -53.192547
[hold reg-reg] _61107_/Q -> _59835_/D : -53.192360
[hold reg-reg] _61107_/Q -> _59833_/D : -53.190933
[hold reg-reg] _61216_/Q -> _58849_/D : -53.185505
[hold reg-reg] _61107_/Q -> _61318_/D : -53.185127
[hold reg-reg] _61107_/Q -> _59820_/D : -53.126842
[hold reg-reg] _61107_/Q -> _59821_/D : -53.126053
[hold reg-reg] _61107_/Q -> _59824_/D : -53.122227
[hold reg-reg] _61107_/Q -> _59826_/D : -53.121506
[hold reg-reg] _61107_/Q -> _59818_/D : -53.121265
[hold reg-reg] _61107_/Q -> _59825_/D : -53.120888
[hold reg-reg] _61107_/Q -> _59822_/D : -53.120674
[hold reg-reg] _61107_/Q -> _59812_/D : -53.120617
[hold reg-reg] _61107_/Q -> _59827_/D : -53.120655
[hold reg-reg] _61107_/Q -> _59813_/D : -53.120384
[hold reg-reg] _61107_/Q -> _59823_/D : -53.120216
[hold reg-reg] _61107_/Q -> _59815_/D : -53.119556
[hold reg-reg] _61107_/Q -> _59817_/D : -53.119583
[hold reg-reg] _61107_/Q -> _59819_/D : -53.119102
[hold reg-reg] _61107_/Q -> _59816_/D : -53.118622
[hold reg-reg] _61107_/Q -> _59814_/D : -53.116451
[hold reg-reg] _61107_/Q -> _61316_/D : -53.113579
[hold reg-reg] _61216_/Q -> _58855_/D : -53.084789
[hold reg-reg] _61216_/Q -> _58859_/D : -53.069721
[hold reg-reg] _61216_/Q -> _58856_/D : -53.068542
[hold reg-reg] _61216_/Q -> _58857_/D : -53.064857
[hold reg-reg] _61216_/Q -> _58865_/D : -53.054829
[hold reg-reg] _61216_/Q -> _58858_/D : -53.049488
[hold reg-reg] _61216_/Q -> _58862_/D : -53.049301
[hold reg-reg] _61216_/Q -> _58860_/D : -53.048832
[hold reg-reg] _61107_/Q -> _59062_/D : -53.043114
[hold reg-reg] _61107_/Q -> _59065_/D : -53.041817
[hold reg-reg] _61107_/Q -> _59063_/D : -53.040257
[hold reg-reg] _61107_/Q -> _59066_/D : -53.039318
[hold reg-reg] _61107_/Q -> _59064_/D : -53.038578
[hold reg-reg] _61107_/Q -> _59067_/D : -53.038322
[hold reg-reg] _61216_/Q -> _58863_/D : -53.036896
[hold reg-reg] _61107_/Q -> _59031_/D : -53.025185
[hold reg-reg] _61107_/Q -> _59030_/D : -53.024776
[hold reg-reg] _61107_/Q -> _59032_/D : -53.022980
[hold reg-reg] _61107_/Q -> _59033_/D : -53.022427
[hold reg-reg] _61107_/Q -> _59034_/D : -53.022114
[hold reg-reg] _61107_/Q -> _59035_/D : -53.020813
[hold reg-reg] _61107_/Q -> _58934_/D : -53.020729
[hold reg-reg] _61107_/Q -> _59159_/D : -53.019939
[hold reg-reg] _61107_/Q -> _58937_/D : -53.019421
[hold reg-reg] _61107_/Q -> _59160_/D : -53.019337
[hold reg-reg] _61216_/Q -> _58867_/D : -53.018925
[hold reg-reg] _61107_/Q -> _58935_/D : -53.018810
[hold reg-reg] _61107_/Q -> _59161_/D : -53.018860
[hold reg-reg] _61107_/Q -> _59158_/D : -53.018539
[hold reg-reg] _61107_/Q -> _58938_/D : -53.018219
[hold reg-reg] _61107_/Q -> _58936_/D : -53.016441
[hold reg-reg] _61107_/Q -> _58939_/D : -53.016182
[hold reg-reg] _61107_/Q -> _59163_/D : -53.016201
[hold reg-reg] _61107_/Q -> _59162_/D : -53.015873
[hold reg-reg] _61107_/Q -> _59702_/D : -53.015434
[hold reg-reg] _61107_/Q -> _59704_/D : -53.013554
[hold reg-reg] _61107_/Q -> _59705_/D : -53.012707
[hold reg-reg] _61107_/Q -> _59703_/D : -53.011074
[hold reg-reg] _61107_/Q -> _59706_/D : -53.009949
[hold reg-reg] _61107_/Q -> _59736_/D : -53.009701
[hold reg-reg] _61107_/Q -> _59734_/D : -53.009525
[hold reg-reg] _61107_/Q -> _59707_/D : -53.009228
[hold reg-reg] _61107_/Q -> _59737_/D : -53.008457
[hold reg-reg] _61107_/Q -> _59735_/D : -53.007843
[hold reg-reg] _61107_/Q -> _59739_/D : -53.006817
[hold reg-reg] _61107_/Q -> _59738_/D : -53.006355
[hold reg-reg] _61216_/Q -> _58852_/D : -53.005390
[hold reg-reg] _61107_/Q -> _58932_/D : -53.003788
[hold reg-reg] _61107_/Q -> _59156_/D : -53.003662
[hold reg-reg] _61107_/Q -> _59157_/D : -53.002502
[hold reg-reg] _61107_/Q -> _58933_/D : -53.001522
[hold reg-reg] _61107_/Q -> _59700_/D : -52.999775
[hold reg-reg] _61107_/Q -> _59701_/D : -52.998898
[hold reg-reg] _61216_/Q -> _58861_/D : -52.996532
[hold reg-reg] _61107_/Q -> _59733_/D : -52.994179
[hold reg-reg] _61107_/Q -> _59732_/D : -52.993851
[hold reg-reg] _61107_/Q -> _58905_/D : -52.993305
[hold reg-reg] _61107_/Q -> _58903_/D : -52.993031
[hold reg-reg] _61216_/Q -> _58866_/D : -52.992870
[hold reg-reg] _61107_/Q -> _58904_/D : -52.992592
[hold reg-reg] _61107_/Q -> _59382_/D : -52.992512
[hold reg-reg] _61107_/Q -> _58907_/D : -52.992222
[hold reg-reg] _61107_/Q -> _59384_/D : -52.991924
[hold reg-reg] _61107_/Q -> _59478_/D : -52.991909
[hold reg-reg] _61107_/Q -> _59766_/D : -52.991768
[hold reg-reg] _61107_/Q -> _58902_/D : -52.991680
[hold reg-reg] _61107_/Q -> _58906_/D : -52.991333
[hold reg-reg] _61107_/Q -> _59767_/D : -52.991306
[hold reg-reg] _61107_/Q -> _59385_/D : -52.991039
[hold reg-reg] _61107_/Q -> _59095_/D : -52.989792
[hold reg-reg] _61107_/Q -> _59768_/D : -52.989819
[hold reg-reg] _61107_/Q -> _59481_/D : -52.989555
[hold reg-reg] _61107_/Q -> _59480_/D : -52.988796
[hold reg-reg] _61107_/Q -> _59386_/D : -52.988167
[hold reg-reg] _61107_/Q -> _59094_/D : -52.987934
[hold reg-reg] _61107_/Q -> _59096_/D : -52.987984
[hold reg-reg] _61107_/Q -> _59383_/D : -52.987896
[hold reg-reg] _61107_/Q -> _59479_/D : -52.987659
[hold reg-reg] _61107_/Q -> _59387_/D : -52.987495
[hold reg-reg] _61107_/Q -> _59769_/D : -52.986557
[hold reg-reg] _61107_/Q -> _59771_/D : -52.986172
[hold reg-reg] _61107_/Q -> _59483_/D : -52.985878
[hold reg-reg] _61107_/Q -> _59638_/D : -52.985729
[hold reg-reg] _61107_/Q -> _59097_/D : -52.985630
[hold reg-reg] _61107_/Q -> _59640_/D : -52.985649
[hold reg-reg] _61107_/Q -> _59639_/D : -52.985203
[hold reg-reg] _61107_/Q -> _59770_/D : -52.984974
[hold reg-reg] _61107_/Q -> _59482_/D : -52.984718
[hold reg-reg] _61107_/Q -> _59099_/D : -52.984436
[hold reg-reg] _61107_/Q -> _59194_/D : -52.984264
[hold reg-reg] _61107_/Q -> _59098_/D : -52.983536
[hold reg-reg] _61107_/Q -> _59190_/D : -52.983566
[hold reg-reg] _61107_/Q -> _59193_/D : -52.983376
[hold reg-reg] _61107_/Q -> _59191_/D : -52.982601
[hold reg-reg] _61107_/Q -> _59192_/D : -52.982407
[hold reg-reg] _61107_/Q -> _59641_/D : -52.981541
[hold reg-reg] _61107_/Q -> _59643_/D : -52.981125
[hold reg-reg] _61107_/Q -> _59446_/D : -52.980820
[hold reg-reg] _61107_/Q -> _59510_/D : -52.980854
[hold reg-reg] _61107_/Q -> _59195_/D : -52.980434
[hold reg-reg] _61107_/Q -> _59798_/D : -52.979702
[hold reg-reg] _61107_/Q -> _59642_/D : -52.979538
[hold reg-reg] _61107_/Q -> _59512_/D : -52.979019
[hold reg-reg] _61107_/Q -> _59513_/D : -52.978840
[hold reg-reg] _61107_/Q -> _59449_/D : -52.978466
[hold reg-reg] _61107_/Q -> _59448_/D : -52.977386
[hold reg-reg] _61107_/Q -> _59515_/D : -52.977230
[hold reg-reg] _61107_/Q -> _59447_/D : -52.977154
[hold reg-reg] _61107_/Q -> _59511_/D : -52.976837
[hold reg-reg] _61107_/Q -> _59803_/D : -52.976833
[hold reg-reg] _61107_/Q -> _59514_/D : -52.976372
[hold reg-reg] _61107_/Q -> _59476_/D : -52.975422
[hold reg-reg] _61107_/Q -> _59546_/D : -52.975327
[hold reg-reg] _61107_/Q -> _59380_/D : -52.975254
[hold reg-reg] _61107_/Q -> _59801_/D : -52.975101
[hold reg-reg] _61107_/Q -> _59800_/D : -52.974915
[hold reg-reg] _61107_/Q -> _59222_/D : -52.974777
[hold reg-reg] _61107_/Q -> _59381_/D : -52.974586
[hold reg-reg] _61107_/Q -> _59544_/D : -52.974216
[hold reg-reg] _61107_/Q -> _59477_/D : -52.974159
[hold reg-reg] _61107_/Q -> _59450_/D : -52.974102
[hold reg-reg] _61107_/Q -> _59799_/D : -52.973366
[hold reg-reg] _61107_/Q -> _59545_/D : -52.972984
[hold reg-reg] _61107_/Q -> _59802_/D : -52.972626
[hold reg-reg] _61107_/Q -> _59451_/D : -52.972538
[hold reg-reg] _61107_/Q -> _59542_/D : -52.972504
[hold reg-reg] _61107_/Q -> _59606_/D : -52.972214
[hold reg-reg] _61107_/Q -> _59547_/D : -52.972160
[hold reg-reg] _61107_/Q -> _59543_/D : -52.971409
[hold reg-reg] _61107_/Q -> _59607_/D : -52.971348
[hold reg-reg] _61107_/Q -> _59254_/D : -52.971100
[hold reg-reg] _61107_/Q -> _59255_/D : -52.970581
[hold reg-reg] _61107_/Q -> _59608_/D : -52.970394
[hold reg-reg] _61107_/Q -> _59611_/D : -52.970341
[hold reg-reg] _61107_/Q -> _59609_/D : -52.970249
[hold reg-reg] _61107_/Q -> _59256_/D : -52.969891
[hold reg-reg] _61107_/Q -> _59257_/D : -52.969727
[hold reg-reg] _61107_/Q -> _59224_/D : -52.969051
[hold reg-reg] _61107_/Q -> _59258_/D : -52.968590
[hold reg-reg] _61107_/Q -> _59259_/D : -52.968208
[hold reg-reg] _61107_/Q -> _59223_/D : -52.968063
[hold reg-reg] _61107_/Q -> _59509_/D : -52.967804
[hold reg-reg] _61107_/Q -> _59227_/D : -52.967056
[hold reg-reg] _61107_/Q -> _59508_/D : -52.967056
[hold reg-reg] _61107_/Q -> _59318_/D : -52.966862
[hold reg-reg] _61107_/Q -> _59225_/D : -52.966698
[hold reg-reg] _61107_/Q -> _59226_/D : -52.966633
[hold reg-reg] _61107_/Q -> _59610_/D : -52.966351
[hold reg-reg] _61107_/Q -> _59188_/D : -52.966137
[hold reg-reg] _61107_/Q -> _58901_/D : -52.965824
[hold reg-reg] _61107_/Q -> _59189_/D : -52.965710
[hold reg-reg] _61107_/Q -> _58900_/D : -52.965584
[hold reg-reg] _61107_/Q -> _59720_/D : -52.964802
[hold reg-reg] _61107_/Q -> _59321_/D : -52.964687
[hold reg-reg] _61107_/Q -> _59319_/D : -52.964344
[hold reg-reg] _61107_/Q -> _59320_/D : -52.963856
[hold reg-reg] _61107_/Q -> _59722_/D : -52.962917
[hold reg-reg] _61107_/Q -> _59764_/D : -52.962894
[hold reg-reg] _61107_/Q -> _59093_/D : -52.962708
[hold reg-reg] _61107_/Q -> _59092_/D : -52.962158
[hold reg-reg] _61107_/Q -> _59719_/D : -52.962204
[hold reg-reg] _61107_/Q -> _59323_/D : -52.961571
[hold reg-reg] _61107_/Q -> _59723_/D : -52.961613
[hold reg-reg] _61107_/Q -> _61288_/D : -52.961376
[hold reg-reg] _61107_/Q -> _59721_/D : -52.960724
[hold reg-reg] _61107_/Q -> _59444_/D : -52.960567
[hold reg-reg] _61107_/Q -> _59765_/D : -52.960461
[hold reg-reg] _61107_/Q -> _59351_/D : -52.960403
[hold reg-reg] _61107_/Q -> _59718_/D : -52.959606
[hold reg-reg] _61107_/Q -> _59353_/D : -52.959244
[hold reg-reg] _61107_/Q -> _59322_/D : -52.959183
[hold reg-reg] _61107_/Q -> _59445_/D : -52.959118
[hold reg-reg] _61107_/Q -> _59592_/D : -52.959076
[hold reg-reg] _61107_/Q -> _59595_/D : -52.958778
[hold reg-reg] _61107_/Q -> _59594_/D : -52.958683
[hold reg-reg] _61107_/Q -> _59637_/D : -52.958107
[hold reg-reg] _61107_/Q -> _59350_/D : -52.957874
[hold reg-reg] _61107_/Q -> _59593_/D : -52.956985
[hold reg-reg] _61107_/Q -> _59636_/D : -52.957001
[hold reg-reg] _61107_/Q -> _59048_/D : -52.955963
[hold reg-reg] _61107_/Q -> _59355_/D : -52.955986
[hold reg-reg] _61107_/Q -> _61292_/D : -52.955845
[hold reg-reg] _61107_/Q -> _59352_/D : -52.955658
[hold reg-reg] _61107_/Q -> _59220_/D : -52.955471
[hold reg-reg] _61107_/Q -> _59531_/D : -52.955307
[hold reg-reg] _61107_/Q -> _59591_/D : -52.955135
[hold reg-reg] _61107_/Q -> _59354_/D : -52.954685
[hold reg-reg] _61107_/Q -> _59050_/D : -52.954231
[hold reg-reg] _61107_/Q -> _59590_/D : -52.954029
[hold reg-reg] _61107_/Q -> _59221_/D : -52.953838
[hold reg-reg] _61107_/Q -> _59047_/D : -52.953777
[hold reg-reg] _61107_/Q -> _59530_/D : -52.953796
[hold reg-reg] _61107_/Q -> _59049_/D : -52.953148
[hold reg-reg] _61107_/Q -> _59051_/D : -52.953026
[hold reg-reg] _61107_/Q -> _59528_/D : -52.953037
[hold reg-reg] _61107_/Q -> _59016_/D : -52.952934
[hold reg-reg] _61107_/Q -> _59046_/D : -52.952446
[hold reg-reg] _61107_/Q -> _59541_/D : -52.952396
[hold reg-reg] _61107_/Q -> _59529_/D : -52.952026
[hold reg-reg] _61107_/Q -> _59527_/D : -52.951962
[hold reg-reg] _61107_/Q -> _59018_/D : -52.951080
[hold reg-reg] _61107_/Q -> _59015_/D : -52.950508
[hold reg-reg] _61107_/Q -> _59019_/D : -52.950394
[hold reg-reg] _61107_/Q -> _59796_/D : -52.949604
[hold reg-reg] _61107_/Q -> _59716_/D : -52.949112
[hold reg-reg] _61107_/Q -> _59017_/D : -52.949005
[hold reg-reg] _61107_/Q -> _59717_/D : -52.948849
[hold reg-reg] _61107_/Q -> _59797_/D : -52.948750
[hold reg-reg] _61107_/Q -> _59540_/D : -52.948608
[hold reg-reg] _61107_/Q -> _59526_/D : -52.948330
[hold reg-reg] _61107_/Q -> _59604_/D : -52.948154
[hold reg-reg] _61107_/Q -> _60831_/D : -52.947983
[hold reg-reg] _61107_/Q -> _59014_/D : -52.947899
[hold reg-reg] _61107_/Q -> _59605_/D : -52.947193
[hold reg-reg] _61107_/Q -> _59497_/D : -52.944790
[hold reg-reg] _61107_/Q -> _59252_/D : -52.944653
[hold reg-reg] _61107_/Q -> _59499_/D : -52.944252
[hold reg-reg] _61107_/Q -> _59253_/D : -52.944073
[hold reg-reg] _61107_/Q -> _59589_/D : -52.943710
[hold reg-reg] _61107_/Q -> _59588_/D : -52.943336
[hold reg-reg] _61107_/Q -> _59498_/D : -52.942612
[hold reg-reg] _61107_/Q -> _59496_/D : -52.941525
[hold reg-reg] _61107_/Q -> _59316_/D : -52.941284
[hold reg-reg] _61107_/Q -> _61289_/D : -52.940964
[hold reg-reg] _61107_/Q -> _59494_/D : -52.940807
[hold reg-reg] _61107_/Q -> _61290_/D : -52.940361
[hold reg-reg] _61107_/Q -> _59317_/D : -52.940170
[hold reg-reg] _61107_/Q -> _59495_/D : -52.939503
[hold reg-reg] _61107_/Q -> _59624_/D : -52.938896
[hold reg-reg] _61107_/Q -> _59626_/D : -52.937702
[hold reg-reg] _61107_/Q -> _61287_/D : -52.936920
[hold reg-reg] _61107_/Q -> _59470_/D : -52.936394
[hold reg-reg] _61107_/Q -> _59625_/D : -52.935429
[hold reg-reg] _61107_/Q -> _59622_/D : -52.935108
[hold reg-reg] _61107_/Q -> _59475_/D : -52.934990
[hold reg-reg] _61107_/Q -> _59623_/D : -52.934589
[hold reg-reg] _61107_/Q -> _59473_/D : -52.934505
[hold reg-reg] _61107_/Q -> _59627_/D : -52.934540
[hold reg-reg] _61107_/Q -> _59472_/D : -52.934353
[hold reg-reg] _61107_/Q -> _59471_/D : -52.934231
[hold reg-reg] _61107_/Q -> _59474_/D : -52.933155
[hold reg-reg] _61107_/Q -> _59374_/D : -52.932335
[hold reg-reg] _61107_/Q -> _59376_/D : -52.932289
[hold reg-reg] _61107_/Q -> _59379_/D : -52.932167
[hold reg-reg] _61107_/Q -> _59377_/D : -52.930946
[hold reg-reg] _61107_/Q -> _59525_/D : -52.930305
[hold reg-reg] _61107_/Q -> _59524_/D : -52.929630
[hold reg-reg] _61107_/Q -> _59378_/D : -52.929554
[hold reg-reg] _61107_/Q -> _59375_/D : -52.929287
[hold reg-reg] _61107_/Q -> _59183_/D : -52.929020
[hold reg-reg] _61107_/Q -> _59182_/D : -52.928959
[hold reg-reg] _61107_/Q -> _58923_/D : -52.928806
[hold reg-reg] _61107_/Q -> _58921_/D : -52.928608
[hold reg-reg] _61107_/Q -> _58922_/D : -52.928619
[hold reg-reg] _61107_/Q -> _59348_/D : -52.928623
[hold reg-reg] _61107_/Q -> _59184_/D : -52.927891
[hold reg-reg] _61107_/Q -> _58920_/D : -52.927261
[hold reg-reg] _61107_/Q -> _59185_/D : -52.927036
[hold reg-reg] _61107_/Q -> _58919_/D : -52.926395
[hold reg-reg] _61107_/Q -> _59349_/D : -52.926422
[hold reg-reg] _61107_/Q -> _58918_/D : -52.926266
[hold reg-reg] _61107_/Q -> _59186_/D : -52.925964
[hold reg-reg] _61107_/Q -> _59217_/D : -52.925503
[hold reg-reg] _61107_/Q -> _59214_/D : -52.925041
[hold reg-reg] _61107_/Q -> _59218_/D : -52.924454
[hold reg-reg] _61107_/Q -> _59219_/D : -52.923923
[hold reg-reg] _61107_/Q -> _59216_/D : -52.923851
[hold reg-reg] _61107_/Q -> _59187_/D : -52.923733
[hold reg-reg] _61107_/Q -> _59215_/D : -52.922993
[hold reg-reg] _61107_/Q -> _59469_/D : -52.921616
[hold reg-reg] _61107_/Q -> _59492_/D : -52.921524
[hold reg-reg] _61107_/Q -> _59247_/D : -52.921295
[hold reg-reg] _61107_/Q -> _59493_/D : -52.921345
[hold reg-reg] _61107_/Q -> _59251_/D : -52.920998
[hold reg-reg] _61107_/Q -> _59313_/D : -52.920990
[hold reg-reg] _61107_/Q -> _59315_/D : -52.920986
[hold reg-reg] _61107_/Q -> _59250_/D : -52.920933
[hold reg-reg] _61107_/Q -> _59314_/D : -52.920792
[hold reg-reg] _61107_/Q -> _59468_/D : -52.920727
[hold reg-reg] _61107_/Q -> _59311_/D : -52.920528
[hold reg-reg] _61107_/Q -> _59246_/D : -52.920414
[hold reg-reg] _61107_/Q -> _59248_/D : -52.920338
[hold reg-reg] _61107_/Q -> _61291_/D : -52.920067
[hold reg-reg] _61107_/Q -> _59310_/D : -52.919949
[hold reg-reg] _61107_/Q -> _59249_/D : -52.918976
[hold reg-reg] _61216_/Q -> _59647_/D : -52.918026
[hold reg-reg] _61216_/Q -> _59651_/D : -52.917953
[hold reg-reg] _61216_/Q -> _59649_/D : -52.917599
[hold reg-reg] _61216_/Q -> _59650_/D : -52.917336
[hold reg-reg] _61107_/Q -> _59443_/D : -52.917038
[hold reg-reg] _61107_/Q -> _59438_/D : -52.916828
[hold reg-reg] _61107_/Q -> _59373_/D : -52.916695
[hold reg-reg] _61107_/Q -> _59441_/D : -52.916634
[hold reg-reg] _61107_/Q -> _59213_/D : -52.915997
[hold reg-reg] _61107_/Q -> _59372_/D : -52.915894
[hold reg-reg] _61216_/Q -> _59648_/D : -52.915840
[hold reg-reg] _61107_/Q -> _59212_/D : -52.915638
[hold reg-reg] _61107_/Q -> _59439_/D : -52.915401
[hold reg-reg] _61107_/Q -> _59620_/D : -52.915226
[hold reg-reg] _61107_/Q -> _58888_/D : -52.915035
[hold reg-reg] _61216_/Q -> _59646_/D : -52.915016
[hold reg-reg] _61107_/Q -> _59621_/D : -52.914879
[hold reg-reg] _61107_/Q -> _59312_/D : -52.913578
[hold reg-reg] _61107_/Q -> _58889_/D : -52.913513
[hold reg-reg] _61107_/Q -> _58890_/D : -52.912941
[hold reg-reg] _61107_/Q -> _59081_/D : -52.912739
[hold reg-reg] _61107_/Q -> _58891_/D : -52.912273
[hold reg-reg] _61107_/Q -> _59440_/D : -52.912300
[hold reg-reg] _61107_/Q -> _59442_/D : -52.912334
[hold reg-reg] _61107_/Q -> _59083_/D : -52.911854
[hold reg-reg] _61107_/Q -> _59082_/D : -52.911324
[hold reg-reg] _61107_/Q -> _59078_/D : -52.911125
[hold reg-reg] _61107_/Q -> _59080_/D : -52.911083
[hold reg-reg] _61107_/Q -> _59181_/D : -52.911137
[hold reg-reg] _61107_/Q -> _59180_/D : -52.910446
[hold reg-reg] _61107_/Q -> _58887_/D : -52.910000
[hold reg-reg] _61107_/Q -> _61294_/D : -52.910042
[hold reg-reg] _61107_/Q -> _59368_/D : -52.909779
[hold reg-reg] _61107_/Q -> _58886_/D : -52.909191
[hold reg-reg] _61107_/Q -> _58916_/D : -52.907066
[hold reg-reg] _61107_/Q -> _59369_/D : -52.906948
[hold reg-reg] _61107_/Q -> _58917_/D : -52.906849
[hold reg-reg] _61107_/Q -> _59146_/D : -52.906857
[hold reg-reg] _61107_/Q -> _59245_/D : -52.906651
[hold reg-reg] _61107_/Q -> _59371_/D : -52.906429
[hold reg-reg] _61107_/Q -> _59244_/D : -52.906269
[hold reg-reg] _61107_/Q -> _59079_/D : -52.906193
[hold reg-reg] _61107_/Q -> _59147_/D : -52.905727
[hold reg-reg] _61107_/Q -> _59370_/D : -52.905773
[hold reg-reg] _61107_/Q -> _59145_/D : -52.905037
[hold reg-reg] _61107_/Q -> _59465_/D : -52.904972
[hold reg-reg] _61107_/Q -> _59144_/D : -52.904888
[hold reg-reg] _61107_/Q -> _59367_/D : -52.904797
[hold reg-reg] _61107_/Q -> _59464_/D : -52.904724
[hold reg-reg] _61107_/Q -> _59142_/D : -52.904243
[hold reg-reg] _61107_/Q -> _59466_/D : -52.903889
[hold reg-reg] _61107_/Q -> _59467_/D : -52.903831
[hold reg-reg] _61107_/Q -> _59437_/D : -52.903126
[hold reg-reg] _61107_/Q -> _59366_/D : -52.902729
[hold reg-reg] _61107_/Q -> _59143_/D : -52.902611
[hold reg-reg] _61107_/Q -> _59462_/D : -52.901749
[hold reg-reg] _61107_/Q -> _59436_/D : -52.901501
[hold reg-reg] _61107_/Q -> _59309_/D : -52.901329
[hold reg-reg] _61107_/Q -> _59432_/D : -52.900654
[hold reg-reg] _61107_/Q -> _59435_/D : -52.900383
[hold reg-reg] _61107_/Q -> _59179_/D : -52.900166
[hold reg-reg] _61107_/Q -> _59308_/D : -52.900124
[hold reg-reg] _61107_/Q -> _59343_/D : -52.900078
[hold reg-reg] _61107_/Q -> _59347_/D : -52.899910
[hold reg-reg] _61107_/Q -> _59434_/D : -52.899811
[hold reg-reg] _61107_/Q -> _59342_/D : -52.899666
[hold reg-reg] _61107_/Q -> _59346_/D : -52.899689
[hold reg-reg] _61107_/Q -> _59178_/D : -52.899540
[hold reg-reg] _61107_/Q -> _59433_/D : -52.899418
[hold reg-reg] _61107_/Q -> _59431_/D : -52.899113
[hold reg-reg] _61107_/Q -> _59463_/D : -52.898792
[hold reg-reg] _61107_/Q -> _59174_/D : -52.898663
[hold reg-reg] _61107_/Q -> _59176_/D : -52.898392
[hold reg-reg] _61107_/Q -> _59344_/D : -52.897953
[hold reg-reg] _61107_/Q -> _59209_/D : -52.897633
[hold reg-reg] _61107_/Q -> _59210_/D : -52.897335
[hold reg-reg] _61107_/Q -> _59211_/D : -52.897324
[hold reg-reg] _61107_/Q -> _59175_/D : -52.896866
[hold reg-reg] _61107_/Q -> _59345_/D : -52.896591
[hold reg-reg] _61107_/Q -> _59177_/D : -52.896358
[hold reg-reg] _61107_/Q -> _58966_/D : -52.896023
[hold reg-reg] _61107_/Q -> _59208_/D : -52.895790
[hold reg-reg] _61107_/Q -> _58967_/D : -52.894905
[hold reg-reg] _61107_/Q -> _58971_/D : -52.894566
[hold reg-reg] _61107_/Q -> _58970_/D : -52.894390
[hold reg-reg] _61107_/Q -> _59207_/D : -52.894333
[hold reg-reg] _61107_/Q -> _59430_/D : -52.893284
[hold reg-reg] _61107_/Q -> _58969_/D : -52.891487
[hold reg-reg] _61107_/Q -> _59365_/D : -52.890785
[hold reg-reg] _61107_/Q -> _59364_/D : -52.890453
[hold reg-reg] _61107_/Q -> _59461_/D : -52.889961
[hold reg-reg] _61107_/Q -> _58968_/D : -52.889732
[hold reg-reg] _61107_/Q -> _59206_/D : -52.888432
[hold reg-reg] _61107_/Q -> _59460_/D : -52.888386
[hold reg-reg] _61107_/Q -> _58884_/D : -52.887089
[hold reg-reg] _61107_/Q -> _58885_/D : -52.886585
[hold reg-reg] _61107_/Q -> _59141_/D : -52.886353
[hold reg-reg] _61107_/Q -> _59140_/D : -52.885853
[hold reg-reg] _61107_/Q -> _59299_/D : -52.885784
[hold reg-reg] _61107_/Q -> _59296_/D : -52.885708
[hold reg-reg] _61107_/Q -> _59295_/D : -52.885509
[hold reg-reg] _61107_/Q -> _59173_/D : -52.885117
[hold reg-reg] _61107_/Q -> _59360_/D : -52.884766
[hold reg-reg] _61107_/Q -> _59361_/D : -52.884811
[hold reg-reg] _61107_/Q -> _59363_/D : -52.884289
[hold reg-reg] _61107_/Q -> _59358_/D : -52.883873
[hold reg-reg] _61107_/Q -> _59338_/D : -52.883808
[hold reg-reg] _61107_/Q -> _59362_/D : -52.883743
[hold reg-reg] _61107_/Q -> _59458_/D : -52.883652
[hold reg-reg] _61107_/Q -> _59172_/D : -52.883415
[hold reg-reg] _61107_/Q -> _59298_/D : -52.883453
[hold reg-reg] _61107_/Q -> _59457_/D : -52.883247
[hold reg-reg] _61107_/Q -> _59205_/D : -52.883015
[hold reg-reg] _61107_/Q -> _59339_/D : -52.883057
[hold reg-reg] _61107_/Q -> _59204_/D : -52.882996
[hold reg-reg] _61107_/Q -> _59456_/D : -52.882778
[hold reg-reg] _61107_/Q -> _59455_/D : -52.882671
[hold reg-reg] _61107_/Q -> _59297_/D : -52.882099
[hold reg-reg] _61107_/Q -> _59459_/D : -52.882114
[hold reg-reg] _61107_/Q -> _59241_/D : -52.881989
[hold reg-reg] _61107_/Q -> _59429_/D : -52.881908
[hold reg-reg] _61107_/Q -> _59454_/D : -52.881809
[hold reg-reg] _61107_/Q -> _59294_/D : -52.881634
[hold reg-reg] _61107_/Q -> _59340_/D : -52.881596
[hold reg-reg] _61107_/Q -> _59424_/D : -52.881355
[hold reg-reg] _61107_/Q -> _59341_/D : -52.881001
[hold reg-reg] _61107_/Q -> _59359_/D : -52.880894
[hold reg-reg] _61107_/Q -> _59242_/D : -52.880482
[hold reg-reg] _61107_/Q -> _59243_/D : -52.880135
[hold reg-reg] _61107_/Q -> _59337_/D : -52.879814
[hold reg-reg] _61107_/Q -> _59426_/D : -52.879814
[hold reg-reg] _61107_/Q -> _59427_/D : -52.879620
[hold reg-reg] _61107_/Q -> _59334_/D : -52.879498
[hold reg-reg] _61107_/Q -> _59336_/D : -52.879387
[hold reg-reg] _61107_/Q -> _59425_/D : -52.879368
[hold reg-reg] _61107_/Q -> _59428_/D : -52.879280
[hold reg-reg] _61107_/Q -> _59077_/D : -52.878109
[hold reg-reg] _61107_/Q -> _59335_/D : -52.877872
[hold reg-reg] _61107_/Q -> _59076_/D : -52.877708
[hold reg-reg] _61107_/Q -> _59240_/D : -52.877670
[hold reg-reg] _61107_/Q -> _59423_/D : -52.877468
[hold reg-reg] _61107_/Q -> _59238_/D : -52.877270
[hold reg-reg] _61107_/Q -> _59422_/D : -52.876637
[hold reg-reg] _61107_/Q -> _59327_/D : -52.875870
[hold reg-reg] _61107_/Q -> _59328_/D : -52.875877
[hold reg-reg] _61107_/Q -> _59239_/D : -52.875038
[hold reg-reg] _61107_/Q -> _59452_/D : -52.874893
[hold reg-reg] _61107_/Q -> _59453_/D : -52.874905
[hold reg-reg] _61107_/Q -> _59330_/D : -52.874493
[hold reg-reg] _61107_/Q -> _59619_/D : -52.873852
[hold reg-reg] _61107_/Q -> _59357_/D : -52.873489
[hold reg-reg] _61107_/Q -> _59356_/D : -52.873215
[hold reg-reg] _61107_/Q -> _59331_/D : -52.873158
[hold reg-reg] _61107_/Q -> _59329_/D : -52.872746
[hold reg-reg] _61107_/Q -> _59585_/D : -52.872787
[hold reg-reg] _61107_/Q -> _59234_/D : -52.872135
[hold reg-reg] _61107_/Q -> _59586_/D : -52.872089
[hold reg-reg] _61107_/Q -> _59617_/D : -52.871784
[hold reg-reg] _61107_/Q -> _59618_/D : -52.871181
[hold reg-reg] _61107_/Q -> _59587_/D : -52.871098
[hold reg-reg] _61107_/Q -> _59306_/D : -52.871037
[hold reg-reg] _61107_/Q -> _59293_/D : -52.870880
[hold reg-reg] _61107_/Q -> _59583_/D : -52.870842
[hold reg-reg] _61107_/Q -> _59615_/D : -52.870762
[hold reg-reg] _61107_/Q -> _59292_/D : -52.870628
[hold reg-reg] _61107_/Q -> _59304_/D : -52.870617
[hold reg-reg] _61107_/Q -> _59307_/D : -52.870544
[hold reg-reg] _61107_/Q -> _59302_/D : -52.870178
[hold reg-reg] _61107_/Q -> _59326_/D : -52.870216
[hold reg-reg] _61107_/Q -> _59231_/D : -52.869595
[hold reg-reg] _61107_/Q -> _59305_/D : -52.869324
[hold reg-reg] _61107_/Q -> _59523_/D : -52.868935
[hold reg-reg] _61107_/Q -> _59614_/D : -52.868923
[hold reg-reg] _61107_/Q -> _59232_/D : -52.868828
[hold reg-reg] _61107_/Q -> _59584_/D : -52.868866
[hold reg-reg] _61107_/Q -> _59616_/D : -52.868797
[hold reg-reg] _61107_/Q -> _59235_/D : -52.868721
[hold reg-reg] _61107_/Q -> _59303_/D : -52.868614
[hold reg-reg] _61107_/Q -> _59230_/D : -52.867905
[hold reg-reg] _61107_/Q -> _59233_/D : -52.867260
[hold reg-reg] _61107_/Q -> _59522_/D : -52.866966
[hold reg-reg] _61107_/Q -> _59582_/D : -52.866592
[hold reg-reg] _61107_/Q -> _59521_/D : -52.866028
[hold reg-reg] _61107_/Q -> _59202_/D : -52.865856
[hold reg-reg] _61107_/Q -> _59420_/D : -52.865555
[hold reg-reg] _61107_/Q -> _59201_/D : -52.865005
[hold reg-reg] _61107_/Q -> _59421_/D : -52.864815
[hold reg-reg] _61107_/Q -> _59519_/D : -52.864674
[hold reg-reg] _61107_/Q -> _59520_/D : -52.864677
[hold reg-reg] _61107_/Q -> _59198_/D : -52.864571
[hold reg-reg] _61107_/Q -> _59203_/D : -52.864372
[hold reg-reg] _61107_/Q -> _59200_/D : -52.863449
[hold reg-reg] _61107_/Q -> _59518_/D : -52.862782
[hold reg-reg] _61107_/Q -> _59199_/D : -52.862461
[hold reg-reg] _61107_/Q -> _59126_/D : -52.860596
[hold reg-reg] _61107_/Q -> _59324_/D : -52.860615
[hold reg-reg] _61107_/Q -> _59612_/D : -52.860302
[hold reg-reg] _61107_/Q -> _59325_/D : -52.860165
[hold reg-reg] _61107_/Q -> _59127_/D : -52.859558
[hold reg-reg] _61107_/Q -> _59613_/D : -52.859303
[hold reg-reg] _61107_/Q -> _59129_/D : -52.859131
[hold reg-reg] _61107_/Q -> _59128_/D : -52.858498
[hold reg-reg] _61107_/Q -> _59332_/D : -52.858318
[hold reg-reg] _61107_/Q -> _59333_/D : -52.858177
[hold reg-reg] _61107_/Q -> _59777_/D : -52.856182
[hold reg-reg] _61107_/Q -> _59130_/D : -52.855522
[hold reg-reg] _61107_/Q -> _59131_/D : -52.855556
[hold reg-reg] _61107_/Q -> _59580_/D : -52.855526
[hold reg-reg] _61107_/Q -> _59517_/D : -52.854645
[hold reg-reg] _61107_/Q -> _59555_/D : -52.854561
[hold reg-reg] _61107_/Q -> _59581_/D : -52.854420
[hold reg-reg] _61107_/Q -> _59228_/D : -52.854050
[hold reg-reg] _61107_/Q -> _59516_/D : -52.854073
[hold reg-reg] _61107_/Q -> _59713_/D : -52.853878
[hold reg-reg] _61107_/Q -> _59197_/D : -52.853508
[hold reg-reg] _61107_/Q -> _59196_/D : -52.853252
[hold reg-reg] _61107_/Q -> _59775_/D : -52.853027
[hold reg-reg] _61107_/Q -> _59779_/D : -52.852940
[hold reg-reg] _61216_/Q -> _59409_/D : -52.852524
[hold reg-reg] _61107_/Q -> _59229_/D : -52.852417
[hold reg-reg] _61107_/Q -> _59778_/D : -52.852356
[hold reg-reg] _61107_/Q -> _59553_/D : -52.852253
[hold reg-reg] _61216_/Q -> _59411_/D : -52.852158
[hold reg-reg] _61107_/Q -> _59715_/D : -52.852085
[hold reg-reg] _61107_/Q -> _59776_/D : -52.852127
[hold reg-reg] _61107_/Q -> _59681_/D : -52.851864
[hold reg-reg] _61107_/Q -> _59551_/D : -52.851780
[hold reg-reg] _61107_/Q -> _59710_/D : -52.851826
[hold reg-reg] _61107_/Q -> _59714_/D : -52.851650
[hold reg-reg] _61107_/Q -> _59711_/D : -52.851444
[hold reg-reg] _61107_/Q -> _59554_/D : -52.851345
[hold reg-reg] _61107_/Q -> _59679_/D : -52.851387
[hold reg-reg] _61107_/Q -> _59489_/D : -52.850937
[hold reg-reg] _61107_/Q -> _59682_/D : -52.850891
[hold reg-reg] _61216_/Q -> _59410_/D : -52.850723
[hold reg-reg] _61107_/Q -> _59680_/D : -52.850765
[hold reg-reg] _61107_/Q -> _59747_/D : -52.850662
[hold reg-reg] _61107_/Q -> _59237_/D : -52.850254
[hold reg-reg] _61107_/Q -> _59712_/D : -52.850277
[hold reg-reg] _61216_/Q -> _59407_/D : -52.850147
[hold reg-reg] _61107_/Q -> _59488_/D : -52.850060
[hold reg-reg] _61107_/Q -> _59745_/D : -52.850063
[hold reg-reg] _61216_/Q -> _59406_/D : -52.849979
[hold reg-reg] _61107_/Q -> _59550_/D : -52.850018
[hold reg-reg] _61107_/Q -> _59236_/D : -52.849697
[hold reg-reg] _61107_/Q -> _59683_/D : -52.849670
[hold reg-reg] _61107_/Q -> _59300_/D : -52.849346
[hold reg-reg] _61107_/Q -> _59487_/D : -52.849030
[hold reg-reg] _61107_/Q -> _59552_/D : -52.849026
[hold reg-reg] _61107_/Q -> _59301_/D : -52.848972
[hold reg-reg] _61107_/Q -> _59486_/D : -52.848492
[hold reg-reg] _61107_/Q -> _59746_/D : -52.848198
[hold reg-reg] _61107_/Q -> _59744_/D : -52.848114
[hold reg-reg] _61107_/Q -> _59491_/D : -52.848049
[hold reg-reg] _61107_/Q -> _59678_/D : -52.848061
[hold reg-reg] _61216_/Q -> _59408_/D : -52.847855
[hold reg-reg] _61107_/Q -> _59490_/D : -52.847584
[hold reg-reg] _61107_/Q -> _59742_/D : -52.846630
[hold reg-reg] _61107_/Q -> _61293_/D : -52.846603
[hold reg-reg] _61107_/Q -> _59169_/D : -52.846394
[hold reg-reg] _61107_/Q -> _59170_/D : -52.846397
[hold reg-reg] _61107_/Q -> _59743_/D : -52.846119
[hold reg-reg] _61107_/Q -> _59168_/D : -52.843639
[hold reg-reg] _61107_/Q -> _59774_/D : -52.843300
[hold reg-reg] _61107_/Q -> _59171_/D : -52.842644
[hold reg-reg] _61107_/Q -> _59708_/D : -52.842007
[hold reg-reg] _61107_/Q -> _59166_/D : -52.841728
[hold reg-reg] _61107_/Q -> _59167_/D : -52.841011
[hold reg-reg] _61107_/Q -> _59709_/D : -52.840729
[hold reg-reg] _61107_/Q -> _59164_/D : -52.839958
[hold reg-reg] _61107_/Q -> _59165_/D : -52.839924
[hold reg-reg] _61107_/Q -> _59676_/D : -52.838589
[hold reg-reg] _61107_/Q -> _59485_/D : -52.838448
[hold reg-reg] _61107_/Q -> _59773_/D : -52.838203
[hold reg-reg] _61107_/Q -> _59741_/D : -52.838112
[hold reg-reg] _61107_/Q -> _59772_/D : -52.837940
[hold reg-reg] _61107_/Q -> _59740_/D : -52.837639
[hold reg-reg] _61107_/Q -> _59484_/D : -52.837574
[hold reg-reg] _61107_/Q -> _59677_/D : -52.837116
[hold reg-reg] _61107_/Q -> _58999_/D : -52.835720
[hold reg-reg] _61107_/Q -> _59003_/D : -52.835567
[hold reg-reg] _61107_/Q -> _59001_/D : -52.834892
[hold reg-reg] _61107_/Q -> _58998_/D : -52.834377
[hold reg-reg] _61107_/Q -> _59002_/D : -52.834290
[hold reg-reg] _61107_/Q -> _59086_/D : -52.832325
[hold reg-reg] _61107_/Q -> _59090_/D : -52.832344
[hold reg-reg] _61107_/Q -> _59087_/D : -52.832031
[hold reg-reg] _61107_/Q -> _59089_/D : -52.832050
[hold reg-reg] _61107_/Q -> _59091_/D : -52.831833
[hold reg-reg] _61216_/Q -> _59403_/D : -52.831196
[hold reg-reg] _61107_/Q -> _59088_/D : -52.831135
[hold reg-reg] _61107_/Q -> _59000_/D : -52.830872
[hold reg-reg] _61107_/Q -> _59548_/D : -52.829815
[hold reg-reg] _61107_/Q -> _59549_/D : -52.827354
[hold reg-reg] _61216_/Q -> _59399_/D : -52.827221
[hold reg-reg] _61216_/Q -> _59402_/D : -52.826710
[hold reg-reg] _61216_/Q -> _59400_/D : -52.826176
[hold reg-reg] _61216_/Q -> _59401_/D : -52.824791
[hold reg-reg] _61216_/Q -> _59398_/D : -52.821434
[hold reg-reg] _61107_/Q -> _59085_/D : -52.820862
[hold reg-reg] _61107_/Q -> _59084_/D : -52.820499
[hold reg-reg] _61107_/Q -> _59060_/D : -52.817585
[hold reg-reg] _61107_/Q -> _58898_/D : -52.817036
[hold reg-reg] _61107_/Q -> _58899_/D : -52.817001
[hold reg-reg] _61107_/Q -> _59061_/D : -52.816555
[hold reg-reg] _61107_/Q -> _59644_/D : -52.816364
[hold reg-reg] _61107_/Q -> _58896_/D : -52.816105
[hold reg-reg] _61107_/Q -> _58897_/D : -52.815922
[hold reg-reg] _61107_/Q -> _58895_/D : -52.815674
[hold reg-reg] _61107_/Q -> _59645_/D : -52.815720
[hold reg-reg] _61107_/Q -> _58894_/D : -52.815495
[hold reg-reg] _61107_/Q -> _59574_/D : -52.811821
[hold reg-reg] _61107_/Q -> _59576_/D : -52.811008
[hold reg-reg] _61107_/Q -> _59575_/D : -52.809555
[hold reg-reg] _61107_/Q -> _59417_/D : -52.808731
[hold reg-reg] _61107_/Q -> _59578_/D : -52.807529
[hold reg-reg] _61107_/Q -> _59412_/D : -52.807468
[hold reg-reg] _61107_/Q -> _59416_/D : -52.807224
[hold reg-reg] _61107_/Q -> _59415_/D : -52.806885
[hold reg-reg] _61107_/Q -> _59413_/D : -52.806374
[hold reg-reg] _61107_/Q -> _59414_/D : -52.806042
[hold reg-reg] _61107_/Q -> _59577_/D : -52.805710
[hold reg-reg] _61107_/Q -> _59419_/D : -52.805504
[hold reg-reg] _61107_/Q -> _59579_/D : -52.804565
[hold reg-reg] _61107_/Q -> _59557_/D : -52.803936
[hold reg-reg] _61107_/Q -> _59561_/D : -52.803658
[hold reg-reg] _61107_/Q -> _59418_/D : -52.803108
[hold reg-reg] _61107_/Q -> _59152_/D : -52.802216
[hold reg-reg] _61107_/Q -> _59653_/D : -52.802216
[hold reg-reg] _61107_/Q -> _59556_/D : -52.801418
[hold reg-reg] _61107_/Q -> _59573_/D : -52.801319
[hold reg-reg] _61107_/Q -> _59657_/D : -52.801220
[hold reg-reg] _61107_/Q -> _59658_/D : -52.800938
[hold reg-reg] _61107_/Q -> _59563_/D : -52.800819
[hold reg-reg] _61107_/Q -> _59656_/D : -52.800781
[hold reg-reg] _61107_/Q -> _59562_/D : -52.800671
[hold reg-reg] _61107_/Q -> _59572_/D : -52.800644
[hold reg-reg] _61107_/Q -> _59560_/D : -52.800541
[hold reg-reg] _61107_/Q -> _59559_/D : -52.800411
[hold reg-reg] _61107_/Q -> _59655_/D : -52.800205
[hold reg-reg] _61107_/Q -> _59154_/D : -52.800129
[hold reg-reg] _61107_/Q -> _59150_/D : -52.799885
[hold reg-reg] _61107_/Q -> _59659_/D : -52.799877
[hold reg-reg] _61107_/Q -> _59153_/D : -52.798985
[hold reg-reg] _61107_/Q -> _59155_/D : -52.798981
[hold reg-reg] _61107_/Q -> _59685_/D : -52.798977
[hold reg-reg] _61107_/Q -> _58882_/D : -52.798828
[hold reg-reg] _61216_/Q -> _59281_/D : -52.798634
[hold reg-reg] _61107_/Q -> _59684_/D : -52.798664
[hold reg-reg] _61107_/Q -> _59151_/D : -52.798416
[hold reg-reg] _61107_/Q -> _59652_/D : -52.798466
[hold reg-reg] _61107_/Q -> _59558_/D : -52.797966
[hold reg-reg] _61107_/Q -> _58893_/D : -52.797882
[hold reg-reg] _61107_/Q -> _58892_/D : -52.797787
[hold reg-reg] _61107_/Q -> _58878_/D : -52.797733
[hold reg-reg] _61107_/Q -> _58881_/D : -52.797695
[hold reg-reg] _61107_/Q -> _59691_/D : -52.797745
[hold reg-reg] _61216_/Q -> _59283_/D : -52.797379
[hold reg-reg] _61107_/Q -> _58880_/D : -52.797096
[hold reg-reg] _61107_/Q -> _58883_/D : -52.797066
[hold reg-reg] _61216_/Q -> _59279_/D : -52.796841
[hold reg-reg] _61107_/Q -> _59690_/D : -52.796772
[hold reg-reg] _61107_/Q -> _59654_/D : -52.796089
[hold reg-reg] _61107_/Q -> _59688_/D : -52.796001
[hold reg-reg] _61216_/Q -> _59282_/D : -52.795601
[hold reg-reg] _61107_/Q -> _59502_/D : -52.794983
[hold reg-reg] _61107_/Q -> _59505_/D : -52.794968
[hold reg-reg] _61107_/Q -> _59687_/D : -52.794804
[hold reg-reg] _61107_/Q -> _59689_/D : -52.794792
[hold reg-reg] _61107_/Q -> _59507_/D : -52.794678
[hold reg-reg] _61107_/Q -> _58879_/D : -52.794357
[hold reg-reg] _61107_/Q -> _59028_/D : -52.794224
[hold reg-reg] _61107_/Q -> _59029_/D : -52.794270
[hold reg-reg] _61216_/Q -> _59278_/D : -52.793980
[hold reg-reg] _61107_/Q -> _59632_/D : -52.793835
[hold reg-reg] _61107_/Q -> _59686_/D : -52.793671
[hold reg-reg] _61107_/Q -> _59635_/D : -52.793236
[hold reg-reg] _61216_/Q -> _59280_/D : -52.792934
[hold reg-reg] _61107_/Q -> _59506_/D : -52.792973
[hold reg-reg] _61107_/Q -> _59631_/D : -52.791992
[hold reg-reg] _61107_/Q -> _59633_/D : -52.791393
[hold reg-reg] _61107_/Q -> _59503_/D : -52.791294
[hold reg-reg] _61107_/Q -> _59630_/D : -52.791214
[hold reg-reg] _61107_/Q -> _59634_/D : -52.791203
[hold reg-reg] _61107_/Q -> _59504_/D : -52.790882
[hold reg-reg] _61107_/Q -> _59138_/D : -52.790413
[hold reg-reg] _61107_/Q -> _59137_/D : -52.788040
[hold reg-reg] _61107_/Q -> _59136_/D : -52.787338
[hold reg-reg] _61107_/Q -> _59135_/D : -52.785881
[hold reg-reg] _61107_/Q -> _58876_/D : -52.785206
[hold reg-reg] _61107_/Q -> _58877_/D : -52.785107
[hold reg-reg] _61107_/Q -> _59599_/D : -52.784550
[hold reg-reg] _61107_/Q -> _59148_/D : -52.784431
[hold reg-reg] _61107_/Q -> _59726_/D : -52.784416
[hold reg-reg] _61107_/Q -> _59729_/D : -52.784294
[hold reg-reg] _61107_/Q -> _59139_/D : -52.784241
[hold reg-reg] _61107_/Q -> _59149_/D : -52.783756
[hold reg-reg] _61107_/Q -> _59730_/D : -52.783478
[hold reg-reg] _61107_/Q -> _59600_/D : -52.783401
[hold reg-reg] _61107_/Q -> _59728_/D : -52.783447
[hold reg-reg] _61107_/Q -> _59134_/D : -52.783237
[hold reg-reg] _61107_/Q -> _59601_/D : -52.783134
[hold reg-reg] _61107_/Q -> _59598_/D : -52.782761
[hold reg-reg] _61107_/Q -> _59731_/D : -52.782639
[hold reg-reg] _61107_/Q -> _59602_/D : -52.782352
[hold reg-reg] _61107_/Q -> _59629_/D : -52.781754
[hold reg-reg] _61107_/Q -> _59670_/D : -52.781750
[hold reg-reg] _61107_/Q -> _59727_/D : -52.781597
[hold reg-reg] _61107_/Q -> _59628_/D : -52.781460
[hold reg-reg] _61107_/Q -> _59534_/D : -52.780956
[hold reg-reg] _61107_/Q -> _59537_/D : -52.780560
[hold reg-reg] _61107_/Q -> _59536_/D : -52.780170
[hold reg-reg] _61107_/Q -> _59671_/D : -52.779884
[hold reg-reg] _61107_/Q -> _59603_/D : -52.779682
[hold reg-reg] _61107_/Q -> _59672_/D : -52.779419
[hold reg-reg] _61107_/Q -> _59501_/D : -52.778816
[hold reg-reg] _61107_/Q -> _59539_/D : -52.778633
[hold reg-reg] _61107_/Q -> _59500_/D : -52.778446
[hold reg-reg] _61216_/Q -> _59275_/D : -52.778240
[hold reg-reg] _61216_/Q -> _59273_/D : -52.777710
[hold reg-reg] _61216_/Q -> _59274_/D : -52.777660
[hold reg-reg] _61107_/Q -> _59133_/D : -52.777550
[hold reg-reg] _61107_/Q -> _59675_/D : -52.777306
[hold reg-reg] _61107_/Q -> _59132_/D : -52.777134
[hold reg-reg] _61107_/Q -> _59535_/D : -52.777081
[hold reg-reg] _61216_/Q -> _59272_/D : -52.776978
[hold reg-reg] _61107_/Q -> _59673_/D : -52.776993
[hold reg-reg] _61107_/Q -> _59538_/D : -52.775734
[hold reg-reg] _61107_/Q -> _59668_/D : -52.775364
[hold reg-reg] _61107_/Q -> _59669_/D : -52.775085
[hold reg-reg] _61107_/Q -> _59674_/D : -52.773540
[hold reg-reg] _61216_/Q -> _59270_/D : -52.773487
[hold reg-reg] _61107_/Q -> _59725_/D : -52.773308
[hold reg-reg] _61107_/Q -> _59724_/D : -52.772388
[hold reg-reg] _61216_/Q -> _59271_/D : -52.771645
[hold reg-reg] _61107_/Q -> _59781_/D : -52.769970
[hold reg-reg] _61107_/Q -> _59533_/D : -52.769913
[hold reg-reg] _61216_/Q -> _59111_/D : -52.769245
[hold reg-reg] _61216_/Q -> _59114_/D : -52.769077
[hold reg-reg] _61107_/Q -> _59532_/D : -52.769089
[hold reg-reg] _61107_/Q -> _59780_/D : -52.768890
[hold reg-reg] _61216_/Q -> _59115_/D : -52.768566
[hold reg-reg] _61107_/Q -> _59784_/D : -52.768139
[hold reg-reg] _61216_/Q -> _59113_/D : -52.767860
[hold reg-reg] _61216_/Q -> _59112_/D : -52.767456
[hold reg-reg] _61107_/Q -> _59787_/D : -52.767464
[hold reg-reg] _61107_/Q -> _59786_/D : -52.767075
[hold reg-reg] _61216_/Q -> _59394_/D : -52.766586
[hold reg-reg] _61216_/Q -> _59110_/D : -52.766182
[hold reg-reg] _61216_/Q -> _59393_/D : -52.765743
[hold reg-reg] _61107_/Q -> _59754_/D : -52.765617
[hold reg-reg] _61107_/Q -> _59785_/D : -52.765659
[hold reg-reg] _61216_/Q -> _59395_/D : -52.765350
[hold reg-reg] _61216_/Q -> _59390_/D : -52.764835
[hold reg-reg] _61107_/Q -> _59755_/D : -52.764679
[hold reg-reg] _61107_/Q -> _59596_/D : -52.764484
[hold reg-reg] _61107_/Q -> _59597_/D : -52.764458
[hold reg-reg] _61107_/Q -> _59782_/D : -52.764099
[hold reg-reg] _61107_/Q -> _59783_/D : -52.764095
[hold reg-reg] _61107_/Q -> _58853_/D : -52.763981
[hold reg-reg] _61107_/Q -> _59752_/D : -52.762646
[hold reg-reg] _61216_/Q -> _59392_/D : -52.762245
[hold reg-reg] _61107_/Q -> _59749_/D : -52.761353
[hold reg-reg] _61107_/Q -> _59748_/D : -52.761261
[hold reg-reg] _61107_/Q -> _59753_/D : -52.760670
[hold reg-reg] _61107_/Q -> _59751_/D : -52.760517
[hold reg-reg] _61107_/Q -> _59071_/D : -52.759933
[hold reg-reg] _61216_/Q -> _59391_/D : -52.759731
[hold reg-reg] _61107_/Q -> _59286_/D : -52.759171
[hold reg-reg] _61107_/Q -> _59750_/D : -52.757889
[hold reg-reg] _61107_/Q -> _59074_/D : -52.757816
[hold reg-reg] _61107_/Q -> _58854_/D : -52.757755
[hold reg-reg] _61107_/Q -> _59288_/D : -52.757671
[hold reg-reg] _61107_/Q -> _59072_/D : -52.756306
[hold reg-reg] _61107_/Q -> _59287_/D : -52.756199
[hold reg-reg] _61107_/Q -> _59289_/D : -52.755753
[hold reg-reg] _61216_/Q -> _59662_/D : -52.755455
[hold reg-reg] _61107_/Q -> _59075_/D : -52.755241
[hold reg-reg] _61216_/Q -> _59667_/D : -52.754902
[hold reg-reg] _61107_/Q -> _59070_/D : -52.754013
[hold reg-reg] _61107_/Q -> _59073_/D : -52.753666
[hold reg-reg] _61216_/Q -> _59664_/D : -52.753525
[hold reg-reg] _61107_/Q -> _59290_/D : -52.753304
[hold reg-reg] _61216_/Q -> _59666_/D : -52.752953
[hold reg-reg] _61107_/Q -> _59291_/D : -52.752743
[hold reg-reg] _61216_/Q -> _59665_/D : -52.752747
[hold reg-reg] _61216_/Q -> _59663_/D : -52.752323
[hold reg-reg] _61107_/Q -> _59284_/D : -52.752209
[hold reg-reg] _61107_/Q -> _59285_/D : -52.751724
[hold reg-reg] _61107_/Q -> _58984_/D : -52.749062
[hold reg-reg] _61107_/Q -> _58986_/D : -52.748459
[hold reg-reg] _61107_/Q -> _58987_/D : -52.747616
[hold reg-reg] _61107_/Q -> _58982_/D : -52.746460
[hold reg-reg] _61107_/Q -> _58983_/D : -52.745819
[hold reg-reg] _61107_/Q -> _58985_/D : -52.745544
[hold reg-reg] _61107_/Q -> _61295_/D : -52.743092
[hold reg-reg] _61107_/Q -> _59069_/D : -52.739750
[hold reg-reg] _61107_/Q -> _59068_/D : -52.738670
[hold reg-reg] _61216_/Q -> _59119_/D : -52.737774
[hold reg-reg] _61216_/Q -> _59266_/D : -52.737171
[hold reg-reg] _61216_/Q -> _59263_/D : -52.737007
[hold reg-reg] _61216_/Q -> _59122_/D : -52.736816
[hold reg-reg] _61216_/Q -> _59262_/D : -52.735992
[hold reg-reg] _61216_/Q -> _59118_/D : -52.734875
[hold reg-reg] _61216_/Q -> _59121_/D : -52.734856
[hold reg-reg] _61216_/Q -> _59267_/D : -52.734612
[hold reg-reg] _61216_/Q -> _59264_/D : -52.734558
[hold reg-reg] _61107_/Q -> _58981_/D : -52.734055
[hold reg-reg] _61216_/Q -> _59123_/D : -52.733704
[hold reg-reg] _61216_/Q -> _59120_/D : -52.733471
[hold reg-reg] _61107_/Q -> _58980_/D : -52.732262
[hold reg-reg] _61216_/Q -> _59265_/D : -52.730885
[hold reg-reg] _61107_/Q -> _58953_/D : -52.726742
[hold reg-reg] _61107_/Q -> _58955_/D : -52.726719
[hold reg-reg] _61107_/Q -> _58951_/D : -52.725655
[hold reg-reg] _61107_/Q -> _59045_/D : -52.724751
[hold reg-reg] _61107_/Q -> _58952_/D : -52.723660
[hold reg-reg] _61107_/Q -> _59044_/D : -52.722599
[hold reg-reg] _61107_/Q -> _58954_/D : -52.722416
[hold reg-reg] _61107_/Q -> _58949_/D : -52.720974
[hold reg-reg] _61107_/Q -> _58950_/D : -52.719734
[hold reg-reg] _61107_/Q -> _58948_/D : -52.718468
[hold reg-reg] _61107_/Q -> _59013_/D : -52.714619
[hold reg-reg] _61107_/Q -> _59012_/D : -52.714066
[hold reg-reg] _61107_/Q -> _59389_/D : -52.706810
[hold reg-reg] _61107_/Q -> _59388_/D : -52.706604
[hold reg-reg] _61107_/Q -> _59108_/D : -52.705868
[hold reg-reg] _61107_/Q -> _59109_/D : -52.705753
[hold reg-reg] _61216_/Q -> _58976_/D : -52.700260
[hold reg-reg] _61216_/Q -> _58977_/D : -52.699444
[hold reg-reg] _61216_/Q -> _58978_/D : -52.699280
[hold reg-reg] _61216_/Q -> _58979_/D : -52.699245
[hold reg-reg] _61216_/Q -> _58975_/D : -52.697792
[hold reg-reg] _61216_/Q -> _58974_/D : -52.695980
[hold reg-reg] _61107_/Q -> _58964_/D : -52.686642
[hold reg-reg] _61107_/Q -> _58965_/D : -52.685104
[hold reg-reg] _61107_/Q -> _58850_/D : -52.679749
[hold reg-reg] _61107_/Q -> _58851_/D : -52.663441
[hold reg-reg] _61216_/Q -> _59103_/D : -52.663441
[hold reg-reg] _61216_/Q -> _59104_/D : -52.663296
[hold reg-reg] _61216_/Q -> _59105_/D : -52.663288
[hold reg-reg] _61216_/Q -> _59106_/D : -52.663296
[hold reg-reg] _61107_/Q -> _59260_/D : -52.663219
[hold reg-reg] _61107_/Q -> _59261_/D : -52.663143
[hold reg-reg] _61216_/Q -> _59107_/D : -52.662788
[hold reg-reg] _61216_/Q -> _59102_/D : -52.660519
[hold reg-reg] _61107_/Q -> _59125_/D : -52.642887
[hold reg-reg] _61107_/Q -> _59036_/D : -52.642601
[hold reg-reg] _61216_/Q -> _58992_/D : -52.642445
[hold reg-reg] _61216_/Q -> _58994_/D : -52.642372
[hold reg-reg] _61107_/Q -> _59037_/D : -52.642418
[hold reg-reg] _61107_/Q -> _59124_/D : -52.642414
[hold reg-reg] _61216_/Q -> _58995_/D : -52.642345
[hold reg-reg] _61216_/Q -> _58990_/D : -52.641621
[hold reg-reg] _61216_/Q -> _58993_/D : -52.641113
[hold reg-reg] _61107_/Q -> _58864_/D : -52.638180
[hold reg-reg] _61216_/Q -> _58991_/D : -52.637672
[hold reg-reg] _61107_/Q -> _59042_/D : -52.637569
[hold reg-reg] _61107_/Q -> _59041_/D : -52.637199
[hold reg-reg] _61107_/Q -> _59040_/D : -52.637135
[hold reg-reg] _61107_/Q -> _59039_/D : -52.637058
[hold reg-reg] _61107_/Q -> _59038_/D : -52.636787
[hold reg-reg] _61107_/Q -> _59043_/D : -52.636803
[hold reg-reg] _61107_/Q -> _58972_/D : -52.634735
[hold reg-reg] _61107_/Q -> _58973_/D : -52.633865
[hold reg-reg] _61107_/Q -> _59005_/D : -52.630463
[hold reg-reg] _61107_/Q -> _59004_/D : -52.630222
[hold reg-reg] _61216_/Q -> _59790_/D : -52.629356
[hold reg-reg] _61216_/Q -> _59795_/D : -52.629345
[hold reg-reg] _61216_/Q -> _59793_/D : -52.628944
[hold reg-reg] _61216_/Q -> _59792_/D : -52.628658
[hold reg-reg] _61216_/Q -> _59791_/D : -52.628475
[hold reg-reg] _61107_/Q -> _59661_/D : -52.627159
[hold reg-reg] _61216_/Q -> _59794_/D : -52.626980
[hold reg-reg] _61107_/Q -> _59660_/D : -52.626831
[hold reg-reg] _61107_/Q -> _59011_/D : -52.625614
[hold reg-reg] _61107_/Q -> _59007_/D : -52.625320
[hold reg-reg] _61107_/Q -> _59009_/D : -52.624893
[hold reg-reg] _61107_/Q -> _59010_/D : -52.624878
[hold reg-reg] _61107_/Q -> _59006_/D : -52.624603
[hold reg-reg] _61107_/Q -> _59008_/D : -52.624542
[hold reg-reg] _61107_/Q -> _58909_/D : -52.624393
[hold reg-reg] _61107_/Q -> _58931_/D : -52.623772
[hold reg-reg] _61107_/Q -> _58908_/D : -52.623627
[hold reg-reg] _61107_/Q -> _58930_/D : -52.623196
[hold reg-reg] _61107_/Q -> _58912_/D : -52.622440
[hold reg-reg] _61107_/Q -> _58914_/D : -52.622391
[hold reg-reg] _61107_/Q -> _59116_/D : -52.622334
[hold reg-reg] _61107_/Q -> _58926_/D : -52.621857
[hold reg-reg] _61107_/Q -> _58927_/D : -52.621616
[hold reg-reg] _61107_/Q -> _58925_/D : -52.621056
[hold reg-reg] _61107_/Q -> _58928_/D : -52.620972
[hold reg-reg] _61107_/Q -> _59117_/D : -52.620571
[hold reg-reg] _61107_/Q -> _58929_/D : -52.620354
[hold reg-reg] _61107_/Q -> _58924_/D : -52.620224
[hold reg-reg] _61107_/Q -> _58913_/D : -52.620110
[hold reg-reg] _61107_/Q -> _58915_/D : -52.620087
[hold reg-reg] _61107_/Q -> _58911_/D : -52.618652
[hold reg-reg] _61107_/Q -> _58910_/D : -52.618439
[hold reg-reg] _61107_/Q -> _59404_/D : -52.617134
[hold reg-reg] _61107_/Q -> _59052_/D : -52.616997
[hold reg-reg] _61107_/Q -> _59053_/D : -52.616261
[hold reg-reg] _61107_/Q -> _59405_/D : -52.615761
[hold reg-reg] _61107_/Q -> _59055_/D : -52.615379
[hold reg-reg] _61107_/Q -> _59057_/D : -52.613014
[hold reg-reg] _61107_/Q -> _59693_/D : -52.612598
[hold reg-reg] _61107_/Q -> _59698_/D : -52.612408
[hold reg-reg] _61107_/Q -> _59059_/D : -52.612125
[hold reg-reg] _61107_/Q -> _58940_/D : -52.611996
[hold reg-reg] _61107_/Q -> _59054_/D : -52.612011
[hold reg-reg] _61107_/Q -> _59056_/D : -52.611790
[hold reg-reg] _61107_/Q -> _59058_/D : -52.611790
[hold reg-reg] _61107_/Q -> _59697_/D : -52.611488
[hold reg-reg] _61107_/Q -> _59692_/D : -52.611294
[hold reg-reg] _61107_/Q -> _59568_/D : -52.610764
[hold reg-reg] _61107_/Q -> _58997_/D : -52.610683
[hold reg-reg] _61107_/Q -> _59566_/D : -52.610294
[hold reg-reg] _61107_/Q -> _58941_/D : -52.610207
[hold reg-reg] _61107_/Q -> _59694_/D : -52.610191
[hold reg-reg] _61107_/Q -> _58996_/D : -52.610012
[hold reg-reg] _61107_/Q -> _59571_/D : -52.609383
[hold reg-reg] _61107_/Q -> _59570_/D : -52.609203
[hold reg-reg] _61107_/Q -> _58944_/D : -52.609138
[hold reg-reg] _61107_/Q -> _59696_/D : -52.609131
[hold reg-reg] _61107_/Q -> _59699_/D : -52.608955
[hold reg-reg] _61107_/Q -> _59569_/D : -52.608719
[hold reg-reg] _61107_/Q -> _59695_/D : -52.608353
[hold reg-reg] _61107_/Q -> _58945_/D : -52.607903
[hold reg-reg] _61107_/Q -> _59567_/D : -52.607216
[hold reg-reg] _61107_/Q -> _58947_/D : -52.606895
[hold reg-reg] _61107_/Q -> _59020_/D : -52.606888
[hold reg-reg] _61107_/Q -> _58946_/D : -52.606205
[hold reg-reg] _61107_/Q -> _58943_/D : -52.605629
[hold reg-reg] _61107_/Q -> _59565_/D : -52.605671
[hold reg-reg] _61107_/Q -> _59564_/D : -52.605354
[hold reg-reg] _61107_/Q -> _58989_/D : -52.605289
[hold reg-reg] _61107_/Q -> _59024_/D : -52.605251
[hold reg-reg] _61107_/Q -> _58942_/D : -52.605125
[hold reg-reg] _61107_/Q -> _59027_/D : -52.604362
[hold reg-reg] _61107_/Q -> _59023_/D : -52.603828
[hold reg-reg] _61107_/Q -> _59026_/D : -52.603874
[hold reg-reg] _61107_/Q -> _59021_/D : -52.603180
[hold reg-reg] _61107_/Q -> _58988_/D : -52.602837
[hold reg-reg] _61107_/Q -> _59022_/D : -52.602444
[hold reg-reg] _61107_/Q -> _61315_/D : -52.602383
[hold reg-reg] _61107_/Q -> _59025_/D : -52.601692
[hold reg-reg] _61107_/Q -> _59788_/D : -52.599575
[hold reg-reg] _61107_/Q -> _59789_/D : -52.598576
[hold reg-reg] _61107_/Q -> _61314_/D : -52.587399
[hold reg-reg] _61107_/Q -> _58960_/D : -52.584240
[hold reg-reg] _61107_/Q -> _58956_/D : -52.583298
[hold reg-reg] _61107_/Q -> _58957_/D : -52.583149
[hold reg-reg] _61107_/Q -> _58958_/D : -52.582027
[hold reg-reg] _61107_/Q -> _58961_/D : -52.579193
[hold reg-reg] _61107_/Q -> _59758_/D : -52.579227
[hold reg-reg] _61107_/Q -> _59763_/D : -52.579128
[hold reg-reg] _61107_/Q -> _58959_/D : -52.578976
[hold reg-reg] _61107_/Q -> _59759_/D : -52.578957
[hold reg-reg] _61107_/Q -> _59760_/D : -52.578693
[hold reg-reg] _61107_/Q -> _59756_/D : -52.578266
[hold reg-reg] _61107_/Q -> _58963_/D : -52.578159
[hold reg-reg] _61107_/Q -> _59761_/D : -52.577663
[hold reg-reg] _61107_/Q -> _59757_/D : -52.577473
[hold reg-reg] _61107_/Q -> _58962_/D : -52.577168
[hold reg-reg] _61107_/Q -> _59762_/D : -52.576801
[hold reg-reg] _61107_/Q -> _59397_/D : -52.559669
[hold reg-reg] _61107_/Q -> _59396_/D : -52.559208
[hold reg-reg] _61107_/Q -> _59277_/D : -52.552872
[hold reg-reg] _61107_/Q -> _59276_/D : -52.551743
[hold reg-reg] _61107_/Q -> _59100_/D : -52.533161
[hold reg-reg] _61107_/Q -> _59101_/D : -52.533104
[hold reg-reg] _61107_/Q -> _59268_/D : -52.493618
[hold reg-reg] _61107_/Q -> _59269_/D : -52.493145
[hold reg-reg] _61107_/Q -> _61296_/D : -52.449913
[hold reg-reg] _61107_/Q -> _61298_/D : -52.402828
[hold reg-reg] _61107_/Q -> _61297_/D : -52.387379
[hold reg-reg] _61107_/Q -> _61299_/D : -52.365368
[hold reg-reg] _61107_/Q -> _61300_/D : -52.343094
[hold reg-reg] _61107_/Q -> _61301_/D : -52.333508
[hold reg-reg] _61107_/Q -> _61302_/D : -52.302349
[hold reg-reg] _61107_/Q -> _61313_/D : -52.298321
[hold reg-reg] _61107_/Q -> _61304_/D : -52.233089
[hold reg-reg] _61107_/Q -> _61312_/D : -52.220238
[hold reg-reg] _61107_/Q -> _61303_/D : -52.194790
[hold reg-reg] _61107_/Q -> _61305_/D : -52.184639
[hold reg-reg] _61107_/Q -> _61311_/D : -52.157532
[hold reg-reg] _61107_/Q -> _61306_/D : -52.029984
[hold reg-reg] _61107_/Q -> _61308_/D : -52.012901
[hold reg-reg] _61107_/Q -> _61309_/D : -51.992989
[hold reg-reg] _61107_/Q -> _61307_/D : -51.983303
[hold reg-reg] _61107_/Q -> _61310_/D : -51.951561
[hold in-reg] uart_rx_i -> _61518_/D : -36.709866
[hold reg-reg] _61113_/Q -> _61838_/D : -24.600437
[hold reg-reg] _61113_/Q -> _61540_/D : -24.040987
[hold reg-reg] _61113_/Q -> _61844_/D : -24.039633
[hold reg-reg] _61113_/Q -> _61837_/D : -23.920891
[hold reg-reg] _61113_/Q -> _61865_/D : -23.903030
[hold reg-reg] _61113_/Q -> _61866_/D : -23.902235
[hold reg-reg] _61113_/Q -> _61871_/D : -23.901144
[hold reg-reg] _61113_/Q -> _61874_/D : -23.900591
[hold reg-reg] _61113_/Q -> _61864_/D : -23.900393
[hold reg-reg] _61113_/Q -> _61869_/D : -23.899372
[hold reg-reg] _61113_/Q -> _61868_/D : -23.899313
[hold reg-reg] _61113_/Q -> _61870_/D : -23.899204
[hold reg-reg] _61113_/Q -> _61862_/D : -23.892500
[hold reg-reg] _61113_/Q -> _61873_/D : -23.891815
[hold reg-reg] _61113_/Q -> _61872_/D : -23.881737
[hold reg-reg] _61113_/Q -> _61867_/D : -23.881634
[hold reg-reg] _61113_/Q -> _61859_/D : -23.880207
[hold reg-reg] _61113_/Q -> _61861_/D : -23.880024
[hold reg-reg] _61113_/Q -> _61856_/D : -23.878277
[hold reg-reg] _61113_/Q -> _61875_/D : -23.875511
[hold reg-reg] _61113_/Q -> _61863_/D : -23.874006
[hold reg-reg] _61113_/Q -> _61858_/D : -23.872599
[hold reg-reg] _61113_/Q -> _61876_/D : -23.869312
[hold reg-reg] _61113_/Q -> _61839_/D : -23.714649
[hold reg-reg] _61113_/Q -> _61841_/D : -23.681601
[hold reg-reg] _61113_/Q -> _61541_/D : -23.660910
[hold reg-reg] _61113_/Q -> _61860_/D : -23.647558
[hold reg-reg] _61113_/Q -> _61846_/D : -23.646223
[hold reg-reg] _61113_/Q -> _61857_/D : -23.646238
[hold reg-reg] _61113_/Q -> _61853_/D : -23.642021
[hold reg-reg] _61113_/Q -> _61852_/D : -23.639084
[hold reg-reg] _61113_/Q -> _61855_/D : -23.619589
[hold reg-reg] _61113_/Q -> _61854_/D : -23.605478
[hold reg-reg] _61113_/Q -> _61843_/D : -23.386480
[hold reg-reg] _61113_/Q -> _61845_/D : -23.381067
[hold reg-reg] _61113_/Q -> _61840_/D : -23.349316
[hold reg-reg] _61113_/Q -> _61542_/D : -23.342522
[hold reg-reg] _61113_/Q -> _61851_/D : -23.316395
[hold reg-reg] _61113_/Q -> _61842_/D : -23.313469
[hold reg-reg] _61113_/Q -> _61849_/D : -23.286631
[hold reg-reg] _61113_/Q -> _61850_/D : -23.283207
[hold reg-reg] _61113_/Q -> _61847_/D : -23.280996
[hold reg-reg] _61113_/Q -> _61848_/D : -23.279516
[hold reg-reg] _61216_/Q -> _61478_/D : -23.021502
[hold reg-reg] _61216_/Q -> _60878_/D : -22.457035
[hold reg-reg] _61216_/Q -> _60877_/D : -22.384750
[hold in-reg] boot_select_i -> _61254_/D : -10.111942
[hold in-reg] execute_from_flash_i -> _60270_/D : -9.468402
[hold in-reg] spi_flash_sd_io[1] -> _60401_/D : -9.089773
[hold in-reg] spi_flash_sd_io[3] -> _60403_/D : -8.906743
[hold in-reg] spi_flash_sd_io[2] -> _60402_/D : -8.906382
[hold in-reg] spi_flash_sd_io[0] -> _60400_/D : -8.812783
[hold in-reg] spi_flash_sd_io[3] -> _61225_/D : -8.088381
[hold in-reg] spi_flash_sd_io[0] -> _61222_/D : -7.849187
[hold in-reg] spi_flash_sd_io[1] -> _61223_/D : -7.598937
[hold in-reg] spi_flash_sd_io[2] -> _61224_/D : -5.439760
[setup in-reg] rst_ni -> _59946_/RN : -124.517403
[setup in-reg] rst_ni -> _59948_/RN : -124.517403
[setup in-reg] rst_ni -> _59949_/RN : -124.517403
[setup in-reg] rst_ni -> _59950_/RN : -124.517403
[setup in-reg] rst_ni -> _59951_/RN : -124.517418
[setup in-reg] rst_ni -> _59952_/RN : -124.517403
[setup in-reg] rst_ni -> _59953_/RN : -124.517418
[setup in-reg] rst_ni -> _59956_/RN : -124.517387
[setup in-reg] rst_ni -> _59960_/RN : -124.517387
[setup in-reg] rst_ni -> _59961_/RN : -124.517357
[setup in-reg] rst_ni -> _59962_/RN : -124.517387
[setup in-reg] rst_ni -> _59963_/RN : -124.517357
[setup in-reg] rst_ni -> _59964_/RN : -124.517387
[setup in-reg] rst_ni -> _59965_/RN : -124.517357
[setup in-reg] rst_ni -> _59966_/RN : -124.517387
[setup in-reg] rst_ni -> _59967_/RN : -124.517387
[setup in-reg] rst_ni -> _59968_/RN : -124.517357
[setup in-reg] rst_ni -> _59969_/RN : -124.517357
[setup in-reg] rst_ni -> _59970_/RN : -124.517387
[setup in-reg] rst_ni -> _59971_/RN : -124.517387
[setup in-reg] rst_ni -> _59973_/RN : -124.517372
[setup in-reg] rst_ni -> _59974_/RN : -124.517387
[setup in-reg] rst_ni -> _59975_/RN : -124.517372
[setup in-reg] rst_ni -> _59976_/RN : -124.517372
[setup in-reg] rst_ni -> _59977_/RN : -124.517372
[setup in-reg] rst_ni -> _59978_/RN : -124.517387
[setup in-reg] rst_ni -> _59979_/RN : -124.517387
[setup in-reg] rst_ni -> _59980_/RN : -124.517387
[setup in-reg] rst_ni -> _59981_/RN : -124.517387
[setup in-reg] rst_ni -> _59982_/RN : -124.517387
[setup in-reg] rst_ni -> _59983_/RN : -124.517387
[setup in-reg] rst_ni -> _59984_/RN : -124.517387
[setup in-reg] rst_ni -> _59985_/RN : -124.517387
[setup in-reg] rst_ni -> _59986_/RN : -124.517357
[setup in-reg] rst_ni -> _59987_/RN : -124.517403
[setup in-reg] rst_ni -> _59988_/RN : -124.517403
[setup in-reg] rst_ni -> _59989_/RN : -124.517418
[setup in-reg] rst_ni -> _59990_/RN : -124.517403
[setup in-reg] rst_ni -> _59991_/RN : -124.517387
[setup in-reg] rst_ni -> _59992_/RN : -124.517387
[setup in-reg] rst_ni -> _59993_/RN : -124.517357
[setup in-reg] rst_ni -> _59994_/RN : -124.517387
[setup in-reg] rst_ni -> _59995_/RN : -124.517349
[setup in-reg] rst_ni -> _59996_/RN : -124.517357
[setup in-reg] rst_ni -> _59997_/RN : -124.517372
[setup in-reg] rst_ni -> _59998_/RN : -124.517403
[setup in-reg] rst_ni -> _59999_/RN : -124.517403
[setup in-reg] rst_ni -> _60000_/RN : -124.517403
[setup in-reg] rst_ni -> _60001_/RN : -124.517403
[setup in-reg] rst_ni -> _60002_/RN : -124.517418
[setup in-reg] rst_ni -> _60003_/RN : -124.517418
[setup in-reg] rst_ni -> _60004_/RN : -124.517418
[setup in-reg] rst_ni -> _60005_/RN : -124.517418
[setup in-reg] rst_ni -> _60006_/RN : -124.517418
[setup in-reg] rst_ni -> _60007_/RN : -124.517418
[setup in-reg] rst_ni -> _60008_/RN : -124.517418
[setup in-reg] rst_ni -> _60009_/RN : -124.517418
[setup in-reg] rst_ni -> _60010_/RN : -124.517418
[setup in-reg] rst_ni -> _60011_/RN : -124.517418
[setup in-reg] rst_ni -> _60012_/RN : -124.517387
[setup in-reg] rst_ni -> _60013_/RN : -124.517418
[setup in-reg] rst_ni -> _60014_/RN : -124.517418
[setup in-reg] rst_ni -> _60015_/RN : -124.517418
[setup in-reg] rst_ni -> _60016_/RN : -124.517387
[setup in-reg] rst_ni -> _60017_/RN : -124.517387
[setup in-reg] rst_ni -> _60018_/RN : -124.517403
[setup in-reg] rst_ni -> _60020_/RN : -124.517403
[setup in-reg] rst_ni -> _60021_/RN : -124.517403
[setup in-reg] rst_ni -> _60022_/RN : -124.517349
[setup in-reg] rst_ni -> _60036_/RN : -124.517418
[setup in-reg] rst_ni -> _60058_/RN : -124.517334
[setup in-reg] rst_ni -> _60118_/RN : -124.517418
[setup in-reg] rst_ni -> _60120_/RN : -124.517403
[setup in-reg] rst_ni -> _59954_/RN : -124.517273
[setup in-reg] rst_ni -> _59955_/RN : -124.517273
[setup in-reg] rst_ni -> _59957_/RN : -124.517288
[setup in-reg] rst_ni -> _59958_/RN : -124.517288
[setup in-reg] rst_ni -> _59959_/RN : -124.517387
[setup in-reg] rst_ni -> _60025_/RN : -124.517288
[setup in-reg] rst_ni -> _60032_/RN : -124.517334
[setup in-reg] rst_ni -> _60033_/RN : -124.517349
[setup in-reg] rst_ni -> _60034_/RN : -124.517403
[setup in-reg] rst_ni -> _60035_/RN : -124.517403
[setup in-reg] rst_ni -> _60037_/RN : -124.517403
[setup in-reg] rst_ni -> _60038_/RN : -124.517418
[setup in-reg] rst_ni -> _60039_/RN : -124.517418
[setup in-reg] rst_ni -> _60040_/RN : -124.517418
[setup in-reg] rst_ni -> _60041_/RN : -124.517433
[setup in-reg] rst_ni -> _60042_/RN : -124.517448
[setup in-reg] rst_ni -> _60043_/RN : -124.517448
[setup in-reg] rst_ni -> _60044_/RN : -124.517403
[setup in-reg] rst_ni -> _60045_/RN : -124.517418
[setup in-reg] rst_ni -> _60046_/RN : -124.517387
[setup in-reg] rst_ni -> _60047_/RN : -124.517372
[setup in-reg] rst_ni -> _60048_/RN : -124.517357
[setup in-reg] rst_ni -> _60049_/RN : -124.517349
[setup in-reg] rst_ni -> _61363_/RN : -124.517357
[setup in-reg] rst_ni -> _61366_/RN : -124.517387
[setup in-reg] rst_ni -> _61367_/RN : -124.517403
[setup in-reg] rst_ni -> _61368_/RN : -124.517372
[setup in-reg] rst_ni -> _61371_/RN : -124.517403
[setup in-reg] rst_ni -> _59972_/RN : -124.517220
[setup in-reg] rst_ni -> _60019_/RN : -124.517250
[setup in-reg] rst_ni -> _60023_/RN : -124.517288
[setup in-reg] rst_ni -> _60024_/RN : -124.517250
[setup in-reg] rst_ni -> _60026_/RN : -124.517250
[setup in-reg] rst_ni -> _60027_/RN : -124.517250
[setup in-reg] rst_ni -> _60028_/RN : -124.517250
[setup in-reg] rst_ni -> _60029_/RN : -124.517273
[setup in-reg] rst_ni -> _60030_/RN : -124.517288
[setup in-reg] rst_ni -> _60031_/RN : -124.517319
[setup in-reg] rst_ni -> _60050_/RN : -124.517303
[setup in-reg] rst_ni -> _60052_/RN : -124.517319
[setup in-reg] rst_ni -> _60055_/RN : -124.517357
[setup in-reg] rst_ni -> _60051_/RN : -124.517220
[setup in-reg] rst_ni -> _60053_/RN : -124.517303
[setup in-reg] rst_ni -> _60054_/RN : -124.517319
[setup in-reg] rst_ni -> _60056_/RN : -124.517303
[setup in-reg] rst_ni -> _60057_/RN : -124.517334
[setup in-reg] rst_ni -> _60059_/RN : -124.517250
[setup in-reg] rst_ni -> _60060_/RN : -124.517349
[setup in-reg] rst_ni -> _60061_/RN : -124.517250
[setup in-reg] rst_ni -> _60062_/RN : -124.517250
[setup in-reg] rst_ni -> _60063_/RN : -124.517250
[setup in-reg] rst_ni -> _60064_/RN : -124.517235
[setup in-reg] rst_ni -> _60065_/RN : -124.517235
[setup in-reg] rst_ni -> _60066_/RN : -124.517250
[setup in-reg] rst_ni -> _60067_/RN : -124.517235
[setup in-reg] rst_ni -> _60085_/RN : -124.517303
[setup in-reg] rst_ni -> _60088_/RN : -124.517303
[setup in-reg] rst_ni -> _60121_/RN : -124.517303
[setup in-reg] rst_ni -> _60122_/RN : -124.517303
[setup in-reg] rst_ni -> _60134_/RN : -124.517303
[setup in-reg] rst_ni -> _61136_/RN : -124.517403
[setup in-reg] rst_ni -> _61137_/RN : -124.517418
[setup in-reg] rst_ni -> _61139_/RN : -124.517418
[setup in-reg] rst_ni -> _61140_/RN : -124.517418
[setup in-reg] rst_ni -> _61142_/RN : -124.517403
[setup in-reg] rst_ni -> _61143_/RN : -124.517418
[setup in-reg] rst_ni -> _61145_/RN : -124.517403
[setup in-reg] rst_ni -> _61146_/RN : -124.517403
[setup in-reg] rst_ni -> _61148_/RN : -124.517403
[setup in-reg] rst_ni -> _61149_/RN : -124.517403
[setup in-reg] rst_ni -> _61151_/RN : -124.517403
[setup in-reg] rst_ni -> _61152_/RN : -124.517403
[setup in-reg] rst_ni -> _61173_/RN : -124.517403
[setup in-reg] rst_ni -> _61174_/RN : -124.517403
[setup in-reg] rst_ni -> _61175_/RN : -124.517403
[setup in-reg] rst_ni -> _61176_/RN : -124.517403
[setup in-reg] rst_ni -> _61177_/RN : -124.517403
[setup in-reg] rst_ni -> _61178_/RN : -124.517403
[setup in-reg] rst_ni -> _61179_/RN : -124.517403
[setup in-reg] rst_ni -> _61180_/RN : -124.517403
[setup in-reg] rst_ni -> _61181_/RN : -124.517403
[setup in-reg] rst_ni -> _61182_/RN : -124.517403
[setup in-reg] rst_ni -> _61183_/RN : -124.517403
[setup in-reg] rst_ni -> _61185_/RN : -124.517403
[setup in-reg] rst_ni -> _61186_/RN : -124.517387
[setup in-reg] rst_ni -> _61187_/RN : -124.517403
[setup in-reg] rst_ni -> _61188_/RN : -124.517387
[setup in-reg] rst_ni -> _61189_/RN : -124.517403
[setup in-reg] rst_ni -> _61190_/RN : -124.517403
[setup in-reg] rst_ni -> _61153_/RN : -124.517204
[setup in-reg] rst_ni -> _61154_/RN : -124.517204
[setup in-reg] rst_ni -> _61155_/RN : -124.517204
[setup in-reg] rst_ni -> _61156_/RN : -124.517204
[setup in-reg] rst_ni -> _61157_/RN : -124.517250
[setup in-reg] rst_ni -> _61158_/RN : -124.517220
[setup in-reg] rst_ni -> _61159_/RN : -124.517220
[setup in-reg] rst_ni -> _61160_/RN : -124.517235
[setup in-reg] rst_ni -> _61161_/RN : -124.517220
[setup in-reg] rst_ni -> _61162_/RN : -124.517220
[setup in-reg] rst_ni -> _61163_/RN : -124.517220
[setup in-reg] rst_ni -> _61164_/RN : -124.517220
[setup in-reg] rst_ni -> _61331_/RN : -124.517303
[setup in-reg] rst_ni -> _61332_/RN : -124.517319
[setup in-reg] rst_ni -> _61333_/RN : -124.517357
[setup in-reg] rst_ni -> _61334_/RN : -124.517357
[setup in-reg] rst_ni -> _61335_/RN : -124.517349
[setup in-reg] rst_ni -> _61336_/RN : -124.517334
[setup in-reg] rst_ni -> _61337_/RN : -124.517349
[setup in-reg] rst_ni -> _61338_/RN : -124.517334
[setup in-reg] rst_ni -> _61339_/RN : -124.517349
[setup in-reg] rst_ni -> _61340_/RN : -124.517349
[setup in-reg] rst_ni -> _60068_/RN : -124.517075
[setup in-reg] rst_ni -> _60069_/RN : -124.517075
[setup in-reg] rst_ni -> _60070_/RN : -124.517075
[setup in-reg] rst_ni -> _60071_/RN : -124.517075
[setup in-reg] rst_ni -> _60072_/RN : -124.517059
[setup in-reg] rst_ni -> _60073_/RN : -124.517059
[setup in-reg] rst_ni -> _60074_/RN : -124.517059
[setup in-reg] rst_ni -> _60075_/RN : -124.517059
[setup in-reg] rst_ni -> _60076_/RN : -124.517059
[setup in-reg] rst_ni -> _60080_/RN : -124.517059
[setup in-reg] rst_ni -> _60081_/RN : -124.517059
[setup in-reg] rst_ni -> _60082_/RN : -124.517059
[setup in-reg] rst_ni -> _60083_/RN : -124.517059
[setup in-reg] rst_ni -> _60084_/RN : -124.517075
[setup in-reg] rst_ni -> _60086_/RN : -124.517174
[setup in-reg] rst_ni -> _60117_/RN : -124.517273
[setup in-reg] rst_ni -> _60119_/RN : -124.517303
[setup in-reg] rst_ni -> _60123_/RN : -124.517204
[setup in-reg] rst_ni -> _60087_/RN : -124.517075
[setup in-reg] rst_ni -> _60089_/RN : -124.517174
[setup in-reg] rst_ni -> _60090_/RN : -124.517174
[setup in-reg] rst_ni -> _60091_/RN : -124.517174
[setup in-reg] rst_ni -> _60092_/RN : -124.517174
[setup in-reg] rst_ni -> _60093_/RN : -124.517174
[setup in-reg] rst_ni -> _60094_/RN : -124.517174
[setup in-reg] rst_ni -> _60095_/RN : -124.517204
[setup in-reg] rst_ni -> _60096_/RN : -124.517235
[setup in-reg] rst_ni -> _60097_/RN : -124.517159
[setup in-reg] rst_ni -> _60098_/RN : -124.517174
[setup in-reg] rst_ni -> _60099_/RN : -124.517204
[setup in-reg] rst_ni -> _60116_/RN : -124.517273
[setup in-reg] rst_ni -> _60112_/RN : -124.517075
[setup in-reg] rst_ni -> _60126_/RN : -124.517189
[setup in-reg] rst_ni -> _60127_/RN : -124.517303
[setup in-reg] rst_ni -> _60128_/RN : -124.517220
[setup in-reg] rst_ni -> _60129_/RN : -124.517235
[setup in-reg] rst_ni -> _60130_/RN : -124.517250
[setup in-reg] rst_ni -> _60131_/RN : -124.517204
[setup in-reg] rst_ni -> _60132_/RN : -124.517235
[setup in-reg] rst_ni -> _60137_/RN : -124.517303
[setup in-reg] rst_ni -> _60124_/RN : -124.517174
[setup in-reg] rst_ni -> _60125_/RN : -124.517220
[setup in-reg] rst_ni -> _60145_/RN : -124.517189
[setup in-reg] rst_ni -> _61165_/RN : -124.517174
[setup in-reg] rst_ni -> _61166_/RN : -124.517159
[setup in-reg] rst_ni -> _61167_/RN : -124.517159
[setup in-reg] rst_ni -> _61168_/RN : -124.517174
[setup in-reg] rst_ni -> _61169_/RN : -124.517189
[setup in-reg] rst_ni -> _61170_/RN : -124.517189
[setup in-reg] rst_ni -> _61171_/RN : -124.517189
[setup in-reg] rst_ni -> _61172_/RN : -124.517189
[setup in-reg] rst_ni -> _61341_/RN : -124.517250
[setup in-reg] rst_ni -> _61342_/RN : -124.517250
[setup in-reg] rst_ni -> _61343_/RN : -124.517220
[setup in-reg] rst_ni -> _61344_/RN : -124.517220
[setup in-reg] rst_ni -> _61345_/RN : -124.517235
[setup in-reg] rst_ni -> _61346_/RN : -124.517235
[setup in-reg] rst_ni -> _61369_/RN : -124.517258
[setup in-reg] rst_ni -> _61370_/RN : -124.517250
[setup in-reg] rst_ni -> _61372_/RN : -124.517357
[setup in-reg] rst_ni -> _60113_/RN : -124.517059
[setup in-reg] rst_ni -> _60114_/RN : -124.517059
[setup in-reg] rst_ni -> _60115_/RN : -124.517059
[setup in-reg] rst_ni -> _60133_/RN : -124.517075
[setup in-reg] rst_ni -> _60135_/RN : -124.517174
[setup in-reg] rst_ni -> _60136_/RN : -124.517075
[setup in-reg] rst_ni -> _60138_/RN : -124.517174
[setup in-reg] rst_ni -> _60139_/RN : -124.517174
[setup in-reg] rst_ni -> _60140_/RN : -124.517174
[setup in-reg] rst_ni -> _60141_/RN : -124.517174
[setup in-reg] rst_ni -> _60142_/RN : -124.517174
[setup in-reg] rst_ni -> _60143_/RN : -124.517174
[setup in-reg] rst_ni -> _60144_/RN : -124.517189
[setup in-reg] rst_ni -> _60146_/RN : -124.517143
[setup in-reg] rst_ni -> _60147_/RN : -124.517174
[setup in-reg] rst_ni -> _60148_/RN : -124.517189
[setup in-reg] rst_ni -> _61373_/RN : -124.517204
[setup in-reg] rst_ni -> _60204_/RN : -124.517059
[setup in-reg] rst_ni -> _61347_/RN : -124.517075
[setup in-reg] rst_ni -> _61348_/RN : -124.517075
[setup in-reg] rst_ni -> _61349_/RN : -124.517075
[setup in-reg] rst_ni -> _61350_/RN : -124.517075
[setup in-reg] rst_ni -> _61364_/RN : -124.517189
[setup in-reg] rst_ni -> _61365_/RN : -124.517250
[setup in-reg] rst_ni -> _61355_/RN : -124.517059
[setup in-reg] rst_ni -> _61359_/RN : -124.517059
[setup in-reg] rst_ni -> _61360_/RN : -124.517059
[setup in-reg] rst_ni -> _61361_/RN : -124.517059
[setup in-reg] rst_ni -> _61362_/RN : -124.517059
[setup in-reg] rst_ni -> _56391_/RN : -124.516937
[setup in-reg] rst_ni -> _56393_/RN : -124.516891
[setup in-reg] rst_ni -> _59883_/RN : -124.516945
[setup in-reg] rst_ni -> _60100_/RN : -124.517006
[setup in-reg] rst_ni -> _60101_/RN : -124.517036
[setup in-reg] rst_ni -> _60102_/RN : -124.516991
[setup in-reg] rst_ni -> _60103_/RN : -124.516991
[setup in-reg] rst_ni -> _56392_/RN : -124.516861
[setup in-reg] rst_ni -> _59872_/RN : -124.516846
[setup in-reg] rst_ni -> _59873_/RN : -124.516846
[setup in-reg] rst_ni -> _59874_/RN : -124.516861
[setup in-reg] rst_ni -> _59875_/RN : -124.516861
[setup in-reg] rst_ni -> _59876_/RN : -124.516846
[setup in-reg] rst_ni -> _59877_/RN : -124.516861
[setup in-reg] rst_ni -> _59878_/RN : -124.516846
[setup in-reg] rst_ni -> _59879_/RN : -124.516945
[setup in-reg] rst_ni -> _59880_/RN : -124.516945
[setup in-reg] rst_ni -> _59881_/RN : -124.516945
[setup in-reg] rst_ni -> _59882_/RN : -124.516861
[setup in-reg] rst_ni -> _59884_/RN : -124.516861
[setup in-reg] rst_ni -> _59885_/RN : -124.516861
[setup in-reg] rst_ni -> _59886_/RN : -124.516861
[setup in-reg] rst_ni -> _59887_/RN : -124.516861
[setup in-reg] rst_ni -> _59888_/RN : -124.516846
[setup in-reg] rst_ni -> _59889_/RN : -124.516861
[setup in-reg] rst_ni -> _59890_/RN : -124.516846
[setup in-reg] rst_ni -> _59891_/RN : -124.516846
[setup in-reg] rst_ni -> _59892_/RN : -124.516861
[setup in-reg] rst_ni -> _59894_/RN : -124.516861
[setup in-reg] rst_ni -> _59899_/RN : -124.516861
[setup in-reg] rst_ni -> _59900_/RN : -124.516861
[setup in-reg] rst_ni -> _59901_/RN : -124.516861
[setup in-reg] rst_ni -> _59902_/RN : -124.516861
[setup in-reg] rst_ni -> _59903_/RN : -124.516861
[setup in-reg] rst_ni -> _60151_/RN : -124.516975
[setup in-reg] rst_ni -> _60152_/RN : -124.516975
[setup in-reg] rst_ni -> _60161_/RN : -124.517075
[setup in-reg] rst_ni -> _60163_/RN : -124.517075
[setup in-reg] rst_ni -> _60165_/RN : -124.517075
[setup in-reg] rst_ni -> _60167_/RN : -124.517159
[setup in-reg] rst_ni -> _61374_/RN : -124.517220
[setup in-reg] rst_ni -> _61375_/RN : -124.517220
[setup in-reg] rst_ni -> _61376_/RN : -124.517250
[setup in-reg] rst_ni -> _59904_/RN : -124.516846
[setup in-reg] rst_ni -> _59905_/RN : -124.516846
[setup in-reg] rst_ni -> _59906_/RN : -124.516846
[setup in-reg] rst_ni -> _59907_/RN : -124.516846
[setup in-reg] rst_ni -> _59908_/RN : -124.516861
[setup in-reg] rst_ni -> _59940_/RN : -124.516861
[setup in-reg] rst_ni -> _59941_/RN : -124.516861
[setup in-reg] rst_ni -> _59942_/RN : -124.516861
[setup in-reg] rst_ni -> _60077_/RN : -124.516907
[setup in-reg] rst_ni -> _60078_/RN : -124.516907
[setup in-reg] rst_ni -> _60079_/RN : -124.516907
[setup in-reg] rst_ni -> _60104_/RN : -124.516960
[setup in-reg] rst_ni -> _60153_/RN : -124.516945
[setup in-reg] rst_ni -> _60162_/RN : -124.517059
[setup in-reg] rst_ni -> _60164_/RN : -124.517059
[setup in-reg] rst_ni -> _60203_/RN : -124.517059
[setup in-reg] rst_ni -> _60205_/RN : -124.517059
[setup in-reg] rst_ni -> _60105_/RN : -124.516937
[setup in-reg] rst_ni -> _60106_/RN : -124.516907
[setup in-reg] rst_ni -> _60107_/RN : -124.516922
[setup in-reg] rst_ni -> _60149_/RN : -124.517021
[setup in-reg] rst_ni -> _60150_/RN : -124.517036
[setup in-reg] rst_ni -> _60108_/RN : -124.516891
[setup in-reg] rst_ni -> _60109_/RN : -124.516876
[setup in-reg] rst_ni -> _60110_/RN : -124.516907
[setup in-reg] rst_ni -> _60111_/RN : -124.516876
[setup in-reg] rst_ni -> _60154_/RN : -124.516937
[setup in-reg] rst_ni -> _60155_/RN : -124.516907
[setup in-reg] rst_ni -> _60156_/RN : -124.516922
[setup in-reg] rst_ni -> _60157_/RN : -124.516907
[setup in-reg] rst_ni -> _60213_/RN : -124.516907
[setup in-reg] rst_ni -> _60245_/RN : -124.516907
[setup in-reg] rst_ni -> _60249_/RN : -124.516891
[setup in-reg] rst_ni -> _60253_/RN : -124.516891
[setup in-reg] rst_ni -> _60271_/RN : -124.516991
[setup in-reg] rst_ni -> _60318_/RN : -124.516991
[setup in-reg] rst_ni -> _60158_/RN : -124.516861
[setup in-reg] rst_ni -> _60273_/RN : -124.516861
[setup in-reg] rst_ni -> _60319_/RN : -124.516975
[setup in-reg] rst_ni -> _60320_/RN : -124.516991
[setup in-reg] rst_ni -> _60321_/RN : -124.516975
[setup in-reg] rst_ni -> _60159_/RN : -124.516846
[setup in-reg] rst_ni -> _60160_/RN : -124.516846
[setup in-reg] rst_ni -> _60171_/RN : -124.516907
[setup in-reg] rst_ni -> _60172_/RN : -124.516907
[setup in-reg] rst_ni -> _60173_/RN : -124.516907
[setup in-reg] rst_ni -> _60276_/RN : -124.516846
[setup in-reg] rst_ni -> _60322_/RN : -124.516960
[setup in-reg] rst_ni -> _60323_/RN : -124.516975
[setup in-reg] rst_ni -> _60324_/RN : -124.517006
[setup in-reg] rst_ni -> _60325_/RN : -124.516991
[setup in-reg] rst_ni -> _60326_/RN : -124.516975
[setup in-reg] rst_ni -> _60327_/RN : -124.516960
[setup in-reg] rst_ni -> _60174_/RN : -124.516823
[setup in-reg] rst_ni -> _60175_/RN : -124.516830
[setup in-reg] rst_ni -> _60177_/RN : -124.516792
[setup in-reg] rst_ni -> _60182_/RN : -124.516891
[setup in-reg] rst_ni -> _60186_/RN : -124.516891
[setup in-reg] rst_ni -> _60201_/RN : -124.516907
[setup in-reg] rst_ni -> _60202_/RN : -124.516907
[setup in-reg] rst_ni -> _60206_/RN : -124.516907
[setup in-reg] rst_ni -> _60207_/RN : -124.516907
[setup in-reg] rst_ni -> _60208_/RN : -124.516907
[setup in-reg] rst_ni -> _60176_/RN : -124.516762
[setup in-reg] rst_ni -> _60277_/RN : -124.516830
[setup in-reg] rst_ni -> _60278_/RN : -124.516846
[setup in-reg] rst_ni -> _60279_/RN : -124.516823
[setup in-reg] rst_ni -> _60336_/RN : -124.516876
[setup in-reg] rst_ni -> _61119_/RN : -124.516876
[setup in-reg] rst_ni -> _61120_/RN : -124.516937
[setup in-reg] rst_ni -> _61121_/RN : -124.516907
[setup in-reg] rst_ni -> _61122_/RN : -124.516937
[setup in-reg] rst_ni -> _61123_/RN : -124.516922
[setup in-reg] rst_ni -> _61124_/RN : -124.516876
[setup in-reg] rst_ni -> _61125_/RN : -124.516960
[setup in-reg] rst_ni -> _61126_/RN : -124.516937
[setup in-reg] rst_ni -> _61127_/RN : -124.516907
[setup in-reg] rst_ni -> _61128_/RN : -124.516960
[setup in-reg] rst_ni -> _61129_/RN : -124.516907
[setup in-reg] rst_ni -> _61130_/RN : -124.516876
[setup in-reg] rst_ni -> _61219_/RN : -124.516975
[setup in-reg] rst_ni -> _61358_/RN : -124.516907
[setup in-reg] rst_ni -> _60180_/RN : -124.516747
[setup in-reg] rst_ni -> _60235_/RN : -124.516747
[setup in-reg] rst_ni -> _60275_/RN : -124.516762
[setup in-reg] rst_ni -> _60360_/RN : -124.516861
[setup in-reg] rst_ni -> _60181_/RN : -124.516731
[setup in-reg] rst_ni -> _61133_/RN : -124.516846
[setup in-reg] rst_ni -> _61220_/RN : -124.516861
[setup in-reg] rst_ni -> _61254_/RN : -124.516937
[setup in-reg] rst_ni -> _61327_/RN : -124.516945
[setup in-reg] rst_ni -> _61328_/RN : -124.516937
[setup in-reg] rst_ni -> _61329_/RN : -124.516937
[setup in-reg] rst_ni -> _61330_/RN : -124.516937
[setup in-reg] rst_ni -> _60183_/RN : -124.516724
[setup in-reg] rst_ni -> _60210_/RN : -124.516830
[setup in-reg] rst_ni -> _60236_/RN : -124.516907
[setup in-reg] rst_ni -> _60237_/RN : -124.516907
[setup in-reg] rst_ni -> _60239_/RN : -124.516907
[setup in-reg] rst_ni -> _60240_/RN : -124.516907
[setup in-reg] rst_ni -> _60268_/RN : -124.516907
[setup in-reg] rst_ni -> _60269_/RN : -124.516907
[setup in-reg] rst_ni -> _60328_/RN : -124.516945
[setup in-reg] rst_ni -> _60331_/RN : -124.516975
[setup in-reg] rst_ni -> _60332_/RN : -124.516945
[setup in-reg] rst_ni -> _60333_/RN : -124.516991
[setup in-reg] rst_ni -> _60334_/RN : -124.516991
[setup in-reg] rst_ni -> _60335_/RN : -124.516975
[setup in-reg] rst_ni -> _61351_/RN : -124.517059
[setup in-reg] rst_ni -> _61352_/RN : -124.517059
[setup in-reg] rst_ni -> _61353_/RN : -124.517059
[setup in-reg] rst_ni -> _61354_/RN : -124.517059
[setup in-reg] rst_ni -> _60184_/RN : -124.516708
[setup in-reg] rst_ni -> _60185_/RN : -124.516731
[setup in-reg] rst_ni -> _60209_/RN : -124.516823
[setup in-reg] rst_ni -> _60280_/RN : -124.516808
[setup in-reg] rst_ni -> _61356_/RN : -124.516907
[setup in-reg] rst_ni -> _61357_/RN : -124.516907
[setup in-reg] rst_ni -> _61695_/RN : -124.516861
[setup in-reg] rst_ni -> _61696_/RN : -124.516861
[setup in-reg] rst_ni -> _60187_/RN : -124.516678
[setup in-reg] rst_ni -> _60188_/RN : -124.516731
[setup in-reg] rst_ni -> _60189_/RN : -124.516747
[setup in-reg] rst_ni -> _60196_/RN : -124.516731
[setup in-reg] rst_ni -> _60211_/RN : -124.516777
[setup in-reg] rst_ni -> _60212_/RN : -124.516808
[setup in-reg] rst_ni -> _60214_/RN : -124.516891
[setup in-reg] rst_ni -> _60217_/RN : -124.516891
[setup in-reg] rst_ni -> _60221_/RN : -124.516891
[setup in-reg] rst_ni -> _60190_/RN : -124.516647
[setup in-reg] rst_ni -> _60191_/RN : -124.516731
[setup in-reg] rst_ni -> _60192_/RN : -124.516731
[setup in-reg] rst_ni -> _60193_/RN : -124.516731
[setup in-reg] rst_ni -> _60194_/RN : -124.516731
[setup in-reg] rst_ni -> _60215_/RN : -124.516747
[setup in-reg] rst_ni -> _60216_/RN : -124.516747
[setup in-reg] rst_ni -> _60218_/RN : -124.516747
[setup in-reg] rst_ni -> _60219_/RN : -124.516747
[setup in-reg] rst_ni -> _60195_/RN : -124.516624
[setup in-reg] rst_ni -> _60197_/RN : -124.516624
[setup in-reg] rst_ni -> _60198_/RN : -124.516731
[setup in-reg] rst_ni -> _60199_/RN : -124.516632
[setup in-reg] rst_ni -> _60200_/RN : -124.516747
[setup in-reg] rst_ni -> _60220_/RN : -124.516731
[setup in-reg] rst_ni -> _60222_/RN : -124.516747
[setup in-reg] rst_ni -> _60223_/RN : -124.516731
[setup in-reg] rst_ni -> _60224_/RN : -124.516731
[setup in-reg] rst_ni -> _60225_/RN : -124.516663
[setup in-reg] rst_ni -> _60226_/RN : -124.516731
[setup in-reg] rst_ni -> _60227_/RN : -124.516731
[setup in-reg] rst_ni -> _60228_/RN : -124.516731
[setup in-reg] rst_ni -> _60229_/RN : -124.516731
[setup in-reg] rst_ni -> _60233_/RN : -124.516731
[setup in-reg] rst_ni -> _60241_/RN : -124.516823
[setup in-reg] rst_ni -> _60242_/RN : -124.516830
[setup in-reg] rst_ni -> _60243_/RN : -124.516823
[setup in-reg] rst_ni -> _60244_/RN : -124.516823
[setup in-reg] rst_ni -> _60246_/RN : -124.516891
[setup in-reg] rst_ni -> _60258_/RN : -124.516731
[setup in-reg] rst_ni -> _60259_/RN : -124.516731
[setup in-reg] rst_ni -> _60260_/RN : -124.516731
[setup in-reg] rst_ni -> _60261_/RN : -124.516731
[setup in-reg] rst_ni -> _60272_/RN : -124.516792
[setup in-reg] rst_ni -> _60274_/RN : -124.516861
[setup in-reg] rst_ni -> _61109_/RN : -124.516861
[setup in-reg] rst_ni -> _61110_/RN : -124.516861
[setup in-reg] rst_ni -> _61111_/RN : -124.516861
[setup in-reg] rst_ni -> _61534_/RN : -124.516846
[setup in-reg] rst_ni -> _61681_/RN : -124.516846
[setup in-reg] rst_ni -> _61682_/RN : -124.516846
[setup in-reg] rst_ni -> _61683_/RN : -124.516861
[setup in-reg] rst_ni -> _61684_/RN : -124.516861
[setup in-reg] rst_ni -> _61685_/RN : -124.516861
[setup in-reg] rst_ni -> _61686_/RN : -124.516861
[setup in-reg] rst_ni -> _61687_/RN : -124.516861
[setup in-reg] rst_ni -> _61688_/RN : -124.516861
[setup in-reg] rst_ni -> _61689_/RN : -124.516861
[setup in-reg] rst_ni -> _61690_/RN : -124.516861
[setup in-reg] rst_ni -> _61691_/RN : -124.516861
[setup in-reg] rst_ni -> _61692_/RN : -124.516861
[setup in-reg] rst_ni -> _61693_/RN : -124.516861
[setup in-reg] rst_ni -> _61694_/RN : -124.516861
[setup in-reg] rst_ni -> _61697_/RN : -124.516846
[setup in-reg] rst_ni -> _61698_/RN : -124.516861
[setup in-reg] rst_ni -> _61699_/RN : -124.516846
[setup in-reg] rst_ni -> _61701_/RN : -124.516861
[setup in-reg] rst_ni -> _61706_/RN : -124.516861
[setup in-reg] rst_ni -> _61707_/RN : -124.516861
[setup in-reg] rst_ni -> _61708_/RN : -124.516861
[setup in-reg] rst_ni -> _61709_/RN : -124.516861
[setup in-reg] rst_ni -> _61710_/RN : -124.516846
[setup in-reg] rst_ni -> _61711_/RN : -124.516861
[setup in-reg] rst_ni -> _61712_/RN : -124.516846
[setup in-reg] rst_ni -> _61713_/RN : -124.516846
[setup in-reg] rst_ni -> _60230_/RN : -124.516609
[setup in-reg] rst_ni -> _60232_/RN : -124.516624
[setup in-reg] rst_ni -> _60250_/RN : -124.516724
[setup in-reg] rst_ni -> _60251_/RN : -124.516708
[setup in-reg] rst_ni -> _60252_/RN : -124.516731
[setup in-reg] rst_ni -> _60254_/RN : -124.516678
[setup in-reg] rst_ni -> _60255_/RN : -124.516731
[setup in-reg] rst_ni -> _60256_/RN : -124.516747
[setup in-reg] rst_ni -> _60257_/RN : -124.516647
[setup in-reg] rst_ni -> _60281_/RN : -124.516724
[setup in-reg] rst_ni -> _60282_/RN : -124.516724
[setup in-reg] rst_ni -> _60283_/RN : -124.516724
[setup in-reg] rst_ni -> _60284_/RN : -124.516724
[setup in-reg] rst_ni -> _60285_/RN : -124.516724
[setup in-reg] rst_ni -> _60286_/RN : -124.516724
[setup in-reg] rst_ni -> _60287_/RN : -124.516724
[setup in-reg] rst_ni -> _60288_/RN : -124.516724
[setup in-reg] rst_ni -> _60289_/RN : -124.516724
[setup in-reg] rst_ni -> _60290_/RN : -124.516724
[setup in-reg] rst_ni -> _60291_/RN : -124.516724
[setup in-reg] rst_ni -> _60292_/RN : -124.516724
[setup in-reg] rst_ni -> _60293_/RN : -124.516724
[setup in-reg] rst_ni -> _60231_/RN : -124.516594
[setup in-reg] rst_ni -> _60234_/RN : -124.516632
[setup in-reg] rst_ni -> _60247_/RN : -124.516747
[setup in-reg] rst_ni -> _60248_/RN : -124.516731
[setup in-reg] rst_ni -> _60262_/RN : -124.516594
[setup in-reg] rst_ni -> _60263_/RN : -124.516594
[setup in-reg] rst_ni -> _60264_/RN : -124.516624
[setup in-reg] rst_ni -> _60265_/RN : -124.516731
[setup in-reg] rst_ni -> _60266_/RN : -124.516632
[setup in-reg] rst_ni -> _60267_/RN : -124.516747
[setup in-reg] rst_ni -> _61535_/RN : -124.516846
[setup in-reg] rst_ni -> _61536_/RN : -124.516846
[setup in-reg] rst_ni -> _61679_/RN : -124.516846
[setup in-reg] rst_ni -> _61680_/RN : -124.516846
[setup in-reg] rst_ni -> _60416_/RN : -124.516563
[setup in-reg] rst_ni -> _60417_/RN : -124.516563
[setup in-reg] rst_ni -> _60418_/RN : -124.516563
[setup in-reg] rst_ni -> _61132_/RN : -124.516609
[setup in-reg] rst_ni -> _61134_/RN : -124.516678
[setup in-reg] rst_ni -> _61714_/RN : -124.516632
[setup in-reg] rst_ni -> _61715_/RN : -124.516632
[setup in-reg] rst_ni -> _61737_/RN : -124.516632
[setup in-reg] rst_ni -> _61738_/RN : -124.516632
[setup in-reg] rst_ni -> _61739_/RN : -124.516632
[setup in-reg] rst_ni -> _61740_/RN : -124.516632
[setup in-reg] rst_ni -> _61741_/RN : -124.516632
[setup in-reg] rst_ni -> _61742_/RN : -124.516632
[setup in-reg] rst_ni -> _61743_/RN : -124.516632
[setup in-reg] rst_ni -> _61101_/RN : -124.516495
[setup in-reg] rst_ni -> _61102_/RN : -124.516495
[setup in-reg] rst_ni -> _59895_/RN : -124.516365
[setup in-reg] rst_ni -> _59896_/RN : -124.516365
[setup in-reg] rst_ni -> _59898_/RN : -124.516365
[setup in-reg] rst_ni -> _59939_/RN : -124.516365
[setup in-reg] rst_ni -> _61098_/RN : -124.516479
[setup in-reg] rst_ni -> _61099_/RN : -124.516479
[setup in-reg] rst_ni -> _61100_/RN : -124.516479
[setup in-reg] rst_ni -> _61103_/RN : -124.516479
[setup in-reg] rst_ni -> _61104_/RN : -124.516495
[setup in-reg] rst_ni -> _61105_/RN : -124.516479
[setup in-reg] rst_ni -> _61106_/RN : -124.516479
[setup in-reg] rst_ni -> _61107_/RN : -124.516510
[setup in-reg] rst_ni -> _61108_/RN : -124.516464
[setup in-reg] rst_ni -> _61112_/RN : -124.516479
[setup in-reg] rst_ni -> _61113_/RN : -124.516479
[setup in-reg] rst_ni -> _61114_/RN : -124.516495
[setup in-reg] rst_ni -> _61115_/RN : -124.516563
[setup in-reg] rst_ni -> _61116_/RN : -124.516579
[setup in-reg] rst_ni -> _61117_/RN : -124.516563
[setup in-reg] rst_ni -> _61214_/RN : -124.516548
[setup in-reg] rst_ni -> _61215_/RN : -124.516495
[setup in-reg] rst_ni -> _61216_/RN : -124.516548
[setup in-reg] rst_ni -> _61217_/RN : -124.516495
[setup in-reg] rst_ni -> _61533_/RN : -124.516365
[setup in-reg] rst_ni -> _61700_/RN : -124.516365
[setup in-reg] rst_ni -> _61702_/RN : -124.516365
[setup in-reg] rst_ni -> _61703_/RN : -124.516365
[setup in-reg] rst_ni -> _61704_/RN : -124.516365
[setup in-reg] rst_ni -> _61705_/RN : -124.516365
[setup in-reg] rst_ni -> _59893_/RN : -124.516136
[setup in-reg] rst_ni -> _59897_/RN : -124.516136
[setup in-reg] rst_ni -> _59909_/RN : -124.516136
[setup in-reg] rst_ni -> _59910_/RN : -124.516083
[setup in-reg] rst_ni -> _59911_/RN : -124.516083
[setup in-reg] rst_ni -> _59912_/RN : -124.516068
[setup in-reg] rst_ni -> _59913_/RN : -124.516068
[setup in-reg] rst_ni -> _59914_/RN : -124.516068
[setup in-reg] rst_ni -> _59915_/RN : -124.516068
[setup in-reg] rst_ni -> _59916_/RN : -124.516052
[setup in-reg] rst_ni -> _59917_/RN : -124.516068
[setup in-reg] rst_ni -> _59918_/RN : -124.516068
[setup in-reg] rst_ni -> _59919_/RN : -124.516068
[setup in-reg] rst_ni -> _59920_/RN : -124.516068
[setup in-reg] rst_ni -> _59921_/RN : -124.516068
[setup in-reg] rst_ni -> _59922_/RN : -124.516068
[setup in-reg] rst_ni -> _59923_/RN : -124.516068
[setup in-reg] rst_ni -> _59924_/RN : -124.516083
[setup in-reg] rst_ni -> _59925_/RN : -124.516068
[setup in-reg] rst_ni -> _59926_/RN : -124.516068
[setup in-reg] rst_ni -> _59927_/RN : -124.516083
[setup in-reg] rst_ni -> _59928_/RN : -124.516083
[setup in-reg] rst_ni -> _59929_/RN : -124.516083
[setup in-reg] rst_ni -> _59930_/RN : -124.516098
[setup in-reg] rst_ni -> _59931_/RN : -124.516106
[setup in-reg] rst_ni -> _59932_/RN : -124.516083
[setup in-reg] rst_ni -> _59933_/RN : -124.516083
[setup in-reg] rst_ni -> _59934_/RN : -124.516083
[setup in-reg] rst_ni -> _59935_/RN : -124.516136
[setup in-reg] rst_ni -> _59936_/RN : -124.516083
[setup in-reg] rst_ni -> _59937_/RN : -124.516136
[setup in-reg] rst_ni -> _59938_/RN : -124.516136
[setup in-reg] rst_ni -> _59943_/RN : -124.516136
[setup in-reg] rst_ni -> _59944_/RN : -124.516136
[setup in-reg] rst_ni -> _60412_/RN : -124.516167
[setup in-reg] rst_ni -> _60413_/RN : -124.516167
[setup in-reg] rst_ni -> _60414_/RN : -124.516151
[setup in-reg] rst_ni -> _60415_/RN : -124.516151
[setup in-reg] rst_ni -> _60420_/RN : -124.516106
[setup in-reg] rst_ni -> _60421_/RN : -124.516136
[setup in-reg] rst_ni -> _60422_/RN : -124.516136
[setup in-reg] rst_ni -> _60423_/RN : -124.516182
[setup in-reg] rst_ni -> _60424_/RN : -124.516182
[setup in-reg] rst_ni -> _60425_/RN : -124.516136
[setup in-reg] rst_ni -> _61221_/RN : -124.516136
[setup in-reg] rst_ni -> _61222_/RN : -124.516083
[setup in-reg] rst_ni -> _61223_/RN : -124.516068
[setup in-reg] rst_ni -> _61224_/RN : -124.516083
[setup in-reg] rst_ni -> _61225_/RN : -124.516068
[setup in-reg] rst_ni -> _61226_/RN : -124.516083
[setup in-reg] rst_ni -> _61227_/RN : -124.516083
[setup in-reg] rst_ni -> _61229_/RN : -124.516068
[setup in-reg] rst_ni -> _61230_/RN : -124.516068
[setup in-reg] rst_ni -> _61530_/RN : -124.516182
[setup in-reg] rst_ni -> _61228_/RN : -124.516037
[setup in-reg] rst_ni -> _61231_/RN : -124.516037
[setup in-reg] rst_ni -> _61232_/RN : -124.516052
[setup in-reg] rst_ni -> _61233_/RN : -124.516052
[setup in-reg] rst_ni -> _61234_/RN : -124.516037
[setup in-reg] rst_ni -> _61235_/RN : -124.516037
[setup in-reg] rst_ni -> _61236_/RN : -124.516037
[setup in-reg] rst_ni -> _61237_/RN : -124.516052
[setup in-reg] rst_ni -> _61238_/RN : -124.516068
[setup in-reg] rst_ni -> _61239_/RN : -124.516068
[setup in-reg] rst_ni -> _61240_/RN : -124.516068
[setup in-reg] rst_ni -> _61241_/RN : -124.516052
[setup in-reg] rst_ni -> _61242_/RN : -124.516068
[setup in-reg] rst_ni -> _61243_/RN : -124.516068
[setup in-reg] rst_ni -> _61244_/RN : -124.516068
[setup in-reg] rst_ni -> _61245_/RN : -124.516068
[setup in-reg] rst_ni -> _61246_/RN : -124.516052
[setup in-reg] rst_ni -> _61247_/RN : -124.516068
[setup in-reg] rst_ni -> _61248_/RN : -124.516068
[setup in-reg] rst_ni -> _61249_/RN : -124.516068
[setup in-reg] rst_ni -> _61250_/RN : -124.516068
[setup in-reg] rst_ni -> _61251_/RN : -124.516068
[setup in-reg] rst_ni -> _61252_/RN : -124.516068
[setup in-reg] rst_ni -> _61253_/RN : -124.516068
[setup in-reg] rst_ni -> _61255_/RN : -124.516006
[setup in-reg] rst_ni -> _61816_/RN : -124.516106
[setup in-reg] rst_ni -> _61257_/RN : -124.515984
[setup in-reg] rst_ni -> _61259_/RN : -124.516006
[setup in-reg] rst_ni -> _61260_/RN : -124.515968
[setup in-reg] rst_ni -> _61261_/RN : -124.515968
[setup in-reg] rst_ni -> _61262_/RN : -124.515984
[setup in-reg] rst_ni -> _61263_/RN : -124.515999
[setup in-reg] rst_ni -> _61270_/RN : -124.515999
[setup in-reg] rst_ni -> _61274_/RN : -124.516022
[setup in-reg] rst_ni -> _61275_/RN : -124.516022
[setup in-reg] rst_ni -> _61276_/RN : -124.516022
[setup in-reg] rst_ni -> _61277_/RN : -124.516022
[setup in-reg] rst_ni -> _61278_/RN : -124.516022
[setup in-reg] rst_ni -> _61279_/RN : -124.516037
[setup in-reg] rst_ni -> _61280_/RN : -124.516022
[setup in-reg] rst_ni -> _61281_/RN : -124.516022
[setup in-reg] rst_ni -> _61282_/RN : -124.516037
[setup in-reg] rst_ni -> _61283_/RN : -124.516037
[setup in-reg] rst_ni -> _61284_/RN : -124.516037
[setup in-reg] rst_ni -> _61285_/RN : -124.516037
[setup in-reg] rst_ni -> _61286_/RN : -124.516037
[setup in-reg] rst_ni -> _61379_/RN : -124.516068
[setup in-reg] rst_ni -> _61380_/RN : -124.516006
[setup in-reg] rst_ni -> _61381_/RN : -124.516006
[setup in-reg] rst_ni -> _61382_/RN : -124.515999
[setup in-reg] rst_ni -> _61383_/RN : -124.515999
[setup in-reg] rst_ni -> _61384_/RN : -124.515999
[setup in-reg] rst_ni -> _61385_/RN : -124.516037
[setup in-reg] rst_ni -> _61388_/RN : -124.516006
[setup in-reg] rst_ni -> _61389_/RN : -124.516037
[setup in-reg] rst_ni -> _61390_/RN : -124.516037
[setup in-reg] rst_ni -> _61391_/RN : -124.516083
[setup in-reg] rst_ni -> _61392_/RN : -124.516083
[setup in-reg] rst_ni -> _61393_/RN : -124.516083
[setup in-reg] rst_ni -> _61394_/RN : -124.516083
[setup in-reg] rst_ni -> _61395_/RN : -124.516098
[setup in-reg] rst_ni -> _61396_/RN : -124.516098
[setup in-reg] rst_ni -> _61397_/RN : -124.516106
[setup in-reg] rst_ni -> _61398_/RN : -124.516121
[setup in-reg] rst_ni -> _61399_/RN : -124.516121
[setup in-reg] rst_ni -> _61400_/RN : -124.516121
[setup in-reg] rst_ni -> _61401_/RN : -124.516106
[setup in-reg] rst_ni -> _61402_/RN : -124.516106
[setup in-reg] rst_ni -> _61403_/RN : -124.516106
[setup in-reg] rst_ni -> _61404_/RN : -124.516098
[setup in-reg] rst_ni -> _61405_/RN : -124.516106
[setup in-reg] rst_ni -> _61406_/RN : -124.516106
[setup in-reg] rst_ni -> _61407_/RN : -124.516098
[setup in-reg] rst_ni -> _61408_/RN : -124.516106
[setup in-reg] rst_ni -> _61409_/RN : -124.516098
[setup in-reg] rst_ni -> _61410_/RN : -124.516098
[setup in-reg] rst_ni -> _61425_/RN : -124.516083
[setup in-reg] rst_ni -> _61426_/RN : -124.516083
[setup in-reg] rst_ni -> _61427_/RN : -124.516083
[setup in-reg] rst_ni -> _61428_/RN : -124.516083
[setup in-reg] rst_ni -> _61429_/RN : -124.516083
[setup in-reg] rst_ni -> _61430_/RN : -124.516083
[setup in-reg] rst_ni -> _61431_/RN : -124.516083
[setup in-reg] rst_ni -> _61432_/RN : -124.516083
[setup in-reg] rst_ni -> _61433_/RN : -124.516083
[setup in-reg] rst_ni -> _61434_/RN : -124.516083
[setup in-reg] rst_ni -> _61435_/RN : -124.516083
[setup in-reg] rst_ni -> _61436_/RN : -124.516083
[setup in-reg] rst_ni -> _61437_/RN : -124.516083
[setup in-reg] rst_ni -> _61438_/RN : -124.516083
[setup in-reg] rst_ni -> _61439_/RN : -124.516083
[setup in-reg] rst_ni -> _61440_/RN : -124.516106
[setup in-reg] rst_ni -> _61441_/RN : -124.516106
[setup in-reg] rst_ni -> _61444_/RN : -124.516136
[setup in-reg] rst_ni -> _61445_/RN : -124.516151
[setup in-reg] rst_ni -> _61446_/RN : -124.516136
[setup in-reg] rst_ni -> _61447_/RN : -124.516136
[setup in-reg] rst_ni -> _61411_/RN : -124.516006
[setup in-reg] rst_ni -> _61412_/RN : -124.516006
[setup in-reg] rst_ni -> _61448_/RN : -124.516121
[setup in-reg] rst_ni -> _61459_/RN : -124.516121
[setup in-reg] rst_ni -> _61413_/RN : -124.515999
[setup in-reg] rst_ni -> _61414_/RN : -124.515999
[setup in-reg] rst_ni -> _61442_/RN : -124.516106
[setup in-reg] rst_ni -> _61443_/RN : -124.516121
[setup in-reg] rst_ni -> _61449_/RN : -124.516106
[setup in-reg] rst_ni -> _61450_/RN : -124.516136
[setup in-reg] rst_ni -> _61451_/RN : -124.516121
[setup in-reg] rst_ni -> _61452_/RN : -124.516121
[setup in-reg] rst_ni -> _61453_/RN : -124.516121
[setup in-reg] rst_ni -> _61454_/RN : -124.516121
[setup in-reg] rst_ni -> _61455_/RN : -124.516106
[setup in-reg] rst_ni -> _61456_/RN : -124.516106
[setup in-reg] rst_ni -> _61457_/RN : -124.516106
[setup in-reg] rst_ni -> _61458_/RN : -124.516121
[setup in-reg] rst_ni -> _61460_/RN : -124.516106
[setup in-reg] rst_ni -> _61461_/RN : -124.516121
[setup in-reg] rst_ni -> _61462_/RN : -124.516121
[setup in-reg] rst_ni -> _61463_/RN : -124.516121
[setup in-reg] rst_ni -> _61464_/RN : -124.516121
[setup in-reg] rst_ni -> _61465_/RN : -124.516121
[setup in-reg] rst_ni -> _61466_/RN : -124.516121
[setup in-reg] rst_ni -> _61467_/RN : -124.516106
[setup in-reg] rst_ni -> _61468_/RN : -124.516106
[setup in-reg] rst_ni -> _61469_/RN : -124.516106
[setup in-reg] rst_ni -> _61470_/RN : -124.516151
[setup in-reg] rst_ni -> _61471_/RN : -124.516151
[setup in-reg] rst_ni -> _61472_/RN : -124.516151
[setup in-reg] rst_ni -> _61473_/RN : -124.516220
[setup in-reg] rst_ni -> _61474_/RN : -124.516220
[setup in-reg] rst_ni -> _61475_/RN : -124.516151
[setup in-reg] rst_ni -> _61476_/RN : -124.516151
[setup in-reg] rst_ni -> _61415_/RN : -124.515984
[setup in-reg] rst_ni -> _61416_/RN : -124.515984
[setup in-reg] rst_ni -> _61417_/RN : -124.516006
[setup in-reg] rst_ni -> _61418_/RN : -124.516006
[setup in-reg] rst_ni -> _61419_/RN : -124.516006
[setup in-reg] rst_ni -> _61420_/RN : -124.516006
[setup in-reg] rst_ni -> _61421_/RN : -124.516098
[setup in-reg] rst_ni -> _61422_/RN : -124.516022
[setup in-reg] rst_ni -> _61423_/RN : -124.516068
[setup in-reg] rst_ni -> _61424_/RN : -124.516006
[setup in-reg] rst_ni -> _61537_/RN : -124.516068
[setup in-reg] rst_ni -> _61538_/RN : -124.516098
[setup in-reg] rst_ni -> _61539_/RN : -124.516098
[setup in-reg] rst_ni -> _61552_/RN : -124.516182
[setup in-reg] rst_ni -> _61716_/RN : -124.516083
[setup in-reg] rst_ni -> _61717_/RN : -124.516083
[setup in-reg] rst_ni -> _61718_/RN : -124.516083
[setup in-reg] rst_ni -> _61719_/RN : -124.516083
[setup in-reg] rst_ni -> _61720_/RN : -124.516083
[setup in-reg] rst_ni -> _61730_/RN : -124.516083
[setup in-reg] rst_ni -> _61731_/RN : -124.516083
[setup in-reg] rst_ni -> _61732_/RN : -124.516083
[setup in-reg] rst_ni -> _61733_/RN : -124.516083
[setup in-reg] rst_ni -> _61734_/RN : -124.516083
[setup in-reg] rst_ni -> _61735_/RN : -124.516083
[setup in-reg] rst_ni -> _61736_/RN : -124.516083
[setup in-reg] rst_ni -> _61817_/RN : -124.516068
[setup in-reg] rst_ni -> _61818_/RN : -124.516068
[setup in-reg] rst_ni -> _61819_/RN : -124.516098
[setup in-reg] rst_ni -> _61820_/RN : -124.516068
[setup in-reg] rst_ni -> _61821_/RN : -124.516098
[setup in-reg] rst_ni -> _61822_/RN : -124.516098
[setup in-reg] rst_ni -> _61823_/RN : -124.516098
[setup in-reg] rst_ni -> _61824_/RN : -124.516098
[setup in-reg] rst_ni -> _61825_/RN : -124.516106
[setup in-reg] rst_ni -> _61826_/RN : -124.516106
[setup in-reg] rst_ni -> _61827_/RN : -124.516106
[setup in-reg] rst_ni -> _61828_/RN : -124.516068
[setup in-reg] rst_ni -> _61829_/RN : -124.516106
[setup in-reg] rst_ni -> _61830_/RN : -124.516106
[setup in-reg] rst_ni -> _61831_/RN : -124.516106
[setup in-reg] rst_ni -> _61832_/RN : -124.516068
[setup in-reg] rst_ni -> _61833_/RN : -124.516121
[setup in-reg] rst_ni -> _61834_/RN : -124.516106
[setup in-reg] rst_ni -> _61835_/RN : -124.516098
[setup in-reg] rst_ni -> _61836_/RN : -124.516098
[setup in-reg] rst_ni -> _61256_/RN : -124.515938
[setup in-reg] rst_ni -> _61258_/RN : -124.515968
[setup in-reg] rst_ni -> _61264_/RN : -124.515938
[setup in-reg] rst_ni -> _61265_/RN : -124.515984
[setup in-reg] rst_ni -> _61266_/RN : -124.515953
[setup in-reg] rst_ni -> _61267_/RN : -124.515999
[setup in-reg] rst_ni -> _61268_/RN : -124.515953
[setup in-reg] rst_ni -> _61386_/RN : -124.516037
[setup in-reg] rst_ni -> _61387_/RN : -124.516037
[setup in-reg] rst_ni -> _61721_/RN : -124.516052
[setup in-reg] rst_ni -> _61722_/RN : -124.516052
[setup in-reg] rst_ni -> _61723_/RN : -124.516052
[setup in-reg] rst_ni -> _61724_/RN : -124.516068
[setup in-reg] rst_ni -> _61725_/RN : -124.516052
[setup in-reg] rst_ni -> _61726_/RN : -124.516052
[setup in-reg] rst_ni -> _61727_/RN : -124.516083
[setup in-reg] rst_ni -> _61728_/RN : -124.516068
[setup in-reg] rst_ni -> _61729_/RN : -124.516068
[setup in-reg] rst_ni -> _61744_/RN : -124.516052
[setup in-reg] rst_ni -> _61745_/RN : -124.516068
[setup in-reg] rst_ni -> _61746_/RN : -124.516068
[setup in-reg] rst_ni -> _61747_/RN : -124.516052
[setup in-reg] rst_ni -> _61748_/RN : -124.516052
[setup in-reg] rst_ni -> _61749_/RN : -124.516052
[setup in-reg] rst_ni -> _61750_/RN : -124.516052
[setup in-reg] rst_ni -> _61751_/RN : -124.516052
[setup in-reg] rst_ni -> _61752_/RN : -124.516052
[setup in-reg] rst_ni -> _61269_/RN : -124.515907
[setup in-reg] rst_ni -> _61271_/RN : -124.516006
[setup in-reg] rst_ni -> _61272_/RN : -124.516006
[setup in-reg] rst_ni -> _61273_/RN : -124.516022
[setup in-reg] rst_ni -> _61753_/RN : -124.515999
[setup in-reg] rst_ni -> _61754_/RN : -124.515999
[setup in-reg] rst_ni -> _61755_/RN : -124.515999
[setup in-reg] rst_ni -> _61756_/RN : -124.516037
[setup in-reg] rst_ni -> _61757_/RN : -124.515999
[setup in-reg] rst_ni -> _61758_/RN : -124.515999
[setup in-reg] rst_ni -> _61759_/RN : -124.515999
[setup in-reg] rst_ni -> _61760_/RN : -124.516037
[setup in-reg] rst_ni -> _61761_/RN : -124.516052
[setup in-reg] rst_ni -> _61762_/RN : -124.516052
[setup in-reg] rst_ni -> _61763_/RN : -124.516037
[setup in-reg] rst_ni -> _61764_/RN : -124.516052
[setup in-reg] rst_ni -> _61765_/RN : -124.516052
[setup in-reg] rst_ni -> _61766_/RN : -124.516052
[setup in-reg] rst_ni -> _61767_/RN : -124.516052
[setup in-reg] rst_ni -> _61768_/RN : -124.516037
[setup in-reg] rst_ni -> _61769_/RN : -124.516037
[setup in-reg] rst_ni -> _61770_/RN : -124.516052
[setup in-reg] rst_ni -> _61771_/RN : -124.516052
[setup in-reg] rst_ni -> _61772_/RN : -124.516052
[setup in-reg] rst_ni -> _61773_/RN : -124.516052
[setup in-reg] rst_ni -> _61774_/RN : -124.516052
[setup in-reg] rst_ni -> _61775_/RN : -124.516106
[setup in-reg] rst_ni -> _61776_/RN : -124.516098
[setup in-reg] rst_ni -> _61777_/RN : -124.516106
[setup in-reg] rst_ni -> _61778_/RN : -124.516098
[setup in-reg] rst_ni -> _61779_/RN : -124.516098
[setup in-reg] rst_ni -> _61780_/RN : -124.516106
[setup in-reg] rst_ni -> _61781_/RN : -124.516083
[setup in-reg] rst_ni -> _61782_/RN : -124.516083
[setup in-reg] rst_ni -> _61783_/RN : -124.516098
[setup in-reg] rst_ni -> _61784_/RN : -124.516098
[setup in-reg] rst_ni -> _61785_/RN : -124.516106
[setup in-reg] rst_ni -> _61786_/RN : -124.516068
[setup in-reg] rst_ni -> _61787_/RN : -124.516068
[setup in-reg] rst_ni -> _61788_/RN : -124.516098
[setup in-reg] rst_ni -> _61789_/RN : -124.516068
[setup in-reg] rst_ni -> _61790_/RN : -124.516098
[setup in-reg] rst_ni -> _61791_/RN : -124.516083
[setup in-reg] rst_ni -> _61792_/RN : -124.516106
[setup in-reg] rst_ni -> _61793_/RN : -124.516106
[setup in-reg] rst_ni -> _61794_/RN : -124.516106
[setup in-reg] rst_ni -> _61795_/RN : -124.516106
[setup in-reg] rst_ni -> _61796_/RN : -124.516106
[setup in-reg] rst_ni -> _61797_/RN : -124.516106
[setup in-reg] rst_ni -> _61798_/RN : -124.516106
[setup in-reg] rst_ni -> _61799_/RN : -124.516106
[setup in-reg] rst_ni -> _61800_/RN : -124.516106
[setup in-reg] rst_ni -> _61801_/RN : -124.516068
[setup in-reg] rst_ni -> _61802_/RN : -124.516121
[setup in-reg] rst_ni -> _61803_/RN : -124.516121
[setup in-reg] rst_ni -> _61804_/RN : -124.516098
[setup in-reg] rst_ni -> _61805_/RN : -124.516098
[setup in-reg] rst_ni -> _61806_/RN : -124.516106
[setup in-reg] rst_ni -> _61807_/RN : -124.516098
[setup in-reg] rst_ni -> _61808_/RN : -124.516106
[setup in-reg] rst_ni -> _61809_/RN : -124.516106
[setup in-reg] rst_ni -> _61810_/RN : -124.516106
[setup in-reg] rst_ni -> _61811_/RN : -124.516098
[setup in-reg] rst_ni -> _61812_/RN : -124.516083
[setup in-reg] rst_ni -> _61813_/RN : -124.516083
[setup in-reg] rst_ni -> _61814_/RN : -124.516098
[setup in-reg] rst_ni -> _61815_/RN : -124.516068
[setup in-reg] rst_ni -> _61218_/RN : -82.939285
[setup in-reg] rst_ni -> _60829_/RN : -82.939026
[setup in-reg] rst_ni -> _60830_/RN : -82.938988
[setup in-reg] rst_ni -> _60831_/RN : -82.938988
[setup in-reg] rst_ni -> _60832_/RN : -82.938988
[setup in-reg] rst_ni -> _60833_/RN : -82.938995
[setup in-reg] rst_ni -> _59945_/SETN : -64.581146
[setup in-reg] rst_ni -> _59947_/SETN : -64.581146
[setup in-reg] rst_ni -> _61135_/SETN : -64.581169
[setup in-reg] rst_ni -> _61138_/SETN : -64.581146
[setup in-reg] rst_ni -> _61141_/SETN : -64.581161
[setup in-reg] rst_ni -> _61144_/SETN : -64.581154
[setup in-reg] rst_ni -> _61147_/SETN : -64.581146
[setup in-reg] rst_ni -> _61150_/SETN : -64.581146
[setup in-reg] rst_ni -> _61184_/SETN : -64.581146
[setup in-reg] rst_ni -> _60166_/SETN : -64.580948
[setup in-reg] rst_ni -> _60168_/SETN : -64.580978
[setup in-reg] rst_ni -> _60169_/SETN : -64.580986
[setup in-reg] rst_ni -> _60170_/SETN : -64.580948
[setup in-reg] rst_ni -> _60270_/SETN : -64.580818
[setup in-reg] rst_ni -> _60178_/SETN : -64.580650
[setup in-reg] rst_ni -> _60179_/SETN : -64.580650
[setup in-reg] rst_ni -> _60238_/SETN : -64.580658
[setup in-reg] rst_ni -> _60329_/SETN : -64.580704
[setup in-reg] rst_ni -> _60330_/SETN : -64.580704
[setup in-reg] rst_ni -> _61118_/SETN : -64.580688
[setup in-reg] rst_ni -> _61319_/SETN : -64.580704
[setup in-reg] rst_ni -> _61131_/SETN : -64.580376
[setup in-reg] rst_ni -> _60419_/SETN : -64.579849
[setup in-reg] rst_ni -> _61531_/SETN : -64.579849
[setup in-reg] rst_ni -> _61532_/SETN : -64.579849
[setup in-reg] rst_ni -> _61563_/SETN : -64.579865
[setup in-reg] rst_ni -> _61564_/SETN : -64.579865
[setup in-reg] rst_ni -> _61565_/SETN : -64.579865
[setup in-reg] rst_ni -> _61566_/SETN : -64.579842
[setup in-reg] rst_ni -> _61567_/SETN : -64.579865
[setup in-reg] rst_ni -> _61568_/SETN : -64.579865
[setup in-reg] rst_ni -> _61569_/SETN : -64.579842
[setup in-reg] rst_ni -> _61570_/SETN : -64.579842
[setup in-reg] rst_ni -> _61571_/SETN : -64.579842
[setup in-reg] rst_ni -> _61572_/SETN : -64.579842
[setup in-reg] rst_ni -> _61573_/SETN : -64.579842
[setup in-reg] rst_ni -> _61574_/SETN : -64.579842
[setup in-reg] rst_ni -> _61575_/SETN : -64.579842
[setup in-reg] rst_ni -> _61576_/SETN : -64.579842
[setup in-reg] rst_ni -> _61577_/SETN : -64.579842
[setup in-reg] rst_ni -> _61578_/SETN : -64.579842
[setup in-reg] rst_ni -> _61579_/SETN : -64.579842
[setup in-reg] rst_ni -> _61580_/SETN : -64.579842
[setup in-reg] rst_ni -> _61581_/SETN : -64.579842
[setup in-reg] rst_ni -> _61582_/SETN : -64.579842
[setup in-reg] rst_ni -> _61583_/SETN : -64.579849
[setup in-reg] rst_ni -> _61584_/SETN : -64.579826
[setup in-reg] rst_ni -> _61595_/SETN : -64.579849
[setup in-reg] rst_ni -> _61596_/SETN : -64.579849
[setup in-reg] rst_ni -> _61598_/SETN : -64.579842
[setup in-reg] rst_ni -> _61600_/SETN : -64.579849
[setup in-reg] rst_ni -> _61601_/SETN : -64.579826
[setup in-reg] rst_ni -> _61602_/SETN : -64.579842
[setup in-reg] rst_ni -> _61604_/SETN : -64.579842
[setup in-reg] rst_ni -> _61605_/SETN : -64.579826
[setup in-reg] rst_ni -> _61606_/SETN : -64.579842
[setup in-reg] rst_ni -> _61607_/SETN : -64.579842
[setup in-reg] rst_ni -> _61608_/SETN : -64.579842
[setup in-reg] rst_ni -> _61609_/SETN : -64.579842
[setup in-reg] rst_ni -> _61610_/SETN : -64.579842
[setup in-reg] rst_ni -> _61611_/SETN : -64.579842
[setup in-reg] rst_ni -> _61612_/SETN : -64.579842
[setup in-reg] rst_ni -> _61613_/SETN : -64.579842
[setup in-reg] rst_ni -> _61614_/SETN : -64.579849
[setup in-reg] rst_ni -> _61615_/SETN : -64.579849
[setup in-reg] rst_ni -> _61625_/SETN : -64.579842
[setup in-reg] rst_ni -> _61626_/SETN : -64.579842
[setup in-reg] rst_ni -> _61627_/SETN : -64.579842
[setup in-reg] rst_ni -> _61628_/SETN : -64.579842
[setup in-reg] rst_ni -> _61629_/SETN : -64.579842
[setup in-reg] rst_ni -> _61630_/SETN : -64.579842
[setup in-reg] rst_ni -> _61631_/SETN : -64.579842
[setup in-reg] rst_ni -> _61632_/SETN : -64.579842
[setup in-reg] rst_ni -> _61633_/SETN : -64.579842
[setup in-reg] rst_ni -> _61634_/SETN : -64.579842
[setup in-reg] rst_ni -> _61635_/SETN : -64.579842
[setup in-reg] rst_ni -> _61636_/SETN : -64.579842
[setup in-reg] rst_ni -> _61637_/SETN : -64.579842
[setup in-reg] rst_ni -> _61638_/SETN : -64.579842
[setup in-reg] rst_ni -> _61639_/SETN : -64.579842
[setup in-reg] rst_ni -> _61640_/SETN : -64.579842
[setup in-reg] rst_ni -> _61641_/SETN : -64.579842
[setup in-reg] rst_ni -> _61642_/SETN : -64.579842
[setup in-reg] rst_ni -> _61643_/SETN : -64.579842
[setup in-reg] rst_ni -> _61644_/SETN : -64.579842
[setup in-reg] rst_ni -> _61645_/SETN : -64.579834
[setup in-reg] rst_ni -> _61646_/SETN : -64.579849
[setup in-reg] rst_ni -> _61647_/SETN : -64.579849
[setup in-reg] rst_ni -> _61657_/SETN : -64.579849
[setup in-reg] rst_ni -> _61658_/SETN : -64.579849
[setup in-reg] rst_ni -> _61659_/SETN : -64.579849
[setup in-reg] rst_ni -> _61660_/SETN : -64.579849
[setup in-reg] rst_ni -> _61661_/SETN : -64.579842
[setup in-reg] rst_ni -> _61662_/SETN : -64.579842
[setup in-reg] rst_ni -> _61663_/SETN : -64.579849
[setup in-reg] rst_ni -> _61664_/SETN : -64.579842
[setup in-reg] rst_ni -> _61665_/SETN : -64.579842
[setup in-reg] rst_ni -> _61666_/SETN : -64.579842
[setup in-reg] rst_ni -> _61667_/SETN : -64.579842
[setup in-reg] rst_ni -> _61668_/SETN : -64.579842
[setup in-reg] rst_ni -> _61669_/SETN : -64.579842
[setup in-reg] rst_ni -> _61670_/SETN : -64.579842
[setup in-reg] rst_ni -> _61671_/SETN : -64.579842
[setup in-reg] rst_ni -> _61672_/SETN : -64.579842
[setup in-reg] rst_ni -> _61673_/SETN : -64.579842
[setup in-reg] rst_ni -> _61674_/SETN : -64.579842
[setup in-reg] rst_ni -> _61675_/SETN : -64.579842
[setup in-reg] rst_ni -> _61676_/SETN : -64.579842
[setup in-reg] rst_ni -> _61677_/SETN : -64.579849
[setup in-reg] rst_ni -> _61678_/SETN : -64.579849
[setup in-reg] rst_ni -> _61553_/SETN : -64.579750
[setup in-reg] rst_ni -> _61554_/SETN : -64.579750
[setup in-reg] rst_ni -> _61555_/SETN : -64.579750
[setup in-reg] rst_ni -> _61556_/SETN : -64.579750
[setup in-reg] rst_ni -> _61557_/SETN : -64.579750
[setup in-reg] rst_ni -> _61558_/SETN : -64.579758
[setup in-reg] rst_ni -> _61559_/SETN : -64.579758
[setup in-reg] rst_ni -> _61560_/SETN : -64.579750
[setup in-reg] rst_ni -> _61561_/SETN : -64.579750
[setup in-reg] rst_ni -> _61562_/SETN : -64.579750
[setup in-reg] rst_ni -> _61585_/SETN : -64.579765
[setup in-reg] rst_ni -> _61603_/SETN : -64.579826
[setup in-reg] rst_ni -> _61586_/SETN : -64.579742
[setup in-reg] rst_ni -> _61587_/SETN : -64.579742
[setup in-reg] rst_ni -> _61588_/SETN : -64.579742
[setup in-reg] rst_ni -> _61589_/SETN : -64.579742
[setup in-reg] rst_ni -> _61590_/SETN : -64.579742
[setup in-reg] rst_ni -> _61591_/SETN : -64.579765
[setup in-reg] rst_ni -> _61592_/SETN : -64.579765
[setup in-reg] rst_ni -> _61593_/SETN : -64.579781
[setup in-reg] rst_ni -> _61594_/SETN : -64.579781
[setup in-reg] rst_ni -> _61597_/SETN : -64.579811
[setup in-reg] rst_ni -> _61599_/SETN : -64.579842
[setup in-reg] rst_ni -> _61616_/SETN : -64.579750
[setup in-reg] rst_ni -> _61617_/SETN : -64.579750
[setup in-reg] rst_ni -> _61618_/SETN : -64.579742
[setup in-reg] rst_ni -> _61619_/SETN : -64.579750
[setup in-reg] rst_ni -> _61620_/SETN : -64.579750
[setup in-reg] rst_ni -> _61621_/SETN : -64.579750
[setup in-reg] rst_ni -> _61622_/SETN : -64.579765
[setup in-reg] rst_ni -> _61623_/SETN : -64.579750
[setup in-reg] rst_ni -> _61624_/SETN : -64.579765
[setup in-reg] rst_ni -> _61648_/SETN : -64.579765
[setup in-reg] rst_ni -> _61649_/SETN : -64.579750
[setup in-reg] rst_ni -> _61650_/SETN : -64.579742
[setup in-reg] rst_ni -> _61651_/SETN : -64.579742
[setup in-reg] rst_ni -> _61652_/SETN : -64.579742
[setup in-reg] rst_ni -> _61653_/SETN : -64.579750
[setup in-reg] rst_ni -> _61654_/SETN : -64.579765
[setup in-reg] rst_ni -> _61655_/SETN : -64.579765
[setup in-reg] rst_ni -> _61656_/SETN : -64.579765
[setup in-reg] rst_ni -> _56538_/D : -63.223965
[setup in-reg] rst_ni -> _56539_/D : -63.218971
[setup in-reg] rst_ni -> _56512_/D : -63.211739
[setup in-reg] rst_ni -> _56513_/D : -63.209217
[setup in-reg] rst_ni -> _56514_/D : -63.208191
[setup in-reg] rst_ni -> _56509_/D : -63.199451
[setup in-reg] rst_ni -> _56515_/D : -63.199226
[setup in-reg] rst_ni -> _56510_/D : -63.195942
[setup in-reg] rst_ni -> _56508_/D : -63.195160
[setup in-reg] rst_ni -> _56511_/D : -63.194534
[setup in-reg] rst_ni -> _56527_/D : -63.175480
[setup in-reg] rst_ni -> _56532_/D : -63.172127
[setup in-reg] rst_ni -> _56529_/D : -63.171982
[setup in-reg] rst_ni -> _56534_/D : -63.171700
[setup in-reg] rst_ni -> _56530_/D : -63.169048
[setup in-reg] rst_ni -> _56531_/D : -63.168545
[setup in-reg] rst_ni -> _56528_/D : -63.168201
[setup in-reg] rst_ni -> _56533_/D : -63.166470
[setup in-reg] rst_ni -> _56526_/D : -63.166042
[setup in-reg] rst_ni -> _56535_/D : -63.165432
[setup in-reg] rst_ni -> _56517_/D : -63.156715
[setup in-reg] rst_ni -> _56516_/D : -63.151108
[setup in-reg] rst_ni -> _56521_/D : -63.151165
[setup in-reg] rst_ni -> _56524_/D : -63.151123
[setup in-reg] rst_ni -> _56520_/D : -63.147343
[setup in-reg] rst_ni -> _56518_/D : -63.146267
[setup in-reg] rst_ni -> _56525_/D : -63.145794
[setup in-reg] rst_ni -> _56523_/D : -63.144173
[setup in-reg] rst_ni -> _56522_/D : -63.140606
[setup in-reg] rst_ni -> _56519_/D : -63.137245
[setup in-reg] rst_ni -> _56536_/D : -62.132622
[setup in-reg] rst_ni -> _56537_/D : -62.130127
[setup in-reg] rst_ni -> _56609_/D : -54.990845
[setup in-reg] rst_ni -> _56635_/D : -54.975491
[setup in-reg] rst_ni -> _56634_/D : -54.973442
[setup in-reg] rst_ni -> _56607_/D : -54.961517
[setup in-reg] rst_ni -> _56611_/D : -54.939850
[setup in-reg] rst_ni -> _56610_/D : -54.931358
[setup in-reg] rst_ni -> _56613_/D : -54.904518
[setup in-reg] rst_ni -> _56615_/D : -54.904179
[setup in-reg] rst_ni -> _56608_/D : -54.903774
[setup in-reg] rst_ni -> _56612_/D : -54.899704
[setup in-reg] rst_ni -> _56604_/D : -54.898743
[setup in-reg] rst_ni -> _56606_/D : -54.898640
[setup in-reg] rst_ni -> _56605_/D : -54.896889
[setup in-reg] rst_ni -> _56616_/D : -54.875938
[setup in-reg] rst_ni -> _56618_/D : -54.872780
[setup in-reg] rst_ni -> _56623_/D : -54.858158
[setup in-reg] rst_ni -> _56619_/D : -54.853409
[setup in-reg] rst_ni -> _56621_/D : -54.852047
[setup in-reg] rst_ni -> _56614_/D : -54.851299
[setup in-reg] rst_ni -> _56620_/D : -54.850571
[setup in-reg] rst_ni -> _56617_/D : -54.849171
[setup in-reg] rst_ni -> _56622_/D : -54.847633
[setup in-reg] rst_ni -> _56632_/D : -54.728455
[setup in-reg] rst_ni -> _56633_/D : -54.721603
[setup in-reg] rst_ni -> _56625_/D : -54.713760
[setup in-reg] rst_ni -> _56627_/D : -54.711243
[setup in-reg] rst_ni -> _56629_/D : -54.711178
[setup in-reg] rst_ni -> _56624_/D : -54.709164
[setup in-reg] rst_ni -> _56631_/D : -54.709023
[setup in-reg] rst_ni -> _56630_/D : -54.707836
[setup in-reg] rst_ni -> _56626_/D : -54.707142
[setup in-reg] rst_ni -> _56628_/D : -54.707108
[setup in-reg] rst_ni -> _60316_/D : -51.024796
[setup in-reg] rst_ni -> _60315_/D : -51.014641
[setup in-reg] rst_ni -> _60317_/D : -51.013817
[setup in-reg] rst_ni -> _60311_/D : -51.012272
[setup in-reg] rst_ni -> _60312_/D : -51.012043
[setup in-reg] rst_ni -> _60313_/D : -51.012016
[setup in-reg] rst_ni -> _60314_/D : -51.010941
[setup in-reg] rst_ni -> _60310_/D : -51.008595
[setup in-reg] rst_ni -> _60301_/D : -50.811077
[setup in-reg] rst_ni -> _60299_/D : -50.809311
[setup in-reg] rst_ni -> _60296_/D : -50.806904
[setup in-reg] rst_ni -> _60298_/D : -50.805756
[setup in-reg] rst_ni -> _60295_/D : -50.805634
[setup in-reg] rst_ni -> _60297_/D : -50.805599
[setup in-reg] rst_ni -> _60294_/D : -50.805264
[setup in-reg] rst_ni -> _60300_/D : -50.803898
[setup in-reg] rst_ni -> _60370_/D : -49.444191
[setup in-reg] rst_ni -> _60365_/D : -49.442814
[setup in-reg] rst_ni -> _60367_/D : -49.442432
[setup in-reg] rst_ni -> _60368_/D : -49.440697
[setup in-reg] rst_ni -> _60369_/D : -49.440472
[setup in-reg] rst_ni -> _60366_/D : -49.439621
[setup in-reg] rst_ni -> _60363_/D : -49.435692
[setup in-reg] rst_ni -> _60364_/D : -49.435669
[setup in-reg] rst_ni -> _60362_/D : -49.421783
[setup reg-reg] _60568_/Q -> _61104_/D : -49.191170
[setup in-reg] rst_ni -> _60380_/D : -49.166958
[setup in-reg] rst_ni -> _60373_/D : -49.166466
[setup in-reg] rst_ni -> _60371_/D : -49.161800
[setup in-reg] rst_ni -> _60375_/D : -49.160583
[setup in-reg] rst_ni -> _60378_/D : -49.159615
[setup in-reg] rst_ni -> _60376_/D : -49.158661
[setup in-reg] rst_ni -> _60372_/D : -49.155685
[setup in-reg] rst_ni -> _60374_/D : -49.154415
[setup in-reg] rst_ni -> _60377_/D : -49.150761
[setup in-reg] rst_ni -> _60379_/D : -49.148529
[setup reg-reg] _60568_/Q -> _61098_/D : -49.070045
[setup in-reg] rst_ni -> _60354_/D : -49.059471
[setup in-reg] rst_ni -> _60358_/D : -49.057587
[setup in-reg] rst_ni -> _60351_/D : -49.054707
[setup in-reg] rst_ni -> _60349_/D : -49.039257
[setup in-reg] rst_ni -> _60357_/D : -49.037342
[setup in-reg] rst_ni -> _60352_/D : -49.003925
[setup in-reg] rst_ni -> _60348_/D : -49.002953
[setup in-reg] rst_ni -> _60350_/D : -49.001099
[setup in-reg] rst_ni -> _60347_/D : -48.998714
[setup in-reg] rst_ni -> _60355_/D : -48.996414
[setup in-reg] rst_ni -> _60356_/D : -48.995972
[setup in-reg] rst_ni -> _60343_/D : -48.986572
[setup in-reg] rst_ni -> _60346_/D : -48.983704
[setup in-reg] rst_ni -> _60340_/D : -48.983429
[setup in-reg] rst_ni -> _60342_/D : -48.982944
[setup in-reg] rst_ni -> _60345_/D : -48.982681
[setup in-reg] rst_ni -> _60339_/D : -48.982277
[setup in-reg] rst_ni -> _60344_/D : -48.981998
[setup in-reg] rst_ni -> _60338_/D : -48.980507
[setup in-reg] rst_ni -> _60341_/D : -48.980240
[setup in-reg] rst_ni -> _60337_/D : -48.977837
[setup reg-reg] _60568_/Q -> _61101_/D : -48.903637
[setup reg-reg] _60568_/Q -> _61102_/D : -48.874203
[setup in-reg] rst_ni -> _60306_/D : -48.668400
[setup in-reg] rst_ni -> _60304_/D : -48.668003
[setup in-reg] rst_ni -> _60303_/D : -48.667336
[setup in-reg] rst_ni -> _60302_/D : -48.666126
[setup in-reg] rst_ni -> _60305_/D : -48.665825
[setup in-reg] rst_ni -> _60307_/D : -48.665478
[setup in-reg] rst_ni -> _60308_/D : -48.665215
[setup in-reg] rst_ni -> _60309_/D : -48.664185
[setup reg-reg] _60568_/Q -> _61105_/D : -48.599274
[setup in-reg] rst_ni -> _60353_/D : -48.561085
[setup in-reg] rst_ni -> _60381_/D : -48.477936
[setup in-reg] rst_ni -> _60382_/D : -48.466190
[setup in-reg] rst_ni -> _60387_/D : -48.451366
[setup in-reg] rst_ni -> _60391_/D : -48.450817
[setup in-reg] rst_ni -> _60393_/D : -48.448513
[setup in-reg] rst_ni -> _60389_/D : -48.448128
[setup in-reg] rst_ni -> _60388_/D : -48.447674
[setup in-reg] rst_ni -> _60386_/D : -48.447430
[setup in-reg] rst_ni -> _60392_/D : -48.445835
[setup in-reg] rst_ni -> _60390_/D : -48.445515
[setup in-reg] rst_ni -> _60384_/D : -48.441444
[setup in-reg] rst_ni -> _60383_/D : -48.436604
[setup in-reg] rst_ni -> _60385_/D : -48.436634
[setup reg-reg] _60568_/Q -> _61215_/D : -48.406273
[setup reg-reg] _60568_/Q -> _60280_/D : -48.344940
[setup reg-reg] _60568_/Q -> _60279_/D : -48.339790
[setup reg-reg] _60568_/Q -> _60282_/D : -48.267227
[setup reg-reg] _60568_/Q -> _60281_/D : -48.254875
[setup reg-reg] _60568_/Q -> _60283_/D : -48.240276
[setup reg-reg] _60568_/Q -> _60286_/D : -48.204216
[setup reg-reg] _60568_/Q -> _60284_/D : -48.202278
[setup reg-reg] _60568_/Q -> _60285_/D : -48.183823
[setup reg-reg] _60568_/Q -> _60287_/D : -48.170593
[setup in-reg] rst_ni -> _60359_/D : -48.154560
[setup reg-reg] _60568_/Q -> _61133_/D : -48.107403
[setup reg-reg] _60568_/Q -> _60288_/D : -48.093555
[setup reg-reg] _60568_/Q -> _60278_/D : -48.011494
[setup reg-reg] _60568_/Q -> _60277_/D : -48.004868
[setup reg-reg] _60568_/Q -> _60290_/D : -48.004086
[setup reg-reg] _60568_/Q -> _60276_/D : -47.970062
[setup reg-reg] _60568_/Q -> _61679_/D : -47.967487
[setup reg-reg] _60568_/Q -> _60292_/D : -47.955425
[setup reg-reg] _60568_/Q -> _60291_/D : -47.934132
[setup reg-reg] _60568_/Q -> _60289_/D : -47.921844
[setup reg-reg] _60568_/Q -> _60293_/D : -47.877502
[setup reg-reg] _60568_/Q -> _61711_/D : -47.780415
[setup reg-reg] _60568_/Q -> _60272_/D : -47.778442
[setup reg-reg] _60568_/Q -> _60275_/D : -47.702564
[setup reg-reg] _60568_/Q -> _61690_/D : -47.666847
[setup reg-reg] _60568_/Q -> _61691_/D : -47.639717
[setup reg-reg] _60568_/Q -> _61712_/D : -47.603344
[setup reg-reg] _60568_/Q -> _61710_/D : -47.602898
[setup reg-reg] _60568_/Q -> _61695_/D : -47.587231
[setup reg-reg] _60568_/Q -> _61693_/D : -47.498844
[setup reg-reg] _60568_/Q -> _61696_/D : -47.494377
[setup reg-reg] _60568_/Q -> _61705_/D : -47.488029
[setup reg-reg] _60568_/Q -> _61700_/D : -47.487843
[setup reg-reg] _60568_/Q -> _61704_/D : -47.484806
[setup reg-reg] _60568_/Q -> _61533_/D : -47.484455
[setup reg-reg] _60568_/Q -> _61694_/D : -47.471760
[setup reg-reg] _60568_/Q -> _61699_/D : -47.471760
[setup reg-reg] _60568_/Q -> _61703_/D : -47.471611
[setup reg-reg] _60568_/Q -> _61111_/D : -47.452435
[setup reg-reg] _60568_/Q -> _61689_/D : -47.445404
[setup reg-reg] _60568_/Q -> _61698_/D : -47.430420
[setup reg-reg] _60568_/Q -> _61692_/D : -47.177380
[setup reg-reg] _60568_/Q -> _61113_/D : -47.170319
[setup reg-reg] _60568_/Q -> _61681_/D : -47.136341
[setup in-reg] rst_ni -> _60361_/D : -47.126305
[setup reg-reg] _60568_/Q -> _59941_/D : -47.065941
[setup reg-reg] _60568_/Q -> _61103_/D : -47.009537
[setup reg-reg] _60568_/Q -> _60274_/D : -46.929039
[setup reg-reg] _60568_/Q -> _61697_/D : -46.824684
[setup reg-reg] _60568_/Q -> _60273_/D : -46.777359
[setup reg-reg] _60568_/Q -> _61684_/D : -46.730640
[setup reg-reg] _60568_/Q -> _61709_/D : -46.687962
[setup in-reg] rst_ni -> _61971_/D : -46.565414
[setup reg-reg] _60568_/Q -> _61683_/D : -46.502361
[setup reg-reg] _60568_/Q -> _61109_/D : -46.485802
[setup in-reg] rst_ni -> _61968_/D : -46.460243
[setup in-reg] rst_ni -> _61969_/D : -46.448421
[setup in-reg] rst_ni -> _61967_/D : -46.445869
[setup in-reg] rst_ni -> _61964_/D : -46.442223
[setup in-reg] rst_ni -> _61970_/D : -46.441185
[setup in-reg] rst_ni -> _61965_/D : -46.439789
[setup reg-reg] _60568_/Q -> _61706_/D : -46.388710
[setup reg-reg] _60568_/Q -> _61707_/D : -46.387890
[setup reg-reg] _60568_/Q -> _61701_/D : -46.383045
[setup reg-reg] _60568_/Q -> _61702_/D : -46.366653
[setup reg-reg] _60568_/Q -> _61713_/D : -46.354633
[setup in-reg] rst_ni -> _61966_/D : -46.348248
[setup reg-reg] _60568_/Q -> _61708_/D : -46.249298
[setup reg-reg] _60568_/Q -> _61110_/D : -46.220284
[setup reg-reg] _60568_/Q -> _61536_/D : -46.216152
[setup reg-reg] _60568_/Q -> _61132_/D : -46.190937
[setup reg-reg] _60568_/Q -> _61682_/D : -46.176792
[setup reg-reg] _60568_/Q -> _61112_/D : -46.165802
[setup reg-reg] _60568_/Q -> _61116_/D : -46.099174
[setup reg-reg] _60568_/Q -> _61743_/D : -46.075706
[setup reg-reg] _60568_/Q -> _61741_/D : -45.940506
[setup reg-reg] _60568_/Q -> _61114_/D : -45.903095
[setup reg-reg] _60568_/Q -> _61106_/D : -45.802212
[setup reg-reg] _60568_/Q -> _61742_/D : -45.773190
[setup reg-reg] _60568_/Q -> _61534_/D : -45.682732
[setup reg-reg] _60568_/Q -> _61115_/D : -45.666798
[setup reg-reg] _60568_/Q -> _61680_/D : -45.572239
[setup reg-reg] _60568_/Q -> _61685_/D : -45.568451
[setup in-reg] rst_ni -> _56466_/D : -45.565369
[setup in-reg] rst_ni -> _56462_/D : -45.565170
[setup in-reg] rst_ni -> _56464_/D : -45.565022
[setup in-reg] rst_ni -> _56468_/D : -45.564323
[setup in-reg] rst_ni -> _56463_/D : -45.562340
[setup in-reg] rst_ni -> _56471_/D : -45.561729
[setup in-reg] rst_ni -> _56470_/D : -45.561607
[setup in-reg] rst_ni -> _56467_/D : -45.560833
[setup in-reg] rst_ni -> _56465_/D : -45.556496
[setup in-reg] rst_ni -> _56469_/D : -45.553261
[setup in-reg] rst_ni -> _56472_/D : -45.530788
[setup in-reg] rst_ni -> _56474_/D : -45.529613
[setup in-reg] rst_ni -> _56590_/D : -45.529297
[setup in-reg] rst_ni -> _56473_/D : -45.529175
[setup in-reg] rst_ni -> _56592_/D : -45.529137
[setup in-reg] rst_ni -> _56591_/D : -45.528687
[setup in-reg] rst_ni -> _56597_/D : -45.528198
[setup in-reg] rst_ni -> _56599_/D : -45.528164
[setup in-reg] rst_ni -> _56598_/D : -45.527973
[setup in-reg] rst_ni -> _56593_/D : -45.527401
[setup in-reg] rst_ni -> _56595_/D : -45.527023
[setup in-reg] rst_ni -> _56594_/D : -45.526535
[setup reg-reg] _60568_/Q -> _61535_/D : -45.524502
[setup in-reg] rst_ni -> _56596_/D : -45.522789
[setup in-reg] rst_ni -> _56581_/D : -45.506409
[setup in-reg] rst_ni -> _56584_/D : -45.504532
[setup in-reg] rst_ni -> _56589_/D : -45.504017
[setup in-reg] rst_ni -> _56588_/D : -45.502190
[setup in-reg] rst_ni -> _56586_/D : -45.502033
[setup in-reg] rst_ni -> _56587_/D : -45.501621
[setup in-reg] rst_ni -> _56582_/D : -45.501438
[setup in-reg] rst_ni -> _56585_/D : -45.500237
[setup in-reg] rst_ni -> _56583_/D : -45.499992
[setup in-reg] rst_ni -> _56580_/D : -45.499439
[setup in-reg] rst_ni -> _56655_/D : -45.496227
[setup in-reg] rst_ni -> _56661_/D : -45.492832
[setup in-reg] rst_ni -> _56663_/D : -45.492737
[setup in-reg] rst_ni -> _56654_/D : -45.492401
[setup in-reg] rst_ni -> _56656_/D : -45.491108
[setup in-reg] rst_ni -> _56660_/D : -45.490940
[setup in-reg] rst_ni -> _56657_/D : -45.490555
[setup in-reg] rst_ni -> _56658_/D : -45.487923
[setup in-reg] rst_ni -> _56662_/D : -45.486057
[setup in-reg] rst_ni -> _56659_/D : -45.484470
[setup reg-reg] _60568_/Q -> _61220_/D : -45.484127
[setup in-reg] rst_ni -> _56645_/D : -45.466675
[setup in-reg] rst_ni -> _56652_/D : -45.466042
[setup in-reg] rst_ni -> _56653_/D : -45.463120
[setup in-reg] rst_ni -> _56648_/D : -45.462662
[setup in-reg] rst_ni -> _56651_/D : -45.462524
[setup in-reg] rst_ni -> _56649_/D : -45.462257
[setup in-reg] rst_ni -> _56650_/D : -45.461731
[setup in-reg] rst_ni -> _56644_/D : -45.461472
[setup in-reg] rst_ni -> _56647_/D : -45.460945
[setup in-reg] rst_ni -> _56646_/D : -45.458912
[setup in-reg] rst_ni -> _56454_/D : -45.451698
[setup in-reg] rst_ni -> _56457_/D : -45.449169
[setup in-reg] rst_ni -> _56456_/D : -45.447655
[setup in-reg] rst_ni -> _56461_/D : -45.444950
[setup in-reg] rst_ni -> _56460_/D : -45.443108
[setup in-reg] rst_ni -> _56458_/D : -45.442348
[setup in-reg] rst_ni -> _56459_/D : -45.442303
[setup in-reg] rst_ni -> _56444_/D : -45.434429
[setup in-reg] rst_ni -> _56452_/D : -45.434338
[setup in-reg] rst_ni -> _56450_/D : -45.434177
[setup in-reg] rst_ni -> _56446_/D : -45.432861
[setup in-reg] rst_ni -> _56449_/D : -45.432678
[setup in-reg] rst_ni -> _56445_/D : -45.432457
[setup in-reg] rst_ni -> _56447_/D : -45.431049
[setup in-reg] rst_ni -> _56451_/D : -45.431076
[setup in-reg] rst_ni -> _56453_/D : -45.430286
[setup in-reg] rst_ni -> _56448_/D : -45.427864
[setup in-reg] rst_ni -> _56576_/D : -45.419453
[setup in-reg] rst_ni -> _56575_/D : -45.419376
[setup in-reg] rst_ni -> _56577_/D : -45.418606
[setup in-reg] rst_ni -> _56573_/D : -45.418079
[setup in-reg] rst_ni -> _56572_/D : -45.417419
[setup in-reg] rst_ni -> _56579_/D : -45.417023
[setup in-reg] rst_ni -> _56578_/D : -45.416054
[setup in-reg] rst_ni -> _56574_/D : -45.415810
[setup reg-reg] _60568_/Q -> _61688_/D : -45.414894
[setup reg-reg] _60568_/Q -> _61117_/D : -45.401958
[setup reg-reg] _60568_/Q -> _61727_/D : -45.395939
[setup in-reg] rst_ni -> _56601_/D : -45.385170
[setup reg-reg] _60568_/Q -> _61108_/D : -45.384193
[setup in-reg] rst_ni -> _56600_/D : -45.383984
[setup in-reg] rst_ni -> _56637_/D : -45.372456
[setup in-reg] rst_ni -> _56640_/D : -45.371162
[setup in-reg] rst_ni -> _56643_/D : -45.370564
[setup in-reg] rst_ni -> _56639_/D : -45.367908
[setup in-reg] rst_ni -> _56641_/D : -45.367943
[setup in-reg] rst_ni -> _56636_/D : -45.366093
[setup in-reg] rst_ni -> _56642_/D : -45.365524
[setup in-reg] rst_ni -> _56638_/D : -45.364914
[setup reg-reg] _60568_/Q -> _61686_/D : -45.364754
[setup in-reg] rst_ni -> _56665_/D : -45.357243
[setup in-reg] rst_ni -> _56664_/D : -45.356213
[setup reg-reg] _60568_/Q -> _61722_/D : -45.305573
[setup in-reg] rst_ni -> _56475_/D : -45.286968
[setup reg-reg] _60568_/Q -> _61730_/D : -45.285290
[setup in-reg] rst_ni -> _56455_/D : -45.284058
[setup in-reg] rst_ni -> _56603_/D : -45.247940
[setup in-reg] rst_ni -> _56602_/D : -45.245308
[setup reg-reg] _60568_/Q -> _61737_/D : -45.241737
[setup in-reg] rst_ni -> _56666_/D : -45.207798
[setup in-reg] rst_ni -> _56667_/D : -45.205875
[setup reg-reg] _60568_/Q -> _61740_/D : -45.179317
[setup reg-reg] _60568_/Q -> _61687_/D : -44.981213
[setup reg-reg] _60568_/Q -> _61718_/D : -44.964439
[setup reg-reg] _60568_/Q -> _61733_/D : -44.954472
[setup reg-reg] _60568_/Q -> _61738_/D : -44.886398
[setup reg-reg] _60568_/Q -> _61736_/D : -44.862469
[setup reg-reg] _60568_/Q -> _61107_/D : -44.838894
[setup reg-reg] _60568_/Q -> _61729_/D : -44.724525
[setup reg-reg] _60568_/Q -> _61726_/D : -44.700237
[setup reg-reg] _60568_/Q -> _59942_/D : -44.673237
[setup reg-reg] _60568_/Q -> _61717_/D : -44.666302
[setup reg-reg] _60568_/Q -> _61723_/D : -44.648731
[setup reg-reg] _60568_/Q -> _61719_/D : -44.621403
[setup reg-reg] _60568_/Q -> _61734_/D : -44.590122
[setup reg-reg] _60568_/Q -> _61725_/D : -44.514633
[setup reg-reg] _60568_/Q -> _61728_/D : -44.488686
[setup reg-reg] _60568_/Q -> _61731_/D : -44.399986
[setup reg-reg] _60568_/Q -> _61720_/D : -44.260101
[setup reg-reg] _60568_/Q -> _61739_/D : -44.221069
[setup reg-reg] _60568_/Q -> _61735_/D : -44.086899
[setup reg-reg] _60568_/Q -> _61721_/D : -44.086109
[setup reg-reg] _60568_/Q -> _61732_/D : -44.074097
[setup reg-reg] _60568_/Q -> _61724_/D : -44.015793
[setup reg-reg] _60568_/Q -> _61716_/D : -43.896267
[setup reg-reg] _60568_/Q -> _61217_/D : -43.861977
[setup reg-reg] _60568_/Q -> _61715_/D : -43.850952
[setup reg-reg] _60568_/Q -> _61714_/D : -43.570736
[setup in-reg] rst_ni -> _56545_/D : -43.360435
[setup in-reg] rst_ni -> _56546_/D : -43.359463
[setup in-reg] rst_ni -> _56541_/D : -43.356873
[setup in-reg] rst_ni -> _56543_/D : -43.354801
[setup in-reg] rst_ni -> _56548_/D : -43.354801
[setup in-reg] rst_ni -> _56549_/D : -43.351871
[setup in-reg] rst_ni -> _56547_/D : -43.347958
[setup in-reg] rst_ni -> _56540_/D : -43.346283
[setup in-reg] rst_ni -> _56542_/D : -43.344925
[setup in-reg] rst_ni -> _56544_/D : -43.341431
[setup in-reg] rst_ni -> _56551_/D : -43.331169
[setup in-reg] rst_ni -> _56550_/D : -43.321278
[setup in-reg] rst_ni -> _56558_/D : -43.318546
[setup in-reg] rst_ni -> _56557_/D : -43.317665
[setup in-reg] rst_ni -> _56552_/D : -43.317444
[setup in-reg] rst_ni -> _56554_/D : -43.311817
[setup in-reg] rst_ni -> _56555_/D : -43.309883
[setup in-reg] rst_ni -> _56553_/D : -43.307365
[setup in-reg] rst_ni -> _56559_/D : -43.305477
[setup in-reg] rst_ni -> _56556_/D : -43.304565
[setup in-reg] rst_ni -> _56497_/D : -43.298992
[setup in-reg] rst_ni -> _56561_/D : -43.297596
[setup in-reg] rst_ni -> _56498_/D : -43.296967
[setup in-reg] rst_ni -> _56567_/D : -43.292477
[setup in-reg] rst_ni -> _56560_/D : -43.290512
[setup in-reg] rst_ni -> _56499_/D : -43.289272
[setup in-reg] rst_ni -> _56483_/D : -43.288857
[setup in-reg] rst_ni -> _56503_/D : -43.288647
[setup in-reg] rst_ni -> _56496_/D : -43.287720
[setup in-reg] rst_ni -> _56505_/D : -43.287350
[setup in-reg] rst_ni -> _56500_/D : -43.287048
[setup in-reg] rst_ni -> _56502_/D : -43.286732
[setup in-reg] rst_ni -> _56501_/D : -43.286507
[setup in-reg] rst_ni -> _56504_/D : -43.285610
[setup in-reg] rst_ni -> _56568_/D : -43.283859
[setup in-reg] rst_ni -> _56479_/D : -43.283012
[setup in-reg] rst_ni -> _56482_/D : -43.282509
[setup in-reg] rst_ni -> _56480_/D : -43.282322
[setup in-reg] rst_ni -> _56481_/D : -43.282234
[setup in-reg] rst_ni -> _56565_/D : -43.282196
[setup in-reg] rst_ni -> _56566_/D : -43.282215
[setup in-reg] rst_ni -> _56485_/D : -43.280888
[setup in-reg] rst_ni -> _56564_/D : -43.279762
[setup in-reg] rst_ni -> _56477_/D : -43.278671
[setup in-reg] rst_ni -> _56476_/D : -43.278542
[setup in-reg] rst_ni -> _56562_/D : -43.277622
[setup in-reg] rst_ni -> _56478_/D : -43.276802
[setup in-reg] rst_ni -> _56487_/D : -43.275883
[setup in-reg] rst_ni -> _56488_/D : -43.275902
[setup in-reg] rst_ni -> _56563_/D : -43.275917
[setup in-reg] rst_ni -> _56490_/D : -43.274666
[setup in-reg] rst_ni -> _56484_/D : -43.274189
[setup in-reg] rst_ni -> _56495_/D : -43.272663
[setup in-reg] rst_ni -> _56492_/D : -43.271484
[setup in-reg] rst_ni -> _56569_/D : -43.271381
[setup in-reg] rst_ni -> _56491_/D : -43.269264
[setup in-reg] rst_ni -> _56494_/D : -43.268764
[setup in-reg] rst_ni -> _56486_/D : -43.268539
[setup in-reg] rst_ni -> _56489_/D : -43.268436
[setup in-reg] rst_ni -> _56493_/D : -43.267563
[setup in-reg] rst_ni -> _56570_/D : -43.196743
[setup reg-reg] _60568_/Q -> _61100_/D : -43.194935
[setup in-reg] rst_ni -> _56417_/D : -43.187206
[setup in-reg] rst_ni -> _56571_/D : -43.185059
[setup in-reg] rst_ni -> _56420_/D : -43.184399
[setup in-reg] rst_ni -> _56415_/D : -43.179455
[setup in-reg] rst_ni -> _56418_/D : -43.179008
[setup in-reg] rst_ni -> _56413_/D : -43.176971
[setup in-reg] rst_ni -> _56438_/D : -43.176552
[setup in-reg] rst_ni -> _56432_/D : -43.175735
[setup in-reg] rst_ni -> _56429_/D : -43.174664
[setup in-reg] rst_ni -> _56416_/D : -43.173618
[setup in-reg] rst_ni -> _56419_/D : -43.173389
[setup in-reg] rst_ni -> _56421_/D : -43.173389
[setup in-reg] rst_ni -> _56414_/D : -43.170929
[setup in-reg] rst_ni -> _56434_/D : -43.169659
[setup in-reg] rst_ni -> _56422_/D : -43.169579
[setup in-reg] rst_ni -> _56412_/D : -43.168980
[setup in-reg] rst_ni -> _56424_/D : -43.167416
[setup in-reg] rst_ni -> _56425_/D : -43.166874
[setup in-reg] rst_ni -> _56430_/D : -43.166893
[setup in-reg] rst_ni -> _56423_/D : -43.166023
[setup in-reg] rst_ni -> _56426_/D : -43.164955
[setup in-reg] rst_ni -> _56435_/D : -43.161030
[setup in-reg] rst_ni -> _56437_/D : -43.160255
[setup in-reg] rst_ni -> _56436_/D : -43.160091
[setup in-reg] rst_ni -> _56427_/D : -43.158699
[setup in-reg] rst_ni -> _56428_/D : -43.158154
[setup in-reg] rst_ni -> _56439_/D : -43.157936
[setup in-reg] rst_ni -> _56440_/D : -43.157749
[setup in-reg] rst_ni -> _56433_/D : -43.156654
[setup in-reg] rst_ni -> _56431_/D : -43.155045
[setup in-reg] rst_ni -> _56441_/D : -43.151798
[setup in-reg] rst_ni -> _56506_/D : -43.117393
[setup in-reg] rst_ni -> _56507_/D : -43.117073
[setup reg-reg] _60568_/Q -> _61099_/D : -42.999172
[setup in-reg] rst_ni -> _56442_/D : -42.993465
[setup in-reg] rst_ni -> _56443_/D : -42.991516
[setup reg-reg] _60568_/Q -> _61214_/D : -42.710468
[setup reg-reg] _60568_/Q -> _61216_/D : -42.440132
[setup reg-reg] _60568_/Q -> _61131_/D : -36.395576
[setup reg-reg] _60568_/Q -> _60877_/D : -21.966337
[setup reg-reg] _60568_/Q -> _61844_/D : -21.505472
[setup reg-reg] _60568_/Q -> _61540_/D : -21.495184
[setup reg-reg] _60568_/Q -> _61874_/D : -21.298483
[setup reg-reg] _60568_/Q -> _61865_/D : -21.219862
[setup reg-reg] _60568_/Q -> _61866_/D : -21.182175
[setup reg-reg] _60568_/Q -> _61870_/D : -21.178905
[setup reg-reg] _60568_/Q -> _61871_/D : -21.177052
[setup reg-reg] _60568_/Q -> _61864_/D : -21.163708
[setup reg-reg] _60568_/Q -> _61868_/D : -21.152943
[setup reg-reg] _60568_/Q -> _61869_/D : -21.140673
[setup reg-reg] _60568_/Q -> _61873_/D : -21.088638
[setup reg-reg] _60568_/Q -> _61862_/D : -21.029736
[setup in-reg] rst_ni -> _59270_/D : -20.924368
[setup in-reg] rst_ni -> _59269_/D : -20.922884
[setup in-reg] rst_ni -> _59268_/D : -20.890781
[setup in-reg] rst_ni -> _59271_/D : -20.890766
[setup in-reg] rst_ni -> _59272_/D : -20.890276
[setup in-reg] rst_ni -> _59273_/D : -20.890213
[setup in-reg] rst_ni -> _59274_/D : -20.889694
[setup in-reg] rst_ni -> _59275_/D : -20.889175
[setup in-reg] rst_ni -> _59398_/D : -20.855532
[setup in-reg] rst_ni -> _59397_/D : -20.853989
[setup in-reg] rst_ni -> _59760_/D : -20.838705
[setup in-reg] rst_ni -> _58960_/D : -20.826094
[setup in-reg] rst_ni -> _59402_/D : -20.823685
[setup in-reg] rst_ni -> _59401_/D : -20.823038
[setup in-reg] rst_ni -> _59396_/D : -20.822115
[setup in-reg] rst_ni -> _59400_/D : -20.821915
[setup in-reg] rst_ni -> _59399_/D : -20.821758
[setup in-reg] rst_ni -> _59403_/D : -20.820387
[setup in-reg] rst_ni -> _59792_/D : -20.814796
[setup in-reg] rst_ni -> _59757_/D : -20.810276
[setup in-reg] rst_ni -> _59024_/D : -20.809296
[setup in-reg] rst_ni -> _59762_/D : -20.808294
[setup in-reg] rst_ni -> _59759_/D : -20.807825
[setup in-reg] rst_ni -> _59761_/D : -20.807713
[setup in-reg] rst_ni -> _59756_/D : -20.807079
[setup in-reg] rst_ni -> _59758_/D : -20.806412
[setup in-reg] rst_ni -> _59763_/D : -20.806078
[setup in-reg] rst_ni -> _59696_/D : -20.802311
[setup in-reg] rst_ni -> _59056_/D : -20.800058
[setup in-reg] rst_ni -> _58957_/D : -20.799200
[setup in-reg] rst_ni -> _58992_/D : -20.798616
[setup in-reg] rst_ni -> _58962_/D : -20.798546
[setup in-reg] rst_ni -> _59568_/D : -20.797039
[setup in-reg] rst_ni -> _58963_/D : -20.796236
[setup in-reg] rst_ni -> _58956_/D : -20.796165
[setup in-reg] rst_ni -> _58959_/D : -20.796108
[setup in-reg] rst_ni -> _58958_/D : -20.795647
[setup in-reg] rst_ni -> _58961_/D : -20.795462
[setup in-reg] rst_ni -> _59280_/D : -20.792336
[setup in-reg] rst_ni -> _58928_/D : -20.791874
[setup in-reg] rst_ni -> _59789_/D : -20.786289
[setup in-reg] rst_ni -> _59794_/D : -20.784328
[setup in-reg] rst_ni -> _59791_/D : -20.783852
[setup in-reg] rst_ni -> _59793_/D : -20.783781
[setup in-reg] rst_ni -> _59788_/D : -20.783106
[setup in-reg] rst_ni -> _59790_/D : -20.782545
[setup in-reg] rst_ni -> _59795_/D : -20.782232
[setup in-reg] rst_ni -> _59021_/D : -20.782089
[setup in-reg] rst_ni -> _59026_/D : -20.781841
[setup in-reg] rst_ni -> _59027_/D : -20.779675
[setup in-reg] rst_ni -> _59025_/D : -20.779333
[setup in-reg] rst_ni -> _59022_/D : -20.779234
[setup in-reg] rst_ni -> _59023_/D : -20.779091
[setup in-reg] rst_ni -> _59020_/D : -20.778877
[setup in-reg] rst_ni -> _59664_/D : -20.775454
[setup in-reg] rst_ni -> _59693_/D : -20.773926
[setup in-reg] rst_ni -> _59053_/D : -20.773008
[setup in-reg] rst_ni -> _59120_/D : -20.772768
[setup in-reg] rst_ni -> _59058_/D : -20.772617
[setup in-reg] rst_ni -> _59698_/D : -20.771780
[setup in-reg] rst_ni -> _58989_/D : -20.771687
[setup in-reg] rst_ni -> _58988_/D : -20.771446
[setup in-reg] rst_ni -> _59697_/D : -20.771397
[setup in-reg] rst_ni -> _59695_/D : -20.771360
[setup in-reg] rst_ni -> _58994_/D : -20.771175
[setup in-reg] rst_ni -> _59059_/D : -20.771147
[setup in-reg] rst_ni -> _59052_/D : -20.770685
[setup in-reg] rst_ni -> _59692_/D : -20.770466
[setup in-reg] rst_ni -> _59057_/D : -20.770302
[setup in-reg] rst_ni -> _59694_/D : -20.770174
[setup in-reg] rst_ni -> _59699_/D : -20.769796
[setup in-reg] rst_ni -> _59054_/D : -20.769754
[setup in-reg] rst_ni -> _59055_/D : -20.769094
[setup in-reg] rst_ni -> _58993_/D : -20.769051
[setup in-reg] rst_ni -> _58864_/D : -20.769001
[setup in-reg] rst_ni -> _58991_/D : -20.768753
[setup in-reg] rst_ni -> _59565_/D : -20.768576
[setup in-reg] rst_ni -> _58995_/D : -20.768497
[setup in-reg] rst_ni -> _58990_/D : -20.768354
[setup in-reg] rst_ni -> _59276_/D : -20.768099
[setup in-reg] rst_ni -> _59277_/D : -20.767181
[setup in-reg] rst_ni -> _59279_/D : -20.767176
[setup in-reg] rst_ni -> _59278_/D : -20.766777
[setup in-reg] rst_ni -> _59282_/D : -20.766785
[setup in-reg] rst_ni -> _59570_/D : -20.766550
[setup in-reg] rst_ni -> _59283_/D : -20.766365
[setup in-reg] rst_ni -> _59567_/D : -20.766060
[setup in-reg] rst_ni -> _59569_/D : -20.766024
[setup in-reg] rst_ni -> _59281_/D : -20.765776
[setup in-reg] rst_ni -> _59564_/D : -20.765249
[setup in-reg] rst_ni -> _58925_/D : -20.764837
[setup in-reg] rst_ni -> _59566_/D : -20.764853
[setup in-reg] rst_ni -> _59571_/D : -20.764446
[setup in-reg] rst_ni -> _58930_/D : -20.764305
[setup in-reg] rst_ni -> _58924_/D : -20.763779
[setup in-reg] rst_ni -> _58926_/D : -20.762329
[setup in-reg] rst_ni -> _58931_/D : -20.762287
[setup in-reg] rst_ni -> _58929_/D : -20.761497
[setup in-reg] rst_ni -> _58927_/D : -20.761271
[setup in-reg] rst_ni -> _58867_/D : -20.759771
[setup in-reg] rst_ni -> _58861_/D : -20.759344
[setup in-reg] rst_ni -> _58866_/D : -20.759111
[setup in-reg] rst_ni -> _58860_/D : -20.758762
[setup in-reg] rst_ni -> _58865_/D : -20.757868
[setup in-reg] rst_ni -> _58862_/D : -20.757761
[setup in-reg] rst_ni -> _58863_/D : -20.757690
[setup in-reg] rst_ni -> _59661_/D : -20.747038
[setup in-reg] rst_ni -> _59117_/D : -20.745625
[setup in-reg] rst_ni -> _59122_/D : -20.745226
[setup in-reg] rst_ni -> _59666_/D : -20.744850
[setup in-reg] rst_ni -> _59663_/D : -20.744473
[setup in-reg] rst_ni -> _59665_/D : -20.744360
[setup in-reg] rst_ni -> _59660_/D : -20.743685
[setup in-reg] rst_ni -> _59121_/D : -20.743252
[setup in-reg] rst_ni -> _59662_/D : -20.743231
[setup in-reg] rst_ni -> _59119_/D : -20.743187
[setup in-reg] rst_ni -> _59116_/D : -20.743002
[setup in-reg] rst_ni -> _59667_/D : -20.742889
[setup in-reg] rst_ni -> _59118_/D : -20.742790
[setup in-reg] rst_ni -> _59123_/D : -20.742399
[setup in-reg] rst_ni -> _58949_/D : -20.730354
[setup in-reg] rst_ni -> _59109_/D : -20.729546
[setup in-reg] rst_ni -> _58950_/D : -20.724493
[setup in-reg] rst_ni -> _59110_/D : -20.723612
[setup in-reg] rst_ni -> _59408_/D : -20.723427
[setup in-reg] rst_ni -> _58981_/D : -20.709494
[setup in-reg] rst_ni -> _58982_/D : -20.703630
[setup in-reg] rst_ni -> _59405_/D : -20.699652
[setup in-reg] rst_ni -> _59411_/D : -20.698431
[setup in-reg] rst_ni -> _59404_/D : -20.698032
[setup in-reg] rst_ni -> _59407_/D : -20.697933
[setup in-reg] rst_ni -> _59406_/D : -20.697876
[setup in-reg] rst_ni -> _58948_/D : -20.697613
[setup in-reg] rst_ni -> _59108_/D : -20.696747
[setup in-reg] rst_ni -> _59409_/D : -20.696726
[setup in-reg] rst_ni -> _59410_/D : -20.696732
[setup in-reg] rst_ni -> _59013_/D : -20.693569
[setup in-reg] rst_ni -> _58955_/D : -20.693520
[setup in-reg] rst_ni -> _58952_/D : -20.693016
[setup in-reg] rst_ni -> _59115_/D : -20.692633
[setup in-reg] rst_ni -> _59112_/D : -20.692142
[setup in-reg] rst_ni -> _58954_/D : -20.690855
[setup in-reg] rst_ni -> _58951_/D : -20.690813
[setup in-reg] rst_ni -> _59114_/D : -20.690046
[setup in-reg] rst_ni -> _59111_/D : -20.689840
[setup in-reg] rst_ni -> _58953_/D : -20.689577
[setup in-reg] rst_ni -> _59113_/D : -20.688334
[setup in-reg] rst_ni -> _59014_/D : -20.687700
[setup in-reg] rst_ni -> _59045_/D : -20.686813
[setup in-reg] rst_ni -> _59046_/D : -20.680965
[setup in-reg] rst_ni -> _58854_/D : -20.677427
[setup in-reg] rst_ni -> _58853_/D : -20.676964
[setup in-reg] rst_ni -> _58980_/D : -20.676786
[setup in-reg] rst_ni -> _59749_/D : -20.675955
[setup in-reg] rst_ni -> _58987_/D : -20.672659
[setup in-reg] rst_ni -> _58984_/D : -20.672140
[setup in-reg] rst_ni -> _59750_/D : -20.671379
[setup in-reg] rst_ni -> _58986_/D : -20.670250
[setup in-reg] rst_ni -> _58983_/D : -20.669903
[setup reg-reg] _60568_/Q -> _61839_/D : -20.669703
[setup in-reg] rst_ni -> _58985_/D : -20.668610
[setup in-reg] rst_ni -> _59781_/D : -20.668375
[setup in-reg] rst_ni -> _58852_/D : -20.667528
[setup in-reg] rst_ni -> _58856_/D : -20.667444
[setup in-reg] rst_ni -> _58855_/D : -20.667173
[setup in-reg] rst_ni -> _58858_/D : -20.666960
[setup in-reg] rst_ni -> _58857_/D : -20.666235
[setup in-reg] rst_ni -> _58859_/D : -20.665682
[setup in-reg] rst_ni -> _59782_/D : -20.663437
[setup in-reg] rst_ni -> _59012_/D : -20.660942
[setup in-reg] rst_ni -> _59019_/D : -20.656721
[setup in-reg] rst_ni -> _59016_/D : -20.656210
[setup in-reg] rst_ni -> _59044_/D : -20.654234
[setup in-reg] rst_ni -> _59018_/D : -20.654150
[setup in-reg] rst_ni -> _59015_/D : -20.653971
[setup in-reg] rst_ni -> _59017_/D : -20.652565
[setup in-reg] rst_ni -> _59051_/D : -20.649992
[setup in-reg] rst_ni -> _59048_/D : -20.649481
[setup in-reg] rst_ni -> _59050_/D : -20.647449
[setup in-reg] rst_ni -> _59047_/D : -20.647236
[setup in-reg] rst_ni -> _59049_/D : -20.645901
[setup in-reg] rst_ni -> _59752_/D : -20.645666
[setup in-reg] rst_ni -> _59748_/D : -20.645466
[setup in-reg] rst_ni -> _59751_/D : -20.645054
[setup in-reg] rst_ni -> _59753_/D : -20.645033
[setup in-reg] rst_ni -> _59754_/D : -20.644720
[setup in-reg] rst_ni -> _59755_/D : -20.643391
[setup in-reg] rst_ni -> _59685_/D : -20.639008
[setup in-reg] rst_ni -> _59784_/D : -20.638147
[setup in-reg] rst_ni -> _59780_/D : -20.637884
[setup in-reg] rst_ni -> _59783_/D : -20.637472
[setup in-reg] rst_ni -> _59785_/D : -20.637331
[setup in-reg] rst_ni -> _59813_/D : -20.637096
[setup in-reg] rst_ni -> _59786_/D : -20.637039
[setup in-reg] rst_ni -> _59787_/D : -20.635817
[setup in-reg] rst_ni -> _59686_/D : -20.635477
[setup in-reg] rst_ni -> _59653_/D : -20.628086
[setup in-reg] rst_ni -> _59600_/D : -20.626863
[setup in-reg] rst_ni -> _59654_/D : -20.625038
[setup in-reg] rst_ni -> _59557_/D : -20.624355
[setup in-reg] rst_ni -> _59536_/D : -20.621258
[setup in-reg] rst_ni -> _59558_/D : -20.621201
[setup in-reg] rst_ni -> _59728_/D : -20.614416
[setup in-reg] rst_ni -> _59632_/D : -20.610735
[setup in-reg] rst_ni -> _59688_/D : -20.608717
[setup in-reg] rst_ni -> _59684_/D : -20.608524
[setup in-reg] rst_ni -> _59687_/D : -20.608078
[setup in-reg] rst_ni -> _59689_/D : -20.607950
[setup in-reg] rst_ni -> _59690_/D : -20.607580
[setup in-reg] rst_ni -> _59812_/D : -20.606522
[setup in-reg] rst_ni -> _59691_/D : -20.606394
[setup in-reg] rst_ni -> _59815_/D : -20.603821
[setup in-reg] rst_ni -> _59817_/D : -20.603836
[setup in-reg] rst_ni -> _59818_/D : -20.603701
[setup in-reg] rst_ni -> _59816_/D : -20.603559
[setup in-reg] rst_ni -> _59819_/D : -20.603367
[setup in-reg] rst_ni -> _59814_/D : -20.602741
[setup in-reg] rst_ni -> _59824_/D : -20.601357
[setup in-reg] rst_ni -> _59821_/D : -20.601143
[setup in-reg] rst_ni -> _59504_/D : -20.601114
[setup in-reg] rst_ni -> _59826_/D : -20.599133
[setup reg-reg] _60568_/Q -> _60878_/D : -20.598770
[setup in-reg] rst_ni -> _59825_/D : -20.598598
[setup in-reg] rst_ni -> _59823_/D : -20.598429
[setup in-reg] rst_ni -> _59597_/D : -20.598358
[setup in-reg] rst_ni -> _59656_/D : -20.597816
[setup in-reg] rst_ni -> _59820_/D : -20.597782
[setup in-reg] rst_ni -> _59652_/D : -20.597490
[setup in-reg] rst_ni -> _59822_/D : -20.597370
[setup in-reg] rst_ni -> _59655_/D : -20.597214
[setup in-reg] rst_ni -> _59657_/D : -20.597065
[setup in-reg] rst_ni -> _59827_/D : -20.597057
[setup in-reg] rst_ni -> _59003_/D : -20.596937
[setup in-reg] rst_ni -> _59152_/D : -20.596930
[setup in-reg] rst_ni -> _59658_/D : -20.596880
[setup in-reg] rst_ni -> _59602_/D : -20.596312
[setup in-reg] rst_ni -> _59599_/D : -20.595934
[setup in-reg] rst_ni -> _59601_/D : -20.595814
[setup in-reg] rst_ni -> _59659_/D : -20.595530
[setup in-reg] rst_ni -> _59596_/D : -20.594925
[setup in-reg] rst_ni -> _59598_/D : -20.594690
[setup in-reg] rst_ni -> _59603_/D : -20.594492
[setup in-reg] rst_ni -> _58999_/D : -20.594166
[setup in-reg] rst_ni -> _59560_/D : -20.594059
[setup in-reg] rst_ni -> _59556_/D : -20.593746
[setup in-reg] rst_ni -> _59559_/D : -20.593426
[setup in-reg] rst_ni -> _59561_/D : -20.593241
[setup in-reg] rst_ni -> _59562_/D : -20.593084
[setup in-reg] rst_ni -> _59533_/D : -20.592794
[setup in-reg] rst_ni -> _58996_/D : -20.592709
[setup in-reg] rst_ni -> _58997_/D : -20.592119
[setup in-reg] rst_ni -> _59563_/D : -20.591764
[setup in-reg] rst_ni -> _59000_/D : -20.591473
[setup in-reg] rst_ni -> _59002_/D : -20.591436
[setup in-reg] rst_ni -> _58998_/D : -20.591366
[setup in-reg] rst_ni -> _59538_/D : -20.590740
[setup in-reg] rst_ni -> _59537_/D : -20.590250
[setup in-reg] rst_ni -> _59535_/D : -20.590172
[setup in-reg] rst_ni -> _59001_/D : -20.589575
[setup in-reg] rst_ni -> _59532_/D : -20.589327
[setup in-reg] rst_ni -> _59534_/D : -20.588985
[setup in-reg] rst_ni -> _59539_/D : -20.588715
[setup in-reg] rst_ni -> _59302_/D : -20.588146
[setup in-reg] rst_ni -> _59301_/D : -20.586597
[setup in-reg] rst_ni -> _59725_/D : -20.585909
[setup in-reg] rst_ni -> _58896_/D : -20.585299
[setup in-reg] rst_ni -> _59730_/D : -20.583805
[setup in-reg] rst_ni -> _59729_/D : -20.583521
[setup in-reg] rst_ni -> _59727_/D : -20.583393
[setup in-reg] rst_ni -> _59724_/D : -20.582478
[setup in-reg] rst_ni -> _59629_/D : -20.582228
[setup in-reg] rst_ni -> _59726_/D : -20.582108
[setup in-reg] rst_ni -> _59731_/D : -20.581831
[setup in-reg] rst_ni -> _59634_/D : -20.580210
[setup in-reg] rst_ni -> _59631_/D : -20.579712
[setup in-reg] rst_ni -> _59238_/D : -20.579599
[setup in-reg] rst_ni -> _59633_/D : -20.579613
[setup in-reg] rst_ni -> _59628_/D : -20.578917
[setup in-reg] rst_ni -> _59630_/D : -20.578341
[setup in-reg] rst_ni -> _59635_/D : -20.578262
[setup in-reg] rst_ni -> _59237_/D : -20.578030
[setup in-reg] rst_ni -> _59502_/D : -20.575699
[setup in-reg] rst_ni -> _59506_/D : -20.575676
[setup in-reg] rst_ni -> _59500_/D : -20.575130
[setup in-reg] rst_ni -> _59501_/D : -20.575108
[setup in-reg] rst_ni -> _59507_/D : -20.575024
[setup in-reg] rst_ni -> _59334_/D : -20.574860
[setup in-reg] rst_ni -> _59503_/D : -20.574213
[setup in-reg] rst_ni -> _59505_/D : -20.574200
[setup in-reg] rst_ni -> _59333_/D : -20.573332
[setup in-reg] rst_ni -> _59149_/D : -20.569864
[setup in-reg] rst_ni -> _59154_/D : -20.569494
[setup in-reg] rst_ni -> _59148_/D : -20.568073
[setup in-reg] rst_ni -> _59150_/D : -20.567719
[setup in-reg] rst_ni -> _59151_/D : -20.567463
[setup in-reg] rst_ni -> _59153_/D : -20.567171
[setup in-reg] rst_ni -> _59155_/D : -20.566561
[setup in-reg] rst_ni -> _58893_/D : -20.558247
[setup in-reg] rst_ni -> _59131_/D : -20.558197
[setup in-reg] rst_ni -> _58898_/D : -20.557821
[setup in-reg] rst_ni -> _58892_/D : -20.556932
[setup in-reg] rst_ni -> _58899_/D : -20.556406
[setup in-reg] rst_ni -> _58894_/D : -20.556059
[setup in-reg] rst_ni -> _58897_/D : -20.555626
[setup in-reg] rst_ni -> _58895_/D : -20.555128
[setup in-reg] rst_ni -> _59127_/D : -20.555008
[setup in-reg] rst_ni -> _59300_/D : -20.554375
[setup in-reg] rst_ni -> _59303_/D : -20.554361
[setup in-reg] rst_ni -> _59305_/D : -20.554140
[setup in-reg] rst_ni -> _59304_/D : -20.554077
[setup in-reg] rst_ni -> _58885_/D : -20.553877
[setup in-reg] rst_ni -> _59307_/D : -20.553665
[setup in-reg] rst_ni -> _59124_/D : -20.553551
[setup in-reg] rst_ni -> _59306_/D : -20.553316
[setup in-reg] rst_ni -> _59125_/D : -20.552996
[setup in-reg] rst_ni -> _59173_/D : -20.552526
[setup in-reg] rst_ni -> _59088_/D : -20.552414
[setup in-reg] rst_ni -> _59128_/D : -20.552406
[setup in-reg] rst_ni -> _59126_/D : -20.552237
[setup in-reg] rst_ni -> _59077_/D : -20.552130
[setup in-reg] rst_ni -> _59129_/D : -20.552059
[setup in-reg] rst_ni -> _59130_/D : -20.551746
[setup in-reg] rst_ni -> _59141_/D : -20.548201
[setup in-reg] rst_ni -> _58886_/D : -20.547974
[setup in-reg] rst_ni -> _59236_/D : -20.547533
[setup in-reg] rst_ni -> _59206_/D : -20.547205
[setup in-reg] rst_ni -> _59174_/D : -20.546658
[setup in-reg] rst_ni -> _59239_/D : -20.546410
[setup in-reg] rst_ni -> _59078_/D : -20.546232
[setup in-reg] rst_ni -> _59430_/D : -20.546196
[setup in-reg] rst_ni -> _59205_/D : -20.545649
[setup in-reg] rst_ni -> _59240_/D : -20.545536
[setup in-reg] rst_ni -> _59242_/D : -20.544796
[setup in-reg] rst_ni -> _59429_/D : -20.544689
[setup in-reg] rst_ni -> _59241_/D : -20.543766
[setup in-reg] rst_ni -> _59243_/D : -20.543753
[setup in-reg] rst_ni -> _59142_/D : -20.542332
[setup in-reg] rst_ni -> _59332_/D : -20.541586
[setup in-reg] rst_ni -> _59338_/D : -20.540932
[setup in-reg] rst_ni -> _59335_/D : -20.540903
[setup in-reg] rst_ni -> _59336_/D : -20.540867
[setup in-reg] rst_ni -> _59337_/D : -20.540043
[setup in-reg] rst_ni -> _59339_/D : -20.539923
[setup in-reg] rst_ni -> _59462_/D : -20.539013
[setup in-reg] rst_ni -> _59461_/D : -20.537506
[setup in-reg] rst_ni -> _59366_/D : -20.536547
[setup in-reg] rst_ni -> _59365_/D : -20.535013
[setup in-reg] rst_ni -> _58917_/D : -20.526819
[setup in-reg] rst_ni -> _59085_/D : -20.525442
[setup in-reg] rst_ni -> _59090_/D : -20.525051
[setup in-reg] rst_ni -> _58971_/D : -20.523899
[setup in-reg] rst_ni -> _59084_/D : -20.523552
[setup in-reg] rst_ni -> _59091_/D : -20.522741
[setup in-reg] rst_ni -> _59087_/D : -20.522692
[setup in-reg] rst_ni -> _59086_/D : -20.522642
[setup in-reg] rst_ni -> _59089_/D : -20.521774
[setup in-reg] rst_ni -> _58884_/D : -20.521271
[setup in-reg] rst_ni -> _58918_/D : -20.520945
[setup in-reg] rst_ni -> _58967_/D : -20.520582
[setup in-reg] rst_ni -> _59172_/D : -20.519821
[setup in-reg] rst_ni -> _59076_/D : -20.519417
[setup in-reg] rst_ni -> _58964_/D : -20.519146
[setup in-reg] rst_ni -> _59621_/D : -20.518841
[setup in-reg] rst_ni -> _59622_/D : -20.518755
[setup in-reg] rst_ni -> _58965_/D : -20.518515
[setup in-reg] rst_ni -> _58968_/D : -20.517952
[setup in-reg] rst_ni -> _58966_/D : -20.517853
[setup in-reg] rst_ni -> _58970_/D : -20.517668
[setup in-reg] rst_ni -> _58891_/D : -20.516987
[setup in-reg] rst_ni -> _58888_/D : -20.516695
[setup in-reg] rst_ni -> _58969_/D : -20.516247
[setup in-reg] rst_ni -> _59210_/D : -20.515806
[setup in-reg] rst_ni -> _59179_/D : -20.515699
[setup in-reg] rst_ni -> _59140_/D : -20.515493
[setup in-reg] rst_ni -> _59083_/D : -20.515230
[setup in-reg] rst_ni -> _59176_/D : -20.515053
[setup in-reg] rst_ni -> _59080_/D : -20.514706
[setup in-reg] rst_ni -> _58887_/D : -20.514343
[setup in-reg] rst_ni -> _58890_/D : -20.514349
[setup in-reg] rst_ni -> _59428_/D : -20.514080
[setup in-reg] rst_ni -> _59204_/D : -20.513945
[setup in-reg] rst_ni -> _59207_/D : -20.513895
[setup in-reg] rst_ni -> _59208_/D : -20.513775
[setup in-reg] rst_ni -> _59211_/D : -20.513418
[setup in-reg] rst_ni -> _59209_/D : -20.513157
[setup in-reg] rst_ni -> _59178_/D : -20.512985
[setup in-reg] rst_ni -> _59175_/D : -20.512915
[setup in-reg] rst_ni -> _58889_/D : -20.512787
[setup in-reg] rst_ni -> _59082_/D : -20.512680
[setup in-reg] rst_ni -> _59079_/D : -20.512453
[setup in-reg] rst_ni -> _59432_/D : -20.512247
[setup in-reg] rst_ni -> _59433_/D : -20.511770
[setup in-reg] rst_ni -> _59431_/D : -20.511543
[setup in-reg] rst_ni -> _59177_/D : -20.511478
[setup in-reg] rst_ni -> _59434_/D : -20.511238
[setup in-reg] rst_ni -> _59147_/D : -20.511194
[setup in-reg] rst_ni -> _59081_/D : -20.510954
[setup in-reg] rst_ni -> _59144_/D : -20.510740
[setup in-reg] rst_ni -> _59435_/D : -20.510357
[setup in-reg] rst_ni -> _59146_/D : -20.508759
[setup in-reg] rst_ni -> _59143_/D : -20.508553
[setup in-reg] rst_ni -> _59145_/D : -20.507158
[setup in-reg] rst_ni -> _59460_/D : -20.505943
[setup in-reg] rst_ni -> _59464_/D : -20.504929
[setup in-reg] rst_ni -> _59465_/D : -20.504822
[setup in-reg] rst_ni -> _59466_/D : -20.504807
[setup in-reg] rst_ni -> _59467_/D : -20.504702
[setup in-reg] rst_ni -> _59463_/D : -20.504339
[setup in-reg] rst_ni -> _59364_/D : -20.502832
[setup in-reg] rst_ni -> _59368_/D : -20.502504
[setup in-reg] rst_ni -> _59369_/D : -20.502441
[setup in-reg] rst_ni -> _59367_/D : -20.501453
[setup in-reg] rst_ni -> _59370_/D : -20.501289
[setup in-reg] rst_ni -> _59371_/D : -20.500593
[setup in-reg] rst_ni -> _59494_/D : -20.499628
[setup in-reg] rst_ni -> _59493_/D : -20.498079
[setup in-reg] rst_ni -> _59525_/D : -20.495308
[setup in-reg] rst_ni -> _59526_/D : -20.495214
[setup in-reg] rst_ni -> _58916_/D : -20.494205
[setup in-reg] rst_ni -> _58923_/D : -20.490021
[setup in-reg] rst_ni -> _58920_/D : -20.489666
[setup in-reg] rst_ni -> _59106_/D : -20.489468
[setup in-reg] rst_ni -> _59624_/D : -20.488571
[setup in-reg] rst_ni -> _59107_/D : -20.488485
[setup in-reg] rst_ni -> _59620_/D : -20.488380
[setup in-reg] rst_ni -> _59623_/D : -20.487867
[setup in-reg] rst_ni -> _59625_/D : -20.487812
[setup in-reg] rst_ni -> _59626_/D : -20.487534
[setup in-reg] rst_ni -> _58922_/D : -20.487377
[setup in-reg] rst_ni -> _58919_/D : -20.487228
[setup in-reg] rst_ni -> _59627_/D : -20.486156
[setup in-reg] rst_ni -> _58921_/D : -20.485794
[setup in-reg] rst_ni -> _59589_/D : -20.485651
[setup in-reg] rst_ni -> _59590_/D : -20.485516
[setup in-reg] rst_ni -> _59291_/D : -20.484350
[setup in-reg] rst_ni -> _59344_/D : -20.483732
[setup in-reg] rst_ni -> _59290_/D : -20.478155
[setup in-reg] rst_ni -> _59287_/D : -20.477600
[setup in-reg] rst_ni -> _59288_/D : -20.477558
[setup in-reg] rst_ni -> _59285_/D : -20.477530
[setup in-reg] rst_ni -> _59289_/D : -20.477146
[setup in-reg] rst_ni -> _59284_/D : -20.477011
[setup in-reg] rst_ni -> _59286_/D : -20.477003
[setup in-reg] rst_ni -> _59717_/D : -20.473778
[setup in-reg] rst_ni -> _59718_/D : -20.473663
[setup in-reg] rst_ni -> _59498_/D : -20.466702
[setup in-reg] rst_ni -> _59492_/D : -20.465855
[setup in-reg] rst_ni -> _59496_/D : -20.465635
[setup in-reg] rst_ni -> _59104_/D : -20.465443
[setup in-reg] rst_ni -> _59101_/D : -20.465265
[setup in-reg] rst_ni -> _59499_/D : -20.465195
[setup in-reg] rst_ni -> _59497_/D : -20.465046
[setup in-reg] rst_ni -> _59528_/D : -20.465046
[setup in-reg] rst_ni -> _59495_/D : -20.464973
[setup in-reg] rst_ni -> _59102_/D : -20.464952
[setup in-reg] rst_ni -> _59524_/D : -20.464804
[setup in-reg] rst_ni -> _59527_/D : -20.464428
[setup in-reg] rst_ni -> _59529_/D : -20.464293
[setup in-reg] rst_ni -> _59530_/D : -20.463980
[setup in-reg] rst_ni -> _59103_/D : -20.463297
[setup in-reg] rst_ni -> _59531_/D : -20.462679
[setup in-reg] rst_ni -> _59100_/D : -20.462324
[setup in-reg] rst_ni -> _59105_/D : -20.459490
[setup in-reg] rst_ni -> _59312_/D : -20.459063
[setup in-reg] rst_ni -> _59347_/D : -20.458408
[setup in-reg] rst_ni -> _59342_/D : -20.458374
[setup in-reg] rst_ni -> _59341_/D : -20.458231
[setup in-reg] rst_ni -> _59340_/D : -20.457819
[setup in-reg] rst_ni -> _59345_/D : -20.457777
[setup in-reg] rst_ni -> _59343_/D : -20.457300
[setup in-reg] rst_ni -> _59346_/D : -20.456797
[setup in-reg] rst_ni -> _59440_/D : -20.455709
[setup in-reg] rst_ni -> _59675_/D : -20.455681
[setup in-reg] rst_ni -> _59592_/D : -20.455303
[setup in-reg] rst_ni -> _59588_/D : -20.455204
[setup in-reg] rst_ni -> _59591_/D : -20.454578
[setup in-reg] rst_ni -> _59593_/D : -20.454523
[setup in-reg] rst_ni -> _59594_/D : -20.454182
[setup in-reg] rst_ni -> _59670_/D : -20.454132
[setup in-reg] rst_ni -> _59669_/D : -20.453442
[setup in-reg] rst_ni -> _59595_/D : -20.453030
[setup in-reg] rst_ni -> _59671_/D : -20.452951
[setup in-reg] rst_ni -> _59674_/D : -20.451765
[setup in-reg] rst_ni -> _59248_/D : -20.451601
[setup in-reg] rst_ni -> _59672_/D : -20.451452
[setup reg-reg] _60568_/Q -> _61478_/D : -20.451368
[setup in-reg] rst_ni -> _59668_/D : -20.450941
[setup in-reg] rst_ni -> _59673_/D : -20.450125
[setup in-reg] rst_ni -> _59184_/D : -20.447886
[setup in-reg] rst_ni -> _59720_/D : -20.443508
[setup in-reg] rst_ni -> _59716_/D : -20.443268
[setup in-reg] rst_ni -> _59719_/D : -20.442820
[setup in-reg] rst_ni -> _59721_/D : -20.442705
[setup in-reg] rst_ni -> _59722_/D : -20.442436
[setup in-reg] rst_ni -> _59216_/D : -20.441662
[setup in-reg] rst_ni -> _59723_/D : -20.441143
[setup in-reg] rst_ni -> _59376_/D : -20.440134
[setup in-reg] rst_ni -> _59472_/D : -20.434265
[setup in-reg] rst_ni -> _59308_/D : -20.433952
[setup in-reg] rst_ni -> _59309_/D : -20.432886
[setup in-reg] rst_ni -> _59315_/D : -20.432800
[setup in-reg] rst_ni -> _59313_/D : -20.432581
[setup in-reg] rst_ni -> _59314_/D : -20.432594
[setup in-reg] rst_ni -> _59310_/D : -20.432354
[setup in-reg] rst_ni -> _59311_/D : -20.432154
[setup in-reg] rst_ni -> _59436_/D : -20.431629
[setup in-reg] rst_ni -> _59442_/D : -20.430626
[setup in-reg] rst_ni -> _59438_/D : -20.430349
[setup in-reg] rst_ni -> _59439_/D : -20.429796
[setup in-reg] rst_ni -> _59437_/D : -20.429667
[setup in-reg] rst_ni -> _59443_/D : -20.429468
[setup in-reg] rst_ni -> _59441_/D : -20.428068
[setup in-reg] rst_ni -> _59247_/D : -20.426540
[setup in-reg] rst_ni -> _59250_/D : -20.426292
[setup in-reg] rst_ni -> _59244_/D : -20.426271
[setup in-reg] rst_ni -> _59245_/D : -20.426123
[setup in-reg] rst_ni -> _59249_/D : -20.426050
[setup in-reg] rst_ni -> _59419_/D : -20.425632
[setup in-reg] rst_ni -> _59246_/D : -20.425241
[setup in-reg] rst_ni -> _59251_/D : -20.425106
[setup in-reg] rst_ni -> _59579_/D : -20.424032
[setup in-reg] rst_ni -> _59574_/D : -20.423592
[setup in-reg] rst_ni -> _59573_/D : -20.422989
[setup in-reg] rst_ni -> _59575_/D : -20.422449
[setup in-reg] rst_ni -> _59578_/D : -20.421553
[setup in-reg] rst_ni -> _59576_/D : -20.420963
[setup in-reg] rst_ni -> _59181_/D : -20.420921
[setup in-reg] rst_ni -> _59572_/D : -20.420416
[setup in-reg] rst_ni -> _59186_/D : -20.420330
[setup in-reg] rst_ni -> _59418_/D : -20.420004
[setup in-reg] rst_ni -> _59414_/D : -20.419790
[setup in-reg] rst_ni -> _59417_/D : -20.419678
[setup in-reg] rst_ni -> _59413_/D : -20.419657
[setup in-reg] rst_ni -> _59577_/D : -20.419649
[setup in-reg] rst_ni -> _59416_/D : -20.419464
[setup in-reg] rst_ni -> _59185_/D : -20.419357
[setup in-reg] rst_ni -> _59180_/D : -20.418932
[setup in-reg] rst_ni -> _59415_/D : -20.418781
[setup in-reg] rst_ni -> _59182_/D : -20.418669
[setup in-reg] rst_ni -> _59412_/D : -20.418554
[setup in-reg] rst_ni -> _59187_/D : -20.418278
[setup in-reg] rst_ni -> _59183_/D : -20.418228
[setup in-reg] rst_ni -> _59219_/D : -20.418221
[setup in-reg] rst_ni -> _59215_/D : -20.417204
[setup in-reg] rst_ni -> _59212_/D : -20.417091
[setup in-reg] rst_ni -> _59213_/D : -20.417091
[setup in-reg] rst_ni -> _59214_/D : -20.416998
[setup in-reg] rst_ni -> _59217_/D : -20.416445
[setup in-reg] rst_ni -> _59218_/D : -20.415848
[setup in-reg] rst_ni -> _59372_/D : -20.415470
[setup in-reg] rst_ni -> _59373_/D : -20.414249
[setup in-reg] rst_ni -> _59379_/D : -20.414242
[setup in-reg] rst_ni -> _59374_/D : -20.413908
[setup in-reg] rst_ni -> _59375_/D : -20.413843
[setup in-reg] rst_ni -> _59378_/D : -20.413830
[setup in-reg] rst_ni -> _59377_/D : -20.413652
[setup in-reg] rst_ni -> _59468_/D : -20.409601
[setup in-reg] rst_ni -> _59474_/D : -20.408657
[setup in-reg] rst_ni -> _59470_/D : -20.408352
[setup in-reg] rst_ni -> _59469_/D : -20.408316
[setup in-reg] rst_ni -> _59475_/D : -20.408308
[setup in-reg] rst_ni -> _59471_/D : -20.407862
[setup in-reg] rst_ni -> _59473_/D : -20.407818
[setup in-reg] rst_ni -> _58946_/D : -20.406610
[setup in-reg] rst_ni -> _58947_/D : -20.406433
[setup in-reg] rst_ni -> _58914_/D : -20.402674
[setup in-reg] rst_ni -> _59035_/D : -20.402475
[setup in-reg] rst_ni -> _58915_/D : -20.402035
[setup in-reg] rst_ni -> _59031_/D : -20.399569
[setup in-reg] rst_ni -> _59028_/D : -20.398127
[setup in-reg] rst_ni -> _59029_/D : -20.397537
[setup in-reg] rst_ni -> _59032_/D : -20.397003
[setup in-reg] rst_ni -> _59033_/D : -20.397011
[setup in-reg] rst_ni -> _59030_/D : -20.396791
[setup in-reg] rst_ni -> _59034_/D : -20.396528
[setup in-reg] rst_ni -> _59835_/D : -20.396059
[setup in-reg] rst_ni -> _59010_/D : -20.395384
[setup in-reg] rst_ni -> _59011_/D : -20.394979
[setup in-reg] rst_ni -> _59830_/D : -20.394667
[setup in-reg] rst_ni -> _59829_/D : -20.394020
[setup in-reg] rst_ni -> _59831_/D : -20.393494
[setup in-reg] rst_ni -> _59834_/D : -20.392399
[setup in-reg] rst_ni -> _59832_/D : -20.392044
[setup in-reg] rst_ni -> _59828_/D : -20.391567
[setup in-reg] rst_ni -> _59833_/D : -20.390837
[setup in-reg] rst_ni -> _58873_/D : -20.390532
[setup in-reg] rst_ni -> _58874_/D : -20.385891
[setup in-reg] rst_ni -> _58870_/D : -20.385855
[setup in-reg] rst_ni -> _59043_/D : -20.384754
[setup in-reg] rst_ni -> _59042_/D : -20.383816
[setup in-reg] rst_ni -> _58871_/D : -20.383474
[setup in-reg] rst_ni -> _58872_/D : -20.383120
[setup in-reg] rst_ni -> _58875_/D : -20.383120
[setup in-reg] rst_ni -> _58868_/D : -20.382851
[setup in-reg] rst_ni -> _58869_/D : -20.382366
[setup in-reg] rst_ni -> _58944_/D : -20.380505
[setup in-reg] rst_ni -> _58941_/D : -20.380384
[setup in-reg] rst_ni -> _59067_/D : -20.380377
[setup in-reg] rst_ni -> _58942_/D : -20.380093
[setup in-reg] rst_ni -> _58943_/D : -20.378466
[setup in-reg] rst_ni -> _58940_/D : -20.377634
[setup in-reg] rst_ni -> _59063_/D : -20.377237
[setup in-reg] rst_ni -> _58978_/D : -20.377115
[setup in-reg] rst_ni -> _58979_/D : -20.376925
[setup in-reg] rst_ni -> _59060_/D : -20.375801
[setup in-reg] rst_ni -> _59061_/D : -20.375183
[setup in-reg] rst_ni -> _58912_/D : -20.374792
[setup in-reg] rst_ni -> _58909_/D : -20.374750
[setup in-reg] rst_ni -> _58945_/D : -20.374678
[setup in-reg] rst_ni -> _59064_/D : -20.374615
[setup in-reg] rst_ni -> _59062_/D : -20.374458
[setup in-reg] rst_ni -> _58910_/D : -20.374422
[setup in-reg] rst_ni -> _59065_/D : -20.373590
[setup in-reg] rst_ni -> _58911_/D : -20.372789
[setup in-reg] rst_ni -> _59066_/D : -20.372654
[setup in-reg] rst_ni -> _58908_/D : -20.371752
[setup in-reg] rst_ni -> _58913_/D : -20.369116
[setup in-reg] rst_ni -> _59005_/D : -20.367638
[setup in-reg] rst_ni -> _59008_/D : -20.367580
[setup in-reg] rst_ni -> _59006_/D : -20.367268
[setup in-reg] rst_ni -> _59007_/D : -20.365654
[setup in-reg] rst_ni -> _59004_/D : -20.364653
[setup in-reg] rst_ni -> _59009_/D : -20.361803
[setup in-reg] rst_ni -> _59040_/D : -20.356688
[setup in-reg] rst_ni -> _59037_/D : -20.356630
[setup in-reg] rst_ni -> _59038_/D : -20.356333
[setup in-reg] rst_ni -> _59039_/D : -20.354727
[setup in-reg] rst_ni -> _59036_/D : -20.353697
[setup in-reg] rst_ni -> _59041_/D : -20.350882
[setup in-reg] rst_ni -> _58973_/D : -20.349924
[setup in-reg] rst_ni -> _58976_/D : -20.349937
[setup in-reg] rst_ni -> _58974_/D : -20.349625
[setup in-reg] rst_ni -> _58975_/D : -20.348040
[setup in-reg] rst_ni -> _58972_/D : -20.347080
[setup in-reg] rst_ni -> _58977_/D : -20.344238
[setup in-reg] rst_ni -> _58844_/D : -20.342754
[setup in-reg] rst_ni -> _58851_/D : -20.339073
[setup in-reg] rst_ni -> _58845_/D : -20.338648
[setup in-reg] rst_ni -> _58850_/D : -20.337191
[setup in-reg] rst_ni -> _58847_/D : -20.337170
[setup in-reg] rst_ni -> _58846_/D : -20.332579
[setup in-reg] rst_ni -> _58848_/D : -20.332159
[setup in-reg] rst_ni -> _58849_/D : -20.327080
[setup in-reg] rst_ni -> _59355_/D : -20.302374
[setup in-reg] rst_ni -> _59354_/D : -20.296370
[setup in-reg] rst_ni -> _59352_/D : -20.295389
[setup in-reg] rst_ni -> _59353_/D : -20.295269
[setup in-reg] rst_ni -> _59349_/D : -20.294884
[setup in-reg] rst_ni -> _59351_/D : -20.294800
[setup in-reg] rst_ni -> _59350_/D : -20.293819
[setup in-reg] rst_ni -> _59348_/D : -20.293705
[setup in-reg] rst_ni -> _59323_/D : -20.288618
[setup in-reg] rst_ni -> _59322_/D : -20.283062
[setup in-reg] rst_ni -> _59611_/D : -20.282066
[setup in-reg] rst_ni -> _59319_/D : -20.281548
[setup in-reg] rst_ni -> _59320_/D : -20.280872
[setup in-reg] rst_ni -> _59321_/D : -20.280851
[setup in-reg] rst_ni -> _59318_/D : -20.280596
[setup in-reg] rst_ni -> _59317_/D : -20.280397
[setup in-reg] rst_ni -> _59316_/D : -20.280184
[setup in-reg] rst_ni -> _59259_/D : -20.280006
[setup in-reg] rst_ni -> _59606_/D : -20.278301
[setup in-reg] rst_ni -> _59547_/D : -20.277733
[setup in-reg] rst_ni -> _59605_/D : -20.277498
[setup in-reg] rst_ni -> _59607_/D : -20.277264
[setup in-reg] rst_ni -> _59610_/D : -20.276886
[setup in-reg] rst_ni -> _59608_/D : -20.275579
[setup in-reg] rst_ni -> _59604_/D : -20.275032
[setup in-reg] rst_ni -> _59609_/D : -20.274599
[setup in-reg] rst_ni -> _59258_/D : -20.273788
[setup in-reg] rst_ni -> _59256_/D : -20.273561
[setup in-reg] rst_ni -> _59255_/D : -20.273191
[setup in-reg] rst_ni -> _59253_/D : -20.272978
[setup in-reg] rst_ni -> _59227_/D : -20.272816
[setup in-reg] rst_ni -> _59257_/D : -20.272795
[setup in-reg] rst_ni -> _59252_/D : -20.272552
[setup in-reg] rst_ni -> _59542_/D : -20.272482
[setup in-reg] rst_ni -> _59254_/D : -20.272198
[setup in-reg] rst_ni -> _59541_/D : -20.271997
[setup in-reg] rst_ni -> _59543_/D : -20.271358
[setup in-reg] rst_ni -> _59546_/D : -20.270584
[setup in-reg] rst_ni -> _59643_/D : -20.270519
[setup in-reg] rst_ni -> _59540_/D : -20.270073
[setup in-reg] rst_ni -> _59544_/D : -20.269817
[setup in-reg] rst_ni -> _59545_/D : -20.269461
[setup in-reg] rst_ni -> _59638_/D : -20.269114
[setup in-reg] rst_ni -> _59637_/D : -20.268396
[setup in-reg] rst_ni -> _59639_/D : -20.267855
[setup in-reg] rst_ni -> _59803_/D : -20.267599
[setup in-reg] rst_ni -> _59642_/D : -20.266825
[setup in-reg] rst_ni -> _59640_/D : -20.266371
[setup in-reg] rst_ni -> _59798_/D : -20.265987
[setup in-reg] rst_ni -> _59636_/D : -20.265724
[setup in-reg] rst_ni -> _59797_/D : -20.265326
[setup in-reg] rst_ni -> _59221_/D : -20.265242
[setup in-reg] rst_ni -> _59226_/D : -20.265070
[setup in-reg] rst_ni -> _59641_/D : -20.265078
[setup in-reg] rst_ni -> _59799_/D : -20.264864
[setup in-reg] rst_ni -> _59223_/D : -20.264687
[setup in-reg] rst_ni -> _59220_/D : -20.264225
[setup in-reg] rst_ni -> _59224_/D : -20.264217
[setup in-reg] rst_ni -> _59225_/D : -20.264019
[setup in-reg] rst_ni -> _59451_/D : -20.263792
[setup in-reg] rst_ni -> _59802_/D : -20.263763
[setup in-reg] rst_ni -> _59222_/D : -20.263514
[setup in-reg] rst_ni -> _59800_/D : -20.263351
[setup in-reg] rst_ni -> _59796_/D : -20.262882
[setup in-reg] rst_ni -> _59801_/D : -20.262035
[setup in-reg] rst_ni -> _59845_/D : -20.260679
[setup in-reg] rst_ni -> _59515_/D : -20.260572
[setup in-reg] rst_ni -> _59846_/D : -20.260366
[setup in-reg] rst_ni -> _58907_/D : -20.259741
[setup in-reg] rst_ni -> _59099_/D : -20.259741
[setup in-reg] rst_ni -> _59195_/D : -20.258327
[setup in-reg] rst_ni -> _59075_/D : -20.258200
[setup in-reg] rst_ni -> _58903_/D : -20.257652
[setup in-reg] rst_ni -> _59449_/D : -20.257298
[setup in-reg] rst_ni -> _59447_/D : -20.257092
[setup in-reg] rst_ni -> _59448_/D : -20.256685
[setup in-reg] rst_ni -> _59445_/D : -20.256636
[setup in-reg] rst_ni -> _59450_/D : -20.256628
[setup in-reg] rst_ni -> _58900_/D : -20.256195
[setup in-reg] rst_ni -> _59446_/D : -20.255877
[setup in-reg] rst_ni -> _58901_/D : -20.255564
[setup in-reg] rst_ni -> _59095_/D : -20.255478
[setup in-reg] rst_ni -> _59444_/D : -20.255379
[setup in-reg] rst_ni -> _59074_/D : -20.255335
[setup in-reg] rst_ni -> _58902_/D : -20.254910
[setup in-reg] rst_ni -> _58904_/D : -20.254889
[setup in-reg] rst_ni -> _58906_/D : -20.254583
[setup in-reg] rst_ni -> _59191_/D : -20.254419
[setup in-reg] rst_ni -> _59098_/D : -20.254292
[setup in-reg] rst_ni -> _59514_/D : -20.253986
[setup in-reg] rst_ni -> _58905_/D : -20.253958
[setup in-reg] rst_ni -> _59092_/D : -20.253963
[setup in-reg] rst_ni -> _59508_/D : -20.253929
[setup in-reg] rst_ni -> _59511_/D : -20.253914
[setup in-reg] rst_ni -> _59513_/D : -20.253708
[setup in-reg] rst_ni -> _59512_/D : -20.253653
[setup in-reg] rst_ni -> _59093_/D : -20.253439
[setup in-reg] rst_ni -> _59509_/D : -20.253382
[setup in-reg] rst_ni -> _59510_/D : -20.253139
[setup in-reg] rst_ni -> _59188_/D : -20.252934
[setup in-reg] rst_ni -> _59096_/D : -20.252800
[setup in-reg] rst_ni -> _59094_/D : -20.252649
[setup in-reg] rst_ni -> _59097_/D : -20.252386
[setup in-reg] rst_ni -> _59189_/D : -20.252344
[setup in-reg] rst_ni -> _59848_/D : -20.252203
[setup in-reg] rst_ni -> _59192_/D : -20.251719
[setup in-reg] rst_ni -> _59844_/D : -20.251684
[setup in-reg] rst_ni -> _59194_/D : -20.251656
[setup in-reg] rst_ni -> _59190_/D : -20.251585
[setup in-reg] rst_ni -> _59847_/D : -20.251356
[setup in-reg] rst_ni -> _59771_/D : -20.251223
[setup in-reg] rst_ni -> _59850_/D : -20.250639
[setup in-reg] rst_ni -> _59851_/D : -20.250519
[setup in-reg] rst_ni -> _59193_/D : -20.250355
[setup in-reg] rst_ni -> _59849_/D : -20.250326
[setup in-reg] rst_ni -> _59766_/D : -20.249828
[setup in-reg] rst_ni -> _59765_/D : -20.249069
[setup in-reg] rst_ni -> _59483_/D : -20.248777
[setup in-reg] rst_ni -> _59767_/D : -20.248642
[setup in-reg] rst_ni -> _59387_/D : -20.248095
[setup in-reg] rst_ni -> _59770_/D : -20.247599
[setup in-reg] rst_ni -> _59768_/D : -20.247051
[setup in-reg] rst_ni -> _59764_/D : -20.246738
[setup in-reg] rst_ni -> _59769_/D : -20.245800
[setup in-reg] rst_ni -> _59266_/D : -20.245296
[setup in-reg] rst_ni -> _59267_/D : -20.244692
[setup in-reg] rst_ni -> _59482_/D : -20.243135
[setup in-reg] rst_ni -> _59481_/D : -20.242439
[setup in-reg] rst_ni -> _59479_/D : -20.242077
[setup in-reg] rst_ni -> _59477_/D : -20.242006
[setup in-reg] rst_ni -> _59386_/D : -20.241850
[setup in-reg] rst_ni -> _59480_/D : -20.241772
[setup in-reg] rst_ni -> _59478_/D : -20.241545
[setup in-reg] rst_ni -> _59476_/D : -20.241188
[setup in-reg] rst_ni -> _59385_/D : -20.241138
[setup in-reg] rst_ni -> _59384_/D : -20.240614
[setup in-reg] rst_ni -> _59381_/D : -20.240564
[setup in-reg] rst_ni -> _59383_/D : -20.240351
[setup in-reg] rst_ni -> _59380_/D : -20.240286
[setup in-reg] rst_ni -> _59382_/D : -20.240116
[setup in-reg] rst_ni -> _59072_/D : -20.225586
[setup in-reg] rst_ni -> _59069_/D : -20.225487
[setup in-reg] rst_ni -> _59070_/D : -20.225208
[setup in-reg] rst_ni -> _59071_/D : -20.223482
[setup in-reg] rst_ni -> _59739_/D : -20.223454
[setup in-reg] rst_ni -> _59068_/D : -20.222431
[setup in-reg] rst_ni -> _59734_/D : -20.222147
[setup in-reg] rst_ni -> _59733_/D : -20.221521
[setup in-reg] rst_ni -> _59735_/D : -20.220917
[setup in-reg] rst_ni -> _59738_/D : -20.219858
[setup in-reg] rst_ni -> _59073_/D : -20.219660
[setup in-reg] rst_ni -> _59736_/D : -20.219503
[setup in-reg] rst_ni -> _59732_/D : -20.218943
[setup in-reg] rst_ni -> _59737_/D : -20.218182
[setup in-reg] rst_ni -> _58939_/D : -20.218067
[setup in-reg] rst_ni -> _59139_/D : -20.215702
[setup in-reg] rst_ni -> _59163_/D : -20.213882
[setup in-reg] rst_ni -> _58935_/D : -20.213619
[setup in-reg] rst_ni -> _59707_/D : -20.213478
[setup in-reg] rst_ni -> _59138_/D : -20.212795
[setup in-reg] rst_ni -> _58932_/D : -20.212263
[setup in-reg] rst_ni -> _59263_/D : -20.212091
[setup in-reg] rst_ni -> _59261_/D : -20.211580
[setup in-reg] rst_ni -> _58933_/D : -20.211481
[setup in-reg] rst_ni -> _59702_/D : -20.211445
[setup in-reg] rst_ni -> _58936_/D : -20.210955
[setup in-reg] rst_ni -> _58934_/D : -20.210920
[setup in-reg] rst_ni -> _59701_/D : -20.210749
[setup in-reg] rst_ni -> _58883_/D : -20.210344
[setup in-reg] rst_ni -> _59703_/D : -20.210266
[setup in-reg] rst_ni -> _59159_/D : -20.209990
[setup in-reg] rst_ni -> _59264_/D : -20.209974
[setup in-reg] rst_ni -> _59265_/D : -20.209812
[setup in-reg] rst_ni -> _58938_/D : -20.209784
[setup in-reg] rst_ni -> _59262_/D : -20.209789
[setup in-reg] rst_ni -> _58937_/D : -20.209562
[setup in-reg] rst_ni -> _59260_/D : -20.209570
[setup in-reg] rst_ni -> _59706_/D : -20.209236
[setup in-reg] rst_ni -> _59704_/D : -20.208710
[setup in-reg] rst_ni -> _59156_/D : -20.208561
[setup in-reg] rst_ni -> _59700_/D : -20.208261
[setup in-reg] rst_ni -> _59157_/D : -20.207886
[setup in-reg] rst_ni -> _58882_/D : -20.207432
[setup in-reg] rst_ni -> _59705_/D : -20.207445
[setup in-reg] rst_ni -> _59160_/D : -20.207232
[setup in-reg] rst_ni -> _59158_/D : -20.207125
[setup in-reg] rst_ni -> _59162_/D : -20.207125
[setup in-reg] rst_ni -> _59161_/D : -20.206366
[setup in-reg] rst_ni -> _59394_/D : -20.195786
[setup in-reg] rst_ni -> _59395_/D : -20.194172
[setup in-reg] rst_ni -> _59136_/D : -20.183109
[setup in-reg] rst_ni -> _59133_/D : -20.183067
[setup in-reg] rst_ni -> _59134_/D : -20.182590
[setup in-reg] rst_ni -> _59135_/D : -20.180914
[setup in-reg] rst_ni -> _59132_/D : -20.180090
[setup in-reg] rst_ni -> _58877_/D : -20.177645
[setup in-reg] rst_ni -> _58880_/D : -20.177595
[setup in-reg] rst_ni -> _58878_/D : -20.177340
[setup in-reg] rst_ni -> _59137_/D : -20.177191
[setup in-reg] rst_ni -> _58879_/D : -20.175648
[setup in-reg] rst_ni -> _58876_/D : -20.174675
[setup in-reg] rst_ni -> _58881_/D : -20.171919
[setup in-reg] rst_ni -> _59391_/D : -20.161495
[setup in-reg] rst_ni -> _59389_/D : -20.161068
[setup in-reg] rst_ni -> _59392_/D : -20.159555
[setup in-reg] rst_ni -> _59390_/D : -20.159376
[setup in-reg] rst_ni -> _59388_/D : -20.159065
[setup in-reg] rst_ni -> _59393_/D : -20.159008
[setup reg-reg] _60568_/Q -> _61837_/D : -20.148960
[setup in-reg] rst_ni -> _59856_/D : -20.128248
[setup in-reg] rst_ni -> _59859_/D : -20.120007
[setup in-reg] rst_ni -> _59853_/D : -20.119864
[setup in-reg] rst_ni -> _59854_/D : -20.119728
[setup in-reg] rst_ni -> _59852_/D : -20.119303
[setup in-reg] rst_ni -> _59858_/D : -20.118748
[setup in-reg] rst_ni -> _59855_/D : -20.118031
[setup in-reg] rst_ni -> _59857_/D : -20.117058
[setup in-reg] rst_ni -> _59650_/D : -20.055304
[setup in-reg] rst_ni -> _59651_/D : -20.054237
[setup in-reg] rst_ni -> _59171_/D : -20.051901
[setup in-reg] rst_ni -> _59170_/D : -20.048994
[setup in-reg] rst_ni -> _59490_/D : -20.044895
[setup in-reg] rst_ni -> _59491_/D : -20.043266
[setup in-reg] rst_ni -> _59554_/D : -20.040056
[setup in-reg] rst_ni -> _59555_/D : -20.038998
[setup in-reg] rst_ni -> _59682_/D : -20.036041
[setup in-reg] rst_ni -> _59746_/D : -20.035770
[setup in-reg] rst_ni -> _59714_/D : -20.035692
[setup in-reg] rst_ni -> _59683_/D : -20.034962
[setup in-reg] rst_ni -> _59747_/D : -20.034655
[setup in-reg] rst_ni -> _59715_/D : -20.034620
[setup in-reg] rst_ni -> _59778_/D : -20.033583
[setup in-reg] rst_ni -> _59779_/D : -20.032495
[setup in-reg] rst_ni -> _59202_/D : -20.025404
[setup in-reg] rst_ni -> _59203_/D : -20.023790
[setup in-reg] rst_ni -> _59522_/D : -20.023344
[setup in-reg] rst_ni -> _59234_/D : -20.022903
[setup in-reg] rst_ni -> _59644_/D : -20.022875
[setup in-reg] rst_ni -> _59523_/D : -20.022257
[setup in-reg] rst_ni -> _59646_/D : -20.021866
[setup in-reg] rst_ni -> _59586_/D : -20.021746
[setup in-reg] rst_ni -> _59649_/D : -20.021454
[setup in-reg] rst_ni -> _59647_/D : -20.021404
[setup in-reg] rst_ni -> _59235_/D : -20.021290
[setup in-reg] rst_ni -> _59645_/D : -20.021133
[setup in-reg] rst_ni -> _59587_/D : -20.020643
[setup in-reg] rst_ni -> _59648_/D : -20.020580
[setup in-reg] rst_ni -> _59618_/D : -20.019358
[setup in-reg] rst_ni -> _59165_/D : -20.019258
[setup in-reg] rst_ni -> _59168_/D : -20.019264
[setup in-reg] rst_ni -> _59166_/D : -20.018761
[setup in-reg] rst_ni -> _59619_/D : -20.018291
[setup in-reg] rst_ni -> _59167_/D : -20.017090
[setup in-reg] rst_ni -> _59164_/D : -20.016315
[setup in-reg] rst_ni -> _59330_/D : -20.016031
[setup in-reg] rst_ni -> _59331_/D : -20.014420
[setup in-reg] rst_ni -> _59169_/D : -20.013254
[setup in-reg] rst_ni -> _59487_/D : -20.010759
[setup in-reg] rst_ni -> _59485_/D : -20.010397
[setup in-reg] rst_ni -> _59488_/D : -20.008606
[setup in-reg] rst_ni -> _59486_/D : -20.008507
[setup in-reg] rst_ni -> _59426_/D : -20.008387
[setup in-reg] rst_ni -> _59489_/D : -20.008167
[setup in-reg] rst_ni -> _59548_/D : -20.007698
[setup in-reg] rst_ni -> _59484_/D : -20.007669
[setup in-reg] rst_ni -> _59427_/D : -20.006767
[setup in-reg] rst_ni -> _59550_/D : -20.006639
[setup in-reg] rst_ni -> _59551_/D : -20.006212
[setup in-reg] rst_ni -> _59553_/D : -20.006105
[setup in-reg] rst_ni -> _59549_/D : -20.005878
[setup in-reg] rst_ni -> _59298_/D : -20.004749
[setup in-reg] rst_ni -> _59552_/D : -20.004684
[setup in-reg] rst_ni -> _59676_/D : -20.003540
[setup in-reg] rst_ni -> _59740_/D : -20.003263
[setup in-reg] rst_ni -> _59708_/D : -20.003149
[setup in-reg] rst_ni -> _59299_/D : -20.003128
[setup in-reg] rst_ni -> _59678_/D : -20.002617
[setup in-reg] rst_ni -> _59709_/D : -20.002375
[setup in-reg] rst_ni -> _59742_/D : -20.002375
[setup in-reg] rst_ni -> _59710_/D : -20.002197
[setup in-reg] rst_ni -> _59679_/D : -20.002119
[setup in-reg] rst_ni -> _59681_/D : -20.002062
[setup in-reg] rst_ni -> _59745_/D : -20.001863
[setup in-reg] rst_ni -> _59713_/D : -20.001757
[setup in-reg] rst_ni -> _59743_/D : -20.001757
[setup in-reg] rst_ni -> _59677_/D : -20.001722
[setup in-reg] rst_ni -> _59711_/D : -20.001701
[setup in-reg] rst_ni -> _59741_/D : -20.001650
[setup in-reg] rst_ni -> _59772_/D : -20.001131
[setup in-reg] rst_ni -> _59712_/D : -20.000862
[setup in-reg] rst_ni -> _59680_/D : -20.000727
[setup in-reg] rst_ni -> _59362_/D : -20.000549
[setup in-reg] rst_ni -> _59774_/D : -20.000130
[setup in-reg] rst_ni -> _59458_/D : -19.999775
[setup in-reg] rst_ni -> _59744_/D : -19.999689
[setup in-reg] rst_ni -> _59775_/D : -19.999660
[setup in-reg] rst_ni -> _59777_/D : -19.999676
[setup in-reg] rst_ni -> _59773_/D : -19.999504
[setup in-reg] rst_ni -> _59363_/D : -19.998936
[setup in-reg] rst_ni -> _59459_/D : -19.998148
[setup reg-reg] _60568_/Q -> _61841_/D : -19.997530
[setup in-reg] rst_ni -> _59776_/D : -19.997459
[setup in-reg] rst_ni -> _59199_/D : -19.991014
[setup in-reg] rst_ni -> _59516_/D : -19.990965
[setup in-reg] rst_ni -> _59197_/D : -19.990707
[setup in-reg] rst_ni -> _59518_/D : -19.989706
[setup in-reg] rst_ni -> _59580_/D : -19.989372
[setup in-reg] rst_ni -> _59517_/D : -19.989344
[setup in-reg] rst_ni -> _59519_/D : -19.989323
[setup in-reg] rst_ni -> _59200_/D : -19.989294
[setup in-reg] rst_ni -> _59521_/D : -19.989260
[setup in-reg] rst_ni -> _59198_/D : -19.988989
[setup in-reg] rst_ni -> _59231_/D : -19.988676
[setup in-reg] rst_ni -> _59201_/D : -19.988655
[setup in-reg] rst_ni -> _59196_/D : -19.988520
[setup in-reg] rst_ni -> _59582_/D : -19.988300
[setup in-reg] rst_ni -> _59229_/D : -19.988087
[setup in-reg] rst_ni -> _59585_/D : -19.987831
[setup in-reg] rst_ni -> _59583_/D : -19.987782
[setup in-reg] rst_ni -> _59520_/D : -19.987753
[setup in-reg] rst_ni -> _59581_/D : -19.987631
[setup in-reg] rst_ni -> _59612_/D : -19.986992
[setup in-reg] rst_ni -> _59232_/D : -19.986687
[setup in-reg] rst_ni -> _59230_/D : -19.986416
[setup in-reg] rst_ni -> _59233_/D : -19.986189
[setup in-reg] rst_ni -> _59614_/D : -19.985855
[setup in-reg] rst_ni -> _59584_/D : -19.985657
[setup in-reg] rst_ni -> _59228_/D : -19.985628
[setup in-reg] rst_ni -> _59617_/D : -19.985386
[setup in-reg] rst_ni -> _59615_/D : -19.985315
[setup in-reg] rst_ni -> _59613_/D : -19.985172
[setup in-reg] rst_ni -> _59616_/D : -19.983568
[setup in-reg] rst_ni -> _59327_/D : -19.981762
[setup in-reg] rst_ni -> _59325_/D : -19.981287
[setup in-reg] rst_ni -> _59328_/D : -19.979694
[setup in-reg] rst_ni -> _59326_/D : -19.979517
[setup in-reg] rst_ni -> _59329_/D : -19.979248
[setup in-reg] rst_ni -> _59324_/D : -19.978836
[setup in-reg] rst_ni -> _59423_/D : -19.974146
[setup in-reg] rst_ni -> _59421_/D : -19.973740
[setup in-reg] rst_ni -> _59424_/D : -19.972149
[setup in-reg] rst_ni -> _59422_/D : -19.971907
[setup in-reg] rst_ni -> _59425_/D : -19.971588
[setup in-reg] rst_ni -> _59420_/D : -19.971140
[setup in-reg] rst_ni -> _59295_/D : -19.970522
[setup in-reg] rst_ni -> _59293_/D : -19.970016
[setup in-reg] rst_ni -> _59296_/D : -19.968496
[setup in-reg] rst_ni -> _59294_/D : -19.968290
[setup in-reg] rst_ni -> _59292_/D : -19.968014
[setup in-reg] rst_ni -> _59297_/D : -19.967978
[setup in-reg] rst_ni -> _59359_/D : -19.966330
[setup in-reg] rst_ni -> _59862_/D : -19.966003
[setup in-reg] rst_ni -> _59357_/D : -19.965931
[setup in-reg] rst_ni -> _59864_/D : -19.965769
[setup in-reg] rst_ni -> _59455_/D : -19.965584
[setup in-reg] rst_ni -> _59866_/D : -19.965448
[setup in-reg] rst_ni -> _59861_/D : -19.965300
[setup in-reg] rst_ni -> _59453_/D : -19.965164
[setup in-reg] rst_ni -> _59865_/D : -19.964504
[setup in-reg] rst_ni -> _59360_/D : -19.964312
[setup in-reg] rst_ni -> _59358_/D : -19.964127
[setup in-reg] rst_ni -> _59361_/D : -19.963850
[setup in-reg] rst_ni -> _59863_/D : -19.963835
[setup in-reg] rst_ni -> _59356_/D : -19.963524
[setup in-reg] rst_ni -> _59867_/D : -19.963516
[setup in-reg] rst_ni -> _59456_/D : -19.963438
[setup in-reg] rst_ni -> _59454_/D : -19.963367
[setup in-reg] rst_ni -> _59457_/D : -19.963026
[setup in-reg] rst_ni -> _59860_/D : -19.962698
[setup in-reg] rst_ni -> _59452_/D : -19.962507
[setup in-reg] rst_ni -> _59810_/D : -19.849844
[setup in-reg] rst_ni -> _59811_/D : -19.848948
[setup in-reg] rst_ni -> _59804_/D : -19.843016
[setup in-reg] rst_ni -> _59808_/D : -19.842213
[setup in-reg] rst_ni -> _59806_/D : -19.842012
[setup in-reg] rst_ni -> _59807_/D : -19.841850
[setup in-reg] rst_ni -> _59805_/D : -19.841402
[setup in-reg] rst_ni -> _59809_/D : -19.841394
[setup in-reg] rst_ni -> _59836_/D : -19.511284
[setup in-reg] rst_ni -> _59837_/D : -19.507908
[setup in-reg] rst_ni -> _59840_/D : -19.499432
[setup in-reg] rst_ni -> _59838_/D : -19.498941
[setup in-reg] rst_ni -> _59839_/D : -19.498608
[setup in-reg] rst_ni -> _59841_/D : -19.496370
[setup in-reg] rst_ni -> _59842_/D : -19.486109
[setup in-reg] rst_ni -> _59843_/D : -19.485973
[setup reg-reg] _60568_/Q -> _61541_/D : -19.118921
[setup reg-reg] _60568_/Q -> _61857_/D : -18.964571
[setup reg-reg] _60568_/Q -> _61838_/D : -18.893467
[setup reg-reg] _60568_/Q -> _61846_/D : -18.825518
[setup reg-reg] _60568_/Q -> _61853_/D : -18.788860
[setup reg-reg] _60568_/Q -> _61860_/D : -18.699879
[setup reg-reg] _60568_/Q -> _61852_/D : -18.696121
[setup reg-reg] _60568_/Q -> _61855_/D : -18.378927
[setup reg-reg] _60568_/Q -> _61854_/D : -18.238028
[setup in-reg] rst_ni -> _61287_/D : -16.479733
[setup in-reg] rst_ni -> _61292_/D : -16.474651
[setup in-reg] rst_ni -> _61290_/D : -16.474380
[setup in-reg] rst_ni -> _61288_/D : -16.471916
[setup in-reg] rst_ni -> _61289_/D : -16.465792
[setup in-reg] rst_ni -> _61294_/D : -16.463701
[setup in-reg] rst_ni -> _61291_/D : -16.458544
[setup in-reg] rst_ni -> _61293_/D : -16.449903
[setup in-reg] rst_ni -> _61315_/D : -16.374096
[setup in-reg] rst_ni -> _61316_/D : -16.368488
[setup in-reg] rst_ni -> _61306_/D : -16.347692
[setup in-reg] rst_ni -> _61314_/D : -16.346348
[setup in-reg] rst_ni -> _61301_/D : -16.340017
[setup in-reg] rst_ni -> _61305_/D : -16.337986
[setup in-reg] rst_ni -> _61304_/D : -16.335527
[setup in-reg] rst_ni -> _61313_/D : -16.329515
[setup in-reg] rst_ni -> _61299_/D : -16.328060
[setup in-reg] rst_ni -> _61303_/D : -16.325693
[setup in-reg] rst_ni -> _61300_/D : -16.319654
[setup in-reg] rst_ni -> _61298_/D : -16.316158
[setup in-reg] rst_ni -> _61302_/D : -16.313017
[setup in-reg] rst_ni -> _61297_/D : -16.311119
[setup in-reg] rst_ni -> _61312_/D : -16.299402
[setup in-reg] rst_ni -> _61311_/D : -16.287685
[setup in-reg] rst_ni -> _61295_/D : -16.284105
[setup in-reg] rst_ni -> _61309_/D : -16.275457
[setup in-reg] rst_ni -> _61296_/D : -16.270960
[setup in-reg] rst_ni -> _61308_/D : -16.268238
[setup in-reg] rst_ni -> _61307_/D : -16.249544
[setup in-reg] rst_ni -> _61310_/D : -16.244585
[setup reg-out] _61517_/Q -> uart_tx_o : -15.540263
[setup reg-reg] _60568_/Q -> _61847_/D : -14.967590
[setup reg-reg] _60568_/Q -> _61542_/D : -14.966368
[setup reg-reg] _60568_/Q -> _61850_/D : -14.922307
[setup reg-reg] _60568_/Q -> _61848_/D : -14.921042
[setup reg-reg] _60568_/Q -> _61849_/D : -14.917789
[setup reg-reg] _60568_/Q -> _61842_/D : -14.911883
[setup reg-reg] _60568_/Q -> _61840_/D : -14.900501
[setup reg-reg] _60568_/Q -> _61845_/D : -14.893509
[setup reg-reg] _60568_/Q -> _61843_/D : -14.889821
[setup reg-reg] _60568_/Q -> _61876_/D : -14.788185
[setup reg-reg] _60568_/Q -> _61858_/D : -14.775865
[setup reg-reg] _60568_/Q -> _61851_/D : -14.732123
[setup reg-reg] _60568_/Q -> _61859_/D : -14.727803
[setup reg-reg] _60568_/Q -> _61863_/D : -14.722169
[setup reg-reg] _60568_/Q -> _61856_/D : -14.721984
[setup reg-reg] _60568_/Q -> _61875_/D : -14.717167
[setup reg-reg] _60568_/Q -> _61861_/D : -14.712151
[setup reg-reg] _60568_/Q -> _61872_/D : -14.708164
[setup reg-reg] _60568_/Q -> _61867_/D : -14.702878
[setup in-reg] rst_ni -> _61318_/D : -13.372166
[setup in-reg] rst_ni -> _61317_/D : -13.365075
[setup reg-reg] _60568_/Q -> _60832_/D : -5.480103
[setup reg-reg] _60568_/Q -> _60829_/D : -4.728882
[setup reg-out] _61323_/Q -> spi_flash_sd_io[3] : -4.332890
[setup reg-out] _61322_/Q -> spi_flash_sd_io[2] : -4.313712
[setup reg-out] _61321_/Q -> spi_flash_sd_io[1] : -4.307577
[setup reg-reg] _60568_/Q -> _60831_/D : -4.301740
[setup reg-out] _61320_/Q -> spi_flash_sd_io[0] : -4.291224
[setup reg-reg] _60568_/Q -> _60648_/D : -4.199286
[setup reg-reg] _60568_/Q -> _60830_/D : -4.082047
[setup reg-reg] _60568_/Q -> _60828_/D : -2.953769
[setup reg-reg] _60167_/Q -> _60899_/RN : -0.697717
[setup reg-reg] _60167_/Q -> _60900_/RN : -0.697717
[setup reg-reg] _60167_/Q -> _60905_/RN : -0.697717
[setup reg-reg] _60167_/Q -> _61081_/RN : -0.697717
[setup reg-reg] _60167_/Q -> _61086_/RN : -0.697717
[setup reg-reg] _60167_/Q -> _61087_/RN : -0.697717
[setup reg-reg] _60167_/Q -> _61522_/RN : -0.697717
[setup reg-reg] _60167_/Q -> _61523_/RN : -0.697717
[setup reg-reg] _60167_/Q -> _60904_/RN : -0.697714
[setup reg-reg] _60167_/Q -> _60914_/RN : -0.697714
[setup reg-reg] _60167_/Q -> _60919_/RN : -0.697714
[setup reg-reg] _60167_/Q -> _60920_/RN : -0.697714
[setup reg-reg] _60167_/Q -> _60921_/RN : -0.697714
[setup reg-reg] _60167_/Q -> _60922_/RN : -0.697714
[setup reg-reg] _60167_/Q -> _60924_/RN : -0.697714
[setup reg-reg] _60167_/Q -> _60927_/RN : -0.697714
[setup reg-reg] _60167_/Q -> _60929_/RN : -0.697714
[setup reg-reg] _60167_/Q -> _60930_/RN : -0.697714
[setup reg-reg] _60167_/Q -> _60992_/RN : -0.697714
[setup reg-reg] _60167_/Q -> _60994_/RN : -0.697714
[setup reg-reg] _60167_/Q -> _60995_/RN : -0.697714
[setup reg-reg] _60167_/Q -> _61042_/RN : -0.697714
[setup reg-reg] _60167_/Q -> _61043_/RN : -0.697714
[setup reg-reg] _60167_/Q -> _61076_/RN : -0.697714
[setup reg-reg] _60167_/Q -> _61088_/RN : -0.697714
[setup reg-reg] _60167_/Q -> _61513_/RN : -0.697714
[setup reg-reg] _60167_/Q -> _61515_/RN : -0.697714
[setup reg-reg] _60167_/Q -> _60913_/RN : -0.697710
[setup reg-reg] _60167_/Q -> _60915_/RN : -0.697710
[setup reg-reg] _60167_/Q -> _60916_/RN : -0.697710
[setup reg-reg] _60167_/Q -> _60917_/RN : -0.697710
[setup reg-reg] _60167_/Q -> _60918_/RN : -0.697710
[setup reg-reg] _60167_/Q -> _60934_/RN : -0.697710
[setup reg-reg] _60167_/Q -> _60936_/RN : -0.697710
[setup reg-reg] _60167_/Q -> _60988_/RN : -0.697710
[setup reg-reg] _60167_/Q -> _60989_/RN : -0.697710
[setup reg-reg] _60167_/Q -> _60990_/RN : -0.697710
[setup reg-reg] _60167_/Q -> _60991_/RN : -0.697710
[setup reg-reg] _60167_/Q -> _60993_/RN : -0.697710
[setup reg-reg] _60167_/Q -> _60998_/RN : -0.697710
[setup reg-reg] _60167_/Q -> _60999_/RN : -0.697710
[setup reg-reg] _60167_/Q -> _61000_/RN : -0.697710
[setup reg-reg] _60167_/Q -> _61044_/RN : -0.697710
[setup reg-reg] _60167_/Q -> _61049_/RN : -0.697710
[setup reg-reg] _60167_/Q -> _61072_/RN : -0.697710
[setup reg-reg] _60167_/Q -> _61073_/RN : -0.697710
[setup reg-reg] _60167_/Q -> _61079_/RN : -0.697710
[setup reg-reg] _60167_/Q -> _61080_/RN : -0.697710
[setup reg-reg] _60167_/Q -> _61082_/RN : -0.697710
[setup reg-reg] _60167_/Q -> _61083_/RN : -0.697710
[setup reg-reg] _60167_/Q -> _61084_/RN : -0.697710
[setup reg-reg] _60167_/Q -> _61085_/RN : -0.697710
[setup reg-reg] _60167_/Q -> _61089_/RN : -0.697710
[setup reg-reg] _60167_/Q -> _61090_/RN : -0.697710
[setup reg-reg] _60167_/Q -> _61091_/RN : -0.697710
[setup reg-reg] _60167_/Q -> _61092_/RN : -0.697710
[setup reg-reg] _60167_/Q -> _61480_/RN : -0.697710
[setup reg-reg] _60167_/Q -> _61483_/RN : -0.697710
[setup reg-reg] _60167_/Q -> _61485_/RN : -0.697710
[setup reg-reg] _60167_/Q -> _61516_/RN : -0.697710
[setup reg-reg] _60167_/Q -> _61883_/RN : -0.697710
[setup reg-reg] _60167_/Q -> _60901_/RN : -0.697707
[setup reg-reg] _60167_/Q -> _60931_/RN : -0.697707
[setup reg-reg] _60167_/Q -> _60932_/RN : -0.697707
[setup reg-reg] _60167_/Q -> _60933_/RN : -0.697707
[setup reg-reg] _60167_/Q -> _60937_/RN : -0.697707
[setup reg-reg] _60167_/Q -> _60939_/RN : -0.697707
[setup reg-reg] _60167_/Q -> _60945_/RN : -0.697707
[setup reg-reg] _60167_/Q -> _60946_/RN : -0.697707
[setup reg-reg] _60167_/Q -> _60951_/RN : -0.697707
[setup reg-reg] _60167_/Q -> _60955_/RN : -0.697707
[setup reg-reg] _60167_/Q -> _60962_/RN : -0.697707
[setup reg-reg] _60167_/Q -> _60996_/RN : -0.697707
[setup reg-reg] _60167_/Q -> _60997_/RN : -0.697707
[setup reg-reg] _60167_/Q -> _61022_/RN : -0.697707
[setup reg-reg] _60167_/Q -> _61023_/RN : -0.697707
[setup reg-reg] _60167_/Q -> _61024_/RN : -0.697707
[setup reg-reg] _60167_/Q -> _61058_/RN : -0.697707
[setup reg-reg] _60167_/Q -> _61059_/RN : -0.697707
[setup reg-reg] _60167_/Q -> _61060_/RN : -0.697707
[setup reg-reg] _60167_/Q -> _61062_/RN : -0.697707
[setup reg-reg] _60167_/Q -> _61063_/RN : -0.697707
[setup reg-reg] _60167_/Q -> _61064_/RN : -0.697707
[setup reg-reg] _60167_/Q -> _61065_/RN : -0.697707
[setup reg-reg] _60167_/Q -> _61066_/RN : -0.697707
[setup reg-reg] _60167_/Q -> _61067_/RN : -0.697707
[setup reg-reg] _60167_/Q -> _61068_/RN : -0.697707
[setup reg-reg] _60167_/Q -> _61069_/RN : -0.697707
[setup reg-reg] _60167_/Q -> _61070_/RN : -0.697707
[setup reg-reg] _60167_/Q -> _61071_/RN : -0.697707
[setup reg-reg] _60167_/Q -> _61074_/RN : -0.697707
[setup reg-reg] _60167_/Q -> _61075_/RN : -0.697707
[setup reg-reg] _60167_/Q -> _61077_/RN : -0.697707
[setup reg-reg] _60167_/Q -> _61093_/RN : -0.697707
[setup reg-reg] _60167_/Q -> _61095_/RN : -0.697707
[setup reg-reg] _60167_/Q -> _61481_/RN : -0.697707
[setup reg-reg] _60167_/Q -> _61482_/RN : -0.697707
[setup reg-reg] _60167_/Q -> _61484_/RN : -0.697707
[setup reg-reg] _60167_/Q -> _61486_/RN : -0.697707
[setup reg-reg] _60167_/Q -> _61487_/RN : -0.697707
[setup reg-reg] _60167_/Q -> _61488_/RN : -0.697707
[setup reg-reg] _60167_/Q -> _61489_/RN : -0.697707
[setup reg-reg] _60167_/Q -> _61490_/RN : -0.697707
[setup reg-reg] _60167_/Q -> _61494_/RN : -0.697707
[setup reg-reg] _60167_/Q -> _61495_/RN : -0.697707
[setup reg-reg] _60167_/Q -> _61507_/RN : -0.697707
[setup reg-reg] _60167_/Q -> _61509_/RN : -0.697707
[setup reg-reg] _60167_/Q -> _61510_/RN : -0.697707
[setup reg-reg] _60167_/Q -> _61511_/RN : -0.697707
[setup reg-reg] _60167_/Q -> _61543_/RN : -0.697707
[setup reg-reg] _60167_/Q -> _61878_/RN : -0.697707
[setup reg-reg] _60167_/Q -> _61879_/RN : -0.697707
[setup reg-reg] _60167_/Q -> _61880_/RN : -0.697707
[setup reg-reg] _60167_/Q -> _61881_/RN : -0.697707
[setup reg-reg] _60167_/Q -> _61882_/RN : -0.697707
[setup reg-reg] _60167_/Q -> _61884_/RN : -0.697707
[setup reg-reg] _60167_/Q -> _61885_/RN : -0.697707
[setup reg-reg] _60167_/Q -> _61889_/RN : -0.697707
[setup reg-reg] _60167_/Q -> _61893_/RN : -0.697707
[setup reg-reg] _60167_/Q -> _61897_/RN : -0.697707
[setup reg-reg] _60167_/Q -> _61898_/RN : -0.697707
[setup reg-reg] _60167_/Q -> _60881_/RN : -0.697703
[setup reg-reg] _60167_/Q -> _60897_/RN : -0.697703
[setup reg-reg] _60167_/Q -> _60902_/RN : -0.697703
[setup reg-reg] _60167_/Q -> _60903_/RN : -0.697703
[setup reg-reg] _60167_/Q -> _60909_/RN : -0.697703
[setup reg-reg] _60167_/Q -> _60910_/RN : -0.697703
[setup reg-reg] _60167_/Q -> _60911_/RN : -0.697703
[setup reg-reg] _60167_/Q -> _60912_/RN : -0.697703
[setup reg-reg] _60167_/Q -> _60935_/RN : -0.697703
[setup reg-reg] _60167_/Q -> _60938_/RN : -0.697703
[setup reg-reg] _60167_/Q -> _60940_/RN : -0.697703
[setup reg-reg] _60167_/Q -> _60944_/RN : -0.697703
[setup reg-reg] _60167_/Q -> _60948_/RN : -0.697703
[setup reg-reg] _60167_/Q -> _60953_/RN : -0.697703
[setup reg-reg] _60167_/Q -> _60956_/RN : -0.697703
[setup reg-reg] _60167_/Q -> _60959_/RN : -0.697703
[setup reg-reg] _60167_/Q -> _60960_/RN : -0.697703
[setup reg-reg] _60167_/Q -> _60961_/RN : -0.697703
[setup reg-reg] _60167_/Q -> _60963_/RN : -0.697703
[setup reg-reg] _60167_/Q -> _60964_/RN : -0.697703
[setup reg-reg] _60167_/Q -> _60965_/RN : -0.697703
[setup reg-reg] _60167_/Q -> _60966_/RN : -0.697703
[setup reg-reg] _60167_/Q -> _60967_/RN : -0.697703
[setup reg-reg] _60167_/Q -> _60968_/RN : -0.697703
[setup reg-reg] _60167_/Q -> _60969_/RN : -0.697703
[setup reg-reg] _60167_/Q -> _60970_/RN : -0.697703
[setup reg-reg] _60167_/Q -> _60972_/RN : -0.697703
[setup reg-reg] _60167_/Q -> _60973_/RN : -0.697703
[setup reg-reg] _60167_/Q -> _60974_/RN : -0.697703
[setup reg-reg] _60167_/Q -> _60975_/RN : -0.697703
[setup reg-reg] _60167_/Q -> _61001_/RN : -0.697703
[setup reg-reg] _60167_/Q -> _61018_/RN : -0.697703
[setup reg-reg] _60167_/Q -> _61019_/RN : -0.697703
[setup reg-reg] _60167_/Q -> _61020_/RN : -0.697703
[setup reg-reg] _60167_/Q -> _61021_/RN : -0.697703
[setup reg-reg] _60167_/Q -> _61025_/RN : -0.697703
[setup reg-reg] _60167_/Q -> _61026_/RN : -0.697703
[setup reg-reg] _60167_/Q -> _61027_/RN : -0.697703
[setup reg-reg] _60167_/Q -> _61028_/RN : -0.697703
[setup reg-reg] _60167_/Q -> _61029_/RN : -0.697703
[setup reg-reg] _60167_/Q -> _61030_/RN : -0.697703
[setup reg-reg] _60167_/Q -> _61031_/RN : -0.697703
[setup reg-reg] _60167_/Q -> _61032_/RN : -0.697703
[setup reg-reg] _60167_/Q -> _61033_/RN : -0.697703
[setup reg-reg] _60167_/Q -> _61034_/RN : -0.697703
[setup reg-reg] _60167_/Q -> _61035_/RN : -0.697703
[setup reg-reg] _60167_/Q -> _61036_/RN : -0.697703
[setup reg-reg] _60167_/Q -> _61037_/RN : -0.697703
[setup reg-reg] _60167_/Q -> _61038_/RN : -0.697703
[setup reg-reg] _60167_/Q -> _61039_/RN : -0.697703
[setup reg-reg] _60167_/Q -> _61041_/RN : -0.697703
[setup reg-reg] _60167_/Q -> _61045_/RN : -0.697703
[setup reg-reg] _60167_/Q -> _61046_/RN : -0.697703
[setup reg-reg] _60167_/Q -> _61047_/RN : -0.697703
[setup reg-reg] _60167_/Q -> _61048_/RN : -0.697703
[setup reg-reg] _60167_/Q -> _61050_/RN : -0.697703
[setup reg-reg] _60167_/Q -> _61051_/RN : -0.697703
[setup reg-reg] _60167_/Q -> _61052_/RN : -0.697703
[setup reg-reg] _60167_/Q -> _61053_/RN : -0.697703
[setup reg-reg] _60167_/Q -> _61054_/RN : -0.697703
[setup reg-reg] _60167_/Q -> _61055_/RN : -0.697703
[setup reg-reg] _60167_/Q -> _61056_/RN : -0.697703
[setup reg-reg] _60167_/Q -> _61057_/RN : -0.697703
[setup reg-reg] _60167_/Q -> _61061_/RN : -0.697703
[setup reg-reg] _60167_/Q -> _61094_/RN : -0.697703
[setup reg-reg] _60167_/Q -> _61096_/RN : -0.697703
[setup reg-reg] _60167_/Q -> _61191_/RN : -0.697703
[setup reg-reg] _60167_/Q -> _61192_/RN : -0.697703
[setup reg-reg] _60167_/Q -> _61193_/RN : -0.697703
[setup reg-reg] _60167_/Q -> _61477_/RN : -0.697703
[setup reg-reg] _60167_/Q -> _61493_/RN : -0.697703
[setup reg-reg] _60167_/Q -> _61497_/RN : -0.697703
[setup reg-reg] _60167_/Q -> _61500_/RN : -0.697703
[setup reg-reg] _60167_/Q -> _61504_/RN : -0.697703
[setup reg-reg] _60167_/Q -> _61505_/RN : -0.697703
[setup reg-reg] _60167_/Q -> _61514_/RN : -0.697703
[setup reg-reg] _60167_/Q -> _61877_/RN : -0.697703
[setup reg-reg] _60167_/Q -> _61899_/RN : -0.697703
[setup reg-reg] _60167_/Q -> _61906_/RN : -0.697703
[setup reg-reg] _60167_/Q -> _60836_/RN : -0.697700
[setup reg-reg] _60167_/Q -> _60838_/RN : -0.697700
[setup reg-reg] _60167_/Q -> _60839_/RN : -0.697700
[setup reg-reg] _60167_/Q -> _60840_/RN : -0.697700
[setup reg-reg] _60167_/Q -> _60844_/RN : -0.697700
[setup reg-reg] _60167_/Q -> _60849_/RN : -0.697700
[setup reg-reg] _60167_/Q -> _60864_/RN : -0.697700
[setup reg-reg] _60167_/Q -> _60865_/RN : -0.697700
[setup reg-reg] _60167_/Q -> _60867_/RN : -0.697700
[setup reg-reg] _60167_/Q -> _60868_/RN : -0.697700
[setup reg-reg] _60167_/Q -> _60871_/RN : -0.697700
[setup reg-reg] _60167_/Q -> _60872_/RN : -0.697700
[setup reg-reg] _60167_/Q -> _60882_/RN : -0.697700
[setup reg-reg] _60167_/Q -> _60883_/RN : -0.697700
[setup reg-reg] _60167_/Q -> _60884_/RN : -0.697700
[setup reg-reg] _60167_/Q -> _60885_/RN : -0.697700
[setup reg-reg] _60167_/Q -> _60886_/RN : -0.697700
[setup reg-reg] _60167_/Q -> _60887_/RN : -0.697700
[setup reg-reg] _60167_/Q -> _60896_/RN : -0.697700
[setup reg-reg] _60167_/Q -> _60941_/RN : -0.697700
[setup reg-reg] _60167_/Q -> _60942_/RN : -0.697700
[setup reg-reg] _60167_/Q -> _60943_/RN : -0.697700
[setup reg-reg] _60167_/Q -> _60947_/RN : -0.697700
[setup reg-reg] _60167_/Q -> _60949_/RN : -0.697700
[setup reg-reg] _60167_/Q -> _60950_/RN : -0.697700
[setup reg-reg] _60167_/Q -> _60952_/RN : -0.697700
[setup reg-reg] _60167_/Q -> _60954_/RN : -0.697700
[setup reg-reg] _60167_/Q -> _60957_/RN : -0.697700
[setup reg-reg] _60167_/Q -> _60958_/RN : -0.697700
[setup reg-reg] _60167_/Q -> _60971_/RN : -0.697700
[setup reg-reg] _60167_/Q -> _60976_/RN : -0.697700
[setup reg-reg] _60167_/Q -> _60977_/RN : -0.697700
[setup reg-reg] _60167_/Q -> _60978_/RN : -0.697700
[setup reg-reg] _60167_/Q -> _60979_/RN : -0.697700
[setup reg-reg] _60167_/Q -> _60980_/RN : -0.697700
[setup reg-reg] _60167_/Q -> _60981_/RN : -0.697700
[setup reg-reg] _60167_/Q -> _60982_/RN : -0.697700
[setup reg-reg] _60167_/Q -> _60983_/RN : -0.697700
[setup reg-reg] _60167_/Q -> _60984_/RN : -0.697700
[setup reg-reg] _60167_/Q -> _60985_/RN : -0.697700
[setup reg-reg] _60167_/Q -> _60986_/RN : -0.697700
[setup reg-reg] _60167_/Q -> _60987_/RN : -0.697700
[setup reg-reg] _60167_/Q -> _61003_/RN : -0.697700
[setup reg-reg] _60167_/Q -> _61004_/RN : -0.697700
[setup reg-reg] _60167_/Q -> _61006_/RN : -0.697700
[setup reg-reg] _60167_/Q -> _61015_/RN : -0.697700
[setup reg-reg] _60167_/Q -> _61017_/RN : -0.697700
[setup reg-reg] _60167_/Q -> _61040_/RN : -0.697700
[setup reg-reg] _60167_/Q -> _61479_/RN : -0.697700
[setup reg-reg] _60167_/Q -> _61491_/RN : -0.697700
[setup reg-reg] _60167_/Q -> _61492_/RN : -0.697700
[setup reg-reg] _60167_/Q -> _61496_/RN : -0.697700
[setup reg-reg] _60167_/Q -> _61498_/RN : -0.697700
[setup reg-reg] _60167_/Q -> _61499_/RN : -0.697700
[setup reg-reg] _60167_/Q -> _61501_/RN : -0.697700
[setup reg-reg] _60167_/Q -> _61502_/RN : -0.697700
[setup reg-reg] _60167_/Q -> _61503_/RN : -0.697700
[setup reg-reg] _60167_/Q -> _61506_/RN : -0.697700
[setup reg-reg] _60167_/Q -> _61508_/RN : -0.697700
[setup reg-reg] _60167_/Q -> _61512_/RN : -0.697700
[setup reg-reg] _60167_/Q -> _61886_/RN : -0.697700
[setup reg-reg] _60167_/Q -> _61887_/RN : -0.697700
[setup reg-reg] _60167_/Q -> _61888_/RN : -0.697700
[setup reg-reg] _60167_/Q -> _61890_/RN : -0.697700
[setup reg-reg] _60167_/Q -> _61891_/RN : -0.697700
[setup reg-reg] _60167_/Q -> _61892_/RN : -0.697700
[setup reg-reg] _60167_/Q -> _61894_/RN : -0.697700
[setup reg-reg] _60167_/Q -> _61895_/RN : -0.697700
[setup reg-reg] _60167_/Q -> _61900_/RN : -0.697700
[setup reg-reg] _60167_/Q -> _61901_/RN : -0.697700
[setup reg-reg] _60167_/Q -> _61903_/RN : -0.697700
[setup reg-reg] _60167_/Q -> _61904_/RN : -0.697700
[setup reg-reg] _60167_/Q -> _61905_/RN : -0.697700
[setup reg-reg] _60167_/Q -> _61907_/RN : -0.697700
[setup reg-reg] _60167_/Q -> _60834_/RN : -0.697696
[setup reg-reg] _60167_/Q -> _60835_/RN : -0.697696
[setup reg-reg] _60167_/Q -> _60837_/RN : -0.697696
[setup reg-reg] _60167_/Q -> _60841_/RN : -0.697696
[setup reg-reg] _60167_/Q -> _60842_/RN : -0.697696
[setup reg-reg] _60167_/Q -> _60845_/RN : -0.697696
[setup reg-reg] _60167_/Q -> _60847_/RN : -0.697696
[setup reg-reg] _60167_/Q -> _60848_/RN : -0.697696
[setup reg-reg] _60167_/Q -> _60850_/RN : -0.697696
[setup reg-reg] _60167_/Q -> _60857_/RN : -0.697696
[setup reg-reg] _60167_/Q -> _60860_/RN : -0.697696
[setup reg-reg] _60167_/Q -> _60862_/RN : -0.697696
[setup reg-reg] _60167_/Q -> _60863_/RN : -0.697696
[setup reg-reg] _60167_/Q -> _60866_/RN : -0.697696
[setup reg-reg] _60167_/Q -> _60869_/RN : -0.697696
[setup reg-reg] _60167_/Q -> _60870_/RN : -0.697696
[setup reg-reg] _60167_/Q -> _60873_/RN : -0.697696
[setup reg-reg] _60167_/Q -> _60879_/RN : -0.697696
[setup reg-reg] _60167_/Q -> _60880_/RN : -0.697696
[setup reg-reg] _60167_/Q -> _60888_/RN : -0.697696
[setup reg-reg] _60167_/Q -> _60889_/RN : -0.697696
[setup reg-reg] _60167_/Q -> _60890_/RN : -0.697696
[setup reg-reg] _60167_/Q -> _60891_/RN : -0.697696
[setup reg-reg] _60167_/Q -> _60892_/RN : -0.697696
[setup reg-reg] _60167_/Q -> _60893_/RN : -0.697696
[setup reg-reg] _60167_/Q -> _60894_/RN : -0.697696
[setup reg-reg] _60167_/Q -> _60895_/RN : -0.697696
[setup reg-reg] _60167_/Q -> _60898_/RN : -0.697696
[setup reg-reg] _60167_/Q -> _60906_/RN : -0.697696
[setup reg-reg] _60167_/Q -> _60907_/RN : -0.697696
[setup reg-reg] _60167_/Q -> _60908_/RN : -0.697696
[setup reg-reg] _60167_/Q -> _60923_/RN : -0.697696
[setup reg-reg] _60167_/Q -> _60925_/RN : -0.697696
[setup reg-reg] _60167_/Q -> _60926_/RN : -0.697696
[setup reg-reg] _60167_/Q -> _60928_/RN : -0.697696
[setup reg-reg] _60167_/Q -> _61007_/RN : -0.697696
[setup reg-reg] _60167_/Q -> _61008_/RN : -0.697696
[setup reg-reg] _60167_/Q -> _61009_/RN : -0.697696
[setup reg-reg] _60167_/Q -> _61010_/RN : -0.697696
[setup reg-reg] _60167_/Q -> _61011_/RN : -0.697696
[setup reg-reg] _60167_/Q -> _61012_/RN : -0.697696
[setup reg-reg] _60167_/Q -> _61013_/RN : -0.697696
[setup reg-reg] _60167_/Q -> _61014_/RN : -0.697696
[setup reg-reg] _60167_/Q -> _61016_/RN : -0.697696
[setup reg-reg] _60167_/Q -> _61526_/RN : -0.697696
[setup reg-reg] _60167_/Q -> _61542_/RN : -0.697696
[setup reg-reg] _60167_/Q -> _61842_/RN : -0.697696
[setup reg-reg] _60167_/Q -> _61847_/RN : -0.697696
[setup reg-reg] _60167_/Q -> _61848_/RN : -0.697696
[setup reg-reg] _60167_/Q -> _61849_/RN : -0.697696
[setup reg-reg] _60167_/Q -> _61850_/RN : -0.697696
[setup reg-reg] _60167_/Q -> _61896_/RN : -0.697696
[setup reg-reg] _60167_/Q -> _61902_/RN : -0.697696
[setup reg-reg] _60167_/Q -> _60843_/RN : -0.697693
[setup reg-reg] _60167_/Q -> _60846_/RN : -0.697693
[setup reg-reg] _60167_/Q -> _60851_/RN : -0.697693
[setup reg-reg] _60167_/Q -> _60852_/RN : -0.697693
[setup reg-reg] _60167_/Q -> _60853_/RN : -0.697693
[setup reg-reg] _60167_/Q -> _60854_/RN : -0.697693
[setup reg-reg] _60167_/Q -> _60855_/RN : -0.697693
[setup reg-reg] _60167_/Q -> _60856_/RN : -0.697693
[setup reg-reg] _60167_/Q -> _60858_/RN : -0.697693
[setup reg-reg] _60167_/Q -> _60859_/RN : -0.697693
[setup reg-reg] _60167_/Q -> _60861_/RN : -0.697693
[setup reg-reg] _60167_/Q -> _60874_/RN : -0.697693
[setup reg-reg] _60167_/Q -> _60875_/RN : -0.697693
[setup reg-reg] _60167_/Q -> _60876_/RN : -0.697693
[setup reg-reg] _60167_/Q -> _60877_/RN : -0.697693
[setup reg-reg] _60167_/Q -> _60878_/RN : -0.697689
[setup reg-reg] _60167_/Q -> _61002_/RN : -0.697689
[setup reg-reg] _60167_/Q -> _61005_/RN : -0.697689
[setup reg-reg] _60167_/Q -> _61840_/RN : -0.697689
[setup reg-reg] _60167_/Q -> _61478_/RN : -0.697685
[setup reg-reg] _60167_/Q -> _61846_/RN : -0.697682
[setup reg-reg] _60167_/Q -> _61852_/RN : -0.697678
[setup reg-reg] _60167_/Q -> _61853_/RN : -0.697678
[setup reg-reg] _60167_/Q -> _61854_/RN : -0.697678
[setup reg-reg] _60167_/Q -> _61855_/RN : -0.697678
[setup reg-reg] _60167_/Q -> _61843_/RN : -0.697643
[setup reg-reg] _60167_/Q -> _61845_/RN : -0.697643
[setup reg-reg] _60167_/Q -> _61838_/RN : -0.697636
[setup reg-reg] _60167_/Q -> _61872_/RN : -0.697625
[setup reg-reg] _60167_/Q -> _61540_/RN : -0.697622
[setup reg-reg] _60167_/Q -> _61541_/RN : -0.697622
[setup reg-reg] _60167_/Q -> _61837_/RN : -0.697622
[setup reg-reg] _60167_/Q -> _61839_/RN : -0.697622
[setup reg-reg] _60167_/Q -> _61844_/RN : -0.697622
[setup reg-reg] _60167_/Q -> _61851_/RN : -0.697622
[setup reg-reg] _60167_/Q -> _61856_/RN : -0.697622
[setup reg-reg] _60167_/Q -> _61857_/RN : -0.697622
[setup reg-reg] _60167_/Q -> _61858_/RN : -0.697622
[setup reg-reg] _60167_/Q -> _61859_/RN : -0.697622
[setup reg-reg] _60167_/Q -> _61860_/RN : -0.697622
[setup reg-reg] _60167_/Q -> _61861_/RN : -0.697622
[setup reg-reg] _60167_/Q -> _61862_/RN : -0.697622
[setup reg-reg] _60167_/Q -> _61863_/RN : -0.697622
[setup reg-reg] _60167_/Q -> _61864_/RN : -0.697622
[setup reg-reg] _60167_/Q -> _61865_/RN : -0.697622
[setup reg-reg] _60167_/Q -> _61866_/RN : -0.697622
[setup reg-reg] _60167_/Q -> _61867_/RN : -0.697622
[setup reg-reg] _60167_/Q -> _61875_/RN : -0.697622
[setup reg-reg] _60167_/Q -> _61876_/RN : -0.697622
[setup reg-reg] _60167_/Q -> _61868_/RN : -0.697618
[setup reg-reg] _60167_/Q -> _61869_/RN : -0.697618
[setup reg-reg] _60167_/Q -> _61870_/RN : -0.697618
[setup reg-reg] _60167_/Q -> _61871_/RN : -0.697618
[setup reg-reg] _60167_/Q -> _61873_/RN : -0.697618
[setup reg-reg] _60167_/Q -> _61874_/RN : -0.697618
[setup reg-reg] _60167_/Q -> _61841_/RN : -0.697614
Writing metric timing__hold_vio__count__corner:nom_tt_025C_5v00: 1440
Writing metric timing__hold_r2r__ws__corner:nom_tt_025C_5v00: -65.610336
Writing metric timing__hold_r2r_vio__count__corner:nom_tt_025C_5v00: 1429
Writing metric timing__setup_vio__count__corner:nom_tt_025C_5v00: 3035
Writing metric timing__setup_r2r__ws__corner:nom_tt_025C_5v00: -49.191170
Writing metric timing__setup_r2r_vio__count__corner:nom_tt_025C_5v00: 556
