
===========================================================================
report_checks -unconstrained
===========================================================================
======================= nom_tt_025C_5v00 Corner ===================================

Startpoint: rst_ni (input port clocked by clk_i)
Endpoint: _60544_ (recovery check against rising-edge clock clk_i)
Path Group: asynchronous
Path Type: max

Fanout         Cap        Slew       Delay        Time   Description
---------------------------------------------------------------------------------------------
                                  0.000000    0.000000   clock clk_i (rise edge)
                                  0.000000    0.000000   clock network delay (propagated)
                                 20.000000   20.000000 ^ input external delay
  1110   10.009331  165.001617   93.303558  113.303558 ^ rst_ni (in)
                                                         rst_ni (net)
                    165.001617    0.000000  113.303558 ^ _60544_/RN (gf180mcu_fd_sc_mcu7t5v0__dffrnq_1)
                                            113.303558   data arrival time

                                100.000000  100.000000   clock clk_i (rise edge)
                                  0.000000  100.000000   clock source latency
  1461    7.563532   31.343210   17.619783  117.619781 ^ clk_i (in)
                                                         clk_i (net)
                     31.343210    0.000000  117.619781 ^ _60544_/CLK (gf180mcu_fd_sc_mcu7t5v0__dffrnq_1)
                                 -0.250000  117.369781   clock uncertainty
                                  0.000000  117.369781   clock reconvergence pessimism
                                -74.264069   43.105717   library recovery time
                                             43.105717   data required time
---------------------------------------------------------------------------------------------
                                             43.105717   data required time
                                           -113.303558   data arrival time
---------------------------------------------------------------------------------------------
                                            -70.197845   slack (VIOLATED)


Startpoint: rst_ni (input port clocked by clk_i)
Endpoint: _57212_ (rising edge-triggered flip-flop clocked by clk_i)
Path Group: clk_i
Path Type: max

Fanout         Cap        Slew       Delay        Time   Description
---------------------------------------------------------------------------------------------
                                  0.000000    0.000000   clock clk_i (rise edge)
                                  0.000000    0.000000   clock network delay (propagated)
                                 20.000000   20.000000 ^ input external delay
  1110   10.009331  165.001617   93.303169  113.303169 ^ rst_ni (in)
                                                         rst_ni (net)
                    165.001617    0.000000  113.303169 ^ _37387_/I (gf180mcu_fd_sc_mcu7t5v0__clkinv_1)
     2    0.008231   21.164059    2.148148  115.451317 v _37387_/ZN (gf180mcu_fd_sc_mcu7t5v0__clkinv_1)
                                                         _13979_ (net)
                     21.164059    0.000213  115.451530 v _37388_/A1 (gf180mcu_fd_sc_mcu7t5v0__nor2_1)
     4    0.041598    4.800055    6.394999  121.846527 ^ _37388_/ZN (gf180mcu_fd_sc_mcu7t5v0__nor2_1)
                                                         _13980_ (net)
                      4.800055    0.000853  121.847382 ^ _37723_/A2 (gf180mcu_fd_sc_mcu7t5v0__nand3_2)
    10    0.091020    1.688808    0.894545  122.741928 v _37723_/ZN (gf180mcu_fd_sc_mcu7t5v0__nand3_2)
                                                         _14187_ (net)
                      1.688808    0.001620  122.743546 v _37724_/I (gf180mcu_fd_sc_mcu7t5v0__buf_2)
    10    0.110167    0.568518    0.913587  123.657135 v _37724_/Z (gf180mcu_fd_sc_mcu7t5v0__buf_2)
                                                         _14188_ (net)
                      0.568540    0.002018  123.659149 v _37733_/A2 (gf180mcu_fd_sc_mcu7t5v0__oai21_2)
     1    0.003303    0.451930    0.268201  123.927353 ^ _37733_/ZN (gf180mcu_fd_sc_mcu7t5v0__oai21_2)
                                                         _00348_ (net)
                      0.451930    0.000099  123.927452 ^ _57212_/D (gf180mcu_fd_sc_mcu7t5v0__dffq_1)
                                            123.927452   data arrival time

                                100.000000  100.000000   clock clk_i (rise edge)
                                  0.000000  100.000000   clock source latency
  1461    7.563532   31.343210   17.619598  117.619598 ^ clk_i (in)
                                                         clk_i (net)
                     31.343210    0.000000  117.619598 ^ _57212_/CLK (gf180mcu_fd_sc_mcu7t5v0__dffq_1)
                                 -0.250000  117.369598   clock uncertainty
                                  0.000000  117.369598   clock reconvergence pessimism
                                 -0.358374  117.011223   library setup time
                                            117.011223   data required time
---------------------------------------------------------------------------------------------
                                            117.011223   data required time
                                           -123.927452   data arrival time
---------------------------------------------------------------------------------------------
                                             -6.916231   slack (VIOLATED)




===========================================================================
report_checks --slack_max -0.01
============================================================================
======================= nom_tt_025C_5v00 Corner ===================================

Startpoint: rst_ni (input port clocked by clk_i)
Endpoint: _60544_ (recovery check against rising-edge clock clk_i)
Path Group: asynchronous
Path Type: max

Fanout         Cap        Slew       Delay        Time   Description
---------------------------------------------------------------------------------------------
                                  0.000000    0.000000   clock clk_i (rise edge)
                                  0.000000    0.000000   clock network delay (propagated)
                                 20.000000   20.000000 ^ input external delay
  1110   10.009331  165.001617   93.303558  113.303558 ^ rst_ni (in)
                                                         rst_ni (net)
                    165.001617    0.000000  113.303558 ^ _60544_/RN (gf180mcu_fd_sc_mcu7t5v0__dffrnq_1)
                                            113.303558   data arrival time

                                100.000000  100.000000   clock clk_i (rise edge)
                                  0.000000  100.000000   clock source latency
  1461    7.563532   31.343210   17.619783  117.619781 ^ clk_i (in)
                                                         clk_i (net)
                     31.343210    0.000000  117.619781 ^ _60544_/CLK (gf180mcu_fd_sc_mcu7t5v0__dffrnq_1)
                                 -0.250000  117.369781   clock uncertainty
                                  0.000000  117.369781   clock reconvergence pessimism
                                -74.264069   43.105717   library recovery time
                                             43.105717   data required time
---------------------------------------------------------------------------------------------
                                             43.105717   data required time
                                           -113.303558   data arrival time
---------------------------------------------------------------------------------------------
                                            -70.197845   slack (VIOLATED)


Startpoint: rst_ni (input port clocked by clk_i)
Endpoint: _57212_ (rising edge-triggered flip-flop clocked by clk_i)
Path Group: clk_i
Path Type: max

Fanout         Cap        Slew       Delay        Time   Description
---------------------------------------------------------------------------------------------
                                  0.000000    0.000000   clock clk_i (rise edge)
                                  0.000000    0.000000   clock network delay (propagated)
                                 20.000000   20.000000 ^ input external delay
  1110   10.009331  165.001617   93.303169  113.303169 ^ rst_ni (in)
                                                         rst_ni (net)
                    165.001617    0.000000  113.303169 ^ _37387_/I (gf180mcu_fd_sc_mcu7t5v0__clkinv_1)
     2    0.008231   21.164059    2.148148  115.451317 v _37387_/ZN (gf180mcu_fd_sc_mcu7t5v0__clkinv_1)
                                                         _13979_ (net)
                     21.164059    0.000213  115.451530 v _37388_/A1 (gf180mcu_fd_sc_mcu7t5v0__nor2_1)
     4    0.041598    4.800055    6.394999  121.846527 ^ _37388_/ZN (gf180mcu_fd_sc_mcu7t5v0__nor2_1)
                                                         _13980_ (net)
                      4.800055    0.000853  121.847382 ^ _37723_/A2 (gf180mcu_fd_sc_mcu7t5v0__nand3_2)
    10    0.091020    1.688808    0.894545  122.741928 v _37723_/ZN (gf180mcu_fd_sc_mcu7t5v0__nand3_2)
                                                         _14187_ (net)
                      1.688808    0.001620  122.743546 v _37724_/I (gf180mcu_fd_sc_mcu7t5v0__buf_2)
    10    0.110167    0.568518    0.913587  123.657135 v _37724_/Z (gf180mcu_fd_sc_mcu7t5v0__buf_2)
                                                         _14188_ (net)
                      0.568540    0.002018  123.659149 v _37733_/A2 (gf180mcu_fd_sc_mcu7t5v0__oai21_2)
     1    0.003303    0.451930    0.268201  123.927353 ^ _37733_/ZN (gf180mcu_fd_sc_mcu7t5v0__oai21_2)
                                                         _00348_ (net)
                      0.451930    0.000099  123.927452 ^ _57212_/D (gf180mcu_fd_sc_mcu7t5v0__dffq_1)
                                            123.927452   data arrival time

                                100.000000  100.000000   clock clk_i (rise edge)
                                  0.000000  100.000000   clock source latency
  1461    7.563532   31.343210   17.619598  117.619598 ^ clk_i (in)
                                                         clk_i (net)
                     31.343210    0.000000  117.619598 ^ _57212_/CLK (gf180mcu_fd_sc_mcu7t5v0__dffq_1)
                                 -0.250000  117.369598   clock uncertainty
                                  0.000000  117.369598   clock reconvergence pessimism
                                 -0.358374  117.011223   library setup time
                                            117.011223   data required time
---------------------------------------------------------------------------------------------
                                            117.011223   data required time
                                           -123.927452   data arrival time
---------------------------------------------------------------------------------------------
                                             -6.916231   slack (VIOLATED)




===========================================================================
 report_check_types -max_slew -max_cap -max_fanout -violators
============================================================================
======================= nom_tt_025C_5v00 Corner ===================================

max slew

Pin                                        Limit        Slew       Slack
------------------------------------------------------------------------
rst_ni                                  3.000000  165.001617 -162.001617 (VIOLATED)
_37387_/I                               3.000000  165.001617 -162.001617 (VIOLATED)
_37956_/A3                              3.000000  165.001617 -162.001617 (VIOLATED)
_44388_/A2                              3.000000  165.001617 -162.001617 (VIOLATED)
_48235_/A2                              3.000000  165.001617 -162.001617 (VIOLATED)
_52650_/A3                              3.000000  165.001617 -162.001617 (VIOLATED)
_52749_/A3                              3.000000  165.001617 -162.001617 (VIOLATED)
_52858_/A3                              3.000000  165.001617 -162.001617 (VIOLATED)
_52958_/A3                              3.000000  165.001617 -162.001617 (VIOLATED)
_53061_/A3                              3.000000  165.001617 -162.001617 (VIOLATED)
_53160_/A3                              3.000000  165.001617 -162.001617 (VIOLATED)
_53265_/A3                              3.000000  165.001617 -162.001617 (VIOLATED)
_53367_/A3                              3.000000  165.001617 -162.001617 (VIOLATED)
_53474_/A3                              3.000000  165.001617 -162.001617 (VIOLATED)
_53577_/A3                              3.000000  165.001617 -162.001617 (VIOLATED)
_53689_/A3                              3.000000  165.001617 -162.001617 (VIOLATED)
_53788_/A3                              3.000000  165.001617 -162.001617 (VIOLATED)
_53892_/A3                              3.000000  165.001617 -162.001617 (VIOLATED)
_53993_/A3                              3.000000  165.001617 -162.001617 (VIOLATED)
_54097_/A3                              3.000000  165.001617 -162.001617 (VIOLATED)
_54195_/A3                              3.000000  165.001617 -162.001617 (VIOLATED)
_54298_/A3                              3.000000  165.001617 -162.001617 (VIOLATED)
_54402_/A3                              3.000000  165.001617 -162.001617 (VIOLATED)
_54509_/A3                              3.000000  165.001617 -162.001617 (VIOLATED)
_54609_/A3                              3.000000  165.001617 -162.001617 (VIOLATED)
_54718_/A3                              3.000000  165.001617 -162.001617 (VIOLATED)
_54817_/A3                              3.000000  165.001617 -162.001617 (VIOLATED)
_54921_/A3                              3.000000  165.001617 -162.001617 (VIOLATED)
_55019_/A3                              3.000000  165.001617 -162.001617 (VIOLATED)
_55116_/A3                              3.000000  165.001617 -162.001617 (VIOLATED)
_55212_/A3                              3.000000  165.001617 -162.001617 (VIOLATED)
_55309_/A3                              3.000000  165.001617 -162.001617 (VIOLATED)
_55405_/A3                              3.000000  165.001617 -162.001617 (VIOLATED)
_55501_/A3                              3.000000  165.001617 -162.001617 (VIOLATED)
_55597_/A3                              3.000000  165.001617 -162.001617 (VIOLATED)
_55693_/A3                              3.000000  165.001617 -162.001617 (VIOLATED)
_55789_/A3                              3.000000  165.001617 -162.001617 (VIOLATED)
_57060_/RN                              3.000000  165.001617 -162.001617 (VIOLATED)
_57061_/RN                              3.000000  165.001617 -162.001617 (VIOLATED)
_57062_/RN                              3.000000  165.001617 -162.001617 (VIOLATED)
_60541_/RN                              3.000000  165.001617 -162.001617 (VIOLATED)
_60542_/RN                              3.000000  165.001617 -162.001617 (VIOLATED)
_60543_/RN                              3.000000  165.001617 -162.001617 (VIOLATED)
_60544_/RN                              3.000000  165.001617 -162.001617 (VIOLATED)
_60545_/RN                              3.000000  165.001617 -162.001617 (VIOLATED)
_60546_/RN                              3.000000  165.001617 -162.001617 (VIOLATED)
_60547_/RN                              3.000000  165.001617 -162.001617 (VIOLATED)
_60548_/RN                              3.000000  165.001617 -162.001617 (VIOLATED)
_60549_/RN                              3.000000  165.001617 -162.001617 (VIOLATED)
_60550_/RN                              3.000000  165.001617 -162.001617 (VIOLATED)
_60551_/RN                              3.000000  165.001617 -162.001617 (VIOLATED)
_60552_/RN                              3.000000  165.001617 -162.001617 (VIOLATED)
_60553_/RN                              3.000000  165.001617 -162.001617 (VIOLATED)
_60554_/RN                              3.000000  165.001617 -162.001617 (VIOLATED)
_60555_/RN                              3.000000  165.001617 -162.001617 (VIOLATED)
_60556_/RN                              3.000000  165.001617 -162.001617 (VIOLATED)
_60557_/RN                              3.000000  165.001617 -162.001617 (VIOLATED)
_60558_/RN                              3.000000  165.001617 -162.001617 (VIOLATED)
_60559_/RN                              3.000000  165.001617 -162.001617 (VIOLATED)
_60560_/RN                              3.000000  165.001617 -162.001617 (VIOLATED)
_60561_/RN                              3.000000  165.001617 -162.001617 (VIOLATED)
_60562_/RN                              3.000000  165.001617 -162.001617 (VIOLATED)
_60563_/RN                              3.000000  165.001617 -162.001617 (VIOLATED)
_60564_/RN                              3.000000  165.001617 -162.001617 (VIOLATED)
_60565_/RN                              3.000000  165.001617 -162.001617 (VIOLATED)
_60566_/RN                              3.000000  165.001617 -162.001617 (VIOLATED)
_60567_/RN                              3.000000  165.001617 -162.001617 (VIOLATED)
_60568_/RN                              3.000000  165.001617 -162.001617 (VIOLATED)
_60569_/RN                              3.000000  165.001617 -162.001617 (VIOLATED)
_60570_/RN                              3.000000  165.001617 -162.001617 (VIOLATED)
_60571_/RN                              3.000000  165.001617 -162.001617 (VIOLATED)
_60572_/RN                              3.000000  165.001617 -162.001617 (VIOLATED)
_60573_/RN                              3.000000  165.001617 -162.001617 (VIOLATED)
_60574_/RN                              3.000000  165.001617 -162.001617 (VIOLATED)
_60575_/RN                              3.000000  165.001617 -162.001617 (VIOLATED)
_60576_/RN                              3.000000  165.001617 -162.001617 (VIOLATED)
_60577_/RN                              3.000000  165.001617 -162.001617 (VIOLATED)
_60578_/RN                              3.000000  165.001617 -162.001617 (VIOLATED)
_60579_/RN                              3.000000  165.001617 -162.001617 (VIOLATED)
_60580_/RN                              3.000000  165.001617 -162.001617 (VIOLATED)
_60581_/RN                              3.000000  165.001617 -162.001617 (VIOLATED)
_60582_/RN                              3.000000  165.001617 -162.001617 (VIOLATED)
_60583_/RN                              3.000000  165.001617 -162.001617 (VIOLATED)
_60584_/RN                              3.000000  165.001617 -162.001617 (VIOLATED)
_60585_/RN                              3.000000  165.001617 -162.001617 (VIOLATED)
_60586_/RN                              3.000000  165.001617 -162.001617 (VIOLATED)
_60587_/RN                              3.000000  165.001617 -162.001617 (VIOLATED)
_60588_/RN                              3.000000  165.001617 -162.001617 (VIOLATED)
_60589_/RN                              3.000000  165.001617 -162.001617 (VIOLATED)
_60590_/RN                              3.000000  165.001617 -162.001617 (VIOLATED)
_60591_/RN                              3.000000  165.001617 -162.001617 (VIOLATED)
_60592_/RN                              3.000000  165.001617 -162.001617 (VIOLATED)
_60593_/RN                              3.000000  165.001617 -162.001617 (VIOLATED)
_60594_/RN                              3.000000  165.001617 -162.001617 (VIOLATED)
_60595_/RN                              3.000000  165.001617 -162.001617 (VIOLATED)
_60596_/RN                              3.000000  165.001617 -162.001617 (VIOLATED)
_60597_/RN                              3.000000  165.001617 -162.001617 (VIOLATED)
_60598_/RN                              3.000000  165.001617 -162.001617 (VIOLATED)
_60599_/RN                              3.000000  165.001617 -162.001617 (VIOLATED)
_60600_/RN                              3.000000  165.001617 -162.001617 (VIOLATED)
_60601_/RN                              3.000000  165.001617 -162.001617 (VIOLATED)
_60602_/RN                              3.000000  165.001617 -162.001617 (VIOLATED)
_60603_/RN                              3.000000  165.001617 -162.001617 (VIOLATED)
_60604_/RN                              3.000000  165.001617 -162.001617 (VIOLATED)
_60605_/RN                              3.000000  165.001617 -162.001617 (VIOLATED)
_60606_/RN                              3.000000  165.001617 -162.001617 (VIOLATED)
_60607_/RN                              3.000000  165.001617 -162.001617 (VIOLATED)
_60608_/RN                              3.000000  165.001617 -162.001617 (VIOLATED)
_60609_/RN                              3.000000  165.001617 -162.001617 (VIOLATED)
_60610_/RN                              3.000000  165.001617 -162.001617 (VIOLATED)
_60611_/RN                              3.000000  165.001617 -162.001617 (VIOLATED)
_60612_/RN                              3.000000  165.001617 -162.001617 (VIOLATED)
_60613_/RN                              3.000000  165.001617 -162.001617 (VIOLATED)
_60614_/SETN                            3.000000  165.001617 -162.001617 (VIOLATED)
_60615_/RN                              3.000000  165.001617 -162.001617 (VIOLATED)
_60616_/SETN                            3.000000  165.001617 -162.001617 (VIOLATED)
_60617_/RN                              3.000000  165.001617 -162.001617 (VIOLATED)
_60618_/RN                              3.000000  165.001617 -162.001617 (VIOLATED)
_60619_/RN                              3.000000  165.001617 -162.001617 (VIOLATED)
_60620_/RN                              3.000000  165.001617 -162.001617 (VIOLATED)
_60621_/RN                              3.000000  165.001617 -162.001617 (VIOLATED)
_60622_/RN                              3.000000  165.001617 -162.001617 (VIOLATED)
_60623_/RN                              3.000000  165.001617 -162.001617 (VIOLATED)
_60624_/RN                              3.000000  165.001617 -162.001617 (VIOLATED)
_60625_/RN                              3.000000  165.001617 -162.001617 (VIOLATED)
_60626_/RN                              3.000000  165.001617 -162.001617 (VIOLATED)
_60627_/RN                              3.000000  165.001617 -162.001617 (VIOLATED)
_60628_/RN                              3.000000  165.001617 -162.001617 (VIOLATED)
_60629_/RN                              3.000000  165.001617 -162.001617 (VIOLATED)
_60630_/RN                              3.000000  165.001617 -162.001617 (VIOLATED)
_60631_/RN                              3.000000  165.001617 -162.001617 (VIOLATED)
_60632_/RN                              3.000000  165.001617 -162.001617 (VIOLATED)
_60633_/RN                              3.000000  165.001617 -162.001617 (VIOLATED)
_60634_/RN                              3.000000  165.001617 -162.001617 (VIOLATED)
_60635_/RN                              3.000000  165.001617 -162.001617 (VIOLATED)
_60636_/RN                              3.000000  165.001617 -162.001617 (VIOLATED)
_60637_/RN                              3.000000  165.001617 -162.001617 (VIOLATED)
_60638_/RN                              3.000000  165.001617 -162.001617 (VIOLATED)
_60639_/RN                              3.000000  165.001617 -162.001617 (VIOLATED)
_60640_/RN                              3.000000  165.001617 -162.001617 (VIOLATED)
_60641_/RN                              3.000000  165.001617 -162.001617 (VIOLATED)
_60642_/RN                              3.000000  165.001617 -162.001617 (VIOLATED)
_60643_/RN                              3.000000  165.001617 -162.001617 (VIOLATED)
_60644_/RN                              3.000000  165.001617 -162.001617 (VIOLATED)
_60645_/RN                              3.000000  165.001617 -162.001617 (VIOLATED)
_60646_/RN                              3.000000  165.001617 -162.001617 (VIOLATED)
_60647_/RN                              3.000000  165.001617 -162.001617 (VIOLATED)
_60648_/RN                              3.000000  165.001617 -162.001617 (VIOLATED)
_60649_/RN                              3.000000  165.001617 -162.001617 (VIOLATED)
_60650_/RN                              3.000000  165.001617 -162.001617 (VIOLATED)
_60651_/RN                              3.000000  165.001617 -162.001617 (VIOLATED)
_60652_/RN                              3.000000  165.001617 -162.001617 (VIOLATED)
_60653_/RN                              3.000000  165.001617 -162.001617 (VIOLATED)
_60654_/RN                              3.000000  165.001617 -162.001617 (VIOLATED)
_60655_/RN                              3.000000  165.001617 -162.001617 (VIOLATED)
_60656_/RN                              3.000000  165.001617 -162.001617 (VIOLATED)
_60657_/RN                              3.000000  165.001617 -162.001617 (VIOLATED)
_60658_/RN                              3.000000  165.001617 -162.001617 (VIOLATED)
_60659_/RN                              3.000000  165.001617 -162.001617 (VIOLATED)
_60660_/RN                              3.000000  165.001617 -162.001617 (VIOLATED)
_60661_/RN                              3.000000  165.001617 -162.001617 (VIOLATED)
_60662_/RN                              3.000000  165.001617 -162.001617 (VIOLATED)
_60663_/RN                              3.000000  165.001617 -162.001617 (VIOLATED)
_60664_/RN                              3.000000  165.001617 -162.001617 (VIOLATED)
_60665_/RN                              3.000000  165.001617 -162.001617 (VIOLATED)
_60666_/RN                              3.000000  165.001617 -162.001617 (VIOLATED)
_60667_/RN                              3.000000  165.001617 -162.001617 (VIOLATED)
_60668_/RN                              3.000000  165.001617 -162.001617 (VIOLATED)
_60669_/RN                              3.000000  165.001617 -162.001617 (VIOLATED)
_60670_/RN                              3.000000  165.001617 -162.001617 (VIOLATED)
_60671_/RN                              3.000000  165.001617 -162.001617 (VIOLATED)
_60672_/RN                              3.000000  165.001617 -162.001617 (VIOLATED)
_60673_/RN                              3.000000  165.001617 -162.001617 (VIOLATED)
_60674_/RN                              3.000000  165.001617 -162.001617 (VIOLATED)
_60675_/RN                              3.000000  165.001617 -162.001617 (VIOLATED)
_60676_/RN                              3.000000  165.001617 -162.001617 (VIOLATED)
_60677_/RN                              3.000000  165.001617 -162.001617 (VIOLATED)
_60678_/RN                              3.000000  165.001617 -162.001617 (VIOLATED)
_60679_/RN                              3.000000  165.001617 -162.001617 (VIOLATED)
_60680_/RN                              3.000000  165.001617 -162.001617 (VIOLATED)
_60681_/RN                              3.000000  165.001617 -162.001617 (VIOLATED)
_60682_/RN                              3.000000  165.001617 -162.001617 (VIOLATED)
_60683_/RN                              3.000000  165.001617 -162.001617 (VIOLATED)
_60684_/RN                              3.000000  165.001617 -162.001617 (VIOLATED)
_60685_/RN                              3.000000  165.001617 -162.001617 (VIOLATED)
_60686_/RN                              3.000000  165.001617 -162.001617 (VIOLATED)
_60687_/RN                              3.000000  165.001617 -162.001617 (VIOLATED)
_60688_/RN                              3.000000  165.001617 -162.001617 (VIOLATED)
_60689_/RN                              3.000000  165.001617 -162.001617 (VIOLATED)
_60690_/RN                              3.000000  165.001617 -162.001617 (VIOLATED)
_60691_/RN                              3.000000  165.001617 -162.001617 (VIOLATED)
_60692_/RN                              3.000000  165.001617 -162.001617 (VIOLATED)
_60693_/RN                              3.000000  165.001617 -162.001617 (VIOLATED)
_60694_/RN                              3.000000  165.001617 -162.001617 (VIOLATED)
_60695_/RN                              3.000000  165.001617 -162.001617 (VIOLATED)
_60696_/RN                              3.000000  165.001617 -162.001617 (VIOLATED)
_60697_/RN                              3.000000  165.001617 -162.001617 (VIOLATED)
_60698_/RN                              3.000000  165.001617 -162.001617 (VIOLATED)
_60699_/RN                              3.000000  165.001617 -162.001617 (VIOLATED)
_60700_/RN                              3.000000  165.001617 -162.001617 (VIOLATED)
_60701_/RN                              3.000000  165.001617 -162.001617 (VIOLATED)
_60702_/RN                              3.000000  165.001617 -162.001617 (VIOLATED)
_60703_/RN                              3.000000  165.001617 -162.001617 (VIOLATED)
_60704_/RN                              3.000000  165.001617 -162.001617 (VIOLATED)
_60705_/RN                              3.000000  165.001617 -162.001617 (VIOLATED)
_60706_/RN                              3.000000  165.001617 -162.001617 (VIOLATED)
_60707_/RN                              3.000000  165.001617 -162.001617 (VIOLATED)
_60708_/RN                              3.000000  165.001617 -162.001617 (VIOLATED)
_60709_/RN                              3.000000  165.001617 -162.001617 (VIOLATED)
_60710_/RN                              3.000000  165.001617 -162.001617 (VIOLATED)
_60711_/RN                              3.000000  165.001617 -162.001617 (VIOLATED)
_60712_/RN                              3.000000  165.001617 -162.001617 (VIOLATED)
_60713_/RN                              3.000000  165.001617 -162.001617 (VIOLATED)
_60714_/RN                              3.000000  165.001617 -162.001617 (VIOLATED)
_60715_/RN                              3.000000  165.001617 -162.001617 (VIOLATED)
_60716_/RN                              3.000000  165.001617 -162.001617 (VIOLATED)
_60717_/RN                              3.000000  165.001617 -162.001617 (VIOLATED)
_60718_/RN                              3.000000  165.001617 -162.001617 (VIOLATED)
_60719_/RN                              3.000000  165.001617 -162.001617 (VIOLATED)
_60720_/RN                              3.000000  165.001617 -162.001617 (VIOLATED)
_60721_/RN                              3.000000  165.001617 -162.001617 (VIOLATED)
_60722_/RN                              3.000000  165.001617 -162.001617 (VIOLATED)
_60723_/RN                              3.000000  165.001617 -162.001617 (VIOLATED)
_60724_/RN                              3.000000  165.001617 -162.001617 (VIOLATED)
_60725_/RN                              3.000000  165.001617 -162.001617 (VIOLATED)
_60726_/RN                              3.000000  165.001617 -162.001617 (VIOLATED)
_60727_/RN                              3.000000  165.001617 -162.001617 (VIOLATED)
_60728_/RN                              3.000000  165.001617 -162.001617 (VIOLATED)
_60729_/RN                              3.000000  165.001617 -162.001617 (VIOLATED)
_60730_/RN                              3.000000  165.001617 -162.001617 (VIOLATED)
_60731_/RN                              3.000000  165.001617 -162.001617 (VIOLATED)
_60732_/RN                              3.000000  165.001617 -162.001617 (VIOLATED)
_60733_/RN                              3.000000  165.001617 -162.001617 (VIOLATED)
_60734_/RN                              3.000000  165.001617 -162.001617 (VIOLATED)
_60735_/RN                              3.000000  165.001617 -162.001617 (VIOLATED)
_60736_/RN                              3.000000  165.001617 -162.001617 (VIOLATED)
_60737_/RN                              3.000000  165.001617 -162.001617 (VIOLATED)
_60738_/RN                              3.000000  165.001617 -162.001617 (VIOLATED)
_60739_/RN                              3.000000  165.001617 -162.001617 (VIOLATED)
_60740_/RN                              3.000000  165.001617 -162.001617 (VIOLATED)
_60741_/RN                              3.000000  165.001617 -162.001617 (VIOLATED)
_60742_/RN                              3.000000  165.001617 -162.001617 (VIOLATED)
_60743_/RN                              3.000000  165.001617 -162.001617 (VIOLATED)
_60744_/RN                              3.000000  165.001617 -162.001617 (VIOLATED)
_60745_/RN                              3.000000  165.001617 -162.001617 (VIOLATED)
_60746_/RN                              3.000000  165.001617 -162.001617 (VIOLATED)
_60747_/RN                              3.000000  165.001617 -162.001617 (VIOLATED)
_60748_/RN                              3.000000  165.001617 -162.001617 (VIOLATED)
_60749_/RN                              3.000000  165.001617 -162.001617 (VIOLATED)
_60750_/RN                              3.000000  165.001617 -162.001617 (VIOLATED)
_60751_/RN                              3.000000  165.001617 -162.001617 (VIOLATED)
_60752_/RN                              3.000000  165.001617 -162.001617 (VIOLATED)
_60753_/RN                              3.000000  165.001617 -162.001617 (VIOLATED)
_60754_/RN                              3.000000  165.001617 -162.001617 (VIOLATED)
_60755_/RN                              3.000000  165.001617 -162.001617 (VIOLATED)
_60756_/RN                              3.000000  165.001617 -162.001617 (VIOLATED)
_60757_/RN                              3.000000  165.001617 -162.001617 (VIOLATED)
_60758_/RN                              3.000000  165.001617 -162.001617 (VIOLATED)
_60759_/RN                              3.000000  165.001617 -162.001617 (VIOLATED)
_60760_/RN                              3.000000  165.001617 -162.001617 (VIOLATED)
_60761_/RN                              3.000000  165.001617 -162.001617 (VIOLATED)
_60762_/RN                              3.000000  165.001617 -162.001617 (VIOLATED)
_60763_/RN                              3.000000  165.001617 -162.001617 (VIOLATED)
_60764_/RN                              3.000000  165.001617 -162.001617 (VIOLATED)
_60765_/RN                              3.000000  165.001617 -162.001617 (VIOLATED)
_60766_/RN                              3.000000  165.001617 -162.001617 (VIOLATED)
_60767_/RN                              3.000000  165.001617 -162.001617 (VIOLATED)
_60768_/RN                              3.000000  165.001617 -162.001617 (VIOLATED)
_60769_/RN                              3.000000  165.001617 -162.001617 (VIOLATED)
_60770_/RN                              3.000000  165.001617 -162.001617 (VIOLATED)
_60771_/RN                              3.000000  165.001617 -162.001617 (VIOLATED)
_60772_/RN                              3.000000  165.001617 -162.001617 (VIOLATED)
_60773_/RN                              3.000000  165.001617 -162.001617 (VIOLATED)
_60774_/RN                              3.000000  165.001617 -162.001617 (VIOLATED)
_60775_/RN                              3.000000  165.001617 -162.001617 (VIOLATED)
_60776_/RN                              3.000000  165.001617 -162.001617 (VIOLATED)
_60777_/RN                              3.000000  165.001617 -162.001617 (VIOLATED)
_60778_/RN                              3.000000  165.001617 -162.001617 (VIOLATED)
_60779_/RN                              3.000000  165.001617 -162.001617 (VIOLATED)
_60780_/RN                              3.000000  165.001617 -162.001617 (VIOLATED)
_60781_/RN                              3.000000  165.001617 -162.001617 (VIOLATED)
_60782_/RN                              3.000000  165.001617 -162.001617 (VIOLATED)
_60783_/RN                              3.000000  165.001617 -162.001617 (VIOLATED)
_60784_/RN                              3.000000  165.001617 -162.001617 (VIOLATED)
_60785_/RN                              3.000000  165.001617 -162.001617 (VIOLATED)
_60786_/RN                              3.000000  165.001617 -162.001617 (VIOLATED)
_60787_/RN                              3.000000  165.001617 -162.001617 (VIOLATED)
_60788_/RN                              3.000000  165.001617 -162.001617 (VIOLATED)
_60789_/RN                              3.000000  165.001617 -162.001617 (VIOLATED)
_60790_/RN                              3.000000  165.001617 -162.001617 (VIOLATED)
_60791_/RN                              3.000000  165.001617 -162.001617 (VIOLATED)
_60792_/RN                              3.000000  165.001617 -162.001617 (VIOLATED)
_60793_/RN                              3.000000  165.001617 -162.001617 (VIOLATED)
_60794_/RN                              3.000000  165.001617 -162.001617 (VIOLATED)
_60795_/RN                              3.000000  165.001617 -162.001617 (VIOLATED)
_60796_/RN                              3.000000  165.001617 -162.001617 (VIOLATED)
_60797_/RN                              3.000000  165.001617 -162.001617 (VIOLATED)
_60798_/RN                              3.000000  165.001617 -162.001617 (VIOLATED)
_60799_/RN                              3.000000  165.001617 -162.001617 (VIOLATED)
_60800_/RN                              3.000000  165.001617 -162.001617 (VIOLATED)
_60801_/RN                              3.000000  165.001617 -162.001617 (VIOLATED)
_60802_/RN                              3.000000  165.001617 -162.001617 (VIOLATED)
_60803_/RN                              3.000000  165.001617 -162.001617 (VIOLATED)
_60804_/RN                              3.000000  165.001617 -162.001617 (VIOLATED)
_60805_/RN                              3.000000  165.001617 -162.001617 (VIOLATED)
_60806_/RN                              3.000000  165.001617 -162.001617 (VIOLATED)
_60807_/RN                              3.000000  165.001617 -162.001617 (VIOLATED)
_60808_/RN                              3.000000  165.001617 -162.001617 (VIOLATED)
_60809_/RN                              3.000000  165.001617 -162.001617 (VIOLATED)
_60810_/RN                              3.000000  165.001617 -162.001617 (VIOLATED)
_60811_/RN                              3.000000  165.001617 -162.001617 (VIOLATED)
_60812_/RN                              3.000000  165.001617 -162.001617 (VIOLATED)
_60813_/RN                              3.000000  165.001617 -162.001617 (VIOLATED)
_60814_/RN                              3.000000  165.001617 -162.001617 (VIOLATED)
_60815_/RN                              3.000000  165.001617 -162.001617 (VIOLATED)
_60816_/RN                              3.000000  165.001617 -162.001617 (VIOLATED)
_60817_/RN                              3.000000  165.001617 -162.001617 (VIOLATED)
_60818_/RN                              3.000000  165.001617 -162.001617 (VIOLATED)
_60819_/RN                              3.000000  165.001617 -162.001617 (VIOLATED)
_60820_/RN                              3.000000  165.001617 -162.001617 (VIOLATED)
_60821_/RN                              3.000000  165.001617 -162.001617 (VIOLATED)
_60822_/RN                              3.000000  165.001617 -162.001617 (VIOLATED)
_60823_/RN                              3.000000  165.001617 -162.001617 (VIOLATED)
_60824_/RN                              3.000000  165.001617 -162.001617 (VIOLATED)
_60825_/RN                              3.000000  165.001617 -162.001617 (VIOLATED)
_60826_/RN                              3.000000  165.001617 -162.001617 (VIOLATED)
_60827_/RN                              3.000000  165.001617 -162.001617 (VIOLATED)
_60828_/RN                              3.000000  165.001617 -162.001617 (VIOLATED)
_60829_/RN                              3.000000  165.001617 -162.001617 (VIOLATED)
_60830_/RN                              3.000000  165.001617 -162.001617 (VIOLATED)
_60831_/RN                              3.000000  165.001617 -162.001617 (VIOLATED)
_60832_/RN                              3.000000  165.001617 -162.001617 (VIOLATED)
_60833_/RN                              3.000000  165.001617 -162.001617 (VIOLATED)
_60834_/RN                              3.000000  165.001617 -162.001617 (VIOLATED)
_60835_/SETN                            3.000000  165.001617 -162.001617 (VIOLATED)
_60836_/RN                              3.000000  165.001617 -162.001617 (VIOLATED)
_60837_/SETN                            3.000000  165.001617 -162.001617 (VIOLATED)
_60838_/SETN                            3.000000  165.001617 -162.001617 (VIOLATED)
_60839_/SETN                            3.000000  165.001617 -162.001617 (VIOLATED)
_60840_/RN                              3.000000  165.001617 -162.001617 (VIOLATED)
_60841_/RN                              3.000000  165.001617 -162.001617 (VIOLATED)
_60842_/RN                              3.000000  165.001617 -162.001617 (VIOLATED)
_60843_/RN                              3.000000  165.001617 -162.001617 (VIOLATED)
_60844_/RN                              3.000000  165.001617 -162.001617 (VIOLATED)
_60845_/RN                              3.000000  165.001617 -162.001617 (VIOLATED)
_60846_/RN                              3.000000  165.001617 -162.001617 (VIOLATED)
_60847_/SETN                            3.000000  165.001617 -162.001617 (VIOLATED)
_60848_/SETN                            3.000000  165.001617 -162.001617 (VIOLATED)
_60849_/RN                              3.000000  165.001617 -162.001617 (VIOLATED)
_60850_/RN                              3.000000  165.001617 -162.001617 (VIOLATED)
_60851_/RN                              3.000000  165.001617 -162.001617 (VIOLATED)
_60852_/RN                              3.000000  165.001617 -162.001617 (VIOLATED)
_60853_/RN                              3.000000  165.001617 -162.001617 (VIOLATED)
_60854_/RN                              3.000000  165.001617 -162.001617 (VIOLATED)
_60855_/RN                              3.000000  165.001617 -162.001617 (VIOLATED)
_60856_/RN                              3.000000  165.001617 -162.001617 (VIOLATED)
_60857_/RN                              3.000000  165.001617 -162.001617 (VIOLATED)
_60858_/RN                              3.000000  165.001617 -162.001617 (VIOLATED)
_60859_/RN                              3.000000  165.001617 -162.001617 (VIOLATED)
_60860_/RN                              3.000000  165.001617 -162.001617 (VIOLATED)
_60861_/RN                              3.000000  165.001617 -162.001617 (VIOLATED)
_60862_/RN                              3.000000  165.001617 -162.001617 (VIOLATED)
_60863_/RN                              3.000000  165.001617 -162.001617 (VIOLATED)
_60864_/RN                              3.000000  165.001617 -162.001617 (VIOLATED)
_60865_/RN                              3.000000  165.001617 -162.001617 (VIOLATED)
_60866_/RN                              3.000000  165.001617 -162.001617 (VIOLATED)
_60867_/RN                              3.000000  165.001617 -162.001617 (VIOLATED)
_60868_/RN                              3.000000  165.001617 -162.001617 (VIOLATED)
_60869_/RN                              3.000000  165.001617 -162.001617 (VIOLATED)
_60870_/RN                              3.000000  165.001617 -162.001617 (VIOLATED)
_60871_/RN                              3.000000  165.001617 -162.001617 (VIOLATED)
_60872_/RN                              3.000000  165.001617 -162.001617 (VIOLATED)
_60873_/RN                              3.000000  165.001617 -162.001617 (VIOLATED)
_60874_/RN                              3.000000  165.001617 -162.001617 (VIOLATED)
_60875_/RN                              3.000000  165.001617 -162.001617 (VIOLATED)
_60876_/RN                              3.000000  165.001617 -162.001617 (VIOLATED)
_60877_/RN                              3.000000  165.001617 -162.001617 (VIOLATED)
_60878_/RN                              3.000000  165.001617 -162.001617 (VIOLATED)
_60879_/RN                              3.000000  165.001617 -162.001617 (VIOLATED)
_60880_/RN                              3.000000  165.001617 -162.001617 (VIOLATED)
_60881_/RN                              3.000000  165.001617 -162.001617 (VIOLATED)
_60882_/RN                              3.000000  165.001617 -162.001617 (VIOLATED)
_60883_/RN                              3.000000  165.001617 -162.001617 (VIOLATED)
_60884_/RN                              3.000000  165.001617 -162.001617 (VIOLATED)
_60885_/RN                              3.000000  165.001617 -162.001617 (VIOLATED)
_60886_/RN                              3.000000  165.001617 -162.001617 (VIOLATED)
_60887_/RN                              3.000000  165.001617 -162.001617 (VIOLATED)
_60888_/RN                              3.000000  165.001617 -162.001617 (VIOLATED)
_60889_/RN                              3.000000  165.001617 -162.001617 (VIOLATED)
_60890_/RN                              3.000000  165.001617 -162.001617 (VIOLATED)
_60891_/RN                              3.000000  165.001617 -162.001617 (VIOLATED)
_60892_/RN                              3.000000  165.001617 -162.001617 (VIOLATED)
_60893_/RN                              3.000000  165.001617 -162.001617 (VIOLATED)
_60894_/RN                              3.000000  165.001617 -162.001617 (VIOLATED)
_60895_/RN                              3.000000  165.001617 -162.001617 (VIOLATED)
_60896_/RN                              3.000000  165.001617 -162.001617 (VIOLATED)
_60897_/RN                              3.000000  165.001617 -162.001617 (VIOLATED)
_60898_/RN                              3.000000  165.001617 -162.001617 (VIOLATED)
_60899_/RN                              3.000000  165.001617 -162.001617 (VIOLATED)
_60900_/RN                              3.000000  165.001617 -162.001617 (VIOLATED)
_60901_/RN                              3.000000  165.001617 -162.001617 (VIOLATED)
_60902_/RN                              3.000000  165.001617 -162.001617 (VIOLATED)
_60903_/RN                              3.000000  165.001617 -162.001617 (VIOLATED)
_60904_/RN                              3.000000  165.001617 -162.001617 (VIOLATED)
_60905_/RN                              3.000000  165.001617 -162.001617 (VIOLATED)
_60906_/RN                              3.000000  165.001617 -162.001617 (VIOLATED)
_60907_/SETN                            3.000000  165.001617 -162.001617 (VIOLATED)
_60908_/RN                              3.000000  165.001617 -162.001617 (VIOLATED)
_60909_/RN                              3.000000  165.001617 -162.001617 (VIOLATED)
_60910_/RN                              3.000000  165.001617 -162.001617 (VIOLATED)
_60911_/RN                              3.000000  165.001617 -162.001617 (VIOLATED)
_60912_/RN                              3.000000  165.001617 -162.001617 (VIOLATED)
_60913_/RN                              3.000000  165.001617 -162.001617 (VIOLATED)
_60914_/RN                              3.000000  165.001617 -162.001617 (VIOLATED)
_60915_/RN                              3.000000  165.001617 -162.001617 (VIOLATED)
_60916_/RN                              3.000000  165.001617 -162.001617 (VIOLATED)
_60917_/RN                              3.000000  165.001617 -162.001617 (VIOLATED)
_60918_/RN                              3.000000  165.001617 -162.001617 (VIOLATED)
_60919_/RN                              3.000000  165.001617 -162.001617 (VIOLATED)
_60920_/RN                              3.000000  165.001617 -162.001617 (VIOLATED)
_60921_/RN                              3.000000  165.001617 -162.001617 (VIOLATED)
_60922_/RN                              3.000000  165.001617 -162.001617 (VIOLATED)
_60923_/RN                              3.000000  165.001617 -162.001617 (VIOLATED)
_60924_/RN                              3.000000  165.001617 -162.001617 (VIOLATED)
_60925_/RN                              3.000000  165.001617 -162.001617 (VIOLATED)
_60926_/RN                              3.000000  165.001617 -162.001617 (VIOLATED)
_60927_/RN                              3.000000  165.001617 -162.001617 (VIOLATED)
_60928_/RN                              3.000000  165.001617 -162.001617 (VIOLATED)
_60929_/RN                              3.000000  165.001617 -162.001617 (VIOLATED)
_60930_/RN                              3.000000  165.001617 -162.001617 (VIOLATED)
_60931_/RN                              3.000000  165.001617 -162.001617 (VIOLATED)
_60932_/RN                              3.000000  165.001617 -162.001617 (VIOLATED)
_60933_/RN                              3.000000  165.001617 -162.001617 (VIOLATED)
_60934_/RN                              3.000000  165.001617 -162.001617 (VIOLATED)
_60935_/RN                              3.000000  165.001617 -162.001617 (VIOLATED)
_60936_/RN                              3.000000  165.001617 -162.001617 (VIOLATED)
_60937_/RN                              3.000000  165.001617 -162.001617 (VIOLATED)
_60938_/RN                              3.000000  165.001617 -162.001617 (VIOLATED)
_60939_/SETN                            3.000000  165.001617 -162.001617 (VIOLATED)
_60940_/RN                              3.000000  165.001617 -162.001617 (VIOLATED)
_60941_/RN                              3.000000  165.001617 -162.001617 (VIOLATED)
_60942_/RN                              3.000000  165.001617 -162.001617 (VIOLATED)
_60943_/RN                              3.000000  165.001617 -162.001617 (VIOLATED)
_60944_/RN                              3.000000  165.001617 -162.001617 (VIOLATED)
_60945_/RN                              3.000000  165.001617 -162.001617 (VIOLATED)
_60946_/RN                              3.000000  165.001617 -162.001617 (VIOLATED)
_60947_/RN                              3.000000  165.001617 -162.001617 (VIOLATED)
_60948_/RN                              3.000000  165.001617 -162.001617 (VIOLATED)
_60949_/RN                              3.000000  165.001617 -162.001617 (VIOLATED)
_60950_/RN                              3.000000  165.001617 -162.001617 (VIOLATED)
_60951_/RN                              3.000000  165.001617 -162.001617 (VIOLATED)
_60952_/RN                              3.000000  165.001617 -162.001617 (VIOLATED)
_60953_/RN                              3.000000  165.001617 -162.001617 (VIOLATED)
_60954_/RN                              3.000000  165.001617 -162.001617 (VIOLATED)
_60955_/RN                              3.000000  165.001617 -162.001617 (VIOLATED)
_60956_/RN                              3.000000  165.001617 -162.001617 (VIOLATED)
_60957_/RN                              3.000000  165.001617 -162.001617 (VIOLATED)
_60958_/RN                              3.000000  165.001617 -162.001617 (VIOLATED)
_60959_/RN                              3.000000  165.001617 -162.001617 (VIOLATED)
_60960_/RN                              3.000000  165.001617 -162.001617 (VIOLATED)
_60961_/RN                              3.000000  165.001617 -162.001617 (VIOLATED)
_60962_/RN                              3.000000  165.001617 -162.001617 (VIOLATED)
_60987_/RN                              3.000000  165.001617 -162.001617 (VIOLATED)
_60988_/RN                              3.000000  165.001617 -162.001617 (VIOLATED)
_60989_/RN                              3.000000  165.001617 -162.001617 (VIOLATED)
_60990_/RN                              3.000000  165.001617 -162.001617 (VIOLATED)
_60991_/RN                              3.000000  165.001617 -162.001617 (VIOLATED)
_60992_/RN                              3.000000  165.001617 -162.001617 (VIOLATED)
_60993_/RN                              3.000000  165.001617 -162.001617 (VIOLATED)
_60994_/RN                              3.000000  165.001617 -162.001617 (VIOLATED)
_60995_/RN                              3.000000  165.001617 -162.001617 (VIOLATED)
_60996_/RN                              3.000000  165.001617 -162.001617 (VIOLATED)
_60997_/RN                              3.000000  165.001617 -162.001617 (VIOLATED)
_60998_/SETN                            3.000000  165.001617 -162.001617 (VIOLATED)
_60999_/SETN                            3.000000  165.001617 -162.001617 (VIOLATED)
_61000_/RN                              3.000000  165.001617 -162.001617 (VIOLATED)
_61001_/RN                              3.000000  165.001617 -162.001617 (VIOLATED)
_61002_/RN                              3.000000  165.001617 -162.001617 (VIOLATED)
_61003_/RN                              3.000000  165.001617 -162.001617 (VIOLATED)
_61004_/RN                              3.000000  165.001617 -162.001617 (VIOLATED)
_61005_/RN                              3.000000  165.001617 -162.001617 (VIOLATED)
_61029_/RN                              3.000000  165.001617 -162.001617 (VIOLATED)
_61081_/RN                              3.000000  165.001617 -162.001617 (VIOLATED)
_61082_/RN                              3.000000  165.001617 -162.001617 (VIOLATED)
_61083_/RN                              3.000000  165.001617 -162.001617 (VIOLATED)
_61084_/RN                              3.000000  165.001617 -162.001617 (VIOLATED)
_61085_/RN                              3.000000  165.001617 -162.001617 (VIOLATED)
_61086_/RN                              3.000000  165.001617 -162.001617 (VIOLATED)
_61087_/RN                              3.000000  165.001617 -162.001617 (VIOLATED)
_61088_/SETN                            3.000000  165.001617 -162.001617 (VIOLATED)
_61089_/RN                              3.000000  165.001617 -162.001617 (VIOLATED)
_61090_/RN                              3.000000  165.001617 -162.001617 (VIOLATED)
_61091_/RN                              3.000000  165.001617 -162.001617 (VIOLATED)
_61092_/RN                              3.000000  165.001617 -162.001617 (VIOLATED)
_61093_/RN                              3.000000  165.001617 -162.001617 (VIOLATED)
_61094_/RN                              3.000000  165.001617 -162.001617 (VIOLATED)
_61496_/RN                              3.000000  165.001617 -162.001617 (VIOLATED)
_61497_/RN                              3.000000  165.001617 -162.001617 (VIOLATED)
_61498_/RN                              3.000000  165.001617 -162.001617 (VIOLATED)
_61499_/RN                              3.000000  165.001617 -162.001617 (VIOLATED)
_61500_/RN                              3.000000  165.001617 -162.001617 (VIOLATED)
_61765_/RN                              3.000000  165.001617 -162.001617 (VIOLATED)
_61766_/RN                              3.000000  165.001617 -162.001617 (VIOLATED)
_61767_/RN                              3.000000  165.001617 -162.001617 (VIOLATED)
_61768_/RN                              3.000000  165.001617 -162.001617 (VIOLATED)
_61769_/RN                              3.000000  165.001617 -162.001617 (VIOLATED)
_61770_/RN                              3.000000  165.001617 -162.001617 (VIOLATED)
_61771_/RN                              3.000000  165.001617 -162.001617 (VIOLATED)
_61772_/RN                              3.000000  165.001617 -162.001617 (VIOLATED)
_61773_/RN                              3.000000  165.001617 -162.001617 (VIOLATED)
_61774_/RN                              3.000000  165.001617 -162.001617 (VIOLATED)
_61775_/RN                              3.000000  165.001617 -162.001617 (VIOLATED)
_61776_/RN                              3.000000  165.001617 -162.001617 (VIOLATED)
_61777_/RN                              3.000000  165.001617 -162.001617 (VIOLATED)
_61778_/RN                              3.000000  165.001617 -162.001617 (VIOLATED)
_61779_/RN                              3.000000  165.001617 -162.001617 (VIOLATED)
_61780_/RN                              3.000000  165.001617 -162.001617 (VIOLATED)
_61781_/RN                              3.000000  165.001617 -162.001617 (VIOLATED)
_61782_/RN                              3.000000  165.001617 -162.001617 (VIOLATED)
_61783_/RN                              3.000000  165.001617 -162.001617 (VIOLATED)
_61784_/RN                              3.000000  165.001617 -162.001617 (VIOLATED)
_61785_/SETN                            3.000000  165.001617 -162.001617 (VIOLATED)
_61786_/RN                              3.000000  165.001617 -162.001617 (VIOLATED)
_61787_/RN                              3.000000  165.001617 -162.001617 (VIOLATED)
_61788_/RN                              3.000000  165.001617 -162.001617 (VIOLATED)
_61789_/RN                              3.000000  165.001617 -162.001617 (VIOLATED)
_61790_/RN                              3.000000  165.001617 -162.001617 (VIOLATED)
_61791_/RN                              3.000000  165.001617 -162.001617 (VIOLATED)
_61792_/RN                              3.000000  165.001617 -162.001617 (VIOLATED)
_61793_/RN                              3.000000  165.001617 -162.001617 (VIOLATED)
_61794_/RN                              3.000000  165.001617 -162.001617 (VIOLATED)
_61795_/RN                              3.000000  165.001617 -162.001617 (VIOLATED)
_61796_/RN                              3.000000  165.001617 -162.001617 (VIOLATED)
_61797_/RN                              3.000000  165.001617 -162.001617 (VIOLATED)
_61798_/SETN                            3.000000  165.001617 -162.001617 (VIOLATED)
_61799_/RN                              3.000000  165.001617 -162.001617 (VIOLATED)
_61800_/RN                              3.000000  165.001617 -162.001617 (VIOLATED)
_61801_/RN                              3.000000  165.001617 -162.001617 (VIOLATED)
_61802_/SETN                            3.000000  165.001617 -162.001617 (VIOLATED)
_61803_/RN                              3.000000  165.001617 -162.001617 (VIOLATED)
_61804_/RN                              3.000000  165.001617 -162.001617 (VIOLATED)
_61805_/SETN                            3.000000  165.001617 -162.001617 (VIOLATED)
_61806_/RN                              3.000000  165.001617 -162.001617 (VIOLATED)
_61807_/RN                              3.000000  165.001617 -162.001617 (VIOLATED)
_61808_/SETN                            3.000000  165.001617 -162.001617 (VIOLATED)
_61809_/RN                              3.000000  165.001617 -162.001617 (VIOLATED)
_61810_/RN                              3.000000  165.001617 -162.001617 (VIOLATED)
_61811_/SETN                            3.000000  165.001617 -162.001617 (VIOLATED)
_61812_/RN                              3.000000  165.001617 -162.001617 (VIOLATED)
_61813_/RN                              3.000000  165.001617 -162.001617 (VIOLATED)
_61814_/SETN                            3.000000  165.001617 -162.001617 (VIOLATED)
_61815_/RN                              3.000000  165.001617 -162.001617 (VIOLATED)
_61816_/RN                              3.000000  165.001617 -162.001617 (VIOLATED)
_61817_/SETN                            3.000000  165.001617 -162.001617 (VIOLATED)
_61818_/RN                              3.000000  165.001617 -162.001617 (VIOLATED)
_61819_/RN                              3.000000  165.001617 -162.001617 (VIOLATED)
_61820_/RN                              3.000000  165.001617 -162.001617 (VIOLATED)
_61821_/RN                              3.000000  165.001617 -162.001617 (VIOLATED)
_61822_/RN                              3.000000  165.001617 -162.001617 (VIOLATED)
_61823_/RN                              3.000000  165.001617 -162.001617 (VIOLATED)
_61824_/RN                              3.000000  165.001617 -162.001617 (VIOLATED)
_61825_/RN                              3.000000  165.001617 -162.001617 (VIOLATED)
_61826_/RN                              3.000000  165.001617 -162.001617 (VIOLATED)
_61827_/RN                              3.000000  165.001617 -162.001617 (VIOLATED)
_61828_/RN                              3.000000  165.001617 -162.001617 (VIOLATED)
_61829_/RN                              3.000000  165.001617 -162.001617 (VIOLATED)
_61830_/RN                              3.000000  165.001617 -162.001617 (VIOLATED)
_61831_/RN                              3.000000  165.001617 -162.001617 (VIOLATED)
_61832_/RN                              3.000000  165.001617 -162.001617 (VIOLATED)
_61833_/RN                              3.000000  165.001617 -162.001617 (VIOLATED)
_61834_/RN                              3.000000  165.001617 -162.001617 (VIOLATED)
_61835_/RN                              3.000000  165.001617 -162.001617 (VIOLATED)
_61836_/RN                              3.000000  165.001617 -162.001617 (VIOLATED)
_61837_/RN                              3.000000  165.001617 -162.001617 (VIOLATED)
_61838_/RN                              3.000000  165.001617 -162.001617 (VIOLATED)
_61839_/RN                              3.000000  165.001617 -162.001617 (VIOLATED)
_61840_/RN                              3.000000  165.001617 -162.001617 (VIOLATED)
_61841_/RN                              3.000000  165.001617 -162.001617 (VIOLATED)
_61842_/RN                              3.000000  165.001617 -162.001617 (VIOLATED)
_61843_/RN                              3.000000  165.001617 -162.001617 (VIOLATED)
_61844_/RN                              3.000000  165.001617 -162.001617 (VIOLATED)
_61845_/RN                              3.000000  165.001617 -162.001617 (VIOLATED)
_61846_/RN                              3.000000  165.001617 -162.001617 (VIOLATED)
_61847_/RN                              3.000000  165.001617 -162.001617 (VIOLATED)
_61848_/RN                              3.000000  165.001617 -162.001617 (VIOLATED)
_61849_/RN                              3.000000  165.001617 -162.001617 (VIOLATED)
_61850_/RN                              3.000000  165.001617 -162.001617 (VIOLATED)
_61851_/SETN                            3.000000  165.001617 -162.001617 (VIOLATED)
_61852_/RN                              3.000000  165.001617 -162.001617 (VIOLATED)
_61853_/RN                              3.000000  165.001617 -162.001617 (VIOLATED)
_61854_/RN                              3.000000  165.001617 -162.001617 (VIOLATED)
_61855_/RN                              3.000000  165.001617 -162.001617 (VIOLATED)
_61856_/RN                              3.000000  165.001617 -162.001617 (VIOLATED)
_61857_/RN                              3.000000  165.001617 -162.001617 (VIOLATED)
_61881_/RN                              3.000000  165.001617 -162.001617 (VIOLATED)
_61882_/RN                              3.000000  165.001617 -162.001617 (VIOLATED)
_61883_/RN                              3.000000  165.001617 -162.001617 (VIOLATED)
_61884_/RN                              3.000000  165.001617 -162.001617 (VIOLATED)
_61885_/RN                              3.000000  165.001617 -162.001617 (VIOLATED)
_61886_/RN                              3.000000  165.001617 -162.001617 (VIOLATED)
_61887_/RN                              3.000000  165.001617 -162.001617 (VIOLATED)
_61888_/RN                              3.000000  165.001617 -162.001617 (VIOLATED)
_61889_/RN                              3.000000  165.001617 -162.001617 (VIOLATED)
_61890_/RN                              3.000000  165.001617 -162.001617 (VIOLATED)
_61891_/RN                              3.000000  165.001617 -162.001617 (VIOLATED)
_61892_/RN                              3.000000  165.001617 -162.001617 (VIOLATED)
_61893_/RN                              3.000000  165.001617 -162.001617 (VIOLATED)
_61894_/RN                              3.000000  165.001617 -162.001617 (VIOLATED)
_61895_/RN                              3.000000  165.001617 -162.001617 (VIOLATED)
_61896_/RN                              3.000000  165.001617 -162.001617 (VIOLATED)
_61897_/RN                              3.000000  165.001617 -162.001617 (VIOLATED)
_61898_/RN                              3.000000  165.001617 -162.001617 (VIOLATED)
_61899_/RN                              3.000000  165.001617 -162.001617 (VIOLATED)
_61900_/RN                              3.000000  165.001617 -162.001617 (VIOLATED)
_61901_/RN                              3.000000  165.001617 -162.001617 (VIOLATED)
_61902_/RN                              3.000000  165.001617 -162.001617 (VIOLATED)
_61903_/RN                              3.000000  165.001617 -162.001617 (VIOLATED)
_61904_/RN                              3.000000  165.001617 -162.001617 (VIOLATED)
_61905_/RN                              3.000000  165.001617 -162.001617 (VIOLATED)
_61906_/RN                              3.000000  165.001617 -162.001617 (VIOLATED)
_61907_/RN                              3.000000  165.001617 -162.001617 (VIOLATED)
_61908_/RN                              3.000000  165.001617 -162.001617 (VIOLATED)
_61909_/RN                              3.000000  165.001617 -162.001617 (VIOLATED)
_61910_/RN                              3.000000  165.001617 -162.001617 (VIOLATED)
_61911_/RN                              3.000000  165.001617 -162.001617 (VIOLATED)
_61912_/RN                              3.000000  165.001617 -162.001617 (VIOLATED)
_61913_/RN                              3.000000  165.001617 -162.001617 (VIOLATED)
_61914_/RN                              3.000000  165.001617 -162.001617 (VIOLATED)
_61915_/RN                              3.000000  165.001617 -162.001617 (VIOLATED)
_61916_/RN                              3.000000  165.001617 -162.001617 (VIOLATED)
_61917_/RN                              3.000000  165.001617 -162.001617 (VIOLATED)
_61918_/RN                              3.000000  165.001617 -162.001617 (VIOLATED)
_61919_/RN                              3.000000  165.001617 -162.001617 (VIOLATED)
_61920_/RN                              3.000000  165.001617 -162.001617 (VIOLATED)
_61921_/RN                              3.000000  165.001617 -162.001617 (VIOLATED)
_61954_/RN                              3.000000  165.001617 -162.001617 (VIOLATED)
_61955_/RN                              3.000000  165.001617 -162.001617 (VIOLATED)
_61956_/RN                              3.000000  165.001617 -162.001617 (VIOLATED)
_61957_/RN                              3.000000  165.001617 -162.001617 (VIOLATED)
_61958_/RN                              3.000000  165.001617 -162.001617 (VIOLATED)
_61959_/RN                              3.000000  165.001617 -162.001617 (VIOLATED)
_61960_/RN                              3.000000  165.001617 -162.001617 (VIOLATED)
_61961_/RN                              3.000000  165.001617 -162.001617 (VIOLATED)
_61962_/RN                              3.000000  165.001617 -162.001617 (VIOLATED)
_61963_/RN                              3.000000  165.001617 -162.001617 (VIOLATED)
_61964_/RN                              3.000000  165.001617 -162.001617 (VIOLATED)
_61965_/RN                              3.000000  165.001617 -162.001617 (VIOLATED)
_61966_/RN                              3.000000  165.001617 -162.001617 (VIOLATED)
_61967_/RN                              3.000000  165.001617 -162.001617 (VIOLATED)
_61968_/RN                              3.000000  165.001617 -162.001617 (VIOLATED)
_61969_/RN                              3.000000  165.001617 -162.001617 (VIOLATED)
_61970_/RN                              3.000000  165.001617 -162.001617 (VIOLATED)
_61971_/RN                              3.000000  165.001617 -162.001617 (VIOLATED)
_61972_/RN                              3.000000  165.001617 -162.001617 (VIOLATED)
_61973_/RN                              3.000000  165.001617 -162.001617 (VIOLATED)
_61974_/RN                              3.000000  165.001617 -162.001617 (VIOLATED)
_61975_/RN                              3.000000  165.001617 -162.001617 (VIOLATED)
_61976_/RN                              3.000000  165.001617 -162.001617 (VIOLATED)
_61977_/RN                              3.000000  165.001617 -162.001617 (VIOLATED)
_61978_/RN                              3.000000  165.001617 -162.001617 (VIOLATED)
_61979_/RN                              3.000000  165.001617 -162.001617 (VIOLATED)
_61980_/RN                              3.000000  165.001617 -162.001617 (VIOLATED)
_61981_/RN                              3.000000  165.001617 -162.001617 (VIOLATED)
_61982_/RN                              3.000000  165.001617 -162.001617 (VIOLATED)
_61983_/RN                              3.000000  165.001617 -162.001617 (VIOLATED)
_61984_/RN                              3.000000  165.001617 -162.001617 (VIOLATED)
_61985_/RN                              3.000000  165.001617 -162.001617 (VIOLATED)
_61986_/SETN                            3.000000  165.001617 -162.001617 (VIOLATED)
_61994_/RN                              3.000000  165.001617 -162.001617 (VIOLATED)
_61995_/RN                              3.000000  165.001617 -162.001617 (VIOLATED)
_61996_/RN                              3.000000  165.001617 -162.001617 (VIOLATED)
_61997_/RN                              3.000000  165.001617 -162.001617 (VIOLATED)
_61998_/RN                              3.000000  165.001617 -162.001617 (VIOLATED)
_61999_/RN                              3.000000  165.001617 -162.001617 (VIOLATED)
_62000_/RN                              3.000000  165.001617 -162.001617 (VIOLATED)
_62001_/RN                              3.000000  165.001617 -162.001617 (VIOLATED)
_62002_/RN                              3.000000  165.001617 -162.001617 (VIOLATED)
_62003_/RN                              3.000000  165.001617 -162.001617 (VIOLATED)
_62004_/RN                              3.000000  165.001617 -162.001617 (VIOLATED)
_62005_/RN                              3.000000  165.001617 -162.001617 (VIOLATED)
_62006_/RN                              3.000000  165.001617 -162.001617 (VIOLATED)
_62007_/RN                              3.000000  165.001617 -162.001617 (VIOLATED)
_62008_/RN                              3.000000  165.001617 -162.001617 (VIOLATED)
_62009_/RN                              3.000000  165.001617 -162.001617 (VIOLATED)
_62010_/RN                              3.000000  165.001617 -162.001617 (VIOLATED)
_62011_/RN                              3.000000  165.001617 -162.001617 (VIOLATED)
_62012_/RN                              3.000000  165.001617 -162.001617 (VIOLATED)
_62013_/RN                              3.000000  165.001617 -162.001617 (VIOLATED)
_62014_/RN                              3.000000  165.001617 -162.001617 (VIOLATED)
_62015_/RN                              3.000000  165.001617 -162.001617 (VIOLATED)
_62016_/RN                              3.000000  165.001617 -162.001617 (VIOLATED)
_62017_/RN                              3.000000  165.001617 -162.001617 (VIOLATED)
_62018_/RN                              3.000000  165.001617 -162.001617 (VIOLATED)
_62019_/RN                              3.000000  165.001617 -162.001617 (VIOLATED)
_62020_/RN                              3.000000  165.001617 -162.001617 (VIOLATED)
_62021_/RN                              3.000000  165.001617 -162.001617 (VIOLATED)
_62022_/RN                              3.000000  165.001617 -162.001617 (VIOLATED)
_62023_/RN                              3.000000  165.001617 -162.001617 (VIOLATED)
_62024_/RN                              3.000000  165.001617 -162.001617 (VIOLATED)
_62025_/RN                              3.000000  165.001617 -162.001617 (VIOLATED)
_62026_/RN                              3.000000  165.001617 -162.001617 (VIOLATED)
_62027_/RN                              3.000000  165.001617 -162.001617 (VIOLATED)
_62028_/RN                              3.000000  165.001617 -162.001617 (VIOLATED)
_62029_/RN                              3.000000  165.001617 -162.001617 (VIOLATED)
_62030_/RN                              3.000000  165.001617 -162.001617 (VIOLATED)
_62031_/RN                              3.000000  165.001617 -162.001617 (VIOLATED)
_62032_/RN                              3.000000  165.001617 -162.001617 (VIOLATED)
_62033_/RN                              3.000000  165.001617 -162.001617 (VIOLATED)
_62034_/RN                              3.000000  165.001617 -162.001617 (VIOLATED)
_62035_/RN                              3.000000  165.001617 -162.001617 (VIOLATED)
_62036_/RN                              3.000000  165.001617 -162.001617 (VIOLATED)
_62037_/RN                              3.000000  165.001617 -162.001617 (VIOLATED)
_62038_/RN                              3.000000  165.001617 -162.001617 (VIOLATED)
_62039_/RN                              3.000000  165.001617 -162.001617 (VIOLATED)
_62040_/RN                              3.000000  165.001617 -162.001617 (VIOLATED)
_62041_/RN                              3.000000  165.001617 -162.001617 (VIOLATED)
_62044_/RN                              3.000000  165.001617 -162.001617 (VIOLATED)
_62045_/RN                              3.000000  165.001617 -162.001617 (VIOLATED)
_62046_/RN                              3.000000  165.001617 -162.001617 (VIOLATED)
_62047_/RN                              3.000000  165.001617 -162.001617 (VIOLATED)
_62048_/RN                              3.000000  165.001617 -162.001617 (VIOLATED)
_62049_/RN                              3.000000  165.001617 -162.001617 (VIOLATED)
_62050_/RN                              3.000000  165.001617 -162.001617 (VIOLATED)
_62051_/RN                              3.000000  165.001617 -162.001617 (VIOLATED)
_62052_/RN                              3.000000  165.001617 -162.001617 (VIOLATED)
_62053_/RN                              3.000000  165.001617 -162.001617 (VIOLATED)
_62054_/RN                              3.000000  165.001617 -162.001617 (VIOLATED)
_62055_/RN                              3.000000  165.001617 -162.001617 (VIOLATED)
_62056_/RN                              3.000000  165.001617 -162.001617 (VIOLATED)
_62057_/RN                              3.000000  165.001617 -162.001617 (VIOLATED)
_62058_/RN                              3.000000  165.001617 -162.001617 (VIOLATED)
_62059_/RN                              3.000000  165.001617 -162.001617 (VIOLATED)
_62060_/RN                              3.000000  165.001617 -162.001617 (VIOLATED)
_62061_/RN                              3.000000  165.001617 -162.001617 (VIOLATED)
_62062_/RN                              3.000000  165.001617 -162.001617 (VIOLATED)
_62063_/RN                              3.000000  165.001617 -162.001617 (VIOLATED)
_62064_/RN                              3.000000  165.001617 -162.001617 (VIOLATED)
_62065_/RN                              3.000000  165.001617 -162.001617 (VIOLATED)
_62066_/RN                              3.000000  165.001617 -162.001617 (VIOLATED)
_62067_/RN                              3.000000  165.001617 -162.001617 (VIOLATED)
_62068_/RN                              3.000000  165.001617 -162.001617 (VIOLATED)
_62069_/RN                              3.000000  165.001617 -162.001617 (VIOLATED)
_62070_/RN                              3.000000  165.001617 -162.001617 (VIOLATED)
_62071_/RN                              3.000000  165.001617 -162.001617 (VIOLATED)
_62072_/RN                              3.000000  165.001617 -162.001617 (VIOLATED)
_62073_/RN                              3.000000  165.001617 -162.001617 (VIOLATED)
_62074_/RN                              3.000000  165.001617 -162.001617 (VIOLATED)
_62075_/RN                              3.000000  165.001617 -162.001617 (VIOLATED)
_62076_/RN                              3.000000  165.001617 -162.001617 (VIOLATED)
_62077_/RN                              3.000000  165.001617 -162.001617 (VIOLATED)
_62078_/RN                              3.000000  165.001617 -162.001617 (VIOLATED)
_62079_/RN                              3.000000  165.001617 -162.001617 (VIOLATED)
_62080_/RN                              3.000000  165.001617 -162.001617 (VIOLATED)
_62081_/RN                              3.000000  165.001617 -162.001617 (VIOLATED)
_62082_/RN                              3.000000  165.001617 -162.001617 (VIOLATED)
_62083_/RN                              3.000000  165.001617 -162.001617 (VIOLATED)
_62084_/RN                              3.000000  165.001617 -162.001617 (VIOLATED)
_62085_/RN                              3.000000  165.001617 -162.001617 (VIOLATED)
_62086_/RN                              3.000000  165.001617 -162.001617 (VIOLATED)
_62087_/RN                              3.000000  165.001617 -162.001617 (VIOLATED)
_62088_/RN                              3.000000  165.001617 -162.001617 (VIOLATED)
_62089_/RN                              3.000000  165.001617 -162.001617 (VIOLATED)
_62090_/RN                              3.000000  165.001617 -162.001617 (VIOLATED)
_62091_/RN                              3.000000  165.001617 -162.001617 (VIOLATED)
_62092_/RN                              3.000000  165.001617 -162.001617 (VIOLATED)
_62093_/RN                              3.000000  165.001617 -162.001617 (VIOLATED)
_62094_/RN                              3.000000  165.001617 -162.001617 (VIOLATED)
_62095_/RN                              3.000000  165.001617 -162.001617 (VIOLATED)
_62096_/RN                              3.000000  165.001617 -162.001617 (VIOLATED)
_62097_/RN                              3.000000  165.001617 -162.001617 (VIOLATED)
_62098_/RN                              3.000000  165.001617 -162.001617 (VIOLATED)
_62099_/RN                              3.000000  165.001617 -162.001617 (VIOLATED)
_62100_/RN                              3.000000  165.001617 -162.001617 (VIOLATED)
_62101_/RN                              3.000000  165.001617 -162.001617 (VIOLATED)
_62102_/RN                              3.000000  165.001617 -162.001617 (VIOLATED)
_62103_/RN                              3.000000  165.001617 -162.001617 (VIOLATED)
_62104_/RN                              3.000000  165.001617 -162.001617 (VIOLATED)
_62105_/RN                              3.000000  165.001617 -162.001617 (VIOLATED)
_62106_/RN                              3.000000  165.001617 -162.001617 (VIOLATED)
_62107_/RN                              3.000000  165.001617 -162.001617 (VIOLATED)
_62108_/RN                              3.000000  165.001617 -162.001617 (VIOLATED)
_62109_/RN                              3.000000  165.001617 -162.001617 (VIOLATED)
_62110_/RN                              3.000000  165.001617 -162.001617 (VIOLATED)
_62111_/RN                              3.000000  165.001617 -162.001617 (VIOLATED)
_62112_/RN                              3.000000  165.001617 -162.001617 (VIOLATED)
_62113_/RN                              3.000000  165.001617 -162.001617 (VIOLATED)
_62114_/RN                              3.000000  165.001617 -162.001617 (VIOLATED)
_62115_/RN                              3.000000  165.001617 -162.001617 (VIOLATED)
_62116_/RN                              3.000000  165.001617 -162.001617 (VIOLATED)
_62117_/RN                              3.000000  165.001617 -162.001617 (VIOLATED)
_62118_/RN                              3.000000  165.001617 -162.001617 (VIOLATED)
_62119_/RN                              3.000000  165.001617 -162.001617 (VIOLATED)
_62120_/RN                              3.000000  165.001617 -162.001617 (VIOLATED)
_62121_/RN                              3.000000  165.001617 -162.001617 (VIOLATED)
_62122_/RN                              3.000000  165.001617 -162.001617 (VIOLATED)
_62123_/RN                              3.000000  165.001617 -162.001617 (VIOLATED)
_62124_/RN                              3.000000  165.001617 -162.001617 (VIOLATED)
_62125_/RN                              3.000000  165.001617 -162.001617 (VIOLATED)
_62126_/RN                              3.000000  165.001617 -162.001617 (VIOLATED)
_62127_/RN                              3.000000  165.001617 -162.001617 (VIOLATED)
_62128_/RN                              3.000000  165.001617 -162.001617 (VIOLATED)
_62129_/RN                              3.000000  165.001617 -162.001617 (VIOLATED)
_62130_/RN                              3.000000  165.001617 -162.001617 (VIOLATED)
_62131_/RN                              3.000000  165.001617 -162.001617 (VIOLATED)
_62132_/RN                              3.000000  165.001617 -162.001617 (VIOLATED)
_62133_/RN                              3.000000  165.001617 -162.001617 (VIOLATED)
_62134_/RN                              3.000000  165.001617 -162.001617 (VIOLATED)
_62135_/RN                              3.000000  165.001617 -162.001617 (VIOLATED)
_62136_/RN                              3.000000  165.001617 -162.001617 (VIOLATED)
_62137_/RN                              3.000000  165.001617 -162.001617 (VIOLATED)
_62138_/RN                              3.000000  165.001617 -162.001617 (VIOLATED)
_62139_/RN                              3.000000  165.001617 -162.001617 (VIOLATED)
_62140_/RN                              3.000000  165.001617 -162.001617 (VIOLATED)
_62141_/RN                              3.000000  165.001617 -162.001617 (VIOLATED)
_62142_/RN                              3.000000  165.001617 -162.001617 (VIOLATED)
_62143_/RN                              3.000000  165.001617 -162.001617 (VIOLATED)
_62197_/RN                              3.000000  165.001617 -162.001617 (VIOLATED)
_62198_/SETN                            3.000000  165.001617 -162.001617 (VIOLATED)
_62199_/SETN                            3.000000  165.001617 -162.001617 (VIOLATED)
_62200_/RN                              3.000000  165.001617 -162.001617 (VIOLATED)
_62201_/RN                              3.000000  165.001617 -162.001617 (VIOLATED)
_62202_/RN                              3.000000  165.001617 -162.001617 (VIOLATED)
_62203_/RN                              3.000000  165.001617 -162.001617 (VIOLATED)
_62204_/RN                              3.000000  165.001617 -162.001617 (VIOLATED)
_62205_/RN                              3.000000  165.001617 -162.001617 (VIOLATED)
_62206_/RN                              3.000000  165.001617 -162.001617 (VIOLATED)
_62219_/RN                              3.000000  165.001617 -162.001617 (VIOLATED)
_62220_/SETN                            3.000000  165.001617 -162.001617 (VIOLATED)
_62221_/SETN                            3.000000  165.001617 -162.001617 (VIOLATED)
_62222_/SETN                            3.000000  165.001617 -162.001617 (VIOLATED)
_62223_/SETN                            3.000000  165.001617 -162.001617 (VIOLATED)
_62224_/SETN                            3.000000  165.001617 -162.001617 (VIOLATED)
_62225_/SETN                            3.000000  165.001617 -162.001617 (VIOLATED)
_62226_/SETN                            3.000000  165.001617 -162.001617 (VIOLATED)
_62227_/SETN                            3.000000  165.001617 -162.001617 (VIOLATED)
_62228_/SETN                            3.000000  165.001617 -162.001617 (VIOLATED)
_62229_/SETN                            3.000000  165.001617 -162.001617 (VIOLATED)
_62230_/SETN                            3.000000  165.001617 -162.001617 (VIOLATED)
_62231_/SETN                            3.000000  165.001617 -162.001617 (VIOLATED)
_62232_/SETN                            3.000000  165.001617 -162.001617 (VIOLATED)
_62233_/SETN                            3.000000  165.001617 -162.001617 (VIOLATED)
_62234_/SETN                            3.000000  165.001617 -162.001617 (VIOLATED)
_62235_/SETN                            3.000000  165.001617 -162.001617 (VIOLATED)
_62236_/SETN                            3.000000  165.001617 -162.001617 (VIOLATED)
_62237_/SETN                            3.000000  165.001617 -162.001617 (VIOLATED)
_62238_/SETN                            3.000000  165.001617 -162.001617 (VIOLATED)
_62239_/SETN                            3.000000  165.001617 -162.001617 (VIOLATED)
_62240_/SETN                            3.000000  165.001617 -162.001617 (VIOLATED)
_62241_/SETN                            3.000000  165.001617 -162.001617 (VIOLATED)
_62242_/SETN                            3.000000  165.001617 -162.001617 (VIOLATED)
_62243_/SETN                            3.000000  165.001617 -162.001617 (VIOLATED)
_62244_/SETN                            3.000000  165.001617 -162.001617 (VIOLATED)
_62245_/SETN                            3.000000  165.001617 -162.001617 (VIOLATED)
_62246_/SETN                            3.000000  165.001617 -162.001617 (VIOLATED)
_62247_/SETN                            3.000000  165.001617 -162.001617 (VIOLATED)
_62248_/SETN                            3.000000  165.001617 -162.001617 (VIOLATED)
_62249_/SETN                            3.000000  165.001617 -162.001617 (VIOLATED)
_62250_/SETN                            3.000000  165.001617 -162.001617 (VIOLATED)
_62251_/SETN                            3.000000  165.001617 -162.001617 (VIOLATED)
_62252_/SETN                            3.000000  165.001617 -162.001617 (VIOLATED)
_62253_/SETN                            3.000000  165.001617 -162.001617 (VIOLATED)
_62254_/SETN                            3.000000  165.001617 -162.001617 (VIOLATED)
_62255_/SETN                            3.000000  165.001617 -162.001617 (VIOLATED)
_62256_/SETN                            3.000000  165.001617 -162.001617 (VIOLATED)
_62257_/SETN                            3.000000  165.001617 -162.001617 (VIOLATED)
_62258_/SETN                            3.000000  165.001617 -162.001617 (VIOLATED)
_62259_/SETN                            3.000000  165.001617 -162.001617 (VIOLATED)
_62260_/SETN                            3.000000  165.001617 -162.001617 (VIOLATED)
_62261_/SETN                            3.000000  165.001617 -162.001617 (VIOLATED)
_62262_/SETN                            3.000000  165.001617 -162.001617 (VIOLATED)
_62263_/SETN                            3.000000  165.001617 -162.001617 (VIOLATED)
_62264_/SETN                            3.000000  165.001617 -162.001617 (VIOLATED)
_62265_/SETN                            3.000000  165.001617 -162.001617 (VIOLATED)
_62266_/SETN                            3.000000  165.001617 -162.001617 (VIOLATED)
_62267_/SETN                            3.000000  165.001617 -162.001617 (VIOLATED)
_62268_/SETN                            3.000000  165.001617 -162.001617 (VIOLATED)
_62269_/SETN                            3.000000  165.001617 -162.001617 (VIOLATED)
_62270_/SETN                            3.000000  165.001617 -162.001617 (VIOLATED)
_62271_/SETN                            3.000000  165.001617 -162.001617 (VIOLATED)
_62272_/SETN                            3.000000  165.001617 -162.001617 (VIOLATED)
_62273_/SETN                            3.000000  165.001617 -162.001617 (VIOLATED)
_62274_/SETN                            3.000000  165.001617 -162.001617 (VIOLATED)
_62275_/SETN                            3.000000  165.001617 -162.001617 (VIOLATED)
_62276_/SETN                            3.000000  165.001617 -162.001617 (VIOLATED)
_62277_/SETN                            3.000000  165.001617 -162.001617 (VIOLATED)
_62278_/SETN                            3.000000  165.001617 -162.001617 (VIOLATED)
_62279_/SETN                            3.000000  165.001617 -162.001617 (VIOLATED)
_62280_/SETN                            3.000000  165.001617 -162.001617 (VIOLATED)
_62281_/SETN                            3.000000  165.001617 -162.001617 (VIOLATED)
_62282_/SETN                            3.000000  165.001617 -162.001617 (VIOLATED)
_62283_/SETN                            3.000000  165.001617 -162.001617 (VIOLATED)
_62284_/SETN                            3.000000  165.001617 -162.001617 (VIOLATED)
_62285_/SETN                            3.000000  165.001617 -162.001617 (VIOLATED)
_62286_/SETN                            3.000000  165.001617 -162.001617 (VIOLATED)
_62287_/SETN                            3.000000  165.001617 -162.001617 (VIOLATED)
_62288_/SETN                            3.000000  165.001617 -162.001617 (VIOLATED)
_62289_/SETN                            3.000000  165.001617 -162.001617 (VIOLATED)
_62290_/SETN                            3.000000  165.001617 -162.001617 (VIOLATED)
_62291_/SETN                            3.000000  165.001617 -162.001617 (VIOLATED)
_62292_/SETN                            3.000000  165.001617 -162.001617 (VIOLATED)
_62293_/SETN                            3.000000  165.001617 -162.001617 (VIOLATED)
_62294_/SETN                            3.000000  165.001617 -162.001617 (VIOLATED)
_62295_/SETN                            3.000000  165.001617 -162.001617 (VIOLATED)
_62296_/SETN                            3.000000  165.001617 -162.001617 (VIOLATED)
_62297_/SETN                            3.000000  165.001617 -162.001617 (VIOLATED)
_62298_/SETN                            3.000000  165.001617 -162.001617 (VIOLATED)
_62299_/SETN                            3.000000  165.001617 -162.001617 (VIOLATED)
_62300_/SETN                            3.000000  165.001617 -162.001617 (VIOLATED)
_62301_/SETN                            3.000000  165.001617 -162.001617 (VIOLATED)
_62302_/SETN                            3.000000  165.001617 -162.001617 (VIOLATED)
_62303_/SETN                            3.000000  165.001617 -162.001617 (VIOLATED)
_62304_/SETN                            3.000000  165.001617 -162.001617 (VIOLATED)
_62305_/SETN                            3.000000  165.001617 -162.001617 (VIOLATED)
_62306_/SETN                            3.000000  165.001617 -162.001617 (VIOLATED)
_62307_/SETN                            3.000000  165.001617 -162.001617 (VIOLATED)
_62308_/SETN                            3.000000  165.001617 -162.001617 (VIOLATED)
_62309_/SETN                            3.000000  165.001617 -162.001617 (VIOLATED)
_62310_/SETN                            3.000000  165.001617 -162.001617 (VIOLATED)
_62311_/SETN                            3.000000  165.001617 -162.001617 (VIOLATED)
_62312_/SETN                            3.000000  165.001617 -162.001617 (VIOLATED)
_62313_/SETN                            3.000000  165.001617 -162.001617 (VIOLATED)
_62314_/SETN                            3.000000  165.001617 -162.001617 (VIOLATED)
_62315_/SETN                            3.000000  165.001617 -162.001617 (VIOLATED)
_62316_/SETN                            3.000000  165.001617 -162.001617 (VIOLATED)
_62317_/SETN                            3.000000  165.001617 -162.001617 (VIOLATED)
_62318_/SETN                            3.000000  165.001617 -162.001617 (VIOLATED)
_62319_/SETN                            3.000000  165.001617 -162.001617 (VIOLATED)
_62320_/SETN                            3.000000  165.001617 -162.001617 (VIOLATED)
_62321_/SETN                            3.000000  165.001617 -162.001617 (VIOLATED)
_62322_/SETN                            3.000000  165.001617 -162.001617 (VIOLATED)
_62323_/SETN                            3.000000  165.001617 -162.001617 (VIOLATED)
_62324_/SETN                            3.000000  165.001617 -162.001617 (VIOLATED)
_62325_/SETN                            3.000000  165.001617 -162.001617 (VIOLATED)
_62326_/SETN                            3.000000  165.001617 -162.001617 (VIOLATED)
_62327_/SETN                            3.000000  165.001617 -162.001617 (VIOLATED)
_62328_/SETN                            3.000000  165.001617 -162.001617 (VIOLATED)
_62329_/SETN                            3.000000  165.001617 -162.001617 (VIOLATED)
_62330_/SETN                            3.000000  165.001617 -162.001617 (VIOLATED)
_62331_/SETN                            3.000000  165.001617 -162.001617 (VIOLATED)
_62332_/SETN                            3.000000  165.001617 -162.001617 (VIOLATED)
_62333_/SETN                            3.000000  165.001617 -162.001617 (VIOLATED)
_62334_/SETN                            3.000000  165.001617 -162.001617 (VIOLATED)
_62335_/SETN                            3.000000  165.001617 -162.001617 (VIOLATED)
_62336_/SETN                            3.000000  165.001617 -162.001617 (VIOLATED)
_62337_/SETN                            3.000000  165.001617 -162.001617 (VIOLATED)
_62338_/SETN                            3.000000  165.001617 -162.001617 (VIOLATED)
_62339_/SETN                            3.000000  165.001617 -162.001617 (VIOLATED)
_62340_/SETN                            3.000000  165.001617 -162.001617 (VIOLATED)
_62341_/SETN                            3.000000  165.001617 -162.001617 (VIOLATED)
_62342_/SETN                            3.000000  165.001617 -162.001617 (VIOLATED)
_62343_/SETN                            3.000000  165.001617 -162.001617 (VIOLATED)
_62344_/SETN                            3.000000  165.001617 -162.001617 (VIOLATED)
_62345_/SETN                            3.000000  165.001617 -162.001617 (VIOLATED)
_62346_/RN                              3.000000  165.001617 -162.001617 (VIOLATED)
_62347_/RN                              3.000000  165.001617 -162.001617 (VIOLATED)
_62348_/RN                              3.000000  165.001617 -162.001617 (VIOLATED)
_62349_/RN                              3.000000  165.001617 -162.001617 (VIOLATED)
_62350_/RN                              3.000000  165.001617 -162.001617 (VIOLATED)
_62351_/RN                              3.000000  165.001617 -162.001617 (VIOLATED)
_62352_/RN                              3.000000  165.001617 -162.001617 (VIOLATED)
_62353_/RN                              3.000000  165.001617 -162.001617 (VIOLATED)
_62354_/RN                              3.000000  165.001617 -162.001617 (VIOLATED)
_62355_/RN                              3.000000  165.001617 -162.001617 (VIOLATED)
_62356_/RN                              3.000000  165.001617 -162.001617 (VIOLATED)
_62357_/RN                              3.000000  165.001617 -162.001617 (VIOLATED)
_62358_/RN                              3.000000  165.001617 -162.001617 (VIOLATED)
_62359_/RN                              3.000000  165.001617 -162.001617 (VIOLATED)
_62360_/RN                              3.000000  165.001617 -162.001617 (VIOLATED)
_62361_/RN                              3.000000  165.001617 -162.001617 (VIOLATED)
_62362_/RN                              3.000000  165.001617 -162.001617 (VIOLATED)
_62363_/RN                              3.000000  165.001617 -162.001617 (VIOLATED)
_62364_/RN                              3.000000  165.001617 -162.001617 (VIOLATED)
_62365_/RN                              3.000000  165.001617 -162.001617 (VIOLATED)
_62366_/RN                              3.000000  165.001617 -162.001617 (VIOLATED)
_62367_/RN                              3.000000  165.001617 -162.001617 (VIOLATED)
_62368_/RN                              3.000000  165.001617 -162.001617 (VIOLATED)
_62369_/RN                              3.000000  165.001617 -162.001617 (VIOLATED)
_62370_/RN                              3.000000  165.001617 -162.001617 (VIOLATED)
_62371_/RN                              3.000000  165.001617 -162.001617 (VIOLATED)
_62372_/RN                              3.000000  165.001617 -162.001617 (VIOLATED)
_62373_/RN                              3.000000  165.001617 -162.001617 (VIOLATED)
_62374_/RN                              3.000000  165.001617 -162.001617 (VIOLATED)
_62375_/RN                              3.000000  165.001617 -162.001617 (VIOLATED)
_62376_/RN                              3.000000  165.001617 -162.001617 (VIOLATED)
_62377_/RN                              3.000000  165.001617 -162.001617 (VIOLATED)
_62378_/RN                              3.000000  165.001617 -162.001617 (VIOLATED)
_62379_/RN                              3.000000  165.001617 -162.001617 (VIOLATED)
_62380_/RN                              3.000000  165.001617 -162.001617 (VIOLATED)
_62381_/RN                              3.000000  165.001617 -162.001617 (VIOLATED)
_62382_/RN                              3.000000  165.001617 -162.001617 (VIOLATED)
_62383_/RN                              3.000000  165.001617 -162.001617 (VIOLATED)
_62384_/RN                              3.000000  165.001617 -162.001617 (VIOLATED)
_62385_/RN                              3.000000  165.001617 -162.001617 (VIOLATED)
_62386_/RN                              3.000000  165.001617 -162.001617 (VIOLATED)
_62387_/RN                              3.000000  165.001617 -162.001617 (VIOLATED)
_62388_/RN                              3.000000  165.001617 -162.001617 (VIOLATED)
_62389_/RN                              3.000000  165.001617 -162.001617 (VIOLATED)
_62390_/RN                              3.000000  165.001617 -162.001617 (VIOLATED)
_62391_/RN                              3.000000  165.001617 -162.001617 (VIOLATED)
_62392_/RN                              3.000000  165.001617 -162.001617 (VIOLATED)
_62393_/RN                              3.000000  165.001617 -162.001617 (VIOLATED)
_62394_/RN                              3.000000  165.001617 -162.001617 (VIOLATED)
_62395_/RN                              3.000000  165.001617 -162.001617 (VIOLATED)
_62396_/RN                              3.000000  165.001617 -162.001617 (VIOLATED)
_62397_/RN                              3.000000  165.001617 -162.001617 (VIOLATED)
_62398_/RN                              3.000000  165.001617 -162.001617 (VIOLATED)
_62399_/RN                              3.000000  165.001617 -162.001617 (VIOLATED)
_62400_/RN                              3.000000  165.001617 -162.001617 (VIOLATED)
_62401_/RN                              3.000000  165.001617 -162.001617 (VIOLATED)
_62402_/RN                              3.000000  165.001617 -162.001617 (VIOLATED)
_62403_/RN                              3.000000  165.001617 -162.001617 (VIOLATED)
_62404_/RN                              3.000000  165.001617 -162.001617 (VIOLATED)
_62405_/RN                              3.000000  165.001617 -162.001617 (VIOLATED)
_62406_/RN                              3.000000  165.001617 -162.001617 (VIOLATED)
_62407_/RN                              3.000000  165.001617 -162.001617 (VIOLATED)
_62408_/RN                              3.000000  165.001617 -162.001617 (VIOLATED)
_62409_/RN                              3.000000  165.001617 -162.001617 (VIOLATED)
_62410_/RN                              3.000000  165.001617 -162.001617 (VIOLATED)
_62411_/RN                              3.000000  165.001617 -162.001617 (VIOLATED)
_62412_/RN                              3.000000  165.001617 -162.001617 (VIOLATED)
_62413_/RN                              3.000000  165.001617 -162.001617 (VIOLATED)
_62414_/RN                              3.000000  165.001617 -162.001617 (VIOLATED)
_62415_/RN                              3.000000  165.001617 -162.001617 (VIOLATED)
_62416_/RN                              3.000000  165.001617 -162.001617 (VIOLATED)
_62417_/RN                              3.000000  165.001617 -162.001617 (VIOLATED)
_62418_/RN                              3.000000  165.001617 -162.001617 (VIOLATED)
_62419_/RN                              3.000000  165.001617 -162.001617 (VIOLATED)
_62420_/RN                              3.000000  165.001617 -162.001617 (VIOLATED)
_62421_/RN                              3.000000  165.001617 -162.001617 (VIOLATED)
_62422_/RN                              3.000000  165.001617 -162.001617 (VIOLATED)
_62423_/RN                              3.000000  165.001617 -162.001617 (VIOLATED)
_62424_/RN                              3.000000  165.001617 -162.001617 (VIOLATED)
_62425_/RN                              3.000000  165.001617 -162.001617 (VIOLATED)
_62426_/RN                              3.000000  165.001617 -162.001617 (VIOLATED)
_62427_/RN                              3.000000  165.001617 -162.001617 (VIOLATED)
_62428_/RN                              3.000000  165.001617 -162.001617 (VIOLATED)
_62429_/RN                              3.000000  165.001617 -162.001617 (VIOLATED)
_62430_/RN                              3.000000  165.001617 -162.001617 (VIOLATED)
_62431_/RN                              3.000000  165.001617 -162.001617 (VIOLATED)
_62432_/RN                              3.000000  165.001617 -162.001617 (VIOLATED)
_62433_/RN                              3.000000  165.001617 -162.001617 (VIOLATED)
_62434_/RN                              3.000000  165.001617 -162.001617 (VIOLATED)
_62435_/RN                              3.000000  165.001617 -162.001617 (VIOLATED)
_62436_/RN                              3.000000  165.001617 -162.001617 (VIOLATED)
_62437_/RN                              3.000000  165.001617 -162.001617 (VIOLATED)
_62438_/RN                              3.000000  165.001617 -162.001617 (VIOLATED)
_62439_/RN                              3.000000  165.001617 -162.001617 (VIOLATED)
_62440_/RN                              3.000000  165.001617 -162.001617 (VIOLATED)
_62441_/RN                              3.000000  165.001617 -162.001617 (VIOLATED)
_62442_/RN                              3.000000  165.001617 -162.001617 (VIOLATED)
_62443_/RN                              3.000000  165.001617 -162.001617 (VIOLATED)
_62444_/RN                              3.000000  165.001617 -162.001617 (VIOLATED)
_62445_/RN                              3.000000  165.001617 -162.001617 (VIOLATED)
_62446_/RN                              3.000000  165.001617 -162.001617 (VIOLATED)
_62447_/RN                              3.000000  165.001617 -162.001617 (VIOLATED)
_62448_/RN                              3.000000  165.001617 -162.001617 (VIOLATED)
_62449_/RN                              3.000000  165.001617 -162.001617 (VIOLATED)
_62450_/RN                              3.000000  165.001617 -162.001617 (VIOLATED)
_62451_/RN                              3.000000  165.001617 -162.001617 (VIOLATED)
_62452_/RN                              3.000000  165.001617 -162.001617 (VIOLATED)
_62453_/RN                              3.000000  165.001617 -162.001617 (VIOLATED)
_62454_/RN                              3.000000  165.001617 -162.001617 (VIOLATED)
_62455_/RN                              3.000000  165.001617 -162.001617 (VIOLATED)
_62456_/RN                              3.000000  165.001617 -162.001617 (VIOLATED)
_62457_/RN                              3.000000  165.001617 -162.001617 (VIOLATED)
_62458_/RN                              3.000000  165.001617 -162.001617 (VIOLATED)
_62459_/RN                              3.000000  165.001617 -162.001617 (VIOLATED)
_62460_/RN                              3.000000  165.001617 -162.001617 (VIOLATED)
_62461_/RN                              3.000000  165.001617 -162.001617 (VIOLATED)
_62462_/RN                              3.000000  165.001617 -162.001617 (VIOLATED)
_62463_/RN                              3.000000  165.001617 -162.001617 (VIOLATED)
_62464_/RN                              3.000000  165.001617 -162.001617 (VIOLATED)
_62465_/RN                              3.000000  165.001617 -162.001617 (VIOLATED)
_62466_/RN                              3.000000  165.001617 -162.001617 (VIOLATED)
_62467_/RN                              3.000000  165.001617 -162.001617 (VIOLATED)
_62468_/RN                              3.000000  165.001617 -162.001617 (VIOLATED)
_62469_/RN                              3.000000  165.001617 -162.001617 (VIOLATED)
_62470_/RN                              3.000000  165.001617 -162.001617 (VIOLATED)
_62471_/RN                              3.000000  165.001617 -162.001617 (VIOLATED)
_62472_/RN                              3.000000  165.001617 -162.001617 (VIOLATED)
_62473_/RN                              3.000000  165.001617 -162.001617 (VIOLATED)
_62474_/RN                              3.000000  165.001617 -162.001617 (VIOLATED)
_62475_/RN                              3.000000  165.001617 -162.001617 (VIOLATED)
_62476_/RN                              3.000000  165.001617 -162.001617 (VIOLATED)
_62477_/RN                              3.000000  165.001617 -162.001617 (VIOLATED)
_62478_/RN                              3.000000  165.001617 -162.001617 (VIOLATED)
_62479_/RN                              3.000000  165.001617 -162.001617 (VIOLATED)
_62480_/RN                              3.000000  165.001617 -162.001617 (VIOLATED)
_62481_/RN                              3.000000  165.001617 -162.001617 (VIOLATED)
_62482_/RN                              3.000000  165.001617 -162.001617 (VIOLATED)
_62483_/RN                              3.000000  165.001617 -162.001617 (VIOLATED)
_62484_/RN                              3.000000  165.001617 -162.001617 (VIOLATED)
_62485_/RN                              3.000000  165.001617 -162.001617 (VIOLATED)
_62486_/RN                              3.000000  165.001617 -162.001617 (VIOLATED)
_62487_/RN                              3.000000  165.001617 -162.001617 (VIOLATED)
_62488_/RN                              3.000000  165.001617 -162.001617 (VIOLATED)
_62489_/RN                              3.000000  165.001617 -162.001617 (VIOLATED)
_62490_/RN                              3.000000  165.001617 -162.001617 (VIOLATED)
_62491_/RN                              3.000000  165.001617 -162.001617 (VIOLATED)
_62492_/RN                              3.000000  165.001617 -162.001617 (VIOLATED)
_62493_/RN                              3.000000  165.001617 -162.001617 (VIOLATED)
_62494_/RN                              3.000000  165.001617 -162.001617 (VIOLATED)
_62495_/RN                              3.000000  165.001617 -162.001617 (VIOLATED)
_62496_/RN                              3.000000  165.001617 -162.001617 (VIOLATED)
_62497_/RN                              3.000000  165.001617 -162.001617 (VIOLATED)
_62498_/RN                              3.000000  165.001617 -162.001617 (VIOLATED)
_62499_/RN                              3.000000  165.001617 -162.001617 (VIOLATED)
_62500_/RN                              3.000000  165.001617 -162.001617 (VIOLATED)
_62501_/RN                              3.000000  165.001617 -162.001617 (VIOLATED)
_62502_/RN                              3.000000  165.001617 -162.001617 (VIOLATED)
_62503_/RN                              3.000000  165.001617 -162.001617 (VIOLATED)
_57337_/CLK                             3.000000   83.861252  -80.861259 (VIOLATED)
_57338_/CLK                             3.000000   83.861252  -80.861259 (VIOLATED)
_57339_/CLK                             3.000000   83.861252  -80.861259 (VIOLATED)
_57340_/CLK                             3.000000   83.861252  -80.861259 (VIOLATED)
_57341_/CLK                             3.000000   83.861252  -80.861259 (VIOLATED)
_57342_/CLK                             3.000000   83.861252  -80.861259 (VIOLATED)
_57343_/CLK                             3.000000   83.861252  -80.861259 (VIOLATED)
_57344_/CLK                             3.000000   83.861252  -80.861259 (VIOLATED)
_57345_/CLK                             3.000000   83.861252  -80.861259 (VIOLATED)
_57346_/CLK                             3.000000   83.861252  -80.861259 (VIOLATED)
_57347_/CLK                             3.000000   83.861252  -80.861259 (VIOLATED)
_57348_/CLK                             3.000000   83.861252  -80.861259 (VIOLATED)
_57349_/CLK                             3.000000   83.861252  -80.861259 (VIOLATED)
_57350_/CLK                             3.000000   83.861252  -80.861259 (VIOLATED)
_57351_/CLK                             3.000000   83.861252  -80.861259 (VIOLATED)
_57352_/CLK                             3.000000   83.861252  -80.861259 (VIOLATED)
_57353_/CLK                             3.000000   83.861252  -80.861259 (VIOLATED)
_57354_/CLK                             3.000000   83.861252  -80.861259 (VIOLATED)
_57355_/CLK                             3.000000   83.861252  -80.861259 (VIOLATED)
_57356_/CLK                             3.000000   83.861252  -80.861259 (VIOLATED)
_57357_/CLK                             3.000000   83.861252  -80.861259 (VIOLATED)
_57358_/CLK                             3.000000   83.861252  -80.861259 (VIOLATED)
_57359_/CLK                             3.000000   83.861252  -80.861259 (VIOLATED)
_57360_/CLK                             3.000000   83.861252  -80.861259 (VIOLATED)
_57361_/CLK                             3.000000   83.861252  -80.861259 (VIOLATED)
_57362_/CLK                             3.000000   83.861252  -80.861259 (VIOLATED)
_57363_/CLK                             3.000000   83.861252  -80.861259 (VIOLATED)
_57364_/CLK                             3.000000   83.861252  -80.861259 (VIOLATED)
_57365_/CLK                             3.000000   83.861252  -80.861259 (VIOLATED)
_57366_/CLK                             3.000000   83.861252  -80.861259 (VIOLATED)
_57367_/CLK                             3.000000   83.861252  -80.861259 (VIOLATED)
_57368_/CLK                             3.000000   83.861252  -80.861259 (VIOLATED)
_57369_/CLK                             3.000000   83.861252  -80.861259 (VIOLATED)
_57370_/CLK                             3.000000   83.861252  -80.861259 (VIOLATED)
_57371_/CLK                             3.000000   83.861252  -80.861259 (VIOLATED)
_57372_/CLK                             3.000000   83.861252  -80.861259 (VIOLATED)
_57373_/CLK                             3.000000   83.861252  -80.861259 (VIOLATED)
_57374_/CLK                             3.000000   83.861252  -80.861259 (VIOLATED)
_57375_/CLK                             3.000000   83.861252  -80.861259 (VIOLATED)
_57376_/CLK                             3.000000   83.861252  -80.861259 (VIOLATED)
_57377_/CLK                             3.000000   83.861252  -80.861259 (VIOLATED)
_57378_/CLK                             3.000000   83.861252  -80.861259 (VIOLATED)
_57379_/CLK                             3.000000   83.861252  -80.861259 (VIOLATED)
_57380_/CLK                             3.000000   83.861252  -80.861259 (VIOLATED)
_57381_/CLK                             3.000000   83.861252  -80.861259 (VIOLATED)
_57382_/CLK                             3.000000   83.861252  -80.861259 (VIOLATED)
_57383_/CLK                             3.000000   83.861252  -80.861259 (VIOLATED)
_57384_/CLK                             3.000000   83.861252  -80.861259 (VIOLATED)
_57385_/CLK                             3.000000   83.861252  -80.861259 (VIOLATED)
_57386_/CLK                             3.000000   83.861252  -80.861259 (VIOLATED)
_57387_/CLK                             3.000000   83.861252  -80.861259 (VIOLATED)
_57388_/CLK                             3.000000   83.861252  -80.861259 (VIOLATED)
_57389_/CLK                             3.000000   83.861252  -80.861259 (VIOLATED)
_57390_/CLK                             3.000000   83.861252  -80.861259 (VIOLATED)
_57391_/CLK                             3.000000   83.861252  -80.861259 (VIOLATED)
_57392_/CLK                             3.000000   83.861252  -80.861259 (VIOLATED)
_57393_/CLK                             3.000000   83.861252  -80.861259 (VIOLATED)
_57394_/CLK                             3.000000   83.861252  -80.861259 (VIOLATED)
_57395_/CLK                             3.000000   83.861252  -80.861259 (VIOLATED)
_57396_/CLK                             3.000000   83.861252  -80.861259 (VIOLATED)
_57397_/CLK                             3.000000   83.861252  -80.861259 (VIOLATED)
_57398_/CLK                             3.000000   83.861252  -80.861259 (VIOLATED)
_57399_/CLK                             3.000000   83.861252  -80.861259 (VIOLATED)
_57400_/CLK                             3.000000   83.861252  -80.861259 (VIOLATED)
_57401_/CLK                             3.000000   83.861252  -80.861259 (VIOLATED)
_57402_/CLK                             3.000000   83.861252  -80.861259 (VIOLATED)
_57403_/CLK                             3.000000   83.861252  -80.861259 (VIOLATED)
_57404_/CLK                             3.000000   83.861252  -80.861259 (VIOLATED)
_57405_/CLK                             3.000000   83.861252  -80.861259 (VIOLATED)
_57406_/CLK                             3.000000   83.861252  -80.861259 (VIOLATED)
_57407_/CLK                             3.000000   83.861252  -80.861259 (VIOLATED)
_57408_/CLK                             3.000000   83.861252  -80.861259 (VIOLATED)
_57409_/CLK                             3.000000   83.861252  -80.861259 (VIOLATED)
_57410_/CLK                             3.000000   83.861252  -80.861259 (VIOLATED)
_57411_/CLK                             3.000000   83.861252  -80.861259 (VIOLATED)
_57412_/CLK                             3.000000   83.861252  -80.861259 (VIOLATED)
_57413_/CLK                             3.000000   83.861252  -80.861259 (VIOLATED)
_57414_/CLK                             3.000000   83.861252  -80.861259 (VIOLATED)
_57415_/CLK                             3.000000   83.861252  -80.861259 (VIOLATED)
_57416_/CLK                             3.000000   83.861252  -80.861259 (VIOLATED)
_57417_/CLK                             3.000000   83.861252  -80.861259 (VIOLATED)
_57418_/CLK                             3.000000   83.861252  -80.861259 (VIOLATED)
_57419_/CLK                             3.000000   83.861252  -80.861259 (VIOLATED)
_57420_/CLK                             3.000000   83.861252  -80.861259 (VIOLATED)
_57421_/CLK                             3.000000   83.861252  -80.861259 (VIOLATED)
_57422_/CLK                             3.000000   83.861252  -80.861259 (VIOLATED)
_57423_/CLK                             3.000000   83.861252  -80.861259 (VIOLATED)
_57424_/CLK                             3.000000   83.861252  -80.861259 (VIOLATED)
_57425_/CLK                             3.000000   83.861252  -80.861259 (VIOLATED)
_57426_/CLK                             3.000000   83.861252  -80.861259 (VIOLATED)
_57427_/CLK                             3.000000   83.861252  -80.861259 (VIOLATED)
_57428_/CLK                             3.000000   83.861252  -80.861259 (VIOLATED)
_57429_/CLK                             3.000000   83.861252  -80.861259 (VIOLATED)
_57430_/CLK                             3.000000   83.861252  -80.861259 (VIOLATED)
_57431_/CLK                             3.000000   83.861252  -80.861259 (VIOLATED)
_57432_/CLK                             3.000000   83.861252  -80.861259 (VIOLATED)
_57433_/CLK                             3.000000   83.861252  -80.861259 (VIOLATED)
_57434_/CLK                             3.000000   83.861252  -80.861259 (VIOLATED)
_57435_/CLK                             3.000000   83.861252  -80.861259 (VIOLATED)
_57436_/CLK                             3.000000   83.861252  -80.861259 (VIOLATED)
_57437_/CLK                             3.000000   83.861252  -80.861259 (VIOLATED)
_57438_/CLK                             3.000000   83.861252  -80.861259 (VIOLATED)
_57439_/CLK                             3.000000   83.861252  -80.861259 (VIOLATED)
_57440_/CLK                             3.000000   83.861252  -80.861259 (VIOLATED)
_57441_/CLK                             3.000000   83.861252  -80.861259 (VIOLATED)
_57442_/CLK                             3.000000   83.861252  -80.861259 (VIOLATED)
_57443_/CLK                             3.000000   83.861252  -80.861259 (VIOLATED)
_57444_/CLK                             3.000000   83.861252  -80.861259 (VIOLATED)
_57445_/CLK                             3.000000   83.861252  -80.861259 (VIOLATED)
_57446_/CLK                             3.000000   83.861252  -80.861259 (VIOLATED)
_57447_/CLK                             3.000000   83.861252  -80.861259 (VIOLATED)
_57448_/CLK                             3.000000   83.861252  -80.861259 (VIOLATED)
_57449_/CLK                             3.000000   83.861252  -80.861259 (VIOLATED)
_57450_/CLK                             3.000000   83.861252  -80.861259 (VIOLATED)
_57451_/CLK                             3.000000   83.861252  -80.861259 (VIOLATED)
_57452_/CLK                             3.000000   83.861252  -80.861259 (VIOLATED)
_57453_/CLK                             3.000000   83.861252  -80.861259 (VIOLATED)
_57454_/CLK                             3.000000   83.861252  -80.861259 (VIOLATED)
_57455_/CLK                             3.000000   83.861252  -80.861259 (VIOLATED)
_57456_/CLK                             3.000000   83.861252  -80.861259 (VIOLATED)
_57457_/CLK                             3.000000   83.861252  -80.861259 (VIOLATED)
_57458_/CLK                             3.000000   83.861252  -80.861259 (VIOLATED)
_57459_/CLK                             3.000000   83.861252  -80.861259 (VIOLATED)
_57460_/CLK                             3.000000   83.861252  -80.861259 (VIOLATED)
_57461_/CLK                             3.000000   83.861252  -80.861259 (VIOLATED)
_57462_/CLK                             3.000000   83.861252  -80.861259 (VIOLATED)
_57463_/CLK                             3.000000   83.861252  -80.861259 (VIOLATED)
_57464_/CLK                             3.000000   83.861252  -80.861259 (VIOLATED)
_57465_/CLK                             3.000000   83.861252  -80.861259 (VIOLATED)
_57466_/CLK                             3.000000   83.861252  -80.861259 (VIOLATED)
_57467_/CLK                             3.000000   83.861252  -80.861259 (VIOLATED)
_57468_/CLK                             3.000000   83.861252  -80.861259 (VIOLATED)
_57469_/CLK                             3.000000   83.861252  -80.861259 (VIOLATED)
_57470_/CLK                             3.000000   83.861252  -80.861259 (VIOLATED)
_57471_/CLK                             3.000000   83.861252  -80.861259 (VIOLATED)
_57472_/CLK                             3.000000   83.861252  -80.861259 (VIOLATED)
_57473_/CLK                             3.000000   83.861252  -80.861259 (VIOLATED)
_57474_/CLK                             3.000000   83.861252  -80.861259 (VIOLATED)
_57475_/CLK                             3.000000   83.861252  -80.861259 (VIOLATED)
_57476_/CLK                             3.000000   83.861252  -80.861259 (VIOLATED)
_57477_/CLK                             3.000000   83.861252  -80.861259 (VIOLATED)
_57478_/CLK                             3.000000   83.861252  -80.861259 (VIOLATED)
_57479_/CLK                             3.000000   83.861252  -80.861259 (VIOLATED)
_57480_/CLK                             3.000000   83.861252  -80.861259 (VIOLATED)
_57481_/CLK                             3.000000   83.861252  -80.861259 (VIOLATED)
_57482_/CLK                             3.000000   83.861252  -80.861259 (VIOLATED)
_57483_/CLK                             3.000000   83.861252  -80.861259 (VIOLATED)
_57484_/CLK                             3.000000   83.861252  -80.861259 (VIOLATED)
_57485_/CLK                             3.000000   83.861252  -80.861259 (VIOLATED)
_57486_/CLK                             3.000000   83.861252  -80.861259 (VIOLATED)
_57487_/CLK                             3.000000   83.861252  -80.861259 (VIOLATED)
_57488_/CLK                             3.000000   83.861252  -80.861259 (VIOLATED)
_57489_/CLK                             3.000000   83.861252  -80.861259 (VIOLATED)
_57490_/CLK                             3.000000   83.861252  -80.861259 (VIOLATED)
_57491_/CLK                             3.000000   83.861252  -80.861259 (VIOLATED)
_57492_/CLK                             3.000000   83.861252  -80.861259 (VIOLATED)
_57493_/CLK                             3.000000   83.861252  -80.861259 (VIOLATED)
_57494_/CLK                             3.000000   83.861252  -80.861259 (VIOLATED)
_57495_/CLK                             3.000000   83.861252  -80.861259 (VIOLATED)
_57496_/CLK                             3.000000   83.861252  -80.861259 (VIOLATED)
_57497_/CLK                             3.000000   83.861252  -80.861259 (VIOLATED)
_57498_/CLK                             3.000000   83.861252  -80.861259 (VIOLATED)
_57499_/CLK                             3.000000   83.861252  -80.861259 (VIOLATED)
_57500_/CLK                             3.000000   83.861252  -80.861259 (VIOLATED)
_57501_/CLK                             3.000000   83.861252  -80.861259 (VIOLATED)
_57502_/CLK                             3.000000   83.861252  -80.861259 (VIOLATED)
_57503_/CLK                             3.000000   83.861252  -80.861259 (VIOLATED)
_57504_/CLK                             3.000000   83.861252  -80.861259 (VIOLATED)
_57505_/CLK                             3.000000   83.861252  -80.861259 (VIOLATED)
_57506_/CLK                             3.000000   83.861252  -80.861259 (VIOLATED)
_57507_/CLK                             3.000000   83.861252  -80.861259 (VIOLATED)
_57508_/CLK                             3.000000   83.861252  -80.861259 (VIOLATED)
_57509_/CLK                             3.000000   83.861252  -80.861259 (VIOLATED)
_57510_/CLK                             3.000000   83.861252  -80.861259 (VIOLATED)
_57511_/CLK                             3.000000   83.861252  -80.861259 (VIOLATED)
_57512_/CLK                             3.000000   83.861252  -80.861259 (VIOLATED)
_57513_/CLK                             3.000000   83.861252  -80.861259 (VIOLATED)
_57514_/CLK                             3.000000   83.861252  -80.861259 (VIOLATED)
_57515_/CLK                             3.000000   83.861252  -80.861259 (VIOLATED)
_57516_/CLK                             3.000000   83.861252  -80.861259 (VIOLATED)
_57517_/CLK                             3.000000   83.861252  -80.861259 (VIOLATED)
_57518_/CLK                             3.000000   83.861252  -80.861259 (VIOLATED)
_57519_/CLK                             3.000000   83.861252  -80.861259 (VIOLATED)
_57520_/CLK                             3.000000   83.861252  -80.861259 (VIOLATED)
_57521_/CLK                             3.000000   83.861252  -80.861259 (VIOLATED)
_57522_/CLK                             3.000000   83.861252  -80.861259 (VIOLATED)
_57523_/CLK                             3.000000   83.861252  -80.861259 (VIOLATED)
_57524_/CLK                             3.000000   83.861252  -80.861259 (VIOLATED)
_57525_/CLK                             3.000000   83.861252  -80.861259 (VIOLATED)
_57526_/CLK                             3.000000   83.861252  -80.861259 (VIOLATED)
_57527_/CLK                             3.000000   83.861252  -80.861259 (VIOLATED)
_57528_/CLK                             3.000000   83.861252  -80.861259 (VIOLATED)
_57529_/CLK                             3.000000   83.861252  -80.861259 (VIOLATED)
_57530_/CLK                             3.000000   83.861252  -80.861259 (VIOLATED)
_57531_/CLK                             3.000000   83.861252  -80.861259 (VIOLATED)
_57532_/CLK                             3.000000   83.861252  -80.861259 (VIOLATED)
_57533_/CLK                             3.000000   83.861252  -80.861259 (VIOLATED)
_57534_/CLK                             3.000000   83.861252  -80.861259 (VIOLATED)
_57535_/CLK                             3.000000   83.861252  -80.861259 (VIOLATED)
_57536_/CLK                             3.000000   83.861252  -80.861259 (VIOLATED)
_57537_/CLK                             3.000000   83.861252  -80.861259 (VIOLATED)
_57538_/CLK                             3.000000   83.861252  -80.861259 (VIOLATED)
_57539_/CLK                             3.000000   83.861252  -80.861259 (VIOLATED)
_57540_/CLK                             3.000000   83.861252  -80.861259 (VIOLATED)
_57541_/CLK                             3.000000   83.861252  -80.861259 (VIOLATED)
_57542_/CLK                             3.000000   83.861252  -80.861259 (VIOLATED)
_57543_/CLK                             3.000000   83.861252  -80.861259 (VIOLATED)
_57544_/CLK                             3.000000   83.861252  -80.861259 (VIOLATED)
_57545_/CLK                             3.000000   83.861252  -80.861259 (VIOLATED)
_57546_/CLK                             3.000000   83.861252  -80.861259 (VIOLATED)
_57547_/CLK                             3.000000   83.861252  -80.861259 (VIOLATED)
_57548_/CLK                             3.000000   83.861252  -80.861259 (VIOLATED)
_57549_/CLK                             3.000000   83.861252  -80.861259 (VIOLATED)
_57550_/CLK                             3.000000   83.861252  -80.861259 (VIOLATED)
_57551_/CLK                             3.000000   83.861252  -80.861259 (VIOLATED)
_57552_/CLK                             3.000000   83.861252  -80.861259 (VIOLATED)
_57553_/CLK                             3.000000   83.861252  -80.861259 (VIOLATED)
_57554_/CLK                             3.000000   83.861252  -80.861259 (VIOLATED)
_57555_/CLK                             3.000000   83.861252  -80.861259 (VIOLATED)
_57556_/CLK                             3.000000   83.861252  -80.861259 (VIOLATED)
_57557_/CLK                             3.000000   83.861252  -80.861259 (VIOLATED)
_57558_/CLK                             3.000000   83.861252  -80.861259 (VIOLATED)
_57559_/CLK                             3.000000   83.861252  -80.861259 (VIOLATED)
_57560_/CLK                             3.000000   83.861252  -80.861259 (VIOLATED)
_57561_/CLK                             3.000000   83.861252  -80.861259 (VIOLATED)
_57562_/CLK                             3.000000   83.861252  -80.861259 (VIOLATED)
_57563_/CLK                             3.000000   83.861252  -80.861259 (VIOLATED)
_57564_/CLK                             3.000000   83.861252  -80.861259 (VIOLATED)
_57565_/CLK                             3.000000   83.861252  -80.861259 (VIOLATED)
_57566_/CLK                             3.000000   83.861252  -80.861259 (VIOLATED)
_57567_/CLK                             3.000000   83.861252  -80.861259 (VIOLATED)
_57568_/CLK                             3.000000   83.861252  -80.861259 (VIOLATED)
_57569_/CLK                             3.000000   83.861252  -80.861259 (VIOLATED)
_57570_/CLK                             3.000000   83.861252  -80.861259 (VIOLATED)
_57571_/CLK                             3.000000   83.861252  -80.861259 (VIOLATED)
_57572_/CLK                             3.000000   83.861252  -80.861259 (VIOLATED)
_57573_/CLK                             3.000000   83.861252  -80.861259 (VIOLATED)
_57574_/CLK                             3.000000   83.861252  -80.861259 (VIOLATED)
_57575_/CLK                             3.000000   83.861252  -80.861259 (VIOLATED)
_57576_/CLK                             3.000000   83.861252  -80.861259 (VIOLATED)
_57577_/CLK                             3.000000   83.861252  -80.861259 (VIOLATED)
_57578_/CLK                             3.000000   83.861252  -80.861259 (VIOLATED)
_57579_/CLK                             3.000000   83.861252  -80.861259 (VIOLATED)
_57580_/CLK                             3.000000   83.861252  -80.861259 (VIOLATED)
_57581_/CLK                             3.000000   83.861252  -80.861259 (VIOLATED)
_57582_/CLK                             3.000000   83.861252  -80.861259 (VIOLATED)
_57583_/CLK                             3.000000   83.861252  -80.861259 (VIOLATED)
_57584_/CLK                             3.000000   83.861252  -80.861259 (VIOLATED)
_57585_/CLK                             3.000000   83.861252  -80.861259 (VIOLATED)
_57586_/CLK                             3.000000   83.861252  -80.861259 (VIOLATED)
_57587_/CLK                             3.000000   83.861252  -80.861259 (VIOLATED)
_57588_/CLK                             3.000000   83.861252  -80.861259 (VIOLATED)
_57589_/CLK                             3.000000   83.861252  -80.861259 (VIOLATED)
_57590_/CLK                             3.000000   83.861252  -80.861259 (VIOLATED)
_57591_/CLK                             3.000000   83.861252  -80.861259 (VIOLATED)
_57592_/CLK                             3.000000   83.861252  -80.861259 (VIOLATED)
_57593_/CLK                             3.000000   83.861252  -80.861259 (VIOLATED)
_57594_/CLK                             3.000000   83.861252  -80.861259 (VIOLATED)
_57595_/CLK                             3.000000   83.861252  -80.861259 (VIOLATED)
_57596_/CLK                             3.000000   83.861252  -80.861259 (VIOLATED)
_57597_/CLK                             3.000000   83.861252  -80.861259 (VIOLATED)
_57598_/CLK                             3.000000   83.861252  -80.861259 (VIOLATED)
_57599_/CLK                             3.000000   83.861252  -80.861259 (VIOLATED)
_57600_/CLK                             3.000000   83.861252  -80.861259 (VIOLATED)
_57601_/CLK                             3.000000   83.861252  -80.861259 (VIOLATED)
_57602_/CLK                             3.000000   83.861252  -80.861259 (VIOLATED)
_57603_/CLK                             3.000000   83.861252  -80.861259 (VIOLATED)
_57604_/CLK                             3.000000   83.861252  -80.861259 (VIOLATED)
_57605_/CLK                             3.000000   83.861252  -80.861259 (VIOLATED)
_57606_/CLK                             3.000000   83.861252  -80.861259 (VIOLATED)
_57607_/CLK                             3.000000   83.861252  -80.861259 (VIOLATED)
_57608_/CLK                             3.000000   83.861252  -80.861259 (VIOLATED)
_57609_/CLK                             3.000000   83.861252  -80.861259 (VIOLATED)
_57610_/CLK                             3.000000   83.861252  -80.861259 (VIOLATED)
_57611_/CLK                             3.000000   83.861252  -80.861259 (VIOLATED)
_57612_/CLK                             3.000000   83.861252  -80.861259 (VIOLATED)
_57613_/CLK                             3.000000   83.861252  -80.861259 (VIOLATED)
_57614_/CLK                             3.000000   83.861252  -80.861259 (VIOLATED)
_57615_/CLK                             3.000000   83.861252  -80.861259 (VIOLATED)
_57616_/CLK                             3.000000   83.861252  -80.861259 (VIOLATED)
_57617_/CLK                             3.000000   83.861252  -80.861259 (VIOLATED)
_57618_/CLK                             3.000000   83.861252  -80.861259 (VIOLATED)
_57619_/CLK                             3.000000   83.861252  -80.861259 (VIOLATED)
_57620_/CLK                             3.000000   83.861252  -80.861259 (VIOLATED)
_57621_/CLK                             3.000000   83.861252  -80.861259 (VIOLATED)
_57622_/CLK                             3.000000   83.861252  -80.861259 (VIOLATED)
_57623_/CLK                             3.000000   83.861252  -80.861259 (VIOLATED)
_57624_/CLK                             3.000000   83.861252  -80.861259 (VIOLATED)
_57625_/CLK                             3.000000   83.861252  -80.861259 (VIOLATED)
_57626_/CLK                             3.000000   83.861252  -80.861259 (VIOLATED)
_57627_/CLK                             3.000000   83.861252  -80.861259 (VIOLATED)
_57628_/CLK                             3.000000   83.861252  -80.861259 (VIOLATED)
_57629_/CLK                             3.000000   83.861252  -80.861259 (VIOLATED)
_57630_/CLK                             3.000000   83.861252  -80.861259 (VIOLATED)
_57631_/CLK                             3.000000   83.861252  -80.861259 (VIOLATED)
_57632_/CLK                             3.000000   83.861252  -80.861259 (VIOLATED)
_57633_/CLK                             3.000000   83.861252  -80.861259 (VIOLATED)
_57634_/CLK                             3.000000   83.861252  -80.861259 (VIOLATED)
_57635_/CLK                             3.000000   83.861252  -80.861259 (VIOLATED)
_57636_/CLK                             3.000000   83.861252  -80.861259 (VIOLATED)
_57637_/CLK                             3.000000   83.861252  -80.861259 (VIOLATED)
_57638_/CLK                             3.000000   83.861252  -80.861259 (VIOLATED)
_57639_/CLK                             3.000000   83.861252  -80.861259 (VIOLATED)
_57640_/CLK                             3.000000   83.861252  -80.861259 (VIOLATED)
_57641_/CLK                             3.000000   83.861252  -80.861259 (VIOLATED)
_57642_/CLK                             3.000000   83.861252  -80.861259 (VIOLATED)
_57643_/CLK                             3.000000   83.861252  -80.861259 (VIOLATED)
_57644_/CLK                             3.000000   83.861252  -80.861259 (VIOLATED)
_57645_/CLK                             3.000000   83.861252  -80.861259 (VIOLATED)
_57646_/CLK                             3.000000   83.861252  -80.861259 (VIOLATED)
_57647_/CLK                             3.000000   83.861252  -80.861259 (VIOLATED)
_57648_/CLK                             3.000000   83.861252  -80.861259 (VIOLATED)
_57649_/CLK                             3.000000   83.861252  -80.861259 (VIOLATED)
_57650_/CLK                             3.000000   83.861252  -80.861259 (VIOLATED)
_57651_/CLK                             3.000000   83.861252  -80.861259 (VIOLATED)
_57652_/CLK                             3.000000   83.861252  -80.861259 (VIOLATED)
_57653_/CLK                             3.000000   83.861252  -80.861259 (VIOLATED)
_57654_/CLK                             3.000000   83.861252  -80.861259 (VIOLATED)
_57655_/CLK                             3.000000   83.861252  -80.861259 (VIOLATED)
_57656_/CLK                             3.000000   83.861252  -80.861259 (VIOLATED)
_57657_/CLK                             3.000000   83.861252  -80.861259 (VIOLATED)
_57658_/CLK                             3.000000   83.861252  -80.861259 (VIOLATED)
_57659_/CLK                             3.000000   83.861252  -80.861259 (VIOLATED)
_57660_/CLK                             3.000000   83.861252  -80.861259 (VIOLATED)
_57661_/CLK                             3.000000   83.861252  -80.861259 (VIOLATED)
_57662_/CLK                             3.000000   83.861252  -80.861259 (VIOLATED)
_57663_/CLK                             3.000000   83.861252  -80.861259 (VIOLATED)
_57664_/CLK                             3.000000   83.861252  -80.861259 (VIOLATED)
_57665_/CLK                             3.000000   83.861252  -80.861259 (VIOLATED)
_57666_/CLK                             3.000000   83.861252  -80.861259 (VIOLATED)
_57667_/CLK                             3.000000   83.861252  -80.861259 (VIOLATED)
_57668_/CLK                             3.000000   83.861252  -80.861259 (VIOLATED)
_57669_/CLK                             3.000000   83.861252  -80.861259 (VIOLATED)
_57670_/CLK                             3.000000   83.861252  -80.861259 (VIOLATED)
_57671_/CLK                             3.000000   83.861252  -80.861259 (VIOLATED)
_57672_/CLK                             3.000000   83.861252  -80.861259 (VIOLATED)
_57673_/CLK                             3.000000   83.861252  -80.861259 (VIOLATED)
_57674_/CLK                             3.000000   83.861252  -80.861259 (VIOLATED)
_57675_/CLK                             3.000000   83.861252  -80.861259 (VIOLATED)
_57676_/CLK                             3.000000   83.861252  -80.861259 (VIOLATED)
_57677_/CLK                             3.000000   83.861252  -80.861259 (VIOLATED)
_57678_/CLK                             3.000000   83.861252  -80.861259 (VIOLATED)
_57679_/CLK                             3.000000   83.861252  -80.861259 (VIOLATED)
_57680_/CLK                             3.000000   83.861252  -80.861259 (VIOLATED)
_57681_/CLK                             3.000000   83.861252  -80.861259 (VIOLATED)
_57682_/CLK                             3.000000   83.861252  -80.861259 (VIOLATED)
_57683_/CLK                             3.000000   83.861252  -80.861259 (VIOLATED)
_57684_/CLK                             3.000000   83.861252  -80.861259 (VIOLATED)
_57685_/CLK                             3.000000   83.861252  -80.861259 (VIOLATED)
_57686_/CLK                             3.000000   83.861252  -80.861259 (VIOLATED)
_57687_/CLK                             3.000000   83.861252  -80.861259 (VIOLATED)
_57688_/CLK                             3.000000   83.861252  -80.861259 (VIOLATED)
_57689_/CLK                             3.000000   83.861252  -80.861259 (VIOLATED)
_57690_/CLK                             3.000000   83.861252  -80.861259 (VIOLATED)
_57691_/CLK                             3.000000   83.861252  -80.861259 (VIOLATED)
_57692_/CLK                             3.000000   83.861252  -80.861259 (VIOLATED)
_57693_/CLK                             3.000000   83.861252  -80.861259 (VIOLATED)
_57694_/CLK                             3.000000   83.861252  -80.861259 (VIOLATED)
_57695_/CLK                             3.000000   83.861252  -80.861259 (VIOLATED)
_57696_/CLK                             3.000000   83.861252  -80.861259 (VIOLATED)
_57697_/CLK                             3.000000   83.861252  -80.861259 (VIOLATED)
_57698_/CLK                             3.000000   83.861252  -80.861259 (VIOLATED)
_57699_/CLK                             3.000000   83.861252  -80.861259 (VIOLATED)
_57700_/CLK                             3.000000   83.861252  -80.861259 (VIOLATED)
_57701_/CLK                             3.000000   83.861252  -80.861259 (VIOLATED)
_57702_/CLK                             3.000000   83.861252  -80.861259 (VIOLATED)
_57703_/CLK                             3.000000   83.861252  -80.861259 (VIOLATED)
_57704_/CLK                             3.000000   83.861252  -80.861259 (VIOLATED)
_57705_/CLK                             3.000000   83.861252  -80.861259 (VIOLATED)
_57706_/CLK                             3.000000   83.861252  -80.861259 (VIOLATED)
_57707_/CLK                             3.000000   83.861252  -80.861259 (VIOLATED)
_57708_/CLK                             3.000000   83.861252  -80.861259 (VIOLATED)
_57709_/CLK                             3.000000   83.861252  -80.861259 (VIOLATED)
_57710_/CLK                             3.000000   83.861252  -80.861259 (VIOLATED)
_57711_/CLK                             3.000000   83.861252  -80.861259 (VIOLATED)
_57712_/CLK                             3.000000   83.861252  -80.861259 (VIOLATED)
_57713_/CLK                             3.000000   83.861252  -80.861259 (VIOLATED)
_57714_/CLK                             3.000000   83.861252  -80.861259 (VIOLATED)
_57715_/CLK                             3.000000   83.861252  -80.861259 (VIOLATED)
_57716_/CLK                             3.000000   83.861252  -80.861259 (VIOLATED)
_57717_/CLK                             3.000000   83.861252  -80.861259 (VIOLATED)
_57718_/CLK                             3.000000   83.861252  -80.861259 (VIOLATED)
_57719_/CLK                             3.000000   83.861252  -80.861259 (VIOLATED)
_57720_/CLK                             3.000000   83.861252  -80.861259 (VIOLATED)
_57721_/CLK                             3.000000   83.861252  -80.861259 (VIOLATED)
_57722_/CLK                             3.000000   83.861252  -80.861259 (VIOLATED)
_57723_/CLK                             3.000000   83.861252  -80.861259 (VIOLATED)
_57724_/CLK                             3.000000   83.861252  -80.861259 (VIOLATED)
_57725_/CLK                             3.000000   83.861252  -80.861259 (VIOLATED)
_57726_/CLK                             3.000000   83.861252  -80.861259 (VIOLATED)
_57727_/CLK                             3.000000   83.861252  -80.861259 (VIOLATED)
_57728_/CLK                             3.000000   83.861252  -80.861259 (VIOLATED)
_57729_/CLK                             3.000000   83.861252  -80.861259 (VIOLATED)
_57730_/CLK                             3.000000   83.861252  -80.861259 (VIOLATED)
_57731_/CLK                             3.000000   83.861252  -80.861259 (VIOLATED)
_57732_/CLK                             3.000000   83.861252  -80.861259 (VIOLATED)
_57733_/CLK                             3.000000   83.861252  -80.861259 (VIOLATED)
_57734_/CLK                             3.000000   83.861252  -80.861259 (VIOLATED)
_57735_/CLK                             3.000000   83.861252  -80.861259 (VIOLATED)
_57736_/CLK                             3.000000   83.861252  -80.861259 (VIOLATED)
_57737_/CLK                             3.000000   83.861252  -80.861259 (VIOLATED)
_57738_/CLK                             3.000000   83.861252  -80.861259 (VIOLATED)
_57739_/CLK                             3.000000   83.861252  -80.861259 (VIOLATED)
_57740_/CLK                             3.000000   83.861252  -80.861259 (VIOLATED)
_57741_/CLK                             3.000000   83.861252  -80.861259 (VIOLATED)
_57742_/CLK                             3.000000   83.861252  -80.861259 (VIOLATED)
_57743_/CLK                             3.000000   83.861252  -80.861259 (VIOLATED)
_57744_/CLK                             3.000000   83.861252  -80.861259 (VIOLATED)
_57745_/CLK                             3.000000   83.861252  -80.861259 (VIOLATED)
_57746_/CLK                             3.000000   83.861252  -80.861259 (VIOLATED)
_57747_/CLK                             3.000000   83.861252  -80.861259 (VIOLATED)
_57748_/CLK                             3.000000   83.861252  -80.861259 (VIOLATED)
_57749_/CLK                             3.000000   83.861252  -80.861259 (VIOLATED)
_57750_/CLK                             3.000000   83.861252  -80.861259 (VIOLATED)
_57751_/CLK                             3.000000   83.861252  -80.861259 (VIOLATED)
_57752_/CLK                             3.000000   83.861252  -80.861259 (VIOLATED)
_57753_/CLK                             3.000000   83.861252  -80.861259 (VIOLATED)
_57754_/CLK                             3.000000   83.861252  -80.861259 (VIOLATED)
_57755_/CLK                             3.000000   83.861252  -80.861259 (VIOLATED)
_57756_/CLK                             3.000000   83.861252  -80.861259 (VIOLATED)
_57757_/CLK                             3.000000   83.861252  -80.861259 (VIOLATED)
_57758_/CLK                             3.000000   83.861252  -80.861259 (VIOLATED)
_57759_/CLK                             3.000000   83.861252  -80.861259 (VIOLATED)
_57760_/CLK                             3.000000   83.861252  -80.861259 (VIOLATED)
_57761_/CLK                             3.000000   83.861252  -80.861259 (VIOLATED)
_57762_/CLK                             3.000000   83.861252  -80.861259 (VIOLATED)
_57763_/CLK                             3.000000   83.861252  -80.861259 (VIOLATED)
_57764_/CLK                             3.000000   83.861252  -80.861259 (VIOLATED)
_57765_/CLK                             3.000000   83.861252  -80.861259 (VIOLATED)
_57766_/CLK                             3.000000   83.861252  -80.861259 (VIOLATED)
_57767_/CLK                             3.000000   83.861252  -80.861259 (VIOLATED)
_57768_/CLK                             3.000000   83.861252  -80.861259 (VIOLATED)
_57769_/CLK                             3.000000   83.861252  -80.861259 (VIOLATED)
_57770_/CLK                             3.000000   83.861252  -80.861259 (VIOLATED)
_57771_/CLK                             3.000000   83.861252  -80.861259 (VIOLATED)
_57772_/CLK                             3.000000   83.861252  -80.861259 (VIOLATED)
_57773_/CLK                             3.000000   83.861252  -80.861259 (VIOLATED)
_57774_/CLK                             3.000000   83.861252  -80.861259 (VIOLATED)
_57775_/CLK                             3.000000   83.861252  -80.861259 (VIOLATED)
_57776_/CLK                             3.000000   83.861252  -80.861259 (VIOLATED)
_57777_/CLK                             3.000000   83.861252  -80.861259 (VIOLATED)
_57778_/CLK                             3.000000   83.861252  -80.861259 (VIOLATED)
_57779_/CLK                             3.000000   83.861252  -80.861259 (VIOLATED)
_57780_/CLK                             3.000000   83.861252  -80.861259 (VIOLATED)
_57781_/CLK                             3.000000   83.861252  -80.861259 (VIOLATED)
_57782_/CLK                             3.000000   83.861252  -80.861259 (VIOLATED)
_57783_/CLK                             3.000000   83.861252  -80.861259 (VIOLATED)
_57784_/CLK                             3.000000   83.861252  -80.861259 (VIOLATED)
_57785_/CLK                             3.000000   83.861252  -80.861259 (VIOLATED)
_57786_/CLK                             3.000000   83.861252  -80.861259 (VIOLATED)
_57787_/CLK                             3.000000   83.861252  -80.861259 (VIOLATED)
_57788_/CLK                             3.000000   83.861252  -80.861259 (VIOLATED)
_57789_/CLK                             3.000000   83.861252  -80.861259 (VIOLATED)
_57790_/CLK                             3.000000   83.861252  -80.861259 (VIOLATED)
_57791_/CLK                             3.000000   83.861252  -80.861259 (VIOLATED)
_57792_/CLK                             3.000000   83.861252  -80.861259 (VIOLATED)
_57793_/CLK                             3.000000   83.861252  -80.861259 (VIOLATED)
_57794_/CLK                             3.000000   83.861252  -80.861259 (VIOLATED)
_57795_/CLK                             3.000000   83.861252  -80.861259 (VIOLATED)
_57796_/CLK                             3.000000   83.861252  -80.861259 (VIOLATED)
_57797_/CLK                             3.000000   83.861252  -80.861259 (VIOLATED)
_57798_/CLK                             3.000000   83.861252  -80.861259 (VIOLATED)
_57799_/CLK                             3.000000   83.861252  -80.861259 (VIOLATED)
_57800_/CLK                             3.000000   83.861252  -80.861259 (VIOLATED)
_57801_/CLK                             3.000000   83.861252  -80.861259 (VIOLATED)
_57802_/CLK                             3.000000   83.861252  -80.861259 (VIOLATED)
_57803_/CLK                             3.000000   83.861252  -80.861259 (VIOLATED)
_57804_/CLK                             3.000000   83.861252  -80.861259 (VIOLATED)
_57805_/CLK                             3.000000   83.861252  -80.861259 (VIOLATED)
_57806_/CLK                             3.000000   83.861252  -80.861259 (VIOLATED)
_57807_/CLK                             3.000000   83.861252  -80.861259 (VIOLATED)
_57808_/CLK                             3.000000   83.861252  -80.861259 (VIOLATED)
_57809_/CLK                             3.000000   83.861252  -80.861259 (VIOLATED)
_57810_/CLK                             3.000000   83.861252  -80.861259 (VIOLATED)
_57811_/CLK                             3.000000   83.861252  -80.861259 (VIOLATED)
_57812_/CLK                             3.000000   83.861252  -80.861259 (VIOLATED)
_57813_/CLK                             3.000000   83.861252  -80.861259 (VIOLATED)
_57814_/CLK                             3.000000   83.861252  -80.861259 (VIOLATED)
_57815_/CLK                             3.000000   83.861252  -80.861259 (VIOLATED)
_57816_/CLK                             3.000000   83.861252  -80.861259 (VIOLATED)
_57817_/CLK                             3.000000   83.861252  -80.861259 (VIOLATED)
_57818_/CLK                             3.000000   83.861252  -80.861259 (VIOLATED)
_57819_/CLK                             3.000000   83.861252  -80.861259 (VIOLATED)
_57820_/CLK                             3.000000   83.861252  -80.861259 (VIOLATED)
_57821_/CLK                             3.000000   83.861252  -80.861259 (VIOLATED)
_57822_/CLK                             3.000000   83.861252  -80.861259 (VIOLATED)
_57823_/CLK                             3.000000   83.861252  -80.861259 (VIOLATED)
_57824_/CLK                             3.000000   83.861252  -80.861259 (VIOLATED)
_57825_/CLK                             3.000000   83.861252  -80.861259 (VIOLATED)
_57826_/CLK                             3.000000   83.861252  -80.861259 (VIOLATED)
_57827_/CLK                             3.000000   83.861252  -80.861259 (VIOLATED)
_57828_/CLK                             3.000000   83.861252  -80.861259 (VIOLATED)
_57829_/CLK                             3.000000   83.861252  -80.861259 (VIOLATED)
_57830_/CLK                             3.000000   83.861252  -80.861259 (VIOLATED)
_57831_/CLK                             3.000000   83.861252  -80.861259 (VIOLATED)
_57832_/CLK                             3.000000   83.861252  -80.861259 (VIOLATED)
_57833_/CLK                             3.000000   83.861252  -80.861259 (VIOLATED)
_57834_/CLK                             3.000000   83.861252  -80.861259 (VIOLATED)
_57835_/CLK                             3.000000   83.861252  -80.861259 (VIOLATED)
_57836_/CLK                             3.000000   83.861252  -80.861259 (VIOLATED)
_57837_/CLK                             3.000000   83.861252  -80.861259 (VIOLATED)
_57838_/CLK                             3.000000   83.861252  -80.861259 (VIOLATED)
_57839_/CLK                             3.000000   83.861252  -80.861259 (VIOLATED)
_57840_/CLK                             3.000000   83.861252  -80.861259 (VIOLATED)
_57841_/CLK                             3.000000   83.861252  -80.861259 (VIOLATED)
_57842_/CLK                             3.000000   83.861252  -80.861259 (VIOLATED)
_57843_/CLK                             3.000000   83.861252  -80.861259 (VIOLATED)
_57844_/CLK                             3.000000   83.861252  -80.861259 (VIOLATED)
_57845_/CLK                             3.000000   83.861252  -80.861259 (VIOLATED)
_57846_/CLK                             3.000000   83.861252  -80.861259 (VIOLATED)
_57847_/CLK                             3.000000   83.861252  -80.861259 (VIOLATED)
_57848_/CLK                             3.000000   83.861252  -80.861259 (VIOLATED)
_57849_/CLK                             3.000000   83.861252  -80.861259 (VIOLATED)
_57850_/CLK                             3.000000   83.861252  -80.861259 (VIOLATED)
_57851_/CLK                             3.000000   83.861252  -80.861259 (VIOLATED)
_57852_/CLK                             3.000000   83.861252  -80.861259 (VIOLATED)
_57853_/CLK                             3.000000   83.861252  -80.861259 (VIOLATED)
_57854_/CLK                             3.000000   83.861252  -80.861259 (VIOLATED)
_57855_/CLK                             3.000000   83.861252  -80.861259 (VIOLATED)
_57856_/CLK                             3.000000   83.861252  -80.861259 (VIOLATED)
_57857_/CLK                             3.000000   83.861252  -80.861259 (VIOLATED)
_57858_/CLK                             3.000000   83.861252  -80.861259 (VIOLATED)
_57859_/CLK                             3.000000   83.861252  -80.861259 (VIOLATED)
_57860_/CLK                             3.000000   83.861252  -80.861259 (VIOLATED)
_57861_/CLK                             3.000000   83.861252  -80.861259 (VIOLATED)
_57862_/CLK                             3.000000   83.861252  -80.861259 (VIOLATED)
_57863_/CLK                             3.000000   83.861252  -80.861259 (VIOLATED)
_57864_/CLK                             3.000000   83.861252  -80.861259 (VIOLATED)
_57865_/CLK                             3.000000   83.861252  -80.861259 (VIOLATED)
_57866_/CLK                             3.000000   83.861252  -80.861259 (VIOLATED)
_57867_/CLK                             3.000000   83.861252  -80.861259 (VIOLATED)
_57868_/CLK                             3.000000   83.861252  -80.861259 (VIOLATED)
_57869_/CLK                             3.000000   83.861252  -80.861259 (VIOLATED)
_57870_/CLK                             3.000000   83.861252  -80.861259 (VIOLATED)
_57871_/CLK                             3.000000   83.861252  -80.861259 (VIOLATED)
_57872_/CLK                             3.000000   83.861252  -80.861259 (VIOLATED)
_57873_/CLK                             3.000000   83.861252  -80.861259 (VIOLATED)
_57874_/CLK                             3.000000   83.861252  -80.861259 (VIOLATED)
_57875_/CLK                             3.000000   83.861252  -80.861259 (VIOLATED)
_57876_/CLK                             3.000000   83.861252  -80.861259 (VIOLATED)
_57877_/CLK                             3.000000   83.861252  -80.861259 (VIOLATED)
_57878_/CLK                             3.000000   83.861252  -80.861259 (VIOLATED)
_57879_/CLK                             3.000000   83.861252  -80.861259 (VIOLATED)
_57880_/CLK                             3.000000   83.861252  -80.861259 (VIOLATED)
_57881_/CLK                             3.000000   83.861252  -80.861259 (VIOLATED)
_57882_/CLK                             3.000000   83.861252  -80.861259 (VIOLATED)
_57883_/CLK                             3.000000   83.861252  -80.861259 (VIOLATED)
_57884_/CLK                             3.000000   83.861252  -80.861259 (VIOLATED)
_57885_/CLK                             3.000000   83.861252  -80.861259 (VIOLATED)
_57886_/CLK                             3.000000   83.861252  -80.861259 (VIOLATED)
_57887_/CLK                             3.000000   83.861252  -80.861259 (VIOLATED)
_57888_/CLK                             3.000000   83.861252  -80.861259 (VIOLATED)
_57889_/CLK                             3.000000   83.861252  -80.861259 (VIOLATED)
_57890_/CLK                             3.000000   83.861252  -80.861259 (VIOLATED)
_57891_/CLK                             3.000000   83.861252  -80.861259 (VIOLATED)
_57892_/CLK                             3.000000   83.861252  -80.861259 (VIOLATED)
_57893_/CLK                             3.000000   83.861252  -80.861259 (VIOLATED)
_57894_/CLK                             3.000000   83.861252  -80.861259 (VIOLATED)
_57895_/CLK                             3.000000   83.861252  -80.861259 (VIOLATED)
_57896_/CLK                             3.000000   83.861252  -80.861259 (VIOLATED)
_57897_/CLK                             3.000000   83.861252  -80.861259 (VIOLATED)
_57898_/CLK                             3.000000   83.861252  -80.861259 (VIOLATED)
_57899_/CLK                             3.000000   83.861252  -80.861259 (VIOLATED)
_57900_/CLK                             3.000000   83.861252  -80.861259 (VIOLATED)
_57901_/CLK                             3.000000   83.861252  -80.861259 (VIOLATED)
_57902_/CLK                             3.000000   83.861252  -80.861259 (VIOLATED)
_57903_/CLK                             3.000000   83.861252  -80.861259 (VIOLATED)
_57904_/CLK                             3.000000   83.861252  -80.861259 (VIOLATED)
_57905_/CLK                             3.000000   83.861252  -80.861259 (VIOLATED)
_57906_/CLK                             3.000000   83.861252  -80.861259 (VIOLATED)
_57907_/CLK                             3.000000   83.861252  -80.861259 (VIOLATED)
_57908_/CLK                             3.000000   83.861252  -80.861259 (VIOLATED)
_57909_/CLK                             3.000000   83.861252  -80.861259 (VIOLATED)
_57910_/CLK                             3.000000   83.861252  -80.861259 (VIOLATED)
_57911_/CLK                             3.000000   83.861252  -80.861259 (VIOLATED)
_57912_/CLK                             3.000000   83.861252  -80.861259 (VIOLATED)
_57913_/CLK                             3.000000   83.861252  -80.861259 (VIOLATED)
_57914_/CLK                             3.000000   83.861252  -80.861259 (VIOLATED)
_57915_/CLK                             3.000000   83.861252  -80.861259 (VIOLATED)
_57916_/CLK                             3.000000   83.861252  -80.861259 (VIOLATED)
_57917_/CLK                             3.000000   83.861252  -80.861259 (VIOLATED)
_57918_/CLK                             3.000000   83.861252  -80.861259 (VIOLATED)
_57919_/CLK                             3.000000   83.861252  -80.861259 (VIOLATED)
_57920_/CLK                             3.000000   83.861252  -80.861259 (VIOLATED)
_57921_/CLK                             3.000000   83.861252  -80.861259 (VIOLATED)
_57922_/CLK                             3.000000   83.861252  -80.861259 (VIOLATED)
_57923_/CLK                             3.000000   83.861252  -80.861259 (VIOLATED)
_57924_/CLK                             3.000000   83.861252  -80.861259 (VIOLATED)
_57925_/CLK                             3.000000   83.861252  -80.861259 (VIOLATED)
_57926_/CLK                             3.000000   83.861252  -80.861259 (VIOLATED)
_57927_/CLK                             3.000000   83.861252  -80.861259 (VIOLATED)
_57928_/CLK                             3.000000   83.861252  -80.861259 (VIOLATED)
_57929_/CLK                             3.000000   83.861252  -80.861259 (VIOLATED)
_57930_/CLK                             3.000000   83.861252  -80.861259 (VIOLATED)
_57931_/CLK                             3.000000   83.861252  -80.861259 (VIOLATED)
_57932_/CLK                             3.000000   83.861252  -80.861259 (VIOLATED)
_57933_/CLK                             3.000000   83.861252  -80.861259 (VIOLATED)
_57934_/CLK                             3.000000   83.861252  -80.861259 (VIOLATED)
_57935_/CLK                             3.000000   83.861252  -80.861259 (VIOLATED)
_57936_/CLK                             3.000000   83.861252  -80.861259 (VIOLATED)
_57937_/CLK                             3.000000   83.861252  -80.861259 (VIOLATED)
_57938_/CLK                             3.000000   83.861252  -80.861259 (VIOLATED)
_57939_/CLK                             3.000000   83.861252  -80.861259 (VIOLATED)
_57940_/CLK                             3.000000   83.861252  -80.861259 (VIOLATED)
_57941_/CLK                             3.000000   83.861252  -80.861259 (VIOLATED)
_57942_/CLK                             3.000000   83.861252  -80.861259 (VIOLATED)
_57943_/CLK                             3.000000   83.861252  -80.861259 (VIOLATED)
_57944_/CLK                             3.000000   83.861252  -80.861259 (VIOLATED)
_57945_/CLK                             3.000000   83.861252  -80.861259 (VIOLATED)
_57946_/CLK                             3.000000   83.861252  -80.861259 (VIOLATED)
_57947_/CLK                             3.000000   83.861252  -80.861259 (VIOLATED)
_57948_/CLK                             3.000000   83.861252  -80.861259 (VIOLATED)
_57949_/CLK                             3.000000   83.861252  -80.861259 (VIOLATED)
_57950_/CLK                             3.000000   83.861252  -80.861259 (VIOLATED)
_57951_/CLK                             3.000000   83.861252  -80.861259 (VIOLATED)
_57952_/CLK                             3.000000   83.861252  -80.861259 (VIOLATED)
_57953_/CLK                             3.000000   83.861252  -80.861259 (VIOLATED)
_57954_/CLK                             3.000000   83.861252  -80.861259 (VIOLATED)
_57955_/CLK                             3.000000   83.861252  -80.861259 (VIOLATED)
_57956_/CLK                             3.000000   83.861252  -80.861259 (VIOLATED)
_57957_/CLK                             3.000000   83.861252  -80.861259 (VIOLATED)
_57958_/CLK                             3.000000   83.861252  -80.861259 (VIOLATED)
_57959_/CLK                             3.000000   83.861252  -80.861259 (VIOLATED)
_57960_/CLK                             3.000000   83.861252  -80.861259 (VIOLATED)
_57961_/CLK                             3.000000   83.861252  -80.861259 (VIOLATED)
_57962_/CLK                             3.000000   83.861252  -80.861259 (VIOLATED)
_57963_/CLK                             3.000000   83.861252  -80.861259 (VIOLATED)
_57964_/CLK                             3.000000   83.861252  -80.861259 (VIOLATED)
_57965_/CLK                             3.000000   83.861252  -80.861259 (VIOLATED)
_57966_/CLK                             3.000000   83.861252  -80.861259 (VIOLATED)
_57967_/CLK                             3.000000   83.861252  -80.861259 (VIOLATED)
_57968_/CLK                             3.000000   83.861252  -80.861259 (VIOLATED)
_57969_/CLK                             3.000000   83.861252  -80.861259 (VIOLATED)
_57970_/CLK                             3.000000   83.861252  -80.861259 (VIOLATED)
_57971_/CLK                             3.000000   83.861252  -80.861259 (VIOLATED)
_57972_/CLK                             3.000000   83.861252  -80.861259 (VIOLATED)
_57973_/CLK                             3.000000   83.861252  -80.861259 (VIOLATED)
_57974_/CLK                             3.000000   83.861252  -80.861259 (VIOLATED)
_57975_/CLK                             3.000000   83.861252  -80.861259 (VIOLATED)
_57976_/CLK                             3.000000   83.861252  -80.861259 (VIOLATED)
_57977_/CLK                             3.000000   83.861252  -80.861259 (VIOLATED)
_57978_/CLK                             3.000000   83.861252  -80.861259 (VIOLATED)
_57979_/CLK                             3.000000   83.861252  -80.861259 (VIOLATED)
_57980_/CLK                             3.000000   83.861252  -80.861259 (VIOLATED)
_57981_/CLK                             3.000000   83.861252  -80.861259 (VIOLATED)
_57982_/CLK                             3.000000   83.861252  -80.861259 (VIOLATED)
_57983_/CLK                             3.000000   83.861252  -80.861259 (VIOLATED)
_57984_/CLK                             3.000000   83.861252  -80.861259 (VIOLATED)
_57985_/CLK                             3.000000   83.861252  -80.861259 (VIOLATED)
_57986_/CLK                             3.000000   83.861252  -80.861259 (VIOLATED)
_57987_/CLK                             3.000000   83.861252  -80.861259 (VIOLATED)
_57988_/CLK                             3.000000   83.861252  -80.861259 (VIOLATED)
_57989_/CLK                             3.000000   83.861252  -80.861259 (VIOLATED)
_57990_/CLK                             3.000000   83.861252  -80.861259 (VIOLATED)
_57991_/CLK                             3.000000   83.861252  -80.861259 (VIOLATED)
_57992_/CLK                             3.000000   83.861252  -80.861259 (VIOLATED)
_57993_/CLK                             3.000000   83.861252  -80.861259 (VIOLATED)
_57994_/CLK                             3.000000   83.861252  -80.861259 (VIOLATED)
_57995_/CLK                             3.000000   83.861252  -80.861259 (VIOLATED)
_57996_/CLK                             3.000000   83.861252  -80.861259 (VIOLATED)
_57997_/CLK                             3.000000   83.861252  -80.861259 (VIOLATED)
_57998_/CLK                             3.000000   83.861252  -80.861259 (VIOLATED)
_57999_/CLK                             3.000000   83.861252  -80.861259 (VIOLATED)
_58000_/CLK                             3.000000   83.861252  -80.861259 (VIOLATED)
_58001_/CLK                             3.000000   83.861252  -80.861259 (VIOLATED)
_58002_/CLK                             3.000000   83.861252  -80.861259 (VIOLATED)
_58003_/CLK                             3.000000   83.861252  -80.861259 (VIOLATED)
_58004_/CLK                             3.000000   83.861252  -80.861259 (VIOLATED)
_58005_/CLK                             3.000000   83.861252  -80.861259 (VIOLATED)
_58006_/CLK                             3.000000   83.861252  -80.861259 (VIOLATED)
_58007_/CLK                             3.000000   83.861252  -80.861259 (VIOLATED)
_58008_/CLK                             3.000000   83.861252  -80.861259 (VIOLATED)
_58009_/CLK                             3.000000   83.861252  -80.861259 (VIOLATED)
_58010_/CLK                             3.000000   83.861252  -80.861259 (VIOLATED)
_58011_/CLK                             3.000000   83.861252  -80.861259 (VIOLATED)
_58012_/CLK                             3.000000   83.861252  -80.861259 (VIOLATED)
_58013_/CLK                             3.000000   83.861252  -80.861259 (VIOLATED)
_58014_/CLK                             3.000000   83.861252  -80.861259 (VIOLATED)
_58015_/CLK                             3.000000   83.861252  -80.861259 (VIOLATED)
_58016_/CLK                             3.000000   83.861252  -80.861259 (VIOLATED)
_58017_/CLK                             3.000000   83.861252  -80.861259 (VIOLATED)
_58018_/CLK                             3.000000   83.861252  -80.861259 (VIOLATED)
_58019_/CLK                             3.000000   83.861252  -80.861259 (VIOLATED)
_58020_/CLK                             3.000000   83.861252  -80.861259 (VIOLATED)
_58021_/CLK                             3.000000   83.861252  -80.861259 (VIOLATED)
_58022_/CLK                             3.000000   83.861252  -80.861259 (VIOLATED)
_58023_/CLK                             3.000000   83.861252  -80.861259 (VIOLATED)
_58024_/CLK                             3.000000   83.861252  -80.861259 (VIOLATED)
_58025_/CLK                             3.000000   83.861252  -80.861259 (VIOLATED)
_58026_/CLK                             3.000000   83.861252  -80.861259 (VIOLATED)
_58027_/CLK                             3.000000   83.861252  -80.861259 (VIOLATED)
_58028_/CLK                             3.000000   83.861252  -80.861259 (VIOLATED)
_58029_/CLK                             3.000000   83.861252  -80.861259 (VIOLATED)
_58030_/CLK                             3.000000   83.861252  -80.861259 (VIOLATED)
_58031_/CLK                             3.000000   83.861252  -80.861259 (VIOLATED)
_58032_/CLK                             3.000000   83.861252  -80.861259 (VIOLATED)
_58033_/CLK                             3.000000   83.861252  -80.861259 (VIOLATED)
_58034_/CLK                             3.000000   83.861252  -80.861259 (VIOLATED)
_58035_/CLK                             3.000000   83.861252  -80.861259 (VIOLATED)
_58036_/CLK                             3.000000   83.861252  -80.861259 (VIOLATED)
_58037_/CLK                             3.000000   83.861252  -80.861259 (VIOLATED)
_58038_/CLK                             3.000000   83.861252  -80.861259 (VIOLATED)
_58039_/CLK                             3.000000   83.861252  -80.861259 (VIOLATED)
_58040_/CLK                             3.000000   83.861252  -80.861259 (VIOLATED)
_58041_/CLK                             3.000000   83.861252  -80.861259 (VIOLATED)
_58042_/CLK                             3.000000   83.861252  -80.861259 (VIOLATED)
_58043_/CLK                             3.000000   83.861252  -80.861259 (VIOLATED)
_58044_/CLK                             3.000000   83.861252  -80.861259 (VIOLATED)
_58045_/CLK                             3.000000   83.861252  -80.861259 (VIOLATED)
_58046_/CLK                             3.000000   83.861252  -80.861259 (VIOLATED)
_58047_/CLK                             3.000000   83.861252  -80.861259 (VIOLATED)
_58048_/CLK                             3.000000   83.861252  -80.861259 (VIOLATED)
_58049_/CLK                             3.000000   83.861252  -80.861259 (VIOLATED)
_58050_/CLK                             3.000000   83.861252  -80.861259 (VIOLATED)
_58051_/CLK                             3.000000   83.861252  -80.861259 (VIOLATED)
_58052_/CLK                             3.000000   83.861252  -80.861259 (VIOLATED)
_58053_/CLK                             3.000000   83.861252  -80.861259 (VIOLATED)
_58054_/CLK                             3.000000   83.861252  -80.861259 (VIOLATED)
_58055_/CLK                             3.000000   83.861252  -80.861259 (VIOLATED)
_58056_/CLK                             3.000000   83.861252  -80.861259 (VIOLATED)
_58057_/CLK                             3.000000   83.861252  -80.861259 (VIOLATED)
_58058_/CLK                             3.000000   83.861252  -80.861259 (VIOLATED)
_58059_/CLK                             3.000000   83.861252  -80.861259 (VIOLATED)
_58060_/CLK                             3.000000   83.861252  -80.861259 (VIOLATED)
_58061_/CLK                             3.000000   83.861252  -80.861259 (VIOLATED)
_58062_/CLK                             3.000000   83.861252  -80.861259 (VIOLATED)
_58063_/CLK                             3.000000   83.861252  -80.861259 (VIOLATED)
_58064_/CLK                             3.000000   83.861252  -80.861259 (VIOLATED)
_58065_/CLK                             3.000000   83.861252  -80.861259 (VIOLATED)
_58066_/CLK                             3.000000   83.861252  -80.861259 (VIOLATED)
_58067_/CLK                             3.000000   83.861252  -80.861259 (VIOLATED)
_58068_/CLK                             3.000000   83.861252  -80.861259 (VIOLATED)
_58069_/CLK                             3.000000   83.861252  -80.861259 (VIOLATED)
_58070_/CLK                             3.000000   83.861252  -80.861259 (VIOLATED)
_58071_/CLK                             3.000000   83.861252  -80.861259 (VIOLATED)
_58072_/CLK                             3.000000   83.861252  -80.861259 (VIOLATED)
_58073_/CLK                             3.000000   83.861252  -80.861259 (VIOLATED)
_58074_/CLK                             3.000000   83.861252  -80.861259 (VIOLATED)
_58075_/CLK                             3.000000   83.861252  -80.861259 (VIOLATED)
_58076_/CLK                             3.000000   83.861252  -80.861259 (VIOLATED)
_58077_/CLK                             3.000000   83.861252  -80.861259 (VIOLATED)
_58078_/CLK                             3.000000   83.861252  -80.861259 (VIOLATED)
_58079_/CLK                             3.000000   83.861252  -80.861259 (VIOLATED)
_58080_/CLK                             3.000000   83.861252  -80.861259 (VIOLATED)
_58081_/CLK                             3.000000   83.861252  -80.861259 (VIOLATED)
_58082_/CLK                             3.000000   83.861252  -80.861259 (VIOLATED)
_58083_/CLK                             3.000000   83.861252  -80.861259 (VIOLATED)
_58084_/CLK                             3.000000   83.861252  -80.861259 (VIOLATED)
_58085_/CLK                             3.000000   83.861252  -80.861259 (VIOLATED)
_58086_/CLK                             3.000000   83.861252  -80.861259 (VIOLATED)
_58087_/CLK                             3.000000   83.861252  -80.861259 (VIOLATED)
_58088_/CLK                             3.000000   83.861252  -80.861259 (VIOLATED)
_58089_/CLK                             3.000000   83.861252  -80.861259 (VIOLATED)
_58090_/CLK                             3.000000   83.861252  -80.861259 (VIOLATED)
_58091_/CLK                             3.000000   83.861252  -80.861259 (VIOLATED)
_58092_/CLK                             3.000000   83.861252  -80.861259 (VIOLATED)
_58093_/CLK                             3.000000   83.861252  -80.861259 (VIOLATED)
_58094_/CLK                             3.000000   83.861252  -80.861259 (VIOLATED)
_58095_/CLK                             3.000000   83.861252  -80.861259 (VIOLATED)
_58096_/CLK                             3.000000   83.861252  -80.861259 (VIOLATED)
_58097_/CLK                             3.000000   83.861252  -80.861259 (VIOLATED)
_58098_/CLK                             3.000000   83.861252  -80.861259 (VIOLATED)
_58099_/CLK                             3.000000   83.861252  -80.861259 (VIOLATED)
_58100_/CLK                             3.000000   83.861252  -80.861259 (VIOLATED)
_58101_/CLK                             3.000000   83.861252  -80.861259 (VIOLATED)
_58102_/CLK                             3.000000   83.861252  -80.861259 (VIOLATED)
_58103_/CLK                             3.000000   83.861252  -80.861259 (VIOLATED)
_58104_/CLK                             3.000000   83.861252  -80.861259 (VIOLATED)
_58105_/CLK                             3.000000   83.861252  -80.861259 (VIOLATED)
_58106_/CLK                             3.000000   83.861252  -80.861259 (VIOLATED)
_58107_/CLK                             3.000000   83.861252  -80.861259 (VIOLATED)
_58108_/CLK                             3.000000   83.861252  -80.861259 (VIOLATED)
_58109_/CLK                             3.000000   83.861252  -80.861259 (VIOLATED)
_58110_/CLK                             3.000000   83.861252  -80.861259 (VIOLATED)
_58111_/CLK                             3.000000   83.861252  -80.861259 (VIOLATED)
_58112_/CLK                             3.000000   83.861252  -80.861259 (VIOLATED)
_58113_/CLK                             3.000000   83.861252  -80.861259 (VIOLATED)
_58114_/CLK                             3.000000   83.861252  -80.861259 (VIOLATED)
_58115_/CLK                             3.000000   83.861252  -80.861259 (VIOLATED)
_58116_/CLK                             3.000000   83.861252  -80.861259 (VIOLATED)
_58117_/CLK                             3.000000   83.861252  -80.861259 (VIOLATED)
_58118_/CLK                             3.000000   83.861252  -80.861259 (VIOLATED)
_58119_/CLK                             3.000000   83.861252  -80.861259 (VIOLATED)
_58120_/CLK                             3.000000   83.861252  -80.861259 (VIOLATED)
_58121_/CLK                             3.000000   83.861252  -80.861259 (VIOLATED)
_58122_/CLK                             3.000000   83.861252  -80.861259 (VIOLATED)
_58123_/CLK                             3.000000   83.861252  -80.861259 (VIOLATED)
_58124_/CLK                             3.000000   83.861252  -80.861259 (VIOLATED)
_58125_/CLK                             3.000000   83.861252  -80.861259 (VIOLATED)
_58126_/CLK                             3.000000   83.861252  -80.861259 (VIOLATED)
_58127_/CLK                             3.000000   83.861252  -80.861259 (VIOLATED)
_58128_/CLK                             3.000000   83.861252  -80.861259 (VIOLATED)
_58129_/CLK                             3.000000   83.861252  -80.861259 (VIOLATED)
_58130_/CLK                             3.000000   83.861252  -80.861259 (VIOLATED)
_58131_/CLK                             3.000000   83.861252  -80.861259 (VIOLATED)
_58132_/CLK                             3.000000   83.861252  -80.861259 (VIOLATED)
_58133_/CLK                             3.000000   83.861252  -80.861259 (VIOLATED)
_58134_/CLK                             3.000000   83.861252  -80.861259 (VIOLATED)
_58135_/CLK                             3.000000   83.861252  -80.861259 (VIOLATED)
_58136_/CLK                             3.000000   83.861252  -80.861259 (VIOLATED)
_58137_/CLK                             3.000000   83.861252  -80.861259 (VIOLATED)
_58138_/CLK                             3.000000   83.861252  -80.861259 (VIOLATED)
_58139_/CLK                             3.000000   83.861252  -80.861259 (VIOLATED)
_58140_/CLK                             3.000000   83.861252  -80.861259 (VIOLATED)
_58141_/CLK                             3.000000   83.861252  -80.861259 (VIOLATED)
_58142_/CLK                             3.000000   83.861252  -80.861259 (VIOLATED)
_58143_/CLK                             3.000000   83.861252  -80.861259 (VIOLATED)
_58144_/CLK                             3.000000   83.861252  -80.861259 (VIOLATED)
_58145_/CLK                             3.000000   83.861252  -80.861259 (VIOLATED)
_58146_/CLK                             3.000000   83.861252  -80.861259 (VIOLATED)
_58147_/CLK                             3.000000   83.861252  -80.861259 (VIOLATED)
_58148_/CLK                             3.000000   83.861252  -80.861259 (VIOLATED)
_58149_/CLK                             3.000000   83.861252  -80.861259 (VIOLATED)
_58150_/CLK                             3.000000   83.861252  -80.861259 (VIOLATED)
_58151_/CLK                             3.000000   83.861252  -80.861259 (VIOLATED)
_58152_/CLK                             3.000000   83.861252  -80.861259 (VIOLATED)
_58153_/CLK                             3.000000   83.861252  -80.861259 (VIOLATED)
_58154_/CLK                             3.000000   83.861252  -80.861259 (VIOLATED)
_58155_/CLK                             3.000000   83.861252  -80.861259 (VIOLATED)
_58156_/CLK                             3.000000   83.861252  -80.861259 (VIOLATED)
_58157_/CLK                             3.000000   83.861252  -80.861259 (VIOLATED)
_58158_/CLK                             3.000000   83.861252  -80.861259 (VIOLATED)
_58159_/CLK                             3.000000   83.861252  -80.861259 (VIOLATED)
_58160_/CLK                             3.000000   83.861252  -80.861259 (VIOLATED)
_58161_/CLK                             3.000000   83.861252  -80.861259 (VIOLATED)
_58162_/CLK                             3.000000   83.861252  -80.861259 (VIOLATED)
_58163_/CLK                             3.000000   83.861252  -80.861259 (VIOLATED)
_58164_/CLK                             3.000000   83.861252  -80.861259 (VIOLATED)
_58165_/CLK                             3.000000   83.861252  -80.861259 (VIOLATED)
_58166_/CLK                             3.000000   83.861252  -80.861259 (VIOLATED)
_58167_/CLK                             3.000000   83.861252  -80.861259 (VIOLATED)
_58168_/CLK                             3.000000   83.861252  -80.861259 (VIOLATED)
_58169_/CLK                             3.000000   83.861252  -80.861259 (VIOLATED)
_58170_/CLK                             3.000000   83.861252  -80.861259 (VIOLATED)
_58171_/CLK                             3.000000   83.861252  -80.861259 (VIOLATED)
_58172_/CLK                             3.000000   83.861252  -80.861259 (VIOLATED)
_58173_/CLK                             3.000000   83.861252  -80.861259 (VIOLATED)
_58174_/CLK                             3.000000   83.861252  -80.861259 (VIOLATED)
_58175_/CLK                             3.000000   83.861252  -80.861259 (VIOLATED)
_58176_/CLK                             3.000000   83.861252  -80.861259 (VIOLATED)
_58177_/CLK                             3.000000   83.861252  -80.861259 (VIOLATED)
_58178_/CLK                             3.000000   83.861252  -80.861259 (VIOLATED)
_58179_/CLK                             3.000000   83.861252  -80.861259 (VIOLATED)
_58180_/CLK                             3.000000   83.861252  -80.861259 (VIOLATED)
_58181_/CLK                             3.000000   83.861252  -80.861259 (VIOLATED)
_58182_/CLK                             3.000000   83.861252  -80.861259 (VIOLATED)
_58183_/CLK                             3.000000   83.861252  -80.861259 (VIOLATED)
_58184_/CLK                             3.000000   83.861252  -80.861259 (VIOLATED)
_58185_/CLK                             3.000000   83.861252  -80.861259 (VIOLATED)
_58186_/CLK                             3.000000   83.861252  -80.861259 (VIOLATED)
_58187_/CLK                             3.000000   83.861252  -80.861259 (VIOLATED)
_58188_/CLK                             3.000000   83.861252  -80.861259 (VIOLATED)
_58189_/CLK                             3.000000   83.861252  -80.861259 (VIOLATED)
_58190_/CLK                             3.000000   83.861252  -80.861259 (VIOLATED)
_58191_/CLK                             3.000000   83.861252  -80.861259 (VIOLATED)
_58192_/CLK                             3.000000   83.861252  -80.861259 (VIOLATED)
_58193_/CLK                             3.000000   83.861252  -80.861259 (VIOLATED)
_58194_/CLK                             3.000000   83.861252  -80.861259 (VIOLATED)
_58195_/CLK                             3.000000   83.861252  -80.861259 (VIOLATED)
_58196_/CLK                             3.000000   83.861252  -80.861259 (VIOLATED)
_58197_/CLK                             3.000000   83.861252  -80.861259 (VIOLATED)
_58198_/CLK                             3.000000   83.861252  -80.861259 (VIOLATED)
_58199_/CLK                             3.000000   83.861252  -80.861259 (VIOLATED)
_58200_/CLK                             3.000000   83.861252  -80.861259 (VIOLATED)
_58201_/CLK                             3.000000   83.861252  -80.861259 (VIOLATED)
_58202_/CLK                             3.000000   83.861252  -80.861259 (VIOLATED)
_58203_/CLK                             3.000000   83.861252  -80.861259 (VIOLATED)
_58204_/CLK                             3.000000   83.861252  -80.861259 (VIOLATED)
_58205_/CLK                             3.000000   83.861252  -80.861259 (VIOLATED)
_58206_/CLK                             3.000000   83.861252  -80.861259 (VIOLATED)
_58207_/CLK                             3.000000   83.861252  -80.861259 (VIOLATED)
_58208_/CLK                             3.000000   83.861252  -80.861259 (VIOLATED)
_58209_/CLK                             3.000000   83.861252  -80.861259 (VIOLATED)
_58210_/CLK                             3.000000   83.861252  -80.861259 (VIOLATED)
_58211_/CLK                             3.000000   83.861252  -80.861259 (VIOLATED)
_58212_/CLK                             3.000000   83.861252  -80.861259 (VIOLATED)
_58213_/CLK                             3.000000   83.861252  -80.861259 (VIOLATED)
_58214_/CLK                             3.000000   83.861252  -80.861259 (VIOLATED)
_58215_/CLK                             3.000000   83.861252  -80.861259 (VIOLATED)
_58216_/CLK                             3.000000   83.861252  -80.861259 (VIOLATED)
_58217_/CLK                             3.000000   83.861252  -80.861259 (VIOLATED)
_58218_/CLK                             3.000000   83.861252  -80.861259 (VIOLATED)
_58219_/CLK                             3.000000   83.861252  -80.861259 (VIOLATED)
_58220_/CLK                             3.000000   83.861252  -80.861259 (VIOLATED)
_58221_/CLK                             3.000000   83.861252  -80.861259 (VIOLATED)
_58222_/CLK                             3.000000   83.861252  -80.861259 (VIOLATED)
_58223_/CLK                             3.000000   83.861252  -80.861259 (VIOLATED)
_58224_/CLK                             3.000000   83.861252  -80.861259 (VIOLATED)
_58225_/CLK                             3.000000   83.861252  -80.861259 (VIOLATED)
_58226_/CLK                             3.000000   83.861252  -80.861259 (VIOLATED)
_58227_/CLK                             3.000000   83.861252  -80.861259 (VIOLATED)
_58228_/CLK                             3.000000   83.861252  -80.861259 (VIOLATED)
_58229_/CLK                             3.000000   83.861252  -80.861259 (VIOLATED)
_58230_/CLK                             3.000000   83.861252  -80.861259 (VIOLATED)
_58231_/CLK                             3.000000   83.861252  -80.861259 (VIOLATED)
_58232_/CLK                             3.000000   83.861252  -80.861259 (VIOLATED)
_58233_/CLK                             3.000000   83.861252  -80.861259 (VIOLATED)
_58234_/CLK                             3.000000   83.861252  -80.861259 (VIOLATED)
_58235_/CLK                             3.000000   83.861252  -80.861259 (VIOLATED)
_58236_/CLK                             3.000000   83.861252  -80.861259 (VIOLATED)
_58237_/CLK                             3.000000   83.861252  -80.861259 (VIOLATED)
_58238_/CLK                             3.000000   83.861252  -80.861259 (VIOLATED)
_58239_/CLK                             3.000000   83.861252  -80.861259 (VIOLATED)
_58240_/CLK                             3.000000   83.861252  -80.861259 (VIOLATED)
_58241_/CLK                             3.000000   83.861252  -80.861259 (VIOLATED)
_58242_/CLK                             3.000000   83.861252  -80.861259 (VIOLATED)
_58243_/CLK                             3.000000   83.861252  -80.861259 (VIOLATED)
_58244_/CLK                             3.000000   83.861252  -80.861259 (VIOLATED)
_58245_/CLK                             3.000000   83.861252  -80.861259 (VIOLATED)
_58246_/CLK                             3.000000   83.861252  -80.861259 (VIOLATED)
_58247_/CLK                             3.000000   83.861252  -80.861259 (VIOLATED)
_58248_/CLK                             3.000000   83.861252  -80.861259 (VIOLATED)
_58249_/CLK                             3.000000   83.861252  -80.861259 (VIOLATED)
_58250_/CLK                             3.000000   83.861252  -80.861259 (VIOLATED)
_58251_/CLK                             3.000000   83.861252  -80.861259 (VIOLATED)
_58252_/CLK                             3.000000   83.861252  -80.861259 (VIOLATED)
_58253_/CLK                             3.000000   83.861252  -80.861259 (VIOLATED)
_58254_/CLK                             3.000000   83.861252  -80.861259 (VIOLATED)
_58255_/CLK                             3.000000   83.861252  -80.861259 (VIOLATED)
_58256_/CLK                             3.000000   83.861252  -80.861259 (VIOLATED)
_58257_/CLK                             3.000000   83.861252  -80.861259 (VIOLATED)
_58258_/CLK                             3.000000   83.861252  -80.861259 (VIOLATED)
_58259_/CLK                             3.000000   83.861252  -80.861259 (VIOLATED)
_58260_/CLK                             3.000000   83.861252  -80.861259 (VIOLATED)
_58261_/CLK                             3.000000   83.861252  -80.861259 (VIOLATED)
_58262_/CLK                             3.000000   83.861252  -80.861259 (VIOLATED)
_58263_/CLK                             3.000000   83.861252  -80.861259 (VIOLATED)
_58264_/CLK                             3.000000   83.861252  -80.861259 (VIOLATED)
_58265_/CLK                             3.000000   83.861252  -80.861259 (VIOLATED)
_58266_/CLK                             3.000000   83.861252  -80.861259 (VIOLATED)
_58267_/CLK                             3.000000   83.861252  -80.861259 (VIOLATED)
_58268_/CLK                             3.000000   83.861252  -80.861259 (VIOLATED)
_58269_/CLK                             3.000000   83.861252  -80.861259 (VIOLATED)
_58270_/CLK                             3.000000   83.861252  -80.861259 (VIOLATED)
_58271_/CLK                             3.000000   83.861252  -80.861259 (VIOLATED)
_58272_/CLK                             3.000000   83.861252  -80.861259 (VIOLATED)
_58273_/CLK                             3.000000   83.861252  -80.861259 (VIOLATED)
_58274_/CLK                             3.000000   83.861252  -80.861259 (VIOLATED)
_58275_/CLK                             3.000000   83.861252  -80.861259 (VIOLATED)
_58276_/CLK                             3.000000   83.861252  -80.861259 (VIOLATED)
_58277_/CLK                             3.000000   83.861252  -80.861259 (VIOLATED)
_58278_/CLK                             3.000000   83.861252  -80.861259 (VIOLATED)
_58279_/CLK                             3.000000   83.861252  -80.861259 (VIOLATED)
_58280_/CLK                             3.000000   83.861252  -80.861259 (VIOLATED)
_58281_/CLK                             3.000000   83.861252  -80.861259 (VIOLATED)
_58282_/CLK                             3.000000   83.861252  -80.861259 (VIOLATED)
_58283_/CLK                             3.000000   83.861252  -80.861259 (VIOLATED)
_58284_/CLK                             3.000000   83.861252  -80.861259 (VIOLATED)
_58285_/CLK                             3.000000   83.861252  -80.861259 (VIOLATED)
_58286_/CLK                             3.000000   83.861252  -80.861259 (VIOLATED)
_58287_/CLK                             3.000000   83.861252  -80.861259 (VIOLATED)
_58288_/CLK                             3.000000   83.861252  -80.861259 (VIOLATED)
_58289_/CLK                             3.000000   83.861252  -80.861259 (VIOLATED)
_58290_/CLK                             3.000000   83.861252  -80.861259 (VIOLATED)
_58291_/CLK                             3.000000   83.861252  -80.861259 (VIOLATED)
_58292_/CLK                             3.000000   83.861252  -80.861259 (VIOLATED)
_58293_/CLK                             3.000000   83.861252  -80.861259 (VIOLATED)
_58294_/CLK                             3.000000   83.861252  -80.861259 (VIOLATED)
_58295_/CLK                             3.000000   83.861252  -80.861259 (VIOLATED)
_58296_/CLK                             3.000000   83.861252  -80.861259 (VIOLATED)
_58297_/CLK                             3.000000   83.861252  -80.861259 (VIOLATED)
_58298_/CLK                             3.000000   83.861252  -80.861259 (VIOLATED)
_58299_/CLK                             3.000000   83.861252  -80.861259 (VIOLATED)
_58300_/CLK                             3.000000   83.861252  -80.861259 (VIOLATED)
_58301_/CLK                             3.000000   83.861252  -80.861259 (VIOLATED)
_58302_/CLK                             3.000000   83.861252  -80.861259 (VIOLATED)
_58303_/CLK                             3.000000   83.861252  -80.861259 (VIOLATED)
_58304_/CLK                             3.000000   83.861252  -80.861259 (VIOLATED)
_58305_/CLK                             3.000000   83.861252  -80.861259 (VIOLATED)
_58306_/CLK                             3.000000   83.861252  -80.861259 (VIOLATED)
_58307_/CLK                             3.000000   83.861252  -80.861259 (VIOLATED)
_58308_/CLK                             3.000000   83.861252  -80.861259 (VIOLATED)
_58309_/CLK                             3.000000   83.861252  -80.861259 (VIOLATED)
_58310_/CLK                             3.000000   83.861252  -80.861259 (VIOLATED)
_58311_/CLK                             3.000000   83.861252  -80.861259 (VIOLATED)
_58312_/CLK                             3.000000   83.861252  -80.861259 (VIOLATED)
_58313_/CLK                             3.000000   83.861252  -80.861259 (VIOLATED)
_58314_/CLK                             3.000000   83.861252  -80.861259 (VIOLATED)
_58315_/CLK                             3.000000   83.861252  -80.861259 (VIOLATED)
_58316_/CLK                             3.000000   83.861252  -80.861259 (VIOLATED)
_58317_/CLK                             3.000000   83.861252  -80.861259 (VIOLATED)
_58318_/CLK                             3.000000   83.861252  -80.861259 (VIOLATED)
_58319_/CLK                             3.000000   83.861252  -80.861259 (VIOLATED)
_58320_/CLK                             3.000000   83.861252  -80.861259 (VIOLATED)
_58321_/CLK                             3.000000   83.861252  -80.861259 (VIOLATED)
_58322_/CLK                             3.000000   83.861252  -80.861259 (VIOLATED)
_58323_/CLK                             3.000000   83.861252  -80.861259 (VIOLATED)
_58324_/CLK                             3.000000   83.861252  -80.861259 (VIOLATED)
_58325_/CLK                             3.000000   83.861252  -80.861259 (VIOLATED)
_58326_/CLK                             3.000000   83.861252  -80.861259 (VIOLATED)
_58327_/CLK                             3.000000   83.861252  -80.861259 (VIOLATED)
_58328_/CLK                             3.000000   83.861252  -80.861259 (VIOLATED)
_58329_/CLK                             3.000000   83.861252  -80.861259 (VIOLATED)
_58330_/CLK                             3.000000   83.861252  -80.861259 (VIOLATED)
_58331_/CLK                             3.000000   83.861252  -80.861259 (VIOLATED)
_58332_/CLK                             3.000000   83.861252  -80.861259 (VIOLATED)
_58333_/CLK                             3.000000   83.861252  -80.861259 (VIOLATED)
_58334_/CLK                             3.000000   83.861252  -80.861259 (VIOLATED)
_58335_/CLK                             3.000000   83.861252  -80.861259 (VIOLATED)
_58336_/CLK                             3.000000   83.861252  -80.861259 (VIOLATED)
_58337_/CLK                             3.000000   83.861252  -80.861259 (VIOLATED)
_58338_/CLK                             3.000000   83.861252  -80.861259 (VIOLATED)
_58339_/CLK                             3.000000   83.861252  -80.861259 (VIOLATED)
_58340_/CLK                             3.000000   83.861252  -80.861259 (VIOLATED)
_58341_/CLK                             3.000000   83.861252  -80.861259 (VIOLATED)
_58342_/CLK                             3.000000   83.861252  -80.861259 (VIOLATED)
_58343_/CLK                             3.000000   83.861252  -80.861259 (VIOLATED)
_58344_/CLK                             3.000000   83.861252  -80.861259 (VIOLATED)
_58345_/CLK                             3.000000   83.861252  -80.861259 (VIOLATED)
_58346_/CLK                             3.000000   83.861252  -80.861259 (VIOLATED)
_58347_/CLK                             3.000000   83.861252  -80.861259 (VIOLATED)
_58348_/CLK                             3.000000   83.861252  -80.861259 (VIOLATED)
_58349_/CLK                             3.000000   83.861252  -80.861259 (VIOLATED)
_58350_/CLK                             3.000000   83.861252  -80.861259 (VIOLATED)
_58351_/CLK                             3.000000   83.861252  -80.861259 (VIOLATED)
_58352_/CLK                             3.000000   83.861252  -80.861259 (VIOLATED)
_58353_/CLK                             3.000000   83.861252  -80.861259 (VIOLATED)
_58354_/CLK                             3.000000   83.861252  -80.861259 (VIOLATED)
_58355_/CLK                             3.000000   83.861252  -80.861259 (VIOLATED)
_58356_/CLK                             3.000000   83.861252  -80.861259 (VIOLATED)
_58357_/CLK                             3.000000   83.861252  -80.861259 (VIOLATED)
_58358_/CLK                             3.000000   83.861252  -80.861259 (VIOLATED)
_58359_/CLK                             3.000000   83.861252  -80.861259 (VIOLATED)
_58360_/CLK                             3.000000   83.861252  -80.861259 (VIOLATED)
_58361_/CLK                             3.000000   83.861252  -80.861259 (VIOLATED)
_58362_/CLK                             3.000000   83.861252  -80.861259 (VIOLATED)
_58363_/CLK                             3.000000   83.861252  -80.861259 (VIOLATED)
_58364_/CLK                             3.000000   83.861252  -80.861259 (VIOLATED)
_58365_/CLK                             3.000000   83.861252  -80.861259 (VIOLATED)
_58366_/CLK                             3.000000   83.861252  -80.861259 (VIOLATED)
_58367_/CLK                             3.000000   83.861252  -80.861259 (VIOLATED)
_58368_/CLK                             3.000000   83.861252  -80.861259 (VIOLATED)
_58369_/CLK                             3.000000   83.861252  -80.861259 (VIOLATED)
_58370_/CLK                             3.000000   83.861252  -80.861259 (VIOLATED)
_58371_/CLK                             3.000000   83.861252  -80.861259 (VIOLATED)
_58372_/CLK                             3.000000   83.861252  -80.861259 (VIOLATED)
_58373_/CLK                             3.000000   83.861252  -80.861259 (VIOLATED)
_58374_/CLK                             3.000000   83.861252  -80.861259 (VIOLATED)
_58375_/CLK                             3.000000   83.861252  -80.861259 (VIOLATED)
_58376_/CLK                             3.000000   83.861252  -80.861259 (VIOLATED)
_58377_/CLK                             3.000000   83.861252  -80.861259 (VIOLATED)
_58378_/CLK                             3.000000   83.861252  -80.861259 (VIOLATED)
_58379_/CLK                             3.000000   83.861252  -80.861259 (VIOLATED)
_58380_/CLK                             3.000000   83.861252  -80.861259 (VIOLATED)
_58381_/CLK                             3.000000   83.861252  -80.861259 (VIOLATED)
_58382_/CLK                             3.000000   83.861252  -80.861259 (VIOLATED)
_58383_/CLK                             3.000000   83.861252  -80.861259 (VIOLATED)
_58384_/CLK                             3.000000   83.861252  -80.861259 (VIOLATED)
_58385_/CLK                             3.000000   83.861252  -80.861259 (VIOLATED)
_58386_/CLK                             3.000000   83.861252  -80.861259 (VIOLATED)
_58387_/CLK                             3.000000   83.861252  -80.861259 (VIOLATED)
_58388_/CLK                             3.000000   83.861252  -80.861259 (VIOLATED)
_58389_/CLK                             3.000000   83.861252  -80.861259 (VIOLATED)
_58390_/CLK                             3.000000   83.861252  -80.861259 (VIOLATED)
_58391_/CLK                             3.000000   83.861252  -80.861259 (VIOLATED)
_58392_/CLK                             3.000000   83.861252  -80.861259 (VIOLATED)
_58393_/CLK                             3.000000   83.861252  -80.861259 (VIOLATED)
_58394_/CLK                             3.000000   83.861252  -80.861259 (VIOLATED)
_58395_/CLK                             3.000000   83.861252  -80.861259 (VIOLATED)
_58396_/CLK                             3.000000   83.861252  -80.861259 (VIOLATED)
_58397_/CLK                             3.000000   83.861252  -80.861259 (VIOLATED)
_58398_/CLK                             3.000000   83.861252  -80.861259 (VIOLATED)
_58399_/CLK                             3.000000   83.861252  -80.861259 (VIOLATED)
_58400_/CLK                             3.000000   83.861252  -80.861259 (VIOLATED)
_58401_/CLK                             3.000000   83.861252  -80.861259 (VIOLATED)
_58402_/CLK                             3.000000   83.861252  -80.861259 (VIOLATED)
_58403_/CLK                             3.000000   83.861252  -80.861259 (VIOLATED)
_58404_/CLK                             3.000000   83.861252  -80.861259 (VIOLATED)
_58405_/CLK                             3.000000   83.861252  -80.861259 (VIOLATED)
_58406_/CLK                             3.000000   83.861252  -80.861259 (VIOLATED)
_58407_/CLK                             3.000000   83.861252  -80.861259 (VIOLATED)
_58408_/CLK                             3.000000   83.861252  -80.861259 (VIOLATED)
_58409_/CLK                             3.000000   83.861252  -80.861259 (VIOLATED)
_58410_/CLK                             3.000000   83.861252  -80.861259 (VIOLATED)
_58411_/CLK                             3.000000   83.861252  -80.861259 (VIOLATED)
_58412_/CLK                             3.000000   83.861252  -80.861259 (VIOLATED)
_58413_/CLK                             3.000000   83.861252  -80.861259 (VIOLATED)
_58414_/CLK                             3.000000   83.861252  -80.861259 (VIOLATED)
_58415_/CLK                             3.000000   83.861252  -80.861259 (VIOLATED)
_58416_/CLK                             3.000000   83.861252  -80.861259 (VIOLATED)
_58417_/CLK                             3.000000   83.861252  -80.861259 (VIOLATED)
_58418_/CLK                             3.000000   83.861252  -80.861259 (VIOLATED)
_58419_/CLK                             3.000000   83.861252  -80.861259 (VIOLATED)
_58420_/CLK                             3.000000   83.861252  -80.861259 (VIOLATED)
_58421_/CLK                             3.000000   83.861252  -80.861259 (VIOLATED)
_58422_/CLK                             3.000000   83.861252  -80.861259 (VIOLATED)
_58423_/CLK                             3.000000   83.861252  -80.861259 (VIOLATED)
_58424_/CLK                             3.000000   83.861252  -80.861259 (VIOLATED)
_58425_/CLK                             3.000000   83.861252  -80.861259 (VIOLATED)
_58426_/CLK                             3.000000   83.861252  -80.861259 (VIOLATED)
_58427_/CLK                             3.000000   83.861252  -80.861259 (VIOLATED)
_58428_/CLK                             3.000000   83.861252  -80.861259 (VIOLATED)
_58429_/CLK                             3.000000   83.861252  -80.861259 (VIOLATED)
_58430_/CLK                             3.000000   83.861252  -80.861259 (VIOLATED)
_58431_/CLK                             3.000000   83.861252  -80.861259 (VIOLATED)
_58432_/CLK                             3.000000   83.861252  -80.861259 (VIOLATED)
_58433_/CLK                             3.000000   83.861252  -80.861259 (VIOLATED)
_58434_/CLK                             3.000000   83.861252  -80.861259 (VIOLATED)
_58435_/CLK                             3.000000   83.861252  -80.861259 (VIOLATED)
_58436_/CLK                             3.000000   83.861252  -80.861259 (VIOLATED)
_58437_/CLK                             3.000000   83.861252  -80.861259 (VIOLATED)
_58438_/CLK                             3.000000   83.861252  -80.861259 (VIOLATED)
_58439_/CLK                             3.000000   83.861252  -80.861259 (VIOLATED)
_58440_/CLK                             3.000000   83.861252  -80.861259 (VIOLATED)
_58441_/CLK                             3.000000   83.861252  -80.861259 (VIOLATED)
_58442_/CLK                             3.000000   83.861252  -80.861259 (VIOLATED)
_58443_/CLK                             3.000000   83.861252  -80.861259 (VIOLATED)
_58444_/CLK                             3.000000   83.861252  -80.861259 (VIOLATED)
_58445_/CLK                             3.000000   83.861252  -80.861259 (VIOLATED)
_58446_/CLK                             3.000000   83.861252  -80.861259 (VIOLATED)
_58447_/CLK                             3.000000   83.861252  -80.861259 (VIOLATED)
_58448_/CLK                             3.000000   83.861252  -80.861259 (VIOLATED)
_58449_/CLK                             3.000000   83.861252  -80.861259 (VIOLATED)
_58450_/CLK                             3.000000   83.861252  -80.861259 (VIOLATED)
_58451_/CLK                             3.000000   83.861252  -80.861259 (VIOLATED)
_58452_/CLK                             3.000000   83.861252  -80.861259 (VIOLATED)
_58453_/CLK                             3.000000   83.861252  -80.861259 (VIOLATED)
_58454_/CLK                             3.000000   83.861252  -80.861259 (VIOLATED)
_58455_/CLK                             3.000000   83.861252  -80.861259 (VIOLATED)
_58456_/CLK                             3.000000   83.861252  -80.861259 (VIOLATED)
_58457_/CLK                             3.000000   83.861252  -80.861259 (VIOLATED)
_58458_/CLK                             3.000000   83.861252  -80.861259 (VIOLATED)
_58459_/CLK                             3.000000   83.861252  -80.861259 (VIOLATED)
_58460_/CLK                             3.000000   83.861252  -80.861259 (VIOLATED)
_58461_/CLK                             3.000000   83.861252  -80.861259 (VIOLATED)
_58462_/CLK                             3.000000   83.861252  -80.861259 (VIOLATED)
_58463_/CLK                             3.000000   83.861252  -80.861259 (VIOLATED)
_58464_/CLK                             3.000000   83.861252  -80.861259 (VIOLATED)
_58465_/CLK                             3.000000   83.861252  -80.861259 (VIOLATED)
_58466_/CLK                             3.000000   83.861252  -80.861259 (VIOLATED)
_58467_/CLK                             3.000000   83.861252  -80.861259 (VIOLATED)
_58468_/CLK                             3.000000   83.861252  -80.861259 (VIOLATED)
_58469_/CLK                             3.000000   83.861252  -80.861259 (VIOLATED)
_58470_/CLK                             3.000000   83.861252  -80.861259 (VIOLATED)
_58471_/CLK                             3.000000   83.861252  -80.861259 (VIOLATED)
_58472_/CLK                             3.000000   83.861252  -80.861259 (VIOLATED)
_58473_/CLK                             3.000000   83.861252  -80.861259 (VIOLATED)
_58474_/CLK                             3.000000   83.861252  -80.861259 (VIOLATED)
_58475_/CLK                             3.000000   83.861252  -80.861259 (VIOLATED)
_58476_/CLK                             3.000000   83.861252  -80.861259 (VIOLATED)
_58477_/CLK                             3.000000   83.861252  -80.861259 (VIOLATED)
_58478_/CLK                             3.000000   83.861252  -80.861259 (VIOLATED)
_58479_/CLK                             3.000000   83.861252  -80.861259 (VIOLATED)
_58480_/CLK                             3.000000   83.861252  -80.861259 (VIOLATED)
_58481_/CLK                             3.000000   83.861252  -80.861259 (VIOLATED)
_58482_/CLK                             3.000000   83.861252  -80.861259 (VIOLATED)
_58483_/CLK                             3.000000   83.861252  -80.861259 (VIOLATED)
_58484_/CLK                             3.000000   83.861252  -80.861259 (VIOLATED)
_58485_/CLK                             3.000000   83.861252  -80.861259 (VIOLATED)
_58486_/CLK                             3.000000   83.861252  -80.861259 (VIOLATED)
_58487_/CLK                             3.000000   83.861252  -80.861259 (VIOLATED)
_58488_/CLK                             3.000000   83.861252  -80.861259 (VIOLATED)
_61096_/CLK                             3.000000   83.861252  -80.861259 (VIOLATED)
_61097_/CLK                             3.000000   83.861252  -80.861259 (VIOLATED)
_61098_/CLK                             3.000000   83.861252  -80.861259 (VIOLATED)
_61099_/CLK                             3.000000   83.861252  -80.861259 (VIOLATED)
_61100_/CLK                             3.000000   83.861252  -80.861259 (VIOLATED)
_61101_/CLK                             3.000000   83.861252  -80.861259 (VIOLATED)
_61102_/CLK                             3.000000   83.861252  -80.861259 (VIOLATED)
_61103_/CLK                             3.000000   83.861252  -80.861259 (VIOLATED)
_61104_/CLK                             3.000000   83.861252  -80.861259 (VIOLATED)
_61105_/CLK                             3.000000   83.861252  -80.861259 (VIOLATED)
_61106_/CLK                             3.000000   83.861252  -80.861259 (VIOLATED)
_61107_/CLK                             3.000000   83.861252  -80.861259 (VIOLATED)
_61108_/CLK                             3.000000   83.861252  -80.861259 (VIOLATED)
_61109_/CLK                             3.000000   83.861252  -80.861259 (VIOLATED)
_61110_/CLK                             3.000000   83.861252  -80.861259 (VIOLATED)
_61111_/CLK                             3.000000   83.861252  -80.861259 (VIOLATED)
_61112_/CLK                             3.000000   83.861252  -80.861259 (VIOLATED)
_61113_/CLK                             3.000000   83.861252  -80.861259 (VIOLATED)
_61114_/CLK                             3.000000   83.861252  -80.861259 (VIOLATED)
_61115_/CLK                             3.000000   83.861252  -80.861259 (VIOLATED)
_61116_/CLK                             3.000000   83.861252  -80.861259 (VIOLATED)
_61117_/CLK                             3.000000   83.861252  -80.861259 (VIOLATED)
_61118_/CLK                             3.000000   83.861252  -80.861259 (VIOLATED)
_61119_/CLK                             3.000000   83.861252  -80.861259 (VIOLATED)
_61120_/CLK                             3.000000   83.861252  -80.861259 (VIOLATED)
_61121_/CLK                             3.000000   83.861252  -80.861259 (VIOLATED)
_61122_/CLK                             3.000000   83.861252  -80.861259 (VIOLATED)
_61123_/CLK                             3.000000   83.861252  -80.861259 (VIOLATED)
_61124_/CLK                             3.000000   83.861252  -80.861259 (VIOLATED)
_61125_/CLK                             3.000000   83.861252  -80.861259 (VIOLATED)
_61126_/CLK                             3.000000   83.861252  -80.861259 (VIOLATED)
_61127_/CLK                             3.000000   83.861252  -80.861259 (VIOLATED)
_61128_/CLK                             3.000000   83.861252  -80.861259 (VIOLATED)
_61129_/CLK                             3.000000   83.861252  -80.861259 (VIOLATED)
_61130_/CLK                             3.000000   83.861252  -80.861259 (VIOLATED)
_61131_/CLK                             3.000000   83.861252  -80.861259 (VIOLATED)
_61132_/CLK                             3.000000   83.861252  -80.861259 (VIOLATED)
_61133_/CLK                             3.000000   83.861252  -80.861259 (VIOLATED)
_61134_/CLK                             3.000000   83.861252  -80.861259 (VIOLATED)
_61135_/CLK                             3.000000   83.861252  -80.861259 (VIOLATED)
_61136_/CLK                             3.000000   83.861252  -80.861259 (VIOLATED)
_61137_/CLK                             3.000000   83.861252  -80.861259 (VIOLATED)
_61138_/CLK                             3.000000   83.861252  -80.861259 (VIOLATED)
_61139_/CLK                             3.000000   83.861252  -80.861259 (VIOLATED)
_61140_/CLK                             3.000000   83.861252  -80.861259 (VIOLATED)
_61141_/CLK                             3.000000   83.861252  -80.861259 (VIOLATED)
_61142_/CLK                             3.000000   83.861252  -80.861259 (VIOLATED)
_61143_/CLK                             3.000000   83.861252  -80.861259 (VIOLATED)
_61144_/CLK                             3.000000   83.861252  -80.861259 (VIOLATED)
_61145_/CLK                             3.000000   83.861252  -80.861259 (VIOLATED)
_61146_/CLK                             3.000000   83.861252  -80.861259 (VIOLATED)
_61147_/CLK                             3.000000   83.861252  -80.861259 (VIOLATED)
_61148_/CLK                             3.000000   83.861252  -80.861259 (VIOLATED)
_61149_/CLK                             3.000000   83.861252  -80.861259 (VIOLATED)
_61150_/CLK                             3.000000   83.861252  -80.861259 (VIOLATED)
_61151_/CLK                             3.000000   83.861252  -80.861259 (VIOLATED)
_61152_/CLK                             3.000000   83.861252  -80.861259 (VIOLATED)
_61153_/CLK                             3.000000   83.861252  -80.861259 (VIOLATED)
_61154_/CLK                             3.000000   83.861252  -80.861259 (VIOLATED)
_61155_/CLK                             3.000000   83.861252  -80.861259 (VIOLATED)
_61156_/CLK                             3.000000   83.861252  -80.861259 (VIOLATED)
_61157_/CLK                             3.000000   83.861252  -80.861259 (VIOLATED)
_61158_/CLK                             3.000000   83.861252  -80.861259 (VIOLATED)
_61159_/CLK                             3.000000   83.861252  -80.861259 (VIOLATED)
_61160_/CLK                             3.000000   83.861252  -80.861259 (VIOLATED)
_61161_/CLK                             3.000000   83.861252  -80.861259 (VIOLATED)
_61162_/CLK                             3.000000   83.861252  -80.861259 (VIOLATED)
_61163_/CLK                             3.000000   83.861252  -80.861259 (VIOLATED)
_61164_/CLK                             3.000000   83.861252  -80.861259 (VIOLATED)
_61165_/CLK                             3.000000   83.861252  -80.861259 (VIOLATED)
_61166_/CLK                             3.000000   83.861252  -80.861259 (VIOLATED)
_61167_/CLK                             3.000000   83.861252  -80.861259 (VIOLATED)
_61168_/CLK                             3.000000   83.861252  -80.861259 (VIOLATED)
_61169_/CLK                             3.000000   83.861252  -80.861259 (VIOLATED)
_61170_/CLK                             3.000000   83.861252  -80.861259 (VIOLATED)
_61171_/CLK                             3.000000   83.861252  -80.861259 (VIOLATED)
_61172_/CLK                             3.000000   83.861252  -80.861259 (VIOLATED)
_61173_/CLK                             3.000000   83.861252  -80.861259 (VIOLATED)
_61174_/CLK                             3.000000   83.861252  -80.861259 (VIOLATED)
_61175_/CLK                             3.000000   83.861252  -80.861259 (VIOLATED)
_61176_/CLK                             3.000000   83.861252  -80.861259 (VIOLATED)
_61177_/CLK                             3.000000   83.861252  -80.861259 (VIOLATED)
_61178_/CLK                             3.000000   83.861252  -80.861259 (VIOLATED)
_61179_/CLK                             3.000000   83.861252  -80.861259 (VIOLATED)
_61180_/CLK                             3.000000   83.861252  -80.861259 (VIOLATED)
_61181_/CLK                             3.000000   83.861252  -80.861259 (VIOLATED)
_61182_/CLK                             3.000000   83.861252  -80.861259 (VIOLATED)
_61183_/CLK                             3.000000   83.861252  -80.861259 (VIOLATED)
_61184_/CLK                             3.000000   83.861252  -80.861259 (VIOLATED)
_61185_/CLK                             3.000000   83.861252  -80.861259 (VIOLATED)
_61186_/CLK                             3.000000   83.861252  -80.861259 (VIOLATED)
_61187_/CLK                             3.000000   83.861252  -80.861259 (VIOLATED)
_61188_/CLK                             3.000000   83.861252  -80.861259 (VIOLATED)
_61189_/CLK                             3.000000   83.861252  -80.861259 (VIOLATED)
_61190_/CLK                             3.000000   83.861252  -80.861259 (VIOLATED)
_61191_/CLK                             3.000000   83.861252  -80.861259 (VIOLATED)
_61192_/CLK                             3.000000   83.861252  -80.861259 (VIOLATED)
_61193_/CLK                             3.000000   83.861252  -80.861259 (VIOLATED)
_61194_/CLK                             3.000000   83.861252  -80.861259 (VIOLATED)
_61195_/CLK                             3.000000   83.861252  -80.861259 (VIOLATED)
_61196_/CLK                             3.000000   83.861252  -80.861259 (VIOLATED)
_61197_/CLK                             3.000000   83.861252  -80.861259 (VIOLATED)
_61198_/CLK                             3.000000   83.861252  -80.861259 (VIOLATED)
_61199_/CLK                             3.000000   83.861252  -80.861259 (VIOLATED)
_61200_/CLK                             3.000000   83.861252  -80.861259 (VIOLATED)
_61201_/CLK                             3.000000   83.861252  -80.861259 (VIOLATED)
_61202_/CLK                             3.000000   83.861252  -80.861259 (VIOLATED)
_61203_/CLK                             3.000000   83.861252  -80.861259 (VIOLATED)
_61204_/CLK                             3.000000   83.861252  -80.861259 (VIOLATED)
_61205_/CLK                             3.000000   83.861252  -80.861259 (VIOLATED)
_61206_/CLK                             3.000000   83.861252  -80.861259 (VIOLATED)
_61207_/CLK                             3.000000   83.861252  -80.861259 (VIOLATED)
_61208_/CLK                             3.000000   83.861252  -80.861259 (VIOLATED)
_61209_/CLK                             3.000000   83.861252  -80.861259 (VIOLATED)
_61210_/CLK                             3.000000   83.861252  -80.861259 (VIOLATED)
_61211_/CLK                             3.000000   83.861252  -80.861259 (VIOLATED)
_61212_/CLK                             3.000000   83.861252  -80.861259 (VIOLATED)
_61213_/CLK                             3.000000   83.861252  -80.861259 (VIOLATED)
_61214_/CLK                             3.000000   83.861252  -80.861259 (VIOLATED)
_61215_/CLK                             3.000000   83.861252  -80.861259 (VIOLATED)
_61216_/CLK                             3.000000   83.861252  -80.861259 (VIOLATED)
_61217_/CLK                             3.000000   83.861252  -80.861259 (VIOLATED)
_61218_/CLK                             3.000000   83.861252  -80.861259 (VIOLATED)
_61219_/CLK                             3.000000   83.861252  -80.861259 (VIOLATED)
_61220_/CLK                             3.000000   83.861252  -80.861259 (VIOLATED)
_61221_/CLK                             3.000000   83.861252  -80.861259 (VIOLATED)
_61222_/CLK                             3.000000   83.861252  -80.861259 (VIOLATED)
_61223_/CLK                             3.000000   83.861252  -80.861259 (VIOLATED)
_61224_/CLK                             3.000000   83.861252  -80.861259 (VIOLATED)
_61225_/CLK                             3.000000   83.861252  -80.861259 (VIOLATED)
_61226_/CLK                             3.000000   83.861252  -80.861259 (VIOLATED)
_61227_/CLK                             3.000000   83.861252  -80.861259 (VIOLATED)
_61228_/CLK                             3.000000   83.861252  -80.861259 (VIOLATED)
_61229_/CLK                             3.000000   83.861252  -80.861259 (VIOLATED)
_61230_/CLK                             3.000000   83.861252  -80.861259 (VIOLATED)
_61231_/CLK                             3.000000   83.861252  -80.861259 (VIOLATED)
_61232_/CLK                             3.000000   83.861252  -80.861259 (VIOLATED)
_61233_/CLK                             3.000000   83.861252  -80.861259 (VIOLATED)
_61234_/CLK                             3.000000   83.861252  -80.861259 (VIOLATED)
_61235_/CLK                             3.000000   83.861252  -80.861259 (VIOLATED)
_61236_/CLK                             3.000000   83.861252  -80.861259 (VIOLATED)
_61237_/CLK                             3.000000   83.861252  -80.861259 (VIOLATED)
_61238_/CLK                             3.000000   83.861252  -80.861259 (VIOLATED)
_61239_/CLK                             3.000000   83.861252  -80.861259 (VIOLATED)
_61240_/CLK                             3.000000   83.861252  -80.861259 (VIOLATED)
_61241_/CLK                             3.000000   83.861252  -80.861259 (VIOLATED)
_61242_/CLK                             3.000000   83.861252  -80.861259 (VIOLATED)
_61243_/CLK                             3.000000   83.861252  -80.861259 (VIOLATED)
_61244_/CLK                             3.000000   83.861252  -80.861259 (VIOLATED)
_61245_/CLK                             3.000000   83.861252  -80.861259 (VIOLATED)
_61246_/CLK                             3.000000   83.861252  -80.861259 (VIOLATED)
_61247_/CLK                             3.000000   83.861252  -80.861259 (VIOLATED)
_61248_/CLK                             3.000000   83.861252  -80.861259 (VIOLATED)
_61249_/CLK                             3.000000   83.861252  -80.861259 (VIOLATED)
_61250_/CLK                             3.000000   83.861252  -80.861259 (VIOLATED)
_61251_/CLK                             3.000000   83.861252  -80.861259 (VIOLATED)
_61252_/CLK                             3.000000   83.861252  -80.861259 (VIOLATED)
_61253_/CLK                             3.000000   83.861252  -80.861259 (VIOLATED)
_61254_/CLK                             3.000000   83.861252  -80.861259 (VIOLATED)
_61255_/CLK                             3.000000   83.861252  -80.861259 (VIOLATED)
_61256_/CLK                             3.000000   83.861252  -80.861259 (VIOLATED)
_61257_/CLK                             3.000000   83.861252  -80.861259 (VIOLATED)
_61258_/CLK                             3.000000   83.861252  -80.861259 (VIOLATED)
_61259_/CLK                             3.000000   83.861252  -80.861259 (VIOLATED)
_61260_/CLK                             3.000000   83.861252  -80.861259 (VIOLATED)
_61261_/CLK                             3.000000   83.861252  -80.861259 (VIOLATED)
_61262_/CLK                             3.000000   83.861252  -80.861259 (VIOLATED)
_61263_/CLK                             3.000000   83.861252  -80.861259 (VIOLATED)
_61264_/CLK                             3.000000   83.861252  -80.861259 (VIOLATED)
_61265_/CLK                             3.000000   83.861252  -80.861259 (VIOLATED)
_61266_/CLK                             3.000000   83.861252  -80.861259 (VIOLATED)
_61267_/CLK                             3.000000   83.861252  -80.861259 (VIOLATED)
_61268_/CLK                             3.000000   83.861252  -80.861259 (VIOLATED)
_61269_/CLK                             3.000000   83.861252  -80.861259 (VIOLATED)
_61270_/CLK                             3.000000   83.861252  -80.861259 (VIOLATED)
_61271_/CLK                             3.000000   83.861252  -80.861259 (VIOLATED)
_61272_/CLK                             3.000000   83.861252  -80.861259 (VIOLATED)
_61273_/CLK                             3.000000   83.861252  -80.861259 (VIOLATED)
_61274_/CLK                             3.000000   83.861252  -80.861259 (VIOLATED)
_61275_/CLK                             3.000000   83.861252  -80.861259 (VIOLATED)
_61276_/CLK                             3.000000   83.861252  -80.861259 (VIOLATED)
_61277_/CLK                             3.000000   83.861252  -80.861259 (VIOLATED)
_61278_/CLK                             3.000000   83.861252  -80.861259 (VIOLATED)
_61279_/CLK                             3.000000   83.861252  -80.861259 (VIOLATED)
_61280_/CLK                             3.000000   83.861252  -80.861259 (VIOLATED)
_61281_/CLK                             3.000000   83.861252  -80.861259 (VIOLATED)
_61282_/CLK                             3.000000   83.861252  -80.861259 (VIOLATED)
_61283_/CLK                             3.000000   83.861252  -80.861259 (VIOLATED)
_61284_/CLK                             3.000000   83.861252  -80.861259 (VIOLATED)
_61285_/CLK                             3.000000   83.861252  -80.861259 (VIOLATED)
_61286_/CLK                             3.000000   83.861252  -80.861259 (VIOLATED)
_61287_/CLK                             3.000000   83.861252  -80.861259 (VIOLATED)
_61288_/CLK                             3.000000   83.861252  -80.861259 (VIOLATED)
_61289_/CLK                             3.000000   83.861252  -80.861259 (VIOLATED)
_61290_/CLK                             3.000000   83.861252  -80.861259 (VIOLATED)
_61291_/CLK                             3.000000   83.861252  -80.861259 (VIOLATED)
_61292_/CLK                             3.000000   83.861252  -80.861259 (VIOLATED)
_61293_/CLK                             3.000000   83.861252  -80.861259 (VIOLATED)
_61294_/CLK                             3.000000   83.861252  -80.861259 (VIOLATED)
_61295_/CLK                             3.000000   83.861252  -80.861259 (VIOLATED)
_61296_/CLK                             3.000000   83.861252  -80.861259 (VIOLATED)
_61297_/CLK                             3.000000   83.861252  -80.861259 (VIOLATED)
_61298_/CLK                             3.000000   83.861252  -80.861259 (VIOLATED)
_61299_/CLK                             3.000000   83.861252  -80.861259 (VIOLATED)
_61300_/CLK                             3.000000   83.861252  -80.861259 (VIOLATED)
_61301_/CLK                             3.000000   83.861252  -80.861259 (VIOLATED)
_61302_/CLK                             3.000000   83.861252  -80.861259 (VIOLATED)
_61303_/CLK                             3.000000   83.861252  -80.861259 (VIOLATED)
_61304_/CLK                             3.000000   83.861252  -80.861259 (VIOLATED)
_61305_/CLK                             3.000000   83.861252  -80.861259 (VIOLATED)
_61306_/CLK                             3.000000   83.861252  -80.861259 (VIOLATED)
_61307_/CLK                             3.000000   83.861252  -80.861259 (VIOLATED)
_61308_/CLK                             3.000000   83.861252  -80.861259 (VIOLATED)
_61309_/CLK                             3.000000   83.861252  -80.861259 (VIOLATED)
_61310_/CLK                             3.000000   83.861252  -80.861259 (VIOLATED)
_61311_/CLK                             3.000000   83.861252  -80.861259 (VIOLATED)
_61312_/CLK                             3.000000   83.861252  -80.861259 (VIOLATED)
_61313_/CLK                             3.000000   83.861252  -80.861259 (VIOLATED)
_61314_/CLK                             3.000000   83.861252  -80.861259 (VIOLATED)
_61315_/CLK                             3.000000   83.861252  -80.861259 (VIOLATED)
_61861_/CLK                             3.000000   83.861252  -80.861259 (VIOLATED)
_61862_/CLK                             3.000000   83.861252  -80.861259 (VIOLATED)
_61863_/CLK                             3.000000   83.861252  -80.861259 (VIOLATED)
_61864_/CLK                             3.000000   83.861252  -80.861259 (VIOLATED)
_61865_/CLK                             3.000000   83.861252  -80.861259 (VIOLATED)
_61866_/CLK                             3.000000   83.861252  -80.861259 (VIOLATED)
_61867_/CLK                             3.000000   83.861252  -80.861259 (VIOLATED)
_61868_/CLK                             3.000000   83.861252  -80.861259 (VIOLATED)
_61869_/CLK                             3.000000   83.861252  -80.861259 (VIOLATED)
_61870_/CLK                             3.000000   83.861252  -80.861259 (VIOLATED)
_61871_/CLK                             3.000000   83.861252  -80.861259 (VIOLATED)
_62042_/CLK                             3.000000   83.861252  -80.861259 (VIOLATED)
_62043_/CLK                             3.000000   83.861252  -80.861259 (VIOLATED)
i_core_v_mini_mcu.cpu_subsystem_i.hart_clock_gate_0_0.u_icg/Q    3.000000   83.860962  -80.860970 (VIOLATED)
_58489_/CLK                             3.000000   75.546921  -72.546928 (VIOLATED)
_58490_/CLK                             3.000000   75.546921  -72.546928 (VIOLATED)
_58491_/CLK                             3.000000   75.546921  -72.546928 (VIOLATED)
_58492_/CLK                             3.000000   75.546921  -72.546928 (VIOLATED)
_58493_/CLK                             3.000000   75.546921  -72.546928 (VIOLATED)
_58494_/CLK                             3.000000   75.546921  -72.546928 (VIOLATED)
_58495_/CLK                             3.000000   75.546921  -72.546928 (VIOLATED)
_58496_/CLK                             3.000000   75.546921  -72.546928 (VIOLATED)
_58497_/CLK                             3.000000   75.546921  -72.546928 (VIOLATED)
_58498_/CLK                             3.000000   75.546921  -72.546928 (VIOLATED)
_58499_/CLK                             3.000000   75.546921  -72.546928 (VIOLATED)
_58500_/CLK                             3.000000   75.546921  -72.546928 (VIOLATED)
_58501_/CLK                             3.000000   75.546921  -72.546928 (VIOLATED)
_58502_/CLK                             3.000000   75.546921  -72.546928 (VIOLATED)
_58503_/CLK                             3.000000   75.546921  -72.546928 (VIOLATED)
_58504_/CLK                             3.000000   75.546921  -72.546928 (VIOLATED)
_58505_/CLK                             3.000000   75.546921  -72.546928 (VIOLATED)
_58506_/CLK                             3.000000   75.546921  -72.546928 (VIOLATED)
_58507_/CLK                             3.000000   75.546921  -72.546928 (VIOLATED)
_58508_/CLK                             3.000000   75.546921  -72.546928 (VIOLATED)
_58509_/CLK                             3.000000   75.546921  -72.546928 (VIOLATED)
_58510_/CLK                             3.000000   75.546921  -72.546928 (VIOLATED)
_58511_/CLK                             3.000000   75.546921  -72.546928 (VIOLATED)
_58512_/CLK                             3.000000   75.546921  -72.546928 (VIOLATED)
_58513_/CLK                             3.000000   75.546921  -72.546928 (VIOLATED)
_58514_/CLK                             3.000000   75.546921  -72.546928 (VIOLATED)
_58515_/CLK                             3.000000   75.546921  -72.546928 (VIOLATED)
_58516_/CLK                             3.000000   75.546921  -72.546928 (VIOLATED)
_58517_/CLK                             3.000000   75.546921  -72.546928 (VIOLATED)
_58518_/CLK                             3.000000   75.546921  -72.546928 (VIOLATED)
_58519_/CLK                             3.000000   75.546921  -72.546928 (VIOLATED)
_58520_/CLK                             3.000000   75.546921  -72.546928 (VIOLATED)
_58521_/CLK                             3.000000   75.546921  -72.546928 (VIOLATED)
_58522_/CLK                             3.000000   75.546921  -72.546928 (VIOLATED)
_58523_/CLK                             3.000000   75.546921  -72.546928 (VIOLATED)
_58524_/CLK                             3.000000   75.546921  -72.546928 (VIOLATED)
_58525_/CLK                             3.000000   75.546921  -72.546928 (VIOLATED)
_58526_/CLK                             3.000000   75.546921  -72.546928 (VIOLATED)
_58527_/CLK                             3.000000   75.546921  -72.546928 (VIOLATED)
_58528_/CLK                             3.000000   75.546921  -72.546928 (VIOLATED)
_58529_/CLK                             3.000000   75.546921  -72.546928 (VIOLATED)
_58530_/CLK                             3.000000   75.546921  -72.546928 (VIOLATED)
_58531_/CLK                             3.000000   75.546921  -72.546928 (VIOLATED)
_58532_/CLK                             3.000000   75.546921  -72.546928 (VIOLATED)
_58533_/CLK                             3.000000   75.546921  -72.546928 (VIOLATED)
_58534_/CLK                             3.000000   75.546921  -72.546928 (VIOLATED)
_58535_/CLK                             3.000000   75.546921  -72.546928 (VIOLATED)
_58536_/CLK                             3.000000   75.546921  -72.546928 (VIOLATED)
_58537_/CLK                             3.000000   75.546921  -72.546928 (VIOLATED)
_58538_/CLK                             3.000000   75.546921  -72.546928 (VIOLATED)
_58539_/CLK                             3.000000   75.546921  -72.546928 (VIOLATED)
_58540_/CLK                             3.000000   75.546921  -72.546928 (VIOLATED)
_58541_/CLK                             3.000000   75.546921  -72.546928 (VIOLATED)
_58542_/CLK                             3.000000   75.546921  -72.546928 (VIOLATED)
_58543_/CLK                             3.000000   75.546921  -72.546928 (VIOLATED)
_58544_/CLK                             3.000000   75.546921  -72.546928 (VIOLATED)
_58545_/CLK                             3.000000   75.546921  -72.546928 (VIOLATED)
_58546_/CLK                             3.000000   75.546921  -72.546928 (VIOLATED)
_58547_/CLK                             3.000000   75.546921  -72.546928 (VIOLATED)
_58548_/CLK                             3.000000   75.546921  -72.546928 (VIOLATED)
_58549_/CLK                             3.000000   75.546921  -72.546928 (VIOLATED)
_58550_/CLK                             3.000000   75.546921  -72.546928 (VIOLATED)
_58551_/CLK                             3.000000   75.546921  -72.546928 (VIOLATED)
_58552_/CLK                             3.000000   75.546921  -72.546928 (VIOLATED)
_58553_/CLK                             3.000000   75.546921  -72.546928 (VIOLATED)
_58554_/CLK                             3.000000   75.546921  -72.546928 (VIOLATED)
_58555_/CLK                             3.000000   75.546921  -72.546928 (VIOLATED)
_58556_/CLK                             3.000000   75.546921  -72.546928 (VIOLATED)
_58557_/CLK                             3.000000   75.546921  -72.546928 (VIOLATED)
_58558_/CLK                             3.000000   75.546921  -72.546928 (VIOLATED)
_58559_/CLK                             3.000000   75.546921  -72.546928 (VIOLATED)
_58560_/CLK                             3.000000   75.546921  -72.546928 (VIOLATED)
_58561_/CLK                             3.000000   75.546921  -72.546928 (VIOLATED)
_58562_/CLK                             3.000000   75.546921  -72.546928 (VIOLATED)
_58563_/CLK                             3.000000   75.546921  -72.546928 (VIOLATED)
_58564_/CLK                             3.000000   75.546921  -72.546928 (VIOLATED)
_58565_/CLK                             3.000000   75.546921  -72.546928 (VIOLATED)
_58566_/CLK                             3.000000   75.546921  -72.546928 (VIOLATED)
_58567_/CLK                             3.000000   75.546921  -72.546928 (VIOLATED)
_58568_/CLK                             3.000000   75.546921  -72.546928 (VIOLATED)
_58569_/CLK                             3.000000   75.546921  -72.546928 (VIOLATED)
_58570_/CLK                             3.000000   75.546921  -72.546928 (VIOLATED)
_58571_/CLK                             3.000000   75.546921  -72.546928 (VIOLATED)
_58572_/CLK                             3.000000   75.546921  -72.546928 (VIOLATED)
_58573_/CLK                             3.000000   75.546921  -72.546928 (VIOLATED)
_58574_/CLK                             3.000000   75.546921  -72.546928 (VIOLATED)
_58575_/CLK                             3.000000   75.546921  -72.546928 (VIOLATED)
_58576_/CLK                             3.000000   75.546921  -72.546928 (VIOLATED)
_58577_/CLK                             3.000000   75.546921  -72.546928 (VIOLATED)
_58578_/CLK                             3.000000   75.546921  -72.546928 (VIOLATED)
_58579_/CLK                             3.000000   75.546921  -72.546928 (VIOLATED)
_58580_/CLK                             3.000000   75.546921  -72.546928 (VIOLATED)
_58581_/CLK                             3.000000   75.546921  -72.546928 (VIOLATED)
_58582_/CLK                             3.000000   75.546921  -72.546928 (VIOLATED)
_58583_/CLK                             3.000000   75.546921  -72.546928 (VIOLATED)
_58584_/CLK                             3.000000   75.546921  -72.546928 (VIOLATED)
_58585_/CLK                             3.000000   75.546921  -72.546928 (VIOLATED)
_58586_/CLK                             3.000000   75.546921  -72.546928 (VIOLATED)
_58587_/CLK                             3.000000   75.546921  -72.546928 (VIOLATED)
_58588_/CLK                             3.000000   75.546921  -72.546928 (VIOLATED)
_58589_/CLK                             3.000000   75.546921  -72.546928 (VIOLATED)
_58590_/CLK                             3.000000   75.546921  -72.546928 (VIOLATED)
_58591_/CLK                             3.000000   75.546921  -72.546928 (VIOLATED)
_58592_/CLK                             3.000000   75.546921  -72.546928 (VIOLATED)
_58593_/CLK                             3.000000   75.546921  -72.546928 (VIOLATED)
_58594_/CLK                             3.000000   75.546921  -72.546928 (VIOLATED)
_58595_/CLK                             3.000000   75.546921  -72.546928 (VIOLATED)
_58596_/CLK                             3.000000   75.546921  -72.546928 (VIOLATED)
_58597_/CLK                             3.000000   75.546921  -72.546928 (VIOLATED)
_58598_/CLK                             3.000000   75.546921  -72.546928 (VIOLATED)
_58599_/CLK                             3.000000   75.546921  -72.546928 (VIOLATED)
_58600_/CLK                             3.000000   75.546921  -72.546928 (VIOLATED)
_58601_/CLK                             3.000000   75.546921  -72.546928 (VIOLATED)
_58602_/CLK                             3.000000   75.546921  -72.546928 (VIOLATED)
_58603_/CLK                             3.000000   75.546921  -72.546928 (VIOLATED)
_58604_/CLK                             3.000000   75.546921  -72.546928 (VIOLATED)
_58605_/CLK                             3.000000   75.546921  -72.546928 (VIOLATED)
_58606_/CLK                             3.000000   75.546921  -72.546928 (VIOLATED)
_58607_/CLK                             3.000000   75.546921  -72.546928 (VIOLATED)
_58608_/CLK                             3.000000   75.546921  -72.546928 (VIOLATED)
_58609_/CLK                             3.000000   75.546921  -72.546928 (VIOLATED)
_58610_/CLK                             3.000000   75.546921  -72.546928 (VIOLATED)
_58611_/CLK                             3.000000   75.546921  -72.546928 (VIOLATED)
_58612_/CLK                             3.000000   75.546921  -72.546928 (VIOLATED)
_58613_/CLK                             3.000000   75.546921  -72.546928 (VIOLATED)
_58614_/CLK                             3.000000   75.546921  -72.546928 (VIOLATED)
_58615_/CLK                             3.000000   75.546921  -72.546928 (VIOLATED)
_58616_/CLK                             3.000000   75.546921  -72.546928 (VIOLATED)
_58617_/CLK                             3.000000   75.546921  -72.546928 (VIOLATED)
_58618_/CLK                             3.000000   75.546921  -72.546928 (VIOLATED)
_58619_/CLK                             3.000000   75.546921  -72.546928 (VIOLATED)
_58620_/CLK                             3.000000   75.546921  -72.546928 (VIOLATED)
_58621_/CLK                             3.000000   75.546921  -72.546928 (VIOLATED)
_58622_/CLK                             3.000000   75.546921  -72.546928 (VIOLATED)
_58623_/CLK                             3.000000   75.546921  -72.546928 (VIOLATED)
_58624_/CLK                             3.000000   75.546921  -72.546928 (VIOLATED)
_58625_/CLK                             3.000000   75.546921  -72.546928 (VIOLATED)
_58626_/CLK                             3.000000   75.546921  -72.546928 (VIOLATED)
_58627_/CLK                             3.000000   75.546921  -72.546928 (VIOLATED)
_58628_/CLK                             3.000000   75.546921  -72.546928 (VIOLATED)
_58629_/CLK                             3.000000   75.546921  -72.546928 (VIOLATED)
_58630_/CLK                             3.000000   75.546921  -72.546928 (VIOLATED)
_58631_/CLK                             3.000000   75.546921  -72.546928 (VIOLATED)
_58632_/CLK                             3.000000   75.546921  -72.546928 (VIOLATED)
_58633_/CLK                             3.000000   75.546921  -72.546928 (VIOLATED)
_58634_/CLK                             3.000000   75.546921  -72.546928 (VIOLATED)
_58635_/CLK                             3.000000   75.546921  -72.546928 (VIOLATED)
_58636_/CLK                             3.000000   75.546921  -72.546928 (VIOLATED)
_58637_/CLK                             3.000000   75.546921  -72.546928 (VIOLATED)
_58638_/CLK                             3.000000   75.546921  -72.546928 (VIOLATED)
_58639_/CLK                             3.000000   75.546921  -72.546928 (VIOLATED)
_58640_/CLK                             3.000000   75.546921  -72.546928 (VIOLATED)
_58641_/CLK                             3.000000   75.546921  -72.546928 (VIOLATED)
_58642_/CLK                             3.000000   75.546921  -72.546928 (VIOLATED)
_58643_/CLK                             3.000000   75.546921  -72.546928 (VIOLATED)
_58644_/CLK                             3.000000   75.546921  -72.546928 (VIOLATED)
_58645_/CLK                             3.000000   75.546921  -72.546928 (VIOLATED)
_58646_/CLK                             3.000000   75.546921  -72.546928 (VIOLATED)
_58647_/CLK                             3.000000   75.546921  -72.546928 (VIOLATED)
_58648_/CLK                             3.000000   75.546921  -72.546928 (VIOLATED)
_58649_/CLK                             3.000000   75.546921  -72.546928 (VIOLATED)
_58650_/CLK                             3.000000   75.546921  -72.546928 (VIOLATED)
_58651_/CLK                             3.000000   75.546921  -72.546928 (VIOLATED)
_58652_/CLK                             3.000000   75.546921  -72.546928 (VIOLATED)
_58653_/CLK                             3.000000   75.546921  -72.546928 (VIOLATED)
_58654_/CLK                             3.000000   75.546921  -72.546928 (VIOLATED)
_58655_/CLK                             3.000000   75.546921  -72.546928 (VIOLATED)
_58656_/CLK                             3.000000   75.546921  -72.546928 (VIOLATED)
_58657_/CLK                             3.000000   75.546921  -72.546928 (VIOLATED)
_58658_/CLK                             3.000000   75.546921  -72.546928 (VIOLATED)
_58659_/CLK                             3.000000   75.546921  -72.546928 (VIOLATED)
_58660_/CLK                             3.000000   75.546921  -72.546928 (VIOLATED)
_58661_/CLK                             3.000000   75.546921  -72.546928 (VIOLATED)
_58662_/CLK                             3.000000   75.546921  -72.546928 (VIOLATED)
_58663_/CLK                             3.000000   75.546921  -72.546928 (VIOLATED)
_58664_/CLK                             3.000000   75.546921  -72.546928 (VIOLATED)
_58665_/CLK                             3.000000   75.546921  -72.546928 (VIOLATED)
_58666_/CLK                             3.000000   75.546921  -72.546928 (VIOLATED)
_58667_/CLK                             3.000000   75.546921  -72.546928 (VIOLATED)
_58668_/CLK                             3.000000   75.546921  -72.546928 (VIOLATED)
_58669_/CLK                             3.000000   75.546921  -72.546928 (VIOLATED)
_58670_/CLK                             3.000000   75.546921  -72.546928 (VIOLATED)
_58671_/CLK                             3.000000   75.546921  -72.546928 (VIOLATED)
_58672_/CLK                             3.000000   75.546921  -72.546928 (VIOLATED)
_58673_/CLK                             3.000000   75.546921  -72.546928 (VIOLATED)
_58674_/CLK                             3.000000   75.546921  -72.546928 (VIOLATED)
_58675_/CLK                             3.000000   75.546921  -72.546928 (VIOLATED)
_58676_/CLK                             3.000000   75.546921  -72.546928 (VIOLATED)
_58677_/CLK                             3.000000   75.546921  -72.546928 (VIOLATED)
_58678_/CLK                             3.000000   75.546921  -72.546928 (VIOLATED)
_58679_/CLK                             3.000000   75.546921  -72.546928 (VIOLATED)
_58680_/CLK                             3.000000   75.546921  -72.546928 (VIOLATED)
_58681_/CLK                             3.000000   75.546921  -72.546928 (VIOLATED)
_58682_/CLK                             3.000000   75.546921  -72.546928 (VIOLATED)
_58683_/CLK                             3.000000   75.546921  -72.546928 (VIOLATED)
_58684_/CLK                             3.000000   75.546921  -72.546928 (VIOLATED)
_58685_/CLK                             3.000000   75.546921  -72.546928 (VIOLATED)
_58686_/CLK                             3.000000   75.546921  -72.546928 (VIOLATED)
_58687_/CLK                             3.000000   75.546921  -72.546928 (VIOLATED)
_58688_/CLK                             3.000000   75.546921  -72.546928 (VIOLATED)
_58689_/CLK                             3.000000   75.546921  -72.546928 (VIOLATED)
_58690_/CLK                             3.000000   75.546921  -72.546928 (VIOLATED)
_58691_/CLK                             3.000000   75.546921  -72.546928 (VIOLATED)
_58692_/CLK                             3.000000   75.546921  -72.546928 (VIOLATED)
_58693_/CLK                             3.000000   75.546921  -72.546928 (VIOLATED)
_58694_/CLK                             3.000000   75.546921  -72.546928 (VIOLATED)
_58695_/CLK                             3.000000   75.546921  -72.546928 (VIOLATED)
_58696_/CLK                             3.000000   75.546921  -72.546928 (VIOLATED)
_58697_/CLK                             3.000000   75.546921  -72.546928 (VIOLATED)
_58698_/CLK                             3.000000   75.546921  -72.546928 (VIOLATED)
_58699_/CLK                             3.000000   75.546921  -72.546928 (VIOLATED)
_58700_/CLK                             3.000000   75.546921  -72.546928 (VIOLATED)
_58701_/CLK                             3.000000   75.546921  -72.546928 (VIOLATED)
_58702_/CLK                             3.000000   75.546921  -72.546928 (VIOLATED)
_58703_/CLK                             3.000000   75.546921  -72.546928 (VIOLATED)
_58704_/CLK                             3.000000   75.546921  -72.546928 (VIOLATED)
_58705_/CLK                             3.000000   75.546921  -72.546928 (VIOLATED)
_58706_/CLK                             3.000000   75.546921  -72.546928 (VIOLATED)
_58707_/CLK                             3.000000   75.546921  -72.546928 (VIOLATED)
_58708_/CLK                             3.000000   75.546921  -72.546928 (VIOLATED)
_58709_/CLK                             3.000000   75.546921  -72.546928 (VIOLATED)
_58710_/CLK                             3.000000   75.546921  -72.546928 (VIOLATED)
_58711_/CLK                             3.000000   75.546921  -72.546928 (VIOLATED)
_58712_/CLK                             3.000000   75.546921  -72.546928 (VIOLATED)
_58713_/CLK                             3.000000   75.546921  -72.546928 (VIOLATED)
_58714_/CLK                             3.000000   75.546921  -72.546928 (VIOLATED)
_58715_/CLK                             3.000000   75.546921  -72.546928 (VIOLATED)
_58716_/CLK                             3.000000   75.546921  -72.546928 (VIOLATED)
_58717_/CLK                             3.000000   75.546921  -72.546928 (VIOLATED)
_58718_/CLK                             3.000000   75.546921  -72.546928 (VIOLATED)
_58719_/CLK                             3.000000   75.546921  -72.546928 (VIOLATED)
_58720_/CLK                             3.000000   75.546921  -72.546928 (VIOLATED)
_58721_/CLK                             3.000000   75.546921  -72.546928 (VIOLATED)
_58722_/CLK                             3.000000   75.546921  -72.546928 (VIOLATED)
_58723_/CLK                             3.000000   75.546921  -72.546928 (VIOLATED)
_58724_/CLK                             3.000000   75.546921  -72.546928 (VIOLATED)
_58725_/CLK                             3.000000   75.546921  -72.546928 (VIOLATED)
_58726_/CLK                             3.000000   75.546921  -72.546928 (VIOLATED)
_58727_/CLK                             3.000000   75.546921  -72.546928 (VIOLATED)
_58728_/CLK                             3.000000   75.546921  -72.546928 (VIOLATED)
_58729_/CLK                             3.000000   75.546921  -72.546928 (VIOLATED)
_58730_/CLK                             3.000000   75.546921  -72.546928 (VIOLATED)
_58731_/CLK                             3.000000   75.546921  -72.546928 (VIOLATED)
_58732_/CLK                             3.000000   75.546921  -72.546928 (VIOLATED)
_58733_/CLK                             3.000000   75.546921  -72.546928 (VIOLATED)
_58734_/CLK                             3.000000   75.546921  -72.546928 (VIOLATED)
_58735_/CLK                             3.000000   75.546921  -72.546928 (VIOLATED)
_58736_/CLK                             3.000000   75.546921  -72.546928 (VIOLATED)
_58737_/CLK                             3.000000   75.546921  -72.546928 (VIOLATED)
_58738_/CLK                             3.000000   75.546921  -72.546928 (VIOLATED)
_58739_/CLK                             3.000000   75.546921  -72.546928 (VIOLATED)
_58740_/CLK                             3.000000   75.546921  -72.546928 (VIOLATED)
_58741_/CLK                             3.000000   75.546921  -72.546928 (VIOLATED)
_58742_/CLK                             3.000000   75.546921  -72.546928 (VIOLATED)
_58743_/CLK                             3.000000   75.546921  -72.546928 (VIOLATED)
_58744_/CLK                             3.000000   75.546921  -72.546928 (VIOLATED)
_58745_/CLK                             3.000000   75.546921  -72.546928 (VIOLATED)
_58746_/CLK                             3.000000   75.546921  -72.546928 (VIOLATED)
_58747_/CLK                             3.000000   75.546921  -72.546928 (VIOLATED)
_58748_/CLK                             3.000000   75.546921  -72.546928 (VIOLATED)
_58749_/CLK                             3.000000   75.546921  -72.546928 (VIOLATED)
_58750_/CLK                             3.000000   75.546921  -72.546928 (VIOLATED)
_58751_/CLK                             3.000000   75.546921  -72.546928 (VIOLATED)
_58752_/CLK                             3.000000   75.546921  -72.546928 (VIOLATED)
_58753_/CLK                             3.000000   75.546921  -72.546928 (VIOLATED)
_58754_/CLK                             3.000000   75.546921  -72.546928 (VIOLATED)
_58755_/CLK                             3.000000   75.546921  -72.546928 (VIOLATED)
_58756_/CLK                             3.000000   75.546921  -72.546928 (VIOLATED)
_58757_/CLK                             3.000000   75.546921  -72.546928 (VIOLATED)
_58758_/CLK                             3.000000   75.546921  -72.546928 (VIOLATED)
_58759_/CLK                             3.000000   75.546921  -72.546928 (VIOLATED)
_58760_/CLK                             3.000000   75.546921  -72.546928 (VIOLATED)
_58761_/CLK                             3.000000   75.546921  -72.546928 (VIOLATED)
_58762_/CLK                             3.000000   75.546921  -72.546928 (VIOLATED)
_58763_/CLK                             3.000000   75.546921  -72.546928 (VIOLATED)
_58764_/CLK                             3.000000   75.546921  -72.546928 (VIOLATED)
_58765_/CLK                             3.000000   75.546921  -72.546928 (VIOLATED)
_58766_/CLK                             3.000000   75.546921  -72.546928 (VIOLATED)
_58767_/CLK                             3.000000   75.546921  -72.546928 (VIOLATED)
_58768_/CLK                             3.000000   75.546921  -72.546928 (VIOLATED)
_58769_/CLK                             3.000000   75.546921  -72.546928 (VIOLATED)
_58770_/CLK                             3.000000   75.546921  -72.546928 (VIOLATED)
_58771_/CLK                             3.000000   75.546921  -72.546928 (VIOLATED)
_58772_/CLK                             3.000000   75.546921  -72.546928 (VIOLATED)
_58773_/CLK                             3.000000   75.546921  -72.546928 (VIOLATED)
_58774_/CLK                             3.000000   75.546921  -72.546928 (VIOLATED)
_58775_/CLK                             3.000000   75.546921  -72.546928 (VIOLATED)
_58776_/CLK                             3.000000   75.546921  -72.546928 (VIOLATED)
_58777_/CLK                             3.000000   75.546921  -72.546928 (VIOLATED)
_58778_/CLK                             3.000000   75.546921  -72.546928 (VIOLATED)
_58779_/CLK                             3.000000   75.546921  -72.546928 (VIOLATED)
_58780_/CLK                             3.000000   75.546921  -72.546928 (VIOLATED)
_58781_/CLK                             3.000000   75.546921  -72.546928 (VIOLATED)
_58782_/CLK                             3.000000   75.546921  -72.546928 (VIOLATED)
_58783_/CLK                             3.000000   75.546921  -72.546928 (VIOLATED)
_58784_/CLK                             3.000000   75.546921  -72.546928 (VIOLATED)
_58785_/CLK                             3.000000   75.546921  -72.546928 (VIOLATED)
_58786_/CLK                             3.000000   75.546921  -72.546928 (VIOLATED)
_58787_/CLK                             3.000000   75.546921  -72.546928 (VIOLATED)
_58788_/CLK                             3.000000   75.546921  -72.546928 (VIOLATED)
_58789_/CLK                             3.000000   75.546921  -72.546928 (VIOLATED)
_58790_/CLK                             3.000000   75.546921  -72.546928 (VIOLATED)
_58791_/CLK                             3.000000   75.546921  -72.546928 (VIOLATED)
_58792_/CLK                             3.000000   75.546921  -72.546928 (VIOLATED)
_58793_/CLK                             3.000000   75.546921  -72.546928 (VIOLATED)
_58794_/CLK                             3.000000   75.546921  -72.546928 (VIOLATED)
_58795_/CLK                             3.000000   75.546921  -72.546928 (VIOLATED)
_58796_/CLK                             3.000000   75.546921  -72.546928 (VIOLATED)
_58797_/CLK                             3.000000   75.546921  -72.546928 (VIOLATED)
_58798_/CLK                             3.000000   75.546921  -72.546928 (VIOLATED)
_58799_/CLK                             3.000000   75.546921  -72.546928 (VIOLATED)
_58800_/CLK                             3.000000   75.546921  -72.546928 (VIOLATED)
_58801_/CLK                             3.000000   75.546921  -72.546928 (VIOLATED)
_58802_/CLK                             3.000000   75.546921  -72.546928 (VIOLATED)
_58803_/CLK                             3.000000   75.546921  -72.546928 (VIOLATED)
_58804_/CLK                             3.000000   75.546921  -72.546928 (VIOLATED)
_58805_/CLK                             3.000000   75.546921  -72.546928 (VIOLATED)
_58806_/CLK                             3.000000   75.546921  -72.546928 (VIOLATED)
_58807_/CLK                             3.000000   75.546921  -72.546928 (VIOLATED)
_58808_/CLK                             3.000000   75.546921  -72.546928 (VIOLATED)
_58809_/CLK                             3.000000   75.546921  -72.546928 (VIOLATED)
_58810_/CLK                             3.000000   75.546921  -72.546928 (VIOLATED)
_58811_/CLK                             3.000000   75.546921  -72.546928 (VIOLATED)
_58812_/CLK                             3.000000   75.546921  -72.546928 (VIOLATED)
_58813_/CLK                             3.000000   75.546921  -72.546928 (VIOLATED)
_58814_/CLK                             3.000000   75.546921  -72.546928 (VIOLATED)
_58815_/CLK                             3.000000   75.546921  -72.546928 (VIOLATED)
_58816_/CLK                             3.000000   75.546921  -72.546928 (VIOLATED)
_58817_/CLK                             3.000000   75.546921  -72.546928 (VIOLATED)
_58818_/CLK                             3.000000   75.546921  -72.546928 (VIOLATED)
_58819_/CLK                             3.000000   75.546921  -72.546928 (VIOLATED)
_58820_/CLK                             3.000000   75.546921  -72.546928 (VIOLATED)
_58821_/CLK                             3.000000   75.546921  -72.546928 (VIOLATED)
_58822_/CLK                             3.000000   75.546921  -72.546928 (VIOLATED)
_58823_/CLK                             3.000000   75.546921  -72.546928 (VIOLATED)
_58824_/CLK                             3.000000   75.546921  -72.546928 (VIOLATED)
_58825_/CLK                             3.000000   75.546921  -72.546928 (VIOLATED)
_58826_/CLK                             3.000000   75.546921  -72.546928 (VIOLATED)
_58827_/CLK                             3.000000   75.546921  -72.546928 (VIOLATED)
_58828_/CLK                             3.000000   75.546921  -72.546928 (VIOLATED)
_58829_/CLK                             3.000000   75.546921  -72.546928 (VIOLATED)
_58830_/CLK                             3.000000   75.546921  -72.546928 (VIOLATED)
_58831_/CLK                             3.000000   75.546921  -72.546928 (VIOLATED)
_58832_/CLK                             3.000000   75.546921  -72.546928 (VIOLATED)
_58833_/CLK                             3.000000   75.546921  -72.546928 (VIOLATED)
_58834_/CLK                             3.000000   75.546921  -72.546928 (VIOLATED)
_58835_/CLK                             3.000000   75.546921  -72.546928 (VIOLATED)
_58836_/CLK                             3.000000   75.546921  -72.546928 (VIOLATED)
_58837_/CLK                             3.000000   75.546921  -72.546928 (VIOLATED)
_58838_/CLK                             3.000000   75.546921  -72.546928 (VIOLATED)
_58839_/CLK                             3.000000   75.546921  -72.546928 (VIOLATED)
_58840_/CLK                             3.000000   75.546921  -72.546928 (VIOLATED)
_58841_/CLK                             3.000000   75.546921  -72.546928 (VIOLATED)
_58842_/CLK                             3.000000   75.546921  -72.546928 (VIOLATED)
_58843_/CLK                             3.000000   75.546921  -72.546928 (VIOLATED)
_58844_/CLK                             3.000000   75.546921  -72.546928 (VIOLATED)
_58845_/CLK                             3.000000   75.546921  -72.546928 (VIOLATED)
_58846_/CLK                             3.000000   75.546921  -72.546928 (VIOLATED)
_58847_/CLK                             3.000000   75.546921  -72.546928 (VIOLATED)
_58848_/CLK                             3.000000   75.546921  -72.546928 (VIOLATED)
_58849_/CLK                             3.000000   75.546921  -72.546928 (VIOLATED)
_58850_/CLK                             3.000000   75.546921  -72.546928 (VIOLATED)
_58851_/CLK                             3.000000   75.546921  -72.546928 (VIOLATED)
_58852_/CLK                             3.000000   75.546921  -72.546928 (VIOLATED)
_58853_/CLK                             3.000000   75.546921  -72.546928 (VIOLATED)
_58854_/CLK                             3.000000   75.546921  -72.546928 (VIOLATED)
_58855_/CLK                             3.000000   75.546921  -72.546928 (VIOLATED)
_58856_/CLK                             3.000000   75.546921  -72.546928 (VIOLATED)
_58857_/CLK                             3.000000   75.546921  -72.546928 (VIOLATED)
_58858_/CLK                             3.000000   75.546921  -72.546928 (VIOLATED)
_58859_/CLK                             3.000000   75.546921  -72.546928 (VIOLATED)
_58860_/CLK                             3.000000   75.546921  -72.546928 (VIOLATED)
_58861_/CLK                             3.000000   75.546921  -72.546928 (VIOLATED)
_58862_/CLK                             3.000000   75.546921  -72.546928 (VIOLATED)
_58863_/CLK                             3.000000   75.546921  -72.546928 (VIOLATED)
_58864_/CLK                             3.000000   75.546921  -72.546928 (VIOLATED)
_58865_/CLK                             3.000000   75.546921  -72.546928 (VIOLATED)
_58866_/CLK                             3.000000   75.546921  -72.546928 (VIOLATED)
_58867_/CLK                             3.000000   75.546921  -72.546928 (VIOLATED)
_58868_/CLK                             3.000000   75.546921  -72.546928 (VIOLATED)
_58869_/CLK                             3.000000   75.546921  -72.546928 (VIOLATED)
_58870_/CLK                             3.000000   75.546921  -72.546928 (VIOLATED)
_58871_/CLK                             3.000000   75.546921  -72.546928 (VIOLATED)
_58872_/CLK                             3.000000   75.546921  -72.546928 (VIOLATED)
_58873_/CLK                             3.000000   75.546921  -72.546928 (VIOLATED)
_58874_/CLK                             3.000000   75.546921  -72.546928 (VIOLATED)
_58875_/CLK                             3.000000   75.546921  -72.546928 (VIOLATED)
_58876_/CLK                             3.000000   75.546921  -72.546928 (VIOLATED)
_58877_/CLK                             3.000000   75.546921  -72.546928 (VIOLATED)
_58878_/CLK                             3.000000   75.546921  -72.546928 (VIOLATED)
_58879_/CLK                             3.000000   75.546921  -72.546928 (VIOLATED)
_58880_/CLK                             3.000000   75.546921  -72.546928 (VIOLATED)
_58881_/CLK                             3.000000   75.546921  -72.546928 (VIOLATED)
_58882_/CLK                             3.000000   75.546921  -72.546928 (VIOLATED)
_58883_/CLK                             3.000000   75.546921  -72.546928 (VIOLATED)
_58884_/CLK                             3.000000   75.546921  -72.546928 (VIOLATED)
_58885_/CLK                             3.000000   75.546921  -72.546928 (VIOLATED)
_58886_/CLK                             3.000000   75.546921  -72.546928 (VIOLATED)
_58887_/CLK                             3.000000   75.546921  -72.546928 (VIOLATED)
_58888_/CLK                             3.000000   75.546921  -72.546928 (VIOLATED)
_58889_/CLK                             3.000000   75.546921  -72.546928 (VIOLATED)
_58890_/CLK                             3.000000   75.546921  -72.546928 (VIOLATED)
_58891_/CLK                             3.000000   75.546921  -72.546928 (VIOLATED)
_58892_/CLK                             3.000000   75.546921  -72.546928 (VIOLATED)
_58893_/CLK                             3.000000   75.546921  -72.546928 (VIOLATED)
_58894_/CLK                             3.000000   75.546921  -72.546928 (VIOLATED)
_58895_/CLK                             3.000000   75.546921  -72.546928 (VIOLATED)
_58896_/CLK                             3.000000   75.546921  -72.546928 (VIOLATED)
_58897_/CLK                             3.000000   75.546921  -72.546928 (VIOLATED)
_58898_/CLK                             3.000000   75.546921  -72.546928 (VIOLATED)
_58899_/CLK                             3.000000   75.546921  -72.546928 (VIOLATED)
_58900_/CLK                             3.000000   75.546921  -72.546928 (VIOLATED)
_58901_/CLK                             3.000000   75.546921  -72.546928 (VIOLATED)
_58902_/CLK                             3.000000   75.546921  -72.546928 (VIOLATED)
_58903_/CLK                             3.000000   75.546921  -72.546928 (VIOLATED)
_58904_/CLK                             3.000000   75.546921  -72.546928 (VIOLATED)
_58905_/CLK                             3.000000   75.546921  -72.546928 (VIOLATED)
_58906_/CLK                             3.000000   75.546921  -72.546928 (VIOLATED)
_58907_/CLK                             3.000000   75.546921  -72.546928 (VIOLATED)
_58908_/CLK                             3.000000   75.546921  -72.546928 (VIOLATED)
_58909_/CLK                             3.000000   75.546921  -72.546928 (VIOLATED)
_58910_/CLK                             3.000000   75.546921  -72.546928 (VIOLATED)
_58911_/CLK                             3.000000   75.546921  -72.546928 (VIOLATED)
_58912_/CLK                             3.000000   75.546921  -72.546928 (VIOLATED)
_58913_/CLK                             3.000000   75.546921  -72.546928 (VIOLATED)
_58914_/CLK                             3.000000   75.546921  -72.546928 (VIOLATED)
_58915_/CLK                             3.000000   75.546921  -72.546928 (VIOLATED)
_58916_/CLK                             3.000000   75.546921  -72.546928 (VIOLATED)
_58917_/CLK                             3.000000   75.546921  -72.546928 (VIOLATED)
_58918_/CLK                             3.000000   75.546921  -72.546928 (VIOLATED)
_58919_/CLK                             3.000000   75.546921  -72.546928 (VIOLATED)
_58920_/CLK                             3.000000   75.546921  -72.546928 (VIOLATED)
_58921_/CLK                             3.000000   75.546921  -72.546928 (VIOLATED)
_58922_/CLK                             3.000000   75.546921  -72.546928 (VIOLATED)
_58923_/CLK                             3.000000   75.546921  -72.546928 (VIOLATED)
_58924_/CLK                             3.000000   75.546921  -72.546928 (VIOLATED)
_58925_/CLK                             3.000000   75.546921  -72.546928 (VIOLATED)
_58926_/CLK                             3.000000   75.546921  -72.546928 (VIOLATED)
_58927_/CLK                             3.000000   75.546921  -72.546928 (VIOLATED)
_58928_/CLK                             3.000000   75.546921  -72.546928 (VIOLATED)
_58929_/CLK                             3.000000   75.546921  -72.546928 (VIOLATED)
_58930_/CLK                             3.000000   75.546921  -72.546928 (VIOLATED)
_58931_/CLK                             3.000000   75.546921  -72.546928 (VIOLATED)
_58932_/CLK                             3.000000   75.546921  -72.546928 (VIOLATED)
_58933_/CLK                             3.000000   75.546921  -72.546928 (VIOLATED)
_58934_/CLK                             3.000000   75.546921  -72.546928 (VIOLATED)
_58935_/CLK                             3.000000   75.546921  -72.546928 (VIOLATED)
_58936_/CLK                             3.000000   75.546921  -72.546928 (VIOLATED)
_58937_/CLK                             3.000000   75.546921  -72.546928 (VIOLATED)
_58938_/CLK                             3.000000   75.546921  -72.546928 (VIOLATED)
_58939_/CLK                             3.000000   75.546921  -72.546928 (VIOLATED)
_58940_/CLK                             3.000000   75.546921  -72.546928 (VIOLATED)
_58941_/CLK                             3.000000   75.546921  -72.546928 (VIOLATED)
_58942_/CLK                             3.000000   75.546921  -72.546928 (VIOLATED)
_58943_/CLK                             3.000000   75.546921  -72.546928 (VIOLATED)
_58944_/CLK                             3.000000   75.546921  -72.546928 (VIOLATED)
_58945_/CLK                             3.000000   75.546921  -72.546928 (VIOLATED)
_58946_/CLK                             3.000000   75.546921  -72.546928 (VIOLATED)
_58947_/CLK                             3.000000   75.546921  -72.546928 (VIOLATED)
_58948_/CLK                             3.000000   75.546921  -72.546928 (VIOLATED)
_58949_/CLK                             3.000000   75.546921  -72.546928 (VIOLATED)
_58950_/CLK                             3.000000   75.546921  -72.546928 (VIOLATED)
_58951_/CLK                             3.000000   75.546921  -72.546928 (VIOLATED)
_58952_/CLK                             3.000000   75.546921  -72.546928 (VIOLATED)
_58953_/CLK                             3.000000   75.546921  -72.546928 (VIOLATED)
_58954_/CLK                             3.000000   75.546921  -72.546928 (VIOLATED)
_58955_/CLK                             3.000000   75.546921  -72.546928 (VIOLATED)
_58956_/CLK                             3.000000   75.546921  -72.546928 (VIOLATED)
_58957_/CLK                             3.000000   75.546921  -72.546928 (VIOLATED)
_58958_/CLK                             3.000000   75.546921  -72.546928 (VIOLATED)
_58959_/CLK                             3.000000   75.546921  -72.546928 (VIOLATED)
_58960_/CLK                             3.000000   75.546921  -72.546928 (VIOLATED)
_58961_/CLK                             3.000000   75.546921  -72.546928 (VIOLATED)
_58962_/CLK                             3.000000   75.546921  -72.546928 (VIOLATED)
_58963_/CLK                             3.000000   75.546921  -72.546928 (VIOLATED)
_58964_/CLK                             3.000000   75.546921  -72.546928 (VIOLATED)
_58965_/CLK                             3.000000   75.546921  -72.546928 (VIOLATED)
_58966_/CLK                             3.000000   75.546921  -72.546928 (VIOLATED)
_58967_/CLK                             3.000000   75.546921  -72.546928 (VIOLATED)
_58968_/CLK                             3.000000   75.546921  -72.546928 (VIOLATED)
_58969_/CLK                             3.000000   75.546921  -72.546928 (VIOLATED)
_58970_/CLK                             3.000000   75.546921  -72.546928 (VIOLATED)
_58971_/CLK                             3.000000   75.546921  -72.546928 (VIOLATED)
_58972_/CLK                             3.000000   75.546921  -72.546928 (VIOLATED)
_58973_/CLK                             3.000000   75.546921  -72.546928 (VIOLATED)
_58974_/CLK                             3.000000   75.546921  -72.546928 (VIOLATED)
_58975_/CLK                             3.000000   75.546921  -72.546928 (VIOLATED)
_58976_/CLK                             3.000000   75.546921  -72.546928 (VIOLATED)
_58977_/CLK                             3.000000   75.546921  -72.546928 (VIOLATED)
_58978_/CLK                             3.000000   75.546921  -72.546928 (VIOLATED)
_58979_/CLK                             3.000000   75.546921  -72.546928 (VIOLATED)
_58980_/CLK                             3.000000   75.546921  -72.546928 (VIOLATED)
_58981_/CLK                             3.000000   75.546921  -72.546928 (VIOLATED)
_58982_/CLK                             3.000000   75.546921  -72.546928 (VIOLATED)
_58983_/CLK                             3.000000   75.546921  -72.546928 (VIOLATED)
_58984_/CLK                             3.000000   75.546921  -72.546928 (VIOLATED)
_58985_/CLK                             3.000000   75.546921  -72.546928 (VIOLATED)
_58986_/CLK                             3.000000   75.546921  -72.546928 (VIOLATED)
_58987_/CLK                             3.000000   75.546921  -72.546928 (VIOLATED)
_58988_/CLK                             3.000000   75.546921  -72.546928 (VIOLATED)
_58989_/CLK                             3.000000   75.546921  -72.546928 (VIOLATED)
_58990_/CLK                             3.000000   75.546921  -72.546928 (VIOLATED)
_58991_/CLK                             3.000000   75.546921  -72.546928 (VIOLATED)
_58992_/CLK                             3.000000   75.546921  -72.546928 (VIOLATED)
_58993_/CLK                             3.000000   75.546921  -72.546928 (VIOLATED)
_58994_/CLK                             3.000000   75.546921  -72.546928 (VIOLATED)
_58995_/CLK                             3.000000   75.546921  -72.546928 (VIOLATED)
_58996_/CLK                             3.000000   75.546921  -72.546928 (VIOLATED)
_58997_/CLK                             3.000000   75.546921  -72.546928 (VIOLATED)
_58998_/CLK                             3.000000   75.546921  -72.546928 (VIOLATED)
_58999_/CLK                             3.000000   75.546921  -72.546928 (VIOLATED)
_59000_/CLK                             3.000000   75.546921  -72.546928 (VIOLATED)
_59001_/CLK                             3.000000   75.546921  -72.546928 (VIOLATED)
_59002_/CLK                             3.000000   75.546921  -72.546928 (VIOLATED)
_59003_/CLK                             3.000000   75.546921  -72.546928 (VIOLATED)
_59004_/CLK                             3.000000   75.546921  -72.546928 (VIOLATED)
_59005_/CLK                             3.000000   75.546921  -72.546928 (VIOLATED)
_59006_/CLK                             3.000000   75.546921  -72.546928 (VIOLATED)
_59007_/CLK                             3.000000   75.546921  -72.546928 (VIOLATED)
_59008_/CLK                             3.000000   75.546921  -72.546928 (VIOLATED)
_59009_/CLK                             3.000000   75.546921  -72.546928 (VIOLATED)
_59010_/CLK                             3.000000   75.546921  -72.546928 (VIOLATED)
_59011_/CLK                             3.000000   75.546921  -72.546928 (VIOLATED)
_59012_/CLK                             3.000000   75.546921  -72.546928 (VIOLATED)
_59013_/CLK                             3.000000   75.546921  -72.546928 (VIOLATED)
_59014_/CLK                             3.000000   75.546921  -72.546928 (VIOLATED)
_59015_/CLK                             3.000000   75.546921  -72.546928 (VIOLATED)
_59016_/CLK                             3.000000   75.546921  -72.546928 (VIOLATED)
_59017_/CLK                             3.000000   75.546921  -72.546928 (VIOLATED)
_59018_/CLK                             3.000000   75.546921  -72.546928 (VIOLATED)
_59019_/CLK                             3.000000   75.546921  -72.546928 (VIOLATED)
_59020_/CLK                             3.000000   75.546921  -72.546928 (VIOLATED)
_59021_/CLK                             3.000000   75.546921  -72.546928 (VIOLATED)
_59022_/CLK                             3.000000   75.546921  -72.546928 (VIOLATED)
_59023_/CLK                             3.000000   75.546921  -72.546928 (VIOLATED)
_59024_/CLK                             3.000000   75.546921  -72.546928 (VIOLATED)
_59025_/CLK                             3.000000   75.546921  -72.546928 (VIOLATED)
_59026_/CLK                             3.000000   75.546921  -72.546928 (VIOLATED)
_59027_/CLK                             3.000000   75.546921  -72.546928 (VIOLATED)
_59028_/CLK                             3.000000   75.546921  -72.546928 (VIOLATED)
_59029_/CLK                             3.000000   75.546921  -72.546928 (VIOLATED)
_59030_/CLK                             3.000000   75.546921  -72.546928 (VIOLATED)
_59031_/CLK                             3.000000   75.546921  -72.546928 (VIOLATED)
_59032_/CLK                             3.000000   75.546921  -72.546928 (VIOLATED)
_59033_/CLK                             3.000000   75.546921  -72.546928 (VIOLATED)
_59034_/CLK                             3.000000   75.546921  -72.546928 (VIOLATED)
_59035_/CLK                             3.000000   75.546921  -72.546928 (VIOLATED)
_59036_/CLK                             3.000000   75.546921  -72.546928 (VIOLATED)
_59037_/CLK                             3.000000   75.546921  -72.546928 (VIOLATED)
_59038_/CLK                             3.000000   75.546921  -72.546928 (VIOLATED)
_59039_/CLK                             3.000000   75.546921  -72.546928 (VIOLATED)
_59040_/CLK                             3.000000   75.546921  -72.546928 (VIOLATED)
_59041_/CLK                             3.000000   75.546921  -72.546928 (VIOLATED)
_59042_/CLK                             3.000000   75.546921  -72.546928 (VIOLATED)
_59043_/CLK                             3.000000   75.546921  -72.546928 (VIOLATED)
_59044_/CLK                             3.000000   75.546921  -72.546928 (VIOLATED)
_59045_/CLK                             3.000000   75.546921  -72.546928 (VIOLATED)
_59046_/CLK                             3.000000   75.546921  -72.546928 (VIOLATED)
_59047_/CLK                             3.000000   75.546921  -72.546928 (VIOLATED)
_59048_/CLK                             3.000000   75.546921  -72.546928 (VIOLATED)
_59049_/CLK                             3.000000   75.546921  -72.546928 (VIOLATED)
_59050_/CLK                             3.000000   75.546921  -72.546928 (VIOLATED)
_59051_/CLK                             3.000000   75.546921  -72.546928 (VIOLATED)
_59052_/CLK                             3.000000   75.546921  -72.546928 (VIOLATED)
_59053_/CLK                             3.000000   75.546921  -72.546928 (VIOLATED)
_59054_/CLK                             3.000000   75.546921  -72.546928 (VIOLATED)
_59055_/CLK                             3.000000   75.546921  -72.546928 (VIOLATED)
_59056_/CLK                             3.000000   75.546921  -72.546928 (VIOLATED)
_59057_/CLK                             3.000000   75.546921  -72.546928 (VIOLATED)
_59058_/CLK                             3.000000   75.546921  -72.546928 (VIOLATED)
_59059_/CLK                             3.000000   75.546921  -72.546928 (VIOLATED)
_59060_/CLK                             3.000000   75.546921  -72.546928 (VIOLATED)
_59061_/CLK                             3.000000   75.546921  -72.546928 (VIOLATED)
_59062_/CLK                             3.000000   75.546921  -72.546928 (VIOLATED)
_59063_/CLK                             3.000000   75.546921  -72.546928 (VIOLATED)
_59064_/CLK                             3.000000   75.546921  -72.546928 (VIOLATED)
_59065_/CLK                             3.000000   75.546921  -72.546928 (VIOLATED)
_59066_/CLK                             3.000000   75.546921  -72.546928 (VIOLATED)
_59067_/CLK                             3.000000   75.546921  -72.546928 (VIOLATED)
_59068_/CLK                             3.000000   75.546921  -72.546928 (VIOLATED)
_59069_/CLK                             3.000000   75.546921  -72.546928 (VIOLATED)
_59070_/CLK                             3.000000   75.546921  -72.546928 (VIOLATED)
_59071_/CLK                             3.000000   75.546921  -72.546928 (VIOLATED)
_59072_/CLK                             3.000000   75.546921  -72.546928 (VIOLATED)
_59073_/CLK                             3.000000   75.546921  -72.546928 (VIOLATED)
_59074_/CLK                             3.000000   75.546921  -72.546928 (VIOLATED)
_59075_/CLK                             3.000000   75.546921  -72.546928 (VIOLATED)
_59076_/CLK                             3.000000   75.546921  -72.546928 (VIOLATED)
_59077_/CLK                             3.000000   75.546921  -72.546928 (VIOLATED)
_59078_/CLK                             3.000000   75.546921  -72.546928 (VIOLATED)
_59079_/CLK                             3.000000   75.546921  -72.546928 (VIOLATED)
_59080_/CLK                             3.000000   75.546921  -72.546928 (VIOLATED)
_59081_/CLK                             3.000000   75.546921  -72.546928 (VIOLATED)
_59082_/CLK                             3.000000   75.546921  -72.546928 (VIOLATED)
_59083_/CLK                             3.000000   75.546921  -72.546928 (VIOLATED)
_59084_/CLK                             3.000000   75.546921  -72.546928 (VIOLATED)
_59085_/CLK                             3.000000   75.546921  -72.546928 (VIOLATED)
_59086_/CLK                             3.000000   75.546921  -72.546928 (VIOLATED)
_59087_/CLK                             3.000000   75.546921  -72.546928 (VIOLATED)
_59088_/CLK                             3.000000   75.546921  -72.546928 (VIOLATED)
_59089_/CLK                             3.000000   75.546921  -72.546928 (VIOLATED)
_59090_/CLK                             3.000000   75.546921  -72.546928 (VIOLATED)
_59091_/CLK                             3.000000   75.546921  -72.546928 (VIOLATED)
_59092_/CLK                             3.000000   75.546921  -72.546928 (VIOLATED)
_59093_/CLK                             3.000000   75.546921  -72.546928 (VIOLATED)
_59094_/CLK                             3.000000   75.546921  -72.546928 (VIOLATED)
_59095_/CLK                             3.000000   75.546921  -72.546928 (VIOLATED)
_59096_/CLK                             3.000000   75.546921  -72.546928 (VIOLATED)
_59097_/CLK                             3.000000   75.546921  -72.546928 (VIOLATED)
_59098_/CLK                             3.000000   75.546921  -72.546928 (VIOLATED)
_59099_/CLK                             3.000000   75.546921  -72.546928 (VIOLATED)
_59100_/CLK                             3.000000   75.546921  -72.546928 (VIOLATED)
_59101_/CLK                             3.000000   75.546921  -72.546928 (VIOLATED)
_59102_/CLK                             3.000000   75.546921  -72.546928 (VIOLATED)
_59103_/CLK                             3.000000   75.546921  -72.546928 (VIOLATED)
_59104_/CLK                             3.000000   75.546921  -72.546928 (VIOLATED)
_59105_/CLK                             3.000000   75.546921  -72.546928 (VIOLATED)
_59106_/CLK                             3.000000   75.546921  -72.546928 (VIOLATED)
_59107_/CLK                             3.000000   75.546921  -72.546928 (VIOLATED)
_59108_/CLK                             3.000000   75.546921  -72.546928 (VIOLATED)
_59109_/CLK                             3.000000   75.546921  -72.546928 (VIOLATED)
_59110_/CLK                             3.000000   75.546921  -72.546928 (VIOLATED)
_59111_/CLK                             3.000000   75.546921  -72.546928 (VIOLATED)
_59112_/CLK                             3.000000   75.546921  -72.546928 (VIOLATED)
_59113_/CLK                             3.000000   75.546921  -72.546928 (VIOLATED)
_59114_/CLK                             3.000000   75.546921  -72.546928 (VIOLATED)
_59115_/CLK                             3.000000   75.546921  -72.546928 (VIOLATED)
_59116_/CLK                             3.000000   75.546921  -72.546928 (VIOLATED)
_59117_/CLK                             3.000000   75.546921  -72.546928 (VIOLATED)
_59118_/CLK                             3.000000   75.546921  -72.546928 (VIOLATED)
_59119_/CLK                             3.000000   75.546921  -72.546928 (VIOLATED)
_59120_/CLK                             3.000000   75.546921  -72.546928 (VIOLATED)
_59121_/CLK                             3.000000   75.546921  -72.546928 (VIOLATED)
_59122_/CLK                             3.000000   75.546921  -72.546928 (VIOLATED)
_59123_/CLK                             3.000000   75.546921  -72.546928 (VIOLATED)
_59124_/CLK                             3.000000   75.546921  -72.546928 (VIOLATED)
_59125_/CLK                             3.000000   75.546921  -72.546928 (VIOLATED)
_59126_/CLK                             3.000000   75.546921  -72.546928 (VIOLATED)
_59127_/CLK                             3.000000   75.546921  -72.546928 (VIOLATED)
_59128_/CLK                             3.000000   75.546921  -72.546928 (VIOLATED)
_59129_/CLK                             3.000000   75.546921  -72.546928 (VIOLATED)
_59130_/CLK                             3.000000   75.546921  -72.546928 (VIOLATED)
_59131_/CLK                             3.000000   75.546921  -72.546928 (VIOLATED)
_59132_/CLK                             3.000000   75.546921  -72.546928 (VIOLATED)
_59133_/CLK                             3.000000   75.546921  -72.546928 (VIOLATED)
_59134_/CLK                             3.000000   75.546921  -72.546928 (VIOLATED)
_59135_/CLK                             3.000000   75.546921  -72.546928 (VIOLATED)
_59136_/CLK                             3.000000   75.546921  -72.546928 (VIOLATED)
_59137_/CLK                             3.000000   75.546921  -72.546928 (VIOLATED)
_59138_/CLK                             3.000000   75.546921  -72.546928 (VIOLATED)
_59139_/CLK                             3.000000   75.546921  -72.546928 (VIOLATED)
_59140_/CLK                             3.000000   75.546921  -72.546928 (VIOLATED)
_59141_/CLK                             3.000000   75.546921  -72.546928 (VIOLATED)
_59142_/CLK                             3.000000   75.546921  -72.546928 (VIOLATED)
_59143_/CLK                             3.000000   75.546921  -72.546928 (VIOLATED)
_59144_/CLK                             3.000000   75.546921  -72.546928 (VIOLATED)
_59145_/CLK                             3.000000   75.546921  -72.546928 (VIOLATED)
_59146_/CLK                             3.000000   75.546921  -72.546928 (VIOLATED)
_59147_/CLK                             3.000000   75.546921  -72.546928 (VIOLATED)
_59148_/CLK                             3.000000   75.546921  -72.546928 (VIOLATED)
_59149_/CLK                             3.000000   75.546921  -72.546928 (VIOLATED)
_59150_/CLK                             3.000000   75.546921  -72.546928 (VIOLATED)
_59151_/CLK                             3.000000   75.546921  -72.546928 (VIOLATED)
_59152_/CLK                             3.000000   75.546921  -72.546928 (VIOLATED)
_59153_/CLK                             3.000000   75.546921  -72.546928 (VIOLATED)
_59154_/CLK                             3.000000   75.546921  -72.546928 (VIOLATED)
_59155_/CLK                             3.000000   75.546921  -72.546928 (VIOLATED)
_59156_/CLK                             3.000000   75.546921  -72.546928 (VIOLATED)
_59157_/CLK                             3.000000   75.546921  -72.546928 (VIOLATED)
_59158_/CLK                             3.000000   75.546921  -72.546928 (VIOLATED)
_59159_/CLK                             3.000000   75.546921  -72.546928 (VIOLATED)
_59160_/CLK                             3.000000   75.546921  -72.546928 (VIOLATED)
_59161_/CLK                             3.000000   75.546921  -72.546928 (VIOLATED)
_59162_/CLK                             3.000000   75.546921  -72.546928 (VIOLATED)
_59163_/CLK                             3.000000   75.546921  -72.546928 (VIOLATED)
_59164_/CLK                             3.000000   75.546921  -72.546928 (VIOLATED)
_59165_/CLK                             3.000000   75.546921  -72.546928 (VIOLATED)
_59166_/CLK                             3.000000   75.546921  -72.546928 (VIOLATED)
_59167_/CLK                             3.000000   75.546921  -72.546928 (VIOLATED)
_59168_/CLK                             3.000000   75.546921  -72.546928 (VIOLATED)
_59169_/CLK                             3.000000   75.546921  -72.546928 (VIOLATED)
_59170_/CLK                             3.000000   75.546921  -72.546928 (VIOLATED)
_59171_/CLK                             3.000000   75.546921  -72.546928 (VIOLATED)
_59172_/CLK                             3.000000   75.546921  -72.546928 (VIOLATED)
_59173_/CLK                             3.000000   75.546921  -72.546928 (VIOLATED)
_59174_/CLK                             3.000000   75.546921  -72.546928 (VIOLATED)
_59175_/CLK                             3.000000   75.546921  -72.546928 (VIOLATED)
_59176_/CLK                             3.000000   75.546921  -72.546928 (VIOLATED)
_59177_/CLK                             3.000000   75.546921  -72.546928 (VIOLATED)
_59178_/CLK                             3.000000   75.546921  -72.546928 (VIOLATED)
_59179_/CLK                             3.000000   75.546921  -72.546928 (VIOLATED)
_59180_/CLK                             3.000000   75.546921  -72.546928 (VIOLATED)
_59181_/CLK                             3.000000   75.546921  -72.546928 (VIOLATED)
_59182_/CLK                             3.000000   75.546921  -72.546928 (VIOLATED)
_59183_/CLK                             3.000000   75.546921  -72.546928 (VIOLATED)
_59184_/CLK                             3.000000   75.546921  -72.546928 (VIOLATED)
_59185_/CLK                             3.000000   75.546921  -72.546928 (VIOLATED)
_59186_/CLK                             3.000000   75.546921  -72.546928 (VIOLATED)
_59187_/CLK                             3.000000   75.546921  -72.546928 (VIOLATED)
_59188_/CLK                             3.000000   75.546921  -72.546928 (VIOLATED)
_59189_/CLK                             3.000000   75.546921  -72.546928 (VIOLATED)
_59190_/CLK                             3.000000   75.546921  -72.546928 (VIOLATED)
_59191_/CLK                             3.000000   75.546921  -72.546928 (VIOLATED)
_59192_/CLK                             3.000000   75.546921  -72.546928 (VIOLATED)
_59193_/CLK                             3.000000   75.546921  -72.546928 (VIOLATED)
_59194_/CLK                             3.000000   75.546921  -72.546928 (VIOLATED)
_59195_/CLK                             3.000000   75.546921  -72.546928 (VIOLATED)
_59196_/CLK                             3.000000   75.546921  -72.546928 (VIOLATED)
_59197_/CLK                             3.000000   75.546921  -72.546928 (VIOLATED)
_59198_/CLK                             3.000000   75.546921  -72.546928 (VIOLATED)
_59199_/CLK                             3.000000   75.546921  -72.546928 (VIOLATED)
_59200_/CLK                             3.000000   75.546921  -72.546928 (VIOLATED)
_59201_/CLK                             3.000000   75.546921  -72.546928 (VIOLATED)
_59202_/CLK                             3.000000   75.546921  -72.546928 (VIOLATED)
_59203_/CLK                             3.000000   75.546921  -72.546928 (VIOLATED)
_59204_/CLK                             3.000000   75.546921  -72.546928 (VIOLATED)
_59205_/CLK                             3.000000   75.546921  -72.546928 (VIOLATED)
_59206_/CLK                             3.000000   75.546921  -72.546928 (VIOLATED)
_59207_/CLK                             3.000000   75.546921  -72.546928 (VIOLATED)
_59208_/CLK                             3.000000   75.546921  -72.546928 (VIOLATED)
_59209_/CLK                             3.000000   75.546921  -72.546928 (VIOLATED)
_59210_/CLK                             3.000000   75.546921  -72.546928 (VIOLATED)
_59211_/CLK                             3.000000   75.546921  -72.546928 (VIOLATED)
_59212_/CLK                             3.000000   75.546921  -72.546928 (VIOLATED)
_59213_/CLK                             3.000000   75.546921  -72.546928 (VIOLATED)
_59214_/CLK                             3.000000   75.546921  -72.546928 (VIOLATED)
_59215_/CLK                             3.000000   75.546921  -72.546928 (VIOLATED)
_59216_/CLK                             3.000000   75.546921  -72.546928 (VIOLATED)
_59217_/CLK                             3.000000   75.546921  -72.546928 (VIOLATED)
_59218_/CLK                             3.000000   75.546921  -72.546928 (VIOLATED)
_59219_/CLK                             3.000000   75.546921  -72.546928 (VIOLATED)
_59220_/CLK                             3.000000   75.546921  -72.546928 (VIOLATED)
_59221_/CLK                             3.000000   75.546921  -72.546928 (VIOLATED)
_59222_/CLK                             3.000000   75.546921  -72.546928 (VIOLATED)
_59223_/CLK                             3.000000   75.546921  -72.546928 (VIOLATED)
_59224_/CLK                             3.000000   75.546921  -72.546928 (VIOLATED)
_59225_/CLK                             3.000000   75.546921  -72.546928 (VIOLATED)
_59226_/CLK                             3.000000   75.546921  -72.546928 (VIOLATED)
_59227_/CLK                             3.000000   75.546921  -72.546928 (VIOLATED)
_59228_/CLK                             3.000000   75.546921  -72.546928 (VIOLATED)
_59229_/CLK                             3.000000   75.546921  -72.546928 (VIOLATED)
_59230_/CLK                             3.000000   75.546921  -72.546928 (VIOLATED)
_59231_/CLK                             3.000000   75.546921  -72.546928 (VIOLATED)
_59232_/CLK                             3.000000   75.546921  -72.546928 (VIOLATED)
_59233_/CLK                             3.000000   75.546921  -72.546928 (VIOLATED)
_59234_/CLK                             3.000000   75.546921  -72.546928 (VIOLATED)
_59235_/CLK                             3.000000   75.546921  -72.546928 (VIOLATED)
_59236_/CLK                             3.000000   75.546921  -72.546928 (VIOLATED)
_59237_/CLK                             3.000000   75.546921  -72.546928 (VIOLATED)
_59238_/CLK                             3.000000   75.546921  -72.546928 (VIOLATED)
_59239_/CLK                             3.000000   75.546921  -72.546928 (VIOLATED)
_59240_/CLK                             3.000000   75.546921  -72.546928 (VIOLATED)
_59241_/CLK                             3.000000   75.546921  -72.546928 (VIOLATED)
_59242_/CLK                             3.000000   75.546921  -72.546928 (VIOLATED)
_59243_/CLK                             3.000000   75.546921  -72.546928 (VIOLATED)
_59244_/CLK                             3.000000   75.546921  -72.546928 (VIOLATED)
_59245_/CLK                             3.000000   75.546921  -72.546928 (VIOLATED)
_59246_/CLK                             3.000000   75.546921  -72.546928 (VIOLATED)
_59247_/CLK                             3.000000   75.546921  -72.546928 (VIOLATED)
_59248_/CLK                             3.000000   75.546921  -72.546928 (VIOLATED)
_59249_/CLK                             3.000000   75.546921  -72.546928 (VIOLATED)
_59250_/CLK                             3.000000   75.546921  -72.546928 (VIOLATED)
_59251_/CLK                             3.000000   75.546921  -72.546928 (VIOLATED)
_59252_/CLK                             3.000000   75.546921  -72.546928 (VIOLATED)
_59253_/CLK                             3.000000   75.546921  -72.546928 (VIOLATED)
_59254_/CLK                             3.000000   75.546921  -72.546928 (VIOLATED)
_59255_/CLK                             3.000000   75.546921  -72.546928 (VIOLATED)
_59256_/CLK                             3.000000   75.546921  -72.546928 (VIOLATED)
_59257_/CLK                             3.000000   75.546921  -72.546928 (VIOLATED)
_59258_/CLK                             3.000000   75.546921  -72.546928 (VIOLATED)
_59259_/CLK                             3.000000   75.546921  -72.546928 (VIOLATED)
_59260_/CLK                             3.000000   75.546921  -72.546928 (VIOLATED)
_59261_/CLK                             3.000000   75.546921  -72.546928 (VIOLATED)
_59262_/CLK                             3.000000   75.546921  -72.546928 (VIOLATED)
_59263_/CLK                             3.000000   75.546921  -72.546928 (VIOLATED)
_59264_/CLK                             3.000000   75.546921  -72.546928 (VIOLATED)
_59265_/CLK                             3.000000   75.546921  -72.546928 (VIOLATED)
_59266_/CLK                             3.000000   75.546921  -72.546928 (VIOLATED)
_59267_/CLK                             3.000000   75.546921  -72.546928 (VIOLATED)
_59268_/CLK                             3.000000   75.546921  -72.546928 (VIOLATED)
_59269_/CLK                             3.000000   75.546921  -72.546928 (VIOLATED)
_59270_/CLK                             3.000000   75.546921  -72.546928 (VIOLATED)
_59271_/CLK                             3.000000   75.546921  -72.546928 (VIOLATED)
_59272_/CLK                             3.000000   75.546921  -72.546928 (VIOLATED)
_59273_/CLK                             3.000000   75.546921  -72.546928 (VIOLATED)
_59274_/CLK                             3.000000   75.546921  -72.546928 (VIOLATED)
_59275_/CLK                             3.000000   75.546921  -72.546928 (VIOLATED)
_59276_/CLK                             3.000000   75.546921  -72.546928 (VIOLATED)
_59277_/CLK                             3.000000   75.546921  -72.546928 (VIOLATED)
_59278_/CLK                             3.000000   75.546921  -72.546928 (VIOLATED)
_59279_/CLK                             3.000000   75.546921  -72.546928 (VIOLATED)
_59280_/CLK                             3.000000   75.546921  -72.546928 (VIOLATED)
_59281_/CLK                             3.000000   75.546921  -72.546928 (VIOLATED)
_59282_/CLK                             3.000000   75.546921  -72.546928 (VIOLATED)
_59283_/CLK                             3.000000   75.546921  -72.546928 (VIOLATED)
_59284_/CLK                             3.000000   75.546921  -72.546928 (VIOLATED)
_59285_/CLK                             3.000000   75.546921  -72.546928 (VIOLATED)
_59286_/CLK                             3.000000   75.546921  -72.546928 (VIOLATED)
_59287_/CLK                             3.000000   75.546921  -72.546928 (VIOLATED)
_59288_/CLK                             3.000000   75.546921  -72.546928 (VIOLATED)
_59289_/CLK                             3.000000   75.546921  -72.546928 (VIOLATED)
_59290_/CLK                             3.000000   75.546921  -72.546928 (VIOLATED)
_59291_/CLK                             3.000000   75.546921  -72.546928 (VIOLATED)
_59292_/CLK                             3.000000   75.546921  -72.546928 (VIOLATED)
_59293_/CLK                             3.000000   75.546921  -72.546928 (VIOLATED)
_59294_/CLK                             3.000000   75.546921  -72.546928 (VIOLATED)
_59295_/CLK                             3.000000   75.546921  -72.546928 (VIOLATED)
_59296_/CLK                             3.000000   75.546921  -72.546928 (VIOLATED)
_59297_/CLK                             3.000000   75.546921  -72.546928 (VIOLATED)
_59298_/CLK                             3.000000   75.546921  -72.546928 (VIOLATED)
_59299_/CLK                             3.000000   75.546921  -72.546928 (VIOLATED)
_59300_/CLK                             3.000000   75.546921  -72.546928 (VIOLATED)
_59301_/CLK                             3.000000   75.546921  -72.546928 (VIOLATED)
_59302_/CLK                             3.000000   75.546921  -72.546928 (VIOLATED)
_59303_/CLK                             3.000000   75.546921  -72.546928 (VIOLATED)
_59304_/CLK                             3.000000   75.546921  -72.546928 (VIOLATED)
_59305_/CLK                             3.000000   75.546921  -72.546928 (VIOLATED)
_59306_/CLK                             3.000000   75.546921  -72.546928 (VIOLATED)
_59307_/CLK                             3.000000   75.546921  -72.546928 (VIOLATED)
_59308_/CLK                             3.000000   75.546921  -72.546928 (VIOLATED)
_59309_/CLK                             3.000000   75.546921  -72.546928 (VIOLATED)
_59310_/CLK                             3.000000   75.546921  -72.546928 (VIOLATED)
_59311_/CLK                             3.000000   75.546921  -72.546928 (VIOLATED)
_59312_/CLK                             3.000000   75.546921  -72.546928 (VIOLATED)
_59313_/CLK                             3.000000   75.546921  -72.546928 (VIOLATED)
_59314_/CLK                             3.000000   75.546921  -72.546928 (VIOLATED)
_59315_/CLK                             3.000000   75.546921  -72.546928 (VIOLATED)
_59316_/CLK                             3.000000   75.546921  -72.546928 (VIOLATED)
_59317_/CLK                             3.000000   75.546921  -72.546928 (VIOLATED)
_59318_/CLK                             3.000000   75.546921  -72.546928 (VIOLATED)
_59319_/CLK                             3.000000   75.546921  -72.546928 (VIOLATED)
_59320_/CLK                             3.000000   75.546921  -72.546928 (VIOLATED)
_59321_/CLK                             3.000000   75.546921  -72.546928 (VIOLATED)
_59322_/CLK                             3.000000   75.546921  -72.546928 (VIOLATED)
_59323_/CLK                             3.000000   75.546921  -72.546928 (VIOLATED)
_59324_/CLK                             3.000000   75.546921  -72.546928 (VIOLATED)
_59325_/CLK                             3.000000   75.546921  -72.546928 (VIOLATED)
_59326_/CLK                             3.000000   75.546921  -72.546928 (VIOLATED)
_59327_/CLK                             3.000000   75.546921  -72.546928 (VIOLATED)
_59328_/CLK                             3.000000   75.546921  -72.546928 (VIOLATED)
_59329_/CLK                             3.000000   75.546921  -72.546928 (VIOLATED)
_59330_/CLK                             3.000000   75.546921  -72.546928 (VIOLATED)
_59331_/CLK                             3.000000   75.546921  -72.546928 (VIOLATED)
_59332_/CLK                             3.000000   75.546921  -72.546928 (VIOLATED)
_59333_/CLK                             3.000000   75.546921  -72.546928 (VIOLATED)
_59334_/CLK                             3.000000   75.546921  -72.546928 (VIOLATED)
_59335_/CLK                             3.000000   75.546921  -72.546928 (VIOLATED)
_59336_/CLK                             3.000000   75.546921  -72.546928 (VIOLATED)
_59337_/CLK                             3.000000   75.546921  -72.546928 (VIOLATED)
_59338_/CLK                             3.000000   75.546921  -72.546928 (VIOLATED)
_59339_/CLK                             3.000000   75.546921  -72.546928 (VIOLATED)
_59340_/CLK                             3.000000   75.546921  -72.546928 (VIOLATED)
_59341_/CLK                             3.000000   75.546921  -72.546928 (VIOLATED)
_59342_/CLK                             3.000000   75.546921  -72.546928 (VIOLATED)
_59343_/CLK                             3.000000   75.546921  -72.546928 (VIOLATED)
_59344_/CLK                             3.000000   75.546921  -72.546928 (VIOLATED)
_59345_/CLK                             3.000000   75.546921  -72.546928 (VIOLATED)
_59346_/CLK                             3.000000   75.546921  -72.546928 (VIOLATED)
_59347_/CLK                             3.000000   75.546921  -72.546928 (VIOLATED)
_59348_/CLK                             3.000000   75.546921  -72.546928 (VIOLATED)
_59349_/CLK                             3.000000   75.546921  -72.546928 (VIOLATED)
_59350_/CLK                             3.000000   75.546921  -72.546928 (VIOLATED)
_59351_/CLK                             3.000000   75.546921  -72.546928 (VIOLATED)
_59352_/CLK                             3.000000   75.546921  -72.546928 (VIOLATED)
_59353_/CLK                             3.000000   75.546921  -72.546928 (VIOLATED)
_59354_/CLK                             3.000000   75.546921  -72.546928 (VIOLATED)
_59355_/CLK                             3.000000   75.546921  -72.546928 (VIOLATED)
_59356_/CLK                             3.000000   75.546921  -72.546928 (VIOLATED)
_59357_/CLK                             3.000000   75.546921  -72.546928 (VIOLATED)
_59358_/CLK                             3.000000   75.546921  -72.546928 (VIOLATED)
_59359_/CLK                             3.000000   75.546921  -72.546928 (VIOLATED)
_59360_/CLK                             3.000000   75.546921  -72.546928 (VIOLATED)
_59361_/CLK                             3.000000   75.546921  -72.546928 (VIOLATED)
_59362_/CLK                             3.000000   75.546921  -72.546928 (VIOLATED)
_59363_/CLK                             3.000000   75.546921  -72.546928 (VIOLATED)
_59364_/CLK                             3.000000   75.546921  -72.546928 (VIOLATED)
_59365_/CLK                             3.000000   75.546921  -72.546928 (VIOLATED)
_59366_/CLK                             3.000000   75.546921  -72.546928 (VIOLATED)
_59367_/CLK                             3.000000   75.546921  -72.546928 (VIOLATED)
_59368_/CLK                             3.000000   75.546921  -72.546928 (VIOLATED)
_59369_/CLK                             3.000000   75.546921  -72.546928 (VIOLATED)
_59370_/CLK                             3.000000   75.546921  -72.546928 (VIOLATED)
_59371_/CLK                             3.000000   75.546921  -72.546928 (VIOLATED)
_59372_/CLK                             3.000000   75.546921  -72.546928 (VIOLATED)
_59373_/CLK                             3.000000   75.546921  -72.546928 (VIOLATED)
_59374_/CLK                             3.000000   75.546921  -72.546928 (VIOLATED)
_59375_/CLK                             3.000000   75.546921  -72.546928 (VIOLATED)
_59376_/CLK                             3.000000   75.546921  -72.546928 (VIOLATED)
_59377_/CLK                             3.000000   75.546921  -72.546928 (VIOLATED)
_59378_/CLK                             3.000000   75.546921  -72.546928 (VIOLATED)
_59379_/CLK                             3.000000   75.546921  -72.546928 (VIOLATED)
_59380_/CLK                             3.000000   75.546921  -72.546928 (VIOLATED)
_59381_/CLK                             3.000000   75.546921  -72.546928 (VIOLATED)
_59382_/CLK                             3.000000   75.546921  -72.546928 (VIOLATED)
_59383_/CLK                             3.000000   75.546921  -72.546928 (VIOLATED)
_59384_/CLK                             3.000000   75.546921  -72.546928 (VIOLATED)
_59385_/CLK                             3.000000   75.546921  -72.546928 (VIOLATED)
_59386_/CLK                             3.000000   75.546921  -72.546928 (VIOLATED)
_59387_/CLK                             3.000000   75.546921  -72.546928 (VIOLATED)
_59388_/CLK                             3.000000   75.546921  -72.546928 (VIOLATED)
_59389_/CLK                             3.000000   75.546921  -72.546928 (VIOLATED)
_59390_/CLK                             3.000000   75.546921  -72.546928 (VIOLATED)
_59391_/CLK                             3.000000   75.546921  -72.546928 (VIOLATED)
_59392_/CLK                             3.000000   75.546921  -72.546928 (VIOLATED)
_59393_/CLK                             3.000000   75.546921  -72.546928 (VIOLATED)
_59394_/CLK                             3.000000   75.546921  -72.546928 (VIOLATED)
_59395_/CLK                             3.000000   75.546921  -72.546928 (VIOLATED)
_59396_/CLK                             3.000000   75.546921  -72.546928 (VIOLATED)
_59397_/CLK                             3.000000   75.546921  -72.546928 (VIOLATED)
_59398_/CLK                             3.000000   75.546921  -72.546928 (VIOLATED)
_59399_/CLK                             3.000000   75.546921  -72.546928 (VIOLATED)
_59400_/CLK                             3.000000   75.546921  -72.546928 (VIOLATED)
_59401_/CLK                             3.000000   75.546921  -72.546928 (VIOLATED)
_59402_/CLK                             3.000000   75.546921  -72.546928 (VIOLATED)
_59403_/CLK                             3.000000   75.546921  -72.546928 (VIOLATED)
_59404_/CLK                             3.000000   75.546921  -72.546928 (VIOLATED)
_59405_/CLK                             3.000000   75.546921  -72.546928 (VIOLATED)
_59406_/CLK                             3.000000   75.546921  -72.546928 (VIOLATED)
_59407_/CLK                             3.000000   75.546921  -72.546928 (VIOLATED)
_59408_/CLK                             3.000000   75.546921  -72.546928 (VIOLATED)
_59409_/CLK                             3.000000   75.546921  -72.546928 (VIOLATED)
_59410_/CLK                             3.000000   75.546921  -72.546928 (VIOLATED)
_59411_/CLK                             3.000000   75.546921  -72.546928 (VIOLATED)
_59412_/CLK                             3.000000   75.546921  -72.546928 (VIOLATED)
_59413_/CLK                             3.000000   75.546921  -72.546928 (VIOLATED)
_59414_/CLK                             3.000000   75.546921  -72.546928 (VIOLATED)
_59415_/CLK                             3.000000   75.546921  -72.546928 (VIOLATED)
_59416_/CLK                             3.000000   75.546921  -72.546928 (VIOLATED)
_59417_/CLK                             3.000000   75.546921  -72.546928 (VIOLATED)
_59418_/CLK                             3.000000   75.546921  -72.546928 (VIOLATED)
_59419_/CLK                             3.000000   75.546921  -72.546928 (VIOLATED)
_59420_/CLK                             3.000000   75.546921  -72.546928 (VIOLATED)
_59421_/CLK                             3.000000   75.546921  -72.546928 (VIOLATED)
_59422_/CLK                             3.000000   75.546921  -72.546928 (VIOLATED)
_59423_/CLK                             3.000000   75.546921  -72.546928 (VIOLATED)
_59424_/CLK                             3.000000   75.546921  -72.546928 (VIOLATED)
_59425_/CLK                             3.000000   75.546921  -72.546928 (VIOLATED)
_59426_/CLK                             3.000000   75.546921  -72.546928 (VIOLATED)
_59427_/CLK                             3.000000   75.546921  -72.546928 (VIOLATED)
_59428_/CLK                             3.000000   75.546921  -72.546928 (VIOLATED)
_59429_/CLK                             3.000000   75.546921  -72.546928 (VIOLATED)
_59430_/CLK                             3.000000   75.546921  -72.546928 (VIOLATED)
_59431_/CLK                             3.000000   75.546921  -72.546928 (VIOLATED)
_59432_/CLK                             3.000000   75.546921  -72.546928 (VIOLATED)
_59433_/CLK                             3.000000   75.546921  -72.546928 (VIOLATED)
_59434_/CLK                             3.000000   75.546921  -72.546928 (VIOLATED)
_59435_/CLK                             3.000000   75.546921  -72.546928 (VIOLATED)
_59436_/CLK                             3.000000   75.546921  -72.546928 (VIOLATED)
_59437_/CLK                             3.000000   75.546921  -72.546928 (VIOLATED)
_59438_/CLK                             3.000000   75.546921  -72.546928 (VIOLATED)
_59439_/CLK                             3.000000   75.546921  -72.546928 (VIOLATED)
_59440_/CLK                             3.000000   75.546921  -72.546928 (VIOLATED)
_59441_/CLK                             3.000000   75.546921  -72.546928 (VIOLATED)
_59442_/CLK                             3.000000   75.546921  -72.546928 (VIOLATED)
_59443_/CLK                             3.000000   75.546921  -72.546928 (VIOLATED)
_59444_/CLK                             3.000000   75.546921  -72.546928 (VIOLATED)
_59445_/CLK                             3.000000   75.546921  -72.546928 (VIOLATED)
_59446_/CLK                             3.000000   75.546921  -72.546928 (VIOLATED)
_59447_/CLK                             3.000000   75.546921  -72.546928 (VIOLATED)
_59448_/CLK                             3.000000   75.546921  -72.546928 (VIOLATED)
_59449_/CLK                             3.000000   75.546921  -72.546928 (VIOLATED)
_59450_/CLK                             3.000000   75.546921  -72.546928 (VIOLATED)
_59451_/CLK                             3.000000   75.546921  -72.546928 (VIOLATED)
_59452_/CLK                             3.000000   75.546921  -72.546928 (VIOLATED)
_59453_/CLK                             3.000000   75.546921  -72.546928 (VIOLATED)
_59454_/CLK                             3.000000   75.546921  -72.546928 (VIOLATED)
_59455_/CLK                             3.000000   75.546921  -72.546928 (VIOLATED)
_59456_/CLK                             3.000000   75.546921  -72.546928 (VIOLATED)
_59457_/CLK                             3.000000   75.546921  -72.546928 (VIOLATED)
_59458_/CLK                             3.000000   75.546921  -72.546928 (VIOLATED)
_59459_/CLK                             3.000000   75.546921  -72.546928 (VIOLATED)
_59460_/CLK                             3.000000   75.546921  -72.546928 (VIOLATED)
_59461_/CLK                             3.000000   75.546921  -72.546928 (VIOLATED)
_59462_/CLK                             3.000000   75.546921  -72.546928 (VIOLATED)
_59463_/CLK                             3.000000   75.546921  -72.546928 (VIOLATED)
_59464_/CLK                             3.000000   75.546921  -72.546928 (VIOLATED)
_59465_/CLK                             3.000000   75.546921  -72.546928 (VIOLATED)
_59466_/CLK                             3.000000   75.546921  -72.546928 (VIOLATED)
_59467_/CLK                             3.000000   75.546921  -72.546928 (VIOLATED)
_59468_/CLK                             3.000000   75.546921  -72.546928 (VIOLATED)
_59469_/CLK                             3.000000   75.546921  -72.546928 (VIOLATED)
_59470_/CLK                             3.000000   75.546921  -72.546928 (VIOLATED)
_59471_/CLK                             3.000000   75.546921  -72.546928 (VIOLATED)
_59472_/CLK                             3.000000   75.546921  -72.546928 (VIOLATED)
_59473_/CLK                             3.000000   75.546921  -72.546928 (VIOLATED)
_59474_/CLK                             3.000000   75.546921  -72.546928 (VIOLATED)
_59475_/CLK                             3.000000   75.546921  -72.546928 (VIOLATED)
_59476_/CLK                             3.000000   75.546921  -72.546928 (VIOLATED)
_59477_/CLK                             3.000000   75.546921  -72.546928 (VIOLATED)
_59478_/CLK                             3.000000   75.546921  -72.546928 (VIOLATED)
_59479_/CLK                             3.000000   75.546921  -72.546928 (VIOLATED)
_59480_/CLK                             3.000000   75.546921  -72.546928 (VIOLATED)
_59481_/CLK                             3.000000   75.546921  -72.546928 (VIOLATED)
_59482_/CLK                             3.000000   75.546921  -72.546928 (VIOLATED)
_59483_/CLK                             3.000000   75.546921  -72.546928 (VIOLATED)
_59484_/CLK                             3.000000   75.546921  -72.546928 (VIOLATED)
_59485_/CLK                             3.000000   75.546921  -72.546928 (VIOLATED)
_59486_/CLK                             3.000000   75.546921  -72.546928 (VIOLATED)
_59487_/CLK                             3.000000   75.546921  -72.546928 (VIOLATED)
_59488_/CLK                             3.000000   75.546921  -72.546928 (VIOLATED)
_59489_/CLK                             3.000000   75.546921  -72.546928 (VIOLATED)
_59490_/CLK                             3.000000   75.546921  -72.546928 (VIOLATED)
_59491_/CLK                             3.000000   75.546921  -72.546928 (VIOLATED)
_59492_/CLK                             3.000000   75.546921  -72.546928 (VIOLATED)
_59493_/CLK                             3.000000   75.546921  -72.546928 (VIOLATED)
_59494_/CLK                             3.000000   75.546921  -72.546928 (VIOLATED)
_59495_/CLK                             3.000000   75.546921  -72.546928 (VIOLATED)
_59496_/CLK                             3.000000   75.546921  -72.546928 (VIOLATED)
_59497_/CLK                             3.000000   75.546921  -72.546928 (VIOLATED)
_59498_/CLK                             3.000000   75.546921  -72.546928 (VIOLATED)
_59499_/CLK                             3.000000   75.546921  -72.546928 (VIOLATED)
_59500_/CLK                             3.000000   75.546921  -72.546928 (VIOLATED)
_59501_/CLK                             3.000000   75.546921  -72.546928 (VIOLATED)
_59502_/CLK                             3.000000   75.546921  -72.546928 (VIOLATED)
_59503_/CLK                             3.000000   75.546921  -72.546928 (VIOLATED)
_59504_/CLK                             3.000000   75.546921  -72.546928 (VIOLATED)
_59505_/CLK                             3.000000   75.546921  -72.546928 (VIOLATED)
_59506_/CLK                             3.000000   75.546921  -72.546928 (VIOLATED)
_59507_/CLK                             3.000000   75.546921  -72.546928 (VIOLATED)
_59508_/CLK                             3.000000   75.546921  -72.546928 (VIOLATED)
_59509_/CLK                             3.000000   75.546921  -72.546928 (VIOLATED)
_59510_/CLK                             3.000000   75.546921  -72.546928 (VIOLATED)
_59511_/CLK                             3.000000   75.546921  -72.546928 (VIOLATED)
_59512_/CLK                             3.000000   75.546921  -72.546928 (VIOLATED)
_61316_/CLK                             3.000000   75.546921  -72.546928 (VIOLATED)
_61317_/CLK                             3.000000   75.546921  -72.546928 (VIOLATED)
_61318_/CLK                             3.000000   75.546921  -72.546928 (VIOLATED)
_61319_/CLK                             3.000000   75.546921  -72.546928 (VIOLATED)
_61320_/CLK                             3.000000   75.546921  -72.546928 (VIOLATED)
_61321_/CLK                             3.000000   75.546921  -72.546928 (VIOLATED)
_61322_/CLK                             3.000000   75.546921  -72.546928 (VIOLATED)
_61323_/CLK                             3.000000   75.546921  -72.546928 (VIOLATED)
_61324_/CLK                             3.000000   75.546921  -72.546928 (VIOLATED)
_61325_/CLK                             3.000000   75.546921  -72.546928 (VIOLATED)
_61326_/CLK                             3.000000   75.546921  -72.546928 (VIOLATED)
_61327_/CLK                             3.000000   75.546921  -72.546928 (VIOLATED)
_61328_/CLK                             3.000000   75.546921  -72.546928 (VIOLATED)
_61329_/CLK                             3.000000   75.546921  -72.546928 (VIOLATED)
_61330_/CLK                             3.000000   75.546921  -72.546928 (VIOLATED)
_61331_/CLK                             3.000000   75.546921  -72.546928 (VIOLATED)
_61332_/CLK                             3.000000   75.546921  -72.546928 (VIOLATED)
_61333_/CLK                             3.000000   75.546921  -72.546928 (VIOLATED)
_61334_/CLK                             3.000000   75.546921  -72.546928 (VIOLATED)
_61335_/CLK                             3.000000   75.546921  -72.546928 (VIOLATED)
_61336_/CLK                             3.000000   75.546921  -72.546928 (VIOLATED)
_61337_/CLK                             3.000000   75.546921  -72.546928 (VIOLATED)
_61338_/CLK                             3.000000   75.546921  -72.546928 (VIOLATED)
_61339_/CLK                             3.000000   75.546921  -72.546928 (VIOLATED)
_61340_/CLK                             3.000000   75.546921  -72.546928 (VIOLATED)
_61341_/CLK                             3.000000   75.546921  -72.546928 (VIOLATED)
_61342_/CLK                             3.000000   75.546921  -72.546928 (VIOLATED)
_61343_/CLK                             3.000000   75.546921  -72.546928 (VIOLATED)
_61344_/CLK                             3.000000   75.546921  -72.546928 (VIOLATED)
_61345_/CLK                             3.000000   75.546921  -72.546928 (VIOLATED)
_61346_/CLK                             3.000000   75.546921  -72.546928 (VIOLATED)
_61347_/CLK                             3.000000   75.546921  -72.546928 (VIOLATED)
_61348_/CLK                             3.000000   75.546921  -72.546928 (VIOLATED)
_61349_/CLK                             3.000000   75.546921  -72.546928 (VIOLATED)
_61350_/CLK                             3.000000   75.546921  -72.546928 (VIOLATED)
_61351_/CLK                             3.000000   75.546921  -72.546928 (VIOLATED)
_61352_/CLK                             3.000000   75.546921  -72.546928 (VIOLATED)
_61353_/CLK                             3.000000   75.546921  -72.546928 (VIOLATED)
_61354_/CLK                             3.000000   75.546921  -72.546928 (VIOLATED)
_61355_/CLK                             3.000000   75.546921  -72.546928 (VIOLATED)
_61356_/CLK                             3.000000   75.546921  -72.546928 (VIOLATED)
_61357_/CLK                             3.000000   75.546921  -72.546928 (VIOLATED)
_61358_/CLK                             3.000000   75.546921  -72.546928 (VIOLATED)
_61359_/CLK                             3.000000   75.546921  -72.546928 (VIOLATED)
_61360_/CLK                             3.000000   75.546921  -72.546928 (VIOLATED)
_61361_/CLK                             3.000000   75.546921  -72.546928 (VIOLATED)
_61362_/CLK                             3.000000   75.546921  -72.546928 (VIOLATED)
_61363_/CLK                             3.000000   75.546921  -72.546928 (VIOLATED)
_61364_/CLK                             3.000000   75.546921  -72.546928 (VIOLATED)
_61365_/CLK                             3.000000   75.546921  -72.546928 (VIOLATED)
_61366_/CLK                             3.000000   75.546921  -72.546928 (VIOLATED)
_61367_/CLK                             3.000000   75.546921  -72.546928 (VIOLATED)
_61368_/CLK                             3.000000   75.546921  -72.546928 (VIOLATED)
_61369_/CLK                             3.000000   75.546921  -72.546928 (VIOLATED)
_61370_/CLK                             3.000000   75.546921  -72.546928 (VIOLATED)
_61371_/CLK                             3.000000   75.546921  -72.546928 (VIOLATED)
_61372_/CLK                             3.000000   75.546921  -72.546928 (VIOLATED)
_61373_/CLK                             3.000000   75.546921  -72.546928 (VIOLATED)
_61374_/CLK                             3.000000   75.546921  -72.546928 (VIOLATED)
_61375_/CLK                             3.000000   75.546921  -72.546928 (VIOLATED)
_61376_/CLK                             3.000000   75.546921  -72.546928 (VIOLATED)
_61377_/CLK                             3.000000   75.546921  -72.546928 (VIOLATED)
_61378_/CLK                             3.000000   75.546921  -72.546928 (VIOLATED)
_61379_/CLK                             3.000000   75.546921  -72.546928 (VIOLATED)
_61380_/CLK                             3.000000   75.546921  -72.546928 (VIOLATED)
_61381_/CLK                             3.000000   75.546921  -72.546928 (VIOLATED)
_61382_/CLK                             3.000000   75.546921  -72.546928 (VIOLATED)
_61383_/CLK                             3.000000   75.546921  -72.546928 (VIOLATED)
_61384_/CLK                             3.000000   75.546921  -72.546928 (VIOLATED)
_61385_/CLK                             3.000000   75.546921  -72.546928 (VIOLATED)
_61386_/CLK                             3.000000   75.546921  -72.546928 (VIOLATED)
_61387_/CLK                             3.000000   75.546921  -72.546928 (VIOLATED)
_61388_/CLK                             3.000000   75.546921  -72.546928 (VIOLATED)
_61389_/CLK                             3.000000   75.546921  -72.546928 (VIOLATED)
_61390_/CLK                             3.000000   75.546921  -72.546928 (VIOLATED)
_61391_/CLK                             3.000000   75.546921  -72.546928 (VIOLATED)
_61392_/CLK                             3.000000   75.546921  -72.546928 (VIOLATED)
_61393_/CLK                             3.000000   75.546921  -72.546928 (VIOLATED)
_61394_/CLK                             3.000000   75.546921  -72.546928 (VIOLATED)
_61395_/CLK                             3.000000   75.546921  -72.546928 (VIOLATED)
_61396_/CLK                             3.000000   75.546921  -72.546928 (VIOLATED)
_61397_/CLK                             3.000000   75.546921  -72.546928 (VIOLATED)
_61398_/CLK                             3.000000   75.546921  -72.546928 (VIOLATED)
_61399_/CLK                             3.000000   75.546921  -72.546928 (VIOLATED)
_61400_/CLK                             3.000000   75.546921  -72.546928 (VIOLATED)
_61401_/CLK                             3.000000   75.546921  -72.546928 (VIOLATED)
_61402_/CLK                             3.000000   75.546921  -72.546928 (VIOLATED)
_61403_/CLK                             3.000000   75.546921  -72.546928 (VIOLATED)
_61404_/CLK                             3.000000   75.546921  -72.546928 (VIOLATED)
_61405_/CLK                             3.000000   75.546921  -72.546928 (VIOLATED)
_61406_/CLK                             3.000000   75.546921  -72.546928 (VIOLATED)
_61407_/CLK                             3.000000   75.546921  -72.546928 (VIOLATED)
_61408_/CLK                             3.000000   75.546921  -72.546928 (VIOLATED)
_61409_/CLK                             3.000000   75.546921  -72.546928 (VIOLATED)
_61410_/CLK                             3.000000   75.546921  -72.546928 (VIOLATED)
_61411_/CLK                             3.000000   75.546921  -72.546928 (VIOLATED)
_61412_/CLK                             3.000000   75.546921  -72.546928 (VIOLATED)
_61413_/CLK                             3.000000   75.546921  -72.546928 (VIOLATED)
_61414_/CLK                             3.000000   75.546921  -72.546928 (VIOLATED)
_61415_/CLK                             3.000000   75.546921  -72.546928 (VIOLATED)
_61416_/CLK                             3.000000   75.546921  -72.546928 (VIOLATED)
_61417_/CLK                             3.000000   75.546921  -72.546928 (VIOLATED)
_61418_/CLK                             3.000000   75.546921  -72.546928 (VIOLATED)
_61419_/CLK                             3.000000   75.546921  -72.546928 (VIOLATED)
_61420_/CLK                             3.000000   75.546921  -72.546928 (VIOLATED)
_61421_/CLK                             3.000000   75.546921  -72.546928 (VIOLATED)
_61422_/CLK                             3.000000   75.546921  -72.546928 (VIOLATED)
_61423_/CLK                             3.000000   75.546921  -72.546928 (VIOLATED)
_61424_/CLK                             3.000000   75.546921  -72.546928 (VIOLATED)
_61425_/CLK                             3.000000   75.546921  -72.546928 (VIOLATED)
_61426_/CLK                             3.000000   75.546921  -72.546928 (VIOLATED)
_61427_/CLK                             3.000000   75.546921  -72.546928 (VIOLATED)
_61428_/CLK                             3.000000   75.546921  -72.546928 (VIOLATED)
_61429_/CLK                             3.000000   75.546921  -72.546928 (VIOLATED)
_61430_/CLK                             3.000000   75.546921  -72.546928 (VIOLATED)
_61431_/CLK                             3.000000   75.546921  -72.546928 (VIOLATED)
_61432_/CLK                             3.000000   75.546921  -72.546928 (VIOLATED)
_61433_/CLK                             3.000000   75.546921  -72.546928 (VIOLATED)
_61434_/CLK                             3.000000   75.546921  -72.546928 (VIOLATED)
_61435_/CLK                             3.000000   75.546921  -72.546928 (VIOLATED)
_61436_/CLK                             3.000000   75.546921  -72.546928 (VIOLATED)
_61437_/CLK                             3.000000   75.546921  -72.546928 (VIOLATED)
_61438_/CLK                             3.000000   75.546921  -72.546928 (VIOLATED)
_61439_/CLK                             3.000000   75.546921  -72.546928 (VIOLATED)
_61440_/CLK                             3.000000   75.546921  -72.546928 (VIOLATED)
_61441_/CLK                             3.000000   75.546921  -72.546928 (VIOLATED)
_61442_/CLK                             3.000000   75.546921  -72.546928 (VIOLATED)
_61443_/CLK                             3.000000   75.546921  -72.546928 (VIOLATED)
_61444_/CLK                             3.000000   75.546921  -72.546928 (VIOLATED)
_61445_/CLK                             3.000000   75.546921  -72.546928 (VIOLATED)
_61446_/CLK                             3.000000   75.546921  -72.546928 (VIOLATED)
_61447_/CLK                             3.000000   75.546921  -72.546928 (VIOLATED)
_61448_/CLK                             3.000000   75.546921  -72.546928 (VIOLATED)
_61449_/CLK                             3.000000   75.546921  -72.546928 (VIOLATED)
_61450_/CLK                             3.000000   75.546921  -72.546928 (VIOLATED)
_61451_/CLK                             3.000000   75.546921  -72.546928 (VIOLATED)
_61452_/CLK                             3.000000   75.546921  -72.546928 (VIOLATED)
_61453_/CLK                             3.000000   75.546921  -72.546928 (VIOLATED)
_61454_/CLK                             3.000000   75.546921  -72.546928 (VIOLATED)
_61455_/CLK                             3.000000   75.546921  -72.546928 (VIOLATED)
_61456_/CLK                             3.000000   75.546921  -72.546928 (VIOLATED)
_61457_/CLK                             3.000000   75.546921  -72.546928 (VIOLATED)
_61458_/CLK                             3.000000   75.546921  -72.546928 (VIOLATED)
_61459_/CLK                             3.000000   75.546921  -72.546928 (VIOLATED)
_61460_/CLK                             3.000000   75.546921  -72.546928 (VIOLATED)
_61461_/CLK                             3.000000   75.546921  -72.546928 (VIOLATED)
_61462_/CLK                             3.000000   75.546921  -72.546928 (VIOLATED)
_61463_/CLK                             3.000000   75.546921  -72.546928 (VIOLATED)
_61464_/CLK                             3.000000   75.546921  -72.546928 (VIOLATED)
_61465_/CLK                             3.000000   75.546921  -72.546928 (VIOLATED)
_61466_/CLK                             3.000000   75.546921  -72.546928 (VIOLATED)
_61467_/CLK                             3.000000   75.546921  -72.546928 (VIOLATED)
_61468_/CLK                             3.000000   75.546921  -72.546928 (VIOLATED)
_61469_/CLK                             3.000000   75.546921  -72.546928 (VIOLATED)
_61470_/CLK                             3.000000   75.546921  -72.546928 (VIOLATED)
_61471_/CLK                             3.000000   75.546921  -72.546928 (VIOLATED)
_61472_/CLK                             3.000000   75.546921  -72.546928 (VIOLATED)
_61473_/CLK                             3.000000   75.546921  -72.546928 (VIOLATED)
_61474_/CLK                             3.000000   75.546921  -72.546928 (VIOLATED)
_61475_/CLK                             3.000000   75.546921  -72.546928 (VIOLATED)
_61476_/CLK                             3.000000   75.546921  -72.546928 (VIOLATED)
_61477_/CLK                             3.000000   75.546921  -72.546928 (VIOLATED)
_61478_/CLK                             3.000000   75.546921  -72.546928 (VIOLATED)
_61479_/CLK                             3.000000   75.546921  -72.546928 (VIOLATED)
_61480_/CLK                             3.000000   75.546921  -72.546928 (VIOLATED)
_61481_/CLK                             3.000000   75.546921  -72.546928 (VIOLATED)
_61482_/CLK                             3.000000   75.546921  -72.546928 (VIOLATED)
_61483_/CLK                             3.000000   75.546921  -72.546928 (VIOLATED)
_61484_/CLK                             3.000000   75.546921  -72.546928 (VIOLATED)
_61485_/CLK                             3.000000   75.546921  -72.546928 (VIOLATED)
_61486_/CLK                             3.000000   75.546921  -72.546928 (VIOLATED)
_61487_/CLK                             3.000000   75.546921  -72.546928 (VIOLATED)
_61488_/CLK                             3.000000   75.546921  -72.546928 (VIOLATED)
_61489_/CLK                             3.000000   75.546921  -72.546928 (VIOLATED)
_61490_/CLK                             3.000000   75.546921  -72.546928 (VIOLATED)
_61491_/CLK                             3.000000   75.546921  -72.546928 (VIOLATED)
_61492_/CLK                             3.000000   75.546921  -72.546928 (VIOLATED)
_61493_/CLK                             3.000000   75.546921  -72.546928 (VIOLATED)
_61494_/CLK                             3.000000   75.546921  -72.546928 (VIOLATED)
_61495_/CLK                             3.000000   75.546921  -72.546928 (VIOLATED)
_61873_/CLK                             3.000000   75.546921  -72.546928 (VIOLATED)
_61874_/CLK                             3.000000   75.546921  -72.546928 (VIOLATED)
_61875_/CLK                             3.000000   75.546921  -72.546928 (VIOLATED)
_61876_/CLK                             3.000000   75.546921  -72.546928 (VIOLATED)
_61877_/CLK                             3.000000   75.546921  -72.546928 (VIOLATED)
_61878_/CLK                             3.000000   75.546921  -72.546928 (VIOLATED)
_61879_/CLK                             3.000000   75.546921  -72.546928 (VIOLATED)
_61880_/CLK                             3.000000   75.546921  -72.546928 (VIOLATED)
_62195_/CLK                             3.000000   75.546921  -72.546928 (VIOLATED)
_62196_/CLK                             3.000000   75.546921  -72.546928 (VIOLATED)
i_core_v_mini_mcu.cpu_subsystem_i.hart_clock_gate_1_0.u_icg/Q    3.000000   75.546654  -72.546654 (VIOLATED)
_59513_/CLK                             3.000000   69.803848  -66.803848 (VIOLATED)
_59514_/CLK                             3.000000   69.803848  -66.803848 (VIOLATED)
_59515_/CLK                             3.000000   69.803848  -66.803848 (VIOLATED)
_59516_/CLK                             3.000000   69.803848  -66.803848 (VIOLATED)
_59517_/CLK                             3.000000   69.803848  -66.803848 (VIOLATED)
_59518_/CLK                             3.000000   69.803848  -66.803848 (VIOLATED)
_59519_/CLK                             3.000000   69.803848  -66.803848 (VIOLATED)
_59520_/CLK                             3.000000   69.803848  -66.803848 (VIOLATED)
_59521_/CLK                             3.000000   69.803848  -66.803848 (VIOLATED)
_59522_/CLK                             3.000000   69.803848  -66.803848 (VIOLATED)
_59523_/CLK                             3.000000   69.803848  -66.803848 (VIOLATED)
_59524_/CLK                             3.000000   69.803848  -66.803848 (VIOLATED)
_59525_/CLK                             3.000000   69.803848  -66.803848 (VIOLATED)
_59526_/CLK                             3.000000   69.803848  -66.803848 (VIOLATED)
_59527_/CLK                             3.000000   69.803848  -66.803848 (VIOLATED)
_59528_/CLK                             3.000000   69.803848  -66.803848 (VIOLATED)
_59529_/CLK                             3.000000   69.803848  -66.803848 (VIOLATED)
_59530_/CLK                             3.000000   69.803848  -66.803848 (VIOLATED)
_59531_/CLK                             3.000000   69.803848  -66.803848 (VIOLATED)
_59532_/CLK                             3.000000   69.803848  -66.803848 (VIOLATED)
_59533_/CLK                             3.000000   69.803848  -66.803848 (VIOLATED)
_59534_/CLK                             3.000000   69.803848  -66.803848 (VIOLATED)
_59535_/CLK                             3.000000   69.803848  -66.803848 (VIOLATED)
_59536_/CLK                             3.000000   69.803848  -66.803848 (VIOLATED)
_59537_/CLK                             3.000000   69.803848  -66.803848 (VIOLATED)
_59538_/CLK                             3.000000   69.803848  -66.803848 (VIOLATED)
_59539_/CLK                             3.000000   69.803848  -66.803848 (VIOLATED)
_59540_/CLK                             3.000000   69.803848  -66.803848 (VIOLATED)
_59541_/CLK                             3.000000   69.803848  -66.803848 (VIOLATED)
_59542_/CLK                             3.000000   69.803848  -66.803848 (VIOLATED)
_59543_/CLK                             3.000000   69.803848  -66.803848 (VIOLATED)
_59544_/CLK                             3.000000   69.803848  -66.803848 (VIOLATED)
_59545_/CLK                             3.000000   69.803848  -66.803848 (VIOLATED)
_59546_/CLK                             3.000000   69.803848  -66.803848 (VIOLATED)
_59547_/CLK                             3.000000   69.803848  -66.803848 (VIOLATED)
_59548_/CLK                             3.000000   69.803848  -66.803848 (VIOLATED)
_59549_/CLK                             3.000000   69.803848  -66.803848 (VIOLATED)
_59550_/CLK                             3.000000   69.803848  -66.803848 (VIOLATED)
_59551_/CLK                             3.000000   69.803848  -66.803848 (VIOLATED)
_59552_/CLK                             3.000000   69.803848  -66.803848 (VIOLATED)
_59553_/CLK                             3.000000   69.803848  -66.803848 (VIOLATED)
_59554_/CLK                             3.000000   69.803848  -66.803848 (VIOLATED)
_59555_/CLK                             3.000000   69.803848  -66.803848 (VIOLATED)
_59556_/CLK                             3.000000   69.803848  -66.803848 (VIOLATED)
_59557_/CLK                             3.000000   69.803848  -66.803848 (VIOLATED)
_59558_/CLK                             3.000000   69.803848  -66.803848 (VIOLATED)
_59559_/CLK                             3.000000   69.803848  -66.803848 (VIOLATED)
_59560_/CLK                             3.000000   69.803848  -66.803848 (VIOLATED)
_59561_/CLK                             3.000000   69.803848  -66.803848 (VIOLATED)
_59562_/CLK                             3.000000   69.803848  -66.803848 (VIOLATED)
_59563_/CLK                             3.000000   69.803848  -66.803848 (VIOLATED)
_59564_/CLK                             3.000000   69.803848  -66.803848 (VIOLATED)
_59565_/CLK                             3.000000   69.803848  -66.803848 (VIOLATED)
_59566_/CLK                             3.000000   69.803848  -66.803848 (VIOLATED)
_59567_/CLK                             3.000000   69.803848  -66.803848 (VIOLATED)
_59568_/CLK                             3.000000   69.803848  -66.803848 (VIOLATED)
_59569_/CLK                             3.000000   69.803848  -66.803848 (VIOLATED)
_59570_/CLK                             3.000000   69.803848  -66.803848 (VIOLATED)
_59571_/CLK                             3.000000   69.803848  -66.803848 (VIOLATED)
_59572_/CLK                             3.000000   69.803848  -66.803848 (VIOLATED)
_59573_/CLK                             3.000000   69.803848  -66.803848 (VIOLATED)
_59574_/CLK                             3.000000   69.803848  -66.803848 (VIOLATED)
_59575_/CLK                             3.000000   69.803848  -66.803848 (VIOLATED)
_59576_/CLK                             3.000000   69.803848  -66.803848 (VIOLATED)
_59577_/CLK                             3.000000   69.803848  -66.803848 (VIOLATED)
_59578_/CLK                             3.000000   69.803848  -66.803848 (VIOLATED)
_59579_/CLK                             3.000000   69.803848  -66.803848 (VIOLATED)
_59580_/CLK                             3.000000   69.803848  -66.803848 (VIOLATED)
_59581_/CLK                             3.000000   69.803848  -66.803848 (VIOLATED)
_59582_/CLK                             3.000000   69.803848  -66.803848 (VIOLATED)
_59583_/CLK                             3.000000   69.803848  -66.803848 (VIOLATED)
_59584_/CLK                             3.000000   69.803848  -66.803848 (VIOLATED)
_59585_/CLK                             3.000000   69.803848  -66.803848 (VIOLATED)
_59586_/CLK                             3.000000   69.803848  -66.803848 (VIOLATED)
_59587_/CLK                             3.000000   69.803848  -66.803848 (VIOLATED)
_59588_/CLK                             3.000000   69.803848  -66.803848 (VIOLATED)
_59589_/CLK                             3.000000   69.803848  -66.803848 (VIOLATED)
_59590_/CLK                             3.000000   69.803848  -66.803848 (VIOLATED)
_59591_/CLK                             3.000000   69.803848  -66.803848 (VIOLATED)
_59592_/CLK                             3.000000   69.803848  -66.803848 (VIOLATED)
_59593_/CLK                             3.000000   69.803848  -66.803848 (VIOLATED)
_59594_/CLK                             3.000000   69.803848  -66.803848 (VIOLATED)
_59595_/CLK                             3.000000   69.803848  -66.803848 (VIOLATED)
_59596_/CLK                             3.000000   69.803848  -66.803848 (VIOLATED)
_59597_/CLK                             3.000000   69.803848  -66.803848 (VIOLATED)
_59598_/CLK                             3.000000   69.803848  -66.803848 (VIOLATED)
_59599_/CLK                             3.000000   69.803848  -66.803848 (VIOLATED)
_59600_/CLK                             3.000000   69.803848  -66.803848 (VIOLATED)
_59601_/CLK                             3.000000   69.803848  -66.803848 (VIOLATED)
_59602_/CLK                             3.000000   69.803848  -66.803848 (VIOLATED)
_59603_/CLK                             3.000000   69.803848  -66.803848 (VIOLATED)
_59604_/CLK                             3.000000   69.803848  -66.803848 (VIOLATED)
_59605_/CLK                             3.000000   69.803848  -66.803848 (VIOLATED)
_59606_/CLK                             3.000000   69.803848  -66.803848 (VIOLATED)
_59607_/CLK                             3.000000   69.803848  -66.803848 (VIOLATED)
_59608_/CLK                             3.000000   69.803848  -66.803848 (VIOLATED)
_59609_/CLK                             3.000000   69.803848  -66.803848 (VIOLATED)
_59610_/CLK                             3.000000   69.803848  -66.803848 (VIOLATED)
_59611_/CLK                             3.000000   69.803848  -66.803848 (VIOLATED)
_59612_/CLK                             3.000000   69.803848  -66.803848 (VIOLATED)
_59613_/CLK                             3.000000   69.803848  -66.803848 (VIOLATED)
_59614_/CLK                             3.000000   69.803848  -66.803848 (VIOLATED)
_59615_/CLK                             3.000000   69.803848  -66.803848 (VIOLATED)
_59616_/CLK                             3.000000   69.803848  -66.803848 (VIOLATED)
_59617_/CLK                             3.000000   69.803848  -66.803848 (VIOLATED)
_59618_/CLK                             3.000000   69.803848  -66.803848 (VIOLATED)
_59619_/CLK                             3.000000   69.803848  -66.803848 (VIOLATED)
_59620_/CLK                             3.000000   69.803848  -66.803848 (VIOLATED)
_59621_/CLK                             3.000000   69.803848  -66.803848 (VIOLATED)
_59622_/CLK                             3.000000   69.803848  -66.803848 (VIOLATED)
_59623_/CLK                             3.000000   69.803848  -66.803848 (VIOLATED)
_59624_/CLK                             3.000000   69.803848  -66.803848 (VIOLATED)
_59625_/CLK                             3.000000   69.803848  -66.803848 (VIOLATED)
_59626_/CLK                             3.000000   69.803848  -66.803848 (VIOLATED)
_59627_/CLK                             3.000000   69.803848  -66.803848 (VIOLATED)
_59628_/CLK                             3.000000   69.803848  -66.803848 (VIOLATED)
_59629_/CLK                             3.000000   69.803848  -66.803848 (VIOLATED)
_59630_/CLK                             3.000000   69.803848  -66.803848 (VIOLATED)
_59631_/CLK                             3.000000   69.803848  -66.803848 (VIOLATED)
_59632_/CLK                             3.000000   69.803848  -66.803848 (VIOLATED)
_59633_/CLK                             3.000000   69.803848  -66.803848 (VIOLATED)
_59634_/CLK                             3.000000   69.803848  -66.803848 (VIOLATED)
_59635_/CLK                             3.000000   69.803848  -66.803848 (VIOLATED)
_59636_/CLK                             3.000000   69.803848  -66.803848 (VIOLATED)
_59637_/CLK                             3.000000   69.803848  -66.803848 (VIOLATED)
_59638_/CLK                             3.000000   69.803848  -66.803848 (VIOLATED)
_59639_/CLK                             3.000000   69.803848  -66.803848 (VIOLATED)
_59640_/CLK                             3.000000   69.803848  -66.803848 (VIOLATED)
_59641_/CLK                             3.000000   69.803848  -66.803848 (VIOLATED)
_59642_/CLK                             3.000000   69.803848  -66.803848 (VIOLATED)
_59643_/CLK                             3.000000   69.803848  -66.803848 (VIOLATED)
_59644_/CLK                             3.000000   69.803848  -66.803848 (VIOLATED)
_59645_/CLK                             3.000000   69.803848  -66.803848 (VIOLATED)
_59646_/CLK                             3.000000   69.803848  -66.803848 (VIOLATED)
_59647_/CLK                             3.000000   69.803848  -66.803848 (VIOLATED)
_59648_/CLK                             3.000000   69.803848  -66.803848 (VIOLATED)
_59649_/CLK                             3.000000   69.803848  -66.803848 (VIOLATED)
_59650_/CLK                             3.000000   69.803848  -66.803848 (VIOLATED)
_59651_/CLK                             3.000000   69.803848  -66.803848 (VIOLATED)
_59652_/CLK                             3.000000   69.803848  -66.803848 (VIOLATED)
_59653_/CLK                             3.000000   69.803848  -66.803848 (VIOLATED)
_59654_/CLK                             3.000000   69.803848  -66.803848 (VIOLATED)
_59655_/CLK                             3.000000   69.803848  -66.803848 (VIOLATED)
_59656_/CLK                             3.000000   69.803848  -66.803848 (VIOLATED)
_59657_/CLK                             3.000000   69.803848  -66.803848 (VIOLATED)
_59658_/CLK                             3.000000   69.803848  -66.803848 (VIOLATED)
_59659_/CLK                             3.000000   69.803848  -66.803848 (VIOLATED)
_59660_/CLK                             3.000000   69.803848  -66.803848 (VIOLATED)
_59661_/CLK                             3.000000   69.803848  -66.803848 (VIOLATED)
_59662_/CLK                             3.000000   69.803848  -66.803848 (VIOLATED)
_59663_/CLK                             3.000000   69.803848  -66.803848 (VIOLATED)
_59664_/CLK                             3.000000   69.803848  -66.803848 (VIOLATED)
_59665_/CLK                             3.000000   69.803848  -66.803848 (VIOLATED)
_59666_/CLK                             3.000000   69.803848  -66.803848 (VIOLATED)
_59667_/CLK                             3.000000   69.803848  -66.803848 (VIOLATED)
_59668_/CLK                             3.000000   69.803848  -66.803848 (VIOLATED)
_59669_/CLK                             3.000000   69.803848  -66.803848 (VIOLATED)
_59670_/CLK                             3.000000   69.803848  -66.803848 (VIOLATED)
_59671_/CLK                             3.000000   69.803848  -66.803848 (VIOLATED)
_59672_/CLK                             3.000000   69.803848  -66.803848 (VIOLATED)
_59673_/CLK                             3.000000   69.803848  -66.803848 (VIOLATED)
_59674_/CLK                             3.000000   69.803848  -66.803848 (VIOLATED)
_59675_/CLK                             3.000000   69.803848  -66.803848 (VIOLATED)
_59676_/CLK                             3.000000   69.803848  -66.803848 (VIOLATED)
_59677_/CLK                             3.000000   69.803848  -66.803848 (VIOLATED)
_59678_/CLK                             3.000000   69.803848  -66.803848 (VIOLATED)
_59679_/CLK                             3.000000   69.803848  -66.803848 (VIOLATED)
_59680_/CLK                             3.000000   69.803848  -66.803848 (VIOLATED)
_59681_/CLK                             3.000000   69.803848  -66.803848 (VIOLATED)
_59682_/CLK                             3.000000   69.803848  -66.803848 (VIOLATED)
_59683_/CLK                             3.000000   69.803848  -66.803848 (VIOLATED)
_59684_/CLK                             3.000000   69.803848  -66.803848 (VIOLATED)
_59685_/CLK                             3.000000   69.803848  -66.803848 (VIOLATED)
_59686_/CLK                             3.000000   69.803848  -66.803848 (VIOLATED)
_59687_/CLK                             3.000000   69.803848  -66.803848 (VIOLATED)
_59688_/CLK                             3.000000   69.803848  -66.803848 (VIOLATED)
_59689_/CLK                             3.000000   69.803848  -66.803848 (VIOLATED)
_59690_/CLK                             3.000000   69.803848  -66.803848 (VIOLATED)
_59691_/CLK                             3.000000   69.803848  -66.803848 (VIOLATED)
_59692_/CLK                             3.000000   69.803848  -66.803848 (VIOLATED)
_59693_/CLK                             3.000000   69.803848  -66.803848 (VIOLATED)
_59694_/CLK                             3.000000   69.803848  -66.803848 (VIOLATED)
_59695_/CLK                             3.000000   69.803848  -66.803848 (VIOLATED)
_59696_/CLK                             3.000000   69.803848  -66.803848 (VIOLATED)
_59697_/CLK                             3.000000   69.803848  -66.803848 (VIOLATED)
_59698_/CLK                             3.000000   69.803848  -66.803848 (VIOLATED)
_59699_/CLK                             3.000000   69.803848  -66.803848 (VIOLATED)
_59700_/CLK                             3.000000   69.803848  -66.803848 (VIOLATED)
_59701_/CLK                             3.000000   69.803848  -66.803848 (VIOLATED)
_59702_/CLK                             3.000000   69.803848  -66.803848 (VIOLATED)
_59703_/CLK                             3.000000   69.803848  -66.803848 (VIOLATED)
_59704_/CLK                             3.000000   69.803848  -66.803848 (VIOLATED)
_59705_/CLK                             3.000000   69.803848  -66.803848 (VIOLATED)
_59706_/CLK                             3.000000   69.803848  -66.803848 (VIOLATED)
_59707_/CLK                             3.000000   69.803848  -66.803848 (VIOLATED)
_59708_/CLK                             3.000000   69.803848  -66.803848 (VIOLATED)
_59709_/CLK                             3.000000   69.803848  -66.803848 (VIOLATED)
_59710_/CLK                             3.000000   69.803848  -66.803848 (VIOLATED)
_59711_/CLK                             3.000000   69.803848  -66.803848 (VIOLATED)
_59712_/CLK                             3.000000   69.803848  -66.803848 (VIOLATED)
_59713_/CLK                             3.000000   69.803848  -66.803848 (VIOLATED)
_59714_/CLK                             3.000000   69.803848  -66.803848 (VIOLATED)
_59715_/CLK                             3.000000   69.803848  -66.803848 (VIOLATED)
_59716_/CLK                             3.000000   69.803848  -66.803848 (VIOLATED)
_59717_/CLK                             3.000000   69.803848  -66.803848 (VIOLATED)
_59718_/CLK                             3.000000   69.803848  -66.803848 (VIOLATED)
_59719_/CLK                             3.000000   69.803848  -66.803848 (VIOLATED)
_59720_/CLK                             3.000000   69.803848  -66.803848 (VIOLATED)
_59721_/CLK                             3.000000   69.803848  -66.803848 (VIOLATED)
_59722_/CLK                             3.000000   69.803848  -66.803848 (VIOLATED)
_59723_/CLK                             3.000000   69.803848  -66.803848 (VIOLATED)
_59724_/CLK                             3.000000   69.803848  -66.803848 (VIOLATED)
_59725_/CLK                             3.000000   69.803848  -66.803848 (VIOLATED)
_59726_/CLK                             3.000000   69.803848  -66.803848 (VIOLATED)
_59727_/CLK                             3.000000   69.803848  -66.803848 (VIOLATED)
_59728_/CLK                             3.000000   69.803848  -66.803848 (VIOLATED)
_59729_/CLK                             3.000000   69.803848  -66.803848 (VIOLATED)
_59730_/CLK                             3.000000   69.803848  -66.803848 (VIOLATED)
_59731_/CLK                             3.000000   69.803848  -66.803848 (VIOLATED)
_59732_/CLK                             3.000000   69.803848  -66.803848 (VIOLATED)
_59733_/CLK                             3.000000   69.803848  -66.803848 (VIOLATED)
_59734_/CLK                             3.000000   69.803848  -66.803848 (VIOLATED)
_59735_/CLK                             3.000000   69.803848  -66.803848 (VIOLATED)
_59736_/CLK                             3.000000   69.803848  -66.803848 (VIOLATED)
_59737_/CLK                             3.000000   69.803848  -66.803848 (VIOLATED)
_59738_/CLK                             3.000000   69.803848  -66.803848 (VIOLATED)
_59739_/CLK                             3.000000   69.803848  -66.803848 (VIOLATED)
_59740_/CLK                             3.000000   69.803848  -66.803848 (VIOLATED)
_59741_/CLK                             3.000000   69.803848  -66.803848 (VIOLATED)
_59742_/CLK                             3.000000   69.803848  -66.803848 (VIOLATED)
_59743_/CLK                             3.000000   69.803848  -66.803848 (VIOLATED)
_59744_/CLK                             3.000000   69.803848  -66.803848 (VIOLATED)
_59745_/CLK                             3.000000   69.803848  -66.803848 (VIOLATED)
_59746_/CLK                             3.000000   69.803848  -66.803848 (VIOLATED)
_59747_/CLK                             3.000000   69.803848  -66.803848 (VIOLATED)
_59748_/CLK                             3.000000   69.803848  -66.803848 (VIOLATED)
_59749_/CLK                             3.000000   69.803848  -66.803848 (VIOLATED)
_59750_/CLK                             3.000000   69.803848  -66.803848 (VIOLATED)
_59751_/CLK                             3.000000   69.803848  -66.803848 (VIOLATED)
_59752_/CLK                             3.000000   69.803848  -66.803848 (VIOLATED)
_59753_/CLK                             3.000000   69.803848  -66.803848 (VIOLATED)
_59754_/CLK                             3.000000   69.803848  -66.803848 (VIOLATED)
_59755_/CLK                             3.000000   69.803848  -66.803848 (VIOLATED)
_59756_/CLK                             3.000000   69.803848  -66.803848 (VIOLATED)
_59757_/CLK                             3.000000   69.803848  -66.803848 (VIOLATED)
_59758_/CLK                             3.000000   69.803848  -66.803848 (VIOLATED)
_59759_/CLK                             3.000000   69.803848  -66.803848 (VIOLATED)
_59760_/CLK                             3.000000   69.803848  -66.803848 (VIOLATED)
_59761_/CLK                             3.000000   69.803848  -66.803848 (VIOLATED)
_59762_/CLK                             3.000000   69.803848  -66.803848 (VIOLATED)
_59763_/CLK                             3.000000   69.803848  -66.803848 (VIOLATED)
_59764_/CLK                             3.000000   69.803848  -66.803848 (VIOLATED)
_59765_/CLK                             3.000000   69.803848  -66.803848 (VIOLATED)
_59766_/CLK                             3.000000   69.803848  -66.803848 (VIOLATED)
_59767_/CLK                             3.000000   69.803848  -66.803848 (VIOLATED)
_59768_/CLK                             3.000000   69.803848  -66.803848 (VIOLATED)
_59769_/CLK                             3.000000   69.803848  -66.803848 (VIOLATED)
_59770_/CLK                             3.000000   69.803848  -66.803848 (VIOLATED)
_59771_/CLK                             3.000000   69.803848  -66.803848 (VIOLATED)
_59772_/CLK                             3.000000   69.803848  -66.803848 (VIOLATED)
_59773_/CLK                             3.000000   69.803848  -66.803848 (VIOLATED)
_59774_/CLK                             3.000000   69.803848  -66.803848 (VIOLATED)
_59775_/CLK                             3.000000   69.803848  -66.803848 (VIOLATED)
_59776_/CLK                             3.000000   69.803848  -66.803848 (VIOLATED)
_59777_/CLK                             3.000000   69.803848  -66.803848 (VIOLATED)
_59778_/CLK                             3.000000   69.803848  -66.803848 (VIOLATED)
_59779_/CLK                             3.000000   69.803848  -66.803848 (VIOLATED)
_59780_/CLK                             3.000000   69.803848  -66.803848 (VIOLATED)
_59781_/CLK                             3.000000   69.803848  -66.803848 (VIOLATED)
_59782_/CLK                             3.000000   69.803848  -66.803848 (VIOLATED)
_59783_/CLK                             3.000000   69.803848  -66.803848 (VIOLATED)
_59784_/CLK                             3.000000   69.803848  -66.803848 (VIOLATED)
_59785_/CLK                             3.000000   69.803848  -66.803848 (VIOLATED)
_59786_/CLK                             3.000000   69.803848  -66.803848 (VIOLATED)
_59787_/CLK                             3.000000   69.803848  -66.803848 (VIOLATED)
_59788_/CLK                             3.000000   69.803848  -66.803848 (VIOLATED)
_59789_/CLK                             3.000000   69.803848  -66.803848 (VIOLATED)
_59790_/CLK                             3.000000   69.803848  -66.803848 (VIOLATED)
_59791_/CLK                             3.000000   69.803848  -66.803848 (VIOLATED)
_59792_/CLK                             3.000000   69.803848  -66.803848 (VIOLATED)
_59793_/CLK                             3.000000   69.803848  -66.803848 (VIOLATED)
_59794_/CLK                             3.000000   69.803848  -66.803848 (VIOLATED)
_59795_/CLK                             3.000000   69.803848  -66.803848 (VIOLATED)
_59796_/CLK                             3.000000   69.803848  -66.803848 (VIOLATED)
_59797_/CLK                             3.000000   69.803848  -66.803848 (VIOLATED)
_59798_/CLK                             3.000000   69.803848  -66.803848 (VIOLATED)
_59799_/CLK                             3.000000   69.803848  -66.803848 (VIOLATED)
_59800_/CLK                             3.000000   69.803848  -66.803848 (VIOLATED)
_59801_/CLK                             3.000000   69.803848  -66.803848 (VIOLATED)
_59802_/CLK                             3.000000   69.803848  -66.803848 (VIOLATED)
_59803_/CLK                             3.000000   69.803848  -66.803848 (VIOLATED)
_59804_/CLK                             3.000000   69.803848  -66.803848 (VIOLATED)
_59805_/CLK                             3.000000   69.803848  -66.803848 (VIOLATED)
_59806_/CLK                             3.000000   69.803848  -66.803848 (VIOLATED)
_59807_/CLK                             3.000000   69.803848  -66.803848 (VIOLATED)
_59808_/CLK                             3.000000   69.803848  -66.803848 (VIOLATED)
_59809_/CLK                             3.000000   69.803848  -66.803848 (VIOLATED)
_59810_/CLK                             3.000000   69.803848  -66.803848 (VIOLATED)
_59811_/CLK                             3.000000   69.803848  -66.803848 (VIOLATED)
_59812_/CLK                             3.000000   69.803848  -66.803848 (VIOLATED)
_59813_/CLK                             3.000000   69.803848  -66.803848 (VIOLATED)
_59814_/CLK                             3.000000   69.803848  -66.803848 (VIOLATED)
_59815_/CLK                             3.000000   69.803848  -66.803848 (VIOLATED)
_59816_/CLK                             3.000000   69.803848  -66.803848 (VIOLATED)
_59817_/CLK                             3.000000   69.803848  -66.803848 (VIOLATED)
_59818_/CLK                             3.000000   69.803848  -66.803848 (VIOLATED)
_59819_/CLK                             3.000000   69.803848  -66.803848 (VIOLATED)
_59820_/CLK                             3.000000   69.803848  -66.803848 (VIOLATED)
_59821_/CLK                             3.000000   69.803848  -66.803848 (VIOLATED)
_59822_/CLK                             3.000000   69.803848  -66.803848 (VIOLATED)
_59823_/CLK                             3.000000   69.803848  -66.803848 (VIOLATED)
_59824_/CLK                             3.000000   69.803848  -66.803848 (VIOLATED)
_59825_/CLK                             3.000000   69.803848  -66.803848 (VIOLATED)
_59826_/CLK                             3.000000   69.803848  -66.803848 (VIOLATED)
_59827_/CLK                             3.000000   69.803848  -66.803848 (VIOLATED)
_59828_/CLK                             3.000000   69.803848  -66.803848 (VIOLATED)
_59829_/CLK                             3.000000   69.803848  -66.803848 (VIOLATED)
_59830_/CLK                             3.000000   69.803848  -66.803848 (VIOLATED)
_59831_/CLK                             3.000000   69.803848  -66.803848 (VIOLATED)
_59832_/CLK                             3.000000   69.803848  -66.803848 (VIOLATED)
_59833_/CLK                             3.000000   69.803848  -66.803848 (VIOLATED)
_59834_/CLK                             3.000000   69.803848  -66.803848 (VIOLATED)
_59835_/CLK                             3.000000   69.803848  -66.803848 (VIOLATED)
_59836_/CLK                             3.000000   69.803848  -66.803848 (VIOLATED)
_59837_/CLK                             3.000000   69.803848  -66.803848 (VIOLATED)
_59838_/CLK                             3.000000   69.803848  -66.803848 (VIOLATED)
_59839_/CLK                             3.000000   69.803848  -66.803848 (VIOLATED)
_59840_/CLK                             3.000000   69.803848  -66.803848 (VIOLATED)
_59841_/CLK                             3.000000   69.803848  -66.803848 (VIOLATED)
_59842_/CLK                             3.000000   69.803848  -66.803848 (VIOLATED)
_59843_/CLK                             3.000000   69.803848  -66.803848 (VIOLATED)
_59844_/CLK                             3.000000   69.803848  -66.803848 (VIOLATED)
_59845_/CLK                             3.000000   69.803848  -66.803848 (VIOLATED)
_59846_/CLK                             3.000000   69.803848  -66.803848 (VIOLATED)
_59847_/CLK                             3.000000   69.803848  -66.803848 (VIOLATED)
_59848_/CLK                             3.000000   69.803848  -66.803848 (VIOLATED)
_59849_/CLK                             3.000000   69.803848  -66.803848 (VIOLATED)
_59850_/CLK                             3.000000   69.803848  -66.803848 (VIOLATED)
_59851_/CLK                             3.000000   69.803848  -66.803848 (VIOLATED)
_59852_/CLK                             3.000000   69.803848  -66.803848 (VIOLATED)
_59853_/CLK                             3.000000   69.803848  -66.803848 (VIOLATED)
_59854_/CLK                             3.000000   69.803848  -66.803848 (VIOLATED)
_59855_/CLK                             3.000000   69.803848  -66.803848 (VIOLATED)
_59856_/CLK                             3.000000   69.803848  -66.803848 (VIOLATED)
_59857_/CLK                             3.000000   69.803848  -66.803848 (VIOLATED)
_59858_/CLK                             3.000000   69.803848  -66.803848 (VIOLATED)
_59859_/CLK                             3.000000   69.803848  -66.803848 (VIOLATED)
_59860_/CLK                             3.000000   69.803848  -66.803848 (VIOLATED)
_59861_/CLK                             3.000000   69.803848  -66.803848 (VIOLATED)
_59862_/CLK                             3.000000   69.803848  -66.803848 (VIOLATED)
_59863_/CLK                             3.000000   69.803848  -66.803848 (VIOLATED)
_59864_/CLK                             3.000000   69.803848  -66.803848 (VIOLATED)
_59865_/CLK                             3.000000   69.803848  -66.803848 (VIOLATED)
_59866_/CLK                             3.000000   69.803848  -66.803848 (VIOLATED)
_59867_/CLK                             3.000000   69.803848  -66.803848 (VIOLATED)
_59868_/CLK                             3.000000   69.803848  -66.803848 (VIOLATED)
_59869_/CLK                             3.000000   69.803848  -66.803848 (VIOLATED)
_59870_/CLK                             3.000000   69.803848  -66.803848 (VIOLATED)
_59871_/CLK                             3.000000   69.803848  -66.803848 (VIOLATED)
_59872_/CLK                             3.000000   69.803848  -66.803848 (VIOLATED)
_59873_/CLK                             3.000000   69.803848  -66.803848 (VIOLATED)
_59874_/CLK                             3.000000   69.803848  -66.803848 (VIOLATED)
_59875_/CLK                             3.000000   69.803848  -66.803848 (VIOLATED)
_59876_/CLK                             3.000000   69.803848  -66.803848 (VIOLATED)
_59877_/CLK                             3.000000   69.803848  -66.803848 (VIOLATED)
_59878_/CLK                             3.000000   69.803848  -66.803848 (VIOLATED)
_59879_/CLK                             3.000000   69.803848  -66.803848 (VIOLATED)
_59880_/CLK                             3.000000   69.803848  -66.803848 (VIOLATED)
_59881_/CLK                             3.000000   69.803848  -66.803848 (VIOLATED)
_59882_/CLK                             3.000000   69.803848  -66.803848 (VIOLATED)
_59883_/CLK                             3.000000   69.803848  -66.803848 (VIOLATED)
_59884_/CLK                             3.000000   69.803848  -66.803848 (VIOLATED)
_59885_/CLK                             3.000000   69.803848  -66.803848 (VIOLATED)
_59886_/CLK                             3.000000   69.803848  -66.803848 (VIOLATED)
_59887_/CLK                             3.000000   69.803848  -66.803848 (VIOLATED)
_59888_/CLK                             3.000000   69.803848  -66.803848 (VIOLATED)
_59889_/CLK                             3.000000   69.803848  -66.803848 (VIOLATED)
_59890_/CLK                             3.000000   69.803848  -66.803848 (VIOLATED)
_59891_/CLK                             3.000000   69.803848  -66.803848 (VIOLATED)
_59892_/CLK                             3.000000   69.803848  -66.803848 (VIOLATED)
_59893_/CLK                             3.000000   69.803848  -66.803848 (VIOLATED)
_59894_/CLK                             3.000000   69.803848  -66.803848 (VIOLATED)
_59895_/CLK                             3.000000   69.803848  -66.803848 (VIOLATED)
_59896_/CLK                             3.000000   69.803848  -66.803848 (VIOLATED)
_59897_/CLK                             3.000000   69.803848  -66.803848 (VIOLATED)
_59898_/CLK                             3.000000   69.803848  -66.803848 (VIOLATED)
_59899_/CLK                             3.000000   69.803848  -66.803848 (VIOLATED)
_59900_/CLK                             3.000000   69.803848  -66.803848 (VIOLATED)
_59901_/CLK                             3.000000   69.803848  -66.803848 (VIOLATED)
_59902_/CLK                             3.000000   69.803848  -66.803848 (VIOLATED)
_59903_/CLK                             3.000000   69.803848  -66.803848 (VIOLATED)
_59904_/CLK                             3.000000   69.803848  -66.803848 (VIOLATED)
_59905_/CLK                             3.000000   69.803848  -66.803848 (VIOLATED)
_59906_/CLK                             3.000000   69.803848  -66.803848 (VIOLATED)
_59907_/CLK                             3.000000   69.803848  -66.803848 (VIOLATED)
_59908_/CLK                             3.000000   69.803848  -66.803848 (VIOLATED)
_59909_/CLK                             3.000000   69.803848  -66.803848 (VIOLATED)
_59910_/CLK                             3.000000   69.803848  -66.803848 (VIOLATED)
_59911_/CLK                             3.000000   69.803848  -66.803848 (VIOLATED)
_59912_/CLK                             3.000000   69.803848  -66.803848 (VIOLATED)
_59913_/CLK                             3.000000   69.803848  -66.803848 (VIOLATED)
_59914_/CLK                             3.000000   69.803848  -66.803848 (VIOLATED)
_59915_/CLK                             3.000000   69.803848  -66.803848 (VIOLATED)
_59916_/CLK                             3.000000   69.803848  -66.803848 (VIOLATED)
_59917_/CLK                             3.000000   69.803848  -66.803848 (VIOLATED)
_59918_/CLK                             3.000000   69.803848  -66.803848 (VIOLATED)
_59919_/CLK                             3.000000   69.803848  -66.803848 (VIOLATED)
_59920_/CLK                             3.000000   69.803848  -66.803848 (VIOLATED)
_59921_/CLK                             3.000000   69.803848  -66.803848 (VIOLATED)
_59922_/CLK                             3.000000   69.803848  -66.803848 (VIOLATED)
_59923_/CLK                             3.000000   69.803848  -66.803848 (VIOLATED)
_59924_/CLK                             3.000000   69.803848  -66.803848 (VIOLATED)
_59925_/CLK                             3.000000   69.803848  -66.803848 (VIOLATED)
_59926_/CLK                             3.000000   69.803848  -66.803848 (VIOLATED)
_59927_/CLK                             3.000000   69.803848  -66.803848 (VIOLATED)
_59928_/CLK                             3.000000   69.803848  -66.803848 (VIOLATED)
_59929_/CLK                             3.000000   69.803848  -66.803848 (VIOLATED)
_59930_/CLK                             3.000000   69.803848  -66.803848 (VIOLATED)
_59931_/CLK                             3.000000   69.803848  -66.803848 (VIOLATED)
_59932_/CLK                             3.000000   69.803848  -66.803848 (VIOLATED)
_59933_/CLK                             3.000000   69.803848  -66.803848 (VIOLATED)
_59934_/CLK                             3.000000   69.803848  -66.803848 (VIOLATED)
_59935_/CLK                             3.000000   69.803848  -66.803848 (VIOLATED)
_59936_/CLK                             3.000000   69.803848  -66.803848 (VIOLATED)
_59937_/CLK                             3.000000   69.803848  -66.803848 (VIOLATED)
_59938_/CLK                             3.000000   69.803848  -66.803848 (VIOLATED)
_59939_/CLK                             3.000000   69.803848  -66.803848 (VIOLATED)
_59940_/CLK                             3.000000   69.803848  -66.803848 (VIOLATED)
_59941_/CLK                             3.000000   69.803848  -66.803848 (VIOLATED)
_59942_/CLK                             3.000000   69.803848  -66.803848 (VIOLATED)
_59943_/CLK                             3.000000   69.803848  -66.803848 (VIOLATED)
_59944_/CLK                             3.000000   69.803848  -66.803848 (VIOLATED)
_59945_/CLK                             3.000000   69.803848  -66.803848 (VIOLATED)
_59946_/CLK                             3.000000   69.803848  -66.803848 (VIOLATED)
_59947_/CLK                             3.000000   69.803848  -66.803848 (VIOLATED)
_59948_/CLK                             3.000000   69.803848  -66.803848 (VIOLATED)
_59949_/CLK                             3.000000   69.803848  -66.803848 (VIOLATED)
_59950_/CLK                             3.000000   69.803848  -66.803848 (VIOLATED)
_59951_/CLK                             3.000000   69.803848  -66.803848 (VIOLATED)
_59952_/CLK                             3.000000   69.803848  -66.803848 (VIOLATED)
_59953_/CLK                             3.000000   69.803848  -66.803848 (VIOLATED)
_59954_/CLK                             3.000000   69.803848  -66.803848 (VIOLATED)
_59955_/CLK                             3.000000   69.803848  -66.803848 (VIOLATED)
_59956_/CLK                             3.000000   69.803848  -66.803848 (VIOLATED)
_59957_/CLK                             3.000000   69.803848  -66.803848 (VIOLATED)
_59958_/CLK                             3.000000   69.803848  -66.803848 (VIOLATED)
_59959_/CLK                             3.000000   69.803848  -66.803848 (VIOLATED)
_59960_/CLK                             3.000000   69.803848  -66.803848 (VIOLATED)
_59961_/CLK                             3.000000   69.803848  -66.803848 (VIOLATED)
_59962_/CLK                             3.000000   69.803848  -66.803848 (VIOLATED)
_59963_/CLK                             3.000000   69.803848  -66.803848 (VIOLATED)
_59964_/CLK                             3.000000   69.803848  -66.803848 (VIOLATED)
_59965_/CLK                             3.000000   69.803848  -66.803848 (VIOLATED)
_59966_/CLK                             3.000000   69.803848  -66.803848 (VIOLATED)
_59967_/CLK                             3.000000   69.803848  -66.803848 (VIOLATED)
_59968_/CLK                             3.000000   69.803848  -66.803848 (VIOLATED)
_59969_/CLK                             3.000000   69.803848  -66.803848 (VIOLATED)
_59970_/CLK                             3.000000   69.803848  -66.803848 (VIOLATED)
_59971_/CLK                             3.000000   69.803848  -66.803848 (VIOLATED)
_59972_/CLK                             3.000000   69.803848  -66.803848 (VIOLATED)
_59973_/CLK                             3.000000   69.803848  -66.803848 (VIOLATED)
_59974_/CLK                             3.000000   69.803848  -66.803848 (VIOLATED)
_59975_/CLK                             3.000000   69.803848  -66.803848 (VIOLATED)
_59976_/CLK                             3.000000   69.803848  -66.803848 (VIOLATED)
_59977_/CLK                             3.000000   69.803848  -66.803848 (VIOLATED)
_59978_/CLK                             3.000000   69.803848  -66.803848 (VIOLATED)
_59979_/CLK                             3.000000   69.803848  -66.803848 (VIOLATED)
_59980_/CLK                             3.000000   69.803848  -66.803848 (VIOLATED)
_59981_/CLK                             3.000000   69.803848  -66.803848 (VIOLATED)
_59982_/CLK                             3.000000   69.803848  -66.803848 (VIOLATED)
_59983_/CLK                             3.000000   69.803848  -66.803848 (VIOLATED)
_59984_/CLK                             3.000000   69.803848  -66.803848 (VIOLATED)
_59985_/CLK                             3.000000   69.803848  -66.803848 (VIOLATED)
_59986_/CLK                             3.000000   69.803848  -66.803848 (VIOLATED)
_59987_/CLK                             3.000000   69.803848  -66.803848 (VIOLATED)
_59988_/CLK                             3.000000   69.803848  -66.803848 (VIOLATED)
_59989_/CLK                             3.000000   69.803848  -66.803848 (VIOLATED)
_59990_/CLK                             3.000000   69.803848  -66.803848 (VIOLATED)
_59991_/CLK                             3.000000   69.803848  -66.803848 (VIOLATED)
_59992_/CLK                             3.000000   69.803848  -66.803848 (VIOLATED)
_59993_/CLK                             3.000000   69.803848  -66.803848 (VIOLATED)
_59994_/CLK                             3.000000   69.803848  -66.803848 (VIOLATED)
_59995_/CLK                             3.000000   69.803848  -66.803848 (VIOLATED)
_59996_/CLK                             3.000000   69.803848  -66.803848 (VIOLATED)
_59997_/CLK                             3.000000   69.803848  -66.803848 (VIOLATED)
_59998_/CLK                             3.000000   69.803848  -66.803848 (VIOLATED)
_59999_/CLK                             3.000000   69.803848  -66.803848 (VIOLATED)
_60000_/CLK                             3.000000   69.803848  -66.803848 (VIOLATED)
_60001_/CLK                             3.000000   69.803848  -66.803848 (VIOLATED)
_60002_/CLK                             3.000000   69.803848  -66.803848 (VIOLATED)
_60003_/CLK                             3.000000   69.803848  -66.803848 (VIOLATED)
_60004_/CLK                             3.000000   69.803848  -66.803848 (VIOLATED)
_60005_/CLK                             3.000000   69.803848  -66.803848 (VIOLATED)
_60006_/CLK                             3.000000   69.803848  -66.803848 (VIOLATED)
_60007_/CLK                             3.000000   69.803848  -66.803848 (VIOLATED)
_60008_/CLK                             3.000000   69.803848  -66.803848 (VIOLATED)
_60009_/CLK                             3.000000   69.803848  -66.803848 (VIOLATED)
_60010_/CLK                             3.000000   69.803848  -66.803848 (VIOLATED)
_60011_/CLK                             3.000000   69.803848  -66.803848 (VIOLATED)
_60012_/CLK                             3.000000   69.803848  -66.803848 (VIOLATED)
_60013_/CLK                             3.000000   69.803848  -66.803848 (VIOLATED)
_60014_/CLK                             3.000000   69.803848  -66.803848 (VIOLATED)
_60015_/CLK                             3.000000   69.803848  -66.803848 (VIOLATED)
_60016_/CLK                             3.000000   69.803848  -66.803848 (VIOLATED)
_60017_/CLK                             3.000000   69.803848  -66.803848 (VIOLATED)
_60018_/CLK                             3.000000   69.803848  -66.803848 (VIOLATED)
_60019_/CLK                             3.000000   69.803848  -66.803848 (VIOLATED)
_60020_/CLK                             3.000000   69.803848  -66.803848 (VIOLATED)
_60021_/CLK                             3.000000   69.803848  -66.803848 (VIOLATED)
_60022_/CLK                             3.000000   69.803848  -66.803848 (VIOLATED)
_60023_/CLK                             3.000000   69.803848  -66.803848 (VIOLATED)
_60024_/CLK                             3.000000   69.803848  -66.803848 (VIOLATED)
_60025_/CLK                             3.000000   69.803848  -66.803848 (VIOLATED)
_60026_/CLK                             3.000000   69.803848  -66.803848 (VIOLATED)
_60027_/CLK                             3.000000   69.803848  -66.803848 (VIOLATED)
_60028_/CLK                             3.000000   69.803848  -66.803848 (VIOLATED)
_60029_/CLK                             3.000000   69.803848  -66.803848 (VIOLATED)
_60030_/CLK                             3.000000   69.803848  -66.803848 (VIOLATED)
_60031_/CLK                             3.000000   69.803848  -66.803848 (VIOLATED)
_60032_/CLK                             3.000000   69.803848  -66.803848 (VIOLATED)
_60033_/CLK                             3.000000   69.803848  -66.803848 (VIOLATED)
_60034_/CLK                             3.000000   69.803848  -66.803848 (VIOLATED)
_60035_/CLK                             3.000000   69.803848  -66.803848 (VIOLATED)
_60036_/CLK                             3.000000   69.803848  -66.803848 (VIOLATED)
_60037_/CLK                             3.000000   69.803848  -66.803848 (VIOLATED)
_60038_/CLK                             3.000000   69.803848  -66.803848 (VIOLATED)
_60039_/CLK                             3.000000   69.803848  -66.803848 (VIOLATED)
_60040_/CLK                             3.000000   69.803848  -66.803848 (VIOLATED)
_60041_/CLK                             3.000000   69.803848  -66.803848 (VIOLATED)
_60042_/CLK                             3.000000   69.803848  -66.803848 (VIOLATED)
_60043_/CLK                             3.000000   69.803848  -66.803848 (VIOLATED)
_60044_/CLK                             3.000000   69.803848  -66.803848 (VIOLATED)
_60045_/CLK                             3.000000   69.803848  -66.803848 (VIOLATED)
_60046_/CLK                             3.000000   69.803848  -66.803848 (VIOLATED)
_60047_/CLK                             3.000000   69.803848  -66.803848 (VIOLATED)
_60048_/CLK                             3.000000   69.803848  -66.803848 (VIOLATED)
_60049_/CLK                             3.000000   69.803848  -66.803848 (VIOLATED)
_60050_/CLK                             3.000000   69.803848  -66.803848 (VIOLATED)
_60051_/CLK                             3.000000   69.803848  -66.803848 (VIOLATED)
_60052_/CLK                             3.000000   69.803848  -66.803848 (VIOLATED)
_60053_/CLK                             3.000000   69.803848  -66.803848 (VIOLATED)
_60054_/CLK                             3.000000   69.803848  -66.803848 (VIOLATED)
_60055_/CLK                             3.000000   69.803848  -66.803848 (VIOLATED)
_60056_/CLK                             3.000000   69.803848  -66.803848 (VIOLATED)
_60057_/CLK                             3.000000   69.803848  -66.803848 (VIOLATED)
_60058_/CLK                             3.000000   69.803848  -66.803848 (VIOLATED)
_60059_/CLK                             3.000000   69.803848  -66.803848 (VIOLATED)
_60060_/CLK                             3.000000   69.803848  -66.803848 (VIOLATED)
_60061_/CLK                             3.000000   69.803848  -66.803848 (VIOLATED)
_60062_/CLK                             3.000000   69.803848  -66.803848 (VIOLATED)
_60063_/CLK                             3.000000   69.803848  -66.803848 (VIOLATED)
_60064_/CLK                             3.000000   69.803848  -66.803848 (VIOLATED)
_60065_/CLK                             3.000000   69.803848  -66.803848 (VIOLATED)
_60066_/CLK                             3.000000   69.803848  -66.803848 (VIOLATED)
_60067_/CLK                             3.000000   69.803848  -66.803848 (VIOLATED)
_60068_/CLK                             3.000000   69.803848  -66.803848 (VIOLATED)
_60069_/CLK                             3.000000   69.803848  -66.803848 (VIOLATED)
_60070_/CLK                             3.000000   69.803848  -66.803848 (VIOLATED)
_60071_/CLK                             3.000000   69.803848  -66.803848 (VIOLATED)
_60072_/CLK                             3.000000   69.803848  -66.803848 (VIOLATED)
_60073_/CLK                             3.000000   69.803848  -66.803848 (VIOLATED)
_60074_/CLK                             3.000000   69.803848  -66.803848 (VIOLATED)
_60075_/CLK                             3.000000   69.803848  -66.803848 (VIOLATED)
_60076_/CLK                             3.000000   69.803848  -66.803848 (VIOLATED)
_60077_/CLK                             3.000000   69.803848  -66.803848 (VIOLATED)
_60078_/CLK                             3.000000   69.803848  -66.803848 (VIOLATED)
_60079_/CLK                             3.000000   69.803848  -66.803848 (VIOLATED)
_60080_/CLK                             3.000000   69.803848  -66.803848 (VIOLATED)
_60081_/CLK                             3.000000   69.803848  -66.803848 (VIOLATED)
_60082_/CLK                             3.000000   69.803848  -66.803848 (VIOLATED)
_60083_/CLK                             3.000000   69.803848  -66.803848 (VIOLATED)
_60084_/CLK                             3.000000   69.803848  -66.803848 (VIOLATED)
_60085_/CLK                             3.000000   69.803848  -66.803848 (VIOLATED)
_60086_/CLK                             3.000000   69.803848  -66.803848 (VIOLATED)
_60087_/CLK                             3.000000   69.803848  -66.803848 (VIOLATED)
_60088_/CLK                             3.000000   69.803848  -66.803848 (VIOLATED)
_60089_/CLK                             3.000000   69.803848  -66.803848 (VIOLATED)
_60090_/CLK                             3.000000   69.803848  -66.803848 (VIOLATED)
_60091_/CLK                             3.000000   69.803848  -66.803848 (VIOLATED)
_60092_/CLK                             3.000000   69.803848  -66.803848 (VIOLATED)
_60093_/CLK                             3.000000   69.803848  -66.803848 (VIOLATED)
_60094_/CLK                             3.000000   69.803848  -66.803848 (VIOLATED)
_60095_/CLK                             3.000000   69.803848  -66.803848 (VIOLATED)
_60096_/CLK                             3.000000   69.803848  -66.803848 (VIOLATED)
_60097_/CLK                             3.000000   69.803848  -66.803848 (VIOLATED)
_60098_/CLK                             3.000000   69.803848  -66.803848 (VIOLATED)
_60099_/CLK                             3.000000   69.803848  -66.803848 (VIOLATED)
_60100_/CLK                             3.000000   69.803848  -66.803848 (VIOLATED)
_60101_/CLK                             3.000000   69.803848  -66.803848 (VIOLATED)
_60102_/CLK                             3.000000   69.803848  -66.803848 (VIOLATED)
_60103_/CLK                             3.000000   69.803848  -66.803848 (VIOLATED)
_60104_/CLK                             3.000000   69.803848  -66.803848 (VIOLATED)
_60105_/CLK                             3.000000   69.803848  -66.803848 (VIOLATED)
_60106_/CLK                             3.000000   69.803848  -66.803848 (VIOLATED)
_60107_/CLK                             3.000000   69.803848  -66.803848 (VIOLATED)
_60108_/CLK                             3.000000   69.803848  -66.803848 (VIOLATED)
_60109_/CLK                             3.000000   69.803848  -66.803848 (VIOLATED)
_60110_/CLK                             3.000000   69.803848  -66.803848 (VIOLATED)
_60111_/CLK                             3.000000   69.803848  -66.803848 (VIOLATED)
_60112_/CLK                             3.000000   69.803848  -66.803848 (VIOLATED)
_60113_/CLK                             3.000000   69.803848  -66.803848 (VIOLATED)
_60114_/CLK                             3.000000   69.803848  -66.803848 (VIOLATED)
_60115_/CLK                             3.000000   69.803848  -66.803848 (VIOLATED)
_60116_/CLK                             3.000000   69.803848  -66.803848 (VIOLATED)
_60117_/CLK                             3.000000   69.803848  -66.803848 (VIOLATED)
_60118_/CLK                             3.000000   69.803848  -66.803848 (VIOLATED)
_60119_/CLK                             3.000000   69.803848  -66.803848 (VIOLATED)
_60120_/CLK                             3.000000   69.803848  -66.803848 (VIOLATED)
_60121_/CLK                             3.000000   69.803848  -66.803848 (VIOLATED)
_60122_/CLK                             3.000000   69.803848  -66.803848 (VIOLATED)
_60123_/CLK                             3.000000   69.803848  -66.803848 (VIOLATED)
_60124_/CLK                             3.000000   69.803848  -66.803848 (VIOLATED)
_60125_/CLK                             3.000000   69.803848  -66.803848 (VIOLATED)
_60126_/CLK                             3.000000   69.803848  -66.803848 (VIOLATED)
_60127_/CLK                             3.000000   69.803848  -66.803848 (VIOLATED)
_60128_/CLK                             3.000000   69.803848  -66.803848 (VIOLATED)
_60129_/CLK                             3.000000   69.803848  -66.803848 (VIOLATED)
_60130_/CLK                             3.000000   69.803848  -66.803848 (VIOLATED)
_60131_/CLK                             3.000000   69.803848  -66.803848 (VIOLATED)
_60132_/CLK                             3.000000   69.803848  -66.803848 (VIOLATED)
_60133_/CLK                             3.000000   69.803848  -66.803848 (VIOLATED)
_60134_/CLK                             3.000000   69.803848  -66.803848 (VIOLATED)
_60135_/CLK                             3.000000   69.803848  -66.803848 (VIOLATED)
_60136_/CLK                             3.000000   69.803848  -66.803848 (VIOLATED)
_60137_/CLK                             3.000000   69.803848  -66.803848 (VIOLATED)
_60138_/CLK                             3.000000   69.803848  -66.803848 (VIOLATED)
_60139_/CLK                             3.000000   69.803848  -66.803848 (VIOLATED)
_60140_/CLK                             3.000000   69.803848  -66.803848 (VIOLATED)
_60141_/CLK                             3.000000   69.803848  -66.803848 (VIOLATED)
_60142_/CLK                             3.000000   69.803848  -66.803848 (VIOLATED)
_60143_/CLK                             3.000000   69.803848  -66.803848 (VIOLATED)
_60144_/CLK                             3.000000   69.803848  -66.803848 (VIOLATED)
_60145_/CLK                             3.000000   69.803848  -66.803848 (VIOLATED)
_60146_/CLK                             3.000000   69.803848  -66.803848 (VIOLATED)
_60147_/CLK                             3.000000   69.803848  -66.803848 (VIOLATED)
_60148_/CLK                             3.000000   69.803848  -66.803848 (VIOLATED)
_60149_/CLK                             3.000000   69.803848  -66.803848 (VIOLATED)
_60150_/CLK                             3.000000   69.803848  -66.803848 (VIOLATED)
_60151_/CLK                             3.000000   69.803848  -66.803848 (VIOLATED)
_60152_/CLK                             3.000000   69.803848  -66.803848 (VIOLATED)
_60153_/CLK                             3.000000   69.803848  -66.803848 (VIOLATED)
_60154_/CLK                             3.000000   69.803848  -66.803848 (VIOLATED)
_60155_/CLK                             3.000000   69.803848  -66.803848 (VIOLATED)
_60156_/CLK                             3.000000   69.803848  -66.803848 (VIOLATED)
_60157_/CLK                             3.000000   69.803848  -66.803848 (VIOLATED)
_60158_/CLK                             3.000000   69.803848  -66.803848 (VIOLATED)
_60159_/CLK                             3.000000   69.803848  -66.803848 (VIOLATED)
_60160_/CLK                             3.000000   69.803848  -66.803848 (VIOLATED)
_60161_/CLK                             3.000000   69.803848  -66.803848 (VIOLATED)
_60162_/CLK                             3.000000   69.803848  -66.803848 (VIOLATED)
_60163_/CLK                             3.000000   69.803848  -66.803848 (VIOLATED)
_60164_/CLK                             3.000000   69.803848  -66.803848 (VIOLATED)
_60165_/CLK                             3.000000   69.803848  -66.803848 (VIOLATED)
_60166_/CLK                             3.000000   69.803848  -66.803848 (VIOLATED)
_60167_/CLK                             3.000000   69.803848  -66.803848 (VIOLATED)
_60168_/CLK                             3.000000   69.803848  -66.803848 (VIOLATED)
_60169_/CLK                             3.000000   69.803848  -66.803848 (VIOLATED)
_60170_/CLK                             3.000000   69.803848  -66.803848 (VIOLATED)
_60171_/CLK                             3.000000   69.803848  -66.803848 (VIOLATED)
_60172_/CLK                             3.000000   69.803848  -66.803848 (VIOLATED)
_60173_/CLK                             3.000000   69.803848  -66.803848 (VIOLATED)
_60174_/CLK                             3.000000   69.803848  -66.803848 (VIOLATED)
_60175_/CLK                             3.000000   69.803848  -66.803848 (VIOLATED)
_60176_/CLK                             3.000000   69.803848  -66.803848 (VIOLATED)
_60177_/CLK                             3.000000   69.803848  -66.803848 (VIOLATED)
_60178_/CLK                             3.000000   69.803848  -66.803848 (VIOLATED)
_60179_/CLK                             3.000000   69.803848  -66.803848 (VIOLATED)
_60180_/CLK                             3.000000   69.803848  -66.803848 (VIOLATED)
_60181_/CLK                             3.000000   69.803848  -66.803848 (VIOLATED)
_60182_/CLK                             3.000000   69.803848  -66.803848 (VIOLATED)
_60183_/CLK                             3.000000   69.803848  -66.803848 (VIOLATED)
_60184_/CLK                             3.000000   69.803848  -66.803848 (VIOLATED)
_60185_/CLK                             3.000000   69.803848  -66.803848 (VIOLATED)
_60186_/CLK                             3.000000   69.803848  -66.803848 (VIOLATED)
_60187_/CLK                             3.000000   69.803848  -66.803848 (VIOLATED)
_60188_/CLK                             3.000000   69.803848  -66.803848 (VIOLATED)
_60189_/CLK                             3.000000   69.803848  -66.803848 (VIOLATED)
_60190_/CLK                             3.000000   69.803848  -66.803848 (VIOLATED)
_60191_/CLK                             3.000000   69.803848  -66.803848 (VIOLATED)
_60192_/CLK                             3.000000   69.803848  -66.803848 (VIOLATED)
_60193_/CLK                             3.000000   69.803848  -66.803848 (VIOLATED)
_60194_/CLK                             3.000000   69.803848  -66.803848 (VIOLATED)
_60195_/CLK                             3.000000   69.803848  -66.803848 (VIOLATED)
_60196_/CLK                             3.000000   69.803848  -66.803848 (VIOLATED)
_60197_/CLK                             3.000000   69.803848  -66.803848 (VIOLATED)
_60198_/CLK                             3.000000   69.803848  -66.803848 (VIOLATED)
_60199_/CLK                             3.000000   69.803848  -66.803848 (VIOLATED)
_60200_/CLK                             3.000000   69.803848  -66.803848 (VIOLATED)
_60201_/CLK                             3.000000   69.803848  -66.803848 (VIOLATED)
_60202_/CLK                             3.000000   69.803848  -66.803848 (VIOLATED)
_60203_/CLK                             3.000000   69.803848  -66.803848 (VIOLATED)
_60204_/CLK                             3.000000   69.803848  -66.803848 (VIOLATED)
_60205_/CLK                             3.000000   69.803848  -66.803848 (VIOLATED)
_60206_/CLK                             3.000000   69.803848  -66.803848 (VIOLATED)
_60207_/CLK                             3.000000   69.803848  -66.803848 (VIOLATED)
_60208_/CLK                             3.000000   69.803848  -66.803848 (VIOLATED)
_60209_/CLK                             3.000000   69.803848  -66.803848 (VIOLATED)
_60210_/CLK                             3.000000   69.803848  -66.803848 (VIOLATED)
_60211_/CLK                             3.000000   69.803848  -66.803848 (VIOLATED)
_60212_/CLK                             3.000000   69.803848  -66.803848 (VIOLATED)
_60213_/CLK                             3.000000   69.803848  -66.803848 (VIOLATED)
_60214_/CLK                             3.000000   69.803848  -66.803848 (VIOLATED)
_60215_/CLK                             3.000000   69.803848  -66.803848 (VIOLATED)
_60216_/CLK                             3.000000   69.803848  -66.803848 (VIOLATED)
_60217_/CLK                             3.000000   69.803848  -66.803848 (VIOLATED)
_60218_/CLK                             3.000000   69.803848  -66.803848 (VIOLATED)
_60219_/CLK                             3.000000   69.803848  -66.803848 (VIOLATED)
_60220_/CLK                             3.000000   69.803848  -66.803848 (VIOLATED)
_60221_/CLK                             3.000000   69.803848  -66.803848 (VIOLATED)
_60222_/CLK                             3.000000   69.803848  -66.803848 (VIOLATED)
_60223_/CLK                             3.000000   69.803848  -66.803848 (VIOLATED)
_60224_/CLK                             3.000000   69.803848  -66.803848 (VIOLATED)
_60225_/CLK                             3.000000   69.803848  -66.803848 (VIOLATED)
_60226_/CLK                             3.000000   69.803848  -66.803848 (VIOLATED)
_60227_/CLK                             3.000000   69.803848  -66.803848 (VIOLATED)
_60228_/CLK                             3.000000   69.803848  -66.803848 (VIOLATED)
_60229_/CLK                             3.000000   69.803848  -66.803848 (VIOLATED)
_60230_/CLK                             3.000000   69.803848  -66.803848 (VIOLATED)
_60231_/CLK                             3.000000   69.803848  -66.803848 (VIOLATED)
_60232_/CLK                             3.000000   69.803848  -66.803848 (VIOLATED)
_60233_/CLK                             3.000000   69.803848  -66.803848 (VIOLATED)
_60234_/CLK                             3.000000   69.803848  -66.803848 (VIOLATED)
_60235_/CLK                             3.000000   69.803848  -66.803848 (VIOLATED)
_60236_/CLK                             3.000000   69.803848  -66.803848 (VIOLATED)
_60237_/CLK                             3.000000   69.803848  -66.803848 (VIOLATED)
_60238_/CLK                             3.000000   69.803848  -66.803848 (VIOLATED)
_60239_/CLK                             3.000000   69.803848  -66.803848 (VIOLATED)
_60240_/CLK                             3.000000   69.803848  -66.803848 (VIOLATED)
_60241_/CLK                             3.000000   69.803848  -66.803848 (VIOLATED)
_60242_/CLK                             3.000000   69.803848  -66.803848 (VIOLATED)
_60243_/CLK                             3.000000   69.803848  -66.803848 (VIOLATED)
_60244_/CLK                             3.000000   69.803848  -66.803848 (VIOLATED)
_60245_/CLK                             3.000000   69.803848  -66.803848 (VIOLATED)
_60246_/CLK                             3.000000   69.803848  -66.803848 (VIOLATED)
_60247_/CLK                             3.000000   69.803848  -66.803848 (VIOLATED)
_60248_/CLK                             3.000000   69.803848  -66.803848 (VIOLATED)
_60249_/CLK                             3.000000   69.803848  -66.803848 (VIOLATED)
_60250_/CLK                             3.000000   69.803848  -66.803848 (VIOLATED)
_60251_/CLK                             3.000000   69.803848  -66.803848 (VIOLATED)
_60252_/CLK                             3.000000   69.803848  -66.803848 (VIOLATED)
_60253_/CLK                             3.000000   69.803848  -66.803848 (VIOLATED)
_60254_/CLK                             3.000000   69.803848  -66.803848 (VIOLATED)
_60255_/CLK                             3.000000   69.803848  -66.803848 (VIOLATED)
_60256_/CLK                             3.000000   69.803848  -66.803848 (VIOLATED)
_60257_/CLK                             3.000000   69.803848  -66.803848 (VIOLATED)
_60258_/CLK                             3.000000   69.803848  -66.803848 (VIOLATED)
_60259_/CLK                             3.000000   69.803848  -66.803848 (VIOLATED)
_60260_/CLK                             3.000000   69.803848  -66.803848 (VIOLATED)
_60261_/CLK                             3.000000   69.803848  -66.803848 (VIOLATED)
_60262_/CLK                             3.000000   69.803848  -66.803848 (VIOLATED)
_60263_/CLK                             3.000000   69.803848  -66.803848 (VIOLATED)
_60264_/CLK                             3.000000   69.803848  -66.803848 (VIOLATED)
_60265_/CLK                             3.000000   69.803848  -66.803848 (VIOLATED)
_60266_/CLK                             3.000000   69.803848  -66.803848 (VIOLATED)
_60267_/CLK                             3.000000   69.803848  -66.803848 (VIOLATED)
_60268_/CLK                             3.000000   69.803848  -66.803848 (VIOLATED)
_60269_/CLK                             3.000000   69.803848  -66.803848 (VIOLATED)
_60270_/CLK                             3.000000   69.803848  -66.803848 (VIOLATED)
_60271_/CLK                             3.000000   69.803848  -66.803848 (VIOLATED)
_60272_/CLK                             3.000000   69.803848  -66.803848 (VIOLATED)
_60273_/CLK                             3.000000   69.803848  -66.803848 (VIOLATED)
_60274_/CLK                             3.000000   69.803848  -66.803848 (VIOLATED)
_60275_/CLK                             3.000000   69.803848  -66.803848 (VIOLATED)
_60276_/CLK                             3.000000   69.803848  -66.803848 (VIOLATED)
_60277_/CLK                             3.000000   69.803848  -66.803848 (VIOLATED)
_60278_/CLK                             3.000000   69.803848  -66.803848 (VIOLATED)
_60279_/CLK                             3.000000   69.803848  -66.803848 (VIOLATED)
_60280_/CLK                             3.000000   69.803848  -66.803848 (VIOLATED)
_60281_/CLK                             3.000000   69.803848  -66.803848 (VIOLATED)
_60282_/CLK                             3.000000   69.803848  -66.803848 (VIOLATED)
_60283_/CLK                             3.000000   69.803848  -66.803848 (VIOLATED)
_60284_/CLK                             3.000000   69.803848  -66.803848 (VIOLATED)
_60285_/CLK                             3.000000   69.803848  -66.803848 (VIOLATED)
_60286_/CLK                             3.000000   69.803848  -66.803848 (VIOLATED)
_60287_/CLK                             3.000000   69.803848  -66.803848 (VIOLATED)
_60288_/CLK                             3.000000   69.803848  -66.803848 (VIOLATED)
_60289_/CLK                             3.000000   69.803848  -66.803848 (VIOLATED)
_60290_/CLK                             3.000000   69.803848  -66.803848 (VIOLATED)
_60291_/CLK                             3.000000   69.803848  -66.803848 (VIOLATED)
_60292_/CLK                             3.000000   69.803848  -66.803848 (VIOLATED)
_60293_/CLK                             3.000000   69.803848  -66.803848 (VIOLATED)
_60294_/CLK                             3.000000   69.803848  -66.803848 (VIOLATED)
_60295_/CLK                             3.000000   69.803848  -66.803848 (VIOLATED)
_60296_/CLK                             3.000000   69.803848  -66.803848 (VIOLATED)
_60297_/CLK                             3.000000   69.803848  -66.803848 (VIOLATED)
_60298_/CLK                             3.000000   69.803848  -66.803848 (VIOLATED)
_60299_/CLK                             3.000000   69.803848  -66.803848 (VIOLATED)
_60300_/CLK                             3.000000   69.803848  -66.803848 (VIOLATED)
_60301_/CLK                             3.000000   69.803848  -66.803848 (VIOLATED)
_60302_/CLK                             3.000000   69.803848  -66.803848 (VIOLATED)
_60303_/CLK                             3.000000   69.803848  -66.803848 (VIOLATED)
_60304_/CLK                             3.000000   69.803848  -66.803848 (VIOLATED)
_60305_/CLK                             3.000000   69.803848  -66.803848 (VIOLATED)
_60306_/CLK                             3.000000   69.803848  -66.803848 (VIOLATED)
_60307_/CLK                             3.000000   69.803848  -66.803848 (VIOLATED)
_60308_/CLK                             3.000000   69.803848  -66.803848 (VIOLATED)
_60309_/CLK                             3.000000   69.803848  -66.803848 (VIOLATED)
_60310_/CLK                             3.000000   69.803848  -66.803848 (VIOLATED)
_60311_/CLK                             3.000000   69.803848  -66.803848 (VIOLATED)
_60312_/CLK                             3.000000   69.803848  -66.803848 (VIOLATED)
_60313_/CLK                             3.000000   69.803848  -66.803848 (VIOLATED)
_60314_/CLK                             3.000000   69.803848  -66.803848 (VIOLATED)
_60315_/CLK                             3.000000   69.803848  -66.803848 (VIOLATED)
_60316_/CLK                             3.000000   69.803848  -66.803848 (VIOLATED)
_60317_/CLK                             3.000000   69.803848  -66.803848 (VIOLATED)
_60318_/CLK                             3.000000   69.803848  -66.803848 (VIOLATED)
_60319_/CLK                             3.000000   69.803848  -66.803848 (VIOLATED)
_60320_/CLK                             3.000000   69.803848  -66.803848 (VIOLATED)
_60321_/CLK                             3.000000   69.803848  -66.803848 (VIOLATED)
_60322_/CLK                             3.000000   69.803848  -66.803848 (VIOLATED)
_60323_/CLK                             3.000000   69.803848  -66.803848 (VIOLATED)
_60324_/CLK                             3.000000   69.803848  -66.803848 (VIOLATED)
_60325_/CLK                             3.000000   69.803848  -66.803848 (VIOLATED)
_60326_/CLK                             3.000000   69.803848  -66.803848 (VIOLATED)
_60327_/CLK                             3.000000   69.803848  -66.803848 (VIOLATED)
_60328_/CLK                             3.000000   69.803848  -66.803848 (VIOLATED)
_60329_/CLK                             3.000000   69.803848  -66.803848 (VIOLATED)
_60330_/CLK                             3.000000   69.803848  -66.803848 (VIOLATED)
_60331_/CLK                             3.000000   69.803848  -66.803848 (VIOLATED)
_60332_/CLK                             3.000000   69.803848  -66.803848 (VIOLATED)
_60333_/CLK                             3.000000   69.803848  -66.803848 (VIOLATED)
_60334_/CLK                             3.000000   69.803848  -66.803848 (VIOLATED)
_60335_/CLK                             3.000000   69.803848  -66.803848 (VIOLATED)
_60336_/CLK                             3.000000   69.803848  -66.803848 (VIOLATED)
_60337_/CLK                             3.000000   69.803848  -66.803848 (VIOLATED)
_60338_/CLK                             3.000000   69.803848  -66.803848 (VIOLATED)
_60339_/CLK                             3.000000   69.803848  -66.803848 (VIOLATED)
_60340_/CLK                             3.000000   69.803848  -66.803848 (VIOLATED)
_60341_/CLK                             3.000000   69.803848  -66.803848 (VIOLATED)
_60342_/CLK                             3.000000   69.803848  -66.803848 (VIOLATED)
_60343_/CLK                             3.000000   69.803848  -66.803848 (VIOLATED)
_60344_/CLK                             3.000000   69.803848  -66.803848 (VIOLATED)
_60345_/CLK                             3.000000   69.803848  -66.803848 (VIOLATED)
_60346_/CLK                             3.000000   69.803848  -66.803848 (VIOLATED)
_60347_/CLK                             3.000000   69.803848  -66.803848 (VIOLATED)
_60348_/CLK                             3.000000   69.803848  -66.803848 (VIOLATED)
_60349_/CLK                             3.000000   69.803848  -66.803848 (VIOLATED)
_60350_/CLK                             3.000000   69.803848  -66.803848 (VIOLATED)
_60351_/CLK                             3.000000   69.803848  -66.803848 (VIOLATED)
_60352_/CLK                             3.000000   69.803848  -66.803848 (VIOLATED)
_60353_/CLK                             3.000000   69.803848  -66.803848 (VIOLATED)
_60354_/CLK                             3.000000   69.803848  -66.803848 (VIOLATED)
_60355_/CLK                             3.000000   69.803848  -66.803848 (VIOLATED)
_60356_/CLK                             3.000000   69.803848  -66.803848 (VIOLATED)
_60357_/CLK                             3.000000   69.803848  -66.803848 (VIOLATED)
_60358_/CLK                             3.000000   69.803848  -66.803848 (VIOLATED)
_60359_/CLK                             3.000000   69.803848  -66.803848 (VIOLATED)
_60360_/CLK                             3.000000   69.803848  -66.803848 (VIOLATED)
_60361_/CLK                             3.000000   69.803848  -66.803848 (VIOLATED)
_60362_/CLK                             3.000000   69.803848  -66.803848 (VIOLATED)
_60363_/CLK                             3.000000   69.803848  -66.803848 (VIOLATED)
_60364_/CLK                             3.000000   69.803848  -66.803848 (VIOLATED)
_60365_/CLK                             3.000000   69.803848  -66.803848 (VIOLATED)
_60366_/CLK                             3.000000   69.803848  -66.803848 (VIOLATED)
_60367_/CLK                             3.000000   69.803848  -66.803848 (VIOLATED)
_60368_/CLK                             3.000000   69.803848  -66.803848 (VIOLATED)
_60369_/CLK                             3.000000   69.803848  -66.803848 (VIOLATED)
_60370_/CLK                             3.000000   69.803848  -66.803848 (VIOLATED)
_60371_/CLK                             3.000000   69.803848  -66.803848 (VIOLATED)
_60372_/CLK                             3.000000   69.803848  -66.803848 (VIOLATED)
_60373_/CLK                             3.000000   69.803848  -66.803848 (VIOLATED)
_60374_/CLK                             3.000000   69.803848  -66.803848 (VIOLATED)
_60375_/CLK                             3.000000   69.803848  -66.803848 (VIOLATED)
_60376_/CLK                             3.000000   69.803848  -66.803848 (VIOLATED)
_60377_/CLK                             3.000000   69.803848  -66.803848 (VIOLATED)
_60378_/CLK                             3.000000   69.803848  -66.803848 (VIOLATED)
_60379_/CLK                             3.000000   69.803848  -66.803848 (VIOLATED)
_60380_/CLK                             3.000000   69.803848  -66.803848 (VIOLATED)
_60381_/CLK                             3.000000   69.803848  -66.803848 (VIOLATED)
_60382_/CLK                             3.000000   69.803848  -66.803848 (VIOLATED)
_60383_/CLK                             3.000000   69.803848  -66.803848 (VIOLATED)
_60384_/CLK                             3.000000   69.803848  -66.803848 (VIOLATED)
_60385_/CLK                             3.000000   69.803848  -66.803848 (VIOLATED)
_60386_/CLK                             3.000000   69.803848  -66.803848 (VIOLATED)
_60387_/CLK                             3.000000   69.803848  -66.803848 (VIOLATED)
_60388_/CLK                             3.000000   69.803848  -66.803848 (VIOLATED)
_60389_/CLK                             3.000000   69.803848  -66.803848 (VIOLATED)
_60390_/CLK                             3.000000   69.803848  -66.803848 (VIOLATED)
_60391_/CLK                             3.000000   69.803848  -66.803848 (VIOLATED)
_60392_/CLK                             3.000000   69.803848  -66.803848 (VIOLATED)
_60393_/CLK                             3.000000   69.803848  -66.803848 (VIOLATED)
_60394_/CLK                             3.000000   69.803848  -66.803848 (VIOLATED)
_60395_/CLK                             3.000000   69.803848  -66.803848 (VIOLATED)
_60396_/CLK                             3.000000   69.803848  -66.803848 (VIOLATED)
_60397_/CLK                             3.000000   69.803848  -66.803848 (VIOLATED)
_60398_/CLK                             3.000000   69.803848  -66.803848 (VIOLATED)
_60399_/CLK                             3.000000   69.803848  -66.803848 (VIOLATED)
_60400_/CLK                             3.000000   69.803848  -66.803848 (VIOLATED)
_60401_/CLK                             3.000000   69.803848  -66.803848 (VIOLATED)
_60402_/CLK                             3.000000   69.803848  -66.803848 (VIOLATED)
_60403_/CLK                             3.000000   69.803848  -66.803848 (VIOLATED)
_60404_/CLK                             3.000000   69.803848  -66.803848 (VIOLATED)
_60405_/CLK                             3.000000   69.803848  -66.803848 (VIOLATED)
_60406_/CLK                             3.000000   69.803848  -66.803848 (VIOLATED)
_60407_/CLK                             3.000000   69.803848  -66.803848 (VIOLATED)
_60408_/CLK                             3.000000   69.803848  -66.803848 (VIOLATED)
_60409_/CLK                             3.000000   69.803848  -66.803848 (VIOLATED)
_60410_/CLK                             3.000000   69.803848  -66.803848 (VIOLATED)
_60411_/CLK                             3.000000   69.803848  -66.803848 (VIOLATED)
_60412_/CLK                             3.000000   69.803848  -66.803848 (VIOLATED)
_60413_/CLK                             3.000000   69.803848  -66.803848 (VIOLATED)
_60414_/CLK                             3.000000   69.803848  -66.803848 (VIOLATED)
_60415_/CLK                             3.000000   69.803848  -66.803848 (VIOLATED)
_60416_/CLK                             3.000000   69.803848  -66.803848 (VIOLATED)
_60417_/CLK                             3.000000   69.803848  -66.803848 (VIOLATED)
_60418_/CLK                             3.000000   69.803848  -66.803848 (VIOLATED)
_60419_/CLK                             3.000000   69.803848  -66.803848 (VIOLATED)
_60420_/CLK                             3.000000   69.803848  -66.803848 (VIOLATED)
_60421_/CLK                             3.000000   69.803848  -66.803848 (VIOLATED)
_60422_/CLK                             3.000000   69.803848  -66.803848 (VIOLATED)
_60423_/CLK                             3.000000   69.803848  -66.803848 (VIOLATED)
_60424_/CLK                             3.000000   69.803848  -66.803848 (VIOLATED)
_60425_/CLK                             3.000000   69.803848  -66.803848 (VIOLATED)
_60426_/CLK                             3.000000   69.803848  -66.803848 (VIOLATED)
_60427_/CLK                             3.000000   69.803848  -66.803848 (VIOLATED)
_60428_/CLK                             3.000000   69.803848  -66.803848 (VIOLATED)
_60429_/CLK                             3.000000   69.803848  -66.803848 (VIOLATED)
_60430_/CLK                             3.000000   69.803848  -66.803848 (VIOLATED)
_60431_/CLK                             3.000000   69.803848  -66.803848 (VIOLATED)
_60432_/CLK                             3.000000   69.803848  -66.803848 (VIOLATED)
_60433_/CLK                             3.000000   69.803848  -66.803848 (VIOLATED)
_60434_/CLK                             3.000000   69.803848  -66.803848 (VIOLATED)
_60435_/CLK                             3.000000   69.803848  -66.803848 (VIOLATED)
_60436_/CLK                             3.000000   69.803848  -66.803848 (VIOLATED)
_60437_/CLK                             3.000000   69.803848  -66.803848 (VIOLATED)
_60438_/CLK                             3.000000   69.803848  -66.803848 (VIOLATED)
_60439_/CLK                             3.000000   69.803848  -66.803848 (VIOLATED)
_60440_/CLK                             3.000000   69.803848  -66.803848 (VIOLATED)
_60441_/CLK                             3.000000   69.803848  -66.803848 (VIOLATED)
_60442_/CLK                             3.000000   69.803848  -66.803848 (VIOLATED)
_60443_/CLK                             3.000000   69.803848  -66.803848 (VIOLATED)
_60444_/CLK                             3.000000   69.803848  -66.803848 (VIOLATED)
_60445_/CLK                             3.000000   69.803848  -66.803848 (VIOLATED)
_60446_/CLK                             3.000000   69.803848  -66.803848 (VIOLATED)
_60447_/CLK                             3.000000   69.803848  -66.803848 (VIOLATED)
_60448_/CLK                             3.000000   69.803848  -66.803848 (VIOLATED)
_60449_/CLK                             3.000000   69.803848  -66.803848 (VIOLATED)
_60450_/CLK                             3.000000   69.803848  -66.803848 (VIOLATED)
_60451_/CLK                             3.000000   69.803848  -66.803848 (VIOLATED)
_60452_/CLK                             3.000000   69.803848  -66.803848 (VIOLATED)
_60453_/CLK                             3.000000   69.803848  -66.803848 (VIOLATED)
_60454_/CLK                             3.000000   69.803848  -66.803848 (VIOLATED)
_60455_/CLK                             3.000000   69.803848  -66.803848 (VIOLATED)
_60456_/CLK                             3.000000   69.803848  -66.803848 (VIOLATED)
_60457_/CLK                             3.000000   69.803848  -66.803848 (VIOLATED)
_60458_/CLK                             3.000000   69.803848  -66.803848 (VIOLATED)
_60459_/CLK                             3.000000   69.803848  -66.803848 (VIOLATED)
_60460_/CLK                             3.000000   69.803848  -66.803848 (VIOLATED)
_60461_/CLK                             3.000000   69.803848  -66.803848 (VIOLATED)
_60462_/CLK                             3.000000   69.803848  -66.803848 (VIOLATED)
_60463_/CLK                             3.000000   69.803848  -66.803848 (VIOLATED)
_60464_/CLK                             3.000000   69.803848  -66.803848 (VIOLATED)
_60465_/CLK                             3.000000   69.803848  -66.803848 (VIOLATED)
_60466_/CLK                             3.000000   69.803848  -66.803848 (VIOLATED)
_60467_/CLK                             3.000000   69.803848  -66.803848 (VIOLATED)
_60468_/CLK                             3.000000   69.803848  -66.803848 (VIOLATED)
_60469_/CLK                             3.000000   69.803848  -66.803848 (VIOLATED)
_60470_/CLK                             3.000000   69.803848  -66.803848 (VIOLATED)
_60471_/CLK                             3.000000   69.803848  -66.803848 (VIOLATED)
_60472_/CLK                             3.000000   69.803848  -66.803848 (VIOLATED)
_60473_/CLK                             3.000000   69.803848  -66.803848 (VIOLATED)
_60474_/CLK                             3.000000   69.803848  -66.803848 (VIOLATED)
_60475_/CLK                             3.000000   69.803848  -66.803848 (VIOLATED)
_60476_/CLK                             3.000000   69.803848  -66.803848 (VIOLATED)
_60477_/CLK                             3.000000   69.803848  -66.803848 (VIOLATED)
_60478_/CLK                             3.000000   69.803848  -66.803848 (VIOLATED)
_60479_/CLK                             3.000000   69.803848  -66.803848 (VIOLATED)
_60480_/CLK                             3.000000   69.803848  -66.803848 (VIOLATED)
_60481_/CLK                             3.000000   69.803848  -66.803848 (VIOLATED)
_60482_/CLK                             3.000000   69.803848  -66.803848 (VIOLATED)
_60483_/CLK                             3.000000   69.803848  -66.803848 (VIOLATED)
_60484_/CLK                             3.000000   69.803848  -66.803848 (VIOLATED)
_60485_/CLK                             3.000000   69.803848  -66.803848 (VIOLATED)
_60486_/CLK                             3.000000   69.803848  -66.803848 (VIOLATED)
_60487_/CLK                             3.000000   69.803848  -66.803848 (VIOLATED)
_60488_/CLK                             3.000000   69.803848  -66.803848 (VIOLATED)
_60489_/CLK                             3.000000   69.803848  -66.803848 (VIOLATED)
_60490_/CLK                             3.000000   69.803848  -66.803848 (VIOLATED)
_60491_/CLK                             3.000000   69.803848  -66.803848 (VIOLATED)
_60492_/CLK                             3.000000   69.803848  -66.803848 (VIOLATED)
_60493_/CLK                             3.000000   69.803848  -66.803848 (VIOLATED)
_60494_/CLK                             3.000000   69.803848  -66.803848 (VIOLATED)
_60495_/CLK                             3.000000   69.803848  -66.803848 (VIOLATED)
_60496_/CLK                             3.000000   69.803848  -66.803848 (VIOLATED)
_60497_/CLK                             3.000000   69.803848  -66.803848 (VIOLATED)
_60498_/CLK                             3.000000   69.803848  -66.803848 (VIOLATED)
_60499_/CLK                             3.000000   69.803848  -66.803848 (VIOLATED)
_60500_/CLK                             3.000000   69.803848  -66.803848 (VIOLATED)
_60501_/CLK                             3.000000   69.803848  -66.803848 (VIOLATED)
_60502_/CLK                             3.000000   69.803848  -66.803848 (VIOLATED)
_60503_/CLK                             3.000000   69.803848  -66.803848 (VIOLATED)
_60504_/CLK                             3.000000   69.803848  -66.803848 (VIOLATED)
_60505_/CLK                             3.000000   69.803848  -66.803848 (VIOLATED)
_60506_/CLK                             3.000000   69.803848  -66.803848 (VIOLATED)
_60507_/CLK                             3.000000   69.803848  -66.803848 (VIOLATED)
_60508_/CLK                             3.000000   69.803848  -66.803848 (VIOLATED)
_60509_/CLK                             3.000000   69.803848  -66.803848 (VIOLATED)
_60510_/CLK                             3.000000   69.803848  -66.803848 (VIOLATED)
_60511_/CLK                             3.000000   69.803848  -66.803848 (VIOLATED)
_60512_/CLK                             3.000000   69.803848  -66.803848 (VIOLATED)
_60513_/CLK                             3.000000   69.803848  -66.803848 (VIOLATED)
_60514_/CLK                             3.000000   69.803848  -66.803848 (VIOLATED)
_60515_/CLK                             3.000000   69.803848  -66.803848 (VIOLATED)
_60516_/CLK                             3.000000   69.803848  -66.803848 (VIOLATED)
_60517_/CLK                             3.000000   69.803848  -66.803848 (VIOLATED)
_60518_/CLK                             3.000000   69.803848  -66.803848 (VIOLATED)
_60519_/CLK                             3.000000   69.803848  -66.803848 (VIOLATED)
_60520_/CLK                             3.000000   69.803848  -66.803848 (VIOLATED)
_60521_/CLK                             3.000000   69.803848  -66.803848 (VIOLATED)
_60522_/CLK                             3.000000   69.803848  -66.803848 (VIOLATED)
_60523_/CLK                             3.000000   69.803848  -66.803848 (VIOLATED)
_60524_/CLK                             3.000000   69.803848  -66.803848 (VIOLATED)
_60525_/CLK                             3.000000   69.803848  -66.803848 (VIOLATED)
_60526_/CLK                             3.000000   69.803848  -66.803848 (VIOLATED)
_60527_/CLK                             3.000000   69.803848  -66.803848 (VIOLATED)
_60528_/CLK                             3.000000   69.803848  -66.803848 (VIOLATED)
_60529_/CLK                             3.000000   69.803848  -66.803848 (VIOLATED)
_60530_/CLK                             3.000000   69.803848  -66.803848 (VIOLATED)
_60531_/CLK                             3.000000   69.803848  -66.803848 (VIOLATED)
_60532_/CLK                             3.000000   69.803848  -66.803848 (VIOLATED)
_60533_/CLK                             3.000000   69.803848  -66.803848 (VIOLATED)
_60534_/CLK                             3.000000   69.803848  -66.803848 (VIOLATED)
_60535_/CLK                             3.000000   69.803848  -66.803848 (VIOLATED)
_60536_/CLK                             3.000000   69.803848  -66.803848 (VIOLATED)
_61496_/CLK                             3.000000   69.803848  -66.803848 (VIOLATED)
_61497_/CLK                             3.000000   69.803848  -66.803848 (VIOLATED)
_61498_/CLK                             3.000000   69.803848  -66.803848 (VIOLATED)
_61499_/CLK                             3.000000   69.803848  -66.803848 (VIOLATED)
_61500_/CLK                             3.000000   69.803848  -66.803848 (VIOLATED)
_61885_/CLK                             3.000000   69.803848  -66.803848 (VIOLATED)
_61922_/CLK                             3.000000   69.803848  -66.803848 (VIOLATED)
_61923_/CLK                             3.000000   69.803848  -66.803848 (VIOLATED)
_61924_/CLK                             3.000000   69.803848  -66.803848 (VIOLATED)
_61925_/CLK                             3.000000   69.803848  -66.803848 (VIOLATED)
_61926_/CLK                             3.000000   69.803848  -66.803848 (VIOLATED)
_61927_/CLK                             3.000000   69.803848  -66.803848 (VIOLATED)
_61928_/CLK                             3.000000   69.803848  -66.803848 (VIOLATED)
_61929_/CLK                             3.000000   69.803848  -66.803848 (VIOLATED)
_61930_/CLK                             3.000000   69.803848  -66.803848 (VIOLATED)
_61931_/CLK                             3.000000   69.803848  -66.803848 (VIOLATED)
_61932_/CLK                             3.000000   69.803848  -66.803848 (VIOLATED)
_61933_/CLK                             3.000000   69.803848  -66.803848 (VIOLATED)
_61934_/CLK                             3.000000   69.803848  -66.803848 (VIOLATED)
_61935_/CLK                             3.000000   69.803848  -66.803848 (VIOLATED)
_61936_/CLK                             3.000000   69.803848  -66.803848 (VIOLATED)
_61937_/CLK                             3.000000   69.803848  -66.803848 (VIOLATED)
_61938_/CLK                             3.000000   69.803848  -66.803848 (VIOLATED)
_61939_/CLK                             3.000000   69.803848  -66.803848 (VIOLATED)
_61940_/CLK                             3.000000   69.803848  -66.803848 (VIOLATED)
_61941_/CLK                             3.000000   69.803848  -66.803848 (VIOLATED)
_61942_/CLK                             3.000000   69.803848  -66.803848 (VIOLATED)
_61943_/CLK                             3.000000   69.803848  -66.803848 (VIOLATED)
_61944_/CLK                             3.000000   69.803848  -66.803848 (VIOLATED)
_61945_/CLK                             3.000000   69.803848  -66.803848 (VIOLATED)
_61946_/CLK                             3.000000   69.803848  -66.803848 (VIOLATED)
_61947_/CLK                             3.000000   69.803848  -66.803848 (VIOLATED)
_61948_/CLK                             3.000000   69.803848  -66.803848 (VIOLATED)
_61949_/CLK                             3.000000   69.803848  -66.803848 (VIOLATED)
_61950_/CLK                             3.000000   69.803848  -66.803848 (VIOLATED)
_61951_/CLK                             3.000000   69.803848  -66.803848 (VIOLATED)
_61952_/CLK                             3.000000   69.803848  -66.803848 (VIOLATED)
_61953_/CLK                             3.000000   69.803848  -66.803848 (VIOLATED)
i_core_v_mini_mcu.memory_subsystem_i.gen_sram[0].clk_gating_cell_i.u_icg/Q    3.000000   69.803596  -66.803604 (VIOLATED)
_47841_/A4                              3.000000   68.021904  -65.021912 (VIOLATED)
_57063_/SETN                            3.000000   68.021904  -65.021912 (VIOLATED)
_57064_/SETN                            3.000000   68.021904  -65.021912 (VIOLATED)
_57065_/SETN                            3.000000   68.021904  -65.021912 (VIOLATED)
_57066_/SETN                            3.000000   68.021904  -65.021912 (VIOLATED)
_57067_/SETN                            3.000000   68.021904  -65.021912 (VIOLATED)
_57068_/SETN                            3.000000   68.021904  -65.021912 (VIOLATED)
_57069_/SETN                            3.000000   68.021904  -65.021912 (VIOLATED)
_57070_/SETN                            3.000000   68.021904  -65.021912 (VIOLATED)
_57071_/SETN                            3.000000   68.021904  -65.021912 (VIOLATED)
_57072_/SETN                            3.000000   68.021904  -65.021912 (VIOLATED)
_60836_/Q                               3.000000   68.021904  -65.021912 (VIOLATED)
_61501_/RN                              3.000000   68.021904  -65.021912 (VIOLATED)
_61502_/RN                              3.000000   68.021904  -65.021912 (VIOLATED)
_61503_/RN                              3.000000   68.021904  -65.021912 (VIOLATED)
_61504_/RN                              3.000000   68.021904  -65.021912 (VIOLATED)
_61505_/RN                              3.000000   68.021904  -65.021912 (VIOLATED)
_61506_/RN                              3.000000   68.021904  -65.021912 (VIOLATED)
_61507_/RN                              3.000000   68.021904  -65.021912 (VIOLATED)
_61508_/RN                              3.000000   68.021904  -65.021912 (VIOLATED)
_61509_/RN                              3.000000   68.021904  -65.021912 (VIOLATED)
_61510_/RN                              3.000000   68.021904  -65.021912 (VIOLATED)
_61511_/RN                              3.000000   68.021904  -65.021912 (VIOLATED)
_61512_/RN                              3.000000   68.021904  -65.021912 (VIOLATED)
_61513_/RN                              3.000000   68.021904  -65.021912 (VIOLATED)
_61514_/RN                              3.000000   68.021904  -65.021912 (VIOLATED)
_61515_/RN                              3.000000   68.021904  -65.021912 (VIOLATED)
_61516_/RN                              3.000000   68.021904  -65.021912 (VIOLATED)
_61517_/RN                              3.000000   68.021904  -65.021912 (VIOLATED)
_61518_/RN                              3.000000   68.021904  -65.021912 (VIOLATED)
_61519_/RN                              3.000000   68.021904  -65.021912 (VIOLATED)
_61520_/RN                              3.000000   68.021904  -65.021912 (VIOLATED)
_61521_/RN                              3.000000   68.021904  -65.021912 (VIOLATED)
_61522_/RN                              3.000000   68.021904  -65.021912 (VIOLATED)
_61523_/RN                              3.000000   68.021904  -65.021912 (VIOLATED)
_61524_/RN                              3.000000   68.021904  -65.021912 (VIOLATED)
_61525_/RN                              3.000000   68.021904  -65.021912 (VIOLATED)
_61526_/RN                              3.000000   68.021904  -65.021912 (VIOLATED)
_61527_/RN                              3.000000   68.021904  -65.021912 (VIOLATED)
_61528_/RN                              3.000000   68.021904  -65.021912 (VIOLATED)
_61529_/RN                              3.000000   68.021904  -65.021912 (VIOLATED)
_61530_/RN                              3.000000   68.021904  -65.021912 (VIOLATED)
_61531_/RN                              3.000000   68.021904  -65.021912 (VIOLATED)
_61532_/RN                              3.000000   68.021904  -65.021912 (VIOLATED)
_61533_/RN                              3.000000   68.021904  -65.021912 (VIOLATED)
_61534_/RN                              3.000000   68.021904  -65.021912 (VIOLATED)
_61535_/RN                              3.000000   68.021904  -65.021912 (VIOLATED)
_61536_/RN                              3.000000   68.021904  -65.021912 (VIOLATED)
_61537_/RN                              3.000000   68.021904  -65.021912 (VIOLATED)
_61538_/RN                              3.000000   68.021904  -65.021912 (VIOLATED)
_61539_/RN                              3.000000   68.021904  -65.021912 (VIOLATED)
_61540_/RN                              3.000000   68.021904  -65.021912 (VIOLATED)
_61541_/RN                              3.000000   68.021904  -65.021912 (VIOLATED)
_61542_/RN                              3.000000   68.021904  -65.021912 (VIOLATED)
_61543_/RN                              3.000000   68.021904  -65.021912 (VIOLATED)
_61544_/RN                              3.000000   68.021904  -65.021912 (VIOLATED)
_61545_/RN                              3.000000   68.021904  -65.021912 (VIOLATED)
_61546_/RN                              3.000000   68.021904  -65.021912 (VIOLATED)
_61547_/RN                              3.000000   68.021904  -65.021912 (VIOLATED)
_61548_/RN                              3.000000   68.021904  -65.021912 (VIOLATED)
_61549_/RN                              3.000000   68.021904  -65.021912 (VIOLATED)
_61550_/RN                              3.000000   68.021904  -65.021912 (VIOLATED)
_61551_/RN                              3.000000   68.021904  -65.021912 (VIOLATED)
_61552_/RN                              3.000000   68.021904  -65.021912 (VIOLATED)
_61553_/RN                              3.000000   68.021904  -65.021912 (VIOLATED)
_61554_/RN                              3.000000   68.021904  -65.021912 (VIOLATED)
_61555_/RN                              3.000000   68.021904  -65.021912 (VIOLATED)
_61556_/RN                              3.000000   68.021904  -65.021912 (VIOLATED)
_61557_/RN                              3.000000   68.021904  -65.021912 (VIOLATED)
_61558_/RN                              3.000000   68.021904  -65.021912 (VIOLATED)
_61559_/RN                              3.000000   68.021904  -65.021912 (VIOLATED)
_61560_/RN                              3.000000   68.021904  -65.021912 (VIOLATED)
_61561_/RN                              3.000000   68.021904  -65.021912 (VIOLATED)
_61562_/RN                              3.000000   68.021904  -65.021912 (VIOLATED)
_61563_/RN                              3.000000   68.021904  -65.021912 (VIOLATED)
_61564_/RN                              3.000000   68.021904  -65.021912 (VIOLATED)
_61565_/RN                              3.000000   68.021904  -65.021912 (VIOLATED)
_61566_/RN                              3.000000   68.021904  -65.021912 (VIOLATED)
_61567_/RN                              3.000000   68.021904  -65.021912 (VIOLATED)
_61568_/RN                              3.000000   68.021904  -65.021912 (VIOLATED)
_61569_/RN                              3.000000   68.021904  -65.021912 (VIOLATED)
_61570_/RN                              3.000000   68.021904  -65.021912 (VIOLATED)
_61571_/RN                              3.000000   68.021904  -65.021912 (VIOLATED)
_61572_/RN                              3.000000   68.021904  -65.021912 (VIOLATED)
_61573_/RN                              3.000000   68.021904  -65.021912 (VIOLATED)
_61574_/RN                              3.000000   68.021904  -65.021912 (VIOLATED)
_61575_/RN                              3.000000   68.021904  -65.021912 (VIOLATED)
_61576_/RN                              3.000000   68.021904  -65.021912 (VIOLATED)
_61577_/RN                              3.000000   68.021904  -65.021912 (VIOLATED)
_61578_/RN                              3.000000   68.021904  -65.021912 (VIOLATED)
_61579_/RN                              3.000000   68.021904  -65.021912 (VIOLATED)
_61580_/RN                              3.000000   68.021904  -65.021912 (VIOLATED)
_61581_/RN                              3.000000   68.021904  -65.021912 (VIOLATED)
_61582_/RN                              3.000000   68.021904  -65.021912 (VIOLATED)
_61583_/RN                              3.000000   68.021904  -65.021912 (VIOLATED)
_61584_/RN                              3.000000   68.021904  -65.021912 (VIOLATED)
_61585_/RN                              3.000000   68.021904  -65.021912 (VIOLATED)
_61586_/RN                              3.000000   68.021904  -65.021912 (VIOLATED)
_61587_/RN                              3.000000   68.021904  -65.021912 (VIOLATED)
_61588_/RN                              3.000000   68.021904  -65.021912 (VIOLATED)
_61589_/RN                              3.000000   68.021904  -65.021912 (VIOLATED)
_61590_/RN                              3.000000   68.021904  -65.021912 (VIOLATED)
_61591_/RN                              3.000000   68.021904  -65.021912 (VIOLATED)
_61592_/RN                              3.000000   68.021904  -65.021912 (VIOLATED)
_61593_/RN                              3.000000   68.021904  -65.021912 (VIOLATED)
_61594_/RN                              3.000000   68.021904  -65.021912 (VIOLATED)
_61595_/RN                              3.000000   68.021904  -65.021912 (VIOLATED)
_61596_/RN                              3.000000   68.021904  -65.021912 (VIOLATED)
_61597_/RN                              3.000000   68.021904  -65.021912 (VIOLATED)
_61598_/RN                              3.000000   68.021904  -65.021912 (VIOLATED)
_61599_/RN                              3.000000   68.021904  -65.021912 (VIOLATED)
_61600_/RN                              3.000000   68.021904  -65.021912 (VIOLATED)
_61601_/RN                              3.000000   68.021904  -65.021912 (VIOLATED)
_61602_/RN                              3.000000   68.021904  -65.021912 (VIOLATED)
_61603_/RN                              3.000000   68.021904  -65.021912 (VIOLATED)
_61604_/RN                              3.000000   68.021904  -65.021912 (VIOLATED)
_61605_/RN                              3.000000   68.021904  -65.021912 (VIOLATED)
_61606_/RN                              3.000000   68.021904  -65.021912 (VIOLATED)
_61607_/RN                              3.000000   68.021904  -65.021912 (VIOLATED)
_61608_/RN                              3.000000   68.021904  -65.021912 (VIOLATED)
_61609_/RN                              3.000000   68.021904  -65.021912 (VIOLATED)
_61610_/RN                              3.000000   68.021904  -65.021912 (VIOLATED)
_61611_/RN                              3.000000   68.021904  -65.021912 (VIOLATED)
_61612_/RN                              3.000000   68.021904  -65.021912 (VIOLATED)
_61613_/RN                              3.000000   68.021904  -65.021912 (VIOLATED)
_61614_/RN                              3.000000   68.021904  -65.021912 (VIOLATED)
_61615_/RN                              3.000000   68.021904  -65.021912 (VIOLATED)
_61616_/RN                              3.000000   68.021904  -65.021912 (VIOLATED)
_61617_/RN                              3.000000   68.021904  -65.021912 (VIOLATED)
_61618_/RN                              3.000000   68.021904  -65.021912 (VIOLATED)
_61619_/RN                              3.000000   68.021904  -65.021912 (VIOLATED)
_61620_/RN                              3.000000   68.021904  -65.021912 (VIOLATED)
_61621_/RN                              3.000000   68.021904  -65.021912 (VIOLATED)
_61622_/RN                              3.000000   68.021904  -65.021912 (VIOLATED)
_61623_/RN                              3.000000   68.021904  -65.021912 (VIOLATED)
_61624_/RN                              3.000000   68.021904  -65.021912 (VIOLATED)
_61625_/RN                              3.000000   68.021904  -65.021912 (VIOLATED)
_61626_/RN                              3.000000   68.021904  -65.021912 (VIOLATED)
_61627_/RN                              3.000000   68.021904  -65.021912 (VIOLATED)
_61628_/RN                              3.000000   68.021904  -65.021912 (VIOLATED)
_61629_/RN                              3.000000   68.021904  -65.021912 (VIOLATED)
_61630_/RN                              3.000000   68.021904  -65.021912 (VIOLATED)
_61631_/RN                              3.000000   68.021904  -65.021912 (VIOLATED)
_61632_/RN                              3.000000   68.021904  -65.021912 (VIOLATED)
_61633_/RN                              3.000000   68.021904  -65.021912 (VIOLATED)
_61634_/RN                              3.000000   68.021904  -65.021912 (VIOLATED)
_61635_/RN                              3.000000   68.021904  -65.021912 (VIOLATED)
_61636_/RN                              3.000000   68.021904  -65.021912 (VIOLATED)
_61637_/RN                              3.000000   68.021904  -65.021912 (VIOLATED)
_61638_/RN                              3.000000   68.021904  -65.021912 (VIOLATED)
_61639_/RN                              3.000000   68.021904  -65.021912 (VIOLATED)
_61640_/RN                              3.000000   68.021904  -65.021912 (VIOLATED)
_61641_/RN                              3.000000   68.021904  -65.021912 (VIOLATED)
_61642_/RN                              3.000000   68.021904  -65.021912 (VIOLATED)
_61643_/RN                              3.000000   68.021904  -65.021912 (VIOLATED)
_61644_/RN                              3.000000   68.021904  -65.021912 (VIOLATED)
_61645_/RN                              3.000000   68.021904  -65.021912 (VIOLATED)
_61646_/RN                              3.000000   68.021904  -65.021912 (VIOLATED)
_61647_/RN                              3.000000   68.021904  -65.021912 (VIOLATED)
_61648_/RN                              3.000000   68.021904  -65.021912 (VIOLATED)
_61649_/RN                              3.000000   68.021904  -65.021912 (VIOLATED)
_61650_/RN                              3.000000   68.021904  -65.021912 (VIOLATED)
_61651_/RN                              3.000000   68.021904  -65.021912 (VIOLATED)
_61652_/RN                              3.000000   68.021904  -65.021912 (VIOLATED)
_61653_/RN                              3.000000   68.021904  -65.021912 (VIOLATED)
_61654_/RN                              3.000000   68.021904  -65.021912 (VIOLATED)
_61655_/RN                              3.000000   68.021904  -65.021912 (VIOLATED)
_61656_/RN                              3.000000   68.021904  -65.021912 (VIOLATED)
_61657_/RN                              3.000000   68.021904  -65.021912 (VIOLATED)
_61658_/RN                              3.000000   68.021904  -65.021912 (VIOLATED)
_61659_/RN                              3.000000   68.021904  -65.021912 (VIOLATED)
_61660_/RN                              3.000000   68.021904  -65.021912 (VIOLATED)
_61661_/RN                              3.000000   68.021904  -65.021912 (VIOLATED)
_61662_/RN                              3.000000   68.021904  -65.021912 (VIOLATED)
_61663_/RN                              3.000000   68.021904  -65.021912 (VIOLATED)
_61664_/RN                              3.000000   68.021904  -65.021912 (VIOLATED)
_61665_/RN                              3.000000   68.021904  -65.021912 (VIOLATED)
_61666_/RN                              3.000000   68.021904  -65.021912 (VIOLATED)
_61667_/RN                              3.000000   68.021904  -65.021912 (VIOLATED)
_61668_/RN                              3.000000   68.021904  -65.021912 (VIOLATED)
_61669_/RN                              3.000000   68.021904  -65.021912 (VIOLATED)
_61670_/RN                              3.000000   68.021904  -65.021912 (VIOLATED)
_61671_/RN                              3.000000   68.021904  -65.021912 (VIOLATED)
_61672_/RN                              3.000000   68.021904  -65.021912 (VIOLATED)
_61673_/RN                              3.000000   68.021904  -65.021912 (VIOLATED)
_61674_/RN                              3.000000   68.021904  -65.021912 (VIOLATED)
_61675_/RN                              3.000000   68.021904  -65.021912 (VIOLATED)
_61676_/RN                              3.000000   68.021904  -65.021912 (VIOLATED)
_61677_/RN                              3.000000   68.021904  -65.021912 (VIOLATED)
_61678_/RN                              3.000000   68.021904  -65.021912 (VIOLATED)
_61679_/RN                              3.000000   68.021904  -65.021912 (VIOLATED)
_61680_/RN                              3.000000   68.021904  -65.021912 (VIOLATED)
_61681_/RN                              3.000000   68.021904  -65.021912 (VIOLATED)
_61682_/RN                              3.000000   68.021904  -65.021912 (VIOLATED)
_61683_/RN                              3.000000   68.021904  -65.021912 (VIOLATED)
_61684_/RN                              3.000000   68.021904  -65.021912 (VIOLATED)
_61685_/RN                              3.000000   68.021904  -65.021912 (VIOLATED)
_61686_/RN                              3.000000   68.021904  -65.021912 (VIOLATED)
_61687_/RN                              3.000000   68.021904  -65.021912 (VIOLATED)
_61688_/RN                              3.000000   68.021904  -65.021912 (VIOLATED)
_61689_/RN                              3.000000   68.021904  -65.021912 (VIOLATED)
_61690_/RN                              3.000000   68.021904  -65.021912 (VIOLATED)
_61691_/RN                              3.000000   68.021904  -65.021912 (VIOLATED)
_61692_/RN                              3.000000   68.021904  -65.021912 (VIOLATED)
_61693_/RN                              3.000000   68.021904  -65.021912 (VIOLATED)
_61694_/RN                              3.000000   68.021904  -65.021912 (VIOLATED)
_61695_/RN                              3.000000   68.021904  -65.021912 (VIOLATED)
_61696_/RN                              3.000000   68.021904  -65.021912 (VIOLATED)
_61697_/RN                              3.000000   68.021904  -65.021912 (VIOLATED)
_61698_/RN                              3.000000   68.021904  -65.021912 (VIOLATED)
_61699_/RN                              3.000000   68.021904  -65.021912 (VIOLATED)
_61700_/RN                              3.000000   68.021904  -65.021912 (VIOLATED)
_61701_/RN                              3.000000   68.021904  -65.021912 (VIOLATED)
_61702_/RN                              3.000000   68.021904  -65.021912 (VIOLATED)
_61703_/RN                              3.000000   68.021904  -65.021912 (VIOLATED)
_61704_/RN                              3.000000   68.021904  -65.021912 (VIOLATED)
_61705_/RN                              3.000000   68.021904  -65.021912 (VIOLATED)
_61706_/RN                              3.000000   68.021904  -65.021912 (VIOLATED)
_61707_/RN                              3.000000   68.021904  -65.021912 (VIOLATED)
_61708_/RN                              3.000000   68.021904  -65.021912 (VIOLATED)
_61709_/RN                              3.000000   68.021904  -65.021912 (VIOLATED)
_61710_/RN                              3.000000   68.021904  -65.021912 (VIOLATED)
_61711_/RN                              3.000000   68.021904  -65.021912 (VIOLATED)
_61712_/RN                              3.000000   68.021904  -65.021912 (VIOLATED)
_61713_/RN                              3.000000   68.021904  -65.021912 (VIOLATED)
_61714_/RN                              3.000000   68.021904  -65.021912 (VIOLATED)
_61715_/RN                              3.000000   68.021904  -65.021912 (VIOLATED)
_61716_/RN                              3.000000   68.021904  -65.021912 (VIOLATED)
_61717_/RN                              3.000000   68.021904  -65.021912 (VIOLATED)
_61718_/RN                              3.000000   68.021904  -65.021912 (VIOLATED)
_61719_/RN                              3.000000   68.021904  -65.021912 (VIOLATED)
_61720_/RN                              3.000000   68.021904  -65.021912 (VIOLATED)
_61721_/RN                              3.000000   68.021904  -65.021912 (VIOLATED)
_61722_/RN                              3.000000   68.021904  -65.021912 (VIOLATED)
_61723_/RN                              3.000000   68.021904  -65.021912 (VIOLATED)
_61724_/RN                              3.000000   68.021904  -65.021912 (VIOLATED)
_61725_/RN                              3.000000   68.021904  -65.021912 (VIOLATED)
_61726_/RN                              3.000000   68.021904  -65.021912 (VIOLATED)
_61727_/RN                              3.000000   68.021904  -65.021912 (VIOLATED)
_61728_/RN                              3.000000   68.021904  -65.021912 (VIOLATED)
_61729_/RN                              3.000000   68.021904  -65.021912 (VIOLATED)
_61730_/RN                              3.000000   68.021904  -65.021912 (VIOLATED)
_61731_/RN                              3.000000   68.021904  -65.021912 (VIOLATED)
_61732_/RN                              3.000000   68.021904  -65.021912 (VIOLATED)
_61733_/RN                              3.000000   68.021904  -65.021912 (VIOLATED)
_61734_/RN                              3.000000   68.021904  -65.021912 (VIOLATED)
_61735_/RN                              3.000000   68.021904  -65.021912 (VIOLATED)
_61736_/RN                              3.000000   68.021904  -65.021912 (VIOLATED)
_61737_/RN                              3.000000   68.021904  -65.021912 (VIOLATED)
_61738_/RN                              3.000000   68.021904  -65.021912 (VIOLATED)
_61739_/RN                              3.000000   68.021904  -65.021912 (VIOLATED)
_61740_/RN                              3.000000   68.021904  -65.021912 (VIOLATED)
_61741_/RN                              3.000000   68.021904  -65.021912 (VIOLATED)
_61742_/RN                              3.000000   68.021904  -65.021912 (VIOLATED)
_61743_/RN                              3.000000   68.021904  -65.021912 (VIOLATED)
_61744_/RN                              3.000000   68.021904  -65.021912 (VIOLATED)
_61745_/SETN                            3.000000   68.021904  -65.021912 (VIOLATED)
_61746_/RN                              3.000000   68.021904  -65.021912 (VIOLATED)
_61747_/RN                              3.000000   68.021904  -65.021912 (VIOLATED)
_61748_/RN                              3.000000   68.021904  -65.021912 (VIOLATED)
_61749_/RN                              3.000000   68.021904  -65.021912 (VIOLATED)
_61750_/RN                              3.000000   68.021904  -65.021912 (VIOLATED)
_61751_/RN                              3.000000   68.021904  -65.021912 (VIOLATED)
_61752_/RN                              3.000000   68.021904  -65.021912 (VIOLATED)
_61753_/RN                              3.000000   68.021904  -65.021912 (VIOLATED)
_61754_/RN                              3.000000   68.021904  -65.021912 (VIOLATED)
_61755_/RN                              3.000000   68.021904  -65.021912 (VIOLATED)
_61756_/RN                              3.000000   68.021904  -65.021912 (VIOLATED)
_61757_/RN                              3.000000   68.021904  -65.021912 (VIOLATED)
_61758_/RN                              3.000000   68.021904  -65.021912 (VIOLATED)
_61759_/RN                              3.000000   68.021904  -65.021912 (VIOLATED)
_61760_/RN                              3.000000   68.021904  -65.021912 (VIOLATED)
_61761_/RN                              3.000000   68.021904  -65.021912 (VIOLATED)
_61762_/RN                              3.000000   68.021904  -65.021912 (VIOLATED)
_61763_/RN                              3.000000   68.021904  -65.021912 (VIOLATED)
_61764_/SETN                            3.000000   68.021904  -65.021912 (VIOLATED)
_61858_/RN                              3.000000   68.021904  -65.021912 (VIOLATED)
_61859_/RN                              3.000000   68.021904  -65.021912 (VIOLATED)
_61860_/RN                              3.000000   68.021904  -65.021912 (VIOLATED)
_62036_/D                               3.000000   68.021904  -65.021912 (VIOLATED)
_62144_/RN                              3.000000   68.021904  -65.021912 (VIOLATED)
_62145_/RN                              3.000000   68.021904  -65.021912 (VIOLATED)
_62146_/RN                              3.000000   68.021904  -65.021912 (VIOLATED)
_62147_/RN                              3.000000   68.021904  -65.021912 (VIOLATED)
_62148_/RN                              3.000000   68.021904  -65.021912 (VIOLATED)
_62149_/RN                              3.000000   68.021904  -65.021912 (VIOLATED)
_62150_/RN                              3.000000   68.021904  -65.021912 (VIOLATED)
_62151_/RN                              3.000000   68.021904  -65.021912 (VIOLATED)
_62152_/RN                              3.000000   68.021904  -65.021912 (VIOLATED)
_62153_/RN                              3.000000   68.021904  -65.021912 (VIOLATED)
_62154_/RN                              3.000000   68.021904  -65.021912 (VIOLATED)
_62155_/RN                              3.000000   68.021904  -65.021912 (VIOLATED)
_62156_/RN                              3.000000   68.021904  -65.021912 (VIOLATED)
_62157_/RN                              3.000000   68.021904  -65.021912 (VIOLATED)
_62158_/RN                              3.000000   68.021904  -65.021912 (VIOLATED)
_62159_/RN                              3.000000   68.021904  -65.021912 (VIOLATED)
_62160_/RN                              3.000000   68.021904  -65.021912 (VIOLATED)
_62161_/RN                              3.000000   68.021904  -65.021912 (VIOLATED)
_62162_/RN                              3.000000   68.021904  -65.021912 (VIOLATED)
_62163_/RN                              3.000000   68.021904  -65.021912 (VIOLATED)
_62164_/RN                              3.000000   68.021904  -65.021912 (VIOLATED)
_62165_/RN                              3.000000   68.021904  -65.021912 (VIOLATED)
_62166_/RN                              3.000000   68.021904  -65.021912 (VIOLATED)
_62167_/RN                              3.000000   68.021904  -65.021912 (VIOLATED)
_62168_/RN                              3.000000   68.021904  -65.021912 (VIOLATED)
_62169_/RN                              3.000000   68.021904  -65.021912 (VIOLATED)
_62170_/RN                              3.000000   68.021904  -65.021912 (VIOLATED)
_62171_/RN                              3.000000   68.021904  -65.021912 (VIOLATED)
_62172_/RN                              3.000000   68.021904  -65.021912 (VIOLATED)
_62173_/RN                              3.000000   68.021904  -65.021912 (VIOLATED)
_62174_/RN                              3.000000   68.021904  -65.021912 (VIOLATED)
_62175_/RN                              3.000000   68.021904  -65.021912 (VIOLATED)
_62176_/RN                              3.000000   68.021904  -65.021912 (VIOLATED)
_62177_/RN                              3.000000   68.021904  -65.021912 (VIOLATED)
_62178_/RN                              3.000000   68.021904  -65.021912 (VIOLATED)
_62179_/RN                              3.000000   68.021904  -65.021912 (VIOLATED)
_62180_/RN                              3.000000   68.021904  -65.021912 (VIOLATED)
_62181_/RN                              3.000000   68.021904  -65.021912 (VIOLATED)
_62182_/RN                              3.000000   68.021904  -65.021912 (VIOLATED)
_62183_/RN                              3.000000   68.021904  -65.021912 (VIOLATED)
_62184_/SETN                            3.000000   68.021904  -65.021912 (VIOLATED)
_62185_/SETN                            3.000000   68.021904  -65.021912 (VIOLATED)
_62186_/SETN                            3.000000   68.021904  -65.021912 (VIOLATED)
_62187_/SETN                            3.000000   68.021904  -65.021912 (VIOLATED)
_62188_/SETN                            3.000000   68.021904  -65.021912 (VIOLATED)
_62189_/RN                              3.000000   68.021904  -65.021912 (VIOLATED)
_62190_/RN                              3.000000   68.021904  -65.021912 (VIOLATED)
_62191_/SETN                            3.000000   68.021904  -65.021912 (VIOLATED)
_62192_/SETN                            3.000000   68.021904  -65.021912 (VIOLATED)
_62193_/RN                              3.000000   68.021904  -65.021912 (VIOLATED)
_62194_/SETN                            3.000000   68.021904  -65.021912 (VIOLATED)
_62207_/RN                              3.000000   68.021904  -65.021912 (VIOLATED)
_62208_/RN                              3.000000   68.021904  -65.021912 (VIOLATED)
_62209_/RN                              3.000000   68.021904  -65.021912 (VIOLATED)
_62210_/RN                              3.000000   68.021904  -65.021912 (VIOLATED)
_62504_/RN                              3.000000   68.021904  -65.021912 (VIOLATED)
_62505_/RN                              3.000000   68.021904  -65.021912 (VIOLATED)
_62506_/RN                              3.000000   68.021904  -65.021912 (VIOLATED)
_62507_/RN                              3.000000   68.021904  -65.021912 (VIOLATED)
_62508_/RN                              3.000000   68.021904  -65.021912 (VIOLATED)
_62509_/RN                              3.000000   68.021904  -65.021912 (VIOLATED)
_62510_/RN                              3.000000   68.021904  -65.021912 (VIOLATED)
_62511_/RN                              3.000000   68.021904  -65.021912 (VIOLATED)
_62512_/RN                              3.000000   68.021904  -65.021912 (VIOLATED)
_62513_/RN                              3.000000   68.021904  -65.021912 (VIOLATED)
_62514_/RN                              3.000000   68.021904  -65.021912 (VIOLATED)
_62515_/RN                              3.000000   68.021904  -65.021912 (VIOLATED)
_62516_/RN                              3.000000   68.021904  -65.021912 (VIOLATED)
_62517_/RN                              3.000000   68.021904  -65.021912 (VIOLATED)
_62518_/RN                              3.000000   68.021904  -65.021912 (VIOLATED)
_62519_/RN                              3.000000   68.021904  -65.021912 (VIOLATED)
_62520_/RN                              3.000000   68.021904  -65.021912 (VIOLATED)
_62521_/RN                              3.000000   68.021904  -65.021912 (VIOLATED)
_62522_/RN                              3.000000   68.021904  -65.021912 (VIOLATED)
_62523_/RN                              3.000000   68.021904  -65.021912 (VIOLATED)
_62524_/RN                              3.000000   68.021904  -65.021912 (VIOLATED)
_62525_/RN                              3.000000   68.021904  -65.021912 (VIOLATED)
_62526_/RN                              3.000000   68.021904  -65.021912 (VIOLATED)
_62527_/RN                              3.000000   68.021904  -65.021912 (VIOLATED)
_62528_/RN                              3.000000   68.021904  -65.021912 (VIOLATED)
_62529_/RN                              3.000000   68.021904  -65.021912 (VIOLATED)
_62530_/RN                              3.000000   68.021904  -65.021912 (VIOLATED)
_62531_/RN                              3.000000   68.021904  -65.021912 (VIOLATED)
_62532_/RN                              3.000000   68.021904  -65.021912 (VIOLATED)
_62533_/RN                              3.000000   68.021904  -65.021912 (VIOLATED)
_62534_/RN                              3.000000   68.021904  -65.021912 (VIOLATED)
_62535_/RN                              3.000000   68.021904  -65.021912 (VIOLATED)
_62536_/RN                              3.000000   68.021904  -65.021912 (VIOLATED)
_62537_/RN                              3.000000   68.021904  -65.021912 (VIOLATED)
_62538_/RN                              3.000000   68.021904  -65.021912 (VIOLATED)
_62539_/RN                              3.000000   68.021904  -65.021912 (VIOLATED)
_62540_/RN                              3.000000   68.021904  -65.021912 (VIOLATED)
_62541_/RN                              3.000000   68.021904  -65.021912 (VIOLATED)
_62542_/RN                              3.000000   68.021904  -65.021912 (VIOLATED)
_62543_/RN                              3.000000   68.021904  -65.021912 (VIOLATED)
_62544_/RN                              3.000000   68.021904  -65.021912 (VIOLATED)
_62545_/RN                              3.000000   68.021904  -65.021912 (VIOLATED)
_62546_/RN                              3.000000   68.021904  -65.021912 (VIOLATED)
_62547_/RN                              3.000000   68.021904  -65.021912 (VIOLATED)
_62548_/RN                              3.000000   68.021904  -65.021912 (VIOLATED)
_62549_/RN                              3.000000   68.021904  -65.021912 (VIOLATED)
_62550_/RN                              3.000000   68.021904  -65.021912 (VIOLATED)
_62551_/RN                              3.000000   68.021904  -65.021912 (VIOLATED)
_62552_/RN                              3.000000   68.021904  -65.021912 (VIOLATED)
_62553_/RN                              3.000000   68.021904  -65.021912 (VIOLATED)
_62554_/RN                              3.000000   68.021904  -65.021912 (VIOLATED)
_62555_/RN                              3.000000   68.021904  -65.021912 (VIOLATED)
_62556_/RN                              3.000000   68.021904  -65.021912 (VIOLATED)
_62557_/RN                              3.000000   68.021904  -65.021912 (VIOLATED)
_62558_/RN                              3.000000   68.021904  -65.021912 (VIOLATED)
_62559_/RN                              3.000000   68.021904  -65.021912 (VIOLATED)
_62560_/RN                              3.000000   68.021904  -65.021912 (VIOLATED)
_62561_/RN                              3.000000   68.021904  -65.021912 (VIOLATED)
_62562_/RN                              3.000000   68.021904  -65.021912 (VIOLATED)
_62563_/RN                              3.000000   68.021904  -65.021912 (VIOLATED)
_62564_/RN                              3.000000   68.021904  -65.021912 (VIOLATED)
_62565_/RN                              3.000000   68.021904  -65.021912 (VIOLATED)
_62566_/RN                              3.000000   68.021904  -65.021912 (VIOLATED)
_62567_/RN                              3.000000   68.021904  -65.021912 (VIOLATED)
_62568_/RN                              3.000000   68.021904  -65.021912 (VIOLATED)
_62569_/RN                              3.000000   68.021904  -65.021912 (VIOLATED)
_62570_/RN                              3.000000   68.021904  -65.021912 (VIOLATED)
_62571_/RN                              3.000000   68.021904  -65.021912 (VIOLATED)
_62572_/RN                              3.000000   68.021904  -65.021912 (VIOLATED)
_62573_/RN                              3.000000   68.021904  -65.021912 (VIOLATED)
_62574_/RN                              3.000000   68.021904  -65.021912 (VIOLATED)
_33992_/A2                              3.000000   33.450218  -30.450218 (VIOLATED)
_33993_/A1                              3.000000   33.450218  -30.450218 (VIOLATED)
_34004_/A2                              3.000000   33.450218  -30.450218 (VIOLATED)
_34011_/I                               3.000000   33.450218  -30.450218 (VIOLATED)
_34035_/A2                              3.000000   33.450218  -30.450218 (VIOLATED)
_34040_/A2                              3.000000   33.450218  -30.450218 (VIOLATED)
_34062_/A2                              3.000000   33.450218  -30.450218 (VIOLATED)
_34065_/A1                              3.000000   33.450218  -30.450218 (VIOLATED)
_34075_/A2                              3.000000   33.450218  -30.450218 (VIOLATED)
_34100_/A2                              3.000000   33.450218  -30.450218 (VIOLATED)
_34119_/A2                              3.000000   33.450218  -30.450218 (VIOLATED)
_34132_/A2                              3.000000   33.450218  -30.450218 (VIOLATED)
_34142_/A2                              3.000000   33.450218  -30.450218 (VIOLATED)
_34156_/A2                              3.000000   33.450218  -30.450218 (VIOLATED)
_34178_/A2                              3.000000   33.450218  -30.450218 (VIOLATED)
_34189_/A2                              3.000000   33.450218  -30.450218 (VIOLATED)
_34197_/A2                              3.000000   33.450218  -30.450218 (VIOLATED)
_34211_/A2                              3.000000   33.450218  -30.450218 (VIOLATED)
_34216_/A2                              3.000000   33.450218  -30.450218 (VIOLATED)
_34227_/A2                              3.000000   33.450218  -30.450218 (VIOLATED)
_34240_/A2                              3.000000   33.450218  -30.450218 (VIOLATED)
_34260_/A2                              3.000000   33.450218  -30.450218 (VIOLATED)
_34274_/A2                              3.000000   33.450218  -30.450218 (VIOLATED)
_34294_/A2                              3.000000   33.450218  -30.450218 (VIOLATED)
_34300_/A2                              3.000000   33.450218  -30.450218 (VIOLATED)
_34322_/A2                              3.000000   33.450218  -30.450218 (VIOLATED)
_34331_/A2                              3.000000   33.450218  -30.450218 (VIOLATED)
_34349_/A2                              3.000000   33.450218  -30.450218 (VIOLATED)
_34370_/A2                              3.000000   33.450218  -30.450218 (VIOLATED)
_34378_/A2                              3.000000   33.450218  -30.450218 (VIOLATED)
_34387_/A2                              3.000000   33.450218  -30.450218 (VIOLATED)
_34406_/A2                              3.000000   33.450218  -30.450218 (VIOLATED)
_34411_/A2                              3.000000   33.450218  -30.450218 (VIOLATED)
_34427_/A2                              3.000000   33.450218  -30.450218 (VIOLATED)
_34432_/A2                              3.000000   33.450218  -30.450218 (VIOLATED)
_34441_/A2                              3.000000   33.450218  -30.450218 (VIOLATED)
_34455_/A2                              3.000000   33.450218  -30.450218 (VIOLATED)
_34462_/A2                              3.000000   33.450218  -30.450218 (VIOLATED)
_34475_/A2                              3.000000   33.450218  -30.450218 (VIOLATED)
_34486_/A2                              3.000000   33.450218  -30.450218 (VIOLATED)
_34492_/A2                              3.000000   33.450218  -30.450218 (VIOLATED)
_34505_/B                               3.000000   33.450218  -30.450218 (VIOLATED)
_34508_/A2                              3.000000   33.450218  -30.450218 (VIOLATED)
_34517_/A2                              3.000000   33.450218  -30.450218 (VIOLATED)
_34521_/B                               3.000000   33.450218  -30.450218 (VIOLATED)
_34545_/A2                              3.000000   33.450218  -30.450218 (VIOLATED)
_34555_/A2                              3.000000   33.450218  -30.450218 (VIOLATED)
_34565_/A2                              3.000000   33.450218  -30.450218 (VIOLATED)
_34578_/A2                              3.000000   33.450218  -30.450218 (VIOLATED)
_34591_/A2                              3.000000   33.450218  -30.450218 (VIOLATED)
_34597_/A2                              3.000000   33.450218  -30.450218 (VIOLATED)
_34604_/A2                              3.000000   33.450218  -30.450218 (VIOLATED)
_34613_/A2                              3.000000   33.450218  -30.450218 (VIOLATED)
_34633_/A2                              3.000000   33.450218  -30.450218 (VIOLATED)
_34643_/A2                              3.000000   33.450218  -30.450218 (VIOLATED)
_34656_/A2                              3.000000   33.450218  -30.450218 (VIOLATED)
_34670_/A2                              3.000000   33.450218  -30.450218 (VIOLATED)
_34675_/A2                              3.000000   33.450218  -30.450218 (VIOLATED)
_34686_/A2                              3.000000   33.450218  -30.450218 (VIOLATED)
_34699_/A2                              3.000000   33.450218  -30.450218 (VIOLATED)
_34706_/A2                              3.000000   33.450218  -30.450218 (VIOLATED)
_34715_/A2                              3.000000   33.450218  -30.450218 (VIOLATED)
_34724_/A2                              3.000000   33.450218  -30.450218 (VIOLATED)
_34736_/A2                              3.000000   33.450218  -30.450218 (VIOLATED)
_34744_/A2                              3.000000   33.450218  -30.450218 (VIOLATED)
_34754_/A2                              3.000000   33.450218  -30.450218 (VIOLATED)
_34774_/A2                              3.000000   33.450218  -30.450218 (VIOLATED)
_34789_/A2                              3.000000   33.450218  -30.450218 (VIOLATED)
_34794_/A2                              3.000000   33.450218  -30.450218 (VIOLATED)
_34803_/A2                              3.000000   33.450218  -30.450218 (VIOLATED)
_34816_/A2                              3.000000   33.450218  -30.450218 (VIOLATED)
_34831_/A2                              3.000000   33.450218  -30.450218 (VIOLATED)
_34838_/A2                              3.000000   33.450218  -30.450218 (VIOLATED)
_34855_/A2                              3.000000   33.450218  -30.450218 (VIOLATED)
_34856_/A1                              3.000000   33.450218  -30.450218 (VIOLATED)
_34863_/A2                              3.000000   33.450218  -30.450218 (VIOLATED)
_34881_/A2                              3.000000   33.450218  -30.450218 (VIOLATED)
_34882_/A1                              3.000000   33.450218  -30.450218 (VIOLATED)
_34888_/A2                              3.000000   33.450218  -30.450218 (VIOLATED)
_34898_/A2                              3.000000   33.450218  -30.450218 (VIOLATED)
_34913_/A2                              3.000000   33.450218  -30.450218 (VIOLATED)
_34926_/A2                              3.000000   33.450218  -30.450218 (VIOLATED)
_34931_/A2                              3.000000   33.450218  -30.450218 (VIOLATED)
_34946_/A2                              3.000000   33.450218  -30.450218 (VIOLATED)
_34952_/A2                              3.000000   33.450218  -30.450218 (VIOLATED)
_34963_/A2                              3.000000   33.450218  -30.450218 (VIOLATED)
_34975_/A2                              3.000000   33.450218  -30.450218 (VIOLATED)
_34986_/A2                              3.000000   33.450218  -30.450218 (VIOLATED)
_34991_/A2                              3.000000   33.450218  -30.450218 (VIOLATED)
_35003_/B                               3.000000   33.450218  -30.450218 (VIOLATED)
_35015_/B                               3.000000   33.450218  -30.450218 (VIOLATED)
_35026_/A2                              3.000000   33.450218  -30.450218 (VIOLATED)
_35031_/A2                              3.000000   33.450218  -30.450218 (VIOLATED)
_35047_/A2                              3.000000   33.450218  -30.450218 (VIOLATED)
_35052_/A2                              3.000000   33.450218  -30.450218 (VIOLATED)
_35066_/A2                              3.000000   33.450218  -30.450218 (VIOLATED)
_35071_/A2                              3.000000   33.450218  -30.450218 (VIOLATED)
_35082_/A2                              3.000000   33.450218  -30.450218 (VIOLATED)
_35092_/A2                              3.000000   33.450218  -30.450218 (VIOLATED)
_35106_/A2                              3.000000   33.450218  -30.450218 (VIOLATED)
_35111_/A2                              3.000000   33.450218  -30.450218 (VIOLATED)
_35125_/A2                              3.000000   33.450218  -30.450218 (VIOLATED)
_35132_/A2                              3.000000   33.450218  -30.450218 (VIOLATED)
_35142_/A2                              3.000000   33.450218  -30.450218 (VIOLATED)
_35147_/A2                              3.000000   33.450218  -30.450218 (VIOLATED)
_35160_/B                               3.000000   33.450218  -30.450218 (VIOLATED)
_35173_/A2                              3.000000   33.450218  -30.450218 (VIOLATED)
_35179_/A2                              3.000000   33.450218  -30.450218 (VIOLATED)
_35192_/A2                              3.000000   33.450218  -30.450218 (VIOLATED)
_35204_/A2                              3.000000   33.450218  -30.450218 (VIOLATED)
_35209_/A2                              3.000000   33.450218  -30.450218 (VIOLATED)
_35223_/A2                              3.000000   33.450218  -30.450218 (VIOLATED)
_35228_/A2                              3.000000   33.450218  -30.450218 (VIOLATED)
_35245_/A2                              3.000000   33.450218  -30.450218 (VIOLATED)
_35250_/A2                              3.000000   33.450218  -30.450218 (VIOLATED)
_35264_/A2                              3.000000   33.450218  -30.450218 (VIOLATED)
_35270_/A2                              3.000000   33.450218  -30.450218 (VIOLATED)
_35278_/A2                              3.000000   33.450218  -30.450218 (VIOLATED)
_35287_/A2                              3.000000   33.450218  -30.450218 (VIOLATED)
_35297_/A2                              3.000000   33.450218  -30.450218 (VIOLATED)
_35310_/A2                              3.000000   33.450218  -30.450218 (VIOLATED)
_35319_/A2                              3.000000   33.450218  -30.450218 (VIOLATED)
_35329_/A2                              3.000000   33.450218  -30.450218 (VIOLATED)
_35339_/A2                              3.000000   33.450218  -30.450218 (VIOLATED)
_35352_/A2                              3.000000   33.450218  -30.450218 (VIOLATED)
_35364_/A2                              3.000000   33.450218  -30.450218 (VIOLATED)
_35365_/A1                              3.000000   33.450218  -30.450218 (VIOLATED)
_35369_/A2                              3.000000   33.450218  -30.450218 (VIOLATED)
_35392_/A2                              3.000000   33.450218  -30.450218 (VIOLATED)
_35404_/A2                              3.000000   33.450218  -30.450218 (VIOLATED)
_35409_/A2                              3.000000   33.450218  -30.450218 (VIOLATED)
_35422_/A2                              3.000000   33.450218  -30.450218 (VIOLATED)
_35427_/A2                              3.000000   33.450218  -30.450218 (VIOLATED)
_35438_/A2                              3.000000   33.450218  -30.450218 (VIOLATED)
_35447_/A2                              3.000000   33.450218  -30.450218 (VIOLATED)
_35457_/A2                              3.000000   33.450218  -30.450218 (VIOLATED)
_35470_/A2                              3.000000   33.450218  -30.450218 (VIOLATED)
_35484_/A2                              3.000000   33.450218  -30.450218 (VIOLATED)
_35494_/A2                              3.000000   33.450218  -30.450218 (VIOLATED)
_35508_/A2                              3.000000   33.450218  -30.450218 (VIOLATED)
_35513_/A2                              3.000000   33.450218  -30.450218 (VIOLATED)
_35537_/A2                              3.000000   33.450218  -30.450218 (VIOLATED)
_35547_/A2                              3.000000   33.450218  -30.450218 (VIOLATED)
_35552_/A2                              3.000000   33.450218  -30.450218 (VIOLATED)
_38037_/A2                              3.000000   33.450218  -30.450218 (VIOLATED)
_50199_/A2                              3.000000   33.450218  -30.450218 (VIOLATED)
_61305_/Q                               3.000000   33.450218  -30.450218 (VIOLATED)
clk_i                                   3.000000   31.343210  -28.343210 (VIOLATED)
_57054_/CLK                             3.000000   31.343210  -28.343210 (VIOLATED)
_57055_/CLK                             3.000000   31.343210  -28.343210 (VIOLATED)
_57056_/CLK                             3.000000   31.343210  -28.343210 (VIOLATED)
_57057_/CLK                             3.000000   31.343210  -28.343210 (VIOLATED)
_57058_/CLK                             3.000000   31.343210  -28.343210 (VIOLATED)
_57059_/CLK                             3.000000   31.343210  -28.343210 (VIOLATED)
_57060_/CLK                             3.000000   31.343210  -28.343210 (VIOLATED)
_57061_/CLK                             3.000000   31.343210  -28.343210 (VIOLATED)
_57062_/CLK                             3.000000   31.343210  -28.343210 (VIOLATED)
_57073_/CLK                             3.000000   31.343210  -28.343210 (VIOLATED)
_57074_/CLK                             3.000000   31.343210  -28.343210 (VIOLATED)
_57075_/CLK                             3.000000   31.343210  -28.343210 (VIOLATED)
_57076_/CLK                             3.000000   31.343210  -28.343210 (VIOLATED)
_57077_/CLK                             3.000000   31.343210  -28.343210 (VIOLATED)
_57078_/CLK                             3.000000   31.343210  -28.343210 (VIOLATED)
_57079_/CLK                             3.000000   31.343210  -28.343210 (VIOLATED)
_57080_/CLK                             3.000000   31.343210  -28.343210 (VIOLATED)
_57081_/CLK                             3.000000   31.343210  -28.343210 (VIOLATED)
_57082_/CLK                             3.000000   31.343210  -28.343210 (VIOLATED)
_57083_/CLK                             3.000000   31.343210  -28.343210 (VIOLATED)
_57084_/CLK                             3.000000   31.343210  -28.343210 (VIOLATED)
_57085_/CLK                             3.000000   31.343210  -28.343210 (VIOLATED)
_57086_/CLK                             3.000000   31.343210  -28.343210 (VIOLATED)
_57087_/CLK                             3.000000   31.343210  -28.343210 (VIOLATED)
_57088_/CLK                             3.000000   31.343210  -28.343210 (VIOLATED)
_57089_/CLK                             3.000000   31.343210  -28.343210 (VIOLATED)
_57090_/CLK                             3.000000   31.343210  -28.343210 (VIOLATED)
_57091_/CLK                             3.000000   31.343210  -28.343210 (VIOLATED)
_57092_/CLK                             3.000000   31.343210  -28.343210 (VIOLATED)
_57093_/CLK                             3.000000   31.343210  -28.343210 (VIOLATED)
_57094_/CLK                             3.000000   31.343210  -28.343210 (VIOLATED)
_57095_/CLK                             3.000000   31.343210  -28.343210 (VIOLATED)
_57096_/CLK                             3.000000   31.343210  -28.343210 (VIOLATED)
_57097_/CLK                             3.000000   31.343210  -28.343210 (VIOLATED)
_57098_/CLK                             3.000000   31.343210  -28.343210 (VIOLATED)
_57099_/CLK                             3.000000   31.343210  -28.343210 (VIOLATED)
_57100_/CLK                             3.000000   31.343210  -28.343210 (VIOLATED)
_57101_/CLK                             3.000000   31.343210  -28.343210 (VIOLATED)
_57102_/CLK                             3.000000   31.343210  -28.343210 (VIOLATED)
_57103_/CLK                             3.000000   31.343210  -28.343210 (VIOLATED)
_57104_/CLK                             3.000000   31.343210  -28.343210 (VIOLATED)
_57105_/CLK                             3.000000   31.343210  -28.343210 (VIOLATED)
_57106_/CLK                             3.000000   31.343210  -28.343210 (VIOLATED)
_57107_/CLK                             3.000000   31.343210  -28.343210 (VIOLATED)
_57108_/CLK                             3.000000   31.343210  -28.343210 (VIOLATED)
_57109_/CLK                             3.000000   31.343210  -28.343210 (VIOLATED)
_57110_/CLK                             3.000000   31.343210  -28.343210 (VIOLATED)
_57111_/CLK                             3.000000   31.343210  -28.343210 (VIOLATED)
_57112_/CLK                             3.000000   31.343210  -28.343210 (VIOLATED)
_57113_/CLK                             3.000000   31.343210  -28.343210 (VIOLATED)
_57114_/CLK                             3.000000   31.343210  -28.343210 (VIOLATED)
_57115_/CLK                             3.000000   31.343210  -28.343210 (VIOLATED)
_57116_/CLK                             3.000000   31.343210  -28.343210 (VIOLATED)
_57117_/CLK                             3.000000   31.343210  -28.343210 (VIOLATED)
_57118_/CLK                             3.000000   31.343210  -28.343210 (VIOLATED)
_57119_/CLK                             3.000000   31.343210  -28.343210 (VIOLATED)
_57120_/CLK                             3.000000   31.343210  -28.343210 (VIOLATED)
_57121_/CLK                             3.000000   31.343210  -28.343210 (VIOLATED)
_57122_/CLK                             3.000000   31.343210  -28.343210 (VIOLATED)
_57123_/CLK                             3.000000   31.343210  -28.343210 (VIOLATED)
_57124_/CLK                             3.000000   31.343210  -28.343210 (VIOLATED)
_57125_/CLK                             3.000000   31.343210  -28.343210 (VIOLATED)
_57126_/CLK                             3.000000   31.343210  -28.343210 (VIOLATED)
_57127_/CLK                             3.000000   31.343210  -28.343210 (VIOLATED)
_57128_/CLK                             3.000000   31.343210  -28.343210 (VIOLATED)
_57129_/CLK                             3.000000   31.343210  -28.343210 (VIOLATED)
_57130_/CLK                             3.000000   31.343210  -28.343210 (VIOLATED)
_57131_/CLK                             3.000000   31.343210  -28.343210 (VIOLATED)
_57132_/CLK                             3.000000   31.343210  -28.343210 (VIOLATED)
_57133_/CLK                             3.000000   31.343210  -28.343210 (VIOLATED)
_57134_/CLK                             3.000000   31.343210  -28.343210 (VIOLATED)
_57135_/CLK                             3.000000   31.343210  -28.343210 (VIOLATED)
_57136_/CLK                             3.000000   31.343210  -28.343210 (VIOLATED)
_57137_/CLK                             3.000000   31.343210  -28.343210 (VIOLATED)
_57138_/CLK                             3.000000   31.343210  -28.343210 (VIOLATED)
_57139_/CLK                             3.000000   31.343210  -28.343210 (VIOLATED)
_57140_/CLK                             3.000000   31.343210  -28.343210 (VIOLATED)
_57141_/CLK                             3.000000   31.343210  -28.343210 (VIOLATED)
_57142_/CLK                             3.000000   31.343210  -28.343210 (VIOLATED)
_57143_/CLK                             3.000000   31.343210  -28.343210 (VIOLATED)
_57144_/CLK                             3.000000   31.343210  -28.343210 (VIOLATED)
_57145_/CLK                             3.000000   31.343210  -28.343210 (VIOLATED)
_57146_/CLK                             3.000000   31.343210  -28.343210 (VIOLATED)
_57147_/CLK                             3.000000   31.343210  -28.343210 (VIOLATED)
_57148_/CLK                             3.000000   31.343210  -28.343210 (VIOLATED)
_57149_/CLK                             3.000000   31.343210  -28.343210 (VIOLATED)
_57150_/CLK                             3.000000   31.343210  -28.343210 (VIOLATED)
_57151_/CLK                             3.000000   31.343210  -28.343210 (VIOLATED)
_57152_/CLK                             3.000000   31.343210  -28.343210 (VIOLATED)
_57153_/CLK                             3.000000   31.343210  -28.343210 (VIOLATED)
_57154_/CLK                             3.000000   31.343210  -28.343210 (VIOLATED)
_57155_/CLK                             3.000000   31.343210  -28.343210 (VIOLATED)
_57156_/CLK                             3.000000   31.343210  -28.343210 (VIOLATED)
_57157_/CLK                             3.000000   31.343210  -28.343210 (VIOLATED)
_57158_/CLK                             3.000000   31.343210  -28.343210 (VIOLATED)
_57159_/CLK                             3.000000   31.343210  -28.343210 (VIOLATED)
_57160_/CLK                             3.000000   31.343210  -28.343210 (VIOLATED)
_57161_/CLK                             3.000000   31.343210  -28.343210 (VIOLATED)
_57162_/CLK                             3.000000   31.343210  -28.343210 (VIOLATED)
_57163_/CLK                             3.000000   31.343210  -28.343210 (VIOLATED)
_57164_/CLK                             3.000000   31.343210  -28.343210 (VIOLATED)
_57165_/CLK                             3.000000   31.343210  -28.343210 (VIOLATED)
_57166_/CLK                             3.000000   31.343210  -28.343210 (VIOLATED)
_57167_/CLK                             3.000000   31.343210  -28.343210 (VIOLATED)
_57168_/CLK                             3.000000   31.343210  -28.343210 (VIOLATED)
_57169_/CLK                             3.000000   31.343210  -28.343210 (VIOLATED)
_57170_/CLK                             3.000000   31.343210  -28.343210 (VIOLATED)
_57171_/CLK                             3.000000   31.343210  -28.343210 (VIOLATED)
_57172_/CLK                             3.000000   31.343210  -28.343210 (VIOLATED)
_57173_/CLK                             3.000000   31.343210  -28.343210 (VIOLATED)
_57174_/CLK                             3.000000   31.343210  -28.343210 (VIOLATED)
_57175_/CLK                             3.000000   31.343210  -28.343210 (VIOLATED)
_57176_/CLK                             3.000000   31.343210  -28.343210 (VIOLATED)
_57177_/CLK                             3.000000   31.343210  -28.343210 (VIOLATED)
_57178_/CLK                             3.000000   31.343210  -28.343210 (VIOLATED)
_57179_/CLK                             3.000000   31.343210  -28.343210 (VIOLATED)
_57180_/CLK                             3.000000   31.343210  -28.343210 (VIOLATED)
_57181_/CLK                             3.000000   31.343210  -28.343210 (VIOLATED)
_57182_/CLK                             3.000000   31.343210  -28.343210 (VIOLATED)
_57183_/CLK                             3.000000   31.343210  -28.343210 (VIOLATED)
_57184_/CLK                             3.000000   31.343210  -28.343210 (VIOLATED)
_57185_/CLK                             3.000000   31.343210  -28.343210 (VIOLATED)
_57186_/CLK                             3.000000   31.343210  -28.343210 (VIOLATED)
_57187_/CLK                             3.000000   31.343210  -28.343210 (VIOLATED)
_57188_/CLK                             3.000000   31.343210  -28.343210 (VIOLATED)
_57189_/CLK                             3.000000   31.343210  -28.343210 (VIOLATED)
_57190_/CLK                             3.000000   31.343210  -28.343210 (VIOLATED)
_57191_/CLK                             3.000000   31.343210  -28.343210 (VIOLATED)
_57192_/CLK                             3.000000   31.343210  -28.343210 (VIOLATED)
_57193_/CLK                             3.000000   31.343210  -28.343210 (VIOLATED)
_57194_/CLK                             3.000000   31.343210  -28.343210 (VIOLATED)
_57195_/CLK                             3.000000   31.343210  -28.343210 (VIOLATED)
_57196_/CLK                             3.000000   31.343210  -28.343210 (VIOLATED)
_57197_/CLK                             3.000000   31.343210  -28.343210 (VIOLATED)
_57198_/CLK                             3.000000   31.343210  -28.343210 (VIOLATED)
_57199_/CLK                             3.000000   31.343210  -28.343210 (VIOLATED)
_57200_/CLK                             3.000000   31.343210  -28.343210 (VIOLATED)
_57201_/CLK                             3.000000   31.343210  -28.343210 (VIOLATED)
_57202_/CLK                             3.000000   31.343210  -28.343210 (VIOLATED)
_57203_/CLK                             3.000000   31.343210  -28.343210 (VIOLATED)
_57204_/CLK                             3.000000   31.343210  -28.343210 (VIOLATED)
_57205_/CLK                             3.000000   31.343210  -28.343210 (VIOLATED)
_57206_/CLK                             3.000000   31.343210  -28.343210 (VIOLATED)
_57207_/CLK                             3.000000   31.343210  -28.343210 (VIOLATED)
_57208_/CLK                             3.000000   31.343210  -28.343210 (VIOLATED)
_57209_/CLK                             3.000000   31.343210  -28.343210 (VIOLATED)
_57210_/CLK                             3.000000   31.343210  -28.343210 (VIOLATED)
_57211_/CLK                             3.000000   31.343210  -28.343210 (VIOLATED)
_57212_/CLK                             3.000000   31.343210  -28.343210 (VIOLATED)
_57213_/CLK                             3.000000   31.343210  -28.343210 (VIOLATED)
_57214_/CLK                             3.000000   31.343210  -28.343210 (VIOLATED)
_57215_/CLK                             3.000000   31.343210  -28.343210 (VIOLATED)
_57216_/CLK                             3.000000   31.343210  -28.343210 (VIOLATED)
_57217_/CLK                             3.000000   31.343210  -28.343210 (VIOLATED)
_57218_/CLK                             3.000000   31.343210  -28.343210 (VIOLATED)
_57219_/CLK                             3.000000   31.343210  -28.343210 (VIOLATED)
_57220_/CLK                             3.000000   31.343210  -28.343210 (VIOLATED)
_57221_/CLK                             3.000000   31.343210  -28.343210 (VIOLATED)
_57222_/CLK                             3.000000   31.343210  -28.343210 (VIOLATED)
_57223_/CLK                             3.000000   31.343210  -28.343210 (VIOLATED)
_57224_/CLK                             3.000000   31.343210  -28.343210 (VIOLATED)
_57225_/CLK                             3.000000   31.343210  -28.343210 (VIOLATED)
_57226_/CLK                             3.000000   31.343210  -28.343210 (VIOLATED)
_57227_/CLK                             3.000000   31.343210  -28.343210 (VIOLATED)
_57228_/CLK                             3.000000   31.343210  -28.343210 (VIOLATED)
_57229_/CLK                             3.000000   31.343210  -28.343210 (VIOLATED)
_57230_/CLK                             3.000000   31.343210  -28.343210 (VIOLATED)
_57231_/CLK                             3.000000   31.343210  -28.343210 (VIOLATED)
_57232_/CLK                             3.000000   31.343210  -28.343210 (VIOLATED)
_57233_/CLK                             3.000000   31.343210  -28.343210 (VIOLATED)
_57234_/CLK                             3.000000   31.343210  -28.343210 (VIOLATED)
_57235_/CLK                             3.000000   31.343210  -28.343210 (VIOLATED)
_57236_/CLK                             3.000000   31.343210  -28.343210 (VIOLATED)
_57237_/CLK                             3.000000   31.343210  -28.343210 (VIOLATED)
_57238_/CLK                             3.000000   31.343210  -28.343210 (VIOLATED)
_57239_/CLK                             3.000000   31.343210  -28.343210 (VIOLATED)
_57240_/CLK                             3.000000   31.343210  -28.343210 (VIOLATED)
_57241_/CLK                             3.000000   31.343210  -28.343210 (VIOLATED)
_57242_/CLK                             3.000000   31.343210  -28.343210 (VIOLATED)
_57243_/CLK                             3.000000   31.343210  -28.343210 (VIOLATED)
_57244_/CLK                             3.000000   31.343210  -28.343210 (VIOLATED)
_57245_/CLK                             3.000000   31.343210  -28.343210 (VIOLATED)
_57246_/CLK                             3.000000   31.343210  -28.343210 (VIOLATED)
_57247_/CLK                             3.000000   31.343210  -28.343210 (VIOLATED)
_57248_/CLK                             3.000000   31.343210  -28.343210 (VIOLATED)
_57249_/CLK                             3.000000   31.343210  -28.343210 (VIOLATED)
_57250_/CLK                             3.000000   31.343210  -28.343210 (VIOLATED)
_57251_/CLK                             3.000000   31.343210  -28.343210 (VIOLATED)
_57252_/CLK                             3.000000   31.343210  -28.343210 (VIOLATED)
_57253_/CLK                             3.000000   31.343210  -28.343210 (VIOLATED)
_57254_/CLK                             3.000000   31.343210  -28.343210 (VIOLATED)
_57255_/CLK                             3.000000   31.343210  -28.343210 (VIOLATED)
_57256_/CLK                             3.000000   31.343210  -28.343210 (VIOLATED)
_57257_/CLK                             3.000000   31.343210  -28.343210 (VIOLATED)
_57258_/CLK                             3.000000   31.343210  -28.343210 (VIOLATED)
_57259_/CLK                             3.000000   31.343210  -28.343210 (VIOLATED)
_57260_/CLK                             3.000000   31.343210  -28.343210 (VIOLATED)
_57261_/CLK                             3.000000   31.343210  -28.343210 (VIOLATED)
_57262_/CLK                             3.000000   31.343210  -28.343210 (VIOLATED)
_57263_/CLK                             3.000000   31.343210  -28.343210 (VIOLATED)
_57264_/CLK                             3.000000   31.343210  -28.343210 (VIOLATED)
_57265_/CLK                             3.000000   31.343210  -28.343210 (VIOLATED)
_57266_/CLK                             3.000000   31.343210  -28.343210 (VIOLATED)
_57267_/CLK                             3.000000   31.343210  -28.343210 (VIOLATED)
_57268_/CLK                             3.000000   31.343210  -28.343210 (VIOLATED)
_57269_/CLK                             3.000000   31.343210  -28.343210 (VIOLATED)
_57270_/CLK                             3.000000   31.343210  -28.343210 (VIOLATED)
_57271_/CLK                             3.000000   31.343210  -28.343210 (VIOLATED)
_57272_/CLK                             3.000000   31.343210  -28.343210 (VIOLATED)
_57273_/CLK                             3.000000   31.343210  -28.343210 (VIOLATED)
_57274_/CLK                             3.000000   31.343210  -28.343210 (VIOLATED)
_57275_/CLK                             3.000000   31.343210  -28.343210 (VIOLATED)
_57276_/CLK                             3.000000   31.343210  -28.343210 (VIOLATED)
_57277_/CLK                             3.000000   31.343210  -28.343210 (VIOLATED)
_57278_/CLK                             3.000000   31.343210  -28.343210 (VIOLATED)
_57279_/CLK                             3.000000   31.343210  -28.343210 (VIOLATED)
_57280_/CLK                             3.000000   31.343210  -28.343210 (VIOLATED)
_57281_/CLK                             3.000000   31.343210  -28.343210 (VIOLATED)
_57282_/CLK                             3.000000   31.343210  -28.343210 (VIOLATED)
_57283_/CLK                             3.000000   31.343210  -28.343210 (VIOLATED)
_57284_/CLK                             3.000000   31.343210  -28.343210 (VIOLATED)
_57285_/CLK                             3.000000   31.343210  -28.343210 (VIOLATED)
_57286_/CLK                             3.000000   31.343210  -28.343210 (VIOLATED)
_57287_/CLK                             3.000000   31.343210  -28.343210 (VIOLATED)
_57288_/CLK                             3.000000   31.343210  -28.343210 (VIOLATED)
_57289_/CLK                             3.000000   31.343210  -28.343210 (VIOLATED)
_57290_/CLK                             3.000000   31.343210  -28.343210 (VIOLATED)
_57291_/CLK                             3.000000   31.343210  -28.343210 (VIOLATED)
_57292_/CLK                             3.000000   31.343210  -28.343210 (VIOLATED)
_57293_/CLK                             3.000000   31.343210  -28.343210 (VIOLATED)
_57294_/CLK                             3.000000   31.343210  -28.343210 (VIOLATED)
_57295_/CLK                             3.000000   31.343210  -28.343210 (VIOLATED)
_57296_/CLK                             3.000000   31.343210  -28.343210 (VIOLATED)
_57297_/CLK                             3.000000   31.343210  -28.343210 (VIOLATED)
_57298_/CLK                             3.000000   31.343210  -28.343210 (VIOLATED)
_57299_/CLK                             3.000000   31.343210  -28.343210 (VIOLATED)
_57300_/CLK                             3.000000   31.343210  -28.343210 (VIOLATED)
_57301_/CLK                             3.000000   31.343210  -28.343210 (VIOLATED)
_57302_/CLK                             3.000000   31.343210  -28.343210 (VIOLATED)
_57303_/CLK                             3.000000   31.343210  -28.343210 (VIOLATED)
_57304_/CLK                             3.000000   31.343210  -28.343210 (VIOLATED)
_57305_/CLK                             3.000000   31.343210  -28.343210 (VIOLATED)
_57306_/CLK                             3.000000   31.343210  -28.343210 (VIOLATED)
_57307_/CLK                             3.000000   31.343210  -28.343210 (VIOLATED)
_57308_/CLK                             3.000000   31.343210  -28.343210 (VIOLATED)
_57309_/CLK                             3.000000   31.343210  -28.343210 (VIOLATED)
_57310_/CLK                             3.000000   31.343210  -28.343210 (VIOLATED)
_57311_/CLK                             3.000000   31.343210  -28.343210 (VIOLATED)
_57312_/CLK                             3.000000   31.343210  -28.343210 (VIOLATED)
_57313_/CLK                             3.000000   31.343210  -28.343210 (VIOLATED)
_57314_/CLK                             3.000000   31.343210  -28.343210 (VIOLATED)
_57315_/CLK                             3.000000   31.343210  -28.343210 (VIOLATED)
_57316_/CLK                             3.000000   31.343210  -28.343210 (VIOLATED)
_57317_/CLK                             3.000000   31.343210  -28.343210 (VIOLATED)
_57318_/CLK                             3.000000   31.343210  -28.343210 (VIOLATED)
_57319_/CLK                             3.000000   31.343210  -28.343210 (VIOLATED)
_57320_/CLK                             3.000000   31.343210  -28.343210 (VIOLATED)
_57321_/CLK                             3.000000   31.343210  -28.343210 (VIOLATED)
_57322_/CLK                             3.000000   31.343210  -28.343210 (VIOLATED)
_57323_/CLK                             3.000000   31.343210  -28.343210 (VIOLATED)
_57324_/CLK                             3.000000   31.343210  -28.343210 (VIOLATED)
_57325_/CLK                             3.000000   31.343210  -28.343210 (VIOLATED)
_57326_/CLK                             3.000000   31.343210  -28.343210 (VIOLATED)
_57327_/CLK                             3.000000   31.343210  -28.343210 (VIOLATED)
_57328_/CLK                             3.000000   31.343210  -28.343210 (VIOLATED)
_57329_/CLK                             3.000000   31.343210  -28.343210 (VIOLATED)
_57330_/CLK                             3.000000   31.343210  -28.343210 (VIOLATED)
_57331_/CLK                             3.000000   31.343210  -28.343210 (VIOLATED)
_57332_/CLK                             3.000000   31.343210  -28.343210 (VIOLATED)
_57333_/CLK                             3.000000   31.343210  -28.343210 (VIOLATED)
_57334_/CLK                             3.000000   31.343210  -28.343210 (VIOLATED)
_57335_/CLK                             3.000000   31.343210  -28.343210 (VIOLATED)
_57336_/CLK                             3.000000   31.343210  -28.343210 (VIOLATED)
_60537_/CLK                             3.000000   31.343210  -28.343210 (VIOLATED)
_60538_/CLK                             3.000000   31.343210  -28.343210 (VIOLATED)
_60539_/CLK                             3.000000   31.343210  -28.343210 (VIOLATED)
_60540_/CLK                             3.000000   31.343210  -28.343210 (VIOLATED)
_60541_/CLK                             3.000000   31.343210  -28.343210 (VIOLATED)
_60542_/CLK                             3.000000   31.343210  -28.343210 (VIOLATED)
_60543_/CLK                             3.000000   31.343210  -28.343210 (VIOLATED)
_60544_/CLK                             3.000000   31.343210  -28.343210 (VIOLATED)
_60545_/CLK                             3.000000   31.343210  -28.343210 (VIOLATED)
_60546_/CLK                             3.000000   31.343210  -28.343210 (VIOLATED)
_60547_/CLK                             3.000000   31.343210  -28.343210 (VIOLATED)
_60548_/CLK                             3.000000   31.343210  -28.343210 (VIOLATED)
_60549_/CLK                             3.000000   31.343210  -28.343210 (VIOLATED)
_60550_/CLK                             3.000000   31.343210  -28.343210 (VIOLATED)
_60551_/CLK                             3.000000   31.343210  -28.343210 (VIOLATED)
_60552_/CLK                             3.000000   31.343210  -28.343210 (VIOLATED)
_60553_/CLK                             3.000000   31.343210  -28.343210 (VIOLATED)
_60554_/CLK                             3.000000   31.343210  -28.343210 (VIOLATED)
_60555_/CLK                             3.000000   31.343210  -28.343210 (VIOLATED)
_60556_/CLK                             3.000000   31.343210  -28.343210 (VIOLATED)
_60557_/CLK                             3.000000   31.343210  -28.343210 (VIOLATED)
_60558_/CLK                             3.000000   31.343210  -28.343210 (VIOLATED)
_60559_/CLK                             3.000000   31.343210  -28.343210 (VIOLATED)
_60560_/CLK                             3.000000   31.343210  -28.343210 (VIOLATED)
_60561_/CLK                             3.000000   31.343210  -28.343210 (VIOLATED)
_60562_/CLK                             3.000000   31.343210  -28.343210 (VIOLATED)
_60563_/CLK                             3.000000   31.343210  -28.343210 (VIOLATED)
_60564_/CLK                             3.000000   31.343210  -28.343210 (VIOLATED)
_60565_/CLK                             3.000000   31.343210  -28.343210 (VIOLATED)
_60566_/CLK                             3.000000   31.343210  -28.343210 (VIOLATED)
_60567_/CLK                             3.000000   31.343210  -28.343210 (VIOLATED)
_60568_/CLK                             3.000000   31.343210  -28.343210 (VIOLATED)
_60569_/CLK                             3.000000   31.343210  -28.343210 (VIOLATED)
_60570_/CLK                             3.000000   31.343210  -28.343210 (VIOLATED)
_60571_/CLK                             3.000000   31.343210  -28.343210 (VIOLATED)
_60572_/CLK                             3.000000   31.343210  -28.343210 (VIOLATED)
_60573_/CLK                             3.000000   31.343210  -28.343210 (VIOLATED)
_60574_/CLK                             3.000000   31.343210  -28.343210 (VIOLATED)
_60575_/CLK                             3.000000   31.343210  -28.343210 (VIOLATED)
_60576_/CLK                             3.000000   31.343210  -28.343210 (VIOLATED)
_60577_/CLK                             3.000000   31.343210  -28.343210 (VIOLATED)
_60578_/CLK                             3.000000   31.343210  -28.343210 (VIOLATED)
_60579_/CLK                             3.000000   31.343210  -28.343210 (VIOLATED)
_60580_/CLK                             3.000000   31.343210  -28.343210 (VIOLATED)
_60581_/CLK                             3.000000   31.343210  -28.343210 (VIOLATED)
_60582_/CLK                             3.000000   31.343210  -28.343210 (VIOLATED)
_60583_/CLK                             3.000000   31.343210  -28.343210 (VIOLATED)
_60584_/CLK                             3.000000   31.343210  -28.343210 (VIOLATED)
_60585_/CLK                             3.000000   31.343210  -28.343210 (VIOLATED)
_60586_/CLK                             3.000000   31.343210  -28.343210 (VIOLATED)
_60587_/CLK                             3.000000   31.343210  -28.343210 (VIOLATED)
_60588_/CLK                             3.000000   31.343210  -28.343210 (VIOLATED)
_60589_/CLK                             3.000000   31.343210  -28.343210 (VIOLATED)
_60590_/CLK                             3.000000   31.343210  -28.343210 (VIOLATED)
_60591_/CLK                             3.000000   31.343210  -28.343210 (VIOLATED)
_60592_/CLK                             3.000000   31.343210  -28.343210 (VIOLATED)
_60593_/CLK                             3.000000   31.343210  -28.343210 (VIOLATED)
_60594_/CLK                             3.000000   31.343210  -28.343210 (VIOLATED)
_60595_/CLK                             3.000000   31.343210  -28.343210 (VIOLATED)
_60596_/CLK                             3.000000   31.343210  -28.343210 (VIOLATED)
_60597_/CLK                             3.000000   31.343210  -28.343210 (VIOLATED)
_60598_/CLK                             3.000000   31.343210  -28.343210 (VIOLATED)
_60599_/CLK                             3.000000   31.343210  -28.343210 (VIOLATED)
_60600_/CLK                             3.000000   31.343210  -28.343210 (VIOLATED)
_60601_/CLK                             3.000000   31.343210  -28.343210 (VIOLATED)
_60602_/CLK                             3.000000   31.343210  -28.343210 (VIOLATED)
_60603_/CLK                             3.000000   31.343210  -28.343210 (VIOLATED)
_60604_/CLK                             3.000000   31.343210  -28.343210 (VIOLATED)
_60605_/CLK                             3.000000   31.343210  -28.343210 (VIOLATED)
_60606_/CLK                             3.000000   31.343210  -28.343210 (VIOLATED)
_60607_/CLK                             3.000000   31.343210  -28.343210 (VIOLATED)
_60608_/CLK                             3.000000   31.343210  -28.343210 (VIOLATED)
_60609_/CLK                             3.000000   31.343210  -28.343210 (VIOLATED)
_60610_/CLK                             3.000000   31.343210  -28.343210 (VIOLATED)
_60611_/CLK                             3.000000   31.343210  -28.343210 (VIOLATED)
_60612_/CLK                             3.000000   31.343210  -28.343210 (VIOLATED)
_60613_/CLK                             3.000000   31.343210  -28.343210 (VIOLATED)
_60614_/CLK                             3.000000   31.343210  -28.343210 (VIOLATED)
_60615_/CLK                             3.000000   31.343210  -28.343210 (VIOLATED)
_60616_/CLK                             3.000000   31.343210  -28.343210 (VIOLATED)
_60617_/CLK                             3.000000   31.343210  -28.343210 (VIOLATED)
_60618_/CLK                             3.000000   31.343210  -28.343210 (VIOLATED)
_60619_/CLK                             3.000000   31.343210  -28.343210 (VIOLATED)
_60620_/CLK                             3.000000   31.343210  -28.343210 (VIOLATED)
_60621_/CLK                             3.000000   31.343210  -28.343210 (VIOLATED)
_60622_/CLK                             3.000000   31.343210  -28.343210 (VIOLATED)
_60623_/CLK                             3.000000   31.343210  -28.343210 (VIOLATED)
_60624_/CLK                             3.000000   31.343210  -28.343210 (VIOLATED)
_60625_/CLK                             3.000000   31.343210  -28.343210 (VIOLATED)
_60626_/CLK                             3.000000   31.343210  -28.343210 (VIOLATED)
_60627_/CLK                             3.000000   31.343210  -28.343210 (VIOLATED)
_60628_/CLK                             3.000000   31.343210  -28.343210 (VIOLATED)
_60629_/CLK                             3.000000   31.343210  -28.343210 (VIOLATED)
_60630_/CLK                             3.000000   31.343210  -28.343210 (VIOLATED)
_60631_/CLK                             3.000000   31.343210  -28.343210 (VIOLATED)
_60632_/CLK                             3.000000   31.343210  -28.343210 (VIOLATED)
_60633_/CLK                             3.000000   31.343210  -28.343210 (VIOLATED)
_60634_/CLK                             3.000000   31.343210  -28.343210 (VIOLATED)
_60635_/CLK                             3.000000   31.343210  -28.343210 (VIOLATED)
_60636_/CLK                             3.000000   31.343210  -28.343210 (VIOLATED)
_60637_/CLK                             3.000000   31.343210  -28.343210 (VIOLATED)
_60638_/CLK                             3.000000   31.343210  -28.343210 (VIOLATED)
_60639_/CLK                             3.000000   31.343210  -28.343210 (VIOLATED)
_60640_/CLK                             3.000000   31.343210  -28.343210 (VIOLATED)
_60641_/CLK                             3.000000   31.343210  -28.343210 (VIOLATED)
_60642_/CLK                             3.000000   31.343210  -28.343210 (VIOLATED)
_60643_/CLK                             3.000000   31.343210  -28.343210 (VIOLATED)
_60644_/CLK                             3.000000   31.343210  -28.343210 (VIOLATED)
_60645_/CLK                             3.000000   31.343210  -28.343210 (VIOLATED)
_60646_/CLK                             3.000000   31.343210  -28.343210 (VIOLATED)
_60647_/CLK                             3.000000   31.343210  -28.343210 (VIOLATED)
_60648_/CLK                             3.000000   31.343210  -28.343210 (VIOLATED)
_60649_/CLK                             3.000000   31.343210  -28.343210 (VIOLATED)
_60650_/CLK                             3.000000   31.343210  -28.343210 (VIOLATED)
_60651_/CLK                             3.000000   31.343210  -28.343210 (VIOLATED)
_60652_/CLK                             3.000000   31.343210  -28.343210 (VIOLATED)
_60653_/CLK                             3.000000   31.343210  -28.343210 (VIOLATED)
_60654_/CLK                             3.000000   31.343210  -28.343210 (VIOLATED)
_60655_/CLK                             3.000000   31.343210  -28.343210 (VIOLATED)
_60656_/CLK                             3.000000   31.343210  -28.343210 (VIOLATED)
_60657_/CLK                             3.000000   31.343210  -28.343210 (VIOLATED)
_60658_/CLK                             3.000000   31.343210  -28.343210 (VIOLATED)
_60659_/CLK                             3.000000   31.343210  -28.343210 (VIOLATED)
_60660_/CLK                             3.000000   31.343210  -28.343210 (VIOLATED)
_60661_/CLK                             3.000000   31.343210  -28.343210 (VIOLATED)
_60662_/CLK                             3.000000   31.343210  -28.343210 (VIOLATED)
_60663_/CLK                             3.000000   31.343210  -28.343210 (VIOLATED)
_60664_/CLK                             3.000000   31.343210  -28.343210 (VIOLATED)
_60665_/CLK                             3.000000   31.343210  -28.343210 (VIOLATED)
_60666_/CLK                             3.000000   31.343210  -28.343210 (VIOLATED)
_60667_/CLK                             3.000000   31.343210  -28.343210 (VIOLATED)
_60668_/CLK                             3.000000   31.343210  -28.343210 (VIOLATED)
_60669_/CLK                             3.000000   31.343210  -28.343210 (VIOLATED)
_60670_/CLK                             3.000000   31.343210  -28.343210 (VIOLATED)
_60671_/CLK                             3.000000   31.343210  -28.343210 (VIOLATED)
_60672_/CLK                             3.000000   31.343210  -28.343210 (VIOLATED)
_60673_/CLK                             3.000000   31.343210  -28.343210 (VIOLATED)
_60674_/CLK                             3.000000   31.343210  -28.343210 (VIOLATED)
_60675_/CLK                             3.000000   31.343210  -28.343210 (VIOLATED)
_60676_/CLK                             3.000000   31.343210  -28.343210 (VIOLATED)
_60677_/CLK                             3.000000   31.343210  -28.343210 (VIOLATED)
_60678_/CLK                             3.000000   31.343210  -28.343210 (VIOLATED)
_60679_/CLK                             3.000000   31.343210  -28.343210 (VIOLATED)
_60680_/CLK                             3.000000   31.343210  -28.343210 (VIOLATED)
_60681_/CLK                             3.000000   31.343210  -28.343210 (VIOLATED)
_60682_/CLK                             3.000000   31.343210  -28.343210 (VIOLATED)
_60683_/CLK                             3.000000   31.343210  -28.343210 (VIOLATED)
_60684_/CLK                             3.000000   31.343210  -28.343210 (VIOLATED)
_60685_/CLK                             3.000000   31.343210  -28.343210 (VIOLATED)
_60686_/CLK                             3.000000   31.343210  -28.343210 (VIOLATED)
_60687_/CLK                             3.000000   31.343210  -28.343210 (VIOLATED)
_60688_/CLK                             3.000000   31.343210  -28.343210 (VIOLATED)
_60689_/CLK                             3.000000   31.343210  -28.343210 (VIOLATED)
_60690_/CLK                             3.000000   31.343210  -28.343210 (VIOLATED)
_60691_/CLK                             3.000000   31.343210  -28.343210 (VIOLATED)
_60692_/CLK                             3.000000   31.343210  -28.343210 (VIOLATED)
_60693_/CLK                             3.000000   31.343210  -28.343210 (VIOLATED)
_60694_/CLK                             3.000000   31.343210  -28.343210 (VIOLATED)
_60695_/CLK                             3.000000   31.343210  -28.343210 (VIOLATED)
_60696_/CLK                             3.000000   31.343210  -28.343210 (VIOLATED)
_60697_/CLK                             3.000000   31.343210  -28.343210 (VIOLATED)
_60698_/CLK                             3.000000   31.343210  -28.343210 (VIOLATED)
_60699_/CLK                             3.000000   31.343210  -28.343210 (VIOLATED)
_60700_/CLK                             3.000000   31.343210  -28.343210 (VIOLATED)
_60701_/CLK                             3.000000   31.343210  -28.343210 (VIOLATED)
_60702_/CLK                             3.000000   31.343210  -28.343210 (VIOLATED)
_60703_/CLK                             3.000000   31.343210  -28.343210 (VIOLATED)
_60704_/CLK                             3.000000   31.343210  -28.343210 (VIOLATED)
_60705_/CLK                             3.000000   31.343210  -28.343210 (VIOLATED)
_60706_/CLK                             3.000000   31.343210  -28.343210 (VIOLATED)
_60707_/CLK                             3.000000   31.343210  -28.343210 (VIOLATED)
_60708_/CLK                             3.000000   31.343210  -28.343210 (VIOLATED)
_60709_/CLK                             3.000000   31.343210  -28.343210 (VIOLATED)
_60710_/CLK                             3.000000   31.343210  -28.343210 (VIOLATED)
_60711_/CLK                             3.000000   31.343210  -28.343210 (VIOLATED)
_60712_/CLK                             3.000000   31.343210  -28.343210 (VIOLATED)
_60713_/CLK                             3.000000   31.343210  -28.343210 (VIOLATED)
_60714_/CLK                             3.000000   31.343210  -28.343210 (VIOLATED)
_60715_/CLK                             3.000000   31.343210  -28.343210 (VIOLATED)
_60716_/CLK                             3.000000   31.343210  -28.343210 (VIOLATED)
_60717_/CLK                             3.000000   31.343210  -28.343210 (VIOLATED)
_60718_/CLK                             3.000000   31.343210  -28.343210 (VIOLATED)
_60719_/CLK                             3.000000   31.343210  -28.343210 (VIOLATED)
_60720_/CLK                             3.000000   31.343210  -28.343210 (VIOLATED)
_60721_/CLK                             3.000000   31.343210  -28.343210 (VIOLATED)
_60722_/CLK                             3.000000   31.343210  -28.343210 (VIOLATED)
_60723_/CLK                             3.000000   31.343210  -28.343210 (VIOLATED)
_60724_/CLK                             3.000000   31.343210  -28.343210 (VIOLATED)
_60725_/CLK                             3.000000   31.343210  -28.343210 (VIOLATED)
_60726_/CLK                             3.000000   31.343210  -28.343210 (VIOLATED)
_60727_/CLK                             3.000000   31.343210  -28.343210 (VIOLATED)
_60728_/CLK                             3.000000   31.343210  -28.343210 (VIOLATED)
_60729_/CLK                             3.000000   31.343210  -28.343210 (VIOLATED)
_60730_/CLK                             3.000000   31.343210  -28.343210 (VIOLATED)
_60731_/CLK                             3.000000   31.343210  -28.343210 (VIOLATED)
_60732_/CLK                             3.000000   31.343210  -28.343210 (VIOLATED)
_60733_/CLK                             3.000000   31.343210  -28.343210 (VIOLATED)
_60734_/CLK                             3.000000   31.343210  -28.343210 (VIOLATED)
_60735_/CLK                             3.000000   31.343210  -28.343210 (VIOLATED)
_60736_/CLK                             3.000000   31.343210  -28.343210 (VIOLATED)
_60737_/CLK                             3.000000   31.343210  -28.343210 (VIOLATED)
_60738_/CLK                             3.000000   31.343210  -28.343210 (VIOLATED)
_60739_/CLK                             3.000000   31.343210  -28.343210 (VIOLATED)
_60740_/CLK                             3.000000   31.343210  -28.343210 (VIOLATED)
_60741_/CLK                             3.000000   31.343210  -28.343210 (VIOLATED)
_60742_/CLK                             3.000000   31.343210  -28.343210 (VIOLATED)
_60743_/CLK                             3.000000   31.343210  -28.343210 (VIOLATED)
_60744_/CLK                             3.000000   31.343210  -28.343210 (VIOLATED)
_60745_/CLK                             3.000000   31.343210  -28.343210 (VIOLATED)
_60746_/CLK                             3.000000   31.343210  -28.343210 (VIOLATED)
_60747_/CLK                             3.000000   31.343210  -28.343210 (VIOLATED)
_60748_/CLK                             3.000000   31.343210  -28.343210 (VIOLATED)
_60749_/CLK                             3.000000   31.343210  -28.343210 (VIOLATED)
_60750_/CLK                             3.000000   31.343210  -28.343210 (VIOLATED)
_60751_/CLK                             3.000000   31.343210  -28.343210 (VIOLATED)
_60752_/CLK                             3.000000   31.343210  -28.343210 (VIOLATED)
_60753_/CLK                             3.000000   31.343210  -28.343210 (VIOLATED)
_60754_/CLK                             3.000000   31.343210  -28.343210 (VIOLATED)
_60755_/CLK                             3.000000   31.343210  -28.343210 (VIOLATED)
_60756_/CLK                             3.000000   31.343210  -28.343210 (VIOLATED)
_60757_/CLK                             3.000000   31.343210  -28.343210 (VIOLATED)
_60758_/CLK                             3.000000   31.343210  -28.343210 (VIOLATED)
_60759_/CLK                             3.000000   31.343210  -28.343210 (VIOLATED)
_60760_/CLK                             3.000000   31.343210  -28.343210 (VIOLATED)
_60761_/CLK                             3.000000   31.343210  -28.343210 (VIOLATED)
_60762_/CLK                             3.000000   31.343210  -28.343210 (VIOLATED)
_60763_/CLK                             3.000000   31.343210  -28.343210 (VIOLATED)
_60764_/CLK                             3.000000   31.343210  -28.343210 (VIOLATED)
_60765_/CLK                             3.000000   31.343210  -28.343210 (VIOLATED)
_60766_/CLK                             3.000000   31.343210  -28.343210 (VIOLATED)
_60767_/CLK                             3.000000   31.343210  -28.343210 (VIOLATED)
_60768_/CLK                             3.000000   31.343210  -28.343210 (VIOLATED)
_60769_/CLK                             3.000000   31.343210  -28.343210 (VIOLATED)
_60770_/CLK                             3.000000   31.343210  -28.343210 (VIOLATED)
_60771_/CLK                             3.000000   31.343210  -28.343210 (VIOLATED)
_60772_/CLK                             3.000000   31.343210  -28.343210 (VIOLATED)
_60773_/CLK                             3.000000   31.343210  -28.343210 (VIOLATED)
_60774_/CLK                             3.000000   31.343210  -28.343210 (VIOLATED)
_60775_/CLK                             3.000000   31.343210  -28.343210 (VIOLATED)
_60776_/CLK                             3.000000   31.343210  -28.343210 (VIOLATED)
_60777_/CLK                             3.000000   31.343210  -28.343210 (VIOLATED)
_60778_/CLK                             3.000000   31.343210  -28.343210 (VIOLATED)
_60779_/CLK                             3.000000   31.343210  -28.343210 (VIOLATED)
_60780_/CLK                             3.000000   31.343210  -28.343210 (VIOLATED)
_60781_/CLK                             3.000000   31.343210  -28.343210 (VIOLATED)
_60782_/CLK                             3.000000   31.343210  -28.343210 (VIOLATED)
_60783_/CLK                             3.000000   31.343210  -28.343210 (VIOLATED)
_60784_/CLK                             3.000000   31.343210  -28.343210 (VIOLATED)
_60785_/CLK                             3.000000   31.343210  -28.343210 (VIOLATED)
_60786_/CLK                             3.000000   31.343210  -28.343210 (VIOLATED)
_60787_/CLK                             3.000000   31.343210  -28.343210 (VIOLATED)
_60788_/CLK                             3.000000   31.343210  -28.343210 (VIOLATED)
_60789_/CLK                             3.000000   31.343210  -28.343210 (VIOLATED)
_60790_/CLK                             3.000000   31.343210  -28.343210 (VIOLATED)
_60791_/CLK                             3.000000   31.343210  -28.343210 (VIOLATED)
_60792_/CLK                             3.000000   31.343210  -28.343210 (VIOLATED)
_60793_/CLK                             3.000000   31.343210  -28.343210 (VIOLATED)
_60794_/CLK                             3.000000   31.343210  -28.343210 (VIOLATED)
_60795_/CLK                             3.000000   31.343210  -28.343210 (VIOLATED)
_60796_/CLK                             3.000000   31.343210  -28.343210 (VIOLATED)
_60797_/CLK                             3.000000   31.343210  -28.343210 (VIOLATED)
_60798_/CLK                             3.000000   31.343210  -28.343210 (VIOLATED)
_60799_/CLK                             3.000000   31.343210  -28.343210 (VIOLATED)
_60800_/CLK                             3.000000   31.343210  -28.343210 (VIOLATED)
_60801_/CLK                             3.000000   31.343210  -28.343210 (VIOLATED)
_60802_/CLK                             3.000000   31.343210  -28.343210 (VIOLATED)
_60803_/CLK                             3.000000   31.343210  -28.343210 (VIOLATED)
_60804_/CLK                             3.000000   31.343210  -28.343210 (VIOLATED)
_60805_/CLK                             3.000000   31.343210  -28.343210 (VIOLATED)
_60806_/CLK                             3.000000   31.343210  -28.343210 (VIOLATED)
_60807_/CLK                             3.000000   31.343210  -28.343210 (VIOLATED)
_60808_/CLK                             3.000000   31.343210  -28.343210 (VIOLATED)
_60809_/CLK                             3.000000   31.343210  -28.343210 (VIOLATED)
_60810_/CLK                             3.000000   31.343210  -28.343210 (VIOLATED)
_60811_/CLK                             3.000000   31.343210  -28.343210 (VIOLATED)
_60812_/CLK                             3.000000   31.343210  -28.343210 (VIOLATED)
_60813_/CLK                             3.000000   31.343210  -28.343210 (VIOLATED)
_60814_/CLK                             3.000000   31.343210  -28.343210 (VIOLATED)
_60815_/CLK                             3.000000   31.343210  -28.343210 (VIOLATED)
_60816_/CLK                             3.000000   31.343210  -28.343210 (VIOLATED)
_60817_/CLK                             3.000000   31.343210  -28.343210 (VIOLATED)
_60818_/CLK                             3.000000   31.343210  -28.343210 (VIOLATED)
_60819_/CLK                             3.000000   31.343210  -28.343210 (VIOLATED)
_60820_/CLK                             3.000000   31.343210  -28.343210 (VIOLATED)
_60821_/CLK                             3.000000   31.343210  -28.343210 (VIOLATED)
_60822_/CLK                             3.000000   31.343210  -28.343210 (VIOLATED)
_60823_/CLK                             3.000000   31.343210  -28.343210 (VIOLATED)
_60824_/CLK                             3.000000   31.343210  -28.343210 (VIOLATED)
_60825_/CLK                             3.000000   31.343210  -28.343210 (VIOLATED)
_60826_/CLK                             3.000000   31.343210  -28.343210 (VIOLATED)
_60827_/CLK                             3.000000   31.343210  -28.343210 (VIOLATED)
_60828_/CLK                             3.000000   31.343210  -28.343210 (VIOLATED)
_60829_/CLK                             3.000000   31.343210  -28.343210 (VIOLATED)
_60830_/CLK                             3.000000   31.343210  -28.343210 (VIOLATED)
_60831_/CLK                             3.000000   31.343210  -28.343210 (VIOLATED)
_60832_/CLK                             3.000000   31.343210  -28.343210 (VIOLATED)
_60833_/CLK                             3.000000   31.343210  -28.343210 (VIOLATED)
_60834_/CLK                             3.000000   31.343210  -28.343210 (VIOLATED)
_60835_/CLK                             3.000000   31.343210  -28.343210 (VIOLATED)
_60836_/CLK                             3.000000   31.343210  -28.343210 (VIOLATED)
_60837_/CLK                             3.000000   31.343210  -28.343210 (VIOLATED)
_60838_/CLK                             3.000000   31.343210  -28.343210 (VIOLATED)
_60839_/CLK                             3.000000   31.343210  -28.343210 (VIOLATED)
_60840_/CLK                             3.000000   31.343210  -28.343210 (VIOLATED)
_60841_/CLK                             3.000000   31.343210  -28.343210 (VIOLATED)
_60842_/CLK                             3.000000   31.343210  -28.343210 (VIOLATED)
_60843_/CLK                             3.000000   31.343210  -28.343210 (VIOLATED)
_60844_/CLK                             3.000000   31.343210  -28.343210 (VIOLATED)
_60845_/CLK                             3.000000   31.343210  -28.343210 (VIOLATED)
_60846_/CLK                             3.000000   31.343210  -28.343210 (VIOLATED)
_60847_/CLK                             3.000000   31.343210  -28.343210 (VIOLATED)
_60848_/CLK                             3.000000   31.343210  -28.343210 (VIOLATED)
_60849_/CLK                             3.000000   31.343210  -28.343210 (VIOLATED)
_60850_/CLK                             3.000000   31.343210  -28.343210 (VIOLATED)
_60851_/CLK                             3.000000   31.343210  -28.343210 (VIOLATED)
_60852_/CLK                             3.000000   31.343210  -28.343210 (VIOLATED)
_60853_/CLK                             3.000000   31.343210  -28.343210 (VIOLATED)
_60854_/CLK                             3.000000   31.343210  -28.343210 (VIOLATED)
_60855_/CLK                             3.000000   31.343210  -28.343210 (VIOLATED)
_60856_/CLK                             3.000000   31.343210  -28.343210 (VIOLATED)
_60857_/CLK                             3.000000   31.343210  -28.343210 (VIOLATED)
_60858_/CLK                             3.000000   31.343210  -28.343210 (VIOLATED)
_60859_/CLK                             3.000000   31.343210  -28.343210 (VIOLATED)
_60860_/CLK                             3.000000   31.343210  -28.343210 (VIOLATED)
_60861_/CLK                             3.000000   31.343210  -28.343210 (VIOLATED)
_60862_/CLK                             3.000000   31.343210  -28.343210 (VIOLATED)
_60863_/CLK                             3.000000   31.343210  -28.343210 (VIOLATED)
_60864_/CLK                             3.000000   31.343210  -28.343210 (VIOLATED)
_60865_/CLK                             3.000000   31.343210  -28.343210 (VIOLATED)
_60866_/CLK                             3.000000   31.343210  -28.343210 (VIOLATED)
_60867_/CLK                             3.000000   31.343210  -28.343210 (VIOLATED)
_60868_/CLK                             3.000000   31.343210  -28.343210 (VIOLATED)
_60869_/CLK                             3.000000   31.343210  -28.343210 (VIOLATED)
_60870_/CLK                             3.000000   31.343210  -28.343210 (VIOLATED)
_60871_/CLK                             3.000000   31.343210  -28.343210 (VIOLATED)
_60872_/CLK                             3.000000   31.343210  -28.343210 (VIOLATED)
_60873_/CLK                             3.000000   31.343210  -28.343210 (VIOLATED)
_60874_/CLK                             3.000000   31.343210  -28.343210 (VIOLATED)
_60875_/CLK                             3.000000   31.343210  -28.343210 (VIOLATED)
_60876_/CLK                             3.000000   31.343210  -28.343210 (VIOLATED)
_60877_/CLK                             3.000000   31.343210  -28.343210 (VIOLATED)
_60878_/CLK                             3.000000   31.343210  -28.343210 (VIOLATED)
_60879_/CLK                             3.000000   31.343210  -28.343210 (VIOLATED)
_60880_/CLK                             3.000000   31.343210  -28.343210 (VIOLATED)
_60881_/CLK                             3.000000   31.343210  -28.343210 (VIOLATED)
_60882_/CLK                             3.000000   31.343210  -28.343210 (VIOLATED)
_60883_/CLK                             3.000000   31.343210  -28.343210 (VIOLATED)
_60884_/CLK                             3.000000   31.343210  -28.343210 (VIOLATED)
_60885_/CLK                             3.000000   31.343210  -28.343210 (VIOLATED)
_60886_/CLK                             3.000000   31.343210  -28.343210 (VIOLATED)
_60887_/CLK                             3.000000   31.343210  -28.343210 (VIOLATED)
_60888_/CLK                             3.000000   31.343210  -28.343210 (VIOLATED)
_60889_/CLK                             3.000000   31.343210  -28.343210 (VIOLATED)
_60890_/CLK                             3.000000   31.343210  -28.343210 (VIOLATED)
_60891_/CLK                             3.000000   31.343210  -28.343210 (VIOLATED)
_60892_/CLK                             3.000000   31.343210  -28.343210 (VIOLATED)
_60893_/CLK                             3.000000   31.343210  -28.343210 (VIOLATED)
_60894_/CLK                             3.000000   31.343210  -28.343210 (VIOLATED)
_60895_/CLK                             3.000000   31.343210  -28.343210 (VIOLATED)
_60896_/CLK                             3.000000   31.343210  -28.343210 (VIOLATED)
_60897_/CLK                             3.000000   31.343210  -28.343210 (VIOLATED)
_60898_/CLK                             3.000000   31.343210  -28.343210 (VIOLATED)
_60899_/CLK                             3.000000   31.343210  -28.343210 (VIOLATED)
_60900_/CLK                             3.000000   31.343210  -28.343210 (VIOLATED)
_60901_/CLK                             3.000000   31.343210  -28.343210 (VIOLATED)
_60902_/CLK                             3.000000   31.343210  -28.343210 (VIOLATED)
_60903_/CLK                             3.000000   31.343210  -28.343210 (VIOLATED)
_60904_/CLK                             3.000000   31.343210  -28.343210 (VIOLATED)
_60905_/CLK                             3.000000   31.343210  -28.343210 (VIOLATED)
_60906_/CLK                             3.000000   31.343210  -28.343210 (VIOLATED)
_60907_/CLK                             3.000000   31.343210  -28.343210 (VIOLATED)
_60908_/CLK                             3.000000   31.343210  -28.343210 (VIOLATED)
_60909_/CLK                             3.000000   31.343210  -28.343210 (VIOLATED)
_60910_/CLK                             3.000000   31.343210  -28.343210 (VIOLATED)
_60911_/CLK                             3.000000   31.343210  -28.343210 (VIOLATED)
_60912_/CLK                             3.000000   31.343210  -28.343210 (VIOLATED)
_60913_/CLK                             3.000000   31.343210  -28.343210 (VIOLATED)
_60914_/CLK                             3.000000   31.343210  -28.343210 (VIOLATED)
_60915_/CLK                             3.000000   31.343210  -28.343210 (VIOLATED)
_60916_/CLK                             3.000000   31.343210  -28.343210 (VIOLATED)
_60917_/CLK                             3.000000   31.343210  -28.343210 (VIOLATED)
_60918_/CLK                             3.000000   31.343210  -28.343210 (VIOLATED)
_60919_/CLK                             3.000000   31.343210  -28.343210 (VIOLATED)
_60920_/CLK                             3.000000   31.343210  -28.343210 (VIOLATED)
_60921_/CLK                             3.000000   31.343210  -28.343210 (VIOLATED)
_60922_/CLK                             3.000000   31.343210  -28.343210 (VIOLATED)
_60923_/CLK                             3.000000   31.343210  -28.343210 (VIOLATED)
_60924_/CLK                             3.000000   31.343210  -28.343210 (VIOLATED)
_60925_/CLK                             3.000000   31.343210  -28.343210 (VIOLATED)
_60926_/CLK                             3.000000   31.343210  -28.343210 (VIOLATED)
_60927_/CLK                             3.000000   31.343210  -28.343210 (VIOLATED)
_60928_/CLK                             3.000000   31.343210  -28.343210 (VIOLATED)
_60929_/CLK                             3.000000   31.343210  -28.343210 (VIOLATED)
_60930_/CLK                             3.000000   31.343210  -28.343210 (VIOLATED)
_60931_/CLK                             3.000000   31.343210  -28.343210 (VIOLATED)
_60932_/CLK                             3.000000   31.343210  -28.343210 (VIOLATED)
_60933_/CLK                             3.000000   31.343210  -28.343210 (VIOLATED)
_60934_/CLK                             3.000000   31.343210  -28.343210 (VIOLATED)
_60935_/CLK                             3.000000   31.343210  -28.343210 (VIOLATED)
_60936_/CLK                             3.000000   31.343210  -28.343210 (VIOLATED)
_60937_/CLK                             3.000000   31.343210  -28.343210 (VIOLATED)
_60938_/CLK                             3.000000   31.343210  -28.343210 (VIOLATED)
_60939_/CLK                             3.000000   31.343210  -28.343210 (VIOLATED)
_60940_/CLK                             3.000000   31.343210  -28.343210 (VIOLATED)
_60941_/CLK                             3.000000   31.343210  -28.343210 (VIOLATED)
_60942_/CLK                             3.000000   31.343210  -28.343210 (VIOLATED)
_60943_/CLK                             3.000000   31.343210  -28.343210 (VIOLATED)
_60944_/CLK                             3.000000   31.343210  -28.343210 (VIOLATED)
_60945_/CLK                             3.000000   31.343210  -28.343210 (VIOLATED)
_60946_/CLK                             3.000000   31.343210  -28.343210 (VIOLATED)
_60947_/CLK                             3.000000   31.343210  -28.343210 (VIOLATED)
_60948_/CLK                             3.000000   31.343210  -28.343210 (VIOLATED)
_60949_/CLK                             3.000000   31.343210  -28.343210 (VIOLATED)
_60950_/CLK                             3.000000   31.343210  -28.343210 (VIOLATED)
_60951_/CLK                             3.000000   31.343210  -28.343210 (VIOLATED)
_60952_/CLK                             3.000000   31.343210  -28.343210 (VIOLATED)
_60953_/CLK                             3.000000   31.343210  -28.343210 (VIOLATED)
_60954_/CLK                             3.000000   31.343210  -28.343210 (VIOLATED)
_60955_/CLK                             3.000000   31.343210  -28.343210 (VIOLATED)
_60956_/CLK                             3.000000   31.343210  -28.343210 (VIOLATED)
_60957_/CLK                             3.000000   31.343210  -28.343210 (VIOLATED)
_60958_/CLK                             3.000000   31.343210  -28.343210 (VIOLATED)
_60959_/CLK                             3.000000   31.343210  -28.343210 (VIOLATED)
_60960_/CLK                             3.000000   31.343210  -28.343210 (VIOLATED)
_60961_/CLK                             3.000000   31.343210  -28.343210 (VIOLATED)
_60962_/CLK                             3.000000   31.343210  -28.343210 (VIOLATED)
_60963_/CLK                             3.000000   31.343210  -28.343210 (VIOLATED)
_60964_/CLK                             3.000000   31.343210  -28.343210 (VIOLATED)
_60965_/CLK                             3.000000   31.343210  -28.343210 (VIOLATED)
_60966_/CLK                             3.000000   31.343210  -28.343210 (VIOLATED)
_60967_/CLK                             3.000000   31.343210  -28.343210 (VIOLATED)
_60968_/CLK                             3.000000   31.343210  -28.343210 (VIOLATED)
_60969_/CLK                             3.000000   31.343210  -28.343210 (VIOLATED)
_60970_/CLK                             3.000000   31.343210  -28.343210 (VIOLATED)
_60971_/CLK                             3.000000   31.343210  -28.343210 (VIOLATED)
_60972_/CLK                             3.000000   31.343210  -28.343210 (VIOLATED)
_60973_/CLK                             3.000000   31.343210  -28.343210 (VIOLATED)
_60974_/CLK                             3.000000   31.343210  -28.343210 (VIOLATED)
_60975_/CLK                             3.000000   31.343210  -28.343210 (VIOLATED)
_60976_/CLK                             3.000000   31.343210  -28.343210 (VIOLATED)
_60977_/CLK                             3.000000   31.343210  -28.343210 (VIOLATED)
_60978_/CLK                             3.000000   31.343210  -28.343210 (VIOLATED)
_60979_/CLK                             3.000000   31.343210  -28.343210 (VIOLATED)
_60980_/CLK                             3.000000   31.343210  -28.343210 (VIOLATED)
_60981_/CLK                             3.000000   31.343210  -28.343210 (VIOLATED)
_60982_/CLK                             3.000000   31.343210  -28.343210 (VIOLATED)
_60983_/CLK                             3.000000   31.343210  -28.343210 (VIOLATED)
_60984_/CLK                             3.000000   31.343210  -28.343210 (VIOLATED)
_60985_/CLK                             3.000000   31.343210  -28.343210 (VIOLATED)
_60986_/CLK                             3.000000   31.343210  -28.343210 (VIOLATED)
_60987_/CLK                             3.000000   31.343210  -28.343210 (VIOLATED)
_60988_/CLK                             3.000000   31.343210  -28.343210 (VIOLATED)
_60989_/CLK                             3.000000   31.343210  -28.343210 (VIOLATED)
_60990_/CLK                             3.000000   31.343210  -28.343210 (VIOLATED)
_60991_/CLK                             3.000000   31.343210  -28.343210 (VIOLATED)
_60992_/CLK                             3.000000   31.343210  -28.343210 (VIOLATED)
_60993_/CLK                             3.000000   31.343210  -28.343210 (VIOLATED)
_60994_/CLK                             3.000000   31.343210  -28.343210 (VIOLATED)
_60995_/CLK                             3.000000   31.343210  -28.343210 (VIOLATED)
_60996_/CLK                             3.000000   31.343210  -28.343210 (VIOLATED)
_60997_/CLK                             3.000000   31.343210  -28.343210 (VIOLATED)
_60998_/CLK                             3.000000   31.343210  -28.343210 (VIOLATED)
_60999_/CLK                             3.000000   31.343210  -28.343210 (VIOLATED)
_61000_/CLK                             3.000000   31.343210  -28.343210 (VIOLATED)
_61001_/CLK                             3.000000   31.343210  -28.343210 (VIOLATED)
_61002_/CLK                             3.000000   31.343210  -28.343210 (VIOLATED)
_61003_/CLK                             3.000000   31.343210  -28.343210 (VIOLATED)
_61004_/CLK                             3.000000   31.343210  -28.343210 (VIOLATED)
_61005_/CLK                             3.000000   31.343210  -28.343210 (VIOLATED)
_61006_/CLK                             3.000000   31.343210  -28.343210 (VIOLATED)
_61007_/CLK                             3.000000   31.343210  -28.343210 (VIOLATED)
_61008_/CLK                             3.000000   31.343210  -28.343210 (VIOLATED)
_61009_/CLK                             3.000000   31.343210  -28.343210 (VIOLATED)
_61010_/CLK                             3.000000   31.343210  -28.343210 (VIOLATED)
_61011_/CLK                             3.000000   31.343210  -28.343210 (VIOLATED)
_61012_/CLK                             3.000000   31.343210  -28.343210 (VIOLATED)
_61013_/CLK                             3.000000   31.343210  -28.343210 (VIOLATED)
_61014_/CLK                             3.000000   31.343210  -28.343210 (VIOLATED)
_61015_/CLK                             3.000000   31.343210  -28.343210 (VIOLATED)
_61016_/CLK                             3.000000   31.343210  -28.343210 (VIOLATED)
_61017_/CLK                             3.000000   31.343210  -28.343210 (VIOLATED)
_61018_/CLK                             3.000000   31.343210  -28.343210 (VIOLATED)
_61019_/CLK                             3.000000   31.343210  -28.343210 (VIOLATED)
_61020_/CLK                             3.000000   31.343210  -28.343210 (VIOLATED)
_61021_/CLK                             3.000000   31.343210  -28.343210 (VIOLATED)
_61022_/CLK                             3.000000   31.343210  -28.343210 (VIOLATED)
_61023_/CLK                             3.000000   31.343210  -28.343210 (VIOLATED)
_61024_/CLK                             3.000000   31.343210  -28.343210 (VIOLATED)
_61025_/CLK                             3.000000   31.343210  -28.343210 (VIOLATED)
_61026_/CLK                             3.000000   31.343210  -28.343210 (VIOLATED)
_61027_/CLK                             3.000000   31.343210  -28.343210 (VIOLATED)
_61028_/CLK                             3.000000   31.343210  -28.343210 (VIOLATED)
_61029_/CLK                             3.000000   31.343210  -28.343210 (VIOLATED)
_61030_/CLK                             3.000000   31.343210  -28.343210 (VIOLATED)
_61031_/CLK                             3.000000   31.343210  -28.343210 (VIOLATED)
_61032_/CLK                             3.000000   31.343210  -28.343210 (VIOLATED)
_61033_/CLK                             3.000000   31.343210  -28.343210 (VIOLATED)
_61034_/CLK                             3.000000   31.343210  -28.343210 (VIOLATED)
_61035_/CLK                             3.000000   31.343210  -28.343210 (VIOLATED)
_61036_/CLK                             3.000000   31.343210  -28.343210 (VIOLATED)
_61037_/CLK                             3.000000   31.343210  -28.343210 (VIOLATED)
_61038_/CLK                             3.000000   31.343210  -28.343210 (VIOLATED)
_61039_/CLK                             3.000000   31.343210  -28.343210 (VIOLATED)
_61040_/CLK                             3.000000   31.343210  -28.343210 (VIOLATED)
_61041_/CLK                             3.000000   31.343210  -28.343210 (VIOLATED)
_61042_/CLK                             3.000000   31.343210  -28.343210 (VIOLATED)
_61043_/CLK                             3.000000   31.343210  -28.343210 (VIOLATED)
_61044_/CLK                             3.000000   31.343210  -28.343210 (VIOLATED)
_61045_/CLK                             3.000000   31.343210  -28.343210 (VIOLATED)
_61046_/CLK                             3.000000   31.343210  -28.343210 (VIOLATED)
_61047_/CLK                             3.000000   31.343210  -28.343210 (VIOLATED)
_61048_/CLK                             3.000000   31.343210  -28.343210 (VIOLATED)
_61049_/CLK                             3.000000   31.343210  -28.343210 (VIOLATED)
_61050_/CLK                             3.000000   31.343210  -28.343210 (VIOLATED)
_61051_/CLK                             3.000000   31.343210  -28.343210 (VIOLATED)
_61052_/CLK                             3.000000   31.343210  -28.343210 (VIOLATED)
_61053_/CLK                             3.000000   31.343210  -28.343210 (VIOLATED)
_61054_/CLK                             3.000000   31.343210  -28.343210 (VIOLATED)
_61055_/CLK                             3.000000   31.343210  -28.343210 (VIOLATED)
_61056_/CLK                             3.000000   31.343210  -28.343210 (VIOLATED)
_61057_/CLK                             3.000000   31.343210  -28.343210 (VIOLATED)
_61058_/CLK                             3.000000   31.343210  -28.343210 (VIOLATED)
_61059_/CLK                             3.000000   31.343210  -28.343210 (VIOLATED)
_61060_/CLK                             3.000000   31.343210  -28.343210 (VIOLATED)
_61061_/CLK                             3.000000   31.343210  -28.343210 (VIOLATED)
_61062_/CLK                             3.000000   31.343210  -28.343210 (VIOLATED)
_61063_/CLK                             3.000000   31.343210  -28.343210 (VIOLATED)
_61064_/CLK                             3.000000   31.343210  -28.343210 (VIOLATED)
_61065_/CLK                             3.000000   31.343210  -28.343210 (VIOLATED)
_61066_/CLK                             3.000000   31.343210  -28.343210 (VIOLATED)
_61067_/CLK                             3.000000   31.343210  -28.343210 (VIOLATED)
_61068_/CLK                             3.000000   31.343210  -28.343210 (VIOLATED)
_61069_/CLK                             3.000000   31.343210  -28.343210 (VIOLATED)
_61070_/CLK                             3.000000   31.343210  -28.343210 (VIOLATED)
_61071_/CLK                             3.000000   31.343210  -28.343210 (VIOLATED)
_61072_/CLK                             3.000000   31.343210  -28.343210 (VIOLATED)
_61073_/CLK                             3.000000   31.343210  -28.343210 (VIOLATED)
_61074_/CLK                             3.000000   31.343210  -28.343210 (VIOLATED)
_61075_/CLK                             3.000000   31.343210  -28.343210 (VIOLATED)
_61076_/CLK                             3.000000   31.343210  -28.343210 (VIOLATED)
_61077_/CLK                             3.000000   31.343210  -28.343210 (VIOLATED)
_61078_/CLK                             3.000000   31.343210  -28.343210 (VIOLATED)
_61079_/CLK                             3.000000   31.343210  -28.343210 (VIOLATED)
_61080_/CLK                             3.000000   31.343210  -28.343210 (VIOLATED)
_61081_/CLK                             3.000000   31.343210  -28.343210 (VIOLATED)
_61082_/CLK                             3.000000   31.343210  -28.343210 (VIOLATED)
_61083_/CLK                             3.000000   31.343210  -28.343210 (VIOLATED)
_61084_/CLK                             3.000000   31.343210  -28.343210 (VIOLATED)
_61085_/CLK                             3.000000   31.343210  -28.343210 (VIOLATED)
_61086_/CLK                             3.000000   31.343210  -28.343210 (VIOLATED)
_61087_/CLK                             3.000000   31.343210  -28.343210 (VIOLATED)
_61088_/CLK                             3.000000   31.343210  -28.343210 (VIOLATED)
_61089_/CLK                             3.000000   31.343210  -28.343210 (VIOLATED)
_61090_/CLK                             3.000000   31.343210  -28.343210 (VIOLATED)
_61091_/CLK                             3.000000   31.343210  -28.343210 (VIOLATED)
_61092_/CLK                             3.000000   31.343210  -28.343210 (VIOLATED)
_61093_/CLK                             3.000000   31.343210  -28.343210 (VIOLATED)
_61094_/CLK                             3.000000   31.343210  -28.343210 (VIOLATED)
_61095_/CLK                             3.000000   31.343210  -28.343210 (VIOLATED)
_61765_/CLK                             3.000000   31.343210  -28.343210 (VIOLATED)
_61766_/CLK                             3.000000   31.343210  -28.343210 (VIOLATED)
_61767_/CLK                             3.000000   31.343210  -28.343210 (VIOLATED)
_61768_/CLK                             3.000000   31.343210  -28.343210 (VIOLATED)
_61769_/CLK                             3.000000   31.343210  -28.343210 (VIOLATED)
_61770_/CLK                             3.000000   31.343210  -28.343210 (VIOLATED)
_61771_/CLK                             3.000000   31.343210  -28.343210 (VIOLATED)
_61772_/CLK                             3.000000   31.343210  -28.343210 (VIOLATED)
_61773_/CLK                             3.000000   31.343210  -28.343210 (VIOLATED)
_61774_/CLK                             3.000000   31.343210  -28.343210 (VIOLATED)
_61775_/CLK                             3.000000   31.343210  -28.343210 (VIOLATED)
_61776_/CLK                             3.000000   31.343210  -28.343210 (VIOLATED)
_61777_/CLK                             3.000000   31.343210  -28.343210 (VIOLATED)
_61778_/CLK                             3.000000   31.343210  -28.343210 (VIOLATED)
_61779_/CLK                             3.000000   31.343210  -28.343210 (VIOLATED)
_61780_/CLK                             3.000000   31.343210  -28.343210 (VIOLATED)
_61781_/CLK                             3.000000   31.343210  -28.343210 (VIOLATED)
_61782_/CLK                             3.000000   31.343210  -28.343210 (VIOLATED)
_61783_/CLK                             3.000000   31.343210  -28.343210 (VIOLATED)
_61784_/CLK                             3.000000   31.343210  -28.343210 (VIOLATED)
_61785_/CLK                             3.000000   31.343210  -28.343210 (VIOLATED)
_61786_/CLK                             3.000000   31.343210  -28.343210 (VIOLATED)
_61787_/CLK                             3.000000   31.343210  -28.343210 (VIOLATED)
_61788_/CLK                             3.000000   31.343210  -28.343210 (VIOLATED)
_61789_/CLK                             3.000000   31.343210  -28.343210 (VIOLATED)
_61790_/CLK                             3.000000   31.343210  -28.343210 (VIOLATED)
_61791_/CLK                             3.000000   31.343210  -28.343210 (VIOLATED)
_61792_/CLK                             3.000000   31.343210  -28.343210 (VIOLATED)
_61793_/CLK                             3.000000   31.343210  -28.343210 (VIOLATED)
_61794_/CLK                             3.000000   31.343210  -28.343210 (VIOLATED)
_61795_/CLK                             3.000000   31.343210  -28.343210 (VIOLATED)
_61796_/CLK                             3.000000   31.343210  -28.343210 (VIOLATED)
_61797_/CLK                             3.000000   31.343210  -28.343210 (VIOLATED)
_61798_/CLK                             3.000000   31.343210  -28.343210 (VIOLATED)
_61799_/CLK                             3.000000   31.343210  -28.343210 (VIOLATED)
_61800_/CLK                             3.000000   31.343210  -28.343210 (VIOLATED)
_61801_/CLK                             3.000000   31.343210  -28.343210 (VIOLATED)
_61802_/CLK                             3.000000   31.343210  -28.343210 (VIOLATED)
_61803_/CLK                             3.000000   31.343210  -28.343210 (VIOLATED)
_61804_/CLK                             3.000000   31.343210  -28.343210 (VIOLATED)
_61805_/CLK                             3.000000   31.343210  -28.343210 (VIOLATED)
_61806_/CLK                             3.000000   31.343210  -28.343210 (VIOLATED)
_61807_/CLK                             3.000000   31.343210  -28.343210 (VIOLATED)
_61808_/CLK                             3.000000   31.343210  -28.343210 (VIOLATED)
_61809_/CLK                             3.000000   31.343210  -28.343210 (VIOLATED)
_61810_/CLK                             3.000000   31.343210  -28.343210 (VIOLATED)
_61811_/CLK                             3.000000   31.343210  -28.343210 (VIOLATED)
_61812_/CLK                             3.000000   31.343210  -28.343210 (VIOLATED)
_61813_/CLK                             3.000000   31.343210  -28.343210 (VIOLATED)
_61814_/CLK                             3.000000   31.343210  -28.343210 (VIOLATED)
_61815_/CLK                             3.000000   31.343210  -28.343210 (VIOLATED)
_61816_/CLK                             3.000000   31.343210  -28.343210 (VIOLATED)
_61817_/CLK                             3.000000   31.343210  -28.343210 (VIOLATED)
_61818_/CLK                             3.000000   31.343210  -28.343210 (VIOLATED)
_61819_/CLK                             3.000000   31.343210  -28.343210 (VIOLATED)
_61820_/CLK                             3.000000   31.343210  -28.343210 (VIOLATED)
_61821_/CLK                             3.000000   31.343210  -28.343210 (VIOLATED)
_61822_/CLK                             3.000000   31.343210  -28.343210 (VIOLATED)
_61823_/CLK                             3.000000   31.343210  -28.343210 (VIOLATED)
_61824_/CLK                             3.000000   31.343210  -28.343210 (VIOLATED)
_61825_/CLK                             3.000000   31.343210  -28.343210 (VIOLATED)
_61826_/CLK                             3.000000   31.343210  -28.343210 (VIOLATED)
_61827_/CLK                             3.000000   31.343210  -28.343210 (VIOLATED)
_61828_/CLK                             3.000000   31.343210  -28.343210 (VIOLATED)
_61829_/CLK                             3.000000   31.343210  -28.343210 (VIOLATED)
_61830_/CLK                             3.000000   31.343210  -28.343210 (VIOLATED)
_61831_/CLK                             3.000000   31.343210  -28.343210 (VIOLATED)
_61832_/CLK                             3.000000   31.343210  -28.343210 (VIOLATED)
_61833_/CLK                             3.000000   31.343210  -28.343210 (VIOLATED)
_61834_/CLK                             3.000000   31.343210  -28.343210 (VIOLATED)
_61835_/CLK                             3.000000   31.343210  -28.343210 (VIOLATED)
_61836_/CLK                             3.000000   31.343210  -28.343210 (VIOLATED)
_61837_/CLK                             3.000000   31.343210  -28.343210 (VIOLATED)
_61838_/CLK                             3.000000   31.343210  -28.343210 (VIOLATED)
_61839_/CLK                             3.000000   31.343210  -28.343210 (VIOLATED)
_61840_/CLK                             3.000000   31.343210  -28.343210 (VIOLATED)
_61841_/CLK                             3.000000   31.343210  -28.343210 (VIOLATED)
_61842_/CLK                             3.000000   31.343210  -28.343210 (VIOLATED)
_61843_/CLK                             3.000000   31.343210  -28.343210 (VIOLATED)
_61844_/CLK                             3.000000   31.343210  -28.343210 (VIOLATED)
_61845_/CLK                             3.000000   31.343210  -28.343210 (VIOLATED)
_61846_/CLK                             3.000000   31.343210  -28.343210 (VIOLATED)
_61847_/CLK                             3.000000   31.343210  -28.343210 (VIOLATED)
_61848_/CLK                             3.000000   31.343210  -28.343210 (VIOLATED)
_61849_/CLK                             3.000000   31.343210  -28.343210 (VIOLATED)
_61850_/CLK                             3.000000   31.343210  -28.343210 (VIOLATED)
_61851_/CLK                             3.000000   31.343210  -28.343210 (VIOLATED)
_61852_/CLK                             3.000000   31.343210  -28.343210 (VIOLATED)
_61853_/CLK                             3.000000   31.343210  -28.343210 (VIOLATED)
_61854_/CLK                             3.000000   31.343210  -28.343210 (VIOLATED)
_61855_/CLK                             3.000000   31.343210  -28.343210 (VIOLATED)
_61856_/CLK                             3.000000   31.343210  -28.343210 (VIOLATED)
_61857_/CLK                             3.000000   31.343210  -28.343210 (VIOLATED)
_61872_/CLK                             3.000000   31.343210  -28.343210 (VIOLATED)
_61881_/CLK                             3.000000   31.343210  -28.343210 (VIOLATED)
_61882_/CLK                             3.000000   31.343210  -28.343210 (VIOLATED)
_61883_/CLK                             3.000000   31.343210  -28.343210 (VIOLATED)
_61884_/CLK                             3.000000   31.343210  -28.343210 (VIOLATED)
_61886_/CLK                             3.000000   31.343210  -28.343210 (VIOLATED)
_61887_/CLK                             3.000000   31.343210  -28.343210 (VIOLATED)
_61888_/CLK                             3.000000   31.343210  -28.343210 (VIOLATED)
_61889_/CLK                             3.000000   31.343210  -28.343210 (VIOLATED)
_61890_/CLK                             3.000000   31.343210  -28.343210 (VIOLATED)
_61891_/CLK                             3.000000   31.343210  -28.343210 (VIOLATED)
_61892_/CLK                             3.000000   31.343210  -28.343210 (VIOLATED)
_61893_/CLK                             3.000000   31.343210  -28.343210 (VIOLATED)
_61894_/CLK                             3.000000   31.343210  -28.343210 (VIOLATED)
_61895_/CLK                             3.000000   31.343210  -28.343210 (VIOLATED)
_61896_/CLK                             3.000000   31.343210  -28.343210 (VIOLATED)
_61897_/CLK                             3.000000   31.343210  -28.343210 (VIOLATED)
_61898_/CLK                             3.000000   31.343210  -28.343210 (VIOLATED)
_61899_/CLK                             3.000000   31.343210  -28.343210 (VIOLATED)
_61900_/CLK                             3.000000   31.343210  -28.343210 (VIOLATED)
_61901_/CLK                             3.000000   31.343210  -28.343210 (VIOLATED)
_61902_/CLK                             3.000000   31.343210  -28.343210 (VIOLATED)
_61903_/CLK                             3.000000   31.343210  -28.343210 (VIOLATED)
_61904_/CLK                             3.000000   31.343210  -28.343210 (VIOLATED)
_61905_/CLK                             3.000000   31.343210  -28.343210 (VIOLATED)
_61906_/CLK                             3.000000   31.343210  -28.343210 (VIOLATED)
_61907_/CLK                             3.000000   31.343210  -28.343210 (VIOLATED)
_61908_/CLK                             3.000000   31.343210  -28.343210 (VIOLATED)
_61909_/CLK                             3.000000   31.343210  -28.343210 (VIOLATED)
_61910_/CLK                             3.000000   31.343210  -28.343210 (VIOLATED)
_61911_/CLK                             3.000000   31.343210  -28.343210 (VIOLATED)
_61912_/CLK                             3.000000   31.343210  -28.343210 (VIOLATED)
_61913_/CLK                             3.000000   31.343210  -28.343210 (VIOLATED)
_61914_/CLK                             3.000000   31.343210  -28.343210 (VIOLATED)
_61915_/CLK                             3.000000   31.343210  -28.343210 (VIOLATED)
_61916_/CLK                             3.000000   31.343210  -28.343210 (VIOLATED)
_61917_/CLK                             3.000000   31.343210  -28.343210 (VIOLATED)
_61918_/CLK                             3.000000   31.343210  -28.343210 (VIOLATED)
_61919_/CLK                             3.000000   31.343210  -28.343210 (VIOLATED)
_61920_/CLK                             3.000000   31.343210  -28.343210 (VIOLATED)
_61921_/CLK                             3.000000   31.343210  -28.343210 (VIOLATED)
_61954_/CLK                             3.000000   31.343210  -28.343210 (VIOLATED)
_61955_/CLK                             3.000000   31.343210  -28.343210 (VIOLATED)
_61956_/CLK                             3.000000   31.343210  -28.343210 (VIOLATED)
_61957_/CLK                             3.000000   31.343210  -28.343210 (VIOLATED)
_61958_/CLK                             3.000000   31.343210  -28.343210 (VIOLATED)
_61959_/CLK                             3.000000   31.343210  -28.343210 (VIOLATED)
_61960_/CLK                             3.000000   31.343210  -28.343210 (VIOLATED)
_61961_/CLK                             3.000000   31.343210  -28.343210 (VIOLATED)
_61962_/CLK                             3.000000   31.343210  -28.343210 (VIOLATED)
_61963_/CLK                             3.000000   31.343210  -28.343210 (VIOLATED)
_61964_/CLK                             3.000000   31.343210  -28.343210 (VIOLATED)
_61965_/CLK                             3.000000   31.343210  -28.343210 (VIOLATED)
_61966_/CLK                             3.000000   31.343210  -28.343210 (VIOLATED)
_61967_/CLK                             3.000000   31.343210  -28.343210 (VIOLATED)
_61968_/CLK                             3.000000   31.343210  -28.343210 (VIOLATED)
_61969_/CLK                             3.000000   31.343210  -28.343210 (VIOLATED)
_61970_/CLK                             3.000000   31.343210  -28.343210 (VIOLATED)
_61971_/CLK                             3.000000   31.343210  -28.343210 (VIOLATED)
_61972_/CLK                             3.000000   31.343210  -28.343210 (VIOLATED)
_61973_/CLK                             3.000000   31.343210  -28.343210 (VIOLATED)
_61974_/CLK                             3.000000   31.343210  -28.343210 (VIOLATED)
_61975_/CLK                             3.000000   31.343210  -28.343210 (VIOLATED)
_61976_/CLK                             3.000000   31.343210  -28.343210 (VIOLATED)
_61977_/CLK                             3.000000   31.343210  -28.343210 (VIOLATED)
_61978_/CLK                             3.000000   31.343210  -28.343210 (VIOLATED)
_61979_/CLK                             3.000000   31.343210  -28.343210 (VIOLATED)
_61980_/CLK                             3.000000   31.343210  -28.343210 (VIOLATED)
_61981_/CLK                             3.000000   31.343210  -28.343210 (VIOLATED)
_61982_/CLK                             3.000000   31.343210  -28.343210 (VIOLATED)
_61983_/CLK                             3.000000   31.343210  -28.343210 (VIOLATED)
_61984_/CLK                             3.000000   31.343210  -28.343210 (VIOLATED)
_61985_/CLK                             3.000000   31.343210  -28.343210 (VIOLATED)
_61986_/CLK                             3.000000   31.343210  -28.343210 (VIOLATED)
_61987_/CLKN                            3.000000   31.343210  -28.343210 (VIOLATED)
_61988_/CLKN                            3.000000   31.343210  -28.343210 (VIOLATED)
_61989_/CLKN                            3.000000   31.343210  -28.343210 (VIOLATED)
_61990_/CLKN                            3.000000   31.343210  -28.343210 (VIOLATED)
_61991_/CLK                             3.000000   31.343210  -28.343210 (VIOLATED)
_61992_/CLK                             3.000000   31.343210  -28.343210 (VIOLATED)
_61993_/CLK                             3.000000   31.343210  -28.343210 (VIOLATED)
_61994_/CLK                             3.000000   31.343210  -28.343210 (VIOLATED)
_61995_/CLK                             3.000000   31.343210  -28.343210 (VIOLATED)
_61996_/CLK                             3.000000   31.343210  -28.343210 (VIOLATED)
_61997_/CLK                             3.000000   31.343210  -28.343210 (VIOLATED)
_61998_/CLK                             3.000000   31.343210  -28.343210 (VIOLATED)
_61999_/CLK                             3.000000   31.343210  -28.343210 (VIOLATED)
_62000_/CLK                             3.000000   31.343210  -28.343210 (VIOLATED)
_62001_/CLK                             3.000000   31.343210  -28.343210 (VIOLATED)
_62002_/CLK                             3.000000   31.343210  -28.343210 (VIOLATED)
_62003_/CLK                             3.000000   31.343210  -28.343210 (VIOLATED)
_62004_/CLK                             3.000000   31.343210  -28.343210 (VIOLATED)
_62005_/CLK                             3.000000   31.343210  -28.343210 (VIOLATED)
_62006_/CLK                             3.000000   31.343210  -28.343210 (VIOLATED)
_62007_/CLK                             3.000000   31.343210  -28.343210 (VIOLATED)
_62008_/CLK                             3.000000   31.343210  -28.343210 (VIOLATED)
_62009_/CLK                             3.000000   31.343210  -28.343210 (VIOLATED)
_62010_/CLK                             3.000000   31.343210  -28.343210 (VIOLATED)
_62011_/CLK                             3.000000   31.343210  -28.343210 (VIOLATED)
_62012_/CLK                             3.000000   31.343210  -28.343210 (VIOLATED)
_62013_/CLK                             3.000000   31.343210  -28.343210 (VIOLATED)
_62014_/CLK                             3.000000   31.343210  -28.343210 (VIOLATED)
_62015_/CLK                             3.000000   31.343210  -28.343210 (VIOLATED)
_62016_/CLK                             3.000000   31.343210  -28.343210 (VIOLATED)
_62017_/CLK                             3.000000   31.343210  -28.343210 (VIOLATED)
_62018_/CLK                             3.000000   31.343210  -28.343210 (VIOLATED)
_62019_/CLK                             3.000000   31.343210  -28.343210 (VIOLATED)
_62020_/CLK                             3.000000   31.343210  -28.343210 (VIOLATED)
_62021_/CLK                             3.000000   31.343210  -28.343210 (VIOLATED)
_62022_/CLK                             3.000000   31.343210  -28.343210 (VIOLATED)
_62023_/CLK                             3.000000   31.343210  -28.343210 (VIOLATED)
_62024_/CLK                             3.000000   31.343210  -28.343210 (VIOLATED)
_62025_/CLK                             3.000000   31.343210  -28.343210 (VIOLATED)
_62026_/CLK                             3.000000   31.343210  -28.343210 (VIOLATED)
_62027_/CLK                             3.000000   31.343210  -28.343210 (VIOLATED)
_62028_/CLK                             3.000000   31.343210  -28.343210 (VIOLATED)
_62029_/CLK                             3.000000   31.343210  -28.343210 (VIOLATED)
_62030_/CLK                             3.000000   31.343210  -28.343210 (VIOLATED)
_62031_/CLK                             3.000000   31.343210  -28.343210 (VIOLATED)
_62032_/CLK                             3.000000   31.343210  -28.343210 (VIOLATED)
_62033_/CLK                             3.000000   31.343210  -28.343210 (VIOLATED)
_62034_/CLK                             3.000000   31.343210  -28.343210 (VIOLATED)
_62035_/CLK                             3.000000   31.343210  -28.343210 (VIOLATED)
_62036_/CLK                             3.000000   31.343210  -28.343210 (VIOLATED)
_62037_/CLK                             3.000000   31.343210  -28.343210 (VIOLATED)
_62038_/CLK                             3.000000   31.343210  -28.343210 (VIOLATED)
_62039_/CLK                             3.000000   31.343210  -28.343210 (VIOLATED)
_62040_/CLK                             3.000000   31.343210  -28.343210 (VIOLATED)
_62041_/CLK                             3.000000   31.343210  -28.343210 (VIOLATED)
_62044_/CLK                             3.000000   31.343210  -28.343210 (VIOLATED)
_62045_/CLK                             3.000000   31.343210  -28.343210 (VIOLATED)
_62046_/CLK                             3.000000   31.343210  -28.343210 (VIOLATED)
_62047_/CLK                             3.000000   31.343210  -28.343210 (VIOLATED)
_62048_/CLK                             3.000000   31.343210  -28.343210 (VIOLATED)
_62049_/CLK                             3.000000   31.343210  -28.343210 (VIOLATED)
_62050_/CLK                             3.000000   31.343210  -28.343210 (VIOLATED)
_62051_/CLK                             3.000000   31.343210  -28.343210 (VIOLATED)
_62052_/CLK                             3.000000   31.343210  -28.343210 (VIOLATED)
_62053_/CLK                             3.000000   31.343210  -28.343210 (VIOLATED)
_62054_/CLK                             3.000000   31.343210  -28.343210 (VIOLATED)
_62055_/CLK                             3.000000   31.343210  -28.343210 (VIOLATED)
_62056_/CLK                             3.000000   31.343210  -28.343210 (VIOLATED)
_62057_/CLK                             3.000000   31.343210  -28.343210 (VIOLATED)
_62058_/CLK                             3.000000   31.343210  -28.343210 (VIOLATED)
_62059_/CLK                             3.000000   31.343210  -28.343210 (VIOLATED)
_62060_/CLK                             3.000000   31.343210  -28.343210 (VIOLATED)
_62061_/CLK                             3.000000   31.343210  -28.343210 (VIOLATED)
_62062_/CLK                             3.000000   31.343210  -28.343210 (VIOLATED)
_62063_/CLK                             3.000000   31.343210  -28.343210 (VIOLATED)
_62064_/CLK                             3.000000   31.343210  -28.343210 (VIOLATED)
_62065_/CLK                             3.000000   31.343210  -28.343210 (VIOLATED)
_62066_/CLK                             3.000000   31.343210  -28.343210 (VIOLATED)
_62067_/CLK                             3.000000   31.343210  -28.343210 (VIOLATED)
_62068_/CLK                             3.000000   31.343210  -28.343210 (VIOLATED)
_62069_/CLK                             3.000000   31.343210  -28.343210 (VIOLATED)
_62070_/CLK                             3.000000   31.343210  -28.343210 (VIOLATED)
_62071_/CLK                             3.000000   31.343210  -28.343210 (VIOLATED)
_62072_/CLK                             3.000000   31.343210  -28.343210 (VIOLATED)
_62073_/CLK                             3.000000   31.343210  -28.343210 (VIOLATED)
_62074_/CLK                             3.000000   31.343210  -28.343210 (VIOLATED)
_62075_/CLK                             3.000000   31.343210  -28.343210 (VIOLATED)
_62076_/CLK                             3.000000   31.343210  -28.343210 (VIOLATED)
_62077_/CLK                             3.000000   31.343210  -28.343210 (VIOLATED)
_62078_/CLK                             3.000000   31.343210  -28.343210 (VIOLATED)
_62079_/CLK                             3.000000   31.343210  -28.343210 (VIOLATED)
_62080_/CLK                             3.000000   31.343210  -28.343210 (VIOLATED)
_62081_/CLK                             3.000000   31.343210  -28.343210 (VIOLATED)
_62082_/CLK                             3.000000   31.343210  -28.343210 (VIOLATED)
_62083_/CLK                             3.000000   31.343210  -28.343210 (VIOLATED)
_62084_/CLK                             3.000000   31.343210  -28.343210 (VIOLATED)
_62085_/CLK                             3.000000   31.343210  -28.343210 (VIOLATED)
_62086_/CLK                             3.000000   31.343210  -28.343210 (VIOLATED)
_62087_/CLK                             3.000000   31.343210  -28.343210 (VIOLATED)
_62088_/CLK                             3.000000   31.343210  -28.343210 (VIOLATED)
_62089_/CLK                             3.000000   31.343210  -28.343210 (VIOLATED)
_62090_/CLK                             3.000000   31.343210  -28.343210 (VIOLATED)
_62091_/CLK                             3.000000   31.343210  -28.343210 (VIOLATED)
_62092_/CLK                             3.000000   31.343210  -28.343210 (VIOLATED)
_62093_/CLK                             3.000000   31.343210  -28.343210 (VIOLATED)
_62094_/CLK                             3.000000   31.343210  -28.343210 (VIOLATED)
_62095_/CLK                             3.000000   31.343210  -28.343210 (VIOLATED)
_62096_/CLK                             3.000000   31.343210  -28.343210 (VIOLATED)
_62097_/CLK                             3.000000   31.343210  -28.343210 (VIOLATED)
_62098_/CLK                             3.000000   31.343210  -28.343210 (VIOLATED)
_62099_/CLK                             3.000000   31.343210  -28.343210 (VIOLATED)
_62100_/CLK                             3.000000   31.343210  -28.343210 (VIOLATED)
_62101_/CLK                             3.000000   31.343210  -28.343210 (VIOLATED)
_62102_/CLK                             3.000000   31.343210  -28.343210 (VIOLATED)
_62103_/CLK                             3.000000   31.343210  -28.343210 (VIOLATED)
_62104_/CLK                             3.000000   31.343210  -28.343210 (VIOLATED)
_62105_/CLK                             3.000000   31.343210  -28.343210 (VIOLATED)
_62106_/CLK                             3.000000   31.343210  -28.343210 (VIOLATED)
_62107_/CLK                             3.000000   31.343210  -28.343210 (VIOLATED)
_62108_/CLK                             3.000000   31.343210  -28.343210 (VIOLATED)
_62109_/CLK                             3.000000   31.343210  -28.343210 (VIOLATED)
_62110_/CLK                             3.000000   31.343210  -28.343210 (VIOLATED)
_62111_/CLK                             3.000000   31.343210  -28.343210 (VIOLATED)
_62112_/CLK                             3.000000   31.343210  -28.343210 (VIOLATED)
_62113_/CLK                             3.000000   31.343210  -28.343210 (VIOLATED)
_62114_/CLK                             3.000000   31.343210  -28.343210 (VIOLATED)
_62115_/CLK                             3.000000   31.343210  -28.343210 (VIOLATED)
_62116_/CLK                             3.000000   31.343210  -28.343210 (VIOLATED)
_62117_/CLK                             3.000000   31.343210  -28.343210 (VIOLATED)
_62118_/CLK                             3.000000   31.343210  -28.343210 (VIOLATED)
_62119_/CLK                             3.000000   31.343210  -28.343210 (VIOLATED)
_62120_/CLK                             3.000000   31.343210  -28.343210 (VIOLATED)
_62121_/CLK                             3.000000   31.343210  -28.343210 (VIOLATED)
_62122_/CLK                             3.000000   31.343210  -28.343210 (VIOLATED)
_62123_/CLK                             3.000000   31.343210  -28.343210 (VIOLATED)
_62124_/CLK                             3.000000   31.343210  -28.343210 (VIOLATED)
_62125_/CLK                             3.000000   31.343210  -28.343210 (VIOLATED)
_62126_/CLK                             3.000000   31.343210  -28.343210 (VIOLATED)
_62127_/CLK                             3.000000   31.343210  -28.343210 (VIOLATED)
_62128_/CLK                             3.000000   31.343210  -28.343210 (VIOLATED)
_62129_/CLK                             3.000000   31.343210  -28.343210 (VIOLATED)
_62130_/CLK                             3.000000   31.343210  -28.343210 (VIOLATED)
_62131_/CLK                             3.000000   31.343210  -28.343210 (VIOLATED)
_62132_/CLK                             3.000000   31.343210  -28.343210 (VIOLATED)
_62133_/CLK                             3.000000   31.343210  -28.343210 (VIOLATED)
_62134_/CLK                             3.000000   31.343210  -28.343210 (VIOLATED)
_62135_/CLK                             3.000000   31.343210  -28.343210 (VIOLATED)
_62136_/CLK                             3.000000   31.343210  -28.343210 (VIOLATED)
_62137_/CLK                             3.000000   31.343210  -28.343210 (VIOLATED)
_62138_/CLK                             3.000000   31.343210  -28.343210 (VIOLATED)
_62139_/CLK                             3.000000   31.343210  -28.343210 (VIOLATED)
_62140_/CLK                             3.000000   31.343210  -28.343210 (VIOLATED)
_62141_/CLK                             3.000000   31.343210  -28.343210 (VIOLATED)
_62142_/CLK                             3.000000   31.343210  -28.343210 (VIOLATED)
_62143_/CLK                             3.000000   31.343210  -28.343210 (VIOLATED)
_62197_/CLK                             3.000000   31.343210  -28.343210 (VIOLATED)
_62198_/CLK                             3.000000   31.343210  -28.343210 (VIOLATED)
_62199_/CLK                             3.000000   31.343210  -28.343210 (VIOLATED)
_62200_/CLK                             3.000000   31.343210  -28.343210 (VIOLATED)
_62201_/CLK                             3.000000   31.343210  -28.343210 (VIOLATED)
_62202_/CLK                             3.000000   31.343210  -28.343210 (VIOLATED)
_62203_/CLK                             3.000000   31.343210  -28.343210 (VIOLATED)
_62204_/CLK                             3.000000   31.343210  -28.343210 (VIOLATED)
_62205_/CLK                             3.000000   31.343210  -28.343210 (VIOLATED)
_62206_/CLK                             3.000000   31.343210  -28.343210 (VIOLATED)
_62219_/CLK                             3.000000   31.343210  -28.343210 (VIOLATED)
_62220_/CLK                             3.000000   31.343210  -28.343210 (VIOLATED)
_62221_/CLK                             3.000000   31.343210  -28.343210 (VIOLATED)
_62222_/CLK                             3.000000   31.343210  -28.343210 (VIOLATED)
_62223_/CLK                             3.000000   31.343210  -28.343210 (VIOLATED)
_62224_/CLK                             3.000000   31.343210  -28.343210 (VIOLATED)
_62225_/CLK                             3.000000   31.343210  -28.343210 (VIOLATED)
_62226_/CLK                             3.000000   31.343210  -28.343210 (VIOLATED)
_62227_/CLK                             3.000000   31.343210  -28.343210 (VIOLATED)
_62228_/CLK                             3.000000   31.343210  -28.343210 (VIOLATED)
_62229_/CLK                             3.000000   31.343210  -28.343210 (VIOLATED)
_62230_/CLK                             3.000000   31.343210  -28.343210 (VIOLATED)
_62231_/CLK                             3.000000   31.343210  -28.343210 (VIOLATED)
_62232_/CLK                             3.000000   31.343210  -28.343210 (VIOLATED)
_62233_/CLK                             3.000000   31.343210  -28.343210 (VIOLATED)
_62234_/CLK                             3.000000   31.343210  -28.343210 (VIOLATED)
_62235_/CLK                             3.000000   31.343210  -28.343210 (VIOLATED)
_62236_/CLK                             3.000000   31.343210  -28.343210 (VIOLATED)
_62237_/CLK                             3.000000   31.343210  -28.343210 (VIOLATED)
_62238_/CLK                             3.000000   31.343210  -28.343210 (VIOLATED)
_62239_/CLK                             3.000000   31.343210  -28.343210 (VIOLATED)
_62240_/CLK                             3.000000   31.343210  -28.343210 (VIOLATED)
_62241_/CLK                             3.000000   31.343210  -28.343210 (VIOLATED)
_62242_/CLK                             3.000000   31.343210  -28.343210 (VIOLATED)
_62243_/CLK                             3.000000   31.343210  -28.343210 (VIOLATED)
_62244_/CLK                             3.000000   31.343210  -28.343210 (VIOLATED)
_62245_/CLK                             3.000000   31.343210  -28.343210 (VIOLATED)
_62246_/CLK                             3.000000   31.343210  -28.343210 (VIOLATED)
_62247_/CLK                             3.000000   31.343210  -28.343210 (VIOLATED)
_62248_/CLK                             3.000000   31.343210  -28.343210 (VIOLATED)
_62249_/CLK                             3.000000   31.343210  -28.343210 (VIOLATED)
_62250_/CLK                             3.000000   31.343210  -28.343210 (VIOLATED)
_62251_/CLK                             3.000000   31.343210  -28.343210 (VIOLATED)
_62252_/CLK                             3.000000   31.343210  -28.343210 (VIOLATED)
_62253_/CLK                             3.000000   31.343210  -28.343210 (VIOLATED)
_62254_/CLK                             3.000000   31.343210  -28.343210 (VIOLATED)
_62255_/CLK                             3.000000   31.343210  -28.343210 (VIOLATED)
_62256_/CLK                             3.000000   31.343210  -28.343210 (VIOLATED)
_62257_/CLK                             3.000000   31.343210  -28.343210 (VIOLATED)
_62258_/CLK                             3.000000   31.343210  -28.343210 (VIOLATED)
_62259_/CLK                             3.000000   31.343210  -28.343210 (VIOLATED)
_62260_/CLK                             3.000000   31.343210  -28.343210 (VIOLATED)
_62261_/CLK                             3.000000   31.343210  -28.343210 (VIOLATED)
_62262_/CLK                             3.000000   31.343210  -28.343210 (VIOLATED)
_62263_/CLK                             3.000000   31.343210  -28.343210 (VIOLATED)
_62264_/CLK                             3.000000   31.343210  -28.343210 (VIOLATED)
_62265_/CLK                             3.000000   31.343210  -28.343210 (VIOLATED)
_62266_/CLK                             3.000000   31.343210  -28.343210 (VIOLATED)
_62267_/CLK                             3.000000   31.343210  -28.343210 (VIOLATED)
_62268_/CLK                             3.000000   31.343210  -28.343210 (VIOLATED)
_62269_/CLK                             3.000000   31.343210  -28.343210 (VIOLATED)
_62270_/CLK                             3.000000   31.343210  -28.343210 (VIOLATED)
_62271_/CLK                             3.000000   31.343210  -28.343210 (VIOLATED)
_62272_/CLK                             3.000000   31.343210  -28.343210 (VIOLATED)
_62273_/CLK                             3.000000   31.343210  -28.343210 (VIOLATED)
_62274_/CLK                             3.000000   31.343210  -28.343210 (VIOLATED)
_62275_/CLK                             3.000000   31.343210  -28.343210 (VIOLATED)
_62276_/CLK                             3.000000   31.343210  -28.343210 (VIOLATED)
_62277_/CLK                             3.000000   31.343210  -28.343210 (VIOLATED)
_62278_/CLK                             3.000000   31.343210  -28.343210 (VIOLATED)
_62279_/CLK                             3.000000   31.343210  -28.343210 (VIOLATED)
_62280_/CLK                             3.000000   31.343210  -28.343210 (VIOLATED)
_62281_/CLK                             3.000000   31.343210  -28.343210 (VIOLATED)
_62282_/CLK                             3.000000   31.343210  -28.343210 (VIOLATED)
_62283_/CLK                             3.000000   31.343210  -28.343210 (VIOLATED)
_62284_/CLK                             3.000000   31.343210  -28.343210 (VIOLATED)
_62285_/CLK                             3.000000   31.343210  -28.343210 (VIOLATED)
_62286_/CLK                             3.000000   31.343210  -28.343210 (VIOLATED)
_62287_/CLK                             3.000000   31.343210  -28.343210 (VIOLATED)
_62288_/CLK                             3.000000   31.343210  -28.343210 (VIOLATED)
_62289_/CLK                             3.000000   31.343210  -28.343210 (VIOLATED)
_62290_/CLK                             3.000000   31.343210  -28.343210 (VIOLATED)
_62291_/CLK                             3.000000   31.343210  -28.343210 (VIOLATED)
_62292_/CLK                             3.000000   31.343210  -28.343210 (VIOLATED)
_62293_/CLK                             3.000000   31.343210  -28.343210 (VIOLATED)
_62294_/CLK                             3.000000   31.343210  -28.343210 (VIOLATED)
_62295_/CLK                             3.000000   31.343210  -28.343210 (VIOLATED)
_62296_/CLK                             3.000000   31.343210  -28.343210 (VIOLATED)
_62297_/CLK                             3.000000   31.343210  -28.343210 (VIOLATED)
_62298_/CLK                             3.000000   31.343210  -28.343210 (VIOLATED)
_62299_/CLK                             3.000000   31.343210  -28.343210 (VIOLATED)
_62300_/CLK                             3.000000   31.343210  -28.343210 (VIOLATED)
_62301_/CLK                             3.000000   31.343210  -28.343210 (VIOLATED)
_62302_/CLK                             3.000000   31.343210  -28.343210 (VIOLATED)
_62303_/CLK                             3.000000   31.343210  -28.343210 (VIOLATED)
_62304_/CLK                             3.000000   31.343210  -28.343210 (VIOLATED)
_62305_/CLK                             3.000000   31.343210  -28.343210 (VIOLATED)
_62306_/CLK                             3.000000   31.343210  -28.343210 (VIOLATED)
_62307_/CLK                             3.000000   31.343210  -28.343210 (VIOLATED)
_62308_/CLK                             3.000000   31.343210  -28.343210 (VIOLATED)
_62309_/CLK                             3.000000   31.343210  -28.343210 (VIOLATED)
_62310_/CLK                             3.000000   31.343210  -28.343210 (VIOLATED)
_62311_/CLK                             3.000000   31.343210  -28.343210 (VIOLATED)
_62312_/CLK                             3.000000   31.343210  -28.343210 (VIOLATED)
_62313_/CLK                             3.000000   31.343210  -28.343210 (VIOLATED)
_62314_/CLK                             3.000000   31.343210  -28.343210 (VIOLATED)
_62315_/CLK                             3.000000   31.343210  -28.343210 (VIOLATED)
_62316_/CLK                             3.000000   31.343210  -28.343210 (VIOLATED)
_62317_/CLK                             3.000000   31.343210  -28.343210 (VIOLATED)
_62318_/CLK                             3.000000   31.343210  -28.343210 (VIOLATED)
_62319_/CLK                             3.000000   31.343210  -28.343210 (VIOLATED)
_62320_/CLK                             3.000000   31.343210  -28.343210 (VIOLATED)
_62321_/CLK                             3.000000   31.343210  -28.343210 (VIOLATED)
_62322_/CLK                             3.000000   31.343210  -28.343210 (VIOLATED)
_62323_/CLK                             3.000000   31.343210  -28.343210 (VIOLATED)
_62324_/CLK                             3.000000   31.343210  -28.343210 (VIOLATED)
_62325_/CLK                             3.000000   31.343210  -28.343210 (VIOLATED)
_62326_/CLK                             3.000000   31.343210  -28.343210 (VIOLATED)
_62327_/CLK                             3.000000   31.343210  -28.343210 (VIOLATED)
_62328_/CLK                             3.000000   31.343210  -28.343210 (VIOLATED)
_62329_/CLK                             3.000000   31.343210  -28.343210 (VIOLATED)
_62330_/CLK                             3.000000   31.343210  -28.343210 (VIOLATED)
_62331_/CLK                             3.000000   31.343210  -28.343210 (VIOLATED)
_62332_/CLK                             3.000000   31.343210  -28.343210 (VIOLATED)
_62333_/CLK                             3.000000   31.343210  -28.343210 (VIOLATED)
_62334_/CLK                             3.000000   31.343210  -28.343210 (VIOLATED)
_62335_/CLK                             3.000000   31.343210  -28.343210 (VIOLATED)
_62336_/CLK                             3.000000   31.343210  -28.343210 (VIOLATED)
_62337_/CLK                             3.000000   31.343210  -28.343210 (VIOLATED)
_62338_/CLK                             3.000000   31.343210  -28.343210 (VIOLATED)
_62339_/CLK                             3.000000   31.343210  -28.343210 (VIOLATED)
_62340_/CLK                             3.000000   31.343210  -28.343210 (VIOLATED)
_62341_/CLK                             3.000000   31.343210  -28.343210 (VIOLATED)
_62342_/CLK                             3.000000   31.343210  -28.343210 (VIOLATED)
_62343_/CLK                             3.000000   31.343210  -28.343210 (VIOLATED)
_62344_/CLK                             3.000000   31.343210  -28.343210 (VIOLATED)
_62345_/CLK                             3.000000   31.343210  -28.343210 (VIOLATED)
_62346_/CLK                             3.000000   31.343210  -28.343210 (VIOLATED)
_62347_/CLK                             3.000000   31.343210  -28.343210 (VIOLATED)
_62348_/CLK                             3.000000   31.343210  -28.343210 (VIOLATED)
_62349_/CLK                             3.000000   31.343210  -28.343210 (VIOLATED)
_62350_/CLK                             3.000000   31.343210  -28.343210 (VIOLATED)
_62351_/CLK                             3.000000   31.343210  -28.343210 (VIOLATED)
_62352_/CLK                             3.000000   31.343210  -28.343210 (VIOLATED)
_62353_/CLK                             3.000000   31.343210  -28.343210 (VIOLATED)
_62354_/CLK                             3.000000   31.343210  -28.343210 (VIOLATED)
_62355_/CLK                             3.000000   31.343210  -28.343210 (VIOLATED)
_62356_/CLK                             3.000000   31.343210  -28.343210 (VIOLATED)
_62357_/CLK                             3.000000   31.343210  -28.343210 (VIOLATED)
_62358_/CLK                             3.000000   31.343210  -28.343210 (VIOLATED)
_62359_/CLK                             3.000000   31.343210  -28.343210 (VIOLATED)
_62360_/CLK                             3.000000   31.343210  -28.343210 (VIOLATED)
_62361_/CLK                             3.000000   31.343210  -28.343210 (VIOLATED)
_62362_/CLK                             3.000000   31.343210  -28.343210 (VIOLATED)
_62363_/CLK                             3.000000   31.343210  -28.343210 (VIOLATED)
_62364_/CLK                             3.000000   31.343210  -28.343210 (VIOLATED)
_62365_/CLK                             3.000000   31.343210  -28.343210 (VIOLATED)
_62366_/CLK                             3.000000   31.343210  -28.343210 (VIOLATED)
_62367_/CLK                             3.000000   31.343210  -28.343210 (VIOLATED)
_62368_/CLK                             3.000000   31.343210  -28.343210 (VIOLATED)
_62369_/CLK                             3.000000   31.343210  -28.343210 (VIOLATED)
_62370_/CLK                             3.000000   31.343210  -28.343210 (VIOLATED)
_62371_/CLK                             3.000000   31.343210  -28.343210 (VIOLATED)
_62372_/CLK                             3.000000   31.343210  -28.343210 (VIOLATED)
_62373_/CLK                             3.000000   31.343210  -28.343210 (VIOLATED)
_62374_/CLK                             3.000000   31.343210  -28.343210 (VIOLATED)
_62375_/CLK                             3.000000   31.343210  -28.343210 (VIOLATED)
_62376_/CLK                             3.000000   31.343210  -28.343210 (VIOLATED)
_62377_/CLK                             3.000000   31.343210  -28.343210 (VIOLATED)
_62378_/CLK                             3.000000   31.343210  -28.343210 (VIOLATED)
_62379_/CLK                             3.000000   31.343210  -28.343210 (VIOLATED)
_62380_/CLK                             3.000000   31.343210  -28.343210 (VIOLATED)
_62381_/CLK                             3.000000   31.343210  -28.343210 (VIOLATED)
_62382_/CLK                             3.000000   31.343210  -28.343210 (VIOLATED)
_62383_/CLK                             3.000000   31.343210  -28.343210 (VIOLATED)
_62384_/CLK                             3.000000   31.343210  -28.343210 (VIOLATED)
_62385_/CLK                             3.000000   31.343210  -28.343210 (VIOLATED)
_62386_/CLK                             3.000000   31.343210  -28.343210 (VIOLATED)
_62387_/CLK                             3.000000   31.343210  -28.343210 (VIOLATED)
_62388_/CLK                             3.000000   31.343210  -28.343210 (VIOLATED)
_62389_/CLK                             3.000000   31.343210  -28.343210 (VIOLATED)
_62390_/CLK                             3.000000   31.343210  -28.343210 (VIOLATED)
_62391_/CLK                             3.000000   31.343210  -28.343210 (VIOLATED)
_62392_/CLK                             3.000000   31.343210  -28.343210 (VIOLATED)
_62393_/CLK                             3.000000   31.343210  -28.343210 (VIOLATED)
_62394_/CLK                             3.000000   31.343210  -28.343210 (VIOLATED)
_62395_/CLK                             3.000000   31.343210  -28.343210 (VIOLATED)
_62396_/CLK                             3.000000   31.343210  -28.343210 (VIOLATED)
_62397_/CLK                             3.000000   31.343210  -28.343210 (VIOLATED)
_62398_/CLK                             3.000000   31.343210  -28.343210 (VIOLATED)
_62399_/CLK                             3.000000   31.343210  -28.343210 (VIOLATED)
_62400_/CLK                             3.000000   31.343210  -28.343210 (VIOLATED)
_62401_/CLK                             3.000000   31.343210  -28.343210 (VIOLATED)
_62402_/CLK                             3.000000   31.343210  -28.343210 (VIOLATED)
_62403_/CLK                             3.000000   31.343210  -28.343210 (VIOLATED)
_62404_/CLK                             3.000000   31.343210  -28.343210 (VIOLATED)
_62405_/CLK                             3.000000   31.343210  -28.343210 (VIOLATED)
_62406_/CLK                             3.000000   31.343210  -28.343210 (VIOLATED)
_62407_/CLK                             3.000000   31.343210  -28.343210 (VIOLATED)
_62408_/CLK                             3.000000   31.343210  -28.343210 (VIOLATED)
_62409_/CLK                             3.000000   31.343210  -28.343210 (VIOLATED)
_62410_/CLK                             3.000000   31.343210  -28.343210 (VIOLATED)
_62411_/CLK                             3.000000   31.343210  -28.343210 (VIOLATED)
_62412_/CLK                             3.000000   31.343210  -28.343210 (VIOLATED)
_62413_/CLK                             3.000000   31.343210  -28.343210 (VIOLATED)
_62414_/CLK                             3.000000   31.343210  -28.343210 (VIOLATED)
_62415_/CLK                             3.000000   31.343210  -28.343210 (VIOLATED)
_62416_/CLK                             3.000000   31.343210  -28.343210 (VIOLATED)
_62417_/CLK                             3.000000   31.343210  -28.343210 (VIOLATED)
_62418_/CLK                             3.000000   31.343210  -28.343210 (VIOLATED)
_62419_/CLK                             3.000000   31.343210  -28.343210 (VIOLATED)
_62420_/CLK                             3.000000   31.343210  -28.343210 (VIOLATED)
_62421_/CLK                             3.000000   31.343210  -28.343210 (VIOLATED)
_62422_/CLK                             3.000000   31.343210  -28.343210 (VIOLATED)
_62423_/CLK                             3.000000   31.343210  -28.343210 (VIOLATED)
_62424_/CLK                             3.000000   31.343210  -28.343210 (VIOLATED)
_62425_/CLK                             3.000000   31.343210  -28.343210 (VIOLATED)
_62426_/CLK                             3.000000   31.343210  -28.343210 (VIOLATED)
_62427_/CLK                             3.000000   31.343210  -28.343210 (VIOLATED)
_62428_/CLK                             3.000000   31.343210  -28.343210 (VIOLATED)
_62429_/CLK                             3.000000   31.343210  -28.343210 (VIOLATED)
_62430_/CLK                             3.000000   31.343210  -28.343210 (VIOLATED)
_62431_/CLK                             3.000000   31.343210  -28.343210 (VIOLATED)
_62432_/CLK                             3.000000   31.343210  -28.343210 (VIOLATED)
_62433_/CLK                             3.000000   31.343210  -28.343210 (VIOLATED)
_62434_/CLK                             3.000000   31.343210  -28.343210 (VIOLATED)
_62435_/CLK                             3.000000   31.343210  -28.343210 (VIOLATED)
_62436_/CLK                             3.000000   31.343210  -28.343210 (VIOLATED)
_62437_/CLK                             3.000000   31.343210  -28.343210 (VIOLATED)
_62438_/CLK                             3.000000   31.343210  -28.343210 (VIOLATED)
_62439_/CLK                             3.000000   31.343210  -28.343210 (VIOLATED)
_62440_/CLK                             3.000000   31.343210  -28.343210 (VIOLATED)
_62441_/CLK                             3.000000   31.343210  -28.343210 (VIOLATED)
_62442_/CLK                             3.000000   31.343210  -28.343210 (VIOLATED)
_62443_/CLK                             3.000000   31.343210  -28.343210 (VIOLATED)
_62444_/CLK                             3.000000   31.343210  -28.343210 (VIOLATED)
_62445_/CLK                             3.000000   31.343210  -28.343210 (VIOLATED)
_62446_/CLK                             3.000000   31.343210  -28.343210 (VIOLATED)
_62447_/CLK                             3.000000   31.343210  -28.343210 (VIOLATED)
_62448_/CLK                             3.000000   31.343210  -28.343210 (VIOLATED)
_62449_/CLK                             3.000000   31.343210  -28.343210 (VIOLATED)
_62450_/CLK                             3.000000   31.343210  -28.343210 (VIOLATED)
_62451_/CLK                             3.000000   31.343210  -28.343210 (VIOLATED)
_62452_/CLK                             3.000000   31.343210  -28.343210 (VIOLATED)
_62453_/CLK                             3.000000   31.343210  -28.343210 (VIOLATED)
_62454_/CLK                             3.000000   31.343210  -28.343210 (VIOLATED)
_62455_/CLK                             3.000000   31.343210  -28.343210 (VIOLATED)
_62456_/CLK                             3.000000   31.343210  -28.343210 (VIOLATED)
_62457_/CLK                             3.000000   31.343210  -28.343210 (VIOLATED)
_62458_/CLK                             3.000000   31.343210  -28.343210 (VIOLATED)
_62459_/CLK                             3.000000   31.343210  -28.343210 (VIOLATED)
_62460_/CLK                             3.000000   31.343210  -28.343210 (VIOLATED)
_62461_/CLK                             3.000000   31.343210  -28.343210 (VIOLATED)
_62462_/CLK                             3.000000   31.343210  -28.343210 (VIOLATED)
_62463_/CLK                             3.000000   31.343210  -28.343210 (VIOLATED)
_62464_/CLK                             3.000000   31.343210  -28.343210 (VIOLATED)
_62465_/CLK                             3.000000   31.343210  -28.343210 (VIOLATED)
_62466_/CLK                             3.000000   31.343210  -28.343210 (VIOLATED)
_62467_/CLK                             3.000000   31.343210  -28.343210 (VIOLATED)
_62468_/CLK                             3.000000   31.343210  -28.343210 (VIOLATED)
_62469_/CLK                             3.000000   31.343210  -28.343210 (VIOLATED)
_62470_/CLK                             3.000000   31.343210  -28.343210 (VIOLATED)
_62471_/CLK                             3.000000   31.343210  -28.343210 (VIOLATED)
_62472_/CLK                             3.000000   31.343210  -28.343210 (VIOLATED)
_62473_/CLK                             3.000000   31.343210  -28.343210 (VIOLATED)
_62474_/CLK                             3.000000   31.343210  -28.343210 (VIOLATED)
_62475_/CLK                             3.000000   31.343210  -28.343210 (VIOLATED)
_62476_/CLK                             3.000000   31.343210  -28.343210 (VIOLATED)
_62477_/CLK                             3.000000   31.343210  -28.343210 (VIOLATED)
_62478_/CLK                             3.000000   31.343210  -28.343210 (VIOLATED)
_62479_/CLK                             3.000000   31.343210  -28.343210 (VIOLATED)
_62480_/CLK                             3.000000   31.343210  -28.343210 (VIOLATED)
_62481_/CLK                             3.000000   31.343210  -28.343210 (VIOLATED)
_62482_/CLK                             3.000000   31.343210  -28.343210 (VIOLATED)
_62483_/CLK                             3.000000   31.343210  -28.343210 (VIOLATED)
_62484_/CLK                             3.000000   31.343210  -28.343210 (VIOLATED)
_62485_/CLK                             3.000000   31.343210  -28.343210 (VIOLATED)
_62486_/CLK                             3.000000   31.343210  -28.343210 (VIOLATED)
_62487_/CLK                             3.000000   31.343210  -28.343210 (VIOLATED)
_62488_/CLK                             3.000000   31.343210  -28.343210 (VIOLATED)
_62489_/CLK                             3.000000   31.343210  -28.343210 (VIOLATED)
_62490_/CLK                             3.000000   31.343210  -28.343210 (VIOLATED)
_62491_/CLK                             3.000000   31.343210  -28.343210 (VIOLATED)
_62492_/CLK                             3.000000   31.343210  -28.343210 (VIOLATED)
_62493_/CLK                             3.000000   31.343210  -28.343210 (VIOLATED)
_62494_/CLK                             3.000000   31.343210  -28.343210 (VIOLATED)
_62495_/CLK                             3.000000   31.343210  -28.343210 (VIOLATED)
_62496_/CLK                             3.000000   31.343210  -28.343210 (VIOLATED)
_62497_/CLK                             3.000000   31.343210  -28.343210 (VIOLATED)
_62498_/CLK                             3.000000   31.343210  -28.343210 (VIOLATED)
_62499_/CLK                             3.000000   31.343210  -28.343210 (VIOLATED)
_62500_/CLK                             3.000000   31.343210  -28.343210 (VIOLATED)
_62501_/CLK                             3.000000   31.343210  -28.343210 (VIOLATED)
_62502_/CLK                             3.000000   31.343210  -28.343210 (VIOLATED)
_62503_/CLK                             3.000000   31.343210  -28.343210 (VIOLATED)
_62631_/CLK                             3.000000   31.343210  -28.343210 (VIOLATED)
_62632_/CLK                             3.000000   31.343210  -28.343210 (VIOLATED)
_62633_/CLK                             3.000000   31.343210  -28.343210 (VIOLATED)
_62634_/CLK                             3.000000   31.343210  -28.343210 (VIOLATED)
_62635_/CLK                             3.000000   31.343210  -28.343210 (VIOLATED)
_62636_/CLK                             3.000000   31.343210  -28.343210 (VIOLATED)
_62637_/CLK                             3.000000   31.343210  -28.343210 (VIOLATED)
_62638_/CLK                             3.000000   31.343210  -28.343210 (VIOLATED)
i_core_v_mini_mcu.cpu_subsystem_i.hart_clock_gate_0_0.u_icg/CLK    3.000000   31.343210  -28.343210 (VIOLATED)
i_core_v_mini_mcu.cpu_subsystem_i.hart_clock_gate_1_0.u_icg/CLK    3.000000   31.343210  -28.343210 (VIOLATED)
i_core_v_mini_mcu.memory_subsystem_i.gen_sram[0].clk_gating_cell_i.u_icg/CLK    3.000000   31.343210  -28.343210 (VIOLATED)
i_core_v_mini_mcu.peripheral_subsystem_i.clk_gating_cell.u_icg/CLK    3.000000   31.343210  -28.343210 (VIOLATED)
_37956_/ZN                              3.000000   31.129808  -28.129808 (VIOLATED)
_37957_/I                               3.000000   31.129808  -28.129808 (VIOLATED)
_37979_/I                               3.000000   31.129808  -28.129808 (VIOLATED)
_38001_/I                               3.000000   31.129808  -28.129808 (VIOLATED)
_38022_/A1                              3.000000   31.129808  -28.129808 (VIOLATED)
_38024_/A1                              3.000000   31.129808  -28.129808 (VIOLATED)
_57063_/CLK                             3.000000   30.233793  -27.233793 (VIOLATED)
_57064_/CLK                             3.000000   30.233793  -27.233793 (VIOLATED)
_57065_/CLK                             3.000000   30.233793  -27.233793 (VIOLATED)
_57066_/CLK                             3.000000   30.233793  -27.233793 (VIOLATED)
_57067_/CLK                             3.000000   30.233793  -27.233793 (VIOLATED)
_57068_/CLK                             3.000000   30.233793  -27.233793 (VIOLATED)
_57069_/CLK                             3.000000   30.233793  -27.233793 (VIOLATED)
_57070_/CLK                             3.000000   30.233793  -27.233793 (VIOLATED)
_57071_/CLK                             3.000000   30.233793  -27.233793 (VIOLATED)
_57072_/CLK                             3.000000   30.233793  -27.233793 (VIOLATED)
_61501_/CLK                             3.000000   30.233793  -27.233793 (VIOLATED)
_61502_/CLK                             3.000000   30.233793  -27.233793 (VIOLATED)
_61503_/CLK                             3.000000   30.233793  -27.233793 (VIOLATED)
_61504_/CLK                             3.000000   30.233793  -27.233793 (VIOLATED)
_61505_/CLK                             3.000000   30.233793  -27.233793 (VIOLATED)
_61506_/CLK                             3.000000   30.233793  -27.233793 (VIOLATED)
_61507_/CLK                             3.000000   30.233793  -27.233793 (VIOLATED)
_61508_/CLK                             3.000000   30.233793  -27.233793 (VIOLATED)
_61509_/CLK                             3.000000   30.233793  -27.233793 (VIOLATED)
_61510_/CLK                             3.000000   30.233793  -27.233793 (VIOLATED)
_61511_/CLK                             3.000000   30.233793  -27.233793 (VIOLATED)
_61512_/CLK                             3.000000   30.233793  -27.233793 (VIOLATED)
_61513_/CLK                             3.000000   30.233793  -27.233793 (VIOLATED)
_61514_/CLK                             3.000000   30.233793  -27.233793 (VIOLATED)
_61515_/CLK                             3.000000   30.233793  -27.233793 (VIOLATED)
_61516_/CLK                             3.000000   30.233793  -27.233793 (VIOLATED)
_61517_/CLK                             3.000000   30.233793  -27.233793 (VIOLATED)
_61518_/CLK                             3.000000   30.233793  -27.233793 (VIOLATED)
_61519_/CLK                             3.000000   30.233793  -27.233793 (VIOLATED)
_61520_/CLK                             3.000000   30.233793  -27.233793 (VIOLATED)
_61521_/CLK                             3.000000   30.233793  -27.233793 (VIOLATED)
_61522_/CLK                             3.000000   30.233793  -27.233793 (VIOLATED)
_61523_/CLK                             3.000000   30.233793  -27.233793 (VIOLATED)
_61524_/CLK                             3.000000   30.233793  -27.233793 (VIOLATED)
_61525_/CLK                             3.000000   30.233793  -27.233793 (VIOLATED)
_61526_/CLK                             3.000000   30.233793  -27.233793 (VIOLATED)
_61527_/CLK                             3.000000   30.233793  -27.233793 (VIOLATED)
_61528_/CLK                             3.000000   30.233793  -27.233793 (VIOLATED)
_61529_/CLK                             3.000000   30.233793  -27.233793 (VIOLATED)
_61530_/CLK                             3.000000   30.233793  -27.233793 (VIOLATED)
_61531_/CLK                             3.000000   30.233793  -27.233793 (VIOLATED)
_61532_/CLK                             3.000000   30.233793  -27.233793 (VIOLATED)
_61533_/CLK                             3.000000   30.233793  -27.233793 (VIOLATED)
_61534_/CLK                             3.000000   30.233793  -27.233793 (VIOLATED)
_61535_/CLK                             3.000000   30.233793  -27.233793 (VIOLATED)
_61536_/CLK                             3.000000   30.233793  -27.233793 (VIOLATED)
_61537_/CLK                             3.000000   30.233793  -27.233793 (VIOLATED)
_61538_/CLK                             3.000000   30.233793  -27.233793 (VIOLATED)
_61539_/CLK                             3.000000   30.233793  -27.233793 (VIOLATED)
_61540_/CLK                             3.000000   30.233793  -27.233793 (VIOLATED)
_61541_/CLK                             3.000000   30.233793  -27.233793 (VIOLATED)
_61542_/CLK                             3.000000   30.233793  -27.233793 (VIOLATED)
_61543_/CLK                             3.000000   30.233793  -27.233793 (VIOLATED)
_61544_/CLK                             3.000000   30.233793  -27.233793 (VIOLATED)
_61545_/CLK                             3.000000   30.233793  -27.233793 (VIOLATED)
_61546_/CLK                             3.000000   30.233793  -27.233793 (VIOLATED)
_61547_/CLK                             3.000000   30.233793  -27.233793 (VIOLATED)
_61548_/CLK                             3.000000   30.233793  -27.233793 (VIOLATED)
_61549_/CLK                             3.000000   30.233793  -27.233793 (VIOLATED)
_61550_/CLK                             3.000000   30.233793  -27.233793 (VIOLATED)
_61551_/CLK                             3.000000   30.233793  -27.233793 (VIOLATED)
_61552_/CLK                             3.000000   30.233793  -27.233793 (VIOLATED)
_61553_/CLK                             3.000000   30.233793  -27.233793 (VIOLATED)
_61554_/CLK                             3.000000   30.233793  -27.233793 (VIOLATED)
_61555_/CLK                             3.000000   30.233793  -27.233793 (VIOLATED)
_61556_/CLK                             3.000000   30.233793  -27.233793 (VIOLATED)
_61557_/CLK                             3.000000   30.233793  -27.233793 (VIOLATED)
_61558_/CLK                             3.000000   30.233793  -27.233793 (VIOLATED)
_61559_/CLK                             3.000000   30.233793  -27.233793 (VIOLATED)
_61560_/CLK                             3.000000   30.233793  -27.233793 (VIOLATED)
_61561_/CLK                             3.000000   30.233793  -27.233793 (VIOLATED)
_61562_/CLK                             3.000000   30.233793  -27.233793 (VIOLATED)
_61563_/CLK                             3.000000   30.233793  -27.233793 (VIOLATED)
_61564_/CLK                             3.000000   30.233793  -27.233793 (VIOLATED)
_61565_/CLK                             3.000000   30.233793  -27.233793 (VIOLATED)
_61566_/CLK                             3.000000   30.233793  -27.233793 (VIOLATED)
_61567_/CLK                             3.000000   30.233793  -27.233793 (VIOLATED)
_61568_/CLK                             3.000000   30.233793  -27.233793 (VIOLATED)
_61569_/CLK                             3.000000   30.233793  -27.233793 (VIOLATED)
_61570_/CLK                             3.000000   30.233793  -27.233793 (VIOLATED)
_61571_/CLK                             3.000000   30.233793  -27.233793 (VIOLATED)
_61572_/CLK                             3.000000   30.233793  -27.233793 (VIOLATED)
_61573_/CLK                             3.000000   30.233793  -27.233793 (VIOLATED)
_61574_/CLK                             3.000000   30.233793  -27.233793 (VIOLATED)
_61575_/CLK                             3.000000   30.233793  -27.233793 (VIOLATED)
_61576_/CLK                             3.000000   30.233793  -27.233793 (VIOLATED)
_61577_/CLK                             3.000000   30.233793  -27.233793 (VIOLATED)
_61578_/CLK                             3.000000   30.233793  -27.233793 (VIOLATED)
_61579_/CLK                             3.000000   30.233793  -27.233793 (VIOLATED)
_61580_/CLK                             3.000000   30.233793  -27.233793 (VIOLATED)
_61581_/CLK                             3.000000   30.233793  -27.233793 (VIOLATED)
_61582_/CLK                             3.000000   30.233793  -27.233793 (VIOLATED)
_61583_/CLK                             3.000000   30.233793  -27.233793 (VIOLATED)
_61584_/CLK                             3.000000   30.233793  -27.233793 (VIOLATED)
_61585_/CLK                             3.000000   30.233793  -27.233793 (VIOLATED)
_61586_/CLK                             3.000000   30.233793  -27.233793 (VIOLATED)
_61587_/CLK                             3.000000   30.233793  -27.233793 (VIOLATED)
_61588_/CLK                             3.000000   30.233793  -27.233793 (VIOLATED)
_61589_/CLK                             3.000000   30.233793  -27.233793 (VIOLATED)
_61590_/CLK                             3.000000   30.233793  -27.233793 (VIOLATED)
_61591_/CLK                             3.000000   30.233793  -27.233793 (VIOLATED)
_61592_/CLK                             3.000000   30.233793  -27.233793 (VIOLATED)
_61593_/CLK                             3.000000   30.233793  -27.233793 (VIOLATED)
_61594_/CLK                             3.000000   30.233793  -27.233793 (VIOLATED)
_61595_/CLK                             3.000000   30.233793  -27.233793 (VIOLATED)
_61596_/CLK                             3.000000   30.233793  -27.233793 (VIOLATED)
_61597_/CLK                             3.000000   30.233793  -27.233793 (VIOLATED)
_61598_/CLK                             3.000000   30.233793  -27.233793 (VIOLATED)
_61599_/CLK                             3.000000   30.233793  -27.233793 (VIOLATED)
_61600_/CLK                             3.000000   30.233793  -27.233793 (VIOLATED)
_61601_/CLK                             3.000000   30.233793  -27.233793 (VIOLATED)
_61602_/CLK                             3.000000   30.233793  -27.233793 (VIOLATED)
_61603_/CLK                             3.000000   30.233793  -27.233793 (VIOLATED)
_61604_/CLK                             3.000000   30.233793  -27.233793 (VIOLATED)
_61605_/CLK                             3.000000   30.233793  -27.233793 (VIOLATED)
_61606_/CLK                             3.000000   30.233793  -27.233793 (VIOLATED)
_61607_/CLK                             3.000000   30.233793  -27.233793 (VIOLATED)
_61608_/CLK                             3.000000   30.233793  -27.233793 (VIOLATED)
_61609_/CLK                             3.000000   30.233793  -27.233793 (VIOLATED)
_61610_/CLK                             3.000000   30.233793  -27.233793 (VIOLATED)
_61611_/CLK                             3.000000   30.233793  -27.233793 (VIOLATED)
_61612_/CLK                             3.000000   30.233793  -27.233793 (VIOLATED)
_61613_/CLK                             3.000000   30.233793  -27.233793 (VIOLATED)
_61614_/CLK                             3.000000   30.233793  -27.233793 (VIOLATED)
_61615_/CLK                             3.000000   30.233793  -27.233793 (VIOLATED)
_61616_/CLK                             3.000000   30.233793  -27.233793 (VIOLATED)
_61617_/CLK                             3.000000   30.233793  -27.233793 (VIOLATED)
_61618_/CLK                             3.000000   30.233793  -27.233793 (VIOLATED)
_61619_/CLK                             3.000000   30.233793  -27.233793 (VIOLATED)
_61620_/CLK                             3.000000   30.233793  -27.233793 (VIOLATED)
_61621_/CLK                             3.000000   30.233793  -27.233793 (VIOLATED)
_61622_/CLK                             3.000000   30.233793  -27.233793 (VIOLATED)
_61623_/CLK                             3.000000   30.233793  -27.233793 (VIOLATED)
_61624_/CLK                             3.000000   30.233793  -27.233793 (VIOLATED)
_61625_/CLK                             3.000000   30.233793  -27.233793 (VIOLATED)
_61626_/CLK                             3.000000   30.233793  -27.233793 (VIOLATED)
_61627_/CLK                             3.000000   30.233793  -27.233793 (VIOLATED)
_61628_/CLK                             3.000000   30.233793  -27.233793 (VIOLATED)
_61629_/CLK                             3.000000   30.233793  -27.233793 (VIOLATED)
_61630_/CLK                             3.000000   30.233793  -27.233793 (VIOLATED)
_61631_/CLK                             3.000000   30.233793  -27.233793 (VIOLATED)
_61632_/CLK                             3.000000   30.233793  -27.233793 (VIOLATED)
_61633_/CLK                             3.000000   30.233793  -27.233793 (VIOLATED)
_61634_/CLK                             3.000000   30.233793  -27.233793 (VIOLATED)
_61635_/CLK                             3.000000   30.233793  -27.233793 (VIOLATED)
_61636_/CLK                             3.000000   30.233793  -27.233793 (VIOLATED)
_61637_/CLK                             3.000000   30.233793  -27.233793 (VIOLATED)
_61638_/CLK                             3.000000   30.233793  -27.233793 (VIOLATED)
_61639_/CLK                             3.000000   30.233793  -27.233793 (VIOLATED)
_61640_/CLK                             3.000000   30.233793  -27.233793 (VIOLATED)
_61641_/CLK                             3.000000   30.233793  -27.233793 (VIOLATED)
_61642_/CLK                             3.000000   30.233793  -27.233793 (VIOLATED)
_61643_/CLK                             3.000000   30.233793  -27.233793 (VIOLATED)
_61644_/CLK                             3.000000   30.233793  -27.233793 (VIOLATED)
_61645_/CLK                             3.000000   30.233793  -27.233793 (VIOLATED)
_61646_/CLK                             3.000000   30.233793  -27.233793 (VIOLATED)
_61647_/CLK                             3.000000   30.233793  -27.233793 (VIOLATED)
_61648_/CLK                             3.000000   30.233793  -27.233793 (VIOLATED)
_61649_/CLK                             3.000000   30.233793  -27.233793 (VIOLATED)
_61650_/CLK                             3.000000   30.233793  -27.233793 (VIOLATED)
_61651_/CLK                             3.000000   30.233793  -27.233793 (VIOLATED)
_61652_/CLK                             3.000000   30.233793  -27.233793 (VIOLATED)
_61653_/CLK                             3.000000   30.233793  -27.233793 (VIOLATED)
_61654_/CLK                             3.000000   30.233793  -27.233793 (VIOLATED)
_61655_/CLK                             3.000000   30.233793  -27.233793 (VIOLATED)
_61656_/CLK                             3.000000   30.233793  -27.233793 (VIOLATED)
_61657_/CLK                             3.000000   30.233793  -27.233793 (VIOLATED)
_61658_/CLK                             3.000000   30.233793  -27.233793 (VIOLATED)
_61659_/CLK                             3.000000   30.233793  -27.233793 (VIOLATED)
_61660_/CLK                             3.000000   30.233793  -27.233793 (VIOLATED)
_61661_/CLK                             3.000000   30.233793  -27.233793 (VIOLATED)
_61662_/CLK                             3.000000   30.233793  -27.233793 (VIOLATED)
_61663_/CLK                             3.000000   30.233793  -27.233793 (VIOLATED)
_61664_/CLK                             3.000000   30.233793  -27.233793 (VIOLATED)
_61665_/CLK                             3.000000   30.233793  -27.233793 (VIOLATED)
_61666_/CLK                             3.000000   30.233793  -27.233793 (VIOLATED)
_61667_/CLK                             3.000000   30.233793  -27.233793 (VIOLATED)
_61668_/CLK                             3.000000   30.233793  -27.233793 (VIOLATED)
_61669_/CLK                             3.000000   30.233793  -27.233793 (VIOLATED)
_61670_/CLK                             3.000000   30.233793  -27.233793 (VIOLATED)
_61671_/CLK                             3.000000   30.233793  -27.233793 (VIOLATED)
_61672_/CLK                             3.000000   30.233793  -27.233793 (VIOLATED)
_61673_/CLK                             3.000000   30.233793  -27.233793 (VIOLATED)
_61674_/CLK                             3.000000   30.233793  -27.233793 (VIOLATED)
_61675_/CLK                             3.000000   30.233793  -27.233793 (VIOLATED)
_61676_/CLK                             3.000000   30.233793  -27.233793 (VIOLATED)
_61677_/CLK                             3.000000   30.233793  -27.233793 (VIOLATED)
_61678_/CLK                             3.000000   30.233793  -27.233793 (VIOLATED)
_61679_/CLK                             3.000000   30.233793  -27.233793 (VIOLATED)
_61680_/CLK                             3.000000   30.233793  -27.233793 (VIOLATED)
_61681_/CLK                             3.000000   30.233793  -27.233793 (VIOLATED)
_61682_/CLK                             3.000000   30.233793  -27.233793 (VIOLATED)
_61683_/CLK                             3.000000   30.233793  -27.233793 (VIOLATED)
_61684_/CLK                             3.000000   30.233793  -27.233793 (VIOLATED)
_61685_/CLK                             3.000000   30.233793  -27.233793 (VIOLATED)
_61686_/CLK                             3.000000   30.233793  -27.233793 (VIOLATED)
_61687_/CLK                             3.000000   30.233793  -27.233793 (VIOLATED)
_61688_/CLK                             3.000000   30.233793  -27.233793 (VIOLATED)
_61689_/CLK                             3.000000   30.233793  -27.233793 (VIOLATED)
_61690_/CLK                             3.000000   30.233793  -27.233793 (VIOLATED)
_61691_/CLK                             3.000000   30.233793  -27.233793 (VIOLATED)
_61692_/CLK                             3.000000   30.233793  -27.233793 (VIOLATED)
_61693_/CLK                             3.000000   30.233793  -27.233793 (VIOLATED)
_61694_/CLK                             3.000000   30.233793  -27.233793 (VIOLATED)
_61695_/CLK                             3.000000   30.233793  -27.233793 (VIOLATED)
_61696_/CLK                             3.000000   30.233793  -27.233793 (VIOLATED)
_61697_/CLK                             3.000000   30.233793  -27.233793 (VIOLATED)
_61698_/CLK                             3.000000   30.233793  -27.233793 (VIOLATED)
_61699_/CLK                             3.000000   30.233793  -27.233793 (VIOLATED)
_61700_/CLK                             3.000000   30.233793  -27.233793 (VIOLATED)
_61701_/CLK                             3.000000   30.233793  -27.233793 (VIOLATED)
_61702_/CLK                             3.000000   30.233793  -27.233793 (VIOLATED)
_61703_/CLK                             3.000000   30.233793  -27.233793 (VIOLATED)
_61704_/CLK                             3.000000   30.233793  -27.233793 (VIOLATED)
_61705_/CLK                             3.000000   30.233793  -27.233793 (VIOLATED)
_61706_/CLK                             3.000000   30.233793  -27.233793 (VIOLATED)
_61707_/CLK                             3.000000   30.233793  -27.233793 (VIOLATED)
_61708_/CLK                             3.000000   30.233793  -27.233793 (VIOLATED)
_61709_/CLK                             3.000000   30.233793  -27.233793 (VIOLATED)
_61710_/CLK                             3.000000   30.233793  -27.233793 (VIOLATED)
_61711_/CLK                             3.000000   30.233793  -27.233793 (VIOLATED)
_61712_/CLK                             3.000000   30.233793  -27.233793 (VIOLATED)
_61713_/CLK                             3.000000   30.233793  -27.233793 (VIOLATED)
_61714_/CLK                             3.000000   30.233793  -27.233793 (VIOLATED)
_61715_/CLK                             3.000000   30.233793  -27.233793 (VIOLATED)
_61716_/CLK                             3.000000   30.233793  -27.233793 (VIOLATED)
_61717_/CLK                             3.000000   30.233793  -27.233793 (VIOLATED)
_61718_/CLK                             3.000000   30.233793  -27.233793 (VIOLATED)
_61719_/CLK                             3.000000   30.233793  -27.233793 (VIOLATED)
_61720_/CLK                             3.000000   30.233793  -27.233793 (VIOLATED)
_61721_/CLK                             3.000000   30.233793  -27.233793 (VIOLATED)
_61722_/CLK                             3.000000   30.233793  -27.233793 (VIOLATED)
_61723_/CLK                             3.000000   30.233793  -27.233793 (VIOLATED)
_61724_/CLK                             3.000000   30.233793  -27.233793 (VIOLATED)
_61725_/CLK                             3.000000   30.233793  -27.233793 (VIOLATED)
_61726_/CLK                             3.000000   30.233793  -27.233793 (VIOLATED)
_61727_/CLK                             3.000000   30.233793  -27.233793 (VIOLATED)
_61728_/CLK                             3.000000   30.233793  -27.233793 (VIOLATED)
_61729_/CLK                             3.000000   30.233793  -27.233793 (VIOLATED)
_61730_/CLK                             3.000000   30.233793  -27.233793 (VIOLATED)
_61731_/CLK                             3.000000   30.233793  -27.233793 (VIOLATED)
_61732_/CLK                             3.000000   30.233793  -27.233793 (VIOLATED)
_61733_/CLK                             3.000000   30.233793  -27.233793 (VIOLATED)
_61734_/CLK                             3.000000   30.233793  -27.233793 (VIOLATED)
_61735_/CLK                             3.000000   30.233793  -27.233793 (VIOLATED)
_61736_/CLK                             3.000000   30.233793  -27.233793 (VIOLATED)
_61737_/CLK                             3.000000   30.233793  -27.233793 (VIOLATED)
_61738_/CLK                             3.000000   30.233793  -27.233793 (VIOLATED)
_61739_/CLK                             3.000000   30.233793  -27.233793 (VIOLATED)
_61740_/CLK                             3.000000   30.233793  -27.233793 (VIOLATED)
_61741_/CLK                             3.000000   30.233793  -27.233793 (VIOLATED)
_61742_/CLK                             3.000000   30.233793  -27.233793 (VIOLATED)
_61743_/CLK                             3.000000   30.233793  -27.233793 (VIOLATED)
_61744_/CLK                             3.000000   30.233793  -27.233793 (VIOLATED)
_61745_/CLK                             3.000000   30.233793  -27.233793 (VIOLATED)
_61746_/CLK                             3.000000   30.233793  -27.233793 (VIOLATED)
_61747_/CLK                             3.000000   30.233793  -27.233793 (VIOLATED)
_61748_/CLK                             3.000000   30.233793  -27.233793 (VIOLATED)
_61749_/CLK                             3.000000   30.233793  -27.233793 (VIOLATED)
_61750_/CLK                             3.000000   30.233793  -27.233793 (VIOLATED)
_61751_/CLK                             3.000000   30.233793  -27.233793 (VIOLATED)
_61752_/CLK                             3.000000   30.233793  -27.233793 (VIOLATED)
_61753_/CLK                             3.000000   30.233793  -27.233793 (VIOLATED)
_61754_/CLK                             3.000000   30.233793  -27.233793 (VIOLATED)
_61755_/CLK                             3.000000   30.233793  -27.233793 (VIOLATED)
_61756_/CLK                             3.000000   30.233793  -27.233793 (VIOLATED)
_61757_/CLK                             3.000000   30.233793  -27.233793 (VIOLATED)
_61758_/CLK                             3.000000   30.233793  -27.233793 (VIOLATED)
_61759_/CLK                             3.000000   30.233793  -27.233793 (VIOLATED)
_61760_/CLK                             3.000000   30.233793  -27.233793 (VIOLATED)
_61761_/CLK                             3.000000   30.233793  -27.233793 (VIOLATED)
_61762_/CLK                             3.000000   30.233793  -27.233793 (VIOLATED)
_61763_/CLK                             3.000000   30.233793  -27.233793 (VIOLATED)
_61764_/CLK                             3.000000   30.233793  -27.233793 (VIOLATED)
_61858_/CLK                             3.000000   30.233793  -27.233793 (VIOLATED)
_61859_/CLK                             3.000000   30.233793  -27.233793 (VIOLATED)
_61860_/CLK                             3.000000   30.233793  -27.233793 (VIOLATED)
_62144_/CLK                             3.000000   30.233793  -27.233793 (VIOLATED)
_62145_/CLK                             3.000000   30.233793  -27.233793 (VIOLATED)
_62146_/CLK                             3.000000   30.233793  -27.233793 (VIOLATED)
_62147_/CLK                             3.000000   30.233793  -27.233793 (VIOLATED)
_62148_/CLK                             3.000000   30.233793  -27.233793 (VIOLATED)
_62149_/CLK                             3.000000   30.233793  -27.233793 (VIOLATED)
_62150_/CLK                             3.000000   30.233793  -27.233793 (VIOLATED)
_62151_/CLK                             3.000000   30.233793  -27.233793 (VIOLATED)
_62152_/CLK                             3.000000   30.233793  -27.233793 (VIOLATED)
_62153_/CLK                             3.000000   30.233793  -27.233793 (VIOLATED)
_62154_/CLK                             3.000000   30.233793  -27.233793 (VIOLATED)
_62155_/CLK                             3.000000   30.233793  -27.233793 (VIOLATED)
_62156_/CLK                             3.000000   30.233793  -27.233793 (VIOLATED)
_62157_/CLK                             3.000000   30.233793  -27.233793 (VIOLATED)
_62158_/CLK                             3.000000   30.233793  -27.233793 (VIOLATED)
_62159_/CLK                             3.000000   30.233793  -27.233793 (VIOLATED)
_62160_/CLK                             3.000000   30.233793  -27.233793 (VIOLATED)
_62161_/CLK                             3.000000   30.233793  -27.233793 (VIOLATED)
_62162_/CLK                             3.000000   30.233793  -27.233793 (VIOLATED)
_62163_/CLK                             3.000000   30.233793  -27.233793 (VIOLATED)
_62164_/CLK                             3.000000   30.233793  -27.233793 (VIOLATED)
_62165_/CLK                             3.000000   30.233793  -27.233793 (VIOLATED)
_62166_/CLK                             3.000000   30.233793  -27.233793 (VIOLATED)
_62167_/CLK                             3.000000   30.233793  -27.233793 (VIOLATED)
_62168_/CLK                             3.000000   30.233793  -27.233793 (VIOLATED)
_62169_/CLK                             3.000000   30.233793  -27.233793 (VIOLATED)
_62170_/CLK                             3.000000   30.233793  -27.233793 (VIOLATED)
_62171_/CLK                             3.000000   30.233793  -27.233793 (VIOLATED)
_62172_/CLK                             3.000000   30.233793  -27.233793 (VIOLATED)
_62173_/CLK                             3.000000   30.233793  -27.233793 (VIOLATED)
_62174_/CLK                             3.000000   30.233793  -27.233793 (VIOLATED)
_62175_/CLK                             3.000000   30.233793  -27.233793 (VIOLATED)
_62176_/CLK                             3.000000   30.233793  -27.233793 (VIOLATED)
_62177_/CLK                             3.000000   30.233793  -27.233793 (VIOLATED)
_62178_/CLK                             3.000000   30.233793  -27.233793 (VIOLATED)
_62179_/CLK                             3.000000   30.233793  -27.233793 (VIOLATED)
_62180_/CLK                             3.000000   30.233793  -27.233793 (VIOLATED)
_62181_/CLK                             3.000000   30.233793  -27.233793 (VIOLATED)
_62182_/CLK                             3.000000   30.233793  -27.233793 (VIOLATED)
_62183_/CLK                             3.000000   30.233793  -27.233793 (VIOLATED)
_62184_/CLK                             3.000000   30.233793  -27.233793 (VIOLATED)
_62185_/CLK                             3.000000   30.233793  -27.233793 (VIOLATED)
_62186_/CLK                             3.000000   30.233793  -27.233793 (VIOLATED)
_62187_/CLK                             3.000000   30.233793  -27.233793 (VIOLATED)
_62188_/CLK                             3.000000   30.233793  -27.233793 (VIOLATED)
_62189_/CLK                             3.000000   30.233793  -27.233793 (VIOLATED)
_62190_/CLK                             3.000000   30.233793  -27.233793 (VIOLATED)
_62191_/CLK                             3.000000   30.233793  -27.233793 (VIOLATED)
_62192_/CLK                             3.000000   30.233793  -27.233793 (VIOLATED)
_62193_/CLK                             3.000000   30.233793  -27.233793 (VIOLATED)
_62194_/CLK                             3.000000   30.233793  -27.233793 (VIOLATED)
_62207_/CLK                             3.000000   30.233793  -27.233793 (VIOLATED)
_62208_/CLK                             3.000000   30.233793  -27.233793 (VIOLATED)
_62209_/CLK                             3.000000   30.233793  -27.233793 (VIOLATED)
_62210_/CLK                             3.000000   30.233793  -27.233793 (VIOLATED)
_62211_/CLK                             3.000000   30.233793  -27.233793 (VIOLATED)
_62212_/CLK                             3.000000   30.233793  -27.233793 (VIOLATED)
_62213_/CLK                             3.000000   30.233793  -27.233793 (VIOLATED)
_62214_/CLK                             3.000000   30.233793  -27.233793 (VIOLATED)
_62215_/CLK                             3.000000   30.233793  -27.233793 (VIOLATED)
_62216_/CLK                             3.000000   30.233793  -27.233793 (VIOLATED)
_62217_/CLK                             3.000000   30.233793  -27.233793 (VIOLATED)
_62218_/CLK                             3.000000   30.233793  -27.233793 (VIOLATED)
_62504_/CLK                             3.000000   30.233793  -27.233793 (VIOLATED)
_62505_/CLK                             3.000000   30.233793  -27.233793 (VIOLATED)
_62506_/CLK                             3.000000   30.233793  -27.233793 (VIOLATED)
_62507_/CLK                             3.000000   30.233793  -27.233793 (VIOLATED)
_62508_/CLK                             3.000000   30.233793  -27.233793 (VIOLATED)
_62509_/CLK                             3.000000   30.233793  -27.233793 (VIOLATED)
_62510_/CLK                             3.000000   30.233793  -27.233793 (VIOLATED)
_62511_/CLK                             3.000000   30.233793  -27.233793 (VIOLATED)
_62512_/CLK                             3.000000   30.233793  -27.233793 (VIOLATED)
_62513_/CLK                             3.000000   30.233793  -27.233793 (VIOLATED)
_62514_/CLK                             3.000000   30.233793  -27.233793 (VIOLATED)
_62515_/CLK                             3.000000   30.233793  -27.233793 (VIOLATED)
_62516_/CLK                             3.000000   30.233793  -27.233793 (VIOLATED)
_62517_/CLK                             3.000000   30.233793  -27.233793 (VIOLATED)
_62518_/CLK                             3.000000   30.233793  -27.233793 (VIOLATED)
_62519_/CLK                             3.000000   30.233793  -27.233793 (VIOLATED)
_62520_/CLK                             3.000000   30.233793  -27.233793 (VIOLATED)
_62521_/CLK                             3.000000   30.233793  -27.233793 (VIOLATED)
_62522_/CLK                             3.000000   30.233793  -27.233793 (VIOLATED)
_62523_/CLK                             3.000000   30.233793  -27.233793 (VIOLATED)
_62524_/CLK                             3.000000   30.233793  -27.233793 (VIOLATED)
_62525_/CLK                             3.000000   30.233793  -27.233793 (VIOLATED)
_62526_/CLK                             3.000000   30.233793  -27.233793 (VIOLATED)
_62527_/CLK                             3.000000   30.233793  -27.233793 (VIOLATED)
_62528_/CLK                             3.000000   30.233793  -27.233793 (VIOLATED)
_62529_/CLK                             3.000000   30.233793  -27.233793 (VIOLATED)
_62530_/CLK                             3.000000   30.233793  -27.233793 (VIOLATED)
_62531_/CLK                             3.000000   30.233793  -27.233793 (VIOLATED)
_62532_/CLK                             3.000000   30.233793  -27.233793 (VIOLATED)
_62533_/CLK                             3.000000   30.233793  -27.233793 (VIOLATED)
_62534_/CLK                             3.000000   30.233793  -27.233793 (VIOLATED)
_62535_/CLK                             3.000000   30.233793  -27.233793 (VIOLATED)
_62536_/CLK                             3.000000   30.233793  -27.233793 (VIOLATED)
_62537_/CLK                             3.000000   30.233793  -27.233793 (VIOLATED)
_62538_/CLK                             3.000000   30.233793  -27.233793 (VIOLATED)
_62539_/CLK                             3.000000   30.233793  -27.233793 (VIOLATED)
_62540_/CLK                             3.000000   30.233793  -27.233793 (VIOLATED)
_62541_/CLK                             3.000000   30.233793  -27.233793 (VIOLATED)
_62542_/CLK                             3.000000   30.233793  -27.233793 (VIOLATED)
_62543_/CLK                             3.000000   30.233793  -27.233793 (VIOLATED)
_62544_/CLK                             3.000000   30.233793  -27.233793 (VIOLATED)
_62545_/CLK                             3.000000   30.233793  -27.233793 (VIOLATED)
_62546_/CLK                             3.000000   30.233793  -27.233793 (VIOLATED)
_62547_/CLK                             3.000000   30.233793  -27.233793 (VIOLATED)
_62548_/CLK                             3.000000   30.233793  -27.233793 (VIOLATED)
_62549_/CLK                             3.000000   30.233793  -27.233793 (VIOLATED)
_62550_/CLK                             3.000000   30.233793  -27.233793 (VIOLATED)
_62551_/CLK                             3.000000   30.233793  -27.233793 (VIOLATED)
_62552_/CLK                             3.000000   30.233793  -27.233793 (VIOLATED)
_62553_/CLK                             3.000000   30.233793  -27.233793 (VIOLATED)
_62554_/CLK                             3.000000   30.233793  -27.233793 (VIOLATED)
_62555_/CLK                             3.000000   30.233793  -27.233793 (VIOLATED)
_62556_/CLK                             3.000000   30.233793  -27.233793 (VIOLATED)
_62557_/CLK                             3.000000   30.233793  -27.233793 (VIOLATED)
_62558_/CLK                             3.000000   30.233793  -27.233793 (VIOLATED)
_62559_/CLK                             3.000000   30.233793  -27.233793 (VIOLATED)
_62560_/CLK                             3.000000   30.233793  -27.233793 (VIOLATED)
_62561_/CLK                             3.000000   30.233793  -27.233793 (VIOLATED)
_62562_/CLK                             3.000000   30.233793  -27.233793 (VIOLATED)
_62563_/CLK                             3.000000   30.233793  -27.233793 (VIOLATED)
_62564_/CLK                             3.000000   30.233793  -27.233793 (VIOLATED)
_62565_/CLK                             3.000000   30.233793  -27.233793 (VIOLATED)
_62566_/CLK                             3.000000   30.233793  -27.233793 (VIOLATED)
_62567_/CLK                             3.000000   30.233793  -27.233793 (VIOLATED)
_62568_/CLK                             3.000000   30.233793  -27.233793 (VIOLATED)
_62569_/CLK                             3.000000   30.233793  -27.233793 (VIOLATED)
_62570_/CLK                             3.000000   30.233793  -27.233793 (VIOLATED)
_62571_/CLK                             3.000000   30.233793  -27.233793 (VIOLATED)
_62572_/CLK                             3.000000   30.233793  -27.233793 (VIOLATED)
_62573_/CLK                             3.000000   30.233793  -27.233793 (VIOLATED)
_62574_/CLK                             3.000000   30.233793  -27.233793 (VIOLATED)
_62575_/CLK                             3.000000   30.233793  -27.233793 (VIOLATED)
_62576_/CLK                             3.000000   30.233793  -27.233793 (VIOLATED)
_62577_/CLK                             3.000000   30.233793  -27.233793 (VIOLATED)
_62578_/CLK                             3.000000   30.233793  -27.233793 (VIOLATED)
_62579_/CLK                             3.000000   30.233793  -27.233793 (VIOLATED)
_62580_/CLK                             3.000000   30.233793  -27.233793 (VIOLATED)
_62581_/CLK                             3.000000   30.233793  -27.233793 (VIOLATED)
_62582_/CLK                             3.000000   30.233793  -27.233793 (VIOLATED)
_62583_/CLK                             3.000000   30.233793  -27.233793 (VIOLATED)
_62584_/CLK                             3.000000   30.233793  -27.233793 (VIOLATED)
_62585_/CLK                             3.000000   30.233793  -27.233793 (VIOLATED)
_62586_/CLK                             3.000000   30.233793  -27.233793 (VIOLATED)
_62587_/CLK                             3.000000   30.233793  -27.233793 (VIOLATED)
_62588_/CLK                             3.000000   30.233793  -27.233793 (VIOLATED)
_62589_/CLK                             3.000000   30.233793  -27.233793 (VIOLATED)
_62590_/CLK                             3.000000   30.233793  -27.233793 (VIOLATED)
_62591_/CLK                             3.000000   30.233793  -27.233793 (VIOLATED)
_62592_/CLK                             3.000000   30.233793  -27.233793 (VIOLATED)
_62593_/CLK                             3.000000   30.233793  -27.233793 (VIOLATED)
_62594_/CLK                             3.000000   30.233793  -27.233793 (VIOLATED)
_62595_/CLK                             3.000000   30.233793  -27.233793 (VIOLATED)
_62596_/CLK                             3.000000   30.233793  -27.233793 (VIOLATED)
_62597_/CLK                             3.000000   30.233793  -27.233793 (VIOLATED)
_62598_/CLK                             3.000000   30.233793  -27.233793 (VIOLATED)
_62599_/CLK                             3.000000   30.233793  -27.233793 (VIOLATED)
_62600_/CLK                             3.000000   30.233793  -27.233793 (VIOLATED)
_62601_/CLK                             3.000000   30.233793  -27.233793 (VIOLATED)
_62602_/CLK                             3.000000   30.233793  -27.233793 (VIOLATED)
_62603_/CLK                             3.000000   30.233793  -27.233793 (VIOLATED)
_62604_/CLK                             3.000000   30.233793  -27.233793 (VIOLATED)
_62605_/CLK                             3.000000   30.233793  -27.233793 (VIOLATED)
_62606_/CLK                             3.000000   30.233793  -27.233793 (VIOLATED)
_62607_/CLK                             3.000000   30.233793  -27.233793 (VIOLATED)
_62608_/CLK                             3.000000   30.233793  -27.233793 (VIOLATED)
_62609_/CLK                             3.000000   30.233793  -27.233793 (VIOLATED)
_62610_/CLK                             3.000000   30.233793  -27.233793 (VIOLATED)
_62611_/CLK                             3.000000   30.233793  -27.233793 (VIOLATED)
_62612_/CLK                             3.000000   30.233793  -27.233793 (VIOLATED)
_62613_/CLK                             3.000000   30.233793  -27.233793 (VIOLATED)
_62614_/CLK                             3.000000   30.233793  -27.233793 (VIOLATED)
_62615_/CLK                             3.000000   30.233793  -27.233793 (VIOLATED)
_62616_/CLK                             3.000000   30.233793  -27.233793 (VIOLATED)
_62617_/CLK                             3.000000   30.233793  -27.233793 (VIOLATED)
_62618_/CLK                             3.000000   30.233793  -27.233793 (VIOLATED)
_62619_/CLK                             3.000000   30.233793  -27.233793 (VIOLATED)
_62620_/CLK                             3.000000   30.233793  -27.233793 (VIOLATED)
_62621_/CLK                             3.000000   30.233793  -27.233793 (VIOLATED)
_62622_/CLK                             3.000000   30.233793  -27.233793 (VIOLATED)
_62623_/CLK                             3.000000   30.233793  -27.233793 (VIOLATED)
_62624_/CLK                             3.000000   30.233793  -27.233793 (VIOLATED)
_62625_/CLK                             3.000000   30.233793  -27.233793 (VIOLATED)
_62626_/CLK                             3.000000   30.233793  -27.233793 (VIOLATED)
_62627_/CLK                             3.000000   30.233793  -27.233793 (VIOLATED)
_62628_/CLK                             3.000000   30.233793  -27.233793 (VIOLATED)
_62629_/CLK                             3.000000   30.233793  -27.233793 (VIOLATED)
_62630_/CLK                             3.000000   30.233793  -27.233793 (VIOLATED)
i_core_v_mini_mcu.peripheral_subsystem_i.clk_gating_cell.u_icg/Q    3.000000   30.233694  -27.233694 (VIOLATED)
_55501_/ZN                              3.000000   28.643709  -25.643709 (VIOLATED)
_55503_/A1                              3.000000   28.643709  -25.643709 (VIOLATED)
_54402_/ZN                              3.000000   28.301380  -25.301380 (VIOLATED)
_54404_/A1                              3.000000   28.301380  -25.301380 (VIOLATED)
_54509_/ZN                              3.000000   28.202080  -25.202080 (VIOLATED)
_54511_/A1                              3.000000   28.202080  -25.202080 (VIOLATED)
_54718_/ZN                              3.000000   27.803667  -24.803667 (VIOLATED)
_54721_/A1                              3.000000   27.803667  -24.803667 (VIOLATED)
_44388_/ZN                              3.000000   27.786821  -24.786819 (VIOLATED)
_44389_/A1                              3.000000   27.786821  -24.786819 (VIOLATED)
_44442_/A1                              3.000000   27.786821  -24.786819 (VIOLATED)
_44494_/A1                              3.000000   27.786821  -24.786819 (VIOLATED)
_44547_/A1                              3.000000   27.786821  -24.786819 (VIOLATED)
_54609_/ZN                              3.000000   27.719393  -24.719391 (VIOLATED)
_54611_/A1                              3.000000   27.719393  -24.719391 (VIOLATED)
_53689_/ZN                              3.000000   27.589701  -24.589701 (VIOLATED)
_53692_/A1                              3.000000   27.589701  -24.589701 (VIOLATED)
_54298_/ZN                              3.000000   27.515905  -24.515905 (VIOLATED)
_54300_/A1                              3.000000   27.515905  -24.515905 (VIOLATED)
_54921_/ZN                              3.000000   27.450356  -24.450356 (VIOLATED)
_54923_/A1                              3.000000   27.450356  -24.450356 (VIOLATED)
_35781_/B                               3.000000   27.217924  -24.217924 (VIOLATED)
_35782_/A1                              3.000000   27.217924  -24.217924 (VIOLATED)
_35789_/A2                              3.000000   27.217924  -24.217924 (VIOLATED)
_35793_/I                               3.000000   27.217924  -24.217924 (VIOLATED)
_35826_/A1                              3.000000   27.217924  -24.217924 (VIOLATED)
_35842_/A2                              3.000000   27.217924  -24.217924 (VIOLATED)
_35856_/A2                              3.000000   27.217924  -24.217924 (VIOLATED)
_35865_/A2                              3.000000   27.217924  -24.217924 (VIOLATED)
_35877_/A2                              3.000000   27.217924  -24.217924 (VIOLATED)
_35894_/A2                              3.000000   27.217924  -24.217924 (VIOLATED)
_35914_/A2                              3.000000   27.217924  -24.217924 (VIOLATED)
_35915_/A1                              3.000000   27.217924  -24.217924 (VIOLATED)
_35929_/A2                              3.000000   27.217924  -24.217924 (VIOLATED)
_35937_/A2                              3.000000   27.217924  -24.217924 (VIOLATED)
_35952_/A2                              3.000000   27.217924  -24.217924 (VIOLATED)
_35995_/A3                              3.000000   27.217924  -24.217924 (VIOLATED)
_36001_/A2                              3.000000   27.217924  -24.217924 (VIOLATED)
_36014_/A2                              3.000000   27.217924  -24.217924 (VIOLATED)
_36040_/A2                              3.000000   27.217924  -24.217924 (VIOLATED)
_36041_/A2                              3.000000   27.217924  -24.217924 (VIOLATED)
_36047_/A2                              3.000000   27.217924  -24.217924 (VIOLATED)
_36077_/A2                              3.000000   27.217924  -24.217924 (VIOLATED)
_36088_/A2                              3.000000   27.217924  -24.217924 (VIOLATED)
_36093_/A2                              3.000000   27.217924  -24.217924 (VIOLATED)
_36110_/A2                              3.000000   27.217924  -24.217924 (VIOLATED)
_36116_/A2                              3.000000   27.217924  -24.217924 (VIOLATED)
_36145_/A3                              3.000000   27.217924  -24.217924 (VIOLATED)
_36180_/A2                              3.000000   27.217924  -24.217924 (VIOLATED)
_36195_/A2                              3.000000   27.217924  -24.217924 (VIOLATED)
_36196_/A1                              3.000000   27.217924  -24.217924 (VIOLATED)
_36204_/A2                              3.000000   27.217924  -24.217924 (VIOLATED)
_36219_/A2                              3.000000   27.217924  -24.217924 (VIOLATED)
_36220_/A2                              3.000000   27.217924  -24.217924 (VIOLATED)
_36229_/A2                              3.000000   27.217924  -24.217924 (VIOLATED)
_36242_/A2                              3.000000   27.217924  -24.217924 (VIOLATED)
_36243_/A2                              3.000000   27.217924  -24.217924 (VIOLATED)
_36248_/A2                              3.000000   27.217924  -24.217924 (VIOLATED)
_36263_/A2                              3.000000   27.217924  -24.217924 (VIOLATED)
_36273_/A2                              3.000000   27.217924  -24.217924 (VIOLATED)
_36279_/A2                              3.000000   27.217924  -24.217924 (VIOLATED)
_36292_/A2                              3.000000   27.217924  -24.217924 (VIOLATED)
_36305_/A2                              3.000000   27.217924  -24.217924 (VIOLATED)
_36306_/A1                              3.000000   27.217924  -24.217924 (VIOLATED)
_36315_/A2                              3.000000   27.217924  -24.217924 (VIOLATED)
_36316_/A1                              3.000000   27.217924  -24.217924 (VIOLATED)
_36321_/A2                              3.000000   27.217924  -24.217924 (VIOLATED)
_36333_/A2                              3.000000   27.217924  -24.217924 (VIOLATED)
_36340_/A2                              3.000000   27.217924  -24.217924 (VIOLATED)
_36351_/A2                              3.000000   27.217924  -24.217924 (VIOLATED)
_36363_/A2                              3.000000   27.217924  -24.217924 (VIOLATED)
_36385_/A2                              3.000000   27.217924  -24.217924 (VIOLATED)
_36386_/A1                              3.000000   27.217924  -24.217924 (VIOLATED)
_36390_/A2                              3.000000   27.217924  -24.217924 (VIOLATED)
_36399_/A2                              3.000000   27.217924  -24.217924 (VIOLATED)
_36411_/A2                              3.000000   27.217924  -24.217924 (VIOLATED)
_36423_/A2                              3.000000   27.217924  -24.217924 (VIOLATED)
_36424_/A1                              3.000000   27.217924  -24.217924 (VIOLATED)
_36432_/A2                              3.000000   27.217924  -24.217924 (VIOLATED)
_36443_/A2                              3.000000   27.217924  -24.217924 (VIOLATED)
_36444_/A1                              3.000000   27.217924  -24.217924 (VIOLATED)
_36448_/A2                              3.000000   27.217924  -24.217924 (VIOLATED)
_36470_/A2                              3.000000   27.217924  -24.217924 (VIOLATED)
_36484_/A2                              3.000000   27.217924  -24.217924 (VIOLATED)
_36485_/A1                              3.000000   27.217924  -24.217924 (VIOLATED)
_36489_/A2                              3.000000   27.217924  -24.217924 (VIOLATED)
_36505_/A3                              3.000000   27.217924  -24.217924 (VIOLATED)
_36525_/A2                              3.000000   27.217924  -24.217924 (VIOLATED)
_36551_/A2                              3.000000   27.217924  -24.217924 (VIOLATED)
_36569_/A2                              3.000000   27.217924  -24.217924 (VIOLATED)
_36578_/A2                              3.000000   27.217924  -24.217924 (VIOLATED)
_36591_/A2                              3.000000   27.217924  -24.217924 (VIOLATED)
_36592_/A1                              3.000000   27.217924  -24.217924 (VIOLATED)
_36600_/A2                              3.000000   27.217924  -24.217924 (VIOLATED)
_36606_/A2                              3.000000   27.217924  -24.217924 (VIOLATED)
_36620_/A2                              3.000000   27.217924  -24.217924 (VIOLATED)
_36642_/A2                              3.000000   27.217924  -24.217924 (VIOLATED)
_36650_/A2                              3.000000   27.217924  -24.217924 (VIOLATED)
_36658_/A2                              3.000000   27.217924  -24.217924 (VIOLATED)
_36670_/A2                              3.000000   27.217924  -24.217924 (VIOLATED)
_36671_/A1                              3.000000   27.217924  -24.217924 (VIOLATED)
_36675_/A2                              3.000000   27.217924  -24.217924 (VIOLATED)
_36685_/A2                              3.000000   27.217924  -24.217924 (VIOLATED)
_36697_/A2                              3.000000   27.217924  -24.217924 (VIOLATED)
_36711_/A2                              3.000000   27.217924  -24.217924 (VIOLATED)
_36712_/A1                              3.000000   27.217924  -24.217924 (VIOLATED)
_36719_/A2                              3.000000   27.217924  -24.217924 (VIOLATED)
_36730_/A2                              3.000000   27.217924  -24.217924 (VIOLATED)
_36731_/A1                              3.000000   27.217924  -24.217924 (VIOLATED)
_36735_/A2                              3.000000   27.217924  -24.217924 (VIOLATED)
_36746_/A2                              3.000000   27.217924  -24.217924 (VIOLATED)
_36757_/A2                              3.000000   27.217924  -24.217924 (VIOLATED)
_36764_/A2                              3.000000   27.217924  -24.217924 (VIOLATED)
_36775_/A2                              3.000000   27.217924  -24.217924 (VIOLATED)
_36787_/A2                              3.000000   27.217924  -24.217924 (VIOLATED)
_36792_/A2                              3.000000   27.217924  -24.217924 (VIOLATED)
_36816_/A2                              3.000000   27.217924  -24.217924 (VIOLATED)
_36858_/A3                              3.000000   27.217924  -24.217924 (VIOLATED)
_36871_/A2                              3.000000   27.217924  -24.217924 (VIOLATED)
_36872_/A2                              3.000000   27.217924  -24.217924 (VIOLATED)
_36877_/A2                              3.000000   27.217924  -24.217924 (VIOLATED)
_36891_/A2                              3.000000   27.217924  -24.217924 (VIOLATED)
_36896_/A2                              3.000000   27.217924  -24.217924 (VIOLATED)
_36910_/A2                              3.000000   27.217924  -24.217924 (VIOLATED)
_36919_/A2                              3.000000   27.217924  -24.217924 (VIOLATED)
_36928_/B                               3.000000   27.217924  -24.217924 (VIOLATED)
_36929_/A1                              3.000000   27.217924  -24.217924 (VIOLATED)
_36933_/A2                              3.000000   27.217924  -24.217924 (VIOLATED)
_36949_/A2                              3.000000   27.217924  -24.217924 (VIOLATED)
_36954_/A2                              3.000000   27.217924  -24.217924 (VIOLATED)
_36968_/A2                              3.000000   27.217924  -24.217924 (VIOLATED)
_36973_/A2                              3.000000   27.217924  -24.217924 (VIOLATED)
_37035_/A2                              3.000000   27.217924  -24.217924 (VIOLATED)
_37044_/A2                              3.000000   27.217924  -24.217924 (VIOLATED)
_37053_/A2                              3.000000   27.217924  -24.217924 (VIOLATED)
_37058_/A2                              3.000000   27.217924  -24.217924 (VIOLATED)
_37074_/A2                              3.000000   27.217924  -24.217924 (VIOLATED)
_37078_/A2                              3.000000   27.217924  -24.217924 (VIOLATED)
_37091_/A1                              3.000000   27.217924  -24.217924 (VIOLATED)
_37100_/A1                              3.000000   27.217924  -24.217924 (VIOLATED)
_37107_/A1                              3.000000   27.217924  -24.217924 (VIOLATED)
_37118_/A2                              3.000000   27.217924  -24.217924 (VIOLATED)
_37128_/A2                              3.000000   27.217924  -24.217924 (VIOLATED)
_37136_/A2                              3.000000   27.217924  -24.217924 (VIOLATED)
_37147_/A2                              3.000000   27.217924  -24.217924 (VIOLATED)
_37152_/A2                              3.000000   27.217924  -24.217924 (VIOLATED)
_37162_/A2                              3.000000   27.217924  -24.217924 (VIOLATED)
_37175_/A2                              3.000000   27.217924  -24.217924 (VIOLATED)
_41233_/A2                              3.000000   27.217924  -24.217924 (VIOLATED)
_51037_/A2                              3.000000   27.217924  -24.217924 (VIOLATED)
_61486_/Q                               3.000000   27.217924  -24.217924 (VIOLATED)
_54817_/ZN                              3.000000   27.191151  -24.191151 (VIOLATED)
_54819_/A1                              3.000000   27.191151  -24.191151 (VIOLATED)
_53577_/ZN                              3.000000   27.000393  -24.000391 (VIOLATED)
_53579_/A1                              3.000000   27.000393  -24.000391 (VIOLATED)
_55019_/ZN                              3.000000   26.995613  -23.995613 (VIOLATED)
_55021_/A1                              3.000000   26.995613  -23.995613 (VIOLATED)
_53993_/ZN                              3.000000   26.852722  -23.852722 (VIOLATED)
_53995_/A1                              3.000000   26.852722  -23.852722 (VIOLATED)
_53892_/ZN                              3.000000   26.839827  -23.839827 (VIOLATED)
_53894_/A1                              3.000000   26.839827  -23.839827 (VIOLATED)
_54097_/ZN                              3.000000   26.706411  -23.706411 (VIOLATED)
_54099_/A1                              3.000000   26.706411  -23.706411 (VIOLATED)
_54195_/ZN                              3.000000   26.436272  -23.436270 (VIOLATED)
_54197_/A1                              3.000000   26.436272  -23.436270 (VIOLATED)
_55212_/ZN                              3.000000   26.209879  -23.209879 (VIOLATED)
_55214_/A1                              3.000000   26.209879  -23.209879 (VIOLATED)
_55693_/ZN                              3.000000   26.086466  -23.086466 (VIOLATED)
_55695_/A1                              3.000000   26.086466  -23.086466 (VIOLATED)
_55597_/ZN                              3.000000   25.982861  -22.982861 (VIOLATED)
_55599_/A1                              3.000000   25.982861  -22.982861 (VIOLATED)
_53367_/ZN                              3.000000   25.916224  -22.916222 (VIOLATED)
_53369_/A1                              3.000000   25.916224  -22.916222 (VIOLATED)
_53265_/ZN                              3.000000   25.906887  -22.906885 (VIOLATED)
_53267_/A1                              3.000000   25.906887  -22.906885 (VIOLATED)
_52749_/ZN                              3.000000   25.856762  -22.856760 (VIOLATED)
_52751_/A1                              3.000000   25.856762  -22.856760 (VIOLATED)
_52958_/ZN                              3.000000   25.813190  -22.813190 (VIOLATED)
_52960_/A1                              3.000000   25.813190  -22.813190 (VIOLATED)
_52650_/ZN                              3.000000   25.780428  -22.780428 (VIOLATED)
_52653_/A1                              3.000000   25.780428  -22.780428 (VIOLATED)
_53160_/ZN                              3.000000   25.667807  -22.667807 (VIOLATED)
_53162_/A1                              3.000000   25.667807  -22.667807 (VIOLATED)
_52858_/ZN                              3.000000   25.633720  -22.633720 (VIOLATED)
_52860_/A1                              3.000000   25.633720  -22.633720 (VIOLATED)
_53061_/ZN                              3.000000   25.597137  -22.597137 (VIOLATED)
_53063_/A1                              3.000000   25.597137  -22.597137 (VIOLATED)
_55789_/ZN                              3.000000   25.544466  -22.544466 (VIOLATED)
_55791_/A1                              3.000000   25.544466  -22.544466 (VIOLATED)
_53474_/ZN                              3.000000   25.488178  -22.488176 (VIOLATED)
_53476_/A1                              3.000000   25.488178  -22.488176 (VIOLATED)
_55309_/ZN                              3.000000   25.323135  -22.323135 (VIOLATED)
_55311_/A1                              3.000000   25.323135  -22.323135 (VIOLATED)
_53788_/ZN                              3.000000   25.156080  -22.156080 (VIOLATED)
_53790_/A1                              3.000000   25.156080  -22.156080 (VIOLATED)
_55405_/ZN                              3.000000   25.125725  -22.125725 (VIOLATED)
_55407_/A1                              3.000000   25.125725  -22.125725 (VIOLATED)
_55116_/ZN                              3.000000   23.575123  -20.575123 (VIOLATED)
_55118_/A1                              3.000000   23.575123  -20.575123 (VIOLATED)
_48235_/ZN                              3.000000   21.265263  -18.265263 (VIOLATED)
_48236_/I                               3.000000   21.265263  -18.265263 (VIOLATED)
_48445_/A2                              3.000000   21.265263  -18.265263 (VIOLATED)
_37387_/ZN                              3.000000   21.164059  -18.164059 (VIOLATED)
_37388_/A1                              3.000000   21.164059  -18.164059 (VIOLATED)
_37471_/I                               3.000000   21.164059  -18.164059 (VIOLATED)
_34018_/A3                              3.000000   18.548216  -15.548216 (VIOLATED)
_34019_/A2                              3.000000   18.548216  -15.548216 (VIOLATED)
_34036_/A2                              3.000000   18.548216  -15.548216 (VIOLATED)
_34041_/I                               3.000000   18.548216  -15.548216 (VIOLATED)
_34076_/A3                              3.000000   18.548216  -15.548216 (VIOLATED)
_34096_/C                               3.000000   18.548216  -15.548216 (VIOLATED)
_34132_/B                               3.000000   18.548216  -15.548216 (VIOLATED)
_34147_/A3                              3.000000   18.548216  -15.548216 (VIOLATED)
_34170_/C                               3.000000   18.548216  -15.548216 (VIOLATED)
_34190_/A3                              3.000000   18.548216  -15.548216 (VIOLATED)
_34216_/B                               3.000000   18.548216  -15.548216 (VIOLATED)
_34232_/A3                              3.000000   18.548216  -15.548216 (VIOLATED)
_34261_/A3                              3.000000   18.548216  -15.548216 (VIOLATED)
_34307_/A3                              3.000000   18.548216  -15.548216 (VIOLATED)
_34331_/B                               3.000000   18.548216  -15.548216 (VIOLATED)
_34359_/A3                              3.000000   18.548216  -15.548216 (VIOLATED)
_34383_/A2                              3.000000   18.548216  -15.548216 (VIOLATED)
_34407_/A3                              3.000000   18.548216  -15.548216 (VIOLATED)
_34436_/A3                              3.000000   18.548216  -15.548216 (VIOLATED)
_34446_/A3                              3.000000   18.548216  -15.548216 (VIOLATED)
_34476_/A3                              3.000000   18.548216  -15.548216 (VIOLATED)
_34497_/A2                              3.000000   18.548216  -15.548216 (VIOLATED)
_34509_/A2                              3.000000   18.548216  -15.548216 (VIOLATED)
_34527_/B                               3.000000   18.548216  -15.548216 (VIOLATED)
_34555_/B                               3.000000   18.548216  -15.548216 (VIOLATED)
_34570_/A3                              3.000000   18.548216  -15.548216 (VIOLATED)
_34609_/A3                              3.000000   18.548216  -15.548216 (VIOLATED)
_34638_/A3                              3.000000   18.548216  -15.548216 (VIOLATED)
_34639_/A2                              3.000000   18.548216  -15.548216 (VIOLATED)
_34648_/A3                              3.000000   18.548216  -15.548216 (VIOLATED)
_34670_/B                               3.000000   18.548216  -15.548216 (VIOLATED)
_34691_/A3                              3.000000   18.548216  -15.548216 (VIOLATED)
_34711_/A3                              3.000000   18.548216  -15.548216 (VIOLATED)
_34737_/A2                              3.000000   18.548216  -15.548216 (VIOLATED)
_34754_/B                               3.000000   18.548216  -15.548216 (VIOLATED)
_34770_/C                               3.000000   18.548216  -15.548216 (VIOLATED)
_34790_/A2                              3.000000   18.548216  -15.548216 (VIOLATED)
_34808_/A3                              3.000000   18.548216  -15.548216 (VIOLATED)
_34838_/B                               3.000000   18.548216  -15.548216 (VIOLATED)
_34856_/C                               3.000000   18.548216  -15.548216 (VIOLATED)
_34893_/A3                              3.000000   18.548216  -15.548216 (VIOLATED)
_34894_/A2                              3.000000   18.548216  -15.548216 (VIOLATED)
_34903_/A3                              3.000000   18.548216  -15.548216 (VIOLATED)
_34931_/B                               3.000000   18.548216  -15.548216 (VIOLATED)
_34947_/A2                              3.000000   18.548216  -15.548216 (VIOLATED)
_34968_/A3                              3.000000   18.548216  -15.548216 (VIOLATED)
_34996_/A2                              3.000000   18.548216  -15.548216 (VIOLATED)
_35036_/A2                              3.000000   18.548216  -15.548216 (VIOLATED)
_35052_/B                               3.000000   18.548216  -15.548216 (VIOLATED)
_35067_/A2                              3.000000   18.548216  -15.548216 (VIOLATED)
_35092_/B                               3.000000   18.548216  -15.548216 (VIOLATED)
_35116_/A2                              3.000000   18.548216  -15.548216 (VIOLATED)
_35125_/B                               3.000000   18.548216  -15.548216 (VIOLATED)
_35152_/A3                              3.000000   18.548216  -15.548216 (VIOLATED)
_35184_/A3                              3.000000   18.548216  -15.548216 (VIOLATED)
_35209_/B                               3.000000   18.548216  -15.548216 (VIOLATED)
_35233_/A2                              3.000000   18.548216  -15.548216 (VIOLATED)
_35250_/B                               3.000000   18.548216  -15.548216 (VIOLATED)
_35292_/A2                              3.000000   18.548216  -15.548216 (VIOLATED)
_35302_/A3                              3.000000   18.548216  -15.548216 (VIOLATED)
_35329_/B                               3.000000   18.548216  -15.548216 (VIOLATED)
_35344_/A3                              3.000000   18.548216  -15.548216 (VIOLATED)
_35365_/C                               3.000000   18.548216  -15.548216 (VIOLATED)
_35385_/C                               3.000000   18.548216  -15.548216 (VIOLATED)
_35405_/A2                              3.000000   18.548216  -15.548216 (VIOLATED)
_35423_/A3                              3.000000   18.548216  -15.548216 (VIOLATED)
_35452_/A2                              3.000000   18.548216  -15.548216 (VIOLATED)
_35462_/A3                              3.000000   18.548216  -15.548216 (VIOLATED)
_35494_/B                               3.000000   18.548216  -15.548216 (VIOLATED)
_35517_/A2                              3.000000   18.548216  -15.548216 (VIOLATED)
_35529_/C                               3.000000   18.548216  -15.548216 (VIOLATED)
_35556_/A2                              3.000000   18.548216  -15.548216 (VIOLATED)
_38033_/A3                              3.000000   18.548216  -15.548216 (VIOLATED)
_50202_/B                               3.000000   18.548216  -15.548216 (VIOLATED)
_61306_/Q                               3.000000   18.548216  -15.548216 (VIOLATED)
_35747_/I                               3.000000   17.321835  -14.321835 (VIOLATED)
_35843_/A2                              3.000000   17.321835  -14.321835 (VIOLATED)
_35844_/A3                              3.000000   17.321835  -14.321835 (VIOLATED)
_35871_/B                               3.000000   17.321835  -14.321835 (VIOLATED)
_35930_/A2                              3.000000   17.321835  -14.321835 (VIOLATED)
_35960_/A3                              3.000000   17.321835  -14.321835 (VIOLATED)
_35976_/A2                              3.000000   17.321835  -14.321835 (VIOLATED)
_35986_/A2                              3.000000   17.321835  -14.321835 (VIOLATED)
_36008_/A2                              3.000000   17.321835  -14.321835 (VIOLATED)
_36078_/A2                              3.000000   17.321835  -14.321835 (VIOLATED)
_36088_/B                               3.000000   17.321835  -14.321835 (VIOLATED)
_36121_/A3                              3.000000   17.321835  -14.321835 (VIOLATED)
_36132_/A2                              3.000000   17.321835  -14.321835 (VIOLATED)
_36137_/A2                              3.000000   17.321835  -14.321835 (VIOLATED)
_36153_/A2                              3.000000   17.321835  -14.321835 (VIOLATED)
_36159_/A2                              3.000000   17.321835  -14.321835 (VIOLATED)
_36185_/A2                              3.000000   17.321835  -14.321835 (VIOLATED)
_36196_/C                               3.000000   17.321835  -14.321835 (VIOLATED)
_36263_/B                               3.000000   17.321835  -14.321835 (VIOLATED)
_36284_/A3                              3.000000   17.321835  -14.321835 (VIOLATED)
_36316_/C                               3.000000   17.321835  -14.321835 (VIOLATED)
_36334_/A3                              3.000000   17.321835  -14.321835 (VIOLATED)
_36352_/A3                              3.000000   17.321835  -14.321835 (VIOLATED)
_36358_/A2                              3.000000   17.321835  -14.321835 (VIOLATED)
_36371_/A2                              3.000000   17.321835  -14.321835 (VIOLATED)
_36394_/A3                              3.000000   17.321835  -14.321835 (VIOLATED)
_36403_/A2                              3.000000   17.321835  -14.321835 (VIOLATED)
_36424_/C                               3.000000   17.321835  -14.321835 (VIOLATED)
_36453_/A2                              3.000000   17.321835  -14.321835 (VIOLATED)
_36474_/A2                              3.000000   17.321835  -14.321835 (VIOLATED)
_36485_/C                               3.000000   17.321835  -14.321835 (VIOLATED)
_36500_/A2                              3.000000   17.321835  -14.321835 (VIOLATED)
_36513_/A2                              3.000000   17.321835  -14.321835 (VIOLATED)
_36520_/A2                              3.000000   17.321835  -14.321835 (VIOLATED)
_36533_/A2                              3.000000   17.321835  -14.321835 (VIOLATED)
_36550_/A2                              3.000000   17.321835  -14.321835 (VIOLATED)
_36559_/A2                              3.000000   17.321835  -14.321835 (VIOLATED)
_36579_/A2                              3.000000   17.321835  -14.321835 (VIOLATED)
_36601_/A3                              3.000000   17.321835  -14.321835 (VIOLATED)
_36621_/A3                              3.000000   17.321835  -14.321835 (VIOLATED)
_36628_/A2                              3.000000   17.321835  -14.321835 (VIOLATED)
_36641_/A2                              3.000000   17.321835  -14.321835 (VIOLATED)
_36659_/A2                              3.000000   17.321835  -14.321835 (VIOLATED)
_36680_/A3                              3.000000   17.321835  -14.321835 (VIOLATED)
_36698_/A3                              3.000000   17.321835  -14.321835 (VIOLATED)
_36720_/A3                              3.000000   17.321835  -14.321835 (VIOLATED)
_36731_/C                               3.000000   17.321835  -14.321835 (VIOLATED)
_36758_/A3                              3.000000   17.321835  -14.321835 (VIOLATED)
_36776_/A2                              3.000000   17.321835  -14.321835 (VIOLATED)
_36792_/B                               3.000000   17.321835  -14.321835 (VIOLATED)
_36817_/A3                              3.000000   17.321835  -14.321835 (VIOLATED)
_36827_/A2                              3.000000   17.321835  -14.321835 (VIOLATED)
_36832_/A2                              3.000000   17.321835  -14.321835 (VIOLATED)
_36833_/B                               3.000000   17.321835  -14.321835 (VIOLATED)
_36847_/A2                              3.000000   17.321835  -14.321835 (VIOLATED)
_36852_/A2                              3.000000   17.321835  -14.321835 (VIOLATED)
_36891_/B                               3.000000   17.321835  -14.321835 (VIOLATED)
_36920_/A2                              3.000000   17.321835  -14.321835 (VIOLATED)
_36949_/B                               3.000000   17.321835  -14.321835 (VIOLATED)
_36969_/A2                              3.000000   17.321835  -14.321835 (VIOLATED)
_36989_/C                               3.000000   17.321835  -14.321835 (VIOLATED)
_36995_/C                               3.000000   17.321835  -14.321835 (VIOLATED)
_37010_/C                               3.000000   17.321835  -14.321835 (VIOLATED)
_37021_/A2                              3.000000   17.321835  -14.321835 (VIOLATED)
_37035_/B                               3.000000   17.321835  -14.321835 (VIOLATED)
_37063_/A3                              3.000000   17.321835  -14.321835 (VIOLATED)
_37119_/A2                              3.000000   17.321835  -14.321835 (VIOLATED)
_37120_/A3                              3.000000   17.321835  -14.321835 (VIOLATED)
_37137_/A2                              3.000000   17.321835  -14.321835 (VIOLATED)
_37138_/A2                              3.000000   17.321835  -14.321835 (VIOLATED)
_37177_/A3                              3.000000   17.321835  -14.321835 (VIOLATED)
_51040_/B                               3.000000   17.321835  -14.321835 (VIOLATED)
_61487_/Q                               3.000000   17.321835  -14.321835 (VIOLATED)
_28478_/I                               3.000000   10.199828   -7.199828 (VIOLATED)
_28484_/A1                              3.000000   10.199824   -7.199824 (VIOLATED)
_28489_/A1                              3.000000   10.199824   -7.199824 (VIOLATED)
_28495_/A2                              3.000000   10.199824   -7.199824 (VIOLATED)
_28500_/A1                              3.000000   10.199824   -7.199824 (VIOLATED)
_28501_/A1                              3.000000   10.199824   -7.199824 (VIOLATED)
_28503_/A1                              3.000000   10.199824   -7.199824 (VIOLATED)
_28514_/A1                              3.000000   10.199824   -7.199824 (VIOLATED)
_28517_/A1                              3.000000   10.199824   -7.199824 (VIOLATED)
_28521_/A1                              3.000000   10.199824   -7.199824 (VIOLATED)
_28525_/A1                              3.000000   10.199824   -7.199824 (VIOLATED)
_28532_/A1                              3.000000   10.199824   -7.199824 (VIOLATED)
_28535_/A1                              3.000000   10.199824   -7.199824 (VIOLATED)
_28539_/A1                              3.000000   10.199824   -7.199824 (VIOLATED)
_28560_/A1                              3.000000   10.199824   -7.199824 (VIOLATED)
_28576_/A1                              3.000000   10.199824   -7.199824 (VIOLATED)
_28579_/A1                              3.000000   10.199824   -7.199824 (VIOLATED)
_28583_/A1                              3.000000   10.199824   -7.199824 (VIOLATED)
_28589_/A2                              3.000000   10.199824   -7.199824 (VIOLATED)
_28625_/A1                              3.000000   10.199824   -7.199824 (VIOLATED)
_28626_/A1                              3.000000   10.199824   -7.199824 (VIOLATED)
_28628_/A1                              3.000000   10.199824   -7.199824 (VIOLATED)
_28629_/A1                              3.000000   10.199824   -7.199824 (VIOLATED)
_28633_/A1                              3.000000   10.199824   -7.199824 (VIOLATED)
_28635_/A1                              3.000000   10.199824   -7.199824 (VIOLATED)
_28638_/A1                              3.000000   10.199824   -7.199824 (VIOLATED)
_28641_/A1                              3.000000   10.199824   -7.199824 (VIOLATED)
_28645_/A1                              3.000000   10.199824   -7.199824 (VIOLATED)
_28649_/A1                              3.000000   10.199824   -7.199824 (VIOLATED)
_28653_/A1                              3.000000   10.199824   -7.199824 (VIOLATED)
_28657_/A1                              3.000000   10.199824   -7.199824 (VIOLATED)
_28662_/A1                              3.000000   10.199824   -7.199824 (VIOLATED)
_28667_/A1                              3.000000   10.199824   -7.199824 (VIOLATED)
_28671_/A1                              3.000000   10.199824   -7.199824 (VIOLATED)
_28676_/A1                              3.000000   10.199824   -7.199824 (VIOLATED)
_28702_/A1                              3.000000   10.199824   -7.199824 (VIOLATED)
_28706_/A1                              3.000000   10.199824   -7.199824 (VIOLATED)
_28711_/A1                              3.000000   10.199824   -7.199824 (VIOLATED)
_28716_/A1                              3.000000   10.199824   -7.199824 (VIOLATED)
_28730_/A1                              3.000000   10.199824   -7.199824 (VIOLATED)
_28742_/A1                              3.000000   10.199824   -7.199824 (VIOLATED)
_28750_/A1                              3.000000   10.199824   -7.199824 (VIOLATED)
_28760_/A1                              3.000000   10.199824   -7.199824 (VIOLATED)
_28769_/A1                              3.000000   10.199824   -7.199824 (VIOLATED)
_28850_/A1                              3.000000   10.199824   -7.199824 (VIOLATED)
_28857_/A1                              3.000000   10.199824   -7.199824 (VIOLATED)
_28865_/A1                              3.000000   10.199824   -7.199824 (VIOLATED)
_28874_/A1                              3.000000   10.199824   -7.199824 (VIOLATED)
_28886_/A1                              3.000000   10.199824   -7.199824 (VIOLATED)
_28892_/A1                              3.000000   10.199824   -7.199824 (VIOLATED)
_28900_/A1                              3.000000   10.199824   -7.199824 (VIOLATED)
_28908_/A1                              3.000000   10.199824   -7.199824 (VIOLATED)
_28921_/A1                              3.000000   10.199824   -7.199824 (VIOLATED)
_28927_/A1                              3.000000   10.199824   -7.199824 (VIOLATED)
_28940_/A1                              3.000000   10.199824   -7.199824 (VIOLATED)
_28946_/A1                              3.000000   10.199824   -7.199824 (VIOLATED)
_28957_/A1                              3.000000   10.199824   -7.199824 (VIOLATED)
_28963_/A1                              3.000000   10.199824   -7.199824 (VIOLATED)
_28978_/A1                              3.000000   10.199824   -7.199824 (VIOLATED)
_28984_/A1                              3.000000   10.199824   -7.199824 (VIOLATED)
_28994_/A1                              3.000000   10.199824   -7.199824 (VIOLATED)
_29007_/A1                              3.000000   10.199824   -7.199824 (VIOLATED)
_29013_/A1                              3.000000   10.199824   -7.199824 (VIOLATED)
_29024_/A1                              3.000000   10.199824   -7.199824 (VIOLATED)
_29036_/A1                              3.000000   10.199824   -7.199824 (VIOLATED)
_29045_/A1                              3.000000   10.199824   -7.199824 (VIOLATED)
_29056_/A1                              3.000000   10.199824   -7.199824 (VIOLATED)
_29062_/A1                              3.000000   10.199824   -7.199824 (VIOLATED)
_29070_/A1                              3.000000   10.199824   -7.199824 (VIOLATED)
_29080_/A1                              3.000000   10.199824   -7.199824 (VIOLATED)
_46889_/A2                              3.000000   10.199824   -7.199824 (VIOLATED)
_61886_/Q                               3.000000   10.199824   -7.199824 (VIOLATED)
_47841_/ZN                              3.000000    9.540685   -6.540685 (VIOLATED)
_47842_/A1                              3.000000    9.540685   -6.540685 (VIOLATED)
_38176_/ZN                              3.000000    7.981619   -4.981619 (VIOLATED)
_38177_/I                               3.000000    7.981619   -4.981619 (VIOLATED)
_39934_/A1                              3.000000    7.981619   -4.981619 (VIOLATED)
_40122_/A1                              3.000000    7.981619   -4.981619 (VIOLATED)
_40309_/A1                              3.000000    7.981619   -4.981619 (VIOLATED)
_40458_/A1                              3.000000    7.981619   -4.981619 (VIOLATED)
_40494_/A1                              3.000000    7.981619   -4.981619 (VIOLATED)
_40688_/A1                              3.000000    7.981619   -4.981619 (VIOLATED)
_40881_/A1                              3.000000    7.981619   -4.981619 (VIOLATED)
_41109_/A1                              3.000000    7.981619   -4.981619 (VIOLATED)
_38197_/ZN                              3.000000    7.814108   -4.814108 (VIOLATED)
_38198_/I                               3.000000    7.814108   -4.814108 (VIOLATED)
_39949_/A1                              3.000000    7.814108   -4.814108 (VIOLATED)
_40139_/A1                              3.000000    7.814108   -4.814108 (VIOLATED)
_40324_/A1                              3.000000    7.814108   -4.814108 (VIOLATED)
_40513_/A1                              3.000000    7.814108   -4.814108 (VIOLATED)
_40640_/A1                              3.000000    7.814108   -4.814108 (VIOLATED)
_40709_/A1                              3.000000    7.814108   -4.814108 (VIOLATED)
_40897_/A1                              3.000000    7.814108   -4.814108 (VIOLATED)
_41124_/A1                              3.000000    7.814108   -4.814108 (VIOLATED)
_38190_/ZN                              3.000000    7.763914   -4.763914 (VIOLATED)
_38191_/I                               3.000000    7.763914   -4.763914 (VIOLATED)
_39944_/A1                              3.000000    7.763914   -4.763914 (VIOLATED)
_40133_/A1                              3.000000    7.763914   -4.763914 (VIOLATED)
_40319_/A1                              3.000000    7.763914   -4.763914 (VIOLATED)
_40506_/A1                              3.000000    7.763914   -4.763914 (VIOLATED)
_40581_/A1                              3.000000    7.763914   -4.763914 (VIOLATED)
_40704_/A1                              3.000000    7.763914   -4.763914 (VIOLATED)
_40892_/A1                              3.000000    7.763914   -4.763914 (VIOLATED)
_41119_/A1                              3.000000    7.763914   -4.763914 (VIOLATED)
_38183_/ZN                              3.000000    7.725154   -4.725154 (VIOLATED)
_38184_/I                               3.000000    7.725154   -4.725154 (VIOLATED)
_39939_/A1                              3.000000    7.725154   -4.725154 (VIOLATED)
_40127_/A1                              3.000000    7.725154   -4.725154 (VIOLATED)
_40314_/A1                              3.000000    7.725154   -4.725154 (VIOLATED)
_40499_/A1                              3.000000    7.725154   -4.725154 (VIOLATED)
_40518_/A1                              3.000000    7.725154   -4.725154 (VIOLATED)
_40693_/A1                              3.000000    7.725154   -4.725154 (VIOLATED)
_40887_/A1                              3.000000    7.725154   -4.725154 (VIOLATED)
_41114_/A1                              3.000000    7.725154   -4.725154 (VIOLATED)
_29917_/I                               3.000000    7.699710   -4.699710 (VIOLATED)
_29920_/A2                              3.000000    7.699710   -4.699710 (VIOLATED)
_29927_/A1                              3.000000    7.699710   -4.699710 (VIOLATED)
_29938_/A1                              3.000000    7.699710   -4.699710 (VIOLATED)
_30061_/A1                              3.000000    7.699710   -4.699710 (VIOLATED)
_30067_/A1                              3.000000    7.699710   -4.699710 (VIOLATED)
_30146_/A1                              3.000000    7.699710   -4.699710 (VIOLATED)
_30159_/A1                              3.000000    7.699710   -4.699710 (VIOLATED)
_30225_/A1                              3.000000    7.699710   -4.699710 (VIOLATED)
_30230_/A1                              3.000000    7.699710   -4.699710 (VIOLATED)
_30310_/A1                              3.000000    7.699710   -4.699710 (VIOLATED)
_30317_/A1                              3.000000    7.699710   -4.699710 (VIOLATED)
_30381_/A1                              3.000000    7.699710   -4.699710 (VIOLATED)
_30387_/A1                              3.000000    7.699710   -4.699710 (VIOLATED)
_30439_/A1                              3.000000    7.699710   -4.699710 (VIOLATED)
_30452_/A1                              3.000000    7.699710   -4.699710 (VIOLATED)
_30500_/A1                              3.000000    7.699710   -4.699710 (VIOLATED)
_30510_/A1                              3.000000    7.699710   -4.699710 (VIOLATED)
_30574_/A1                              3.000000    7.699710   -4.699710 (VIOLATED)
_30581_/A1                              3.000000    7.699710   -4.699710 (VIOLATED)
_30628_/A1                              3.000000    7.699710   -4.699710 (VIOLATED)
_30637_/A1                              3.000000    7.699710   -4.699710 (VIOLATED)
_30692_/A1                              3.000000    7.699710   -4.699710 (VIOLATED)
_30697_/A1                              3.000000    7.699710   -4.699710 (VIOLATED)
_30745_/A1                              3.000000    7.699710   -4.699710 (VIOLATED)
_30750_/A1                              3.000000    7.699710   -4.699710 (VIOLATED)
_30797_/A1                              3.000000    7.699710   -4.699710 (VIOLATED)
_30802_/A1                              3.000000    7.699710   -4.699710 (VIOLATED)
_30842_/A1                              3.000000    7.699710   -4.699710 (VIOLATED)
_30847_/A1                              3.000000    7.699710   -4.699710 (VIOLATED)
_30887_/A1                              3.000000    7.699710   -4.699710 (VIOLATED)
_30892_/A1                              3.000000    7.699710   -4.699710 (VIOLATED)
_30936_/A1                              3.000000    7.699710   -4.699710 (VIOLATED)
_30941_/A1                              3.000000    7.699710   -4.699710 (VIOLATED)
_31029_/A1                              3.000000    7.699710   -4.699710 (VIOLATED)
_31034_/A1                              3.000000    7.699710   -4.699710 (VIOLATED)
_31077_/A1                              3.000000    7.699710   -4.699710 (VIOLATED)
_31082_/A1                              3.000000    7.699710   -4.699710 (VIOLATED)
_31122_/A1                              3.000000    7.699710   -4.699710 (VIOLATED)
_31131_/A1                              3.000000    7.699710   -4.699710 (VIOLATED)
_31166_/A1                              3.000000    7.699710   -4.699710 (VIOLATED)
_31175_/A1                              3.000000    7.699710   -4.699710 (VIOLATED)
_31215_/A1                              3.000000    7.699710   -4.699710 (VIOLATED)
_31220_/A1                              3.000000    7.699710   -4.699710 (VIOLATED)
_31255_/A1                              3.000000    7.699710   -4.699710 (VIOLATED)
_31264_/A1                              3.000000    7.699710   -4.699710 (VIOLATED)
_31299_/A1                              3.000000    7.699710   -4.699710 (VIOLATED)
_31304_/A1                              3.000000    7.699710   -4.699710 (VIOLATED)
_31338_/A1                              3.000000    7.699710   -4.699710 (VIOLATED)
_31347_/A1                              3.000000    7.699710   -4.699710 (VIOLATED)
_31384_/A1                              3.000000    7.699710   -4.699710 (VIOLATED)
_31387_/A1                              3.000000    7.699710   -4.699710 (VIOLATED)
_31420_/A1                              3.000000    7.699710   -4.699710 (VIOLATED)
_31429_/A1                              3.000000    7.699710   -4.699710 (VIOLATED)
_31466_/A1                              3.000000    7.699710   -4.699710 (VIOLATED)
_31471_/A1                              3.000000    7.699710   -4.699710 (VIOLATED)
_31507_/A1                              3.000000    7.699710   -4.699710 (VIOLATED)
_31516_/A1                              3.000000    7.699710   -4.699710 (VIOLATED)
_31549_/A1                              3.000000    7.699710   -4.699710 (VIOLATED)
_31554_/A1                              3.000000    7.699710   -4.699710 (VIOLATED)
_31589_/A1                              3.000000    7.699710   -4.699710 (VIOLATED)
_31592_/A1                              3.000000    7.699710   -4.699710 (VIOLATED)
_31628_/A1                              3.000000    7.699710   -4.699710 (VIOLATED)
_31631_/A1                              3.000000    7.699710   -4.699710 (VIOLATED)
_31673_/A1                              3.000000    7.699710   -4.699710 (VIOLATED)
_31680_/A1                              3.000000    7.699710   -4.699710 (VIOLATED)
_48655_/A2                              3.000000    7.699710   -4.699710 (VIOLATED)
_61085_/Q                               3.000000    7.699710   -4.699710 (VIOLATED)
_38248_/ZN                              3.000000    7.253562   -4.253562 (VIOLATED)
_38249_/I                               3.000000    7.253562   -4.253562 (VIOLATED)
_39984_/A1                              3.000000    7.253562   -4.253562 (VIOLATED)
_40175_/A1                              3.000000    7.253562   -4.253562 (VIOLATED)
_40362_/A1                              3.000000    7.253562   -4.253562 (VIOLATED)
_40554_/A1                              3.000000    7.253562   -4.253562 (VIOLATED)
_40742_/A1                              3.000000    7.253562   -4.253562 (VIOLATED)
_40928_/A1                              3.000000    7.253562   -4.253562 (VIOLATED)
_40970_/A1                              3.000000    7.253562   -4.253562 (VIOLATED)
_41157_/A1                              3.000000    7.253562   -4.253562 (VIOLATED)
_35015_/ZN                              3.000000    7.142920   -4.142921 (VIOLATED)
_35016_/B2                              3.000000    7.142920   -4.142921 (VIOLATED)
_38204_/ZN                              3.000000    7.089108   -4.089109 (VIOLATED)
_38205_/I                               3.000000    7.089108   -4.089109 (VIOLATED)
_39955_/A1                              3.000000    7.089108   -4.089109 (VIOLATED)
_40145_/A1                              3.000000    7.089108   -4.089109 (VIOLATED)
_40330_/A1                              3.000000    7.089108   -4.089109 (VIOLATED)
_40529_/A1                              3.000000    7.089108   -4.089109 (VIOLATED)
_40699_/A1                              3.000000    7.089108   -4.089109 (VIOLATED)
_40715_/A1                              3.000000    7.089108   -4.089109 (VIOLATED)
_40903_/A1                              3.000000    7.089108   -4.089109 (VIOLATED)
_41130_/A1                              3.000000    7.089108   -4.089109 (VIOLATED)
_38240_/ZN                              3.000000    7.057701   -4.057701 (VIOLATED)
_38241_/I                               3.000000    7.057701   -4.057701 (VIOLATED)
_39979_/A1                              3.000000    7.057701   -4.057701 (VIOLATED)
_40170_/A1                              3.000000    7.057701   -4.057701 (VIOLATED)
_40357_/A1                              3.000000    7.057701   -4.057701 (VIOLATED)
_40549_/A1                              3.000000    7.057701   -4.057701 (VIOLATED)
_40737_/A1                              3.000000    7.057701   -4.057701 (VIOLATED)
_40923_/A1                              3.000000    7.057701   -4.057701 (VIOLATED)
_40934_/A1                              3.000000    7.057701   -4.057701 (VIOLATED)
_41152_/A1                              3.000000    7.057701   -4.057701 (VIOLATED)
_38211_/ZN                              3.000000    6.999248   -3.999248 (VIOLATED)
_38212_/I                               3.000000    6.999248   -3.999248 (VIOLATED)
_39960_/A1                              3.000000    6.999248   -3.999248 (VIOLATED)
_40150_/A1                              3.000000    6.999248   -3.999248 (VIOLATED)
_40335_/A1                              3.000000    6.999248   -3.999248 (VIOLATED)
_40534_/A1                              3.000000    6.999248   -3.999248 (VIOLATED)
_40721_/A1                              3.000000    6.999248   -3.999248 (VIOLATED)
_40757_/A1                              3.000000    6.999248   -3.999248 (VIOLATED)
_40908_/A1                              3.000000    6.999248   -3.999248 (VIOLATED)
_41135_/A1                              3.000000    6.999248   -3.999248 (VIOLATED)
_34521_/ZN                              3.000000    6.903548   -3.903548 (VIOLATED)
_34539_/A1                              3.000000    6.903548   -3.903548 (VIOLATED)
_35447_/ZN                              3.000000    6.821060   -3.821060 (VIOLATED)
_35452_/A1                              3.000000    6.821060   -3.821060 (VIOLATED)
_38255_/ZN                              3.000000    6.791750   -3.791751 (VIOLATED)
_38256_/I                               3.000000    6.791750   -3.791751 (VIOLATED)
_39994_/A1                              3.000000    6.791750   -3.791751 (VIOLATED)
_40180_/A1                              3.000000    6.791750   -3.791751 (VIOLATED)
_40367_/A1                              3.000000    6.791750   -3.791751 (VIOLATED)
_40560_/A1                              3.000000    6.791750   -3.791751 (VIOLATED)
_40747_/A1                              3.000000    6.791750   -3.791751 (VIOLATED)
_40940_/A1                              3.000000    6.791750   -3.791751 (VIOLATED)
_40975_/A1                              3.000000    6.791750   -3.791751 (VIOLATED)
_41167_/A1                              3.000000    6.791750   -3.791751 (VIOLATED)
_35438_/ZN                              3.000000    6.575074   -3.575074 (VIOLATED)
_35443_/A1                              3.000000    6.575074   -3.575074 (VIOLATED)
_31837_/I                               3.000000    6.568411   -3.568411 (VIOLATED)
_31848_/A1                              3.000000    6.568411   -3.568411 (VIOLATED)
_48798_/C                               3.000000    6.568411   -3.568411 (VIOLATED)
_48806_/A1                              3.000000    6.568411   -3.568411 (VIOLATED)
_48832_/C                               3.000000    6.568411   -3.568411 (VIOLATED)
_48833_/A1                              3.000000    6.568411   -3.568411 (VIOLATED)
_48845_/C                               3.000000    6.568411   -3.568411 (VIOLATED)
_48846_/A1                              3.000000    6.568411   -3.568411 (VIOLATED)
_48859_/C                               3.000000    6.568411   -3.568411 (VIOLATED)
_48860_/A1                              3.000000    6.568411   -3.568411 (VIOLATED)
_48872_/C                               3.000000    6.568411   -3.568411 (VIOLATED)
_48873_/A1                              3.000000    6.568411   -3.568411 (VIOLATED)
_48882_/C                               3.000000    6.568411   -3.568411 (VIOLATED)
_48883_/A1                              3.000000    6.568411   -3.568411 (VIOLATED)
_48896_/C                               3.000000    6.568411   -3.568411 (VIOLATED)
_48897_/A1                              3.000000    6.568411   -3.568411 (VIOLATED)
_48906_/C                               3.000000    6.568411   -3.568411 (VIOLATED)
_48907_/A1                              3.000000    6.568411   -3.568411 (VIOLATED)
_48916_/B                               3.000000    6.568411   -3.568411 (VIOLATED)
_48917_/A1                              3.000000    6.568411   -3.568411 (VIOLATED)
_48930_/B                               3.000000    6.568411   -3.568411 (VIOLATED)
_48931_/A1                              3.000000    6.568411   -3.568411 (VIOLATED)
_48945_/A2                              3.000000    6.568411   -3.568411 (VIOLATED)
_48953_/B2                              3.000000    6.568411   -3.568411 (VIOLATED)
_48956_/A1                              3.000000    6.568411   -3.568411 (VIOLATED)
_48966_/A1                              3.000000    6.568411   -3.568411 (VIOLATED)
_48983_/A2                              3.000000    6.568411   -3.568411 (VIOLATED)
_48992_/A1                              3.000000    6.568411   -3.568411 (VIOLATED)
_49005_/A1                              3.000000    6.568411   -3.568411 (VIOLATED)
_49016_/A1                              3.000000    6.568411   -3.568411 (VIOLATED)
_49028_/B2                              3.000000    6.568411   -3.568411 (VIOLATED)
_49029_/A1                              3.000000    6.568411   -3.568411 (VIOLATED)
_49039_/B2                              3.000000    6.568411   -3.568411 (VIOLATED)
_49042_/A1                              3.000000    6.568411   -3.568411 (VIOLATED)
_49050_/A1                              3.000000    6.568411   -3.568411 (VIOLATED)
_49062_/A1                              3.000000    6.568411   -3.568411 (VIOLATED)
_49072_/B2                              3.000000    6.568411   -3.568411 (VIOLATED)
_49075_/A2                              3.000000    6.568411   -3.568411 (VIOLATED)
_49086_/A1                              3.000000    6.568411   -3.568411 (VIOLATED)
_49098_/B2                              3.000000    6.568411   -3.568411 (VIOLATED)
_49101_/A1                              3.000000    6.568411   -3.568411 (VIOLATED)
_49107_/B2                              3.000000    6.568411   -3.568411 (VIOLATED)
_49110_/A1                              3.000000    6.568411   -3.568411 (VIOLATED)
_49120_/A1                              3.000000    6.568411   -3.568411 (VIOLATED)
_49130_/C                               3.000000    6.568411   -3.568411 (VIOLATED)
_49131_/A1                              3.000000    6.568411   -3.568411 (VIOLATED)
_49140_/C                               3.000000    6.568411   -3.568411 (VIOLATED)
_49141_/A1                              3.000000    6.568411   -3.568411 (VIOLATED)
_49151_/C                               3.000000    6.568411   -3.568411 (VIOLATED)
_49152_/A1                              3.000000    6.568411   -3.568411 (VIOLATED)
_49163_/B2                              3.000000    6.568411   -3.568411 (VIOLATED)
_49164_/A1                              3.000000    6.568411   -3.568411 (VIOLATED)
_49173_/C                               3.000000    6.568411   -3.568411 (VIOLATED)
_49174_/A1                              3.000000    6.568411   -3.568411 (VIOLATED)
_49182_/B                               3.000000    6.568411   -3.568411 (VIOLATED)
_49183_/A1                              3.000000    6.568411   -3.568411 (VIOLATED)
_52413_/A2                              3.000000    6.568411   -3.568411 (VIOLATED)
_61768_/Q                               3.000000    6.568411   -3.568411 (VIOLATED)
_34794_/ZN                              3.000000    6.565219   -3.565219 (VIOLATED)
_34798_/A1                              3.000000    6.565219   -3.565219 (VIOLATED)
_38226_/ZN                              3.000000    6.563337   -3.563337 (VIOLATED)
_38227_/I                               3.000000    6.563337   -3.563337 (VIOLATED)
_39972_/A1                              3.000000    6.563337   -3.563337 (VIOLATED)
_40160_/A1                              3.000000    6.563337   -3.563337 (VIOLATED)
_40352_/A1                              3.000000    6.563337   -3.563337 (VIOLATED)
_40544_/A1                              3.000000    6.563337   -3.563337 (VIOLATED)
_40732_/A1                              3.000000    6.563337   -3.563337 (VIOLATED)
_40875_/A1                              3.000000    6.563337   -3.563337 (VIOLATED)
_40918_/A1                              3.000000    6.563337   -3.563337 (VIOLATED)
_41146_/A1                              3.000000    6.563337   -3.563337 (VIOLATED)
_35003_/ZN                              3.000000    6.550261   -3.550261 (VIOLATED)
_35016_/A2                              3.000000    6.550261   -3.550261 (VIOLATED)
_31845_/I                               3.000000    6.524018   -3.524018 (VIOLATED)
_31848_/B                               3.000000    6.524018   -3.524018 (VIOLATED)
_31853_/A2                              3.000000    6.524018   -3.524018 (VIOLATED)
_48806_/B                               3.000000    6.524018   -3.524018 (VIOLATED)
_48833_/B                               3.000000    6.524018   -3.524018 (VIOLATED)
_48844_/A1                              3.000000    6.524018   -3.524018 (VIOLATED)
_48845_/A1                              3.000000    6.524018   -3.524018 (VIOLATED)
_48846_/B                               3.000000    6.524018   -3.524018 (VIOLATED)
_48860_/B                               3.000000    6.524018   -3.524018 (VIOLATED)
_48873_/B                               3.000000    6.524018   -3.524018 (VIOLATED)
_48883_/B                               3.000000    6.524018   -3.524018 (VIOLATED)
_48897_/B                               3.000000    6.524018   -3.524018 (VIOLATED)
_48907_/B                               3.000000    6.524018   -3.524018 (VIOLATED)
_48916_/A2                              3.000000    6.524018   -3.524018 (VIOLATED)
_48917_/B                               3.000000    6.524018   -3.524018 (VIOLATED)
_48919_/B1                              3.000000    6.524018   -3.524018 (VIOLATED)
_48930_/A2                              3.000000    6.524018   -3.524018 (VIOLATED)
_48931_/B                               3.000000    6.524018   -3.524018 (VIOLATED)
_48932_/B1                              3.000000    6.524018   -3.524018 (VIOLATED)
_48942_/A2                              3.000000    6.524018   -3.524018 (VIOLATED)
_48943_/A2                              3.000000    6.524018   -3.524018 (VIOLATED)
_48945_/B                               3.000000    6.524018   -3.524018 (VIOLATED)
_48956_/B                               3.000000    6.524018   -3.524018 (VIOLATED)
_48966_/B                               3.000000    6.524018   -3.524018 (VIOLATED)
_48983_/B                               3.000000    6.524018   -3.524018 (VIOLATED)
_48992_/B                               3.000000    6.524018   -3.524018 (VIOLATED)
_49002_/A2                              3.000000    6.524018   -3.524018 (VIOLATED)
_49003_/A1                              3.000000    6.524018   -3.524018 (VIOLATED)
_49005_/B                               3.000000    6.524018   -3.524018 (VIOLATED)
_49013_/A2                              3.000000    6.524018   -3.524018 (VIOLATED)
_49014_/A1                              3.000000    6.524018   -3.524018 (VIOLATED)
_49016_/B                               3.000000    6.524018   -3.524018 (VIOLATED)
_49029_/B                               3.000000    6.524018   -3.524018 (VIOLATED)
_49042_/B                               3.000000    6.524018   -3.524018 (VIOLATED)
_49047_/A2                              3.000000    6.524018   -3.524018 (VIOLATED)
_49048_/A1                              3.000000    6.524018   -3.524018 (VIOLATED)
_49050_/B                               3.000000    6.524018   -3.524018 (VIOLATED)
_49059_/A2                              3.000000    6.524018   -3.524018 (VIOLATED)
_49060_/A1                              3.000000    6.524018   -3.524018 (VIOLATED)
_49062_/B                               3.000000    6.524018   -3.524018 (VIOLATED)
_49075_/B                               3.000000    6.524018   -3.524018 (VIOLATED)
_49086_/B                               3.000000    6.524018   -3.524018 (VIOLATED)
_49101_/B                               3.000000    6.524018   -3.524018 (VIOLATED)
_49110_/B                               3.000000    6.524018   -3.524018 (VIOLATED)
_49117_/A2                              3.000000    6.524018   -3.524018 (VIOLATED)
_49118_/A1                              3.000000    6.524018   -3.524018 (VIOLATED)
_49120_/B                               3.000000    6.524018   -3.524018 (VIOLATED)
_49131_/B                               3.000000    6.524018   -3.524018 (VIOLATED)
_49141_/B                               3.000000    6.524018   -3.524018 (VIOLATED)
_49152_/B                               3.000000    6.524018   -3.524018 (VIOLATED)
_49164_/B                               3.000000    6.524018   -3.524018 (VIOLATED)
_49174_/B                               3.000000    6.524018   -3.524018 (VIOLATED)
_49182_/A2                              3.000000    6.524018   -3.524018 (VIOLATED)
_49183_/B                               3.000000    6.524018   -3.524018 (VIOLATED)
_49184_/B1                              3.000000    6.524018   -3.524018 (VIOLATED)
_52410_/A2                              3.000000    6.524018   -3.524018 (VIOLATED)
_61767_/Q                               3.000000    6.524018   -3.524018 (VIOLATED)
_38269_/ZN                              3.000000    6.507281   -3.507281 (VIOLATED)
_38270_/I                               3.000000    6.507281   -3.507281 (VIOLATED)
_40004_/A1                              3.000000    6.507281   -3.507281 (VIOLATED)
_40192_/A1                              3.000000    6.507281   -3.507281 (VIOLATED)
_40377_/A1                              3.000000    6.507281   -3.507281 (VIOLATED)
_40571_/A1                              3.000000    6.507281   -3.507281 (VIOLATED)
_40762_/A1                              3.000000    6.507281   -3.507281 (VIOLATED)
_40950_/A1                              3.000000    6.507281   -3.507281 (VIOLATED)
_40992_/A1                              3.000000    6.507281   -3.507281 (VIOLATED)
_41177_/A1                              3.000000    6.507281   -3.507281 (VIOLATED)
_44389_/ZN                              3.000000    6.445343   -3.445344 (VIOLATED)
_44390_/I                               3.000000    6.445343   -3.445344 (VIOLATED)
_45110_/I                               3.000000    6.445343   -3.445344 (VIOLATED)
_46027_/I                               3.000000    6.445343   -3.445344 (VIOLATED)
_35552_/ZN                              3.000000    6.439646   -3.439646 (VIOLATED)
_35556_/A1                              3.000000    6.439646   -3.439646 (VIOLATED)
_32051_/B                               3.000000    6.425963   -3.425963 (VIOLATED)
_32054_/A1                              3.000000    6.425963   -3.425963 (VIOLATED)
_32055_/A2                              3.000000    6.425963   -3.425963 (VIOLATED)
_50334_/I                               3.000000    6.425963   -3.425963 (VIOLATED)
_50341_/B                               3.000000    6.425963   -3.425963 (VIOLATED)
_50371_/B                               3.000000    6.425963   -3.425963 (VIOLATED)
_50388_/A1                              3.000000    6.425963   -3.425963 (VIOLATED)
_50389_/A1                              3.000000    6.425963   -3.425963 (VIOLATED)
_50390_/B                               3.000000    6.425963   -3.425963 (VIOLATED)
_50403_/B                               3.000000    6.425963   -3.425963 (VIOLATED)
_50419_/B                               3.000000    6.425963   -3.425963 (VIOLATED)
_50434_/B                               3.000000    6.425963   -3.425963 (VIOLATED)
_50446_/B                               3.000000    6.425963   -3.425963 (VIOLATED)
_50457_/B                               3.000000    6.425963   -3.425963 (VIOLATED)
_50466_/A1                              3.000000    6.425963   -3.425963 (VIOLATED)
_50467_/A1                              3.000000    6.425963   -3.425963 (VIOLATED)
_50469_/B                               3.000000    6.425963   -3.425963 (VIOLATED)
_50479_/A1                              3.000000    6.425963   -3.425963 (VIOLATED)
_50480_/A1                              3.000000    6.425963   -3.425963 (VIOLATED)
_50481_/B                               3.000000    6.425963   -3.425963 (VIOLATED)
_50487_/A2                              3.000000    6.425963   -3.425963 (VIOLATED)
_50488_/A1                              3.000000    6.425963   -3.425963 (VIOLATED)
_50490_/B                               3.000000    6.425963   -3.425963 (VIOLATED)
_50501_/B                               3.000000    6.425963   -3.425963 (VIOLATED)
_50513_/B                               3.000000    6.425963   -3.425963 (VIOLATED)
_50524_/B                               3.000000    6.425963   -3.425963 (VIOLATED)
_50537_/B                               3.000000    6.425963   -3.425963 (VIOLATED)
_50544_/A1                              3.000000    6.425963   -3.425963 (VIOLATED)
_50545_/A1                              3.000000    6.425963   -3.425963 (VIOLATED)
_50546_/B                               3.000000    6.425963   -3.425963 (VIOLATED)
_50554_/A1                              3.000000    6.425963   -3.425963 (VIOLATED)
_50555_/A1                              3.000000    6.425963   -3.425963 (VIOLATED)
_50556_/B                               3.000000    6.425963   -3.425963 (VIOLATED)
_50567_/B                               3.000000    6.425963   -3.425963 (VIOLATED)
_50577_/B                               3.000000    6.425963   -3.425963 (VIOLATED)
_50584_/A2                              3.000000    6.425963   -3.425963 (VIOLATED)
_50585_/B                               3.000000    6.425963   -3.425963 (VIOLATED)
_50586_/B1                              3.000000    6.425963   -3.425963 (VIOLATED)
_50592_/A2                              3.000000    6.425963   -3.425963 (VIOLATED)
_50593_/A1                              3.000000    6.425963   -3.425963 (VIOLATED)
_50595_/B                               3.000000    6.425963   -3.425963 (VIOLATED)
_50605_/B                               3.000000    6.425963   -3.425963 (VIOLATED)
_50616_/B                               3.000000    6.425963   -3.425963 (VIOLATED)
_50624_/B                               3.000000    6.425963   -3.425963 (VIOLATED)
_50633_/B                               3.000000    6.425963   -3.425963 (VIOLATED)
_50643_/A1                              3.000000    6.425963   -3.425963 (VIOLATED)
_50644_/A1                              3.000000    6.425963   -3.425963 (VIOLATED)
_50645_/B                               3.000000    6.425963   -3.425963 (VIOLATED)
_50653_/B                               3.000000    6.425963   -3.425963 (VIOLATED)
_50663_/B                               3.000000    6.425963   -3.425963 (VIOLATED)
_50674_/B                               3.000000    6.425963   -3.425963 (VIOLATED)
_50685_/B                               3.000000    6.425963   -3.425963 (VIOLATED)
_50694_/B                               3.000000    6.425963   -3.425963 (VIOLATED)
_50701_/A1                              3.000000    6.425963   -3.425963 (VIOLATED)
_50702_/A1                              3.000000    6.425963   -3.425963 (VIOLATED)
_50703_/B                               3.000000    6.425963   -3.425963 (VIOLATED)
_61770_/Q                               3.000000    6.425963   -3.425963 (VIOLATED)
_35160_/ZN                              3.000000    6.405255   -3.405255 (VIOLATED)
_35174_/A2                              3.000000    6.405255   -3.405255 (VIOLATED)
_32050_/A2                              3.000000    6.403306   -3.403306 (VIOLATED)
_32051_/A1                              3.000000    6.403306   -3.403306 (VIOLATED)
_32056_/I                               3.000000    6.403306   -3.403306 (VIOLATED)
_50341_/A1                              3.000000    6.403306   -3.403306 (VIOLATED)
_50366_/C                               3.000000    6.403306   -3.403306 (VIOLATED)
_50371_/A1                              3.000000    6.403306   -3.403306 (VIOLATED)
_50389_/C                               3.000000    6.403306   -3.403306 (VIOLATED)
_50390_/A1                              3.000000    6.403306   -3.403306 (VIOLATED)
_50402_/C                               3.000000    6.403306   -3.403306 (VIOLATED)
_50403_/A1                              3.000000    6.403306   -3.403306 (VIOLATED)
_50419_/A1                              3.000000    6.403306   -3.403306 (VIOLATED)
_50434_/A1                              3.000000    6.403306   -3.403306 (VIOLATED)
_50446_/A1                              3.000000    6.403306   -3.403306 (VIOLATED)
_50450_/A2                              3.000000    6.403306   -3.403306 (VIOLATED)
_50457_/A1                              3.000000    6.403306   -3.403306 (VIOLATED)
_50467_/C                               3.000000    6.403306   -3.403306 (VIOLATED)
_50469_/A1                              3.000000    6.403306   -3.403306 (VIOLATED)
_50480_/C                               3.000000    6.403306   -3.403306 (VIOLATED)
_50481_/A1                              3.000000    6.403306   -3.403306 (VIOLATED)
_50490_/A1                              3.000000    6.403306   -3.403306 (VIOLATED)
_50501_/A1                              3.000000    6.403306   -3.403306 (VIOLATED)
_50510_/B2                              3.000000    6.403306   -3.403306 (VIOLATED)
_50513_/A1                              3.000000    6.403306   -3.403306 (VIOLATED)
_50523_/B2                              3.000000    6.403306   -3.403306 (VIOLATED)
_50524_/A1                              3.000000    6.403306   -3.403306 (VIOLATED)
_50534_/B2                              3.000000    6.403306   -3.403306 (VIOLATED)
_50537_/A1                              3.000000    6.403306   -3.403306 (VIOLATED)
_50545_/C                               3.000000    6.403306   -3.403306 (VIOLATED)
_50546_/A1                              3.000000    6.403306   -3.403306 (VIOLATED)
_50555_/C                               3.000000    6.403306   -3.403306 (VIOLATED)
_50556_/A1                              3.000000    6.403306   -3.403306 (VIOLATED)
_50567_/A1                              3.000000    6.403306   -3.403306 (VIOLATED)
_50577_/A1                              3.000000    6.403306   -3.403306 (VIOLATED)
_50584_/B                               3.000000    6.403306   -3.403306 (VIOLATED)
_50585_/A1                              3.000000    6.403306   -3.403306 (VIOLATED)
_50595_/A1                              3.000000    6.403306   -3.403306 (VIOLATED)
_50602_/B2                              3.000000    6.403306   -3.403306 (VIOLATED)
_50605_/A1                              3.000000    6.403306   -3.403306 (VIOLATED)
_50613_/B2                              3.000000    6.403306   -3.403306 (VIOLATED)
_50616_/A1                              3.000000    6.403306   -3.403306 (VIOLATED)
_50624_/A1                              3.000000    6.403306   -3.403306 (VIOLATED)
_50628_/A2                              3.000000    6.403306   -3.403306 (VIOLATED)
_50633_/A1                              3.000000    6.403306   -3.403306 (VIOLATED)
_50637_/A2                              3.000000    6.403306   -3.403306 (VIOLATED)
_50644_/C                               3.000000    6.403306   -3.403306 (VIOLATED)
_50645_/A1                              3.000000    6.403306   -3.403306 (VIOLATED)
_50653_/A1                              3.000000    6.403306   -3.403306 (VIOLATED)
_50657_/A2                              3.000000    6.403306   -3.403306 (VIOLATED)
_50663_/A1                              3.000000    6.403306   -3.403306 (VIOLATED)
_50667_/A2                              3.000000    6.403306   -3.403306 (VIOLATED)
_50674_/A1                              3.000000    6.403306   -3.403306 (VIOLATED)
_50685_/A1                              3.000000    6.403306   -3.403306 (VIOLATED)
_50694_/A1                              3.000000    6.403306   -3.403306 (VIOLATED)
_50702_/C                               3.000000    6.403306   -3.403306 (VIOLATED)
_50703_/A1                              3.000000    6.403306   -3.403306 (VIOLATED)
_61771_/Q                               3.000000    6.403306   -3.403306 (VIOLATED)
_34505_/ZN                              3.000000    6.389946   -3.389946 (VIOLATED)
_34508_/B1                              3.000000    6.389946   -3.389946 (VIOLATED)
_38218_/ZN                              3.000000    6.373865   -3.373865 (VIOLATED)
_38219_/I                               3.000000    6.373865   -3.373865 (VIOLATED)
_39965_/A1                              3.000000    6.373865   -3.373865 (VIOLATED)
_40155_/A1                              3.000000    6.373865   -3.373865 (VIOLATED)
_40346_/A1                              3.000000    6.373865   -3.373865 (VIOLATED)
_40539_/A1                              3.000000    6.373865   -3.373865 (VIOLATED)
_40727_/A1                              3.000000    6.373865   -3.373865 (VIOLATED)
_40817_/A1                              3.000000    6.373865   -3.373865 (VIOLATED)
_40913_/A1                              3.000000    6.373865   -3.373865 (VIOLATED)
_41140_/A1                              3.000000    6.373865   -3.373865 (VIOLATED)
_38276_/ZN                              3.000000    6.329065   -3.329066 (VIOLATED)
_38277_/I                               3.000000    6.329065   -3.329066 (VIOLATED)
_40009_/A1                              3.000000    6.329065   -3.329066 (VIOLATED)
_40197_/A1                              3.000000    6.329065   -3.329066 (VIOLATED)
_40382_/A1                              3.000000    6.329065   -3.329066 (VIOLATED)
_40576_/A1                              3.000000    6.329065   -3.329066 (VIOLATED)
_40767_/A1                              3.000000    6.329065   -3.329066 (VIOLATED)
_40955_/A1                              3.000000    6.329065   -3.329066 (VIOLATED)
_40997_/A1                              3.000000    6.329065   -3.329066 (VIOLATED)
_41182_/A1                              3.000000    6.329065   -3.329066 (VIOLATED)
_44547_/ZN                              3.000000    6.307327   -3.307328 (VIOLATED)
_44548_/I                               3.000000    6.307327   -3.307328 (VIOLATED)
_45167_/I                               3.000000    6.307327   -3.307328 (VIOLATED)
_46108_/I                               3.000000    6.307327   -3.307328 (VIOLATED)
_34789_/ZN                              3.000000    6.306160   -3.306161 (VIOLATED)
_34790_/A3                              3.000000    6.306160   -3.306161 (VIOLATED)
_38262_/ZN                              3.000000    6.241378   -3.241378 (VIOLATED)
_38263_/I                               3.000000    6.241378   -3.241378 (VIOLATED)
_39999_/A1                              3.000000    6.241378   -3.241378 (VIOLATED)
_40186_/A1                              3.000000    6.241378   -3.241378 (VIOLATED)
_40372_/A1                              3.000000    6.241378   -3.241378 (VIOLATED)
_40566_/A1                              3.000000    6.241378   -3.241378 (VIOLATED)
_40752_/A1                              3.000000    6.241378   -3.241378 (VIOLATED)
_40945_/A1                              3.000000    6.241378   -3.241378 (VIOLATED)
_40980_/A1                              3.000000    6.241378   -3.241378 (VIOLATED)
_41172_/A1                              3.000000    6.241378   -3.241378 (VIOLATED)
_34475_/ZN                              3.000000    6.196033   -3.196034 (VIOLATED)
_34476_/A2                              3.000000    6.196033   -3.196034 (VIOLATED)
_34863_/ZN                              3.000000    6.178703   -3.178704 (VIOLATED)
_34870_/A1                              3.000000    6.178703   -3.178704 (VIOLATED)
_44442_/ZN                              3.000000    6.107291   -3.107291 (VIOLATED)
_44443_/I                               3.000000    6.107291   -3.107291 (VIOLATED)
_45129_/I                               3.000000    6.107291   -3.107291 (VIOLATED)
_46054_/I                               3.000000    6.107291   -3.107291 (VIOLATED)
_35404_/ZN                              3.000000    6.080029   -3.080029 (VIOLATED)
_35405_/A3                              3.000000    6.080029   -3.080029 (VIOLATED)
_34986_/ZN                              3.000000    5.984133   -2.984133 (VIOLATED)
_34987_/A2                              3.000000    5.984133   -2.984133 (VIOLATED)
_44494_/ZN                              3.000000    5.975470   -2.975470 (VIOLATED)
_44495_/I                               3.000000    5.975470   -2.975470 (VIOLATED)
_45148_/I                               3.000000    5.975470   -2.975470 (VIOLATED)
_46081_/I                               3.000000    5.975470   -2.975470 (VIOLATED)
_35026_/ZN                              3.000000    5.928213   -2.928213 (VIOLATED)
_35027_/A3                              3.000000    5.928213   -2.928213 (VIOLATED)
_34686_/ZN                              3.000000    5.912595   -2.912595 (VIOLATED)
_34691_/A1                              3.000000    5.912595   -2.912595 (VIOLATED)
_34991_/ZN                              3.000000    5.896269   -2.896270 (VIOLATED)
_34996_/A1                              3.000000    5.896269   -2.896270 (VIOLATED)
_35066_/ZN                              3.000000    5.884424   -2.884424 (VIOLATED)
_35067_/A3                              3.000000    5.884424   -2.884424 (VIOLATED)
_35484_/ZN                              3.000000    5.883481   -2.883481 (VIOLATED)
_35499_/A1                              3.000000    5.883481   -2.883481 (VIOLATED)
_34591_/ZN                              3.000000    5.876425   -2.876425 (VIOLATED)
_34599_/A2                              3.000000    5.876425   -2.876425 (VIOLATED)
_35082_/ZN                              3.000000    5.871315   -2.871315 (VIOLATED)
_35097_/A1                              3.000000    5.871315   -2.871315 (VIOLATED)
_38283_/ZN                              3.000000    5.870275   -2.870275 (VIOLATED)
_38284_/I                               3.000000    5.870275   -2.870275 (VIOLATED)
_40014_/A1                              3.000000    5.870275   -2.870275 (VIOLATED)
_40202_/A1                              3.000000    5.870275   -2.870275 (VIOLATED)
_40387_/A1                              3.000000    5.870275   -2.870275 (VIOLATED)
_40586_/A1                              3.000000    5.870275   -2.870275 (VIOLATED)
_40773_/A1                              3.000000    5.870275   -2.870275 (VIOLATED)
_40960_/A1                              3.000000    5.870275   -2.870275 (VIOLATED)
_41002_/A1                              3.000000    5.870275   -2.870275 (VIOLATED)
_41187_/A1                              3.000000    5.870275   -2.870275 (VIOLATED)
_36872_/ZN                              3.000000    5.801111   -2.801111 (VIOLATED)
_36882_/A2                              3.000000    5.801111   -2.801111 (VIOLATED)
_35319_/ZN                              3.000000    5.784768   -2.784768 (VIOLATED)
_35334_/A1                              3.000000    5.784768   -2.784768 (VIOLATED)
_34100_/ZN                              3.000000    5.732032   -2.732032 (VIOLATED)
_34108_/A1                              3.000000    5.732032   -2.732032 (VIOLATED)
_38290_/ZN                              3.000000    5.728630   -2.728630 (VIOLATED)
_38291_/I                               3.000000    5.728630   -2.728630 (VIOLATED)
_40019_/A1                              3.000000    5.728630   -2.728630 (VIOLATED)
_40207_/A1                              3.000000    5.728630   -2.728630 (VIOLATED)
_40392_/A1                              3.000000    5.728630   -2.728630 (VIOLATED)
_40591_/A1                              3.000000    5.728630   -2.728630 (VIOLATED)
_40779_/A1                              3.000000    5.728630   -2.728630 (VIOLATED)
_40965_/A1                              3.000000    5.728630   -2.728630 (VIOLATED)
_41007_/A1                              3.000000    5.728630   -2.728630 (VIOLATED)
_41192_/A1                              3.000000    5.728630   -2.728630 (VIOLATED)
_34065_/ZN                              3.000000    5.713727   -2.713727 (VIOLATED)
_34077_/A1                              3.000000    5.713727   -2.713727 (VIOLATED)
_35173_/ZN                              3.000000    5.712335   -2.712335 (VIOLATED)
_35174_/B2                              3.000000    5.712335   -2.712335 (VIOLATED)
_34913_/ZN                              3.000000    5.695984   -2.695984 (VIOLATED)
_34914_/A3                              3.000000    5.695984   -2.695984 (VIOLATED)
_34744_/ZN                              3.000000    5.666235   -2.666236 (VIOLATED)
_34759_/A1                              3.000000    5.666235   -2.666236 (VIOLATED)
_34156_/ZN                              3.000000    5.642831   -2.642831 (VIOLATED)
_34157_/A3                              3.000000    5.642831   -2.642831 (VIOLATED)
_35457_/ZN                              3.000000    5.621862   -2.621862 (VIOLATED)
_35462_/A1                              3.000000    5.621862   -2.621862 (VIOLATED)
_35427_/ZN                              3.000000    5.604320   -2.604320 (VIOLATED)
_35432_/A1                              3.000000    5.604320   -2.604320 (VIOLATED)
_36928_/ZN                              3.000000    5.586386   -2.586386 (VIOLATED)
_36929_/B                               3.000000    5.586386   -2.586386 (VIOLATED)
_38037_/ZN                              3.000000    5.571511   -2.571511 (VIOLATED)
_38038_/A2                              3.000000    5.571511   -2.571511 (VIOLATED)
_50198_/A1                              3.000000    5.571511   -2.571511 (VIOLATED)
_50202_/A1                              3.000000    5.571511   -2.571511 (VIOLATED)
_41233_/ZN                              3.000000    5.571251   -2.571251 (VIOLATED)
_41234_/A2                              3.000000    5.571251   -2.571251 (VIOLATED)
_51036_/A1                              3.000000    5.571251   -2.571251 (VIOLATED)
_51040_/A1                              3.000000    5.571251   -2.571251 (VIOLATED)
_35369_/ZN                              3.000000    5.571166   -2.571166 (VIOLATED)
_35374_/A1                              3.000000    5.571166   -2.571166 (VIOLATED)
_50199_/ZN                              3.000000    5.554234   -2.554234 (VIOLATED)
_50200_/A3                              3.000000    5.554234   -2.554234 (VIOLATED)
_36315_/ZN                              3.000000    5.553435   -2.553435 (VIOLATED)
_36316_/B                               3.000000    5.553435   -2.553435 (VIOLATED)
_34643_/ZN                              3.000000    5.545268   -2.545268 (VIOLATED)
_34648_/A1                              3.000000    5.545268   -2.545268 (VIOLATED)
_34119_/ZN                              3.000000    5.540304   -2.540304 (VIOLATED)
_34137_/A1                              3.000000    5.540304   -2.540304 (VIOLATED)
_34882_/ZN                              3.000000    5.529635   -2.529635 (VIOLATED)
_34894_/A1                              3.000000    5.529635   -2.529635 (VIOLATED)
_34062_/ZN                              3.000000    5.527466   -2.527466 (VIOLATED)
_34065_/B                               3.000000    5.527466   -2.527466 (VIOLATED)
_35365_/ZN                              3.000000    5.524778   -2.524779 (VIOLATED)
_35375_/A1                              3.000000    5.524778   -2.524779 (VIOLATED)
_33679_/ZN                              3.000000    5.501969   -2.501969 (VIOLATED)
_33680_/I                               3.000000    5.501969   -2.501969 (VIOLATED)
_34020_/I                               3.000000    5.501969   -2.501969 (VIOLATED)
_34309_/A2                              3.000000    5.501969   -2.501969 (VIOLATED)
_34541_/A2                              3.000000    5.501969   -2.501969 (VIOLATED)
_34619_/A2                              3.000000    5.501969   -2.501969 (VIOLATED)
_34739_/A2                              3.000000    5.501969   -2.501969 (VIOLATED)
_34781_/A2                              3.000000    5.501969   -2.501969 (VIOLATED)
_34998_/A2                              3.000000    5.501969   -2.501969 (VIOLATED)
_35154_/A2                              3.000000    5.501969   -2.501969 (VIOLATED)
_35434_/A3                              3.000000    5.501969   -2.501969 (VIOLATED)
_35111_/ZN                              3.000000    5.501699   -2.501699 (VIOLATED)
_35116_/A1                              3.000000    5.501699   -2.501699 (VIOLATED)
_34462_/ZN                              3.000000    5.477651   -2.477651 (VIOLATED)
_34467_/A1                              3.000000    5.477651   -2.477651 (VIOLATED)
_34240_/ZN                              3.000000    5.466269   -2.466269 (VIOLATED)
_34241_/A3                              3.000000    5.466269   -2.466269 (VIOLATED)
_35179_/ZN                              3.000000    5.460289   -2.460289 (VIOLATED)
_35184_/A1                              3.000000    5.460289   -2.460289 (VIOLATED)
_35142_/ZN                              3.000000    5.459300   -2.459300 (VIOLATED)
_35143_/A2                              3.000000    5.459300   -2.459300 (VIOLATED)
_34441_/ZN                              3.000000    5.458724   -2.458724 (VIOLATED)
_34446_/A1                              3.000000    5.458724   -2.458724 (VIOLATED)
_34604_/ZN                              3.000000    5.456626   -2.456626 (VIOLATED)
_34609_/A1                              3.000000    5.456626   -2.456626 (VIOLATED)
_34492_/ZN                              3.000000    5.445522   -2.445522 (VIOLATED)
_34497_/A1                              3.000000    5.445522   -2.445522 (VIOLATED)
_36973_/ZN                              3.000000    5.440787   -2.440787 (VIOLATED)
_36977_/A1                              3.000000    5.440787   -2.440787 (VIOLATED)
_33992_/ZN                              3.000000    5.427555   -2.427555 (VIOLATED)
_33993_/B                               3.000000    5.427555   -2.427555 (VIOLATED)
_35132_/ZN                              3.000000    5.413293   -2.413294 (VIOLATED)
_35133_/B2                              3.000000    5.413293   -2.413294 (VIOLATED)
_34378_/ZN                              3.000000    5.411249   -2.411249 (VIOLATED)
_34383_/A1                              3.000000    5.411249   -2.411249 (VIOLATED)
_34075_/ZN                              3.000000    5.388372   -2.388373 (VIOLATED)
_34076_/A2                              3.000000    5.388372   -2.388373 (VIOLATED)
_34715_/ZN                              3.000000    5.375947   -2.375947 (VIOLATED)
_34719_/A1                              3.000000    5.375947   -2.375947 (VIOLATED)
_34178_/ZN                              3.000000    5.361399   -2.361399 (VIOLATED)
_34179_/A2                              3.000000    5.361399   -2.361399 (VIOLATED)
_34803_/ZN                              3.000000    5.359441   -2.359441 (VIOLATED)
_34808_/A1                              3.000000    5.359441   -2.359441 (VIOLATED)
_35547_/ZN                              3.000000    5.355193   -2.355193 (VIOLATED)
_35548_/A2                              3.000000    5.355193   -2.355193 (VIOLATED)
_49917_/ZN                              3.000000    5.330142   -2.330142 (VIOLATED)
_49919_/A1                              3.000000    5.330142   -2.330142 (VIOLATED)
_49921_/A1                              3.000000    5.330142   -2.330142 (VIOLATED)
_35781_/ZN                              3.000000    5.329151   -2.329151 (VIOLATED)
_35782_/B                               3.000000    5.329151   -2.329151 (VIOLATED)
_34349_/ZN                              3.000000    5.302958   -2.302958 (VIOLATED)
_34359_/A1                              3.000000    5.302958   -2.302958 (VIOLATED)
_35228_/ZN                              3.000000    5.302578   -2.302579 (VIOLATED)
_35233_/A1                              3.000000    5.302578   -2.302579 (VIOLATED)
_34888_/ZN                              3.000000    5.300217   -2.300217 (VIOLATED)
_34893_/A1                              3.000000    5.300217   -2.300217 (VIOLATED)
_35513_/ZN                              3.000000    5.297968   -2.297969 (VIOLATED)
_35517_/A1                              3.000000    5.297968   -2.297969 (VIOLATED)
_35287_/ZN                              3.000000    5.296162   -2.296162 (VIOLATED)
_35292_/A1                              3.000000    5.296162   -2.296162 (VIOLATED)
_36712_/ZN                              3.000000    5.284249   -2.284249 (VIOLATED)
_36721_/A1                              3.000000    5.284249   -2.284249 (VIOLATED)
_34432_/ZN                              3.000000    5.283701   -2.283701 (VIOLATED)
_34436_/A1                              3.000000    5.283701   -2.283701 (VIOLATED)
_35147_/ZN                              3.000000    5.272902   -2.272903 (VIOLATED)
_35152_/A1                              3.000000    5.272902   -2.272903 (VIOLATED)
_34227_/ZN                              3.000000    5.269501   -2.269501 (VIOLATED)
_34232_/A1                              3.000000    5.269501   -2.269501 (VIOLATED)
_36220_/ZN                              3.000000    5.260129   -2.260129 (VIOLATED)
_36230_/A2                              3.000000    5.260129   -2.260129 (VIOLATED)
_35278_/ZN                              3.000000    5.247702   -2.247702 (VIOLATED)
_35283_/A1                              3.000000    5.247702   -2.247702 (VIOLATED)
_35915_/ZN                              3.000000    5.239546   -2.239546 (VIOLATED)
_35931_/A1                              3.000000    5.239546   -2.239546 (VIOLATED)
_34881_/ZN                              3.000000    5.233411   -2.233411 (VIOLATED)
_34882_/B                               3.000000    5.233411   -2.233411 (VIOLATED)
_34724_/ZN                              3.000000    5.230059   -2.230059 (VIOLATED)
_34729_/A1                              3.000000    5.230059   -2.230059 (VIOLATED)
_34963_/ZN                              3.000000    5.229020   -2.229020 (VIOLATED)
_34968_/A1                              3.000000    5.229020   -2.229020 (VIOLATED)
_34406_/ZN                              3.000000    5.227744   -2.227744 (VIOLATED)
_34407_/A2                              3.000000    5.227744   -2.227744 (VIOLATED)
_35047_/ZN                              3.000000    5.218220   -2.218220 (VIOLATED)
_35057_/A2                              3.000000    5.218220   -2.218220 (VIOLATED)
_29921_/I                               3.000000    5.216402   -2.216402 (VIOLATED)
_29927_/A2                              3.000000    5.216402   -2.216402 (VIOLATED)
_29932_/A2                              3.000000    5.216402   -2.216402 (VIOLATED)
_30147_/B                               3.000000    5.216402   -2.216402 (VIOLATED)
_30160_/B                               3.000000    5.216402   -2.216402 (VIOLATED)
_30226_/B                               3.000000    5.216402   -2.216402 (VIOLATED)
_30231_/B                               3.000000    5.216402   -2.216402 (VIOLATED)
_30311_/B                               3.000000    5.216402   -2.216402 (VIOLATED)
_30440_/B                               3.000000    5.216402   -2.216402 (VIOLATED)
_30453_/B                               3.000000    5.216402   -2.216402 (VIOLATED)
_30501_/B                               3.000000    5.216402   -2.216402 (VIOLATED)
_30511_/B                               3.000000    5.216402   -2.216402 (VIOLATED)
_30575_/B                               3.000000    5.216402   -2.216402 (VIOLATED)
_30629_/B                               3.000000    5.216402   -2.216402 (VIOLATED)
_30638_/B                               3.000000    5.216402   -2.216402 (VIOLATED)
_30693_/B                               3.000000    5.216402   -2.216402 (VIOLATED)
_30746_/B                               3.000000    5.216402   -2.216402 (VIOLATED)
_30798_/B                               3.000000    5.216402   -2.216402 (VIOLATED)
_30843_/B                               3.000000    5.216402   -2.216402 (VIOLATED)
_30888_/B                               3.000000    5.216402   -2.216402 (VIOLATED)
_30937_/B                               3.000000    5.216402   -2.216402 (VIOLATED)
_30942_/B                               3.000000    5.216402   -2.216402 (VIOLATED)
_31030_/B                               3.000000    5.216402   -2.216402 (VIOLATED)
_31078_/B                               3.000000    5.216402   -2.216402 (VIOLATED)
_31123_/B                               3.000000    5.216402   -2.216402 (VIOLATED)
_31132_/B                               3.000000    5.216402   -2.216402 (VIOLATED)
_31167_/B                               3.000000    5.216402   -2.216402 (VIOLATED)
_31176_/B                               3.000000    5.216402   -2.216402 (VIOLATED)
_31216_/B                               3.000000    5.216402   -2.216402 (VIOLATED)
_31256_/B                               3.000000    5.216402   -2.216402 (VIOLATED)
_31265_/B                               3.000000    5.216402   -2.216402 (VIOLATED)
_31300_/B                               3.000000    5.216402   -2.216402 (VIOLATED)
_31339_/B                               3.000000    5.216402   -2.216402 (VIOLATED)
_31348_/B                               3.000000    5.216402   -2.216402 (VIOLATED)
_31385_/B                               3.000000    5.216402   -2.216402 (VIOLATED)
_31421_/B                               3.000000    5.216402   -2.216402 (VIOLATED)
_31430_/B                               3.000000    5.216402   -2.216402 (VIOLATED)
_31467_/B                               3.000000    5.216402   -2.216402 (VIOLATED)
_31472_/B                               3.000000    5.216402   -2.216402 (VIOLATED)
_31508_/B                               3.000000    5.216402   -2.216402 (VIOLATED)
_31517_/B                               3.000000    5.216402   -2.216402 (VIOLATED)
_31550_/B                               3.000000    5.216402   -2.216402 (VIOLATED)
_31590_/B                               3.000000    5.216402   -2.216402 (VIOLATED)
_31629_/B                               3.000000    5.216402   -2.216402 (VIOLATED)
_31674_/B                               3.000000    5.216402   -2.216402 (VIOLATED)
_31681_/B                               3.000000    5.216402   -2.216402 (VIOLATED)
_48658_/A2                              3.000000    5.216402   -2.216402 (VIOLATED)
_48660_/A2                              3.000000    5.216402   -2.216402 (VIOLATED)
_48662_/A2                              3.000000    5.216402   -2.216402 (VIOLATED)
_61086_/Q                               3.000000    5.216385   -2.216385 (VIOLATED)
_34633_/ZN                              3.000000    5.215879   -2.215879 (VIOLATED)
_34638_/A1                              3.000000    5.215879   -2.215879 (VIOLATED)
_35339_/ZN                              3.000000    5.210056   -2.210057 (VIOLATED)
_35344_/A1                              3.000000    5.210056   -2.210057 (VIOLATED)
_36316_/ZN                              3.000000    5.208660   -2.208660 (VIOLATED)
_36317_/A2                              3.000000    5.208660   -2.208660 (VIOLATED)
_34545_/ZN                              3.000000    5.207933   -2.207933 (VIOLATED)
_34560_/A1                              3.000000    5.207933   -2.207933 (VIOLATED)
_35192_/ZN                              3.000000    5.203099   -2.203099 (VIOLATED)
_35193_/A3                              3.000000    5.203099   -2.203099 (VIOLATED)
_33993_/ZN                              3.000000    5.189664   -2.189664 (VIOLATED)
_34019_/A1                              3.000000    5.189664   -2.189664 (VIOLATED)
_35297_/ZN                              3.000000    5.184728   -2.184728 (VIOLATED)
_35302_/A1                              3.000000    5.184728   -2.184728 (VIOLATED)
_34508_/ZN                              3.000000    5.162083   -2.162083 (VIOLATED)
_34509_/A1                              3.000000    5.162083   -2.162083 (VIOLATED)
_34300_/ZN                              3.000000    5.154354   -2.154354 (VIOLATED)
_34307_/A1                              3.000000    5.154354   -2.154354 (VIOLATED)
_35310_/ZN                              3.000000    5.146877   -2.146877 (VIOLATED)
_35311_/A3                              3.000000    5.146877   -2.146877 (VIOLATED)
_34754_/ZN                              3.000000    5.132541   -2.132541 (VIOLATED)
_34759_/B1                              3.000000    5.132541   -2.132541 (VIOLATED)
_34565_/ZN                              3.000000    5.131977   -2.131977 (VIOLATED)
_34570_/A1                              3.000000    5.131977   -2.131977 (VIOLATED)
_34197_/ZN                              3.000000    5.115784   -2.115784 (VIOLATED)
_34198_/A2                              3.000000    5.115784   -2.115784 (VIOLATED)
_34294_/ZN                              3.000000    5.104171   -2.104172 (VIOLATED)
_34295_/A2                              3.000000    5.104171   -2.104172 (VIOLATED)
_34387_/ZN                              3.000000    5.091351   -2.091351 (VIOLATED)
_34391_/A1                              3.000000    5.091351   -2.091351 (VIOLATED)
_34856_/ZN                              3.000000    5.087256   -2.087257 (VIOLATED)
_34871_/A1                              3.000000    5.087256   -2.087257 (VIOLATED)
_34370_/ZN                              3.000000    5.085834   -2.085834 (VIOLATED)
_34371_/A3                              3.000000    5.085834   -2.085834 (VIOLATED)
_35364_/ZN                              3.000000    5.065464   -2.065464 (VIOLATED)
_35365_/B                               3.000000    5.065464   -2.065464 (VIOLATED)
_35264_/ZN                              3.000000    5.056730   -2.056730 (VIOLATED)
_35272_/A2                              3.000000    5.056730   -2.056730 (VIOLATED)
_34142_/ZN                              3.000000    5.054183   -2.054183 (VIOLATED)
_34147_/A1                              3.000000    5.054183   -2.054183 (VIOLATED)
_34011_/ZN                              3.000000    5.051408   -2.051409 (VIOLATED)
_34012_/I                               3.000000    5.051408   -2.051409 (VIOLATED)
_38031_/A2                              3.000000    5.051408   -2.051409 (VIOLATED)
_38033_/A2                              3.000000    5.051408   -2.051409 (VIOLATED)
_35422_/ZN                              3.000000    5.050776   -2.050776 (VIOLATED)
_35423_/A2                              3.000000    5.050776   -2.050776 (VIOLATED)
_34613_/ZN                              3.000000    5.050124   -2.050124 (VIOLATED)
_34617_/A1                              3.000000    5.050124   -2.050124 (VIOLATED)
_35782_/ZN                              3.000000    5.047817   -2.047817 (VIOLATED)
_35804_/A2                              3.000000    5.047817   -2.047817 (VIOLATED)
_34952_/ZN                              3.000000    5.045062   -2.045062 (VIOLATED)
_34957_/A1                              3.000000    5.045062   -2.045062 (VIOLATED)
_35106_/ZN                              3.000000    5.043982   -2.043982 (VIOLATED)
_35107_/A3                              3.000000    5.043982   -2.043982 (VIOLATED)
_36041_/ZN                              3.000000    5.043206   -2.043206 (VIOLATED)
_36057_/A2                              3.000000    5.043206   -2.043206 (VIOLATED)
_38139_/ZN                              3.000000    5.036483   -2.036483 (VIOLATED)
_38140_/I                               3.000000    5.036483   -2.036483 (VIOLATED)
_39902_/A1                              3.000000    5.036483   -2.036483 (VIOLATED)
_40096_/A1                              3.000000    5.036483   -2.036483 (VIOLATED)
_40224_/A1                              3.000000    5.036483   -2.036483 (VIOLATED)
_40287_/A1                              3.000000    5.036483   -2.036483 (VIOLATED)
_40474_/A1                              3.000000    5.036483   -2.036483 (VIOLATED)
_40667_/A1                              3.000000    5.036483   -2.036483 (VIOLATED)
_40855_/A1                              3.000000    5.036483   -2.036483 (VIOLATED)
_41082_/A1                              3.000000    5.036483   -2.036483 (VIOLATED)
_34931_/ZN                              3.000000    5.028805   -2.028805 (VIOLATED)
_34936_/B1                              3.000000    5.028805   -2.028805 (VIOLATED)
_34699_/ZN                              3.000000    5.027511   -2.027511 (VIOLATED)
_34700_/A3                              3.000000    5.027511   -2.027511 (VIOLATED)
_34517_/ZN                              3.000000    5.016276   -2.016277 (VIOLATED)
_34518_/A2                              3.000000    5.016276   -2.016277 (VIOLATED)
_38146_/ZN                              3.000000    5.010581   -2.010581 (VIOLATED)
_38147_/I                               3.000000    5.010581   -2.010581 (VIOLATED)
_39907_/A1                              3.000000    5.010581   -2.010581 (VIOLATED)
_40101_/A1                              3.000000    5.010581   -2.010581 (VIOLATED)
_40282_/A1                              3.000000    5.010581   -2.010581 (VIOLATED)
_40293_/A1                              3.000000    5.010581   -2.010581 (VIOLATED)
_40479_/A1                              3.000000    5.010581   -2.010581 (VIOLATED)
_40673_/A1                              3.000000    5.010581   -2.010581 (VIOLATED)
_40860_/A1                              3.000000    5.010581   -2.010581 (VIOLATED)
_41087_/A1                              3.000000    5.010581   -2.010581 (VIOLATED)
_34040_/ZN                              3.000000    5.009869   -2.009869 (VIOLATED)
_34049_/A1                              3.000000    5.009869   -2.009869 (VIOLATED)
_34189_/ZN                              3.000000    5.006463   -2.006463 (VIOLATED)
_34190_/A2                              3.000000    5.006463   -2.006463 (VIOLATED)
_35409_/ZN                              3.000000    5.004495   -2.004495 (VIOLATED)
_35413_/A1                              3.000000    5.004495   -2.004495 (VIOLATED)
_34004_/ZN                              3.000000    4.997432   -1.997432 (VIOLATED)
_34018_/A1                              3.000000    4.997432   -1.997432 (VIOLATED)
_34578_/ZN                              3.000000    4.995601   -1.995601 (VIOLATED)
_34579_/A3                              3.000000    4.995601   -1.995601 (VIOLATED)
_34486_/ZN                              3.000000    4.994629   -1.994629 (VIOLATED)
_34487_/A3                              3.000000    4.994629   -1.994629 (VIOLATED)
_34455_/ZN                              3.000000    4.989814   -1.989814 (VIOLATED)
_34456_/A3                              3.000000    4.989814   -1.989814 (VIOLATED)
_38041_/ZN                              3.000000    4.987436   -1.987436 (VIOLATED)
_38042_/I                               3.000000    4.987436   -1.987436 (VIOLATED)
_39834_/A1                              3.000000    4.987436   -1.987436 (VIOLATED)
_40027_/A1                              3.000000    4.987436   -1.987436 (VIOLATED)
_40214_/A1                              3.000000    4.987436   -1.987436 (VIOLATED)
_40406_/A1                              3.000000    4.987436   -1.987436 (VIOLATED)
_40598_/A1                              3.000000    4.987436   -1.987436 (VIOLATED)
_40787_/A1                              3.000000    4.987436   -1.987436 (VIOLATED)
_41014_/A1                              3.000000    4.987436   -1.987436 (VIOLATED)
_41197_/A1                              3.000000    4.987436   -1.987436 (VIOLATED)
_35031_/ZN                              3.000000    4.987089   -1.987089 (VIOLATED)
_35036_/A1                              3.000000    4.987089   -1.987089 (VIOLATED)
_34706_/ZN                              3.000000    4.974528   -1.974529 (VIOLATED)
_34711_/A1                              3.000000    4.974528   -1.974529 (VIOLATED)
_36306_/ZN                              3.000000    4.972750   -1.972750 (VIOLATED)
_36317_/A1                              3.000000    4.972750   -1.972750 (VIOLATED)
_38327_/ZN                              3.000000    4.967535   -1.967535 (VIOLATED)
_38328_/I                               3.000000    4.967535   -1.967535 (VIOLATED)
_39929_/A1                              3.000000    4.967535   -1.967535 (VIOLATED)
_40043_/A1                              3.000000    4.967535   -1.967535 (VIOLATED)
_40234_/A1                              3.000000    4.967535   -1.967535 (VIOLATED)
_40421_/A1                              3.000000    4.967535   -1.967535 (VIOLATED)
_40614_/A1                              3.000000    4.967535   -1.967535 (VIOLATED)
_40802_/A1                              3.000000    4.967535   -1.967535 (VIOLATED)
_41029_/A1                              3.000000    4.967535   -1.967535 (VIOLATED)
_41212_/A1                              3.000000    4.967535   -1.967535 (VIOLATED)
_36746_/ZN                              3.000000    4.967452   -1.967452 (VIOLATED)
_36750_/A1                              3.000000    4.967452   -1.967452 (VIOLATED)
_34774_/ZN                              3.000000    4.967129   -1.967129 (VIOLATED)
_34779_/A1                              3.000000    4.967129   -1.967129 (VIOLATED)
_34855_/ZN                              3.000000    4.966388   -1.966388 (VIOLATED)
_34856_/B                               3.000000    4.966388   -1.966388 (VIOLATED)
_35508_/ZN                              3.000000    4.961198   -1.961198 (VIOLATED)
_35509_/A2                              3.000000    4.961198   -1.961198 (VIOLATED)
_34411_/ZN                              3.000000    4.954659   -1.954659 (VIOLATED)
_34415_/A1                              3.000000    4.954659   -1.954659 (VIOLATED)
_31727_/A2                              3.000000    4.952389   -1.952389 (VIOLATED)
_31728_/I                               3.000000    4.952389   -1.952389 (VIOLATED)
_31743_/A2                              3.000000    4.952389   -1.952389 (VIOLATED)
_31757_/A2                              3.000000    4.952389   -1.952389 (VIOLATED)
_31781_/A2                              3.000000    4.952389   -1.952389 (VIOLATED)
_31793_/A2                              3.000000    4.952389   -1.952389 (VIOLATED)
_31808_/A1                              3.000000    4.952389   -1.952389 (VIOLATED)
_31880_/A2                              3.000000    4.952389   -1.952389 (VIOLATED)
_31894_/A2                              3.000000    4.952389   -1.952389 (VIOLATED)
_31897_/A2                              3.000000    4.952389   -1.952389 (VIOLATED)
_32196_/A1                              3.000000    4.952389   -1.952389 (VIOLATED)
_32203_/A2                              3.000000    4.952389   -1.952389 (VIOLATED)
_32209_/A3                              3.000000    4.952389   -1.952389 (VIOLATED)
_32218_/A1                              3.000000    4.952389   -1.952389 (VIOLATED)
_44136_/A1                              3.000000    4.952389   -1.952389 (VIOLATED)
_49254_/A1                              3.000000    4.952389   -1.952389 (VIOLATED)
_49255_/A2                              3.000000    4.952389   -1.952389 (VIOLATED)
_49289_/A1                              3.000000    4.952389   -1.952389 (VIOLATED)
_49290_/A2                              3.000000    4.952389   -1.952389 (VIOLATED)
_49372_/A2                              3.000000    4.952389   -1.952389 (VIOLATED)
_49373_/A2                              3.000000    4.952389   -1.952389 (VIOLATED)
_49463_/A2                              3.000000    4.952389   -1.952389 (VIOLATED)
_49481_/A1                              3.000000    4.952389   -1.952389 (VIOLATED)
_49496_/A2                              3.000000    4.952389   -1.952389 (VIOLATED)
_49527_/A2                              3.000000    4.952389   -1.952389 (VIOLATED)
_49528_/A1                              3.000000    4.952389   -1.952389 (VIOLATED)
_50008_/A2                              3.000000    4.952389   -1.952389 (VIOLATED)
_50033_/A2                              3.000000    4.952389   -1.952389 (VIOLATED)
_50061_/A2                              3.000000    4.952389   -1.952389 (VIOLATED)
_50080_/A2                              3.000000    4.952389   -1.952389 (VIOLATED)
_50081_/A1                              3.000000    4.952389   -1.952389 (VIOLATED)
_50090_/A2                              3.000000    4.952389   -1.952389 (VIOLATED)
_50111_/A2                              3.000000    4.952389   -1.952389 (VIOLATED)
_50112_/A1                              3.000000    4.952389   -1.952389 (VIOLATED)
_50124_/A2                              3.000000    4.952389   -1.952389 (VIOLATED)
_50125_/A1                              3.000000    4.952389   -1.952389 (VIOLATED)
_50146_/A1                              3.000000    4.952389   -1.952389 (VIOLATED)
_61236_/Q                               3.000000    4.952389   -1.952389 (VIOLATED)
_36719_/ZN                              3.000000    4.947281   -1.947281 (VIOLATED)
_36720_/A2                              3.000000    4.947281   -1.947281 (VIOLATED)
_34132_/ZN                              3.000000    4.942689   -1.942690 (VIOLATED)
_34137_/B1                              3.000000    4.942689   -1.942690 (VIOLATED)
_35537_/ZN                              3.000000    4.927338   -1.927338 (VIOLATED)
_35538_/A3                              3.000000    4.927338   -1.927338 (VIOLATED)
_35071_/ZN                              3.000000    4.925674   -1.925674 (VIOLATED)
_35075_/A1                              3.000000    4.925674   -1.925674 (VIOLATED)
_35223_/ZN                              3.000000    4.924064   -1.924064 (VIOLATED)
_35224_/A3                              3.000000    4.924064   -1.924064 (VIOLATED)
_38308_/ZN                              3.000000    4.923858   -1.923858 (VIOLATED)
_38309_/I                               3.000000    4.923858   -1.923858 (VIOLATED)
_39839_/A1                              3.000000    4.923858   -1.923858 (VIOLATED)
_40033_/A1                              3.000000    4.923858   -1.923858 (VIOLATED)
_40219_/A1                              3.000000    4.923858   -1.923858 (VIOLATED)
_40411_/A1                              3.000000    4.923858   -1.923858 (VIOLATED)
_40603_/A1                              3.000000    4.923858   -1.923858 (VIOLATED)
_40792_/A1                              3.000000    4.923858   -1.923858 (VIOLATED)
_41019_/A1                              3.000000    4.923858   -1.923858 (VIOLATED)
_41202_/A1                              3.000000    4.923858   -1.923858 (VIOLATED)
_34898_/ZN                              3.000000    4.916253   -1.916253 (VIOLATED)
_34903_/A1                              3.000000    4.916253   -1.916253 (VIOLATED)
_34816_/ZN                              3.000000    4.912264   -1.912264 (VIOLATED)
_34817_/A3                              3.000000    4.912264   -1.912264 (VIOLATED)
_36424_/ZN                              3.000000    4.907602   -1.907602 (VIOLATED)
_36434_/A1                              3.000000    4.907602   -1.907602 (VIOLATED)
_36243_/ZN                              3.000000    4.902783   -1.902783 (VIOLATED)
_36254_/A2                              3.000000    4.902783   -1.902783 (VIOLATED)
_34656_/ZN                              3.000000    4.900643   -1.900643 (VIOLATED)
_34657_/A3                              3.000000    4.900643   -1.900643 (VIOLATED)
_34035_/ZN                              3.000000    4.900309   -1.900309 (VIOLATED)
_34036_/A3                              3.000000    4.900309   -1.900309 (VIOLATED)
_35352_/ZN                              3.000000    4.897066   -1.897066 (VIOLATED)
_35353_/A3                              3.000000    4.897066   -1.897066 (VIOLATED)
_35937_/ZN                              3.000000    4.896866   -1.896866 (VIOLATED)
_35947_/A1                              3.000000    4.896866   -1.896866 (VIOLATED)
_34946_/ZN                              3.000000    4.891088   -1.891089 (VIOLATED)
_34947_/A3                              3.000000    4.891088   -1.891089 (VIOLATED)
_35470_/ZN                              3.000000    4.887238   -1.887238 (VIOLATED)
_35471_/A3                              3.000000    4.887238   -1.887238 (VIOLATED)
_36196_/ZN                              3.000000    4.868810   -1.868811 (VIOLATED)
_36207_/A1                              3.000000    4.868810   -1.868811 (VIOLATED)
_48236_/ZN                              3.000000    4.860223   -1.860224 (VIOLATED)
_48238_/A1                              3.000000    4.860223   -1.860224 (VIOLATED)
_48267_/A2                              3.000000    4.860223   -1.860224 (VIOLATED)
_48347_/A2                              3.000000    4.860223   -1.860224 (VIOLATED)
_48442_/B2                              3.000000    4.860223   -1.860224 (VIOLATED)
_57006_/C                               3.000000    4.860223   -1.860224 (VIOLATED)
_36444_/ZN                              3.000000    4.837488   -1.837488 (VIOLATED)
_36454_/A1                              3.000000    4.837488   -1.837488 (VIOLATED)
_49916_/ZN                              3.000000    4.802529   -1.802529 (VIOLATED)
_49917_/B                               3.000000    4.802529   -1.802529 (VIOLATED)
_37388_/ZN                              3.000000    4.800055   -1.800055 (VIOLATED)
_37389_/A3                              3.000000    4.800055   -1.800055 (VIOLATED)
_37580_/A2                              3.000000    4.800055   -1.800055 (VIOLATED)
_37723_/A2                              3.000000    4.800055   -1.800055 (VIOLATED)
_37867_/A2                              3.000000    4.800055   -1.800055 (VIOLATED)
_37078_/ZN                              3.000000    4.788281   -1.788281 (VIOLATED)
_37083_/B1                              3.000000    4.788281   -1.788281 (VIOLATED)
_37147_/ZN                              3.000000    4.773645   -1.773645 (VIOLATED)
_37148_/A2                              3.000000    4.773645   -1.773645 (VIOLATED)
_38168_/ZN                              3.000000    4.728672   -1.728672 (VIOLATED)
_38169_/I                               3.000000    4.728672   -1.728672 (VIOLATED)
_39918_/A1                              3.000000    4.728672   -1.728672 (VIOLATED)
_40117_/A1                              3.000000    4.728672   -1.728672 (VIOLATED)
_40304_/A1                              3.000000    4.728672   -1.728672 (VIOLATED)
_40398_/A1                              3.000000    4.728672   -1.728672 (VIOLATED)
_40489_/A1                              3.000000    4.728672   -1.728672 (VIOLATED)
_40683_/A1                              3.000000    4.728672   -1.728672 (VIOLATED)
_40870_/A1                              3.000000    4.728672   -1.728672 (VIOLATED)
_41099_/A1                              3.000000    4.728672   -1.728672 (VIOLATED)
_36995_/ZN                              3.000000    4.724747   -1.724747 (VIOLATED)
_37001_/A1                              3.000000    4.724747   -1.724747 (VIOLATED)
_37044_/ZN                              3.000000    4.724143   -1.724143 (VIOLATED)
_37045_/B2                              3.000000    4.724143   -1.724143 (VIOLATED)
_38124_/ZN                              3.000000    4.722723   -1.722722 (VIOLATED)
_38125_/I                               3.000000    4.722723   -1.722722 (VIOLATED)
_39892_/A1                              3.000000    4.722723   -1.722722 (VIOLATED)
_40086_/A1                              3.000000    4.722723   -1.722722 (VIOLATED)
_40107_/A1                              3.000000    4.722723   -1.722722 (VIOLATED)
_40272_/A1                              3.000000    4.722723   -1.722722 (VIOLATED)
_40464_/A1                              3.000000    4.722723   -1.722722 (VIOLATED)
_40656_/A1                              3.000000    4.722723   -1.722722 (VIOLATED)
_40845_/A1                              3.000000    4.722723   -1.722722 (VIOLATED)
_41072_/A1                              3.000000    4.722723   -1.722722 (VIOLATED)
_38131_/ZN                              3.000000    4.719892   -1.719892 (VIOLATED)
_38132_/I                               3.000000    4.719892   -1.719892 (VIOLATED)
_39897_/A1                              3.000000    4.719892   -1.719892 (VIOLATED)
_40091_/A1                              3.000000    4.719892   -1.719892 (VIOLATED)
_40165_/A1                              3.000000    4.719892   -1.719892 (VIOLATED)
_40277_/A1                              3.000000    4.719892   -1.719892 (VIOLATED)
_40469_/A1                              3.000000    4.719892   -1.719892 (VIOLATED)
_40661_/A1                              3.000000    4.719892   -1.719892 (VIOLATED)
_40850_/A1                              3.000000    4.719892   -1.719892 (VIOLATED)
_41077_/A1                              3.000000    4.719892   -1.719892 (VIOLATED)
_36014_/ZN                              3.000000    4.716744   -1.716744 (VIOLATED)
_36021_/A1                              3.000000    4.716744   -1.716744 (VIOLATED)
_36671_/ZN                              3.000000    4.713686   -1.713687 (VIOLATED)
_36681_/A1                              3.000000    4.713686   -1.713687 (VIOLATED)
_36386_/ZN                              3.000000    4.712526   -1.712526 (VIOLATED)
_36395_/A1                              3.000000    4.712526   -1.712526 (VIOLATED)
_34260_/ZN                              3.000000    4.702662   -1.702662 (VIOLATED)
_34261_/A2                              3.000000    4.702662   -1.702662 (VIOLATED)
_38110_/ZN                              3.000000    4.702399   -1.702400 (VIOLATED)
_38111_/I                               3.000000    4.702399   -1.702400 (VIOLATED)
_39989_/A1                              3.000000    4.702399   -1.702400 (VIOLATED)
_40073_/A1                              3.000000    4.702399   -1.702400 (VIOLATED)
_40261_/A1                              3.000000    4.702399   -1.702400 (VIOLATED)
_40446_/A1                              3.000000    4.702399   -1.702400 (VIOLATED)
_40645_/A1                              3.000000    4.702399   -1.702400 (VIOLATED)
_40834_/A1                              3.000000    4.702399   -1.702400 (VIOLATED)
_41061_/A1                              3.000000    4.702399   -1.702400 (VIOLATED)
_41162_/A1                              3.000000    4.702399   -1.702400 (VIOLATED)
_34926_/ZN                              3.000000    4.691164   -1.691165 (VIOLATED)
_34936_/A2                              3.000000    4.691164   -1.691165 (VIOLATED)
_34427_/ZN                              3.000000    4.688046   -1.688046 (VIOLATED)
_34428_/A3                              3.000000    4.688046   -1.688046 (VIOLATED)
_38160_/ZN                              3.000000    4.685309   -1.685309 (VIOLATED)
_38161_/I                               3.000000    4.685309   -1.685309 (VIOLATED)
_39912_/A1                              3.000000    4.685309   -1.685309 (VIOLATED)
_40112_/A1                              3.000000    4.685309   -1.685309 (VIOLATED)
_40299_/A1                              3.000000    4.685309   -1.685309 (VIOLATED)
_40340_/A1                              3.000000    4.685309   -1.685309 (VIOLATED)
_40484_/A1                              3.000000    4.685309   -1.685309 (VIOLATED)
_40678_/A1                              3.000000    4.685309   -1.685309 (VIOLATED)
_40865_/A1                              3.000000    4.685309   -1.685309 (VIOLATED)
_41093_/A1                              3.000000    4.685309   -1.685309 (VIOLATED)
_34331_/ZN                              3.000000    4.681631   -1.681631 (VIOLATED)
_34339_/B1                              3.000000    4.681631   -1.681631 (VIOLATED)
_34736_/ZN                              3.000000    4.674906   -1.674906 (VIOLATED)
_34737_/A3                              3.000000    4.674906   -1.674906 (VIOLATED)
_35914_/ZN                              3.000000    4.671452   -1.671452 (VIOLATED)
_35915_/B                               3.000000    4.671452   -1.671452 (VIOLATED)
_37010_/ZN                              3.000000    4.650530   -1.650530 (VIOLATED)
_37011_/A3                              3.000000    4.650530   -1.650530 (VIOLATED)
_35392_/ZN                              3.000000    4.644461   -1.644461 (VIOLATED)
_35393_/A2                              3.000000    4.644461   -1.644461 (VIOLATED)
_36340_/ZN                              3.000000    4.643801   -1.643801 (VIOLATED)
_36344_/A1                              3.000000    4.643801   -1.643801 (VIOLATED)
_34670_/ZN                              3.000000    4.642988   -1.642988 (VIOLATED)
_34680_/A2                              3.000000    4.642988   -1.642988 (VIOLATED)
_36489_/ZN                              3.000000    4.630950   -1.630950 (VIOLATED)
_36494_/A1                              3.000000    4.630950   -1.630950 (VIOLATED)
_35250_/ZN                              3.000000    4.629772   -1.629772 (VIOLATED)
_35255_/B1                              3.000000    4.629772   -1.629772 (VIOLATED)
_38320_/ZN                              3.000000    4.622056   -1.622056 (VIOLATED)
_38321_/I                               3.000000    4.622056   -1.622056 (VIOLATED)
_39844_/A1                              3.000000    4.622056   -1.622056 (VIOLATED)
_40038_/A1                              3.000000    4.622056   -1.622056 (VIOLATED)
_40229_/A1                              3.000000    4.622056   -1.622056 (VIOLATED)
_40416_/A1                              3.000000    4.622056   -1.622056 (VIOLATED)
_40608_/A1                              3.000000    4.622056   -1.622056 (VIOLATED)
_40797_/A1                              3.000000    4.622056   -1.622056 (VIOLATED)
_41024_/A1                              3.000000    4.622056   -1.622056 (VIOLATED)
_41207_/A1                              3.000000    4.622056   -1.622056 (VIOLATED)
_36730_/ZN                              3.000000    4.617714   -1.617714 (VIOLATED)
_36731_/B                               3.000000    4.617714   -1.617714 (VIOLATED)
_36989_/ZN                              3.000000    4.600112   -1.600112 (VIOLATED)
_36990_/A2                              3.000000    4.600112   -1.600112 (VIOLATED)
_35894_/ZN                              3.000000    4.596436   -1.596435 (VIOLATED)
_35895_/A3                              3.000000    4.596436   -1.596435 (VIOLATED)
_37058_/ZN                              3.000000    4.592407   -1.592407 (VIOLATED)
_37063_/A1                              3.000000    4.592407   -1.592407 (VIOLATED)
_38117_/ZN                              3.000000    4.589971   -1.589971 (VIOLATED)
_38118_/I                               3.000000    4.589971   -1.589971 (VIOLATED)
_40048_/A1                              3.000000    4.589971   -1.589971 (VIOLATED)
_40079_/A1                              3.000000    4.589971   -1.589971 (VIOLATED)
_40266_/A1                              3.000000    4.589971   -1.589971 (VIOLATED)
_40452_/A1                              3.000000    4.589971   -1.589971 (VIOLATED)
_40650_/A1                              3.000000    4.589971   -1.589971 (VIOLATED)
_40839_/A1                              3.000000    4.589971   -1.589971 (VIOLATED)
_41066_/A1                              3.000000    4.589971   -1.589971 (VIOLATED)
_41217_/A1                              3.000000    4.589971   -1.589971 (VIOLATED)
_36569_/ZN                              3.000000    4.587358   -1.587359 (VIOLATED)
_36570_/A3                              3.000000    4.587358   -1.587359 (VIOLATED)
_34216_/ZN                              3.000000    4.569129   -1.569130 (VIOLATED)
_34221_/B1                              3.000000    4.569129   -1.569130 (VIOLATED)
_38101_/ZN                              3.000000    4.559434   -1.559434 (VIOLATED)
_38102_/I                               3.000000    4.559434   -1.559434 (VIOLATED)
_39924_/A1                              3.000000    4.559434   -1.559434 (VIOLATED)
_40068_/A1                              3.000000    4.559434   -1.559434 (VIOLATED)
_40256_/A1                              3.000000    4.559434   -1.559434 (VIOLATED)
_40441_/A1                              3.000000    4.559434   -1.559434 (VIOLATED)
_40635_/A1                              3.000000    4.559434   -1.559434 (VIOLATED)
_40828_/A1                              3.000000    4.559434   -1.559434 (VIOLATED)
_41056_/A1                              3.000000    4.559434   -1.559434 (VIOLATED)
_41104_/A1                              3.000000    4.559434   -1.559434 (VIOLATED)
_36670_/ZN                              3.000000    4.551706   -1.551706 (VIOLATED)
_36671_/B                               3.000000    4.551706   -1.551706 (VIOLATED)
_36305_/ZN                              3.000000    4.533529   -1.533529 (VIOLATED)
_36306_/B                               3.000000    4.533529   -1.533529 (VIOLATED)
_34975_/ZN                              3.000000    4.531727   -1.531727 (VIOLATED)
_34976_/A2                              3.000000    4.531727   -1.531727 (VIOLATED)
_34274_/ZN                              3.000000    4.530359   -1.530359 (VIOLATED)
_34275_/A2                              3.000000    4.530359   -1.530359 (VIOLATED)
_37053_/ZN                              3.000000    4.519977   -1.519977 (VIOLATED)
_37054_/A2                              3.000000    4.519977   -1.519977 (VIOLATED)
_51037_/ZN                              3.000000    4.519619   -1.519619 (VIOLATED)
_51038_/A3                              3.000000    4.519619   -1.519619 (VIOLATED)
_35209_/ZN                              3.000000    4.503812   -1.503812 (VIOLATED)
_35214_/B1                              3.000000    4.503812   -1.503812 (VIOLATED)
_37152_/ZN                              3.000000    4.484338   -1.484338 (VIOLATED)
_37157_/A1                              3.000000    4.484338   -1.484338 (VIOLATED)
_36273_/ZN                              3.000000    4.484161   -1.484162 (VIOLATED)
_36274_/B2                              3.000000    4.484161   -1.484162 (VIOLATED)
_34639_/ZN                              3.000000    4.472979   -1.472979 (VIOLATED)
_34659_/A1                              3.000000    4.472979   -1.472979 (VIOLATED)
_36600_/ZN                              3.000000    4.465853   -1.465853 (VIOLATED)
_36601_/A2                              3.000000    4.465853   -1.465853 (VIOLATED)
_34838_/ZN                              3.000000    4.461823   -1.461824 (VIOLATED)
_34844_/B1                              3.000000    4.461823   -1.461824 (VIOLATED)
_35092_/ZN                              3.000000    4.459422   -1.459422 (VIOLATED)
_35097_/B1                              3.000000    4.459422   -1.459422 (VIOLATED)
_35952_/ZN                              3.000000    4.457262   -1.457262 (VIOLATED)
_35960_/A1                              3.000000    4.457262   -1.457262 (VIOLATED)
_36757_/ZN                              3.000000    4.444270   -1.444270 (VIOLATED)
_36758_/A2                              3.000000    4.444270   -1.444270 (VIOLATED)
_34597_/ZN                              3.000000    4.441761   -1.441761 (VIOLATED)
_34598_/A1                              3.000000    4.441761   -1.441761 (VIOLATED)
_36279_/ZN                              3.000000    4.438736   -1.438737 (VIOLATED)
_36284_/A1                              3.000000    4.438736   -1.438737 (VIOLATED)
_34675_/ZN                              3.000000    4.436414   -1.436414 (VIOLATED)
_34680_/B1                              3.000000    4.436414   -1.436414 (VIOLATED)
_35856_/ZN                              3.000000    4.433330   -1.433330 (VIOLATED)
_35858_/A2                              3.000000    4.433330   -1.433330 (VIOLATED)
_35245_/ZN                              3.000000    4.420260   -1.420260 (VIOLATED)
_35255_/A2                              3.000000    4.420260   -1.420260 (VIOLATED)
_34322_/ZN                              3.000000    4.419682   -1.419682 (VIOLATED)
_34339_/A2                              3.000000    4.419682   -1.419682 (VIOLATED)
_36592_/ZN                              3.000000    4.418395   -1.418395 (VIOLATED)
_36602_/A1                              3.000000    4.418395   -1.418395 (VIOLATED)
_34211_/ZN                              3.000000    4.414609   -1.414609 (VIOLATED)
_34221_/A2                              3.000000    4.414609   -1.414609 (VIOLATED)
_35842_/ZN                              3.000000    4.409777   -1.409777 (VIOLATED)
_35843_/A1                              3.000000    4.409777   -1.409777 (VIOLATED)
_34831_/ZN                              3.000000    4.405243   -1.405243 (VIOLATED)
_34844_/A2                              3.000000    4.405243   -1.405243 (VIOLATED)
_34555_/ZN                              3.000000    4.388712   -1.388712 (VIOLATED)
_34560_/B1                              3.000000    4.388712   -1.388712 (VIOLATED)
_36910_/ZN                              3.000000    4.387823   -1.387823 (VIOLATED)
_36911_/A2                              3.000000    4.387823   -1.387823 (VIOLATED)
_35125_/ZN                              3.000000    4.387470   -1.387470 (VIOLATED)
_35133_/A2                              3.000000    4.387470   -1.387470 (VIOLATED)
_35204_/ZN                              3.000000    4.377539   -1.377539 (VIOLATED)
_35214_/A2                              3.000000    4.377539   -1.377539 (VIOLATED)
_35329_/ZN                              3.000000    4.372327   -1.372327 (VIOLATED)
_35334_/B1                              3.000000    4.372327   -1.372327 (VIOLATED)
_35052_/ZN                              3.000000    4.370652   -1.370653 (VIOLATED)
_35057_/B1                              3.000000    4.370652   -1.370653 (VIOLATED)
_36432_/ZN                              3.000000    4.366866   -1.366866 (VIOLATED)
_36433_/A2                              3.000000    4.366866   -1.366866 (VIOLATED)
_36180_/ZN                              3.000000    4.356030   -1.356030 (VIOLATED)
_36185_/A1                              3.000000    4.356030   -1.356030 (VIOLATED)
_37162_/ZN                              3.000000    4.352424   -1.352424 (VIOLATED)
_37167_/A1                              3.000000    4.352424   -1.352424 (VIOLATED)
_36470_/ZN                              3.000000    4.347818   -1.347818 (VIOLATED)
_36474_/A1                              3.000000    4.347818   -1.347818 (VIOLATED)
_35494_/ZN                              3.000000    4.343131   -1.343131 (VIOLATED)
_35499_/B1                              3.000000    4.343131   -1.343131 (VIOLATED)
_35270_/ZN                              3.000000    4.340150   -1.340150 (VIOLATED)
_35271_/A1                              3.000000    4.340150   -1.340150 (VIOLATED)
_36675_/ZN                              3.000000    4.336823   -1.336823 (VIOLATED)
_36680_/A1                              3.000000    4.336823   -1.336823 (VIOLATED)
_41368_/ZN                              3.000000    4.327274   -1.327274 (VIOLATED)
_41369_/A1                              3.000000    4.327274   -1.327274 (VIOLATED)
_41758_/A1                              3.000000    4.327274   -1.327274 (VIOLATED)
_42146_/A1                              3.000000    4.327274   -1.327274 (VIOLATED)
_42538_/A1                              3.000000    4.327274   -1.327274 (VIOLATED)
_42915_/A1                              3.000000    4.327274   -1.327274 (VIOLATED)
_43316_/A1                              3.000000    4.327274   -1.327274 (VIOLATED)
_43656_/A1                              3.000000    4.327274   -1.327274 (VIOLATED)
_43693_/A1                              3.000000    4.327274   -1.327274 (VIOLATED)
_36933_/ZN                              3.000000    4.319917   -1.319918 (VIOLATED)
_36934_/A1                              3.000000    4.319917   -1.319918 (VIOLATED)
_36351_/ZN                              3.000000    4.304393   -1.304394 (VIOLATED)
_36352_/A2                              3.000000    4.304393   -1.304394 (VIOLATED)
_36292_/ZN                              3.000000    4.303507   -1.303507 (VIOLATED)
_36293_/A2                              3.000000    4.303507   -1.303507 (VIOLATED)
_36578_/ZN                              3.000000    4.291010   -1.291010 (VIOLATED)
_36579_/A3                              3.000000    4.291010   -1.291010 (VIOLATED)
_34019_/ZN                              3.000000    4.273109   -1.273110 (VIOLATED)
_34051_/A1                              3.000000    4.273109   -1.273110 (VIOLATED)
_37074_/ZN                              3.000000    4.272333   -1.272333 (VIOLATED)
_37083_/A2                              3.000000    4.272333   -1.272333 (VIOLATED)
_37175_/ZN                              3.000000    4.270025   -1.270025 (VIOLATED)
_37176_/A3                              3.000000    4.270025   -1.270025 (VIOLATED)
_36333_/ZN                              3.000000    4.265128   -1.265128 (VIOLATED)
_36334_/A2                              3.000000    4.265128   -1.265128 (VIOLATED)
_36731_/ZN                              3.000000    4.255822   -1.255822 (VIOLATED)
_36741_/A1                              3.000000    4.255822   -1.255822 (VIOLATED)
_36711_/ZN                              3.000000    4.239205   -1.239205 (VIOLATED)
_36712_/B                               3.000000    4.239205   -1.239205 (VIOLATED)
_36484_/ZN                              3.000000    4.238375   -1.238375 (VIOLATED)
_36485_/B                               3.000000    4.238375   -1.238375 (VIOLATED)
_38022_/ZN                              3.000000    4.226036   -1.226036 (VIOLATED)
_38023_/B                               3.000000    4.226036   -1.226036 (VIOLATED)
_36954_/ZN                              3.000000    4.202851   -1.202851 (VIOLATED)
_36959_/B1                              3.000000    4.202851   -1.202851 (VIOLATED)
_38024_/ZN                              3.000000    4.201209   -1.201209 (VIOLATED)
_38025_/B                               3.000000    4.201209   -1.201209 (VIOLATED)
_36195_/ZN                              3.000000    4.195140   -1.195140 (VIOLATED)
_36196_/B                               3.000000    4.195140   -1.195140 (VIOLATED)
_36968_/ZN                              3.000000    4.192924   -1.192924 (VIOLATED)
_36969_/A3                              3.000000    4.192924   -1.192924 (VIOLATED)
_36385_/ZN                              3.000000    4.183197   -1.183198 (VIOLATED)
_36386_/B                               3.000000    4.183197   -1.183198 (VIOLATED)
_36658_/ZN                              3.000000    4.172868   -1.172868 (VIOLATED)
_36659_/A3                              3.000000    4.172868   -1.172868 (VIOLATED)
_37120_/ZN                              3.000000    4.170054   -1.170054 (VIOLATED)
_37121_/A1                              3.000000    4.170054   -1.170054 (VIOLATED)
_37136_/ZN                              3.000000    4.167745   -1.167745 (VIOLATED)
_37137_/A1                              3.000000    4.167745   -1.167745 (VIOLATED)
_36485_/ZN                              3.000000    4.162055   -1.162055 (VIOLATED)
_36495_/A1                              3.000000    4.162055   -1.162055 (VIOLATED)
_38094_/ZN                              3.000000    4.159495   -1.159496 (VIOLATED)
_38095_/I                               3.000000    4.159495   -1.159496 (VIOLATED)
_39871_/A1                              3.000000    4.159495   -1.159496 (VIOLATED)
_40063_/A1                              3.000000    4.159495   -1.159496 (VIOLATED)
_40251_/A1                              3.000000    4.159495   -1.159496 (VIOLATED)
_40436_/A1                              3.000000    4.159495   -1.159496 (VIOLATED)
_40630_/A1                              3.000000    4.159495   -1.159496 (VIOLATED)
_40822_/A1                              3.000000    4.159495   -1.159496 (VIOLATED)
_41046_/A1                              3.000000    4.159495   -1.159496 (VIOLATED)
_41051_/A1                              3.000000    4.159495   -1.159496 (VIOLATED)
_36321_/ZN                              3.000000    4.153043   -1.153044 (VIOLATED)
_36326_/A1                              3.000000    4.153043   -1.153044 (VIOLATED)
_36775_/ZN                              3.000000    4.150975   -1.150975 (VIOLATED)
_36776_/A3                              3.000000    4.150975   -1.150975 (VIOLATED)
_36448_/ZN                              3.000000    4.143156   -1.143156 (VIOLATED)
_36453_/A1                              3.000000    4.143156   -1.143156 (VIOLATED)
_36792_/ZN                              3.000000    4.142935   -1.142935 (VIOLATED)
_36797_/B1                              3.000000    4.142935   -1.142935 (VIOLATED)
_35789_/ZN                              3.000000    4.142388   -1.142388 (VIOLATED)
_35792_/A1                              3.000000    4.142388   -1.142388 (VIOLATED)
_36423_/ZN                              3.000000    4.139481   -1.139481 (VIOLATED)
_36424_/B                               3.000000    4.139481   -1.139481 (VIOLATED)
_36877_/ZN                              3.000000    4.131940   -1.131940 (VIOLATED)
_36882_/B1                              3.000000    4.131940   -1.131940 (VIOLATED)
_36685_/ZN                              3.000000    4.130502   -1.130502 (VIOLATED)
_36690_/A1                              3.000000    4.130502   -1.130502 (VIOLATED)
_36764_/ZN                              3.000000    4.126995   -1.126995 (VIOLATED)
_36768_/A1                              3.000000    4.126995   -1.126995 (VIOLATED)
_36443_/ZN                              3.000000    4.123106   -1.123106 (VIOLATED)
_36444_/B                               3.000000    4.123106   -1.123106 (VIOLATED)
_36591_/ZN                              3.000000    4.119542   -1.119542 (VIOLATED)
_36592_/B                               3.000000    4.119542   -1.119542 (VIOLATED)
_36606_/ZN                              3.000000    4.117627   -1.117627 (VIOLATED)
_36611_/A1                              3.000000    4.117627   -1.117627 (VIOLATED)
_36204_/ZN                              3.000000    4.117510   -1.117510 (VIOLATED)
_36206_/A2                              3.000000    4.117510   -1.117510 (VIOLATED)
_36390_/ZN                              3.000000    4.111819   -1.111819 (VIOLATED)
_36394_/A1                              3.000000    4.111819   -1.111819 (VIOLATED)
_36735_/ZN                              3.000000    4.106885   -1.106886 (VIOLATED)
_36740_/A1                              3.000000    4.106885   -1.106886 (VIOLATED)
_37118_/ZN                              3.000000    4.104880   -1.104881 (VIOLATED)
_37119_/A1                              3.000000    4.104880   -1.104881 (VIOLATED)
_35844_/ZN                              3.000000    4.103538   -1.103538 (VIOLATED)
_35897_/B2                              3.000000    4.103538   -1.103538 (VIOLATED)
_36919_/ZN                              3.000000    4.098061   -1.098061 (VIOLATED)
_36920_/A3                              3.000000    4.098061   -1.098061 (VIOLATED)
_36816_/ZN                              3.000000    4.095477   -1.095477 (VIOLATED)
_36817_/A2                              3.000000    4.095477   -1.095477 (VIOLATED)
_38087_/ZN                              3.000000    4.084428   -1.084428 (VIOLATED)
_38088_/I                               3.000000    4.084428   -1.084428 (VIOLATED)
_39859_/A1                              3.000000    4.084428   -1.084428 (VIOLATED)
_40058_/A1                              3.000000    4.084428   -1.084428 (VIOLATED)
_40246_/A1                              3.000000    4.084428   -1.084428 (VIOLATED)
_40431_/A1                              3.000000    4.084428   -1.084428 (VIOLATED)
_40625_/A1                              3.000000    4.084428   -1.084428 (VIOLATED)
_40812_/A1                              3.000000    4.084428   -1.084428 (VIOLATED)
_40986_/A1                              3.000000    4.084428   -1.084428 (VIOLATED)
_41040_/A1                              3.000000    4.084428   -1.084428 (VIOLATED)
_36229_/ZN                              3.000000    4.083588   -1.083588 (VIOLATED)
_36230_/B2                              3.000000    4.083588   -1.083588 (VIOLATED)
_36116_/ZN                              3.000000    4.072430   -1.072430 (VIOLATED)
_36121_/A1                              3.000000    4.072430   -1.072430 (VIOLATED)
_36399_/ZN                              3.000000    4.070077   -1.070077 (VIOLATED)
_36403_/A1                              3.000000    4.070077   -1.070077 (VIOLATED)
_36110_/ZN                              3.000000    4.066416   -1.066416 (VIOLATED)
_36112_/A2                              3.000000    4.066416   -1.066416 (VIOLATED)
_36145_/ZN                              3.000000    4.062085   -1.062085 (VIOLATED)
_36166_/A1                              3.000000    4.062085   -1.062085 (VIOLATED)
_36620_/ZN                              3.000000    4.033473   -1.033472 (VIOLATED)
_36621_/A2                              3.000000    4.033473   -1.033472 (VIOLATED)
_36411_/ZN                              3.000000    4.031740   -1.031740 (VIOLATED)
_36412_/A3                              3.000000    4.031740   -1.031740 (VIOLATED)
_39255_/ZN                              3.000000    4.024616   -1.024616 (VIOLATED)
_39256_/I                               3.000000    4.024616   -1.024616 (VIOLATED)
_39315_/I                               3.000000    4.024616   -1.024616 (VIOLATED)
_39379_/I                               3.000000    4.024616   -1.024616 (VIOLATED)
_39440_/A2                              3.000000    4.024616   -1.024616 (VIOLATED)
_39445_/A2                              3.000000    4.024616   -1.024616 (VIOLATED)
_36650_/ZN                              3.000000    3.954728   -0.954728 (VIOLATED)
_36651_/A2                              3.000000    3.954728   -0.954728 (VIOLATED)
_41260_/ZN                              3.000000    3.940822   -0.940822 (VIOLATED)
_41263_/A1                              3.000000    3.940822   -0.940822 (VIOLATED)
_41663_/A1                              3.000000    3.940822   -0.940822 (VIOLATED)
_42049_/A1                              3.000000    3.940822   -0.940822 (VIOLATED)
_42437_/A1                              3.000000    3.940822   -0.940822 (VIOLATED)
_42689_/A1                              3.000000    3.940822   -0.940822 (VIOLATED)
_42822_/A1                              3.000000    3.940822   -0.940822 (VIOLATED)
_43221_/A1                              3.000000    3.940822   -0.940822 (VIOLATED)
_43602_/A1                              3.000000    3.940822   -0.940822 (VIOLATED)
_38074_/ZN                              3.000000    3.902951   -0.902951 (VIOLATED)
_38075_/I                               3.000000    3.902951   -0.902951 (VIOLATED)
_39854_/A1                              3.000000    3.902951   -0.902951 (VIOLATED)
_40053_/A1                              3.000000    3.902951   -0.902951 (VIOLATED)
_40240_/A1                              3.000000    3.902951   -0.902951 (VIOLATED)
_40426_/A1                              3.000000    3.902951   -0.902951 (VIOLATED)
_40523_/A1                              3.000000    3.902951   -0.902951 (VIOLATED)
_40620_/A1                              3.000000    3.902951   -0.902951 (VIOLATED)
_40807_/A1                              3.000000    3.902951   -0.902951 (VIOLATED)
_41034_/A1                              3.000000    3.902951   -0.902951 (VIOLATED)
_36929_/ZN                              3.000000    3.892867   -0.892867 (VIOLATED)
_36938_/A2                              3.000000    3.892867   -0.892867 (VIOLATED)
_31923_/A1                              3.000000    3.874937   -0.874937 (VIOLATED)
_31731_/A1                              3.000000    3.874935   -0.874935 (VIOLATED)
_32685_/I                               3.000000    3.874935   -0.874935 (VIOLATED)
_47109_/A2                              3.000000    3.874935   -0.874935 (VIOLATED)
_49193_/A2                              3.000000    3.874935   -0.874935 (VIOLATED)
_49599_/B                               3.000000    3.874935   -0.874935 (VIOLATED)
_49918_/A2                              3.000000    3.874935   -0.874935 (VIOLATED)
_50166_/B                               3.000000    3.874935   -0.874935 (VIOLATED)
_50184_/A2                              3.000000    3.874935   -0.874935 (VIOLATED)
_50186_/A2                              3.000000    3.874935   -0.874935 (VIOLATED)
_50213_/A1                              3.000000    3.874934   -0.874934 (VIOLATED)
_61095_/RN                              3.000000    3.874935   -0.874935 (VIOLATED)
_61315_/RN                              3.000000    3.874935   -0.874935 (VIOLATED)
_61495_/RN                              3.000000    3.874935   -0.874935 (VIOLATED)
_61872_/SETN                            3.000000    3.874935   -0.874935 (VIOLATED)
_62034_/D                               3.000000    3.874934   -0.874934 (VIOLATED)
_60615_/Q                               3.000000    3.874921   -0.874922 (VIOLATED)
_35793_/ZN                              3.000000    3.871965   -0.871965 (VIOLATED)
_35794_/I                               3.000000    3.871965   -0.871965 (VIOLATED)
_41232_/A2                              3.000000    3.871965   -0.871965 (VIOLATED)
_36363_/ZN                              3.000000    3.870610   -0.870610 (VIOLATED)
_36373_/A1                              3.000000    3.870610   -0.870610 (VIOLATED)
_36001_/ZN                              3.000000    3.854511   -0.854512 (VIOLATED)
_36008_/A1                              3.000000    3.854511   -0.854512 (VIOLATED)
_34010_/A2                              3.000000    3.831765   -0.831765 (VIOLATED)
_34058_/A2                              3.000000    3.831765   -0.831765 (VIOLATED)
_34133_/B1                              3.000000    3.831765   -0.831765 (VIOLATED)
_34429_/B1                              3.000000    3.831765   -0.831765 (VIOLATED)
_34438_/B1                              3.000000    3.831765   -0.831765 (VIOLATED)
_34459_/B1                              3.000000    3.831765   -0.831765 (VIOLATED)
_34468_/B1                              3.000000    3.831765   -0.831765 (VIOLATED)
_34472_/B1                              3.000000    3.831765   -0.831765 (VIOLATED)
_35198_/A1                              3.000000    3.831765   -0.831765 (VIOLATED)
_35239_/A1                              3.000000    3.831765   -0.831765 (VIOLATED)
_34006_/Z                               3.000000    3.831752   -0.831752 (VIOLATED)
_35852_/A2                              3.000000    3.830119   -0.830119 (VIOLATED)
_36074_/A2                              3.000000    3.830119   -0.830119 (VIOLATED)
_36087_/A2                              3.000000    3.830119   -0.830119 (VIOLATED)
_36094_/A2                              3.000000    3.830119   -0.830119 (VIOLATED)
_36262_/A2                              3.000000    3.830119   -0.830119 (VIOLATED)
_36312_/A2                              3.000000    3.830119   -0.830119 (VIOLATED)
_36885_/A1                              3.000000    3.830119   -0.830119 (VIOLATED)
_36948_/A2                              3.000000    3.830119   -0.830119 (VIOLATED)
_37079_/A2                              3.000000    3.830119   -0.830119 (VIOLATED)
_37112_/A2                              3.000000    3.830119   -0.830119 (VIOLATED)
_35850_/Z                               3.000000    3.830106   -0.830106 (VIOLATED)
_36505_/ZN                              3.000000    3.781800   -0.781800 (VIOLATED)
_36515_/A1                              3.000000    3.781800   -0.781800 (VIOLATED)
_36551_/ZN                              3.000000    3.779700   -0.779700 (VIOLATED)
_36561_/A1                              3.000000    3.779700   -0.779700 (VIOLATED)
_48445_/ZN                              3.000000    3.770747   -0.770747 (VIOLATED)
_48446_/B                               3.000000    3.770747   -0.770747 (VIOLATED)
_36858_/ZN                              3.000000    3.769056   -0.769056 (VIOLATED)
_36859_/A2                              3.000000    3.769056   -0.769056 (VIOLATED)
_36525_/ZN                              3.000000    3.761772   -0.761772 (VIOLATED)
_36535_/A1                              3.000000    3.761772   -0.761772 (VIOLATED)
_41566_/ZN                              3.000000    3.759829   -0.759829 (VIOLATED)
_41567_/A1                              3.000000    3.759829   -0.759829 (VIOLATED)
_41717_/A1                              3.000000    3.759829   -0.759829 (VIOLATED)
_41951_/A1                              3.000000    3.759829   -0.759829 (VIOLATED)
_42347_/A1                              3.000000    3.759829   -0.759829 (VIOLATED)
_42728_/A1                              3.000000    3.759829   -0.759829 (VIOLATED)
_43130_/A1                              3.000000    3.759829   -0.759829 (VIOLATED)
_43506_/A1                              3.000000    3.759829   -0.759829 (VIOLATED)
_43962_/A1                              3.000000    3.759829   -0.759829 (VIOLATED)
_34911_/A1                              3.000000    3.758201   -0.758202 (VIOLATED)
_35148_/A2                              3.000000    3.758202   -0.758202 (VIOLATED)
_35203_/A2                              3.000000    3.758201   -0.758202 (VIOLATED)
_35244_/A2                              3.000000    3.758201   -0.758202 (VIOLATED)
_35260_/A2                              3.000000    3.758201   -0.758202 (VIOLATED)
_35298_/A2                              3.000000    3.758201   -0.758202 (VIOLATED)
_35303_/A2                              3.000000    3.758201   -0.758202 (VIOLATED)
_35362_/A1                              3.000000    3.758201   -0.758202 (VIOLATED)
_35397_/A2                              3.000000    3.758202   -0.758202 (VIOLATED)
_35482_/I                               3.000000    3.758201   -0.758202 (VIOLATED)
_34910_/Z                               3.000000    3.758189   -0.758189 (VIOLATED)
_35995_/ZN                              3.000000    3.754326   -0.754326 (VIOLATED)
_35996_/A2                              3.000000    3.754326   -0.754326 (VIOLATED)
_36077_/ZN                              3.000000    3.745837   -0.745837 (VIOLATED)
_36078_/A1                              3.000000    3.745837   -0.745837 (VIOLATED)
_35929_/ZN                              3.000000    3.745287   -0.745287 (VIOLATED)
_35930_/A3                              3.000000    3.745287   -0.745287 (VIOLATED)
_36371_/ZN                              3.000000    3.743008   -0.743008 (VIOLATED)
_36372_/A2                              3.000000    3.743008   -0.743008 (VIOLATED)
_35852_/B1                              3.000000    3.735682   -0.735682 (VIOLATED)
_36074_/B1                              3.000000    3.735682   -0.735682 (VIOLATED)
_36094_/B1                              3.000000    3.735682   -0.735682 (VIOLATED)
_36117_/B1                              3.000000    3.735682   -0.735682 (VIOLATED)
_36312_/B1                              3.000000    3.735682   -0.735682 (VIOLATED)
_36791_/B2                              3.000000    3.735682   -0.735682 (VIOLATED)
_36918_/A1                              3.000000    3.735682   -0.735682 (VIOLATED)
_37020_/A1                              3.000000    3.735682   -0.735682 (VIOLATED)
_37079_/B1                              3.000000    3.735682   -0.735682 (VIOLATED)
_37112_/B1                              3.000000    3.735682   -0.735682 (VIOLATED)
_35851_/Z                               3.000000    3.735669   -0.735669 (VIOLATED)
_36642_/ZN                              3.000000    3.735235   -0.735235 (VIOLATED)
_36643_/A2                              3.000000    3.735235   -0.735235 (VIOLATED)
_35818_/A1                              3.000000    3.714087   -0.714087 (VIOLATED)
_35866_/B1                              3.000000    3.714087   -0.714087 (VIOLATED)
_35885_/A1                              3.000000    3.714087   -0.714087 (VIOLATED)
_36043_/A1                              3.000000    3.714087   -0.714087 (VIOLATED)
_36172_/B1                              3.000000    3.714087   -0.714087 (VIOLATED)
_36192_/B1                              3.000000    3.714087   -0.714087 (VIOLATED)
_36916_/A1                              3.000000    3.714087   -0.714087 (VIOLATED)
_37003_/A1                              3.000000    3.714087   -0.714087 (VIOLATED)
_37047_/A1                              3.000000    3.714087   -0.714087 (VIOLATED)
_37133_/A1                              3.000000    3.714087   -0.714087 (VIOLATED)
_35817_/Z                               3.000000    3.714074   -0.714074 (VIOLATED)
_36697_/ZN                              3.000000    3.704711   -0.704711 (VIOLATED)
_36698_/A2                              3.000000    3.704711   -0.704711 (VIOLATED)
_34770_/ZN                              3.000000    3.701372   -0.701372 (VIOLATED)
_34780_/A1                              3.000000    3.701372   -0.701372 (VIOLATED)
_35877_/ZN                              3.000000    3.697826   -0.697826 (VIOLATED)
_35883_/A1                              3.000000    3.697826   -0.697826 (VIOLATED)
_47274_/B1                              3.000000    3.685985   -0.685985 (VIOLATED)
_47333_/B1                              3.000000    3.685985   -0.685985 (VIOLATED)
_47455_/B1                              3.000000    3.685985   -0.685985 (VIOLATED)
_47589_/A1                              3.000000    3.685985   -0.685985 (VIOLATED)
_47790_/A1                              3.000000    3.685985   -0.685985 (VIOLATED)
_33899_/A2                              3.000000    3.685984   -0.685984 (VIOLATED)
_47212_/B1                              3.000000    3.685984   -0.685984 (VIOLATED)
_47394_/B1                              3.000000    3.685984   -0.685984 (VIOLATED)
_47533_/B1                              3.000000    3.685984   -0.685984 (VIOLATED)
_47660_/A1                              3.000000    3.685984   -0.685984 (VIOLATED)
_33898_/Z                               3.000000    3.685971   -0.685971 (VIOLATED)
_36871_/ZN                              3.000000    3.684111   -0.684111 (VIOLATED)
_36872_/B                               3.000000    3.684111   -0.684111 (VIOLATED)
_35405_/ZN                              3.000000    3.677262   -0.677262 (VIOLATED)
_35414_/A2                              3.000000    3.677262   -0.677262 (VIOLATED)
_36093_/ZN                              3.000000    3.662601   -0.662601 (VIOLATED)
_36099_/B1                              3.000000    3.662601   -0.662601 (VIOLATED)
_34894_/ZN                              3.000000    3.658037   -0.658038 (VIOLATED)
_34916_/A1                              3.000000    3.658037   -0.658038 (VIOLATED)
_36263_/ZN                              3.000000    3.655279   -0.655279 (VIOLATED)
_36274_/A2                              3.000000    3.655279   -0.655279 (VIOLATED)
_40596_/ZN                              3.000000    3.653461   -0.653461 (VIOLATED)
_40597_/I                               3.000000    3.653461   -0.653461 (VIOLATED)
_40655_/I                               3.000000    3.653461   -0.653461 (VIOLATED)
_40714_/I                               3.000000    3.653461   -0.653461 (VIOLATED)
_40773_/A2                              3.000000    3.653461   -0.653461 (VIOLATED)
_40779_/A2                              3.000000    3.653461   -0.653461 (VIOLATED)
_36949_/ZN                              3.000000    3.647311   -0.647311 (VIOLATED)
_36959_/A2                              3.000000    3.647311   -0.647311 (VIOLATED)
_37035_/ZN                              3.000000    3.646604   -0.646604 (VIOLATED)
_37045_/A2                              3.000000    3.646604   -0.646604 (VIOLATED)
_36047_/ZN                              3.000000    3.634223   -0.634223 (VIOLATED)
_36057_/B1                              3.000000    3.634223   -0.634223 (VIOLATED)
_35865_/ZN                              3.000000    3.613642   -0.613643 (VIOLATED)
_35871_/A1                              3.000000    3.613642   -0.613643 (VIOLATED)
_36248_/ZN                              3.000000    3.612903   -0.612903 (VIOLATED)
_36254_/B1                              3.000000    3.612903   -0.612903 (VIOLATED)
_28739_/A2                              3.000000    3.612646   -0.612646 (VIOLATED)
_47173_/B2                              3.000000    3.612646   -0.612646 (VIOLATED)
_48318_/A1                              3.000000    3.612646   -0.612646 (VIOLATED)
_56104_/A1                              3.000000    3.612646   -0.612646 (VIOLATED)
_29102_/I                               3.000000    3.612646   -0.612646 (VIOLATED)
_32438_/I                               3.000000    3.612646   -0.612646 (VIOLATED)
_35562_/A3                              3.000000    3.612646   -0.612646 (VIOLATED)
_56566_/A1                              3.000000    3.612646   -0.612646 (VIOLATED)
_56632_/A1                              3.000000    3.612646   -0.612646 (VIOLATED)
_28732_/Z                               3.000000    3.612633   -0.612634 (VIOLATED)
_36088_/ZN                              3.000000    3.611467   -0.611467 (VIOLATED)
_36099_/A2                              3.000000    3.611467   -0.611467 (VIOLATED)
_35838_/A1                              3.000000    3.609839   -0.609839 (VIOLATED)
_35846_/A1                              3.000000    3.609839   -0.609839 (VIOLATED)
_35910_/B1                              3.000000    3.609839   -0.609839 (VIOLATED)
_36114_/A1                              3.000000    3.609839   -0.609839 (VIOLATED)
_36189_/A1                              3.000000    3.609839   -0.609839 (VIOLATED)
_36408_/A1                              3.000000    3.609839   -0.609839 (VIOLATED)
_36481_/A1                              3.000000    3.609839   -0.609839 (VIOLATED)
_36502_/B2                              3.000000    3.609839   -0.609839 (VIOLATED)
_36507_/B2                              3.000000    3.609839   -0.609839 (VIOLATED)
_36727_/A1                              3.000000    3.609839   -0.609839 (VIOLATED)
_35836_/Z                               3.000000    3.609827   -0.609827 (VIOLATED)
_36891_/ZN                              3.000000    3.603170   -0.603170 (VIOLATED)
_36901_/A2                              3.000000    3.603170   -0.603170 (VIOLATED)
_36896_/ZN                              3.000000    3.599036   -0.599036 (VIOLATED)
_36901_/B1                              3.000000    3.599036   -0.599036 (VIOLATED)
_36787_/ZN                              3.000000    3.576902   -0.576902 (VIOLATED)
_36797_/A2                              3.000000    3.576902   -0.576902 (VIOLATED)
_35747_/ZN                              3.000000    3.567259   -0.567259 (VIOLATED)
_35748_/I                               3.000000    3.567259   -0.567259 (VIOLATED)
_35790_/I                               3.000000    3.567259   -0.567259 (VIOLATED)
_35966_/I                               3.000000    3.567259   -0.567259 (VIOLATED)
_36111_/I                               3.000000    3.567259   -0.567259 (VIOLATED)
_36205_/I                               3.000000    3.567259   -0.567259 (VIOLATED)
_41236_/A2                              3.000000    3.567259   -0.567259 (VIOLATED)
_41253_/A2                              3.000000    3.567259   -0.567259 (VIOLATED)
_41255_/A2                              3.000000    3.567259   -0.567259 (VIOLATED)
_41295_/A2                              3.000000    3.567259   -0.567259 (VIOLATED)
_29117_/A1                              3.000000    3.563740   -0.563740 (VIOLATED)
_37397_/A1                              3.000000    3.563740   -0.563740 (VIOLATED)
_37588_/A1                              3.000000    3.563740   -0.563740 (VIOLATED)
_37731_/A1                              3.000000    3.563740   -0.563740 (VIOLATED)
_37875_/A1                              3.000000    3.563740   -0.563740 (VIOLATED)
_47179_/A1                              3.000000    3.563740   -0.563740 (VIOLATED)
_55901_/A1                              3.000000    3.563740   -0.563740 (VIOLATED)
_55969_/A1                              3.000000    3.563740   -0.563740 (VIOLATED)
_56038_/A1                              3.000000    3.563740   -0.563740 (VIOLATED)
_56106_/A1                              3.000000    3.563740   -0.563740 (VIOLATED)
_29110_/Z                               3.000000    3.563728   -0.563728 (VIOLATED)
_47269_/B1                              3.000000    3.563391   -0.563391 (VIOLATED)
_47328_/B1                              3.000000    3.563391   -0.563391 (VIOLATED)
_47448_/B2                              3.000000    3.563391   -0.563391 (VIOLATED)
_47526_/B1                              3.000000    3.563391   -0.563391 (VIOLATED)
_47655_/A1                              3.000000    3.563391   -0.563391 (VIOLATED)
_33890_/A2                              3.000000    3.563390   -0.563390 (VIOLATED)
_47205_/B1                              3.000000    3.563390   -0.563390 (VIOLATED)
_47389_/B1                              3.000000    3.563390   -0.563390 (VIOLATED)
_47584_/A1                              3.000000    3.563390   -0.563390 (VIOLATED)
_47785_/A1                              3.000000    3.563390   -0.563390 (VIOLATED)
_33889_/Z                               3.000000    3.563377   -0.563377 (VIOLATED)
_47276_/B2                              3.000000    3.556795   -0.556795 (VIOLATED)
_47337_/B2                              3.000000    3.556795   -0.556795 (VIOLATED)
_47458_/B1                              3.000000    3.556795   -0.556795 (VIOLATED)
_47591_/A1                              3.000000    3.556795   -0.556795 (VIOLATED)
_47792_/A1                              3.000000    3.556795   -0.556795 (VIOLATED)
_33902_/A2                              3.000000    3.556794   -0.556794 (VIOLATED)
_47214_/B1                              3.000000    3.556794   -0.556794 (VIOLATED)
_47397_/A1                              3.000000    3.556794   -0.556794 (VIOLATED)
_47535_/B2                              3.000000    3.556794   -0.556794 (VIOLATED)
_47662_/A1                              3.000000    3.556794   -0.556794 (VIOLATED)
_33901_/Z                               3.000000    3.556781   -0.556781 (VIOLATED)
_35830_/B1                              3.000000    3.536363   -0.536363 (VIOLATED)
_35845_/B1                              3.000000    3.536363   -0.536363 (VIOLATED)
_35866_/A2                              3.000000    3.536363   -0.536363 (VIOLATED)
_36113_/B1                              3.000000    3.536363   -0.536363 (VIOLATED)
_36192_/A2                              3.000000    3.536363   -0.536363 (VIOLATED)
_36239_/A1                              3.000000    3.536363   -0.536363 (VIOLATED)
_36289_/B1                              3.000000    3.536363   -0.536363 (VIOLATED)
_36883_/A2                              3.000000    3.536363   -0.536363 (VIOLATED)
_36974_/B1                              3.000000    3.536363   -0.536363 (VIOLATED)
_37134_/A1                              3.000000    3.536363   -0.536363 (VIOLATED)
_35829_/Z                               3.000000    3.536351   -0.536351 (VIOLATED)
_36358_/ZN                              3.000000    3.529691   -0.529691 (VIOLATED)
_36363_/A1                              3.000000    3.529691   -0.529691 (VIOLATED)
_35814_/I                               3.000000    3.511163   -0.511163 (VIOLATED)
_35822_/I                               3.000000    3.511163   -0.511163 (VIOLATED)
_35837_/I                               3.000000    3.511163   -0.511163 (VIOLATED)
_35862_/A1                              3.000000    3.511163   -0.511163 (VIOLATED)
_36030_/I                               3.000000    3.511163   -0.511163 (VIOLATED)
_36090_/A1                              3.000000    3.511163   -0.511163 (VIOLATED)
_36266_/A1                              3.000000    3.511163   -0.511163 (VIOLATED)
_36888_/A1                              3.000000    3.511163   -0.511163 (VIOLATED)
_36893_/A1                              3.000000    3.511163   -0.511163 (VIOLATED)
_36951_/A1                              3.000000    3.511163   -0.511163 (VIOLATED)
_35813_/Z                               3.000000    3.511151   -0.511151 (VIOLATED)
_34837_/A2                              3.000000    3.503207   -0.503207 (VIOLATED)
_34854_/A1                              3.000000    3.503207   -0.503207 (VIOLATED)
_34884_/A2                              3.000000    3.503207   -0.503207 (VIOLATED)
_34983_/A2                              3.000000    3.503207   -0.503207 (VIOLATED)
_34988_/A2                              3.000000    3.503207   -0.503207 (VIOLATED)
_35167_/A2                              3.000000    3.503207   -0.503207 (VIOLATED)
_35323_/A2                              3.000000    3.503207   -0.503207 (VIOLATED)
_35426_/A1                              3.000000    3.503207   -0.503207 (VIOLATED)
_35441_/A1                              3.000000    3.503207   -0.503207 (VIOLATED)
_35449_/A1                              3.000000    3.503207   -0.503207 (VIOLATED)
_34832_/Z                               3.000000    3.503195   -0.503195 (VIOLATED)
_34293_/A1                              3.000000    3.485890   -0.485890 (VIOLATED)
_34305_/A1                              3.000000    3.485890   -0.485890 (VIOLATED)
_34901_/A1                              3.000000    3.485890   -0.485890 (VIOLATED)
_34906_/A1                              3.000000    3.485890   -0.485890 (VIOLATED)
_35023_/B1                              3.000000    3.485890   -0.485890 (VIOLATED)
_35263_/B1                              3.000000    3.485890   -0.485890 (VIOLATED)
_35429_/A1                              3.000000    3.485890   -0.485890 (VIOLATED)
_35459_/A1                              3.000000    3.485890   -0.485890 (VIOLATED)
_35465_/A1                              3.000000    3.485890   -0.485890 (VIOLATED)
_35486_/A1                              3.000000    3.485890   -0.485890 (VIOLATED)
_34292_/Z                               3.000000    3.485878   -0.485878 (VIOLATED)
_34256_/B1                              3.000000    3.474164   -0.474164 (VIOLATED)
_34263_/B1                              3.000000    3.474164   -0.474164 (VIOLATED)
_34912_/A1                              3.000000    3.474164   -0.474164 (VIOLATED)
_34964_/B1                              3.000000    3.474164   -0.474164 (VIOLATED)
_35135_/B1                              3.000000    3.474164   -0.474164 (VIOLATED)
_35265_/B1                              3.000000    3.474163   -0.474163 (VIOLATED)
_35279_/B1                              3.000000    3.474164   -0.474164 (VIOLATED)
_35284_/B1                              3.000000    3.474164   -0.474164 (VIOLATED)
_35345_/B1                              3.000000    3.474164   -0.474164 (VIOLATED)
_35439_/A2                              3.000000    3.474164   -0.474164 (VIOLATED)
_34255_/Z                               3.000000    3.474152   -0.474152 (VIOLATED)
_35871_/ZN                              3.000000    3.473577   -0.473577 (VIOLATED)
_35896_/A2                              3.000000    3.473577   -0.473577 (VIOLATED)
_35910_/A2                              3.000000    3.468400   -0.468401 (VIOLATED)
_36010_/B1                              3.000000    3.468400   -0.468401 (VIOLATED)
_36036_/A1                              3.000000    3.468400   -0.468401 (VIOLATED)
_36298_/A1                              3.000000    3.468400   -0.468401 (VIOLATED)
_36349_/B1                              3.000000    3.468400   -0.468401 (VIOLATED)
_36364_/A2                              3.000000    3.468400   -0.468401 (VIOLATED)
_36467_/B1                              3.000000    3.468400   -0.468401 (VIOLATED)
_36713_/B1                              3.000000    3.468400   -0.468401 (VIOLATED)
_36809_/B1                              3.000000    3.468400   -0.468401 (VIOLATED)
_37087_/B2                              3.000000    3.468400   -0.468401 (VIOLATED)
_35909_/Z                               3.000000    3.468389   -0.468389 (VIOLATED)
_33685_/ZN                              3.000000    3.467758   -0.467758 (VIOLATED)
_33691_/A1                              3.000000    3.467758   -0.467758 (VIOLATED)
_35805_/I                               3.000000    3.467758   -0.467758 (VIOLATED)
_35916_/I                               3.000000    3.467758   -0.467758 (VIOLATED)
_36100_/A2                              3.000000    3.467758   -0.467758 (VIOLATED)
_36186_/A2                              3.000000    3.467758   -0.467758 (VIOLATED)
_36317_/A3                              3.000000    3.467758   -0.467758 (VIOLATED)
_36902_/A2                              3.000000    3.467758   -0.467758 (VIOLATED)
_37148_/A3                              3.000000    3.467758   -0.467758 (VIOLATED)
_37167_/A2                              3.000000    3.467758   -0.467758 (VIOLATED)
_47278_/B1                              3.000000    3.455477   -0.455477 (VIOLATED)
_47339_/B1                              3.000000    3.455477   -0.455477 (VIOLATED)
_47593_/A1                              3.000000    3.455477   -0.455477 (VIOLATED)
_47794_/A1                              3.000000    3.455477   -0.455477 (VIOLATED)
_33905_/A2                              3.000000    3.455476   -0.455476 (VIOLATED)
_47220_/B2                              3.000000    3.455476   -0.455476 (VIOLATED)
_47399_/B1                              3.000000    3.455476   -0.455476 (VIOLATED)
_47460_/B2                              3.000000    3.455476   -0.455476 (VIOLATED)
_47541_/B1                              3.000000    3.455476   -0.455476 (VIOLATED)
_47664_/A1                              3.000000    3.455476   -0.455476 (VIOLATED)
_33904_/Z                               3.000000    3.455464   -0.455464 (VIOLATED)
_36776_/ZN                              3.000000    3.446925   -0.446925 (VIOLATED)
_36777_/A2                              3.000000    3.446925   -0.446925 (VIOLATED)
_47257_/B1                              3.000000    3.436846   -0.436846 (VIOLATED)
_47316_/B1                              3.000000    3.436846   -0.436846 (VIOLATED)
_47438_/B1                              3.000000    3.436846   -0.436846 (VIOLATED)
_47646_/A1                              3.000000    3.436846   -0.436846 (VIOLATED)
_33875_/A2                              3.000000    3.436845   -0.436845 (VIOLATED)
_47118_/A1                              3.000000    3.436845   -0.436845 (VIOLATED)
_47190_/B1                              3.000000    3.436845   -0.436845 (VIOLATED)
_47379_/B1                              3.000000    3.436845   -0.436845 (VIOLATED)
_47575_/A1                              3.000000    3.436845   -0.436845 (VIOLATED)
_47776_/A1                              3.000000    3.436845   -0.436845 (VIOLATED)
_33874_/Z                               3.000000    3.436833   -0.436833 (VIOLATED)
_34887_/A1                              3.000000    3.431751   -0.431751 (VIOLATED)
_34974_/A1                              3.000000    3.431751   -0.431751 (VIOLATED)
_34985_/A1                              3.000000    3.431751   -0.431751 (VIOLATED)
_35095_/A1                              3.000000    3.431751   -0.431751 (VIOLATED)
_35103_/A1                              3.000000    3.431751   -0.431751 (VIOLATED)
_35149_/A1                              3.000000    3.431751   -0.431751 (VIOLATED)
_35189_/A1                              3.000000    3.431751   -0.431752 (VIOLATED)
_35299_/A1                              3.000000    3.431751   -0.431751 (VIOLATED)
_35358_/A1                              3.000000    3.431751   -0.431751 (VIOLATED)
_35391_/A1                              3.000000    3.431751   -0.431752 (VIOLATED)
_34886_/Z                               3.000000    3.431739   -0.431740 (VIOLATED)
_36219_/ZN                              3.000000    3.431614   -0.431614 (VIOLATED)
_36220_/B                               3.000000    3.431614   -0.431614 (VIOLATED)
_34452_/B1                              3.000000    3.427473   -0.427473 (VIOLATED)
_34493_/B1                              3.000000    3.427473   -0.427473 (VIOLATED)
_34941_/A1                              3.000000    3.427473   -0.427473 (VIOLATED)
_34966_/A1                              3.000000    3.427473   -0.427473 (VIOLATED)
_35094_/A1                              3.000000    3.427472   -0.427473 (VIOLATED)
_35110_/A1                              3.000000    3.427472   -0.427473 (VIOLATED)
_35280_/A1                              3.000000    3.427473   -0.427473 (VIOLATED)
_35286_/A1                              3.000000    3.427473   -0.427473 (VIOLATED)
_35372_/A1                              3.000000    3.427473   -0.427473 (VIOLATED)
_35388_/A1                              3.000000    3.427473   -0.427473 (VIOLATED)
_34451_/Z                               3.000000    3.427461   -0.427461 (VIOLATED)
_34126_/B                               3.000000    3.423476   -0.423476 (VIOLATED)
_34275_/A3                              3.000000    3.423476   -0.423476 (VIOLATED)
_34295_/A3                              3.000000    3.423476   -0.423476 (VIOLATED)
_34914_/A2                              3.000000    3.423476   -0.423476 (VIOLATED)
_35016_/A1                              3.000000    3.423476   -0.423476 (VIOLATED)
_35174_/A1                              3.000000    3.423476   -0.423476 (VIOLATED)
_35413_/A2                              3.000000    3.423476   -0.423476 (VIOLATED)
_35432_/A3                              3.000000    3.423476   -0.423476 (VIOLATED)
_35443_/A3                              3.000000    3.423476   -0.423476 (VIOLATED)
_35471_/A2                              3.000000    3.423476   -0.423476 (VIOLATED)
_34125_/Z                               3.000000    3.423465   -0.423465 (VIOLATED)
_34273_/A1                              3.000000    3.423249   -0.423249 (VIOLATED)
_34992_/A1                              3.000000    3.423249   -0.423249 (VIOLATED)
_35068_/B1                              3.000000    3.423249   -0.423249 (VIOLATED)
_35275_/B1                              3.000000    3.423249   -0.423249 (VIOLATED)
_35307_/A1                              3.000000    3.423249   -0.423249 (VIOLATED)
_35456_/A1                              3.000000    3.423249   -0.423249 (VIOLATED)
_35460_/A1                              3.000000    3.423249   -0.423249 (VIOLATED)
_35464_/A1                              3.000000    3.423249   -0.423249 (VIOLATED)
_35477_/I                               3.000000    3.423249   -0.423249 (VIOLATED)
_35485_/A1                              3.000000    3.423249   -0.423249 (VIOLATED)
_34271_/Z                               3.000000    3.423237   -0.423237 (VIOLATED)
_34256_/A2                              3.000000    3.422933   -0.422933 (VIOLATED)
_34934_/A1                              3.000000    3.422933   -0.422933 (VIOLATED)
_34954_/A2                              3.000000    3.422933   -0.422933 (VIOLATED)
_34978_/A2                              3.000000    3.422933   -0.422933 (VIOLATED)
_34994_/A1                              3.000000    3.422933   -0.422933 (VIOLATED)
_35010_/A2                              3.000000    3.422933   -0.422933 (VIOLATED)
_35135_/A2                              3.000000    3.422933   -0.422933 (VIOLATED)
_35279_/A2                              3.000000    3.422933   -0.422933 (VIOLATED)
_35308_/A1                              3.000000    3.422933   -0.422933 (VIOLATED)
_35437_/A1                              3.000000    3.422933   -0.422933 (VIOLATED)
_34254_/Z                               3.000000    3.422921   -0.422921 (VIOLATED)
_37138_/ZN                              3.000000    3.410976   -0.410976 (VIOLATED)
_37139_/A1                              3.000000    3.410976   -0.410976 (VIOLATED)
_36833_/ZN                              3.000000    3.408870   -0.408871 (VIOLATED)
_36837_/A1                              3.000000    3.408870   -0.408871 (VIOLATED)
_35788_/A1                              3.000000    3.406452   -0.406452 (VIOLATED)
_35911_/A1                              3.000000    3.406452   -0.406452 (VIOLATED)
_35928_/B1                              3.000000    3.406452   -0.406452 (VIOLATED)
_36319_/A1                              3.000000    3.406452   -0.406452 (VIOLATED)
_36361_/A1                              3.000000    3.406452   -0.406452 (VIOLATED)
_36383_/A1                              3.000000    3.406452   -0.406452 (VIOLATED)
_36479_/A1                              3.000000    3.406452   -0.406452 (VIOLATED)
_36530_/B1                              3.000000    3.406452   -0.406452 (VIOLATED)
_36781_/B1                              3.000000    3.406452   -0.406452 (VIOLATED)
_36802_/A1                              3.000000    3.406452   -0.406452 (VIOLATED)
_35787_/Z                               3.000000    3.406440   -0.406440 (VIOLATED)
_34259_/A1                              3.000000    3.395881   -0.395881 (VIOLATED)
_34304_/A1                              3.000000    3.395881   -0.395881 (VIOLATED)
_34878_/A1                              3.000000    3.395881   -0.395881 (VIOLATED)
_34955_/A1                              3.000000    3.395881   -0.395881 (VIOLATED)
_35028_/B1                              3.000000    3.395881   -0.395881 (VIOLATED)
_35131_/A1                              3.000000    3.395881   -0.395881 (VIOLATED)
_35229_/A1                              3.000000    3.395881   -0.395881 (VIOLATED)
_35251_/A1                              3.000000    3.395881   -0.395881 (VIOLATED)
_35266_/A1                              3.000000    3.395881   -0.395881 (VIOLATED)
_35421_/A1                              3.000000    3.395881   -0.395881 (VIOLATED)
_34258_/Z                               3.000000    3.395869   -0.395869 (VIOLATED)
_34000_/A2                              3.000000    3.395527   -0.395527 (VIOLATED)
_34016_/A1                              3.000000    3.395527   -0.395527 (VIOLATED)
_34094_/A1                              3.000000    3.395527   -0.395527 (VIOLATED)
_34131_/A2                              3.000000    3.395527   -0.395527 (VIOLATED)
_34168_/A1                              3.000000    3.395527   -0.395527 (VIOLATED)
_34846_/A1                              3.000000    3.395527   -0.395527 (VIOLATED)
_35013_/A2                              3.000000    3.395527   -0.395527 (VIOLATED)
_35029_/A1                              3.000000    3.395527   -0.395527 (VIOLATED)
_35197_/A1                              3.000000    3.395527   -0.395527 (VIOLATED)
_35238_/A1                              3.000000    3.395527   -0.395527 (VIOLATED)
_33997_/Z                               3.000000    3.395516   -0.395516 (VIOLATED)
_34166_/B1                              3.000000    3.390960   -0.390960 (VIOLATED)
_34849_/A1                              3.000000    3.390960   -0.390960 (VIOLATED)
_34885_/A1                              3.000000    3.390960   -0.390960 (VIOLATED)
_34981_/A1                              3.000000    3.390960   -0.390960 (VIOLATED)
_34984_/A1                              3.000000    3.390960   -0.390960 (VIOLATED)
_35054_/A1                              3.000000    3.390960   -0.390960 (VIOLATED)
_35137_/A1                              3.000000    3.390960   -0.390960 (VIOLATED)
_35146_/A1                              3.000000    3.390960   -0.390960 (VIOLATED)
_35227_/A1                              3.000000    3.390960   -0.390960 (VIOLATED)
_35331_/A1                              3.000000    3.390960   -0.390960 (VIOLATED)
_34165_/Z                               3.000000    3.390948   -0.390948 (VIOLATED)
_34090_/B1                              3.000000    3.389817   -0.389817 (VIOLATED)
_34876_/A1                              3.000000    3.389817   -0.389817 (VIOLATED)
_34890_/A1                              3.000000    3.389817   -0.389817 (VIOLATED)
_34990_/A1                              3.000000    3.389817   -0.389817 (VIOLATED)
_35014_/B1                              3.000000    3.389817   -0.389817 (VIOLATED)
_35141_/A1                              3.000000    3.389817   -0.389817 (VIOLATED)
_35211_/A1                              3.000000    3.389817   -0.389817 (VIOLATED)
_35296_/A1                              3.000000    3.389817   -0.389817 (VIOLATED)
_35398_/A1                              3.000000    3.389817   -0.389817 (VIOLATED)
_35436_/A1                              3.000000    3.389817   -0.389817 (VIOLATED)
_34089_/Z                               3.000000    3.389805   -0.389805 (VIOLATED)
_47280_/B2                              3.000000    3.382127   -0.382127 (VIOLATED)
_47595_/A1                              3.000000    3.382127   -0.382127 (VIOLATED)
_47796_/A1                              3.000000    3.382127   -0.382127 (VIOLATED)
_33909_/A2                              3.000000    3.382126   -0.382126 (VIOLATED)
_47224_/B1                              3.000000    3.382126   -0.382126 (VIOLATED)
_47341_/B1                              3.000000    3.382127   -0.382127 (VIOLATED)
_47401_/B2                              3.000000    3.382127   -0.382127 (VIOLATED)
_47464_/B1                              3.000000    3.382127   -0.382127 (VIOLATED)
_47546_/B1                              3.000000    3.382127   -0.382127 (VIOLATED)
_47666_/A1                              3.000000    3.382127   -0.382127 (VIOLATED)
_33908_/Z                               3.000000    3.382114   -0.382114 (VIOLATED)
_36040_/ZN                              3.000000    3.379978   -0.379978 (VIOLATED)
_36041_/B                               3.000000    3.379978   -0.379978 (VIOLATED)
_36242_/ZN                              3.000000    3.378375   -0.378375 (VIOLATED)
_36243_/B                               3.000000    3.378375   -0.378375 (VIOLATED)
_36004_/A1                              3.000000    3.368645   -0.368645 (VIOLATED)
_36158_/A1                              3.000000    3.368645   -0.368645 (VIOLATED)
_36339_/A1                              3.000000    3.368645   -0.368645 (VIOLATED)
_36459_/A1                              3.000000    3.368645   -0.368645 (VIOLATED)
_36566_/A1                              3.000000    3.368645   -0.368645 (VIOLATED)
_36575_/A1                              3.000000    3.368645   -0.368645 (VIOLATED)
_36657_/A1                              3.000000    3.368645   -0.368645 (VIOLATED)
_36718_/A1                              3.000000    3.368645   -0.368645 (VIOLATED)
_36734_/A1                              3.000000    3.368645   -0.368645 (VIOLATED)
_36815_/A1                              3.000000    3.368645   -0.368645 (VIOLATED)
_36002_/Z                               3.000000    3.368634   -0.368634 (VIOLATED)
_47344_/B1                              3.000000    3.358022   -0.358023 (VIOLATED)
_47597_/A1                              3.000000    3.358022   -0.358023 (VIOLATED)
_47798_/A1                              3.000000    3.358022   -0.358023 (VIOLATED)
_33912_/A2                              3.000000    3.358021   -0.358021 (VIOLATED)
_47228_/B1                              3.000000    3.358021   -0.358021 (VIOLATED)
_47283_/B1                              3.000000    3.358021   -0.358021 (VIOLATED)
_47404_/B1                              3.000000    3.358021   -0.358021 (VIOLATED)
_47468_/B1                              3.000000    3.358021   -0.358021 (VIOLATED)
_47550_/B1                              3.000000    3.358021   -0.358021 (VIOLATED)
_47668_/A1                              3.000000    3.358021   -0.358021 (VIOLATED)
_33911_/Z                               3.000000    3.358009   -0.358009 (VIOLATED)
_34840_/B1                              3.000000    3.356805   -0.356805 (VIOLATED)
_34889_/A2                              3.000000    3.356805   -0.356805 (VIOLATED)
_34960_/B1                              3.000000    3.356805   -0.356805 (VIOLATED)
_35059_/B1                              3.000000    3.356805   -0.356805 (VIOLATED)
_35072_/B1                              3.000000    3.356805   -0.356805 (VIOLATED)
_35099_/B1                              3.000000    3.356805   -0.356805 (VIOLATED)
_35180_/B1                              3.000000    3.356805   -0.356805 (VIOLATED)
_35185_/B1                              3.000000    3.356805   -0.356805 (VIOLATED)
_35210_/A2                              3.000000    3.356805   -0.356805 (VIOLATED)
_35366_/B1                              3.000000    3.356805   -0.356805 (VIOLATED)
_34839_/Z                               3.000000    3.356793   -0.356793 (VIOLATED)
_48446_/A3                              3.000000    3.350166   -0.350166 (VIOLATED)
_32442_/A1                              3.000000    3.350165   -0.350165 (VIOLATED)
_32446_/A1                              3.000000    3.350165   -0.350165 (VIOLATED)
_32451_/A1                              3.000000    3.350165   -0.350165 (VIOLATED)
_32458_/A1                              3.000000    3.350165   -0.350165 (VIOLATED)
_32460_/A1                              3.000000    3.350165   -0.350165 (VIOLATED)
_32463_/A1                              3.000000    3.350165   -0.350165 (VIOLATED)
_32472_/A1                              3.000000    3.350165   -0.350165 (VIOLATED)
_32476_/A1                              3.000000    3.350165   -0.350165 (VIOLATED)
_32480_/A1                              3.000000    3.350165   -0.350165 (VIOLATED)
_32487_/A1                              3.000000    3.350165   -0.350165 (VIOLATED)
_32493_/A2                              3.000000    3.350165   -0.350165 (VIOLATED)
_32494_/A1                              3.000000    3.350165   -0.350165 (VIOLATED)
_32497_/A1                              3.000000    3.350165   -0.350165 (VIOLATED)
_32503_/A1                              3.000000    3.350165   -0.350165 (VIOLATED)
_32509_/A1                              3.000000    3.350165   -0.350165 (VIOLATED)
_32512_/A1                              3.000000    3.350165   -0.350165 (VIOLATED)
_32514_/A1                              3.000000    3.350165   -0.350165 (VIOLATED)
_32517_/A1                              3.000000    3.350165   -0.350165 (VIOLATED)
_32521_/A1                              3.000000    3.350165   -0.350165 (VIOLATED)
_32522_/A1                              3.000000    3.350165   -0.350165 (VIOLATED)
_32525_/A1                              3.000000    3.350165   -0.350165 (VIOLATED)
_32531_/A1                              3.000000    3.350165   -0.350165 (VIOLATED)
_32537_/A1                              3.000000    3.350165   -0.350165 (VIOLATED)
_32545_/A1                              3.000000    3.350165   -0.350165 (VIOLATED)
_32547_/A1                              3.000000    3.350165   -0.350165 (VIOLATED)
_32556_/A1                              3.000000    3.350165   -0.350165 (VIOLATED)
_32563_/A1                              3.000000    3.350165   -0.350165 (VIOLATED)
_33050_/A2                              3.000000    3.350165   -0.350165 (VIOLATED)
_33153_/A2                              3.000000    3.350165   -0.350165 (VIOLATED)
_33193_/I                               3.000000    3.350165   -0.350165 (VIOLATED)
_61800_/Q                               3.000000    3.350153   -0.350153 (VIOLATED)
_35798_/A2                              3.000000    3.347031   -0.347031 (VIOLATED)
_36080_/A2                              3.000000    3.347031   -0.347031 (VIOLATED)
_36109_/A1                              3.000000    3.347031   -0.347031 (VIOLATED)
_36272_/A1                              3.000000    3.347031   -0.347031 (VIOLATED)
_36280_/A2                              3.000000    3.347031   -0.347031 (VIOLATED)
_36285_/A2                              3.000000    3.347031   -0.347031 (VIOLATED)
_36303_/A1                              3.000000    3.347031   -0.347031 (VIOLATED)
_36866_/A1                              3.000000    3.347031   -0.347031 (VIOLATED)
_36957_/A1                              3.000000    3.347031   -0.347031 (VIOLATED)
_36961_/A2                              3.000000    3.347031   -0.347031 (VIOLATED)
_35796_/Z                               3.000000    3.347019   -0.347020 (VIOLATED)
_35769_/A1                              3.000000    3.337237   -0.337238 (VIOLATED)
_35928_/A1                              3.000000    3.337237   -0.337238 (VIOLATED)
_36346_/A1                              3.000000    3.337237   -0.337237 (VIOLATED)
_36379_/A1                              3.000000    3.337237   -0.337237 (VIOLATED)
_36488_/A1                              3.000000    3.337237   -0.337237 (VIOLATED)
_36491_/A1                              3.000000    3.337237   -0.337237 (VIOLATED)
_36649_/A1                              3.000000    3.337237   -0.337238 (VIOLATED)
_36737_/A1                              3.000000    3.337237   -0.337237 (VIOLATED)
_36811_/A1                              3.000000    3.337237   -0.337237 (VIOLATED)
_36853_/A1                              3.000000    3.337237   -0.337238 (VIOLATED)
_35764_/Z                               3.000000    3.337226   -0.337226 (VIOLATED)
_36029_/A1                              3.000000    3.330032   -0.330032 (VIOLATED)
_36102_/B1                              3.000000    3.330032   -0.330032 (VIOLATED)
_36107_/B1                              3.000000    3.330032   -0.330032 (VIOLATED)
_36135_/B2                              3.000000    3.330032   -0.330032 (VIOLATED)
_36212_/A1                              3.000000    3.330032   -0.330032 (VIOLATED)
_36238_/A1                              3.000000    3.330032   -0.330032 (VIOLATED)
_36356_/B2                              3.000000    3.330032   -0.330032 (VIOLATED)
_36909_/A1                              3.000000    3.330032   -0.330032 (VIOLATED)
_36913_/A1                              3.000000    3.330032   -0.330032 (VIOLATED)
_37116_/A1                              3.000000    3.330032   -0.330032 (VIOLATED)
_36028_/Z                               3.000000    3.330020   -0.330020 (VIOLATED)
_34303_/B1                              3.000000    3.329179   -0.329179 (VIOLATED)
_34899_/B1                              3.000000    3.329179   -0.329179 (VIOLATED)
_34904_/B1                              3.000000    3.329179   -0.329179 (VIOLATED)
_35010_/B2                              3.000000    3.329178   -0.329178 (VIOLATED)
_35086_/B2                              3.000000    3.329178   -0.329178 (VIOLATED)
_35172_/B2                              3.000000    3.329179   -0.329179 (VIOLATED)
_35419_/B1                              3.000000    3.329179   -0.329179 (VIOLATED)
_35454_/B1                              3.000000    3.329179   -0.329179 (VIOLATED)
_35458_/B1                              3.000000    3.329179   -0.329179 (VIOLATED)
_35463_/B1                              3.000000    3.329179   -0.329179 (VIOLATED)
_34302_/Z                               3.000000    3.329167   -0.329167 (VIOLATED)
_35780_/A1                              3.000000    3.327825   -0.327825 (VIOLATED)
_36037_/A1                              3.000000    3.327825   -0.327825 (VIOLATED)
_36129_/B1                              3.000000    3.327825   -0.327825 (VIOLATED)
_36146_/B1                              3.000000    3.327825   -0.327825 (VIOLATED)
_36203_/A1                              3.000000    3.327825   -0.327825 (VIOLATED)
_36299_/A1                              3.000000    3.327825   -0.327825 (VIOLATED)
_36308_/A1                              3.000000    3.327825   -0.327825 (VIOLATED)
_36420_/B1                              3.000000    3.327825   -0.327825 (VIOLATED)
_36440_/B1                              3.000000    3.327825   -0.327825 (VIOLATED)
_36942_/A1                              3.000000    3.327825   -0.327825 (VIOLATED)
_35777_/Z                               3.000000    3.327814   -0.327814 (VIOLATED)
_44317_/ZN                              3.000000    3.322405   -0.322405 (VIOLATED)
_44318_/A2                              3.000000    3.322405   -0.322405 (VIOLATED)
_55813_/A2                              3.000000    3.322405   -0.322405 (VIOLATED)
_55849_/A2                              3.000000    3.322405   -0.322405 (VIOLATED)
_36031_/A1                              3.000000    3.322027   -0.322027 (VIOLATED)
_36222_/A1                              3.000000    3.322027   -0.322027 (VIOLATED)
_36240_/A1                              3.000000    3.322027   -0.322027 (VIOLATED)
_36914_/A1                              3.000000    3.322027   -0.322027 (VIOLATED)
_36965_/B1                              3.000000    3.322027   -0.322027 (VIOLATED)
_36970_/B1                              3.000000    3.322027   -0.322027 (VIOLATED)
_36975_/B1                              3.000000    3.322027   -0.322027 (VIOLATED)
_37117_/A1                              3.000000    3.322027   -0.322027 (VIOLATED)
_37131_/A1                              3.000000    3.322027   -0.322027 (VIOLATED)
_37141_/A1                              3.000000    3.322027   -0.322027 (VIOLATED)
_36030_/Z                               3.000000    3.322016   -0.322016 (VIOLATED)
_44217_/ZN                              3.000000    3.317410   -0.317411 (VIOLATED)
_44218_/A2                              3.000000    3.317410   -0.317411 (VIOLATED)
_56300_/A2                              3.000000    3.317410   -0.317411 (VIOLATED)
_56710_/A2                              3.000000    3.317410   -0.317411 (VIOLATED)
_34273_/B1                              3.000000    3.315302   -0.315302 (VIOLATED)
_34878_/B1                              3.000000    3.315302   -0.315302 (VIOLATED)
_34955_/B1                              3.000000    3.315302   -0.315302 (VIOLATED)
_34992_/B1                              3.000000    3.315302   -0.315302 (VIOLATED)
_35131_/B1                              3.000000    3.315302   -0.315302 (VIOLATED)
_35251_/B1                              3.000000    3.315302   -0.315302 (VIOLATED)
_35307_/B1                              3.000000    3.315302   -0.315302 (VIOLATED)
_35401_/B1                              3.000000    3.315302   -0.315302 (VIOLATED)
_35478_/I                               3.000000    3.315302   -0.315302 (VIOLATED)
_35491_/A1                              3.000000    3.315302   -0.315302 (VIOLATED)
_34272_/Z                               3.000000    3.315291   -0.315291 (VIOLATED)
_35385_/ZN                              3.000000    3.311828   -0.311828 (VIOLATED)
_35394_/A1                              3.000000    3.311828   -0.311828 (VIOLATED)
_34270_/B1                              3.000000    3.308429   -0.308429 (VIOLATED)
_34852_/A2                              3.000000    3.308429   -0.308430 (VIOLATED)
_34954_/B1                              3.000000    3.308429   -0.308430 (VIOLATED)
_34978_/B1                              3.000000    3.308429   -0.308430 (VIOLATED)
_35093_/B1                              3.000000    3.308429   -0.308429 (VIOLATED)
_35130_/B1                              3.000000    3.308429   -0.308429 (VIOLATED)
_35144_/B1                              3.000000    3.308429   -0.308429 (VIOLATED)
_35294_/B1                              3.000000    3.308429   -0.308429 (VIOLATED)
_35424_/A2                              3.000000    3.308429   -0.308430 (VIOLATED)
_35469_/A1                              3.000000    3.308429   -0.308429 (VIOLATED)
_34269_/Z                               3.000000    3.308418   -0.308418 (VIOLATED)
_34010_/B1                              3.000000    3.306270   -0.306270 (VIOLATED)
_34875_/A1                              3.000000    3.306270   -0.306270 (VIOLATED)
_34989_/A1                              3.000000    3.306270   -0.306270 (VIOLATED)
_35023_/A1                              3.000000    3.306270   -0.306270 (VIOLATED)
_35032_/A1                              3.000000    3.306270   -0.306270 (VIOLATED)
_35140_/A1                              3.000000    3.306270   -0.306270 (VIOLATED)
_35145_/A1                              3.000000    3.306270   -0.306270 (VIOLATED)
_35281_/A1                              3.000000    3.306270   -0.306270 (VIOLATED)
_35295_/A1                              3.000000    3.306270   -0.306270 (VIOLATED)
_35304_/A1                              3.000000    3.306270   -0.306270 (VIOLATED)
_34009_/Z                               3.000000    3.306258   -0.306259 (VIOLATED)
_34884_/B1                              3.000000    3.296616   -0.296616 (VIOLATED)
_34983_/B1                              3.000000    3.296616   -0.296616 (VIOLATED)
_34988_/B1                              3.000000    3.296616   -0.296616 (VIOLATED)
_35139_/B1                              3.000000    3.296616   -0.296616 (VIOLATED)
_35148_/B1                              3.000000    3.296616   -0.296616 (VIOLATED)
_35298_/B1                              3.000000    3.296616   -0.296616 (VIOLATED)
_35303_/B1                              3.000000    3.296616   -0.296616 (VIOLATED)
_35361_/A2                              3.000000    3.296616   -0.296616 (VIOLATED)
_35428_/A2                              3.000000    3.296616   -0.296616 (VIOLATED)
_35480_/I                               3.000000    3.296616   -0.296616 (VIOLATED)
_34883_/Z                               3.000000    3.296604   -0.296605 (VIOLATED)
_35942_/A1                              3.000000    3.290612   -0.290612 (VIOLATED)
_36127_/A1                              3.000000    3.290612   -0.290612 (VIOLATED)
_36417_/A1                              3.000000    3.290612   -0.290612 (VIOLATED)
_36437_/A1                              3.000000    3.290612   -0.290612 (VIOLATED)
_36522_/A1                              3.000000    3.290612   -0.290612 (VIOLATED)
_36556_/B1                              3.000000    3.290612   -0.290612 (VIOLATED)
_36748_/A1                              3.000000    3.290612   -0.290612 (VIOLATED)
_36756_/A1                              3.000000    3.290612   -0.290612 (VIOLATED)
_36766_/A1                              3.000000    3.290612   -0.290612 (VIOLATED)
_37041_/B1                              3.000000    3.290612   -0.290612 (VIOLATED)
_35941_/Z                               3.000000    3.290600   -0.290600 (VIOLATED)
_34089_/I                               3.000000    3.285031   -0.285031 (VIOLATED)
_34165_/I                               3.000000    3.285031   -0.285031 (VIOLATED)
_34237_/B1                              3.000000    3.285031   -0.285031 (VIOLATED)
_34828_/A1                              3.000000    3.285032   -0.285032 (VIOLATED)
_34451_/I                               3.000000    3.285031   -0.285031 (VIOLATED)
_34482_/I                               3.000000    3.285031   -0.285031 (VIOLATED)
_35008_/A1                              3.000000    3.285031   -0.285031 (VIOLATED)
_35044_/A1                              3.000000    3.285032   -0.285032 (VIOLATED)
_35084_/A1                              3.000000    3.285031   -0.285031 (VIOLATED)
_35170_/A1                              3.000000    3.285031   -0.285031 (VIOLATED)
_34088_/Z                               3.000000    3.285020   -0.285020 (VIOLATED)
_34830_/A2                              3.000000    3.276275   -0.276275 (VIOLATED)
_34840_/A2                              3.000000    3.276275   -0.276275 (VIOLATED)
_34944_/A1                              3.000000    3.276275   -0.276275 (VIOLATED)
_34951_/A1                              3.000000    3.276275   -0.276275 (VIOLATED)
_35059_/A2                              3.000000    3.276275   -0.276275 (VIOLATED)
_35099_/A2                              3.000000    3.276275   -0.276275 (VIOLATED)
_35180_/A2                              3.000000    3.276275   -0.276275 (VIOLATED)
_35185_/A2                              3.000000    3.276275   -0.276275 (VIOLATED)
_35289_/A1                              3.000000    3.276275   -0.276275 (VIOLATED)
_35366_/A2                              3.000000    3.276275   -0.276275 (VIOLATED)
_34826_/Z                               3.000000    3.276264   -0.276264 (VIOLATED)
_34017_/A2                              3.000000    3.274959   -0.274959 (VIOLATED)
_34169_/A2                              3.000000    3.274959   -0.274959 (VIOLATED)
_34445_/A2                              3.000000    3.274959   -0.274959 (VIOLATED)
_34496_/A2                              3.000000    3.274959   -0.274959 (VIOLATED)
_35011_/A2                              3.000000    3.274959   -0.274959 (VIOLATED)
_35087_/A2                              3.000000    3.274959   -0.274959 (VIOLATED)
_35121_/A2                              3.000000    3.274959   -0.274959 (VIOLATED)
_35168_/A2                              3.000000    3.274959   -0.274959 (VIOLATED)
_35261_/A2                              3.000000    3.274959   -0.274959 (VIOLATED)
_35324_/A2                              3.000000    3.274959   -0.274959 (VIOLATED)
_34014_/Z                               3.000000    3.274947   -0.274948 (VIOLATED)
_36046_/B2                              3.000000    3.265306   -0.265306 (VIOLATED)
_36249_/B1                              3.000000    3.265306   -0.265306 (VIOLATED)
_36503_/A1                              3.000000    3.265306   -0.265306 (VIOLATED)
_36519_/A1                              3.000000    3.265306   -0.265306 (VIOLATED)
_36556_/A2                              3.000000    3.265306   -0.265306 (VIOLATED)
_36607_/B1                              3.000000    3.265306   -0.265306 (VIOLATED)
_36672_/B1                              3.000000    3.265306   -0.265306 (VIOLATED)
_36682_/B1                              3.000000    3.265306   -0.265306 (VIOLATED)
_36695_/B1                              3.000000    3.265306   -0.265306 (VIOLATED)
_37041_/A2                              3.000000    3.265306   -0.265306 (VIOLATED)
_36042_/Z                               3.000000    3.265295   -0.265295 (VIOLATED)
_34509_/ZN                              3.000000    3.262788   -0.262788 (VIOLATED)
_34540_/A1                              3.000000    3.262788   -0.262788 (VIOLATED)
_36064_/A1                              3.000000    3.254679   -0.254680 (VIOLATED)
_36072_/A1                              3.000000    3.254679   -0.254680 (VIOLATED)
_36553_/A1                              3.000000    3.254679   -0.254680 (VIOLATED)
_36582_/A1                              3.000000    3.254679   -0.254680 (VIOLATED)
_36599_/A1                              3.000000    3.254679   -0.254680 (VIOLATED)
_36662_/A1                              3.000000    3.254679   -0.254680 (VIOLATED)
_36692_/A1                              3.000000    3.254679   -0.254680 (VIOLATED)
_36865_/A2                              3.000000    3.254679   -0.254679 (VIOLATED)
_36878_/A2                              3.000000    3.254679   -0.254680 (VIOLATED)
_37073_/A1                              3.000000    3.254679   -0.254680 (VIOLATED)
_36063_/Z                               3.000000    3.254668   -0.254668 (VIOLATED)
_35832_/A1                              3.000000    3.251470   -0.251470 (VIOLATED)
_36081_/A1                              3.000000    3.251470   -0.251470 (VIOLATED)
_36169_/A1                              3.000000    3.251470   -0.251470 (VIOLATED)
_36181_/A1                              3.000000    3.251470   -0.251470 (VIOLATED)
_36281_/A1                              3.000000    3.251470   -0.251470 (VIOLATED)
_36286_/A1                              3.000000    3.251470   -0.251470 (VIOLATED)
_36332_/A1                              3.000000    3.251470   -0.251470 (VIOLATED)
_36364_/B1                              3.000000    3.251470   -0.251470 (VIOLATED)
_36401_/A1                              3.000000    3.251470   -0.251470 (VIOLATED)
_36963_/A1                              3.000000    3.251470   -0.251470 (VIOLATED)
_35831_/Z                               3.000000    3.251459   -0.251459 (VIOLATED)
_36076_/A1                              3.000000    3.251085   -0.251085 (VIOLATED)
_36221_/A1                              3.000000    3.251085   -0.251085 (VIOLATED)
_36270_/B1                              3.000000    3.251085   -0.251085 (VIOLATED)
_36302_/B1                              3.000000    3.251085   -0.251085 (VIOLATED)
_36898_/A1                              3.000000    3.251085   -0.251085 (VIOLATED)
_36924_/A1                              3.000000    3.251085   -0.251085 (VIOLATED)
_36955_/B1                              3.000000    3.251085   -0.251085 (VIOLATED)
_37080_/A1                              3.000000    3.251085   -0.251085 (VIOLATED)
_37113_/A1                              3.000000    3.251085   -0.251085 (VIOLATED)
_37130_/A1                              3.000000    3.251085   -0.251085 (VIOLATED)
_36075_/Z                               3.000000    3.251074   -0.251074 (VIOLATED)
_37443_/A1                              3.000000    3.250986   -0.250986 (VIOLATED)
_37628_/A1                              3.000000    3.250986   -0.250986 (VIOLATED)
_37771_/A1                              3.000000    3.250986   -0.250986 (VIOLATED)
_37915_/A1                              3.000000    3.250986   -0.250986 (VIOLATED)
_55941_/A1                              3.000000    3.250986   -0.250986 (VIOLATED)
_56009_/A1                              3.000000    3.250986   -0.250986 (VIOLATED)
_56078_/A1                              3.000000    3.250986   -0.250986 (VIOLATED)
_56146_/A1                              3.000000    3.250986   -0.250986 (VIOLATED)
_29326_/A1                              3.000000    3.250985   -0.250985 (VIOLATED)
_56608_/A1                              3.000000    3.250985   -0.250985 (VIOLATED)
_29317_/Z                               3.000000    3.250974   -0.250974 (VIOLATED)
_36016_/A1                              3.000000    3.247510   -0.247510 (VIOLATED)
_36140_/A1                              3.000000    3.247510   -0.247510 (VIOLATED)
_36360_/A1                              3.000000    3.247510   -0.247510 (VIOLATED)
_36387_/B1                              3.000000    3.247510   -0.247510 (VIOLATED)
_36472_/A1                              3.000000    3.247510   -0.247510 (VIOLATED)
_36477_/A1                              3.000000    3.247510   -0.247510 (VIOLATED)
_36526_/B1                              3.000000    3.247510   -0.247510 (VIOLATED)
_36705_/A1                              3.000000    3.247510   -0.247510 (VIOLATED)
_36723_/A1                              3.000000    3.247510   -0.247510 (VIOLATED)
_36794_/A1                              3.000000    3.247510   -0.247510 (VIOLATED)
_36015_/Z                               3.000000    3.247499   -0.247499 (VIOLATED)
_36641_/ZN                              3.000000    3.246351   -0.246351 (VIOLATED)
_36642_/A3                              3.000000    3.246351   -0.246351 (VIOLATED)
_47267_/B2                              3.000000    3.240556   -0.240557 (VIOLATED)
_47326_/B1                              3.000000    3.240557   -0.240557 (VIOLATED)
_47446_/B1                              3.000000    3.240557   -0.240557 (VIOLATED)
_47652_/A1                              3.000000    3.240557   -0.240557 (VIOLATED)
_33886_/A2                              3.000000    3.240556   -0.240556 (VIOLATED)
_47201_/B1                              3.000000    3.240556   -0.240556 (VIOLATED)
_47387_/B2                              3.000000    3.240556   -0.240556 (VIOLATED)
_47522_/B2                              3.000000    3.240556   -0.240556 (VIOLATED)
_47581_/A1                              3.000000    3.240556   -0.240556 (VIOLATED)
_47782_/A1                              3.000000    3.240556   -0.240556 (VIOLATED)
_33885_/Z                               3.000000    3.240544   -0.240544 (VIOLATED)
_36096_/A1                              3.000000    3.238579   -0.238579 (VIOLATED)
_36255_/B1                              3.000000    3.238579   -0.238579 (VIOLATED)
_36276_/B1                              3.000000    3.238579   -0.238579 (VIOLATED)
_36313_/A1                              3.000000    3.238579   -0.238579 (VIOLATED)
_36462_/B1                              3.000000    3.238579   -0.238579 (VIOLATED)
_36708_/B1                              3.000000    3.238579   -0.238579 (VIOLATED)
_36804_/B1                              3.000000    3.238579   -0.238579 (VIOLATED)
_36867_/A1                              3.000000    3.238579   -0.238579 (VIOLATED)
_36904_/A1                              3.000000    3.238579   -0.238579 (VIOLATED)
_36975_/A1                              3.000000    3.238579   -0.238579 (VIOLATED)
_36095_/Z                               3.000000    3.238568   -0.238568 (VIOLATED)
_42001_/A2                              3.000000    3.232735   -0.232735 (VIOLATED)
_42098_/A2                              3.000000    3.232735   -0.232735 (VIOLATED)
_42194_/A2                              3.000000    3.232735   -0.232735 (VIOLATED)
_42204_/A2                              3.000000    3.232735   -0.232735 (VIOLATED)
_42395_/A2                              3.000000    3.232735   -0.232735 (VIOLATED)
_42486_/A2                              3.000000    3.232735   -0.232735 (VIOLATED)
_42587_/A2                              3.000000    3.232735   -0.232735 (VIOLATED)
_42776_/A2                              3.000000    3.232735   -0.232735 (VIOLATED)
_42873_/A2                              3.000000    3.232735   -0.232735 (VIOLATED)
_42964_/A2                              3.000000    3.232735   -0.232735 (VIOLATED)
_42000_/Z                               3.000000    3.232724   -0.232724 (VIOLATED)
_34489_/B1                              3.000000    3.231080   -0.231080 (VIOLATED)
_34965_/A1                              3.000000    3.231080   -0.231080 (VIOLATED)
_35101_/A1                              3.000000    3.231080   -0.231080 (VIOLATED)
_35109_/A1                              3.000000    3.231080   -0.231080 (VIOLATED)
_35178_/A1                              3.000000    3.231080   -0.231080 (VIOLATED)
_35182_/A1                              3.000000    3.231080   -0.231080 (VIOLATED)
_35196_/A1                              3.000000    3.231080   -0.231080 (VIOLATED)
_35237_/A1                              3.000000    3.231080   -0.231080 (VIOLATED)
_35337_/A1                              3.000000    3.231080   -0.231080 (VIOLATED)
_35371_/A1                              3.000000    3.231080   -0.231080 (VIOLATED)
_34488_/Z                               3.000000    3.231068   -0.231069 (VIOLATED)
_47263_/B2                              3.000000    3.230194   -0.230194 (VIOLATED)
_47322_/B1                              3.000000    3.230194   -0.230195 (VIOLATED)
_47443_/B2                              3.000000    3.230194   -0.230194 (VIOLATED)
_47650_/A1                              3.000000    3.230194   -0.230194 (VIOLATED)
_33882_/A2                              3.000000    3.230193   -0.230193 (VIOLATED)
_47199_/B1                              3.000000    3.230193   -0.230193 (VIOLATED)
_47385_/B1                              3.000000    3.230193   -0.230193 (VIOLATED)
_47518_/B2                              3.000000    3.230193   -0.230193 (VIOLATED)
_47579_/A1                              3.000000    3.230193   -0.230193 (VIOLATED)
_47780_/A1                              3.000000    3.230193   -0.230193 (VIOLATED)
_33881_/Z                               3.000000    3.230181   -0.230182 (VIOLATED)
_34246_/A2                              3.000000    3.228729   -0.228729 (VIOLATED)
_34879_/A1                              3.000000    3.228729   -0.228729 (VIOLATED)
_34960_/A2                              3.000000    3.228729   -0.228729 (VIOLATED)
_35055_/A1                              3.000000    3.228729   -0.228729 (VIOLATED)
_35072_/A2                              3.000000    3.228729   -0.228729 (VIOLATED)
_35108_/A2                              3.000000    3.228729   -0.228729 (VIOLATED)
_35230_/A1                              3.000000    3.228729   -0.228729 (VIOLATED)
_35252_/A1                              3.000000    3.228729   -0.228729 (VIOLATED)
_35332_/A1                              3.000000    3.228729   -0.228729 (VIOLATED)
_35336_/A2                              3.000000    3.228729   -0.228729 (VIOLATED)
_34245_/Z                               3.000000    3.228718   -0.228718 (VIOLATED)
_34095_/A2                              3.000000    3.226892   -0.226892 (VIOLATED)
_34252_/A2                              3.000000    3.226892   -0.226892 (VIOLATED)
_34770_/A1                              3.000000    3.226892   -0.226892 (VIOLATED)
_34869_/A2                              3.000000    3.226892   -0.226892 (VIOLATED)
_34921_/A2                              3.000000    3.226892   -0.226892 (VIOLATED)
_35022_/A2                              3.000000    3.226892   -0.226892 (VIOLATED)
_35042_/A2                              3.000000    3.226892   -0.226892 (VIOLATED)
_35074_/A2                              3.000000    3.226892   -0.226892 (VIOLATED)
_35199_/A2                              3.000000    3.226892   -0.226892 (VIOLATED)
_35240_/A2                              3.000000    3.226892   -0.226892 (VIOLATED)
_34091_/Z                               3.000000    3.226881   -0.226881 (VIOLATED)
_35792_/A2                              3.000000    3.222422   -0.222423 (VIOLATED)
_35915_/C                               3.000000    3.222423   -0.222423 (VIOLATED)
_36021_/A2                              3.000000    3.222422   -0.222423 (VIOLATED)
_36047_/B                               3.000000    3.222422   -0.222423 (VIOLATED)
_36344_/A2                              3.000000    3.222422   -0.222423 (VIOLATED)
_36444_/C                               3.000000    3.222423   -0.222423 (VIOLATED)
_36494_/A3                              3.000000    3.222422   -0.222423 (VIOLATED)
_36740_/A3                              3.000000    3.222422   -0.222423 (VIOLATED)
_36938_/A1                              3.000000    3.222423   -0.222423 (VIOLATED)
_37158_/A3                              3.000000    3.222422   -0.222423 (VIOLATED)
_35791_/Z                               3.000000    3.222412   -0.222412 (VIOLATED)
_44116_/ZN                              3.000000    3.214599   -0.214599 (VIOLATED)
_44117_/A2                              3.000000    3.214599   -0.214599 (VIOLATED)
_44378_/A2                              3.000000    3.214599   -0.214599 (VIOLATED)
_48139_/A2                              3.000000    3.214599   -0.214599 (VIOLATED)
_56191_/A2                              3.000000    3.214599   -0.214599 (VIOLATED)
_56704_/B2                              3.000000    3.214599   -0.214599 (VIOLATED)
_37466_/A1                              3.000000    3.211227   -0.211227 (VIOLATED)
_37648_/A1                              3.000000    3.211227   -0.211227 (VIOLATED)
_37791_/A1                              3.000000    3.211227   -0.211227 (VIOLATED)
_37935_/A1                              3.000000    3.211227   -0.211227 (VIOLATED)
_55961_/A1                              3.000000    3.211227   -0.211227 (VIOLATED)
_56029_/A1                              3.000000    3.211227   -0.211227 (VIOLATED)
_56098_/A1                              3.000000    3.211227   -0.211227 (VIOLATED)
_56166_/A1                              3.000000    3.211227   -0.211227 (VIOLATED)
_29078_/A2                              3.000000    3.211227   -0.211227 (VIOLATED)
_29405_/A1                              3.000000    3.211227   -0.211227 (VIOLATED)
_29072_/Z                               3.000000    3.211215   -0.211216 (VIOLATED)
_35993_/A1                              3.000000    3.210669   -0.210669 (VIOLATED)
_36069_/B1                              3.000000    3.210669   -0.210669 (VIOLATED)
_36388_/A1                              3.000000    3.210669   -0.210669 (VIOLATED)
_36427_/A1                              3.000000    3.210669   -0.210669 (VIOLATED)
_36431_/A1                              3.000000    3.210669   -0.210669 (VIOLATED)
_36527_/A1                              3.000000    3.210669   -0.210669 (VIOLATED)
_36696_/B1                              3.000000    3.210669   -0.210669 (VIOLATED)
_36753_/A1                              3.000000    3.210669   -0.210669 (VIOLATED)
_36762_/A1                              3.000000    3.210669   -0.210669 (VIOLATED)
_36770_/A1                              3.000000    3.210669   -0.210669 (VIOLATED)
_35992_/Z                               3.000000    3.210658   -0.210658 (VIOLATED)
_35292_/ZN                              3.000000    3.206540   -0.206540 (VIOLATED)
_35293_/A3                              3.000000    3.206540   -0.206540 (VIOLATED)
_34263_/A2                              3.000000    3.203824   -0.203824 (VIOLATED)
_34891_/A1                              3.000000    3.203824   -0.203824 (VIOLATED)
_34964_/A2                              3.000000    3.203824   -0.203824 (VIOLATED)
_35172_/A2                              3.000000    3.203824   -0.203824 (VIOLATED)
_35212_/A1                              3.000000    3.203824   -0.203824 (VIOLATED)
_35216_/A2                              3.000000    3.203824   -0.203824 (VIOLATED)
_35265_/A2                              3.000000    3.203824   -0.203824 (VIOLATED)
_35284_/A2                              3.000000    3.203824   -0.203824 (VIOLATED)
_35345_/A2                              3.000000    3.203824   -0.203824 (VIOLATED)
_35370_/A2                              3.000000    3.203824   -0.203824 (VIOLATED)
_34262_/Z                               3.000000    3.203813   -0.203813 (VIOLATED)
_35848_/A1                              3.000000    3.196785   -0.196785 (VIOLATED)
_35853_/A1                              3.000000    3.196785   -0.196785 (VIOLATED)
_36105_/A1                              3.000000    3.196785   -0.196785 (VIOLATED)
_36115_/A1                              3.000000    3.196785   -0.196785 (VIOLATED)
_36190_/A1                              3.000000    3.196785   -0.196785 (VIOLATED)
_36271_/A1                              3.000000    3.196785   -0.196785 (VIOLATED)
_36282_/A1                              3.000000    3.196785   -0.196785 (VIOLATED)
_36287_/A1                              3.000000    3.196785   -0.196785 (VIOLATED)
_36310_/A1                              3.000000    3.196785   -0.196785 (VIOLATED)
_36956_/A1                              3.000000    3.196785   -0.196785 (VIOLATED)
_35847_/Z                               3.000000    3.196774   -0.196774 (VIOLATED)
_34303_/A2                              3.000000    3.196519   -0.196519 (VIOLATED)
_34899_/A2                              3.000000    3.196519   -0.196519 (VIOLATED)
_34904_/A2                              3.000000    3.196519   -0.196519 (VIOLATED)
_35051_/A2                              3.000000    3.196519   -0.196519 (VIOLATED)
_35091_/A2                              3.000000    3.196519   -0.196519 (VIOLATED)
_35328_/A2                              3.000000    3.196519   -0.196519 (VIOLATED)
_35383_/A1                              3.000000    3.196519   -0.196519 (VIOLATED)
_35419_/A2                              3.000000    3.196519   -0.196519 (VIOLATED)
_35454_/A2                              3.000000    3.196519   -0.196519 (VIOLATED)
_35463_/A2                              3.000000    3.196519   -0.196519 (VIOLATED)
_34301_/Z                               3.000000    3.196508   -0.196508 (VIOLATED)
_36617_/A2                              3.000000    3.191750   -0.191750 (VIOLATED)
_36631_/A1                              3.000000    3.191750   -0.191750 (VIOLATED)
_36636_/A1                              3.000000    3.191750   -0.191750 (VIOLATED)
_36639_/A1                              3.000000    3.191750   -0.191750 (VIOLATED)
_36676_/A2                              3.000000    3.191750   -0.191750 (VIOLATED)
_36686_/A2                              3.000000    3.191750   -0.191750 (VIOLATED)
_37075_/A2                              3.000000    3.191750   -0.191750 (VIOLATED)
_36876_/A2                              3.000000    3.191750   -0.191750 (VIOLATED)
_37034_/A2                              3.000000    3.191750   -0.191750 (VIOLATED)
_37069_/A2                              3.000000    3.191750   -0.191750 (VIOLATED)
_36616_/Z                               3.000000    3.191739   -0.191739 (VIOLATED)
_38250_/A1                              3.000000    3.189948   -0.189948 (VIOLATED)
_38457_/A1                              3.000000    3.189948   -0.189948 (VIOLATED)
_38645_/A1                              3.000000    3.189948   -0.189948 (VIOLATED)
_38837_/A1                              3.000000    3.189948   -0.189948 (VIOLATED)
_39026_/A1                              3.000000    3.189948   -0.189948 (VIOLATED)
_39092_/A1                              3.000000    3.189948   -0.189948 (VIOLATED)
_39219_/A1                              3.000000    3.189948   -0.189948 (VIOLATED)
_39411_/A1                              3.000000    3.189948   -0.189948 (VIOLATED)
_39603_/A1                              3.000000    3.189948   -0.189948 (VIOLATED)
_39789_/A1                              3.000000    3.189948   -0.189948 (VIOLATED)
_38249_/Z                               3.000000    3.189937   -0.189937 (VIOLATED)
_34096_/ZN                              3.000000    3.180988   -0.180988 (VIOLATED)
_34109_/A1                              3.000000    3.180988   -0.180988 (VIOLATED)
_37456_/A1                              3.000000    3.179410   -0.179410 (VIOLATED)
_37781_/A1                              3.000000    3.179410   -0.179410 (VIOLATED)
_37638_/A1                              3.000000    3.179410   -0.179410 (VIOLATED)
_37925_/A1                              3.000000    3.179410   -0.179410 (VIOLATED)
_55951_/A1                              3.000000    3.179410   -0.179410 (VIOLATED)
_56019_/A1                              3.000000    3.179410   -0.179410 (VIOLATED)
_56088_/A1                              3.000000    3.179410   -0.179410 (VIOLATED)
_56156_/A1                              3.000000    3.179410   -0.179410 (VIOLATED)
_56618_/A1                              3.000000    3.179410   -0.179410 (VIOLATED)
_56684_/A1                              3.000000    3.179410   -0.179410 (VIOLATED)
_37454_/Z                               3.000000    3.179399   -0.179399 (VIOLATED)
_44421_/ZN                              3.000000    3.178965   -0.178965 (VIOLATED)
_44422_/I                               3.000000    3.178965   -0.178965 (VIOLATED)
_45280_/I                               3.000000    3.178965   -0.178965 (VIOLATED)
_46044_/I                               3.000000    3.178965   -0.178965 (VIOLATED)
_34153_/B1                              3.000000    3.178118   -0.178119 (VIOLATED)
_34196_/B1                              3.000000    3.178118   -0.178119 (VIOLATED)
_34426_/B1                              3.000000    3.178118   -0.178119 (VIOLATED)
_34434_/B1                              3.000000    3.178118   -0.178119 (VIOLATED)
_34862_/A1                              3.000000    3.178118   -0.178119 (VIOLATED)
_35021_/A1                              3.000000    3.178118   -0.178119 (VIOLATED)
_35041_/A1                              3.000000    3.178118   -0.178119 (VIOLATED)
_35081_/A1                              3.000000    3.178118   -0.178119 (VIOLATED)
_35177_/A1                              3.000000    3.178118   -0.178119 (VIOLATED)
_35318_/A1                              3.000000    3.178118   -0.178119 (VIOLATED)
_34152_/Z                               3.000000    3.178108   -0.178108 (VIOLATED)
_35913_/A1                              3.000000    3.176610   -0.176610 (VIOLATED)
_36156_/A2                              3.000000    3.176610   -0.176610 (VIOLATED)
_36162_/A1                              3.000000    3.176610   -0.176610 (VIOLATED)
_36297_/A1                              3.000000    3.176610   -0.176610 (VIOLATED)
_36337_/A2                              3.000000    3.176610   -0.176610 (VIOLATED)
_36345_/A2                              3.000000    3.176610   -0.176610 (VIOLATED)
_36384_/A1                              3.000000    3.176610   -0.176610 (VIOLATED)
_36490_/A2                              3.000000    3.176610   -0.176610 (VIOLATED)
_36736_/A2                              3.000000    3.176610   -0.176610 (VIOLATED)
_36813_/A2                              3.000000    3.176610   -0.176610 (VIOLATED)
_35912_/Z                               3.000000    3.176599   -0.176599 (VIOLATED)
_34860_/B1                              3.000000    3.174732   -0.174732 (VIOLATED)
_34880_/A1                              3.000000    3.174732   -0.174732 (VIOLATED)
_34938_/A2                              3.000000    3.174732   -0.174732 (VIOLATED)
_34993_/A1                              3.000000    3.174732   -0.174732 (VIOLATED)
_35019_/B1                              3.000000    3.174732   -0.174732 (VIOLATED)
_35039_/B1                              3.000000    3.174732   -0.174732 (VIOLATED)
_35079_/B1                              3.000000    3.174732   -0.174732 (VIOLATED)
_35225_/A2                              3.000000    3.174732   -0.174732 (VIOLATED)
_35262_/B1                              3.000000    3.174732   -0.174732 (VIOLATED)
_35340_/A2                              3.000000    3.174732   -0.174732 (VIOLATED)
_34859_/Z                               3.000000    3.174721   -0.174721 (VIOLATED)
_35529_/ZN                              3.000000    3.171619   -0.171619 (VIOLATED)
_35539_/A1                              3.000000    3.171619   -0.171619 (VIOLATED)
_36172_/A2                              3.000000    3.170723   -0.170724 (VIOLATED)
_35798_/B1                              3.000000    3.170723   -0.170723 (VIOLATED)
_36080_/B1                              3.000000    3.170723   -0.170723 (VIOLATED)
_36126_/B2                              3.000000    3.170723   -0.170723 (VIOLATED)
_36270_/A2                              3.000000    3.170723   -0.170723 (VIOLATED)
_36280_/B1                              3.000000    3.170723   -0.170723 (VIOLATED)
_36285_/B1                              3.000000    3.170723   -0.170723 (VIOLATED)
_36302_/A2                              3.000000    3.170723   -0.170723 (VIOLATED)
_36955_/A2                              3.000000    3.170723   -0.170723 (VIOLATED)
_36961_/B1                              3.000000    3.170723   -0.170723 (VIOLATED)
_35797_/Z                               3.000000    3.170713   -0.170713 (VIOLATED)
_36612_/B1                              3.000000    3.169324   -0.169324 (VIOLATED)
_36617_/B1                              3.000000    3.169324   -0.169324 (VIOLATED)
_36629_/A2                              3.000000    3.169324   -0.169324 (VIOLATED)
_36634_/A2                              3.000000    3.169324   -0.169324 (VIOLATED)
_36640_/A1                              3.000000    3.169324   -0.169324 (VIOLATED)
_36676_/B1                              3.000000    3.169324   -0.169324 (VIOLATED)
_36686_/B1                              3.000000    3.169324   -0.169324 (VIOLATED)
_35965_/A2                              3.000000    3.169324   -0.169324 (VIOLATED)
_36416_/A1                              3.000000    3.169324   -0.169324 (VIOLATED)
_37075_/B1                              3.000000    3.169324   -0.169324 (VIOLATED)
_35964_/Z                               3.000000    3.169313   -0.169313 (VIOLATED)
_35855_/A1                              3.000000    3.167253   -0.167253 (VIOLATED)
_36118_/A1                              3.000000    3.167253   -0.167253 (VIOLATED)
_36291_/A1                              3.000000    3.167253   -0.167253 (VIOLATED)
_36327_/B1                              3.000000    3.167253   -0.167253 (VIOLATED)
_36382_/B1                              3.000000    3.167253   -0.167253 (VIOLATED)
_36404_/B1                              3.000000    3.167253   -0.167253 (VIOLATED)
_36965_/A1                              3.000000    3.167253   -0.167253 (VIOLATED)
_36970_/A1                              3.000000    3.167253   -0.167253 (VIOLATED)
_37016_/A1                              3.000000    3.167253   -0.167253 (VIOLATED)
_36518_/B2                              3.000000    3.167253   -0.167253 (VIOLATED)
_35854_/Z                               3.000000    3.167242   -0.167242 (VIOLATED)
_34860_/A2                              3.000000    3.165709   -0.165709 (VIOLATED)
_34873_/A1                              3.000000    3.165709   -0.165709 (VIOLATED)
_34940_/A1                              3.000000    3.165709   -0.165709 (VIOLATED)
_35024_/A1                              3.000000    3.165709   -0.165709 (VIOLATED)
_35033_/A1                              3.000000    3.165709   -0.165709 (VIOLATED)
_35039_/A2                              3.000000    3.165709   -0.165709 (VIOLATED)
_35079_/A2                              3.000000    3.165709   -0.165709 (VIOLATED)
_35119_/A2                              3.000000    3.165709   -0.165709 (VIOLATED)
_35356_/A1                              3.000000    3.165709   -0.165709 (VIOLATED)
_35387_/A1                              3.000000    3.165709   -0.165709 (VIOLATED)
_34858_/Z                               3.000000    3.165699   -0.165699 (VIOLATED)
_35760_/A2                              3.000000    3.165628   -0.165628 (VIOLATED)
_36507_/A2                              3.000000    3.165628   -0.165628 (VIOLATED)
_36562_/A2                              3.000000    3.165628   -0.165628 (VIOLATED)
_36652_/A2                              3.000000    3.165628   -0.165628 (VIOLATED)
_36717_/A2                              3.000000    3.165628   -0.165628 (VIOLATED)
_36722_/A1                              3.000000    3.165628   -0.165628 (VIOLATED)
_36824_/A2                              3.000000    3.165628   -0.165628 (VIOLATED)
_36844_/A2                              3.000000    3.165628   -0.165628 (VIOLATED)
_36019_/A1                              3.000000    3.165628   -0.165628 (VIOLATED)
_36476_/A1                              3.000000    3.165628   -0.165628 (VIOLATED)
_35755_/Z                               3.000000    3.165617   -0.165618 (VIOLATED)
_34684_/A1                              3.000000    3.164180   -0.164180 (VIOLATED)
_34743_/A1                              3.000000    3.164180   -0.164180 (VIOLATED)
_34930_/A2                              3.000000    3.164180   -0.164180 (VIOLATED)
_35001_/A2                              3.000000    3.164180   -0.164180 (VIOLATED)
_35004_/A2                              3.000000    3.164180   -0.164180 (VIOLATED)
_35158_/A2                              3.000000    3.164180   -0.164180 (VIOLATED)
_35161_/A2                              3.000000    3.164180   -0.164180 (VIOLATED)
_35208_/A2                              3.000000    3.164180   -0.164180 (VIOLATED)
_35249_/A2                              3.000000    3.164180   -0.164180 (VIOLATED)
_35458_/A2                              3.000000    3.164180   -0.164180 (VIOLATED)
_34683_/Z                               3.000000    3.164169   -0.164169 (VIOLATED)
_34866_/A2                              3.000000    3.162109   -0.162109 (VIOLATED)
_34918_/A2                              3.000000    3.162109   -0.162109 (VIOLATED)
_34971_/A1                              3.000000    3.162109   -0.162109 (VIOLATED)
_34973_/A2                              3.000000    3.162109   -0.162109 (VIOLATED)
_35113_/A1                              3.000000    3.162109   -0.162109 (VIOLATED)
_35176_/A2                              3.000000    3.162109   -0.162109 (VIOLATED)
_35221_/A1                              3.000000    3.162109   -0.162109 (VIOLATED)
_35342_/A1                              3.000000    3.162109   -0.162109 (VIOLATED)
_35350_/A1                              3.000000    3.162109   -0.162109 (VIOLATED)
_35390_/A2                              3.000000    3.162109   -0.162109 (VIOLATED)
_34864_/Z                               3.000000    3.162098   -0.162099 (VIOLATED)
_34170_/ZN                              3.000000    3.158401   -0.158401 (VIOLATED)
_34180_/A1                              3.000000    3.158401   -0.158401 (VIOLATED)
_36546_/A2                              3.000000    3.156716   -0.156716 (VIOLATED)
_35968_/A1                              3.000000    3.156716   -0.156716 (VIOLATED)
_35975_/A1                              3.000000    3.156716   -0.156716 (VIOLATED)
_36062_/A2                              3.000000    3.156716   -0.156716 (VIOLATED)
_36247_/A2                              3.000000    3.156716   -0.156716 (VIOLATED)
_36415_/A1                              3.000000    3.156716   -0.156716 (VIOLATED)
_36426_/A1                              3.000000    3.156716   -0.156716 (VIOLATED)
_36589_/A1                              3.000000    3.156716   -0.156716 (VIOLATED)
_36625_/A2                              3.000000    3.156716   -0.156716 (VIOLATED)
_36669_/A1                              3.000000    3.156716   -0.156716 (VIOLATED)
_35967_/Z                               3.000000    3.156705   -0.156705 (VIOLATED)
_38243_/A1                              3.000000    3.151036   -0.151036 (VIOLATED)
_38452_/A1                              3.000000    3.151036   -0.151036 (VIOLATED)
_38640_/A1                              3.000000    3.151036   -0.151036 (VIOLATED)
_38832_/A1                              3.000000    3.151036   -0.151036 (VIOLATED)
_39021_/A1                              3.000000    3.151036   -0.151036 (VIOLATED)
_39031_/A1                              3.000000    3.151036   -0.151036 (VIOLATED)
_39213_/A1                              3.000000    3.151036   -0.151036 (VIOLATED)
_39406_/A1                              3.000000    3.151036   -0.151036 (VIOLATED)
_39597_/A1                              3.000000    3.151036   -0.151036 (VIOLATED)
_39784_/A1                              3.000000    3.151036   -0.151036 (VIOLATED)
_38241_/Z                               3.000000    3.151026   -0.151026 (VIOLATED)
_35802_/A1                              3.000000    3.149817   -0.149817 (VIOLATED)
_36016_/B1                              3.000000    3.149817   -0.149817 (VIOLATED)
_36150_/B1                              3.000000    3.149817   -0.149817 (VIOLATED)
_36199_/A1                              3.000000    3.149817   -0.149817 (VIOLATED)
_36278_/A1                              3.000000    3.149817   -0.149817 (VIOLATED)
_36342_/B1                              3.000000    3.149817   -0.149817 (VIOLATED)
_36350_/B1                              3.000000    3.149817   -0.149817 (VIOLATED)
_36805_/A1                              3.000000    3.149817   -0.149817 (VIOLATED)
_36943_/A1                              3.000000    3.149817   -0.149817 (VIOLATED)
_36962_/A1                              3.000000    3.149817   -0.149817 (VIOLATED)
_35801_/Z                               3.000000    3.149806   -0.149806 (VIOLATED)
_35556_/ZN                              3.000000    3.146500   -0.146500 (VIOLATED)
_35557_/A3                              3.000000    3.146500   -0.146500 (VIOLATED)
_37458_/A1                              3.000000    3.145537   -0.145537 (VIOLATED)
_37640_/A1                              3.000000    3.145537   -0.145537 (VIOLATED)
_37783_/A1                              3.000000    3.145537   -0.145537 (VIOLATED)
_37927_/A1                              3.000000    3.145537   -0.145537 (VIOLATED)
_55953_/A1                              3.000000    3.145537   -0.145537 (VIOLATED)
_56021_/A1                              3.000000    3.145537   -0.145537 (VIOLATED)
_56090_/A1                              3.000000    3.145537   -0.145537 (VIOLATED)
_56158_/A1                              3.000000    3.145537   -0.145537 (VIOLATED)
_29377_/A1                              3.000000    3.145536   -0.145536 (VIOLATED)
_56620_/A1                              3.000000    3.145536   -0.145536 (VIOLATED)
_29370_/Z                               3.000000    3.145525   -0.145526 (VIOLATED)
_44409_/ZN                              3.000000    3.144393   -0.144394 (VIOLATED)
_44410_/I                               3.000000    3.144393   -0.144394 (VIOLATED)
_45274_/I                               3.000000    3.144393   -0.144394 (VIOLATED)
_46038_/I                               3.000000    3.144393   -0.144394 (VIOLATED)
_34808_/ZN                              3.000000    3.140554   -0.140554 (VIOLATED)
_34818_/A2                              3.000000    3.140554   -0.140554 (VIOLATED)
_37469_/A1                              3.000000    3.134145   -0.134146 (VIOLATED)
_37793_/A1                              3.000000    3.134145   -0.134146 (VIOLATED)
_37937_/A1                              3.000000    3.134145   -0.134146 (VIOLATED)
_37650_/A1                              3.000000    3.134145   -0.134145 (VIOLATED)
_55802_/A1                              3.000000    3.134145   -0.134145 (VIOLATED)
_55807_/A1                              3.000000    3.134145   -0.134145 (VIOLATED)
_55963_/A1                              3.000000    3.134145   -0.134145 (VIOLATED)
_56100_/A1                              3.000000    3.134145   -0.134145 (VIOLATED)
_55840_/A1                              3.000000    3.134145   -0.134145 (VIOLATED)
_55845_/A1                              3.000000    3.134145   -0.134145 (VIOLATED)
_37467_/Z                               3.000000    3.134134   -0.134134 (VIOLATED)
_36013_/A1                              3.000000    3.129886   -0.129886 (VIOLATED)
_36338_/A1                              3.000000    3.129886   -0.129886 (VIOLATED)
_36421_/A1                              3.000000    3.129886   -0.129886 (VIOLATED)
_36441_/A1                              3.000000    3.129886   -0.129886 (VIOLATED)
_36469_/A1                              3.000000    3.129886   -0.129886 (VIOLATED)
_36487_/A1                              3.000000    3.129886   -0.129886 (VIOLATED)
_36715_/A1                              3.000000    3.129886   -0.129886 (VIOLATED)
_36733_/A1                              3.000000    3.129886   -0.129886 (VIOLATED)
_36756_/B1                              3.000000    3.129886   -0.129886 (VIOLATED)
_36810_/A1                              3.000000    3.129886   -0.129886 (VIOLATED)
_36012_/Z                               3.000000    3.129875   -0.129875 (VIOLATED)
_29924_/I                               3.000000    3.126430   -0.126430 (VIOLATED)
_29943_/A2                              3.000000    3.126430   -0.126430 (VIOLATED)
_30152_/A2                              3.000000    3.126430   -0.126430 (VIOLATED)
_30228_/A2                              3.000000    3.126430   -0.126430 (VIOLATED)
_30320_/A3                              3.000000    3.126430   -0.126430 (VIOLATED)
_30450_/A2                              3.000000    3.126430   -0.126430 (VIOLATED)
_30505_/A2                              3.000000    3.126430   -0.126430 (VIOLATED)
_30584_/A3                              3.000000    3.126430   -0.126430 (VIOLATED)
_30635_/A2                              3.000000    3.126430   -0.126430 (VIOLATED)
_30700_/A3                              3.000000    3.126430   -0.126430 (VIOLATED)
_30749_/A2                              3.000000    3.126430   -0.126430 (VIOLATED)
_30805_/A3                              3.000000    3.126430   -0.126430 (VIOLATED)
_30846_/A2                              3.000000    3.126430   -0.126430 (VIOLATED)
_30895_/A3                              3.000000    3.126430   -0.126430 (VIOLATED)
_30939_/A2                              3.000000    3.126430   -0.126430 (VIOLATED)
_31033_/A2                              3.000000    3.126430   -0.126430 (VIOLATED)
_31085_/A3                              3.000000    3.126430   -0.126430 (VIOLATED)
_31126_/A2                              3.000000    3.126430   -0.126430 (VIOLATED)
_31170_/A2                              3.000000    3.126430   -0.126430 (VIOLATED)
_31223_/A3                              3.000000    3.126430   -0.126430 (VIOLATED)
_31262_/A2                              3.000000    3.126430   -0.126430 (VIOLATED)
_31303_/A2                              3.000000    3.126430   -0.126430 (VIOLATED)
_31342_/A2                              3.000000    3.126430   -0.126430 (VIOLATED)
_31424_/A2                              3.000000    3.126430   -0.126430 (VIOLATED)
_31469_/A2                              3.000000    3.126430   -0.126430 (VIOLATED)
_31511_/A2                              3.000000    3.126430   -0.126430 (VIOLATED)
_31557_/A3                              3.000000    3.126430   -0.126430 (VIOLATED)
_31682_/B                               3.000000    3.126430   -0.126430 (VIOLATED)
_48661_/A2                              3.000000    3.126430   -0.126430 (VIOLATED)
_61087_/Q                               3.000000    3.126418   -0.126418 (VIOLATED)
_38133_/A1                              3.000000    3.124989   -0.124989 (VIOLATED)
_38234_/A1                              3.000000    3.124989   -0.124989 (VIOLATED)
_38374_/A1                              3.000000    3.124989   -0.124989 (VIOLATED)
_38565_/A1                              3.000000    3.124989   -0.124989 (VIOLATED)
_38759_/A1                              3.000000    3.124989   -0.124989 (VIOLATED)
_38946_/A1                              3.000000    3.124989   -0.124989 (VIOLATED)
_39135_/A1                              3.000000    3.124989   -0.124989 (VIOLATED)
_39321_/A1                              3.000000    3.124989   -0.124989 (VIOLATED)
_39523_/A1                              3.000000    3.124989   -0.124989 (VIOLATED)
_39711_/A1                              3.000000    3.124989   -0.124989 (VIOLATED)
_38132_/Z                               3.000000    3.124978   -0.124978 (VIOLATED)
_36004_/B1                              3.000000    3.124365   -0.124365 (VIOLATED)
_36324_/A1                              3.000000    3.124365   -0.124365 (VIOLATED)
_36710_/A1                              3.000000    3.124365   -0.124365 (VIOLATED)
_36202_/A1                              3.000000    3.124365   -0.124365 (VIOLATED)
_36256_/A1                              3.000000    3.124365   -0.124365 (VIOLATED)
_36329_/A1                              3.000000    3.124365   -0.124365 (VIOLATED)
_36472_/B1                              3.000000    3.124365   -0.124365 (VIOLATED)
_36566_/B1                              3.000000    3.124365   -0.124365 (VIOLATED)
_36575_/B1                              3.000000    3.124365   -0.124365 (VIOLATED)
_37012_/A1                              3.000000    3.124365   -0.124365 (VIOLATED)
_36003_/Z                               3.000000    3.124354   -0.124354 (VIOLATED)
_34852_/B1                              3.000000    3.124062   -0.124062 (VIOLATED)
_34889_/B1                              3.000000    3.124062   -0.124062 (VIOLATED)
_34932_/B1                              3.000000    3.124062   -0.124062 (VIOLATED)
_35210_/B1                              3.000000    3.124062   -0.124062 (VIOLATED)
_35330_/B1                              3.000000    3.124062   -0.124062 (VIOLATED)
_35406_/B1                              3.000000    3.124062   -0.124062 (VIOLATED)
_35435_/B1                              3.000000    3.124062   -0.124062 (VIOLATED)
_35439_/B1                              3.000000    3.124062   -0.124062 (VIOLATED)
_35467_/A1                              3.000000    3.124062   -0.124062 (VIOLATED)
_35490_/A1                              3.000000    3.124062   -0.124062 (VIOLATED)
_34851_/Z                               3.000000    3.124052   -0.124052 (VIOLATED)
_38292_/A1                              3.000000    3.121711   -0.121711 (VIOLATED)
_38489_/A1                              3.000000    3.121711   -0.121711 (VIOLATED)
_38681_/A1                              3.000000    3.121711   -0.121711 (VIOLATED)
_38874_/A1                              3.000000    3.121711   -0.121711 (VIOLATED)
_39063_/A1                              3.000000    3.121711   -0.121711 (VIOLATED)
_39250_/A1                              3.000000    3.121711   -0.121711 (VIOLATED)
_39445_/A1                              3.000000    3.121711   -0.121711 (VIOLATED)
_39450_/A1                              3.000000    3.121711   -0.121711 (VIOLATED)
_39638_/A1                              3.000000    3.121711   -0.121711 (VIOLATED)
_39826_/A1                              3.000000    3.121711   -0.121711 (VIOLATED)
_38291_/Z                               3.000000    3.121700   -0.121700 (VIOLATED)
_34866_/B1                              3.000000    3.121662   -0.121662 (VIOLATED)
_34918_/B1                              3.000000    3.121662   -0.121662 (VIOLATED)
_35053_/A2                              3.000000    3.121662   -0.121662 (VIOLATED)
_35330_/A2                              3.000000    3.121662   -0.121662 (VIOLATED)
_34973_/B1                              3.000000    3.121661   -0.121662 (VIOLATED)
_35176_/B1                              3.000000    3.121661   -0.121662 (VIOLATED)
_35309_/A1                              3.000000    3.121661   -0.121662 (VIOLATED)
_35316_/B1                              3.000000    3.121661   -0.121662 (VIOLATED)
_35390_/B1                              3.000000    3.121661   -0.121662 (VIOLATED)
_35403_/A1                              3.000000    3.121661   -0.121662 (VIOLATED)
_34865_/Z                               3.000000    3.121651   -0.121651 (VIOLATED)
_37453_/A1                              3.000000    3.120716   -0.120716 (VIOLATED)
_37779_/A1                              3.000000    3.120716   -0.120716 (VIOLATED)
_37923_/A1                              3.000000    3.120716   -0.120716 (VIOLATED)
_37636_/A1                              3.000000    3.120715   -0.120715 (VIOLATED)
_55949_/A1                              3.000000    3.120715   -0.120715 (VIOLATED)
_56017_/A1                              3.000000    3.120715   -0.120715 (VIOLATED)
_56086_/A1                              3.000000    3.120715   -0.120715 (VIOLATED)
_56154_/A1                              3.000000    3.120715   -0.120715 (VIOLATED)
_29022_/A2                              3.000000    3.120715   -0.120715 (VIOLATED)
_29360_/A1                              3.000000    3.120715   -0.120715 (VIOLATED)
_29015_/Z                               3.000000    3.120704   -0.120704 (VIOLATED)
_35925_/A1                              3.000000    3.120589   -0.120590 (VIOLATED)
_35936_/A1                              3.000000    3.120589   -0.120590 (VIOLATED)
_36449_/A1                              3.000000    3.120589   -0.120590 (VIOLATED)
_36512_/A1                              3.000000    3.120589   -0.120590 (VIOLATED)
_36563_/A1                              3.000000    3.120589   -0.120590 (VIOLATED)
_36572_/A1                              3.000000    3.120589   -0.120590 (VIOLATED)
_36629_/B1                              3.000000    3.120589   -0.120590 (VIOLATED)
_36634_/B1                              3.000000    3.120589   -0.120590 (VIOLATED)
_36774_/A1                              3.000000    3.120589   -0.120590 (VIOLATED)
_36995_/A2                              3.000000    3.120589   -0.120590 (VIOLATED)
_35924_/Z                               3.000000    3.120579   -0.120579 (VIOLATED)
_35233_/ZN                              3.000000    3.109143   -0.109144 (VIOLATED)
_35234_/A3                              3.000000    3.109143   -0.109144 (VIOLATED)
_34090_/A1                              3.000000    3.109117   -0.109117 (VIOLATED)
_34166_/A1                              3.000000    3.109117   -0.109117 (VIOLATED)
_34463_/B1                              3.000000    3.109117   -0.109117 (VIOLATED)
_34841_/A1                              3.000000    3.109117   -0.109117 (VIOLATED)
_34867_/A1                              3.000000    3.109117   -0.109117 (VIOLATED)
_34919_/A1                              3.000000    3.109117   -0.109117 (VIOLATED)
_35014_/A1                              3.000000    3.109117   -0.109117 (VIOLATED)
_35060_/A1                              3.000000    3.109117   -0.109117 (VIOLATED)
_35186_/A1                              3.000000    3.109117   -0.109117 (VIOLATED)
_35367_/A1                              3.000000    3.109117   -0.109117 (VIOLATED)
_34086_/Z                               3.000000    3.109106   -0.109106 (VIOLATED)
_34288_/A2                              3.000000    3.107959   -0.107959 (VIOLATED)
_34892_/A2                              3.000000    3.107959   -0.107959 (VIOLATED)
_34935_/A2                              3.000000    3.107959   -0.107959 (VIOLATED)
_34995_/A2                              3.000000    3.107959   -0.107959 (VIOLATED)
_35213_/A2                              3.000000    3.107959   -0.107959 (VIOLATED)
_35301_/A2                              3.000000    3.107959   -0.107959 (VIOLATED)
_35400_/A2                              3.000000    3.107959   -0.107959 (VIOLATED)
_35412_/A2                              3.000000    3.107959   -0.107959 (VIOLATED)
_35418_/A2                              3.000000    3.107959   -0.107959 (VIOLATED)
_35442_/A2                              3.000000    3.107959   -0.107959 (VIOLATED)
_34283_/Z                               3.000000    3.107949   -0.107949 (VIOLATED)
_47255_/B1                              3.000000    3.107427   -0.107427 (VIOLATED)
_47314_/B2                              3.000000    3.107427   -0.107427 (VIOLATED)
_47644_/A1                              3.000000    3.107427   -0.107427 (VIOLATED)
_33871_/A2                              3.000000    3.107425   -0.107426 (VIOLATED)
_47128_/A1                              3.000000    3.107425   -0.107426 (VIOLATED)
_47375_/B1                              3.000000    3.107425   -0.107426 (VIOLATED)
_47434_/B1                              3.000000    3.107425   -0.107426 (VIOLATED)
_47504_/B1                              3.000000    3.107425   -0.107426 (VIOLATED)
_47573_/A1                              3.000000    3.107425   -0.107426 (VIOLATED)
_47774_/A1                              3.000000    3.107425   -0.107426 (VIOLATED)
_33870_/Z                               3.000000    3.107414   -0.107415 (VIOLATED)
_42007_/A2                              3.000000    3.103651   -0.103651 (VIOLATED)
_42103_/A2                              3.000000    3.103651   -0.103651 (VIOLATED)
_42199_/A2                              3.000000    3.103651   -0.103651 (VIOLATED)
_42272_/A2                              3.000000    3.103651   -0.103651 (VIOLATED)
_42401_/A2                              3.000000    3.103651   -0.103651 (VIOLATED)
_42491_/A2                              3.000000    3.103651   -0.103651 (VIOLATED)
_42592_/A2                              3.000000    3.103651   -0.103651 (VIOLATED)
_42782_/A2                              3.000000    3.103651   -0.103651 (VIOLATED)
_42878_/A2                              3.000000    3.103651   -0.103651 (VIOLATED)
_42969_/A2                              3.000000    3.103651   -0.103651 (VIOLATED)
_42006_/Z                               3.000000    3.103640   -0.103640 (VIOLATED)
_37472_/A2                              3.000000    3.102238   -0.102238 (VIOLATED)
_55694_/A1                              3.000000    3.102238   -0.102238 (VIOLATED)
_55790_/A1                              3.000000    3.102238   -0.102238 (VIOLATED)
_44171_/A3                              3.000000    3.102238   -0.102238 (VIOLATED)
_44220_/A2                              3.000000    3.102238   -0.102238 (VIOLATED)
_44271_/A3                              3.000000    3.102238   -0.102238 (VIOLATED)
_44320_/A2                              3.000000    3.102238   -0.102238 (VIOLATED)
_52651_/I                               3.000000    3.102238   -0.102238 (VIOLATED)
_53690_/I                               3.000000    3.102238   -0.102238 (VIOLATED)
_54719_/I                               3.000000    3.102238   -0.102238 (VIOLATED)
_37471_/Z                               3.000000    3.102227   -0.102228 (VIOLATED)
_44427_/ZN                              3.000000    3.095530   -0.095530 (VIOLATED)
_44428_/I                               3.000000    3.095530   -0.095530 (VIOLATED)
_45283_/I                               3.000000    3.095530   -0.095530 (VIOLATED)
_46047_/I                               3.000000    3.095530   -0.095530 (VIOLATED)
_36129_/A2                              3.000000    3.095212   -0.095213 (VIOLATED)
_35760_/B1                              3.000000    3.095212   -0.095212 (VIOLATED)
_35954_/B1                              3.000000    3.095212   -0.095212 (VIOLATED)
_35998_/B1                              3.000000    3.095212   -0.095212 (VIOLATED)
_36471_/B1                              3.000000    3.095212   -0.095212 (VIOLATED)
_36562_/B1                              3.000000    3.095212   -0.095212 (VIOLATED)
_36571_/B1                              3.000000    3.095212   -0.095212 (VIOLATED)
_36652_/B1                              3.000000    3.095212   -0.095212 (VIOLATED)
_36824_/B1                              3.000000    3.095212   -0.095212 (VIOLATED)
_36844_/B1                              3.000000    3.095212   -0.095212 (VIOLATED)
_35759_/Z                               3.000000    3.095202   -0.095202 (VIOLATED)
_35985_/A1                              3.000000    3.090894   -0.090894 (VIOLATED)
_35990_/A1                              3.000000    3.090894   -0.090894 (VIOLATED)
_36430_/A1                              3.000000    3.090894   -0.090894 (VIOLATED)
_36447_/A1                              3.000000    3.090894   -0.090894 (VIOLATED)
_36552_/B1                              3.000000    3.090894   -0.090894 (VIOLATED)
_36638_/A1                              3.000000    3.090894   -0.090894 (VIOLATED)
_36691_/B1                              3.000000    3.090894   -0.090894 (VIOLATED)
_36745_/A1                              3.000000    3.090894   -0.090894 (VIOLATED)
_36763_/A1                              3.000000    3.090894   -0.090894 (VIOLATED)
_36771_/A1                              3.000000    3.090894   -0.090894 (VIOLATED)
_35984_/Z                               3.000000    3.090883   -0.090883 (VIOLATED)
_37460_/A1                              3.000000    3.090608   -0.090608 (VIOLATED)
_37642_/A1                              3.000000    3.090608   -0.090608 (VIOLATED)
_37785_/A1                              3.000000    3.090608   -0.090608 (VIOLATED)
_37929_/A1                              3.000000    3.090608   -0.090608 (VIOLATED)
_55955_/A1                              3.000000    3.090608   -0.090608 (VIOLATED)
_56023_/A1                              3.000000    3.090608   -0.090608 (VIOLATED)
_56092_/A1                              3.000000    3.090608   -0.090608 (VIOLATED)
_56160_/A1                              3.000000    3.090608   -0.090608 (VIOLATED)
_29383_/A1                              3.000000    3.090608   -0.090608 (VIOLATED)
_56622_/A1                              3.000000    3.090608   -0.090608 (VIOLATED)
_29378_/Z                               3.000000    3.090597   -0.090597 (VIOLATED)
_35784_/A2                              3.000000    3.090533   -0.090533 (VIOLATED)
_36126_/A2                              3.000000    3.090533   -0.090533 (VIOLATED)
_36135_/A2                              3.000000    3.090533   -0.090533 (VIOLATED)
_36182_/A1                              3.000000    3.090533   -0.090533 (VIOLATED)
_36187_/A1                              3.000000    3.090533   -0.090533 (VIOLATED)
_36359_/A2                              3.000000    3.090533   -0.090533 (VIOLATED)
_36409_/A1                              3.000000    3.090533   -0.090533 (VIOLATED)
_36464_/A1                              3.000000    3.090533   -0.090533 (VIOLATED)
_36482_/A1                              3.000000    3.090533   -0.090533 (VIOLATED)
_36728_/A1                              3.000000    3.090533   -0.090533 (VIOLATED)
_35783_/Z                               3.000000    3.090522   -0.090522 (VIOLATED)
_44403_/ZN                              3.000000    3.089795   -0.089795 (VIOLATED)
_44404_/I                               3.000000    3.089795   -0.089795 (VIOLATED)
_45271_/I                               3.000000    3.089795   -0.089795 (VIOLATED)
_46035_/I                               3.000000    3.089795   -0.089795 (VIOLATED)
_38257_/A1                              3.000000    3.089471   -0.089471 (VIOLATED)
_38462_/A1                              3.000000    3.089471   -0.089471 (VIOLATED)
_38650_/A1                              3.000000    3.089471   -0.089471 (VIOLATED)
_38843_/A1                              3.000000    3.089471   -0.089471 (VIOLATED)
_39036_/A1                              3.000000    3.089471   -0.089471 (VIOLATED)
_39150_/A1                              3.000000    3.089471   -0.089471 (VIOLATED)
_39225_/A1                              3.000000    3.089471   -0.089471 (VIOLATED)
_39416_/A1                              3.000000    3.089471   -0.089471 (VIOLATED)
_39608_/A1                              3.000000    3.089471   -0.089471 (VIOLATED)
_39794_/A1                              3.000000    3.089471   -0.089471 (VIOLATED)
_38256_/Z                               3.000000    3.089461   -0.089461 (VIOLATED)
_36550_/ZN                              3.000000    3.078992   -0.078992 (VIOLATED)
_36551_/A3                              3.000000    3.078992   -0.078992 (VIOLATED)
_38285_/A1                              3.000000    3.078853   -0.078853 (VIOLATED)
_38484_/A1                              3.000000    3.078853   -0.078853 (VIOLATED)
_38675_/A1                              3.000000    3.078853   -0.078853 (VIOLATED)
_38869_/A1                              3.000000    3.078853   -0.078853 (VIOLATED)
_39057_/A1                              3.000000    3.078853   -0.078853 (VIOLATED)
_39245_/A1                              3.000000    3.078853   -0.078853 (VIOLATED)
_39391_/A1                              3.000000    3.078853   -0.078853 (VIOLATED)
_39440_/A1                              3.000000    3.078853   -0.078853 (VIOLATED)
_39633_/A1                              3.000000    3.078853   -0.078853 (VIOLATED)
_39821_/A1                              3.000000    3.078853   -0.078853 (VIOLATED)
_38284_/Z                               3.000000    3.078843   -0.078843 (VIOLATED)
_35989_/A2                              3.000000    3.078390   -0.078390 (VIOLATED)
_36389_/A1                              3.000000    3.078390   -0.078390 (VIOLATED)
_36429_/A2                              3.000000    3.078390   -0.078390 (VIOLATED)
_36445_/A2                              3.000000    3.078390   -0.078390 (VIOLATED)
_36528_/A1                              3.000000    3.078390   -0.078390 (VIOLATED)
_36531_/A1                              3.000000    3.078390   -0.078390 (VIOLATED)
_36761_/A2                              3.000000    3.078390   -0.078390 (VIOLATED)
_36765_/A2                              3.000000    3.078390   -0.078390 (VIOLATED)
_36769_/A2                              3.000000    3.078390   -0.078390 (VIOLATED)
_36773_/A2                              3.000000    3.078390   -0.078390 (VIOLATED)
_35987_/Z                               3.000000    3.078380   -0.078380 (VIOLATED)
_49395_/ZN                              3.000000    3.076987   -0.076987 (VIOLATED)
_49396_/A1                              3.000000    3.076987   -0.076987 (VIOLATED)
_49410_/A4                              3.000000    3.076987   -0.076987 (VIOLATED)
_49423_/A3                              3.000000    3.076987   -0.076987 (VIOLATED)
_49922_/B                               3.000000    3.076987   -0.076987 (VIOLATED)
_49923_/A2                              3.000000    3.076987   -0.076987 (VIOLATED)
_49941_/A1                              3.000000    3.076987   -0.076987 (VIOLATED)
_49992_/A1                              3.000000    3.076987   -0.076987 (VIOLATED)
_37462_/A1                              3.000000    3.074753   -0.074753 (VIOLATED)
_37644_/A1                              3.000000    3.074753   -0.074753 (VIOLATED)
_37787_/A1                              3.000000    3.074753   -0.074753 (VIOLATED)
_37931_/A1                              3.000000    3.074753   -0.074753 (VIOLATED)
_55957_/A1                              3.000000    3.074753   -0.074753 (VIOLATED)
_56025_/A1                              3.000000    3.074753   -0.074753 (VIOLATED)
_56094_/A1                              3.000000    3.074753   -0.074753 (VIOLATED)
_56162_/A1                              3.000000    3.074753   -0.074753 (VIOLATED)
_29392_/A1                              3.000000    3.074753   -0.074753 (VIOLATED)
_56624_/A1                              3.000000    3.074753   -0.074753 (VIOLATED)
_29384_/Z                               3.000000    3.074742   -0.074742 (VIOLATED)
_36083_/A2                              3.000000    3.074471   -0.074471 (VIOLATED)
_36184_/A2                              3.000000    3.074471   -0.074471 (VIOLATED)
_36200_/A2                              3.000000    3.074471   -0.074471 (VIOLATED)
_36258_/A2                              3.000000    3.074471   -0.074471 (VIOLATED)
_36269_/A2                              3.000000    3.074471   -0.074471 (VIOLATED)
_36807_/A2                              3.000000    3.074471   -0.074471 (VIOLATED)
_36976_/A2                              3.000000    3.074471   -0.074471 (VIOLATED)
_35803_/A1                              3.000000    3.074471   -0.074471 (VIOLATED)
_36944_/A2                              3.000000    3.074471   -0.074471 (VIOLATED)
_36964_/A2                              3.000000    3.074471   -0.074471 (VIOLATED)
_35795_/Z                               3.000000    3.074460   -0.074460 (VIOLATED)
_47599_/A1                              3.000000    3.073728   -0.073728 (VIOLATED)
_47800_/A1                              3.000000    3.073728   -0.073728 (VIOLATED)
_33913_/ZN                              3.000000    3.073717   -0.073717 (VIOLATED)
_33914_/A2                              3.000000    3.073717   -0.073717 (VIOLATED)
_47286_/A1                              3.000000    3.073717   -0.073717 (VIOLATED)
_47347_/A1                              3.000000    3.073717   -0.073717 (VIOLATED)
_47407_/A1                              3.000000    3.073717   -0.073717 (VIOLATED)
_47471_/A1                              3.000000    3.073717   -0.073717 (VIOLATED)
_47552_/B2                              3.000000    3.073717   -0.073717 (VIOLATED)
_47670_/A1                              3.000000    3.073717   -0.073717 (VIOLATED)
_48316_/A1                              3.000000    3.071795   -0.071795 (VIOLATED)
_55965_/A1                              3.000000    3.071795   -0.071795 (VIOLATED)
_56034_/A1                              3.000000    3.071795   -0.071795 (VIOLATED)
_56102_/A1                              3.000000    3.071795   -0.071795 (VIOLATED)
_33856_/I                               3.000000    3.071795   -0.071795 (VIOLATED)
_56564_/A1                              3.000000    3.071795   -0.071795 (VIOLATED)
_56630_/A1                              3.000000    3.071795   -0.071795 (VIOLATED)
_28487_/I                               3.000000    3.071794   -0.071794 (VIOLATED)
_28486_/Z                               3.000000    3.071784   -0.071784 (VIOLATED)
_44433_/ZN                              3.000000    3.070611   -0.070611 (VIOLATED)
_44434_/I                               3.000000    3.070611   -0.070611 (VIOLATED)
_45286_/I                               3.000000    3.070611   -0.070611 (VIOLATED)
_46050_/I                               3.000000    3.070611   -0.070611 (VIOLATED)
_44363_/ZN                              3.000000    3.069794   -0.069794 (VIOLATED)
_44364_/I                               3.000000    3.069794   -0.069794 (VIOLATED)
_45259_/I                               3.000000    3.069794   -0.069794 (VIOLATED)
_46025_/I                               3.000000    3.069794   -0.069794 (VIOLATED)
_37448_/A1                              3.000000    3.066777   -0.066778 (VIOLATED)
_37632_/A1                              3.000000    3.066777   -0.066778 (VIOLATED)
_37775_/A1                              3.000000    3.066777   -0.066778 (VIOLATED)
_37919_/A1                              3.000000    3.066777   -0.066778 (VIOLATED)
_55945_/A1                              3.000000    3.066777   -0.066778 (VIOLATED)
_56013_/A1                              3.000000    3.066777   -0.066778 (VIOLATED)
_56082_/A1                              3.000000    3.066777   -0.066778 (VIOLATED)
_56150_/A1                              3.000000    3.066777   -0.066778 (VIOLATED)
_29002_/A2                              3.000000    3.066777   -0.066777 (VIOLATED)
_29343_/A1                              3.000000    3.066777   -0.066777 (VIOLATED)
_28997_/Z                               3.000000    3.066767   -0.066767 (VIOLATED)
_36176_/C                               3.000000    3.065958   -0.065958 (VIOLATED)
_36112_/A3                              3.000000    3.065958   -0.065958 (VIOLATED)
_36293_/A3                              3.000000    3.065958   -0.065958 (VIOLATED)
_36306_/C                               3.000000    3.065958   -0.065958 (VIOLATED)
_36509_/A2                              3.000000    3.065958   -0.065958 (VIOLATED)
_36555_/A2                              3.000000    3.065958   -0.065958 (VIOLATED)
_36632_/A2                              3.000000    3.065958   -0.065958 (VIOLATED)
_36637_/A2                              3.000000    3.065958   -0.065958 (VIOLATED)
_36977_/A2                              3.000000    3.065958   -0.065958 (VIOLATED)
_37040_/B                               3.000000    3.065958   -0.065958 (VIOLATED)
_36111_/Z                               3.000000    3.065947   -0.065947 (VIOLATED)
_38278_/A1                              3.000000    3.062843   -0.062843 (VIOLATED)
_38479_/A1                              3.000000    3.062843   -0.062843 (VIOLATED)
_38665_/A1                              3.000000    3.062843   -0.062843 (VIOLATED)
_38864_/A1                              3.000000    3.062843   -0.062843 (VIOLATED)
_39051_/A1                              3.000000    3.062843   -0.062843 (VIOLATED)
_39240_/A1                              3.000000    3.062843   -0.062843 (VIOLATED)
_39327_/A1                              3.000000    3.062843   -0.062843 (VIOLATED)
_39433_/A1                              3.000000    3.062843   -0.062843 (VIOLATED)
_39623_/A1                              3.000000    3.062843   -0.062843 (VIOLATED)
_39816_/A1                              3.000000    3.062843   -0.062843 (VIOLATED)
_38277_/Z                               3.000000    3.062832   -0.062832 (VIOLATED)
_47451_/B1                              3.000000    3.061966   -0.061966 (VIOLATED)
_47657_/A1                              3.000000    3.061966   -0.061966 (VIOLATED)
_33894_/A2                              3.000000    3.061965   -0.061965 (VIOLATED)
_47208_/B2                              3.000000    3.061965   -0.061965 (VIOLATED)
_47272_/A1                              3.000000    3.061965   -0.061965 (VIOLATED)
_47330_/B1                              3.000000    3.061965   -0.061965 (VIOLATED)
_47392_/B2                              3.000000    3.061965   -0.061965 (VIOLATED)
_47529_/B1                              3.000000    3.061965   -0.061965 (VIOLATED)
_47586_/A1                              3.000000    3.061965   -0.061965 (VIOLATED)
_47787_/A1                              3.000000    3.061965   -0.061965 (VIOLATED)
_33893_/Z                               3.000000    3.061954   -0.061954 (VIOLATED)
_41824_/A2                              3.000000    3.059326   -0.059326 (VIOLATED)
_42019_/A2                              3.000000    3.059326   -0.059326 (VIOLATED)
_42113_/A2                              3.000000    3.059326   -0.059326 (VIOLATED)
_42214_/A2                              3.000000    3.059326   -0.059326 (VIOLATED)
_42390_/A2                              3.000000    3.059326   -0.059326 (VIOLATED)
_42412_/A2                              3.000000    3.059326   -0.059326 (VIOLATED)
_42501_/A2                              3.000000    3.059326   -0.059326 (VIOLATED)
_42602_/A2                              3.000000    3.059326   -0.059326 (VIOLATED)
_42792_/A2                              3.000000    3.059326   -0.059326 (VIOLATED)
_42890_/A2                              3.000000    3.059326   -0.059326 (VIOLATED)
_41823_/Z                               3.000000    3.059315   -0.059316 (VIOLATED)
_57057_/RN                              3.000000    3.052548   -0.052548 (VIOLATED)
_57058_/RN                              3.000000    3.052548   -0.052548 (VIOLATED)
_57059_/RN                              3.000000    3.052548   -0.052548 (VIOLATED)
_60537_/RN                              3.000000    3.052548   -0.052548 (VIOLATED)
_60538_/RN                              3.000000    3.052548   -0.052548 (VIOLATED)
_60539_/RN                              3.000000    3.052548   -0.052548 (VIOLATED)
_60540_/RN                              3.000000    3.052548   -0.052548 (VIOLATED)
_61063_/RN                              3.000000    3.052548   -0.052548 (VIOLATED)
_61064_/RN                              3.000000    3.052548   -0.052548 (VIOLATED)
_61065_/RN                              3.000000    3.052548   -0.052548 (VIOLATED)
_61066_/RN                              3.000000    3.052548   -0.052548 (VIOLATED)
_61067_/RN                              3.000000    3.052548   -0.052548 (VIOLATED)
_61068_/SETN                            3.000000    3.052548   -0.052548 (VIOLATED)
_61077_/RN                              3.000000    3.052548   -0.052548 (VIOLATED)
_61078_/RN                              3.000000    3.052548   -0.052548 (VIOLATED)
_61079_/RN                              3.000000    3.052548   -0.052548 (VIOLATED)
_61080_/RN                              3.000000    3.052548   -0.052548 (VIOLATED)
_61992_/SETN                            3.000000    3.052548   -0.052548 (VIOLATED)
_61993_/SETN                            3.000000    3.052548   -0.052548 (VIOLATED)
_33159_/A2                              3.000000    3.052548   -0.052548 (VIOLATED)
_33177_/A2                              3.000000    3.052548   -0.052548 (VIOLATED)
_37326_/A2                              3.000000    3.052548   -0.052548 (VIOLATED)
_48567_/A1                              3.000000    3.052548   -0.052548 (VIOLATED)
_61994_/Q                               3.000000    3.052537   -0.052537 (VIOLATED)
_38220_/A1                              3.000000    3.048178   -0.048178 (VIOLATED)
_38442_/A1                              3.000000    3.048178   -0.048178 (VIOLATED)
_38629_/A1                              3.000000    3.048178   -0.048178 (VIOLATED)
_38822_/A1                              3.000000    3.048178   -0.048178 (VIOLATED)
_38915_/A1                              3.000000    3.048178   -0.048178 (VIOLATED)
_39011_/A1                              3.000000    3.048178   -0.048178 (VIOLATED)
_39198_/A1                              3.000000    3.048178   -0.048178 (VIOLATED)
_39396_/A1                              3.000000    3.048178   -0.048178 (VIOLATED)
_39586_/A1                              3.000000    3.048178   -0.048178 (VIOLATED)
_39774_/A1                              3.000000    3.048178   -0.048178 (VIOLATED)
_38219_/Z                               3.000000    3.048168   -0.048168 (VIOLATED)
_36102_/A2                              3.000000    3.046868   -0.046869 (VIOLATED)
_36107_/A2                              3.000000    3.046868   -0.046869 (VIOLATED)
_36177_/B1                              3.000000    3.046868   -0.046869 (VIOLATED)
_36197_/B1                              3.000000    3.046868   -0.046869 (VIOLATED)
_36201_/B1                              3.000000    3.046868   -0.046869 (VIOLATED)
_36322_/B1                              3.000000    3.046868   -0.046869 (VIOLATED)
_36396_/B1                              3.000000    3.046868   -0.046869 (VIOLATED)
_36786_/B2                              3.000000    3.046868   -0.046869 (VIOLATED)
_36868_/A1                              3.000000    3.046868   -0.046869 (VIOLATED)
_36941_/B1                              3.000000    3.046868   -0.046869 (VIOLATED)
_36101_/Z                               3.000000    3.046858   -0.046858 (VIOLATED)
_35901_/A1                              3.000000    3.046322   -0.046322 (VIOLATED)
_35950_/A1                              3.000000    3.046322   -0.046322 (VIOLATED)
_36377_/A1                              3.000000    3.046322   -0.046322 (VIOLATED)
_36391_/A2                              3.000000    3.046322   -0.046322 (VIOLATED)
_36780_/A2                              3.000000    3.046322   -0.046322 (VIOLATED)
_36831_/A1                              3.000000    3.046322   -0.046322 (VIOLATED)
_36842_/A1                              3.000000    3.046322   -0.046322 (VIOLATED)
_36851_/A1                              3.000000    3.046322   -0.046322 (VIOLATED)
_37087_/A2                              3.000000    3.046322   -0.046322 (VIOLATED)
_37096_/A2                              3.000000    3.046322   -0.046322 (VIOLATED)
_35900_/Z                               3.000000    3.046312   -0.046312 (VIOLATED)
_37431_/A1                              3.000000    3.045924   -0.045924 (VIOLATED)
_37618_/A1                              3.000000    3.045924   -0.045924 (VIOLATED)
_37761_/A1                              3.000000    3.045924   -0.045924 (VIOLATED)
_37905_/A1                              3.000000    3.045924   -0.045924 (VIOLATED)
_55931_/A1                              3.000000    3.045924   -0.045924 (VIOLATED)
_55999_/A1                              3.000000    3.045924   -0.045924 (VIOLATED)
_56068_/A1                              3.000000    3.045924   -0.045924 (VIOLATED)
_56136_/A1                              3.000000    3.045924   -0.045924 (VIOLATED)
_29230_/A1                              3.000000    3.045924   -0.045924 (VIOLATED)
_56598_/A1                              3.000000    3.045924   -0.045924 (VIOLATED)
_29219_/Z                               3.000000    3.045913   -0.045913 (VIOLATED)
_34369_/A1                              3.000000    3.045696   -0.045696 (VIOLATED)
_34731_/A1                              3.000000    3.045696   -0.045696 (VIOLATED)
_34741_/A2                              3.000000    3.045696   -0.045696 (VIOLATED)
_35004_/B1                              3.000000    3.045696   -0.045696 (VIOLATED)
_35051_/B2                              3.000000    3.045696   -0.045696 (VIOLATED)
_35091_/B2                              3.000000    3.045696   -0.045696 (VIOLATED)
_35161_/B1                              3.000000    3.045696   -0.045696 (VIOLATED)
_35208_/B2                              3.000000    3.045696   -0.045696 (VIOLATED)
_35249_/B2                              3.000000    3.045696   -0.045696 (VIOLATED)
_35328_/B2                              3.000000    3.045696   -0.045696 (VIOLATED)
_34368_/Z                               3.000000    3.045685   -0.045685 (VIOLATED)
_34476_/ZN                              3.000000    3.044692   -0.044692 (VIOLATED)
_34477_/A3                              3.000000    3.044692   -0.044692 (VIOLATED)
_55933_/A1                              3.000000    3.044533   -0.044533 (VIOLATED)
_56002_/A1                              3.000000    3.044533   -0.044533 (VIOLATED)
_56070_/A1                              3.000000    3.044533   -0.044533 (VIOLATED)
_56139_/A1                              3.000000    3.044533   -0.044533 (VIOLATED)
_37434_/A1                              3.000000    3.044533   -0.044533 (VIOLATED)
_37620_/A1                              3.000000    3.044533   -0.044533 (VIOLATED)
_37763_/A1                              3.000000    3.044533   -0.044533 (VIOLATED)
_37907_/A1                              3.000000    3.044533   -0.044533 (VIOLATED)
_56601_/A1                              3.000000    3.044532   -0.044532 (VIOLATED)
_56667_/A1                              3.000000    3.044532   -0.044532 (VIOLATED)
_37432_/Z                               3.000000    3.044522   -0.044522 (VIOLATED)
_34266_/A1                              3.000000    3.042944   -0.042944 (VIOLATED)
_34290_/A1                              3.000000    3.042944   -0.042944 (VIOLATED)
_34297_/A1                              3.000000    3.042944   -0.042944 (VIOLATED)
_34900_/A1                              3.000000    3.042944   -0.042944 (VIOLATED)
_34905_/A1                              3.000000    3.042944   -0.042944 (VIOLATED)
_34943_/A1                              3.000000    3.042944   -0.042944 (VIOLATED)
_35220_/A1                              3.000000    3.042944   -0.042944 (VIOLATED)
_35349_/A1                              3.000000    3.042944   -0.042944 (VIOLATED)
_35417_/A1                              3.000000    3.042944   -0.042944 (VIOLATED)
_35288_/A1                              3.000000    3.042943   -0.042944 (VIOLATED)
_34265_/Z                               3.000000    3.042933   -0.042933 (VIOLATED)
_34065_/C                               3.000000    3.037749   -0.037749 (VIOLATED)
_34198_/A3                              3.000000    3.037749   -0.037749 (VIOLATED)
_34456_/A2                              3.000000    3.037749   -0.037749 (VIOLATED)
_34467_/A3                              3.000000    3.037749   -0.037749 (VIOLATED)
_34487_/A2                              3.000000    3.037749   -0.037749 (VIOLATED)
_34870_/A3                              3.000000    3.037749   -0.037749 (VIOLATED)
_35027_/A2                              3.000000    3.037749   -0.037749 (VIOLATED)
_35107_/A2                              3.000000    3.037749   -0.037749 (VIOLATED)
_35193_/A2                              3.000000    3.037749   -0.037749 (VIOLATED)
_35374_/A3                              3.000000    3.037749   -0.037749 (VIOLATED)
_34064_/Z                               3.000000    3.037739   -0.037739 (VIOLATED)
_38228_/A1                              3.000000    3.035419   -0.035419 (VIOLATED)
_38447_/A1                              3.000000    3.035419   -0.035419 (VIOLATED)
_38635_/A1                              3.000000    3.035419   -0.035419 (VIOLATED)
_38827_/A1                              3.000000    3.035419   -0.035419 (VIOLATED)
_38973_/A1                              3.000000    3.035419   -0.035419 (VIOLATED)
_39016_/A1                              3.000000    3.035419   -0.035419 (VIOLATED)
_39203_/A1                              3.000000    3.035419   -0.035419 (VIOLATED)
_39401_/A1                              3.000000    3.035419   -0.035419 (VIOLATED)
_39591_/A1                              3.000000    3.035419   -0.035419 (VIOLATED)
_39779_/A1                              3.000000    3.035419   -0.035419 (VIOLATED)
_38227_/Z                               3.000000    3.035409   -0.035409 (VIOLATED)
_36969_/ZN                              3.000000    3.034705   -0.034705 (VIOLATED)
_36978_/A1                              3.000000    3.034705   -0.034705 (VIOLATED)
_44397_/ZN                              3.000000    3.032404   -0.032404 (VIOLATED)
_44398_/I                               3.000000    3.032404   -0.032404 (VIOLATED)
_45268_/I                               3.000000    3.032404   -0.032404 (VIOLATED)
_46032_/I                               3.000000    3.032404   -0.032404 (VIOLATED)
_35462_/ZN                              3.000000    3.028727   -0.028727 (VIOLATED)
_35472_/A2                              3.000000    3.028727   -0.028727 (VIOLATED)
_47251_/B2                              3.000000    3.028337   -0.028337 (VIOLATED)
_47430_/B2                              3.000000    3.028337   -0.028337 (VIOLATED)
_47642_/A1                              3.000000    3.028337   -0.028337 (VIOLATED)
_33867_/A2                              3.000000    3.028336   -0.028336 (VIOLATED)
_47126_/A1                              3.000000    3.028336   -0.028336 (VIOLATED)
_47308_/B2                              3.000000    3.028336   -0.028336 (VIOLATED)
_47366_/A1                              3.000000    3.028336   -0.028336 (VIOLATED)
_47499_/B1                              3.000000    3.028336   -0.028336 (VIOLATED)
_47571_/A1                              3.000000    3.028336   -0.028336 (VIOLATED)
_47772_/A1                              3.000000    3.028336   -0.028336 (VIOLATED)
_33866_/Z                               3.000000    3.028325   -0.028325 (VIOLATED)
_37451_/A1                              3.000000    3.025726   -0.025726 (VIOLATED)
_37634_/A1                              3.000000    3.025726   -0.025726 (VIOLATED)
_37777_/A1                              3.000000    3.025726   -0.025726 (VIOLATED)
_37921_/A1                              3.000000    3.025726   -0.025726 (VIOLATED)
_55947_/A1                              3.000000    3.025726   -0.025726 (VIOLATED)
_56015_/A1                              3.000000    3.025726   -0.025726 (VIOLATED)
_56084_/A1                              3.000000    3.025726   -0.025726 (VIOLATED)
_56152_/A1                              3.000000    3.025726   -0.025726 (VIOLATED)
_56614_/A1                              3.000000    3.025725   -0.025725 (VIOLATED)
_56680_/A1                              3.000000    3.025725   -0.025725 (VIOLATED)
_37449_/Z                               3.000000    3.025715   -0.025715 (VIOLATED)
_45187_/A1                              3.000000    3.022345   -0.022345 (VIOLATED)
_45205_/A1                              3.000000    3.022345   -0.022345 (VIOLATED)
_45223_/A1                              3.000000    3.022345   -0.022345 (VIOLATED)
_45241_/A1                              3.000000    3.022345   -0.022345 (VIOLATED)
_45186_/ZN                              3.000000    3.022343   -0.022343 (VIOLATED)
_37464_/A1                              3.000000    3.021790   -0.021790 (VIOLATED)
_37646_/A1                              3.000000    3.021790   -0.021790 (VIOLATED)
_37789_/A1                              3.000000    3.021790   -0.021790 (VIOLATED)
_37933_/A1                              3.000000    3.021790   -0.021790 (VIOLATED)
_55959_/A1                              3.000000    3.021790   -0.021790 (VIOLATED)
_56027_/A1                              3.000000    3.021790   -0.021790 (VIOLATED)
_56096_/A1                              3.000000    3.021790   -0.021790 (VIOLATED)
_56164_/A1                              3.000000    3.021790   -0.021790 (VIOLATED)
_29398_/A1                              3.000000    3.021790   -0.021790 (VIOLATED)
_56626_/A1                              3.000000    3.021790   -0.021790 (VIOLATED)
_29393_/Z                               3.000000    3.021779   -0.021779 (VIOLATED)
_33307_/ZN                              3.000000    3.019526   -0.019526 (VIOLATED)
_33308_/A1                              3.000000    3.019526   -0.019526 (VIOLATED)
_33418_/A1                              3.000000    3.019526   -0.019526 (VIOLATED)
_33539_/A1                              3.000000    3.019526   -0.019526 (VIOLATED)
_29123_/A1                              3.000000    3.018591   -0.018591 (VIOLATED)
_37399_/A1                              3.000000    3.018591   -0.018591 (VIOLATED)
_37590_/A1                              3.000000    3.018591   -0.018591 (VIOLATED)
_37733_/A1                              3.000000    3.018591   -0.018591 (VIOLATED)
_37877_/A1                              3.000000    3.018591   -0.018591 (VIOLATED)
_55903_/A1                              3.000000    3.018591   -0.018591 (VIOLATED)
_55971_/A1                              3.000000    3.018591   -0.018591 (VIOLATED)
_56040_/A1                              3.000000    3.018591   -0.018591 (VIOLATED)
_56108_/A1                              3.000000    3.018591   -0.018591 (VIOLATED)
_56570_/A1                              3.000000    3.018590   -0.018590 (VIOLATED)
_29118_/Z                               3.000000    3.018580   -0.018580 (VIOLATED)
_29167_/ZN                              3.000000    3.018163   -0.018163 (VIOLATED)
_29171_/B                               3.000000    3.018163   -0.018163 (VIOLATED)
_29172_/A2                              3.000000    3.018163   -0.018163 (VIOLATED)
_29186_/A1                              3.000000    3.018163   -0.018163 (VIOLATED)
_29411_/A1                              3.000000    3.018163   -0.018163 (VIOLATED)
_29412_/A1                              3.000000    3.018163   -0.018163 (VIOLATED)
_34947_/ZN                              3.000000    3.015197   -0.015197 (VIOLATED)
_34958_/A2                              3.000000    3.015197   -0.015197 (VIOLATED)
_35835_/A1                              3.000000    3.013084   -0.013084 (VIOLATED)
_35849_/A2                              3.000000    3.013084   -0.013084 (VIOLATED)
_36064_/B                               3.000000    3.013084   -0.013084 (VIOLATED)
_36106_/A2                              3.000000    3.013084   -0.013084 (VIOLATED)
_36120_/A2                              3.000000    3.013084   -0.013084 (VIOLATED)
_36175_/A2                              3.000000    3.013084   -0.013084 (VIOLATED)
_36283_/A2                              3.000000    3.013084   -0.013084 (VIOLATED)
_36288_/A2                              3.000000    3.013084   -0.013084 (VIOLATED)
_36958_/A2                              3.000000    3.013084   -0.013084 (VIOLATED)
_35977_/I                               3.000000    3.013084   -0.013084 (VIOLATED)
_35827_/Z                               3.000000    3.013074   -0.013074 (VIOLATED)
_34058_/B1                              3.000000    3.011406   -0.011406 (VIOLATED)
_34848_/A1                              3.000000    3.011406   -0.011406 (VIOLATED)
_34962_/A1                              3.000000    3.011406   -0.011406 (VIOLATED)
_34980_/A1                              3.000000    3.011406   -0.011406 (VIOLATED)
_35120_/A1                              3.000000    3.011406   -0.011406 (VIOLATED)
_35136_/A1                              3.000000    3.011406   -0.011406 (VIOLATED)
_35218_/A1                              3.000000    3.011406   -0.011406 (VIOLATED)
_35263_/A1                              3.000000    3.011406   -0.011406 (VIOLATED)
_35285_/A1                              3.000000    3.011406   -0.011406 (VIOLATED)
_35347_/A1                              3.000000    3.011406   -0.011406 (VIOLATED)
_34057_/Z                               3.000000    3.011396   -0.011396 (VIOLATED)
_36592_/C                               3.000000    3.009962   -0.009962 (VIOLATED)
_36671_/C                               3.000000    3.009962   -0.009962 (VIOLATED)
_35947_/A3                              3.000000    3.009962   -0.009962 (VIOLATED)
_36225_/B                               3.000000    3.009962   -0.009962 (VIOLATED)
_36433_/A3                              3.000000    3.009962   -0.009962 (VIOLATED)
_36570_/A2                              3.000000    3.009962   -0.009962 (VIOLATED)
_36651_/A3                              3.000000    3.009962   -0.009962 (VIOLATED)
_36690_/A3                              3.000000    3.009962   -0.009962 (VIOLATED)
_36750_/A2                              3.000000    3.009962   -0.009962 (VIOLATED)
_36768_/A2                              3.000000    3.009962   -0.009962 (VIOLATED)
_35946_/Z                               3.000000    3.009952   -0.009952 (VIOLATED)
_33986_/B1                              3.000000    3.006570   -0.006570 (VIOLATED)
_34868_/A1                              3.000000    3.006570   -0.006570 (VIOLATED)
_34920_/A1                              3.000000    3.006570   -0.006570 (VIOLATED)
_34961_/A1                              3.000000    3.006570   -0.006570 (VIOLATED)
_35030_/A1                              3.000000    3.006570   -0.006570 (VIOLATED)
_35069_/A1                              3.000000    3.006570   -0.006570 (VIOLATED)
_35100_/A1                              3.000000    3.006570   -0.006570 (VIOLATED)
_35181_/A1                              3.000000    3.006570   -0.006570 (VIOLATED)
_35217_/A1                              3.000000    3.006570   -0.006570 (VIOLATED)
_35276_/A1                              3.000000    3.006570   -0.006570 (VIOLATED)
_33985_/Z                               3.000000    3.006560   -0.006560 (VIOLATED)
_34299_/A1                              3.000000    3.005366   -0.005366 (VIOLATED)
_34897_/A1                              3.000000    3.005366   -0.005366 (VIOLATED)
_35120_/B1                              3.000000    3.005366   -0.005366 (VIOLATED)
_35379_/A1                              3.000000    3.005366   -0.005366 (VIOLATED)
_35420_/A1                              3.000000    3.005366   -0.005366 (VIOLATED)
_35425_/A1                              3.000000    3.005366   -0.005366 (VIOLATED)
_35446_/A1                              3.000000    3.005366   -0.005366 (VIOLATED)
_35455_/A1                              3.000000    3.005366   -0.005366 (VIOLATED)
_35196_/B1                              3.000000    3.005366   -0.005366 (VIOLATED)
_35237_/B1                              3.000000    3.005366   -0.005366 (VIOLATED)
_34298_/Z                               3.000000    3.005355   -0.005355 (VIOLATED)
_38264_/A1                              3.000000    3.002485   -0.002485 (VIOLATED)
_38468_/A1                              3.000000    3.002485   -0.002485 (VIOLATED)
_38655_/A1                              3.000000    3.002485   -0.002485 (VIOLATED)
_38849_/A1                              3.000000    3.002485   -0.002485 (VIOLATED)
_39041_/A1                              3.000000    3.002485   -0.002485 (VIOLATED)
_39208_/A1                              3.000000    3.002485   -0.002485 (VIOLATED)
_39230_/A1                              3.000000    3.002485   -0.002485 (VIOLATED)
_39421_/A1                              3.000000    3.002485   -0.002485 (VIOLATED)
_39613_/A1                              3.000000    3.002485   -0.002485 (VIOLATED)
_39799_/A1                              3.000000    3.002485   -0.002485 (VIOLATED)
_38263_/Z                               3.000000    3.002474   -0.002474 (VIOLATED)
_35905_/A1                              3.000000    3.000725   -0.000725 (VIOLATED)
_36011_/A1                              3.000000    3.000725   -0.000725 (VIOLATED)
_35965_/B1                              3.000000    3.000725   -0.000725 (VIOLATED)
_35973_/B1                              3.000000    3.000725   -0.000725 (VIOLATED)
_36425_/B1                              3.000000    3.000725   -0.000725 (VIOLATED)
_36530_/A1                              3.000000    3.000725   -0.000725 (VIOLATED)
_36588_/B1                              3.000000    3.000725   -0.000725 (VIOLATED)
_36667_/B1                              3.000000    3.000725   -0.000725 (VIOLATED)
_36781_/A1                              3.000000    3.000725   -0.000725 (VIOLATED)
_36826_/A1                              3.000000    3.000725   -0.000725 (VIOLATED)
_35904_/Z                               3.000000    3.000715   -0.000715 (VIOLATED)
_42183_/A2                              3.000000    3.000109   -0.000109 (VIOLATED)
_42287_/A2                              3.000000    3.000109   -0.000109 (VIOLATED)
_42380_/A2                              3.000000    3.000109   -0.000109 (VIOLATED)
_42476_/A2                              3.000000    3.000109   -0.000109 (VIOLATED)
_42577_/A2                              3.000000    3.000109   -0.000109 (VIOLATED)
_42668_/A2                              3.000000    3.000109   -0.000109 (VIOLATED)
_42765_/A2                              3.000000    3.000109   -0.000109 (VIOLATED)
_42858_/A2                              3.000000    3.000109   -0.000109 (VIOLATED)
_42954_/A2                              3.000000    3.000109   -0.000109 (VIOLATED)
_43053_/A2                              3.000000    3.000109   -0.000109 (VIOLATED)
_42182_/Z                               3.000000    3.000098   -0.000099 (VIOLATED)

max fanout

Pin                                   Limit Fanout  Slack
---------------------------------------------------------
clk_i                                    10   1461  -1451 (VIOLATED)
i_core_v_mini_mcu.cpu_subsystem_i.hart_clock_gate_0_0.u_icg/Q     10   1385  -1375 (VIOLATED)
i_core_v_mini_mcu.cpu_subsystem_i.hart_clock_gate_1_0.u_icg/Q     10   1214  -1204 (VIOLATED)
rst_ni                                   10   1110  -1100 (VIOLATED)
i_core_v_mini_mcu.memory_subsystem_i.gen_sram[0].clk_gating_cell_i.u_icg/Q     10   1062  -1052 (VIOLATED)
i_core_v_mini_mcu.peripheral_subsystem_i.clk_gating_cell.u_icg/Q     10    467   -457 (VIOLATED)
_60836_/Q                                10    405   -395 (VIOLATED)
_61305_/Q                                10    146   -136 (VIOLATED)
_61486_/Q                                10    129   -119 (VIOLATED)
_61306_/Q                                10     74    -64 (VIOLATED)
_61487_/Q                                10     72    -62 (VIOLATED)
_61886_/Q                                10     71    -61 (VIOLATED)
_61085_/Q                                10     67    -57 (VIOLATED)
_61768_/Q                                10     57    -47 (VIOLATED)
_61767_/Q                                10     56    -46 (VIOLATED)
_61770_/Q                                10     56    -46 (VIOLATED)
_61771_/Q                                10     55    -45 (VIOLATED)
_61086_/Q                                10     49    -39 (VIOLATED)
_61236_/Q                                10     37    -27 (VIOLATED)
_61800_/Q                                10     31    -21 (VIOLATED)
_61087_/Q                                10     29    -19 (VIOLATED)
_61028_/Q                                10     27    -17 (VIOLATED)
_61772_/Q                                10     23    -13 (VIOLATED)
_61994_/Q                                10     23    -13 (VIOLATED)
_61684_/Q                                10     22    -12 (VIOLATED)
_61769_/Q                                10     18     -8 (VIOLATED)
_61303_/Q                                10     17     -7 (VIOLATED)
_60615_/Q                                10     16     -6 (VIOLATED)
_61484_/Q                                10     16     -6 (VIOLATED)
_62144_/Q                                10     16     -6 (VIOLATED)
_61566_/Q                                10     15     -5 (VIOLATED)
_61079_/Q                                10     14     -4 (VIOLATED)
_61725_/Q                                10     14     -4 (VIOLATED)
_61731_/Q                                10     13     -3 (VIOLATED)
_61851_/Q                                10     13     -3 (VIOLATED)
_61726_/Q                                10     12     -2 (VIOLATED)
_61766_/Q                                10     12     -2 (VIOLATED)
_62189_/Q                                10     12     -2 (VIOLATED)
_61732_/Q                                10     11        (VIOLATED)

max capacitance

Pin                                        Limit         Cap       Slack
------------------------------------------------------------------------
rst_ni                                  0.200000   10.009331   -9.809331 (VIOLATED)
clk_i                                   0.200000    7.563532   -7.363533 (VIOLATED)
i_core_v_mini_mcu.cpu_subsystem_i.hart_clock_gate_0_0.u_icg/Q    0.200000    6.859155   -6.659155 (VIOLATED)
i_core_v_mini_mcu.cpu_subsystem_i.hart_clock_gate_1_0.u_icg/Q    0.200000    6.006196   -5.806196 (VIOLATED)
i_core_v_mini_mcu.memory_subsystem_i.gen_sram[0].clk_gating_cell_i.u_icg/Q    0.200000    5.546024   -5.346024 (VIOLATED)
_60836_/Q                               0.200000    3.623316   -3.423316 (VIOLATED)
i_core_v_mini_mcu.peripheral_subsystem_i.clk_gating_cell.u_icg/Q    0.200000    2.375400   -2.175400 (VIOLATED)
_61305_/Q                               0.200000    1.213998   -1.013998 (VIOLATED)
_61486_/Q                               0.200000    1.047414   -0.847414 (VIOLATED)
_61306_/Q                               0.200000    0.718278   -0.518278 (VIOLATED)
_61487_/Q                               0.200000    0.701192   -0.501192 (VIOLATED)
_61886_/Q                               0.200000    0.570188   -0.370188 (VIOLATED)
_61085_/Q                               0.200000    0.437748   -0.237748 (VIOLATED)
_61768_/Q                               0.200000    0.378003   -0.178003 (VIOLATED)
_61767_/Q                               0.200000    0.375658   -0.175658 (VIOLATED)
_61770_/Q                               0.200000    0.370478   -0.170478 (VIOLATED)
_61771_/Q                               0.200000    0.369281   -0.169281 (VIOLATED)
_61086_/Q                               0.200000    0.306577   -0.106577 (VIOLATED)
_38176_/ZN                              0.084260    0.183588   -0.099328 (VIOLATED)
_38197_/ZN                              0.084260    0.179642   -0.095382 (VIOLATED)
_38190_/ZN                              0.084260    0.178460   -0.094200 (VIOLATED)
_38183_/ZN                              0.084260    0.177547   -0.093287 (VIOLATED)
_38248_/ZN                              0.084260    0.166409   -0.082149 (VIOLATED)
_38204_/ZN                              0.084260    0.162565   -0.078305 (VIOLATED)
_38240_/ZN                              0.084260    0.161797   -0.077537 (VIOLATED)
_38211_/ZN                              0.084260    0.160448   -0.076188 (VIOLATED)
_38255_/ZN                              0.084260    0.155535   -0.071275 (VIOLATED)
_38226_/ZN                              0.084260    0.150180   -0.065920 (VIOLATED)
_61236_/Q                               0.200000    0.264759   -0.064759 (VIOLATED)
_38269_/ZN                              0.084260    0.148836   -0.064576 (VIOLATED)
_45286_/Z                               0.200000    0.263558   -0.063558 (VIOLATED)
_38218_/ZN                              0.084260    0.145717   -0.061457 (VIOLATED)
_45280_/Z                               0.200000    0.261447   -0.061447 (VIOLATED)
_45277_/Z                               0.200000    0.261342   -0.061342 (VIOLATED)
_38276_/ZN                              0.084260    0.144639   -0.060379 (VIOLATED)
_38262_/ZN                              0.084260    0.142574   -0.058314 (VIOLATED)
_46047_/Z                               0.200000    0.253571   -0.053571 (VIOLATED)
_46038_/Z                               0.200000    0.252986   -0.052986 (VIOLATED)
_45306_/Z                               0.200000    0.250278   -0.050278 (VIOLATED)
_45274_/Z                               0.200000    0.249931   -0.049931 (VIOLATED)
_38283_/ZN                              0.084260    0.133835   -0.049575 (VIOLATED)
_45349_/Z                               0.200000    0.248575   -0.048575 (VIOLATED)
_45352_/Z                               0.200000    0.247047   -0.047047 (VIOLATED)
_38290_/ZN                              0.084260    0.130499   -0.046239 (VIOLATED)
_45332_/Z                               0.200000    0.246010   -0.046010 (VIOLATED)
_46044_/Z                               0.200000    0.245979   -0.045979 (VIOLATED)
_46041_/Z                               0.200000    0.245947   -0.045947 (VIOLATED)
_45283_/Z                               0.200000    0.245774   -0.045774 (VIOLATED)
_45309_/Z                               0.200000    0.245575   -0.045575 (VIOLATED)
_45271_/Z                               0.200000    0.245362   -0.045362 (VIOLATED)
_45312_/Z                               0.200000    0.244725   -0.044725 (VIOLATED)
_45355_/Z                               0.200000    0.244667   -0.044667 (VIOLATED)
_45361_/Z                               0.200000    0.244264   -0.044264 (VIOLATED)
_38139_/ZN                              0.125100    0.169269   -0.044169 (VIOLATED)
_45364_/Z                               0.200000    0.243687   -0.043687 (VIOLATED)
_38146_/ZN                              0.125100    0.168379   -0.043279 (VIOLATED)
_38041_/ZN                              0.125100    0.167591   -0.042491 (VIOLATED)
_44516_/Z                               0.200000    0.241935   -0.041935 (VIOLATED)
_44523_/Z                               0.200000    0.241808   -0.041808 (VIOLATED)
_38327_/ZN                              0.125100    0.166906   -0.041806 (VIOLATED)
_45335_/Z                               0.200000    0.240630   -0.040630 (VIOLATED)
_38308_/ZN                              0.125100    0.165406   -0.040306 (VIOLATED)
_44410_/Z                               0.200000    0.239420   -0.039420 (VIOLATED)
_44541_/Z                               0.200000    0.238445   -0.038445 (VIOLATED)
_45326_/Z                               0.200000    0.238022   -0.038022 (VIOLATED)
_46050_/Z                               0.200000    0.236517   -0.036517 (VIOLATED)
_34006_/Z                               0.200000    0.235913   -0.035913 (VIOLATED)
_45297_/Z                               0.200000    0.235875   -0.035875 (VIOLATED)
_45320_/Z                               0.200000    0.235686   -0.035686 (VIOLATED)
_60615_/Q                               0.200000    0.235672   -0.035672 (VIOLATED)
_35850_/Z                               0.200000    0.235665   -0.035665 (VIOLATED)
_44422_/Z                               0.200000    0.235559   -0.035559 (VIOLATED)
_45358_/Z                               0.200000    0.235407   -0.035407 (VIOLATED)
_45268_/Z                               0.200000    0.234769   -0.034769 (VIOLATED)
_38168_/ZN                              0.125100    0.158693   -0.033593 (VIOLATED)
_45300_/Z                               0.200000    0.233530   -0.033530 (VIOLATED)
_45303_/Z                               0.200000    0.233483   -0.033483 (VIOLATED)
_38124_/ZN                              0.125100    0.158496   -0.033396 (VIOLATED)
_38131_/ZN                              0.125100    0.158398   -0.033298 (VIOLATED)
_46077_/Z                               0.200000    0.232952   -0.032952 (VIOLATED)
_45338_/Z                               0.200000    0.232796   -0.032796 (VIOLATED)
_38110_/ZN                              0.125100    0.157797   -0.032697 (VIOLATED)
_38160_/ZN                              0.125100    0.157203   -0.032103 (VIOLATED)
_45341_/Z                               0.200000    0.231978   -0.031978 (VIOLATED)
_34910_/Z                               0.200000    0.231239   -0.031239 (VIOLATED)
_45329_/Z                               0.200000    0.231052   -0.031052 (VIOLATED)
_46092_/Z                               0.200000    0.230894   -0.030894 (VIOLATED)
_46035_/Z                               0.200000    0.230721   -0.030721 (VIOLATED)
_45259_/Z                               0.200000    0.230589   -0.030589 (VIOLATED)
_45346_/Z                               0.200000    0.230294   -0.030294 (VIOLATED)
_44404_/Z                               0.200000    0.230126   -0.030126 (VIOLATED)
_38320_/ZN                              0.125100    0.155035   -0.029935 (VIOLATED)
_35851_/Z                               0.200000    0.229773   -0.029773 (VIOLATED)
_46119_/Z                               0.200000    0.229762   -0.029762 (VIOLATED)
_46098_/Z                               0.200000    0.229135   -0.029135 (VIOLATED)
_49917_/ZN                              0.073370    0.102421   -0.029051 (VIOLATED)
_38117_/ZN                              0.125100    0.153934   -0.028834 (VIOLATED)
_46074_/Z                               0.200000    0.228661   -0.028661 (VIOLATED)
_35817_/Z                               0.200000    0.228610   -0.028610 (VIOLATED)
_46065_/Z                               0.200000    0.228562   -0.028562 (VIOLATED)
_41368_/ZN                              0.143500    0.171844   -0.028344 (VIOLATED)
_44364_/Z                               0.200000    0.228110   -0.028110 (VIOLATED)
_44529_/Z                               0.200000    0.227971   -0.027971 (VIOLATED)
_38101_/ZN                              0.125100    0.152883   -0.027783 (VIOLATED)
_46131_/Z                               0.200000    0.227555   -0.027555 (VIOLATED)
_33898_/Z                               0.200000    0.227333   -0.027333 (VIOLATED)
_44581_/Z                               0.200000    0.227304   -0.027304 (VIOLATED)
_45368_/ZN                              0.200000    0.227281   -0.027281 (VIOLATED)
_45323_/Z                               0.200000    0.227073   -0.027073 (VIOLATED)
_45734_/ZN                              0.200000    0.226755   -0.026755 (VIOLATED)
_46068_/Z                               0.200000    0.225961   -0.025961 (VIOLATED)
_44398_/Z                               0.200000    0.225016   -0.025016 (VIOLATED)
_45315_/Z                               0.200000    0.224900   -0.024900 (VIOLATED)
_44576_/Z                               0.200000    0.224438   -0.024438 (VIOLATED)
_46116_/Z                               0.200000    0.224381   -0.024381 (VIOLATED)
_49916_/ZN                              0.084260    0.108639   -0.024379 (VIOLATED)
_46071_/Z                               0.200000    0.224075   -0.024075 (VIOLATED)
_45289_/Z                               0.200000    0.223520   -0.023520 (VIOLATED)
_45294_/Z                               0.200000    0.223234   -0.023234 (VIOLATED)
_47976_/Z                               0.200000    0.223137   -0.023137 (VIOLATED)
_46101_/Z                               0.200000    0.222823   -0.022823 (VIOLATED)
_47788_/Z                               0.200000    0.222787   -0.022787 (VIOLATED)
_28732_/Z                               0.200000    0.222415   -0.022415 (VIOLATED)
_44571_/Z                               0.200000    0.222355   -0.022355 (VIOLATED)
_46125_/Z                               0.200000    0.222286   -0.022286 (VIOLATED)
_35836_/Z                               0.200000    0.221989   -0.021989 (VIOLATED)
_46128_/Z                               0.200000    0.221203   -0.021203 (VIOLATED)
_46062_/Z                               0.200000    0.219831   -0.019831 (VIOLATED)
_33889_/Z                               0.200000    0.219701   -0.019701 (VIOLATED)
_33901_/Z                               0.200000    0.219286   -0.019286 (VIOLATED)
_29110_/Z                               0.200000    0.219190   -0.019190 (VIOLATED)
_45587_/ZN                              0.200000    0.219148   -0.019148 (VIOLATED)
_44560_/Z                               0.200000    0.218958   -0.018958 (VIOLATED)
_46095_/Z                               0.200000    0.218792   -0.018792 (VIOLATED)
_46089_/Z                               0.200000    0.218730   -0.018730 (VIOLATED)
_44434_/Z                               0.200000    0.217948   -0.017948 (VIOLATED)
_44416_/Z                               0.200000    0.217798   -0.017798 (VIOLATED)
_35625_/Z                               0.200000    0.217668   -0.017668 (VIOLATED)
_35829_/Z                               0.200000    0.217341   -0.017341 (VIOLATED)
_44476_/Z                               0.200000    0.217256   -0.017256 (VIOLATED)
_44566_/Z                               0.200000    0.217250   -0.017250 (VIOLATED)
_33679_/ZN                              0.163300    0.179648   -0.016348 (VIOLATED)
_47929_/Z                               0.200000    0.216323   -0.016323 (VIOLATED)
_47810_/Z                               0.200000    0.215991   -0.015991 (VIOLATED)
_35813_/Z                               0.200000    0.215887   -0.015887 (VIOLATED)
_34832_/Z                               0.200000    0.215379   -0.015379 (VIOLATED)
_48021_/Z                               0.200000    0.215357   -0.015357 (VIOLATED)
_47609_/Z                               0.200000    0.214998   -0.014998 (VIOLATED)
_46104_/Z                               0.200000    0.214789   -0.014789 (VIOLATED)
_34292_/Z                               0.200000    0.214369   -0.014369 (VIOLATED)
_38094_/ZN                              0.125100    0.139140   -0.014040 (VIOLATED)
_44482_/Z                               0.200000    0.213824   -0.013824 (VIOLATED)
_44587_/Z                               0.200000    0.213783   -0.013783 (VIOLATED)
_34255_/Z                               0.200000    0.213636   -0.013636 (VIOLATED)
_44470_/Z                               0.200000    0.213481   -0.013481 (VIOLATED)
_35909_/Z                               0.200000    0.213102   -0.013102 (VIOLATED)
_44452_/Z                               0.200000    0.213052   -0.013052 (VIOLATED)
_33904_/Z                               0.200000    0.212973   -0.012973 (VIOLATED)
_41260_/ZN                              0.143500    0.156026   -0.012526 (VIOLATED)
_44465_/Z                               0.200000    0.212211   -0.012211 (VIOLATED)
_46122_/Z                               0.200000    0.211618   -0.011618 (VIOLATED)
_38087_/ZN                              0.125100    0.136560   -0.011460 (VIOLATED)
_33874_/Z                               0.200000    0.211367   -0.011367 (VIOLATED)
_34886_/Z                               0.200000    0.210996   -0.010996 (VIOLATED)
_44502_/Z                               0.200000    0.210795   -0.010795 (VIOLATED)
_34451_/Z                               0.200000    0.210652   -0.010652 (VIOLATED)
_34125_/Z                               0.200000    0.210474   -0.010474 (VIOLATED)
_34271_/Z                               0.200000    0.210463   -0.010463 (VIOLATED)
_34254_/Z                               0.200000    0.210384   -0.010384 (VIOLATED)
_47635_/Z                               0.200000    0.209960   -0.009960 (VIOLATED)
_35787_/Z                               0.200000    0.209404   -0.009404 (VIOLATED)
_34258_/Z                               0.200000    0.208759   -0.008759 (VIOLATED)
_33997_/Z                               0.200000    0.208650   -0.008650 (VIOLATED)
_44441_/Z                               0.200000    0.208497   -0.008497 (VIOLATED)
_33908_/Z                               0.200000    0.208411   -0.008411 (VIOLATED)
_34165_/Z                               0.200000    0.208369   -0.008369 (VIOLATED)
_47242_/Z                               0.200000    0.208336   -0.008336 (VIOLATED)
_34089_/Z                               0.200000    0.208297   -0.008297 (VIOLATED)
_44488_/Z                               0.200000    0.208255   -0.008255 (VIOLATED)
_47587_/Z                               0.200000    0.208088   -0.008088 (VIOLATED)
_61800_/Q                               0.200000    0.207705   -0.007705 (VIOLATED)
_44509_/Z                               0.200000    0.207229   -0.007229 (VIOLATED)
_36002_/Z                               0.200000    0.206967   -0.006967 (VIOLATED)
_33911_/Z                               0.200000    0.206903   -0.006903 (VIOLATED)
_44546_/Z                               0.200000    0.206695   -0.006695 (VIOLATED)
_34839_/Z                               0.200000    0.206307   -0.006307 (VIOLATED)
_48092_/Z                               0.200000    0.206255   -0.006255 (VIOLATED)
_39255_/ZN                              0.084260    0.090260   -0.006000 (VIOLATED)
_44428_/Z                               0.200000    0.205917   -0.005917 (VIOLATED)
_44555_/Z                               0.200000    0.205907   -0.005907 (VIOLATED)
_35796_/Z                               0.200000    0.205534   -0.005534 (VIOLATED)
_44535_/Z                               0.200000    0.205339   -0.005339 (VIOLATED)
_38074_/ZN                              0.125100    0.130324   -0.005224 (VIOLATED)
_41566_/ZN                              0.143500    0.148620   -0.005120 (VIOLATED)
_35764_/Z                               0.200000    0.205009   -0.005009 (VIOLATED)
_36028_/Z                               0.200000    0.204647   -0.004647 (VIOLATED)
_34302_/Z                               0.200000    0.204570   -0.004570 (VIOLATED)
_35777_/Z                               0.200000    0.204453   -0.004453 (VIOLATED)
_36030_/Z                               0.200000    0.203975   -0.003975 (VIOLATED)
_34272_/Z                               0.200000    0.203728   -0.003728 (VIOLATED)
_34269_/Z                               0.200000    0.203308   -0.003308 (VIOLATED)
_34009_/Z                               0.200000    0.203166   -0.003166 (VIOLATED)
_46113_/Z                               0.200000    0.202622   -0.002622 (VIOLATED)
_34883_/Z                               0.200000    0.202570   -0.002570 (VIOLATED)
_35941_/Z                               0.200000    0.202103   -0.002103 (VIOLATED)
_46032_/Z                               0.200000    0.201925   -0.001925 (VIOLATED)
_34088_/Z                               0.200000    0.201818   -0.001818 (VIOLATED)
_34826_/Z                               0.200000    0.201227   -0.001227 (VIOLATED)
_34014_/Z                               0.200000    0.201120   -0.001120 (VIOLATED)
_36042_/Z                               0.200000    0.200606   -0.000606 (VIOLATED)



===========================================================================
report_parasitic_annotation -report_unannotated
============================================================================
Found 0 unannotated drivers.
Found 19 partially unannotated drivers.
 spi_flash_sd_io[0]
 spi_flash_sd_io[1]
 spi_flash_sd_io[2]
 spi_flash_sd_io[3]
 _30260_/ZN
 _30335_/ZN
 _35567_/ZN
 _60874_/Q
 _62648_/Z
 _62649_/Z
 _62650_/Z
 _62651_/Z
 _62652_/Z
 _62653_/Z
 _62654_/Z
 gen_flash_sd\[0\].u_pad_drv/Z
 gen_flash_sd\[1\].u_pad_drv/Z
 gen_flash_sd\[2\].u_pad_drv/Z
 gen_flash_sd\[3\].u_pad_drv/Z

===========================================================================
max slew violation count 10750
Writing metric design__max_slew_violation__count__corner:nom_tt_025C_5v00: 10750
max fanout violation count 39
Writing metric design__max_fanout_violation__count__corner:nom_tt_025C_5v00: 39
max cap violation count 210
Writing metric design__max_cap_violation__count__corner:nom_tt_025C_5v00: 210
============================================================================

===========================================================================
check_setup -verbose -unconstrained_endpoints -multiple_clock -no_clock -no_input_delay -loops -generated_clocks
===========================================================================
