
===========================================================================
report_checks -unconstrained
===========================================================================
======================= nom_ss_125C_4v50 Corner ===================================

Startpoint: rst_ni (input port clocked by clk_i)
Endpoint: _62379_ (recovery check against rising-edge clock clk_i)
Path Group: asynchronous
Path Type: max

Fanout         Cap        Slew       Delay        Time   Description
---------------------------------------------------------------------------------------------
                                  0.000000    0.000000   clock clk_i (rise edge)
                                  0.000000    0.000000   clock network delay (propagated)
                                 20.000000   20.000000 ^ input external delay
     1    0.007480    0.291307    0.119471   20.119471 ^ rst_ni (in)
                                                         rst_ni (net)
                      0.291307    0.000000   20.119471 ^ input3/I (gf180mcu_fd_sc_mcu7t5v0__dlyb_1)
     2    0.079319    2.245708    2.874952   22.994423 ^ input3/Z (gf180mcu_fd_sc_mcu7t5v0__dlyb_1)
                                                         net3 (net)
                      2.245816    0.008704   23.003128 ^ fanout1872/I (gf180mcu_fd_sc_mcu7t5v0__dlyb_1)
     5    0.147010    4.078328    3.968303   26.971430 ^ fanout1872/Z (gf180mcu_fd_sc_mcu7t5v0__dlyb_1)
                                                         net1872 (net)
                      4.078345    0.004714   26.976145 ^ fanout1871/I (gf180mcu_fd_sc_mcu7t5v0__dlyb_1)
     5    0.081183    2.295988    2.855499   29.831644 ^ fanout1871/Z (gf180mcu_fd_sc_mcu7t5v0__dlyb_1)
                                                         net1871 (net)
                      2.295988    0.001485   29.833128 ^ fanout1869/I (gf180mcu_fd_sc_mcu7t5v0__dlyb_1)
     2    0.025016    0.804244    2.080036   31.913164 ^ fanout1869/Z (gf180mcu_fd_sc_mcu7t5v0__dlyb_1)
                                                         net1869 (net)
                      0.804244    0.000313   31.913477 ^ fanout1868/I (gf180mcu_fd_sc_mcu7t5v0__dlyb_1)
     6    0.082582    2.335080    2.976115   34.889591 ^ fanout1868/Z (gf180mcu_fd_sc_mcu7t5v0__dlyb_1)
                                                         net1868 (net)
                      2.335080    0.000629   34.890221 ^ fanout1867/I (gf180mcu_fd_sc_mcu7t5v0__dlyb_1)
     5    0.066983    1.914212    2.729848   37.620071 ^ fanout1867/Z (gf180mcu_fd_sc_mcu7t5v0__dlyb_1)
                                                         net1867 (net)
                      1.914212    0.001112   37.621181 ^ fanout1866/I (gf180mcu_fd_sc_mcu7t5v0__dlyb_1)
     6    0.056866    1.642973    2.588102   40.209286 ^ fanout1866/Z (gf180mcu_fd_sc_mcu7t5v0__dlyb_1)
                                                         net1866 (net)
                      1.642973    0.001421   40.210705 ^ fanout1865/I (gf180mcu_fd_sc_mcu7t5v0__dlyb_1)
    10    0.099410    2.789512    3.252684   43.463390 ^ fanout1865/Z (gf180mcu_fd_sc_mcu7t5v0__dlyb_1)
                                                         net1865 (net)
                      2.789526    0.003542   43.466930 ^ _62379_/RN (gf180mcu_fd_sc_mcu7t5v0__dffrnq_1)
                                             43.466930   data arrival time

                                100.000000  100.000000   clock clk_i (rise edge)
                                  0.000000  100.000000   clock source latency
     2    0.202991    1.419653    0.786528  100.786522 ^ clk_i (in)
                                                         clk_i (net)
                      1.420112    0.000000  100.786522 ^ delaybuf_1_clk_i/I (gf180mcu_fd_sc_mcu7t5v0__clkbuf_16)
     1    0.044649    0.227909    0.651163  101.437691 ^ delaybuf_1_clk_i/Z (gf180mcu_fd_sc_mcu7t5v0__clkbuf_16)
                                                         delaynet_1_clk_i (net)
                      0.227918    0.002693  101.440384 ^ delaybuf_2_clk_i/I (gf180mcu_fd_sc_mcu7t5v0__clkbuf_16)
     1    0.042327    0.193062    0.440536  101.880920 ^ delaybuf_2_clk_i/Z (gf180mcu_fd_sc_mcu7t5v0__clkbuf_16)
                                                         delaynet_2_clk_i (net)
                      0.193072    0.002601  101.883514 ^ delaybuf_3_clk_i/I (gf180mcu_fd_sc_mcu7t5v0__clkbuf_16)
     1    0.042552    0.193317    0.433282  102.316803 ^ delaybuf_3_clk_i/Z (gf180mcu_fd_sc_mcu7t5v0__clkbuf_16)
                                                         delaynet_3_clk_i (net)
                      0.193326    0.002522  102.319321 ^ clkbuf_regs_0_clk_i/I (gf180mcu_fd_sc_mcu7t5v0__clkbuf_16)
     1    0.026624    0.168515    0.414481  102.733803 ^ clkbuf_regs_0_clk_i/Z (gf180mcu_fd_sc_mcu7t5v0__clkbuf_16)
                                                         clk_i_regs (net)
                      0.168515    0.000675  102.734482 ^ clkbuf_0_clk_i_regs/I (gf180mcu_fd_sc_mcu7t5v0__clkbuf_16)
    16    0.437752    0.802424    0.807241  103.541718 ^ clkbuf_0_clk_i_regs/Z (gf180mcu_fd_sc_mcu7t5v0__clkbuf_16)
                                                         clknet_0_clk_i_regs (net)
                      0.805226    0.021281  103.562996 ^ clkbuf_4_7_0_clk_i_regs/I (gf180mcu_fd_sc_mcu7t5v0__clkbuf_8)
     8    0.165532    0.642485    0.848793  104.411789 ^ clkbuf_4_7_0_clk_i_regs/Z (gf180mcu_fd_sc_mcu7t5v0__clkbuf_8)
                                                         clknet_4_7_0_clk_i_regs (net)
                      0.642487    0.001997  104.413788 ^ clkbuf_leaf_88_clk_i_regs/I (gf180mcu_fd_sc_mcu7t5v0__clkbuf_8)
    10    0.063834    0.322852    0.616687  105.030479 ^ clkbuf_leaf_88_clk_i_regs/Z (gf180mcu_fd_sc_mcu7t5v0__clkbuf_8)
                                                         clknet_leaf_88_clk_i_regs (net)
                      0.322852    0.000369  105.030846 ^ _62379_/CLK (gf180mcu_fd_sc_mcu7t5v0__dffrnq_1)
                                 -0.250000  104.780846   clock uncertainty
                                  0.000000  104.780846   clock reconvergence pessimism
                                 -0.166551  104.614296   library recovery time
                                            104.614296   data required time
---------------------------------------------------------------------------------------------
                                            104.614296   data required time
                                            -43.466930   data arrival time
---------------------------------------------------------------------------------------------
                                             61.147362   slack (MET)


Startpoint: _61989_ (falling edge-triggered flip-flop clocked by clk_i)
Endpoint: spi_flash_sd_io[2] (output port clocked by clk_i)
Path Group: clk_i
Path Type: max

Fanout         Cap        Slew       Delay        Time   Description
---------------------------------------------------------------------------------------------
                                 50.000000   50.000000   clock clk_i (fall edge)
                                  0.000000   50.000000   clock source latency
     2    0.202991    0.824877    0.479368   50.479366 v clk_i (in)
                                                         clk_i (net)
                      0.825605    0.000000   50.479366 v delaybuf_1_clk_i/I (gf180mcu_fd_sc_mcu7t5v0__clkbuf_16)
     1    0.044649    0.205623    0.613913   51.093277 v delaybuf_1_clk_i/Z (gf180mcu_fd_sc_mcu7t5v0__clkbuf_16)
                                                         delaynet_1_clk_i (net)
                      0.205634    0.002697   51.095974 v delaybuf_2_clk_i/I (gf180mcu_fd_sc_mcu7t5v0__clkbuf_16)
     1    0.042327    0.188928    0.434508   51.530483 v delaybuf_2_clk_i/Z (gf180mcu_fd_sc_mcu7t5v0__clkbuf_16)
                                                         delaynet_2_clk_i (net)
                      0.188940    0.002597   51.533081 v delaybuf_3_clk_i/I (gf180mcu_fd_sc_mcu7t5v0__clkbuf_16)
     1    0.042552    0.189291    0.429811   51.962891 v delaybuf_3_clk_i/Z (gf180mcu_fd_sc_mcu7t5v0__clkbuf_16)
                                                         delaynet_3_clk_i (net)
                      0.189303    0.002519   51.965408 v clkbuf_regs_0_clk_i/I (gf180mcu_fd_sc_mcu7t5v0__clkbuf_16)
     1    0.026624    0.164141    0.409607   52.375015 v clkbuf_regs_0_clk_i/Z (gf180mcu_fd_sc_mcu7t5v0__clkbuf_16)
                                                         clk_i_regs (net)
                      0.164141    0.000675   52.375690 v clkbuf_0_clk_i_regs/I (gf180mcu_fd_sc_mcu7t5v0__clkbuf_16)
    16    0.437752    0.785105    0.821412   53.197102 v clkbuf_0_clk_i_regs/Z (gf180mcu_fd_sc_mcu7t5v0__clkbuf_16)
                                                         clknet_0_clk_i_regs (net)
                      0.791182    0.037065   53.234169 v clkbuf_4_1_0_clk_i_regs/I (gf180mcu_fd_sc_mcu7t5v0__clkbuf_8)
     8    0.158830    0.663563    0.940052   54.174221 v clkbuf_4_1_0_clk_i_regs/Z (gf180mcu_fd_sc_mcu7t5v0__clkbuf_8)
                                                         clknet_4_1_0_clk_i_regs (net)
                      0.663604    0.002874   54.177094 v clkbuf_leaf_120_clk_i_regs/I (gf180mcu_fd_sc_mcu7t5v0__clkbuf_8)
    14    0.085110    0.414797    0.737273   54.914368 v clkbuf_leaf_120_clk_i_regs/Z (gf180mcu_fd_sc_mcu7t5v0__clkbuf_8)
                                                         clknet_leaf_120_clk_i_regs (net)
                      0.414800    0.001869   54.916237 v _61989_/CLKN (gf180mcu_fd_sc_mcu7t5v0__dffnq_1)
     1    0.005782    0.290768    1.486107   56.402344 ^ _61989_/Q (gf180mcu_fd_sc_mcu7t5v0__dffnq_1)
                                                         i_core_v_mini_mcu.ao_peripheral_subsystem_i.spi_subsystem_i.obi_spimemio_i.spimemio_i.xfer_io2_90 (net)
                      0.290768    0.000114   56.402458 ^ _33819_/A2 (gf180mcu_fd_sc_mcu7t5v0__nor2_1)
     1    0.007634    0.503563    0.279147   56.681606 v _33819_/ZN (gf180mcu_fd_sc_mcu7t5v0__nor2_1)
                                                         _10515_ (net)
                      0.503563    0.000160   56.681767 v _33821_/A2 (gf180mcu_fd_sc_mcu7t5v0__oai21_1)
     1    0.015216    1.060680    0.766050   57.447815 ^ _33821_/ZN (gf180mcu_fd_sc_mcu7t5v0__oai21_1)
                                                         i_core_v_mini_mcu.ao_peripheral_subsystem_i.spi_subsystem_i.obi_spimemio_i.flash_io2_do_o (net)
                      1.060680    0.000387   57.448204 ^ gen_flash_sd[2].u_pad_drv/I (gf180mcu_fd_sc_mcu7t5v0__bufz_4)
     2    0.186698    1.339823    1.263985   58.712189 ^ gen_flash_sd[2].u_pad_drv/Z (gf180mcu_fd_sc_mcu7t5v0__bufz_4)
                                                         spi_flash_sd_io[2] (net)
                      1.343282    0.038682   58.750870 ^ spi_flash_sd_io[2] (inout)
                                             58.750870   data arrival time

                                100.000000  100.000000   clock clk_i (rise edge)
                                  0.000000  100.000000   clock network delay (propagated)
                                 -0.250000   99.750000   clock uncertainty
                                  0.000000   99.750000   clock reconvergence pessimism
                                -20.000000   79.750000   output external delay
                                             79.750000   data required time
---------------------------------------------------------------------------------------------
                                             79.750000   data required time
                                            -58.750870   data arrival time
---------------------------------------------------------------------------------------------
                                             20.999128   slack (MET)




===========================================================================
report_checks --slack_max -0.01
============================================================================
======================= nom_ss_125C_4v50 Corner ===================================

No paths found.


===========================================================================
 report_check_types -max_slew -max_cap -max_fanout -violators
============================================================================
======================= nom_ss_125C_4v50 Corner ===================================

max slew

Pin                                        Limit        Slew       Slack
------------------------------------------------------------------------
fanout1882/I                            3.000000    5.395254   -2.395254 (VIOLATED)
fanout1887/I                            3.000000    5.395234   -2.395234 (VIOLATED)
fanout1896/I                            3.000000    5.395149   -2.395149 (VIOLATED)
fanout1915/I                            3.000000    5.394942   -2.394943 (VIOLATED)
fanout1946/I                            3.000000    5.394863   -2.394863 (VIOLATED)
ANTENNA_2/I                             3.000000    5.394851   -2.394850 (VIOLATED)
fanout1927/I                            3.000000    5.394851   -2.394850 (VIOLATED)
fanout1956/I                            3.000000    5.394827   -2.394828 (VIOLATED)
fanout1957/Z                            3.000000    5.394827   -2.394828 (VIOLATED)
spi_flash_sd_io[3]                      3.000000    5.221834   -2.221834 (VIOLATED)
spi_flash_sd_io[1]                      3.000000    5.213686   -2.213686 (VIOLATED)
spi_flash_sd_io[2]                      3.000000    5.148059   -2.148059 (VIOLATED)
spi_flash_sd_io[0]                      3.000000    5.080942   -2.080942 (VIOLATED)
wire994/I                               3.000000    4.777223   -1.777223 (VIOLATED)
_40596_/ZN                              3.000000    4.777208   -1.777208 (VIOLATED)
_38205_/I                               3.000000    4.562316   -1.562317 (VIOLATED)
_39955_/A1                              3.000000    4.562292   -1.562292 (VIOLATED)
_41130_/A1                              3.000000    4.562260   -1.562260 (VIOLATED)
_40145_/A1                              3.000000    4.562242   -1.562241 (VIOLATED)
_38204_/ZN                              3.000000    4.562216   -1.562216 (VIOLATED)
wire865/I                               3.000000    4.562216   -1.562216 (VIOLATED)
_38241_/I                               3.000000    4.481691   -1.481691 (VIOLATED)
_38240_/ZN                              3.000000    4.481673   -1.481673 (VIOLATED)
_39979_/A1                              3.000000    4.481673   -1.481673 (VIOLATED)
_40170_/A1                              3.000000    4.481673   -1.481673 (VIOLATED)
_41152_/A1                              3.000000    4.481673   -1.481673 (VIOLATED)
wire861/I                               3.000000    4.481673   -1.481673 (VIOLATED)
_34994_/A1                              3.000000    4.409246   -1.409247 (VIOLATED)
_34978_/A2                              3.000000    4.409211   -1.409211 (VIOLATED)
_34954_/A2                              3.000000    4.409191   -1.409191 (VIOLATED)
_34934_/A1                              3.000000    4.409135   -1.409135 (VIOLATED)
_34254_/Z                               3.000000    4.408841   -1.408841 (VIOLATED)
_35279_/A2                              3.000000    4.408841   -1.408841 (VIOLATED)
_35308_/A1                              3.000000    4.408841   -1.408841 (VIOLATED)
max_cap1325/I                           3.000000    4.408841   -1.408841 (VIOLATED)
_36526_/A2                              3.000000    4.376230   -1.376230 (VIOLATED)
_36532_/A1                              3.000000    4.376229   -1.376229 (VIOLATED)
_36357_/A1                              3.000000    4.376201   -1.376201 (VIOLATED)
_36387_/A2                              3.000000    4.376199   -1.376199 (VIOLATED)
_36876_/B2                              3.000000    4.376193   -1.376193 (VIOLATED)
load_slew1248/I                         3.000000    4.376135   -1.376135 (VIOLATED)
_35902_/Z                               3.000000    4.376087   -1.376087 (VIOLATED)
_35903_/A1                              3.000000    4.376087   -1.376087 (VIOLATED)
_35832_/A1                              3.000000    4.351043   -1.351043 (VIOLATED)
_36332_/A1                              3.000000    4.351026   -1.351026 (VIOLATED)
_36401_/A1                              3.000000    4.350979   -1.350979 (VIOLATED)
max_cap1261/I                           3.000000    4.350940   -1.350940 (VIOLATED)
_35831_/Z                               3.000000    4.350924   -1.350924 (VIOLATED)
_36963_/A1                              3.000000    4.350924   -1.350924 (VIOLATED)
_40571_/A1                              3.000000    4.347546   -1.347546 (VIOLATED)
_40377_/A1                              3.000000    4.347526   -1.347526 (VIOLATED)
_40192_/A1                              3.000000    4.347496   -1.347496 (VIOLATED)
_38269_/ZN                              3.000000    4.347466   -1.347467 (VIOLATED)
max_cap857/I                            3.000000    4.347466   -1.347467 (VIOLATED)
_38227_/I                               3.000000    4.326416   -1.326416 (VIOLATED)
_38226_/ZN                              3.000000    4.326402   -1.326402 (VIOLATED)
_39972_/A1                              3.000000    4.326402   -1.326402 (VIOLATED)
_40352_/A1                              3.000000    4.326402   -1.326402 (VIOLATED)
load_slew862/I                          3.000000    4.326402   -1.326402 (VIOLATED)
_45642_/A1                              3.000000    4.295892   -1.295892 (VIOLATED)
_45587_/ZN                              3.000000    4.295823   -1.295823 (VIOLATED)
wire191/I                               3.000000    4.295823   -1.295823 (VIOLATED)
_38212_/I                               3.000000    4.277792   -1.277792 (VIOLATED)
_39960_/A1                              3.000000    4.277777   -1.277777 (VIOLATED)
load_slew864/I                          3.000000    4.277772   -1.277772 (VIOLATED)
_38211_/ZN                              3.000000    4.277757   -1.277758 (VIOLATED)
_40335_/A1                              3.000000    4.277757   -1.277758 (VIOLATED)
_40180_/A1                              3.000000    4.244902   -1.244902 (VIOLATED)
_38255_/ZN                              3.000000    4.244886   -1.244886 (VIOLATED)
_39994_/A1                              3.000000    4.244886   -1.244886 (VIOLATED)
_40367_/A1                              3.000000    4.244886   -1.244886 (VIOLATED)
_41167_/A1                              3.000000    4.244886   -1.244886 (VIOLATED)
load_slew859/I                          3.000000    4.244886   -1.244886 (VIOLATED)
_44906_/A1                              3.000000    4.242770   -1.242770 (VIOLATED)
_44924_/A1                              3.000000    4.242763   -1.242763 (VIOLATED)
_44887_/ZN                              3.000000    4.242732   -1.242732 (VIOLATED)
wire227/I                               3.000000    4.242732   -1.242732 (VIOLATED)
_36756_/B1                              3.000000    4.239731   -1.239731 (VIOLATED)
_36338_/A1                              3.000000    4.239683   -1.239683 (VIOLATED)
_36810_/A1                              3.000000    4.239584   -1.239584 (VIOLATED)
_36012_/Z                               3.000000    4.239464   -1.239465 (VIOLATED)
_36469_/A1                              3.000000    4.239464   -1.239465 (VIOLATED)
_36487_/A1                              3.000000    4.239464   -1.239465 (VIOLATED)
max_cap1406/I                           3.000000    4.239464   -1.239465 (VIOLATED)
_36356_/B2                              3.000000    4.211905   -1.211905 (VIOLATED)
_36238_/A1                              3.000000    4.211865   -1.211865 (VIOLATED)
load_slew1218/I                         3.000000    4.211848   -1.211848 (VIOLATED)
_36028_/Z                               3.000000    4.211702   -1.211702 (VIOLATED)
_36909_/A1                              3.000000    4.211702   -1.211702 (VIOLATED)
_36913_/A1                              3.000000    4.211702   -1.211702 (VIOLATED)
_37116_/A1                              3.000000    4.211702   -1.211702 (VIOLATED)
_36957_/A1                              3.000000    4.196010   -1.196010 (VIOLATED)
_36961_/A2                              3.000000    4.195981   -1.195981 (VIOLATED)
_36866_/A1                              3.000000    4.195910   -1.195910 (VIOLATED)
_36303_/A1                              3.000000    4.195770   -1.195770 (VIOLATED)
_35796_/Z                               3.000000    4.195673   -1.195673 (VIOLATED)
max_cap1270/I                           3.000000    4.195673   -1.195673 (VIOLATED)
_44317_/ZN                              3.000000    4.182031   -1.182031 (VIOLATED)
_44318_/A2                              3.000000    4.182031   -1.182031 (VIOLATED)
load_slew1484/I                         3.000000    4.182031   -1.182031 (VIOLATED)
fanout1617/I                            3.000000    4.155000   -1.155000 (VIOLATED)
fanout1616/I                            3.000000    4.154989   -1.154989 (VIOLATED)
fanout1619/I                            3.000000    4.154984   -1.154985 (VIOLATED)
fanout1618/I                            3.000000    4.154911   -1.154911 (VIOLATED)
fanout1613/I                            3.000000    4.154848   -1.154848 (VIOLATED)
fanout1615/I                            3.000000    4.154848   -1.154848 (VIOLATED)
fanout1620/Z                            3.000000    4.154848   -1.154848 (VIOLATED)
_38219_/I                               3.000000    4.138219   -1.138219 (VIOLATED)
_39965_/A1                              3.000000    4.138209   -1.138210 (VIOLATED)
_38218_/ZN                              3.000000    4.138194   -1.138194 (VIOLATED)
_40346_/A1                              3.000000    4.138194   -1.138194 (VIOLATED)
load_slew863/I                          3.000000    4.138194   -1.138194 (VIOLATED)
_35136_/A1                              3.000000    4.133720   -1.133720 (VIOLATED)
_35347_/A1                              3.000000    4.133719   -1.133719 (VIOLATED)
_35120_/A1                              3.000000    4.133717   -1.133717 (VIOLATED)
load_slew1126/I                         3.000000    4.133664   -1.133664 (VIOLATED)
_35218_/A1                              3.000000    4.133604   -1.133603 (VIOLATED)
_35263_/A1                              3.000000    4.133566   -1.133567 (VIOLATED)
_34057_/Z                               3.000000    4.133536   -1.133536 (VIOLATED)
_35285_/A1                              3.000000    4.133536   -1.133536 (VIOLATED)
_51039_/A2                              3.000000    4.133064   -1.133064 (VIOLATED)
_37102_/B                               3.000000    4.133018   -1.133018 (VIOLATED)
_37103_/A1                              3.000000    4.133005   -1.133005 (VIOLATED)
_35804_/A1                              3.000000    4.133000   -1.133000 (VIOLATED)
load_slew1511/I                         3.000000    4.132964   -1.132964 (VIOLATED)
_36254_/A1                              3.000000    4.132847   -1.132847 (VIOLATED)
_35749_/Z                               3.000000    4.132781   -1.132781 (VIOLATED)
_36882_/A1                              3.000000    4.132781   -1.132781 (VIOLATED)
_36672_/A2                              3.000000    4.126333   -1.126333 (VIOLATED)
_36682_/A2                              3.000000    4.126324   -1.126324 (VIOLATED)
_36695_/A2                              3.000000    4.126306   -1.126306 (VIOLATED)
_36249_/A2                              3.000000    4.126258   -1.126259 (VIOLATED)
_36236_/A2                              3.000000    4.126248   -1.126248 (VIOLATED)
_36231_/Z                               3.000000    4.126186   -1.126186 (VIOLATED)
_37043_/A1                              3.000000    4.126186   -1.126186 (VIOLATED)
max_cap1097/I                           3.000000    4.126186   -1.126186 (VIOLATED)
_34964_/A2                              3.000000    4.106658   -1.106658 (VIOLATED)
_34891_/A1                              3.000000    4.106544   -1.106544 (VIOLATED)
_35370_/A2                              3.000000    4.106432   -1.106432 (VIOLATED)
_35172_/A2                              3.000000    4.106236   -1.106236 (VIOLATED)
_34262_/Z                               3.000000    4.106222   -1.106222 (VIOLATED)
max_cap1321/I                           3.000000    4.106222   -1.106222 (VIOLATED)
_37735_/A1                              3.000000    4.090961   -1.090961 (VIOLATED)
_37401_/A1                              3.000000    4.090949   -1.090949 (VIOLATED)
_37879_/A1                              3.000000    4.090890   -1.090890 (VIOLATED)
_37592_/A1                              3.000000    4.090867   -1.090867 (VIOLATED)
_29124_/Z                               3.000000    4.090669   -1.090669 (VIOLATED)
max_cap899/I                            3.000000    4.090669   -1.090669 (VIOLATED)
fanout1809/I                            3.000000    4.078633   -1.078634 (VIOLATED)
fanout1843/I                            3.000000    4.078609   -1.078610 (VIOLATED)
fanout1845/I                            3.000000    4.078558   -1.078559 (VIOLATED)
fanout1839/I                            3.000000    4.078379   -1.078379 (VIOLATED)
fanout1871/I                            3.000000    4.078345   -1.078345 (VIOLATED)
fanout1872/Z                            3.000000    4.078328   -1.078328 (VIOLATED)
_36087_/B2                              3.000000    4.057360   -1.057360 (VIOLATED)
_36049_/I                               3.000000    4.057355   -1.057356 (VIOLATED)
_36953_/B2                              3.000000    4.057266   -1.057266 (VIOLATED)
_36897_/B1                              3.000000    4.057259   -1.057259 (VIOLATED)
_36048_/Z                               3.000000    4.057241   -1.057241 (VIOLATED)
load_slew1404/I                         3.000000    4.057241   -1.057241 (VIOLATED)
_36420_/B1                              3.000000    4.046826   -1.046827 (VIOLATED)
_36308_/A1                              3.000000    4.046816   -1.046816 (VIOLATED)
_36440_/B1                              3.000000    4.046816   -1.046816 (VIOLATED)
_36299_/A1                              3.000000    4.046778   -1.046778 (VIOLATED)
_36942_/A1                              3.000000    4.046711   -1.046711 (VIOLATED)
_35777_/Z                               3.000000    4.046679   -1.046680 (VIOLATED)
max_cap1274/I                           3.000000    4.046679   -1.046680 (VIOLATED)
wire328/I                               3.000000    4.039151   -1.039151 (VIOLATED)
_44427_/ZN                              3.000000    4.039134   -1.039134 (VIOLATED)
_35139_/B1                              3.000000    4.016929   -1.016929 (VIOLATED)
_35148_/B1                              3.000000    4.016914   -1.016915 (VIOLATED)
_35428_/A2                              3.000000    4.016907   -1.016907 (VIOLATED)
max_cap1287/I                           3.000000    4.016831   -1.016832 (VIOLATED)
_34883_/Z                               3.000000    4.016789   -1.016789 (VIOLATED)
_35298_/B1                              3.000000    4.016789   -1.016789 (VIOLATED)
_35303_/B1                              3.000000    4.016789   -1.016789 (VIOLATED)
_35418_/A2                              3.000000    4.014759   -1.014759 (VIOLATED)
_34288_/A2                              3.000000    4.014719   -1.014719 (VIOLATED)
_35400_/A2                              3.000000    4.014594   -1.014594 (VIOLATED)
max_cap1455/I                           3.000000    4.014539   -1.014539 (VIOLATED)
_35301_/A2                              3.000000    4.014527   -1.014527 (VIOLATED)
_34283_/Z                               3.000000    4.014486   -1.014486 (VIOLATED)
_35213_/A2                              3.000000    4.014486   -1.014486 (VIOLATED)
_35051_/A2                              3.000000    4.006877   -1.006877 (VIOLATED)
_35419_/A2                              3.000000    4.006876   -1.006876 (VIOLATED)
_34303_/A2                              3.000000    4.006874   -1.006874 (VIOLATED)
_35328_/A2                              3.000000    4.006848   -1.006848 (VIOLATED)
_35091_/A2                              3.000000    4.006757   -1.006757 (VIOLATED)
_34301_/Z                               3.000000    4.006737   -1.006737 (VIOLATED)
max_cap1310/I                           3.000000    4.006737   -1.006737 (VIOLATED)
_46262_/A1                              3.000000    3.997231   -0.997232 (VIOLATED)
_46207_/ZN                              3.000000    3.997203   -0.997203 (VIOLATED)
wire285/I                               3.000000    3.997203   -0.997203 (VIOLATED)
_36662_/A1                              3.000000    3.980331   -0.980331 (VIOLATED)
_36692_/A1                              3.000000    3.980292   -0.980292 (VIOLATED)
_36865_/A2                              3.000000    3.980163   -0.980163 (VIOLATED)
_36878_/A2                              3.000000    3.980132   -0.980132 (VIOLATED)
_36063_/Z                               3.000000    3.980115   -0.980115 (VIOLATED)
max_cap1098/I                           3.000000    3.980115   -0.980115 (VIOLATED)
_54829_/A3                              3.000000    3.968635   -0.968635 (VIOLATED)
_54625_/A3                              3.000000    3.968633   -0.968633 (VIOLATED)
_52817_/Z                               3.000000    3.968419   -0.968419 (VIOLATED)
_53430_/A3                              3.000000    3.968419   -0.968419 (VIOLATED)
max_cap273/I                            3.000000    3.968419   -0.968419 (VIOLATED)
_49193_/A2                              3.000000    3.958980   -0.958980 (VIOLATED)
_50166_/B                               3.000000    3.958978   -0.958978 (VIOLATED)
_50213_/A1                              3.000000    3.958978   -0.958978 (VIOLATED)
fanout1803/I                            3.000000    3.958956   -0.958956 (VIOLATED)
_47109_/A2                              3.000000    3.958852   -0.958852 (VIOLATED)
_61095_/RN                              3.000000    3.958852   -0.958852 (VIOLATED)
_62034_/D                               3.000000    3.958852   -0.958852 (VIOLATED)
fanout1804/Z                            3.000000    3.958852   -0.958852 (VIOLATED)
load_slew294/I                          3.000000    3.958598   -0.958599 (VIOLATED)
_45825_/A1                              3.000000    3.958591   -0.958591 (VIOLATED)
_45843_/A1                              3.000000    3.958422   -0.958422 (VIOLATED)
_45771_/A1                              3.000000    3.958391   -0.958391 (VIOLATED)
_45734_/ZN                              3.000000    3.958304   -0.958304 (VIOLATED)
_34252_/A2                              3.000000    3.948380   -0.948380 (VIOLATED)
_35022_/A2                              3.000000    3.948375   -0.948375 (VIOLATED)
_34770_/A1                              3.000000    3.948364   -0.948364 (VIOLATED)
load_slew1463/I                         3.000000    3.948300   -0.948300 (VIOLATED)
_35240_/A2                              3.000000    3.948198   -0.948198 (VIOLATED)
_35199_/A2                              3.000000    3.948197   -0.948197 (VIOLATED)
_34091_/Z                               3.000000    3.948179   -0.948179 (VIOLATED)
_46335_/A1                              3.000000    3.943137   -0.943138 (VIOLATED)
_46280_/ZN                              3.000000    3.943112   -0.943112 (VIOLATED)
wire284/I                               3.000000    3.943112   -0.943112 (VIOLATED)
_35911_/A1                              3.000000    3.930612   -0.930612 (VIOLATED)
_35928_/B1                              3.000000    3.930594   -0.930594 (VIOLATED)
_36319_/A1                              3.000000    3.930509   -0.930509 (VIOLATED)
_35788_/A1                              3.000000    3.930424   -0.930424 (VIOLATED)
_35787_/Z                               3.000000    3.930330   -0.930331 (VIOLATED)
max_cap1432/I                           3.000000    3.930330   -0.930331 (VIOLATED)
_40576_/A1                              3.000000    3.912507   -0.912507 (VIOLATED)
_38276_/ZN                              3.000000    3.912485   -0.912485 (VIOLATED)
_40197_/A1                              3.000000    3.912485   -0.912485 (VIOLATED)
_40382_/A1                              3.000000    3.912485   -0.912485 (VIOLATED)
max_cap856/I                            3.000000    3.912485   -0.912485 (VIOLATED)
_37019_/A1                              3.000000    3.900369   -0.900369 (VIOLATED)
_36953_/A2                              3.000000    3.900349   -0.900349 (VIOLATED)
_36268_/A2                              3.000000    3.900263   -0.900263 (VIOLATED)
_36264_/Z                               3.000000    3.900227   -0.900227 (VIOLATED)
_36923_/A2                              3.000000    3.900227   -0.900227 (VIOLATED)
load_slew1399/I                         3.000000    3.900227   -0.900227 (VIOLATED)
_44760_/A1                              3.000000    3.898645   -0.898645 (VIOLATED)
_44778_/A1                              3.000000    3.898638   -0.898639 (VIOLATED)
_44741_/ZN                              3.000000    3.898623   -0.898623 (VIOLATED)
wire229/I                               3.000000    3.898623   -0.898623 (VIOLATED)
_34852_/B1                              3.000000    3.898594   -0.898594 (VIOLATED)
_34889_/B1                              3.000000    3.898564   -0.898564 (VIOLATED)
load_slew1290/I                         3.000000    3.898541   -0.898541 (VIOLATED)
_35467_/A1                              3.000000    3.898440   -0.898440 (VIOLATED)
_35210_/B1                              3.000000    3.898341   -0.898341 (VIOLATED)
_34851_/Z                               3.000000    3.898294   -0.898294 (VIOLATED)
_38779_/A1                              3.000000    3.861288   -0.861288 (VIOLATED)
_38399_/A1                              3.000000    3.861273   -0.861273 (VIOLATED)
_38968_/A1                              3.000000    3.861251   -0.861251 (VIOLATED)
load_slew746/I                          3.000000    3.861235   -0.861235 (VIOLATED)
_38587_/A1                              3.000000    3.861227   -0.861227 (VIOLATED)
_38494_/A1                              3.000000    3.861224   -0.861224 (VIOLATED)
_38169_/Z                               3.000000    3.861207   -0.861207 (VIOLATED)
_55005_/A3                              3.000000    3.856837   -0.856837 (VIOLATED)
_54702_/A3                              3.000000    3.856832   -0.856832 (VIOLATED)
_54905_/A3                              3.000000    3.856809   -0.856809 (VIOLATED)
_52829_/Z                               3.000000    3.856786   -0.856786 (VIOLATED)
_53444_/A3                              3.000000    3.856786   -0.856786 (VIOLATED)
_53563_/A3                              3.000000    3.856786   -0.856786 (VIOLATED)
_55295_/A3                              3.000000    3.856786   -0.856786 (VIOLATED)
load_slew433/I                          3.000000    3.856786   -0.856786 (VIOLATED)
_35336_/A2                              3.000000    3.832487   -0.832487 (VIOLATED)
_35072_/A2                              3.000000    3.832470   -0.832471 (VIOLATED)
_35252_/A1                              3.000000    3.832420   -0.832420 (VIOLATED)
_35230_/A1                              3.000000    3.832405   -0.832405 (VIOLATED)
_34245_/Z                               3.000000    3.832330   -0.832331 (VIOLATED)
_34246_/A2                              3.000000    3.832330   -0.832331 (VIOLATED)
_35108_/A2                              3.000000    3.832330   -0.832331 (VIOLATED)
max_cap1328/I                           3.000000    3.832330   -0.832331 (VIOLATED)
_44217_/ZN                              3.000000    3.831606   -0.831606 (VIOLATED)
_44218_/A2                              3.000000    3.831606   -0.831606 (VIOLATED)
load_slew1485/I                         3.000000    3.831606   -0.831606 (VIOLATED)
_39321_/A1                              3.000000    3.830587   -0.830587 (VIOLATED)
_39523_/A1                              3.000000    3.830571   -0.830571 (VIOLATED)
_39711_/A1                              3.000000    3.830553   -0.830553 (VIOLATED)
_39135_/A1                              3.000000    3.830544   -0.830544 (VIOLATED)
load_slew750/I                          3.000000    3.830528   -0.830529 (VIOLATED)
_38234_/A1                              3.000000    3.830525   -0.830525 (VIOLATED)
_38132_/Z                               3.000000    3.830508   -0.830508 (VIOLATED)
_34890_/A1                              3.000000    3.828411   -0.828411 (VIOLATED)
_34876_/A1                              3.000000    3.828408   -0.828408 (VIOLATED)
wire1334/I                              3.000000    3.828407   -0.828407 (VIOLATED)
_35211_/A1                              3.000000    3.828399   -0.828399 (VIOLATED)
_35296_/A1                              3.000000    3.828394   -0.828394 (VIOLATED)
_34089_/Z                               3.000000    3.828380   -0.828380 (VIOLATED)
_36016_/A1                              3.000000    3.827690   -0.827690 (VIOLATED)
_36723_/A1                              3.000000    3.827643   -0.827643 (VIOLATED)
_36015_/Z                               3.000000    3.827423   -0.827424 (VIOLATED)
_36140_/A1                              3.000000    3.827423   -0.827424 (VIOLATED)
_36794_/A1                              3.000000    3.827423   -0.827424 (VIOLATED)
load_slew1222/I                         3.000000    3.827423   -0.827424 (VIOLATED)
_34870_/A3                              3.000000    3.818883   -0.818883 (VIOLATED)
_34198_/A3                              3.000000    3.818877   -0.818877 (VIOLATED)
_35193_/A2                              3.000000    3.818841   -0.818841 (VIOLATED)
_35374_/A3                              3.000000    3.818828   -0.818828 (VIOLATED)
_34064_/Z                               3.000000    3.818724   -0.818724 (VIOLATED)
max_cap1522/I                           3.000000    3.818724   -0.818724 (VIOLATED)
_35940_/B1                              3.000000    3.813410   -0.813410 (VIOLATED)
_37039_/B2                              3.000000    3.813391   -0.813392 (VIOLATED)
_36656_/B1                              3.000000    3.813383   -0.813383 (VIOLATED)
_36717_/B1                              3.000000    3.813384   -0.813384 (VIOLATED)
_36644_/B1                              3.000000    3.813380   -0.813380 (VIOLATED)
_36146_/A2                              3.000000    3.813378   -0.813378 (VIOLATED)
_35939_/Z                               3.000000    3.813365   -0.813365 (VIOLATED)
load_slew1239/I                         3.000000    3.813365   -0.813365 (VIOLATED)
_35834_/A1                              3.000000    3.781402   -0.781403 (VIOLATED)
_36217_/B1                              3.000000    3.781385   -0.781385 (VIOLATED)
load_slew1424/I                         3.000000    3.781352   -0.781352 (VIOLATED)
_35833_/Z                               3.000000    3.781289   -0.781289 (VIOLATED)
_36300_/A1                              3.000000    3.781289   -0.781289 (VIOLATED)
_36368_/B1                              3.000000    3.781289   -0.781289 (VIOLATED)
_37744_/A1                              3.000000    3.760341   -0.760342 (VIOLATED)
_37410_/A1                              3.000000    3.760326   -0.760326 (VIOLATED)
_37888_/A1                              3.000000    3.760256   -0.760256 (VIOLATED)
_37601_/A1                              3.000000    3.760195   -0.760195 (VIOLATED)
_29151_/Z                               3.000000    3.759989   -0.759989 (VIOLATED)
max_cap898/I                            3.000000    3.759989   -0.759989 (VIOLATED)
_34944_/A1                              3.000000    3.757931   -0.757931 (VIOLATED)
_34951_/A1                              3.000000    3.757922   -0.757922 (VIOLATED)
_35059_/A2                              3.000000    3.757780   -0.757781 (VIOLATED)
load_slew1293/I                         3.000000    3.757772   -0.757773 (VIOLATED)
_34826_/Z                               3.000000    3.757699   -0.757699 (VIOLATED)
_35099_/A2                              3.000000    3.757699   -0.757699 (VIOLATED)
_34895_/B1                              3.000000    3.756583   -0.756583 (VIOLATED)
_35410_/B1                              3.000000    3.756570   -0.756570 (VIOLATED)
_34830_/B2                              3.000000    3.756565   -0.756566 (VIOLATED)
_35381_/A2                              3.000000    3.756306   -0.756306 (VIOLATED)
_35444_/B1                              3.000000    3.756255   -0.756255 (VIOLATED)
max_cap1315/I                           3.000000    3.756175   -0.756175 (VIOLATED)
_34281_/Z                               3.000000    3.756120   -0.756121 (VIOLATED)
_36185_/A2                              3.000000    3.748449   -0.748449 (VIOLATED)
_36680_/A3                              3.000000    3.748448   -0.748448 (VIOLATED)
_36137_/A2                              3.000000    3.748443   -0.748443 (VIOLATED)
_36659_/A2                              3.000000    3.748428   -0.748428 (VIOLATED)
_36263_/B                               3.000000    3.748425   -0.748425 (VIOLATED)
_36153_/A2                              3.000000    3.748424   -0.748424 (VIOLATED)
_36847_/A2                              3.000000    3.748421   -0.748421 (VIOLATED)
_36852_/A2                              3.000000    3.748412   -0.748412 (VIOLATED)
_36352_/A3                              3.000000    3.748400   -0.748400 (VIOLATED)
_36758_/A3                              3.000000    3.748400   -0.748400 (VIOLATED)
fanout1607/Z                            3.000000    3.748400   -0.748400 (VIOLATED)
_36430_/A1                              3.000000    3.739464   -0.739464 (VIOLATED)
_35985_/A1                              3.000000    3.739446   -0.739446 (VIOLATED)
_35990_/A1                              3.000000    3.739439   -0.739439 (VIOLATED)
_36447_/A1                              3.000000    3.739408   -0.739408 (VIOLATED)
_36745_/A1                              3.000000    3.739336   -0.739336 (VIOLATED)
_35984_/Z                               3.000000    3.739297   -0.739298 (VIOLATED)
max_cap1228/I                           3.000000    3.739297   -0.739298 (VIOLATED)
_34838_/B                               3.000000    3.737619   -0.737619 (VIOLATED)
_34856_/C                               3.000000    3.737593   -0.737594 (VIOLATED)
_34903_/A3                              3.000000    3.737556   -0.737556 (VIOLATED)
_34947_/A2                              3.000000    3.737490   -0.737491 (VIOLATED)
_34968_/A3                              3.000000    3.737434   -0.737434 (VIOLATED)
fanout1639/I                            3.000000    3.737285   -0.737285 (VIOLATED)
fanout1636/I                            3.000000    3.737253   -0.737253 (VIOLATED)
fanout1641/Z                            3.000000    3.737253   -0.737253 (VIOLATED)
_47550_/B1                              3.000000    3.728059   -0.728059 (VIOLATED)
_47798_/A1                              3.000000    3.728053   -0.728053 (VIOLATED)
_47597_/A1                              3.000000    3.728051   -0.728051 (VIOLATED)
_33912_/A2                              3.000000    3.728050   -0.728050 (VIOLATED)
_47668_/A1                              3.000000    3.728044   -0.728044 (VIOLATED)
_33911_/Z                               3.000000    3.727983   -0.727983 (VIOLATED)
max_cap679/I                            3.000000    3.727983   -0.727983 (VIOLATED)
_47434_/B1                              3.000000    3.720629   -0.720629 (VIOLATED)
_47504_/B1                              3.000000    3.720602   -0.720602 (VIOLATED)
load_slew689/I                          3.000000    3.720569   -0.720569 (VIOLATED)
_33871_/A2                              3.000000    3.720565   -0.720565 (VIOLATED)
_47573_/A1                              3.000000    3.720545   -0.720545 (VIOLATED)
_47774_/A1                              3.000000    3.720534   -0.720534 (VIOLATED)
_33870_/Z                               3.000000    3.720515   -0.720515 (VIOLATED)
_47644_/A1                              3.000000    3.720515   -0.720515 (VIOLATED)
_35853_/A1                              3.000000    3.719789   -0.719789 (VIOLATED)
_35848_/A1                              3.000000    3.719786   -0.719786 (VIOLATED)
_36310_/A1                              3.000000    3.719769   -0.719769 (VIOLATED)
_35847_/Z                               3.000000    3.719730   -0.719730 (VIOLATED)
_36956_/A1                              3.000000    3.719730   -0.719730 (VIOLATED)
max_cap1422/I                           3.000000    3.719730   -0.719730 (VIOLATED)
_37141_/A1                              3.000000    3.715850   -0.715850 (VIOLATED)
_36914_/A1                              3.000000    3.715847   -0.715847 (VIOLATED)
_37117_/A1                              3.000000    3.715830   -0.715830 (VIOLATED)
_37131_/A1                              3.000000    3.715828   -0.715829 (VIOLATED)
_36030_/Z                               3.000000    3.715772   -0.715772 (VIOLATED)
_36965_/B1                              3.000000    3.715772   -0.715772 (VIOLATED)
_36970_/B1                              3.000000    3.715772   -0.715772 (VIOLATED)
max_cap1405/I                           3.000000    3.715772   -0.715772 (VIOLATED)
_29167_/ZN                              3.000000    3.715071   -0.715072 (VIOLATED)
_29171_/B                               3.000000    3.715071   -0.715072 (VIOLATED)
_29172_/A2                              3.000000    3.715071   -0.715072 (VIOLATED)
load_slew579/I                          3.000000    3.715071   -0.715072 (VIOLATED)
_42481_/A2                              3.000000    3.713477   -0.713477 (VIOLATED)
load_slew1053/I                         3.000000    3.713473   -0.713473 (VIOLATED)
_42674_/A2                              3.000000    3.713466   -0.713466 (VIOLATED)
_42189_/A2                              3.000000    3.713444   -0.713444 (VIOLATED)
_42294_/A2                              3.000000    3.713440   -0.713440 (VIOLATED)
_42188_/Z                               3.000000    3.713411   -0.713411 (VIOLATED)
_31731_/A1                              3.000000    3.710809   -0.710809 (VIOLATED)
_32685_/I                               3.000000    3.710808   -0.710808 (VIOLATED)
_50186_/A2                              3.000000    3.710803   -0.710803 (VIOLATED)
_61495_/RN                              3.000000    3.710798   -0.710798 (VIOLATED)
_50184_/A2                              3.000000    3.710797   -0.710797 (VIOLATED)
_31923_/A1                              3.000000    3.710790   -0.710790 (VIOLATED)
_49599_/B                               3.000000    3.710786   -0.710786 (VIOLATED)
_49918_/A2                              3.000000    3.710781   -0.710781 (VIOLATED)
_61315_/RN                              3.000000    3.710767   -0.710767 (VIOLATED)
_61872_/SETN                            3.000000    3.710767   -0.710767 (VIOLATED)
fanout1803/Z                            3.000000    3.710767   -0.710767 (VIOLATED)
_36427_/A1                              3.000000    3.705498   -0.705498 (VIOLATED)
_36431_/A1                              3.000000    3.705497   -0.705497 (VIOLATED)
_35993_/A1                              3.000000    3.705482   -0.705482 (VIOLATED)
_35992_/Z                               3.000000    3.705403   -0.705403 (VIOLATED)
_36069_/B1                              3.000000    3.705403   -0.705403 (VIOLATED)
max_cap1408/I                           3.000000    3.705403   -0.705403 (VIOLATED)
wire333/I                               3.000000    3.690743   -0.690743 (VIOLATED)
_44403_/ZN                              3.000000    3.690719   -0.690719 (VIOLATED)
_46026_/ZN                              3.000000    3.683872   -0.683872 (VIOLATED)
_46109_/A1                              3.000000    3.683872   -0.683872 (VIOLATED)
wire290/I                               3.000000    3.683872   -0.683872 (VIOLATED)
_34878_/B1                              3.000000    3.675008   -0.675008 (VIOLATED)
_35307_/B1                              3.000000    3.674962   -0.674962 (VIOLATED)
_35251_/B1                              3.000000    3.674922   -0.674922 (VIOLATED)
_34272_/Z                               3.000000    3.674907   -0.674907 (VIOLATED)
wire1317/I                              3.000000    3.674907   -0.674907 (VIOLATED)
_37763_/A1                              3.000000    3.674865   -0.674865 (VIOLATED)
_37434_/A1                              3.000000    3.674859   -0.674859 (VIOLATED)
_37907_/A1                              3.000000    3.674817   -0.674817 (VIOLATED)
_37620_/A1                              3.000000    3.674786   -0.674786 (VIOLATED)
_37432_/Z                               3.000000    3.674714   -0.674714 (VIOLATED)
max_cap875/I                            3.000000    3.674714   -0.674714 (VIOLATED)
_36004_/A1                              3.000000    3.669780   -0.669781 (VIOLATED)
_36734_/A1                              3.000000    3.669744   -0.669744 (VIOLATED)
wire1225/I                              3.000000    3.669731   -0.669731 (VIOLATED)
_35433_/A1                              3.000000    3.669711   -0.669711 (VIOLATED)
_36002_/Z                               3.000000    3.669712   -0.669712 (VIOLATED)
_36459_/A1                              3.000000    3.669712   -0.669712 (VIOLATED)
_34308_/A1                              3.000000    3.669701   -0.669701 (VIOLATED)
_35153_/A1                              3.000000    3.669701   -0.669701 (VIOLATED)
load_slew941/I                          3.000000    3.669687   -0.669687 (VIOLATED)
_34372_/A1                              3.000000    3.669673   -0.669673 (VIOLATED)
_34277_/Z                               3.000000    3.669656   -0.669656 (VIOLATED)
_35312_/A1                              3.000000    3.669656   -0.669656 (VIOLATED)
_36162_/A1                              3.000000    3.665925   -0.665925 (VIOLATED)
_36156_/A2                              3.000000    3.665921   -0.665922 (VIOLATED)
_36813_/A2                              3.000000    3.665883   -0.665883 (VIOLATED)
_36345_/A2                              3.000000    3.665864   -0.665864 (VIOLATED)
_36337_/A2                              3.000000    3.665813   -0.665813 (VIOLATED)
_35912_/Z                               3.000000    3.665794   -0.665794 (VIOLATED)
_36736_/A2                              3.000000    3.665794   -0.665794 (VIOLATED)
load_slew1245/I                         3.000000    3.665794   -0.665794 (VIOLATED)
_36548_/A1                              3.000000    3.658791   -0.658791 (VIOLATED)
_36586_/A1                              3.000000    3.658788   -0.658788 (VIOLATED)
_36558_/A1                              3.000000    3.658778   -0.658778 (VIOLATED)
_36554_/A1                              3.000000    3.658767   -0.658768 (VIOLATED)
_37077_/A1                              3.000000    3.658653   -0.658653 (VIOLATED)
_36547_/Z                               3.000000    3.658578   -0.658578 (VIOLATED)
max_cap1398/I                           3.000000    3.658578   -0.658578 (VIOLATED)
_36093_/B                               3.000000    3.644083   -0.644083 (VIOLATED)
_35791_/I                               3.000000    3.644073   -0.644073 (VIOLATED)
_35946_/I                               3.000000    3.644034   -0.644034 (VIOLATED)
_36896_/B                               3.000000    3.644031   -0.644031 (VIOLATED)
_35790_/Z                               3.000000    3.643998   -0.643998 (VIOLATED)
load_slew1562/I                         3.000000    3.643998   -0.643998 (VIOLATED)
_35998_/B1                              3.000000    3.639994   -0.639994 (VIOLATED)
_35954_/B1                              3.000000    3.639988   -0.639988 (VIOLATED)
_36471_/B1                              3.000000    3.639933   -0.639933 (VIOLATED)
_35759_/Z                               3.000000    3.639892   -0.639892 (VIOLATED)
_36844_/B1                              3.000000    3.639892   -0.639892 (VIOLATED)
load_slew1280/I                         3.000000    3.639892   -0.639892 (VIOLATED)
_35901_/A1                              3.000000    3.639225   -0.639225 (VIOLATED)
_35950_/A1                              3.000000    3.639189   -0.639189 (VIOLATED)
load_slew1249/I                         3.000000    3.639142   -0.639142 (VIOLATED)
_35900_/Z                               3.000000    3.639127   -0.639127 (VIOLATED)
_36377_/A1                              3.000000    3.639127   -0.639127 (VIOLATED)
_36391_/A2                              3.000000    3.639127   -0.639127 (VIOLATED)
_36773_/A2                              3.000000    3.622562   -0.622562 (VIOLATED)
_36769_/A2                              3.000000    3.622556   -0.622556 (VIOLATED)
_36761_/A2                              3.000000    3.622514   -0.622514 (VIOLATED)
_36765_/A2                              3.000000    3.622509   -0.622509 (VIOLATED)
_35987_/Z                               3.000000    3.622457   -0.622457 (VIOLATED)
max_cap1227/I                           3.000000    3.622457   -0.622457 (VIOLATED)
_35197_/A1                              3.000000    3.619179   -0.619179 (VIOLATED)
wire1341/I                              3.000000    3.619179   -0.619180 (VIOLATED)
_35238_/A1                              3.000000    3.619174   -0.619174 (VIOLATED)
_35029_/A1                              3.000000    3.619163   -0.619163 (VIOLATED)
_33997_/Z                               3.000000    3.619148   -0.619148 (VIOLATED)
_35013_/A2                              3.000000    3.619148   -0.619148 (VIOLATED)
_34089_/I                               3.000000    3.618442   -0.618442 (VIOLATED)
_34165_/I                               3.000000    3.618436   -0.618436 (VIOLATED)
_35170_/A1                              3.000000    3.618433   -0.618434 (VIOLATED)
_34237_/B1                              3.000000    3.618429   -0.618429 (VIOLATED)
_34451_/I                               3.000000    3.618427   -0.618427 (VIOLATED)
_34088_/Z                               3.000000    3.618414   -0.618414 (VIOLATED)
_35008_/A1                              3.000000    3.618414   -0.618414 (VIOLATED)
_35084_/A1                              3.000000    3.618414   -0.618414 (VIOLATED)
load_slew1464/I                         3.000000    3.618414   -0.618414 (VIOLATED)
_39107_/A1                              3.000000    3.610614   -0.610614 (VIOLATED)
_39295_/A1                              3.000000    3.610610   -0.610610 (VIOLATED)
_39489_/A1                              3.000000    3.610575   -0.610575 (VIOLATED)
_39678_/A1                              3.000000    3.610542   -0.610542 (VIOLATED)
_39865_/A1                              3.000000    3.610536   -0.610536 (VIOLATED)
_38095_/Z                               3.000000    3.610493   -0.610493 (VIOLATED)
max_cap755/I                            3.000000    3.610493   -0.610493 (VIOLATED)
_36608_/A1                              3.000000    3.605971   -0.605971 (VIOLATED)
_36673_/A1                              3.000000    3.605875   -0.605875 (VIOLATED)
load_slew1213/I                         3.000000    3.605750   -0.605750 (VIOLATED)
_36052_/Z                               3.000000    3.605649   -0.605649 (VIOLATED)
_36880_/A1                              3.000000    3.605649   -0.605649 (VIOLATED)
_44610_/A1                              3.000000    3.600899   -0.600900 (VIOLATED)
_44628_/A1                              3.000000    3.600892   -0.600892 (VIOLATED)
_44591_/ZN                              3.000000    3.600886   -0.600886 (VIOLATED)
load_slew231/I                          3.000000    3.600886   -0.600886 (VIOLATED)
_44444_/A1                              3.000000    3.599628   -0.599628 (VIOLATED)
_44496_/A1                              3.000000    3.599627   -0.599627 (VIOLATED)
_44380_/ZN                              3.000000    3.599624   -0.599624 (VIOLATED)
max_cap260/I                            3.000000    3.599624   -0.599624 (VIOLATED)
_35976_/A2                              3.000000    3.598665   -0.598665 (VIOLATED)
_35960_/A3                              3.000000    3.598661   -0.598661 (VIOLATED)
_37137_/A2                              3.000000    3.598661   -0.598662 (VIOLATED)
_35747_/I                               3.000000    3.598659   -0.598659 (VIOLATED)
_36316_/C                               3.000000    3.598659   -0.598659 (VIOLATED)
_36334_/A3                              3.000000    3.598657   -0.598657 (VIOLATED)
_36720_/A3                              3.000000    3.598656   -0.598656 (VIOLATED)
_35871_/B                               3.000000    3.598631   -0.598631 (VIOLATED)
_37035_/B                               3.000000    3.598631   -0.598631 (VIOLATED)
_37063_/A3                              3.000000    3.598631   -0.598631 (VIOLATED)
fanout1600/Z                            3.000000    3.598631   -0.598631 (VIOLATED)
_35936_/A1                              3.000000    3.589119   -0.589119 (VIOLATED)
_35925_/A1                              3.000000    3.589105   -0.589105 (VIOLATED)
_36449_/A1                              3.000000    3.589046   -0.589046 (VIOLATED)
_36995_/A2                              3.000000    3.589021   -0.589022 (VIOLATED)
_35924_/Z                               3.000000    3.589002   -0.589002 (VIOLATED)
_36774_/A1                              3.000000    3.589002   -0.589002 (VIOLATED)
max_cap1242/I                           3.000000    3.589002   -0.589002 (VIOLATED)
_35181_/A1                              3.000000    3.580777   -0.580777 (VIOLATED)
_35276_/A1                              3.000000    3.580775   -0.580775 (VIOLATED)
_35217_/A1                              3.000000    3.580726   -0.580726 (VIOLATED)
load_slew1343/I                         3.000000    3.580705   -0.580705 (VIOLATED)
_35030_/A1                              3.000000    3.580663   -0.580664 (VIOLATED)
_33985_/Z                               3.000000    3.580638   -0.580638 (VIOLATED)
_35100_/A1                              3.000000    3.580638   -0.580638 (VIOLATED)
_34955_/A1                              3.000000    3.578887   -0.578888 (VIOLATED)
_34878_/A1                              3.000000    3.578815   -0.578815 (VIOLATED)
_34258_/Z                               3.000000    3.578686   -0.578686 (VIOLATED)
_35266_/A1                              3.000000    3.578686   -0.578686 (VIOLATED)
load_slew1117/I                         3.000000    3.578686   -0.578686 (VIOLATED)
_36708_/B1                              3.000000    3.576199   -0.576199 (VIOLATED)
_36904_/A1                              3.000000    3.576176   -0.576176 (VIOLATED)
_36867_/A1                              3.000000    3.576142   -0.576142 (VIOLATED)
_36462_/B1                              3.000000    3.576035   -0.576035 (VIOLATED)
_36975_/A1                              3.000000    3.575962   -0.575962 (VIOLATED)
_36095_/Z                               3.000000    3.575946   -0.575946 (VIOLATED)
max_cap1209/I                           3.000000    3.575946   -0.575946 (VIOLATED)
_35910_/A2                              3.000000    3.573887   -0.573887 (VIOLATED)
_36010_/B1                              3.000000    3.573878   -0.573878 (VIOLATED)
_36713_/B1                              3.000000    3.573869   -0.573869 (VIOLATED)
_36467_/B1                              3.000000    3.573865   -0.573865 (VIOLATED)
_36298_/A1                              3.000000    3.573852   -0.573852 (VIOLATED)
_35909_/Z                               3.000000    3.573833   -0.573833 (VIOLATED)
wire1246/I                              3.000000    3.573833   -0.573833 (VIOLATED)
_35419_/B1                              3.000000    3.570202   -0.570202 (VIOLATED)
_34303_/B1                              3.000000    3.570200   -0.570200 (VIOLATED)
_35086_/B2                              3.000000    3.570135   -0.570135 (VIOLATED)
_34302_/Z                               3.000000    3.570116   -0.570116 (VIOLATED)
_35010_/B2                              3.000000    3.570116   -0.570116 (VIOLATED)
wire1309/I                              3.000000    3.570116   -0.570116 (VIOLATED)
wire1109/I                              3.000000    3.557918   -0.557918 (VIOLATED)
_35340_/A2                              3.000000    3.557905   -0.557905 (VIOLATED)
_35019_/B1                              3.000000    3.557836   -0.557836 (VIOLATED)
_35079_/B1                              3.000000    3.557818   -0.557818 (VIOLATED)
_34859_/Z                               3.000000    3.557801   -0.557801 (VIOLATED)
_35225_/A2                              3.000000    3.557801   -0.557801 (VIOLATED)
_35262_/B1                              3.000000    3.557801   -0.557801 (VIOLATED)
_36016_/B1                              3.000000    3.557691   -0.557691 (VIOLATED)
_36342_/B1                              3.000000    3.557640   -0.557640 (VIOLATED)
_35801_/Z                               3.000000    3.557575   -0.557575 (VIOLATED)
_36943_/A1                              3.000000    3.557575   -0.557575 (VIOLATED)
_36962_/A1                              3.000000    3.557575   -0.557575 (VIOLATED)
max_cap1431/I                           3.000000    3.557575   -0.557575 (VIOLATED)
_37113_/A1                              3.000000    3.546139   -0.546139 (VIOLATED)
_37130_/A1                              3.000000    3.546135   -0.546135 (VIOLATED)
_36302_/B1                              3.000000    3.546121   -0.546121 (VIOLATED)
_36898_/A1                              3.000000    3.546113   -0.546113 (VIOLATED)
_36924_/A1                              3.000000    3.546110   -0.546110 (VIOLATED)
_36075_/Z                               3.000000    3.546097   -0.546097 (VIOLATED)
max_cap1210/I                           3.000000    3.546097   -0.546097 (VIOLATED)
_42395_/A2                              3.000000    3.545110   -0.545110 (VIOLATED)
_42776_/A2                              3.000000    3.545096   -0.545096 (VIOLATED)
_42964_/A2                              3.000000    3.545075   -0.545075 (VIOLATED)
_42873_/A2                              3.000000    3.545061   -0.545061 (VIOLATED)
max_cap919/I                            3.000000    3.544994   -0.544994 (VIOLATED)
_42000_/Z                               3.000000    3.544980   -0.544980 (VIOLATED)
_35231_/A1                              3.000000    3.538405   -0.538406 (VIOLATED)
_35253_/A1                              3.000000    3.538399   -0.538399 (VIOLATED)
_35290_/A1                              3.000000    3.538393   -0.538393 (VIOLATED)
_35275_/A2                              3.000000    3.538390   -0.538390 (VIOLATED)
_34124_/B2                              3.000000    3.538389   -0.538389 (VIOLATED)
_34120_/Z                               3.000000    3.538374   -0.538374 (VIOLATED)
load_slew1121/I                         3.000000    3.538374   -0.538374 (VIOLATED)
_34346_/A1                              3.000000    3.537443   -0.537443 (VIOLATED)
_35002_/A1                              3.000000    3.537441   -0.537442 (VIOLATED)
_35005_/A1                              3.000000    3.537434   -0.537434 (VIOLATED)
_35381_/B1                              3.000000    3.537362   -0.537362 (VIOLATED)
_34345_/Z                               3.000000    3.537345   -0.537346 (VIOLATED)
_35159_/A1                              3.000000    3.537345   -0.537346 (VIOLATED)
_35162_/A1                              3.000000    3.537345   -0.537346 (VIOLATED)
load_slew1306/I                         3.000000    3.537345   -0.537346 (VIOLATED)
_36602_/A2                              3.000000    3.525028   -0.525028 (VIOLATED)
_36275_/A2                              3.000000    3.525004   -0.525004 (VIOLATED)
_36818_/A2                              3.000000    3.524990   -0.524990 (VIOLATED)
_36681_/A2                              3.000000    3.524966   -0.524966 (VIOLATED)
_35916_/Z                               3.000000    3.524872   -0.524872 (VIOLATED)
max_cap1415/I                           3.000000    3.524872   -0.524872 (VIOLATED)
_36473_/A2                              3.000000    3.521557   -0.521557 (VIOLATED)
_36007_/A2                              3.000000    3.521554   -0.521554 (VIOLATED)
_36716_/A2                              3.000000    3.521540   -0.521540 (VIOLATED)
_35955_/Z                               3.000000    3.521524   -0.521524 (VIOLATED)
_35959_/A2                              3.000000    3.521524   -0.521524 (VIOLATED)
load_slew1499/I                         3.000000    3.521524   -0.521524 (VIOLATED)
_44415_/ZN                              3.000000    3.516634   -0.516634 (VIOLATED)
wire331/I                               3.000000    3.516634   -0.516634 (VIOLATED)
_46158_/A1                              3.000000    3.510960   -0.510960 (VIOLATED)
_46597_/A1                              3.000000    3.510955   -0.510955 (VIOLATED)
_46670_/A1                              3.000000    3.510954   -0.510954 (VIOLATED)
_46059_/Z                               3.000000    3.510940   -0.510940 (VIOLATED)
_46451_/A1                              3.000000    3.510940   -0.510940 (VIOLATED)
_46524_/A1                              3.000000    3.510940   -0.510940 (VIOLATED)
_46743_/A1                              3.000000    3.510940   -0.510940 (VIOLATED)
load_slew181/I                          3.000000    3.510940   -0.510940 (VIOLATED)
_34493_/A1                              3.000000    3.502167   -0.502167 (VIOLATED)
_34452_/A1                              3.000000    3.502157   -0.502157 (VIOLATED)
load_slew1122/I                         3.000000    3.502112   -0.502113 (VIOLATED)
_35317_/A1                              3.000000    3.502054   -0.502055 (VIOLATED)
_35020_/A1                              3.000000    3.501954   -0.501954 (VIOLATED)
_35080_/A1                              3.000000    3.501911   -0.501911 (VIOLATED)
_34101_/Z                               3.000000    3.501898   -0.501898 (VIOLATED)
_44421_/ZN                              3.000000    3.501409   -0.501409 (VIOLATED)
wire329/I                               3.000000    3.501409   -0.501409 (VIOLATED)
_35821_/B1                              3.000000    3.501027   -0.501027 (VIOLATED)
_35812_/B1                              3.000000    3.501023   -0.501023 (VIOLATED)
_37059_/B1                              3.000000    3.501010   -0.501010 (VIOLATED)
_36042_/I                               3.000000    3.501005   -0.501005 (VIOLATED)
_35811_/Z                               3.000000    3.500984   -0.500984 (VIOLATED)
_36890_/B2                              3.000000    3.500984   -0.500984 (VIOLATED)
load_slew1430/I                         3.000000    3.500984   -0.500984 (VIOLATED)
_35011_/B                               3.000000    3.493821   -0.493821 (VIOLATED)
_34700_/A2                              3.000000    3.493818   -0.493818 (VIOLATED)
_34371_/A2                              3.000000    3.493802   -0.493802 (VIOLATED)
_34817_/A2                              3.000000    3.493727   -0.493727 (VIOLATED)
load_slew1514/I                         3.000000    3.493721   -0.493721 (VIOLATED)
_34364_/Z                               3.000000    3.493642   -0.493642 (VIOLATED)
_35168_/B                               3.000000    3.493642   -0.493642 (VIOLATED)
_36092_/A2                              3.000000    3.489966   -0.489966 (VIOLATED)
_36026_/I                               3.000000    3.489963   -0.489963 (VIOLATED)
_36890_/A2                              3.000000    3.489874   -0.489874 (VIOLATED)
_35859_/Z                               3.000000    3.489846   -0.489846 (VIOLATED)
max_cap1421/I                           3.000000    3.489846   -0.489846 (VIOLATED)
_45369_/A2                              3.000000    3.488698   -0.488698 (VIOLATED)
_45442_/A2                              3.000000    3.488698   -0.488698 (VIOLATED)
_45662_/A2                              3.000000    3.488693   -0.488693 (VIOLATED)
_45953_/A2                              3.000000    3.488678   -0.488678 (VIOLATED)
_45264_/A2                              3.000000    3.488649   -0.488650 (VIOLATED)
_45110_/Z                               3.000000    3.488635   -0.488635 (VIOLATED)
max_cap477/I                            3.000000    3.488635   -0.488635 (VIOLATED)
_36393_/A2                              3.000000    3.477218   -0.477218 (VIOLATED)
_36452_/A2                              3.000000    3.477207   -0.477207 (VIOLATED)
_36428_/A2                              3.000000    3.477201   -0.477201 (VIOLATED)
_35926_/A2                              3.000000    3.477178   -0.477178 (VIOLATED)
_35945_/A2                              3.000000    3.477171   -0.477171 (VIOLATED)
_35920_/Z                               3.000000    3.477129   -0.477129 (VIOLATED)
max_cap1501/I                           3.000000    3.477129   -0.477129 (VIOLATED)
_37158_/A3                              3.000000    3.472306   -0.472306 (VIOLATED)
_36740_/A3                              3.000000    3.472272   -0.472272 (VIOLATED)
_35792_/A2                              3.000000    3.472185   -0.472185 (VIOLATED)
max_cap1508/I                           3.000000    3.472142   -0.472142 (VIOLATED)
_35791_/Z                               3.000000    3.472098   -0.472098 (VIOLATED)
_36047_/B                               3.000000    3.472098   -0.472098 (VIOLATED)
_47161_/ZN                              3.000000    3.468146   -0.468146 (VIOLATED)
_47165_/A2                              3.000000    3.468146   -0.468146 (VIOLATED)
_47166_/A3                              3.000000    3.468146   -0.468146 (VIOLATED)
_47309_/A4                              3.000000    3.468146   -0.468146 (VIOLATED)
load_slew593/I                          3.000000    3.468146   -0.468146 (VIOLATED)
_47518_/B2                              3.000000    3.464374   -0.464374 (VIOLATED)
_47579_/A1                              3.000000    3.464362   -0.464362 (VIOLATED)
load_slew688/I                          3.000000    3.464361   -0.464361 (VIOLATED)
_47780_/A1                              3.000000    3.464358   -0.464358 (VIOLATED)
_33882_/A2                              3.000000    3.464352   -0.464352 (VIOLATED)
_47199_/B1                              3.000000    3.464340   -0.464341 (VIOLATED)
_47650_/A1                              3.000000    3.464321   -0.464321 (VIOLATED)
_33881_/Z                               3.000000    3.464307   -0.464307 (VIOLATED)
_37399_/A1                              3.000000    3.463063   -0.463063 (VIOLATED)
_37733_/A1                              3.000000    3.463055   -0.463055 (VIOLATED)
_37877_/A1                              3.000000    3.463027   -0.463027 (VIOLATED)
_37590_/A1                              3.000000    3.463007   -0.463007 (VIOLATED)
_29118_/Z                               3.000000    3.462934   -0.462934 (VIOLATED)
max_cap900/I                            3.000000    3.462934   -0.462934 (VIOLATED)
_56082_/A1                              3.000000    3.459828   -0.459828 (VIOLATED)
_56150_/A1                              3.000000    3.459824   -0.459824 (VIOLATED)
_56013_/A1                              3.000000    3.459814   -0.459814 (VIOLATED)
_29343_/A1                              3.000000    3.459801   -0.459801 (VIOLATED)
_55945_/A1                              3.000000    3.459790   -0.459790 (VIOLATED)
_29002_/A2                              3.000000    3.459763   -0.459763 (VIOLATED)
_28997_/Z                               3.000000    3.459736   -0.459736 (VIOLATED)
max_cap904/I                            3.000000    3.459736   -0.459736 (VIOLATED)
_35070_/A1                              3.000000    3.458392   -0.458392 (VIOLATED)
_35064_/A1                              3.000000    3.458380   -0.458380 (VIOLATED)
_35316_/A2                              3.000000    3.458350   -0.458350 (VIOLATED)
_35019_/A2                              3.000000    3.458344   -0.458344 (VIOLATED)
_35104_/A1                              3.000000    3.458285   -0.458285 (VIOLATED)
_35018_/Z                               3.000000    3.458253   -0.458253 (VIOLATED)
max_cap1283/I                           3.000000    3.458253   -0.458253 (VIOLATED)
_45241_/A1                              3.000000    3.456475   -0.456475 (VIOLATED)
_45186_/ZN                              3.000000    3.456470   -0.456471 (VIOLATED)
max_cap300/I                            3.000000    3.456470   -0.456471 (VIOLATED)
_36462_/A2                              3.000000    3.441841   -0.441841 (VIOLATED)
_36309_/A1                              3.000000    3.441825   -0.441825 (VIOLATED)
_36498_/B2                              3.000000    3.441824   -0.441825 (VIOLATED)
_36708_/A2                              3.000000    3.441823   -0.441823 (VIOLATED)
_36138_/Z                               3.000000    3.441806   -0.441806 (VIOLATED)
max_cap1206/I                           3.000000    3.441806   -0.441806 (VIOLATED)
_35427_/A2                              3.000000    3.440931   -0.440931 (VIOLATED)
fanout1653/I                            3.000000    3.440916   -0.440916 (VIOLATED)
_34675_/A2                              3.000000    3.440909   -0.440909 (VIOLATED)
_34670_/A2                              3.000000    3.440906   -0.440906 (VIOLATED)
_35329_/A2                              3.000000    3.440906   -0.440906 (VIOLATED)
_34411_/A2                              3.000000    3.440900   -0.440900 (VIOLATED)
_35052_/A2                              3.000000    3.440899   -0.440899 (VIOLATED)
_34774_/A2                              3.000000    3.440898   -0.440898 (VIOLATED)
_34794_/A2                              3.000000    3.440897   -0.440898 (VIOLATED)
_35339_/A2                              3.000000    3.440877   -0.440877 (VIOLATED)
fanout1654/Z                            3.000000    3.440877   -0.440877 (VIOLATED)
_35176_/A2                              3.000000    3.437632   -0.437632 (VIOLATED)
_35390_/A2                              3.000000    3.437587   -0.437588 (VIOLATED)
_35221_/A1                              3.000000    3.437546   -0.437546 (VIOLATED)
max_cap1288/I                           3.000000    3.437506   -0.437506 (VIOLATED)
_34864_/Z                               3.000000    3.437490   -0.437490 (VIOLATED)
_35113_/A1                              3.000000    3.437490   -0.437490 (VIOLATED)
_35196_/A1                              3.000000    3.425587   -0.425587 (VIOLATED)
_35109_/A1                              3.000000    3.425583   -0.425583 (VIOLATED)
wire1112/I                              3.000000    3.425582   -0.425582 (VIOLATED)
_35237_/A1                              3.000000    3.425579   -0.425579 (VIOLATED)
_34488_/Z                               3.000000    3.425566   -0.425566 (VIOLATED)
_35101_/A1                              3.000000    3.425566   -0.425566 (VIOLATED)
_55415_/A1                              3.000000    3.412037   -0.412037 (VIOLATED)
_55029_/A1                              3.000000    3.412033   -0.412033 (VIOLATED)
_55126_/A1                              3.000000    3.412033   -0.412033 (VIOLATED)
_55511_/A1                              3.000000    3.411990   -0.411990 (VIOLATED)
_55319_/A1                              3.000000    3.411971   -0.411971 (VIOLATED)
_55222_/A1                              3.000000    3.411949   -0.411950 (VIOLATED)
_54620_/Z                               3.000000    3.411936   -0.411936 (VIOLATED)
max_cap372/I                            3.000000    3.411936   -0.411936 (VIOLATED)
_43417_/A1                              3.000000    3.410939   -0.410939 (VIOLATED)
_43875_/A1                              3.000000    3.410937   -0.410937 (VIOLATED)
_43717_/A1                              3.000000    3.410934   -0.410935 (VIOLATED)
max_cap827/I                            3.000000    3.410934   -0.410934 (VIOLATED)
_43137_/Z                               3.000000    3.410919   -0.410919 (VIOLATED)
_43138_/A1                              3.000000    3.410919   -0.410919 (VIOLATED)
_43970_/A1                              3.000000    3.410919   -0.410919 (VIOLATED)
_36046_/B2                              3.000000    3.399925   -0.399925 (VIOLATED)
_36556_/A2                              3.000000    3.399920   -0.399921 (VIOLATED)
max_cap1215/I                           3.000000    3.399827   -0.399827 (VIOLATED)
_37041_/A2                              3.000000    3.399780   -0.399780 (VIOLATED)
_36042_/Z                               3.000000    3.399756   -0.399756 (VIOLATED)
_56009_/A1                              3.000000    3.395818   -0.395818 (VIOLATED)
_56078_/A1                              3.000000    3.395816   -0.395816 (VIOLATED)
_56146_/A1                              3.000000    3.395806   -0.395806 (VIOLATED)
_29326_/A1                              3.000000    3.395796   -0.395796 (VIOLATED)
_55941_/A1                              3.000000    3.395781   -0.395781 (VIOLATED)
_29317_/Z                               3.000000    3.395728   -0.395728 (VIOLATED)
max_cap893/I                            3.000000    3.395728   -0.395728 (VIOLATED)
_35448_/A1                              3.000000    3.392451   -0.392451 (VIOLATED)
load_slew1286/I                         3.000000    3.392442   -0.392442 (VIOLATED)
_35386_/B1                              3.000000    3.392431   -0.392431 (VIOLATED)
_35401_/A1                              3.000000    3.392406   -0.392406 (VIOLATED)
_34908_/Z                               3.000000    3.392358   -0.392358 (VIOLATED)
_35225_/B1                              3.000000    3.392358   -0.392358 (VIOLATED)
_56017_/A1                              3.000000    3.388819   -0.388819 (VIOLATED)
_56086_/A1                              3.000000    3.388817   -0.388817 (VIOLATED)
_56154_/A1                              3.000000    3.388810   -0.388810 (VIOLATED)
_29360_/A1                              3.000000    3.388766   -0.388766 (VIOLATED)
_55949_/A1                              3.000000    3.388745   -0.388745 (VIOLATED)
_29022_/A2                              3.000000    3.388703   -0.388703 (VIOLATED)
_29015_/Z                               3.000000    3.388685   -0.388686 (VIOLATED)
max_cap903/I                            3.000000    3.388685   -0.388686 (VIOLATED)
_55476_/A3                              3.000000    3.385342   -0.385342 (VIOLATED)
_55764_/A3                              3.000000    3.385319   -0.385319 (VIOLATED)
_55668_/A3                              3.000000    3.385312   -0.385312 (VIOLATED)
_55572_/A3                              3.000000    3.385309   -0.385309 (VIOLATED)
_55380_/A3                              3.000000    3.385290   -0.385290 (VIOLATED)
_53209_/Z                               3.000000    3.385219   -0.385219 (VIOLATED)
max_cap156/I                            3.000000    3.385219   -0.385219 (VIOLATED)
max_cap848/I                            3.000000    3.380053   -0.380053 (VIOLATED)
_39511_/I                               3.000000    3.380052   -0.380052 (VIOLATED)
_39510_/ZN                              3.000000    3.380031   -0.380031 (VIOLATED)
_47606_/A2                              3.000000    3.377806   -0.377806 (VIOLATED)
_47608_/A2                              3.000000    3.377797   -0.377798 (VIOLATED)
load_slew32/I                           3.000000    3.377793   -0.377793 (VIOLATED)
_47587_/Z                               3.000000    3.377779   -0.377779 (VIOLATED)
_47589_/A2                              3.000000    3.377779   -0.377779 (VIOLATED)
_47595_/A2                              3.000000    3.377779   -0.377779 (VIOLATED)
_47599_/A2                              3.000000    3.377779   -0.377779 (VIOLATED)
wire481/I                               3.000000    3.368713   -0.368714 (VIOLATED)
_44570_/ZN                              3.000000    3.368696   -0.368697 (VIOLATED)
_45496_/A1                              3.000000    3.368100   -0.368100 (VIOLATED)
_45441_/ZN                              3.000000    3.368051   -0.368051 (VIOLATED)
max_cap193/I                            3.000000    3.368051   -0.368051 (VIOLATED)
_44363_/ZN                              3.000000    3.366450   -0.366450 (VIOLATED)
wire336/I                               3.000000    3.366450   -0.366450 (VIOLATED)
_56094_/A1                              3.000000    3.357419   -0.357419 (VIOLATED)
_56162_/A1                              3.000000    3.357417   -0.357417 (VIOLATED)
_56025_/A1                              3.000000    3.357415   -0.357415 (VIOLATED)
_29392_/A1                              3.000000    3.357402   -0.357402 (VIOLATED)
_55957_/A1                              3.000000    3.357391   -0.357391 (VIOLATED)
max_cap955/I                            3.000000    3.357314   -0.357314 (VIOLATED)
_29384_/Z                               3.000000    3.357297   -0.357297 (VIOLATED)
_56624_/A1                              3.000000    3.357297   -0.357297 (VIOLATED)
_40372_/A1                              3.000000    3.355638   -0.355638 (VIOLATED)
_38262_/ZN                              3.000000    3.355636   -0.355636 (VIOLATED)
_39999_/A1                              3.000000    3.355636   -0.355636 (VIOLATED)
_40186_/A1                              3.000000    3.355636   -0.355636 (VIOLATED)
wire858/I                               3.000000    3.355636   -0.355636 (VIOLATED)
_47646_/A1                              3.000000    3.355542   -0.355542 (VIOLATED)
_33875_/A2                              3.000000    3.355540   -0.355540 (VIOLATED)
_47776_/A1                              3.000000    3.355539   -0.355539 (VIOLATED)
load_slew708/I                          3.000000    3.355537   -0.355538 (VIOLATED)
_47438_/B1                              3.000000    3.355535   -0.355535 (VIOLATED)
_47575_/A1                              3.000000    3.355534   -0.355534 (VIOLATED)
_33874_/Z                               3.000000    3.355522   -0.355522 (VIOLATED)
_29302_/A1                              3.000000    3.348673   -0.348673 (VIOLATED)
load_slew345/I                          3.000000    3.348673   -0.348673 (VIOLATED)
_29293_/ZN                              3.000000    3.348652   -0.348652 (VIOLATED)
_36156_/B1                              3.000000    3.347914   -0.347914 (VIOLATED)
_36736_/B1                              3.000000    3.347881   -0.347881 (VIOLATED)
load_slew1205/I                         3.000000    3.347880   -0.347880 (VIOLATED)
_36729_/A1                              3.000000    3.347878   -0.347878 (VIOLATED)
_36155_/Z                               3.000000    3.347865   -0.347865 (VIOLATED)
_36327_/A2                              3.000000    3.347865   -0.347865 (VIOLATED)
_34882_/A1                              3.000000    3.345958   -0.345958 (VIOLATED)
_34888_/A2                              3.000000    3.345954   -0.345955 (VIOLATED)
fanout1657/I                            3.000000    3.345947   -0.345947 (VIOLATED)
_35457_/A2                              3.000000    3.345946   -0.345946 (VIOLATED)
_33993_/A1                              3.000000    3.345941   -0.345941 (VIOLATED)
_34926_/A2                              3.000000    3.345938   -0.345938 (VIOLATED)
_33992_/A2                              3.000000    3.345935   -0.345935 (VIOLATED)
_34931_/A2                              3.000000    3.345933   -0.345933 (VIOLATED)
_34406_/A2                              3.000000    3.345917   -0.345918 (VIOLATED)
_35047_/A2                              3.000000    3.345917   -0.345918 (VIOLATED)
fanout1658/Z                            3.000000    3.345917   -0.345918 (VIOLATED)
_39300_/A1                              3.000000    3.343316   -0.343316 (VIOLATED)
_39113_/A1                              3.000000    3.343313   -0.343313 (VIOLATED)
_39495_/A1                              3.000000    3.343283   -0.343283 (VIOLATED)
_39683_/A1                              3.000000    3.343248   -0.343249 (VIOLATED)
_38102_/Z                               3.000000    3.343227   -0.343227 (VIOLATED)
_39876_/A1                              3.000000    3.343227   -0.343227 (VIOLATED)
max_cap754/I                            3.000000    3.343227   -0.343227 (VIOLATED)
wire1670/I                              3.000000    3.340041   -0.340041 (VIOLATED)
_37471_/Z                               3.000000    3.339829   -0.339829 (VIOLATED)
_37472_/A2                              3.000000    3.339829   -0.339829 (VIOLATED)
i_core_v_mini_mcu.memory_subsystem_i.gen_sram[0].clk_gating_cell_i.u_icg/E    3.000000    3.336422   -0.336422 (VIOLATED)
_29413_/ZN                              3.000000    3.336157   -0.336157 (VIOLATED)
_47750_/A1                              3.000000    3.336157   -0.336157 (VIOLATED)
_37075_/B1                              3.000000    3.331767   -0.331767 (VIOLATED)
wire1233/I                              3.000000    3.331767   -0.331767 (VIOLATED)
_35965_/A2                              3.000000    3.331686   -0.331686 (VIOLATED)
_35964_/Z                               3.000000    3.331648   -0.331648 (VIOLATED)
_36416_/A1                              3.000000    3.331648   -0.331648 (VIOLATED)
_47522_/B2                              3.000000    3.329205   -0.329205 (VIOLATED)
load_slew687/I                          3.000000    3.329194   -0.329194 (VIOLATED)
_33886_/A2                              3.000000    3.329172   -0.329172 (VIOLATED)
_47201_/B1                              3.000000    3.329166   -0.329166 (VIOLATED)
_47581_/A1                              3.000000    3.329145   -0.329145 (VIOLATED)
_47652_/A1                              3.000000    3.329128   -0.329128 (VIOLATED)
_33885_/Z                               3.000000    3.329108   -0.329108 (VIOLATED)
_35434_/A3                              3.000000    3.322357   -0.322357 (VIOLATED)
_34781_/A2                              3.000000    3.322356   -0.322356 (VIOLATED)
_34309_/A2                              3.000000    3.322349   -0.322349 (VIOLATED)
_35154_/A2                              3.000000    3.322349   -0.322349 (VIOLATED)
_34020_/I                               3.000000    3.322344   -0.322344 (VIOLATED)
_33679_/ZN                              3.000000    3.322331   -0.322331 (VIOLATED)
max_cap997/I                            3.000000    3.322331   -0.322331 (VIOLATED)
_46777_/A1                              3.000000    3.321892   -0.321892 (VIOLATED)
_46850_/A1                              3.000000    3.321889   -0.321889 (VIOLATED)
_46558_/A1                              3.000000    3.321873   -0.321873 (VIOLATED)
_46192_/A1                              3.000000    3.321867   -0.321867 (VIOLATED)
_46485_/A1                              3.000000    3.321843   -0.321843 (VIOLATED)
_46107_/Z                               3.000000    3.321832   -0.321832 (VIOLATED)
_46631_/A1                              3.000000    3.321832   -0.321832 (VIOLATED)
max_cap166/I                            3.000000    3.321832   -0.321832 (VIOLATED)
_42969_/A2                              3.000000    3.318262   -0.318263 (VIOLATED)
_42878_/A2                              3.000000    3.318243   -0.318243 (VIOLATED)
_42782_/A2                              3.000000    3.318164   -0.318164 (VIOLATED)
max_cap918/I                            3.000000    3.318057   -0.318057 (VIOLATED)
_42006_/Z                               3.000000    3.318015   -0.318015 (VIOLATED)
_37075_/A2                              3.000000    3.295777   -0.295777 (VIOLATED)
load_slew1204/I                         3.000000    3.295777   -0.295777 (VIOLATED)
_37034_/A2                              3.000000    3.295749   -0.295749 (VIOLATED)
_36616_/Z                               3.000000    3.295661   -0.295662 (VIOLATED)
_36876_/A2                              3.000000    3.295661   -0.295662 (VIOLATED)
_36521_/A2                              3.000000    3.295557   -0.295557 (VIOLATED)
_36422_/A1                              3.000000    3.295555   -0.295555 (VIOLATED)
_35938_/Z                               3.000000    3.295542   -0.295542 (VIOLATED)
_35940_/A2                              3.000000    3.295542   -0.295542 (VIOLATED)
load_slew1240/I                         3.000000    3.295542   -0.295542 (VIOLATED)
_39257_/A1                              3.000000    3.292109   -0.292109 (VIOLATED)
_39646_/A1                              3.000000    3.292108   -0.292108 (VIOLATED)
_39072_/A1                              3.000000    3.292104   -0.292104 (VIOLATED)
_38042_/Z                               3.000000    3.292093   -0.292093 (VIOLATED)
_39458_/A1                              3.000000    3.292093   -0.292093 (VIOLATED)
_39512_/A1                              3.000000    3.292093   -0.292093 (VIOLATED)
load_slew758/I                          3.000000    3.292093   -0.292093 (VIOLATED)
_39262_/A1                              3.000000    3.284087   -0.284087 (VIOLATED)
_39077_/A1                              3.000000    3.284080   -0.284080 (VIOLATED)
_38309_/Z                               3.000000    3.284067   -0.284067 (VIOLATED)
_39463_/A1                              3.000000    3.284067   -0.284067 (VIOLATED)
_39570_/A1                              3.000000    3.284067   -0.284067 (VIOLATED)
_39652_/A1                              3.000000    3.284067   -0.284067 (VIOLATED)
load_slew745/I                          3.000000    3.284067   -0.284067 (VIOLATED)
_37741_/A1                              3.000000    3.274628   -0.274629 (VIOLATED)
_37407_/A1                              3.000000    3.274623   -0.274623 (VIOLATED)
_37885_/A1                              3.000000    3.274587   -0.274587 (VIOLATED)
_37598_/A1                              3.000000    3.274563   -0.274563 (VIOLATED)
_29145_/Z                               3.000000    3.274513   -0.274514 (VIOLATED)
max_cap964/I                            3.000000    3.274513   -0.274514 (VIOLATED)
_35309_/A1                              3.000000    3.274476   -0.274476 (VIOLATED)
_35176_/B1                              3.000000    3.274475   -0.274475 (VIOLATED)
_35390_/B1                              3.000000    3.274450   -0.274450 (VIOLATED)
_35403_/A1                              3.000000    3.274429   -0.274429 (VIOLATED)
load_slew1108/I                         3.000000    3.274428   -0.274428 (VIOLATED)
_34865_/Z                               3.000000    3.274415   -0.274415 (VIOLATED)
_46467_/A1                              3.000000    3.274332   -0.274332 (VIOLATED)
_46174_/A1                              3.000000    3.274330   -0.274331 (VIOLATED)
_46686_/A1                              3.000000    3.274329   -0.274329 (VIOLATED)
_46613_/A1                              3.000000    3.274328   -0.274329 (VIOLATED)
_46080_/Z                               3.000000    3.274315   -0.274315 (VIOLATED)
_46540_/A1                              3.000000    3.274315   -0.274315 (VIOLATED)
max_cap174/I                            3.000000    3.274315   -0.274315 (VIOLATED)
_34132_/B                               3.000000    3.270678   -0.270678 (VIOLATED)
_34894_/A2                              3.000000    3.270674   -0.270674 (VIOLATED)
_34893_/A3                              3.000000    3.270673   -0.270673 (VIOLATED)
_34808_/A3                              3.000000    3.270670   -0.270670 (VIOLATED)
_34931_/B                               3.000000    3.270659   -0.270659 (VIOLATED)
_34737_/A2                              3.000000    3.270656   -0.270656 (VIOLATED)
_34711_/A3                              3.000000    3.270656   -0.270656 (VIOLATED)
_34790_/A2                              3.000000    3.270652   -0.270652 (VIOLATED)
_34407_/A3                              3.000000    3.270639   -0.270639 (VIOLATED)
_35452_/A2                              3.000000    3.270639   -0.270639 (VIOLATED)
fanout1638/Z                            3.000000    3.270639   -0.270639 (VIOLATED)
_34434_/B1                              3.000000    3.261566   -0.261566 (VIOLATED)
_34426_/B1                              3.000000    3.261564   -0.261564 (VIOLATED)
load_slew1331/I                         3.000000    3.261532   -0.261532 (VIOLATED)
_35318_/A1                              3.000000    3.261497   -0.261497 (VIOLATED)
_44068_/A2                              3.000000    3.261466   -0.261466 (VIOLATED)
_41392_/I                               3.000000    3.261465   -0.261465 (VIOLATED)
_35021_/A1                              3.000000    3.261455   -0.261455 (VIOLATED)
_41391_/ZN                              3.000000    3.261443   -0.261443 (VIOLATED)
_42266_/I                               3.000000    3.261443   -0.261443 (VIOLATED)
_43124_/I                               3.000000    3.261443   -0.261443 (VIOLATED)
_43981_/A2                              3.000000    3.261443   -0.261443 (VIOLATED)
_34152_/Z                               3.000000    3.261441   -0.261442 (VIOLATED)
_35081_/A1                              3.000000    3.261441   -0.261442 (VIOLATED)
_37753_/A1                              3.000000    3.258189   -0.258189 (VIOLATED)
_37421_/A1                              3.000000    3.258182   -0.258182 (VIOLATED)
_37897_/A1                              3.000000    3.258162   -0.258162 (VIOLATED)
_37610_/A1                              3.000000    3.258139   -0.258140 (VIOLATED)
_37419_/Z                               3.000000    3.258055   -0.258055 (VIOLATED)
max_cap938/I                            3.000000    3.258055   -0.258055 (VIOLATED)
_36411_/A2                              3.000000    3.250541   -0.250541 (VIOLATED)
_36933_/A2                              3.000000    3.250539   -0.250539 (VIOLATED)
_36399_/A2                              3.000000    3.250535   -0.250536 (VIOLATED)
_36929_/A1                              3.000000    3.250536   -0.250536 (VIOLATED)
_36196_/A1                              3.000000    3.250534   -0.250534 (VIOLATED)
_36195_/A2                              3.000000    3.250533   -0.250533 (VIOLATED)
_36928_/B                               3.000000    3.250529   -0.250529 (VIOLATED)
_36242_/A2                              3.000000    3.250527   -0.250527 (VIOLATED)
_36243_/A2                              3.000000    3.250505   -0.250505 (VIOLATED)
_36248_/A2                              3.000000    3.250505   -0.250505 (VIOLATED)
fanout1618/Z                            3.000000    3.250505   -0.250505 (VIOLATED)
_36948_/B2                              3.000000    3.249831   -0.249831 (VIOLATED)
_36923_/B1                              3.000000    3.249801   -0.249801 (VIOLATED)
_36262_/B2                              3.000000    3.249799   -0.249799 (VIOLATED)
_35892_/Z                               3.000000    3.249786   -0.249786 (VIOLATED)
max_cap1250/I                           3.000000    3.249786   -0.249786 (VIOLATED)
_46668_/A1                              3.000000    3.241954   -0.241954 (VIOLATED)
_46595_/A1                              3.000000    3.241952   -0.241952 (VIOLATED)
_46156_/A1                              3.000000    3.241952   -0.241952 (VIOLATED)
_46449_/A1                              3.000000    3.241948   -0.241948 (VIOLATED)
_46053_/Z                               3.000000    3.241935   -0.241935 (VIOLATED)
_46522_/A1                              3.000000    3.241935   -0.241935 (VIOLATED)
_46814_/A1                              3.000000    3.241935   -0.241935 (VIOLATED)
load_slew182/I                          3.000000    3.241935   -0.241935 (VIOLATED)
_43484_/A1                              3.000000    3.234178   -0.234178 (VIOLATED)
_43422_/A1                              3.000000    3.234160   -0.234160 (VIOLATED)
max_cap831/I                            3.000000    3.234139   -0.234139 (VIOLATED)
_43846_/A1                              3.000000    3.234115   -0.234115 (VIOLATED)
_43575_/A1                              3.000000    3.234106   -0.234107 (VIOLATED)
_43092_/Z                               3.000000    3.234070   -0.234070 (VIOLATED)
_44555_/Z                               3.000000    3.233582   -0.233583 (VIOLATED)
_44557_/A1                              3.000000    3.233582   -0.233583 (VIOLATED)
_44727_/A1                              3.000000    3.233582   -0.233583 (VIOLATED)
_44801_/A1                              3.000000    3.233582   -0.233583 (VIOLATED)
_44874_/A1                              3.000000    3.233582   -0.233583 (VIOLATED)
_44947_/A1                              3.000000    3.233582   -0.233583 (VIOLATED)
load_slew234/I                          3.000000    3.233582   -0.233583 (VIOLATED)
_34953_/I                               3.000000    3.233233   -0.233233 (VIOLATED)
_34125_/I                               3.000000    3.233178   -0.233178 (VIOLATED)
_34617_/A2                              3.000000    3.233174   -0.233174 (VIOLATED)
_34579_/A2                              3.000000    3.233134   -0.233134 (VIOLATED)
_35271_/A2                              3.000000    3.233039   -0.233040 (VIOLATED)
_34063_/Z                               3.000000    3.233012   -0.233012 (VIOLATED)
max_cap1565/I                           3.000000    3.233012   -0.233012 (VIOLATED)
_35313_/A2                              3.000000    3.229117   -0.229117 (VIOLATED)
_35235_/A2                              3.000000    3.229110   -0.229110 (VIOLATED)
_35355_/A2                              3.000000    3.229103   -0.229103 (VIOLATED)
max_cap879/I                            3.000000    3.229103   -0.229103 (VIOLATED)
_34021_/Z                               3.000000    3.229088   -0.229088 (VIOLATED)
_35077_/A2                              3.000000    3.229088   -0.229088 (VIOLATED)
_35118_/A2                              3.000000    3.229088   -0.229088 (VIOLATED)
_48220_/A1                              3.000000    3.212340   -0.212340 (VIOLATED)
_48218_/ZN                              3.000000    3.212327   -0.212327 (VIOLATED)
_31570_/A1                              3.000000    3.205199   -0.205200 (VIOLATED)
_31547_/ZN                              3.000000    3.205197   -0.205197 (VIOLATED)
_35776_/I                               3.000000    3.204291   -0.204291 (VIOLATED)
_35763_/I                               3.000000    3.204291   -0.204291 (VIOLATED)
_35824_/I                               3.000000    3.204280   -0.204280 (VIOLATED)
_36058_/I                               3.000000    3.204275   -0.204275 (VIOLATED)
_36892_/A1                              3.000000    3.204210   -0.204210 (VIOLATED)
_35816_/I                               3.000000    3.204124   -0.204124 (VIOLATED)
_35983_/I                               3.000000    3.204044   -0.204044 (VIOLATED)
_35873_/A1                              3.000000    3.204025   -0.204025 (VIOLATED)
_35762_/ZN                              3.000000    3.203972   -0.203972 (VIOLATED)
_36964_/A2                              3.000000    3.198486   -0.198486 (VIOLATED)
_36944_/A2                              3.000000    3.198482   -0.198482 (VIOLATED)
wire1507/I                              3.000000    3.198481   -0.198481 (VIOLATED)
_35795_/Z                               3.000000    3.198451   -0.198451 (VIOLATED)
_55856_/A2                              3.000000    3.193076   -0.193076 (VIOLATED)
_55828_/A2                              3.000000    3.193052   -0.193052 (VIOLATED)
_44167_/B                               3.000000    3.192914   -0.192914 (VIOLATED)
_44385_/I                               3.000000    3.192912   -0.192912 (VIOLATED)
_44166_/ZN                              3.000000    3.192861   -0.192861 (VIOLATED)
_37737_/A1                              3.000000    3.192576   -0.192576 (VIOLATED)
_37403_/A1                              3.000000    3.192570   -0.192571 (VIOLATED)
_37881_/A1                              3.000000    3.192546   -0.192546 (VIOLATED)
_37594_/A1                              3.000000    3.192534   -0.192534 (VIOLATED)
_29132_/Z                               3.000000    3.192487   -0.192487 (VIOLATED)
max_cap966/I                            3.000000    3.192487   -0.192487 (VIOLATED)
_38597_/A1                              3.000000    3.187122   -0.187122 (VIOLATED)
_38612_/A1                              3.000000    3.187116   -0.187116 (VIOLATED)
_38790_/A1                              3.000000    3.187089   -0.187089 (VIOLATED)
_38184_/Z                               3.000000    3.186912   -0.186912 (VIOLATED)
max_cap796/I                            3.000000    3.186912   -0.186912 (VIOLATED)
load_slew235/I                          3.000000    3.177235   -0.177235 (VIOLATED)
_44552_/A1                              3.000000    3.177234   -0.177234 (VIOLATED)
_44872_/A1                              3.000000    3.177229   -0.177230 (VIOLATED)
_44546_/Z                               3.000000    3.177217   -0.177218 (VIOLATED)
_44725_/A1                              3.000000    3.177217   -0.177218 (VIOLATED)
_44799_/A1                              3.000000    3.177217   -0.177218 (VIOLATED)
_44945_/A1                              3.000000    3.177217   -0.177218 (VIOLATED)
_32068_/ZN                              3.000000    3.176415   -0.176416 (VIOLATED)
_32069_/A1                              3.000000    3.176415   -0.176416 (VIOLATED)
_32735_/I                               3.000000    3.176415   -0.176416 (VIOLATED)
_50353_/B                               3.000000    3.176415   -0.176416 (VIOLATED)
load_slew1531/I                         3.000000    3.176415   -0.176416 (VIOLATED)
_35458_/A2                              3.000000    3.176247   -0.176247 (VIOLATED)
_35161_/A2                              3.000000    3.176198   -0.176198 (VIOLATED)
_35158_/A2                              3.000000    3.176122   -0.176122 (VIOLATED)
_35208_/A2                              3.000000    3.176114   -0.176114 (VIOLATED)
_34683_/Z                               3.000000    3.176104   -0.176104 (VIOLATED)
wire1294/I                              3.000000    3.176104   -0.176104 (VIOLATED)
_37791_/A1                              3.000000    3.167945   -0.167945 (VIOLATED)
_37466_/A1                              3.000000    3.167944   -0.167945 (VIOLATED)
_37935_/A1                              3.000000    3.167923   -0.167923 (VIOLATED)
_37648_/A1                              3.000000    3.167898   -0.167898 (VIOLATED)
_29072_/Z                               3.000000    3.167878   -0.167879 (VIOLATED)
wire902/I                               3.000000    3.167878   -0.167879 (VIOLATED)
_62137_/RN                              3.000000    3.164239   -0.164239 (VIOLATED)
_62138_/RN                              3.000000    3.164239   -0.164239 (VIOLATED)
_62136_/RN                              3.000000    3.164237   -0.164238 (VIOLATED)
_62134_/RN                              3.000000    3.164236   -0.164236 (VIOLATED)
_62135_/RN                              3.000000    3.164234   -0.164234 (VIOLATED)
_62133_/RN                              3.000000    3.164225   -0.164225 (VIOLATED)
_62119_/RN                              3.000000    3.164215   -0.164215 (VIOLATED)
_62118_/RN                              3.000000    3.164213   -0.164213 (VIOLATED)
_62113_/RN                              3.000000    3.164204   -0.164204 (VIOLATED)
_62116_/RN                              3.000000    3.164188   -0.164188 (VIOLATED)
fanout1885/Z                            3.000000    3.164188   -0.164188 (VIOLATED)
_39391_/A1                              3.000000    3.155850   -0.155850 (VIOLATED)
_39440_/A1                              3.000000    3.155846   -0.155846 (VIOLATED)
_39245_/A1                              3.000000    3.155829   -0.155829 (VIOLATED)
_39633_/A1                              3.000000    3.155766   -0.155766 (VIOLATED)
_39821_/A1                              3.000000    3.155752   -0.155752 (VIOLATED)
_38284_/Z                               3.000000    3.155656   -0.155656 (VIOLATED)
wire782/I                               3.000000    3.155656   -0.155656 (VIOLATED)
_43501_/A1                              3.000000    3.154545   -0.154545 (VIOLATED)
_43590_/A1                              3.000000    3.154528   -0.154528 (VIOLATED)
_43596_/A1                              3.000000    3.154527   -0.154527 (VIOLATED)
_43862_/A1                              3.000000    3.154505   -0.154506 (VIOLATED)
max_cap828/I                            3.000000    3.154470   -0.154470 (VIOLATED)
_43111_/Z                               3.000000    3.154455   -0.154455 (VIOLATED)
_36435_/A1                              3.000000    3.150407   -0.150407 (VIOLATED)
_36450_/A1                              3.000000    3.150405   -0.150405 (VIOLATED)
_36984_/A2                              3.000000    3.150382   -0.150382 (VIOLATED)
_35979_/Z                               3.000000    3.150363   -0.150363 (VIOLATED)
_35981_/A2                              3.000000    3.150363   -0.150363 (VIOLATED)
max_cap1230/I                           3.000000    3.150363   -0.150363 (VIOLATED)
_46811_/A1                              3.000000    3.150333   -0.150333 (VIOLATED)
_46792_/ZN                              3.000000    3.150332   -0.150332 (VIOLATED)
_46829_/A1                              3.000000    3.150332   -0.150332 (VIOLATED)
wire159/I                               3.000000    3.150332   -0.150332 (VIOLATED)
_38283_/ZN                              3.000000    3.148576   -0.148576 (VIOLATED)
_40014_/A1                              3.000000    3.148576   -0.148576 (VIOLATED)
_40202_/A1                              3.000000    3.148576   -0.148576 (VIOLATED)
_40387_/A1                              3.000000    3.148576   -0.148576 (VIOLATED)
wire855/I                               3.000000    3.148576   -0.148576 (VIOLATED)
_45075_/A1                              3.000000    3.145800   -0.145800 (VIOLATED)
_44854_/A1                              3.000000    3.145794   -0.145794 (VIOLATED)
load_slew243/I                          3.000000    3.145794   -0.145794 (VIOLATED)
_44631_/A1                              3.000000    3.145790   -0.145790 (VIOLATED)
_44493_/Z                               3.000000    3.145778   -0.145779 (VIOLATED)
_45152_/A1                              3.000000    3.145778   -0.145779 (VIOLATED)
_45226_/A1                              3.000000    3.145778   -0.145779 (VIOLATED)
_31050_/A1                              3.000000    3.136112   -0.136112 (VIOLATED)
_31027_/ZN                              3.000000    3.136111   -0.136111 (VIOLATED)
_46176_/A1                              3.000000    3.135909   -0.135909 (VIOLATED)
_46469_/A1                              3.000000    3.135909   -0.135909 (VIOLATED)
_46542_/A1                              3.000000    3.135902   -0.135902 (VIOLATED)
_46615_/A1                              3.000000    3.135896   -0.135896 (VIOLATED)
_46688_/A1                              3.000000    3.135895   -0.135895 (VIOLATED)
_46086_/Z                               3.000000    3.135882   -0.135882 (VIOLATED)
max_cap173/I                            3.000000    3.135882   -0.135882 (VIOLATED)
_55030_/A3                              3.000000    3.126046   -0.126047 (VIOLATED)
_55127_/A3                              3.000000    3.126044   -0.126044 (VIOLATED)
_55416_/A3                              3.000000    3.126042   -0.126043 (VIOLATED)
_55223_/A3                              3.000000    3.126022   -0.126022 (VIOLATED)
_55512_/A3                              3.000000    3.126019   -0.126019 (VIOLATED)
_55320_/A3                              3.000000    3.125990   -0.125990 (VIOLATED)
_54623_/Z                               3.000000    3.125976   -0.125976 (VIOLATED)
max_cap371/I                            3.000000    3.125976   -0.125976 (VIOLATED)
wire1289/I                              3.000000    3.122835   -0.122835 (VIOLATED)
_35387_/A1                              3.000000    3.122834   -0.122835 (VIOLATED)
_35024_/A1                              3.000000    3.122768   -0.122768 (VIOLATED)
_35033_/A1                              3.000000    3.122752   -0.122752 (VIOLATED)
_35119_/A2                              3.000000    3.122749   -0.122749 (VIOLATED)
_34858_/Z                               3.000000    3.122710   -0.122710 (VIOLATED)
_35079_/A2                              3.000000    3.122710   -0.122710 (VIOLATED)
_35269_/A1                              3.000000    3.119428   -0.119428 (VIOLATED)
_33982_/Z                               3.000000    3.119395   -0.119395 (VIOLATED)
_34121_/A1                              3.000000    3.119395   -0.119395 (VIOLATED)
_34128_/A1                              3.000000    3.119395   -0.119395 (VIOLATED)
max_cap1344/I                           3.000000    3.119395   -0.119395 (VIOLATED)
_37746_/A1                              3.000000    3.118968   -0.118968 (VIOLATED)
_37412_/A1                              3.000000    3.118966   -0.118966 (VIOLATED)
_37603_/A1                              3.000000    3.118939   -0.118939 (VIOLATED)
_37890_/A1                              3.000000    3.118938   -0.118938 (VIOLATED)
_29160_/Z                               3.000000    3.118863   -0.118863 (VIOLATED)
max_cap897/I                            3.000000    3.118863   -0.118863 (VIOLATED)
_36958_/A2                              3.000000    3.118103   -0.118103 (VIOLATED)
_35977_/I                               3.000000    3.118071   -0.118071 (VIOLATED)
_35849_/A2                              3.000000    3.118064   -0.118064 (VIOLATED)
_35827_/Z                               3.000000    3.118052   -0.118052 (VIOLATED)
load_slew1504/I                         3.000000    3.118052   -0.118052 (VIOLATED)
_43496_/A1                              3.000000    3.116523   -0.116523 (VIOLATED)
_43538_/A1                              3.000000    3.116510   -0.116511 (VIOLATED)
max_cap829/I                            3.000000    3.116486   -0.116486 (VIOLATED)
_43585_/A1                              3.000000    3.116472   -0.116472 (VIOLATED)
_43856_/A1                              3.000000    3.116452   -0.116452 (VIOLATED)
_43104_/Z                               3.000000    3.116437   -0.116438 (VIOLATED)
_36555_/A2                              3.000000    3.114686   -0.114686 (VIOLATED)
_36111_/Z                               3.000000    3.114665   -0.114665 (VIOLATED)
_36306_/C                               3.000000    3.114665   -0.114665 (VIOLATED)
_37040_/B                               3.000000    3.114665   -0.114665 (VIOLATED)
load_slew1560/I                         3.000000    3.114665   -0.114665 (VIOLATED)
_49009_/A2                              3.000000    3.112498   -0.112498 (VIOLATED)
_49178_/A2                              3.000000    3.112498   -0.112498 (VIOLATED)
_49145_/A2                              3.000000    3.112478   -0.112478 (VIOLATED)
_49156_/A2                              3.000000    3.112476   -0.112476 (VIOLATED)
_48813_/A2                              3.000000    3.112465   -0.112465 (VIOLATED)
_48826_/I                               3.000000    3.112449   -0.112449 (VIOLATED)
_31870_/A4                              3.000000    3.112295   -0.112296 (VIOLATED)
_31869_/ZN                              3.000000    3.112276   -0.112276 (VIOLATED)
_54929_/A1                              3.000000    3.108552   -0.108552 (VIOLATED)
_54832_/A1                              3.000000    3.108552   -0.108552 (VIOLATED)
_54935_/A1                              3.000000    3.108548   -0.108548 (VIOLATED)
_54830_/Z                               3.000000    3.108399   -0.108399 (VIOLATED)
max_cap366/I                            3.000000    3.108399   -0.108399 (VIOLATED)
_47120_/A1                              3.000000    3.107763   -0.107763 (VIOLATED)
_47195_/B1                              3.000000    3.107751   -0.107751 (VIOLATED)
load_slew707/I                          3.000000    3.107739   -0.107739 (VIOLATED)
_47648_/A1                              3.000000    3.107732   -0.107732 (VIOLATED)
_47577_/A1                              3.000000    3.107730   -0.107730 (VIOLATED)
_33879_/A2                              3.000000    3.107726   -0.107726 (VIOLATED)
_33878_/Z                               3.000000    3.107715   -0.107715 (VIOLATED)
_36485_/C                               3.000000    3.105352   -0.105352 (VIOLATED)
_36969_/A2                              3.000000    3.105352   -0.105352 (VIOLATED)
_36949_/B                               3.000000    3.105339   -0.105339 (VIOLATED)
_36474_/A2                              3.000000    3.105330   -0.105330 (VIOLATED)
_36520_/A2                              3.000000    3.105319   -0.105319 (VIOLATED)
_37021_/A2                              3.000000    3.105310   -0.105310 (VIOLATED)
_36533_/A2                              3.000000    3.105309   -0.105310 (VIOLATED)
_36995_/C                               3.000000    3.105294   -0.105294 (VIOLATED)
_36394_/A3                              3.000000    3.105271   -0.105271 (VIOLATED)
_36891_/B                               3.000000    3.105271   -0.105271 (VIOLATED)
fanout1604/Z                            3.000000    3.105271   -0.105271 (VIOLATED)
_37015_/A1                              3.000000    3.098936   -0.098936 (VIOLATED)
_36972_/A1                              3.000000    3.098933   -0.098934 (VIOLATED)
_36967_/A1                              3.000000    3.098922   -0.098922 (VIOLATED)
_36400_/B1                              3.000000    3.098811   -0.098811 (VIOLATED)
_35774_/Z                               3.000000    3.098773   -0.098773 (VIOLATED)
max_cap1275/I                           3.000000    3.098773   -0.098773 (VIOLATED)
_36482_/A1                              3.000000    3.096152   -0.096152 (VIOLATED)
_36464_/A1                              3.000000    3.096151   -0.096151 (VIOLATED)
_36409_/A1                              3.000000    3.096122   -0.096122 (VIOLATED)
_35783_/Z                               3.000000    3.096053   -0.096053 (VIOLATED)
_36728_/A1                              3.000000    3.096053   -0.096053 (VIOLATED)
wire1273/I                              3.000000    3.096053   -0.096053 (VIOLATED)
wire327/I                               3.000000    3.092795   -0.092795 (VIOLATED)
_44433_/ZN                              3.000000    3.092794   -0.092794 (VIOLATED)
_55436_/A1                              3.000000    3.091013   -0.091013 (VIOLATED)
_55340_/A1                              3.000000    3.091010   -0.091010 (VIOLATED)
_55243_/A1                              3.000000    3.091010   -0.091010 (VIOLATED)
_55532_/A1                              3.000000    3.091009   -0.091009 (VIOLATED)
_55147_/A1                              3.000000    3.090950   -0.090950 (VIOLATED)
max_cap369/I                            3.000000    3.090905   -0.090906 (VIOLATED)
_55050_/A1                              3.000000    3.090904   -0.090904 (VIOLATED)
_54645_/Z                               3.000000    3.090889   -0.090889 (VIOLATED)
_39416_/A1                              3.000000    3.088732   -0.088732 (VIOLATED)
_39225_/A1                              3.000000    3.088720   -0.088720 (VIOLATED)
_39794_/A1                              3.000000    3.088684   -0.088684 (VIOLATED)
_39608_/A1                              3.000000    3.088656   -0.088656 (VIOLATED)
_38256_/Z                               3.000000    3.088592   -0.088592 (VIOLATED)
wire786/I                               3.000000    3.088592   -0.088592 (VIOLATED)
_39426_/A1                              3.000000    3.086709   -0.086709 (VIOLATED)
_39235_/A1                              3.000000    3.086695   -0.086695 (VIOLATED)
_39268_/A1                              3.000000    3.086668   -0.086668 (VIOLATED)
load_slew784/I                          3.000000    3.086652   -0.086652 (VIOLATED)
_39810_/A1                              3.000000    3.086636   -0.086636 (VIOLATED)
_39618_/A1                              3.000000    3.086636   -0.086636 (VIOLATED)
_38270_/Z                               3.000000    3.086626   -0.086626 (VIOLATED)
_34909_/B1                              3.000000    3.085118   -0.085118 (VIOLATED)
_34704_/A1                              3.000000    3.085016   -0.085017 (VIOLATED)
_35448_/B1                              3.000000    3.084988   -0.084988 (VIOLATED)
_34713_/A1                              3.000000    3.084963   -0.084963 (VIOLATED)
_34347_/Z                               3.000000    3.084944   -0.084945 (VIOLATED)
max_cap1447/I                           3.000000    3.084944   -0.084945 (VIOLATED)
_39406_/A1                              3.000000    3.082319   -0.082319 (VIOLATED)
_39213_/A1                              3.000000    3.082310   -0.082311 (VIOLATED)
_39597_/A1                              3.000000    3.082287   -0.082287 (VIOLATED)
_39784_/A1                              3.000000    3.082279   -0.082280 (VIOLATED)
wire788/I                               3.000000    3.082244   -0.082244 (VIOLATED)
_38241_/Z                               3.000000    3.082234   -0.082234 (VIOLATED)
wire1471/I                              3.000000    3.078937   -0.078937 (VIOLATED)
_35087_/A2                              3.000000    3.078931   -0.078931 (VIOLATED)
_35011_/A2                              3.000000    3.078922   -0.078922 (VIOLATED)
_35261_/A2                              3.000000    3.078883   -0.078883 (VIOLATED)
_34014_/Z                               3.000000    3.078868   -0.078868 (VIOLATED)
_35168_/A2                              3.000000    3.078868   -0.078868 (VIOLATED)
fanout1816/I                            3.000000    3.070759   -0.070759 (VIOLATED)
fanout1826/I                            3.000000    3.070754   -0.070755 (VIOLATED)
_61954_/RN                              3.000000    3.070748   -0.070748 (VIOLATED)
fanout1824/I                            3.000000    3.070743   -0.070743 (VIOLATED)
fanout1838/I                            3.000000    3.070725   -0.070726 (VIOLATED)
fanout1839/Z                            3.000000    3.070725   -0.070726 (VIOLATED)
_62249_/SETN                            3.000000    3.070127   -0.070127 (VIOLATED)
_62241_/SETN                            3.000000    3.070123   -0.070123 (VIOLATED)
_62100_/RN                              3.000000    3.070121   -0.070121 (VIOLATED)
_62247_/SETN                            3.000000    3.070119   -0.070119 (VIOLATED)
_62242_/SETN                            3.000000    3.070111   -0.070111 (VIOLATED)
_62245_/SETN                            3.000000    3.070108   -0.070108 (VIOLATED)
_62070_/RN                              3.000000    3.070085   -0.070085 (VIOLATED)
_62067_/RN                              3.000000    3.070065   -0.070065 (VIOLATED)
_62068_/RN                              3.000000    3.070064   -0.070064 (VIOLATED)
_62069_/RN                              3.000000    3.070049   -0.070049 (VIOLATED)
fanout1814/Z                            3.000000    3.070049   -0.070049 (VIOLATED)
_36263_/A2                              3.000000    3.067191   -0.067192 (VIOLATED)
_36273_/A2                              3.000000    3.067191   -0.067191 (VIOLATED)
_36180_/A2                              3.000000    3.067190   -0.067190 (VIOLATED)
_36363_/A2                              3.000000    3.067183   -0.067183 (VIOLATED)
_36670_/A2                              3.000000    3.067162   -0.067162 (VIOLATED)
_36658_/A2                              3.000000    3.067155   -0.067155 (VIOLATED)
_36145_/A3                              3.000000    3.067150   -0.067150 (VIOLATED)
_36650_/A2                              3.000000    3.067147   -0.067147 (VIOLATED)
_36229_/A2                              3.000000    3.067128   -0.067128 (VIOLATED)
_36858_/A3                              3.000000    3.067128   -0.067128 (VIOLATED)
fanout1624/Z                            3.000000    3.067128   -0.067128 (VIOLATED)
_33939_/A2                              3.000000    3.066423   -0.066424 (VIOLATED)
_47945_/A2                              3.000000    3.066405   -0.066405 (VIOLATED)
_37558_/A2                              3.000000    3.066383   -0.066383 (VIOLATED)
_33938_/ZN                              3.000000    3.066046   -0.066046 (VIOLATED)
_62062_/RN                              3.000000    3.064399   -0.064399 (VIOLATED)
_62063_/RN                              3.000000    3.064399   -0.064399 (VIOLATED)
_62066_/RN                              3.000000    3.064399   -0.064399 (VIOLATED)
_62074_/RN                              3.000000    3.064399   -0.064399 (VIOLATED)
_62075_/RN                              3.000000    3.064399   -0.064399 (VIOLATED)
_62076_/RN                              3.000000    3.064399   -0.064399 (VIOLATED)
_62077_/RN                              3.000000    3.064399   -0.064399 (VIOLATED)
_62108_/RN                              3.000000    3.064399   -0.064399 (VIOLATED)
_62109_/RN                              3.000000    3.064399   -0.064399 (VIOLATED)
_62238_/SETN                            3.000000    3.064399   -0.064399 (VIOLATED)
fanout1821/Z                            3.000000    3.064399   -0.064399 (VIOLATED)
_45423_/A1                              3.000000    3.064297   -0.064297 (VIOLATED)
wire194/I                               3.000000    3.064270   -0.064270 (VIOLATED)
_45368_/ZN                              3.000000    3.064260   -0.064260 (VIOLATED)
_28898_/A2                              3.000000    3.062940   -0.062941 (VIOLATED)
_37416_/I                               3.000000    3.062935   -0.062935 (VIOLATED)
_29177_/I                               3.000000    3.062923   -0.062923 (VIOLATED)
_48339_/A1                              3.000000    3.062817   -0.062817 (VIOLATED)
_28893_/Z                               3.000000    3.062762   -0.062762 (VIOLATED)
_39433_/A1                              3.000000    3.062501   -0.062501 (VIOLATED)
_39240_/A1                              3.000000    3.062489   -0.062489 (VIOLATED)
_39816_/A1                              3.000000    3.062449   -0.062450 (VIOLATED)
_39623_/A1                              3.000000    3.062447   -0.062447 (VIOLATED)
_38277_/Z                               3.000000    3.062369   -0.062369 (VIOLATED)
wire783/I                               3.000000    3.062369   -0.062369 (VIOLATED)
_62141_/RN                              3.000000    3.062060   -0.062060 (VIOLATED)
_61088_/SETN                            3.000000    3.062058   -0.062058 (VIOLATED)
_61089_/RN                              3.000000    3.062056   -0.062056 (VIOLATED)
_62110_/RN                              3.000000    3.062054   -0.062054 (VIOLATED)
_62112_/RN                              3.000000    3.062046   -0.062046 (VIOLATED)
_62111_/RN                              3.000000    3.062041   -0.062041 (VIOLATED)
_61084_/RN                              3.000000    3.062040   -0.062040 (VIOLATED)
_60940_/RN                              3.000000    3.062030   -0.062030 (VIOLATED)
_62142_/RN                              3.000000    3.062025   -0.062025 (VIOLATED)
fanout1892/I                            3.000000    3.062008   -0.062008 (VIOLATED)
fanout1893/Z                            3.000000    3.062008   -0.062008 (VIOLATED)
_30459_/B                               3.000000    3.053812   -0.053812 (VIOLATED)
_30307_/B                               3.000000    3.053810   -0.053810 (VIOLATED)
_30222_/B                               3.000000    3.053808   -0.053808 (VIOLATED)
_30221_/Z                               3.000000    3.053796   -0.053796 (VIOLATED)
_30643_/B                               3.000000    3.053796   -0.053796 (VIOLATED)
_30855_/B                               3.000000    3.053796   -0.053796 (VIOLATED)
_31042_/B                               3.000000    3.053796   -0.053796 (VIOLATED)
_31181_/B                               3.000000    3.053796   -0.053796 (VIOLATED)
_31270_/B                               3.000000    3.053796   -0.053796 (VIOLATED)
_31312_/B                               3.000000    3.053796   -0.053796 (VIOLATED)
_31435_/B                               3.000000    3.053796   -0.053796 (VIOLATED)
_38329_/A1                              3.000000    3.053715   -0.053715 (VIOLATED)
_38898_/A1                              3.000000    3.053713   -0.053713 (VIOLATED)
_38705_/A1                              3.000000    3.053705   -0.053705 (VIOLATED)
_38517_/A1                              3.000000    3.053690   -0.053690 (VIOLATED)
_38328_/Z                               3.000000    3.053538   -0.053538 (VIOLATED)
max_cap743/I                            3.000000    3.053538   -0.053538 (VIOLATED)
_62458_/RN                              3.000000    3.052739   -0.052739 (VIOLATED)
_62459_/RN                              3.000000    3.052739   -0.052739 (VIOLATED)
_62461_/RN                              3.000000    3.052739   -0.052739 (VIOLATED)
_62464_/RN                              3.000000    3.052739   -0.052739 (VIOLATED)
_62466_/RN                              3.000000    3.052739   -0.052739 (VIOLATED)
_62486_/RN                              3.000000    3.052739   -0.052739 (VIOLATED)
_62488_/RN                              3.000000    3.052739   -0.052739 (VIOLATED)
_62490_/RN                              3.000000    3.052739   -0.052739 (VIOLATED)
_62492_/RN                              3.000000    3.052739   -0.052739 (VIOLATED)
_62494_/RN                              3.000000    3.052739   -0.052739 (VIOLATED)
fanout1829/Z                            3.000000    3.052739   -0.052739 (VIOLATED)
_34206_/I                               3.000000    3.050942   -0.050942 (VIOLATED)
_34280_/I                               3.000000    3.050936   -0.050936 (VIOLATED)
_34595_/B1                              3.000000    3.050928   -0.050928 (VIOLATED)
_34327_/I                               3.000000    3.050927   -0.050927 (VIOLATED)
_34373_/I                               3.000000    3.050900   -0.050900 (VIOLATED)
_34533_/A1                              3.000000    3.050892   -0.050892 (VIOLATED)
_34522_/A1                              3.000000    3.050864   -0.050864 (VIOLATED)
_33965_/I                               3.000000    3.050812   -0.050813 (VIOLATED)
_33964_/ZN                              3.000000    3.050803   -0.050803 (VIOLATED)
_34005_/I                               3.000000    3.050803   -0.050803 (VIOLATED)
_33307_/ZN                              3.000000    3.049620   -0.049620 (VIOLATED)
wire1349/I                              3.000000    3.049620   -0.049620 (VIOLATED)
_56417_/ZN                              3.000000    3.048751   -0.048751 (VIOLATED)
_56419_/A1                              3.000000    3.048751   -0.048751 (VIOLATED)
_36941_/B1                              3.000000    3.047690   -0.047691 (VIOLATED)
_36868_/A1                              3.000000    3.047687   -0.047687 (VIOLATED)
_36396_/B1                              3.000000    3.047635   -0.047635 (VIOLATED)
_36101_/Z                               3.000000    3.047618   -0.047618 (VIOLATED)
_36322_/B1                              3.000000    3.047618   -0.047618 (VIOLATED)
load_slew1208/I                         3.000000    3.047618   -0.047618 (VIOLATED)
_36335_/A3                              3.000000    3.046526   -0.046526 (VIOLATED)
_36741_/A2                              3.000000    3.046524   -0.046524 (VIOLATED)
_35962_/A3                              3.000000    3.046524   -0.046524 (VIOLATED)
_36434_/A2                              3.000000    3.046470   -0.046470 (VIOLATED)
_35961_/Z                               3.000000    3.046431   -0.046431 (VIOLATED)
max_cap1099/I                           3.000000    3.046431   -0.046431 (VIOLATED)
_39396_/A1                              3.000000    3.045878   -0.045878 (VIOLATED)
_39198_/A1                              3.000000    3.045868   -0.045868 (VIOLATED)
_39774_/A1                              3.000000    3.045846   -0.045846 (VIOLATED)
_39586_/A1                              3.000000    3.045816   -0.045816 (VIOLATED)
_38219_/Z                               3.000000    3.045743   -0.045743 (VIOLATED)
max_cap790/I                            3.000000    3.045743   -0.045743 (VIOLATED)
_34863_/A2                              3.000000    3.042675   -0.042675 (VIOLATED)
_34913_/A2                              3.000000    3.042669   -0.042669 (VIOLATED)
fanout1659/I                            3.000000    3.042665   -0.042665 (VIOLATED)
_34100_/A2                              3.000000    3.042649   -0.042649 (VIOLATED)
_34986_/A2                              3.000000    3.042648   -0.042648 (VIOLATED)
_34040_/A2                              3.000000    3.042636   -0.042636 (VIOLATED)
_34952_/A2                              3.000000    3.042630   -0.042630 (VIOLATED)
_34004_/A2                              3.000000    3.042617   -0.042617 (VIOLATED)
_34075_/A2                              3.000000    3.042617   -0.042617 (VIOLATED)
_34963_/A2                              3.000000    3.042617   -0.042617 (VIOLATED)
fanout1660/Z                            3.000000    3.042617   -0.042617 (VIOLATED)
_31380_/A2                              3.000000    3.040902   -0.040902 (VIOLATED)
_31379_/ZN                              3.000000    3.040871   -0.040871 (VIOLATED)
_36062_/A2                              3.000000    3.038267   -0.038267 (VIOLATED)
_36426_/A1                              3.000000    3.038247   -0.038247 (VIOLATED)
_36415_/A1                              3.000000    3.038245   -0.038245 (VIOLATED)
_35967_/Z                               3.000000    3.038224   -0.038224 (VIOLATED)
wire1232/I                              3.000000    3.038224   -0.038224 (VIOLATED)
_53438_/A1                              3.000000    3.034417   -0.034418 (VIOLATED)
_53454_/A1                              3.000000    3.034361   -0.034361 (VIOLATED)
_36698_/A3                              3.000000    3.034343   -0.034343 (VIOLATED)
_36196_/C                               3.000000    3.034343   -0.034343 (VIOLATED)
_36371_/A2                              3.000000    3.034337   -0.034337 (VIOLATED)
_36358_/A2                              3.000000    3.034328   -0.034328 (VIOLATED)
_36500_/A2                              3.000000    3.034317   -0.034318 (VIOLATED)
_37010_/C                               3.000000    3.034308   -0.034308 (VIOLATED)
_36403_/A2                              3.000000    3.034304   -0.034305 (VIOLATED)
_36513_/A2                              3.000000    3.034301   -0.034301 (VIOLATED)
_36832_/A2                              3.000000    3.034279   -0.034279 (VIOLATED)
_36833_/B                               3.000000    3.034279   -0.034279 (VIOLATED)
fanout1603/Z                            3.000000    3.034279   -0.034279 (VIOLATED)
_53027_/Z                               3.000000    3.034277   -0.034277 (VIOLATED)
wire429/I                               3.000000    3.034277   -0.034277 (VIOLATED)
wire390/I                               3.000000    3.033111   -0.033111 (VIOLATED)
_55135_/A1                              3.000000    3.033087   -0.033087 (VIOLATED)
_54213_/Z                               3.000000    3.033074   -0.033074 (VIOLATED)
_55038_/A1                              3.000000    3.033074   -0.033074 (VIOLATED)
_37012_/A1                              3.000000    3.027576   -0.027576 (VIOLATED)
wire1407/I                              3.000000    3.027576   -0.027576 (VIOLATED)
_36256_/A1                              3.000000    3.027572   -0.027572 (VIOLATED)
_36003_/Z                               3.000000    3.027560   -0.027560 (VIOLATED)
_36202_/A1                              3.000000    3.027560   -0.027560 (VIOLATED)
_36472_/B1                              3.000000    3.027560   -0.027560 (VIOLATED)
_43658_/A2                              3.000000    3.027325   -0.027325 (VIOLATED)
_43717_/A2                              3.000000    3.027323   -0.027323 (VIOLATED)
_43779_/A1                              3.000000    3.027318   -0.027318 (VIOLATED)
_43794_/A1                              3.000000    3.027312   -0.027312 (VIOLATED)
_43810_/A1                              3.000000    3.027310   -0.027310 (VIOLATED)
_43816_/A1                              3.000000    3.027289   -0.027290 (VIOLATED)
_43821_/A1                              3.000000    3.027286   -0.027286 (VIOLATED)
_43826_/A1                              3.000000    3.027272   -0.027272 (VIOLATED)
_43831_/A1                              3.000000    3.027263   -0.027263 (VIOLATED)
_43836_/A1                              3.000000    3.027237   -0.027237 (VIOLATED)
_43657_/Z                               3.000000    3.027213   -0.027213 (VIOLATED)
_39411_/A1                              3.000000    3.025867   -0.025868 (VIOLATED)
_39219_/A1                              3.000000    3.025865   -0.025865 (VIOLATED)
_39603_/A1                              3.000000    3.025856   -0.025856 (VIOLATED)
_39789_/A1                              3.000000    3.025851   -0.025851 (VIOLATED)
_38249_/Z                               3.000000    3.025833   -0.025833 (VIOLATED)
wire787/I                               3.000000    3.025833   -0.025833 (VIOLATED)
_34203_/A1                              3.000000    3.023882   -0.023882 (VIOLATED)
_34766_/A1                              3.000000    3.023874   -0.023874 (VIOLATED)
_34225_/A1                              3.000000    3.023869   -0.023869 (VIOLATED)
_35123_/A1                              3.000000    3.023834   -0.023834 (VIOLATED)
_33972_/Z                               3.000000    3.023772   -0.023773 (VIOLATED)
wire1346/I                              3.000000    3.023772   -0.023773 (VIOLATED)
_35951_/A1                              3.000000    3.022205   -0.022205 (VIOLATED)
_35958_/A1                              3.000000    3.022204   -0.022204 (VIOLATED)
_35944_/A1                              3.000000    3.022200   -0.022200 (VIOLATED)
_36000_/A1                              3.000000    3.022192   -0.022193 (VIOLATED)
_35943_/Z                               3.000000    3.022171   -0.022171 (VIOLATED)
_36438_/A1                              3.000000    3.022171   -0.022171 (VIOLATED)
max_cap1412/I                           3.000000    3.022171   -0.022171 (VIOLATED)
_56092_/A1                              3.000000    3.016561   -0.016561 (VIOLATED)
_56160_/A1                              3.000000    3.016561   -0.016561 (VIOLATED)
_56023_/A1                              3.000000    3.016558   -0.016559 (VIOLATED)
_29383_/A1                              3.000000    3.016547   -0.016547 (VIOLATED)
_55955_/A1                              3.000000    3.016537   -0.016537 (VIOLATED)
_29378_/Z                               3.000000    3.016477   -0.016477 (VIOLATED)
max_cap956/I                            3.000000    3.016477   -0.016477 (VIOLATED)
_30587_/A2                              3.000000    3.012958   -0.012958 (VIOLATED)
wire849/I                               3.000000    3.012948   -0.012948 (VIOLATED)
_39255_/ZN                              3.000000    3.012944   -0.012944 (VIOLATED)
_30585_/ZN                              3.000000    3.012933   -0.012933 (VIOLATED)
_30674_/A2                              3.000000    3.010388   -0.010388 (VIOLATED)
_31411_/B                               3.000000    3.010388   -0.010388 (VIOLATED)
_31154_/A2                              3.000000    3.010387   -0.010387 (VIOLATED)
_30032_/A1                              3.000000    3.010381   -0.010381 (VIOLATED)
_31577_/A2                              3.000000    3.010380   -0.010380 (VIOLATED)
_31060_/A1                              3.000000    3.010373   -0.010373 (VIOLATED)
_29672_/Z                               3.000000    3.010364   -0.010364 (VIOLATED)
_29689_/A2                              3.000000    3.010364   -0.010364 (VIOLATED)
_30421_/A2                              3.000000    3.010364   -0.010364 (VIOLATED)
_30610_/A1                              3.000000    3.010364   -0.010364 (VIOLATED)
_31618_/A2                              3.000000    3.010364   -0.010364 (VIOLATED)
wire335/I                               3.000000    3.009052   -0.009052 (VIOLATED)
_44397_/ZN                              3.000000    3.009050   -0.009050 (VIOLATED)
_36059_/A1                              3.000000    3.006912   -0.006913 (VIOLATED)
_36244_/A1                              3.000000    3.006802   -0.006802 (VIOLATED)
_37008_/A1                              3.000000    3.006760   -0.006760 (VIOLATED)
_36058_/Z                               3.000000    3.006709   -0.006709 (VIOLATED)
max_cap1402/I                           3.000000    3.006709   -0.006709 (VIOLATED)
_31278_/A1                              3.000000    3.006371   -0.006371 (VIOLATED)
_31404_/A1                              3.000000    3.006370   -0.006370 (VIOLATED)
_30261_/A1                              3.000000    3.006368   -0.006368 (VIOLATED)
_29989_/Z                               3.000000    3.006356   -0.006356 (VIOLATED)
_29990_/A1                              3.000000    3.006356   -0.006356 (VIOLATED)
_30543_/A1                              3.000000    3.006356   -0.006356 (VIOLATED)
_30613_/A1                              3.000000    3.006356   -0.006356 (VIOLATED)
_30655_/A1                              3.000000    3.006356   -0.006356 (VIOLATED)
_30819_/A1                              3.000000    3.006356   -0.006356 (VIOLATED)
_30964_/A1                              3.000000    3.006356   -0.006356 (VIOLATED)
_31608_/A1                              3.000000    3.006356   -0.006356 (VIOLATED)
_38880_/I                               3.000000    3.005570   -0.005570 (VIOLATED)
max_cap774/I                            3.000000    3.005568   -0.005568 (VIOLATED)
_38879_/ZN                              3.000000    3.005552   -0.005552 (VIOLATED)
_35947_/A3                              3.000000    3.004878   -0.004878 (VIOLATED)
wire1500/I                              3.000000    3.004868   -0.004868 (VIOLATED)
_36433_/A3                              3.000000    3.004858   -0.004858 (VIOLATED)
_35946_/Z                               3.000000    3.004844   -0.004844 (VIOLATED)
_36955_/A2                              3.000000    3.003984   -0.003985 (VIOLATED)
_36961_/B1                              3.000000    3.003984   -0.003984 (VIOLATED)
_36302_/A2                              3.000000    3.003964   -0.003965 (VIOLATED)
_35797_/Z                               3.000000    3.003936   -0.003936 (VIOLATED)
wire1269/I                              3.000000    3.003936   -0.003936 (VIOLATED)
_35519_/A2                              3.000000    3.003824   -0.003824 (VIOLATED)
_34458_/A2                              3.000000    3.003821   -0.003821 (VIOLATED)
_34110_/A2                              3.000000    3.003807   -0.003807 (VIOLATED)
_33680_/Z                               3.000000    3.003789   -0.003789 (VIOLATED)
_34200_/A2                              3.000000    3.003789   -0.003789 (VIOLATED)
_34872_/A2                              3.000000    3.003789   -0.003789 (VIOLATED)
load_slew943/I                          3.000000    3.003789   -0.003789 (VIOLATED)
_35292_/A2                              3.000000    3.001287   -0.001287 (VIOLATED)
_34555_/B                               3.000000    3.001285   -0.001285 (VIOLATED)
_35209_/B                               3.000000    3.001280   -0.001280 (VIOLATED)
_34639_/A2                              3.000000    3.001277   -0.001277 (VIOLATED)
_34638_/A3                              3.000000    3.001275   -0.001275 (VIOLATED)
_34509_/A2                              3.000000    3.001263   -0.001263 (VIOLATED)
_34527_/B                               3.000000    3.001263   -0.001263 (VIOLATED)
_34648_/A3                              3.000000    3.001263   -0.001263 (VIOLATED)
_35233_/A2                              3.000000    3.001263   -0.001263 (VIOLATED)
_35250_/B                               3.000000    3.001263   -0.001263 (VIOLATED)
fanout1633/Z                            3.000000    3.001263   -0.001263 (VIOLATED)

max fanout

Pin                                   Limit Fanout  Slack
---------------------------------------------------------
clkbuf_leaf_1_i_core_v_mini_mcu.peripheral_subsystem_i.clk_cg/Z     10     18     -8 (VIOLATED)
clkbuf_leaf_11_i_core_v_mini_mcu.peripheral_subsystem_i.clk_cg/Z     10     17     -7 (VIOLATED)
clkbuf_leaf_17_i_core_v_mini_mcu.peripheral_subsystem_i.clk_cg/Z     10     17     -7 (VIOLATED)
clkbuf_leaf_20_i_core_v_mini_mcu.peripheral_subsystem_i.clk_cg/Z     10     17     -7 (VIOLATED)
clkbuf_leaf_2_i_core_v_mini_mcu.peripheral_subsystem_i.clk_cg/Z     10     17     -7 (VIOLATED)
clkbuf_leaf_4_i_core_v_mini_mcu.peripheral_subsystem_i.clk_cg/Z     10     17     -7 (VIOLATED)
clkbuf_leaf_6_i_core_v_mini_mcu.peripheral_subsystem_i.clk_cg/Z     10     17     -7 (VIOLATED)
clkbuf_leaf_9_i_core_v_mini_mcu.peripheral_subsystem_i.clk_cg/Z     10     17     -7 (VIOLATED)
clkbuf_0_clk_i_regs/Z                    10     16     -6 (VIOLATED)
clkbuf_0_i_core_v_mini_mcu.cpu_subsystem_i.cpu_0_0.clk_i/Z     10     16     -6 (VIOLATED)
clkbuf_0_i_core_v_mini_mcu.cpu_subsystem_i.cpu_1_0.clk_i/Z     10     16     -6 (VIOLATED)
clkbuf_0_i_core_v_mini_mcu.memory_subsystem_i.clk_cg/Z     10     16     -6 (VIOLATED)
clkbuf_leaf_0_i_core_v_mini_mcu.peripheral_subsystem_i.clk_cg/Z     10     16     -6 (VIOLATED)
clkbuf_leaf_115_clk_i_regs/Z             10     16     -6 (VIOLATED)
clkbuf_leaf_13_i_core_v_mini_mcu.peripheral_subsystem_i.clk_cg/Z     10     16     -6 (VIOLATED)
clkbuf_leaf_16_i_core_v_mini_mcu.peripheral_subsystem_i.clk_cg/Z     10     16     -6 (VIOLATED)
clkbuf_leaf_25_i_core_v_mini_mcu.cpu_subsystem_i.cpu_1_0.clk_i/Z     10     16     -6 (VIOLATED)
clkbuf_leaf_29_i_core_v_mini_mcu.peripheral_subsystem_i.clk_cg/Z     10     16     -6 (VIOLATED)
clkbuf_leaf_30_i_core_v_mini_mcu.peripheral_subsystem_i.clk_cg/Z     10     16     -6 (VIOLATED)
clkbuf_leaf_3_i_core_v_mini_mcu.peripheral_subsystem_i.clk_cg/Z     10     16     -6 (VIOLATED)
clkbuf_leaf_5_i_core_v_mini_mcu.peripheral_subsystem_i.clk_cg/Z     10     16     -6 (VIOLATED)
clkbuf_leaf_93_clk_i_regs/Z              10     16     -6 (VIOLATED)
clkbuf_leaf_107_i_core_v_mini_mcu.cpu_subsystem_i.cpu_0_0.clk_i/Z     10     15     -5 (VIOLATED)
clkbuf_leaf_10_i_core_v_mini_mcu.cpu_subsystem_i.cpu_0_0.clk_i/Z     10     15     -5 (VIOLATED)
clkbuf_leaf_15_i_core_v_mini_mcu.peripheral_subsystem_i.clk_cg/Z     10     15     -5 (VIOLATED)
clkbuf_leaf_23_i_core_v_mini_mcu.peripheral_subsystem_i.clk_cg/Z     10     15     -5 (VIOLATED)
clkbuf_leaf_26_i_core_v_mini_mcu.memory_subsystem_i.clk_cg/Z     10     15     -5 (VIOLATED)
clkbuf_leaf_27_i_core_v_mini_mcu.memory_subsystem_i.clk_cg/Z     10     15     -5 (VIOLATED)
clkbuf_leaf_2_i_core_v_mini_mcu.cpu_subsystem_i.cpu_1_0.clk_i/Z     10     15     -5 (VIOLATED)
clkbuf_leaf_31_i_core_v_mini_mcu.peripheral_subsystem_i.clk_cg/Z     10     15     -5 (VIOLATED)
clkbuf_leaf_32_i_core_v_mini_mcu.peripheral_subsystem_i.clk_cg/Z     10     15     -5 (VIOLATED)
clkbuf_leaf_33_clk_i_regs/Z              10     15     -5 (VIOLATED)
clkbuf_leaf_48_clk_i_regs/Z              10     15     -5 (VIOLATED)
clkbuf_leaf_8_i_core_v_mini_mcu.memory_subsystem_i.clk_cg/Z     10     15     -5 (VIOLATED)
clkbuf_leaf_94_clk_i_regs/Z              10     15     -5 (VIOLATED)
clkbuf_leaf_0_i_core_v_mini_mcu.cpu_subsystem_i.cpu_1_0.clk_i/Z     10     14     -4 (VIOLATED)
clkbuf_leaf_108_clk_i_regs/Z             10     14     -4 (VIOLATED)
clkbuf_leaf_10_i_core_v_mini_mcu.peripheral_subsystem_i.clk_cg/Z     10     14     -4 (VIOLATED)
clkbuf_leaf_112_clk_i_regs/Z             10     14     -4 (VIOLATED)
clkbuf_leaf_112_i_core_v_mini_mcu.cpu_subsystem_i.cpu_0_0.clk_i/Z     10     14     -4 (VIOLATED)
clkbuf_leaf_117_clk_i_regs/Z             10     14     -4 (VIOLATED)
clkbuf_leaf_118_clk_i_regs/Z             10     14     -4 (VIOLATED)
clkbuf_leaf_120_clk_i_regs/Z             10     14     -4 (VIOLATED)
clkbuf_leaf_122_clk_i_regs/Z             10     14     -4 (VIOLATED)
clkbuf_leaf_12_i_core_v_mini_mcu.cpu_subsystem_i.cpu_1_0.clk_i/Z     10     14     -4 (VIOLATED)
clkbuf_leaf_12_i_core_v_mini_mcu.peripheral_subsystem_i.clk_cg/Z     10     14     -4 (VIOLATED)
clkbuf_leaf_14_i_core_v_mini_mcu.cpu_subsystem_i.cpu_0_0.clk_i/Z     10     14     -4 (VIOLATED)
clkbuf_leaf_14_i_core_v_mini_mcu.peripheral_subsystem_i.clk_cg/Z     10     14     -4 (VIOLATED)
clkbuf_leaf_15_i_core_v_mini_mcu.cpu_subsystem_i.cpu_0_0.clk_i/Z     10     14     -4 (VIOLATED)
clkbuf_leaf_16_i_core_v_mini_mcu.cpu_subsystem_i.cpu_0_0.clk_i/Z     10     14     -4 (VIOLATED)
clkbuf_leaf_19_clk_i_regs/Z              10     14     -4 (VIOLATED)
clkbuf_leaf_19_i_core_v_mini_mcu.peripheral_subsystem_i.clk_cg/Z     10     14     -4 (VIOLATED)
clkbuf_leaf_1_clk_i_regs/Z               10     14     -4 (VIOLATED)
clkbuf_leaf_20_clk_i_regs/Z              10     14     -4 (VIOLATED)
clkbuf_leaf_20_i_core_v_mini_mcu.memory_subsystem_i.clk_cg/Z     10     14     -4 (VIOLATED)
clkbuf_leaf_21_i_core_v_mini_mcu.cpu_subsystem_i.cpu_0_0.clk_i/Z     10     14     -4 (VIOLATED)
clkbuf_leaf_22_i_core_v_mini_mcu.peripheral_subsystem_i.clk_cg/Z     10     14     -4 (VIOLATED)
clkbuf_leaf_24_i_core_v_mini_mcu.cpu_subsystem_i.cpu_0_0.clk_i/Z     10     14     -4 (VIOLATED)
clkbuf_leaf_24_i_core_v_mini_mcu.peripheral_subsystem_i.clk_cg/Z     10     14     -4 (VIOLATED)
clkbuf_leaf_25_i_core_v_mini_mcu.peripheral_subsystem_i.clk_cg/Z     10     14     -4 (VIOLATED)
clkbuf_leaf_26_i_core_v_mini_mcu.cpu_subsystem_i.cpu_1_0.clk_i/Z     10     14     -4 (VIOLATED)
clkbuf_leaf_28_clk_i_regs/Z              10     14     -4 (VIOLATED)
clkbuf_leaf_28_i_core_v_mini_mcu.peripheral_subsystem_i.clk_cg/Z     10     14     -4 (VIOLATED)
clkbuf_leaf_29_clk_i_regs/Z              10     14     -4 (VIOLATED)
clkbuf_leaf_29_i_core_v_mini_mcu.memory_subsystem_i.clk_cg/Z     10     14     -4 (VIOLATED)
clkbuf_leaf_30_i_core_v_mini_mcu.memory_subsystem_i.clk_cg/Z     10     14     -4 (VIOLATED)
clkbuf_leaf_34_clk_i_regs/Z              10     14     -4 (VIOLATED)
clkbuf_leaf_35_clk_i_regs/Z              10     14     -4 (VIOLATED)
clkbuf_leaf_35_i_core_v_mini_mcu.memory_subsystem_i.clk_cg/Z     10     14     -4 (VIOLATED)
clkbuf_leaf_36_clk_i_regs/Z              10     14     -4 (VIOLATED)
clkbuf_leaf_36_i_core_v_mini_mcu.cpu_subsystem_i.cpu_0_0.clk_i/Z     10     14     -4 (VIOLATED)
clkbuf_leaf_38_clk_i_regs/Z              10     14     -4 (VIOLATED)
clkbuf_leaf_39_clk_i_regs/Z              10     14     -4 (VIOLATED)
clkbuf_leaf_3_i_core_v_mini_mcu.cpu_subsystem_i.cpu_1_0.clk_i/Z     10     14     -4 (VIOLATED)
clkbuf_leaf_40_clk_i_regs/Z              10     14     -4 (VIOLATED)
clkbuf_leaf_40_i_core_v_mini_mcu.memory_subsystem_i.clk_cg/Z     10     14     -4 (VIOLATED)
clkbuf_leaf_45_clk_i_regs/Z              10     14     -4 (VIOLATED)
clkbuf_leaf_45_i_core_v_mini_mcu.cpu_subsystem_i.cpu_0_0.clk_i/Z     10     14     -4 (VIOLATED)
clkbuf_leaf_46_clk_i_regs/Z              10     14     -4 (VIOLATED)
clkbuf_leaf_47_clk_i_regs/Z              10     14     -4 (VIOLATED)
clkbuf_leaf_49_clk_i_regs/Z              10     14     -4 (VIOLATED)
clkbuf_leaf_49_i_core_v_mini_mcu.memory_subsystem_i.clk_cg/Z     10     14     -4 (VIOLATED)
clkbuf_leaf_4_i_core_v_mini_mcu.memory_subsystem_i.clk_cg/Z     10     14     -4 (VIOLATED)
clkbuf_leaf_50_clk_i_regs/Z              10     14     -4 (VIOLATED)
clkbuf_leaf_52_i_core_v_mini_mcu.cpu_subsystem_i.cpu_1_0.clk_i/Z     10     14     -4 (VIOLATED)
clkbuf_leaf_54_i_core_v_mini_mcu.cpu_subsystem_i.cpu_0_0.clk_i/Z     10     14     -4 (VIOLATED)
clkbuf_leaf_56_i_core_v_mini_mcu.cpu_subsystem_i.cpu_0_0.clk_i/Z     10     14     -4 (VIOLATED)
clkbuf_leaf_58_clk_i_regs/Z              10     14     -4 (VIOLATED)
clkbuf_leaf_58_i_core_v_mini_mcu.cpu_subsystem_i.cpu_0_0.clk_i/Z     10     14     -4 (VIOLATED)
clkbuf_leaf_5_i_core_v_mini_mcu.cpu_subsystem_i.cpu_1_0.clk_i/Z     10     14     -4 (VIOLATED)
clkbuf_leaf_61_i_core_v_mini_mcu.cpu_subsystem_i.cpu_1_0.clk_i/Z     10     14     -4 (VIOLATED)
clkbuf_leaf_62_i_core_v_mini_mcu.cpu_subsystem_i.cpu_0_0.clk_i/Z     10     14     -4 (VIOLATED)
clkbuf_leaf_65_clk_i_regs/Z              10     14     -4 (VIOLATED)
clkbuf_leaf_66_i_core_v_mini_mcu.cpu_subsystem_i.cpu_1_0.clk_i/Z     10     14     -4 (VIOLATED)
clkbuf_leaf_68_i_core_v_mini_mcu.memory_subsystem_i.clk_cg/Z     10     14     -4 (VIOLATED)
clkbuf_leaf_6_i_core_v_mini_mcu.memory_subsystem_i.clk_cg/Z     10     14     -4 (VIOLATED)
clkbuf_leaf_70_i_core_v_mini_mcu.cpu_subsystem_i.cpu_0_0.clk_i/Z     10     14     -4 (VIOLATED)
clkbuf_leaf_73_i_core_v_mini_mcu.cpu_subsystem_i.cpu_0_0.clk_i/Z     10     14     -4 (VIOLATED)
clkbuf_leaf_74_clk_i_regs/Z              10     14     -4 (VIOLATED)
clkbuf_leaf_75_i_core_v_mini_mcu.cpu_subsystem_i.cpu_1_0.clk_i/Z     10     14     -4 (VIOLATED)
clkbuf_leaf_75_i_core_v_mini_mcu.memory_subsystem_i.clk_cg/Z     10     14     -4 (VIOLATED)
clkbuf_leaf_76_i_core_v_mini_mcu.cpu_subsystem_i.cpu_1_0.clk_i/Z     10     14     -4 (VIOLATED)
clkbuf_leaf_79_clk_i_regs/Z              10     14     -4 (VIOLATED)
clkbuf_leaf_7_i_core_v_mini_mcu.memory_subsystem_i.clk_cg/Z     10     14     -4 (VIOLATED)
clkbuf_leaf_7_i_core_v_mini_mcu.peripheral_subsystem_i.clk_cg/Z     10     14     -4 (VIOLATED)
clkbuf_leaf_80_clk_i_regs/Z              10     14     -4 (VIOLATED)
clkbuf_leaf_80_i_core_v_mini_mcu.cpu_subsystem_i.cpu_1_0.clk_i/Z     10     14     -4 (VIOLATED)
clkbuf_leaf_81_i_core_v_mini_mcu.cpu_subsystem_i.cpu_1_0.clk_i/Z     10     14     -4 (VIOLATED)
clkbuf_leaf_81_i_core_v_mini_mcu.memory_subsystem_i.clk_cg/Z     10     14     -4 (VIOLATED)
clkbuf_leaf_82_i_core_v_mini_mcu.memory_subsystem_i.clk_cg/Z     10     14     -4 (VIOLATED)
clkbuf_leaf_83_i_core_v_mini_mcu.cpu_subsystem_i.cpu_0_0.clk_i/Z     10     14     -4 (VIOLATED)
clkbuf_leaf_84_i_core_v_mini_mcu.cpu_subsystem_i.cpu_1_0.clk_i/Z     10     14     -4 (VIOLATED)
clkbuf_leaf_84_i_core_v_mini_mcu.memory_subsystem_i.clk_cg/Z     10     14     -4 (VIOLATED)
clkbuf_leaf_86_i_core_v_mini_mcu.cpu_subsystem_i.cpu_0_0.clk_i/Z     10     14     -4 (VIOLATED)
clkbuf_leaf_89_i_core_v_mini_mcu.cpu_subsystem_i.cpu_0_0.clk_i/Z     10     14     -4 (VIOLATED)
clkbuf_leaf_94_i_core_v_mini_mcu.cpu_subsystem_i.cpu_1_0.clk_i/Z     10     14     -4 (VIOLATED)
clkbuf_leaf_96_clk_i_regs/Z              10     14     -4 (VIOLATED)
clkbuf_leaf_97_i_core_v_mini_mcu.cpu_subsystem_i.cpu_1_0.clk_i/Z     10     14     -4 (VIOLATED)
clkbuf_leaf_0_i_core_v_mini_mcu.memory_subsystem_i.clk_cg/Z     10     13     -3 (VIOLATED)
clkbuf_leaf_100_clk_i_regs/Z             10     13     -3 (VIOLATED)
clkbuf_leaf_100_i_core_v_mini_mcu.cpu_subsystem_i.cpu_0_0.clk_i/Z     10     13     -3 (VIOLATED)
clkbuf_leaf_100_i_core_v_mini_mcu.cpu_subsystem_i.cpu_1_0.clk_i/Z     10     13     -3 (VIOLATED)
clkbuf_leaf_101_i_core_v_mini_mcu.cpu_subsystem_i.cpu_0_0.clk_i/Z     10     13     -3 (VIOLATED)
clkbuf_leaf_101_i_core_v_mini_mcu.cpu_subsystem_i.cpu_1_0.clk_i/Z     10     13     -3 (VIOLATED)
clkbuf_leaf_102_clk_i_regs/Z             10     13     -3 (VIOLATED)
clkbuf_leaf_102_i_core_v_mini_mcu.cpu_subsystem_i.cpu_0_0.clk_i/Z     10     13     -3 (VIOLATED)
clkbuf_leaf_103_clk_i_regs/Z             10     13     -3 (VIOLATED)
clkbuf_leaf_103_i_core_v_mini_mcu.cpu_subsystem_i.cpu_0_0.clk_i/Z     10     13     -3 (VIOLATED)
clkbuf_leaf_104_clk_i_regs/Z             10     13     -3 (VIOLATED)
clkbuf_leaf_104_i_core_v_mini_mcu.cpu_subsystem_i.cpu_0_0.clk_i/Z     10     13     -3 (VIOLATED)
clkbuf_leaf_105_clk_i_regs/Z             10     13     -3 (VIOLATED)
clkbuf_leaf_106_clk_i_regs/Z             10     13     -3 (VIOLATED)
clkbuf_leaf_106_i_core_v_mini_mcu.cpu_subsystem_i.cpu_0_0.clk_i/Z     10     13     -3 (VIOLATED)
clkbuf_leaf_107_clk_i_regs/Z             10     13     -3 (VIOLATED)
clkbuf_leaf_108_i_core_v_mini_mcu.cpu_subsystem_i.cpu_0_0.clk_i/Z     10     13     -3 (VIOLATED)
clkbuf_leaf_109_clk_i_regs/Z             10     13     -3 (VIOLATED)
clkbuf_leaf_109_i_core_v_mini_mcu.cpu_subsystem_i.cpu_0_0.clk_i/Z     10     13     -3 (VIOLATED)
clkbuf_leaf_10_clk_i_regs/Z              10     13     -3 (VIOLATED)
clkbuf_leaf_10_i_core_v_mini_mcu.memory_subsystem_i.clk_cg/Z     10     13     -3 (VIOLATED)
clkbuf_leaf_110_i_core_v_mini_mcu.cpu_subsystem_i.cpu_0_0.clk_i/Z     10     13     -3 (VIOLATED)
clkbuf_leaf_111_clk_i_regs/Z             10     13     -3 (VIOLATED)
clkbuf_leaf_123_clk_i_regs/Z             10     13     -3 (VIOLATED)
clkbuf_leaf_12_i_core_v_mini_mcu.memory_subsystem_i.clk_cg/Z     10     13     -3 (VIOLATED)
clkbuf_leaf_13_clk_i_regs/Z              10     13     -3 (VIOLATED)
clkbuf_leaf_13_i_core_v_mini_mcu.cpu_subsystem_i.cpu_0_0.clk_i/Z     10     13     -3 (VIOLATED)
clkbuf_leaf_13_i_core_v_mini_mcu.cpu_subsystem_i.cpu_1_0.clk_i/Z     10     13     -3 (VIOLATED)
clkbuf_leaf_13_i_core_v_mini_mcu.memory_subsystem_i.clk_cg/Z     10     13     -3 (VIOLATED)
clkbuf_leaf_15_i_core_v_mini_mcu.memory_subsystem_i.clk_cg/Z     10     13     -3 (VIOLATED)
clkbuf_leaf_16_i_core_v_mini_mcu.memory_subsystem_i.clk_cg/Z     10     13     -3 (VIOLATED)
clkbuf_leaf_17_i_core_v_mini_mcu.cpu_subsystem_i.cpu_0_0.clk_i/Z     10     13     -3 (VIOLATED)
clkbuf_leaf_18_i_core_v_mini_mcu.cpu_subsystem_i.cpu_0_0.clk_i/Z     10     13     -3 (VIOLATED)
clkbuf_leaf_18_i_core_v_mini_mcu.cpu_subsystem_i.cpu_1_0.clk_i/Z     10     13     -3 (VIOLATED)
clkbuf_leaf_18_i_core_v_mini_mcu.peripheral_subsystem_i.clk_cg/Z     10     13     -3 (VIOLATED)
clkbuf_leaf_19_i_core_v_mini_mcu.cpu_subsystem_i.cpu_1_0.clk_i/Z     10     13     -3 (VIOLATED)
clkbuf_leaf_19_i_core_v_mini_mcu.memory_subsystem_i.clk_cg/Z     10     13     -3 (VIOLATED)
clkbuf_leaf_1_i_core_v_mini_mcu.cpu_subsystem_i.cpu_1_0.clk_i/Z     10     13     -3 (VIOLATED)
clkbuf_leaf_1_i_core_v_mini_mcu.memory_subsystem_i.clk_cg/Z     10     13     -3 (VIOLATED)
clkbuf_leaf_20_i_core_v_mini_mcu.cpu_subsystem_i.cpu_0_0.clk_i/Z     10     13     -3 (VIOLATED)
clkbuf_leaf_20_i_core_v_mini_mcu.cpu_subsystem_i.cpu_1_0.clk_i/Z     10     13     -3 (VIOLATED)
clkbuf_leaf_21_clk_i_regs/Z              10     13     -3 (VIOLATED)
clkbuf_leaf_21_i_core_v_mini_mcu.memory_subsystem_i.clk_cg/Z     10     13     -3 (VIOLATED)
clkbuf_leaf_22_i_core_v_mini_mcu.cpu_subsystem_i.cpu_1_0.clk_i/Z     10     13     -3 (VIOLATED)
clkbuf_leaf_22_i_core_v_mini_mcu.memory_subsystem_i.clk_cg/Z     10     13     -3 (VIOLATED)
clkbuf_leaf_23_i_core_v_mini_mcu.cpu_subsystem_i.cpu_0_0.clk_i/Z     10     13     -3 (VIOLATED)
clkbuf_leaf_23_i_core_v_mini_mcu.cpu_subsystem_i.cpu_1_0.clk_i/Z     10     13     -3 (VIOLATED)
clkbuf_leaf_23_i_core_v_mini_mcu.memory_subsystem_i.clk_cg/Z     10     13     -3 (VIOLATED)
clkbuf_leaf_24_i_core_v_mini_mcu.memory_subsystem_i.clk_cg/Z     10     13     -3 (VIOLATED)
clkbuf_leaf_25_i_core_v_mini_mcu.memory_subsystem_i.clk_cg/Z     10     13     -3 (VIOLATED)
clkbuf_leaf_26_clk_i_regs/Z              10     13     -3 (VIOLATED)
clkbuf_leaf_26_i_core_v_mini_mcu.cpu_subsystem_i.cpu_0_0.clk_i/Z     10     13     -3 (VIOLATED)
clkbuf_leaf_26_i_core_v_mini_mcu.peripheral_subsystem_i.clk_cg/Z     10     13     -3 (VIOLATED)
clkbuf_leaf_27_i_core_v_mini_mcu.cpu_subsystem_i.cpu_0_0.clk_i/Z     10     13     -3 (VIOLATED)
clkbuf_leaf_28_i_core_v_mini_mcu.cpu_subsystem_i.cpu_0_0.clk_i/Z     10     13     -3 (VIOLATED)
clkbuf_leaf_2_i_core_v_mini_mcu.cpu_subsystem_i.cpu_0_0.clk_i/Z     10     13     -3 (VIOLATED)
clkbuf_leaf_31_i_core_v_mini_mcu.cpu_subsystem_i.cpu_0_0.clk_i/Z     10     13     -3 (VIOLATED)
clkbuf_leaf_32_i_core_v_mini_mcu.cpu_subsystem_i.cpu_0_0.clk_i/Z     10     13     -3 (VIOLATED)
clkbuf_leaf_32_i_core_v_mini_mcu.memory_subsystem_i.clk_cg/Z     10     13     -3 (VIOLATED)
clkbuf_leaf_33_i_core_v_mini_mcu.cpu_subsystem_i.cpu_0_0.clk_i/Z     10     13     -3 (VIOLATED)
clkbuf_leaf_33_i_core_v_mini_mcu.memory_subsystem_i.clk_cg/Z     10     13     -3 (VIOLATED)
clkbuf_leaf_34_i_core_v_mini_mcu.cpu_subsystem_i.cpu_0_0.clk_i/Z     10     13     -3 (VIOLATED)
clkbuf_leaf_34_i_core_v_mini_mcu.memory_subsystem_i.clk_cg/Z     10     13     -3 (VIOLATED)
clkbuf_leaf_35_i_core_v_mini_mcu.cpu_subsystem_i.cpu_0_0.clk_i/Z     10     13     -3 (VIOLATED)
clkbuf_leaf_35_i_core_v_mini_mcu.cpu_subsystem_i.cpu_1_0.clk_i/Z     10     13     -3 (VIOLATED)
clkbuf_leaf_37_clk_i_regs/Z              10     13     -3 (VIOLATED)
clkbuf_leaf_37_i_core_v_mini_mcu.cpu_subsystem_i.cpu_0_0.clk_i/Z     10     13     -3 (VIOLATED)
clkbuf_leaf_38_i_core_v_mini_mcu.cpu_subsystem_i.cpu_0_0.clk_i/Z     10     13     -3 (VIOLATED)
clkbuf_leaf_38_i_core_v_mini_mcu.cpu_subsystem_i.cpu_1_0.clk_i/Z     10     13     -3 (VIOLATED)
clkbuf_leaf_39_i_core_v_mini_mcu.cpu_subsystem_i.cpu_0_0.clk_i/Z     10     13     -3 (VIOLATED)
clkbuf_leaf_40_i_core_v_mini_mcu.cpu_subsystem_i.cpu_1_0.clk_i/Z     10     13     -3 (VIOLATED)
clkbuf_leaf_41_clk_i_regs/Z              10     13     -3 (VIOLATED)
clkbuf_leaf_41_i_core_v_mini_mcu.cpu_subsystem_i.cpu_1_0.clk_i/Z     10     13     -3 (VIOLATED)
clkbuf_leaf_42_i_core_v_mini_mcu.cpu_subsystem_i.cpu_0_0.clk_i/Z     10     13     -3 (VIOLATED)
clkbuf_leaf_42_i_core_v_mini_mcu.cpu_subsystem_i.cpu_1_0.clk_i/Z     10     13     -3 (VIOLATED)
clkbuf_leaf_43_i_core_v_mini_mcu.cpu_subsystem_i.cpu_0_0.clk_i/Z     10     13     -3 (VIOLATED)
clkbuf_leaf_43_i_core_v_mini_mcu.cpu_subsystem_i.cpu_1_0.clk_i/Z     10     13     -3 (VIOLATED)
clkbuf_leaf_43_i_core_v_mini_mcu.memory_subsystem_i.clk_cg/Z     10     13     -3 (VIOLATED)
clkbuf_leaf_44_clk_i_regs/Z              10     13     -3 (VIOLATED)
clkbuf_leaf_46_i_core_v_mini_mcu.cpu_subsystem_i.cpu_0_0.clk_i/Z     10     13     -3 (VIOLATED)
clkbuf_leaf_46_i_core_v_mini_mcu.cpu_subsystem_i.cpu_1_0.clk_i/Z     10     13     -3 (VIOLATED)
clkbuf_leaf_47_i_core_v_mini_mcu.cpu_subsystem_i.cpu_0_0.clk_i/Z     10     13     -3 (VIOLATED)
clkbuf_leaf_47_i_core_v_mini_mcu.cpu_subsystem_i.cpu_1_0.clk_i/Z     10     13     -3 (VIOLATED)
clkbuf_leaf_48_i_core_v_mini_mcu.cpu_subsystem_i.cpu_0_0.clk_i/Z     10     13     -3 (VIOLATED)
clkbuf_leaf_48_i_core_v_mini_mcu.cpu_subsystem_i.cpu_1_0.clk_i/Z     10     13     -3 (VIOLATED)
clkbuf_leaf_48_i_core_v_mini_mcu.memory_subsystem_i.clk_cg/Z     10     13     -3 (VIOLATED)
clkbuf_leaf_49_i_core_v_mini_mcu.cpu_subsystem_i.cpu_0_0.clk_i/Z     10     13     -3 (VIOLATED)
clkbuf_leaf_49_i_core_v_mini_mcu.cpu_subsystem_i.cpu_1_0.clk_i/Z     10     13     -3 (VIOLATED)
clkbuf_leaf_4_i_core_v_mini_mcu.cpu_subsystem_i.cpu_0_0.clk_i/Z     10     13     -3 (VIOLATED)
clkbuf_leaf_50_i_core_v_mini_mcu.cpu_subsystem_i.cpu_0_0.clk_i/Z     10     13     -3 (VIOLATED)
clkbuf_leaf_50_i_core_v_mini_mcu.memory_subsystem_i.clk_cg/Z     10     13     -3 (VIOLATED)
clkbuf_leaf_51_clk_i_regs/Z              10     13     -3 (VIOLATED)
clkbuf_leaf_51_i_core_v_mini_mcu.cpu_subsystem_i.cpu_0_0.clk_i/Z     10     13     -3 (VIOLATED)
clkbuf_leaf_51_i_core_v_mini_mcu.memory_subsystem_i.clk_cg/Z     10     13     -3 (VIOLATED)
clkbuf_leaf_52_i_core_v_mini_mcu.memory_subsystem_i.clk_cg/Z     10     13     -3 (VIOLATED)
clkbuf_leaf_53_i_core_v_mini_mcu.cpu_subsystem_i.cpu_0_0.clk_i/Z     10     13     -3 (VIOLATED)
clkbuf_leaf_53_i_core_v_mini_mcu.memory_subsystem_i.clk_cg/Z     10     13     -3 (VIOLATED)
clkbuf_leaf_54_i_core_v_mini_mcu.memory_subsystem_i.clk_cg/Z     10     13     -3 (VIOLATED)
clkbuf_leaf_56_i_core_v_mini_mcu.memory_subsystem_i.clk_cg/Z     10     13     -3 (VIOLATED)
clkbuf_leaf_57_i_core_v_mini_mcu.memory_subsystem_i.clk_cg/Z     10     13     -3 (VIOLATED)
clkbuf_leaf_58_i_core_v_mini_mcu.cpu_subsystem_i.cpu_1_0.clk_i/Z     10     13     -3 (VIOLATED)
clkbuf_leaf_59_clk_i_regs/Z              10     13     -3 (VIOLATED)
clkbuf_leaf_59_i_core_v_mini_mcu.cpu_subsystem_i.cpu_1_0.clk_i/Z     10     13     -3 (VIOLATED)
clkbuf_leaf_59_i_core_v_mini_mcu.memory_subsystem_i.clk_cg/Z     10     13     -3 (VIOLATED)
clkbuf_leaf_5_i_core_v_mini_mcu.memory_subsystem_i.clk_cg/Z     10     13     -3 (VIOLATED)
clkbuf_leaf_60_i_core_v_mini_mcu.cpu_subsystem_i.cpu_1_0.clk_i/Z     10     13     -3 (VIOLATED)
clkbuf_leaf_60_i_core_v_mini_mcu.memory_subsystem_i.clk_cg/Z     10     13     -3 (VIOLATED)
clkbuf_leaf_61_i_core_v_mini_mcu.cpu_subsystem_i.cpu_0_0.clk_i/Z     10     13     -3 (VIOLATED)
clkbuf_leaf_62_i_core_v_mini_mcu.memory_subsystem_i.clk_cg/Z     10     13     -3 (VIOLATED)
clkbuf_leaf_63_i_core_v_mini_mcu.cpu_subsystem_i.cpu_0_0.clk_i/Z     10     13     -3 (VIOLATED)
clkbuf_leaf_63_i_core_v_mini_mcu.memory_subsystem_i.clk_cg/Z     10     13     -3 (VIOLATED)
clkbuf_leaf_64_clk_i_regs/Z              10     13     -3 (VIOLATED)
clkbuf_leaf_64_i_core_v_mini_mcu.cpu_subsystem_i.cpu_0_0.clk_i/Z     10     13     -3 (VIOLATED)
clkbuf_leaf_64_i_core_v_mini_mcu.cpu_subsystem_i.cpu_1_0.clk_i/Z     10     13     -3 (VIOLATED)
clkbuf_leaf_66_clk_i_regs/Z              10     13     -3 (VIOLATED)
clkbuf_leaf_66_i_core_v_mini_mcu.cpu_subsystem_i.cpu_0_0.clk_i/Z     10     13     -3 (VIOLATED)
clkbuf_leaf_67_i_core_v_mini_mcu.cpu_subsystem_i.cpu_0_0.clk_i/Z     10     13     -3 (VIOLATED)
clkbuf_leaf_67_i_core_v_mini_mcu.cpu_subsystem_i.cpu_1_0.clk_i/Z     10     13     -3 (VIOLATED)
clkbuf_leaf_68_clk_i_regs/Z              10     13     -3 (VIOLATED)
clkbuf_leaf_68_i_core_v_mini_mcu.cpu_subsystem_i.cpu_0_0.clk_i/Z     10     13     -3 (VIOLATED)
clkbuf_leaf_69_i_core_v_mini_mcu.cpu_subsystem_i.cpu_0_0.clk_i/Z     10     13     -3 (VIOLATED)
clkbuf_leaf_6_clk_i_regs/Z               10     13     -3 (VIOLATED)
clkbuf_leaf_6_i_core_v_mini_mcu.cpu_subsystem_i.cpu_0_0.clk_i/Z     10     13     -3 (VIOLATED)
clkbuf_leaf_71_i_core_v_mini_mcu.cpu_subsystem_i.cpu_0_0.clk_i/Z     10     13     -3 (VIOLATED)
clkbuf_leaf_71_i_core_v_mini_mcu.cpu_subsystem_i.cpu_1_0.clk_i/Z     10     13     -3 (VIOLATED)
clkbuf_leaf_72_i_core_v_mini_mcu.cpu_subsystem_i.cpu_0_0.clk_i/Z     10     13     -3 (VIOLATED)
clkbuf_leaf_72_i_core_v_mini_mcu.cpu_subsystem_i.cpu_1_0.clk_i/Z     10     13     -3 (VIOLATED)
clkbuf_leaf_72_i_core_v_mini_mcu.memory_subsystem_i.clk_cg/Z     10     13     -3 (VIOLATED)
clkbuf_leaf_73_i_core_v_mini_mcu.cpu_subsystem_i.cpu_1_0.clk_i/Z     10     13     -3 (VIOLATED)
clkbuf_leaf_74_i_core_v_mini_mcu.cpu_subsystem_i.cpu_0_0.clk_i/Z     10     13     -3 (VIOLATED)
clkbuf_leaf_75_i_core_v_mini_mcu.cpu_subsystem_i.cpu_0_0.clk_i/Z     10     13     -3 (VIOLATED)
clkbuf_leaf_76_i_core_v_mini_mcu.cpu_subsystem_i.cpu_0_0.clk_i/Z     10     13     -3 (VIOLATED)
clkbuf_leaf_77_i_core_v_mini_mcu.cpu_subsystem_i.cpu_0_0.clk_i/Z     10     13     -3 (VIOLATED)
clkbuf_leaf_77_i_core_v_mini_mcu.cpu_subsystem_i.cpu_1_0.clk_i/Z     10     13     -3 (VIOLATED)
clkbuf_leaf_78_i_core_v_mini_mcu.cpu_subsystem_i.cpu_0_0.clk_i/Z     10     13     -3 (VIOLATED)
clkbuf_leaf_79_i_core_v_mini_mcu.cpu_subsystem_i.cpu_0_0.clk_i/Z     10     13     -3 (VIOLATED)
clkbuf_leaf_79_i_core_v_mini_mcu.cpu_subsystem_i.cpu_1_0.clk_i/Z     10     13     -3 (VIOLATED)
clkbuf_leaf_79_i_core_v_mini_mcu.memory_subsystem_i.clk_cg/Z     10     13     -3 (VIOLATED)
clkbuf_leaf_7_i_core_v_mini_mcu.cpu_subsystem_i.cpu_0_0.clk_i/Z     10     13     -3 (VIOLATED)
clkbuf_leaf_80_i_core_v_mini_mcu.memory_subsystem_i.clk_cg/Z     10     13     -3 (VIOLATED)
clkbuf_leaf_81_clk_i_regs/Z              10     13     -3 (VIOLATED)
clkbuf_leaf_81_i_core_v_mini_mcu.cpu_subsystem_i.cpu_0_0.clk_i/Z     10     13     -3 (VIOLATED)
clkbuf_leaf_82_i_core_v_mini_mcu.cpu_subsystem_i.cpu_0_0.clk_i/Z     10     13     -3 (VIOLATED)
clkbuf_leaf_82_i_core_v_mini_mcu.cpu_subsystem_i.cpu_1_0.clk_i/Z     10     13     -3 (VIOLATED)
clkbuf_leaf_83_clk_i_regs/Z              10     13     -3 (VIOLATED)
clkbuf_leaf_84_i_core_v_mini_mcu.cpu_subsystem_i.cpu_0_0.clk_i/Z     10     13     -3 (VIOLATED)
clkbuf_leaf_85_i_core_v_mini_mcu.cpu_subsystem_i.cpu_0_0.clk_i/Z     10     13     -3 (VIOLATED)
clkbuf_leaf_85_i_core_v_mini_mcu.memory_subsystem_i.clk_cg/Z     10     13     -3 (VIOLATED)
clkbuf_leaf_86_i_core_v_mini_mcu.cpu_subsystem_i.cpu_1_0.clk_i/Z     10     13     -3 (VIOLATED)
clkbuf_leaf_86_i_core_v_mini_mcu.memory_subsystem_i.clk_cg/Z     10     13     -3 (VIOLATED)
clkbuf_leaf_87_i_core_v_mini_mcu.cpu_subsystem_i.cpu_0_0.clk_i/Z     10     13     -3 (VIOLATED)
clkbuf_leaf_87_i_core_v_mini_mcu.cpu_subsystem_i.cpu_1_0.clk_i/Z     10     13     -3 (VIOLATED)
clkbuf_leaf_87_i_core_v_mini_mcu.memory_subsystem_i.clk_cg/Z     10     13     -3 (VIOLATED)
clkbuf_leaf_88_i_core_v_mini_mcu.cpu_subsystem_i.cpu_0_0.clk_i/Z     10     13     -3 (VIOLATED)
clkbuf_leaf_89_i_core_v_mini_mcu.cpu_subsystem_i.cpu_1_0.clk_i/Z     10     13     -3 (VIOLATED)
clkbuf_leaf_8_i_core_v_mini_mcu.cpu_subsystem_i.cpu_0_0.clk_i/Z     10     13     -3 (VIOLATED)
clkbuf_leaf_91_i_core_v_mini_mcu.cpu_subsystem_i.cpu_0_0.clk_i/Z     10     13     -3 (VIOLATED)
clkbuf_leaf_92_i_core_v_mini_mcu.cpu_subsystem_i.cpu_0_0.clk_i/Z     10     13     -3 (VIOLATED)
clkbuf_leaf_93_i_core_v_mini_mcu.cpu_subsystem_i.cpu_0_0.clk_i/Z     10     13     -3 (VIOLATED)
clkbuf_leaf_94_i_core_v_mini_mcu.cpu_subsystem_i.cpu_0_0.clk_i/Z     10     13     -3 (VIOLATED)
clkbuf_leaf_95_i_core_v_mini_mcu.cpu_subsystem_i.cpu_0_0.clk_i/Z     10     13     -3 (VIOLATED)
clkbuf_leaf_96_i_core_v_mini_mcu.cpu_subsystem_i.cpu_1_0.clk_i/Z     10     13     -3 (VIOLATED)
clkbuf_leaf_97_clk_i_regs/Z              10     13     -3 (VIOLATED)
clkbuf_leaf_97_i_core_v_mini_mcu.cpu_subsystem_i.cpu_0_0.clk_i/Z     10     13     -3 (VIOLATED)
clkbuf_leaf_98_i_core_v_mini_mcu.cpu_subsystem_i.cpu_0_0.clk_i/Z     10     13     -3 (VIOLATED)
clkbuf_leaf_98_i_core_v_mini_mcu.cpu_subsystem_i.cpu_1_0.clk_i/Z     10     13     -3 (VIOLATED)
clkbuf_leaf_99_clk_i_regs/Z              10     13     -3 (VIOLATED)
clkbuf_leaf_9_i_core_v_mini_mcu.cpu_subsystem_i.cpu_0_0.clk_i/Z     10     13     -3 (VIOLATED)
clkbuf_leaf_9_i_core_v_mini_mcu.memory_subsystem_i.clk_cg/Z     10     13     -3 (VIOLATED)
clkbuf_leaf_0_clk_i_regs/Z               10     12     -2 (VIOLATED)
clkbuf_leaf_0_i_core_v_mini_mcu.cpu_subsystem_i.cpu_0_0.clk_i/Z     10     12     -2 (VIOLATED)
clkbuf_leaf_10_i_core_v_mini_mcu.cpu_subsystem_i.cpu_1_0.clk_i/Z     10     12     -2 (VIOLATED)
clkbuf_leaf_110_clk_i_regs/Z             10     12     -2 (VIOLATED)
clkbuf_leaf_111_i_core_v_mini_mcu.cpu_subsystem_i.cpu_0_0.clk_i/Z     10     12     -2 (VIOLATED)
clkbuf_leaf_113_clk_i_regs/Z             10     12     -2 (VIOLATED)
clkbuf_leaf_113_i_core_v_mini_mcu.cpu_subsystem_i.cpu_0_0.clk_i/Z     10     12     -2 (VIOLATED)
clkbuf_leaf_116_clk_i_regs/Z             10     12     -2 (VIOLATED)
clkbuf_leaf_11_i_core_v_mini_mcu.memory_subsystem_i.clk_cg/Z     10     12     -2 (VIOLATED)
clkbuf_leaf_121_clk_i_regs/Z             10     12     -2 (VIOLATED)
clkbuf_leaf_12_clk_i_regs/Z              10     12     -2 (VIOLATED)
clkbuf_leaf_14_clk_i_regs/Z              10     12     -2 (VIOLATED)
clkbuf_leaf_14_i_core_v_mini_mcu.memory_subsystem_i.clk_cg/Z     10     12     -2 (VIOLATED)
clkbuf_leaf_15_i_core_v_mini_mcu.cpu_subsystem_i.cpu_1_0.clk_i/Z     10     12     -2 (VIOLATED)
clkbuf_leaf_16_clk_i_regs/Z              10     12     -2 (VIOLATED)
clkbuf_leaf_17_i_core_v_mini_mcu.memory_subsystem_i.clk_cg/Z     10     12     -2 (VIOLATED)
clkbuf_leaf_18_i_core_v_mini_mcu.memory_subsystem_i.clk_cg/Z     10     12     -2 (VIOLATED)
clkbuf_leaf_19_i_core_v_mini_mcu.cpu_subsystem_i.cpu_0_0.clk_i/Z     10     12     -2 (VIOLATED)
clkbuf_leaf_21_i_core_v_mini_mcu.cpu_subsystem_i.cpu_1_0.clk_i/Z     10     12     -2 (VIOLATED)
clkbuf_leaf_21_i_core_v_mini_mcu.peripheral_subsystem_i.clk_cg/Z     10     12     -2 (VIOLATED)
clkbuf_leaf_22_clk_i_regs/Z              10     12     -2 (VIOLATED)
clkbuf_leaf_22_i_core_v_mini_mcu.cpu_subsystem_i.cpu_0_0.clk_i/Z     10     12     -2 (VIOLATED)
clkbuf_leaf_23_clk_i_regs/Z              10     12     -2 (VIOLATED)
clkbuf_leaf_24_i_core_v_mini_mcu.cpu_subsystem_i.cpu_1_0.clk_i/Z     10     12     -2 (VIOLATED)
clkbuf_leaf_25_i_core_v_mini_mcu.cpu_subsystem_i.cpu_0_0.clk_i/Z     10     12     -2 (VIOLATED)
clkbuf_leaf_27_clk_i_regs/Z              10     12     -2 (VIOLATED)
clkbuf_leaf_27_i_core_v_mini_mcu.cpu_subsystem_i.cpu_1_0.clk_i/Z     10     12     -2 (VIOLATED)
clkbuf_leaf_27_i_core_v_mini_mcu.peripheral_subsystem_i.clk_cg/Z     10     12     -2 (VIOLATED)
clkbuf_leaf_29_i_core_v_mini_mcu.cpu_subsystem_i.cpu_0_0.clk_i/Z     10     12     -2 (VIOLATED)
clkbuf_leaf_29_i_core_v_mini_mcu.cpu_subsystem_i.cpu_1_0.clk_i/Z     10     12     -2 (VIOLATED)
clkbuf_leaf_2_clk_i_regs/Z               10     12     -2 (VIOLATED)
clkbuf_leaf_2_i_core_v_mini_mcu.memory_subsystem_i.clk_cg/Z     10     12     -2 (VIOLATED)
clkbuf_leaf_30_clk_i_regs/Z              10     12     -2 (VIOLATED)
clkbuf_leaf_30_i_core_v_mini_mcu.cpu_subsystem_i.cpu_0_0.clk_i/Z     10     12     -2 (VIOLATED)
clkbuf_leaf_30_i_core_v_mini_mcu.cpu_subsystem_i.cpu_1_0.clk_i/Z     10     12     -2 (VIOLATED)
clkbuf_leaf_31_i_core_v_mini_mcu.cpu_subsystem_i.cpu_1_0.clk_i/Z     10     12     -2 (VIOLATED)
clkbuf_leaf_31_i_core_v_mini_mcu.memory_subsystem_i.clk_cg/Z     10     12     -2 (VIOLATED)
clkbuf_leaf_32_clk_i_regs/Z              10     12     -2 (VIOLATED)
clkbuf_leaf_32_i_core_v_mini_mcu.cpu_subsystem_i.cpu_1_0.clk_i/Z     10     12     -2 (VIOLATED)
clkbuf_leaf_33_i_core_v_mini_mcu.cpu_subsystem_i.cpu_1_0.clk_i/Z     10     12     -2 (VIOLATED)
clkbuf_leaf_36_i_core_v_mini_mcu.cpu_subsystem_i.cpu_1_0.clk_i/Z     10     12     -2 (VIOLATED)
clkbuf_leaf_37_i_core_v_mini_mcu.cpu_subsystem_i.cpu_1_0.clk_i/Z     10     12     -2 (VIOLATED)
clkbuf_leaf_39_i_core_v_mini_mcu.cpu_subsystem_i.cpu_1_0.clk_i/Z     10     12     -2 (VIOLATED)
clkbuf_leaf_3_clk_i_regs/Z               10     12     -2 (VIOLATED)
clkbuf_leaf_3_i_core_v_mini_mcu.cpu_subsystem_i.cpu_0_0.clk_i/Z     10     12     -2 (VIOLATED)
clkbuf_leaf_40_i_core_v_mini_mcu.cpu_subsystem_i.cpu_0_0.clk_i/Z     10     12     -2 (VIOLATED)
clkbuf_leaf_41_i_core_v_mini_mcu.cpu_subsystem_i.cpu_0_0.clk_i/Z     10     12     -2 (VIOLATED)
clkbuf_leaf_41_i_core_v_mini_mcu.memory_subsystem_i.clk_cg/Z     10     12     -2 (VIOLATED)
clkbuf_leaf_42_clk_i_regs/Z              10     12     -2 (VIOLATED)
clkbuf_leaf_44_i_core_v_mini_mcu.cpu_subsystem_i.cpu_0_0.clk_i/Z     10     12     -2 (VIOLATED)
clkbuf_leaf_44_i_core_v_mini_mcu.cpu_subsystem_i.cpu_1_0.clk_i/Z     10     12     -2 (VIOLATED)
clkbuf_leaf_44_i_core_v_mini_mcu.memory_subsystem_i.clk_cg/Z     10     12     -2 (VIOLATED)
clkbuf_leaf_45_i_core_v_mini_mcu.cpu_subsystem_i.cpu_1_0.clk_i/Z     10     12     -2 (VIOLATED)
clkbuf_leaf_45_i_core_v_mini_mcu.memory_subsystem_i.clk_cg/Z     10     12     -2 (VIOLATED)
clkbuf_leaf_46_i_core_v_mini_mcu.memory_subsystem_i.clk_cg/Z     10     12     -2 (VIOLATED)
clkbuf_leaf_4_i_core_v_mini_mcu.cpu_subsystem_i.cpu_1_0.clk_i/Z     10     12     -2 (VIOLATED)
clkbuf_leaf_50_i_core_v_mini_mcu.cpu_subsystem_i.cpu_1_0.clk_i/Z     10     12     -2 (VIOLATED)
clkbuf_leaf_51_i_core_v_mini_mcu.cpu_subsystem_i.cpu_1_0.clk_i/Z     10     12     -2 (VIOLATED)
clkbuf_leaf_52_clk_i_regs/Z              10     12     -2 (VIOLATED)
clkbuf_leaf_52_i_core_v_mini_mcu.cpu_subsystem_i.cpu_0_0.clk_i/Z     10     12     -2 (VIOLATED)
clkbuf_leaf_53_clk_i_regs/Z              10     12     -2 (VIOLATED)
clkbuf_leaf_53_i_core_v_mini_mcu.cpu_subsystem_i.cpu_1_0.clk_i/Z     10     12     -2 (VIOLATED)
clkbuf_leaf_54_i_core_v_mini_mcu.cpu_subsystem_i.cpu_1_0.clk_i/Z     10     12     -2 (VIOLATED)
clkbuf_leaf_55_clk_i_regs/Z              10     12     -2 (VIOLATED)
clkbuf_leaf_55_i_core_v_mini_mcu.cpu_subsystem_i.cpu_0_0.clk_i/Z     10     12     -2 (VIOLATED)
clkbuf_leaf_55_i_core_v_mini_mcu.cpu_subsystem_i.cpu_1_0.clk_i/Z     10     12     -2 (VIOLATED)
clkbuf_leaf_55_i_core_v_mini_mcu.memory_subsystem_i.clk_cg/Z     10     12     -2 (VIOLATED)
clkbuf_leaf_56_i_core_v_mini_mcu.cpu_subsystem_i.cpu_1_0.clk_i/Z     10     12     -2 (VIOLATED)
clkbuf_leaf_57_clk_i_regs/Z              10     12     -2 (VIOLATED)
clkbuf_leaf_57_i_core_v_mini_mcu.cpu_subsystem_i.cpu_1_0.clk_i/Z     10     12     -2 (VIOLATED)
clkbuf_leaf_58_i_core_v_mini_mcu.memory_subsystem_i.clk_cg/Z     10     12     -2 (VIOLATED)
clkbuf_leaf_59_i_core_v_mini_mcu.cpu_subsystem_i.cpu_0_0.clk_i/Z     10     12     -2 (VIOLATED)
clkbuf_leaf_5_clk_i_regs/Z               10     12     -2 (VIOLATED)
clkbuf_leaf_60_clk_i_regs/Z              10     12     -2 (VIOLATED)
clkbuf_leaf_60_i_core_v_mini_mcu.cpu_subsystem_i.cpu_0_0.clk_i/Z     10     12     -2 (VIOLATED)
clkbuf_leaf_61_clk_i_regs/Z              10     12     -2 (VIOLATED)
clkbuf_leaf_61_i_core_v_mini_mcu.memory_subsystem_i.clk_cg/Z     10     12     -2 (VIOLATED)
clkbuf_leaf_62_i_core_v_mini_mcu.cpu_subsystem_i.cpu_1_0.clk_i/Z     10     12     -2 (VIOLATED)
clkbuf_leaf_63_i_core_v_mini_mcu.cpu_subsystem_i.cpu_1_0.clk_i/Z     10     12     -2 (VIOLATED)
clkbuf_leaf_64_i_core_v_mini_mcu.memory_subsystem_i.clk_cg/Z     10     12     -2 (VIOLATED)
clkbuf_leaf_65_i_core_v_mini_mcu.cpu_subsystem_i.cpu_0_0.clk_i/Z     10     12     -2 (VIOLATED)
clkbuf_leaf_65_i_core_v_mini_mcu.cpu_subsystem_i.cpu_1_0.clk_i/Z     10     12     -2 (VIOLATED)
clkbuf_leaf_65_i_core_v_mini_mcu.memory_subsystem_i.clk_cg/Z     10     12     -2 (VIOLATED)
clkbuf_leaf_66_i_core_v_mini_mcu.memory_subsystem_i.clk_cg/Z     10     12     -2 (VIOLATED)
clkbuf_leaf_67_clk_i_regs/Z              10     12     -2 (VIOLATED)
clkbuf_leaf_67_i_core_v_mini_mcu.memory_subsystem_i.clk_cg/Z     10     12     -2 (VIOLATED)
clkbuf_leaf_68_i_core_v_mini_mcu.cpu_subsystem_i.cpu_1_0.clk_i/Z     10     12     -2 (VIOLATED)
clkbuf_leaf_69_i_core_v_mini_mcu.memory_subsystem_i.clk_cg/Z     10     12     -2 (VIOLATED)
clkbuf_leaf_6_i_core_v_mini_mcu.cpu_subsystem_i.cpu_1_0.clk_i/Z     10     12     -2 (VIOLATED)
clkbuf_leaf_70_clk_i_regs/Z              10     12     -2 (VIOLATED)
clkbuf_leaf_70_i_core_v_mini_mcu.memory_subsystem_i.clk_cg/Z     10     12     -2 (VIOLATED)
clkbuf_leaf_71_clk_i_regs/Z              10     12     -2 (VIOLATED)
clkbuf_leaf_73_clk_i_regs/Z              10     12     -2 (VIOLATED)
clkbuf_leaf_73_i_core_v_mini_mcu.memory_subsystem_i.clk_cg/Z     10     12     -2 (VIOLATED)
clkbuf_leaf_74_i_core_v_mini_mcu.cpu_subsystem_i.cpu_1_0.clk_i/Z     10     12     -2 (VIOLATED)
clkbuf_leaf_74_i_core_v_mini_mcu.memory_subsystem_i.clk_cg/Z     10     12     -2 (VIOLATED)
clkbuf_leaf_76_clk_i_regs/Z              10     12     -2 (VIOLATED)
clkbuf_leaf_76_i_core_v_mini_mcu.memory_subsystem_i.clk_cg/Z     10     12     -2 (VIOLATED)
clkbuf_leaf_77_clk_i_regs/Z              10     12     -2 (VIOLATED)
clkbuf_leaf_77_i_core_v_mini_mcu.memory_subsystem_i.clk_cg/Z     10     12     -2 (VIOLATED)
clkbuf_leaf_78_i_core_v_mini_mcu.cpu_subsystem_i.cpu_1_0.clk_i/Z     10     12     -2 (VIOLATED)
clkbuf_leaf_78_i_core_v_mini_mcu.memory_subsystem_i.clk_cg/Z     10     12     -2 (VIOLATED)
clkbuf_leaf_7_i_core_v_mini_mcu.cpu_subsystem_i.cpu_1_0.clk_i/Z     10     12     -2 (VIOLATED)
clkbuf_leaf_80_i_core_v_mini_mcu.cpu_subsystem_i.cpu_0_0.clk_i/Z     10     12     -2 (VIOLATED)
clkbuf_leaf_83_i_core_v_mini_mcu.cpu_subsystem_i.cpu_1_0.clk_i/Z     10     12     -2 (VIOLATED)
clkbuf_leaf_83_i_core_v_mini_mcu.memory_subsystem_i.clk_cg/Z     10     12     -2 (VIOLATED)
clkbuf_leaf_85_clk_i_regs/Z              10     12     -2 (VIOLATED)
clkbuf_leaf_85_i_core_v_mini_mcu.cpu_subsystem_i.cpu_1_0.clk_i/Z     10     12     -2 (VIOLATED)
clkbuf_leaf_86_clk_i_regs/Z              10     12     -2 (VIOLATED)
clkbuf_leaf_87_clk_i_regs/Z              10     12     -2 (VIOLATED)
clkbuf_leaf_88_i_core_v_mini_mcu.cpu_subsystem_i.cpu_1_0.clk_i/Z     10     12     -2 (VIOLATED)
clkbuf_leaf_8_clk_i_regs/Z               10     12     -2 (VIOLATED)
clkbuf_leaf_8_i_core_v_mini_mcu.cpu_subsystem_i.cpu_1_0.clk_i/Z     10     12     -2 (VIOLATED)
clkbuf_leaf_90_i_core_v_mini_mcu.cpu_subsystem_i.cpu_1_0.clk_i/Z     10     12     -2 (VIOLATED)
clkbuf_leaf_91_clk_i_regs/Z              10     12     -2 (VIOLATED)
clkbuf_leaf_91_i_core_v_mini_mcu.cpu_subsystem_i.cpu_1_0.clk_i/Z     10     12     -2 (VIOLATED)
clkbuf_leaf_92_i_core_v_mini_mcu.cpu_subsystem_i.cpu_1_0.clk_i/Z     10     12     -2 (VIOLATED)
clkbuf_leaf_93_i_core_v_mini_mcu.cpu_subsystem_i.cpu_1_0.clk_i/Z     10     12     -2 (VIOLATED)
clkbuf_leaf_95_i_core_v_mini_mcu.cpu_subsystem_i.cpu_1_0.clk_i/Z     10     12     -2 (VIOLATED)
clkbuf_leaf_96_i_core_v_mini_mcu.cpu_subsystem_i.cpu_0_0.clk_i/Z     10     12     -2 (VIOLATED)
clkbuf_leaf_98_clk_i_regs/Z              10     12     -2 (VIOLATED)
clkbuf_leaf_99_i_core_v_mini_mcu.cpu_subsystem_i.cpu_0_0.clk_i/Z     10     12     -2 (VIOLATED)
clkbuf_leaf_99_i_core_v_mini_mcu.cpu_subsystem_i.cpu_1_0.clk_i/Z     10     12     -2 (VIOLATED)
clkbuf_leaf_9_clk_i_regs/Z               10     12     -2 (VIOLATED)

max capacitance

Pin                                        Limit         Cap       Slack
------------------------------------------------------------------------
clkbuf_0_clk_i_regs/Z                   0.200000    0.437752   -0.237752 (VIOLATED)
clkbuf_0_i_core_v_mini_mcu.cpu_subsystem_i.cpu_0_0.clk_i/Z    0.200000    0.415556   -0.215556 (VIOLATED)
clkbuf_0_i_core_v_mini_mcu.memory_subsystem_i.clk_cg/Z    0.200000    0.388651   -0.188651 (VIOLATED)
clkbuf_0_i_core_v_mini_mcu.cpu_subsystem_i.cpu_1_0.clk_i/Z    0.200000    0.361627   -0.161627 (VIOLATED)
max_cap1285/Z                           0.200000    0.220332   -0.020332 (VIOLATED)
wire1292/Z                              0.200000    0.204242   -0.004242 (VIOLATED)
clk_i                                   0.200000    0.202991   -0.002991 (VIOLATED)
max_cap867/Z                            0.200000    0.202095   -0.002095 (VIOLATED)



===========================================================================
report_parasitic_annotation -report_unannotated
============================================================================
Found 351 unannotated drivers.
 clkload0/Z
 clkload1/Z
 clkload10/Z
 clkload100/ZN
 clkload101/ZN
 clkload102/Z
 clkload103/Z
 clkload104/ZN
 clkload105/ZN
 clkload106/ZN
 clkload107/Z
 clkload108/Z
 clkload109/ZN
 clkload11/ZN
 clkload110/ZN
 clkload111/ZN
 clkload112/Z
 clkload113/ZN
 clkload114/ZN
 clkload115/ZN
 clkload116/Z
 clkload117/Z
 clkload118/Z
 clkload119/Z
 clkload12/Z
 clkload120/Z
 clkload121/Z
 clkload122/Z
 clkload123/Z
 clkload124/ZN
 clkload125/ZN
 clkload126/Z
 clkload127/Z
 clkload128/ZN
 clkload129/ZN
 clkload13/ZN
 clkload130/ZN
 clkload131/Z
 clkload132/ZN
 clkload133/Z
 clkload134/Z
 clkload135/Z
 clkload136/Z
 clkload137/ZN
 clkload138/ZN
 clkload139/ZN
 clkload14/Z
 clkload140/ZN
 clkload141/ZN
 clkload142/ZN
 clkload143/ZN
 clkload144/ZN
 clkload145/Z
 clkload146/Z
 clkload147/Z
 clkload148/Z
 clkload149/ZN
 clkload15/Z
 clkload150/Z
 clkload151/ZN
 clkload152/Z
 clkload153/Z
 clkload154/Z
 clkload155/Z
 clkload156/Z
 clkload157/Z
 clkload158/Z
 clkload159/Z
 clkload16/Z
 clkload160/Z
 clkload161/Z
 clkload162/Z
 clkload163/Z
 clkload164/Z
 clkload165/Z
 clkload166/ZN
 clkload167/Z
 clkload168/Z
 clkload169/Z
 clkload17/Z
 clkload170/Z
 clkload171/ZN
 clkload172/Z
 clkload173/ZN
 clkload174/ZN
 clkload175/ZN
 clkload176/Z
 clkload177/ZN
 clkload178/Z
 clkload179/Z
 clkload18/ZN
 clkload180/Z
 clkload181/Z
 clkload182/Z
 clkload183/Z
 clkload184/Z
 clkload185/Z
 clkload186/Z
 clkload187/Z
 clkload188/Z
 clkload189/ZN
 clkload19/Z
 clkload190/ZN
 clkload191/Z
 clkload192/ZN
 clkload193/Z
 clkload194/Z
 clkload195/Z
 clkload196/Z
 clkload197/ZN
 clkload198/ZN
 clkload199/ZN
 clkload2/ZN
 clkload20/ZN
 clkload200/ZN
 clkload201/ZN
 clkload202/Z
 clkload203/Z
 clkload204/ZN
 clkload205/ZN
 clkload206/Z
 clkload207/ZN
 clkload208/ZN
 clkload209/Z
 clkload21/Z
 clkload210/Z
 clkload211/Z
 clkload212/ZN
 clkload213/ZN
 clkload214/Z
 clkload215/Z
 clkload216/Z
 clkload217/Z
 clkload218/Z
 clkload219/Z
 clkload22/ZN
 clkload220/Z
 clkload221/Z
 clkload222/Z
 clkload223/Z
 clkload224/Z
 clkload225/Z
 clkload226/Z
 clkload227/Z
 clkload228/Z
 clkload229/Z
 clkload23/ZN
 clkload230/ZN
 clkload231/Z
 clkload232/Z
 clkload233/Z
 clkload234/ZN
 clkload235/Z
 clkload236/Z
 clkload237/Z
 clkload238/ZN
 clkload239/ZN
 clkload24/ZN
 clkload240/ZN
 clkload241/ZN
 clkload242/ZN
 clkload243/ZN
 clkload244/Z
 clkload245/Z
 clkload246/ZN
 clkload247/Z
 clkload248/Z
 clkload249/Z
 clkload25/Z
 clkload250/Z
 clkload251/Z
 clkload252/Z
 clkload253/Z
 clkload254/Z
 clkload255/Z
 clkload256/Z
 clkload257/Z
 clkload258/Z
 clkload259/Z
 clkload26/ZN
 clkload260/Z
 clkload261/Z
 clkload262/Z
 clkload263/Z
 clkload264/Z
 clkload265/Z
 clkload266/Z
 clkload267/Z
 clkload268/Z
 clkload269/Z
 clkload27/ZN
 clkload270/Z
 clkload271/ZN
 clkload272/ZN
 clkload273/ZN
 clkload274/ZN
 clkload275/Z
 clkload276/ZN
 clkload277/ZN
 clkload278/Z
 clkload279/Z
 clkload28/ZN
 clkload280/Z
 clkload281/Z
 clkload282/Z
 clkload283/Z
 clkload284/Z
 clkload285/Z
 clkload286/Z
 clkload287/Z
 clkload288/Z
 clkload289/Z
 clkload29/Z
 clkload290/Z
 clkload291/Z
 clkload292/Z
 clkload293/Z
 clkload294/Z
 clkload295/Z
 clkload296/Z
 clkload297/Z
 clkload298/Z
 clkload299/ZN
 clkload3/Z
 clkload30/Z
 clkload300/Z
 clkload301/Z
 clkload302/Z
 clkload303/Z
 clkload304/Z
 clkload305/Z
 clkload306/Z
 clkload307/Z
 clkload308/Z
 clkload309/ZN
 clkload31/ZN
 clkload310/ZN
 clkload311/ZN
 clkload312/ZN
 clkload313/Z
 clkload314/ZN
 clkload315/Z
 clkload316/Z
 clkload317/Z
 clkload318/Z
 clkload319/Z
 clkload32/Z
 clkload320/Z
 clkload321/Z
 clkload322/ZN
 clkload323/Z
 clkload324/Z
 clkload325/Z
 clkload326/Z
 clkload327/Z
 clkload328/Z
 clkload329/Z
 clkload33/Z
 clkload330/Z
 clkload331/Z
 clkload332/Z
 clkload333/Z
 clkload334/Z
 clkload335/Z
 clkload336/Z
 clkload337/ZN
 clkload338/ZN
 clkload339/Z
 clkload34/Z
 clkload340/Z
 clkload341/ZN
 clkload342/Z
 clkload343/ZN
 clkload344/Z
 clkload345/Z
 clkload346/Z
 clkload347/Z
 clkload348/Z
 clkload349/Z
 clkload35/Z
 clkload350/Z
 clkload36/Z
 clkload37/Z
 clkload38/ZN
 clkload39/ZN
 clkload4/ZN
 clkload40/ZN
 clkload41/ZN
 clkload42/Z
 clkload43/ZN
 clkload44/Z
 clkload45/ZN
 clkload46/ZN
 clkload47/Z
 clkload48/Z
 clkload49/Z
 clkload5/ZN
 clkload50/Z
 clkload51/Z
 clkload52/Z
 clkload53/Z
 clkload54/Z
 clkload55/Z
 clkload56/Z
 clkload57/ZN
 clkload58/ZN
 clkload59/ZN
 clkload6/ZN
 clkload60/Z
 clkload61/Z
 clkload62/Z
 clkload63/Z
 clkload64/ZN
 clkload65/ZN
 clkload66/ZN
 clkload67/ZN
 clkload68/ZN
 clkload69/ZN
 clkload7/ZN
 clkload70/Z
 clkload71/Z
 clkload72/ZN
 clkload73/ZN
 clkload74/Z
 clkload75/Z
 clkload76/ZN
 clkload77/ZN
 clkload78/ZN
 clkload79/ZN
 clkload8/ZN
 clkload80/ZN
 clkload81/Z
 clkload82/Z
 clkload83/ZN
 clkload84/Z
 clkload85/Z
 clkload86/Z
 clkload87/Z
 clkload88/ZN
 clkload89/ZN
 clkload9/ZN
 clkload90/ZN
 clkload91/ZN
 clkload92/ZN
 clkload93/ZN
 clkload94/ZN
 clkload95/ZN
 clkload96/Z
 clkload97/ZN
 clkload98/ZN
 clkload99/ZN
Found 0 partially unannotated drivers.

===========================================================================
max slew violation count 1532
max fanout violation count 411
max cap violation count 8
============================================================================

===========================================================================
check_setup -verbose -unconstrained_endpoints -multiple_clock -no_clock -no_input_delay -loops -generated_clocks
===========================================================================
