
===========================================================================
report_checks -unconstrained
===========================================================================
======================= nom_ss_125C_4v50 Corner ===================================

Startpoint: rst_ni (input port clocked by clk_i)
Endpoint: _55567_ (recovery check against rising-edge clock clk_i)
Path Group: asynchronous
Path Type: max

Fanout         Cap        Slew       Delay        Time   Description
---------------------------------------------------------------------------------------------
                      0.150000    0.000000    0.000000   clock clk_i (rise edge)
                                  0.000000    0.000000   clock network delay (ideal)
                                 10.000000   10.000000 ^ input external delay
  1109    8.163218  229.193405  126.946877  136.946869 ^ rst_ni (in)
                                                         rst_ni (net)
                    229.193405    0.000000  136.946869 ^ _55567_/RN (gf180mcu_fd_sc_mcu7t5v0__dffrnq_1)
                                            136.946869   data arrival time

                      0.150000   50.000000   50.000000   clock clk_i (rise edge)
                                  0.000000   50.000000   clock network delay (ideal)
                                 -0.250000   49.749996   clock uncertainty
                                  0.000000   49.749996   clock reconvergence pessimism
                                             49.749996 ^ _55567_/CLK (gf180mcu_fd_sc_mcu7t5v0__dffrnq_1)
                                -99.169678  -49.419682   library recovery time
                                            -49.419682   data required time
---------------------------------------------------------------------------------------------
                                            -49.419682   data required time
                                           -136.946869   data arrival time
---------------------------------------------------------------------------------------------
                                           -186.366547   slack (VIOLATED)


Startpoint: rst_ni (input port clocked by clk_i)
Endpoint: _58996_ (rising edge-triggered flip-flop clocked by clk_i)
Path Group: clk_i
Path Type: max

Fanout         Cap        Slew       Delay        Time   Description
---------------------------------------------------------------------------------------------
                      0.150000    0.000000    0.000000   clock clk_i (rise edge)
                                  0.000000    0.000000   clock network delay (ideal)
                                 10.000000   10.000000 ^ input external delay
  1109    8.163218  229.193405  126.946877  136.946869 ^ rst_ni (in)
                                                         rst_ni (net)
                    229.193405    0.000000  136.946869 ^ _36439_/I (gf180mcu_fd_sc_mcu7t5v0__inv_1)
    10    0.055192   44.585541    4.161848  141.108719 v _36439_/ZN (gf180mcu_fd_sc_mcu7t5v0__inv_1)
                                                         _13777_ (net)
                     44.585541    0.000000  141.108719 v _43372_/A2 (gf180mcu_fd_sc_mcu7t5v0__nor4_1)
     8    0.036888    9.082897   13.639977  154.748688 ^ _43372_/ZN (gf180mcu_fd_sc_mcu7t5v0__nor4_1)
                                                         _18230_ (net)
                      9.082897    0.000000  154.748688 ^ _45611_/A2 (gf180mcu_fd_sc_mcu7t5v0__nand2_1)
     1    0.009492    1.564897    0.002984  154.751678 v _45611_/ZN (gf180mcu_fd_sc_mcu7t5v0__nand2_1)
                                                         _19541_ (net)
                      1.564897    0.000000  154.751678 v _45612_/I (gf180mcu_fd_sc_mcu7t5v0__buf_4)
    16    0.191544    0.844214    1.176545  155.928223 v _45612_/Z (gf180mcu_fd_sc_mcu7t5v0__buf_4)
                                                         _19542_ (net)
                      0.844214    0.000000  155.928223 v _45613_/A1 (gf180mcu_fd_sc_mcu7t5v0__nand2_1)
     1    0.016810    0.685555    0.626216  156.554443 ^ _45613_/ZN (gf180mcu_fd_sc_mcu7t5v0__nand2_1)
                                                         _19543_ (net)
                      0.685555    0.000000  156.554443 ^ _45614_/B (gf180mcu_fd_sc_mcu7t5v0__oai21_4)
     1    0.002378    0.812451    0.237947  156.792389 v _45614_/ZN (gf180mcu_fd_sc_mcu7t5v0__oai21_4)
                                                         _03625_ (net)
                      0.812451    0.000000  156.792389 v _58996_/D (gf180mcu_fd_sc_mcu7t5v0__dffq_1)
                                            156.792389   data arrival time

                      0.150000   50.000000   50.000000   clock clk_i (rise edge)
                                  0.000000   50.000000   clock network delay (ideal)
                                 -0.250000   49.749996   clock uncertainty
                                  0.000000   49.749996   clock reconvergence pessimism
                                             49.749996 ^ _58996_/CLK (gf180mcu_fd_sc_mcu7t5v0__dffq_1)
                                 -0.674877   49.075119   library setup time
                                             49.075119   data required time
---------------------------------------------------------------------------------------------
                                             49.075119   data required time
                                           -156.792389   data arrival time
---------------------------------------------------------------------------------------------
                                           -107.717262   slack (VIOLATED)




===========================================================================
report_checks --slack_max -0.01
============================================================================
======================= nom_ss_125C_4v50 Corner ===================================

Startpoint: rst_ni (input port clocked by clk_i)
Endpoint: _55567_ (recovery check against rising-edge clock clk_i)
Path Group: asynchronous
Path Type: max

Fanout         Cap        Slew       Delay        Time   Description
---------------------------------------------------------------------------------------------
                      0.150000    0.000000    0.000000   clock clk_i (rise edge)
                                  0.000000    0.000000   clock network delay (ideal)
                                 10.000000   10.000000 ^ input external delay
  1109    8.163218  229.193405  126.946877  136.946869 ^ rst_ni (in)
                                                         rst_ni (net)
                    229.193405    0.000000  136.946869 ^ _55567_/RN (gf180mcu_fd_sc_mcu7t5v0__dffrnq_1)
                                            136.946869   data arrival time

                      0.150000   50.000000   50.000000   clock clk_i (rise edge)
                                  0.000000   50.000000   clock network delay (ideal)
                                 -0.250000   49.749996   clock uncertainty
                                  0.000000   49.749996   clock reconvergence pessimism
                                             49.749996 ^ _55567_/CLK (gf180mcu_fd_sc_mcu7t5v0__dffrnq_1)
                                -99.169678  -49.419682   library recovery time
                                            -49.419682   data required time
---------------------------------------------------------------------------------------------
                                            -49.419682   data required time
                                           -136.946869   data arrival time
---------------------------------------------------------------------------------------------
                                           -186.366547   slack (VIOLATED)


Startpoint: rst_ni (input port clocked by clk_i)
Endpoint: _58996_ (rising edge-triggered flip-flop clocked by clk_i)
Path Group: clk_i
Path Type: max

Fanout         Cap        Slew       Delay        Time   Description
---------------------------------------------------------------------------------------------
                      0.150000    0.000000    0.000000   clock clk_i (rise edge)
                                  0.000000    0.000000   clock network delay (ideal)
                                 10.000000   10.000000 ^ input external delay
  1109    8.163218  229.193405  126.946877  136.946869 ^ rst_ni (in)
                                                         rst_ni (net)
                    229.193405    0.000000  136.946869 ^ _36439_/I (gf180mcu_fd_sc_mcu7t5v0__inv_1)
    10    0.055192   44.585541    4.161848  141.108719 v _36439_/ZN (gf180mcu_fd_sc_mcu7t5v0__inv_1)
                                                         _13777_ (net)
                     44.585541    0.000000  141.108719 v _43372_/A2 (gf180mcu_fd_sc_mcu7t5v0__nor4_1)
     8    0.036888    9.082897   13.639977  154.748688 ^ _43372_/ZN (gf180mcu_fd_sc_mcu7t5v0__nor4_1)
                                                         _18230_ (net)
                      9.082897    0.000000  154.748688 ^ _45611_/A2 (gf180mcu_fd_sc_mcu7t5v0__nand2_1)
     1    0.009492    1.564897    0.002984  154.751678 v _45611_/ZN (gf180mcu_fd_sc_mcu7t5v0__nand2_1)
                                                         _19541_ (net)
                      1.564897    0.000000  154.751678 v _45612_/I (gf180mcu_fd_sc_mcu7t5v0__buf_4)
    16    0.191544    0.844214    1.176545  155.928223 v _45612_/Z (gf180mcu_fd_sc_mcu7t5v0__buf_4)
                                                         _19542_ (net)
                      0.844214    0.000000  155.928223 v _45613_/A1 (gf180mcu_fd_sc_mcu7t5v0__nand2_1)
     1    0.016810    0.685555    0.626216  156.554443 ^ _45613_/ZN (gf180mcu_fd_sc_mcu7t5v0__nand2_1)
                                                         _19543_ (net)
                      0.685555    0.000000  156.554443 ^ _45614_/B (gf180mcu_fd_sc_mcu7t5v0__oai21_4)
     1    0.002378    0.812451    0.237947  156.792389 v _45614_/ZN (gf180mcu_fd_sc_mcu7t5v0__oai21_4)
                                                         _03625_ (net)
                      0.812451    0.000000  156.792389 v _58996_/D (gf180mcu_fd_sc_mcu7t5v0__dffq_1)
                                            156.792389   data arrival time

                      0.150000   50.000000   50.000000   clock clk_i (rise edge)
                                  0.000000   50.000000   clock network delay (ideal)
                                 -0.250000   49.749996   clock uncertainty
                                  0.000000   49.749996   clock reconvergence pessimism
                                             49.749996 ^ _58996_/CLK (gf180mcu_fd_sc_mcu7t5v0__dffq_1)
                                 -0.674877   49.075119   library setup time
                                             49.075119   data required time
---------------------------------------------------------------------------------------------
                                             49.075119   data required time
                                           -156.792389   data arrival time
---------------------------------------------------------------------------------------------
                                           -107.717262   slack (VIOLATED)




===========================================================================
 report_check_types -max_slew -max_cap -max_fanout -violators
============================================================================
======================= nom_ss_125C_4v50 Corner ===================================

max slew

Pin                                        Limit        Slew       Slack
------------------------------------------------------------------------
rst_ni                                  4.000000  229.193405 -225.193405 (VIOLATED)
_36439_/I                               4.000000  229.193405 -225.193405 (VIOLATED)
_36725_/A2                              4.000000  229.193405 -225.193405 (VIOLATED)
_47119_/A2                              4.000000  229.193405 -225.193405 (VIOLATED)
_51319_/A3                              4.000000  229.193405 -225.193405 (VIOLATED)
_51419_/A3                              4.000000  229.193405 -225.193405 (VIOLATED)
_51515_/A3                              4.000000  229.193405 -225.193405 (VIOLATED)
_51611_/A3                              4.000000  229.193405 -225.193405 (VIOLATED)
_51708_/A3                              4.000000  229.193405 -225.193405 (VIOLATED)
_51804_/A3                              4.000000  229.193405 -225.193405 (VIOLATED)
_51901_/A3                              4.000000  229.193405 -225.193405 (VIOLATED)
_51999_/A3                              4.000000  229.193405 -225.193405 (VIOLATED)
_52100_/A3                              4.000000  229.193405 -225.193405 (VIOLATED)
_52196_/A3                              4.000000  229.193405 -225.193405 (VIOLATED)
_52293_/A3                              4.000000  229.193405 -225.193405 (VIOLATED)
_52389_/A3                              4.000000  229.193405 -225.193405 (VIOLATED)
_52485_/A3                              4.000000  229.193405 -225.193405 (VIOLATED)
_52581_/A3                              4.000000  229.193405 -225.193405 (VIOLATED)
_52677_/A3                              4.000000  229.193405 -225.193405 (VIOLATED)
_52798_/A3                              4.000000  229.193405 -225.193405 (VIOLATED)
_52920_/A3                              4.000000  229.193405 -225.193405 (VIOLATED)
_53017_/A3                              4.000000  229.193405 -225.193405 (VIOLATED)
_53113_/A3                              4.000000  229.193405 -225.193405 (VIOLATED)
_53209_/A3                              4.000000  229.193405 -225.193405 (VIOLATED)
_53305_/A3                              4.000000  229.193405 -225.193405 (VIOLATED)
_53401_/A3                              4.000000  229.193405 -225.193405 (VIOLATED)
_53497_/A3                              4.000000  229.193405 -225.193405 (VIOLATED)
_53595_/A3                              4.000000  229.193405 -225.193405 (VIOLATED)
_53695_/A3                              4.000000  229.193405 -225.193405 (VIOLATED)
_53791_/A3                              4.000000  229.193405 -225.193405 (VIOLATED)
_53887_/A3                              4.000000  229.193405 -225.193405 (VIOLATED)
_53983_/A3                              4.000000  229.193405 -225.193405 (VIOLATED)
_54079_/A3                              4.000000  229.193405 -225.193405 (VIOLATED)
_54175_/A3                              4.000000  229.193405 -225.193405 (VIOLATED)
_54271_/A3                              4.000000  229.193405 -225.193405 (VIOLATED)
_54367_/A3                              4.000000  229.193405 -225.193405 (VIOLATED)
_55567_/RN                              4.000000  229.193405 -225.193405 (VIOLATED)
_55568_/RN                              4.000000  229.193405 -225.193405 (VIOLATED)
_55569_/RN                              4.000000  229.193405 -225.193405 (VIOLATED)
_59048_/RN                              4.000000  229.193405 -225.193405 (VIOLATED)
_59049_/RN                              4.000000  229.193405 -225.193405 (VIOLATED)
_59050_/RN                              4.000000  229.193405 -225.193405 (VIOLATED)
_59051_/RN                              4.000000  229.193405 -225.193405 (VIOLATED)
_59052_/RN                              4.000000  229.193405 -225.193405 (VIOLATED)
_59053_/RN                              4.000000  229.193405 -225.193405 (VIOLATED)
_59054_/RN                              4.000000  229.193405 -225.193405 (VIOLATED)
_59055_/RN                              4.000000  229.193405 -225.193405 (VIOLATED)
_59056_/RN                              4.000000  229.193405 -225.193405 (VIOLATED)
_59057_/RN                              4.000000  229.193405 -225.193405 (VIOLATED)
_59058_/RN                              4.000000  229.193405 -225.193405 (VIOLATED)
_59059_/RN                              4.000000  229.193405 -225.193405 (VIOLATED)
_59060_/RN                              4.000000  229.193405 -225.193405 (VIOLATED)
_59061_/RN                              4.000000  229.193405 -225.193405 (VIOLATED)
_59062_/RN                              4.000000  229.193405 -225.193405 (VIOLATED)
_59063_/RN                              4.000000  229.193405 -225.193405 (VIOLATED)
_59064_/RN                              4.000000  229.193405 -225.193405 (VIOLATED)
_59065_/RN                              4.000000  229.193405 -225.193405 (VIOLATED)
_59066_/RN                              4.000000  229.193405 -225.193405 (VIOLATED)
_59067_/RN                              4.000000  229.193405 -225.193405 (VIOLATED)
_59068_/RN                              4.000000  229.193405 -225.193405 (VIOLATED)
_59069_/RN                              4.000000  229.193405 -225.193405 (VIOLATED)
_59070_/RN                              4.000000  229.193405 -225.193405 (VIOLATED)
_59071_/RN                              4.000000  229.193405 -225.193405 (VIOLATED)
_59072_/RN                              4.000000  229.193405 -225.193405 (VIOLATED)
_59073_/RN                              4.000000  229.193405 -225.193405 (VIOLATED)
_59074_/RN                              4.000000  229.193405 -225.193405 (VIOLATED)
_59075_/RN                              4.000000  229.193405 -225.193405 (VIOLATED)
_59076_/RN                              4.000000  229.193405 -225.193405 (VIOLATED)
_59077_/RN                              4.000000  229.193405 -225.193405 (VIOLATED)
_59078_/RN                              4.000000  229.193405 -225.193405 (VIOLATED)
_59079_/RN                              4.000000  229.193405 -225.193405 (VIOLATED)
_59080_/RN                              4.000000  229.193405 -225.193405 (VIOLATED)
_59081_/RN                              4.000000  229.193405 -225.193405 (VIOLATED)
_59082_/RN                              4.000000  229.193405 -225.193405 (VIOLATED)
_59083_/RN                              4.000000  229.193405 -225.193405 (VIOLATED)
_59084_/RN                              4.000000  229.193405 -225.193405 (VIOLATED)
_59085_/RN                              4.000000  229.193405 -225.193405 (VIOLATED)
_59086_/RN                              4.000000  229.193405 -225.193405 (VIOLATED)
_59087_/RN                              4.000000  229.193405 -225.193405 (VIOLATED)
_59088_/RN                              4.000000  229.193405 -225.193405 (VIOLATED)
_59089_/RN                              4.000000  229.193405 -225.193405 (VIOLATED)
_59090_/RN                              4.000000  229.193405 -225.193405 (VIOLATED)
_59091_/RN                              4.000000  229.193405 -225.193405 (VIOLATED)
_59092_/RN                              4.000000  229.193405 -225.193405 (VIOLATED)
_59093_/RN                              4.000000  229.193405 -225.193405 (VIOLATED)
_59094_/RN                              4.000000  229.193405 -225.193405 (VIOLATED)
_59095_/RN                              4.000000  229.193405 -225.193405 (VIOLATED)
_59096_/RN                              4.000000  229.193405 -225.193405 (VIOLATED)
_59097_/RN                              4.000000  229.193405 -225.193405 (VIOLATED)
_59098_/RN                              4.000000  229.193405 -225.193405 (VIOLATED)
_59099_/RN                              4.000000  229.193405 -225.193405 (VIOLATED)
_59100_/RN                              4.000000  229.193405 -225.193405 (VIOLATED)
_59101_/RN                              4.000000  229.193405 -225.193405 (VIOLATED)
_59102_/RN                              4.000000  229.193405 -225.193405 (VIOLATED)
_59103_/RN                              4.000000  229.193405 -225.193405 (VIOLATED)
_59104_/RN                              4.000000  229.193405 -225.193405 (VIOLATED)
_59105_/RN                              4.000000  229.193405 -225.193405 (VIOLATED)
_59106_/RN                              4.000000  229.193405 -225.193405 (VIOLATED)
_59107_/RN                              4.000000  229.193405 -225.193405 (VIOLATED)
_59108_/RN                              4.000000  229.193405 -225.193405 (VIOLATED)
_59109_/RN                              4.000000  229.193405 -225.193405 (VIOLATED)
_59110_/RN                              4.000000  229.193405 -225.193405 (VIOLATED)
_59111_/RN                              4.000000  229.193405 -225.193405 (VIOLATED)
_59112_/RN                              4.000000  229.193405 -225.193405 (VIOLATED)
_59113_/RN                              4.000000  229.193405 -225.193405 (VIOLATED)
_59114_/RN                              4.000000  229.193405 -225.193405 (VIOLATED)
_59115_/RN                              4.000000  229.193405 -225.193405 (VIOLATED)
_59116_/RN                              4.000000  229.193405 -225.193405 (VIOLATED)
_59117_/RN                              4.000000  229.193405 -225.193405 (VIOLATED)
_59118_/RN                              4.000000  229.193405 -225.193405 (VIOLATED)
_59119_/RN                              4.000000  229.193405 -225.193405 (VIOLATED)
_59120_/RN                              4.000000  229.193405 -225.193405 (VIOLATED)
_59121_/SETN                            4.000000  229.193405 -225.193405 (VIOLATED)
_59122_/RN                              4.000000  229.193405 -225.193405 (VIOLATED)
_59123_/SETN                            4.000000  229.193405 -225.193405 (VIOLATED)
_59124_/RN                              4.000000  229.193405 -225.193405 (VIOLATED)
_59125_/RN                              4.000000  229.193405 -225.193405 (VIOLATED)
_59126_/RN                              4.000000  229.193405 -225.193405 (VIOLATED)
_59127_/RN                              4.000000  229.193405 -225.193405 (VIOLATED)
_59128_/RN                              4.000000  229.193405 -225.193405 (VIOLATED)
_59129_/RN                              4.000000  229.193405 -225.193405 (VIOLATED)
_59130_/RN                              4.000000  229.193405 -225.193405 (VIOLATED)
_59131_/RN                              4.000000  229.193405 -225.193405 (VIOLATED)
_59132_/RN                              4.000000  229.193405 -225.193405 (VIOLATED)
_59133_/RN                              4.000000  229.193405 -225.193405 (VIOLATED)
_59134_/RN                              4.000000  229.193405 -225.193405 (VIOLATED)
_59135_/RN                              4.000000  229.193405 -225.193405 (VIOLATED)
_59136_/RN                              4.000000  229.193405 -225.193405 (VIOLATED)
_59137_/RN                              4.000000  229.193405 -225.193405 (VIOLATED)
_59138_/RN                              4.000000  229.193405 -225.193405 (VIOLATED)
_59139_/RN                              4.000000  229.193405 -225.193405 (VIOLATED)
_59140_/RN                              4.000000  229.193405 -225.193405 (VIOLATED)
_59141_/RN                              4.000000  229.193405 -225.193405 (VIOLATED)
_59142_/RN                              4.000000  229.193405 -225.193405 (VIOLATED)
_59143_/RN                              4.000000  229.193405 -225.193405 (VIOLATED)
_59144_/RN                              4.000000  229.193405 -225.193405 (VIOLATED)
_59145_/RN                              4.000000  229.193405 -225.193405 (VIOLATED)
_59146_/RN                              4.000000  229.193405 -225.193405 (VIOLATED)
_59147_/RN                              4.000000  229.193405 -225.193405 (VIOLATED)
_59148_/RN                              4.000000  229.193405 -225.193405 (VIOLATED)
_59149_/RN                              4.000000  229.193405 -225.193405 (VIOLATED)
_59150_/RN                              4.000000  229.193405 -225.193405 (VIOLATED)
_59151_/RN                              4.000000  229.193405 -225.193405 (VIOLATED)
_59152_/RN                              4.000000  229.193405 -225.193405 (VIOLATED)
_59153_/RN                              4.000000  229.193405 -225.193405 (VIOLATED)
_59154_/RN                              4.000000  229.193405 -225.193405 (VIOLATED)
_59155_/RN                              4.000000  229.193405 -225.193405 (VIOLATED)
_59156_/RN                              4.000000  229.193405 -225.193405 (VIOLATED)
_59157_/RN                              4.000000  229.193405 -225.193405 (VIOLATED)
_59158_/RN                              4.000000  229.193405 -225.193405 (VIOLATED)
_59159_/RN                              4.000000  229.193405 -225.193405 (VIOLATED)
_59160_/RN                              4.000000  229.193405 -225.193405 (VIOLATED)
_59161_/RN                              4.000000  229.193405 -225.193405 (VIOLATED)
_59162_/RN                              4.000000  229.193405 -225.193405 (VIOLATED)
_59163_/RN                              4.000000  229.193405 -225.193405 (VIOLATED)
_59164_/RN                              4.000000  229.193405 -225.193405 (VIOLATED)
_59165_/RN                              4.000000  229.193405 -225.193405 (VIOLATED)
_59166_/RN                              4.000000  229.193405 -225.193405 (VIOLATED)
_59167_/RN                              4.000000  229.193405 -225.193405 (VIOLATED)
_59168_/RN                              4.000000  229.193405 -225.193405 (VIOLATED)
_59169_/RN                              4.000000  229.193405 -225.193405 (VIOLATED)
_59170_/RN                              4.000000  229.193405 -225.193405 (VIOLATED)
_59171_/RN                              4.000000  229.193405 -225.193405 (VIOLATED)
_59172_/RN                              4.000000  229.193405 -225.193405 (VIOLATED)
_59173_/RN                              4.000000  229.193405 -225.193405 (VIOLATED)
_59174_/RN                              4.000000  229.193405 -225.193405 (VIOLATED)
_59175_/RN                              4.000000  229.193405 -225.193405 (VIOLATED)
_59176_/RN                              4.000000  229.193405 -225.193405 (VIOLATED)
_59177_/RN                              4.000000  229.193405 -225.193405 (VIOLATED)
_59178_/RN                              4.000000  229.193405 -225.193405 (VIOLATED)
_59179_/RN                              4.000000  229.193405 -225.193405 (VIOLATED)
_59180_/RN                              4.000000  229.193405 -225.193405 (VIOLATED)
_59181_/RN                              4.000000  229.193405 -225.193405 (VIOLATED)
_59182_/RN                              4.000000  229.193405 -225.193405 (VIOLATED)
_59183_/RN                              4.000000  229.193405 -225.193405 (VIOLATED)
_59184_/RN                              4.000000  229.193405 -225.193405 (VIOLATED)
_59185_/RN                              4.000000  229.193405 -225.193405 (VIOLATED)
_59186_/RN                              4.000000  229.193405 -225.193405 (VIOLATED)
_59187_/RN                              4.000000  229.193405 -225.193405 (VIOLATED)
_59188_/RN                              4.000000  229.193405 -225.193405 (VIOLATED)
_59189_/RN                              4.000000  229.193405 -225.193405 (VIOLATED)
_59190_/RN                              4.000000  229.193405 -225.193405 (VIOLATED)
_59191_/RN                              4.000000  229.193405 -225.193405 (VIOLATED)
_59192_/RN                              4.000000  229.193405 -225.193405 (VIOLATED)
_59193_/RN                              4.000000  229.193405 -225.193405 (VIOLATED)
_59194_/RN                              4.000000  229.193405 -225.193405 (VIOLATED)
_59195_/RN                              4.000000  229.193405 -225.193405 (VIOLATED)
_59196_/RN                              4.000000  229.193405 -225.193405 (VIOLATED)
_59197_/RN                              4.000000  229.193405 -225.193405 (VIOLATED)
_59198_/RN                              4.000000  229.193405 -225.193405 (VIOLATED)
_59199_/RN                              4.000000  229.193405 -225.193405 (VIOLATED)
_59200_/RN                              4.000000  229.193405 -225.193405 (VIOLATED)
_59201_/RN                              4.000000  229.193405 -225.193405 (VIOLATED)
_59202_/RN                              4.000000  229.193405 -225.193405 (VIOLATED)
_59203_/RN                              4.000000  229.193405 -225.193405 (VIOLATED)
_59204_/RN                              4.000000  229.193405 -225.193405 (VIOLATED)
_59205_/RN                              4.000000  229.193405 -225.193405 (VIOLATED)
_59206_/RN                              4.000000  229.193405 -225.193405 (VIOLATED)
_59207_/RN                              4.000000  229.193405 -225.193405 (VIOLATED)
_59208_/RN                              4.000000  229.193405 -225.193405 (VIOLATED)
_59209_/RN                              4.000000  229.193405 -225.193405 (VIOLATED)
_59210_/RN                              4.000000  229.193405 -225.193405 (VIOLATED)
_59211_/RN                              4.000000  229.193405 -225.193405 (VIOLATED)
_59212_/RN                              4.000000  229.193405 -225.193405 (VIOLATED)
_59213_/RN                              4.000000  229.193405 -225.193405 (VIOLATED)
_59214_/RN                              4.000000  229.193405 -225.193405 (VIOLATED)
_59215_/RN                              4.000000  229.193405 -225.193405 (VIOLATED)
_59216_/RN                              4.000000  229.193405 -225.193405 (VIOLATED)
_59217_/RN                              4.000000  229.193405 -225.193405 (VIOLATED)
_59218_/RN                              4.000000  229.193405 -225.193405 (VIOLATED)
_59219_/RN                              4.000000  229.193405 -225.193405 (VIOLATED)
_59220_/RN                              4.000000  229.193405 -225.193405 (VIOLATED)
_59221_/RN                              4.000000  229.193405 -225.193405 (VIOLATED)
_59222_/RN                              4.000000  229.193405 -225.193405 (VIOLATED)
_59223_/RN                              4.000000  229.193405 -225.193405 (VIOLATED)
_59224_/RN                              4.000000  229.193405 -225.193405 (VIOLATED)
_59225_/RN                              4.000000  229.193405 -225.193405 (VIOLATED)
_59226_/RN                              4.000000  229.193405 -225.193405 (VIOLATED)
_59227_/RN                              4.000000  229.193405 -225.193405 (VIOLATED)
_59228_/RN                              4.000000  229.193405 -225.193405 (VIOLATED)
_59229_/RN                              4.000000  229.193405 -225.193405 (VIOLATED)
_59230_/RN                              4.000000  229.193405 -225.193405 (VIOLATED)
_59231_/RN                              4.000000  229.193405 -225.193405 (VIOLATED)
_59232_/RN                              4.000000  229.193405 -225.193405 (VIOLATED)
_59233_/RN                              4.000000  229.193405 -225.193405 (VIOLATED)
_59234_/RN                              4.000000  229.193405 -225.193405 (VIOLATED)
_59235_/RN                              4.000000  229.193405 -225.193405 (VIOLATED)
_59236_/RN                              4.000000  229.193405 -225.193405 (VIOLATED)
_59237_/RN                              4.000000  229.193405 -225.193405 (VIOLATED)
_59238_/RN                              4.000000  229.193405 -225.193405 (VIOLATED)
_59239_/RN                              4.000000  229.193405 -225.193405 (VIOLATED)
_59240_/RN                              4.000000  229.193405 -225.193405 (VIOLATED)
_59241_/RN                              4.000000  229.193405 -225.193405 (VIOLATED)
_59242_/RN                              4.000000  229.193405 -225.193405 (VIOLATED)
_59243_/RN                              4.000000  229.193405 -225.193405 (VIOLATED)
_59244_/RN                              4.000000  229.193405 -225.193405 (VIOLATED)
_59245_/RN                              4.000000  229.193405 -225.193405 (VIOLATED)
_59246_/RN                              4.000000  229.193405 -225.193405 (VIOLATED)
_59247_/RN                              4.000000  229.193405 -225.193405 (VIOLATED)
_59248_/RN                              4.000000  229.193405 -225.193405 (VIOLATED)
_59249_/RN                              4.000000  229.193405 -225.193405 (VIOLATED)
_59250_/RN                              4.000000  229.193405 -225.193405 (VIOLATED)
_59251_/RN                              4.000000  229.193405 -225.193405 (VIOLATED)
_59252_/RN                              4.000000  229.193405 -225.193405 (VIOLATED)
_59253_/RN                              4.000000  229.193405 -225.193405 (VIOLATED)
_59254_/RN                              4.000000  229.193405 -225.193405 (VIOLATED)
_59255_/RN                              4.000000  229.193405 -225.193405 (VIOLATED)
_59256_/RN                              4.000000  229.193405 -225.193405 (VIOLATED)
_59257_/RN                              4.000000  229.193405 -225.193405 (VIOLATED)
_59258_/RN                              4.000000  229.193405 -225.193405 (VIOLATED)
_59259_/RN                              4.000000  229.193405 -225.193405 (VIOLATED)
_59260_/RN                              4.000000  229.193405 -225.193405 (VIOLATED)
_59261_/RN                              4.000000  229.193405 -225.193405 (VIOLATED)
_59262_/RN                              4.000000  229.193405 -225.193405 (VIOLATED)
_59263_/RN                              4.000000  229.193405 -225.193405 (VIOLATED)
_59264_/RN                              4.000000  229.193405 -225.193405 (VIOLATED)
_59265_/RN                              4.000000  229.193405 -225.193405 (VIOLATED)
_59266_/RN                              4.000000  229.193405 -225.193405 (VIOLATED)
_59267_/RN                              4.000000  229.193405 -225.193405 (VIOLATED)
_59268_/RN                              4.000000  229.193405 -225.193405 (VIOLATED)
_59269_/RN                              4.000000  229.193405 -225.193405 (VIOLATED)
_59270_/RN                              4.000000  229.193405 -225.193405 (VIOLATED)
_59271_/RN                              4.000000  229.193405 -225.193405 (VIOLATED)
_59272_/RN                              4.000000  229.193405 -225.193405 (VIOLATED)
_59273_/RN                              4.000000  229.193405 -225.193405 (VIOLATED)
_59274_/RN                              4.000000  229.193405 -225.193405 (VIOLATED)
_59275_/RN                              4.000000  229.193405 -225.193405 (VIOLATED)
_59276_/RN                              4.000000  229.193405 -225.193405 (VIOLATED)
_59277_/RN                              4.000000  229.193405 -225.193405 (VIOLATED)
_59278_/RN                              4.000000  229.193405 -225.193405 (VIOLATED)
_59279_/RN                              4.000000  229.193405 -225.193405 (VIOLATED)
_59280_/RN                              4.000000  229.193405 -225.193405 (VIOLATED)
_59281_/RN                              4.000000  229.193405 -225.193405 (VIOLATED)
_59282_/RN                              4.000000  229.193405 -225.193405 (VIOLATED)
_59283_/RN                              4.000000  229.193405 -225.193405 (VIOLATED)
_59284_/RN                              4.000000  229.193405 -225.193405 (VIOLATED)
_59285_/RN                              4.000000  229.193405 -225.193405 (VIOLATED)
_59286_/RN                              4.000000  229.193405 -225.193405 (VIOLATED)
_59287_/RN                              4.000000  229.193405 -225.193405 (VIOLATED)
_59288_/RN                              4.000000  229.193405 -225.193405 (VIOLATED)
_59289_/RN                              4.000000  229.193405 -225.193405 (VIOLATED)
_59290_/RN                              4.000000  229.193405 -225.193405 (VIOLATED)
_59291_/RN                              4.000000  229.193405 -225.193405 (VIOLATED)
_59292_/RN                              4.000000  229.193405 -225.193405 (VIOLATED)
_59293_/RN                              4.000000  229.193405 -225.193405 (VIOLATED)
_59294_/RN                              4.000000  229.193405 -225.193405 (VIOLATED)
_59295_/RN                              4.000000  229.193405 -225.193405 (VIOLATED)
_59296_/RN                              4.000000  229.193405 -225.193405 (VIOLATED)
_59297_/RN                              4.000000  229.193405 -225.193405 (VIOLATED)
_59298_/RN                              4.000000  229.193405 -225.193405 (VIOLATED)
_59299_/RN                              4.000000  229.193405 -225.193405 (VIOLATED)
_59300_/RN                              4.000000  229.193405 -225.193405 (VIOLATED)
_59301_/RN                              4.000000  229.193405 -225.193405 (VIOLATED)
_59302_/RN                              4.000000  229.193405 -225.193405 (VIOLATED)
_59303_/RN                              4.000000  229.193405 -225.193405 (VIOLATED)
_59304_/RN                              4.000000  229.193405 -225.193405 (VIOLATED)
_59305_/RN                              4.000000  229.193405 -225.193405 (VIOLATED)
_59306_/RN                              4.000000  229.193405 -225.193405 (VIOLATED)
_59307_/RN                              4.000000  229.193405 -225.193405 (VIOLATED)
_59308_/RN                              4.000000  229.193405 -225.193405 (VIOLATED)
_59309_/RN                              4.000000  229.193405 -225.193405 (VIOLATED)
_59310_/RN                              4.000000  229.193405 -225.193405 (VIOLATED)
_59311_/RN                              4.000000  229.193405 -225.193405 (VIOLATED)
_59312_/RN                              4.000000  229.193405 -225.193405 (VIOLATED)
_59313_/RN                              4.000000  229.193405 -225.193405 (VIOLATED)
_59314_/RN                              4.000000  229.193405 -225.193405 (VIOLATED)
_59315_/RN                              4.000000  229.193405 -225.193405 (VIOLATED)
_59316_/RN                              4.000000  229.193405 -225.193405 (VIOLATED)
_59317_/RN                              4.000000  229.193405 -225.193405 (VIOLATED)
_59318_/RN                              4.000000  229.193405 -225.193405 (VIOLATED)
_59319_/RN                              4.000000  229.193405 -225.193405 (VIOLATED)
_59320_/RN                              4.000000  229.193405 -225.193405 (VIOLATED)
_59321_/RN                              4.000000  229.193405 -225.193405 (VIOLATED)
_59322_/RN                              4.000000  229.193405 -225.193405 (VIOLATED)
_59323_/RN                              4.000000  229.193405 -225.193405 (VIOLATED)
_59324_/RN                              4.000000  229.193405 -225.193405 (VIOLATED)
_59325_/RN                              4.000000  229.193405 -225.193405 (VIOLATED)
_59326_/RN                              4.000000  229.193405 -225.193405 (VIOLATED)
_59327_/RN                              4.000000  229.193405 -225.193405 (VIOLATED)
_59328_/RN                              4.000000  229.193405 -225.193405 (VIOLATED)
_59329_/RN                              4.000000  229.193405 -225.193405 (VIOLATED)
_59330_/RN                              4.000000  229.193405 -225.193405 (VIOLATED)
_59331_/RN                              4.000000  229.193405 -225.193405 (VIOLATED)
_59332_/RN                              4.000000  229.193405 -225.193405 (VIOLATED)
_59333_/RN                              4.000000  229.193405 -225.193405 (VIOLATED)
_59334_/RN                              4.000000  229.193405 -225.193405 (VIOLATED)
_59335_/RN                              4.000000  229.193405 -225.193405 (VIOLATED)
_59336_/RN                              4.000000  229.193405 -225.193405 (VIOLATED)
_59337_/RN                              4.000000  229.193405 -225.193405 (VIOLATED)
_59338_/RN                              4.000000  229.193405 -225.193405 (VIOLATED)
_59339_/RN                              4.000000  229.193405 -225.193405 (VIOLATED)
_59340_/RN                              4.000000  229.193405 -225.193405 (VIOLATED)
_59341_/RN                              4.000000  229.193405 -225.193405 (VIOLATED)
_59342_/SETN                            4.000000  229.193405 -225.193405 (VIOLATED)
_59343_/RN                              4.000000  229.193405 -225.193405 (VIOLATED)
_59344_/SETN                            4.000000  229.193405 -225.193405 (VIOLATED)
_59345_/SETN                            4.000000  229.193405 -225.193405 (VIOLATED)
_59346_/SETN                            4.000000  229.193405 -225.193405 (VIOLATED)
_59347_/RN                              4.000000  229.193405 -225.193405 (VIOLATED)
_59348_/RN                              4.000000  229.193405 -225.193405 (VIOLATED)
_59349_/RN                              4.000000  229.193405 -225.193405 (VIOLATED)
_59350_/RN                              4.000000  229.193405 -225.193405 (VIOLATED)
_59351_/RN                              4.000000  229.193405 -225.193405 (VIOLATED)
_59352_/RN                              4.000000  229.193405 -225.193405 (VIOLATED)
_59353_/RN                              4.000000  229.193405 -225.193405 (VIOLATED)
_59354_/SETN                            4.000000  229.193405 -225.193405 (VIOLATED)
_59355_/SETN                            4.000000  229.193405 -225.193405 (VIOLATED)
_59356_/RN                              4.000000  229.193405 -225.193405 (VIOLATED)
_59357_/RN                              4.000000  229.193405 -225.193405 (VIOLATED)
_59358_/RN                              4.000000  229.193405 -225.193405 (VIOLATED)
_59359_/RN                              4.000000  229.193405 -225.193405 (VIOLATED)
_59360_/RN                              4.000000  229.193405 -225.193405 (VIOLATED)
_59361_/RN                              4.000000  229.193405 -225.193405 (VIOLATED)
_59362_/RN                              4.000000  229.193405 -225.193405 (VIOLATED)
_59363_/RN                              4.000000  229.193405 -225.193405 (VIOLATED)
_59364_/RN                              4.000000  229.193405 -225.193405 (VIOLATED)
_59365_/RN                              4.000000  229.193405 -225.193405 (VIOLATED)
_59366_/RN                              4.000000  229.193405 -225.193405 (VIOLATED)
_59367_/RN                              4.000000  229.193405 -225.193405 (VIOLATED)
_59368_/RN                              4.000000  229.193405 -225.193405 (VIOLATED)
_59369_/RN                              4.000000  229.193405 -225.193405 (VIOLATED)
_59370_/RN                              4.000000  229.193405 -225.193405 (VIOLATED)
_59371_/RN                              4.000000  229.193405 -225.193405 (VIOLATED)
_59372_/RN                              4.000000  229.193405 -225.193405 (VIOLATED)
_59373_/RN                              4.000000  229.193405 -225.193405 (VIOLATED)
_59374_/RN                              4.000000  229.193405 -225.193405 (VIOLATED)
_59375_/RN                              4.000000  229.193405 -225.193405 (VIOLATED)
_59376_/RN                              4.000000  229.193405 -225.193405 (VIOLATED)
_59377_/RN                              4.000000  229.193405 -225.193405 (VIOLATED)
_59378_/RN                              4.000000  229.193405 -225.193405 (VIOLATED)
_59379_/RN                              4.000000  229.193405 -225.193405 (VIOLATED)
_59380_/RN                              4.000000  229.193405 -225.193405 (VIOLATED)
_59381_/RN                              4.000000  229.193405 -225.193405 (VIOLATED)
_59382_/RN                              4.000000  229.193405 -225.193405 (VIOLATED)
_59383_/RN                              4.000000  229.193405 -225.193405 (VIOLATED)
_59384_/RN                              4.000000  229.193405 -225.193405 (VIOLATED)
_59385_/RN                              4.000000  229.193405 -225.193405 (VIOLATED)
_59386_/RN                              4.000000  229.193405 -225.193405 (VIOLATED)
_59387_/RN                              4.000000  229.193405 -225.193405 (VIOLATED)
_59388_/RN                              4.000000  229.193405 -225.193405 (VIOLATED)
_59389_/RN                              4.000000  229.193405 -225.193405 (VIOLATED)
_59390_/RN                              4.000000  229.193405 -225.193405 (VIOLATED)
_59391_/RN                              4.000000  229.193405 -225.193405 (VIOLATED)
_59392_/RN                              4.000000  229.193405 -225.193405 (VIOLATED)
_59393_/RN                              4.000000  229.193405 -225.193405 (VIOLATED)
_59394_/RN                              4.000000  229.193405 -225.193405 (VIOLATED)
_59395_/RN                              4.000000  229.193405 -225.193405 (VIOLATED)
_59396_/RN                              4.000000  229.193405 -225.193405 (VIOLATED)
_59397_/RN                              4.000000  229.193405 -225.193405 (VIOLATED)
_59398_/RN                              4.000000  229.193405 -225.193405 (VIOLATED)
_59399_/RN                              4.000000  229.193405 -225.193405 (VIOLATED)
_59400_/RN                              4.000000  229.193405 -225.193405 (VIOLATED)
_59401_/RN                              4.000000  229.193405 -225.193405 (VIOLATED)
_59402_/RN                              4.000000  229.193405 -225.193405 (VIOLATED)
_59403_/RN                              4.000000  229.193405 -225.193405 (VIOLATED)
_59404_/RN                              4.000000  229.193405 -225.193405 (VIOLATED)
_59405_/RN                              4.000000  229.193405 -225.193405 (VIOLATED)
_59406_/RN                              4.000000  229.193405 -225.193405 (VIOLATED)
_59407_/RN                              4.000000  229.193405 -225.193405 (VIOLATED)
_59408_/RN                              4.000000  229.193405 -225.193405 (VIOLATED)
_59409_/RN                              4.000000  229.193405 -225.193405 (VIOLATED)
_59410_/RN                              4.000000  229.193405 -225.193405 (VIOLATED)
_59411_/RN                              4.000000  229.193405 -225.193405 (VIOLATED)
_59412_/RN                              4.000000  229.193405 -225.193405 (VIOLATED)
_59413_/RN                              4.000000  229.193405 -225.193405 (VIOLATED)
_59414_/SETN                            4.000000  229.193405 -225.193405 (VIOLATED)
_59415_/RN                              4.000000  229.193405 -225.193405 (VIOLATED)
_59416_/RN                              4.000000  229.193405 -225.193405 (VIOLATED)
_59417_/RN                              4.000000  229.193405 -225.193405 (VIOLATED)
_59418_/RN                              4.000000  229.193405 -225.193405 (VIOLATED)
_59419_/RN                              4.000000  229.193405 -225.193405 (VIOLATED)
_59420_/RN                              4.000000  229.193405 -225.193405 (VIOLATED)
_59421_/RN                              4.000000  229.193405 -225.193405 (VIOLATED)
_59422_/RN                              4.000000  229.193405 -225.193405 (VIOLATED)
_59423_/RN                              4.000000  229.193405 -225.193405 (VIOLATED)
_59424_/RN                              4.000000  229.193405 -225.193405 (VIOLATED)
_59425_/RN                              4.000000  229.193405 -225.193405 (VIOLATED)
_59426_/RN                              4.000000  229.193405 -225.193405 (VIOLATED)
_59427_/RN                              4.000000  229.193405 -225.193405 (VIOLATED)
_59428_/RN                              4.000000  229.193405 -225.193405 (VIOLATED)
_59429_/RN                              4.000000  229.193405 -225.193405 (VIOLATED)
_59430_/RN                              4.000000  229.193405 -225.193405 (VIOLATED)
_59431_/RN                              4.000000  229.193405 -225.193405 (VIOLATED)
_59432_/RN                              4.000000  229.193405 -225.193405 (VIOLATED)
_59433_/RN                              4.000000  229.193405 -225.193405 (VIOLATED)
_59434_/RN                              4.000000  229.193405 -225.193405 (VIOLATED)
_59435_/RN                              4.000000  229.193405 -225.193405 (VIOLATED)
_59436_/RN                              4.000000  229.193405 -225.193405 (VIOLATED)
_59437_/RN                              4.000000  229.193405 -225.193405 (VIOLATED)
_59438_/RN                              4.000000  229.193405 -225.193405 (VIOLATED)
_59439_/RN                              4.000000  229.193405 -225.193405 (VIOLATED)
_59440_/RN                              4.000000  229.193405 -225.193405 (VIOLATED)
_59441_/RN                              4.000000  229.193405 -225.193405 (VIOLATED)
_59442_/RN                              4.000000  229.193405 -225.193405 (VIOLATED)
_59443_/RN                              4.000000  229.193405 -225.193405 (VIOLATED)
_59444_/RN                              4.000000  229.193405 -225.193405 (VIOLATED)
_59445_/RN                              4.000000  229.193405 -225.193405 (VIOLATED)
_59446_/SETN                            4.000000  229.193405 -225.193405 (VIOLATED)
_59447_/RN                              4.000000  229.193405 -225.193405 (VIOLATED)
_59448_/RN                              4.000000  229.193405 -225.193405 (VIOLATED)
_59449_/RN                              4.000000  229.193405 -225.193405 (VIOLATED)
_59450_/RN                              4.000000  229.193405 -225.193405 (VIOLATED)
_59451_/RN                              4.000000  229.193405 -225.193405 (VIOLATED)
_59452_/RN                              4.000000  229.193405 -225.193405 (VIOLATED)
_59453_/RN                              4.000000  229.193405 -225.193405 (VIOLATED)
_59454_/RN                              4.000000  229.193405 -225.193405 (VIOLATED)
_59455_/RN                              4.000000  229.193405 -225.193405 (VIOLATED)
_59456_/RN                              4.000000  229.193405 -225.193405 (VIOLATED)
_59457_/RN                              4.000000  229.193405 -225.193405 (VIOLATED)
_59458_/RN                              4.000000  229.193405 -225.193405 (VIOLATED)
_59459_/RN                              4.000000  229.193405 -225.193405 (VIOLATED)
_59460_/RN                              4.000000  229.193405 -225.193405 (VIOLATED)
_59461_/RN                              4.000000  229.193405 -225.193405 (VIOLATED)
_59462_/RN                              4.000000  229.193405 -225.193405 (VIOLATED)
_59463_/RN                              4.000000  229.193405 -225.193405 (VIOLATED)
_59464_/RN                              4.000000  229.193405 -225.193405 (VIOLATED)
_59465_/RN                              4.000000  229.193405 -225.193405 (VIOLATED)
_59466_/RN                              4.000000  229.193405 -225.193405 (VIOLATED)
_59467_/RN                              4.000000  229.193405 -225.193405 (VIOLATED)
_59468_/RN                              4.000000  229.193405 -225.193405 (VIOLATED)
_59469_/RN                              4.000000  229.193405 -225.193405 (VIOLATED)
_59494_/RN                              4.000000  229.193405 -225.193405 (VIOLATED)
_59495_/RN                              4.000000  229.193405 -225.193405 (VIOLATED)
_59496_/RN                              4.000000  229.193405 -225.193405 (VIOLATED)
_59497_/RN                              4.000000  229.193405 -225.193405 (VIOLATED)
_59498_/RN                              4.000000  229.193405 -225.193405 (VIOLATED)
_59499_/RN                              4.000000  229.193405 -225.193405 (VIOLATED)
_59500_/RN                              4.000000  229.193405 -225.193405 (VIOLATED)
_59501_/RN                              4.000000  229.193405 -225.193405 (VIOLATED)
_59502_/RN                              4.000000  229.193405 -225.193405 (VIOLATED)
_59503_/RN                              4.000000  229.193405 -225.193405 (VIOLATED)
_59504_/RN                              4.000000  229.193405 -225.193405 (VIOLATED)
_59505_/SETN                            4.000000  229.193405 -225.193405 (VIOLATED)
_59506_/SETN                            4.000000  229.193405 -225.193405 (VIOLATED)
_59507_/RN                              4.000000  229.193405 -225.193405 (VIOLATED)
_59508_/RN                              4.000000  229.193405 -225.193405 (VIOLATED)
_59509_/RN                              4.000000  229.193405 -225.193405 (VIOLATED)
_59510_/RN                              4.000000  229.193405 -225.193405 (VIOLATED)
_59511_/RN                              4.000000  229.193405 -225.193405 (VIOLATED)
_59512_/RN                              4.000000  229.193405 -225.193405 (VIOLATED)
_59536_/RN                              4.000000  229.193405 -225.193405 (VIOLATED)
_59588_/RN                              4.000000  229.193405 -225.193405 (VIOLATED)
_59589_/RN                              4.000000  229.193405 -225.193405 (VIOLATED)
_59590_/RN                              4.000000  229.193405 -225.193405 (VIOLATED)
_59591_/RN                              4.000000  229.193405 -225.193405 (VIOLATED)
_59592_/RN                              4.000000  229.193405 -225.193405 (VIOLATED)
_59593_/RN                              4.000000  229.193405 -225.193405 (VIOLATED)
_59594_/RN                              4.000000  229.193405 -225.193405 (VIOLATED)
_59595_/SETN                            4.000000  229.193405 -225.193405 (VIOLATED)
_59596_/RN                              4.000000  229.193405 -225.193405 (VIOLATED)
_59597_/RN                              4.000000  229.193405 -225.193405 (VIOLATED)
_59598_/RN                              4.000000  229.193405 -225.193405 (VIOLATED)
_59599_/RN                              4.000000  229.193405 -225.193405 (VIOLATED)
_59600_/RN                              4.000000  229.193405 -225.193405 (VIOLATED)
_59601_/RN                              4.000000  229.193405 -225.193405 (VIOLATED)
_60005_/RN                              4.000000  229.193405 -225.193405 (VIOLATED)
_60006_/RN                              4.000000  229.193405 -225.193405 (VIOLATED)
_60007_/RN                              4.000000  229.193405 -225.193405 (VIOLATED)
_60008_/RN                              4.000000  229.193405 -225.193405 (VIOLATED)
_60009_/RN                              4.000000  229.193405 -225.193405 (VIOLATED)
_60274_/RN                              4.000000  229.193405 -225.193405 (VIOLATED)
_60275_/RN                              4.000000  229.193405 -225.193405 (VIOLATED)
_60276_/RN                              4.000000  229.193405 -225.193405 (VIOLATED)
_60277_/RN                              4.000000  229.193405 -225.193405 (VIOLATED)
_60278_/RN                              4.000000  229.193405 -225.193405 (VIOLATED)
_60279_/RN                              4.000000  229.193405 -225.193405 (VIOLATED)
_60280_/RN                              4.000000  229.193405 -225.193405 (VIOLATED)
_60281_/RN                              4.000000  229.193405 -225.193405 (VIOLATED)
_60282_/RN                              4.000000  229.193405 -225.193405 (VIOLATED)
_60283_/RN                              4.000000  229.193405 -225.193405 (VIOLATED)
_60284_/RN                              4.000000  229.193405 -225.193405 (VIOLATED)
_60285_/RN                              4.000000  229.193405 -225.193405 (VIOLATED)
_60286_/RN                              4.000000  229.193405 -225.193405 (VIOLATED)
_60287_/RN                              4.000000  229.193405 -225.193405 (VIOLATED)
_60288_/RN                              4.000000  229.193405 -225.193405 (VIOLATED)
_60289_/RN                              4.000000  229.193405 -225.193405 (VIOLATED)
_60290_/RN                              4.000000  229.193405 -225.193405 (VIOLATED)
_60291_/RN                              4.000000  229.193405 -225.193405 (VIOLATED)
_60292_/RN                              4.000000  229.193405 -225.193405 (VIOLATED)
_60293_/RN                              4.000000  229.193405 -225.193405 (VIOLATED)
_60294_/SETN                            4.000000  229.193405 -225.193405 (VIOLATED)
_60295_/RN                              4.000000  229.193405 -225.193405 (VIOLATED)
_60296_/RN                              4.000000  229.193405 -225.193405 (VIOLATED)
_60297_/RN                              4.000000  229.193405 -225.193405 (VIOLATED)
_60298_/RN                              4.000000  229.193405 -225.193405 (VIOLATED)
_60299_/RN                              4.000000  229.193405 -225.193405 (VIOLATED)
_60300_/RN                              4.000000  229.193405 -225.193405 (VIOLATED)
_60301_/RN                              4.000000  229.193405 -225.193405 (VIOLATED)
_60302_/RN                              4.000000  229.193405 -225.193405 (VIOLATED)
_60303_/RN                              4.000000  229.193405 -225.193405 (VIOLATED)
_60304_/RN                              4.000000  229.193405 -225.193405 (VIOLATED)
_60305_/RN                              4.000000  229.193405 -225.193405 (VIOLATED)
_60306_/RN                              4.000000  229.193405 -225.193405 (VIOLATED)
_60307_/SETN                            4.000000  229.193405 -225.193405 (VIOLATED)
_60308_/RN                              4.000000  229.193405 -225.193405 (VIOLATED)
_60309_/RN                              4.000000  229.193405 -225.193405 (VIOLATED)
_60310_/RN                              4.000000  229.193405 -225.193405 (VIOLATED)
_60311_/SETN                            4.000000  229.193405 -225.193405 (VIOLATED)
_60312_/RN                              4.000000  229.193405 -225.193405 (VIOLATED)
_60313_/RN                              4.000000  229.193405 -225.193405 (VIOLATED)
_60314_/SETN                            4.000000  229.193405 -225.193405 (VIOLATED)
_60315_/RN                              4.000000  229.193405 -225.193405 (VIOLATED)
_60316_/RN                              4.000000  229.193405 -225.193405 (VIOLATED)
_60317_/SETN                            4.000000  229.193405 -225.193405 (VIOLATED)
_60318_/RN                              4.000000  229.193405 -225.193405 (VIOLATED)
_60319_/RN                              4.000000  229.193405 -225.193405 (VIOLATED)
_60320_/SETN                            4.000000  229.193405 -225.193405 (VIOLATED)
_60321_/RN                              4.000000  229.193405 -225.193405 (VIOLATED)
_60322_/RN                              4.000000  229.193405 -225.193405 (VIOLATED)
_60323_/SETN                            4.000000  229.193405 -225.193405 (VIOLATED)
_60324_/RN                              4.000000  229.193405 -225.193405 (VIOLATED)
_60325_/RN                              4.000000  229.193405 -225.193405 (VIOLATED)
_60326_/SETN                            4.000000  229.193405 -225.193405 (VIOLATED)
_60327_/RN                              4.000000  229.193405 -225.193405 (VIOLATED)
_60328_/RN                              4.000000  229.193405 -225.193405 (VIOLATED)
_60329_/RN                              4.000000  229.193405 -225.193405 (VIOLATED)
_60330_/RN                              4.000000  229.193405 -225.193405 (VIOLATED)
_60331_/RN                              4.000000  229.193405 -225.193405 (VIOLATED)
_60332_/RN                              4.000000  229.193405 -225.193405 (VIOLATED)
_60333_/RN                              4.000000  229.193405 -225.193405 (VIOLATED)
_60334_/RN                              4.000000  229.193405 -225.193405 (VIOLATED)
_60335_/RN                              4.000000  229.193405 -225.193405 (VIOLATED)
_60336_/RN                              4.000000  229.193405 -225.193405 (VIOLATED)
_60337_/RN                              4.000000  229.193405 -225.193405 (VIOLATED)
_60338_/RN                              4.000000  229.193405 -225.193405 (VIOLATED)
_60339_/RN                              4.000000  229.193405 -225.193405 (VIOLATED)
_60340_/RN                              4.000000  229.193405 -225.193405 (VIOLATED)
_60341_/RN                              4.000000  229.193405 -225.193405 (VIOLATED)
_60342_/RN                              4.000000  229.193405 -225.193405 (VIOLATED)
_60343_/RN                              4.000000  229.193405 -225.193405 (VIOLATED)
_60344_/RN                              4.000000  229.193405 -225.193405 (VIOLATED)
_60345_/RN                              4.000000  229.193405 -225.193405 (VIOLATED)
_60346_/RN                              4.000000  229.193405 -225.193405 (VIOLATED)
_60347_/RN                              4.000000  229.193405 -225.193405 (VIOLATED)
_60348_/RN                              4.000000  229.193405 -225.193405 (VIOLATED)
_60349_/RN                              4.000000  229.193405 -225.193405 (VIOLATED)
_60350_/RN                              4.000000  229.193405 -225.193405 (VIOLATED)
_60351_/RN                              4.000000  229.193405 -225.193405 (VIOLATED)
_60352_/RN                              4.000000  229.193405 -225.193405 (VIOLATED)
_60353_/RN                              4.000000  229.193405 -225.193405 (VIOLATED)
_60354_/RN                              4.000000  229.193405 -225.193405 (VIOLATED)
_60355_/RN                              4.000000  229.193405 -225.193405 (VIOLATED)
_60356_/RN                              4.000000  229.193405 -225.193405 (VIOLATED)
_60357_/RN                              4.000000  229.193405 -225.193405 (VIOLATED)
_60358_/RN                              4.000000  229.193405 -225.193405 (VIOLATED)
_60359_/RN                              4.000000  229.193405 -225.193405 (VIOLATED)
_60360_/SETN                            4.000000  229.193405 -225.193405 (VIOLATED)
_60361_/RN                              4.000000  229.193405 -225.193405 (VIOLATED)
_60362_/RN                              4.000000  229.193405 -225.193405 (VIOLATED)
_60363_/RN                              4.000000  229.193405 -225.193405 (VIOLATED)
_60364_/RN                              4.000000  229.193405 -225.193405 (VIOLATED)
_60365_/RN                              4.000000  229.193405 -225.193405 (VIOLATED)
_60366_/RN                              4.000000  229.193405 -225.193405 (VIOLATED)
_60390_/RN                              4.000000  229.193405 -225.193405 (VIOLATED)
_60391_/RN                              4.000000  229.193405 -225.193405 (VIOLATED)
_60392_/RN                              4.000000  229.193405 -225.193405 (VIOLATED)
_60393_/RN                              4.000000  229.193405 -225.193405 (VIOLATED)
_60394_/RN                              4.000000  229.193405 -225.193405 (VIOLATED)
_60395_/RN                              4.000000  229.193405 -225.193405 (VIOLATED)
_60396_/RN                              4.000000  229.193405 -225.193405 (VIOLATED)
_60397_/RN                              4.000000  229.193405 -225.193405 (VIOLATED)
_60398_/RN                              4.000000  229.193405 -225.193405 (VIOLATED)
_60399_/RN                              4.000000  229.193405 -225.193405 (VIOLATED)
_60400_/RN                              4.000000  229.193405 -225.193405 (VIOLATED)
_60401_/RN                              4.000000  229.193405 -225.193405 (VIOLATED)
_60402_/RN                              4.000000  229.193405 -225.193405 (VIOLATED)
_60403_/RN                              4.000000  229.193405 -225.193405 (VIOLATED)
_60404_/RN                              4.000000  229.193405 -225.193405 (VIOLATED)
_60405_/RN                              4.000000  229.193405 -225.193405 (VIOLATED)
_60406_/RN                              4.000000  229.193405 -225.193405 (VIOLATED)
_60407_/RN                              4.000000  229.193405 -225.193405 (VIOLATED)
_60408_/RN                              4.000000  229.193405 -225.193405 (VIOLATED)
_60409_/RN                              4.000000  229.193405 -225.193405 (VIOLATED)
_60410_/RN                              4.000000  229.193405 -225.193405 (VIOLATED)
_60411_/RN                              4.000000  229.193405 -225.193405 (VIOLATED)
_60412_/RN                              4.000000  229.193405 -225.193405 (VIOLATED)
_60413_/RN                              4.000000  229.193405 -225.193405 (VIOLATED)
_60414_/RN                              4.000000  229.193405 -225.193405 (VIOLATED)
_60415_/RN                              4.000000  229.193405 -225.193405 (VIOLATED)
_60416_/RN                              4.000000  229.193405 -225.193405 (VIOLATED)
_60417_/RN                              4.000000  229.193405 -225.193405 (VIOLATED)
_60418_/RN                              4.000000  229.193405 -225.193405 (VIOLATED)
_60419_/RN                              4.000000  229.193405 -225.193405 (VIOLATED)
_60420_/RN                              4.000000  229.193405 -225.193405 (VIOLATED)
_60421_/RN                              4.000000  229.193405 -225.193405 (VIOLATED)
_60422_/RN                              4.000000  229.193405 -225.193405 (VIOLATED)
_60423_/RN                              4.000000  229.193405 -225.193405 (VIOLATED)
_60424_/RN                              4.000000  229.193405 -225.193405 (VIOLATED)
_60425_/RN                              4.000000  229.193405 -225.193405 (VIOLATED)
_60426_/RN                              4.000000  229.193405 -225.193405 (VIOLATED)
_60427_/RN                              4.000000  229.193405 -225.193405 (VIOLATED)
_60428_/RN                              4.000000  229.193405 -225.193405 (VIOLATED)
_60429_/RN                              4.000000  229.193405 -225.193405 (VIOLATED)
_60430_/RN                              4.000000  229.193405 -225.193405 (VIOLATED)
_60431_/RN                              4.000000  229.193405 -225.193405 (VIOLATED)
_60432_/RN                              4.000000  229.193405 -225.193405 (VIOLATED)
_60433_/RN                              4.000000  229.193405 -225.193405 (VIOLATED)
_60434_/RN                              4.000000  229.193405 -225.193405 (VIOLATED)
_60435_/RN                              4.000000  229.193405 -225.193405 (VIOLATED)
_60436_/RN                              4.000000  229.193405 -225.193405 (VIOLATED)
_60437_/RN                              4.000000  229.193405 -225.193405 (VIOLATED)
_60438_/RN                              4.000000  229.193405 -225.193405 (VIOLATED)
_60439_/RN                              4.000000  229.193405 -225.193405 (VIOLATED)
_60440_/RN                              4.000000  229.193405 -225.193405 (VIOLATED)
_60441_/RN                              4.000000  229.193405 -225.193405 (VIOLATED)
_60442_/RN                              4.000000  229.193405 -225.193405 (VIOLATED)
_60443_/RN                              4.000000  229.193405 -225.193405 (VIOLATED)
_60444_/RN                              4.000000  229.193405 -225.193405 (VIOLATED)
_60445_/RN                              4.000000  229.193405 -225.193405 (VIOLATED)
_60446_/RN                              4.000000  229.193405 -225.193405 (VIOLATED)
_60447_/RN                              4.000000  229.193405 -225.193405 (VIOLATED)
_60448_/RN                              4.000000  229.193405 -225.193405 (VIOLATED)
_60449_/RN                              4.000000  229.193405 -225.193405 (VIOLATED)
_60450_/RN                              4.000000  229.193405 -225.193405 (VIOLATED)
_60451_/RN                              4.000000  229.193405 -225.193405 (VIOLATED)
_60452_/RN                              4.000000  229.193405 -225.193405 (VIOLATED)
_60453_/RN                              4.000000  229.193405 -225.193405 (VIOLATED)
_60454_/RN                              4.000000  229.193405 -225.193405 (VIOLATED)
_60455_/RN                              4.000000  229.193405 -225.193405 (VIOLATED)
_60456_/RN                              4.000000  229.193405 -225.193405 (VIOLATED)
_60457_/RN                              4.000000  229.193405 -225.193405 (VIOLATED)
_60458_/RN                              4.000000  229.193405 -225.193405 (VIOLATED)
_60459_/RN                              4.000000  229.193405 -225.193405 (VIOLATED)
_60460_/RN                              4.000000  229.193405 -225.193405 (VIOLATED)
_60461_/RN                              4.000000  229.193405 -225.193405 (VIOLATED)
_60462_/RN                              4.000000  229.193405 -225.193405 (VIOLATED)
_60495_/SETN                            4.000000  229.193405 -225.193405 (VIOLATED)
_60503_/RN                              4.000000  229.193405 -225.193405 (VIOLATED)
_60504_/RN                              4.000000  229.193405 -225.193405 (VIOLATED)
_60505_/RN                              4.000000  229.193405 -225.193405 (VIOLATED)
_60506_/RN                              4.000000  229.193405 -225.193405 (VIOLATED)
_60507_/RN                              4.000000  229.193405 -225.193405 (VIOLATED)
_60508_/RN                              4.000000  229.193405 -225.193405 (VIOLATED)
_60509_/RN                              4.000000  229.193405 -225.193405 (VIOLATED)
_60510_/RN                              4.000000  229.193405 -225.193405 (VIOLATED)
_60511_/RN                              4.000000  229.193405 -225.193405 (VIOLATED)
_60512_/RN                              4.000000  229.193405 -225.193405 (VIOLATED)
_60513_/RN                              4.000000  229.193405 -225.193405 (VIOLATED)
_60514_/RN                              4.000000  229.193405 -225.193405 (VIOLATED)
_60515_/RN                              4.000000  229.193405 -225.193405 (VIOLATED)
_60516_/RN                              4.000000  229.193405 -225.193405 (VIOLATED)
_60517_/RN                              4.000000  229.193405 -225.193405 (VIOLATED)
_60518_/RN                              4.000000  229.193405 -225.193405 (VIOLATED)
_60519_/RN                              4.000000  229.193405 -225.193405 (VIOLATED)
_60520_/RN                              4.000000  229.193405 -225.193405 (VIOLATED)
_60521_/RN                              4.000000  229.193405 -225.193405 (VIOLATED)
_60522_/RN                              4.000000  229.193405 -225.193405 (VIOLATED)
_60523_/RN                              4.000000  229.193405 -225.193405 (VIOLATED)
_60524_/RN                              4.000000  229.193405 -225.193405 (VIOLATED)
_60525_/RN                              4.000000  229.193405 -225.193405 (VIOLATED)
_60526_/RN                              4.000000  229.193405 -225.193405 (VIOLATED)
_60527_/RN                              4.000000  229.193405 -225.193405 (VIOLATED)
_60528_/RN                              4.000000  229.193405 -225.193405 (VIOLATED)
_60529_/RN                              4.000000  229.193405 -225.193405 (VIOLATED)
_60530_/RN                              4.000000  229.193405 -225.193405 (VIOLATED)
_60531_/RN                              4.000000  229.193405 -225.193405 (VIOLATED)
_60532_/RN                              4.000000  229.193405 -225.193405 (VIOLATED)
_60533_/RN                              4.000000  229.193405 -225.193405 (VIOLATED)
_60534_/RN                              4.000000  229.193405 -225.193405 (VIOLATED)
_60535_/RN                              4.000000  229.193405 -225.193405 (VIOLATED)
_60536_/RN                              4.000000  229.193405 -225.193405 (VIOLATED)
_60537_/RN                              4.000000  229.193405 -225.193405 (VIOLATED)
_60538_/RN                              4.000000  229.193405 -225.193405 (VIOLATED)
_60539_/RN                              4.000000  229.193405 -225.193405 (VIOLATED)
_60540_/RN                              4.000000  229.193405 -225.193405 (VIOLATED)
_60541_/RN                              4.000000  229.193405 -225.193405 (VIOLATED)
_60542_/RN                              4.000000  229.193405 -225.193405 (VIOLATED)
_60543_/RN                              4.000000  229.193405 -225.193405 (VIOLATED)
_60544_/RN                              4.000000  229.193405 -225.193405 (VIOLATED)
_60545_/RN                              4.000000  229.193405 -225.193405 (VIOLATED)
_60546_/RN                              4.000000  229.193405 -225.193405 (VIOLATED)
_60547_/RN                              4.000000  229.193405 -225.193405 (VIOLATED)
_60548_/RN                              4.000000  229.193405 -225.193405 (VIOLATED)
_60549_/RN                              4.000000  229.193405 -225.193405 (VIOLATED)
_60550_/RN                              4.000000  229.193405 -225.193405 (VIOLATED)
_60551_/RN                              4.000000  229.193405 -225.193405 (VIOLATED)
_60552_/RN                              4.000000  229.193405 -225.193405 (VIOLATED)
_60553_/RN                              4.000000  229.193405 -225.193405 (VIOLATED)
_60554_/RN                              4.000000  229.193405 -225.193405 (VIOLATED)
_60555_/RN                              4.000000  229.193405 -225.193405 (VIOLATED)
_60556_/RN                              4.000000  229.193405 -225.193405 (VIOLATED)
_60557_/RN                              4.000000  229.193405 -225.193405 (VIOLATED)
_60558_/RN                              4.000000  229.193405 -225.193405 (VIOLATED)
_60559_/RN                              4.000000  229.193405 -225.193405 (VIOLATED)
_60560_/RN                              4.000000  229.193405 -225.193405 (VIOLATED)
_60561_/RN                              4.000000  229.193405 -225.193405 (VIOLATED)
_60562_/RN                              4.000000  229.193405 -225.193405 (VIOLATED)
_60563_/RN                              4.000000  229.193405 -225.193405 (VIOLATED)
_60564_/RN                              4.000000  229.193405 -225.193405 (VIOLATED)
_60565_/RN                              4.000000  229.193405 -225.193405 (VIOLATED)
_60566_/RN                              4.000000  229.193405 -225.193405 (VIOLATED)
_60567_/RN                              4.000000  229.193405 -225.193405 (VIOLATED)
_60568_/RN                              4.000000  229.193405 -225.193405 (VIOLATED)
_60569_/RN                              4.000000  229.193405 -225.193405 (VIOLATED)
_60570_/RN                              4.000000  229.193405 -225.193405 (VIOLATED)
_60571_/RN                              4.000000  229.193405 -225.193405 (VIOLATED)
_60572_/RN                              4.000000  229.193405 -225.193405 (VIOLATED)
_60573_/RN                              4.000000  229.193405 -225.193405 (VIOLATED)
_60574_/RN                              4.000000  229.193405 -225.193405 (VIOLATED)
_60575_/RN                              4.000000  229.193405 -225.193405 (VIOLATED)
_60576_/RN                              4.000000  229.193405 -225.193405 (VIOLATED)
_60577_/RN                              4.000000  229.193405 -225.193405 (VIOLATED)
_60578_/RN                              4.000000  229.193405 -225.193405 (VIOLATED)
_60579_/RN                              4.000000  229.193405 -225.193405 (VIOLATED)
_60580_/RN                              4.000000  229.193405 -225.193405 (VIOLATED)
_60581_/RN                              4.000000  229.193405 -225.193405 (VIOLATED)
_60582_/RN                              4.000000  229.193405 -225.193405 (VIOLATED)
_60583_/RN                              4.000000  229.193405 -225.193405 (VIOLATED)
_60584_/RN                              4.000000  229.193405 -225.193405 (VIOLATED)
_60585_/RN                              4.000000  229.193405 -225.193405 (VIOLATED)
_60586_/RN                              4.000000  229.193405 -225.193405 (VIOLATED)
_60587_/RN                              4.000000  229.193405 -225.193405 (VIOLATED)
_60588_/RN                              4.000000  229.193405 -225.193405 (VIOLATED)
_60589_/RN                              4.000000  229.193405 -225.193405 (VIOLATED)
_60590_/RN                              4.000000  229.193405 -225.193405 (VIOLATED)
_60591_/RN                              4.000000  229.193405 -225.193405 (VIOLATED)
_60592_/RN                              4.000000  229.193405 -225.193405 (VIOLATED)
_60593_/RN                              4.000000  229.193405 -225.193405 (VIOLATED)
_60594_/RN                              4.000000  229.193405 -225.193405 (VIOLATED)
_60595_/RN                              4.000000  229.193405 -225.193405 (VIOLATED)
_60596_/RN                              4.000000  229.193405 -225.193405 (VIOLATED)
_60597_/RN                              4.000000  229.193405 -225.193405 (VIOLATED)
_60598_/RN                              4.000000  229.193405 -225.193405 (VIOLATED)
_60599_/RN                              4.000000  229.193405 -225.193405 (VIOLATED)
_60600_/RN                              4.000000  229.193405 -225.193405 (VIOLATED)
_60601_/RN                              4.000000  229.193405 -225.193405 (VIOLATED)
_60602_/RN                              4.000000  229.193405 -225.193405 (VIOLATED)
_60603_/RN                              4.000000  229.193405 -225.193405 (VIOLATED)
_60604_/RN                              4.000000  229.193405 -225.193405 (VIOLATED)
_60605_/RN                              4.000000  229.193405 -225.193405 (VIOLATED)
_60606_/RN                              4.000000  229.193405 -225.193405 (VIOLATED)
_60607_/RN                              4.000000  229.193405 -225.193405 (VIOLATED)
_60608_/RN                              4.000000  229.193405 -225.193405 (VIOLATED)
_60609_/RN                              4.000000  229.193405 -225.193405 (VIOLATED)
_60610_/RN                              4.000000  229.193405 -225.193405 (VIOLATED)
_60611_/RN                              4.000000  229.193405 -225.193405 (VIOLATED)
_60612_/RN                              4.000000  229.193405 -225.193405 (VIOLATED)
_60613_/RN                              4.000000  229.193405 -225.193405 (VIOLATED)
_60614_/RN                              4.000000  229.193405 -225.193405 (VIOLATED)
_60615_/RN                              4.000000  229.193405 -225.193405 (VIOLATED)
_60616_/RN                              4.000000  229.193405 -225.193405 (VIOLATED)
_60617_/RN                              4.000000  229.193405 -225.193405 (VIOLATED)
_60618_/RN                              4.000000  229.193405 -225.193405 (VIOLATED)
_60619_/RN                              4.000000  229.193405 -225.193405 (VIOLATED)
_60620_/RN                              4.000000  229.193405 -225.193405 (VIOLATED)
_60621_/RN                              4.000000  229.193405 -225.193405 (VIOLATED)
_60622_/RN                              4.000000  229.193405 -225.193405 (VIOLATED)
_60623_/RN                              4.000000  229.193405 -225.193405 (VIOLATED)
_60624_/RN                              4.000000  229.193405 -225.193405 (VIOLATED)
_60625_/RN                              4.000000  229.193405 -225.193405 (VIOLATED)
_60626_/RN                              4.000000  229.193405 -225.193405 (VIOLATED)
_60627_/RN                              4.000000  229.193405 -225.193405 (VIOLATED)
_60628_/RN                              4.000000  229.193405 -225.193405 (VIOLATED)
_60629_/RN                              4.000000  229.193405 -225.193405 (VIOLATED)
_60630_/RN                              4.000000  229.193405 -225.193405 (VIOLATED)
_60631_/RN                              4.000000  229.193405 -225.193405 (VIOLATED)
_60632_/RN                              4.000000  229.193405 -225.193405 (VIOLATED)
_60633_/RN                              4.000000  229.193405 -225.193405 (VIOLATED)
_60634_/RN                              4.000000  229.193405 -225.193405 (VIOLATED)
_60635_/RN                              4.000000  229.193405 -225.193405 (VIOLATED)
_60636_/RN                              4.000000  229.193405 -225.193405 (VIOLATED)
_60637_/RN                              4.000000  229.193405 -225.193405 (VIOLATED)
_60638_/RN                              4.000000  229.193405 -225.193405 (VIOLATED)
_60639_/RN                              4.000000  229.193405 -225.193405 (VIOLATED)
_60640_/RN                              4.000000  229.193405 -225.193405 (VIOLATED)
_60641_/RN                              4.000000  229.193405 -225.193405 (VIOLATED)
_60642_/RN                              4.000000  229.193405 -225.193405 (VIOLATED)
_60643_/RN                              4.000000  229.193405 -225.193405 (VIOLATED)
_60644_/RN                              4.000000  229.193405 -225.193405 (VIOLATED)
_60645_/RN                              4.000000  229.193405 -225.193405 (VIOLATED)
_60646_/RN                              4.000000  229.193405 -225.193405 (VIOLATED)
_60647_/RN                              4.000000  229.193405 -225.193405 (VIOLATED)
_60648_/RN                              4.000000  229.193405 -225.193405 (VIOLATED)
_60649_/RN                              4.000000  229.193405 -225.193405 (VIOLATED)
_60650_/RN                              4.000000  229.193405 -225.193405 (VIOLATED)
_60706_/RN                              4.000000  229.193405 -225.193405 (VIOLATED)
_60707_/SETN                            4.000000  229.193405 -225.193405 (VIOLATED)
_60708_/SETN                            4.000000  229.193405 -225.193405 (VIOLATED)
_60709_/RN                              4.000000  229.193405 -225.193405 (VIOLATED)
_60710_/RN                              4.000000  229.193405 -225.193405 (VIOLATED)
_60711_/RN                              4.000000  229.193405 -225.193405 (VIOLATED)
_60712_/RN                              4.000000  229.193405 -225.193405 (VIOLATED)
_60713_/RN                              4.000000  229.193405 -225.193405 (VIOLATED)
_60714_/RN                              4.000000  229.193405 -225.193405 (VIOLATED)
_60715_/RN                              4.000000  229.193405 -225.193405 (VIOLATED)
_60728_/RN                              4.000000  229.193405 -225.193405 (VIOLATED)
_60729_/SETN                            4.000000  229.193405 -225.193405 (VIOLATED)
_60730_/SETN                            4.000000  229.193405 -225.193405 (VIOLATED)
_60731_/SETN                            4.000000  229.193405 -225.193405 (VIOLATED)
_60732_/SETN                            4.000000  229.193405 -225.193405 (VIOLATED)
_60733_/SETN                            4.000000  229.193405 -225.193405 (VIOLATED)
_60734_/SETN                            4.000000  229.193405 -225.193405 (VIOLATED)
_60735_/SETN                            4.000000  229.193405 -225.193405 (VIOLATED)
_60736_/SETN                            4.000000  229.193405 -225.193405 (VIOLATED)
_60737_/SETN                            4.000000  229.193405 -225.193405 (VIOLATED)
_60738_/SETN                            4.000000  229.193405 -225.193405 (VIOLATED)
_60739_/SETN                            4.000000  229.193405 -225.193405 (VIOLATED)
_60740_/SETN                            4.000000  229.193405 -225.193405 (VIOLATED)
_60741_/SETN                            4.000000  229.193405 -225.193405 (VIOLATED)
_60742_/SETN                            4.000000  229.193405 -225.193405 (VIOLATED)
_60743_/SETN                            4.000000  229.193405 -225.193405 (VIOLATED)
_60744_/SETN                            4.000000  229.193405 -225.193405 (VIOLATED)
_60745_/SETN                            4.000000  229.193405 -225.193405 (VIOLATED)
_60746_/SETN                            4.000000  229.193405 -225.193405 (VIOLATED)
_60747_/SETN                            4.000000  229.193405 -225.193405 (VIOLATED)
_60748_/SETN                            4.000000  229.193405 -225.193405 (VIOLATED)
_60749_/SETN                            4.000000  229.193405 -225.193405 (VIOLATED)
_60750_/SETN                            4.000000  229.193405 -225.193405 (VIOLATED)
_60751_/SETN                            4.000000  229.193405 -225.193405 (VIOLATED)
_60752_/SETN                            4.000000  229.193405 -225.193405 (VIOLATED)
_60753_/SETN                            4.000000  229.193405 -225.193405 (VIOLATED)
_60754_/SETN                            4.000000  229.193405 -225.193405 (VIOLATED)
_60755_/SETN                            4.000000  229.193405 -225.193405 (VIOLATED)
_60756_/SETN                            4.000000  229.193405 -225.193405 (VIOLATED)
_60757_/SETN                            4.000000  229.193405 -225.193405 (VIOLATED)
_60758_/SETN                            4.000000  229.193405 -225.193405 (VIOLATED)
_60759_/SETN                            4.000000  229.193405 -225.193405 (VIOLATED)
_60760_/SETN                            4.000000  229.193405 -225.193405 (VIOLATED)
_60761_/SETN                            4.000000  229.193405 -225.193405 (VIOLATED)
_60762_/SETN                            4.000000  229.193405 -225.193405 (VIOLATED)
_60763_/SETN                            4.000000  229.193405 -225.193405 (VIOLATED)
_60764_/SETN                            4.000000  229.193405 -225.193405 (VIOLATED)
_60765_/SETN                            4.000000  229.193405 -225.193405 (VIOLATED)
_60766_/SETN                            4.000000  229.193405 -225.193405 (VIOLATED)
_60767_/SETN                            4.000000  229.193405 -225.193405 (VIOLATED)
_60768_/SETN                            4.000000  229.193405 -225.193405 (VIOLATED)
_60769_/SETN                            4.000000  229.193405 -225.193405 (VIOLATED)
_60770_/SETN                            4.000000  229.193405 -225.193405 (VIOLATED)
_60771_/SETN                            4.000000  229.193405 -225.193405 (VIOLATED)
_60772_/SETN                            4.000000  229.193405 -225.193405 (VIOLATED)
_60773_/SETN                            4.000000  229.193405 -225.193405 (VIOLATED)
_60774_/SETN                            4.000000  229.193405 -225.193405 (VIOLATED)
_60775_/SETN                            4.000000  229.193405 -225.193405 (VIOLATED)
_60776_/SETN                            4.000000  229.193405 -225.193405 (VIOLATED)
_60777_/SETN                            4.000000  229.193405 -225.193405 (VIOLATED)
_60778_/SETN                            4.000000  229.193405 -225.193405 (VIOLATED)
_60779_/SETN                            4.000000  229.193405 -225.193405 (VIOLATED)
_60780_/SETN                            4.000000  229.193405 -225.193405 (VIOLATED)
_60781_/SETN                            4.000000  229.193405 -225.193405 (VIOLATED)
_60782_/SETN                            4.000000  229.193405 -225.193405 (VIOLATED)
_60783_/SETN                            4.000000  229.193405 -225.193405 (VIOLATED)
_60784_/SETN                            4.000000  229.193405 -225.193405 (VIOLATED)
_60785_/SETN                            4.000000  229.193405 -225.193405 (VIOLATED)
_60786_/SETN                            4.000000  229.193405 -225.193405 (VIOLATED)
_60787_/SETN                            4.000000  229.193405 -225.193405 (VIOLATED)
_60788_/SETN                            4.000000  229.193405 -225.193405 (VIOLATED)
_60789_/SETN                            4.000000  229.193405 -225.193405 (VIOLATED)
_60790_/SETN                            4.000000  229.193405 -225.193405 (VIOLATED)
_60791_/SETN                            4.000000  229.193405 -225.193405 (VIOLATED)
_60792_/SETN                            4.000000  229.193405 -225.193405 (VIOLATED)
_60793_/SETN                            4.000000  229.193405 -225.193405 (VIOLATED)
_60794_/SETN                            4.000000  229.193405 -225.193405 (VIOLATED)
_60795_/SETN                            4.000000  229.193405 -225.193405 (VIOLATED)
_60796_/SETN                            4.000000  229.193405 -225.193405 (VIOLATED)
_60797_/SETN                            4.000000  229.193405 -225.193405 (VIOLATED)
_60798_/SETN                            4.000000  229.193405 -225.193405 (VIOLATED)
_60799_/SETN                            4.000000  229.193405 -225.193405 (VIOLATED)
_60800_/SETN                            4.000000  229.193405 -225.193405 (VIOLATED)
_60801_/SETN                            4.000000  229.193405 -225.193405 (VIOLATED)
_60802_/SETN                            4.000000  229.193405 -225.193405 (VIOLATED)
_60803_/SETN                            4.000000  229.193405 -225.193405 (VIOLATED)
_60804_/SETN                            4.000000  229.193405 -225.193405 (VIOLATED)
_60805_/SETN                            4.000000  229.193405 -225.193405 (VIOLATED)
_60806_/SETN                            4.000000  229.193405 -225.193405 (VIOLATED)
_60807_/SETN                            4.000000  229.193405 -225.193405 (VIOLATED)
_60808_/SETN                            4.000000  229.193405 -225.193405 (VIOLATED)
_60809_/SETN                            4.000000  229.193405 -225.193405 (VIOLATED)
_60810_/SETN                            4.000000  229.193405 -225.193405 (VIOLATED)
_60811_/SETN                            4.000000  229.193405 -225.193405 (VIOLATED)
_60812_/SETN                            4.000000  229.193405 -225.193405 (VIOLATED)
_60813_/SETN                            4.000000  229.193405 -225.193405 (VIOLATED)
_60814_/SETN                            4.000000  229.193405 -225.193405 (VIOLATED)
_60815_/SETN                            4.000000  229.193405 -225.193405 (VIOLATED)
_60816_/SETN                            4.000000  229.193405 -225.193405 (VIOLATED)
_60817_/SETN                            4.000000  229.193405 -225.193405 (VIOLATED)
_60818_/SETN                            4.000000  229.193405 -225.193405 (VIOLATED)
_60819_/SETN                            4.000000  229.193405 -225.193405 (VIOLATED)
_60820_/SETN                            4.000000  229.193405 -225.193405 (VIOLATED)
_60821_/SETN                            4.000000  229.193405 -225.193405 (VIOLATED)
_60822_/SETN                            4.000000  229.193405 -225.193405 (VIOLATED)
_60823_/SETN                            4.000000  229.193405 -225.193405 (VIOLATED)
_60824_/SETN                            4.000000  229.193405 -225.193405 (VIOLATED)
_60825_/SETN                            4.000000  229.193405 -225.193405 (VIOLATED)
_60826_/SETN                            4.000000  229.193405 -225.193405 (VIOLATED)
_60827_/SETN                            4.000000  229.193405 -225.193405 (VIOLATED)
_60828_/SETN                            4.000000  229.193405 -225.193405 (VIOLATED)
_60829_/SETN                            4.000000  229.193405 -225.193405 (VIOLATED)
_60830_/SETN                            4.000000  229.193405 -225.193405 (VIOLATED)
_60831_/SETN                            4.000000  229.193405 -225.193405 (VIOLATED)
_60832_/SETN                            4.000000  229.193405 -225.193405 (VIOLATED)
_60833_/SETN                            4.000000  229.193405 -225.193405 (VIOLATED)
_60834_/SETN                            4.000000  229.193405 -225.193405 (VIOLATED)
_60835_/SETN                            4.000000  229.193405 -225.193405 (VIOLATED)
_60836_/SETN                            4.000000  229.193405 -225.193405 (VIOLATED)
_60837_/SETN                            4.000000  229.193405 -225.193405 (VIOLATED)
_60838_/SETN                            4.000000  229.193405 -225.193405 (VIOLATED)
_60839_/SETN                            4.000000  229.193405 -225.193405 (VIOLATED)
_60840_/SETN                            4.000000  229.193405 -225.193405 (VIOLATED)
_60841_/SETN                            4.000000  229.193405 -225.193405 (VIOLATED)
_60842_/SETN                            4.000000  229.193405 -225.193405 (VIOLATED)
_60843_/SETN                            4.000000  229.193405 -225.193405 (VIOLATED)
_60844_/SETN                            4.000000  229.193405 -225.193405 (VIOLATED)
_60845_/SETN                            4.000000  229.193405 -225.193405 (VIOLATED)
_60846_/SETN                            4.000000  229.193405 -225.193405 (VIOLATED)
_60847_/SETN                            4.000000  229.193405 -225.193405 (VIOLATED)
_60848_/SETN                            4.000000  229.193405 -225.193405 (VIOLATED)
_60849_/SETN                            4.000000  229.193405 -225.193405 (VIOLATED)
_60850_/SETN                            4.000000  229.193405 -225.193405 (VIOLATED)
_60851_/SETN                            4.000000  229.193405 -225.193405 (VIOLATED)
_60852_/SETN                            4.000000  229.193405 -225.193405 (VIOLATED)
_60853_/SETN                            4.000000  229.193405 -225.193405 (VIOLATED)
_60854_/SETN                            4.000000  229.193405 -225.193405 (VIOLATED)
_60855_/RN                              4.000000  229.193405 -225.193405 (VIOLATED)
_60856_/RN                              4.000000  229.193405 -225.193405 (VIOLATED)
_60857_/RN                              4.000000  229.193405 -225.193405 (VIOLATED)
_60858_/RN                              4.000000  229.193405 -225.193405 (VIOLATED)
_60859_/RN                              4.000000  229.193405 -225.193405 (VIOLATED)
_60860_/RN                              4.000000  229.193405 -225.193405 (VIOLATED)
_60861_/RN                              4.000000  229.193405 -225.193405 (VIOLATED)
_60862_/RN                              4.000000  229.193405 -225.193405 (VIOLATED)
_60863_/RN                              4.000000  229.193405 -225.193405 (VIOLATED)
_60864_/RN                              4.000000  229.193405 -225.193405 (VIOLATED)
_60865_/RN                              4.000000  229.193405 -225.193405 (VIOLATED)
_60866_/RN                              4.000000  229.193405 -225.193405 (VIOLATED)
_60867_/RN                              4.000000  229.193405 -225.193405 (VIOLATED)
_60868_/RN                              4.000000  229.193405 -225.193405 (VIOLATED)
_60869_/RN                              4.000000  229.193405 -225.193405 (VIOLATED)
_60870_/RN                              4.000000  229.193405 -225.193405 (VIOLATED)
_60871_/RN                              4.000000  229.193405 -225.193405 (VIOLATED)
_60872_/RN                              4.000000  229.193405 -225.193405 (VIOLATED)
_60873_/RN                              4.000000  229.193405 -225.193405 (VIOLATED)
_60874_/RN                              4.000000  229.193405 -225.193405 (VIOLATED)
_60875_/RN                              4.000000  229.193405 -225.193405 (VIOLATED)
_60876_/RN                              4.000000  229.193405 -225.193405 (VIOLATED)
_60877_/RN                              4.000000  229.193405 -225.193405 (VIOLATED)
_60878_/RN                              4.000000  229.193405 -225.193405 (VIOLATED)
_60879_/RN                              4.000000  229.193405 -225.193405 (VIOLATED)
_60880_/RN                              4.000000  229.193405 -225.193405 (VIOLATED)
_60881_/RN                              4.000000  229.193405 -225.193405 (VIOLATED)
_60882_/RN                              4.000000  229.193405 -225.193405 (VIOLATED)
_60883_/RN                              4.000000  229.193405 -225.193405 (VIOLATED)
_60884_/RN                              4.000000  229.193405 -225.193405 (VIOLATED)
_60885_/RN                              4.000000  229.193405 -225.193405 (VIOLATED)
_60886_/RN                              4.000000  229.193405 -225.193405 (VIOLATED)
_60887_/RN                              4.000000  229.193405 -225.193405 (VIOLATED)
_60888_/RN                              4.000000  229.193405 -225.193405 (VIOLATED)
_60889_/RN                              4.000000  229.193405 -225.193405 (VIOLATED)
_60890_/RN                              4.000000  229.193405 -225.193405 (VIOLATED)
_60891_/RN                              4.000000  229.193405 -225.193405 (VIOLATED)
_60892_/RN                              4.000000  229.193405 -225.193405 (VIOLATED)
_60893_/RN                              4.000000  229.193405 -225.193405 (VIOLATED)
_60894_/RN                              4.000000  229.193405 -225.193405 (VIOLATED)
_60895_/RN                              4.000000  229.193405 -225.193405 (VIOLATED)
_60896_/RN                              4.000000  229.193405 -225.193405 (VIOLATED)
_60897_/RN                              4.000000  229.193405 -225.193405 (VIOLATED)
_60898_/RN                              4.000000  229.193405 -225.193405 (VIOLATED)
_60899_/RN                              4.000000  229.193405 -225.193405 (VIOLATED)
_60900_/RN                              4.000000  229.193405 -225.193405 (VIOLATED)
_60901_/RN                              4.000000  229.193405 -225.193405 (VIOLATED)
_60902_/RN                              4.000000  229.193405 -225.193405 (VIOLATED)
_60903_/RN                              4.000000  229.193405 -225.193405 (VIOLATED)
_60904_/RN                              4.000000  229.193405 -225.193405 (VIOLATED)
_60905_/RN                              4.000000  229.193405 -225.193405 (VIOLATED)
_60906_/RN                              4.000000  229.193405 -225.193405 (VIOLATED)
_60907_/RN                              4.000000  229.193405 -225.193405 (VIOLATED)
_60908_/RN                              4.000000  229.193405 -225.193405 (VIOLATED)
_60909_/RN                              4.000000  229.193405 -225.193405 (VIOLATED)
_60910_/RN                              4.000000  229.193405 -225.193405 (VIOLATED)
_60911_/RN                              4.000000  229.193405 -225.193405 (VIOLATED)
_60912_/RN                              4.000000  229.193405 -225.193405 (VIOLATED)
_60913_/RN                              4.000000  229.193405 -225.193405 (VIOLATED)
_60914_/RN                              4.000000  229.193405 -225.193405 (VIOLATED)
_60915_/RN                              4.000000  229.193405 -225.193405 (VIOLATED)
_60916_/RN                              4.000000  229.193405 -225.193405 (VIOLATED)
_60917_/RN                              4.000000  229.193405 -225.193405 (VIOLATED)
_60918_/RN                              4.000000  229.193405 -225.193405 (VIOLATED)
_60919_/RN                              4.000000  229.193405 -225.193405 (VIOLATED)
_60920_/RN                              4.000000  229.193405 -225.193405 (VIOLATED)
_60921_/RN                              4.000000  229.193405 -225.193405 (VIOLATED)
_60922_/RN                              4.000000  229.193405 -225.193405 (VIOLATED)
_60923_/RN                              4.000000  229.193405 -225.193405 (VIOLATED)
_60924_/RN                              4.000000  229.193405 -225.193405 (VIOLATED)
_60925_/RN                              4.000000  229.193405 -225.193405 (VIOLATED)
_60926_/RN                              4.000000  229.193405 -225.193405 (VIOLATED)
_60927_/RN                              4.000000  229.193405 -225.193405 (VIOLATED)
_60928_/RN                              4.000000  229.193405 -225.193405 (VIOLATED)
_60929_/RN                              4.000000  229.193405 -225.193405 (VIOLATED)
_60930_/RN                              4.000000  229.193405 -225.193405 (VIOLATED)
_60931_/RN                              4.000000  229.193405 -225.193405 (VIOLATED)
_60932_/RN                              4.000000  229.193405 -225.193405 (VIOLATED)
_60933_/RN                              4.000000  229.193405 -225.193405 (VIOLATED)
_60934_/RN                              4.000000  229.193405 -225.193405 (VIOLATED)
_60935_/RN                              4.000000  229.193405 -225.193405 (VIOLATED)
_60936_/RN                              4.000000  229.193405 -225.193405 (VIOLATED)
_60937_/RN                              4.000000  229.193405 -225.193405 (VIOLATED)
_60938_/RN                              4.000000  229.193405 -225.193405 (VIOLATED)
_60939_/RN                              4.000000  229.193405 -225.193405 (VIOLATED)
_60940_/RN                              4.000000  229.193405 -225.193405 (VIOLATED)
_60941_/RN                              4.000000  229.193405 -225.193405 (VIOLATED)
_60942_/RN                              4.000000  229.193405 -225.193405 (VIOLATED)
_60943_/RN                              4.000000  229.193405 -225.193405 (VIOLATED)
_60944_/RN                              4.000000  229.193405 -225.193405 (VIOLATED)
_60945_/RN                              4.000000  229.193405 -225.193405 (VIOLATED)
_60946_/RN                              4.000000  229.193405 -225.193405 (VIOLATED)
_60947_/RN                              4.000000  229.193405 -225.193405 (VIOLATED)
_60948_/RN                              4.000000  229.193405 -225.193405 (VIOLATED)
_60949_/RN                              4.000000  229.193405 -225.193405 (VIOLATED)
_60950_/RN                              4.000000  229.193405 -225.193405 (VIOLATED)
_60951_/RN                              4.000000  229.193405 -225.193405 (VIOLATED)
_60952_/RN                              4.000000  229.193405 -225.193405 (VIOLATED)
_60953_/RN                              4.000000  229.193405 -225.193405 (VIOLATED)
_60954_/RN                              4.000000  229.193405 -225.193405 (VIOLATED)
_60955_/RN                              4.000000  229.193405 -225.193405 (VIOLATED)
_60956_/RN                              4.000000  229.193405 -225.193405 (VIOLATED)
_60957_/RN                              4.000000  229.193405 -225.193405 (VIOLATED)
_60958_/RN                              4.000000  229.193405 -225.193405 (VIOLATED)
_60959_/RN                              4.000000  229.193405 -225.193405 (VIOLATED)
_60960_/RN                              4.000000  229.193405 -225.193405 (VIOLATED)
_60961_/RN                              4.000000  229.193405 -225.193405 (VIOLATED)
_60962_/RN                              4.000000  229.193405 -225.193405 (VIOLATED)
_60963_/RN                              4.000000  229.193405 -225.193405 (VIOLATED)
_60964_/RN                              4.000000  229.193405 -225.193405 (VIOLATED)
_60965_/RN                              4.000000  229.193405 -225.193405 (VIOLATED)
_60966_/RN                              4.000000  229.193405 -225.193405 (VIOLATED)
_60967_/RN                              4.000000  229.193405 -225.193405 (VIOLATED)
_60968_/RN                              4.000000  229.193405 -225.193405 (VIOLATED)
_60969_/RN                              4.000000  229.193405 -225.193405 (VIOLATED)
_60970_/RN                              4.000000  229.193405 -225.193405 (VIOLATED)
_60971_/RN                              4.000000  229.193405 -225.193405 (VIOLATED)
_60972_/RN                              4.000000  229.193405 -225.193405 (VIOLATED)
_60973_/RN                              4.000000  229.193405 -225.193405 (VIOLATED)
_60974_/RN                              4.000000  229.193405 -225.193405 (VIOLATED)
_60975_/RN                              4.000000  229.193405 -225.193405 (VIOLATED)
_60976_/RN                              4.000000  229.193405 -225.193405 (VIOLATED)
_60977_/RN                              4.000000  229.193405 -225.193405 (VIOLATED)
_60978_/RN                              4.000000  229.193405 -225.193405 (VIOLATED)
_60979_/RN                              4.000000  229.193405 -225.193405 (VIOLATED)
_60980_/RN                              4.000000  229.193405 -225.193405 (VIOLATED)
_60981_/RN                              4.000000  229.193405 -225.193405 (VIOLATED)
_60982_/RN                              4.000000  229.193405 -225.193405 (VIOLATED)
_60983_/RN                              4.000000  229.193405 -225.193405 (VIOLATED)
_60984_/RN                              4.000000  229.193405 -225.193405 (VIOLATED)
_60985_/RN                              4.000000  229.193405 -225.193405 (VIOLATED)
_60986_/RN                              4.000000  229.193405 -225.193405 (VIOLATED)
_60987_/RN                              4.000000  229.193405 -225.193405 (VIOLATED)
_60988_/RN                              4.000000  229.193405 -225.193405 (VIOLATED)
_60989_/RN                              4.000000  229.193405 -225.193405 (VIOLATED)
_60990_/RN                              4.000000  229.193405 -225.193405 (VIOLATED)
_60991_/RN                              4.000000  229.193405 -225.193405 (VIOLATED)
_60992_/RN                              4.000000  229.193405 -225.193405 (VIOLATED)
_60993_/RN                              4.000000  229.193405 -225.193405 (VIOLATED)
_60994_/RN                              4.000000  229.193405 -225.193405 (VIOLATED)
_60995_/RN                              4.000000  229.193405 -225.193405 (VIOLATED)
_60996_/RN                              4.000000  229.193405 -225.193405 (VIOLATED)
_60997_/RN                              4.000000  229.193405 -225.193405 (VIOLATED)
_60998_/RN                              4.000000  229.193405 -225.193405 (VIOLATED)
_60999_/RN                              4.000000  229.193405 -225.193405 (VIOLATED)
_61000_/RN                              4.000000  229.193405 -225.193405 (VIOLATED)
_61001_/RN                              4.000000  229.193405 -225.193405 (VIOLATED)
_61002_/RN                              4.000000  229.193405 -225.193405 (VIOLATED)
_61003_/RN                              4.000000  229.193405 -225.193405 (VIOLATED)
_61004_/RN                              4.000000  229.193405 -225.193405 (VIOLATED)
_61005_/RN                              4.000000  229.193405 -225.193405 (VIOLATED)
_61006_/RN                              4.000000  229.193405 -225.193405 (VIOLATED)
_61007_/RN                              4.000000  229.193405 -225.193405 (VIOLATED)
_61008_/RN                              4.000000  229.193405 -225.193405 (VIOLATED)
_61009_/RN                              4.000000  229.193405 -225.193405 (VIOLATED)
_61010_/RN                              4.000000  229.193405 -225.193405 (VIOLATED)
_61011_/RN                              4.000000  229.193405 -225.193405 (VIOLATED)
_61012_/RN                              4.000000  229.193405 -225.193405 (VIOLATED)
_46728_/A4                              4.000000   83.483337  -79.483337 (VIOLATED)
_55570_/SETN                            4.000000   83.483337  -79.483337 (VIOLATED)
_55571_/SETN                            4.000000   83.483337  -79.483337 (VIOLATED)
_55572_/SETN                            4.000000   83.483337  -79.483337 (VIOLATED)
_55573_/SETN                            4.000000   83.483337  -79.483337 (VIOLATED)
_55574_/SETN                            4.000000   83.483337  -79.483337 (VIOLATED)
_55575_/SETN                            4.000000   83.483337  -79.483337 (VIOLATED)
_55576_/SETN                            4.000000   83.483337  -79.483337 (VIOLATED)
_55577_/SETN                            4.000000   83.483337  -79.483337 (VIOLATED)
_55578_/SETN                            4.000000   83.483337  -79.483337 (VIOLATED)
_55579_/SETN                            4.000000   83.483337  -79.483337 (VIOLATED)
_59343_/Q                               4.000000   83.483337  -79.483337 (VIOLATED)
_60010_/RN                              4.000000   83.483337  -79.483337 (VIOLATED)
_60011_/RN                              4.000000   83.483337  -79.483337 (VIOLATED)
_60012_/RN                              4.000000   83.483337  -79.483337 (VIOLATED)
_60013_/RN                              4.000000   83.483337  -79.483337 (VIOLATED)
_60014_/RN                              4.000000   83.483337  -79.483337 (VIOLATED)
_60015_/RN                              4.000000   83.483337  -79.483337 (VIOLATED)
_60016_/RN                              4.000000   83.483337  -79.483337 (VIOLATED)
_60017_/RN                              4.000000   83.483337  -79.483337 (VIOLATED)
_60018_/RN                              4.000000   83.483337  -79.483337 (VIOLATED)
_60019_/RN                              4.000000   83.483337  -79.483337 (VIOLATED)
_60020_/RN                              4.000000   83.483337  -79.483337 (VIOLATED)
_60021_/RN                              4.000000   83.483337  -79.483337 (VIOLATED)
_60022_/RN                              4.000000   83.483337  -79.483337 (VIOLATED)
_60023_/RN                              4.000000   83.483337  -79.483337 (VIOLATED)
_60024_/RN                              4.000000   83.483337  -79.483337 (VIOLATED)
_60025_/RN                              4.000000   83.483337  -79.483337 (VIOLATED)
_60026_/RN                              4.000000   83.483337  -79.483337 (VIOLATED)
_60027_/RN                              4.000000   83.483337  -79.483337 (VIOLATED)
_60028_/RN                              4.000000   83.483337  -79.483337 (VIOLATED)
_60029_/RN                              4.000000   83.483337  -79.483337 (VIOLATED)
_60030_/RN                              4.000000   83.483337  -79.483337 (VIOLATED)
_60031_/RN                              4.000000   83.483337  -79.483337 (VIOLATED)
_60032_/RN                              4.000000   83.483337  -79.483337 (VIOLATED)
_60033_/RN                              4.000000   83.483337  -79.483337 (VIOLATED)
_60034_/RN                              4.000000   83.483337  -79.483337 (VIOLATED)
_60035_/RN                              4.000000   83.483337  -79.483337 (VIOLATED)
_60036_/RN                              4.000000   83.483337  -79.483337 (VIOLATED)
_60037_/RN                              4.000000   83.483337  -79.483337 (VIOLATED)
_60038_/RN                              4.000000   83.483337  -79.483337 (VIOLATED)
_60039_/RN                              4.000000   83.483337  -79.483337 (VIOLATED)
_60040_/RN                              4.000000   83.483337  -79.483337 (VIOLATED)
_60041_/RN                              4.000000   83.483337  -79.483337 (VIOLATED)
_60042_/RN                              4.000000   83.483337  -79.483337 (VIOLATED)
_60043_/RN                              4.000000   83.483337  -79.483337 (VIOLATED)
_60044_/RN                              4.000000   83.483337  -79.483337 (VIOLATED)
_60045_/RN                              4.000000   83.483337  -79.483337 (VIOLATED)
_60046_/RN                              4.000000   83.483337  -79.483337 (VIOLATED)
_60047_/RN                              4.000000   83.483337  -79.483337 (VIOLATED)
_60048_/RN                              4.000000   83.483337  -79.483337 (VIOLATED)
_60049_/RN                              4.000000   83.483337  -79.483337 (VIOLATED)
_60050_/RN                              4.000000   83.483337  -79.483337 (VIOLATED)
_60051_/RN                              4.000000   83.483337  -79.483337 (VIOLATED)
_60052_/RN                              4.000000   83.483337  -79.483337 (VIOLATED)
_60053_/RN                              4.000000   83.483337  -79.483337 (VIOLATED)
_60054_/RN                              4.000000   83.483337  -79.483337 (VIOLATED)
_60055_/RN                              4.000000   83.483337  -79.483337 (VIOLATED)
_60056_/RN                              4.000000   83.483337  -79.483337 (VIOLATED)
_60057_/RN                              4.000000   83.483337  -79.483337 (VIOLATED)
_60058_/RN                              4.000000   83.483337  -79.483337 (VIOLATED)
_60059_/RN                              4.000000   83.483337  -79.483337 (VIOLATED)
_60060_/RN                              4.000000   83.483337  -79.483337 (VIOLATED)
_60061_/RN                              4.000000   83.483337  -79.483337 (VIOLATED)
_60062_/RN                              4.000000   83.483337  -79.483337 (VIOLATED)
_60063_/RN                              4.000000   83.483337  -79.483337 (VIOLATED)
_60064_/RN                              4.000000   83.483337  -79.483337 (VIOLATED)
_60065_/RN                              4.000000   83.483337  -79.483337 (VIOLATED)
_60066_/RN                              4.000000   83.483337  -79.483337 (VIOLATED)
_60067_/RN                              4.000000   83.483337  -79.483337 (VIOLATED)
_60068_/RN                              4.000000   83.483337  -79.483337 (VIOLATED)
_60069_/RN                              4.000000   83.483337  -79.483337 (VIOLATED)
_60070_/RN                              4.000000   83.483337  -79.483337 (VIOLATED)
_60071_/RN                              4.000000   83.483337  -79.483337 (VIOLATED)
_60072_/RN                              4.000000   83.483337  -79.483337 (VIOLATED)
_60073_/RN                              4.000000   83.483337  -79.483337 (VIOLATED)
_60074_/RN                              4.000000   83.483337  -79.483337 (VIOLATED)
_60075_/RN                              4.000000   83.483337  -79.483337 (VIOLATED)
_60076_/RN                              4.000000   83.483337  -79.483337 (VIOLATED)
_60077_/RN                              4.000000   83.483337  -79.483337 (VIOLATED)
_60078_/RN                              4.000000   83.483337  -79.483337 (VIOLATED)
_60079_/RN                              4.000000   83.483337  -79.483337 (VIOLATED)
_60080_/RN                              4.000000   83.483337  -79.483337 (VIOLATED)
_60081_/RN                              4.000000   83.483337  -79.483337 (VIOLATED)
_60082_/RN                              4.000000   83.483337  -79.483337 (VIOLATED)
_60083_/RN                              4.000000   83.483337  -79.483337 (VIOLATED)
_60084_/RN                              4.000000   83.483337  -79.483337 (VIOLATED)
_60085_/RN                              4.000000   83.483337  -79.483337 (VIOLATED)
_60086_/RN                              4.000000   83.483337  -79.483337 (VIOLATED)
_60087_/RN                              4.000000   83.483337  -79.483337 (VIOLATED)
_60088_/RN                              4.000000   83.483337  -79.483337 (VIOLATED)
_60089_/RN                              4.000000   83.483337  -79.483337 (VIOLATED)
_60090_/RN                              4.000000   83.483337  -79.483337 (VIOLATED)
_60091_/RN                              4.000000   83.483337  -79.483337 (VIOLATED)
_60092_/RN                              4.000000   83.483337  -79.483337 (VIOLATED)
_60093_/RN                              4.000000   83.483337  -79.483337 (VIOLATED)
_60094_/RN                              4.000000   83.483337  -79.483337 (VIOLATED)
_60095_/RN                              4.000000   83.483337  -79.483337 (VIOLATED)
_60096_/RN                              4.000000   83.483337  -79.483337 (VIOLATED)
_60097_/RN                              4.000000   83.483337  -79.483337 (VIOLATED)
_60098_/RN                              4.000000   83.483337  -79.483337 (VIOLATED)
_60099_/RN                              4.000000   83.483337  -79.483337 (VIOLATED)
_60100_/RN                              4.000000   83.483337  -79.483337 (VIOLATED)
_60101_/RN                              4.000000   83.483337  -79.483337 (VIOLATED)
_60102_/RN                              4.000000   83.483337  -79.483337 (VIOLATED)
_60103_/RN                              4.000000   83.483337  -79.483337 (VIOLATED)
_60104_/RN                              4.000000   83.483337  -79.483337 (VIOLATED)
_60105_/RN                              4.000000   83.483337  -79.483337 (VIOLATED)
_60106_/RN                              4.000000   83.483337  -79.483337 (VIOLATED)
_60107_/RN                              4.000000   83.483337  -79.483337 (VIOLATED)
_60108_/RN                              4.000000   83.483337  -79.483337 (VIOLATED)
_60109_/RN                              4.000000   83.483337  -79.483337 (VIOLATED)
_60110_/RN                              4.000000   83.483337  -79.483337 (VIOLATED)
_60111_/RN                              4.000000   83.483337  -79.483337 (VIOLATED)
_60112_/RN                              4.000000   83.483337  -79.483337 (VIOLATED)
_60113_/RN                              4.000000   83.483337  -79.483337 (VIOLATED)
_60114_/RN                              4.000000   83.483337  -79.483337 (VIOLATED)
_60115_/RN                              4.000000   83.483337  -79.483337 (VIOLATED)
_60116_/RN                              4.000000   83.483337  -79.483337 (VIOLATED)
_60117_/RN                              4.000000   83.483337  -79.483337 (VIOLATED)
_60118_/RN                              4.000000   83.483337  -79.483337 (VIOLATED)
_60119_/RN                              4.000000   83.483337  -79.483337 (VIOLATED)
_60120_/RN                              4.000000   83.483337  -79.483337 (VIOLATED)
_60121_/RN                              4.000000   83.483337  -79.483337 (VIOLATED)
_60122_/RN                              4.000000   83.483337  -79.483337 (VIOLATED)
_60123_/RN                              4.000000   83.483337  -79.483337 (VIOLATED)
_60124_/RN                              4.000000   83.483337  -79.483337 (VIOLATED)
_60125_/RN                              4.000000   83.483337  -79.483337 (VIOLATED)
_60126_/RN                              4.000000   83.483337  -79.483337 (VIOLATED)
_60127_/RN                              4.000000   83.483337  -79.483337 (VIOLATED)
_60128_/RN                              4.000000   83.483337  -79.483337 (VIOLATED)
_60129_/RN                              4.000000   83.483337  -79.483337 (VIOLATED)
_60130_/RN                              4.000000   83.483337  -79.483337 (VIOLATED)
_60131_/RN                              4.000000   83.483337  -79.483337 (VIOLATED)
_60132_/RN                              4.000000   83.483337  -79.483337 (VIOLATED)
_60133_/RN                              4.000000   83.483337  -79.483337 (VIOLATED)
_60134_/RN                              4.000000   83.483337  -79.483337 (VIOLATED)
_60135_/RN                              4.000000   83.483337  -79.483337 (VIOLATED)
_60136_/RN                              4.000000   83.483337  -79.483337 (VIOLATED)
_60137_/RN                              4.000000   83.483337  -79.483337 (VIOLATED)
_60138_/RN                              4.000000   83.483337  -79.483337 (VIOLATED)
_60139_/RN                              4.000000   83.483337  -79.483337 (VIOLATED)
_60140_/RN                              4.000000   83.483337  -79.483337 (VIOLATED)
_60141_/RN                              4.000000   83.483337  -79.483337 (VIOLATED)
_60142_/RN                              4.000000   83.483337  -79.483337 (VIOLATED)
_60143_/RN                              4.000000   83.483337  -79.483337 (VIOLATED)
_60144_/RN                              4.000000   83.483337  -79.483337 (VIOLATED)
_60145_/RN                              4.000000   83.483337  -79.483337 (VIOLATED)
_60146_/RN                              4.000000   83.483337  -79.483337 (VIOLATED)
_60147_/RN                              4.000000   83.483337  -79.483337 (VIOLATED)
_60148_/RN                              4.000000   83.483337  -79.483337 (VIOLATED)
_60149_/RN                              4.000000   83.483337  -79.483337 (VIOLATED)
_60150_/RN                              4.000000   83.483337  -79.483337 (VIOLATED)
_60151_/RN                              4.000000   83.483337  -79.483337 (VIOLATED)
_60152_/RN                              4.000000   83.483337  -79.483337 (VIOLATED)
_60153_/RN                              4.000000   83.483337  -79.483337 (VIOLATED)
_60154_/RN                              4.000000   83.483337  -79.483337 (VIOLATED)
_60155_/RN                              4.000000   83.483337  -79.483337 (VIOLATED)
_60156_/RN                              4.000000   83.483337  -79.483337 (VIOLATED)
_60157_/RN                              4.000000   83.483337  -79.483337 (VIOLATED)
_60158_/RN                              4.000000   83.483337  -79.483337 (VIOLATED)
_60159_/RN                              4.000000   83.483337  -79.483337 (VIOLATED)
_60160_/RN                              4.000000   83.483337  -79.483337 (VIOLATED)
_60161_/RN                              4.000000   83.483337  -79.483337 (VIOLATED)
_60162_/RN                              4.000000   83.483337  -79.483337 (VIOLATED)
_60163_/RN                              4.000000   83.483337  -79.483337 (VIOLATED)
_60164_/RN                              4.000000   83.483337  -79.483337 (VIOLATED)
_60165_/RN                              4.000000   83.483337  -79.483337 (VIOLATED)
_60166_/RN                              4.000000   83.483337  -79.483337 (VIOLATED)
_60167_/RN                              4.000000   83.483337  -79.483337 (VIOLATED)
_60168_/RN                              4.000000   83.483337  -79.483337 (VIOLATED)
_60169_/RN                              4.000000   83.483337  -79.483337 (VIOLATED)
_60170_/RN                              4.000000   83.483337  -79.483337 (VIOLATED)
_60171_/RN                              4.000000   83.483337  -79.483337 (VIOLATED)
_60172_/RN                              4.000000   83.483337  -79.483337 (VIOLATED)
_60173_/RN                              4.000000   83.483337  -79.483337 (VIOLATED)
_60174_/RN                              4.000000   83.483337  -79.483337 (VIOLATED)
_60175_/RN                              4.000000   83.483337  -79.483337 (VIOLATED)
_60176_/RN                              4.000000   83.483337  -79.483337 (VIOLATED)
_60177_/RN                              4.000000   83.483337  -79.483337 (VIOLATED)
_60178_/RN                              4.000000   83.483337  -79.483337 (VIOLATED)
_60179_/RN                              4.000000   83.483337  -79.483337 (VIOLATED)
_60180_/RN                              4.000000   83.483337  -79.483337 (VIOLATED)
_60181_/RN                              4.000000   83.483337  -79.483337 (VIOLATED)
_60182_/RN                              4.000000   83.483337  -79.483337 (VIOLATED)
_60183_/RN                              4.000000   83.483337  -79.483337 (VIOLATED)
_60184_/RN                              4.000000   83.483337  -79.483337 (VIOLATED)
_60185_/RN                              4.000000   83.483337  -79.483337 (VIOLATED)
_60186_/RN                              4.000000   83.483337  -79.483337 (VIOLATED)
_60187_/RN                              4.000000   83.483337  -79.483337 (VIOLATED)
_60188_/RN                              4.000000   83.483337  -79.483337 (VIOLATED)
_60189_/RN                              4.000000   83.483337  -79.483337 (VIOLATED)
_60190_/RN                              4.000000   83.483337  -79.483337 (VIOLATED)
_60191_/RN                              4.000000   83.483337  -79.483337 (VIOLATED)
_60192_/RN                              4.000000   83.483337  -79.483337 (VIOLATED)
_60193_/RN                              4.000000   83.483337  -79.483337 (VIOLATED)
_60194_/RN                              4.000000   83.483337  -79.483337 (VIOLATED)
_60195_/RN                              4.000000   83.483337  -79.483337 (VIOLATED)
_60196_/RN                              4.000000   83.483337  -79.483337 (VIOLATED)
_60197_/RN                              4.000000   83.483337  -79.483337 (VIOLATED)
_60198_/RN                              4.000000   83.483337  -79.483337 (VIOLATED)
_60199_/RN                              4.000000   83.483337  -79.483337 (VIOLATED)
_60200_/RN                              4.000000   83.483337  -79.483337 (VIOLATED)
_60201_/RN                              4.000000   83.483337  -79.483337 (VIOLATED)
_60202_/RN                              4.000000   83.483337  -79.483337 (VIOLATED)
_60203_/RN                              4.000000   83.483337  -79.483337 (VIOLATED)
_60204_/RN                              4.000000   83.483337  -79.483337 (VIOLATED)
_60205_/RN                              4.000000   83.483337  -79.483337 (VIOLATED)
_60206_/RN                              4.000000   83.483337  -79.483337 (VIOLATED)
_60207_/RN                              4.000000   83.483337  -79.483337 (VIOLATED)
_60208_/RN                              4.000000   83.483337  -79.483337 (VIOLATED)
_60209_/RN                              4.000000   83.483337  -79.483337 (VIOLATED)
_60210_/RN                              4.000000   83.483337  -79.483337 (VIOLATED)
_60211_/RN                              4.000000   83.483337  -79.483337 (VIOLATED)
_60212_/RN                              4.000000   83.483337  -79.483337 (VIOLATED)
_60213_/RN                              4.000000   83.483337  -79.483337 (VIOLATED)
_60214_/RN                              4.000000   83.483337  -79.483337 (VIOLATED)
_60215_/RN                              4.000000   83.483337  -79.483337 (VIOLATED)
_60216_/RN                              4.000000   83.483337  -79.483337 (VIOLATED)
_60217_/RN                              4.000000   83.483337  -79.483337 (VIOLATED)
_60218_/RN                              4.000000   83.483337  -79.483337 (VIOLATED)
_60219_/RN                              4.000000   83.483337  -79.483337 (VIOLATED)
_60220_/RN                              4.000000   83.483337  -79.483337 (VIOLATED)
_60221_/RN                              4.000000   83.483337  -79.483337 (VIOLATED)
_60222_/RN                              4.000000   83.483337  -79.483337 (VIOLATED)
_60223_/RN                              4.000000   83.483337  -79.483337 (VIOLATED)
_60224_/RN                              4.000000   83.483337  -79.483337 (VIOLATED)
_60225_/RN                              4.000000   83.483337  -79.483337 (VIOLATED)
_60226_/RN                              4.000000   83.483337  -79.483337 (VIOLATED)
_60227_/RN                              4.000000   83.483337  -79.483337 (VIOLATED)
_60228_/RN                              4.000000   83.483337  -79.483337 (VIOLATED)
_60229_/RN                              4.000000   83.483337  -79.483337 (VIOLATED)
_60230_/RN                              4.000000   83.483337  -79.483337 (VIOLATED)
_60231_/RN                              4.000000   83.483337  -79.483337 (VIOLATED)
_60232_/RN                              4.000000   83.483337  -79.483337 (VIOLATED)
_60233_/RN                              4.000000   83.483337  -79.483337 (VIOLATED)
_60234_/RN                              4.000000   83.483337  -79.483337 (VIOLATED)
_60235_/RN                              4.000000   83.483337  -79.483337 (VIOLATED)
_60236_/RN                              4.000000   83.483337  -79.483337 (VIOLATED)
_60237_/RN                              4.000000   83.483337  -79.483337 (VIOLATED)
_60238_/RN                              4.000000   83.483337  -79.483337 (VIOLATED)
_60239_/RN                              4.000000   83.483337  -79.483337 (VIOLATED)
_60240_/RN                              4.000000   83.483337  -79.483337 (VIOLATED)
_60241_/RN                              4.000000   83.483337  -79.483337 (VIOLATED)
_60242_/RN                              4.000000   83.483337  -79.483337 (VIOLATED)
_60243_/RN                              4.000000   83.483337  -79.483337 (VIOLATED)
_60244_/RN                              4.000000   83.483337  -79.483337 (VIOLATED)
_60245_/RN                              4.000000   83.483337  -79.483337 (VIOLATED)
_60246_/RN                              4.000000   83.483337  -79.483337 (VIOLATED)
_60247_/RN                              4.000000   83.483337  -79.483337 (VIOLATED)
_60248_/RN                              4.000000   83.483337  -79.483337 (VIOLATED)
_60249_/RN                              4.000000   83.483337  -79.483337 (VIOLATED)
_60250_/RN                              4.000000   83.483337  -79.483337 (VIOLATED)
_60251_/RN                              4.000000   83.483337  -79.483337 (VIOLATED)
_60252_/RN                              4.000000   83.483337  -79.483337 (VIOLATED)
_60253_/RN                              4.000000   83.483337  -79.483337 (VIOLATED)
_60254_/SETN                            4.000000   83.483337  -79.483337 (VIOLATED)
_60255_/RN                              4.000000   83.483337  -79.483337 (VIOLATED)
_60256_/RN                              4.000000   83.483337  -79.483337 (VIOLATED)
_60257_/RN                              4.000000   83.483337  -79.483337 (VIOLATED)
_60258_/RN                              4.000000   83.483337  -79.483337 (VIOLATED)
_60259_/RN                              4.000000   83.483337  -79.483337 (VIOLATED)
_60260_/RN                              4.000000   83.483337  -79.483337 (VIOLATED)
_60261_/RN                              4.000000   83.483337  -79.483337 (VIOLATED)
_60262_/RN                              4.000000   83.483337  -79.483337 (VIOLATED)
_60263_/RN                              4.000000   83.483337  -79.483337 (VIOLATED)
_60264_/RN                              4.000000   83.483337  -79.483337 (VIOLATED)
_60265_/RN                              4.000000   83.483337  -79.483337 (VIOLATED)
_60266_/RN                              4.000000   83.483337  -79.483337 (VIOLATED)
_60267_/RN                              4.000000   83.483337  -79.483337 (VIOLATED)
_60268_/RN                              4.000000   83.483337  -79.483337 (VIOLATED)
_60269_/RN                              4.000000   83.483337  -79.483337 (VIOLATED)
_60270_/RN                              4.000000   83.483337  -79.483337 (VIOLATED)
_60271_/RN                              4.000000   83.483337  -79.483337 (VIOLATED)
_60272_/RN                              4.000000   83.483337  -79.483337 (VIOLATED)
_60273_/SETN                            4.000000   83.483337  -79.483337 (VIOLATED)
_60367_/RN                              4.000000   83.483337  -79.483337 (VIOLATED)
_60368_/RN                              4.000000   83.483337  -79.483337 (VIOLATED)
_60369_/RN                              4.000000   83.483337  -79.483337 (VIOLATED)
_60545_/D                               4.000000   83.483337  -79.483337 (VIOLATED)
_60651_/RN                              4.000000   83.483337  -79.483337 (VIOLATED)
_60652_/RN                              4.000000   83.483337  -79.483337 (VIOLATED)
_60653_/RN                              4.000000   83.483337  -79.483337 (VIOLATED)
_60654_/RN                              4.000000   83.483337  -79.483337 (VIOLATED)
_60655_/RN                              4.000000   83.483337  -79.483337 (VIOLATED)
_60656_/RN                              4.000000   83.483337  -79.483337 (VIOLATED)
_60657_/RN                              4.000000   83.483337  -79.483337 (VIOLATED)
_60658_/RN                              4.000000   83.483337  -79.483337 (VIOLATED)
_60659_/RN                              4.000000   83.483337  -79.483337 (VIOLATED)
_60660_/RN                              4.000000   83.483337  -79.483337 (VIOLATED)
_60661_/RN                              4.000000   83.483337  -79.483337 (VIOLATED)
_60662_/RN                              4.000000   83.483337  -79.483337 (VIOLATED)
_60663_/RN                              4.000000   83.483337  -79.483337 (VIOLATED)
_60664_/RN                              4.000000   83.483337  -79.483337 (VIOLATED)
_60665_/RN                              4.000000   83.483337  -79.483337 (VIOLATED)
_60666_/RN                              4.000000   83.483337  -79.483337 (VIOLATED)
_60667_/RN                              4.000000   83.483337  -79.483337 (VIOLATED)
_60668_/RN                              4.000000   83.483337  -79.483337 (VIOLATED)
_60669_/RN                              4.000000   83.483337  -79.483337 (VIOLATED)
_60670_/RN                              4.000000   83.483337  -79.483337 (VIOLATED)
_60671_/RN                              4.000000   83.483337  -79.483337 (VIOLATED)
_60672_/RN                              4.000000   83.483337  -79.483337 (VIOLATED)
_60673_/RN                              4.000000   83.483337  -79.483337 (VIOLATED)
_60674_/RN                              4.000000   83.483337  -79.483337 (VIOLATED)
_60675_/RN                              4.000000   83.483337  -79.483337 (VIOLATED)
_60676_/RN                              4.000000   83.483337  -79.483337 (VIOLATED)
_60677_/RN                              4.000000   83.483337  -79.483337 (VIOLATED)
_60678_/RN                              4.000000   83.483337  -79.483337 (VIOLATED)
_60679_/RN                              4.000000   83.483337  -79.483337 (VIOLATED)
_60680_/RN                              4.000000   83.483337  -79.483337 (VIOLATED)
_60681_/RN                              4.000000   83.483337  -79.483337 (VIOLATED)
_60682_/RN                              4.000000   83.483337  -79.483337 (VIOLATED)
_60683_/RN                              4.000000   83.483337  -79.483337 (VIOLATED)
_60684_/RN                              4.000000   83.483337  -79.483337 (VIOLATED)
_60685_/RN                              4.000000   83.483337  -79.483337 (VIOLATED)
_60686_/RN                              4.000000   83.483337  -79.483337 (VIOLATED)
_60687_/RN                              4.000000   83.483337  -79.483337 (VIOLATED)
_60688_/RN                              4.000000   83.483337  -79.483337 (VIOLATED)
_60689_/RN                              4.000000   83.483337  -79.483337 (VIOLATED)
_60690_/RN                              4.000000   83.483337  -79.483337 (VIOLATED)
_60691_/SETN                            4.000000   83.483337  -79.483337 (VIOLATED)
_60692_/SETN                            4.000000   83.483337  -79.483337 (VIOLATED)
_60693_/SETN                            4.000000   83.483337  -79.483337 (VIOLATED)
_60694_/SETN                            4.000000   83.483337  -79.483337 (VIOLATED)
_60695_/SETN                            4.000000   83.483337  -79.483337 (VIOLATED)
_60696_/RN                              4.000000   83.483337  -79.483337 (VIOLATED)
_60697_/RN                              4.000000   83.483337  -79.483337 (VIOLATED)
_60698_/SETN                            4.000000   83.483337  -79.483337 (VIOLATED)
_60699_/SETN                            4.000000   83.483337  -79.483337 (VIOLATED)
_60700_/RN                              4.000000   83.483337  -79.483337 (VIOLATED)
_60701_/SETN                            4.000000   83.483337  -79.483337 (VIOLATED)
_60716_/RN                              4.000000   83.483337  -79.483337 (VIOLATED)
_60717_/RN                              4.000000   83.483337  -79.483337 (VIOLATED)
_60718_/RN                              4.000000   83.483337  -79.483337 (VIOLATED)
_60719_/RN                              4.000000   83.483337  -79.483337 (VIOLATED)
_61013_/RN                              4.000000   83.483337  -79.483337 (VIOLATED)
_61014_/RN                              4.000000   83.483337  -79.483337 (VIOLATED)
_61015_/RN                              4.000000   83.483337  -79.483337 (VIOLATED)
_61016_/RN                              4.000000   83.483337  -79.483337 (VIOLATED)
_61017_/RN                              4.000000   83.483337  -79.483337 (VIOLATED)
_61018_/RN                              4.000000   83.483337  -79.483337 (VIOLATED)
_61019_/RN                              4.000000   83.483337  -79.483337 (VIOLATED)
_61020_/RN                              4.000000   83.483337  -79.483337 (VIOLATED)
_61021_/RN                              4.000000   83.483337  -79.483337 (VIOLATED)
_61022_/RN                              4.000000   83.483337  -79.483337 (VIOLATED)
_61023_/RN                              4.000000   83.483337  -79.483337 (VIOLATED)
_61024_/RN                              4.000000   83.483337  -79.483337 (VIOLATED)
_61025_/RN                              4.000000   83.483337  -79.483337 (VIOLATED)
_61026_/RN                              4.000000   83.483337  -79.483337 (VIOLATED)
_61027_/RN                              4.000000   83.483337  -79.483337 (VIOLATED)
_61028_/RN                              4.000000   83.483337  -79.483337 (VIOLATED)
_61029_/RN                              4.000000   83.483337  -79.483337 (VIOLATED)
_61030_/RN                              4.000000   83.483337  -79.483337 (VIOLATED)
_61031_/RN                              4.000000   83.483337  -79.483337 (VIOLATED)
_61032_/RN                              4.000000   83.483337  -79.483337 (VIOLATED)
_61033_/RN                              4.000000   83.483337  -79.483337 (VIOLATED)
_61034_/RN                              4.000000   83.483337  -79.483337 (VIOLATED)
_61035_/RN                              4.000000   83.483337  -79.483337 (VIOLATED)
_61036_/RN                              4.000000   83.483337  -79.483337 (VIOLATED)
_61037_/RN                              4.000000   83.483337  -79.483337 (VIOLATED)
_61038_/RN                              4.000000   83.483337  -79.483337 (VIOLATED)
_61039_/RN                              4.000000   83.483337  -79.483337 (VIOLATED)
_61040_/RN                              4.000000   83.483337  -79.483337 (VIOLATED)
_61041_/RN                              4.000000   83.483337  -79.483337 (VIOLATED)
_61042_/RN                              4.000000   83.483337  -79.483337 (VIOLATED)
_61043_/RN                              4.000000   83.483337  -79.483337 (VIOLATED)
_61044_/RN                              4.000000   83.483337  -79.483337 (VIOLATED)
_61045_/RN                              4.000000   83.483337  -79.483337 (VIOLATED)
_61046_/RN                              4.000000   83.483337  -79.483337 (VIOLATED)
_61047_/RN                              4.000000   83.483337  -79.483337 (VIOLATED)
_61048_/RN                              4.000000   83.483337  -79.483337 (VIOLATED)
_61049_/RN                              4.000000   83.483337  -79.483337 (VIOLATED)
_61050_/RN                              4.000000   83.483337  -79.483337 (VIOLATED)
_61051_/RN                              4.000000   83.483337  -79.483337 (VIOLATED)
_61052_/RN                              4.000000   83.483337  -79.483337 (VIOLATED)
_61053_/RN                              4.000000   83.483337  -79.483337 (VIOLATED)
_61054_/RN                              4.000000   83.483337  -79.483337 (VIOLATED)
_61055_/RN                              4.000000   83.483337  -79.483337 (VIOLATED)
_61056_/RN                              4.000000   83.483337  -79.483337 (VIOLATED)
_61057_/RN                              4.000000   83.483337  -79.483337 (VIOLATED)
_61058_/RN                              4.000000   83.483337  -79.483337 (VIOLATED)
_61059_/RN                              4.000000   83.483337  -79.483337 (VIOLATED)
_61060_/RN                              4.000000   83.483337  -79.483337 (VIOLATED)
_61061_/RN                              4.000000   83.483337  -79.483337 (VIOLATED)
_61062_/RN                              4.000000   83.483337  -79.483337 (VIOLATED)
_61063_/RN                              4.000000   83.483337  -79.483337 (VIOLATED)
_61064_/RN                              4.000000   83.483337  -79.483337 (VIOLATED)
_61065_/RN                              4.000000   83.483337  -79.483337 (VIOLATED)
_61066_/RN                              4.000000   83.483337  -79.483337 (VIOLATED)
_61067_/RN                              4.000000   83.483337  -79.483337 (VIOLATED)
_61068_/RN                              4.000000   83.483337  -79.483337 (VIOLATED)
_61069_/RN                              4.000000   83.483337  -79.483337 (VIOLATED)
_61070_/RN                              4.000000   83.483337  -79.483337 (VIOLATED)
_61071_/RN                              4.000000   83.483337  -79.483337 (VIOLATED)
_61072_/RN                              4.000000   83.483337  -79.483337 (VIOLATED)
_61073_/RN                              4.000000   83.483337  -79.483337 (VIOLATED)
_61074_/RN                              4.000000   83.483337  -79.483337 (VIOLATED)
_61075_/RN                              4.000000   83.483337  -79.483337 (VIOLATED)
_61076_/RN                              4.000000   83.483337  -79.483337 (VIOLATED)
_61077_/RN                              4.000000   83.483337  -79.483337 (VIOLATED)
_61078_/RN                              4.000000   83.483337  -79.483337 (VIOLATED)
_61079_/RN                              4.000000   83.483337  -79.483337 (VIOLATED)
_61080_/RN                              4.000000   83.483337  -79.483337 (VIOLATED)
_61081_/RN                              4.000000   83.483337  -79.483337 (VIOLATED)
_61082_/RN                              4.000000   83.483337  -79.483337 (VIOLATED)
_61083_/RN                              4.000000   83.483337  -79.483337 (VIOLATED)
_36439_/ZN                              4.000000   44.585541  -40.585541 (VIOLATED)
_36440_/A2                              4.000000   44.585541  -40.585541 (VIOLATED)
_36514_/A2                              4.000000   44.585541  -40.585541 (VIOLATED)
_36708_/A1                              4.000000   44.585541  -40.585541 (VIOLATED)
_43049_/A2                              4.000000   44.585541  -40.585541 (VIOLATED)
_43146_/A2                              4.000000   44.585541  -40.585541 (VIOLATED)
_43312_/A2                              4.000000   44.585541  -40.585541 (VIOLATED)
_43372_/A2                              4.000000   44.585541  -40.585541 (VIOLATED)
_43415_/A2                              4.000000   44.585541  -40.585541 (VIOLATED)
_51320_/I                               4.000000   44.585541  -40.585541 (VIOLATED)
_52921_/I                               4.000000   44.585541  -40.585541 (VIOLATED)
_47119_/ZN                              4.000000   32.533978  -28.533976 (VIOLATED)
_47121_/A1                              4.000000   32.533978  -28.533976 (VIOLATED)
_47148_/I                               4.000000   32.533978  -28.533976 (VIOLATED)
_47327_/A2                              4.000000   32.533978  -28.533976 (VIOLATED)
_55512_/A2                              4.000000   32.533978  -28.533976 (VIOLATED)
_36725_/ZN                              4.000000   32.214008  -28.214008 (VIOLATED)
_36726_/I                               4.000000   32.214008  -28.214008 (VIOLATED)
_36760_/I                               4.000000   32.214008  -28.214008 (VIOLATED)
_51319_/ZN                              4.000000   30.244669  -26.244667 (VIOLATED)
_51322_/A1                              4.000000   30.244669  -26.244667 (VIOLATED)
_51419_/ZN                              4.000000   30.244669  -26.244667 (VIOLATED)
_51421_/A1                              4.000000   30.244669  -26.244667 (VIOLATED)
_51515_/ZN                              4.000000   30.244669  -26.244667 (VIOLATED)
_51517_/A1                              4.000000   30.244669  -26.244667 (VIOLATED)
_51611_/ZN                              4.000000   30.244669  -26.244667 (VIOLATED)
_51613_/A1                              4.000000   30.244669  -26.244667 (VIOLATED)
_51708_/ZN                              4.000000   30.244669  -26.244667 (VIOLATED)
_51710_/A1                              4.000000   30.244669  -26.244667 (VIOLATED)
_51804_/ZN                              4.000000   30.244669  -26.244667 (VIOLATED)
_51806_/A1                              4.000000   30.244669  -26.244667 (VIOLATED)
_51901_/ZN                              4.000000   30.244669  -26.244667 (VIOLATED)
_51903_/A1                              4.000000   30.244669  -26.244667 (VIOLATED)
_51999_/ZN                              4.000000   30.244669  -26.244667 (VIOLATED)
_52001_/A1                              4.000000   30.244669  -26.244667 (VIOLATED)
_52100_/ZN                              4.000000   30.244669  -26.244667 (VIOLATED)
_52102_/A1                              4.000000   30.244669  -26.244667 (VIOLATED)
_52196_/ZN                              4.000000   30.244669  -26.244667 (VIOLATED)
_52198_/A1                              4.000000   30.244669  -26.244667 (VIOLATED)
_52293_/ZN                              4.000000   30.244669  -26.244667 (VIOLATED)
_52295_/A1                              4.000000   30.244669  -26.244667 (VIOLATED)
_52389_/ZN                              4.000000   30.244669  -26.244667 (VIOLATED)
_52391_/A1                              4.000000   30.244669  -26.244667 (VIOLATED)
_52485_/ZN                              4.000000   30.244669  -26.244667 (VIOLATED)
_52487_/A1                              4.000000   30.244669  -26.244667 (VIOLATED)
_52581_/ZN                              4.000000   30.244669  -26.244667 (VIOLATED)
_52583_/A1                              4.000000   30.244669  -26.244667 (VIOLATED)
_52677_/ZN                              4.000000   30.244669  -26.244667 (VIOLATED)
_52679_/A1                              4.000000   30.244669  -26.244667 (VIOLATED)
_52798_/ZN                              4.000000   30.244669  -26.244667 (VIOLATED)
_52800_/A1                              4.000000   30.244669  -26.244667 (VIOLATED)
_52920_/ZN                              4.000000   30.244669  -26.244667 (VIOLATED)
_52923_/A1                              4.000000   30.244669  -26.244667 (VIOLATED)
_53017_/ZN                              4.000000   30.244669  -26.244667 (VIOLATED)
_53019_/A1                              4.000000   30.244669  -26.244667 (VIOLATED)
_53113_/ZN                              4.000000   30.244669  -26.244667 (VIOLATED)
_53115_/A1                              4.000000   30.244669  -26.244667 (VIOLATED)
_53209_/ZN                              4.000000   30.244669  -26.244667 (VIOLATED)
_53211_/A1                              4.000000   30.244669  -26.244667 (VIOLATED)
_53305_/ZN                              4.000000   30.244669  -26.244667 (VIOLATED)
_53307_/A1                              4.000000   30.244669  -26.244667 (VIOLATED)
_53401_/ZN                              4.000000   30.244669  -26.244667 (VIOLATED)
_53403_/A1                              4.000000   30.244669  -26.244667 (VIOLATED)
_53497_/ZN                              4.000000   30.244669  -26.244667 (VIOLATED)
_53499_/A1                              4.000000   30.244669  -26.244667 (VIOLATED)
_53595_/ZN                              4.000000   30.244669  -26.244667 (VIOLATED)
_53597_/A1                              4.000000   30.244669  -26.244667 (VIOLATED)
_53695_/ZN                              4.000000   30.244669  -26.244667 (VIOLATED)
_53697_/A1                              4.000000   30.244669  -26.244667 (VIOLATED)
_53791_/ZN                              4.000000   30.244669  -26.244667 (VIOLATED)
_53793_/A1                              4.000000   30.244669  -26.244667 (VIOLATED)
_53887_/ZN                              4.000000   30.244669  -26.244667 (VIOLATED)
_53889_/A1                              4.000000   30.244669  -26.244667 (VIOLATED)
_53983_/ZN                              4.000000   30.244669  -26.244667 (VIOLATED)
_53985_/A1                              4.000000   30.244669  -26.244667 (VIOLATED)
_54079_/ZN                              4.000000   30.244669  -26.244667 (VIOLATED)
_54081_/A1                              4.000000   30.244669  -26.244667 (VIOLATED)
_54175_/ZN                              4.000000   30.244669  -26.244667 (VIOLATED)
_54177_/A1                              4.000000   30.244669  -26.244667 (VIOLATED)
_54271_/ZN                              4.000000   30.244669  -26.244667 (VIOLATED)
_54273_/A1                              4.000000   30.244669  -26.244667 (VIOLATED)
_54367_/ZN                              4.000000   30.244669  -26.244667 (VIOLATED)
_54369_/A1                              4.000000   30.244669  -26.244667 (VIOLATED)
_33183_/I                               4.000000   17.790972  -13.790971 (VIOLATED)
_33198_/A2                              4.000000   17.790972  -13.790971 (VIOLATED)
_33206_/A2                              4.000000   17.790972  -13.790971 (VIOLATED)
_33227_/A2                              4.000000   17.790972  -13.790971 (VIOLATED)
_33236_/A2                              4.000000   17.790972  -13.790971 (VIOLATED)
_33243_/A2                              4.000000   17.790972  -13.790971 (VIOLATED)
_33257_/A2                              4.000000   17.790972  -13.790971 (VIOLATED)
_33269_/A2                              4.000000   17.790972  -13.790971 (VIOLATED)
_33280_/A2                              4.000000   17.790972  -13.790971 (VIOLATED)
_33299_/A2                              4.000000   17.790972  -13.790971 (VIOLATED)
_33306_/A2                              4.000000   17.790972  -13.790971 (VIOLATED)
_33329_/A2                              4.000000   17.790972  -13.790971 (VIOLATED)
_33335_/A2                              4.000000   17.790972  -13.790971 (VIOLATED)
_33354_/A2                              4.000000   17.790972  -13.790971 (VIOLATED)
_33367_/A2                              4.000000   17.790972  -13.790971 (VIOLATED)
_33388_/A2                              4.000000   17.790972  -13.790971 (VIOLATED)
_33394_/A2                              4.000000   17.790972  -13.790971 (VIOLATED)
_33410_/A2                              4.000000   17.790972  -13.790971 (VIOLATED)
_33421_/A2                              4.000000   17.790972  -13.790971 (VIOLATED)
_33437_/A2                              4.000000   17.790972  -13.790971 (VIOLATED)
_33445_/A2                              4.000000   17.790972  -13.790971 (VIOLATED)
_33453_/A2                              4.000000   17.790972  -13.790971 (VIOLATED)
_33463_/A2                              4.000000   17.790972  -13.790971 (VIOLATED)
_33474_/A2                              4.000000   17.790972  -13.790971 (VIOLATED)
_33487_/A2                              4.000000   17.790972  -13.790971 (VIOLATED)
_33506_/A2                              4.000000   17.790972  -13.790971 (VIOLATED)
_33511_/A2                              4.000000   17.790972  -13.790971 (VIOLATED)
_33524_/A2                              4.000000   17.790972  -13.790971 (VIOLATED)
_33538_/A2                              4.000000   17.790972  -13.790971 (VIOLATED)
_33547_/A2                              4.000000   17.790972  -13.790971 (VIOLATED)
_33554_/A2                              4.000000   17.790972  -13.790971 (VIOLATED)
_33564_/A2                              4.000000   17.790972  -13.790971 (VIOLATED)
_33569_/A2                              4.000000   17.790972  -13.790971 (VIOLATED)
_33585_/A2                              4.000000   17.790972  -13.790971 (VIOLATED)
_33592_/A2                              4.000000   17.790972  -13.790971 (VIOLATED)
_33602_/A2                              4.000000   17.790972  -13.790971 (VIOLATED)
_33607_/A2                              4.000000   17.790972  -13.790971 (VIOLATED)
_33623_/A2                              4.000000   17.790972  -13.790971 (VIOLATED)
_33624_/A1                              4.000000   17.790972  -13.790971 (VIOLATED)
_33628_/A2                              4.000000   17.790972  -13.790971 (VIOLATED)
_33638_/A2                              4.000000   17.790972  -13.790971 (VIOLATED)
_33647_/A2                              4.000000   17.790972  -13.790971 (VIOLATED)
_33661_/A2                              4.000000   17.790972  -13.790971 (VIOLATED)
_33671_/A2                              4.000000   17.790972  -13.790971 (VIOLATED)
_33681_/A2                              4.000000   17.790972  -13.790971 (VIOLATED)
_33693_/A2                              4.000000   17.790972  -13.790971 (VIOLATED)
_33702_/B                               4.000000   17.790972  -13.790971 (VIOLATED)
_33703_/A1                              4.000000   17.790972  -13.790971 (VIOLATED)
_33712_/A2                              4.000000   17.790972  -13.790971 (VIOLATED)
_33722_/A2                              4.000000   17.790972  -13.790971 (VIOLATED)
_33730_/A2                              4.000000   17.790972  -13.790971 (VIOLATED)
_33737_/B                               4.000000   17.790972  -13.790971 (VIOLATED)
_33743_/B                               4.000000   17.790972  -13.790971 (VIOLATED)
_33758_/A2                              4.000000   17.790972  -13.790971 (VIOLATED)
_33763_/A2                              4.000000   17.790972  -13.790971 (VIOLATED)
_33774_/A2                              4.000000   17.790972  -13.790971 (VIOLATED)
_33786_/A2                              4.000000   17.790972  -13.790971 (VIOLATED)
_33792_/A2                              4.000000   17.790972  -13.790971 (VIOLATED)
_33801_/A2                              4.000000   17.790972  -13.790971 (VIOLATED)
_33818_/A2                              4.000000   17.790972  -13.790971 (VIOLATED)
_33827_/A2                              4.000000   17.790972  -13.790971 (VIOLATED)
_33837_/A2                              4.000000   17.790972  -13.790971 (VIOLATED)
_33845_/A2                              4.000000   17.790972  -13.790971 (VIOLATED)
_33852_/A2                              4.000000   17.790972  -13.790971 (VIOLATED)
_33861_/A2                              4.000000   17.790972  -13.790971 (VIOLATED)
_33871_/A2                              4.000000   17.790972  -13.790971 (VIOLATED)
_33880_/A2                              4.000000   17.790972  -13.790971 (VIOLATED)
_33892_/A2                              4.000000   17.790972  -13.790971 (VIOLATED)
_33902_/A2                              4.000000   17.790972  -13.790971 (VIOLATED)
_33916_/A2                              4.000000   17.790972  -13.790971 (VIOLATED)
_33921_/A2                              4.000000   17.790972  -13.790971 (VIOLATED)
_33932_/A2                              4.000000   17.790972  -13.790971 (VIOLATED)
_33944_/A2                              4.000000   17.790972  -13.790971 (VIOLATED)
_33950_/A2                              4.000000   17.790972  -13.790971 (VIOLATED)
_33962_/A2                              4.000000   17.790972  -13.790971 (VIOLATED)
_33979_/A2                              4.000000   17.790972  -13.790971 (VIOLATED)
_33984_/A2                              4.000000   17.790972  -13.790971 (VIOLATED)
_33993_/A2                              4.000000   17.790972  -13.790971 (VIOLATED)
_34003_/A2                              4.000000   17.790972  -13.790971 (VIOLATED)
_34018_/A2                              4.000000   17.790972  -13.790971 (VIOLATED)
_34023_/A2                              4.000000   17.790972  -13.790971 (VIOLATED)
_34032_/A2                              4.000000   17.790972  -13.790971 (VIOLATED)
_34044_/A2                              4.000000   17.790972  -13.790971 (VIOLATED)
_34056_/A2                              4.000000   17.790972  -13.790971 (VIOLATED)
_34061_/A2                              4.000000   17.790972  -13.790971 (VIOLATED)
_34072_/A2                              4.000000   17.790972  -13.790971 (VIOLATED)
_34081_/A2                              4.000000   17.790972  -13.790971 (VIOLATED)
_34092_/A2                              4.000000   17.790972  -13.790971 (VIOLATED)
_34101_/A2                              4.000000   17.790972  -13.790971 (VIOLATED)
_34114_/A2                              4.000000   17.790972  -13.790971 (VIOLATED)
_34119_/A2                              4.000000   17.790972  -13.790971 (VIOLATED)
_34132_/A2                              4.000000   17.790972  -13.790971 (VIOLATED)
_34142_/A2                              4.000000   17.790972  -13.790971 (VIOLATED)
_34156_/A2                              4.000000   17.790972  -13.790971 (VIOLATED)
_34164_/A2                              4.000000   17.790972  -13.790971 (VIOLATED)
_34175_/A2                              4.000000   17.790972  -13.790971 (VIOLATED)
_34182_/A2                              4.000000   17.790972  -13.790971 (VIOLATED)
_34192_/A2                              4.000000   17.790972  -13.790971 (VIOLATED)
_34197_/A2                              4.000000   17.790972  -13.790971 (VIOLATED)
_34211_/A2                              4.000000   17.790972  -13.790971 (VIOLATED)
_34218_/A2                              4.000000   17.790972  -13.790971 (VIOLATED)
_34228_/A2                              4.000000   17.790972  -13.790971 (VIOLATED)
_34233_/A2                              4.000000   17.790972  -13.790971 (VIOLATED)
_34248_/A2                              4.000000   17.790972  -13.790971 (VIOLATED)
_34253_/A2                              4.000000   17.790972  -13.790971 (VIOLATED)
_34262_/A2                              4.000000   17.790972  -13.790971 (VIOLATED)
_34271_/A2                              4.000000   17.790972  -13.790971 (VIOLATED)
_34289_/A2                              4.000000   17.790972  -13.790971 (VIOLATED)
_34294_/A2                              4.000000   17.790972  -13.790971 (VIOLATED)
_34303_/A2                              4.000000   17.790972  -13.790971 (VIOLATED)
_34315_/A2                              4.000000   17.790972  -13.790971 (VIOLATED)
_34326_/A2                              4.000000   17.790972  -13.790971 (VIOLATED)
_34334_/A2                              4.000000   17.790972  -13.790971 (VIOLATED)
_34344_/A2                              4.000000   17.790972  -13.790971 (VIOLATED)
_34349_/A2                              4.000000   17.790972  -13.790971 (VIOLATED)
_34365_/A2                              4.000000   17.790972  -13.790971 (VIOLATED)
_34370_/A2                              4.000000   17.790972  -13.790971 (VIOLATED)
_34380_/A2                              4.000000   17.790972  -13.790971 (VIOLATED)
_34389_/A2                              4.000000   17.790972  -13.790971 (VIOLATED)
_34399_/A2                              4.000000   17.790972  -13.790971 (VIOLATED)
_34408_/A2                              4.000000   17.790972  -13.790971 (VIOLATED)
_34422_/A2                              4.000000   17.790972  -13.790971 (VIOLATED)
_34427_/A2                              4.000000   17.790972  -13.790971 (VIOLATED)
_34443_/A2                              4.000000   17.790972  -13.790971 (VIOLATED)
_34448_/A2                              4.000000   17.790972  -13.790971 (VIOLATED)
_34457_/A2                              4.000000   17.790972  -13.790971 (VIOLATED)
_34469_/A2                              4.000000   17.790972  -13.790971 (VIOLATED)
_34476_/A2                              4.000000   17.790972  -13.790971 (VIOLATED)
_34488_/A2                              4.000000   17.790972  -13.790971 (VIOLATED)
_34498_/A2                              4.000000   17.790972  -13.790971 (VIOLATED)
_34506_/A2                              4.000000   17.790972  -13.790971 (VIOLATED)
_34520_/A2                              4.000000   17.790972  -13.790971 (VIOLATED)
_34525_/A2                              4.000000   17.790972  -13.790971 (VIOLATED)
_34535_/A2                              4.000000   17.790972  -13.790971 (VIOLATED)
_34545_/A2                              4.000000   17.790972  -13.790971 (VIOLATED)
_34558_/A2                              4.000000   17.790972  -13.790971 (VIOLATED)
_34565_/A2                              4.000000   17.790972  -13.790971 (VIOLATED)
_34575_/A2                              4.000000   17.790972  -13.790971 (VIOLATED)
_34580_/A2                              4.000000   17.790972  -13.790971 (VIOLATED)
_34596_/A2                              4.000000   17.790972  -13.790971 (VIOLATED)
_34602_/A2                              4.000000   17.790972  -13.790971 (VIOLATED)
_34613_/A2                              4.000000   17.790972  -13.790971 (VIOLATED)
_34618_/A2                              4.000000   17.790972  -13.790971 (VIOLATED)
_34629_/A2                              4.000000   17.790972  -13.790971 (VIOLATED)
_34638_/A2                              4.000000   17.790972  -13.790971 (VIOLATED)
_34652_/A2                              4.000000   17.790972  -13.790971 (VIOLATED)
_34660_/A2                              4.000000   17.790972  -13.790971 (VIOLATED)
_37082_/A2                              4.000000   17.790972  -13.790971 (VIOLATED)
_48989_/A2                              4.000000   17.790972  -13.790971 (VIOLATED)
_59813_/Q                               4.000000   17.790972  -13.790971 (VIOLATED)
_34895_/A2                              4.000000   15.070637  -11.070637 (VIOLATED)
_34896_/A2                              4.000000   15.070637  -11.070637 (VIOLATED)
_34902_/I                               4.000000   15.070637  -11.070637 (VIOLATED)
_34914_/A2                              4.000000   15.070637  -11.070637 (VIOLATED)
_34935_/A1                              4.000000   15.070637  -11.070637 (VIOLATED)
_34950_/A2                              4.000000   15.070637  -11.070637 (VIOLATED)
_34964_/A2                              4.000000   15.070637  -11.070637 (VIOLATED)
_34976_/A2                              4.000000   15.070637  -11.070637 (VIOLATED)
_34988_/A2                              4.000000   15.070637  -11.070637 (VIOLATED)
_35018_/A2                              4.000000   15.070637  -11.070637 (VIOLATED)
_35030_/A2                              4.000000   15.070637  -11.070637 (VIOLATED)
_35031_/A1                              4.000000   15.070637  -11.070637 (VIOLATED)
_35036_/A2                              4.000000   15.070637  -11.070637 (VIOLATED)
_35051_/A2                              4.000000   15.070637  -11.070637 (VIOLATED)
_35063_/A2                              4.000000   15.070637  -11.070637 (VIOLATED)
_35083_/A2                              4.000000   15.070637  -11.070637 (VIOLATED)
_35084_/A1                              4.000000   15.070637  -11.070637 (VIOLATED)
_35094_/A2                              4.000000   15.070637  -11.070637 (VIOLATED)
_35150_/A2                              4.000000   15.070637  -11.070637 (VIOLATED)
_35163_/A2                              4.000000   15.070637  -11.070637 (VIOLATED)
_35171_/A2                              4.000000   15.070637  -11.070637 (VIOLATED)
_35182_/A2                              4.000000   15.070637  -11.070637 (VIOLATED)
_35192_/A2                              4.000000   15.070637  -11.070637 (VIOLATED)
_35214_/A2                              4.000000   15.070637  -11.070637 (VIOLATED)
_35220_/A2                              4.000000   15.070637  -11.070637 (VIOLATED)
_35232_/A2                              4.000000   15.070637  -11.070637 (VIOLATED)
_35244_/A2                              4.000000   15.070637  -11.070637 (VIOLATED)
_35245_/A1                              4.000000   15.070637  -11.070637 (VIOLATED)
_35254_/A2                              4.000000   15.070637  -11.070637 (VIOLATED)
_35264_/A2                              4.000000   15.070637  -11.070637 (VIOLATED)
_35273_/A2                              4.000000   15.070637  -11.070637 (VIOLATED)
_35283_/A2                              4.000000   15.070637  -11.070637 (VIOLATED)
_35298_/A2                              4.000000   15.070637  -11.070637 (VIOLATED)
_35309_/A2                              4.000000   15.070637  -11.070637 (VIOLATED)
_35310_/A1                              4.000000   15.070637  -11.070637 (VIOLATED)
_35318_/A2                              4.000000   15.070637  -11.070637 (VIOLATED)
_35330_/A3                              4.000000   15.070637  -11.070637 (VIOLATED)
_35350_/A2                              4.000000   15.070637  -11.070637 (VIOLATED)
_35380_/A2                              4.000000   15.070637  -11.070637 (VIOLATED)
_35391_/A2                              4.000000   15.070637  -11.070637 (VIOLATED)
_35392_/A1                              4.000000   15.070637  -11.070637 (VIOLATED)
_35396_/A2                              4.000000   15.070637  -11.070637 (VIOLATED)
_35407_/A2                              4.000000   15.070637  -11.070637 (VIOLATED)
_35420_/A2                              4.000000   15.070637  -11.070637 (VIOLATED)
_35432_/A2                              4.000000   15.070637  -11.070637 (VIOLATED)
_35433_/A1                              4.000000   15.070637  -11.070637 (VIOLATED)
_35440_/A2                              4.000000   15.070637  -11.070637 (VIOLATED)
_35449_/A2                              4.000000   15.070637  -11.070637 (VIOLATED)
_35463_/A2                              4.000000   15.070637  -11.070637 (VIOLATED)
_35474_/A2                              4.000000   15.070637  -11.070637 (VIOLATED)
_35475_/A1                              4.000000   15.070637  -11.070637 (VIOLATED)
_35483_/A2                              4.000000   15.070637  -11.070637 (VIOLATED)
_35494_/A2                              4.000000   15.070637  -11.070637 (VIOLATED)
_35499_/A2                              4.000000   15.070637  -11.070637 (VIOLATED)
_35509_/A2                              4.000000   15.070637  -11.070637 (VIOLATED)
_35520_/A2                              4.000000   15.070637  -11.070637 (VIOLATED)
_35542_/A2                              4.000000   15.070637  -11.070637 (VIOLATED)
_35548_/A2                              4.000000   15.070637  -11.070637 (VIOLATED)
_35561_/A2                              4.000000   15.070637  -11.070637 (VIOLATED)
_35573_/A3                              4.000000   15.070637  -11.070637 (VIOLATED)
_35593_/A2                              4.000000   15.070637  -11.070637 (VIOLATED)
_35615_/B                               4.000000   15.070637  -11.070637 (VIOLATED)
_35616_/A1                              4.000000   15.070637  -11.070637 (VIOLATED)
_35620_/A2                              4.000000   15.070637  -11.070637 (VIOLATED)
_35630_/A1                              4.000000   15.070637  -11.070637 (VIOLATED)
_35641_/A2                              4.000000   15.070637  -11.070637 (VIOLATED)
_35652_/A2                              4.000000   15.070637  -11.070637 (VIOLATED)
_35657_/A2                              4.000000   15.070637  -11.070637 (VIOLATED)
_35671_/A2                              4.000000   15.070637  -11.070637 (VIOLATED)
_35680_/A2                              4.000000   15.070637  -11.070637 (VIOLATED)
_35693_/A2                              4.000000   15.070637  -11.070637 (VIOLATED)
_35721_/A2                              4.000000   15.070637  -11.070637 (VIOLATED)
_35732_/A2                              4.000000   15.070637  -11.070637 (VIOLATED)
_35733_/A1                              4.000000   15.070637  -11.070637 (VIOLATED)
_35737_/A2                              4.000000   15.070637  -11.070637 (VIOLATED)
_35747_/A2                              4.000000   15.070637  -11.070637 (VIOLATED)
_35760_/A2                              4.000000   15.070637  -11.070637 (VIOLATED)
_35780_/A2                              4.000000   15.070637  -11.070637 (VIOLATED)
_35790_/A2                              4.000000   15.070637  -11.070637 (VIOLATED)
_35791_/A2                              4.000000   15.070637  -11.070637 (VIOLATED)
_35799_/A1                              4.000000   15.070637  -11.070637 (VIOLATED)
_35805_/A2                              4.000000   15.070637  -11.070637 (VIOLATED)
_35814_/A2                              4.000000   15.070637  -11.070637 (VIOLATED)
_35828_/A2                              4.000000   15.070637  -11.070637 (VIOLATED)
_35837_/A2                              4.000000   15.070637  -11.070637 (VIOLATED)
_35845_/A2                              4.000000   15.070637  -11.070637 (VIOLATED)
_35859_/A2                              4.000000   15.070637  -11.070637 (VIOLATED)
_35879_/A2                              4.000000   15.070637  -11.070637 (VIOLATED)
_35890_/A2                              4.000000   15.070637  -11.070637 (VIOLATED)
_35895_/A2                              4.000000   15.070637  -11.070637 (VIOLATED)
_35911_/A2                              4.000000   15.070637  -11.070637 (VIOLATED)
_35912_/A1                              4.000000   15.070637  -11.070637 (VIOLATED)
_35916_/A2                              4.000000   15.070637  -11.070637 (VIOLATED)
_35933_/A2                              4.000000   15.070637  -11.070637 (VIOLATED)
_35934_/A2                              4.000000   15.070637  -11.070637 (VIOLATED)
_35938_/A2                              4.000000   15.070637  -11.070637 (VIOLATED)
_35953_/A2                              4.000000   15.070637  -11.070637 (VIOLATED)
_35954_/A2                              4.000000   15.070637  -11.070637 (VIOLATED)
_35958_/A2                              4.000000   15.070637  -11.070637 (VIOLATED)
_35967_/A2                              4.000000   15.070637  -11.070637 (VIOLATED)
_35976_/A2                              4.000000   15.070637  -11.070637 (VIOLATED)
_35990_/A2                              4.000000   15.070637  -11.070637 (VIOLATED)
_35995_/A2                              4.000000   15.070637  -11.070637 (VIOLATED)
_36021_/A2                              4.000000   15.070637  -11.070637 (VIOLATED)
_36031_/A2                              4.000000   15.070637  -11.070637 (VIOLATED)
_36039_/A2                              4.000000   15.070637  -11.070637 (VIOLATED)
_36046_/A2                              4.000000   15.070637  -11.070637 (VIOLATED)
_36055_/A2                              4.000000   15.070637  -11.070637 (VIOLATED)
_36079_/A2                              4.000000   15.070637  -11.070637 (VIOLATED)
_36093_/A2                              4.000000   15.070637  -11.070637 (VIOLATED)
_36094_/A1                              4.000000   15.070637  -11.070637 (VIOLATED)
_36102_/A2                              4.000000   15.070637  -11.070637 (VIOLATED)
_36112_/A2                              4.000000   15.070637  -11.070637 (VIOLATED)
_36117_/A2                              4.000000   15.070637  -11.070637 (VIOLATED)
_36133_/A2                              4.000000   15.070637  -11.070637 (VIOLATED)
_36134_/A1                              4.000000   15.070637  -11.070637 (VIOLATED)
_36142_/A2                              4.000000   15.070637  -11.070637 (VIOLATED)
_36149_/A2                              4.000000   15.070637  -11.070637 (VIOLATED)
_36158_/A2                              4.000000   15.070637  -11.070637 (VIOLATED)
_36205_/A2                              4.000000   15.070637  -11.070637 (VIOLATED)
_36215_/A2                              4.000000   15.070637  -11.070637 (VIOLATED)
_36216_/A1                              4.000000   15.070637  -11.070637 (VIOLATED)
_36220_/A2                              4.000000   15.070637  -11.070637 (VIOLATED)
_36233_/A2                              4.000000   15.070637  -11.070637 (VIOLATED)
_36242_/A2                              4.000000   15.070637  -11.070637 (VIOLATED)
_40208_/A2                              4.000000   15.070637  -11.070637 (VIOLATED)
_49769_/A2                              4.000000   15.070637  -11.070637 (VIOLATED)
_59995_/Q                               4.000000   15.070637  -11.070637 (VIOLATED)
_31300_/B                               4.000000   11.935596   -7.935597 (VIOLATED)
_31303_/A1                              4.000000   11.935596   -7.935597 (VIOLATED)
_31305_/A2                              4.000000   11.935596   -7.935597 (VIOLATED)
_47661_/A2                              4.000000   11.935596   -7.935597 (VIOLATED)
_47662_/I                               4.000000   11.935596   -7.935597 (VIOLATED)
_47666_/B                               4.000000   11.935596   -7.935597 (VIOLATED)
_47682_/A2                              4.000000   11.935596   -7.935597 (VIOLATED)
_47686_/B                               4.000000   11.935596   -7.935597 (VIOLATED)
_47697_/A2                              4.000000   11.935596   -7.935597 (VIOLATED)
_47701_/B                               4.000000   11.935596   -7.935597 (VIOLATED)
_47713_/A2                              4.000000   11.935596   -7.935597 (VIOLATED)
_47717_/B                               4.000000   11.935596   -7.935597 (VIOLATED)
_47724_/A2                              4.000000   11.935596   -7.935597 (VIOLATED)
_47725_/B                               4.000000   11.935596   -7.935597 (VIOLATED)
_47729_/B1                              4.000000   11.935596   -7.935597 (VIOLATED)
_47740_/A1                              4.000000   11.935596   -7.935597 (VIOLATED)
_47741_/A1                              4.000000   11.935596   -7.935597 (VIOLATED)
_47742_/B                               4.000000   11.935596   -7.935597 (VIOLATED)
_47755_/A2                              4.000000   11.935596   -7.935597 (VIOLATED)
_47756_/B                               4.000000   11.935596   -7.935597 (VIOLATED)
_47757_/B1                              4.000000   11.935596   -7.935597 (VIOLATED)
_47767_/B                               4.000000   11.935596   -7.935597 (VIOLATED)
_47778_/A2                              4.000000   11.935596   -7.935597 (VIOLATED)
_47779_/A1                              4.000000   11.935596   -7.935597 (VIOLATED)
_47781_/B                               4.000000   11.935596   -7.935597 (VIOLATED)
_47790_/A2                              4.000000   11.935596   -7.935597 (VIOLATED)
_47791_/B                               4.000000   11.935596   -7.935597 (VIOLATED)
_47792_/B1                              4.000000   11.935596   -7.935597 (VIOLATED)
_47798_/A2                              4.000000   11.935596   -7.935597 (VIOLATED)
_47799_/A2                              4.000000   11.935596   -7.935597 (VIOLATED)
_47801_/B                               4.000000   11.935596   -7.935597 (VIOLATED)
_47808_/A2                              4.000000   11.935596   -7.935597 (VIOLATED)
_47809_/B                               4.000000   11.935596   -7.935597 (VIOLATED)
_47810_/B1                              4.000000   11.935596   -7.935597 (VIOLATED)
_47816_/A2                              4.000000   11.935596   -7.935597 (VIOLATED)
_47817_/A1                              4.000000   11.935596   -7.935597 (VIOLATED)
_47819_/B                               4.000000   11.935596   -7.935597 (VIOLATED)
_47826_/A2                              4.000000   11.935596   -7.935597 (VIOLATED)
_47827_/A2                              4.000000   11.935596   -7.935597 (VIOLATED)
_47829_/B                               4.000000   11.935596   -7.935597 (VIOLATED)
_47836_/A2                              4.000000   11.935596   -7.935597 (VIOLATED)
_47837_/B                               4.000000   11.935596   -7.935597 (VIOLATED)
_47838_/B1                              4.000000   11.935596   -7.935597 (VIOLATED)
_47844_/A2                              4.000000   11.935596   -7.935597 (VIOLATED)
_47845_/A1                              4.000000   11.935596   -7.935597 (VIOLATED)
_47847_/B                               4.000000   11.935596   -7.935597 (VIOLATED)
_47855_/A2                              4.000000   11.935596   -7.935597 (VIOLATED)
_47856_/B                               4.000000   11.935596   -7.935597 (VIOLATED)
_47857_/B1                              4.000000   11.935596   -7.935597 (VIOLATED)
_47863_/A2                              4.000000   11.935596   -7.935597 (VIOLATED)
_47864_/A1                              4.000000   11.935596   -7.935597 (VIOLATED)
_47866_/B                               4.000000   11.935596   -7.935597 (VIOLATED)
_47873_/A2                              4.000000   11.935596   -7.935597 (VIOLATED)
_47874_/B                               4.000000   11.935596   -7.935597 (VIOLATED)
_47875_/B1                              4.000000   11.935596   -7.935597 (VIOLATED)
_47881_/A2                              4.000000   11.935596   -7.935597 (VIOLATED)
_47882_/A1                              4.000000   11.935596   -7.935597 (VIOLATED)
_47884_/B                               4.000000   11.935596   -7.935597 (VIOLATED)
_47891_/A2                              4.000000   11.935596   -7.935597 (VIOLATED)
_47892_/A1                              4.000000   11.935596   -7.935597 (VIOLATED)
_47894_/B                               4.000000   11.935596   -7.935597 (VIOLATED)
_47901_/A2                              4.000000   11.935596   -7.935597 (VIOLATED)
_47902_/B                               4.000000   11.935596   -7.935597 (VIOLATED)
_47903_/B2                              4.000000   11.935596   -7.935597 (VIOLATED)
_47909_/A2                              4.000000   11.935596   -7.935597 (VIOLATED)
_47910_/A1                              4.000000   11.935596   -7.935597 (VIOLATED)
_47912_/B                               4.000000   11.935596   -7.935597 (VIOLATED)
_47919_/A2                              4.000000   11.935596   -7.935597 (VIOLATED)
_47920_/A1                              4.000000   11.935596   -7.935597 (VIOLATED)
_47922_/B                               4.000000   11.935596   -7.935597 (VIOLATED)
_47931_/B                               4.000000   11.935596   -7.935597 (VIOLATED)
_47938_/A2                              4.000000   11.935596   -7.935597 (VIOLATED)
_47939_/A1                              4.000000   11.935596   -7.935597 (VIOLATED)
_47941_/B                               4.000000   11.935596   -7.935597 (VIOLATED)
_47948_/A2                              4.000000   11.935596   -7.935597 (VIOLATED)
_47949_/B                               4.000000   11.935596   -7.935597 (VIOLATED)
_47950_/B1                              4.000000   11.935596   -7.935597 (VIOLATED)
_47958_/B                               4.000000   11.935596   -7.935597 (VIOLATED)
_47967_/B                               4.000000   11.935596   -7.935597 (VIOLATED)
_47976_/B                               4.000000   11.935596   -7.935597 (VIOLATED)
_47983_/A2                              4.000000   11.935596   -7.935597 (VIOLATED)
_47984_/B                               4.000000   11.935596   -7.935597 (VIOLATED)
_47985_/B1                              4.000000   11.935596   -7.935597 (VIOLATED)
_47991_/A2                              4.000000   11.935596   -7.935597 (VIOLATED)
_47992_/B                               4.000000   11.935596   -7.935597 (VIOLATED)
_47993_/B1                              4.000000   11.935596   -7.935597 (VIOLATED)
_60276_/Q                               4.000000   11.935596   -7.935597 (VIOLATED)
_31501_/B                               4.000000   11.826488   -7.826488 (VIOLATED)
_31504_/A1                              4.000000   11.826488   -7.826488 (VIOLATED)
_31505_/A2                              4.000000   11.826488   -7.826488 (VIOLATED)
_49130_/A2                              4.000000   11.826488   -7.826488 (VIOLATED)
_49131_/I                               4.000000   11.826488   -7.826488 (VIOLATED)
_49133_/B                               4.000000   11.826488   -7.826488 (VIOLATED)
_49148_/A2                              4.000000   11.826488   -7.826488 (VIOLATED)
_49150_/B                               4.000000   11.826488   -7.826488 (VIOLATED)
_49161_/A2                              4.000000   11.826488   -7.826488 (VIOLATED)
_49163_/B                               4.000000   11.826488   -7.826488 (VIOLATED)
_49174_/A2                              4.000000   11.826488   -7.826488 (VIOLATED)
_49176_/B                               4.000000   11.826488   -7.826488 (VIOLATED)
_49182_/A1                              4.000000   11.826488   -7.826488 (VIOLATED)
_49183_/A1                              4.000000   11.826488   -7.826488 (VIOLATED)
_49185_/B                               4.000000   11.826488   -7.826488 (VIOLATED)
_49200_/A1                              4.000000   11.826488   -7.826488 (VIOLATED)
_49201_/A1                              4.000000   11.826488   -7.826488 (VIOLATED)
_49202_/B                               4.000000   11.826488   -7.826488 (VIOLATED)
_49211_/A2                              4.000000   11.826488   -7.826488 (VIOLATED)
_49212_/A1                              4.000000   11.826488   -7.826488 (VIOLATED)
_49214_/B                               4.000000   11.826488   -7.826488 (VIOLATED)
_49224_/B                               4.000000   11.826488   -7.826488 (VIOLATED)
_49234_/A1                              4.000000   11.826488   -7.826488 (VIOLATED)
_49235_/A1                              4.000000   11.826488   -7.826488 (VIOLATED)
_49236_/B                               4.000000   11.826488   -7.826488 (VIOLATED)
_49244_/A1                              4.000000   11.826488   -7.826488 (VIOLATED)
_49245_/A1                              4.000000   11.826488   -7.826488 (VIOLATED)
_49246_/B                               4.000000   11.826488   -7.826488 (VIOLATED)
_49254_/A2                              4.000000   11.826488   -7.826488 (VIOLATED)
_49255_/A1                              4.000000   11.826488   -7.826488 (VIOLATED)
_49257_/B                               4.000000   11.826488   -7.826488 (VIOLATED)
_49265_/A2                              4.000000   11.826488   -7.826488 (VIOLATED)
_49266_/A1                              4.000000   11.826488   -7.826488 (VIOLATED)
_49268_/B                               4.000000   11.826488   -7.826488 (VIOLATED)
_49274_/A2                              4.000000   11.826488   -7.826488 (VIOLATED)
_49275_/A1                              4.000000   11.826488   -7.826488 (VIOLATED)
_49277_/B                               4.000000   11.826488   -7.826488 (VIOLATED)
_49283_/A2                              4.000000   11.826488   -7.826488 (VIOLATED)
_49284_/A1                              4.000000   11.826488   -7.826488 (VIOLATED)
_49286_/B                               4.000000   11.826488   -7.826488 (VIOLATED)
_49292_/A2                              4.000000   11.826488   -7.826488 (VIOLATED)
_49293_/A1                              4.000000   11.826488   -7.826488 (VIOLATED)
_49295_/B                               4.000000   11.826488   -7.826488 (VIOLATED)
_49301_/A1                              4.000000   11.826488   -7.826488 (VIOLATED)
_49302_/A1                              4.000000   11.826488   -7.826488 (VIOLATED)
_49303_/B                               4.000000   11.826488   -7.826488 (VIOLATED)
_49309_/A2                              4.000000   11.826488   -7.826488 (VIOLATED)
_49310_/B                               4.000000   11.826488   -7.826488 (VIOLATED)
_49311_/B1                              4.000000   11.826488   -7.826488 (VIOLATED)
_49317_/A2                              4.000000   11.826488   -7.826488 (VIOLATED)
_49318_/B                               4.000000   11.826488   -7.826488 (VIOLATED)
_49319_/B1                              4.000000   11.826488   -7.826488 (VIOLATED)
_49324_/A2                              4.000000   11.826488   -7.826488 (VIOLATED)
_49325_/A1                              4.000000   11.826488   -7.826488 (VIOLATED)
_49327_/B                               4.000000   11.826488   -7.826488 (VIOLATED)
_49333_/A2                              4.000000   11.826488   -7.826488 (VIOLATED)
_49334_/A1                              4.000000   11.826488   -7.826488 (VIOLATED)
_49336_/B                               4.000000   11.826488   -7.826488 (VIOLATED)
_49342_/A2                              4.000000   11.826488   -7.826488 (VIOLATED)
_49343_/A1                              4.000000   11.826488   -7.826488 (VIOLATED)
_49345_/B                               4.000000   11.826488   -7.826488 (VIOLATED)
_49351_/A2                              4.000000   11.826488   -7.826488 (VIOLATED)
_49352_/A1                              4.000000   11.826488   -7.826488 (VIOLATED)
_49354_/B                               4.000000   11.826488   -7.826488 (VIOLATED)
_49360_/A2                              4.000000   11.826488   -7.826488 (VIOLATED)
_49361_/A1                              4.000000   11.826488   -7.826488 (VIOLATED)
_49363_/B                               4.000000   11.826488   -7.826488 (VIOLATED)
_49369_/A2                              4.000000   11.826488   -7.826488 (VIOLATED)
_49370_/B                               4.000000   11.826488   -7.826488 (VIOLATED)
_49371_/B1                              4.000000   11.826488   -7.826488 (VIOLATED)
_49380_/B                               4.000000   11.826488   -7.826488 (VIOLATED)
_49385_/A2                              4.000000   11.826488   -7.826488 (VIOLATED)
_49386_/A1                              4.000000   11.826488   -7.826488 (VIOLATED)
_49388_/B                               4.000000   11.826488   -7.826488 (VIOLATED)
_49394_/A2                              4.000000   11.826488   -7.826488 (VIOLATED)
_49395_/A1                              4.000000   11.826488   -7.826488 (VIOLATED)
_49397_/B                               4.000000   11.826488   -7.826488 (VIOLATED)
_49405_/B                               4.000000   11.826488   -7.826488 (VIOLATED)
_49414_/B                               4.000000   11.826488   -7.826488 (VIOLATED)
_49424_/B                               4.000000   11.826488   -7.826488 (VIOLATED)
_49429_/A2                              4.000000   11.826488   -7.826488 (VIOLATED)
_49430_/A1                              4.000000   11.826488   -7.826488 (VIOLATED)
_49432_/B                               4.000000   11.826488   -7.826488 (VIOLATED)
_49438_/A2                              4.000000   11.826488   -7.826488 (VIOLATED)
_49439_/B                               4.000000   11.826488   -7.826488 (VIOLATED)
_49440_/B1                              4.000000   11.826488   -7.826488 (VIOLATED)
_60279_/Q                               4.000000   11.826488   -7.826488 (VIOLATED)
_27729_/I                               4.000000   11.229193   -7.229193 (VIOLATED)
_27731_/A1                              4.000000   11.229193   -7.229193 (VIOLATED)
_27735_/A1                              4.000000   11.229193   -7.229193 (VIOLATED)
_27741_/A1                              4.000000   11.229193   -7.229193 (VIOLATED)
_27745_/A1                              4.000000   11.229193   -7.229193 (VIOLATED)
_27750_/A1                              4.000000   11.229193   -7.229193 (VIOLATED)
_27773_/A1                              4.000000   11.229193   -7.229193 (VIOLATED)
_27790_/A1                              4.000000   11.229193   -7.229193 (VIOLATED)
_27797_/A1                              4.000000   11.229193   -7.229193 (VIOLATED)
_27800_/A1                              4.000000   11.229193   -7.229193 (VIOLATED)
_27807_/A1                              4.000000   11.229193   -7.229193 (VIOLATED)
_27810_/A1                              4.000000   11.229193   -7.229193 (VIOLATED)
_27814_/A1                              4.000000   11.229193   -7.229193 (VIOLATED)
_27822_/A2                              4.000000   11.229193   -7.229193 (VIOLATED)
_27827_/A1                              4.000000   11.229193   -7.229193 (VIOLATED)
_27838_/A1                              4.000000   11.229193   -7.229193 (VIOLATED)
_27841_/A1                              4.000000   11.229193   -7.229193 (VIOLATED)
_27847_/A1                              4.000000   11.229193   -7.229193 (VIOLATED)
_27848_/A1                              4.000000   11.229193   -7.229193 (VIOLATED)
_27850_/A1                              4.000000   11.229193   -7.229193 (VIOLATED)
_27851_/A1                              4.000000   11.229193   -7.229193 (VIOLATED)
_27854_/A1                              4.000000   11.229193   -7.229193 (VIOLATED)
_27855_/A1                              4.000000   11.229193   -7.229193 (VIOLATED)
_27857_/A1                              4.000000   11.229193   -7.229193 (VIOLATED)
_27858_/A1                              4.000000   11.229193   -7.229193 (VIOLATED)
_27863_/A1                              4.000000   11.229193   -7.229193 (VIOLATED)
_27864_/A1                              4.000000   11.229193   -7.229193 (VIOLATED)
_27866_/A1                              4.000000   11.229193   -7.229193 (VIOLATED)
_27867_/A1                              4.000000   11.229193   -7.229193 (VIOLATED)
_27870_/A1                              4.000000   11.229193   -7.229193 (VIOLATED)
_27875_/A1                              4.000000   11.229193   -7.229193 (VIOLATED)
_27882_/A1                              4.000000   11.229193   -7.229193 (VIOLATED)
_27887_/A1                              4.000000   11.229193   -7.229193 (VIOLATED)
_27890_/A1                              4.000000   11.229193   -7.229193 (VIOLATED)
_27897_/A1                              4.000000   11.229193   -7.229193 (VIOLATED)
_28003_/A2                              4.000000   11.229193   -7.229193 (VIOLATED)
_28007_/A1                              4.000000   11.229193   -7.229193 (VIOLATED)
_28011_/A1                              4.000000   11.229193   -7.229193 (VIOLATED)
_28016_/A1                              4.000000   11.229193   -7.229193 (VIOLATED)
_28031_/A1                              4.000000   11.229193   -7.229193 (VIOLATED)
_28040_/A1                              4.000000   11.229193   -7.229193 (VIOLATED)
_28052_/A1                              4.000000   11.229193   -7.229193 (VIOLATED)
_28061_/A1                              4.000000   11.229193   -7.229193 (VIOLATED)
_28092_/A1                              4.000000   11.229193   -7.229193 (VIOLATED)
_28101_/A1                              4.000000   11.229193   -7.229193 (VIOLATED)
_28111_/A1                              4.000000   11.229193   -7.229193 (VIOLATED)
_28120_/A1                              4.000000   11.229193   -7.229193 (VIOLATED)
_28129_/A1                              4.000000   11.229193   -7.229193 (VIOLATED)
_28138_/A1                              4.000000   11.229193   -7.229193 (VIOLATED)
_28148_/A1                              4.000000   11.229193   -7.229193 (VIOLATED)
_28157_/A1                              4.000000   11.229193   -7.229193 (VIOLATED)
_28166_/A1                              4.000000   11.229193   -7.229193 (VIOLATED)
_28175_/A1                              4.000000   11.229193   -7.229193 (VIOLATED)
_28185_/A1                              4.000000   11.229193   -7.229193 (VIOLATED)
_28194_/A1                              4.000000   11.229193   -7.229193 (VIOLATED)
_28215_/A1                              4.000000   11.229193   -7.229193 (VIOLATED)
_28225_/A1                              4.000000   11.229193   -7.229193 (VIOLATED)
_28234_/A1                              4.000000   11.229193   -7.229193 (VIOLATED)
_28244_/A1                              4.000000   11.229193   -7.229193 (VIOLATED)
_28253_/A1                              4.000000   11.229193   -7.229193 (VIOLATED)
_28263_/A1                              4.000000   11.229193   -7.229193 (VIOLATED)
_28272_/A1                              4.000000   11.229193   -7.229193 (VIOLATED)
_28286_/A1                              4.000000   11.229193   -7.229193 (VIOLATED)
_28293_/A1                              4.000000   11.229193   -7.229193 (VIOLATED)
_28304_/A1                              4.000000   11.229193   -7.229193 (VIOLATED)
_28314_/A1                              4.000000   11.229193   -7.229193 (VIOLATED)
_28323_/A1                              4.000000   11.229193   -7.229193 (VIOLATED)
_28334_/A1                              4.000000   11.229193   -7.229193 (VIOLATED)
_28344_/A1                              4.000000   11.229193   -7.229193 (VIOLATED)
_28352_/A1                              4.000000   11.229193   -7.229193 (VIOLATED)
_28362_/A1                              4.000000   11.229193   -7.229193 (VIOLATED)
_60395_/Q                               4.000000   11.229193   -7.229193 (VIOLATED)
_46728_/ZN                              4.000000   11.212652   -7.212653 (VIOLATED)
_46729_/A1                              4.000000   11.212652   -7.212653 (VIOLATED)
_33186_/I                               4.000000    9.190287   -5.190287 (VIOLATED)
_33206_/B                               4.000000    9.190287   -5.190287 (VIOLATED)
_33228_/A2                              4.000000    9.190287   -5.190287 (VIOLATED)
_33257_/B                               4.000000    9.190287   -5.190287 (VIOLATED)
_33273_/A3                              4.000000    9.190287   -5.190287 (VIOLATED)
_33306_/B                               4.000000    9.190287   -5.190287 (VIOLATED)
_33335_/B                               4.000000    9.190287   -5.190287 (VIOLATED)
_33376_/A3                              4.000000    9.190287   -5.190287 (VIOLATED)
_33401_/A2                              4.000000    9.190287   -5.190287 (VIOLATED)
_33421_/B                               4.000000    9.190287   -5.190287 (VIOLATED)
_33438_/A3                              4.000000    9.190287   -5.190287 (VIOLATED)
_33459_/A3                              4.000000    9.190287   -5.190287 (VIOLATED)
_33488_/A2                              4.000000    9.190287   -5.190287 (VIOLATED)
_33511_/B                               4.000000    9.190287   -5.190287 (VIOLATED)
_33530_/A3                              4.000000    9.190287   -5.190287 (VIOLATED)
_33548_/A2                              4.000000    9.190287   -5.190287 (VIOLATED)
_33574_/A2                              4.000000    9.190287   -5.190287 (VIOLATED)
_33592_/B                               4.000000    9.190287   -5.190287 (VIOLATED)
_33612_/A2                              4.000000    9.190287   -5.190287 (VIOLATED)
_33633_/A3                              4.000000    9.190287   -5.190287 (VIOLATED)
_33634_/A2                              4.000000    9.190287   -5.190287 (VIOLATED)
_33643_/A3                              4.000000    9.190287   -5.190287 (VIOLATED)
_33671_/B                               4.000000    9.190287   -5.190287 (VIOLATED)
_33686_/A2                              4.000000    9.190287   -5.190287 (VIOLATED)
_33714_/A1                              4.000000    9.190287   -5.190287 (VIOLATED)
_33723_/A3                              4.000000    9.190287   -5.190287 (VIOLATED)
_33747_/B                               4.000000    9.190287   -5.190287 (VIOLATED)
_33748_/A3                              4.000000    9.190287   -5.190287 (VIOLATED)
_33768_/A2                              4.000000    9.190287   -5.190287 (VIOLATED)
_33779_/A3                              4.000000    9.190287   -5.190287 (VIOLATED)
_33797_/A3                              4.000000    9.190287   -5.190287 (VIOLATED)
_33818_/B                               4.000000    9.190287   -5.190287 (VIOLATED)
_33838_/A2                              4.000000    9.190287   -5.190287 (VIOLATED)
_33857_/A3                              4.000000    9.190287   -5.190287 (VIOLATED)
_33884_/A2                              4.000000    9.190287   -5.190287 (VIOLATED)
_33902_/B                               4.000000    9.190287   -5.190287 (VIOLATED)
_33921_/B                               4.000000    9.190287   -5.190287 (VIOLATED)
_33937_/A3                              4.000000    9.190287   -5.190287 (VIOLATED)
_33955_/A3                              4.000000    9.190287   -5.190287 (VIOLATED)
_33984_/B                               4.000000    9.190287   -5.190287 (VIOLATED)
_34003_/B                               4.000000    9.190287   -5.190287 (VIOLATED)
_34019_/A2                              4.000000    9.190287   -5.190287 (VIOLATED)
_34037_/A3                              4.000000    9.190287   -5.190287 (VIOLATED)
_34061_/B                               4.000000    9.190287   -5.190287 (VIOLATED)
_34077_/A3                              4.000000    9.190287   -5.190287 (VIOLATED)
_34097_/A3                              4.000000    9.190287   -5.190287 (VIOLATED)
_34124_/A2                              4.000000    9.190287   -5.190287 (VIOLATED)
_34142_/B                               4.000000    9.190287   -5.190287 (VIOLATED)
_34157_/A3                              4.000000    9.190287   -5.190287 (VIOLATED)
_34182_/B                               4.000000    9.190287   -5.190287 (VIOLATED)
_34202_/A2                              4.000000    9.190287   -5.190287 (VIOLATED)
_34219_/A3                              4.000000    9.190287   -5.190287 (VIOLATED)
_34238_/A3                              4.000000    9.190287   -5.190287 (VIOLATED)
_34249_/A3                              4.000000    9.190287   -5.190287 (VIOLATED)
_34276_/A3                              4.000000    9.190287   -5.190287 (VIOLATED)
_34290_/A2                              4.000000    9.190287   -5.190287 (VIOLATED)
_34316_/A2                              4.000000    9.190287   -5.190287 (VIOLATED)
_34335_/A2                              4.000000    9.190287   -5.190287 (VIOLATED)
_34353_/A2                              4.000000    9.190287   -5.190287 (VIOLATED)
_34370_/B                               4.000000    9.190287   -5.190287 (VIOLATED)
_34393_/A2                              4.000000    9.190287   -5.190287 (VIOLATED)
_34413_/A3                              4.000000    9.190287   -5.190287 (VIOLATED)
_34432_/A3                              4.000000    9.190287   -5.190287 (VIOLATED)
_34444_/A2                              4.000000    9.190287   -5.190287 (VIOLATED)
_34470_/A2                              4.000000    9.190287   -5.190287 (VIOLATED)
_34481_/A3                              4.000000    9.190287   -5.190287 (VIOLATED)
_34499_/A2                              4.000000    9.190287   -5.190287 (VIOLATED)
_34525_/B                               4.000000    9.190287   -5.190287 (VIOLATED)
_34545_/B                               4.000000    9.190287   -5.190287 (VIOLATED)
_34566_/A3                              4.000000    9.190287   -5.190287 (VIOLATED)
_34585_/A2                              4.000000    9.190287   -5.190287 (VIOLATED)
_34623_/A2                              4.000000    9.190287   -5.190287 (VIOLATED)
_34643_/A2                              4.000000    9.190287   -5.190287 (VIOLATED)
_34653_/A2                              4.000000    9.190287   -5.190287 (VIOLATED)
_37078_/A3                              4.000000    9.190287   -5.190287 (VIOLATED)
_48992_/B                               4.000000    9.190287   -5.190287 (VIOLATED)
_59814_/Q                               4.000000    9.190287   -5.190287 (VIOLATED)
_43372_/ZN                              4.000000    9.082897   -5.082897 (VIOLATED)
_43373_/A2                              4.000000    9.082897   -5.082897 (VIOLATED)
_43494_/A2                              4.000000    9.082897   -5.082897 (VIOLATED)
_43568_/A2                              4.000000    9.082897   -5.082897 (VIOLATED)
_43642_/A2                              4.000000    9.082897   -5.082897 (VIOLATED)
_43715_/A2                              4.000000    9.082897   -5.082897 (VIOLATED)
_43788_/A2                              4.000000    9.082897   -5.082897 (VIOLATED)
_45611_/A2                              4.000000    9.082897   -5.082897 (VIOLATED)
_45684_/A2                              4.000000    9.082897   -5.082897 (VIOLATED)
_43312_/ZN                              4.000000    8.992993   -4.992993 (VIOLATED)
_43313_/A2                              4.000000    8.992993   -4.992993 (VIOLATED)
_43458_/A2                              4.000000    8.992993   -4.992993 (VIOLATED)
_43532_/A2                              4.000000    8.992993   -4.992993 (VIOLATED)
_43606_/A2                              4.000000    8.992993   -4.992993 (VIOLATED)
_43679_/A2                              4.000000    8.992993   -4.992993 (VIOLATED)
_43752_/A2                              4.000000    8.992993   -4.992993 (VIOLATED)
_45575_/A2                              4.000000    8.992993   -4.992993 (VIOLATED)
_45648_/A2                              4.000000    8.992993   -4.992993 (VIOLATED)
_43415_/ZN                              4.000000    8.983627   -4.983627 (VIOLATED)
_43416_/A2                              4.000000    8.983627   -4.983627 (VIOLATED)
_43512_/A2                              4.000000    8.983627   -4.983627 (VIOLATED)
_43586_/A2                              4.000000    8.983627   -4.983627 (VIOLATED)
_43660_/A2                              4.000000    8.983627   -4.983627 (VIOLATED)
_43733_/A2                              4.000000    8.983627   -4.983627 (VIOLATED)
_43806_/A2                              4.000000    8.983627   -4.983627 (VIOLATED)
_44165_/A3                              4.000000    8.983627   -4.983627 (VIOLATED)
_44531_/A3                              4.000000    8.983627   -4.983627 (VIOLATED)
_45556_/A2                              4.000000    8.983627   -4.983627 (VIOLATED)
_45629_/A2                              4.000000    8.983627   -4.983627 (VIOLATED)
_45702_/A2                              4.000000    8.983627   -4.983627 (VIOLATED)
_43146_/ZN                              4.000000    8.973674   -4.973674 (VIOLATED)
_43147_/A2                              4.000000    8.973674   -4.973674 (VIOLATED)
_43352_/A2                              4.000000    8.973674   -4.973674 (VIOLATED)
_43476_/A2                              4.000000    8.973674   -4.973674 (VIOLATED)
_43550_/A2                              4.000000    8.973674   -4.973674 (VIOLATED)
_43624_/A2                              4.000000    8.973674   -4.973674 (VIOLATED)
_43697_/A2                              4.000000    8.973674   -4.973674 (VIOLATED)
_43770_/A2                              4.000000    8.973674   -4.973674 (VIOLATED)
_45593_/A2                              4.000000    8.973674   -4.973674 (VIOLATED)
_45666_/A2                              4.000000    8.973674   -4.973674 (VIOLATED)
_29100_/I                               4.000000    8.504966   -4.504966 (VIOLATED)
_29103_/A1                              4.000000    8.504966   -4.504966 (VIOLATED)
_29106_/A1                              4.000000    8.504966   -4.504966 (VIOLATED)
_29111_/A2                              4.000000    8.504966   -4.504966 (VIOLATED)
_29281_/A1                              4.000000    8.504966   -4.504966 (VIOLATED)
_29287_/A1                              4.000000    8.504966   -4.504966 (VIOLATED)
_29391_/A1                              4.000000    8.504966   -4.504966 (VIOLATED)
_29399_/A1                              4.000000    8.504966   -4.504966 (VIOLATED)
_29452_/A1                              4.000000    8.504966   -4.504966 (VIOLATED)
_29457_/A1                              4.000000    8.504966   -4.504966 (VIOLATED)
_29530_/A1                              4.000000    8.504966   -4.504966 (VIOLATED)
_29537_/A1                              4.000000    8.504966   -4.504966 (VIOLATED)
_29606_/A1                              4.000000    8.504966   -4.504966 (VIOLATED)
_29615_/A1                              4.000000    8.504966   -4.504966 (VIOLATED)
_29674_/A1                              4.000000    8.504966   -4.504966 (VIOLATED)
_29677_/A1                              4.000000    8.504966   -4.504966 (VIOLATED)
_29731_/A1                              4.000000    8.504966   -4.504966 (VIOLATED)
_29736_/A1                              4.000000    8.504966   -4.504966 (VIOLATED)
_29802_/A1                              4.000000    8.504966   -4.504966 (VIOLATED)
_29807_/A1                              4.000000    8.504966   -4.504966 (VIOLATED)
_29859_/A1                              4.000000    8.504966   -4.504966 (VIOLATED)
_29864_/A1                              4.000000    8.504966   -4.504966 (VIOLATED)
_29932_/A1                              4.000000    8.504966   -4.504966 (VIOLATED)
_29935_/A1                              4.000000    8.504966   -4.504966 (VIOLATED)
_29989_/A1                              4.000000    8.504966   -4.504966 (VIOLATED)
_29996_/A1                              4.000000    8.504966   -4.504966 (VIOLATED)
_30043_/A1                              4.000000    8.504966   -4.504966 (VIOLATED)
_30048_/A1                              4.000000    8.504966   -4.504966 (VIOLATED)
_30092_/A1                              4.000000    8.504966   -4.504966 (VIOLATED)
_30098_/A1                              4.000000    8.504966   -4.504966 (VIOLATED)
_30147_/A1                              4.000000    8.504966   -4.504966 (VIOLATED)
_30156_/A1                              4.000000    8.504966   -4.504966 (VIOLATED)
_30204_/A1                              4.000000    8.504966   -4.504966 (VIOLATED)
_30209_/A1                              4.000000    8.504966   -4.504966 (VIOLATED)
_30262_/A1                              4.000000    8.504966   -4.504966 (VIOLATED)
_30267_/A1                              4.000000    8.504966   -4.504966 (VIOLATED)
_30314_/A1                              4.000000    8.504966   -4.504966 (VIOLATED)
_30321_/A1                              4.000000    8.504966   -4.504966 (VIOLATED)
_30363_/A1                              4.000000    8.504966   -4.504966 (VIOLATED)
_30368_/A1                              4.000000    8.504966   -4.504966 (VIOLATED)
_30414_/A1                              4.000000    8.504966   -4.504966 (VIOLATED)
_30419_/A1                              4.000000    8.504966   -4.504966 (VIOLATED)
_30464_/A1                              4.000000    8.504966   -4.504966 (VIOLATED)
_30473_/A1                              4.000000    8.504966   -4.504966 (VIOLATED)
_30514_/A1                              4.000000    8.504966   -4.504966 (VIOLATED)
_30517_/A1                              4.000000    8.504966   -4.504966 (VIOLATED)
_30561_/A1                              4.000000    8.504966   -4.504966 (VIOLATED)
_30568_/A1                              4.000000    8.504966   -4.504966 (VIOLATED)
_30606_/A1                              4.000000    8.504966   -4.504966 (VIOLATED)
_30611_/A1                              4.000000    8.504966   -4.504966 (VIOLATED)
_30652_/A1                              4.000000    8.504966   -4.504966 (VIOLATED)
_30655_/A1                              4.000000    8.504966   -4.504966 (VIOLATED)
_30694_/A1                              4.000000    8.504966   -4.504966 (VIOLATED)
_30697_/A1                              4.000000    8.504966   -4.504966 (VIOLATED)
_30737_/A1                              4.000000    8.504966   -4.504966 (VIOLATED)
_30746_/A1                              4.000000    8.504966   -4.504966 (VIOLATED)
_30785_/A1                              4.000000    8.504966   -4.504966 (VIOLATED)
_30788_/A1                              4.000000    8.504966   -4.504966 (VIOLATED)
_30825_/A1                              4.000000    8.504966   -4.504966 (VIOLATED)
_30834_/A1                              4.000000    8.504966   -4.504966 (VIOLATED)
_30868_/A1                              4.000000    8.504966   -4.504966 (VIOLATED)
_30877_/A1                              4.000000    8.504966   -4.504966 (VIOLATED)
_30917_/A1                              4.000000    8.504966   -4.504966 (VIOLATED)
_30920_/A1                              4.000000    8.504966   -4.504966 (VIOLATED)
_30962_/A1                              4.000000    8.504966   -4.504966 (VIOLATED)
_30965_/A1                              4.000000    8.504966   -4.504966 (VIOLATED)
_47519_/A2                              4.000000    8.504966   -4.504966 (VIOLATED)
_47521_/A2                              4.000000    8.504966   -4.504966 (VIOLATED)
_59592_/Q                               4.000000    8.504966   -4.504966 (VIOLATED)
_34861_/I                               4.000000    8.438498   -4.438498 (VIOLATED)
_34936_/A2                              4.000000    8.438498   -4.438498 (VIOLATED)
_34937_/A2                              4.000000    8.438498   -4.438498 (VIOLATED)
_34990_/A3                              4.000000    8.438498   -4.438498 (VIOLATED)
_35005_/C                               4.000000    8.438498   -4.438498 (VIOLATED)
_35031_/C                               4.000000    8.438498   -4.438498 (VIOLATED)
_35058_/A2                              4.000000    8.438498   -4.438498 (VIOLATED)
_35095_/A2                              4.000000    8.438498   -4.438498 (VIOLATED)
_35110_/A2                              4.000000    8.438498   -4.438498 (VIOLATED)
_35131_/A2                              4.000000    8.438498   -4.438498 (VIOLATED)
_35164_/A3                              4.000000    8.438498   -4.438498 (VIOLATED)
_35183_/A3                              4.000000    8.438498   -4.438498 (VIOLATED)
_35215_/A3                              4.000000    8.438498   -4.438498 (VIOLATED)
_35233_/A2                              4.000000    8.438498   -4.438498 (VIOLATED)
_35245_/C                               4.000000    8.438498   -4.438498 (VIOLATED)
_35265_/A3                              4.000000    8.438498   -4.438498 (VIOLATED)
_35288_/B                               4.000000    8.438498   -4.438498 (VIOLATED)
_35319_/A3                              4.000000    8.438498   -4.438498 (VIOLATED)
_35325_/A2                              4.000000    8.438498   -4.438498 (VIOLATED)
_35334_/A2                              4.000000    8.438498   -4.438498 (VIOLATED)
_35349_/A2                              4.000000    8.438498   -4.438498 (VIOLATED)
_35358_/A2                              4.000000    8.438498   -4.438498 (VIOLATED)
_35381_/A3                              4.000000    8.438498   -4.438498 (VIOLATED)
_35392_/C                               4.000000    8.438498   -4.438498 (VIOLATED)
_35421_/A3                              4.000000    8.438498   -4.438498 (VIOLATED)
_35441_/A2                              4.000000    8.438498   -4.438498 (VIOLATED)
_35454_/B                               4.000000    8.438498   -4.438498 (VIOLATED)
_35484_/A3                              4.000000    8.438498   -4.438498 (VIOLATED)
_35495_/A3                              4.000000    8.438498   -4.438498 (VIOLATED)
_35521_/A3                              4.000000    8.438498   -4.438498 (VIOLATED)
_35534_/C                               4.000000    8.438498   -4.438498 (VIOLATED)
_35562_/A3                              4.000000    8.438498   -4.438498 (VIOLATED)
_35568_/A2                              4.000000    8.438498   -4.438498 (VIOLATED)
_35581_/A2                              4.000000    8.438498   -4.438498 (VIOLATED)
_35588_/A2                              4.000000    8.438498   -4.438498 (VIOLATED)
_35601_/A2                              4.000000    8.438498   -4.438498 (VIOLATED)
_35642_/A2                              4.000000    8.438498   -4.438498 (VIOLATED)
_35643_/A3                              4.000000    8.438498   -4.438498 (VIOLATED)
_35652_/B                               4.000000    8.438498   -4.438498 (VIOLATED)
_35671_/B                               4.000000    8.438498   -4.438498 (VIOLATED)
_35692_/A2                              4.000000    8.438498   -4.438498 (VIOLATED)
_35697_/A2                              4.000000    8.438498   -4.438498 (VIOLATED)
_35711_/A2                              4.000000    8.438498   -4.438498 (VIOLATED)
_35716_/A2                              4.000000    8.438498   -4.438498 (VIOLATED)
_35742_/A3                              4.000000    8.438498   -4.438498 (VIOLATED)
_35761_/A3                              4.000000    8.438498   -4.438498 (VIOLATED)
_35781_/A2                              4.000000    8.438498   -4.438498 (VIOLATED)
_35800_/A2                              4.000000    8.438498   -4.438498 (VIOLATED)
_35801_/A2                              4.000000    8.438498   -4.438498 (VIOLATED)
_35839_/A2                              4.000000    8.438498   -4.438498 (VIOLATED)
_35850_/B                               4.000000    8.438498   -4.438498 (VIOLATED)
_35871_/C                               4.000000    8.438498   -4.438498 (VIOLATED)
_35891_/A3                              4.000000    8.438498   -4.438498 (VIOLATED)
_35920_/A2                              4.000000    8.438498   -4.438498 (VIOLATED)
_35942_/A2                              4.000000    8.438498   -4.438498 (VIOLATED)
_35962_/A2                              4.000000    8.438498   -4.438498 (VIOLATED)
_36001_/A2                              4.000000    8.438498   -4.438498 (VIOLATED)
_36013_/C                               4.000000    8.438498   -4.438498 (VIOLATED)
_36040_/A3                              4.000000    8.438498   -4.438498 (VIOLATED)
_36060_/A2                              4.000000    8.438498   -4.438498 (VIOLATED)
_36080_/A2                              4.000000    8.438498   -4.438498 (VIOLATED)
_36094_/C                               4.000000    8.438498   -4.438498 (VIOLATED)
_36113_/A3                              4.000000    8.438498   -4.438498 (VIOLATED)
_36143_/A3                              4.000000    8.438498   -4.438498 (VIOLATED)
_36162_/A2                              4.000000    8.438498   -4.438498 (VIOLATED)
_36173_/A2                              4.000000    8.438498   -4.438498 (VIOLATED)
_36189_/A2                              4.000000    8.438498   -4.438498 (VIOLATED)
_36224_/A3                              4.000000    8.438498   -4.438498 (VIOLATED)
_36234_/A3                              4.000000    8.438498   -4.438498 (VIOLATED)
_49772_/B                               4.000000    8.438498   -4.438498 (VIOLATED)
_59996_/Q                               4.000000    8.438498   -4.438498 (VIOLATED)
_31299_/A2                              4.000000    8.338259   -4.338258 (VIOLATED)
_31300_/A1                              4.000000    8.338259   -4.338258 (VIOLATED)
_31306_/I                               4.000000    8.338259   -4.338258 (VIOLATED)
_47661_/B                               4.000000    8.338259   -4.338258 (VIOLATED)
_47665_/B2                              4.000000    8.338259   -4.338258 (VIOLATED)
_47666_/A1                              4.000000    8.338259   -4.338258 (VIOLATED)
_47682_/B                               4.000000    8.338259   -4.338258 (VIOLATED)
_47685_/B2                              4.000000    8.338259   -4.338258 (VIOLATED)
_47686_/A1                              4.000000    8.338259   -4.338258 (VIOLATED)
_47697_/B                               4.000000    8.338259   -4.338258 (VIOLATED)
_47700_/B2                              4.000000    8.338259   -4.338258 (VIOLATED)
_47701_/A1                              4.000000    8.338259   -4.338258 (VIOLATED)
_47713_/B                               4.000000    8.338259   -4.338258 (VIOLATED)
_47716_/B2                              4.000000    8.338259   -4.338258 (VIOLATED)
_47717_/A1                              4.000000    8.338259   -4.338258 (VIOLATED)
_47724_/B                               4.000000    8.338259   -4.338258 (VIOLATED)
_47725_/A1                              4.000000    8.338259   -4.338258 (VIOLATED)
_47741_/C                               4.000000    8.338259   -4.338258 (VIOLATED)
_47742_/A1                              4.000000    8.338259   -4.338258 (VIOLATED)
_47755_/B                               4.000000    8.338259   -4.338258 (VIOLATED)
_47756_/A1                              4.000000    8.338259   -4.338258 (VIOLATED)
_47766_/C                               4.000000    8.338259   -4.338258 (VIOLATED)
_47767_/A1                              4.000000    8.338259   -4.338258 (VIOLATED)
_47781_/A1                              4.000000    8.338259   -4.338258 (VIOLATED)
_47790_/B                               4.000000    8.338259   -4.338258 (VIOLATED)
_47791_/A1                              4.000000    8.338259   -4.338258 (VIOLATED)
_47801_/A2                              4.000000    8.338259   -4.338258 (VIOLATED)
_47808_/B                               4.000000    8.338259   -4.338258 (VIOLATED)
_47809_/A1                              4.000000    8.338259   -4.338258 (VIOLATED)
_47819_/A1                              4.000000    8.338259   -4.338258 (VIOLATED)
_47829_/A2                              4.000000    8.338259   -4.338258 (VIOLATED)
_47836_/B                               4.000000    8.338259   -4.338258 (VIOLATED)
_47837_/A1                              4.000000    8.338259   -4.338258 (VIOLATED)
_47847_/A1                              4.000000    8.338259   -4.338258 (VIOLATED)
_47855_/B                               4.000000    8.338259   -4.338258 (VIOLATED)
_47856_/A1                              4.000000    8.338259   -4.338258 (VIOLATED)
_47866_/A1                              4.000000    8.338259   -4.338258 (VIOLATED)
_47873_/B                               4.000000    8.338259   -4.338258 (VIOLATED)
_47874_/A1                              4.000000    8.338259   -4.338258 (VIOLATED)
_47884_/A1                              4.000000    8.338259   -4.338258 (VIOLATED)
_47894_/A1                              4.000000    8.338259   -4.338258 (VIOLATED)
_47901_/B                               4.000000    8.338259   -4.338258 (VIOLATED)
_47902_/A2                              4.000000    8.338259   -4.338258 (VIOLATED)
_47912_/A1                              4.000000    8.338259   -4.338258 (VIOLATED)
_47922_/A1                              4.000000    8.338259   -4.338258 (VIOLATED)
_47930_/C                               4.000000    8.338259   -4.338258 (VIOLATED)
_47931_/A1                              4.000000    8.338259   -4.338258 (VIOLATED)
_47941_/A1                              4.000000    8.338259   -4.338258 (VIOLATED)
_47948_/B                               4.000000    8.338259   -4.338258 (VIOLATED)
_47949_/A1                              4.000000    8.338259   -4.338258 (VIOLATED)
_47957_/C                               4.000000    8.338259   -4.338258 (VIOLATED)
_47958_/A1                              4.000000    8.338259   -4.338258 (VIOLATED)
_47966_/C                               4.000000    8.338259   -4.338258 (VIOLATED)
_47967_/A1                              4.000000    8.338259   -4.338258 (VIOLATED)
_47975_/C                               4.000000    8.338259   -4.338258 (VIOLATED)
_47976_/A1                              4.000000    8.338259   -4.338258 (VIOLATED)
_47983_/B                               4.000000    8.338259   -4.338258 (VIOLATED)
_47984_/A1                              4.000000    8.338259   -4.338258 (VIOLATED)
_47991_/B                               4.000000    8.338259   -4.338258 (VIOLATED)
_47992_/A1                              4.000000    8.338259   -4.338258 (VIOLATED)
_51102_/A2                              4.000000    8.338259   -4.338258 (VIOLATED)
_60277_/Q                               4.000000    8.338259   -4.338258 (VIOLATED)
_36440_/ZN                              4.000000    7.638842   -3.638842 (VIOLATED)
_36444_/A1                              4.000000    7.638842   -3.638842 (VIOLATED)
_36639_/A1                              4.000000    7.638842   -3.638842 (VIOLATED)
_36793_/A1                              4.000000    7.638842   -3.638842 (VIOLATED)
_36933_/A1                              4.000000    7.638842   -3.638842 (VIOLATED)
_36514_/ZN                              4.000000    7.388720   -3.388720 (VIOLATED)
_36515_/A1                              4.000000    7.388720   -3.388720 (VIOLATED)
_36862_/A1                              4.000000    7.388720   -3.388720 (VIOLATED)
_37002_/A1                              4.000000    7.388720   -3.388720 (VIOLATED)
_31500_/A2                              4.000000    7.270002   -3.270003 (VIOLATED)
_31501_/A1                              4.000000    7.270002   -3.270003 (VIOLATED)
_31506_/I                               4.000000    7.270002   -3.270003 (VIOLATED)
_49130_/B                               4.000000    7.270002   -3.270003 (VIOLATED)
_49132_/B2                              4.000000    7.270002   -3.270003 (VIOLATED)
_49133_/A1                              4.000000    7.270002   -3.270003 (VIOLATED)
_49148_/B                               4.000000    7.270002   -3.270003 (VIOLATED)
_49149_/B2                              4.000000    7.270002   -3.270003 (VIOLATED)
_49150_/A1                              4.000000    7.270002   -3.270003 (VIOLATED)
_49161_/B                               4.000000    7.270002   -3.270003 (VIOLATED)
_49162_/B2                              4.000000    7.270002   -3.270003 (VIOLATED)
_49163_/A1                              4.000000    7.270002   -3.270003 (VIOLATED)
_49174_/B                               4.000000    7.270002   -3.270003 (VIOLATED)
_49175_/B2                              4.000000    7.270002   -3.270003 (VIOLATED)
_49176_/A1                              4.000000    7.270002   -3.270003 (VIOLATED)
_49183_/C                               4.000000    7.270002   -3.270003 (VIOLATED)
_49185_/A1                              4.000000    7.270002   -3.270003 (VIOLATED)
_49201_/C                               4.000000    7.270002   -3.270003 (VIOLATED)
_49202_/A1                              4.000000    7.270002   -3.270003 (VIOLATED)
_49214_/A1                              4.000000    7.270002   -3.270003 (VIOLATED)
_49224_/A1                              4.000000    7.270002   -3.270003 (VIOLATED)
_49235_/C                               4.000000    7.270002   -3.270003 (VIOLATED)
_49236_/A1                              4.000000    7.270002   -3.270003 (VIOLATED)
_49245_/C                               4.000000    7.270002   -3.270003 (VIOLATED)
_49246_/A1                              4.000000    7.270002   -3.270003 (VIOLATED)
_49257_/A1                              4.000000    7.270002   -3.270003 (VIOLATED)
_49268_/A1                              4.000000    7.270002   -3.270003 (VIOLATED)
_49277_/A1                              4.000000    7.270002   -3.270003 (VIOLATED)
_49286_/A1                              4.000000    7.270002   -3.270003 (VIOLATED)
_49295_/A1                              4.000000    7.270002   -3.270003 (VIOLATED)
_49302_/C                               4.000000    7.270002   -3.270003 (VIOLATED)
_49303_/A1                              4.000000    7.270002   -3.270003 (VIOLATED)
_49309_/B                               4.000000    7.270002   -3.270003 (VIOLATED)
_49310_/A1                              4.000000    7.270002   -3.270003 (VIOLATED)
_49317_/B                               4.000000    7.270002   -3.270003 (VIOLATED)
_49318_/A1                              4.000000    7.270002   -3.270003 (VIOLATED)
_49327_/A1                              4.000000    7.270002   -3.270003 (VIOLATED)
_49336_/A1                              4.000000    7.270002   -3.270003 (VIOLATED)
_49345_/A1                              4.000000    7.270002   -3.270003 (VIOLATED)
_49354_/A1                              4.000000    7.270002   -3.270003 (VIOLATED)
_49363_/A1                              4.000000    7.270002   -3.270003 (VIOLATED)
_49369_/B                               4.000000    7.270002   -3.270003 (VIOLATED)
_49370_/A1                              4.000000    7.270002   -3.270003 (VIOLATED)
_49380_/A1                              4.000000    7.270002   -3.270003 (VIOLATED)
_49388_/A1                              4.000000    7.270002   -3.270003 (VIOLATED)
_49397_/A1                              4.000000    7.270002   -3.270003 (VIOLATED)
_49405_/A1                              4.000000    7.270002   -3.270003 (VIOLATED)
_49413_/C                               4.000000    7.270002   -3.270003 (VIOLATED)
_49414_/A1                              4.000000    7.270002   -3.270003 (VIOLATED)
_49424_/A1                              4.000000    7.270002   -3.270003 (VIOLATED)
_49432_/A1                              4.000000    7.270002   -3.270003 (VIOLATED)
_49438_/B                               4.000000    7.270002   -3.270003 (VIOLATED)
_49439_/A1                              4.000000    7.270002   -3.270003 (VIOLATED)
_51108_/A2                              4.000000    7.270002   -3.270003 (VIOLATED)
_60280_/Q                               4.000000    7.270002   -3.270003 (VIOLATED)
_34748_/Z                               4.000000    7.020442   -3.020442 (VIOLATED)
_34749_/B                               4.000000    7.020442   -3.020442 (VIOLATED)
_34753_/B                               4.000000    7.020442   -3.020442 (VIOLATED)
_34756_/B                               4.000000    7.020442   -3.020442 (VIOLATED)
_34759_/B                               4.000000    7.020442   -3.020442 (VIOLATED)
_34762_/B                               4.000000    7.020442   -3.020442 (VIOLATED)
_34766_/B                               4.000000    7.020442   -3.020442 (VIOLATED)
_34769_/B                               4.000000    7.020442   -3.020442 (VIOLATED)
_34773_/B                               4.000000    7.020442   -3.020442 (VIOLATED)
_34777_/B                               4.000000    7.020442   -3.020442 (VIOLATED)
_34780_/B                               4.000000    7.020442   -3.020442 (VIOLATED)
_34783_/B                               4.000000    7.020442   -3.020442 (VIOLATED)
_34786_/B                               4.000000    7.020442   -3.020442 (VIOLATED)
_34792_/B                               4.000000    7.020442   -3.020442 (VIOLATED)
_34796_/B                               4.000000    7.020442   -3.020442 (VIOLATED)
_34799_/B                               4.000000    7.020442   -3.020442 (VIOLATED)
_34802_/B                               4.000000    7.020442   -3.020442 (VIOLATED)
_29101_/A2                              4.000000    5.867134   -1.867134 (VIOLATED)
_29103_/A2                              4.000000    5.867134   -1.867134 (VIOLATED)
_29107_/B                               4.000000    5.867134   -1.867134 (VIOLATED)
_29112_/B                               4.000000    5.867134   -1.867134 (VIOLATED)
_29282_/B                               4.000000    5.867134   -1.867134 (VIOLATED)
_29288_/I                               4.000000    5.867134   -1.867134 (VIOLATED)
_29392_/B                               4.000000    5.867134   -1.867134 (VIOLATED)
_29453_/B                               4.000000    5.867134   -1.867134 (VIOLATED)
_29531_/B                               4.000000    5.867134   -1.867134 (VIOLATED)
_29538_/B                               4.000000    5.867134   -1.867134 (VIOLATED)
_29607_/B                               4.000000    5.867134   -1.867134 (VIOLATED)
_29616_/B                               4.000000    5.867134   -1.867134 (VIOLATED)
_29675_/B                               4.000000    5.867134   -1.867134 (VIOLATED)
_29732_/B                               4.000000    5.867134   -1.867134 (VIOLATED)
_29803_/B                               4.000000    5.867134   -1.867134 (VIOLATED)
_29860_/B                               4.000000    5.867134   -1.867134 (VIOLATED)
_29933_/B                               4.000000    5.867134   -1.867134 (VIOLATED)
_29990_/B                               4.000000    5.867134   -1.867134 (VIOLATED)
_29997_/B                               4.000000    5.867134   -1.867134 (VIOLATED)
_30044_/B                               4.000000    5.867134   -1.867134 (VIOLATED)
_30148_/B                               4.000000    5.867134   -1.867134 (VIOLATED)
_30157_/B                               4.000000    5.867134   -1.867134 (VIOLATED)
_30205_/B                               4.000000    5.867134   -1.867134 (VIOLATED)
_30263_/B                               4.000000    5.867134   -1.867134 (VIOLATED)
_30268_/B                               4.000000    5.867134   -1.867134 (VIOLATED)
_30315_/B                               4.000000    5.867134   -1.867134 (VIOLATED)
_30322_/B                               4.000000    5.867134   -1.867134 (VIOLATED)
_30364_/B                               4.000000    5.867134   -1.867134 (VIOLATED)
_30369_/B                               4.000000    5.867134   -1.867134 (VIOLATED)
_30415_/B                               4.000000    5.867134   -1.867134 (VIOLATED)
_30420_/B                               4.000000    5.867134   -1.867134 (VIOLATED)
_30465_/B                               4.000000    5.867134   -1.867134 (VIOLATED)
_30474_/B                               4.000000    5.867134   -1.867134 (VIOLATED)
_30515_/B                               4.000000    5.867134   -1.867134 (VIOLATED)
_30562_/B                               4.000000    5.867134   -1.867134 (VIOLATED)
_30569_/B                               4.000000    5.867134   -1.867134 (VIOLATED)
_30607_/B                               4.000000    5.867134   -1.867134 (VIOLATED)
_30653_/B                               4.000000    5.867134   -1.867134 (VIOLATED)
_30695_/B                               4.000000    5.867134   -1.867134 (VIOLATED)
_30738_/B                               4.000000    5.867134   -1.867134 (VIOLATED)
_30747_/B                               4.000000    5.867134   -1.867134 (VIOLATED)
_30786_/B                               4.000000    5.867134   -1.867134 (VIOLATED)
_30826_/B                               4.000000    5.867134   -1.867134 (VIOLATED)
_30835_/B                               4.000000    5.867134   -1.867134 (VIOLATED)
_30869_/B                               4.000000    5.867134   -1.867134 (VIOLATED)
_30878_/B                               4.000000    5.867134   -1.867134 (VIOLATED)
_30918_/B                               4.000000    5.867134   -1.867134 (VIOLATED)
_30963_/B                               4.000000    5.867134   -1.867134 (VIOLATED)
_47523_/A2                              4.000000    5.867134   -1.867134 (VIOLATED)
_47528_/A2                              4.000000    5.867134   -1.867134 (VIOLATED)
_59593_/Q                               4.000000    5.867134   -1.867134 (VIOLATED)
_47327_/ZN                              4.000000    5.570831   -1.570832 (VIOLATED)
_47328_/B                               4.000000    5.570831   -1.570832 (VIOLATED)
_47121_/ZN                              4.000000    5.556016   -1.556016 (VIOLATED)
_47122_/A2                              4.000000    5.556016   -1.556016 (VIOLATED)
_47168_/A3                              4.000000    5.556016   -1.556016 (VIOLATED)
_43319_/ZN                              4.000000    5.428037   -1.428037 (VIOLATED)
_43321_/A1                              4.000000    5.428037   -1.428037 (VIOLATED)
_43324_/ZN                              4.000000    5.428037   -1.428037 (VIOLATED)
_43326_/A1                              4.000000    5.428037   -1.428037 (VIOLATED)
_43329_/ZN                              4.000000    5.428037   -1.428037 (VIOLATED)
_43331_/A1                              4.000000    5.428037   -1.428037 (VIOLATED)
_43334_/ZN                              4.000000    5.428037   -1.428037 (VIOLATED)
_43336_/A1                              4.000000    5.428037   -1.428037 (VIOLATED)
_43339_/ZN                              4.000000    5.428037   -1.428037 (VIOLATED)
_43341_/A1                              4.000000    5.428037   -1.428037 (VIOLATED)
_43349_/ZN                              4.000000    5.428037   -1.428037 (VIOLATED)
_43351_/A1                              4.000000    5.428037   -1.428037 (VIOLATED)
_43463_/A1                              4.000000    5.428037   -1.428037 (VIOLATED)
_43465_/A1                              4.000000    5.428037   -1.428037 (VIOLATED)
_43467_/A1                              4.000000    5.428037   -1.428037 (VIOLATED)
_43469_/A1                              4.000000    5.428037   -1.428037 (VIOLATED)
_43471_/A1                              4.000000    5.428037   -1.428037 (VIOLATED)
_43475_/A1                              4.000000    5.428037   -1.428037 (VIOLATED)
_43537_/A1                              4.000000    5.428037   -1.428037 (VIOLATED)
_43539_/A1                              4.000000    5.428037   -1.428037 (VIOLATED)
_43541_/A1                              4.000000    5.428037   -1.428037 (VIOLATED)
_43543_/A1                              4.000000    5.428037   -1.428037 (VIOLATED)
_43545_/A1                              4.000000    5.428037   -1.428037 (VIOLATED)
_43549_/A1                              4.000000    5.428037   -1.428037 (VIOLATED)
_43611_/A1                              4.000000    5.428037   -1.428037 (VIOLATED)
_43613_/A1                              4.000000    5.428037   -1.428037 (VIOLATED)
_43615_/A1                              4.000000    5.428037   -1.428037 (VIOLATED)
_43617_/A1                              4.000000    5.428037   -1.428037 (VIOLATED)
_43619_/A1                              4.000000    5.428037   -1.428037 (VIOLATED)
_43623_/A1                              4.000000    5.428037   -1.428037 (VIOLATED)
_43684_/A1                              4.000000    5.428037   -1.428037 (VIOLATED)
_43686_/A1                              4.000000    5.428037   -1.428037 (VIOLATED)
_43688_/A1                              4.000000    5.428037   -1.428037 (VIOLATED)
_43690_/A1                              4.000000    5.428037   -1.428037 (VIOLATED)
_43692_/A1                              4.000000    5.428037   -1.428037 (VIOLATED)
_43696_/A1                              4.000000    5.428037   -1.428037 (VIOLATED)
_43757_/A1                              4.000000    5.428037   -1.428037 (VIOLATED)
_43759_/A1                              4.000000    5.428037   -1.428037 (VIOLATED)
_43761_/A1                              4.000000    5.428037   -1.428037 (VIOLATED)
_43763_/A1                              4.000000    5.428037   -1.428037 (VIOLATED)
_43765_/A1                              4.000000    5.428037   -1.428037 (VIOLATED)
_43769_/A1                              4.000000    5.428037   -1.428037 (VIOLATED)
_45580_/A1                              4.000000    5.428037   -1.428037 (VIOLATED)
_45582_/A1                              4.000000    5.428037   -1.428037 (VIOLATED)
_45584_/A1                              4.000000    5.428037   -1.428037 (VIOLATED)
_45586_/A1                              4.000000    5.428037   -1.428037 (VIOLATED)
_45588_/A1                              4.000000    5.428037   -1.428037 (VIOLATED)
_45592_/A1                              4.000000    5.428037   -1.428037 (VIOLATED)
_45653_/A1                              4.000000    5.428037   -1.428037 (VIOLATED)
_45655_/A1                              4.000000    5.428037   -1.428037 (VIOLATED)
_45657_/A1                              4.000000    5.428037   -1.428037 (VIOLATED)
_45659_/A1                              4.000000    5.428037   -1.428037 (VIOLATED)
_45661_/A1                              4.000000    5.428037   -1.428037 (VIOLATED)
_45665_/A1                              4.000000    5.428037   -1.428037 (VIOLATED)
_43453_/Z                               4.000000    5.170125   -1.170125 (VIOLATED)
_43455_/A1                              4.000000    5.170125   -1.170125 (VIOLATED)
_43529_/A1                              4.000000    5.170125   -1.170125 (VIOLATED)
_43603_/A1                              4.000000    5.170125   -1.170125 (VIOLATED)
_43677_/A1                              4.000000    5.170125   -1.170125 (VIOLATED)
_43750_/A1                              4.000000    5.170125   -1.170125 (VIOLATED)
_43823_/A1                              4.000000    5.170125   -1.170125 (VIOLATED)
_44182_/A1                              4.000000    5.170125   -1.170125 (VIOLATED)
_44548_/A1                              4.000000    5.170125   -1.170125 (VIOLATED)
_45573_/A1                              4.000000    5.170125   -1.170125 (VIOLATED)
_45646_/A1                              4.000000    5.170125   -1.170125 (VIOLATED)
_45719_/A1                              4.000000    5.170125   -1.170125 (VIOLATED)
_29109_/I                               4.000000    4.946699   -0.946699 (VIOLATED)
_29277_/A2                              4.000000    4.946699   -0.946699 (VIOLATED)
_29295_/B2                              4.000000    4.946699   -0.946699 (VIOLATED)
_29402_/A3                              4.000000    4.946699   -0.946699 (VIOLATED)
_29460_/A3                              4.000000    4.946699   -0.946699 (VIOLATED)
_29539_/B                               4.000000    4.946699   -0.946699 (VIOLATED)
_29613_/A2                              4.000000    4.946699   -0.946699 (VIOLATED)
_29739_/A3                              4.000000    4.946699   -0.946699 (VIOLATED)
_29806_/A2                              4.000000    4.946699   -0.946699 (VIOLATED)
_29863_/A2                              4.000000    4.946699   -0.946699 (VIOLATED)
_29930_/A2                              4.000000    4.946699   -0.946699 (VIOLATED)
_29939_/B2                              4.000000    4.946699   -0.946699 (VIOLATED)
_29998_/B                               4.000000    4.946699   -0.946699 (VIOLATED)
_30051_/A3                              4.000000    4.946699   -0.946699 (VIOLATED)
_30096_/B                               4.000000    4.946699   -0.946699 (VIOLATED)
_30151_/A2                              4.000000    4.946699   -0.946699 (VIOLATED)
_30212_/A3                              4.000000    4.946699   -0.946699 (VIOLATED)
_30265_/A2                              4.000000    4.946699   -0.946699 (VIOLATED)
_30323_/B                               4.000000    4.946699   -0.946699 (VIOLATED)
_30366_/A2                              4.000000    4.946699   -0.946699 (VIOLATED)
_30417_/A2                              4.000000    4.946699   -0.946699 (VIOLATED)
_30471_/A2                              4.000000    4.946699   -0.946699 (VIOLATED)
_30512_/A2                              4.000000    4.946699   -0.946699 (VIOLATED)
_30521_/B2                              4.000000    4.946699   -0.946699 (VIOLATED)
_30570_/B                               4.000000    4.946699   -0.946699 (VIOLATED)
_30610_/A2                              4.000000    4.946699   -0.946699 (VIOLATED)
_30650_/A2                              4.000000    4.946699   -0.946699 (VIOLATED)
_30659_/B2                              4.000000    4.946699   -0.946699 (VIOLATED)
_30692_/A2                              4.000000    4.946699   -0.946699 (VIOLATED)
_30701_/B2                              4.000000    4.946699   -0.946699 (VIOLATED)
_30741_/A2                              4.000000    4.946699   -0.946699 (VIOLATED)
_30832_/A2                              4.000000    4.946699   -0.946699 (VIOLATED)
_30875_/A2                              4.000000    4.946699   -0.946699 (VIOLATED)
_30915_/A2                              4.000000    4.946699   -0.946699 (VIOLATED)
_30924_/B2                              4.000000    4.946699   -0.946699 (VIOLATED)
_30960_/A2                              4.000000    4.946699   -0.946699 (VIOLATED)
_30969_/B2                              4.000000    4.946699   -0.946699 (VIOLATED)
_47527_/A2                              4.000000    4.946699   -0.946699 (VIOLATED)
_59594_/Q                               4.000000    4.946699   -0.946699 (VIOLATED)
_47148_/ZN                              4.000000    4.938292   -0.938292 (VIOLATED)
_47149_/A4                              4.000000    4.938292   -0.938292 (VIOLATED)
_47229_/A2                              4.000000    4.938292   -0.938292 (VIOLATED)
_47324_/B2                              4.000000    4.938292   -0.938292 (VIOLATED)
_43371_/ZN                              4.000000    4.898193   -0.898193 (VIOLATED)
_43376_/A1                              4.000000    4.898193   -0.898193 (VIOLATED)
_43379_/ZN                              4.000000    4.898193   -0.898193 (VIOLATED)
_43381_/A1                              4.000000    4.898193   -0.898193 (VIOLATED)
_43384_/ZN                              4.000000    4.898193   -0.898193 (VIOLATED)
_43386_/A1                              4.000000    4.898193   -0.898193 (VIOLATED)
_43389_/ZN                              4.000000    4.898193   -0.898193 (VIOLATED)
_43391_/A1                              4.000000    4.898193   -0.898193 (VIOLATED)
_43394_/ZN                              4.000000    4.898193   -0.898193 (VIOLATED)
_43396_/A1                              4.000000    4.898193   -0.898193 (VIOLATED)
_43399_/ZN                              4.000000    4.898193   -0.898193 (VIOLATED)
_43401_/A1                              4.000000    4.898193   -0.898193 (VIOLATED)
_43404_/ZN                              4.000000    4.898193   -0.898193 (VIOLATED)
_43406_/A1                              4.000000    4.898193   -0.898193 (VIOLATED)
_43409_/ZN                              4.000000    4.898193   -0.898193 (VIOLATED)
_43411_/A1                              4.000000    4.898193   -0.898193 (VIOLATED)
_43497_/A1                              4.000000    4.898193   -0.898193 (VIOLATED)
_43499_/A1                              4.000000    4.898193   -0.898193 (VIOLATED)
_43501_/A1                              4.000000    4.898193   -0.898193 (VIOLATED)
_43503_/A1                              4.000000    4.898193   -0.898193 (VIOLATED)
_43505_/A1                              4.000000    4.898193   -0.898193 (VIOLATED)
_43507_/A1                              4.000000    4.898193   -0.898193 (VIOLATED)
_43509_/A1                              4.000000    4.898193   -0.898193 (VIOLATED)
_43511_/A1                              4.000000    4.898193   -0.898193 (VIOLATED)
_43571_/A1                              4.000000    4.898193   -0.898193 (VIOLATED)
_43573_/A1                              4.000000    4.898193   -0.898193 (VIOLATED)
_43575_/A1                              4.000000    4.898193   -0.898193 (VIOLATED)
_43577_/A1                              4.000000    4.898193   -0.898193 (VIOLATED)
_43579_/A1                              4.000000    4.898193   -0.898193 (VIOLATED)
_43581_/A1                              4.000000    4.898193   -0.898193 (VIOLATED)
_43583_/A1                              4.000000    4.898193   -0.898193 (VIOLATED)
_43585_/A1                              4.000000    4.898193   -0.898193 (VIOLATED)
_43645_/A1                              4.000000    4.898193   -0.898193 (VIOLATED)
_43647_/A1                              4.000000    4.898193   -0.898193 (VIOLATED)
_43649_/A1                              4.000000    4.898193   -0.898193 (VIOLATED)
_43651_/A1                              4.000000    4.898193   -0.898193 (VIOLATED)
_43653_/A1                              4.000000    4.898193   -0.898193 (VIOLATED)
_43655_/A1                              4.000000    4.898193   -0.898193 (VIOLATED)
_43657_/A1                              4.000000    4.898193   -0.898193 (VIOLATED)
_43659_/A1                              4.000000    4.898193   -0.898193 (VIOLATED)
_43718_/A1                              4.000000    4.898193   -0.898193 (VIOLATED)
_43720_/A1                              4.000000    4.898193   -0.898193 (VIOLATED)
_43722_/A1                              4.000000    4.898193   -0.898193 (VIOLATED)
_43724_/A1                              4.000000    4.898193   -0.898193 (VIOLATED)
_43726_/A1                              4.000000    4.898193   -0.898193 (VIOLATED)
_43728_/A1                              4.000000    4.898193   -0.898193 (VIOLATED)
_43730_/A1                              4.000000    4.898193   -0.898193 (VIOLATED)
_43732_/A1                              4.000000    4.898193   -0.898193 (VIOLATED)
_43791_/A1                              4.000000    4.898193   -0.898193 (VIOLATED)
_43793_/A1                              4.000000    4.898193   -0.898193 (VIOLATED)
_43795_/A1                              4.000000    4.898193   -0.898193 (VIOLATED)
_43797_/A1                              4.000000    4.898193   -0.898193 (VIOLATED)
_43799_/A1                              4.000000    4.898193   -0.898193 (VIOLATED)
_43801_/A1                              4.000000    4.898193   -0.898193 (VIOLATED)
_43803_/A1                              4.000000    4.898193   -0.898193 (VIOLATED)
_43805_/A1                              4.000000    4.898193   -0.898193 (VIOLATED)
_45614_/A1                              4.000000    4.898193   -0.898193 (VIOLATED)
_45616_/A1                              4.000000    4.898193   -0.898193 (VIOLATED)
_45618_/A1                              4.000000    4.898193   -0.898193 (VIOLATED)
_45620_/A1                              4.000000    4.898193   -0.898193 (VIOLATED)
_45622_/A1                              4.000000    4.898193   -0.898193 (VIOLATED)
_45624_/A1                              4.000000    4.898193   -0.898193 (VIOLATED)
_45626_/A1                              4.000000    4.898193   -0.898193 (VIOLATED)
_45628_/A1                              4.000000    4.898193   -0.898193 (VIOLATED)
_45687_/A1                              4.000000    4.898193   -0.898193 (VIOLATED)
_45689_/A1                              4.000000    4.898193   -0.898193 (VIOLATED)
_45691_/A1                              4.000000    4.898193   -0.898193 (VIOLATED)
_45693_/A1                              4.000000    4.898193   -0.898193 (VIOLATED)
_45695_/A1                              4.000000    4.898193   -0.898193 (VIOLATED)
_45697_/A1                              4.000000    4.898193   -0.898193 (VIOLATED)
_45699_/A1                              4.000000    4.898193   -0.898193 (VIOLATED)
_45701_/A1                              4.000000    4.898193   -0.898193 (VIOLATED)
_43306_/ZN                              4.000000    4.898189   -0.898189 (VIOLATED)
_43316_/A1                              4.000000    4.898189   -0.898189 (VIOLATED)
_43344_/ZN                              4.000000    4.898189   -0.898189 (VIOLATED)
_43346_/A1                              4.000000    4.898189   -0.898189 (VIOLATED)
_43461_/A1                              4.000000    4.898189   -0.898189 (VIOLATED)
_43473_/A1                              4.000000    4.898189   -0.898189 (VIOLATED)
_43535_/A1                              4.000000    4.898189   -0.898189 (VIOLATED)
_43547_/A1                              4.000000    4.898189   -0.898189 (VIOLATED)
_43609_/A1                              4.000000    4.898189   -0.898189 (VIOLATED)
_43621_/A1                              4.000000    4.898189   -0.898189 (VIOLATED)
_43682_/A1                              4.000000    4.898189   -0.898189 (VIOLATED)
_43694_/A1                              4.000000    4.898189   -0.898189 (VIOLATED)
_43755_/A1                              4.000000    4.898189   -0.898189 (VIOLATED)
_43767_/A1                              4.000000    4.898189   -0.898189 (VIOLATED)
_45578_/A1                              4.000000    4.898189   -0.898189 (VIOLATED)
_45590_/A1                              4.000000    4.898189   -0.898189 (VIOLATED)
_45651_/A1                              4.000000    4.898189   -0.898189 (VIOLATED)
_45663_/A1                              4.000000    4.898189   -0.898189 (VIOLATED)
_40206_/ZN                              4.000000    4.885018   -0.885018 (VIOLATED)
_40216_/A1                              4.000000    4.885018   -0.885018 (VIOLATED)
_40321_/A1                              4.000000    4.885018   -0.885018 (VIOLATED)
_40393_/A1                              4.000000    4.885018   -0.885018 (VIOLATED)
_40455_/A2                              4.000000    4.885018   -0.885018 (VIOLATED)
_40511_/A2                              4.000000    4.885018   -0.885018 (VIOLATED)
_40570_/A2                              4.000000    4.885018   -0.885018 (VIOLATED)
_40627_/A2                              4.000000    4.885018   -0.885018 (VIOLATED)
_40862_/A1                              4.000000    4.885018   -0.885018 (VIOLATED)
_41441_/A1                              4.000000    4.885018   -0.885018 (VIOLATED)
_42034_/A1                              4.000000    4.885018   -0.885018 (VIOLATED)
_42612_/A2                              4.000000    4.885018   -0.885018 (VIOLATED)
_42731_/A2                              4.000000    4.885018   -0.885018 (VIOLATED)
_42787_/A1                              4.000000    4.885018   -0.885018 (VIOLATED)
_42844_/A1                              4.000000    4.885018   -0.885018 (VIOLATED)
_42900_/A1                              4.000000    4.885018   -0.885018 (VIOLATED)
_42955_/A1                              4.000000    4.885018   -0.885018 (VIOLATED)
_47187_/Z                               4.000000    4.844545   -0.844545 (VIOLATED)
_47190_/A3                              4.000000    4.844545   -0.844545 (VIOLATED)
_47192_/A3                              4.000000    4.844545   -0.844545 (VIOLATED)
_47194_/A3                              4.000000    4.844545   -0.844545 (VIOLATED)
_47196_/A3                              4.000000    4.844545   -0.844545 (VIOLATED)
_47198_/A3                              4.000000    4.844545   -0.844545 (VIOLATED)
_47200_/A3                              4.000000    4.844545   -0.844545 (VIOLATED)
_47202_/A3                              4.000000    4.844545   -0.844545 (VIOLATED)
_47204_/A3                              4.000000    4.844545   -0.844545 (VIOLATED)
_47206_/A3                              4.000000    4.844545   -0.844545 (VIOLATED)
_47208_/A3                              4.000000    4.844545   -0.844545 (VIOLATED)
_47210_/A3                              4.000000    4.844545   -0.844545 (VIOLATED)
_47212_/A3                              4.000000    4.844545   -0.844545 (VIOLATED)
_47213_/A3                              4.000000    4.844545   -0.844545 (VIOLATED)
_47215_/A3                              4.000000    4.844545   -0.844545 (VIOLATED)
_47217_/A3                              4.000000    4.844545   -0.844545 (VIOLATED)
_47219_/A3                              4.000000    4.844545   -0.844545 (VIOLATED)
spi_flash_sd_io_IE[1]                   4.000000    4.691360   -0.691360 (VIOLATED)
_29831_/ZN                              4.000000    4.691360   -0.691360 (VIOLATED)
_29832_/I                               4.000000    4.691360   -0.691360 (VIOLATED)
spi_flash_sck_o_OUT                     4.000000    4.469049   -0.469049 (VIOLATED)
_29476_/ZN                              4.000000    4.469049   -0.469049 (VIOLATED)
_29480_/A2                              4.000000    4.469049   -0.469049 (VIOLATED)
spi_flash_cs_o_OUT                      4.000000    4.467286   -0.467286 (VIOLATED)
_29555_/ZN                              4.000000    4.467286   -0.467286 (VIOLATED)
_29585_/A2                              4.000000    4.467286   -0.467286 (VIOLATED)
_55512_/ZN                              4.000000    4.422904   -0.422904 (VIOLATED)
_55513_/A2                              4.000000    4.422904   -0.422904 (VIOLATED)
_50307_/ZN                              4.000000    4.356421   -0.356421 (VIOLATED)
_50308_/A1                              4.000000    4.356421   -0.356421 (VIOLATED)
_50327_/B2                              4.000000    4.356421   -0.356421 (VIOLATED)
_50339_/A1                              4.000000    4.356421   -0.356421 (VIOLATED)
_50355_/A1                              4.000000    4.356421   -0.356421 (VIOLATED)
_50377_/B2                              4.000000    4.356421   -0.356421 (VIOLATED)
_50391_/A1                              4.000000    4.356421   -0.356421 (VIOLATED)
_50401_/A1                              4.000000    4.356421   -0.356421 (VIOLATED)
_50422_/B1                              4.000000    4.356421   -0.356421 (VIOLATED)
_50429_/A1                              4.000000    4.356421   -0.356421 (VIOLATED)
_50434_/A1                              4.000000    4.356421   -0.356421 (VIOLATED)
_50438_/B1                              4.000000    4.356421   -0.356421 (VIOLATED)
_50443_/A1                              4.000000    4.356421   -0.356421 (VIOLATED)
_50448_/A1                              4.000000    4.356421   -0.356421 (VIOLATED)
_50452_/B1                              4.000000    4.356421   -0.356421 (VIOLATED)
_50457_/A1                              4.000000    4.356421   -0.356421 (VIOLATED)
_50461_/B1                              4.000000    4.356421   -0.356421 (VIOLATED)
_32457_/I                               4.000000    4.353530   -0.353531 (VIOLATED)
_36385_/A2                              4.000000    4.353530   -0.353531 (VIOLATED)
_47445_/A2                              4.000000    4.353530   -0.353531 (VIOLATED)
_55564_/RN                              4.000000    4.353530   -0.353531 (VIOLATED)
_55565_/RN                              4.000000    4.353530   -0.353531 (VIOLATED)
_55566_/RN                              4.000000    4.353530   -0.353531 (VIOLATED)
_59044_/RN                              4.000000    4.353530   -0.353531 (VIOLATED)
_59045_/RN                              4.000000    4.353530   -0.353531 (VIOLATED)
_59046_/RN                              4.000000    4.353530   -0.353531 (VIOLATED)
_59047_/RN                              4.000000    4.353530   -0.353531 (VIOLATED)
_59570_/RN                              4.000000    4.353530   -0.353531 (VIOLATED)
_59571_/RN                              4.000000    4.353530   -0.353531 (VIOLATED)
_59572_/RN                              4.000000    4.353530   -0.353531 (VIOLATED)
_59573_/RN                              4.000000    4.353530   -0.353531 (VIOLATED)
_59574_/RN                              4.000000    4.353530   -0.353531 (VIOLATED)
_59575_/SETN                            4.000000    4.353530   -0.353531 (VIOLATED)
_59584_/RN                              4.000000    4.353530   -0.353531 (VIOLATED)
_59585_/RN                              4.000000    4.353530   -0.353531 (VIOLATED)
_59586_/RN                              4.000000    4.353530   -0.353531 (VIOLATED)
_59587_/RN                              4.000000    4.353530   -0.353531 (VIOLATED)
_60501_/SETN                            4.000000    4.353530   -0.353531 (VIOLATED)
_60502_/SETN                            4.000000    4.353530   -0.353531 (VIOLATED)
_60503_/Q                               4.000000    4.353530   -0.353531 (VIOLATED)
_40239_/ZN                              4.000000    4.333053   -0.333053 (VIOLATED)
_40240_/A2                              4.000000    4.333053   -0.333053 (VIOLATED)
_40250_/A2                              4.000000    4.333053   -0.333053 (VIOLATED)
_40258_/A1                              4.000000    4.333053   -0.333053 (VIOLATED)
_40266_/A1                              4.000000    4.333053   -0.333053 (VIOLATED)
_40275_/A1                              4.000000    4.333053   -0.333053 (VIOLATED)
_40283_/A1                              4.000000    4.333053   -0.333053 (VIOLATED)
_40291_/A1                              4.000000    4.333053   -0.333053 (VIOLATED)
_40299_/A1                              4.000000    4.333053   -0.333053 (VIOLATED)
_40308_/A2                              4.000000    4.333053   -0.333053 (VIOLATED)
_40316_/A2                              4.000000    4.333053   -0.333053 (VIOLATED)
_40329_/A2                              4.000000    4.333053   -0.333053 (VIOLATED)
_40337_/A2                              4.000000    4.333053   -0.333053 (VIOLATED)
_40343_/ZN                              4.000000    4.333053   -0.333053 (VIOLATED)
_40344_/A2                              4.000000    4.333053   -0.333053 (VIOLATED)
_40352_/A2                              4.000000    4.333053   -0.333053 (VIOLATED)
_40359_/A1                              4.000000    4.333053   -0.333053 (VIOLATED)
_40367_/A1                              4.000000    4.333053   -0.333053 (VIOLATED)
_40373_/A2                              4.000000    4.333053   -0.333053 (VIOLATED)
_40378_/A2                              4.000000    4.333053   -0.333053 (VIOLATED)
_40383_/A1                              4.000000    4.333053   -0.333053 (VIOLATED)
_40388_/A1                              4.000000    4.333053   -0.333053 (VIOLATED)
_40398_/A1                              4.000000    4.333053   -0.333053 (VIOLATED)
_40403_/A1                              4.000000    4.333053   -0.333053 (VIOLATED)
_40408_/A1                              4.000000    4.333053   -0.333053 (VIOLATED)
_40413_/A1                              4.000000    4.333053   -0.333053 (VIOLATED)
_40418_/A2                              4.000000    4.333053   -0.333053 (VIOLATED)
_40423_/A2                              4.000000    4.333053   -0.333053 (VIOLATED)
_40428_/A2                              4.000000    4.333053   -0.333053 (VIOLATED)
_40433_/A2                              4.000000    4.333053   -0.333053 (VIOLATED)
_40538_/ZN                              4.000000    4.333053   -0.333053 (VIOLATED)
_40539_/A2                              4.000000    4.333053   -0.333053 (VIOLATED)
_40545_/A2                              4.000000    4.333053   -0.333053 (VIOLATED)
_40550_/A1                              4.000000    4.333053   -0.333053 (VIOLATED)
_40555_/A1                              4.000000    4.333053   -0.333053 (VIOLATED)
_40560_/A2                              4.000000    4.333053   -0.333053 (VIOLATED)
_40565_/A2                              4.000000    4.333053   -0.333053 (VIOLATED)
_40575_/A1                              4.000000    4.333053   -0.333053 (VIOLATED)
_40580_/A1                              4.000000    4.333053   -0.333053 (VIOLATED)
_40585_/A1                              4.000000    4.333053   -0.333053 (VIOLATED)
_40590_/A1                              4.000000    4.333053   -0.333053 (VIOLATED)
_40595_/A1                              4.000000    4.333053   -0.333053 (VIOLATED)
_40600_/A1                              4.000000    4.333053   -0.333053 (VIOLATED)
_40605_/A2                              4.000000    4.333053   -0.333053 (VIOLATED)
_40610_/A2                              4.000000    4.333053   -0.333053 (VIOLATED)
_40615_/A2                              4.000000    4.333053   -0.333053 (VIOLATED)
_40621_/A2                              4.000000    4.333053   -0.333053 (VIOLATED)
_40632_/ZN                              4.000000    4.333053   -0.333053 (VIOLATED)
_40633_/A2                              4.000000    4.333053   -0.333053 (VIOLATED)
_40638_/A2                              4.000000    4.333053   -0.333053 (VIOLATED)
_40643_/A1                              4.000000    4.333053   -0.333053 (VIOLATED)
_40648_/A1                              4.000000    4.333053   -0.333053 (VIOLATED)
_40653_/A2                              4.000000    4.333053   -0.333053 (VIOLATED)
_40658_/A2                              4.000000    4.333053   -0.333053 (VIOLATED)
_40663_/A1                              4.000000    4.333053   -0.333053 (VIOLATED)
_40668_/A1                              4.000000    4.333053   -0.333053 (VIOLATED)
_40673_/A1                              4.000000    4.333053   -0.333053 (VIOLATED)
_40678_/A1                              4.000000    4.333053   -0.333053 (VIOLATED)
_40683_/ZN                              4.000000    4.333053   -0.333053 (VIOLATED)
_40684_/A2                              4.000000    4.333053   -0.333053 (VIOLATED)
_40689_/A1                              4.000000    4.333053   -0.333053 (VIOLATED)
_40694_/A1                              4.000000    4.333053   -0.333053 (VIOLATED)
_40699_/A2                              4.000000    4.333053   -0.333053 (VIOLATED)
_40705_/A2                              4.000000    4.333053   -0.333053 (VIOLATED)
_40711_/A2                              4.000000    4.333053   -0.333053 (VIOLATED)
_40716_/A2                              4.000000    4.333053   -0.333053 (VIOLATED)
_40721_/ZN                              4.000000    4.333053   -0.333053 (VIOLATED)
_40722_/A2                              4.000000    4.333053   -0.333053 (VIOLATED)
_40727_/A2                              4.000000    4.333053   -0.333053 (VIOLATED)
_40732_/A1                              4.000000    4.333053   -0.333053 (VIOLATED)
_40737_/A1                              4.000000    4.333053   -0.333053 (VIOLATED)
_40742_/A2                              4.000000    4.333053   -0.333053 (VIOLATED)
_40747_/A2                              4.000000    4.333053   -0.333053 (VIOLATED)
_40752_/A2                              4.000000    4.333053   -0.333053 (VIOLATED)
_40757_/A1                              4.000000    4.333053   -0.333053 (VIOLATED)
_40762_/A1                              4.000000    4.333053   -0.333053 (VIOLATED)
_40767_/A1                              4.000000    4.333053   -0.333053 (VIOLATED)
_40772_/A1                              4.000000    4.333053   -0.333053 (VIOLATED)
_40777_/A1                              4.000000    4.333053   -0.333053 (VIOLATED)
_40782_/A1                              4.000000    4.333053   -0.333053 (VIOLATED)
_40788_/A2                              4.000000    4.333053   -0.333053 (VIOLATED)
_40794_/A2                              4.000000    4.333053   -0.333053 (VIOLATED)
_40799_/A1                              4.000000    4.333053   -0.333053 (VIOLATED)
_40804_/A2                              4.000000    4.333053   -0.333053 (VIOLATED)
_40809_/A2                              4.000000    4.333053   -0.333053 (VIOLATED)
_40856_/A1                              4.000000    4.333053   -0.333053 (VIOLATED)
_40909_/ZN                              4.000000    4.333053   -0.333053 (VIOLATED)
_40910_/A2                              4.000000    4.333053   -0.333053 (VIOLATED)
_40915_/A2                              4.000000    4.333053   -0.333053 (VIOLATED)
_40920_/A2                              4.000000    4.333053   -0.333053 (VIOLATED)
_40925_/A1                              4.000000    4.333053   -0.333053 (VIOLATED)
_40930_/A1                              4.000000    4.333053   -0.333053 (VIOLATED)
_40935_/A2                              4.000000    4.333053   -0.333053 (VIOLATED)
_40940_/A2                              4.000000    4.333053   -0.333053 (VIOLATED)
_40945_/A1                              4.000000    4.333053   -0.333053 (VIOLATED)
_40950_/A1                              4.000000    4.333053   -0.333053 (VIOLATED)
_40956_/A1                              4.000000    4.333053   -0.333053 (VIOLATED)
_40962_/A1                              4.000000    4.333053   -0.333053 (VIOLATED)
_40967_/A1                              4.000000    4.333053   -0.333053 (VIOLATED)
_40972_/A1                              4.000000    4.333053   -0.333053 (VIOLATED)
_40977_/A2                              4.000000    4.333053   -0.333053 (VIOLATED)
_40982_/A2                              4.000000    4.333053   -0.333053 (VIOLATED)
_40987_/A2                              4.000000    4.333053   -0.333053 (VIOLATED)
_40992_/A2                              4.000000    4.333053   -0.333053 (VIOLATED)
_40997_/A2                              4.000000    4.333053   -0.333053 (VIOLATED)
_41002_/ZN                              4.000000    4.333053   -0.333053 (VIOLATED)
_41003_/A2                              4.000000    4.333053   -0.333053 (VIOLATED)
_41008_/A2                              4.000000    4.333053   -0.333053 (VIOLATED)
_41013_/A1                              4.000000    4.333053   -0.333053 (VIOLATED)
_41018_/A1                              4.000000    4.333053   -0.333053 (VIOLATED)
_41023_/A2                              4.000000    4.333053   -0.333053 (VIOLATED)
_41028_/A2                              4.000000    4.333053   -0.333053 (VIOLATED)
_41033_/A1                              4.000000    4.333053   -0.333053 (VIOLATED)
_41039_/A1                              4.000000    4.333053   -0.333053 (VIOLATED)
_41045_/A1                              4.000000    4.333053   -0.333053 (VIOLATED)
_41050_/A1                              4.000000    4.333053   -0.333053 (VIOLATED)
_41055_/A1                              4.000000    4.333053   -0.333053 (VIOLATED)
_41060_/A1                              4.000000    4.333053   -0.333053 (VIOLATED)
_41065_/A1                              4.000000    4.333053   -0.333053 (VIOLATED)
_41070_/A2                              4.000000    4.333053   -0.333053 (VIOLATED)
_41075_/A2                              4.000000    4.333053   -0.333053 (VIOLATED)
_41080_/A2                              4.000000    4.333053   -0.333053 (VIOLATED)
_41085_/A2                              4.000000    4.333053   -0.333053 (VIOLATED)
_41090_/A1                              4.000000    4.333053   -0.333053 (VIOLATED)
_41095_/ZN                              4.000000    4.333053   -0.333053 (VIOLATED)
_41096_/A2                              4.000000    4.333053   -0.333053 (VIOLATED)
_41101_/A2                              4.000000    4.333053   -0.333053 (VIOLATED)
_41106_/A1                              4.000000    4.333053   -0.333053 (VIOLATED)
_41111_/A1                              4.000000    4.333053   -0.333053 (VIOLATED)
_41116_/A2                              4.000000    4.333053   -0.333053 (VIOLATED)
_41122_/A2                              4.000000    4.333053   -0.333053 (VIOLATED)
_41128_/A1                              4.000000    4.333053   -0.333053 (VIOLATED)
_41133_/A1                              4.000000    4.333053   -0.333053 (VIOLATED)
_41138_/A1                              4.000000    4.333053   -0.333053 (VIOLATED)
_41143_/A1                              4.000000    4.333053   -0.333053 (VIOLATED)
_41148_/A1                              4.000000    4.333053   -0.333053 (VIOLATED)
_41153_/A1                              4.000000    4.333053   -0.333053 (VIOLATED)
_41158_/A1                              4.000000    4.333053   -0.333053 (VIOLATED)
_41163_/A2                              4.000000    4.333053   -0.333053 (VIOLATED)
_41168_/A2                              4.000000    4.333053   -0.333053 (VIOLATED)
_41173_/A2                              4.000000    4.333053   -0.333053 (VIOLATED)
_41178_/A2                              4.000000    4.333053   -0.333053 (VIOLATED)
_41207_/A1                              4.000000    4.333053   -0.333053 (VIOLATED)
_41263_/A1                              4.000000    4.333053   -0.333053 (VIOLATED)
_41278_/ZN                              4.000000    4.333053   -0.333053 (VIOLATED)
_41279_/A2                              4.000000    4.333053   -0.333053 (VIOLATED)
_41284_/A2                              4.000000    4.333053   -0.333053 (VIOLATED)
_41290_/A1                              4.000000    4.333053   -0.333053 (VIOLATED)
_41296_/A1                              4.000000    4.333053   -0.333053 (VIOLATED)
_41301_/A2                              4.000000    4.333053   -0.333053 (VIOLATED)
_41306_/A2                              4.000000    4.333053   -0.333053 (VIOLATED)
_41311_/A1                              4.000000    4.333053   -0.333053 (VIOLATED)
_41316_/A1                              4.000000    4.333053   -0.333053 (VIOLATED)
_41321_/A1                              4.000000    4.333053   -0.333053 (VIOLATED)
_41326_/A1                              4.000000    4.333053   -0.333053 (VIOLATED)
_41331_/A1                              4.000000    4.333053   -0.333053 (VIOLATED)
_41336_/A1                              4.000000    4.333053   -0.333053 (VIOLATED)
_41341_/A1                              4.000000    4.333053   -0.333053 (VIOLATED)
_41346_/A2                              4.000000    4.333053   -0.333053 (VIOLATED)
_41351_/A2                              4.000000    4.333053   -0.333053 (VIOLATED)
_41356_/A2                              4.000000    4.333053   -0.333053 (VIOLATED)
_41361_/A2                              4.000000    4.333053   -0.333053 (VIOLATED)
_41366_/ZN                              4.000000    4.333053   -0.333053 (VIOLATED)
_41367_/A2                              4.000000    4.333053   -0.333053 (VIOLATED)
_41373_/A2                              4.000000    4.333053   -0.333053 (VIOLATED)
_41379_/A2                              4.000000    4.333053   -0.333053 (VIOLATED)
_41384_/A1                              4.000000    4.333053   -0.333053 (VIOLATED)
_41389_/A1                              4.000000    4.333053   -0.333053 (VIOLATED)
_41394_/A2                              4.000000    4.333053   -0.333053 (VIOLATED)
_41399_/A2                              4.000000    4.333053   -0.333053 (VIOLATED)
_41404_/A1                              4.000000    4.333053   -0.333053 (VIOLATED)
_41409_/A1                              4.000000    4.333053   -0.333053 (VIOLATED)
_41414_/A1                              4.000000    4.333053   -0.333053 (VIOLATED)
_41419_/A1                              4.000000    4.333053   -0.333053 (VIOLATED)
_41425_/A1                              4.000000    4.333053   -0.333053 (VIOLATED)
_41431_/A1                              4.000000    4.333053   -0.333053 (VIOLATED)
_41436_/A2                              4.000000    4.333053   -0.333053 (VIOLATED)
_41446_/A2                              4.000000    4.333053   -0.333053 (VIOLATED)
_41451_/A2                              4.000000    4.333053   -0.333053 (VIOLATED)
_41457_/A2                              4.000000    4.333053   -0.333053 (VIOLATED)
_41463_/A2                              4.000000    4.333053   -0.333053 (VIOLATED)
_41468_/ZN                              4.000000    4.333053   -0.333053 (VIOLATED)
_41469_/A2                              4.000000    4.333053   -0.333053 (VIOLATED)
_41474_/A2                              4.000000    4.333053   -0.333053 (VIOLATED)
_41479_/A1                              4.000000    4.333053   -0.333053 (VIOLATED)
_41484_/A1                              4.000000    4.333053   -0.333053 (VIOLATED)
_41489_/A2                              4.000000    4.333053   -0.333053 (VIOLATED)
_41494_/A2                              4.000000    4.333053   -0.333053 (VIOLATED)
_41499_/A2                              4.000000    4.333053   -0.333053 (VIOLATED)
_41504_/A1                              4.000000    4.333053   -0.333053 (VIOLATED)
_41509_/A1                              4.000000    4.333053   -0.333053 (VIOLATED)
_41515_/A1                              4.000000    4.333053   -0.333053 (VIOLATED)
_41521_/A1                              4.000000    4.333053   -0.333053 (VIOLATED)
_41526_/A1                              4.000000    4.333053   -0.333053 (VIOLATED)
_41531_/A1                              4.000000    4.333053   -0.333053 (VIOLATED)
_41536_/A2                              4.000000    4.333053   -0.333053 (VIOLATED)
_41542_/A2                              4.000000    4.333053   -0.333053 (VIOLATED)
_41548_/A2                              4.000000    4.333053   -0.333053 (VIOLATED)
_41553_/A2                              4.000000    4.333053   -0.333053 (VIOLATED)
_41558_/A2                              4.000000    4.333053   -0.333053 (VIOLATED)
_41616_/ZN                              4.000000    4.333053   -0.333053 (VIOLATED)
_41617_/A2                              4.000000    4.333053   -0.333053 (VIOLATED)
_41658_/ZN                              4.000000    4.333053   -0.333053 (VIOLATED)
_41659_/A2                              4.000000    4.333053   -0.333053 (VIOLATED)
_41664_/A2                              4.000000    4.333053   -0.333053 (VIOLATED)
_41670_/A1                              4.000000    4.333053   -0.333053 (VIOLATED)
_41675_/A1                              4.000000    4.333053   -0.333053 (VIOLATED)
_41680_/A2                              4.000000    4.333053   -0.333053 (VIOLATED)
_41686_/A2                              4.000000    4.333053   -0.333053 (VIOLATED)
_41692_/A2                              4.000000    4.333053   -0.333053 (VIOLATED)
_41698_/A1                              4.000000    4.333053   -0.333053 (VIOLATED)
_41704_/A1                              4.000000    4.333053   -0.333053 (VIOLATED)
_41709_/A1                              4.000000    4.333053   -0.333053 (VIOLATED)
_41714_/A1                              4.000000    4.333053   -0.333053 (VIOLATED)
_41720_/A1                              4.000000    4.333053   -0.333053 (VIOLATED)
_41726_/A1                              4.000000    4.333053   -0.333053 (VIOLATED)
_41731_/A2                              4.000000    4.333053   -0.333053 (VIOLATED)
_41736_/A2                              4.000000    4.333053   -0.333053 (VIOLATED)
_41741_/A1                              4.000000    4.333053   -0.333053 (VIOLATED)
_41746_/A2                              4.000000    4.333053   -0.333053 (VIOLATED)
_41751_/A2                              4.000000    4.333053   -0.333053 (VIOLATED)
_41756_/ZN                              4.000000    4.333053   -0.333053 (VIOLATED)
_41757_/A2                              4.000000    4.333053   -0.333053 (VIOLATED)
_41762_/A2                              4.000000    4.333053   -0.333053 (VIOLATED)
_41767_/A1                              4.000000    4.333053   -0.333053 (VIOLATED)
_41773_/A1                              4.000000    4.333053   -0.333053 (VIOLATED)
_41778_/A2                              4.000000    4.333053   -0.333053 (VIOLATED)
_41783_/A2                              4.000000    4.333053   -0.333053 (VIOLATED)
_41788_/A1                              4.000000    4.333053   -0.333053 (VIOLATED)
_41793_/A1                              4.000000    4.333053   -0.333053 (VIOLATED)
_41798_/A1                              4.000000    4.333053   -0.333053 (VIOLATED)
_41804_/A1                              4.000000    4.333053   -0.333053 (VIOLATED)
_41810_/A1                              4.000000    4.333053   -0.333053 (VIOLATED)
_41815_/A1                              4.000000    4.333053   -0.333053 (VIOLATED)
_41820_/A1                              4.000000    4.333053   -0.333053 (VIOLATED)
_41825_/A2                              4.000000    4.333053   -0.333053 (VIOLATED)
_41830_/A2                              4.000000    4.333053   -0.333053 (VIOLATED)
_41835_/A2                              4.000000    4.333053   -0.333053 (VIOLATED)
_41840_/A2                              4.000000    4.333053   -0.333053 (VIOLATED)
_41845_/ZN                              4.000000    4.333053   -0.333053 (VIOLATED)
_41846_/A2                              4.000000    4.333053   -0.333053 (VIOLATED)
_41851_/A2                              4.000000    4.333053   -0.333053 (VIOLATED)
_41856_/A2                              4.000000    4.333053   -0.333053 (VIOLATED)
_41861_/A1                              4.000000    4.333053   -0.333053 (VIOLATED)
_41866_/A1                              4.000000    4.333053   -0.333053 (VIOLATED)
_41871_/A2                              4.000000    4.333053   -0.333053 (VIOLATED)
_41876_/A2                              4.000000    4.333053   -0.333053 (VIOLATED)
_41881_/A1                              4.000000    4.333053   -0.333053 (VIOLATED)
_41887_/A1                              4.000000    4.333053   -0.333053 (VIOLATED)
_41893_/A1                              4.000000    4.333053   -0.333053 (VIOLATED)
_41898_/A1                              4.000000    4.333053   -0.333053 (VIOLATED)
_41903_/A1                              4.000000    4.333053   -0.333053 (VIOLATED)
_41908_/A1                              4.000000    4.333053   -0.333053 (VIOLATED)
_41913_/A2                              4.000000    4.333053   -0.333053 (VIOLATED)
_41918_/A2                              4.000000    4.333053   -0.333053 (VIOLATED)
_41923_/A2                              4.000000    4.333053   -0.333053 (VIOLATED)
_41928_/A2                              4.000000    4.333053   -0.333053 (VIOLATED)
_41933_/A2                              4.000000    4.333053   -0.333053 (VIOLATED)
_41973_/A1                              4.000000    4.333053   -0.333053 (VIOLATED)
_42029_/A1                              4.000000    4.333053   -0.333053 (VIOLATED)
_42039_/ZN                              4.000000    4.333053   -0.333053 (VIOLATED)
_42040_/A2                              4.000000    4.333053   -0.333053 (VIOLATED)
_42045_/A2                              4.000000    4.333053   -0.333053 (VIOLATED)
_42050_/A1                              4.000000    4.333053   -0.333053 (VIOLATED)
_42056_/A1                              4.000000    4.333053   -0.333053 (VIOLATED)
_42062_/A2                              4.000000    4.333053   -0.333053 (VIOLATED)
_42067_/A2                              4.000000    4.333053   -0.333053 (VIOLATED)
_42072_/A1                              4.000000    4.333053   -0.333053 (VIOLATED)
_42077_/A1                              4.000000    4.333053   -0.333053 (VIOLATED)
_42082_/A1                              4.000000    4.333053   -0.333053 (VIOLATED)
_42087_/A1                              4.000000    4.333053   -0.333053 (VIOLATED)
_42092_/A1                              4.000000    4.333053   -0.333053 (VIOLATED)
_42097_/A1                              4.000000    4.333053   -0.333053 (VIOLATED)
_42102_/A1                              4.000000    4.333053   -0.333053 (VIOLATED)
_42107_/A2                              4.000000    4.333053   -0.333053 (VIOLATED)
_42112_/A2                              4.000000    4.333053   -0.333053 (VIOLATED)
_42117_/A2                              4.000000    4.333053   -0.333053 (VIOLATED)
_42122_/A2                              4.000000    4.333053   -0.333053 (VIOLATED)
_42127_/ZN                              4.000000    4.333053   -0.333053 (VIOLATED)
_42128_/A2                              4.000000    4.333053   -0.333053 (VIOLATED)
_42133_/A2                              4.000000    4.333053   -0.333053 (VIOLATED)
_42139_/A1                              4.000000    4.333053   -0.333053 (VIOLATED)
_42145_/A1                              4.000000    4.333053   -0.333053 (VIOLATED)
_42150_/A1                              4.000000    4.333053   -0.333053 (VIOLATED)
_42155_/A2                              4.000000    4.333053   -0.333053 (VIOLATED)
_42160_/A2                              4.000000    4.333053   -0.333053 (VIOLATED)
_42165_/A1                              4.000000    4.333053   -0.333053 (VIOLATED)
_42170_/A1                              4.000000    4.333053   -0.333053 (VIOLATED)
_42175_/A1                              4.000000    4.333053   -0.333053 (VIOLATED)
_42180_/A1                              4.000000    4.333053   -0.333053 (VIOLATED)
_42185_/A1                              4.000000    4.333053   -0.333053 (VIOLATED)
_42190_/A1                              4.000000    4.333053   -0.333053 (VIOLATED)
_42195_/A2                              4.000000    4.333053   -0.333053 (VIOLATED)
_42200_/A2                              4.000000    4.333053   -0.333053 (VIOLATED)
_42205_/A1                              4.000000    4.333053   -0.333053 (VIOLATED)
_42210_/A2                              4.000000    4.333053   -0.333053 (VIOLATED)
_42215_/A2                              4.000000    4.333053   -0.333053 (VIOLATED)
_42221_/ZN                              4.000000    4.333053   -0.333053 (VIOLATED)
_42222_/A2                              4.000000    4.333053   -0.333053 (VIOLATED)
_42228_/A2                              4.000000    4.333053   -0.333053 (VIOLATED)
_42233_/A1                              4.000000    4.333053   -0.333053 (VIOLATED)
_42238_/A1                              4.000000    4.333053   -0.333053 (VIOLATED)
_42243_/A2                              4.000000    4.333053   -0.333053 (VIOLATED)
_42248_/A2                              4.000000    4.333053   -0.333053 (VIOLATED)
_42253_/A1                              4.000000    4.333053   -0.333053 (VIOLATED)
_42258_/A1                              4.000000    4.333053   -0.333053 (VIOLATED)
_42263_/A1                              4.000000    4.333053   -0.333053 (VIOLATED)
_42268_/A1                              4.000000    4.333053   -0.333053 (VIOLATED)
_42273_/A1                              4.000000    4.333053   -0.333053 (VIOLATED)
_42278_/A1                              4.000000    4.333053   -0.333053 (VIOLATED)
_42283_/A1                              4.000000    4.333053   -0.333053 (VIOLATED)
_42288_/A2                              4.000000    4.333053   -0.333053 (VIOLATED)
_42293_/A2                              4.000000    4.333053   -0.333053 (VIOLATED)
_42298_/A2                              4.000000    4.333053   -0.333053 (VIOLATED)
_42304_/A2                              4.000000    4.333053   -0.333053 (VIOLATED)
_42322_/A2                              4.000000    4.333053   -0.333053 (VIOLATED)
_42377_/A2                              4.000000    4.333053   -0.333053 (VIOLATED)
_42404_/ZN                              4.000000    4.333053   -0.333053 (VIOLATED)
_42405_/A2                              4.000000    4.333053   -0.333053 (VIOLATED)
_42410_/A2                              4.000000    4.333053   -0.333053 (VIOLATED)
_42415_/A1                              4.000000    4.333053   -0.333053 (VIOLATED)
_42420_/A1                              4.000000    4.333053   -0.333053 (VIOLATED)
_42425_/A2                              4.000000    4.333053   -0.333053 (VIOLATED)
_42430_/A2                              4.000000    4.333053   -0.333053 (VIOLATED)
_42435_/A2                              4.000000    4.333053   -0.333053 (VIOLATED)
_42440_/A1                              4.000000    4.333053   -0.333053 (VIOLATED)
_42445_/A1                              4.000000    4.333053   -0.333053 (VIOLATED)
_42450_/A1                              4.000000    4.333053   -0.333053 (VIOLATED)
_42455_/A1                              4.000000    4.333053   -0.333053 (VIOLATED)
_42460_/A1                              4.000000    4.333053   -0.333053 (VIOLATED)
_42465_/A1                              4.000000    4.333053   -0.333053 (VIOLATED)
_42471_/A2                              4.000000    4.333053   -0.333053 (VIOLATED)
_42477_/A2                              4.000000    4.333053   -0.333053 (VIOLATED)
_42482_/A2                              4.000000    4.333053   -0.333053 (VIOLATED)
_42487_/A2                              4.000000    4.333053   -0.333053 (VIOLATED)
_42492_/A2                              4.000000    4.333053   -0.333053 (VIOLATED)
_42497_/ZN                              4.000000    4.333053   -0.333053 (VIOLATED)
_42498_/A2                              4.000000    4.333053   -0.333053 (VIOLATED)
_42503_/A2                              4.000000    4.333053   -0.333053 (VIOLATED)
_42508_/A1                              4.000000    4.333053   -0.333053 (VIOLATED)
_42513_/A1                              4.000000    4.333053   -0.333053 (VIOLATED)
_42518_/A2                              4.000000    4.333053   -0.333053 (VIOLATED)
_42523_/A2                              4.000000    4.333053   -0.333053 (VIOLATED)
_42528_/A1                              4.000000    4.333053   -0.333053 (VIOLATED)
_42533_/A1                              4.000000    4.333053   -0.333053 (VIOLATED)
_42538_/A1                              4.000000    4.333053   -0.333053 (VIOLATED)
_42543_/A1                              4.000000    4.333053   -0.333053 (VIOLATED)
_42548_/ZN                              4.000000    4.333053   -0.333053 (VIOLATED)
_42549_/A2                              4.000000    4.333053   -0.333053 (VIOLATED)
_42555_/A1                              4.000000    4.333053   -0.333053 (VIOLATED)
_42561_/A1                              4.000000    4.333053   -0.333053 (VIOLATED)
_42566_/A2                              4.000000    4.333053   -0.333053 (VIOLATED)
_42571_/A2                              4.000000    4.333053   -0.333053 (VIOLATED)
_42576_/A2                              4.000000    4.333053   -0.333053 (VIOLATED)
_42581_/A2                              4.000000    4.333053   -0.333053 (VIOLATED)
_42586_/ZN                              4.000000    4.333053   -0.333053 (VIOLATED)
_42587_/A2                              4.000000    4.333053   -0.333053 (VIOLATED)
_42592_/A2                              4.000000    4.333053   -0.333053 (VIOLATED)
_42597_/A1                              4.000000    4.333053   -0.333053 (VIOLATED)
_42602_/A1                              4.000000    4.333053   -0.333053 (VIOLATED)
_42607_/A2                              4.000000    4.333053   -0.333053 (VIOLATED)
_42617_/A2                              4.000000    4.333053   -0.333053 (VIOLATED)
_42622_/A2                              4.000000    4.333053   -0.333053 (VIOLATED)
_42627_/A1                              4.000000    4.333053   -0.333053 (VIOLATED)
_42632_/A1                              4.000000    4.333053   -0.333053 (VIOLATED)
_42638_/A1                              4.000000    4.333053   -0.333053 (VIOLATED)
_42644_/A1                              4.000000    4.333053   -0.333053 (VIOLATED)
_42649_/A1                              4.000000    4.333053   -0.333053 (VIOLATED)
_42654_/A1                              4.000000    4.333053   -0.333053 (VIOLATED)
_42659_/A2                              4.000000    4.333053   -0.333053 (VIOLATED)
_42664_/A2                              4.000000    4.333053   -0.333053 (VIOLATED)
_42669_/A1                              4.000000    4.333053   -0.333053 (VIOLATED)
_42674_/A2                              4.000000    4.333053   -0.333053 (VIOLATED)
_42679_/A2                              4.000000    4.333053   -0.333053 (VIOLATED)
_42684_/A1                              4.000000    4.333053   -0.333053 (VIOLATED)
_42689_/A2                              4.000000    4.333053   -0.333053 (VIOLATED)
_42694_/A2                              4.000000    4.333053   -0.333053 (VIOLATED)
_42699_/A1                              4.000000    4.333053   -0.333053 (VIOLATED)
_42704_/A1                              4.000000    4.333053   -0.333053 (VIOLATED)
_42709_/A1                              4.000000    4.333053   -0.333053 (VIOLATED)
_42714_/A1                              4.000000    4.333053   -0.333053 (VIOLATED)
_42720_/A1                              4.000000    4.333053   -0.333053 (VIOLATED)
_42726_/A1                              4.000000    4.333053   -0.333053 (VIOLATED)
_42736_/A2                              4.000000    4.333053   -0.333053 (VIOLATED)
_42741_/A2                              4.000000    4.333053   -0.333053 (VIOLATED)
_42746_/A2                              4.000000    4.333053   -0.333053 (VIOLATED)
_42751_/A2                              4.000000    4.333053   -0.333053 (VIOLATED)
_42849_/ZN                              4.000000    4.333053   -0.333053 (VIOLATED)
_42850_/A2                              4.000000    4.333053   -0.333053 (VIOLATED)
_42855_/A2                              4.000000    4.333053   -0.333053 (VIOLATED)
_42860_/A1                              4.000000    4.333053   -0.333053 (VIOLATED)
_42865_/A1                              4.000000    4.333053   -0.333053 (VIOLATED)
_42870_/A2                              4.000000    4.333053   -0.333053 (VIOLATED)
_42875_/A2                              4.000000    4.333053   -0.333053 (VIOLATED)
_42880_/A1                              4.000000    4.333053   -0.333053 (VIOLATED)
_42885_/A1                              4.000000    4.333053   -0.333053 (VIOLATED)
_42890_/A1                              4.000000    4.333053   -0.333053 (VIOLATED)
_42895_/A1                              4.000000    4.333053   -0.333053 (VIOLATED)
_42905_/A1                              4.000000    4.333053   -0.333053 (VIOLATED)
_42910_/A1                              4.000000    4.333053   -0.333053 (VIOLATED)
_42915_/A2                              4.000000    4.333053   -0.333053 (VIOLATED)
_42920_/A2                              4.000000    4.333053   -0.333053 (VIOLATED)
_42925_/A2                              4.000000    4.333053   -0.333053 (VIOLATED)
_42930_/A2                              4.000000    4.333053   -0.333053 (VIOLATED)
_42935_/A2                              4.000000    4.333053   -0.333053 (VIOLATED)
_42940_/A2                              4.000000    4.333053   -0.333053 (VIOLATED)
_42945_/A1                              4.000000    4.333053   -0.333053 (VIOLATED)
_42950_/A1                              4.000000    4.333053   -0.333053 (VIOLATED)
_42311_/ZN                              4.000000    4.330835   -0.330835 (VIOLATED)
_42312_/A2                              4.000000    4.330835   -0.330835 (VIOLATED)
_42317_/A2                              4.000000    4.330835   -0.330835 (VIOLATED)
_42327_/A1                              4.000000    4.330835   -0.330835 (VIOLATED)
_42332_/A1                              4.000000    4.330835   -0.330835 (VIOLATED)
_42337_/A2                              4.000000    4.330835   -0.330835 (VIOLATED)
_42342_/A2                              4.000000    4.330835   -0.330835 (VIOLATED)
_42347_/A1                              4.000000    4.330835   -0.330835 (VIOLATED)
_42352_/A1                              4.000000    4.330835   -0.330835 (VIOLATED)
_42357_/A1                              4.000000    4.330835   -0.330835 (VIOLATED)
_42362_/A1                              4.000000    4.330835   -0.330835 (VIOLATED)
_42367_/A1                              4.000000    4.330835   -0.330835 (VIOLATED)
_42372_/A1                              4.000000    4.330835   -0.330835 (VIOLATED)
_42382_/A2                              4.000000    4.330835   -0.330835 (VIOLATED)
_42388_/A2                              4.000000    4.330835   -0.330835 (VIOLATED)
_42394_/A2                              4.000000    4.330835   -0.330835 (VIOLATED)
_42399_/A2                              4.000000    4.330835   -0.330835 (VIOLATED)
_41941_/ZN                              4.000000    4.330752   -0.330752 (VIOLATED)
_41942_/A2                              4.000000    4.330752   -0.330752 (VIOLATED)
_41947_/A2                              4.000000    4.330752   -0.330752 (VIOLATED)
_41952_/A1                              4.000000    4.330752   -0.330752 (VIOLATED)
_41957_/A1                              4.000000    4.330752   -0.330752 (VIOLATED)
_41962_/A2                              4.000000    4.330752   -0.330752 (VIOLATED)
_41967_/A2                              4.000000    4.330752   -0.330752 (VIOLATED)
_41979_/A1                              4.000000    4.330752   -0.330752 (VIOLATED)
_41984_/A1                              4.000000    4.330752   -0.330752 (VIOLATED)
_41989_/A1                              4.000000    4.330752   -0.330752 (VIOLATED)
_41994_/A1                              4.000000    4.330752   -0.330752 (VIOLATED)
_41999_/A1                              4.000000    4.330752   -0.330752 (VIOLATED)
_42004_/A1                              4.000000    4.330752   -0.330752 (VIOLATED)
_42009_/A2                              4.000000    4.330752   -0.330752 (VIOLATED)
_42014_/A2                              4.000000    4.330752   -0.330752 (VIOLATED)
_42019_/A2                              4.000000    4.330752   -0.330752 (VIOLATED)
_42024_/A2                              4.000000    4.330752   -0.330752 (VIOLATED)
_41564_/ZN                              4.000000    4.263969   -0.263969 (VIOLATED)
_41565_/A2                              4.000000    4.263969   -0.263969 (VIOLATED)
_41570_/A2                              4.000000    4.263969   -0.263969 (VIOLATED)
_41575_/A1                              4.000000    4.263969   -0.263969 (VIOLATED)
_41580_/A1                              4.000000    4.263969   -0.263969 (VIOLATED)
_41585_/A2                              4.000000    4.263969   -0.263969 (VIOLATED)
_41590_/A2                              4.000000    4.263969   -0.263969 (VIOLATED)
_41595_/A1                              4.000000    4.263969   -0.263969 (VIOLATED)
_41600_/A1                              4.000000    4.263969   -0.263969 (VIOLATED)
_41605_/A2                              4.000000    4.263969   -0.263969 (VIOLATED)
_41610_/A2                              4.000000    4.263969   -0.263969 (VIOLATED)
_41622_/A2                              4.000000    4.263969   -0.263969 (VIOLATED)
_41628_/A2                              4.000000    4.263969   -0.263969 (VIOLATED)
_41635_/A2                              4.000000    4.263969   -0.263969 (VIOLATED)
_41641_/A2                              4.000000    4.263969   -0.263969 (VIOLATED)
_41647_/A2                              4.000000    4.263969   -0.263969 (VIOLATED)
_41653_/A2                              4.000000    4.263969   -0.263969 (VIOLATED)
_41185_/ZN                              4.000000    4.263925   -0.263924 (VIOLATED)
_41186_/A2                              4.000000    4.263925   -0.263924 (VIOLATED)
_41191_/A2                              4.000000    4.263925   -0.263924 (VIOLATED)
_41196_/A1                              4.000000    4.263925   -0.263924 (VIOLATED)
_41201_/A1                              4.000000    4.263925   -0.263924 (VIOLATED)
_41213_/A2                              4.000000    4.263925   -0.263924 (VIOLATED)
_41218_/A2                              4.000000    4.263925   -0.263924 (VIOLATED)
_41223_/A1                              4.000000    4.263925   -0.263924 (VIOLATED)
_41228_/A1                              4.000000    4.263925   -0.263924 (VIOLATED)
_41233_/A2                              4.000000    4.263925   -0.263924 (VIOLATED)
_41238_/A2                              4.000000    4.263925   -0.263924 (VIOLATED)
_41243_/A2                              4.000000    4.263925   -0.263924 (VIOLATED)
_41248_/A2                              4.000000    4.263925   -0.263924 (VIOLATED)
_41253_/A2                              4.000000    4.263925   -0.263924 (VIOLATED)
_41258_/A2                              4.000000    4.263925   -0.263924 (VIOLATED)
_41268_/A2                              4.000000    4.263925   -0.263924 (VIOLATED)
_41273_/A2                              4.000000    4.263925   -0.263924 (VIOLATED)
_40443_/ZN                              4.000000    4.263727   -0.263727 (VIOLATED)
_40444_/A2                              4.000000    4.263727   -0.263727 (VIOLATED)
_40449_/A2                              4.000000    4.263727   -0.263727 (VIOLATED)
_40461_/A1                              4.000000    4.263727   -0.263727 (VIOLATED)
_40466_/A1                              4.000000    4.263727   -0.263727 (VIOLATED)
_40471_/A2                              4.000000    4.263727   -0.263727 (VIOLATED)
_40476_/A2                              4.000000    4.263727   -0.263727 (VIOLATED)
_40481_/A1                              4.000000    4.263727   -0.263727 (VIOLATED)
_40486_/A1                              4.000000    4.263727   -0.263727 (VIOLATED)
_40491_/A2                              4.000000    4.263727   -0.263727 (VIOLATED)
_40496_/A2                              4.000000    4.263727   -0.263727 (VIOLATED)
_40501_/A2                              4.000000    4.263727   -0.263727 (VIOLATED)
_40506_/A2                              4.000000    4.263727   -0.263727 (VIOLATED)
_40516_/A2                              4.000000    4.263727   -0.263727 (VIOLATED)
_40521_/A2                              4.000000    4.263727   -0.263727 (VIOLATED)
_40526_/A2                              4.000000    4.263727   -0.263727 (VIOLATED)
_40531_/A2                              4.000000    4.263727   -0.263727 (VIOLATED)
_40815_/ZN                              4.000000    4.263727   -0.263727 (VIOLATED)
_40816_/A2                              4.000000    4.263727   -0.263727 (VIOLATED)
_40821_/A2                              4.000000    4.263727   -0.263727 (VIOLATED)
_40826_/A1                              4.000000    4.263727   -0.263727 (VIOLATED)
_40831_/A1                              4.000000    4.263727   -0.263727 (VIOLATED)
_40836_/A2                              4.000000    4.263727   -0.263727 (VIOLATED)
_40841_/A2                              4.000000    4.263727   -0.263727 (VIOLATED)
_40846_/A1                              4.000000    4.263727   -0.263727 (VIOLATED)
_40851_/A1                              4.000000    4.263727   -0.263727 (VIOLATED)
_40867_/A2                              4.000000    4.263727   -0.263727 (VIOLATED)
_40873_/A2                              4.000000    4.263727   -0.263727 (VIOLATED)
_40879_/A2                              4.000000    4.263727   -0.263727 (VIOLATED)
_40884_/A2                              4.000000    4.263727   -0.263727 (VIOLATED)
_40889_/A2                              4.000000    4.263727   -0.263727 (VIOLATED)
_40894_/A2                              4.000000    4.263727   -0.263727 (VIOLATED)
_40899_/A2                              4.000000    4.263727   -0.263727 (VIOLATED)
_40904_/A2                              4.000000    4.263727   -0.263727 (VIOLATED)
_42756_/ZN                              4.000000    4.263707   -0.263707 (VIOLATED)
_42757_/A2                              4.000000    4.263707   -0.263707 (VIOLATED)
_42762_/A2                              4.000000    4.263707   -0.263707 (VIOLATED)
_42767_/A1                              4.000000    4.263707   -0.263707 (VIOLATED)
_42772_/A1                              4.000000    4.263707   -0.263707 (VIOLATED)
_42777_/A2                              4.000000    4.263707   -0.263707 (VIOLATED)
_42782_/A2                              4.000000    4.263707   -0.263707 (VIOLATED)
_42792_/A1                              4.000000    4.263707   -0.263707 (VIOLATED)
_42797_/A1                              4.000000    4.263707   -0.263707 (VIOLATED)
_42803_/A2                              4.000000    4.263707   -0.263707 (VIOLATED)
_42809_/A2                              4.000000    4.263707   -0.263707 (VIOLATED)
_42814_/A2                              4.000000    4.263707   -0.263707 (VIOLATED)
_42819_/A2                              4.000000    4.263707   -0.263707 (VIOLATED)
_42824_/A2                              4.000000    4.263707   -0.263707 (VIOLATED)
_42829_/A2                              4.000000    4.263707   -0.263707 (VIOLATED)
_42834_/A2                              4.000000    4.263707   -0.263707 (VIOLATED)
_42839_/A2                              4.000000    4.263707   -0.263707 (VIOLATED)
_47233_/I                               4.000000    4.205860   -0.205860 (VIOLATED)
_47243_/A2                              4.000000    4.205860   -0.205860 (VIOLATED)
_47244_/A1                              4.000000    4.205860   -0.205860 (VIOLATED)
_47247_/A2                              4.000000    4.205860   -0.205860 (VIOLATED)
_47248_/A1                              4.000000    4.205860   -0.205860 (VIOLATED)
_47251_/A2                              4.000000    4.205860   -0.205860 (VIOLATED)
_47252_/A1                              4.000000    4.205860   -0.205860 (VIOLATED)
_47255_/A2                              4.000000    4.205860   -0.205860 (VIOLATED)
_47256_/A1                              4.000000    4.205860   -0.205860 (VIOLATED)
_47259_/A2                              4.000000    4.205860   -0.205860 (VIOLATED)
_47260_/A1                              4.000000    4.205860   -0.205860 (VIOLATED)
_47263_/A2                              4.000000    4.205860   -0.205860 (VIOLATED)
_47264_/A1                              4.000000    4.205860   -0.205860 (VIOLATED)
_47267_/A2                              4.000000    4.205860   -0.205860 (VIOLATED)
_47268_/A1                              4.000000    4.205860   -0.205860 (VIOLATED)
_47271_/A2                              4.000000    4.205860   -0.205860 (VIOLATED)
_47272_/A1                              4.000000    4.205860   -0.205860 (VIOLATED)
_47280_/A2                              4.000000    4.205860   -0.205860 (VIOLATED)
_47281_/A1                              4.000000    4.205860   -0.205860 (VIOLATED)
_47284_/A2                              4.000000    4.205860   -0.205860 (VIOLATED)
_47285_/A1                              4.000000    4.205860   -0.205860 (VIOLATED)
_47288_/A2                              4.000000    4.205860   -0.205860 (VIOLATED)
_47289_/A1                              4.000000    4.205860   -0.205860 (VIOLATED)
_47292_/A2                              4.000000    4.205860   -0.205860 (VIOLATED)
_47293_/A1                              4.000000    4.205860   -0.205860 (VIOLATED)
_47313_/A2                              4.000000    4.205860   -0.205860 (VIOLATED)
_47314_/A1                              4.000000    4.205860   -0.205860 (VIOLATED)
_47316_/A2                              4.000000    4.205860   -0.205860 (VIOLATED)
_47317_/A1                              4.000000    4.205860   -0.205860 (VIOLATED)
_47319_/A2                              4.000000    4.205860   -0.205860 (VIOLATED)
_47320_/A1                              4.000000    4.205860   -0.205860 (VIOLATED)
_59535_/Q                               4.000000    4.205860   -0.205860 (VIOLATED)
uart_tx_o_OUT                           4.000000    4.199576   -0.199576 (VIOLATED)
_34674_/ZN                              4.000000    4.199576   -0.199576 (VIOLATED)

max fanout

Pin                                   Limit Fanout  Slack
---------------------------------------------------------
rst_ni                                   16   1109  -1093 (VIOLATED)
_59343_/Q                                16    405   -389 (VIOLATED)
_59813_/Q                                16    149   -133 (VIOLATED)
_59995_/Q                                16    127   -111 (VIOLATED)
_60276_/Q                                16     86    -70 (VIOLATED)
_60279_/Q                                16     86    -70 (VIOLATED)
_59814_/Q                                16     76    -60 (VIOLATED)
_60395_/Q                                16     71    -55 (VIOLATED)
_59996_/Q                                16     70    -54 (VIOLATED)
_59592_/Q                                16     68    -52 (VIOLATED)
_60277_/Q                                16     61    -45 (VIOLATED)
_60280_/Q                                16     54    -38 (VIOLATED)
_59593_/Q                                16     50    -34 (VIOLATED)
_59594_/Q                                16     38    -22 (VIOLATED)
_59535_/Q                                16     31    -15 (VIOLATED)
_59744_/Q                                16     29    -13 (VIOLATED)
_60309_/Q                                16     27    -11 (VIOLATED)
_60503_/Q                                16     22     -6 (VIOLATED)
_60193_/Q                                16     21     -5 (VIOLATED)
_60281_/Q                                16     20     -4 (VIOLATED)
_59122_/Q                                16     18     -2 (VIOLATED)
_59586_/Q                                16     17        (VIOLATED)
_59811_/Q                                16     17        (VIOLATED)
_60651_/Q                                16     17        (VIOLATED)

max capacitance

Pin                                        Limit         Cap       Slack
------------------------------------------------------------------------
rst_ni                                  0.239300    8.163218   -7.923918 (VIOLATED)
_59343_/Q                               0.245500    2.976101   -2.730601 (VIOLATED)
_59813_/Q                               0.246900    0.635166   -0.388266 (VIOLATED)
_59995_/Q                               0.246900    0.537337   -0.290437 (VIOLATED)
_60276_/Q                               0.245500    0.422027   -0.176527 (VIOLATED)
_60279_/Q                               0.245500    0.418132   -0.172632 (VIOLATED)
_60395_/Q                               0.245500    0.396810   -0.151310 (VIOLATED)
_59814_/Q                               0.246900    0.325867   -0.078967 (VIOLATED)
_59592_/Q                               0.245500    0.299562   -0.054062 (VIOLATED)
_59996_/Q                               0.246900    0.298831   -0.051931 (VIOLATED)
_60277_/Q                               0.245500    0.293611   -0.048111 (VIOLATED)
_60280_/Q                               0.245500    0.255477   -0.009977 (VIOLATED)
_34748_/Z                               0.246400    0.247040   -0.000640 (VIOLATED)



===========================================================================
report_parasitic_annotation -report_unannotated
============================================================================
Found 33590 unannotated drivers.
 VDD
 VSS
 boot_select_i
 clk_i
 execute_from_flash_i
 rst_ni
 spi_flash_cs_o_IN
 spi_flash_sck_o_IN
 spi_flash_sd_io_IN[0]
 spi_flash_sd_io_IN[1]
 spi_flash_sd_io_IN[2]
 spi_flash_sd_io_IN[3]
 status_o_IN[0]
 status_o_IN[1]
 status_o_IN[2]
 status_o_IN[3]
 status_o_IN[4]
 status_o_IN[5]
 status_o_IN[6]
 status_valid_o_IN
 uart_rx_i
 uart_tx_o_IN
 _27729_/ZN
 _27730_/ZN
 _27731_/ZN
 _27732_/Z
 _27733_/ZN
 _27734_/ZN
 _27735_/ZN
 _27736_/Z
 _27737_/ZN
 _27738_/ZN
 _27739_/Z
 _27740_/ZN
 _27741_/ZN
 _27742_/Z
 _27743_/ZN
 _27744_/ZN
 _27745_/ZN
 _27746_/Z
 _27747_/ZN
 _27748_/ZN
 _27749_/ZN
 _27750_/ZN
 _27751_/Z
 _27752_/ZN
 _27753_/ZN
 _27754_/ZN
 _27755_/ZN
 _27756_/Z
 _27757_/ZN
 _27758_/ZN
 _27759_/ZN
 _27760_/ZN
 _27761_/ZN
 _27762_/ZN
 _27763_/ZN
 _27764_/ZN
 _27765_/ZN
 _27766_/ZN
 _27767_/ZN
 _27768_/ZN
 _27769_/ZN
 _27770_/ZN
 _27771_/Z
 _27772_/ZN
 _27773_/ZN
 _27774_/Z
 _27775_/ZN
 _27776_/ZN
 _27777_/ZN
 _27778_/ZN
 _27779_/ZN
 _27780_/Z
 _27781_/ZN
 _27782_/ZN
 _27783_/ZN
 _27784_/ZN
 _27785_/ZN
 _27786_/ZN
 _27787_/ZN
 _27788_/ZN
 _27789_/ZN
 _27790_/ZN
 _27791_/ZN
 _27792_/ZN
 _27793_/ZN
 _27794_/ZN
 _27795_/ZN
 _27796_/ZN
 _27797_/ZN
 _27798_/Z
 _27799_/ZN
 _27800_/ZN
 _27801_/Z
 _27802_/ZN
 _27803_/ZN
 _27804_/ZN
 _27805_/ZN
 _27806_/ZN
 _27807_/ZN
 _27808_/Z
 _27809_/ZN
 _27810_/ZN
 _27811_/Z
 _27812_/ZN
 _27813_/ZN
 _27814_/ZN
 _27815_/Z
 _27816_/ZN
 _27817_/ZN
 _27818_/ZN
 _27819_/ZN
 _27820_/ZN
 _27821_/ZN
 _27822_/ZN
 _27823_/ZN
 _27824_/ZN
 _27825_/ZN
 _27826_/ZN
 _27827_/ZN
 _27828_/Z
 _27829_/ZN
 _27830_/ZN
 _27831_/ZN
 _27832_/ZN
 _27833_/ZN
 _27834_/ZN
 _27835_/ZN
 _27836_/ZN
 _27837_/ZN
 _27838_/Z
 _27839_/ZN
 _27840_/ZN
 _27841_/Z
 _27842_/ZN
 _27843_/ZN
 _27844_/ZN
 _27845_/ZN
 _27846_/ZN
 _27847_/ZN
 _27848_/ZN
 _27849_/ZN
 _27850_/ZN
 _27851_/ZN
 _27852_/ZN
 _27853_/ZN
 _27854_/ZN
 _27855_/ZN
 _27856_/ZN
 _27857_/ZN
 _27858_/ZN
 _27859_/ZN
 _27860_/ZN
 _27861_/ZN
 _27862_/ZN
 _27863_/ZN
 _27864_/ZN
 _27865_/ZN
 _27866_/ZN
 _27867_/ZN
 _27868_/ZN
 _27869_/ZN
 _27870_/ZN
 _27871_/Z
 _27872_/ZN
 _27873_/ZN
 _27874_/ZN
 _27875_/ZN
 _27876_/Z
 _27877_/Z
 _27878_/ZN
 _27879_/ZN
 _27880_/ZN
 _27881_/ZN
 _27882_/ZN
 _27883_/Z
 _27884_/Z
 _27885_/ZN
 _27886_/ZN
 _27887_/ZN
 _27888_/Z
 _27889_/ZN
 _27890_/ZN
 _27891_/Z
 _27892_/ZN
 _27893_/ZN
 _27894_/ZN
 _27895_/ZN
 _27896_/ZN
 _27897_/ZN
 _27898_/Z
 _27899_/ZN
 _27900_/ZN
 _27901_/ZN
 _27902_/ZN
 _27903_/ZN
 _27904_/ZN
 _27905_/ZN
 _27906_/ZN
 _27907_/ZN
 _27908_/ZN
 _27909_/ZN
 _27910_/ZN
 _27911_/ZN
 _27912_/ZN
 _27913_/ZN
 _27914_/ZN
 _27915_/ZN
 _27916_/ZN
 _27917_/ZN
 _27918_/ZN
 _27919_/ZN
 _27920_/ZN
 _27921_/ZN
 _27922_/ZN
 _27923_/ZN
 _27924_/ZN
 _27925_/ZN
 _27926_/ZN
 _27927_/ZN
 _27928_/ZN
 _27929_/ZN
 _27930_/ZN
 _27931_/ZN
 _27932_/ZN
 _27933_/ZN
 _27934_/ZN
 _27935_/ZN
 _27936_/ZN
 _27937_/ZN
 _27938_/Z
 _27939_/ZN
 _27940_/ZN
 _27941_/ZN
 _27942_/ZN
 _27943_/ZN
 _27944_/ZN
 _27945_/ZN
 _27946_/ZN
 _27947_/Z
 _27948_/ZN
 _27949_/ZN
 _27950_/ZN
 _27951_/ZN
 _27952_/ZN
 _27953_/ZN
 _27954_/ZN
 _27955_/ZN
 _27956_/ZN
 _27957_/ZN
 _27958_/ZN
 _27959_/ZN
 _27960_/ZN
 _27961_/ZN
 _27962_/ZN
 _27963_/ZN
 _27964_/ZN
 _27965_/ZN
 _27966_/ZN
 _27967_/ZN
 _27968_/ZN
 _27969_/ZN
 _27970_/ZN
 _27971_/ZN
 _27972_/ZN
 _27973_/ZN
 _27974_/ZN
 _27975_/ZN
 _27976_/ZN
 _27977_/ZN
 _27978_/ZN
 _27979_/ZN
 _27980_/ZN
 _27981_/ZN
 _27982_/ZN
 _27983_/ZN
 _27984_/ZN
 _27985_/ZN
 _27986_/ZN
 _27987_/ZN
 _27988_/ZN
 _27989_/ZN
 _27990_/ZN
 _27991_/ZN
 _27992_/ZN
 _27993_/ZN
 _27994_/ZN
 _27995_/ZN
 _27996_/ZN
 _27997_/ZN
 _27998_/ZN
 _27999_/ZN
 _28000_/ZN
 _28001_/ZN
 _28002_/ZN
 _28003_/ZN
 _28004_/ZN
 _28005_/ZN
 _28006_/ZN
 _28007_/ZN
 _28008_/Z
 _28009_/ZN
 _28010_/ZN
 _28011_/ZN
 _28012_/ZN
 _28013_/ZN
 _28014_/ZN
 _28015_/ZN
 _28016_/ZN
 _28017_/ZN
 _28018_/ZN
 _28019_/ZN
 _28020_/Z
 _28021_/ZN
 _28022_/ZN
 _28023_/ZN
 _28024_/ZN
 _28025_/ZN
 _28026_/ZN
 _28027_/ZN
 _28028_/ZN
 _28029_/Z
 _28030_/ZN
 _28031_/ZN
 _28032_/Z
 _28033_/ZN
 _28034_/Z
 _28035_/ZN
 _28036_/ZN
 _28037_/ZN
 _28038_/Z
 _28039_/ZN
 _28040_/ZN
 _28041_/Z
 _28042_/Z
 _28043_/Z
 _28044_/ZN
 _28045_/ZN
 _28046_/ZN
 _28047_/ZN
 _28048_/ZN
 _28049_/ZN
 _28050_/ZN
 _28051_/ZN
 _28052_/ZN
 _28053_/Z
 _28054_/Z
 _28055_/ZN
 _28056_/ZN
 _28057_/ZN
 _28058_/ZN
 _28059_/ZN
 _28060_/ZN
 _28061_/ZN
 _28062_/Z
 _28063_/Z
 _28064_/ZN
 _28065_/ZN
 _28066_/ZN
 _28067_/ZN
 _28068_/ZN
 _28069_/ZN
 _28070_/ZN
 _28071_/ZN
 _28072_/ZN
 _28073_/ZN
 _28074_/ZN
 _28075_/ZN
 _28076_/ZN
 _28077_/ZN
 _28078_/ZN
 _28079_/ZN
 _28080_/ZN
 _28081_/ZN
 _28082_/ZN
 _28083_/ZN
 _28084_/Z
 _28085_/ZN
 _28086_/ZN
 _28087_/ZN
 _28088_/ZN
 _28089_/ZN
 _28090_/Z
 _28091_/ZN
 _28092_/ZN
 _28093_/Z
 _28094_/Z
 _28095_/ZN
 _28096_/ZN
 _28097_/ZN
 _28098_/ZN
 _28099_/ZN
 _28100_/ZN
 _28101_/ZN
 _28102_/Z
 _28103_/Z
 _28104_/ZN
 _28105_/ZN
 _28106_/ZN
 _28107_/ZN
 _28108_/ZN
 _28109_/ZN
 _28110_/ZN
 _28111_/ZN
 _28112_/Z
 _28113_/Z
 _28114_/ZN
 _28115_/ZN
 _28116_/ZN
 _28117_/ZN
 _28118_/ZN
 _28119_/ZN
 _28120_/ZN
 _28121_/Z
 _28122_/Z
 _28123_/ZN
 _28124_/ZN
 _28125_/ZN
 _28126_/ZN
 _28127_/ZN
 _28128_/ZN
 _28129_/ZN
 _28130_/Z
 _28131_/Z
 _28132_/ZN
 _28133_/Z
 _28134_/ZN
 _28135_/ZN
 _28136_/ZN
 _28137_/ZN
 _28138_/ZN
 _28139_/Z
 _28140_/Z
 _28141_/ZN
 _28142_/ZN
 _28143_/ZN
 _28144_/ZN
 _28145_/ZN
 _28146_/ZN
 _28147_/ZN
 _28148_/ZN
 _28149_/Z
 _28150_/Z
 _28151_/ZN
 _28152_/ZN
 _28153_/ZN
 _28154_/ZN
 _28155_/ZN
 _28156_/ZN
 _28157_/ZN
 _28158_/Z
 _28159_/Z
 _28160_/ZN
 _28161_/ZN
 _28162_/ZN
 _28163_/ZN
 _28164_/ZN
 _28165_/ZN
 _28166_/ZN
 _28167_/Z
 _28168_/Z
 _28169_/ZN
 _28170_/Z
 _28171_/ZN
 _28172_/ZN
 _28173_/ZN
 _28174_/ZN
 _28175_/ZN
 _28176_/Z
 _28177_/Z
 _28178_/ZN
 _28179_/ZN
 _28180_/ZN
 _28181_/ZN
 _28182_/ZN
 _28183_/ZN
 _28184_/ZN
 _28185_/ZN
 _28186_/Z
 _28187_/Z
 _28188_/ZN
 _28189_/ZN
 _28190_/ZN
 _28191_/ZN
 _28192_/ZN
 _28193_/ZN
 _28194_/ZN
 _28195_/Z
 _28196_/Z
 _28197_/ZN
 _28198_/ZN
 _28199_/ZN
 _28200_/ZN
 _28201_/ZN
 _28202_/ZN
 _28203_/ZN
 _28204_/ZN
 _28205_/ZN
 _28206_/ZN
 _28207_/ZN
 _28208_/ZN
 _28209_/Z
 _28210_/ZN
 _28211_/ZN
 _28212_/ZN
 _28213_/Z
 _28214_/ZN
 _28215_/ZN
 _28216_/Z
 _28217_/Z
 _28218_/ZN
 _28219_/ZN
 _28220_/ZN
 _28221_/ZN
 _28222_/ZN
 _28223_/ZN
 _28224_/ZN
 _28225_/ZN
 _28226_/Z
 _28227_/Z
 _28228_/ZN
 _28229_/ZN
 _28230_/ZN
 _28231_/ZN
 _28232_/ZN
 _28233_/ZN
 _28234_/ZN
 _28235_/Z
 _28236_/Z
 _28237_/ZN
 _28238_/ZN
 _28239_/ZN
 _28240_/ZN
 _28241_/ZN
 _28242_/ZN
 _28243_/ZN
 _28244_/ZN
 _28245_/Z
 _28246_/Z
 _28247_/ZN
 _28248_/ZN
 _28249_/ZN
 _28250_/ZN
 _28251_/ZN
 _28252_/ZN
 _28253_/ZN
 _28254_/Z
 _28255_/Z
 _28256_/ZN
 _28257_/ZN
 _28258_/ZN
 _28259_/Z
 _28260_/ZN
 _28261_/ZN
 _28262_/ZN
 _28263_/ZN
 _28264_/Z
 _28265_/Z
 _28266_/ZN
 _28267_/ZN
 _28268_/Z
 _28269_/ZN
 _28270_/ZN
 _28271_/ZN
 _28272_/ZN
 _28273_/Z
 _28274_/Z
 _28275_/ZN
 _28276_/ZN
 _28277_/ZN
 _28278_/ZN
 _28279_/ZN
 _28280_/ZN
 _28281_/ZN
 _28282_/ZN
 _28283_/ZN
 _28284_/ZN
 _28285_/ZN
 _28286_/ZN
 _28287_/Z
 _28288_/Z
 _28289_/ZN
 _28290_/ZN
 _28291_/ZN
 _28292_/ZN
 _28293_/ZN
 _28294_/Z
 _28295_/Z
 _28296_/ZN
 _28297_/ZN
 _28298_/ZN
 _28299_/ZN
 _28300_/ZN
 _28301_/ZN
 _28302_/ZN
 _28303_/ZN
 _28304_/ZN
 _28305_/Z
 _28306_/Z
 _28307_/ZN
 _28308_/ZN
 _28309_/ZN
 _28310_/ZN
 _28311_/ZN
 _28312_/ZN
 _28313_/ZN
 _28314_/ZN
 _28315_/Z
 _28316_/Z
 _28317_/ZN
 _28318_/ZN
 _28319_/ZN
 _28320_/ZN
 _28321_/ZN
 _28322_/ZN
 _28323_/ZN
 _28324_/Z
 _28325_/Z
 _28326_/ZN
 _28327_/ZN
 _28328_/ZN
 _28329_/ZN
 _28330_/ZN
 _28331_/ZN
 _28332_/ZN
 _28333_/ZN
 _28334_/ZN
 _28335_/Z
 _28336_/Z
 _28337_/ZN
 _28338_/ZN
 _28339_/ZN
 _28340_/ZN
 _28341_/ZN
 _28342_/ZN
 _28343_/ZN
 _28344_/ZN
 _28345_/Z
 _28346_/Z
 _28347_/ZN
 _28348_/ZN
 _28349_/ZN
 _28350_/ZN
 _28351_/ZN
 _28352_/ZN
 _28353_/Z
 _28354_/Z
 _28355_/ZN
 _28356_/ZN
 _28357_/ZN
 _28358_/ZN
 _28359_/ZN
 _28360_/ZN
 _28361_/ZN
 _28362_/ZN
 _28363_/Z
 _28364_/Z
 _28365_/ZN
 _28366_/ZN
 _28367_/ZN
 _28368_/ZN
 _28369_/ZN
 _28370_/Z
 _28371_/ZN
 _28372_/ZN
 _28373_/Z
 _28374_/ZN
 _28375_/ZN
 _28376_/ZN
 _28377_/ZN
 _28378_/ZN
 _28379_/ZN
 _28380_/ZN
 _28381_/ZN
 _28382_/ZN
 _28383_/Z
 _28384_/ZN
 _28385_/ZN
 _28386_/ZN
 _28387_/ZN
 _28388_/ZN
 _28389_/ZN
 _28390_/ZN
 _28391_/ZN
 _28392_/Z
 _28393_/ZN
 _28394_/ZN
 _28395_/ZN
 _28396_/ZN
 _28397_/ZN
 _28398_/ZN
 _28399_/ZN
 _28400_/ZN
 _28401_/ZN
 _28402_/ZN
 _28403_/ZN
 _28404_/ZN
 _28405_/ZN
 _28406_/ZN
 _28407_/ZN
 _28408_/ZN
 _28409_/ZN
 _28410_/ZN
 _28411_/ZN
 _28412_/ZN
 _28413_/ZN
 _28414_/ZN
 _28415_/Z
 _28416_/ZN
 _28417_/ZN
 _28418_/ZN
 _28419_/ZN
 _28420_/ZN
 _28421_/ZN
 _28422_/ZN
 _28423_/ZN
 _28424_/ZN
 _28425_/ZN
 _28426_/ZN
 _28427_/ZN
 _28428_/ZN
 _28429_/ZN
 _28430_/ZN
 _28431_/ZN
 _28432_/ZN
 _28433_/ZN
 _28434_/ZN
 _28435_/ZN
 _28436_/ZN
 _28437_/ZN
 _28438_/ZN
 _28439_/ZN
 _28440_/ZN
 _28441_/ZN
 _28442_/ZN
 _28443_/ZN
 _28444_/ZN
 _28445_/ZN
 _28446_/ZN
 _28447_/ZN
 _28448_/ZN
 _28449_/ZN
 _28450_/ZN
 _28451_/ZN
 _28452_/ZN
 _28453_/ZN
 _28454_/ZN
 _28455_/ZN
 _28456_/ZN
 _28457_/ZN
 _28458_/ZN
 _28459_/ZN
 _28460_/ZN
 _28461_/ZN
 _28462_/ZN
 _28463_/ZN
 _28464_/ZN
 _28465_/ZN
 _28466_/ZN
 _28467_/ZN
 _28468_/ZN
 _28469_/ZN
 _28470_/ZN
 _28471_/ZN
 _28472_/ZN
 _28473_/ZN
 _28474_/ZN
 _28475_/ZN
 _28476_/ZN
 _28477_/ZN
 _28478_/ZN
 _28479_/ZN
 _28480_/ZN
 _28481_/ZN
 _28482_/ZN
 _28483_/Z
 _28484_/ZN
 _28485_/ZN
 _28486_/ZN
 _28487_/ZN
 _28488_/Z
 _28489_/ZN
 _28490_/ZN
 _28491_/Z
 _28492_/ZN
 _28493_/ZN
 _28494_/ZN
 _28495_/ZN
 _28496_/ZN
 _28497_/ZN
 _28498_/ZN
 _28499_/Z
 _28500_/ZN
 _28501_/ZN
 _28502_/ZN
 _28503_/ZN
 _28504_/ZN
 _28505_/ZN
 _28506_/ZN
 _28507_/ZN
 _28508_/ZN
 _28509_/ZN
 _28510_/ZN
 _28511_/ZN
 _28512_/ZN
 _28513_/ZN
 _28514_/ZN
 _28515_/ZN
 _28516_/Z
 _28517_/ZN
 _28518_/ZN
 _28519_/ZN
 _28520_/Z
 _28521_/Z
 _28522_/ZN
 _28523_/ZN
 _28524_/ZN
 _28525_/ZN
 _28526_/ZN
 _28527_/ZN
 _28528_/ZN
 _28529_/ZN
 _28530_/ZN
 _28531_/Z
 _28532_/Z
 _28533_/ZN
 _28534_/ZN
 _28535_/ZN
 _28536_/ZN
 _28537_/ZN
 _28538_/ZN
 _28539_/ZN
 _28540_/ZN
 _28541_/ZN
 _28542_/ZN
 _28543_/ZN
 _28544_/ZN
 _28545_/ZN
 _28546_/ZN
 _28547_/ZN
 _28548_/ZN
 _28549_/ZN
 _28550_/ZN
 _28551_/ZN
 _28552_/ZN
 _28553_/ZN
 _28554_/ZN
 _28555_/ZN
 _28556_/ZN
 _28557_/ZN
 _28558_/ZN
 _28559_/ZN
 _28560_/ZN
 _28561_/ZN
 _28562_/ZN
 _28563_/ZN
 _28564_/ZN
 _28565_/Z
 _28566_/ZN
 _28567_/ZN
 _28568_/ZN
 _28569_/ZN
 _28570_/ZN
 _28571_/ZN
 _28572_/ZN
 _28573_/ZN
 _28574_/ZN
 _28575_/ZN
 _28576_/ZN
 _28577_/ZN
 _28578_/ZN
 _28579_/ZN
 _28580_/ZN
 _28581_/ZN
 _28582_/ZN
 _28583_/ZN
 _28584_/ZN
 _28585_/ZN
 _28586_/ZN
 _28587_/ZN
 _28588_/ZN
 _28589_/ZN
 _28590_/ZN
 _28591_/ZN
 _28592_/ZN
 _28593_/ZN
 _28594_/ZN
 _28595_/ZN
 _28596_/ZN
 _28597_/ZN
 _28598_/ZN
 _28599_/ZN
 _28600_/ZN
 _28601_/ZN
 _28602_/ZN
 _28603_/ZN
 _28604_/ZN
 _28605_/ZN
 _28606_/ZN
 _28607_/ZN
 _28608_/ZN
 _28609_/ZN
 _28610_/ZN
 _28611_/ZN
 _28612_/ZN
 _28613_/ZN
 _28614_/ZN
 _28615_/ZN
 _28616_/ZN
 _28617_/ZN
 _28618_/ZN
 _28619_/ZN
 _28620_/ZN
 _28621_/ZN
 _28622_/ZN
 _28623_/ZN
 _28624_/ZN
 _28625_/ZN
 _28626_/ZN
 _28627_/ZN
 _28628_/ZN
 _28629_/ZN
 _28630_/ZN
 _28631_/ZN
 _28632_/ZN
 _28633_/ZN
 _28634_/ZN
 _28635_/ZN
 _28636_/ZN
 _28637_/ZN
 _28638_/ZN
 _28639_/ZN
 _28640_/ZN
 _28641_/ZN
 _28642_/ZN
 _28643_/ZN
 _28644_/ZN
 _28645_/ZN
 _28646_/ZN
 _28647_/ZN
 _28648_/ZN
 _28649_/ZN
 _28650_/ZN
 _28651_/ZN
 _28652_/ZN
 _28653_/ZN
 _28654_/ZN
 _28655_/ZN
 _28656_/ZN
 _28657_/ZN
 _28658_/ZN
 _28659_/ZN
 _28660_/ZN
 _28661_/ZN
 _28662_/ZN
 _28663_/ZN
 _28664_/ZN
 _28665_/ZN
 _28666_/ZN
 _28667_/ZN
 _28668_/ZN
 _28669_/ZN
 _28670_/ZN
 _28671_/ZN
 _28672_/ZN
 _28673_/ZN
 _28674_/ZN
 _28675_/ZN
 _28676_/ZN
 _28677_/ZN
 _28678_/ZN
 _28679_/ZN
 _28680_/ZN
 _28681_/ZN
 _28682_/ZN
 _28683_/ZN
 _28684_/ZN
 _28685_/ZN
 _28686_/ZN
 _28687_/ZN
 _28688_/ZN
 _28689_/ZN
 _28690_/ZN
 _28691_/ZN
 _28692_/ZN
 _28693_/ZN
 _28694_/ZN
 _28695_/ZN
 _28696_/ZN
 _28697_/ZN
 _28698_/ZN
 _28699_/ZN
 _28700_/ZN
 _28701_/ZN
 _28702_/ZN
 _28703_/ZN
 _28704_/ZN
 _28705_/ZN
 _28706_/ZN
 _28707_/ZN
 _28708_/ZN
 _28709_/ZN
 _28710_/ZN
 _28711_/ZN
 _28712_/ZN
 _28713_/ZN
 _28714_/ZN
 _28715_/ZN
 _28716_/ZN
 _28717_/ZN
 _28718_/ZN
 _28719_/ZN
 _28720_/ZN
 _28721_/ZN
 _28722_/ZN
 _28723_/ZN
 _28724_/ZN
 _28725_/ZN
 _28726_/ZN
 _28727_/ZN
 _28728_/ZN
 _28729_/Z
 _28730_/ZN
 _28731_/ZN
 _28732_/ZN
 _28733_/ZN
 _28734_/ZN
 _28735_/ZN
 _28736_/ZN
 _28737_/ZN
 _28738_/ZN
 _28739_/ZN
 _28740_/ZN
 _28741_/ZN
 _28742_/ZN
 _28743_/ZN
 _28744_/ZN
 _28745_/ZN
 _28746_/ZN
 _28747_/ZN
 _28748_/ZN
 _28749_/ZN
 _28750_/ZN
 _28751_/ZN
 _28752_/ZN
 _28753_/ZN
 _28754_/ZN
 _28755_/ZN
 _28756_/ZN
 _28757_/ZN
 _28758_/ZN
 _28759_/ZN
 _28760_/ZN
 _28761_/ZN
 _28762_/ZN
 _28763_/ZN
 _28764_/ZN
 _28765_/ZN
 _28766_/ZN
 _28767_/ZN
 _28768_/ZN
 _28769_/ZN
 _28770_/ZN
 _28771_/ZN
 _28772_/ZN
 _28773_/ZN
 _28774_/ZN
 _28775_/ZN
 _28776_/ZN
 _28777_/ZN
 _28778_/ZN
 _28779_/ZN
 _28780_/ZN
 _28781_/ZN
 _28782_/ZN
 _28783_/Z
 _28784_/ZN
 _28785_/ZN
 _28786_/ZN
 _28787_/ZN
 _28788_/ZN
 _28789_/ZN
 _28790_/ZN
 _28791_/ZN
 _28792_/ZN
 _28793_/ZN
 _28794_/ZN
 _28795_/ZN
 _28796_/ZN
 _28797_/ZN
 _28798_/ZN
 _28799_/ZN
 _28800_/ZN
 _28801_/ZN
 _28802_/ZN
 _28803_/ZN
 _28804_/ZN
 _28805_/ZN
 _28806_/ZN
 _28807_/ZN
 _28808_/Z
 _28809_/ZN
 _28810_/ZN
 _28811_/ZN
 _28812_/ZN
 _28813_/ZN
 _28814_/ZN
 _28815_/ZN
 _28816_/ZN
 _28817_/Z
 _28818_/ZN
 _28819_/ZN
 _28820_/ZN
 _28821_/ZN
 _28822_/Z
 _28823_/ZN
 _28824_/ZN
 _28825_/ZN
 _28826_/ZN
 _28827_/ZN
 _28828_/ZN
 _28829_/ZN
 _28830_/ZN
 _28831_/ZN
 _28832_/Z
 _28833_/ZN
 _28834_/ZN
 _28835_/ZN
 _28836_/ZN
 _28837_/ZN
 _28838_/ZN
 _28839_/ZN
 _28840_/ZN
 _28841_/ZN
 _28842_/ZN
 _28843_/ZN
 _28844_/Z
 _28845_/ZN
 _28846_/ZN
 _28847_/ZN
 _28848_/ZN
 _28849_/ZN
 _28850_/Z
 _28851_/ZN
 _28852_/ZN
 _28853_/ZN
 _28854_/ZN
 _28855_/ZN
 _28856_/ZN
 _28857_/ZN
 _28858_/ZN
 _28859_/ZN
 _28860_/ZN
 _28861_/ZN
 _28862_/ZN
 _28863_/ZN
 _28864_/ZN
 _28865_/ZN
 _28866_/ZN
 _28867_/ZN
 _28868_/ZN
 _28869_/ZN
 _28870_/ZN
 _28871_/ZN
 _28872_/ZN
 _28873_/ZN
 _28874_/ZN
 _28875_/ZN
 _28876_/Z
 _28877_/ZN
 _28878_/ZN
 _28879_/ZN
 _28880_/ZN
 _28881_/ZN
 _28882_/ZN
 _28883_/ZN
 _28884_/ZN
 _28885_/ZN
 _28886_/ZN
 _28887_/ZN
 _28888_/Z
 _28889_/ZN
 _28890_/ZN
 _28891_/ZN
 _28892_/ZN
 _28893_/ZN
 _28894_/ZN
 _28895_/ZN
 _28896_/ZN
 _28897_/ZN
 _28898_/ZN
 _28899_/ZN
 _28900_/ZN
 _28901_/ZN
 _28902_/ZN
 _28903_/ZN
 _28904_/ZN
 _28905_/ZN
 _28906_/ZN
 _28907_/ZN
 _28908_/ZN
 _28909_/ZN
 _28910_/ZN
 _28911_/ZN
 _28912_/ZN
 _28913_/ZN
 _28914_/ZN
 _28915_/ZN
 _28916_/ZN
 _28917_/ZN
 _28918_/ZN
 _28919_/ZN
 _28920_/ZN
 _28921_/ZN
 _28922_/ZN
 _28923_/ZN
 _28924_/ZN
 _28925_/ZN
 _28926_/ZN
 _28927_/ZN
 _28928_/ZN
 _28929_/ZN
 _28930_/ZN
 _28931_/ZN
 _28932_/ZN
 _28933_/ZN
 _28934_/ZN
 _28935_/ZN
 _28936_/ZN
 _28937_/ZN
 _28938_/ZN
 _28939_/ZN
 _28940_/ZN
 _28941_/ZN
 _28942_/ZN
 _28943_/ZN
 _28944_/ZN
 _28945_/ZN
 _28946_/Z
 _28947_/ZN
 _28948_/ZN
 _28949_/ZN
 _28950_/ZN
 _28951_/ZN
 _28952_/ZN
 _28953_/ZN
 _28954_/ZN
 _28955_/ZN
 _28956_/ZN
 _28957_/ZN
 _28958_/ZN
 _28959_/ZN
 _28960_/ZN
 _28961_/ZN
 _28962_/ZN
 _28963_/ZN
 _28964_/ZN
 _28965_/ZN
 _28966_/ZN
 _28967_/ZN
 _28968_/ZN
 _28969_/ZN
 _28970_/ZN
 _28971_/ZN
 _28972_/ZN
 _28973_/ZN
 _28974_/ZN
 _28975_/ZN
 _28976_/ZN
 _28977_/ZN
 _28978_/ZN
 _28979_/ZN
 _28980_/ZN
 _28981_/ZN
 _28982_/ZN
 _28983_/ZN
 _28984_/ZN
 _28985_/ZN
 _28986_/ZN
 _28987_/ZN
 _28988_/ZN
 _28989_/ZN
 _28990_/ZN
 _28991_/ZN
 _28992_/ZN
 _28993_/ZN
 _28994_/ZN
 _28995_/ZN
 _28996_/ZN
 _28997_/ZN
 _28998_/ZN
 _28999_/ZN
 _29000_/ZN
 _29001_/ZN
 _29002_/ZN
 _29003_/ZN
 _29004_/ZN
 _29005_/ZN
 _29006_/ZN
 _29007_/ZN
 _29008_/ZN
 _29009_/ZN
 _29010_/ZN
 _29011_/ZN
 _29012_/ZN
 _29013_/Z
 _29014_/ZN
 _29015_/ZN
 _29016_/ZN
 _29017_/ZN
 _29018_/ZN
 _29019_/ZN
 _29020_/ZN
 _29021_/ZN
 _29022_/ZN
 _29023_/ZN
 _29024_/ZN
 _29025_/ZN
 _29026_/ZN
 _29027_/ZN
 _29028_/ZN
 _29029_/ZN
 _29030_/ZN
 _29031_/ZN
 _29032_/ZN
 _29033_/Z
 _29034_/Z
 _29035_/ZN
 _29036_/Z
 _29037_/ZN
 _29038_/ZN
 _29039_/ZN
 _29040_/ZN
 _29041_/ZN
 _29042_/ZN
 _29043_/Z
 _29044_/Z
 _29045_/ZN
 _29046_/Z
 _29047_/ZN
 _29048_/ZN
 _29049_/ZN
 _29050_/ZN
 _29051_/Z
 _29052_/ZN
 _29053_/ZN
 _29054_/ZN
 _29055_/ZN
 _29056_/ZN
 _29057_/ZN
 _29058_/ZN
 _29059_/ZN
 _29060_/ZN
 _29061_/ZN
 _29062_/ZN
 _29063_/ZN
 _29064_/ZN
 _29065_/ZN
 _29066_/ZN
 _29067_/ZN
 _29068_/ZN
 _29069_/ZN
 _29070_/ZN
 _29071_/ZN
 _29072_/ZN
 _29073_/ZN
 _29074_/ZN
 _29075_/ZN
 _29076_/ZN
 _29077_/ZN
 _29078_/ZN
 _29079_/ZN
 _29080_/ZN
 _29081_/ZN
 _29082_/ZN
 _29083_/ZN
 _29084_/ZN
 _29085_/ZN
 _29086_/ZN
 _29087_/ZN
 _29088_/ZN
 _29089_/ZN
 _29090_/ZN
 _29091_/ZN
 _29092_/ZN
 _29093_/ZN
 _29094_/ZN
 _29095_/ZN
 _29096_/ZN
 _29097_/ZN
 _29098_/ZN
 _29099_/ZN
 _29100_/ZN
 _29101_/ZN
 _29102_/ZN
 _29103_/ZN
 _29104_/ZN
 _29105_/ZN
 _29106_/ZN
 _29107_/ZN
 _29108_/ZN
 _29109_/ZN
 _29110_/ZN
 _29111_/ZN
 _29112_/ZN
 _29113_/ZN
 _29114_/ZN
 _29115_/Z
 _29116_/ZN
 _29117_/ZN
 _29118_/ZN
 _29119_/ZN
 _29120_/ZN
 _29121_/ZN
 _29122_/ZN
 _29123_/ZN
 _29124_/ZN
 _29125_/ZN
 _29126_/ZN
 _29127_/ZN
 _29128_/ZN
 _29129_/ZN
 _29130_/ZN
 _29131_/ZN
 _29132_/ZN
 _29133_/ZN
 _29134_/ZN
 _29135_/ZN
 _29136_/ZN
 _29137_/ZN
 _29138_/Z
 _29139_/Z
 _29140_/Z
 _29141_/ZN
 _29142_/Z
 _29143_/ZN
 _29144_/ZN
 _29145_/ZN
 _29146_/ZN
 _29147_/ZN
 _29148_/ZN
 _29149_/ZN
 _29150_/ZN
 _29151_/ZN
 _29152_/Z
 _29153_/ZN
 _29154_/ZN
 _29155_/Z
 _29156_/ZN
 _29157_/ZN
 _29158_/ZN
 _29159_/ZN
 _29160_/Z
 _29161_/ZN
 _29162_/Z
 _29163_/Z
 _29164_/ZN
 _29165_/ZN
 _29166_/ZN
 _29167_/ZN
 _29168_/ZN
 _29169_/ZN
 _29170_/ZN
 _29171_/ZN
 _29172_/ZN
 _29173_/ZN
 _29174_/Z
 _29175_/Z
 _29176_/ZN
 _29177_/Z
 _29178_/ZN
 _29179_/ZN
 _29180_/ZN
 _29181_/ZN
 _29182_/ZN
 _29183_/ZN
 _29184_/ZN
 _29185_/ZN
 _29186_/ZN
 _29187_/ZN
 _29188_/ZN
 _29189_/ZN
 _29190_/ZN
 _29191_/Z
 _29192_/ZN
 _29193_/ZN
 _29194_/ZN
 _29195_/ZN
 _29196_/ZN
 _29197_/ZN
 _29198_/ZN
 _29199_/ZN
 _29200_/ZN
 _29201_/ZN
 _29202_/ZN
 _29203_/ZN
 _29204_/ZN
 _29205_/ZN
 _29206_/ZN
 _29207_/ZN
 _29208_/ZN
 _29209_/ZN
 _29210_/ZN
 _29211_/ZN
 _29212_/ZN
 _29213_/ZN
 _29214_/ZN
 _29215_/ZN
 _29216_/ZN
 _29217_/ZN
 _29218_/ZN
 _29219_/ZN
 _29220_/ZN
 _29221_/ZN
 _29222_/ZN
 _29223_/ZN
 _29224_/ZN
 _29225_/ZN
 _29226_/ZN
 _29227_/ZN
 _29228_/ZN
 _29229_/ZN
 _29230_/ZN
 _29231_/ZN
 _29232_/ZN
 _29233_/ZN
 _29234_/ZN
 _29235_/ZN
 _29236_/ZN
 _29237_/ZN
 _29238_/ZN
 _29239_/ZN
 _29240_/ZN
 _29241_/ZN
 _29242_/ZN
 _29243_/ZN
 _29244_/ZN
 _29245_/Z
 _29246_/ZN
 _29247_/ZN
 _29248_/ZN
 _29249_/ZN
 _29250_/ZN
 _29251_/ZN
 _29252_/ZN
 _29253_/ZN
 _29254_/ZN
 _29255_/ZN
 _29256_/ZN
 _29257_/ZN
 _29258_/ZN
 _29259_/ZN
 _29260_/ZN
 _29261_/ZN
 _29262_/Z
 _29263_/Z
 _29264_/ZN
 _29265_/ZN
 _29266_/ZN
 _29267_/ZN
 _29268_/ZN
 _29269_/ZN
 _29270_/ZN
 _29271_/ZN
 _29272_/Z
 _29273_/ZN
 _29274_/Z
 _29275_/Z
 _29276_/ZN
 _29277_/ZN
 _29278_/Z
 _29279_/Z
 _29280_/ZN
 _29281_/ZN
 _29282_/ZN
 _29283_/Z
 _29284_/Z
 _29285_/Z
 _29286_/Z
 _29287_/Z
 _29288_/ZN
 _29289_/Z
 _29290_/ZN
 _29291_/Z
 _29292_/Z
 _29293_/ZN
 _29294_/ZN
 _29295_/ZN
 _29296_/ZN
 _29297_/ZN
 _29298_/ZN
 _29299_/Z
 _29300_/ZN
 _29301_/ZN
 _29302_/ZN
 _29303_/ZN
 _29304_/ZN
 _29305_/ZN
 _29306_/Z
 _29307_/ZN
 _29308_/Z
 _29309_/ZN
 _29310_/Z
 _29311_/ZN
 _29312_/ZN
 _29313_/ZN
 _29314_/ZN
 _29315_/ZN
 _29316_/ZN
 _29317_/Z
 _29318_/ZN
 _29319_/Z
 _29320_/Z
 _29321_/ZN
 _29322_/Z
 _29323_/ZN
 _29324_/Z
 _29325_/ZN
 _29326_/ZN
 _29327_/ZN
 _29328_/ZN
 _29329_/Z
 _29330_/ZN
 _29331_/ZN
 _29332_/ZN
 _29333_/Z
 _29334_/Z
 _29335_/ZN
 _29336_/Z
 _29337_/ZN
 _29338_/ZN
 _29339_/ZN
 _29340_/ZN
 _29341_/ZN
 _29342_/ZN
 _29343_/ZN
 _29344_/ZN
 _29345_/ZN
 _29346_/ZN
 _29347_/ZN
 _29348_/ZN
 _29349_/Z
 _29350_/ZN
 _29351_/ZN
 _29352_/ZN
 _29353_/ZN
 _29354_/ZN
 _29355_/ZN
 _29356_/Z
 _29357_/ZN
 _29358_/ZN
 _29359_/ZN
 _29360_/ZN
 _29361_/ZN
 _29362_/ZN
 _29363_/ZN
 _29364_/ZN
 _29365_/ZN
 _29366_/ZN
 _29367_/ZN
 _29368_/ZN
 _29369_/ZN
 _29370_/ZN
 _29371_/ZN
 _29372_/ZN
 _29373_/Z
 _29374_/ZN
 _29375_/ZN
 _29376_/ZN
 _29377_/ZN
 _29378_/ZN
 _29379_/ZN
 _29380_/ZN
 _29381_/ZN
 _29382_/Z
 _29383_/ZN
 _29384_/ZN
 _29385_/ZN
 _29386_/ZN
 _29387_/ZN
 _29388_/ZN
 _29389_/ZN
 _29390_/ZN
 _29391_/ZN
 _29392_/ZN
 _29393_/Z
 _29394_/ZN
 _29395_/Z
 _29396_/ZN
 _29397_/ZN
 _29398_/Z
 _29399_/Z
 _29400_/ZN
 _29401_/ZN
 _29402_/ZN
 _29403_/ZN
 _29404_/ZN
 _29405_/ZN
 _29406_/ZN
 _29407_/ZN
 _29408_/ZN
 _29409_/ZN
 _29410_/ZN
 _29411_/ZN
 _29412_/ZN
 _29413_/ZN
 _29414_/ZN
 _29415_/ZN
 _29416_/ZN
 _29417_/ZN
 _29418_/ZN
 _29419_/ZN
 _29420_/ZN
 _29421_/ZN
 _29422_/Z
 _29423_/ZN
 _29424_/ZN
 _29425_/ZN
 _29426_/ZN
 _29427_/ZN
 _29428_/Z
 _29429_/ZN
 _29430_/ZN
 _29431_/ZN
 _29432_/ZN
 _29433_/Z
 _29434_/ZN
 _29435_/ZN
 _29436_/ZN
 _29437_/ZN
 _29438_/ZN
 _29439_/ZN
 _29440_/ZN
 _29441_/ZN
 _29442_/ZN
 _29443_/ZN
 _29444_/ZN
 _29445_/ZN
 _29446_/ZN
 _29447_/ZN
 _29448_/ZN
 _29449_/ZN
 _29450_/ZN
 _29451_/ZN
 _29452_/ZN
 _29453_/ZN
 _29454_/ZN
 _29455_/ZN
 _29456_/ZN
 _29457_/Z
 _29458_/ZN
 _29459_/ZN
 _29460_/ZN
 _29461_/ZN
 _29462_/ZN
 _29463_/ZN
 _29464_/ZN
 _29465_/ZN
 _29466_/ZN
 _29467_/ZN
 _29468_/ZN
 _29469_/ZN
 _29470_/ZN
 _29471_/ZN
 _29472_/ZN
 _29473_/ZN
 _29474_/ZN
 _29475_/ZN
 _29476_/ZN
 _29477_/ZN
 _29478_/ZN
 _29479_/ZN
 _29480_/ZN
 _29481_/ZN
 _29482_/ZN
 _29483_/ZN
 _29484_/ZN
 _29485_/ZN
 _29486_/ZN
 _29487_/ZN
 _29488_/ZN
 _29489_/ZN
 _29490_/ZN
 _29491_/ZN
 _29492_/ZN
 _29493_/ZN
 _29494_/ZN
 _29495_/ZN
 _29496_/ZN
 _29497_/ZN
 _29498_/ZN
 _29499_/ZN
 _29500_/ZN
 _29501_/ZN
 _29502_/ZN
 _29503_/ZN
 _29504_/ZN
 _29505_/ZN
 _29506_/ZN
 _29507_/ZN
 _29508_/ZN
 _29509_/ZN
 _29510_/ZN
 _29511_/ZN
 _29512_/ZN
 _29513_/ZN
 _29514_/ZN
 _29515_/ZN
 _29516_/ZN
 _29517_/ZN
 _29518_/ZN
 _29519_/Z
 _29520_/ZN
 _29521_/ZN
 _29522_/ZN
 _29523_/ZN
 _29524_/ZN
 _29525_/ZN
 _29526_/ZN
 _29527_/ZN
 _29528_/ZN
 _29529_/ZN
 _29530_/ZN
 _29531_/ZN
 _29532_/ZN
 _29533_/ZN
 _29534_/ZN
 _29535_/ZN
 _29536_/ZN
 _29537_/ZN
 _29538_/ZN
 _29539_/ZN
 _29540_/Z
 _29541_/ZN
 _29542_/ZN
 _29543_/ZN
 _29544_/ZN
 _29545_/ZN
 _29546_/Z
 _29547_/ZN
 _29548_/ZN
 _29549_/ZN
 _29550_/ZN
 _29551_/ZN
 _29552_/ZN
 _29553_/ZN
 _29554_/ZN
 _29555_/ZN
 _29556_/ZN
 _29557_/ZN
 _29558_/ZN
 _29559_/ZN
 _29560_/ZN
 _29561_/ZN
 _29562_/ZN
 _29563_/Z
 _29564_/ZN
 _29565_/ZN
 _29566_/ZN
 _29567_/ZN
 _29568_/ZN
 _29569_/ZN
 _29570_/ZN
 _29571_/ZN
 _29572_/ZN
 _29573_/ZN
 _29574_/ZN
 _29575_/ZN
 _29576_/ZN
 _29577_/ZN
 _29578_/ZN
 _29579_/ZN
 _29580_/ZN
 _29581_/ZN
 _29582_/ZN
 _29583_/ZN
 _29584_/ZN
 _29585_/ZN
 _29586_/ZN
 _29587_/ZN
 _29588_/Z
 _29589_/ZN
 _29590_/ZN
 _29591_/ZN
 _29592_/ZN
 _29593_/ZN
 _29594_/ZN
 _29595_/ZN
 _29596_/ZN
 _29597_/ZN
 _29598_/ZN
 _29599_/ZN
 _29600_/ZN
 _29601_/ZN
 _29602_/ZN
 _29603_/ZN
 _29604_/Z
 _29605_/ZN
 _29606_/ZN
 _29607_/ZN
 _29608_/ZN
 _29609_/ZN
 _29610_/ZN
 _29611_/ZN
 _29612_/ZN
 _29613_/ZN
 _29614_/ZN
 _29615_/ZN
 _29616_/ZN
 _29617_/ZN
 _29618_/ZN
 _29619_/ZN
 _29620_/ZN
 _29621_/ZN
 _29622_/ZN
 _29623_/ZN
 _29624_/ZN
 _29625_/ZN
 _29626_/ZN
 _29627_/ZN
 _29628_/ZN
 _29629_/ZN
 _29630_/ZN
 _29631_/ZN
 _29632_/ZN
 _29633_/ZN
 _29634_/ZN
 _29635_/ZN
 _29636_/ZN
 _29637_/ZN
 _29638_/Z
 _29639_/Z
 _29640_/ZN
 _29641_/ZN
 _29642_/ZN
 _29643_/ZN
 _29644_/ZN
 _29645_/ZN
 _29646_/ZN
 _29647_/ZN
 _29648_/ZN
 _29649_/ZN
 _29650_/ZN
 _29651_/ZN
 _29652_/ZN
 _29653_/ZN
 _29654_/ZN
 _29655_/ZN
 _29656_/ZN
 _29657_/ZN
 _29658_/ZN
 _29659_/Z
 _29660_/ZN
 _29661_/ZN
 _29662_/ZN
 _29663_/ZN
 _29664_/ZN
 _29665_/ZN
 _29666_/ZN
 _29667_/ZN
 _29668_/ZN
 _29669_/ZN
 _29670_/ZN
 _29671_/ZN
 _29672_/ZN
 _29673_/ZN
 _29674_/ZN
 _29675_/ZN
 _29676_/Z
 _29677_/Z
 _29678_/ZN
 _29679_/ZN
 _29680_/ZN
 _29681_/Z
 _29682_/ZN
 _29683_/ZN
 _29684_/Z
 _29685_/ZN
 _29686_/Z
 _29687_/ZN
 _29688_/ZN
 _29689_/ZN
 _29690_/Z
 _29691_/ZN
 _29692_/ZN
 _29693_/ZN
 _29694_/ZN
 _29695_/Z
 _29696_/Z
 _29697_/ZN
 _29698_/ZN
 _29699_/ZN
 _29700_/ZN
 _29701_/ZN
 _29702_/ZN
 _29703_/ZN
 _29704_/Z
 _29705_/ZN
 _29706_/ZN
 _29707_/ZN
 _29708_/ZN
 _29709_/ZN
 _29710_/ZN
 _29711_/ZN
 _29712_/ZN
 _29713_/ZN
 _29714_/ZN
 _29715_/ZN
 _29716_/Z
 _29717_/ZN
 _29718_/ZN
 _29719_/ZN
 _29720_/ZN
 _29721_/ZN
 _29722_/ZN
 _29723_/ZN
 _29724_/ZN
 _29725_/ZN
 _29726_/ZN
 _29727_/ZN
 _29728_/ZN
 _29729_/ZN
 _29730_/ZN
 _29731_/ZN
 _29732_/ZN
 _29733_/ZN
 _29734_/ZN
 _29735_/ZN
 _29736_/Z
 _29737_/ZN
 _29738_/ZN
 _29739_/ZN
 _29740_/ZN
 _29741_/ZN
 _29742_/ZN
 _29743_/ZN
 _29744_/ZN
 _29745_/ZN
 _29746_/ZN
 _29747_/ZN
 _29748_/ZN
 _29749_/ZN
 _29750_/ZN
 _29751_/ZN
 _29752_/ZN
 _29753_/ZN
 _29754_/ZN
 _29755_/ZN
 _29756_/ZN
 _29757_/ZN
 _29758_/ZN
 _29759_/ZN
 _29760_/ZN
 _29761_/ZN
 _29762_/ZN
 _29763_/ZN
 _29764_/ZN
 _29765_/ZN
 _29766_/ZN
 _29767_/ZN
 _29768_/ZN
 _29769_/ZN
 _29770_/ZN
 _29771_/ZN
 _29772_/Z
 _29773_/Z
 _29774_/ZN
 _29775_/ZN
 _29776_/ZN
 _29777_/ZN
 _29778_/ZN
 _29779_/ZN
 _29780_/ZN
 _29781_/ZN
 _29782_/ZN
 _29783_/ZN
 _29784_/ZN
 _29785_/ZN
 _29786_/ZN
 _29787_/ZN
 _29788_/ZN
 _29789_/ZN
 _29790_/ZN
 _29791_/ZN
 _29792_/ZN
 _29793_/ZN
 _29794_/ZN
 _29795_/ZN
 _29796_/ZN
 _29797_/ZN
 _29798_/ZN
 _29799_/ZN
 _29800_/ZN
 _29801_/ZN
 _29802_/ZN
 _29803_/ZN
 _29804_/ZN
 _29805_/ZN
 _29806_/ZN
 _29807_/Z
 _29808_/ZN
 _29809_/ZN
 _29810_/ZN
 _29811_/ZN
 _29812_/ZN
 _29813_/ZN
 _29814_/ZN
 _29815_/ZN
 _29816_/ZN
 _29817_/ZN
 _29818_/ZN
 _29819_/ZN
 _29820_/ZN
 _29821_/ZN
 _29822_/ZN
 _29823_/ZN
 _29824_/ZN
 _29825_/ZN
 _29826_/ZN
 _29827_/ZN
 _29828_/ZN
 _29829_/ZN
 _29830_/Z
 _29831_/ZN
 _29832_/ZN
 _29833_/ZN
 _29834_/ZN
 _29835_/Z
 _29836_/ZN
 _29837_/ZN
 _29838_/ZN
 _29839_/ZN
 _29840_/ZN
 _29841_/ZN
 _29842_/ZN
 _29843_/ZN
 _29844_/ZN
 _29845_/ZN
 _29846_/ZN
 _29847_/ZN
 _29848_/ZN
 _29849_/ZN
 _29850_/ZN
 _29851_/ZN
 _29852_/ZN
 _29853_/ZN
 _29854_/ZN
 _29855_/ZN
 _29856_/ZN
 _29857_/ZN
 _29858_/ZN
 _29859_/ZN
 _29860_/ZN
 _29861_/ZN
 _29862_/ZN
 _29863_/ZN
 _29864_/Z
 _29865_/ZN
 _29866_/ZN
 _29867_/ZN
 _29868_/ZN
 _29869_/ZN
 _29870_/ZN
 _29871_/ZN
 _29872_/ZN
 _29873_/ZN
 _29874_/ZN
 _29875_/ZN
 _29876_/ZN
 _29877_/ZN
 _29878_/ZN
 _29879_/ZN
 _29880_/ZN
 _29881_/ZN
 _29882_/ZN
 _29883_/ZN
 _29884_/ZN
 _29885_/ZN
 _29886_/ZN
 _29887_/ZN
 _29888_/Z
 _29889_/Z
 _29890_/ZN
 _29891_/ZN
 _29892_/ZN
 _29893_/Z
 _29894_/ZN
 _29895_/ZN
 _29896_/ZN
 _29897_/ZN
 _29898_/ZN
 _29899_/ZN
 _29900_/ZN
 _29901_/ZN
 _29902_/ZN
 _29903_/ZN
 _29904_/ZN
 _29905_/Z
 _29906_/ZN
 _29907_/ZN
 _29908_/ZN
 _29909_/ZN
 _29910_/ZN
 _29911_/ZN
 _29912_/ZN
 _29913_/ZN
 _29914_/ZN
 _29915_/ZN
 _29916_/ZN
 _29917_/ZN
 _29918_/ZN
 _29919_/ZN
 _29920_/ZN
 _29921_/Z
 _29922_/ZN
 _29923_/ZN
 _29924_/ZN
 _29925_/ZN
 _29926_/ZN
 _29927_/ZN
 _29928_/ZN
 _29929_/ZN
 _29930_/ZN
 _29931_/ZN
 _29932_/ZN
 _29933_/ZN
 _29934_/Z
 _29935_/Z
 _29936_/ZN
 _29937_/ZN
 _29938_/ZN
 _29939_/ZN
 _29940_/ZN
 _29941_/ZN
 _29942_/ZN
 _29943_/ZN
 _29944_/ZN
 _29945_/ZN
 _29946_/ZN
 _29947_/ZN
 _29948_/ZN
 _29949_/ZN
 _29950_/ZN
 _29951_/ZN
 _29952_/ZN
 _29953_/ZN
 _29954_/ZN
 _29955_/ZN
 _29956_/ZN
 _29957_/Z
 _29958_/Z
 _29959_/ZN
 _29960_/ZN
 _29961_/ZN
 _29962_/ZN
 _29963_/ZN
 _29964_/ZN
 _29965_/ZN
 _29966_/ZN
 _29967_/ZN
 _29968_/ZN
 _29969_/ZN
 _29970_/ZN
 _29971_/ZN
 _29972_/ZN
 _29973_/ZN
 _29974_/ZN
 _29975_/ZN
 _29976_/ZN
 _29977_/ZN
 _29978_/ZN
 _29979_/ZN
 _29980_/ZN
 _29981_/ZN
 _29982_/ZN
 _29983_/ZN
 _29984_/ZN
 _29985_/ZN
 _29986_/ZN
 _29987_/ZN
 _29988_/ZN
 _29989_/ZN
 _29990_/ZN
 _29991_/ZN
 _29992_/ZN
 _29993_/ZN
 _29994_/ZN
 _29995_/ZN
 _29996_/ZN
 _29997_/ZN
 _29998_/ZN
 _29999_/Z
 _30000_/ZN
 _30001_/ZN
 _30002_/ZN
 _30003_/ZN
 _30004_/ZN
 _30005_/ZN
 _30006_/ZN
 _30007_/ZN
 _30008_/ZN
 _30009_/ZN
 _30010_/ZN
 _30011_/ZN
 _30012_/ZN
 _30013_/ZN
 _30014_/ZN
 _30015_/ZN
 _30016_/ZN
 _30017_/ZN
 _30018_/ZN
 _30019_/ZN
 _30020_/ZN
 _30021_/ZN
 _30022_/ZN
 _30023_/ZN
 _30024_/ZN
 _30025_/ZN
 _30026_/ZN
 _30027_/ZN
 _30028_/ZN
 _30029_/ZN
 _30030_/ZN
 _30031_/ZN
 _30032_/ZN
 _30033_/ZN
 _30034_/ZN
 _30035_/ZN
 _30036_/ZN
 _30037_/ZN
 _30038_/ZN
 _30039_/ZN
 _30040_/ZN
 _30041_/ZN
 _30042_/ZN
 _30043_/ZN
 _30044_/ZN
 _30045_/ZN
 _30046_/ZN
 _30047_/ZN
 _30048_/Z
 _30049_/ZN
 _30050_/ZN
 _30051_/ZN
 _30052_/ZN
 _30053_/ZN
 _30054_/ZN
 _30055_/ZN
 _30056_/ZN
 _30057_/ZN
 _30058_/ZN
 _30059_/ZN
 _30060_/ZN
 _30061_/ZN
 _30062_/ZN
 _30063_/ZN
 _30064_/ZN
 _30065_/ZN
 _30066_/ZN
 _30067_/ZN
 _30068_/ZN
 _30069_/ZN
 _30070_/ZN
 _30071_/ZN
 _30072_/ZN
 _30073_/ZN
 _30074_/ZN
 _30075_/ZN
 _30076_/ZN
 _30077_/ZN
 _30078_/ZN
 _30079_/ZN
 _30080_/ZN
 _30081_/ZN
 _30082_/ZN
 _30083_/ZN
 _30084_/ZN
 _30085_/ZN
 _30086_/ZN
 _30087_/ZN
 _30088_/ZN
 _30089_/ZN
 _30090_/Z
 _30091_/ZN
 _30092_/ZN
 _30093_/ZN
 _30094_/ZN
 _30095_/ZN
 _30096_/ZN
 _30097_/ZN
 _30098_/ZN
 _30099_/ZN
 _30100_/ZN
 _30101_/ZN
 _30102_/ZN
 _30103_/ZN
 _30104_/ZN
 _30105_/ZN
 _30106_/ZN
 _30107_/ZN
 _30108_/ZN
 _30109_/ZN
 _30110_/ZN
 _30111_/ZN
 _30112_/ZN
 _30113_/ZN
 _30114_/ZN
 _30115_/ZN
 _30116_/ZN
 _30117_/ZN
 _30118_/ZN
 _30119_/ZN
 _30120_/ZN
 _30121_/ZN
 _30122_/ZN
 _30123_/ZN
 _30124_/ZN
 _30125_/ZN
 _30126_/ZN
 _30127_/ZN
 _30128_/ZN
 _30129_/ZN
 _30130_/ZN
 _30131_/ZN
 _30132_/ZN
 _30133_/ZN
 _30134_/ZN
 _30135_/ZN
 _30136_/ZN
 _30137_/ZN
 _30138_/ZN
 _30139_/ZN
 _30140_/ZN
 _30141_/ZN
 _30142_/ZN
 _30143_/ZN
 _30144_/ZN
 _30145_/ZN
 _30146_/ZN
 _30147_/ZN
 _30148_/ZN
 _30149_/ZN
 _30150_/ZN
 _30151_/ZN
 _30152_/ZN
 _30153_/ZN
 _30154_/ZN
 _30155_/ZN
 _30156_/ZN
 _30157_/ZN
 _30158_/ZN
 _30159_/ZN
 _30160_/ZN
 _30161_/ZN
 _30162_/ZN
 _30163_/ZN
 _30164_/ZN
 _30165_/ZN
 _30166_/ZN
 _30167_/ZN
 _30168_/ZN
 _30169_/ZN
 _30170_/ZN
 _30171_/ZN
 _30172_/ZN
 _30173_/ZN
 _30174_/ZN
 _30175_/ZN
 _30176_/ZN
 _30177_/ZN
 _30178_/ZN
 _30179_/ZN
 _30180_/ZN
 _30181_/ZN
 _30182_/ZN
 _30183_/ZN
 _30184_/ZN
 _30185_/ZN
 _30186_/ZN
 _30187_/ZN
 _30188_/ZN
 _30189_/ZN
 _30190_/ZN
 _30191_/ZN
 _30192_/ZN
 _30193_/ZN
 _30194_/ZN
 _30195_/ZN
 _30196_/ZN
 _30197_/ZN
 _30198_/ZN
 _30199_/ZN
 _30200_/ZN
 _30201_/ZN
 _30202_/ZN
 _30203_/ZN
 _30204_/ZN
 _30205_/ZN
 _30206_/ZN
 _30207_/ZN
 _30208_/ZN
 _30209_/Z
 _30210_/ZN
 _30211_/ZN
 _30212_/ZN
 _30213_/ZN
 _30214_/ZN
 _30215_/ZN
 _30216_/ZN
 _30217_/ZN
 _30218_/ZN
 _30219_/ZN
 _30220_/ZN
 _30221_/ZN
 _30222_/ZN
 _30223_/ZN
 _30224_/ZN
 _30225_/ZN
 _30226_/ZN
 _30227_/ZN
 _30228_/ZN
 _30229_/ZN
 _30230_/ZN
 _30231_/ZN
 _30232_/ZN
 _30233_/ZN
 _30234_/ZN
 _30235_/ZN
 _30236_/ZN
 _30237_/ZN
 _30238_/ZN
 _30239_/ZN
 _30240_/ZN
 _30241_/ZN
 _30242_/ZN
 _30243_/ZN
 _30244_/ZN
 _30245_/ZN
 _30246_/ZN
 _30247_/ZN
 _30248_/ZN
 _30249_/ZN
 _30250_/ZN
 _30251_/ZN
 _30252_/ZN
 _30253_/ZN
 _30254_/ZN
 _30255_/ZN
 _30256_/ZN
 _30257_/ZN
 _30258_/ZN
 _30259_/ZN
 _30260_/ZN
 _30261_/ZN
 _30262_/ZN
 _30263_/ZN
 _30264_/ZN
 _30265_/ZN
 _30266_/ZN
 _30267_/ZN
 _30268_/ZN
 _30269_/ZN
 _30270_/ZN
 _30271_/ZN
 _30272_/ZN
 _30273_/ZN
 _30274_/ZN
 _30275_/ZN
 _30276_/ZN
 _30277_/ZN
 _30278_/ZN
 _30279_/ZN
 _30280_/ZN
 _30281_/ZN
 _30282_/ZN
 _30283_/ZN
 _30284_/ZN
 _30285_/ZN
 _30286_/ZN
 _30287_/ZN
 _30288_/ZN
 _30289_/ZN
 _30290_/ZN
 _30291_/ZN
 _30292_/ZN
 _30293_/ZN
 _30294_/ZN
 _30295_/ZN
 _30296_/ZN
 _30297_/ZN
 _30298_/ZN
 _30299_/ZN
 _30300_/ZN
 _30301_/ZN
 _30302_/Z
 _30303_/ZN
 _30304_/Z
 _30305_/ZN
 _30306_/ZN
 _30307_/ZN
 _30308_/ZN
 _30309_/ZN
 _30310_/ZN
 _30311_/ZN
 _30312_/ZN
 _30313_/ZN
 _30314_/ZN
 _30315_/ZN
 _30316_/ZN
 _30317_/ZN
 _30318_/ZN
 _30319_/ZN
 _30320_/ZN
 _30321_/ZN
 _30322_/ZN
 _30323_/ZN
 _30324_/ZN
 _30325_/ZN
 _30326_/ZN
 _30327_/ZN
 _30328_/ZN
 _30329_/ZN
 _30330_/ZN
 _30331_/ZN
 _30332_/ZN
 _30333_/ZN
 _30334_/ZN
 _30335_/ZN
 _30336_/ZN
 _30337_/ZN
 _30338_/ZN
 _30339_/ZN
 _30340_/ZN
 _30341_/ZN
 _30342_/ZN
 _30343_/ZN
 _30344_/ZN
 _30345_/ZN
 _30346_/ZN
 _30347_/ZN
 _30348_/ZN
 _30349_/ZN
 _30350_/ZN
 _30351_/ZN
 _30352_/ZN
 _30353_/ZN
 _30354_/ZN
 _30355_/ZN
 _30356_/ZN
 _30357_/ZN
 _30358_/ZN
 _30359_/ZN
 _30360_/ZN
 _30361_/ZN
 _30362_/ZN
 _30363_/ZN
 _30364_/ZN
 _30365_/ZN
 _30366_/ZN
 _30367_/ZN
 _30368_/ZN
 _30369_/ZN
 _30370_/ZN
 _30371_/ZN
 _30372_/ZN
 _30373_/ZN
 _30374_/ZN
 _30375_/ZN
 _30376_/ZN
 _30377_/ZN
 _30378_/ZN
 _30379_/ZN
 _30380_/ZN
 _30381_/ZN
 _30382_/ZN
 _30383_/ZN
 _30384_/ZN
 _30385_/ZN
 _30386_/ZN
 _30387_/ZN
 _30388_/ZN
 _30389_/ZN
 _30390_/ZN
 _30391_/ZN
 _30392_/ZN
 _30393_/ZN
 _30394_/ZN
 _30395_/ZN
 _30396_/ZN
 _30397_/ZN
 _30398_/ZN
 _30399_/ZN
 _30400_/ZN
 _30401_/ZN
 _30402_/ZN
 _30403_/ZN
 _30404_/ZN
 _30405_/ZN
 _30406_/ZN
 _30407_/ZN
 _30408_/ZN
 _30409_/ZN
 _30410_/ZN
 _30411_/ZN
 _30412_/Z
 _30413_/ZN
 _30414_/ZN
 _30415_/ZN
 _30416_/ZN
 _30417_/ZN
 _30418_/ZN
 _30419_/ZN
 _30420_/ZN
 _30421_/ZN
 _30422_/ZN
 _30423_/ZN
 _30424_/ZN
 _30425_/ZN
 _30426_/ZN
 _30427_/ZN
 _30428_/ZN
 _30429_/ZN
 _30430_/ZN
 _30431_/ZN
 _30432_/ZN
 _30433_/ZN
 _30434_/ZN
 _30435_/ZN
 _30436_/ZN
 _30437_/ZN
 _30438_/ZN
 _30439_/ZN
 _30440_/ZN
 _30441_/ZN
 _30442_/ZN
 _30443_/ZN
 _30444_/ZN
 _30445_/ZN
 _30446_/ZN
 _30447_/ZN
 _30448_/ZN
 _30449_/ZN
 _30450_/ZN
 _30451_/ZN
 _30452_/ZN
 _30453_/ZN
 _30454_/ZN
 _30455_/ZN
 _30456_/ZN
 _30457_/Z
 _30458_/ZN
 _30459_/ZN
 _30460_/ZN
 _30461_/ZN
 _30462_/ZN
 _30463_/ZN
 _30464_/ZN
 _30465_/ZN
 _30466_/ZN
 _30467_/ZN
 _30468_/ZN
 _30469_/ZN
 _30470_/ZN
 _30471_/ZN
 _30472_/ZN
 _30473_/ZN
 _30474_/ZN
 _30475_/ZN
 _30476_/ZN
 _30477_/ZN
 _30478_/ZN
 _30479_/ZN
 _30480_/ZN
 _30481_/ZN
 _30482_/ZN
 _30483_/ZN
 _30484_/ZN
 _30485_/ZN
 _30486_/ZN
 _30487_/ZN
 _30488_/ZN
 _30489_/ZN
 _30490_/ZN
 _30491_/ZN
 _30492_/ZN
 _30493_/ZN
 _30494_/ZN
 _30495_/ZN
 _30496_/ZN
 _30497_/ZN
 _30498_/ZN
 _30499_/ZN
 _30500_/ZN
 _30501_/ZN
 _30502_/ZN
 _30503_/ZN
 _30504_/ZN
 _30505_/ZN
 _30506_/ZN
 _30507_/ZN
 _30508_/ZN
 _30509_/ZN
 _30510_/Z
 _30511_/ZN
 _30512_/ZN
 _30513_/ZN
 _30514_/ZN
 _30515_/ZN
 _30516_/Z
 _30517_/Z
 _30518_/ZN
 _30519_/ZN
 _30520_/ZN
 _30521_/ZN
 _30522_/ZN
 _30523_/ZN
 _30524_/ZN
 _30525_/ZN
 _30526_/ZN
 _30527_/ZN
 _30528_/ZN
 _30529_/ZN
 _30530_/ZN
 _30531_/ZN
 _30532_/ZN
 _30533_/ZN
 _30534_/ZN
 _30535_/ZN
 _30536_/ZN
 _30537_/ZN
 _30538_/ZN
 _30539_/ZN
 _30540_/ZN
 _30541_/ZN
 _30542_/ZN
 _30543_/ZN
 _30544_/ZN
 _30545_/ZN
 _30546_/ZN
 _30547_/ZN
 _30548_/ZN
 _30549_/ZN
 _30550_/ZN
 _30551_/ZN
 _30552_/ZN
 _30553_/ZN
 _30554_/ZN
 _30555_/ZN
 _30556_/Z
 _30557_/ZN
 _30558_/ZN
 _30559_/ZN
 _30560_/ZN
 _30561_/ZN
 _30562_/ZN
 _30563_/ZN
 _30564_/ZN
 _30565_/ZN
 _30566_/ZN
 _30567_/ZN
 _30568_/ZN
 _30569_/ZN
 _30570_/ZN
 _30571_/Z
 _30572_/ZN
 _30573_/ZN
 _30574_/ZN
 _30575_/ZN
 _30576_/ZN
 _30577_/ZN
 _30578_/ZN
 _30579_/ZN
 _30580_/ZN
 _30581_/ZN
 _30582_/ZN
 _30583_/ZN
 _30584_/ZN
 _30585_/ZN
 _30586_/ZN
 _30587_/ZN
 _30588_/ZN
 _30589_/ZN
 _30590_/Z
 _30591_/ZN
 _30592_/ZN
 _30593_/ZN
 _30594_/ZN
 _30595_/ZN
 _30596_/ZN
 _30597_/ZN
 _30598_/ZN
 _30599_/ZN
 _30600_/ZN
 _30601_/ZN
 _30602_/ZN
 _30603_/ZN
 _30604_/ZN
 _30605_/ZN
 _30606_/ZN
 _30607_/ZN
 _30608_/ZN
 _30609_/ZN
 _30610_/ZN
 _30611_/Z
 _30612_/ZN
 _30613_/ZN
 _30614_/ZN
 _30615_/ZN
 _30616_/ZN
 _30617_/ZN
 _30618_/ZN
 _30619_/ZN
 _30620_/ZN
 _30621_/ZN
 _30622_/ZN
 _30623_/ZN
 _30624_/ZN
 _30625_/ZN
 _30626_/ZN
 _30627_/ZN
 _30628_/ZN
 _30629_/ZN
 _30630_/ZN
 _30631_/ZN
 _30632_/ZN
 _30633_/ZN
 _30634_/Z
 _30635_/Z
 _30636_/ZN
 _30637_/ZN
 _30638_/ZN
 _30639_/ZN
 _30640_/ZN
 _30641_/ZN
 _30642_/ZN
 _30643_/ZN
 _30644_/ZN
 _30645_/ZN
 _30646_/ZN
 _30647_/ZN
 _30648_/ZN
 _30649_/ZN
 _30650_/ZN
 _30651_/ZN
 _30652_/ZN
 _30653_/ZN
 _30654_/Z
 _30655_/Z
 _30656_/ZN
 _30657_/ZN
 _30658_/ZN
 _30659_/ZN
 _30660_/ZN
 _30661_/ZN
 _30662_/ZN
 _30663_/ZN
 _30664_/ZN
 _30665_/ZN
 _30666_/ZN
 _30667_/ZN
 _30668_/ZN
 _30669_/ZN
 _30670_/ZN
 _30671_/ZN
 _30672_/ZN
 _30673_/ZN
 _30674_/ZN
 _30675_/ZN
 _30676_/ZN
 _30677_/ZN
 _30678_/Z
 _30679_/ZN
 _30680_/ZN
 _30681_/ZN
 _30682_/ZN
 _30683_/ZN
 _30684_/ZN
 _30685_/ZN
 _30686_/ZN
 _30687_/ZN
 _30688_/ZN
 _30689_/ZN
 _30690_/ZN
 _30691_/ZN
 _30692_/ZN
 _30693_/ZN
 _30694_/ZN
 _30695_/ZN
 _30696_/Z
 _30697_/Z
 _30698_/ZN
 _30699_/ZN
 _30700_/ZN
 _30701_/ZN
 _30702_/ZN
 _30703_/ZN
 _30704_/ZN
 _30705_/ZN
 _30706_/ZN
 _30707_/ZN
 _30708_/ZN
 _30709_/ZN
 _30710_/ZN
 _30711_/ZN
 _30712_/ZN
 _30713_/ZN
 _30714_/ZN
 _30715_/ZN
 _30716_/ZN
 _30717_/ZN
 _30718_/ZN
 _30719_/ZN
 _30720_/ZN
 _30721_/ZN
 _30722_/ZN
 _30723_/ZN
 _30724_/Z
 _30725_/ZN
 _30726_/ZN
 _30727_/ZN
 _30728_/ZN
 _30729_/ZN
 _30730_/ZN
 _30731_/ZN
 _30732_/ZN
 _30733_/ZN
 _30734_/ZN
 _30735_/ZN
 _30736_/ZN
 _30737_/ZN
 _30738_/ZN
 _30739_/ZN
 _30740_/ZN
 _30741_/ZN
 _30742_/ZN
 _30743_/ZN
 _30744_/ZN
 _30745_/ZN
 _30746_/ZN
 _30747_/ZN
 _30748_/ZN
 _30749_/ZN
 _30750_/ZN
 _30751_/ZN
 _30752_/ZN
 _30753_/ZN
 _30754_/ZN
 _30755_/ZN
 _30756_/ZN
 _30757_/ZN
 _30758_/ZN
 _30759_/ZN
 _30760_/ZN
 _30761_/ZN
 _30762_/ZN
 _30763_/ZN
 _30764_/ZN
 _30765_/ZN
 _30766_/ZN
 _30767_/Z
 _30768_/ZN
 _30769_/ZN
 _30770_/Z
 _30771_/ZN
 _30772_/ZN
 _30773_/ZN
 _30774_/Z
 _30775_/ZN
 _30776_/ZN
 _30777_/ZN
 _30778_/ZN
 _30779_/ZN
 _30780_/ZN
 _30781_/ZN
 _30782_/ZN
 _30783_/ZN
 _30784_/ZN
 _30785_/ZN
 _30786_/ZN
 _30787_/Z
 _30788_/Z
 _30789_/ZN
 _30790_/ZN
 _30791_/ZN
 _30792_/ZN
 _30793_/ZN
 _30794_/ZN
 _30795_/ZN
 _30796_/ZN
 _30797_/ZN
 _30798_/ZN
 _30799_/ZN
 _30800_/ZN
 _30801_/ZN
 _30802_/ZN
 _30803_/ZN
 _30804_/ZN
 _30805_/ZN
 _30806_/ZN
 _30807_/ZN
 _30808_/ZN
 _30809_/ZN
 _30810_/ZN
 _30811_/Z
 _30812_/ZN
 _30813_/ZN
 _30814_/ZN
 _30815_/ZN
 _30816_/ZN
 _30817_/ZN
 _30818_/ZN
 _30819_/ZN
 _30820_/ZN
 _30821_/ZN
 _30822_/ZN
 _30823_/ZN
 _30824_/ZN
 _30825_/ZN
 _30826_/ZN
 _30827_/ZN
 _30828_/ZN
 _30829_/ZN
 _30830_/ZN
 _30831_/ZN
 _30832_/ZN
 _30833_/ZN
 _30834_/ZN
 _30835_/ZN
 _30836_/ZN
 _30837_/ZN
 _30838_/ZN
 _30839_/ZN
 _30840_/ZN
 _30841_/ZN
 _30842_/ZN
 _30843_/ZN
 _30844_/ZN
 _30845_/ZN
 _30846_/ZN
 _30847_/ZN
 _30848_/ZN
 _30849_/ZN
 _30850_/ZN
 _30851_/ZN
 _30852_/ZN
 _30853_/ZN
 _30854_/ZN
 _30855_/ZN
 _30856_/ZN
 _30857_/ZN
 _30858_/ZN
 _30859_/ZN
 _30860_/ZN
 _30861_/ZN
 _30862_/ZN
 _30863_/ZN
 _30864_/ZN
 _30865_/ZN
 _30866_/ZN
 _30867_/ZN
 _30868_/ZN
 _30869_/ZN
 _30870_/ZN
 _30871_/ZN
 _30872_/ZN
 _30873_/ZN
 _30874_/ZN
 _30875_/ZN
 _30876_/ZN
 _30877_/ZN
 _30878_/ZN
 _30879_/ZN
 _30880_/ZN
 _30881_/ZN
 _30882_/ZN
 _30883_/ZN
 _30884_/ZN
 _30885_/ZN
 _30886_/ZN
 _30887_/ZN
 _30888_/ZN
 _30889_/ZN
 _30890_/ZN
 _30891_/ZN
 _30892_/ZN
 _30893_/ZN
 _30894_/ZN
 _30895_/ZN
 _30896_/ZN
 _30897_/ZN
 _30898_/ZN
 _30899_/ZN
 _30900_/ZN
 _30901_/ZN
 _30902_/ZN
 _30903_/ZN
 _30904_/ZN
 _30905_/ZN
 _30906_/ZN
 _30907_/ZN
 _30908_/ZN
 _30909_/ZN
 _30910_/ZN
 _30911_/ZN
 _30912_/ZN
 _30913_/Z
 _30914_/ZN
 _30915_/ZN
 _30916_/ZN
 _30917_/ZN
 _30918_/ZN
 _30919_/Z
 _30920_/Z
 _30921_/ZN
 _30922_/ZN
 _30923_/ZN
 _30924_/ZN
 _30925_/ZN
 _30926_/ZN
 _30927_/ZN
 _30928_/ZN
 _30929_/ZN
 _30930_/ZN
 _30931_/ZN
 _30932_/ZN
 _30933_/ZN
 _30934_/ZN
 _30935_/ZN
 _30936_/ZN
 _30937_/ZN
 _30938_/ZN
 _30939_/ZN
 _30940_/ZN
 _30941_/ZN
 _30942_/ZN
 _30943_/ZN
 _30944_/ZN
 _30945_/ZN
 _30946_/ZN
 _30947_/ZN
 _30948_/ZN
 _30949_/ZN
 _30950_/ZN
 _30951_/ZN
 _30952_/ZN
 _30953_/ZN
 _30954_/ZN
 _30955_/ZN
 _30956_/ZN
 _30957_/ZN
 _30958_/Z
 _30959_/ZN
 _30960_/ZN
 _30961_/ZN
 _30962_/ZN
 _30963_/ZN
 _30964_/Z
 _30965_/Z
 _30966_/ZN
 _30967_/ZN
 _30968_/ZN
 _30969_/ZN
 _30970_/ZN
 _30971_/ZN
 _30972_/ZN
 _30973_/ZN
 _30974_/ZN
 _30975_/ZN
 _30976_/ZN
 _30977_/ZN
 _30978_/ZN
 _30979_/ZN
 _30980_/ZN
 _30981_/ZN
 _30982_/ZN
 _30983_/ZN
 _30984_/ZN
 _30985_/ZN
 _30986_/ZN
 _30987_/ZN
 _30988_/ZN
 _30989_/ZN
 _30990_/ZN
 _30991_/ZN
 _30992_/ZN
 _30993_/ZN
 _30994_/ZN
 _30995_/ZN
 _30996_/ZN
 _30997_/ZN
 _30998_/ZN
 _30999_/ZN
 _31000_/ZN
 _31001_/ZN
 _31002_/ZN
 _31003_/ZN
 _31004_/ZN
 _31005_/ZN
 _31006_/ZN
 _31007_/ZN
 _31008_/ZN
 _31009_/ZN
 _31010_/ZN
 _31011_/ZN
 _31012_/ZN
 _31013_/ZN
 _31014_/ZN
 _31015_/ZN
 _31016_/ZN
 _31017_/ZN
 _31018_/ZN
 _31019_/ZN
 _31020_/ZN
 _31021_/ZN
 _31022_/ZN
 _31023_/ZN
 _31024_/ZN
 _31025_/ZN
 _31026_/ZN
 _31027_/ZN
 _31028_/ZN
 _31029_/ZN
 _31030_/ZN
 _31031_/ZN
 _31032_/ZN
 _31033_/ZN
 _31034_/Z
 _31035_/ZN
 _31036_/ZN
 _31037_/Z
 _31038_/ZN
 _31039_/ZN
 _31040_/ZN
 _31041_/ZN
 _31042_/ZN
 _31043_/ZN
 _31044_/ZN
 _31045_/ZN
 _31046_/ZN
 _31047_/ZN
 _31048_/ZN
 _31049_/ZN
 _31050_/ZN
 _31051_/ZN
 _31052_/ZN
 _31053_/ZN
 _31054_/ZN
 _31055_/ZN
 _31056_/ZN
 _31057_/ZN
 _31058_/ZN
 _31059_/ZN
 _31060_/ZN
 _31061_/ZN
 _31062_/ZN
 _31063_/ZN
 _31064_/ZN
 _31065_/ZN
 _31066_/ZN
 _31067_/ZN
 _31068_/ZN
 _31069_/ZN
 _31070_/ZN
 _31071_/ZN
 _31072_/ZN
 _31073_/ZN
 _31074_/ZN
 _31075_/ZN
 _31076_/ZN
 _31077_/ZN
 _31078_/ZN
 _31079_/ZN
 _31080_/ZN
 _31081_/ZN
 _31082_/ZN
 _31083_/ZN
 _31084_/ZN
 _31085_/ZN
 _31086_/ZN
 _31087_/ZN
 _31088_/ZN
 _31089_/ZN
 _31090_/ZN
 _31091_/ZN
 _31092_/ZN
 _31093_/ZN
 _31094_/ZN
 _31095_/ZN
 _31096_/ZN
 _31097_/ZN
 _31098_/ZN
 _31099_/ZN
 _31100_/ZN
 _31101_/ZN
 _31102_/ZN
 _31103_/ZN
 _31104_/ZN
 _31105_/ZN
 _31106_/ZN
 _31107_/ZN
 _31108_/ZN
 _31109_/ZN
 _31110_/ZN
 _31111_/ZN
 _31112_/ZN
 _31113_/ZN
 _31114_/ZN
 _31115_/ZN
 _31116_/ZN
 _31117_/ZN
 _31118_/ZN
 _31119_/ZN
 _31120_/ZN
 _31121_/ZN
 _31122_/ZN
 _31123_/ZN
 _31124_/ZN
 _31125_/ZN
 _31126_/Z
 _31127_/ZN
 _31128_/ZN
 _31129_/ZN
 _31130_/ZN
 _31131_/ZN
 _31132_/ZN
 _31133_/ZN
 _31134_/ZN
 _31135_/ZN
 _31136_/Z
 _31137_/ZN
 _31138_/ZN
 _31139_/ZN
 _31140_/ZN
 _31141_/ZN
 _31142_/ZN
 _31143_/ZN
 _31144_/ZN
 _31145_/ZN
 _31146_/ZN
 _31147_/ZN
 _31148_/ZN
 _31149_/ZN
 _31150_/ZN
 _31151_/ZN
 _31152_/ZN
 _31153_/ZN
 _31154_/ZN
 _31155_/ZN
 _31156_/ZN
 _31157_/ZN
 _31158_/ZN
 _31159_/ZN
 _31160_/ZN
 _31161_/ZN
 _31162_/ZN
 _31163_/ZN
 _31164_/Z
 _31165_/ZN
 _31166_/ZN
 _31167_/ZN
 _31168_/ZN
 _31169_/ZN
 _31170_/ZN
 _31171_/ZN
 _31172_/ZN
 _31173_/ZN
 _31174_/ZN
 _31175_/ZN
 _31176_/ZN
 _31177_/ZN
 _31178_/ZN
 _31179_/ZN
 _31180_/ZN
 _31181_/ZN
 _31182_/ZN
 _31183_/ZN
 _31184_/ZN
 _31185_/ZN
 _31186_/ZN
 _31187_/ZN
 _31188_/ZN
 _31189_/ZN
 _31190_/ZN
 _31191_/ZN
 _31192_/ZN
 _31193_/ZN
 _31194_/ZN
 _31195_/ZN
 _31196_/ZN
 _31197_/ZN
 _31198_/ZN
 _31199_/Z
 _31200_/ZN
 _31201_/ZN
 _31202_/ZN
 _31203_/ZN
 _31204_/ZN
 _31205_/ZN
 _31206_/ZN
 _31207_/ZN
 _31208_/ZN
 _31209_/ZN
 _31210_/ZN
 _31211_/ZN
 _31212_/ZN
 _31213_/ZN
 _31214_/ZN
 _31215_/ZN
 _31216_/ZN
 _31217_/ZN
 _31218_/ZN
 _31219_/ZN
 _31220_/ZN
 _31221_/ZN
 _31222_/ZN
 _31223_/ZN
 _31224_/ZN
 _31225_/ZN
 _31226_/ZN
 _31227_/ZN
 _31228_/ZN
 _31229_/ZN
 _31230_/ZN
 _31231_/ZN
 _31232_/ZN
 _31233_/ZN
 _31234_/ZN
 _31235_/ZN
 _31236_/ZN
 _31237_/ZN
 _31238_/ZN
 _31239_/ZN
 _31240_/ZN
 _31241_/ZN
 _31242_/ZN
 _31243_/ZN
 _31244_/ZN
 _31245_/ZN
 _31246_/ZN
 _31247_/ZN
 _31248_/ZN
 _31249_/ZN
 _31250_/ZN
 _31251_/ZN
 _31252_/ZN
 _31253_/ZN
 _31254_/ZN
 _31255_/ZN
 _31256_/ZN
 _31257_/ZN
 _31258_/ZN
 _31259_/ZN
 _31260_/ZN
 _31261_/ZN
 _31262_/ZN
 _31263_/ZN
 _31264_/ZN
 _31265_/ZN
 _31266_/ZN
 _31267_/ZN
 _31268_/ZN
 _31269_/ZN
 _31270_/ZN
 _31271_/ZN
 _31272_/ZN
 _31273_/ZN
 _31274_/ZN
 _31275_/ZN
 _31276_/ZN
 _31277_/ZN
 _31278_/ZN
 _31279_/ZN
 _31280_/ZN
 _31281_/ZN
 _31282_/ZN
 _31283_/ZN
 _31284_/ZN
 _31285_/ZN
 _31286_/ZN
 _31287_/ZN
 _31288_/ZN
 _31289_/ZN
 _31290_/ZN
 _31291_/ZN
 _31292_/ZN
 _31293_/ZN
 _31294_/ZN
 _31295_/ZN
 _31296_/ZN
 _31297_/ZN
 _31298_/ZN
 _31299_/ZN
 _31300_/ZN
 _31301_/ZN
 _31302_/ZN
 _31303_/ZN
 _31304_/ZN
 _31305_/ZN
 _31306_/ZN
 _31307_/ZN
 _31308_/ZN
 _31309_/ZN
 _31310_/ZN
 _31311_/ZN
 _31312_/ZN
 _31313_/Z
 _31314_/ZN
 _31315_/ZN
 _31316_/ZN
 _31317_/ZN
 _31318_/ZN
 _31319_/ZN
 _31320_/ZN
 _31321_/ZN
 _31322_/ZN
 _31323_/ZN
 _31324_/ZN
 _31325_/ZN
 _31326_/ZN
 _31327_/ZN
 _31328_/ZN
 _31329_/ZN
 _31330_/ZN
 _31331_/ZN
 _31332_/ZN
 _31333_/ZN
 _31334_/ZN
 _31335_/ZN
 _31336_/Z
 _31337_/Z
 _31338_/ZN
 _31339_/ZN
 _31340_/ZN
 _31341_/ZN
 _31342_/ZN
 _31343_/ZN
 _31344_/ZN
 _31345_/Z
 _31346_/ZN
 _31347_/Z
 _31348_/ZN
 _31349_/ZN
 _31350_/ZN
 _31351_/ZN
 _31352_/ZN
 _31353_/ZN
 _31354_/ZN
 _31355_/ZN
 _31356_/ZN
 _31357_/ZN
 _31358_/ZN
 _31359_/ZN
 _31360_/ZN
 _31361_/ZN
 _31362_/ZN
 _31363_/ZN
 _31364_/ZN
 _31365_/ZN
 _31366_/ZN
 _31367_/ZN
 _31368_/ZN
 _31369_/ZN
 _31370_/ZN
 _31371_/ZN
 _31372_/ZN
 _31373_/ZN
 _31374_/ZN
 _31375_/ZN
 _31376_/ZN
 _31377_/ZN
 _31378_/ZN
 _31379_/ZN
 _31380_/ZN
 _31381_/ZN
 _31382_/ZN
 _31383_/ZN
 _31384_/ZN
 _31385_/ZN
 _31386_/ZN
 _31387_/Z
 _31388_/ZN
 _31389_/ZN
 _31390_/ZN
 _31391_/ZN
 _31392_/ZN
 _31393_/ZN
 _31394_/ZN
 _31395_/ZN
 _31396_/ZN
 _31397_/ZN
 _31398_/ZN
 _31399_/ZN
 _31400_/ZN
 _31401_/ZN
 _31402_/ZN
 _31403_/ZN
 _31404_/ZN
 _31405_/ZN
 _31406_/ZN
 _31407_/ZN
 _31408_/ZN
 _31409_/ZN
 _31410_/ZN
 _31411_/ZN
 _31412_/ZN
 _31413_/ZN
 _31414_/ZN
 _31415_/ZN
 _31416_/ZN
 _31417_/ZN
 _31418_/ZN
 _31419_/ZN
 _31420_/ZN
 _31421_/ZN
 _31422_/ZN
 _31423_/ZN
 _31424_/ZN
 _31425_/ZN
 _31426_/ZN
 _31427_/ZN
 _31428_/ZN
 _31429_/ZN
 _31430_/ZN
 _31431_/ZN
 _31432_/ZN
 _31433_/ZN
 _31434_/ZN
 _31435_/ZN
 _31436_/ZN
 _31437_/ZN
 _31438_/ZN
 _31439_/ZN
 _31440_/ZN
 _31441_/ZN
 _31442_/ZN
 _31443_/ZN
 _31444_/ZN
 _31445_/ZN
 _31446_/ZN
 _31447_/ZN
 _31448_/ZN
 _31449_/ZN
 _31450_/ZN
 _31451_/ZN
 _31452_/ZN
 _31453_/ZN
 _31454_/ZN
 _31455_/ZN
 _31456_/ZN
 _31457_/ZN
 _31458_/ZN
 _31459_/ZN
 _31460_/ZN
 _31461_/ZN
 _31462_/ZN
 _31463_/ZN
 _31464_/ZN
 _31465_/ZN
 _31466_/ZN
 _31467_/ZN
 _31468_/ZN
 _31469_/ZN
 _31470_/ZN
 _31471_/ZN
 _31472_/ZN
 _31473_/ZN
 _31474_/ZN
 _31475_/ZN
 _31476_/ZN
 _31477_/ZN
 _31478_/ZN
 _31479_/ZN
 _31480_/ZN
 _31481_/ZN
 _31482_/ZN
 _31483_/ZN
 _31484_/ZN
 _31485_/ZN
 _31486_/ZN
 _31487_/ZN
 _31488_/Z
 _31489_/ZN
 _31490_/ZN
 _31491_/ZN
 _31492_/ZN
 _31493_/ZN
 _31494_/ZN
 _31495_/Z
 _31496_/ZN
 _31497_/ZN
 _31498_/Z
 _31499_/ZN
 _31500_/ZN
 _31501_/ZN
 _31502_/ZN
 _31503_/ZN
 _31504_/ZN
 _31505_/ZN
 _31506_/ZN
 _31507_/ZN
 _31508_/ZN
 _31509_/ZN
 _31510_/ZN
 _31511_/ZN
 _31512_/Z
 _31513_/ZN
 _31514_/ZN
 _31515_/ZN
 _31516_/ZN
 _31517_/ZN
 _31518_/ZN
 _31519_/ZN
 _31520_/ZN
 _31521_/ZN
 _31522_/ZN
 _31523_/ZN
 _31524_/ZN
 _31525_/ZN
 _31526_/ZN
 _31527_/ZN
 _31528_/ZN
 _31529_/ZN
 _31530_/ZN
 _31531_/ZN
 _31532_/ZN
 _31533_/ZN
 _31534_/ZN
 _31535_/ZN
 _31536_/ZN
 _31537_/ZN
 _31538_/ZN
 _31539_/ZN
 _31540_/ZN
 _31541_/ZN
 _31542_/ZN
 _31543_/ZN
 _31544_/ZN
 _31545_/ZN
 _31546_/ZN
 _31547_/ZN
 _31548_/ZN
 _31549_/ZN
 _31550_/ZN
 _31551_/ZN
 _31552_/ZN
 _31553_/ZN
 _31554_/ZN
 _31555_/ZN
 _31556_/ZN
 _31557_/ZN
 _31558_/ZN
 _31559_/ZN
 _31560_/ZN
 _31561_/ZN
 _31562_/ZN
 _31563_/ZN
 _31564_/ZN
 _31565_/ZN
 _31566_/ZN
 _31567_/ZN
 _31568_/ZN
 _31569_/ZN
 _31570_/ZN
 _31571_/ZN
 _31572_/ZN
 _31573_/ZN
 _31574_/ZN
 _31575_/ZN
 _31576_/ZN
 _31577_/Z
 _31578_/ZN
 _31579_/ZN
 _31580_/ZN
 _31581_/ZN
 _31582_/ZN
 _31583_/ZN
 _31584_/ZN
 _31585_/ZN
 _31586_/ZN
 _31587_/ZN
 _31588_/ZN
 _31589_/ZN
 _31590_/ZN
 _31591_/ZN
 _31592_/ZN
 _31593_/ZN
 _31594_/Z
 _31595_/ZN
 _31596_/ZN
 _31597_/ZN
 _31598_/ZN
 _31599_/ZN
 _31600_/ZN
 _31601_/ZN
 _31602_/ZN
 _31603_/ZN
 _31604_/ZN
 _31605_/ZN
 _31606_/ZN
 _31607_/ZN
 _31608_/ZN
 _31609_/ZN
 _31610_/ZN
 _31611_/ZN
 _31612_/ZN
 _31613_/ZN
 _31614_/Z
 _31615_/ZN
 _31616_/ZN
 _31617_/ZN
 _31618_/ZN
 _31619_/ZN
 _31620_/ZN
 _31621_/ZN
 _31622_/ZN
 _31623_/ZN
 _31624_/ZN
 _31625_/ZN
 _31626_/ZN
 _31627_/ZN
 _31628_/ZN
 _31629_/ZN
 _31630_/ZN
 _31631_/ZN
 _31632_/ZN
 _31633_/ZN
 _31634_/ZN
 _31635_/ZN
 _31636_/ZN
 _31637_/ZN
 _31638_/ZN
 _31639_/Z
 _31640_/ZN
 _31641_/ZN
 _31642_/ZN
 _31643_/ZN
 _31644_/ZN
 _31645_/ZN
 _31646_/ZN
 _31647_/ZN
 _31648_/Z
 _31649_/ZN
 _31650_/ZN
 _31651_/ZN
 _31652_/ZN
 _31653_/ZN
 _31654_/Z
 _31655_/ZN
 _31656_/ZN
 _31657_/ZN
 _31658_/Z
 _31659_/ZN
 _31660_/Z
 _31661_/ZN
 _31662_/ZN
 _31663_/ZN
 _31664_/ZN
 _31665_/ZN
 _31666_/ZN
 _31667_/ZN
 _31668_/ZN
 _31669_/ZN
 _31670_/ZN
 _31671_/ZN
 _31672_/ZN
 _31673_/ZN
 _31674_/ZN
 _31675_/ZN
 _31676_/ZN
 _31677_/ZN
 _31678_/ZN
 _31679_/ZN
 _31680_/ZN
 _31681_/ZN
 _31682_/ZN
 _31683_/Z
 _31684_/ZN
 _31685_/ZN
 _31686_/ZN
 _31687_/ZN
 _31688_/ZN
 _31689_/Z
 _31690_/ZN
 _31691_/ZN
 _31692_/ZN
 _31693_/ZN
 _31694_/ZN
 _31695_/ZN
 _31696_/ZN
 _31697_/ZN
 _31698_/ZN
 _31699_/Z
 _31700_/ZN
 _31701_/ZN
 _31702_/ZN
 _31703_/ZN
 _31704_/ZN
 _31705_/ZN
 _31706_/ZN
 _31707_/ZN
 _31708_/ZN
 _31709_/ZN
 _31710_/ZN
 _31711_/ZN
 _31712_/Z
 _31713_/ZN
 _31714_/ZN
 _31715_/ZN
 _31716_/ZN
 _31717_/ZN
 _31718_/ZN
 _31719_/ZN
 _31720_/ZN
 _31721_/ZN
 _31722_/ZN
 _31723_/ZN
 _31724_/Z
 _31725_/ZN
 _31726_/ZN
 _31727_/ZN
 _31728_/ZN
 _31729_/ZN
 _31730_/ZN
 _31731_/ZN
 _31732_/ZN
 _31733_/ZN
 _31734_/ZN
 _31735_/ZN
 _31736_/ZN
 _31737_/ZN
 _31738_/ZN
 _31739_/ZN
 _31740_/ZN
 _31741_/ZN
 _31742_/ZN
 _31743_/ZN
 _31744_/ZN
 _31745_/ZN
 _31746_/ZN
 _31747_/ZN
 _31748_/ZN
 _31749_/ZN
 _31750_/ZN
 _31751_/ZN
 _31752_/ZN
 _31753_/ZN
 _31754_/ZN
 _31755_/ZN
 _31756_/ZN
 _31757_/ZN
 _31758_/ZN
 _31759_/ZN
 _31760_/ZN
 _31761_/ZN
 _31762_/ZN
 _31763_/ZN
 _31764_/ZN
 _31765_/ZN
 _31766_/ZN
 _31767_/ZN
 _31768_/ZN
 _31769_/ZN
 _31770_/ZN
 _31771_/ZN
 _31772_/ZN
 _31773_/ZN
 _31774_/ZN
 _31775_/ZN
 _31776_/ZN
 _31777_/ZN
 _31778_/ZN
 _31779_/ZN
 _31780_/ZN
 _31781_/ZN
 _31782_/ZN
 _31783_/ZN
 _31784_/ZN
 _31785_/ZN
 _31786_/ZN
 _31787_/ZN
 _31788_/ZN
 _31789_/ZN
 _31790_/ZN
 _31791_/ZN
 _31792_/ZN
 _31793_/ZN
 _31794_/ZN
 _31795_/ZN
 _31796_/ZN
 _31797_/ZN
 _31798_/ZN
 _31799_/ZN
 _31800_/ZN
 _31801_/ZN
 _31802_/ZN
 _31803_/ZN
 _31804_/ZN
 _31805_/ZN
 _31806_/ZN
 _31807_/ZN
 _31808_/ZN
 _31809_/ZN
 _31810_/ZN
 _31811_/ZN
 _31812_/ZN
 _31813_/ZN
 _31814_/ZN
 _31815_/ZN
 _31816_/ZN
 _31817_/ZN
 _31818_/ZN
 _31819_/ZN
 _31820_/ZN
 _31821_/ZN
 _31822_/ZN
 _31823_/ZN
 _31824_/ZN
 _31825_/ZN
 _31826_/ZN
 _31827_/ZN
 _31828_/ZN
 _31829_/ZN
 _31830_/ZN
 _31831_/ZN
 _31832_/ZN
 _31833_/ZN
 _31834_/ZN
 _31835_/ZN
 _31836_/ZN
 _31837_/ZN
 _31838_/ZN
 _31839_/ZN
 _31840_/ZN
 _31841_/ZN
 _31842_/ZN
 _31843_/ZN
 _31844_/ZN
 _31845_/ZN
 _31846_/ZN
 _31847_/ZN
 _31848_/ZN
 _31849_/ZN
 _31850_/ZN
 _31851_/ZN
 _31852_/ZN
 _31853_/ZN
 _31854_/ZN
 _31855_/ZN
 _31856_/ZN
 _31857_/ZN
 _31858_/ZN
 _31859_/ZN
 _31860_/ZN
 _31861_/ZN
 _31862_/ZN
 _31863_/ZN
 _31864_/ZN
 _31865_/ZN
 _31866_/ZN
 _31867_/Z
 _31868_/ZN
 _31869_/ZN
 _31870_/ZN
 _31871_/ZN
 _31872_/ZN
 _31873_/ZN
 _31874_/ZN
 _31875_/ZN
 _31876_/ZN
 _31877_/ZN
 _31878_/ZN
 _31879_/ZN
 _31880_/ZN
 _31881_/ZN
 _31882_/ZN
 _31883_/ZN
 _31884_/ZN
 _31885_/ZN
 _31886_/ZN
 _31887_/ZN
 _31888_/ZN
 _31889_/ZN
 _31890_/ZN
 _31891_/ZN
 _31892_/ZN
 _31893_/ZN
 _31894_/ZN
 _31895_/ZN
 _31896_/ZN
 _31897_/ZN
 _31898_/ZN
 _31899_/ZN
 _31900_/ZN
 _31901_/ZN
 _31902_/ZN
 _31903_/ZN
 _31904_/ZN
 _31905_/ZN
 _31906_/ZN
 _31907_/ZN
 _31908_/ZN
 _31909_/ZN
 _31910_/ZN
 _31911_/ZN
 _31912_/ZN
 _31913_/ZN
 _31914_/ZN
 _31915_/ZN
 _31916_/ZN
 _31917_/ZN
 _31918_/ZN
 _31919_/ZN
 _31920_/ZN
 _31921_/ZN
 _31922_/ZN
 _31923_/ZN
 _31924_/ZN
 _31925_/ZN
 _31926_/Z
 _31927_/ZN
 _31928_/ZN
 _31929_/ZN
 _31930_/ZN
 _31931_/ZN
 _31932_/ZN
 _31933_/ZN
 _31934_/ZN
 _31935_/ZN
 _31936_/ZN
 _31937_/ZN
 _31938_/ZN
 _31939_/ZN
 _31940_/ZN
 _31941_/ZN
 _31942_/ZN
 _31943_/ZN
 _31944_/ZN
 _31945_/ZN
 _31946_/ZN
 _31947_/ZN
 _31948_/ZN
 _31949_/ZN
 _31950_/ZN
 _31951_/ZN
 _31952_/ZN
 _31953_/ZN
 _31954_/ZN
 _31955_/ZN
 _31956_/ZN
 _31957_/ZN
 _31958_/ZN
 _31959_/Z
 _31960_/ZN
 _31961_/Z
 _31962_/ZN
 _31963_/ZN
 _31964_/ZN
 _31965_/ZN
 _31966_/ZN
 _31967_/ZN
 _31968_/ZN
 _31969_/ZN
 _31970_/Z
 _31971_/ZN
 _31972_/ZN
 _31973_/ZN
 _31974_/ZN
 _31975_/ZN
 _31976_/ZN
 _31977_/ZN
 _31978_/ZN
 _31979_/ZN
 _31980_/ZN
 _31981_/ZN
 _31982_/Z
 _31983_/ZN
 _31984_/Z
 _31985_/ZN
 _31986_/ZN
 _31987_/Z
 _31988_/Z
 _31989_/ZN
 _31990_/ZN
 _31991_/ZN
 _31992_/ZN
 _31993_/ZN
 _31994_/ZN
 _31995_/ZN
 _31996_/ZN
 _31997_/ZN
 _31998_/ZN
 _31999_/ZN
 _32000_/ZN
 _32001_/ZN
 _32002_/ZN
 _32003_/ZN
 _32004_/ZN
 _32005_/ZN
 _32006_/ZN
 _32007_/ZN
 _32008_/ZN
 _32009_/ZN
 _32010_/ZN
 _32011_/Z
 _32012_/ZN
 _32013_/Z
 _32014_/ZN
 _32015_/ZN
 _32016_/ZN
 _32017_/ZN
 _32018_/ZN
 _32019_/ZN
 _32020_/ZN
 _32021_/ZN
 _32022_/ZN
 _32023_/ZN
 _32024_/ZN
 _32025_/ZN
 _32026_/ZN
 _32027_/ZN
 _32028_/ZN
 _32029_/ZN
 _32030_/ZN
 _32031_/ZN
 _32032_/ZN
 _32033_/ZN
 _32034_/ZN
 _32035_/ZN
 _32036_/ZN
 _32037_/ZN
 _32038_/ZN
 _32039_/Z
 _32040_/ZN
 _32041_/ZN
 _32042_/ZN
 _32043_/ZN
 _32044_/ZN
 _32045_/ZN
 _32046_/ZN
 _32047_/ZN
 _32048_/ZN
 _32049_/ZN
 _32050_/ZN
 _32051_/ZN
 _32052_/ZN
 _32053_/ZN
 _32054_/ZN
 _32055_/ZN
 _32056_/ZN
 _32057_/ZN
 _32058_/ZN
 _32059_/Z
 _32060_/ZN
 _32061_/ZN
 _32062_/ZN
 _32063_/ZN
 _32064_/ZN
 _32065_/ZN
 _32066_/ZN
 _32067_/ZN
 _32068_/ZN
 _32069_/ZN
 _32070_/Z
 _32071_/ZN
 _32072_/ZN
 _32073_/ZN
 _32074_/ZN
 _32075_/ZN
 _32076_/ZN
 _32077_/ZN
 _32078_/ZN
 _32079_/ZN
 _32080_/ZN
 _32081_/ZN
 _32082_/Z
 _32083_/ZN
 _32084_/ZN
 _32085_/ZN
 _32086_/ZN
 _32087_/ZN
 _32088_/ZN
 _32089_/ZN
 _32090_/ZN
 _32091_/ZN
 _32092_/Z
 _32093_/ZN
 _32094_/ZN
 _32095_/ZN
 _32096_/ZN
 _32097_/ZN
 _32098_/ZN
 _32099_/Z
 _32100_/ZN
 _32101_/ZN
 _32102_/ZN
 _32103_/ZN
 _32104_/ZN
 _32105_/ZN
 _32106_/ZN
 _32107_/ZN
 _32108_/ZN
 _32109_/ZN
 _32110_/ZN
 _32111_/ZN
 _32112_/ZN
 _32113_/ZN
 _32114_/ZN
 _32115_/ZN
 _32116_/ZN
 _32117_/ZN
 _32118_/ZN
 _32119_/ZN
 _32120_/ZN
 _32121_/Z
 _32122_/Z
 _32123_/ZN
 _32124_/ZN
 _32125_/ZN
 _32126_/ZN
 _32127_/Z
 _32128_/ZN
 _32129_/Z
 _32130_/ZN
 _32131_/ZN
 _32132_/ZN
 _32133_/ZN
 _32134_/ZN
 _32135_/ZN
 _32136_/ZN
 _32137_/ZN
 _32138_/ZN
 _32139_/ZN
 _32140_/ZN
 _32141_/ZN
 _32142_/ZN
 _32143_/ZN
 _32144_/ZN
 _32145_/ZN
 _32146_/ZN
 _32147_/ZN
 _32148_/ZN
 _32149_/ZN
 _32150_/ZN
 _32151_/Z
 _32152_/ZN
 _32153_/ZN
 _32154_/ZN
 _32155_/ZN
 _32156_/ZN
 _32157_/Z
 _32158_/ZN
 _32159_/ZN
 _32160_/ZN
 _32161_/ZN
 _32162_/Z
 _32163_/ZN
 _32164_/ZN
 _32165_/ZN
 _32166_/Z
 _32167_/ZN
 _32168_/ZN
 _32169_/ZN
 _32170_/ZN
 _32171_/ZN
 _32172_/ZN
 _32173_/ZN
 _32174_/ZN
 _32175_/ZN
 _32176_/Z
 _32177_/ZN
 _32178_/ZN
 _32179_/ZN
 _32180_/Z
 _32181_/ZN
 _32182_/ZN
 _32183_/ZN
 _32184_/ZN
 _32185_/ZN
 _32186_/ZN
 _32187_/ZN
 _32188_/Z
 _32189_/ZN
 _32190_/ZN
 _32191_/ZN
 _32192_/ZN
 _32193_/ZN
 _32194_/ZN
 _32195_/ZN
 _32196_/ZN
 _32197_/ZN
 _32198_/Z
 _32199_/ZN
 _32200_/ZN
 _32201_/ZN
 _32202_/ZN
 _32203_/ZN
 _32204_/ZN
 _32205_/ZN
 _32206_/ZN
 _32207_/ZN
 _32208_/ZN
 _32209_/ZN
 _32210_/ZN
 _32211_/ZN
 _32212_/ZN
 _32213_/ZN
 _32214_/ZN
 _32215_/ZN
 _32216_/ZN
 _32217_/Z
 _32218_/ZN
 _32219_/Z
 _32220_/ZN
 _32221_/ZN
 _32222_/ZN
 _32223_/Z
 _32224_/Z
 _32225_/ZN
 _32226_/ZN
 _32227_/ZN
 _32228_/ZN
 _32229_/Z
 _32230_/ZN
 _32231_/ZN
 _32232_/ZN
 _32233_/ZN
 _32234_/ZN
 _32235_/ZN
 _32236_/ZN
 _32237_/ZN
 _32238_/Z
 _32239_/Z
 _32240_/ZN
 _32241_/ZN
 _32242_/ZN
 _32243_/ZN
 _32244_/ZN
 _32245_/ZN
 _32246_/ZN
 _32247_/ZN
 _32248_/ZN
 _32249_/ZN
 _32250_/ZN
 _32251_/ZN
 _32252_/ZN
 _32253_/ZN
 _32254_/Z
 _32255_/ZN
 _32256_/ZN
 _32257_/ZN
 _32258_/ZN
 _32259_/ZN
 _32260_/ZN
 _32261_/ZN
 _32262_/ZN
 _32263_/ZN
 _32264_/ZN
 _32265_/ZN
 _32266_/ZN
 _32267_/ZN
 _32268_/ZN
 _32269_/ZN
 _32270_/ZN
 _32271_/ZN
 _32272_/ZN
 _32273_/ZN
 _32274_/ZN
 _32275_/ZN
 _32276_/ZN
 _32277_/ZN
 _32278_/ZN
 _32279_/ZN
 _32280_/ZN
 _32281_/ZN
 _32282_/ZN
 _32283_/ZN
 _32284_/ZN
 _32285_/ZN
 _32286_/ZN
 _32287_/Z
 _32288_/ZN
 _32289_/ZN
 _32290_/Z
 _32291_/ZN
 _32292_/ZN
 _32293_/ZN
 _32294_/ZN
 _32295_/ZN
 _32296_/ZN
 _32297_/ZN
 _32298_/ZN
 _32299_/ZN
 _32300_/ZN
 _32301_/ZN
 _32302_/ZN
 _32303_/ZN
 _32304_/ZN
 _32305_/ZN
 _32306_/ZN
 _32307_/ZN
 _32308_/ZN
 _32309_/ZN
 _32310_/ZN
 _32311_/ZN
 _32312_/ZN
 _32313_/ZN
 _32314_/ZN
 _32315_/ZN
 _32316_/ZN
 _32317_/ZN
 _32318_/ZN
 _32319_/ZN
 _32320_/ZN
 _32321_/ZN
 _32322_/ZN
 _32323_/ZN
 _32324_/ZN
 _32325_/ZN
 _32326_/ZN
 _32327_/ZN
 _32328_/ZN
 _32329_/ZN
 _32330_/ZN
 _32331_/ZN
 _32332_/ZN
 _32333_/ZN
 _32334_/ZN
 _32335_/ZN
 _32336_/ZN
 _32337_/ZN
 _32338_/ZN
 _32339_/ZN
 _32340_/ZN
 _32341_/ZN
 _32342_/ZN
 _32343_/ZN
 _32344_/Z
 _32345_/ZN
 _32346_/ZN
 _32347_/ZN
 _32348_/ZN
 _32349_/ZN
 _32350_/ZN
 _32351_/ZN
 _32352_/ZN
 _32353_/ZN
 _32354_/ZN
 _32355_/ZN
 _32356_/Z
 _32357_/ZN
 _32358_/ZN
 _32359_/ZN
 _32360_/ZN
 _32361_/ZN
 _32362_/ZN
 _32363_/ZN
 _32364_/ZN
 _32365_/ZN
 _32366_/ZN
 _32367_/ZN
 _32368_/ZN
 _32369_/ZN
 _32370_/ZN
 _32371_/ZN
 _32372_/ZN
 _32373_/ZN
 _32374_/ZN
 _32375_/ZN
 _32376_/ZN
 _32377_/Z
 _32378_/ZN
 _32379_/ZN
 _32380_/ZN
 _32381_/ZN
 _32382_/ZN
 _32383_/ZN
 _32384_/ZN
 _32385_/ZN
 _32386_/ZN
 _32387_/ZN
 _32388_/ZN
 _32389_/ZN
 _32390_/ZN
 _32391_/ZN
 _32392_/ZN
 _32393_/ZN
 _32394_/ZN
 _32395_/ZN
 _32396_/ZN
 _32397_/ZN
 _32398_/ZN
 _32399_/ZN
 _32400_/ZN
 _32401_/ZN
 _32402_/ZN
 _32403_/ZN
 _32404_/ZN
 _32405_/ZN
 _32406_/ZN
 _32407_/ZN
 _32408_/ZN
 _32409_/ZN
 _32410_/Z
 _32411_/ZN
 _32412_/ZN
 _32413_/ZN
 _32414_/ZN
 _32415_/ZN
 _32416_/ZN
 _32417_/ZN
 _32418_/ZN
 _32419_/ZN
 _32420_/ZN
 _32421_/ZN
 _32422_/ZN
 _32423_/Z
 _32424_/ZN
 _32425_/ZN
 _32426_/ZN
 _32427_/ZN
 _32428_/ZN
 _32429_/ZN
 _32430_/ZN
 _32431_/ZN
 _32432_/ZN
 _32433_/ZN
 _32434_/ZN
 _32435_/ZN
 _32436_/ZN
 _32437_/ZN
 _32438_/Z
 _32439_/Z
 _32440_/Z
 _32441_/ZN
 _32442_/ZN
 _32443_/ZN
 _32444_/ZN
 _32445_/ZN
 _32446_/ZN
 _32447_/ZN
 _32448_/ZN
 _32449_/ZN
 _32450_/ZN
 _32451_/ZN
 _32452_/ZN
 _32453_/ZN
 _32454_/ZN
 _32455_/ZN
 _32456_/ZN
 _32457_/ZN
 _32458_/ZN
 _32459_/ZN
 _32460_/ZN
 _32461_/ZN
 _32462_/Z
 _32463_/Z
 _32464_/ZN
 _32465_/Z
 _32466_/ZN
 _32467_/ZN
 _32468_/ZN
 _32469_/ZN
 _32470_/ZN
 _32471_/ZN
 _32472_/ZN
 _32473_/ZN
 _32474_/ZN
 _32475_/ZN
 _32476_/ZN
 _32477_/ZN
 _32478_/ZN
 _32479_/ZN
 _32480_/ZN
 _32481_/ZN
 _32482_/ZN
 _32483_/ZN
 _32484_/ZN
 _32485_/ZN
 _32486_/ZN
 _32487_/ZN
 _32488_/ZN
 _32489_/ZN
 _32490_/ZN
 _32491_/ZN
 _32492_/ZN
 _32493_/ZN
 _32494_/ZN
 _32495_/ZN
 _32496_/ZN
 _32497_/ZN
 _32498_/ZN
 _32499_/ZN
 _32500_/ZN
 _32501_/ZN
 _32502_/ZN
 _32503_/ZN
 _32504_/ZN
 _32505_/ZN
 _32506_/ZN
 _32507_/ZN
 _32508_/ZN
 _32509_/ZN
 _32510_/Z
 _32511_/ZN
 _32512_/ZN
 _32513_/ZN
 _32514_/ZN
 _32515_/ZN
 _32516_/ZN
 _32517_/ZN
 _32518_/ZN
 _32519_/ZN
 _32520_/ZN
 _32521_/Z
 _32522_/Z
 _32523_/ZN
 _32524_/ZN
 _32525_/ZN
 _32526_/ZN
 _32527_/Z
 _32528_/ZN
 _32529_/ZN
 _32530_/ZN
 _32531_/ZN
 _32532_/ZN
 _32533_/ZN
 _32534_/ZN
 _32535_/ZN
 _32536_/ZN
 _32537_/ZN
 _32538_/ZN
 _32539_/ZN
 _32540_/ZN
 _32541_/ZN
 _32542_/ZN
 _32543_/ZN
 _32544_/ZN
 _32545_/ZN
 _32546_/ZN
 _32547_/ZN
 _32548_/ZN
 _32549_/ZN
 _32550_/ZN
 _32551_/ZN
 _32552_/ZN
 _32553_/ZN
 _32554_/ZN
 _32555_/ZN
 _32556_/ZN
 _32557_/ZN
 _32558_/ZN
 _32559_/ZN
 _32560_/ZN
 _32561_/ZN
 _32562_/ZN
 _32563_/ZN
 _32564_/ZN
 _32565_/ZN
 _32566_/ZN
 _32567_/ZN
 _32568_/ZN
 _32569_/ZN
 _32570_/ZN
 _32571_/ZN
 _32572_/ZN
 _32573_/ZN
 _32574_/ZN
 _32575_/ZN
 _32576_/ZN
 _32577_/ZN
 _32578_/ZN
 _32579_/ZN
 _32580_/ZN
 _32581_/ZN
 _32582_/ZN
 _32583_/ZN
 _32584_/ZN
 _32585_/ZN
 _32586_/ZN
 _32587_/ZN
 _32588_/ZN
 _32589_/ZN
 _32590_/ZN
 _32591_/ZN
 _32592_/ZN
 _32593_/ZN
 _32594_/ZN
 _32595_/ZN
 _32596_/ZN
 _32597_/ZN
 _32598_/ZN
 _32599_/ZN
 _32600_/ZN
 _32601_/ZN
 _32602_/ZN
 _32603_/ZN
 _32604_/ZN
 _32605_/ZN
 _32606_/ZN
 _32607_/ZN
 _32608_/ZN
 _32609_/ZN
 _32610_/ZN
 _32611_/ZN
 _32612_/ZN
 _32613_/ZN
 _32614_/ZN
 _32615_/ZN
 _32616_/ZN
 _32617_/ZN
 _32618_/ZN
 _32619_/ZN
 _32620_/ZN
 _32621_/ZN
 _32622_/ZN
 _32623_/ZN
 _32624_/ZN
 _32625_/ZN
 _32626_/ZN
 _32627_/ZN
 _32628_/ZN
 _32629_/ZN
 _32630_/ZN
 _32631_/ZN
 _32632_/ZN
 _32633_/ZN
 _32634_/ZN
 _32635_/ZN
 _32636_/ZN
 _32637_/ZN
 _32638_/ZN
 _32639_/ZN
 _32640_/ZN
 _32641_/ZN
 _32642_/ZN
 _32643_/ZN
 _32644_/ZN
 _32645_/ZN
 _32646_/ZN
 _32647_/ZN
 _32648_/ZN
 _32649_/ZN
 _32650_/ZN
 _32651_/ZN
 _32652_/ZN
 _32653_/ZN
 _32654_/ZN
 _32655_/ZN
 _32656_/ZN
 _32657_/ZN
 _32658_/ZN
 _32659_/ZN
 _32660_/ZN
 _32661_/ZN
 _32662_/ZN
 _32663_/ZN
 _32664_/ZN
 _32665_/ZN
 _32666_/ZN
 _32667_/ZN
 _32668_/ZN
 _32669_/ZN
 _32670_/ZN
 _32671_/ZN
 _32672_/ZN
 _32673_/ZN
 _32674_/ZN
 _32675_/ZN
 _32676_/ZN
 _32677_/ZN
 _32678_/ZN
 _32679_/ZN
 _32680_/ZN
 _32681_/ZN
 _32682_/ZN
 _32683_/ZN
 _32684_/ZN
 _32685_/ZN
 _32686_/ZN
 _32687_/ZN
 _32688_/ZN
 _32689_/ZN
 _32690_/ZN
 _32691_/Z
 _32692_/ZN
 _32693_/ZN
 _32694_/ZN
 _32695_/ZN
 _32696_/ZN
 _32697_/ZN
 _32698_/ZN
 _32699_/ZN
 _32700_/ZN
 _32701_/Z
 _32702_/ZN
 _32703_/ZN
 _32704_/ZN
 _32705_/ZN
 _32706_/ZN
 _32707_/ZN
 _32708_/ZN
 _32709_/ZN
 _32710_/ZN
 _32711_/ZN
 _32712_/ZN
 _32713_/ZN
 _32714_/ZN
 _32715_/ZN
 _32716_/ZN
 _32717_/ZN
 _32718_/ZN
 _32719_/ZN
 _32720_/ZN
 _32721_/ZN
 _32722_/ZN
 _32723_/ZN
 _32724_/ZN
 _32725_/ZN
 _32726_/ZN
 _32727_/ZN
 _32728_/ZN
 _32729_/ZN
 _32730_/ZN
 _32731_/ZN
 _32732_/ZN
 _32733_/ZN
 _32734_/ZN
 _32735_/ZN
 _32736_/ZN
 _32737_/ZN
 _32738_/ZN
 _32739_/ZN
 _32740_/ZN
 _32741_/ZN
 _32742_/ZN
 _32743_/ZN
 _32744_/ZN
 _32745_/ZN
 _32746_/ZN
 _32747_/ZN
 _32748_/ZN
 _32749_/ZN
 _32750_/ZN
 _32751_/ZN
 _32752_/ZN
 _32753_/ZN
 _32754_/ZN
 _32755_/ZN
 _32756_/ZN
 _32757_/ZN
 _32758_/ZN
 _32759_/ZN
 _32760_/ZN
 _32761_/ZN
 _32762_/ZN
 _32763_/ZN
 _32764_/ZN
 _32765_/ZN
 _32766_/ZN
 _32767_/ZN
 _32768_/ZN
 _32769_/ZN
 _32770_/ZN
 _32771_/ZN
 _32772_/ZN
 _32773_/ZN
 _32774_/ZN
 _32775_/ZN
 _32776_/ZN
 _32777_/ZN
 _32778_/ZN
 _32779_/ZN
 _32780_/ZN
 _32781_/ZN
 _32782_/ZN
 _32783_/ZN
 _32784_/ZN
 _32785_/ZN
 _32786_/ZN
 _32787_/ZN
 _32788_/ZN
 _32789_/Z
 _32790_/ZN
 _32791_/ZN
 _32792_/ZN
 _32793_/ZN
 _32794_/ZN
 _32795_/ZN
 _32796_/ZN
 _32797_/ZN
 _32798_/ZN
 _32799_/ZN
 _32800_/ZN
 _32801_/ZN
 _32802_/ZN
 _32803_/ZN
 _32804_/ZN
 _32805_/ZN
 _32806_/ZN
 _32807_/ZN
 _32808_/ZN
 _32809_/ZN
 _32810_/ZN
 _32811_/ZN
 _32812_/ZN
 _32813_/ZN
 _32814_/ZN
 _32815_/ZN
 _32816_/ZN
 _32817_/ZN
 _32818_/ZN
 _32819_/ZN
 _32820_/ZN
 _32821_/ZN
 _32822_/ZN
 _32823_/ZN
 _32824_/ZN
 _32825_/ZN
 _32826_/ZN
 _32827_/ZN
 _32828_/ZN
 _32829_/ZN
 _32830_/ZN
 _32831_/ZN
 _32832_/ZN
 _32833_/ZN
 _32834_/ZN
 _32835_/ZN
 _32836_/ZN
 _32837_/ZN
 _32838_/ZN
 _32839_/ZN
 _32840_/ZN
 _32841_/ZN
 _32842_/ZN
 _32843_/ZN
 _32844_/ZN
 _32845_/ZN
 _32846_/ZN
 _32847_/ZN
 _32848_/ZN
 _32849_/ZN
 _32850_/ZN
 _32851_/ZN
 _32852_/ZN
 _32853_/ZN
 _32854_/ZN
 _32855_/ZN
 _32856_/ZN
 _32857_/ZN
 _32858_/ZN
 _32859_/ZN
 _32860_/ZN
 _32861_/ZN
 _32862_/ZN
 _32863_/ZN
 _32864_/ZN
 _32865_/ZN
 _32866_/ZN
 _32867_/ZN
 _32868_/ZN
 _32869_/ZN
 _32870_/ZN
 _32871_/ZN
 _32872_/ZN
 _32873_/ZN
 _32874_/ZN
 _32875_/ZN
 _32876_/ZN
 _32877_/ZN
 _32878_/ZN
 _32879_/ZN
 _32880_/ZN
 _32881_/ZN
 _32882_/ZN
 _32883_/ZN
 _32884_/ZN
 _32885_/ZN
 _32886_/ZN
 _32887_/ZN
 _32888_/ZN
 _32889_/ZN
 _32890_/ZN
 _32891_/ZN
 _32892_/ZN
 _32893_/ZN
 _32894_/ZN
 _32895_/ZN
 _32896_/ZN
 _32897_/ZN
 _32898_/ZN
 _32899_/ZN
 _32900_/ZN
 _32901_/ZN
 _32902_/ZN
 _32903_/ZN
 _32904_/ZN
 _32905_/ZN
 _32906_/ZN
 _32907_/ZN
 _32908_/ZN
 _32909_/ZN
 _32910_/ZN
 _32911_/ZN
 _32912_/ZN
 _32913_/ZN
 _32914_/ZN
 _32915_/ZN
 _32916_/ZN
 _32917_/ZN
 _32918_/ZN
 _32919_/ZN
 _32920_/ZN
 _32921_/ZN
 _32922_/ZN
 _32923_/ZN
 _32924_/ZN
 _32925_/ZN
 _32926_/ZN
 _32927_/ZN
 _32928_/ZN
 _32929_/ZN
 _32930_/ZN
 _32931_/ZN
 _32932_/ZN
 _32933_/Z
 _32934_/ZN
 _32935_/ZN
 _32936_/ZN
 _32937_/ZN
 _32938_/ZN
 _32939_/ZN
 _32940_/ZN
 _32941_/ZN
 _32942_/ZN
 _32943_/ZN
 _32944_/ZN
 _32945_/ZN
 _32946_/ZN
 _32947_/ZN
 _32948_/ZN
 _32949_/ZN
 _32950_/ZN
 _32951_/ZN
 _32952_/ZN
 _32953_/ZN
 _32954_/Z
 _32955_/ZN
 _32956_/Z
 _32957_/ZN
 _32958_/ZN
 _32959_/ZN
 _32960_/ZN
 _32961_/ZN
 _32962_/ZN
 _32963_/ZN
 _32964_/ZN
 _32965_/ZN
 _32966_/ZN
 _32967_/ZN
 _32968_/ZN
 _32969_/ZN
 _32970_/ZN
 _32971_/ZN
 _32972_/ZN
 _32973_/ZN
 _32974_/ZN
 _32975_/ZN
 _32976_/ZN
 _32977_/ZN
 _32978_/ZN
 _32979_/ZN
 _32980_/ZN
 _32981_/ZN
 _32982_/ZN
 _32983_/ZN
 _32984_/ZN
 _32985_/ZN
 _32986_/Z
 _32987_/ZN
 _32988_/ZN
 _32989_/ZN
 _32990_/ZN
 _32991_/ZN
 _32992_/ZN
 _32993_/ZN
 _32994_/ZN
 _32995_/ZN
 _32996_/ZN
 _32997_/Z
 _32998_/Z
 _32999_/ZN
 _33000_/ZN
 _33001_/ZN
 _33002_/ZN
 _33003_/ZN
 _33004_/ZN
 _33005_/ZN
 _33006_/ZN
 _33007_/Z
 _33008_/ZN
 _33009_/ZN
 _33010_/ZN
 _33011_/ZN
 _33012_/ZN
 _33013_/ZN
 _33014_/ZN
 _33015_/ZN
 _33016_/ZN
 _33017_/ZN
 _33018_/ZN
 _33019_/ZN
 _33020_/ZN
 _33021_/ZN
 _33022_/ZN
 _33023_/ZN
 _33024_/ZN
 _33025_/Z
 _33026_/ZN
 _33027_/ZN
 _33028_/ZN
 _33029_/ZN
 _33030_/ZN
 _33031_/ZN
 _33032_/ZN
 _33033_/ZN
 _33034_/ZN
 _33035_/ZN
 _33036_/ZN
 _33037_/Z
 _33038_/ZN
 _33039_/ZN
 _33040_/ZN
 _33041_/ZN
 _33042_/ZN
 _33043_/ZN
 _33044_/ZN
 _33045_/ZN
 _33046_/ZN
 _33047_/ZN
 _33048_/ZN
 _33049_/ZN
 _33050_/ZN
 _33051_/ZN
 _33052_/ZN
 _33053_/ZN
 _33054_/ZN
 _33055_/ZN
 _33056_/ZN
 _33057_/ZN
 _33058_/ZN
 _33059_/ZN
 _33060_/ZN
 _33061_/ZN
 _33062_/ZN
 _33063_/ZN
 _33064_/ZN
 _33065_/ZN
 _33066_/ZN
 _33067_/ZN
 _33068_/ZN
 _33069_/ZN
 _33070_/ZN
 _33071_/ZN
 _33072_/ZN
 _33073_/ZN
 _33074_/ZN
 _33075_/ZN
 _33076_/ZN
 _33077_/ZN
 _33078_/ZN
 _33079_/ZN
 _33080_/ZN
 _33081_/ZN
 _33082_/ZN
 _33083_/ZN
 _33084_/ZN
 _33085_/ZN
 _33086_/ZN
 _33087_/ZN
 _33088_/ZN
 _33089_/ZN
 _33090_/ZN
 _33091_/ZN
 _33092_/ZN
 _33093_/ZN
 _33094_/ZN
 _33095_/ZN
 _33096_/ZN
 _33097_/ZN
 _33098_/ZN
 _33099_/Z
 _33100_/Z
 _33101_/Z
 _33102_/ZN
 _33103_/ZN
 _33104_/ZN
 _33105_/ZN
 _33106_/ZN
 _33107_/ZN
 _33108_/ZN
 _33109_/ZN
 _33110_/Z
 _33111_/ZN
 _33112_/ZN
 _33113_/ZN
 _33114_/ZN
 _33115_/ZN
 _33116_/Z
 _33117_/ZN
 _33118_/Z
 _33119_/ZN
 _33120_/ZN
 _33121_/ZN
 _33122_/ZN
 _33123_/Z
 _33124_/ZN
 _33125_/Z
 _33126_/ZN
 _33127_/ZN
 _33128_/ZN
 _33129_/ZN
 _33130_/ZN
 _33131_/ZN
 _33132_/ZN
 _33133_/ZN
 _33134_/ZN
 _33135_/ZN
 _33136_/ZN
 _33137_/ZN
 _33138_/ZN
 _33139_/ZN
 _33140_/ZN
 _33141_/ZN
 _33142_/Z
 _33143_/ZN
 _33144_/ZN
 _33145_/ZN
 _33146_/ZN
 _33147_/ZN
 _33148_/ZN
 _33149_/ZN
 _33150_/ZN
 _33151_/ZN
 _33152_/ZN
 _33153_/ZN
 _33154_/ZN
 _33155_/ZN
 _33156_/ZN
 _33157_/ZN
 _33158_/ZN
 _33159_/ZN
 _33160_/ZN
 _33161_/ZN
 _33162_/ZN
 _33163_/Z
 _33164_/Z
 _33165_/Z
 _33166_/ZN
 _33167_/ZN
 _33168_/Z
 _33169_/Z
 _33170_/Z
 _33171_/ZN
 _33172_/ZN
 _33173_/Z
 _33174_/Z
 _33175_/ZN
 _33176_/ZN
 _33177_/ZN
 _33178_/Z
 _33179_/Z
 _33180_/ZN
 _33181_/ZN
 _33182_/ZN
 _33183_/ZN
 _33184_/Z
 _33185_/Z
 _33186_/ZN
 _33187_/Z
 _33188_/ZN
 _33189_/Z
 _33190_/Z
 _33191_/Z
 _33192_/Z
 _33193_/ZN
 _33194_/Z
 _33195_/Z
 _33196_/Z
 _33197_/ZN
 _33198_/ZN
 _33199_/Z
 _33200_/Z
 _33201_/ZN
 _33202_/Z
 _33203_/ZN
 _33204_/ZN
 _33205_/ZN
 _33206_/ZN
 _33207_/Z
 _33208_/Z
 _33209_/Z
 _33210_/ZN
 _33211_/ZN
 _33212_/ZN
 _33213_/ZN
 _33214_/ZN
 _33215_/ZN
 _33216_/ZN
 _33217_/Z
 _33218_/ZN
 _33219_/ZN
 _33220_/ZN
 _33221_/ZN
 _33222_/ZN
 _33223_/Z
 _33224_/Z
 _33225_/Z
 _33226_/ZN
 _33227_/ZN
 _33228_/ZN
 _33229_/ZN
 _33230_/ZN
 _33231_/ZN
 _33232_/ZN
 _33233_/ZN
 _33234_/ZN
 _33235_/ZN
 _33236_/ZN
 _33237_/ZN
 _33238_/ZN
 _33239_/ZN
 _33240_/ZN
 _33241_/ZN
 _33242_/ZN
 _33243_/ZN
 _33244_/Z
 _33245_/ZN
 _33246_/Z
 _33247_/ZN
 _33248_/ZN
 _33249_/ZN
 _33250_/ZN
 _33251_/ZN
 _33252_/Z
 _33253_/Z
 _33254_/ZN
 _33255_/ZN
 _33256_/ZN
 _33257_/ZN
 _33258_/ZN
 _33259_/ZN
 _33260_/ZN
 _33261_/ZN
 _33262_/ZN
 _33263_/ZN
 _33264_/ZN
 _33265_/Z
 _33266_/ZN
 _33267_/ZN
 _33268_/ZN
 _33269_/ZN
 _33270_/ZN
 _33271_/ZN
 _33272_/ZN
 _33273_/ZN
 _33274_/ZN
 _33275_/ZN
 _33276_/ZN
 _33277_/ZN
 _33278_/ZN
 _33279_/ZN
 _33280_/ZN
 _33281_/ZN
 _33282_/ZN
 _33283_/ZN
 _33284_/Z
 _33285_/ZN
 _33286_/Z
 _33287_/Z
 _33288_/ZN
 _33289_/Z
 _33290_/Z
 _33291_/Z
 _33292_/ZN
 _33293_/ZN
 _33294_/ZN
 _33295_/ZN
 _33296_/ZN
 _33297_/ZN
 _33298_/Z
 _33299_/ZN
 _33300_/Z
 _33301_/Z
 _33302_/ZN
 _33303_/ZN
 _33304_/ZN
 _33305_/ZN
 _33306_/ZN
 _33307_/Z
 _33308_/ZN
 _33309_/Z
 _33310_/Z
 _33311_/ZN
 _33312_/ZN
 _33313_/ZN
 _33314_/ZN
 _33315_/ZN
 _33316_/Z
 _33317_/ZN
 _33318_/Z
 _33319_/ZN
 _33320_/Z
 _33321_/ZN
 _33322_/ZN
 _33323_/Z
 _33324_/Z
 _33325_/ZN
 _33326_/ZN
 _33327_/ZN
 _33328_/ZN
 _33329_/ZN
 _33330_/Z
 _33331_/ZN
 _33332_/ZN
 _33333_/ZN
 _33334_/ZN
 _33335_/ZN
 _33336_/Z
 _33337_/Z
 _33338_/ZN
 _33339_/Z
 _33340_/Z
 _33341_/ZN
 _33342_/ZN
 _33343_/ZN
 _33344_/ZN
 _33345_/ZN
 _33346_/ZN
 _33347_/Z
 _33348_/Z
 _33349_/Z
 _33350_/ZN
 _33351_/Z
 _33352_/ZN
 _33353_/ZN
 _33354_/ZN
 _33355_/Z
 _33356_/Z
 _33357_/ZN
 _33358_/ZN
 _33359_/Z
 _33360_/ZN
 _33361_/ZN
 _33362_/Z
 _33363_/ZN
 _33364_/ZN
 _33365_/ZN
 _33366_/ZN
 _33367_/ZN
 _33368_/Z
 _33369_/Z
 _33370_/ZN
 _33371_/Z
 _33372_/Z
 _33373_/ZN
 _33374_/ZN
 _33375_/ZN
 _33376_/ZN
 _33377_/ZN
 _33378_/Z
 _33379_/ZN
 _33380_/ZN
 _33381_/ZN
 _33382_/ZN
 _33383_/Z
 _33384_/Z
 _33385_/ZN
 _33386_/ZN
 _33387_/ZN
 _33388_/ZN
 _33389_/ZN
 _33390_/ZN
 _33391_/ZN
 _33392_/Z
 _33393_/ZN
 _33394_/ZN
 _33395_/Z
 _33396_/Z
 _33397_/ZN
 _33398_/ZN
 _33399_/ZN
 _33400_/ZN
 _33401_/ZN
 _33402_/ZN
 _33403_/ZN
 _33404_/ZN
 _33405_/Z
 _33406_/Z
 _33407_/ZN
 _33408_/ZN
 _33409_/ZN
 _33410_/ZN
 _33411_/Z
 _33412_/ZN
 _33413_/ZN
 _33414_/ZN
 _33415_/ZN
 _33416_/ZN
 _33417_/ZN
 _33418_/ZN
 _33419_/ZN
 _33420_/ZN
 _33421_/ZN
 _33422_/ZN
 _33423_/ZN
 _33424_/Z
 _33425_/ZN
 _33426_/ZN
 _33427_/ZN
 _33428_/ZN
 _33429_/ZN
 _33430_/Z
 _33431_/ZN
 _33432_/ZN
 _33433_/ZN
 _33434_/ZN
 _33435_/ZN
 _33436_/ZN
 _33437_/ZN
 _33438_/ZN
 _33439_/ZN
 _33440_/ZN
 _33441_/ZN
 _33442_/ZN
 _33443_/ZN
 _33444_/ZN
 _33445_/ZN
 _33446_/ZN
 _33447_/ZN
 _33448_/ZN
 _33449_/Z
 _33450_/ZN
 _33451_/ZN
 _33452_/ZN
 _33453_/ZN
 _33454_/ZN
 _33455_/Z
 _33456_/ZN
 _33457_/ZN
 _33458_/ZN
 _33459_/ZN
 _33460_/ZN
 _33461_/ZN
 _33462_/ZN
 _33463_/ZN
 _33464_/ZN
 _33465_/ZN
 _33466_/ZN
 _33467_/ZN
 _33468_/Z
 _33469_/ZN
 _33470_/ZN
 _33471_/ZN
 _33472_/ZN
 _33473_/ZN
 _33474_/ZN
 _33475_/ZN
 _33476_/ZN
 _33477_/ZN
 _33478_/ZN
 _33479_/ZN
 _33480_/ZN
 _33481_/ZN
 _33482_/Z
 _33483_/ZN
 _33484_/ZN
 _33485_/ZN
 _33486_/ZN
 _33487_/ZN
 _33488_/ZN
 _33489_/ZN
 _33490_/ZN
 _33491_/ZN
 _33492_/ZN
 _33493_/ZN
 _33494_/ZN
 _33495_/ZN
 _33496_/Z
 _33497_/ZN
 _33498_/ZN
 _33499_/ZN
 _33500_/ZN
 _33501_/Z
 _33502_/ZN
 _33503_/ZN
 _33504_/ZN
 _33505_/ZN
 _33506_/ZN
 _33507_/ZN
 _33508_/ZN
 _33509_/ZN
 _33510_/ZN
 _33511_/ZN
 _33512_/ZN
 _33513_/Z
 _33514_/Z
 _33515_/ZN
 _33516_/Z
 _33517_/ZN
 _33518_/ZN
 _33519_/ZN
 _33520_/ZN
 _33521_/ZN
 _33522_/ZN
 _33523_/ZN
 _33524_/ZN
 _33525_/Z
 _33526_/ZN
 _33527_/ZN
 _33528_/ZN
 _33529_/ZN
 _33530_/ZN
 _33531_/ZN
 _33532_/ZN
 _33533_/ZN
 _33534_/ZN
 _33535_/ZN
 _33536_/Z
 _33537_/ZN
 _33538_/ZN
 _33539_/ZN
 _33540_/ZN
 _33541_/ZN
 _33542_/ZN
 _33543_/ZN
 _33544_/ZN
 _33545_/ZN
 _33546_/ZN
 _33547_/ZN
 _33548_/ZN
 _33549_/ZN
 _33550_/ZN
 _33551_/ZN
 _33552_/ZN
 _33553_/ZN
 _33554_/ZN
 _33555_/ZN
 _33556_/ZN
 _33557_/ZN
 _33558_/ZN
 _33559_/ZN
 _33560_/ZN
 _33561_/ZN
 _33562_/ZN
 _33563_/ZN
 _33564_/ZN
 _33565_/ZN
 _33566_/ZN
 _33567_/ZN
 _33568_/ZN
 _33569_/ZN
 _33570_/ZN
 _33571_/ZN
 _33572_/ZN
 _33573_/ZN
 _33574_/ZN
 _33575_/ZN
 _33576_/ZN
 _33577_/ZN
 _33578_/ZN
 _33579_/ZN
 _33580_/ZN
 _33581_/ZN
 _33582_/ZN
 _33583_/ZN
 _33584_/ZN
 _33585_/ZN
 _33586_/ZN
 _33587_/ZN
 _33588_/ZN
 _33589_/ZN
 _33590_/ZN
 _33591_/Z
 _33592_/ZN
 _33593_/ZN
 _33594_/ZN
 _33595_/ZN
 _33596_/ZN
 _33597_/ZN
 _33598_/ZN
 _33599_/ZN
 _33600_/ZN
 _33601_/ZN
 _33602_/ZN
 _33603_/ZN
 _33604_/ZN
 _33605_/ZN
 _33606_/ZN
 _33607_/ZN
 _33608_/ZN
 _33609_/ZN
 _33610_/ZN
 _33611_/ZN
 _33612_/ZN
 _33613_/ZN
 _33614_/ZN
 _33615_/ZN
 _33616_/ZN
 _33617_/ZN
 _33618_/ZN
 _33619_/ZN
 _33620_/ZN
 _33621_/ZN
 _33622_/ZN
 _33623_/ZN
 _33624_/ZN
 _33625_/ZN
 _33626_/ZN
 _33627_/ZN
 _33628_/ZN
 _33629_/ZN
 _33630_/ZN
 _33631_/ZN
 _33632_/ZN
 _33633_/ZN
 _33634_/ZN
 _33635_/ZN
 _33636_/ZN
 _33637_/ZN
 _33638_/ZN
 _33639_/ZN
 _33640_/ZN
 _33641_/ZN
 _33642_/ZN
 _33643_/ZN
 _33644_/ZN
 _33645_/ZN
 _33646_/ZN
 _33647_/ZN
 _33648_/ZN
 _33649_/ZN
 _33650_/ZN
 _33651_/ZN
 _33652_/ZN
 _33653_/ZN
 _33654_/ZN
 _33655_/ZN
 _33656_/ZN
 _33657_/ZN
 _33658_/ZN
 _33659_/ZN
 _33660_/ZN
 _33661_/ZN
 _33662_/ZN
 _33663_/ZN
 _33664_/ZN
 _33665_/ZN
 _33666_/ZN
 _33667_/ZN
 _33668_/ZN
 _33669_/ZN
 _33670_/ZN
 _33671_/ZN
 _33672_/ZN
 _33673_/ZN
 _33674_/ZN
 _33675_/ZN
 _33676_/ZN
 _33677_/ZN
 _33678_/ZN
 _33679_/ZN
 _33680_/ZN
 _33681_/ZN
 _33682_/ZN
 _33683_/ZN
 _33684_/ZN
 _33685_/ZN
 _33686_/ZN
 _33687_/ZN
 _33688_/ZN
 _33689_/ZN
 _33690_/ZN
 _33691_/ZN
 _33692_/ZN
 _33693_/ZN
 _33694_/ZN
 _33695_/ZN
 _33696_/ZN
 _33697_/ZN
 _33698_/ZN
 _33699_/ZN
 _33700_/ZN
 _33701_/ZN
 _33702_/ZN
 _33703_/ZN
 _33704_/ZN
 _33705_/ZN
 _33706_/ZN
 _33707_/ZN
 _33708_/ZN
 _33709_/ZN
 _33710_/Z
 _33711_/ZN
 _33712_/ZN
 _33713_/ZN
 _33714_/ZN
 _33715_/ZN
 _33716_/ZN
 _33717_/ZN
 _33718_/ZN
 _33719_/ZN
 _33720_/ZN
 _33721_/ZN
 _33722_/ZN
 _33723_/ZN
 _33724_/ZN
 _33725_/ZN
 _33726_/ZN
 _33727_/ZN
 _33728_/ZN
 _33729_/ZN
 _33730_/ZN
 _33731_/ZN
 _33732_/ZN
 _33733_/ZN
 _33734_/ZN
 _33735_/ZN
 _33736_/ZN
 _33737_/ZN
 _33738_/ZN
 _33739_/ZN
 _33740_/ZN
 _33741_/ZN
 _33742_/ZN
 _33743_/ZN
 _33744_/ZN
 _33745_/ZN
 _33746_/Z
 _33747_/ZN
 _33748_/ZN
 _33749_/ZN
 _33750_/Z
 _33751_/ZN
 _33752_/ZN
 _33753_/ZN
 _33754_/ZN
 _33755_/ZN
 _33756_/ZN
 _33757_/ZN
 _33758_/ZN
 _33759_/ZN
 _33760_/ZN
 _33761_/ZN
 _33762_/ZN
 _33763_/ZN
 _33764_/ZN
 _33765_/ZN
 _33766_/ZN
 _33767_/ZN
 _33768_/ZN
 _33769_/ZN
 _33770_/ZN
 _33771_/ZN
 _33772_/ZN
 _33773_/ZN
 _33774_/ZN
 _33775_/ZN
 _33776_/ZN
 _33777_/ZN
 _33778_/ZN
 _33779_/ZN
 _33780_/ZN
 _33781_/ZN
 _33782_/ZN
 _33783_/ZN
 _33784_/ZN
 _33785_/ZN
 _33786_/ZN
 _33787_/ZN
 _33788_/ZN
 _33789_/ZN
 _33790_/ZN
 _33791_/ZN
 _33792_/ZN
 _33793_/ZN
 _33794_/ZN
 _33795_/ZN
 _33796_/ZN
 _33797_/ZN
 _33798_/ZN
 _33799_/ZN
 _33800_/ZN
 _33801_/ZN
 _33802_/ZN
 _33803_/ZN
 _33804_/ZN
 _33805_/ZN
 _33806_/ZN
 _33807_/ZN
 _33808_/ZN
 _33809_/ZN
 _33810_/ZN
 _33811_/ZN
 _33812_/ZN
 _33813_/ZN
 _33814_/ZN
 _33815_/ZN
 _33816_/ZN
 _33817_/ZN
 _33818_/ZN
 _33819_/ZN
 _33820_/ZN
 _33821_/ZN
 _33822_/ZN
 _33823_/ZN
 _33824_/ZN
 _33825_/ZN
 _33826_/ZN
 _33827_/ZN
 _33828_/ZN
 _33829_/ZN
 _33830_/ZN
 _33831_/ZN
 _33832_/ZN
 _33833_/ZN
 _33834_/ZN
 _33835_/ZN
 _33836_/ZN
 _33837_/ZN
 _33838_/ZN
 _33839_/ZN
 _33840_/ZN
 _33841_/ZN
 _33842_/ZN
 _33843_/ZN
 _33844_/ZN
 _33845_/ZN
 _33846_/ZN
 _33847_/ZN
 _33848_/ZN
 _33849_/ZN
 _33850_/ZN
 _33851_/ZN
 _33852_/ZN
 _33853_/ZN
 _33854_/ZN
 _33855_/ZN
 _33856_/ZN
 _33857_/ZN
 _33858_/ZN
 _33859_/ZN
 _33860_/ZN
 _33861_/ZN
 _33862_/ZN
 _33863_/ZN
 _33864_/ZN
 _33865_/ZN
 _33866_/ZN
 _33867_/ZN
 _33868_/ZN
 _33869_/ZN
 _33870_/ZN
 _33871_/ZN
 _33872_/ZN
 _33873_/ZN
 _33874_/ZN
 _33875_/ZN
 _33876_/ZN
 _33877_/ZN
 _33878_/ZN
 _33879_/ZN
 _33880_/ZN
 _33881_/ZN
 _33882_/ZN
 _33883_/ZN
 _33884_/ZN
 _33885_/ZN
 _33886_/ZN
 _33887_/ZN
 _33888_/ZN
 _33889_/ZN
 _33890_/ZN
 _33891_/ZN
 _33892_/ZN
 _33893_/ZN
 _33894_/ZN
 _33895_/ZN
 _33896_/ZN
 _33897_/ZN
 _33898_/ZN
 _33899_/ZN
 _33900_/ZN
 _33901_/ZN
 _33902_/ZN
 _33903_/ZN
 _33904_/ZN
 _33905_/ZN
 _33906_/ZN
 _33907_/ZN
 _33908_/ZN
 _33909_/ZN
 _33910_/ZN
 _33911_/ZN
 _33912_/ZN
 _33913_/ZN
 _33914_/ZN
 _33915_/ZN
 _33916_/ZN
 _33917_/ZN
 _33918_/ZN
 _33919_/ZN
 _33920_/ZN
 _33921_/ZN
 _33922_/ZN
 _33923_/ZN
 _33924_/ZN
 _33925_/ZN
 _33926_/ZN
 _33927_/ZN
 _33928_/ZN
 _33929_/ZN
 _33930_/ZN
 _33931_/ZN
 _33932_/ZN
 _33933_/ZN
 _33934_/ZN
 _33935_/ZN
 _33936_/ZN
 _33937_/ZN
 _33938_/ZN
 _33939_/ZN
 _33940_/ZN
 _33941_/ZN
 _33942_/ZN
 _33943_/ZN
 _33944_/ZN
 _33945_/ZN
 _33946_/ZN
 _33947_/ZN
 _33948_/ZN
 _33949_/ZN
 _33950_/ZN
 _33951_/ZN
 _33952_/ZN
 _33953_/ZN
 _33954_/ZN
 _33955_/ZN
 _33956_/ZN
 _33957_/ZN
 _33958_/ZN
 _33959_/ZN
 _33960_/ZN
 _33961_/ZN
 _33962_/ZN
 _33963_/ZN
 _33964_/ZN
 _33965_/ZN
 _33966_/ZN
 _33967_/ZN
 _33968_/ZN
 _33969_/ZN
 _33970_/ZN
 _33971_/ZN
 _33972_/ZN
 _33973_/ZN
 _33974_/ZN
 _33975_/ZN
 _33976_/ZN
 _33977_/ZN
 _33978_/ZN
 _33979_/ZN
 _33980_/ZN
 _33981_/ZN
 _33982_/ZN
 _33983_/ZN
 _33984_/ZN
 _33985_/ZN
 _33986_/ZN
 _33987_/ZN
 _33988_/ZN
 _33989_/ZN
 _33990_/ZN
 _33991_/ZN
 _33992_/ZN
 _33993_/ZN
 _33994_/ZN
 _33995_/ZN
 _33996_/ZN
 _33997_/ZN
 _33998_/ZN
 _33999_/ZN
 _34000_/ZN
 _34001_/ZN
 _34002_/ZN
 _34003_/ZN
 _34004_/ZN
 _34005_/ZN
 _34006_/ZN
 _34007_/ZN
 _34008_/ZN
 _34009_/ZN
 _34010_/ZN
 _34011_/ZN
 _34012_/ZN
 _34013_/ZN
 _34014_/ZN
 _34015_/ZN
 _34016_/ZN
 _34017_/ZN
 _34018_/ZN
 _34019_/ZN
 _34020_/ZN
 _34021_/ZN
 _34022_/ZN
 _34023_/ZN
 _34024_/ZN
 _34025_/ZN
 _34026_/ZN
 _34027_/ZN
 _34028_/ZN
 _34029_/ZN
 _34030_/ZN
 _34031_/ZN
 _34032_/ZN
 _34033_/ZN
 _34034_/ZN
 _34035_/ZN
 _34036_/ZN
 _34037_/ZN
 _34038_/ZN
 _34039_/ZN
 _34040_/ZN
 _34041_/ZN
 _34042_/ZN
 _34043_/ZN
 _34044_/ZN
 _34045_/ZN
 _34046_/ZN
 _34047_/ZN
 _34048_/ZN
 _34049_/ZN
 _34050_/ZN
 _34051_/ZN
 _34052_/ZN
 _34053_/ZN
 _34054_/ZN
 _34055_/ZN
 _34056_/ZN
 _34057_/ZN
 _34058_/ZN
 _34059_/ZN
 _34060_/ZN
 _34061_/ZN
 _34062_/ZN
 _34063_/Z
 _34064_/ZN
 _34065_/ZN
 _34066_/ZN
 _34067_/ZN
 _34068_/ZN
 _34069_/ZN
 _34070_/ZN
 _34071_/ZN
 _34072_/ZN
 _34073_/ZN
 _34074_/ZN
 _34075_/ZN
 _34076_/ZN
 _34077_/ZN
 _34078_/ZN
 _34079_/ZN
 _34080_/ZN
 _34081_/ZN
 _34082_/ZN
 _34083_/ZN
 _34084_/ZN
 _34085_/ZN
 _34086_/ZN
 _34087_/ZN
 _34088_/ZN
 _34089_/ZN
 _34090_/ZN
 _34091_/ZN
 _34092_/ZN
 _34093_/ZN
 _34094_/ZN
 _34095_/ZN
 _34096_/ZN
 _34097_/ZN
 _34098_/ZN
 _34099_/ZN
 _34100_/ZN
 _34101_/ZN
 _34102_/ZN
 _34103_/ZN
 _34104_/ZN
 _34105_/ZN
 _34106_/ZN
 _34107_/ZN
 _34108_/ZN
 _34109_/ZN
 _34110_/ZN
 _34111_/ZN
 _34112_/ZN
 _34113_/ZN
 _34114_/ZN
 _34115_/ZN
 _34116_/ZN
 _34117_/ZN
 _34118_/ZN
 _34119_/ZN
 _34120_/ZN
 _34121_/ZN
 _34122_/ZN
 _34123_/ZN
 _34124_/ZN
 _34125_/ZN
 _34126_/ZN
 _34127_/ZN
 _34128_/ZN
 _34129_/ZN
 _34130_/ZN
 _34131_/ZN
 _34132_/ZN
 _34133_/ZN
 _34134_/ZN
 _34135_/ZN
 _34136_/ZN
 _34137_/ZN
 _34138_/ZN
 _34139_/ZN
 _34140_/ZN
 _34141_/ZN
 _34142_/ZN
 _34143_/ZN
 _34144_/ZN
 _34145_/ZN
 _34146_/ZN
 _34147_/ZN
 _34148_/ZN
 _34149_/ZN
 _34150_/ZN
 _34151_/ZN
 _34152_/ZN
 _34153_/ZN
 _34154_/ZN
 _34155_/ZN
 _34156_/ZN
 _34157_/ZN
 _34158_/ZN
 _34159_/ZN
 _34160_/ZN
 _34161_/ZN
 _34162_/ZN
 _34163_/ZN
 _34164_/ZN
 _34165_/ZN
 _34166_/ZN
 _34167_/ZN
 _34168_/ZN
 _34169_/ZN
 _34170_/ZN
 _34171_/ZN
 _34172_/ZN
 _34173_/ZN
 _34174_/ZN
 _34175_/ZN
 _34176_/ZN
 _34177_/ZN
 _34178_/ZN
 _34179_/ZN
 _34180_/ZN
 _34181_/Z
 _34182_/ZN
 _34183_/ZN
 _34184_/ZN
 _34185_/ZN
 _34186_/ZN
 _34187_/ZN
 _34188_/ZN
 _34189_/ZN
 _34190_/ZN
 _34191_/ZN
 _34192_/ZN
 _34193_/ZN
 _34194_/ZN
 _34195_/ZN
 _34196_/ZN
 _34197_/ZN
 _34198_/ZN
 _34199_/ZN
 _34200_/ZN
 _34201_/ZN
 _34202_/ZN
 _34203_/ZN
 _34204_/ZN
 _34205_/ZN
 _34206_/ZN
 _34207_/ZN
 _34208_/ZN
 _34209_/ZN
 _34210_/ZN
 _34211_/ZN
 _34212_/ZN
 _34213_/ZN
 _34214_/ZN
 _34215_/ZN
 _34216_/ZN
 _34217_/ZN
 _34218_/ZN
 _34219_/ZN
 _34220_/ZN
 _34221_/ZN
 _34222_/ZN
 _34223_/ZN
 _34224_/ZN
 _34225_/ZN
 _34226_/ZN
 _34227_/ZN
 _34228_/ZN
 _34229_/ZN
 _34230_/ZN
 _34231_/ZN
 _34232_/ZN
 _34233_/ZN
 _34234_/ZN
 _34235_/ZN
 _34236_/ZN
 _34237_/ZN
 _34238_/ZN
 _34239_/ZN
 _34240_/ZN
 _34241_/ZN
 _34242_/ZN
 _34243_/ZN
 _34244_/ZN
 _34245_/ZN
 _34246_/ZN
 _34247_/ZN
 _34248_/ZN
 _34249_/ZN
 _34250_/ZN
 _34251_/ZN
 _34252_/ZN
 _34253_/ZN
 _34254_/ZN
 _34255_/ZN
 _34256_/ZN
 _34257_/ZN
 _34258_/ZN
 _34259_/ZN
 _34260_/ZN
 _34261_/ZN
 _34262_/ZN
 _34263_/ZN
 _34264_/ZN
 _34265_/ZN
 _34266_/ZN
 _34267_/ZN
 _34268_/ZN
 _34269_/ZN
 _34270_/ZN
 _34271_/ZN
 _34272_/ZN
 _34273_/ZN
 _34274_/ZN
 _34275_/ZN
 _34276_/ZN
 _34277_/ZN
 _34278_/ZN
 _34279_/ZN
 _34280_/ZN
 _34281_/ZN
 _34282_/ZN
 _34283_/ZN
 _34284_/ZN
 _34285_/ZN
 _34286_/ZN
 _34287_/ZN
 _34288_/ZN
 _34289_/ZN
 _34290_/ZN
 _34291_/ZN
 _34292_/ZN
 _34293_/ZN
 _34294_/ZN
 _34295_/ZN
 _34296_/ZN
 _34297_/ZN
 _34298_/ZN
 _34299_/ZN
 _34300_/ZN
 _34301_/ZN
 _34302_/ZN
 _34303_/ZN
 _34304_/ZN
 _34305_/ZN
 _34306_/ZN
 _34307_/ZN
 _34308_/ZN
 _34309_/ZN
 _34310_/ZN
 _34311_/ZN
 _34312_/ZN
 _34313_/ZN
 _34314_/ZN
 _34315_/ZN
 _34316_/ZN
 _34317_/ZN
 _34318_/ZN
 _34319_/ZN
 _34320_/ZN
 _34321_/ZN
 _34322_/ZN
 _34323_/ZN
 _34324_/ZN
 _34325_/ZN
 _34326_/ZN
 _34327_/ZN
 _34328_/ZN
 _34329_/ZN
 _34330_/ZN
 _34331_/ZN
 _34332_/ZN
 _34333_/ZN
 _34334_/ZN
 _34335_/ZN
 _34336_/ZN
 _34337_/ZN
 _34338_/ZN
 _34339_/ZN
 _34340_/ZN
 _34341_/ZN
 _34342_/ZN
 _34343_/ZN
 _34344_/ZN
 _34345_/ZN
 _34346_/ZN
 _34347_/ZN
 _34348_/ZN
 _34349_/ZN
 _34350_/ZN
 _34351_/ZN
 _34352_/ZN
 _34353_/ZN
 _34354_/ZN
 _34355_/ZN
 _34356_/ZN
 _34357_/ZN
 _34358_/ZN
 _34359_/ZN
 _34360_/ZN
 _34361_/ZN
 _34362_/ZN
 _34363_/ZN
 _34364_/ZN
 _34365_/ZN
 _34366_/ZN
 _34367_/ZN
 _34368_/ZN
 _34369_/ZN
 _34370_/ZN
 _34371_/ZN
 _34372_/ZN
 _34373_/ZN
 _34374_/ZN
 _34375_/ZN
 _34376_/ZN
 _34377_/ZN
 _34378_/ZN
 _34379_/ZN
 _34380_/ZN
 _34381_/ZN
 _34382_/ZN
 _34383_/ZN
 _34384_/ZN
 _34385_/ZN
 _34386_/ZN
 _34387_/ZN
 _34388_/ZN
 _34389_/ZN
 _34390_/ZN
 _34391_/ZN
 _34392_/ZN
 _34393_/ZN
 _34394_/ZN
 _34395_/ZN
 _34396_/ZN
 _34397_/ZN
 _34398_/ZN
 _34399_/ZN
 _34400_/ZN
 _34401_/ZN
 _34402_/ZN
 _34403_/ZN
 _34404_/ZN
 _34405_/ZN
 _34406_/ZN
 _34407_/ZN
 _34408_/ZN
 _34409_/ZN
 _34410_/ZN
 _34411_/ZN
 _34412_/ZN
 _34413_/ZN
 _34414_/ZN
 _34415_/ZN
 _34416_/ZN
 _34417_/ZN
 _34418_/ZN
 _34419_/ZN
 _34420_/ZN
 _34421_/ZN
 _34422_/ZN
 _34423_/ZN
 _34424_/ZN
 _34425_/ZN
 _34426_/ZN
 _34427_/ZN
 _34428_/ZN
 _34429_/ZN
 _34430_/ZN
 _34431_/ZN
 _34432_/ZN
 _34433_/ZN
 _34434_/ZN
 _34435_/ZN
 _34436_/ZN
 _34437_/ZN
 _34438_/ZN
 _34439_/ZN
 _34440_/ZN
 _34441_/ZN
 _34442_/ZN
 _34443_/ZN
 _34444_/ZN
 _34445_/ZN
 _34446_/ZN
 _34447_/ZN
 _34448_/ZN
 _34449_/ZN
 _34450_/ZN
 _34451_/ZN
 _34452_/ZN
 _34453_/ZN
 _34454_/ZN
 _34455_/ZN
 _34456_/ZN
 _34457_/ZN
 _34458_/ZN
 _34459_/ZN
 _34460_/ZN
 _34461_/ZN
 _34462_/ZN
 _34463_/ZN
 _34464_/ZN
 _34465_/ZN
 _34466_/ZN
 _34467_/ZN
 _34468_/ZN
 _34469_/ZN
 _34470_/ZN
 _34471_/ZN
 _34472_/ZN
 _34473_/ZN
 _34474_/ZN
 _34475_/ZN
 _34476_/ZN
 _34477_/ZN
 _34478_/ZN
 _34479_/ZN
 _34480_/ZN
 _34481_/ZN
 _34482_/ZN
 _34483_/ZN
 _34484_/ZN
 _34485_/ZN
 _34486_/ZN
 _34487_/ZN
 _34488_/ZN
 _34489_/ZN
 _34490_/ZN
 _34491_/ZN
 _34492_/ZN
 _34493_/ZN
 _34494_/ZN
 _34495_/ZN
 _34496_/ZN
 _34497_/ZN
 _34498_/ZN
 _34499_/ZN
 _34500_/ZN
 _34501_/ZN
 _34502_/ZN
 _34503_/ZN
 _34504_/ZN
 _34505_/ZN
 _34506_/ZN
 _34507_/ZN
 _34508_/ZN
 _34509_/ZN
 _34510_/ZN
 _34511_/ZN
 _34512_/ZN
 _34513_/ZN
 _34514_/ZN
 _34515_/ZN
 _34516_/ZN
 _34517_/ZN
 _34518_/ZN
 _34519_/ZN
 _34520_/ZN
 _34521_/ZN
 _34522_/ZN
 _34523_/ZN
 _34524_/ZN
 _34525_/ZN
 _34526_/ZN
 _34527_/ZN
 _34528_/ZN
 _34529_/ZN
 _34530_/ZN
 _34531_/ZN
 _34532_/ZN
 _34533_/ZN
 _34534_/ZN
 _34535_/ZN
 _34536_/ZN
 _34537_/ZN
 _34538_/ZN
 _34539_/ZN
 _34540_/ZN
 _34541_/ZN
 _34542_/ZN
 _34543_/ZN
 _34544_/ZN
 _34545_/ZN
 _34546_/ZN
 _34547_/ZN
 _34548_/ZN
 _34549_/ZN
 _34550_/ZN
 _34551_/ZN
 _34552_/ZN
 _34553_/ZN
 _34554_/ZN
 _34555_/ZN
 _34556_/ZN
 _34557_/ZN
 _34558_/ZN
 _34559_/ZN
 _34560_/ZN
 _34561_/ZN
 _34562_/ZN
 _34563_/ZN
 _34564_/ZN
 _34565_/ZN
 _34566_/ZN
 _34567_/ZN
 _34568_/ZN
 _34569_/ZN
 _34570_/ZN
 _34571_/ZN
 _34572_/ZN
 _34573_/ZN
 _34574_/ZN
 _34575_/ZN
 _34576_/ZN
 _34577_/ZN
 _34578_/ZN
 _34579_/ZN
 _34580_/ZN
 _34581_/ZN
 _34582_/ZN
 _34583_/ZN
 _34584_/ZN
 _34585_/ZN
 _34586_/ZN
 _34587_/ZN
 _34588_/ZN
 _34589_/ZN
 _34590_/ZN
 _34591_/ZN
 _34592_/ZN
 _34593_/ZN
 _34594_/ZN
 _34595_/ZN
 _34596_/ZN
 _34597_/ZN
 _34598_/ZN
 _34599_/ZN
 _34600_/ZN
 _34601_/ZN
 _34602_/ZN
 _34603_/Z
 _34604_/ZN
 _34605_/ZN
 _34606_/ZN
 _34607_/ZN
 _34608_/ZN
 _34609_/ZN
 _34610_/ZN
 _34611_/ZN
 _34612_/ZN
 _34613_/ZN
 _34614_/ZN
 _34615_/ZN
 _34616_/ZN
 _34617_/ZN
 _34618_/ZN
 _34619_/ZN
 _34620_/ZN
 _34621_/ZN
 _34622_/ZN
 _34623_/ZN
 _34624_/ZN
 _34625_/ZN
 _34626_/ZN
 _34627_/ZN
 _34628_/ZN
 _34629_/ZN
 _34630_/ZN
 _34631_/ZN
 _34632_/ZN
 _34633_/ZN
 _34634_/ZN
 _34635_/ZN
 _34636_/ZN
 _34637_/ZN
 _34638_/ZN
 _34639_/ZN
 _34640_/ZN
 _34641_/ZN
 _34642_/ZN
 _34643_/ZN
 _34644_/ZN
 _34645_/ZN
 _34646_/ZN
 _34647_/ZN
 _34648_/ZN
 _34649_/ZN
 _34650_/ZN
 _34651_/ZN
 _34652_/ZN
 _34653_/ZN
 _34654_/ZN
 _34655_/ZN
 _34656_/ZN
 _34657_/ZN
 _34658_/ZN
 _34659_/ZN
 _34660_/ZN
 _34661_/ZN
 _34662_/ZN
 _34663_/ZN
 _34664_/ZN
 _34665_/ZN
 _34666_/ZN
 _34667_/Z
 _34668_/Z
 _34669_/ZN
 _34670_/ZN
 _34671_/Z
 _34672_/ZN
 _34673_/ZN
 _34674_/ZN
 _34675_/ZN
 _34676_/ZN
 _34677_/ZN
 _34678_/ZN
 _34679_/ZN
 _34680_/ZN
 _34681_/ZN
 _34682_/ZN
 _34683_/Z
 _34684_/ZN
 _34685_/ZN
 _34686_/ZN
 _34687_/ZN
 _34688_/ZN
 _34689_/ZN
 _34690_/ZN
 _34691_/Z
 _34692_/Z
 _34693_/ZN
 _34694_/ZN
 _34695_/ZN
 _34696_/ZN
 _34697_/Z
 _34698_/ZN
 _34699_/ZN
 _34700_/ZN
 _34701_/ZN
 _34702_/ZN
 _34703_/ZN
 _34704_/ZN
 _34705_/Z
 _34706_/Z
 _34707_/ZN
 _34708_/ZN
 _34709_/ZN
 _34710_/ZN
 _34711_/ZN
 _34712_/ZN
 _34713_/ZN
 _34714_/ZN
 _34715_/ZN
 _34716_/ZN
 _34717_/Z
 _34718_/Z
 _34719_/Z
 _34720_/ZN
 _34721_/Z
 _34722_/ZN
 _34723_/ZN
 _34724_/ZN
 _34725_/ZN
 _34726_/Z
 _34727_/ZN
 _34728_/ZN
 _34729_/ZN
 _34730_/ZN
 _34731_/ZN
 _34732_/ZN
 _34733_/ZN
 _34734_/ZN
 _34735_/Z
 _34736_/ZN
 _34737_/Z
 _34738_/ZN
 _34739_/ZN
 _34740_/ZN
 _34741_/ZN
 _34742_/ZN
 _34743_/ZN
 _34744_/ZN
 _34745_/ZN
 _34746_/ZN
 _34747_/ZN
 _34748_/Z
 _34749_/ZN
 _34750_/Z
 _34751_/ZN
 _34752_/ZN
 _34753_/ZN
 _34754_/ZN
 _34755_/ZN
 _34756_/ZN
 _34757_/Z
 _34758_/Z
 _34759_/ZN
 _34760_/ZN
 _34761_/ZN
 _34762_/ZN
 _34763_/ZN
 _34764_/ZN
 _34765_/ZN
 _34766_/ZN
 _34767_/ZN
 _34768_/ZN
 _34769_/ZN
 _34770_/ZN
 _34771_/ZN
 _34772_/ZN
 _34773_/ZN
 _34774_/ZN
 _34775_/ZN
 _34776_/ZN
 _34777_/ZN
 _34778_/ZN
 _34779_/ZN
 _34780_/ZN
 _34781_/ZN
 _34782_/ZN
 _34783_/ZN
 _34784_/ZN
 _34785_/ZN
 _34786_/ZN
 _34787_/ZN
 _34788_/ZN
 _34789_/ZN
 _34790_/ZN
 _34791_/ZN
 _34792_/ZN
 _34793_/Z
 _34794_/ZN
 _34795_/Z
 _34796_/ZN
 _34797_/ZN
 _34798_/Z
 _34799_/ZN
 _34800_/ZN
 _34801_/Z
 _34802_/ZN
 _34803_/Z
 _34804_/ZN
 _34805_/ZN
 _34806_/Z
 _34807_/ZN
 _34808_/ZN
 _34809_/ZN
 _34810_/ZN
 _34811_/ZN
 _34812_/ZN
 _34813_/ZN
 _34814_/ZN
 _34815_/ZN
 _34816_/ZN
 _34817_/ZN
 _34818_/ZN
 _34819_/ZN
 _34820_/ZN
 _34821_/ZN
 _34822_/ZN
 _34823_/ZN
 _34824_/Z
 _34825_/ZN
 _34826_/ZN
 _34827_/ZN
 _34828_/Z
 _34829_/ZN
 _34830_/Z
 _34831_/ZN
 _34832_/ZN
 _34833_/ZN
 _34834_/ZN
 _34835_/ZN
 _34836_/ZN
 _34837_/ZN
 _34838_/ZN
 _34839_/Z
 _34840_/ZN
 _34841_/ZN
 _34842_/ZN
 _34843_/Z
 _34844_/ZN
 _34845_/ZN
 _34846_/Z
 _34847_/ZN
 _34848_/Z
 _34849_/ZN
 _34850_/ZN
 _34851_/ZN
 _34852_/ZN
 _34853_/ZN
 _34854_/ZN
 _34855_/ZN
 _34856_/ZN
 _34857_/ZN
 _34858_/ZN
 _34859_/ZN
 _34860_/ZN
 _34861_/ZN
 _34862_/Z
 _34863_/Z
 _34864_/ZN
 _34865_/ZN
 _34866_/ZN
 _34867_/ZN
 _34868_/Z
 _34869_/Z
 _34870_/ZN
 _34871_/ZN
 _34872_/Z
 _34873_/Z
 _34874_/ZN
 _34875_/ZN
 _34876_/Z
 _34877_/Z
 _34878_/ZN
 _34879_/ZN
 _34880_/ZN
 _34881_/Z
 _34882_/Z
 _34883_/ZN
 _34884_/ZN
 _34885_/ZN
 _34886_/Z
 _34887_/Z
 _34888_/Z
 _34889_/Z
 _34890_/ZN
 _34891_/Z
 _34892_/Z
 _34893_/ZN
 _34894_/ZN
 _34895_/ZN
 _34896_/ZN
 _34897_/Z
 _34898_/ZN
 _34899_/ZN
 _34900_/ZN
 _34901_/ZN
 _34902_/ZN
 _34903_/Z
 _34904_/Z
 _34905_/Z
 _34906_/ZN
 _34907_/Z
 _34908_/Z
 _34909_/Z
 _34910_/Z
 _34911_/ZN
 _34912_/ZN
 _34913_/ZN
 _34914_/ZN
 _34915_/ZN
 _34916_/Z
 _34917_/ZN
 _34918_/ZN
 _34919_/ZN
 _34920_/ZN
 _34921_/ZN
 _34922_/ZN
 _34923_/ZN
 _34924_/Z
 _34925_/ZN
 _34926_/ZN
 _34927_/Z
 _34928_/ZN
 _34929_/ZN
 _34930_/ZN
 _34931_/ZN
 _34932_/ZN
 _34933_/ZN
 _34934_/ZN
 _34935_/Z
 _34936_/ZN
 _34937_/ZN
 _34938_/Z
 _34939_/Z
 _34940_/ZN
 _34941_/Z
 _34942_/ZN
 _34943_/Z
 _34944_/ZN
 _34945_/ZN
 _34946_/ZN
 _34947_/ZN
 _34948_/Z
 _34949_/ZN
 _34950_/ZN
 _34951_/Z
 _34952_/ZN
 _34953_/ZN
 _34954_/Z
 _34955_/ZN
 _34956_/Z
 _34957_/ZN
 _34958_/ZN
 _34959_/Z
 _34960_/Z
 _34961_/ZN
 _34962_/ZN
 _34963_/ZN
 _34964_/ZN
 _34965_/Z
 _34966_/ZN
 _34967_/ZN
 _34968_/ZN
 _34969_/ZN
 _34970_/ZN
 _34971_/ZN
 _34972_/ZN
 _34973_/ZN
 _34974_/Z
 _34975_/ZN
 _34976_/ZN
 _34977_/ZN
 _34978_/Z
 _34979_/ZN
 _34980_/Z
 _34981_/ZN
 _34982_/ZN
 _34983_/ZN
 _34984_/ZN
 _34985_/ZN
 _34986_/Z
 _34987_/ZN
 _34988_/ZN
 _34989_/ZN
 _34990_/ZN
 _34991_/ZN
 _34992_/ZN
 _34993_/ZN
 _34994_/ZN
 _34995_/Z
 _34996_/ZN
 _34997_/ZN
 _34998_/ZN
 _34999_/ZN
 _35000_/ZN
 _35001_/Z
 _35002_/ZN
 _35003_/ZN
 _35004_/ZN
 _35005_/ZN
 _35006_/Z
 _35007_/Z
 _35008_/ZN
 _35009_/Z
 _35010_/Z
 _35011_/ZN
 _35012_/ZN
 _35013_/ZN
 _35014_/Z
 _35015_/ZN
 _35016_/ZN
 _35017_/ZN
 _35018_/ZN
 _35019_/Z
 _35020_/ZN
 _35021_/ZN
 _35022_/ZN
 _35023_/ZN
 _35024_/ZN
 _35025_/ZN
 _35026_/ZN
 _35027_/ZN
 _35028_/ZN
 _35029_/ZN
 _35030_/ZN
 _35031_/ZN
 _35032_/ZN
 _35033_/ZN
 _35034_/Z
 _35035_/ZN
 _35036_/ZN
 _35037_/ZN
 _35038_/ZN
 _35039_/ZN
 _35040_/ZN
 _35041_/ZN
 _35042_/ZN
 _35043_/ZN
 _35044_/Z
 _35045_/ZN
 _35046_/Z
 _35047_/Z
 _35048_/ZN
 _35049_/Z
 _35050_/ZN
 _35051_/ZN
 _35052_/Z
 _35053_/ZN
 _35054_/ZN
 _35055_/Z
 _35056_/ZN
 _35057_/ZN
 _35058_/ZN
 _35059_/ZN
 _35060_/Z
 _35061_/ZN
 _35062_/ZN
 _35063_/ZN
 _35064_/ZN
 _35065_/Z
 _35066_/ZN
 _35067_/ZN
 _35068_/ZN
 _35069_/ZN
 _35070_/ZN
 _35071_/ZN
 _35072_/ZN
 _35073_/Z
 _35074_/ZN
 _35075_/Z
 _35076_/ZN
 _35077_/ZN
 _35078_/ZN
 _35079_/ZN
 _35080_/ZN
 _35081_/ZN
 _35082_/ZN
 _35083_/ZN
 _35084_/ZN
 _35085_/Z
 _35086_/ZN
 _35087_/Z
 _35088_/ZN
 _35089_/Z
 _35090_/ZN
 _35091_/ZN
 _35092_/ZN
 _35093_/ZN
 _35094_/ZN
 _35095_/ZN
 _35096_/ZN
 _35097_/ZN
 _35098_/ZN
 _35099_/ZN
 _35100_/ZN
 _35101_/Z
 _35102_/Z
 _35103_/ZN
 _35104_/ZN
 _35105_/ZN
 _35106_/Z
 _35107_/Z
 _35108_/ZN
 _35109_/ZN
 _35110_/ZN
 _35111_/ZN
 _35112_/Z
 _35113_/Z
 _35114_/ZN
 _35115_/Z
 _35116_/ZN
 _35117_/Z
 _35118_/ZN
 _35119_/ZN
 _35120_/ZN
 _35121_/ZN
 _35122_/ZN
 _35123_/Z
 _35124_/ZN
 _35125_/ZN
 _35126_/ZN
 _35127_/ZN
 _35128_/Z
 _35129_/ZN
 _35130_/ZN
 _35131_/ZN
 _35132_/Z
 _35133_/Z
 _35134_/ZN
 _35135_/ZN
 _35136_/ZN
 _35137_/ZN
 _35138_/ZN
 _35139_/Z
 _35140_/ZN
 _35141_/ZN
 _35142_/ZN
 _35143_/ZN
 _35144_/ZN
 _35145_/ZN
 _35146_/ZN
 _35147_/ZN
 _35148_/ZN
 _35149_/ZN
 _35150_/ZN
 _35151_/ZN
 _35152_/Z
 _35153_/ZN
 _35154_/Z
 _35155_/ZN
 _35156_/Z
 _35157_/ZN
 _35158_/ZN
 _35159_/Z
 _35160_/ZN
 _35161_/ZN
 _35162_/ZN
 _35163_/ZN
 _35164_/ZN
 _35165_/ZN
 _35166_/ZN
 _35167_/ZN
 _35168_/ZN
 _35169_/ZN
 _35170_/ZN
 _35171_/ZN
 _35172_/ZN
 _35173_/ZN
 _35174_/ZN
 _35175_/ZN
 _35176_/ZN
 _35177_/ZN
 _35178_/ZN
 _35179_/ZN
 _35180_/Z
 _35181_/ZN
 _35182_/ZN
 _35183_/ZN
 _35184_/ZN
 _35185_/ZN
 _35186_/Z
 _35187_/ZN
 _35188_/ZN
 _35189_/ZN
 _35190_/ZN
 _35191_/ZN
 _35192_/ZN
 _35193_/ZN
 _35194_/ZN
 _35195_/ZN
 _35196_/ZN
 _35197_/ZN
 _35198_/ZN
 _35199_/ZN
 _35200_/ZN
 _35201_/ZN
 _35202_/ZN
 _35203_/ZN
 _35204_/ZN
 _35205_/ZN
 _35206_/ZN
 _35207_/ZN
 _35208_/ZN
 _35209_/ZN
 _35210_/ZN
 _35211_/ZN
 _35212_/ZN
 _35213_/ZN
 _35214_/ZN
 _35215_/ZN
 _35216_/ZN
 _35217_/ZN
 _35218_/ZN
 _35219_/ZN
 _35220_/ZN
 _35221_/ZN
 _35222_/ZN
 _35223_/ZN
 _35224_/ZN
 _35225_/ZN
 _35226_/ZN
 _35227_/ZN
 _35228_/ZN
 _35229_/ZN
 _35230_/ZN
 _35231_/ZN
 _35232_/ZN
 _35233_/ZN
 _35234_/ZN
 _35235_/ZN
 _35236_/ZN
 _35237_/ZN
 _35238_/ZN
 _35239_/ZN
 _35240_/ZN
 _35241_/ZN
 _35242_/ZN
 _35243_/ZN
 _35244_/ZN
 _35245_/ZN
 _35246_/ZN
 _35247_/Z
 _35248_/ZN
 _35249_/ZN
 _35250_/ZN
 _35251_/ZN
 _35252_/ZN
 _35253_/ZN
 _35254_/ZN
 _35255_/ZN
 _35256_/ZN
 _35257_/ZN
 _35258_/ZN
 _35259_/ZN
 _35260_/ZN
 _35261_/ZN
 _35262_/ZN
 _35263_/ZN
 _35264_/ZN
 _35265_/ZN
 _35266_/ZN
 _35267_/ZN
 _35268_/ZN
 _35269_/ZN
 _35270_/ZN
 _35271_/ZN
 _35272_/ZN
 _35273_/ZN
 _35274_/ZN
 _35275_/ZN
 _35276_/ZN
 _35277_/ZN
 _35278_/ZN
 _35279_/ZN
 _35280_/ZN
 _35281_/ZN
 _35282_/ZN
 _35283_/ZN
 _35284_/ZN
 _35285_/ZN
 _35286_/ZN
 _35287_/ZN
 _35288_/ZN
 _35289_/ZN
 _35290_/ZN
 _35291_/ZN
 _35292_/ZN
 _35293_/ZN
 _35294_/ZN
 _35295_/ZN
 _35296_/Z
 _35297_/ZN
 _35298_/ZN
 _35299_/ZN
 _35300_/ZN
 _35301_/ZN
 _35302_/ZN
 _35303_/ZN
 _35304_/ZN
 _35305_/ZN
 _35306_/ZN
 _35307_/ZN
 _35308_/ZN
 _35309_/ZN
 _35310_/ZN
 _35311_/ZN
 _35312_/ZN
 _35313_/ZN
 _35314_/ZN
 _35315_/ZN
 _35316_/ZN
 _35317_/ZN
 _35318_/ZN
 _35319_/ZN
 _35320_/ZN
 _35321_/ZN
 _35322_/Z
 _35323_/ZN
 _35324_/ZN
 _35325_/ZN
 _35326_/Z
 _35327_/ZN
 _35328_/ZN
 _35329_/ZN
 _35330_/ZN
 _35331_/Z
 _35332_/ZN
 _35333_/ZN
 _35334_/ZN
 _35335_/ZN
 _35336_/ZN
 _35337_/ZN
 _35338_/ZN
 _35339_/ZN
 _35340_/ZN
 _35341_/ZN
 _35342_/Z
 _35343_/ZN
 _35344_/ZN
 _35345_/ZN
 _35346_/ZN
 _35347_/ZN
 _35348_/ZN
 _35349_/ZN
 _35350_/ZN
 _35351_/ZN
 _35352_/ZN
 _35353_/ZN
 _35354_/ZN
 _35355_/ZN
 _35356_/ZN
 _35357_/ZN
 _35358_/ZN
 _35359_/ZN
 _35360_/ZN
 _35361_/ZN
 _35362_/ZN
 _35363_/ZN
 _35364_/ZN
 _35365_/ZN
 _35366_/ZN
 _35367_/ZN
 _35368_/ZN
 _35369_/ZN
 _35370_/ZN
 _35371_/ZN
 _35372_/ZN
 _35373_/ZN
 _35374_/ZN
 _35375_/ZN
 _35376_/ZN
 _35377_/ZN
 _35378_/ZN
 _35379_/ZN
 _35380_/ZN
 _35381_/ZN
 _35382_/ZN
 _35383_/ZN
 _35384_/ZN
 _35385_/ZN
 _35386_/ZN
 _35387_/ZN
 _35388_/ZN
 _35389_/ZN
 _35390_/ZN
 _35391_/ZN
 _35392_/ZN
 _35393_/ZN
 _35394_/ZN
 _35395_/ZN
 _35396_/ZN
 _35397_/ZN
 _35398_/ZN
 _35399_/ZN
 _35400_/ZN
 _35401_/ZN
 _35402_/ZN
 _35403_/ZN
 _35404_/ZN
 _35405_/ZN
 _35406_/ZN
 _35407_/ZN
 _35408_/ZN
 _35409_/ZN
 _35410_/ZN
 _35411_/ZN
 _35412_/ZN
 _35413_/ZN
 _35414_/ZN
 _35415_/ZN
 _35416_/ZN
 _35417_/ZN
 _35418_/ZN
 _35419_/ZN
 _35420_/ZN
 _35421_/ZN
 _35422_/ZN
 _35423_/ZN
 _35424_/ZN
 _35425_/ZN
 _35426_/ZN
 _35427_/ZN
 _35428_/ZN
 _35429_/ZN
 _35430_/ZN
 _35431_/ZN
 _35432_/ZN
 _35433_/ZN
 _35434_/ZN
 _35435_/ZN
 _35436_/ZN
 _35437_/ZN
 _35438_/ZN
 _35439_/ZN
 _35440_/ZN
 _35441_/ZN
 _35442_/ZN
 _35443_/ZN
 _35444_/ZN
 _35445_/ZN
 _35446_/ZN
 _35447_/ZN
 _35448_/ZN
 _35449_/ZN
 _35450_/ZN
 _35451_/ZN
 _35452_/ZN
 _35453_/ZN
 _35454_/ZN
 _35455_/ZN
 _35456_/ZN
 _35457_/ZN
 _35458_/ZN
 _35459_/ZN
 _35460_/ZN
 _35461_/ZN
 _35462_/ZN
 _35463_/ZN
 _35464_/ZN
 _35465_/ZN
 _35466_/ZN
 _35467_/ZN
 _35468_/ZN
 _35469_/ZN
 _35470_/ZN
 _35471_/ZN
 _35472_/ZN
 _35473_/ZN
 _35474_/ZN
 _35475_/ZN
 _35476_/ZN
 _35477_/ZN
 _35478_/ZN
 _35479_/ZN
 _35480_/ZN
 _35481_/ZN
 _35482_/ZN
 _35483_/ZN
 _35484_/ZN
 _35485_/ZN
 _35486_/ZN
 _35487_/ZN
 _35488_/ZN
 _35489_/ZN
 _35490_/ZN
 _35491_/ZN
 _35492_/ZN
 _35493_/ZN
 _35494_/ZN
 _35495_/Z
 _35496_/ZN
 _35497_/ZN
 _35498_/ZN
 _35499_/ZN
 _35500_/ZN
 _35501_/ZN
 _35502_/ZN
 _35503_/ZN
 _35504_/Z
 _35505_/ZN
 _35506_/ZN
 _35507_/ZN
 _35508_/ZN
 _35509_/ZN
 _35510_/ZN
 _35511_/ZN
 _35512_/ZN
 _35513_/ZN
 _35514_/ZN
 _35515_/ZN
 _35516_/ZN
 _35517_/ZN
 _35518_/ZN
 _35519_/ZN
 _35520_/ZN
 _35521_/ZN
 _35522_/ZN
 _35523_/ZN
 _35524_/ZN
 _35525_/ZN
 _35526_/ZN
 _35527_/ZN
 _35528_/ZN
 _35529_/ZN
 _35530_/ZN
 _35531_/ZN
 _35532_/ZN
 _35533_/ZN
 _35534_/ZN
 _35535_/ZN
 _35536_/ZN
 _35537_/ZN
 _35538_/ZN
 _35539_/ZN
 _35540_/ZN
 _35541_/ZN
 _35542_/ZN
 _35543_/ZN
 _35544_/ZN
 _35545_/ZN
 _35546_/ZN
 _35547_/ZN
 _35548_/ZN
 _35549_/ZN
 _35550_/ZN
 _35551_/ZN
 _35552_/ZN
 _35553_/ZN
 _35554_/ZN
 _35555_/ZN
 _35556_/ZN
 _35557_/ZN
 _35558_/ZN
 _35559_/ZN
 _35560_/ZN
 _35561_/ZN
 _35562_/ZN
 _35563_/ZN
 _35564_/ZN
 _35565_/Z
 _35566_/ZN
 _35567_/ZN
 _35568_/ZN
 _35569_/Z
 _35570_/ZN
 _35571_/ZN
 _35572_/ZN
 _35573_/ZN
 _35574_/Z
 _35575_/ZN
 _35576_/ZN
 _35577_/ZN
 _35578_/ZN
 _35579_/ZN
 _35580_/ZN
 _35581_/ZN
 _35582_/ZN
 _35583_/ZN
 _35584_/ZN
 _35585_/Z
 _35586_/ZN
 _35587_/ZN
 _35588_/ZN
 _35589_/ZN
 _35590_/ZN
 _35591_/ZN
 _35592_/ZN
 _35593_/ZN
 _35594_/ZN
 _35595_/ZN
 _35596_/ZN
 _35597_/ZN
 _35598_/ZN
 _35599_/ZN
 _35600_/ZN
 _35601_/ZN
 _35602_/ZN
 _35603_/ZN
 _35604_/ZN
 _35605_/ZN
 _35606_/ZN
 _35607_/ZN
 _35608_/Z
 _35609_/Z
 _35610_/ZN
 _35611_/ZN
 _35612_/ZN
 _35613_/ZN
 _35614_/ZN
 _35615_/ZN
 _35616_/ZN
 _35617_/ZN
 _35618_/ZN
 _35619_/ZN
 _35620_/ZN
 _35621_/ZN
 _35622_/ZN
 _35623_/ZN
 _35624_/ZN
 _35625_/Z
 _35626_/ZN
 _35627_/ZN
 _35628_/ZN
 _35629_/ZN
 _35630_/Z
 _35631_/ZN
 _35632_/ZN
 _35633_/ZN
 _35634_/Z
 _35635_/ZN
 _35636_/ZN
 _35637_/Z
 _35638_/ZN
 _35639_/ZN
 _35640_/ZN
 _35641_/ZN
 _35642_/ZN
 _35643_/ZN
 _35644_/ZN
 _35645_/ZN
 _35646_/ZN
 _35647_/ZN
 _35648_/ZN
 _35649_/ZN
 _35650_/ZN
 _35651_/ZN
 _35652_/ZN
 _35653_/ZN
 _35654_/ZN
 _35655_/ZN
 _35656_/ZN
 _35657_/ZN
 _35658_/ZN
 _35659_/ZN
 _35660_/ZN
 _35661_/ZN
 _35662_/ZN
 _35663_/ZN
 _35664_/ZN
 _35665_/ZN
 _35666_/ZN
 _35667_/ZN
 _35668_/ZN
 _35669_/ZN
 _35670_/ZN
 _35671_/ZN
 _35672_/ZN
 _35673_/ZN
 _35674_/ZN
 _35675_/ZN
 _35676_/ZN
 _35677_/ZN
 _35678_/ZN
 _35679_/ZN
 _35680_/ZN
 _35681_/ZN
 _35682_/ZN
 _35683_/ZN
 _35684_/ZN
 _35685_/Z
 _35686_/ZN
 _35687_/ZN
 _35688_/ZN
 _35689_/ZN
 _35690_/ZN
 _35691_/ZN
 _35692_/ZN
 _35693_/ZN
 _35694_/ZN
 _35695_/ZN
 _35696_/ZN
 _35697_/ZN
 _35698_/ZN
 _35699_/ZN
 _35700_/ZN
 _35701_/ZN
 _35702_/ZN
 _35703_/ZN
 _35704_/ZN
 _35705_/ZN
 _35706_/ZN
 _35707_/ZN
 _35708_/ZN
 _35709_/ZN
 _35710_/ZN
 _35711_/ZN
 _35712_/ZN
 _35713_/ZN
 _35714_/ZN
 _35715_/ZN
 _35716_/ZN
 _35717_/ZN
 _35718_/ZN
 _35719_/ZN
 _35720_/ZN
 _35721_/ZN
 _35722_/ZN
 _35723_/ZN
 _35724_/ZN
 _35725_/ZN
 _35726_/ZN
 _35727_/ZN
 _35728_/ZN
 _35729_/ZN
 _35730_/ZN
 _35731_/ZN
 _35732_/ZN
 _35733_/ZN
 _35734_/ZN
 _35735_/ZN
 _35736_/ZN
 _35737_/ZN
 _35738_/ZN
 _35739_/ZN
 _35740_/ZN
 _35741_/ZN
 _35742_/ZN
 _35743_/ZN
 _35744_/ZN
 _35745_/ZN
 _35746_/ZN
 _35747_/ZN
 _35748_/ZN
 _35749_/ZN
 _35750_/ZN
 _35751_/ZN
 _35752_/ZN
 _35753_/ZN
 _35754_/ZN
 _35755_/ZN
 _35756_/ZN
 _35757_/ZN
 _35758_/ZN
 _35759_/ZN
 _35760_/ZN
 _35761_/ZN
 _35762_/ZN
 _35763_/ZN
 _35764_/ZN
 _35765_/ZN
 _35766_/ZN
 _35767_/ZN
 _35768_/ZN
 _35769_/ZN
 _35770_/ZN
 _35771_/Z
 _35772_/ZN
 _35773_/ZN
 _35774_/ZN
 _35775_/ZN
 _35776_/ZN
 _35777_/ZN
 _35778_/ZN
 _35779_/ZN
 _35780_/ZN
 _35781_/Z
 _35782_/ZN
 _35783_/ZN
 _35784_/ZN
 _35785_/ZN
 _35786_/ZN
 _35787_/ZN
 _35788_/ZN
 _35789_/ZN
 _35790_/ZN
 _35791_/ZN
 _35792_/ZN
 _35793_/ZN
 _35794_/ZN
 _35795_/ZN
 _35796_/ZN
 _35797_/ZN
 _35798_/ZN
 _35799_/Z
 _35800_/ZN
 _35801_/ZN
 _35802_/ZN
 _35803_/ZN
 _35804_/ZN
 _35805_/ZN
 _35806_/ZN
 _35807_/ZN
 _35808_/ZN
 _35809_/ZN
 _35810_/ZN
 _35811_/ZN
 _35812_/ZN
 _35813_/ZN
 _35814_/ZN
 _35815_/ZN
 _35816_/ZN
 _35817_/ZN
 _35818_/ZN
 _35819_/ZN
 _35820_/ZN
 _35821_/ZN
 _35822_/ZN
 _35823_/ZN
 _35824_/ZN
 _35825_/ZN
 _35826_/ZN
 _35827_/ZN
 _35828_/ZN
 _35829_/ZN
 _35830_/ZN
 _35831_/ZN
 _35832_/ZN
 _35833_/ZN
 _35834_/ZN
 _35835_/ZN
 _35836_/ZN
 _35837_/ZN
 _35838_/ZN
 _35839_/ZN
 _35840_/ZN
 _35841_/ZN
 _35842_/ZN
 _35843_/ZN
 _35844_/ZN
 _35845_/ZN
 _35846_/ZN
 _35847_/ZN
 _35848_/ZN
 _35849_/ZN
 _35850_/ZN
 _35851_/ZN
 _35852_/ZN
 _35853_/ZN
 _35854_/ZN
 _35855_/ZN
 _35856_/ZN
 _35857_/ZN
 _35858_/ZN
 _35859_/ZN
 _35860_/ZN
 _35861_/ZN
 _35862_/ZN
 _35863_/ZN
 _35864_/ZN
 _35865_/ZN
 _35866_/ZN
 _35867_/ZN
 _35868_/ZN
 _35869_/ZN
 _35870_/ZN
 _35871_/ZN
 _35872_/ZN
 _35873_/ZN
 _35874_/ZN
 _35875_/ZN
 _35876_/ZN
 _35877_/ZN
 _35878_/ZN
 _35879_/ZN
 _35880_/ZN
 _35881_/ZN
 _35882_/ZN
 _35883_/ZN
 _35884_/ZN
 _35885_/ZN
 _35886_/ZN
 _35887_/ZN
 _35888_/ZN
 _35889_/ZN
 _35890_/ZN
 _35891_/ZN
 _35892_/ZN
 _35893_/ZN
 _35894_/ZN
 _35895_/ZN
 _35896_/ZN
 _35897_/ZN
 _35898_/ZN
 _35899_/ZN
 _35900_/ZN
 _35901_/ZN
 _35902_/ZN
 _35903_/ZN
 _35904_/ZN
 _35905_/ZN
 _35906_/ZN
 _35907_/ZN
 _35908_/ZN
 _35909_/ZN
 _35910_/ZN
 _35911_/ZN
 _35912_/ZN
 _35913_/ZN
 _35914_/ZN
 _35915_/ZN
 _35916_/ZN
 _35917_/ZN
 _35918_/ZN
 _35919_/ZN
 _35920_/ZN
 _35921_/ZN
 _35922_/ZN
 _35923_/ZN
 _35924_/ZN
 _35925_/ZN
 _35926_/ZN
 _35927_/ZN
 _35928_/ZN
 _35929_/ZN
 _35930_/ZN
 _35931_/ZN
 _35932_/ZN
 _35933_/ZN
 _35934_/ZN
 _35935_/ZN
 _35936_/ZN
 _35937_/ZN
 _35938_/ZN
 _35939_/ZN
 _35940_/ZN
 _35941_/ZN
 _35942_/Z
 _35943_/ZN
 _35944_/ZN
 _35945_/ZN
 _35946_/ZN
 _35947_/ZN
 _35948_/ZN
 _35949_/ZN
 _35950_/ZN
 _35951_/ZN
 _35952_/ZN
 _35953_/ZN
 _35954_/ZN
 _35955_/ZN
 _35956_/ZN
 _35957_/ZN
 _35958_/ZN
 _35959_/ZN
 _35960_/ZN
 _35961_/ZN
 _35962_/Z
 _35963_/ZN
 _35964_/ZN
 _35965_/ZN
 _35966_/ZN
 _35967_/ZN
 _35968_/ZN
 _35969_/ZN
 _35970_/ZN
 _35971_/ZN
 _35972_/ZN
 _35973_/ZN
 _35974_/ZN
 _35975_/ZN
 _35976_/ZN
 _35977_/ZN
 _35978_/ZN
 _35979_/ZN
 _35980_/ZN
 _35981_/ZN
 _35982_/ZN
 _35983_/ZN
 _35984_/ZN
 _35985_/ZN
 _35986_/ZN
 _35987_/ZN
 _35988_/ZN
 _35989_/ZN
 _35990_/ZN
 _35991_/ZN
 _35992_/ZN
 _35993_/ZN
 _35994_/ZN
 _35995_/ZN
 _35996_/ZN
 _35997_/ZN
 _35998_/ZN
 _35999_/ZN
 _36000_/ZN
 _36001_/ZN
 _36002_/ZN
 _36003_/ZN
 _36004_/ZN
 _36005_/ZN
 _36006_/ZN
 _36007_/ZN
 _36008_/ZN
 _36009_/ZN
 _36010_/ZN
 _36011_/ZN
 _36012_/ZN
 _36013_/ZN
 _36014_/ZN
 _36015_/ZN
 _36016_/ZN
 _36017_/ZN
 _36018_/ZN
 _36019_/ZN
 _36020_/ZN
 _36021_/ZN
 _36022_/ZN
 _36023_/ZN
 _36024_/ZN
 _36025_/ZN
 _36026_/ZN
 _36027_/ZN
 _36028_/ZN
 _36029_/ZN
 _36030_/ZN
 _36031_/ZN
 _36032_/ZN
 _36033_/ZN
 _36034_/ZN
 _36035_/ZN
 _36036_/ZN
 _36037_/ZN
 _36038_/ZN
 _36039_/ZN
 _36040_/ZN
 _36041_/ZN
 _36042_/ZN
 _36043_/ZN
 _36044_/ZN
 _36045_/ZN
 _36046_/ZN
 _36047_/ZN
 _36048_/ZN
 _36049_/ZN
 _36050_/ZN
 _36051_/ZN
 _36052_/ZN
 _36053_/ZN
 _36054_/ZN
 _36055_/ZN
 _36056_/ZN
 _36057_/ZN
 _36058_/ZN
 _36059_/ZN
 _36060_/ZN
 _36061_/ZN
 _36062_/ZN
 _36063_/ZN
 _36064_/ZN
 _36065_/ZN
 _36066_/ZN
 _36067_/ZN
 _36068_/ZN
 _36069_/ZN
 _36070_/ZN
 _36071_/ZN
 _36072_/ZN
 _36073_/ZN
 _36074_/ZN
 _36075_/ZN
 _36076_/ZN
 _36077_/ZN
 _36078_/ZN
 _36079_/ZN
 _36080_/ZN
 _36081_/ZN
 _36082_/ZN
 _36083_/ZN
 _36084_/ZN
 _36085_/ZN
 _36086_/ZN
 _36087_/ZN
 _36088_/ZN
 _36089_/ZN
 _36090_/ZN
 _36091_/ZN
 _36092_/ZN
 _36093_/ZN
 _36094_/ZN
 _36095_/ZN
 _36096_/ZN
 _36097_/ZN
 _36098_/ZN
 _36099_/ZN
 _36100_/ZN
 _36101_/ZN
 _36102_/ZN
 _36103_/ZN
 _36104_/ZN
 _36105_/ZN
 _36106_/ZN
 _36107_/ZN
 _36108_/ZN
 _36109_/ZN
 _36110_/ZN
 _36111_/ZN
 _36112_/ZN
 _36113_/ZN
 _36114_/ZN
 _36115_/ZN
 _36116_/ZN
 _36117_/ZN
 _36118_/ZN
 _36119_/ZN
 _36120_/ZN
 _36121_/ZN
 _36122_/ZN
 _36123_/ZN
 _36124_/ZN
 _36125_/ZN
 _36126_/ZN
 _36127_/ZN
 _36128_/ZN
 _36129_/ZN
 _36130_/ZN
 _36131_/ZN
 _36132_/ZN
 _36133_/ZN
 _36134_/ZN
 _36135_/ZN
 _36136_/ZN
 _36137_/ZN
 _36138_/ZN
 _36139_/ZN
 _36140_/ZN
 _36141_/ZN
 _36142_/ZN
 _36143_/ZN
 _36144_/ZN
 _36145_/ZN
 _36146_/ZN
 _36147_/ZN
 _36148_/ZN
 _36149_/ZN
 _36150_/ZN
 _36151_/ZN
 _36152_/ZN
 _36153_/ZN
 _36154_/ZN
 _36155_/ZN
 _36156_/ZN
 _36157_/ZN
 _36158_/ZN
 _36159_/ZN
 _36160_/ZN
 _36161_/ZN
 _36162_/ZN
 _36163_/ZN
 _36164_/ZN
 _36165_/ZN
 _36166_/Z
 _36167_/ZN
 _36168_/ZN
 _36169_/ZN
 _36170_/Z
 _36171_/ZN
 _36172_/ZN
 _36173_/ZN
 _36174_/ZN
 _36175_/ZN
 _36176_/ZN
 _36177_/ZN
 _36178_/ZN
 _36179_/ZN
 _36180_/ZN
 _36181_/ZN
 _36182_/ZN
 _36183_/ZN
 _36184_/ZN
 _36185_/ZN
 _36186_/Z
 _36187_/ZN
 _36188_/ZN
 _36189_/ZN
 _36190_/ZN
 _36191_/ZN
 _36192_/ZN
 _36193_/ZN
 _36194_/ZN
 _36195_/ZN
 _36196_/ZN
 _36197_/ZN
 _36198_/ZN
 _36199_/ZN
 _36200_/ZN
 _36201_/ZN
 _36202_/ZN
 _36203_/ZN
 _36204_/ZN
 _36205_/ZN
 _36206_/ZN
 _36207_/ZN
 _36208_/ZN
 _36209_/ZN
 _36210_/ZN
 _36211_/ZN
 _36212_/ZN
 _36213_/ZN
 _36214_/ZN
 _36215_/ZN
 _36216_/ZN
 _36217_/ZN
 _36218_/ZN
 _36219_/ZN
 _36220_/ZN
 _36221_/ZN
 _36222_/ZN
 _36223_/ZN
 _36224_/ZN
 _36225_/ZN
 _36226_/ZN
 _36227_/ZN
 _36228_/ZN
 _36229_/ZN
 _36230_/ZN
 _36231_/ZN
 _36232_/ZN
 _36233_/ZN
 _36234_/ZN
 _36235_/ZN
 _36236_/ZN
 _36237_/ZN
 _36238_/ZN
 _36239_/ZN
 _36240_/ZN
 _36241_/ZN
 _36242_/ZN
 _36243_/ZN
 _36244_/ZN
 _36245_/ZN
 _36246_/ZN
 _36247_/ZN
 _36248_/ZN
 _36249_/Z
 _36250_/Z
 _36251_/Z
 _36252_/ZN
 _36253_/ZN
 _36254_/ZN
 _36255_/ZN
 _36256_/ZN
 _36257_/ZN
 _36258_/ZN
 _36259_/ZN
 _36260_/ZN
 _36261_/Z
 _36262_/ZN
 _36263_/ZN
 _36264_/ZN
 _36265_/ZN
 _36266_/ZN
 _36267_/ZN
 _36268_/ZN
 _36269_/ZN
 _36270_/ZN
 _36271_/ZN
 _36272_/ZN
 _36273_/ZN
 _36274_/ZN
 _36275_/ZN
 _36276_/ZN
 _36277_/ZN
 _36278_/ZN
 _36279_/ZN
 _36280_/ZN
 _36281_/ZN
 _36282_/ZN
 _36283_/ZN
 _36284_/ZN
 _36285_/ZN
 _36286_/ZN
 _36287_/ZN
 _36288_/ZN
 _36289_/ZN
 _36290_/ZN
 _36291_/Z
 _36292_/ZN
 _36293_/ZN
 _36294_/ZN
 _36295_/ZN
 _36296_/ZN
 _36297_/ZN
 _36298_/ZN
 _36299_/ZN
 _36300_/ZN
 _36301_/ZN
 _36302_/ZN
 _36303_/ZN
 _36304_/ZN
 _36305_/ZN
 _36306_/Z
 _36307_/ZN
 _36308_/ZN
 _36309_/ZN
 _36310_/ZN
 _36311_/ZN
 _36312_/ZN
 _36313_/ZN
 _36314_/ZN
 _36315_/Z
 _36316_/ZN
 _36317_/ZN
 _36318_/ZN
 _36319_/ZN
 _36320_/ZN
 _36321_/ZN
 _36322_/ZN
 _36323_/ZN
 _36324_/ZN
 _36325_/ZN
 _36326_/ZN
 _36327_/ZN
 _36328_/ZN
 _36329_/ZN
 _36330_/ZN
 _36331_/ZN
 _36332_/ZN
 _36333_/ZN
 _36334_/ZN
 _36335_/ZN
 _36336_/ZN
 _36337_/ZN
 _36338_/ZN
 _36339_/ZN
 _36340_/ZN
 _36341_/ZN
 _36342_/ZN
 _36343_/ZN
 _36344_/ZN
 _36345_/ZN
 _36346_/ZN
 _36347_/ZN
 _36348_/ZN
 _36349_/ZN
 _36350_/ZN
 _36351_/ZN
 _36352_/ZN
 _36353_/Z
 _36354_/ZN
 _36355_/ZN
 _36356_/ZN
 _36357_/ZN
 _36358_/ZN
 _36359_/ZN
 _36360_/ZN
 _36361_/Z
 _36362_/ZN
 _36363_/ZN
 _36364_/ZN
 _36365_/ZN
 _36366_/ZN
 _36367_/ZN
 _36368_/ZN
 _36369_/ZN
 _36370_/ZN
 _36371_/ZN
 _36372_/ZN
 _36373_/ZN
 _36374_/ZN
 _36375_/ZN
 _36376_/ZN
 _36377_/ZN
 _36378_/ZN
 _36379_/ZN
 _36380_/ZN
 _36381_/Z
 _36382_/ZN
 _36383_/ZN
 _36384_/ZN
 _36385_/ZN
 _36386_/ZN
 _36387_/ZN
 _36388_/ZN
 _36389_/Z
 _36390_/ZN
 _36391_/ZN
 _36392_/ZN
 _36393_/ZN
 _36394_/ZN
 _36395_/ZN
 _36396_/ZN
 _36397_/ZN
 _36398_/ZN
 _36399_/ZN
 _36400_/ZN
 _36401_/ZN
 _36402_/ZN
 _36403_/ZN
 _36404_/ZN
 _36405_/ZN
 _36406_/ZN
 _36407_/ZN
 _36408_/ZN
 _36409_/ZN
 _36410_/ZN
 _36411_/ZN
 _36412_/ZN
 _36413_/ZN
 _36414_/ZN
 _36415_/ZN
 _36416_/ZN
 _36417_/ZN
 _36418_/ZN
 _36419_/ZN
 _36420_/ZN
 _36421_/ZN
 _36422_/ZN
 _36423_/ZN
 _36424_/ZN
 _36425_/ZN
 _36426_/ZN
 _36427_/ZN
 _36428_/ZN
 _36429_/ZN
 _36430_/ZN
 _36431_/ZN
 _36432_/ZN
 _36433_/ZN
 _36434_/ZN
 _36435_/ZN
 _36436_/ZN
 _36437_/ZN
 _36438_/ZN
 _36439_/ZN
 _36440_/ZN
 _36441_/ZN
 _36442_/ZN
 _36443_/ZN
 _36444_/ZN
 _36445_/Z
 _36446_/Z
 _36447_/ZN
 _36448_/ZN
 _36449_/ZN
 _36450_/ZN
 _36451_/ZN
 _36452_/ZN
 _36453_/ZN
 _36454_/ZN
 _36455_/ZN
 _36456_/ZN
 _36457_/ZN
 _36458_/ZN
 _36459_/ZN
 _36460_/ZN
 _36461_/ZN
 _36462_/ZN
 _36463_/ZN
 _36464_/ZN
 _36465_/ZN
 _36466_/ZN
 _36467_/ZN
 _36468_/ZN
 _36469_/ZN
 _36470_/ZN
 _36471_/ZN
 _36472_/ZN
 _36473_/ZN
 _36474_/ZN
 _36475_/ZN
 _36476_/ZN
 _36477_/ZN
 _36478_/ZN
 _36479_/Z
 _36480_/Z
 _36481_/ZN
 _36482_/ZN
 _36483_/ZN
 _36484_/ZN
 _36485_/ZN
 _36486_/ZN
 _36487_/ZN
 _36488_/ZN
 _36489_/ZN
 _36490_/ZN
 _36491_/ZN
 _36492_/ZN
 _36493_/ZN
 _36494_/ZN
 _36495_/ZN
 _36496_/ZN
 _36497_/ZN
 _36498_/ZN
 _36499_/ZN
 _36500_/ZN
 _36501_/ZN
 _36502_/ZN
 _36503_/ZN
 _36504_/ZN
 _36505_/ZN
 _36506_/ZN
 _36507_/ZN
 _36508_/ZN
 _36509_/ZN
 _36510_/ZN
 _36511_/ZN
 _36512_/ZN
 _36513_/ZN
 _36514_/ZN
 _36515_/ZN
 _36516_/Z
 _36517_/ZN
 _36518_/Z
 _36519_/ZN
 _36520_/ZN
 _36521_/ZN
 _36522_/ZN
 _36523_/ZN
 _36524_/ZN
 _36525_/ZN
 _36526_/ZN
 _36527_/ZN
 _36528_/ZN
 _36529_/ZN
 _36530_/ZN
 _36531_/ZN
 _36532_/ZN
 _36533_/ZN
 _36534_/ZN
 _36535_/ZN
 _36536_/ZN
 _36537_/ZN
 _36538_/ZN
 _36539_/ZN
 _36540_/ZN
 _36541_/ZN
 _36542_/ZN
 _36543_/ZN
 _36544_/ZN
 _36545_/ZN
 _36546_/ZN
 _36547_/ZN
 _36548_/ZN
 _36549_/ZN
 _36550_/ZN
 _36551_/ZN
 _36552_/ZN
 _36553_/ZN
 _36554_/ZN
 _36555_/ZN
 _36556_/ZN
 _36557_/ZN
 _36558_/Z
 _36559_/ZN
 _36560_/ZN
 _36561_/ZN
 _36562_/ZN
 _36563_/ZN
 _36564_/ZN
 _36565_/ZN
 _36566_/ZN
 _36567_/ZN
 _36568_/ZN
 _36569_/ZN
 _36570_/ZN
 _36571_/ZN
 _36572_/ZN
 _36573_/ZN
 _36574_/Z
 _36575_/ZN
 _36576_/ZN
 _36577_/Z
 _36578_/ZN
 _36579_/ZN
 _36580_/ZN
 _36581_/ZN
 _36582_/ZN
 _36583_/ZN
 _36584_/ZN
 _36585_/ZN
 _36586_/ZN
 _36587_/ZN
 _36588_/ZN
 _36589_/ZN
 _36590_/ZN
 _36591_/ZN
 _36592_/ZN
 _36593_/ZN
 _36594_/ZN
 _36595_/ZN
 _36596_/ZN
 _36597_/ZN
 _36598_/ZN
 _36599_/ZN
 _36600_/ZN
 _36601_/ZN
 _36602_/ZN
 _36603_/ZN
 _36604_/ZN
 _36605_/ZN
 _36606_/ZN
 _36607_/ZN
 _36608_/ZN
 _36609_/ZN
 _36610_/ZN
 _36611_/ZN
 _36612_/ZN
 _36613_/ZN
 _36614_/ZN
 _36615_/ZN
 _36616_/ZN
 _36617_/ZN
 _36618_/ZN
 _36619_/ZN
 _36620_/ZN
 _36621_/ZN
 _36622_/ZN
 _36623_/ZN
 _36624_/ZN
 _36625_/ZN
 _36626_/ZN
 _36627_/ZN
 _36628_/ZN
 _36629_/ZN
 _36630_/ZN
 _36631_/ZN
 _36632_/ZN
 _36633_/ZN
 _36634_/ZN
 _36635_/ZN
 _36636_/ZN
 _36637_/ZN
 _36638_/ZN
 _36639_/ZN
 _36640_/Z
 _36641_/Z
 _36642_/ZN
 _36643_/ZN
 _36644_/ZN
 _36645_/ZN
 _36646_/ZN
 _36647_/ZN
 _36648_/ZN
 _36649_/ZN
 _36650_/ZN
 _36651_/ZN
 _36652_/ZN
 _36653_/ZN
 _36654_/ZN
 _36655_/ZN
 _36656_/ZN
 _36657_/ZN
 _36658_/ZN
 _36659_/ZN
 _36660_/ZN
 _36661_/ZN
 _36662_/ZN
 _36663_/ZN
 _36664_/ZN
 _36665_/ZN
 _36666_/ZN
 _36667_/ZN
 _36668_/ZN
 _36669_/ZN
 _36670_/ZN
 _36671_/ZN
 _36672_/ZN
 _36673_/ZN
 _36674_/Z
 _36675_/Z
 _36676_/ZN
 _36677_/ZN
 _36678_/ZN
 _36679_/ZN
 _36680_/ZN
 _36681_/ZN
 _36682_/ZN
 _36683_/ZN
 _36684_/ZN
 _36685_/ZN
 _36686_/ZN
 _36687_/ZN
 _36688_/ZN
 _36689_/ZN
 _36690_/ZN
 _36691_/ZN
 _36692_/ZN
 _36693_/ZN
 _36694_/ZN
 _36695_/ZN
 _36696_/ZN
 _36697_/ZN
 _36698_/ZN
 _36699_/ZN
 _36700_/ZN
 _36701_/ZN
 _36702_/ZN
 _36703_/ZN
 _36704_/ZN
 _36705_/ZN
 _36706_/ZN
 _36707_/ZN
 _36708_/Z
 _36709_/Z
 _36710_/ZN
 _36711_/ZN
 _36712_/ZN
 _36713_/ZN
 _36714_/ZN
 _36715_/ZN
 _36716_/ZN
 _36717_/ZN
 _36718_/ZN
 _36719_/ZN
 _36720_/ZN
 _36721_/ZN
 _36722_/ZN
 _36723_/ZN
 _36724_/ZN
 _36725_/ZN
 _36726_/Z
 _36727_/ZN
 _36728_/ZN
 _36729_/ZN
 _36730_/ZN
 _36731_/ZN
 _36732_/ZN
 _36733_/ZN
 _36734_/ZN
 _36735_/ZN
 _36736_/ZN
 _36737_/ZN
 _36738_/ZN
 _36739_/ZN
 _36740_/ZN
 _36741_/ZN
 _36742_/ZN
 _36743_/ZN
 _36744_/ZN
 _36745_/ZN
 _36746_/ZN
 _36747_/ZN
 _36748_/ZN
 _36749_/ZN
 _36750_/ZN
 _36751_/ZN
 _36752_/ZN
 _36753_/ZN
 _36754_/ZN
 _36755_/ZN
 _36756_/ZN
 _36757_/ZN
 _36758_/ZN
 _36759_/Z
 _36760_/Z
 _36761_/ZN
 _36762_/ZN
 _36763_/ZN
 _36764_/ZN
 _36765_/ZN
 _36766_/ZN
 _36767_/ZN
 _36768_/ZN
 _36769_/ZN
 _36770_/ZN
 _36771_/ZN
 _36772_/ZN
 _36773_/ZN
 _36774_/ZN
 _36775_/ZN
 _36776_/ZN
 _36777_/ZN
 _36778_/ZN
 _36779_/ZN
 _36780_/ZN
 _36781_/ZN
 _36782_/ZN
 _36783_/ZN
 _36784_/ZN
 _36785_/ZN
 _36786_/ZN
 _36787_/ZN
 _36788_/ZN
 _36789_/ZN
 _36790_/ZN
 _36791_/ZN
 _36792_/ZN
 _36793_/ZN
 _36794_/Z
 _36795_/Z
 _36796_/ZN
 _36797_/ZN
 _36798_/ZN
 _36799_/ZN
 _36800_/ZN
 _36801_/ZN
 _36802_/ZN
 _36803_/ZN
 _36804_/ZN
 _36805_/ZN
 _36806_/ZN
 _36807_/ZN
 _36808_/ZN
 _36809_/ZN
 _36810_/ZN
 _36811_/ZN
 _36812_/ZN
 _36813_/ZN
 _36814_/ZN
 _36815_/ZN
 _36816_/ZN
 _36817_/ZN
 _36818_/ZN
 _36819_/ZN
 _36820_/ZN
 _36821_/ZN
 _36822_/ZN
 _36823_/ZN
 _36824_/ZN
 _36825_/ZN
 _36826_/ZN
 _36827_/ZN
 _36828_/Z
 _36829_/Z
 _36830_/ZN
 _36831_/ZN
 _36832_/ZN
 _36833_/ZN
 _36834_/ZN
 _36835_/ZN
 _36836_/ZN
 _36837_/ZN
 _36838_/ZN
 _36839_/ZN
 _36840_/ZN
 _36841_/ZN
 _36842_/ZN
 _36843_/ZN
 _36844_/ZN
 _36845_/ZN
 _36846_/ZN
 _36847_/ZN
 _36848_/ZN
 _36849_/ZN
 _36850_/ZN
 _36851_/ZN
 _36852_/ZN
 _36853_/ZN
 _36854_/ZN
 _36855_/ZN
 _36856_/ZN
 _36857_/ZN
 _36858_/ZN
 _36859_/ZN
 _36860_/ZN
 _36861_/ZN
 _36862_/ZN
 _36863_/Z
 _36864_/Z
 _36865_/ZN
 _36866_/ZN
 _36867_/ZN
 _36868_/ZN
 _36869_/ZN
 _36870_/ZN
 _36871_/ZN
 _36872_/ZN
 _36873_/ZN
 _36874_/ZN
 _36875_/ZN
 _36876_/ZN
 _36877_/ZN
 _36878_/ZN
 _36879_/ZN
 _36880_/ZN
 _36881_/ZN
 _36882_/ZN
 _36883_/ZN
 _36884_/ZN
 _36885_/ZN
 _36886_/ZN
 _36887_/ZN
 _36888_/ZN
 _36889_/ZN
 _36890_/ZN
 _36891_/ZN
 _36892_/ZN
 _36893_/ZN
 _36894_/ZN
 _36895_/ZN
 _36896_/ZN
 _36897_/Z
 _36898_/Z
 _36899_/ZN
 _36900_/ZN
 _36901_/ZN
 _36902_/ZN
 _36903_/ZN
 _36904_/ZN
 _36905_/ZN
 _36906_/ZN
 _36907_/ZN
 _36908_/ZN
 _36909_/ZN
 _36910_/ZN
 _36911_/ZN
 _36912_/ZN
 _36913_/ZN
 _36914_/ZN
 _36915_/ZN
 _36916_/ZN
 _36917_/ZN
 _36918_/ZN
 _36919_/ZN
 _36920_/ZN
 _36921_/ZN
 _36922_/ZN
 _36923_/ZN
 _36924_/ZN
 _36925_/ZN
 _36926_/ZN
 _36927_/ZN
 _36928_/ZN
 _36929_/ZN
 _36930_/ZN
 _36931_/ZN
 _36932_/ZN
 _36933_/ZN
 _36934_/Z
 _36935_/Z
 _36936_/ZN
 _36937_/ZN
 _36938_/ZN
 _36939_/ZN
 _36940_/ZN
 _36941_/ZN
 _36942_/ZN
 _36943_/ZN
 _36944_/ZN
 _36945_/ZN
 _36946_/ZN
 _36947_/ZN
 _36948_/ZN
 _36949_/ZN
 _36950_/ZN
 _36951_/ZN
 _36952_/ZN
 _36953_/ZN
 _36954_/ZN
 _36955_/ZN
 _36956_/ZN
 _36957_/ZN
 _36958_/ZN
 _36959_/ZN
 _36960_/ZN
 _36961_/ZN
 _36962_/ZN
 _36963_/ZN
 _36964_/ZN
 _36965_/ZN
 _36966_/ZN
 _36967_/ZN
 _36968_/Z
 _36969_/Z
 _36970_/ZN
 _36971_/ZN
 _36972_/ZN
 _36973_/ZN
 _36974_/ZN
 _36975_/ZN
 _36976_/ZN
 _36977_/ZN
 _36978_/ZN
 _36979_/ZN
 _36980_/ZN
 _36981_/ZN
 _36982_/ZN
 _36983_/ZN
 _36984_/ZN
 _36985_/ZN
 _36986_/ZN
 _36987_/ZN
 _36988_/ZN
 _36989_/ZN
 _36990_/ZN
 _36991_/ZN
 _36992_/ZN
 _36993_/ZN
 _36994_/ZN
 _36995_/ZN
 _36996_/ZN
 _36997_/ZN
 _36998_/ZN
 _36999_/ZN
 _37000_/ZN
 _37001_/ZN
 _37002_/ZN
 _37003_/Z
 _37004_/Z
 _37005_/ZN
 _37006_/ZN
 _37007_/ZN
 _37008_/ZN
 _37009_/ZN
 _37010_/ZN
 _37011_/ZN
 _37012_/ZN
 _37013_/ZN
 _37014_/ZN
 _37015_/ZN
 _37016_/ZN
 _37017_/ZN
 _37018_/ZN
 _37019_/ZN
 _37020_/ZN
 _37021_/ZN
 _37022_/ZN
 _37023_/ZN
 _37024_/ZN
 _37025_/ZN
 _37026_/ZN
 _37027_/ZN
 _37028_/ZN
 _37029_/ZN
 _37030_/ZN
 _37031_/ZN
 _37032_/ZN
 _37033_/ZN
 _37034_/ZN
 _37035_/ZN
 _37036_/ZN
 _37037_/Z
 _37038_/Z
 _37039_/ZN
 _37040_/ZN
 _37041_/ZN
 _37042_/ZN
 _37043_/ZN
 _37044_/ZN
 _37045_/ZN
 _37046_/ZN
 _37047_/ZN
 _37048_/ZN
 _37049_/ZN
 _37050_/ZN
 _37051_/ZN
 _37052_/ZN
 _37053_/ZN
 _37054_/ZN
 _37055_/ZN
 _37056_/ZN
 _37057_/ZN
 _37058_/ZN
 _37059_/ZN
 _37060_/ZN
 _37061_/ZN
 _37062_/ZN
 _37063_/ZN
 _37064_/ZN
 _37065_/ZN
 _37066_/ZN
 _37067_/ZN
 _37068_/ZN
 _37069_/ZN
 _37070_/ZN
 _37071_/ZN
 _37072_/ZN
 _37073_/ZN
 _37074_/ZN
 _37075_/ZN
 _37076_/ZN
 _37077_/ZN
 _37078_/ZN
 _37079_/ZN
 _37080_/ZN
 _37081_/ZN
 _37082_/ZN
 _37083_/ZN
 _37084_/ZN
 _37085_/ZN
 _37086_/ZN
 _37087_/Z
 _37088_/ZN
 _37089_/ZN
 _37090_/ZN
 _37091_/ZN
 _37092_/ZN
 _37093_/Z
 _37094_/ZN
 _37095_/ZN
 _37096_/ZN
 _37097_/ZN
 _37098_/ZN
 _37099_/ZN
 _37100_/ZN
 _37101_/ZN
 _37102_/Z
 _37103_/ZN
 _37104_/Z
 _37105_/ZN
 _37106_/Z
 _37107_/Z
 _37108_/ZN
 _37109_/ZN
 _37110_/Z
 _37111_/ZN
 _37112_/Z
 _37113_/Z
 _37114_/ZN
 _37115_/ZN
 _37116_/Z
 _37117_/Z
 _37118_/ZN
 _37119_/ZN
 _37120_/Z
 _37121_/ZN
 _37122_/ZN
 _37123_/ZN
 _37124_/ZN
 _37125_/Z
 _37126_/ZN
 _37127_/ZN
 _37128_/ZN
 _37129_/Z
 _37130_/Z
 _37131_/ZN
 _37132_/ZN
 _37133_/ZN
 _37134_/Z
 _37135_/ZN
 _37136_/ZN
 _37137_/ZN
 _37138_/ZN
 _37139_/ZN
 _37140_/ZN
 _37141_/Z
 _37142_/ZN
 _37143_/ZN
 _37144_/ZN
 _37145_/ZN
 _37146_/ZN
 _37147_/ZN
 _37148_/Z
 _37149_/ZN
 _37150_/ZN
 _37151_/ZN
 _37152_/ZN
 _37153_/ZN
 _37154_/ZN
 _37155_/ZN
 _37156_/ZN
 _37157_/Z
 _37158_/ZN
 _37159_/ZN
 _37160_/ZN
 _37161_/ZN
 _37162_/ZN
 _37163_/ZN
 _37164_/Z
 _37165_/ZN
 _37166_/ZN
 _37167_/ZN
 _37168_/ZN
 _37169_/ZN
 _37170_/ZN
 _37171_/Z
 _37172_/ZN
 _37173_/ZN
 _37174_/ZN
 _37175_/ZN
 _37176_/ZN
 _37177_/ZN
 _37178_/Z
 _37179_/ZN
 _37180_/ZN
 _37181_/ZN
 _37182_/ZN
 _37183_/ZN
 _37184_/ZN
 _37185_/ZN
 _37186_/Z
 _37187_/ZN
 _37188_/ZN
 _37189_/ZN
 _37190_/ZN
 _37191_/ZN
 _37192_/ZN
 _37193_/Z
 _37194_/ZN
 _37195_/ZN
 _37196_/ZN
 _37197_/ZN
 _37198_/ZN
 _37199_/ZN
 _37200_/ZN
 _37201_/ZN
 _37202_/ZN
 _37203_/ZN
 _37204_/ZN
 _37205_/Z
 _37206_/ZN
 _37207_/ZN
 _37208_/ZN
 _37209_/ZN
 _37210_/ZN
 _37211_/ZN
 _37212_/Z
 _37213_/ZN
 _37214_/ZN
 _37215_/ZN
 _37216_/ZN
 _37217_/ZN
 _37218_/ZN
 _37219_/ZN
 _37220_/Z
 _37221_/ZN
 _37222_/ZN
 _37223_/ZN
 _37224_/ZN
 _37225_/ZN
 _37226_/ZN
 _37227_/Z
 _37228_/ZN
 _37229_/ZN
 _37230_/ZN
 _37231_/ZN
 _37232_/ZN
 _37233_/ZN
 _37234_/Z
 _37235_/ZN
 _37236_/ZN
 _37237_/ZN
 _37238_/ZN
 _37239_/ZN
 _37240_/Z
 _37241_/ZN
 _37242_/Z
 _37243_/ZN
 _37244_/ZN
 _37245_/ZN
 _37246_/Z
 _37247_/ZN
 _37248_/ZN
 _37249_/ZN
 _37250_/Z
 _37251_/Z
 _37252_/ZN
 _37253_/ZN
 _37254_/ZN
 _37255_/ZN
 _37256_/ZN
 _37257_/ZN
 _37258_/Z
 _37259_/ZN
 _37260_/ZN
 _37261_/ZN
 _37262_/ZN
 _37263_/ZN
 _37264_/ZN
 _37265_/Z
 _37266_/ZN
 _37267_/ZN
 _37268_/ZN
 _37269_/ZN
 _37270_/ZN
 _37271_/ZN
 _37272_/Z
 _37273_/ZN
 _37274_/ZN
 _37275_/ZN
 _37276_/ZN
 _37277_/ZN
 _37278_/ZN
 _37279_/ZN
 _37280_/ZN
 _37281_/ZN
 _37282_/ZN
 _37283_/ZN
 _37284_/ZN
 _37285_/Z
 _37286_/ZN
 _37287_/ZN
 _37288_/ZN
 _37289_/ZN
 _37290_/ZN
 _37291_/ZN
 _37292_/Z
 _37293_/ZN
 _37294_/ZN
 _37295_/ZN
 _37296_/ZN
 _37297_/ZN
 _37298_/ZN
 _37299_/Z
 _37300_/ZN
 _37301_/ZN
 _37302_/ZN
 _37303_/ZN
 _37304_/ZN
 _37305_/ZN
 _37306_/Z
 _37307_/ZN
 _37308_/ZN
 _37309_/ZN
 _37310_/ZN
 _37311_/ZN
 _37312_/ZN
 _37313_/Z
 _37314_/ZN
 _37315_/ZN
 _37316_/ZN
 _37317_/ZN
 _37318_/ZN
 _37319_/ZN
 _37320_/Z
 _37321_/ZN
 _37322_/ZN
 _37323_/ZN
 _37324_/ZN
 _37325_/ZN
 _37326_/ZN
 _37327_/Z
 _37328_/ZN
 _37329_/ZN
 _37330_/ZN
 _37331_/ZN
 _37332_/ZN
 _37333_/ZN
 _37334_/Z
 _37335_/ZN
 _37336_/ZN
 _37337_/ZN
 _37338_/ZN
 _37339_/ZN
 _37340_/ZN
 _37341_/Z
 _37342_/ZN
 _37343_/Z
 _37344_/ZN
 _37345_/ZN
 _37346_/ZN
 _37347_/ZN
 _37348_/ZN
 _37349_/ZN
 _37350_/Z
 _37351_/ZN
 _37352_/ZN
 _37353_/ZN
 _37354_/ZN
 _37355_/ZN
 _37356_/Z
 _37357_/ZN
 _37358_/ZN
 _37359_/ZN
 _37360_/Z
 _37361_/ZN
 _37362_/ZN
 _37363_/ZN
 _37364_/Z
 _37365_/ZN
 _37366_/ZN
 _37367_/ZN
 _37368_/ZN
 _37369_/ZN
 _37370_/ZN
 _37371_/Z
 _37372_/ZN
 _37373_/ZN
 _37374_/ZN
 _37375_/ZN
 _37376_/ZN
 _37377_/ZN
 _37378_/ZN
 _37379_/ZN
 _37380_/ZN
 _37381_/ZN
 _37382_/ZN
 _37383_/ZN
 _37384_/ZN
 _37385_/ZN
 _37386_/ZN
 _37387_/ZN
 _37388_/ZN
 _37389_/ZN
 _37390_/ZN
 _37391_/ZN
 _37392_/ZN
 _37393_/ZN
 _37394_/ZN
 _37395_/ZN
 _37396_/ZN
 _37397_/ZN
 _37398_/ZN
 _37399_/ZN
 _37400_/ZN
 _37401_/ZN
 _37402_/ZN
 _37403_/ZN
 _37404_/ZN
 _37405_/ZN
 _37406_/ZN
 _37407_/ZN
 _37408_/ZN
 _37409_/ZN
 _37410_/ZN
 _37411_/ZN
 _37412_/ZN
 _37413_/ZN
 _37414_/ZN
 _37415_/ZN
 _37416_/ZN
 _37417_/ZN
 _37418_/ZN
 _37419_/ZN
 _37420_/ZN
 _37421_/ZN
 _37422_/ZN
 _37423_/ZN
 _37424_/ZN
 _37425_/ZN
 _37426_/ZN
 _37427_/ZN
 _37428_/ZN
 _37429_/ZN
 _37430_/ZN
 _37431_/ZN
 _37432_/ZN
 _37433_/ZN
 _37434_/ZN
 _37435_/ZN
 _37436_/ZN
 _37437_/ZN
 _37438_/ZN
 _37439_/ZN
 _37440_/ZN
 _37441_/ZN
 _37442_/Z
 _37443_/Z
 _37444_/ZN
 _37445_/ZN
 _37446_/ZN
 _37447_/Z
 _37448_/ZN
 _37449_/ZN
 _37450_/ZN
 _37451_/ZN
 _37452_/ZN
 _37453_/ZN
 _37454_/ZN
 _37455_/ZN
 _37456_/ZN
 _37457_/ZN
 _37458_/ZN
 _37459_/ZN
 _37460_/ZN
 _37461_/ZN
 _37462_/ZN
 _37463_/ZN
 _37464_/ZN
 _37465_/ZN
 _37466_/ZN
 _37467_/ZN
 _37468_/ZN
 _37469_/ZN
 _37470_/ZN
 _37471_/ZN
 _37472_/ZN
 _37473_/ZN
 _37474_/ZN
 _37475_/ZN
 _37476_/ZN
 _37477_/ZN
 _37478_/ZN
 _37479_/ZN
 _37480_/ZN
 _37481_/ZN
 _37482_/ZN
 _37483_/ZN
 _37484_/ZN
 _37485_/ZN
 _37486_/ZN
 _37487_/ZN
 _37488_/ZN
 _37489_/ZN
 _37490_/ZN
 _37491_/ZN
 _37492_/ZN
 _37493_/ZN
 _37494_/ZN
 _37495_/ZN
 _37496_/ZN
 _37497_/ZN
 _37498_/ZN
 _37499_/ZN
 _37500_/ZN
 _37501_/ZN
 _37502_/ZN
 _37503_/ZN
 _37504_/ZN
 _37505_/ZN
 _37506_/ZN
 _37507_/ZN
 _37508_/ZN
 _37509_/ZN
 _37510_/ZN
 _37511_/ZN
 _37512_/ZN
 _37513_/ZN
 _37514_/ZN
 _37515_/ZN
 _37516_/ZN
 _37517_/ZN
 _37518_/ZN
 _37519_/ZN
 _37520_/ZN
 _37521_/ZN
 _37522_/ZN
 _37523_/ZN
 _37524_/ZN
 _37525_/Z
 _37526_/ZN
 _37527_/ZN
 _37528_/ZN
 _37529_/Z
 _37530_/ZN
 _37531_/ZN
 _37532_/ZN
 _37533_/ZN
 _37534_/ZN
 _37535_/ZN
 _37536_/ZN
 _37537_/ZN
 _37538_/ZN
 _37539_/Z
 _37540_/ZN
 _37541_/ZN
 _37542_/ZN
 _37543_/ZN
 _37544_/ZN
 _37545_/ZN
 _37546_/ZN
 _37547_/ZN
 _37548_/ZN
 _37549_/ZN
 _37550_/ZN
 _37551_/ZN
 _37552_/ZN
 _37553_/ZN
 _37554_/ZN
 _37555_/ZN
 _37556_/ZN
 _37557_/ZN
 _37558_/ZN
 _37559_/ZN
 _37560_/ZN
 _37561_/ZN
 _37562_/ZN
 _37563_/ZN
 _37564_/ZN
 _37565_/ZN
 _37566_/ZN
 _37567_/ZN
 _37568_/ZN
 _37569_/ZN
 _37570_/ZN
 _37571_/ZN
 _37572_/ZN
 _37573_/ZN
 _37574_/ZN
 _37575_/ZN
 _37576_/ZN
 _37577_/ZN
 _37578_/ZN
 _37579_/ZN
 _37580_/ZN
 _37581_/ZN
 _37582_/ZN
 _37583_/ZN
 _37584_/ZN
 _37585_/ZN
 _37586_/ZN
 _37587_/ZN
 _37588_/ZN
 _37589_/ZN
 _37590_/ZN
 _37591_/ZN
 _37592_/ZN
 _37593_/ZN
 _37594_/ZN
 _37595_/ZN
 _37596_/ZN
 _37597_/ZN
 _37598_/ZN
 _37599_/ZN
 _37600_/ZN
 _37601_/ZN
 _37602_/ZN
 _37603_/ZN
 _37604_/ZN
 _37605_/ZN
 _37606_/ZN
 _37607_/ZN
 _37608_/ZN
 _37609_/ZN
 _37610_/Z
 _37611_/ZN
 _37612_/ZN
 _37613_/ZN
 _37614_/Z
 _37615_/ZN
 _37616_/ZN
 _37617_/ZN
 _37618_/ZN
 _37619_/ZN
 _37620_/ZN
 _37621_/ZN
 _37622_/ZN
 _37623_/ZN
 _37624_/ZN
 _37625_/ZN
 _37626_/ZN
 _37627_/Z
 _37628_/ZN
 _37629_/ZN
 _37630_/ZN
 _37631_/ZN
 _37632_/ZN
 _37633_/ZN
 _37634_/ZN
 _37635_/ZN
 _37636_/ZN
 _37637_/ZN
 _37638_/ZN
 _37639_/ZN
 _37640_/ZN
 _37641_/ZN
 _37642_/ZN
 _37643_/ZN
 _37644_/ZN
 _37645_/ZN
 _37646_/ZN
 _37647_/ZN
 _37648_/ZN
 _37649_/ZN
 _37650_/ZN
 _37651_/ZN
 _37652_/ZN
 _37653_/ZN
 _37654_/ZN
 _37655_/ZN
 _37656_/ZN
 _37657_/ZN
 _37658_/ZN
 _37659_/ZN
 _37660_/ZN
 _37661_/ZN
 _37662_/ZN
 _37663_/ZN
 _37664_/ZN
 _37665_/ZN
 _37666_/ZN
 _37667_/ZN
 _37668_/ZN
 _37669_/ZN
 _37670_/ZN
 _37671_/ZN
 _37672_/ZN
 _37673_/ZN
 _37674_/ZN
 _37675_/ZN
 _37676_/ZN
 _37677_/ZN
 _37678_/ZN
 _37679_/ZN
 _37680_/ZN
 _37681_/ZN
 _37682_/ZN
 _37683_/ZN
 _37684_/ZN
 _37685_/ZN
 _37686_/ZN
 _37687_/ZN
 _37688_/ZN
 _37689_/ZN
 _37690_/ZN
 _37691_/ZN
 _37692_/ZN
 _37693_/Z
 _37694_/ZN
 _37695_/ZN
 _37696_/ZN
 _37697_/Z
 _37698_/ZN
 _37699_/ZN
 _37700_/ZN
 _37701_/ZN
 _37702_/ZN
 _37703_/ZN
 _37704_/ZN
 _37705_/ZN
 _37706_/ZN
 _37707_/ZN
 _37708_/ZN
 _37709_/ZN
 _37710_/ZN
 _37711_/ZN
 _37712_/ZN
 _37713_/ZN
 _37714_/ZN
 _37715_/ZN
 _37716_/ZN
 _37717_/ZN
 _37718_/ZN
 _37719_/ZN
 _37720_/ZN
 _37721_/ZN
 _37722_/Z
 _37723_/ZN
 _37724_/ZN
 _37725_/ZN
 _37726_/ZN
 _37727_/ZN
 _37728_/ZN
 _37729_/ZN
 _37730_/ZN
 _37731_/ZN
 _37732_/ZN
 _37733_/ZN
 _37734_/ZN
 _37735_/ZN
 _37736_/ZN
 _37737_/ZN
 _37738_/ZN
 _37739_/ZN
 _37740_/ZN
 _37741_/ZN
 _37742_/ZN
 _37743_/ZN
 _37744_/ZN
 _37745_/ZN
 _37746_/ZN
 _37747_/ZN
 _37748_/ZN
 _37749_/ZN
 _37750_/ZN
 _37751_/ZN
 _37752_/ZN
 _37753_/ZN
 _37754_/ZN
 _37755_/ZN
 _37756_/ZN
 _37757_/ZN
 _37758_/ZN
 _37759_/ZN
 _37760_/ZN
 _37761_/ZN
 _37762_/ZN
 _37763_/ZN
 _37764_/ZN
 _37765_/ZN
 _37766_/ZN
 _37767_/ZN
 _37768_/ZN
 _37769_/ZN
 _37770_/ZN
 _37771_/ZN
 _37772_/ZN
 _37773_/ZN
 _37774_/ZN
 _37775_/ZN
 _37776_/ZN
 _37777_/ZN
 _37778_/Z
 _37779_/ZN
 _37780_/ZN
 _37781_/ZN
 _37782_/Z
 _37783_/ZN
 _37784_/ZN
 _37785_/ZN
 _37786_/ZN
 _37787_/ZN
 _37788_/ZN
 _37789_/ZN
 _37790_/ZN
 _37791_/ZN
 _37792_/ZN
 _37793_/ZN
 _37794_/ZN
 _37795_/ZN
 _37796_/ZN
 _37797_/ZN
 _37798_/ZN
 _37799_/ZN
 _37800_/ZN
 _37801_/ZN
 _37802_/ZN
 _37803_/ZN
 _37804_/ZN
 _37805_/ZN
 _37806_/ZN
 _37807_/ZN
 _37808_/ZN
 _37809_/ZN
 _37810_/ZN
 _37811_/ZN
 _37812_/ZN
 _37813_/ZN
 _37814_/ZN
 _37815_/Z
 _37816_/ZN
 _37817_/ZN
 _37818_/ZN
 _37819_/ZN
 _37820_/ZN
 _37821_/ZN
 _37822_/ZN
 _37823_/ZN
 _37824_/ZN
 _37825_/ZN
 _37826_/ZN
 _37827_/ZN
 _37828_/ZN
 _37829_/ZN
 _37830_/ZN
 _37831_/ZN
 _37832_/ZN
 _37833_/ZN
 _37834_/ZN
 _37835_/ZN
 _37836_/ZN
 _37837_/ZN
 _37838_/ZN
 _37839_/ZN
 _37840_/ZN
 _37841_/ZN
 _37842_/ZN
 _37843_/ZN
 _37844_/ZN
 _37845_/ZN
 _37846_/ZN
 _37847_/ZN
 _37848_/ZN
 _37849_/ZN
 _37850_/ZN
 _37851_/ZN
 _37852_/ZN
 _37853_/ZN
 _37854_/ZN
 _37855_/ZN
 _37856_/ZN
 _37857_/ZN
 _37858_/ZN
 _37859_/ZN
 _37860_/ZN
 _37861_/Z
 _37862_/ZN
 _37863_/ZN
 _37864_/ZN
 _37865_/Z
 _37866_/ZN
 _37867_/ZN
 _37868_/ZN
 _37869_/ZN
 _37870_/ZN
 _37871_/ZN
 _37872_/ZN
 _37873_/ZN
 _37874_/ZN
 _37875_/ZN
 _37876_/ZN
 _37877_/ZN
 _37878_/ZN
 _37879_/ZN
 _37880_/ZN
 _37881_/ZN
 _37882_/ZN
 _37883_/ZN
 _37884_/ZN
 _37885_/ZN
 _37886_/ZN
 _37887_/ZN
 _37888_/ZN
 _37889_/ZN
 _37890_/ZN
 _37891_/ZN
 _37892_/ZN
 _37893_/ZN
 _37894_/ZN
 _37895_/ZN
 _37896_/ZN
 _37897_/ZN
 _37898_/ZN
 _37899_/ZN
 _37900_/ZN
 _37901_/ZN
 _37902_/ZN
 _37903_/ZN
 _37904_/ZN
 _37905_/ZN
 _37906_/ZN
 _37907_/ZN
 _37908_/ZN
 _37909_/Z
 _37910_/ZN
 _37911_/ZN
 _37912_/ZN
 _37913_/ZN
 _37914_/ZN
 _37915_/ZN
 _37916_/ZN
 _37917_/ZN
 _37918_/ZN
 _37919_/ZN
 _37920_/ZN
 _37921_/ZN
 _37922_/ZN
 _37923_/ZN
 _37924_/ZN
 _37925_/ZN
 _37926_/ZN
 _37927_/ZN
 _37928_/ZN
 _37929_/ZN
 _37930_/ZN
 _37931_/ZN
 _37932_/ZN
 _37933_/ZN
 _37934_/ZN
 _37935_/ZN
 _37936_/ZN
 _37937_/ZN
 _37938_/ZN
 _37939_/ZN
 _37940_/ZN
 _37941_/ZN
 _37942_/ZN
 _37943_/ZN
 _37944_/ZN
 _37945_/Z
 _37946_/ZN
 _37947_/ZN
 _37948_/ZN
 _37949_/Z
 _37950_/ZN
 _37951_/ZN
 _37952_/ZN
 _37953_/ZN
 _37954_/ZN
 _37955_/ZN
 _37956_/ZN
 _37957_/ZN
 _37958_/ZN
 _37959_/ZN
 _37960_/ZN
 _37961_/ZN
 _37962_/ZN
 _37963_/ZN
 _37964_/ZN
 _37965_/ZN
 _37966_/ZN
 _37967_/ZN
 _37968_/ZN
 _37969_/ZN
 _37970_/ZN
 _37971_/ZN
 _37972_/ZN
 _37973_/ZN
 _37974_/ZN
 _37975_/ZN
 _37976_/ZN
 _37977_/ZN
 _37978_/ZN
 _37979_/ZN
 _37980_/ZN
 _37981_/ZN
 _37982_/ZN
 _37983_/ZN
 _37984_/ZN
 _37985_/ZN
 _37986_/ZN
 _37987_/ZN
 _37988_/ZN
 _37989_/ZN
 _37990_/ZN
 _37991_/ZN
 _37992_/ZN
 _37993_/ZN
 _37994_/ZN
 _37995_/ZN
 _37996_/ZN
 _37997_/ZN
 _37998_/ZN
 _37999_/ZN
 _38000_/ZN
 _38001_/ZN
 _38002_/Z
 _38003_/ZN
 _38004_/ZN
 _38005_/ZN
 _38006_/ZN
 _38007_/ZN
 _38008_/ZN
 _38009_/ZN
 _38010_/ZN
 _38011_/ZN
 _38012_/ZN
 _38013_/ZN
 _38014_/ZN
 _38015_/ZN
 _38016_/ZN
 _38017_/ZN
 _38018_/ZN
 _38019_/ZN
 _38020_/ZN
 _38021_/ZN
 _38022_/ZN
 _38023_/ZN
 _38024_/ZN
 _38025_/ZN
 _38026_/ZN
 _38027_/ZN
 _38028_/Z
 _38029_/ZN
 _38030_/ZN
 _38031_/ZN
 _38032_/Z
 _38033_/ZN
 _38034_/ZN
 _38035_/ZN
 _38036_/ZN
 _38037_/ZN
 _38038_/ZN
 _38039_/ZN
 _38040_/ZN
 _38041_/ZN
 _38042_/ZN
 _38043_/ZN
 _38044_/ZN
 _38045_/ZN
 _38046_/ZN
 _38047_/ZN
 _38048_/ZN
 _38049_/ZN
 _38050_/ZN
 _38051_/ZN
 _38052_/ZN
 _38053_/ZN
 _38054_/ZN
 _38055_/Z
 _38056_/ZN
 _38057_/ZN
 _38058_/ZN
 _38059_/ZN
 _38060_/ZN
 _38061_/ZN
 _38062_/ZN
 _38063_/ZN
 _38064_/ZN
 _38065_/ZN
 _38066_/ZN
 _38067_/ZN
 _38068_/ZN
 _38069_/ZN
 _38070_/ZN
 _38071_/ZN
 _38072_/ZN
 _38073_/ZN
 _38074_/ZN
 _38075_/ZN
 _38076_/ZN
 _38077_/ZN
 _38078_/ZN
 _38079_/ZN
 _38080_/ZN
 _38081_/ZN
 _38082_/ZN
 _38083_/ZN
 _38084_/ZN
 _38085_/ZN
 _38086_/ZN
 _38087_/ZN
 _38088_/ZN
 _38089_/ZN
 _38090_/ZN
 _38091_/ZN
 _38092_/ZN
 _38093_/ZN
 _38094_/Z
 _38095_/ZN
 _38096_/ZN
 _38097_/ZN
 _38098_/ZN
 _38099_/ZN
 _38100_/ZN
 _38101_/ZN
 _38102_/ZN
 _38103_/ZN
 _38104_/ZN
 _38105_/ZN
 _38106_/ZN
 _38107_/ZN
 _38108_/ZN
 _38109_/ZN
 _38110_/ZN
 _38111_/ZN
 _38112_/ZN
 _38113_/ZN
 _38114_/ZN
 _38115_/Z
 _38116_/ZN
 _38117_/ZN
 _38118_/ZN
 _38119_/Z
 _38120_/ZN
 _38121_/ZN
 _38122_/ZN
 _38123_/ZN
 _38124_/ZN
 _38125_/ZN
 _38126_/ZN
 _38127_/ZN
 _38128_/ZN
 _38129_/ZN
 _38130_/ZN
 _38131_/ZN
 _38132_/ZN
 _38133_/ZN
 _38134_/ZN
 _38135_/ZN
 _38136_/ZN
 _38137_/ZN
 _38138_/ZN
 _38139_/ZN
 _38140_/ZN
 _38141_/ZN
 _38142_/ZN
 _38143_/ZN
 _38144_/ZN
 _38145_/ZN
 _38146_/ZN
 _38147_/ZN
 _38148_/ZN
 _38149_/ZN
 _38150_/ZN
 _38151_/ZN
 _38152_/ZN
 _38153_/ZN
 _38154_/ZN
 _38155_/ZN
 _38156_/ZN
 _38157_/ZN
 _38158_/ZN
 _38159_/ZN
 _38160_/ZN
 _38161_/ZN
 _38162_/ZN
 _38163_/ZN
 _38164_/ZN
 _38165_/ZN
 _38166_/ZN
 _38167_/ZN
 _38168_/ZN
 _38169_/ZN
 _38170_/ZN
 _38171_/ZN
 _38172_/ZN
 _38173_/ZN
 _38174_/ZN
 _38175_/ZN
 _38176_/ZN
 _38177_/ZN
 _38178_/ZN
 _38179_/ZN
 _38180_/ZN
 _38181_/ZN
 _38182_/ZN
 _38183_/ZN
 _38184_/ZN
 _38185_/ZN
 _38186_/ZN
 _38187_/Z
 _38188_/ZN
 _38189_/ZN
 _38190_/ZN
 _38191_/ZN
 _38192_/ZN
 _38193_/ZN
 _38194_/ZN
 _38195_/ZN
 _38196_/ZN
 _38197_/ZN
 _38198_/Z
 _38199_/ZN
 _38200_/ZN
 _38201_/ZN
 _38202_/Z
 _38203_/ZN
 _38204_/ZN
 _38205_/ZN
 _38206_/ZN
 _38207_/ZN
 _38208_/ZN
 _38209_/ZN
 _38210_/ZN
 _38211_/ZN
 _38212_/ZN
 _38213_/ZN
 _38214_/ZN
 _38215_/ZN
 _38216_/ZN
 _38217_/ZN
 _38218_/ZN
 _38219_/ZN
 _38220_/ZN
 _38221_/ZN
 _38222_/ZN
 _38223_/ZN
 _38224_/ZN
 _38225_/ZN
 _38226_/ZN
 _38227_/ZN
 _38228_/ZN
 _38229_/ZN
 _38230_/ZN
 _38231_/ZN
 _38232_/ZN
 _38233_/ZN
 _38234_/ZN
 _38235_/ZN
 _38236_/ZN
 _38237_/ZN
 _38238_/ZN
 _38239_/ZN
 _38240_/ZN
 _38241_/ZN
 _38242_/ZN
 _38243_/ZN
 _38244_/ZN
 _38245_/ZN
 _38246_/ZN
 _38247_/ZN
 _38248_/ZN
 _38249_/ZN
 _38250_/ZN
 _38251_/ZN
 _38252_/ZN
 _38253_/ZN
 _38254_/ZN
 _38255_/ZN
 _38256_/ZN
 _38257_/ZN
 _38258_/ZN
 _38259_/ZN
 _38260_/ZN
 _38261_/ZN
 _38262_/ZN
 _38263_/ZN
 _38264_/ZN
 _38265_/ZN
 _38266_/ZN
 _38267_/ZN
 _38268_/ZN
 _38269_/ZN
 _38270_/ZN
 _38271_/ZN
 _38272_/ZN
 _38273_/ZN
 _38274_/ZN
 _38275_/ZN
 _38276_/Z
 _38277_/ZN
 _38278_/ZN
 _38279_/ZN
 _38280_/ZN
 _38281_/ZN
 _38282_/Z
 _38283_/ZN
 _38284_/ZN
 _38285_/ZN
 _38286_/Z
 _38287_/ZN
 _38288_/ZN
 _38289_/ZN
 _38290_/ZN
 _38291_/ZN
 _38292_/ZN
 _38293_/ZN
 _38294_/ZN
 _38295_/ZN
 _38296_/ZN
 _38297_/ZN
 _38298_/ZN
 _38299_/ZN
 _38300_/ZN
 _38301_/ZN
 _38302_/ZN
 _38303_/ZN
 _38304_/ZN
 _38305_/ZN
 _38306_/ZN
 _38307_/ZN
 _38308_/ZN
 _38309_/ZN
 _38310_/ZN
 _38311_/ZN
 _38312_/ZN
 _38313_/ZN
 _38314_/ZN
 _38315_/ZN
 _38316_/ZN
 _38317_/ZN
 _38318_/ZN
 _38319_/ZN
 _38320_/ZN
 _38321_/ZN
 _38322_/ZN
 _38323_/ZN
 _38324_/ZN
 _38325_/ZN
 _38326_/ZN
 _38327_/ZN
 _38328_/ZN
 _38329_/ZN
 _38330_/ZN
 _38331_/ZN
 _38332_/ZN
 _38333_/ZN
 _38334_/ZN
 _38335_/ZN
 _38336_/ZN
 _38337_/ZN
 _38338_/ZN
 _38339_/ZN
 _38340_/ZN
 _38341_/ZN
 _38342_/ZN
 _38343_/ZN
 _38344_/ZN
 _38345_/ZN
 _38346_/ZN
 _38347_/ZN
 _38348_/ZN
 _38349_/ZN
 _38350_/ZN
 _38351_/ZN
 _38352_/ZN
 _38353_/ZN
 _38354_/ZN
 _38355_/ZN
 _38356_/ZN
 _38357_/ZN
 _38358_/ZN
 _38359_/ZN
 _38360_/ZN
 _38361_/ZN
 _38362_/ZN
 _38363_/ZN
 _38364_/Z
 _38365_/ZN
 _38366_/ZN
 _38367_/ZN
 _38368_/Z
 _38369_/ZN
 _38370_/ZN
 _38371_/ZN
 _38372_/ZN
 _38373_/ZN
 _38374_/ZN
 _38375_/ZN
 _38376_/Z
 _38377_/ZN
 _38378_/ZN
 _38379_/ZN
 _38380_/ZN
 _38381_/ZN
 _38382_/ZN
 _38383_/ZN
 _38384_/ZN
 _38385_/ZN
 _38386_/ZN
 _38387_/ZN
 _38388_/ZN
 _38389_/ZN
 _38390_/ZN
 _38391_/ZN
 _38392_/ZN
 _38393_/ZN
 _38394_/ZN
 _38395_/ZN
 _38396_/ZN
 _38397_/ZN
 _38398_/ZN
 _38399_/ZN
 _38400_/ZN
 _38401_/ZN
 _38402_/ZN
 _38403_/ZN
 _38404_/ZN
 _38405_/ZN
 _38406_/ZN
 _38407_/ZN
 _38408_/ZN
 _38409_/ZN
 _38410_/ZN
 _38411_/ZN
 _38412_/ZN
 _38413_/ZN
 _38414_/ZN
 _38415_/ZN
 _38416_/ZN
 _38417_/ZN
 _38418_/ZN
 _38419_/ZN
 _38420_/ZN
 _38421_/ZN
 _38422_/ZN
 _38423_/ZN
 _38424_/ZN
 _38425_/ZN
 _38426_/ZN
 _38427_/ZN
 _38428_/ZN
 _38429_/ZN
 _38430_/ZN
 _38431_/ZN
 _38432_/ZN
 _38433_/ZN
 _38434_/ZN
 _38435_/ZN
 _38436_/ZN
 _38437_/ZN
 _38438_/ZN
 _38439_/ZN
 _38440_/ZN
 _38441_/ZN
 _38442_/ZN
 _38443_/ZN
 _38444_/ZN
 _38445_/ZN
 _38446_/ZN
 _38447_/Z
 _38448_/ZN
 _38449_/ZN
 _38450_/ZN
 _38451_/Z
 _38452_/ZN
 _38453_/ZN
 _38454_/ZN
 _38455_/ZN
 _38456_/ZN
 _38457_/ZN
 _38458_/ZN
 _38459_/ZN
 _38460_/ZN
 _38461_/ZN
 _38462_/ZN
 _38463_/ZN
 _38464_/ZN
 _38465_/ZN
 _38466_/ZN
 _38467_/ZN
 _38468_/ZN
 _38469_/ZN
 _38470_/ZN
 _38471_/Z
 _38472_/ZN
 _38473_/ZN
 _38474_/ZN
 _38475_/ZN
 _38476_/ZN
 _38477_/ZN
 _38478_/ZN
 _38479_/ZN
 _38480_/ZN
 _38481_/ZN
 _38482_/ZN
 _38483_/ZN
 _38484_/ZN
 _38485_/ZN
 _38486_/ZN
 _38487_/ZN
 _38488_/ZN
 _38489_/ZN
 _38490_/ZN
 _38491_/ZN
 _38492_/ZN
 _38493_/ZN
 _38494_/ZN
 _38495_/ZN
 _38496_/ZN
 _38497_/ZN
 _38498_/ZN
 _38499_/ZN
 _38500_/ZN
 _38501_/ZN
 _38502_/ZN
 _38503_/ZN
 _38504_/ZN
 _38505_/ZN
 _38506_/ZN
 _38507_/ZN
 _38508_/ZN
 _38509_/ZN
 _38510_/ZN
 _38511_/ZN
 _38512_/ZN
 _38513_/ZN
 _38514_/ZN
 _38515_/ZN
 _38516_/ZN
 _38517_/ZN
 _38518_/ZN
 _38519_/ZN
 _38520_/ZN
 _38521_/ZN
 _38522_/ZN
 _38523_/Z
 _38524_/ZN
 _38525_/ZN
 _38526_/ZN
 _38527_/ZN
 _38528_/ZN
 _38529_/ZN
 _38530_/ZN
 _38531_/ZN
 _38532_/ZN
 _38533_/ZN
 _38534_/Z
 _38535_/Z
 _38536_/ZN
 _38537_/ZN
 _38538_/ZN
 _38539_/Z
 _38540_/Z
 _38541_/ZN
 _38542_/ZN
 _38543_/ZN
 _38544_/ZN
 _38545_/ZN
 _38546_/ZN
 _38547_/ZN
 _38548_/ZN
 _38549_/ZN
 _38550_/ZN
 _38551_/ZN
 _38552_/ZN
 _38553_/ZN
 _38554_/ZN
 _38555_/ZN
 _38556_/ZN
 _38557_/ZN
 _38558_/ZN
 _38559_/ZN
 _38560_/ZN
 _38561_/ZN
 _38562_/ZN
 _38563_/Z
 _38564_/ZN
 _38565_/ZN
 _38566_/ZN
 _38567_/ZN
 _38568_/ZN
 _38569_/ZN
 _38570_/ZN
 _38571_/ZN
 _38572_/ZN
 _38573_/ZN
 _38574_/ZN
 _38575_/ZN
 _38576_/ZN
 _38577_/ZN
 _38578_/ZN
 _38579_/ZN
 _38580_/ZN
 _38581_/ZN
 _38582_/ZN
 _38583_/ZN
 _38584_/ZN
 _38585_/ZN
 _38586_/ZN
 _38587_/ZN
 _38588_/ZN
 _38589_/ZN
 _38590_/ZN
 _38591_/ZN
 _38592_/ZN
 _38593_/ZN
 _38594_/ZN
 _38595_/ZN
 _38596_/ZN
 _38597_/ZN
 _38598_/ZN
 _38599_/ZN
 _38600_/ZN
 _38601_/ZN
 _38602_/ZN
 _38603_/ZN
 _38604_/ZN
 _38605_/ZN
 _38606_/ZN
 _38607_/ZN
 _38608_/ZN
 _38609_/ZN
 _38610_/ZN
 _38611_/ZN
 _38612_/ZN
 _38613_/ZN
 _38614_/ZN
 _38615_/ZN
 _38616_/ZN
 _38617_/ZN
 _38618_/ZN
 _38619_/Z
 _38620_/ZN
 _38621_/ZN
 _38622_/ZN
 _38623_/Z
 _38624_/ZN
 _38625_/ZN
 _38626_/ZN
 _38627_/ZN
 _38628_/ZN
 _38629_/ZN
 _38630_/ZN
 _38631_/ZN
 _38632_/ZN
 _38633_/ZN
 _38634_/ZN
 _38635_/ZN
 _38636_/ZN
 _38637_/ZN
 _38638_/ZN
 _38639_/ZN
 _38640_/ZN
 _38641_/ZN
 _38642_/ZN
 _38643_/ZN
 _38644_/ZN
 _38645_/ZN
 _38646_/ZN
 _38647_/ZN
 _38648_/ZN
 _38649_/ZN
 _38650_/ZN
 _38651_/ZN
 _38652_/ZN
 _38653_/ZN
 _38654_/ZN
 _38655_/ZN
 _38656_/ZN
 _38657_/ZN
 _38658_/Z
 _38659_/ZN
 _38660_/ZN
 _38661_/ZN
 _38662_/ZN
 _38663_/ZN
 _38664_/ZN
 _38665_/ZN
 _38666_/ZN
 _38667_/ZN
 _38668_/ZN
 _38669_/ZN
 _38670_/ZN
 _38671_/ZN
 _38672_/ZN
 _38673_/ZN
 _38674_/ZN
 _38675_/ZN
 _38676_/ZN
 _38677_/ZN
 _38678_/ZN
 _38679_/ZN
 _38680_/ZN
 _38681_/ZN
 _38682_/ZN
 _38683_/ZN
 _38684_/ZN
 _38685_/ZN
 _38686_/ZN
 _38687_/ZN
 _38688_/ZN
 _38689_/ZN
 _38690_/ZN
 _38691_/ZN
 _38692_/ZN
 _38693_/ZN
 _38694_/ZN
 _38695_/ZN
 _38696_/ZN
 _38697_/ZN
 _38698_/ZN
 _38699_/ZN
 _38700_/ZN
 _38701_/ZN
 _38702_/ZN
 _38703_/ZN
 _38704_/Z
 _38705_/ZN
 _38706_/ZN
 _38707_/ZN
 _38708_/Z
 _38709_/ZN
 _38710_/ZN
 _38711_/ZN
 _38712_/ZN
 _38713_/ZN
 _38714_/ZN
 _38715_/ZN
 _38716_/ZN
 _38717_/ZN
 _38718_/ZN
 _38719_/ZN
 _38720_/ZN
 _38721_/ZN
 _38722_/ZN
 _38723_/ZN
 _38724_/ZN
 _38725_/ZN
 _38726_/ZN
 _38727_/ZN
 _38728_/ZN
 _38729_/ZN
 _38730_/ZN
 _38731_/ZN
 _38732_/ZN
 _38733_/ZN
 _38734_/ZN
 _38735_/ZN
 _38736_/ZN
 _38737_/ZN
 _38738_/ZN
 _38739_/ZN
 _38740_/ZN
 _38741_/ZN
 _38742_/ZN
 _38743_/ZN
 _38744_/ZN
 _38745_/ZN
 _38746_/Z
 _38747_/ZN
 _38748_/ZN
 _38749_/ZN
 _38750_/ZN
 _38751_/ZN
 _38752_/ZN
 _38753_/ZN
 _38754_/ZN
 _38755_/ZN
 _38756_/ZN
 _38757_/ZN
 _38758_/ZN
 _38759_/ZN
 _38760_/ZN
 _38761_/ZN
 _38762_/ZN
 _38763_/ZN
 _38764_/ZN
 _38765_/ZN
 _38766_/ZN
 _38767_/ZN
 _38768_/ZN
 _38769_/ZN
 _38770_/ZN
 _38771_/ZN
 _38772_/ZN
 _38773_/ZN
 _38774_/ZN
 _38775_/ZN
 _38776_/ZN
 _38777_/ZN
 _38778_/ZN
 _38779_/ZN
 _38780_/ZN
 _38781_/ZN
 _38782_/ZN
 _38783_/ZN
 _38784_/ZN
 _38785_/ZN
 _38786_/ZN
 _38787_/Z
 _38788_/ZN
 _38789_/ZN
 _38790_/ZN
 _38791_/Z
 _38792_/ZN
 _38793_/ZN
 _38794_/ZN
 _38795_/ZN
 _38796_/ZN
 _38797_/ZN
 _38798_/ZN
 _38799_/ZN
 _38800_/ZN
 _38801_/ZN
 _38802_/ZN
 _38803_/ZN
 _38804_/ZN
 _38805_/ZN
 _38806_/ZN
 _38807_/ZN
 _38808_/ZN
 _38809_/ZN
 _38810_/ZN
 _38811_/ZN
 _38812_/ZN
 _38813_/ZN
 _38814_/ZN
 _38815_/ZN
 _38816_/ZN
 _38817_/ZN
 _38818_/ZN
 _38819_/ZN
 _38820_/ZN
 _38821_/ZN
 _38822_/ZN
 _38823_/ZN
 _38824_/ZN
 _38825_/ZN
 _38826_/ZN
 _38827_/ZN
 _38828_/ZN
 _38829_/ZN
 _38830_/ZN
 _38831_/ZN
 _38832_/ZN
 _38833_/ZN
 _38834_/ZN
 _38835_/ZN
 _38836_/ZN
 _38837_/ZN
 _38838_/ZN
 _38839_/ZN
 _38840_/ZN
 _38841_/Z
 _38842_/ZN
 _38843_/ZN
 _38844_/ZN
 _38845_/ZN
 _38846_/ZN
 _38847_/ZN
 _38848_/ZN
 _38849_/ZN
 _38850_/ZN
 _38851_/ZN
 _38852_/ZN
 _38853_/ZN
 _38854_/ZN
 _38855_/ZN
 _38856_/ZN
 _38857_/ZN
 _38858_/ZN
 _38859_/ZN
 _38860_/ZN
 _38861_/ZN
 _38862_/ZN
 _38863_/ZN
 _38864_/ZN
 _38865_/ZN
 _38866_/ZN
 _38867_/ZN
 _38868_/ZN
 _38869_/ZN
 _38870_/ZN
 _38871_/ZN
 _38872_/Z
 _38873_/ZN
 _38874_/ZN
 _38875_/ZN
 _38876_/Z
 _38877_/ZN
 _38878_/ZN
 _38879_/ZN
 _38880_/ZN
 _38881_/ZN
 _38882_/ZN
 _38883_/ZN
 _38884_/ZN
 _38885_/ZN
 _38886_/ZN
 _38887_/ZN
 _38888_/ZN
 _38889_/ZN
 _38890_/ZN
 _38891_/ZN
 _38892_/ZN
 _38893_/ZN
 _38894_/ZN
 _38895_/ZN
 _38896_/ZN
 _38897_/ZN
 _38898_/ZN
 _38899_/ZN
 _38900_/ZN
 _38901_/ZN
 _38902_/ZN
 _38903_/ZN
 _38904_/ZN
 _38905_/ZN
 _38906_/ZN
 _38907_/ZN
 _38908_/ZN
 _38909_/ZN
 _38910_/ZN
 _38911_/ZN
 _38912_/ZN
 _38913_/ZN
 _38914_/ZN
 _38915_/ZN
 _38916_/ZN
 _38917_/ZN
 _38918_/ZN
 _38919_/ZN
 _38920_/ZN
 _38921_/ZN
 _38922_/ZN
 _38923_/ZN
 _38924_/ZN
 _38925_/ZN
 _38926_/ZN
 _38927_/ZN
 _38928_/ZN
 _38929_/ZN
 _38930_/ZN
 _38931_/ZN
 _38932_/ZN
 _38933_/ZN
 _38934_/ZN
 _38935_/ZN
 _38936_/ZN
 _38937_/ZN
 _38938_/ZN
 _38939_/Z
 _38940_/ZN
 _38941_/ZN
 _38942_/ZN
 _38943_/ZN
 _38944_/ZN
 _38945_/ZN
 _38946_/ZN
 _38947_/ZN
 _38948_/ZN
 _38949_/ZN
 _38950_/ZN
 _38951_/ZN
 _38952_/ZN
 _38953_/ZN
 _38954_/ZN
 _38955_/Z
 _38956_/ZN
 _38957_/ZN
 _38958_/ZN
 _38959_/Z
 _38960_/ZN
 _38961_/ZN
 _38962_/ZN
 _38963_/ZN
 _38964_/ZN
 _38965_/ZN
 _38966_/ZN
 _38967_/ZN
 _38968_/ZN
 _38969_/ZN
 _38970_/ZN
 _38971_/ZN
 _38972_/ZN
 _38973_/ZN
 _38974_/ZN
 _38975_/ZN
 _38976_/ZN
 _38977_/ZN
 _38978_/ZN
 _38979_/ZN
 _38980_/ZN
 _38981_/ZN
 _38982_/ZN
 _38983_/ZN
 _38984_/ZN
 _38985_/ZN
 _38986_/ZN
 _38987_/ZN
 _38988_/ZN
 _38989_/ZN
 _38990_/ZN
 _38991_/ZN
 _38992_/ZN
 _38993_/ZN
 _38994_/ZN
 _38995_/ZN
 _38996_/ZN
 _38997_/ZN
 _38998_/ZN
 _38999_/ZN
 _39000_/ZN
 _39001_/ZN
 _39002_/ZN
 _39003_/ZN
 _39004_/ZN
 _39005_/ZN
 _39006_/ZN
 _39007_/ZN
 _39008_/ZN
 _39009_/ZN
 _39010_/ZN
 _39011_/ZN
 _39012_/ZN
 _39013_/ZN
 _39014_/ZN
 _39015_/ZN
 _39016_/ZN
 _39017_/ZN
 _39018_/ZN
 _39019_/ZN
 _39020_/ZN
 _39021_/ZN
 _39022_/ZN
 _39023_/ZN
 _39024_/ZN
 _39025_/ZN
 _39026_/ZN
 _39027_/ZN
 _39028_/Z
 _39029_/ZN
 _39030_/ZN
 _39031_/ZN
 _39032_/ZN
 _39033_/ZN
 _39034_/ZN
 _39035_/ZN
 _39036_/ZN
 _39037_/ZN
 _39038_/ZN
 _39039_/Z
 _39040_/ZN
 _39041_/ZN
 _39042_/ZN
 _39043_/Z
 _39044_/ZN
 _39045_/ZN
 _39046_/ZN
 _39047_/ZN
 _39048_/ZN
 _39049_/ZN
 _39050_/ZN
 _39051_/ZN
 _39052_/ZN
 _39053_/ZN
 _39054_/ZN
 _39055_/ZN
 _39056_/ZN
 _39057_/ZN
 _39058_/ZN
 _39059_/ZN
 _39060_/ZN
 _39061_/ZN
 _39062_/ZN
 _39063_/ZN
 _39064_/ZN
 _39065_/ZN
 _39066_/ZN
 _39067_/ZN
 _39068_/ZN
 _39069_/ZN
 _39070_/ZN
 _39071_/ZN
 _39072_/ZN
 _39073_/ZN
 _39074_/ZN
 _39075_/ZN
 _39076_/ZN
 _39077_/ZN
 _39078_/ZN
 _39079_/ZN
 _39080_/ZN
 _39081_/ZN
 _39082_/ZN
 _39083_/ZN
 _39084_/ZN
 _39085_/ZN
 _39086_/ZN
 _39087_/ZN
 _39088_/ZN
 _39089_/ZN
 _39090_/ZN
 _39091_/ZN
 _39092_/ZN
 _39093_/ZN
 _39094_/ZN
 _39095_/ZN
 _39096_/ZN
 _39097_/ZN
 _39098_/ZN
 _39099_/ZN
 _39100_/ZN
 _39101_/ZN
 _39102_/ZN
 _39103_/ZN
 _39104_/ZN
 _39105_/ZN
 _39106_/ZN
 _39107_/ZN
 _39108_/ZN
 _39109_/ZN
 _39110_/ZN
 _39111_/ZN
 _39112_/ZN
 _39113_/ZN
 _39114_/ZN
 _39115_/ZN
 _39116_/ZN
 _39117_/ZN
 _39118_/ZN
 _39119_/ZN
 _39120_/ZN
 _39121_/Z
 _39122_/Z
 _39123_/ZN
 _39124_/ZN
 _39125_/ZN
 _39126_/Z
 _39127_/ZN
 _39128_/ZN
 _39129_/ZN
 _39130_/ZN
 _39131_/ZN
 _39132_/ZN
 _39133_/ZN
 _39134_/ZN
 _39135_/ZN
 _39136_/ZN
 _39137_/ZN
 _39138_/ZN
 _39139_/ZN
 _39140_/ZN
 _39141_/ZN
 _39142_/ZN
 _39143_/ZN
 _39144_/ZN
 _39145_/ZN
 _39146_/ZN
 _39147_/ZN
 _39148_/ZN
 _39149_/ZN
 _39150_/ZN
 _39151_/ZN
 _39152_/ZN
 _39153_/ZN
 _39154_/ZN
 _39155_/ZN
 _39156_/ZN
 _39157_/ZN
 _39158_/ZN
 _39159_/ZN
 _39160_/ZN
 _39161_/ZN
 _39162_/ZN
 _39163_/ZN
 _39164_/ZN
 _39165_/ZN
 _39166_/ZN
 _39167_/ZN
 _39168_/ZN
 _39169_/ZN
 _39170_/ZN
 _39171_/ZN
 _39172_/ZN
 _39173_/ZN
 _39174_/ZN
 _39175_/ZN
 _39176_/ZN
 _39177_/ZN
 _39178_/ZN
 _39179_/ZN
 _39180_/ZN
 _39181_/ZN
 _39182_/ZN
 _39183_/ZN
 _39184_/ZN
 _39185_/ZN
 _39186_/ZN
 _39187_/ZN
 _39188_/ZN
 _39189_/ZN
 _39190_/ZN
 _39191_/ZN
 _39192_/ZN
 _39193_/ZN
 _39194_/ZN
 _39195_/ZN
 _39196_/ZN
 _39197_/ZN
 _39198_/ZN
 _39199_/ZN
 _39200_/ZN
 _39201_/ZN
 _39202_/ZN
 _39203_/ZN
 _39204_/Z
 _39205_/ZN
 _39206_/ZN
 _39207_/ZN
 _39208_/Z
 _39209_/ZN
 _39210_/ZN
 _39211_/ZN
 _39212_/Z
 _39213_/ZN
 _39214_/ZN
 _39215_/ZN
 _39216_/ZN
 _39217_/ZN
 _39218_/ZN
 _39219_/ZN
 _39220_/ZN
 _39221_/ZN
 _39222_/ZN
 _39223_/ZN
 _39224_/ZN
 _39225_/ZN
 _39226_/ZN
 _39227_/ZN
 _39228_/ZN
 _39229_/ZN
 _39230_/ZN
 _39231_/ZN
 _39232_/ZN
 _39233_/ZN
 _39234_/ZN
 _39235_/ZN
 _39236_/ZN
 _39237_/ZN
 _39238_/ZN
 _39239_/ZN
 _39240_/ZN
 _39241_/ZN
 _39242_/ZN
 _39243_/ZN
 _39244_/ZN
 _39245_/ZN
 _39246_/ZN
 _39247_/ZN
 _39248_/ZN
 _39249_/ZN
 _39250_/ZN
 _39251_/ZN
 _39252_/ZN
 _39253_/ZN
 _39254_/ZN
 _39255_/ZN
 _39256_/ZN
 _39257_/ZN
 _39258_/ZN
 _39259_/ZN
 _39260_/ZN
 _39261_/ZN
 _39262_/ZN
 _39263_/ZN
 _39264_/ZN
 _39265_/ZN
 _39266_/ZN
 _39267_/ZN
 _39268_/ZN
 _39269_/ZN
 _39270_/ZN
 _39271_/ZN
 _39272_/ZN
 _39273_/ZN
 _39274_/ZN
 _39275_/ZN
 _39276_/ZN
 _39277_/ZN
 _39278_/ZN
 _39279_/ZN
 _39280_/ZN
 _39281_/ZN
 _39282_/ZN
 _39283_/ZN
 _39284_/ZN
 _39285_/ZN
 _39286_/ZN
 _39287_/ZN
 _39288_/Z
 _39289_/ZN
 _39290_/ZN
 _39291_/ZN
 _39292_/Z
 _39293_/ZN
 _39294_/ZN
 _39295_/ZN
 _39296_/ZN
 _39297_/ZN
 _39298_/ZN
 _39299_/ZN
 _39300_/ZN
 _39301_/ZN
 _39302_/ZN
 _39303_/ZN
 _39304_/ZN
 _39305_/Z
 _39306_/ZN
 _39307_/ZN
 _39308_/ZN
 _39309_/ZN
 _39310_/ZN
 _39311_/ZN
 _39312_/ZN
 _39313_/ZN
 _39314_/ZN
 _39315_/ZN
 _39316_/ZN
 _39317_/ZN
 _39318_/ZN
 _39319_/ZN
 _39320_/ZN
 _39321_/ZN
 _39322_/ZN
 _39323_/ZN
 _39324_/ZN
 _39325_/ZN
 _39326_/ZN
 _39327_/ZN
 _39328_/ZN
 _39329_/ZN
 _39330_/ZN
 _39331_/ZN
 _39332_/ZN
 _39333_/ZN
 _39334_/ZN
 _39335_/ZN
 _39336_/ZN
 _39337_/ZN
 _39338_/ZN
 _39339_/ZN
 _39340_/ZN
 _39341_/ZN
 _39342_/ZN
 _39343_/ZN
 _39344_/ZN
 _39345_/ZN
 _39346_/ZN
 _39347_/ZN
 _39348_/ZN
 _39349_/ZN
 _39350_/ZN
 _39351_/ZN
 _39352_/ZN
 _39353_/ZN
 _39354_/ZN
 _39355_/ZN
 _39356_/ZN
 _39357_/ZN
 _39358_/ZN
 _39359_/ZN
 _39360_/ZN
 _39361_/ZN
 _39362_/ZN
 _39363_/ZN
 _39364_/ZN
 _39365_/ZN
 _39366_/ZN
 _39367_/ZN
 _39368_/ZN
 _39369_/ZN
 _39370_/ZN
 _39371_/Z
 _39372_/ZN
 _39373_/ZN
 _39374_/ZN
 _39375_/Z
 _39376_/ZN
 _39377_/ZN
 _39378_/ZN
 _39379_/ZN
 _39380_/ZN
 _39381_/ZN
 _39382_/ZN
 _39383_/ZN
 _39384_/ZN
 _39385_/ZN
 _39386_/ZN
 _39387_/ZN
 _39388_/ZN
 _39389_/ZN
 _39390_/ZN
 _39391_/ZN
 _39392_/ZN
 _39393_/ZN
 _39394_/ZN
 _39395_/ZN
 _39396_/ZN
 _39397_/ZN
 _39398_/ZN
 _39399_/Z
 _39400_/ZN
 _39401_/ZN
 _39402_/ZN
 _39403_/ZN
 _39404_/ZN
 _39405_/ZN
 _39406_/ZN
 _39407_/ZN
 _39408_/ZN
 _39409_/ZN
 _39410_/ZN
 _39411_/ZN
 _39412_/ZN
 _39413_/ZN
 _39414_/ZN
 _39415_/ZN
 _39416_/ZN
 _39417_/ZN
 _39418_/ZN
 _39419_/ZN
 _39420_/ZN
 _39421_/ZN
 _39422_/ZN
 _39423_/ZN
 _39424_/ZN
 _39425_/ZN
 _39426_/ZN
 _39427_/ZN
 _39428_/ZN
 _39429_/ZN
 _39430_/ZN
 _39431_/ZN
 _39432_/ZN
 _39433_/ZN
 _39434_/ZN
 _39435_/ZN
 _39436_/ZN
 _39437_/ZN
 _39438_/ZN
 _39439_/ZN
 _39440_/ZN
 _39441_/ZN
 _39442_/ZN
 _39443_/ZN
 _39444_/ZN
 _39445_/ZN
 _39446_/ZN
 _39447_/ZN
 _39448_/ZN
 _39449_/ZN
 _39450_/Z
 _39451_/ZN
 _39452_/ZN
 _39453_/ZN
 _39454_/ZN
 _39455_/ZN
 _39456_/Z
 _39457_/ZN
 _39458_/ZN
 _39459_/ZN
 _39460_/Z
 _39461_/ZN
 _39462_/ZN
 _39463_/ZN
 _39464_/ZN
 _39465_/ZN
 _39466_/ZN
 _39467_/ZN
 _39468_/ZN
 _39469_/ZN
 _39470_/ZN
 _39471_/ZN
 _39472_/ZN
 _39473_/ZN
 _39474_/ZN
 _39475_/ZN
 _39476_/ZN
 _39477_/ZN
 _39478_/ZN
 _39479_/ZN
 _39480_/ZN
 _39481_/ZN
 _39482_/ZN
 _39483_/ZN
 _39484_/ZN
 _39485_/ZN
 _39486_/ZN
 _39487_/ZN
 _39488_/Z
 _39489_/ZN
 _39490_/ZN
 _39491_/ZN
 _39492_/ZN
 _39493_/ZN
 _39494_/ZN
 _39495_/ZN
 _39496_/ZN
 _39497_/ZN
 _39498_/ZN
 _39499_/ZN
 _39500_/ZN
 _39501_/ZN
 _39502_/ZN
 _39503_/ZN
 _39504_/ZN
 _39505_/ZN
 _39506_/ZN
 _39507_/ZN
 _39508_/ZN
 _39509_/ZN
 _39510_/ZN
 _39511_/ZN
 _39512_/ZN
 _39513_/ZN
 _39514_/ZN
 _39515_/ZN
 _39516_/ZN
 _39517_/ZN
 _39518_/ZN
 _39519_/ZN
 _39520_/ZN
 _39521_/ZN
 _39522_/ZN
 _39523_/ZN
 _39524_/ZN
 _39525_/ZN
 _39526_/ZN
 _39527_/ZN
 _39528_/ZN
 _39529_/ZN
 _39530_/ZN
 _39531_/ZN
 _39532_/ZN
 _39533_/ZN
 _39534_/ZN
 _39535_/ZN
 _39536_/ZN
 _39537_/ZN
 _39538_/ZN
 _39539_/Z
 _39540_/ZN
 _39541_/ZN
 _39542_/ZN
 _39543_/Z
 _39544_/ZN
 _39545_/ZN
 _39546_/ZN
 _39547_/ZN
 _39548_/ZN
 _39549_/ZN
 _39550_/ZN
 _39551_/ZN
 _39552_/ZN
 _39553_/ZN
 _39554_/ZN
 _39555_/ZN
 _39556_/ZN
 _39557_/ZN
 _39558_/ZN
 _39559_/ZN
 _39560_/ZN
 _39561_/ZN
 _39562_/ZN
 _39563_/ZN
 _39564_/ZN
 _39565_/ZN
 _39566_/ZN
 _39567_/ZN
 _39568_/ZN
 _39569_/ZN
 _39570_/ZN
 _39571_/ZN
 _39572_/ZN
 _39573_/ZN
 _39574_/ZN
 _39575_/ZN
 _39576_/ZN
 _39577_/ZN
 _39578_/ZN
 _39579_/ZN
 _39580_/ZN
 _39581_/ZN
 _39582_/ZN
 _39583_/ZN
 _39584_/ZN
 _39585_/ZN
 _39586_/ZN
 _39587_/Z
 _39588_/ZN
 _39589_/ZN
 _39590_/ZN
 _39591_/ZN
 _39592_/ZN
 _39593_/ZN
 _39594_/ZN
 _39595_/ZN
 _39596_/ZN
 _39597_/ZN
 _39598_/ZN
 _39599_/ZN
 _39600_/ZN
 _39601_/ZN
 _39602_/ZN
 _39603_/ZN
 _39604_/ZN
 _39605_/ZN
 _39606_/ZN
 _39607_/ZN
 _39608_/ZN
 _39609_/ZN
 _39610_/ZN
 _39611_/ZN
 _39612_/ZN
 _39613_/ZN
 _39614_/ZN
 _39615_/ZN
 _39616_/ZN
 _39617_/ZN
 _39618_/ZN
 _39619_/ZN
 _39620_/ZN
 _39621_/ZN
 _39622_/ZN
 _39623_/Z
 _39624_/ZN
 _39625_/ZN
 _39626_/ZN
 _39627_/Z
 _39628_/ZN
 _39629_/ZN
 _39630_/ZN
 _39631_/ZN
 _39632_/ZN
 _39633_/ZN
 _39634_/ZN
 _39635_/ZN
 _39636_/ZN
 _39637_/ZN
 _39638_/ZN
 _39639_/ZN
 _39640_/ZN
 _39641_/ZN
 _39642_/ZN
 _39643_/ZN
 _39644_/ZN
 _39645_/ZN
 _39646_/ZN
 _39647_/ZN
 _39648_/ZN
 _39649_/ZN
 _39650_/ZN
 _39651_/ZN
 _39652_/ZN
 _39653_/ZN
 _39654_/ZN
 _39655_/ZN
 _39656_/ZN
 _39657_/ZN
 _39658_/ZN
 _39659_/ZN
 _39660_/ZN
 _39661_/ZN
 _39662_/ZN
 _39663_/ZN
 _39664_/ZN
 _39665_/ZN
 _39666_/ZN
 _39667_/ZN
 _39668_/ZN
 _39669_/ZN
 _39670_/ZN
 _39671_/ZN
 _39672_/ZN
 _39673_/ZN
 _39674_/ZN
 _39675_/Z
 _39676_/ZN
 _39677_/ZN
 _39678_/ZN
 _39679_/ZN
 _39680_/ZN
 _39681_/ZN
 _39682_/ZN
 _39683_/ZN
 _39684_/ZN
 _39685_/ZN
 _39686_/ZN
 _39687_/ZN
 _39688_/ZN
 _39689_/ZN
 _39690_/ZN
 _39691_/ZN
 _39692_/ZN
 _39693_/ZN
 _39694_/ZN
 _39695_/ZN
 _39696_/ZN
 _39697_/ZN
 _39698_/ZN
 _39699_/ZN
 _39700_/ZN
 _39701_/ZN
 _39702_/ZN
 _39703_/ZN
 _39704_/ZN
 _39705_/ZN
 _39706_/Z
 _39707_/ZN
 _39708_/ZN
 _39709_/ZN
 _39710_/Z
 _39711_/ZN
 _39712_/ZN
 _39713_/ZN
 _39714_/ZN
 _39715_/ZN
 _39716_/ZN
 _39717_/ZN
 _39718_/ZN
 _39719_/ZN
 _39720_/ZN
 _39721_/ZN
 _39722_/ZN
 _39723_/ZN
 _39724_/ZN
 _39725_/ZN
 _39726_/ZN
 _39727_/ZN
 _39728_/ZN
 _39729_/ZN
 _39730_/ZN
 _39731_/ZN
 _39732_/ZN
 _39733_/ZN
 _39734_/ZN
 _39735_/ZN
 _39736_/ZN
 _39737_/ZN
 _39738_/ZN
 _39739_/ZN
 _39740_/ZN
 _39741_/ZN
 _39742_/ZN
 _39743_/ZN
 _39744_/ZN
 _39745_/ZN
 _39746_/ZN
 _39747_/ZN
 _39748_/ZN
 _39749_/ZN
 _39750_/ZN
 _39751_/ZN
 _39752_/ZN
 _39753_/ZN
 _39754_/ZN
 _39755_/ZN
 _39756_/ZN
 _39757_/ZN
 _39758_/ZN
 _39759_/ZN
 _39760_/ZN
 _39761_/ZN
 _39762_/ZN
 _39763_/ZN
 _39764_/ZN
 _39765_/ZN
 _39766_/ZN
 _39767_/ZN
 _39768_/ZN
 _39769_/ZN
 _39770_/Z
 _39771_/ZN
 _39772_/ZN
 _39773_/ZN
 _39774_/ZN
 _39775_/ZN
 _39776_/ZN
 _39777_/ZN
 _39778_/ZN
 _39779_/ZN
 _39780_/ZN
 _39781_/ZN
 _39782_/ZN
 _39783_/ZN
 _39784_/ZN
 _39785_/ZN
 _39786_/ZN
 _39787_/ZN
 _39788_/ZN
 _39789_/ZN
 _39790_/ZN
 _39791_/Z
 _39792_/ZN
 _39793_/ZN
 _39794_/ZN
 _39795_/Z
 _39796_/ZN
 _39797_/ZN
 _39798_/ZN
 _39799_/ZN
 _39800_/ZN
 _39801_/ZN
 _39802_/ZN
 _39803_/ZN
 _39804_/ZN
 _39805_/ZN
 _39806_/ZN
 _39807_/ZN
 _39808_/ZN
 _39809_/ZN
 _39810_/ZN
 _39811_/ZN
 _39812_/ZN
 _39813_/ZN
 _39814_/ZN
 _39815_/ZN
 _39816_/ZN
 _39817_/ZN
 _39818_/ZN
 _39819_/ZN
 _39820_/ZN
 _39821_/ZN
 _39822_/ZN
 _39823_/ZN
 _39824_/ZN
 _39825_/ZN
 _39826_/ZN
 _39827_/ZN
 _39828_/ZN
 _39829_/ZN
 _39830_/ZN
 _39831_/ZN
 _39832_/ZN
 _39833_/ZN
 _39834_/ZN
 _39835_/ZN
 _39836_/ZN
 _39837_/ZN
 _39838_/ZN
 _39839_/ZN
 _39840_/ZN
 _39841_/ZN
 _39842_/ZN
 _39843_/ZN
 _39844_/ZN
 _39845_/ZN
 _39846_/ZN
 _39847_/ZN
 _39848_/ZN
 _39849_/ZN
 _39850_/ZN
 _39851_/ZN
 _39852_/ZN
 _39853_/ZN
 _39854_/ZN
 _39855_/ZN
 _39856_/ZN
 _39857_/ZN
 _39858_/ZN
 _39859_/ZN
 _39860_/ZN
 _39861_/ZN
 _39862_/ZN
 _39863_/Z
 _39864_/ZN
 _39865_/ZN
 _39866_/ZN
 _39867_/ZN
 _39868_/ZN
 _39869_/ZN
 _39870_/ZN
 _39871_/ZN
 _39872_/ZN
 _39873_/ZN
 _39874_/Z
 _39875_/ZN
 _39876_/ZN
 _39877_/ZN
 _39878_/Z
 _39879_/ZN
 _39880_/ZN
 _39881_/ZN
 _39882_/ZN
 _39883_/ZN
 _39884_/ZN
 _39885_/ZN
 _39886_/ZN
 _39887_/ZN
 _39888_/ZN
 _39889_/ZN
 _39890_/ZN
 _39891_/ZN
 _39892_/ZN
 _39893_/ZN
 _39894_/ZN
 _39895_/ZN
 _39896_/ZN
 _39897_/ZN
 _39898_/ZN
 _39899_/ZN
 _39900_/ZN
 _39901_/ZN
 _39902_/ZN
 _39903_/ZN
 _39904_/ZN
 _39905_/ZN
 _39906_/ZN
 _39907_/ZN
 _39908_/ZN
 _39909_/ZN
 _39910_/ZN
 _39911_/ZN
 _39912_/ZN
 _39913_/ZN
 _39914_/ZN
 _39915_/ZN
 _39916_/ZN
 _39917_/ZN
 _39918_/ZN
 _39919_/ZN
 _39920_/ZN
 _39921_/ZN
 _39922_/ZN
 _39923_/ZN
 _39924_/ZN
 _39925_/ZN
 _39926_/ZN
 _39927_/ZN
 _39928_/ZN
 _39929_/ZN
 _39930_/ZN
 _39931_/ZN
 _39932_/ZN
 _39933_/ZN
 _39934_/ZN
 _39935_/ZN
 _39936_/ZN
 _39937_/ZN
 _39938_/ZN
 _39939_/ZN
 _39940_/ZN
 _39941_/ZN
 _39942_/ZN
 _39943_/ZN
 _39944_/ZN
 _39945_/ZN
 _39946_/ZN
 _39947_/ZN
 _39948_/ZN
 _39949_/ZN
 _39950_/ZN
 _39951_/ZN
 _39952_/ZN
 _39953_/ZN
 _39954_/ZN
 _39955_/ZN
 _39956_/Z
 _39957_/ZN
 _39958_/ZN
 _39959_/ZN
 _39960_/Z
 _39961_/ZN
 _39962_/ZN
 _39963_/ZN
 _39964_/ZN
 _39965_/ZN
 _39966_/ZN
 _39967_/ZN
 _39968_/ZN
 _39969_/ZN
 _39970_/ZN
 _39971_/ZN
 _39972_/ZN
 _39973_/ZN
 _39974_/ZN
 _39975_/ZN
 _39976_/ZN
 _39977_/ZN
 _39978_/ZN
 _39979_/ZN
 _39980_/ZN
 _39981_/ZN
 _39982_/ZN
 _39983_/ZN
 _39984_/ZN
 _39985_/ZN
 _39986_/ZN
 _39987_/ZN
 _39988_/ZN
 _39989_/ZN
 _39990_/ZN
 _39991_/ZN
 _39992_/ZN
 _39993_/ZN
 _39994_/Z
 _39995_/ZN
 _39996_/ZN
 _39997_/ZN
 _39998_/ZN
 _39999_/ZN
 _40000_/ZN
 _40001_/ZN
 _40002_/ZN
 _40003_/ZN
 _40004_/ZN
 _40005_/ZN
 _40006_/ZN
 _40007_/ZN
 _40008_/ZN
 _40009_/ZN
 _40010_/ZN
 _40011_/ZN
 _40012_/ZN
 _40013_/ZN
 _40014_/ZN
 _40015_/ZN
 _40016_/ZN
 _40017_/ZN
 _40018_/ZN
 _40019_/ZN
 _40020_/ZN
 _40021_/ZN
 _40022_/ZN
 _40023_/ZN
 _40024_/ZN
 _40025_/ZN
 _40026_/ZN
 _40027_/ZN
 _40028_/ZN
 _40029_/ZN
 _40030_/ZN
 _40031_/ZN
 _40032_/ZN
 _40033_/ZN
 _40034_/ZN
 _40035_/ZN
 _40036_/ZN
 _40037_/ZN
 _40038_/ZN
 _40039_/ZN
 _40040_/Z
 _40041_/ZN
 _40042_/ZN
 _40043_/ZN
 _40044_/Z
 _40045_/ZN
 _40046_/ZN
 _40047_/ZN
 _40048_/ZN
 _40049_/ZN
 _40050_/ZN
 _40051_/ZN
 _40052_/ZN
 _40053_/ZN
 _40054_/ZN
 _40055_/ZN
 _40056_/ZN
 _40057_/ZN
 _40058_/ZN
 _40059_/ZN
 _40060_/ZN
 _40061_/ZN
 _40062_/ZN
 _40063_/ZN
 _40064_/ZN
 _40065_/ZN
 _40066_/ZN
 _40067_/ZN
 _40068_/ZN
 _40069_/ZN
 _40070_/ZN
 _40071_/ZN
 _40072_/ZN
 _40073_/ZN
 _40074_/ZN
 _40075_/ZN
 _40076_/ZN
 _40077_/ZN
 _40078_/ZN
 _40079_/ZN
 _40080_/ZN
 _40081_/ZN
 _40082_/ZN
 _40083_/ZN
 _40084_/ZN
 _40085_/ZN
 _40086_/ZN
 _40087_/Z
 _40088_/ZN
 _40089_/ZN
 _40090_/ZN
 _40091_/ZN
 _40092_/ZN
 _40093_/ZN
 _40094_/ZN
 _40095_/ZN
 _40096_/ZN
 _40097_/ZN
 _40098_/ZN
 _40099_/ZN
 _40100_/ZN
 _40101_/ZN
 _40102_/ZN
 _40103_/ZN
 _40104_/ZN
 _40105_/ZN
 _40106_/ZN
 _40107_/ZN
 _40108_/ZN
 _40109_/ZN
 _40110_/ZN
 _40111_/ZN
 _40112_/ZN
 _40113_/ZN
 _40114_/ZN
 _40115_/ZN
 _40116_/ZN
 _40117_/ZN
 _40118_/ZN
 _40119_/ZN
 _40120_/ZN
 _40121_/ZN
 _40122_/ZN
 _40123_/ZN
 _40124_/ZN
 _40125_/ZN
 _40126_/ZN
 _40127_/ZN
 _40128_/ZN
 _40129_/ZN
 _40130_/ZN
 _40131_/ZN
 _40132_/ZN
 _40133_/ZN
 _40134_/ZN
 _40135_/ZN
 _40136_/ZN
 _40137_/ZN
 _40138_/ZN
 _40139_/ZN
 _40140_/ZN
 _40141_/ZN
 _40142_/ZN
 _40143_/ZN
 _40144_/ZN
 _40145_/ZN
 _40146_/ZN
 _40147_/ZN
 _40148_/ZN
 _40149_/ZN
 _40150_/ZN
 _40151_/ZN
 _40152_/ZN
 _40153_/ZN
 _40154_/ZN
 _40155_/ZN
 _40156_/ZN
 _40157_/ZN
 _40158_/ZN
 _40159_/ZN
 _40160_/ZN
 _40161_/ZN
 _40162_/ZN
 _40163_/ZN
 _40164_/ZN
 _40165_/ZN
 _40166_/ZN
 _40167_/ZN
 _40168_/ZN
 _40169_/ZN
 _40170_/ZN
 _40171_/ZN
 _40172_/ZN
 _40173_/ZN
 _40174_/ZN
 _40175_/ZN
 _40176_/ZN
 _40177_/ZN
 _40178_/ZN
 _40179_/ZN
 _40180_/ZN
 _40181_/ZN
 _40182_/ZN
 _40183_/ZN
 _40184_/ZN
 _40185_/ZN
 _40186_/ZN
 _40187_/ZN
 _40188_/ZN
 _40189_/ZN
 _40190_/ZN
 _40191_/ZN
 _40192_/ZN
 _40193_/ZN
 _40194_/ZN
 _40195_/ZN
 _40196_/ZN
 _40197_/ZN
 _40198_/ZN
 _40199_/ZN
 _40200_/ZN
 _40201_/ZN
 _40202_/ZN
 _40203_/ZN
 _40204_/ZN
 _40205_/ZN
 _40206_/ZN
 _40207_/ZN
 _40208_/ZN
 _40209_/ZN
 _40210_/ZN
 _40211_/ZN
 _40212_/ZN
 _40213_/ZN
 _40214_/ZN
 _40215_/Z
 _40216_/ZN
 _40217_/ZN
 _40218_/Z
 _40219_/Z
 _40220_/ZN
 _40221_/ZN
 _40222_/ZN
 _40223_/Z
 _40224_/Z
 _40225_/ZN
 _40226_/ZN
 _40227_/Z
 _40228_/Z
 _40229_/ZN
 _40230_/ZN
 _40231_/ZN
 _40232_/ZN
 _40233_/ZN
 _40234_/ZN
 _40235_/Z
 _40236_/ZN
 _40237_/ZN
 _40238_/ZN
 _40239_/ZN
 _40240_/ZN
 _40241_/ZN
 _40242_/ZN
 _40243_/Z
 _40244_/Z
 _40245_/ZN
 _40246_/ZN
 _40247_/ZN
 _40248_/ZN
 _40249_/Z
 _40250_/ZN
 _40251_/ZN
 _40252_/ZN
 _40253_/ZN
 _40254_/ZN
 _40255_/ZN
 _40256_/ZN
 _40257_/Z
 _40258_/ZN
 _40259_/ZN
 _40260_/ZN
 _40261_/ZN
 _40262_/ZN
 _40263_/ZN
 _40264_/ZN
 _40265_/Z
 _40266_/ZN
 _40267_/ZN
 _40268_/ZN
 _40269_/ZN
 _40270_/ZN
 _40271_/ZN
 _40272_/ZN
 _40273_/ZN
 _40274_/Z
 _40275_/ZN
 _40276_/ZN
 _40277_/ZN
 _40278_/ZN
 _40279_/ZN
 _40280_/ZN
 _40281_/ZN
 _40282_/Z
 _40283_/ZN
 _40284_/ZN
 _40285_/ZN
 _40286_/ZN
 _40287_/ZN
 _40288_/ZN
 _40289_/ZN
 _40290_/Z
 _40291_/ZN
 _40292_/ZN
 _40293_/ZN
 _40294_/ZN
 _40295_/ZN
 _40296_/ZN
 _40297_/ZN
 _40298_/Z
 _40299_/ZN
 _40300_/ZN
 _40301_/ZN
 _40302_/ZN
 _40303_/ZN
 _40304_/ZN
 _40305_/ZN
 _40306_/ZN
 _40307_/Z
 _40308_/ZN
 _40309_/ZN
 _40310_/ZN
 _40311_/ZN
 _40312_/ZN
 _40313_/ZN
 _40314_/ZN
 _40315_/Z
 _40316_/ZN
 _40317_/ZN
 _40318_/ZN
 _40319_/ZN
 _40320_/ZN
 _40321_/ZN
 _40322_/ZN
 _40323_/ZN
 _40324_/ZN
 _40325_/ZN
 _40326_/ZN
 _40327_/ZN
 _40328_/Z
 _40329_/ZN
 _40330_/ZN
 _40331_/ZN
 _40332_/ZN
 _40333_/ZN
 _40334_/ZN
 _40335_/ZN
 _40336_/Z
 _40337_/ZN
 _40338_/ZN
 _40339_/ZN
 _40340_/ZN
 _40341_/ZN
 _40342_/ZN
 _40343_/ZN
 _40344_/ZN
 _40345_/ZN
 _40346_/ZN
 _40347_/ZN
 _40348_/ZN
 _40349_/ZN
 _40350_/ZN
 _40351_/Z
 _40352_/ZN
 _40353_/ZN
 _40354_/ZN
 _40355_/ZN
 _40356_/ZN
 _40357_/ZN
 _40358_/Z
 _40359_/ZN
 _40360_/ZN
 _40361_/ZN
 _40362_/ZN
 _40363_/ZN
 _40364_/Z
 _40365_/ZN
 _40366_/Z
 _40367_/ZN
 _40368_/ZN
 _40369_/ZN
 _40370_/Z
 _40371_/ZN
 _40372_/ZN
 _40373_/ZN
 _40374_/ZN
 _40375_/ZN
 _40376_/ZN
 _40377_/ZN
 _40378_/ZN
 _40379_/ZN
 _40380_/ZN
 _40381_/ZN
 _40382_/ZN
 _40383_/ZN
 _40384_/ZN
 _40385_/ZN
 _40386_/ZN
 _40387_/ZN
 _40388_/ZN
 _40389_/ZN
 _40390_/ZN
 _40391_/ZN
 _40392_/ZN
 _40393_/ZN
 _40394_/ZN
 _40395_/ZN
 _40396_/ZN
 _40397_/ZN
 _40398_/ZN
 _40399_/ZN
 _40400_/ZN
 _40401_/ZN
 _40402_/ZN
 _40403_/ZN
 _40404_/ZN
 _40405_/ZN
 _40406_/ZN
 _40407_/ZN
 _40408_/ZN
 _40409_/ZN
 _40410_/ZN
 _40411_/ZN
 _40412_/ZN
 _40413_/ZN
 _40414_/ZN
 _40415_/ZN
 _40416_/ZN
 _40417_/ZN
 _40418_/ZN
 _40419_/ZN
 _40420_/ZN
 _40421_/ZN
 _40422_/ZN
 _40423_/ZN
 _40424_/ZN
 _40425_/ZN
 _40426_/ZN
 _40427_/ZN
 _40428_/ZN
 _40429_/ZN
 _40430_/ZN
 _40431_/ZN
 _40432_/ZN
 _40433_/ZN
 _40434_/ZN
 _40435_/ZN
 _40436_/ZN
 _40437_/ZN
 _40438_/ZN
 _40439_/ZN
 _40440_/ZN
 _40441_/ZN
 _40442_/ZN
 _40443_/ZN
 _40444_/ZN
 _40445_/ZN
 _40446_/ZN
 _40447_/ZN
 _40448_/ZN
 _40449_/ZN
 _40450_/ZN
 _40451_/ZN
 _40452_/ZN
 _40453_/ZN
 _40454_/Z
 _40455_/ZN
 _40456_/ZN
 _40457_/ZN
 _40458_/Z
 _40459_/ZN
 _40460_/ZN
 _40461_/ZN
 _40462_/ZN
 _40463_/ZN
 _40464_/ZN
 _40465_/ZN
 _40466_/ZN
 _40467_/ZN
 _40468_/ZN
 _40469_/ZN
 _40470_/ZN
 _40471_/ZN
 _40472_/ZN
 _40473_/ZN
 _40474_/ZN
 _40475_/ZN
 _40476_/ZN
 _40477_/ZN
 _40478_/ZN
 _40479_/ZN
 _40480_/ZN
 _40481_/ZN
 _40482_/ZN
 _40483_/ZN
 _40484_/ZN
 _40485_/ZN
 _40486_/ZN
 _40487_/ZN
 _40488_/ZN
 _40489_/ZN
 _40490_/ZN
 _40491_/ZN
 _40492_/ZN
 _40493_/ZN
 _40494_/ZN
 _40495_/ZN
 _40496_/ZN
 _40497_/ZN
 _40498_/ZN
 _40499_/ZN
 _40500_/ZN
 _40501_/ZN
 _40502_/ZN
 _40503_/ZN
 _40504_/ZN
 _40505_/ZN
 _40506_/ZN
 _40507_/ZN
 _40508_/ZN
 _40509_/ZN
 _40510_/ZN
 _40511_/ZN
 _40512_/ZN
 _40513_/ZN
 _40514_/ZN
 _40515_/ZN
 _40516_/ZN
 _40517_/ZN
 _40518_/ZN
 _40519_/ZN
 _40520_/ZN
 _40521_/ZN
 _40522_/ZN
 _40523_/ZN
 _40524_/ZN
 _40525_/ZN
 _40526_/ZN
 _40527_/ZN
 _40528_/ZN
 _40529_/ZN
 _40530_/ZN
 _40531_/ZN
 _40532_/ZN
 _40533_/ZN
 _40534_/ZN
 _40535_/ZN
 _40536_/Z
 _40537_/ZN
 _40538_/ZN
 _40539_/ZN
 _40540_/ZN
 _40541_/ZN
 _40542_/Z
 _40543_/ZN
 _40544_/ZN
 _40545_/ZN
 _40546_/ZN
 _40547_/ZN
 _40548_/ZN
 _40549_/ZN
 _40550_/ZN
 _40551_/ZN
 _40552_/ZN
 _40553_/ZN
 _40554_/ZN
 _40555_/ZN
 _40556_/ZN
 _40557_/ZN
 _40558_/ZN
 _40559_/ZN
 _40560_/ZN
 _40561_/ZN
 _40562_/ZN
 _40563_/ZN
 _40564_/ZN
 _40565_/ZN
 _40566_/ZN
 _40567_/ZN
 _40568_/ZN
 _40569_/ZN
 _40570_/ZN
 _40571_/ZN
 _40572_/ZN
 _40573_/ZN
 _40574_/ZN
 _40575_/ZN
 _40576_/ZN
 _40577_/ZN
 _40578_/ZN
 _40579_/ZN
 _40580_/ZN
 _40581_/ZN
 _40582_/ZN
 _40583_/ZN
 _40584_/ZN
 _40585_/ZN
 _40586_/ZN
 _40587_/ZN
 _40588_/ZN
 _40589_/ZN
 _40590_/ZN
 _40591_/ZN
 _40592_/ZN
 _40593_/ZN
 _40594_/ZN
 _40595_/ZN
 _40596_/ZN
 _40597_/ZN
 _40598_/ZN
 _40599_/ZN
 _40600_/ZN
 _40601_/ZN
 _40602_/ZN
 _40603_/ZN
 _40604_/ZN
 _40605_/ZN
 _40606_/ZN
 _40607_/ZN
 _40608_/ZN
 _40609_/ZN
 _40610_/ZN
 _40611_/ZN
 _40612_/ZN
 _40613_/ZN
 _40614_/ZN
 _40615_/ZN
 _40616_/ZN
 _40617_/ZN
 _40618_/ZN
 _40619_/ZN
 _40620_/Z
 _40621_/ZN
 _40622_/ZN
 _40623_/ZN
 _40624_/Z
 _40625_/ZN
 _40626_/ZN
 _40627_/ZN
 _40628_/ZN
 _40629_/ZN
 _40630_/ZN
 _40631_/ZN
 _40632_/ZN
 _40633_/ZN
 _40634_/ZN
 _40635_/ZN
 _40636_/ZN
 _40637_/ZN
 _40638_/ZN
 _40639_/ZN
 _40640_/ZN
 _40641_/ZN
 _40642_/ZN
 _40643_/ZN
 _40644_/ZN
 _40645_/ZN
 _40646_/ZN
 _40647_/ZN
 _40648_/ZN
 _40649_/ZN
 _40650_/ZN
 _40651_/ZN
 _40652_/ZN
 _40653_/ZN
 _40654_/ZN
 _40655_/ZN
 _40656_/ZN
 _40657_/ZN
 _40658_/ZN
 _40659_/ZN
 _40660_/ZN
 _40661_/ZN
 _40662_/ZN
 _40663_/ZN
 _40664_/ZN
 _40665_/ZN
 _40666_/ZN
 _40667_/ZN
 _40668_/ZN
 _40669_/ZN
 _40670_/ZN
 _40671_/ZN
 _40672_/ZN
 _40673_/ZN
 _40674_/ZN
 _40675_/ZN
 _40676_/ZN
 _40677_/ZN
 _40678_/ZN
 _40679_/ZN
 _40680_/ZN
 _40681_/ZN
 _40682_/ZN
 _40683_/ZN
 _40684_/ZN
 _40685_/ZN
 _40686_/ZN
 _40687_/ZN
 _40688_/ZN
 _40689_/ZN
 _40690_/ZN
 _40691_/ZN
 _40692_/ZN
 _40693_/ZN
 _40694_/ZN
 _40695_/ZN
 _40696_/ZN
 _40697_/ZN
 _40698_/ZN
 _40699_/ZN
 _40700_/ZN
 _40701_/ZN
 _40702_/ZN
 _40703_/ZN
 _40704_/Z
 _40705_/ZN
 _40706_/ZN
 _40707_/ZN
 _40708_/Z
 _40709_/ZN
 _40710_/ZN
 _40711_/ZN
 _40712_/ZN
 _40713_/ZN
 _40714_/ZN
 _40715_/ZN
 _40716_/ZN
 _40717_/ZN
 _40718_/ZN
 _40719_/ZN
 _40720_/ZN
 _40721_/ZN
 _40722_/ZN
 _40723_/ZN
 _40724_/ZN
 _40725_/ZN
 _40726_/ZN
 _40727_/ZN
 _40728_/ZN
 _40729_/ZN
 _40730_/ZN
 _40731_/ZN
 _40732_/ZN
 _40733_/ZN
 _40734_/ZN
 _40735_/ZN
 _40736_/ZN
 _40737_/ZN
 _40738_/ZN
 _40739_/ZN
 _40740_/ZN
 _40741_/ZN
 _40742_/ZN
 _40743_/ZN
 _40744_/ZN
 _40745_/ZN
 _40746_/ZN
 _40747_/ZN
 _40748_/ZN
 _40749_/ZN
 _40750_/ZN
 _40751_/ZN
 _40752_/ZN
 _40753_/ZN
 _40754_/ZN
 _40755_/ZN
 _40756_/ZN
 _40757_/ZN
 _40758_/ZN
 _40759_/ZN
 _40760_/ZN
 _40761_/ZN
 _40762_/ZN
 _40763_/ZN
 _40764_/ZN
 _40765_/ZN
 _40766_/ZN
 _40767_/ZN
 _40768_/ZN
 _40769_/ZN
 _40770_/ZN
 _40771_/ZN
 _40772_/ZN
 _40773_/ZN
 _40774_/ZN
 _40775_/ZN
 _40776_/ZN
 _40777_/ZN
 _40778_/ZN
 _40779_/ZN
 _40780_/ZN
 _40781_/ZN
 _40782_/ZN
 _40783_/ZN
 _40784_/ZN
 _40785_/ZN
 _40786_/ZN
 _40787_/Z
 _40788_/ZN
 _40789_/ZN
 _40790_/ZN
 _40791_/Z
 _40792_/ZN
 _40793_/ZN
 _40794_/ZN
 _40795_/ZN
 _40796_/ZN
 _40797_/ZN
 _40798_/ZN
 _40799_/ZN
 _40800_/ZN
 _40801_/ZN
 _40802_/ZN
 _40803_/ZN
 _40804_/ZN
 _40805_/ZN
 _40806_/ZN
 _40807_/ZN
 _40808_/ZN
 _40809_/ZN
 _40810_/ZN
 _40811_/ZN
 _40812_/ZN
 _40813_/ZN
 _40814_/ZN
 _40815_/ZN
 _40816_/ZN
 _40817_/ZN
 _40818_/ZN
 _40819_/ZN
 _40820_/ZN
 _40821_/ZN
 _40822_/ZN
 _40823_/ZN
 _40824_/ZN
 _40825_/ZN
 _40826_/ZN
 _40827_/ZN
 _40828_/ZN
 _40829_/ZN
 _40830_/ZN
 _40831_/ZN
 _40832_/ZN
 _40833_/ZN
 _40834_/ZN
 _40835_/ZN
 _40836_/ZN
 _40837_/ZN
 _40838_/ZN
 _40839_/ZN
 _40840_/ZN
 _40841_/ZN
 _40842_/ZN
 _40843_/ZN
 _40844_/ZN
 _40845_/ZN
 _40846_/ZN
 _40847_/ZN
 _40848_/ZN
 _40849_/ZN
 _40850_/ZN
 _40851_/ZN
 _40852_/ZN
 _40853_/ZN
 _40854_/ZN
 _40855_/ZN
 _40856_/ZN
 _40857_/ZN
 _40858_/ZN
 _40859_/ZN
 _40860_/ZN
 _40861_/Z
 _40862_/ZN
 _40863_/ZN
 _40864_/ZN
 _40865_/ZN
 _40866_/ZN
 _40867_/ZN
 _40868_/ZN
 _40869_/ZN
 _40870_/ZN
 _40871_/ZN
 _40872_/Z
 _40873_/ZN
 _40874_/ZN
 _40875_/ZN
 _40876_/Z
 _40877_/ZN
 _40878_/ZN
 _40879_/ZN
 _40880_/ZN
 _40881_/ZN
 _40882_/ZN
 _40883_/ZN
 _40884_/ZN
 _40885_/ZN
 _40886_/ZN
 _40887_/ZN
 _40888_/ZN
 _40889_/ZN
 _40890_/ZN
 _40891_/ZN
 _40892_/ZN
 _40893_/ZN
 _40894_/ZN
 _40895_/ZN
 _40896_/ZN
 _40897_/ZN
 _40898_/ZN
 _40899_/ZN
 _40900_/ZN
 _40901_/ZN
 _40902_/ZN
 _40903_/ZN
 _40904_/ZN
 _40905_/ZN
 _40906_/ZN
 _40907_/ZN
 _40908_/ZN
 _40909_/ZN
 _40910_/ZN
 _40911_/ZN
 _40912_/ZN
 _40913_/ZN
 _40914_/ZN
 _40915_/ZN
 _40916_/ZN
 _40917_/ZN
 _40918_/ZN
 _40919_/ZN
 _40920_/ZN
 _40921_/ZN
 _40922_/ZN
 _40923_/ZN
 _40924_/ZN
 _40925_/ZN
 _40926_/ZN
 _40927_/ZN
 _40928_/ZN
 _40929_/ZN
 _40930_/ZN
 _40931_/ZN
 _40932_/ZN
 _40933_/ZN
 _40934_/ZN
 _40935_/ZN
 _40936_/ZN
 _40937_/ZN
 _40938_/ZN
 _40939_/ZN
 _40940_/ZN
 _40941_/ZN
 _40942_/ZN
 _40943_/ZN
 _40944_/ZN
 _40945_/ZN
 _40946_/ZN
 _40947_/ZN
 _40948_/ZN
 _40949_/ZN
 _40950_/ZN
 _40951_/ZN
 _40952_/ZN
 _40953_/ZN
 _40954_/ZN
 _40955_/Z
 _40956_/ZN
 _40957_/ZN
 _40958_/ZN
 _40959_/Z
 _40960_/ZN
 _40961_/ZN
 _40962_/ZN
 _40963_/ZN
 _40964_/ZN
 _40965_/ZN
 _40966_/ZN
 _40967_/ZN
 _40968_/ZN
 _40969_/ZN
 _40970_/ZN
 _40971_/ZN
 _40972_/ZN
 _40973_/ZN
 _40974_/ZN
 _40975_/ZN
 _40976_/ZN
 _40977_/ZN
 _40978_/ZN
 _40979_/ZN
 _40980_/ZN
 _40981_/ZN
 _40982_/ZN
 _40983_/ZN
 _40984_/ZN
 _40985_/ZN
 _40986_/ZN
 _40987_/ZN
 _40988_/ZN
 _40989_/ZN
 _40990_/ZN
 _40991_/ZN
 _40992_/ZN
 _40993_/ZN
 _40994_/ZN
 _40995_/ZN
 _40996_/ZN
 _40997_/ZN
 _40998_/ZN
 _40999_/ZN
 _41000_/ZN
 _41001_/ZN
 _41002_/ZN
 _41003_/ZN
 _41004_/ZN
 _41005_/ZN
 _41006_/ZN
 _41007_/ZN
 _41008_/ZN
 _41009_/ZN
 _41010_/ZN
 _41011_/ZN
 _41012_/ZN
 _41013_/ZN
 _41014_/ZN
 _41015_/ZN
 _41016_/ZN
 _41017_/ZN
 _41018_/ZN
 _41019_/ZN
 _41020_/ZN
 _41021_/ZN
 _41022_/ZN
 _41023_/ZN
 _41024_/ZN
 _41025_/ZN
 _41026_/ZN
 _41027_/ZN
 _41028_/ZN
 _41029_/ZN
 _41030_/ZN
 _41031_/ZN
 _41032_/ZN
 _41033_/ZN
 _41034_/ZN
 _41035_/ZN
 _41036_/ZN
 _41037_/ZN
 _41038_/Z
 _41039_/ZN
 _41040_/ZN
 _41041_/ZN
 _41042_/Z
 _41043_/ZN
 _41044_/ZN
 _41045_/ZN
 _41046_/ZN
 _41047_/ZN
 _41048_/ZN
 _41049_/ZN
 _41050_/ZN
 _41051_/ZN
 _41052_/ZN
 _41053_/ZN
 _41054_/ZN
 _41055_/ZN
 _41056_/ZN
 _41057_/ZN
 _41058_/ZN
 _41059_/ZN
 _41060_/ZN
 _41061_/ZN
 _41062_/ZN
 _41063_/ZN
 _41064_/ZN
 _41065_/ZN
 _41066_/ZN
 _41067_/ZN
 _41068_/ZN
 _41069_/ZN
 _41070_/ZN
 _41071_/ZN
 _41072_/ZN
 _41073_/ZN
 _41074_/ZN
 _41075_/ZN
 _41076_/ZN
 _41077_/ZN
 _41078_/ZN
 _41079_/ZN
 _41080_/ZN
 _41081_/ZN
 _41082_/ZN
 _41083_/ZN
 _41084_/ZN
 _41085_/ZN
 _41086_/ZN
 _41087_/ZN
 _41088_/ZN
 _41089_/ZN
 _41090_/ZN
 _41091_/ZN
 _41092_/ZN
 _41093_/ZN
 _41094_/ZN
 _41095_/ZN
 _41096_/ZN
 _41097_/ZN
 _41098_/ZN
 _41099_/ZN
 _41100_/ZN
 _41101_/ZN
 _41102_/ZN
 _41103_/ZN
 _41104_/ZN
 _41105_/ZN
 _41106_/ZN
 _41107_/ZN
 _41108_/ZN
 _41109_/ZN
 _41110_/ZN
 _41111_/ZN
 _41112_/ZN
 _41113_/ZN
 _41114_/ZN
 _41115_/ZN
 _41116_/ZN
 _41117_/ZN
 _41118_/ZN
 _41119_/ZN
 _41120_/ZN
 _41121_/Z
 _41122_/ZN
 _41123_/ZN
 _41124_/ZN
 _41125_/Z
 _41126_/ZN
 _41127_/ZN
 _41128_/ZN
 _41129_/ZN
 _41130_/ZN
 _41131_/ZN
 _41132_/ZN
 _41133_/ZN
 _41134_/ZN
 _41135_/ZN
 _41136_/ZN
 _41137_/ZN
 _41138_/ZN
 _41139_/ZN
 _41140_/ZN
 _41141_/ZN
 _41142_/ZN
 _41143_/ZN
 _41144_/ZN
 _41145_/ZN
 _41146_/ZN
 _41147_/ZN
 _41148_/ZN
 _41149_/ZN
 _41150_/ZN
 _41151_/ZN
 _41152_/ZN
 _41153_/ZN
 _41154_/ZN
 _41155_/ZN
 _41156_/ZN
 _41157_/ZN
 _41158_/ZN
 _41159_/ZN
 _41160_/ZN
 _41161_/ZN
 _41162_/ZN
 _41163_/ZN
 _41164_/ZN
 _41165_/ZN
 _41166_/ZN
 _41167_/ZN
 _41168_/ZN
 _41169_/ZN
 _41170_/ZN
 _41171_/ZN
 _41172_/ZN
 _41173_/ZN
 _41174_/ZN
 _41175_/ZN
 _41176_/ZN
 _41177_/ZN
 _41178_/ZN
 _41179_/ZN
 _41180_/ZN
 _41181_/ZN
 _41182_/ZN
 _41183_/ZN
 _41184_/ZN
 _41185_/ZN
 _41186_/ZN
 _41187_/ZN
 _41188_/ZN
 _41189_/ZN
 _41190_/ZN
 _41191_/ZN
 _41192_/ZN
 _41193_/ZN
 _41194_/ZN
 _41195_/ZN
 _41196_/ZN
 _41197_/ZN
 _41198_/ZN
 _41199_/ZN
 _41200_/ZN
 _41201_/ZN
 _41202_/ZN
 _41203_/ZN
 _41204_/ZN
 _41205_/ZN
 _41206_/Z
 _41207_/ZN
 _41208_/ZN
 _41209_/ZN
 _41210_/Z
 _41211_/ZN
 _41212_/ZN
 _41213_/ZN
 _41214_/ZN
 _41215_/ZN
 _41216_/ZN
 _41217_/ZN
 _41218_/ZN
 _41219_/ZN
 _41220_/ZN
 _41221_/ZN
 _41222_/ZN
 _41223_/ZN
 _41224_/ZN
 _41225_/ZN
 _41226_/ZN
 _41227_/ZN
 _41228_/ZN
 _41229_/ZN
 _41230_/ZN
 _41231_/ZN
 _41232_/ZN
 _41233_/ZN
 _41234_/ZN
 _41235_/ZN
 _41236_/ZN
 _41237_/ZN
 _41238_/ZN
 _41239_/ZN
 _41240_/ZN
 _41241_/ZN
 _41242_/ZN
 _41243_/ZN
 _41244_/ZN
 _41245_/ZN
 _41246_/ZN
 _41247_/ZN
 _41248_/ZN
 _41249_/ZN
 _41250_/ZN
 _41251_/ZN
 _41252_/ZN
 _41253_/ZN
 _41254_/ZN
 _41255_/ZN
 _41256_/ZN
 _41257_/ZN
 _41258_/ZN
 _41259_/ZN
 _41260_/ZN
 _41261_/ZN
 _41262_/ZN
 _41263_/ZN
 _41264_/ZN
 _41265_/ZN
 _41266_/ZN
 _41267_/ZN
 _41268_/ZN
 _41269_/ZN
 _41270_/ZN
 _41271_/ZN
 _41272_/ZN
 _41273_/ZN
 _41274_/ZN
 _41275_/ZN
 _41276_/ZN
 _41277_/ZN
 _41278_/ZN
 _41279_/ZN
 _41280_/ZN
 _41281_/ZN
 _41282_/ZN
 _41283_/ZN
 _41284_/ZN
 _41285_/ZN
 _41286_/ZN
 _41287_/ZN
 _41288_/ZN
 _41289_/Z
 _41290_/ZN
 _41291_/ZN
 _41292_/ZN
 _41293_/Z
 _41294_/ZN
 _41295_/ZN
 _41296_/ZN
 _41297_/ZN
 _41298_/ZN
 _41299_/ZN
 _41300_/ZN
 _41301_/ZN
 _41302_/ZN
 _41303_/ZN
 _41304_/ZN
 _41305_/ZN
 _41306_/ZN
 _41307_/ZN
 _41308_/ZN
 _41309_/ZN
 _41310_/ZN
 _41311_/ZN
 _41312_/ZN
 _41313_/ZN
 _41314_/ZN
 _41315_/ZN
 _41316_/ZN
 _41317_/ZN
 _41318_/ZN
 _41319_/ZN
 _41320_/ZN
 _41321_/ZN
 _41322_/ZN
 _41323_/ZN
 _41324_/ZN
 _41325_/ZN
 _41326_/ZN
 _41327_/ZN
 _41328_/ZN
 _41329_/ZN
 _41330_/ZN
 _41331_/ZN
 _41332_/ZN
 _41333_/ZN
 _41334_/ZN
 _41335_/ZN
 _41336_/ZN
 _41337_/ZN
 _41338_/ZN
 _41339_/ZN
 _41340_/ZN
 _41341_/ZN
 _41342_/ZN
 _41343_/ZN
 _41344_/ZN
 _41345_/ZN
 _41346_/ZN
 _41347_/ZN
 _41348_/ZN
 _41349_/ZN
 _41350_/ZN
 _41351_/ZN
 _41352_/ZN
 _41353_/ZN
 _41354_/ZN
 _41355_/ZN
 _41356_/ZN
 _41357_/ZN
 _41358_/ZN
 _41359_/ZN
 _41360_/ZN
 _41361_/ZN
 _41362_/ZN
 _41363_/ZN
 _41364_/ZN
 _41365_/ZN
 _41366_/ZN
 _41367_/ZN
 _41368_/ZN
 _41369_/ZN
 _41370_/ZN
 _41371_/ZN
 _41372_/Z
 _41373_/ZN
 _41374_/ZN
 _41375_/ZN
 _41376_/Z
 _41377_/ZN
 _41378_/ZN
 _41379_/ZN
 _41380_/ZN
 _41381_/ZN
 _41382_/ZN
 _41383_/ZN
 _41384_/ZN
 _41385_/ZN
 _41386_/ZN
 _41387_/ZN
 _41388_/ZN
 _41389_/ZN
 _41390_/ZN
 _41391_/ZN
 _41392_/ZN
 _41393_/ZN
 _41394_/ZN
 _41395_/ZN
 _41396_/ZN
 _41397_/ZN
 _41398_/ZN
 _41399_/ZN
 _41400_/ZN
 _41401_/ZN
 _41402_/ZN
 _41403_/ZN
 _41404_/ZN
 _41405_/ZN
 _41406_/ZN
 _41407_/ZN
 _41408_/ZN
 _41409_/ZN
 _41410_/ZN
 _41411_/ZN
 _41412_/ZN
 _41413_/ZN
 _41414_/ZN
 _41415_/ZN
 _41416_/ZN
 _41417_/ZN
 _41418_/ZN
 _41419_/ZN
 _41420_/ZN
 _41421_/ZN
 _41422_/ZN
 _41423_/ZN
 _41424_/Z
 _41425_/ZN
 _41426_/ZN
 _41427_/ZN
 _41428_/ZN
 _41429_/ZN
 _41430_/Z
 _41431_/ZN
 _41432_/ZN
 _41433_/ZN
 _41434_/ZN
 _41435_/ZN
 _41436_/ZN
 _41437_/ZN
 _41438_/ZN
 _41439_/ZN
 _41440_/ZN
 _41441_/ZN
 _41442_/ZN
 _41443_/ZN
 _41444_/ZN
 _41445_/ZN
 _41446_/ZN
 _41447_/ZN
 _41448_/ZN
 _41449_/ZN
 _41450_/ZN
 _41451_/ZN
 _41452_/ZN
 _41453_/ZN
 _41454_/ZN
 _41455_/ZN
 _41456_/Z
 _41457_/ZN
 _41458_/ZN
 _41459_/ZN
 _41460_/Z
 _41461_/ZN
 _41462_/ZN
 _41463_/ZN
 _41464_/ZN
 _41465_/ZN
 _41466_/ZN
 _41467_/ZN
 _41468_/ZN
 _41469_/ZN
 _41470_/ZN
 _41471_/ZN
 _41472_/ZN
 _41473_/ZN
 _41474_/ZN
 _41475_/ZN
 _41476_/ZN
 _41477_/ZN
 _41478_/ZN
 _41479_/ZN
 _41480_/ZN
 _41481_/ZN
 _41482_/ZN
 _41483_/ZN
 _41484_/ZN
 _41485_/ZN
 _41486_/ZN
 _41487_/ZN
 _41488_/ZN
 _41489_/ZN
 _41490_/ZN
 _41491_/ZN
 _41492_/ZN
 _41493_/ZN
 _41494_/ZN
 _41495_/ZN
 _41496_/ZN
 _41497_/ZN
 _41498_/ZN
 _41499_/ZN
 _41500_/ZN
 _41501_/ZN
 _41502_/ZN
 _41503_/ZN
 _41504_/ZN
 _41505_/ZN
 _41506_/ZN
 _41507_/ZN
 _41508_/ZN
 _41509_/ZN
 _41510_/ZN
 _41511_/ZN
 _41512_/ZN
 _41513_/ZN
 _41514_/Z
 _41515_/ZN
 _41516_/ZN
 _41517_/ZN
 _41518_/ZN
 _41519_/ZN
 _41520_/Z
 _41521_/ZN
 _41522_/ZN
 _41523_/ZN
 _41524_/ZN
 _41525_/ZN
 _41526_/ZN
 _41527_/ZN
 _41528_/ZN
 _41529_/ZN
 _41530_/ZN
 _41531_/ZN
 _41532_/ZN
 _41533_/ZN
 _41534_/ZN
 _41535_/ZN
 _41536_/ZN
 _41537_/ZN
 _41538_/ZN
 _41539_/ZN
 _41540_/ZN
 _41541_/Z
 _41542_/ZN
 _41543_/ZN
 _41544_/ZN
 _41545_/Z
 _41546_/ZN
 _41547_/ZN
 _41548_/ZN
 _41549_/ZN
 _41550_/ZN
 _41551_/ZN
 _41552_/ZN
 _41553_/ZN
 _41554_/ZN
 _41555_/ZN
 _41556_/ZN
 _41557_/ZN
 _41558_/ZN
 _41559_/ZN
 _41560_/ZN
 _41561_/ZN
 _41562_/ZN
 _41563_/ZN
 _41564_/ZN
 _41565_/ZN
 _41566_/ZN
 _41567_/ZN
 _41568_/ZN
 _41569_/ZN
 _41570_/ZN
 _41571_/ZN
 _41572_/ZN
 _41573_/ZN
 _41574_/ZN
 _41575_/ZN
 _41576_/ZN
 _41577_/ZN
 _41578_/ZN
 _41579_/ZN
 _41580_/ZN
 _41581_/ZN
 _41582_/ZN
 _41583_/ZN
 _41584_/ZN
 _41585_/ZN
 _41586_/ZN
 _41587_/ZN
 _41588_/ZN
 _41589_/ZN
 _41590_/ZN
 _41591_/ZN
 _41592_/ZN
 _41593_/ZN
 _41594_/ZN
 _41595_/ZN
 _41596_/ZN
 _41597_/ZN
 _41598_/ZN
 _41599_/ZN
 _41600_/ZN
 _41601_/ZN
 _41602_/ZN
 _41603_/ZN
 _41604_/ZN
 _41605_/ZN
 _41606_/ZN
 _41607_/ZN
 _41608_/ZN
 _41609_/ZN
 _41610_/ZN
 _41611_/ZN
 _41612_/ZN
 _41613_/ZN
 _41614_/ZN
 _41615_/Z
 _41616_/ZN
 _41617_/ZN
 _41618_/ZN
 _41619_/ZN
 _41620_/ZN
 _41621_/ZN
 _41622_/ZN
 _41623_/ZN
 _41624_/ZN
 _41625_/ZN
 _41626_/ZN
 _41627_/Z
 _41628_/ZN
 _41629_/ZN
 _41630_/ZN
 _41631_/Z
 _41632_/ZN
 _41633_/ZN
 _41634_/Z
 _41635_/ZN
 _41636_/ZN
 _41637_/ZN
 _41638_/ZN
 _41639_/ZN
 _41640_/Z
 _41641_/ZN
 _41642_/ZN
 _41643_/ZN
 _41644_/ZN
 _41645_/ZN
 _41646_/Z
 _41647_/ZN
 _41648_/ZN
 _41649_/ZN
 _41650_/ZN
 _41651_/ZN
 _41652_/Z
 _41653_/ZN
 _41654_/ZN
 _41655_/ZN
 _41656_/ZN
 _41657_/ZN
 _41658_/ZN
 _41659_/ZN
 _41660_/ZN
 _41661_/ZN
 _41662_/ZN
 _41663_/ZN
 _41664_/ZN
 _41665_/ZN
 _41666_/ZN
 _41667_/ZN
 _41668_/ZN
 _41669_/Z
 _41670_/ZN
 _41671_/ZN
 _41672_/ZN
 _41673_/ZN
 _41674_/ZN
 _41675_/ZN
 _41676_/ZN
 _41677_/ZN
 _41678_/ZN
 _41679_/ZN
 _41680_/ZN
 _41681_/ZN
 _41682_/ZN
 _41683_/ZN
 _41684_/ZN
 _41685_/Z
 _41686_/ZN
 _41687_/ZN
 _41688_/ZN
 _41689_/ZN
 _41690_/ZN
 _41691_/Z
 _41692_/ZN
 _41693_/ZN
 _41694_/ZN
 _41695_/ZN
 _41696_/ZN
 _41697_/Z
 _41698_/ZN
 _41699_/ZN
 _41700_/ZN
 _41701_/ZN
 _41702_/ZN
 _41703_/Z
 _41704_/ZN
 _41705_/ZN
 _41706_/ZN
 _41707_/ZN
 _41708_/ZN
 _41709_/ZN
 _41710_/ZN
 _41711_/ZN
 _41712_/ZN
 _41713_/ZN
 _41714_/ZN
 _41715_/ZN
 _41716_/ZN
 _41717_/ZN
 _41718_/ZN
 _41719_/Z
 _41720_/ZN
 _41721_/ZN
 _41722_/ZN
 _41723_/Z
 _41724_/ZN
 _41725_/ZN
 _41726_/ZN
 _41727_/ZN
 _41728_/ZN
 _41729_/ZN
 _41730_/ZN
 _41731_/ZN
 _41732_/ZN
 _41733_/ZN
 _41734_/ZN
 _41735_/ZN
 _41736_/ZN
 _41737_/ZN
 _41738_/ZN
 _41739_/ZN
 _41740_/ZN
 _41741_/ZN
 _41742_/ZN
 _41743_/ZN
 _41744_/ZN
 _41745_/ZN
 _41746_/ZN
 _41747_/ZN
 _41748_/ZN
 _41749_/ZN
 _41750_/ZN
 _41751_/ZN
 _41752_/ZN
 _41753_/ZN
 _41754_/ZN
 _41755_/ZN
 _41756_/ZN
 _41757_/ZN
 _41758_/ZN
 _41759_/ZN
 _41760_/ZN
 _41761_/ZN
 _41762_/ZN
 _41763_/ZN
 _41764_/ZN
 _41765_/ZN
 _41766_/ZN
 _41767_/ZN
 _41768_/ZN
 _41769_/ZN
 _41770_/ZN
 _41771_/ZN
 _41772_/Z
 _41773_/ZN
 _41774_/ZN
 _41775_/ZN
 _41776_/ZN
 _41777_/ZN
 _41778_/ZN
 _41779_/ZN
 _41780_/ZN
 _41781_/ZN
 _41782_/ZN
 _41783_/ZN
 _41784_/ZN
 _41785_/ZN
 _41786_/ZN
 _41787_/ZN
 _41788_/ZN
 _41789_/ZN
 _41790_/ZN
 _41791_/ZN
 _41792_/ZN
 _41793_/ZN
 _41794_/ZN
 _41795_/ZN
 _41796_/ZN
 _41797_/ZN
 _41798_/ZN
 _41799_/ZN
 _41800_/ZN
 _41801_/ZN
 _41802_/ZN
 _41803_/Z
 _41804_/ZN
 _41805_/ZN
 _41806_/ZN
 _41807_/Z
 _41808_/ZN
 _41809_/ZN
 _41810_/ZN
 _41811_/ZN
 _41812_/ZN
 _41813_/ZN
 _41814_/ZN
 _41815_/ZN
 _41816_/ZN
 _41817_/ZN
 _41818_/ZN
 _41819_/ZN
 _41820_/ZN
 _41821_/ZN
 _41822_/ZN
 _41823_/ZN
 _41824_/ZN
 _41825_/ZN
 _41826_/ZN
 _41827_/ZN
 _41828_/ZN
 _41829_/ZN
 _41830_/ZN
 _41831_/ZN
 _41832_/ZN
 _41833_/ZN
 _41834_/ZN
 _41835_/ZN
 _41836_/ZN
 _41837_/ZN
 _41838_/ZN
 _41839_/ZN
 _41840_/ZN
 _41841_/ZN
 _41842_/ZN
 _41843_/ZN
 _41844_/ZN
 _41845_/ZN
 _41846_/ZN
 _41847_/ZN
 _41848_/ZN
 _41849_/ZN
 _41850_/ZN
 _41851_/ZN
 _41852_/ZN
 _41853_/ZN
 _41854_/ZN
 _41855_/ZN
 _41856_/ZN
 _41857_/ZN
 _41858_/ZN
 _41859_/ZN
 _41860_/ZN
 _41861_/ZN
 _41862_/ZN
 _41863_/ZN
 _41864_/ZN
 _41865_/ZN
 _41866_/ZN
 _41867_/ZN
 _41868_/ZN
 _41869_/ZN
 _41870_/ZN
 _41871_/ZN
 _41872_/ZN
 _41873_/ZN
 _41874_/ZN
 _41875_/ZN
 _41876_/ZN
 _41877_/ZN
 _41878_/ZN
 _41879_/ZN
 _41880_/ZN
 _41881_/ZN
 _41882_/ZN
 _41883_/ZN
 _41884_/ZN
 _41885_/ZN
 _41886_/Z
 _41887_/ZN
 _41888_/ZN
 _41889_/ZN
 _41890_/Z
 _41891_/ZN
 _41892_/ZN
 _41893_/ZN
 _41894_/ZN
 _41895_/ZN
 _41896_/ZN
 _41897_/ZN
 _41898_/ZN
 _41899_/ZN
 _41900_/ZN
 _41901_/ZN
 _41902_/ZN
 _41903_/ZN
 _41904_/ZN
 _41905_/ZN
 _41906_/ZN
 _41907_/ZN
 _41908_/ZN
 _41909_/ZN
 _41910_/ZN
 _41911_/ZN
 _41912_/ZN
 _41913_/ZN
 _41914_/ZN
 _41915_/ZN
 _41916_/ZN
 _41917_/ZN
 _41918_/ZN
 _41919_/ZN
 _41920_/ZN
 _41921_/ZN
 _41922_/ZN
 _41923_/ZN
 _41924_/ZN
 _41925_/ZN
 _41926_/ZN
 _41927_/ZN
 _41928_/ZN
 _41929_/ZN
 _41930_/ZN
 _41931_/ZN
 _41932_/ZN
 _41933_/ZN
 _41934_/ZN
 _41935_/ZN
 _41936_/ZN
 _41937_/ZN
 _41938_/ZN
 _41939_/ZN
 _41940_/ZN
 _41941_/ZN
 _41942_/ZN
 _41943_/ZN
 _41944_/ZN
 _41945_/ZN
 _41946_/ZN
 _41947_/ZN
 _41948_/ZN
 _41949_/ZN
 _41950_/ZN
 _41951_/ZN
 _41952_/ZN
 _41953_/ZN
 _41954_/ZN
 _41955_/ZN
 _41956_/ZN
 _41957_/ZN
 _41958_/ZN
 _41959_/ZN
 _41960_/ZN
 _41961_/ZN
 _41962_/ZN
 _41963_/ZN
 _41964_/ZN
 _41965_/ZN
 _41966_/ZN
 _41967_/ZN
 _41968_/ZN
 _41969_/ZN
 _41970_/ZN
 _41971_/ZN
 _41972_/Z
 _41973_/ZN
 _41974_/ZN
 _41975_/ZN
 _41976_/Z
 _41977_/ZN
 _41978_/ZN
 _41979_/ZN
 _41980_/ZN
 _41981_/ZN
 _41982_/ZN
 _41983_/ZN
 _41984_/ZN
 _41985_/ZN
 _41986_/ZN
 _41987_/ZN
 _41988_/ZN
 _41989_/ZN
 _41990_/ZN
 _41991_/ZN
 _41992_/ZN
 _41993_/ZN
 _41994_/ZN
 _41995_/ZN
 _41996_/ZN
 _41997_/ZN
 _41998_/ZN
 _41999_/ZN
 _42000_/ZN
 _42001_/ZN
 _42002_/ZN
 _42003_/ZN
 _42004_/ZN
 _42005_/ZN
 _42006_/ZN
 _42007_/ZN
 _42008_/ZN
 _42009_/ZN
 _42010_/ZN
 _42011_/ZN
 _42012_/ZN
 _42013_/ZN
 _42014_/ZN
 _42015_/ZN
 _42016_/ZN
 _42017_/ZN
 _42018_/ZN
 _42019_/ZN
 _42020_/ZN
 _42021_/ZN
 _42022_/ZN
 _42023_/ZN
 _42024_/ZN
 _42025_/ZN
 _42026_/ZN
 _42027_/ZN
 _42028_/ZN
 _42029_/ZN
 _42030_/ZN
 _42031_/ZN
 _42032_/ZN
 _42033_/ZN
 _42034_/ZN
 _42035_/ZN
 _42036_/ZN
 _42037_/ZN
 _42038_/ZN
 _42039_/ZN
 _42040_/ZN
 _42041_/ZN
 _42042_/ZN
 _42043_/ZN
 _42044_/ZN
 _42045_/ZN
 _42046_/ZN
 _42047_/ZN
 _42048_/ZN
 _42049_/ZN
 _42050_/ZN
 _42051_/ZN
 _42052_/ZN
 _42053_/ZN
 _42054_/ZN
 _42055_/Z
 _42056_/ZN
 _42057_/ZN
 _42058_/ZN
 _42059_/Z
 _42060_/ZN
 _42061_/ZN
 _42062_/ZN
 _42063_/ZN
 _42064_/ZN
 _42065_/ZN
 _42066_/ZN
 _42067_/ZN
 _42068_/ZN
 _42069_/ZN
 _42070_/ZN
 _42071_/ZN
 _42072_/ZN
 _42073_/ZN
 _42074_/ZN
 _42075_/ZN
 _42076_/ZN
 _42077_/ZN
 _42078_/ZN
 _42079_/ZN
 _42080_/ZN
 _42081_/ZN
 _42082_/ZN
 _42083_/ZN
 _42084_/ZN
 _42085_/ZN
 _42086_/ZN
 _42087_/ZN
 _42088_/ZN
 _42089_/ZN
 _42090_/ZN
 _42091_/ZN
 _42092_/ZN
 _42093_/ZN
 _42094_/ZN
 _42095_/ZN
 _42096_/ZN
 _42097_/ZN
 _42098_/ZN
 _42099_/ZN
 _42100_/ZN
 _42101_/ZN
 _42102_/ZN
 _42103_/ZN
 _42104_/ZN
 _42105_/ZN
 _42106_/ZN
 _42107_/ZN
 _42108_/ZN
 _42109_/ZN
 _42110_/ZN
 _42111_/ZN
 _42112_/ZN
 _42113_/ZN
 _42114_/ZN
 _42115_/ZN
 _42116_/ZN
 _42117_/ZN
 _42118_/ZN
 _42119_/ZN
 _42120_/ZN
 _42121_/ZN
 _42122_/ZN
 _42123_/ZN
 _42124_/ZN
 _42125_/ZN
 _42126_/ZN
 _42127_/ZN
 _42128_/ZN
 _42129_/ZN
 _42130_/ZN
 _42131_/ZN
 _42132_/ZN
 _42133_/ZN
 _42134_/ZN
 _42135_/ZN
 _42136_/ZN
 _42137_/ZN
 _42138_/Z
 _42139_/ZN
 _42140_/ZN
 _42141_/ZN
 _42142_/Z
 _42143_/ZN
 _42144_/ZN
 _42145_/ZN
 _42146_/ZN
 _42147_/ZN
 _42148_/ZN
 _42149_/ZN
 _42150_/ZN
 _42151_/ZN
 _42152_/ZN
 _42153_/ZN
 _42154_/ZN
 _42155_/ZN
 _42156_/ZN
 _42157_/ZN
 _42158_/ZN
 _42159_/ZN
 _42160_/ZN
 _42161_/ZN
 _42162_/ZN
 _42163_/ZN
 _42164_/ZN
 _42165_/ZN
 _42166_/ZN
 _42167_/ZN
 _42168_/ZN
 _42169_/ZN
 _42170_/ZN
 _42171_/ZN
 _42172_/ZN
 _42173_/ZN
 _42174_/ZN
 _42175_/ZN
 _42176_/ZN
 _42177_/ZN
 _42178_/ZN
 _42179_/ZN
 _42180_/ZN
 _42181_/ZN
 _42182_/ZN
 _42183_/ZN
 _42184_/ZN
 _42185_/ZN
 _42186_/ZN
 _42187_/ZN
 _42188_/ZN
 _42189_/ZN
 _42190_/ZN
 _42191_/ZN
 _42192_/ZN
 _42193_/ZN
 _42194_/ZN
 _42195_/ZN
 _42196_/ZN
 _42197_/ZN
 _42198_/ZN
 _42199_/ZN
 _42200_/ZN
 _42201_/ZN
 _42202_/ZN
 _42203_/ZN
 _42204_/ZN
 _42205_/ZN
 _42206_/ZN
 _42207_/ZN
 _42208_/ZN
 _42209_/ZN
 _42210_/ZN
 _42211_/ZN
 _42212_/ZN
 _42213_/ZN
 _42214_/ZN
 _42215_/ZN
 _42216_/ZN
 _42217_/ZN
 _42218_/ZN
 _42219_/ZN
 _42220_/Z
 _42221_/ZN
 _42222_/ZN
 _42223_/ZN
 _42224_/ZN
 _42225_/Z
 _42226_/ZN
 _42227_/ZN
 _42228_/ZN
 _42229_/ZN
 _42230_/ZN
 _42231_/ZN
 _42232_/ZN
 _42233_/ZN
 _42234_/ZN
 _42235_/ZN
 _42236_/ZN
 _42237_/ZN
 _42238_/ZN
 _42239_/ZN
 _42240_/ZN
 _42241_/ZN
 _42242_/ZN
 _42243_/ZN
 _42244_/ZN
 _42245_/ZN
 _42246_/ZN
 _42247_/ZN
 _42248_/ZN
 _42249_/ZN
 _42250_/ZN
 _42251_/ZN
 _42252_/ZN
 _42253_/ZN
 _42254_/ZN
 _42255_/ZN
 _42256_/ZN
 _42257_/ZN
 _42258_/ZN
 _42259_/ZN
 _42260_/ZN
 _42261_/ZN
 _42262_/ZN
 _42263_/ZN
 _42264_/ZN
 _42265_/ZN
 _42266_/ZN
 _42267_/ZN
 _42268_/ZN
 _42269_/ZN
 _42270_/ZN
 _42271_/ZN
 _42272_/ZN
 _42273_/ZN
 _42274_/ZN
 _42275_/ZN
 _42276_/ZN
 _42277_/ZN
 _42278_/ZN
 _42279_/ZN
 _42280_/ZN
 _42281_/ZN
 _42282_/ZN
 _42283_/ZN
 _42284_/ZN
 _42285_/ZN
 _42286_/ZN
 _42287_/ZN
 _42288_/ZN
 _42289_/ZN
 _42290_/ZN
 _42291_/ZN
 _42292_/ZN
 _42293_/ZN
 _42294_/ZN
 _42295_/ZN
 _42296_/ZN
 _42297_/ZN
 _42298_/ZN
 _42299_/ZN
 _42300_/ZN
 _42301_/ZN
 _42302_/ZN
 _42303_/Z
 _42304_/ZN
 _42305_/ZN
 _42306_/ZN
 _42307_/Z
 _42308_/ZN
 _42309_/ZN
 _42310_/ZN
 _42311_/ZN
 _42312_/ZN
 _42313_/ZN
 _42314_/ZN
 _42315_/ZN
 _42316_/ZN
 _42317_/ZN
 _42318_/ZN
 _42319_/ZN
 _42320_/ZN
 _42321_/ZN
 _42322_/ZN
 _42323_/ZN
 _42324_/ZN
 _42325_/ZN
 _42326_/ZN
 _42327_/ZN
 _42328_/ZN
 _42329_/ZN
 _42330_/ZN
 _42331_/ZN
 _42332_/ZN
 _42333_/ZN
 _42334_/ZN
 _42335_/ZN
 _42336_/ZN
 _42337_/ZN
 _42338_/ZN
 _42339_/ZN
 _42340_/ZN
 _42341_/ZN
 _42342_/ZN
 _42343_/ZN
 _42344_/ZN
 _42345_/ZN
 _42346_/ZN
 _42347_/ZN
 _42348_/ZN
 _42349_/ZN
 _42350_/ZN
 _42351_/ZN
 _42352_/ZN
 _42353_/ZN
 _42354_/ZN
 _42355_/ZN
 _42356_/ZN
 _42357_/ZN
 _42358_/ZN
 _42359_/ZN
 _42360_/ZN
 _42361_/ZN
 _42362_/ZN
 _42363_/ZN
 _42364_/ZN
 _42365_/ZN
 _42366_/ZN
 _42367_/ZN
 _42368_/ZN
 _42369_/ZN
 _42370_/ZN
 _42371_/ZN
 _42372_/ZN
 _42373_/ZN
 _42374_/ZN
 _42375_/ZN
 _42376_/ZN
 _42377_/ZN
 _42378_/ZN
 _42379_/ZN
 _42380_/ZN
 _42381_/ZN
 _42382_/ZN
 _42383_/ZN
 _42384_/ZN
 _42385_/ZN
 _42386_/ZN
 _42387_/Z
 _42388_/ZN
 _42389_/ZN
 _42390_/ZN
 _42391_/Z
 _42392_/ZN
 _42393_/ZN
 _42394_/ZN
 _42395_/ZN
 _42396_/ZN
 _42397_/ZN
 _42398_/ZN
 _42399_/ZN
 _42400_/ZN
 _42401_/ZN
 _42402_/ZN
 _42403_/ZN
 _42404_/ZN
 _42405_/ZN
 _42406_/ZN
 _42407_/ZN
 _42408_/ZN
 _42409_/ZN
 _42410_/ZN
 _42411_/ZN
 _42412_/ZN
 _42413_/ZN
 _42414_/ZN
 _42415_/ZN
 _42416_/ZN
 _42417_/ZN
 _42418_/ZN
 _42419_/ZN
 _42420_/ZN
 _42421_/ZN
 _42422_/ZN
 _42423_/ZN
 _42424_/ZN
 _42425_/ZN
 _42426_/ZN
 _42427_/ZN
 _42428_/ZN
 _42429_/ZN
 _42430_/ZN
 _42431_/ZN
 _42432_/ZN
 _42433_/ZN
 _42434_/ZN
 _42435_/ZN
 _42436_/ZN
 _42437_/ZN
 _42438_/ZN
 _42439_/ZN
 _42440_/ZN
 _42441_/ZN
 _42442_/ZN
 _42443_/ZN
 _42444_/ZN
 _42445_/ZN
 _42446_/ZN
 _42447_/ZN
 _42448_/ZN
 _42449_/ZN
 _42450_/ZN
 _42451_/ZN
 _42452_/ZN
 _42453_/ZN
 _42454_/ZN
 _42455_/ZN
 _42456_/ZN
 _42457_/ZN
 _42458_/ZN
 _42459_/ZN
 _42460_/ZN
 _42461_/ZN
 _42462_/ZN
 _42463_/ZN
 _42464_/ZN
 _42465_/ZN
 _42466_/ZN
 _42467_/ZN
 _42468_/ZN
 _42469_/ZN
 _42470_/Z
 _42471_/ZN
 _42472_/ZN
 _42473_/ZN
 _42474_/Z
 _42475_/ZN
 _42476_/ZN
 _42477_/ZN
 _42478_/ZN
 _42479_/ZN
 _42480_/ZN
 _42481_/ZN
 _42482_/ZN
 _42483_/ZN
 _42484_/ZN
 _42485_/ZN
 _42486_/ZN
 _42487_/ZN
 _42488_/ZN
 _42489_/ZN
 _42490_/ZN
 _42491_/ZN
 _42492_/ZN
 _42493_/ZN
 _42494_/ZN
 _42495_/ZN
 _42496_/ZN
 _42497_/ZN
 _42498_/ZN
 _42499_/ZN
 _42500_/ZN
 _42501_/ZN
 _42502_/ZN
 _42503_/ZN
 _42504_/ZN
 _42505_/ZN
 _42506_/ZN
 _42507_/ZN
 _42508_/ZN
 _42509_/ZN
 _42510_/ZN
 _42511_/ZN
 _42512_/ZN
 _42513_/ZN
 _42514_/ZN
 _42515_/ZN
 _42516_/ZN
 _42517_/ZN
 _42518_/ZN
 _42519_/ZN
 _42520_/ZN
 _42521_/ZN
 _42522_/ZN
 _42523_/ZN
 _42524_/ZN
 _42525_/ZN
 _42526_/ZN
 _42527_/ZN
 _42528_/ZN
 _42529_/ZN
 _42530_/ZN
 _42531_/ZN
 _42532_/ZN
 _42533_/ZN
 _42534_/ZN
 _42535_/ZN
 _42536_/ZN
 _42537_/ZN
 _42538_/ZN
 _42539_/ZN
 _42540_/ZN
 _42541_/ZN
 _42542_/ZN
 _42543_/ZN
 _42544_/ZN
 _42545_/ZN
 _42546_/ZN
 _42547_/ZN
 _42548_/ZN
 _42549_/ZN
 _42550_/ZN
 _42551_/ZN
 _42552_/ZN
 _42553_/ZN
 _42554_/Z
 _42555_/ZN
 _42556_/ZN
 _42557_/ZN
 _42558_/Z
 _42559_/ZN
 _42560_/ZN
 _42561_/ZN
 _42562_/ZN
 _42563_/ZN
 _42564_/ZN
 _42565_/ZN
 _42566_/ZN
 _42567_/ZN
 _42568_/ZN
 _42569_/ZN
 _42570_/ZN
 _42571_/ZN
 _42572_/ZN
 _42573_/ZN
 _42574_/ZN
 _42575_/ZN
 _42576_/ZN
 _42577_/ZN
 _42578_/ZN
 _42579_/ZN
 _42580_/ZN
 _42581_/ZN
 _42582_/ZN
 _42583_/ZN
 _42584_/ZN
 _42585_/ZN
 _42586_/ZN
 _42587_/ZN
 _42588_/ZN
 _42589_/ZN
 _42590_/ZN
 _42591_/ZN
 _42592_/ZN
 _42593_/ZN
 _42594_/ZN
 _42595_/ZN
 _42596_/ZN
 _42597_/ZN
 _42598_/ZN
 _42599_/ZN
 _42600_/ZN
 _42601_/ZN
 _42602_/ZN
 _42603_/ZN
 _42604_/ZN
 _42605_/ZN
 _42606_/ZN
 _42607_/ZN
 _42608_/ZN
 _42609_/ZN
 _42610_/ZN
 _42611_/ZN
 _42612_/ZN
 _42613_/ZN
 _42614_/ZN
 _42615_/ZN
 _42616_/ZN
 _42617_/ZN
 _42618_/ZN
 _42619_/ZN
 _42620_/ZN
 _42621_/ZN
 _42622_/ZN
 _42623_/ZN
 _42624_/ZN
 _42625_/ZN
 _42626_/ZN
 _42627_/ZN
 _42628_/ZN
 _42629_/ZN
 _42630_/ZN
 _42631_/ZN
 _42632_/ZN
 _42633_/ZN
 _42634_/ZN
 _42635_/ZN
 _42636_/ZN
 _42637_/Z
 _42638_/ZN
 _42639_/ZN
 _42640_/ZN
 _42641_/Z
 _42642_/ZN
 _42643_/ZN
 _42644_/ZN
 _42645_/ZN
 _42646_/ZN
 _42647_/ZN
 _42648_/ZN
 _42649_/ZN
 _42650_/ZN
 _42651_/ZN
 _42652_/ZN
 _42653_/ZN
 _42654_/ZN
 _42655_/ZN
 _42656_/ZN
 _42657_/ZN
 _42658_/ZN
 _42659_/ZN
 _42660_/ZN
 _42661_/ZN
 _42662_/ZN
 _42663_/ZN
 _42664_/ZN
 _42665_/ZN
 _42666_/ZN
 _42667_/ZN
 _42668_/ZN
 _42669_/ZN
 _42670_/ZN
 _42671_/ZN
 _42672_/ZN
 _42673_/ZN
 _42674_/ZN
 _42675_/ZN
 _42676_/ZN
 _42677_/ZN
 _42678_/ZN
 _42679_/ZN
 _42680_/ZN
 _42681_/ZN
 _42682_/ZN
 _42683_/ZN
 _42684_/ZN
 _42685_/ZN
 _42686_/ZN
 _42687_/ZN
 _42688_/ZN
 _42689_/ZN
 _42690_/ZN
 _42691_/ZN
 _42692_/ZN
 _42693_/ZN
 _42694_/ZN
 _42695_/ZN
 _42696_/ZN
 _42697_/ZN
 _42698_/ZN
 _42699_/ZN
 _42700_/ZN
 _42701_/ZN
 _42702_/ZN
 _42703_/ZN
 _42704_/ZN
 _42705_/ZN
 _42706_/ZN
 _42707_/ZN
 _42708_/ZN
 _42709_/ZN
 _42710_/ZN
 _42711_/ZN
 _42712_/ZN
 _42713_/ZN
 _42714_/ZN
 _42715_/ZN
 _42716_/ZN
 _42717_/ZN
 _42718_/ZN
 _42719_/Z
 _42720_/ZN
 _42721_/ZN
 _42722_/ZN
 _42723_/Z
 _42724_/ZN
 _42725_/ZN
 _42726_/ZN
 _42727_/ZN
 _42728_/ZN
 _42729_/ZN
 _42730_/ZN
 _42731_/ZN
 _42732_/ZN
 _42733_/ZN
 _42734_/ZN
 _42735_/ZN
 _42736_/ZN
 _42737_/ZN
 _42738_/ZN
 _42739_/ZN
 _42740_/ZN
 _42741_/ZN
 _42742_/ZN
 _42743_/ZN
 _42744_/ZN
 _42745_/ZN
 _42746_/ZN
 _42747_/ZN
 _42748_/ZN
 _42749_/ZN
 _42750_/ZN
 _42751_/ZN
 _42752_/ZN
 _42753_/ZN
 _42754_/ZN
 _42755_/ZN
 _42756_/ZN
 _42757_/ZN
 _42758_/ZN
 _42759_/ZN
 _42760_/ZN
 _42761_/ZN
 _42762_/ZN
 _42763_/ZN
 _42764_/ZN
 _42765_/ZN
 _42766_/ZN
 _42767_/ZN
 _42768_/ZN
 _42769_/ZN
 _42770_/ZN
 _42771_/ZN
 _42772_/ZN
 _42773_/ZN
 _42774_/ZN
 _42775_/ZN
 _42776_/ZN
 _42777_/ZN
 _42778_/ZN
 _42779_/ZN
 _42780_/ZN
 _42781_/ZN
 _42782_/ZN
 _42783_/ZN
 _42784_/ZN
 _42785_/ZN
 _42786_/ZN
 _42787_/ZN
 _42788_/ZN
 _42789_/ZN
 _42790_/ZN
 _42791_/ZN
 _42792_/ZN
 _42793_/ZN
 _42794_/ZN
 _42795_/ZN
 _42796_/ZN
 _42797_/ZN
 _42798_/ZN
 _42799_/ZN
 _42800_/ZN
 _42801_/ZN
 _42802_/Z
 _42803_/ZN
 _42804_/ZN
 _42805_/ZN
 _42806_/Z
 _42807_/ZN
 _42808_/ZN
 _42809_/ZN
 _42810_/ZN
 _42811_/ZN
 _42812_/ZN
 _42813_/ZN
 _42814_/ZN
 _42815_/ZN
 _42816_/ZN
 _42817_/ZN
 _42818_/ZN
 _42819_/ZN
 _42820_/ZN
 _42821_/ZN
 _42822_/ZN
 _42823_/ZN
 _42824_/ZN
 _42825_/ZN
 _42826_/ZN
 _42827_/ZN
 _42828_/ZN
 _42829_/ZN
 _42830_/ZN
 _42831_/ZN
 _42832_/ZN
 _42833_/ZN
 _42834_/ZN
 _42835_/ZN
 _42836_/ZN
 _42837_/ZN
 _42838_/ZN
 _42839_/ZN
 _42840_/ZN
 _42841_/ZN
 _42842_/ZN
 _42843_/ZN
 _42844_/ZN
 _42845_/ZN
 _42846_/ZN
 _42847_/ZN
 _42848_/ZN
 _42849_/ZN
 _42850_/ZN
 _42851_/ZN
 _42852_/ZN
 _42853_/ZN
 _42854_/ZN
 _42855_/ZN
 _42856_/ZN
 _42857_/ZN
 _42858_/ZN
 _42859_/ZN
 _42860_/ZN
 _42861_/ZN
 _42862_/ZN
 _42863_/ZN
 _42864_/ZN
 _42865_/ZN
 _42866_/ZN
 _42867_/ZN
 _42868_/ZN
 _42869_/ZN
 _42870_/ZN
 _42871_/ZN
 _42872_/ZN
 _42873_/ZN
 _42874_/ZN
 _42875_/ZN
 _42876_/ZN
 _42877_/ZN
 _42878_/ZN
 _42879_/ZN
 _42880_/ZN
 _42881_/ZN
 _42882_/ZN
 _42883_/ZN
 _42884_/ZN
 _42885_/ZN
 _42886_/ZN
 _42887_/ZN
 _42888_/ZN
 _42889_/ZN
 _42890_/ZN
 _42891_/ZN
 _42892_/ZN
 _42893_/ZN
 _42894_/ZN
 _42895_/ZN
 _42896_/ZN
 _42897_/ZN
 _42898_/ZN
 _42899_/ZN
 _42900_/ZN
 _42901_/ZN
 _42902_/ZN
 _42903_/ZN
 _42904_/ZN
 _42905_/ZN
 _42906_/ZN
 _42907_/ZN
 _42908_/ZN
 _42909_/ZN
 _42910_/ZN
 _42911_/ZN
 _42912_/ZN
 _42913_/ZN
 _42914_/ZN
 _42915_/ZN
 _42916_/ZN
 _42917_/ZN
 _42918_/ZN
 _42919_/ZN
 _42920_/ZN
 _42921_/ZN
 _42922_/ZN
 _42923_/ZN
 _42924_/ZN
 _42925_/ZN
 _42926_/ZN
 _42927_/ZN
 _42928_/ZN
 _42929_/ZN
 _42930_/ZN
 _42931_/ZN
 _42932_/ZN
 _42933_/ZN
 _42934_/ZN
 _42935_/ZN
 _42936_/ZN
 _42937_/ZN
 _42938_/ZN
 _42939_/ZN
 _42940_/ZN
 _42941_/ZN
 _42942_/ZN
 _42943_/ZN
 _42944_/ZN
 _42945_/ZN
 _42946_/ZN
 _42947_/ZN
 _42948_/ZN
 _42949_/ZN
 _42950_/ZN
 _42951_/ZN
 _42952_/ZN
 _42953_/ZN
 _42954_/ZN
 _42955_/ZN
 _42956_/ZN
 _42957_/ZN
 _42958_/ZN
 _42959_/ZN
 _42960_/ZN
 _42961_/ZN
 _42962_/ZN
 _42963_/ZN
 _42964_/ZN
 _42965_/ZN
 _42966_/ZN
 _42967_/ZN
 _42968_/ZN
 _42969_/ZN
 _42970_/ZN
 _42971_/ZN
 _42972_/ZN
 _42973_/Z
 _42974_/ZN
 _42975_/ZN
 _42976_/ZN
 _42977_/ZN
 _42978_/ZN
 _42979_/ZN
 _42980_/ZN
 _42981_/ZN
 _42982_/ZN
 _42983_/ZN
 _42984_/ZN
 _42985_/ZN
 _42986_/ZN
 _42987_/ZN
 _42988_/Z
 _42989_/ZN
 _42990_/ZN
 _42991_/ZN
 _42992_/ZN
 _42993_/ZN
 _42994_/ZN
 _42995_/ZN
 _42996_/ZN
 _42997_/ZN
 _42998_/ZN
 _42999_/ZN
 _43000_/ZN
 _43001_/ZN
 _43002_/ZN
 _43003_/ZN
 _43004_/ZN
 _43005_/ZN
 _43006_/ZN
 _43007_/ZN
 _43008_/ZN
 _43009_/ZN
 _43010_/ZN
 _43011_/ZN
 _43012_/ZN
 _43013_/ZN
 _43014_/ZN
 _43015_/ZN
 _43016_/ZN
 _43017_/ZN
 _43018_/Z
 _43019_/Z
 _43020_/ZN
 _43021_/ZN
 _43022_/ZN
 _43023_/ZN
 _43024_/ZN
 _43025_/ZN
 _43026_/ZN
 _43027_/ZN
 _43028_/ZN
 _43029_/ZN
 _43030_/ZN
 _43031_/ZN
 _43032_/ZN
 _43033_/ZN
 _43034_/ZN
 _43035_/ZN
 _43036_/ZN
 _43037_/ZN
 _43038_/ZN
 _43039_/ZN
 _43040_/ZN
 _43041_/ZN
 _43042_/ZN
 _43043_/ZN
 _43044_/ZN
 _43045_/ZN
 _43046_/ZN
 _43047_/ZN
 _43048_/ZN
 _43049_/Z
 _43050_/ZN
 _43051_/ZN
 _43052_/ZN
 _43053_/ZN
 _43054_/Z
 _43055_/ZN
 _43056_/Z
 _43057_/Z
 _43058_/Z
 _43059_/Z
 _43060_/ZN
 _43061_/ZN
 _43062_/Z
 _43063_/ZN
 _43064_/ZN
 _43065_/ZN
 _43066_/ZN
 _43067_/ZN
 _43068_/Z
 _43069_/ZN
 _43070_/ZN
 _43071_/ZN
 _43072_/ZN
 _43073_/ZN
 _43074_/Z
 _43075_/ZN
 _43076_/ZN
 _43077_/ZN
 _43078_/ZN
 _43079_/ZN
 _43080_/Z
 _43081_/ZN
 _43082_/ZN
 _43083_/ZN
 _43084_/ZN
 _43085_/ZN
 _43086_/Z
 _43087_/ZN
 _43088_/ZN
 _43089_/ZN
 _43090_/ZN
 _43091_/ZN
 _43092_/Z
 _43093_/ZN
 _43094_/ZN
 _43095_/ZN
 _43096_/ZN
 _43097_/ZN
 _43098_/Z
 _43099_/ZN
 _43100_/ZN
 _43101_/ZN
 _43102_/ZN
 _43103_/ZN
 _43104_/Z
 _43105_/ZN
 _43106_/ZN
 _43107_/ZN
 _43108_/ZN
 _43109_/ZN
 _43110_/ZN
 _43111_/ZN
 _43112_/ZN
 _43113_/ZN
 _43114_/ZN
 _43115_/ZN
 _43116_/ZN
 _43117_/Z
 _43118_/ZN
 _43119_/ZN
 _43120_/ZN
 _43121_/ZN
 _43122_/ZN
 _43123_/ZN
 _43124_/ZN
 _43125_/ZN
 _43126_/ZN
 _43127_/ZN
 _43128_/ZN
 _43129_/ZN
 _43130_/ZN
 _43131_/Z
 _43132_/ZN
 _43133_/ZN
 _43134_/Z
 _43135_/ZN
 _43136_/ZN
 _43137_/ZN
 _43138_/ZN
 _43139_/ZN
 _43140_/ZN
 _43141_/ZN
 _43142_/ZN
 _43143_/ZN
 _43144_/ZN
 _43145_/ZN
 _43146_/ZN
 _43147_/ZN
 _43148_/Z
 _43149_/Z
 _43150_/Z
 _43151_/Z
 _43152_/ZN
 _43153_/ZN
 _43154_/Z
 _43155_/ZN
 _43156_/Z
 _43157_/ZN
 _43158_/ZN
 _43159_/ZN
 _43160_/ZN
 _43161_/ZN
 _43162_/Z
 _43163_/ZN
 _43164_/ZN
 _43165_/ZN
 _43166_/ZN
 _43167_/ZN
 _43168_/Z
 _43169_/ZN
 _43170_/ZN
 _43171_/ZN
 _43172_/ZN
 _43173_/ZN
 _43174_/Z
 _43175_/ZN
 _43176_/ZN
 _43177_/ZN
 _43178_/ZN
 _43179_/ZN
 _43180_/Z
 _43181_/ZN
 _43182_/ZN
 _43183_/ZN
 _43184_/ZN
 _43185_/ZN
 _43186_/Z
 _43187_/ZN
 _43188_/ZN
 _43189_/ZN
 _43190_/ZN
 _43191_/ZN
 _43192_/Z
 _43193_/ZN
 _43194_/ZN
 _43195_/ZN
 _43196_/ZN
 _43197_/ZN
 _43198_/Z
 _43199_/ZN
 _43200_/ZN
 _43201_/ZN
 _43202_/ZN
 _43203_/ZN
 _43204_/ZN
 _43205_/ZN
 _43206_/ZN
 _43207_/Z
 _43208_/ZN
 _43209_/Z
 _43210_/Z
 _43211_/ZN
 _43212_/Z
 _43213_/ZN
 _43214_/ZN
 _43215_/Z
 _43216_/ZN
 _43217_/ZN
 _43218_/ZN
 _43219_/ZN
 _43220_/ZN
 _43221_/Z
 _43222_/ZN
 _43223_/ZN
 _43224_/ZN
 _43225_/ZN
 _43226_/ZN
 _43227_/Z
 _43228_/ZN
 _43229_/ZN
 _43230_/ZN
 _43231_/ZN
 _43232_/ZN
 _43233_/Z
 _43234_/ZN
 _43235_/ZN
 _43236_/ZN
 _43237_/ZN
 _43238_/ZN
 _43239_/Z
 _43240_/ZN
 _43241_/ZN
 _43242_/ZN
 _43243_/ZN
 _43244_/ZN
 _43245_/Z
 _43246_/ZN
 _43247_/ZN
 _43248_/ZN
 _43249_/ZN
 _43250_/ZN
 _43251_/Z
 _43252_/ZN
 _43253_/ZN
 _43254_/ZN
 _43255_/ZN
 _43256_/ZN
 _43257_/Z
 _43258_/ZN
 _43259_/ZN
 _43260_/ZN
 _43261_/ZN
 _43262_/ZN
 _43263_/ZN
 _43264_/ZN
 _43265_/Z
 _43266_/ZN
 _43267_/Z
 _43268_/Z
 _43269_/ZN
 _43270_/ZN
 _43271_/ZN
 _43272_/ZN
 _43273_/ZN
 _43274_/ZN
 _43275_/ZN
 _43276_/ZN
 _43277_/ZN
 _43278_/ZN
 _43279_/ZN
 _43280_/ZN
 _43281_/ZN
 _43282_/ZN
 _43283_/ZN
 _43284_/ZN
 _43285_/ZN
 _43286_/ZN
 _43287_/ZN
 _43288_/ZN
 _43289_/ZN
 _43290_/ZN
 _43291_/ZN
 _43292_/ZN
 _43293_/ZN
 _43294_/ZN
 _43295_/ZN
 _43296_/ZN
 _43297_/ZN
 _43298_/ZN
 _43299_/ZN
 _43300_/ZN
 _43301_/ZN
 _43302_/ZN
 _43303_/Z
 _43304_/ZN
 _43305_/Z
 _43306_/ZN
 _43307_/ZN
 _43308_/ZN
 _43309_/ZN
 _43310_/ZN
 _43311_/ZN
 _43312_/ZN
 _43313_/ZN
 _43314_/Z
 _43315_/ZN
 _43316_/ZN
 _43317_/ZN
 _43318_/ZN
 _43319_/ZN
 _43320_/ZN
 _43321_/ZN
 _43322_/ZN
 _43323_/ZN
 _43324_/ZN
 _43325_/ZN
 _43326_/ZN
 _43327_/ZN
 _43328_/ZN
 _43329_/ZN
 _43330_/ZN
 _43331_/ZN
 _43332_/ZN
 _43333_/ZN
 _43334_/ZN
 _43335_/ZN
 _43336_/ZN
 _43337_/ZN
 _43338_/ZN
 _43339_/ZN
 _43340_/ZN
 _43341_/ZN
 _43342_/ZN
 _43343_/ZN
 _43344_/ZN
 _43345_/ZN
 _43346_/ZN
 _43347_/ZN
 _43348_/ZN
 _43349_/ZN
 _43350_/ZN
 _43351_/ZN
 _43352_/ZN
 _43353_/Z
 _43354_/ZN
 _43355_/ZN
 _43356_/ZN
 _43357_/ZN
 _43358_/ZN
 _43359_/ZN
 _43360_/ZN
 _43361_/ZN
 _43362_/ZN
 _43363_/ZN
 _43364_/ZN
 _43365_/ZN
 _43366_/ZN
 _43367_/ZN
 _43368_/ZN
 _43369_/ZN
 _43370_/ZN
 _43371_/ZN
 _43372_/ZN
 _43373_/ZN
 _43374_/Z
 _43375_/ZN
 _43376_/ZN
 _43377_/ZN
 _43378_/ZN
 _43379_/ZN
 _43380_/ZN
 _43381_/ZN
 _43382_/ZN
 _43383_/ZN
 _43384_/ZN
 _43385_/ZN
 _43386_/ZN
 _43387_/ZN
 _43388_/ZN
 _43389_/ZN
 _43390_/ZN
 _43391_/ZN
 _43392_/ZN
 _43393_/ZN
 _43394_/ZN
 _43395_/ZN
 _43396_/ZN
 _43397_/ZN
 _43398_/ZN
 _43399_/ZN
 _43400_/ZN
 _43401_/ZN
 _43402_/ZN
 _43403_/ZN
 _43404_/ZN
 _43405_/ZN
 _43406_/ZN
 _43407_/ZN
 _43408_/ZN
 _43409_/ZN
 _43410_/ZN
 _43411_/ZN
 _43412_/ZN
 _43413_/ZN
 _43414_/Z
 _43415_/ZN
 _43416_/ZN
 _43417_/Z
 _43418_/ZN
 _43419_/ZN
 _43420_/ZN
 _43421_/ZN
 _43422_/Z
 _43423_/ZN
 _43424_/ZN
 _43425_/ZN
 _43426_/ZN
 _43427_/Z
 _43428_/ZN
 _43429_/ZN
 _43430_/ZN
 _43431_/ZN
 _43432_/ZN
 _43433_/Z
 _43434_/ZN
 _43435_/ZN
 _43436_/ZN
 _43437_/ZN
 _43438_/Z
 _43439_/ZN
 _43440_/ZN
 _43441_/ZN
 _43442_/ZN
 _43443_/Z
 _43444_/ZN
 _43445_/ZN
 _43446_/ZN
 _43447_/ZN
 _43448_/Z
 _43449_/ZN
 _43450_/ZN
 _43451_/ZN
 _43452_/ZN
 _43453_/Z
 _43454_/ZN
 _43455_/ZN
 _43456_/ZN
 _43457_/ZN
 _43458_/ZN
 _43459_/Z
 _43460_/ZN
 _43461_/ZN
 _43462_/ZN
 _43463_/ZN
 _43464_/ZN
 _43465_/ZN
 _43466_/ZN
 _43467_/ZN
 _43468_/ZN
 _43469_/ZN
 _43470_/ZN
 _43471_/ZN
 _43472_/ZN
 _43473_/ZN
 _43474_/ZN
 _43475_/ZN
 _43476_/ZN
 _43477_/Z
 _43478_/ZN
 _43479_/ZN
 _43480_/ZN
 _43481_/ZN
 _43482_/ZN
 _43483_/ZN
 _43484_/ZN
 _43485_/ZN
 _43486_/ZN
 _43487_/ZN
 _43488_/ZN
 _43489_/ZN
 _43490_/ZN
 _43491_/ZN
 _43492_/ZN
 _43493_/ZN
 _43494_/ZN
 _43495_/Z
 _43496_/ZN
 _43497_/ZN
 _43498_/ZN
 _43499_/ZN
 _43500_/ZN
 _43501_/ZN
 _43502_/ZN
 _43503_/ZN
 _43504_/ZN
 _43505_/ZN
 _43506_/ZN
 _43507_/ZN
 _43508_/ZN
 _43509_/ZN
 _43510_/ZN
 _43511_/ZN
 _43512_/ZN
 _43513_/Z
 _43514_/ZN
 _43515_/ZN
 _43516_/ZN
 _43517_/ZN
 _43518_/ZN
 _43519_/ZN
 _43520_/ZN
 _43521_/ZN
 _43522_/ZN
 _43523_/ZN
 _43524_/ZN
 _43525_/ZN
 _43526_/ZN
 _43527_/ZN
 _43528_/ZN
 _43529_/ZN
 _43530_/ZN
 _43531_/ZN
 _43532_/ZN
 _43533_/Z
 _43534_/ZN
 _43535_/ZN
 _43536_/ZN
 _43537_/ZN
 _43538_/ZN
 _43539_/ZN
 _43540_/ZN
 _43541_/ZN
 _43542_/ZN
 _43543_/ZN
 _43544_/ZN
 _43545_/ZN
 _43546_/ZN
 _43547_/ZN
 _43548_/ZN
 _43549_/ZN
 _43550_/ZN
 _43551_/Z
 _43552_/ZN
 _43553_/ZN
 _43554_/ZN
 _43555_/ZN
 _43556_/ZN
 _43557_/ZN
 _43558_/ZN
 _43559_/ZN
 _43560_/ZN
 _43561_/ZN
 _43562_/ZN
 _43563_/ZN
 _43564_/ZN
 _43565_/ZN
 _43566_/ZN
 _43567_/ZN
 _43568_/ZN
 _43569_/Z
 _43570_/ZN
 _43571_/ZN
 _43572_/ZN
 _43573_/ZN
 _43574_/ZN
 _43575_/ZN
 _43576_/ZN
 _43577_/ZN
 _43578_/ZN
 _43579_/ZN
 _43580_/ZN
 _43581_/ZN
 _43582_/ZN
 _43583_/ZN
 _43584_/ZN
 _43585_/ZN
 _43586_/ZN
 _43587_/Z
 _43588_/ZN
 _43589_/ZN
 _43590_/ZN
 _43591_/ZN
 _43592_/ZN
 _43593_/ZN
 _43594_/ZN
 _43595_/ZN
 _43596_/ZN
 _43597_/ZN
 _43598_/ZN
 _43599_/ZN
 _43600_/ZN
 _43601_/ZN
 _43602_/ZN
 _43603_/ZN
 _43604_/ZN
 _43605_/ZN
 _43606_/ZN
 _43607_/Z
 _43608_/ZN
 _43609_/ZN
 _43610_/ZN
 _43611_/ZN
 _43612_/ZN
 _43613_/ZN
 _43614_/ZN
 _43615_/ZN
 _43616_/ZN
 _43617_/ZN
 _43618_/ZN
 _43619_/ZN
 _43620_/ZN
 _43621_/ZN
 _43622_/ZN
 _43623_/ZN
 _43624_/ZN
 _43625_/Z
 _43626_/ZN
 _43627_/ZN
 _43628_/ZN
 _43629_/ZN
 _43630_/ZN
 _43631_/ZN
 _43632_/ZN
 _43633_/ZN
 _43634_/ZN
 _43635_/ZN
 _43636_/ZN
 _43637_/ZN
 _43638_/ZN
 _43639_/ZN
 _43640_/ZN
 _43641_/ZN
 _43642_/ZN
 _43643_/Z
 _43644_/ZN
 _43645_/ZN
 _43646_/ZN
 _43647_/ZN
 _43648_/ZN
 _43649_/ZN
 _43650_/ZN
 _43651_/ZN
 _43652_/ZN
 _43653_/ZN
 _43654_/ZN
 _43655_/ZN
 _43656_/ZN
 _43657_/ZN
 _43658_/ZN
 _43659_/ZN
 _43660_/ZN
 _43661_/Z
 _43662_/ZN
 _43663_/ZN
 _43664_/ZN
 _43665_/ZN
 _43666_/ZN
 _43667_/ZN
 _43668_/ZN
 _43669_/ZN
 _43670_/ZN
 _43671_/ZN
 _43672_/ZN
 _43673_/ZN
 _43674_/ZN
 _43675_/ZN
 _43676_/ZN
 _43677_/ZN
 _43678_/ZN
 _43679_/ZN
 _43680_/Z
 _43681_/ZN
 _43682_/ZN
 _43683_/ZN
 _43684_/ZN
 _43685_/ZN
 _43686_/ZN
 _43687_/ZN
 _43688_/ZN
 _43689_/ZN
 _43690_/ZN
 _43691_/ZN
 _43692_/ZN
 _43693_/ZN
 _43694_/ZN
 _43695_/ZN
 _43696_/ZN
 _43697_/ZN
 _43698_/Z
 _43699_/ZN
 _43700_/ZN
 _43701_/ZN
 _43702_/ZN
 _43703_/ZN
 _43704_/ZN
 _43705_/ZN
 _43706_/ZN
 _43707_/ZN
 _43708_/ZN
 _43709_/ZN
 _43710_/ZN
 _43711_/ZN
 _43712_/ZN
 _43713_/ZN
 _43714_/ZN
 _43715_/ZN
 _43716_/Z
 _43717_/ZN
 _43718_/ZN
 _43719_/ZN
 _43720_/ZN
 _43721_/ZN
 _43722_/ZN
 _43723_/ZN
 _43724_/ZN
 _43725_/ZN
 _43726_/ZN
 _43727_/ZN
 _43728_/ZN
 _43729_/ZN
 _43730_/ZN
 _43731_/ZN
 _43732_/ZN
 _43733_/ZN
 _43734_/Z
 _43735_/ZN
 _43736_/ZN
 _43737_/ZN
 _43738_/ZN
 _43739_/ZN
 _43740_/ZN
 _43741_/ZN
 _43742_/ZN
 _43743_/ZN
 _43744_/ZN
 _43745_/ZN
 _43746_/ZN
 _43747_/ZN
 _43748_/ZN
 _43749_/ZN
 _43750_/ZN
 _43751_/ZN
 _43752_/ZN
 _43753_/Z
 _43754_/ZN
 _43755_/ZN
 _43756_/ZN
 _43757_/ZN
 _43758_/ZN
 _43759_/ZN
 _43760_/ZN
 _43761_/ZN
 _43762_/ZN
 _43763_/ZN
 _43764_/ZN
 _43765_/ZN
 _43766_/ZN
 _43767_/ZN
 _43768_/ZN
 _43769_/ZN
 _43770_/ZN
 _43771_/Z
 _43772_/ZN
 _43773_/ZN
 _43774_/ZN
 _43775_/ZN
 _43776_/ZN
 _43777_/ZN
 _43778_/ZN
 _43779_/ZN
 _43780_/ZN
 _43781_/ZN
 _43782_/ZN
 _43783_/ZN
 _43784_/ZN
 _43785_/ZN
 _43786_/ZN
 _43787_/ZN
 _43788_/ZN
 _43789_/Z
 _43790_/ZN
 _43791_/ZN
 _43792_/ZN
 _43793_/ZN
 _43794_/ZN
 _43795_/ZN
 _43796_/ZN
 _43797_/ZN
 _43798_/ZN
 _43799_/ZN
 _43800_/ZN
 _43801_/ZN
 _43802_/ZN
 _43803_/ZN
 _43804_/ZN
 _43805_/ZN
 _43806_/ZN
 _43807_/Z
 _43808_/ZN
 _43809_/ZN
 _43810_/ZN
 _43811_/ZN
 _43812_/ZN
 _43813_/ZN
 _43814_/ZN
 _43815_/ZN
 _43816_/ZN
 _43817_/ZN
 _43818_/ZN
 _43819_/ZN
 _43820_/ZN
 _43821_/ZN
 _43822_/ZN
 _43823_/ZN
 _43824_/Z
 _43825_/ZN
 _43826_/ZN
 _43827_/ZN
 _43828_/ZN
 _43829_/ZN
 _43830_/Z
 _43831_/ZN
 _43832_/ZN
 _43833_/Z
 _43834_/ZN
 _43835_/ZN
 _43836_/Z
 _43837_/ZN
 _43838_/ZN
 _43839_/Z
 _43840_/ZN
 _43841_/ZN
 _43842_/Z
 _43843_/ZN
 _43844_/ZN
 _43845_/Z
 _43846_/ZN
 _43847_/ZN
 _43848_/Z
 _43849_/ZN
 _43850_/ZN
 _43851_/Z
 _43852_/ZN
 _43853_/ZN
 _43854_/ZN
 _43855_/ZN
 _43856_/Z
 _43857_/ZN
 _43858_/Z
 _43859_/ZN
 _43860_/Z
 _43861_/ZN
 _43862_/ZN
 _43863_/ZN
 _43864_/ZN
 _43865_/ZN
 _43866_/Z
 _43867_/ZN
 _43868_/ZN
 _43869_/ZN
 _43870_/ZN
 _43871_/ZN
 _43872_/Z
 _43873_/ZN
 _43874_/ZN
 _43875_/ZN
 _43876_/ZN
 _43877_/ZN
 _43878_/Z
 _43879_/ZN
 _43880_/ZN
 _43881_/ZN
 _43882_/ZN
 _43883_/ZN
 _43884_/Z
 _43885_/ZN
 _43886_/ZN
 _43887_/ZN
 _43888_/ZN
 _43889_/ZN
 _43890_/Z
 _43891_/ZN
 _43892_/ZN
 _43893_/ZN
 _43894_/ZN
 _43895_/ZN
 _43896_/Z
 _43897_/ZN
 _43898_/ZN
 _43899_/ZN
 _43900_/ZN
 _43901_/ZN
 _43902_/Z
 _43903_/ZN
 _43904_/ZN
 _43905_/Z
 _43906_/ZN
 _43907_/Z
 _43908_/ZN
 _43909_/ZN
 _43910_/Z
 _43911_/ZN
 _43912_/ZN
 _43913_/Z
 _43914_/ZN
 _43915_/ZN
 _43916_/Z
 _43917_/ZN
 _43918_/ZN
 _43919_/Z
 _43920_/ZN
 _43921_/ZN
 _43922_/Z
 _43923_/ZN
 _43924_/ZN
 _43925_/Z
 _43926_/ZN
 _43927_/ZN
 _43928_/Z
 _43929_/ZN
 _43930_/ZN
 _43931_/Z
 _43932_/ZN
 _43933_/Z
 _43934_/ZN
 _43935_/ZN
 _43936_/Z
 _43937_/ZN
 _43938_/ZN
 _43939_/Z
 _43940_/ZN
 _43941_/ZN
 _43942_/Z
 _43943_/ZN
 _43944_/ZN
 _43945_/Z
 _43946_/ZN
 _43947_/ZN
 _43948_/Z
 _43949_/ZN
 _43950_/ZN
 _43951_/Z
 _43952_/ZN
 _43953_/ZN
 _43954_/Z
 _43955_/ZN
 _43956_/ZN
 _43957_/ZN
 _43958_/ZN
 _43959_/ZN
 _43960_/ZN
 _43961_/Z
 _43962_/ZN
 _43963_/ZN
 _43964_/ZN
 _43965_/ZN
 _43966_/ZN
 _43967_/ZN
 _43968_/ZN
 _43969_/ZN
 _43970_/ZN
 _43971_/ZN
 _43972_/ZN
 _43973_/ZN
 _43974_/ZN
 _43975_/ZN
 _43976_/ZN
 _43977_/ZN
 _43978_/ZN
 _43979_/Z
 _43980_/ZN
 _43981_/ZN
 _43982_/ZN
 _43983_/ZN
 _43984_/ZN
 _43985_/ZN
 _43986_/ZN
 _43987_/ZN
 _43988_/ZN
 _43989_/ZN
 _43990_/ZN
 _43991_/ZN
 _43992_/ZN
 _43993_/ZN
 _43994_/ZN
 _43995_/ZN
 _43996_/ZN
 _43997_/Z
 _43998_/ZN
 _43999_/ZN
 _44000_/ZN
 _44001_/ZN
 _44002_/ZN
 _44003_/ZN
 _44004_/ZN
 _44005_/ZN
 _44006_/ZN
 _44007_/ZN
 _44008_/ZN
 _44009_/ZN
 _44010_/ZN
 _44011_/ZN
 _44012_/ZN
 _44013_/ZN
 _44014_/ZN
 _44015_/Z
 _44016_/ZN
 _44017_/ZN
 _44018_/ZN
 _44019_/ZN
 _44020_/ZN
 _44021_/ZN
 _44022_/ZN
 _44023_/ZN
 _44024_/ZN
 _44025_/ZN
 _44026_/ZN
 _44027_/ZN
 _44028_/ZN
 _44029_/ZN
 _44030_/ZN
 _44031_/ZN
 _44032_/ZN
 _44033_/ZN
 _44034_/ZN
 _44035_/Z
 _44036_/ZN
 _44037_/ZN
 _44038_/ZN
 _44039_/ZN
 _44040_/ZN
 _44041_/ZN
 _44042_/ZN
 _44043_/ZN
 _44044_/ZN
 _44045_/ZN
 _44046_/ZN
 _44047_/ZN
 _44048_/ZN
 _44049_/ZN
 _44050_/ZN
 _44051_/ZN
 _44052_/ZN
 _44053_/Z
 _44054_/ZN
 _44055_/ZN
 _44056_/ZN
 _44057_/ZN
 _44058_/ZN
 _44059_/ZN
 _44060_/ZN
 _44061_/ZN
 _44062_/ZN
 _44063_/ZN
 _44064_/ZN
 _44065_/ZN
 _44066_/ZN
 _44067_/ZN
 _44068_/ZN
 _44069_/ZN
 _44070_/ZN
 _44071_/Z
 _44072_/ZN
 _44073_/ZN
 _44074_/ZN
 _44075_/ZN
 _44076_/ZN
 _44077_/ZN
 _44078_/ZN
 _44079_/ZN
 _44080_/ZN
 _44081_/ZN
 _44082_/ZN
 _44083_/ZN
 _44084_/ZN
 _44085_/ZN
 _44086_/ZN
 _44087_/ZN
 _44088_/ZN
 _44089_/Z
 _44090_/ZN
 _44091_/ZN
 _44092_/ZN
 _44093_/ZN
 _44094_/ZN
 _44095_/ZN
 _44096_/ZN
 _44097_/ZN
 _44098_/ZN
 _44099_/ZN
 _44100_/ZN
 _44101_/ZN
 _44102_/ZN
 _44103_/ZN
 _44104_/ZN
 _44105_/ZN
 _44106_/ZN
 _44107_/ZN
 _44108_/ZN
 _44109_/Z
 _44110_/ZN
 _44111_/ZN
 _44112_/ZN
 _44113_/ZN
 _44114_/ZN
 _44115_/ZN
 _44116_/ZN
 _44117_/ZN
 _44118_/ZN
 _44119_/ZN
 _44120_/ZN
 _44121_/ZN
 _44122_/ZN
 _44123_/ZN
 _44124_/ZN
 _44125_/ZN
 _44126_/ZN
 _44127_/Z
 _44128_/ZN
 _44129_/ZN
 _44130_/ZN
 _44131_/ZN
 _44132_/ZN
 _44133_/ZN
 _44134_/ZN
 _44135_/ZN
 _44136_/ZN
 _44137_/ZN
 _44138_/ZN
 _44139_/ZN
 _44140_/ZN
 _44141_/ZN
 _44142_/ZN
 _44143_/ZN
 _44144_/ZN
 _44145_/Z
 _44146_/ZN
 _44147_/ZN
 _44148_/ZN
 _44149_/ZN
 _44150_/ZN
 _44151_/ZN
 _44152_/ZN
 _44153_/ZN
 _44154_/ZN
 _44155_/ZN
 _44156_/ZN
 _44157_/ZN
 _44158_/ZN
 _44159_/ZN
 _44160_/ZN
 _44161_/ZN
 _44162_/ZN
 _44163_/ZN
 _44164_/ZN
 _44165_/ZN
 _44166_/Z
 _44167_/ZN
 _44168_/ZN
 _44169_/ZN
 _44170_/ZN
 _44171_/ZN
 _44172_/ZN
 _44173_/ZN
 _44174_/ZN
 _44175_/ZN
 _44176_/ZN
 _44177_/ZN
 _44178_/ZN
 _44179_/ZN
 _44180_/ZN
 _44181_/ZN
 _44182_/ZN
 _44183_/ZN
 _44184_/ZN
 _44185_/Z
 _44186_/ZN
 _44187_/ZN
 _44188_/ZN
 _44189_/ZN
 _44190_/ZN
 _44191_/ZN
 _44192_/ZN
 _44193_/ZN
 _44194_/ZN
 _44195_/ZN
 _44196_/ZN
 _44197_/ZN
 _44198_/ZN
 _44199_/ZN
 _44200_/ZN
 _44201_/ZN
 _44202_/ZN
 _44203_/Z
 _44204_/ZN
 _44205_/ZN
 _44206_/ZN
 _44207_/ZN
 _44208_/ZN
 _44209_/ZN
 _44210_/ZN
 _44211_/ZN
 _44212_/ZN
 _44213_/ZN
 _44214_/ZN
 _44215_/ZN
 _44216_/ZN
 _44217_/ZN
 _44218_/ZN
 _44219_/ZN
 _44220_/ZN
 _44221_/Z
 _44222_/ZN
 _44223_/ZN
 _44224_/ZN
 _44225_/ZN
 _44226_/ZN
 _44227_/ZN
 _44228_/ZN
 _44229_/ZN
 _44230_/ZN
 _44231_/ZN
 _44232_/ZN
 _44233_/ZN
 _44234_/ZN
 _44235_/ZN
 _44236_/ZN
 _44237_/ZN
 _44238_/ZN
 _44239_/Z
 _44240_/ZN
 _44241_/ZN
 _44242_/ZN
 _44243_/ZN
 _44244_/ZN
 _44245_/ZN
 _44246_/ZN
 _44247_/ZN
 _44248_/ZN
 _44249_/ZN
 _44250_/ZN
 _44251_/ZN
 _44252_/ZN
 _44253_/ZN
 _44254_/ZN
 _44255_/ZN
 _44256_/ZN
 _44257_/ZN
 _44258_/ZN
 _44259_/Z
 _44260_/ZN
 _44261_/ZN
 _44262_/ZN
 _44263_/ZN
 _44264_/ZN
 _44265_/ZN
 _44266_/ZN
 _44267_/ZN
 _44268_/ZN
 _44269_/ZN
 _44270_/ZN
 _44271_/ZN
 _44272_/ZN
 _44273_/ZN
 _44274_/ZN
 _44275_/ZN
 _44276_/ZN
 _44277_/Z
 _44278_/ZN
 _44279_/ZN
 _44280_/ZN
 _44281_/ZN
 _44282_/ZN
 _44283_/ZN
 _44284_/ZN
 _44285_/ZN
 _44286_/ZN
 _44287_/ZN
 _44288_/ZN
 _44289_/ZN
 _44290_/ZN
 _44291_/ZN
 _44292_/ZN
 _44293_/ZN
 _44294_/ZN
 _44295_/Z
 _44296_/ZN
 _44297_/ZN
 _44298_/ZN
 _44299_/ZN
 _44300_/ZN
 _44301_/ZN
 _44302_/ZN
 _44303_/ZN
 _44304_/ZN
 _44305_/ZN
 _44306_/ZN
 _44307_/ZN
 _44308_/ZN
 _44309_/ZN
 _44310_/ZN
 _44311_/ZN
 _44312_/ZN
 _44313_/Z
 _44314_/ZN
 _44315_/ZN
 _44316_/ZN
 _44317_/ZN
 _44318_/ZN
 _44319_/ZN
 _44320_/ZN
 _44321_/ZN
 _44322_/ZN
 _44323_/ZN
 _44324_/ZN
 _44325_/ZN
 _44326_/ZN
 _44327_/ZN
 _44328_/ZN
 _44329_/ZN
 _44330_/ZN
 _44331_/ZN
 _44332_/Z
 _44333_/ZN
 _44334_/ZN
 _44335_/ZN
 _44336_/ZN
 _44337_/ZN
 _44338_/ZN
 _44339_/ZN
 _44340_/ZN
 _44341_/ZN
 _44342_/ZN
 _44343_/ZN
 _44344_/ZN
 _44345_/ZN
 _44346_/ZN
 _44347_/ZN
 _44348_/ZN
 _44349_/ZN
 _44350_/Z
 _44351_/ZN
 _44352_/ZN
 _44353_/ZN
 _44354_/ZN
 _44355_/ZN
 _44356_/ZN
 _44357_/ZN
 _44358_/ZN
 _44359_/ZN
 _44360_/ZN
 _44361_/ZN
 _44362_/ZN
 _44363_/ZN
 _44364_/ZN
 _44365_/ZN
 _44366_/ZN
 _44367_/ZN
 _44368_/Z
 _44369_/ZN
 _44370_/ZN
 _44371_/ZN
 _44372_/ZN
 _44373_/ZN
 _44374_/ZN
 _44375_/ZN
 _44376_/ZN
 _44377_/ZN
 _44378_/ZN
 _44379_/ZN
 _44380_/ZN
 _44381_/ZN
 _44382_/ZN
 _44383_/ZN
 _44384_/ZN
 _44385_/ZN
 _44386_/Z
 _44387_/ZN
 _44388_/ZN
 _44389_/ZN
 _44390_/ZN
 _44391_/ZN
 _44392_/ZN
 _44393_/ZN
 _44394_/ZN
 _44395_/ZN
 _44396_/ZN
 _44397_/ZN
 _44398_/ZN
 _44399_/ZN
 _44400_/ZN
 _44401_/ZN
 _44402_/ZN
 _44403_/ZN
 _44404_/ZN
 _44405_/Z
 _44406_/ZN
 _44407_/ZN
 _44408_/ZN
 _44409_/ZN
 _44410_/ZN
 _44411_/ZN
 _44412_/ZN
 _44413_/ZN
 _44414_/ZN
 _44415_/ZN
 _44416_/ZN
 _44417_/ZN
 _44418_/ZN
 _44419_/ZN
 _44420_/ZN
 _44421_/ZN
 _44422_/ZN
 _44423_/Z
 _44424_/ZN
 _44425_/ZN
 _44426_/ZN
 _44427_/ZN
 _44428_/ZN
 _44429_/ZN
 _44430_/ZN
 _44431_/ZN
 _44432_/ZN
 _44433_/ZN
 _44434_/ZN
 _44435_/ZN
 _44436_/ZN
 _44437_/ZN
 _44438_/ZN
 _44439_/ZN
 _44440_/ZN
 _44441_/Z
 _44442_/ZN
 _44443_/ZN
 _44444_/ZN
 _44445_/ZN
 _44446_/ZN
 _44447_/ZN
 _44448_/ZN
 _44449_/ZN
 _44450_/ZN
 _44451_/ZN
 _44452_/ZN
 _44453_/ZN
 _44454_/ZN
 _44455_/ZN
 _44456_/ZN
 _44457_/ZN
 _44458_/ZN
 _44459_/Z
 _44460_/ZN
 _44461_/ZN
 _44462_/ZN
 _44463_/ZN
 _44464_/ZN
 _44465_/ZN
 _44466_/ZN
 _44467_/ZN
 _44468_/ZN
 _44469_/ZN
 _44470_/ZN
 _44471_/ZN
 _44472_/ZN
 _44473_/ZN
 _44474_/ZN
 _44475_/ZN
 _44476_/ZN
 _44477_/ZN
 _44478_/Z
 _44479_/ZN
 _44480_/ZN
 _44481_/ZN
 _44482_/ZN
 _44483_/ZN
 _44484_/ZN
 _44485_/ZN
 _44486_/ZN
 _44487_/ZN
 _44488_/ZN
 _44489_/ZN
 _44490_/ZN
 _44491_/ZN
 _44492_/ZN
 _44493_/ZN
 _44494_/ZN
 _44495_/ZN
 _44496_/Z
 _44497_/ZN
 _44498_/ZN
 _44499_/ZN
 _44500_/ZN
 _44501_/ZN
 _44502_/ZN
 _44503_/ZN
 _44504_/ZN
 _44505_/ZN
 _44506_/ZN
 _44507_/ZN
 _44508_/ZN
 _44509_/ZN
 _44510_/ZN
 _44511_/ZN
 _44512_/ZN
 _44513_/ZN
 _44514_/Z
 _44515_/ZN
 _44516_/ZN
 _44517_/ZN
 _44518_/ZN
 _44519_/ZN
 _44520_/ZN
 _44521_/ZN
 _44522_/ZN
 _44523_/ZN
 _44524_/ZN
 _44525_/ZN
 _44526_/ZN
 _44527_/ZN
 _44528_/ZN
 _44529_/ZN
 _44530_/ZN
 _44531_/ZN
 _44532_/Z
 _44533_/ZN
 _44534_/ZN
 _44535_/ZN
 _44536_/ZN
 _44537_/ZN
 _44538_/ZN
 _44539_/ZN
 _44540_/ZN
 _44541_/ZN
 _44542_/ZN
 _44543_/ZN
 _44544_/ZN
 _44545_/ZN
 _44546_/ZN
 _44547_/ZN
 _44548_/ZN
 _44549_/ZN
 _44550_/ZN
 _44551_/ZN
 _44552_/Z
 _44553_/ZN
 _44554_/ZN
 _44555_/ZN
 _44556_/ZN
 _44557_/ZN
 _44558_/ZN
 _44559_/ZN
 _44560_/ZN
 _44561_/ZN
 _44562_/ZN
 _44563_/ZN
 _44564_/ZN
 _44565_/ZN
 _44566_/ZN
 _44567_/ZN
 _44568_/ZN
 _44569_/ZN
 _44570_/Z
 _44571_/ZN
 _44572_/ZN
 _44573_/ZN
 _44574_/ZN
 _44575_/ZN
 _44576_/ZN
 _44577_/ZN
 _44578_/ZN
 _44579_/ZN
 _44580_/ZN
 _44581_/ZN
 _44582_/ZN
 _44583_/ZN
 _44584_/ZN
 _44585_/ZN
 _44586_/ZN
 _44587_/ZN
 _44588_/Z
 _44589_/ZN
 _44590_/ZN
 _44591_/ZN
 _44592_/ZN
 _44593_/ZN
 _44594_/ZN
 _44595_/ZN
 _44596_/ZN
 _44597_/ZN
 _44598_/ZN
 _44599_/ZN
 _44600_/ZN
 _44601_/ZN
 _44602_/ZN
 _44603_/ZN
 _44604_/ZN
 _44605_/ZN
 _44606_/Z
 _44607_/ZN
 _44608_/ZN
 _44609_/ZN
 _44610_/ZN
 _44611_/ZN
 _44612_/ZN
 _44613_/ZN
 _44614_/ZN
 _44615_/ZN
 _44616_/ZN
 _44617_/ZN
 _44618_/ZN
 _44619_/ZN
 _44620_/ZN
 _44621_/ZN
 _44622_/ZN
 _44623_/ZN
 _44624_/ZN
 _44625_/Z
 _44626_/ZN
 _44627_/ZN
 _44628_/ZN
 _44629_/ZN
 _44630_/ZN
 _44631_/ZN
 _44632_/ZN
 _44633_/ZN
 _44634_/ZN
 _44635_/ZN
 _44636_/ZN
 _44637_/ZN
 _44638_/ZN
 _44639_/ZN
 _44640_/ZN
 _44641_/ZN
 _44642_/ZN
 _44643_/Z
 _44644_/ZN
 _44645_/ZN
 _44646_/ZN
 _44647_/ZN
 _44648_/ZN
 _44649_/ZN
 _44650_/ZN
 _44651_/ZN
 _44652_/ZN
 _44653_/ZN
 _44654_/ZN
 _44655_/ZN
 _44656_/ZN
 _44657_/ZN
 _44658_/ZN
 _44659_/ZN
 _44660_/ZN
 _44661_/Z
 _44662_/ZN
 _44663_/ZN
 _44664_/ZN
 _44665_/ZN
 _44666_/ZN
 _44667_/ZN
 _44668_/ZN
 _44669_/ZN
 _44670_/ZN
 _44671_/ZN
 _44672_/ZN
 _44673_/ZN
 _44674_/ZN
 _44675_/ZN
 _44676_/ZN
 _44677_/ZN
 _44678_/ZN
 _44679_/Z
 _44680_/ZN
 _44681_/ZN
 _44682_/ZN
 _44683_/ZN
 _44684_/ZN
 _44685_/ZN
 _44686_/ZN
 _44687_/ZN
 _44688_/ZN
 _44689_/ZN
 _44690_/ZN
 _44691_/ZN
 _44692_/ZN
 _44693_/ZN
 _44694_/ZN
 _44695_/ZN
 _44696_/ZN
 _44697_/ZN
 _44698_/Z
 _44699_/ZN
 _44700_/ZN
 _44701_/ZN
 _44702_/ZN
 _44703_/ZN
 _44704_/ZN
 _44705_/ZN
 _44706_/ZN
 _44707_/ZN
 _44708_/ZN
 _44709_/ZN
 _44710_/ZN
 _44711_/ZN
 _44712_/ZN
 _44713_/ZN
 _44714_/ZN
 _44715_/ZN
 _44716_/Z
 _44717_/ZN
 _44718_/ZN
 _44719_/ZN
 _44720_/ZN
 _44721_/ZN
 _44722_/ZN
 _44723_/ZN
 _44724_/ZN
 _44725_/ZN
 _44726_/ZN
 _44727_/ZN
 _44728_/ZN
 _44729_/ZN
 _44730_/ZN
 _44731_/ZN
 _44732_/ZN
 _44733_/ZN
 _44734_/Z
 _44735_/ZN
 _44736_/ZN
 _44737_/ZN
 _44738_/ZN
 _44739_/ZN
 _44740_/ZN
 _44741_/ZN
 _44742_/ZN
 _44743_/ZN
 _44744_/ZN
 _44745_/ZN
 _44746_/ZN
 _44747_/ZN
 _44748_/ZN
 _44749_/ZN
 _44750_/ZN
 _44751_/ZN
 _44752_/Z
 _44753_/ZN
 _44754_/ZN
 _44755_/ZN
 _44756_/ZN
 _44757_/ZN
 _44758_/ZN
 _44759_/ZN
 _44760_/ZN
 _44761_/ZN
 _44762_/ZN
 _44763_/ZN
 _44764_/ZN
 _44765_/ZN
 _44766_/ZN
 _44767_/ZN
 _44768_/ZN
 _44769_/ZN
 _44770_/ZN
 _44771_/Z
 _44772_/ZN
 _44773_/ZN
 _44774_/ZN
 _44775_/ZN
 _44776_/ZN
 _44777_/ZN
 _44778_/ZN
 _44779_/ZN
 _44780_/ZN
 _44781_/ZN
 _44782_/ZN
 _44783_/ZN
 _44784_/ZN
 _44785_/ZN
 _44786_/ZN
 _44787_/ZN
 _44788_/ZN
 _44789_/Z
 _44790_/ZN
 _44791_/ZN
 _44792_/ZN
 _44793_/ZN
 _44794_/ZN
 _44795_/ZN
 _44796_/ZN
 _44797_/ZN
 _44798_/ZN
 _44799_/ZN
 _44800_/ZN
 _44801_/ZN
 _44802_/ZN
 _44803_/ZN
 _44804_/ZN
 _44805_/ZN
 _44806_/ZN
 _44807_/Z
 _44808_/ZN
 _44809_/ZN
 _44810_/ZN
 _44811_/ZN
 _44812_/ZN
 _44813_/ZN
 _44814_/ZN
 _44815_/ZN
 _44816_/ZN
 _44817_/ZN
 _44818_/ZN
 _44819_/ZN
 _44820_/ZN
 _44821_/ZN
 _44822_/ZN
 _44823_/ZN
 _44824_/ZN
 _44825_/Z
 _44826_/ZN
 _44827_/ZN
 _44828_/ZN
 _44829_/ZN
 _44830_/ZN
 _44831_/ZN
 _44832_/ZN
 _44833_/ZN
 _44834_/ZN
 _44835_/ZN
 _44836_/ZN
 _44837_/ZN
 _44838_/ZN
 _44839_/ZN
 _44840_/ZN
 _44841_/ZN
 _44842_/ZN
 _44843_/ZN
 _44844_/Z
 _44845_/ZN
 _44846_/ZN
 _44847_/ZN
 _44848_/ZN
 _44849_/ZN
 _44850_/ZN
 _44851_/ZN
 _44852_/ZN
 _44853_/ZN
 _44854_/ZN
 _44855_/ZN
 _44856_/ZN
 _44857_/ZN
 _44858_/ZN
 _44859_/ZN
 _44860_/ZN
 _44861_/ZN
 _44862_/Z
 _44863_/ZN
 _44864_/ZN
 _44865_/ZN
 _44866_/ZN
 _44867_/ZN
 _44868_/ZN
 _44869_/ZN
 _44870_/ZN
 _44871_/ZN
 _44872_/ZN
 _44873_/ZN
 _44874_/ZN
 _44875_/ZN
 _44876_/ZN
 _44877_/ZN
 _44878_/ZN
 _44879_/ZN
 _44880_/Z
 _44881_/ZN
 _44882_/ZN
 _44883_/ZN
 _44884_/ZN
 _44885_/ZN
 _44886_/ZN
 _44887_/ZN
 _44888_/ZN
 _44889_/ZN
 _44890_/ZN
 _44891_/ZN
 _44892_/ZN
 _44893_/ZN
 _44894_/ZN
 _44895_/ZN
 _44896_/ZN
 _44897_/ZN
 _44898_/Z
 _44899_/ZN
 _44900_/ZN
 _44901_/ZN
 _44902_/ZN
 _44903_/ZN
 _44904_/ZN
 _44905_/ZN
 _44906_/ZN
 _44907_/ZN
 _44908_/ZN
 _44909_/ZN
 _44910_/ZN
 _44911_/ZN
 _44912_/ZN
 _44913_/ZN
 _44914_/ZN
 _44915_/ZN
 _44916_/ZN
 _44917_/Z
 _44918_/ZN
 _44919_/ZN
 _44920_/ZN
 _44921_/ZN
 _44922_/ZN
 _44923_/ZN
 _44924_/ZN
 _44925_/ZN
 _44926_/ZN
 _44927_/ZN
 _44928_/ZN
 _44929_/ZN
 _44930_/ZN
 _44931_/ZN
 _44932_/ZN
 _44933_/ZN
 _44934_/ZN
 _44935_/Z
 _44936_/ZN
 _44937_/ZN
 _44938_/ZN
 _44939_/ZN
 _44940_/ZN
 _44941_/ZN
 _44942_/ZN
 _44943_/ZN
 _44944_/ZN
 _44945_/ZN
 _44946_/ZN
 _44947_/ZN
 _44948_/ZN
 _44949_/ZN
 _44950_/ZN
 _44951_/ZN
 _44952_/ZN
 _44953_/Z
 _44954_/ZN
 _44955_/ZN
 _44956_/ZN
 _44957_/ZN
 _44958_/ZN
 _44959_/ZN
 _44960_/ZN
 _44961_/ZN
 _44962_/ZN
 _44963_/ZN
 _44964_/ZN
 _44965_/ZN
 _44966_/ZN
 _44967_/ZN
 _44968_/ZN
 _44969_/ZN
 _44970_/ZN
 _44971_/Z
 _44972_/ZN
 _44973_/ZN
 _44974_/ZN
 _44975_/ZN
 _44976_/ZN
 _44977_/ZN
 _44978_/ZN
 _44979_/ZN
 _44980_/ZN
 _44981_/ZN
 _44982_/ZN
 _44983_/ZN
 _44984_/ZN
 _44985_/ZN
 _44986_/ZN
 _44987_/ZN
 _44988_/ZN
 _44989_/ZN
 _44990_/Z
 _44991_/ZN
 _44992_/ZN
 _44993_/ZN
 _44994_/ZN
 _44995_/ZN
 _44996_/ZN
 _44997_/ZN
 _44998_/ZN
 _44999_/ZN
 _45000_/ZN
 _45001_/ZN
 _45002_/ZN
 _45003_/ZN
 _45004_/ZN
 _45005_/ZN
 _45006_/ZN
 _45007_/ZN
 _45008_/Z
 _45009_/ZN
 _45010_/ZN
 _45011_/ZN
 _45012_/ZN
 _45013_/ZN
 _45014_/ZN
 _45015_/ZN
 _45016_/ZN
 _45017_/ZN
 _45018_/ZN
 _45019_/ZN
 _45020_/ZN
 _45021_/ZN
 _45022_/ZN
 _45023_/ZN
 _45024_/ZN
 _45025_/ZN
 _45026_/Z
 _45027_/ZN
 _45028_/ZN
 _45029_/ZN
 _45030_/ZN
 _45031_/ZN
 _45032_/ZN
 _45033_/ZN
 _45034_/ZN
 _45035_/ZN
 _45036_/ZN
 _45037_/ZN
 _45038_/ZN
 _45039_/ZN
 _45040_/ZN
 _45041_/ZN
 _45042_/ZN
 _45043_/ZN
 _45044_/Z
 _45045_/ZN
 _45046_/ZN
 _45047_/ZN
 _45048_/ZN
 _45049_/ZN
 _45050_/ZN
 _45051_/ZN
 _45052_/ZN
 _45053_/ZN
 _45054_/ZN
 _45055_/ZN
 _45056_/ZN
 _45057_/ZN
 _45058_/ZN
 _45059_/ZN
 _45060_/ZN
 _45061_/ZN
 _45062_/ZN
 _45063_/Z
 _45064_/ZN
 _45065_/ZN
 _45066_/ZN
 _45067_/ZN
 _45068_/ZN
 _45069_/ZN
 _45070_/ZN
 _45071_/ZN
 _45072_/ZN
 _45073_/ZN
 _45074_/ZN
 _45075_/ZN
 _45076_/ZN
 _45077_/ZN
 _45078_/ZN
 _45079_/ZN
 _45080_/ZN
 _45081_/Z
 _45082_/ZN
 _45083_/ZN
 _45084_/ZN
 _45085_/ZN
 _45086_/ZN
 _45087_/ZN
 _45088_/ZN
 _45089_/ZN
 _45090_/ZN
 _45091_/ZN
 _45092_/ZN
 _45093_/ZN
 _45094_/ZN
 _45095_/ZN
 _45096_/ZN
 _45097_/ZN
 _45098_/ZN
 _45099_/Z
 _45100_/ZN
 _45101_/ZN
 _45102_/ZN
 _45103_/ZN
 _45104_/ZN
 _45105_/ZN
 _45106_/ZN
 _45107_/ZN
 _45108_/ZN
 _45109_/ZN
 _45110_/ZN
 _45111_/ZN
 _45112_/ZN
 _45113_/ZN
 _45114_/ZN
 _45115_/ZN
 _45116_/ZN
 _45117_/Z
 _45118_/ZN
 _45119_/ZN
 _45120_/ZN
 _45121_/ZN
 _45122_/ZN
 _45123_/ZN
 _45124_/ZN
 _45125_/ZN
 _45126_/ZN
 _45127_/ZN
 _45128_/ZN
 _45129_/ZN
 _45130_/ZN
 _45131_/ZN
 _45132_/ZN
 _45133_/ZN
 _45134_/ZN
 _45135_/ZN
 _45136_/Z
 _45137_/ZN
 _45138_/ZN
 _45139_/ZN
 _45140_/ZN
 _45141_/ZN
 _45142_/ZN
 _45143_/ZN
 _45144_/ZN
 _45145_/ZN
 _45146_/ZN
 _45147_/ZN
 _45148_/ZN
 _45149_/ZN
 _45150_/ZN
 _45151_/ZN
 _45152_/ZN
 _45153_/ZN
 _45154_/Z
 _45155_/ZN
 _45156_/ZN
 _45157_/ZN
 _45158_/ZN
 _45159_/ZN
 _45160_/ZN
 _45161_/ZN
 _45162_/ZN
 _45163_/ZN
 _45164_/ZN
 _45165_/ZN
 _45166_/ZN
 _45167_/ZN
 _45168_/ZN
 _45169_/ZN
 _45170_/ZN
 _45171_/ZN
 _45172_/Z
 _45173_/ZN
 _45174_/ZN
 _45175_/ZN
 _45176_/ZN
 _45177_/ZN
 _45178_/ZN
 _45179_/ZN
 _45180_/ZN
 _45181_/ZN
 _45182_/ZN
 _45183_/ZN
 _45184_/ZN
 _45185_/ZN
 _45186_/ZN
 _45187_/ZN
 _45188_/ZN
 _45189_/ZN
 _45190_/Z
 _45191_/ZN
 _45192_/ZN
 _45193_/ZN
 _45194_/ZN
 _45195_/ZN
 _45196_/ZN
 _45197_/ZN
 _45198_/ZN
 _45199_/ZN
 _45200_/ZN
 _45201_/ZN
 _45202_/ZN
 _45203_/ZN
 _45204_/ZN
 _45205_/ZN
 _45206_/ZN
 _45207_/ZN
 _45208_/ZN
 _45209_/Z
 _45210_/ZN
 _45211_/ZN
 _45212_/ZN
 _45213_/ZN
 _45214_/ZN
 _45215_/ZN
 _45216_/ZN
 _45217_/ZN
 _45218_/ZN
 _45219_/ZN
 _45220_/ZN
 _45221_/ZN
 _45222_/ZN
 _45223_/ZN
 _45224_/ZN
 _45225_/ZN
 _45226_/ZN
 _45227_/Z
 _45228_/ZN
 _45229_/ZN
 _45230_/ZN
 _45231_/ZN
 _45232_/ZN
 _45233_/ZN
 _45234_/ZN
 _45235_/ZN
 _45236_/ZN
 _45237_/ZN
 _45238_/ZN
 _45239_/ZN
 _45240_/ZN
 _45241_/ZN
 _45242_/ZN
 _45243_/ZN
 _45244_/ZN
 _45245_/Z
 _45246_/ZN
 _45247_/ZN
 _45248_/ZN
 _45249_/ZN
 _45250_/ZN
 _45251_/ZN
 _45252_/ZN
 _45253_/ZN
 _45254_/ZN
 _45255_/ZN
 _45256_/ZN
 _45257_/ZN
 _45258_/ZN
 _45259_/ZN
 _45260_/ZN
 _45261_/ZN
 _45262_/ZN
 _45263_/Z
 _45264_/ZN
 _45265_/ZN
 _45266_/ZN
 _45267_/ZN
 _45268_/ZN
 _45269_/ZN
 _45270_/ZN
 _45271_/ZN
 _45272_/ZN
 _45273_/ZN
 _45274_/ZN
 _45275_/ZN
 _45276_/ZN
 _45277_/ZN
 _45278_/ZN
 _45279_/ZN
 _45280_/ZN
 _45281_/ZN
 _45282_/ZN
 _45283_/Z
 _45284_/ZN
 _45285_/ZN
 _45286_/ZN
 _45287_/ZN
 _45288_/ZN
 _45289_/ZN
 _45290_/ZN
 _45291_/ZN
 _45292_/ZN
 _45293_/ZN
 _45294_/ZN
 _45295_/ZN
 _45296_/ZN
 _45297_/ZN
 _45298_/ZN
 _45299_/ZN
 _45300_/ZN
 _45301_/Z
 _45302_/ZN
 _45303_/ZN
 _45304_/ZN
 _45305_/ZN
 _45306_/ZN
 _45307_/ZN
 _45308_/ZN
 _45309_/ZN
 _45310_/ZN
 _45311_/ZN
 _45312_/ZN
 _45313_/ZN
 _45314_/ZN
 _45315_/ZN
 _45316_/ZN
 _45317_/ZN
 _45318_/ZN
 _45319_/Z
 _45320_/ZN
 _45321_/ZN
 _45322_/ZN
 _45323_/ZN
 _45324_/ZN
 _45325_/ZN
 _45326_/ZN
 _45327_/ZN
 _45328_/ZN
 _45329_/ZN
 _45330_/ZN
 _45331_/ZN
 _45332_/ZN
 _45333_/ZN
 _45334_/ZN
 _45335_/ZN
 _45336_/ZN
 _45337_/Z
 _45338_/ZN
 _45339_/ZN
 _45340_/ZN
 _45341_/ZN
 _45342_/ZN
 _45343_/ZN
 _45344_/ZN
 _45345_/ZN
 _45346_/ZN
 _45347_/ZN
 _45348_/ZN
 _45349_/ZN
 _45350_/ZN
 _45351_/ZN
 _45352_/ZN
 _45353_/ZN
 _45354_/ZN
 _45355_/ZN
 _45356_/Z
 _45357_/ZN
 _45358_/ZN
 _45359_/ZN
 _45360_/ZN
 _45361_/ZN
 _45362_/ZN
 _45363_/ZN
 _45364_/ZN
 _45365_/ZN
 _45366_/ZN
 _45367_/ZN
 _45368_/ZN
 _45369_/ZN
 _45370_/ZN
 _45371_/ZN
 _45372_/ZN
 _45373_/ZN
 _45374_/Z
 _45375_/ZN
 _45376_/ZN
 _45377_/ZN
 _45378_/ZN
 _45379_/ZN
 _45380_/ZN
 _45381_/ZN
 _45382_/ZN
 _45383_/ZN
 _45384_/ZN
 _45385_/ZN
 _45386_/ZN
 _45387_/ZN
 _45388_/ZN
 _45389_/ZN
 _45390_/ZN
 _45391_/ZN
 _45392_/Z
 _45393_/ZN
 _45394_/ZN
 _45395_/ZN
 _45396_/ZN
 _45397_/ZN
 _45398_/ZN
 _45399_/ZN
 _45400_/ZN
 _45401_/ZN
 _45402_/ZN
 _45403_/ZN
 _45404_/ZN
 _45405_/ZN
 _45406_/ZN
 _45407_/ZN
 _45408_/ZN
 _45409_/ZN
 _45410_/Z
 _45411_/ZN
 _45412_/ZN
 _45413_/ZN
 _45414_/ZN
 _45415_/ZN
 _45416_/ZN
 _45417_/ZN
 _45418_/ZN
 _45419_/ZN
 _45420_/ZN
 _45421_/ZN
 _45422_/ZN
 _45423_/ZN
 _45424_/ZN
 _45425_/ZN
 _45426_/ZN
 _45427_/ZN
 _45428_/ZN
 _45429_/Z
 _45430_/ZN
 _45431_/ZN
 _45432_/ZN
 _45433_/ZN
 _45434_/ZN
 _45435_/ZN
 _45436_/ZN
 _45437_/ZN
 _45438_/ZN
 _45439_/ZN
 _45440_/ZN
 _45441_/ZN
 _45442_/ZN
 _45443_/ZN
 _45444_/ZN
 _45445_/ZN
 _45446_/ZN
 _45447_/Z
 _45448_/ZN
 _45449_/ZN
 _45450_/ZN
 _45451_/ZN
 _45452_/ZN
 _45453_/ZN
 _45454_/ZN
 _45455_/ZN
 _45456_/ZN
 _45457_/ZN
 _45458_/ZN
 _45459_/ZN
 _45460_/ZN
 _45461_/ZN
 _45462_/ZN
 _45463_/ZN
 _45464_/ZN
 _45465_/Z
 _45466_/ZN
 _45467_/ZN
 _45468_/ZN
 _45469_/ZN
 _45470_/ZN
 _45471_/ZN
 _45472_/ZN
 _45473_/ZN
 _45474_/ZN
 _45475_/ZN
 _45476_/ZN
 _45477_/ZN
 _45478_/ZN
 _45479_/ZN
 _45480_/ZN
 _45481_/ZN
 _45482_/ZN
 _45483_/Z
 _45484_/ZN
 _45485_/ZN
 _45486_/ZN
 _45487_/ZN
 _45488_/ZN
 _45489_/ZN
 _45490_/ZN
 _45491_/ZN
 _45492_/ZN
 _45493_/ZN
 _45494_/ZN
 _45495_/ZN
 _45496_/ZN
 _45497_/ZN
 _45498_/ZN
 _45499_/ZN
 _45500_/ZN
 _45501_/ZN
 _45502_/Z
 _45503_/ZN
 _45504_/ZN
 _45505_/ZN
 _45506_/ZN
 _45507_/ZN
 _45508_/ZN
 _45509_/ZN
 _45510_/ZN
 _45511_/ZN
 _45512_/ZN
 _45513_/ZN
 _45514_/ZN
 _45515_/ZN
 _45516_/ZN
 _45517_/ZN
 _45518_/ZN
 _45519_/ZN
 _45520_/Z
 _45521_/ZN
 _45522_/ZN
 _45523_/ZN
 _45524_/ZN
 _45525_/ZN
 _45526_/ZN
 _45527_/ZN
 _45528_/ZN
 _45529_/ZN
 _45530_/ZN
 _45531_/ZN
 _45532_/ZN
 _45533_/ZN
 _45534_/ZN
 _45535_/ZN
 _45536_/ZN
 _45537_/ZN
 _45538_/Z
 _45539_/ZN
 _45540_/ZN
 _45541_/ZN
 _45542_/ZN
 _45543_/ZN
 _45544_/ZN
 _45545_/ZN
 _45546_/ZN
 _45547_/ZN
 _45548_/ZN
 _45549_/ZN
 _45550_/ZN
 _45551_/ZN
 _45552_/ZN
 _45553_/ZN
 _45554_/ZN
 _45555_/ZN
 _45556_/ZN
 _45557_/Z
 _45558_/ZN
 _45559_/ZN
 _45560_/ZN
 _45561_/ZN
 _45562_/ZN
 _45563_/ZN
 _45564_/ZN
 _45565_/ZN
 _45566_/ZN
 _45567_/ZN
 _45568_/ZN
 _45569_/ZN
 _45570_/ZN
 _45571_/ZN
 _45572_/ZN
 _45573_/ZN
 _45574_/ZN
 _45575_/ZN
 _45576_/Z
 _45577_/ZN
 _45578_/ZN
 _45579_/ZN
 _45580_/ZN
 _45581_/ZN
 _45582_/ZN
 _45583_/ZN
 _45584_/ZN
 _45585_/ZN
 _45586_/ZN
 _45587_/ZN
 _45588_/ZN
 _45589_/ZN
 _45590_/ZN
 _45591_/ZN
 _45592_/ZN
 _45593_/ZN
 _45594_/Z
 _45595_/ZN
 _45596_/ZN
 _45597_/ZN
 _45598_/ZN
 _45599_/ZN
 _45600_/ZN
 _45601_/ZN
 _45602_/ZN
 _45603_/ZN
 _45604_/ZN
 _45605_/ZN
 _45606_/ZN
 _45607_/ZN
 _45608_/ZN
 _45609_/ZN
 _45610_/ZN
 _45611_/ZN
 _45612_/Z
 _45613_/ZN
 _45614_/ZN
 _45615_/ZN
 _45616_/ZN
 _45617_/ZN
 _45618_/ZN
 _45619_/ZN
 _45620_/ZN
 _45621_/ZN
 _45622_/ZN
 _45623_/ZN
 _45624_/ZN
 _45625_/ZN
 _45626_/ZN
 _45627_/ZN
 _45628_/ZN
 _45629_/ZN
 _45630_/Z
 _45631_/ZN
 _45632_/ZN
 _45633_/ZN
 _45634_/ZN
 _45635_/ZN
 _45636_/ZN
 _45637_/ZN
 _45638_/ZN
 _45639_/ZN
 _45640_/ZN
 _45641_/ZN
 _45642_/ZN
 _45643_/ZN
 _45644_/ZN
 _45645_/ZN
 _45646_/ZN
 _45647_/ZN
 _45648_/ZN
 _45649_/Z
 _45650_/ZN
 _45651_/ZN
 _45652_/ZN
 _45653_/ZN
 _45654_/ZN
 _45655_/ZN
 _45656_/ZN
 _45657_/ZN
 _45658_/ZN
 _45659_/ZN
 _45660_/ZN
 _45661_/ZN
 _45662_/ZN
 _45663_/ZN
 _45664_/ZN
 _45665_/ZN
 _45666_/ZN
 _45667_/Z
 _45668_/ZN
 _45669_/ZN
 _45670_/ZN
 _45671_/ZN
 _45672_/ZN
 _45673_/ZN
 _45674_/ZN
 _45675_/ZN
 _45676_/ZN
 _45677_/ZN
 _45678_/ZN
 _45679_/ZN
 _45680_/ZN
 _45681_/ZN
 _45682_/ZN
 _45683_/ZN
 _45684_/ZN
 _45685_/Z
 _45686_/ZN
 _45687_/ZN
 _45688_/ZN
 _45689_/ZN
 _45690_/ZN
 _45691_/ZN
 _45692_/ZN
 _45693_/ZN
 _45694_/ZN
 _45695_/ZN
 _45696_/ZN
 _45697_/ZN
 _45698_/ZN
 _45699_/ZN
 _45700_/ZN
 _45701_/ZN
 _45702_/ZN
 _45703_/Z
 _45704_/ZN
 _45705_/ZN
 _45706_/ZN
 _45707_/ZN
 _45708_/ZN
 _45709_/ZN
 _45710_/ZN
 _45711_/ZN
 _45712_/ZN
 _45713_/ZN
 _45714_/ZN
 _45715_/ZN
 _45716_/ZN
 _45717_/ZN
 _45718_/ZN
 _45719_/ZN
 _45720_/ZN
 _45721_/ZN
 _45722_/Z
 _45723_/ZN
 _45724_/ZN
 _45725_/ZN
 _45726_/ZN
 _45727_/ZN
 _45728_/ZN
 _45729_/ZN
 _45730_/ZN
 _45731_/ZN
 _45732_/ZN
 _45733_/ZN
 _45734_/ZN
 _45735_/ZN
 _45736_/ZN
 _45737_/ZN
 _45738_/ZN
 _45739_/ZN
 _45740_/ZN
 _45741_/ZN
 _45742_/ZN
 _45743_/Z
 _45744_/ZN
 _45745_/ZN
 _45746_/ZN
 _45747_/ZN
 _45748_/ZN
 _45749_/Z
 _45750_/ZN
 _45751_/Z
 _45752_/ZN
 _45753_/ZN
 _45754_/ZN
 _45755_/ZN
 _45756_/ZN
 _45757_/Z
 _45758_/Z
 _45759_/ZN
 _45760_/ZN
 _45761_/ZN
 _45762_/ZN
 _45763_/ZN
 _45764_/ZN
 _45765_/ZN
 _45766_/ZN
 _45767_/ZN
 _45768_/ZN
 _45769_/ZN
 _45770_/ZN
 _45771_/ZN
 _45772_/ZN
 _45773_/ZN
 _45774_/ZN
 _45775_/ZN
 _45776_/ZN
 _45777_/ZN
 _45778_/ZN
 _45779_/ZN
 _45780_/ZN
 _45781_/ZN
 _45782_/ZN
 _45783_/ZN
 _45784_/ZN
 _45785_/ZN
 _45786_/ZN
 _45787_/ZN
 _45788_/ZN
 _45789_/ZN
 _45790_/ZN
 _45791_/ZN
 _45792_/ZN
 _45793_/ZN
 _45794_/ZN
 _45795_/ZN
 _45796_/ZN
 _45797_/Z
 _45798_/ZN
 _45799_/ZN
 _45800_/ZN
 _45801_/ZN
 _45802_/ZN
 _45803_/ZN
 _45804_/ZN
 _45805_/ZN
 _45806_/ZN
 _45807_/ZN
 _45808_/ZN
 _45809_/ZN
 _45810_/ZN
 _45811_/ZN
 _45812_/ZN
 _45813_/ZN
 _45814_/ZN
 _45815_/ZN
 _45816_/ZN
 _45817_/ZN
 _45818_/ZN
 _45819_/ZN
 _45820_/ZN
 _45821_/ZN
 _45822_/ZN
 _45823_/ZN
 _45824_/ZN
 _45825_/ZN
 _45826_/ZN
 _45827_/ZN
 _45828_/ZN
 _45829_/ZN
 _45830_/ZN
 _45831_/ZN
 _45832_/ZN
 _45833_/ZN
 _45834_/ZN
 _45835_/ZN
 _45836_/ZN
 _45837_/ZN
 _45838_/ZN
 _45839_/ZN
 _45840_/ZN
 _45841_/ZN
 _45842_/ZN
 _45843_/ZN
 _45844_/ZN
 _45845_/ZN
 _45846_/Z
 _45847_/ZN
 _45848_/ZN
 _45849_/ZN
 _45850_/ZN
 _45851_/ZN
 _45852_/ZN
 _45853_/ZN
 _45854_/ZN
 _45855_/ZN
 _45856_/ZN
 _45857_/ZN
 _45858_/ZN
 _45859_/ZN
 _45860_/ZN
 _45861_/ZN
 _45862_/ZN
 _45863_/ZN
 _45864_/ZN
 _45865_/ZN
 _45866_/ZN
 _45867_/ZN
 _45868_/ZN
 _45869_/ZN
 _45870_/ZN
 _45871_/ZN
 _45872_/Z
 _45873_/ZN
 _45874_/ZN
 _45875_/ZN
 _45876_/ZN
 _45877_/ZN
 _45878_/ZN
 _45879_/ZN
 _45880_/ZN
 _45881_/ZN
 _45882_/ZN
 _45883_/ZN
 _45884_/ZN
 _45885_/ZN
 _45886_/ZN
 _45887_/ZN
 _45888_/ZN
 _45889_/ZN
 _45890_/ZN
 _45891_/ZN
 _45892_/ZN
 _45893_/ZN
 _45894_/ZN
 _45895_/ZN
 _45896_/ZN
 _45897_/ZN
 _45898_/ZN
 _45899_/ZN
 _45900_/ZN
 _45901_/ZN
 _45902_/ZN
 _45903_/ZN
 _45904_/ZN
 _45905_/ZN
 _45906_/ZN
 _45907_/ZN
 _45908_/ZN
 _45909_/ZN
 _45910_/ZN
 _45911_/ZN
 _45912_/ZN
 _45913_/ZN
 _45914_/ZN
 _45915_/ZN
 _45916_/ZN
 _45917_/ZN
 _45918_/ZN
 _45919_/ZN
 _45920_/ZN
 _45921_/ZN
 _45922_/ZN
 _45923_/ZN
 _45924_/ZN
 _45925_/ZN
 _45926_/ZN
 _45927_/ZN
 _45928_/ZN
 _45929_/ZN
 _45930_/ZN
 _45931_/ZN
 _45932_/ZN
 _45933_/ZN
 _45934_/ZN
 _45935_/ZN
 _45936_/ZN
 _45937_/ZN
 _45938_/ZN
 _45939_/ZN
 _45940_/ZN
 _45941_/ZN
 _45942_/ZN
 _45943_/Z
 _45944_/ZN
 _45945_/ZN
 _45946_/ZN
 _45947_/Z
 _45948_/ZN
 _45949_/ZN
 _45950_/ZN
 _45951_/ZN
 _45952_/ZN
 _45953_/ZN
 _45954_/ZN
 _45955_/ZN
 _45956_/Z
 _45957_/Z
 _45958_/ZN
 _45959_/ZN
 _45960_/ZN
 _45961_/Z
 _45962_/ZN
 _45963_/Z
 _45964_/ZN
 _45965_/ZN
 _45966_/ZN
 _45967_/Z
 _45968_/ZN
 _45969_/ZN
 _45970_/ZN
 _45971_/ZN
 _45972_/ZN
 _45973_/ZN
 _45974_/ZN
 _45975_/ZN
 _45976_/Z
 _45977_/ZN
 _45978_/ZN
 _45979_/ZN
 _45980_/Z
 _45981_/ZN
 _45982_/ZN
 _45983_/ZN
 _45984_/ZN
 _45985_/ZN
 _45986_/ZN
 _45987_/ZN
 _45988_/ZN
 _45989_/ZN
 _45990_/ZN
 _45991_/ZN
 _45992_/ZN
 _45993_/ZN
 _45994_/ZN
 _45995_/ZN
 _45996_/ZN
 _45997_/ZN
 _45998_/ZN
 _45999_/ZN
 _46000_/ZN
 _46001_/ZN
 _46002_/ZN
 _46003_/ZN
 _46004_/Z
 _46005_/ZN
 _46006_/ZN
 _46007_/ZN
 _46008_/Z
 _46009_/Z
 _46010_/ZN
 _46011_/ZN
 _46012_/ZN
 _46013_/ZN
 _46014_/ZN
 _46015_/ZN
 _46016_/Z
 _46017_/ZN
 _46018_/ZN
 _46019_/ZN
 _46020_/ZN
 _46021_/Z
 _46022_/Z
 _46023_/ZN
 _46024_/ZN
 _46025_/ZN
 _46026_/ZN
 _46027_/ZN
 _46028_/ZN
 _46029_/ZN
 _46030_/ZN
 _46031_/ZN
 _46032_/ZN
 _46033_/ZN
 _46034_/ZN
 _46035_/ZN
 _46036_/ZN
 _46037_/ZN
 _46038_/ZN
 _46039_/ZN
 _46040_/ZN
 _46041_/ZN
 _46042_/ZN
 _46043_/ZN
 _46044_/ZN
 _46045_/ZN
 _46046_/ZN
 _46047_/ZN
 _46048_/ZN
 _46049_/ZN
 _46050_/ZN
 _46051_/ZN
 _46052_/ZN
 _46053_/ZN
 _46054_/ZN
 _46055_/ZN
 _46056_/ZN
 _46057_/ZN
 _46058_/ZN
 _46059_/ZN
 _46060_/ZN
 _46061_/ZN
 _46062_/ZN
 _46063_/ZN
 _46064_/ZN
 _46065_/ZN
 _46066_/ZN
 _46067_/ZN
 _46068_/ZN
 _46069_/ZN
 _46070_/ZN
 _46071_/ZN
 _46072_/ZN
 _46073_/ZN
 _46074_/ZN
 _46075_/ZN
 _46076_/ZN
 _46077_/ZN
 _46078_/ZN
 _46079_/ZN
 _46080_/ZN
 _46081_/Z
 _46082_/ZN
 _46083_/ZN
 _46084_/ZN
 _46085_/Z
 _46086_/Z
 _46087_/Z
 _46088_/ZN
 _46089_/ZN
 _46090_/ZN
 _46091_/Z
 _46092_/ZN
 _46093_/ZN
 _46094_/ZN
 _46095_/ZN
 _46096_/ZN
 _46097_/ZN
 _46098_/ZN
 _46099_/ZN
 _46100_/ZN
 _46101_/ZN
 _46102_/ZN
 _46103_/ZN
 _46104_/ZN
 _46105_/ZN
 _46106_/ZN
 _46107_/ZN
 _46108_/ZN
 _46109_/ZN
 _46110_/ZN
 _46111_/ZN
 _46112_/ZN
 _46113_/ZN
 _46114_/ZN
 _46115_/ZN
 _46116_/ZN
 _46117_/ZN
 _46118_/ZN
 _46119_/ZN
 _46120_/ZN
 _46121_/ZN
 _46122_/ZN
 _46123_/ZN
 _46124_/ZN
 _46125_/ZN
 _46126_/ZN
 _46127_/ZN
 _46128_/ZN
 _46129_/ZN
 _46130_/ZN
 _46131_/ZN
 _46132_/ZN
 _46133_/ZN
 _46134_/ZN
 _46135_/ZN
 _46136_/ZN
 _46137_/ZN
 _46138_/ZN
 _46139_/ZN
 _46140_/ZN
 _46141_/ZN
 _46142_/ZN
 _46143_/ZN
 _46144_/ZN
 _46145_/ZN
 _46146_/ZN
 _46147_/ZN
 _46148_/ZN
 _46149_/ZN
 _46150_/ZN
 _46151_/ZN
 _46152_/ZN
 _46153_/ZN
 _46154_/ZN
 _46155_/Z
 _46156_/Z
 _46157_/ZN
 _46158_/ZN
 _46159_/ZN
 _46160_/ZN
 _46161_/ZN
 _46162_/ZN
 _46163_/ZN
 _46164_/ZN
 _46165_/ZN
 _46166_/ZN
 _46167_/ZN
 _46168_/ZN
 _46169_/ZN
 _46170_/ZN
 _46171_/Z
 _46172_/Z
 _46173_/ZN
 _46174_/ZN
 _46175_/ZN
 _46176_/ZN
 _46177_/ZN
 _46178_/ZN
 _46179_/ZN
 _46180_/ZN
 _46181_/ZN
 _46182_/ZN
 _46183_/ZN
 _46184_/ZN
 _46185_/ZN
 _46186_/ZN
 _46187_/ZN
 _46188_/ZN
 _46189_/ZN
 _46190_/ZN
 _46191_/ZN
 _46192_/ZN
 _46193_/ZN
 _46194_/ZN
 _46195_/ZN
 _46196_/ZN
 _46197_/ZN
 _46198_/ZN
 _46199_/ZN
 _46200_/ZN
 _46201_/ZN
 _46202_/ZN
 _46203_/ZN
 _46204_/ZN
 _46205_/ZN
 _46206_/ZN
 _46207_/ZN
 _46208_/ZN
 _46209_/ZN
 _46210_/ZN
 _46211_/ZN
 _46212_/ZN
 _46213_/ZN
 _46214_/ZN
 _46215_/ZN
 _46216_/ZN
 _46217_/ZN
 _46218_/ZN
 _46219_/ZN
 _46220_/Z
 _46221_/ZN
 _46222_/ZN
 _46223_/ZN
 _46224_/ZN
 _46225_/ZN
 _46226_/Z
 _46227_/Z
 _46228_/ZN
 _46229_/ZN
 _46230_/ZN
 _46231_/ZN
 _46232_/ZN
 _46233_/ZN
 _46234_/ZN
 _46235_/ZN
 _46236_/ZN
 _46237_/ZN
 _46238_/ZN
 _46239_/ZN
 _46240_/ZN
 _46241_/ZN
 _46242_/ZN
 _46243_/ZN
 _46244_/ZN
 _46245_/ZN
 _46246_/ZN
 _46247_/ZN
 _46248_/ZN
 _46249_/ZN
 _46250_/ZN
 _46251_/ZN
 _46252_/ZN
 _46253_/ZN
 _46254_/ZN
 _46255_/ZN
 _46256_/ZN
 _46257_/ZN
 _46258_/ZN
 _46259_/ZN
 _46260_/ZN
 _46261_/ZN
 _46262_/ZN
 _46263_/ZN
 _46264_/ZN
 _46265_/ZN
 _46266_/ZN
 _46267_/ZN
 _46268_/ZN
 _46269_/ZN
 _46270_/ZN
 _46271_/ZN
 _46272_/ZN
 _46273_/ZN
 _46274_/ZN
 _46275_/ZN
 _46276_/ZN
 _46277_/ZN
 _46278_/ZN
 _46279_/ZN
 _46280_/ZN
 _46281_/ZN
 _46282_/ZN
 _46283_/ZN
 _46284_/ZN
 _46285_/ZN
 _46286_/ZN
 _46287_/ZN
 _46288_/ZN
 _46289_/ZN
 _46290_/ZN
 _46291_/ZN
 _46292_/ZN
 _46293_/ZN
 _46294_/Z
 _46295_/ZN
 _46296_/ZN
 _46297_/ZN
 _46298_/ZN
 _46299_/ZN
 _46300_/ZN
 _46301_/ZN
 _46302_/ZN
 _46303_/ZN
 _46304_/ZN
 _46305_/ZN
 _46306_/ZN
 _46307_/ZN
 _46308_/ZN
 _46309_/ZN
 _46310_/ZN
 _46311_/ZN
 _46312_/ZN
 _46313_/ZN
 _46314_/ZN
 _46315_/ZN
 _46316_/ZN
 _46317_/ZN
 _46318_/ZN
 _46319_/ZN
 _46320_/ZN
 _46321_/ZN
 _46322_/ZN
 _46323_/ZN
 _46324_/ZN
 _46325_/ZN
 _46326_/ZN
 _46327_/ZN
 _46328_/ZN
 _46329_/ZN
 _46330_/ZN
 _46331_/ZN
 _46332_/ZN
 _46333_/ZN
 _46334_/ZN
 _46335_/ZN
 _46336_/ZN
 _46337_/ZN
 _46338_/ZN
 _46339_/ZN
 _46340_/ZN
 _46341_/ZN
 _46342_/ZN
 _46343_/ZN
 _46344_/ZN
 _46345_/ZN
 _46346_/ZN
 _46347_/ZN
 _46348_/ZN
 _46349_/ZN
 _46350_/ZN
 _46351_/ZN
 _46352_/ZN
 _46353_/ZN
 _46354_/ZN
 _46355_/ZN
 _46356_/ZN
 _46357_/ZN
 _46358_/ZN
 _46359_/ZN
 _46360_/ZN
 _46361_/Z
 _46362_/ZN
 _46363_/ZN
 _46364_/ZN
 _46365_/ZN
 _46366_/ZN
 _46367_/Z
 _46368_/ZN
 _46369_/ZN
 _46370_/ZN
 _46371_/ZN
 _46372_/ZN
 _46373_/Z
 _46374_/ZN
 _46375_/Z
 _46376_/ZN
 _46377_/ZN
 _46378_/ZN
 _46379_/ZN
 _46380_/ZN
 _46381_/ZN
 _46382_/ZN
 _46383_/ZN
 _46384_/ZN
 _46385_/ZN
 _46386_/ZN
 _46387_/ZN
 _46388_/ZN
 _46389_/ZN
 _46390_/ZN
 _46391_/ZN
 _46392_/ZN
 _46393_/ZN
 _46394_/ZN
 _46395_/ZN
 _46396_/ZN
 _46397_/ZN
 _46398_/ZN
 _46399_/ZN
 _46400_/ZN
 _46401_/ZN
 _46402_/ZN
 _46403_/ZN
 _46404_/ZN
 _46405_/ZN
 _46406_/ZN
 _46407_/ZN
 _46408_/ZN
 _46409_/ZN
 _46410_/ZN
 _46411_/ZN
 _46412_/ZN
 _46413_/ZN
 _46414_/ZN
 _46415_/ZN
 _46416_/ZN
 _46417_/ZN
 _46418_/ZN
 _46419_/ZN
 _46420_/ZN
 _46421_/ZN
 _46422_/ZN
 _46423_/ZN
 _46424_/ZN
 _46425_/ZN
 _46426_/ZN
 _46427_/ZN
 _46428_/ZN
 _46429_/ZN
 _46430_/ZN
 _46431_/ZN
 _46432_/ZN
 _46433_/ZN
 _46434_/ZN
 _46435_/ZN
 _46436_/ZN
 _46437_/ZN
 _46438_/ZN
 _46439_/ZN
 _46440_/ZN
 _46441_/ZN
 _46442_/ZN
 _46443_/ZN
 _46444_/ZN
 _46445_/ZN
 _46446_/ZN
 _46447_/ZN
 _46448_/ZN
 _46449_/Z
 _46450_/Z
 _46451_/ZN
 _46452_/ZN
 _46453_/ZN
 _46454_/ZN
 _46455_/ZN
 _46456_/ZN
 _46457_/ZN
 _46458_/ZN
 _46459_/ZN
 _46460_/ZN
 _46461_/ZN
 _46462_/ZN
 _46463_/ZN
 _46464_/ZN
 _46465_/ZN
 _46466_/ZN
 _46467_/ZN
 _46468_/ZN
 _46469_/ZN
 _46470_/ZN
 _46471_/ZN
 _46472_/ZN
 _46473_/ZN
 _46474_/ZN
 _46475_/ZN
 _46476_/ZN
 _46477_/ZN
 _46478_/ZN
 _46479_/ZN
 _46480_/ZN
 _46481_/ZN
 _46482_/ZN
 _46483_/Z
 _46484_/ZN
 _46485_/Z
 _46486_/ZN
 _46487_/ZN
 _46488_/ZN
 _46489_/ZN
 _46490_/ZN
 _46491_/ZN
 _46492_/ZN
 _46493_/ZN
 _46494_/ZN
 _46495_/ZN
 _46496_/ZN
 _46497_/ZN
 _46498_/ZN
 _46499_/ZN
 _46500_/ZN
 _46501_/ZN
 _46502_/ZN
 _46503_/ZN
 _46504_/ZN
 _46505_/ZN
 _46506_/ZN
 _46507_/ZN
 _46508_/ZN
 _46509_/ZN
 _46510_/ZN
 _46511_/ZN
 _46512_/ZN
 _46513_/ZN
 _46514_/ZN
 _46515_/ZN
 _46516_/ZN
 _46517_/ZN
 _46518_/ZN
 _46519_/ZN
 _46520_/ZN
 _46521_/ZN
 _46522_/ZN
 _46523_/ZN
 _46524_/ZN
 _46525_/ZN
 _46526_/ZN
 _46527_/ZN
 _46528_/ZN
 _46529_/ZN
 _46530_/ZN
 _46531_/ZN
 _46532_/ZN
 _46533_/ZN
 _46534_/Z
 _46535_/Z
 _46536_/ZN
 _46537_/ZN
 _46538_/ZN
 _46539_/ZN
 _46540_/ZN
 _46541_/ZN
 _46542_/ZN
 _46543_/ZN
 _46544_/ZN
 _46545_/ZN
 _46546_/ZN
 _46547_/ZN
 _46548_/ZN
 _46549_/ZN
 _46550_/ZN
 _46551_/ZN
 _46552_/ZN
 _46553_/ZN
 _46554_/ZN
 _46555_/ZN
 _46556_/ZN
 _46557_/ZN
 _46558_/ZN
 _46559_/ZN
 _46560_/ZN
 _46561_/ZN
 _46562_/ZN
 _46563_/ZN
 _46564_/ZN
 _46565_/ZN
 _46566_/ZN
 _46567_/ZN
 _46568_/Z
 _46569_/Z
 _46570_/ZN
 _46571_/ZN
 _46572_/ZN
 _46573_/ZN
 _46574_/ZN
 _46575_/ZN
 _46576_/ZN
 _46577_/ZN
 _46578_/ZN
 _46579_/ZN
 _46580_/ZN
 _46581_/ZN
 _46582_/ZN
 _46583_/ZN
 _46584_/ZN
 _46585_/ZN
 _46586_/ZN
 _46587_/ZN
 _46588_/ZN
 _46589_/ZN
 _46590_/ZN
 _46591_/ZN
 _46592_/ZN
 _46593_/ZN
 _46594_/ZN
 _46595_/ZN
 _46596_/ZN
 _46597_/ZN
 _46598_/ZN
 _46599_/ZN
 _46600_/ZN
 _46601_/ZN
 _46602_/ZN
 _46603_/ZN
 _46604_/ZN
 _46605_/ZN
 _46606_/ZN
 _46607_/ZN
 _46608_/ZN
 _46609_/ZN
 _46610_/ZN
 _46611_/ZN
 _46612_/ZN
 _46613_/ZN
 _46614_/ZN
 _46615_/ZN
 _46616_/ZN
 _46617_/ZN
 _46618_/ZN
 _46619_/ZN
 _46620_/ZN
 _46621_/ZN
 _46622_/ZN
 _46623_/ZN
 _46624_/ZN
 _46625_/ZN
 _46626_/ZN
 _46627_/ZN
 _46628_/ZN
 _46629_/ZN
 _46630_/ZN
 _46631_/ZN
 _46632_/ZN
 _46633_/ZN
 _46634_/ZN
 _46635_/ZN
 _46636_/ZN
 _46637_/ZN
 _46638_/ZN
 _46639_/ZN
 _46640_/ZN
 _46641_/ZN
 _46642_/ZN
 _46643_/ZN
 _46644_/ZN
 _46645_/ZN
 _46646_/ZN
 _46647_/ZN
 _46648_/ZN
 _46649_/ZN
 _46650_/ZN
 _46651_/ZN
 _46652_/ZN
 _46653_/ZN
 _46654_/ZN
 _46655_/Z
 _46656_/Z
 _46657_/ZN
 _46658_/ZN
 _46659_/ZN
 _46660_/ZN
 _46661_/ZN
 _46662_/ZN
 _46663_/ZN
 _46664_/ZN
 _46665_/ZN
 _46666_/ZN
 _46667_/ZN
 _46668_/ZN
 _46669_/ZN
 _46670_/ZN
 _46671_/ZN
 _46672_/ZN
 _46673_/ZN
 _46674_/ZN
 _46675_/ZN
 _46676_/ZN
 _46677_/ZN
 _46678_/ZN
 _46679_/ZN
 _46680_/ZN
 _46681_/ZN
 _46682_/ZN
 _46683_/ZN
 _46684_/ZN
 _46685_/ZN
 _46686_/ZN
 _46687_/ZN
 _46688_/ZN
 _46689_/Z
 _46690_/Z
 _46691_/ZN
 _46692_/ZN
 _46693_/ZN
 _46694_/ZN
 _46695_/ZN
 _46696_/ZN
 _46697_/ZN
 _46698_/ZN
 _46699_/ZN
 _46700_/ZN
 _46701_/ZN
 _46702_/ZN
 _46703_/ZN
 _46704_/ZN
 _46705_/ZN
 _46706_/ZN
 _46707_/ZN
 _46708_/ZN
 _46709_/ZN
 _46710_/ZN
 _46711_/ZN
 _46712_/ZN
 _46713_/ZN
 _46714_/ZN
 _46715_/ZN
 _46716_/ZN
 _46717_/ZN
 _46718_/ZN
 _46719_/ZN
 _46720_/ZN
 _46721_/ZN
 _46722_/ZN
 _46723_/ZN
 _46724_/ZN
 _46725_/ZN
 _46726_/ZN
 _46727_/ZN
 _46728_/ZN
 _46729_/ZN
 _46730_/ZN
 _46731_/ZN
 _46732_/ZN
 _46733_/ZN
 _46734_/ZN
 _46735_/ZN
 _46736_/Z
 _46737_/ZN
 _46738_/ZN
 _46739_/ZN
 _46740_/ZN
 _46741_/Z
 _46742_/ZN
 _46743_/ZN
 _46744_/ZN
 _46745_/ZN
 _46746_/ZN
 _46747_/ZN
 _46748_/ZN
 _46749_/Z
 _46750_/Z
 _46751_/ZN
 _46752_/Z
 _46753_/ZN
 _46754_/ZN
 _46755_/Z
 _46756_/ZN
 _46757_/ZN
 _46758_/ZN
 _46759_/ZN
 _46760_/ZN
 _46761_/ZN
 _46762_/ZN
 _46763_/ZN
 _46764_/ZN
 _46765_/ZN
 _46766_/ZN
 _46767_/ZN
 _46768_/ZN
 _46769_/ZN
 _46770_/ZN
 _46771_/ZN
 _46772_/ZN
 _46773_/ZN
 _46774_/ZN
 _46775_/ZN
 _46776_/ZN
 _46777_/ZN
 _46778_/ZN
 _46779_/ZN
 _46780_/ZN
 _46781_/ZN
 _46782_/ZN
 _46783_/ZN
 _46784_/ZN
 _46785_/ZN
 _46786_/ZN
 _46787_/ZN
 _46788_/ZN
 _46789_/ZN
 _46790_/ZN
 _46791_/ZN
 _46792_/ZN
 _46793_/ZN
 _46794_/ZN
 _46795_/ZN
 _46796_/ZN
 _46797_/ZN
 _46798_/ZN
 _46799_/ZN
 _46800_/ZN
 _46801_/Z
 _46802_/ZN
 _46803_/Z
 _46804_/ZN
 _46805_/ZN
 _46806_/ZN
 _46807_/ZN
 _46808_/ZN
 _46809_/ZN
 _46810_/ZN
 _46811_/ZN
 _46812_/ZN
 _46813_/ZN
 _46814_/ZN
 _46815_/ZN
 _46816_/ZN
 _46817_/ZN
 _46818_/ZN
 _46819_/ZN
 _46820_/ZN
 _46821_/ZN
 _46822_/ZN
 _46823_/ZN
 _46824_/ZN
 _46825_/ZN
 _46826_/ZN
 _46827_/ZN
 _46828_/ZN
 _46829_/ZN
 _46830_/ZN
 _46831_/ZN
 _46832_/ZN
 _46833_/ZN
 _46834_/ZN
 _46835_/ZN
 _46836_/ZN
 _46837_/ZN
 _46838_/ZN
 _46839_/ZN
 _46840_/ZN
 _46841_/ZN
 _46842_/ZN
 _46843_/ZN
 _46844_/ZN
 _46845_/ZN
 _46846_/ZN
 _46847_/ZN
 _46848_/ZN
 _46849_/ZN
 _46850_/ZN
 _46851_/ZN
 _46852_/ZN
 _46853_/ZN
 _46854_/ZN
 _46855_/ZN
 _46856_/ZN
 _46857_/ZN
 _46858_/Z
 _46859_/ZN
 _46860_/Z
 _46861_/Z
 _46862_/ZN
 _46863_/ZN
 _46864_/ZN
 _46865_/ZN
 _46866_/ZN
 _46867_/ZN
 _46868_/ZN
 _46869_/ZN
 _46870_/ZN
 _46871_/ZN
 _46872_/ZN
 _46873_/ZN
 _46874_/ZN
 _46875_/ZN
 _46876_/ZN
 _46877_/ZN
 _46878_/ZN
 _46879_/ZN
 _46880_/ZN
 _46881_/ZN
 _46882_/ZN
 _46883_/ZN
 _46884_/ZN
 _46885_/ZN
 _46886_/ZN
 _46887_/ZN
 _46888_/ZN
 _46889_/ZN
 _46890_/ZN
 _46891_/ZN
 _46892_/ZN
 _46893_/ZN
 _46894_/Z
 _46895_/Z
 _46896_/ZN
 _46897_/ZN
 _46898_/ZN
 _46899_/ZN
 _46900_/ZN
 _46901_/ZN
 _46902_/ZN
 _46903_/ZN
 _46904_/ZN
 _46905_/ZN
 _46906_/ZN
 _46907_/ZN
 _46908_/ZN
 _46909_/ZN
 _46910_/ZN
 _46911_/ZN
 _46912_/ZN
 _46913_/ZN
 _46914_/ZN
 _46915_/ZN
 _46916_/ZN
 _46917_/ZN
 _46918_/ZN
 _46919_/ZN
 _46920_/ZN
 _46921_/ZN
 _46922_/ZN
 _46923_/ZN
 _46924_/ZN
 _46925_/ZN
 _46926_/ZN
 _46927_/ZN
 _46928_/ZN
 _46929_/Z
 _46930_/Z
 _46931_/ZN
 _46932_/ZN
 _46933_/ZN
 _46934_/ZN
 _46935_/ZN
 _46936_/ZN
 _46937_/ZN
 _46938_/ZN
 _46939_/ZN
 _46940_/ZN
 _46941_/ZN
 _46942_/ZN
 _46943_/ZN
 _46944_/ZN
 _46945_/ZN
 _46946_/ZN
 _46947_/ZN
 _46948_/ZN
 _46949_/ZN
 _46950_/ZN
 _46951_/ZN
 _46952_/ZN
 _46953_/ZN
 _46954_/ZN
 _46955_/ZN
 _46956_/ZN
 _46957_/ZN
 _46958_/ZN
 _46959_/ZN
 _46960_/ZN
 _46961_/ZN
 _46962_/ZN
 _46963_/Z
 _46964_/Z
 _46965_/ZN
 _46966_/ZN
 _46967_/ZN
 _46968_/ZN
 _46969_/ZN
 _46970_/ZN
 _46971_/ZN
 _46972_/ZN
 _46973_/ZN
 _46974_/ZN
 _46975_/ZN
 _46976_/ZN
 _46977_/ZN
 _46978_/ZN
 _46979_/ZN
 _46980_/ZN
 _46981_/ZN
 _46982_/ZN
 _46983_/ZN
 _46984_/ZN
 _46985_/ZN
 _46986_/ZN
 _46987_/ZN
 _46988_/ZN
 _46989_/ZN
 _46990_/ZN
 _46991_/ZN
 _46992_/ZN
 _46993_/ZN
 _46994_/ZN
 _46995_/ZN
 _46996_/ZN
 _46997_/ZN
 _46998_/ZN
 _46999_/ZN
 _47000_/ZN
 _47001_/ZN
 _47002_/ZN
 _47003_/ZN
 _47004_/ZN
 _47005_/ZN
 _47006_/Z
 _47007_/ZN
 _47008_/Z
 _47009_/ZN
 _47010_/ZN
 _47011_/ZN
 _47012_/Z
 _47013_/ZN
 _47014_/ZN
 _47015_/ZN
 _47016_/ZN
 _47017_/ZN
 _47018_/ZN
 _47019_/ZN
 _47020_/ZN
 _47021_/ZN
 _47022_/ZN
 _47023_/ZN
 _47024_/ZN
 _47025_/ZN
 _47026_/ZN
 _47027_/ZN
 _47028_/ZN
 _47029_/ZN
 _47030_/ZN
 _47031_/ZN
 _47032_/ZN
 _47033_/ZN
 _47034_/ZN
 _47035_/ZN
 _47036_/ZN
 _47037_/ZN
 _47038_/ZN
 _47039_/ZN
 _47040_/ZN
 _47041_/ZN
 _47042_/ZN
 _47043_/ZN
 _47044_/ZN
 _47045_/ZN
 _47046_/ZN
 _47047_/ZN
 _47048_/ZN
 _47049_/ZN
 _47050_/ZN
 _47051_/ZN
 _47052_/ZN
 _47053_/ZN
 _47054_/ZN
 _47055_/ZN
 _47056_/ZN
 _47057_/ZN
 _47058_/ZN
 _47059_/ZN
 _47060_/ZN
 _47061_/ZN
 _47062_/ZN
 _47063_/ZN
 _47064_/ZN
 _47065_/ZN
 _47066_/ZN
 _47067_/ZN
 _47068_/ZN
 _47069_/ZN
 _47070_/ZN
 _47071_/ZN
 _47072_/ZN
 _47073_/ZN
 _47074_/ZN
 _47075_/ZN
 _47076_/ZN
 _47077_/ZN
 _47078_/ZN
 _47079_/ZN
 _47080_/ZN
 _47081_/ZN
 _47082_/ZN
 _47083_/ZN
 _47084_/ZN
 _47085_/ZN
 _47086_/ZN
 _47087_/ZN
 _47088_/ZN
 _47089_/ZN
 _47090_/ZN
 _47091_/ZN
 _47092_/ZN
 _47093_/ZN
 _47094_/ZN
 _47095_/ZN
 _47096_/ZN
 _47097_/ZN
 _47098_/ZN
 _47099_/ZN
 _47100_/ZN
 _47101_/ZN
 _47102_/ZN
 _47103_/ZN
 _47104_/ZN
 _47105_/ZN
 _47106_/ZN
 _47107_/ZN
 _47108_/ZN
 _47109_/ZN
 _47110_/ZN
 _47111_/ZN
 _47112_/ZN
 _47113_/ZN
 _47114_/ZN
 _47115_/ZN
 _47116_/ZN
 _47117_/ZN
 _47118_/ZN
 _47119_/ZN
 _47120_/ZN
 _47121_/ZN
 _47122_/ZN
 _47123_/Z
 _47124_/ZN
 _47125_/ZN
 _47126_/ZN
 _47127_/ZN
 _47128_/ZN
 _47129_/ZN
 _47130_/ZN
 _47131_/ZN
 _47132_/ZN
 _47133_/ZN
 _47134_/ZN
 _47135_/ZN
 _47136_/ZN
 _47137_/ZN
 _47138_/ZN
 _47139_/ZN
 _47140_/ZN
 _47141_/ZN
 _47142_/ZN
 _47143_/ZN
 _47144_/ZN
 _47145_/ZN
 _47146_/ZN
 _47147_/ZN
 _47148_/ZN
 _47149_/ZN
 _47150_/Z
 _47151_/ZN
 _47152_/ZN
 _47153_/ZN
 _47154_/ZN
 _47155_/ZN
 _47156_/ZN
 _47157_/ZN
 _47158_/ZN
 _47159_/ZN
 _47160_/ZN
 _47161_/ZN
 _47162_/ZN
 _47163_/ZN
 _47164_/ZN
 _47165_/ZN
 _47166_/ZN
 _47167_/ZN
 _47168_/ZN
 _47169_/Z
 _47170_/ZN
 _47171_/ZN
 _47172_/ZN
 _47173_/ZN
 _47174_/ZN
 _47175_/ZN
 _47176_/ZN
 _47177_/ZN
 _47178_/ZN
 _47179_/ZN
 _47180_/ZN
 _47181_/ZN
 _47182_/ZN
 _47183_/ZN
 _47184_/ZN
 _47185_/ZN
 _47186_/Z
 _47187_/Z
 _47188_/Z
 _47189_/ZN
 _47190_/ZN
 _47191_/ZN
 _47192_/ZN
 _47193_/ZN
 _47194_/ZN
 _47195_/ZN
 _47196_/ZN
 _47197_/ZN
 _47198_/ZN
 _47199_/ZN
 _47200_/ZN
 _47201_/ZN
 _47202_/ZN
 _47203_/ZN
 _47204_/ZN
 _47205_/ZN
 _47206_/ZN
 _47207_/ZN
 _47208_/ZN
 _47209_/ZN
 _47210_/ZN
 _47211_/ZN
 _47212_/ZN
 _47213_/ZN
 _47214_/ZN
 _47215_/ZN
 _47216_/ZN
 _47217_/ZN
 _47218_/ZN
 _47219_/ZN
 _47220_/ZN
 _47221_/ZN
 _47222_/ZN
 _47223_/ZN
 _47224_/ZN
 _47225_/ZN
 _47226_/ZN
 _47227_/ZN
 _47228_/ZN
 _47229_/ZN
 _47230_/Z
 _47231_/ZN
 _47232_/Z
 _47233_/ZN
 _47234_/Z
 _47235_/ZN
 _47236_/ZN
 _47237_/ZN
 _47238_/Z
 _47239_/ZN
 _47240_/ZN
 _47241_/ZN
 _47242_/ZN
 _47243_/ZN
 _47244_/ZN
 _47245_/ZN
 _47246_/ZN
 _47247_/ZN
 _47248_/ZN
 _47249_/ZN
 _47250_/ZN
 _47251_/ZN
 _47252_/ZN
 _47253_/ZN
 _47254_/ZN
 _47255_/ZN
 _47256_/ZN
 _47257_/ZN
 _47258_/ZN
 _47259_/ZN
 _47260_/ZN
 _47261_/ZN
 _47262_/ZN
 _47263_/ZN
 _47264_/ZN
 _47265_/ZN
 _47266_/ZN
 _47267_/ZN
 _47268_/ZN
 _47269_/ZN
 _47270_/ZN
 _47271_/ZN
 _47272_/ZN
 _47273_/ZN
 _47274_/ZN
 _47275_/ZN
 _47276_/ZN
 _47277_/ZN
 _47278_/ZN
 _47279_/ZN
 _47280_/ZN
 _47281_/ZN
 _47282_/ZN
 _47283_/ZN
 _47284_/ZN
 _47285_/ZN
 _47286_/ZN
 _47287_/ZN
 _47288_/ZN
 _47289_/ZN
 _47290_/ZN
 _47291_/ZN
 _47292_/ZN
 _47293_/ZN
 _47294_/ZN
 _47295_/ZN
 _47296_/ZN
 _47297_/ZN
 _47298_/ZN
 _47299_/Z
 _47300_/ZN
 _47301_/ZN
 _47302_/ZN
 _47303_/ZN
 _47304_/ZN
 _47305_/ZN
 _47306_/ZN
 _47307_/ZN
 _47308_/ZN
 _47309_/ZN
 _47310_/ZN
 _47311_/ZN
 _47312_/ZN
 _47313_/ZN
 _47314_/ZN
 _47315_/ZN
 _47316_/ZN
 _47317_/ZN
 _47318_/ZN
 _47319_/ZN
 _47320_/ZN
 _47321_/ZN
 _47322_/Z
 _47323_/ZN
 _47324_/ZN
 _47325_/ZN
 _47326_/ZN
 _47327_/ZN
 _47328_/ZN
 _47329_/ZN
 _47330_/ZN
 _47331_/ZN
 _47332_/ZN
 _47333_/ZN
 _47334_/ZN
 _47335_/ZN
 _47336_/ZN
 _47337_/ZN
 _47338_/ZN
 _47339_/ZN
 _47340_/ZN
 _47341_/ZN
 _47342_/ZN
 _47343_/ZN
 _47344_/ZN
 _47345_/ZN
 _47346_/ZN
 _47347_/ZN
 _47348_/ZN
 _47349_/ZN
 _47350_/ZN
 _47351_/Z
 _47352_/ZN
 _47353_/ZN
 _47354_/ZN
 _47355_/ZN
 _47356_/ZN
 _47357_/ZN
 _47358_/ZN
 _47359_/ZN
 _47360_/ZN
 _47361_/ZN
 _47362_/ZN
 _47363_/ZN
 _47364_/ZN
 _47365_/ZN
 _47366_/ZN
 _47367_/ZN
 _47368_/ZN
 _47369_/ZN
 _47370_/ZN
 _47371_/ZN
 _47372_/ZN
 _47373_/ZN
 _47374_/ZN
 _47375_/ZN
 _47376_/ZN
 _47377_/ZN
 _47378_/ZN
 _47379_/ZN
 _47380_/ZN
 _47381_/ZN
 _47382_/ZN
 _47383_/ZN
 _47384_/ZN
 _47385_/ZN
 _47386_/ZN
 _47387_/ZN
 _47388_/ZN
 _47389_/ZN
 _47390_/ZN
 _47391_/ZN
 _47392_/ZN
 _47393_/ZN
 _47394_/ZN
 _47395_/ZN
 _47396_/ZN
 _47397_/ZN
 _47398_/ZN
 _47399_/ZN
 _47400_/ZN
 _47401_/ZN
 _47402_/ZN
 _47403_/ZN
 _47404_/ZN
 _47405_/ZN
 _47406_/ZN
 _47407_/ZN
 _47408_/ZN
 _47409_/ZN
 _47410_/ZN
 _47411_/ZN
 _47412_/ZN
 _47413_/ZN
 _47414_/ZN
 _47415_/ZN
 _47416_/ZN
 _47417_/ZN
 _47418_/ZN
 _47419_/ZN
 _47420_/ZN
 _47421_/ZN
 _47422_/ZN
 _47423_/ZN
 _47424_/ZN
 _47425_/ZN
 _47426_/ZN
 _47427_/ZN
 _47428_/ZN
 _47429_/ZN
 _47430_/ZN
 _47431_/ZN
 _47432_/ZN
 _47433_/ZN
 _47434_/ZN
 _47435_/ZN
 _47436_/ZN
 _47437_/ZN
 _47438_/ZN
 _47439_/ZN
 _47440_/ZN
 _47441_/ZN
 _47442_/ZN
 _47443_/ZN
 _47444_/ZN
 _47445_/ZN
 _47446_/ZN
 _47447_/Z
 _47448_/Z
 _47449_/ZN
 _47450_/ZN
 _47451_/ZN
 _47452_/ZN
 _47453_/ZN
 _47454_/ZN
 _47455_/ZN
 _47456_/ZN
 _47457_/ZN
 _47458_/ZN
 _47459_/ZN
 _47460_/ZN
 _47461_/ZN
 _47462_/ZN
 _47463_/ZN
 _47464_/ZN
 _47465_/ZN
 _47466_/ZN
 _47467_/ZN
 _47468_/ZN
 _47469_/ZN
 _47470_/ZN
 _47471_/ZN
 _47472_/ZN
 _47473_/ZN
 _47474_/ZN
 _47475_/ZN
 _47476_/ZN
 _47477_/ZN
 _47478_/ZN
 _47479_/ZN
 _47480_/ZN
 _47481_/ZN
 _47482_/ZN
 _47483_/ZN
 _47484_/ZN
 _47485_/ZN
 _47486_/ZN
 _47487_/ZN
 _47488_/ZN
 _47489_/ZN
 _47490_/ZN
 _47491_/ZN
 _47492_/ZN
 _47493_/ZN
 _47494_/ZN
 _47495_/ZN
 _47496_/ZN
 _47497_/ZN
 _47498_/ZN
 _47499_/ZN
 _47500_/ZN
 _47501_/ZN
 _47502_/ZN
 _47503_/ZN
 _47504_/ZN
 _47505_/ZN
 _47506_/ZN
 _47507_/Z
 _47508_/ZN
 _47509_/ZN
 _47510_/ZN
 _47511_/ZN
 _47512_/ZN
 _47513_/ZN
 _47514_/Z
 _47515_/ZN
 _47516_/Z
 _47517_/Z
 _47518_/ZN
 _47519_/ZN
 _47520_/ZN
 _47521_/ZN
 _47522_/ZN
 _47523_/ZN
 _47524_/ZN
 _47525_/Z
 _47526_/Z
 _47527_/ZN
 _47528_/ZN
 _47529_/ZN
 _47530_/ZN
 _47531_/ZN
 _47532_/ZN
 _47533_/ZN
 _47534_/ZN
 _47535_/ZN
 _47536_/ZN
 _47537_/ZN
 _47538_/ZN
 _47539_/ZN
 _47540_/ZN
 _47541_/ZN
 _47542_/ZN
 _47543_/ZN
 _47544_/Z
 _47545_/Z
 _47546_/ZN
 _47547_/ZN
 _47548_/ZN
 _47549_/ZN
 _47550_/ZN
 _47551_/ZN
 _47552_/ZN
 _47553_/ZN
 _47554_/ZN
 _47555_/ZN
 _47556_/ZN
 _47557_/ZN
 _47558_/ZN
 _47559_/ZN
 _47560_/Z
 _47561_/ZN
 _47562_/ZN
 _47563_/ZN
 _47564_/ZN
 _47565_/ZN
 _47566_/ZN
 _47567_/ZN
 _47568_/ZN
 _47569_/ZN
 _47570_/ZN
 _47571_/Z
 _47572_/ZN
 _47573_/ZN
 _47574_/ZN
 _47575_/ZN
 _47576_/Z
 _47577_/Z
 _47578_/ZN
 _47579_/ZN
 _47580_/ZN
 _47581_/ZN
 _47582_/ZN
 _47583_/ZN
 _47584_/ZN
 _47585_/ZN
 _47586_/ZN
 _47587_/ZN
 _47588_/ZN
 _47589_/ZN
 _47590_/ZN
 _47591_/ZN
 _47592_/ZN
 _47593_/ZN
 _47594_/ZN
 _47595_/ZN
 _47596_/ZN
 _47597_/ZN
 _47598_/ZN
 _47599_/ZN
 _47600_/ZN
 _47601_/ZN
 _47602_/ZN
 _47603_/ZN
 _47604_/ZN
 _47605_/ZN
 _47606_/ZN
 _47607_/ZN
 _47608_/ZN
 _47609_/ZN
 _47610_/ZN
 _47611_/ZN
 _47612_/ZN
 _47613_/ZN
 _47614_/ZN
 _47615_/ZN
 _47616_/ZN
 _47617_/ZN
 _47618_/ZN
 _47619_/ZN
 _47620_/ZN
 _47621_/ZN
 _47622_/ZN
 _47623_/ZN
 _47624_/ZN
 _47625_/ZN
 _47626_/ZN
 _47627_/ZN
 _47628_/ZN
 _47629_/ZN
 _47630_/ZN
 _47631_/ZN
 _47632_/ZN
 _47633_/ZN
 _47634_/ZN
 _47635_/ZN
 _47636_/ZN
 _47637_/ZN
 _47638_/ZN
 _47639_/ZN
 _47640_/ZN
 _47641_/ZN
 _47642_/ZN
 _47643_/ZN
 _47644_/ZN
 _47645_/ZN
 _47646_/ZN
 _47647_/Z
 _47648_/ZN
 _47649_/ZN
 _47650_/ZN
 _47651_/ZN
 _47652_/ZN
 _47653_/ZN
 _47654_/Z
 _47655_/ZN
 _47656_/ZN
 _47657_/Z
 _47658_/Z
 _47659_/Z
 _47660_/ZN
 _47661_/ZN
 _47662_/ZN
 _47663_/ZN
 _47664_/ZN
 _47665_/ZN
 _47666_/ZN
 _47667_/ZN
 _47668_/ZN
 _47669_/ZN
 _47670_/ZN
 _47671_/ZN
 _47672_/ZN
 _47673_/ZN
 _47674_/ZN
 _47675_/ZN
 _47676_/ZN
 _47677_/ZN
 _47678_/ZN
 _47679_/ZN
 _47680_/ZN
 _47681_/ZN
 _47682_/ZN
 _47683_/ZN
 _47684_/ZN
 _47685_/ZN
 _47686_/ZN
 _47687_/ZN
 _47688_/ZN
 _47689_/ZN
 _47690_/ZN
 _47691_/ZN
 _47692_/ZN
 _47693_/ZN
 _47694_/ZN
 _47695_/ZN
 _47696_/ZN
 _47697_/ZN
 _47698_/ZN
 _47699_/ZN
 _47700_/ZN
 _47701_/ZN
 _47702_/ZN
 _47703_/ZN
 _47704_/ZN
 _47705_/ZN
 _47706_/ZN
 _47707_/ZN
 _47708_/ZN
 _47709_/ZN
 _47710_/ZN
 _47711_/ZN
 _47712_/ZN
 _47713_/ZN
 _47714_/ZN
 _47715_/ZN
 _47716_/ZN
 _47717_/ZN
 _47718_/ZN
 _47719_/ZN
 _47720_/ZN
 _47721_/ZN
 _47722_/ZN
 _47723_/ZN
 _47724_/ZN
 _47725_/ZN
 _47726_/Z
 _47727_/Z
 _47728_/Z
 _47729_/ZN
 _47730_/ZN
 _47731_/ZN
 _47732_/ZN
 _47733_/ZN
 _47734_/ZN
 _47735_/ZN
 _47736_/ZN
 _47737_/ZN
 _47738_/ZN
 _47739_/ZN
 _47740_/ZN
 _47741_/ZN
 _47742_/ZN
 _47743_/ZN
 _47744_/ZN
 _47745_/ZN
 _47746_/ZN
 _47747_/ZN
 _47748_/Z
 _47749_/ZN
 _47750_/ZN
 _47751_/ZN
 _47752_/ZN
 _47753_/ZN
 _47754_/ZN
 _47755_/ZN
 _47756_/ZN
 _47757_/ZN
 _47758_/ZN
 _47759_/ZN
 _47760_/ZN
 _47761_/ZN
 _47762_/ZN
 _47763_/ZN
 _47764_/ZN
 _47765_/ZN
 _47766_/ZN
 _47767_/ZN
 _47768_/ZN
 _47769_/ZN
 _47770_/ZN
 _47771_/ZN
 _47772_/ZN
 _47773_/ZN
 _47774_/ZN
 _47775_/Z
 _47776_/Z
 _47777_/ZN
 _47778_/ZN
 _47779_/ZN
 _47780_/ZN
 _47781_/ZN
 _47782_/ZN
 _47783_/ZN
 _47784_/ZN
 _47785_/ZN
 _47786_/Z
 _47787_/ZN
 _47788_/ZN
 _47789_/ZN
 _47790_/ZN
 _47791_/ZN
 _47792_/ZN
 _47793_/ZN
 _47794_/ZN
 _47795_/ZN
 _47796_/ZN
 _47797_/ZN
 _47798_/ZN
 _47799_/ZN
 _47800_/ZN
 _47801_/ZN
 _47802_/ZN
 _47803_/ZN
 _47804_/ZN
 _47805_/ZN
 _47806_/ZN
 _47807_/ZN
 _47808_/ZN
 _47809_/ZN
 _47810_/ZN
 _47811_/ZN
 _47812_/ZN
 _47813_/ZN
 _47814_/ZN
 _47815_/ZN
 _47816_/ZN
 _47817_/ZN
 _47818_/ZN
 _47819_/ZN
 _47820_/ZN
 _47821_/ZN
 _47822_/ZN
 _47823_/ZN
 _47824_/ZN
 _47825_/ZN
 _47826_/ZN
 _47827_/ZN
 _47828_/ZN
 _47829_/ZN
 _47830_/ZN
 _47831_/ZN
 _47832_/ZN
 _47833_/ZN
 _47834_/ZN
 _47835_/ZN
 _47836_/ZN
 _47837_/ZN
 _47838_/ZN
 _47839_/ZN
 _47840_/ZN
 _47841_/ZN
 _47842_/ZN
 _47843_/ZN
 _47844_/ZN
 _47845_/ZN
 _47846_/ZN
 _47847_/ZN
 _47848_/ZN
 _47849_/ZN
 _47850_/ZN
 _47851_/Z
 _47852_/ZN
 _47853_/ZN
 _47854_/ZN
 _47855_/ZN
 _47856_/ZN
 _47857_/ZN
 _47858_/ZN
 _47859_/ZN
 _47860_/ZN
 _47861_/ZN
 _47862_/ZN
 _47863_/ZN
 _47864_/ZN
 _47865_/ZN
 _47866_/ZN
 _47867_/ZN
 _47868_/ZN
 _47869_/ZN
 _47870_/ZN
 _47871_/ZN
 _47872_/ZN
 _47873_/ZN
 _47874_/ZN
 _47875_/ZN
 _47876_/ZN
 _47877_/ZN
 _47878_/ZN
 _47879_/ZN
 _47880_/ZN
 _47881_/ZN
 _47882_/ZN
 _47883_/ZN
 _47884_/ZN
 _47885_/ZN
 _47886_/ZN
 _47887_/ZN
 _47888_/ZN
 _47889_/ZN
 _47890_/ZN
 _47891_/ZN
 _47892_/ZN
 _47893_/ZN
 _47894_/ZN
 _47895_/ZN
 _47896_/ZN
 _47897_/ZN
 _47898_/ZN
 _47899_/ZN
 _47900_/ZN
 _47901_/ZN
 _47902_/ZN
 _47903_/ZN
 _47904_/ZN
 _47905_/ZN
 _47906_/ZN
 _47907_/ZN
 _47908_/ZN
 _47909_/ZN
 _47910_/ZN
 _47911_/ZN
 _47912_/ZN
 _47913_/ZN
 _47914_/ZN
 _47915_/ZN
 _47916_/ZN
 _47917_/ZN
 _47918_/ZN
 _47919_/ZN
 _47920_/ZN
 _47921_/ZN
 _47922_/ZN
 _47923_/ZN
 _47924_/ZN
 _47925_/ZN
 _47926_/ZN
 _47927_/ZN
 _47928_/ZN
 _47929_/ZN
 _47930_/ZN
 _47931_/ZN
 _47932_/ZN
 _47933_/ZN
 _47934_/ZN
 _47935_/ZN
 _47936_/ZN
 _47937_/ZN
 _47938_/ZN
 _47939_/ZN
 _47940_/ZN
 _47941_/ZN
 _47942_/ZN
 _47943_/ZN
 _47944_/ZN
 _47945_/ZN
 _47946_/ZN
 _47947_/ZN
 _47948_/ZN
 _47949_/ZN
 _47950_/ZN
 _47951_/ZN
 _47952_/ZN
 _47953_/ZN
 _47954_/ZN
 _47955_/ZN
 _47956_/ZN
 _47957_/ZN
 _47958_/ZN
 _47959_/ZN
 _47960_/ZN
 _47961_/ZN
 _47962_/ZN
 _47963_/ZN
 _47964_/ZN
 _47965_/ZN
 _47966_/ZN
 _47967_/ZN
 _47968_/ZN
 _47969_/ZN
 _47970_/ZN
 _47971_/ZN
 _47972_/ZN
 _47973_/ZN
 _47974_/ZN
 _47975_/ZN
 _47976_/ZN
 _47977_/ZN
 _47978_/ZN
 _47979_/ZN
 _47980_/ZN
 _47981_/ZN
 _47982_/ZN
 _47983_/ZN
 _47984_/ZN
 _47985_/ZN
 _47986_/ZN
 _47987_/ZN
 _47988_/ZN
 _47989_/ZN
 _47990_/ZN
 _47991_/ZN
 _47992_/ZN
 _47993_/ZN
 _47994_/ZN
 _47995_/ZN
 _47996_/ZN
 _47997_/ZN
 _47998_/ZN
 _47999_/ZN
 _48000_/Z
 _48001_/ZN
 _48002_/ZN
 _48003_/Z
 _48004_/ZN
 _48005_/ZN
 _48006_/ZN
 _48007_/ZN
 _48008_/ZN
 _48009_/ZN
 _48010_/ZN
 _48011_/ZN
 _48012_/ZN
 _48013_/ZN
 _48014_/ZN
 _48015_/ZN
 _48016_/ZN
 _48017_/ZN
 _48018_/ZN
 _48019_/ZN
 _48020_/Z
 _48021_/ZN
 _48022_/ZN
 _48023_/ZN
 _48024_/ZN
 _48025_/ZN
 _48026_/ZN
 _48027_/ZN
 _48028_/ZN
 _48029_/ZN
 _48030_/ZN
 _48031_/ZN
 _48032_/ZN
 _48033_/ZN
 _48034_/ZN
 _48035_/ZN
 _48036_/ZN
 _48037_/ZN
 _48038_/ZN
 _48039_/ZN
 _48040_/ZN
 _48041_/ZN
 _48042_/ZN
 _48043_/ZN
 _48044_/ZN
 _48045_/ZN
 _48046_/ZN
 _48047_/ZN
 _48048_/ZN
 _48049_/ZN
 _48050_/ZN
 _48051_/ZN
 _48052_/ZN
 _48053_/ZN
 _48054_/ZN
 _48055_/ZN
 _48056_/ZN
 _48057_/ZN
 _48058_/ZN
 _48059_/ZN
 _48060_/ZN
 _48061_/ZN
 _48062_/ZN
 _48063_/ZN
 _48064_/ZN
 _48065_/ZN
 _48066_/ZN
 _48067_/ZN
 _48068_/ZN
 _48069_/ZN
 _48070_/ZN
 _48071_/ZN
 _48072_/ZN
 _48073_/ZN
 _48074_/ZN
 _48075_/ZN
 _48076_/ZN
 _48077_/ZN
 _48078_/ZN
 _48079_/ZN
 _48080_/ZN
 _48081_/ZN
 _48082_/ZN
 _48083_/ZN
 _48084_/ZN
 _48085_/ZN
 _48086_/ZN
 _48087_/ZN
 _48088_/ZN
 _48089_/ZN
 _48090_/ZN
 _48091_/ZN
 _48092_/ZN
 _48093_/ZN
 _48094_/ZN
 _48095_/ZN
 _48096_/ZN
 _48097_/ZN
 _48098_/ZN
 _48099_/ZN
 _48100_/ZN
 _48101_/ZN
 _48102_/ZN
 _48103_/ZN
 _48104_/ZN
 _48105_/ZN
 _48106_/ZN
 _48107_/ZN
 _48108_/ZN
 _48109_/ZN
 _48110_/ZN
 _48111_/ZN
 _48112_/ZN
 _48113_/ZN
 _48114_/ZN
 _48115_/ZN
 _48116_/ZN
 _48117_/ZN
 _48118_/ZN
 _48119_/ZN
 _48120_/ZN
 _48121_/ZN
 _48122_/ZN
 _48123_/ZN
 _48124_/ZN
 _48125_/ZN
 _48126_/ZN
 _48127_/ZN
 _48128_/ZN
 _48129_/ZN
 _48130_/ZN
 _48131_/ZN
 _48132_/ZN
 _48133_/ZN
 _48134_/Z
 _48135_/Z
 _48136_/ZN
 _48137_/ZN
 _48138_/ZN
 _48139_/ZN
 _48140_/ZN
 _48141_/ZN
 _48142_/ZN
 _48143_/ZN
 _48144_/ZN
 _48145_/ZN
 _48146_/ZN
 _48147_/ZN
 _48148_/Z
 _48149_/ZN
 _48150_/Z
 _48151_/ZN
 _48152_/ZN
 _48153_/ZN
 _48154_/ZN
 _48155_/ZN
 _48156_/ZN
 _48157_/ZN
 _48158_/Z
 _48159_/ZN
 _48160_/ZN
 _48161_/ZN
 _48162_/ZN
 _48163_/ZN
 _48164_/ZN
 _48165_/ZN
 _48166_/ZN
 _48167_/ZN
 _48168_/ZN
 _48169_/ZN
 _48170_/ZN
 _48171_/ZN
 _48172_/Z
 _48173_/ZN
 _48174_/Z
 _48175_/ZN
 _48176_/ZN
 _48177_/ZN
 _48178_/ZN
 _48179_/ZN
 _48180_/ZN
 _48181_/ZN
 _48182_/ZN
 _48183_/ZN
 _48184_/ZN
 _48185_/ZN
 _48186_/ZN
 _48187_/ZN
 _48188_/ZN
 _48189_/Z
 _48190_/ZN
 _48191_/ZN
 _48192_/ZN
 _48193_/ZN
 _48194_/ZN
 _48195_/ZN
 _48196_/ZN
 _48197_/ZN
 _48198_/ZN
 _48199_/ZN
 _48200_/ZN
 _48201_/ZN
 _48202_/ZN
 _48203_/ZN
 _48204_/ZN
 _48205_/ZN
 _48206_/ZN
 _48207_/ZN
 _48208_/ZN
 _48209_/ZN
 _48210_/ZN
 _48211_/ZN
 _48212_/ZN
 _48213_/ZN
 _48214_/ZN
 _48215_/ZN
 _48216_/ZN
 _48217_/ZN
 _48218_/ZN
 _48219_/ZN
 _48220_/ZN
 _48221_/ZN
 _48222_/ZN
 _48223_/ZN
 _48224_/ZN
 _48225_/ZN
 _48226_/ZN
 _48227_/ZN
 _48228_/ZN
 _48229_/ZN
 _48230_/ZN
 _48231_/ZN
 _48232_/ZN
 _48233_/ZN
 _48234_/ZN
 _48235_/ZN
 _48236_/ZN
 _48237_/ZN
 _48238_/ZN
 _48239_/ZN
 _48240_/ZN
 _48241_/ZN
 _48242_/ZN
 _48243_/ZN
 _48244_/ZN
 _48245_/Z
 _48246_/ZN
 _48247_/ZN
 _48248_/ZN
 _48249_/ZN
 _48250_/ZN
 _48251_/ZN
 _48252_/ZN
 _48253_/ZN
 _48254_/ZN
 _48255_/ZN
 _48256_/ZN
 _48257_/ZN
 _48258_/ZN
 _48259_/ZN
 _48260_/ZN
 _48261_/ZN
 _48262_/ZN
 _48263_/ZN
 _48264_/ZN
 _48265_/ZN
 _48266_/ZN
 _48267_/ZN
 _48268_/ZN
 _48269_/ZN
 _48270_/ZN
 _48271_/ZN
 _48272_/ZN
 _48273_/ZN
 _48274_/ZN
 _48275_/ZN
 _48276_/ZN
 _48277_/ZN
 _48278_/ZN
 _48279_/ZN
 _48280_/ZN
 _48281_/ZN
 _48282_/ZN
 _48283_/ZN
 _48284_/ZN
 _48285_/ZN
 _48286_/ZN
 _48287_/ZN
 _48288_/ZN
 _48289_/ZN
 _48290_/ZN
 _48291_/ZN
 _48292_/ZN
 _48293_/ZN
 _48294_/ZN
 _48295_/ZN
 _48296_/ZN
 _48297_/ZN
 _48298_/ZN
 _48299_/ZN
 _48300_/ZN
 _48301_/ZN
 _48302_/ZN
 _48303_/ZN
 _48304_/ZN
 _48305_/ZN
 _48306_/ZN
 _48307_/ZN
 _48308_/ZN
 _48309_/ZN
 _48310_/ZN
 _48311_/ZN
 _48312_/ZN
 _48313_/ZN
 _48314_/ZN
 _48315_/ZN
 _48316_/Z
 _48317_/ZN
 _48318_/ZN
 _48319_/ZN
 _48320_/ZN
 _48321_/ZN
 _48322_/ZN
 _48323_/ZN
 _48324_/ZN
 _48325_/ZN
 _48326_/ZN
 _48327_/ZN
 _48328_/ZN
 _48329_/ZN
 _48330_/ZN
 _48331_/ZN
 _48332_/Z
 _48333_/ZN
 _48334_/ZN
 _48335_/Z
 _48336_/ZN
 _48337_/ZN
 _48338_/ZN
 _48339_/ZN
 _48340_/ZN
 _48341_/ZN
 _48342_/ZN
 _48343_/ZN
 _48344_/ZN
 _48345_/ZN
 _48346_/ZN
 _48347_/ZN
 _48348_/ZN
 _48349_/ZN
 _48350_/ZN
 _48351_/ZN
 _48352_/ZN
 _48353_/ZN
 _48354_/ZN
 _48355_/ZN
 _48356_/ZN
 _48357_/ZN
 _48358_/ZN
 _48359_/ZN
 _48360_/ZN
 _48361_/ZN
 _48362_/ZN
 _48363_/ZN
 _48364_/ZN
 _48365_/ZN
 _48366_/Z
 _48367_/Z
 _48368_/Z
 _48369_/ZN
 _48370_/ZN
 _48371_/ZN
 _48372_/ZN
 _48373_/ZN
 _48374_/ZN
 _48375_/ZN
 _48376_/ZN
 _48377_/ZN
 _48378_/ZN
 _48379_/Z
 _48380_/Z
 _48381_/ZN
 _48382_/ZN
 _48383_/ZN
 _48384_/ZN
 _48385_/ZN
 _48386_/ZN
 _48387_/ZN
 _48388_/ZN
 _48389_/ZN
 _48390_/ZN
 _48391_/ZN
 _48392_/ZN
 _48393_/ZN
 _48394_/ZN
 _48395_/ZN
 _48396_/ZN
 _48397_/ZN
 _48398_/ZN
 _48399_/ZN
 _48400_/ZN
 _48401_/Z
 _48402_/Z
 _48403_/ZN
 _48404_/ZN
 _48405_/ZN
 _48406_/ZN
 _48407_/ZN
 _48408_/ZN
 _48409_/ZN
 _48410_/ZN
 _48411_/ZN
 _48412_/ZN
 _48413_/ZN
 _48414_/ZN
 _48415_/ZN
 _48416_/ZN
 _48417_/ZN
 _48418_/ZN
 _48419_/ZN
 _48420_/ZN
 _48421_/ZN
 _48422_/ZN
 _48423_/ZN
 _48424_/ZN
 _48425_/ZN
 _48426_/ZN
 _48427_/ZN
 _48428_/ZN
 _48429_/ZN
 _48430_/ZN
 _48431_/ZN
 _48432_/ZN
 _48433_/ZN
 _48434_/ZN
 _48435_/ZN
 _48436_/ZN
 _48437_/ZN
 _48438_/ZN
 _48439_/ZN
 _48440_/ZN
 _48441_/ZN
 _48442_/ZN
 _48443_/ZN
 _48444_/ZN
 _48445_/ZN
 _48446_/ZN
 _48447_/ZN
 _48448_/ZN
 _48449_/ZN
 _48450_/ZN
 _48451_/ZN
 _48452_/ZN
 _48453_/ZN
 _48454_/ZN
 _48455_/ZN
 _48456_/ZN
 _48457_/ZN
 _48458_/ZN
 _48459_/ZN
 _48460_/ZN
 _48461_/ZN
 _48462_/ZN
 _48463_/ZN
 _48464_/ZN
 _48465_/ZN
 _48466_/ZN
 _48467_/ZN
 _48468_/ZN
 _48469_/ZN
 _48470_/ZN
 _48471_/ZN
 _48472_/ZN
 _48473_/ZN
 _48474_/ZN
 _48475_/ZN
 _48476_/ZN
 _48477_/ZN
 _48478_/ZN
 _48479_/ZN
 _48480_/ZN
 _48481_/ZN
 _48482_/Z
 _48483_/ZN
 _48484_/ZN
 _48485_/ZN
 _48486_/ZN
 _48487_/Z
 _48488_/Z
 _48489_/ZN
 _48490_/ZN
 _48491_/ZN
 _48492_/ZN
 _48493_/Z
 _48494_/ZN
 _48495_/Z
 _48496_/Z
 _48497_/Z
 _48498_/ZN
 _48499_/ZN
 _48500_/ZN
 _48501_/ZN
 _48502_/ZN
 _48503_/ZN
 _48504_/ZN
 _48505_/ZN
 _48506_/ZN
 _48507_/ZN
 _48508_/ZN
 _48509_/ZN
 _48510_/ZN
 _48511_/ZN
 _48512_/Z
 _48513_/ZN
 _48514_/ZN
 _48515_/ZN
 _48516_/ZN
 _48517_/ZN
 _48518_/ZN
 _48519_/ZN
 _48520_/ZN
 _48521_/ZN
 _48522_/Z
 _48523_/Z
 _48524_/ZN
 _48525_/ZN
 _48526_/ZN
 _48527_/ZN
 _48528_/ZN
 _48529_/ZN
 _48530_/ZN
 _48531_/ZN
 _48532_/ZN
 _48533_/ZN
 _48534_/ZN
 _48535_/ZN
 _48536_/ZN
 _48537_/ZN
 _48538_/ZN
 _48539_/ZN
 _48540_/ZN
 _48541_/ZN
 _48542_/ZN
 _48543_/ZN
 _48544_/ZN
 _48545_/ZN
 _48546_/ZN
 _48547_/Z
 _48548_/ZN
 _48549_/ZN
 _48550_/ZN
 _48551_/ZN
 _48552_/ZN
 _48553_/ZN
 _48554_/ZN
 _48555_/ZN
 _48556_/ZN
 _48557_/ZN
 _48558_/Z
 _48559_/ZN
 _48560_/ZN
 _48561_/ZN
 _48562_/ZN
 _48563_/ZN
 _48564_/ZN
 _48565_/ZN
 _48566_/ZN
 _48567_/ZN
 _48568_/ZN
 _48569_/ZN
 _48570_/ZN
 _48571_/ZN
 _48572_/ZN
 _48573_/ZN
 _48574_/ZN
 _48575_/ZN
 _48576_/ZN
 _48577_/ZN
 _48578_/ZN
 _48579_/ZN
 _48580_/ZN
 _48581_/ZN
 _48582_/ZN
 _48583_/ZN
 _48584_/ZN
 _48585_/ZN
 _48586_/ZN
 _48587_/ZN
 _48588_/ZN
 _48589_/ZN
 _48590_/ZN
 _48591_/ZN
 _48592_/ZN
 _48593_/ZN
 _48594_/ZN
 _48595_/ZN
 _48596_/ZN
 _48597_/ZN
 _48598_/ZN
 _48599_/ZN
 _48600_/ZN
 _48601_/ZN
 _48602_/ZN
 _48603_/ZN
 _48604_/ZN
 _48605_/ZN
 _48606_/ZN
 _48607_/ZN
 _48608_/ZN
 _48609_/ZN
 _48610_/ZN
 _48611_/ZN
 _48612_/ZN
 _48613_/ZN
 _48614_/ZN
 _48615_/ZN
 _48616_/ZN
 _48617_/ZN
 _48618_/ZN
 _48619_/ZN
 _48620_/ZN
 _48621_/ZN
 _48622_/ZN
 _48623_/Z
 _48624_/ZN
 _48625_/ZN
 _48626_/ZN
 _48627_/ZN
 _48628_/ZN
 _48629_/ZN
 _48630_/ZN
 _48631_/ZN
 _48632_/ZN
 _48633_/ZN
 _48634_/ZN
 _48635_/ZN
 _48636_/ZN
 _48637_/ZN
 _48638_/ZN
 _48639_/ZN
 _48640_/ZN
 _48641_/ZN
 _48642_/ZN
 _48643_/ZN
 _48644_/ZN
 _48645_/ZN
 _48646_/ZN
 _48647_/ZN
 _48648_/ZN
 _48649_/ZN
 _48650_/ZN
 _48651_/ZN
 _48652_/ZN
 _48653_/ZN
 _48654_/ZN
 _48655_/ZN
 _48656_/Z
 _48657_/ZN
 _48658_/ZN
 _48659_/ZN
 _48660_/ZN
 _48661_/ZN
 _48662_/ZN
 _48663_/Z
 _48664_/ZN
 _48665_/ZN
 _48666_/ZN
 _48667_/ZN
 _48668_/ZN
 _48669_/ZN
 _48670_/ZN
 _48671_/ZN
 _48672_/ZN
 _48673_/ZN
 _48674_/ZN
 _48675_/ZN
 _48676_/Z
 _48677_/ZN
 _48678_/ZN
 _48679_/ZN
 _48680_/ZN
 _48681_/ZN
 _48682_/ZN
 _48683_/ZN
 _48684_/ZN
 _48685_/ZN
 _48686_/ZN
 _48687_/ZN
 _48688_/ZN
 _48689_/ZN
 _48690_/ZN
 _48691_/ZN
 _48692_/ZN
 _48693_/ZN
 _48694_/ZN
 _48695_/ZN
 _48696_/ZN
 _48697_/ZN
 _48698_/ZN
 _48699_/ZN
 _48700_/ZN
 _48701_/ZN
 _48702_/ZN
 _48703_/ZN
 _48704_/ZN
 _48705_/ZN
 _48706_/ZN
 _48707_/ZN
 _48708_/ZN
 _48709_/ZN
 _48710_/ZN
 _48711_/ZN
 _48712_/ZN
 _48713_/ZN
 _48714_/ZN
 _48715_/ZN
 _48716_/ZN
 _48717_/ZN
 _48718_/ZN
 _48719_/ZN
 _48720_/ZN
 _48721_/ZN
 _48722_/ZN
 _48723_/Z
 _48724_/ZN
 _48725_/ZN
 _48726_/ZN
 _48727_/ZN
 _48728_/ZN
 _48729_/ZN
 _48730_/ZN
 _48731_/ZN
 _48732_/ZN
 _48733_/ZN
 _48734_/ZN
 _48735_/ZN
 _48736_/ZN
 _48737_/ZN
 _48738_/ZN
 _48739_/ZN
 _48740_/ZN
 _48741_/ZN
 _48742_/ZN
 _48743_/ZN
 _48744_/ZN
 _48745_/ZN
 _48746_/ZN
 _48747_/ZN
 _48748_/ZN
 _48749_/ZN
 _48750_/ZN
 _48751_/ZN
 _48752_/ZN
 _48753_/ZN
 _48754_/ZN
 _48755_/ZN
 _48756_/ZN
 _48757_/ZN
 _48758_/ZN
 _48759_/ZN
 _48760_/ZN
 _48761_/ZN
 _48762_/ZN
 _48763_/ZN
 _48764_/ZN
 _48765_/ZN
 _48766_/ZN
 _48767_/ZN
 _48768_/ZN
 _48769_/ZN
 _48770_/ZN
 _48771_/ZN
 _48772_/ZN
 _48773_/ZN
 _48774_/ZN
 _48775_/ZN
 _48776_/ZN
 _48777_/ZN
 _48778_/ZN
 _48779_/ZN
 _48780_/ZN
 _48781_/ZN
 _48782_/ZN
 _48783_/ZN
 _48784_/ZN
 _48785_/ZN
 _48786_/ZN
 _48787_/ZN
 _48788_/ZN
 _48789_/ZN
 _48790_/ZN
 _48791_/ZN
 _48792_/ZN
 _48793_/ZN
 _48794_/ZN
 _48795_/ZN
 _48796_/ZN
 _48797_/Z
 _48798_/ZN
 _48799_/ZN
 _48800_/ZN
 _48801_/ZN
 _48802_/ZN
 _48803_/ZN
 _48804_/ZN
 _48805_/ZN
 _48806_/ZN
 _48807_/ZN
 _48808_/Z
 _48809_/ZN
 _48810_/ZN
 _48811_/ZN
 _48812_/ZN
 _48813_/ZN
 _48814_/ZN
 _48815_/ZN
 _48816_/ZN
 _48817_/ZN
 _48818_/ZN
 _48819_/ZN
 _48820_/ZN
 _48821_/ZN
 _48822_/ZN
 _48823_/ZN
 _48824_/ZN
 _48825_/ZN
 _48826_/ZN
 _48827_/ZN
 _48828_/ZN
 _48829_/ZN
 _48830_/ZN
 _48831_/ZN
 _48832_/ZN
 _48833_/ZN
 _48834_/ZN
 _48835_/ZN
 _48836_/ZN
 _48837_/ZN
 _48838_/ZN
 _48839_/ZN
 _48840_/ZN
 _48841_/ZN
 _48842_/ZN
 _48843_/ZN
 _48844_/ZN
 _48845_/ZN
 _48846_/ZN
 _48847_/ZN
 _48848_/ZN
 _48849_/ZN
 _48850_/ZN
 _48851_/ZN
 _48852_/ZN
 _48853_/ZN
 _48854_/ZN
 _48855_/ZN
 _48856_/ZN
 _48857_/ZN
 _48858_/ZN
 _48859_/ZN
 _48860_/ZN
 _48861_/ZN
 _48862_/ZN
 _48863_/ZN
 _48864_/ZN
 _48865_/ZN
 _48866_/ZN
 _48867_/ZN
 _48868_/Z
 _48869_/ZN
 _48870_/ZN
 _48871_/ZN
 _48872_/ZN
 _48873_/ZN
 _48874_/ZN
 _48875_/ZN
 _48876_/ZN
 _48877_/ZN
 _48878_/ZN
 _48879_/ZN
 _48880_/ZN
 _48881_/ZN
 _48882_/ZN
 _48883_/ZN
 _48884_/ZN
 _48885_/ZN
 _48886_/ZN
 _48887_/ZN
 _48888_/ZN
 _48889_/ZN
 _48890_/ZN
 _48891_/ZN
 _48892_/ZN
 _48893_/ZN
 _48894_/ZN
 _48895_/ZN
 _48896_/ZN
 _48897_/ZN
 _48898_/ZN
 _48899_/ZN
 _48900_/Z
 _48901_/ZN
 _48902_/ZN
 _48903_/ZN
 _48904_/ZN
 _48905_/ZN
 _48906_/ZN
 _48907_/ZN
 _48908_/Z
 _48909_/Z
 _48910_/ZN
 _48911_/ZN
 _48912_/ZN
 _48913_/ZN
 _48914_/ZN
 _48915_/ZN
 _48916_/ZN
 _48917_/ZN
 _48918_/ZN
 _48919_/ZN
 _48920_/ZN
 _48921_/ZN
 _48922_/ZN
 _48923_/ZN
 _48924_/ZN
 _48925_/ZN
 _48926_/ZN
 _48927_/ZN
 _48928_/ZN
 _48929_/ZN
 _48930_/ZN
 _48931_/ZN
 _48932_/ZN
 _48933_/ZN
 _48934_/ZN
 _48935_/ZN
 _48936_/ZN
 _48937_/ZN
 _48938_/ZN
 _48939_/ZN
 _48940_/ZN
 _48941_/ZN
 _48942_/ZN
 _48943_/ZN
 _48944_/ZN
 _48945_/ZN
 _48946_/ZN
 _48947_/ZN
 _48948_/ZN
 _48949_/ZN
 _48950_/ZN
 _48951_/ZN
 _48952_/ZN
 _48953_/ZN
 _48954_/ZN
 _48955_/ZN
 _48956_/Z
 _48957_/Z
 _48958_/ZN
 _48959_/ZN
 _48960_/ZN
 _48961_/ZN
 _48962_/ZN
 _48963_/ZN
 _48964_/ZN
 _48965_/ZN
 _48966_/ZN
 _48967_/ZN
 _48968_/ZN
 _48969_/ZN
 _48970_/ZN
 _48971_/ZN
 _48972_/ZN
 _48973_/ZN
 _48974_/ZN
 _48975_/ZN
 _48976_/ZN
 _48977_/ZN
 _48978_/ZN
 _48979_/ZN
 _48980_/ZN
 _48981_/ZN
 _48982_/ZN
 _48983_/ZN
 _48984_/ZN
 _48985_/ZN
 _48986_/ZN
 _48987_/ZN
 _48988_/ZN
 _48989_/ZN
 _48990_/ZN
 _48991_/ZN
 _48992_/ZN
 _48993_/ZN
 _48994_/ZN
 _48995_/ZN
 _48996_/ZN
 _48997_/ZN
 _48998_/ZN
 _48999_/ZN
 _49000_/ZN
 _49001_/ZN
 _49002_/ZN
 _49003_/Z
 _49004_/Z
 _49005_/ZN
 _49006_/ZN
 _49007_/ZN
 _49008_/ZN
 _49009_/Z
 _49010_/ZN
 _49011_/ZN
 _49012_/ZN
 _49013_/ZN
 _49014_/ZN
 _49015_/ZN
 _49016_/ZN
 _49017_/ZN
 _49018_/ZN
 _49019_/ZN
 _49020_/ZN
 _49021_/ZN
 _49022_/ZN
 _49023_/ZN
 _49024_/ZN
 _49025_/ZN
 _49026_/ZN
 _49027_/ZN
 _49028_/ZN
 _49029_/ZN
 _49030_/ZN
 _49031_/ZN
 _49032_/ZN
 _49033_/ZN
 _49034_/ZN
 _49035_/ZN
 _49036_/ZN
 _49037_/ZN
 _49038_/Z
 _49039_/Z
 _49040_/ZN
 _49041_/ZN
 _49042_/ZN
 _49043_/ZN
 _49044_/ZN
 _49045_/ZN
 _49046_/ZN
 _49047_/ZN
 _49048_/ZN
 _49049_/ZN
 _49050_/ZN
 _49051_/ZN
 _49052_/ZN
 _49053_/ZN
 _49054_/ZN
 _49055_/ZN
 _49056_/ZN
 _49057_/ZN
 _49058_/ZN
 _49059_/ZN
 _49060_/ZN
 _49061_/ZN
 _49062_/ZN
 _49063_/ZN
 _49064_/ZN
 _49065_/ZN
 _49066_/ZN
 _49067_/ZN
 _49068_/ZN
 _49069_/ZN
 _49070_/ZN
 _49071_/ZN
 _49072_/ZN
 _49073_/ZN
 _49074_/ZN
 _49075_/ZN
 _49076_/ZN
 _49077_/ZN
 _49078_/ZN
 _49079_/ZN
 _49080_/ZN
 _49081_/ZN
 _49082_/ZN
 _49083_/ZN
 _49084_/ZN
 _49085_/ZN
 _49086_/ZN
 _49087_/ZN
 _49088_/ZN
 _49089_/ZN
 _49090_/ZN
 _49091_/ZN
 _49092_/ZN
 _49093_/ZN
 _49094_/ZN
 _49095_/ZN
 _49096_/ZN
 _49097_/ZN
 _49098_/ZN
 _49099_/ZN
 _49100_/ZN
 _49101_/ZN
 _49102_/ZN
 _49103_/ZN
 _49104_/ZN
 _49105_/ZN
 _49106_/ZN
 _49107_/ZN
 _49108_/ZN
 _49109_/ZN
 _49110_/ZN
 _49111_/ZN
 _49112_/ZN
 _49113_/ZN
 _49114_/ZN
 _49115_/ZN
 _49116_/ZN
 _49117_/ZN
 _49118_/ZN
 _49119_/ZN
 _49120_/ZN
 _49121_/ZN
 _49122_/ZN
 _49123_/ZN
 _49124_/ZN
 _49125_/ZN
 _49126_/Z
 _49127_/Z
 _49128_/Z
 _49129_/Z
 _49130_/ZN
 _49131_/ZN
 _49132_/ZN
 _49133_/ZN
 _49134_/ZN
 _49135_/ZN
 _49136_/ZN
 _49137_/ZN
 _49138_/ZN
 _49139_/ZN
 _49140_/ZN
 _49141_/ZN
 _49142_/ZN
 _49143_/ZN
 _49144_/ZN
 _49145_/ZN
 _49146_/ZN
 _49147_/ZN
 _49148_/ZN
 _49149_/ZN
 _49150_/ZN
 _49151_/Z
 _49152_/ZN
 _49153_/ZN
 _49154_/ZN
 _49155_/ZN
 _49156_/ZN
 _49157_/ZN
 _49158_/ZN
 _49159_/ZN
 _49160_/ZN
 _49161_/ZN
 _49162_/ZN
 _49163_/ZN
 _49164_/ZN
 _49165_/ZN
 _49166_/ZN
 _49167_/ZN
 _49168_/ZN
 _49169_/ZN
 _49170_/ZN
 _49171_/ZN
 _49172_/ZN
 _49173_/ZN
 _49174_/ZN
 _49175_/ZN
 _49176_/ZN
 _49177_/ZN
 _49178_/ZN
 _49179_/ZN
 _49180_/ZN
 _49181_/ZN
 _49182_/ZN
 _49183_/ZN
 _49184_/Z
 _49185_/ZN
 _49186_/Z
 _49187_/Z
 _49188_/Z
 _49189_/ZN
 _49190_/ZN
 _49191_/ZN
 _49192_/ZN
 _49193_/ZN
 _49194_/ZN
 _49195_/ZN
 _49196_/ZN
 _49197_/ZN
 _49198_/ZN
 _49199_/ZN
 _49200_/ZN
 _49201_/ZN
 _49202_/ZN
 _49203_/ZN
 _49204_/ZN
 _49205_/ZN
 _49206_/ZN
 _49207_/ZN
 _49208_/ZN
 _49209_/ZN
 _49210_/ZN
 _49211_/ZN
 _49212_/ZN
 _49213_/ZN
 _49214_/ZN
 _49215_/ZN
 _49216_/ZN
 _49217_/ZN
 _49218_/ZN
 _49219_/ZN
 _49220_/ZN
 _49221_/ZN
 _49222_/ZN
 _49223_/ZN
 _49224_/ZN
 _49225_/ZN
 _49226_/ZN
 _49227_/ZN
 _49228_/ZN
 _49229_/ZN
 _49230_/ZN
 _49231_/ZN
 _49232_/ZN
 _49233_/Z
 _49234_/ZN
 _49235_/ZN
 _49236_/ZN
 _49237_/ZN
 _49238_/ZN
 _49239_/ZN
 _49240_/Z
 _49241_/ZN
 _49242_/ZN
 _49243_/ZN
 _49244_/ZN
 _49245_/ZN
 _49246_/ZN
 _49247_/ZN
 _49248_/ZN
 _49249_/ZN
 _49250_/ZN
 _49251_/ZN
 _49252_/ZN
 _49253_/Z
 _49254_/ZN
 _49255_/ZN
 _49256_/ZN
 _49257_/ZN
 _49258_/ZN
 _49259_/ZN
 _49260_/ZN
 _49261_/ZN
 _49262_/Z
 _49263_/ZN
 _49264_/ZN
 _49265_/ZN
 _49266_/ZN
 _49267_/ZN
 _49268_/ZN
 _49269_/ZN
 _49270_/ZN
 _49271_/ZN
 _49272_/ZN
 _49273_/ZN
 _49274_/ZN
 _49275_/ZN
 _49276_/ZN
 _49277_/ZN
 _49278_/ZN
 _49279_/ZN
 _49280_/ZN
 _49281_/ZN
 _49282_/ZN
 _49283_/ZN
 _49284_/ZN
 _49285_/ZN
 _49286_/ZN
 _49287_/ZN
 _49288_/ZN
 _49289_/ZN
 _49290_/ZN
 _49291_/ZN
 _49292_/ZN
 _49293_/ZN
 _49294_/ZN
 _49295_/ZN
 _49296_/ZN
 _49297_/ZN
 _49298_/ZN
 _49299_/ZN
 _49300_/ZN
 _49301_/ZN
 _49302_/ZN
 _49303_/ZN
 _49304_/ZN
 _49305_/ZN
 _49306_/ZN
 _49307_/ZN
 _49308_/ZN
 _49309_/ZN
 _49310_/ZN
 _49311_/ZN
 _49312_/ZN
 _49313_/ZN
 _49314_/Z
 _49315_/ZN
 _49316_/ZN
 _49317_/ZN
 _49318_/ZN
 _49319_/ZN
 _49320_/ZN
 _49321_/ZN
 _49322_/ZN
 _49323_/ZN
 _49324_/ZN
 _49325_/ZN
 _49326_/ZN
 _49327_/ZN
 _49328_/ZN
 _49329_/ZN
 _49330_/ZN
 _49331_/ZN
 _49332_/ZN
 _49333_/ZN
 _49334_/ZN
 _49335_/ZN
 _49336_/ZN
 _49337_/ZN
 _49338_/ZN
 _49339_/ZN
 _49340_/ZN
 _49341_/ZN
 _49342_/ZN
 _49343_/ZN
 _49344_/ZN
 _49345_/ZN
 _49346_/ZN
 _49347_/ZN
 _49348_/ZN
 _49349_/ZN
 _49350_/ZN
 _49351_/ZN
 _49352_/ZN
 _49353_/ZN
 _49354_/ZN
 _49355_/ZN
 _49356_/ZN
 _49357_/ZN
 _49358_/ZN
 _49359_/ZN
 _49360_/ZN
 _49361_/ZN
 _49362_/ZN
 _49363_/ZN
 _49364_/ZN
 _49365_/ZN
 _49366_/ZN
 _49367_/ZN
 _49368_/ZN
 _49369_/ZN
 _49370_/ZN
 _49371_/ZN
 _49372_/ZN
 _49373_/ZN
 _49374_/ZN
 _49375_/ZN
 _49376_/ZN
 _49377_/ZN
 _49378_/ZN
 _49379_/ZN
 _49380_/ZN
 _49381_/ZN
 _49382_/ZN
 _49383_/ZN
 _49384_/ZN
 _49385_/ZN
 _49386_/ZN
 _49387_/ZN
 _49388_/ZN
 _49389_/ZN
 _49390_/ZN
 _49391_/ZN
 _49392_/ZN
 _49393_/ZN
 _49394_/ZN
 _49395_/ZN
 _49396_/ZN
 _49397_/ZN
 _49398_/ZN
 _49399_/ZN
 _49400_/ZN
 _49401_/ZN
 _49402_/ZN
 _49403_/ZN
 _49404_/ZN
 _49405_/ZN
 _49406_/ZN
 _49407_/ZN
 _49408_/ZN
 _49409_/ZN
 _49410_/ZN
 _49411_/ZN
 _49412_/ZN
 _49413_/ZN
 _49414_/ZN
 _49415_/ZN
 _49416_/ZN
 _49417_/ZN
 _49418_/ZN
 _49419_/ZN
 _49420_/ZN
 _49421_/ZN
 _49422_/ZN
 _49423_/ZN
 _49424_/ZN
 _49425_/ZN
 _49426_/ZN
 _49427_/ZN
 _49428_/ZN
 _49429_/ZN
 _49430_/ZN
 _49431_/ZN
 _49432_/ZN
 _49433_/ZN
 _49434_/ZN
 _49435_/ZN
 _49436_/ZN
 _49437_/ZN
 _49438_/ZN
 _49439_/ZN
 _49440_/ZN
 _49441_/ZN
 _49442_/ZN
 _49443_/ZN
 _49444_/ZN
 _49445_/ZN
 _49446_/ZN
 _49447_/ZN
 _49448_/Z
 _49449_/Z
 _49450_/ZN
 _49451_/Z
 _49452_/ZN
 _49453_/ZN
 _49454_/ZN
 _49455_/Z
 _49456_/ZN
 _49457_/ZN
 _49458_/ZN
 _49459_/ZN
 _49460_/ZN
 _49461_/ZN
 _49462_/ZN
 _49463_/ZN
 _49464_/ZN
 _49465_/ZN
 _49466_/ZN
 _49467_/ZN
 _49468_/ZN
 _49469_/ZN
 _49470_/ZN
 _49471_/ZN
 _49472_/ZN
 _49473_/ZN
 _49474_/ZN
 _49475_/ZN
 _49476_/ZN
 _49477_/ZN
 _49478_/ZN
 _49479_/ZN
 _49480_/ZN
 _49481_/ZN
 _49482_/ZN
 _49483_/ZN
 _49484_/ZN
 _49485_/ZN
 _49486_/ZN
 _49487_/ZN
 _49488_/ZN
 _49489_/ZN
 _49490_/ZN
 _49491_/ZN
 _49492_/ZN
 _49493_/ZN
 _49494_/ZN
 _49495_/ZN
 _49496_/ZN
 _49497_/ZN
 _49498_/ZN
 _49499_/ZN
 _49500_/ZN
 _49501_/ZN
 _49502_/ZN
 _49503_/ZN
 _49504_/ZN
 _49505_/ZN
 _49506_/ZN
 _49507_/ZN
 _49508_/Z
 _49509_/Z
 _49510_/ZN
 _49511_/Z
 _49512_/ZN
 _49513_/Z
 _49514_/ZN
 _49515_/ZN
 _49516_/ZN
 _49517_/ZN
 _49518_/ZN
 _49519_/ZN
 _49520_/ZN
 _49521_/ZN
 _49522_/ZN
 _49523_/Z
 _49524_/ZN
 _49525_/ZN
 _49526_/ZN
 _49527_/ZN
 _49528_/ZN
 _49529_/ZN
 _49530_/ZN
 _49531_/ZN
 _49532_/ZN
 _49533_/ZN
 _49534_/ZN
 _49535_/ZN
 _49536_/ZN
 _49537_/ZN
 _49538_/ZN
 _49539_/ZN
 _49540_/ZN
 _49541_/ZN
 _49542_/ZN
 _49543_/ZN
 _49544_/ZN
 _49545_/ZN
 _49546_/ZN
 _49547_/ZN
 _49548_/ZN
 _49549_/ZN
 _49550_/ZN
 _49551_/ZN
 _49552_/ZN
 _49553_/ZN
 _49554_/ZN
 _49555_/ZN
 _49556_/ZN
 _49557_/ZN
 _49558_/ZN
 _49559_/ZN
 _49560_/ZN
 _49561_/ZN
 _49562_/ZN
 _49563_/ZN
 _49564_/ZN
 _49565_/ZN
 _49566_/ZN
 _49567_/ZN
 _49568_/ZN
 _49569_/ZN
 _49570_/ZN
 _49571_/ZN
 _49572_/ZN
 _49573_/ZN
 _49574_/ZN
 _49575_/ZN
 _49576_/ZN
 _49577_/ZN
 _49578_/ZN
 _49579_/ZN
 _49580_/ZN
 _49581_/ZN
 _49582_/ZN
 _49583_/ZN
 _49584_/ZN
 _49585_/ZN
 _49586_/Z
 _49587_/ZN
 _49588_/ZN
 _49589_/ZN
 _49590_/ZN
 _49591_/ZN
 _49592_/ZN
 _49593_/ZN
 _49594_/ZN
 _49595_/ZN
 _49596_/ZN
 _49597_/ZN
 _49598_/ZN
 _49599_/ZN
 _49600_/ZN
 _49601_/ZN
 _49602_/ZN
 _49603_/ZN
 _49604_/ZN
 _49605_/ZN
 _49606_/ZN
 _49607_/ZN
 _49608_/ZN
 _49609_/ZN
 _49610_/ZN
 _49611_/ZN
 _49612_/ZN
 _49613_/ZN
 _49614_/ZN
 _49615_/ZN
 _49616_/ZN
 _49617_/ZN
 _49618_/ZN
 _49619_/ZN
 _49620_/ZN
 _49621_/ZN
 _49622_/Z
 _49623_/ZN
 _49624_/ZN
 _49625_/ZN
 _49626_/Z
 _49627_/ZN
 _49628_/ZN
 _49629_/ZN
 _49630_/ZN
 _49631_/ZN
 _49632_/ZN
 _49633_/ZN
 _49634_/ZN
 _49635_/ZN
 _49636_/ZN
 _49637_/ZN
 _49638_/ZN
 _49639_/ZN
 _49640_/ZN
 _49641_/ZN
 _49642_/ZN
 _49643_/Z
 _49644_/ZN
 _49645_/ZN
 _49646_/ZN
 _49647_/ZN
 _49648_/ZN
 _49649_/ZN
 _49650_/ZN
 _49651_/ZN
 _49652_/ZN
 _49653_/ZN
 _49654_/ZN
 _49655_/ZN
 _49656_/ZN
 _49657_/ZN
 _49658_/ZN
 _49659_/ZN
 _49660_/ZN
 _49661_/ZN
 _49662_/ZN
 _49663_/ZN
 _49664_/ZN
 _49665_/ZN
 _49666_/ZN
 _49667_/ZN
 _49668_/ZN
 _49669_/ZN
 _49670_/ZN
 _49671_/ZN
 _49672_/ZN
 _49673_/ZN
 _49674_/ZN
 _49675_/ZN
 _49676_/ZN
 _49677_/ZN
 _49678_/ZN
 _49679_/ZN
 _49680_/ZN
 _49681_/ZN
 _49682_/ZN
 _49683_/ZN
 _49684_/ZN
 _49685_/ZN
 _49686_/ZN
 _49687_/ZN
 _49688_/ZN
 _49689_/ZN
 _49690_/ZN
 _49691_/ZN
 _49692_/ZN
 _49693_/ZN
 _49694_/Z
 _49695_/ZN
 _49696_/ZN
 _49697_/ZN
 _49698_/ZN
 _49699_/ZN
 _49700_/ZN
 _49701_/ZN
 _49702_/ZN
 _49703_/ZN
 _49704_/ZN
 _49705_/ZN
 _49706_/ZN
 _49707_/ZN
 _49708_/ZN
 _49709_/ZN
 _49710_/ZN
 _49711_/ZN
 _49712_/ZN
 _49713_/ZN
 _49714_/ZN
 _49715_/ZN
 _49716_/ZN
 _49717_/ZN
 _49718_/ZN
 _49719_/ZN
 _49720_/Z
 _49721_/ZN
 _49722_/ZN
 _49723_/ZN
 _49724_/ZN
 _49725_/ZN
 _49726_/ZN
 _49727_/ZN
 _49728_/ZN
 _49729_/ZN
 _49730_/ZN
 _49731_/ZN
 _49732_/ZN
 _49733_/ZN
 _49734_/ZN
 _49735_/ZN
 _49736_/ZN
 _49737_/ZN
 _49738_/ZN
 _49739_/ZN
 _49740_/ZN
 _49741_/ZN
 _49742_/ZN
 _49743_/ZN
 _49744_/ZN
 _49745_/ZN
 _49746_/ZN
 _49747_/ZN
 _49748_/ZN
 _49749_/ZN
 _49750_/ZN
 _49751_/ZN
 _49752_/ZN
 _49753_/ZN
 _49754_/ZN
 _49755_/ZN
 _49756_/ZN
 _49757_/ZN
 _49758_/ZN
 _49759_/ZN
 _49760_/ZN
 _49761_/ZN
 _49762_/ZN
 _49763_/ZN
 _49764_/ZN
 _49765_/ZN
 _49766_/ZN
 _49767_/ZN
 _49768_/ZN
 _49769_/ZN
 _49770_/ZN
 _49771_/ZN
 _49772_/ZN
 _49773_/ZN
 _49774_/ZN
 _49775_/ZN
 _49776_/ZN
 _49777_/ZN
 _49778_/ZN
 _49779_/ZN
 _49780_/ZN
 _49781_/Z
 _49782_/Z
 _49783_/ZN
 _49784_/ZN
 _49785_/ZN
 _49786_/ZN
 _49787_/ZN
 _49788_/ZN
 _49789_/ZN
 _49790_/ZN
 _49791_/ZN
 _49792_/ZN
 _49793_/ZN
 _49794_/ZN
 _49795_/ZN
 _49796_/ZN
 _49797_/ZN
 _49798_/ZN
 _49799_/ZN
 _49800_/ZN
 _49801_/ZN
 _49802_/ZN
 _49803_/Z
 _49804_/Z
 _49805_/ZN
 _49806_/ZN
 _49807_/ZN
 _49808_/ZN
 _49809_/ZN
 _49810_/Z
 _49811_/ZN
 _49812_/ZN
 _49813_/Z
 _49814_/Z
 _49815_/ZN
 _49816_/ZN
 _49817_/Z
 _49818_/ZN
 _49819_/ZN
 _49820_/Z
 _49821_/ZN
 _49822_/Z
 _49823_/Z
 _49824_/Z
 _49825_/ZN
 _49826_/ZN
 _49827_/ZN
 _49828_/ZN
 _49829_/ZN
 _49830_/ZN
 _49831_/ZN
 _49832_/ZN
 _49833_/ZN
 _49834_/ZN
 _49835_/ZN
 _49836_/ZN
 _49837_/ZN
 _49838_/ZN
 _49839_/ZN
 _49840_/Z
 _49841_/ZN
 _49842_/ZN
 _49843_/ZN
 _49844_/ZN
 _49845_/ZN
 _49846_/ZN
 _49847_/ZN
 _49848_/ZN
 _49849_/ZN
 _49850_/ZN
 _49851_/ZN
 _49852_/ZN
 _49853_/ZN
 _49854_/ZN
 _49855_/ZN
 _49856_/ZN
 _49857_/ZN
 _49858_/ZN
 _49859_/ZN
 _49860_/ZN
 _49861_/ZN
 _49862_/ZN
 _49863_/ZN
 _49864_/ZN
 _49865_/ZN
 _49866_/ZN
 _49867_/ZN
 _49868_/ZN
 _49869_/ZN
 _49870_/Z
 _49871_/ZN
 _49872_/ZN
 _49873_/ZN
 _49874_/ZN
 _49875_/ZN
 _49876_/ZN
 _49877_/ZN
 _49878_/ZN
 _49879_/ZN
 _49880_/ZN
 _49881_/ZN
 _49882_/ZN
 _49883_/ZN
 _49884_/ZN
 _49885_/ZN
 _49886_/Z
 _49887_/ZN
 _49888_/ZN
 _49889_/ZN
 _49890_/ZN
 _49891_/ZN
 _49892_/ZN
 _49893_/ZN
 _49894_/ZN
 _49895_/ZN
 _49896_/ZN
 _49897_/ZN
 _49898_/ZN
 _49899_/ZN
 _49900_/ZN
 _49901_/ZN
 _49902_/ZN
 _49903_/ZN
 _49904_/ZN
 _49905_/ZN
 _49906_/ZN
 _49907_/ZN
 _49908_/ZN
 _49909_/ZN
 _49910_/ZN
 _49911_/ZN
 _49912_/ZN
 _49913_/ZN
 _49914_/ZN
 _49915_/ZN
 _49916_/ZN
 _49917_/ZN
 _49918_/ZN
 _49919_/ZN
 _49920_/ZN
 _49921_/ZN
 _49922_/ZN
 _49923_/ZN
 _49924_/ZN
 _49925_/ZN
 _49926_/ZN
 _49927_/ZN
 _49928_/ZN
 _49929_/ZN
 _49930_/ZN
 _49931_/ZN
 _49932_/ZN
 _49933_/ZN
 _49934_/ZN
 _49935_/ZN
 _49936_/ZN
 _49937_/ZN
 _49938_/ZN
 _49939_/ZN
 _49940_/ZN
 _49941_/ZN
 _49942_/ZN
 _49943_/ZN
 _49944_/ZN
 _49945_/ZN
 _49946_/ZN
 _49947_/ZN
 _49948_/ZN
 _49949_/ZN
 _49950_/ZN
 _49951_/ZN
 _49952_/ZN
 _49953_/ZN
 _49954_/ZN
 _49955_/ZN
 _49956_/ZN
 _49957_/Z
 _49958_/ZN
 _49959_/ZN
 _49960_/ZN
 _49961_/Z
 _49962_/ZN
 _49963_/ZN
 _49964_/ZN
 _49965_/ZN
 _49966_/ZN
 _49967_/ZN
 _49968_/ZN
 _49969_/ZN
 _49970_/Z
 _49971_/ZN
 _49972_/Z
 _49973_/ZN
 _49974_/ZN
 _49975_/Z
 _49976_/Z
 _49977_/Z
 _49978_/ZN
 _49979_/ZN
 _49980_/Z
 _49981_/ZN
 _49982_/ZN
 _49983_/ZN
 _49984_/ZN
 _49985_/ZN
 _49986_/ZN
 _49987_/ZN
 _49988_/ZN
 _49989_/Z
 _49990_/ZN
 _49991_/ZN
 _49992_/ZN
 _49993_/ZN
 _49994_/ZN
 _49995_/ZN
 _49996_/ZN
 _49997_/ZN
 _49998_/ZN
 _49999_/ZN
 _50000_/ZN
 _50001_/ZN
 _50002_/ZN
 _50003_/ZN
 _50004_/ZN
 _50005_/ZN
 _50006_/ZN
 _50007_/ZN
 _50008_/Z
 _50009_/ZN
 _50010_/ZN
 _50011_/ZN
 _50012_/ZN
 _50013_/ZN
 _50014_/ZN
 _50015_/ZN
 _50016_/ZN
 _50017_/ZN
 _50018_/ZN
 _50019_/ZN
 _50020_/ZN
 _50021_/ZN
 _50022_/ZN
 _50023_/ZN
 _50024_/ZN
 _50025_/ZN
 _50026_/ZN
 _50027_/ZN
 _50028_/ZN
 _50029_/ZN
 _50030_/ZN
 _50031_/ZN
 _50032_/ZN
 _50033_/ZN
 _50034_/ZN
 _50035_/ZN
 _50036_/ZN
 _50037_/ZN
 _50038_/ZN
 _50039_/ZN
 _50040_/ZN
 _50041_/ZN
 _50042_/ZN
 _50043_/ZN
 _50044_/ZN
 _50045_/ZN
 _50046_/ZN
 _50047_/ZN
 _50048_/ZN
 _50049_/Z
 _50050_/Z
 _50051_/ZN
 _50052_/ZN
 _50053_/ZN
 _50054_/ZN
 _50055_/ZN
 _50056_/ZN
 _50057_/ZN
 _50058_/ZN
 _50059_/ZN
 _50060_/ZN
 _50061_/ZN
 _50062_/ZN
 _50063_/Z
 _50064_/Z
 _50065_/ZN
 _50066_/ZN
 _50067_/ZN
 _50068_/ZN
 _50069_/ZN
 _50070_/ZN
 _50071_/ZN
 _50072_/ZN
 _50073_/ZN
 _50074_/ZN
 _50075_/ZN
 _50076_/ZN
 _50077_/Z
 _50078_/Z
 _50079_/ZN
 _50080_/ZN
 _50081_/ZN
 _50082_/ZN
 _50083_/Z
 _50084_/Z
 _50085_/ZN
 _50086_/ZN
 _50087_/ZN
 _50088_/ZN
 _50089_/ZN
 _50090_/ZN
 _50091_/ZN
 _50092_/ZN
 _50093_/ZN
 _50094_/ZN
 _50095_/ZN
 _50096_/ZN
 _50097_/ZN
 _50098_/ZN
 _50099_/ZN
 _50100_/ZN
 _50101_/ZN
 _50102_/ZN
 _50103_/ZN
 _50104_/ZN
 _50105_/ZN
 _50106_/Z
 _50107_/ZN
 _50108_/ZN
 _50109_/ZN
 _50110_/ZN
 _50111_/ZN
 _50112_/ZN
 _50113_/ZN
 _50114_/ZN
 _50115_/ZN
 _50116_/ZN
 _50117_/ZN
 _50118_/ZN
 _50119_/ZN
 _50120_/ZN
 _50121_/ZN
 _50122_/ZN
 _50123_/ZN
 _50124_/ZN
 _50125_/ZN
 _50126_/ZN
 _50127_/ZN
 _50128_/ZN
 _50129_/ZN
 _50130_/ZN
 _50131_/ZN
 _50132_/ZN
 _50133_/ZN
 _50134_/ZN
 _50135_/ZN
 _50136_/ZN
 _50137_/ZN
 _50138_/ZN
 _50139_/ZN
 _50140_/ZN
 _50141_/ZN
 _50142_/ZN
 _50143_/ZN
 _50144_/ZN
 _50145_/Z
 _50146_/ZN
 _50147_/ZN
 _50148_/ZN
 _50149_/ZN
 _50150_/ZN
 _50151_/ZN
 _50152_/ZN
 _50153_/Z
 _50154_/ZN
 _50155_/ZN
 _50156_/Z
 _50157_/ZN
 _50158_/ZN
 _50159_/ZN
 _50160_/ZN
 _50161_/ZN
 _50162_/ZN
 _50163_/ZN
 _50164_/ZN
 _50165_/ZN
 _50166_/ZN
 _50167_/ZN
 _50168_/ZN
 _50169_/ZN
 _50170_/ZN
 _50171_/ZN
 _50172_/ZN
 _50173_/ZN
 _50174_/ZN
 _50175_/ZN
 _50176_/ZN
 _50177_/ZN
 _50178_/ZN
 _50179_/ZN
 _50180_/ZN
 _50181_/ZN
 _50182_/ZN
 _50183_/ZN
 _50184_/ZN
 _50185_/ZN
 _50186_/ZN
 _50187_/ZN
 _50188_/ZN
 _50189_/ZN
 _50190_/ZN
 _50191_/ZN
 _50192_/ZN
 _50193_/ZN
 _50194_/ZN
 _50195_/ZN
 _50196_/ZN
 _50197_/ZN
 _50198_/ZN
 _50199_/Z
 _50200_/ZN
 _50201_/ZN
 _50202_/ZN
 _50203_/Z
 _50204_/ZN
 _50205_/ZN
 _50206_/ZN
 _50207_/ZN
 _50208_/ZN
 _50209_/ZN
 _50210_/ZN
 _50211_/ZN
 _50212_/ZN
 _50213_/ZN
 _50214_/Z
 _50215_/ZN
 _50216_/ZN
 _50217_/Z
 _50218_/ZN
 _50219_/ZN
 _50220_/ZN
 _50221_/ZN
 _50222_/Z
 _50223_/ZN
 _50224_/ZN
 _50225_/Z
 _50226_/ZN
 _50227_/ZN
 _50228_/ZN
 _50229_/ZN
 _50230_/ZN
 _50231_/ZN
 _50232_/ZN
 _50233_/ZN
 _50234_/ZN
 _50235_/Z
 _50236_/ZN
 _50237_/ZN
 _50238_/ZN
 _50239_/ZN
 _50240_/ZN
 _50241_/ZN
 _50242_/ZN
 _50243_/ZN
 _50244_/ZN
 _50245_/Z
 _50246_/ZN
 _50247_/ZN
 _50248_/ZN
 _50249_/ZN
 _50250_/ZN
 _50251_/ZN
 _50252_/ZN
 _50253_/ZN
 _50254_/ZN
 _50255_/ZN
 _50256_/ZN
 _50257_/ZN
 _50258_/ZN
 _50259_/Z
 _50260_/ZN
 _50261_/ZN
 _50262_/Z
 _50263_/Z
 _50264_/Z
 _50265_/ZN
 _50266_/ZN
 _50267_/ZN
 _50268_/ZN
 _50269_/ZN
 _50270_/ZN
 _50271_/ZN
 _50272_/ZN
 _50273_/ZN
 _50274_/ZN
 _50275_/ZN
 _50276_/ZN
 _50277_/ZN
 _50278_/ZN
 _50279_/ZN
 _50280_/ZN
 _50281_/ZN
 _50282_/ZN
 _50283_/ZN
 _50284_/ZN
 _50285_/ZN
 _50286_/ZN
 _50287_/ZN
 _50288_/ZN
 _50289_/Z
 _50290_/ZN
 _50291_/ZN
 _50292_/ZN
 _50293_/ZN
 _50294_/ZN
 _50295_/ZN
 _50296_/ZN
 _50297_/ZN
 _50298_/ZN
 _50299_/ZN
 _50300_/ZN
 _50301_/ZN
 _50302_/ZN
 _50303_/ZN
 _50304_/ZN
 _50305_/ZN
 _50306_/ZN
 _50307_/ZN
 _50308_/ZN
 _50309_/ZN
 _50310_/ZN
 _50311_/ZN
 _50312_/ZN
 _50313_/ZN
 _50314_/ZN
 _50315_/ZN
 _50316_/ZN
 _50317_/ZN
 _50318_/ZN
 _50319_/ZN
 _50320_/ZN
 _50321_/ZN
 _50322_/ZN
 _50323_/ZN
 _50324_/ZN
 _50325_/ZN
 _50326_/ZN
 _50327_/ZN
 _50328_/ZN
 _50329_/ZN
 _50330_/ZN
 _50331_/ZN
 _50332_/ZN
 _50333_/ZN
 _50334_/ZN
 _50335_/ZN
 _50336_/ZN
 _50337_/ZN
 _50338_/ZN
 _50339_/ZN
 _50340_/ZN
 _50341_/ZN
 _50342_/ZN
 _50343_/ZN
 _50344_/Z
 _50345_/ZN
 _50346_/ZN
 _50347_/ZN
 _50348_/ZN
 _50349_/ZN
 _50350_/ZN
 _50351_/ZN
 _50352_/ZN
 _50353_/ZN
 _50354_/ZN
 _50355_/ZN
 _50356_/ZN
 _50357_/ZN
 _50358_/ZN
 _50359_/ZN
 _50360_/ZN
 _50361_/ZN
 _50362_/ZN
 _50363_/ZN
 _50364_/ZN
 _50365_/Z
 _50366_/ZN
 _50367_/ZN
 _50368_/ZN
 _50369_/ZN
 _50370_/ZN
 _50371_/ZN
 _50372_/ZN
 _50373_/ZN
 _50374_/ZN
 _50375_/Z
 _50376_/ZN
 _50377_/ZN
 _50378_/ZN
 _50379_/ZN
 _50380_/ZN
 _50381_/ZN
 _50382_/ZN
 _50383_/ZN
 _50384_/ZN
 _50385_/ZN
 _50386_/ZN
 _50387_/ZN
 _50388_/ZN
 _50389_/ZN
 _50390_/ZN
 _50391_/ZN
 _50392_/ZN
 _50393_/ZN
 _50394_/ZN
 _50395_/Z
 _50396_/ZN
 _50397_/Z
 _50398_/ZN
 _50399_/ZN
 _50400_/ZN
 _50401_/ZN
 _50402_/ZN
 _50403_/ZN
 _50404_/ZN
 _50405_/ZN
 _50406_/ZN
 _50407_/ZN
 _50408_/ZN
 _50409_/ZN
 _50410_/ZN
 _50411_/ZN
 _50412_/ZN
 _50413_/ZN
 _50414_/ZN
 _50415_/ZN
 _50416_/ZN
 _50417_/ZN
 _50418_/ZN
 _50419_/ZN
 _50420_/ZN
 _50421_/ZN
 _50422_/ZN
 _50423_/ZN
 _50424_/ZN
 _50425_/ZN
 _50426_/ZN
 _50427_/ZN
 _50428_/ZN
 _50429_/ZN
 _50430_/ZN
 _50431_/ZN
 _50432_/ZN
 _50433_/ZN
 _50434_/ZN
 _50435_/ZN
 _50436_/ZN
 _50437_/ZN
 _50438_/ZN
 _50439_/ZN
 _50440_/ZN
 _50441_/ZN
 _50442_/ZN
 _50443_/ZN
 _50444_/ZN
 _50445_/ZN
 _50446_/ZN
 _50447_/ZN
 _50448_/ZN
 _50449_/ZN
 _50450_/ZN
 _50451_/ZN
 _50452_/ZN
 _50453_/ZN
 _50454_/ZN
 _50455_/ZN
 _50456_/ZN
 _50457_/ZN
 _50458_/ZN
 _50459_/ZN
 _50460_/ZN
 _50461_/ZN
 _50462_/ZN
 _50463_/ZN
 _50464_/ZN
 _50465_/ZN
 _50466_/ZN
 _50467_/ZN
 _50468_/ZN
 _50469_/ZN
 _50470_/ZN
 _50471_/ZN
 _50472_/ZN
 _50473_/ZN
 _50474_/ZN
 _50475_/ZN
 _50476_/ZN
 _50477_/ZN
 _50478_/ZN
 _50479_/ZN
 _50480_/ZN
 _50481_/ZN
 _50482_/ZN
 _50483_/ZN
 _50484_/ZN
 _50485_/ZN
 _50486_/ZN
 _50487_/ZN
 _50488_/ZN
 _50489_/ZN
 _50490_/ZN
 _50491_/ZN
 _50492_/ZN
 _50493_/ZN
 _50494_/ZN
 _50495_/ZN
 _50496_/ZN
 _50497_/ZN
 _50498_/ZN
 _50499_/ZN
 _50500_/ZN
 _50501_/ZN
 _50502_/ZN
 _50503_/ZN
 _50504_/ZN
 _50505_/ZN
 _50506_/ZN
 _50507_/ZN
 _50508_/ZN
 _50509_/ZN
 _50510_/ZN
 _50511_/ZN
 _50512_/ZN
 _50513_/ZN
 _50514_/ZN
 _50515_/ZN
 _50516_/ZN
 _50517_/ZN
 _50518_/ZN
 _50519_/ZN
 _50520_/ZN
 _50521_/ZN
 _50522_/ZN
 _50523_/ZN
 _50524_/ZN
 _50525_/ZN
 _50526_/ZN
 _50527_/ZN
 _50528_/ZN
 _50529_/ZN
 _50530_/ZN
 _50531_/ZN
 _50532_/Z
 _50533_/Z
 _50534_/ZN
 _50535_/ZN
 _50536_/ZN
 _50537_/ZN
 _50538_/ZN
 _50539_/ZN
 _50540_/ZN
 _50541_/ZN
 _50542_/ZN
 _50543_/ZN
 _50544_/ZN
 _50545_/ZN
 _50546_/ZN
 _50547_/ZN
 _50548_/Z
 _50549_/ZN
 _50550_/ZN
 _50551_/ZN
 _50552_/ZN
 _50553_/ZN
 _50554_/ZN
 _50555_/ZN
 _50556_/ZN
 _50557_/ZN
 _50558_/ZN
 _50559_/ZN
 _50560_/ZN
 _50561_/ZN
 _50562_/ZN
 _50563_/ZN
 _50564_/ZN
 _50565_/ZN
 _50566_/ZN
 _50567_/ZN
 _50568_/ZN
 _50569_/ZN
 _50570_/ZN
 _50571_/ZN
 _50572_/ZN
 _50573_/ZN
 _50574_/ZN
 _50575_/ZN
 _50576_/ZN
 _50577_/ZN
 _50578_/ZN
 _50579_/ZN
 _50580_/ZN
 _50581_/ZN
 _50582_/ZN
 _50583_/ZN
 _50584_/ZN
 _50585_/ZN
 _50586_/ZN
 _50587_/ZN
 _50588_/ZN
 _50589_/ZN
 _50590_/ZN
 _50591_/ZN
 _50592_/ZN
 _50593_/ZN
 _50594_/ZN
 _50595_/ZN
 _50596_/ZN
 _50597_/ZN
 _50598_/Z
 _50599_/ZN
 _50600_/ZN
 _50601_/ZN
 _50602_/ZN
 _50603_/ZN
 _50604_/ZN
 _50605_/ZN
 _50606_/ZN
 _50607_/ZN
 _50608_/ZN
 _50609_/ZN
 _50610_/ZN
 _50611_/ZN
 _50612_/ZN
 _50613_/ZN
 _50614_/ZN
 _50615_/ZN
 _50616_/ZN
 _50617_/ZN
 _50618_/ZN
 _50619_/ZN
 _50620_/ZN
 _50621_/ZN
 _50622_/ZN
 _50623_/ZN
 _50624_/ZN
 _50625_/ZN
 _50626_/ZN
 _50627_/ZN
 _50628_/ZN
 _50629_/Z
 _50630_/Z
 _50631_/ZN
 _50632_/Z
 _50633_/ZN
 _50634_/ZN
 _50635_/ZN
 _50636_/ZN
 _50637_/ZN
 _50638_/ZN
 _50639_/ZN
 _50640_/Z
 _50641_/ZN
 _50642_/ZN
 _50643_/ZN
 _50644_/ZN
 _50645_/ZN
 _50646_/ZN
 _50647_/ZN
 _50648_/ZN
 _50649_/ZN
 _50650_/Z
 _50651_/ZN
 _50652_/ZN
 _50653_/ZN
 _50654_/ZN
 _50655_/ZN
 _50656_/ZN
 _50657_/ZN
 _50658_/ZN
 _50659_/ZN
 _50660_/ZN
 _50661_/ZN
 _50662_/Z
 _50663_/ZN
 _50664_/ZN
 _50665_/ZN
 _50666_/Z
 _50667_/ZN
 _50668_/ZN
 _50669_/ZN
 _50670_/ZN
 _50671_/ZN
 _50672_/Z
 _50673_/ZN
 _50674_/ZN
 _50675_/ZN
 _50676_/ZN
 _50677_/ZN
 _50678_/ZN
 _50679_/ZN
 _50680_/ZN
 _50681_/Z
 _50682_/ZN
 _50683_/ZN
 _50684_/ZN
 _50685_/ZN
 _50686_/ZN
 _50687_/ZN
 _50688_/ZN
 _50689_/ZN
 _50690_/ZN
 _50691_/Z
 _50692_/ZN
 _50693_/ZN
 _50694_/ZN
 _50695_/ZN
 _50696_/Z
 _50697_/ZN
 _50698_/ZN
 _50699_/ZN
 _50700_/ZN
 _50701_/ZN
 _50702_/ZN
 _50703_/ZN
 _50704_/ZN
 _50705_/ZN
 _50706_/ZN
 _50707_/Z
 _50708_/ZN
 _50709_/ZN
 _50710_/ZN
 _50711_/ZN
 _50712_/Z
 _50713_/ZN
 _50714_/ZN
 _50715_/ZN
 _50716_/Z
 _50717_/ZN
 _50718_/ZN
 _50719_/ZN
 _50720_/ZN
 _50721_/ZN
 _50722_/ZN
 _50723_/ZN
 _50724_/ZN
 _50725_/ZN
 _50726_/ZN
 _50727_/Z
 _50728_/ZN
 _50729_/ZN
 _50730_/ZN
 _50731_/ZN
 _50732_/Z
 _50733_/ZN
 _50734_/ZN
 _50735_/ZN
 _50736_/Z
 _50737_/ZN
 _50738_/ZN
 _50739_/ZN
 _50740_/ZN
 _50741_/ZN
 _50742_/ZN
 _50743_/ZN
 _50744_/ZN
 _50745_/ZN
 _50746_/ZN
 _50747_/Z
 _50748_/ZN
 _50749_/ZN
 _50750_/ZN
 _50751_/ZN
 _50752_/ZN
 _50753_/ZN
 _50754_/ZN
 _50755_/ZN
 _50756_/ZN
 _50757_/ZN
 _50758_/ZN
 _50759_/ZN
 _50760_/ZN
 _50761_/ZN
 _50762_/ZN
 _50763_/ZN
 _50764_/ZN
 _50765_/ZN
 _50766_/ZN
 _50767_/ZN
 _50768_/ZN
 _50769_/ZN
 _50770_/ZN
 _50771_/Z
 _50772_/ZN
 _50773_/ZN
 _50774_/ZN
 _50775_/ZN
 _50776_/ZN
 _50777_/ZN
 _50778_/ZN
 _50779_/ZN
 _50780_/ZN
 _50781_/Z
 _50782_/ZN
 _50783_/ZN
 _50784_/ZN
 _50785_/Z
 _50786_/ZN
 _50787_/Z
 _50788_/ZN
 _50789_/ZN
 _50790_/Z
 _50791_/Z
 _50792_/ZN
 _50793_/ZN
 _50794_/ZN
 _50795_/Z
 _50796_/ZN
 _50797_/ZN
 _50798_/ZN
 _50799_/ZN
 _50800_/Z
 _50801_/Z
 _50802_/ZN
 _50803_/ZN
 _50804_/ZN
 _50805_/ZN
 _50806_/ZN
 _50807_/ZN
 _50808_/ZN
 _50809_/ZN
 _50810_/ZN
 _50811_/ZN
 _50812_/ZN
 _50813_/ZN
 _50814_/ZN
 _50815_/ZN
 _50816_/ZN
 _50817_/ZN
 _50818_/ZN
 _50819_/Z
 _50820_/Z
 _50821_/ZN
 _50822_/ZN
 _50823_/ZN
 _50824_/Z
 _50825_/Z
 _50826_/ZN
 _50827_/ZN
 _50828_/Z
 _50829_/Z
 _50830_/ZN
 _50831_/ZN
 _50832_/ZN
 _50833_/Z
 _50834_/Z
 _50835_/ZN
 _50836_/ZN
 _50837_/ZN
 _50838_/ZN
 _50839_/ZN
 _50840_/ZN
 _50841_/ZN
 _50842_/ZN
 _50843_/ZN
 _50844_/ZN
 _50845_/ZN
 _50846_/ZN
 _50847_/ZN
 _50848_/ZN
 _50849_/ZN
 _50850_/ZN
 _50851_/ZN
 _50852_/Z
 _50853_/ZN
 _50854_/ZN
 _50855_/ZN
 _50856_/ZN
 _50857_/Z
 _50858_/ZN
 _50859_/ZN
 _50860_/ZN
 _50861_/ZN
 _50862_/ZN
 _50863_/ZN
 _50864_/ZN
 _50865_/ZN
 _50866_/ZN
 _50867_/ZN
 _50868_/ZN
 _50869_/ZN
 _50870_/ZN
 _50871_/ZN
 _50872_/ZN
 _50873_/ZN
 _50874_/ZN
 _50875_/ZN
 _50876_/ZN
 _50877_/ZN
 _50878_/ZN
 _50879_/ZN
 _50880_/ZN
 _50881_/ZN
 _50882_/ZN
 _50883_/ZN
 _50884_/ZN
 _50885_/ZN
 _50886_/ZN
 _50887_/ZN
 _50888_/ZN
 _50889_/ZN
 _50890_/ZN
 _50891_/ZN
 _50892_/ZN
 _50893_/ZN
 _50894_/ZN
 _50895_/ZN
 _50896_/ZN
 _50897_/ZN
 _50898_/ZN
 _50899_/ZN
 _50900_/ZN
 _50901_/ZN
 _50902_/Z
 _50903_/ZN
 _50904_/ZN
 _50905_/ZN
 _50906_/ZN
 _50907_/ZN
 _50908_/ZN
 _50909_/ZN
 _50910_/ZN
 _50911_/ZN
 _50912_/ZN
 _50913_/ZN
 _50914_/ZN
 _50915_/ZN
 _50916_/ZN
 _50917_/ZN
 _50918_/ZN
 _50919_/ZN
 _50920_/ZN
 _50921_/ZN
 _50922_/ZN
 _50923_/ZN
 _50924_/ZN
 _50925_/ZN
 _50926_/ZN
 _50927_/ZN
 _50928_/ZN
 _50929_/ZN
 _50930_/ZN
 _50931_/ZN
 _50932_/ZN
 _50933_/ZN
 _50934_/ZN
 _50935_/ZN
 _50936_/ZN
 _50937_/ZN
 _50938_/ZN
 _50939_/ZN
 _50940_/ZN
 _50941_/ZN
 _50942_/ZN
 _50943_/ZN
 _50944_/ZN
 _50945_/ZN
 _50946_/ZN
 _50947_/ZN
 _50948_/ZN
 _50949_/ZN
 _50950_/ZN
 _50951_/ZN
 _50952_/ZN
 _50953_/Z
 _50954_/ZN
 _50955_/ZN
 _50956_/Z
 _50957_/Z
 _50958_/ZN
 _50959_/Z
 _50960_/ZN
 _50961_/ZN
 _50962_/ZN
 _50963_/ZN
 _50964_/ZN
 _50965_/ZN
 _50966_/ZN
 _50967_/ZN
 _50968_/ZN
 _50969_/ZN
 _50970_/ZN
 _50971_/ZN
 _50972_/ZN
 _50973_/Z
 _50974_/ZN
 _50975_/ZN
 _50976_/ZN
 _50977_/ZN
 _50978_/ZN
 _50979_/ZN
 _50980_/ZN
 _50981_/ZN
 _50982_/ZN
 _50983_/ZN
 _50984_/ZN
 _50985_/ZN
 _50986_/ZN
 _50987_/ZN
 _50988_/ZN
 _50989_/ZN
 _50990_/ZN
 _50991_/ZN
 _50992_/ZN
 _50993_/ZN
 _50994_/ZN
 _50995_/ZN
 _50996_/Z
 _50997_/ZN
 _50998_/ZN
 _50999_/ZN
 _51000_/Z
 _51001_/ZN
 _51002_/ZN
 _51003_/ZN
 _51004_/ZN
 _51005_/ZN
 _51006_/ZN
 _51007_/ZN
 _51008_/ZN
 _51009_/ZN
 _51010_/ZN
 _51011_/ZN
 _51012_/ZN
 _51013_/ZN
 _51014_/ZN
 _51015_/ZN
 _51016_/ZN
 _51017_/ZN
 _51018_/ZN
 _51019_/ZN
 _51020_/ZN
 _51021_/ZN
 _51022_/ZN
 _51023_/ZN
 _51024_/ZN
 _51025_/ZN
 _51026_/ZN
 _51027_/ZN
 _51028_/ZN
 _51029_/ZN
 _51030_/ZN
 _51031_/ZN
 _51032_/ZN
 _51033_/ZN
 _51034_/ZN
 _51035_/ZN
 _51036_/ZN
 _51037_/ZN
 _51038_/ZN
 _51039_/ZN
 _51040_/ZN
 _51041_/ZN
 _51042_/ZN
 _51043_/ZN
 _51044_/ZN
 _51045_/ZN
 _51046_/ZN
 _51047_/ZN
 _51048_/ZN
 _51049_/ZN
 _51050_/ZN
 _51051_/ZN
 _51052_/ZN
 _51053_/Z
 _51054_/ZN
 _51055_/ZN
 _51056_/ZN
 _51057_/ZN
 _51058_/ZN
 _51059_/ZN
 _51060_/ZN
 _51061_/ZN
 _51062_/ZN
 _51063_/ZN
 _51064_/ZN
 _51065_/ZN
 _51066_/ZN
 _51067_/ZN
 _51068_/ZN
 _51069_/ZN
 _51070_/ZN
 _51071_/ZN
 _51072_/ZN
 _51073_/ZN
 _51074_/Z
 _51075_/ZN
 _51076_/ZN
 _51077_/ZN
 _51078_/ZN
 _51079_/ZN
 _51080_/ZN
 _51081_/ZN
 _51082_/ZN
 _51083_/ZN
 _51084_/ZN
 _51085_/ZN
 _51086_/ZN
 _51087_/ZN
 _51088_/ZN
 _51089_/ZN
 _51090_/ZN
 _51091_/ZN
 _51092_/ZN
 _51093_/ZN
 _51094_/ZN
 _51095_/ZN
 _51096_/ZN
 _51097_/ZN
 _51098_/ZN
 _51099_/ZN
 _51100_/Z
 _51101_/ZN
 _51102_/ZN
 _51103_/ZN
 _51104_/ZN
 _51105_/ZN
 _51106_/ZN
 _51107_/ZN
 _51108_/ZN
 _51109_/ZN
 _51110_/ZN
 _51111_/ZN
 _51112_/Z
 _51113_/Z
 _51114_/ZN
 _51115_/ZN
 _51116_/ZN
 _51117_/ZN
 _51118_/ZN
 _51119_/ZN
 _51120_/ZN
 _51121_/ZN
 _51122_/ZN
 _51123_/ZN
 _51124_/ZN
 _51125_/ZN
 _51126_/ZN
 _51127_/ZN
 _51128_/ZN
 _51129_/Z
 _51130_/Z
 _51131_/ZN
 _51132_/ZN
 _51133_/ZN
 _51134_/ZN
 _51135_/ZN
 _51136_/ZN
 _51137_/ZN
 _51138_/ZN
 _51139_/Z
 _51140_/Z
 _51141_/Z
 _51142_/ZN
 _51143_/ZN
 _51144_/ZN
 _51145_/ZN
 _51146_/ZN
 _51147_/ZN
 _51148_/Z
 _51149_/Z
 _51150_/ZN
 _51151_/ZN
 _51152_/ZN
 _51153_/ZN
 _51154_/ZN
 _51155_/ZN
 _51156_/ZN
 _51157_/ZN
 _51158_/Z
 _51159_/Z
 _51160_/ZN
 _51161_/ZN
 _51162_/ZN
 _51163_/ZN
 _51164_/ZN
 _51165_/ZN
 _51166_/ZN
 _51167_/ZN
 _51168_/Z
 _51169_/Z
 _51170_/Z
 _51171_/ZN
 _51172_/ZN
 _51173_/Z
 _51174_/Z
 _51175_/ZN
 _51176_/ZN
 _51177_/Z
 _51178_/Z
 _51179_/ZN
 _51180_/ZN
 _51181_/Z
 _51182_/ZN
 _51183_/ZN
 _51184_/ZN
 _51185_/Z
 _51186_/ZN
 _51187_/ZN
 _51188_/Z
 _51189_/Z
 _51190_/ZN
 _51191_/Z
 _51192_/ZN
 _51193_/ZN
 _51194_/Z
 _51195_/ZN
 _51196_/ZN
 _51197_/Z
 _51198_/ZN
 _51199_/Z
 _51200_/ZN
 _51201_/ZN
 _51202_/Z
 _51203_/ZN
 _51204_/Z
 _51205_/ZN
 _51206_/ZN
 _51207_/Z
 _51208_/ZN
 _51209_/ZN
 _51210_/Z
 _51211_/ZN
 _51212_/Z
 _51213_/ZN
 _51214_/ZN
 _51215_/Z
 _51216_/ZN
 _51217_/ZN
 _51218_/Z
 _51219_/ZN
 _51220_/Z
 _51221_/ZN
 _51222_/Z
 _51223_/ZN
 _51224_/ZN
 _51225_/ZN
 _51226_/ZN
 _51227_/Z
 _51228_/ZN
 _51229_/Z
 _51230_/ZN
 _51231_/ZN
 _51232_/Z
 _51233_/ZN
 _51234_/ZN
 _51235_/Z
 _51236_/ZN
 _51237_/Z
 _51238_/ZN
 _51239_/ZN
 _51240_/ZN
 _51241_/Z
 _51242_/ZN
 _51243_/ZN
 _51244_/Z
 _51245_/ZN
 _51246_/ZN
 _51247_/Z
 _51248_/ZN
 _51249_/Z
 _51250_/ZN
 _51251_/ZN
 _51252_/Z
 _51253_/ZN
 _51254_/ZN
 _51255_/Z
 _51256_/ZN
 _51257_/Z
 _51258_/ZN
 _51259_/Z
 _51260_/ZN
 _51261_/ZN
 _51262_/Z
 _51263_/ZN
 _51264_/ZN
 _51265_/Z
 _51266_/ZN
 _51267_/Z
 _51268_/ZN
 _51269_/ZN
 _51270_/Z
 _51271_/ZN
 _51272_/ZN
 _51273_/Z
 _51274_/ZN
 _51275_/Z
 _51276_/ZN
 _51277_/Z
 _51278_/ZN
 _51279_/Z
 _51280_/ZN
 _51281_/ZN
 _51282_/Z
 _51283_/ZN
 _51284_/ZN
 _51285_/Z
 _51286_/ZN
 _51287_/ZN
 _51288_/ZN
 _51289_/ZN
 _51290_/ZN
 _51291_/ZN
 _51292_/Z
 _51293_/ZN
 _51294_/Z
 _51295_/ZN
 _51296_/ZN
 _51297_/Z
 _51298_/Z
 _51299_/ZN
 _51300_/ZN
 _51301_/Z
 _51302_/ZN
 _51303_/Z
 _51304_/ZN
 _51305_/ZN
 _51306_/Z
 _51307_/Z
 _51308_/ZN
 _51309_/ZN
 _51310_/Z
 _51311_/ZN
 _51312_/Z
 _51313_/ZN
 _51314_/Z
 _51315_/ZN
 _51316_/ZN
 _51317_/Z
 _51318_/ZN
 _51319_/ZN
 _51320_/Z
 _51321_/ZN
 _51322_/ZN
 _51323_/Z
 _51324_/ZN
 _51325_/ZN
 _51326_/ZN
 _51327_/ZN
 _51328_/ZN
 _51329_/ZN
 _51330_/ZN
 _51331_/ZN
 _51332_/ZN
 _51333_/ZN
 _51334_/ZN
 _51335_/ZN
 _51336_/ZN
 _51337_/ZN
 _51338_/ZN
 _51339_/ZN
 _51340_/ZN
 _51341_/ZN
 _51342_/ZN
 _51343_/ZN
 _51344_/ZN
 _51345_/ZN
 _51346_/ZN
 _51347_/ZN
 _51348_/ZN
 _51349_/ZN
 _51350_/ZN
 _51351_/ZN
 _51352_/ZN
 _51353_/ZN
 _51354_/ZN
 _51355_/ZN
 _51356_/ZN
 _51357_/ZN
 _51358_/ZN
 _51359_/ZN
 _51360_/ZN
 _51361_/ZN
 _51362_/ZN
 _51363_/ZN
 _51364_/ZN
 _51365_/ZN
 _51366_/ZN
 _51367_/ZN
 _51368_/ZN
 _51369_/ZN
 _51370_/ZN
 _51371_/ZN
 _51372_/ZN
 _51373_/ZN
 _51374_/ZN
 _51375_/ZN
 _51376_/ZN
 _51377_/ZN
 _51378_/ZN
 _51379_/ZN
 _51380_/ZN
 _51381_/ZN
 _51382_/ZN
 _51383_/ZN
 _51384_/ZN
 _51385_/ZN
 _51386_/ZN
 _51387_/ZN
 _51388_/ZN
 _51389_/ZN
 _51390_/Z
 _51391_/ZN
 _51392_/ZN
 _51393_/ZN
 _51394_/ZN
 _51395_/ZN
 _51396_/ZN
 _51397_/ZN
 _51398_/ZN
 _51399_/ZN
 _51400_/ZN
 _51401_/ZN
 _51402_/ZN
 _51403_/Z
 _51404_/ZN
 _51405_/ZN
 _51406_/ZN
 _51407_/ZN
 _51408_/ZN
 _51409_/ZN
 _51410_/ZN
 _51411_/ZN
 _51412_/ZN
 _51413_/ZN
 _51414_/ZN
 _51415_/Z
 _51416_/ZN
 _51417_/ZN
 _51418_/ZN
 _51419_/ZN
 _51420_/ZN
 _51421_/ZN
 _51422_/Z
 _51423_/ZN
 _51424_/ZN
 _51425_/ZN
 _51426_/ZN
 _51427_/ZN
 _51428_/ZN
 _51429_/ZN
 _51430_/ZN
 _51431_/ZN
 _51432_/ZN
 _51433_/ZN
 _51434_/ZN
 _51435_/ZN
 _51436_/ZN
 _51437_/ZN
 _51438_/ZN
 _51439_/ZN
 _51440_/ZN
 _51441_/ZN
 _51442_/ZN
 _51443_/ZN
 _51444_/ZN
 _51445_/ZN
 _51446_/ZN
 _51447_/ZN
 _51448_/ZN
 _51449_/ZN
 _51450_/ZN
 _51451_/ZN
 _51452_/ZN
 _51453_/ZN
 _51454_/ZN
 _51455_/ZN
 _51456_/ZN
 _51457_/ZN
 _51458_/ZN
 _51459_/ZN
 _51460_/ZN
 _51461_/ZN
 _51462_/ZN
 _51463_/ZN
 _51464_/ZN
 _51465_/ZN
 _51466_/ZN
 _51467_/ZN
 _51468_/ZN
 _51469_/ZN
 _51470_/ZN
 _51471_/ZN
 _51472_/ZN
 _51473_/ZN
 _51474_/ZN
 _51475_/ZN
 _51476_/ZN
 _51477_/ZN
 _51478_/ZN
 _51479_/ZN
 _51480_/ZN
 _51481_/ZN
 _51482_/ZN
 _51483_/ZN
 _51484_/ZN
 _51485_/ZN
 _51486_/ZN
 _51487_/ZN
 _51488_/ZN
 _51489_/ZN
 _51490_/ZN
 _51491_/ZN
 _51492_/ZN
 _51493_/ZN
 _51494_/ZN
 _51495_/ZN
 _51496_/ZN
 _51497_/ZN
 _51498_/ZN
 _51499_/ZN
 _51500_/ZN
 _51501_/ZN
 _51502_/ZN
 _51503_/ZN
 _51504_/ZN
 _51505_/ZN
 _51506_/ZN
 _51507_/ZN
 _51508_/ZN
 _51509_/ZN
 _51510_/ZN
 _51511_/ZN
 _51512_/ZN
 _51513_/ZN
 _51514_/ZN
 _51515_/ZN
 _51516_/ZN
 _51517_/ZN
 _51518_/Z
 _51519_/ZN
 _51520_/ZN
 _51521_/ZN
 _51522_/ZN
 _51523_/ZN
 _51524_/ZN
 _51525_/ZN
 _51526_/ZN
 _51527_/ZN
 _51528_/ZN
 _51529_/ZN
 _51530_/ZN
 _51531_/ZN
 _51532_/ZN
 _51533_/ZN
 _51534_/ZN
 _51535_/ZN
 _51536_/ZN
 _51537_/ZN
 _51538_/ZN
 _51539_/ZN
 _51540_/ZN
 _51541_/ZN
 _51542_/ZN
 _51543_/ZN
 _51544_/ZN
 _51545_/ZN
 _51546_/ZN
 _51547_/ZN
 _51548_/ZN
 _51549_/ZN
 _51550_/ZN
 _51551_/ZN
 _51552_/ZN
 _51553_/ZN
 _51554_/ZN
 _51555_/ZN
 _51556_/ZN
 _51557_/ZN
 _51558_/ZN
 _51559_/ZN
 _51560_/ZN
 _51561_/ZN
 _51562_/ZN
 _51563_/ZN
 _51564_/ZN
 _51565_/ZN
 _51566_/ZN
 _51567_/ZN
 _51568_/ZN
 _51569_/ZN
 _51570_/ZN
 _51571_/ZN
 _51572_/ZN
 _51573_/ZN
 _51574_/ZN
 _51575_/ZN
 _51576_/ZN
 _51577_/ZN
 _51578_/ZN
 _51579_/ZN
 _51580_/ZN
 _51581_/ZN
 _51582_/ZN
 _51583_/ZN
 _51584_/ZN
 _51585_/ZN
 _51586_/ZN
 _51587_/ZN
 _51588_/ZN
 _51589_/ZN
 _51590_/ZN
 _51591_/ZN
 _51592_/ZN
 _51593_/ZN
 _51594_/ZN
 _51595_/ZN
 _51596_/ZN
 _51597_/ZN
 _51598_/ZN
 _51599_/ZN
 _51600_/ZN
 _51601_/ZN
 _51602_/ZN
 _51603_/ZN
 _51604_/ZN
 _51605_/ZN
 _51606_/ZN
 _51607_/ZN
 _51608_/ZN
 _51609_/ZN
 _51610_/ZN
 _51611_/ZN
 _51612_/ZN
 _51613_/ZN
 _51614_/Z
 _51615_/ZN
 _51616_/ZN
 _51617_/ZN
 _51618_/ZN
 _51619_/ZN
 _51620_/ZN
 _51621_/ZN
 _51622_/ZN
 _51623_/ZN
 _51624_/ZN
 _51625_/ZN
 _51626_/ZN
 _51627_/ZN
 _51628_/ZN
 _51629_/ZN
 _51630_/ZN
 _51631_/ZN
 _51632_/ZN
 _51633_/ZN
 _51634_/ZN
 _51635_/ZN
 _51636_/ZN
 _51637_/ZN
 _51638_/ZN
 _51639_/ZN
 _51640_/ZN
 _51641_/ZN
 _51642_/ZN
 _51643_/ZN
 _51644_/ZN
 _51645_/ZN
 _51646_/Z
 _51647_/ZN
 _51648_/ZN
 _51649_/ZN
 _51650_/ZN
 _51651_/ZN
 _51652_/ZN
 _51653_/ZN
 _51654_/ZN
 _51655_/ZN
 _51656_/ZN
 _51657_/ZN
 _51658_/ZN
 _51659_/ZN
 _51660_/ZN
 _51661_/ZN
 _51662_/ZN
 _51663_/ZN
 _51664_/ZN
 _51665_/ZN
 _51666_/ZN
 _51667_/ZN
 _51668_/ZN
 _51669_/ZN
 _51670_/ZN
 _51671_/ZN
 _51672_/ZN
 _51673_/ZN
 _51674_/ZN
 _51675_/ZN
 _51676_/ZN
 _51677_/ZN
 _51678_/ZN
 _51679_/ZN
 _51680_/ZN
 _51681_/ZN
 _51682_/ZN
 _51683_/ZN
 _51684_/ZN
 _51685_/ZN
 _51686_/ZN
 _51687_/ZN
 _51688_/ZN
 _51689_/ZN
 _51690_/ZN
 _51691_/ZN
 _51692_/ZN
 _51693_/ZN
 _51694_/ZN
 _51695_/ZN
 _51696_/ZN
 _51697_/ZN
 _51698_/ZN
 _51699_/ZN
 _51700_/ZN
 _51701_/ZN
 _51702_/ZN
 _51703_/ZN
 _51704_/ZN
 _51705_/ZN
 _51706_/ZN
 _51707_/ZN
 _51708_/ZN
 _51709_/ZN
 _51710_/ZN
 _51711_/Z
 _51712_/ZN
 _51713_/ZN
 _51714_/ZN
 _51715_/ZN
 _51716_/ZN
 _51717_/ZN
 _51718_/ZN
 _51719_/ZN
 _51720_/ZN
 _51721_/ZN
 _51722_/ZN
 _51723_/ZN
 _51724_/ZN
 _51725_/ZN
 _51726_/ZN
 _51727_/ZN
 _51728_/ZN
 _51729_/ZN
 _51730_/ZN
 _51731_/ZN
 _51732_/ZN
 _51733_/ZN
 _51734_/ZN
 _51735_/ZN
 _51736_/ZN
 _51737_/ZN
 _51738_/ZN
 _51739_/ZN
 _51740_/ZN
 _51741_/ZN
 _51742_/ZN
 _51743_/ZN
 _51744_/ZN
 _51745_/ZN
 _51746_/ZN
 _51747_/ZN
 _51748_/ZN
 _51749_/ZN
 _51750_/ZN
 _51751_/ZN
 _51752_/ZN
 _51753_/ZN
 _51754_/ZN
 _51755_/ZN
 _51756_/ZN
 _51757_/ZN
 _51758_/ZN
 _51759_/ZN
 _51760_/ZN
 _51761_/ZN
 _51762_/ZN
 _51763_/ZN
 _51764_/ZN
 _51765_/ZN
 _51766_/ZN
 _51767_/ZN
 _51768_/ZN
 _51769_/ZN
 _51770_/ZN
 _51771_/ZN
 _51772_/ZN
 _51773_/ZN
 _51774_/ZN
 _51775_/ZN
 _51776_/ZN
 _51777_/ZN
 _51778_/ZN
 _51779_/ZN
 _51780_/ZN
 _51781_/ZN
 _51782_/ZN
 _51783_/ZN
 _51784_/ZN
 _51785_/ZN
 _51786_/ZN
 _51787_/ZN
 _51788_/ZN
 _51789_/ZN
 _51790_/ZN
 _51791_/ZN
 _51792_/ZN
 _51793_/ZN
 _51794_/ZN
 _51795_/ZN
 _51796_/ZN
 _51797_/ZN
 _51798_/ZN
 _51799_/ZN
 _51800_/ZN
 _51801_/ZN
 _51802_/ZN
 _51803_/ZN
 _51804_/ZN
 _51805_/ZN
 _51806_/ZN
 _51807_/Z
 _51808_/ZN
 _51809_/ZN
 _51810_/ZN
 _51811_/ZN
 _51812_/ZN
 _51813_/ZN
 _51814_/ZN
 _51815_/ZN
 _51816_/ZN
 _51817_/ZN
 _51818_/ZN
 _51819_/ZN
 _51820_/ZN
 _51821_/ZN
 _51822_/ZN
 _51823_/ZN
 _51824_/ZN
 _51825_/ZN
 _51826_/ZN
 _51827_/ZN
 _51828_/ZN
 _51829_/ZN
 _51830_/ZN
 _51831_/ZN
 _51832_/ZN
 _51833_/ZN
 _51834_/ZN
 _51835_/ZN
 _51836_/ZN
 _51837_/ZN
 _51838_/ZN
 _51839_/ZN
 _51840_/ZN
 _51841_/ZN
 _51842_/ZN
 _51843_/ZN
 _51844_/ZN
 _51845_/ZN
 _51846_/ZN
 _51847_/ZN
 _51848_/ZN
 _51849_/ZN
 _51850_/ZN
 _51851_/ZN
 _51852_/ZN
 _51853_/ZN
 _51854_/ZN
 _51855_/ZN
 _51856_/ZN
 _51857_/ZN
 _51858_/ZN
 _51859_/ZN
 _51860_/ZN
 _51861_/ZN
 _51862_/ZN
 _51863_/ZN
 _51864_/ZN
 _51865_/ZN
 _51866_/ZN
 _51867_/ZN
 _51868_/ZN
 _51869_/ZN
 _51870_/ZN
 _51871_/ZN
 _51872_/ZN
 _51873_/ZN
 _51874_/Z
 _51875_/ZN
 _51876_/ZN
 _51877_/ZN
 _51878_/ZN
 _51879_/ZN
 _51880_/ZN
 _51881_/ZN
 _51882_/ZN
 _51883_/ZN
 _51884_/ZN
 _51885_/ZN
 _51886_/ZN
 _51887_/ZN
 _51888_/ZN
 _51889_/ZN
 _51890_/ZN
 _51891_/ZN
 _51892_/ZN
 _51893_/ZN
 _51894_/ZN
 _51895_/ZN
 _51896_/ZN
 _51897_/ZN
 _51898_/ZN
 _51899_/ZN
 _51900_/ZN
 _51901_/ZN
 _51902_/ZN
 _51903_/ZN
 _51904_/Z
 _51905_/ZN
 _51906_/ZN
 _51907_/ZN
 _51908_/ZN
 _51909_/ZN
 _51910_/ZN
 _51911_/ZN
 _51912_/ZN
 _51913_/ZN
 _51914_/ZN
 _51915_/ZN
 _51916_/ZN
 _51917_/ZN
 _51918_/ZN
 _51919_/ZN
 _51920_/ZN
 _51921_/ZN
 _51922_/ZN
 _51923_/ZN
 _51924_/ZN
 _51925_/ZN
 _51926_/ZN
 _51927_/ZN
 _51928_/ZN
 _51929_/ZN
 _51930_/ZN
 _51931_/ZN
 _51932_/ZN
 _51933_/ZN
 _51934_/ZN
 _51935_/ZN
 _51936_/ZN
 _51937_/ZN
 _51938_/ZN
 _51939_/Z
 _51940_/ZN
 _51941_/ZN
 _51942_/ZN
 _51943_/ZN
 _51944_/ZN
 _51945_/ZN
 _51946_/ZN
 _51947_/ZN
 _51948_/ZN
 _51949_/ZN
 _51950_/ZN
 _51951_/ZN
 _51952_/ZN
 _51953_/ZN
 _51954_/ZN
 _51955_/ZN
 _51956_/ZN
 _51957_/ZN
 _51958_/ZN
 _51959_/ZN
 _51960_/ZN
 _51961_/ZN
 _51962_/ZN
 _51963_/ZN
 _51964_/ZN
 _51965_/ZN
 _51966_/ZN
 _51967_/ZN
 _51968_/ZN
 _51969_/ZN
 _51970_/ZN
 _51971_/ZN
 _51972_/ZN
 _51973_/ZN
 _51974_/ZN
 _51975_/ZN
 _51976_/ZN
 _51977_/ZN
 _51978_/ZN
 _51979_/ZN
 _51980_/ZN
 _51981_/Z
 _51982_/ZN
 _51983_/ZN
 _51984_/ZN
 _51985_/ZN
 _51986_/ZN
 _51987_/ZN
 _51988_/ZN
 _51989_/ZN
 _51990_/ZN
 _51991_/ZN
 _51992_/ZN
 _51993_/ZN
 _51994_/ZN
 _51995_/ZN
 _51996_/ZN
 _51997_/ZN
 _51998_/ZN
 _51999_/ZN
 _52000_/ZN
 _52001_/ZN
 _52002_/Z
 _52003_/ZN
 _52004_/ZN
 _52005_/ZN
 _52006_/Z
 _52007_/ZN
 _52008_/ZN
 _52009_/ZN
 _52010_/ZN
 _52011_/ZN
 _52012_/ZN
 _52013_/ZN
 _52014_/ZN
 _52015_/ZN
 _52016_/ZN
 _52017_/ZN
 _52018_/ZN
 _52019_/ZN
 _52020_/ZN
 _52021_/ZN
 _52022_/ZN
 _52023_/Z
 _52024_/ZN
 _52025_/ZN
 _52026_/ZN
 _52027_/ZN
 _52028_/ZN
 _52029_/ZN
 _52030_/ZN
 _52031_/ZN
 _52032_/ZN
 _52033_/ZN
 _52034_/ZN
 _52035_/ZN
 _52036_/ZN
 _52037_/ZN
 _52038_/ZN
 _52039_/ZN
 _52040_/ZN
 _52041_/ZN
 _52042_/ZN
 _52043_/ZN
 _52044_/ZN
 _52045_/ZN
 _52046_/ZN
 _52047_/ZN
 _52048_/ZN
 _52049_/ZN
 _52050_/ZN
 _52051_/ZN
 _52052_/ZN
 _52053_/ZN
 _52054_/ZN
 _52055_/ZN
 _52056_/ZN
 _52057_/ZN
 _52058_/ZN
 _52059_/ZN
 _52060_/ZN
 _52061_/ZN
 _52062_/ZN
 _52063_/ZN
 _52064_/ZN
 _52065_/ZN
 _52066_/Z
 _52067_/ZN
 _52068_/ZN
 _52069_/ZN
 _52070_/ZN
 _52071_/Z
 _52072_/ZN
 _52073_/ZN
 _52074_/ZN
 _52075_/ZN
 _52076_/ZN
 _52077_/ZN
 _52078_/ZN
 _52079_/ZN
 _52080_/ZN
 _52081_/ZN
 _52082_/ZN
 _52083_/ZN
 _52084_/ZN
 _52085_/ZN
 _52086_/ZN
 _52087_/ZN
 _52088_/Z
 _52089_/ZN
 _52090_/ZN
 _52091_/ZN
 _52092_/ZN
 _52093_/ZN
 _52094_/ZN
 _52095_/ZN
 _52096_/ZN
 _52097_/ZN
 _52098_/ZN
 _52099_/ZN
 _52100_/ZN
 _52101_/ZN
 _52102_/ZN
 _52103_/Z
 _52104_/ZN
 _52105_/ZN
 _52106_/ZN
 _52107_/ZN
 _52108_/ZN
 _52109_/ZN
 _52110_/ZN
 _52111_/ZN
 _52112_/ZN
 _52113_/ZN
 _52114_/ZN
 _52115_/ZN
 _52116_/ZN
 _52117_/ZN
 _52118_/ZN
 _52119_/ZN
 _52120_/ZN
 _52121_/ZN
 _52122_/ZN
 _52123_/ZN
 _52124_/ZN
 _52125_/ZN
 _52126_/ZN
 _52127_/ZN
 _52128_/ZN
 _52129_/ZN
 _52130_/ZN
 _52131_/ZN
 _52132_/ZN
 _52133_/ZN
 _52134_/ZN
 _52135_/ZN
 _52136_/ZN
 _52137_/ZN
 _52138_/ZN
 _52139_/ZN
 _52140_/ZN
 _52141_/ZN
 _52142_/ZN
 _52143_/ZN
 _52144_/ZN
 _52145_/ZN
 _52146_/ZN
 _52147_/ZN
 _52148_/ZN
 _52149_/ZN
 _52150_/ZN
 _52151_/ZN
 _52152_/ZN
 _52153_/ZN
 _52154_/ZN
 _52155_/ZN
 _52156_/ZN
 _52157_/ZN
 _52158_/ZN
 _52159_/ZN
 _52160_/ZN
 _52161_/ZN
 _52162_/ZN
 _52163_/ZN
 _52164_/ZN
 _52165_/ZN
 _52166_/ZN
 _52167_/ZN
 _52168_/ZN
 _52169_/ZN
 _52170_/ZN
 _52171_/ZN
 _52172_/ZN
 _52173_/ZN
 _52174_/ZN
 _52175_/ZN
 _52176_/ZN
 _52177_/ZN
 _52178_/ZN
 _52179_/ZN
 _52180_/ZN
 _52181_/ZN
 _52182_/ZN
 _52183_/ZN
 _52184_/ZN
 _52185_/ZN
 _52186_/ZN
 _52187_/ZN
 _52188_/ZN
 _52189_/ZN
 _52190_/ZN
 _52191_/ZN
 _52192_/ZN
 _52193_/ZN
 _52194_/ZN
 _52195_/ZN
 _52196_/ZN
 _52197_/ZN
 _52198_/ZN
 _52199_/Z
 _52200_/ZN
 _52201_/ZN
 _52202_/ZN
 _52203_/ZN
 _52204_/ZN
 _52205_/ZN
 _52206_/ZN
 _52207_/ZN
 _52208_/ZN
 _52209_/ZN
 _52210_/ZN
 _52211_/ZN
 _52212_/ZN
 _52213_/ZN
 _52214_/ZN
 _52215_/ZN
 _52216_/ZN
 _52217_/ZN
 _52218_/ZN
 _52219_/ZN
 _52220_/ZN
 _52221_/ZN
 _52222_/ZN
 _52223_/ZN
 _52224_/ZN
 _52225_/ZN
 _52226_/ZN
 _52227_/ZN
 _52228_/ZN
 _52229_/ZN
 _52230_/ZN
 _52231_/ZN
 _52232_/ZN
 _52233_/ZN
 _52234_/ZN
 _52235_/ZN
 _52236_/ZN
 _52237_/ZN
 _52238_/ZN
 _52239_/ZN
 _52240_/ZN
 _52241_/ZN
 _52242_/ZN
 _52243_/ZN
 _52244_/ZN
 _52245_/ZN
 _52246_/ZN
 _52247_/ZN
 _52248_/ZN
 _52249_/ZN
 _52250_/ZN
 _52251_/ZN
 _52252_/ZN
 _52253_/ZN
 _52254_/ZN
 _52255_/ZN
 _52256_/ZN
 _52257_/ZN
 _52258_/ZN
 _52259_/ZN
 _52260_/ZN
 _52261_/ZN
 _52262_/ZN
 _52263_/ZN
 _52264_/ZN
 _52265_/ZN
 _52266_/ZN
 _52267_/ZN
 _52268_/ZN
 _52269_/ZN
 _52270_/ZN
 _52271_/ZN
 _52272_/ZN
 _52273_/ZN
 _52274_/ZN
 _52275_/ZN
 _52276_/ZN
 _52277_/ZN
 _52278_/ZN
 _52279_/ZN
 _52280_/ZN
 _52281_/ZN
 _52282_/ZN
 _52283_/ZN
 _52284_/ZN
 _52285_/ZN
 _52286_/ZN
 _52287_/ZN
 _52288_/ZN
 _52289_/Z
 _52290_/ZN
 _52291_/ZN
 _52292_/ZN
 _52293_/ZN
 _52294_/ZN
 _52295_/ZN
 _52296_/Z
 _52297_/ZN
 _52298_/ZN
 _52299_/ZN
 _52300_/ZN
 _52301_/ZN
 _52302_/ZN
 _52303_/ZN
 _52304_/ZN
 _52305_/ZN
 _52306_/ZN
 _52307_/ZN
 _52308_/ZN
 _52309_/ZN
 _52310_/ZN
 _52311_/ZN
 _52312_/ZN
 _52313_/ZN
 _52314_/ZN
 _52315_/ZN
 _52316_/ZN
 _52317_/ZN
 _52318_/ZN
 _52319_/ZN
 _52320_/ZN
 _52321_/ZN
 _52322_/ZN
 _52323_/ZN
 _52324_/ZN
 _52325_/ZN
 _52326_/ZN
 _52327_/ZN
 _52328_/ZN
 _52329_/ZN
 _52330_/ZN
 _52331_/ZN
 _52332_/ZN
 _52333_/ZN
 _52334_/ZN
 _52335_/ZN
 _52336_/ZN
 _52337_/ZN
 _52338_/ZN
 _52339_/ZN
 _52340_/ZN
 _52341_/ZN
 _52342_/ZN
 _52343_/ZN
 _52344_/ZN
 _52345_/ZN
 _52346_/ZN
 _52347_/ZN
 _52348_/ZN
 _52349_/ZN
 _52350_/ZN
 _52351_/ZN
 _52352_/ZN
 _52353_/ZN
 _52354_/ZN
 _52355_/ZN
 _52356_/ZN
 _52357_/ZN
 _52358_/ZN
 _52359_/ZN
 _52360_/ZN
 _52361_/ZN
 _52362_/ZN
 _52363_/ZN
 _52364_/ZN
 _52365_/ZN
 _52366_/ZN
 _52367_/ZN
 _52368_/ZN
 _52369_/ZN
 _52370_/ZN
 _52371_/ZN
 _52372_/ZN
 _52373_/ZN
 _52374_/ZN
 _52375_/ZN
 _52376_/ZN
 _52377_/ZN
 _52378_/ZN
 _52379_/ZN
 _52380_/ZN
 _52381_/ZN
 _52382_/ZN
 _52383_/ZN
 _52384_/ZN
 _52385_/ZN
 _52386_/ZN
 _52387_/ZN
 _52388_/ZN
 _52389_/ZN
 _52390_/ZN
 _52391_/ZN
 _52392_/Z
 _52393_/ZN
 _52394_/ZN
 _52395_/ZN
 _52396_/ZN
 _52397_/ZN
 _52398_/ZN
 _52399_/ZN
 _52400_/ZN
 _52401_/ZN
 _52402_/ZN
 _52403_/ZN
 _52404_/ZN
 _52405_/ZN
 _52406_/ZN
 _52407_/ZN
 _52408_/ZN
 _52409_/ZN
 _52410_/ZN
 _52411_/ZN
 _52412_/ZN
 _52413_/ZN
 _52414_/ZN
 _52415_/ZN
 _52416_/ZN
 _52417_/ZN
 _52418_/ZN
 _52419_/ZN
 _52420_/ZN
 _52421_/ZN
 _52422_/ZN
 _52423_/ZN
 _52424_/ZN
 _52425_/ZN
 _52426_/ZN
 _52427_/ZN
 _52428_/ZN
 _52429_/ZN
 _52430_/ZN
 _52431_/ZN
 _52432_/ZN
 _52433_/ZN
 _52434_/ZN
 _52435_/ZN
 _52436_/ZN
 _52437_/ZN
 _52438_/ZN
 _52439_/ZN
 _52440_/ZN
 _52441_/ZN
 _52442_/ZN
 _52443_/ZN
 _52444_/ZN
 _52445_/ZN
 _52446_/ZN
 _52447_/ZN
 _52448_/ZN
 _52449_/ZN
 _52450_/ZN
 _52451_/ZN
 _52452_/ZN
 _52453_/ZN
 _52454_/ZN
 _52455_/ZN
 _52456_/ZN
 _52457_/ZN
 _52458_/ZN
 _52459_/ZN
 _52460_/ZN
 _52461_/ZN
 _52462_/ZN
 _52463_/ZN
 _52464_/ZN
 _52465_/ZN
 _52466_/ZN
 _52467_/ZN
 _52468_/ZN
 _52469_/ZN
 _52470_/ZN
 _52471_/ZN
 _52472_/ZN
 _52473_/ZN
 _52474_/ZN
 _52475_/ZN
 _52476_/ZN
 _52477_/ZN
 _52478_/ZN
 _52479_/ZN
 _52480_/ZN
 _52481_/ZN
 _52482_/ZN
 _52483_/ZN
 _52484_/ZN
 _52485_/ZN
 _52486_/ZN
 _52487_/ZN
 _52488_/Z
 _52489_/ZN
 _52490_/ZN
 _52491_/ZN
 _52492_/ZN
 _52493_/ZN
 _52494_/ZN
 _52495_/ZN
 _52496_/ZN
 _52497_/ZN
 _52498_/ZN
 _52499_/ZN
 _52500_/ZN
 _52501_/ZN
 _52502_/ZN
 _52503_/ZN
 _52504_/ZN
 _52505_/ZN
 _52506_/ZN
 _52507_/ZN
 _52508_/ZN
 _52509_/ZN
 _52510_/ZN
 _52511_/ZN
 _52512_/ZN
 _52513_/ZN
 _52514_/ZN
 _52515_/ZN
 _52516_/ZN
 _52517_/ZN
 _52518_/ZN
 _52519_/ZN
 _52520_/ZN
 _52521_/ZN
 _52522_/ZN
 _52523_/ZN
 _52524_/ZN
 _52525_/ZN
 _52526_/ZN
 _52527_/ZN
 _52528_/ZN
 _52529_/ZN
 _52530_/ZN
 _52531_/ZN
 _52532_/ZN
 _52533_/ZN
 _52534_/ZN
 _52535_/ZN
 _52536_/ZN
 _52537_/ZN
 _52538_/ZN
 _52539_/ZN
 _52540_/ZN
 _52541_/ZN
 _52542_/ZN
 _52543_/ZN
 _52544_/ZN
 _52545_/ZN
 _52546_/ZN
 _52547_/ZN
 _52548_/ZN
 _52549_/ZN
 _52550_/ZN
 _52551_/ZN
 _52552_/ZN
 _52553_/ZN
 _52554_/ZN
 _52555_/ZN
 _52556_/ZN
 _52557_/ZN
 _52558_/ZN
 _52559_/ZN
 _52560_/ZN
 _52561_/ZN
 _52562_/ZN
 _52563_/ZN
 _52564_/ZN
 _52565_/ZN
 _52566_/ZN
 _52567_/ZN
 _52568_/ZN
 _52569_/ZN
 _52570_/ZN
 _52571_/ZN
 _52572_/ZN
 _52573_/ZN
 _52574_/ZN
 _52575_/ZN
 _52576_/ZN
 _52577_/ZN
 _52578_/ZN
 _52579_/ZN
 _52580_/ZN
 _52581_/ZN
 _52582_/ZN
 _52583_/ZN
 _52584_/Z
 _52585_/ZN
 _52586_/ZN
 _52587_/ZN
 _52588_/ZN
 _52589_/ZN
 _52590_/ZN
 _52591_/ZN
 _52592_/ZN
 _52593_/ZN
 _52594_/ZN
 _52595_/ZN
 _52596_/ZN
 _52597_/ZN
 _52598_/ZN
 _52599_/ZN
 _52600_/ZN
 _52601_/ZN
 _52602_/ZN
 _52603_/ZN
 _52604_/ZN
 _52605_/ZN
 _52606_/ZN
 _52607_/ZN
 _52608_/ZN
 _52609_/ZN
 _52610_/ZN
 _52611_/ZN
 _52612_/ZN
 _52613_/ZN
 _52614_/ZN
 _52615_/ZN
 _52616_/ZN
 _52617_/ZN
 _52618_/ZN
 _52619_/ZN
 _52620_/ZN
 _52621_/ZN
 _52622_/ZN
 _52623_/ZN
 _52624_/ZN
 _52625_/ZN
 _52626_/ZN
 _52627_/ZN
 _52628_/ZN
 _52629_/ZN
 _52630_/ZN
 _52631_/ZN
 _52632_/ZN
 _52633_/ZN
 _52634_/ZN
 _52635_/ZN
 _52636_/ZN
 _52637_/ZN
 _52638_/ZN
 _52639_/ZN
 _52640_/ZN
 _52641_/ZN
 _52642_/ZN
 _52643_/ZN
 _52644_/ZN
 _52645_/ZN
 _52646_/ZN
 _52647_/ZN
 _52648_/ZN
 _52649_/ZN
 _52650_/ZN
 _52651_/ZN
 _52652_/ZN
 _52653_/ZN
 _52654_/ZN
 _52655_/ZN
 _52656_/ZN
 _52657_/ZN
 _52658_/ZN
 _52659_/ZN
 _52660_/ZN
 _52661_/ZN
 _52662_/ZN
 _52663_/ZN
 _52664_/ZN
 _52665_/ZN
 _52666_/ZN
 _52667_/ZN
 _52668_/ZN
 _52669_/ZN
 _52670_/ZN
 _52671_/ZN
 _52672_/ZN
 _52673_/ZN
 _52674_/ZN
 _52675_/ZN
 _52676_/ZN
 _52677_/ZN
 _52678_/ZN
 _52679_/ZN
 _52680_/Z
 _52681_/Z
 _52682_/Z
 _52683_/ZN
 _52684_/ZN
 _52685_/Z
 _52686_/ZN
 _52687_/ZN
 _52688_/ZN
 _52689_/Z
 _52690_/ZN
 _52691_/ZN
 _52692_/ZN
 _52693_/ZN
 _52694_/ZN
 _52695_/ZN
 _52696_/Z
 _52697_/ZN
 _52698_/ZN
 _52699_/Z
 _52700_/ZN
 _52701_/ZN
 _52702_/ZN
 _52703_/Z
 _52704_/ZN
 _52705_/ZN
 _52706_/ZN
 _52707_/ZN
 _52708_/ZN
 _52709_/ZN
 _52710_/ZN
 _52711_/Z
 _52712_/ZN
 _52713_/ZN
 _52714_/Z
 _52715_/ZN
 _52716_/ZN
 _52717_/ZN
 _52718_/ZN
 _52719_/ZN
 _52720_/ZN
 _52721_/ZN
 _52722_/ZN
 _52723_/ZN
 _52724_/Z
 _52725_/ZN
 _52726_/ZN
 _52727_/Z
 _52728_/ZN
 _52729_/ZN
 _52730_/ZN
 _52731_/Z
 _52732_/ZN
 _52733_/ZN
 _52734_/ZN
 _52735_/ZN
 _52736_/Z
 _52737_/ZN
 _52738_/Z
 _52739_/ZN
 _52740_/ZN
 _52741_/ZN
 _52742_/Z
 _52743_/ZN
 _52744_/ZN
 _52745_/Z
 _52746_/ZN
 _52747_/ZN
 _52748_/ZN
 _52749_/Z
 _52750_/ZN
 _52751_/ZN
 _52752_/ZN
 _52753_/ZN
 _52754_/ZN
 _52755_/ZN
 _52756_/Z
 _52757_/ZN
 _52758_/ZN
 _52759_/Z
 _52760_/ZN
 _52761_/ZN
 _52762_/ZN
 _52763_/ZN
 _52764_/ZN
 _52765_/ZN
 _52766_/ZN
 _52767_/ZN
 _52768_/ZN
 _52769_/ZN
 _52770_/Z
 _52771_/ZN
 _52772_/ZN
 _52773_/Z
 _52774_/ZN
 _52775_/ZN
 _52776_/ZN
 _52777_/Z
 _52778_/ZN
 _52779_/ZN
 _52780_/ZN
 _52781_/ZN
 _52782_/Z
 _52783_/ZN
 _52784_/ZN
 _52785_/ZN
 _52786_/ZN
 _52787_/Z
 _52788_/ZN
 _52789_/ZN
 _52790_/ZN
 _52791_/ZN
 _52792_/ZN
 _52793_/ZN
 _52794_/ZN
 _52795_/Z
 _52796_/ZN
 _52797_/ZN
 _52798_/ZN
 _52799_/ZN
 _52800_/ZN
 _52801_/Z
 _52802_/ZN
 _52803_/ZN
 _52804_/ZN
 _52805_/Z
 _52806_/ZN
 _52807_/ZN
 _52808_/ZN
 _52809_/ZN
 _52810_/Z
 _52811_/ZN
 _52812_/ZN
 _52813_/ZN
 _52814_/ZN
 _52815_/ZN
 _52816_/ZN
 _52817_/ZN
 _52818_/Z
 _52819_/ZN
 _52820_/ZN
 _52821_/ZN
 _52822_/ZN
 _52823_/Z
 _52824_/ZN
 _52825_/ZN
 _52826_/Z
 _52827_/ZN
 _52828_/Z
 _52829_/ZN
 _52830_/ZN
 _52831_/ZN
 _52832_/ZN
 _52833_/ZN
 _52834_/Z
 _52835_/ZN
 _52836_/ZN
 _52837_/ZN
 _52838_/ZN
 _52839_/Z
 _52840_/ZN
 _52841_/ZN
 _52842_/Z
 _52843_/ZN
 _52844_/ZN
 _52845_/ZN
 _52846_/ZN
 _52847_/ZN
 _52848_/Z
 _52849_/ZN
 _52850_/ZN
 _52851_/ZN
 _52852_/ZN
 _52853_/Z
 _52854_/ZN
 _52855_/ZN
 _52856_/ZN
 _52857_/ZN
 _52858_/Z
 _52859_/ZN
 _52860_/ZN
 _52861_/ZN
 _52862_/ZN
 _52863_/ZN
 _52864_/Z
 _52865_/ZN
 _52866_/ZN
 _52867_/ZN
 _52868_/ZN
 _52869_/Z
 _52870_/ZN
 _52871_/ZN
 _52872_/Z
 _52873_/ZN
 _52874_/ZN
 _52875_/ZN
 _52876_/ZN
 _52877_/ZN
 _52878_/Z
 _52879_/ZN
 _52880_/ZN
 _52881_/ZN
 _52882_/ZN
 _52883_/Z
 _52884_/ZN
 _52885_/ZN
 _52886_/Z
 _52887_/ZN
 _52888_/Z
 _52889_/ZN
 _52890_/ZN
 _52891_/ZN
 _52892_/ZN
 _52893_/ZN
 _52894_/ZN
 _52895_/ZN
 _52896_/ZN
 _52897_/ZN
 _52898_/ZN
 _52899_/ZN
 _52900_/ZN
 _52901_/ZN
 _52902_/Z
 _52903_/Z
 _52904_/ZN
 _52905_/ZN
 _52906_/ZN
 _52907_/Z
 _52908_/ZN
 _52909_/ZN
 _52910_/Z
 _52911_/Z
 _52912_/ZN
 _52913_/ZN
 _52914_/Z
 _52915_/ZN
 _52916_/ZN
 _52917_/ZN
 _52918_/Z
 _52919_/ZN
 _52920_/ZN
 _52921_/Z
 _52922_/ZN
 _52923_/ZN
 _52924_/Z
 _52925_/ZN
 _52926_/ZN
 _52927_/ZN
 _52928_/ZN
 _52929_/ZN
 _52930_/ZN
 _52931_/ZN
 _52932_/ZN
 _52933_/ZN
 _52934_/ZN
 _52935_/ZN
 _52936_/ZN
 _52937_/ZN
 _52938_/ZN
 _52939_/ZN
 _52940_/ZN
 _52941_/ZN
 _52942_/ZN
 _52943_/ZN
 _52944_/ZN
 _52945_/ZN
 _52946_/ZN
 _52947_/ZN
 _52948_/ZN
 _52949_/ZN
 _52950_/ZN
 _52951_/ZN
 _52952_/ZN
 _52953_/ZN
 _52954_/ZN
 _52955_/ZN
 _52956_/ZN
 _52957_/ZN
 _52958_/ZN
 _52959_/ZN
 _52960_/ZN
 _52961_/ZN
 _52962_/ZN
 _52963_/ZN
 _52964_/ZN
 _52965_/ZN
 _52966_/ZN
 _52967_/ZN
 _52968_/ZN
 _52969_/ZN
 _52970_/ZN
 _52971_/ZN
 _52972_/ZN
 _52973_/ZN
 _52974_/ZN
 _52975_/ZN
 _52976_/ZN
 _52977_/ZN
 _52978_/ZN
 _52979_/ZN
 _52980_/ZN
 _52981_/ZN
 _52982_/ZN
 _52983_/ZN
 _52984_/ZN
 _52985_/ZN
 _52986_/ZN
 _52987_/ZN
 _52988_/ZN
 _52989_/ZN
 _52990_/ZN
 _52991_/ZN
 _52992_/ZN
 _52993_/ZN
 _52994_/ZN
 _52995_/ZN
 _52996_/ZN
 _52997_/ZN
 _52998_/ZN
 _52999_/ZN
 _53000_/ZN
 _53001_/ZN
 _53002_/ZN
 _53003_/ZN
 _53004_/ZN
 _53005_/ZN
 _53006_/ZN
 _53007_/ZN
 _53008_/ZN
 _53009_/ZN
 _53010_/ZN
 _53011_/ZN
 _53012_/ZN
 _53013_/ZN
 _53014_/ZN
 _53015_/ZN
 _53016_/ZN
 _53017_/ZN
 _53018_/ZN
 _53019_/ZN
 _53020_/Z
 _53021_/ZN
 _53022_/ZN
 _53023_/ZN
 _53024_/ZN
 _53025_/ZN
 _53026_/ZN
 _53027_/ZN
 _53028_/ZN
 _53029_/ZN
 _53030_/ZN
 _53031_/ZN
 _53032_/ZN
 _53033_/ZN
 _53034_/ZN
 _53035_/ZN
 _53036_/ZN
 _53037_/ZN
 _53038_/ZN
 _53039_/ZN
 _53040_/ZN
 _53041_/ZN
 _53042_/ZN
 _53043_/ZN
 _53044_/ZN
 _53045_/ZN
 _53046_/ZN
 _53047_/ZN
 _53048_/ZN
 _53049_/ZN
 _53050_/ZN
 _53051_/ZN
 _53052_/ZN
 _53053_/ZN
 _53054_/ZN
 _53055_/ZN
 _53056_/ZN
 _53057_/ZN
 _53058_/ZN
 _53059_/ZN
 _53060_/ZN
 _53061_/ZN
 _53062_/ZN
 _53063_/ZN
 _53064_/ZN
 _53065_/ZN
 _53066_/ZN
 _53067_/ZN
 _53068_/ZN
 _53069_/ZN
 _53070_/ZN
 _53071_/ZN
 _53072_/ZN
 _53073_/ZN
 _53074_/ZN
 _53075_/ZN
 _53076_/ZN
 _53077_/ZN
 _53078_/ZN
 _53079_/ZN
 _53080_/ZN
 _53081_/ZN
 _53082_/ZN
 _53083_/ZN
 _53084_/ZN
 _53085_/ZN
 _53086_/ZN
 _53087_/ZN
 _53088_/ZN
 _53089_/ZN
 _53090_/ZN
 _53091_/ZN
 _53092_/ZN
 _53093_/ZN
 _53094_/ZN
 _53095_/ZN
 _53096_/ZN
 _53097_/ZN
 _53098_/ZN
 _53099_/ZN
 _53100_/ZN
 _53101_/ZN
 _53102_/ZN
 _53103_/ZN
 _53104_/ZN
 _53105_/ZN
 _53106_/ZN
 _53107_/ZN
 _53108_/ZN
 _53109_/ZN
 _53110_/ZN
 _53111_/ZN
 _53112_/ZN
 _53113_/ZN
 _53114_/ZN
 _53115_/ZN
 _53116_/Z
 _53117_/ZN
 _53118_/ZN
 _53119_/ZN
 _53120_/ZN
 _53121_/ZN
 _53122_/ZN
 _53123_/ZN
 _53124_/ZN
 _53125_/ZN
 _53126_/ZN
 _53127_/ZN
 _53128_/ZN
 _53129_/ZN
 _53130_/ZN
 _53131_/ZN
 _53132_/ZN
 _53133_/ZN
 _53134_/ZN
 _53135_/ZN
 _53136_/ZN
 _53137_/ZN
 _53138_/ZN
 _53139_/ZN
 _53140_/ZN
 _53141_/ZN
 _53142_/ZN
 _53143_/ZN
 _53144_/ZN
 _53145_/ZN
 _53146_/ZN
 _53147_/ZN
 _53148_/ZN
 _53149_/ZN
 _53150_/ZN
 _53151_/ZN
 _53152_/ZN
 _53153_/ZN
 _53154_/ZN
 _53155_/ZN
 _53156_/ZN
 _53157_/ZN
 _53158_/ZN
 _53159_/ZN
 _53160_/ZN
 _53161_/ZN
 _53162_/ZN
 _53163_/ZN
 _53164_/ZN
 _53165_/ZN
 _53166_/ZN
 _53167_/ZN
 _53168_/ZN
 _53169_/ZN
 _53170_/ZN
 _53171_/ZN
 _53172_/ZN
 _53173_/ZN
 _53174_/ZN
 _53175_/ZN
 _53176_/ZN
 _53177_/ZN
 _53178_/ZN
 _53179_/ZN
 _53180_/ZN
 _53181_/ZN
 _53182_/ZN
 _53183_/ZN
 _53184_/ZN
 _53185_/ZN
 _53186_/ZN
 _53187_/ZN
 _53188_/ZN
 _53189_/ZN
 _53190_/ZN
 _53191_/ZN
 _53192_/ZN
 _53193_/ZN
 _53194_/ZN
 _53195_/ZN
 _53196_/ZN
 _53197_/ZN
 _53198_/ZN
 _53199_/ZN
 _53200_/ZN
 _53201_/ZN
 _53202_/ZN
 _53203_/ZN
 _53204_/ZN
 _53205_/ZN
 _53206_/ZN
 _53207_/ZN
 _53208_/ZN
 _53209_/ZN
 _53210_/ZN
 _53211_/ZN
 _53212_/Z
 _53213_/ZN
 _53214_/ZN
 _53215_/ZN
 _53216_/ZN
 _53217_/ZN
 _53218_/ZN
 _53219_/ZN
 _53220_/ZN
 _53221_/ZN
 _53222_/ZN
 _53223_/ZN
 _53224_/ZN
 _53225_/ZN
 _53226_/ZN
 _53227_/ZN
 _53228_/ZN
 _53229_/ZN
 _53230_/ZN
 _53231_/ZN
 _53232_/ZN
 _53233_/ZN
 _53234_/ZN
 _53235_/ZN
 _53236_/ZN
 _53237_/ZN
 _53238_/ZN
 _53239_/ZN
 _53240_/ZN
 _53241_/ZN
 _53242_/ZN
 _53243_/ZN
 _53244_/ZN
 _53245_/ZN
 _53246_/ZN
 _53247_/ZN
 _53248_/ZN
 _53249_/ZN
 _53250_/ZN
 _53251_/ZN
 _53252_/ZN
 _53253_/ZN
 _53254_/ZN
 _53255_/ZN
 _53256_/ZN
 _53257_/ZN
 _53258_/ZN
 _53259_/ZN
 _53260_/ZN
 _53261_/ZN
 _53262_/ZN
 _53263_/ZN
 _53264_/ZN
 _53265_/ZN
 _53266_/ZN
 _53267_/ZN
 _53268_/ZN
 _53269_/ZN
 _53270_/ZN
 _53271_/ZN
 _53272_/ZN
 _53273_/ZN
 _53274_/ZN
 _53275_/ZN
 _53276_/ZN
 _53277_/ZN
 _53278_/ZN
 _53279_/ZN
 _53280_/ZN
 _53281_/ZN
 _53282_/ZN
 _53283_/ZN
 _53284_/ZN
 _53285_/ZN
 _53286_/ZN
 _53287_/ZN
 _53288_/ZN
 _53289_/ZN
 _53290_/ZN
 _53291_/ZN
 _53292_/ZN
 _53293_/ZN
 _53294_/ZN
 _53295_/ZN
 _53296_/ZN
 _53297_/ZN
 _53298_/ZN
 _53299_/ZN
 _53300_/ZN
 _53301_/ZN
 _53302_/ZN
 _53303_/ZN
 _53304_/ZN
 _53305_/ZN
 _53306_/ZN
 _53307_/ZN
 _53308_/Z
 _53309_/ZN
 _53310_/ZN
 _53311_/ZN
 _53312_/ZN
 _53313_/ZN
 _53314_/ZN
 _53315_/ZN
 _53316_/ZN
 _53317_/ZN
 _53318_/ZN
 _53319_/ZN
 _53320_/ZN
 _53321_/ZN
 _53322_/ZN
 _53323_/ZN
 _53324_/ZN
 _53325_/ZN
 _53326_/ZN
 _53327_/ZN
 _53328_/ZN
 _53329_/ZN
 _53330_/ZN
 _53331_/ZN
 _53332_/ZN
 _53333_/ZN
 _53334_/ZN
 _53335_/ZN
 _53336_/ZN
 _53337_/ZN
 _53338_/ZN
 _53339_/ZN
 _53340_/ZN
 _53341_/ZN
 _53342_/ZN
 _53343_/ZN
 _53344_/ZN
 _53345_/ZN
 _53346_/ZN
 _53347_/ZN
 _53348_/ZN
 _53349_/ZN
 _53350_/ZN
 _53351_/ZN
 _53352_/ZN
 _53353_/ZN
 _53354_/ZN
 _53355_/ZN
 _53356_/ZN
 _53357_/ZN
 _53358_/ZN
 _53359_/ZN
 _53360_/ZN
 _53361_/ZN
 _53362_/ZN
 _53363_/ZN
 _53364_/ZN
 _53365_/ZN
 _53366_/ZN
 _53367_/ZN
 _53368_/ZN
 _53369_/ZN
 _53370_/ZN
 _53371_/ZN
 _53372_/ZN
 _53373_/ZN
 _53374_/ZN
 _53375_/ZN
 _53376_/ZN
 _53377_/ZN
 _53378_/ZN
 _53379_/ZN
 _53380_/ZN
 _53381_/ZN
 _53382_/ZN
 _53383_/ZN
 _53384_/ZN
 _53385_/ZN
 _53386_/ZN
 _53387_/ZN
 _53388_/ZN
 _53389_/ZN
 _53390_/ZN
 _53391_/ZN
 _53392_/ZN
 _53393_/ZN
 _53394_/ZN
 _53395_/ZN
 _53396_/ZN
 _53397_/ZN
 _53398_/ZN
 _53399_/ZN
 _53400_/ZN
 _53401_/ZN
 _53402_/ZN
 _53403_/ZN
 _53404_/Z
 _53405_/ZN
 _53406_/ZN
 _53407_/ZN
 _53408_/ZN
 _53409_/ZN
 _53410_/ZN
 _53411_/ZN
 _53412_/ZN
 _53413_/ZN
 _53414_/ZN
 _53415_/ZN
 _53416_/ZN
 _53417_/ZN
 _53418_/ZN
 _53419_/ZN
 _53420_/ZN
 _53421_/ZN
 _53422_/ZN
 _53423_/ZN
 _53424_/ZN
 _53425_/ZN
 _53426_/ZN
 _53427_/ZN
 _53428_/ZN
 _53429_/ZN
 _53430_/ZN
 _53431_/ZN
 _53432_/ZN
 _53433_/ZN
 _53434_/ZN
 _53435_/ZN
 _53436_/ZN
 _53437_/ZN
 _53438_/ZN
 _53439_/ZN
 _53440_/ZN
 _53441_/ZN
 _53442_/ZN
 _53443_/ZN
 _53444_/ZN
 _53445_/ZN
 _53446_/ZN
 _53447_/ZN
 _53448_/ZN
 _53449_/ZN
 _53450_/ZN
 _53451_/ZN
 _53452_/ZN
 _53453_/ZN
 _53454_/ZN
 _53455_/ZN
 _53456_/ZN
 _53457_/ZN
 _53458_/ZN
 _53459_/ZN
 _53460_/ZN
 _53461_/ZN
 _53462_/ZN
 _53463_/ZN
 _53464_/ZN
 _53465_/ZN
 _53466_/ZN
 _53467_/ZN
 _53468_/ZN
 _53469_/ZN
 _53470_/ZN
 _53471_/ZN
 _53472_/ZN
 _53473_/ZN
 _53474_/ZN
 _53475_/ZN
 _53476_/ZN
 _53477_/ZN
 _53478_/ZN
 _53479_/ZN
 _53480_/ZN
 _53481_/ZN
 _53482_/ZN
 _53483_/ZN
 _53484_/ZN
 _53485_/ZN
 _53486_/ZN
 _53487_/ZN
 _53488_/ZN
 _53489_/ZN
 _53490_/ZN
 _53491_/ZN
 _53492_/ZN
 _53493_/ZN
 _53494_/ZN
 _53495_/ZN
 _53496_/ZN
 _53497_/ZN
 _53498_/ZN
 _53499_/ZN
 _53500_/Z
 _53501_/ZN
 _53502_/ZN
 _53503_/ZN
 _53504_/ZN
 _53505_/ZN
 _53506_/ZN
 _53507_/ZN
 _53508_/ZN
 _53509_/ZN
 _53510_/ZN
 _53511_/ZN
 _53512_/ZN
 _53513_/ZN
 _53514_/ZN
 _53515_/ZN
 _53516_/ZN
 _53517_/ZN
 _53518_/ZN
 _53519_/ZN
 _53520_/ZN
 _53521_/ZN
 _53522_/ZN
 _53523_/ZN
 _53524_/ZN
 _53525_/ZN
 _53526_/ZN
 _53527_/ZN
 _53528_/ZN
 _53529_/ZN
 _53530_/ZN
 _53531_/ZN
 _53532_/ZN
 _53533_/ZN
 _53534_/ZN
 _53535_/Z
 _53536_/ZN
 _53537_/ZN
 _53538_/ZN
 _53539_/ZN
 _53540_/ZN
 _53541_/ZN
 _53542_/ZN
 _53543_/ZN
 _53544_/ZN
 _53545_/ZN
 _53546_/ZN
 _53547_/ZN
 _53548_/ZN
 _53549_/ZN
 _53550_/ZN
 _53551_/ZN
 _53552_/ZN
 _53553_/ZN
 _53554_/ZN
 _53555_/ZN
 _53556_/ZN
 _53557_/ZN
 _53558_/ZN
 _53559_/ZN
 _53560_/ZN
 _53561_/ZN
 _53562_/ZN
 _53563_/ZN
 _53564_/ZN
 _53565_/ZN
 _53566_/ZN
 _53567_/ZN
 _53568_/ZN
 _53569_/ZN
 _53570_/ZN
 _53571_/ZN
 _53572_/ZN
 _53573_/ZN
 _53574_/ZN
 _53575_/ZN
 _53576_/ZN
 _53577_/Z
 _53578_/ZN
 _53579_/ZN
 _53580_/ZN
 _53581_/ZN
 _53582_/ZN
 _53583_/ZN
 _53584_/ZN
 _53585_/ZN
 _53586_/ZN
 _53587_/ZN
 _53588_/ZN
 _53589_/ZN
 _53590_/ZN
 _53591_/ZN
 _53592_/ZN
 _53593_/ZN
 _53594_/ZN
 _53595_/ZN
 _53596_/ZN
 _53597_/ZN
 _53598_/Z
 _53599_/ZN
 _53600_/ZN
 _53601_/ZN
 _53602_/Z
 _53603_/ZN
 _53604_/ZN
 _53605_/ZN
 _53606_/ZN
 _53607_/ZN
 _53608_/ZN
 _53609_/ZN
 _53610_/ZN
 _53611_/ZN
 _53612_/ZN
 _53613_/ZN
 _53614_/ZN
 _53615_/ZN
 _53616_/ZN
 _53617_/ZN
 _53618_/ZN
 _53619_/ZN
 _53620_/ZN
 _53621_/ZN
 _53622_/ZN
 _53623_/ZN
 _53624_/ZN
 _53625_/ZN
 _53626_/ZN
 _53627_/ZN
 _53628_/ZN
 _53629_/ZN
 _53630_/ZN
 _53631_/ZN
 _53632_/ZN
 _53633_/ZN
 _53634_/ZN
 _53635_/ZN
 _53636_/ZN
 _53637_/ZN
 _53638_/ZN
 _53639_/ZN
 _53640_/ZN
 _53641_/ZN
 _53642_/ZN
 _53643_/ZN
 _53644_/ZN
 _53645_/ZN
 _53646_/ZN
 _53647_/ZN
 _53648_/ZN
 _53649_/ZN
 _53650_/ZN
 _53651_/ZN
 _53652_/ZN
 _53653_/ZN
 _53654_/ZN
 _53655_/ZN
 _53656_/ZN
 _53657_/ZN
 _53658_/ZN
 _53659_/ZN
 _53660_/ZN
 _53661_/Z
 _53662_/ZN
 _53663_/ZN
 _53664_/ZN
 _53665_/ZN
 _53666_/Z
 _53667_/ZN
 _53668_/ZN
 _53669_/ZN
 _53670_/ZN
 _53671_/ZN
 _53672_/ZN
 _53673_/ZN
 _53674_/ZN
 _53675_/ZN
 _53676_/ZN
 _53677_/ZN
 _53678_/ZN
 _53679_/ZN
 _53680_/ZN
 _53681_/ZN
 _53682_/ZN
 _53683_/Z
 _53684_/ZN
 _53685_/ZN
 _53686_/ZN
 _53687_/ZN
 _53688_/ZN
 _53689_/ZN
 _53690_/ZN
 _53691_/ZN
 _53692_/ZN
 _53693_/ZN
 _53694_/ZN
 _53695_/ZN
 _53696_/ZN
 _53697_/ZN
 _53698_/Z
 _53699_/ZN
 _53700_/ZN
 _53701_/ZN
 _53702_/ZN
 _53703_/ZN
 _53704_/ZN
 _53705_/ZN
 _53706_/ZN
 _53707_/ZN
 _53708_/ZN
 _53709_/ZN
 _53710_/ZN
 _53711_/ZN
 _53712_/ZN
 _53713_/ZN
 _53714_/ZN
 _53715_/ZN
 _53716_/ZN
 _53717_/ZN
 _53718_/ZN
 _53719_/ZN
 _53720_/ZN
 _53721_/ZN
 _53722_/ZN
 _53723_/ZN
 _53724_/ZN
 _53725_/ZN
 _53726_/ZN
 _53727_/ZN
 _53728_/ZN
 _53729_/ZN
 _53730_/ZN
 _53731_/ZN
 _53732_/ZN
 _53733_/ZN
 _53734_/ZN
 _53735_/ZN
 _53736_/ZN
 _53737_/ZN
 _53738_/ZN
 _53739_/ZN
 _53740_/ZN
 _53741_/ZN
 _53742_/ZN
 _53743_/ZN
 _53744_/ZN
 _53745_/ZN
 _53746_/ZN
 _53747_/ZN
 _53748_/ZN
 _53749_/ZN
 _53750_/ZN
 _53751_/ZN
 _53752_/ZN
 _53753_/ZN
 _53754_/ZN
 _53755_/ZN
 _53756_/ZN
 _53757_/ZN
 _53758_/ZN
 _53759_/ZN
 _53760_/ZN
 _53761_/ZN
 _53762_/ZN
 _53763_/ZN
 _53764_/ZN
 _53765_/ZN
 _53766_/ZN
 _53767_/ZN
 _53768_/ZN
 _53769_/ZN
 _53770_/ZN
 _53771_/ZN
 _53772_/ZN
 _53773_/ZN
 _53774_/ZN
 _53775_/ZN
 _53776_/ZN
 _53777_/ZN
 _53778_/ZN
 _53779_/ZN
 _53780_/ZN
 _53781_/ZN
 _53782_/ZN
 _53783_/ZN
 _53784_/ZN
 _53785_/ZN
 _53786_/ZN
 _53787_/ZN
 _53788_/ZN
 _53789_/ZN
 _53790_/ZN
 _53791_/ZN
 _53792_/ZN
 _53793_/ZN
 _53794_/Z
 _53795_/ZN
 _53796_/ZN
 _53797_/ZN
 _53798_/ZN
 _53799_/ZN
 _53800_/ZN
 _53801_/ZN
 _53802_/ZN
 _53803_/ZN
 _53804_/ZN
 _53805_/ZN
 _53806_/ZN
 _53807_/ZN
 _53808_/ZN
 _53809_/ZN
 _53810_/ZN
 _53811_/ZN
 _53812_/ZN
 _53813_/ZN
 _53814_/ZN
 _53815_/ZN
 _53816_/ZN
 _53817_/ZN
 _53818_/ZN
 _53819_/ZN
 _53820_/ZN
 _53821_/ZN
 _53822_/ZN
 _53823_/ZN
 _53824_/ZN
 _53825_/ZN
 _53826_/ZN
 _53827_/ZN
 _53828_/ZN
 _53829_/ZN
 _53830_/ZN
 _53831_/ZN
 _53832_/ZN
 _53833_/ZN
 _53834_/ZN
 _53835_/ZN
 _53836_/ZN
 _53837_/ZN
 _53838_/ZN
 _53839_/ZN
 _53840_/ZN
 _53841_/ZN
 _53842_/ZN
 _53843_/ZN
 _53844_/ZN
 _53845_/ZN
 _53846_/ZN
 _53847_/ZN
 _53848_/ZN
 _53849_/ZN
 _53850_/ZN
 _53851_/ZN
 _53852_/ZN
 _53853_/ZN
 _53854_/ZN
 _53855_/ZN
 _53856_/ZN
 _53857_/ZN
 _53858_/ZN
 _53859_/ZN
 _53860_/ZN
 _53861_/ZN
 _53862_/ZN
 _53863_/ZN
 _53864_/ZN
 _53865_/ZN
 _53866_/ZN
 _53867_/ZN
 _53868_/ZN
 _53869_/ZN
 _53870_/ZN
 _53871_/ZN
 _53872_/ZN
 _53873_/ZN
 _53874_/ZN
 _53875_/ZN
 _53876_/ZN
 _53877_/ZN
 _53878_/ZN
 _53879_/ZN
 _53880_/ZN
 _53881_/ZN
 _53882_/ZN
 _53883_/ZN
 _53884_/ZN
 _53885_/ZN
 _53886_/ZN
 _53887_/ZN
 _53888_/ZN
 _53889_/ZN
 _53890_/Z
 _53891_/ZN
 _53892_/ZN
 _53893_/ZN
 _53894_/ZN
 _53895_/ZN
 _53896_/ZN
 _53897_/ZN
 _53898_/ZN
 _53899_/ZN
 _53900_/ZN
 _53901_/ZN
 _53902_/ZN
 _53903_/ZN
 _53904_/ZN
 _53905_/ZN
 _53906_/ZN
 _53907_/ZN
 _53908_/ZN
 _53909_/ZN
 _53910_/ZN
 _53911_/ZN
 _53912_/ZN
 _53913_/ZN
 _53914_/ZN
 _53915_/ZN
 _53916_/ZN
 _53917_/ZN
 _53918_/ZN
 _53919_/ZN
 _53920_/ZN
 _53921_/ZN
 _53922_/ZN
 _53923_/ZN
 _53924_/ZN
 _53925_/ZN
 _53926_/ZN
 _53927_/ZN
 _53928_/ZN
 _53929_/ZN
 _53930_/ZN
 _53931_/ZN
 _53932_/ZN
 _53933_/ZN
 _53934_/ZN
 _53935_/ZN
 _53936_/ZN
 _53937_/ZN
 _53938_/ZN
 _53939_/ZN
 _53940_/ZN
 _53941_/ZN
 _53942_/ZN
 _53943_/ZN
 _53944_/ZN
 _53945_/ZN
 _53946_/ZN
 _53947_/ZN
 _53948_/ZN
 _53949_/ZN
 _53950_/ZN
 _53951_/ZN
 _53952_/ZN
 _53953_/ZN
 _53954_/ZN
 _53955_/ZN
 _53956_/ZN
 _53957_/ZN
 _53958_/ZN
 _53959_/ZN
 _53960_/ZN
 _53961_/ZN
 _53962_/ZN
 _53963_/ZN
 _53964_/ZN
 _53965_/ZN
 _53966_/ZN
 _53967_/ZN
 _53968_/ZN
 _53969_/ZN
 _53970_/ZN
 _53971_/ZN
 _53972_/ZN
 _53973_/ZN
 _53974_/ZN
 _53975_/ZN
 _53976_/ZN
 _53977_/ZN
 _53978_/ZN
 _53979_/ZN
 _53980_/ZN
 _53981_/ZN
 _53982_/ZN
 _53983_/ZN
 _53984_/ZN
 _53985_/ZN
 _53986_/Z
 _53987_/ZN
 _53988_/ZN
 _53989_/ZN
 _53990_/ZN
 _53991_/ZN
 _53992_/ZN
 _53993_/ZN
 _53994_/ZN
 _53995_/ZN
 _53996_/ZN
 _53997_/ZN
 _53998_/ZN
 _53999_/ZN
 _54000_/ZN
 _54001_/ZN
 _54002_/ZN
 _54003_/ZN
 _54004_/ZN
 _54005_/ZN
 _54006_/ZN
 _54007_/ZN
 _54008_/ZN
 _54009_/ZN
 _54010_/ZN
 _54011_/ZN
 _54012_/ZN
 _54013_/ZN
 _54014_/ZN
 _54015_/ZN
 _54016_/ZN
 _54017_/ZN
 _54018_/ZN
 _54019_/ZN
 _54020_/ZN
 _54021_/ZN
 _54022_/ZN
 _54023_/ZN
 _54024_/ZN
 _54025_/ZN
 _54026_/ZN
 _54027_/ZN
 _54028_/ZN
 _54029_/ZN
 _54030_/ZN
 _54031_/ZN
 _54032_/ZN
 _54033_/ZN
 _54034_/ZN
 _54035_/ZN
 _54036_/ZN
 _54037_/ZN
 _54038_/ZN
 _54039_/ZN
 _54040_/ZN
 _54041_/ZN
 _54042_/ZN
 _54043_/ZN
 _54044_/ZN
 _54045_/ZN
 _54046_/ZN
 _54047_/ZN
 _54048_/ZN
 _54049_/ZN
 _54050_/ZN
 _54051_/ZN
 _54052_/ZN
 _54053_/ZN
 _54054_/ZN
 _54055_/ZN
 _54056_/ZN
 _54057_/ZN
 _54058_/ZN
 _54059_/ZN
 _54060_/ZN
 _54061_/ZN
 _54062_/ZN
 _54063_/ZN
 _54064_/ZN
 _54065_/ZN
 _54066_/ZN
 _54067_/ZN
 _54068_/ZN
 _54069_/ZN
 _54070_/ZN
 _54071_/ZN
 _54072_/ZN
 _54073_/ZN
 _54074_/ZN
 _54075_/ZN
 _54076_/ZN
 _54077_/ZN
 _54078_/ZN
 _54079_/ZN
 _54080_/ZN
 _54081_/ZN
 _54082_/Z
 _54083_/ZN
 _54084_/ZN
 _54085_/ZN
 _54086_/ZN
 _54087_/ZN
 _54088_/ZN
 _54089_/ZN
 _54090_/ZN
 _54091_/ZN
 _54092_/ZN
 _54093_/ZN
 _54094_/ZN
 _54095_/ZN
 _54096_/ZN
 _54097_/ZN
 _54098_/ZN
 _54099_/ZN
 _54100_/ZN
 _54101_/ZN
 _54102_/ZN
 _54103_/ZN
 _54104_/ZN
 _54105_/ZN
 _54106_/ZN
 _54107_/ZN
 _54108_/ZN
 _54109_/ZN
 _54110_/ZN
 _54111_/ZN
 _54112_/ZN
 _54113_/ZN
 _54114_/ZN
 _54115_/ZN
 _54116_/ZN
 _54117_/ZN
 _54118_/ZN
 _54119_/ZN
 _54120_/ZN
 _54121_/ZN
 _54122_/ZN
 _54123_/ZN
 _54124_/ZN
 _54125_/ZN
 _54126_/ZN
 _54127_/ZN
 _54128_/ZN
 _54129_/ZN
 _54130_/ZN
 _54131_/ZN
 _54132_/ZN
 _54133_/ZN
 _54134_/ZN
 _54135_/ZN
 _54136_/ZN
 _54137_/ZN
 _54138_/ZN
 _54139_/ZN
 _54140_/ZN
 _54141_/ZN
 _54142_/ZN
 _54143_/ZN
 _54144_/ZN
 _54145_/ZN
 _54146_/ZN
 _54147_/ZN
 _54148_/ZN
 _54149_/ZN
 _54150_/ZN
 _54151_/ZN
 _54152_/ZN
 _54153_/ZN
 _54154_/ZN
 _54155_/ZN
 _54156_/ZN
 _54157_/ZN
 _54158_/ZN
 _54159_/ZN
 _54160_/ZN
 _54161_/ZN
 _54162_/ZN
 _54163_/ZN
 _54164_/ZN
 _54165_/ZN
 _54166_/ZN
 _54167_/ZN
 _54168_/ZN
 _54169_/ZN
 _54170_/ZN
 _54171_/ZN
 _54172_/ZN
 _54173_/ZN
 _54174_/ZN
 _54175_/ZN
 _54176_/ZN
 _54177_/ZN
 _54178_/Z
 _54179_/ZN
 _54180_/ZN
 _54181_/ZN
 _54182_/ZN
 _54183_/ZN
 _54184_/ZN
 _54185_/ZN
 _54186_/ZN
 _54187_/ZN
 _54188_/ZN
 _54189_/ZN
 _54190_/ZN
 _54191_/ZN
 _54192_/ZN
 _54193_/ZN
 _54194_/ZN
 _54195_/ZN
 _54196_/ZN
 _54197_/ZN
 _54198_/ZN
 _54199_/ZN
 _54200_/ZN
 _54201_/ZN
 _54202_/ZN
 _54203_/ZN
 _54204_/ZN
 _54205_/ZN
 _54206_/ZN
 _54207_/ZN
 _54208_/ZN
 _54209_/ZN
 _54210_/ZN
 _54211_/ZN
 _54212_/ZN
 _54213_/ZN
 _54214_/ZN
 _54215_/ZN
 _54216_/ZN
 _54217_/ZN
 _54218_/ZN
 _54219_/ZN
 _54220_/ZN
 _54221_/ZN
 _54222_/ZN
 _54223_/ZN
 _54224_/ZN
 _54225_/ZN
 _54226_/ZN
 _54227_/ZN
 _54228_/ZN
 _54229_/ZN
 _54230_/ZN
 _54231_/ZN
 _54232_/ZN
 _54233_/ZN
 _54234_/ZN
 _54235_/ZN
 _54236_/ZN
 _54237_/ZN
 _54238_/ZN
 _54239_/ZN
 _54240_/ZN
 _54241_/ZN
 _54242_/ZN
 _54243_/ZN
 _54244_/ZN
 _54245_/ZN
 _54246_/ZN
 _54247_/ZN
 _54248_/ZN
 _54249_/ZN
 _54250_/ZN
 _54251_/ZN
 _54252_/ZN
 _54253_/ZN
 _54254_/ZN
 _54255_/ZN
 _54256_/ZN
 _54257_/ZN
 _54258_/ZN
 _54259_/ZN
 _54260_/ZN
 _54261_/ZN
 _54262_/ZN
 _54263_/ZN
 _54264_/ZN
 _54265_/ZN
 _54266_/ZN
 _54267_/ZN
 _54268_/ZN
 _54269_/ZN
 _54270_/ZN
 _54271_/ZN
 _54272_/ZN
 _54273_/ZN
 _54274_/Z
 _54275_/ZN
 _54276_/ZN
 _54277_/ZN
 _54278_/ZN
 _54279_/ZN
 _54280_/ZN
 _54281_/ZN
 _54282_/ZN
 _54283_/ZN
 _54284_/ZN
 _54285_/ZN
 _54286_/ZN
 _54287_/ZN
 _54288_/ZN
 _54289_/ZN
 _54290_/ZN
 _54291_/ZN
 _54292_/ZN
 _54293_/ZN
 _54294_/ZN
 _54295_/ZN
 _54296_/ZN
 _54297_/ZN
 _54298_/ZN
 _54299_/ZN
 _54300_/ZN
 _54301_/ZN
 _54302_/ZN
 _54303_/ZN
 _54304_/ZN
 _54305_/ZN
 _54306_/ZN
 _54307_/ZN
 _54308_/ZN
 _54309_/ZN
 _54310_/ZN
 _54311_/ZN
 _54312_/ZN
 _54313_/ZN
 _54314_/ZN
 _54315_/ZN
 _54316_/ZN
 _54317_/ZN
 _54318_/ZN
 _54319_/ZN
 _54320_/ZN
 _54321_/ZN
 _54322_/ZN
 _54323_/ZN
 _54324_/ZN
 _54325_/ZN
 _54326_/ZN
 _54327_/ZN
 _54328_/ZN
 _54329_/ZN
 _54330_/ZN
 _54331_/ZN
 _54332_/ZN
 _54333_/ZN
 _54334_/ZN
 _54335_/ZN
 _54336_/ZN
 _54337_/ZN
 _54338_/ZN
 _54339_/ZN
 _54340_/ZN
 _54341_/ZN
 _54342_/ZN
 _54343_/ZN
 _54344_/ZN
 _54345_/ZN
 _54346_/ZN
 _54347_/ZN
 _54348_/ZN
 _54349_/ZN
 _54350_/ZN
 _54351_/ZN
 _54352_/ZN
 _54353_/ZN
 _54354_/ZN
 _54355_/ZN
 _54356_/ZN
 _54357_/ZN
 _54358_/ZN
 _54359_/ZN
 _54360_/ZN
 _54361_/ZN
 _54362_/ZN
 _54363_/ZN
 _54364_/ZN
 _54365_/ZN
 _54366_/ZN
 _54367_/ZN
 _54368_/ZN
 _54369_/ZN
 _54370_/Z
 _54371_/ZN
 _54372_/ZN
 _54373_/ZN
 _54374_/ZN
 _54375_/ZN
 _54376_/ZN
 _54377_/Z
 _54378_/Z
 _54379_/ZN
 _54380_/ZN
 _54381_/ZN
 _54382_/Z
 _54383_/Z
 _54384_/ZN
 _54385_/ZN
 _54386_/Z
 _54387_/Z
 _54388_/Z
 _54389_/ZN
 _54390_/ZN
 _54391_/Z
 _54392_/Z
 _54393_/ZN
 _54394_/ZN
 _54395_/ZN
 _54396_/ZN
 _54397_/ZN
 _54398_/ZN
 _54399_/ZN
 _54400_/ZN
 _54401_/ZN
 _54402_/ZN
 _54403_/ZN
 _54404_/ZN
 _54405_/ZN
 _54406_/ZN
 _54407_/Z
 _54408_/Z
 _54409_/ZN
 _54410_/ZN
 _54411_/ZN
 _54412_/Z
 _54413_/Z
 _54414_/ZN
 _54415_/ZN
 _54416_/ZN
 _54417_/Z
 _54418_/Z
 _54419_/ZN
 _54420_/ZN
 _54421_/ZN
 _54422_/Z
 _54423_/ZN
 _54424_/ZN
 _54425_/ZN
 _54426_/ZN
 _54427_/Z
 _54428_/Z
 _54429_/ZN
 _54430_/ZN
 _54431_/ZN
 _54432_/ZN
 _54433_/Z
 _54434_/Z
 _54435_/ZN
 _54436_/ZN
 _54437_/ZN
 _54438_/Z
 _54439_/ZN
 _54440_/ZN
 _54441_/ZN
 _54442_/Z
 _54443_/ZN
 _54444_/ZN
 _54445_/ZN
 _54446_/Z
 _54447_/ZN
 _54448_/ZN
 _54449_/ZN
 _54450_/ZN
 _54451_/ZN
 _54452_/ZN
 _54453_/Z
 _54454_/ZN
 _54455_/ZN
 _54456_/ZN
 _54457_/Z
 _54458_/ZN
 _54459_/ZN
 _54460_/ZN
 _54461_/Z
 _54462_/ZN
 _54463_/ZN
 _54464_/ZN
 _54465_/ZN
 _54466_/ZN
 _54467_/ZN
 _54468_/ZN
 _54469_/ZN
 _54470_/Z
 _54471_/Z
 _54472_/ZN
 _54473_/ZN
 _54474_/ZN
 _54475_/ZN
 _54476_/ZN
 _54477_/ZN
 _54478_/ZN
 _54479_/ZN
 _54480_/ZN
 _54481_/ZN
 _54482_/ZN
 _54483_/ZN
 _54484_/ZN
 _54485_/ZN
 _54486_/ZN
 _54487_/ZN
 _54488_/ZN
 _54489_/ZN
 _54490_/ZN
 _54491_/ZN
 _54492_/ZN
 _54493_/ZN
 _54494_/ZN
 _54495_/ZN
 _54496_/ZN
 _54497_/ZN
 _54498_/ZN
 _54499_/ZN
 _54500_/ZN
 _54501_/ZN
 _54502_/ZN
 _54503_/ZN
 _54504_/Z
 _54505_/Z
 _54506_/ZN
 _54507_/ZN
 _54508_/ZN
 _54509_/ZN
 _54510_/ZN
 _54511_/ZN
 _54512_/ZN
 _54513_/ZN
 _54514_/ZN
 _54515_/ZN
 _54516_/ZN
 _54517_/ZN
 _54518_/ZN
 _54519_/ZN
 _54520_/ZN
 _54521_/ZN
 _54522_/ZN
 _54523_/ZN
 _54524_/ZN
 _54525_/ZN
 _54526_/ZN
 _54527_/ZN
 _54528_/ZN
 _54529_/ZN
 _54530_/ZN
 _54531_/ZN
 _54532_/ZN
 _54533_/ZN
 _54534_/ZN
 _54535_/ZN
 _54536_/ZN
 _54537_/ZN
 _54538_/ZN
 _54539_/ZN
 _54540_/ZN
 _54541_/ZN
 _54542_/ZN
 _54543_/ZN
 _54544_/ZN
 _54545_/ZN
 _54546_/ZN
 _54547_/ZN
 _54548_/ZN
 _54549_/ZN
 _54550_/ZN
 _54551_/ZN
 _54552_/ZN
 _54553_/ZN
 _54554_/ZN
 _54555_/ZN
 _54556_/ZN
 _54557_/ZN
 _54558_/ZN
 _54559_/ZN
 _54560_/ZN
 _54561_/ZN
 _54562_/ZN
 _54563_/ZN
 _54564_/ZN
 _54565_/ZN
 _54566_/ZN
 _54567_/ZN
 _54568_/Z
 _54569_/Z
 _54570_/ZN
 _54571_/ZN
 _54572_/ZN
 _54573_/ZN
 _54574_/ZN
 _54575_/ZN
 _54576_/ZN
 _54577_/ZN
 _54578_/ZN
 _54579_/ZN
 _54580_/ZN
 _54581_/ZN
 _54582_/ZN
 _54583_/ZN
 _54584_/ZN
 _54585_/ZN
 _54586_/ZN
 _54587_/ZN
 _54588_/ZN
 _54589_/ZN
 _54590_/ZN
 _54591_/ZN
 _54592_/ZN
 _54593_/ZN
 _54594_/ZN
 _54595_/ZN
 _54596_/ZN
 _54597_/ZN
 _54598_/ZN
 _54599_/ZN
 _54600_/ZN
 _54601_/ZN
 _54602_/ZN
 _54603_/Z
 _54604_/Z
 _54605_/ZN
 _54606_/ZN
 _54607_/ZN
 _54608_/ZN
 _54609_/ZN
 _54610_/ZN
 _54611_/ZN
 _54612_/ZN
 _54613_/ZN
 _54614_/ZN
 _54615_/ZN
 _54616_/ZN
 _54617_/ZN
 _54618_/ZN
 _54619_/ZN
 _54620_/ZN
 _54621_/ZN
 _54622_/ZN
 _54623_/ZN
 _54624_/ZN
 _54625_/ZN
 _54626_/ZN
 _54627_/ZN
 _54628_/ZN
 _54629_/ZN
 _54630_/ZN
 _54631_/ZN
 _54632_/ZN
 _54633_/ZN
 _54634_/ZN
 _54635_/ZN
 _54636_/ZN
 _54637_/Z
 _54638_/Z
 _54639_/ZN
 _54640_/ZN
 _54641_/ZN
 _54642_/ZN
 _54643_/ZN
 _54644_/ZN
 _54645_/ZN
 _54646_/ZN
 _54647_/ZN
 _54648_/ZN
 _54649_/ZN
 _54650_/ZN
 _54651_/ZN
 _54652_/ZN
 _54653_/ZN
 _54654_/ZN
 _54655_/ZN
 _54656_/ZN
 _54657_/ZN
 _54658_/ZN
 _54659_/ZN
 _54660_/ZN
 _54661_/ZN
 _54662_/ZN
 _54663_/ZN
 _54664_/ZN
 _54665_/ZN
 _54666_/ZN
 _54667_/ZN
 _54668_/ZN
 _54669_/ZN
 _54670_/ZN
 _54671_/ZN
 _54672_/ZN
 _54673_/ZN
 _54674_/ZN
 _54675_/ZN
 _54676_/ZN
 _54677_/ZN
 _54678_/ZN
 _54679_/ZN
 _54680_/ZN
 _54681_/ZN
 _54682_/ZN
 _54683_/ZN
 _54684_/ZN
 _54685_/ZN
 _54686_/ZN
 _54687_/ZN
 _54688_/ZN
 _54689_/ZN
 _54690_/ZN
 _54691_/ZN
 _54692_/ZN
 _54693_/ZN
 _54694_/ZN
 _54695_/ZN
 _54696_/ZN
 _54697_/ZN
 _54698_/ZN
 _54699_/ZN
 _54700_/ZN
 _54701_/Z
 _54702_/Z
 _54703_/ZN
 _54704_/ZN
 _54705_/ZN
 _54706_/ZN
 _54707_/ZN
 _54708_/ZN
 _54709_/ZN
 _54710_/ZN
 _54711_/ZN
 _54712_/ZN
 _54713_/ZN
 _54714_/ZN
 _54715_/ZN
 _54716_/ZN
 _54717_/ZN
 _54718_/ZN
 _54719_/ZN
 _54720_/ZN
 _54721_/ZN
 _54722_/ZN
 _54723_/ZN
 _54724_/ZN
 _54725_/ZN
 _54726_/ZN
 _54727_/ZN
 _54728_/ZN
 _54729_/ZN
 _54730_/ZN
 _54731_/ZN
 _54732_/ZN
 _54733_/ZN
 _54734_/ZN
 _54735_/ZN
 _54736_/ZN
 _54737_/ZN
 _54738_/ZN
 _54739_/ZN
 _54740_/ZN
 _54741_/ZN
 _54742_/ZN
 _54743_/ZN
 _54744_/ZN
 _54745_/ZN
 _54746_/ZN
 _54747_/ZN
 _54748_/ZN
 _54749_/ZN
 _54750_/ZN
 _54751_/ZN
 _54752_/ZN
 _54753_/ZN
 _54754_/ZN
 _54755_/Z
 _54756_/ZN
 _54757_/ZN
 _54758_/Z
 _54759_/ZN
 _54760_/ZN
 _54761_/ZN
 _54762_/ZN
 _54763_/ZN
 _54764_/ZN
 _54765_/ZN
 _54766_/ZN
 _54767_/ZN
 _54768_/ZN
 _54769_/ZN
 _54770_/ZN
 _54771_/ZN
 _54772_/ZN
 _54773_/ZN
 _54774_/ZN
 _54775_/ZN
 _54776_/ZN
 _54777_/ZN
 _54778_/ZN
 _54779_/Z
 _54780_/ZN
 _54781_/ZN
 _54782_/ZN
 _54783_/ZN
 _54784_/ZN
 _54785_/ZN
 _54786_/ZN
 _54787_/ZN
 _54788_/ZN
 _54789_/ZN
 _54790_/ZN
 _54791_/ZN
 _54792_/ZN
 _54793_/ZN
 _54794_/ZN
 _54795_/ZN
 _54796_/ZN
 _54797_/ZN
 _54798_/Z
 _54799_/ZN
 _54800_/ZN
 _54801_/ZN
 _54802_/ZN
 _54803_/ZN
 _54804_/ZN
 _54805_/ZN
 _54806_/ZN
 _54807_/ZN
 _54808_/ZN
 _54809_/ZN
 _54810_/ZN
 _54811_/ZN
 _54812_/ZN
 _54813_/ZN
 _54814_/ZN
 _54815_/ZN
 _54816_/ZN
 _54817_/ZN
 _54818_/ZN
 _54819_/ZN
 _54820_/ZN
 _54821_/ZN
 _54822_/ZN
 _54823_/Z
 _54824_/ZN
 _54825_/ZN
 _54826_/Z
 _54827_/Z
 _54828_/ZN
 _54829_/ZN
 _54830_/Z
 _54831_/Z
 _54832_/Z
 _54833_/Z
 _54834_/Z
 _54835_/Z
 _54836_/Z
 _54837_/Z
 _54838_/Z
 _54839_/Z
 _54840_/Z
 _54841_/Z
 _54842_/ZN
 _54843_/Z
 _54844_/Z
 _54845_/Z
 _54846_/ZN
 _54847_/ZN
 _54848_/ZN
 _54849_/ZN
 _54850_/ZN
 _54851_/ZN
 _54852_/ZN
 _54853_/ZN
 _54854_/ZN
 _54855_/ZN
 _54856_/ZN
 _54857_/ZN
 _54858_/ZN
 _54859_/ZN
 _54860_/ZN
 _54861_/ZN
 _54862_/ZN
 _54863_/ZN
 _54864_/ZN
 _54865_/ZN
 _54866_/ZN
 _54867_/ZN
 _54868_/ZN
 _54869_/ZN
 _54870_/ZN
 _54871_/ZN
 _54872_/ZN
 _54873_/ZN
 _54874_/Z
 _54875_/ZN
 _54876_/ZN
 _54877_/ZN
 _54878_/ZN
 _54879_/ZN
 _54880_/ZN
 _54881_/ZN
 _54882_/ZN
 _54883_/ZN
 _54884_/ZN
 _54885_/ZN
 _54886_/ZN
 _54887_/ZN
 _54888_/Z
 _54889_/ZN
 _54890_/ZN
 _54891_/ZN
 _54892_/ZN
 _54893_/ZN
 _54894_/ZN
 _54895_/ZN
 _54896_/ZN
 _54897_/ZN
 _54898_/ZN
 _54899_/ZN
 _54900_/ZN
 _54901_/ZN
 _54902_/ZN
 _54903_/ZN
 _54904_/ZN
 _54905_/ZN
 _54906_/ZN
 _54907_/ZN
 _54908_/ZN
 _54909_/ZN
 _54910_/ZN
 _54911_/ZN
 _54912_/ZN
 _54913_/ZN
 _54914_/ZN
 _54915_/ZN
 _54916_/Z
 _54917_/ZN
 _54918_/ZN
 _54919_/Z
 _54920_/ZN
 _54921_/ZN
 _54922_/ZN
 _54923_/ZN
 _54924_/ZN
 _54925_/ZN
 _54926_/ZN
 _54927_/ZN
 _54928_/ZN
 _54929_/ZN
 _54930_/ZN
 _54931_/ZN
 _54932_/ZN
 _54933_/ZN
 _54934_/ZN
 _54935_/ZN
 _54936_/ZN
 _54937_/ZN
 _54938_/ZN
 _54939_/ZN
 _54940_/ZN
 _54941_/ZN
 _54942_/ZN
 _54943_/ZN
 _54944_/ZN
 _54945_/ZN
 _54946_/ZN
 _54947_/ZN
 _54948_/ZN
 _54949_/ZN
 _54950_/ZN
 _54951_/ZN
 _54952_/ZN
 _54953_/ZN
 _54954_/ZN
 _54955_/ZN
 _54956_/ZN
 _54957_/ZN
 _54958_/ZN
 _54959_/ZN
 _54960_/ZN
 _54961_/ZN
 _54962_/ZN
 _54963_/ZN
 _54964_/ZN
 _54965_/ZN
 _54966_/ZN
 _54967_/ZN
 _54968_/ZN
 _54969_/ZN
 _54970_/ZN
 _54971_/ZN
 _54972_/ZN
 _54973_/ZN
 _54974_/ZN
 _54975_/ZN
 _54976_/ZN
 _54977_/ZN
 _54978_/ZN
 _54979_/ZN
 _54980_/ZN
 _54981_/ZN
 _54982_/ZN
 _54983_/ZN
 _54984_/ZN
 _54985_/ZN
 _54986_/ZN
 _54987_/ZN
 _54988_/ZN
 _54989_/ZN
 _54990_/ZN
 _54991_/ZN
 _54992_/ZN
 _54993_/ZN
 _54994_/ZN
 _54995_/ZN
 _54996_/ZN
 _54997_/ZN
 _54998_/ZN
 _54999_/ZN
 _55000_/ZN
 _55001_/ZN
 _55002_/ZN
 _55003_/ZN
 _55004_/ZN
 _55005_/ZN
 _55006_/ZN
 _55007_/ZN
 _55008_/ZN
 _55009_/ZN
 _55010_/ZN
 _55011_/ZN
 _55012_/ZN
 _55013_/ZN
 _55014_/ZN
 _55015_/ZN
 _55016_/ZN
 _55017_/ZN
 _55018_/ZN
 _55019_/ZN
 _55020_/ZN
 _55021_/ZN
 _55022_/ZN
 _55023_/ZN
 _55024_/ZN
 _55025_/ZN
 _55026_/ZN
 _55027_/ZN
 _55028_/ZN
 _55029_/ZN
 _55030_/Z
 _55031_/Z
 _55032_/ZN
 _55033_/ZN
 _55034_/ZN
 _55035_/ZN
 _55036_/ZN
 _55037_/ZN
 _55038_/ZN
 _55039_/ZN
 _55040_/ZN
 _55041_/ZN
 _55042_/ZN
 _55043_/ZN
 _55044_/ZN
 _55045_/ZN
 _55046_/ZN
 _55047_/ZN
 _55048_/ZN
 _55049_/ZN
 _55050_/ZN
 _55051_/ZN
 _55052_/ZN
 _55053_/ZN
 _55054_/ZN
 _55055_/ZN
 _55056_/ZN
 _55057_/ZN
 _55058_/ZN
 _55059_/ZN
 _55060_/ZN
 _55061_/ZN
 _55062_/ZN
 _55063_/ZN
 _55064_/ZN
 _55065_/ZN
 _55066_/ZN
 _55067_/ZN
 _55068_/ZN
 _55069_/ZN
 _55070_/ZN
 _55071_/ZN
 _55072_/ZN
 _55073_/ZN
 _55074_/ZN
 _55075_/ZN
 _55076_/ZN
 _55077_/ZN
 _55078_/ZN
 _55079_/ZN
 _55080_/ZN
 _55081_/ZN
 _55082_/ZN
 _55083_/ZN
 _55084_/ZN
 _55085_/ZN
 _55086_/ZN
 _55087_/ZN
 _55088_/ZN
 _55089_/ZN
 _55090_/ZN
 _55091_/ZN
 _55092_/ZN
 _55093_/ZN
 _55094_/ZN
 _55095_/ZN
 _55096_/ZN
 _55097_/ZN
 _55098_/ZN
 _55099_/ZN
 _55100_/ZN
 _55101_/ZN
 _55102_/ZN
 _55103_/ZN
 _55104_/ZN
 _55105_/ZN
 _55106_/ZN
 _55107_/ZN
 _55108_/ZN
 _55109_/Z
 _55110_/Z
 _55111_/ZN
 _55112_/ZN
 _55113_/ZN
 _55114_/ZN
 _55115_/ZN
 _55116_/ZN
 _55117_/ZN
 _55118_/ZN
 _55119_/ZN
 _55120_/ZN
 _55121_/ZN
 _55122_/ZN
 _55123_/ZN
 _55124_/ZN
 _55125_/ZN
 _55126_/ZN
 _55127_/ZN
 _55128_/ZN
 _55129_/ZN
 _55130_/ZN
 _55131_/ZN
 _55132_/ZN
 _55133_/ZN
 _55134_/ZN
 _55135_/ZN
 _55136_/ZN
 _55137_/ZN
 _55138_/ZN
 _55139_/ZN
 _55140_/ZN
 _55141_/ZN
 _55142_/ZN
 _55143_/ZN
 _55144_/ZN
 _55145_/ZN
 _55146_/ZN
 _55147_/ZN
 _55148_/ZN
 _55149_/ZN
 _55150_/ZN
 _55151_/ZN
 _55152_/ZN
 _55153_/ZN
 _55154_/ZN
 _55155_/ZN
 _55156_/ZN
 _55157_/ZN
 _55158_/ZN
 _55159_/ZN
 _55160_/ZN
 _55161_/ZN
 _55162_/ZN
 _55163_/ZN
 _55164_/ZN
 _55165_/ZN
 _55166_/ZN
 _55167_/ZN
 _55168_/ZN
 _55169_/ZN
 _55170_/ZN
 _55171_/ZN
 _55172_/ZN
 _55173_/Z
 _55174_/Z
 _55175_/ZN
 _55176_/ZN
 _55177_/ZN
 _55178_/ZN
 _55179_/ZN
 _55180_/ZN
 _55181_/ZN
 _55182_/ZN
 _55183_/ZN
 _55184_/ZN
 _55185_/ZN
 _55186_/ZN
 _55187_/ZN
 _55188_/ZN
 _55189_/ZN
 _55190_/ZN
 _55191_/ZN
 _55192_/ZN
 _55193_/ZN
 _55194_/ZN
 _55195_/ZN
 _55196_/ZN
 _55197_/ZN
 _55198_/ZN
 _55199_/ZN
 _55200_/ZN
 _55201_/ZN
 _55202_/ZN
 _55203_/ZN
 _55204_/ZN
 _55205_/ZN
 _55206_/ZN
 _55207_/ZN
 _55208_/ZN
 _55209_/ZN
 _55210_/ZN
 _55211_/ZN
 _55212_/ZN
 _55213_/ZN
 _55214_/ZN
 _55215_/ZN
 _55216_/ZN
 _55217_/ZN
 _55218_/ZN
 _55219_/ZN
 _55220_/ZN
 _55221_/ZN
 _55222_/ZN
 _55223_/ZN
 _55224_/ZN
 _55225_/ZN
 _55226_/ZN
 _55227_/ZN
 _55228_/ZN
 _55229_/ZN
 _55230_/ZN
 _55231_/ZN
 _55232_/ZN
 _55233_/ZN
 _55234_/ZN
 _55235_/ZN
 _55236_/ZN
 _55237_/ZN
 _55238_/ZN
 _55239_/ZN
 _55240_/ZN
 _55241_/ZN
 _55242_/ZN
 _55243_/ZN
 _55244_/ZN
 _55245_/ZN
 _55246_/ZN
 _55247_/ZN
 _55248_/ZN
 _55249_/ZN
 _55250_/ZN
 _55251_/ZN
 _55252_/ZN
 _55253_/ZN
 _55254_/ZN
 _55255_/ZN
 _55256_/ZN
 _55257_/ZN
 _55258_/ZN
 _55259_/ZN
 _55260_/ZN
 _55261_/ZN
 _55262_/ZN
 _55263_/ZN
 _55264_/ZN
 _55265_/ZN
 _55266_/ZN
 _55267_/ZN
 _55268_/ZN
 _55269_/ZN
 _55270_/ZN
 _55271_/ZN
 _55272_/ZN
 _55273_/ZN
 _55274_/ZN
 _55275_/ZN
 _55276_/ZN
 _55277_/ZN
 _55278_/ZN
 _55279_/ZN
 _55280_/ZN
 _55281_/ZN
 _55282_/ZN
 _55283_/ZN
 _55284_/ZN
 _55285_/ZN
 _55286_/ZN
 _55287_/ZN
 _55288_/ZN
 _55289_/ZN
 _55290_/ZN
 _55291_/ZN
 _55292_/ZN
 _55293_/ZN
 _55294_/ZN
 _55295_/ZN
 _55296_/ZN
 _55297_/ZN
 _55298_/ZN
 _55299_/ZN
 _55300_/ZN
 _55301_/ZN
 _55302_/ZN
 _55303_/ZN
 _55304_/ZN
 _55305_/ZN
 _55306_/ZN
 _55307_/ZN
 _55308_/ZN
 _55309_/ZN
 _55310_/ZN
 _55311_/ZN
 _55312_/ZN
 _55313_/ZN
 _55314_/ZN
 _55315_/ZN
 _55316_/ZN
 _55317_/ZN
 _55318_/ZN
 _55319_/ZN
 _55320_/ZN
 _55321_/ZN
 _55322_/ZN
 _55323_/ZN
 _55324_/ZN
 _55325_/ZN
 _55326_/ZN
 _55327_/ZN
 _55328_/ZN
 _55329_/ZN
 _55330_/ZN
 _55331_/ZN
 _55332_/ZN
 _55333_/ZN
 _55334_/Z
 _55335_/Z
 _55336_/ZN
 _55337_/ZN
 _55338_/ZN
 _55339_/ZN
 _55340_/ZN
 _55341_/ZN
 _55342_/ZN
 _55343_/ZN
 _55344_/ZN
 _55345_/ZN
 _55346_/ZN
 _55347_/ZN
 _55348_/ZN
 _55349_/ZN
 _55350_/ZN
 _55351_/ZN
 _55352_/ZN
 _55353_/ZN
 _55354_/ZN
 _55355_/ZN
 _55356_/ZN
 _55357_/ZN
 _55358_/ZN
 _55359_/ZN
 _55360_/ZN
 _55361_/ZN
 _55362_/ZN
 _55363_/ZN
 _55364_/ZN
 _55365_/ZN
 _55366_/ZN
 _55367_/ZN
 _55368_/ZN
 _55369_/ZN
 _55370_/ZN
 _55371_/ZN
 _55372_/ZN
 _55373_/ZN
 _55374_/ZN
 _55375_/ZN
 _55376_/ZN
 _55377_/ZN
 _55378_/ZN
 _55379_/ZN
 _55380_/ZN
 _55381_/ZN
 _55382_/ZN
 _55383_/ZN
 _55384_/ZN
 _55385_/ZN
 _55386_/ZN
 _55387_/ZN
 _55388_/ZN
 _55389_/ZN
 _55390_/ZN
 _55391_/ZN
 _55392_/ZN
 _55393_/ZN
 _55394_/ZN
 _55395_/ZN
 _55396_/ZN
 _55397_/ZN
 _55398_/ZN
 _55399_/ZN
 _55400_/ZN
 _55401_/ZN
 _55402_/ZN
 _55403_/ZN
 _55404_/ZN
 _55405_/ZN
 _55406_/ZN
 _55407_/ZN
 _55408_/ZN
 _55409_/ZN
 _55410_/ZN
 _55411_/ZN
 _55412_/ZN
 _55413_/ZN
 _55414_/ZN
 _55415_/ZN
 _55416_/ZN
 _55417_/ZN
 _55418_/ZN
 _55419_/ZN
 _55420_/ZN
 _55421_/ZN
 _55422_/ZN
 _55423_/ZN
 _55424_/ZN
 _55425_/ZN
 _55426_/ZN
 _55427_/ZN
 _55428_/ZN
 _55429_/ZN
 _55430_/ZN
 _55431_/ZN
 _55432_/ZN
 _55433_/ZN
 _55434_/ZN
 _55435_/ZN
 _55436_/ZN
 _55437_/ZN
 _55438_/ZN
 _55439_/ZN
 _55440_/ZN
 _55441_/ZN
 _55442_/ZN
 _55443_/ZN
 _55444_/ZN
 _55445_/ZN
 _55446_/ZN
 _55447_/ZN
 _55448_/ZN
 _55449_/ZN
 _55450_/ZN
 _55451_/ZN
 _55452_/ZN
 _55453_/ZN
 _55454_/ZN
 _55455_/ZN
 _55456_/ZN
 _55457_/ZN
 _55458_/ZN
 _55459_/ZN
 _55460_/ZN
 _55461_/ZN
 _55462_/ZN
 _55463_/ZN
 _55464_/ZN
 _55465_/ZN
 _55466_/ZN
 _55467_/ZN
 _55468_/ZN
 _55469_/ZN
 _55470_/ZN
 _55471_/ZN
 _55472_/ZN
 _55473_/ZN
 _55474_/ZN
 _55475_/ZN
 _55476_/ZN
 _55477_/ZN
 _55478_/ZN
 _55479_/ZN
 _55480_/ZN
 _55481_/ZN
 _55482_/ZN
 _55483_/ZN
 _55484_/ZN
 _55485_/ZN
 _55486_/ZN
 _55487_/ZN
 _55488_/ZN
 _55489_/ZN
 _55490_/ZN
 _55491_/ZN
 _55492_/ZN
 _55493_/ZN
 _55494_/ZN
 _55495_/ZN
 _55496_/ZN
 _55497_/ZN
 _55498_/ZN
 _55499_/ZN
 _55500_/ZN
 _55501_/ZN
 _55502_/ZN
 _55503_/ZN
 _55504_/ZN
 _55505_/ZN
 _55506_/ZN
 _55507_/ZN
 _55508_/ZN
 _55509_/ZN
 _55510_/Z
 _55511_/ZN
 _55512_/ZN
 _55513_/ZN
 _55514_/ZN
 _55515_/ZN
 _55516_/ZN
 _55517_/ZN
 _55518_/ZN
 _55519_/ZN
 _55520_/ZN
 _55521_/ZN
 _55522_/ZN
 _55523_/ZN
 _55524_/ZN
 _55525_/ZN
 _55526_/ZN
 _55527_/Z
 _55528_/ZN
 _55529_/ZN
 _55530_/ZN
 _55531_/ZN
 _55532_/ZN
 _55533_/ZN
 _55534_/ZN
 _55535_/ZN
 _55536_/ZN
 _55537_/ZN
 _55538_/ZN
 _55539_/ZN
 _55540_/ZN
 _55541_/ZN
 _55542_/ZN
 _55543_/ZN
 _55544_/ZN
 _55545_/ZN
 _55546_/ZN
 _55547_/ZN
 _55548_/ZN
 _55549_/ZN
 _55550_/ZN
 _55551_/ZN
 _55552_/ZN
 _55553_/ZN
 _55554_/ZN
 _55555_/ZN
 _55556_/ZN
 _55557_/ZN
 _55558_/ZN
 _55559_/ZN
 _55560_/ZN
 _55561_/Q
 _55562_/Q
 _55563_/Q
 _55564_/Q
 _55565_/Q
 _55566_/Q
 _55567_/Q
 _55568_/Q
 _55569_/Q
 _55570_/Q
 _55571_/Q
 _55572_/Q
 _55573_/Q
 _55574_/Q
 _55575_/Q
 _55576_/Q
 _55577_/Q
 _55578_/Q
 _55579_/Q
 _55580_/Q
 _55581_/Q
 _55582_/Q
 _55583_/Q
 _55584_/Q
 _55585_/Q
 _55586_/Q
 _55587_/Q
 _55588_/Q
 _55589_/Q
 _55590_/Q
 _55591_/Q
 _55592_/Q
 _55593_/Q
 _55594_/Q
 _55595_/Q
 _55596_/Q
 _55597_/Q
 _55598_/Q
 _55599_/Q
 _55600_/Q
 _55601_/Q
 _55602_/Q
 _55603_/Q
 _55604_/Q
 _55605_/Q
 _55606_/Q
 _55607_/Q
 _55608_/Q
 _55609_/Q
 _55610_/Q
 _55611_/Q
 _55612_/Q
 _55613_/Q
 _55614_/Q
 _55615_/Q
 _55616_/Q
 _55617_/Q
 _55618_/Q
 _55619_/Q
 _55620_/Q
 _55621_/Q
 _55622_/Q
 _55623_/Q
 _55624_/Q
 _55625_/Q
 _55626_/Q
 _55627_/Q
 _55628_/Q
 _55629_/Q
 _55630_/Q
 _55631_/Q
 _55632_/Q
 _55633_/Q
 _55634_/Q
 _55635_/Q
 _55636_/Q
 _55637_/Q
 _55638_/Q
 _55639_/Q
 _55640_/Q
 _55641_/Q
 _55642_/Q
 _55643_/Q
 _55644_/Q
 _55645_/Q
 _55646_/Q
 _55647_/Q
 _55648_/Q
 _55649_/Q
 _55650_/Q
 _55651_/Q
 _55652_/Q
 _55653_/Q
 _55654_/Q
 _55655_/Q
 _55656_/Q
 _55657_/Q
 _55658_/Q
 _55659_/Q
 _55660_/Q
 _55661_/Q
 _55662_/Q
 _55663_/Q
 _55664_/Q
 _55665_/Q
 _55666_/Q
 _55667_/Q
 _55668_/Q
 _55669_/Q
 _55670_/Q
 _55671_/Q
 _55672_/Q
 _55673_/Q
 _55674_/Q
 _55675_/Q
 _55676_/Q
 _55677_/Q
 _55678_/Q
 _55679_/Q
 _55680_/Q
 _55681_/Q
 _55682_/Q
 _55683_/Q
 _55684_/Q
 _55685_/Q
 _55686_/Q
 _55687_/Q
 _55688_/Q
 _55689_/Q
 _55690_/Q
 _55691_/Q
 _55692_/Q
 _55693_/Q
 _55694_/Q
 _55695_/Q
 _55696_/Q
 _55697_/Q
 _55698_/Q
 _55699_/Q
 _55700_/Q
 _55701_/Q
 _55702_/Q
 _55703_/Q
 _55704_/Q
 _55705_/Q
 _55706_/Q
 _55707_/Q
 _55708_/Q
 _55709_/Q
 _55710_/Q
 _55711_/Q
 _55712_/Q
 _55713_/Q
 _55714_/Q
 _55715_/Q
 _55716_/Q
 _55717_/Q
 _55718_/Q
 _55719_/Q
 _55720_/Q
 _55721_/Q
 _55722_/Q
 _55723_/Q
 _55724_/Q
 _55725_/Q
 _55726_/Q
 _55727_/Q
 _55728_/Q
 _55729_/Q
 _55730_/Q
 _55731_/Q
 _55732_/Q
 _55733_/Q
 _55734_/Q
 _55735_/Q
 _55736_/Q
 _55737_/Q
 _55738_/Q
 _55739_/Q
 _55740_/Q
 _55741_/Q
 _55742_/Q
 _55743_/Q
 _55744_/Q
 _55745_/Q
 _55746_/Q
 _55747_/Q
 _55748_/Q
 _55749_/Q
 _55750_/Q
 _55751_/Q
 _55752_/Q
 _55753_/Q
 _55754_/Q
 _55755_/Q
 _55756_/Q
 _55757_/Q
 _55758_/Q
 _55759_/Q
 _55760_/Q
 _55761_/Q
 _55762_/Q
 _55763_/Q
 _55764_/Q
 _55765_/Q
 _55766_/Q
 _55767_/Q
 _55768_/Q
 _55769_/Q
 _55770_/Q
 _55771_/Q
 _55772_/Q
 _55773_/Q
 _55774_/Q
 _55775_/Q
 _55776_/Q
 _55777_/Q
 _55778_/Q
 _55779_/Q
 _55780_/Q
 _55781_/Q
 _55782_/Q
 _55783_/Q
 _55784_/Q
 _55785_/Q
 _55786_/Q
 _55787_/Q
 _55788_/Q
 _55789_/Q
 _55790_/Q
 _55791_/Q
 _55792_/Q
 _55793_/Q
 _55794_/Q
 _55795_/Q
 _55796_/Q
 _55797_/Q
 _55798_/Q
 _55799_/Q
 _55800_/Q
 _55801_/Q
 _55802_/Q
 _55803_/Q
 _55804_/Q
 _55805_/Q
 _55806_/Q
 _55807_/Q
 _55808_/Q
 _55809_/Q
 _55810_/Q
 _55811_/Q
 _55812_/Q
 _55813_/Q
 _55814_/Q
 _55815_/Q
 _55816_/Q
 _55817_/Q
 _55818_/Q
 _55819_/Q
 _55820_/Q
 _55821_/Q
 _55822_/Q
 _55823_/Q
 _55824_/Q
 _55825_/Q
 _55826_/Q
 _55827_/Q
 _55828_/Q
 _55829_/Q
 _55830_/Q
 _55831_/Q
 _55832_/Q
 _55833_/Q
 _55834_/Q
 _55835_/Q
 _55836_/Q
 _55837_/Q
 _55838_/Q
 _55839_/Q
 _55840_/Q
 _55841_/Q
 _55842_/Q
 _55843_/Q
 _55844_/Q
 _55845_/Q
 _55846_/Q
 _55847_/Q
 _55848_/Q
 _55849_/Q
 _55850_/Q
 _55851_/Q
 _55852_/Q
 _55853_/Q
 _55854_/Q
 _55855_/Q
 _55856_/Q
 _55857_/Q
 _55858_/Q
 _55859_/Q
 _55860_/Q
 _55861_/Q
 _55862_/Q
 _55863_/Q
 _55864_/Q
 _55865_/Q
 _55866_/Q
 _55867_/Q
 _55868_/Q
 _55869_/Q
 _55870_/Q
 _55871_/Q
 _55872_/Q
 _55873_/Q
 _55874_/Q
 _55875_/Q
 _55876_/Q
 _55877_/Q
 _55878_/Q
 _55879_/Q
 _55880_/Q
 _55881_/Q
 _55882_/Q
 _55883_/Q
 _55884_/Q
 _55885_/Q
 _55886_/Q
 _55887_/Q
 _55888_/Q
 _55889_/Q
 _55890_/Q
 _55891_/Q
 _55892_/Q
 _55893_/Q
 _55894_/Q
 _55895_/Q
 _55896_/Q
 _55897_/Q
 _55898_/Q
 _55899_/Q
 _55900_/Q
 _55901_/Q
 _55902_/Q
 _55903_/Q
 _55904_/Q
 _55905_/Q
 _55906_/Q
 _55907_/Q
 _55908_/Q
 _55909_/Q
 _55910_/Q
 _55911_/Q
 _55912_/Q
 _55913_/Q
 _55914_/Q
 _55915_/Q
 _55916_/Q
 _55917_/Q
 _55918_/Q
 _55919_/Q
 _55920_/Q
 _55921_/Q
 _55922_/Q
 _55923_/Q
 _55924_/Q
 _55925_/Q
 _55926_/Q
 _55927_/Q
 _55928_/Q
 _55929_/Q
 _55930_/Q
 _55931_/Q
 _55932_/Q
 _55933_/Q
 _55934_/Q
 _55935_/Q
 _55936_/Q
 _55937_/Q
 _55938_/Q
 _55939_/Q
 _55940_/Q
 _55941_/Q
 _55942_/Q
 _55943_/Q
 _55944_/Q
 _55945_/Q
 _55946_/Q
 _55947_/Q
 _55948_/Q
 _55949_/Q
 _55950_/Q
 _55951_/Q
 _55952_/Q
 _55953_/Q
 _55954_/Q
 _55955_/Q
 _55956_/Q
 _55957_/Q
 _55958_/Q
 _55959_/Q
 _55960_/Q
 _55961_/Q
 _55962_/Q
 _55963_/Q
 _55964_/Q
 _55965_/Q
 _55966_/Q
 _55967_/Q
 _55968_/Q
 _55969_/Q
 _55970_/Q
 _55971_/Q
 _55972_/Q
 _55973_/Q
 _55974_/Q
 _55975_/Q
 _55976_/Q
 _55977_/Q
 _55978_/Q
 _55979_/Q
 _55980_/Q
 _55981_/Q
 _55982_/Q
 _55983_/Q
 _55984_/Q
 _55985_/Q
 _55986_/Q
 _55987_/Q
 _55988_/Q
 _55989_/Q
 _55990_/Q
 _55991_/Q
 _55992_/Q
 _55993_/Q
 _55994_/Q
 _55995_/Q
 _55996_/Q
 _55997_/Q
 _55998_/Q
 _55999_/Q
 _56000_/Q
 _56001_/Q
 _56002_/Q
 _56003_/Q
 _56004_/Q
 _56005_/Q
 _56006_/Q
 _56007_/Q
 _56008_/Q
 _56009_/Q
 _56010_/Q
 _56011_/Q
 _56012_/Q
 _56013_/Q
 _56014_/Q
 _56015_/Q
 _56016_/Q
 _56017_/Q
 _56018_/Q
 _56019_/Q
 _56020_/Q
 _56021_/Q
 _56022_/Q
 _56023_/Q
 _56024_/Q
 _56025_/Q
 _56026_/Q
 _56027_/Q
 _56028_/Q
 _56029_/Q
 _56030_/Q
 _56031_/Q
 _56032_/Q
 _56033_/Q
 _56034_/Q
 _56035_/Q
 _56036_/Q
 _56037_/Q
 _56038_/Q
 _56039_/Q
 _56040_/Q
 _56041_/Q
 _56042_/Q
 _56043_/Q
 _56044_/Q
 _56045_/Q
 _56046_/Q
 _56047_/Q
 _56048_/Q
 _56049_/Q
 _56050_/Q
 _56051_/Q
 _56052_/Q
 _56053_/Q
 _56054_/Q
 _56055_/Q
 _56056_/Q
 _56057_/Q
 _56058_/Q
 _56059_/Q
 _56060_/Q
 _56061_/Q
 _56062_/Q
 _56063_/Q
 _56064_/Q
 _56065_/Q
 _56066_/Q
 _56067_/Q
 _56068_/Q
 _56069_/Q
 _56070_/Q
 _56071_/Q
 _56072_/Q
 _56073_/Q
 _56074_/Q
 _56075_/Q
 _56076_/Q
 _56077_/Q
 _56078_/Q
 _56079_/Q
 _56080_/Q
 _56081_/Q
 _56082_/Q
 _56083_/Q
 _56084_/Q
 _56085_/Q
 _56086_/Q
 _56087_/Q
 _56088_/Q
 _56089_/Q
 _56090_/Q
 _56091_/Q
 _56092_/Q
 _56093_/Q
 _56094_/Q
 _56095_/Q
 _56096_/Q
 _56097_/Q
 _56098_/Q
 _56099_/Q
 _56100_/Q
 _56101_/Q
 _56102_/Q
 _56103_/Q
 _56104_/Q
 _56105_/Q
 _56106_/Q
 _56107_/Q
 _56108_/Q
 _56109_/Q
 _56110_/Q
 _56111_/Q
 _56112_/Q
 _56113_/Q
 _56114_/Q
 _56115_/Q
 _56116_/Q
 _56117_/Q
 _56118_/Q
 _56119_/Q
 _56120_/Q
 _56121_/Q
 _56122_/Q
 _56123_/Q
 _56124_/Q
 _56125_/Q
 _56126_/Q
 _56127_/Q
 _56128_/Q
 _56129_/Q
 _56130_/Q
 _56131_/Q
 _56132_/Q
 _56133_/Q
 _56134_/Q
 _56135_/Q
 _56136_/Q
 _56137_/Q
 _56138_/Q
 _56139_/Q
 _56140_/Q
 _56141_/Q
 _56142_/Q
 _56143_/Q
 _56144_/Q
 _56145_/Q
 _56146_/Q
 _56147_/Q
 _56148_/Q
 _56149_/Q
 _56150_/Q
 _56151_/Q
 _56152_/Q
 _56153_/Q
 _56154_/Q
 _56155_/Q
 _56156_/Q
 _56157_/Q
 _56158_/Q
 _56159_/Q
 _56160_/Q
 _56161_/Q
 _56162_/Q
 _56163_/Q
 _56164_/Q
 _56165_/Q
 _56166_/Q
 _56167_/Q
 _56168_/Q
 _56169_/Q
 _56170_/Q
 _56171_/Q
 _56172_/Q
 _56173_/Q
 _56174_/Q
 _56175_/Q
 _56176_/Q
 _56177_/Q
 _56178_/Q
 _56179_/Q
 _56180_/Q
 _56181_/Q
 _56182_/Q
 _56183_/Q
 _56184_/Q
 _56185_/Q
 _56186_/Q
 _56187_/Q
 _56188_/Q
 _56189_/Q
 _56190_/Q
 _56191_/Q
 _56192_/Q
 _56193_/Q
 _56194_/Q
 _56195_/Q
 _56196_/Q
 _56197_/Q
 _56198_/Q
 _56199_/Q
 _56200_/Q
 _56201_/Q
 _56202_/Q
 _56203_/Q
 _56204_/Q
 _56205_/Q
 _56206_/Q
 _56207_/Q
 _56208_/Q
 _56209_/Q
 _56210_/Q
 _56211_/Q
 _56212_/Q
 _56213_/Q
 _56214_/Q
 _56215_/Q
 _56216_/Q
 _56217_/Q
 _56218_/Q
 _56219_/Q
 _56220_/Q
 _56221_/Q
 _56222_/Q
 _56223_/Q
 _56224_/Q
 _56225_/Q
 _56226_/Q
 _56227_/Q
 _56228_/Q
 _56229_/Q
 _56230_/Q
 _56231_/Q
 _56232_/Q
 _56233_/Q
 _56234_/Q
 _56235_/Q
 _56236_/Q
 _56237_/Q
 _56238_/Q
 _56239_/Q
 _56240_/Q
 _56241_/Q
 _56242_/Q
 _56243_/Q
 _56244_/Q
 _56245_/Q
 _56246_/Q
 _56247_/Q
 _56248_/Q
 _56249_/Q
 _56250_/Q
 _56251_/Q
 _56252_/Q
 _56253_/Q
 _56254_/Q
 _56255_/Q
 _56256_/Q
 _56257_/Q
 _56258_/Q
 _56259_/Q
 _56260_/Q
 _56261_/Q
 _56262_/Q
 _56263_/Q
 _56264_/Q
 _56265_/Q
 _56266_/Q
 _56267_/Q
 _56268_/Q
 _56269_/Q
 _56270_/Q
 _56271_/Q
 _56272_/Q
 _56273_/Q
 _56274_/Q
 _56275_/Q
 _56276_/Q
 _56277_/Q
 _56278_/Q
 _56279_/Q
 _56280_/Q
 _56281_/Q
 _56282_/Q
 _56283_/Q
 _56284_/Q
 _56285_/Q
 _56286_/Q
 _56287_/Q
 _56288_/Q
 _56289_/Q
 _56290_/Q
 _56291_/Q
 _56292_/Q
 _56293_/Q
 _56294_/Q
 _56295_/Q
 _56296_/Q
 _56297_/Q
 _56298_/Q
 _56299_/Q
 _56300_/Q
 _56301_/Q
 _56302_/Q
 _56303_/Q
 _56304_/Q
 _56305_/Q
 _56306_/Q
 _56307_/Q
 _56308_/Q
 _56309_/Q
 _56310_/Q
 _56311_/Q
 _56312_/Q
 _56313_/Q
 _56314_/Q
 _56315_/Q
 _56316_/Q
 _56317_/Q
 _56318_/Q
 _56319_/Q
 _56320_/Q
 _56321_/Q
 _56322_/Q
 _56323_/Q
 _56324_/Q
 _56325_/Q
 _56326_/Q
 _56327_/Q
 _56328_/Q
 _56329_/Q
 _56330_/Q
 _56331_/Q
 _56332_/Q
 _56333_/Q
 _56334_/Q
 _56335_/Q
 _56336_/Q
 _56337_/Q
 _56338_/Q
 _56339_/Q
 _56340_/Q
 _56341_/Q
 _56342_/Q
 _56343_/Q
 _56344_/Q
 _56345_/Q
 _56346_/Q
 _56347_/Q
 _56348_/Q
 _56349_/Q
 _56350_/Q
 _56351_/Q
 _56352_/Q
 _56353_/Q
 _56354_/Q
 _56355_/Q
 _56356_/Q
 _56357_/Q
 _56358_/Q
 _56359_/Q
 _56360_/Q
 _56361_/Q
 _56362_/Q
 _56363_/Q
 _56364_/Q
 _56365_/Q
 _56366_/Q
 _56367_/Q
 _56368_/Q
 _56369_/Q
 _56370_/Q
 _56371_/Q
 _56372_/Q
 _56373_/Q
 _56374_/Q
 _56375_/Q
 _56376_/Q
 _56377_/Q
 _56378_/Q
 _56379_/Q
 _56380_/Q
 _56381_/Q
 _56382_/Q
 _56383_/Q
 _56384_/Q
 _56385_/Q
 _56386_/Q
 _56387_/Q
 _56388_/Q
 _56389_/Q
 _56390_/Q
 _56391_/Q
 _56392_/Q
 _56393_/Q
 _56394_/Q
 _56395_/Q
 _56396_/Q
 _56397_/Q
 _56398_/Q
 _56399_/Q
 _56400_/Q
 _56401_/Q
 _56402_/Q
 _56403_/Q
 _56404_/Q
 _56405_/Q
 _56406_/Q
 _56407_/Q
 _56408_/Q
 _56409_/Q
 _56410_/Q
 _56411_/Q
 _56412_/Q
 _56413_/Q
 _56414_/Q
 _56415_/Q
 _56416_/Q
 _56417_/Q
 _56418_/Q
 _56419_/Q
 _56420_/Q
 _56421_/Q
 _56422_/Q
 _56423_/Q
 _56424_/Q
 _56425_/Q
 _56426_/Q
 _56427_/Q
 _56428_/Q
 _56429_/Q
 _56430_/Q
 _56431_/Q
 _56432_/Q
 _56433_/Q
 _56434_/Q
 _56435_/Q
 _56436_/Q
 _56437_/Q
 _56438_/Q
 _56439_/Q
 _56440_/Q
 _56441_/Q
 _56442_/Q
 _56443_/Q
 _56444_/Q
 _56445_/Q
 _56446_/Q
 _56447_/Q
 _56448_/Q
 _56449_/Q
 _56450_/Q
 _56451_/Q
 _56452_/Q
 _56453_/Q
 _56454_/Q
 _56455_/Q
 _56456_/Q
 _56457_/Q
 _56458_/Q
 _56459_/Q
 _56460_/Q
 _56461_/Q
 _56462_/Q
 _56463_/Q
 _56464_/Q
 _56465_/Q
 _56466_/Q
 _56467_/Q
 _56468_/Q
 _56469_/Q
 _56470_/Q
 _56471_/Q
 _56472_/Q
 _56473_/Q
 _56474_/Q
 _56475_/Q
 _56476_/Q
 _56477_/Q
 _56478_/Q
 _56479_/Q
 _56480_/Q
 _56481_/Q
 _56482_/Q
 _56483_/Q
 _56484_/Q
 _56485_/Q
 _56486_/Q
 _56487_/Q
 _56488_/Q
 _56489_/Q
 _56490_/Q
 _56491_/Q
 _56492_/Q
 _56493_/Q
 _56494_/Q
 _56495_/Q
 _56496_/Q
 _56497_/Q
 _56498_/Q
 _56499_/Q
 _56500_/Q
 _56501_/Q
 _56502_/Q
 _56503_/Q
 _56504_/Q
 _56505_/Q
 _56506_/Q
 _56507_/Q
 _56508_/Q
 _56509_/Q
 _56510_/Q
 _56511_/Q
 _56512_/Q
 _56513_/Q
 _56514_/Q
 _56515_/Q
 _56516_/Q
 _56517_/Q
 _56518_/Q
 _56519_/Q
 _56520_/Q
 _56521_/Q
 _56522_/Q
 _56523_/Q
 _56524_/Q
 _56525_/Q
 _56526_/Q
 _56527_/Q
 _56528_/Q
 _56529_/Q
 _56530_/Q
 _56531_/Q
 _56532_/Q
 _56533_/Q
 _56534_/Q
 _56535_/Q
 _56536_/Q
 _56537_/Q
 _56538_/Q
 _56539_/Q
 _56540_/Q
 _56541_/Q
 _56542_/Q
 _56543_/Q
 _56544_/Q
 _56545_/Q
 _56546_/Q
 _56547_/Q
 _56548_/Q
 _56549_/Q
 _56550_/Q
 _56551_/Q
 _56552_/Q
 _56553_/Q
 _56554_/Q
 _56555_/Q
 _56556_/Q
 _56557_/Q
 _56558_/Q
 _56559_/Q
 _56560_/Q
 _56561_/Q
 _56562_/Q
 _56563_/Q
 _56564_/Q
 _56565_/Q
 _56566_/Q
 _56567_/Q
 _56568_/Q
 _56569_/Q
 _56570_/Q
 _56571_/Q
 _56572_/Q
 _56573_/Q
 _56574_/Q
 _56575_/Q
 _56576_/Q
 _56577_/Q
 _56578_/Q
 _56579_/Q
 _56580_/Q
 _56581_/Q
 _56582_/Q
 _56583_/Q
 _56584_/Q
 _56585_/Q
 _56586_/Q
 _56587_/Q
 _56588_/Q
 _56589_/Q
 _56590_/Q
 _56591_/Q
 _56592_/Q
 _56593_/Q
 _56594_/Q
 _56595_/Q
 _56596_/Q
 _56597_/Q
 _56598_/Q
 _56599_/Q
 _56600_/Q
 _56601_/Q
 _56602_/Q
 _56603_/Q
 _56604_/Q
 _56605_/Q
 _56606_/Q
 _56607_/Q
 _56608_/Q
 _56609_/Q
 _56610_/Q
 _56611_/Q
 _56612_/Q
 _56613_/Q
 _56614_/Q
 _56615_/Q
 _56616_/Q
 _56617_/Q
 _56618_/Q
 _56619_/Q
 _56620_/Q
 _56621_/Q
 _56622_/Q
 _56623_/Q
 _56624_/Q
 _56625_/Q
 _56626_/Q
 _56627_/Q
 _56628_/Q
 _56629_/Q
 _56630_/Q
 _56631_/Q
 _56632_/Q
 _56633_/Q
 _56634_/Q
 _56635_/Q
 _56636_/Q
 _56637_/Q
 _56638_/Q
 _56639_/Q
 _56640_/Q
 _56641_/Q
 _56642_/Q
 _56643_/Q
 _56644_/Q
 _56645_/Q
 _56646_/Q
 _56647_/Q
 _56648_/Q
 _56649_/Q
 _56650_/Q
 _56651_/Q
 _56652_/Q
 _56653_/Q
 _56654_/Q
 _56655_/Q
 _56656_/Q
 _56657_/Q
 _56658_/Q
 _56659_/Q
 _56660_/Q
 _56661_/Q
 _56662_/Q
 _56663_/Q
 _56664_/Q
 _56665_/Q
 _56666_/Q
 _56667_/Q
 _56668_/Q
 _56669_/Q
 _56670_/Q
 _56671_/Q
 _56672_/Q
 _56673_/Q
 _56674_/Q
 _56675_/Q
 _56676_/Q
 _56677_/Q
 _56678_/Q
 _56679_/Q
 _56680_/Q
 _56681_/Q
 _56682_/Q
 _56683_/Q
 _56684_/Q
 _56685_/Q
 _56686_/Q
 _56687_/Q
 _56688_/Q
 _56689_/Q
 _56690_/Q
 _56691_/Q
 _56692_/Q
 _56693_/Q
 _56694_/Q
 _56695_/Q
 _56696_/Q
 _56697_/Q
 _56698_/Q
 _56699_/Q
 _56700_/Q
 _56701_/Q
 _56702_/Q
 _56703_/Q
 _56704_/Q
 _56705_/Q
 _56706_/Q
 _56707_/Q
 _56708_/Q
 _56709_/Q
 _56710_/Q
 _56711_/Q
 _56712_/Q
 _56713_/Q
 _56714_/Q
 _56715_/Q
 _56716_/Q
 _56717_/Q
 _56718_/Q
 _56719_/Q
 _56720_/Q
 _56721_/Q
 _56722_/Q
 _56723_/Q
 _56724_/Q
 _56725_/Q
 _56726_/Q
 _56727_/Q
 _56728_/Q
 _56729_/Q
 _56730_/Q
 _56731_/Q
 _56732_/Q
 _56733_/Q
 _56734_/Q
 _56735_/Q
 _56736_/Q
 _56737_/Q
 _56738_/Q
 _56739_/Q
 _56740_/Q
 _56741_/Q
 _56742_/Q
 _56743_/Q
 _56744_/Q
 _56745_/Q
 _56746_/Q
 _56747_/Q
 _56748_/Q
 _56749_/Q
 _56750_/Q
 _56751_/Q
 _56752_/Q
 _56753_/Q
 _56754_/Q
 _56755_/Q
 _56756_/Q
 _56757_/Q
 _56758_/Q
 _56759_/Q
 _56760_/Q
 _56761_/Q
 _56762_/Q
 _56763_/Q
 _56764_/Q
 _56765_/Q
 _56766_/Q
 _56767_/Q
 _56768_/Q
 _56769_/Q
 _56770_/Q
 _56771_/Q
 _56772_/Q
 _56773_/Q
 _56774_/Q
 _56775_/Q
 _56776_/Q
 _56777_/Q
 _56778_/Q
 _56779_/Q
 _56780_/Q
 _56781_/Q
 _56782_/Q
 _56783_/Q
 _56784_/Q
 _56785_/Q
 _56786_/Q
 _56787_/Q
 _56788_/Q
 _56789_/Q
 _56790_/Q
 _56791_/Q
 _56792_/Q
 _56793_/Q
 _56794_/Q
 _56795_/Q
 _56796_/Q
 _56797_/Q
 _56798_/Q
 _56799_/Q
 _56800_/Q
 _56801_/Q
 _56802_/Q
 _56803_/Q
 _56804_/Q
 _56805_/Q
 _56806_/Q
 _56807_/Q
 _56808_/Q
 _56809_/Q
 _56810_/Q
 _56811_/Q
 _56812_/Q
 _56813_/Q
 _56814_/Q
 _56815_/Q
 _56816_/Q
 _56817_/Q
 _56818_/Q
 _56819_/Q
 _56820_/Q
 _56821_/Q
 _56822_/Q
 _56823_/Q
 _56824_/Q
 _56825_/Q
 _56826_/Q
 _56827_/Q
 _56828_/Q
 _56829_/Q
 _56830_/Q
 _56831_/Q
 _56832_/Q
 _56833_/Q
 _56834_/Q
 _56835_/Q
 _56836_/Q
 _56837_/Q
 _56838_/Q
 _56839_/Q
 _56840_/Q
 _56841_/Q
 _56842_/Q
 _56843_/Q
 _56844_/Q
 _56845_/Q
 _56846_/Q
 _56847_/Q
 _56848_/Q
 _56849_/Q
 _56850_/Q
 _56851_/Q
 _56852_/Q
 _56853_/Q
 _56854_/Q
 _56855_/Q
 _56856_/Q
 _56857_/Q
 _56858_/Q
 _56859_/Q
 _56860_/Q
 _56861_/Q
 _56862_/Q
 _56863_/Q
 _56864_/Q
 _56865_/Q
 _56866_/Q
 _56867_/Q
 _56868_/Q
 _56869_/Q
 _56870_/Q
 _56871_/Q
 _56872_/Q
 _56873_/Q
 _56874_/Q
 _56875_/Q
 _56876_/Q
 _56877_/Q
 _56878_/Q
 _56879_/Q
 _56880_/Q
 _56881_/Q
 _56882_/Q
 _56883_/Q
 _56884_/Q
 _56885_/Q
 _56886_/Q
 _56887_/Q
 _56888_/Q
 _56889_/Q
 _56890_/Q
 _56891_/Q
 _56892_/Q
 _56893_/Q
 _56894_/Q
 _56895_/Q
 _56896_/Q
 _56897_/Q
 _56898_/Q
 _56899_/Q
 _56900_/Q
 _56901_/Q
 _56902_/Q
 _56903_/Q
 _56904_/Q
 _56905_/Q
 _56906_/Q
 _56907_/Q
 _56908_/Q
 _56909_/Q
 _56910_/Q
 _56911_/Q
 _56912_/Q
 _56913_/Q
 _56914_/Q
 _56915_/Q
 _56916_/Q
 _56917_/Q
 _56918_/Q
 _56919_/Q
 _56920_/Q
 _56921_/Q
 _56922_/Q
 _56923_/Q
 _56924_/Q
 _56925_/Q
 _56926_/Q
 _56927_/Q
 _56928_/Q
 _56929_/Q
 _56930_/Q
 _56931_/Q
 _56932_/Q
 _56933_/Q
 _56934_/Q
 _56935_/Q
 _56936_/Q
 _56937_/Q
 _56938_/Q
 _56939_/Q
 _56940_/Q
 _56941_/Q
 _56942_/Q
 _56943_/Q
 _56944_/Q
 _56945_/Q
 _56946_/Q
 _56947_/Q
 _56948_/Q
 _56949_/Q
 _56950_/Q
 _56951_/Q
 _56952_/Q
 _56953_/Q
 _56954_/Q
 _56955_/Q
 _56956_/Q
 _56957_/Q
 _56958_/Q
 _56959_/Q
 _56960_/Q
 _56961_/Q
 _56962_/Q
 _56963_/Q
 _56964_/Q
 _56965_/Q
 _56966_/Q
 _56967_/Q
 _56968_/Q
 _56969_/Q
 _56970_/Q
 _56971_/Q
 _56972_/Q
 _56973_/Q
 _56974_/Q
 _56975_/Q
 _56976_/Q
 _56977_/Q
 _56978_/Q
 _56979_/Q
 _56980_/Q
 _56981_/Q
 _56982_/Q
 _56983_/Q
 _56984_/Q
 _56985_/Q
 _56986_/Q
 _56987_/Q
 _56988_/Q
 _56989_/Q
 _56990_/Q
 _56991_/Q
 _56992_/Q
 _56993_/Q
 _56994_/Q
 _56995_/Q
 _56996_/Q
 _56997_/Q
 _56998_/Q
 _56999_/Q
 _57000_/Q
 _57001_/Q
 _57002_/Q
 _57003_/Q
 _57004_/Q
 _57005_/Q
 _57006_/Q
 _57007_/Q
 _57008_/Q
 _57009_/Q
 _57010_/Q
 _57011_/Q
 _57012_/Q
 _57013_/Q
 _57014_/Q
 _57015_/Q
 _57016_/Q
 _57017_/Q
 _57018_/Q
 _57019_/Q
 _57020_/Q
 _57021_/Q
 _57022_/Q
 _57023_/Q
 _57024_/Q
 _57025_/Q
 _57026_/Q
 _57027_/Q
 _57028_/Q
 _57029_/Q
 _57030_/Q
 _57031_/Q
 _57032_/Q
 _57033_/Q
 _57034_/Q
 _57035_/Q
 _57036_/Q
 _57037_/Q
 _57038_/Q
 _57039_/Q
 _57040_/Q
 _57041_/Q
 _57042_/Q
 _57043_/Q
 _57044_/Q
 _57045_/Q
 _57046_/Q
 _57047_/Q
 _57048_/Q
 _57049_/Q
 _57050_/Q
 _57051_/Q
 _57052_/Q
 _57053_/Q
 _57054_/Q
 _57055_/Q
 _57056_/Q
 _57057_/Q
 _57058_/Q
 _57059_/Q
 _57060_/Q
 _57061_/Q
 _57062_/Q
 _57063_/Q
 _57064_/Q
 _57065_/Q
 _57066_/Q
 _57067_/Q
 _57068_/Q
 _57069_/Q
 _57070_/Q
 _57071_/Q
 _57072_/Q
 _57073_/Q
 _57074_/Q
 _57075_/Q
 _57076_/Q
 _57077_/Q
 _57078_/Q
 _57079_/Q
 _57080_/Q
 _57081_/Q
 _57082_/Q
 _57083_/Q
 _57084_/Q
 _57085_/Q
 _57086_/Q
 _57087_/Q
 _57088_/Q
 _57089_/Q
 _57090_/Q
 _57091_/Q
 _57092_/Q
 _57093_/Q
 _57094_/Q
 _57095_/Q
 _57096_/Q
 _57097_/Q
 _57098_/Q
 _57099_/Q
 _57100_/Q
 _57101_/Q
 _57102_/Q
 _57103_/Q
 _57104_/Q
 _57105_/Q
 _57106_/Q
 _57107_/Q
 _57108_/Q
 _57109_/Q
 _57110_/Q
 _57111_/Q
 _57112_/Q
 _57113_/Q
 _57114_/Q
 _57115_/Q
 _57116_/Q
 _57117_/Q
 _57118_/Q
 _57119_/Q
 _57120_/Q
 _57121_/Q
 _57122_/Q
 _57123_/Q
 _57124_/Q
 _57125_/Q
 _57126_/Q
 _57127_/Q
 _57128_/Q
 _57129_/Q
 _57130_/Q
 _57131_/Q
 _57132_/Q
 _57133_/Q
 _57134_/Q
 _57135_/Q
 _57136_/Q
 _57137_/Q
 _57138_/Q
 _57139_/Q
 _57140_/Q
 _57141_/Q
 _57142_/Q
 _57143_/Q
 _57144_/Q
 _57145_/Q
 _57146_/Q
 _57147_/Q
 _57148_/Q
 _57149_/Q
 _57150_/Q
 _57151_/Q
 _57152_/Q
 _57153_/Q
 _57154_/Q
 _57155_/Q
 _57156_/Q
 _57157_/Q
 _57158_/Q
 _57159_/Q
 _57160_/Q
 _57161_/Q
 _57162_/Q
 _57163_/Q
 _57164_/Q
 _57165_/Q
 _57166_/Q
 _57167_/Q
 _57168_/Q
 _57169_/Q
 _57170_/Q
 _57171_/Q
 _57172_/Q
 _57173_/Q
 _57174_/Q
 _57175_/Q
 _57176_/Q
 _57177_/Q
 _57178_/Q
 _57179_/Q
 _57180_/Q
 _57181_/Q
 _57182_/Q
 _57183_/Q
 _57184_/Q
 _57185_/Q
 _57186_/Q
 _57187_/Q
 _57188_/Q
 _57189_/Q
 _57190_/Q
 _57191_/Q
 _57192_/Q
 _57193_/Q
 _57194_/Q
 _57195_/Q
 _57196_/Q
 _57197_/Q
 _57198_/Q
 _57199_/Q
 _57200_/Q
 _57201_/Q
 _57202_/Q
 _57203_/Q
 _57204_/Q
 _57205_/Q
 _57206_/Q
 _57207_/Q
 _57208_/Q
 _57209_/Q
 _57210_/Q
 _57211_/Q
 _57212_/Q
 _57213_/Q
 _57214_/Q
 _57215_/Q
 _57216_/Q
 _57217_/Q
 _57218_/Q
 _57219_/Q
 _57220_/Q
 _57221_/Q
 _57222_/Q
 _57223_/Q
 _57224_/Q
 _57225_/Q
 _57226_/Q
 _57227_/Q
 _57228_/Q
 _57229_/Q
 _57230_/Q
 _57231_/Q
 _57232_/Q
 _57233_/Q
 _57234_/Q
 _57235_/Q
 _57236_/Q
 _57237_/Q
 _57238_/Q
 _57239_/Q
 _57240_/Q
 _57241_/Q
 _57242_/Q
 _57243_/Q
 _57244_/Q
 _57245_/Q
 _57246_/Q
 _57247_/Q
 _57248_/Q
 _57249_/Q
 _57250_/Q
 _57251_/Q
 _57252_/Q
 _57253_/Q
 _57254_/Q
 _57255_/Q
 _57256_/Q
 _57257_/Q
 _57258_/Q
 _57259_/Q
 _57260_/Q
 _57261_/Q
 _57262_/Q
 _57263_/Q
 _57264_/Q
 _57265_/Q
 _57266_/Q
 _57267_/Q
 _57268_/Q
 _57269_/Q
 _57270_/Q
 _57271_/Q
 _57272_/Q
 _57273_/Q
 _57274_/Q
 _57275_/Q
 _57276_/Q
 _57277_/Q
 _57278_/Q
 _57279_/Q
 _57280_/Q
 _57281_/Q
 _57282_/Q
 _57283_/Q
 _57284_/Q
 _57285_/Q
 _57286_/Q
 _57287_/Q
 _57288_/Q
 _57289_/Q
 _57290_/Q
 _57291_/Q
 _57292_/Q
 _57293_/Q
 _57294_/Q
 _57295_/Q
 _57296_/Q
 _57297_/Q
 _57298_/Q
 _57299_/Q
 _57300_/Q
 _57301_/Q
 _57302_/Q
 _57303_/Q
 _57304_/Q
 _57305_/Q
 _57306_/Q
 _57307_/Q
 _57308_/Q
 _57309_/Q
 _57310_/Q
 _57311_/Q
 _57312_/Q
 _57313_/Q
 _57314_/Q
 _57315_/Q
 _57316_/Q
 _57317_/Q
 _57318_/Q
 _57319_/Q
 _57320_/Q
 _57321_/Q
 _57322_/Q
 _57323_/Q
 _57324_/Q
 _57325_/Q
 _57326_/Q
 _57327_/Q
 _57328_/Q
 _57329_/Q
 _57330_/Q
 _57331_/Q
 _57332_/Q
 _57333_/Q
 _57334_/Q
 _57335_/Q
 _57336_/Q
 _57337_/Q
 _57338_/Q
 _57339_/Q
 _57340_/Q
 _57341_/Q
 _57342_/Q
 _57343_/Q
 _57344_/Q
 _57345_/Q
 _57346_/Q
 _57347_/Q
 _57348_/Q
 _57349_/Q
 _57350_/Q
 _57351_/Q
 _57352_/Q
 _57353_/Q
 _57354_/Q
 _57355_/Q
 _57356_/Q
 _57357_/Q
 _57358_/Q
 _57359_/Q
 _57360_/Q
 _57361_/Q
 _57362_/Q
 _57363_/Q
 _57364_/Q
 _57365_/Q
 _57366_/Q
 _57367_/Q
 _57368_/Q
 _57369_/Q
 _57370_/Q
 _57371_/Q
 _57372_/Q
 _57373_/Q
 _57374_/Q
 _57375_/Q
 _57376_/Q
 _57377_/Q
 _57378_/Q
 _57379_/Q
 _57380_/Q
 _57381_/Q
 _57382_/Q
 _57383_/Q
 _57384_/Q
 _57385_/Q
 _57386_/Q
 _57387_/Q
 _57388_/Q
 _57389_/Q
 _57390_/Q
 _57391_/Q
 _57392_/Q
 _57393_/Q
 _57394_/Q
 _57395_/Q
 _57396_/Q
 _57397_/Q
 _57398_/Q
 _57399_/Q
 _57400_/Q
 _57401_/Q
 _57402_/Q
 _57403_/Q
 _57404_/Q
 _57405_/Q
 _57406_/Q
 _57407_/Q
 _57408_/Q
 _57409_/Q
 _57410_/Q
 _57411_/Q
 _57412_/Q
 _57413_/Q
 _57414_/Q
 _57415_/Q
 _57416_/Q
 _57417_/Q
 _57418_/Q
 _57419_/Q
 _57420_/Q
 _57421_/Q
 _57422_/Q
 _57423_/Q
 _57424_/Q
 _57425_/Q
 _57426_/Q
 _57427_/Q
 _57428_/Q
 _57429_/Q
 _57430_/Q
 _57431_/Q
 _57432_/Q
 _57433_/Q
 _57434_/Q
 _57435_/Q
 _57436_/Q
 _57437_/Q
 _57438_/Q
 _57439_/Q
 _57440_/Q
 _57441_/Q
 _57442_/Q
 _57443_/Q
 _57444_/Q
 _57445_/Q
 _57446_/Q
 _57447_/Q
 _57448_/Q
 _57449_/Q
 _57450_/Q
 _57451_/Q
 _57452_/Q
 _57453_/Q
 _57454_/Q
 _57455_/Q
 _57456_/Q
 _57457_/Q
 _57458_/Q
 _57459_/Q
 _57460_/Q
 _57461_/Q
 _57462_/Q
 _57463_/Q
 _57464_/Q
 _57465_/Q
 _57466_/Q
 _57467_/Q
 _57468_/Q
 _57469_/Q
 _57470_/Q
 _57471_/Q
 _57472_/Q
 _57473_/Q
 _57474_/Q
 _57475_/Q
 _57476_/Q
 _57477_/Q
 _57478_/Q
 _57479_/Q
 _57480_/Q
 _57481_/Q
 _57482_/Q
 _57483_/Q
 _57484_/Q
 _57485_/Q
 _57486_/Q
 _57487_/Q
 _57488_/Q
 _57489_/Q
 _57490_/Q
 _57491_/Q
 _57492_/Q
 _57493_/Q
 _57494_/Q
 _57495_/Q
 _57496_/Q
 _57497_/Q
 _57498_/Q
 _57499_/Q
 _57500_/Q
 _57501_/Q
 _57502_/Q
 _57503_/Q
 _57504_/Q
 _57505_/Q
 _57506_/Q
 _57507_/Q
 _57508_/Q
 _57509_/Q
 _57510_/Q
 _57511_/Q
 _57512_/Q
 _57513_/Q
 _57514_/Q
 _57515_/Q
 _57516_/Q
 _57517_/Q
 _57518_/Q
 _57519_/Q
 _57520_/Q
 _57521_/Q
 _57522_/Q
 _57523_/Q
 _57524_/Q
 _57525_/Q
 _57526_/Q
 _57527_/Q
 _57528_/Q
 _57529_/Q
 _57530_/Q
 _57531_/Q
 _57532_/Q
 _57533_/Q
 _57534_/Q
 _57535_/Q
 _57536_/Q
 _57537_/Q
 _57538_/Q
 _57539_/Q
 _57540_/Q
 _57541_/Q
 _57542_/Q
 _57543_/Q
 _57544_/Q
 _57545_/Q
 _57546_/Q
 _57547_/Q
 _57548_/Q
 _57549_/Q
 _57550_/Q
 _57551_/Q
 _57552_/Q
 _57553_/Q
 _57554_/Q
 _57555_/Q
 _57556_/Q
 _57557_/Q
 _57558_/Q
 _57559_/Q
 _57560_/Q
 _57561_/Q
 _57562_/Q
 _57563_/Q
 _57564_/Q
 _57565_/Q
 _57566_/Q
 _57567_/Q
 _57568_/Q
 _57569_/Q
 _57570_/Q
 _57571_/Q
 _57572_/Q
 _57573_/Q
 _57574_/Q
 _57575_/Q
 _57576_/Q
 _57577_/Q
 _57578_/Q
 _57579_/Q
 _57580_/Q
 _57581_/Q
 _57582_/Q
 _57583_/Q
 _57584_/Q
 _57585_/Q
 _57586_/Q
 _57587_/Q
 _57588_/Q
 _57589_/Q
 _57590_/Q
 _57591_/Q
 _57592_/Q
 _57593_/Q
 _57594_/Q
 _57595_/Q
 _57596_/Q
 _57597_/Q
 _57598_/Q
 _57599_/Q
 _57600_/Q
 _57601_/Q
 _57602_/Q
 _57603_/Q
 _57604_/Q
 _57605_/Q
 _57606_/Q
 _57607_/Q
 _57608_/Q
 _57609_/Q
 _57610_/Q
 _57611_/Q
 _57612_/Q
 _57613_/Q
 _57614_/Q
 _57615_/Q
 _57616_/Q
 _57617_/Q
 _57618_/Q
 _57619_/Q
 _57620_/Q
 _57621_/Q
 _57622_/Q
 _57623_/Q
 _57624_/Q
 _57625_/Q
 _57626_/Q
 _57627_/Q
 _57628_/Q
 _57629_/Q
 _57630_/Q
 _57631_/Q
 _57632_/Q
 _57633_/Q
 _57634_/Q
 _57635_/Q
 _57636_/Q
 _57637_/Q
 _57638_/Q
 _57639_/Q
 _57640_/Q
 _57641_/Q
 _57642_/Q
 _57643_/Q
 _57644_/Q
 _57645_/Q
 _57646_/Q
 _57647_/Q
 _57648_/Q
 _57649_/Q
 _57650_/Q
 _57651_/Q
 _57652_/Q
 _57653_/Q
 _57654_/Q
 _57655_/Q
 _57656_/Q
 _57657_/Q
 _57658_/Q
 _57659_/Q
 _57660_/Q
 _57661_/Q
 _57662_/Q
 _57663_/Q
 _57664_/Q
 _57665_/Q
 _57666_/Q
 _57667_/Q
 _57668_/Q
 _57669_/Q
 _57670_/Q
 _57671_/Q
 _57672_/Q
 _57673_/Q
 _57674_/Q
 _57675_/Q
 _57676_/Q
 _57677_/Q
 _57678_/Q
 _57679_/Q
 _57680_/Q
 _57681_/Q
 _57682_/Q
 _57683_/Q
 _57684_/Q
 _57685_/Q
 _57686_/Q
 _57687_/Q
 _57688_/Q
 _57689_/Q
 _57690_/Q
 _57691_/Q
 _57692_/Q
 _57693_/Q
 _57694_/Q
 _57695_/Q
 _57696_/Q
 _57697_/Q
 _57698_/Q
 _57699_/Q
 _57700_/Q
 _57701_/Q
 _57702_/Q
 _57703_/Q
 _57704_/Q
 _57705_/Q
 _57706_/Q
 _57707_/Q
 _57708_/Q
 _57709_/Q
 _57710_/Q
 _57711_/Q
 _57712_/Q
 _57713_/Q
 _57714_/Q
 _57715_/Q
 _57716_/Q
 _57717_/Q
 _57718_/Q
 _57719_/Q
 _57720_/Q
 _57721_/Q
 _57722_/Q
 _57723_/Q
 _57724_/Q
 _57725_/Q
 _57726_/Q
 _57727_/Q
 _57728_/Q
 _57729_/Q
 _57730_/Q
 _57731_/Q
 _57732_/Q
 _57733_/Q
 _57734_/Q
 _57735_/Q
 _57736_/Q
 _57737_/Q
 _57738_/Q
 _57739_/Q
 _57740_/Q
 _57741_/Q
 _57742_/Q
 _57743_/Q
 _57744_/Q
 _57745_/Q
 _57746_/Q
 _57747_/Q
 _57748_/Q
 _57749_/Q
 _57750_/Q
 _57751_/Q
 _57752_/Q
 _57753_/Q
 _57754_/Q
 _57755_/Q
 _57756_/Q
 _57757_/Q
 _57758_/Q
 _57759_/Q
 _57760_/Q
 _57761_/Q
 _57762_/Q
 _57763_/Q
 _57764_/Q
 _57765_/Q
 _57766_/Q
 _57767_/Q
 _57768_/Q
 _57769_/Q
 _57770_/Q
 _57771_/Q
 _57772_/Q
 _57773_/Q
 _57774_/Q
 _57775_/Q
 _57776_/Q
 _57777_/Q
 _57778_/Q
 _57779_/Q
 _57780_/Q
 _57781_/Q
 _57782_/Q
 _57783_/Q
 _57784_/Q
 _57785_/Q
 _57786_/Q
 _57787_/Q
 _57788_/Q
 _57789_/Q
 _57790_/Q
 _57791_/Q
 _57792_/Q
 _57793_/Q
 _57794_/Q
 _57795_/Q
 _57796_/Q
 _57797_/Q
 _57798_/Q
 _57799_/Q
 _57800_/Q
 _57801_/Q
 _57802_/Q
 _57803_/Q
 _57804_/Q
 _57805_/Q
 _57806_/Q
 _57807_/Q
 _57808_/Q
 _57809_/Q
 _57810_/Q
 _57811_/Q
 _57812_/Q
 _57813_/Q
 _57814_/Q
 _57815_/Q
 _57816_/Q
 _57817_/Q
 _57818_/Q
 _57819_/Q
 _57820_/Q
 _57821_/Q
 _57822_/Q
 _57823_/Q
 _57824_/Q
 _57825_/Q
 _57826_/Q
 _57827_/Q
 _57828_/Q
 _57829_/Q
 _57830_/Q
 _57831_/Q
 _57832_/Q
 _57833_/Q
 _57834_/Q
 _57835_/Q
 _57836_/Q
 _57837_/Q
 _57838_/Q
 _57839_/Q
 _57840_/Q
 _57841_/Q
 _57842_/Q
 _57843_/Q
 _57844_/Q
 _57845_/Q
 _57846_/Q
 _57847_/Q
 _57848_/Q
 _57849_/Q
 _57850_/Q
 _57851_/Q
 _57852_/Q
 _57853_/Q
 _57854_/Q
 _57855_/Q
 _57856_/Q
 _57857_/Q
 _57858_/Q
 _57859_/Q
 _57860_/Q
 _57861_/Q
 _57862_/Q
 _57863_/Q
 _57864_/Q
 _57865_/Q
 _57866_/Q
 _57867_/Q
 _57868_/Q
 _57869_/Q
 _57870_/Q
 _57871_/Q
 _57872_/Q
 _57873_/Q
 _57874_/Q
 _57875_/Q
 _57876_/Q
 _57877_/Q
 _57878_/Q
 _57879_/Q
 _57880_/Q
 _57881_/Q
 _57882_/Q
 _57883_/Q
 _57884_/Q
 _57885_/Q
 _57886_/Q
 _57887_/Q
 _57888_/Q
 _57889_/Q
 _57890_/Q
 _57891_/Q
 _57892_/Q
 _57893_/Q
 _57894_/Q
 _57895_/Q
 _57896_/Q
 _57897_/Q
 _57898_/Q
 _57899_/Q
 _57900_/Q
 _57901_/Q
 _57902_/Q
 _57903_/Q
 _57904_/Q
 _57905_/Q
 _57906_/Q
 _57907_/Q
 _57908_/Q
 _57909_/Q
 _57910_/Q
 _57911_/Q
 _57912_/Q
 _57913_/Q
 _57914_/Q
 _57915_/Q
 _57916_/Q
 _57917_/Q
 _57918_/Q
 _57919_/Q
 _57920_/Q
 _57921_/Q
 _57922_/Q
 _57923_/Q
 _57924_/Q
 _57925_/Q
 _57926_/Q
 _57927_/Q
 _57928_/Q
 _57929_/Q
 _57930_/Q
 _57931_/Q
 _57932_/Q
 _57933_/Q
 _57934_/Q
 _57935_/Q
 _57936_/Q
 _57937_/Q
 _57938_/Q
 _57939_/Q
 _57940_/Q
 _57941_/Q
 _57942_/Q
 _57943_/Q
 _57944_/Q
 _57945_/Q
 _57946_/Q
 _57947_/Q
 _57948_/Q
 _57949_/Q
 _57950_/Q
 _57951_/Q
 _57952_/Q
 _57953_/Q
 _57954_/Q
 _57955_/Q
 _57956_/Q
 _57957_/Q
 _57958_/Q
 _57959_/Q
 _57960_/Q
 _57961_/Q
 _57962_/Q
 _57963_/Q
 _57964_/Q
 _57965_/Q
 _57966_/Q
 _57967_/Q
 _57968_/Q
 _57969_/Q
 _57970_/Q
 _57971_/Q
 _57972_/Q
 _57973_/Q
 _57974_/Q
 _57975_/Q
 _57976_/Q
 _57977_/Q
 _57978_/Q
 _57979_/Q
 _57980_/Q
 _57981_/Q
 _57982_/Q
 _57983_/Q
 _57984_/Q
 _57985_/Q
 _57986_/Q
 _57987_/Q
 _57988_/Q
 _57989_/Q
 _57990_/Q
 _57991_/Q
 _57992_/Q
 _57993_/Q
 _57994_/Q
 _57995_/Q
 _57996_/Q
 _57997_/Q
 _57998_/Q
 _57999_/Q
 _58000_/Q
 _58001_/Q
 _58002_/Q
 _58003_/Q
 _58004_/Q
 _58005_/Q
 _58006_/Q
 _58007_/Q
 _58008_/Q
 _58009_/Q
 _58010_/Q
 _58011_/Q
 _58012_/Q
 _58013_/Q
 _58014_/Q
 _58015_/Q
 _58016_/Q
 _58017_/Q
 _58018_/Q
 _58019_/Q
 _58020_/Q
 _58021_/Q
 _58022_/Q
 _58023_/Q
 _58024_/Q
 _58025_/Q
 _58026_/Q
 _58027_/Q
 _58028_/Q
 _58029_/Q
 _58030_/Q
 _58031_/Q
 _58032_/Q
 _58033_/Q
 _58034_/Q
 _58035_/Q
 _58036_/Q
 _58037_/Q
 _58038_/Q
 _58039_/Q
 _58040_/Q
 _58041_/Q
 _58042_/Q
 _58043_/Q
 _58044_/Q
 _58045_/Q
 _58046_/Q
 _58047_/Q
 _58048_/Q
 _58049_/Q
 _58050_/Q
 _58051_/Q
 _58052_/Q
 _58053_/Q
 _58054_/Q
 _58055_/Q
 _58056_/Q
 _58057_/Q
 _58058_/Q
 _58059_/Q
 _58060_/Q
 _58061_/Q
 _58062_/Q
 _58063_/Q
 _58064_/Q
 _58065_/Q
 _58066_/Q
 _58067_/Q
 _58068_/Q
 _58069_/Q
 _58070_/Q
 _58071_/Q
 _58072_/Q
 _58073_/Q
 _58074_/Q
 _58075_/Q
 _58076_/Q
 _58077_/Q
 _58078_/Q
 _58079_/Q
 _58080_/Q
 _58081_/Q
 _58082_/Q
 _58083_/Q
 _58084_/Q
 _58085_/Q
 _58086_/Q
 _58087_/Q
 _58088_/Q
 _58089_/Q
 _58090_/Q
 _58091_/Q
 _58092_/Q
 _58093_/Q
 _58094_/Q
 _58095_/Q
 _58096_/Q
 _58097_/Q
 _58098_/Q
 _58099_/Q
 _58100_/Q
 _58101_/Q
 _58102_/Q
 _58103_/Q
 _58104_/Q
 _58105_/Q
 _58106_/Q
 _58107_/Q
 _58108_/Q
 _58109_/Q
 _58110_/Q
 _58111_/Q
 _58112_/Q
 _58113_/Q
 _58114_/Q
 _58115_/Q
 _58116_/Q
 _58117_/Q
 _58118_/Q
 _58119_/Q
 _58120_/Q
 _58121_/Q
 _58122_/Q
 _58123_/Q
 _58124_/Q
 _58125_/Q
 _58126_/Q
 _58127_/Q
 _58128_/Q
 _58129_/Q
 _58130_/Q
 _58131_/Q
 _58132_/Q
 _58133_/Q
 _58134_/Q
 _58135_/Q
 _58136_/Q
 _58137_/Q
 _58138_/Q
 _58139_/Q
 _58140_/Q
 _58141_/Q
 _58142_/Q
 _58143_/Q
 _58144_/Q
 _58145_/Q
 _58146_/Q
 _58147_/Q
 _58148_/Q
 _58149_/Q
 _58150_/Q
 _58151_/Q
 _58152_/Q
 _58153_/Q
 _58154_/Q
 _58155_/Q
 _58156_/Q
 _58157_/Q
 _58158_/Q
 _58159_/Q
 _58160_/Q
 _58161_/Q
 _58162_/Q
 _58163_/Q
 _58164_/Q
 _58165_/Q
 _58166_/Q
 _58167_/Q
 _58168_/Q
 _58169_/Q
 _58170_/Q
 _58171_/Q
 _58172_/Q
 _58173_/Q
 _58174_/Q
 _58175_/Q
 _58176_/Q
 _58177_/Q
 _58178_/Q
 _58179_/Q
 _58180_/Q
 _58181_/Q
 _58182_/Q
 _58183_/Q
 _58184_/Q
 _58185_/Q
 _58186_/Q
 _58187_/Q
 _58188_/Q
 _58189_/Q
 _58190_/Q
 _58191_/Q
 _58192_/Q
 _58193_/Q
 _58194_/Q
 _58195_/Q
 _58196_/Q
 _58197_/Q
 _58198_/Q
 _58199_/Q
 _58200_/Q
 _58201_/Q
 _58202_/Q
 _58203_/Q
 _58204_/Q
 _58205_/Q
 _58206_/Q
 _58207_/Q
 _58208_/Q
 _58209_/Q
 _58210_/Q
 _58211_/Q
 _58212_/Q
 _58213_/Q
 _58214_/Q
 _58215_/Q
 _58216_/Q
 _58217_/Q
 _58218_/Q
 _58219_/Q
 _58220_/Q
 _58221_/Q
 _58222_/Q
 _58223_/Q
 _58224_/Q
 _58225_/Q
 _58226_/Q
 _58227_/Q
 _58228_/Q
 _58229_/Q
 _58230_/Q
 _58231_/Q
 _58232_/Q
 _58233_/Q
 _58234_/Q
 _58235_/Q
 _58236_/Q
 _58237_/Q
 _58238_/Q
 _58239_/Q
 _58240_/Q
 _58241_/Q
 _58242_/Q
 _58243_/Q
 _58244_/Q
 _58245_/Q
 _58246_/Q
 _58247_/Q
 _58248_/Q
 _58249_/Q
 _58250_/Q
 _58251_/Q
 _58252_/Q
 _58253_/Q
 _58254_/Q
 _58255_/Q
 _58256_/Q
 _58257_/Q
 _58258_/Q
 _58259_/Q
 _58260_/Q
 _58261_/Q
 _58262_/Q
 _58263_/Q
 _58264_/Q
 _58265_/Q
 _58266_/Q
 _58267_/Q
 _58268_/Q
 _58269_/Q
 _58270_/Q
 _58271_/Q
 _58272_/Q
 _58273_/Q
 _58274_/Q
 _58275_/Q
 _58276_/Q
 _58277_/Q
 _58278_/Q
 _58279_/Q
 _58280_/Q
 _58281_/Q
 _58282_/Q
 _58283_/Q
 _58284_/Q
 _58285_/Q
 _58286_/Q
 _58287_/Q
 _58288_/Q
 _58289_/Q
 _58290_/Q
 _58291_/Q
 _58292_/Q
 _58293_/Q
 _58294_/Q
 _58295_/Q
 _58296_/Q
 _58297_/Q
 _58298_/Q
 _58299_/Q
 _58300_/Q
 _58301_/Q
 _58302_/Q
 _58303_/Q
 _58304_/Q
 _58305_/Q
 _58306_/Q
 _58307_/Q
 _58308_/Q
 _58309_/Q
 _58310_/Q
 _58311_/Q
 _58312_/Q
 _58313_/Q
 _58314_/Q
 _58315_/Q
 _58316_/Q
 _58317_/Q
 _58318_/Q
 _58319_/Q
 _58320_/Q
 _58321_/Q
 _58322_/Q
 _58323_/Q
 _58324_/Q
 _58325_/Q
 _58326_/Q
 _58327_/Q
 _58328_/Q
 _58329_/Q
 _58330_/Q
 _58331_/Q
 _58332_/Q
 _58333_/Q
 _58334_/Q
 _58335_/Q
 _58336_/Q
 _58337_/Q
 _58338_/Q
 _58339_/Q
 _58340_/Q
 _58341_/Q
 _58342_/Q
 _58343_/Q
 _58344_/Q
 _58345_/Q
 _58346_/Q
 _58347_/Q
 _58348_/Q
 _58349_/Q
 _58350_/Q
 _58351_/Q
 _58352_/Q
 _58353_/Q
 _58354_/Q
 _58355_/Q
 _58356_/Q
 _58357_/Q
 _58358_/Q
 _58359_/Q
 _58360_/Q
 _58361_/Q
 _58362_/Q
 _58363_/Q
 _58364_/Q
 _58365_/Q
 _58366_/Q
 _58367_/Q
 _58368_/Q
 _58369_/Q
 _58370_/Q
 _58371_/Q
 _58372_/Q
 _58373_/Q
 _58374_/Q
 _58375_/Q
 _58376_/Q
 _58377_/Q
 _58378_/Q
 _58379_/Q
 _58380_/Q
 _58381_/Q
 _58382_/Q
 _58383_/Q
 _58384_/Q
 _58385_/Q
 _58386_/Q
 _58387_/Q
 _58388_/Q
 _58389_/Q
 _58390_/Q
 _58391_/Q
 _58392_/Q
 _58393_/Q
 _58394_/Q
 _58395_/Q
 _58396_/Q
 _58397_/Q
 _58398_/Q
 _58399_/Q
 _58400_/Q
 _58401_/Q
 _58402_/Q
 _58403_/Q
 _58404_/Q
 _58405_/Q
 _58406_/Q
 _58407_/Q
 _58408_/Q
 _58409_/Q
 _58410_/Q
 _58411_/Q
 _58412_/Q
 _58413_/Q
 _58414_/Q
 _58415_/Q
 _58416_/Q
 _58417_/Q
 _58418_/Q
 _58419_/Q
 _58420_/Q
 _58421_/Q
 _58422_/Q
 _58423_/Q
 _58424_/Q
 _58425_/Q
 _58426_/Q
 _58427_/Q
 _58428_/Q
 _58429_/Q
 _58430_/Q
 _58431_/Q
 _58432_/Q
 _58433_/Q
 _58434_/Q
 _58435_/Q
 _58436_/Q
 _58437_/Q
 _58438_/Q
 _58439_/Q
 _58440_/Q
 _58441_/Q
 _58442_/Q
 _58443_/Q
 _58444_/Q
 _58445_/Q
 _58446_/Q
 _58447_/Q
 _58448_/Q
 _58449_/Q
 _58450_/Q
 _58451_/Q
 _58452_/Q
 _58453_/Q
 _58454_/Q
 _58455_/Q
 _58456_/Q
 _58457_/Q
 _58458_/Q
 _58459_/Q
 _58460_/Q
 _58461_/Q
 _58462_/Q
 _58463_/Q
 _58464_/Q
 _58465_/Q
 _58466_/Q
 _58467_/Q
 _58468_/Q
 _58469_/Q
 _58470_/Q
 _58471_/Q
 _58472_/Q
 _58473_/Q
 _58474_/Q
 _58475_/Q
 _58476_/Q
 _58477_/Q
 _58478_/Q
 _58479_/Q
 _58480_/Q
 _58481_/Q
 _58482_/Q
 _58483_/Q
 _58484_/Q
 _58485_/Q
 _58486_/Q
 _58487_/Q
 _58488_/Q
 _58489_/Q
 _58490_/Q
 _58491_/Q
 _58492_/Q
 _58493_/Q
 _58494_/Q
 _58495_/Q
 _58496_/Q
 _58497_/Q
 _58498_/Q
 _58499_/Q
 _58500_/Q
 _58501_/Q
 _58502_/Q
 _58503_/Q
 _58504_/Q
 _58505_/Q
 _58506_/Q
 _58507_/Q
 _58508_/Q
 _58509_/Q
 _58510_/Q
 _58511_/Q
 _58512_/Q
 _58513_/Q
 _58514_/Q
 _58515_/Q
 _58516_/Q
 _58517_/Q
 _58518_/Q
 _58519_/Q
 _58520_/Q
 _58521_/Q
 _58522_/Q
 _58523_/Q
 _58524_/Q
 _58525_/Q
 _58526_/Q
 _58527_/Q
 _58528_/Q
 _58529_/Q
 _58530_/Q
 _58531_/Q
 _58532_/Q
 _58533_/Q
 _58534_/Q
 _58535_/Q
 _58536_/Q
 _58537_/Q
 _58538_/Q
 _58539_/Q
 _58540_/Q
 _58541_/Q
 _58542_/Q
 _58543_/Q
 _58544_/Q
 _58545_/Q
 _58546_/Q
 _58547_/Q
 _58548_/Q
 _58549_/Q
 _58550_/Q
 _58551_/Q
 _58552_/Q
 _58553_/Q
 _58554_/Q
 _58555_/Q
 _58556_/Q
 _58557_/Q
 _58558_/Q
 _58559_/Q
 _58560_/Q
 _58561_/Q
 _58562_/Q
 _58563_/Q
 _58564_/Q
 _58565_/Q
 _58566_/Q
 _58567_/Q
 _58568_/Q
 _58569_/Q
 _58570_/Q
 _58571_/Q
 _58572_/Q
 _58573_/Q
 _58574_/Q
 _58575_/Q
 _58576_/Q
 _58577_/Q
 _58578_/Q
 _58579_/Q
 _58580_/Q
 _58581_/Q
 _58582_/Q
 _58583_/Q
 _58584_/Q
 _58585_/Q
 _58586_/Q
 _58587_/Q
 _58588_/Q
 _58589_/Q
 _58590_/Q
 _58591_/Q
 _58592_/Q
 _58593_/Q
 _58594_/Q
 _58595_/Q
 _58596_/Q
 _58597_/Q
 _58598_/Q
 _58599_/Q
 _58600_/Q
 _58601_/Q
 _58602_/Q
 _58603_/Q
 _58604_/Q
 _58605_/Q
 _58606_/Q
 _58607_/Q
 _58608_/Q
 _58609_/Q
 _58610_/Q
 _58611_/Q
 _58612_/Q
 _58613_/Q
 _58614_/Q
 _58615_/Q
 _58616_/Q
 _58617_/Q
 _58618_/Q
 _58619_/Q
 _58620_/Q
 _58621_/Q
 _58622_/Q
 _58623_/Q
 _58624_/Q
 _58625_/Q
 _58626_/Q
 _58627_/Q
 _58628_/Q
 _58629_/Q
 _58630_/Q
 _58631_/Q
 _58632_/Q
 _58633_/Q
 _58634_/Q
 _58635_/Q
 _58636_/Q
 _58637_/Q
 _58638_/Q
 _58639_/Q
 _58640_/Q
 _58641_/Q
 _58642_/Q
 _58643_/Q
 _58644_/Q
 _58645_/Q
 _58646_/Q
 _58647_/Q
 _58648_/Q
 _58649_/Q
 _58650_/Q
 _58651_/Q
 _58652_/Q
 _58653_/Q
 _58654_/Q
 _58655_/Q
 _58656_/Q
 _58657_/Q
 _58658_/Q
 _58659_/Q
 _58660_/Q
 _58661_/Q
 _58662_/Q
 _58663_/Q
 _58664_/Q
 _58665_/Q
 _58666_/Q
 _58667_/Q
 _58668_/Q
 _58669_/Q
 _58670_/Q
 _58671_/Q
 _58672_/Q
 _58673_/Q
 _58674_/Q
 _58675_/Q
 _58676_/Q
 _58677_/Q
 _58678_/Q
 _58679_/Q
 _58680_/Q
 _58681_/Q
 _58682_/Q
 _58683_/Q
 _58684_/Q
 _58685_/Q
 _58686_/Q
 _58687_/Q
 _58688_/Q
 _58689_/Q
 _58690_/Q
 _58691_/Q
 _58692_/Q
 _58693_/Q
 _58694_/Q
 _58695_/Q
 _58696_/Q
 _58697_/Q
 _58698_/Q
 _58699_/Q
 _58700_/Q
 _58701_/Q
 _58702_/Q
 _58703_/Q
 _58704_/Q
 _58705_/Q
 _58706_/Q
 _58707_/Q
 _58708_/Q
 _58709_/Q
 _58710_/Q
 _58711_/Q
 _58712_/Q
 _58713_/Q
 _58714_/Q
 _58715_/Q
 _58716_/Q
 _58717_/Q
 _58718_/Q
 _58719_/Q
 _58720_/Q
 _58721_/Q
 _58722_/Q
 _58723_/Q
 _58724_/Q
 _58725_/Q
 _58726_/Q
 _58727_/Q
 _58728_/Q
 _58729_/Q
 _58730_/Q
 _58731_/Q
 _58732_/Q
 _58733_/Q
 _58734_/Q
 _58735_/Q
 _58736_/Q
 _58737_/Q
 _58738_/Q
 _58739_/Q
 _58740_/Q
 _58741_/Q
 _58742_/Q
 _58743_/Q
 _58744_/Q
 _58745_/Q
 _58746_/Q
 _58747_/Q
 _58748_/Q
 _58749_/Q
 _58750_/Q
 _58751_/Q
 _58752_/Q
 _58753_/Q
 _58754_/Q
 _58755_/Q
 _58756_/Q
 _58757_/Q
 _58758_/Q
 _58759_/Q
 _58760_/Q
 _58761_/Q
 _58762_/Q
 _58763_/Q
 _58764_/Q
 _58765_/Q
 _58766_/Q
 _58767_/Q
 _58768_/Q
 _58769_/Q
 _58770_/Q
 _58771_/Q
 _58772_/Q
 _58773_/Q
 _58774_/Q
 _58775_/Q
 _58776_/Q
 _58777_/Q
 _58778_/Q
 _58779_/Q
 _58780_/Q
 _58781_/Q
 _58782_/Q
 _58783_/Q
 _58784_/Q
 _58785_/Q
 _58786_/Q
 _58787_/Q
 _58788_/Q
 _58789_/Q
 _58790_/Q
 _58791_/Q
 _58792_/Q
 _58793_/Q
 _58794_/Q
 _58795_/Q
 _58796_/Q
 _58797_/Q
 _58798_/Q
 _58799_/Q
 _58800_/Q
 _58801_/Q
 _58802_/Q
 _58803_/Q
 _58804_/Q
 _58805_/Q
 _58806_/Q
 _58807_/Q
 _58808_/Q
 _58809_/Q
 _58810_/Q
 _58811_/Q
 _58812_/Q
 _58813_/Q
 _58814_/Q
 _58815_/Q
 _58816_/Q
 _58817_/Q
 _58818_/Q
 _58819_/Q
 _58820_/Q
 _58821_/Q
 _58822_/Q
 _58823_/Q
 _58824_/Q
 _58825_/Q
 _58826_/Q
 _58827_/Q
 _58828_/Q
 _58829_/Q
 _58830_/Q
 _58831_/Q
 _58832_/Q
 _58833_/Q
 _58834_/Q
 _58835_/Q
 _58836_/Q
 _58837_/Q
 _58838_/Q
 _58839_/Q
 _58840_/Q
 _58841_/Q
 _58842_/Q
 _58843_/Q
 _58844_/Q
 _58845_/Q
 _58846_/Q
 _58847_/Q
 _58848_/Q
 _58849_/Q
 _58850_/Q
 _58851_/Q
 _58852_/Q
 _58853_/Q
 _58854_/Q
 _58855_/Q
 _58856_/Q
 _58857_/Q
 _58858_/Q
 _58859_/Q
 _58860_/Q
 _58861_/Q
 _58862_/Q
 _58863_/Q
 _58864_/Q
 _58865_/Q
 _58866_/Q
 _58867_/Q
 _58868_/Q
 _58869_/Q
 _58870_/Q
 _58871_/Q
 _58872_/Q
 _58873_/Q
 _58874_/Q
 _58875_/Q
 _58876_/Q
 _58877_/Q
 _58878_/Q
 _58879_/Q
 _58880_/Q
 _58881_/Q
 _58882_/Q
 _58883_/Q
 _58884_/Q
 _58885_/Q
 _58886_/Q
 _58887_/Q
 _58888_/Q
 _58889_/Q
 _58890_/Q
 _58891_/Q
 _58892_/Q
 _58893_/Q
 _58894_/Q
 _58895_/Q
 _58896_/Q
 _58897_/Q
 _58898_/Q
 _58899_/Q
 _58900_/Q
 _58901_/Q
 _58902_/Q
 _58903_/Q
 _58904_/Q
 _58905_/Q
 _58906_/Q
 _58907_/Q
 _58908_/Q
 _58909_/Q
 _58910_/Q
 _58911_/Q
 _58912_/Q
 _58913_/Q
 _58914_/Q
 _58915_/Q
 _58916_/Q
 _58917_/Q
 _58918_/Q
 _58919_/Q
 _58920_/Q
 _58921_/Q
 _58922_/Q
 _58923_/Q
 _58924_/Q
 _58925_/Q
 _58926_/Q
 _58927_/Q
 _58928_/Q
 _58929_/Q
 _58930_/Q
 _58931_/Q
 _58932_/Q
 _58933_/Q
 _58934_/Q
 _58935_/Q
 _58936_/Q
 _58937_/Q
 _58938_/Q
 _58939_/Q
 _58940_/Q
 _58941_/Q
 _58942_/Q
 _58943_/Q
 _58944_/Q
 _58945_/Q
 _58946_/Q
 _58947_/Q
 _58948_/Q
 _58949_/Q
 _58950_/Q
 _58951_/Q
 _58952_/Q
 _58953_/Q
 _58954_/Q
 _58955_/Q
 _58956_/Q
 _58957_/Q
 _58958_/Q
 _58959_/Q
 _58960_/Q
 _58961_/Q
 _58962_/Q
 _58963_/Q
 _58964_/Q
 _58965_/Q
 _58966_/Q
 _58967_/Q
 _58968_/Q
 _58969_/Q
 _58970_/Q
 _58971_/Q
 _58972_/Q
 _58973_/Q
 _58974_/Q
 _58975_/Q
 _58976_/Q
 _58977_/Q
 _58978_/Q
 _58979_/Q
 _58980_/Q
 _58981_/Q
 _58982_/Q
 _58983_/Q
 _58984_/Q
 _58985_/Q
 _58986_/Q
 _58987_/Q
 _58988_/Q
 _58989_/Q
 _58990_/Q
 _58991_/Q
 _58992_/Q
 _58993_/Q
 _58994_/Q
 _58995_/Q
 _58996_/Q
 _58997_/Q
 _58998_/Q
 _58999_/Q
 _59000_/Q
 _59001_/Q
 _59002_/Q
 _59003_/Q
 _59004_/Q
 _59005_/Q
 _59006_/Q
 _59007_/Q
 _59008_/Q
 _59009_/Q
 _59010_/Q
 _59011_/Q
 _59012_/Q
 _59013_/Q
 _59014_/Q
 _59015_/Q
 _59016_/Q
 _59017_/Q
 _59018_/Q
 _59019_/Q
 _59020_/Q
 _59021_/Q
 _59022_/Q
 _59023_/Q
 _59024_/Q
 _59025_/Q
 _59026_/Q
 _59027_/Q
 _59028_/Q
 _59029_/Q
 _59030_/Q
 _59031_/Q
 _59032_/Q
 _59033_/Q
 _59034_/Q
 _59035_/Q
 _59036_/Q
 _59037_/Q
 _59038_/Q
 _59039_/Q
 _59040_/Q
 _59041_/Q
 _59042_/Q
 _59043_/Q
 _59044_/Q
 _59045_/Q
 _59046_/Q
 _59047_/Q
 _59048_/Q
 _59049_/Q
 _59050_/Q
 _59051_/Q
 _59052_/Q
 _59053_/Q
 _59054_/Q
 _59055_/Q
 _59056_/Q
 _59057_/Q
 _59058_/Q
 _59059_/Q
 _59060_/Q
 _59061_/Q
 _59062_/Q
 _59063_/Q
 _59064_/Q
 _59065_/Q
 _59066_/Q
 _59067_/Q
 _59068_/Q
 _59069_/Q
 _59070_/Q
 _59071_/Q
 _59072_/Q
 _59073_/Q
 _59074_/Q
 _59075_/Q
 _59076_/Q
 _59077_/Q
 _59078_/Q
 _59079_/Q
 _59080_/Q
 _59081_/Q
 _59082_/Q
 _59083_/Q
 _59084_/Q
 _59085_/Q
 _59086_/Q
 _59087_/Q
 _59088_/Q
 _59089_/Q
 _59090_/Q
 _59091_/Q
 _59092_/Q
 _59093_/Q
 _59094_/Q
 _59095_/Q
 _59096_/Q
 _59097_/Q
 _59098_/Q
 _59099_/Q
 _59100_/Q
 _59101_/Q
 _59102_/Q
 _59103_/Q
 _59104_/Q
 _59105_/Q
 _59106_/Q
 _59107_/Q
 _59108_/Q
 _59109_/Q
 _59110_/Q
 _59111_/Q
 _59112_/Q
 _59113_/Q
 _59114_/Q
 _59115_/Q
 _59116_/Q
 _59117_/Q
 _59118_/Q
 _59119_/Q
 _59120_/Q
 _59121_/Q
 _59122_/Q
 _59123_/Q
 _59124_/Q
 _59125_/Q
 _59126_/Q
 _59127_/Q
 _59128_/Q
 _59129_/Q
 _59130_/Q
 _59131_/Q
 _59132_/Q
 _59133_/Q
 _59134_/Q
 _59135_/Q
 _59136_/Q
 _59137_/Q
 _59138_/Q
 _59139_/Q
 _59140_/Q
 _59141_/Q
 _59142_/Q
 _59143_/Q
 _59144_/Q
 _59145_/Q
 _59146_/Q
 _59147_/Q
 _59148_/Q
 _59149_/Q
 _59150_/Q
 _59151_/Q
 _59152_/Q
 _59153_/Q
 _59154_/Q
 _59155_/Q
 _59156_/Q
 _59157_/Q
 _59158_/Q
 _59159_/Q
 _59160_/Q
 _59161_/Q
 _59162_/Q
 _59163_/Q
 _59164_/Q
 _59165_/Q
 _59166_/Q
 _59167_/Q
 _59168_/Q
 _59169_/Q
 _59170_/Q
 _59171_/Q
 _59172_/Q
 _59173_/Q
 _59174_/Q
 _59175_/Q
 _59176_/Q
 _59177_/Q
 _59178_/Q
 _59179_/Q
 _59180_/Q
 _59181_/Q
 _59182_/Q
 _59183_/Q
 _59184_/Q
 _59185_/Q
 _59186_/Q
 _59187_/Q
 _59188_/Q
 _59189_/Q
 _59190_/Q
 _59191_/Q
 _59192_/Q
 _59193_/Q
 _59194_/Q
 _59195_/Q
 _59196_/Q
 _59197_/Q
 _59198_/Q
 _59199_/Q
 _59200_/Q
 _59201_/Q
 _59202_/Q
 _59203_/Q
 _59204_/Q
 _59205_/Q
 _59206_/Q
 _59207_/Q
 _59208_/Q
 _59209_/Q
 _59210_/Q
 _59211_/Q
 _59212_/Q
 _59213_/Q
 _59214_/Q
 _59215_/Q
 _59216_/Q
 _59217_/Q
 _59218_/Q
 _59219_/Q
 _59220_/Q
 _59221_/Q
 _59222_/Q
 _59223_/Q
 _59224_/Q
 _59225_/Q
 _59226_/Q
 _59227_/Q
 _59228_/Q
 _59229_/Q
 _59230_/Q
 _59231_/Q
 _59232_/Q
 _59233_/Q
 _59234_/Q
 _59235_/Q
 _59236_/Q
 _59237_/Q
 _59238_/Q
 _59239_/Q
 _59240_/Q
 _59241_/Q
 _59242_/Q
 _59243_/Q
 _59244_/Q
 _59245_/Q
 _59246_/Q
 _59247_/Q
 _59248_/Q
 _59249_/Q
 _59250_/Q
 _59251_/Q
 _59252_/Q
 _59253_/Q
 _59254_/Q
 _59255_/Q
 _59256_/Q
 _59257_/Q
 _59258_/Q
 _59259_/Q
 _59260_/Q
 _59261_/Q
 _59262_/Q
 _59263_/Q
 _59264_/Q
 _59265_/Q
 _59266_/Q
 _59267_/Q
 _59268_/Q
 _59269_/Q
 _59270_/Q
 _59271_/Q
 _59272_/Q
 _59273_/Q
 _59274_/Q
 _59275_/Q
 _59276_/Q
 _59277_/Q
 _59278_/Q
 _59279_/Q
 _59280_/Q
 _59281_/Q
 _59282_/Q
 _59283_/Q
 _59284_/Q
 _59285_/Q
 _59286_/Q
 _59287_/Q
 _59288_/Q
 _59289_/Q
 _59290_/Q
 _59291_/Q
 _59292_/Q
 _59293_/Q
 _59294_/Q
 _59295_/Q
 _59296_/Q
 _59297_/Q
 _59298_/Q
 _59299_/Q
 _59300_/Q
 _59301_/Q
 _59302_/Q
 _59303_/Q
 _59304_/Q
 _59305_/Q
 _59306_/Q
 _59307_/Q
 _59308_/Q
 _59309_/Q
 _59310_/Q
 _59311_/Q
 _59312_/Q
 _59313_/Q
 _59314_/Q
 _59315_/Q
 _59316_/Q
 _59317_/Q
 _59318_/Q
 _59319_/Q
 _59320_/Q
 _59321_/Q
 _59322_/Q
 _59323_/Q
 _59324_/Q
 _59325_/Q
 _59326_/Q
 _59327_/Q
 _59328_/Q
 _59329_/Q
 _59330_/Q
 _59331_/Q
 _59332_/Q
 _59333_/Q
 _59334_/Q
 _59335_/Q
 _59336_/Q
 _59337_/Q
 _59338_/Q
 _59339_/Q
 _59340_/Q
 _59341_/Q
 _59342_/Q
 _59343_/Q
 _59344_/Q
 _59345_/Q
 _59346_/Q
 _59347_/Q
 _59348_/Q
 _59349_/Q
 _59350_/Q
 _59351_/Q
 _59352_/Q
 _59353_/Q
 _59354_/Q
 _59355_/Q
 _59356_/Q
 _59357_/Q
 _59358_/Q
 _59359_/Q
 _59360_/Q
 _59361_/Q
 _59362_/Q
 _59363_/Q
 _59364_/Q
 _59365_/Q
 _59366_/Q
 _59367_/Q
 _59368_/Q
 _59369_/Q
 _59370_/Q
 _59371_/Q
 _59372_/Q
 _59373_/Q
 _59374_/Q
 _59375_/Q
 _59376_/Q
 _59377_/Q
 _59378_/Q
 _59379_/Q
 _59380_/Q
 _59381_/Q
 _59382_/Q
 _59383_/Q
 _59384_/Q
 _59385_/Q
 _59386_/Q
 _59387_/Q
 _59388_/Q
 _59389_/Q
 _59390_/Q
 _59391_/Q
 _59392_/Q
 _59393_/Q
 _59394_/Q
 _59395_/Q
 _59396_/Q
 _59397_/Q
 _59398_/Q
 _59399_/Q
 _59400_/Q
 _59401_/Q
 _59402_/Q
 _59403_/Q
 _59404_/Q
 _59405_/Q
 _59406_/Q
 _59407_/Q
 _59408_/Q
 _59409_/Q
 _59410_/Q
 _59411_/Q
 _59412_/Q
 _59413_/Q
 _59414_/Q
 _59415_/Q
 _59416_/Q
 _59417_/Q
 _59418_/Q
 _59419_/Q
 _59420_/Q
 _59421_/Q
 _59422_/Q
 _59423_/Q
 _59424_/Q
 _59425_/Q
 _59426_/Q
 _59427_/Q
 _59428_/Q
 _59429_/Q
 _59430_/Q
 _59431_/Q
 _59432_/Q
 _59433_/Q
 _59434_/Q
 _59435_/Q
 _59436_/Q
 _59437_/Q
 _59438_/Q
 _59439_/Q
 _59440_/Q
 _59441_/Q
 _59442_/Q
 _59443_/Q
 _59444_/Q
 _59445_/Q
 _59446_/Q
 _59447_/Q
 _59448_/Q
 _59449_/Q
 _59450_/Q
 _59451_/Q
 _59452_/Q
 _59453_/Q
 _59454_/Q
 _59455_/Q
 _59456_/Q
 _59457_/Q
 _59458_/Q
 _59459_/Q
 _59460_/Q
 _59461_/Q
 _59462_/Q
 _59463_/Q
 _59464_/Q
 _59465_/Q
 _59466_/Q
 _59467_/Q
 _59468_/Q
 _59469_/Q
 _59470_/Q
 _59471_/Q
 _59472_/Q
 _59473_/Q
 _59474_/Q
 _59475_/Q
 _59476_/Q
 _59477_/Q
 _59478_/Q
 _59479_/Q
 _59480_/Q
 _59481_/Q
 _59482_/Q
 _59483_/Q
 _59484_/Q
 _59485_/Q
 _59486_/Q
 _59487_/Q
 _59488_/Q
 _59489_/Q
 _59490_/Q
 _59491_/Q
 _59492_/Q
 _59493_/Q
 _59494_/Q
 _59495_/Q
 _59496_/Q
 _59497_/Q
 _59498_/Q
 _59499_/Q
 _59500_/Q
 _59501_/Q
 _59502_/Q
 _59503_/Q
 _59504_/Q
 _59505_/Q
 _59506_/Q
 _59507_/Q
 _59508_/Q
 _59509_/Q
 _59510_/Q
 _59511_/Q
 _59512_/Q
 _59513_/Q
 _59514_/Q
 _59515_/Q
 _59516_/Q
 _59517_/Q
 _59518_/Q
 _59519_/Q
 _59520_/Q
 _59521_/Q
 _59522_/Q
 _59523_/Q
 _59524_/Q
 _59525_/Q
 _59526_/Q
 _59527_/Q
 _59528_/Q
 _59529_/Q
 _59530_/Q
 _59531_/Q
 _59532_/Q
 _59533_/Q
 _59534_/Q
 _59535_/Q
 _59536_/Q
 _59537_/Q
 _59538_/Q
 _59539_/Q
 _59540_/Q
 _59541_/Q
 _59542_/Q
 _59543_/Q
 _59544_/Q
 _59545_/Q
 _59546_/Q
 _59547_/Q
 _59548_/Q
 _59549_/Q
 _59550_/Q
 _59551_/Q
 _59552_/Q
 _59553_/Q
 _59554_/Q
 _59555_/Q
 _59556_/Q
 _59557_/Q
 _59558_/Q
 _59559_/Q
 _59560_/Q
 _59561_/Q
 _59562_/Q
 _59563_/Q
 _59564_/Q
 _59565_/Q
 _59566_/Q
 _59567_/Q
 _59568_/Q
 _59569_/Q
 _59570_/Q
 _59571_/Q
 _59572_/Q
 _59573_/Q
 _59574_/Q
 _59575_/Q
 _59576_/Q
 _59577_/Q
 _59578_/Q
 _59579_/Q
 _59580_/Q
 _59581_/Q
 _59582_/Q
 _59583_/Q
 _59584_/Q
 _59585_/Q
 _59586_/Q
 _59587_/Q
 _59588_/Q
 _59589_/Q
 _59590_/Q
 _59591_/Q
 _59592_/Q
 _59593_/Q
 _59594_/Q
 _59595_/Q
 _59596_/Q
 _59597_/Q
 _59598_/Q
 _59599_/Q
 _59600_/Q
 _59601_/Q
 _59602_/Q
 _59603_/Q
 _59604_/Q
 _59605_/Q
 _59606_/Q
 _59607_/Q
 _59608_/Q
 _59609_/Q
 _59610_/Q
 _59611_/Q
 _59612_/Q
 _59613_/Q
 _59614_/Q
 _59615_/Q
 _59616_/Q
 _59617_/Q
 _59618_/Q
 _59619_/Q
 _59620_/Q
 _59621_/Q
 _59622_/Q
 _59623_/Q
 _59624_/Q
 _59625_/Q
 _59626_/Q
 _59627_/Q
 _59628_/Q
 _59629_/Q
 _59630_/Q
 _59631_/Q
 _59632_/Q
 _59633_/Q
 _59634_/Q
 _59635_/Q
 _59636_/Q
 _59637_/Q
 _59638_/Q
 _59639_/Q
 _59640_/Q
 _59641_/Q
 _59642_/Q
 _59643_/Q
 _59644_/Q
 _59645_/Q
 _59646_/Q
 _59647_/Q
 _59648_/Q
 _59649_/Q
 _59650_/Q
 _59651_/Q
 _59652_/Q
 _59653_/Q
 _59654_/Q
 _59655_/Q
 _59656_/Q
 _59657_/Q
 _59658_/Q
 _59659_/Q
 _59660_/Q
 _59661_/Q
 _59662_/Q
 _59663_/Q
 _59664_/Q
 _59665_/Q
 _59666_/Q
 _59667_/Q
 _59668_/Q
 _59669_/Q
 _59670_/Q
 _59671_/Q
 _59672_/Q
 _59673_/Q
 _59674_/Q
 _59675_/Q
 _59676_/Q
 _59677_/Q
 _59678_/Q
 _59679_/Q
 _59680_/Q
 _59681_/Q
 _59682_/Q
 _59683_/Q
 _59684_/Q
 _59685_/Q
 _59686_/Q
 _59687_/Q
 _59688_/Q
 _59689_/Q
 _59690_/Q
 _59691_/Q
 _59692_/Q
 _59693_/Q
 _59694_/Q
 _59695_/Q
 _59696_/Q
 _59697_/Q
 _59698_/Q
 _59699_/Q
 _59700_/Q
 _59701_/Q
 _59702_/Q
 _59703_/Q
 _59704_/Q
 _59705_/Q
 _59706_/Q
 _59707_/Q
 _59708_/Q
 _59709_/Q
 _59710_/Q
 _59711_/Q
 _59712_/Q
 _59713_/Q
 _59714_/Q
 _59715_/Q
 _59716_/Q
 _59717_/Q
 _59718_/Q
 _59719_/Q
 _59720_/Q
 _59721_/Q
 _59722_/Q
 _59723_/Q
 _59724_/Q
 _59725_/Q
 _59726_/Q
 _59727_/Q
 _59728_/Q
 _59729_/Q
 _59730_/Q
 _59731_/Q
 _59732_/Q
 _59733_/Q
 _59734_/Q
 _59735_/Q
 _59736_/Q
 _59737_/Q
 _59738_/Q
 _59739_/Q
 _59740_/Q
 _59741_/Q
 _59742_/Q
 _59743_/Q
 _59744_/Q
 _59745_/Q
 _59746_/Q
 _59747_/Q
 _59748_/Q
 _59749_/Q
 _59750_/Q
 _59751_/Q
 _59752_/Q
 _59753_/Q
 _59754_/Q
 _59755_/Q
 _59756_/Q
 _59757_/Q
 _59758_/Q
 _59759_/Q
 _59760_/Q
 _59761_/Q
 _59762_/Q
 _59763_/Q
 _59764_/Q
 _59765_/Q
 _59766_/Q
 _59767_/Q
 _59768_/Q
 _59769_/Q
 _59770_/Q
 _59771_/Q
 _59772_/Q
 _59773_/Q
 _59774_/Q
 _59775_/Q
 _59776_/Q
 _59777_/Q
 _59778_/Q
 _59779_/Q
 _59780_/Q
 _59781_/Q
 _59782_/Q
 _59783_/Q
 _59784_/Q
 _59785_/Q
 _59786_/Q
 _59787_/Q
 _59788_/Q
 _59789_/Q
 _59790_/Q
 _59791_/Q
 _59792_/Q
 _59793_/Q
 _59794_/Q
 _59795_/Q
 _59796_/Q
 _59797_/Q
 _59798_/Q
 _59799_/Q
 _59800_/Q
 _59801_/Q
 _59802_/Q
 _59803_/Q
 _59804_/Q
 _59805_/Q
 _59806_/Q
 _59807_/Q
 _59808_/Q
 _59809_/Q
 _59810_/Q
 _59811_/Q
 _59812_/Q
 _59813_/Q
 _59814_/Q
 _59815_/Q
 _59816_/Q
 _59817_/Q
 _59818_/Q
 _59819_/Q
 _59820_/Q
 _59821_/Q
 _59822_/Q
 _59823_/Q
 _59824_/Q
 _59825_/Q
 _59826_/Q
 _59827_/Q
 _59828_/Q
 _59829_/Q
 _59830_/Q
 _59831_/Q
 _59832_/Q
 _59833_/Q
 _59834_/Q
 _59835_/Q
 _59836_/Q
 _59837_/Q
 _59838_/Q
 _59839_/Q
 _59840_/Q
 _59841_/Q
 _59842_/Q
 _59843_/Q
 _59844_/Q
 _59845_/Q
 _59846_/Q
 _59847_/Q
 _59848_/Q
 _59849_/Q
 _59850_/Q
 _59851_/Q
 _59852_/Q
 _59853_/Q
 _59854_/Q
 _59855_/Q
 _59856_/Q
 _59857_/Q
 _59858_/Q
 _59859_/Q
 _59860_/Q
 _59861_/Q
 _59862_/Q
 _59863_/Q
 _59864_/Q
 _59865_/Q
 _59866_/Q
 _59867_/Q
 _59868_/Q
 _59869_/Q
 _59870_/Q
 _59871_/Q
 _59872_/Q
 _59873_/Q
 _59874_/Q
 _59875_/Q
 _59876_/Q
 _59877_/Q
 _59878_/Q
 _59879_/Q
 _59880_/Q
 _59881_/Q
 _59882_/Q
 _59883_/Q
 _59884_/Q
 _59885_/Q
 _59886_/Q
 _59887_/Q
 _59888_/Q
 _59889_/Q
 _59890_/Q
 _59891_/Q
 _59892_/Q
 _59893_/Q
 _59894_/Q
 _59895_/Q
 _59896_/Q
 _59897_/Q
 _59898_/Q
 _59899_/Q
 _59900_/Q
 _59901_/Q
 _59902_/Q
 _59903_/Q
 _59904_/Q
 _59905_/Q
 _59906_/Q
 _59907_/Q
 _59908_/Q
 _59909_/Q
 _59910_/Q
 _59911_/Q
 _59912_/Q
 _59913_/Q
 _59914_/Q
 _59915_/Q
 _59916_/Q
 _59917_/Q
 _59918_/Q
 _59919_/Q
 _59920_/Q
 _59921_/Q
 _59922_/Q
 _59923_/Q
 _59924_/Q
 _59925_/Q
 _59926_/Q
 _59927_/Q
 _59928_/Q
 _59929_/Q
 _59930_/Q
 _59931_/Q
 _59932_/Q
 _59933_/Q
 _59934_/Q
 _59935_/Q
 _59936_/Q
 _59937_/Q
 _59938_/Q
 _59939_/Q
 _59940_/Q
 _59941_/Q
 _59942_/Q
 _59943_/Q
 _59944_/Q
 _59945_/Q
 _59946_/Q
 _59947_/Q
 _59948_/Q
 _59949_/Q
 _59950_/Q
 _59951_/Q
 _59952_/Q
 _59953_/Q
 _59954_/Q
 _59955_/Q
 _59956_/Q
 _59957_/Q
 _59958_/Q
 _59959_/Q
 _59960_/Q
 _59961_/Q
 _59962_/Q
 _59963_/Q
 _59964_/Q
 _59965_/Q
 _59966_/Q
 _59967_/Q
 _59968_/Q
 _59969_/Q
 _59970_/Q
 _59971_/Q
 _59972_/Q
 _59973_/Q
 _59974_/Q
 _59975_/Q
 _59976_/Q
 _59977_/Q
 _59978_/Q
 _59979_/Q
 _59980_/Q
 _59981_/Q
 _59982_/Q
 _59983_/Q
 _59984_/Q
 _59985_/Q
 _59986_/Q
 _59987_/Q
 _59988_/Q
 _59989_/Q
 _59990_/Q
 _59991_/Q
 _59992_/Q
 _59993_/Q
 _59994_/Q
 _59995_/Q
 _59996_/Q
 _59997_/Q
 _59998_/Q
 _59999_/Q
 _60000_/Q
 _60001_/Q
 _60002_/Q
 _60003_/Q
 _60004_/Q
 _60005_/Q
 _60006_/Q
 _60007_/Q
 _60008_/Q
 _60009_/Q
 _60010_/Q
 _60011_/Q
 _60012_/Q
 _60013_/Q
 _60014_/Q
 _60015_/Q
 _60016_/Q
 _60017_/Q
 _60018_/Q
 _60019_/Q
 _60020_/Q
 _60021_/Q
 _60022_/Q
 _60023_/Q
 _60024_/Q
 _60025_/Q
 _60026_/Q
 _60027_/Q
 _60028_/Q
 _60029_/Q
 _60030_/Q
 _60031_/Q
 _60032_/Q
 _60033_/Q
 _60034_/Q
 _60035_/Q
 _60036_/Q
 _60037_/Q
 _60038_/Q
 _60039_/Q
 _60040_/Q
 _60041_/Q
 _60042_/Q
 _60043_/Q
 _60044_/Q
 _60045_/Q
 _60046_/Q
 _60047_/Q
 _60048_/Q
 _60049_/Q
 _60050_/Q
 _60051_/Q
 _60052_/Q
 _60053_/Q
 _60054_/Q
 _60055_/Q
 _60056_/Q
 _60057_/Q
 _60058_/Q
 _60059_/Q
 _60060_/Q
 _60061_/Q
 _60062_/Q
 _60063_/Q
 _60064_/Q
 _60065_/Q
 _60066_/Q
 _60067_/Q
 _60068_/Q
 _60069_/Q
 _60070_/Q
 _60071_/Q
 _60072_/Q
 _60073_/Q
 _60074_/Q
 _60075_/Q
 _60076_/Q
 _60077_/Q
 _60078_/Q
 _60079_/Q
 _60080_/Q
 _60081_/Q
 _60082_/Q
 _60083_/Q
 _60084_/Q
 _60085_/Q
 _60086_/Q
 _60087_/Q
 _60088_/Q
 _60089_/Q
 _60090_/Q
 _60091_/Q
 _60092_/Q
 _60093_/Q
 _60094_/Q
 _60095_/Q
 _60096_/Q
 _60097_/Q
 _60098_/Q
 _60099_/Q
 _60100_/Q
 _60101_/Q
 _60102_/Q
 _60103_/Q
 _60104_/Q
 _60105_/Q
 _60106_/Q
 _60107_/Q
 _60108_/Q
 _60109_/Q
 _60110_/Q
 _60111_/Q
 _60112_/Q
 _60113_/Q
 _60114_/Q
 _60115_/Q
 _60116_/Q
 _60117_/Q
 _60118_/Q
 _60119_/Q
 _60120_/Q
 _60121_/Q
 _60122_/Q
 _60123_/Q
 _60124_/Q
 _60125_/Q
 _60126_/Q
 _60127_/Q
 _60128_/Q
 _60129_/Q
 _60130_/Q
 _60131_/Q
 _60132_/Q
 _60133_/Q
 _60134_/Q
 _60135_/Q
 _60136_/Q
 _60137_/Q
 _60138_/Q
 _60139_/Q
 _60140_/Q
 _60141_/Q
 _60142_/Q
 _60143_/Q
 _60144_/Q
 _60145_/Q
 _60146_/Q
 _60147_/Q
 _60148_/Q
 _60149_/Q
 _60150_/Q
 _60151_/Q
 _60152_/Q
 _60153_/Q
 _60154_/Q
 _60155_/Q
 _60156_/Q
 _60157_/Q
 _60158_/Q
 _60159_/Q
 _60160_/Q
 _60161_/Q
 _60162_/Q
 _60163_/Q
 _60164_/Q
 _60165_/Q
 _60166_/Q
 _60167_/Q
 _60168_/Q
 _60169_/Q
 _60170_/Q
 _60171_/Q
 _60172_/Q
 _60173_/Q
 _60174_/Q
 _60175_/Q
 _60176_/Q
 _60177_/Q
 _60178_/Q
 _60179_/Q
 _60180_/Q
 _60181_/Q
 _60182_/Q
 _60183_/Q
 _60184_/Q
 _60185_/Q
 _60186_/Q
 _60187_/Q
 _60188_/Q
 _60189_/Q
 _60190_/Q
 _60191_/Q
 _60192_/Q
 _60193_/Q
 _60194_/Q
 _60195_/Q
 _60196_/Q
 _60197_/Q
 _60198_/Q
 _60199_/Q
 _60200_/Q
 _60201_/Q
 _60202_/Q
 _60203_/Q
 _60204_/Q
 _60205_/Q
 _60206_/Q
 _60207_/Q
 _60208_/Q
 _60209_/Q
 _60210_/Q
 _60211_/Q
 _60212_/Q
 _60213_/Q
 _60214_/Q
 _60215_/Q
 _60216_/Q
 _60217_/Q
 _60218_/Q
 _60219_/Q
 _60220_/Q
 _60221_/Q
 _60222_/Q
 _60223_/Q
 _60224_/Q
 _60225_/Q
 _60226_/Q
 _60227_/Q
 _60228_/Q
 _60229_/Q
 _60230_/Q
 _60231_/Q
 _60232_/Q
 _60233_/Q
 _60234_/Q
 _60235_/Q
 _60236_/Q
 _60237_/Q
 _60238_/Q
 _60239_/Q
 _60240_/Q
 _60241_/Q
 _60242_/Q
 _60243_/Q
 _60244_/Q
 _60245_/Q
 _60246_/Q
 _60247_/Q
 _60248_/Q
 _60249_/Q
 _60250_/Q
 _60251_/Q
 _60252_/Q
 _60253_/Q
 _60254_/Q
 _60255_/Q
 _60256_/Q
 _60257_/Q
 _60258_/Q
 _60259_/Q
 _60260_/Q
 _60261_/Q
 _60262_/Q
 _60263_/Q
 _60264_/Q
 _60265_/Q
 _60266_/Q
 _60267_/Q
 _60268_/Q
 _60269_/Q
 _60270_/Q
 _60271_/Q
 _60272_/Q
 _60273_/Q
 _60274_/Q
 _60275_/Q
 _60276_/Q
 _60277_/Q
 _60278_/Q
 _60279_/Q
 _60280_/Q
 _60281_/Q
 _60282_/Q
 _60283_/Q
 _60284_/Q
 _60285_/Q
 _60286_/Q
 _60287_/Q
 _60288_/Q
 _60289_/Q
 _60290_/Q
 _60291_/Q
 _60292_/Q
 _60293_/Q
 _60294_/Q
 _60295_/Q
 _60296_/Q
 _60297_/Q
 _60298_/Q
 _60299_/Q
 _60300_/Q
 _60301_/Q
 _60302_/Q
 _60303_/Q
 _60304_/Q
 _60305_/Q
 _60306_/Q
 _60307_/Q
 _60308_/Q
 _60309_/Q
 _60310_/Q
 _60311_/Q
 _60312_/Q
 _60313_/Q
 _60314_/Q
 _60315_/Q
 _60316_/Q
 _60317_/Q
 _60318_/Q
 _60319_/Q
 _60320_/Q
 _60321_/Q
 _60322_/Q
 _60323_/Q
 _60324_/Q
 _60325_/Q
 _60326_/Q
 _60327_/Q
 _60328_/Q
 _60329_/Q
 _60330_/Q
 _60331_/Q
 _60332_/Q
 _60333_/Q
 _60334_/Q
 _60335_/Q
 _60336_/Q
 _60337_/Q
 _60338_/Q
 _60339_/Q
 _60340_/Q
 _60341_/Q
 _60342_/Q
 _60343_/Q
 _60344_/Q
 _60345_/Q
 _60346_/Q
 _60347_/Q
 _60348_/Q
 _60349_/Q
 _60350_/Q
 _60351_/Q
 _60352_/Q
 _60353_/Q
 _60354_/Q
 _60355_/Q
 _60356_/Q
 _60357_/Q
 _60358_/Q
 _60359_/Q
 _60360_/Q
 _60361_/Q
 _60362_/Q
 _60363_/Q
 _60364_/Q
 _60365_/Q
 _60366_/Q
 _60367_/Q
 _60368_/Q
 _60369_/Q
 _60370_/Q
 _60371_/Q
 _60372_/Q
 _60373_/Q
 _60374_/Q
 _60375_/Q
 _60376_/Q
 _60377_/Q
 _60378_/Q
 _60379_/Q
 _60380_/Q
 _60381_/Q
 _60382_/Q
 _60383_/Q
 _60384_/Q
 _60385_/Q
 _60386_/Q
 _60387_/Q
 _60388_/Q
 _60389_/Q
 _60390_/Q
 _60391_/Q
 _60392_/Q
 _60393_/Q
 _60394_/Q
 _60395_/Q
 _60396_/Q
 _60397_/Q
 _60398_/Q
 _60399_/Q
 _60400_/Q
 _60401_/Q
 _60402_/Q
 _60403_/Q
 _60404_/Q
 _60405_/Q
 _60406_/Q
 _60407_/Q
 _60408_/Q
 _60409_/Q
 _60410_/Q
 _60411_/Q
 _60412_/Q
 _60413_/Q
 _60414_/Q
 _60415_/Q
 _60416_/Q
 _60417_/Q
 _60418_/Q
 _60419_/Q
 _60420_/Q
 _60421_/Q
 _60422_/Q
 _60423_/Q
 _60424_/Q
 _60425_/Q
 _60426_/Q
 _60427_/Q
 _60428_/Q
 _60429_/Q
 _60430_/Q
 _60431_/Q
 _60432_/Q
 _60433_/Q
 _60434_/Q
 _60435_/Q
 _60436_/Q
 _60437_/Q
 _60438_/Q
 _60439_/Q
 _60440_/Q
 _60441_/Q
 _60442_/Q
 _60443_/Q
 _60444_/Q
 _60445_/Q
 _60446_/Q
 _60447_/Q
 _60448_/Q
 _60449_/Q
 _60450_/Q
 _60451_/Q
 _60452_/Q
 _60453_/Q
 _60454_/Q
 _60455_/Q
 _60456_/Q
 _60457_/Q
 _60458_/Q
 _60459_/Q
 _60460_/Q
 _60461_/Q
 _60462_/Q
 _60463_/Q
 _60464_/Q
 _60465_/Q
 _60466_/Q
 _60467_/Q
 _60468_/Q
 _60469_/Q
 _60470_/Q
 _60471_/Q
 _60472_/Q
 _60473_/Q
 _60474_/Q
 _60475_/Q
 _60476_/Q
 _60477_/Q
 _60478_/Q
 _60479_/Q
 _60480_/Q
 _60481_/Q
 _60482_/Q
 _60483_/Q
 _60484_/Q
 _60485_/Q
 _60486_/Q
 _60487_/Q
 _60488_/Q
 _60489_/Q
 _60490_/Q
 _60491_/Q
 _60492_/Q
 _60493_/Q
 _60494_/Q
 _60495_/Q
 _60496_/Q
 _60497_/Q
 _60498_/Q
 _60499_/Q
 _60500_/Q
 _60501_/Q
 _60502_/Q
 _60503_/Q
 _60504_/Q
 _60505_/Q
 _60506_/Q
 _60507_/Q
 _60508_/Q
 _60509_/Q
 _60510_/Q
 _60511_/Q
 _60512_/Q
 _60513_/Q
 _60514_/Q
 _60515_/Q
 _60516_/Q
 _60517_/Q
 _60518_/Q
 _60519_/Q
 _60520_/Q
 _60521_/Q
 _60522_/Q
 _60523_/Q
 _60524_/Q
 _60525_/Q
 _60526_/Q
 _60527_/Q
 _60528_/Q
 _60529_/Q
 _60530_/Q
 _60531_/Q
 _60532_/Q
 _60533_/Q
 _60534_/Q
 _60535_/Q
 _60536_/Q
 _60537_/Q
 _60538_/Q
 _60539_/Q
 _60540_/Q
 _60541_/Q
 _60542_/Q
 _60543_/Q
 _60544_/Q
 _60545_/Q
 _60546_/Q
 _60547_/Q
 _60548_/Q
 _60549_/Q
 _60550_/Q
 _60551_/Q
 _60552_/Q
 _60553_/Q
 _60554_/Q
 _60555_/Q
 _60556_/Q
 _60557_/Q
 _60558_/Q
 _60559_/Q
 _60560_/Q
 _60561_/Q
 _60562_/Q
 _60563_/Q
 _60564_/Q
 _60565_/Q
 _60566_/Q
 _60567_/Q
 _60568_/Q
 _60569_/Q
 _60570_/Q
 _60571_/Q
 _60572_/Q
 _60573_/Q
 _60574_/Q
 _60575_/Q
 _60576_/Q
 _60577_/Q
 _60578_/Q
 _60579_/Q
 _60580_/Q
 _60581_/Q
 _60582_/Q
 _60583_/Q
 _60584_/Q
 _60585_/Q
 _60586_/Q
 _60587_/Q
 _60588_/Q
 _60589_/Q
 _60590_/Q
 _60591_/Q
 _60592_/Q
 _60593_/Q
 _60594_/Q
 _60595_/Q
 _60596_/Q
 _60597_/Q
 _60598_/Q
 _60599_/Q
 _60600_/Q
 _60601_/Q
 _60602_/Q
 _60603_/Q
 _60604_/Q
 _60605_/Q
 _60606_/Q
 _60607_/Q
 _60608_/Q
 _60609_/Q
 _60610_/Q
 _60611_/Q
 _60612_/Q
 _60613_/Q
 _60614_/Q
 _60615_/Q
 _60616_/Q
 _60617_/Q
 _60618_/Q
 _60619_/Q
 _60620_/Q
 _60621_/Q
 _60622_/Q
 _60623_/Q
 _60624_/Q
 _60625_/Q
 _60626_/Q
 _60627_/Q
 _60628_/Q
 _60629_/Q
 _60630_/Q
 _60631_/Q
 _60632_/Q
 _60633_/Q
 _60634_/Q
 _60635_/Q
 _60636_/Q
 _60637_/Q
 _60638_/Q
 _60639_/Q
 _60640_/Q
 _60641_/Q
 _60642_/Q
 _60643_/Q
 _60644_/Q
 _60645_/Q
 _60646_/Q
 _60647_/Q
 _60648_/Q
 _60649_/Q
 _60650_/Q
 _60651_/Q
 _60652_/Q
 _60653_/Q
 _60654_/Q
 _60655_/Q
 _60656_/Q
 _60657_/Q
 _60658_/Q
 _60659_/Q
 _60660_/Q
 _60661_/Q
 _60662_/Q
 _60663_/Q
 _60664_/Q
 _60665_/Q
 _60666_/Q
 _60667_/Q
 _60668_/Q
 _60669_/Q
 _60670_/Q
 _60671_/Q
 _60672_/Q
 _60673_/Q
 _60674_/Q
 _60675_/Q
 _60676_/Q
 _60677_/Q
 _60678_/Q
 _60679_/Q
 _60680_/Q
 _60681_/Q
 _60682_/Q
 _60683_/Q
 _60684_/Q
 _60685_/Q
 _60686_/Q
 _60687_/Q
 _60688_/Q
 _60689_/Q
 _60690_/Q
 _60691_/Q
 _60692_/Q
 _60693_/Q
 _60694_/Q
 _60695_/Q
 _60696_/Q
 _60697_/Q
 _60698_/Q
 _60699_/Q
 _60700_/Q
 _60701_/Q
 _60702_/Q
 _60703_/Q
 _60704_/Q
 _60705_/Q
 _60706_/Q
 _60707_/Q
 _60708_/Q
 _60709_/Q
 _60710_/Q
 _60711_/Q
 _60712_/Q
 _60713_/Q
 _60714_/Q
 _60715_/Q
 _60716_/Q
 _60717_/Q
 _60718_/Q
 _60719_/Q
 _60720_/Q
 _60721_/Q
 _60722_/Q
 _60723_/Q
 _60724_/Q
 _60725_/Q
 _60726_/Q
 _60727_/Q
 _60728_/Q
 _60729_/Q
 _60730_/Q
 _60731_/Q
 _60732_/Q
 _60733_/Q
 _60734_/Q
 _60735_/Q
 _60736_/Q
 _60737_/Q
 _60738_/Q
 _60739_/Q
 _60740_/Q
 _60741_/Q
 _60742_/Q
 _60743_/Q
 _60744_/Q
 _60745_/Q
 _60746_/Q
 _60747_/Q
 _60748_/Q
 _60749_/Q
 _60750_/Q
 _60751_/Q
 _60752_/Q
 _60753_/Q
 _60754_/Q
 _60755_/Q
 _60756_/Q
 _60757_/Q
 _60758_/Q
 _60759_/Q
 _60760_/Q
 _60761_/Q
 _60762_/Q
 _60763_/Q
 _60764_/Q
 _60765_/Q
 _60766_/Q
 _60767_/Q
 _60768_/Q
 _60769_/Q
 _60770_/Q
 _60771_/Q
 _60772_/Q
 _60773_/Q
 _60774_/Q
 _60775_/Q
 _60776_/Q
 _60777_/Q
 _60778_/Q
 _60779_/Q
 _60780_/Q
 _60781_/Q
 _60782_/Q
 _60783_/Q
 _60784_/Q
 _60785_/Q
 _60786_/Q
 _60787_/Q
 _60788_/Q
 _60789_/Q
 _60790_/Q
 _60791_/Q
 _60792_/Q
 _60793_/Q
 _60794_/Q
 _60795_/Q
 _60796_/Q
 _60797_/Q
 _60798_/Q
 _60799_/Q
 _60800_/Q
 _60801_/Q
 _60802_/Q
 _60803_/Q
 _60804_/Q
 _60805_/Q
 _60806_/Q
 _60807_/Q
 _60808_/Q
 _60809_/Q
 _60810_/Q
 _60811_/Q
 _60812_/Q
 _60813_/Q
 _60814_/Q
 _60815_/Q
 _60816_/Q
 _60817_/Q
 _60818_/Q
 _60819_/Q
 _60820_/Q
 _60821_/Q
 _60822_/Q
 _60823_/Q
 _60824_/Q
 _60825_/Q
 _60826_/Q
 _60827_/Q
 _60828_/Q
 _60829_/Q
 _60830_/Q
 _60831_/Q
 _60832_/Q
 _60833_/Q
 _60834_/Q
 _60835_/Q
 _60836_/Q
 _60837_/Q
 _60838_/Q
 _60839_/Q
 _60840_/Q
 _60841_/Q
 _60842_/Q
 _60843_/Q
 _60844_/Q
 _60845_/Q
 _60846_/Q
 _60847_/Q
 _60848_/Q
 _60849_/Q
 _60850_/Q
 _60851_/Q
 _60852_/Q
 _60853_/Q
 _60854_/Q
 _60855_/Q
 _60856_/Q
 _60857_/Q
 _60858_/Q
 _60859_/Q
 _60860_/Q
 _60861_/Q
 _60862_/Q
 _60863_/Q
 _60864_/Q
 _60865_/Q
 _60866_/Q
 _60867_/Q
 _60868_/Q
 _60869_/Q
 _60870_/Q
 _60871_/Q
 _60872_/Q
 _60873_/Q
 _60874_/Q
 _60875_/Q
 _60876_/Q
 _60877_/Q
 _60878_/Q
 _60879_/Q
 _60880_/Q
 _60881_/Q
 _60882_/Q
 _60883_/Q
 _60884_/Q
 _60885_/Q
 _60886_/Q
 _60887_/Q
 _60888_/Q
 _60889_/Q
 _60890_/Q
 _60891_/Q
 _60892_/Q
 _60893_/Q
 _60894_/Q
 _60895_/Q
 _60896_/Q
 _60897_/Q
 _60898_/Q
 _60899_/Q
 _60900_/Q
 _60901_/Q
 _60902_/Q
 _60903_/Q
 _60904_/Q
 _60905_/Q
 _60906_/Q
 _60907_/Q
 _60908_/Q
 _60909_/Q
 _60910_/Q
 _60911_/Q
 _60912_/Q
 _60913_/Q
 _60914_/Q
 _60915_/Q
 _60916_/Q
 _60917_/Q
 _60918_/Q
 _60919_/Q
 _60920_/Q
 _60921_/Q
 _60922_/Q
 _60923_/Q
 _60924_/Q
 _60925_/Q
 _60926_/Q
 _60927_/Q
 _60928_/Q
 _60929_/Q
 _60930_/Q
 _60931_/Q
 _60932_/Q
 _60933_/Q
 _60934_/Q
 _60935_/Q
 _60936_/Q
 _60937_/Q
 _60938_/Q
 _60939_/Q
 _60940_/Q
 _60941_/Q
 _60942_/Q
 _60943_/Q
 _60944_/Q
 _60945_/Q
 _60946_/Q
 _60947_/Q
 _60948_/Q
 _60949_/Q
 _60950_/Q
 _60951_/Q
 _60952_/Q
 _60953_/Q
 _60954_/Q
 _60955_/Q
 _60956_/Q
 _60957_/Q
 _60958_/Q
 _60959_/Q
 _60960_/Q
 _60961_/Q
 _60962_/Q
 _60963_/Q
 _60964_/Q
 _60965_/Q
 _60966_/Q
 _60967_/Q
 _60968_/Q
 _60969_/Q
 _60970_/Q
 _60971_/Q
 _60972_/Q
 _60973_/Q
 _60974_/Q
 _60975_/Q
 _60976_/Q
 _60977_/Q
 _60978_/Q
 _60979_/Q
 _60980_/Q
 _60981_/Q
 _60982_/Q
 _60983_/Q
 _60984_/Q
 _60985_/Q
 _60986_/Q
 _60987_/Q
 _60988_/Q
 _60989_/Q
 _60990_/Q
 _60991_/Q
 _60992_/Q
 _60993_/Q
 _60994_/Q
 _60995_/Q
 _60996_/Q
 _60997_/Q
 _60998_/Q
 _60999_/Q
 _61000_/Q
 _61001_/Q
 _61002_/Q
 _61003_/Q
 _61004_/Q
 _61005_/Q
 _61006_/Q
 _61007_/Q
 _61008_/Q
 _61009_/Q
 _61010_/Q
 _61011_/Q
 _61012_/Q
 _61013_/Q
 _61014_/Q
 _61015_/Q
 _61016_/Q
 _61017_/Q
 _61018_/Q
 _61019_/Q
 _61020_/Q
 _61021_/Q
 _61022_/Q
 _61023_/Q
 _61024_/Q
 _61025_/Q
 _61026_/Q
 _61027_/Q
 _61028_/Q
 _61029_/Q
 _61030_/Q
 _61031_/Q
 _61032_/Q
 _61033_/Q
 _61034_/Q
 _61035_/Q
 _61036_/Q
 _61037_/Q
 _61038_/Q
 _61039_/Q
 _61040_/Q
 _61041_/Q
 _61042_/Q
 _61043_/Q
 _61044_/Q
 _61045_/Q
 _61046_/Q
 _61047_/Q
 _61048_/Q
 _61049_/Q
 _61050_/Q
 _61051_/Q
 _61052_/Q
 _61053_/Q
 _61054_/Q
 _61055_/Q
 _61056_/Q
 _61057_/Q
 _61058_/Q
 _61059_/Q
 _61060_/Q
 _61061_/Q
 _61062_/Q
 _61063_/Q
 _61064_/Q
 _61065_/Q
 _61066_/Q
 _61067_/Q
 _61068_/Q
 _61069_/Q
 _61070_/Q
 _61071_/Q
 _61072_/Q
 _61073_/Q
 _61074_/Q
 _61075_/Q
 _61076_/Q
 _61077_/Q
 _61078_/Q
 _61079_/Q
 _61080_/Q
 _61081_/Q
 _61082_/Q
 _61083_/Q
 _61084_/Q
 _61085_/Q
 _61086_/Q
 _61087_/Q
 _61088_/Q
 _61089_/Q
 _61090_/Q
 _61091_/Q
 _61092_/Q
 _61093_/Q
 _61094_/Q
 _61095_/Q
 _61096_/Q
 _61097_/Q
 _61098_/Q
 _61099_/Q
 _61100_/Q
 _61101_/Q
 _61102_/Q
 _61103_/Q
 _61104_/Q
 _61105_/Q
 _61106_/Q
 _61107_/Q
 _61108_/Q
 _61109_/Q
 _61110_/Q
 _61111_/Q
 _61112_/Q
 _61113_/Q
 _61114_/Q
 _61115_/Q
 _61116_/Q
 _61117_/Q
 _61118_/Q
 _61119_/Q
 _61120_/Q
 _61121_/Q
 _61122_/Q
 _61123_/Q
 _61124_/Q
 _61125_/Q
 _61126_/Q
 _61127_/Q
 _61128_/Q
 _61129_/Q
 _61130_/Q
 _61131_/Q
 _61132_/Q
 _61133_/Q
 _61134_/Q
 _61135_/Q
 _61136_/Q
 _61137_/Q
 _61138_/Q
 _61139_/Q
 _61140_/Q
 _61141_/Q
 _61142_/Q
 _61143_/Q
 _61144_/Q
 _61145_/Q
 _61146_/Q
 _61147_/Q
 _61148_/Z
 _61149_/Z
 _61150_/Z
 _61151_/Z
 _61152_/Z
 _61153_/Z
 _61154_/Z
 _61155_/Z
 _61156_/Z
 _61157_/Z
 _61158_/Z
 _61159_/Z
 _61160_/Z
 _61161_/Z
 _61162_/Z
 _61163_/Z
 _61164_/Z
 _61165_/Z
 _61166_/Z
 _61167_/Z
 _61168_/Z
 _61169_/Z
 _61170_/Z
 _61171_/Z
 _61172_/Z
 _61173_/Z
 _61174_/Z
 _61175_/Z
 _61176_/Z
 _61177_/ZN
 _61178_/ZN
 _61179_/ZN
 _61180_/ZN
 _61181_/ZN
 _61182_/ZN
 _61183_/ZN
 _61184_/ZN
 _61185_/ZN
 _61186_/ZN
 _61187_/ZN
 _61188_/ZN
 _61189_/ZN
 _61190_/ZN
 _61191_/ZN
 _61192_/ZN
 _61193_/ZN
 _61194_/ZN
 _61195_/ZN
 _61196_/ZN
 _61197_/ZN
 _61198_/ZN
 _61199_/ZN
 _61200_/ZN
 _61201_/ZN
 _61202_/ZN
 _61203_/ZN
 _61204_/ZN
 _61205_/ZN
 _61206_/ZN
 _61207_/ZN
 _61208_/ZN
 _61209_/ZN
 _61210_/ZN
 _61211_/ZN
 _61212_/ZN
 _61213_/ZN
 _61214_/ZN
 _61215_/ZN
 _61216_/ZN
 _61217_/ZN
 _61218_/ZN
 _61219_/ZN
 _61220_/ZN
 _61221_/ZN
 _61222_/ZN
 _61223_/ZN
 _61224_/ZN
 _61225_/ZN
 _61226_/ZN
 _61227_/ZN
 _61228_/ZN
 _61229_/ZN
 _61230_/ZN
 _61231_/ZN
 _61232_/ZN
 _61233_/ZN
 _61234_/ZN
 _61235_/ZN
 _61236_/ZN
 _61237_/ZN
 _61238_/ZN
 _61239_/ZN
 _61240_/ZN
 _61241_/ZN
 _61242_/ZN
 _61243_/ZN
 _61244_/ZN
 _61245_/ZN
 _61246_/ZN
 _61247_/ZN
 _61248_/ZN
 _61249_/ZN
 _61250_/ZN
 _61251_/ZN
 _61252_/ZN
 _61253_/ZN
 _61254_/ZN
 _61255_/ZN
 _61256_/ZN
 _61257_/ZN
 _61258_/ZN
 _61259_/ZN
 _61260_/ZN
 _61261_/ZN
 _61262_/ZN
 _61263_/ZN
 _61264_/ZN
 _61265_/ZN
 _61266_/ZN
 _61267_/ZN
 _61268_/ZN
 _61269_/ZN
 _61270_/ZN
 _61271_/ZN
 _61272_/ZN
 _61273_/ZN
 _61274_/ZN
 _61275_/ZN
 _61276_/ZN
 _61277_/ZN
 _61278_/Z
 _61279_/Z
 _61280_/Z
 _61281_/Z
 _61282_/Z
 _61283_/Z
 _61284_/Z
 _61285_/Z
 _61286_/Z
 _61287_/Z
 _61288_/Z
 _61289_/Z
 _61290_/Z
 _61291_/Z
 _61292_/Z
 i_core_v_mini_mcu.cpu_subsystem_i.hart_clock_gate_0_0.u_icg/Q
 i_core_v_mini_mcu.cpu_subsystem_i.hart_clock_gate_1_0.u_icg/Q
 i_core_v_mini_mcu.memory_subsystem_i.gen_sram\[0\].clk_gating_cell_i.u_icg/Q
 i_core_v_mini_mcu.peripheral_subsystem_i.clk_gating_cell.u_icg/Q
Found 0 partially unannotated drivers.

===========================================================================
max slew violation count 3426
max fanout violation count 24
max cap violation count 13
============================================================================

===========================================================================
check_setup -verbose -unconstrained_endpoints -multiple_clock -no_clock -no_input_delay -loops -generated_clocks
===========================================================================
Warning: There are 2 unconstrained endpoints.
  VDD
  VSS
