
===========================================================================
Violator List
============================================================================
[setup in-reg] rst_ni -> _55567_/RN : -186.366547
[setup in-reg] rst_ni -> _55568_/RN : -186.366547
[setup in-reg] rst_ni -> _55569_/RN : -186.366547
[setup in-reg] rst_ni -> _59048_/RN : -186.366547
[setup in-reg] rst_ni -> _59049_/RN : -186.366547
[setup in-reg] rst_ni -> _59050_/RN : -186.366547
[setup in-reg] rst_ni -> _59051_/RN : -186.366547
[setup in-reg] rst_ni -> _59052_/RN : -186.366547
[setup in-reg] rst_ni -> _59053_/RN : -186.366547
[setup in-reg] rst_ni -> _59054_/RN : -186.366547
[setup in-reg] rst_ni -> _59055_/RN : -186.366547
[setup in-reg] rst_ni -> _59056_/RN : -186.366547
[setup in-reg] rst_ni -> _59057_/RN : -186.366547
[setup in-reg] rst_ni -> _59058_/RN : -186.366547
[setup in-reg] rst_ni -> _59059_/RN : -186.366547
[setup in-reg] rst_ni -> _59060_/RN : -186.366547
[setup in-reg] rst_ni -> _59061_/RN : -186.366547
[setup in-reg] rst_ni -> _59062_/RN : -186.366547
[setup in-reg] rst_ni -> _59063_/RN : -186.366547
[setup in-reg] rst_ni -> _59064_/RN : -186.366547
[setup in-reg] rst_ni -> _59065_/RN : -186.366547
[setup in-reg] rst_ni -> _59066_/RN : -186.366547
[setup in-reg] rst_ni -> _59067_/RN : -186.366547
[setup in-reg] rst_ni -> _59068_/RN : -186.366547
[setup in-reg] rst_ni -> _59069_/RN : -186.366547
[setup in-reg] rst_ni -> _59070_/RN : -186.366547
[setup in-reg] rst_ni -> _59071_/RN : -186.366547
[setup in-reg] rst_ni -> _59072_/RN : -186.366547
[setup in-reg] rst_ni -> _59073_/RN : -186.366547
[setup in-reg] rst_ni -> _59074_/RN : -186.366547
[setup in-reg] rst_ni -> _59075_/RN : -186.366547
[setup in-reg] rst_ni -> _59076_/RN : -186.366547
[setup in-reg] rst_ni -> _59077_/RN : -186.366547
[setup in-reg] rst_ni -> _59078_/RN : -186.366547
[setup in-reg] rst_ni -> _59079_/RN : -186.366547
[setup in-reg] rst_ni -> _59080_/RN : -186.366547
[setup in-reg] rst_ni -> _59081_/RN : -186.366547
[setup in-reg] rst_ni -> _59082_/RN : -186.366547
[setup in-reg] rst_ni -> _59083_/RN : -186.366547
[setup in-reg] rst_ni -> _59084_/RN : -186.366547
[setup in-reg] rst_ni -> _59085_/RN : -186.366547
[setup in-reg] rst_ni -> _59086_/RN : -186.366547
[setup in-reg] rst_ni -> _59087_/RN : -186.366547
[setup in-reg] rst_ni -> _59088_/RN : -186.366547
[setup in-reg] rst_ni -> _59089_/RN : -186.366547
[setup in-reg] rst_ni -> _59090_/RN : -186.366547
[setup in-reg] rst_ni -> _59091_/RN : -186.366547
[setup in-reg] rst_ni -> _59092_/RN : -186.366547
[setup in-reg] rst_ni -> _59093_/RN : -186.366547
[setup in-reg] rst_ni -> _59094_/RN : -186.366547
[setup in-reg] rst_ni -> _59095_/RN : -186.366547
[setup in-reg] rst_ni -> _59096_/RN : -186.366547
[setup in-reg] rst_ni -> _59097_/RN : -186.366547
[setup in-reg] rst_ni -> _59098_/RN : -186.366547
[setup in-reg] rst_ni -> _59099_/RN : -186.366547
[setup in-reg] rst_ni -> _59100_/RN : -186.366547
[setup in-reg] rst_ni -> _59101_/RN : -186.366547
[setup in-reg] rst_ni -> _59102_/RN : -186.366547
[setup in-reg] rst_ni -> _59103_/RN : -186.366547
[setup in-reg] rst_ni -> _59104_/RN : -186.366547
[setup in-reg] rst_ni -> _59105_/RN : -186.366547
[setup in-reg] rst_ni -> _59106_/RN : -186.366547
[setup in-reg] rst_ni -> _59107_/RN : -186.366547
[setup in-reg] rst_ni -> _59108_/RN : -186.366547
[setup in-reg] rst_ni -> _59109_/RN : -186.366547
[setup in-reg] rst_ni -> _59110_/RN : -186.366547
[setup in-reg] rst_ni -> _59111_/RN : -186.366547
[setup in-reg] rst_ni -> _59112_/RN : -186.366547
[setup in-reg] rst_ni -> _59113_/RN : -186.366547
[setup in-reg] rst_ni -> _59114_/RN : -186.366547
[setup in-reg] rst_ni -> _59115_/RN : -186.366547
[setup in-reg] rst_ni -> _59116_/RN : -186.366547
[setup in-reg] rst_ni -> _59117_/RN : -186.366547
[setup in-reg] rst_ni -> _59118_/RN : -186.366547
[setup in-reg] rst_ni -> _59119_/RN : -186.366547
[setup in-reg] rst_ni -> _59120_/RN : -186.366547
[setup in-reg] rst_ni -> _59122_/RN : -186.366547
[setup in-reg] rst_ni -> _59124_/RN : -186.366547
[setup in-reg] rst_ni -> _59125_/RN : -186.366547
[setup in-reg] rst_ni -> _59126_/RN : -186.366547
[setup in-reg] rst_ni -> _59127_/RN : -186.366547
[setup in-reg] rst_ni -> _59128_/RN : -186.366547
[setup in-reg] rst_ni -> _59129_/RN : -186.366547
[setup in-reg] rst_ni -> _59130_/RN : -186.366547
[setup in-reg] rst_ni -> _59131_/RN : -186.366547
[setup in-reg] rst_ni -> _59132_/RN : -186.366547
[setup in-reg] rst_ni -> _59133_/RN : -186.366547
[setup in-reg] rst_ni -> _59134_/RN : -186.366547
[setup in-reg] rst_ni -> _59135_/RN : -186.366547
[setup in-reg] rst_ni -> _59136_/RN : -186.366547
[setup in-reg] rst_ni -> _59137_/RN : -186.366547
[setup in-reg] rst_ni -> _59138_/RN : -186.366547
[setup in-reg] rst_ni -> _59139_/RN : -186.366547
[setup in-reg] rst_ni -> _59140_/RN : -186.366547
[setup in-reg] rst_ni -> _59141_/RN : -186.366547
[setup in-reg] rst_ni -> _59142_/RN : -186.366547
[setup in-reg] rst_ni -> _59143_/RN : -186.366547
[setup in-reg] rst_ni -> _59144_/RN : -186.366547
[setup in-reg] rst_ni -> _59145_/RN : -186.366547
[setup in-reg] rst_ni -> _59146_/RN : -186.366547
[setup in-reg] rst_ni -> _59147_/RN : -186.366547
[setup in-reg] rst_ni -> _59148_/RN : -186.366547
[setup in-reg] rst_ni -> _59149_/RN : -186.366547
[setup in-reg] rst_ni -> _59150_/RN : -186.366547
[setup in-reg] rst_ni -> _59151_/RN : -186.366547
[setup in-reg] rst_ni -> _59152_/RN : -186.366547
[setup in-reg] rst_ni -> _59153_/RN : -186.366547
[setup in-reg] rst_ni -> _59154_/RN : -186.366547
[setup in-reg] rst_ni -> _59155_/RN : -186.366547
[setup in-reg] rst_ni -> _59156_/RN : -186.366547
[setup in-reg] rst_ni -> _59157_/RN : -186.366547
[setup in-reg] rst_ni -> _59158_/RN : -186.366547
[setup in-reg] rst_ni -> _59159_/RN : -186.366547
[setup in-reg] rst_ni -> _59160_/RN : -186.366547
[setup in-reg] rst_ni -> _59161_/RN : -186.366547
[setup in-reg] rst_ni -> _59162_/RN : -186.366547
[setup in-reg] rst_ni -> _59163_/RN : -186.366547
[setup in-reg] rst_ni -> _59164_/RN : -186.366547
[setup in-reg] rst_ni -> _59165_/RN : -186.366547
[setup in-reg] rst_ni -> _59166_/RN : -186.366547
[setup in-reg] rst_ni -> _59167_/RN : -186.366547
[setup in-reg] rst_ni -> _59168_/RN : -186.366547
[setup in-reg] rst_ni -> _59169_/RN : -186.366547
[setup in-reg] rst_ni -> _59170_/RN : -186.366547
[setup in-reg] rst_ni -> _59171_/RN : -186.366547
[setup in-reg] rst_ni -> _59172_/RN : -186.366547
[setup in-reg] rst_ni -> _59173_/RN : -186.366547
[setup in-reg] rst_ni -> _59174_/RN : -186.366547
[setup in-reg] rst_ni -> _59175_/RN : -186.366547
[setup in-reg] rst_ni -> _59176_/RN : -186.366547
[setup in-reg] rst_ni -> _59177_/RN : -186.366547
[setup in-reg] rst_ni -> _59178_/RN : -186.366547
[setup in-reg] rst_ni -> _59179_/RN : -186.366547
[setup in-reg] rst_ni -> _59180_/RN : -186.366547
[setup in-reg] rst_ni -> _59181_/RN : -186.366547
[setup in-reg] rst_ni -> _59182_/RN : -186.366547
[setup in-reg] rst_ni -> _59183_/RN : -186.366547
[setup in-reg] rst_ni -> _59184_/RN : -186.366547
[setup in-reg] rst_ni -> _59185_/RN : -186.366547
[setup in-reg] rst_ni -> _59186_/RN : -186.366547
[setup in-reg] rst_ni -> _59187_/RN : -186.366547
[setup in-reg] rst_ni -> _59188_/RN : -186.366547
[setup in-reg] rst_ni -> _59189_/RN : -186.366547
[setup in-reg] rst_ni -> _59190_/RN : -186.366547
[setup in-reg] rst_ni -> _59191_/RN : -186.366547
[setup in-reg] rst_ni -> _59192_/RN : -186.366547
[setup in-reg] rst_ni -> _59193_/RN : -186.366547
[setup in-reg] rst_ni -> _59194_/RN : -186.366547
[setup in-reg] rst_ni -> _59195_/RN : -186.366547
[setup in-reg] rst_ni -> _59196_/RN : -186.366547
[setup in-reg] rst_ni -> _59197_/RN : -186.366547
[setup in-reg] rst_ni -> _59198_/RN : -186.366547
[setup in-reg] rst_ni -> _59199_/RN : -186.366547
[setup in-reg] rst_ni -> _59200_/RN : -186.366547
[setup in-reg] rst_ni -> _59201_/RN : -186.366547
[setup in-reg] rst_ni -> _59202_/RN : -186.366547
[setup in-reg] rst_ni -> _59203_/RN : -186.366547
[setup in-reg] rst_ni -> _59204_/RN : -186.366547
[setup in-reg] rst_ni -> _59205_/RN : -186.366547
[setup in-reg] rst_ni -> _59206_/RN : -186.366547
[setup in-reg] rst_ni -> _59207_/RN : -186.366547
[setup in-reg] rst_ni -> _59208_/RN : -186.366547
[setup in-reg] rst_ni -> _59209_/RN : -186.366547
[setup in-reg] rst_ni -> _59210_/RN : -186.366547
[setup in-reg] rst_ni -> _59211_/RN : -186.366547
[setup in-reg] rst_ni -> _59212_/RN : -186.366547
[setup in-reg] rst_ni -> _59213_/RN : -186.366547
[setup in-reg] rst_ni -> _59214_/RN : -186.366547
[setup in-reg] rst_ni -> _59215_/RN : -186.366547
[setup in-reg] rst_ni -> _59216_/RN : -186.366547
[setup in-reg] rst_ni -> _59217_/RN : -186.366547
[setup in-reg] rst_ni -> _59218_/RN : -186.366547
[setup in-reg] rst_ni -> _59219_/RN : -186.366547
[setup in-reg] rst_ni -> _59220_/RN : -186.366547
[setup in-reg] rst_ni -> _59221_/RN : -186.366547
[setup in-reg] rst_ni -> _59222_/RN : -186.366547
[setup in-reg] rst_ni -> _59223_/RN : -186.366547
[setup in-reg] rst_ni -> _59224_/RN : -186.366547
[setup in-reg] rst_ni -> _59225_/RN : -186.366547
[setup in-reg] rst_ni -> _59226_/RN : -186.366547
[setup in-reg] rst_ni -> _59227_/RN : -186.366547
[setup in-reg] rst_ni -> _59228_/RN : -186.366547
[setup in-reg] rst_ni -> _59229_/RN : -186.366547
[setup in-reg] rst_ni -> _59230_/RN : -186.366547
[setup in-reg] rst_ni -> _59231_/RN : -186.366547
[setup in-reg] rst_ni -> _59232_/RN : -186.366547
[setup in-reg] rst_ni -> _59233_/RN : -186.366547
[setup in-reg] rst_ni -> _59234_/RN : -186.366547
[setup in-reg] rst_ni -> _59235_/RN : -186.366547
[setup in-reg] rst_ni -> _59236_/RN : -186.366547
[setup in-reg] rst_ni -> _59237_/RN : -186.366547
[setup in-reg] rst_ni -> _59238_/RN : -186.366547
[setup in-reg] rst_ni -> _59239_/RN : -186.366547
[setup in-reg] rst_ni -> _59240_/RN : -186.366547
[setup in-reg] rst_ni -> _59241_/RN : -186.366547
[setup in-reg] rst_ni -> _59242_/RN : -186.366547
[setup in-reg] rst_ni -> _59243_/RN : -186.366547
[setup in-reg] rst_ni -> _59244_/RN : -186.366547
[setup in-reg] rst_ni -> _59245_/RN : -186.366547
[setup in-reg] rst_ni -> _59246_/RN : -186.366547
[setup in-reg] rst_ni -> _59247_/RN : -186.366547
[setup in-reg] rst_ni -> _59248_/RN : -186.366547
[setup in-reg] rst_ni -> _59249_/RN : -186.366547
[setup in-reg] rst_ni -> _59250_/RN : -186.366547
[setup in-reg] rst_ni -> _59251_/RN : -186.366547
[setup in-reg] rst_ni -> _59252_/RN : -186.366547
[setup in-reg] rst_ni -> _59253_/RN : -186.366547
[setup in-reg] rst_ni -> _59254_/RN : -186.366547
[setup in-reg] rst_ni -> _59255_/RN : -186.366547
[setup in-reg] rst_ni -> _59256_/RN : -186.366547
[setup in-reg] rst_ni -> _59257_/RN : -186.366547
[setup in-reg] rst_ni -> _59258_/RN : -186.366547
[setup in-reg] rst_ni -> _59259_/RN : -186.366547
[setup in-reg] rst_ni -> _59260_/RN : -186.366547
[setup in-reg] rst_ni -> _59261_/RN : -186.366547
[setup in-reg] rst_ni -> _59262_/RN : -186.366547
[setup in-reg] rst_ni -> _59263_/RN : -186.366547
[setup in-reg] rst_ni -> _59264_/RN : -186.366547
[setup in-reg] rst_ni -> _59265_/RN : -186.366547
[setup in-reg] rst_ni -> _59266_/RN : -186.366547
[setup in-reg] rst_ni -> _59267_/RN : -186.366547
[setup in-reg] rst_ni -> _59268_/RN : -186.366547
[setup in-reg] rst_ni -> _59269_/RN : -186.366547
[setup in-reg] rst_ni -> _59270_/RN : -186.366547
[setup in-reg] rst_ni -> _59271_/RN : -186.366547
[setup in-reg] rst_ni -> _59272_/RN : -186.366547
[setup in-reg] rst_ni -> _59273_/RN : -186.366547
[setup in-reg] rst_ni -> _59274_/RN : -186.366547
[setup in-reg] rst_ni -> _59275_/RN : -186.366547
[setup in-reg] rst_ni -> _59276_/RN : -186.366547
[setup in-reg] rst_ni -> _59277_/RN : -186.366547
[setup in-reg] rst_ni -> _59278_/RN : -186.366547
[setup in-reg] rst_ni -> _59279_/RN : -186.366547
[setup in-reg] rst_ni -> _59280_/RN : -186.366547
[setup in-reg] rst_ni -> _59281_/RN : -186.366547
[setup in-reg] rst_ni -> _59282_/RN : -186.366547
[setup in-reg] rst_ni -> _59283_/RN : -186.366547
[setup in-reg] rst_ni -> _59284_/RN : -186.366547
[setup in-reg] rst_ni -> _59285_/RN : -186.366547
[setup in-reg] rst_ni -> _59286_/RN : -186.366547
[setup in-reg] rst_ni -> _59287_/RN : -186.366547
[setup in-reg] rst_ni -> _59288_/RN : -186.366547
[setup in-reg] rst_ni -> _59289_/RN : -186.366547
[setup in-reg] rst_ni -> _59290_/RN : -186.366547
[setup in-reg] rst_ni -> _59291_/RN : -186.366547
[setup in-reg] rst_ni -> _59292_/RN : -186.366547
[setup in-reg] rst_ni -> _59293_/RN : -186.366547
[setup in-reg] rst_ni -> _59294_/RN : -186.366547
[setup in-reg] rst_ni -> _59295_/RN : -186.366547
[setup in-reg] rst_ni -> _59296_/RN : -186.366547
[setup in-reg] rst_ni -> _59297_/RN : -186.366547
[setup in-reg] rst_ni -> _59298_/RN : -186.366547
[setup in-reg] rst_ni -> _59299_/RN : -186.366547
[setup in-reg] rst_ni -> _59300_/RN : -186.366547
[setup in-reg] rst_ni -> _59301_/RN : -186.366547
[setup in-reg] rst_ni -> _59302_/RN : -186.366547
[setup in-reg] rst_ni -> _59303_/RN : -186.366547
[setup in-reg] rst_ni -> _59304_/RN : -186.366547
[setup in-reg] rst_ni -> _59305_/RN : -186.366547
[setup in-reg] rst_ni -> _59306_/RN : -186.366547
[setup in-reg] rst_ni -> _59307_/RN : -186.366547
[setup in-reg] rst_ni -> _59308_/RN : -186.366547
[setup in-reg] rst_ni -> _59309_/RN : -186.366547
[setup in-reg] rst_ni -> _59310_/RN : -186.366547
[setup in-reg] rst_ni -> _59311_/RN : -186.366547
[setup in-reg] rst_ni -> _59312_/RN : -186.366547
[setup in-reg] rst_ni -> _59313_/RN : -186.366547
[setup in-reg] rst_ni -> _59314_/RN : -186.366547
[setup in-reg] rst_ni -> _59315_/RN : -186.366547
[setup in-reg] rst_ni -> _59316_/RN : -186.366547
[setup in-reg] rst_ni -> _59317_/RN : -186.366547
[setup in-reg] rst_ni -> _59318_/RN : -186.366547
[setup in-reg] rst_ni -> _59319_/RN : -186.366547
[setup in-reg] rst_ni -> _59320_/RN : -186.366547
[setup in-reg] rst_ni -> _59321_/RN : -186.366547
[setup in-reg] rst_ni -> _59322_/RN : -186.366547
[setup in-reg] rst_ni -> _59323_/RN : -186.366547
[setup in-reg] rst_ni -> _59324_/RN : -186.366547
[setup in-reg] rst_ni -> _59325_/RN : -186.366547
[setup in-reg] rst_ni -> _59326_/RN : -186.366547
[setup in-reg] rst_ni -> _59327_/RN : -186.366547
[setup in-reg] rst_ni -> _59328_/RN : -186.366547
[setup in-reg] rst_ni -> _59329_/RN : -186.366547
[setup in-reg] rst_ni -> _59330_/RN : -186.366547
[setup in-reg] rst_ni -> _59331_/RN : -186.366547
[setup in-reg] rst_ni -> _59332_/RN : -186.366547
[setup in-reg] rst_ni -> _59333_/RN : -186.366547
[setup in-reg] rst_ni -> _59334_/RN : -186.366547
[setup in-reg] rst_ni -> _59335_/RN : -186.366547
[setup in-reg] rst_ni -> _59336_/RN : -186.366547
[setup in-reg] rst_ni -> _59337_/RN : -186.366547
[setup in-reg] rst_ni -> _59338_/RN : -186.366547
[setup in-reg] rst_ni -> _59339_/RN : -186.366547
[setup in-reg] rst_ni -> _59340_/RN : -186.366547
[setup in-reg] rst_ni -> _59341_/RN : -186.366547
[setup in-reg] rst_ni -> _59343_/RN : -186.366547
[setup in-reg] rst_ni -> _59347_/RN : -186.366547
[setup in-reg] rst_ni -> _59348_/RN : -186.366547
[setup in-reg] rst_ni -> _59349_/RN : -186.366547
[setup in-reg] rst_ni -> _59350_/RN : -186.366547
[setup in-reg] rst_ni -> _59351_/RN : -186.366547
[setup in-reg] rst_ni -> _59352_/RN : -186.366547
[setup in-reg] rst_ni -> _59353_/RN : -186.366547
[setup in-reg] rst_ni -> _59356_/RN : -186.366547
[setup in-reg] rst_ni -> _59357_/RN : -186.366547
[setup in-reg] rst_ni -> _59358_/RN : -186.366547
[setup in-reg] rst_ni -> _59359_/RN : -186.366547
[setup in-reg] rst_ni -> _59360_/RN : -186.366547
[setup in-reg] rst_ni -> _59361_/RN : -186.366547
[setup in-reg] rst_ni -> _59362_/RN : -186.366547
[setup in-reg] rst_ni -> _59363_/RN : -186.366547
[setup in-reg] rst_ni -> _59364_/RN : -186.366547
[setup in-reg] rst_ni -> _59365_/RN : -186.366547
[setup in-reg] rst_ni -> _59366_/RN : -186.366547
[setup in-reg] rst_ni -> _59367_/RN : -186.366547
[setup in-reg] rst_ni -> _59368_/RN : -186.366547
[setup in-reg] rst_ni -> _59369_/RN : -186.366547
[setup in-reg] rst_ni -> _59370_/RN : -186.366547
[setup in-reg] rst_ni -> _59371_/RN : -186.366547
[setup in-reg] rst_ni -> _59372_/RN : -186.366547
[setup in-reg] rst_ni -> _59373_/RN : -186.366547
[setup in-reg] rst_ni -> _59374_/RN : -186.366547
[setup in-reg] rst_ni -> _59375_/RN : -186.366547
[setup in-reg] rst_ni -> _59376_/RN : -186.366547
[setup in-reg] rst_ni -> _59377_/RN : -186.366547
[setup in-reg] rst_ni -> _59378_/RN : -186.366547
[setup in-reg] rst_ni -> _59379_/RN : -186.366547
[setup in-reg] rst_ni -> _59380_/RN : -186.366547
[setup in-reg] rst_ni -> _59381_/RN : -186.366547
[setup in-reg] rst_ni -> _59382_/RN : -186.366547
[setup in-reg] rst_ni -> _59383_/RN : -186.366547
[setup in-reg] rst_ni -> _59384_/RN : -186.366547
[setup in-reg] rst_ni -> _59385_/RN : -186.366547
[setup in-reg] rst_ni -> _59386_/RN : -186.366547
[setup in-reg] rst_ni -> _59387_/RN : -186.366547
[setup in-reg] rst_ni -> _59388_/RN : -186.366547
[setup in-reg] rst_ni -> _59389_/RN : -186.366547
[setup in-reg] rst_ni -> _59390_/RN : -186.366547
[setup in-reg] rst_ni -> _59391_/RN : -186.366547
[setup in-reg] rst_ni -> _59392_/RN : -186.366547
[setup in-reg] rst_ni -> _59393_/RN : -186.366547
[setup in-reg] rst_ni -> _59394_/RN : -186.366547
[setup in-reg] rst_ni -> _59395_/RN : -186.366547
[setup in-reg] rst_ni -> _59396_/RN : -186.366547
[setup in-reg] rst_ni -> _59397_/RN : -186.366547
[setup in-reg] rst_ni -> _59398_/RN : -186.366547
[setup in-reg] rst_ni -> _59399_/RN : -186.366547
[setup in-reg] rst_ni -> _59400_/RN : -186.366547
[setup in-reg] rst_ni -> _59401_/RN : -186.366547
[setup in-reg] rst_ni -> _59402_/RN : -186.366547
[setup in-reg] rst_ni -> _59403_/RN : -186.366547
[setup in-reg] rst_ni -> _59404_/RN : -186.366547
[setup in-reg] rst_ni -> _59405_/RN : -186.366547
[setup in-reg] rst_ni -> _59406_/RN : -186.366547
[setup in-reg] rst_ni -> _59407_/RN : -186.366547
[setup in-reg] rst_ni -> _59408_/RN : -186.366547
[setup in-reg] rst_ni -> _59409_/RN : -186.366547
[setup in-reg] rst_ni -> _59410_/RN : -186.366547
[setup in-reg] rst_ni -> _59411_/RN : -186.366547
[setup in-reg] rst_ni -> _59412_/RN : -186.366547
[setup in-reg] rst_ni -> _59413_/RN : -186.366547
[setup in-reg] rst_ni -> _59415_/RN : -186.366547
[setup in-reg] rst_ni -> _59416_/RN : -186.366547
[setup in-reg] rst_ni -> _59417_/RN : -186.366547
[setup in-reg] rst_ni -> _59418_/RN : -186.366547
[setup in-reg] rst_ni -> _59419_/RN : -186.366547
[setup in-reg] rst_ni -> _59420_/RN : -186.366547
[setup in-reg] rst_ni -> _59421_/RN : -186.366547
[setup in-reg] rst_ni -> _59422_/RN : -186.366547
[setup in-reg] rst_ni -> _59423_/RN : -186.366547
[setup in-reg] rst_ni -> _59424_/RN : -186.366547
[setup in-reg] rst_ni -> _59425_/RN : -186.366547
[setup in-reg] rst_ni -> _59426_/RN : -186.366547
[setup in-reg] rst_ni -> _59427_/RN : -186.366547
[setup in-reg] rst_ni -> _59428_/RN : -186.366547
[setup in-reg] rst_ni -> _59429_/RN : -186.366547
[setup in-reg] rst_ni -> _59430_/RN : -186.366547
[setup in-reg] rst_ni -> _59431_/RN : -186.366547
[setup in-reg] rst_ni -> _59432_/RN : -186.366547
[setup in-reg] rst_ni -> _59433_/RN : -186.366547
[setup in-reg] rst_ni -> _59434_/RN : -186.366547
[setup in-reg] rst_ni -> _59435_/RN : -186.366547
[setup in-reg] rst_ni -> _59436_/RN : -186.366547
[setup in-reg] rst_ni -> _59437_/RN : -186.366547
[setup in-reg] rst_ni -> _59438_/RN : -186.366547
[setup in-reg] rst_ni -> _59439_/RN : -186.366547
[setup in-reg] rst_ni -> _59440_/RN : -186.366547
[setup in-reg] rst_ni -> _59441_/RN : -186.366547
[setup in-reg] rst_ni -> _59442_/RN : -186.366547
[setup in-reg] rst_ni -> _59443_/RN : -186.366547
[setup in-reg] rst_ni -> _59444_/RN : -186.366547
[setup in-reg] rst_ni -> _59445_/RN : -186.366547
[setup in-reg] rst_ni -> _59447_/RN : -186.366547
[setup in-reg] rst_ni -> _59448_/RN : -186.366547
[setup in-reg] rst_ni -> _59449_/RN : -186.366547
[setup in-reg] rst_ni -> _59450_/RN : -186.366547
[setup in-reg] rst_ni -> _59451_/RN : -186.366547
[setup in-reg] rst_ni -> _59452_/RN : -186.366547
[setup in-reg] rst_ni -> _59453_/RN : -186.366547
[setup in-reg] rst_ni -> _59454_/RN : -186.366547
[setup in-reg] rst_ni -> _59455_/RN : -186.366547
[setup in-reg] rst_ni -> _59456_/RN : -186.366547
[setup in-reg] rst_ni -> _59457_/RN : -186.366547
[setup in-reg] rst_ni -> _59458_/RN : -186.366547
[setup in-reg] rst_ni -> _59459_/RN : -186.366547
[setup in-reg] rst_ni -> _59460_/RN : -186.366547
[setup in-reg] rst_ni -> _59461_/RN : -186.366547
[setup in-reg] rst_ni -> _59462_/RN : -186.366547
[setup in-reg] rst_ni -> _59463_/RN : -186.366547
[setup in-reg] rst_ni -> _59464_/RN : -186.366547
[setup in-reg] rst_ni -> _59465_/RN : -186.366547
[setup in-reg] rst_ni -> _59466_/RN : -186.366547
[setup in-reg] rst_ni -> _59467_/RN : -186.366547
[setup in-reg] rst_ni -> _59468_/RN : -186.366547
[setup in-reg] rst_ni -> _59469_/RN : -186.366547
[setup in-reg] rst_ni -> _59494_/RN : -186.366547
[setup in-reg] rst_ni -> _59495_/RN : -186.366547
[setup in-reg] rst_ni -> _59496_/RN : -186.366547
[setup in-reg] rst_ni -> _59497_/RN : -186.366547
[setup in-reg] rst_ni -> _59498_/RN : -186.366547
[setup in-reg] rst_ni -> _59499_/RN : -186.366547
[setup in-reg] rst_ni -> _59500_/RN : -186.366547
[setup in-reg] rst_ni -> _59501_/RN : -186.366547
[setup in-reg] rst_ni -> _59502_/RN : -186.366547
[setup in-reg] rst_ni -> _59503_/RN : -186.366547
[setup in-reg] rst_ni -> _59504_/RN : -186.366547
[setup in-reg] rst_ni -> _59507_/RN : -186.366547
[setup in-reg] rst_ni -> _59508_/RN : -186.366547
[setup in-reg] rst_ni -> _59509_/RN : -186.366547
[setup in-reg] rst_ni -> _59510_/RN : -186.366547
[setup in-reg] rst_ni -> _59511_/RN : -186.366547
[setup in-reg] rst_ni -> _59512_/RN : -186.366547
[setup in-reg] rst_ni -> _59536_/RN : -186.366547
[setup in-reg] rst_ni -> _59588_/RN : -186.366547
[setup in-reg] rst_ni -> _59589_/RN : -186.366547
[setup in-reg] rst_ni -> _59590_/RN : -186.366547
[setup in-reg] rst_ni -> _59591_/RN : -186.366547
[setup in-reg] rst_ni -> _59592_/RN : -186.366547
[setup in-reg] rst_ni -> _59593_/RN : -186.366547
[setup in-reg] rst_ni -> _59594_/RN : -186.366547
[setup in-reg] rst_ni -> _59596_/RN : -186.366547
[setup in-reg] rst_ni -> _59597_/RN : -186.366547
[setup in-reg] rst_ni -> _59598_/RN : -186.366547
[setup in-reg] rst_ni -> _59599_/RN : -186.366547
[setup in-reg] rst_ni -> _59600_/RN : -186.366547
[setup in-reg] rst_ni -> _59601_/RN : -186.366547
[setup in-reg] rst_ni -> _60005_/RN : -186.366547
[setup in-reg] rst_ni -> _60006_/RN : -186.366547
[setup in-reg] rst_ni -> _60007_/RN : -186.366547
[setup in-reg] rst_ni -> _60008_/RN : -186.366547
[setup in-reg] rst_ni -> _60009_/RN : -186.366547
[setup in-reg] rst_ni -> _60274_/RN : -186.366547
[setup in-reg] rst_ni -> _60275_/RN : -186.366547
[setup in-reg] rst_ni -> _60276_/RN : -186.366547
[setup in-reg] rst_ni -> _60277_/RN : -186.366547
[setup in-reg] rst_ni -> _60278_/RN : -186.366547
[setup in-reg] rst_ni -> _60279_/RN : -186.366547
[setup in-reg] rst_ni -> _60280_/RN : -186.366547
[setup in-reg] rst_ni -> _60281_/RN : -186.366547
[setup in-reg] rst_ni -> _60282_/RN : -186.366547
[setup in-reg] rst_ni -> _60283_/RN : -186.366547
[setup in-reg] rst_ni -> _60284_/RN : -186.366547
[setup in-reg] rst_ni -> _60285_/RN : -186.366547
[setup in-reg] rst_ni -> _60286_/RN : -186.366547
[setup in-reg] rst_ni -> _60287_/RN : -186.366547
[setup in-reg] rst_ni -> _60288_/RN : -186.366547
[setup in-reg] rst_ni -> _60289_/RN : -186.366547
[setup in-reg] rst_ni -> _60290_/RN : -186.366547
[setup in-reg] rst_ni -> _60291_/RN : -186.366547
[setup in-reg] rst_ni -> _60292_/RN : -186.366547
[setup in-reg] rst_ni -> _60293_/RN : -186.366547
[setup in-reg] rst_ni -> _60295_/RN : -186.366547
[setup in-reg] rst_ni -> _60296_/RN : -186.366547
[setup in-reg] rst_ni -> _60297_/RN : -186.366547
[setup in-reg] rst_ni -> _60298_/RN : -186.366547
[setup in-reg] rst_ni -> _60299_/RN : -186.366547
[setup in-reg] rst_ni -> _60300_/RN : -186.366547
[setup in-reg] rst_ni -> _60301_/RN : -186.366547
[setup in-reg] rst_ni -> _60302_/RN : -186.366547
[setup in-reg] rst_ni -> _60303_/RN : -186.366547
[setup in-reg] rst_ni -> _60304_/RN : -186.366547
[setup in-reg] rst_ni -> _60305_/RN : -186.366547
[setup in-reg] rst_ni -> _60306_/RN : -186.366547
[setup in-reg] rst_ni -> _60308_/RN : -186.366547
[setup in-reg] rst_ni -> _60309_/RN : -186.366547
[setup in-reg] rst_ni -> _60310_/RN : -186.366547
[setup in-reg] rst_ni -> _60312_/RN : -186.366547
[setup in-reg] rst_ni -> _60313_/RN : -186.366547
[setup in-reg] rst_ni -> _60315_/RN : -186.366547
[setup in-reg] rst_ni -> _60316_/RN : -186.366547
[setup in-reg] rst_ni -> _60318_/RN : -186.366547
[setup in-reg] rst_ni -> _60319_/RN : -186.366547
[setup in-reg] rst_ni -> _60321_/RN : -186.366547
[setup in-reg] rst_ni -> _60322_/RN : -186.366547
[setup in-reg] rst_ni -> _60324_/RN : -186.366547
[setup in-reg] rst_ni -> _60325_/RN : -186.366547
[setup in-reg] rst_ni -> _60327_/RN : -186.366547
[setup in-reg] rst_ni -> _60328_/RN : -186.366547
[setup in-reg] rst_ni -> _60329_/RN : -186.366547
[setup in-reg] rst_ni -> _60330_/RN : -186.366547
[setup in-reg] rst_ni -> _60331_/RN : -186.366547
[setup in-reg] rst_ni -> _60332_/RN : -186.366547
[setup in-reg] rst_ni -> _60333_/RN : -186.366547
[setup in-reg] rst_ni -> _60334_/RN : -186.366547
[setup in-reg] rst_ni -> _60335_/RN : -186.366547
[setup in-reg] rst_ni -> _60336_/RN : -186.366547
[setup in-reg] rst_ni -> _60337_/RN : -186.366547
[setup in-reg] rst_ni -> _60338_/RN : -186.366547
[setup in-reg] rst_ni -> _60339_/RN : -186.366547
[setup in-reg] rst_ni -> _60340_/RN : -186.366547
[setup in-reg] rst_ni -> _60341_/RN : -186.366547
[setup in-reg] rst_ni -> _60342_/RN : -186.366547
[setup in-reg] rst_ni -> _60343_/RN : -186.366547
[setup in-reg] rst_ni -> _60344_/RN : -186.366547
[setup in-reg] rst_ni -> _60345_/RN : -186.366547
[setup in-reg] rst_ni -> _60346_/RN : -186.366547
[setup in-reg] rst_ni -> _60347_/RN : -186.366547
[setup in-reg] rst_ni -> _60348_/RN : -186.366547
[setup in-reg] rst_ni -> _60349_/RN : -186.366547
[setup in-reg] rst_ni -> _60350_/RN : -186.366547
[setup in-reg] rst_ni -> _60351_/RN : -186.366547
[setup in-reg] rst_ni -> _60352_/RN : -186.366547
[setup in-reg] rst_ni -> _60353_/RN : -186.366547
[setup in-reg] rst_ni -> _60354_/RN : -186.366547
[setup in-reg] rst_ni -> _60355_/RN : -186.366547
[setup in-reg] rst_ni -> _60356_/RN : -186.366547
[setup in-reg] rst_ni -> _60357_/RN : -186.366547
[setup in-reg] rst_ni -> _60358_/RN : -186.366547
[setup in-reg] rst_ni -> _60359_/RN : -186.366547
[setup in-reg] rst_ni -> _60361_/RN : -186.366547
[setup in-reg] rst_ni -> _60362_/RN : -186.366547
[setup in-reg] rst_ni -> _60363_/RN : -186.366547
[setup in-reg] rst_ni -> _60364_/RN : -186.366547
[setup in-reg] rst_ni -> _60365_/RN : -186.366547
[setup in-reg] rst_ni -> _60366_/RN : -186.366547
[setup in-reg] rst_ni -> _60390_/RN : -186.366547
[setup in-reg] rst_ni -> _60391_/RN : -186.366547
[setup in-reg] rst_ni -> _60392_/RN : -186.366547
[setup in-reg] rst_ni -> _60393_/RN : -186.366547
[setup in-reg] rst_ni -> _60394_/RN : -186.366547
[setup in-reg] rst_ni -> _60395_/RN : -186.366547
[setup in-reg] rst_ni -> _60396_/RN : -186.366547
[setup in-reg] rst_ni -> _60397_/RN : -186.366547
[setup in-reg] rst_ni -> _60398_/RN : -186.366547
[setup in-reg] rst_ni -> _60399_/RN : -186.366547
[setup in-reg] rst_ni -> _60400_/RN : -186.366547
[setup in-reg] rst_ni -> _60401_/RN : -186.366547
[setup in-reg] rst_ni -> _60402_/RN : -186.366547
[setup in-reg] rst_ni -> _60403_/RN : -186.366547
[setup in-reg] rst_ni -> _60404_/RN : -186.366547
[setup in-reg] rst_ni -> _60405_/RN : -186.366547
[setup in-reg] rst_ni -> _60406_/RN : -186.366547
[setup in-reg] rst_ni -> _60407_/RN : -186.366547
[setup in-reg] rst_ni -> _60408_/RN : -186.366547
[setup in-reg] rst_ni -> _60409_/RN : -186.366547
[setup in-reg] rst_ni -> _60410_/RN : -186.366547
[setup in-reg] rst_ni -> _60411_/RN : -186.366547
[setup in-reg] rst_ni -> _60412_/RN : -186.366547
[setup in-reg] rst_ni -> _60413_/RN : -186.366547
[setup in-reg] rst_ni -> _60414_/RN : -186.366547
[setup in-reg] rst_ni -> _60415_/RN : -186.366547
[setup in-reg] rst_ni -> _60416_/RN : -186.366547
[setup in-reg] rst_ni -> _60417_/RN : -186.366547
[setup in-reg] rst_ni -> _60418_/RN : -186.366547
[setup in-reg] rst_ni -> _60419_/RN : -186.366547
[setup in-reg] rst_ni -> _60420_/RN : -186.366547
[setup in-reg] rst_ni -> _60421_/RN : -186.366547
[setup in-reg] rst_ni -> _60422_/RN : -186.366547
[setup in-reg] rst_ni -> _60423_/RN : -186.366547
[setup in-reg] rst_ni -> _60424_/RN : -186.366547
[setup in-reg] rst_ni -> _60425_/RN : -186.366547
[setup in-reg] rst_ni -> _60426_/RN : -186.366547
[setup in-reg] rst_ni -> _60427_/RN : -186.366547
[setup in-reg] rst_ni -> _60428_/RN : -186.366547
[setup in-reg] rst_ni -> _60429_/RN : -186.366547
[setup in-reg] rst_ni -> _60430_/RN : -186.366547
[setup in-reg] rst_ni -> _60431_/RN : -186.366547
[setup in-reg] rst_ni -> _60432_/RN : -186.366547
[setup in-reg] rst_ni -> _60433_/RN : -186.366547
[setup in-reg] rst_ni -> _60434_/RN : -186.366547
[setup in-reg] rst_ni -> _60435_/RN : -186.366547
[setup in-reg] rst_ni -> _60436_/RN : -186.366547
[setup in-reg] rst_ni -> _60437_/RN : -186.366547
[setup in-reg] rst_ni -> _60438_/RN : -186.366547
[setup in-reg] rst_ni -> _60439_/RN : -186.366547
[setup in-reg] rst_ni -> _60440_/RN : -186.366547
[setup in-reg] rst_ni -> _60441_/RN : -186.366547
[setup in-reg] rst_ni -> _60442_/RN : -186.366547
[setup in-reg] rst_ni -> _60443_/RN : -186.366547
[setup in-reg] rst_ni -> _60444_/RN : -186.366547
[setup in-reg] rst_ni -> _60445_/RN : -186.366547
[setup in-reg] rst_ni -> _60446_/RN : -186.366547
[setup in-reg] rst_ni -> _60447_/RN : -186.366547
[setup in-reg] rst_ni -> _60448_/RN : -186.366547
[setup in-reg] rst_ni -> _60449_/RN : -186.366547
[setup in-reg] rst_ni -> _60450_/RN : -186.366547
[setup in-reg] rst_ni -> _60451_/RN : -186.366547
[setup in-reg] rst_ni -> _60452_/RN : -186.366547
[setup in-reg] rst_ni -> _60453_/RN : -186.366547
[setup in-reg] rst_ni -> _60454_/RN : -186.366547
[setup in-reg] rst_ni -> _60455_/RN : -186.366547
[setup in-reg] rst_ni -> _60456_/RN : -186.366547
[setup in-reg] rst_ni -> _60457_/RN : -186.366547
[setup in-reg] rst_ni -> _60458_/RN : -186.366547
[setup in-reg] rst_ni -> _60459_/RN : -186.366547
[setup in-reg] rst_ni -> _60460_/RN : -186.366547
[setup in-reg] rst_ni -> _60461_/RN : -186.366547
[setup in-reg] rst_ni -> _60462_/RN : -186.366547
[setup in-reg] rst_ni -> _60503_/RN : -186.366547
[setup in-reg] rst_ni -> _60504_/RN : -186.366547
[setup in-reg] rst_ni -> _60505_/RN : -186.366547
[setup in-reg] rst_ni -> _60506_/RN : -186.366547
[setup in-reg] rst_ni -> _60507_/RN : -186.366547
[setup in-reg] rst_ni -> _60508_/RN : -186.366547
[setup in-reg] rst_ni -> _60509_/RN : -186.366547
[setup in-reg] rst_ni -> _60510_/RN : -186.366547
[setup in-reg] rst_ni -> _60511_/RN : -186.366547
[setup in-reg] rst_ni -> _60512_/RN : -186.366547
[setup in-reg] rst_ni -> _60513_/RN : -186.366547
[setup in-reg] rst_ni -> _60514_/RN : -186.366547
[setup in-reg] rst_ni -> _60515_/RN : -186.366547
[setup in-reg] rst_ni -> _60516_/RN : -186.366547
[setup in-reg] rst_ni -> _60517_/RN : -186.366547
[setup in-reg] rst_ni -> _60518_/RN : -186.366547
[setup in-reg] rst_ni -> _60519_/RN : -186.366547
[setup in-reg] rst_ni -> _60520_/RN : -186.366547
[setup in-reg] rst_ni -> _60521_/RN : -186.366547
[setup in-reg] rst_ni -> _60522_/RN : -186.366547
[setup in-reg] rst_ni -> _60523_/RN : -186.366547
[setup in-reg] rst_ni -> _60524_/RN : -186.366547
[setup in-reg] rst_ni -> _60525_/RN : -186.366547
[setup in-reg] rst_ni -> _60526_/RN : -186.366547
[setup in-reg] rst_ni -> _60527_/RN : -186.366547
[setup in-reg] rst_ni -> _60528_/RN : -186.366547
[setup in-reg] rst_ni -> _60529_/RN : -186.366547
[setup in-reg] rst_ni -> _60530_/RN : -186.366547
[setup in-reg] rst_ni -> _60531_/RN : -186.366547
[setup in-reg] rst_ni -> _60532_/RN : -186.366547
[setup in-reg] rst_ni -> _60533_/RN : -186.366547
[setup in-reg] rst_ni -> _60534_/RN : -186.366547
[setup in-reg] rst_ni -> _60535_/RN : -186.366547
[setup in-reg] rst_ni -> _60536_/RN : -186.366547
[setup in-reg] rst_ni -> _60537_/RN : -186.366547
[setup in-reg] rst_ni -> _60538_/RN : -186.366547
[setup in-reg] rst_ni -> _60539_/RN : -186.366547
[setup in-reg] rst_ni -> _60540_/RN : -186.366547
[setup in-reg] rst_ni -> _60541_/RN : -186.366547
[setup in-reg] rst_ni -> _60542_/RN : -186.366547
[setup in-reg] rst_ni -> _60543_/RN : -186.366547
[setup in-reg] rst_ni -> _60544_/RN : -186.366547
[setup in-reg] rst_ni -> _60545_/RN : -186.366547
[setup in-reg] rst_ni -> _60546_/RN : -186.366547
[setup in-reg] rst_ni -> _60547_/RN : -186.366547
[setup in-reg] rst_ni -> _60548_/RN : -186.366547
[setup in-reg] rst_ni -> _60549_/RN : -186.366547
[setup in-reg] rst_ni -> _60550_/RN : -186.366547
[setup in-reg] rst_ni -> _60551_/RN : -186.366547
[setup in-reg] rst_ni -> _60552_/RN : -186.366547
[setup in-reg] rst_ni -> _60553_/RN : -186.366547
[setup in-reg] rst_ni -> _60554_/RN : -186.366547
[setup in-reg] rst_ni -> _60555_/RN : -186.366547
[setup in-reg] rst_ni -> _60556_/RN : -186.366547
[setup in-reg] rst_ni -> _60557_/RN : -186.366547
[setup in-reg] rst_ni -> _60558_/RN : -186.366547
[setup in-reg] rst_ni -> _60559_/RN : -186.366547
[setup in-reg] rst_ni -> _60560_/RN : -186.366547
[setup in-reg] rst_ni -> _60561_/RN : -186.366547
[setup in-reg] rst_ni -> _60562_/RN : -186.366547
[setup in-reg] rst_ni -> _60563_/RN : -186.366547
[setup in-reg] rst_ni -> _60564_/RN : -186.366547
[setup in-reg] rst_ni -> _60565_/RN : -186.366547
[setup in-reg] rst_ni -> _60566_/RN : -186.366547
[setup in-reg] rst_ni -> _60567_/RN : -186.366547
[setup in-reg] rst_ni -> _60568_/RN : -186.366547
[setup in-reg] rst_ni -> _60569_/RN : -186.366547
[setup in-reg] rst_ni -> _60570_/RN : -186.366547
[setup in-reg] rst_ni -> _60571_/RN : -186.366547
[setup in-reg] rst_ni -> _60572_/RN : -186.366547
[setup in-reg] rst_ni -> _60573_/RN : -186.366547
[setup in-reg] rst_ni -> _60574_/RN : -186.366547
[setup in-reg] rst_ni -> _60575_/RN : -186.366547
[setup in-reg] rst_ni -> _60576_/RN : -186.366547
[setup in-reg] rst_ni -> _60577_/RN : -186.366547
[setup in-reg] rst_ni -> _60578_/RN : -186.366547
[setup in-reg] rst_ni -> _60579_/RN : -186.366547
[setup in-reg] rst_ni -> _60580_/RN : -186.366547
[setup in-reg] rst_ni -> _60581_/RN : -186.366547
[setup in-reg] rst_ni -> _60582_/RN : -186.366547
[setup in-reg] rst_ni -> _60583_/RN : -186.366547
[setup in-reg] rst_ni -> _60584_/RN : -186.366547
[setup in-reg] rst_ni -> _60585_/RN : -186.366547
[setup in-reg] rst_ni -> _60586_/RN : -186.366547
[setup in-reg] rst_ni -> _60587_/RN : -186.366547
[setup in-reg] rst_ni -> _60588_/RN : -186.366547
[setup in-reg] rst_ni -> _60589_/RN : -186.366547
[setup in-reg] rst_ni -> _60590_/RN : -186.366547
[setup in-reg] rst_ni -> _60591_/RN : -186.366547
[setup in-reg] rst_ni -> _60592_/RN : -186.366547
[setup in-reg] rst_ni -> _60593_/RN : -186.366547
[setup in-reg] rst_ni -> _60594_/RN : -186.366547
[setup in-reg] rst_ni -> _60595_/RN : -186.366547
[setup in-reg] rst_ni -> _60596_/RN : -186.366547
[setup in-reg] rst_ni -> _60597_/RN : -186.366547
[setup in-reg] rst_ni -> _60598_/RN : -186.366547
[setup in-reg] rst_ni -> _60599_/RN : -186.366547
[setup in-reg] rst_ni -> _60600_/RN : -186.366547
[setup in-reg] rst_ni -> _60601_/RN : -186.366547
[setup in-reg] rst_ni -> _60602_/RN : -186.366547
[setup in-reg] rst_ni -> _60603_/RN : -186.366547
[setup in-reg] rst_ni -> _60604_/RN : -186.366547
[setup in-reg] rst_ni -> _60605_/RN : -186.366547
[setup in-reg] rst_ni -> _60606_/RN : -186.366547
[setup in-reg] rst_ni -> _60607_/RN : -186.366547
[setup in-reg] rst_ni -> _60608_/RN : -186.366547
[setup in-reg] rst_ni -> _60609_/RN : -186.366547
[setup in-reg] rst_ni -> _60610_/RN : -186.366547
[setup in-reg] rst_ni -> _60611_/RN : -186.366547
[setup in-reg] rst_ni -> _60612_/RN : -186.366547
[setup in-reg] rst_ni -> _60613_/RN : -186.366547
[setup in-reg] rst_ni -> _60614_/RN : -186.366547
[setup in-reg] rst_ni -> _60615_/RN : -186.366547
[setup in-reg] rst_ni -> _60616_/RN : -186.366547
[setup in-reg] rst_ni -> _60617_/RN : -186.366547
[setup in-reg] rst_ni -> _60618_/RN : -186.366547
[setup in-reg] rst_ni -> _60619_/RN : -186.366547
[setup in-reg] rst_ni -> _60620_/RN : -186.366547
[setup in-reg] rst_ni -> _60621_/RN : -186.366547
[setup in-reg] rst_ni -> _60622_/RN : -186.366547
[setup in-reg] rst_ni -> _60623_/RN : -186.366547
[setup in-reg] rst_ni -> _60624_/RN : -186.366547
[setup in-reg] rst_ni -> _60625_/RN : -186.366547
[setup in-reg] rst_ni -> _60626_/RN : -186.366547
[setup in-reg] rst_ni -> _60627_/RN : -186.366547
[setup in-reg] rst_ni -> _60628_/RN : -186.366547
[setup in-reg] rst_ni -> _60629_/RN : -186.366547
[setup in-reg] rst_ni -> _60630_/RN : -186.366547
[setup in-reg] rst_ni -> _60631_/RN : -186.366547
[setup in-reg] rst_ni -> _60632_/RN : -186.366547
[setup in-reg] rst_ni -> _60633_/RN : -186.366547
[setup in-reg] rst_ni -> _60634_/RN : -186.366547
[setup in-reg] rst_ni -> _60635_/RN : -186.366547
[setup in-reg] rst_ni -> _60636_/RN : -186.366547
[setup in-reg] rst_ni -> _60637_/RN : -186.366547
[setup in-reg] rst_ni -> _60638_/RN : -186.366547
[setup in-reg] rst_ni -> _60639_/RN : -186.366547
[setup in-reg] rst_ni -> _60640_/RN : -186.366547
[setup in-reg] rst_ni -> _60641_/RN : -186.366547
[setup in-reg] rst_ni -> _60642_/RN : -186.366547
[setup in-reg] rst_ni -> _60643_/RN : -186.366547
[setup in-reg] rst_ni -> _60644_/RN : -186.366547
[setup in-reg] rst_ni -> _60645_/RN : -186.366547
[setup in-reg] rst_ni -> _60646_/RN : -186.366547
[setup in-reg] rst_ni -> _60647_/RN : -186.366547
[setup in-reg] rst_ni -> _60648_/RN : -186.366547
[setup in-reg] rst_ni -> _60649_/RN : -186.366547
[setup in-reg] rst_ni -> _60650_/RN : -186.366547
[setup in-reg] rst_ni -> _60706_/RN : -186.366547
[setup in-reg] rst_ni -> _60709_/RN : -186.366547
[setup in-reg] rst_ni -> _60710_/RN : -186.366547
[setup in-reg] rst_ni -> _60711_/RN : -186.366547
[setup in-reg] rst_ni -> _60712_/RN : -186.366547
[setup in-reg] rst_ni -> _60713_/RN : -186.366547
[setup in-reg] rst_ni -> _60714_/RN : -186.366547
[setup in-reg] rst_ni -> _60715_/RN : -186.366547
[setup in-reg] rst_ni -> _60728_/RN : -186.366547
[setup in-reg] rst_ni -> _60855_/RN : -186.366547
[setup in-reg] rst_ni -> _60856_/RN : -186.366547
[setup in-reg] rst_ni -> _60857_/RN : -186.366547
[setup in-reg] rst_ni -> _60858_/RN : -186.366547
[setup in-reg] rst_ni -> _60859_/RN : -186.366547
[setup in-reg] rst_ni -> _60860_/RN : -186.366547
[setup in-reg] rst_ni -> _60861_/RN : -186.366547
[setup in-reg] rst_ni -> _60862_/RN : -186.366547
[setup in-reg] rst_ni -> _60863_/RN : -186.366547
[setup in-reg] rst_ni -> _60864_/RN : -186.366547
[setup in-reg] rst_ni -> _60865_/RN : -186.366547
[setup in-reg] rst_ni -> _60866_/RN : -186.366547
[setup in-reg] rst_ni -> _60867_/RN : -186.366547
[setup in-reg] rst_ni -> _60868_/RN : -186.366547
[setup in-reg] rst_ni -> _60869_/RN : -186.366547
[setup in-reg] rst_ni -> _60870_/RN : -186.366547
[setup in-reg] rst_ni -> _60871_/RN : -186.366547
[setup in-reg] rst_ni -> _60872_/RN : -186.366547
[setup in-reg] rst_ni -> _60873_/RN : -186.366547
[setup in-reg] rst_ni -> _60874_/RN : -186.366547
[setup in-reg] rst_ni -> _60875_/RN : -186.366547
[setup in-reg] rst_ni -> _60876_/RN : -186.366547
[setup in-reg] rst_ni -> _60877_/RN : -186.366547
[setup in-reg] rst_ni -> _60878_/RN : -186.366547
[setup in-reg] rst_ni -> _60879_/RN : -186.366547
[setup in-reg] rst_ni -> _60880_/RN : -186.366547
[setup in-reg] rst_ni -> _60881_/RN : -186.366547
[setup in-reg] rst_ni -> _60882_/RN : -186.366547
[setup in-reg] rst_ni -> _60883_/RN : -186.366547
[setup in-reg] rst_ni -> _60884_/RN : -186.366547
[setup in-reg] rst_ni -> _60885_/RN : -186.366547
[setup in-reg] rst_ni -> _60886_/RN : -186.366547
[setup in-reg] rst_ni -> _60887_/RN : -186.366547
[setup in-reg] rst_ni -> _60888_/RN : -186.366547
[setup in-reg] rst_ni -> _60889_/RN : -186.366547
[setup in-reg] rst_ni -> _60890_/RN : -186.366547
[setup in-reg] rst_ni -> _60891_/RN : -186.366547
[setup in-reg] rst_ni -> _60892_/RN : -186.366547
[setup in-reg] rst_ni -> _60893_/RN : -186.366547
[setup in-reg] rst_ni -> _60894_/RN : -186.366547
[setup in-reg] rst_ni -> _60895_/RN : -186.366547
[setup in-reg] rst_ni -> _60896_/RN : -186.366547
[setup in-reg] rst_ni -> _60897_/RN : -186.366547
[setup in-reg] rst_ni -> _60898_/RN : -186.366547
[setup in-reg] rst_ni -> _60899_/RN : -186.366547
[setup in-reg] rst_ni -> _60900_/RN : -186.366547
[setup in-reg] rst_ni -> _60901_/RN : -186.366547
[setup in-reg] rst_ni -> _60902_/RN : -186.366547
[setup in-reg] rst_ni -> _60903_/RN : -186.366547
[setup in-reg] rst_ni -> _60904_/RN : -186.366547
[setup in-reg] rst_ni -> _60905_/RN : -186.366547
[setup in-reg] rst_ni -> _60906_/RN : -186.366547
[setup in-reg] rst_ni -> _60907_/RN : -186.366547
[setup in-reg] rst_ni -> _60908_/RN : -186.366547
[setup in-reg] rst_ni -> _60909_/RN : -186.366547
[setup in-reg] rst_ni -> _60910_/RN : -186.366547
[setup in-reg] rst_ni -> _60911_/RN : -186.366547
[setup in-reg] rst_ni -> _60912_/RN : -186.366547
[setup in-reg] rst_ni -> _60913_/RN : -186.366547
[setup in-reg] rst_ni -> _60914_/RN : -186.366547
[setup in-reg] rst_ni -> _60915_/RN : -186.366547
[setup in-reg] rst_ni -> _60916_/RN : -186.366547
[setup in-reg] rst_ni -> _60917_/RN : -186.366547
[setup in-reg] rst_ni -> _60918_/RN : -186.366547
[setup in-reg] rst_ni -> _60919_/RN : -186.366547
[setup in-reg] rst_ni -> _60920_/RN : -186.366547
[setup in-reg] rst_ni -> _60921_/RN : -186.366547
[setup in-reg] rst_ni -> _60922_/RN : -186.366547
[setup in-reg] rst_ni -> _60923_/RN : -186.366547
[setup in-reg] rst_ni -> _60924_/RN : -186.366547
[setup in-reg] rst_ni -> _60925_/RN : -186.366547
[setup in-reg] rst_ni -> _60926_/RN : -186.366547
[setup in-reg] rst_ni -> _60927_/RN : -186.366547
[setup in-reg] rst_ni -> _60928_/RN : -186.366547
[setup in-reg] rst_ni -> _60929_/RN : -186.366547
[setup in-reg] rst_ni -> _60930_/RN : -186.366547
[setup in-reg] rst_ni -> _60931_/RN : -186.366547
[setup in-reg] rst_ni -> _60932_/RN : -186.366547
[setup in-reg] rst_ni -> _60933_/RN : -186.366547
[setup in-reg] rst_ni -> _60934_/RN : -186.366547
[setup in-reg] rst_ni -> _60935_/RN : -186.366547
[setup in-reg] rst_ni -> _60936_/RN : -186.366547
[setup in-reg] rst_ni -> _60937_/RN : -186.366547
[setup in-reg] rst_ni -> _60938_/RN : -186.366547
[setup in-reg] rst_ni -> _60939_/RN : -186.366547
[setup in-reg] rst_ni -> _60940_/RN : -186.366547
[setup in-reg] rst_ni -> _60941_/RN : -186.366547
[setup in-reg] rst_ni -> _60942_/RN : -186.366547
[setup in-reg] rst_ni -> _60943_/RN : -186.366547
[setup in-reg] rst_ni -> _60944_/RN : -186.366547
[setup in-reg] rst_ni -> _60945_/RN : -186.366547
[setup in-reg] rst_ni -> _60946_/RN : -186.366547
[setup in-reg] rst_ni -> _60947_/RN : -186.366547
[setup in-reg] rst_ni -> _60948_/RN : -186.366547
[setup in-reg] rst_ni -> _60949_/RN : -186.366547
[setup in-reg] rst_ni -> _60950_/RN : -186.366547
[setup in-reg] rst_ni -> _60951_/RN : -186.366547
[setup in-reg] rst_ni -> _60952_/RN : -186.366547
[setup in-reg] rst_ni -> _60953_/RN : -186.366547
[setup in-reg] rst_ni -> _60954_/RN : -186.366547
[setup in-reg] rst_ni -> _60955_/RN : -186.366547
[setup in-reg] rst_ni -> _60956_/RN : -186.366547
[setup in-reg] rst_ni -> _60957_/RN : -186.366547
[setup in-reg] rst_ni -> _60958_/RN : -186.366547
[setup in-reg] rst_ni -> _60959_/RN : -186.366547
[setup in-reg] rst_ni -> _60960_/RN : -186.366547
[setup in-reg] rst_ni -> _60961_/RN : -186.366547
[setup in-reg] rst_ni -> _60962_/RN : -186.366547
[setup in-reg] rst_ni -> _60963_/RN : -186.366547
[setup in-reg] rst_ni -> _60964_/RN : -186.366547
[setup in-reg] rst_ni -> _60965_/RN : -186.366547
[setup in-reg] rst_ni -> _60966_/RN : -186.366547
[setup in-reg] rst_ni -> _60967_/RN : -186.366547
[setup in-reg] rst_ni -> _60968_/RN : -186.366547
[setup in-reg] rst_ni -> _60969_/RN : -186.366547
[setup in-reg] rst_ni -> _60970_/RN : -186.366547
[setup in-reg] rst_ni -> _60971_/RN : -186.366547
[setup in-reg] rst_ni -> _60972_/RN : -186.366547
[setup in-reg] rst_ni -> _60973_/RN : -186.366547
[setup in-reg] rst_ni -> _60974_/RN : -186.366547
[setup in-reg] rst_ni -> _60975_/RN : -186.366547
[setup in-reg] rst_ni -> _60976_/RN : -186.366547
[setup in-reg] rst_ni -> _60977_/RN : -186.366547
[setup in-reg] rst_ni -> _60978_/RN : -186.366547
[setup in-reg] rst_ni -> _60979_/RN : -186.366547
[setup in-reg] rst_ni -> _60980_/RN : -186.366547
[setup in-reg] rst_ni -> _60981_/RN : -186.366547
[setup in-reg] rst_ni -> _60982_/RN : -186.366547
[setup in-reg] rst_ni -> _60983_/RN : -186.366547
[setup in-reg] rst_ni -> _60984_/RN : -186.366547
[setup in-reg] rst_ni -> _60985_/RN : -186.366547
[setup in-reg] rst_ni -> _60986_/RN : -186.366547
[setup in-reg] rst_ni -> _60987_/RN : -186.366547
[setup in-reg] rst_ni -> _60988_/RN : -186.366547
[setup in-reg] rst_ni -> _60989_/RN : -186.366547
[setup in-reg] rst_ni -> _60990_/RN : -186.366547
[setup in-reg] rst_ni -> _60991_/RN : -186.366547
[setup in-reg] rst_ni -> _60992_/RN : -186.366547
[setup in-reg] rst_ni -> _60993_/RN : -186.366547
[setup in-reg] rst_ni -> _60994_/RN : -186.366547
[setup in-reg] rst_ni -> _60995_/RN : -186.366547
[setup in-reg] rst_ni -> _60996_/RN : -186.366547
[setup in-reg] rst_ni -> _60997_/RN : -186.366547
[setup in-reg] rst_ni -> _60998_/RN : -186.366547
[setup in-reg] rst_ni -> _60999_/RN : -186.366547
[setup in-reg] rst_ni -> _61000_/RN : -186.366547
[setup in-reg] rst_ni -> _61001_/RN : -186.366547
[setup in-reg] rst_ni -> _61002_/RN : -186.366547
[setup in-reg] rst_ni -> _61003_/RN : -186.366547
[setup in-reg] rst_ni -> _61004_/RN : -186.366547
[setup in-reg] rst_ni -> _61005_/RN : -186.366547
[setup in-reg] rst_ni -> _61006_/RN : -186.366547
[setup in-reg] rst_ni -> _61007_/RN : -186.366547
[setup in-reg] rst_ni -> _61008_/RN : -186.366547
[setup in-reg] rst_ni -> _61009_/RN : -186.366547
[setup in-reg] rst_ni -> _61010_/RN : -186.366547
[setup in-reg] rst_ni -> _61011_/RN : -186.366547
[setup in-reg] rst_ni -> _61012_/RN : -186.366547
[setup in-reg] rst_ni -> _59121_/SETN : -172.833817
[setup in-reg] rst_ni -> _59123_/SETN : -172.833817
[setup in-reg] rst_ni -> _59342_/SETN : -172.833817
[setup in-reg] rst_ni -> _59344_/SETN : -172.833817
[setup in-reg] rst_ni -> _59345_/SETN : -172.833817
[setup in-reg] rst_ni -> _59346_/SETN : -172.833817
[setup in-reg] rst_ni -> _59354_/SETN : -172.833817
[setup in-reg] rst_ni -> _59355_/SETN : -172.833817
[setup in-reg] rst_ni -> _59414_/SETN : -172.833817
[setup in-reg] rst_ni -> _59446_/SETN : -172.833817
[setup in-reg] rst_ni -> _59505_/SETN : -172.833817
[setup in-reg] rst_ni -> _59506_/SETN : -172.833817
[setup in-reg] rst_ni -> _59595_/SETN : -172.833817
[setup in-reg] rst_ni -> _60294_/SETN : -172.833817
[setup in-reg] rst_ni -> _60307_/SETN : -172.833817
[setup in-reg] rst_ni -> _60311_/SETN : -172.833817
[setup in-reg] rst_ni -> _60314_/SETN : -172.833817
[setup in-reg] rst_ni -> _60317_/SETN : -172.833817
[setup in-reg] rst_ni -> _60320_/SETN : -172.833817
[setup in-reg] rst_ni -> _60323_/SETN : -172.833817
[setup in-reg] rst_ni -> _60326_/SETN : -172.833817
[setup in-reg] rst_ni -> _60360_/SETN : -172.833817
[setup in-reg] rst_ni -> _60495_/SETN : -172.833817
[setup in-reg] rst_ni -> _60707_/SETN : -172.833817
[setup in-reg] rst_ni -> _60708_/SETN : -172.833817
[setup in-reg] rst_ni -> _60729_/SETN : -172.833817
[setup in-reg] rst_ni -> _60730_/SETN : -172.833817
[setup in-reg] rst_ni -> _60731_/SETN : -172.833817
[setup in-reg] rst_ni -> _60732_/SETN : -172.833817
[setup in-reg] rst_ni -> _60733_/SETN : -172.833817
[setup in-reg] rst_ni -> _60734_/SETN : -172.833817
[setup in-reg] rst_ni -> _60735_/SETN : -172.833817
[setup in-reg] rst_ni -> _60736_/SETN : -172.833817
[setup in-reg] rst_ni -> _60737_/SETN : -172.833817
[setup in-reg] rst_ni -> _60738_/SETN : -172.833817
[setup in-reg] rst_ni -> _60739_/SETN : -172.833817
[setup in-reg] rst_ni -> _60740_/SETN : -172.833817
[setup in-reg] rst_ni -> _60741_/SETN : -172.833817
[setup in-reg] rst_ni -> _60742_/SETN : -172.833817
[setup in-reg] rst_ni -> _60743_/SETN : -172.833817
[setup in-reg] rst_ni -> _60744_/SETN : -172.833817
[setup in-reg] rst_ni -> _60745_/SETN : -172.833817
[setup in-reg] rst_ni -> _60746_/SETN : -172.833817
[setup in-reg] rst_ni -> _60747_/SETN : -172.833817
[setup in-reg] rst_ni -> _60748_/SETN : -172.833817
[setup in-reg] rst_ni -> _60749_/SETN : -172.833817
[setup in-reg] rst_ni -> _60750_/SETN : -172.833817
[setup in-reg] rst_ni -> _60751_/SETN : -172.833817
[setup in-reg] rst_ni -> _60752_/SETN : -172.833817
[setup in-reg] rst_ni -> _60753_/SETN : -172.833817
[setup in-reg] rst_ni -> _60754_/SETN : -172.833817
[setup in-reg] rst_ni -> _60755_/SETN : -172.833817
[setup in-reg] rst_ni -> _60756_/SETN : -172.833817
[setup in-reg] rst_ni -> _60757_/SETN : -172.833817
[setup in-reg] rst_ni -> _60758_/SETN : -172.833817
[setup in-reg] rst_ni -> _60759_/SETN : -172.833817
[setup in-reg] rst_ni -> _60760_/SETN : -172.833817
[setup in-reg] rst_ni -> _60761_/SETN : -172.833817
[setup in-reg] rst_ni -> _60762_/SETN : -172.833817
[setup in-reg] rst_ni -> _60763_/SETN : -172.833817
[setup in-reg] rst_ni -> _60764_/SETN : -172.833817
[setup in-reg] rst_ni -> _60765_/SETN : -172.833817
[setup in-reg] rst_ni -> _60766_/SETN : -172.833817
[setup in-reg] rst_ni -> _60767_/SETN : -172.833817
[setup in-reg] rst_ni -> _60768_/SETN : -172.833817
[setup in-reg] rst_ni -> _60769_/SETN : -172.833817
[setup in-reg] rst_ni -> _60770_/SETN : -172.833817
[setup in-reg] rst_ni -> _60771_/SETN : -172.833817
[setup in-reg] rst_ni -> _60772_/SETN : -172.833817
[setup in-reg] rst_ni -> _60773_/SETN : -172.833817
[setup in-reg] rst_ni -> _60774_/SETN : -172.833817
[setup in-reg] rst_ni -> _60775_/SETN : -172.833817
[setup in-reg] rst_ni -> _60776_/SETN : -172.833817
[setup in-reg] rst_ni -> _60777_/SETN : -172.833817
[setup in-reg] rst_ni -> _60778_/SETN : -172.833817
[setup in-reg] rst_ni -> _60779_/SETN : -172.833817
[setup in-reg] rst_ni -> _60780_/SETN : -172.833817
[setup in-reg] rst_ni -> _60781_/SETN : -172.833817
[setup in-reg] rst_ni -> _60782_/SETN : -172.833817
[setup in-reg] rst_ni -> _60783_/SETN : -172.833817
[setup in-reg] rst_ni -> _60784_/SETN : -172.833817
[setup in-reg] rst_ni -> _60785_/SETN : -172.833817
[setup in-reg] rst_ni -> _60786_/SETN : -172.833817
[setup in-reg] rst_ni -> _60787_/SETN : -172.833817
[setup in-reg] rst_ni -> _60788_/SETN : -172.833817
[setup in-reg] rst_ni -> _60789_/SETN : -172.833817
[setup in-reg] rst_ni -> _60790_/SETN : -172.833817
[setup in-reg] rst_ni -> _60791_/SETN : -172.833817
[setup in-reg] rst_ni -> _60792_/SETN : -172.833817
[setup in-reg] rst_ni -> _60793_/SETN : -172.833817
[setup in-reg] rst_ni -> _60794_/SETN : -172.833817
[setup in-reg] rst_ni -> _60795_/SETN : -172.833817
[setup in-reg] rst_ni -> _60796_/SETN : -172.833817
[setup in-reg] rst_ni -> _60797_/SETN : -172.833817
[setup in-reg] rst_ni -> _60798_/SETN : -172.833817
[setup in-reg] rst_ni -> _60799_/SETN : -172.833817
[setup in-reg] rst_ni -> _60800_/SETN : -172.833817
[setup in-reg] rst_ni -> _60801_/SETN : -172.833817
[setup in-reg] rst_ni -> _60802_/SETN : -172.833817
[setup in-reg] rst_ni -> _60803_/SETN : -172.833817
[setup in-reg] rst_ni -> _60804_/SETN : -172.833817
[setup in-reg] rst_ni -> _60805_/SETN : -172.833817
[setup in-reg] rst_ni -> _60806_/SETN : -172.833817
[setup in-reg] rst_ni -> _60807_/SETN : -172.833817
[setup in-reg] rst_ni -> _60808_/SETN : -172.833817
[setup in-reg] rst_ni -> _60809_/SETN : -172.833817
[setup in-reg] rst_ni -> _60810_/SETN : -172.833817
[setup in-reg] rst_ni -> _60811_/SETN : -172.833817
[setup in-reg] rst_ni -> _60812_/SETN : -172.833817
[setup in-reg] rst_ni -> _60813_/SETN : -172.833817
[setup in-reg] rst_ni -> _60814_/SETN : -172.833817
[setup in-reg] rst_ni -> _60815_/SETN : -172.833817
[setup in-reg] rst_ni -> _60816_/SETN : -172.833817
[setup in-reg] rst_ni -> _60817_/SETN : -172.833817
[setup in-reg] rst_ni -> _60818_/SETN : -172.833817
[setup in-reg] rst_ni -> _60819_/SETN : -172.833817
[setup in-reg] rst_ni -> _60820_/SETN : -172.833817
[setup in-reg] rst_ni -> _60821_/SETN : -172.833817
[setup in-reg] rst_ni -> _60822_/SETN : -172.833817
[setup in-reg] rst_ni -> _60823_/SETN : -172.833817
[setup in-reg] rst_ni -> _60824_/SETN : -172.833817
[setup in-reg] rst_ni -> _60825_/SETN : -172.833817
[setup in-reg] rst_ni -> _60826_/SETN : -172.833817
[setup in-reg] rst_ni -> _60827_/SETN : -172.833817
[setup in-reg] rst_ni -> _60828_/SETN : -172.833817
[setup in-reg] rst_ni -> _60829_/SETN : -172.833817
[setup in-reg] rst_ni -> _60830_/SETN : -172.833817
[setup in-reg] rst_ni -> _60831_/SETN : -172.833817
[setup in-reg] rst_ni -> _60832_/SETN : -172.833817
[setup in-reg] rst_ni -> _60833_/SETN : -172.833817
[setup in-reg] rst_ni -> _60834_/SETN : -172.833817
[setup in-reg] rst_ni -> _60835_/SETN : -172.833817
[setup in-reg] rst_ni -> _60836_/SETN : -172.833817
[setup in-reg] rst_ni -> _60837_/SETN : -172.833817
[setup in-reg] rst_ni -> _60838_/SETN : -172.833817
[setup in-reg] rst_ni -> _60839_/SETN : -172.833817
[setup in-reg] rst_ni -> _60840_/SETN : -172.833817
[setup in-reg] rst_ni -> _60841_/SETN : -172.833817
[setup in-reg] rst_ni -> _60842_/SETN : -172.833817
[setup in-reg] rst_ni -> _60843_/SETN : -172.833817
[setup in-reg] rst_ni -> _60844_/SETN : -172.833817
[setup in-reg] rst_ni -> _60845_/SETN : -172.833817
[setup in-reg] rst_ni -> _60846_/SETN : -172.833817
[setup in-reg] rst_ni -> _60847_/SETN : -172.833817
[setup in-reg] rst_ni -> _60848_/SETN : -172.833817
[setup in-reg] rst_ni -> _60849_/SETN : -172.833817
[setup in-reg] rst_ni -> _60850_/SETN : -172.833817
[setup in-reg] rst_ni -> _60851_/SETN : -172.833817
[setup in-reg] rst_ni -> _60852_/SETN : -172.833817
[setup in-reg] rst_ni -> _60853_/SETN : -172.833817
[setup in-reg] rst_ni -> _60854_/SETN : -172.833817
[setup in-reg] rst_ni -> _58996_/D : -107.717262
[setup in-reg] rst_ni -> _58997_/D : -107.717262
[setup in-reg] rst_ni -> _58998_/D : -107.717262
[setup in-reg] rst_ni -> _58999_/D : -107.717262
[setup in-reg] rst_ni -> _59000_/D : -107.717262
[setup in-reg] rst_ni -> _59001_/D : -107.717262
[setup in-reg] rst_ni -> _59002_/D : -107.717262
[setup in-reg] rst_ni -> _59003_/D : -107.717262
[setup in-reg] rst_ni -> _58068_/D : -107.383186
[setup in-reg] rst_ni -> _58069_/D : -107.383186
[setup in-reg] rst_ni -> _58070_/D : -107.383186
[setup in-reg] rst_ni -> _58071_/D : -107.383186
[setup in-reg] rst_ni -> _58072_/D : -107.383186
[setup in-reg] rst_ni -> _58073_/D : -107.383186
[setup in-reg] rst_ni -> _58074_/D : -107.383186
[setup in-reg] rst_ni -> _58075_/D : -107.383186
[setup in-reg] rst_ni -> _58100_/D : -107.383186
[setup in-reg] rst_ni -> _58101_/D : -107.383186
[setup in-reg] rst_ni -> _58102_/D : -107.383186
[setup in-reg] rst_ni -> _58103_/D : -107.383186
[setup in-reg] rst_ni -> _58104_/D : -107.383186
[setup in-reg] rst_ni -> _58105_/D : -107.383186
[setup in-reg] rst_ni -> _58106_/D : -107.383186
[setup in-reg] rst_ni -> _58107_/D : -107.383186
[setup in-reg] rst_ni -> _58132_/D : -107.383186
[setup in-reg] rst_ni -> _58133_/D : -107.383186
[setup in-reg] rst_ni -> _58134_/D : -107.383186
[setup in-reg] rst_ni -> _58135_/D : -107.383186
[setup in-reg] rst_ni -> _58136_/D : -107.383186
[setup in-reg] rst_ni -> _58137_/D : -107.383186
[setup in-reg] rst_ni -> _58138_/D : -107.383186
[setup in-reg] rst_ni -> _58139_/D : -107.383186
[setup in-reg] rst_ni -> _58164_/D : -107.383186
[setup in-reg] rst_ni -> _58165_/D : -107.383186
[setup in-reg] rst_ni -> _58166_/D : -107.383186
[setup in-reg] rst_ni -> _58167_/D : -107.383186
[setup in-reg] rst_ni -> _58168_/D : -107.383186
[setup in-reg] rst_ni -> _58169_/D : -107.383186
[setup in-reg] rst_ni -> _58170_/D : -107.383186
[setup in-reg] rst_ni -> _58171_/D : -107.383186
[setup in-reg] rst_ni -> _58196_/D : -107.383186
[setup in-reg] rst_ni -> _58197_/D : -107.383186
[setup in-reg] rst_ni -> _58198_/D : -107.383186
[setup in-reg] rst_ni -> _58199_/D : -107.383186
[setup in-reg] rst_ni -> _58200_/D : -107.383186
[setup in-reg] rst_ni -> _58201_/D : -107.383186
[setup in-reg] rst_ni -> _58202_/D : -107.383186
[setup in-reg] rst_ni -> _58203_/D : -107.383186
[setup in-reg] rst_ni -> _58228_/D : -107.383186
[setup in-reg] rst_ni -> _58229_/D : -107.383186
[setup in-reg] rst_ni -> _58230_/D : -107.383186
[setup in-reg] rst_ni -> _58231_/D : -107.383186
[setup in-reg] rst_ni -> _58232_/D : -107.383186
[setup in-reg] rst_ni -> _58233_/D : -107.383186
[setup in-reg] rst_ni -> _58234_/D : -107.383186
[setup in-reg] rst_ni -> _58235_/D : -107.383186
[setup in-reg] rst_ni -> _59028_/D : -107.383186
[setup in-reg] rst_ni -> _59029_/D : -107.383186
[setup in-reg] rst_ni -> _59030_/D : -107.383186
[setup in-reg] rst_ni -> _59031_/D : -107.383186
[setup in-reg] rst_ni -> _59032_/D : -107.383186
[setup in-reg] rst_ni -> _59033_/D : -107.383186
[setup in-reg] rst_ni -> _59034_/D : -107.383186
[setup in-reg] rst_ni -> _59035_/D : -107.383186
[setup in-reg] rst_ni -> _58532_/D : -107.356445
[setup in-reg] rst_ni -> _58533_/D : -107.356461
[setup in-reg] rst_ni -> _58534_/D : -107.356422
[setup in-reg] rst_ni -> _58535_/D : -107.356422
[setup in-reg] rst_ni -> _58536_/D : -107.356422
[setup in-reg] rst_ni -> _58537_/D : -107.356422
[setup in-reg] rst_ni -> _58538_/D : -107.356415
[setup in-reg] rst_ni -> _58539_/D : -107.356445
[setup in-reg] rst_ni -> _58548_/D : -107.356445
[setup in-reg] rst_ni -> _58549_/D : -107.356445
[setup in-reg] rst_ni -> _58550_/D : -107.356461
[setup in-reg] rst_ni -> _58551_/D : -107.356461
[setup in-reg] rst_ni -> _58552_/D : -107.356445
[setup in-reg] rst_ni -> _58553_/D : -107.356461
[setup in-reg] rst_ni -> _58554_/D : -107.356461
[setup in-reg] rst_ni -> _58555_/D : -107.356461
[setup in-reg] rst_ni -> _58660_/D : -107.355453
[setup in-reg] rst_ni -> _58661_/D : -107.355461
[setup in-reg] rst_ni -> _58662_/D : -107.355431
[setup in-reg] rst_ni -> _58663_/D : -107.355431
[setup in-reg] rst_ni -> _58664_/D : -107.355431
[setup in-reg] rst_ni -> _58665_/D : -107.355431
[setup in-reg] rst_ni -> _58666_/D : -107.355423
[setup in-reg] rst_ni -> _58667_/D : -107.355453
[setup in-reg] rst_ni -> _58676_/D : -107.355453
[setup in-reg] rst_ni -> _58677_/D : -107.355453
[setup in-reg] rst_ni -> _58678_/D : -107.355461
[setup in-reg] rst_ni -> _58679_/D : -107.355461
[setup in-reg] rst_ni -> _58680_/D : -107.355453
[setup in-reg] rst_ni -> _58681_/D : -107.355461
[setup in-reg] rst_ni -> _58682_/D : -107.355461
[setup in-reg] rst_ni -> _58683_/D : -107.355461
[setup in-reg] rst_ni -> _58388_/D : -107.333961
[setup in-reg] rst_ni -> _58389_/D : -107.333961
[setup in-reg] rst_ni -> _58390_/D : -107.333977
[setup in-reg] rst_ni -> _58391_/D : -107.333977
[setup in-reg] rst_ni -> _58392_/D : -107.333961
[setup in-reg] rst_ni -> _58393_/D : -107.333977
[setup in-reg] rst_ni -> _58394_/D : -107.333977
[setup in-reg] rst_ni -> _58395_/D : -107.333977
[setup in-reg] rst_ni -> _58404_/D : -107.333961
[setup in-reg] rst_ni -> _58405_/D : -107.333977
[setup in-reg] rst_ni -> _58406_/D : -107.333939
[setup in-reg] rst_ni -> _58407_/D : -107.333939
[setup in-reg] rst_ni -> _58408_/D : -107.333939
[setup in-reg] rst_ni -> _58409_/D : -107.333939
[setup in-reg] rst_ni -> _58410_/D : -107.333939
[setup in-reg] rst_ni -> _58411_/D : -107.333961
[setup in-reg] rst_ni -> _58420_/D : -107.333961
[setup in-reg] rst_ni -> _58421_/D : -107.333961
[setup in-reg] rst_ni -> _58422_/D : -107.333977
[setup in-reg] rst_ni -> _58423_/D : -107.333977
[setup in-reg] rst_ni -> _58424_/D : -107.333961
[setup in-reg] rst_ni -> _58425_/D : -107.333977
[setup in-reg] rst_ni -> _58426_/D : -107.333977
[setup in-reg] rst_ni -> _58427_/D : -107.333977
[setup in-reg] rst_ni -> _58436_/D : -107.333961
[setup in-reg] rst_ni -> _58437_/D : -107.333977
[setup in-reg] rst_ni -> _58438_/D : -107.333939
[setup in-reg] rst_ni -> _58439_/D : -107.333939
[setup in-reg] rst_ni -> _58440_/D : -107.333939
[setup in-reg] rst_ni -> _58441_/D : -107.333939
[setup in-reg] rst_ni -> _58442_/D : -107.333939
[setup in-reg] rst_ni -> _58443_/D : -107.333961
[setup in-reg] rst_ni -> _58452_/D : -107.333961
[setup in-reg] rst_ni -> _58453_/D : -107.333961
[setup in-reg] rst_ni -> _58454_/D : -107.333977
[setup in-reg] rst_ni -> _58455_/D : -107.333977
[setup in-reg] rst_ni -> _58456_/D : -107.333961
[setup in-reg] rst_ni -> _58457_/D : -107.333977
[setup in-reg] rst_ni -> _58458_/D : -107.333977
[setup in-reg] rst_ni -> _58459_/D : -107.333977
[setup in-reg] rst_ni -> _58468_/D : -107.333961
[setup in-reg] rst_ni -> _58469_/D : -107.333977
[setup in-reg] rst_ni -> _58470_/D : -107.333939
[setup in-reg] rst_ni -> _58471_/D : -107.333939
[setup in-reg] rst_ni -> _58472_/D : -107.333939
[setup in-reg] rst_ni -> _58473_/D : -107.333939
[setup in-reg] rst_ni -> _58474_/D : -107.333939
[setup in-reg] rst_ni -> _58475_/D : -107.333961
[setup in-reg] rst_ni -> _58484_/D : -107.333961
[setup in-reg] rst_ni -> _58485_/D : -107.333961
[setup in-reg] rst_ni -> _58486_/D : -107.333977
[setup in-reg] rst_ni -> _58487_/D : -107.333977
[setup in-reg] rst_ni -> _58488_/D : -107.333961
[setup in-reg] rst_ni -> _58489_/D : -107.333977
[setup in-reg] rst_ni -> _58490_/D : -107.333977
[setup in-reg] rst_ni -> _58491_/D : -107.333977
[setup in-reg] rst_ni -> _58500_/D : -107.333961
[setup in-reg] rst_ni -> _58501_/D : -107.333977
[setup in-reg] rst_ni -> _58502_/D : -107.333939
[setup in-reg] rst_ni -> _58503_/D : -107.333939
[setup in-reg] rst_ni -> _58504_/D : -107.333939
[setup in-reg] rst_ni -> _58505_/D : -107.333939
[setup in-reg] rst_ni -> _58506_/D : -107.333939
[setup in-reg] rst_ni -> _58507_/D : -107.333961
[setup in-reg] rst_ni -> _58516_/D : -107.333961
[setup in-reg] rst_ni -> _58517_/D : -107.333961
[setup in-reg] rst_ni -> _58518_/D : -107.333977
[setup in-reg] rst_ni -> _58519_/D : -107.333977
[setup in-reg] rst_ni -> _58520_/D : -107.333961
[setup in-reg] rst_ni -> _58521_/D : -107.333977
[setup in-reg] rst_ni -> _58522_/D : -107.333977
[setup in-reg] rst_ni -> _58523_/D : -107.333977
[setup in-reg] rst_ni -> _58564_/D : -107.333961
[setup in-reg] rst_ni -> _58565_/D : -107.333977
[setup in-reg] rst_ni -> _58566_/D : -107.333939
[setup in-reg] rst_ni -> _58567_/D : -107.333939
[setup in-reg] rst_ni -> _58568_/D : -107.333939
[setup in-reg] rst_ni -> _58569_/D : -107.333939
[setup in-reg] rst_ni -> _58570_/D : -107.333939
[setup in-reg] rst_ni -> _58571_/D : -107.333961
[setup in-reg] rst_ni -> _58580_/D : -107.333961
[setup in-reg] rst_ni -> _58581_/D : -107.333961
[setup in-reg] rst_ni -> _58582_/D : -107.333977
[setup in-reg] rst_ni -> _58583_/D : -107.333977
[setup in-reg] rst_ni -> _58584_/D : -107.333961
[setup in-reg] rst_ni -> _58585_/D : -107.333977
[setup in-reg] rst_ni -> _58586_/D : -107.333977
[setup in-reg] rst_ni -> _58587_/D : -107.333977
[setup in-reg] rst_ni -> _58596_/D : -107.333961
[setup in-reg] rst_ni -> _58597_/D : -107.333977
[setup in-reg] rst_ni -> _58598_/D : -107.333939
[setup in-reg] rst_ni -> _58599_/D : -107.333939
[setup in-reg] rst_ni -> _58600_/D : -107.333939
[setup in-reg] rst_ni -> _58601_/D : -107.333939
[setup in-reg] rst_ni -> _58602_/D : -107.333939
[setup in-reg] rst_ni -> _58603_/D : -107.333961
[setup in-reg] rst_ni -> _58612_/D : -107.333961
[setup in-reg] rst_ni -> _58613_/D : -107.333961
[setup in-reg] rst_ni -> _58614_/D : -107.333977
[setup in-reg] rst_ni -> _58615_/D : -107.333977
[setup in-reg] rst_ni -> _58616_/D : -107.333961
[setup in-reg] rst_ni -> _58617_/D : -107.333977
[setup in-reg] rst_ni -> _58618_/D : -107.333977
[setup in-reg] rst_ni -> _58619_/D : -107.333977
[setup in-reg] rst_ni -> _58628_/D : -107.333961
[setup in-reg] rst_ni -> _58629_/D : -107.333977
[setup in-reg] rst_ni -> _58630_/D : -107.333939
[setup in-reg] rst_ni -> _58631_/D : -107.333939
[setup in-reg] rst_ni -> _58632_/D : -107.333939
[setup in-reg] rst_ni -> _58633_/D : -107.333939
[setup in-reg] rst_ni -> _58634_/D : -107.333939
[setup in-reg] rst_ni -> _58635_/D : -107.333961
[setup in-reg] rst_ni -> _58644_/D : -107.333961
[setup in-reg] rst_ni -> _58645_/D : -107.333961
[setup in-reg] rst_ni -> _58646_/D : -107.333977
[setup in-reg] rst_ni -> _58647_/D : -107.333977
[setup in-reg] rst_ni -> _58648_/D : -107.333961
[setup in-reg] rst_ni -> _58649_/D : -107.333977
[setup in-reg] rst_ni -> _58650_/D : -107.333977
[setup in-reg] rst_ni -> _58651_/D : -107.333977
[setup in-reg] rst_ni -> _58692_/D : -107.333961
[setup in-reg] rst_ni -> _58693_/D : -107.333977
[setup in-reg] rst_ni -> _58694_/D : -107.333939
[setup in-reg] rst_ni -> _58695_/D : -107.333939
[setup in-reg] rst_ni -> _58696_/D : -107.333939
[setup in-reg] rst_ni -> _58697_/D : -107.333939
[setup in-reg] rst_ni -> _58698_/D : -107.333939
[setup in-reg] rst_ni -> _58699_/D : -107.333961
[setup in-reg] rst_ni -> _58708_/D : -107.333961
[setup in-reg] rst_ni -> _58709_/D : -107.333961
[setup in-reg] rst_ni -> _58710_/D : -107.333977
[setup in-reg] rst_ni -> _58711_/D : -107.333977
[setup in-reg] rst_ni -> _58712_/D : -107.333961
[setup in-reg] rst_ni -> _58713_/D : -107.333977
[setup in-reg] rst_ni -> _58714_/D : -107.333977
[setup in-reg] rst_ni -> _58715_/D : -107.333977
[setup in-reg] rst_ni -> _58540_/D : -107.271599
[setup in-reg] rst_ni -> _58541_/D : -107.271599
[setup in-reg] rst_ni -> _58542_/D : -107.271599
[setup in-reg] rst_ni -> _58543_/D : -107.271599
[setup in-reg] rst_ni -> _58544_/D : -107.271599
[setup in-reg] rst_ni -> _58545_/D : -107.271599
[setup in-reg] rst_ni -> _58546_/D : -107.271599
[setup in-reg] rst_ni -> _58547_/D : -107.271599
[setup in-reg] rst_ni -> _58668_/D : -107.270607
[setup in-reg] rst_ni -> _58669_/D : -107.270607
[setup in-reg] rst_ni -> _58670_/D : -107.270607
[setup in-reg] rst_ni -> _58671_/D : -107.270607
[setup in-reg] rst_ni -> _58672_/D : -107.270607
[setup in-reg] rst_ni -> _58673_/D : -107.270607
[setup in-reg] rst_ni -> _58674_/D : -107.270607
[setup in-reg] rst_ni -> _58675_/D : -107.270607
[setup in-reg] rst_ni -> _58412_/D : -107.249100
[setup in-reg] rst_ni -> _58413_/D : -107.249100
[setup in-reg] rst_ni -> _58414_/D : -107.249100
[setup in-reg] rst_ni -> _58415_/D : -107.249100
[setup in-reg] rst_ni -> _58416_/D : -107.249100
[setup in-reg] rst_ni -> _58417_/D : -107.249100
[setup in-reg] rst_ni -> _58418_/D : -107.249100
[setup in-reg] rst_ni -> _58419_/D : -107.249100
[setup in-reg] rst_ni -> _58476_/D : -107.249100
[setup in-reg] rst_ni -> _58477_/D : -107.249100
[setup in-reg] rst_ni -> _58478_/D : -107.249100
[setup in-reg] rst_ni -> _58479_/D : -107.249100
[setup in-reg] rst_ni -> _58480_/D : -107.249100
[setup in-reg] rst_ni -> _58481_/D : -107.249100
[setup in-reg] rst_ni -> _58482_/D : -107.249100
[setup in-reg] rst_ni -> _58483_/D : -107.249100
[setup in-reg] rst_ni -> _58508_/D : -107.249100
[setup in-reg] rst_ni -> _58509_/D : -107.249100
[setup in-reg] rst_ni -> _58510_/D : -107.249100
[setup in-reg] rst_ni -> _58511_/D : -107.249100
[setup in-reg] rst_ni -> _58512_/D : -107.249100
[setup in-reg] rst_ni -> _58513_/D : -107.249100
[setup in-reg] rst_ni -> _58514_/D : -107.249100
[setup in-reg] rst_ni -> _58515_/D : -107.249100
[setup in-reg] rst_ni -> _58604_/D : -107.249100
[setup in-reg] rst_ni -> _58605_/D : -107.249100
[setup in-reg] rst_ni -> _58606_/D : -107.249100
[setup in-reg] rst_ni -> _58607_/D : -107.249100
[setup in-reg] rst_ni -> _58608_/D : -107.249100
[setup in-reg] rst_ni -> _58609_/D : -107.249100
[setup in-reg] rst_ni -> _58610_/D : -107.249100
[setup in-reg] rst_ni -> _58611_/D : -107.249100
[setup in-reg] rst_ni -> _58636_/D : -107.249100
[setup in-reg] rst_ni -> _58637_/D : -107.249100
[setup in-reg] rst_ni -> _58638_/D : -107.249100
[setup in-reg] rst_ni -> _58639_/D : -107.249100
[setup in-reg] rst_ni -> _58640_/D : -107.249100
[setup in-reg] rst_ni -> _58641_/D : -107.249100
[setup in-reg] rst_ni -> _58642_/D : -107.249100
[setup in-reg] rst_ni -> _58643_/D : -107.249100
[setup in-reg] rst_ni -> _58021_/D : -107.222267
[setup in-reg] rst_ni -> _58038_/D : -107.222267
[setup in-reg] rst_ni -> _58039_/D : -107.222267
[setup in-reg] rst_ni -> _58041_/D : -107.222267
[setup in-reg] rst_ni -> _58042_/D : -107.222267
[setup in-reg] rst_ni -> _58043_/D : -107.222267
[setup in-reg] rst_ni -> _58244_/D : -107.218895
[setup in-reg] rst_ni -> _58245_/D : -107.218910
[setup in-reg] rst_ni -> _58246_/D : -107.218880
[setup in-reg] rst_ni -> _58247_/D : -107.218880
[setup in-reg] rst_ni -> _58248_/D : -107.218880
[setup in-reg] rst_ni -> _58249_/D : -107.218880
[setup in-reg] rst_ni -> _58250_/D : -107.218872
[setup in-reg] rst_ni -> _58251_/D : -107.218895
[setup in-reg] rst_ni -> _58260_/D : -107.218895
[setup in-reg] rst_ni -> _58261_/D : -107.218895
[setup in-reg] rst_ni -> _58262_/D : -107.218910
[setup in-reg] rst_ni -> _58263_/D : -107.218910
[setup in-reg] rst_ni -> _58264_/D : -107.218895
[setup in-reg] rst_ni -> _58265_/D : -107.218910
[setup in-reg] rst_ni -> _58266_/D : -107.218910
[setup in-reg] rst_ni -> _58267_/D : -107.218910
[setup in-reg] rst_ni -> _58276_/D : -107.218895
[setup in-reg] rst_ni -> _58277_/D : -107.218910
[setup in-reg] rst_ni -> _58278_/D : -107.218880
[setup in-reg] rst_ni -> _58279_/D : -107.218880
[setup in-reg] rst_ni -> _58280_/D : -107.218880
[setup in-reg] rst_ni -> _58281_/D : -107.218880
[setup in-reg] rst_ni -> _58282_/D : -107.218872
[setup in-reg] rst_ni -> _58283_/D : -107.218895
[setup in-reg] rst_ni -> _58292_/D : -107.218895
[setup in-reg] rst_ni -> _58293_/D : -107.218895
[setup in-reg] rst_ni -> _58294_/D : -107.218910
[setup in-reg] rst_ni -> _58295_/D : -107.218910
[setup in-reg] rst_ni -> _58296_/D : -107.218895
[setup in-reg] rst_ni -> _58297_/D : -107.218910
[setup in-reg] rst_ni -> _58298_/D : -107.218910
[setup in-reg] rst_ni -> _58299_/D : -107.218910
[setup in-reg] rst_ni -> _58308_/D : -107.218887
[setup in-reg] rst_ni -> _58309_/D : -107.218895
[setup in-reg] rst_ni -> _58310_/D : -107.218864
[setup in-reg] rst_ni -> _58311_/D : -107.218864
[setup in-reg] rst_ni -> _58312_/D : -107.218864
[setup in-reg] rst_ni -> _58313_/D : -107.218864
[setup in-reg] rst_ni -> _58314_/D : -107.218857
[setup in-reg] rst_ni -> _58315_/D : -107.218887
[setup in-reg] rst_ni -> _58324_/D : -107.218895
[setup in-reg] rst_ni -> _58325_/D : -107.218887
[setup in-reg] rst_ni -> _58326_/D : -107.218910
[setup in-reg] rst_ni -> _58327_/D : -107.218895
[setup in-reg] rst_ni -> _58328_/D : -107.218887
[setup in-reg] rst_ni -> _58329_/D : -107.218895
[setup in-reg] rst_ni -> _58330_/D : -107.218895
[setup in-reg] rst_ni -> _58331_/D : -107.218910
[setup in-reg] rst_ni -> _58340_/D : -107.218895
[setup in-reg] rst_ni -> _58341_/D : -107.218910
[setup in-reg] rst_ni -> _58342_/D : -107.218880
[setup in-reg] rst_ni -> _58343_/D : -107.218880
[setup in-reg] rst_ni -> _58344_/D : -107.218880
[setup in-reg] rst_ni -> _58345_/D : -107.218880
[setup in-reg] rst_ni -> _58346_/D : -107.218872
[setup in-reg] rst_ni -> _58347_/D : -107.218895
[setup in-reg] rst_ni -> _58356_/D : -107.218895
[setup in-reg] rst_ni -> _58357_/D : -107.218895
[setup in-reg] rst_ni -> _58358_/D : -107.218910
[setup in-reg] rst_ni -> _58359_/D : -107.218910
[setup in-reg] rst_ni -> _58360_/D : -107.218895
[setup in-reg] rst_ni -> _58361_/D : -107.218910
[setup in-reg] rst_ni -> _58362_/D : -107.218910
[setup in-reg] rst_ni -> _58363_/D : -107.218910
[setup in-reg] rst_ni -> _58372_/D : -107.218895
[setup in-reg] rst_ni -> _58373_/D : -107.218910
[setup in-reg] rst_ni -> _58374_/D : -107.218880
[setup in-reg] rst_ni -> _58375_/D : -107.218880
[setup in-reg] rst_ni -> _58376_/D : -107.218880
[setup in-reg] rst_ni -> _58377_/D : -107.218880
[setup in-reg] rst_ni -> _58378_/D : -107.218872
[setup in-reg] rst_ni -> _58379_/D : -107.218895
[setup in-reg] rst_ni -> _58020_/D : -107.217041
[setup in-reg] rst_ni -> _58027_/D : -107.217041
[setup in-reg] rst_ni -> _58036_/D : -107.217041
[setup in-reg] rst_ni -> _58037_/D : -107.217041
[setup in-reg] rst_ni -> _58040_/D : -107.217041
[setup in-reg] rst_ni -> _58700_/D : -107.216835
[setup in-reg] rst_ni -> _58701_/D : -107.216835
[setup in-reg] rst_ni -> _58702_/D : -107.216835
[setup in-reg] rst_ni -> _58703_/D : -107.216835
[setup in-reg] rst_ni -> _58704_/D : -107.216835
[setup in-reg] rst_ni -> _58705_/D : -107.216835
[setup in-reg] rst_ni -> _58706_/D : -107.216835
[setup in-reg] rst_ni -> _58707_/D : -107.216835
[setup in-reg] rst_ni -> _58022_/D : -107.201241
[setup in-reg] rst_ni -> _58023_/D : -107.201241
[setup in-reg] rst_ni -> _58024_/D : -107.201241
[setup in-reg] rst_ni -> _58025_/D : -107.201241
[setup in-reg] rst_ni -> _58026_/D : -107.197327
[setup in-reg] rst_ni -> _58556_/D : -107.113586
[setup in-reg] rst_ni -> _58557_/D : -107.113586
[setup in-reg] rst_ni -> _58558_/D : -107.113586
[setup in-reg] rst_ni -> _58559_/D : -107.113586
[setup in-reg] rst_ni -> _58560_/D : -107.113586
[setup in-reg] rst_ni -> _58561_/D : -107.113586
[setup in-reg] rst_ni -> _58562_/D : -107.113586
[setup in-reg] rst_ni -> _58563_/D : -107.113586
[setup in-reg] rst_ni -> _58684_/D : -107.112595
[setup in-reg] rst_ni -> _58685_/D : -107.112595
[setup in-reg] rst_ni -> _58686_/D : -107.112595
[setup in-reg] rst_ni -> _58687_/D : -107.112595
[setup in-reg] rst_ni -> _58688_/D : -107.112595
[setup in-reg] rst_ni -> _58689_/D : -107.112595
[setup in-reg] rst_ni -> _58690_/D : -107.112595
[setup in-reg] rst_ni -> _58691_/D : -107.112595
[setup in-reg] rst_ni -> _58252_/D : -107.099358
[setup in-reg] rst_ni -> _58253_/D : -107.099358
[setup in-reg] rst_ni -> _58254_/D : -107.099358
[setup in-reg] rst_ni -> _58255_/D : -107.099358
[setup in-reg] rst_ni -> _58256_/D : -107.099358
[setup in-reg] rst_ni -> _58257_/D : -107.099358
[setup in-reg] rst_ni -> _58258_/D : -107.099358
[setup in-reg] rst_ni -> _58259_/D : -107.099358
[setup in-reg] rst_ni -> _58284_/D : -107.099358
[setup in-reg] rst_ni -> _58285_/D : -107.099358
[setup in-reg] rst_ni -> _58286_/D : -107.099358
[setup in-reg] rst_ni -> _58287_/D : -107.099358
[setup in-reg] rst_ni -> _58288_/D : -107.099358
[setup in-reg] rst_ni -> _58289_/D : -107.099358
[setup in-reg] rst_ni -> _58290_/D : -107.099358
[setup in-reg] rst_ni -> _58291_/D : -107.099358
[setup in-reg] rst_ni -> _58316_/D : -107.099358
[setup in-reg] rst_ni -> _58317_/D : -107.099358
[setup in-reg] rst_ni -> _58318_/D : -107.099342
[setup in-reg] rst_ni -> _58319_/D : -107.099358
[setup in-reg] rst_ni -> _58320_/D : -107.099342
[setup in-reg] rst_ni -> _58321_/D : -107.099342
[setup in-reg] rst_ni -> _58322_/D : -107.099358
[setup in-reg] rst_ni -> _58323_/D : -107.099342
[setup in-reg] rst_ni -> _58348_/D : -107.099358
[setup in-reg] rst_ni -> _58349_/D : -107.099358
[setup in-reg] rst_ni -> _58350_/D : -107.099358
[setup in-reg] rst_ni -> _58351_/D : -107.099358
[setup in-reg] rst_ni -> _58352_/D : -107.099358
[setup in-reg] rst_ni -> _58353_/D : -107.099358
[setup in-reg] rst_ni -> _58354_/D : -107.099358
[setup in-reg] rst_ni -> _58355_/D : -107.099358
[setup in-reg] rst_ni -> _58380_/D : -107.099358
[setup in-reg] rst_ni -> _58381_/D : -107.099358
[setup in-reg] rst_ni -> _58382_/D : -107.099358
[setup in-reg] rst_ni -> _58383_/D : -107.099358
[setup in-reg] rst_ni -> _58384_/D : -107.099358
[setup in-reg] rst_ni -> _58385_/D : -107.099358
[setup in-reg] rst_ni -> _58386_/D : -107.099358
[setup in-reg] rst_ni -> _58387_/D : -107.099358
[setup in-reg] rst_ni -> _58444_/D : -107.099358
[setup in-reg] rst_ni -> _58445_/D : -107.099358
[setup in-reg] rst_ni -> _58446_/D : -107.099358
[setup in-reg] rst_ni -> _58447_/D : -107.099358
[setup in-reg] rst_ni -> _58448_/D : -107.099358
[setup in-reg] rst_ni -> _58449_/D : -107.099358
[setup in-reg] rst_ni -> _58450_/D : -107.099358
[setup in-reg] rst_ni -> _58451_/D : -107.099358
[setup in-reg] rst_ni -> _58572_/D : -107.099358
[setup in-reg] rst_ni -> _58573_/D : -107.099358
[setup in-reg] rst_ni -> _58574_/D : -107.099358
[setup in-reg] rst_ni -> _58575_/D : -107.099358
[setup in-reg] rst_ni -> _58576_/D : -107.099358
[setup in-reg] rst_ni -> _58577_/D : -107.099358
[setup in-reg] rst_ni -> _58578_/D : -107.099358
[setup in-reg] rst_ni -> _58579_/D : -107.099358
[setup in-reg] rst_ni -> _58428_/D : -107.091080
[setup in-reg] rst_ni -> _58429_/D : -107.091080
[setup in-reg] rst_ni -> _58430_/D : -107.091080
[setup in-reg] rst_ni -> _58431_/D : -107.091080
[setup in-reg] rst_ni -> _58432_/D : -107.091080
[setup in-reg] rst_ni -> _58433_/D : -107.091080
[setup in-reg] rst_ni -> _58434_/D : -107.091080
[setup in-reg] rst_ni -> _58435_/D : -107.091080
[setup in-reg] rst_ni -> _58492_/D : -107.091080
[setup in-reg] rst_ni -> _58493_/D : -107.091080
[setup in-reg] rst_ni -> _58494_/D : -107.091080
[setup in-reg] rst_ni -> _58495_/D : -107.091080
[setup in-reg] rst_ni -> _58496_/D : -107.091080
[setup in-reg] rst_ni -> _58497_/D : -107.091080
[setup in-reg] rst_ni -> _58498_/D : -107.091080
[setup in-reg] rst_ni -> _58499_/D : -107.091080
[setup in-reg] rst_ni -> _58620_/D : -107.091080
[setup in-reg] rst_ni -> _58621_/D : -107.091080
[setup in-reg] rst_ni -> _58622_/D : -107.091080
[setup in-reg] rst_ni -> _58623_/D : -107.091080
[setup in-reg] rst_ni -> _58624_/D : -107.091080
[setup in-reg] rst_ni -> _58625_/D : -107.091080
[setup in-reg] rst_ni -> _58626_/D : -107.091080
[setup in-reg] rst_ni -> _58627_/D : -107.091080
[setup in-reg] rst_ni -> _58652_/D : -107.091080
[setup in-reg] rst_ni -> _58653_/D : -107.091080
[setup in-reg] rst_ni -> _58654_/D : -107.091080
[setup in-reg] rst_ni -> _58655_/D : -107.091080
[setup in-reg] rst_ni -> _58656_/D : -107.091080
[setup in-reg] rst_ni -> _58657_/D : -107.091080
[setup in-reg] rst_ni -> _58658_/D : -107.091080
[setup in-reg] rst_ni -> _58659_/D : -107.091080
[setup in-reg] rst_ni -> _58780_/D : -107.091080
[setup in-reg] rst_ni -> _58781_/D : -107.091080
[setup in-reg] rst_ni -> _58782_/D : -107.091080
[setup in-reg] rst_ni -> _58783_/D : -107.091080
[setup in-reg] rst_ni -> _58784_/D : -107.091080
[setup in-reg] rst_ni -> _58785_/D : -107.091080
[setup in-reg] rst_ni -> _58786_/D : -107.091080
[setup in-reg] rst_ni -> _58787_/D : -107.091080
[setup in-reg] rst_ni -> _58716_/D : -107.058815
[setup in-reg] rst_ni -> _58717_/D : -107.058815
[setup in-reg] rst_ni -> _58718_/D : -107.058815
[setup in-reg] rst_ni -> _58719_/D : -107.058815
[setup in-reg] rst_ni -> _58720_/D : -107.058815
[setup in-reg] rst_ni -> _58721_/D : -107.058815
[setup in-reg] rst_ni -> _58722_/D : -107.058815
[setup in-reg] rst_ni -> _58723_/D : -107.058815
[setup in-reg] rst_ni -> _58979_/D : -107.053505
[setup in-reg] rst_ni -> _58371_/D : -107.041199
[setup in-reg] rst_ni -> _58531_/D : -107.041199
[setup in-reg] rst_ni -> _58732_/D : -107.035660
[setup in-reg] rst_ni -> _58733_/D : -107.035660
[setup in-reg] rst_ni -> _58734_/D : -107.035660
[setup in-reg] rst_ni -> _58735_/D : -107.035660
[setup in-reg] rst_ni -> _58736_/D : -107.035660
[setup in-reg] rst_ni -> _58737_/D : -107.035660
[setup in-reg] rst_ni -> _58738_/D : -107.035660
[setup in-reg] rst_ni -> _58739_/D : -107.035660
[setup in-reg] rst_ni -> _58271_/D : -106.940819
[setup in-reg] rst_ni -> _58272_/D : -106.940819
[setup in-reg] rst_ni -> _58273_/D : -106.940819
[setup in-reg] rst_ni -> _58274_/D : -106.940819
[setup in-reg] rst_ni -> _58275_/D : -106.940819
[setup in-reg] rst_ni -> _58303_/D : -106.940819
[setup in-reg] rst_ni -> _58304_/D : -106.940819
[setup in-reg] rst_ni -> _58305_/D : -106.940819
[setup in-reg] rst_ni -> _58306_/D : -106.940819
[setup in-reg] rst_ni -> _58307_/D : -106.940819
[setup in-reg] rst_ni -> _58335_/D : -106.940819
[setup in-reg] rst_ni -> _58336_/D : -106.940819
[setup in-reg] rst_ni -> _58337_/D : -106.940804
[setup in-reg] rst_ni -> _58338_/D : -106.940804
[setup in-reg] rst_ni -> _58339_/D : -106.940819
[setup in-reg] rst_ni -> _58463_/D : -106.940819
[setup in-reg] rst_ni -> _58464_/D : -106.940819
[setup in-reg] rst_ni -> _58465_/D : -106.940819
[setup in-reg] rst_ni -> _58466_/D : -106.940819
[setup in-reg] rst_ni -> _58467_/D : -106.940819
[setup in-reg] rst_ni -> _58591_/D : -106.940819
[setup in-reg] rst_ni -> _58592_/D : -106.940819
[setup in-reg] rst_ni -> _58593_/D : -106.940819
[setup in-reg] rst_ni -> _58594_/D : -106.940819
[setup in-reg] rst_ni -> _58595_/D : -106.940819
[setup in-reg] rst_ni -> _58268_/D : -106.938919
[setup in-reg] rst_ni -> _58269_/D : -106.939026
[setup in-reg] rst_ni -> _58270_/D : -106.939026
[setup in-reg] rst_ni -> _58300_/D : -106.938919
[setup in-reg] rst_ni -> _58301_/D : -106.939026
[setup in-reg] rst_ni -> _58302_/D : -106.939026
[setup in-reg] rst_ni -> _58461_/D : -106.939026
[setup in-reg] rst_ni -> _58462_/D : -106.939026
[setup in-reg] rst_ni -> _58332_/D : -106.938904
[setup in-reg] rst_ni -> _58333_/D : -106.939011
[setup in-reg] rst_ni -> _58334_/D : -106.939026
[setup in-reg] rst_ni -> _58460_/D : -106.938919
[setup in-reg] rst_ni -> _58588_/D : -106.938919
[setup in-reg] rst_ni -> _58589_/D : -106.939026
[setup in-reg] rst_ni -> _58590_/D : -106.939026
[setup in-reg] rst_ni -> _58972_/D : -106.935921
[setup in-reg] rst_ni -> _58973_/D : -106.935921
[setup in-reg] rst_ni -> _58974_/D : -106.935921
[setup in-reg] rst_ni -> _58975_/D : -106.935921
[setup in-reg] rst_ni -> _58976_/D : -106.935921
[setup in-reg] rst_ni -> _58977_/D : -106.935921
[setup in-reg] rst_ni -> _58978_/D : -106.935921
[setup in-reg] rst_ni -> _58364_/D : -106.923615
[setup in-reg] rst_ni -> _58365_/D : -106.923615
[setup in-reg] rst_ni -> _58366_/D : -106.923615
[setup in-reg] rst_ni -> _58367_/D : -106.923615
[setup in-reg] rst_ni -> _58368_/D : -106.923615
[setup in-reg] rst_ni -> _58369_/D : -106.923615
[setup in-reg] rst_ni -> _58370_/D : -106.923615
[setup in-reg] rst_ni -> _58524_/D : -106.923615
[setup in-reg] rst_ni -> _58525_/D : -106.923615
[setup in-reg] rst_ni -> _58526_/D : -106.923615
[setup in-reg] rst_ni -> _58527_/D : -106.923615
[setup in-reg] rst_ni -> _58528_/D : -106.923615
[setup in-reg] rst_ni -> _58529_/D : -106.923615
[setup in-reg] rst_ni -> _58530_/D : -106.923615
[setup in-reg] rst_ni -> _58399_/D : -106.889633
[setup in-reg] rst_ni -> _58400_/D : -106.889633
[setup in-reg] rst_ni -> _58401_/D : -106.889633
[setup in-reg] rst_ni -> _58402_/D : -106.889633
[setup in-reg] rst_ni -> _58403_/D : -106.889633
[setup in-reg] rst_ni -> _58748_/D : -106.877640
[setup in-reg] rst_ni -> _58749_/D : -106.877640
[setup in-reg] rst_ni -> _58750_/D : -106.877640
[setup in-reg] rst_ni -> _58751_/D : -106.877640
[setup in-reg] rst_ni -> _58752_/D : -106.877640
[setup in-reg] rst_ni -> _58753_/D : -106.877640
[setup in-reg] rst_ni -> _58754_/D : -106.877640
[setup in-reg] rst_ni -> _58755_/D : -106.877640
[setup in-reg] rst_ni -> _58083_/D : -106.825226
[setup in-reg] rst_ni -> _58115_/D : -106.825226
[setup in-reg] rst_ni -> _58147_/D : -106.825226
[setup in-reg] rst_ni -> _58179_/D : -106.825226
[setup in-reg] rst_ni -> _58211_/D : -106.825226
[setup in-reg] rst_ni -> _58243_/D : -106.825226
[setup in-reg] rst_ni -> _59011_/D : -106.825226
[setup in-reg] rst_ni -> _59043_/D : -106.825226
[setup in-reg] rst_ni -> _58047_/D : -106.790565
[setup in-reg] rst_ni -> _58048_/D : -106.790565
[setup in-reg] rst_ni -> _58049_/D : -106.790565
[setup in-reg] rst_ni -> _58050_/D : -106.790565
[setup in-reg] rst_ni -> _58051_/D : -106.790565
[setup in-reg] rst_ni -> _55700_/D : -106.778908
[setup in-reg] rst_ni -> _55701_/D : -106.778908
[setup in-reg] rst_ni -> _55702_/D : -106.778908
[setup in-reg] rst_ni -> _55703_/D : -106.778908
[setup in-reg] rst_ni -> _55704_/D : -106.778908
[setup in-reg] rst_ni -> _55705_/D : -106.778908
[setup in-reg] rst_ni -> _55706_/D : -106.778908
[setup in-reg] rst_ni -> _55707_/D : -106.778908
[setup in-reg] rst_ni -> _55708_/D : -106.778908
[setup in-reg] rst_ni -> _55709_/D : -106.778908
[setup in-reg] rst_ni -> _55710_/D : -106.778908
[setup in-reg] rst_ni -> _55711_/D : -106.778908
[setup in-reg] rst_ni -> _55712_/D : -106.778908
[setup in-reg] rst_ni -> _55713_/D : -106.778908
[setup in-reg] rst_ni -> _55714_/D : -106.778908
[setup in-reg] rst_ni -> _55715_/D : -106.778908
[setup in-reg] rst_ni -> _58045_/D : -106.774452
[setup in-reg] rst_ni -> _58046_/D : -106.774452
[setup in-reg] rst_ni -> _58397_/D : -106.768837
[setup in-reg] rst_ni -> _58398_/D : -106.768837
[setup in-reg] rst_ni -> _58396_/D : -106.768723
[setup in-reg] rst_ni -> _58044_/D : -106.757439
[setup in-reg] rst_ni -> _55698_/D : -106.750198
[setup in-reg] rst_ni -> _55695_/D : -106.745918
[setup in-reg] rst_ni -> _55685_/D : -106.743118
[setup in-reg] rst_ni -> _55686_/D : -106.743118
[setup in-reg] rst_ni -> _55687_/D : -106.743118
[setup in-reg] rst_ni -> _55688_/D : -106.743118
[setup in-reg] rst_ni -> _55689_/D : -106.743118
[setup in-reg] rst_ni -> _55690_/D : -106.743118
[setup in-reg] rst_ni -> _55691_/D : -106.743118
[setup in-reg] rst_ni -> _55692_/D : -106.743118
[setup in-reg] rst_ni -> _55693_/D : -106.743118
[setup in-reg] rst_ni -> _55694_/D : -106.743118
[setup in-reg] rst_ni -> _55696_/D : -106.743118
[setup in-reg] rst_ni -> _55697_/D : -106.743118
[setup in-reg] rst_ni -> _55699_/D : -106.743118
[setup in-reg] rst_ni -> _55684_/D : -106.736366
[setup in-reg] rst_ni -> _58076_/D : -106.715134
[setup in-reg] rst_ni -> _58077_/D : -106.715134
[setup in-reg] rst_ni -> _58078_/D : -106.715134
[setup in-reg] rst_ni -> _58079_/D : -106.715134
[setup in-reg] rst_ni -> _58080_/D : -106.715134
[setup in-reg] rst_ni -> _58081_/D : -106.715134
[setup in-reg] rst_ni -> _58082_/D : -106.715134
[setup in-reg] rst_ni -> _58108_/D : -106.715134
[setup in-reg] rst_ni -> _58109_/D : -106.715134
[setup in-reg] rst_ni -> _58110_/D : -106.715134
[setup in-reg] rst_ni -> _58111_/D : -106.715134
[setup in-reg] rst_ni -> _58112_/D : -106.715134
[setup in-reg] rst_ni -> _58113_/D : -106.715134
[setup in-reg] rst_ni -> _58114_/D : -106.715134
[setup in-reg] rst_ni -> _58140_/D : -106.715134
[setup in-reg] rst_ni -> _58141_/D : -106.715134
[setup in-reg] rst_ni -> _58142_/D : -106.715134
[setup in-reg] rst_ni -> _58143_/D : -106.715134
[setup in-reg] rst_ni -> _58144_/D : -106.715134
[setup in-reg] rst_ni -> _58145_/D : -106.715134
[setup in-reg] rst_ni -> _58146_/D : -106.715134
[setup in-reg] rst_ni -> _58172_/D : -106.715134
[setup in-reg] rst_ni -> _58173_/D : -106.715134
[setup in-reg] rst_ni -> _58174_/D : -106.715134
[setup in-reg] rst_ni -> _58175_/D : -106.715134
[setup in-reg] rst_ni -> _58176_/D : -106.715134
[setup in-reg] rst_ni -> _58177_/D : -106.715134
[setup in-reg] rst_ni -> _58178_/D : -106.715134
[setup in-reg] rst_ni -> _58204_/D : -106.715134
[setup in-reg] rst_ni -> _58205_/D : -106.715134
[setup in-reg] rst_ni -> _58206_/D : -106.715134
[setup in-reg] rst_ni -> _58207_/D : -106.715134
[setup in-reg] rst_ni -> _58208_/D : -106.715134
[setup in-reg] rst_ni -> _58209_/D : -106.715134
[setup in-reg] rst_ni -> _58210_/D : -106.715134
[setup in-reg] rst_ni -> _58236_/D : -106.715134
[setup in-reg] rst_ni -> _58237_/D : -106.715134
[setup in-reg] rst_ni -> _58238_/D : -106.715134
[setup in-reg] rst_ni -> _58239_/D : -106.715134
[setup in-reg] rst_ni -> _58240_/D : -106.715134
[setup in-reg] rst_ni -> _58241_/D : -106.715134
[setup in-reg] rst_ni -> _58242_/D : -106.715134
[setup in-reg] rst_ni -> _59004_/D : -106.715134
[setup in-reg] rst_ni -> _59005_/D : -106.715134
[setup in-reg] rst_ni -> _59006_/D : -106.715134
[setup in-reg] rst_ni -> _59007_/D : -106.715134
[setup in-reg] rst_ni -> _59008_/D : -106.715134
[setup in-reg] rst_ni -> _59009_/D : -106.715134
[setup in-reg] rst_ni -> _59010_/D : -106.715134
[setup in-reg] rst_ni -> _59036_/D : -106.715134
[setup in-reg] rst_ni -> _59037_/D : -106.715134
[setup in-reg] rst_ni -> _59038_/D : -106.715134
[setup in-reg] rst_ni -> _59039_/D : -106.715134
[setup in-reg] rst_ni -> _59040_/D : -106.715134
[setup in-reg] rst_ni -> _59041_/D : -106.715134
[setup in-reg] rst_ni -> _59042_/D : -106.715134
[setup in-reg] rst_ni -> _58764_/D : -106.383484
[setup in-reg] rst_ni -> _58765_/D : -106.383484
[setup in-reg] rst_ni -> _58766_/D : -106.383484
[setup in-reg] rst_ni -> _58767_/D : -106.383484
[setup in-reg] rst_ni -> _58768_/D : -106.383484
[setup in-reg] rst_ni -> _58769_/D : -106.383484
[setup in-reg] rst_ni -> _58770_/D : -106.383484
[setup in-reg] rst_ni -> _58771_/D : -106.383484
[setup in-reg] rst_ni -> _58796_/D : -106.383484
[setup in-reg] rst_ni -> _58797_/D : -106.383484
[setup in-reg] rst_ni -> _58798_/D : -106.383484
[setup in-reg] rst_ni -> _58799_/D : -106.383484
[setup in-reg] rst_ni -> _58800_/D : -106.383484
[setup in-reg] rst_ni -> _58801_/D : -106.383484
[setup in-reg] rst_ni -> _58802_/D : -106.383484
[setup in-reg] rst_ni -> _58803_/D : -106.383484
[setup in-reg] rst_ni -> _58756_/D : -106.380745
[setup in-reg] rst_ni -> _58757_/D : -106.380745
[setup in-reg] rst_ni -> _58758_/D : -106.380745
[setup in-reg] rst_ni -> _58759_/D : -106.380745
[setup in-reg] rst_ni -> _58760_/D : -106.380745
[setup in-reg] rst_ni -> _58761_/D : -106.380745
[setup in-reg] rst_ni -> _58762_/D : -106.380745
[setup in-reg] rst_ni -> _58763_/D : -106.380745
[setup in-reg] rst_ni -> _58772_/D : -106.380745
[setup in-reg] rst_ni -> _58773_/D : -106.380745
[setup in-reg] rst_ni -> _58774_/D : -106.380745
[setup in-reg] rst_ni -> _58775_/D : -106.380745
[setup in-reg] rst_ni -> _58776_/D : -106.380745
[setup in-reg] rst_ni -> _58777_/D : -106.380745
[setup in-reg] rst_ni -> _58778_/D : -106.380745
[setup in-reg] rst_ni -> _58779_/D : -106.380745
[setup in-reg] rst_ni -> _58788_/D : -106.380745
[setup in-reg] rst_ni -> _58789_/D : -106.380745
[setup in-reg] rst_ni -> _58790_/D : -106.380745
[setup in-reg] rst_ni -> _58791_/D : -106.380745
[setup in-reg] rst_ni -> _58792_/D : -106.380745
[setup in-reg] rst_ni -> _58793_/D : -106.380745
[setup in-reg] rst_ni -> _58794_/D : -106.380745
[setup in-reg] rst_ni -> _58795_/D : -106.380745
[setup in-reg] rst_ni -> _58804_/D : -106.380745
[setup in-reg] rst_ni -> _58805_/D : -106.380745
[setup in-reg] rst_ni -> _58806_/D : -106.380745
[setup in-reg] rst_ni -> _58807_/D : -106.380745
[setup in-reg] rst_ni -> _58808_/D : -106.380745
[setup in-reg] rst_ni -> _58809_/D : -106.380745
[setup in-reg] rst_ni -> _58810_/D : -106.380745
[setup in-reg] rst_ni -> _58811_/D : -106.380745
[setup in-reg] rst_ni -> _58724_/D : -106.338707
[setup in-reg] rst_ni -> _58725_/D : -106.338722
[setup in-reg] rst_ni -> _58731_/D : -106.338707
[setup in-reg] rst_ni -> _58740_/D : -106.297539
[setup in-reg] rst_ni -> _58741_/D : -106.297539
[setup in-reg] rst_ni -> _58742_/D : -106.297554
[setup in-reg] rst_ni -> _58743_/D : -106.297554
[setup in-reg] rst_ni -> _58744_/D : -106.297539
[setup in-reg] rst_ni -> _58745_/D : -106.297554
[setup in-reg] rst_ni -> _58746_/D : -106.297554
[setup in-reg] rst_ni -> _58747_/D : -106.297554
[setup in-reg] rst_ni -> _58924_/D : -106.289597
[setup in-reg] rst_ni -> _58925_/D : -106.289597
[setup in-reg] rst_ni -> _58926_/D : -106.289597
[setup in-reg] rst_ni -> _58927_/D : -106.289597
[setup in-reg] rst_ni -> _58928_/D : -106.289597
[setup in-reg] rst_ni -> _58929_/D : -106.289597
[setup in-reg] rst_ni -> _58930_/D : -106.289597
[setup in-reg] rst_ni -> _58931_/D : -106.289597
[setup in-reg] rst_ni -> _58060_/D : -106.281479
[setup in-reg] rst_ni -> _58061_/D : -106.281479
[setup in-reg] rst_ni -> _58062_/D : -106.281479
[setup in-reg] rst_ni -> _58063_/D : -106.281479
[setup in-reg] rst_ni -> _58064_/D : -106.281479
[setup in-reg] rst_ni -> _58065_/D : -106.281479
[setup in-reg] rst_ni -> _58066_/D : -106.281479
[setup in-reg] rst_ni -> _58067_/D : -106.281479
[setup in-reg] rst_ni -> _58092_/D : -106.281479
[setup in-reg] rst_ni -> _58093_/D : -106.281479
[setup in-reg] rst_ni -> _58094_/D : -106.281479
[setup in-reg] rst_ni -> _58095_/D : -106.281479
[setup in-reg] rst_ni -> _58096_/D : -106.281479
[setup in-reg] rst_ni -> _58097_/D : -106.281479
[setup in-reg] rst_ni -> _58098_/D : -106.281479
[setup in-reg] rst_ni -> _58099_/D : -106.281479
[setup in-reg] rst_ni -> _58124_/D : -106.281479
[setup in-reg] rst_ni -> _58125_/D : -106.281479
[setup in-reg] rst_ni -> _58126_/D : -106.281479
[setup in-reg] rst_ni -> _58127_/D : -106.281479
[setup in-reg] rst_ni -> _58128_/D : -106.281479
[setup in-reg] rst_ni -> _58129_/D : -106.281479
[setup in-reg] rst_ni -> _58130_/D : -106.281479
[setup in-reg] rst_ni -> _58131_/D : -106.281479
[setup in-reg] rst_ni -> _58156_/D : -106.281479
[setup in-reg] rst_ni -> _58157_/D : -106.281479
[setup in-reg] rst_ni -> _58158_/D : -106.281479
[setup in-reg] rst_ni -> _58159_/D : -106.281479
[setup in-reg] rst_ni -> _58160_/D : -106.281479
[setup in-reg] rst_ni -> _58161_/D : -106.281479
[setup in-reg] rst_ni -> _58162_/D : -106.281479
[setup in-reg] rst_ni -> _58163_/D : -106.281479
[setup in-reg] rst_ni -> _58188_/D : -106.281479
[setup in-reg] rst_ni -> _58189_/D : -106.281479
[setup in-reg] rst_ni -> _58190_/D : -106.281479
[setup in-reg] rst_ni -> _58191_/D : -106.281479
[setup in-reg] rst_ni -> _58192_/D : -106.281479
[setup in-reg] rst_ni -> _58193_/D : -106.281479
[setup in-reg] rst_ni -> _58194_/D : -106.281479
[setup in-reg] rst_ni -> _58195_/D : -106.281479
[setup in-reg] rst_ni -> _58220_/D : -106.281479
[setup in-reg] rst_ni -> _58221_/D : -106.281479
[setup in-reg] rst_ni -> _58222_/D : -106.281479
[setup in-reg] rst_ni -> _58223_/D : -106.281479
[setup in-reg] rst_ni -> _58224_/D : -106.281479
[setup in-reg] rst_ni -> _58225_/D : -106.281479
[setup in-reg] rst_ni -> _58226_/D : -106.281479
[setup in-reg] rst_ni -> _58227_/D : -106.281479
[setup in-reg] rst_ni -> _58988_/D : -106.281479
[setup in-reg] rst_ni -> _58989_/D : -106.281479
[setup in-reg] rst_ni -> _58990_/D : -106.281479
[setup in-reg] rst_ni -> _58991_/D : -106.281479
[setup in-reg] rst_ni -> _58992_/D : -106.281479
[setup in-reg] rst_ni -> _58993_/D : -106.281479
[setup in-reg] rst_ni -> _58994_/D : -106.281479
[setup in-reg] rst_ni -> _58995_/D : -106.281479
[setup in-reg] rst_ni -> _59020_/D : -106.281479
[setup in-reg] rst_ni -> _59021_/D : -106.281479
[setup in-reg] rst_ni -> _59022_/D : -106.281479
[setup in-reg] rst_ni -> _59023_/D : -106.281479
[setup in-reg] rst_ni -> _59024_/D : -106.281479
[setup in-reg] rst_ni -> _59025_/D : -106.281479
[setup in-reg] rst_ni -> _59026_/D : -106.281479
[setup in-reg] rst_ni -> _59027_/D : -106.281479
[setup in-reg] rst_ni -> _58956_/D : -106.274956
[setup in-reg] rst_ni -> _58957_/D : -106.274956
[setup in-reg] rst_ni -> _58958_/D : -106.274956
[setup in-reg] rst_ni -> _58959_/D : -106.274956
[setup in-reg] rst_ni -> _58960_/D : -106.274956
[setup in-reg] rst_ni -> _58961_/D : -106.274956
[setup in-reg] rst_ni -> _58962_/D : -106.274956
[setup in-reg] rst_ni -> _58963_/D : -106.274956
[setup in-reg] rst_ni -> _58885_/D : -106.268608
[setup in-reg] rst_ni -> _58886_/D : -106.268608
[setup in-reg] rst_ni -> _58887_/D : -106.268608
[setup in-reg] rst_ni -> _58888_/D : -106.268608
[setup in-reg] rst_ni -> _58889_/D : -106.268608
[setup in-reg] rst_ni -> _58902_/D : -106.268616
[setup in-reg] rst_ni -> _58903_/D : -106.268616
[setup in-reg] rst_ni -> _58905_/D : -106.268616
[setup in-reg] rst_ni -> _58906_/D : -106.268616
[setup in-reg] rst_ni -> _58907_/D : -106.268616
[setup in-reg] rst_ni -> _58917_/D : -106.266243
[setup in-reg] rst_ni -> _58934_/D : -106.266243
[setup in-reg] rst_ni -> _58935_/D : -106.266243
[setup in-reg] rst_ni -> _58937_/D : -106.266243
[setup in-reg] rst_ni -> _58938_/D : -106.266243
[setup in-reg] rst_ni -> _58939_/D : -106.266243
[setup in-reg] rst_ni -> _58916_/D : -106.261879
[setup in-reg] rst_ni -> _58923_/D : -106.261879
[setup in-reg] rst_ni -> _58932_/D : -106.261879
[setup in-reg] rst_ni -> _58933_/D : -106.261879
[setup in-reg] rst_ni -> _58936_/D : -106.261879
[setup in-reg] rst_ni -> _58853_/D : -106.256653
[setup in-reg] rst_ni -> _58870_/D : -106.256653
[setup in-reg] rst_ni -> _58871_/D : -106.256653
[setup in-reg] rst_ni -> _58873_/D : -106.256653
[setup in-reg] rst_ni -> _58874_/D : -106.256653
[setup in-reg] rst_ni -> _58875_/D : -106.256653
[setup in-reg] rst_ni -> _58949_/D : -106.256653
[setup in-reg] rst_ni -> _58966_/D : -106.256653
[setup in-reg] rst_ni -> _58967_/D : -106.256653
[setup in-reg] rst_ni -> _58969_/D : -106.256653
[setup in-reg] rst_ni -> _58970_/D : -106.256653
[setup in-reg] rst_ni -> _58971_/D : -106.256653
[setup in-reg] rst_ni -> _58852_/D : -106.252289
[setup in-reg] rst_ni -> _58859_/D : -106.252289
[setup in-reg] rst_ni -> _58868_/D : -106.252289
[setup in-reg] rst_ni -> _58869_/D : -106.252289
[setup in-reg] rst_ni -> _58872_/D : -106.252289
[setup in-reg] rst_ni -> _58948_/D : -106.252289
[setup in-reg] rst_ni -> _58955_/D : -106.252289
[setup in-reg] rst_ni -> _58964_/D : -106.252289
[setup in-reg] rst_ni -> _58965_/D : -106.252289
[setup in-reg] rst_ni -> _58968_/D : -106.252289
[setup in-reg] rst_ni -> _58918_/D : -106.248665
[setup in-reg] rst_ni -> _58919_/D : -106.248665
[setup in-reg] rst_ni -> _58920_/D : -106.248665
[setup in-reg] rst_ni -> _58921_/D : -106.248665
[setup in-reg] rst_ni -> _58922_/D : -106.245384
[setup in-reg] rst_ni -> _58854_/D : -106.239075
[setup in-reg] rst_ni -> _58855_/D : -106.239075
[setup in-reg] rst_ni -> _58856_/D : -106.239075
[setup in-reg] rst_ni -> _58857_/D : -106.239075
[setup in-reg] rst_ni -> _58950_/D : -106.239075
[setup in-reg] rst_ni -> _58951_/D : -106.239075
[setup in-reg] rst_ni -> _58952_/D : -106.239075
[setup in-reg] rst_ni -> _58953_/D : -106.239075
[setup in-reg] rst_ni -> _58858_/D : -106.235794
[setup in-reg] rst_ni -> _58954_/D : -106.235794
[setup in-reg] rst_ni -> _58726_/D : -106.181328
[setup in-reg] rst_ni -> _58727_/D : -106.181328
[setup in-reg] rst_ni -> _58728_/D : -106.181328
[setup in-reg] rst_ni -> _58729_/D : -106.181328
[setup in-reg] rst_ni -> _58730_/D : -106.181320
[setup in-reg] rst_ni -> _58812_/D : -106.141808
[setup in-reg] rst_ni -> _58813_/D : -106.141808
[setup in-reg] rst_ni -> _58814_/D : -106.141808
[setup in-reg] rst_ni -> _58815_/D : -106.141808
[setup in-reg] rst_ni -> _58816_/D : -106.141808
[setup in-reg] rst_ni -> _58817_/D : -106.141808
[setup in-reg] rst_ni -> _58818_/D : -106.141808
[setup in-reg] rst_ni -> _58819_/D : -106.141808
[setup in-reg] rst_ni -> _58884_/D : -106.141861
[setup in-reg] rst_ni -> _58890_/D : -106.141861
[setup in-reg] rst_ni -> _58891_/D : -106.141861
[setup in-reg] rst_ni -> _58900_/D : -106.141861
[setup in-reg] rst_ni -> _58901_/D : -106.141861
[setup in-reg] rst_ni -> _58904_/D : -106.141861
[setup in-reg] rst_ni -> _58860_/D : -106.139076
[setup in-reg] rst_ni -> _58861_/D : -106.139076
[setup in-reg] rst_ni -> _58862_/D : -106.139076
[setup in-reg] rst_ni -> _58863_/D : -106.139076
[setup in-reg] rst_ni -> _58864_/D : -106.139076
[setup in-reg] rst_ni -> _58865_/D : -106.139076
[setup in-reg] rst_ni -> _58866_/D : -106.139076
[setup in-reg] rst_ni -> _58867_/D : -106.139076
[setup in-reg] rst_ni -> _58028_/D : -106.105339
[setup in-reg] rst_ni -> _58029_/D : -106.105339
[setup in-reg] rst_ni -> _58030_/D : -106.105339
[setup in-reg] rst_ni -> _58031_/D : -106.105339
[setup in-reg] rst_ni -> _58032_/D : -106.105339
[setup in-reg] rst_ni -> _58033_/D : -106.105339
[setup in-reg] rst_ni -> _58034_/D : -106.105339
[setup in-reg] rst_ni -> _58035_/D : -106.105339
[setup in-reg] rst_ni -> _58981_/D : -106.096298
[setup in-reg] rst_ni -> _58982_/D : -106.096298
[setup in-reg] rst_ni -> _58983_/D : -106.096298
[setup in-reg] rst_ni -> _58984_/D : -106.096298
[setup in-reg] rst_ni -> _58985_/D : -106.096298
[setup in-reg] rst_ni -> _58987_/D : -106.096298
[setup in-reg] rst_ni -> _58943_/D : -106.095428
[setup in-reg] rst_ni -> _58944_/D : -106.095428
[setup in-reg] rst_ni -> _58945_/D : -106.095428
[setup in-reg] rst_ni -> _58946_/D : -106.095428
[setup in-reg] rst_ni -> _58947_/D : -106.095428
[setup in-reg] rst_ni -> _58911_/D : -106.084358
[setup in-reg] rst_ni -> _58912_/D : -106.084358
[setup in-reg] rst_ni -> _58913_/D : -106.084358
[setup in-reg] rst_ni -> _58914_/D : -106.084358
[setup in-reg] rst_ni -> _58915_/D : -106.084358
[setup in-reg] rst_ni -> _58941_/D : -106.084045
[setup in-reg] rst_ni -> _58942_/D : -106.084045
[setup in-reg] rst_ni -> _58980_/D : -106.074928
[setup in-reg] rst_ni -> _58986_/D : -106.074928
[setup in-reg] rst_ni -> _58940_/D : -106.072777
[setup in-reg] rst_ni -> _58879_/D : -106.053253
[setup in-reg] rst_ni -> _58880_/D : -106.053253
[setup in-reg] rst_ni -> _58881_/D : -106.053253
[setup in-reg] rst_ni -> _58882_/D : -106.053253
[setup in-reg] rst_ni -> _58883_/D : -106.053253
[setup in-reg] rst_ni -> _58877_/D : -106.041870
[setup in-reg] rst_ni -> _58878_/D : -106.041870
[setup in-reg] rst_ni -> _58085_/D : -106.029083
[setup in-reg] rst_ni -> _58086_/D : -106.029083
[setup in-reg] rst_ni -> _58087_/D : -106.029083
[setup in-reg] rst_ni -> _58088_/D : -106.029083
[setup in-reg] rst_ni -> _58089_/D : -106.029083
[setup in-reg] rst_ni -> _58091_/D : -106.029083
[setup in-reg] rst_ni -> _58828_/D : -106.002937
[setup in-reg] rst_ni -> _58829_/D : -106.002937
[setup in-reg] rst_ni -> _58830_/D : -106.002937
[setup in-reg] rst_ni -> _58831_/D : -106.002937
[setup in-reg] rst_ni -> _58832_/D : -106.002937
[setup in-reg] rst_ni -> _58833_/D : -106.002937
[setup in-reg] rst_ni -> _58834_/D : -106.002937
[setup in-reg] rst_ni -> _58835_/D : -106.002937
[setup in-reg] rst_ni -> _58892_/D : -106.002937
[setup in-reg] rst_ni -> _58893_/D : -106.002937
[setup in-reg] rst_ni -> _58894_/D : -106.002937
[setup in-reg] rst_ni -> _58895_/D : -106.002937
[setup in-reg] rst_ni -> _58896_/D : -106.002937
[setup in-reg] rst_ni -> _58897_/D : -106.002937
[setup in-reg] rst_ni -> _58898_/D : -106.002937
[setup in-reg] rst_ni -> _58899_/D : -106.002937
[setup in-reg] rst_ni -> _58821_/D : -105.973557
[setup in-reg] rst_ni -> _58838_/D : -105.973557
[setup in-reg] rst_ni -> _58839_/D : -105.973557
[setup in-reg] rst_ni -> _58841_/D : -105.973557
[setup in-reg] rst_ni -> _58842_/D : -105.973557
[setup in-reg] rst_ni -> _58843_/D : -105.973557
[setup in-reg] rst_ni -> _58820_/D : -105.968971
[setup in-reg] rst_ni -> _58827_/D : -105.968971
[setup in-reg] rst_ni -> _58836_/D : -105.968971
[setup in-reg] rst_ni -> _58837_/D : -105.968971
[setup in-reg] rst_ni -> _58840_/D : -105.968971
[setup in-reg] rst_ni -> _58822_/D : -105.959900
[setup in-reg] rst_ni -> _58823_/D : -105.959900
[setup in-reg] rst_ni -> _58824_/D : -105.959900
[setup in-reg] rst_ni -> _58825_/D : -105.959900
[setup in-reg] rst_ni -> _58826_/D : -105.959900
[setup in-reg] rst_ni -> _58909_/D : -105.952026
[setup in-reg] rst_ni -> _58910_/D : -105.952026
[setup in-reg] rst_ni -> _58908_/D : -105.938454
[setup in-reg] rst_ni -> _58876_/D : -105.914726
[setup in-reg] rst_ni -> _58084_/D : -105.891075
[setup in-reg] rst_ni -> _58090_/D : -105.891075
[setup in-reg] rst_ni -> _58847_/D : -105.802826
[setup in-reg] rst_ni -> _58848_/D : -105.802826
[setup in-reg] rst_ni -> _58849_/D : -105.802826
[setup in-reg] rst_ni -> _58850_/D : -105.802826
[setup in-reg] rst_ni -> _58851_/D : -105.802826
[setup in-reg] rst_ni -> _58845_/D : -105.789970
[setup in-reg] rst_ni -> _58846_/D : -105.789970
[setup in-reg] rst_ni -> _58844_/D : -105.776398
[setup in-reg] rst_ni -> _58053_/D : -105.764328
[setup in-reg] rst_ni -> _58054_/D : -105.764328
[setup in-reg] rst_ni -> _58055_/D : -105.764328
[setup in-reg] rst_ni -> _58056_/D : -105.764328
[setup in-reg] rst_ni -> _58057_/D : -105.764328
[setup in-reg] rst_ni -> _58059_/D : -105.764328
[setup in-reg] rst_ni -> _58117_/D : -105.764328
[setup in-reg] rst_ni -> _58118_/D : -105.764328
[setup in-reg] rst_ni -> _58119_/D : -105.764328
[setup in-reg] rst_ni -> _58120_/D : -105.764328
[setup in-reg] rst_ni -> _58121_/D : -105.764328
[setup in-reg] rst_ni -> _58123_/D : -105.764328
[setup in-reg] rst_ni -> _58149_/D : -105.764328
[setup in-reg] rst_ni -> _58150_/D : -105.764328
[setup in-reg] rst_ni -> _58151_/D : -105.764328
[setup in-reg] rst_ni -> _58152_/D : -105.764328
[setup in-reg] rst_ni -> _58153_/D : -105.764328
[setup in-reg] rst_ni -> _58155_/D : -105.764328
[setup in-reg] rst_ni -> _58181_/D : -105.764328
[setup in-reg] rst_ni -> _58182_/D : -105.764328
[setup in-reg] rst_ni -> _58183_/D : -105.764328
[setup in-reg] rst_ni -> _58184_/D : -105.764328
[setup in-reg] rst_ni -> _58185_/D : -105.764328
[setup in-reg] rst_ni -> _58187_/D : -105.764328
[setup in-reg] rst_ni -> _58213_/D : -105.764328
[setup in-reg] rst_ni -> _58214_/D : -105.764328
[setup in-reg] rst_ni -> _58215_/D : -105.764328
[setup in-reg] rst_ni -> _58216_/D : -105.764328
[setup in-reg] rst_ni -> _58217_/D : -105.764328
[setup in-reg] rst_ni -> _58219_/D : -105.764328
[setup in-reg] rst_ni -> _59013_/D : -105.764328
[setup in-reg] rst_ni -> _59014_/D : -105.764328
[setup in-reg] rst_ni -> _59015_/D : -105.764328
[setup in-reg] rst_ni -> _59016_/D : -105.764328
[setup in-reg] rst_ni -> _59017_/D : -105.764328
[setup in-reg] rst_ni -> _59019_/D : -105.764328
[setup in-reg] rst_ni -> _58052_/D : -105.741768
[setup in-reg] rst_ni -> _58058_/D : -105.741768
[setup in-reg] rst_ni -> _58116_/D : -105.741768
[setup in-reg] rst_ni -> _58122_/D : -105.741768
[setup in-reg] rst_ni -> _58148_/D : -105.741768
[setup in-reg] rst_ni -> _58154_/D : -105.741768
[setup in-reg] rst_ni -> _58180_/D : -105.741768
[setup in-reg] rst_ni -> _58186_/D : -105.741768
[setup in-reg] rst_ni -> _58212_/D : -105.741768
[setup in-reg] rst_ni -> _58218_/D : -105.741768
[setup in-reg] rst_ni -> _59012_/D : -105.741768
[setup in-reg] rst_ni -> _59018_/D : -105.741768
[setup in-reg] rst_ni -> _60463_/D : -104.117752
[setup in-reg] rst_ni -> _60464_/D : -104.117752
[setup in-reg] rst_ni -> _60465_/D : -104.117752
[setup in-reg] rst_ni -> _60466_/D : -104.117752
[setup in-reg] rst_ni -> _60467_/D : -104.117752
[setup in-reg] rst_ni -> _60468_/D : -104.117752
[setup in-reg] rst_ni -> _60469_/D : -104.117752
[setup in-reg] rst_ni -> _60470_/D : -104.117752
[setup in-reg] rst_ni -> _60471_/D : -104.117752
[setup in-reg] rst_ni -> _60472_/D : -104.117752
[setup in-reg] rst_ni -> _60473_/D : -104.117752
[setup in-reg] rst_ni -> _60474_/D : -104.117752
[setup in-reg] rst_ni -> _60475_/D : -104.117752
[setup in-reg] rst_ni -> _60476_/D : -104.117752
[setup in-reg] rst_ni -> _60477_/D : -104.117752
[setup in-reg] rst_ni -> _60478_/D : -104.117752
[setup in-reg] rst_ni -> _60479_/D : -104.117752
[setup in-reg] rst_ni -> _60480_/D : -104.117752
[setup in-reg] rst_ni -> _60481_/D : -104.117752
[setup in-reg] rst_ni -> _60482_/D : -104.117752
[setup in-reg] rst_ni -> _60483_/D : -104.117752
[setup in-reg] rst_ni -> _60484_/D : -104.117752
[setup in-reg] rst_ni -> _60485_/D : -104.117752
[setup in-reg] rst_ni -> _60486_/D : -104.117752
[setup in-reg] rst_ni -> _60487_/D : -104.117752
[setup in-reg] rst_ni -> _60488_/D : -104.117752
[setup in-reg] rst_ni -> _60489_/D : -104.117752
[setup in-reg] rst_ni -> _60490_/D : -104.117752
[setup in-reg] rst_ni -> _60491_/D : -104.117752
[setup in-reg] rst_ni -> _60492_/D : -104.117752
[setup in-reg] rst_ni -> _60493_/D : -104.117752
[setup in-reg] rst_ni -> _60494_/D : -104.117752
[setup in-reg] rst_ni -> _55748_/D : -102.425598
[setup in-reg] rst_ni -> _55749_/D : -102.425598
[setup in-reg] rst_ni -> _55750_/D : -102.425598
[setup in-reg] rst_ni -> _55751_/D : -102.425598
[setup in-reg] rst_ni -> _55752_/D : -102.425598
[setup in-reg] rst_ni -> _55753_/D : -102.425598
[setup in-reg] rst_ni -> _55754_/D : -102.425598
[setup in-reg] rst_ni -> _55755_/D : -102.425598
[setup in-reg] rst_ni -> _55756_/D : -102.425598
[setup in-reg] rst_ni -> _55757_/D : -102.425598
[setup in-reg] rst_ni -> _55758_/D : -102.425598
[setup in-reg] rst_ni -> _55759_/D : -102.425598
[setup in-reg] rst_ni -> _55760_/D : -102.425598
[setup in-reg] rst_ni -> _55761_/D : -102.425598
[setup in-reg] rst_ni -> _55762_/D : -102.425598
[setup in-reg] rst_ni -> _55763_/D : -102.425598
[setup in-reg] rst_ni -> _55764_/D : -102.425598
[setup in-reg] rst_ni -> _55765_/D : -102.425598
[setup in-reg] rst_ni -> _55766_/D : -102.425598
[setup in-reg] rst_ni -> _55767_/D : -102.425598
[setup in-reg] rst_ni -> _55768_/D : -102.425598
[setup in-reg] rst_ni -> _55769_/D : -102.425598
[setup in-reg] rst_ni -> _55770_/D : -102.425598
[setup in-reg] rst_ni -> _55771_/D : -102.425598
[setup in-reg] rst_ni -> _55772_/D : -102.425598
[setup in-reg] rst_ni -> _55773_/D : -102.425598
[setup in-reg] rst_ni -> _55774_/D : -102.425598
[setup in-reg] rst_ni -> _55775_/D : -102.425598
[setup in-reg] rst_ni -> _55776_/D : -102.425598
[setup in-reg] rst_ni -> _55777_/D : -102.425598
[setup in-reg] rst_ni -> _55778_/D : -102.425598
[setup in-reg] rst_ni -> _55779_/D : -102.425598
[setup in-reg] rst_ni -> _55631_/D : -102.419479
[setup in-reg] rst_ni -> _55634_/D : -102.419479
[setup in-reg] rst_ni -> _55638_/D : -102.387207
[setup in-reg] rst_ni -> _55639_/D : -102.387207
[setup in-reg] rst_ni -> _55640_/D : -102.387207
[setup in-reg] rst_ni -> _55641_/D : -102.387207
[setup in-reg] rst_ni -> _55642_/D : -102.387207
[setup in-reg] rst_ni -> _55643_/D : -102.387207
[setup in-reg] rst_ni -> _55644_/D : -102.387207
[setup in-reg] rst_ni -> _55645_/D : -102.387207
[setup in-reg] rst_ni -> _55646_/D : -102.387207
[setup in-reg] rst_ni -> _55647_/D : -102.387207
[setup in-reg] rst_ni -> _55648_/D : -102.387207
[setup in-reg] rst_ni -> _55649_/D : -102.387207
[setup in-reg] rst_ni -> _55650_/D : -102.387207
[setup in-reg] rst_ni -> _55651_/D : -102.387207
[setup in-reg] rst_ni -> _55620_/D : -102.386597
[setup in-reg] rst_ni -> _55621_/D : -102.386597
[setup in-reg] rst_ni -> _55622_/D : -102.386597
[setup in-reg] rst_ni -> _55623_/D : -102.386597
[setup in-reg] rst_ni -> _55624_/D : -102.386597
[setup in-reg] rst_ni -> _55625_/D : -102.386597
[setup in-reg] rst_ni -> _55626_/D : -102.386597
[setup in-reg] rst_ni -> _55627_/D : -102.386597
[setup in-reg] rst_ni -> _55628_/D : -102.386597
[setup in-reg] rst_ni -> _55629_/D : -102.386597
[setup in-reg] rst_ni -> _55630_/D : -102.386597
[setup in-reg] rst_ni -> _55632_/D : -102.386597
[setup in-reg] rst_ni -> _55633_/D : -102.386597
[setup in-reg] rst_ni -> _55635_/D : -102.386597
[setup in-reg] rst_ni -> _55636_/D : -102.386597
[setup in-reg] rst_ni -> _55637_/D : -102.386597
[setup in-reg] rst_ni -> _55789_/D : -102.235390
[setup in-reg] rst_ni -> _55780_/D : -102.230072
[setup in-reg] rst_ni -> _55781_/D : -102.229218
[setup in-reg] rst_ni -> _55788_/D : -102.222038
[setup in-reg] rst_ni -> _55783_/D : -102.216812
[setup in-reg] rst_ni -> _55784_/D : -102.216812
[setup in-reg] rst_ni -> _55785_/D : -102.216812
[setup in-reg] rst_ni -> _55811_/D : -102.216812
[setup in-reg] rst_ni -> _55790_/D : -102.216660
[setup in-reg] rst_ni -> _55799_/D : -102.216225
[setup in-reg] rst_ni -> _55800_/D : -102.216225
[setup in-reg] rst_ni -> _55798_/D : -102.216064
[setup in-reg] rst_ni -> _55802_/D : -102.216064
[setup in-reg] rst_ni -> _55797_/D : -102.215797
[setup in-reg] rst_ni -> _55801_/D : -102.215797
[setup in-reg] rst_ni -> _55796_/D : -102.215553
[setup in-reg] rst_ni -> _55782_/D : -102.209984
[setup in-reg] rst_ni -> _55791_/D : -102.209984
[setup in-reg] rst_ni -> _55810_/D : -102.209526
[setup in-reg] rst_ni -> _55787_/D : -102.208359
[setup in-reg] rst_ni -> _55795_/D : -102.208054
[setup in-reg] rst_ni -> _55793_/D : -102.207703
[setup in-reg] rst_ni -> _55792_/D : -102.203278
[setup in-reg] rst_ni -> _55807_/D : -102.202690
[setup in-reg] rst_ni -> _55808_/D : -102.202690
[setup in-reg] rst_ni -> _55809_/D : -102.202690
[setup in-reg] rst_ni -> _55794_/D : -102.202553
[setup in-reg] rst_ni -> _55804_/D : -102.202553
[setup in-reg] rst_ni -> _55806_/D : -102.202393
[setup in-reg] rst_ni -> _55805_/D : -102.202263
[setup in-reg] rst_ni -> _55786_/D : -102.195885
[setup in-reg] rst_ni -> _55803_/D : -102.195572
[setup in-reg] rst_ni -> _55812_/D : -102.064865
[setup in-reg] rst_ni -> _55813_/D : -102.064865
[setup in-reg] rst_ni -> _55814_/D : -102.064865
[setup in-reg] rst_ni -> _55815_/D : -102.064865
[setup in-reg] rst_ni -> _55816_/D : -102.064865
[setup in-reg] rst_ni -> _55817_/D : -102.064865
[setup in-reg] rst_ni -> _55818_/D : -102.064865
[setup in-reg] rst_ni -> _55819_/D : -102.064865
[setup in-reg] rst_ni -> _55820_/D : -102.064865
[setup in-reg] rst_ni -> _55821_/D : -102.064865
[setup in-reg] rst_ni -> _55822_/D : -102.064865
[setup in-reg] rst_ni -> _55823_/D : -102.064865
[setup in-reg] rst_ni -> _55824_/D : -102.064865
[setup in-reg] rst_ni -> _55825_/D : -102.064865
[setup in-reg] rst_ni -> _55826_/D : -102.064865
[setup in-reg] rst_ni -> _55827_/D : -102.064865
[setup in-reg] rst_ni -> _55828_/D : -102.064865
[setup in-reg] rst_ni -> _55829_/D : -102.064865
[setup in-reg] rst_ni -> _55830_/D : -102.064865
[setup in-reg] rst_ni -> _55831_/D : -102.064865
[setup in-reg] rst_ni -> _55832_/D : -102.064865
[setup in-reg] rst_ni -> _55833_/D : -102.064865
[setup in-reg] rst_ni -> _55834_/D : -102.064865
[setup in-reg] rst_ni -> _55835_/D : -102.064865
[setup in-reg] rst_ni -> _55836_/D : -102.064865
[setup in-reg] rst_ni -> _55837_/D : -102.064865
[setup in-reg] rst_ni -> _55838_/D : -102.064865
[setup in-reg] rst_ni -> _55839_/D : -102.064865
[setup in-reg] rst_ni -> _55840_/D : -102.064865
[setup in-reg] rst_ni -> _55841_/D : -102.064865
[setup in-reg] rst_ni -> _55842_/D : -102.064865
[setup in-reg] rst_ni -> _55843_/D : -102.064865
[setup in-reg] rst_ni -> _55597_/D : -101.955208
[setup in-reg] rst_ni -> _55661_/D : -101.955208
[setup in-reg] rst_ni -> _55725_/D : -101.955208
[setup in-reg] rst_ni -> _55588_/D : -101.949890
[setup in-reg] rst_ni -> _55652_/D : -101.949890
[setup in-reg] rst_ni -> _55716_/D : -101.949890
[setup in-reg] rst_ni -> _55589_/D : -101.949036
[setup in-reg] rst_ni -> _55653_/D : -101.949036
[setup in-reg] rst_ni -> _55717_/D : -101.949036
[setup in-reg] rst_ni -> _55596_/D : -101.941856
[setup in-reg] rst_ni -> _55660_/D : -101.941856
[setup in-reg] rst_ni -> _55724_/D : -101.941856
[setup in-reg] rst_ni -> _55591_/D : -101.936630
[setup in-reg] rst_ni -> _55592_/D : -101.936630
[setup in-reg] rst_ni -> _55593_/D : -101.936630
[setup in-reg] rst_ni -> _55619_/D : -101.936630
[setup in-reg] rst_ni -> _55655_/D : -101.936630
[setup in-reg] rst_ni -> _55656_/D : -101.936630
[setup in-reg] rst_ni -> _55657_/D : -101.936630
[setup in-reg] rst_ni -> _55683_/D : -101.936630
[setup in-reg] rst_ni -> _55719_/D : -101.936630
[setup in-reg] rst_ni -> _55720_/D : -101.936630
[setup in-reg] rst_ni -> _55721_/D : -101.936630
[setup in-reg] rst_ni -> _55747_/D : -101.936630
[setup in-reg] rst_ni -> _55598_/D : -101.936485
[setup in-reg] rst_ni -> _55662_/D : -101.936485
[setup in-reg] rst_ni -> _55726_/D : -101.936485
[setup in-reg] rst_ni -> _55607_/D : -101.936043
[setup in-reg] rst_ni -> _55608_/D : -101.936043
[setup in-reg] rst_ni -> _55671_/D : -101.936043
[setup in-reg] rst_ni -> _55672_/D : -101.936043
[setup in-reg] rst_ni -> _55735_/D : -101.936043
[setup in-reg] rst_ni -> _55736_/D : -101.936043
[setup in-reg] rst_ni -> _55606_/D : -101.935883
[setup in-reg] rst_ni -> _55610_/D : -101.935883
[setup in-reg] rst_ni -> _55670_/D : -101.935883
[setup in-reg] rst_ni -> _55674_/D : -101.935883
[setup in-reg] rst_ni -> _55734_/D : -101.935883
[setup in-reg] rst_ni -> _55738_/D : -101.935883
[setup in-reg] rst_ni -> _55605_/D : -101.935616
[setup in-reg] rst_ni -> _55609_/D : -101.935616
[setup in-reg] rst_ni -> _55669_/D : -101.935616
[setup in-reg] rst_ni -> _55673_/D : -101.935616
[setup in-reg] rst_ni -> _55733_/D : -101.935616
[setup in-reg] rst_ni -> _55737_/D : -101.935616
[setup in-reg] rst_ni -> _55604_/D : -101.935371
[setup in-reg] rst_ni -> _55668_/D : -101.935371
[setup in-reg] rst_ni -> _55732_/D : -101.935371
[setup in-reg] rst_ni -> _55590_/D : -101.929802
[setup in-reg] rst_ni -> _55599_/D : -101.929802
[setup in-reg] rst_ni -> _55654_/D : -101.929802
[setup in-reg] rst_ni -> _55663_/D : -101.929802
[setup in-reg] rst_ni -> _55718_/D : -101.929802
[setup in-reg] rst_ni -> _55727_/D : -101.929802
[setup in-reg] rst_ni -> _55618_/D : -101.929344
[setup in-reg] rst_ni -> _55682_/D : -101.929344
[setup in-reg] rst_ni -> _55746_/D : -101.929344
[setup in-reg] rst_ni -> _55595_/D : -101.928177
[setup in-reg] rst_ni -> _55659_/D : -101.928177
[setup in-reg] rst_ni -> _55723_/D : -101.928177
[setup in-reg] rst_ni -> _55603_/D : -101.927872
[setup in-reg] rst_ni -> _55667_/D : -101.927872
[setup in-reg] rst_ni -> _55731_/D : -101.927872
[setup in-reg] rst_ni -> _55601_/D : -101.927521
[setup in-reg] rst_ni -> _55665_/D : -101.927521
[setup in-reg] rst_ni -> _55729_/D : -101.927521
[setup in-reg] rst_ni -> _55600_/D : -101.923096
[setup in-reg] rst_ni -> _55664_/D : -101.923096
[setup in-reg] rst_ni -> _55728_/D : -101.923096
[setup in-reg] rst_ni -> _55615_/D : -101.922516
[setup in-reg] rst_ni -> _55616_/D : -101.922516
[setup in-reg] rst_ni -> _55617_/D : -101.922516
[setup in-reg] rst_ni -> _55679_/D : -101.922516
[setup in-reg] rst_ni -> _55680_/D : -101.922516
[setup in-reg] rst_ni -> _55681_/D : -101.922516
[setup in-reg] rst_ni -> _55743_/D : -101.922516
[setup in-reg] rst_ni -> _55744_/D : -101.922516
[setup in-reg] rst_ni -> _55745_/D : -101.922516
[setup in-reg] rst_ni -> _55602_/D : -101.922371
[setup in-reg] rst_ni -> _55612_/D : -101.922371
[setup in-reg] rst_ni -> _55666_/D : -101.922371
[setup in-reg] rst_ni -> _55676_/D : -101.922371
[setup in-reg] rst_ni -> _55730_/D : -101.922371
[setup in-reg] rst_ni -> _55740_/D : -101.922371
[setup in-reg] rst_ni -> _55614_/D : -101.922211
[setup in-reg] rst_ni -> _55678_/D : -101.922211
[setup in-reg] rst_ni -> _55742_/D : -101.922211
[setup in-reg] rst_ni -> _55613_/D : -101.922081
[setup in-reg] rst_ni -> _55677_/D : -101.922081
[setup in-reg] rst_ni -> _55741_/D : -101.922081
[setup in-reg] rst_ni -> _55594_/D : -101.915703
[setup in-reg] rst_ni -> _55658_/D : -101.915703
[setup in-reg] rst_ni -> _55722_/D : -101.915703
[setup in-reg] rst_ni -> _55611_/D : -101.915390
[setup in-reg] rst_ni -> _55675_/D : -101.915390
[setup in-reg] rst_ni -> _55739_/D : -101.915390
[setup in-reg] rst_ni -> _59486_/D : -89.952194
[setup in-reg] rst_ni -> _59487_/D : -89.952194
[setup in-reg] rst_ni -> _59488_/D : -89.952194
[setup in-reg] rst_ni -> _59489_/D : -89.952194
[setup in-reg] rst_ni -> _59490_/D : -89.952194
[setup in-reg] rst_ni -> _59491_/D : -89.952194
[setup in-reg] rst_ni -> _59492_/D : -89.952194
[setup in-reg] rst_ni -> _59493_/D : -89.952194
[setup in-reg] rst_ni -> _59470_/D : -89.874565
[setup in-reg] rst_ni -> _59471_/D : -89.874565
[setup in-reg] rst_ni -> _59472_/D : -89.874565
[setup in-reg] rst_ni -> _59473_/D : -89.874565
[setup in-reg] rst_ni -> _59474_/D : -89.874565
[setup in-reg] rst_ni -> _59475_/D : -89.874565
[setup in-reg] rst_ni -> _59476_/D : -89.874565
[setup in-reg] rst_ni -> _59477_/D : -89.874565
[setup in-reg] rst_ni -> _59515_/D : -87.981979
[setup in-reg] rst_ni -> _59517_/D : -87.981979
[setup in-reg] rst_ni -> _59519_/D : -87.981979
[setup in-reg] rst_ni -> _59521_/D : -87.981979
[setup in-reg] rst_ni -> _59525_/D : -87.981979
[setup in-reg] rst_ni -> _59527_/D : -87.981979
[setup in-reg] rst_ni -> _59513_/D : -87.907013
[setup in-reg] rst_ni -> _59514_/D : -87.581177
[setup in-reg] rst_ni -> _59516_/D : -87.581177
[setup in-reg] rst_ni -> _59518_/D : -87.549965
[setup in-reg] rst_ni -> _59520_/D : -87.549965
[setup in-reg] rst_ni -> _59522_/D : -87.549965
[setup in-reg] rst_ni -> _59523_/D : -87.549965
[setup in-reg] rst_ni -> _59524_/D : -87.549965
[setup in-reg] rst_ni -> _59526_/D : -87.549965
[setup in-reg] rst_ni -> _59528_/D : -87.549965
[setup in-reg] rst_ni -> _59529_/D : -87.549850
[setup in-reg] rst_ni -> _59531_/D : -87.549850
[setup in-reg] rst_ni -> _59538_/D : -87.401505
[setup in-reg] rst_ni -> _59539_/D : -87.401505
[setup in-reg] rst_ni -> _59540_/D : -87.401505
[setup in-reg] rst_ni -> _59541_/D : -87.401505
[setup in-reg] rst_ni -> _59542_/D : -87.401505
[setup in-reg] rst_ni -> _59543_/D : -87.401505
[setup in-reg] rst_ni -> _59544_/D : -87.401505
[setup in-reg] rst_ni -> _59545_/D : -87.401421
[setup in-reg] rst_ni -> _59546_/D : -87.401421
[setup in-reg] rst_ni -> _59547_/D : -87.401421
[setup in-reg] rst_ni -> _59548_/D : -87.395538
[setup in-reg] rst_ni -> _59549_/D : -87.395538
[setup in-reg] rst_ni -> _59550_/D : -87.395538
[setup in-reg] rst_ni -> _59551_/D : -87.395538
[setup in-reg] rst_ni -> _59552_/D : -87.395538
[setup in-reg] rst_ni -> _59553_/D : -87.395538
[setup in-reg] rst_ni -> _59554_/D : -87.395538
[setup in-reg] rst_ni -> _59555_/D : -87.395538
[setup in-reg] rst_ni -> _59556_/D : -87.395538
[setup in-reg] rst_ni -> _59557_/D : -87.395538
[setup in-reg] rst_ni -> _59558_/D : -87.395538
[setup in-reg] rst_ni -> _59559_/D : -87.395538
[setup in-reg] rst_ni -> _59560_/D : -87.395538
[setup in-reg] rst_ni -> _59561_/D : -87.389267
[setup in-reg] rst_ni -> _59530_/D : -87.262016
[setup in-reg] rst_ni -> _59532_/D : -87.262016
[setup in-reg] rst_ni -> _59533_/D : -87.262016
[setup in-reg] rst_ni -> _59534_/D : -87.262016
[setup in-reg] rst_ni -> _61146_/D : -87.069199
[setup in-reg] rst_ni -> _61147_/D : -87.069199
[setup in-reg] rst_ni -> _61145_/D : -87.034897
[setup in-reg] rst_ni -> _61142_/D : -86.812309
[setup in-reg] rst_ni -> _61141_/D : -86.599289
[setup in-reg] rst_ni -> _61143_/D : -86.599289
[setup in-reg] rst_ni -> _61144_/D : -86.583824
[setup in-reg] rst_ni -> _59535_/D : -86.543488
[setup in-reg] rst_ni -> _59562_/D : -86.373253
[setup in-reg] rst_ni -> _59563_/D : -86.373253
[setup in-reg] rst_ni -> _59564_/D : -86.373253
[setup in-reg] rst_ni -> _59565_/D : -86.373253
[setup in-reg] rst_ni -> _59566_/D : -86.373253
[setup in-reg] rst_ni -> _59567_/D : -86.373253
[setup in-reg] rst_ni -> _59568_/D : -86.373253
[setup in-reg] rst_ni -> _59569_/D : -86.373253
[setup in-reg] rst_ni -> _59478_/D : -85.914177
[setup in-reg] rst_ni -> _59479_/D : -85.914177
[setup in-reg] rst_ni -> _59480_/D : -85.914177
[setup in-reg] rst_ni -> _59481_/D : -85.914177
[setup in-reg] rst_ni -> _59482_/D : -85.914177
[setup in-reg] rst_ni -> _59483_/D : -85.914177
[setup in-reg] rst_ni -> _59484_/D : -85.914177
[setup in-reg] rst_ni -> _59485_/D : -85.914177
[setup in-reg] rst_ni -> _61140_/D : -85.775299
[setup in-reg] rst_ni -> _59537_/D : -85.641151
[setup reg-reg] _59343_/Q -> _60010_/RN : -33.716602
[setup reg-reg] _59343_/Q -> _60011_/RN : -33.716602
[setup reg-reg] _59343_/Q -> _60012_/RN : -33.716602
[setup reg-reg] _59343_/Q -> _60013_/RN : -33.716602
[setup reg-reg] _59343_/Q -> _60014_/RN : -33.716602
[setup reg-reg] _59343_/Q -> _60015_/RN : -33.716602
[setup reg-reg] _59343_/Q -> _60016_/RN : -33.716602
[setup reg-reg] _59343_/Q -> _60017_/RN : -33.716602
[setup reg-reg] _59343_/Q -> _60018_/RN : -33.716602
[setup reg-reg] _59343_/Q -> _60019_/RN : -33.716602
[setup reg-reg] _59343_/Q -> _60020_/RN : -33.716602
[setup reg-reg] _59343_/Q -> _60021_/RN : -33.716602
[setup reg-reg] _59343_/Q -> _60022_/RN : -33.716602
[setup reg-reg] _59343_/Q -> _60023_/RN : -33.716602
[setup reg-reg] _59343_/Q -> _60024_/RN : -33.716602
[setup reg-reg] _59343_/Q -> _60025_/RN : -33.716602
[setup reg-reg] _59343_/Q -> _60026_/RN : -33.716602
[setup reg-reg] _59343_/Q -> _60027_/RN : -33.716602
[setup reg-reg] _59343_/Q -> _60028_/RN : -33.716602
[setup reg-reg] _59343_/Q -> _60029_/RN : -33.716602
[setup reg-reg] _59343_/Q -> _60030_/RN : -33.716602
[setup reg-reg] _59343_/Q -> _60031_/RN : -33.716602
[setup reg-reg] _59343_/Q -> _60032_/RN : -33.716602
[setup reg-reg] _59343_/Q -> _60033_/RN : -33.716602
[setup reg-reg] _59343_/Q -> _60034_/RN : -33.716602
[setup reg-reg] _59343_/Q -> _60035_/RN : -33.716602
[setup reg-reg] _59343_/Q -> _60036_/RN : -33.716602
[setup reg-reg] _59343_/Q -> _60037_/RN : -33.716602
[setup reg-reg] _59343_/Q -> _60038_/RN : -33.716602
[setup reg-reg] _59343_/Q -> _60039_/RN : -33.716602
[setup reg-reg] _59343_/Q -> _60040_/RN : -33.716602
[setup reg-reg] _59343_/Q -> _60041_/RN : -33.716602
[setup reg-reg] _59343_/Q -> _60042_/RN : -33.716602
[setup reg-reg] _59343_/Q -> _60043_/RN : -33.716602
[setup reg-reg] _59343_/Q -> _60044_/RN : -33.716602
[setup reg-reg] _59343_/Q -> _60045_/RN : -33.716602
[setup reg-reg] _59343_/Q -> _60046_/RN : -33.716602
[setup reg-reg] _59343_/Q -> _60047_/RN : -33.716602
[setup reg-reg] _59343_/Q -> _60048_/RN : -33.716602
[setup reg-reg] _59343_/Q -> _60049_/RN : -33.716602
[setup reg-reg] _59343_/Q -> _60050_/RN : -33.716602
[setup reg-reg] _59343_/Q -> _60051_/RN : -33.716602
[setup reg-reg] _59343_/Q -> _60052_/RN : -33.716602
[setup reg-reg] _59343_/Q -> _60053_/RN : -33.716602
[setup reg-reg] _59343_/Q -> _60054_/RN : -33.716602
[setup reg-reg] _59343_/Q -> _60055_/RN : -33.716602
[setup reg-reg] _59343_/Q -> _60056_/RN : -33.716602
[setup reg-reg] _59343_/Q -> _60057_/RN : -33.716602
[setup reg-reg] _59343_/Q -> _60058_/RN : -33.716602
[setup reg-reg] _59343_/Q -> _60059_/RN : -33.716602
[setup reg-reg] _59343_/Q -> _60060_/RN : -33.716602
[setup reg-reg] _59343_/Q -> _60061_/RN : -33.716602
[setup reg-reg] _59343_/Q -> _60062_/RN : -33.716602
[setup reg-reg] _59343_/Q -> _60063_/RN : -33.716602
[setup reg-reg] _59343_/Q -> _60064_/RN : -33.716602
[setup reg-reg] _59343_/Q -> _60065_/RN : -33.716602
[setup reg-reg] _59343_/Q -> _60066_/RN : -33.716602
[setup reg-reg] _59343_/Q -> _60067_/RN : -33.716602
[setup reg-reg] _59343_/Q -> _60068_/RN : -33.716602
[setup reg-reg] _59343_/Q -> _60069_/RN : -33.716602
[setup reg-reg] _59343_/Q -> _60070_/RN : -33.716602
[setup reg-reg] _59343_/Q -> _60071_/RN : -33.716602
[setup reg-reg] _59343_/Q -> _60072_/RN : -33.716602
[setup reg-reg] _59343_/Q -> _60073_/RN : -33.716602
[setup reg-reg] _59343_/Q -> _60074_/RN : -33.716602
[setup reg-reg] _59343_/Q -> _60075_/RN : -33.716602
[setup reg-reg] _59343_/Q -> _60076_/RN : -33.716602
[setup reg-reg] _59343_/Q -> _60077_/RN : -33.716602
[setup reg-reg] _59343_/Q -> _60078_/RN : -33.716602
[setup reg-reg] _59343_/Q -> _60079_/RN : -33.716602
[setup reg-reg] _59343_/Q -> _60080_/RN : -33.716602
[setup reg-reg] _59343_/Q -> _60081_/RN : -33.716602
[setup reg-reg] _59343_/Q -> _60082_/RN : -33.716602
[setup reg-reg] _59343_/Q -> _60083_/RN : -33.716602
[setup reg-reg] _59343_/Q -> _60084_/RN : -33.716602
[setup reg-reg] _59343_/Q -> _60085_/RN : -33.716602
[setup reg-reg] _59343_/Q -> _60086_/RN : -33.716602
[setup reg-reg] _59343_/Q -> _60087_/RN : -33.716602
[setup reg-reg] _59343_/Q -> _60088_/RN : -33.716602
[setup reg-reg] _59343_/Q -> _60089_/RN : -33.716602
[setup reg-reg] _59343_/Q -> _60090_/RN : -33.716602
[setup reg-reg] _59343_/Q -> _60091_/RN : -33.716602
[setup reg-reg] _59343_/Q -> _60092_/RN : -33.716602
[setup reg-reg] _59343_/Q -> _60093_/RN : -33.716602
[setup reg-reg] _59343_/Q -> _60094_/RN : -33.716602
[setup reg-reg] _59343_/Q -> _60095_/RN : -33.716602
[setup reg-reg] _59343_/Q -> _60096_/RN : -33.716602
[setup reg-reg] _59343_/Q -> _60097_/RN : -33.716602
[setup reg-reg] _59343_/Q -> _60098_/RN : -33.716602
[setup reg-reg] _59343_/Q -> _60099_/RN : -33.716602
[setup reg-reg] _59343_/Q -> _60100_/RN : -33.716602
[setup reg-reg] _59343_/Q -> _60101_/RN : -33.716602
[setup reg-reg] _59343_/Q -> _60102_/RN : -33.716602
[setup reg-reg] _59343_/Q -> _60103_/RN : -33.716602
[setup reg-reg] _59343_/Q -> _60104_/RN : -33.716602
[setup reg-reg] _59343_/Q -> _60105_/RN : -33.716602
[setup reg-reg] _59343_/Q -> _60106_/RN : -33.716602
[setup reg-reg] _59343_/Q -> _60107_/RN : -33.716602
[setup reg-reg] _59343_/Q -> _60108_/RN : -33.716602
[setup reg-reg] _59343_/Q -> _60109_/RN : -33.716602
[setup reg-reg] _59343_/Q -> _60110_/RN : -33.716602
[setup reg-reg] _59343_/Q -> _60111_/RN : -33.716602
[setup reg-reg] _59343_/Q -> _60112_/RN : -33.716602
[setup reg-reg] _59343_/Q -> _60113_/RN : -33.716602
[setup reg-reg] _59343_/Q -> _60114_/RN : -33.716602
[setup reg-reg] _59343_/Q -> _60115_/RN : -33.716602
[setup reg-reg] _59343_/Q -> _60116_/RN : -33.716602
[setup reg-reg] _59343_/Q -> _60117_/RN : -33.716602
[setup reg-reg] _59343_/Q -> _60118_/RN : -33.716602
[setup reg-reg] _59343_/Q -> _60119_/RN : -33.716602
[setup reg-reg] _59343_/Q -> _60120_/RN : -33.716602
[setup reg-reg] _59343_/Q -> _60121_/RN : -33.716602
[setup reg-reg] _59343_/Q -> _60122_/RN : -33.716602
[setup reg-reg] _59343_/Q -> _60123_/RN : -33.716602
[setup reg-reg] _59343_/Q -> _60124_/RN : -33.716602
[setup reg-reg] _59343_/Q -> _60125_/RN : -33.716602
[setup reg-reg] _59343_/Q -> _60126_/RN : -33.716602
[setup reg-reg] _59343_/Q -> _60127_/RN : -33.716602
[setup reg-reg] _59343_/Q -> _60128_/RN : -33.716602
[setup reg-reg] _59343_/Q -> _60129_/RN : -33.716602
[setup reg-reg] _59343_/Q -> _60130_/RN : -33.716602
[setup reg-reg] _59343_/Q -> _60131_/RN : -33.716602
[setup reg-reg] _59343_/Q -> _60132_/RN : -33.716602
[setup reg-reg] _59343_/Q -> _60133_/RN : -33.716602
[setup reg-reg] _59343_/Q -> _60134_/RN : -33.716602
[setup reg-reg] _59343_/Q -> _60135_/RN : -33.716602
[setup reg-reg] _59343_/Q -> _60136_/RN : -33.716602
[setup reg-reg] _59343_/Q -> _60137_/RN : -33.716602
[setup reg-reg] _59343_/Q -> _60138_/RN : -33.716602
[setup reg-reg] _59343_/Q -> _60139_/RN : -33.716602
[setup reg-reg] _59343_/Q -> _60140_/RN : -33.716602
[setup reg-reg] _59343_/Q -> _60141_/RN : -33.716602
[setup reg-reg] _59343_/Q -> _60142_/RN : -33.716602
[setup reg-reg] _59343_/Q -> _60143_/RN : -33.716602
[setup reg-reg] _59343_/Q -> _60144_/RN : -33.716602
[setup reg-reg] _59343_/Q -> _60145_/RN : -33.716602
[setup reg-reg] _59343_/Q -> _60146_/RN : -33.716602
[setup reg-reg] _59343_/Q -> _60147_/RN : -33.716602
[setup reg-reg] _59343_/Q -> _60148_/RN : -33.716602
[setup reg-reg] _59343_/Q -> _60149_/RN : -33.716602
[setup reg-reg] _59343_/Q -> _60150_/RN : -33.716602
[setup reg-reg] _59343_/Q -> _60151_/RN : -33.716602
[setup reg-reg] _59343_/Q -> _60152_/RN : -33.716602
[setup reg-reg] _59343_/Q -> _60153_/RN : -33.716602
[setup reg-reg] _59343_/Q -> _60154_/RN : -33.716602
[setup reg-reg] _59343_/Q -> _60155_/RN : -33.716602
[setup reg-reg] _59343_/Q -> _60156_/RN : -33.716602
[setup reg-reg] _59343_/Q -> _60157_/RN : -33.716602
[setup reg-reg] _59343_/Q -> _60158_/RN : -33.716602
[setup reg-reg] _59343_/Q -> _60159_/RN : -33.716602
[setup reg-reg] _59343_/Q -> _60160_/RN : -33.716602
[setup reg-reg] _59343_/Q -> _60161_/RN : -33.716602
[setup reg-reg] _59343_/Q -> _60162_/RN : -33.716602
[setup reg-reg] _59343_/Q -> _60163_/RN : -33.716602
[setup reg-reg] _59343_/Q -> _60164_/RN : -33.716602
[setup reg-reg] _59343_/Q -> _60165_/RN : -33.716602
[setup reg-reg] _59343_/Q -> _60166_/RN : -33.716602
[setup reg-reg] _59343_/Q -> _60167_/RN : -33.716602
[setup reg-reg] _59343_/Q -> _60168_/RN : -33.716602
[setup reg-reg] _59343_/Q -> _60169_/RN : -33.716602
[setup reg-reg] _59343_/Q -> _60170_/RN : -33.716602
[setup reg-reg] _59343_/Q -> _60171_/RN : -33.716602
[setup reg-reg] _59343_/Q -> _60172_/RN : -33.716602
[setup reg-reg] _59343_/Q -> _60173_/RN : -33.716602
[setup reg-reg] _59343_/Q -> _60174_/RN : -33.716602
[setup reg-reg] _59343_/Q -> _60175_/RN : -33.716602
[setup reg-reg] _59343_/Q -> _60176_/RN : -33.716602
[setup reg-reg] _59343_/Q -> _60177_/RN : -33.716602
[setup reg-reg] _59343_/Q -> _60178_/RN : -33.716602
[setup reg-reg] _59343_/Q -> _60179_/RN : -33.716602
[setup reg-reg] _59343_/Q -> _60180_/RN : -33.716602
[setup reg-reg] _59343_/Q -> _60181_/RN : -33.716602
[setup reg-reg] _59343_/Q -> _60182_/RN : -33.716602
[setup reg-reg] _59343_/Q -> _60183_/RN : -33.716602
[setup reg-reg] _59343_/Q -> _60184_/RN : -33.716602
[setup reg-reg] _59343_/Q -> _60185_/RN : -33.716602
[setup reg-reg] _59343_/Q -> _60186_/RN : -33.716602
[setup reg-reg] _59343_/Q -> _60187_/RN : -33.716602
[setup reg-reg] _59343_/Q -> _60188_/RN : -33.716602
[setup reg-reg] _59343_/Q -> _60189_/RN : -33.716602
[setup reg-reg] _59343_/Q -> _60190_/RN : -33.716602
[setup reg-reg] _59343_/Q -> _60191_/RN : -33.716602
[setup reg-reg] _59343_/Q -> _60192_/RN : -33.716602
[setup reg-reg] _59343_/Q -> _60193_/RN : -33.716602
[setup reg-reg] _59343_/Q -> _60194_/RN : -33.716602
[setup reg-reg] _59343_/Q -> _60195_/RN : -33.716602
[setup reg-reg] _59343_/Q -> _60196_/RN : -33.716602
[setup reg-reg] _59343_/Q -> _60197_/RN : -33.716602
[setup reg-reg] _59343_/Q -> _60198_/RN : -33.716602
[setup reg-reg] _59343_/Q -> _60199_/RN : -33.716602
[setup reg-reg] _59343_/Q -> _60200_/RN : -33.716602
[setup reg-reg] _59343_/Q -> _60201_/RN : -33.716602
[setup reg-reg] _59343_/Q -> _60202_/RN : -33.716602
[setup reg-reg] _59343_/Q -> _60203_/RN : -33.716602
[setup reg-reg] _59343_/Q -> _60204_/RN : -33.716602
[setup reg-reg] _59343_/Q -> _60205_/RN : -33.716602
[setup reg-reg] _59343_/Q -> _60206_/RN : -33.716602
[setup reg-reg] _59343_/Q -> _60207_/RN : -33.716602
[setup reg-reg] _59343_/Q -> _60208_/RN : -33.716602
[setup reg-reg] _59343_/Q -> _60209_/RN : -33.716602
[setup reg-reg] _59343_/Q -> _60210_/RN : -33.716602
[setup reg-reg] _59343_/Q -> _60211_/RN : -33.716602
[setup reg-reg] _59343_/Q -> _60212_/RN : -33.716602
[setup reg-reg] _59343_/Q -> _60213_/RN : -33.716602
[setup reg-reg] _59343_/Q -> _60214_/RN : -33.716602
[setup reg-reg] _59343_/Q -> _60215_/RN : -33.716602
[setup reg-reg] _59343_/Q -> _60216_/RN : -33.716602
[setup reg-reg] _59343_/Q -> _60217_/RN : -33.716602
[setup reg-reg] _59343_/Q -> _60218_/RN : -33.716602
[setup reg-reg] _59343_/Q -> _60219_/RN : -33.716602
[setup reg-reg] _59343_/Q -> _60220_/RN : -33.716602
[setup reg-reg] _59343_/Q -> _60221_/RN : -33.716602
[setup reg-reg] _59343_/Q -> _60222_/RN : -33.716602
[setup reg-reg] _59343_/Q -> _60223_/RN : -33.716602
[setup reg-reg] _59343_/Q -> _60224_/RN : -33.716602
[setup reg-reg] _59343_/Q -> _60225_/RN : -33.716602
[setup reg-reg] _59343_/Q -> _60226_/RN : -33.716602
[setup reg-reg] _59343_/Q -> _60227_/RN : -33.716602
[setup reg-reg] _59343_/Q -> _60228_/RN : -33.716602
[setup reg-reg] _59343_/Q -> _60229_/RN : -33.716602
[setup reg-reg] _59343_/Q -> _60230_/RN : -33.716602
[setup reg-reg] _59343_/Q -> _60231_/RN : -33.716602
[setup reg-reg] _59343_/Q -> _60232_/RN : -33.716602
[setup reg-reg] _59343_/Q -> _60233_/RN : -33.716602
[setup reg-reg] _59343_/Q -> _60234_/RN : -33.716602
[setup reg-reg] _59343_/Q -> _60235_/RN : -33.716602
[setup reg-reg] _59343_/Q -> _60236_/RN : -33.716602
[setup reg-reg] _59343_/Q -> _60237_/RN : -33.716602
[setup reg-reg] _59343_/Q -> _60238_/RN : -33.716602
[setup reg-reg] _59343_/Q -> _60239_/RN : -33.716602
[setup reg-reg] _59343_/Q -> _60240_/RN : -33.716602
[setup reg-reg] _59343_/Q -> _60241_/RN : -33.716602
[setup reg-reg] _59343_/Q -> _60242_/RN : -33.716602
[setup reg-reg] _59343_/Q -> _60243_/RN : -33.716602
[setup reg-reg] _59343_/Q -> _60244_/RN : -33.716602
[setup reg-reg] _59343_/Q -> _60245_/RN : -33.716602
[setup reg-reg] _59343_/Q -> _60246_/RN : -33.716602
[setup reg-reg] _59343_/Q -> _60247_/RN : -33.716602
[setup reg-reg] _59343_/Q -> _60248_/RN : -33.716602
[setup reg-reg] _59343_/Q -> _60249_/RN : -33.716602
[setup reg-reg] _59343_/Q -> _60250_/RN : -33.716602
[setup reg-reg] _59343_/Q -> _60251_/RN : -33.716602
[setup reg-reg] _59343_/Q -> _60252_/RN : -33.716602
[setup reg-reg] _59343_/Q -> _60253_/RN : -33.716602
[setup reg-reg] _59343_/Q -> _60255_/RN : -33.716602
[setup reg-reg] _59343_/Q -> _60256_/RN : -33.716602
[setup reg-reg] _59343_/Q -> _60257_/RN : -33.716602
[setup reg-reg] _59343_/Q -> _60258_/RN : -33.716602
[setup reg-reg] _59343_/Q -> _60259_/RN : -33.716602
[setup reg-reg] _59343_/Q -> _60260_/RN : -33.716602
[setup reg-reg] _59343_/Q -> _60261_/RN : -33.716602
[setup reg-reg] _59343_/Q -> _60262_/RN : -33.716602
[setup reg-reg] _59343_/Q -> _60263_/RN : -33.716602
[setup reg-reg] _59343_/Q -> _60264_/RN : -33.716602
[setup reg-reg] _59343_/Q -> _60265_/RN : -33.716602
[setup reg-reg] _59343_/Q -> _60266_/RN : -33.716602
[setup reg-reg] _59343_/Q -> _60267_/RN : -33.716602
[setup reg-reg] _59343_/Q -> _60268_/RN : -33.716602
[setup reg-reg] _59343_/Q -> _60269_/RN : -33.716602
[setup reg-reg] _59343_/Q -> _60270_/RN : -33.716602
[setup reg-reg] _59343_/Q -> _60271_/RN : -33.716602
[setup reg-reg] _59343_/Q -> _60272_/RN : -33.716602
[setup reg-reg] _59343_/Q -> _60367_/RN : -33.716602
[setup reg-reg] _59343_/Q -> _60368_/RN : -33.716602
[setup reg-reg] _59343_/Q -> _60369_/RN : -33.716602
[setup reg-reg] _59343_/Q -> _60651_/RN : -33.716602
[setup reg-reg] _59343_/Q -> _60652_/RN : -33.716602
[setup reg-reg] _59343_/Q -> _60653_/RN : -33.716602
[setup reg-reg] _59343_/Q -> _60654_/RN : -33.716602
[setup reg-reg] _59343_/Q -> _60655_/RN : -33.716602
[setup reg-reg] _59343_/Q -> _60656_/RN : -33.716602
[setup reg-reg] _59343_/Q -> _60657_/RN : -33.716602
[setup reg-reg] _59343_/Q -> _60658_/RN : -33.716602
[setup reg-reg] _59343_/Q -> _60659_/RN : -33.716602
[setup reg-reg] _59343_/Q -> _60660_/RN : -33.716602
[setup reg-reg] _59343_/Q -> _60661_/RN : -33.716602
[setup reg-reg] _59343_/Q -> _60662_/RN : -33.716602
[setup reg-reg] _59343_/Q -> _60663_/RN : -33.716602
[setup reg-reg] _59343_/Q -> _60664_/RN : -33.716602
[setup reg-reg] _59343_/Q -> _60665_/RN : -33.716602
[setup reg-reg] _59343_/Q -> _60666_/RN : -33.716602
[setup reg-reg] _59343_/Q -> _60667_/RN : -33.716602
[setup reg-reg] _59343_/Q -> _60668_/RN : -33.716602
[setup reg-reg] _59343_/Q -> _60669_/RN : -33.716602
[setup reg-reg] _59343_/Q -> _60670_/RN : -33.716602
[setup reg-reg] _59343_/Q -> _60671_/RN : -33.716602
[setup reg-reg] _59343_/Q -> _60672_/RN : -33.716602
[setup reg-reg] _59343_/Q -> _60673_/RN : -33.716602
[setup reg-reg] _59343_/Q -> _60674_/RN : -33.716602
[setup reg-reg] _59343_/Q -> _60675_/RN : -33.716602
[setup reg-reg] _59343_/Q -> _60676_/RN : -33.716602
[setup reg-reg] _59343_/Q -> _60677_/RN : -33.716602
[setup reg-reg] _59343_/Q -> _60678_/RN : -33.716602
[setup reg-reg] _59343_/Q -> _60679_/RN : -33.716602
[setup reg-reg] _59343_/Q -> _60680_/RN : -33.716602
[setup reg-reg] _59343_/Q -> _60681_/RN : -33.716602
[setup reg-reg] _59343_/Q -> _60682_/RN : -33.716602
[setup reg-reg] _59343_/Q -> _60683_/RN : -33.716602
[setup reg-reg] _59343_/Q -> _60684_/RN : -33.716602
[setup reg-reg] _59343_/Q -> _60685_/RN : -33.716602
[setup reg-reg] _59343_/Q -> _60686_/RN : -33.716602
[setup reg-reg] _59343_/Q -> _60687_/RN : -33.716602
[setup reg-reg] _59343_/Q -> _60688_/RN : -33.716602
[setup reg-reg] _59343_/Q -> _60689_/RN : -33.716602
[setup reg-reg] _59343_/Q -> _60690_/RN : -33.716602
[setup reg-reg] _59343_/Q -> _60696_/RN : -33.716602
[setup reg-reg] _59343_/Q -> _60697_/RN : -33.716602
[setup reg-reg] _59343_/Q -> _60700_/RN : -33.716602
[setup reg-reg] _59343_/Q -> _60716_/RN : -33.716602
[setup reg-reg] _59343_/Q -> _60717_/RN : -33.716602
[setup reg-reg] _59343_/Q -> _60718_/RN : -33.716602
[setup reg-reg] _59343_/Q -> _60719_/RN : -33.716602
[setup reg-reg] _59343_/Q -> _61013_/RN : -33.716602
[setup reg-reg] _59343_/Q -> _61014_/RN : -33.716602
[setup reg-reg] _59343_/Q -> _61015_/RN : -33.716602
[setup reg-reg] _59343_/Q -> _61016_/RN : -33.716602
[setup reg-reg] _59343_/Q -> _61017_/RN : -33.716602
[setup reg-reg] _59343_/Q -> _61018_/RN : -33.716602
[setup reg-reg] _59343_/Q -> _61019_/RN : -33.716602
[setup reg-reg] _59343_/Q -> _61020_/RN : -33.716602
[setup reg-reg] _59343_/Q -> _61021_/RN : -33.716602
[setup reg-reg] _59343_/Q -> _61022_/RN : -33.716602
[setup reg-reg] _59343_/Q -> _61023_/RN : -33.716602
[setup reg-reg] _59343_/Q -> _61024_/RN : -33.716602
[setup reg-reg] _59343_/Q -> _61025_/RN : -33.716602
[setup reg-reg] _59343_/Q -> _61026_/RN : -33.716602
[setup reg-reg] _59343_/Q -> _61027_/RN : -33.716602
[setup reg-reg] _59343_/Q -> _61028_/RN : -33.716602
[setup reg-reg] _59343_/Q -> _61029_/RN : -33.716602
[setup reg-reg] _59343_/Q -> _61030_/RN : -33.716602
[setup reg-reg] _59343_/Q -> _61031_/RN : -33.716602
[setup reg-reg] _59343_/Q -> _61032_/RN : -33.716602
[setup reg-reg] _59343_/Q -> _61033_/RN : -33.716602
[setup reg-reg] _59343_/Q -> _61034_/RN : -33.716602
[setup reg-reg] _59343_/Q -> _61035_/RN : -33.716602
[setup reg-reg] _59343_/Q -> _61036_/RN : -33.716602
[setup reg-reg] _59343_/Q -> _61037_/RN : -33.716602
[setup reg-reg] _59343_/Q -> _61038_/RN : -33.716602
[setup reg-reg] _59343_/Q -> _61039_/RN : -33.716602
[setup reg-reg] _59343_/Q -> _61040_/RN : -33.716602
[setup reg-reg] _59343_/Q -> _61041_/RN : -33.716602
[setup reg-reg] _59343_/Q -> _61042_/RN : -33.716602
[setup reg-reg] _59343_/Q -> _61043_/RN : -33.716602
[setup reg-reg] _59343_/Q -> _61044_/RN : -33.716602
[setup reg-reg] _59343_/Q -> _61045_/RN : -33.716602
[setup reg-reg] _59343_/Q -> _61046_/RN : -33.716602
[setup reg-reg] _59343_/Q -> _61047_/RN : -33.716602
[setup reg-reg] _59343_/Q -> _61048_/RN : -33.716602
[setup reg-reg] _59343_/Q -> _61049_/RN : -33.716602
[setup reg-reg] _59343_/Q -> _61050_/RN : -33.716602
[setup reg-reg] _59343_/Q -> _61051_/RN : -33.716602
[setup reg-reg] _59343_/Q -> _61052_/RN : -33.716602
[setup reg-reg] _59343_/Q -> _61053_/RN : -33.716602
[setup reg-reg] _59343_/Q -> _61054_/RN : -33.716602
[setup reg-reg] _59343_/Q -> _61055_/RN : -33.716602
[setup reg-reg] _59343_/Q -> _61056_/RN : -33.716602
[setup reg-reg] _59343_/Q -> _61057_/RN : -33.716602
[setup reg-reg] _59343_/Q -> _61058_/RN : -33.716602
[setup reg-reg] _59343_/Q -> _61059_/RN : -33.716602
[setup reg-reg] _59343_/Q -> _61060_/RN : -33.716602
[setup reg-reg] _59343_/Q -> _61061_/RN : -33.716602
[setup reg-reg] _59343_/Q -> _61062_/RN : -33.716602
[setup reg-reg] _59343_/Q -> _61063_/RN : -33.716602
[setup reg-reg] _59343_/Q -> _61064_/RN : -33.716602
[setup reg-reg] _59343_/Q -> _61065_/RN : -33.716602
[setup reg-reg] _59343_/Q -> _61066_/RN : -33.716602
[setup reg-reg] _59343_/Q -> _61067_/RN : -33.716602
[setup reg-reg] _59343_/Q -> _61068_/RN : -33.716602
[setup reg-reg] _59343_/Q -> _61069_/RN : -33.716602
[setup reg-reg] _59343_/Q -> _61070_/RN : -33.716602
[setup reg-reg] _59343_/Q -> _61071_/RN : -33.716602
[setup reg-reg] _59343_/Q -> _61072_/RN : -33.716602
[setup reg-reg] _59343_/Q -> _61073_/RN : -33.716602
[setup reg-reg] _59343_/Q -> _61074_/RN : -33.716602
[setup reg-reg] _59343_/Q -> _61075_/RN : -33.716602
[setup reg-reg] _59343_/Q -> _61076_/RN : -33.716602
[setup reg-reg] _59343_/Q -> _61077_/RN : -33.716602
[setup reg-reg] _59343_/Q -> _61078_/RN : -33.716602
[setup reg-reg] _59343_/Q -> _61079_/RN : -33.716602
[setup reg-reg] _59343_/Q -> _61080_/RN : -33.716602
[setup reg-reg] _59343_/Q -> _61081_/RN : -33.716602
[setup reg-reg] _59343_/Q -> _61082_/RN : -33.716602
[setup reg-reg] _59343_/Q -> _61083_/RN : -33.716602
[setup reg-reg] _59343_/Q -> _55570_/SETN : -29.021582
[setup reg-reg] _59343_/Q -> _55571_/SETN : -29.021582
[setup reg-reg] _59343_/Q -> _55572_/SETN : -29.021582
[setup reg-reg] _59343_/Q -> _55573_/SETN : -29.021582
[setup reg-reg] _59343_/Q -> _55574_/SETN : -29.021582
[setup reg-reg] _59343_/Q -> _55575_/SETN : -29.021582
[setup reg-reg] _59343_/Q -> _55576_/SETN : -29.021582
[setup reg-reg] _59343_/Q -> _55577_/SETN : -29.021582
[setup reg-reg] _59343_/Q -> _55578_/SETN : -29.021582
[setup reg-reg] _59343_/Q -> _55579_/SETN : -29.021582
[setup reg-reg] _59343_/Q -> _60254_/SETN : -29.021582
[setup reg-reg] _59343_/Q -> _60273_/SETN : -29.021582
[setup reg-reg] _59343_/Q -> _60691_/SETN : -29.021582
[setup reg-reg] _59343_/Q -> _60692_/SETN : -29.021582
[setup reg-reg] _59343_/Q -> _60693_/SETN : -29.021582
[setup reg-reg] _59343_/Q -> _60694_/SETN : -29.021582
[setup reg-reg] _59343_/Q -> _60695_/SETN : -29.021582
[setup reg-reg] _59343_/Q -> _60698_/SETN : -29.021582
[setup reg-reg] _59343_/Q -> _60699_/SETN : -29.021582
[setup reg-reg] _59343_/Q -> _60701_/SETN : -29.021582
[setup reg-reg] _59343_/Q -> _60545_/D : -0.892438
