
===========================================================================
Violator List
============================================================================
[hold in-reg] rst_ni -> _61399_/RN : -115.771240
[hold in-reg] rst_ni -> _61400_/RN : -115.771248
[hold in-reg] rst_ni -> _61401_/RN : -115.771248
[hold in-reg] rst_ni -> _61402_/RN : -115.771248
[hold in-reg] rst_ni -> _61403_/RN : -115.771225
[hold in-reg] rst_ni -> _61788_/RN : -115.770866
[hold reg-reg] _60516_/Q -> _60997_/RN : -113.107521
[hold reg-reg] _60516_/Q -> _61217_/RN : -113.107521
[hold reg-reg] _61852_/Q -> _61150_/D : -108.796982
[hold reg-reg] _61850_/Q -> _61148_/D : -108.791512
[hold reg-reg] _61851_/Q -> _61149_/D : -108.696945
[hold reg-reg] _61784_/Q -> _61217_/D : -108.525246
[hold reg-reg] _61849_/Q -> _61147_/D : -108.440048
[hold reg-reg] _61843_/Q -> _61141_/D : -108.404625
[hold reg-reg] _61855_/Q -> _61153_/D : -108.378593
[hold reg-reg] _61856_/Q -> _61154_/D : -108.329613
[hold reg-reg] _62343_/Q -> _61152_/D : -108.259926
[hold reg-reg] _61853_/Q -> _61151_/D : -108.259560
[hold reg-reg] _62331_/Q -> _61140_/D : -108.179420
[hold reg-reg] _61848_/Q -> _61146_/D : -108.140579
[hold reg-reg] _62333_/Q -> _61142_/D : -108.075974
[hold reg-reg] _61847_/Q -> _61145_/D : -108.074295
[hold reg-reg] _61841_/Q -> _61139_/D : -108.073227
[hold reg-reg] _61843_/Q -> _61057_/D : -108.028351
[hold reg-reg] _62335_/Q -> _61144_/D : -107.960945
[hold reg-reg] _62334_/Q -> _61143_/D : -107.959015
[hold reg-reg] _61838_/Q -> _61052_/D : -107.876122
[hold reg-reg] _61850_/Q -> _61032_/D : -107.855103
[hold reg-reg] _62331_/Q -> _61056_/D : -107.853058
[hold reg-reg] _61848_/Q -> _61062_/D : -107.833176
[hold reg-reg] _62326_/Q -> _61051_/D : -107.828697
[hold reg-reg] _62314_/Q -> _61039_/D : -107.827950
[hold reg-reg] _61849_/Q -> _61031_/D : -107.804688
[hold reg-reg] _61852_/Q -> _61034_/D : -107.803993
[hold reg-reg] _61841_/Q -> _61055_/D : -107.769058
[hold reg-reg] _62329_/Q -> _61054_/D : -107.757195
[hold reg-reg] _62333_/Q -> _61058_/D : -107.744919
[hold reg-reg] _61851_/Q -> _61033_/D : -107.744614
[hold reg-reg] _61856_/Q -> _61038_/D : -107.743996
[hold reg-reg] _62316_/Q -> _61041_/D : -107.740707
[hold reg-reg] _61855_/Q -> _61037_/D : -107.735779
[hold reg-reg] _61847_/Q -> _61061_/D : -107.722511
[hold reg-reg] _62315_/Q -> _61040_/D : -107.707451
[hold reg-reg] _61856_/Q -> _61191_/D : -107.703087
[hold reg-reg] _62328_/Q -> _61053_/D : -107.685234
[hold reg-reg] _62319_/Q -> _61044_/D : -107.675980
[hold reg-reg] _61833_/Q -> _61047_/D : -107.661964
[hold reg-reg] _62321_/Q -> _61046_/D : -107.661751
[hold reg-reg] _62334_/Q -> _61059_/D : -107.658112
[hold reg-reg] _62335_/Q -> _61060_/D : -107.656883
[hold reg-reg] _62325_/Q -> _61050_/D : -107.646133
[hold reg-reg] _62324_/Q -> _61049_/D : -107.622429
[hold reg-reg] _62320_/Q -> _61045_/D : -107.612465
[hold reg-reg] _61853_/Q -> _61035_/D : -107.603195
[hold reg-reg] _62323_/Q -> _61048_/D : -107.596283
[hold reg-reg] _62318_/Q -> _61043_/D : -107.558197
[hold reg-reg] _62317_/Q -> _61042_/D : -107.539948
[hold reg-reg] _62343_/Q -> _61036_/D : -107.430298
[hold reg-reg] _61852_/Q -> _61187_/D : -107.145607
[hold reg-reg] _61850_/Q -> _61185_/D : -107.057449
[hold reg-reg] _62171_/Q -> _61164_/D : -106.987175
[hold reg-reg] _62171_/Q -> _61165_/D : -106.986732
[hold reg-reg] _61784_/Q -> _61138_/D : -106.837975
[hold reg-reg] _61853_/Q -> _61188_/D : -106.797501
[hold reg-reg] _61701_/Q -> _60997_/D : -106.721207
[hold reg-reg] _61843_/Q -> _61178_/D : -106.657303
[hold reg-reg] _61849_/Q -> _61184_/D : -106.603455
[hold reg-reg] _61855_/Q -> _61099_/D : -106.584686
[hold reg-reg] _61851_/Q -> _61106_/D : -106.576599
[hold reg-reg] _61855_/Q -> _61103_/D : -106.551727
[hold reg-reg] _61855_/Q -> _61190_/D : -106.480019
[hold reg-reg] _61851_/Q -> _61186_/D : -106.469833
[hold reg-reg] _62343_/Q -> _61189_/D : -106.439407
[hold reg-reg] _61848_/Q -> _61183_/D : -106.298073
[hold reg-reg] _62331_/Q -> _61177_/D : -106.273376
[hold reg-reg] _60516_/Q -> _61204_/D : -106.188026
[hold reg-reg] _62314_/Q -> _61176_/D : -106.163147
[hold reg-reg] _60516_/Q -> _61202_/D : -106.149490
[hold reg-reg] _60516_/Q -> _61194_/D : -106.040260
[hold reg-reg] _61668_/Q -> _61105_/D : -105.994713
[hold reg-reg] _62333_/Q -> _61179_/D : -105.958672
[hold reg-reg] _60516_/Q -> _61203_/D : -105.927078
[hold reg-reg] _60516_/Q -> _61196_/D : -105.866661
[hold reg-reg] _60516_/Q -> _61213_/D : -105.862030
[hold reg-reg] _61847_/Q -> _61182_/D : -105.817093
[hold reg-reg] _61851_/Q -> _61107_/D : -105.747551
[hold reg-reg] _61847_/Q -> _61110_/D : -105.680489
[hold reg-reg] _61784_/Q -> _61192_/D : -105.472115
[hold reg-reg] _61672_/Q -> _61118_/D : -105.408119
[hold reg-reg] _62334_/Q -> _61115_/D : -105.294792
[hold reg-reg] _62329_/Q -> _61175_/D : -105.292023
[hold reg-reg] _62325_/Q -> _61170_/D : -105.231926
[hold reg-reg] _62321_/Q -> _61166_/D : -105.191788
[hold reg-reg] _62323_/Q -> _61168_/D : -104.971626
[hold reg-reg] _62314_/Q -> _61095_/D : -104.953354
[hold reg-reg] _62317_/Q -> _61124_/D : -104.938309
[hold reg-reg] _61668_/Q -> _61111_/D : -104.935432
[hold reg-reg] _61784_/Q -> _61116_/D : -104.875557
[hold reg-reg] _61784_/Q -> _61169_/D : -104.837288
[hold reg-reg] _60516_/Q -> _61198_/D : -104.826752
[hold reg-reg] _61784_/Q -> _61098_/D : -104.774506
[hold reg-reg] _61784_/Q -> _61127_/D : -104.754593
[hold reg-reg] _61784_/Q -> _61101_/D : -104.748772
[hold reg-reg] _62314_/Q -> _61125_/D : -104.748283
[hold reg-reg] _61672_/Q -> _61109_/D : -104.702896
[hold reg-reg] _62320_/Q -> _61122_/D : -104.639404
[hold reg-reg] _60516_/Q -> _61199_/D : -104.621254
[hold reg-reg] _60516_/Q -> _61197_/D : -104.599213
[hold reg-reg] _62316_/Q -> _61113_/D : -104.579544
[hold reg-reg] _60516_/Q -> _61195_/D : -104.562149
[hold reg-reg] _61833_/Q -> _61167_/D : -104.558212
[hold reg-reg] _62334_/Q -> _61180_/D : -104.524734
[hold reg-reg] _62334_/Q -> _61171_/D : -104.520149
[hold reg-reg] _62315_/Q -> _61120_/D : -104.491234
[hold reg-reg] _62334_/Q -> _61119_/D : -104.456505
[hold reg-reg] _61838_/Q -> _61096_/D : -104.453094
[hold reg-reg] _60516_/Q -> _61214_/D : -104.435463
[hold reg-reg] _62315_/Q -> _61130_/D : -104.404709
[hold reg-reg] _62326_/Q -> _61172_/D : -104.391716
[hold reg-reg] _61784_/Q -> _61117_/D : -104.348938
[hold reg-reg] _62326_/Q -> _61112_/D : -104.329407
[hold reg-reg] _60516_/Q -> _61200_/D : -104.326332
[hold reg-reg] _60516_/Q -> _61209_/D : -104.323860
[hold reg-reg] _60516_/Q -> _61201_/D : -104.281853
[hold reg-reg] _62315_/Q -> _61126_/D : -104.273598
[hold reg-reg] _62326_/Q -> _61137_/D : -104.246132
[hold reg-reg] _60516_/Q -> _61205_/D : -104.232315
[hold reg-reg] _62318_/Q -> _61131_/D : -104.222580
[hold reg-reg] _61828_/Q -> _61121_/D : -104.217331
[hold reg-reg] _60516_/Q -> _61161_/D : -104.197594
[hold reg-reg] _60516_/Q -> _61208_/D : -104.185829
[hold reg-reg] _62319_/Q -> _61181_/D : -104.179688
[hold reg-reg] _60516_/Q -> _61207_/D : -104.135368
[hold reg-reg] _60516_/Q -> _61079_/D : -104.102287
[hold reg-reg] _60516_/Q -> _61206_/D : -104.092560
[hold reg-reg] _60516_/Q -> _61092_/D : -104.088730
[hold reg-reg] _61784_/Q -> _61136_/D : -104.084129
[hold reg-reg] _61828_/Q -> _61102_/D : -104.066933
[hold reg-reg] _62314_/Q -> _61134_/D : -104.030235
[hold reg-reg] _61784_/Q -> _61108_/D : -104.021629
[hold reg-reg] _61784_/Q -> _61174_/D : -104.011574
[hold reg-reg] _62319_/Q -> _61114_/D : -104.000252
[hold reg-reg] _61784_/Q -> _61123_/D : -103.904716
[hold reg-reg] _61784_/Q -> _61129_/D : -103.870956
[hold reg-reg] _61838_/Q -> _61173_/D : -103.769211
[hold reg-reg] _62314_/Q -> _61132_/D : -103.729286
[hold reg-reg] _61784_/Q -> _61135_/D : -103.625587
[hold reg-reg] _61838_/Q -> _61128_/D : -103.569809
[hold reg-reg] _60516_/Q -> _61069_/D : -103.461288
[hold reg-reg] _60516_/Q -> _61066_/D : -103.458244
[hold reg-reg] _60516_/Q -> _61071_/D : -103.452400
[hold reg-reg] _60516_/Q -> _61070_/D : -103.448784
[hold reg-reg] _60516_/Q -> _61068_/D : -103.445023
[hold reg-reg] _60516_/Q -> _61064_/D : -103.436852
[hold reg-reg] _60516_/Q -> _61072_/D : -103.436234
[hold reg-reg] _60516_/Q -> _61065_/D : -103.429314
[hold reg-reg] _60516_/Q -> _61067_/D : -103.425652
[hold reg-reg] _62329_/Q -> _61133_/D : -103.421814
[hold reg-reg] _60516_/Q -> _61087_/D : -103.406975
[hold reg-reg] _60516_/Q -> _61084_/D : -103.394966
[hold reg-reg] _60516_/Q -> _61083_/D : -103.386589
[hold reg-reg] _60516_/Q -> _61077_/D : -103.384071
[hold reg-reg] _60516_/Q -> _61088_/D : -103.383545
[hold reg-reg] _60516_/Q -> _61089_/D : -103.377625
[hold reg-reg] _60516_/Q -> _61081_/D : -103.360519
[hold reg-reg] _60516_/Q -> _61091_/D : -103.357780
[hold reg-reg] _60516_/Q -> _61080_/D : -103.355164
[hold reg-reg] _60516_/Q -> _61085_/D : -103.349380
[hold reg-reg] _60516_/Q -> _61093_/D : -103.348000
[hold reg-reg] _60516_/Q -> _61074_/D : -103.347672
[hold reg-reg] _60516_/Q -> _61090_/D : -103.346977
[hold reg-reg] _60516_/Q -> _61082_/D : -103.344521
[hold reg-reg] _60516_/Q -> _61078_/D : -103.340454
[hold reg-reg] _60516_/Q -> _61086_/D : -103.330780
[hold reg-reg] _60516_/Q -> _61094_/D : -103.330498
[hold reg-reg] _61828_/Q -> _61100_/D : -103.329750
[hold reg-reg] _60516_/Q -> _61073_/D : -103.328140
[hold reg-reg] _60516_/Q -> _61076_/D : -103.324738
[hold reg-reg] _60516_/Q -> _61075_/D : -103.317665
[hold reg-reg] _60516_/Q -> _61063_/D : -103.298645
[hold reg-reg] _61784_/Q -> _61097_/D : -103.072899
[hold reg-reg] _61784_/Q -> _61155_/D : -102.996750
[hold reg-reg] _62326_/Q -> _61104_/D : -102.890427
[hold reg-reg] _60516_/Q -> _61218_/RN : -98.775261
[hold reg-reg] _60516_/Q -> _61398_/RN : -98.775246
[hold reg-reg] _61826_/Q -> _61261_/D : -95.035149
[hold reg-reg] _61825_/Q -> _61260_/D : -94.946045
[hold reg-reg] _61856_/Q -> _61374_/D : -94.923920
[hold reg-reg] _61785_/Q -> _61398_/D : -94.710670
[hold reg-reg] _61841_/Q -> _61276_/D : -94.517807
[hold reg-reg] _61844_/Q -> _61279_/D : -94.514549
[hold reg-reg] _61832_/Q -> _61267_/D : -94.449532
[hold reg-reg] _61846_/Q -> _61281_/D : -94.419182
[hold reg-reg] _62325_/Q -> _61271_/D : -94.384720
[hold reg-reg] _61856_/Q -> _61259_/D : -94.315018
[hold reg-reg] _62319_/Q -> _61332_/D : -94.242332
[hold reg-reg] _62324_/Q -> _61270_/D : -94.225365
[hold reg-reg] _61834_/Q -> _61269_/D : -94.218506
[hold reg-reg] _62332_/Q -> _61278_/D : -94.202263
[hold reg-reg] _62329_/Q -> _61275_/D : -94.179787
[hold reg-reg] _62336_/Q -> _61282_/D : -94.158897
[hold reg-reg] _62327_/Q -> _61273_/D : -94.139153
[hold reg-reg] _62331_/Q -> _61277_/D : -94.133415
[hold reg-reg] _62319_/Q -> _61265_/D : -94.130348
[hold reg-reg] _61833_/Q -> _61268_/D : -94.127869
[hold reg-reg] _62337_/Q -> _61283_/D : -94.119286
[hold reg-reg] _62318_/Q -> _61264_/D : -94.106033
[hold reg-reg] _61845_/Q -> _61280_/D : -94.090103
[hold reg-reg] _61785_/Q -> _61326_/D : -94.038498
[hold reg-reg] _62328_/Q -> _61274_/D : -94.027260
[hold reg-reg] _62326_/Q -> _61272_/D : -94.016472
[hold reg-reg] _61854_/Q -> _61372_/D : -94.002777
[hold reg-reg] _61852_/Q -> _61255_/D : -93.991745
[hold reg-reg] _62344_/Q -> _61258_/D : -93.970367
[hold reg-reg] _61852_/Q -> _61370_/D : -93.953133
[hold reg-reg] _61851_/Q -> _61254_/D : -93.936966
[hold reg-reg] _62317_/Q -> _61263_/D : -93.924088
[hold reg-reg] _61841_/Q -> _61359_/D : -93.918953
[hold reg-reg] _62320_/Q -> _61266_/D : -93.901497
[hold reg-reg] _61851_/Q -> _61369_/D : -93.899170
[hold reg-reg] _61850_/Q -> _61253_/D : -93.891304
[hold reg-reg] _61846_/Q -> _61364_/D : -93.882393
[hold reg-reg] _61844_/Q -> _61362_/D : -93.841721
[hold reg-reg] _61850_/Q -> _61368_/D : -93.839264
[hold reg-reg] _62342_/Q -> _61371_/D : -93.824387
[hold reg-reg] _61854_/Q -> _61257_/D : -93.814728
[hold reg-reg] _62338_/Q -> _61367_/D : -93.812721
[hold reg-reg] _62342_/Q -> _61256_/D : -93.801636
[hold reg-reg] _61785_/Q -> _61323_/D : -93.778358
[hold reg-reg] _62338_/Q -> _61252_/D : -93.765953
[hold reg-reg] _61832_/Q -> _61375_/D : -93.728790
[hold reg-reg] _61785_/Q -> _61343_/D : -93.722221
[hold reg-reg] _62325_/Q -> _61353_/D : -93.710487
[hold reg-reg] _61785_/Q -> _61320_/D : -93.702164
[hold reg-reg] _61785_/Q -> _61341_/D : -93.692795
[hold reg-reg] _61785_/Q -> _61331_/D : -93.668297
[hold reg-reg] _62332_/Q -> _61361_/D : -93.667374
[hold reg-reg] _62331_/Q -> _61360_/D : -93.648369
[hold reg-reg] _61785_/Q -> _61328_/D : -93.640511
[hold reg-reg] _62336_/Q -> _61365_/D : -93.628189
[hold reg-reg] _61785_/Q -> _61335_/D : -93.620369
[hold reg-reg] _61785_/Q -> _61329_/D : -93.611870
[hold reg-reg] _62344_/Q -> _61325_/D : -93.579346
[hold reg-reg] _62329_/Q -> _61358_/D : -93.573860
[hold reg-reg] _62326_/Q -> _61316_/D : -93.569740
[hold reg-reg] _61785_/Q -> _61334_/D : -93.547897
[hold reg-reg] _62337_/Q -> _61366_/D : -93.524223
[hold reg-reg] _62328_/Q -> _61346_/D : -93.522018
[hold reg-reg] _61834_/Q -> _61351_/D : -93.500702
[hold reg-reg] _60996_/Q -> _61380_/D : -93.457176
[hold reg-reg] _61833_/Q -> _61350_/D : -93.444817
[hold reg-reg] _62324_/Q -> _61352_/D : -93.434235
[hold reg-reg] _60996_/Q -> _61379_/D : -93.433113
[hold reg-reg] _62317_/Q -> _61337_/D : -93.432465
[hold reg-reg] _62316_/Q -> _61324_/D : -93.418442
[hold reg-reg] _62327_/Q -> _61348_/D : -93.415550
[hold reg-reg] _60996_/Q -> _61378_/D : -93.413864
[hold reg-reg] _62318_/Q -> _61345_/D : -93.323082
[hold reg-reg] _60996_/Q -> _61391_/D : -93.316322
[hold reg-reg] _60996_/Q -> _61386_/D : -93.316010
[hold reg-reg] _62316_/Q -> _61330_/D : -93.305984
[hold reg-reg] _61832_/Q -> _61349_/D : -93.284912
[hold reg-reg] _62319_/Q -> _61342_/D : -93.284531
[hold reg-reg] _61785_/Q -> _61373_/D : -93.275566
[hold reg-reg] _60996_/Q -> _61382_/D : -93.244514
[hold reg-reg] _62316_/Q -> _61338_/D : -93.242706
[hold reg-reg] _62328_/Q -> _61318_/D : -93.230835
[hold reg-reg] _60996_/Q -> _61383_/D : -93.170540
[hold reg-reg] _62344_/Q -> _61321_/D : -93.158188
[hold reg-reg] _62327_/Q -> _61319_/D : -93.148048
[hold reg-reg] _62318_/Q -> _61339_/D : -93.102730
[hold reg-reg] _61785_/Q -> _61356_/D : -93.093323
[hold reg-reg] _62317_/Q -> _61333_/D : -93.043770
[hold reg-reg] _62326_/Q -> _61355_/D : -93.008514
[hold reg-reg] _61701_/Q -> _61218_/D : -92.977737
[hold reg-reg] _62318_/Q -> _61347_/D : -92.826714
[hold reg-reg] _62316_/Q -> _61262_/D : -92.760597
[hold reg-reg] _62316_/Q -> _61322_/D : -92.731514
[hold reg-reg] _61785_/Q -> _61344_/D : -92.653221
[hold reg-reg] _62319_/Q -> _61336_/D : -92.649742
[hold reg-reg] _62328_/Q -> _61327_/D : -92.617584
[hold reg-reg] _61845_/Q -> _61354_/D : -92.533333
[hold reg-reg] _60996_/Q -> _61384_/D : -92.529419
[hold reg-reg] _61845_/Q -> _61363_/D : -92.524246
[hold reg-reg] _60996_/Q -> _61377_/D : -92.513206
[hold reg-reg] _60996_/Q -> _61385_/D : -92.411430
[hold reg-reg] _62328_/Q -> _61357_/D : -92.249207
[hold reg-reg] _60996_/Q -> _61381_/D : -92.247604
[hold reg-reg] _60996_/Q -> _61395_/D : -92.143555
[hold reg-reg] _60996_/Q -> _61387_/D : -92.097450
[hold reg-reg] _60996_/Q -> _61390_/D : -92.031754
[hold reg-reg] _60996_/Q -> _61388_/D : -91.992195
[hold reg-reg] _60996_/Q -> _61389_/D : -91.987732
[hold reg-reg] _61785_/Q -> _61396_/D : -91.600159
[hold reg-reg] _61785_/Q -> _61317_/D : -91.470695
[hold reg-reg] _62328_/Q -> _61340_/D : -91.458069
[hold reg-reg] _60996_/Q -> _61284_/D : -91.053993
[hold reg-reg] _60996_/Q -> _61315_/D : -90.939400
[hold reg-reg] _60996_/Q -> _61310_/D : -90.911079
[hold reg-reg] _60996_/Q -> _61305_/D : -90.901466
[hold reg-reg] _60996_/Q -> _61306_/D : -90.900009
[hold reg-reg] _60996_/Q -> _61311_/D : -90.893509
[hold reg-reg] _60996_/Q -> _61308_/D : -90.892792
[hold reg-reg] _60996_/Q -> _61313_/D : -90.889778
[hold reg-reg] _60996_/Q -> _61288_/D : -90.884972
[hold reg-reg] _60996_/Q -> _61309_/D : -90.881546
[hold reg-reg] _60996_/Q -> _61287_/D : -90.877975
[hold reg-reg] _60996_/Q -> _61312_/D : -90.866058
[hold reg-reg] _60996_/Q -> _61286_/D : -90.853157
[hold reg-reg] _60996_/Q -> _61285_/D : -90.850662
[hold reg-reg] _60996_/Q -> _61290_/D : -90.848465
[hold reg-reg] _60996_/Q -> _61291_/D : -90.847542
[hold reg-reg] _60996_/Q -> _61289_/D : -90.846115
[hold reg-reg] _60996_/Q -> _61307_/D : -90.844955
[hold reg-reg] _60996_/Q -> _61292_/D : -90.830429
[hold reg-reg] _60996_/Q -> _61293_/D : -90.818962
[hold reg-reg] _60996_/Q -> _61304_/D : -90.774338
[hold reg-reg] _60996_/Q -> _61297_/D : -90.769478
[hold reg-reg] _60996_/Q -> _61303_/D : -90.769226
[hold reg-reg] _60996_/Q -> _61299_/D : -90.765884
[hold reg-reg] _60996_/Q -> _61296_/D : -90.748360
[hold reg-reg] _60996_/Q -> _61294_/D : -90.744736
[hold reg-reg] _60996_/Q -> _61295_/D : -90.744751
[hold reg-reg] _60996_/Q -> _61301_/D : -90.744553
[hold reg-reg] _60996_/Q -> _61302_/D : -90.743019
[hold reg-reg] _60996_/Q -> _61298_/D : -90.739960
[hold reg-reg] _60996_/Q -> _61314_/D : -90.630394
[hold reg-reg] _60996_/Q -> _61300_/D : -90.600571
[hold reg-reg] _61786_/Q -> _60437_/D : -85.936859
[hold reg-reg] _61786_/Q -> _60436_/D : -85.658257
[hold reg-reg] _61786_/Q -> _60435_/D : -85.643494
[hold reg-reg] _61786_/Q -> _61403_/D : -85.056137
[hold reg-reg] _61786_/Q -> _60431_/D : -85.012192
[hold reg-reg] _61786_/Q -> _60430_/D : -84.990669
[hold reg-reg] _61786_/Q -> _60432_/D : -84.973244
[hold reg-reg] _61786_/Q -> _60433_/D : -84.929420
[hold reg-reg] _61786_/Q -> _60434_/D : -84.894577
[hold reg-reg] _61677_/Q -> _60301_/D : -84.531578
[hold reg-reg] _61677_/Q -> _60365_/D : -84.530655
[hold reg-reg] _61677_/Q -> _60333_/D : -84.529266
[hold reg-reg] _61677_/Q -> _60300_/D : -84.484215
[hold reg-reg] _61677_/Q -> _60364_/D : -84.482468
[hold reg-reg] _61677_/Q -> _60332_/D : -84.482269
[hold reg-reg] _61677_/Q -> _60299_/D : -84.456062
[hold reg-reg] _61677_/Q -> _60363_/D : -84.455109
[hold reg-reg] _61677_/Q -> _60331_/D : -84.453568
[hold reg-reg] _61677_/Q -> _59529_/D : -84.449326
[hold reg-reg] _61677_/Q -> _59528_/D : -84.448883
[hold reg-reg] _61677_/Q -> _59480_/D : -84.427071
[hold reg-reg] _61677_/Q -> _59481_/D : -84.426552
[hold reg-reg] _61677_/Q -> _59485_/D : -84.426277
[hold reg-reg] _61677_/Q -> _59483_/D : -84.423622
[hold reg-reg] _61677_/Q -> _59482_/D : -84.423492
[hold reg-reg] _61677_/Q -> _59484_/D : -84.423332
[hold reg-reg] _61677_/Q -> _59478_/D : -84.422836
[hold reg-reg] _61677_/Q -> _59479_/D : -84.422768
[hold reg-reg] _61677_/Q -> _59530_/D : -84.406631
[hold reg-reg] _61677_/Q -> _59531_/D : -84.405739
[hold reg-reg] _61677_/Q -> _59532_/D : -84.405602
[hold reg-reg] _61677_/Q -> _59533_/D : -84.404617
[hold reg-reg] _61677_/Q -> _59526_/D : -84.402969
[hold reg-reg] _61677_/Q -> _59527_/D : -84.402206
[hold reg-reg] _61786_/Q -> _61401_/D : -84.394264
[hold reg-reg] _61677_/Q -> _59496_/D : -84.391060
[hold reg-reg] _61677_/Q -> _59497_/D : -84.391121
[hold reg-reg] _61677_/Q -> _59437_/D : -84.387962
[hold reg-reg] _61677_/Q -> _59499_/D : -84.344734
[hold reg-reg] _61677_/Q -> _59500_/D : -84.344566
[hold reg-reg] _61677_/Q -> _60298_/D : -84.344116
[hold reg-reg] _61677_/Q -> _59494_/D : -84.342506
[hold reg-reg] _61677_/Q -> _59495_/D : -84.342491
[hold reg-reg] _61677_/Q -> _60362_/D : -84.342354
[hold reg-reg] _61677_/Q -> _59501_/D : -84.342049
[hold reg-reg] _61677_/Q -> _59498_/D : -84.341583
[hold reg-reg] _61677_/Q -> _60330_/D : -84.339081
[hold reg-reg] _61677_/Q -> _59436_/D : -84.337143
[hold reg-reg] _61677_/Q -> _60397_/D : -84.309990
[hold reg-reg] _61677_/Q -> _60396_/D : -84.308151
[hold reg-reg] _61677_/Q -> _60392_/D : -84.307915
[hold reg-reg] _61677_/Q -> _60394_/D : -84.307579
[hold reg-reg] _61677_/Q -> _60395_/D : -84.307449
[hold reg-reg] _61677_/Q -> _59435_/D : -84.306793
[hold reg-reg] _61677_/Q -> _60393_/D : -84.306351
[hold reg-reg] _61677_/Q -> _60391_/D : -84.302902
[hold reg-reg] _61677_/Q -> _60339_/D : -84.287071
[hold reg-reg] _61677_/Q -> _60337_/D : -84.286972
[hold reg-reg] _61677_/Q -> _60341_/D : -84.286880
[hold reg-reg] _61677_/Q -> _60336_/D : -84.286568
[hold reg-reg] _61677_/Q -> _60338_/D : -84.286057
[hold reg-reg] _61677_/Q -> _60340_/D : -84.286133
[hold reg-reg] _61677_/Q -> _59486_/D : -84.262459
[hold reg-reg] _61677_/Q -> _59489_/D : -84.262054
[hold reg-reg] _61677_/Q -> _59488_/D : -84.261208
[hold reg-reg] _61677_/Q -> _59491_/D : -84.260872
[hold reg-reg] _61677_/Q -> _59490_/D : -84.260628
[hold reg-reg] _61677_/Q -> _59487_/D : -84.260155
[hold reg-reg] _61677_/Q -> _59493_/D : -84.260071
[hold reg-reg] _61677_/Q -> _59492_/D : -84.259880
[hold reg-reg] _61677_/Q -> _60390_/D : -84.258263
[hold reg-reg] _61677_/Q -> _60411_/D : -84.253784
[hold reg-reg] _61677_/Q -> _60413_/D : -84.247734
[hold reg-reg] _61677_/Q -> _60412_/D : -84.245102
[hold reg-reg] _61677_/Q -> _60410_/D : -84.242874
[hold reg-reg] _61677_/Q -> _60409_/D : -84.236801
[hold reg-reg] _61677_/Q -> _59524_/D : -84.235130
[hold reg-reg] _61677_/Q -> _59523_/D : -84.234932
[hold reg-reg] _61677_/Q -> _59521_/D : -84.234726
[hold reg-reg] _61677_/Q -> _59522_/D : -84.234802
[hold reg-reg] _61677_/Q -> _59525_/D : -84.234772
[hold reg-reg] _61677_/Q -> _59520_/D : -84.233955
[hold reg-reg] _61677_/Q -> _59519_/D : -84.233765
[hold reg-reg] _61677_/Q -> _60408_/D : -84.233704
[hold reg-reg] _61677_/Q -> _59518_/D : -84.233368
[hold reg-reg] _61786_/Q -> _59625_/D : -84.231873
[hold reg-reg] _61677_/Q -> _59512_/D : -84.227814
[hold reg-reg] _61677_/Q -> _59513_/D : -84.225410
[hold reg-reg] _61677_/Q -> _59561_/D : -84.223373
[hold reg-reg] _61677_/Q -> _59511_/D : -84.222687
[hold reg-reg] _61677_/Q -> _59516_/D : -84.222397
[hold reg-reg] _61677_/Q -> _59514_/D : -84.221954
[hold reg-reg] _61677_/Q -> _59510_/D : -84.221497
[hold reg-reg] _61677_/Q -> _59517_/D : -84.221458
[hold reg-reg] _61677_/Q -> _59515_/D : -84.219864
[hold reg-reg] _61677_/Q -> _60376_/D : -84.219109
[hold reg-reg] _61677_/Q -> _60377_/D : -84.218094
[hold reg-reg] _61677_/Q -> _60381_/D : -84.217972
[hold reg-reg] _61677_/Q -> _59560_/D : -84.217522
[hold reg-reg] _61677_/Q -> _60374_/D : -84.217407
[hold reg-reg] _61677_/Q -> _60375_/D : -84.217262
[hold reg-reg] _61677_/Q -> _60378_/D : -84.217323
[hold reg-reg] _61677_/Q -> _60380_/D : -84.216904
[hold reg-reg] _61677_/Q -> _60379_/D : -84.216522
[hold reg-reg] _61677_/Q -> _59562_/D : -84.213371
[hold reg-reg] _61677_/Q -> _59563_/D : -84.206535
[hold reg-reg] _61677_/Q -> _59565_/D : -84.206146
[hold reg-reg] _61677_/Q -> _59564_/D : -84.205215
[hold reg-reg] _61786_/Q -> _59624_/D : -84.195808
[hold reg-reg] _61677_/Q -> _59434_/D : -84.187706
[hold reg-reg] _61677_/Q -> _59464_/D : -84.166359
[hold reg-reg] _61677_/Q -> _59442_/D : -84.166054
[hold reg-reg] _61786_/Q -> _59593_/D : -84.165886
[hold reg-reg] _61786_/Q -> _59465_/D : -84.165375
[hold reg-reg] _61677_/Q -> _59445_/D : -84.164825
[hold reg-reg] _61677_/Q -> _59440_/D : -84.164627
[hold reg-reg] _61677_/Q -> _59444_/D : -84.164230
[hold reg-reg] _61677_/Q -> _59443_/D : -84.163063
[hold reg-reg] _61786_/Q -> _60425_/D : -84.163109
[hold reg-reg] _61677_/Q -> _59441_/D : -84.162727
[hold reg-reg] _61677_/Q -> _59466_/D : -84.160599
[hold reg-reg] _61677_/Q -> _60383_/D : -84.159012
[hold reg-reg] _61677_/Q -> _60384_/D : -84.159050
[hold reg-reg] _61677_/Q -> _60385_/D : -84.158890
[hold reg-reg] _61677_/Q -> _60387_/D : -84.158867
[hold reg-reg] _61677_/Q -> _60389_/D : -84.158592
[hold reg-reg] _61677_/Q -> _60388_/D : -84.157860
[hold reg-reg] _61677_/Q -> _60386_/D : -84.157341
[hold reg-reg] _61677_/Q -> _60382_/D : -84.156830
[hold reg-reg] _61677_/Q -> _59592_/D : -84.154854
[hold reg-reg] _61677_/Q -> _59469_/D : -84.152649
[hold reg-reg] _61677_/Q -> _59467_/D : -84.150749
[hold reg-reg] _61677_/Q -> _59596_/D : -84.150345
[hold reg-reg] _61677_/Q -> _59597_/D : -84.149406
[hold reg-reg] _61677_/Q -> _60427_/D : -84.149094
[hold reg-reg] _61677_/Q -> _59468_/D : -84.145874
[hold reg-reg] _61677_/Q -> _59594_/D : -84.145630
[hold reg-reg] _61677_/Q -> _60426_/D : -84.143555
[hold reg-reg] _61677_/Q -> _59595_/D : -84.137802
[hold reg-reg] _61677_/Q -> _60424_/D : -84.137619
[hold reg-reg] _61677_/Q -> _60361_/D : -84.135666
[hold reg-reg] _61677_/Q -> _60360_/D : -84.135063
[hold reg-reg] _61677_/Q -> _59432_/D : -84.133690
[hold reg-reg] _61677_/Q -> _60334_/D : -84.133423
[hold reg-reg] _61677_/Q -> _60335_/D : -84.131302
[hold reg-reg] _61677_/Q -> _60429_/D : -84.129700
[hold reg-reg] _61677_/Q -> _60428_/D : -84.127907
[hold reg-reg] _61677_/Q -> _60406_/D : -84.119423
[hold reg-reg] _61677_/Q -> _60407_/D : -84.119476
[hold reg-reg] _61677_/Q -> _60297_/D : -84.115311
[hold reg-reg] _61677_/Q -> _60296_/D : -84.113007
[hold reg-reg] _61677_/Q -> _60294_/D : -84.110344
[hold reg-reg] _61677_/Q -> _60295_/D : -84.109375
[hold reg-reg] _61786_/Q -> _61400_/D : -84.104004
[hold reg-reg] _61677_/Q -> _59558_/D : -84.092125
[hold reg-reg] _61677_/Q -> _59559_/D : -84.092026
[hold reg-reg] _61677_/Q -> _60359_/D : -84.087067
[hold reg-reg] _61677_/Q -> _60358_/D : -84.086693
[hold reg-reg] _61677_/Q -> _59657_/D : -84.049950
[hold reg-reg] _61677_/Q -> _59658_/D : -84.049294
[hold reg-reg] _61677_/Q -> _59656_/D : -84.048798
[hold reg-reg] _61677_/Q -> _59660_/D : -84.048553
[hold reg-reg] _61677_/Q -> _59659_/D : -84.047150
[hold reg-reg] _61677_/Q -> _59661_/D : -84.046921
[hold reg-reg] _61677_/Q -> _60329_/D : -84.028114
[hold reg-reg] _61677_/Q -> _60328_/D : -84.027687
[hold reg-reg] _61677_/Q -> _60327_/D : -84.027298
[hold reg-reg] _61677_/Q -> _60268_/D : -84.026939
[hold reg-reg] _61677_/Q -> _60326_/D : -84.026711
[hold reg-reg] _61677_/Q -> _60269_/D : -84.026306
[hold reg-reg] _61677_/Q -> _60267_/D : -84.026169
[hold reg-reg] _61677_/Q -> _60264_/D : -84.025223
[hold reg-reg] _61677_/Q -> _60266_/D : -84.025230
[hold reg-reg] _61677_/Q -> _60265_/D : -84.024284
[hold reg-reg] _61677_/Q -> _60263_/D : -84.023071
[hold reg-reg] _61677_/Q -> _60262_/D : -84.021812
[hold reg-reg] _61677_/Q -> _59433_/D : -84.017097
[hold reg-reg] _61677_/Q -> _60422_/D : -83.995804
[hold reg-reg] _61677_/Q -> _60423_/D : -83.995644
[hold reg-reg] _61677_/Q -> _59420_/D : -83.990616
[hold reg-reg] _61677_/Q -> _59421_/D : -83.990471
[hold reg-reg] _61677_/Q -> _59827_/D : -83.988441
[hold reg-reg] _61677_/Q -> _59419_/D : -83.988243
[hold reg-reg] _61677_/Q -> _59416_/D : -83.988052
[hold reg-reg] _61677_/Q -> _59826_/D : -83.987770
[hold reg-reg] _61677_/Q -> _59829_/D : -83.987816
[hold reg-reg] _61677_/Q -> _59417_/D : -83.987625
[hold reg-reg] _61677_/Q -> _59828_/D : -83.987701
[hold reg-reg] _61677_/Q -> _59439_/D : -83.987503
[hold reg-reg] _61677_/Q -> _59825_/D : -83.987450
[hold reg-reg] _61677_/Q -> _59824_/D : -83.985832
[hold reg-reg] _61677_/Q -> _59418_/D : -83.984978
[hold reg-reg] _61677_/Q -> _60253_/D : -83.981041
[hold reg-reg] _61677_/Q -> _60250_/D : -83.980850
[hold reg-reg] _61677_/Q -> _59463_/D : -83.980652
[hold reg-reg] _61677_/Q -> _60249_/D : -83.980721
[hold reg-reg] _61677_/Q -> _60251_/D : -83.980637
[hold reg-reg] _61677_/Q -> _60252_/D : -83.980530
[hold reg-reg] _61677_/Q -> _59462_/D : -83.980400
[hold reg-reg] _61677_/Q -> _59577_/D : -83.980347
[hold reg-reg] _61677_/Q -> _60248_/D : -83.980331
[hold reg-reg] _61677_/Q -> _59580_/D : -83.980095
[hold reg-reg] _61677_/Q -> _60246_/D : -83.978691
[hold reg-reg] _61677_/Q -> _60247_/D : -83.978050
[hold reg-reg] _61677_/Q -> _59578_/D : -83.976524
[hold reg-reg] _61677_/Q -> _59579_/D : -83.976402
[hold reg-reg] _61677_/Q -> _59581_/D : -83.975700
[hold reg-reg] _61677_/Q -> _59574_/D : -83.975456
[hold reg-reg] _61677_/Q -> _59576_/D : -83.975502
[hold reg-reg] _61677_/Q -> _59575_/D : -83.975266
[hold reg-reg] _61677_/Q -> _59590_/D : -83.967209
[hold reg-reg] _61677_/Q -> _59591_/D : -83.967285
[hold reg-reg] _61677_/Q -> _59820_/D : -83.956284
[hold reg-reg] _61677_/Q -> _59818_/D : -83.955017
[hold reg-reg] _61677_/Q -> _59821_/D : -83.954620
[hold reg-reg] _61677_/Q -> _59817_/D : -83.953911
[hold reg-reg] _61677_/Q -> _59819_/D : -83.953789
[hold reg-reg] _61677_/Q -> _59816_/D : -83.953400
[hold reg-reg] _61677_/Q -> _59801_/D : -83.939117
[hold reg-reg] _61677_/Q -> _59805_/D : -83.937729
[hold reg-reg] _61677_/Q -> _59804_/D : -83.937096
[hold reg-reg] _61677_/Q -> _59802_/D : -83.936279
[hold reg-reg] _61677_/Q -> _59800_/D : -83.936104
[hold reg-reg] _61677_/Q -> _59803_/D : -83.934555
[hold reg-reg] _61677_/Q -> _59613_/D : -83.930305
[hold reg-reg] _61677_/Q -> _59438_/D : -83.927010
[hold reg-reg] _61677_/Q -> _59611_/D : -83.923798
[hold reg-reg] _61677_/Q -> _59610_/D : -83.922386
[hold reg-reg] _61677_/Q -> _59452_/D : -83.915764
[hold reg-reg] _61677_/Q -> _60280_/D : -83.913605
[hold reg-reg] _61677_/Q -> _60283_/D : -83.913483
[hold reg-reg] _61677_/Q -> _60284_/D : -83.912743
[hold reg-reg] _61677_/Q -> _60281_/D : -83.912354
[hold reg-reg] _61677_/Q -> _60282_/D : -83.912331
[hold reg-reg] _61677_/Q -> _59608_/D : -83.911911
[hold reg-reg] _61677_/Q -> _60285_/D : -83.911575
[hold reg-reg] _61677_/Q -> _59812_/D : -83.909302
[hold reg-reg] _61677_/Q -> _59811_/D : -83.908211
[hold reg-reg] _61677_/Q -> _60278_/D : -83.907608
[hold reg-reg] _61677_/Q -> _59810_/D : -83.907471
[hold reg-reg] _61677_/Q -> _60279_/D : -83.907524
[hold reg-reg] _61677_/Q -> _59612_/D : -83.906929
[hold reg-reg] _61677_/Q -> _59450_/D : -83.906837
[hold reg-reg] _61677_/Q -> _59809_/D : -83.905693
[hold reg-reg] _61677_/Q -> _59808_/D : -83.904915
[hold reg-reg] _61677_/Q -> _59813_/D : -83.904694
[hold reg-reg] _61677_/Q -> _59609_/D : -83.904274
[hold reg-reg] _61677_/Q -> _59448_/D : -83.892677
[hold reg-reg] _61677_/Q -> _59449_/D : -83.891464
[hold reg-reg] _61677_/Q -> _59451_/D : -83.890182
[hold reg-reg] _61677_/Q -> _59453_/D : -83.889862
[hold reg-reg] _61677_/Q -> _59648_/D : -83.884392
[hold reg-reg] _61677_/Q -> _59650_/D : -83.883797
[hold reg-reg] _61677_/Q -> _59652_/D : -83.883453
[hold reg-reg] _61677_/Q -> _59651_/D : -83.883194
[hold reg-reg] _61786_/Q -> _60371_/D : -83.883141
[hold reg-reg] _61786_/Q -> _60369_/D : -83.882706
[hold reg-reg] _61786_/Q -> _60372_/D : -83.882088
[hold reg-reg] _61677_/Q -> _59653_/D : -83.880524
[hold reg-reg] _61786_/Q -> _60368_/D : -83.879951
[hold reg-reg] _61677_/Q -> _59649_/D : -83.878853
[hold reg-reg] _61786_/Q -> _60370_/D : -83.878876
[hold reg-reg] _61677_/Q -> _60344_/D : -83.877396
[hold reg-reg] _61677_/Q -> _60349_/D : -83.876732
[hold reg-reg] _61677_/Q -> _60345_/D : -83.875465
[hold reg-reg] _61677_/Q -> _60346_/D : -83.875412
[hold reg-reg] _61677_/Q -> _60347_/D : -83.875435
[hold reg-reg] _61677_/Q -> _60348_/D : -83.875435
[hold reg-reg] _61677_/Q -> _60343_/D : -83.870972
[hold reg-reg] _61786_/Q -> _60373_/D : -83.870728
[hold reg-reg] _61677_/Q -> _59606_/D : -83.864365
[hold reg-reg] _61677_/Q -> _59607_/D : -83.864349
[hold reg-reg] _61677_/Q -> _60287_/D : -83.847610
[hold reg-reg] _61677_/Q -> _59446_/D : -83.846504
[hold reg-reg] _61677_/Q -> _59447_/D : -83.846573
[hold reg-reg] _61677_/Q -> _60261_/D : -83.843544
[hold reg-reg] _61677_/Q -> _60319_/D : -83.843346
[hold reg-reg] _61677_/Q -> _60260_/D : -83.842903
[hold reg-reg] _61677_/Q -> _60259_/D : -83.842621
[hold reg-reg] _61677_/Q -> _60258_/D : -83.842339
[hold reg-reg] _61677_/Q -> _60257_/D : -83.841652
[hold reg-reg] _61677_/Q -> _60256_/D : -83.840324
[hold reg-reg] _61677_/Q -> _59668_/D : -83.831963
[hold reg-reg] _61677_/Q -> _59645_/D : -83.831238
[hold reg-reg] _61677_/Q -> _59641_/D : -83.830414
[hold reg-reg] _61677_/Q -> _59664_/D : -83.830246
[hold reg-reg] _61677_/Q -> _59665_/D : -83.830238
[hold reg-reg] _61677_/Q -> _59666_/D : -83.830307
[hold reg-reg] _61677_/Q -> _59667_/D : -83.829475
[hold reg-reg] _61677_/Q -> _59640_/D : -83.829323
[hold reg-reg] _61677_/Q -> _59669_/D : -83.829308
[hold reg-reg] _61677_/Q -> _59642_/D : -83.829170
[hold reg-reg] _61677_/Q -> _60342_/D : -83.826752
[hold reg-reg] _61677_/Q -> _59644_/D : -83.825752
[hold reg-reg] _61677_/Q -> _59643_/D : -83.825432
[hold reg-reg] _61677_/Q -> _60315_/D : -83.819206
[hold reg-reg] _61677_/Q -> _60312_/D : -83.817856
[hold reg-reg] _61677_/Q -> _60313_/D : -83.817749
[hold reg-reg] _61677_/Q -> _60316_/D : -83.817009
[hold reg-reg] _61677_/Q -> _60317_/D : -83.816360
[hold reg-reg] _61677_/Q -> _60314_/D : -83.815750
[hold reg-reg] _61677_/Q -> _60310_/D : -83.815231
[hold reg-reg] _61677_/Q -> _60311_/D : -83.813988
[hold reg-reg] _61677_/Q -> _60286_/D : -83.799713
[hold reg-reg] _61677_/Q -> _60318_/D : -83.798370
[hold reg-reg] _61677_/Q -> _60352_/D : -83.791901
[hold reg-reg] _61677_/Q -> _60354_/D : -83.791565
[hold reg-reg] _61677_/Q -> _60355_/D : -83.791603
[hold reg-reg] _61677_/Q -> _60356_/D : -83.791489
[hold reg-reg] _61677_/Q -> _60357_/D : -83.791466
[hold reg-reg] _61677_/Q -> _60353_/D : -83.790939
[hold reg-reg] _61677_/Q -> _60351_/D : -83.783463
[hold reg-reg] _61677_/Q -> _60416_/D : -83.778618
[hold reg-reg] _61677_/Q -> _60417_/D : -83.777695
[hold reg-reg] _61677_/Q -> _60419_/D : -83.777542
[hold reg-reg] _61677_/Q -> _60420_/D : -83.777054
[hold reg-reg] _61677_/Q -> _60415_/D : -83.776611
[hold reg-reg] _61677_/Q -> _60418_/D : -83.776558
[hold reg-reg] _61677_/Q -> _60421_/D : -83.776291
[hold reg-reg] _61677_/Q -> _60414_/D : -83.775467
[hold reg-reg] _61677_/Q -> _59937_/D : -83.769753
[hold reg-reg] _61677_/Q -> _59938_/D : -83.767281
[hold reg-reg] _61677_/Q -> _59459_/D : -83.764679
[hold reg-reg] _61677_/Q -> _59939_/D : -83.764709
[hold reg-reg] _61677_/Q -> _59940_/D : -83.764717
[hold reg-reg] _61677_/Q -> _59936_/D : -83.764305
[hold reg-reg] _61677_/Q -> _59461_/D : -83.763847
[hold reg-reg] _61677_/Q -> _59941_/D : -83.763557
[hold reg-reg] _61677_/Q -> _59456_/D : -83.763260
[hold reg-reg] _61677_/Q -> _59460_/D : -83.763222
[hold reg-reg] _61677_/Q -> _59457_/D : -83.762848
[hold reg-reg] _61677_/Q -> _59458_/D : -83.762688
[hold reg-reg] _61677_/Q -> _59455_/D : -83.760361
[hold reg-reg] _61677_/Q -> _60275_/D : -83.757469
[hold reg-reg] _61677_/Q -> _60276_/D : -83.757179
[hold reg-reg] _61677_/Q -> _60272_/D : -83.756233
[hold reg-reg] _61677_/Q -> _60277_/D : -83.755638
[hold reg-reg] _61677_/Q -> _60322_/D : -83.754463
[hold reg-reg] _61677_/Q -> _60290_/D : -83.754082
[hold reg-reg] _61677_/Q -> _59554_/D : -83.753426
[hold reg-reg] _61677_/Q -> _60274_/D : -83.752914
[hold reg-reg] _61677_/Q -> _60273_/D : -83.752785
[hold reg-reg] _61677_/Q -> _59553_/D : -83.751953
[hold reg-reg] _61677_/Q -> _59552_/D : -83.751823
[hold reg-reg] _61677_/Q -> _59555_/D : -83.751846
[hold reg-reg] _61677_/Q -> _59557_/D : -83.751778
[hold reg-reg] _61677_/Q -> _59556_/D : -83.751122
[hold reg-reg] _61677_/Q -> _59551_/D : -83.750999
[hold reg-reg] _61677_/Q -> _59550_/D : -83.750397
[hold reg-reg] _61677_/Q -> _59888_/D : -83.750008
[hold reg-reg] _61677_/Q -> _59890_/D : -83.749344
[hold reg-reg] _61677_/Q -> _59893_/D : -83.748619
[hold reg-reg] _61677_/Q -> _59891_/D : -83.748405
[hold reg-reg] _61677_/Q -> _59889_/D : -83.748306
[hold reg-reg] _61677_/Q -> _59892_/D : -83.748222
[hold reg-reg] _61677_/Q -> _60292_/D : -83.744843
[hold reg-reg] _61677_/Q -> _60324_/D : -83.744370
[hold reg-reg] _61677_/Q -> _60350_/D : -83.743782
[hold reg-reg] _61677_/Q -> _59887_/D : -83.737572
[hold reg-reg] _61677_/Q -> _59886_/D : -83.737320
[hold reg-reg] _61677_/Q -> _59618_/D : -83.729912
[hold reg-reg] _61677_/Q -> _59616_/D : -83.728767
[hold reg-reg] _61677_/Q -> _59617_/D : -83.728226
[hold reg-reg] _61677_/Q -> _59619_/D : -83.728012
[hold reg-reg] _61677_/Q -> _59620_/D : -83.727913
[hold reg-reg] _61677_/Q -> _59621_/D : -83.727654
[hold reg-reg] _61677_/Q -> _59614_/D : -83.726921
[hold reg-reg] _61677_/Q -> _60291_/D : -83.726746
[hold reg-reg] _61677_/Q -> _59615_/D : -83.726547
[hold reg-reg] _61677_/Q -> _60323_/D : -83.724922
[hold reg-reg] _61677_/Q -> _59931_/D : -83.717697
[hold reg-reg] _61677_/Q -> _59932_/D : -83.717644
[hold reg-reg] _61677_/Q -> _59928_/D : -83.717140
[hold reg-reg] _61677_/Q -> _59933_/D : -83.715523
[hold reg-reg] _61677_/Q -> _59929_/D : -83.714256
[hold reg-reg] _61677_/Q -> _59930_/D : -83.714226
[hold reg-reg] _61677_/Q -> _59454_/D : -83.712509
[hold reg-reg] _61677_/Q -> _59430_/D : -83.708961
[hold reg-reg] _61677_/Q -> _60325_/D : -83.708984
[hold reg-reg] _61677_/Q -> _60293_/D : -83.708725
[hold reg-reg] _61677_/Q -> _60321_/D : -83.707603
[hold reg-reg] _61677_/Q -> _60289_/D : -83.706154
[hold reg-reg] _61677_/Q -> _60288_/D : -83.690002
[hold reg-reg] _61677_/Q -> _60320_/D : -83.689827
[hold reg-reg] _61677_/Q -> _59544_/D : -83.689163
[hold reg-reg] _61677_/Q -> _59545_/D : -83.687126
[hold reg-reg] _61677_/Q -> _59549_/D : -83.686432
[hold reg-reg] _61677_/Q -> _59548_/D : -83.686073
[hold reg-reg] _61677_/Q -> _59547_/D : -83.685890
[hold reg-reg] _61677_/Q -> _59546_/D : -83.684372
[hold reg-reg] _61677_/Q -> _59639_/D : -83.683830
[hold reg-reg] _61677_/Q -> _59542_/D : -83.683578
[hold reg-reg] _61677_/Q -> _59543_/D : -83.683548
[hold reg-reg] _61677_/Q -> _59638_/D : -83.683617
[hold reg-reg] _61677_/Q -> _59662_/D : -83.681274
[hold reg-reg] _61677_/Q -> _59663_/D : -83.680779
[hold reg-reg] _61786_/Q -> _59622_/D : -83.663994
[hold reg-reg] _61677_/Q -> _59868_/D : -83.648331
[hold reg-reg] _61677_/Q -> _59864_/D : -83.647995
[hold reg-reg] _61786_/Q -> _60366_/D : -83.647308
[hold reg-reg] _61677_/Q -> _59867_/D : -83.646980
[hold reg-reg] _61677_/Q -> _59869_/D : -83.647041
[hold reg-reg] _61786_/Q -> _60367_/D : -83.647057
[hold reg-reg] _61677_/Q -> _59866_/D : -83.646080
[hold reg-reg] _61677_/Q -> _59865_/D : -83.645988
[hold reg-reg] _61677_/Q -> _59629_/D : -83.645119
[hold reg-reg] _61677_/Q -> _59627_/D : -83.643044
[hold reg-reg] _61677_/Q -> _59628_/D : -83.641640
[hold reg-reg] _61677_/Q -> _59626_/D : -83.636505
[hold reg-reg] _61677_/Q -> _59863_/D : -83.635643
[hold reg-reg] _61677_/Q -> _59862_/D : -83.635208
[hold reg-reg] _61677_/Q -> _59956_/D : -83.634140
[hold reg-reg] _61677_/Q -> _59955_/D : -83.632683
[hold reg-reg] _61677_/Q -> _59953_/D : -83.631561
[hold reg-reg] _61786_/Q -> _59586_/D : -83.630554
[hold reg-reg] _61677_/Q -> _59952_/D : -83.630470
[hold reg-reg] _61677_/Q -> _59954_/D : -83.630356
[hold reg-reg] _61677_/Q -> _59957_/D : -83.630150
[hold reg-reg] _61677_/Q -> _59507_/D : -83.628998
[hold reg-reg] _61677_/Q -> _59509_/D : -83.628693
[hold reg-reg] _61677_/Q -> _59508_/D : -83.627769
[hold reg-reg] _61677_/Q -> _59506_/D : -83.627502
[hold reg-reg] _61677_/Q -> _59505_/D : -83.626961
[hold reg-reg] _61677_/Q -> _59503_/D : -83.623444
[hold reg-reg] _61677_/Q -> _59541_/D : -83.623466
[hold reg-reg] _61677_/Q -> _59968_/D : -83.623413
[hold reg-reg] _61677_/Q -> _59502_/D : -83.623177
[hold reg-reg] _61677_/Q -> _59970_/D : -83.623154
[hold reg-reg] _61677_/Q -> _59971_/D : -83.622879
[hold reg-reg] _61677_/Q -> _59973_/D : -83.622910
[hold reg-reg] _61677_/Q -> _59538_/D : -83.622398
[hold reg-reg] _61677_/Q -> _59972_/D : -83.622398
[hold reg-reg] _61677_/Q -> _59539_/D : -83.621910
[hold reg-reg] _61677_/Q -> _59540_/D : -83.621780
[hold reg-reg] _61677_/Q -> _59537_/D : -83.621544
[hold reg-reg] _61677_/Q -> _59969_/D : -83.621620
[hold reg-reg] _61677_/Q -> _59965_/D : -83.621056
[hold reg-reg] _61677_/Q -> _59962_/D : -83.620796
[hold reg-reg] _61677_/Q -> _59964_/D : -83.620132
[hold reg-reg] _61677_/Q -> _59963_/D : -83.619827
[hold reg-reg] _61677_/Q -> _59960_/D : -83.617722
[hold reg-reg] _61677_/Q -> _59431_/D : -83.617538
[hold reg-reg] _61786_/Q -> _59587_/D : -83.616470
[hold reg-reg] _61677_/Q -> _59961_/D : -83.615921
[hold reg-reg] _61786_/Q -> _59588_/D : -83.608612
[hold reg-reg] _61677_/Q -> _59745_/D : -83.604820
[hold reg-reg] _61677_/Q -> _59583_/D : -83.604561
[hold reg-reg] _61677_/Q -> _59744_/D : -83.604477
[hold reg-reg] _61677_/Q -> _59584_/D : -83.603912
[hold reg-reg] _61677_/Q -> _59746_/D : -83.603851
[hold reg-reg] _61677_/Q -> _59747_/D : -83.603851
[hold reg-reg] _61677_/Q -> _59748_/D : -83.603889
[hold reg-reg] _61677_/Q -> _59749_/D : -83.603607
[hold reg-reg] _61677_/Q -> _59582_/D : -83.603249
[hold reg-reg] _61677_/Q -> _59585_/D : -83.603325
[hold reg-reg] _61677_/Q -> _59589_/D : -83.603035
[hold reg-reg] _61677_/Q -> _59967_/D : -83.594162
[hold reg-reg] _61677_/Q -> _59966_/D : -83.594048
[hold reg-reg] _61786_/Q -> _61399_/D : -83.587326
[hold reg-reg] _61677_/Q -> _59757_/D : -83.586678
[hold reg-reg] _61677_/Q -> _59753_/D : -83.585548
[hold reg-reg] _61677_/Q -> _59754_/D : -83.585335
[hold reg-reg] _61677_/Q -> _59756_/D : -83.585297
[hold reg-reg] _61677_/Q -> _59752_/D : -83.584312
[hold reg-reg] _61677_/Q -> _59755_/D : -83.584267
[hold reg-reg] _61677_/Q -> _59504_/D : -83.581810
[hold reg-reg] _61677_/Q -> _59536_/D : -83.575996
[hold reg-reg] _61677_/Q -> _59534_/D : -83.575638
[hold reg-reg] _61677_/Q -> _59535_/D : -83.575577
[hold reg-reg] _61786_/Q -> _59922_/D : -83.574341
[hold reg-reg] _61677_/Q -> _59751_/D : -83.574081
[hold reg-reg] _61677_/Q -> _60403_/D : -83.573204
[hold reg-reg] _61677_/Q -> _59750_/D : -83.572960
[hold reg-reg] _61677_/Q -> _60401_/D : -83.572647
[hold reg-reg] _61677_/Q -> _60400_/D : -83.572563
[hold reg-reg] _61677_/Q -> _60402_/D : -83.572464
[hold reg-reg] _61677_/Q -> _60405_/D : -83.572350
[hold reg-reg] _61786_/Q -> _59925_/D : -83.571640
[hold reg-reg] _61677_/Q -> _60404_/D : -83.570457
[hold reg-reg] _61677_/Q -> _60398_/D : -83.570038
[hold reg-reg] _61677_/Q -> _60399_/D : -83.570000
[hold reg-reg] _61786_/Q -> _59923_/D : -83.569603
[hold reg-reg] _61786_/Q -> _59920_/D : -83.568008
[hold reg-reg] _61786_/Q -> _59924_/D : -83.566406
[hold reg-reg] _61677_/Q -> _59742_/D : -83.565987
[hold reg-reg] _61677_/Q -> _59743_/D : -83.564789
[hold reg-reg] _61786_/Q -> _59921_/D : -83.563225
[hold reg-reg] _61677_/Q -> _59623_/D : -83.561333
[hold reg-reg] _61677_/Q -> _59690_/D : -83.558578
[hold reg-reg] _61677_/Q -> _59691_/D : -83.558380
[hold reg-reg] _61677_/Q -> _59692_/D : -83.558418
[hold reg-reg] _61677_/Q -> _59688_/D : -83.557892
[hold reg-reg] _61677_/Q -> _59689_/D : -83.557907
[hold reg-reg] _61677_/Q -> _59693_/D : -83.557884
[hold reg-reg] _61677_/Q -> _59687_/D : -83.557251
[hold reg-reg] _61677_/Q -> _59686_/D : -83.555138
[hold reg-reg] _61677_/Q -> _59856_/D : -83.548866
[hold reg-reg] _61677_/Q -> _59951_/D : -83.548920
[hold reg-reg] _61677_/Q -> _59858_/D : -83.547920
[hold reg-reg] _61677_/Q -> _59950_/D : -83.547890
[hold reg-reg] _61677_/Q -> _59857_/D : -83.547592
[hold reg-reg] _61677_/Q -> _59859_/D : -83.547226
[hold reg-reg] _61677_/Q -> _59860_/D : -83.547234
[hold reg-reg] _61677_/Q -> _59854_/D : -83.546486
[hold reg-reg] _61677_/Q -> _59861_/D : -83.546509
[hold reg-reg] _61677_/Q -> _59855_/D : -83.545776
[hold reg-reg] _61677_/Q -> _59913_/D : -83.545837
[hold reg-reg] _61677_/Q -> _59915_/D : -83.544922
[hold reg-reg] _61677_/Q -> _59912_/D : -83.543602
[hold reg-reg] _61677_/Q -> _59916_/D : -83.543671
[hold reg-reg] _61677_/Q -> _59822_/D : -83.543060
[hold reg-reg] _61677_/Q -> _59914_/D : -83.542557
[hold reg-reg] _61677_/Q -> _59823_/D : -83.542419
[hold reg-reg] _61677_/Q -> _59911_/D : -83.542091
[hold reg-reg] _61677_/Q -> _59917_/D : -83.541801
[hold reg-reg] _61677_/Q -> _59910_/D : -83.540764
[hold reg-reg] _61677_/Q -> _59849_/D : -83.540344
[hold reg-reg] _61677_/Q -> _59851_/D : -83.540359
[hold reg-reg] _61677_/Q -> _59848_/D : -83.539864
[hold reg-reg] _61677_/Q -> _59852_/D : -83.539635
[hold reg-reg] _61677_/Q -> _59853_/D : -83.539474
[hold reg-reg] _61677_/Q -> _59948_/D : -83.539223
[hold reg-reg] _61677_/Q -> _59850_/D : -83.538857
[hold reg-reg] _61677_/Q -> _59945_/D : -83.538681
[hold reg-reg] _61677_/Q -> _59944_/D : -83.538452
[hold reg-reg] _61677_/Q -> _59847_/D : -83.538353
[hold reg-reg] _61677_/Q -> _59946_/D : -83.538185
[hold reg-reg] _61677_/Q -> _59947_/D : -83.537750
[hold reg-reg] _61677_/Q -> _59846_/D : -83.537407
[hold reg-reg] _61677_/Q -> _59414_/D : -83.537117
[hold reg-reg] _61677_/Q -> _59415_/D : -83.536209
[hold reg-reg] _61677_/Q -> _59949_/D : -83.535370
[hold reg-reg] _61677_/Q -> _59985_/D : -83.529427
[hold reg-reg] _61677_/Q -> _59986_/D : -83.529442
[hold reg-reg] _61677_/Q -> _59984_/D : -83.529335
[hold reg-reg] _61677_/Q -> _59989_/D : -83.529243
[hold reg-reg] _61677_/Q -> _59987_/D : -83.528465
[hold reg-reg] _61677_/Q -> _59988_/D : -83.528236
[hold reg-reg] _61677_/Q -> _59840_/D : -83.527107
[hold reg-reg] _61677_/Q -> _59843_/D : -83.526535
[hold reg-reg] _61677_/Q -> _59842_/D : -83.526199
[hold reg-reg] _61677_/Q -> _59845_/D : -83.525711
[hold reg-reg] _61677_/Q -> _59844_/D : -83.525337
[hold reg-reg] _61677_/Q -> _59841_/D : -83.525223
[hold reg-reg] _61677_/Q -> _59839_/D : -83.524246
[hold reg-reg] _61677_/Q -> _59881_/D : -83.524017
[hold reg-reg] _61677_/Q -> _59838_/D : -83.523689
[hold reg-reg] _61677_/Q -> _59884_/D : -83.523094
[hold reg-reg] _61677_/Q -> _59882_/D : -83.522499
[hold reg-reg] _61677_/Q -> _59883_/D : -83.522476
[hold reg-reg] _61677_/Q -> _59880_/D : -83.522308
[hold reg-reg] _61677_/Q -> _59885_/D : -83.522163
[hold reg-reg] _61677_/Q -> _59879_/D : -83.521461
[hold reg-reg] _61677_/Q -> _59878_/D : -83.519562
[hold reg-reg] _61677_/Q -> _59696_/D : -83.518471
[hold reg-reg] _61677_/Q -> _59982_/D : -83.518021
[hold reg-reg] _61677_/Q -> _59698_/D : -83.517906
[hold reg-reg] _61677_/Q -> _59701_/D : -83.517929
[hold reg-reg] _61677_/Q -> _59697_/D : -83.517738
[hold reg-reg] _61677_/Q -> _59699_/D : -83.516884
[hold reg-reg] _61677_/Q -> _59700_/D : -83.516525
[hold reg-reg] _61677_/Q -> _59983_/D : -83.516426
[hold reg-reg] _61786_/Q -> _61402_/D : -83.516159
[hold reg-reg] _61677_/Q -> _59694_/D : -83.514923
[hold reg-reg] _61677_/Q -> _59695_/D : -83.514656
[hold reg-reg] _61677_/Q -> _59654_/D : -83.508270
[hold reg-reg] _61677_/Q -> _59976_/D : -83.507629
[hold reg-reg] _61677_/Q -> _59655_/D : -83.507362
[hold reg-reg] _61677_/Q -> _59980_/D : -83.507149
[hold reg-reg] _61677_/Q -> _59977_/D : -83.505440
[hold reg-reg] _61677_/Q -> _59981_/D : -83.505188
[hold reg-reg] _61677_/Q -> _59907_/D : -83.504646
[hold reg-reg] _61677_/Q -> _59978_/D : -83.504654
[hold reg-reg] _61677_/Q -> _59905_/D : -83.504417
[hold reg-reg] _61677_/Q -> _59906_/D : -83.504463
[hold reg-reg] _61677_/Q -> _59909_/D : -83.504173
[hold reg-reg] _61677_/Q -> _59979_/D : -83.504089
[hold reg-reg] _61677_/Q -> _59908_/D : -83.503990
[hold reg-reg] _61677_/Q -> _59904_/D : -83.502846
[hold reg-reg] _61677_/Q -> _59902_/D : -83.501396
[hold reg-reg] _61677_/Q -> _59903_/D : -83.501335
[hold reg-reg] _61677_/Q -> _60305_/D : -83.501221
[hold reg-reg] _61677_/Q -> _60306_/D : -83.500381
[hold reg-reg] _61677_/Q -> _60308_/D : -83.499161
[hold reg-reg] _61677_/Q -> _60309_/D : -83.498390
[hold reg-reg] _61677_/Q -> _60304_/D : -83.498283
[hold reg-reg] _61677_/Q -> _60307_/D : -83.498253
[hold reg-reg] _61677_/Q -> _60303_/D : -83.497780
[hold reg-reg] _61677_/Q -> _60302_/D : -83.497002
[hold reg-reg] _61677_/Q -> _59675_/D : -83.496849
[hold reg-reg] _61677_/Q -> _59676_/D : -83.495522
[hold reg-reg] _61677_/Q -> _59672_/D : -83.495193
[hold reg-reg] _61677_/Q -> _59674_/D : -83.494629
[hold reg-reg] _61677_/Q -> _59677_/D : -83.494629
[hold reg-reg] _61677_/Q -> _59673_/D : -83.494461
[hold reg-reg] _61677_/Q -> _60254_/D : -83.493866
[hold reg-reg] _61677_/Q -> _60255_/D : -83.493462
[hold reg-reg] _61677_/Q -> _60016_/D : -83.493126
[hold reg-reg] _61677_/Q -> _60019_/D : -83.492622
[hold reg-reg] _61677_/Q -> _60018_/D : -83.491753
[hold reg-reg] _61677_/Q -> _59671_/D : -83.491249
[hold reg-reg] _61677_/Q -> _60017_/D : -83.491295
[hold reg-reg] _61677_/Q -> _60021_/D : -83.490997
[hold reg-reg] _61677_/Q -> _60020_/D : -83.490013
[hold reg-reg] _61677_/Q -> _59670_/D : -83.489594
[hold reg-reg] _61677_/Q -> _59814_/D : -83.488564
[hold reg-reg] _61677_/Q -> _59815_/D : -83.486732
[hold reg-reg] _61677_/Q -> _59427_/D : -83.486397
[hold reg-reg] _61677_/Q -> _59429_/D : -83.485962
[hold reg-reg] _61677_/Q -> _59425_/D : -83.485054
[hold reg-reg] _61677_/Q -> _59426_/D : -83.484451
[hold reg-reg] _61677_/Q -> _59424_/D : -83.484261
[hold reg-reg] _61677_/Q -> _59428_/D : -83.484093
[hold reg-reg] _61677_/Q -> _59423_/D : -83.482056
[hold reg-reg] _61677_/Q -> _59737_/D : -83.481590
[hold reg-reg] _61677_/Q -> _59739_/D : -83.480865
[hold reg-reg] _61677_/Q -> _59422_/D : -83.480560
[hold reg-reg] _61677_/Q -> _59736_/D : -83.479790
[hold reg-reg] _61677_/Q -> _59738_/D : -83.479362
[hold reg-reg] _61677_/Q -> _59740_/D : -83.478966
[hold reg-reg] _61677_/Q -> _59741_/D : -83.478485
[hold reg-reg] _61786_/Q -> _59760_/D : -83.473312
[hold reg-reg] _61786_/Q -> _59762_/D : -83.472626
[hold reg-reg] _61677_/Q -> _59798_/D : -83.471794
[hold reg-reg] _61677_/Q -> _59799_/D : -83.471329
[hold reg-reg] _61786_/Q -> _59764_/D : -83.469734
[hold reg-reg] _61786_/Q -> _59765_/D : -83.469193
[hold reg-reg] _61677_/Q -> _59735_/D : -83.467987
[hold reg-reg] _61677_/Q -> _59734_/D : -83.467842
[hold reg-reg] _61786_/Q -> _59573_/D : -83.467346
[hold reg-reg] _61786_/Q -> _59477_/D : -83.466965
[hold reg-reg] _61677_/Q -> _59876_/D : -83.466522
[hold reg-reg] _61786_/Q -> _59605_/D : -83.466064
[hold reg-reg] _61786_/Q -> _59637_/D : -83.466133
[hold reg-reg] _61677_/Q -> _60001_/D : -83.465607
[hold reg-reg] _61677_/Q -> _59872_/D : -83.465515
[hold reg-reg] _61677_/Q -> _59875_/D : -83.465454
[hold reg-reg] _61677_/Q -> _59874_/D : -83.464867
[hold reg-reg] _61677_/Q -> _59873_/D : -83.464439
[hold reg-reg] _61677_/Q -> _59877_/D : -83.464386
[hold reg-reg] _61677_/Q -> _60004_/D : -83.464233
[hold reg-reg] _61677_/Q -> _60002_/D : -83.463730
[hold reg-reg] _61677_/Q -> _60005_/D : -83.463722
[hold reg-reg] _61677_/Q -> _60217_/D : -83.463509
[hold reg-reg] _61677_/Q -> _59871_/D : -83.463013
[hold reg-reg] _61677_/Q -> _60216_/D : -83.462830
[hold reg-reg] _61786_/Q -> _59761_/D : -83.462715
[hold reg-reg] _61786_/Q -> _59763_/D : -83.462532
[hold reg-reg] _61677_/Q -> _60221_/D : -83.462219
[hold reg-reg] _61677_/Q -> _60219_/D : -83.462074
[hold reg-reg] _61677_/Q -> _60218_/D : -83.461815
[hold reg-reg] _61677_/Q -> _59870_/D : -83.461601
[hold reg-reg] _61677_/Q -> _60003_/D : -83.461555
[hold reg-reg] _61677_/Q -> _60220_/D : -83.461632
[hold reg-reg] _61677_/Q -> _60270_/D : -83.459641
[hold reg-reg] _61677_/Q -> _60000_/D : -83.459503
[hold reg-reg] _61677_/Q -> _60271_/D : -83.459190
[hold reg-reg] _61677_/Q -> _60234_/D : -83.457710
[hold reg-reg] _61677_/Q -> _60233_/D : -83.457298
[hold reg-reg] _61677_/Q -> _60232_/D : -83.456375
[hold reg-reg] _61786_/Q -> _59572_/D : -83.448692
[hold reg-reg] _61786_/Q -> _59604_/D : -83.447998
[hold reg-reg] _61786_/Q -> _59636_/D : -83.446114
[hold reg-reg] _61786_/Q -> _59476_/D : -83.445442
[hold reg-reg] _61677_/Q -> _59837_/D : -83.440414
[hold reg-reg] _61677_/Q -> _59835_/D : -83.439690
[hold reg-reg] _61677_/Q -> _59832_/D : -83.439537
[hold reg-reg] _61677_/Q -> _59834_/D : -83.439331
[hold reg-reg] _61677_/Q -> _59836_/D : -83.438599
[hold reg-reg] _61677_/Q -> _59833_/D : -83.438393
[hold reg-reg] _61677_/Q -> _59830_/D : -83.437813
[hold reg-reg] _61677_/Q -> _59900_/D : -83.430008
[hold reg-reg] _61677_/Q -> _59896_/D : -83.429634
[hold reg-reg] _61677_/Q -> _59901_/D : -83.428818
[hold reg-reg] _61677_/Q -> _59899_/D : -83.428642
[hold reg-reg] _61677_/Q -> _59996_/D : -83.428535
[hold reg-reg] _61677_/Q -> _59897_/D : -83.428093
[hold reg-reg] _61677_/Q -> _59898_/D : -83.427811
[hold reg-reg] _61677_/Q -> _59894_/D : -83.427567
[hold reg-reg] _61677_/Q -> _59895_/D : -83.427338
[hold reg-reg] _61677_/Q -> _59997_/D : -83.427376
[hold reg-reg] _61677_/Q -> _59994_/D : -83.426987
[hold reg-reg] _61677_/Q -> _59992_/D : -83.425407
[hold reg-reg] _61677_/Q -> _59995_/D : -83.424339
[hold reg-reg] _61677_/Q -> _60120_/D : -83.424103
[hold reg-reg] _61786_/Q -> _59475_/D : -83.423302
[hold reg-reg] _61677_/Q -> _59993_/D : -83.423096
[hold reg-reg] _61786_/Q -> _59603_/D : -83.422676
[hold reg-reg] _61677_/Q -> _60122_/D : -83.422577
[hold reg-reg] _61677_/Q -> _60124_/D : -83.422096
[hold reg-reg] _61786_/Q -> _59635_/D : -83.421867
[hold reg-reg] _61677_/Q -> _60125_/D : -83.421799
[hold reg-reg] _61677_/Q -> _60123_/D : -83.421371
[hold reg-reg] _61677_/Q -> _60121_/D : -83.421059
[hold reg-reg] _61786_/Q -> _59571_/D : -83.420303
[hold reg-reg] _61677_/Q -> _60215_/D : -83.420052
[hold reg-reg] _61677_/Q -> _60214_/D : -83.419212
[hold reg-reg] _61677_/Q -> _60237_/D : -83.418320
[hold reg-reg] _61677_/Q -> _60235_/D : -83.418060
[hold reg-reg] _61677_/Q -> _60230_/D : -83.417549
[hold reg-reg] _61677_/Q -> _60236_/D : -83.417183
[hold reg-reg] _61677_/Q -> _60231_/D : -83.416824
[hold reg-reg] _61677_/Q -> _59806_/D : -83.409904
[hold reg-reg] _61677_/Q -> _59831_/D : -83.391052
[hold reg-reg] _61786_/Q -> _59758_/D : -83.386429
[hold reg-reg] _61786_/Q -> _59759_/D : -83.385040
[hold reg-reg] _61786_/Q -> _59918_/D : -83.379402
[hold reg-reg] _61786_/Q -> _59919_/D : -83.378410
[hold reg-reg] _61677_/Q -> _60026_/D : -83.374161
[hold reg-reg] _61677_/Q -> _59720_/D : -83.372856
[hold reg-reg] _61677_/Q -> _59722_/D : -83.372856
[hold reg-reg] _61677_/Q -> _60028_/D : -83.372589
[hold reg-reg] _61677_/Q -> _60027_/D : -83.372276
[hold reg-reg] _61677_/Q -> _59725_/D : -83.371559
[hold reg-reg] _61677_/Q -> _60029_/D : -83.371246
[hold reg-reg] _61677_/Q -> _59723_/D : -83.371094
[hold reg-reg] _61677_/Q -> _60024_/D : -83.368423
[hold reg-reg] _61677_/Q -> _59724_/D : -83.368225
[hold reg-reg] _61677_/Q -> _59721_/D : -83.367798
[hold reg-reg] _61786_/Q -> _61886_/D : -83.367851
[hold reg-reg] _61677_/Q -> _60025_/D : -83.367752
[hold reg-reg] _61677_/Q -> _59807_/D : -83.362366
[hold reg-reg] _61677_/Q -> _59681_/D : -83.356697
[hold reg-reg] _61677_/Q -> _59685_/D : -83.355934
[hold reg-reg] _61677_/Q -> _59679_/D : -83.354912
[hold reg-reg] _61677_/Q -> _59678_/D : -83.354706
[hold reg-reg] _61677_/Q -> _59680_/D : -83.354614
[hold reg-reg] _61677_/Q -> _59684_/D : -83.354630
[hold reg-reg] _61677_/Q -> _59682_/D : -83.354523
[hold reg-reg] _61677_/Q -> _59683_/D : -83.354492
[hold reg-reg] _61677_/Q -> _60051_/D : -83.349876
[hold reg-reg] _61677_/Q -> _60049_/D : -83.349792
[hold reg-reg] _61677_/Q -> _60053_/D : -83.349251
[hold reg-reg] _61677_/Q -> _60052_/D : -83.348663
[hold reg-reg] _61677_/Q -> _60048_/D : -83.347870
[hold reg-reg] _61677_/Q -> _59704_/D : -83.345886
[hold reg-reg] _61677_/Q -> _59707_/D : -83.345955
[hold reg-reg] _61677_/Q -> _60050_/D : -83.345840
[hold reg-reg] _61677_/Q -> _59709_/D : -83.345215
[hold reg-reg] _61677_/Q -> _59705_/D : -83.343796
[hold reg-reg] _61677_/Q -> _59706_/D : -83.343231
[hold reg-reg] _61677_/Q -> _59708_/D : -83.341324
[hold reg-reg] _61677_/Q -> _60012_/D : -83.339989
[hold reg-reg] _61677_/Q -> _60010_/D : -83.338783
[hold reg-reg] _61677_/Q -> _60011_/D : -83.338066
[hold reg-reg] _61786_/Q -> _61887_/D : -83.337616
[hold reg-reg] _61677_/Q -> _60013_/D : -83.337425
[hold reg-reg] _61677_/Q -> _60008_/D : -83.337013
[hold reg-reg] _61677_/Q -> _60009_/D : -83.335930
[hold reg-reg] _61677_/Q -> _59646_/D : -83.310371
[hold reg-reg] _61677_/Q -> _60033_/D : -83.307320
[hold reg-reg] _61677_/Q -> _60036_/D : -83.306938
[hold reg-reg] _61677_/Q -> _60037_/D : -83.305809
[hold reg-reg] _61677_/Q -> _60035_/D : -83.305031
[hold reg-reg] _61677_/Q -> _60034_/D : -83.304726
[hold reg-reg] _61786_/Q -> _61888_/D : -83.303467
[hold reg-reg] _61677_/Q -> _60032_/D : -83.301308
[hold reg-reg] _61677_/Q -> _59715_/D : -83.290367
[hold reg-reg] _61677_/Q -> _59714_/D : -83.289978
[hold reg-reg] _61677_/Q -> _59712_/D : -83.289223
[hold reg-reg] _61677_/Q -> _59713_/D : -83.288452
[hold reg-reg] _61677_/Q -> _59716_/D : -83.288414
[hold reg-reg] _61677_/Q -> _59719_/D : -83.288445
[hold reg-reg] _61677_/Q -> _59718_/D : -83.287346
[hold reg-reg] _61677_/Q -> _59717_/D : -83.287231
[hold reg-reg] _61677_/Q -> _59935_/D : -83.280014
[hold reg-reg] _61677_/Q -> _60046_/D : -83.279625
[hold reg-reg] _61677_/Q -> _60047_/D : -83.279587
[hold reg-reg] _61677_/Q -> _59934_/D : -83.278381
[hold reg-reg] _61677_/Q -> _59926_/D : -83.278030
[hold reg-reg] _61677_/Q -> _59927_/D : -83.277733
[hold reg-reg] _61677_/Q -> _60023_/D : -83.273262
[hold reg-reg] _61677_/Q -> _60022_/D : -83.272743
[hold reg-reg] _61677_/Q -> _60041_/D : -83.272621
[hold reg-reg] _61677_/Q -> _60043_/D : -83.272583
[hold reg-reg] _61677_/Q -> _60042_/D : -83.271622
[hold reg-reg] _61677_/Q -> _60140_/D : -83.271683
[hold reg-reg] _61677_/Q -> _60141_/D : -83.270554
[hold reg-reg] _61677_/Q -> _60040_/D : -83.269958
[hold reg-reg] _61677_/Q -> _59959_/D : -83.269753
[hold reg-reg] _61677_/Q -> _60044_/D : -83.269745
[hold reg-reg] _61677_/Q -> _60045_/D : -83.268661
[hold reg-reg] _61677_/Q -> _59958_/D : -83.267357
[hold reg-reg] _61677_/Q -> _60136_/D : -83.267395
[hold reg-reg] _61677_/Q -> _60138_/D : -83.266075
[hold reg-reg] _61677_/Q -> _60137_/D : -83.264145
[hold reg-reg] _61677_/Q -> _59647_/D : -83.262665
[hold reg-reg] _61677_/Q -> _60139_/D : -83.262268
[hold reg-reg] _61677_/Q -> _59702_/D : -83.250710
[hold reg-reg] _61677_/Q -> _59703_/D : -83.250526
[hold reg-reg] _61677_/Q -> _60147_/D : -83.237305
[hold reg-reg] _61677_/Q -> _60148_/D : -83.237228
[hold reg-reg] _61677_/Q -> _60144_/D : -83.236687
[hold reg-reg] _61677_/Q -> _60146_/D : -83.233818
[hold reg-reg] _61677_/Q -> _60145_/D : -83.231956
[hold reg-reg] _61677_/Q -> _60149_/D : -83.231667
[hold reg-reg] _61677_/Q -> _59728_/D : -83.226982
[hold reg-reg] _61677_/Q -> _59733_/D : -83.226654
[hold reg-reg] _61677_/Q -> _59732_/D : -83.225769
[hold reg-reg] _61677_/Q -> _59731_/D : -83.225517
[hold reg-reg] _61677_/Q -> _59729_/D : -83.225159
[hold reg-reg] _61677_/Q -> _59730_/D : -83.225105
[hold reg-reg] _61677_/Q -> _59768_/D : -83.217354
[hold reg-reg] _61677_/Q -> _59773_/D : -83.217232
[hold reg-reg] _61677_/Q -> _59726_/D : -83.216095
[hold reg-reg] _61677_/Q -> _59771_/D : -83.215981
[hold reg-reg] _61677_/Q -> _59772_/D : -83.215919
[hold reg-reg] _61677_/Q -> _59769_/D : -83.215698
[hold reg-reg] _61677_/Q -> _59770_/D : -83.215599
[hold reg-reg] _61677_/Q -> _59727_/D : -83.214920
[hold reg-reg] _61677_/Q -> _60225_/D : -83.214264
[hold reg-reg] _61677_/Q -> _60228_/D : -83.213409
[hold reg-reg] _61677_/Q -> _59767_/D : -83.213196
[hold reg-reg] _61677_/Q -> _59788_/D : -83.213058
[hold reg-reg] _61677_/Q -> _59766_/D : -83.212914
[hold reg-reg] _61677_/Q -> _59784_/D : -83.212799
[hold reg-reg] _61677_/Q -> _59789_/D : -83.212784
[hold reg-reg] _61677_/Q -> _60226_/D : -83.212784
[hold reg-reg] _61677_/Q -> _60229_/D : -83.212517
[hold reg-reg] _61677_/Q -> _60227_/D : -83.212090
[hold reg-reg] _61677_/Q -> _59785_/D : -83.211906
[hold reg-reg] _61677_/Q -> _60224_/D : -83.211929
[hold reg-reg] _61677_/Q -> _59787_/D : -83.211815
[hold reg-reg] _61677_/Q -> _59786_/D : -83.211411
[hold reg-reg] _61677_/Q -> _59782_/D : -83.209686
[hold reg-reg] _61677_/Q -> _59783_/D : -83.209534
[hold reg-reg] _61677_/Q -> _60031_/D : -83.206688
[hold reg-reg] _61677_/Q -> _60030_/D : -83.205200
[hold reg-reg] _61677_/Q -> _60039_/D : -83.189636
[hold reg-reg] _61677_/Q -> _60038_/D : -83.188187
[hold reg-reg] _61677_/Q -> _60222_/D : -83.173859
[hold reg-reg] _61677_/Q -> _60223_/D : -83.173523
[hold reg-reg] _61677_/Q -> _60118_/D : -83.167778
[hold reg-reg] _61677_/Q -> _60119_/D : -83.167221
[hold reg-reg] _61677_/Q -> _59472_/D : -83.166847
[hold reg-reg] _61677_/Q -> _59473_/D : -83.166100
[hold reg-reg] _61677_/Q -> _59474_/D : -83.165901
[hold reg-reg] _61677_/Q -> _59471_/D : -83.162750
[hold reg-reg] _61677_/Q -> _59975_/D : -83.157120
[hold reg-reg] _61677_/Q -> _59974_/D : -83.156677
[hold reg-reg] _61677_/Q -> _59632_/D : -83.138535
[hold reg-reg] _61677_/Q -> _59633_/D : -83.138535
[hold reg-reg] _61677_/Q -> _59634_/D : -83.137726
[hold reg-reg] _61677_/Q -> _60113_/D : -83.128708
[hold reg-reg] _61677_/Q -> _60116_/D : -83.128632
[hold reg-reg] _61677_/Q -> _60115_/D : -83.128052
[hold reg-reg] _61677_/Q -> _60114_/D : -83.127594
[hold reg-reg] _61677_/Q -> _60112_/D : -83.127502
[hold reg-reg] _61677_/Q -> _60110_/D : -83.126541
[hold reg-reg] _61677_/Q -> _60117_/D : -83.126480
[hold reg-reg] _61677_/Q -> _60111_/D : -83.125732
[hold reg-reg] _61677_/Q -> _59943_/D : -83.122101
[hold reg-reg] _61677_/Q -> _59942_/D : -83.120972
[hold reg-reg] _61677_/Q -> _59470_/D : -83.118149
[hold reg-reg] _61677_/Q -> _60077_/D : -83.108742
[hold reg-reg] _61677_/Q -> _60072_/D : -83.108650
[hold reg-reg] _61677_/Q -> _60074_/D : -83.107773
[hold reg-reg] _61677_/Q -> _60076_/D : -83.106697
[hold reg-reg] _61677_/Q -> _60073_/D : -83.106285
[hold reg-reg] _61677_/Q -> _60075_/D : -83.106178
[hold reg-reg] _61677_/Q -> _60070_/D : -83.104515
[hold reg-reg] _61677_/Q -> _60066_/D : -83.102661
[hold reg-reg] _61677_/Q -> _60071_/D : -83.102608
[hold reg-reg] _61677_/Q -> _60064_/D : -83.101494
[hold reg-reg] _61677_/Q -> _60068_/D : -83.100777
[hold reg-reg] _61677_/Q -> _60104_/D : -83.100403
[hold reg-reg] _61677_/Q -> _60067_/D : -83.100281
[hold reg-reg] _61677_/Q -> _60065_/D : -83.100189
[hold reg-reg] _61677_/Q -> _60106_/D : -83.099869
[hold reg-reg] _61677_/Q -> _60107_/D : -83.099937
[hold reg-reg] _61677_/Q -> _60109_/D : -83.099701
[hold reg-reg] _61677_/Q -> _60069_/D : -83.099480
[hold reg-reg] _61677_/Q -> _60105_/D : -83.099327
[hold reg-reg] _61677_/Q -> _60108_/D : -83.098701
[hold reg-reg] _61677_/Q -> _60091_/D : -83.098587
[hold reg-reg] _61677_/Q -> _60093_/D : -83.098587
[hold reg-reg] _61677_/Q -> _60088_/D : -83.098083
[hold reg-reg] _61677_/Q -> _60092_/D : -83.098076
[hold reg-reg] _61677_/Q -> _60063_/D : -83.097908
[hold reg-reg] _61677_/Q -> _60062_/D : -83.097549
[hold reg-reg] _61677_/Q -> _60089_/D : -83.097237
[hold reg-reg] _61677_/Q -> _60103_/D : -83.097275
[hold reg-reg] _61677_/Q -> _60102_/D : -83.096825
[hold reg-reg] _61677_/Q -> _60090_/D : -83.096252
[hold reg-reg] _61677_/Q -> _60087_/D : -83.094292
[hold reg-reg] _61677_/Q -> _60086_/D : -83.093300
[hold reg-reg] _61677_/Q -> _59630_/D : -83.091591
[hold reg-reg] _61677_/Q -> _59631_/D : -83.090744
[hold reg-reg] _61677_/Q -> _60142_/D : -83.081917
[hold reg-reg] _61677_/Q -> _60097_/D : -83.079315
[hold reg-reg] _61677_/Q -> _60101_/D : -83.079315
[hold reg-reg] _61677_/Q -> _60098_/D : -83.079178
[hold reg-reg] _61677_/Q -> _60143_/D : -83.079086
[hold reg-reg] _61677_/Q -> _60096_/D : -83.078094
[hold reg-reg] _61677_/Q -> _60100_/D : -83.077980
[hold reg-reg] _61677_/Q -> _60099_/D : -83.077637
[hold reg-reg] _61677_/Q -> _60095_/D : -83.076263
[hold reg-reg] _61677_/Q -> _60094_/D : -83.075180
[hold reg-reg] _61677_/Q -> _60059_/D : -83.063606
[hold reg-reg] _61677_/Q -> _60061_/D : -83.063499
[hold reg-reg] _61677_/Q -> _60058_/D : -83.062935
[hold reg-reg] _61677_/Q -> _60060_/D : -83.062943
[hold reg-reg] _61677_/Q -> _60135_/D : -83.062622
[hold reg-reg] _61677_/Q -> _60057_/D : -83.062431
[hold reg-reg] _61677_/Q -> _60134_/D : -83.062248
[hold reg-reg] _61677_/Q -> _60056_/D : -83.061966
[hold reg-reg] _61677_/Q -> _59600_/D : -83.061707
[hold reg-reg] _61677_/Q -> _59601_/D : -83.060501
[hold reg-reg] _61677_/Q -> _59602_/D : -83.060387
[hold reg-reg] _61677_/Q -> _60054_/D : -83.058907
[hold reg-reg] _61677_/Q -> _60055_/D : -83.058830
[hold reg-reg] _61677_/Q -> _59599_/D : -83.058098
[hold reg-reg] _61677_/Q -> _59598_/D : -83.057487
[hold reg-reg] _61677_/Q -> _59792_/D : -83.054718
[hold reg-reg] _61677_/Q -> _59796_/D : -83.051422
[hold reg-reg] _61677_/Q -> _59797_/D : -83.050934
[hold reg-reg] _61677_/Q -> _59793_/D : -83.050552
[hold reg-reg] _61677_/Q -> _59794_/D : -83.050201
[hold reg-reg] _61677_/Q -> _59795_/D : -83.049232
[hold reg-reg] _61786_/Q -> _59566_/D : -83.027191
[hold reg-reg] _61677_/Q -> _60128_/D : -83.024002
[hold reg-reg] _61677_/Q -> _60131_/D : -83.023735
[hold reg-reg] _61677_/Q -> _60129_/D : -83.022301
[hold reg-reg] _61677_/Q -> _60133_/D : -83.022285
[hold reg-reg] _61677_/Q -> _60132_/D : -83.021240
[hold reg-reg] _61677_/Q -> _60130_/D : -83.020439
[hold reg-reg] _61677_/Q -> _60015_/D : -83.014908
[hold reg-reg] _61677_/Q -> _60014_/D : -83.014206
[hold reg-reg] _61677_/Q -> _60081_/D : -83.009872
[hold reg-reg] _61677_/Q -> _60083_/D : -83.008255
[hold reg-reg] _61677_/Q -> _60084_/D : -83.007965
[hold reg-reg] _61677_/Q -> _60080_/D : -83.007744
[hold reg-reg] _61677_/Q -> _60082_/D : -83.007248
[hold reg-reg] _61677_/Q -> _60085_/D : -83.007309
[hold reg-reg] _61677_/Q -> _60078_/D : -83.006393
[hold reg-reg] _61677_/Q -> _60079_/D : -83.006081
[hold reg-reg] _61677_/Q -> _59790_/D : -83.001358
[hold reg-reg] _61677_/Q -> _59791_/D : -82.998970
[hold reg-reg] _61677_/Q -> _60156_/D : -82.989433
[hold reg-reg] _61677_/Q -> _60152_/D : -82.989334
[hold reg-reg] _61677_/Q -> _59569_/D : -82.989166
[hold reg-reg] _61677_/Q -> _60153_/D : -82.989128
[hold reg-reg] _61677_/Q -> _60157_/D : -82.989006
[hold reg-reg] _61677_/Q -> _59570_/D : -82.988365
[hold reg-reg] _61677_/Q -> _60154_/D : -82.988358
[hold reg-reg] _61677_/Q -> _60155_/D : -82.988213
[hold reg-reg] _61677_/Q -> _59568_/D : -82.987839
[hold reg-reg] _61677_/Q -> _60150_/D : -82.986069
[hold reg-reg] _61677_/Q -> _59567_/D : -82.985580
[hold reg-reg] _61677_/Q -> _60151_/D : -82.984985
[hold reg-reg] _61677_/Q -> _59990_/D : -82.980316
[hold reg-reg] _61677_/Q -> _59991_/D : -82.979485
[hold reg-reg] _61677_/Q -> _60127_/D : -82.975960
[hold reg-reg] _61677_/Q -> _60126_/D : -82.975624
[hold reg-reg] _61677_/Q -> _60192_/D : -82.969666
[hold reg-reg] _61677_/Q -> _60193_/D : -82.969612
[hold reg-reg] _61677_/Q -> _60194_/D : -82.969566
[hold reg-reg] _61677_/Q -> _60197_/D : -82.969109
[hold reg-reg] _61677_/Q -> _60196_/D : -82.968857
[hold reg-reg] _61677_/Q -> _60195_/D : -82.968483
[hold reg-reg] _61677_/Q -> _60190_/D : -82.965538
[hold reg-reg] _61677_/Q -> _60191_/D : -82.965446
[hold reg-reg] _61677_/Q -> _60209_/D : -82.957260
[hold reg-reg] _61677_/Q -> _60210_/D : -82.957176
[hold reg-reg] _61677_/Q -> _60208_/D : -82.956764
[hold reg-reg] _61677_/Q -> _60211_/D : -82.956429
[hold reg-reg] _61677_/Q -> _60212_/D : -82.956238
[hold reg-reg] _61677_/Q -> _60213_/D : -82.955566
[hold reg-reg] _61677_/Q -> _60207_/D : -82.954865
[hold reg-reg] _61677_/Q -> _60206_/D : -82.954231
[hold reg-reg] _61677_/Q -> _59999_/D : -82.948235
[hold reg-reg] _61677_/Q -> _59998_/D : -82.946983
[hold reg-reg] _61677_/Q -> _60188_/D : -82.946487
[hold reg-reg] _61677_/Q -> _60189_/D : -82.946472
[hold reg-reg] _61677_/Q -> _60163_/D : -82.946098
[hold reg-reg] _61677_/Q -> _60160_/D : -82.946007
[hold reg-reg] _61677_/Q -> _60187_/D : -82.945930
[hold reg-reg] _61677_/Q -> _60164_/D : -82.945717
[hold reg-reg] _61677_/Q -> _60185_/D : -82.945801
[hold reg-reg] _61677_/Q -> _60165_/D : -82.944824
[hold reg-reg] _61677_/Q -> _60159_/D : -82.944740
[hold reg-reg] _61677_/Q -> _60184_/D : -82.944679
[hold reg-reg] _61677_/Q -> _60162_/D : -82.944351
[hold reg-reg] _61677_/Q -> _60186_/D : -82.944298
[hold reg-reg] _61677_/Q -> _60161_/D : -82.943970
[hold reg-reg] _61677_/Q -> _60201_/D : -82.943848
[hold reg-reg] _61677_/Q -> _60202_/D : -82.943588
[hold reg-reg] _61677_/Q -> _60183_/D : -82.942795
[hold reg-reg] _61677_/Q -> _60200_/D : -82.942719
[hold reg-reg] _61677_/Q -> _60204_/D : -82.942711
[hold reg-reg] _61677_/Q -> _60158_/D : -82.942558
[hold reg-reg] _61677_/Q -> _60203_/D : -82.942619
[hold reg-reg] _61677_/Q -> _60205_/D : -82.942551
[hold reg-reg] _61677_/Q -> _60182_/D : -82.941757
[hold reg-reg] _61677_/Q -> _60198_/D : -82.939796
[hold reg-reg] _61677_/Q -> _60199_/D : -82.939468
[hold reg-reg] _61677_/Q -> _60176_/D : -82.914986
[hold reg-reg] _61677_/Q -> _60179_/D : -82.914764
[hold reg-reg] _61677_/Q -> _60180_/D : -82.914055
[hold reg-reg] _61677_/Q -> _60178_/D : -82.913963
[hold reg-reg] _61677_/Q -> _60177_/D : -82.913620
[hold reg-reg] _61677_/Q -> _60175_/D : -82.913345
[hold reg-reg] _61677_/Q -> _60181_/D : -82.912933
[hold reg-reg] _61677_/Q -> _60174_/D : -82.912193
[hold reg-reg] _61677_/Q -> _59711_/D : -82.903465
[hold reg-reg] _61677_/Q -> _59710_/D : -82.903297
[hold reg-reg] _61677_/Q -> _60169_/D : -82.895798
[hold reg-reg] _61677_/Q -> _60170_/D : -82.895813
[hold reg-reg] _61677_/Q -> _60171_/D : -82.895477
[hold reg-reg] _61677_/Q -> _60173_/D : -82.894775
[hold reg-reg] _61677_/Q -> _60172_/D : -82.894661
[hold reg-reg] _61677_/Q -> _60168_/D : -82.894531
[hold reg-reg] _61677_/Q -> _60167_/D : -82.893280
[hold reg-reg] _61677_/Q -> _60166_/D : -82.892418
[hold reg-reg] _61677_/Q -> _60007_/D : -82.838409
[hold reg-reg] _61677_/Q -> _60006_/D : -82.837334
[hold reg-reg] _61677_/Q -> _60242_/D : -82.808891
[hold reg-reg] _61677_/Q -> _60244_/D : -82.808319
[hold reg-reg] _61677_/Q -> _60245_/D : -82.808144
[hold reg-reg] _61677_/Q -> _60240_/D : -82.807732
[hold reg-reg] _61677_/Q -> _60243_/D : -82.805870
[hold reg-reg] _61677_/Q -> _60241_/D : -82.805237
[hold reg-reg] _61677_/Q -> _60239_/D : -82.748100
[hold reg-reg] _61677_/Q -> _60238_/D : -82.747704
[hold reg-reg] _61677_/Q -> _59776_/D : -82.729202
[hold reg-reg] _61677_/Q -> _59774_/D : -82.727989
[hold reg-reg] _61677_/Q -> _59780_/D : -82.728035
[hold reg-reg] _61677_/Q -> _59778_/D : -82.727814
[hold reg-reg] _61677_/Q -> _59775_/D : -82.727516
[hold reg-reg] _61677_/Q -> _59781_/D : -82.727242
[hold reg-reg] _61677_/Q -> _59777_/D : -82.727158
[hold reg-reg] _61677_/Q -> _59779_/D : -82.727158
[hold reg-reg] _61786_/Q -> _61878_/D : -82.672600
[hold reg-reg] _61786_/Q -> _61875_/D : -82.665405
[hold reg-reg] _61786_/Q -> _61874_/D : -82.649040
[hold reg-reg] _61786_/Q -> _61864_/D : -82.637817
[hold reg-reg] _61786_/Q -> _61877_/D : -82.527481
[hold reg-reg] _61786_/Q -> _61876_/D : -82.527153
[hold reg-reg] _61786_/Q -> _61879_/D : -82.439377
[hold reg-reg] _61786_/Q -> _61880_/D : -82.412399
[hold reg-reg] _61786_/Q -> _61869_/D : -82.339325
[hold reg-reg] _61786_/Q -> _61885_/D : -82.307381
[hold reg-reg] _61786_/Q -> _61881_/D : -82.129593
[hold reg-reg] _61786_/Q -> _61883_/D : -82.114174
[hold reg-reg] _61786_/Q -> _61859_/D : -82.090866
[hold reg-reg] _61786_/Q -> _61858_/D : -82.082832
[hold reg-reg] _61786_/Q -> _61857_/D : -82.035797
[hold reg-reg] _61786_/Q -> _61860_/D : -82.032036
[hold reg-reg] _61786_/Q -> _61882_/D : -82.023010
[hold reg-reg] _61786_/Q -> _61884_/D : -81.966522
[hold reg-reg] _61677_/Q -> _61863_/D : -81.945160
[hold reg-reg] _61677_/Q -> _61862_/D : -81.938599
[hold reg-reg] _61677_/Q -> _61870_/D : -81.929443
[hold reg-reg] _61786_/Q -> _61861_/D : -81.911980
[hold reg-reg] _61677_/Q -> _61873_/D : -81.903976
[hold reg-reg] _61677_/Q -> _61867_/D : -81.900871
[hold reg-reg] _61786_/Q -> _61866_/D : -81.861267
[hold reg-reg] _61677_/Q -> _61871_/D : -81.832802
[hold reg-reg] _61786_/Q -> _61865_/D : -81.829826
[hold reg-reg] _61677_/Q -> _61868_/D : -81.794441
[hold reg-reg] _61677_/Q -> _61872_/D : -81.686790
[hold in-reg] uart_rx_i -> _62086_/D : -62.997532
[hold reg-reg] _61683_/Q -> _62441_/D : -37.467056
[hold reg-reg] _61683_/Q -> _62445_/D : -37.450710
[hold reg-reg] _61683_/Q -> _62446_/D : -37.438389
[hold reg-reg] _61683_/Q -> _62408_/D : -36.735359
[hold reg-reg] _61683_/Q -> _62407_/D : -36.711548
[hold reg-reg] _61787_/Q -> _61447_/D : -36.479561
[hold reg-reg] _61683_/Q -> _62411_/D : -36.302727
[hold reg-reg] _61683_/Q -> _62110_/D : -36.295849
[hold reg-reg] _61683_/Q -> _62414_/D : -36.289051
[hold reg-reg] _61683_/Q -> _62424_/D : -36.236336
[hold reg-reg] _61683_/Q -> _62417_/D : -36.234257
[hold reg-reg] _61683_/Q -> _62434_/D : -36.232288
[hold reg-reg] _61683_/Q -> _62438_/D : -36.230209
[hold reg-reg] _61683_/Q -> _62436_/D : -36.227734
[hold reg-reg] _61683_/Q -> _62437_/D : -36.222454
[hold reg-reg] _61683_/Q -> _62432_/D : -36.222267
[hold reg-reg] _61683_/Q -> _62428_/D : -36.219364
[hold reg-reg] _61683_/Q -> _62427_/D : -36.218464
[hold reg-reg] _61683_/Q -> _62426_/D : -36.217369
[hold reg-reg] _61683_/Q -> _62439_/D : -36.215477
[hold reg-reg] _61683_/Q -> _62425_/D : -36.214729
[hold reg-reg] _61683_/Q -> _62418_/D : -36.213490
[hold reg-reg] _61683_/Q -> _62431_/D : -36.212395
[hold reg-reg] _61683_/Q -> _62430_/D : -36.211220
[hold reg-reg] _61683_/Q -> _62111_/D : -36.209156
[hold reg-reg] _61683_/Q -> _62416_/D : -36.208393
[hold reg-reg] _61683_/Q -> _62422_/D : -36.204258
[hold reg-reg] _61683_/Q -> _62433_/D : -36.201382
[hold reg-reg] _61683_/Q -> _62435_/D : -36.199188
[hold reg-reg] _61683_/Q -> _62112_/D : -36.196995
[hold reg-reg] _61683_/Q -> _62440_/D : -36.195625
[hold reg-reg] _61683_/Q -> _62442_/D : -36.194160
[hold reg-reg] _61683_/Q -> _62409_/D : -36.192204
[hold reg-reg] _61683_/Q -> _62429_/D : -36.191887
[hold reg-reg] _61683_/Q -> _62444_/D : -36.189720
[hold reg-reg] _61683_/Q -> _62412_/D : -36.189240
[hold reg-reg] _61683_/Q -> _62413_/D : -36.189182
[hold reg-reg] _61683_/Q -> _62415_/D : -36.189217
[hold reg-reg] _61683_/Q -> _62423_/D : -36.178764
[hold reg-reg] _61683_/Q -> _62419_/D : -36.177059
[hold reg-reg] _61683_/Q -> _62410_/D : -36.151215
[hold reg-reg] _61683_/Q -> _62443_/D : -36.146072
[hold reg-reg] _61683_/Q -> _62420_/D : -36.024143
[hold reg-reg] _61683_/Q -> _62421_/D : -36.017483
[hold reg-reg] _61784_/Q -> _62046_/D : -35.997173
[hold reg-reg] _61784_/Q -> _61448_/D : -34.188969
[hold reg-reg] _60737_/Q -> _61642_/RN : -20.461315
[hold reg-reg] _60737_/Q -> _61492_/RN : -20.461294
[hold reg-reg] _60737_/Q -> _61497_/RN : -20.461298
[hold reg-reg] _60737_/Q -> _61558_/RN : -20.461298
[hold reg-reg] _60737_/Q -> _61559_/RN : -20.461298
[hold reg-reg] _60737_/Q -> _61560_/RN : -20.461298
[hold reg-reg] _60737_/Q -> _61561_/RN : -20.461298
[hold reg-reg] _60737_/Q -> _61562_/RN : -20.461298
[hold reg-reg] _60737_/Q -> _61563_/RN : -20.461298
[hold reg-reg] _60737_/Q -> _61564_/RN : -20.461298
[hold reg-reg] _60737_/Q -> _61565_/RN : -20.461298
[hold reg-reg] _60737_/Q -> _61634_/RN : -20.461298
[hold reg-reg] _60737_/Q -> _61635_/RN : -20.461298
[hold reg-reg] _60737_/Q -> _61636_/RN : -20.461300
[hold reg-reg] _60737_/Q -> _61637_/RN : -20.461298
[hold reg-reg] _60737_/Q -> _61638_/RN : -20.461300
[hold reg-reg] _60737_/Q -> _61639_/RN : -20.461300
[hold reg-reg] _60737_/Q -> _61640_/RN : -20.461315
[hold reg-reg] _60737_/Q -> _61641_/RN : -20.461315
[hold reg-reg] _60737_/Q -> _61643_/RN : -20.461298
[hold reg-reg] _60737_/Q -> _61644_/RN : -20.461300
[hold reg-reg] _60737_/Q -> _61645_/RN : -20.461300
[hold reg-reg] _60737_/Q -> _61646_/RN : -20.461311
[hold reg-reg] _60737_/Q -> _61647_/RN : -20.461300
[hold reg-reg] _60737_/Q -> _61589_/RN : -20.461273
[hold reg-reg] _60737_/Q -> _61649_/RN : -20.461290
[hold reg-reg] _60737_/Q -> _61650_/RN : -20.461290
[hold reg-reg] _60737_/Q -> _61651_/RN : -20.461290
[hold reg-reg] _60737_/Q -> _61652_/RN : -20.461294
[hold reg-reg] _60737_/Q -> _61653_/RN : -20.461294
[hold reg-reg] _60737_/Q -> _61654_/RN : -20.461300
[hold reg-reg] _60737_/Q -> _61655_/RN : -20.461300
[hold reg-reg] _60737_/Q -> _61659_/RN : -20.461298
[hold reg-reg] _60737_/Q -> _61660_/RN : -20.461298
[hold reg-reg] _60737_/Q -> _61661_/RN : -20.461298
[hold reg-reg] _60737_/Q -> _61662_/RN : -20.461294
[hold reg-reg] _60737_/Q -> _61663_/RN : -20.461290
[hold reg-reg] _60737_/Q -> _61664_/RN : -20.461290
[hold reg-reg] _60737_/Q -> _61665_/RN : -20.461290
[hold reg-reg] _60737_/Q -> _61666_/RN : -20.461300
[hold reg-reg] _60737_/Q -> _62081_/RN : -20.461298
[hold reg-reg] _60737_/Q -> _62084_/RN : -20.461294
[hold reg-reg] _60737_/Q -> _62090_/RN : -20.461300
[hold reg-reg] _60737_/Q -> _62091_/RN : -20.461279
[hold reg-reg] _60737_/Q -> _62094_/RN : -20.461294
[hold reg-reg] _60737_/Q -> _61407_/RN : -20.461248
[hold reg-reg] _60737_/Q -> _61447_/RN : -20.461250
[hold reg-reg] _60737_/Q -> _61448_/RN : -20.461250
[hold reg-reg] _60737_/Q -> _61449_/RN : -20.461250
[hold reg-reg] _60737_/Q -> _61450_/RN : -20.461250
[hold reg-reg] _60737_/Q -> _61456_/RN : -20.461250
[hold reg-reg] _60737_/Q -> _61457_/RN : -20.461248
[hold reg-reg] _60737_/Q -> _61458_/RN : -20.461248
[hold reg-reg] _60737_/Q -> _61459_/RN : -20.461248
[hold reg-reg] _60737_/Q -> _61460_/RN : -20.461248
[hold reg-reg] _60737_/Q -> _61461_/RN : -20.461250
[hold reg-reg] _60737_/Q -> _61462_/RN : -20.461248
[hold reg-reg] _60737_/Q -> _61463_/RN : -20.461248
[hold reg-reg] _60737_/Q -> _61464_/RN : -20.461250
[hold reg-reg] _60737_/Q -> _61468_/RN : -20.461258
[hold reg-reg] _60737_/Q -> _61469_/RN : -20.461258
[hold reg-reg] _60737_/Q -> _61470_/RN : -20.461258
[hold reg-reg] _60737_/Q -> _61471_/RN : -20.461248
[hold reg-reg] _60737_/Q -> _61473_/RN : -20.461258
[hold reg-reg] _60737_/Q -> _61474_/RN : -20.461245
[hold reg-reg] _60737_/Q -> _61475_/RN : -20.461245
[hold reg-reg] _60737_/Q -> _61476_/RN : -20.461248
[hold reg-reg] _60737_/Q -> _61478_/RN : -20.461248
[hold reg-reg] _60737_/Q -> _61509_/RN : -20.461250
[hold reg-reg] _60737_/Q -> _61511_/RN : -20.461250
[hold reg-reg] _60737_/Q -> _61566_/RN : -20.461269
[hold reg-reg] _60737_/Q -> _61567_/RN : -20.461273
[hold reg-reg] _60737_/Q -> _61568_/RN : -20.461279
[hold reg-reg] _60737_/Q -> _61569_/RN : -20.461275
[hold reg-reg] _60737_/Q -> _61510_/RN : -20.461248
[hold reg-reg] _60737_/Q -> _61512_/RN : -20.461248
[hold reg-reg] _60737_/Q -> _61513_/RN : -20.461248
[hold reg-reg] _60737_/Q -> _61514_/RN : -20.461248
[hold reg-reg] _60737_/Q -> _61515_/RN : -20.461248
[hold reg-reg] _60737_/Q -> _61516_/RN : -20.461248
[hold reg-reg] _60737_/Q -> _61517_/RN : -20.461248
[hold reg-reg] _60737_/Q -> _61518_/RN : -20.461250
[hold reg-reg] _60737_/Q -> _61520_/RN : -20.461248
[hold reg-reg] _60737_/Q -> _61521_/RN : -20.461248
[hold reg-reg] _60737_/Q -> _61522_/RN : -20.461248
[hold reg-reg] _60737_/Q -> _61523_/RN : -20.461248
[hold reg-reg] _60737_/Q -> _61524_/RN : -20.461248
[hold reg-reg] _60737_/Q -> _61525_/RN : -20.461248
[hold reg-reg] _60737_/Q -> _61526_/RN : -20.461248
[hold reg-reg] _60737_/Q -> _61527_/RN : -20.461248
[hold reg-reg] _60737_/Q -> _61528_/RN : -20.461248
[hold reg-reg] _60737_/Q -> _61529_/RN : -20.461248
[hold reg-reg] _60737_/Q -> _61530_/RN : -20.461248
[hold reg-reg] _60737_/Q -> _61531_/RN : -20.461248
[hold reg-reg] _60737_/Q -> _61532_/RN : -20.461248
[hold reg-reg] _60737_/Q -> _61556_/RN : -20.461248
[hold reg-reg] _60737_/Q -> _61557_/RN : -20.461248
[hold reg-reg] _60737_/Q -> _61570_/RN : -20.461266
[hold reg-reg] _60737_/Q -> _61472_/RN : -20.461226
[hold reg-reg] _60737_/Q -> _61490_/RN : -20.461245
[hold reg-reg] _60737_/Q -> _61491_/RN : -20.461258
[hold reg-reg] _60737_/Q -> _61493_/RN : -20.461245
[hold reg-reg] _60737_/Q -> _61496_/RN : -20.461248
[hold reg-reg] _60737_/Q -> _61498_/RN : -20.461245
[hold reg-reg] _60737_/Q -> _61499_/RN : -20.461245
[hold reg-reg] _60737_/Q -> _61500_/RN : -20.461245
[hold reg-reg] _60737_/Q -> _61506_/RN : -20.461248
[hold reg-reg] _60737_/Q -> _61534_/RN : -20.461245
[hold reg-reg] _60737_/Q -> _61535_/RN : -20.461241
[hold reg-reg] _60737_/Q -> _61536_/RN : -20.461241
[hold reg-reg] _60737_/Q -> _61537_/RN : -20.461241
[hold reg-reg] _60737_/Q -> _61538_/RN : -20.461241
[hold reg-reg] _60737_/Q -> _61553_/RN : -20.461258
[hold reg-reg] _60737_/Q -> _61542_/RN : -20.461233
[hold reg-reg] _60737_/Q -> _61554_/RN : -20.461250
[hold reg-reg] _60737_/Q -> _61555_/RN : -20.461248
[hold reg-reg] _60737_/Q -> _61571_/RN : -20.461254
[hold reg-reg] _60737_/Q -> _61572_/RN : -20.461258
[hold reg-reg] _60737_/Q -> _61573_/RN : -20.461250
[hold reg-reg] _60737_/Q -> _61574_/RN : -20.461250
[hold reg-reg] _60737_/Q -> _61575_/RN : -20.461250
[hold reg-reg] _60737_/Q -> _61577_/RN : -20.461250
[hold reg-reg] _60737_/Q -> _61582_/RN : -20.461250
[hold reg-reg] _60737_/Q -> _61583_/RN : -20.461250
[hold reg-reg] _60737_/Q -> _61596_/RN : -20.461269
[hold reg-reg] _60737_/Q -> _61576_/RN : -20.461248
[hold reg-reg] _60737_/Q -> _61578_/RN : -20.461248
[hold reg-reg] _60737_/Q -> _61579_/RN : -20.461248
[hold reg-reg] _60737_/Q -> _61580_/RN : -20.461248
[hold reg-reg] _60737_/Q -> _61581_/RN : -20.461248
[hold reg-reg] _60737_/Q -> _61584_/RN : -20.461248
[hold reg-reg] _60737_/Q -> _61588_/RN : -20.461266
[hold reg-reg] _60737_/Q -> _61590_/RN : -20.461269
[hold reg-reg] _60737_/Q -> _61591_/RN : -20.461269
[hold reg-reg] _60737_/Q -> _61592_/RN : -20.461245
[hold reg-reg] _60737_/Q -> _61593_/RN : -20.461248
[hold reg-reg] _60737_/Q -> _61594_/RN : -20.461248
[hold reg-reg] _60737_/Q -> _61595_/RN : -20.461245
[hold reg-reg] _60737_/Q -> _61597_/RN : -20.461250
[hold reg-reg] _60737_/Q -> _61598_/RN : -20.461250
[hold reg-reg] _60737_/Q -> _61599_/RN : -20.461262
[hold reg-reg] _60737_/Q -> _61600_/RN : -20.461254
[hold reg-reg] _60737_/Q -> _61601_/RN : -20.461258
[hold reg-reg] _60737_/Q -> _61602_/RN : -20.461262
[hold reg-reg] _60737_/Q -> _61603_/RN : -20.461250
[hold reg-reg] _60737_/Q -> _61604_/RN : -20.461250
[hold reg-reg] _60737_/Q -> _61605_/RN : -20.461250
[hold reg-reg] _60737_/Q -> _61606_/RN : -20.461254
[hold reg-reg] _60737_/Q -> _61607_/RN : -20.461250
[hold reg-reg] _60737_/Q -> _61608_/RN : -20.461258
[hold reg-reg] _60737_/Q -> _61609_/RN : -20.461258
[hold reg-reg] _60737_/Q -> _61610_/RN : -20.461254
[hold reg-reg] _60737_/Q -> _61611_/RN : -20.461258
[hold reg-reg] _60737_/Q -> _61612_/RN : -20.461258
[hold reg-reg] _60737_/Q -> _61621_/RN : -20.461250
[hold reg-reg] _60737_/Q -> _61622_/RN : -20.461250
[hold reg-reg] _60737_/Q -> _61623_/RN : -20.461250
[hold reg-reg] _60737_/Q -> _61624_/RN : -20.461248
[hold reg-reg] _60737_/Q -> _61625_/RN : -20.461248
[hold reg-reg] _60737_/Q -> _61626_/RN : -20.461248
[hold reg-reg] _60737_/Q -> _61627_/RN : -20.461250
[hold reg-reg] _60737_/Q -> _61656_/RN : -20.461266
[hold reg-reg] _60737_/Q -> _61657_/RN : -20.461266
[hold reg-reg] _60737_/Q -> _61658_/RN : -20.461266
[hold reg-reg] _60737_/Q -> _61613_/RN : -20.461245
[hold reg-reg] _60737_/Q -> _61614_/RN : -20.461245
[hold reg-reg] _60737_/Q -> _61615_/RN : -20.461241
[hold reg-reg] _60737_/Q -> _61616_/RN : -20.461241
[hold reg-reg] _60737_/Q -> _61617_/RN : -20.461241
[hold reg-reg] _60737_/Q -> _61628_/RN : -20.461245
[hold reg-reg] _60737_/Q -> _61629_/RN : -20.461245
[hold reg-reg] _60737_/Q -> _61631_/RN : -20.461245
[hold reg-reg] _60737_/Q -> _62046_/RN : -20.461250
[hold reg-reg] _60737_/Q -> _62047_/RN : -20.461250
[hold reg-reg] _60737_/Q -> _62051_/RN : -20.461248
[hold reg-reg] _60737_/Q -> _62053_/RN : -20.461248
[hold reg-reg] _60737_/Q -> _62054_/RN : -20.461248
[hold reg-reg] _60737_/Q -> _62056_/RN : -20.461245
[hold reg-reg] _60737_/Q -> _62057_/RN : -20.461248
[hold reg-reg] _60737_/Q -> _62058_/RN : -20.461248
[hold reg-reg] _60737_/Q -> _62059_/RN : -20.461248
[hold reg-reg] _60737_/Q -> _62060_/RN : -20.461248
[hold reg-reg] _60737_/Q -> _62061_/RN : -20.461248
[hold reg-reg] _60737_/Q -> _62062_/RN : -20.461248
[hold reg-reg] _60737_/Q -> _62063_/RN : -20.461248
[hold reg-reg] _60737_/Q -> _62064_/RN : -20.461248
[hold reg-reg] _60737_/Q -> _62065_/RN : -20.461248
[hold reg-reg] _60737_/Q -> _62066_/RN : -20.461248
[hold reg-reg] _60737_/Q -> _62067_/RN : -20.461248
[hold reg-reg] _60737_/Q -> _62068_/RN : -20.461248
[hold reg-reg] _60737_/Q -> _62069_/RN : -20.461248
[hold reg-reg] _60737_/Q -> _62070_/RN : -20.461248
[hold reg-reg] _60737_/Q -> _62071_/RN : -20.461248
[hold reg-reg] _60737_/Q -> _62072_/RN : -20.461248
[hold reg-reg] _60737_/Q -> _62073_/RN : -20.461248
[hold reg-reg] _60737_/Q -> _62074_/RN : -20.461248
[hold reg-reg] _60737_/Q -> _62075_/RN : -20.461248
[hold reg-reg] _60737_/Q -> _62076_/RN : -20.461248
[hold reg-reg] _60737_/Q -> _62077_/RN : -20.461250
[hold reg-reg] _60737_/Q -> _62078_/RN : -20.461248
[hold reg-reg] _60737_/Q -> _62079_/RN : -20.461248
[hold reg-reg] _60737_/Q -> _62082_/RN : -20.461250
[hold reg-reg] _60737_/Q -> _62083_/RN : -20.461254
[hold reg-reg] _60737_/Q -> _62113_/RN : -20.461248
[hold reg-reg] _60737_/Q -> _62410_/RN : -20.461248
[hold reg-reg] _60737_/Q -> _62447_/RN : -20.461248
[hold reg-reg] _60737_/Q -> _62448_/RN : -20.461248
[hold reg-reg] _60737_/Q -> _62449_/RN : -20.461250
[hold reg-reg] _60737_/Q -> _62450_/RN : -20.461248
[hold reg-reg] _60737_/Q -> _62451_/RN : -20.461248
[hold reg-reg] _60737_/Q -> _62452_/RN : -20.461248
[hold reg-reg] _60737_/Q -> _62453_/RN : -20.461248
[hold reg-reg] _60737_/Q -> _62454_/RN : -20.461250
[hold reg-reg] _60737_/Q -> _62455_/RN : -20.461248
[hold reg-reg] _60737_/Q -> _62456_/RN : -20.461250
[hold reg-reg] _60737_/Q -> _62457_/RN : -20.461250
[hold reg-reg] _60737_/Q -> _62458_/RN : -20.461248
[hold reg-reg] _60737_/Q -> _62459_/RN : -20.461248
[hold reg-reg] _60737_/Q -> _62460_/RN : -20.461248
[hold reg-reg] _60737_/Q -> _62461_/RN : -20.461248
[hold reg-reg] _60737_/Q -> _62462_/RN : -20.461248
[hold reg-reg] _60737_/Q -> _62463_/RN : -20.461248
[hold reg-reg] _60737_/Q -> _62464_/RN : -20.461248
[hold reg-reg] _60737_/Q -> _62465_/RN : -20.461250
[hold reg-reg] _60737_/Q -> _62466_/RN : -20.461248
[hold reg-reg] _60737_/Q -> _62467_/RN : -20.461248
[hold reg-reg] _60737_/Q -> _62468_/RN : -20.461248
[hold reg-reg] _60737_/Q -> _62469_/RN : -20.461248
[hold reg-reg] _60737_/Q -> _62470_/RN : -20.461248
[hold reg-reg] _60737_/Q -> _62471_/RN : -20.461248
[hold reg-reg] _60737_/Q -> _62472_/RN : -20.461248
[hold reg-reg] _60737_/Q -> _62473_/RN : -20.461248
[hold reg-reg] _60737_/Q -> _62474_/RN : -20.461248
[hold reg-reg] _60737_/Q -> _62475_/RN : -20.461248
[hold reg-reg] _60737_/Q -> _62476_/RN : -20.461250
[hold reg-reg] _60737_/Q -> _62477_/RN : -20.461250
[hold reg-reg] _60737_/Q -> _61404_/RN : -20.461208
[hold reg-reg] _60737_/Q -> _61405_/RN : -20.461208
[hold reg-reg] _60737_/Q -> _61421_/RN : -20.461205
[hold reg-reg] _60737_/Q -> _61422_/RN : -20.461205
[hold reg-reg] _60737_/Q -> _61453_/RN : -20.461222
[hold reg-reg] _60737_/Q -> _61454_/RN : -20.461222
[hold reg-reg] _60737_/Q -> _61477_/RN : -20.461241
[hold reg-reg] _60737_/Q -> _61479_/RN : -20.461250
[hold reg-reg] _60737_/Q -> _61480_/RN : -20.461248
[hold reg-reg] _60737_/Q -> _61481_/RN : -20.461241
[hold reg-reg] _60737_/Q -> _61482_/RN : -20.461250
[hold reg-reg] _60737_/Q -> _61483_/RN : -20.461241
[hold reg-reg] _60737_/Q -> _61484_/RN : -20.461248
[hold reg-reg] _60737_/Q -> _61485_/RN : -20.461245
[hold reg-reg] _60737_/Q -> _61486_/RN : -20.461241
[hold reg-reg] _60737_/Q -> _61487_/RN : -20.461241
[hold reg-reg] _60737_/Q -> _61488_/RN : -20.461241
[hold reg-reg] _60737_/Q -> _61489_/RN : -20.461248
[hold reg-reg] _60737_/Q -> _61552_/RN : -20.461222
[hold reg-reg] _60737_/Q -> _61585_/RN : -20.461208
[hold reg-reg] _60737_/Q -> _61586_/RN : -20.461212
[hold reg-reg] _60737_/Q -> _61587_/RN : -20.461216
[hold reg-reg] _60737_/Q -> _61618_/RN : -20.461222
[hold reg-reg] _60737_/Q -> _61619_/RN : -20.461222
[hold reg-reg] _60737_/Q -> _61620_/RN : -20.461226
[hold reg-reg] _60737_/Q -> _61632_/RN : -20.461237
[hold reg-reg] _60737_/Q -> _61633_/RN : -20.461237
[hold reg-reg] _60737_/Q -> _61406_/RN : -20.461201
[hold reg-reg] _60737_/Q -> _61408_/RN : -20.461201
[hold reg-reg] _60737_/Q -> _61409_/RN : -20.461208
[hold reg-reg] _60737_/Q -> _61455_/RN : -20.461220
[hold reg-reg] _60737_/Q -> _61410_/RN : -20.461197
[hold reg-reg] _60737_/Q -> _61411_/RN : -20.461197
[hold reg-reg] _60737_/Q -> _61412_/RN : -20.461201
[hold reg-reg] _60737_/Q -> _61413_/RN : -20.461201
[hold reg-reg] _60737_/Q -> _61414_/RN : -20.461197
[hold reg-reg] _60737_/Q -> _61415_/RN : -20.461205
[hold reg-reg] _60737_/Q -> _61416_/RN : -20.461205
[hold reg-reg] _60737_/Q -> _61417_/RN : -20.461205
[hold reg-reg] _60737_/Q -> _61418_/RN : -20.461197
[hold reg-reg] _60737_/Q -> _61419_/RN : -20.461197
[hold reg-reg] _60737_/Q -> _61420_/RN : -20.461205
[hold reg-reg] _60737_/Q -> _61423_/RN : -20.461197
[hold reg-reg] _60737_/Q -> _61424_/RN : -20.461205
[hold reg-reg] _60737_/Q -> _61425_/RN : -20.461205
[hold reg-reg] _60737_/Q -> _61426_/RN : -20.461205
[hold reg-reg] _60737_/Q -> _61427_/RN : -20.461205
[hold reg-reg] _60737_/Q -> _61428_/RN : -20.461205
[hold reg-reg] _60737_/Q -> _61429_/RN : -20.461205
[hold reg-reg] _60737_/Q -> _61430_/RN : -20.461205
[hold reg-reg] _60737_/Q -> _61431_/RN : -20.461205
[hold reg-reg] _60737_/Q -> _61432_/RN : -20.461205
[hold reg-reg] _60737_/Q -> _61433_/RN : -20.461205
[hold reg-reg] _60737_/Q -> _61434_/RN : -20.461205
[hold reg-reg] _60737_/Q -> _61435_/RN : -20.461205
[hold reg-reg] _60737_/Q -> _61441_/RN : -20.461205
[hold reg-reg] _60737_/Q -> _61451_/RN : -20.461222
[hold reg-reg] _60737_/Q -> _61436_/RN : -20.461201
[hold reg-reg] _60737_/Q -> _61437_/RN : -20.461205
[hold reg-reg] _60737_/Q -> _61438_/RN : -20.461201
[hold reg-reg] _60737_/Q -> _61439_/RN : -20.461197
[hold reg-reg] _60737_/Q -> _61440_/RN : -20.461205
[hold reg-reg] _60737_/Q -> _61442_/RN : -20.461201
[hold reg-reg] _60737_/Q -> _61443_/RN : -20.461205
[hold reg-reg] _60737_/Q -> _61444_/RN : -20.461197
[hold reg-reg] _60737_/Q -> _61445_/RN : -20.461197
[hold reg-reg] _60737_/Q -> _61446_/RN : -20.461201
[hold reg-reg] _60737_/Q -> _61452_/RN : -20.461220
[hold reg-reg] _60737_/Q -> _61465_/RN : -20.461205
[hold reg-reg] _60737_/Q -> _61466_/RN : -20.461208
[hold reg-reg] _60737_/Q -> _61467_/RN : -20.461208
[hold reg-reg] _60737_/Q -> _61494_/RN : -20.461222
[hold reg-reg] _60737_/Q -> _61495_/RN : -20.461222
[hold reg-reg] _60737_/Q -> _61501_/RN : -20.461208
[hold reg-reg] _60737_/Q -> _61502_/RN : -20.461208
[hold reg-reg] _60737_/Q -> _61503_/RN : -20.461208
[hold reg-reg] _60737_/Q -> _61504_/RN : -20.461208
[hold reg-reg] _60737_/Q -> _61505_/RN : -20.461208
[hold reg-reg] _60737_/Q -> _61507_/RN : -20.461212
[hold reg-reg] _60737_/Q -> _61508_/RN : -20.461208
[hold reg-reg] _60737_/Q -> _61519_/RN : -20.461212
[hold reg-reg] _60737_/Q -> _61533_/RN : -20.461212
[hold reg-reg] _60737_/Q -> _61539_/RN : -20.461226
[hold reg-reg] _60737_/Q -> _61540_/RN : -20.461226
[hold reg-reg] _60737_/Q -> _61541_/RN : -20.461226
[hold reg-reg] _60737_/Q -> _61543_/RN : -20.461237
[hold reg-reg] _60737_/Q -> _61544_/RN : -20.461212
[hold reg-reg] _60737_/Q -> _61545_/RN : -20.461205
[hold reg-reg] _60737_/Q -> _61546_/RN : -20.461205
[hold reg-reg] _60737_/Q -> _61547_/RN : -20.461205
[hold reg-reg] _60737_/Q -> _61548_/RN : -20.461205
[hold reg-reg] _60737_/Q -> _61549_/RN : -20.461212
[hold reg-reg] _60737_/Q -> _61550_/RN : -20.461222
[hold reg-reg] _60737_/Q -> _61551_/RN : -20.461222
[hold reg-reg] _60737_/Q -> _61630_/RN : -20.461212
[hold reg-reg] _60737_/Q -> _61761_/RN : -20.461222
[hold reg-reg] _60737_/Q -> _61762_/RN : -20.461222
[hold reg-reg] _60737_/Q -> _61763_/RN : -20.461226
[hold reg-reg] _60737_/Q -> _62045_/RN : -20.461197
[hold reg-reg] _60737_/Q -> _62048_/RN : -20.461205
[hold reg-reg] _60737_/Q -> _62049_/RN : -20.461205
[hold reg-reg] _60737_/Q -> _62050_/RN : -20.461208
[hold reg-reg] _60737_/Q -> _62052_/RN : -20.461205
[hold reg-reg] _60737_/Q -> _62055_/RN : -20.461208
[hold reg-reg] _60737_/Q -> _62080_/RN : -20.461205
[hold reg-reg] _60737_/Q -> _62110_/RN : -20.461208
[hold reg-reg] _60737_/Q -> _62111_/RN : -20.461197
[hold reg-reg] _60737_/Q -> _62112_/RN : -20.461212
[hold reg-reg] _60737_/Q -> _62407_/RN : -20.461212
[hold reg-reg] _60737_/Q -> _62408_/RN : -20.461208
[hold reg-reg] _60737_/Q -> _62409_/RN : -20.461197
[hold reg-reg] _60737_/Q -> _62411_/RN : -20.461212
[hold reg-reg] _60737_/Q -> _62412_/RN : -20.461208
[hold reg-reg] _60737_/Q -> _62413_/RN : -20.461208
[hold reg-reg] _60737_/Q -> _62414_/RN : -20.461197
[hold reg-reg] _60737_/Q -> _62415_/RN : -20.461208
[hold reg-reg] _60737_/Q -> _62416_/RN : -20.461197
[hold reg-reg] _60737_/Q -> _62417_/RN : -20.461208
[hold reg-reg] _60737_/Q -> _62418_/RN : -20.461208
[hold reg-reg] _60737_/Q -> _62419_/RN : -20.461208
[hold reg-reg] _60737_/Q -> _62420_/RN : -20.461201
[hold reg-reg] _60737_/Q -> _62421_/RN : -20.461201
[hold reg-reg] _60737_/Q -> _62422_/RN : -20.461208
[hold reg-reg] _60737_/Q -> _62423_/RN : -20.461208
[hold reg-reg] _60737_/Q -> _62424_/RN : -20.461208
[hold reg-reg] _60737_/Q -> _62425_/RN : -20.461208
[hold reg-reg] _60737_/Q -> _62426_/RN : -20.461208
[hold reg-reg] _60737_/Q -> _62427_/RN : -20.461208
[hold reg-reg] _60737_/Q -> _62428_/RN : -20.461208
[hold reg-reg] _60737_/Q -> _62429_/RN : -20.461208
[hold reg-reg] _60737_/Q -> _62430_/RN : -20.461208
[hold reg-reg] _60737_/Q -> _62431_/RN : -20.461208
[hold reg-reg] _60737_/Q -> _62432_/RN : -20.461205
[hold reg-reg] _60737_/Q -> _62433_/RN : -20.461208
[hold reg-reg] _60737_/Q -> _62434_/RN : -20.461205
[hold reg-reg] _60737_/Q -> _62435_/RN : -20.461208
[hold reg-reg] _60737_/Q -> _62436_/RN : -20.461205
[hold reg-reg] _60737_/Q -> _62437_/RN : -20.461205
[hold reg-reg] _60737_/Q -> _62438_/RN : -20.461205
[hold reg-reg] _60737_/Q -> _62439_/RN : -20.461205
[hold reg-reg] _60737_/Q -> _62440_/RN : -20.461208
[hold reg-reg] _60737_/Q -> _62441_/RN : -20.461208
[hold reg-reg] _60737_/Q -> _62442_/RN : -20.461208
[hold reg-reg] _60737_/Q -> _62443_/RN : -20.461208
[hold reg-reg] _60737_/Q -> _62444_/RN : -20.461208
[hold reg-reg] _60737_/Q -> _62445_/RN : -20.461208
[hold reg-reg] _60737_/Q -> _62446_/RN : -20.461208
[hold in-reg] boot_select_i -> _61824_/D : -20.407413
[hold in-reg] spi_flash_sd_io_IN[0] -> _60970_/D : -19.035572
[hold in-reg] execute_from_flash_i -> _60840_/D : -18.845940
[hold in-reg] spi_flash_sd_io_IN[1] -> _60971_/D : -18.769930
[hold in-reg] spi_flash_sd_io_IN[3] -> _60973_/D : -18.676390
[hold in-reg] spi_flash_sd_io_IN[2] -> _60972_/D : -18.487106
[hold in-reg] spi_flash_sd_io_IN[0] -> _61792_/D : -17.063112
[hold in-reg] spi_flash_sd_io_IN[1] -> _61793_/D : -16.361036
[hold in-reg] spi_flash_sd_io_IN[2] -> _61794_/D : -16.341709
[hold in-reg] spi_flash_sd_io_IN[3] -> _61795_/D : -15.991415
[hold in-reg] rst_ni -> _62100_/RN : -6.078601
[hold in-reg] rst_ni -> _62122_/RN : -6.078601
[hold in-reg] rst_ni -> _61928_/RN : -6.078579
[hold in-reg] rst_ni -> _61930_/RN : -6.078579
[hold in-reg] rst_ni -> _61957_/RN : -6.078579
[hold in-reg] rst_ni -> _61958_/RN : -6.078579
[hold in-reg] rst_ni -> _61959_/RN : -6.078579
[hold in-reg] rst_ni -> _61961_/RN : -6.078579
[hold in-reg] rst_ni -> _61962_/RN : -6.078579
[hold in-reg] rst_ni -> _62352_/RN : -6.078579
[hold in-reg] rst_ni -> _62353_/RN : -6.078579
[hold in-reg] rst_ni -> _62354_/RN : -6.078579
[hold in-reg] rst_ni -> _62361_/RN : -6.078579
[hold in-reg] rst_ni -> _62385_/RN : -6.078579
[hold in-reg] rst_ni -> _62386_/RN : -6.078579
[hold in-reg] rst_ni -> _62387_/RN : -6.078579
[hold in-reg] rst_ni -> _62389_/RN : -6.078579
[hold in-reg] rst_ni -> _62392_/RN : -6.078579
[hold in-reg] rst_ni -> _60993_/RN : -6.078572
[hold in-reg] rst_ni -> _60994_/RN : -6.078572
[hold in-reg] rst_ni -> _60995_/RN : -6.078572
[hold in-reg] rst_ni -> _61689_/RN : -6.078572
[hold in-reg] rst_ni -> _61690_/RN : -6.078572
[hold in-reg] rst_ni -> _61700_/RN : -6.078572
[hold in-reg] rst_ni -> _61789_/RN : -6.078572
[hold in-reg] rst_ni -> _61929_/RN : -6.078572
[hold in-reg] rst_ni -> _62043_/RN : -6.078572
[hold in-reg] rst_ni -> _62346_/RN : -6.078572
[hold in-reg] rst_ni -> _62355_/RN : -6.078572
[hold in-reg] rst_ni -> _62356_/RN : -6.078572
[hold in-reg] rst_ni -> _62358_/RN : -6.078572
[hold in-reg] rst_ni -> _62359_/RN : -6.078572
[hold in-reg] rst_ni -> _62377_/RN : -6.078572
[hold in-reg] rst_ni -> _62383_/RN : -6.078572
[hold in-reg] rst_ni -> _62391_/RN : -6.078572
[hold in-reg] rst_ni -> _60983_/RN : -6.078566
[hold in-reg] rst_ni -> _60990_/RN : -6.078566
[hold in-reg] rst_ni -> _60991_/RN : -6.078566
[hold in-reg] rst_ni -> _60992_/RN : -6.078566
[hold in-reg] rst_ni -> _61911_/RN : -6.078566
[hold in-reg] rst_ni -> _61915_/RN : -6.078566
[hold in-reg] rst_ni -> _61917_/RN : -6.078566
[hold in-reg] rst_ni -> _61918_/RN : -6.078566
[hold in-reg] rst_ni -> _61920_/RN : -6.078566
[hold in-reg] rst_ni -> _61923_/RN : -6.078566
[hold in-reg] rst_ni -> _61924_/RN : -6.078566
[hold in-reg] rst_ni -> _61927_/RN : -6.078566
[hold in-reg] rst_ni -> _61931_/RN : -6.078566
[hold in-reg] rst_ni -> _61932_/RN : -6.078566
[hold in-reg] rst_ni -> _62351_/RN : -6.078566
[hold in-reg] rst_ni -> _62357_/RN : -6.078566
[hold in-reg] rst_ni -> _62360_/RN : -6.078566
[hold in-reg] rst_ni -> _62384_/RN : -6.078566
[hold in-reg] rst_ni -> _62388_/RN : -6.078566
[hold in-reg] rst_ni -> _62390_/RN : -6.078566
[hold in-reg] rst_ni -> _60642_/RN : -6.078558
[hold in-reg] rst_ni -> _60645_/RN : -6.078558
[hold in-reg] rst_ni -> _60647_/RN : -6.078558
[hold in-reg] rst_ni -> _60677_/RN : -6.078558
[hold in-reg] rst_ni -> _60679_/RN : -6.078558
[hold in-reg] rst_ni -> _60906_/RN : -6.078558
[hold in-reg] rst_ni -> _60982_/RN : -6.078558
[hold in-reg] rst_ni -> _60984_/RN : -6.078558
[hold in-reg] rst_ni -> _60985_/RN : -6.078558
[hold in-reg] rst_ni -> _61921_/RN : -6.078558
[hold in-reg] rst_ni -> _61922_/RN : -6.078558
[hold in-reg] rst_ni -> _61926_/RN : -6.078558
[hold in-reg] rst_ni -> _62044_/RN : -6.078558
[hold in-reg] rst_ni -> _60462_/RN : -6.078551
[hold in-reg] rst_ni -> _60465_/RN : -6.078551
[hold in-reg] rst_ni -> _60646_/RN : -6.078551
[hold in-reg] rst_ni -> _60648_/RN : -6.078551
[hold in-reg] rst_ni -> _60649_/RN : -6.078551
[hold in-reg] rst_ni -> _60681_/RN : -6.078551
[hold in-reg] rst_ni -> _60727_/RN : -6.078551
[hold in-reg] rst_ni -> _60728_/RN : -6.078551
[hold in-reg] rst_ni -> _60729_/RN : -6.078551
[hold in-reg] rst_ni -> _60730_/RN : -6.078551
[hold in-reg] rst_ni -> _60889_/RN : -6.078551
[hold in-reg] rst_ni -> _60896_/RN : -6.078551
[hold in-reg] rst_ni -> _60897_/RN : -6.078551
[hold in-reg] rst_ni -> _61693_/RN : -6.078551
[hold in-reg] rst_ni -> _61696_/RN : -6.078551
[hold in-reg] rst_ni -> _61919_/RN : -6.078551
[hold in-reg] rst_ni -> _56961_/RN : -6.078544
[hold in-reg] rst_ni -> _56962_/RN : -6.078544
[hold in-reg] rst_ni -> _60468_/RN : -6.078544
[hold in-reg] rst_ni -> _60644_/RN : -6.078544
[hold in-reg] rst_ni -> _60678_/RN : -6.078544
[hold in-reg] rst_ni -> _60680_/RN : -6.078544
[hold in-reg] rst_ni -> _62278_/RN : -6.078544
[hold in-reg] rst_ni -> _60466_/RN : -6.078537
[hold in-reg] rst_ni -> _60471_/RN : -6.078537
[hold in-reg] rst_ni -> _60890_/RN : -6.078537
[hold in-reg] rst_ni -> _60891_/RN : -6.078537
[hold in-reg] rst_ni -> _60892_/RN : -6.078537
[hold in-reg] rst_ni -> _60894_/RN : -6.078537
[hold in-reg] rst_ni -> _60895_/RN : -6.078537
[hold in-reg] rst_ni -> _60898_/RN : -6.078537
[hold in-reg] rst_ni -> _62272_/RN : -6.078537
[hold in-reg] rst_ni -> _62275_/RN : -6.078537
[hold in-reg] rst_ni -> _62020_/RN : -6.078530
[hold in-reg] rst_ni -> _62269_/RN : -6.078530
[hold in-reg] rst_ni -> _60445_/RN : -6.078523
[hold in-reg] rst_ni -> _61682_/RN : -6.078523
[hold in-reg] rst_ni -> _61683_/RN : -6.078523
[hold in-reg] rst_ni -> _61684_/RN : -6.078523
[hold in-reg] rst_ni -> _61685_/RN : -6.078523
[hold in-reg] rst_ni -> _61687_/RN : -6.078523
[hold in-reg] rst_ni -> _61699_/RN : -6.078523
[hold in-reg] rst_ni -> _61702_/RN : -6.078523
[hold in-reg] rst_ni -> _61898_/RN : -6.078523
[hold in-reg] rst_ni -> _61899_/RN : -6.078523
[hold in-reg] rst_ni -> _61900_/RN : -6.078523
[hold in-reg] rst_ni -> _61989_/RN : -6.078523
[hold in-reg] rst_ni -> _61991_/RN : -6.078523
[hold in-reg] rst_ni -> _61993_/RN : -6.078523
[hold in-reg] rst_ni -> _61994_/RN : -6.078523
[hold in-reg] rst_ni -> _62273_/RN : -6.078523
[hold in-reg] rst_ni -> _56963_/RN : -6.078516
[hold in-reg] rst_ni -> _61676_/RN : -6.078516
[hold in-reg] rst_ni -> _61677_/RN : -6.078516
[hold in-reg] rst_ni -> _61686_/RN : -6.078516
[hold in-reg] rst_ni -> _61960_/RN : -6.078516
[hold in-reg] rst_ni -> _62258_/RN : -6.078516
[hold in-reg] rst_ni -> _62259_/RN : -6.078516
[hold in-reg] rst_ni -> _60449_/RN : -6.078508
[hold in-reg] rst_ni -> _60451_/RN : -6.078508
[hold in-reg] rst_ni -> _60452_/RN : -6.078508
[hold in-reg] rst_ni -> _61785_/RN : -6.078508
[hold in-reg] rst_ni -> _61787_/RN : -6.078508
[hold in-reg] rst_ni -> _61974_/RN : -6.078508
[hold in-reg] rst_ni -> _61897_/RN : -6.078501
[hold in-reg] rst_ni -> _61678_/RN : -6.078495
[hold in-reg] rst_ni -> _61691_/RN : -6.078495
[hold in-reg] rst_ni -> _61935_/RN : -6.078487
[hold in-reg] rst_ni -> _61946_/RN : -6.078487
[hold in-reg] rst_ni -> _62005_/RN : -6.078487
[hold in-reg] rst_ni -> _60516_/RN : -6.078480
[hold in-reg] rst_ni -> _60621_/RN : -6.078480
[hold in-reg] rst_ni -> _60687_/RN : -6.078480
[hold in-reg] rst_ni -> _60688_/RN : -6.078480
[hold in-reg] rst_ni -> _60692_/RN : -6.078480
[hold in-reg] rst_ni -> _60698_/RN : -6.078480
[hold in-reg] rst_ni -> _60699_/RN : -6.078480
[hold in-reg] rst_ni -> _60700_/RN : -6.078480
[hold in-reg] rst_ni -> _60702_/RN : -6.078480
[hold in-reg] rst_ni -> _60735_/RN : -6.078480
[hold in-reg] rst_ni -> _60841_/RN : -6.078480
[hold in-reg] rst_ni -> _60888_/RN : -6.078480
[hold in-reg] rst_ni -> _60893_/RN : -6.078480
[hold in-reg] rst_ni -> _60901_/RN : -6.078480
[hold in-reg] rst_ni -> _60902_/RN : -6.078480
[hold in-reg] rst_ni -> _60903_/RN : -6.078480
[hold in-reg] rst_ni -> _60904_/RN : -6.078480
[hold in-reg] rst_ni -> _60905_/RN : -6.078480
[hold in-reg] rst_ni -> _61695_/RN : -6.078480
[hold in-reg] rst_ni -> _61709_/RN : -6.078480
[hold in-reg] rst_ni -> _61710_/RN : -6.078480
[hold in-reg] rst_ni -> _61728_/RN : -6.078480
[hold in-reg] rst_ni -> _61730_/RN : -6.078480
[hold in-reg] rst_ni -> _61753_/RN : -6.078480
[hold in-reg] rst_ni -> _61940_/RN : -6.078480
[hold in-reg] rst_ni -> _60460_/RN : -6.078473
[hold in-reg] rst_ni -> _60502_/RN : -6.078473
[hold in-reg] rst_ni -> _60845_/RN : -6.078473
[hold in-reg] rst_ni -> _60847_/RN : -6.078473
[hold in-reg] rst_ni -> _60848_/RN : -6.078473
[hold in-reg] rst_ni -> _61703_/RN : -6.078473
[hold in-reg] rst_ni -> _61967_/RN : -6.078473
[hold in-reg] rst_ni -> _61968_/RN : -6.078473
[hold in-reg] rst_ni -> _61970_/RN : -6.078473
[hold in-reg] rst_ni -> _62261_/RN : -6.078473
[hold in-reg] rst_ni -> _60446_/RN : -6.078466
[hold in-reg] rst_ni -> _60463_/RN : -6.078466
[hold in-reg] rst_ni -> _60842_/RN : -6.078466
[hold in-reg] rst_ni -> _61723_/RN : -6.078466
[hold in-reg] rst_ni -> _61726_/RN : -6.078466
[hold in-reg] rst_ni -> _61824_/RN : -6.078466
[hold in-reg] rst_ni -> _61966_/RN : -6.078466
[hold in-reg] rst_ni -> _62270_/RN : -6.078466
[hold in-reg] rst_ni -> _62271_/RN : -6.078466
[hold in-reg] rst_ni -> _60450_/RN : -6.078459
[hold in-reg] rst_ni -> _60454_/RN : -6.078459
[hold in-reg] rst_ni -> _60851_/RN : -6.078459
[hold in-reg] rst_ni -> _60852_/RN : -6.078459
[hold in-reg] rst_ni -> _60854_/RN : -6.078459
[hold in-reg] rst_ni -> _61694_/RN : -6.078459
[hold in-reg] rst_ni -> _61697_/RN : -6.078459
[hold in-reg] rst_ni -> _61724_/RN : -6.078459
[hold in-reg] rst_ni -> _61725_/RN : -6.078459
[hold in-reg] rst_ni -> _61727_/RN : -6.078459
[hold in-reg] rst_ni -> _61729_/RN : -6.078459
[hold in-reg] rst_ni -> _61732_/RN : -6.078459
[hold in-reg] rst_ni -> _61733_/RN : -6.078459
[hold in-reg] rst_ni -> _61945_/RN : -6.078459
[hold in-reg] rst_ni -> _62274_/RN : -6.078459
[hold in-reg] rst_ni -> _62279_/RN : -6.078459
[hold in-reg] rst_ni -> _60448_/RN : -6.078452
[hold in-reg] rst_ni -> _60458_/RN : -6.078452
[hold in-reg] rst_ni -> _60473_/RN : -6.078452
[hold in-reg] rst_ni -> _60695_/RN : -6.078452
[hold in-reg] rst_ni -> _60701_/RN : -6.078452
[hold in-reg] rst_ni -> _61698_/RN : -6.078452
[hold in-reg] rst_ni -> _61731_/RN : -6.078452
[hold in-reg] rst_ni -> _61734_/RN : -6.078452
[hold in-reg] rst_ni -> _61751_/RN : -6.078452
[hold in-reg] rst_ni -> _61925_/RN : -6.078452
[hold in-reg] rst_ni -> _61934_/RN : -6.078452
[hold in-reg] rst_ni -> _62103_/RN : -6.078452
[hold in-reg] rst_ni -> _62345_/RN : -6.078452
[hold in-reg] rst_ni -> _62347_/RN : -6.078452
[hold in-reg] rst_ni -> _62348_/RN : -6.078452
[hold in-reg] rst_ni -> _62376_/RN : -6.078452
[hold in-reg] rst_ni -> _62378_/RN : -6.078452
[hold in-reg] rst_ni -> _62379_/RN : -6.078452
[hold in-reg] rst_ni -> _62382_/RN : -6.078452
[hold in-reg] rst_ni -> _60447_/RN : -6.078444
[hold in-reg] rst_ni -> _60464_/RN : -6.078444
[hold in-reg] rst_ni -> _60467_/RN : -6.078444
[hold in-reg] rst_ni -> _60505_/RN : -6.078444
[hold in-reg] rst_ni -> _60506_/RN : -6.078444
[hold in-reg] rst_ni -> _60507_/RN : -6.078444
[hold in-reg] rst_ni -> _60508_/RN : -6.078444
[hold in-reg] rst_ni -> _61692_/RN : -6.078444
[hold in-reg] rst_ni -> _61740_/RN : -6.078444
[hold in-reg] rst_ni -> _61741_/RN : -6.078444
[hold in-reg] rst_ni -> _61793_/RN : -6.078444
[hold in-reg] rst_ni -> _61795_/RN : -6.078444
[hold in-reg] rst_ni -> _61823_/RN : -6.078444
[hold in-reg] rst_ni -> _60456_/RN : -6.078437
[hold in-reg] rst_ni -> _60457_/RN : -6.078437
[hold in-reg] rst_ni -> _60472_/RN : -6.078437
[hold in-reg] rst_ni -> _60479_/RN : -6.078437
[hold in-reg] rst_ni -> _60484_/RN : -6.078437
[hold in-reg] rst_ni -> _60694_/RN : -6.078437
[hold in-reg] rst_ni -> _60986_/RN : -6.078437
[hold in-reg] rst_ni -> _60987_/RN : -6.078437
[hold in-reg] rst_ni -> _60988_/RN : -6.078437
[hold in-reg] rst_ni -> _61735_/RN : -6.078437
[hold in-reg] rst_ni -> _61738_/RN : -6.078437
[hold in-reg] rst_ni -> _61739_/RN : -6.078437
[hold in-reg] rst_ni -> _60461_/RN : -6.078430
[hold in-reg] rst_ni -> _60849_/RN : -6.078430
[hold in-reg] rst_ni -> _60850_/RN : -6.078430
[hold in-reg] rst_ni -> _61736_/RN : -6.078430
[hold in-reg] rst_ni -> _61737_/RN : -6.078430
[hold in-reg] rst_ni -> _61742_/RN : -6.078430
[hold in-reg] rst_ni -> _61745_/RN : -6.078430
[hold in-reg] rst_ni -> _61746_/RN : -6.078430
[hold in-reg] rst_ni -> _61756_/RN : -6.078430
[hold in-reg] rst_ni -> _61757_/RN : -6.078430
[hold in-reg] rst_ni -> _61758_/RN : -6.078430
[hold in-reg] rst_ni -> _61938_/RN : -6.078430
[hold in-reg] rst_ni -> _61943_/RN : -6.078430
[hold in-reg] rst_ni -> _60444_/RN : -6.078424
[hold in-reg] rst_ni -> _60469_/RN : -6.078424
[hold in-reg] rst_ni -> _60470_/RN : -6.078424
[hold in-reg] rst_ni -> _60475_/RN : -6.078424
[hold in-reg] rst_ni -> _60478_/RN : -6.078424
[hold in-reg] rst_ni -> _60485_/RN : -6.078424
[hold in-reg] rst_ni -> _60580_/RN : -6.078424
[hold in-reg] rst_ni -> _60581_/RN : -6.078424
[hold in-reg] rst_ni -> _60582_/RN : -6.078424
[hold in-reg] rst_ni -> _60583_/RN : -6.078424
[hold in-reg] rst_ni -> _60596_/RN : -6.078424
[hold in-reg] rst_ni -> _60600_/RN : -6.078424
[hold in-reg] rst_ni -> _60601_/RN : -6.078424
[hold in-reg] rst_ni -> _60602_/RN : -6.078424
[hold in-reg] rst_ni -> _60603_/RN : -6.078424
[hold in-reg] rst_ni -> _60604_/RN : -6.078424
[hold in-reg] rst_ni -> _60608_/RN : -6.078424
[hold in-reg] rst_ni -> _60686_/RN : -6.078424
[hold in-reg] rst_ni -> _60689_/RN : -6.078424
[hold in-reg] rst_ni -> _60690_/RN : -6.078424
[hold in-reg] rst_ni -> _60737_/RN : -6.078424
[hold in-reg] rst_ni -> _61706_/RN : -6.078424
[hold in-reg] rst_ni -> _61707_/RN : -6.078424
[hold in-reg] rst_ni -> _61712_/RN : -6.078424
[hold in-reg] rst_ni -> _61713_/RN : -6.078424
[hold in-reg] rst_ni -> _61721_/RN : -6.078424
[hold in-reg] rst_ni -> _61722_/RN : -6.078424
[hold in-reg] rst_ni -> _61743_/RN : -6.078424
[hold in-reg] rst_ni -> _61744_/RN : -6.078424
[hold in-reg] rst_ni -> _61747_/RN : -6.078424
[hold in-reg] rst_ni -> _61748_/RN : -6.078424
[hold in-reg] rst_ni -> _61749_/RN : -6.078424
[hold in-reg] rst_ni -> _61750_/RN : -6.078424
[hold in-reg] rst_ni -> _61752_/RN : -6.078424
[hold in-reg] rst_ni -> _61792_/RN : -6.078424
[hold in-reg] rst_ni -> _61796_/RN : -6.078424
[hold in-reg] rst_ni -> _61936_/RN : -6.078424
[hold in-reg] rst_ni -> _61939_/RN : -6.078424
[hold in-reg] rst_ni -> _61944_/RN : -6.078424
[hold in-reg] rst_ni -> _61949_/RN : -6.078424
[hold in-reg] rst_ni -> _60459_/RN : -6.078416
[hold in-reg] rst_ni -> _60477_/RN : -6.078416
[hold in-reg] rst_ni -> _60490_/RN : -6.078416
[hold in-reg] rst_ni -> _60493_/RN : -6.078416
[hold in-reg] rst_ni -> _60576_/RN : -6.078416
[hold in-reg] rst_ni -> _60577_/RN : -6.078416
[hold in-reg] rst_ni -> _60578_/RN : -6.078416
[hold in-reg] rst_ni -> _60579_/RN : -6.078416
[hold in-reg] rst_ni -> _60586_/RN : -6.078416
[hold in-reg] rst_ni -> _60587_/RN : -6.078416
[hold in-reg] rst_ni -> _60588_/RN : -6.078416
[hold in-reg] rst_ni -> _60589_/RN : -6.078416
[hold in-reg] rst_ni -> _60592_/RN : -6.078416
[hold in-reg] rst_ni -> _60593_/RN : -6.078416
[hold in-reg] rst_ni -> _60594_/RN : -6.078416
[hold in-reg] rst_ni -> _60595_/RN : -6.078416
[hold in-reg] rst_ni -> _60597_/RN : -6.078416
[hold in-reg] rst_ni -> _60598_/RN : -6.078416
[hold in-reg] rst_ni -> _60599_/RN : -6.078416
[hold in-reg] rst_ni -> _60605_/RN : -6.078416
[hold in-reg] rst_ni -> _60606_/RN : -6.078416
[hold in-reg] rst_ni -> _60607_/RN : -6.078416
[hold in-reg] rst_ni -> _60609_/RN : -6.078416
[hold in-reg] rst_ni -> _60610_/RN : -6.078416
[hold in-reg] rst_ni -> _60611_/RN : -6.078416
[hold in-reg] rst_ni -> _60612_/RN : -6.078416
[hold in-reg] rst_ni -> _60615_/RN : -6.078416
[hold in-reg] rst_ni -> _60618_/RN : -6.078416
[hold in-reg] rst_ni -> _60619_/RN : -6.078416
[hold in-reg] rst_ni -> _60693_/RN : -6.078416
[hold in-reg] rst_ni -> _60696_/RN : -6.078416
[hold in-reg] rst_ni -> _60930_/RN : -6.078416
[hold in-reg] rst_ni -> _61950_/RN : -6.078416
[hold in-reg] rst_ni -> _61951_/RN : -6.078416
[hold in-reg] rst_ni -> _61952_/RN : -6.078416
[hold in-reg] rst_ni -> _61953_/RN : -6.078416
[hold in-reg] rst_ni -> _61954_/RN : -6.078416
[hold in-reg] rst_ni -> _61956_/RN : -6.078416
[hold in-reg] rst_ni -> _62276_/RN : -6.078416
[hold in-reg] rst_ni -> _62277_/RN : -6.078416
[hold in-reg] rst_ni -> _62365_/RN : -6.078416
[hold in-reg] rst_ni -> _62368_/RN : -6.078416
[hold in-reg] rst_ni -> _62369_/RN : -6.078416
[hold in-reg] rst_ni -> _62370_/RN : -6.078416
[hold in-reg] rst_ni -> _62371_/RN : -6.078416
[hold in-reg] rst_ni -> _62372_/RN : -6.078416
[hold in-reg] rst_ni -> _62373_/RN : -6.078416
[hold in-reg] rst_ni -> _62374_/RN : -6.078416
[hold in-reg] rst_ni -> _62395_/RN : -6.078416
[hold in-reg] rst_ni -> _62396_/RN : -6.078416
[hold in-reg] rst_ni -> _62402_/RN : -6.078416
[hold in-reg] rst_ni -> _62403_/RN : -6.078416
[hold in-reg] rst_ni -> _62404_/RN : -6.078416
[hold in-reg] rst_ni -> _62405_/RN : -6.078416
[hold in-reg] rst_ni -> _60442_/RN : -6.078409
[hold in-reg] rst_ni -> _60443_/RN : -6.078409
[hold in-reg] rst_ni -> _60476_/RN : -6.078409
[hold in-reg] rst_ni -> _60492_/RN : -6.078409
[hold in-reg] rst_ni -> _60525_/RN : -6.078409
[hold in-reg] rst_ni -> _60526_/RN : -6.078409
[hold in-reg] rst_ni -> _60527_/RN : -6.078409
[hold in-reg] rst_ni -> _60528_/RN : -6.078409
[hold in-reg] rst_ni -> _60529_/RN : -6.078409
[hold in-reg] rst_ni -> _60530_/RN : -6.078409
[hold in-reg] rst_ni -> _60531_/RN : -6.078409
[hold in-reg] rst_ni -> _60532_/RN : -6.078409
[hold in-reg] rst_ni -> _60533_/RN : -6.078409
[hold in-reg] rst_ni -> _60534_/RN : -6.078409
[hold in-reg] rst_ni -> _60535_/RN : -6.078409
[hold in-reg] rst_ni -> _60536_/RN : -6.078409
[hold in-reg] rst_ni -> _60537_/RN : -6.078409
[hold in-reg] rst_ni -> _60538_/RN : -6.078409
[hold in-reg] rst_ni -> _60539_/RN : -6.078409
[hold in-reg] rst_ni -> _60540_/RN : -6.078409
[hold in-reg] rst_ni -> _60544_/RN : -6.078409
[hold in-reg] rst_ni -> _60545_/RN : -6.078409
[hold in-reg] rst_ni -> _60546_/RN : -6.078409
[hold in-reg] rst_ni -> _60547_/RN : -6.078409
[hold in-reg] rst_ni -> _60550_/RN : -6.078409
[hold in-reg] rst_ni -> _60551_/RN : -6.078409
[hold in-reg] rst_ni -> _60554_/RN : -6.078409
[hold in-reg] rst_ni -> _60562_/RN : -6.078409
[hold in-reg] rst_ni -> _60613_/RN : -6.078409
[hold in-reg] rst_ni -> _60614_/RN : -6.078409
[hold in-reg] rst_ni -> _60616_/RN : -6.078409
[hold in-reg] rst_ni -> _60617_/RN : -6.078409
[hold in-reg] rst_ni -> _61719_/RN : -6.078409
[hold in-reg] rst_ni -> _61759_/RN : -6.078409
[hold in-reg] rst_ni -> _61799_/RN : -6.078409
[hold in-reg] rst_ni -> _61831_/RN : -6.078409
[hold in-reg] rst_ni -> _61947_/RN : -6.078409
[hold in-reg] rst_ni -> _61963_/RN : -6.078409
[hold in-reg] rst_ni -> _61964_/RN : -6.078409
[hold in-reg] rst_ni -> _61969_/RN : -6.078409
[hold in-reg] rst_ni -> _61990_/RN : -6.078409
[hold in-reg] rst_ni -> _62108_/RN : -6.078409
[hold in-reg] rst_ni -> _62109_/RN : -6.078409
[hold in-reg] rst_ni -> _62249_/RN : -6.078409
[hold in-reg] rst_ni -> _62252_/RN : -6.078409
[hold in-reg] rst_ni -> _62253_/RN : -6.078409
[hold in-reg] rst_ni -> _62254_/RN : -6.078409
[hold in-reg] rst_ni -> _62255_/RN : -6.078409
[hold in-reg] rst_ni -> _62257_/RN : -6.078409
[hold in-reg] rst_ni -> _62260_/RN : -6.078409
[hold in-reg] rst_ni -> _62262_/RN : -6.078409
[hold in-reg] rst_ni -> _62265_/RN : -6.078409
[hold in-reg] rst_ni -> _62349_/RN : -6.078409
[hold in-reg] rst_ni -> _62350_/RN : -6.078409
[hold in-reg] rst_ni -> _62362_/RN : -6.078409
[hold in-reg] rst_ni -> _62363_/RN : -6.078409
[hold in-reg] rst_ni -> _62364_/RN : -6.078409
[hold in-reg] rst_ni -> _62366_/RN : -6.078409
[hold in-reg] rst_ni -> _62367_/RN : -6.078409
[hold in-reg] rst_ni -> _62375_/RN : -6.078409
[hold in-reg] rst_ni -> _62380_/RN : -6.078409
[hold in-reg] rst_ni -> _62381_/RN : -6.078409
[hold in-reg] rst_ni -> _62393_/RN : -6.078409
[hold in-reg] rst_ni -> _62394_/RN : -6.078409
[hold in-reg] rst_ni -> _62397_/RN : -6.078409
[hold in-reg] rst_ni -> _62398_/RN : -6.078409
[hold in-reg] rst_ni -> _62399_/RN : -6.078409
[hold in-reg] rst_ni -> _62400_/RN : -6.078409
[hold in-reg] rst_ni -> _62406_/RN : -6.078409
[hold in-reg] rst_ni -> _60474_/RN : -6.078402
[hold in-reg] rst_ni -> _60480_/RN : -6.078402
[hold in-reg] rst_ni -> _60481_/RN : -6.078402
[hold in-reg] rst_ni -> _60482_/RN : -6.078402
[hold in-reg] rst_ni -> _60486_/RN : -6.078402
[hold in-reg] rst_ni -> _60488_/RN : -6.078402
[hold in-reg] rst_ni -> _60489_/RN : -6.078402
[hold in-reg] rst_ni -> _60491_/RN : -6.078402
[hold in-reg] rst_ni -> _60497_/RN : -6.078402
[hold in-reg] rst_ni -> _60503_/RN : -6.078402
[hold in-reg] rst_ni -> _60509_/RN : -6.078402
[hold in-reg] rst_ni -> _60510_/RN : -6.078402
[hold in-reg] rst_ni -> _60524_/RN : -6.078402
[hold in-reg] rst_ni -> _60541_/RN : -6.078402
[hold in-reg] rst_ni -> _60542_/RN : -6.078402
[hold in-reg] rst_ni -> _60543_/RN : -6.078402
[hold in-reg] rst_ni -> _60548_/RN : -6.078402
[hold in-reg] rst_ni -> _60549_/RN : -6.078402
[hold in-reg] rst_ni -> _60552_/RN : -6.078402
[hold in-reg] rst_ni -> _60553_/RN : -6.078402
[hold in-reg] rst_ni -> _60555_/RN : -6.078402
[hold in-reg] rst_ni -> _60559_/RN : -6.078402
[hold in-reg] rst_ni -> _60560_/RN : -6.078402
[hold in-reg] rst_ni -> _60561_/RN : -6.078402
[hold in-reg] rst_ni -> _60565_/RN : -6.078402
[hold in-reg] rst_ni -> _60566_/RN : -6.078402
[hold in-reg] rst_ni -> _60567_/RN : -6.078402
[hold in-reg] rst_ni -> _60568_/RN : -6.078402
[hold in-reg] rst_ni -> _60569_/RN : -6.078402
[hold in-reg] rst_ni -> _60570_/RN : -6.078402
[hold in-reg] rst_ni -> _60571_/RN : -6.078402
[hold in-reg] rst_ni -> _60584_/RN : -6.078402
[hold in-reg] rst_ni -> _60585_/RN : -6.078402
[hold in-reg] rst_ni -> _60741_/RN : -6.078402
[hold in-reg] rst_ni -> _60742_/RN : -6.078402
[hold in-reg] rst_ni -> _60743_/RN : -6.078402
[hold in-reg] rst_ni -> _60744_/RN : -6.078402
[hold in-reg] rst_ni -> _60745_/RN : -6.078402
[hold in-reg] rst_ni -> _60746_/RN : -6.078402
[hold in-reg] rst_ni -> _60747_/RN : -6.078402
[hold in-reg] rst_ni -> _60772_/RN : -6.078402
[hold in-reg] rst_ni -> _60776_/RN : -6.078402
[hold in-reg] rst_ni -> _60777_/RN : -6.078402
[hold in-reg] rst_ni -> _60778_/RN : -6.078402
[hold in-reg] rst_ni -> _60779_/RN : -6.078402
[hold in-reg] rst_ni -> _60780_/RN : -6.078402
[hold in-reg] rst_ni -> _60781_/RN : -6.078402
[hold in-reg] rst_ni -> _60782_/RN : -6.078402
[hold in-reg] rst_ni -> _60783_/RN : -6.078402
[hold in-reg] rst_ni -> _60807_/RN : -6.078402
[hold in-reg] rst_ni -> _60809_/RN : -6.078402
[hold in-reg] rst_ni -> _60810_/RN : -6.078402
[hold in-reg] rst_ni -> _60811_/RN : -6.078402
[hold in-reg] rst_ni -> _60812_/RN : -6.078402
[hold in-reg] rst_ni -> _60813_/RN : -6.078402
[hold in-reg] rst_ni -> _60814_/RN : -6.078402
[hold in-reg] rst_ni -> _60815_/RN : -6.078402
[hold in-reg] rst_ni -> _61668_/RN : -6.078402
[hold in-reg] rst_ni -> _61669_/RN : -6.078402
[hold in-reg] rst_ni -> _61670_/RN : -6.078402
[hold in-reg] rst_ni -> _61671_/RN : -6.078402
[hold in-reg] rst_ni -> _61672_/RN : -6.078402
[hold in-reg] rst_ni -> _61673_/RN : -6.078402
[hold in-reg] rst_ni -> _61674_/RN : -6.078402
[hold in-reg] rst_ni -> _61675_/RN : -6.078402
[hold in-reg] rst_ni -> _61679_/RN : -6.078402
[hold in-reg] rst_ni -> _61681_/RN : -6.078402
[hold in-reg] rst_ni -> _61755_/RN : -6.078402
[hold in-reg] rst_ni -> _61784_/RN : -6.078402
[hold in-reg] rst_ni -> _61786_/RN : -6.078402
[hold in-reg] rst_ni -> _61791_/RN : -6.078402
[hold in-reg] rst_ni -> _61825_/RN : -6.078402
[hold in-reg] rst_ni -> _61826_/RN : -6.078402
[hold in-reg] rst_ni -> _61827_/RN : -6.078402
[hold in-reg] rst_ni -> _61830_/RN : -6.078402
[hold in-reg] rst_ni -> _61832_/RN : -6.078402
[hold in-reg] rst_ni -> _61833_/RN : -6.078402
[hold in-reg] rst_ni -> _61834_/RN : -6.078402
[hold in-reg] rst_ni -> _61835_/RN : -6.078402
[hold in-reg] rst_ni -> _61836_/RN : -6.078402
[hold in-reg] rst_ni -> _61837_/RN : -6.078402
[hold in-reg] rst_ni -> _61838_/RN : -6.078402
[hold in-reg] rst_ni -> _61839_/RN : -6.078402
[hold in-reg] rst_ni -> _61840_/RN : -6.078402
[hold in-reg] rst_ni -> _61841_/RN : -6.078402
[hold in-reg] rst_ni -> _61842_/RN : -6.078402
[hold in-reg] rst_ni -> _61843_/RN : -6.078402
[hold in-reg] rst_ni -> _61844_/RN : -6.078402
[hold in-reg] rst_ni -> _61845_/RN : -6.078402
[hold in-reg] rst_ni -> _61849_/RN : -6.078402
[hold in-reg] rst_ni -> _61850_/RN : -6.078402
[hold in-reg] rst_ni -> _61851_/RN : -6.078402
[hold in-reg] rst_ni -> _61852_/RN : -6.078402
[hold in-reg] rst_ni -> _61856_/RN : -6.078402
[hold in-reg] rst_ni -> _61948_/RN : -6.078402
[hold in-reg] rst_ni -> _61955_/RN : -6.078402
[hold in-reg] rst_ni -> _61965_/RN : -6.078402
[hold in-reg] rst_ni -> _61975_/RN : -6.078402
[hold in-reg] rst_ni -> _61976_/RN : -6.078402
[hold in-reg] rst_ni -> _61977_/RN : -6.078402
[hold in-reg] rst_ni -> _61978_/RN : -6.078402
[hold in-reg] rst_ni -> _61979_/RN : -6.078402
[hold in-reg] rst_ni -> _61980_/RN : -6.078402
[hold in-reg] rst_ni -> _61981_/RN : -6.078402
[hold in-reg] rst_ni -> _61983_/RN : -6.078402
[hold in-reg] rst_ni -> _62000_/RN : -6.078402
[hold in-reg] rst_ni -> _62105_/RN : -6.078402
[hold in-reg] rst_ni -> _62106_/RN : -6.078402
[hold in-reg] rst_ni -> _62250_/RN : -6.078402
[hold in-reg] rst_ni -> _62251_/RN : -6.078402
[hold in-reg] rst_ni -> _62263_/RN : -6.078402
[hold in-reg] rst_ni -> _62264_/RN : -6.078402
[hold in-reg] rst_ni -> _62266_/RN : -6.078402
[hold in-reg] rst_ni -> _62267_/RN : -6.078402
[hold in-reg] rst_ni -> _62268_/RN : -6.078402
[hold in-reg] rst_ni -> _62280_/RN : -6.078402
[hold in-reg] rst_ni -> _62281_/RN : -6.078402
[hold in-reg] rst_ni -> _62282_/RN : -6.078402
[hold in-reg] rst_ni -> _62283_/RN : -6.078402
[hold in-reg] rst_ni -> _62284_/RN : -6.078402
[hold in-reg] rst_ni -> _62285_/RN : -6.078402
[hold in-reg] rst_ni -> _62287_/RN : -6.078402
[hold in-reg] rst_ni -> _62288_/RN : -6.078402
[hold in-reg] rst_ni -> _62289_/RN : -6.078402
[hold in-reg] rst_ni -> _62290_/RN : -6.078402
[hold in-reg] rst_ni -> _62294_/RN : -6.078402
[hold in-reg] rst_ni -> _62295_/RN : -6.078402
[hold in-reg] rst_ni -> _62296_/RN : -6.078402
[hold in-reg] rst_ni -> _62297_/RN : -6.078402
[hold in-reg] rst_ni -> _62299_/RN : -6.078402
[hold in-reg] rst_ni -> _62304_/RN : -6.078402
[hold in-reg] rst_ni -> _62401_/RN : -6.078402
[hold in-reg] rst_ni -> _60483_/RN : -6.078395
[hold in-reg] rst_ni -> _60487_/RN : -6.078395
[hold in-reg] rst_ni -> _60494_/RN : -6.078395
[hold in-reg] rst_ni -> _60495_/RN : -6.078395
[hold in-reg] rst_ni -> _60496_/RN : -6.078395
[hold in-reg] rst_ni -> _60498_/RN : -6.078395
[hold in-reg] rst_ni -> _60499_/RN : -6.078395
[hold in-reg] rst_ni -> _60500_/RN : -6.078395
[hold in-reg] rst_ni -> _60501_/RN : -6.078395
[hold in-reg] rst_ni -> _60504_/RN : -6.078395
[hold in-reg] rst_ni -> _60511_/RN : -6.078395
[hold in-reg] rst_ni -> _60512_/RN : -6.078395
[hold in-reg] rst_ni -> _60513_/RN : -6.078395
[hold in-reg] rst_ni -> _60514_/RN : -6.078395
[hold in-reg] rst_ni -> _61680_/RN : -6.078395
[hold in-reg] rst_ni -> _61718_/RN : -6.078395
[hold in-reg] rst_ni -> _61760_/RN : -6.078395
[hold in-reg] rst_ni -> _61790_/RN : -6.078395
[hold in-reg] rst_ni -> _61794_/RN : -6.078395
[hold in-reg] rst_ni -> _61797_/RN : -6.078395
[hold in-reg] rst_ni -> _61798_/RN : -6.078395
[hold in-reg] rst_ni -> _61800_/RN : -6.078395
[hold in-reg] rst_ni -> _61802_/RN : -6.078395
[hold in-reg] rst_ni -> _61805_/RN : -6.078395
[hold in-reg] rst_ni -> _61806_/RN : -6.078395
[hold in-reg] rst_ni -> _61808_/RN : -6.078395
[hold in-reg] rst_ni -> _61810_/RN : -6.078395
[hold in-reg] rst_ni -> _61813_/RN : -6.078395
[hold in-reg] rst_ni -> _61818_/RN : -6.078395
[hold in-reg] rst_ni -> _61821_/RN : -6.078395
[hold in-reg] rst_ni -> _61822_/RN : -6.078395
[hold in-reg] rst_ni -> _61828_/RN : -6.078395
[hold in-reg] rst_ni -> _61829_/RN : -6.078395
[hold in-reg] rst_ni -> _61846_/RN : -6.078395
[hold in-reg] rst_ni -> _61847_/RN : -6.078395
[hold in-reg] rst_ni -> _61848_/RN : -6.078395
[hold in-reg] rst_ni -> _61853_/RN : -6.078395
[hold in-reg] rst_ni -> _61854_/RN : -6.078395
[hold in-reg] rst_ni -> _61855_/RN : -6.078395
[hold in-reg] rst_ni -> _61971_/RN : -6.078395
[hold in-reg] rst_ni -> _61972_/RN : -6.078395
[hold in-reg] rst_ni -> _61982_/RN : -6.078395
[hold in-reg] rst_ni -> _61984_/RN : -6.078395
[hold in-reg] rst_ni -> _61985_/RN : -6.078395
[hold in-reg] rst_ni -> _61986_/RN : -6.078395
[hold in-reg] rst_ni -> _61987_/RN : -6.078395
[hold in-reg] rst_ni -> _61988_/RN : -6.078395
[hold in-reg] rst_ni -> _61992_/RN : -6.078395
[hold in-reg] rst_ni -> _61995_/RN : -6.078395
[hold in-reg] rst_ni -> _61996_/RN : -6.078395
[hold in-reg] rst_ni -> _61997_/RN : -6.078395
[hold in-reg] rst_ni -> _61998_/RN : -6.078395
[hold in-reg] rst_ni -> _62001_/RN : -6.078395
[hold in-reg] rst_ni -> _62002_/RN : -6.078395
[hold in-reg] rst_ni -> _62003_/RN : -6.078395
[hold in-reg] rst_ni -> _62004_/RN : -6.078395
[hold in-reg] rst_ni -> _62006_/RN : -6.078395
[hold in-reg] rst_ni -> _62007_/RN : -6.078395
[hold in-reg] rst_ni -> _62008_/RN : -6.078395
[hold in-reg] rst_ni -> _62009_/RN : -6.078395
[hold in-reg] rst_ni -> _62010_/RN : -6.078395
[hold in-reg] rst_ni -> _62011_/RN : -6.078395
[hold in-reg] rst_ni -> _62012_/RN : -6.078395
[hold in-reg] rst_ni -> _62013_/RN : -6.078395
[hold in-reg] rst_ni -> _62014_/RN : -6.078395
[hold in-reg] rst_ni -> _62015_/RN : -6.078395
[hold in-reg] rst_ni -> _62016_/RN : -6.078395
[hold in-reg] rst_ni -> _62017_/RN : -6.078395
[hold in-reg] rst_ni -> _62028_/RN : -6.078395
[hold in-reg] rst_ni -> _62030_/RN : -6.078395
[hold in-reg] rst_ni -> _62031_/RN : -6.078395
[hold in-reg] rst_ni -> _62032_/RN : -6.078395
[hold in-reg] rst_ni -> _62033_/RN : -6.078395
[hold in-reg] rst_ni -> _62034_/RN : -6.078395
[hold in-reg] rst_ni -> _62035_/RN : -6.078395
[hold in-reg] rst_ni -> _62036_/RN : -6.078395
[hold in-reg] rst_ni -> _62037_/RN : -6.078395
[hold in-reg] rst_ni -> _62038_/RN : -6.078395
[hold in-reg] rst_ni -> _62039_/RN : -6.078395
[hold in-reg] rst_ni -> _62040_/RN : -6.078395
[hold in-reg] rst_ni -> _62104_/RN : -6.078395
[hold in-reg] rst_ni -> _62256_/RN : -6.078395
[hold in-reg] rst_ni -> _62286_/RN : -6.078395
[hold in-reg] rst_ni -> _62291_/RN : -6.078395
[hold in-reg] rst_ni -> _62292_/RN : -6.078395
[hold in-reg] rst_ni -> _62293_/RN : -6.078395
[hold in-reg] rst_ni -> _62298_/RN : -6.078395
[hold in-reg] rst_ni -> _62300_/RN : -6.078395
[hold in-reg] rst_ni -> _62301_/RN : -6.078395
[hold in-reg] rst_ni -> _62302_/RN : -6.078395
[hold in-reg] rst_ni -> _62303_/RN : -6.078395
[hold in-reg] rst_ni -> _62305_/RN : -6.078395
[hold in-reg] rst_ni -> _62306_/RN : -6.078395
[hold in-reg] rst_ni -> _62307_/RN : -6.078395
[hold in-reg] rst_ni -> _62308_/RN : -6.078395
[hold in-reg] rst_ni -> _62309_/RN : -6.078395
[hold in-reg] rst_ni -> _62310_/RN : -6.078395
[hold in-reg] rst_ni -> _62311_/RN : -6.078395
[hold in-reg] rst_ni -> _62312_/RN : -6.078395
[hold in-reg] rst_ni -> _62313_/RN : -6.078395
[hold in-reg] rst_ni -> _62314_/RN : -6.078395
[hold in-reg] rst_ni -> _62315_/RN : -6.078395
[hold in-reg] rst_ni -> _62316_/RN : -6.078395
[hold in-reg] rst_ni -> _62317_/RN : -6.078395
[hold in-reg] rst_ni -> _62319_/RN : -6.078395
[hold in-reg] rst_ni -> _62320_/RN : -6.078395
[hold in-reg] rst_ni -> _62321_/RN : -6.078395
[hold in-reg] rst_ni -> _62322_/RN : -6.078395
[hold in-reg] rst_ni -> _62323_/RN : -6.078395
[hold in-reg] rst_ni -> _62324_/RN : -6.078395
[hold in-reg] rst_ni -> _62325_/RN : -6.078395
[hold in-reg] rst_ni -> _62326_/RN : -6.078395
[hold in-reg] rst_ni -> _62327_/RN : -6.078395
[hold in-reg] rst_ni -> _62328_/RN : -6.078395
[hold in-reg] rst_ni -> _62329_/RN : -6.078395
[hold in-reg] rst_ni -> _62330_/RN : -6.078395
[hold in-reg] rst_ni -> _62331_/RN : -6.078395
[hold in-reg] rst_ni -> _62332_/RN : -6.078395
[hold in-reg] rst_ni -> _62334_/RN : -6.078395
[hold in-reg] rst_ni -> _62335_/RN : -6.078395
[hold in-reg] rst_ni -> _62336_/RN : -6.078395
[hold in-reg] rst_ni -> _62337_/RN : -6.078395
[hold in-reg] rst_ni -> _62338_/RN : -6.078395
[hold in-reg] rst_ni -> _62340_/RN : -6.078395
[hold in-reg] rst_ni -> _62341_/RN : -6.078395
[hold in-reg] rst_ni -> _62342_/RN : -6.078395
[hold in-reg] rst_ni -> _62343_/RN : -6.078395
[hold in-reg] rst_ni -> _62344_/RN : -6.078395
[hold in-reg] rst_ni -> _60453_/RN : -6.078388
[hold in-reg] rst_ni -> _60455_/RN : -6.078388
[hold in-reg] rst_ni -> _60518_/RN : -6.078388
[hold in-reg] rst_ni -> _60519_/RN : -6.078388
[hold in-reg] rst_ni -> _60522_/RN : -6.078388
[hold in-reg] rst_ni -> _60523_/RN : -6.078388
[hold in-reg] rst_ni -> _61715_/RN : -6.078388
[hold in-reg] rst_ni -> _61716_/RN : -6.078388
[hold in-reg] rst_ni -> _61801_/RN : -6.078388
[hold in-reg] rst_ni -> _61803_/RN : -6.078388
[hold in-reg] rst_ni -> _61804_/RN : -6.078388
[hold in-reg] rst_ni -> _61807_/RN : -6.078388
[hold in-reg] rst_ni -> _61809_/RN : -6.078388
[hold in-reg] rst_ni -> _61812_/RN : -6.078388
[hold in-reg] rst_ni -> _61814_/RN : -6.078388
[hold in-reg] rst_ni -> _61815_/RN : -6.078388
[hold in-reg] rst_ni -> _61816_/RN : -6.078388
[hold in-reg] rst_ni -> _61817_/RN : -6.078388
[hold in-reg] rst_ni -> _61819_/RN : -6.078388
[hold in-reg] rst_ni -> _61820_/RN : -6.078388
[hold in-reg] rst_ni -> _61941_/RN : -6.078388
[hold in-reg] rst_ni -> _61942_/RN : -6.078388
[hold in-reg] rst_ni -> _61973_/RN : -6.078388
[hold in-reg] rst_ni -> _61999_/RN : -6.078388
[hold in-reg] rst_ni -> _62018_/RN : -6.078388
[hold in-reg] rst_ni -> _62019_/RN : -6.078388
[hold in-reg] rst_ni -> _62021_/RN : -6.078388
[hold in-reg] rst_ni -> _62022_/RN : -6.078388
[hold in-reg] rst_ni -> _62023_/RN : -6.078388
[hold in-reg] rst_ni -> _62024_/RN : -6.078388
[hold in-reg] rst_ni -> _62025_/RN : -6.078388
[hold in-reg] rst_ni -> _62026_/RN : -6.078388
[hold in-reg] rst_ni -> _62027_/RN : -6.078388
[hold in-reg] rst_ni -> _62029_/RN : -6.078388
[hold in-reg] rst_ni -> _62041_/RN : -6.078388
[hold in-reg] rst_ni -> _62042_/RN : -6.078388
[hold in-reg] rst_ni -> _62107_/RN : -6.078388
[hold in-reg] rst_ni -> _62318_/RN : -6.078388
[hold in-reg] rst_ni -> _62333_/RN : -6.078388
[hold in-reg] rst_ni -> _62339_/RN : -6.078388
[hold in-reg] rst_ni -> _60520_/RN : -6.078381
[hold in-reg] rst_ni -> _60521_/RN : -6.078381
[hold in-reg] rst_ni -> _61933_/RN : -6.078381
[hold in-reg] rst_ni -> _61937_/RN : -6.078381
[hold in-reg] rst_ni -> _60590_/RN : -6.078373
[hold in-reg] rst_ni -> _60591_/RN : -6.078373
[hold in-reg] rst_ni -> _60620_/RN : -6.078373
[hold in-reg] rst_ni -> _60691_/RN : -6.078373
[hold in-reg] rst_ni -> _60697_/RN : -6.078366
[hold in-reg] rst_ni -> _61811_/RN : -6.078366
[hold in-reg] rst_ni -> _60572_/RN : -6.078359
[hold in-reg] rst_ni -> _60573_/RN : -6.078359
[hold in-reg] rst_ni -> _60574_/RN : -6.078359
[hold in-reg] rst_ni -> _60575_/RN : -6.078359
[hold in-reg] rst_ni -> _61901_/RN : -6.078352
[hold in-reg] rst_ni -> _60655_/RN : -6.078345
[hold in-reg] rst_ni -> _60656_/RN : -6.078345
[hold in-reg] rst_ni -> _60661_/RN : -6.078345
[hold in-reg] rst_ni -> _60662_/RN : -6.078345
[hold in-reg] rst_ni -> _60705_/RN : -6.078345
[hold in-reg] rst_ni -> _60707_/RN : -6.078345
[hold in-reg] rst_ni -> _60710_/RN : -6.078345
[hold in-reg] rst_ni -> _60624_/RN : -6.078338
[hold in-reg] rst_ni -> _60654_/RN : -6.078338
[hold in-reg] rst_ni -> _60660_/RN : -6.078338
[hold in-reg] rst_ni -> _60663_/RN : -6.078338
[hold in-reg] rst_ni -> _60667_/RN : -6.078338
[hold in-reg] rst_ni -> _60668_/RN : -6.078338
[hold in-reg] rst_ni -> _60703_/RN : -6.078338
[hold in-reg] rst_ni -> _60704_/RN : -6.078338
[hold in-reg] rst_ni -> _60709_/RN : -6.078338
[hold in-reg] rst_ni -> _60711_/RN : -6.078338
[hold in-reg] rst_ni -> _60717_/RN : -6.078338
[hold in-reg] rst_ni -> _60751_/RN : -6.078338
[hold in-reg] rst_ni -> _60752_/RN : -6.078338
[hold in-reg] rst_ni -> _60766_/RN : -6.078338
[hold in-reg] rst_ni -> _60786_/RN : -6.078338
[hold in-reg] rst_ni -> _60787_/RN : -6.078338
[hold in-reg] rst_ni -> _60788_/RN : -6.078338
[hold in-reg] rst_ni -> _60801_/RN : -6.078338
[hold in-reg] rst_ni -> _60820_/RN : -6.078338
[hold in-reg] rst_ni -> _60823_/RN : -6.078338
[hold in-reg] rst_ni -> _60556_/RN : -6.078331
[hold in-reg] rst_ni -> _60557_/RN : -6.078331
[hold in-reg] rst_ni -> _60558_/RN : -6.078331
[hold in-reg] rst_ni -> _60563_/RN : -6.078331
[hold in-reg] rst_ni -> _60564_/RN : -6.078331
[hold in-reg] rst_ni -> _60622_/RN : -6.078331
[hold in-reg] rst_ni -> _60623_/RN : -6.078331
[hold in-reg] rst_ni -> _60625_/RN : -6.078331
[hold in-reg] rst_ni -> _60633_/RN : -6.078331
[hold in-reg] rst_ni -> _60634_/RN : -6.078331
[hold in-reg] rst_ni -> _60635_/RN : -6.078331
[hold in-reg] rst_ni -> _60636_/RN : -6.078331
[hold in-reg] rst_ni -> _60637_/RN : -6.078331
[hold in-reg] rst_ni -> _60657_/RN : -6.078331
[hold in-reg] rst_ni -> _60665_/RN : -6.078331
[hold in-reg] rst_ni -> _60666_/RN : -6.078331
[hold in-reg] rst_ni -> _60669_/RN : -6.078331
[hold in-reg] rst_ni -> _60713_/RN : -6.078331
[hold in-reg] rst_ni -> _60714_/RN : -6.078331
[hold in-reg] rst_ni -> _60715_/RN : -6.078331
[hold in-reg] rst_ni -> _60716_/RN : -6.078331
[hold in-reg] rst_ni -> _60718_/RN : -6.078331
[hold in-reg] rst_ni -> _60750_/RN : -6.078331
[hold in-reg] rst_ni -> _60753_/RN : -6.078331
[hold in-reg] rst_ni -> _60754_/RN : -6.078331
[hold in-reg] rst_ni -> _60757_/RN : -6.078331
[hold in-reg] rst_ni -> _60759_/RN : -6.078331
[hold in-reg] rst_ni -> _60762_/RN : -6.078331
[hold in-reg] rst_ni -> _60763_/RN : -6.078331
[hold in-reg] rst_ni -> _60765_/RN : -6.078331
[hold in-reg] rst_ni -> _60770_/RN : -6.078331
[hold in-reg] rst_ni -> _60771_/RN : -6.078331
[hold in-reg] rst_ni -> _60773_/RN : -6.078331
[hold in-reg] rst_ni -> _60784_/RN : -6.078331
[hold in-reg] rst_ni -> _60785_/RN : -6.078331
[hold in-reg] rst_ni -> _60789_/RN : -6.078331
[hold in-reg] rst_ni -> _60792_/RN : -6.078331
[hold in-reg] rst_ni -> _60797_/RN : -6.078331
[hold in-reg] rst_ni -> _60798_/RN : -6.078331
[hold in-reg] rst_ni -> _60800_/RN : -6.078331
[hold in-reg] rst_ni -> _60804_/RN : -6.078331
[hold in-reg] rst_ni -> _60805_/RN : -6.078331
[hold in-reg] rst_ni -> _60806_/RN : -6.078331
[hold in-reg] rst_ni -> _60816_/RN : -6.078331
[hold in-reg] rst_ni -> _60817_/RN : -6.078331
[hold in-reg] rst_ni -> _60818_/RN : -6.078331
[hold in-reg] rst_ni -> _60819_/RN : -6.078331
[hold in-reg] rst_ni -> _60821_/RN : -6.078331
[hold in-reg] rst_ni -> _60824_/RN : -6.078331
[hold in-reg] rst_ni -> _60830_/RN : -6.078331
[hold in-reg] rst_ni -> _60833_/RN : -6.078331
[hold in-reg] rst_ni -> _60836_/RN : -6.078331
[hold in-reg] rst_ni -> _60837_/RN : -6.078331
[hold in-reg] rst_ni -> _60838_/RN : -6.078331
[hold in-reg] rst_ni -> _60839_/RN : -6.078331
[hold in-reg] rst_ni -> _61902_/RN : -6.078331
[hold in-reg] rst_ni -> _61903_/RN : -6.078331
[hold in-reg] rst_ni -> _61904_/RN : -6.078331
[hold in-reg] rst_ni -> _60627_/RN : -6.078324
[hold in-reg] rst_ni -> _60628_/RN : -6.078324
[hold in-reg] rst_ni -> _60629_/RN : -6.078324
[hold in-reg] rst_ni -> _60630_/RN : -6.078324
[hold in-reg] rst_ni -> _60631_/RN : -6.078324
[hold in-reg] rst_ni -> _60632_/RN : -6.078324
[hold in-reg] rst_ni -> _60659_/RN : -6.078324
[hold in-reg] rst_ni -> _60664_/RN : -6.078324
[hold in-reg] rst_ni -> _60706_/RN : -6.078324
[hold in-reg] rst_ni -> _60708_/RN : -6.078324
[hold in-reg] rst_ni -> _60712_/RN : -6.078324
[hold in-reg] rst_ni -> _60756_/RN : -6.078324
[hold in-reg] rst_ni -> _60791_/RN : -6.078324
[hold in-reg] rst_ni -> _60794_/RN : -6.078324
[hold in-reg] rst_ni -> _60826_/RN : -6.078324
[hold in-reg] rst_ni -> _60626_/RN : -6.078317
[hold in-reg] rst_ni -> _60658_/RN : -6.078317
[hold in-reg] rst_ni -> _60684_/RN : -6.078310
[hold in-reg] rst_ni -> _60685_/RN : -6.078310
[hold in-reg] rst_ni -> _60733_/RN : -6.078310
[hold in-reg] rst_ni -> _60734_/RN : -6.078310
[hold in-reg] rst_ni -> _60758_/RN : -6.078310
[hold in-reg] rst_ni -> _60775_/RN : -6.078310
[hold in-reg] rst_ni -> _60793_/RN : -6.078310
[hold in-reg] rst_ni -> _60825_/RN : -6.078310
[hold in-reg] rst_ni -> _61905_/RN : -6.078310
[hold in-reg] rst_ni -> _61906_/RN : -6.078310
[hold in-reg] rst_ni -> _61907_/RN : -6.078310
[hold in-reg] rst_ni -> _61908_/RN : -6.078310
[hold in-reg] rst_ni -> _61909_/RN : -6.078310
[hold in-reg] rst_ni -> _61910_/RN : -6.078310
[hold in-reg] rst_ni -> _60638_/RN : -6.078302
[hold in-reg] rst_ni -> _60639_/RN : -6.078302
[hold in-reg] rst_ni -> _60652_/RN : -6.078302
[hold in-reg] rst_ni -> _60653_/RN : -6.078302
[hold in-reg] rst_ni -> _60670_/RN : -6.078302
[hold in-reg] rst_ni -> _60671_/RN : -6.078302
[hold in-reg] rst_ni -> _60719_/RN : -6.078302
[hold in-reg] rst_ni -> _60720_/RN : -6.078302
[hold in-reg] rst_ni -> _60731_/RN : -6.078302
[hold in-reg] rst_ni -> _60755_/RN : -6.078302
[hold in-reg] rst_ni -> _60774_/RN : -6.078302
[hold in-reg] rst_ni -> _60822_/RN : -6.078302
[hold in-reg] rst_ni -> _60640_/RN : -6.078295
[hold in-reg] rst_ni -> _60650_/RN : -6.078295
[hold in-reg] rst_ni -> _60651_/RN : -6.078295
[hold in-reg] rst_ni -> _60672_/RN : -6.078295
[hold in-reg] rst_ni -> _60674_/RN : -6.078295
[hold in-reg] rst_ni -> _60675_/RN : -6.078295
[hold in-reg] rst_ni -> _60682_/RN : -6.078295
[hold in-reg] rst_ni -> _60683_/RN : -6.078295
[hold in-reg] rst_ni -> _60721_/RN : -6.078295
[hold in-reg] rst_ni -> _60723_/RN : -6.078295
[hold in-reg] rst_ni -> _60724_/RN : -6.078295
[hold in-reg] rst_ni -> _60732_/RN : -6.078295
[hold in-reg] rst_ni -> _60769_/RN : -6.078295
[hold in-reg] rst_ni -> _60790_/RN : -6.078295
[hold in-reg] rst_ni -> _60795_/RN : -6.078295
[hold in-reg] rst_ni -> _60827_/RN : -6.078295
[hold in-reg] rst_ni -> _61913_/RN : -6.078295
[hold in-reg] rst_ni -> _61914_/RN : -6.078295
[hold in-reg] rst_ni -> _61916_/RN : -6.078295
[hold in-reg] rst_ni -> _60641_/RN : -6.078288
[hold in-reg] rst_ni -> _60643_/RN : -6.078288
[hold in-reg] rst_ni -> _60673_/RN : -6.078288
[hold in-reg] rst_ni -> _60676_/RN : -6.078288
[hold in-reg] rst_ni -> _60722_/RN : -6.078288
[hold in-reg] rst_ni -> _60725_/RN : -6.078288
[hold in-reg] rst_ni -> _60726_/RN : -6.078288
[hold in-reg] rst_ni -> _60761_/RN : -6.078288
[hold in-reg] rst_ni -> _60764_/RN : -6.078288
[hold in-reg] rst_ni -> _60767_/RN : -6.078288
[hold in-reg] rst_ni -> _60768_/RN : -6.078288
[hold in-reg] rst_ni -> _60799_/RN : -6.078288
[hold in-reg] rst_ni -> _60802_/RN : -6.078288
[hold in-reg] rst_ni -> _60803_/RN : -6.078288
[hold in-reg] rst_ni -> _60828_/RN : -6.078288
[hold in-reg] rst_ni -> _60829_/RN : -6.078288
[hold in-reg] rst_ni -> _60831_/RN : -6.078288
[hold in-reg] rst_ni -> _60832_/RN : -6.078288
[hold in-reg] rst_ni -> _60834_/RN : -6.078288
[hold in-reg] rst_ni -> _60835_/RN : -6.078288
[hold in-reg] rst_ni -> _61912_/RN : -6.078288
[hold in-reg] rst_ni -> _60760_/RN : -6.078281
[hold in-reg] rst_ni -> _60796_/RN : -6.078281
[hold in-reg] rst_ni -> _60844_/RN : -6.078274
[hold in-reg] rst_ni -> _60843_/RN : -6.078267
[hold in-reg] rst_ni -> _60859_/RN : -6.078267
[hold in-reg] rst_ni -> _60860_/RN : -6.078267
[hold in-reg] rst_ni -> _60861_/RN : -6.078267
[hold in-reg] rst_ni -> _60862_/RN : -6.078267
[hold in-reg] rst_ni -> _60863_/RN : -6.078267
[hold in-reg] rst_ni -> _61704_/RN : -6.078267
[hold in-reg] rst_ni -> _60846_/RN : -6.078260
[hold in-reg] rst_ni -> _60856_/RN : -6.078246
[hold in-reg] rst_ni -> _60857_/RN : -6.078246
[hold in-reg] rst_ni -> _60855_/RN : -6.078238
[hold in-reg] rst_ni -> _60858_/RN : -6.078238
[hold in-reg] rst_ni -> _60853_/RN : -6.078231
[setup in-reg] rst_ni -> _57170_/D : -173.030716
[setup in-reg] rst_ni -> _57171_/D : -173.025406
[setup in-reg] rst_ni -> _57167_/D : -173.018280
[setup in-reg] rst_ni -> _57163_/D : -173.018036
[setup in-reg] rst_ni -> _57164_/D : -173.015762
[setup in-reg] rst_ni -> _57162_/D : -173.013107
[setup in-reg] rst_ni -> _57168_/D : -173.011337
[setup in-reg] rst_ni -> _57147_/D : -173.010345
[setup in-reg] rst_ni -> _57166_/D : -173.010010
[setup in-reg] rst_ni -> _57149_/D : -173.009598
[setup in-reg] rst_ni -> _57169_/D : -173.006271
[setup in-reg] rst_ni -> _57165_/D : -173.005234
[setup in-reg] rst_ni -> _57145_/D : -173.004898
[setup in-reg] rst_ni -> _57146_/D : -173.002747
[setup in-reg] rst_ni -> _57142_/D : -173.001205
[setup in-reg] rst_ni -> _57144_/D : -172.998154
[setup in-reg] rst_ni -> _57151_/D : -172.996521
[setup in-reg] rst_ni -> _57143_/D : -172.995346
[setup in-reg] rst_ni -> _57150_/D : -172.995331
[setup in-reg] rst_ni -> _57148_/D : -172.992859
[setup in-reg] rst_ni -> _57159_/D : -172.941162
[setup in-reg] rst_ni -> _57033_/D : -172.938858
[setup in-reg] rst_ni -> _57155_/D : -172.937317
[setup in-reg] rst_ni -> _57161_/D : -172.937271
[setup in-reg] rst_ni -> _57031_/D : -172.935760
[setup in-reg] rst_ni -> _57157_/D : -172.935852
[setup in-reg] rst_ni -> _57156_/D : -172.934540
[setup in-reg] rst_ni -> _57035_/D : -172.933884
[setup in-reg] rst_ni -> _57160_/D : -172.933456
[setup in-reg] rst_ni -> _57158_/D : -172.932632
[setup in-reg] rst_ni -> _57032_/D : -172.931427
[setup in-reg] rst_ni -> _57030_/D : -172.928940
[setup in-reg] rst_ni -> _57026_/D : -172.927628
[setup in-reg] rst_ni -> _57152_/D : -172.927231
[setup in-reg] rst_ni -> _57154_/D : -172.927155
[setup in-reg] rst_ni -> _57027_/D : -172.926834
[setup in-reg] rst_ni -> _57153_/D : -172.926926
[setup in-reg] rst_ni -> _57029_/D : -172.925385
[setup in-reg] rst_ni -> _57034_/D : -172.923660
[setup in-reg] rst_ni -> _57024_/D : -172.921371
[setup in-reg] rst_ni -> _57215_/D : -172.824280
[setup in-reg] rst_ni -> _57214_/D : -172.822632
[setup in-reg] rst_ni -> _57220_/D : -172.809860
[setup in-reg] rst_ni -> _57042_/D : -172.807312
[setup in-reg] rst_ni -> _57217_/D : -172.805298
[setup in-reg] rst_ni -> _57043_/D : -172.804428
[setup in-reg] rst_ni -> _57223_/D : -172.803940
[setup in-reg] rst_ni -> _57045_/D : -172.802826
[setup in-reg] rst_ni -> _57039_/D : -172.802612
[setup in-reg] rst_ni -> _57218_/D : -172.801285
[setup in-reg] rst_ni -> _57219_/D : -172.800751
[setup in-reg] rst_ni -> _57036_/D : -172.800552
[setup in-reg] rst_ni -> _57038_/D : -172.800156
[setup in-reg] rst_ni -> _57037_/D : -172.799622
[setup in-reg] rst_ni -> _57040_/D : -172.799316
[setup in-reg] rst_ni -> _57044_/D : -172.799194
[setup in-reg] rst_ni -> _57019_/D : -172.797180
[setup in-reg] rst_ni -> _57222_/D : -172.797241
[setup in-reg] rst_ni -> _57216_/D : -172.794250
[setup in-reg] rst_ni -> _57041_/D : -172.792480
[setup in-reg] rst_ni -> _57221_/D : -172.791656
[setup in-reg] rst_ni -> _57016_/D : -172.785522
[setup in-reg] rst_ni -> _57018_/D : -172.785156
[setup in-reg] rst_ni -> _57020_/D : -172.785065
[setup in-reg] rst_ni -> _57021_/D : -172.784103
[setup in-reg] rst_ni -> _57017_/D : -172.783417
[setup in-reg] rst_ni -> _57022_/D : -172.780945
[setup in-reg] rst_ni -> _57014_/D : -172.780594
[setup in-reg] rst_ni -> _57015_/D : -172.779007
[setup in-reg] rst_ni -> _57023_/D : -172.778870
[setup in-reg] rst_ni -> _57228_/D : -172.747177
[setup in-reg] rst_ni -> _57225_/D : -172.735458
[setup in-reg] rst_ni -> _57231_/D : -172.734940
[setup in-reg] rst_ni -> _57232_/D : -172.733856
[setup in-reg] rst_ni -> _57229_/D : -172.730957
[setup in-reg] rst_ni -> _57227_/D : -172.730438
[setup in-reg] rst_ni -> _57226_/D : -172.727798
[setup in-reg] rst_ni -> _57224_/D : -172.726395
[setup in-reg] rst_ni -> _57233_/D : -172.724213
[setup in-reg] rst_ni -> _57230_/D : -172.722687
[setup in-reg] rst_ni -> _57172_/D : -172.699478
[setup in-reg] rst_ni -> _57173_/D : -172.687164
[setup in-reg] rst_ni -> _57082_/D : -172.654846
[setup in-reg] rst_ni -> _57083_/D : -172.654694
[setup in-reg] rst_ni -> _57081_/D : -172.652618
[setup in-reg] rst_ni -> _57084_/D : -172.645721
[setup in-reg] rst_ni -> _57085_/D : -172.645370
[setup in-reg] rst_ni -> _57080_/D : -172.644836
[setup in-reg] rst_ni -> _57086_/D : -172.643097
[setup in-reg] rst_ni -> _57078_/D : -172.642349
[setup in-reg] rst_ni -> _57079_/D : -172.641907
[setup in-reg] rst_ni -> _57087_/D : -172.642029
[setup in-reg] rst_ni -> _57095_/D : -172.636032
[setup in-reg] rst_ni -> _57097_/D : -172.634491
[setup in-reg] rst_ni -> _57091_/D : -172.630814
[setup in-reg] rst_ni -> _57089_/D : -172.627441
[setup in-reg] rst_ni -> _57094_/D : -172.627350
[setup in-reg] rst_ni -> _57096_/D : -172.626617
[setup in-reg] rst_ni -> _57088_/D : -172.625854
[setup in-reg] rst_ni -> _57092_/D : -172.623169
[setup in-reg] rst_ni -> _57090_/D : -172.621872
[setup in-reg] rst_ni -> _57093_/D : -172.619141
[setup in-reg] rst_ni -> _57025_/D : -172.582703
[setup in-reg] rst_ni -> _57028_/D : -172.582245
[setup in-reg] rst_ni -> _57107_/D : -172.556015
[setup in-reg] rst_ni -> _57100_/D : -172.555679
[setup in-reg] rst_ni -> _57103_/D : -172.552689
[setup in-reg] rst_ni -> _57098_/D : -172.551514
[setup in-reg] rst_ni -> _57105_/D : -172.550797
[setup in-reg] rst_ni -> _57106_/D : -172.550964
[setup in-reg] rst_ni -> _57099_/D : -172.550110
[setup in-reg] rst_ni -> _57101_/D : -172.545273
[setup in-reg] rst_ni -> _57104_/D : -172.545334
[setup in-reg] rst_ni -> _57102_/D : -172.545105
[setup in-reg] rst_ni -> _57213_/D : -172.460724
[setup in-reg] rst_ni -> _57209_/D : -172.451401
[setup in-reg] rst_ni -> _57211_/D : -172.451141
[setup in-reg] rst_ni -> _57210_/D : -172.448776
[setup in-reg] rst_ni -> _57207_/D : -172.442932
[setup in-reg] rst_ni -> _57206_/D : -172.441559
[setup in-reg] rst_ni -> _57208_/D : -172.441620
[setup in-reg] rst_ni -> _57212_/D : -172.441391
[setup in-reg] rst_ni -> _57235_/D : -172.402145
[setup in-reg] rst_ni -> _57234_/D : -172.399017
[setup in-reg] rst_ni -> _57236_/D : -172.140717
[setup in-reg] rst_ni -> _57237_/D : -172.139526
[setup in-reg] rst_ni -> _57109_/D : -171.337296
[setup in-reg] rst_ni -> _57108_/D : -171.325806
[setup in-reg] rst_ni -> _57119_/D : -170.814911
[setup in-reg] rst_ni -> _57118_/D : -170.814423
[setup in-reg] rst_ni -> _57123_/D : -170.801605
[setup in-reg] rst_ni -> _57124_/D : -170.801254
[setup in-reg] rst_ni -> _57127_/D : -170.797516
[setup in-reg] rst_ni -> _57125_/D : -170.794556
[setup in-reg] rst_ni -> _57120_/D : -170.791855
[setup in-reg] rst_ni -> _57121_/D : -170.787399
[setup in-reg] rst_ni -> _57122_/D : -170.787079
[setup in-reg] rst_ni -> _57126_/D : -170.785751
[setup in-reg] rst_ni -> _57135_/D : -170.680542
[setup in-reg] rst_ni -> _57136_/D : -170.679047
[setup in-reg] rst_ni -> _57131_/D : -170.673096
[setup in-reg] rst_ni -> _57132_/D : -170.671524
[setup in-reg] rst_ni -> _57130_/D : -170.668518
[setup in-reg] rst_ni -> _57134_/D : -170.667908
[setup in-reg] rst_ni -> _57129_/D : -170.664612
[setup in-reg] rst_ni -> _57137_/D : -170.664749
[setup in-reg] rst_ni -> _57128_/D : -170.664001
[setup in-reg] rst_ni -> _57133_/D : -170.660599
[setup in-reg] rst_ni -> _57001_/D : -170.479187
[setup in-reg] rst_ni -> _57007_/D : -170.473175
[setup in-reg] rst_ni -> _57004_/D : -170.472809
[setup in-reg] rst_ni -> _57003_/D : -170.472305
[setup in-reg] rst_ni -> _57008_/D : -170.470840
[setup in-reg] rst_ni -> _57002_/D : -170.468933
[setup in-reg] rst_ni -> _57006_/D : -170.462814
[setup in-reg] rst_ni -> _56991_/D : -170.459915
[setup in-reg] rst_ni -> _57005_/D : -170.459549
[setup in-reg] rst_ni -> _56990_/D : -170.457413
[setup in-reg] rst_ni -> _57000_/D : -170.457504
[setup in-reg] rst_ni -> _57009_/D : -170.456070
[setup in-reg] rst_ni -> _56993_/D : -170.440414
[setup in-reg] rst_ni -> _56999_/D : -170.440048
[setup in-reg] rst_ni -> _56995_/D : -170.438644
[setup in-reg] rst_ni -> _56996_/D : -170.437271
[setup in-reg] rst_ni -> _56998_/D : -170.431519
[setup in-reg] rst_ni -> _56997_/D : -170.427750
[setup in-reg] rst_ni -> _56992_/D : -170.426651
[setup in-reg] rst_ni -> _56994_/D : -170.422928
[setup in-reg] rst_ni -> _57055_/D : -170.271347
[setup in-reg] rst_ni -> _57054_/D : -170.269608
[setup in-reg] rst_ni -> _57062_/D : -170.256958
[setup in-reg] rst_ni -> _57057_/D : -170.253891
[setup in-reg] rst_ni -> _57061_/D : -170.253922
[setup in-reg] rst_ni -> _57059_/D : -170.249680
[setup in-reg] rst_ni -> _57063_/D : -170.249283
[setup in-reg] rst_ni -> _57056_/D : -170.248123
[setup in-reg] rst_ni -> _57060_/D : -170.244873
[setup in-reg] rst_ni -> _57058_/D : -170.242798
[setup in-reg] rst_ni -> _57065_/D : -170.217621
[setup in-reg] rst_ni -> _57072_/D : -170.217270
[setup in-reg] rst_ni -> _57066_/D : -170.215134
[setup in-reg] rst_ni -> _57064_/D : -170.213486
[setup in-reg] rst_ni -> _57070_/D : -170.212372
[setup in-reg] rst_ni -> _57069_/D : -170.211884
[setup in-reg] rst_ni -> _57068_/D : -170.210861
[setup in-reg] rst_ni -> _57071_/D : -170.205597
[setup in-reg] rst_ni -> _57067_/D : -170.202103
[setup in-reg] rst_ni -> _57073_/D : -170.199631
[setup in-reg] rst_ni -> _57138_/D : -170.190445
[setup in-reg] rst_ni -> _57139_/D : -170.176178
[setup in-reg] rst_ni -> _57113_/D : -170.097534
[setup in-reg] rst_ni -> _57112_/D : -170.097107
[setup in-reg] rst_ni -> _57110_/D : -170.094193
[setup in-reg] rst_ni -> _57117_/D : -170.094223
[setup in-reg] rst_ni -> _57115_/D : -170.093842
[setup in-reg] rst_ni -> _57114_/D : -170.092514
[setup in-reg] rst_ni -> _57111_/D : -170.087418
[setup in-reg] rst_ni -> _57116_/D : -170.087250
[setup in-reg] rst_ni -> _57183_/D : -169.896988
[setup in-reg] rst_ni -> _57182_/D : -169.894806
[setup in-reg] rst_ni -> _57187_/D : -169.885635
[setup in-reg] rst_ni -> _57191_/D : -169.884552
[setup in-reg] rst_ni -> _57185_/D : -169.882538
[setup in-reg] rst_ni -> _57188_/D : -169.877014
[setup in-reg] rst_ni -> _57189_/D : -169.874054
[setup in-reg] rst_ni -> _57186_/D : -169.873688
[setup in-reg] rst_ni -> _57190_/D : -169.873505
[setup in-reg] rst_ni -> _57184_/D : -169.869598
[setup in-reg] rst_ni -> _57200_/D : -169.865997
[setup in-reg] rst_ni -> _57196_/D : -169.865479
[setup in-reg] rst_ni -> _57195_/D : -169.862869
[setup in-reg] rst_ni -> _57010_/D : -169.861099
[setup in-reg] rst_ni -> _57197_/D : -169.859589
[setup in-reg] rst_ni -> _57194_/D : -169.859314
[setup in-reg] rst_ni -> _57011_/D : -169.857391
[setup in-reg] rst_ni -> _57199_/D : -169.855591
[setup in-reg] rst_ni -> _57192_/D : -169.854706
[setup in-reg] rst_ni -> _57193_/D : -169.854614
[setup in-reg] rst_ni -> _57198_/D : -169.851151
[setup in-reg] rst_ni -> _57201_/D : -169.847366
[setup in-reg] rst_ni -> _57140_/D : -169.770523
[setup in-reg] rst_ni -> _57141_/D : -169.770325
[setup in-reg] rst_ni -> _56986_/D : -169.750885
[setup in-reg] rst_ni -> _56988_/D : -169.746811
[setup in-reg] rst_ni -> _56987_/D : -169.742310
[setup in-reg] rst_ni -> _56982_/D : -169.741562
[setup in-reg] rst_ni -> _56983_/D : -169.741379
[setup in-reg] rst_ni -> _56989_/D : -169.741531
[setup in-reg] rst_ni -> _56985_/D : -169.741028
[setup in-reg] rst_ni -> _56984_/D : -169.738770
[setup in-reg] rst_ni -> _57049_/D : -169.717850
[setup in-reg] rst_ni -> _57052_/D : -169.716003
[setup in-reg] rst_ni -> _57048_/D : -169.715103
[setup in-reg] rst_ni -> _57053_/D : -169.714645
[setup in-reg] rst_ni -> _57050_/D : -169.714020
[setup in-reg] rst_ni -> _57046_/D : -169.713318
[setup in-reg] rst_ni -> _57051_/D : -169.712433
[setup in-reg] rst_ni -> _57047_/D : -169.707748
[setup in-reg] rst_ni -> _57074_/D : -169.692795
[setup in-reg] rst_ni -> _57075_/D : -169.684509
[setup in-reg] rst_ni -> _57013_/D : -169.476074
[setup in-reg] rst_ni -> _57012_/D : -169.470779
[setup in-reg] rst_ni -> _57077_/D : -169.443039
[setup in-reg] rst_ni -> _57076_/D : -169.439697
[setup in-reg] rst_ni -> _57203_/D : -169.411789
[setup in-reg] rst_ni -> _57202_/D : -169.396896
[setup in-reg] rst_ni -> _57177_/D : -169.319870
[setup in-reg] rst_ni -> _57174_/D : -169.317642
[setup in-reg] rst_ni -> _57178_/D : -169.317444
[setup in-reg] rst_ni -> _57181_/D : -169.316086
[setup in-reg] rst_ni -> _57179_/D : -169.314972
[setup in-reg] rst_ni -> _57176_/D : -169.313278
[setup in-reg] rst_ni -> _57175_/D : -169.310089
[setup in-reg] rst_ni -> _57180_/D : -169.308807
[setup in-reg] rst_ni -> _57204_/D : -168.995956
[setup in-reg] rst_ni -> _57205_/D : -168.995758
[setup in-reg] rst_ni -> _60515_/SETN : -149.634323
[setup in-reg] rst_ni -> _60517_/SETN : -149.634308
[setup in-reg] rst_ni -> _60736_/SETN : -149.634293
[setup in-reg] rst_ni -> _60738_/SETN : -149.634277
[setup in-reg] rst_ni -> _60749_/SETN : -149.634399
[setup in-reg] rst_ni -> _60739_/SETN : -149.634232
[setup in-reg] rst_ni -> _60740_/SETN : -149.634262
[setup in-reg] rst_ni -> _60748_/SETN : -149.634323
[setup in-reg] rst_ni -> _60808_/SETN : -149.634323
[setup in-reg] rst_ni -> _60840_/SETN : -149.634399
[setup in-reg] rst_ni -> _62177_/SETN : -149.634338
[setup in-reg] rst_ni -> _60899_/SETN : -149.634186
[setup in-reg] rst_ni -> _60900_/SETN : -149.634186
[setup in-reg] rst_ni -> _62126_/SETN : -149.634308
[setup in-reg] rst_ni -> _62127_/SETN : -149.634308
[setup in-reg] rst_ni -> _62128_/SETN : -149.634323
[setup in-reg] rst_ni -> _62129_/SETN : -149.634323
[setup in-reg] rst_ni -> _62130_/SETN : -149.634323
[setup in-reg] rst_ni -> _62131_/SETN : -149.634323
[setup in-reg] rst_ni -> _62132_/SETN : -149.634308
[setup in-reg] rst_ni -> _62134_/SETN : -149.634201
[setup in-reg] rst_ni -> _62136_/SETN : -149.634201
[setup in-reg] rst_ni -> _62139_/SETN : -149.634323
[setup in-reg] rst_ni -> _62140_/SETN : -149.634323
[setup in-reg] rst_ni -> _62141_/SETN : -149.634308
[setup in-reg] rst_ni -> _62142_/SETN : -149.634308
[setup in-reg] rst_ni -> _62143_/SETN : -149.634338
[setup in-reg] rst_ni -> _62144_/SETN : -149.634323
[setup in-reg] rst_ni -> _62145_/SETN : -149.634308
[setup in-reg] rst_ni -> _62146_/SETN : -149.634338
[setup in-reg] rst_ni -> _62147_/SETN : -149.634323
[setup in-reg] rst_ni -> _62148_/SETN : -149.634338
[setup in-reg] rst_ni -> _62149_/SETN : -149.634323
[setup in-reg] rst_ni -> _62150_/SETN : -149.634323
[setup in-reg] rst_ni -> _62151_/SETN : -149.634323
[setup in-reg] rst_ni -> _62152_/SETN : -149.634323
[setup in-reg] rst_ni -> _62153_/SETN : -149.634323
[setup in-reg] rst_ni -> _62154_/SETN : -149.634323
[setup in-reg] rst_ni -> _62155_/SETN : -149.634323
[setup in-reg] rst_ni -> _62156_/SETN : -149.634323
[setup in-reg] rst_ni -> _62157_/SETN : -149.634323
[setup in-reg] rst_ni -> _62158_/SETN : -149.634323
[setup in-reg] rst_ni -> _62159_/SETN : -149.634323
[setup in-reg] rst_ni -> _62160_/SETN : -149.634323
[setup in-reg] rst_ni -> _62161_/SETN : -149.634323
[setup in-reg] rst_ni -> _62162_/SETN : -149.634323
[setup in-reg] rst_ni -> _62163_/SETN : -149.634323
[setup in-reg] rst_ni -> _62164_/SETN : -149.634323
[setup in-reg] rst_ni -> _62168_/SETN : -149.634323
[setup in-reg] rst_ni -> _62178_/SETN : -149.634247
[setup in-reg] rst_ni -> _62179_/SETN : -149.634247
[setup in-reg] rst_ni -> _62180_/SETN : -149.634247
[setup in-reg] rst_ni -> _62181_/SETN : -149.634247
[setup in-reg] rst_ni -> _62182_/SETN : -149.634247
[setup in-reg] rst_ni -> _62183_/SETN : -149.634247
[setup in-reg] rst_ni -> _62184_/SETN : -149.634338
[setup in-reg] rst_ni -> _62185_/SETN : -149.634338
[setup in-reg] rst_ni -> _62186_/SETN : -149.634323
[setup in-reg] rst_ni -> _62187_/SETN : -149.634323
[setup in-reg] rst_ni -> _62188_/SETN : -149.634323
[setup in-reg] rst_ni -> _62189_/SETN : -149.634323
[setup in-reg] rst_ni -> _62190_/SETN : -149.634323
[setup in-reg] rst_ni -> _62191_/SETN : -149.634323
[setup in-reg] rst_ni -> _62192_/SETN : -149.634323
[setup in-reg] rst_ni -> _62193_/SETN : -149.634323
[setup in-reg] rst_ni -> _62194_/SETN : -149.634323
[setup in-reg] rst_ni -> _62195_/SETN : -149.634323
[setup in-reg] rst_ni -> _62199_/SETN : -149.634323
[setup in-reg] rst_ni -> _62202_/SETN : -149.634323
[setup in-reg] rst_ni -> _62203_/SETN : -149.634323
[setup in-reg] rst_ni -> _62204_/SETN : -149.634323
[setup in-reg] rst_ni -> _62205_/SETN : -149.634323
[setup in-reg] rst_ni -> _62206_/SETN : -149.634338
[setup in-reg] rst_ni -> _62207_/SETN : -149.634323
[setup in-reg] rst_ni -> _62208_/SETN : -149.634323
[setup in-reg] rst_ni -> _62209_/SETN : -149.634338
[setup in-reg] rst_ni -> _62210_/SETN : -149.634338
[setup in-reg] rst_ni -> _62211_/SETN : -149.634338
[setup in-reg] rst_ni -> _62212_/SETN : -149.634338
[setup in-reg] rst_ni -> _62213_/SETN : -149.634338
[setup in-reg] rst_ni -> _62214_/SETN : -149.634323
[setup in-reg] rst_ni -> _62215_/SETN : -149.634338
[setup in-reg] rst_ni -> _62216_/SETN : -149.634323
[setup in-reg] rst_ni -> _62217_/SETN : -149.634323
[setup in-reg] rst_ni -> _62218_/SETN : -149.634323
[setup in-reg] rst_ni -> _62219_/SETN : -149.634323
[setup in-reg] rst_ni -> _62220_/SETN : -149.634323
[setup in-reg] rst_ni -> _62221_/SETN : -149.634323
[setup in-reg] rst_ni -> _62222_/SETN : -149.634323
[setup in-reg] rst_ni -> _62223_/SETN : -149.634323
[setup in-reg] rst_ni -> _62224_/SETN : -149.634323
[setup in-reg] rst_ni -> _62225_/SETN : -149.634323
[setup in-reg] rst_ni -> _62226_/SETN : -149.634323
[setup in-reg] rst_ni -> _62227_/SETN : -149.634323
[setup in-reg] rst_ni -> _62234_/SETN : -149.634323
[setup in-reg] rst_ni -> _62235_/SETN : -149.634323
[setup in-reg] rst_ni -> _62236_/SETN : -149.634323
[setup in-reg] rst_ni -> _62237_/SETN : -149.634308
[setup in-reg] rst_ni -> _62238_/SETN : -149.634308
[setup in-reg] rst_ni -> _62239_/SETN : -149.634323
[setup in-reg] rst_ni -> _62240_/SETN : -149.634323
[setup in-reg] rst_ni -> _60989_/SETN : -149.634155
[setup in-reg] rst_ni -> _61688_/SETN : -149.634247
[setup in-reg] rst_ni -> _61701_/SETN : -149.634201
[setup in-reg] rst_ni -> _61705_/SETN : -149.634308
[setup in-reg] rst_ni -> _61708_/SETN : -149.634308
[setup in-reg] rst_ni -> _61711_/SETN : -149.634293
[setup in-reg] rst_ni -> _61714_/SETN : -149.634338
[setup in-reg] rst_ni -> _61717_/SETN : -149.634338
[setup in-reg] rst_ni -> _61720_/SETN : -149.634293
[setup in-reg] rst_ni -> _61754_/SETN : -149.634277
[setup in-reg] rst_ni -> _62101_/SETN : -149.634338
[setup in-reg] rst_ni -> _61889_/SETN : -149.634186
[setup in-reg] rst_ni -> _62102_/SETN : -149.634323
[setup in-reg] rst_ni -> _62123_/SETN : -149.634323
[setup in-reg] rst_ni -> _62124_/SETN : -149.634323
[setup in-reg] rst_ni -> _62125_/SETN : -149.634308
[setup in-reg] rst_ni -> _62133_/SETN : -149.634155
[setup in-reg] rst_ni -> _62135_/SETN : -149.634140
[setup in-reg] rst_ni -> _62137_/SETN : -149.634140
[setup in-reg] rst_ni -> _62138_/SETN : -149.634140
[setup in-reg] rst_ni -> _62165_/SETN : -149.634140
[setup in-reg] rst_ni -> _62166_/SETN : -149.634140
[setup in-reg] rst_ni -> _62167_/SETN : -149.634201
[setup in-reg] rst_ni -> _62169_/SETN : -149.634201
[setup in-reg] rst_ni -> _62170_/SETN : -149.634201
[setup in-reg] rst_ni -> _62171_/SETN : -149.634323
[setup in-reg] rst_ni -> _62172_/SETN : -149.634323
[setup in-reg] rst_ni -> _62173_/SETN : -149.634323
[setup in-reg] rst_ni -> _62174_/SETN : -149.634338
[setup in-reg] rst_ni -> _62175_/SETN : -149.634338
[setup in-reg] rst_ni -> _62176_/SETN : -149.634338
[setup in-reg] rst_ni -> _62196_/SETN : -149.634140
[setup in-reg] rst_ni -> _62197_/SETN : -149.634201
[setup in-reg] rst_ni -> _62198_/SETN : -149.634140
[setup in-reg] rst_ni -> _62200_/SETN : -149.634140
[setup in-reg] rst_ni -> _62201_/SETN : -149.634140
[setup in-reg] rst_ni -> _62228_/SETN : -149.634140
[setup in-reg] rst_ni -> _62229_/SETN : -149.634140
[setup in-reg] rst_ni -> _62230_/SETN : -149.634140
[setup in-reg] rst_ni -> _62231_/SETN : -149.634140
[setup in-reg] rst_ni -> _62232_/SETN : -149.634140
[setup in-reg] rst_ni -> _62233_/SETN : -149.634140
[setup in-reg] rst_ni -> _62241_/SETN : -149.634247
[setup in-reg] rst_ni -> _62242_/SETN : -149.634247
[setup in-reg] rst_ni -> _62243_/SETN : -149.634247
[setup in-reg] rst_ni -> _62244_/SETN : -149.634247
[setup in-reg] rst_ni -> _62245_/SETN : -149.634247
[setup in-reg] rst_ni -> _62246_/SETN : -149.634338
[setup in-reg] rst_ni -> _62247_/SETN : -149.634323
[setup in-reg] rst_ni -> _62248_/SETN : -149.634323
[setup in-reg] rst_ni -> _61704_/RN : -113.412994
[setup in-reg] rst_ni -> _60450_/RN : -113.412788
[setup in-reg] rst_ni -> _60453_/RN : -113.412865
[setup in-reg] rst_ni -> _60486_/RN : -113.412857
[setup in-reg] rst_ni -> _60487_/RN : -113.412865
[setup in-reg] rst_ni -> _60488_/RN : -113.412857
[setup in-reg] rst_ni -> _60489_/RN : -113.412857
[setup in-reg] rst_ni -> _60494_/RN : -113.412865
[setup in-reg] rst_ni -> _60495_/RN : -113.412865
[setup in-reg] rst_ni -> _60496_/RN : -113.412865
[setup in-reg] rst_ni -> _60497_/RN : -113.412857
[setup in-reg] rst_ni -> _60498_/RN : -113.412865
[setup in-reg] rst_ni -> _60499_/RN : -113.412865
[setup in-reg] rst_ni -> _60500_/RN : -113.412865
[setup in-reg] rst_ni -> _60501_/RN : -113.412865
[setup in-reg] rst_ni -> _60511_/RN : -113.412865
[setup in-reg] rst_ni -> _60512_/RN : -113.412865
[setup in-reg] rst_ni -> _60513_/RN : -113.412865
[setup in-reg] rst_ni -> _60514_/RN : -113.412865
[setup in-reg] rst_ni -> _60541_/RN : -113.412857
[setup in-reg] rst_ni -> _60542_/RN : -113.412857
[setup in-reg] rst_ni -> _60543_/RN : -113.412857
[setup in-reg] rst_ni -> _60544_/RN : -113.412857
[setup in-reg] rst_ni -> _61852_/RN : -113.412857
[setup in-reg] rst_ni -> _61853_/RN : -113.412865
[setup in-reg] rst_ni -> _61854_/RN : -113.412865
[setup in-reg] rst_ni -> _61855_/RN : -113.412865
[setup in-reg] rst_ni -> _61856_/RN : -113.412857
[setup in-reg] rst_ni -> _61901_/RN : -113.412910
[setup in-reg] rst_ni -> _61902_/RN : -113.412926
[setup in-reg] rst_ni -> _61903_/RN : -113.412926
[setup in-reg] rst_ni -> _61904_/RN : -113.412926
[setup in-reg] rst_ni -> _61905_/RN : -113.412949
[setup in-reg] rst_ni -> _61906_/RN : -113.412941
[setup in-reg] rst_ni -> _61907_/RN : -113.412941
[setup in-reg] rst_ni -> _61908_/RN : -113.412941
[setup in-reg] rst_ni -> _61909_/RN : -113.412941
[setup in-reg] rst_ni -> _61910_/RN : -113.412941
[setup in-reg] rst_ni -> _61912_/RN : -113.412971
[setup in-reg] rst_ni -> _60451_/RN : -113.412743
[setup in-reg] rst_ni -> _60452_/RN : -113.412743
[setup in-reg] rst_ni -> _60454_/RN : -113.412796
[setup in-reg] rst_ni -> _60455_/RN : -113.412865
[setup in-reg] rst_ni -> _60456_/RN : -113.412811
[setup in-reg] rst_ni -> _60457_/RN : -113.412811
[setup in-reg] rst_ni -> _60458_/RN : -113.412804
[setup in-reg] rst_ni -> _60459_/RN : -113.412834
[setup in-reg] rst_ni -> _60460_/RN : -113.412788
[setup in-reg] rst_ni -> _60461_/RN : -113.412819
[setup in-reg] rst_ni -> _60463_/RN : -113.412788
[setup in-reg] rst_ni -> _60467_/RN : -113.412811
[setup in-reg] rst_ni -> _60469_/RN : -113.412834
[setup in-reg] rst_ni -> _60470_/RN : -113.412834
[setup in-reg] rst_ni -> _60472_/RN : -113.412811
[setup in-reg] rst_ni -> _60474_/RN : -113.412857
[setup in-reg] rst_ni -> _60480_/RN : -113.412857
[setup in-reg] rst_ni -> _60481_/RN : -113.412857
[setup in-reg] rst_ni -> _60482_/RN : -113.412857
[setup in-reg] rst_ni -> _60483_/RN : -113.412865
[setup in-reg] rst_ni -> _60484_/RN : -113.412811
[setup in-reg] rst_ni -> _60516_/RN : -113.412781
[setup in-reg] rst_ni -> _60518_/RN : -113.412872
[setup in-reg] rst_ni -> _60519_/RN : -113.412872
[setup in-reg] rst_ni -> _60520_/RN : -113.412880
[setup in-reg] rst_ni -> _60521_/RN : -113.412880
[setup in-reg] rst_ni -> _60522_/RN : -113.412872
[setup in-reg] rst_ni -> _60523_/RN : -113.412872
[setup in-reg] rst_ni -> _60524_/RN : -113.412849
[setup in-reg] rst_ni -> _60525_/RN : -113.412849
[setup in-reg] rst_ni -> _60526_/RN : -113.412849
[setup in-reg] rst_ni -> _60527_/RN : -113.412849
[setup in-reg] rst_ni -> _60528_/RN : -113.412849
[setup in-reg] rst_ni -> _60529_/RN : -113.412849
[setup in-reg] rst_ni -> _60530_/RN : -113.412849
[setup in-reg] rst_ni -> _60531_/RN : -113.412849
[setup in-reg] rst_ni -> _60532_/RN : -113.412849
[setup in-reg] rst_ni -> _60533_/RN : -113.412849
[setup in-reg] rst_ni -> _60534_/RN : -113.412849
[setup in-reg] rst_ni -> _60535_/RN : -113.412857
[setup in-reg] rst_ni -> _60536_/RN : -113.412857
[setup in-reg] rst_ni -> _60537_/RN : -113.412849
[setup in-reg] rst_ni -> _60538_/RN : -113.412857
[setup in-reg] rst_ni -> _60539_/RN : -113.412857
[setup in-reg] rst_ni -> _60540_/RN : -113.412857
[setup in-reg] rst_ni -> _60545_/RN : -113.412849
[setup in-reg] rst_ni -> _60546_/RN : -113.412849
[setup in-reg] rst_ni -> _60547_/RN : -113.412857
[setup in-reg] rst_ni -> _60548_/RN : -113.412857
[setup in-reg] rst_ni -> _60549_/RN : -113.412857
[setup in-reg] rst_ni -> _60550_/RN : -113.412857
[setup in-reg] rst_ni -> _60551_/RN : -113.412857
[setup in-reg] rst_ni -> _60552_/RN : -113.412857
[setup in-reg] rst_ni -> _60553_/RN : -113.412857
[setup in-reg] rst_ni -> _60554_/RN : -113.412857
[setup in-reg] rst_ni -> _60555_/RN : -113.412857
[setup in-reg] rst_ni -> _60556_/RN : -113.412918
[setup in-reg] rst_ni -> _60557_/RN : -113.412918
[setup in-reg] rst_ni -> _60558_/RN : -113.412918
[setup in-reg] rst_ni -> _60559_/RN : -113.412857
[setup in-reg] rst_ni -> _60560_/RN : -113.412857
[setup in-reg] rst_ni -> _60561_/RN : -113.412857
[setup in-reg] rst_ni -> _60562_/RN : -113.412857
[setup in-reg] rst_ni -> _60563_/RN : -113.412918
[setup in-reg] rst_ni -> _60564_/RN : -113.412918
[setup in-reg] rst_ni -> _60565_/RN : -113.412857
[setup in-reg] rst_ni -> _60566_/RN : -113.412857
[setup in-reg] rst_ni -> _60567_/RN : -113.412857
[setup in-reg] rst_ni -> _60568_/RN : -113.412857
[setup in-reg] rst_ni -> _60569_/RN : -113.412857
[setup in-reg] rst_ni -> _60570_/RN : -113.412857
[setup in-reg] rst_ni -> _60571_/RN : -113.412857
[setup in-reg] rst_ni -> _60572_/RN : -113.412888
[setup in-reg] rst_ni -> _60573_/RN : -113.412895
[setup in-reg] rst_ni -> _60574_/RN : -113.412895
[setup in-reg] rst_ni -> _60575_/RN : -113.412895
[setup in-reg] rst_ni -> _60653_/RN : -113.412956
[setup in-reg] rst_ni -> _61913_/RN : -113.412964
[setup in-reg] rst_ni -> _61914_/RN : -113.412964
[setup in-reg] rst_ni -> _61916_/RN : -113.412964
[setup in-reg] rst_ni -> _60442_/RN : -113.412849
[setup in-reg] rst_ni -> _60443_/RN : -113.412849
[setup in-reg] rst_ni -> _60444_/RN : -113.412827
[setup in-reg] rst_ni -> _60485_/RN : -113.412834
[setup in-reg] rst_ni -> _60490_/RN : -113.412842
[setup in-reg] rst_ni -> _60491_/RN : -113.412857
[setup in-reg] rst_ni -> _60492_/RN : -113.412849
[setup in-reg] rst_ni -> _60493_/RN : -113.412842
[setup in-reg] rst_ni -> _60576_/RN : -113.412842
[setup in-reg] rst_ni -> _60577_/RN : -113.412842
[setup in-reg] rst_ni -> _60578_/RN : -113.412842
[setup in-reg] rst_ni -> _60579_/RN : -113.412842
[setup in-reg] rst_ni -> _60580_/RN : -113.412842
[setup in-reg] rst_ni -> _60581_/RN : -113.412842
[setup in-reg] rst_ni -> _60582_/RN : -113.412842
[setup in-reg] rst_ni -> _60583_/RN : -113.412842
[setup in-reg] rst_ni -> _60584_/RN : -113.412857
[setup in-reg] rst_ni -> _60585_/RN : -113.412857
[setup in-reg] rst_ni -> _60586_/RN : -113.412842
[setup in-reg] rst_ni -> _60587_/RN : -113.412842
[setup in-reg] rst_ni -> _60588_/RN : -113.412834
[setup in-reg] rst_ni -> _60589_/RN : -113.412834
[setup in-reg] rst_ni -> _60590_/RN : -113.412880
[setup in-reg] rst_ni -> _60591_/RN : -113.412880
[setup in-reg] rst_ni -> _60592_/RN : -113.412834
[setup in-reg] rst_ni -> _60593_/RN : -113.412834
[setup in-reg] rst_ni -> _60594_/RN : -113.412834
[setup in-reg] rst_ni -> _60595_/RN : -113.412834
[setup in-reg] rst_ni -> _60596_/RN : -113.412842
[setup in-reg] rst_ni -> _60597_/RN : -113.412842
[setup in-reg] rst_ni -> _60598_/RN : -113.412842
[setup in-reg] rst_ni -> _60599_/RN : -113.412842
[setup in-reg] rst_ni -> _60600_/RN : -113.412842
[setup in-reg] rst_ni -> _60601_/RN : -113.412842
[setup in-reg] rst_ni -> _60602_/RN : -113.412842
[setup in-reg] rst_ni -> _60603_/RN : -113.412842
[setup in-reg] rst_ni -> _60604_/RN : -113.412842
[setup in-reg] rst_ni -> _60605_/RN : -113.412842
[setup in-reg] rst_ni -> _60606_/RN : -113.412834
[setup in-reg] rst_ni -> _60607_/RN : -113.412834
[setup in-reg] rst_ni -> _60608_/RN : -113.412842
[setup in-reg] rst_ni -> _60609_/RN : -113.412834
[setup in-reg] rst_ni -> _60610_/RN : -113.412842
[setup in-reg] rst_ni -> _60611_/RN : -113.412849
[setup in-reg] rst_ni -> _60612_/RN : -113.412842
[setup in-reg] rst_ni -> _60613_/RN : -113.412849
[setup in-reg] rst_ni -> _60614_/RN : -113.412849
[setup in-reg] rst_ni -> _60615_/RN : -113.412842
[setup in-reg] rst_ni -> _60616_/RN : -113.412849
[setup in-reg] rst_ni -> _60617_/RN : -113.412849
[setup in-reg] rst_ni -> _60618_/RN : -113.412842
[setup in-reg] rst_ni -> _60619_/RN : -113.412842
[setup in-reg] rst_ni -> _60620_/RN : -113.412888
[setup in-reg] rst_ni -> _60622_/RN : -113.412926
[setup in-reg] rst_ni -> _60623_/RN : -113.412926
[setup in-reg] rst_ni -> _60624_/RN : -113.412918
[setup in-reg] rst_ni -> _60625_/RN : -113.412926
[setup in-reg] rst_ni -> _60626_/RN : -113.412941
[setup in-reg] rst_ni -> _60627_/RN : -113.412933
[setup in-reg] rst_ni -> _60628_/RN : -113.412933
[setup in-reg] rst_ni -> _60629_/RN : -113.412933
[setup in-reg] rst_ni -> _60630_/RN : -113.412933
[setup in-reg] rst_ni -> _60631_/RN : -113.412933
[setup in-reg] rst_ni -> _60632_/RN : -113.412926
[setup in-reg] rst_ni -> _60633_/RN : -113.412918
[setup in-reg] rst_ni -> _60634_/RN : -113.412918
[setup in-reg] rst_ni -> _60635_/RN : -113.412918
[setup in-reg] rst_ni -> _60636_/RN : -113.412918
[setup in-reg] rst_ni -> _60637_/RN : -113.412918
[setup in-reg] rst_ni -> _60638_/RN : -113.412956
[setup in-reg] rst_ni -> _60639_/RN : -113.412956
[setup in-reg] rst_ni -> _60640_/RN : -113.412964
[setup in-reg] rst_ni -> _60641_/RN : -113.412971
[setup in-reg] rst_ni -> _60643_/RN : -113.412971
[setup in-reg] rst_ni -> _60650_/RN : -113.412964
[setup in-reg] rst_ni -> _60651_/RN : -113.412964
[setup in-reg] rst_ni -> _60652_/RN : -113.412956
[setup in-reg] rst_ni -> _60654_/RN : -113.412910
[setup in-reg] rst_ni -> _60655_/RN : -113.412910
[setup in-reg] rst_ni -> _60656_/RN : -113.412910
[setup in-reg] rst_ni -> _60657_/RN : -113.412926
[setup in-reg] rst_ni -> _60658_/RN : -113.412941
[setup in-reg] rst_ni -> _60659_/RN : -113.412933
[setup in-reg] rst_ni -> _60660_/RN : -113.412918
[setup in-reg] rst_ni -> _60661_/RN : -113.412910
[setup in-reg] rst_ni -> _60662_/RN : -113.412918
[setup in-reg] rst_ni -> _60663_/RN : -113.412918
[setup in-reg] rst_ni -> _60664_/RN : -113.412926
[setup in-reg] rst_ni -> _60665_/RN : -113.412918
[setup in-reg] rst_ni -> _60666_/RN : -113.412918
[setup in-reg] rst_ni -> _60667_/RN : -113.412918
[setup in-reg] rst_ni -> _60668_/RN : -113.412918
[setup in-reg] rst_ni -> _60669_/RN : -113.412918
[setup in-reg] rst_ni -> _60670_/RN : -113.412956
[setup in-reg] rst_ni -> _60671_/RN : -113.412956
[setup in-reg] rst_ni -> _60672_/RN : -113.412964
[setup in-reg] rst_ni -> _60673_/RN : -113.412971
[setup in-reg] rst_ni -> _60674_/RN : -113.412964
[setup in-reg] rst_ni -> _60675_/RN : -113.412964
[setup in-reg] rst_ni -> _60676_/RN : -113.412971
[setup in-reg] rst_ni -> _60682_/RN : -113.412964
[setup in-reg] rst_ni -> _60683_/RN : -113.412964
[setup in-reg] rst_ni -> _60684_/RN : -113.412956
[setup in-reg] rst_ni -> _60685_/RN : -113.412956
[setup in-reg] rst_ni -> _60621_/RN : -113.412781
[setup in-reg] rst_ni -> _60686_/RN : -113.412842
[setup in-reg] rst_ni -> _60689_/RN : -113.412842
[setup in-reg] rst_ni -> _60693_/RN : -113.412842
[setup in-reg] rst_ni -> _60694_/RN : -113.412819
[setup in-reg] rst_ni -> _60701_/RN : -113.412811
[setup in-reg] rst_ni -> _60705_/RN : -113.412910
[setup in-reg] rst_ni -> _60706_/RN : -113.412933
[setup in-reg] rst_ni -> _60707_/RN : -113.412910
[setup in-reg] rst_ni -> _60708_/RN : -113.412933
[setup in-reg] rst_ni -> _60709_/RN : -113.412918
[setup in-reg] rst_ni -> _60710_/RN : -113.412910
[setup in-reg] rst_ni -> _60711_/RN : -113.412918
[setup in-reg] rst_ni -> _60712_/RN : -113.412933
[setup in-reg] rst_ni -> _60713_/RN : -113.412918
[setup in-reg] rst_ni -> _60714_/RN : -113.412918
[setup in-reg] rst_ni -> _60715_/RN : -113.412918
[setup in-reg] rst_ni -> _60716_/RN : -113.412926
[setup in-reg] rst_ni -> _60717_/RN : -113.412918
[setup in-reg] rst_ni -> _60718_/RN : -113.412926
[setup in-reg] rst_ni -> _60719_/RN : -113.412956
[setup in-reg] rst_ni -> _60720_/RN : -113.412956
[setup in-reg] rst_ni -> _60721_/RN : -113.412964
[setup in-reg] rst_ni -> _60722_/RN : -113.412971
[setup in-reg] rst_ni -> _60723_/RN : -113.412964
[setup in-reg] rst_ni -> _60724_/RN : -113.412964
[setup in-reg] rst_ni -> _60725_/RN : -113.412971
[setup in-reg] rst_ni -> _60726_/RN : -113.412971
[setup in-reg] rst_ni -> _60731_/RN : -113.412964
[setup in-reg] rst_ni -> _60732_/RN : -113.412964
[setup in-reg] rst_ni -> _60733_/RN : -113.412956
[setup in-reg] rst_ni -> _60734_/RN : -113.412949
[setup in-reg] rst_ni -> _60698_/RN : -113.412781
[setup in-reg] rst_ni -> _60699_/RN : -113.412781
[setup in-reg] rst_ni -> _60700_/RN : -113.412781
[setup in-reg] rst_ni -> _60702_/RN : -113.412781
[setup in-reg] rst_ni -> _60737_/RN : -113.412834
[setup in-reg] rst_ni -> _60741_/RN : -113.412857
[setup in-reg] rst_ni -> _60742_/RN : -113.412857
[setup in-reg] rst_ni -> _60743_/RN : -113.412857
[setup in-reg] rst_ni -> _60744_/RN : -113.412857
[setup in-reg] rst_ni -> _60745_/RN : -113.412857
[setup in-reg] rst_ni -> _60746_/RN : -113.412857
[setup in-reg] rst_ni -> _60747_/RN : -113.412857
[setup in-reg] rst_ni -> _60750_/RN : -113.412926
[setup in-reg] rst_ni -> _60751_/RN : -113.412918
[setup in-reg] rst_ni -> _60752_/RN : -113.412918
[setup in-reg] rst_ni -> _60753_/RN : -113.412918
[setup in-reg] rst_ni -> _60754_/RN : -113.412926
[setup in-reg] rst_ni -> _60755_/RN : -113.412956
[setup in-reg] rst_ni -> _60756_/RN : -113.412926
[setup in-reg] rst_ni -> _60757_/RN : -113.412926
[setup in-reg] rst_ni -> _60758_/RN : -113.412941
[setup in-reg] rst_ni -> _60759_/RN : -113.412926
[setup in-reg] rst_ni -> _60760_/RN : -113.412971
[setup in-reg] rst_ni -> _60761_/RN : -113.412971
[setup in-reg] rst_ni -> _60762_/RN : -113.412926
[setup in-reg] rst_ni -> _60763_/RN : -113.412926
[setup in-reg] rst_ni -> _60764_/RN : -113.412971
[setup in-reg] rst_ni -> _60765_/RN : -113.412926
[setup in-reg] rst_ni -> _60766_/RN : -113.412918
[setup in-reg] rst_ni -> _60767_/RN : -113.412971
[setup in-reg] rst_ni -> _60768_/RN : -113.412971
[setup in-reg] rst_ni -> _60769_/RN : -113.412964
[setup in-reg] rst_ni -> _60770_/RN : -113.412926
[setup in-reg] rst_ni -> _60771_/RN : -113.412926
[setup in-reg] rst_ni -> _60772_/RN : -113.412857
[setup in-reg] rst_ni -> _60773_/RN : -113.412926
[setup in-reg] rst_ni -> _60774_/RN : -113.412949
[setup in-reg] rst_ni -> _60775_/RN : -113.412941
[setup in-reg] rst_ni -> _60776_/RN : -113.412857
[setup in-reg] rst_ni -> _60777_/RN : -113.412857
[setup in-reg] rst_ni -> _60778_/RN : -113.412857
[setup in-reg] rst_ni -> _60779_/RN : -113.412857
[setup in-reg] rst_ni -> _60780_/RN : -113.412857
[setup in-reg] rst_ni -> _60781_/RN : -113.412857
[setup in-reg] rst_ni -> _60782_/RN : -113.412857
[setup in-reg] rst_ni -> _60783_/RN : -113.412857
[setup in-reg] rst_ni -> _60784_/RN : -113.412918
[setup in-reg] rst_ni -> _60785_/RN : -113.412926
[setup in-reg] rst_ni -> _60786_/RN : -113.412918
[setup in-reg] rst_ni -> _60787_/RN : -113.412918
[setup in-reg] rst_ni -> _60788_/RN : -113.412918
[setup in-reg] rst_ni -> _60789_/RN : -113.412926
[setup in-reg] rst_ni -> _60790_/RN : -113.412956
[setup in-reg] rst_ni -> _60791_/RN : -113.412926
[setup in-reg] rst_ni -> _60792_/RN : -113.412926
[setup in-reg] rst_ni -> _60793_/RN : -113.412941
[setup in-reg] rst_ni -> _60794_/RN : -113.412926
[setup in-reg] rst_ni -> _60795_/RN : -113.412956
[setup in-reg] rst_ni -> _60796_/RN : -113.412971
[setup in-reg] rst_ni -> _60797_/RN : -113.412926
[setup in-reg] rst_ni -> _60798_/RN : -113.412926
[setup in-reg] rst_ni -> _60799_/RN : -113.412971
[setup in-reg] rst_ni -> _60800_/RN : -113.412926
[setup in-reg] rst_ni -> _60801_/RN : -113.412918
[setup in-reg] rst_ni -> _60802_/RN : -113.412971
[setup in-reg] rst_ni -> _60803_/RN : -113.412971
[setup in-reg] rst_ni -> _60804_/RN : -113.412926
[setup in-reg] rst_ni -> _60805_/RN : -113.412926
[setup in-reg] rst_ni -> _60806_/RN : -113.412926
[setup in-reg] rst_ni -> _60807_/RN : -113.412857
[setup in-reg] rst_ni -> _60809_/RN : -113.412857
[setup in-reg] rst_ni -> _60810_/RN : -113.412857
[setup in-reg] rst_ni -> _60811_/RN : -113.412857
[setup in-reg] rst_ni -> _60812_/RN : -113.412857
[setup in-reg] rst_ni -> _60813_/RN : -113.412857
[setup in-reg] rst_ni -> _60814_/RN : -113.412857
[setup in-reg] rst_ni -> _60815_/RN : -113.412857
[setup in-reg] rst_ni -> _60816_/RN : -113.412918
[setup in-reg] rst_ni -> _60817_/RN : -113.412926
[setup in-reg] rst_ni -> _60818_/RN : -113.412926
[setup in-reg] rst_ni -> _60819_/RN : -113.412926
[setup in-reg] rst_ni -> _60820_/RN : -113.412926
[setup in-reg] rst_ni -> _60821_/RN : -113.412926
[setup in-reg] rst_ni -> _60822_/RN : -113.412956
[setup in-reg] rst_ni -> _60823_/RN : -113.412926
[setup in-reg] rst_ni -> _60824_/RN : -113.412926
[setup in-reg] rst_ni -> _60825_/RN : -113.412941
[setup in-reg] rst_ni -> _60826_/RN : -113.412926
[setup in-reg] rst_ni -> _60827_/RN : -113.412956
[setup in-reg] rst_ni -> _60828_/RN : -113.412971
[setup in-reg] rst_ni -> _60829_/RN : -113.412971
[setup in-reg] rst_ni -> _60830_/RN : -113.412926
[setup in-reg] rst_ni -> _60831_/RN : -113.412971
[setup in-reg] rst_ni -> _60832_/RN : -113.412971
[setup in-reg] rst_ni -> _60833_/RN : -113.412926
[setup in-reg] rst_ni -> _60834_/RN : -113.412971
[setup in-reg] rst_ni -> _60835_/RN : -113.412971
[setup in-reg] rst_ni -> _60836_/RN : -113.412926
[setup in-reg] rst_ni -> _60837_/RN : -113.412926
[setup in-reg] rst_ni -> _60838_/RN : -113.412926
[setup in-reg] rst_ni -> _60839_/RN : -113.412926
[setup in-reg] rst_ni -> _60843_/RN : -113.412994
[setup in-reg] rst_ni -> _60844_/RN : -113.412994
[setup in-reg] rst_ni -> _60846_/RN : -113.413002
[setup in-reg] rst_ni -> _60853_/RN : -113.413025
[setup in-reg] rst_ni -> _60855_/RN : -113.413017
[setup in-reg] rst_ni -> _60856_/RN : -113.413010
[setup in-reg] rst_ni -> _60857_/RN : -113.413010
[setup in-reg] rst_ni -> _60858_/RN : -113.413017
[setup in-reg] rst_ni -> _60859_/RN : -113.412994
[setup in-reg] rst_ni -> _60860_/RN : -113.412994
[setup in-reg] rst_ni -> _60861_/RN : -113.412994
[setup in-reg] rst_ni -> _60862_/RN : -113.412994
[setup in-reg] rst_ni -> _60863_/RN : -113.412994
[setup in-reg] rst_ni -> _61680_/RN : -113.412865
[setup in-reg] rst_ni -> _56961_/RN : -113.412712
[setup in-reg] rst_ni -> _56962_/RN : -113.412720
[setup in-reg] rst_ni -> _56963_/RN : -113.412743
[setup in-reg] rst_ni -> _60445_/RN : -113.412727
[setup in-reg] rst_ni -> _60446_/RN : -113.412788
[setup in-reg] rst_ni -> _60447_/RN : -113.412804
[setup in-reg] rst_ni -> _60448_/RN : -113.412796
[setup in-reg] rst_ni -> _60449_/RN : -113.412743
[setup in-reg] rst_ni -> _61734_/RN : -113.412811
[setup in-reg] rst_ni -> _61735_/RN : -113.412827
[setup in-reg] rst_ni -> _61736_/RN : -113.412827
[setup in-reg] rst_ni -> _61737_/RN : -113.412827
[setup in-reg] rst_ni -> _61738_/RN : -113.412827
[setup in-reg] rst_ni -> _61739_/RN : -113.412819
[setup in-reg] rst_ni -> _61740_/RN : -113.412819
[setup in-reg] rst_ni -> _61741_/RN : -113.412819
[setup in-reg] rst_ni -> _61742_/RN : -113.412827
[setup in-reg] rst_ni -> _61743_/RN : -113.412834
[setup in-reg] rst_ni -> _61744_/RN : -113.412834
[setup in-reg] rst_ni -> _61745_/RN : -113.412834
[setup in-reg] rst_ni -> _61746_/RN : -113.412834
[setup in-reg] rst_ni -> _61747_/RN : -113.412834
[setup in-reg] rst_ni -> _61748_/RN : -113.412842
[setup in-reg] rst_ni -> _61749_/RN : -113.412842
[setup in-reg] rst_ni -> _61750_/RN : -113.412842
[setup in-reg] rst_ni -> _60462_/RN : -113.412704
[setup in-reg] rst_ni -> _60464_/RN : -113.412811
[setup in-reg] rst_ni -> _60465_/RN : -113.412697
[setup in-reg] rst_ni -> _60466_/RN : -113.412720
[setup in-reg] rst_ni -> _60468_/RN : -113.412712
[setup in-reg] rst_ni -> _60471_/RN : -113.412720
[setup in-reg] rst_ni -> _60473_/RN : -113.412804
[setup in-reg] rst_ni -> _60475_/RN : -113.412834
[setup in-reg] rst_ni -> _60476_/RN : -113.412842
[setup in-reg] rst_ni -> _60477_/RN : -113.412834
[setup in-reg] rst_ni -> _60478_/RN : -113.412827
[setup in-reg] rst_ni -> _60479_/RN : -113.412811
[setup in-reg] rst_ni -> _60502_/RN : -113.412788
[setup in-reg] rst_ni -> _60503_/RN : -113.412857
[setup in-reg] rst_ni -> _60504_/RN : -113.412865
[setup in-reg] rst_ni -> _60505_/RN : -113.412811
[setup in-reg] rst_ni -> _60506_/RN : -113.412811
[setup in-reg] rst_ni -> _60507_/RN : -113.412811
[setup in-reg] rst_ni -> _60508_/RN : -113.412811
[setup in-reg] rst_ni -> _60509_/RN : -113.412849
[setup in-reg] rst_ni -> _60510_/RN : -113.412857
[setup in-reg] rst_ni -> _60642_/RN : -113.412697
[setup in-reg] rst_ni -> _60644_/RN : -113.412712
[setup in-reg] rst_ni -> _60645_/RN : -113.412697
[setup in-reg] rst_ni -> _60646_/RN : -113.412704
[setup in-reg] rst_ni -> _60681_/RN : -113.412704
[setup in-reg] rst_ni -> _60687_/RN : -113.412781
[setup in-reg] rst_ni -> _60688_/RN : -113.412781
[setup in-reg] rst_ni -> _60690_/RN : -113.412842
[setup in-reg] rst_ni -> _60691_/RN : -113.412888
[setup in-reg] rst_ni -> _60692_/RN : -113.412781
[setup in-reg] rst_ni -> _60695_/RN : -113.412804
[setup in-reg] rst_ni -> _60696_/RN : -113.412842
[setup in-reg] rst_ni -> _60697_/RN : -113.412888
[setup in-reg] rst_ni -> _60703_/RN : -113.412910
[setup in-reg] rst_ni -> _60704_/RN : -113.412918
[setup in-reg] rst_ni -> _60727_/RN : -113.412704
[setup in-reg] rst_ni -> _60728_/RN : -113.412704
[setup in-reg] rst_ni -> _60729_/RN : -113.412704
[setup in-reg] rst_ni -> _60730_/RN : -113.412704
[setup in-reg] rst_ni -> _60735_/RN : -113.412781
[setup in-reg] rst_ni -> _60841_/RN : -113.412781
[setup in-reg] rst_ni -> _60842_/RN : -113.412796
[setup in-reg] rst_ni -> _60845_/RN : -113.412788
[setup in-reg] rst_ni -> _60847_/RN : -113.412788
[setup in-reg] rst_ni -> _60848_/RN : -113.412788
[setup in-reg] rst_ni -> _60849_/RN : -113.412827
[setup in-reg] rst_ni -> _60850_/RN : -113.412827
[setup in-reg] rst_ni -> _60851_/RN : -113.412796
[setup in-reg] rst_ni -> _60852_/RN : -113.412796
[setup in-reg] rst_ni -> _60854_/RN : -113.412796
[setup in-reg] rst_ni -> _60888_/RN : -113.412781
[setup in-reg] rst_ni -> _60889_/RN : -113.412704
[setup in-reg] rst_ni -> _60890_/RN : -113.412720
[setup in-reg] rst_ni -> _60891_/RN : -113.412720
[setup in-reg] rst_ni -> _60892_/RN : -113.412720
[setup in-reg] rst_ni -> _60893_/RN : -113.412781
[setup in-reg] rst_ni -> _60894_/RN : -113.412720
[setup in-reg] rst_ni -> _60895_/RN : -113.412720
[setup in-reg] rst_ni -> _60987_/RN : -113.412819
[setup in-reg] rst_ni -> _60988_/RN : -113.412819
[setup in-reg] rst_ni -> _61668_/RN : -113.412857
[setup in-reg] rst_ni -> _61669_/RN : -113.412857
[setup in-reg] rst_ni -> _61670_/RN : -113.412857
[setup in-reg] rst_ni -> _61671_/RN : -113.412857
[setup in-reg] rst_ni -> _61672_/RN : -113.412857
[setup in-reg] rst_ni -> _61673_/RN : -113.412857
[setup in-reg] rst_ni -> _61674_/RN : -113.412857
[setup in-reg] rst_ni -> _61675_/RN : -113.412857
[setup in-reg] rst_ni -> _60896_/RN : -113.412704
[setup in-reg] rst_ni -> _60897_/RN : -113.412704
[setup in-reg] rst_ni -> _60898_/RN : -113.412720
[setup in-reg] rst_ni -> _60901_/RN : -113.412781
[setup in-reg] rst_ni -> _60902_/RN : -113.412781
[setup in-reg] rst_ni -> _60903_/RN : -113.412781
[setup in-reg] rst_ni -> _60904_/RN : -113.412781
[setup in-reg] rst_ni -> _60905_/RN : -113.412781
[setup in-reg] rst_ni -> _60930_/RN : -113.412849
[setup in-reg] rst_ni -> _60986_/RN : -113.412819
[setup in-reg] rst_ni -> _60906_/RN : -113.412697
[setup in-reg] rst_ni -> _60982_/RN : -113.412697
[setup in-reg] rst_ni -> _61751_/RN : -113.412804
[setup in-reg] rst_ni -> _61752_/RN : -113.412842
[setup in-reg] rst_ni -> _60647_/RN : -113.412689
[setup in-reg] rst_ni -> _60648_/RN : -113.412704
[setup in-reg] rst_ni -> _60649_/RN : -113.412704
[setup in-reg] rst_ni -> _60677_/RN : -113.412697
[setup in-reg] rst_ni -> _60678_/RN : -113.412704
[setup in-reg] rst_ni -> _60679_/RN : -113.412689
[setup in-reg] rst_ni -> _60680_/RN : -113.412704
[setup in-reg] rst_ni -> _60983_/RN : -113.412682
[setup in-reg] rst_ni -> _60984_/RN : -113.412697
[setup in-reg] rst_ni -> _60985_/RN : -113.412697
[setup in-reg] rst_ni -> _61698_/RN : -113.412804
[setup in-reg] rst_ni -> _60990_/RN : -113.412689
[setup in-reg] rst_ni -> _60991_/RN : -113.412689
[setup in-reg] rst_ni -> _60992_/RN : -113.412689
[setup in-reg] rst_ni -> _60993_/RN : -113.412682
[setup in-reg] rst_ni -> _60994_/RN : -113.412682
[setup in-reg] rst_ni -> _60995_/RN : -113.412682
[setup in-reg] rst_ni -> _61676_/RN : -113.412750
[setup in-reg] rst_ni -> _61677_/RN : -113.412750
[setup in-reg] rst_ni -> _61678_/RN : -113.412766
[setup in-reg] rst_ni -> _61679_/RN : -113.412857
[setup in-reg] rst_ni -> _61681_/RN : -113.412857
[setup in-reg] rst_ni -> _61682_/RN : -113.412735
[setup in-reg] rst_ni -> _61683_/RN : -113.412735
[setup in-reg] rst_ni -> _61684_/RN : -113.412735
[setup in-reg] rst_ni -> _61685_/RN : -113.412743
[setup in-reg] rst_ni -> _61686_/RN : -113.412743
[setup in-reg] rst_ni -> _61687_/RN : -113.412743
[setup in-reg] rst_ni -> _61692_/RN : -113.412811
[setup in-reg] rst_ni -> _61694_/RN : -113.412796
[setup in-reg] rst_ni -> _61689_/RN : -113.412682
[setup in-reg] rst_ni -> _61690_/RN : -113.412682
[setup in-reg] rst_ni -> _61691_/RN : -113.412773
[setup in-reg] rst_ni -> _61693_/RN : -113.412712
[setup in-reg] rst_ni -> _61695_/RN : -113.412788
[setup in-reg] rst_ni -> _61696_/RN : -113.412712
[setup in-reg] rst_ni -> _61697_/RN : -113.412796
[setup in-reg] rst_ni -> _61699_/RN : -113.412735
[setup in-reg] rst_ni -> _61702_/RN : -113.412735
[setup in-reg] rst_ni -> _61703_/RN : -113.412788
[setup in-reg] rst_ni -> _61706_/RN : -113.412842
[setup in-reg] rst_ni -> _61707_/RN : -113.412842
[setup in-reg] rst_ni -> _61709_/RN : -113.412781
[setup in-reg] rst_ni -> _61710_/RN : -113.412781
[setup in-reg] rst_ni -> _61712_/RN : -113.412834
[setup in-reg] rst_ni -> _61713_/RN : -113.412834
[setup in-reg] rst_ni -> _61715_/RN : -113.412872
[setup in-reg] rst_ni -> _61716_/RN : -113.412872
[setup in-reg] rst_ni -> _61718_/RN : -113.412872
[setup in-reg] rst_ni -> _61719_/RN : -113.412849
[setup in-reg] rst_ni -> _61721_/RN : -113.412827
[setup in-reg] rst_ni -> _61722_/RN : -113.412827
[setup in-reg] rst_ni -> _61723_/RN : -113.412796
[setup in-reg] rst_ni -> _61724_/RN : -113.412796
[setup in-reg] rst_ni -> _61725_/RN : -113.412796
[setup in-reg] rst_ni -> _61726_/RN : -113.412796
[setup in-reg] rst_ni -> _61727_/RN : -113.412804
[setup in-reg] rst_ni -> _61700_/RN : -113.412682
[setup in-reg] rst_ni -> _61728_/RN : -113.412781
[setup in-reg] rst_ni -> _61729_/RN : -113.412804
[setup in-reg] rst_ni -> _61730_/RN : -113.412781
[setup in-reg] rst_ni -> _61731_/RN : -113.412811
[setup in-reg] rst_ni -> _61732_/RN : -113.412804
[setup in-reg] rst_ni -> _61733_/RN : -113.412796
[setup in-reg] rst_ni -> _61753_/RN : -113.412781
[setup in-reg] rst_ni -> _61755_/RN : -113.412857
[setup in-reg] rst_ni -> _61756_/RN : -113.412827
[setup in-reg] rst_ni -> _61757_/RN : -113.412827
[setup in-reg] rst_ni -> _61758_/RN : -113.412827
[setup in-reg] rst_ni -> _61759_/RN : -113.412857
[setup in-reg] rst_ni -> _61760_/RN : -113.412857
[setup in-reg] rst_ni -> _61784_/RN : -113.412857
[setup in-reg] rst_ni -> _61791_/RN : -113.412857
[setup in-reg] rst_ni -> _61795_/RN : -113.412811
[setup in-reg] rst_ni -> _61796_/RN : -113.412834
[setup in-reg] rst_ni -> _61797_/RN : -113.412865
[setup in-reg] rst_ni -> _61798_/RN : -113.412865
[setup in-reg] rst_ni -> _61799_/RN : -113.412849
[setup in-reg] rst_ni -> _61800_/RN : -113.412865
[setup in-reg] rst_ni -> _61801_/RN : -113.412872
[setup in-reg] rst_ni -> _61802_/RN : -113.412865
[setup in-reg] rst_ni -> _61803_/RN : -113.412872
[setup in-reg] rst_ni -> _61804_/RN : -113.412872
[setup in-reg] rst_ni -> _61805_/RN : -113.412865
[setup in-reg] rst_ni -> _61806_/RN : -113.412865
[setup in-reg] rst_ni -> _61807_/RN : -113.412872
[setup in-reg] rst_ni -> _61808_/RN : -113.412865
[setup in-reg] rst_ni -> _61809_/RN : -113.412872
[setup in-reg] rst_ni -> _61810_/RN : -113.412865
[setup in-reg] rst_ni -> _61811_/RN : -113.412888
[setup in-reg] rst_ni -> _61812_/RN : -113.412872
[setup in-reg] rst_ni -> _61813_/RN : -113.412865
[setup in-reg] rst_ni -> _61814_/RN : -113.412872
[setup in-reg] rst_ni -> _61815_/RN : -113.412872
[setup in-reg] rst_ni -> _61816_/RN : -113.412872
[setup in-reg] rst_ni -> _61817_/RN : -113.412872
[setup in-reg] rst_ni -> _61819_/RN : -113.412872
[setup in-reg] rst_ni -> _61823_/RN : -113.412811
[setup in-reg] rst_ni -> _61824_/RN : -113.412788
[setup in-reg] rst_ni -> _61825_/RN : -113.412857
[setup in-reg] rst_ni -> _61826_/RN : -113.412857
[setup in-reg] rst_ni -> _61827_/RN : -113.412857
[setup in-reg] rst_ni -> _61828_/RN : -113.412857
[setup in-reg] rst_ni -> _61829_/RN : -113.412857
[setup in-reg] rst_ni -> _61830_/RN : -113.412857
[setup in-reg] rst_ni -> _61831_/RN : -113.412849
[setup in-reg] rst_ni -> _61832_/RN : -113.412857
[setup in-reg] rst_ni -> _61833_/RN : -113.412857
[setup in-reg] rst_ni -> _61834_/RN : -113.412857
[setup in-reg] rst_ni -> _61835_/RN : -113.412857
[setup in-reg] rst_ni -> _61836_/RN : -113.412857
[setup in-reg] rst_ni -> _61837_/RN : -113.412857
[setup in-reg] rst_ni -> _61838_/RN : -113.412857
[setup in-reg] rst_ni -> _61839_/RN : -113.412857
[setup in-reg] rst_ni -> _61840_/RN : -113.412857
[setup in-reg] rst_ni -> _61841_/RN : -113.412857
[setup in-reg] rst_ni -> _61842_/RN : -113.412857
[setup in-reg] rst_ni -> _61843_/RN : -113.412857
[setup in-reg] rst_ni -> _61844_/RN : -113.412857
[setup in-reg] rst_ni -> _61845_/RN : -113.412857
[setup in-reg] rst_ni -> _61846_/RN : -113.412865
[setup in-reg] rst_ni -> _61847_/RN : -113.412865
[setup in-reg] rst_ni -> _61848_/RN : -113.412865
[setup in-reg] rst_ni -> _61849_/RN : -113.412857
[setup in-reg] rst_ni -> _61850_/RN : -113.412857
[setup in-reg] rst_ni -> _61851_/RN : -113.412857
[setup in-reg] rst_ni -> _61933_/RN : -113.412880
[setup in-reg] rst_ni -> _61785_/RN : -113.412758
[setup in-reg] rst_ni -> _61786_/RN : -113.412857
[setup in-reg] rst_ni -> _61790_/RN : -113.412865
[setup in-reg] rst_ni -> _61818_/RN : -113.412865
[setup in-reg] rst_ni -> _61820_/RN : -113.412872
[setup in-reg] rst_ni -> _61821_/RN : -113.412865
[setup in-reg] rst_ni -> _61822_/RN : -113.412865
[setup in-reg] rst_ni -> _61897_/RN : -113.412766
[setup in-reg] rst_ni -> _61934_/RN : -113.412804
[setup in-reg] rst_ni -> _61941_/RN : -113.412872
[setup in-reg] rst_ni -> _61942_/RN : -113.412880
[setup in-reg] rst_ni -> _61943_/RN : -113.412834
[setup in-reg] rst_ni -> _61944_/RN : -113.412834
[setup in-reg] rst_ni -> _61969_/RN : -113.412849
[setup in-reg] rst_ni -> _62014_/RN : -113.412865
[setup in-reg] rst_ni -> _62015_/RN : -113.412857
[setup in-reg] rst_ni -> _62016_/RN : -113.412857
[setup in-reg] rst_ni -> _62017_/RN : -113.412857
[setup in-reg] rst_ni -> _62018_/RN : -113.412872
[setup in-reg] rst_ni -> _62019_/RN : -113.412872
[setup in-reg] rst_ni -> _62021_/RN : -113.412865
[setup in-reg] rst_ni -> _62022_/RN : -113.412865
[setup in-reg] rst_ni -> _62023_/RN : -113.412865
[setup in-reg] rst_ni -> _62024_/RN : -113.412865
[setup in-reg] rst_ni -> _62025_/RN : -113.412865
[setup in-reg] rst_ni -> _62026_/RN : -113.412865
[setup in-reg] rst_ni -> _62027_/RN : -113.412865
[setup in-reg] rst_ni -> _62028_/RN : -113.412865
[setup in-reg] rst_ni -> _62029_/RN : -113.412872
[setup in-reg] rst_ni -> _62030_/RN : -113.412865
[setup in-reg] rst_ni -> _62031_/RN : -113.412865
[setup in-reg] rst_ni -> _62032_/RN : -113.412865
[setup in-reg] rst_ni -> _62033_/RN : -113.412865
[setup in-reg] rst_ni -> _62034_/RN : -113.412865
[setup in-reg] rst_ni -> _62035_/RN : -113.412865
[setup in-reg] rst_ni -> _62036_/RN : -113.412865
[setup in-reg] rst_ni -> _62037_/RN : -113.412865
[setup in-reg] rst_ni -> _62038_/RN : -113.412865
[setup in-reg] rst_ni -> _62039_/RN : -113.412865
[setup in-reg] rst_ni -> _62040_/RN : -113.412865
[setup in-reg] rst_ni -> _62041_/RN : -113.412865
[setup in-reg] rst_ni -> _62042_/RN : -113.412865
[setup in-reg] rst_ni -> _61898_/RN : -113.412743
[setup in-reg] rst_ni -> _61963_/RN : -113.412849
[setup in-reg] rst_ni -> _61964_/RN : -113.412849
[setup in-reg] rst_ni -> _61965_/RN : -113.412849
[setup in-reg] rst_ni -> _62103_/RN : -113.412804
[setup in-reg] rst_ni -> _62104_/RN : -113.412857
[setup in-reg] rst_ni -> _62105_/RN : -113.412857
[setup in-reg] rst_ni -> _62106_/RN : -113.412857
[setup in-reg] rst_ni -> _62107_/RN : -113.412865
[setup in-reg] rst_ni -> _62108_/RN : -113.412842
[setup in-reg] rst_ni -> _62109_/RN : -113.412842
[setup in-reg] rst_ni -> _62249_/RN : -113.412849
[setup in-reg] rst_ni -> _62250_/RN : -113.412849
[setup in-reg] rst_ni -> _62251_/RN : -113.412857
[setup in-reg] rst_ni -> _62252_/RN : -113.412849
[setup in-reg] rst_ni -> _62253_/RN : -113.412849
[setup in-reg] rst_ni -> _62254_/RN : -113.412849
[setup in-reg] rst_ni -> _62255_/RN : -113.412849
[setup in-reg] rst_ni -> _62256_/RN : -113.412857
[setup in-reg] rst_ni -> _62257_/RN : -113.412842
[setup in-reg] rst_ni -> _62260_/RN : -113.412849
[setup in-reg] rst_ni -> _62264_/RN : -113.412849
[setup in-reg] rst_ni -> _62265_/RN : -113.412849
[setup in-reg] rst_ni -> _62266_/RN : -113.412849
[setup in-reg] rst_ni -> _62267_/RN : -113.412849
[setup in-reg] rst_ni -> _62268_/RN : -113.412849
[setup in-reg] rst_ni -> _62280_/RN : -113.412857
[setup in-reg] rst_ni -> _62281_/RN : -113.412857
[setup in-reg] rst_ni -> _62282_/RN : -113.412857
[setup in-reg] rst_ni -> _62283_/RN : -113.412857
[setup in-reg] rst_ni -> _62284_/RN : -113.412857
[setup in-reg] rst_ni -> _62285_/RN : -113.412857
[setup in-reg] rst_ni -> _62286_/RN : -113.412865
[setup in-reg] rst_ni -> _62287_/RN : -113.412857
[setup in-reg] rst_ni -> _62288_/RN : -113.412857
[setup in-reg] rst_ni -> _62289_/RN : -113.412857
[setup in-reg] rst_ni -> _62290_/RN : -113.412857
[setup in-reg] rst_ni -> _62291_/RN : -113.412857
[setup in-reg] rst_ni -> _62292_/RN : -113.412857
[setup in-reg] rst_ni -> _62293_/RN : -113.412857
[setup in-reg] rst_ni -> _62294_/RN : -113.412857
[setup in-reg] rst_ni -> _62295_/RN : -113.412857
[setup in-reg] rst_ni -> _62296_/RN : -113.412857
[setup in-reg] rst_ni -> _62297_/RN : -113.412865
[setup in-reg] rst_ni -> _62298_/RN : -113.412857
[setup in-reg] rst_ni -> _62299_/RN : -113.412857
[setup in-reg] rst_ni -> _62300_/RN : -113.412857
[setup in-reg] rst_ni -> _62301_/RN : -113.412865
[setup in-reg] rst_ni -> _62302_/RN : -113.412857
[setup in-reg] rst_ni -> _62303_/RN : -113.412865
[setup in-reg] rst_ni -> _62304_/RN : -113.412865
[setup in-reg] rst_ni -> _62305_/RN : -113.412865
[setup in-reg] rst_ni -> _62306_/RN : -113.412865
[setup in-reg] rst_ni -> _62307_/RN : -113.412865
[setup in-reg] rst_ni -> _62308_/RN : -113.412865
[setup in-reg] rst_ni -> _62309_/RN : -113.412865
[setup in-reg] rst_ni -> _62310_/RN : -113.412865
[setup in-reg] rst_ni -> _62311_/RN : -113.412865
[setup in-reg] rst_ni -> _61787_/RN : -113.412750
[setup in-reg] rst_ni -> _61792_/RN : -113.412834
[setup in-reg] rst_ni -> _61793_/RN : -113.412811
[setup in-reg] rst_ni -> _61794_/RN : -113.412865
[setup in-reg] rst_ni -> _62312_/RN : -113.412857
[setup in-reg] rst_ni -> _62313_/RN : -113.412865
[setup in-reg] rst_ni -> _62314_/RN : -113.412865
[setup in-reg] rst_ni -> _62315_/RN : -113.412865
[setup in-reg] rst_ni -> _62316_/RN : -113.412865
[setup in-reg] rst_ni -> _62317_/RN : -113.412865
[setup in-reg] rst_ni -> _62318_/RN : -113.412865
[setup in-reg] rst_ni -> _62319_/RN : -113.412865
[setup in-reg] rst_ni -> _62320_/RN : -113.412865
[setup in-reg] rst_ni -> _62321_/RN : -113.412865
[setup in-reg] rst_ni -> _62322_/RN : -113.412865
[setup in-reg] rst_ni -> _62323_/RN : -113.412865
[setup in-reg] rst_ni -> _62324_/RN : -113.412865
[setup in-reg] rst_ni -> _62325_/RN : -113.412865
[setup in-reg] rst_ni -> _62326_/RN : -113.412865
[setup in-reg] rst_ni -> _62327_/RN : -113.412865
[setup in-reg] rst_ni -> _62328_/RN : -113.412865
[setup in-reg] rst_ni -> _62329_/RN : -113.412865
[setup in-reg] rst_ni -> _62330_/RN : -113.412865
[setup in-reg] rst_ni -> _62331_/RN : -113.412865
[setup in-reg] rst_ni -> _62332_/RN : -113.412865
[setup in-reg] rst_ni -> _62333_/RN : -113.412872
[setup in-reg] rst_ni -> _62334_/RN : -113.412865
[setup in-reg] rst_ni -> _62335_/RN : -113.412865
[setup in-reg] rst_ni -> _62336_/RN : -113.412865
[setup in-reg] rst_ni -> _62337_/RN : -113.412865
[setup in-reg] rst_ni -> _62338_/RN : -113.412865
[setup in-reg] rst_ni -> _62339_/RN : -113.412872
[setup in-reg] rst_ni -> _62340_/RN : -113.412865
[setup in-reg] rst_ni -> _62341_/RN : -113.412865
[setup in-reg] rst_ni -> _62342_/RN : -113.412865
[setup in-reg] rst_ni -> _62343_/RN : -113.412865
[setup in-reg] rst_ni -> _62344_/RN : -113.412865
[setup in-reg] rst_ni -> _61899_/RN : -113.412735
[setup in-reg] rst_ni -> _61900_/RN : -113.412735
[setup in-reg] rst_ni -> _61936_/RN : -113.412842
[setup in-reg] rst_ni -> _61938_/RN : -113.412834
[setup in-reg] rst_ni -> _61939_/RN : -113.412842
[setup in-reg] rst_ni -> _61911_/RN : -113.412689
[setup in-reg] rst_ni -> _61915_/RN : -113.412689
[setup in-reg] rst_ni -> _61917_/RN : -113.412689
[setup in-reg] rst_ni -> _61918_/RN : -113.412689
[setup in-reg] rst_ni -> _61919_/RN : -113.412704
[setup in-reg] rst_ni -> _61920_/RN : -113.412689
[setup in-reg] rst_ni -> _61921_/RN : -113.412697
[setup in-reg] rst_ni -> _61922_/RN : -113.412697
[setup in-reg] rst_ni -> _61923_/RN : -113.412689
[setup in-reg] rst_ni -> _61924_/RN : -113.412689
[setup in-reg] rst_ni -> _61925_/RN : -113.412796
[setup in-reg] rst_ni -> _61926_/RN : -113.412689
[setup in-reg] rst_ni -> _61927_/RN : -113.412689
[setup in-reg] rst_ni -> _61940_/RN : -113.412781
[setup in-reg] rst_ni -> _61945_/RN : -113.412796
[setup in-reg] rst_ni -> _61966_/RN : -113.412788
[setup in-reg] rst_ni -> _62345_/RN : -113.412796
[setup in-reg] rst_ni -> _62347_/RN : -113.412796
[setup in-reg] rst_ni -> _62348_/RN : -113.412796
[setup in-reg] rst_ni -> _62349_/RN : -113.412842
[setup in-reg] rst_ni -> _62350_/RN : -113.412842
[setup in-reg] rst_ni -> _62362_/RN : -113.412842
[setup in-reg] rst_ni -> _62363_/RN : -113.412842
[setup in-reg] rst_ni -> _62364_/RN : -113.412842
[setup in-reg] rst_ni -> _62365_/RN : -113.412842
[setup in-reg] rst_ni -> _62366_/RN : -113.412842
[setup in-reg] rst_ni -> _62367_/RN : -113.412842
[setup in-reg] rst_ni -> _62368_/RN : -113.412842
[setup in-reg] rst_ni -> _62369_/RN : -113.412842
[setup in-reg] rst_ni -> _62370_/RN : -113.412842
[setup in-reg] rst_ni -> _62371_/RN : -113.412842
[setup in-reg] rst_ni -> _62372_/RN : -113.412842
[setup in-reg] rst_ni -> _62373_/RN : -113.412842
[setup in-reg] rst_ni -> _62374_/RN : -113.412842
[setup in-reg] rst_ni -> _62375_/RN : -113.412842
[setup in-reg] rst_ni -> _62376_/RN : -113.412796
[setup in-reg] rst_ni -> _62378_/RN : -113.412796
[setup in-reg] rst_ni -> _62379_/RN : -113.412796
[setup in-reg] rst_ni -> _62380_/RN : -113.412842
[setup in-reg] rst_ni -> _62381_/RN : -113.412842
[setup in-reg] rst_ni -> _62382_/RN : -113.412796
[setup in-reg] rst_ni -> _62393_/RN : -113.412842
[setup in-reg] rst_ni -> _62394_/RN : -113.412842
[setup in-reg] rst_ni -> _62395_/RN : -113.412834
[setup in-reg] rst_ni -> _62396_/RN : -113.412834
[setup in-reg] rst_ni -> _62397_/RN : -113.412834
[setup in-reg] rst_ni -> _62398_/RN : -113.412834
[setup in-reg] rst_ni -> _62399_/RN : -113.412849
[setup in-reg] rst_ni -> _62400_/RN : -113.412849
[setup in-reg] rst_ni -> _62401_/RN : -113.412849
[setup in-reg] rst_ni -> _62402_/RN : -113.412842
[setup in-reg] rst_ni -> _62403_/RN : -113.412842
[setup in-reg] rst_ni -> _62404_/RN : -113.412842
[setup in-reg] rst_ni -> _62405_/RN : -113.412842
[setup in-reg] rst_ni -> _62406_/RN : -113.412842
[setup in-reg] rst_ni -> _61789_/RN : -113.412682
[setup in-reg] rst_ni -> _61928_/RN : -113.412682
[setup in-reg] rst_ni -> _61929_/RN : -113.412682
[setup in-reg] rst_ni -> _61930_/RN : -113.412682
[setup in-reg] rst_ni -> _61931_/RN : -113.412689
[setup in-reg] rst_ni -> _61932_/RN : -113.412689
[setup in-reg] rst_ni -> _61935_/RN : -113.412781
[setup in-reg] rst_ni -> _61937_/RN : -113.412880
[setup in-reg] rst_ni -> _61946_/RN : -113.412781
[setup in-reg] rst_ni -> _61947_/RN : -113.412842
[setup in-reg] rst_ni -> _61948_/RN : -113.412857
[setup in-reg] rst_ni -> _61949_/RN : -113.412834
[setup in-reg] rst_ni -> _61950_/RN : -113.412842
[setup in-reg] rst_ni -> _61951_/RN : -113.412842
[setup in-reg] rst_ni -> _61952_/RN : -113.412842
[setup in-reg] rst_ni -> _61953_/RN : -113.412842
[setup in-reg] rst_ni -> _61954_/RN : -113.412842
[setup in-reg] rst_ni -> _61955_/RN : -113.412849
[setup in-reg] rst_ni -> _61956_/RN : -113.412834
[setup in-reg] rst_ni -> _61967_/RN : -113.412788
[setup in-reg] rst_ni -> _61971_/RN : -113.412865
[setup in-reg] rst_ni -> _61976_/RN : -113.412857
[setup in-reg] rst_ni -> _61977_/RN : -113.412857
[setup in-reg] rst_ni -> _61978_/RN : -113.412857
[setup in-reg] rst_ni -> _61979_/RN : -113.412857
[setup in-reg] rst_ni -> _61980_/RN : -113.412849
[setup in-reg] rst_ni -> _61981_/RN : -113.412857
[setup in-reg] rst_ni -> _61982_/RN : -113.412849
[setup in-reg] rst_ni -> _61983_/RN : -113.412857
[setup in-reg] rst_ni -> _61984_/RN : -113.412849
[setup in-reg] rst_ni -> _61985_/RN : -113.412857
[setup in-reg] rst_ni -> _61986_/RN : -113.412857
[setup in-reg] rst_ni -> _61987_/RN : -113.412857
[setup in-reg] rst_ni -> _61988_/RN : -113.412857
[setup in-reg] rst_ni -> _61990_/RN : -113.412849
[setup in-reg] rst_ni -> _61992_/RN : -113.412857
[setup in-reg] rst_ni -> _61995_/RN : -113.412865
[setup in-reg] rst_ni -> _61996_/RN : -113.412865
[setup in-reg] rst_ni -> _61999_/RN : -113.412865
[setup in-reg] rst_ni -> _62000_/RN : -113.412857
[setup in-reg] rst_ni -> _62001_/RN : -113.412865
[setup in-reg] rst_ni -> _62002_/RN : -113.412865
[setup in-reg] rst_ni -> _62003_/RN : -113.412865
[setup in-reg] rst_ni -> _62004_/RN : -113.412865
[setup in-reg] rst_ni -> _62007_/RN : -113.412857
[setup in-reg] rst_ni -> _62008_/RN : -113.412865
[setup in-reg] rst_ni -> _62009_/RN : -113.412865
[setup in-reg] rst_ni -> _62010_/RN : -113.412865
[setup in-reg] rst_ni -> _62011_/RN : -113.412865
[setup in-reg] rst_ni -> _62012_/RN : -113.412865
[setup in-reg] rst_ni -> _62013_/RN : -113.412865
[setup in-reg] rst_ni -> _61957_/RN : -113.412682
[setup in-reg] rst_ni -> _61958_/RN : -113.412682
[setup in-reg] rst_ni -> _61959_/RN : -113.412682
[setup in-reg] rst_ni -> _61960_/RN : -113.412735
[setup in-reg] rst_ni -> _61970_/RN : -113.412788
[setup in-reg] rst_ni -> _61972_/RN : -113.412865
[setup in-reg] rst_ni -> _61973_/RN : -113.412872
[setup in-reg] rst_ni -> _61997_/RN : -113.412865
[setup in-reg] rst_ni -> _61998_/RN : -113.412865
[setup in-reg] rst_ni -> _61961_/RN : -113.412674
[setup in-reg] rst_ni -> _61962_/RN : -113.412682
[setup in-reg] rst_ni -> _61968_/RN : -113.412788
[setup in-reg] rst_ni -> _61974_/RN : -113.412750
[setup in-reg] rst_ni -> _61975_/RN : -113.412857
[setup in-reg] rst_ni -> _61989_/RN : -113.412735
[setup in-reg] rst_ni -> _61991_/RN : -113.412735
[setup in-reg] rst_ni -> _61993_/RN : -113.412735
[setup in-reg] rst_ni -> _61994_/RN : -113.412735
[setup in-reg] rst_ni -> _62005_/RN : -113.412773
[setup in-reg] rst_ni -> _62006_/RN : -113.412865
[setup in-reg] rst_ni -> _62020_/RN : -113.412720
[setup in-reg] rst_ni -> _62043_/RN : -113.412682
[setup in-reg] rst_ni -> _62044_/RN : -113.412689
[setup in-reg] rst_ni -> _62271_/RN : -113.412788
[setup in-reg] rst_ni -> _62100_/RN : -113.412659
[setup in-reg] rst_ni -> _62122_/RN : -113.412659
[setup in-reg] rst_ni -> _62258_/RN : -113.412743
[setup in-reg] rst_ni -> _62259_/RN : -113.412743
[setup in-reg] rst_ni -> _62261_/RN : -113.412788
[setup in-reg] rst_ni -> _62262_/RN : -113.412842
[setup in-reg] rst_ni -> _62263_/RN : -113.412849
[setup in-reg] rst_ni -> _62269_/RN : -113.412727
[setup in-reg] rst_ni -> _62270_/RN : -113.412788
[setup in-reg] rst_ni -> _62272_/RN : -113.412720
[setup in-reg] rst_ni -> _62273_/RN : -113.412735
[setup in-reg] rst_ni -> _62274_/RN : -113.412796
[setup in-reg] rst_ni -> _62276_/RN : -113.412834
[setup in-reg] rst_ni -> _62277_/RN : -113.412834
[setup in-reg] rst_ni -> _62275_/RN : -113.412720
[setup in-reg] rst_ni -> _62278_/RN : -113.412712
[setup in-reg] rst_ni -> _62279_/RN : -113.412796
[setup in-reg] rst_ni -> _62346_/RN : -113.412682
[setup in-reg] rst_ni -> _62351_/RN : -113.412682
[setup in-reg] rst_ni -> _62352_/RN : -113.412682
[setup in-reg] rst_ni -> _62353_/RN : -113.412682
[setup in-reg] rst_ni -> _62354_/RN : -113.412674
[setup in-reg] rst_ni -> _62355_/RN : -113.412682
[setup in-reg] rst_ni -> _62356_/RN : -113.412682
[setup in-reg] rst_ni -> _62357_/RN : -113.412689
[setup in-reg] rst_ni -> _62358_/RN : -113.412682
[setup in-reg] rst_ni -> _62359_/RN : -113.412682
[setup in-reg] rst_ni -> _62360_/RN : -113.412689
[setup in-reg] rst_ni -> _62361_/RN : -113.412682
[setup in-reg] rst_ni -> _62377_/RN : -113.412682
[setup in-reg] rst_ni -> _62383_/RN : -113.412682
[setup in-reg] rst_ni -> _62384_/RN : -113.412682
[setup in-reg] rst_ni -> _62385_/RN : -113.412682
[setup in-reg] rst_ni -> _62386_/RN : -113.412682
[setup in-reg] rst_ni -> _62387_/RN : -113.412674
[setup in-reg] rst_ni -> _62388_/RN : -113.412689
[setup in-reg] rst_ni -> _62389_/RN : -113.412682
[setup in-reg] rst_ni -> _62390_/RN : -113.412689
[setup in-reg] rst_ni -> _62391_/RN : -113.412682
[setup in-reg] rst_ni -> _62392_/RN : -113.412682
[setup in-reg] rst_ni -> _60881_/D : -100.439430
[setup in-reg] rst_ni -> _60880_/D : -100.435265
[setup in-reg] rst_ni -> _60883_/D : -100.419121
[setup in-reg] rst_ni -> _60884_/D : -100.415260
[setup in-reg] rst_ni -> _60886_/D : -100.409309
[setup in-reg] rst_ni -> _60882_/D : -100.404846
[setup in-reg] rst_ni -> _60885_/D : -100.403969
[setup in-reg] rst_ni -> _60887_/D : -100.400925
[setup in-reg] rst_ni -> _60864_/D : -100.244072
[setup in-reg] rst_ni -> _60865_/D : -100.244141
[setup in-reg] rst_ni -> _60869_/D : -100.219009
[setup in-reg] rst_ni -> _60870_/D : -100.203102
[setup in-reg] rst_ni -> _60868_/D : -100.202950
[setup in-reg] rst_ni -> _60871_/D : -100.200661
[setup in-reg] rst_ni -> _60867_/D : -100.199356
[setup in-reg] rst_ni -> _60866_/D : -100.198135
[setup in-reg] rst_ni -> _60933_/D : -98.684525
[setup in-reg] rst_ni -> _60934_/D : -98.626785
[setup in-reg] rst_ni -> _60936_/D : -98.619408
[setup in-reg] rst_ni -> _60939_/D : -98.616020
[setup in-reg] rst_ni -> _60935_/D : -98.603592
[setup in-reg] rst_ni -> _60937_/D : -98.603012
[setup in-reg] rst_ni -> _60938_/D : -98.593742
[setup in-reg] rst_ni -> _60932_/D : -98.580353
[setup in-reg] rst_ni -> _60928_/D : -98.014282
[setup in-reg] rst_ni -> _60927_/D : -98.005196
[setup in-reg] rst_ni -> _60916_/D : -97.744377
[setup in-reg] rst_ni -> _60915_/D : -97.721283
[setup in-reg] rst_ni -> _60910_/D : -97.716667
[setup in-reg] rst_ni -> _60907_/D : -97.714256
[setup in-reg] rst_ni -> _60912_/D : -97.713829
[setup in-reg] rst_ni -> _60909_/D : -97.709709
[setup in-reg] rst_ni -> _60913_/D : -97.705757
[setup in-reg] rst_ni -> _60908_/D : -97.704590
[setup in-reg] rst_ni -> _60911_/D : -97.702187
[setup in-reg] rst_ni -> _60914_/D : -97.699112
[setup in-reg] rst_ni -> _60952_/D : -97.606087
[setup in-reg] rst_ni -> _60951_/D : -97.600800
[setup in-reg] rst_ni -> _60950_/D : -97.515938
[setup in-reg] rst_ni -> _60954_/D : -97.461464
[setup in-reg] rst_ni -> _60955_/D : -97.441093
[setup in-reg] rst_ni -> _60953_/D : -97.434624
[setup in-reg] rst_ni -> _60919_/D : -97.116737
[setup in-reg] rst_ni -> _60926_/D : -97.111870
[setup in-reg] rst_ni -> _60921_/D : -97.095131
[setup in-reg] rst_ni -> _60924_/D : -97.070686
[setup in-reg] rst_ni -> _60925_/D : -97.054672
[setup in-reg] rst_ni -> _60918_/D : -97.047539
[setup in-reg] rst_ni -> _60922_/D : -97.045219
[setup in-reg] rst_ni -> _60923_/D : -97.043900
[setup in-reg] rst_ni -> _60917_/D : -97.043427
[setup in-reg] rst_ni -> _60920_/D : -97.040848
[setup in-reg] rst_ni -> _60945_/D : -96.537727
[setup in-reg] rst_ni -> _60944_/D : -96.508919
[setup in-reg] rst_ni -> _60943_/D : -96.495872
[setup in-reg] rst_ni -> _60947_/D : -96.488976
[setup in-reg] rst_ni -> _60946_/D : -96.485023
[setup in-reg] rst_ni -> _60949_/D : -96.421951
[setup in-reg] rst_ni -> _60948_/D : -96.398758
[setup in-reg] rst_ni -> _60942_/D : -96.385635
[setup in-reg] rst_ni -> _60941_/D : -96.381889
[setup in-reg] rst_ni -> _60940_/D : -96.365807
[setup in-reg] rst_ni -> _60873_/D : -96.153320
[setup in-reg] rst_ni -> _60872_/D : -96.149292
[setup in-reg] rst_ni -> _60878_/D : -96.117821
[setup in-reg] rst_ni -> _60879_/D : -96.114128
[setup in-reg] rst_ni -> _60877_/D : -96.110855
[setup in-reg] rst_ni -> _60874_/D : -96.109634
[setup in-reg] rst_ni -> _60876_/D : -96.108253
[setup in-reg] rst_ni -> _60875_/D : -96.102577
[setup in-reg] rst_ni -> _60929_/D : -95.884674
[setup in-reg] rst_ni -> _60963_/D : -95.712135
[setup in-reg] rst_ni -> _60956_/D : -95.702957
[setup in-reg] rst_ni -> _60958_/D : -95.702431
[setup in-reg] rst_ni -> _60957_/D : -95.699341
[setup in-reg] rst_ni -> _60959_/D : -95.698105
[setup in-reg] rst_ni -> _60962_/D : -95.692299
[setup in-reg] rst_ni -> _60960_/D : -95.691307
[setup in-reg] rst_ni -> _60961_/D : -95.689445
[setup in-reg] rst_ni -> _60931_/D : -93.951866
[setup in-reg] rst_ni -> _62541_/D : -93.915543
[setup in-reg] rst_ni -> _62539_/D : -93.882309
[setup in-reg] rst_ni -> _62540_/D : -93.867043
[setup in-reg] rst_ni -> _62536_/D : -93.368736
[setup in-reg] rst_ni -> _62538_/D : -93.204689
[setup in-reg] rst_ni -> _62537_/D : -93.201614
[setup in-reg] rst_ni -> _62535_/D : -93.195496
[setup in-reg] rst_ni -> _62534_/D : -92.260040
[setup reg-reg] _61138_/Q -> _61671_/D : -87.333069
[setup reg-reg] _61138_/Q -> _61670_/D : -87.111671
[setup reg-reg] _61138_/Q -> _61672_/D : -87.107742
[setup reg-reg] _61138_/Q -> _61784_/D : -86.963722
[setup reg-reg] _61138_/Q -> _61786_/D : -86.960907
[setup reg-reg] _61138_/Q -> _61673_/D : -86.876495
[setup reg-reg] _61138_/Q -> _61787_/D : -86.752602
[setup reg-reg] _61138_/Q -> _61785_/D : -86.724876
[setup reg-reg] _61138_/Q -> _61674_/D : -86.435165
[setup reg-reg] _61138_/Q -> _61675_/D : -86.269142
[setup reg-reg] _61138_/Q -> _62296_/D : -85.961121
[setup reg-reg] _61138_/Q -> _62259_/D : -85.924683
[setup reg-reg] _61138_/Q -> _62258_/D : -85.924431
[setup reg-reg] _61138_/Q -> _62262_/D : -85.911278
[setup reg-reg] _61138_/Q -> _62261_/D : -85.909355
[setup reg-reg] _61138_/Q -> _62257_/D : -85.906754
[setup reg-reg] _61138_/Q -> _62260_/D : -85.904274
[setup reg-reg] _61138_/Q -> _62256_/D : -85.899231
[setup reg-reg] _61138_/Q -> _62282_/D : -85.896416
[setup reg-reg] _61138_/Q -> _62264_/D : -85.894348
[setup reg-reg] _61138_/Q -> _62263_/D : -85.889687
[setup reg-reg] _61138_/Q -> _62283_/D : -85.889191
[setup reg-reg] _61138_/Q -> _62267_/D : -85.887886
[setup reg-reg] _61138_/Q -> _62249_/D : -85.881416
[setup reg-reg] _61138_/Q -> _62265_/D : -85.881416
[setup reg-reg] _61138_/Q -> _62285_/D : -85.880402
[setup reg-reg] _61138_/Q -> _62280_/D : -85.879410
[setup reg-reg] _61138_/Q -> _62266_/D : -85.878662
[setup reg-reg] _61138_/Q -> _62290_/D : -85.877289
[setup reg-reg] _61138_/Q -> _62288_/D : -85.875389
[setup reg-reg] _61138_/Q -> _62268_/D : -85.871887
[setup reg-reg] _61138_/Q -> _62286_/D : -85.871429
[setup reg-reg] _61138_/Q -> _62284_/D : -85.871284
[setup reg-reg] _61138_/Q -> _62281_/D : -85.866005
[setup reg-reg] _61138_/Q -> _62292_/D : -85.862099
[setup reg-reg] _61138_/Q -> _62293_/D : -85.860168
[setup reg-reg] _61138_/Q -> _62298_/D : -85.858589
[setup reg-reg] _61138_/Q -> _62291_/D : -85.856194
[setup reg-reg] _61138_/Q -> _62287_/D : -85.855873
[setup reg-reg] _61138_/Q -> _62289_/D : -85.854797
[setup reg-reg] _61138_/Q -> _62297_/D : -85.854027
[setup reg-reg] _61138_/Q -> _62294_/D : -85.851837
[setup reg-reg] _61138_/Q -> _62295_/D : -85.850380
[setup reg-reg] _61138_/Q -> _62250_/D : -85.714828
[setup reg-reg] _61138_/Q -> _62104_/D : -85.607948
[setup reg-reg] _61138_/Q -> _60846_/D : -85.583763
[setup reg-reg] _61138_/Q -> _60844_/D : -85.582123
[setup reg-reg] _61138_/Q -> _60845_/D : -85.582031
[setup reg-reg] _61138_/Q -> _60847_/D : -85.581947
[setup reg-reg] _61138_/Q -> _60842_/D : -85.581642
[setup reg-reg] _61138_/Q -> _60848_/D : -85.580276
[setup reg-reg] _61138_/Q -> _60843_/D : -85.576843
[setup reg-reg] _61138_/Q -> _61668_/D : -85.559334
[setup reg-reg] _61138_/Q -> _60851_/D : -85.526299
[setup reg-reg] _61138_/Q -> _60849_/D : -85.523613
[setup reg-reg] _61138_/Q -> _60850_/D : -85.523376
[setup reg-reg] _61138_/Q -> _60852_/D : -85.517494
[setup reg-reg] _61138_/Q -> _60854_/D : -85.515297
[setup reg-reg] _61138_/Q -> _60853_/D : -85.513344
[setup reg-reg] _61138_/Q -> _60857_/D : -85.512665
[setup reg-reg] _61138_/Q -> _60856_/D : -85.509674
[setup reg-reg] _61138_/Q -> _60858_/D : -85.499519
[setup reg-reg] _61138_/Q -> _60855_/D : -85.499306
[setup reg-reg] _61138_/Q -> _62299_/D : -85.497940
[setup reg-reg] _61138_/Q -> _62301_/D : -85.472122
[setup reg-reg] _61138_/Q -> _62300_/D : -85.459099
[setup reg-reg] _61138_/Q -> _62302_/D : -85.432236
[setup reg-reg] _61138_/Q -> _62305_/D : -85.423180
[setup reg-reg] _61138_/Q -> _62303_/D : -85.379707
[setup reg-reg] _61138_/Q -> _62306_/D : -85.359810
[setup reg-reg] _61138_/Q -> _60862_/D : -85.354805
[setup reg-reg] _61138_/Q -> _60861_/D : -85.337029
[setup reg-reg] _61138_/Q -> _62304_/D : -85.325241
[setup reg-reg] _61138_/Q -> _62253_/D : -85.317337
[setup reg-reg] _61138_/Q -> _60863_/D : -85.312271
[setup reg-reg] _61138_/Q -> _60860_/D : -85.292938
[setup reg-reg] _61138_/Q -> _60859_/D : -85.286484
[setup reg-reg] _61138_/Q -> _62106_/D : -85.271286
[setup reg-reg] _61138_/Q -> _62105_/D : -85.258995
[setup reg-reg] _61138_/Q -> _62255_/D : -85.229599
[setup reg-reg] _61138_/Q -> _62251_/D : -85.222740
[setup reg-reg] _61138_/Q -> _62252_/D : -85.211494
[setup reg-reg] _61138_/Q -> _62254_/D : -85.184898
[setup reg-reg] _61138_/Q -> _61703_/D : -85.158997
[setup in-reg] rst_ni -> _60003_/D : -85.062073
[setup in-reg] rst_ni -> _59998_/D : -85.057053
[setup in-reg] rst_ni -> _60005_/D : -85.055893
[setup in-reg] rst_ni -> _59999_/D : -85.055504
[setup in-reg] rst_ni -> _60000_/D : -85.055504
[setup in-reg] rst_ni -> _60004_/D : -85.053215
[setup in-reg] rst_ni -> _60002_/D : -85.051659
[setup in-reg] rst_ni -> _60099_/D : -85.050034
[setup in-reg] rst_ni -> _60094_/D : -85.046326
[setup in-reg] rst_ni -> _60001_/D : -85.044746
[setup in-reg] rst_ni -> _60095_/D : -85.044479
[setup in-reg] rst_ni -> _60101_/D : -85.043556
[setup in-reg] rst_ni -> _60096_/D : -85.043015
[setup in-reg] rst_ni -> _60100_/D : -85.041733
[setup in-reg] rst_ni -> _60098_/D : -85.039963
[setup in-reg] rst_ni -> _59685_/D : -85.033539
[setup in-reg] rst_ni -> _60097_/D : -85.033508
[setup in-reg] rst_ni -> _59680_/D : -85.032936
[setup in-reg] rst_ni -> _59682_/D : -85.031593
[setup in-reg] rst_ni -> _59684_/D : -85.031265
[setup in-reg] rst_ni -> _59683_/D : -85.029373
[setup in-reg] rst_ni -> _59681_/D : -85.028481
[setup in-reg] rst_ni -> _59678_/D : -85.026314
[setup in-reg] rst_ni -> _59679_/D : -85.026329
[setup in-reg] rst_ni -> _59648_/D : -85.018570
[setup in-reg] rst_ni -> _59653_/D : -85.018303
[setup in-reg] rst_ni -> _59650_/D : -85.016594
[setup in-reg] rst_ni -> _59652_/D : -85.016243
[setup in-reg] rst_ni -> _59651_/D : -85.014549
[setup in-reg] rst_ni -> _59647_/D : -85.013458
[setup in-reg] rst_ni -> _60195_/D : -85.013397
[setup in-reg] rst_ni -> _59649_/D : -85.013283
[setup in-reg] rst_ni -> _60190_/D : -85.010773
[setup in-reg] rst_ni -> _60191_/D : -85.010262
[setup in-reg] rst_ni -> _59646_/D : -85.009804
[setup in-reg] rst_ni -> _60197_/D : -85.007561
[setup in-reg] rst_ni -> _60192_/D : -85.006638
[setup in-reg] rst_ni -> _60196_/D : -85.004616
[setup in-reg] rst_ni -> _60194_/D : -85.003609
[setup in-reg] rst_ni -> _60193_/D : -84.997055
[setup in-reg] rst_ni -> _60163_/D : -84.983856
[setup in-reg] rst_ni -> _60158_/D : -84.980690
[setup in-reg] rst_ni -> _60159_/D : -84.977829
[setup in-reg] rst_ni -> _60165_/D : -84.977875
[setup in-reg] rst_ni -> _60160_/D : -84.977005
[setup in-reg] rst_ni -> _60164_/D : -84.974976
[setup in-reg] rst_ni -> _60162_/D : -84.973694
[setup in-reg] rst_ni -> _60161_/D : -84.966904
[setup in-reg] rst_ni -> _60067_/D : -84.962852
[setup in-reg] rst_ni -> _60062_/D : -84.959511
[setup in-reg] rst_ni -> _60063_/D : -84.959160
[setup in-reg] rst_ni -> _60069_/D : -84.956642
[setup in-reg] rst_ni -> _60064_/D : -84.956383
[setup in-reg] rst_ni -> _60068_/D : -84.954407
[setup in-reg] rst_ni -> _59808_/D : -84.953430
[setup in-reg] rst_ni -> _59813_/D : -84.953346
[setup in-reg] rst_ni -> _60066_/D : -84.953362
[setup in-reg] rst_ni -> _59810_/D : -84.951523
[setup in-reg] rst_ni -> _59812_/D : -84.950684
[setup in-reg] rst_ni -> _59811_/D : -84.949806
[setup in-reg] rst_ni -> _59809_/D : -84.947929
[setup in-reg] rst_ni -> _59807_/D : -84.947388
[setup in-reg] rst_ni -> _59776_/D : -84.946976
[setup in-reg] rst_ni -> _59806_/D : -84.946953
[setup in-reg] rst_ni -> _60065_/D : -84.946579
[setup in-reg] rst_ni -> _59781_/D : -84.946381
[setup in-reg] rst_ni -> _59778_/D : -84.944687
[setup in-reg] rst_ni -> _59780_/D : -84.944176
[setup in-reg] rst_ni -> _59779_/D : -84.942940
[setup in-reg] rst_ni -> _59774_/D : -84.941719
[setup in-reg] rst_ni -> _59777_/D : -84.941406
[setup in-reg] rst_ni -> _59775_/D : -84.941154
[setup reg-reg] _61138_/Q -> _61682_/D : -84.940712
[setup in-reg] rst_ni -> _59712_/D : -84.919014
[setup in-reg] rst_ni -> _59717_/D : -84.918556
[setup in-reg] rst_ni -> _59714_/D : -84.916710
[setup in-reg] rst_ni -> _59716_/D : -84.916168
[setup in-reg] rst_ni -> _59715_/D : -84.914879
[setup in-reg] rst_ni -> _60259_/D : -84.914536
[setup in-reg] rst_ni -> _59710_/D : -84.912971
[setup in-reg] rst_ni -> _59711_/D : -84.912872
[setup in-reg] rst_ni -> _59713_/D : -84.912941
[setup in-reg] rst_ni -> _60254_/D : -84.910172
[setup in-reg] rst_ni -> _60255_/D : -84.909576
[setup in-reg] rst_ni -> _60261_/D : -84.907532
[setup in-reg] rst_ni -> _60256_/D : -84.906830
[setup in-reg] rst_ni -> _60260_/D : -84.904587
[setup in-reg] rst_ni -> _60258_/D : -84.903183
[setup in-reg] rst_ni -> _60257_/D : -84.896217
[setup in-reg] rst_ni -> _59904_/D : -84.891739
[setup in-reg] rst_ni -> _59909_/D : -84.891701
[setup in-reg] rst_ni -> _59906_/D : -84.889351
[setup in-reg] rst_ni -> _59908_/D : -84.888870
[setup in-reg] rst_ni -> _60030_/D : -84.888512
[setup in-reg] rst_ni -> _59907_/D : -84.887878
[setup in-reg] rst_ni -> _59905_/D : -84.886414
[setup in-reg] rst_ni -> _59903_/D : -84.885902
[setup in-reg] rst_ni -> _59902_/D : -84.885689
[setup in-reg] rst_ni -> _60031_/D : -84.885033
[setup in-reg] rst_ni -> _60035_/D : -84.877769
[setup in-reg] rst_ni -> _59872_/D : -84.876602
[setup in-reg] rst_ni -> _59877_/D : -84.875954
[setup in-reg] rst_ni -> _59874_/D : -84.874176
[setup in-reg] rst_ni -> _59876_/D : -84.873581
[setup in-reg] rst_ni -> _59870_/D : -84.873169
[setup in-reg] rst_ni -> _59875_/D : -84.872528
[setup in-reg] rst_ni -> _60037_/D : -84.872101
[setup in-reg] rst_ni -> _60032_/D : -84.871361
[setup in-reg] rst_ni -> _59871_/D : -84.871147
[setup in-reg] rst_ni -> _59873_/D : -84.871033
[setup in-reg] rst_ni -> _60036_/D : -84.869186
[setup in-reg] rst_ni -> _60034_/D : -84.868095
[setup in-reg] rst_ni -> _59936_/D : -84.867912
[setup in-reg] rst_ni -> _59941_/D : -84.867737
[setup in-reg] rst_ni -> _59938_/D : -84.866058
[setup in-reg] rst_ni -> _59940_/D : -84.865623
[setup in-reg] rst_ni -> _59934_/D : -84.864998
[setup in-reg] rst_ni -> _59939_/D : -84.863815
[setup in-reg] rst_ni -> _59935_/D : -84.862511
[setup in-reg] rst_ni -> _59937_/D : -84.862427
[setup in-reg] rst_ni -> _60033_/D : -84.861313
[setup in-reg] rst_ni -> _59840_/D : -84.858292
[setup in-reg] rst_ni -> _59845_/D : -84.857788
[setup in-reg] rst_ni -> _59842_/D : -84.855843
[setup in-reg] rst_ni -> _59844_/D : -84.855103
[setup in-reg] rst_ni -> _59843_/D : -84.854378
[setup in-reg] rst_ni -> _59838_/D : -84.854012
[setup in-reg] rst_ni -> _59841_/D : -84.852448
[setup in-reg] rst_ni -> _59839_/D : -84.851982
[setup reg-reg] _61138_/Q -> _61680_/D : -84.842857
[setup in-reg] rst_ni -> _60126_/D : -84.760376
[setup in-reg] rst_ni -> _60127_/D : -84.756042
[setup in-reg] rst_ni -> _60131_/D : -84.750458
[setup in-reg] rst_ni -> _59966_/D : -84.749023
[setup in-reg] rst_ni -> _59967_/D : -84.744675
[setup in-reg] rst_ni -> _60133_/D : -84.744659
[setup in-reg] rst_ni -> _60128_/D : -84.743919
[setup in-reg] rst_ni -> _60132_/D : -84.741035
[setup in-reg] rst_ni -> _60130_/D : -84.740036
[setup in-reg] rst_ni -> _59971_/D : -84.738792
[setup in-reg] rst_ni -> _60129_/D : -84.733429
[setup in-reg] rst_ni -> _59973_/D : -84.733093
[setup in-reg] rst_ni -> _59968_/D : -84.732224
[setup in-reg] rst_ni -> _59972_/D : -84.730827
[setup in-reg] rst_ni -> _59970_/D : -84.728928
[setup in-reg] rst_ni -> _59969_/D : -84.722557
[setup reg-reg] _61138_/Q -> _60512_/D : -84.687706
[setup reg-reg] _61138_/Q -> _60511_/D : -84.631538
[setup in-reg] rst_ni -> _60080_/D : -84.568077
[setup in-reg] rst_ni -> _60083_/D : -84.562477
[setup in-reg] rst_ni -> _60085_/D : -84.562431
[setup in-reg] rst_ni -> _60082_/D : -84.559105
[setup in-reg] rst_ni -> _60081_/D : -84.558907
[setup in-reg] rst_ni -> _60084_/D : -84.556595
[setup reg-reg] _61138_/Q -> _61669_/D : -84.544312
[setup in-reg] rst_ni -> _60208_/D : -84.540009
[setup reg-reg] _61138_/Q -> _62312_/D : -84.539764
[setup reg-reg] _61138_/Q -> _62313_/D : -84.536461
[setup in-reg] rst_ni -> _60176_/D : -84.536285
[setup reg-reg] _61138_/Q -> _62311_/D : -84.534821
[setup in-reg] rst_ni -> _60213_/D : -84.534653
[setup in-reg] rst_ni -> _60211_/D : -84.533669
[setup in-reg] rst_ni -> _60210_/D : -84.531296
[setup in-reg] rst_ni -> _60209_/D : -84.530838
[setup in-reg] rst_ni -> _60181_/D : -84.530670
[setup in-reg] rst_ni -> _60179_/D : -84.530457
[setup in-reg] rst_ni -> _60212_/D : -84.528595
[setup in-reg] rst_ni -> _60178_/D : -84.527557
[setup in-reg] rst_ni -> _60177_/D : -84.527390
[setup in-reg] rst_ni -> _60304_/D : -84.526749
[setup in-reg] rst_ni -> _60180_/D : -84.524330
[setup reg-reg] _61138_/Q -> _62310_/D : -84.523857
[setup reg-reg] _61138_/Q -> _62309_/D : -84.522041
[setup in-reg] rst_ni -> _60309_/D : -84.521889
[setup in-reg] rst_ni -> _60307_/D : -84.520668
[setup in-reg] rst_ni -> _60306_/D : -84.518112
[setup in-reg] rst_ni -> _60305_/D : -84.516945
[setup in-reg] rst_ni -> _60308_/D : -84.514297
[setup in-reg] rst_ni -> _60078_/D : -84.511475
[setup in-reg] rst_ni -> _60079_/D : -84.510765
[setup in-reg] rst_ni -> _60112_/D : -84.504379
[setup in-reg] rst_ni -> _60117_/D : -84.498611
[setup in-reg] rst_ni -> _60115_/D : -84.498268
[setup in-reg] rst_ni -> _60114_/D : -84.495354
[setup in-reg] rst_ni -> _60113_/D : -84.494873
[setup in-reg] rst_ni -> _60116_/D : -84.492699
[setup in-reg] rst_ni -> _60206_/D : -84.483673
[setup in-reg] rst_ni -> _60207_/D : -84.482468
[setup in-reg] rst_ni -> _60174_/D : -84.479736
[setup in-reg] rst_ni -> _60175_/D : -84.479324
[setup in-reg] rst_ni -> _60088_/D : -84.475990
[setup in-reg] rst_ni -> _60086_/D : -84.475487
[setup in-reg] rst_ni -> _60087_/D : -84.474396
[setup in-reg] rst_ni -> _60184_/D : -84.474197
[setup in-reg] rst_ni -> _59992_/D : -84.473473
[setup in-reg] rst_ni -> _60182_/D : -84.473061
[setup in-reg] rst_ni -> _59991_/D : -84.472862
[setup in-reg] rst_ni -> _60240_/D : -84.472168
[setup in-reg] rst_ni -> _60183_/D : -84.472038
[setup in-reg] rst_ni -> _59990_/D : -84.471809
[setup in-reg] rst_ni -> _60089_/D : -84.470985
[setup in-reg] rst_ni -> _60302_/D : -84.470230
[setup in-reg] rst_ni -> _60303_/D : -84.469383
[setup in-reg] rst_ni -> _60185_/D : -84.469170
[setup reg-reg] _61138_/Q -> _62308_/D : -84.468880
[setup in-reg] rst_ni -> _59993_/D : -84.468529
[setup in-reg] rst_ni -> _60245_/D : -84.466881
[setup in-reg] rst_ni -> _60243_/D : -84.466293
[setup in-reg] rst_ni -> _60091_/D : -84.465858
[setup in-reg] rst_ni -> _60092_/D : -84.465767
[setup in-reg] rst_ni -> _60090_/D : -84.465057
[setup in-reg] rst_ni -> _60012_/D : -84.464622
[setup in-reg] rst_ni -> _60188_/D : -84.464508
[setup in-reg] rst_ni -> _60013_/D : -84.464394
[setup in-reg] rst_ni -> _60187_/D : -84.464417
[setup in-reg] rst_ni -> _60008_/D : -84.464279
[setup in-reg] rst_ni -> _60009_/D : -84.463852
[setup in-reg] rst_ni -> _59995_/D : -84.463669
[setup in-reg] rst_ni -> _60011_/D : -84.463737
[setup in-reg] rst_ni -> _60186_/D : -84.463493
[setup in-reg] rst_ni -> _60242_/D : -84.463379
[setup in-reg] rst_ni -> _59994_/D : -84.462997
[setup in-reg] rst_ni -> _59996_/D : -84.463058
[setup in-reg] rst_ni -> _60241_/D : -84.462929
[setup in-reg] rst_ni -> _60010_/D : -84.461517
[setup in-reg] rst_ni -> _60093_/D : -84.461494
[setup in-reg] rst_ni -> _60272_/D : -84.460312
[setup in-reg] rst_ni -> _60244_/D : -84.459984
[setup in-reg] rst_ni -> _60189_/D : -84.459534
[setup in-reg] rst_ni -> _59997_/D : -84.459236
[setup in-reg] rst_ni -> _60006_/D : -84.457161
[setup in-reg] rst_ni -> _60007_/D : -84.455780
[setup in-reg] rst_ni -> _60277_/D : -84.455521
[setup reg-reg] _61138_/Q -> _62307_/D : -84.454735
[setup in-reg] rst_ni -> _60275_/D : -84.454231
[setup in-reg] rst_ni -> _60274_/D : -84.451630
[setup in-reg] rst_ni -> _60273_/D : -84.450935
[setup in-reg] rst_ni -> _60276_/D : -84.448677
[setup in-reg] rst_ni -> _60110_/D : -84.447365
[setup in-reg] rst_ni -> _60111_/D : -84.446518
[setup in-reg] rst_ni -> _60056_/D : -84.438545
[setup in-reg] rst_ni -> _60055_/D : -84.437180
[setup in-reg] rst_ni -> _60054_/D : -84.436836
[setup in-reg] rst_ni -> _60057_/D : -84.433754
[setup in-reg] rst_ni -> _59958_/D : -84.429962
[setup in-reg] rst_ni -> _59960_/D : -84.429970
[setup in-reg] rst_ni -> _60059_/D : -84.428566
[setup in-reg] rst_ni -> _60060_/D : -84.428123
[setup in-reg] rst_ni -> _60058_/D : -84.427925
[setup in-reg] rst_ni -> _59959_/D : -84.426659
[setup in-reg] rst_ni -> _60014_/D : -84.425766
[setup in-reg] rst_ni -> _59961_/D : -84.425041
[setup in-reg] rst_ni -> _60061_/D : -84.424049
[setup in-reg] rst_ni -> _60015_/D : -84.422752
[setup in-reg] rst_ni -> _60019_/D : -84.422340
[setup in-reg] rst_ni -> _60017_/D : -84.421745
[setup in-reg] rst_ni -> _60168_/D : -84.420876
[setup in-reg] rst_ni -> _60020_/D : -84.420692
[setup in-reg] rst_ni -> _59963_/D : -84.420029
[setup in-reg] rst_ni -> _60172_/D : -84.420036
[setup in-reg] rst_ni -> _60016_/D : -84.419930
[setup in-reg] rst_ni -> _59964_/D : -84.419701
[setup in-reg] rst_ni -> _59962_/D : -84.419426
[setup in-reg] rst_ni -> _60169_/D : -84.419312
[setup in-reg] rst_ni -> _60021_/D : -84.418930
[setup in-reg] rst_ni -> _60173_/D : -84.418121
[setup in-reg] rst_ni -> _60018_/D : -84.417038
[setup in-reg] rst_ni -> _60171_/D : -84.417000
[setup in-reg] rst_ni -> _59965_/D : -84.415604
[setup in-reg] rst_ni -> _60238_/D : -84.415367
[setup in-reg] rst_ni -> _60239_/D : -84.415024
[setup in-reg] rst_ni -> _60170_/D : -84.413956
[setup in-reg] rst_ni -> _60166_/D : -84.412903
[setup in-reg] rst_ni -> _60167_/D : -84.411957
[setup in-reg] rst_ni -> _60270_/D : -84.403709
[setup in-reg] rst_ni -> _60271_/D : -84.403282
[setup in-reg] rst_ni -> _59976_/D : -84.402107
[setup in-reg] rst_ni -> _59980_/D : -84.401718
[setup in-reg] rst_ni -> _59977_/D : -84.401367
[setup in-reg] rst_ni -> _59981_/D : -84.401085
[setup in-reg] rst_ni -> _59979_/D : -84.399872
[setup in-reg] rst_ni -> _59944_/D : -84.398796
[setup in-reg] rst_ni -> _59978_/D : -84.396820
[setup in-reg] rst_ni -> _59974_/D : -84.396690
[setup in-reg] rst_ni -> _59975_/D : -84.396339
[setup in-reg] rst_ni -> _60227_/D : -84.392204
[setup in-reg] rst_ni -> _60223_/D : -84.390709
[setup in-reg] rst_ni -> _60222_/D : -84.389771
[setup in-reg] rst_ni -> _59946_/D : -84.388435
[setup in-reg] rst_ni -> _60229_/D : -84.386063
[setup in-reg] rst_ni -> _60224_/D : -84.385490
[setup in-reg] rst_ni -> _60228_/D : -84.383133
[setup in-reg] rst_ni -> _59949_/D : -84.382294
[setup in-reg] rst_ni -> _60226_/D : -84.382210
[setup in-reg] rst_ni -> _59947_/D : -84.381119
[setup in-reg] rst_ni -> _59945_/D : -84.380714
[setup in-reg] rst_ni -> _60152_/D : -84.376198
[setup in-reg] rst_ni -> _60225_/D : -84.375801
[setup in-reg] rst_ni -> _59948_/D : -84.375122
[setup in-reg] rst_ni -> _60151_/D : -84.374611
[setup in-reg] rst_ni -> _60150_/D : -84.372917
[setup in-reg] rst_ni -> _60153_/D : -84.371208
[setup in-reg] rst_ni -> _59929_/D : -84.369377
[setup in-reg] rst_ni -> _60200_/D : -84.367760
[setup in-reg] rst_ni -> _60204_/D : -84.367485
[setup in-reg] rst_ni -> _60201_/D : -84.366577
[setup in-reg] rst_ni -> _60155_/D : -84.366035
[setup in-reg] rst_ni -> _60156_/D : -84.365913
[setup in-reg] rst_ni -> _60154_/D : -84.365639
[setup in-reg] rst_ni -> _60205_/D : -84.364944
[setup in-reg] rst_ni -> _60203_/D : -84.363449
[setup in-reg] rst_ni -> _59928_/D : -84.363281
[setup in-reg] rst_ni -> _60157_/D : -84.361580
[setup in-reg] rst_ni -> _59933_/D : -84.360909
[setup in-reg] rst_ni -> _60199_/D : -84.360924
[setup in-reg] rst_ni -> _60202_/D : -84.360565
[setup in-reg] rst_ni -> _60198_/D : -84.360214
[setup in-reg] rst_ni -> _59927_/D : -84.360039
[setup in-reg] rst_ni -> _59926_/D : -84.358788
[setup in-reg] rst_ni -> _59931_/D : -84.358109
[setup in-reg] rst_ni -> _59930_/D : -84.357841
[setup in-reg] rst_ni -> _59932_/D : -84.353615
[setup in-reg] rst_ni -> _59942_/D : -84.334389
[setup in-reg] rst_ni -> _60105_/D : -84.330238
[setup in-reg] rst_ni -> _60104_/D : -84.330139
[setup in-reg] rst_ni -> _60108_/D : -84.328674
[setup in-reg] rst_ni -> _60109_/D : -84.326805
[setup in-reg] rst_ni -> _59943_/D : -84.325111
[setup in-reg] rst_ni -> _60107_/D : -84.324753
[setup in-reg] rst_ni -> _60106_/D : -84.322266
[setup in-reg] rst_ni -> _60102_/D : -84.320793
[setup in-reg] rst_ni -> _60103_/D : -84.320206
[setup in-reg] rst_ni -> _59744_/D : -84.318832
[setup in-reg] rst_ni -> _59749_/D : -84.317619
[setup in-reg] rst_ni -> _59746_/D : -84.315430
[setup in-reg] rst_ni -> _59748_/D : -84.314850
[setup in-reg] rst_ni -> _60048_/D : -84.314011
[setup in-reg] rst_ni -> _59747_/D : -84.312721
[setup in-reg] rst_ni -> _59745_/D : -84.311783
[setup in-reg] rst_ni -> _59742_/D : -84.310486
[setup in-reg] rst_ni -> _60053_/D : -84.309532
[setup in-reg] rst_ni -> _60051_/D : -84.307533
[setup in-reg] rst_ni -> _60050_/D : -84.305801
[setup in-reg] rst_ni -> _59743_/D : -84.305428
[setup in-reg] rst_ni -> _60049_/D : -84.304535
[setup in-reg] rst_ni -> _60052_/D : -84.302299
[setup in-reg] rst_ni -> _60023_/D : -84.259666
[setup in-reg] rst_ni -> _60046_/D : -84.257751
[setup in-reg] rst_ni -> _60047_/D : -84.256760
[setup in-reg] rst_ni -> _60022_/D : -84.252823
[setup in-reg] rst_ni -> _60073_/D : -84.249763
[setup in-reg] rst_ni -> _60072_/D : -84.248589
[setup in-reg] rst_ni -> _60076_/D : -84.244354
[setup in-reg] rst_ni -> _60077_/D : -84.241081
[setup in-reg] rst_ni -> _60075_/D : -84.240456
[setup in-reg] rst_ni -> _60024_/D : -84.238396
[setup in-reg] rst_ni -> _60071_/D : -84.237671
[setup in-reg] rst_ni -> _60074_/D : -84.237213
[setup in-reg] rst_ni -> _60070_/D : -84.235413
[setup in-reg] rst_ni -> _60025_/D : -84.233109
[setup in-reg] rst_ni -> _60136_/D : -84.230385
[setup in-reg] rst_ni -> _60027_/D : -84.227905
[setup in-reg] rst_ni -> _60028_/D : -84.227570
[setup in-reg] rst_ni -> _60026_/D : -84.227272
[setup in-reg] rst_ni -> _60029_/D : -84.224174
[setup in-reg] rst_ni -> _60137_/D : -84.224197
[setup in-reg] rst_ni -> _59790_/D : -84.212090
[setup in-reg] rst_ni -> _59791_/D : -84.210785
[setup in-reg] rst_ni -> _59795_/D : -84.210701
[setup in-reg] rst_ni -> _59792_/D : -84.209549
[setup in-reg] rst_ni -> _59793_/D : -84.208694
[setup in-reg] rst_ni -> _59797_/D : -84.208199
[setup in-reg] rst_ni -> _59796_/D : -84.208038
[setup in-reg] rst_ni -> _59794_/D : -84.206802
[setup in-reg] rst_ni -> _60135_/D : -84.200508
[setup in-reg] rst_ni -> _60140_/D : -84.197243
[setup in-reg] rst_ni -> _60039_/D : -84.195824
[setup in-reg] rst_ni -> _60134_/D : -84.195518
[setup in-reg] rst_ni -> _60141_/D : -84.195480
[setup in-reg] rst_ni -> _60038_/D : -84.191887
[setup in-reg] rst_ni -> _60138_/D : -84.189751
[setup in-reg] rst_ni -> _60139_/D : -84.189438
[setup in-reg] rst_ni -> _60041_/D : -84.186554
[setup in-reg] rst_ni -> _60043_/D : -84.186157
[setup in-reg] rst_ni -> _60044_/D : -84.185616
[setup in-reg] rst_ni -> _60040_/D : -84.185432
[setup in-reg] rst_ni -> _60045_/D : -84.184593
[setup in-reg] rst_ni -> _60144_/D : -84.184196
[setup in-reg] rst_ni -> _60042_/D : -84.184082
[setup in-reg] rst_ni -> _60147_/D : -84.177544
[setup in-reg] rst_ni -> _60149_/D : -84.176804
[setup in-reg] rst_ni -> _60146_/D : -84.175346
[setup in-reg] rst_ni -> _60145_/D : -84.175003
[setup in-reg] rst_ni -> _60148_/D : -84.171249
[setup in-reg] rst_ni -> _60142_/D : -84.157761
[setup in-reg] rst_ni -> _60143_/D : -84.147377
[setup in-reg] rst_ni -> _59694_/D : -84.133987
[setup in-reg] rst_ni -> _59700_/D : -84.133606
[setup in-reg] rst_ni -> _59699_/D : -84.133148
[setup in-reg] rst_ni -> _59695_/D : -84.132599
[setup in-reg] rst_ni -> _59697_/D : -84.130791
[setup in-reg] rst_ni -> _59696_/D : -84.129143
[setup in-reg] rst_ni -> _59701_/D : -84.128601
[setup in-reg] rst_ni -> _59698_/D : -84.128021
[setup in-reg] rst_ni -> _59854_/D : -84.103111
[setup in-reg] rst_ni -> _59861_/D : -84.102684
[setup in-reg] rst_ni -> _59769_/D : -84.102570
[setup in-reg] rst_ni -> _59855_/D : -84.102058
[setup in-reg] rst_ni -> _59859_/D : -84.101898
[setup in-reg] rst_ni -> _59860_/D : -84.100922
[setup in-reg] rst_ni -> _59857_/D : -84.099602
[setup in-reg] rst_ni -> _59856_/D : -84.098701
[setup in-reg] rst_ni -> _59858_/D : -84.098167
[setup in-reg] rst_ni -> _59768_/D : -84.097015
[setup in-reg] rst_ni -> _59773_/D : -84.094864
[setup in-reg] rst_ni -> _59767_/D : -84.092880
[setup in-reg] rst_ni -> _59766_/D : -84.092438
[setup in-reg] rst_ni -> _59897_/D : -84.092323
[setup in-reg] rst_ni -> _59770_/D : -84.091682
[setup in-reg] rst_ni -> _59771_/D : -84.091583
[setup in-reg] rst_ni -> _59784_/D : -84.090317
[setup in-reg] rst_ni -> _59822_/D : -84.087906
[setup in-reg] rst_ni -> _59823_/D : -84.087448
[setup in-reg] rst_ni -> _59772_/D : -84.087318
[setup in-reg] rst_ni -> _59896_/D : -84.087204
[setup in-reg] rst_ni -> _59827_/D : -84.085960
[setup in-reg] rst_ni -> _59829_/D : -84.084648
[setup in-reg] rst_ni -> _59895_/D : -84.084320
[setup in-reg] rst_ni -> _59901_/D : -84.084084
[setup in-reg] rst_ni -> _59828_/D : -84.083969
[setup in-reg] rst_ni -> _59825_/D : -84.083366
[setup in-reg] rst_ni -> _59894_/D : -84.082802
[setup in-reg] rst_ni -> _59824_/D : -84.082634
[setup in-reg] rst_ni -> _59826_/D : -84.081879
[setup in-reg] rst_ni -> _59898_/D : -84.081779
[setup in-reg] rst_ni -> _59899_/D : -84.081734
[setup in-reg] rst_ni -> _59786_/D : -84.079491
[setup in-reg] rst_ni -> _59900_/D : -84.077316
[setup in-reg] rst_ni -> _60287_/D : -84.076332
[setup in-reg] rst_ni -> _59789_/D : -84.073334
[setup in-reg] rst_ni -> _59787_/D : -84.072838
[setup in-reg] rst_ni -> _60319_/D : -84.072815
[setup in-reg] rst_ni -> _59785_/D : -84.071304
[setup in-reg] rst_ni -> _60289_/D : -84.071365
[setup in-reg] rst_ni -> _60290_/D : -84.071205
[setup in-reg] rst_ni -> _60293_/D : -84.070908
[setup in-reg] rst_ni -> _60292_/D : -84.070763
[setup in-reg] rst_ni -> _60288_/D : -84.070641
[setup in-reg] rst_ni -> _60286_/D : -84.067627
[setup in-reg] rst_ni -> _59788_/D : -84.067024
[setup in-reg] rst_ni -> _60119_/D : -84.066803
[setup in-reg] rst_ni -> _60291_/D : -84.066689
[setup in-reg] rst_ni -> _60321_/D : -84.066574
[setup in-reg] rst_ni -> _60322_/D : -84.066612
[setup in-reg] rst_ni -> _60324_/D : -84.066544
[setup in-reg] rst_ni -> _60325_/D : -84.066612
[setup in-reg] rst_ni -> _60320_/D : -84.066345
[setup in-reg] rst_ni -> _60318_/D : -84.064140
[setup in-reg] rst_ni -> _60323_/D : -84.062988
[setup in-reg] rst_ni -> _59833_/D : -84.060432
[setup in-reg] rst_ni -> _59832_/D : -84.055435
[setup in-reg] rst_ni -> _59837_/D : -84.052948
[setup in-reg] rst_ni -> _59831_/D : -84.052444
[setup in-reg] rst_ni -> _59830_/D : -84.051308
[setup in-reg] rst_ni -> _59834_/D : -84.050598
[setup in-reg] rst_ni -> _59835_/D : -84.050217
[setup in-reg] rst_ni -> _59836_/D : -84.045586
[setup in-reg] rst_ni -> _60118_/D : -84.040428
[setup in-reg] rst_ni -> _60120_/D : -84.033302
[setup in-reg] rst_ni -> _60121_/D : -84.028122
[setup in-reg] rst_ni -> _59439_/D : -84.026131
[setup in-reg] rst_ni -> _59982_/D : -84.025536
[setup in-reg] rst_ni -> _59782_/D : -84.024406
[setup in-reg] rst_ni -> _59983_/D : -84.023384
[setup in-reg] rst_ni -> _60123_/D : -84.023415
[setup in-reg] rst_ni -> _60124_/D : -84.023033
[setup in-reg] rst_ni -> _60122_/D : -84.022789
[setup in-reg] rst_ni -> _59987_/D : -84.021271
[setup in-reg] rst_ni -> _59988_/D : -84.020760
[setup in-reg] rst_ni -> _59985_/D : -84.019859
[setup in-reg] rst_ni -> _59984_/D : -84.018768
[setup in-reg] rst_ni -> _60125_/D : -84.018814
[setup in-reg] rst_ni -> _59783_/D : -84.018028
[setup in-reg] rst_ni -> _59989_/D : -84.016449
[setup in-reg] rst_ni -> _59986_/D : -84.016197
[setup in-reg] rst_ni -> _59438_/D : -84.014160
[setup in-reg] rst_ni -> _59673_/D : -84.008438
[setup in-reg] rst_ni -> _59801_/D : -84.006645
[setup in-reg] rst_ni -> _59662_/D : -84.004616
[setup in-reg] rst_ni -> _59663_/D : -84.003090
[setup in-reg] rst_ni -> _59672_/D : -84.002808
[setup in-reg] rst_ni -> _59667_/D : -84.002480
[setup in-reg] rst_ni -> _59800_/D : -84.001427
[setup in-reg] rst_ni -> _59726_/D : -84.001015
[setup in-reg] rst_ni -> _59668_/D : -84.000778
[setup in-reg] rst_ni -> _59677_/D : -84.000206
[setup in-reg] rst_ni -> _59441_/D : -83.999695
[setup in-reg] rst_ni -> _59671_/D : -83.999397
[setup in-reg] rst_ni -> _59664_/D : -83.999214
[setup in-reg] rst_ni -> _59727_/D : -83.999268
[setup in-reg] rst_ni -> _59731_/D : -83.999054
[setup in-reg] rst_ni -> _59732_/D : -83.999130
[setup in-reg] rst_ni -> _59665_/D : -83.998970
[setup in-reg] rst_ni -> _59442_/D : -83.998856
[setup in-reg] rst_ni -> _59805_/D : -83.998756
[setup in-reg] rst_ni -> _59669_/D : -83.998116
[setup in-reg] rst_ni -> _59799_/D : -83.998131
[setup in-reg] rst_ni -> _59670_/D : -83.997620
[setup in-reg] rst_ni -> _59674_/D : -83.997536
[setup in-reg] rst_ni -> _59666_/D : -83.997208
[setup in-reg] rst_ni -> _59728_/D : -83.997208
[setup in-reg] rst_ni -> _59675_/D : -83.997055
[setup in-reg] rst_ni -> _59729_/D : -83.996925
[setup in-reg] rst_ni -> _59798_/D : -83.996841
[setup in-reg] rst_ni -> _59802_/D : -83.996460
[setup in-reg] rst_ni -> _59803_/D : -83.996254
[setup in-reg] rst_ni -> _59733_/D : -83.996155
[setup in-reg] rst_ni -> _59414_/D : -83.996033
[setup in-reg] rst_ni -> _59730_/D : -83.995377
[setup in-reg] rst_ni -> _59440_/D : -83.994080
[setup in-reg] rst_ni -> _59676_/D : -83.992676
[setup in-reg] rst_ni -> _59444_/D : -83.992393
[setup in-reg] rst_ni -> _59804_/D : -83.991508
[setup in-reg] rst_ni -> _59415_/D : -83.990997
[setup in-reg] rst_ni -> _59443_/D : -83.988098
[setup in-reg] rst_ni -> _59445_/D : -83.978653
[setup in-reg] rst_ni -> _59705_/D : -83.969841
[setup in-reg] rst_ni -> _59704_/D : -83.964096
[setup in-reg] rst_ni -> _59709_/D : -83.961754
[setup in-reg] rst_ni -> _59886_/D : -83.961609
[setup in-reg] rst_ni -> _59703_/D : -83.960571
[setup in-reg] rst_ni -> _59702_/D : -83.959663
[setup in-reg] rst_ni -> _59891_/D : -83.959366
[setup in-reg] rst_ni -> _59887_/D : -83.959198
[setup in-reg] rst_ni -> _59706_/D : -83.958908
[setup in-reg] rst_ni -> _59892_/D : -83.958984
[setup in-reg] rst_ni -> _59707_/D : -83.958672
[setup in-reg] rst_ni -> _59416_/D : -83.956879
[setup in-reg] rst_ni -> _59893_/D : -83.956451
[setup in-reg] rst_ni -> _59417_/D : -83.955956
[setup in-reg] rst_ni -> _60351_/D : -83.955841
[setup in-reg] rst_ni -> _59889_/D : -83.955757
[setup in-reg] rst_ni -> _59421_/D : -83.955185
[setup in-reg] rst_ni -> _59888_/D : -83.954735
[setup in-reg] rst_ni -> _59890_/D : -83.954239
[setup in-reg] rst_ni -> _59708_/D : -83.954048
[setup in-reg] rst_ni -> _59418_/D : -83.953865
[setup in-reg] rst_ni -> _59420_/D : -83.953880
[setup in-reg] rst_ni -> _59419_/D : -83.951424
[setup in-reg] rst_ni -> _59816_/D : -83.951027
[setup in-reg] rst_ni -> _59950_/D : -83.951050
[setup in-reg] rst_ni -> _59951_/D : -83.949532
[setup in-reg] rst_ni -> _59955_/D : -83.948250
[setup in-reg] rst_ni -> _59956_/D : -83.947472
[setup in-reg] rst_ni -> _59952_/D : -83.946831
[setup in-reg] rst_ni -> _59953_/D : -83.946861
[setup in-reg] rst_ni -> _59957_/D : -83.946465
[setup in-reg] rst_ni -> _60350_/D : -83.945396
[setup in-reg] rst_ni -> _59954_/D : -83.945282
[setup in-reg] rst_ni -> _59818_/D : -83.941048
[setup in-reg] rst_ni -> _59821_/D : -83.934937
[setup in-reg] rst_ni -> _59819_/D : -83.934273
[setup in-reg] rst_ni -> _59817_/D : -83.933205
[setup in-reg] rst_ni -> _60215_/D : -83.928589
[setup in-reg] rst_ni -> _59820_/D : -83.927353
[setup in-reg] rst_ni -> _59912_/D : -83.926170
[setup in-reg] rst_ni -> _60356_/D : -83.926239
[setup in-reg] rst_ni -> _60354_/D : -83.926010
[setup in-reg] rst_ni -> _60353_/D : -83.924538
[setup in-reg] rst_ni -> _60352_/D : -83.923485
[setup in-reg] rst_ni -> _60357_/D : -83.923401
[setup in-reg] rst_ni -> _60355_/D : -83.921066
[setup in-reg] rst_ni -> _59914_/D : -83.915993
[setup in-reg] rst_ni -> _59848_/D : -83.915627
[setup in-reg] rst_ni -> _59917_/D : -83.909760
[setup in-reg] rst_ni -> _59865_/D : -83.909233
[setup in-reg] rst_ni -> _59913_/D : -83.908646
[setup in-reg] rst_ni -> _59915_/D : -83.908661
[setup in-reg] rst_ni -> _59720_/D : -83.908379
[setup in-reg] rst_ni -> _59850_/D : -83.905891
[setup in-reg] rst_ni -> _59864_/D : -83.904228
[setup in-reg] rst_ni -> _60214_/D : -83.903374
[setup in-reg] rst_ni -> _59916_/D : -83.902496
[setup in-reg] rst_ni -> _59869_/D : -83.901344
[setup in-reg] rst_ni -> _59863_/D : -83.900688
[setup in-reg] rst_ni -> _59853_/D : -83.899551
[setup in-reg] rst_ni -> _59862_/D : -83.899437
[setup in-reg] rst_ni -> _59851_/D : -83.898598
[setup in-reg] rst_ni -> _59866_/D : -83.898384
[setup in-reg] rst_ni -> _59867_/D : -83.898376
[setup in-reg] rst_ni -> _59849_/D : -83.898277
[setup in-reg] rst_ni -> _59722_/D : -83.897636
[setup in-reg] rst_ni -> _60216_/D : -83.896255
[setup in-reg] rst_ni -> _59868_/D : -83.894341
[setup in-reg] rst_ni -> _59852_/D : -83.892464
[setup in-reg] rst_ni -> _59688_/D : -83.892120
[setup in-reg] rst_ni -> _59880_/D : -83.892006
[setup in-reg] rst_ni -> _60217_/D : -83.891266
[setup in-reg] rst_ni -> _59725_/D : -83.891029
[setup in-reg] rst_ni -> _59723_/D : -83.890488
[setup in-reg] rst_ni -> _59721_/D : -83.889915
[setup in-reg] rst_ni -> _59656_/D : -83.886322
[setup in-reg] rst_ni -> _60219_/D : -83.886292
[setup in-reg] rst_ni -> _60220_/D : -83.885910
[setup in-reg] rst_ni -> _60218_/D : -83.885757
[setup in-reg] rst_ni -> _59724_/D : -83.884506
[setup in-reg] rst_ni -> _59814_/D : -83.883492
[setup in-reg] rst_ni -> _59430_/D : -83.882767
[setup in-reg] rst_ni -> _60221_/D : -83.882118
[setup in-reg] rst_ni -> _59882_/D : -83.881805
[setup in-reg] rst_ni -> _59690_/D : -83.881348
[setup in-reg] rst_ni -> _59815_/D : -83.878151
[setup in-reg] rst_ni -> _59658_/D : -83.875648
[setup in-reg] rst_ni -> _59885_/D : -83.875336
[setup in-reg] rst_ni -> _59693_/D : -83.875237
[setup in-reg] rst_ni -> _59431_/D : -83.875107
[setup reg-reg] _61138_/Q -> _62277_/D : -83.875114
[setup in-reg] rst_ni -> _59881_/D : -83.875008
[setup in-reg] rst_ni -> _59883_/D : -83.874756
[setup in-reg] rst_ni -> _59691_/D : -83.873917
[setup in-reg] rst_ni -> _59689_/D : -83.873558
[setup reg-reg] _61138_/Q -> _62279_/D : -83.872772
[setup in-reg] rst_ni -> _59661_/D : -83.869850
[setup in-reg] rst_ni -> _59884_/D : -83.869308
[setup in-reg] rst_ni -> _59657_/D : -83.868118
[setup in-reg] rst_ni -> _59659_/D : -83.868164
[setup in-reg] rst_ni -> _59692_/D : -83.868034
[setup in-reg] rst_ni -> _59432_/D : -83.865662
[setup in-reg] rst_ni -> _59660_/D : -83.862488
[setup in-reg] rst_ni -> _59910_/D : -83.862549
[setup in-reg] rst_ni -> _59911_/D : -83.852745
[setup in-reg] rst_ni -> _59846_/D : -83.850838
[setup in-reg] rst_ni -> _59437_/D : -83.847855
[setup in-reg] rst_ni -> _59435_/D : -83.847382
[setup in-reg] rst_ni -> _59436_/D : -83.846535
[setup in-reg] rst_ni -> _59641_/D : -83.843391
[setup in-reg] rst_ni -> _59847_/D : -83.842567
[setup in-reg] rst_ni -> _59434_/D : -83.840919
[setup in-reg] rst_ni -> _59718_/D : -83.840637
[setup in-reg] rst_ni -> _59640_/D : -83.837761
[setup in-reg] rst_ni -> _59645_/D : -83.835152
[setup in-reg] rst_ni -> _59719_/D : -83.834541
[setup in-reg] rst_ni -> _59639_/D : -83.834282
[setup in-reg] rst_ni -> _59433_/D : -83.834099
[setup in-reg] rst_ni -> _59638_/D : -83.833214
[setup in-reg] rst_ni -> _59642_/D : -83.832733
[setup in-reg] rst_ni -> _59737_/D : -83.832802
[setup in-reg] rst_ni -> _59643_/D : -83.832176
[setup in-reg] rst_ni -> _59644_/D : -83.827728
[setup in-reg] rst_ni -> _59736_/D : -83.827507
[setup in-reg] rst_ni -> _59878_/D : -83.827415
[setup in-reg] rst_ni -> _59686_/D : -83.826141
[setup in-reg] rst_ni -> _59741_/D : -83.824776
[setup in-reg] rst_ni -> _59735_/D : -83.823456
[setup in-reg] rst_ni -> _59734_/D : -83.822556
[setup in-reg] rst_ni -> _59738_/D : -83.822006
[setup in-reg] rst_ni -> _59739_/D : -83.821709
[setup in-reg] rst_ni -> _59654_/D : -83.819916
[setup in-reg] rst_ni -> _59879_/D : -83.819130
[setup in-reg] rst_ni -> _59687_/D : -83.818207
[setup in-reg] rst_ni -> _59740_/D : -83.816917
[setup in-reg] rst_ni -> _59655_/D : -83.814102
[setup reg-reg] _61138_/Q -> _61683_/D : -83.807457
[setup reg-reg] _61138_/Q -> _62273_/D : -83.804604
[setup in-reg] rst_ni -> _60232_/D : -83.804329
[setup in-reg] rst_ni -> _60233_/D : -83.803612
[setup reg-reg] _61138_/Q -> _62272_/D : -83.789215
[setup in-reg] rst_ni -> _60231_/D : -83.785736
[setup in-reg] rst_ni -> _60236_/D : -83.782715
[setup in-reg] rst_ni -> _60230_/D : -83.781998
[setup in-reg] rst_ni -> _60234_/D : -83.780136
[setup reg-reg] _61138_/Q -> _62274_/D : -83.779396
[setup reg-reg] _61138_/Q -> _62269_/D : -83.778831
[setup in-reg] rst_ni -> _60237_/D : -83.778549
[setup in-reg] rst_ni -> _60235_/D : -83.776291
[setup reg-reg] _61138_/Q -> _62103_/D : -83.771080
[setup reg-reg] _61138_/Q -> _62275_/D : -83.764397
[setup reg-reg] _61138_/Q -> _62276_/D : -83.760132
[setup in-reg] rst_ni -> _59752_/D : -83.699280
[setup in-reg] rst_ni -> _59754_/D : -83.688576
[setup in-reg] rst_ni -> _59757_/D : -83.681656
[setup in-reg] rst_ni -> _59755_/D : -83.681190
[setup in-reg] rst_ni -> _59753_/D : -83.680908
[setup in-reg] rst_ni -> _59756_/D : -83.675278
[setup in-reg] rst_ni -> _59750_/D : -83.632645
[setup in-reg] rst_ni -> _59751_/D : -83.625763
[setup reg-reg] _61138_/Q -> _61684_/D : -83.527267
[setup in-reg] rst_ni -> _60310_/D : -83.389252
[setup in-reg] rst_ni -> _60311_/D : -83.381920
[setup in-reg] rst_ni -> _60312_/D : -83.379707
[setup in-reg] rst_ni -> _60317_/D : -83.378868
[setup in-reg] rst_ni -> _60314_/D : -83.377960
[setup in-reg] rst_ni -> _60313_/D : -83.377861
[setup in-reg] rst_ni -> _60316_/D : -83.377144
[setup in-reg] rst_ni -> _60315_/D : -83.376266
[setup in-reg] rst_ni -> _60342_/D : -83.322906
[setup in-reg] rst_ni -> _59758_/D : -83.292763
[setup in-reg] rst_ni -> _60344_/D : -83.289307
[setup in-reg] rst_ni -> _60343_/D : -83.288330
[setup in-reg] rst_ni -> _60345_/D : -83.287338
[setup in-reg] rst_ni -> _60346_/D : -83.285316
[setup in-reg] rst_ni -> _60349_/D : -83.285118
[setup in-reg] rst_ni -> _60348_/D : -83.284805
[setup in-reg] rst_ni -> _60347_/D : -83.284462
[setup in-reg] rst_ni -> _59759_/D : -83.283928
[setup in-reg] rst_ni -> _59760_/D : -83.282997
[setup in-reg] rst_ni -> _59761_/D : -83.271759
[setup in-reg] rst_ni -> _59764_/D : -83.271759
[setup in-reg] rst_ni -> _59762_/D : -83.270378
[setup in-reg] rst_ni -> _59763_/D : -83.269371
[setup in-reg] rst_ni -> _60278_/D : -83.238861
[setup in-reg] rst_ni -> _60279_/D : -83.231300
[setup in-reg] rst_ni -> _60247_/D : -83.231117
[setup in-reg] rst_ni -> _60246_/D : -83.230644
[setup in-reg] rst_ni -> _60248_/D : -83.230263
[setup in-reg] rst_ni -> _59765_/D : -83.229813
[setup in-reg] rst_ni -> _60280_/D : -83.228897
[setup in-reg] rst_ni -> _60285_/D : -83.228912
[setup in-reg] rst_ni -> _60281_/D : -83.228333
[setup in-reg] rst_ni -> _60282_/D : -83.226997
[setup in-reg] rst_ni -> _60283_/D : -83.226723
[setup in-reg] rst_ni -> _60249_/D : -83.225899
[setup in-reg] rst_ni -> _60284_/D : -83.225235
[setup in-reg] rst_ni -> _60251_/D : -83.220390
[setup in-reg] rst_ni -> _60250_/D : -83.219902
[setup in-reg] rst_ni -> _60252_/D : -83.219917
[setup in-reg] rst_ni -> _60253_/D : -83.216011
[setup in-reg] rst_ni -> _60265_/D : -83.160149
[setup in-reg] rst_ni -> _60264_/D : -83.159569
[setup in-reg] rst_ni -> _60268_/D : -83.157288
[setup in-reg] rst_ni -> _60269_/D : -83.155586
[setup in-reg] rst_ni -> _60262_/D : -83.153709
[setup in-reg] rst_ni -> _60267_/D : -83.153458
[setup in-reg] rst_ni -> _60263_/D : -83.152519
[setup in-reg] rst_ni -> _60266_/D : -83.150368
[setup in-reg] rst_ni -> _60326_/D : -83.122192
[setup reg-reg] _61138_/Q -> _61679_/D : -83.111702
[setup in-reg] rst_ni -> _60327_/D : -83.111435
[setup in-reg] rst_ni -> _60333_/D : -83.108238
[setup in-reg] rst_ni -> _60332_/D : -83.106804
[setup in-reg] rst_ni -> _60331_/D : -83.104424
[setup in-reg] rst_ni -> _60330_/D : -83.102768
[setup in-reg] rst_ni -> _60328_/D : -83.100449
[setup in-reg] rst_ni -> _60329_/D : -83.096214
[setup reg-reg] _61138_/Q -> _62278_/D : -83.030029
[setup in-reg] rst_ni -> _60336_/D : -83.026482
[setup in-reg] rst_ni -> _60341_/D : -83.021309
[setup in-reg] rst_ni -> _60339_/D : -83.020172
[setup in-reg] rst_ni -> _60338_/D : -83.017525
[setup in-reg] rst_ni -> _60337_/D : -83.017159
[setup in-reg] rst_ni -> _60340_/D : -83.014359
[setup in-reg] rst_ni -> _60358_/D : -82.995728
[setup in-reg] rst_ni -> _60359_/D : -82.992119
[setup in-reg] rst_ni -> _60294_/D : -82.976570
[setup in-reg] rst_ni -> _60334_/D : -82.969719
[setup in-reg] rst_ni -> _60335_/D : -82.968575
[setup in-reg] rst_ni -> _60295_/D : -82.965218
[setup in-reg] rst_ni -> _60365_/D : -82.965248
[setup in-reg] rst_ni -> _60364_/D : -82.963524
[setup in-reg] rst_ni -> _60363_/D : -82.961922
[setup in-reg] rst_ni -> _60301_/D : -82.961128
[setup in-reg] rst_ni -> _60300_/D : -82.960091
[setup in-reg] rst_ni -> _60299_/D : -82.959061
[setup in-reg] rst_ni -> _60362_/D : -82.958626
[setup in-reg] rst_ni -> _60360_/D : -82.957001
[setup in-reg] rst_ni -> _60298_/D : -82.954987
[setup in-reg] rst_ni -> _60296_/D : -82.952255
[setup in-reg] rst_ni -> _60361_/D : -82.952316
[setup in-reg] rst_ni -> _60297_/D : -82.949371
[setup in-reg] rst_ni -> _59918_/D : -82.867050
[setup in-reg] rst_ni -> _59919_/D : -82.860924
[setup in-reg] rst_ni -> _59920_/D : -82.844810
[setup reg-reg] _61138_/Q -> _61676_/D : -82.841438
[setup in-reg] rst_ni -> _59921_/D : -82.832657
[setup in-reg] rst_ni -> _59923_/D : -82.831779
[setup in-reg] rst_ni -> _59922_/D : -82.831238
[setup in-reg] rst_ni -> _59924_/D : -82.830002
[setup reg-reg] _61138_/Q -> _62271_/D : -82.809135
[setup reg-reg] _61138_/Q -> _62270_/D : -82.799759
[setup in-reg] rst_ni -> _59925_/D : -82.793823
[setup reg-reg] _61138_/Q -> _61681_/D : -82.786369
[setup in-reg] rst_ni -> _59566_/D : -82.670883
[setup in-reg] rst_ni -> _59567_/D : -82.661560
[setup in-reg] rst_ni -> _59568_/D : -82.661392
[setup in-reg] rst_ni -> _59569_/D : -82.650955
[setup in-reg] rst_ni -> _59570_/D : -82.648987
[setup in-reg] rst_ni -> _59571_/D : -82.648956
[setup in-reg] rst_ni -> _59572_/D : -82.648056
[setup in-reg] rst_ni -> _59573_/D : -82.609177
[setup in-reg] rst_ni -> _59598_/D : -82.593971
[setup in-reg] rst_ni -> _59599_/D : -82.585358
[setup in-reg] rst_ni -> _59600_/D : -82.584038
[setup in-reg] rst_ni -> _59604_/D : -82.572487
[setup in-reg] rst_ni -> _59601_/D : -82.572357
[setup in-reg] rst_ni -> _59602_/D : -82.571960
[setup in-reg] rst_ni -> _59603_/D : -82.570824
[setup in-reg] rst_ni -> _59630_/D : -82.547661
[setup in-reg] rst_ni -> _59631_/D : -82.539444
[setup in-reg] rst_ni -> _59605_/D : -82.532654
[setup in-reg] rst_ni -> _59632_/D : -82.518028
[setup in-reg] rst_ni -> _59633_/D : -82.507385
[setup in-reg] rst_ni -> _59636_/D : -82.506943
[setup in-reg] rst_ni -> _59634_/D : -82.505806
[setup in-reg] rst_ni -> _59635_/D : -82.505272
[setup in-reg] rst_ni -> _60369_/D : -82.500198
[setup in-reg] rst_ni -> _60366_/D : -82.499725
[setup in-reg] rst_ni -> _60372_/D : -82.496971
[setup in-reg] rst_ni -> _60368_/D : -82.496674
[setup in-reg] rst_ni -> _60367_/D : -82.496574
[setup in-reg] rst_ni -> _60370_/D : -82.495125
[setup in-reg] rst_ni -> _60371_/D : -82.489853
[setup in-reg] rst_ni -> _59637_/D : -82.466789
[setup in-reg] rst_ni -> _59470_/D : -82.456299
[setup reg-reg] _61138_/Q -> _61685_/D : -82.452309
[setup in-reg] rst_ni -> _60431_/D : -82.450867
[setup in-reg] rst_ni -> _60430_/D : -82.450089
[setup in-reg] rst_ni -> _60373_/D : -82.447144
[setup reg-reg] _61138_/Q -> _61678_/D : -82.439453
[setup in-reg] rst_ni -> _59471_/D : -82.434090
[setup in-reg] rst_ni -> _59472_/D : -82.433403
[setup in-reg] rst_ni -> _59473_/D : -82.422180
[setup in-reg] rst_ni -> _59476_/D : -82.421883
[setup in-reg] rst_ni -> _59475_/D : -82.420502
[setup in-reg] rst_ni -> _59474_/D : -82.420105
[setup in-reg] rst_ni -> _60436_/D : -82.397194
[setup in-reg] rst_ni -> _60434_/D : -82.393883
[setup in-reg] rst_ni -> _60435_/D : -82.393745
[setup in-reg] rst_ni -> _60433_/D : -82.393158
[setup in-reg] rst_ni -> _60437_/D : -82.392632
[setup in-reg] rst_ni -> _60432_/D : -82.392334
[setup in-reg] rst_ni -> _59477_/D : -82.381973
[setup in-reg] rst_ni -> _59426_/D : -82.370705
[setup in-reg] rst_ni -> _59427_/D : -82.367691
[setup reg-reg] _61138_/Q -> _61686_/D : -82.366913
[setup in-reg] rst_ni -> _59428_/D : -82.366455
[setup in-reg] rst_ni -> _59429_/D : -82.366257
[setup in-reg] rst_ni -> _59425_/D : -82.366028
[setup in-reg] rst_ni -> _59424_/D : -82.365807
[setup in-reg] rst_ni -> _59423_/D : -82.312996
[setup in-reg] rst_ni -> _59422_/D : -82.312431
[setup reg-reg] _61138_/Q -> _61687_/D : -82.223320
[setup in-reg] rst_ni -> _59586_/D : -82.097588
[setup in-reg] rst_ni -> _59625_/D : -82.096123
[setup in-reg] rst_ni -> _59587_/D : -82.093407
[setup in-reg] rst_ni -> _59624_/D : -82.093269
[setup in-reg] rst_ni -> _59588_/D : -82.092056
[setup in-reg] rst_ni -> _59629_/D : -82.090721
[setup in-reg] rst_ni -> _59589_/D : -82.089798
[setup in-reg] rst_ni -> _59585_/D : -82.089203
[setup in-reg] rst_ni -> _59622_/D : -82.089272
[setup in-reg] rst_ni -> _59584_/D : -82.088676
[setup in-reg] rst_ni -> _59627_/D : -82.082024
[setup in-reg] rst_ni -> _59628_/D : -82.078606
[setup in-reg] rst_ni -> _59623_/D : -82.077820
[setup in-reg] rst_ni -> _59626_/D : -82.071510
[setup reg-reg] _61138_/Q -> _61790_/D : -82.045372
[setup in-reg] rst_ni -> _59582_/D : -82.030624
[setup in-reg] rst_ni -> _59583_/D : -82.029961
[setup in-reg] rst_ni -> _59534_/D : -81.971725
[setup in-reg] rst_ni -> _59535_/D : -81.967400
[setup in-reg] rst_ni -> _59536_/D : -81.966866
[setup in-reg] rst_ni -> _60398_/D : -81.951561
[setup in-reg] rst_ni -> _59618_/D : -81.950119
[setup in-reg] rst_ni -> _59619_/D : -81.945816
[setup in-reg] rst_ni -> _59620_/D : -81.945122
[setup in-reg] rst_ni -> _60399_/D : -81.942986
[setup in-reg] rst_ni -> _59621_/D : -81.942390
[setup in-reg] rst_ni -> _59617_/D : -81.942245
[setup in-reg] rst_ni -> _60400_/D : -81.941978
[setup in-reg] rst_ni -> _59616_/D : -81.941025
[setup in-reg] rst_ni -> _59537_/D : -81.935226
[setup in-reg] rst_ni -> _59540_/D : -81.935112
[setup in-reg] rst_ni -> _59539_/D : -81.934021
[setup in-reg] rst_ni -> _59458_/D : -81.933739
[setup in-reg] rst_ni -> _59538_/D : -81.933250
[setup in-reg] rst_ni -> _60404_/D : -81.932159
[setup in-reg] rst_ni -> _60401_/D : -81.931236
[setup in-reg] rst_ni -> _59554_/D : -81.930969
[setup in-reg] rst_ni -> _60402_/D : -81.930679
[setup in-reg] rst_ni -> _59459_/D : -81.930031
[setup in-reg] rst_ni -> _60403_/D : -81.929077
[setup in-reg] rst_ni -> _59460_/D : -81.928551
[setup in-reg] rst_ni -> _59555_/D : -81.927216
[setup in-reg] rst_ni -> _59461_/D : -81.926216
[setup in-reg] rst_ni -> _59457_/D : -81.925919
[setup in-reg] rst_ni -> _59543_/D : -81.925682
[setup in-reg] rst_ni -> _59556_/D : -81.925568
[setup in-reg] rst_ni -> _59456_/D : -81.925140
[setup in-reg] rst_ni -> _59557_/D : -81.923416
[setup in-reg] rst_ni -> _59545_/D : -81.923264
[setup in-reg] rst_ni -> _59549_/D : -81.923210
[setup in-reg] rst_ni -> _59546_/D : -81.922852
[setup in-reg] rst_ni -> _59553_/D : -81.922905
[setup in-reg] rst_ni -> _59542_/D : -81.922279
[setup in-reg] rst_ni -> _59552_/D : -81.921814
[setup in-reg] rst_ni -> _59504_/D : -81.920380
[setup in-reg] rst_ni -> _59548_/D : -81.920036
[setup in-reg] rst_ni -> _59544_/D : -81.918930
[setup in-reg] rst_ni -> _59547_/D : -81.918686
[setup in-reg] rst_ni -> _59502_/D : -81.910172
[setup in-reg] rst_ni -> _59503_/D : -81.900963
[setup in-reg] rst_ni -> _59541_/D : -81.893875
[setup reg-reg] _61138_/Q -> _61702_/D : -81.890694
[setup in-reg] rst_ni -> _60405_/D : -81.890106
[setup in-reg] rst_ni -> _59505_/D : -81.889809
[setup in-reg] rst_ni -> _59508_/D : -81.889587
[setup in-reg] rst_ni -> _59454_/D : -81.888062
[setup in-reg] rst_ni -> _59507_/D : -81.888107
[setup in-reg] rst_ni -> _59506_/D : -81.887337
[setup in-reg] rst_ni -> _59615_/D : -81.883446
[setup in-reg] rst_ni -> _59614_/D : -81.882423
[setup in-reg] rst_ni -> _60418_/D : -81.876724
[setup in-reg] rst_ni -> _60419_/D : -81.872513
[setup in-reg] rst_ni -> _60420_/D : -81.871307
[setup in-reg] rst_ni -> _60417_/D : -81.868820
[setup in-reg] rst_ni -> _60421_/D : -81.868607
[setup in-reg] rst_ni -> _60416_/D : -81.868324
[setup in-reg] rst_ni -> _59455_/D : -81.865211
[setup in-reg] rst_ni -> _59550_/D : -81.863617
[setup in-reg] rst_ni -> _59551_/D : -81.863297
[setup in-reg] rst_ni -> _59509_/D : -81.848999
[setup in-reg] rst_ni -> _60414_/D : -81.809479
[setup in-reg] rst_ni -> _60415_/D : -81.809479
[setup in-reg] rst_ni -> _59447_/D : -81.645157
[setup in-reg] rst_ni -> _59449_/D : -81.642654
[setup in-reg] rst_ni -> _59450_/D : -81.642128
[setup in-reg] rst_ni -> _59453_/D : -81.641220
[setup in-reg] rst_ni -> _59446_/D : -81.640640
[setup in-reg] rst_ni -> _59452_/D : -81.638916
[setup in-reg] rst_ni -> _59448_/D : -81.638168
[setup in-reg] rst_ni -> _59451_/D : -81.633705
[setup in-reg] rst_ni -> _59607_/D : -81.623360
[setup in-reg] rst_ni -> _59610_/D : -81.620003
[setup in-reg] rst_ni -> _59609_/D : -81.618370
[setup in-reg] rst_ni -> _59613_/D : -81.617287
[setup in-reg] rst_ni -> _59606_/D : -81.614449
[setup in-reg] rst_ni -> _59608_/D : -81.613968
[setup in-reg] rst_ni -> _59611_/D : -81.613197
[setup in-reg] rst_ni -> _59612_/D : -81.612328
[setup in-reg] rst_ni -> _59575_/D : -81.588982
[setup in-reg] rst_ni -> _59574_/D : -81.587265
[setup in-reg] rst_ni -> _59581_/D : -81.586014
[setup in-reg] rst_ni -> _59577_/D : -81.585258
[setup in-reg] rst_ni -> _59578_/D : -81.585289
[setup in-reg] rst_ni -> _59576_/D : -81.582146
[setup in-reg] rst_ni -> _59579_/D : -81.580910
[setup in-reg] rst_ni -> _59580_/D : -81.579002
[setup in-reg] rst_ni -> _59593_/D : -81.480682
[setup in-reg] rst_ni -> _59592_/D : -81.480293
[setup in-reg] rst_ni -> _59465_/D : -81.472633
[setup in-reg] rst_ni -> _59464_/D : -81.468079
[setup in-reg] rst_ni -> _60424_/D : -81.467094
[setup in-reg] rst_ni -> _60425_/D : -81.466911
[setup in-reg] rst_ni -> _59590_/D : -81.445648
[setup in-reg] rst_ni -> _59597_/D : -81.443550
[setup in-reg] rst_ni -> _59595_/D : -81.441101
[setup in-reg] rst_ni -> _59462_/D : -81.439201
[setup in-reg] rst_ni -> _59469_/D : -81.436897
[setup in-reg] rst_ni -> _59591_/D : -81.435120
[setup in-reg] rst_ni -> _59594_/D : -81.432388
[setup in-reg] rst_ni -> _59596_/D : -81.431870
[setup in-reg] rst_ni -> _59467_/D : -81.431557
[setup in-reg] rst_ni -> _60422_/D : -81.431328
[setup in-reg] rst_ni -> _60429_/D : -81.431099
[setup in-reg] rst_ni -> _59468_/D : -81.429619
[setup in-reg] rst_ni -> _59463_/D : -81.424294
[setup in-reg] rst_ni -> _59466_/D : -81.420525
[setup in-reg] rst_ni -> _60428_/D : -81.419403
[setup in-reg] rst_ni -> _60423_/D : -81.418533
[setup in-reg] rst_ni -> _60427_/D : -81.417656
[setup in-reg] rst_ni -> _60426_/D : -81.409286
[setup in-reg] rst_ni -> _60386_/D : -81.362061
[setup in-reg] rst_ni -> _60387_/D : -81.357742
[setup in-reg] rst_ni -> _60388_/D : -81.356247
[setup in-reg] rst_ni -> _60389_/D : -81.354263
[setup in-reg] rst_ni -> _60385_/D : -81.353851
[setup in-reg] rst_ni -> _60384_/D : -81.353294
[setup in-reg] rst_ni -> _59561_/D : -81.341286
[setup in-reg] rst_ni -> _59560_/D : -81.338959
[setup in-reg] rst_ni -> _59558_/D : -81.311043
[setup in-reg] rst_ni -> _59565_/D : -81.308754
[setup in-reg] rst_ni -> _59563_/D : -81.302750
[setup in-reg] rst_ni -> _59564_/D : -81.297501
[setup in-reg] rst_ni -> _59559_/D : -81.294899
[setup in-reg] rst_ni -> _60383_/D : -81.294235
[setup in-reg] rst_ni -> _60382_/D : -81.293381
[setup in-reg] rst_ni -> _59562_/D : -81.290016
[setup in-reg] rst_ni -> _59491_/D : -81.275063
[setup in-reg] rst_ni -> _59490_/D : -81.274849
[setup in-reg] rst_ni -> _59493_/D : -81.271210
[setup in-reg] rst_ni -> _59492_/D : -81.270020
[setup in-reg] rst_ni -> _59489_/D : -81.268196
[setup in-reg] rst_ni -> _59488_/D : -81.266861
[setup in-reg] rst_ni -> _59522_/D : -81.265671
[setup in-reg] rst_ni -> _59523_/D : -81.262291
[setup in-reg] rst_ni -> _59524_/D : -81.260895
[setup in-reg] rst_ni -> _59525_/D : -81.258492
[setup in-reg] rst_ni -> _59521_/D : -81.257996
[setup in-reg] rst_ni -> _59520_/D : -81.256577
[setup in-reg] rst_ni -> _60410_/D : -81.241638
[setup in-reg] rst_ni -> _60409_/D : -81.241554
[setup in-reg] rst_ni -> _60407_/D : -81.240761
[setup in-reg] rst_ni -> _60413_/D : -81.239182
[setup in-reg] rst_ni -> _60406_/D : -81.239098
[setup in-reg] rst_ni -> _60408_/D : -81.237289
[setup in-reg] rst_ni -> _60412_/D : -81.236084
[setup in-reg] rst_ni -> _59517_/D : -81.232803
[setup in-reg] rst_ni -> _59511_/D : -81.232544
[setup in-reg] rst_ni -> _59514_/D : -81.232193
[setup in-reg] rst_ni -> _60411_/D : -81.231537
[setup in-reg] rst_ni -> _59510_/D : -81.231422
[setup in-reg] rst_ni -> _60375_/D : -81.229347
[setup in-reg] rst_ni -> _59513_/D : -81.229218
[setup in-reg] rst_ni -> _60377_/D : -81.228477
[setup in-reg] rst_ni -> _59486_/D : -81.227020
[setup in-reg] rst_ni -> _59516_/D : -81.226479
[setup in-reg] rst_ni -> _60378_/D : -81.226303
[setup in-reg] rst_ni -> _60374_/D : -81.226120
[setup in-reg] rst_ni -> _60381_/D : -81.225693
[setup in-reg] rst_ni -> _59512_/D : -81.225357
[setup in-reg] rst_ni -> _60380_/D : -81.223793
[setup in-reg] rst_ni -> _60376_/D : -81.223419
[setup in-reg] rst_ni -> _59515_/D : -81.222778
[setup in-reg] rst_ni -> _59487_/D : -81.220863
[setup in-reg] rst_ni -> _60379_/D : -81.220169
[setup in-reg] rst_ni -> _59518_/D : -81.198753
[setup in-reg] rst_ni -> _59519_/D : -81.198456
[setup in-reg] rst_ni -> _60393_/D : -81.182632
[setup in-reg] rst_ni -> _60392_/D : -81.180389
[setup in-reg] rst_ni -> _60390_/D : -81.171623
[setup in-reg] rst_ni -> _59497_/D : -81.146553
[setup in-reg] rst_ni -> _59496_/D : -81.144722
[setup in-reg] rst_ni -> _60397_/D : -81.144325
[setup in-reg] rst_ni -> _60395_/D : -81.141891
[setup in-reg] rst_ni -> _60391_/D : -81.141167
[setup in-reg] rst_ni -> _59494_/D : -81.139336
[setup in-reg] rst_ni -> _60396_/D : -81.138771
[setup in-reg] rst_ni -> _60394_/D : -81.134079
[setup in-reg] rst_ni -> _59495_/D : -81.128296
[setup in-reg] rst_ni -> _59499_/D : -81.128006
[setup in-reg] rst_ni -> _59501_/D : -81.128067
[setup in-reg] rst_ni -> _59500_/D : -81.124710
[setup in-reg] rst_ni -> _59498_/D : -81.114906
[setup in-reg] rst_ni -> _59529_/D : -81.092072
[setup in-reg] rst_ni -> _59528_/D : -81.089371
[setup in-reg] rst_ni -> _59533_/D : -81.087738
[setup in-reg] rst_ni -> _59526_/D : -81.083389
[setup in-reg] rst_ni -> _59531_/D : -81.075073
[setup in-reg] rst_ni -> _59532_/D : -81.069389
[setup in-reg] rst_ni -> _59527_/D : -81.069237
[setup in-reg] rst_ni -> _59530_/D : -81.065086
[setup in-reg] rst_ni -> _59479_/D : -80.996292
[setup in-reg] rst_ni -> _59481_/D : -80.993675
[setup in-reg] rst_ni -> _59478_/D : -80.993004
[setup in-reg] rst_ni -> _59482_/D : -80.992706
[setup in-reg] rst_ni -> _59484_/D : -80.990990
[setup in-reg] rst_ni -> _59485_/D : -80.990120
[setup in-reg] rst_ni -> _59483_/D : -80.989281
[setup in-reg] rst_ni -> _59480_/D : -80.988930
[setup reg-reg] _61138_/Q -> _61701_/D : -80.773758
[setup reg-reg] _61138_/Q -> _61677_/D : -80.487762
[setup in-reg] rst_ni -> _61867_/D : -79.910309
[setup in-reg] rst_ni -> _61872_/D : -79.905632
[setup in-reg] rst_ni -> _61869_/D : -79.877792
[setup in-reg] rst_ni -> _61870_/D : -79.867920
[setup in-reg] rst_ni -> _61868_/D : -79.841827
[setup in-reg] rst_ni -> _61871_/D : -79.826096
[setup in-reg] rst_ni -> _61876_/D : -79.668793
[setup in-reg] rst_ni -> _61874_/D : -79.667358
[setup in-reg] rst_ni -> _61873_/D : -79.631447
[setup in-reg] rst_ni -> _61875_/D : -79.563011
[setup in-reg] rst_ni -> _61865_/D : -79.463326
[setup in-reg] rst_ni -> _61866_/D : -79.438950
[setup in-reg] rst_ni -> _61864_/D : -79.291298
[setup in-reg] rst_ni -> _61860_/D : -79.284775
[setup in-reg] rst_ni -> _61863_/D : -79.267342
[setup in-reg] rst_ni -> _61857_/D : -79.262321
[setup in-reg] rst_ni -> _61861_/D : -79.260262
[setup in-reg] rst_ni -> _61862_/D : -79.254295
[setup in-reg] rst_ni -> _61859_/D : -79.248039
[setup in-reg] rst_ni -> _61858_/D : -79.231911
[setup in-reg] rst_ni -> _61886_/D : -79.165039
[setup in-reg] rst_ni -> _61885_/D : -79.144287
[setup in-reg] rst_ni -> _61884_/D : -79.140762
[setup in-reg] rst_ni -> _61883_/D : -79.127220
[setup in-reg] rst_ni -> _61882_/D : -79.122192
[setup in-reg] rst_ni -> _61880_/D : -79.082542
[setup in-reg] rst_ni -> _61881_/D : -79.079247
[setup in-reg] rst_ni -> _61878_/D : -79.025558
[setup in-reg] rst_ni -> _61877_/D : -79.023636
[setup in-reg] rst_ni -> _61879_/D : -79.015648
[setup in-reg] rst_ni -> _61887_/D : -77.731201
[setup in-reg] rst_ni -> _61888_/D : -77.729683
[setup in-reg] rst_ni -> _61788_/RN : -71.596016
[setup in-reg] rst_ni -> _61399_/RN : -71.595650
[setup in-reg] rst_ni -> _61400_/RN : -71.595634
[setup in-reg] rst_ni -> _61401_/RN : -71.595634
[setup in-reg] rst_ni -> _61402_/RN : -71.595634
[setup in-reg] rst_ni -> _61403_/RN : -71.595650
[setup reg-reg] _61138_/Q -> _62414_/D : -44.362057
[setup reg-reg] _61138_/Q -> _62110_/D : -44.329514
[setup reg-reg] _61138_/Q -> _62418_/D : -44.277500
[setup reg-reg] _61138_/Q -> _62422_/D : -44.267879
[setup reg-reg] _61138_/Q -> _62417_/D : -44.265022
[setup reg-reg] _61138_/Q -> _62424_/D : -44.239998
[setup reg-reg] _61138_/Q -> _62416_/D : -44.238262
[setup reg-reg] _61138_/Q -> _62411_/D : -44.222958
[setup reg-reg] _61138_/Q -> _62111_/D : -44.199200
[setup reg-reg] _61138_/Q -> _62421_/D : -44.090031
[setup reg-reg] _61138_/Q -> _62420_/D : -44.077740
[setup reg-reg] _61138_/Q -> _62435_/D : -43.869534
[setup reg-reg] _61138_/Q -> _62431_/D : -43.866623
[setup reg-reg] _61138_/Q -> _62428_/D : -43.865456
[setup reg-reg] _61138_/Q -> _62434_/D : -43.865044
[setup reg-reg] _61138_/Q -> _62444_/D : -43.862061
[setup reg-reg] _61138_/Q -> _62438_/D : -43.857113
[setup reg-reg] _61138_/Q -> _62440_/D : -43.853775
[setup reg-reg] _61138_/Q -> _62426_/D : -43.852253
[setup reg-reg] _61138_/Q -> _62427_/D : -43.849197
[setup reg-reg] _61138_/Q -> _62436_/D : -43.844807
[setup reg-reg] _61138_/Q -> _62429_/D : -43.842606
[setup reg-reg] _61138_/Q -> _62443_/D : -43.838028
[setup reg-reg] _61138_/Q -> _62442_/D : -43.837746
[setup reg-reg] _61138_/Q -> _62410_/D : -43.815987
[setup reg-reg] _61138_/Q -> _62419_/D : -43.793819
[setup reg-reg] _61138_/Q -> _62407_/D : -43.788052
[setup reg-reg] _61138_/Q -> _62423_/D : -43.787594
[setup reg-reg] _61138_/Q -> _62412_/D : -43.750080
[setup reg-reg] _61138_/Q -> _62413_/D : -43.749992
[setup reg-reg] _61138_/Q -> _62415_/D : -43.749950
[setup reg-reg] _61138_/Q -> _62433_/D : -43.749142
[setup reg-reg] _61138_/Q -> _62409_/D : -43.744907
[setup reg-reg] _61138_/Q -> _62112_/D : -43.736477
[setup reg-reg] _61138_/Q -> _62430_/D : -43.730965
[setup reg-reg] _61138_/Q -> _62425_/D : -43.724583
[setup reg-reg] _61138_/Q -> _62439_/D : -43.723804
[setup reg-reg] _61138_/Q -> _62408_/D : -43.719185
[setup reg-reg] _61138_/Q -> _62432_/D : -43.711468
[setup reg-reg] _61138_/Q -> _62437_/D : -43.711254
[setup reg-reg] _61138_/Q -> _62441_/D : -43.592537
[setup reg-reg] _61138_/Q -> _62445_/D : -42.611633
[setup reg-reg] _61138_/Q -> _62446_/D : -42.603916
[setup reg-reg] _61138_/Q -> _61448_/D : -41.713463
[setup reg-reg] _61138_/Q -> _61447_/D : -39.518585
[setup reg-reg] _61138_/Q -> _62046_/D : -39.026676
[setup reg-out] _61451_/Q -> uart_tx_o_OUT : -38.160561
[setup reg-out] _61892_/Q -> spi_flash_sd_io_OUT[2] : -14.847132
[setup reg-out] _61893_/Q -> spi_flash_sd_io_OUT[3] : -14.724968
[setup reg-out] _61891_/Q -> spi_flash_sd_io_OUT[1] : -13.343347
[setup reg-out] _61890_/Q -> spi_flash_sd_io_OUT[0] : -13.298532
[setup reg-reg] _60737_/Q -> _61939_/D : -5.145530
[setup reg-out] _60980_/Q -> spi_flash_sd_io_OE[0] : -4.135174
[setup reg-out] _60980_/Q -> spi_flash_sd_io_OE[1] : -4.090840
[setup reg-reg] _60737_/Q -> _60737_/D : -2.717336
[setup reg-out] _60964_/Q -> spi_flash_sd_io_OE[2] : -1.463903
[setup reg-out] _60980_/Q -> spi_flash_sd_io_IE[0] : -1.461647
[setup reg-out] _60980_/Q -> spi_flash_sd_io_IE[1] : -1.303327
[setup reg-reg] _60737_/Q -> _62093_/SETN : -1.269424
[setup reg-reg] _60737_/Q -> _62092_/SETN : -1.269420
[setup reg-reg] _60737_/Q -> _61648_/SETN : -1.269381
[setup reg-reg] _60737_/Q -> _56971_/SETN : -1.269374
[setup reg-reg] _60737_/Q -> _56972_/SETN : -1.269374
[setup reg-reg] _60737_/Q -> _62085_/SETN : -1.269374
[setup reg-reg] _60737_/Q -> _62086_/SETN : -1.269374
[setup reg-reg] _60737_/Q -> _62088_/SETN : -1.269370
[setup reg-reg] _60737_/Q -> _62089_/SETN : -1.269370
[setup reg-reg] _60737_/Q -> _62095_/SETN : -1.269370
[setup reg-reg] _60737_/Q -> _56964_/SETN : -1.269367
[setup reg-reg] _60737_/Q -> _56965_/SETN : -1.269367
[setup reg-reg] _60737_/Q -> _56966_/SETN : -1.269367
[setup reg-reg] _60737_/Q -> _56967_/SETN : -1.269367
[setup reg-reg] _60737_/Q -> _56973_/SETN : -1.269367
[setup reg-reg] _60737_/Q -> _61667_/SETN : -1.269367
[setup reg-reg] _60737_/Q -> _62087_/SETN : -1.269367
[setup reg-reg] _60737_/Q -> _56968_/SETN : -1.269360
[setup reg-reg] _60737_/Q -> _56969_/SETN : -1.269360
[setup reg-reg] _60737_/Q -> _56970_/SETN : -1.269360
[setup reg-out] _60964_/Q -> spi_flash_sd_io_OE[3] : -1.179934
Writing metric timing__hold_vio__count__corner:max_ss_125C_4v50: 2746
Writing metric timing__hold_r2r__ws__corner:max_ss_125C_4v50: -113.107521
Writing metric timing__hold_r2r_vio__count__corner:max_ss_125C_4v50: 1812
Writing metric timing__setup_vio__count__corner:max_ss_125C_4v50: 2674
Writing metric timing__setup_r2r__ws__corner:max_ss_125C_4v50: -87.333069
Writing metric timing__setup_r2r_vio__count__corner:max_ss_125C_4v50: 189
