net,length_um
clknet_0_i_core_v_mini_mcu.memory_subsystem_i.clk_cg,1.66896mm
clk_i,1.26804mm
net1905,1.08609mm
clknet_0_clk_i_regs,1.0482mm
clknet_0_i_core_v_mini_mcu.peripheral_subsystem_i.clk_cg,945.78µm
net1928,934.93µm
clknet_0_i_core_v_mini_mcu.cpu_subsystem_i.cpu_1_0.clk_i,900.58µm
clknet_0_i_core_v_mini_mcu.cpu_subsystem_i.cpu_0_0.clk_i,881.38µm
net861,837.05µm
net1149,835.08µm
net1906,834.96µm
_05660_,828.38µm
_06162_,827.27µm
net849,813.52µm
_06004_,806.62µm
net2082,787.41µm
_22991_,784.04µm
_24232_,781.55µm
_06402_,779.89µm
_24941_,777.77µm
_24896_,775.24µm
_24225_,770.6µm
_24907_,764.7µm
net827,756.8µm
_05609_,753.92µm
net910,747.8µm
_24110_,746.88µm
net905,743.98µm
_24175_,741.76µm
net909,739.91µm
_24165_,737.61µm
_05608_,732.57µm
_24204_,731.09µm
_24207_,722.24µm
net887,720.36µm
net1568,717.97µm
_24104_,714.04µm
net818,693.48µm
_06061_,692.92µm
_24322_,692.91µm
net1465,692.03µm
net1101,684.16µm
net1336,681.6µm
net1914,678.26µm
_13919_,676.12µm
_06047_,671.38µm
net1365,665.94µm
net1404,663.19µm
net1119,657.67µm
net1204,652.75µm
_06074_,647.15µm
_24350_,645.93µm
net1114,645.65µm
net1372,645.24µm
net1402,643.5µm
net1470,642.47µm
net1154,640.19µm
_24114_,639.17µm
net1311,635.49µm
net1223,634.95µm
net1334,633.51µm
_12441_,633.46µm
net1316,632.33µm
_05606_,632.13µm
net1107,630.76µm
net866,630.35µm
net1364,630.25µm
_24838_,630.14µm
net1148,629.54µm
net1430,627.6µm
net1096,627.45µm
net703,627.23µm
net183,626.43µm
net829,626.28µm
net1104,624.83µm
net1156,621.34µm
net1112,620.53µm
net2081,620.17µm
_24734_,619.61µm
net899,619.46µm
net1082,619.43µm
net1202,617.67µm
net1307,616.13µm
net1426,615.99µm
_18931_,615.23µm
net1115,614.71µm
net764,613.6µm
net1127,612.94µm
net701,611.7µm
net667,611.11µm
net1123,609.87µm
net1081,608.72µm
_24100_,608.56µm
net1347,607.62µm
net1143,606.02µm
_24149_,605.25µm
net908,604.93µm
net1118,604.88µm
net1357,604.13µm
net1406,603.47µm
net907,603.37µm
net1414,602.81µm
net242,602.76µm
net1190,602.07µm
_24094_,601.23µm
net1150,599.32µm
net2075,599.3µm
net696,597.81µm
net1181,597.3µm
net1209,596.95µm
_26331_,596.75µm
net1122,596.14µm
net1479,596.14µm
net891,595.89µm
net674,595.86µm
net1166,595.17µm
net1155,595.07µm
net875,594.46µm
net1360,594.19µm
net1314,594µm
net663,592.43µm
net1409,592.2µm
net912,592.07µm
net706,591.51µm
net711,591.18µm
net1157,590.74µm
_24121_,590.59µm
_05848_,590.54µm
_23006_,589.47µm
net710,589.39µm
net1103,588.81µm
_26112_,587.94µm
net1472,587.74µm
_24586_,587.28µm
net1151,586.88µm
net246,586.01µm
net1120,586.01µm
net1131,585.96µm
net708,585.83µm
net1355,584.65µm
net1102,584.09µm
net1308,583.97µm
_24222_,583.46µm
net2086,583.11µm
_20377_,582.9µm
net1410,582.37µm
net1152,581.61µm
net2129,580.51µm
net911,579.75µm
net1367,579.34µm
_26016_,579.24µm
net1350,578.98µm
_26465_,578.93µm
net181,576.84µm
net896,576.77µm
net664,576.49µm
net669,576.03µm
net1297,575.75µm
net1217,575.42µm
net769,575.06µm
net1199,574.96µm
net1218,573.9µm
_24161_,573.84µm
net1427,573.74µm
net976,573.6µm
net1301,572.11µm
_04634_,571.8µm
net1305,571.63µm
_14152_,571.57µm
clknet_4_7_0_i_core_v_mini_mcu.memory_subsystem_i.clk_cg,571.4µm
net1371,571.3µm
net1116,570.72µm
net697,570.62µm
net677,570.12µm
net1400,569.76µm
net182,569.16µm
_20454_,569.11µm
_26429_,568.8µm
net977,568.55µm
net1213,568.24µm
net1126,568.03µm
net1161,566.7µm
net707,565.97µm
net1353,565.85µm
net1551,565.72µm
net859,565.52µm
net1352,564.83µm
net1464,564.28µm
net1952,563.2µm
net1203,563.15µm
net1335,562.04µm
net1168,561.88µm
net1951,561.17µm
net1153,560.91µm
net1200,560.55µm
net1183,560.51µm
net1315,559.89µm
net1422,558.67µm
net1366,557.69µm
net1137,557.45µm
net1117,557.43µm
net820,557.4µm
net1743,557.3µm
_25001_,557.19µm
net1174,556.98µm
net893,556.84µm
_24167_,555.69µm
net1162,555.5µm
net1227,554.04µm
net1113,552.87µm
net1228,552.87µm
net1211,552.51µm
net1244,551.34µm
net1434,551.18µm
net1418,550.32µm
net1132,550.22µm
net1142,549.86µm
net1339,548.64µm
_25913_,548.03µm
_24602_,547.84µm
_25992_,546.91µm
net1130,546.81µm
_24810_,546.45µm
net1304,546.42µm
net856,545.59µm
net1836,545.59µm
net1953,545.08µm
_12470_,544.57µm
net1742,543.25µm
_05756_,542.23µm
net775,542µm
net1172,541.26µm
_07525_,541.06µm
_06009_,540.75µm
net702,540.19µm
net811,539.33µm
_24879_,538µm
_25798_,536.85µm
net676,536.69µm
_18507_,536.63µm
net1198,536.63µm
net1216,535.11µm
net825,534.95µm
_18673_,534.06µm
net817,533.78µm
net765,532.91µm
net2018,532.71µm
_24169_,532.58µm
_24678_,531.13µm
net675,531.08µm
net819,529.91µm
net1229,527.77µm
net728,527.5µm
net1348,526.47µm
net665,526.33µm
net2061,525.82µm
net886,525.33µm
net1187,524.51µm
net774,523.8µm
_24186_,522.98µm
_26265_,522.17µm
net828,520.95µm
_10516_,518.72µm
net1826,517.18µm
_22988_,517.13µm
_10545_,516.88µm
net1331,516.74µm
net902,514.74µm
net1361,514.63µm
_24117_,514.43µm
net1317,514.33µm
net1358,513.96µm
_20881_,513.03µm
_24802_,512.6µm
net1908,511.46µm
net1332,511.38µm
_24158_,511.27µm
net901,510.92µm
net1214,510.92µm
net1736,510.82µm
net1158,510.77µm
net709,510.41µm
net1135,510.31µm
net2083,510.26µm
net821,510.25µm
_24336_,509.85µm
net1984,508.32µm
net2048,508.07µm
net1189,507.51µm
_24293_,506.64µm
net699,506.54µm
net1124,505.88µm
net2024,505.53µm
net1405,505.32µm
net1954,502.98µm
net862,501.86µm
net1462,501.6µm
_24144_,501.24µm
_05719_,501.09µm
_13958_,500.96µm
net1299,500.23µm
_18632_,499.72µm
net854,498.6µm
clknet_1_1__leaf_clk_i,498.5µm
net1105,498.14µm
_24781_,497.65µm
net1738,497.38µm
net758,497.17µm
net1463,496.73µm
_10521_,496.21µm
_12438_,495.85µm
_12397_,495.5µm
_12740_,495.48µm
net773,495.34µm
net796,494.54µm
net1055,494.02µm
_16434_,493.46µm
net934,493µm
net1121,492.95µm
_12764_,491.78µm
_25818_,490.84µm
net869,490.25µm
net2042,490.2µm
net2015,489.84µm
net1224,487.76µm
net1468,487.6µm
_18549_,487.56µm
_24584_,486.99µm
net2087,486.43µm
net1832,486.28µm
net1210,485.63µm
net791,485.44µm
net895,485.26µm
_24105_,484.48µm
net1160,482.96µm
net1240,482.8µm
_10523_,482.41µm
_12483_,481.85µm
_24083_,480.73µm
net579,480.47µm
_12347_,479.46µm
net1980,478.39µm
_05601_,477.88µm
_24215_,477.21µm
net1921,476.86µm
net900,476.44µm
net1983,476.1µm
net1444,475.13µm
_20442_,474.68µm
net1302,474.24µm
net938,474.01µm
net2047,473.86µm
net768,473.14µm
net586,471.82µm
net913,471.67µm
net1443,471.39µm
net2044,471.36µm
net2031,470.8µm
net705,470.55µm
net853,470.04µm
_12457_,469.51µm
net693,468.29µm
_24824_,468.25µm
net673,468.22µm
net752,468.03µm
net1300,467.75µm
_24127_,467.67µm
_20813_,467.39µm
_18434_,466.63µm
_25452_,466.34µm
net1486,466.22µm
net1144,465.41µm
net1566,464.93µm
_24091_,464.59µm
_12377_,464.44µm
net799,464.34µm
net715,463.88µm
_24084_,463.52µm
net1493,463.01µm
_24192_,462.86µm
net2065,462.76µm
net1975,462.05µm
_24189_,461.74µm
net698,461.64µm
clknet_leaf_67_i_core_v_mini_mcu.memory_subsystem_i.clk_cg,461.59µm
net1288,461.13µm
net2077,461.08µm
net1560,460.72µm
net2056,460.64µm
net2126,460.62µm
net1099,460.01µm
_24136_,459.6µm
net1395,459.45µm
net803,459.15µm
clknet_4_0__leaf_i_core_v_mini_mcu.cpu_subsystem_i.cpu_0_0.clk_i,458.48µm
net1136,458.33µm
_10841_,458.28µm
net790,458.28µm
_12440_,458.23µm
net757,457.89µm
_24128_,457.26µm
net1982,457.11µm
_24639_,456.8µm
net2072,456.78µm
net1312,456.75µm
_10432_,456.53µm
_12511_,456.06µm
_10571_,455.99µm
_26401_,455.64µm
net1987,455.53µm
_12462_,455.17µm
_07168_,454.56µm
net1933,454.26µm
_19489_,454.14µm
_10917_,454.07µm
net1318,452.85µm
net798,452.22µm
net730,452.17µm
net1393,452.1µm
net1140,451.91µm
net729,451.71µm
_18933_,451.61µm
net770,451.15µm
net1294,451.15µm
_05995_,451.1µm
net1098,451.05µm
_10869_,450.9µm
net1196,450.68µm
net1298,450.62µm
_05947_,450.28µm
net804,450.13µm
net2049,449.88µm
net1147,449.66µm
_24396_,449.06µm
_17500_,448.92µm
net1587,448.91µm
net848,448.71µm
net714,448.35µm
net1192,448.3µm
net1802,448.2µm
net933,448.15µm
net2041,447.03µm
net797,446.72µm
net1309,446.6µm
net1344,446.57µm
_06072_,445.86µm
_23001_,445.7µm
net1109,444.93µm
net1383,444.79µm
_10569_,444.74µm
_18935_,444.69µm
_24339_,444.63µm
clknet_3_6_0_clk_i_regs,443.62µm
_10519_,443.16µm
_20365_,442.49µm
net1909,441.94µm
net1922,441.79µm
net1988,441.53µm
_05963_,441.48µm
_11218_,441.47µm
_24166_,441.32µm
net748,441.18µm
_14372_,441.02µm
_12475_,440.95µm
net653,440.72µm
net1343,440.51µm
_12579_,439.7µm
_24096_,439.44µm
net814,439.32µm
_10534_,439.3µm
net1428,439.26µm
net1159,439.15µm
_05788_,438.68µm
net1474,438.68µm
_09199_,438.52µm
net1370,438.4µm
net1930,437.81µm
_14113_,437.05µm
net1106,436.86µm
_24125_,436.54µm
net1981,436.32µm
net1293,436.13µm
_24627_,436.08µm
clknet_4_2__leaf_i_core_v_mini_mcu.cpu_subsystem_i.cpu_0_0.clk_i,435.98µm
_18929_,435.88µm
_18183_,435.83µm
net2038,435.83µm
_26368_,435.77µm
net326,434.81µm
net1134,434.76µm
_26194_,434.73µm
_07464_,434.2µm
_25751_,434.19µm
net889,433.64µm
_06045_,432.98µm
_19448_,432.93µm
net1729,431.91µm
net244,431.81µm
net534,431.55µm
_10355_,431.38µm
net823,431.35µm
_14383_,430.89µm
net850,430.43µm
_06598_,430.24µm
_25395_,430.18µm
net1435,429.72µm
net724,429.21µm
net2051,429.16µm
net1481,429.14µm
net2040,429.11µm
net1054,428.85µm
_12447_,428.6µm
net598,428.47µm
net2080,428.32µm
_25114_,428.14µm
_24608_,428.01µm
net1310,427.63µm
_24521_,427.37µm
net1191,426.92µm
_24234_,426.56µm
net1425,426.51µm
_16562_,426.35µm
net386,426.31µm
_10970_,425.75µm
_12423_,425.75µm
net716,425.59µm
net1328,425.54µm
net668,425.49µm
_24152_,425.34µm
clknet_leaf_70_i_core_v_mini_mcu.memory_subsystem_i.clk_cg,424.93µm
net671,424.78µm
clknet_4_1__leaf_i_core_v_mini_mcu.cpu_subsystem_i.cpu_0_0.clk_i,424.73µm
_13928_,424.63µm
net864,423.05µm
net1966,423.05µm
net1052,422.9µm
net1169,422.54µm
net1374,422.48µm
net890,422.44µm
_24790_,422.17µm
net1970,422.14µm
net809,421.98µm
net888,421.93µm
net2074,421.93µm
net1327,421.88µm
_06160_,421.83µm
_26205_,421.32µm
net906,421.27µm
net763,420.86µm
net1197,420.81µm
net1907,420.76µm
clknet_1_0__leaf_clk_i,420.56µm
net1380,420.4µm
net1473,420.3µm
_24141_,419.89µm
net347,419.79µm
_06929_,419.28µm
net898,419.27µm
net1345,419.23µm
_10900_,419.18µm
_18937_,419.08µm
_14136_,418.89µm
_12357_,418.86µm
_16984_,418.65µm
_24368_,418.62µm
_11395_,418.56µm
net1058,418.27µm
net1219,418.01µm
net753,417.96µm
net1401,417.96µm
net1477,417.5µm
_10901_,417.4µm
_06526_,417.04µm
_05909_,416.74µm
net532,416.53µm
_12541_,416.38µm
net294,416.38µm
net966,416.38µm
net1089,416.33µm
net2058,415.96µm
_24752_,415.92µm
net718,415.82µm
_25018_,415.72µm
net1417,415.27µm
_11197_,415.16µm
net1657,415.15µm
net2128,414.75µm
net1469,414.6µm
net2062,414.6µm
i_core_v_mini_mcu.memory_subsystem_i.ram0_i.tc_ram_i.sram\[21\]\[12\],414.5µm
_24217_,414.39µm
_17716_,414.24µm
net2045,414.11µm
net935,413.99µm
net731,413.94µm
net1125,413.94µm
net789,413.63µm
_25354_,413.12µm
_24124_,413.07µm
net1424,413.07µm
net345,413.02µm
clknet_3_3_0_clk_i_regs,412.46µm
_10547_,412.31µm
_07833_,411.75µm
_12395_,411.7µm
net694,411.7µm
_10538_,411.65µm
net1063,411.65µm
_26213_,411.52µm
net129,411.44µm
net1528,411.34µm
net240,411.29µm
_06610_,411.03µm
net903,410.73µm
_25097_,410.68µm
_11029_,410.58µm
clknet_3_0_0_clk_i_regs,410.58µm
_16400_,410.54µm
_12362_,410.38µm
net1989,410.27µm
net1416,409.51µm
net719,409.1µm
net826,408.9µm
_12707_,408.89µm
_12309_,408.71µm
net704,408.66µm
net453,408.54µm
net1128,408.53µm
_26129_,408.49µm
_08824_,407.83µm
net1375,407.5µm
net1915,407.32µm
net1356,407.27µm
_24219_,406.66µm
_26200_,406.12µm
_10648_,405.75µm
net670,405.74µm
net1088,405.74µm
_14419_,405.64µm
_06529_,405.59µm
_14233_,405.48µm
net2043,405.18µm
net1215,405.13µm
_05730_,405.08µm
net1737,405.08µm
_26399_,404.98µm
net2027,404.88µm
net1408,404.72µm
net316,404.47µm
net1226,404.38µm
_10742_,403.91µm
net1138,403.35µm
_25989_,403.26µm
_05843_,403.07µm
_12549_,402.94µm
_13938_,402.84µm
net822,402.74µm
_26220_,402.48µm
_14175_,402.43µm
net1563,402.41µm
_16341_,402.38µm
_26374_,402.38µm
net1306,402.37µm
_26067_,402.33µm
net745,402.02µm
net1475,401.87µm
_05538_,401.82µm
net868,401.81µm
net1325,401.77µm
_14382_,401.67µm
_20487_,401.26µm
_07000_,401µm
_26497_,400.96µm
net605,400.86µm
_16975_,400.77µm
_12409_,400.73µm
net1420,400.65µm
net723,400.6µm
net1666,400.6µm
_12338_,400.55µm
_24202_,400.45µm
net1411,400.37µm
_25317_,400.19µm
net2063,400.14µm
net1439,400.02µm
clknet_leaf_71_i_core_v_mini_mcu.memory_subsystem_i.clk_cg,399.94µm
_22865_,399.89µm
_25896_,399.68µm
_04633_,399.17µm
_12326_,399.15µm
net937,398.77µm
net1399,398.73µm
_18591_,398.72µm
_12621_,398.46µm
net1326,398.31µm
net2017,398.31µm
_12522_,397.9µm
net1471,397.7µm
_06970_,397.39µm
_16989_,397.34µm
net1212,397.34µm
net943,397.09µm
_26049_,396.83µm
net1993,396.71µm
_10623_,396.63µm
_19777_,396.07µm
net1338,396.07µm
net792,395.99µm
_26897_,395.97µm
net2068,395.76µm
net1246,395.66µm
net860,395.41µm
net835,395.15µm
net1238,395µm
net1385,394.9µm
_20354_,394.69µm
net1220,394.59µm
net744,394.5µm
net658,394.4µm
net2084,394.39µm
net816,394.18µm
net824,393.83µm
_26092_,393.73µm
_14095_,393.53µm
_12316_,393.08µm
net1100,392.71µm
net1962,392.71µm
net2053,392.65µm
_05917_,392.26µm
net679,392.25µm
net1556,391.79µm
clknet_3_6__leaf_i_core_v_mini_mcu.peripheral_subsystem_i.clk_cg,391.79µm
_10734_,391.69µm
net746,391.69µm
clknet_3_5_0_clk_i_regs,391.69µm
net1145,391.13µm
_10794_,390.8µm
net727,390.29µm
_12415_,389.96µm
net700,389.96µm
_19335_,389.91µm
net788,389.91µm
_26033_,389.6µm
_20568_,389.5µm
_10736_,389.42µm
_26299_,389.4µm
net795,389.35µm
_10383_,389.3µm
_14447_,389.04µm
net1494,388.94µm
clknet_4_8__leaf_i_core_v_mini_mcu.cpu_subsystem_i.cpu_0_0.clk_i,388.89µm
_05821_,388.79µm
net1322,388.79µm
_22998_,388.64µm
net690,388.26µm
net717,388.23µm
net1243,387.97µm
_07830_,387.96µm
net815,387.87µm
net1433,387.87µm
net1476,387.83µm
_08380_,387.67µm
_11001_,387.67µm
i_core_v_mini_mcu.core_data_req\[8\],387.67µm
net1391,387.62µm
_18757_,387.57µm
_10334_,387.26µm
net1885,387.21µm
net1536,387.11µm
_12356_,386.89µm
_24118_,386.88µm
net772,386.8µm
_12348_,386.6µm
clknet_3_0__leaf_i_core_v_mini_mcu.peripheral_subsystem_i.clk_cg,386.55µm
_25683_,386.5µm
_12317_,386.09µm
net1524,386.09µm
net777,385.94µm
net1396,385.68µm
_24181_,385.58µm
_21377_,385.48µm
clknet_4_9_0_i_core_v_mini_mcu.memory_subsystem_i.clk_cg,384.97µm
_17712_,384.36µm
_12816_,384.22µm
net1467,384.21µm
net1111,383.19µm
_26364_,382.22µm
clknet_3_4_0_clk_i_regs,382.17µm
net865,381.61µm
net1368,381.61µm
_10610_,381.56µm
_12363_,381.56µm
_16430_,381.51µm
net793,381.46µm
_07137_,380.9µm
_25416_,379.93µm
_05813_,379.88µm
net1392,379.42µm
net749,379.33µm
net2076,379.32µm
_16388_,379.27µm
net2073,379.22µm
_14361_,378.86µm
net1431,378.86µm
clknet_4_6__leaf_i_core_v_mini_mcu.cpu_subsystem_i.cpu_0_0.clk_i,378.81µm
clknet_4_5_0_i_core_v_mini_mcu.memory_subsystem_i.clk_cg,378.76µm
net615,378.71µm
net1412,378.71µm
net1263,378.61µm
net666,378.6µm
net1184,378.45µm
_10846_,378.2µm
net810,378.2µm
net760,377.98µm
_14351_,377.84µm
net1442,377.59µm
_08224_,377.49µm
_25583_,377.4µm
net1413,376.52µm
net672,376.11µm
_05873_,375.76µm
_16675_,375.55µm
_20337_,375.54µm
_10880_,375.45µm
net987,375.45µm
_10643_,375.4µm
_12502_,375.35µm
net2059,375.35µm
net1978,375.33µm
_18873_,374.84µm
net735,374.84µm
net722,374.58µm
_14008_,374.28µm
net654,374.23µm
net964,374.22µm
_24111_,373.97µm
net1313,373.92µm
net1337,373.84µm
net1398,373.82µm
net1087,373.68µm
net1207,373.37µm
net1059,373.32µm
_12556_,373.19µm
_25888_,373.17µm
_24079_,373.11µm
net874,373.01µm
net600,372.69µm
net678,372.64µm
_11375_,372.6µm
net1324,372.6µm
_24362_,372.55µm
net1319,372.55µm
net1440,372.39µm
net1506,372.24µm
_10702_,372.14µm
net365,372.14µm
_05842_,372.09µm
_24249_,371.78µm
net778,371.75µm
_12458_,371.63µm
net904,371.43µm
_24199_,371.38µm
net2046,371.33µm
net681,371.07µm
_14503_,370.92µm
clknet_3_2_0_clk_i_regs,370.87µm
net1423,370.57µm
net1979,370.46µm
_18208_,370.41µm
i_core_v_mini_mcu.ao_peripheral_subsystem_i.power_manager_i.power_manager_reg_top_i.cpu_switch_on_counter_qs\[8\],370.41µm
net1376,370.41µm
_12445_,370.21µm
_25484_,370µm
_11367_,369.95µm
net1407,369.47µm
net1234,369.39µm
_14330_,369.19µm
_20664_,369.19µm
_18210_,369.14µm
net878,369.14µm
net1740,369.14µm
net662,369.09µm
_10988_,368.78µm
_18949_,368.73µm
clknet_4_4_0_i_core_v_mini_mcu.memory_subsystem_i.clk_cg,368.73µm
net808,368.68µm
_22863_,367.99µm
_17516_,367.69µm
net1085,367.69µm
net965,367.67µm
net506,367.61µm
net800,367.39µm
net1936,367.16µm
net1333,367.05µm
net1167,366.77µm
net601,366.6µm
_14288_,366.54µm
i_core_v_mini_mcu.ao_peripheral_subsystem_i.power_manager_i.power_manager_reg_top_i.reg2hw\[244\],366.53µm
_05926_,366.49µm
net1188,366.35µm
net292,366.25µm
net1034,366.13µm
net1060,365.97µm
_16407_,365.74µm
net680,365.52µm
_14307_,365.44µm
net892,365.32µm
_10387_,365.27µm
net1032,365.27µm
net1669,365.27µm
_18716_,365.01µm
_12341_,364.84µm
_05983_,364.71µm
net695,364.71µm
net661,364.47µm
_26592_,364.29µm
net348,364.26µm
net1378,364.2µm
net2050,364.1µm
net941,363.79µm
net1201,363.69µm
_17543_,363.18µm
net894,363.03µm
net1977,363.01µm
_08466_,362.93µm
_10756_,362.82µm
_25841_,362.82µm
_16956_,362.67µm
_14467_,362.57µm
_12404_,361.96µm
_19572_,361.3µm
net940,361.3µm
net1233,361.09µm
_18953_,360.99µm
net627,360.89µm
net1245,360.84µm
net750,360.68µm
_25956_,360.63µm
_24147_,360.53µm
_09161_,360.4µm
_06434_,360.38µm
_25251_,360.38µm
_12315_,360.33µm
_12389_,360.28µm
i_core_v_mini_mcu.ao_peripheral_subsystem_i.power_manager_i.power_manager_reg_top_i.cpu_switch_on_counter_qs\[7\],360.08µm
net879,359.92µm
clknet_5_3__leaf_i_core_v_mini_mcu.cpu_subsystem_i.cpu_1_0.clk_i,359.77µm
net1377,359.74µm
_10597_,359.36µm
net870,359.35µm
net692,359.21µm
_10361_,359.16µm
_20752_,359.11µm
net1545,359.11µm
net830,358.9µm
net329,358.81µm
net660,358.65µm
_10791_,358.6µm
net614,358.6µm
_25052_,358.29µm
_10162_,357.99µm
_19269_,357.99µm
net2037,357.94µm
_04632_,357.68µm
net756,357.63µm
net517,357.58µm
net1175,357.58µm
_12379_,357.54µm
_10799_,357.48µm
net1500,357.43µm
net2057,357.23µm
net1419,357.2µm
_05627_,357.07µm
net1415,356.97µm
_18862_,356.77µm
net759,356.56µm
net599,356.51µm
_24618_,356.31µm
_18779_,356.26µm
net1665,356.05µm
net369,355.96µm
net1346,355.8µm
_10903_,355.7µm
_10724_,355.29µm
_08264_,355.14µm
net1206,354.78µm
_24977_,354.5µm
_10855_,354.33µm
_20756_,354.27µm
_14864_,354.17µm
net327,354.12µm
_26173_,353.51µm
_25695_,353.42µm
_16836_,353.15µm
net515,353.05µm
_12450_,353µm
net1972,353µm
net1583,352.86µm
_10878_,352.39µm
net179,352.39µm
net1095,352.39µm
net766,352.03µm
net372,351.93µm
net2014,351.93µm
_08023_,351.83µm
net1129,351.83µm
_08343_,351.78µm
net2085,351.42µm
net1141,351.32µm
net1342,351.32µm
net1546,351.32µm
net238,351.28µm
_20607_,351.24µm
_05874_,351.12µm
net1421,351.01µm
net982,350.96µm
_12371_,350.91µm
_05533_,350.71µm
_25386_,350.71µm
_05898_,350.66µm
net1598,350.66µm
net1491,350.2µm
_16725_,350.15µm
_24130_,350.15µm
_24210_,349.84µm
net802,349.79µm
net1290,349.74µm
net1596,349.59µm
_07922_,349.24µm
net1359,349.21µm
net1667,349.18µm
_11298_,349.13µm
_12321_,349.08µm
net657,349.08µm
_10745_,348.98µm
i_core_v_mini_mcu.ao_peripheral_subsystem_i.power_manager_i.power_manager_reg_top_i.global_pointer_qs\[21\],348.87µm
net2039,348.47µm
_10549_,348.42µm
net734,348.16µm
_25784_,348.12µm
_26145_,348.01µm
_20760_,347.86µm
_22984_,347.86µm
net794,347.86µm
net1163,347.65µm
net538,347.6µm
_11137_,347.5µm
net1208,347.45µm
net1384,347.45µm
net239,346.99µm
net897,346.74µm
net1554,346.74µm
_18839_,346.69µm
_25604_,346.53µm
net932,346.33µm
net1236,346.28µm
net2078,346.02µm
net1512,345.95µm
_18798_,345.62µm
_25628_,345.41µm
_20579_,345.36µm
_14441_,345.26µm
_18927_,345.26µm
net838,345.21µm
_10918_,345.11µm
net834,344.89µm
net876,344.75µm
net1173,344.75µm
clknet_4_4__leaf_i_core_v_mini_mcu.cpu_subsystem_i.cpu_0_0.clk_i,344.5µm
_13994_,344.45µm
_10856_,344.34µm
_16721_,344.27µm
clknet_4_12__leaf_i_core_v_mini_mcu.cpu_subsystem_i.cpu_0_0.clk_i,344.24µm
net1381,344.14µm
net1478,344.09µm
clknet_3_1_0_clk_i_regs,343.94µm
_14054_,343.86µm
net1961,343.49µm
_10596_,343.38µm
_12388_,343.29µm
_25285_,343.28µm
net184,343.02µm
net1971,342.87µm
_18921_,342.46µm
net1031,342.37µm
_12381_,342.31µm
net1965,342.31µm
_20743_,341.85µm
_24240_,341.85µm
net1533,341.85µm
clknet_4_14__leaf_i_core_v_mini_mcu.cpu_subsystem_i.cpu_0_0.clk_i,341.85µm
_12390_,341.75µm
net1329,341.75µm
net1033,341.7µm
_18820_,341.65µm
net2016,341.34µm
net1967,341.29µm
_16319_,341.19µm
net1178,341.19µm
_10792_,341.14µm
i_core_v_mini_mcu.memory_subsystem_clkgate_en_n,341.09µm
_17538_,340.78µm
net986,340.73µm
net1193,340.73µm
_18955_,340.68µm
_10844_,340.22µm
_06840_,340.02µm
net1437,339.91µm
net1613,339.76µm
_06677_,339.66µm
net1303,339.61µm
net1397,339.56µm
net1164,339.53µm
_10529_,339.51µm
net2054,339.51µm
net1834,339.46µm
net1330,339.41µm
_17552_,339.1µm
net1320,339µm
_16500_,338.95µm
net1221,338.9µm
net516,338.79µm
_18245_,338.54µm
_19268_,338.44µm
i_core_v_mini_mcu.ao_peripheral_subsystem_i.power_manager_i.power_manager_reg_top_i.en_wait_for_intr_qs\[19\],338.44µm
_06963_,338.42µm
_08065_,338.34µm
_25158_,338.18µm
_17028_,338.13µm
_20570_,338.08µm
clknet_leaf_69_i_core_v_mini_mcu.memory_subsystem_i.clk_cg,337.98µm
_17496_,337.88µm
net1537,337.42µm
net837,337.37µm
_17520_,337.27µm
_25769_,337.01µm
i_core_v_mini_mcu.ao_peripheral_subsystem_i.power_manager_i.power_manager_reg_top_i.cpu_switch_on_counter_qs\[14\],336.91µm
_18747_,336.86µm
_10618_,336.81µm
net1728,336.71µm
net776,336.25µm
net857,336.15µm
_14319_,336.05µm
net1969,336.05µm
_16671_,335.74µm
_07581_,335.69µm
net1001,335.69µm
_12339_,335.59µm
_18958_,335.54µm
_08186_,335.49µm
_05932_,335.41µm
net685,335.28µm
net914,335.28µm
net1177,335.28µm
_12350_,335.23µm
net686,335.08µm
_05550_,334.62µm
net1455,334.54µm
_20314_,334.39µm
_20663_,334.11µm
net883,334.06µm
_12571_,334µm
_14335_,333.95µm
net1403,333.86µm
_12411_,333.76µm
_24920_,333.71µm
net1452,333.55µm
_12370_,333.5µm
_19165_,333.4µm
_22795_,333.4µm
net514,333.4µm
net687,333.35µm
clknet_4_13__leaf_i_core_v_mini_mcu.cpu_subsystem_i.cpu_0_0.clk_i,333.35µm
_18951_,333.3µm
_12599_,332.99µm
_27512_,332.99µm
net1507,332.94µm
_06790_,332.79µm
_07344_,332.33µm
_25832_,332.33µm
net243,332.33µm
net174,332.28µm
net1080,331.77µm
net1496,331.77µm
_05711_,331.72µm
net325,331.57µm
net1354,331.54µm
_20515_,331.31µm
_10587_,331.26µm
_12489_,331.21µm
net609,331.21µm
net1239,331.11µm
net1503,330.65µm
_24101_,330.6µm
net387,330.45µm
_25283_,330.29µm
_24159_,330.24µm
net1237,330.14µm
net721,330.09µm
clknet_4_8_0_i_core_v_mini_mcu.memory_subsystem_i.clk_cg,330.09µm
net1186,329.94µm
net1668,329.58µm
_18939_,329.53µm
_16952_,329.48µm
_16452_,329.33µm
_14860_,329.17µm
spi_flash_sd_io[2],328.59µm
clknet_4_11__leaf_i_core_v_mini_mcu.cpu_subsystem_i.cpu_0_0.clk_i,328.51µm
_16947_,328.21µm
net1340,328.21µm
net1488,328.15µm
net256,327.95µm
_10840_,327.86µm
_19289_,327.4µm
_12360_,327.39µm
_19227_,327.34µm
_24237_,327.34µm
net1456,327.29µm
net2035,327.29µm
net755,327.24µm
net847,327.24µm
net1064,327.04µm
_27403_,326.88µm
net1252,326.78µm
clknet_4_5__leaf_i_core_v_mini_mcu.cpu_subsystem_i.cpu_0_0.clk_i,326.78µm
net388,326.63µm
_12461_,326.53µm
_24131_,326.27µm
_05883_,326.22µm
_06217_,326.12µm
_12746_,326.02µm
net1974,326.02µm
net2060,326.02µm
net1436,325.86µm
net1825,325.66µm
i_core_v_mini_mcu.ao_peripheral_subsystem_i.power_manager_i.power_manager_reg_top_i.reg2hw\[241\],325.61µm
_05972_,325.56µm
net953,325.56µm
_19654_,325.51µm
_06491_,325.46µm
_12376_,325.2µm
spi_flash_sd_io[1],325.17µm
_16748_,325.15µm
_24432_,325.15µm
net1075,324.95µm
_12467_,324.85µm
_19695_,324.85µm
_08868_,324.54µm
net1575,324.49µm
_26143_,324.44µm
net324,324.44µm
_18885_,324.34µm
_08302_,324.29µm
_16259_,324.21µm
net2070,323.88µm
_20400_,323.78µm
_14256_,323.7µm
net2071,323.68µm
clknet_4_3__leaf_i_core_v_mini_mcu.cpu_subsystem_i.cpu_0_0.clk_i,323.27µm
net2055,323.27µm
_25621_,322.96µm
net1053,322.91µm
_17530_,322.71µm
net1973,322.66µm
_19736_,322.35µm
net581,322.25µm
net1247,322.25µm
net1646,322.2µm
i_core_v_mini_mcu.ao_peripheral_subsystem_i.power_manager_i.power_manager_reg_top_i.global_pointer_qs\[20\],322.1µm
net1035,321.92µm
net458,321.84µm
_24332_,321.69µm
net1232,321.69µm
net575,321.59µm
_06412_,321.54µm
net321,321.49µm
clknet_4_7__leaf_i_core_v_mini_mcu.cpu_subsystem_i.cpu_0_0.clk_i,321.38µm
_05602_,321.18µm
_24526_,321.18µm
_25186_,321.13µm
net1351,321.13µm
_13909_,321.08µm
net180,321.08µm
clknet_4_9__leaf_i_core_v_mini_mcu.cpu_subsystem_i.cpu_0_0.clk_i,321.08µm
_12459_,321.03µm
_22867_,320.98µm
_05696_,320.93µm
_17024_,320.77µm
net1453,320.72µm
net1485,320.72µm
_17548_,320.57µm
clknet_leaf_78_i_core_v_mini_mcu.memory_subsystem_i.clk_cg,320.57µm
_07462_,320.47µm
_10775_,320.11µm
_10973_,320.01µm
_14340_,320.01µm
_25627_,319.83µm
spi_flash_sd_io[0],319.67µm
_20431_,319.55µm
net1195,319.55µm
net1597,319.55µm
net1040,319.45µm
_10555_,319.35µm
_07927_,319.3µm
net1242,319.25µm
net1502,319.25µm
_14318_,318.89µm
net241,318.89µm
net1529,318.89µm
_25883_,318.84µm
net832,318.84µm
_17008_,318.74µm
net245,318.74µm
net105,318.48µm
_24328_,318.43µm
_07439_,318.42µm
clknet_5_13__leaf_i_core_v_mini_mcu.cpu_subsystem_i.cpu_1_0.clk_i,318.38µm
net612,317.72µm
_18246_,317.67µm
_24107_,317.67µm
_19081_,317.58µm
net1039,317.31µm
net1321,317.26µm
net319,317.11µm
_15093_,317.03µm
net1531,316.75µm
_26259_,316.65µm
net1257,316.6µm
clknet_3_2__leaf_i_core_v_mini_mcu.peripheral_subsystem_i.clk_cg,316.6µm
_10939_,316.55µm
net846,316.55µm
_23010_,316.24µm
_24246_,316.19µm
net1992,316.14µm
net317,316.04µm
net1837,315.99µm
_10544_,315.59µm
clknet_5_8__leaf_i_core_v_mini_mcu.cpu_subsystem_i.cpu_1_0.clk_i,315.53µm
i_core_v_mini_mcu.peripheral_subsystem_i.obi_fifo_i.consumer_data_req\[36\],315.48µm
clknet_leaf_72_i_core_v_mini_mcu.memory_subsystem_i.clk_cg,315.48µm
net293,315.43µm
i_core_v_mini_mcu.memory_subsystem_i.ram0_i.tc_ram_i.sram\[21\]\[25\],315.22µm
_12656_,315.07µm
net638,315.07µm
_10718_,315.03µm
net1108,314.92µm
net328,314.9µm
_08109_,314.87µm
_16382_,314.87µm
_24862_,314.79µm
net1931,314.77µm
_24297_,314.41µm
net172,314.41µm
_10826_,314.36µm
clknet_3_5_0_i_core_v_mini_mcu.cpu_subsystem_i.cpu_1_0.clk_i,314.36µm
_24209_,314.23µm
_11059_,313.85µm
_20538_,313.49µm
net1572,313.29µm
_24253_,312.98µm
clknet_4_6_0_i_core_v_mini_mcu.memory_subsystem_i.clk_cg,312.73µm
clknet_4_15__leaf_i_core_v_mini_mcu.cpu_subsystem_i.cpu_0_0.clk_i,312.73µm
_25826_,312.68µm
net1323,312.68µm
net771,312.55µm
_07353_,312.37µm
net733,312.37µm
_16746_,312.22µm
net560,312µm
_10710_,311.79µm
_18182_,311.71µm
net1505,311.71µm
net2007,311.56µm
_19247_,311.41µm
net2052,311.25µm
_12836_,311.14µm
_11012_,311µm
_18947_,311µm
_10986_,310.95µm
_24866_,310.64µm
clknet_4_11_0_i_core_v_mini_mcu.memory_subsystem_i.clk_cg,310.64µm
net713,310.54µm
net1291,310.39µm
_16424_,310.34µm
_24174_,310.13µm
_07826_,310.03µm
_24245_,310.03µm
net535,309.93µm
_18925_,309.88µm
net1466,309.88µm
_07979_,309.78µm
_19228_,309.78µm
_23097_,309.55µm
net1264,309.42µm
net1519,309.42µm
_14163_,309.28µm
net587,309.27µm
net1182,309.27µm
_24863_,309.22µm
_10807_,309µm
net603,308.86µm
_14491_,308.76µm
_10661_,308.71µm
_18919_,308.71µm
net1363,308.71µm
net1036,308.66µm
net1508,308.55µm
_07260_,308.3µm
net323,308.3µm
net1241,308.3µm
_18999_,308.25µm
net1558,308.15µm
_08353_,308.05µm
net577,308.05µm
net613,307.75µm
net1956,307.74µm
net742,307.23µm
_12337_,306.98µm
net980,306.62µm
clknet_5_26__leaf_clk_i_regs,306.62µm
_20815_,306.52µm
_05659_,306.47µm
net1222,306.46µm
_05805_,306.42µm
_10633_,306.42µm
net968,306.01µm
_06468_,305.96µm
net1000,305.91µm
clknet_3_4_0_i_core_v_mini_mcu.cpu_subsystem_i.cpu_1_0.clk_i,305.91µm
_13970_,305.75µm
_10728_,305.45µm
net383,305.3µm
net747,305.3µm
_25191_,305.14µm
net1576,305.14µm
_06842_,305.04µm
_09336_,304.84µm
net2036,304.84µm
_22962_,304.69µm
_19040_,304.33µm
net580,304.28µm
net981,304.18µm
net1139,304.18µm
clknet_3_4__leaf_i_core_v_mini_mcu.peripheral_subsystem_i.clk_cg,304.18µm
_11993_,304.13µm
_10746_,304.08µm
_12387_,303.92µm
net983,303.77µm
net1194,303.77µm
_10801_,303.72µm
_20490_,303.72µm
_10581_,303.67µm
_23091_,303.62µm
_24208_,303.36µm
net1014,303.31µm
clknet_4_10__leaf_i_core_v_mini_mcu.cpu_subsystem_i.cpu_0_0.clk_i,303.26µm
net762,303.11µm
_20316_,302.98µm
_19124_,302.96µm
_20630_,302.39µm
_06606_,302.29µm
net988,302.14µm
_23099_,302.09µm
net1490,302.09µm
i_core_v_mini_mcu.cpu_subsystem_i.cpu_1_0.i_servile.o_rf_raddr\[2\],301.99µm
_21183_,301.94µm
net1612,301.48µm
net402,301.43µm
net923,301.43µm
net1913,301.38µm
_18915_,300.97µm
net1948,300.97µm
_24211_,300.92µm
net1815,300.72µm
net2026,300.53µm
clknet_3_5__leaf_i_core_v_mini_mcu.peripheral_subsystem_i.clk_cg,300.36µm
_16881_,300.05µm
clknet_4_12_0_i_core_v_mini_mcu.memory_subsystem_i.clk_cg,299.9µm
net1438,299.44µm
clknet_leaf_68_i_core_v_mini_mcu.memory_subsystem_i.clk_cg,299.39µm
net1910,299.25µm
net1170,299.2µm
_05748_,299.19µm
_22429_,299.1µm
_20591_,298.78µm
net320,298.68µm
_25180_,298.48µm
net1674,298.37µm
_10910_,298.22µm
_25772_,298.22µm
net712,298.22µm
net1043,298.22µm
_12612_,298.07µm
net1996,298.07µm
_24155_,297.71µm
i_core_v_mini_mcu.ao_peripheral_subsystem_i.power_manager_i.power_manager_reg_top_i.cpu_switch_off_counter_qs\[10\],297.7µm
_07874_,297.36µm
i_core_v_mini_mcu.cpu_subsystem_i.hart_clock_enable_1_0,297.36µm
net1454,297.05µm
net624,297µm
net1007,297µm
clknet_3_7_0_clk_i_regs,297µm
_12535_,296.95µm
_10576_,296.85µm
_10366_,296.83µm
_26079_,296.39µm
_07690_,296.34µm
net1097,296.34µm
_07924_,296.29µm
net1542,296.08µm
net1146,295.98µm
_11354_,295.62µm
net1573,295.52µm
_10754_,295.47µm
_18768_,295.44µm
_06396_,295.42µm
net720,295.17µm
net1083,295.04µm
net1663,294.91µm
net921,294.81µm
_14367_,294.71µm
net540,294.71µm
spi_flash_sd_io[3],294.57µm
net1487,294.35µm
_10591_,294.3µm
net743,294.3µm
net1866,294.2µm
net2011,294.2µm
_25165_,294.15µm
_17489_,294.1µm
_19062_,294.1µm
_09141_,294.05µm
_24259_,293.74µm
_06581_,293.59µm
_10922_,293.59µm
_18979_,293.59µm
_10729_,293.54µm
clknet_5_1__leaf_i_core_v_mini_mcu.cpu_subsystem_i.cpu_1_0.clk_i,293.49µm
net299,293.38µm
net1057,293.33µm
_18917_,293.08µm
net1258,293.08µm
net1185,293.03µm
_10377_,292.88µm
_06465_,292.72µm
_20325_,292.62µm
_21560_,292.62µm
_25519_,292.36µm
_27380_,292.11µm
_15843_,292.06µm
net1390,292.01µm
net1230,291.96µm
_10820_,291.91µm
net173,291.91µm
net400,291.91µm
_09663_,291.56µm
clknet_3_7_0_i_core_v_mini_mcu.cpu_subsystem_i.cpu_1_0.clk_i,291.4µm
_24695_,291.3µm
_19206_,291.25µm
net1062,291.23µm
_12902_,291.12µm
_26080_,291.09µm
net1447,290.99µm
net1231,290.89µm
_27911_,290.84µm
net576,290.83µm
net410,290.79µm
_15085_,290.74µm
net501,290.64µm
_27362_,290.53µm
net739,290.43µm
net1580,290.43µm
net1086,290.38µm
net942,290.33µm
net416,290.28µm
net539,290.28µm
net636,290.11µm
_19103_,289.81µm
net1003,289.77µm
_07635_,289.62µm
net1061,289.4µm
_05701_,289.31µm
_19389_,289.16µm
net867,288.7µm
net872,288.7µm
net417,288.6µm
net1205,288.55µm
_25382_,288.51µm
clknet_4_10_0_i_core_v_mini_mcu.memory_subsystem_i.clk_cg,288.45µm
net751,288.31µm
_18911_,288.09µm
net100,288.09µm
_10999_,288.04µm
net732,288.04µm
clknet_5_9__leaf_i_core_v_mini_mcu.cpu_subsystem_i.cpu_1_0.clk_i,287.99µm
net404,287.94µm
_25712_,287.89µm
_26289_,287.72µm
net801,287.53µm
net931,287.43µm
net1133,287.33µm
_24238_,287.27µm
_25541_,287.07µm
i_core_v_mini_mcu.peripheral_subsystem_i.obi_fifo_i.consumer_data_req\[34\],287.07µm
net1604,287.03µm
i_core_v_mini_mcu.memory_subsystem_i.ram0_i.tc_ram_i.sram\[21\]\[11\],287.01µm
_05596_,286.92µm
_18989_,286.92µm
_23955_,286.92µm
net1578,286.92µm
_05994_,286.87µm
clknet_4_3_0_i_core_v_mini_mcu.memory_subsystem_i.clk_cg,286.87µm
net512,286.82µm
_09520_,286.31µm
net989,286µm
_07118_,285.95µm
clknet_4_2_0_i_core_v_mini_mcu.memory_subsystem_i.clk_cg,285.95µm
net414,285.85µm
net101,285.69µm
net408,285.49µm
_06486_,285.24µm
net455,284.78µm
clknet_leaf_73_i_core_v_mini_mcu.memory_subsystem_i.clk_cg,284.73µm
_06377_,284.68µm
_23494_,284.68µm
net1917,284.53µm
net1912,284.53µm
i_core_v_mini_mcu.memory_subsystem_i.ram0_i.tc_ram_i.sram\[20\]\[16\],284.53µm
net582,284.53µm
net296,284.33µm
net553,284.22µm
_16369_,284.12µm
_18943_,284.07µm
clknet_5_20__leaf_clk_i_regs,284.07µm
net1084,284.02µm
net1934,284.02µm
net592,283.76µm
_25077_,283.74µm
_26288_,283.61µm
_17480_,283.56µm
_18980_,283.51µm
i_core_v_mini_mcu.ao_peripheral_subsystem_i.tdu_i.rd_ptr_q\[0\],283.51µm
_07531_,283.41µm
net1661,283.15µm
_20508_,283.1µm
_25855_,283.1µm
_14356_,283µm
_19613_,283µm
net373,283µm
_12564_,282.95µm
net171,282.9µm
_25388_,282.72µm
i_core_v_mini_mcu.ao_peripheral_subsystem_i.power_manager_i.power_manager_reg_top_i.global_pointer_qs\[25\],282.61µm
_10867_,282.44µm
_12490_,282.44µm
net1038,282.44µm
net1824,282.44µm
_21077_,281.98µm
net1005,281.83µm
_05782_,281.78µm
_07099_,281.66µm
i_core_v_mini_mcu.core_data_req\[70\],281.48µm
_12159_,281.47µm
_25130_,281.47µm
_16342_,281.42µm
_10616_,281.27µm
_26063_,280.96µm
_10678_,280.76µm
net310,280.76µm
net1949,280.76µm
net2067,280.76µm
_18351_,280.53µm
net1585,280.45µm
clknet_leaf_64_i_core_v_mini_mcu.memory_subsystem_i.clk_cg,280.4µm
_07303_,280.35µm
_10344_,280.25µm
_05647_,280.2µm
net1963,280.2µm
_25880_,280.15µm
_10140_,280.06µm
_10639_,279.84µm
_10963_,279.74µm
_19405_,279.69µm
_10339_,279.64µm
_05943_,279.62µm
_22986_,279.44µm
_14339_,279.42µm
net1373,279.28µm
_05593_,279.03µm
_18891_,279.03µm
net1256,279.03µm
net1581,278.77µm
net990,278.63µm
net1582,278.62µm
_07246_,278.54µm
net761,278.42µm
_27449_,278.21µm
_22423_,278.19µm
_06861_,278.16µm
net1056,278.11µm
_07828_,278.06µm
_11361_,278.01µm
net1599,278.01µm
_18907_,277.91µm
clknet_4_15_0_i_core_v_mini_mcu.memory_subsystem_i.clk_cg,277.86µm
_06274_,277.81µm
i_core_v_mini_mcu.memory_subsystem_i.ram0_i.tc_ram_i.sram\[20\]\[27\],277.7µm
net1289,277.55µm
net2003,277.55µm
clknet_4_0_0_i_core_v_mini_mcu.memory_subsystem_i.clk_cg,277.45µm
net1626,277.4µm
clknet_5_10__leaf_clk_i_regs,277.35µm
net1461,277.3µm
net1432,277.25µm
net997,277.04µm
_07301_,276.94µm
_12369_,276.89µm
_12771_,276.84µm
_18945_,276.84µm
_23071_,276.84µm
_14031_,276.83µm
_07063_,276.79µm
_10871_,276.74µm
net607,276.66µm
net2079,276.48µm
_25879_,276.43µm
_24609_,276.39µm
_19403_,276.38µm
_14194_,276.33µm
net1092,276.33µm
_10577_,276.28µm
i_core_v_mini_mcu.peripheral_subsystem_i.obi_fifo_i.consumer_data_req\[32\],276.28µm
_05773_,276.23µm
net1251,276.23µm
net1671,275.87µm
net1011,275.82µm
_10897_,275.67µm
net1093,275.67µm
net2009,275.67µm
net454,275.62µm
net1362,275.62µm
net1171,275.45µm
i_core_v_mini_mcu.ao_peripheral_subsystem_i.spi_subsystem_i.obi_spimemio_i.cfgreg_do\[19\],275.34µm
_10592_,275.31µm
_25199_,275.31µm
_08548_,275.26µm
i_core_v_mini_mcu.memory_subsystem_i.ram0_i.rdata_o\[30\],275.23µm
_17452_,275.21µm
_18193_,275.21µm
net1997,275.11µm
_19407_,275.01µm
_27438_,274.7µm
_05515_,274.6µm
net1543,274.29µm
_14313_,274.24µm
net999,274.19µm
_05942_,274.14µm
_21121_,274.14µm
net450,274.04µm
net984,274.04µm
_10793_,273.99µm
net1044,273.81µm
_17733_,273.74µm
_23452_,273.63µm
net318,273.53µm
net1858,273.53µm
_27651_,273.38µm
_05715_,273.22µm
_19102_,273µm
net1023,272.97µm
_22861_,272.77µm
i_core_v_mini_mcu.ao_peripheral_subsystem_i.power_manager_i.power_manager_reg_top_i.global_pointer_qs\[27\],272.41µm
net1029,272.41µm
_24256_,272.36µm
clknet_5_15__leaf_i_core_v_mini_mcu.cpu_subsystem_i.cpu_1_0.clk_i,272.33µm
_10137_,272.26µm
clknet_5_27__leaf_clk_i_regs,272.26µm
net851,272.21µm
i_core_v_mini_mcu.ao_peripheral_subsystem_i.power_manager_i.power_manager_reg_top_i.global_pointer_qs\[13\],272.08µm
net1504,271.85µm
clknet_3_3_0_i_core_v_mini_mcu.cpu_subsystem_i.cpu_1_0.clk_i,271.85µm
_14329_,271.72µm
net1020,271.65µm
_10567_,271.6µm
i_core_v_mini_mcu.ao_peripheral_subsystem_i.power_manager_i.power_manager_reg_top_i.cpu_switch_off_counter_qs\[14\],271.47µm
net1534,271.39µm
net1008,271.24µm
net1998,271.24µm
_13757_,271.19µm
_20385_,271.14µm
i_core_v_mini_mcu.peripheral_subsystem_i.obi_fifo_i.consumer_data_req\[65\],271.14µm
net1004,271.14µm
_09644_,271.04µm
_20618_,270.88µm
_27440_,270.88µm
net570,270.75µm
_06475_,270.73µm
_10833_,270.73µm
clknet_5_11__leaf_i_core_v_mini_mcu.cpu_subsystem_i.cpu_1_0.clk_i,270.68µm
_10629_,270.63µm
_12585_,270.63µm
_16351_,270.63µm
net2000,270.63µm
_23193_,270.48µm
net340,270.48µm
net490,269.86µm
_10139_,269.61µm
_08019_,269.36µm
net1538,269.25µm
_08858_,269.1µm
i_core_v_mini_mcu.peripheral_subsystem_i.obi_fifo_i.consumer_data_req\[31\],269µm
i_core_v_mini_mcu.ao_peripheral_subsystem_i.power_manager_i.power_manager_reg_top_i.reg2hw\[233\],268.95µm
net2002,268.8µm
net1042,268.79µm
_24510_,268.64µm
_24194_,268.44µm
net1995,268.39µm
_15973_,268.34µm
net1523,268.34µm
net969,268.23µm
net114,267.93µm
_06511_,267.88µm
_15868_,267.88µm
net1041,267.88µm
_08062_,267.78µm
net1955,267.73µm
_10713_,267.57µm
net488,267.47µm
net1016,267.47µm
_18476_,267.37µm
_08221_,267.17µm
_08039_,267.12µm
i_core_v_mini_mcu.peripheral_subsystem_i.uart_i.reg2hw\[44\],267.12µm
net371,266.91µm
net427,266.83µm
_24983_,266.76µm
net1935,266.76µm
_08810_,266.74µm
net1449,266.5µm
_13962_,266.35µm
_27368_,266.25µm
_12160_,265.99µm
net1625,265.74µm
_16338_,265.69µm
i_core_v_mini_mcu.ao_peripheral_subsystem_i.tdu_i.task_mem\[1\]\[23\],265.65µm
_22683_,265.59µm
_11143_,265.08µm
_25289_,265.05µm
_20356_,264.9µm
net1670,264.7µm
_06592_,264.57µm
_18653_,264.57µm
_06330_,264.52µm
net542,264.52µm
net1847,264.52µm
net754,264.49µm
net543,264.47µm
i_core_v_mini_mcu.ao_peripheral_subsystem_i.power_manager_i.power_manager_reg_top_i.cpu_switch_on_counter_qs\[0\],264.42µm
_12499_,264.29µm
_12587_,264.29µm
_14308_,264.16µm
_16045_,264.06µm
net1675,264.06µm
net812,264.01µm
i_core_v_mini_mcu.ao_peripheral_subsystem_i.spi_subsystem_i.obi_spimemio_i.cfgreg_do\[20\],263.86µm
_09408_,263.5µm
_12669_,263.35µm
_16502_,263.35µm
net2032,263.35µm
_20384_,263.25µm
_08183_,263.2µm
_26993_,263.17µm
_14895_,263.14µm
net1012,263.12µm
net1779,262.89µm
_22965_,262.84µm
i_core_v_mini_mcu.ao_peripheral_subsystem_i.spi_subsystem_i.obi_spimemio_i.cfgreg_do\[22\],262.84µm
_19112_,262.79µm
net346,262.79µm
_16368_,262.64µm
_18788_,262.43µm
_12432_,262.42µm
_10628_,262.28µm
net466,262.13µm
net606,262.02µm
clknet_3_1_0_i_core_v_mini_mcu.cpu_subsystem_i.cpu_1_0.clk_i,262.02µm
_24162_,261.92µm
_18738_,261.57µm
net973,261.36µm
_06282_,261.26µm
_19399_,261.26µm
net1296,261.26µm
net1497,261.11µm
_20462_,261.01µm
_05908_,260.81µm
net186,260.7µm
_18969_,260.6µm
i_core_v_mini_mcu.ao_peripheral_subsystem_i.tdu_i.rd_ptr_q\[2\],260.55µm
_15338_,260.24µm
i_core_v_mini_mcu.peripheral_subsystem_i.uart_i.reg2hw\[39\],260.07µm
_07340_,259.99µm
_12528_,259.94µm
_06110_,259.89µm
_13980_,259.76µm
_07223_,259.63µm
_13910_,259.63µm
_19912_,259.57µm
_07276_,259.48µm
net421,259.35µm
_18272_,259.27µm
_13911_,259.17µm
net991,259.17µm
net1015,259.02µm
net1957,259.02µm
_24170_,258.92µm
net571,258.92µm
net2029,258.87µm
_23081_,258.59µm
net1584,258.56µm
_05876_,258.31µm
_22664_,258.31µm
_10533_,258.26µm
net1018,258.23µm
net1999,258.16µm
_14472_,258.12µm
net584,257.95µm
net1548,257.95µm
_25275_,257.9µm
net578,257.85µm
clknet_3_3__leaf_i_core_v_mini_mcu.peripheral_subsystem_i.clk_cg,257.85µm
_07975_,257.69µm
_24168_,257.47µm
i_core_v_mini_mcu.ao_peripheral_subsystem_i.power_manager_i.power_manager_reg_top_i.cpu_switch_on_counter_qs\[9\],257.47µm
net1387,257.44µm
exit_value_int\[3\],257.24µm
clknet_4_14_0_i_core_v_mini_mcu.memory_subsystem_i.clk_cg,257.19µm
_10749_,257.14µm
i_core_v_mini_mcu.ao_peripheral_subsystem_i.power_manager_i.power_manager_reg_top_i.reg2hw\[236\],257.14µm
_19530_,256.9µm
_06138_,256.83µm
_14083_,256.78µm
_15130_,256.78µm
net1577,256.78µm
_10435_,256.63µm
i_core_v_mini_mcu.ao_peripheral_subsystem_i.spi_subsystem_i.obi_spimemio_i.cfgreg_do\[31\],256.63µm
i_core_v_mini_mcu.cpu_subsystem_i.cpu_0_0.i_servile.arbiter.i_wb_cpu_dbus_we,256.63µm
net1638,256.63µm
_16325_,256.58µm
_16979_,256.48µm
_24735_,256.22µm
net1777,256.17µm
i_core_v_mini_mcu.peripheral_subsystem_i.obi_fifo_i.consumer_data_req\[25\],256.07µm
net1976,256.07µm
net572,255.99µm
_12420_,255.97µm
_07033_,255.89µm
_20433_,255.61µm
net544,255.61µm
net2001,255.56µm
i_core_v_mini_mcu.memory_subsystem_i.ram0_i.rdata_o\[20\],255.41µm
net1637,255.23µm
net433,255.13µm
_06860_,255.1µm
_06728_,255.05µm
net1349,255.05µm
_10345_,254.95µm
_21167_,254.95µm
_07485_,254.9µm
_10575_,254.54µm
net1254,254.54µm
_06411_,254.49µm
_18884_,254.34µm
_07825_,254.03µm
_10721_,254.03µm
net362,254.03µm
net1794,253.93µm
_17456_,253.88µm
net841,253.88µm
net1960,253.88µm
net2004,253.88µm
_07006_,253.83µm
_20531_,253.78µm
net726,253.78µm
net993,253.57µm
net1235,253.52µm
_19401_,253.42µm
i_core_v_mini_mcu.memory_subsystem_i.ram0_i.tc_ram_i.sram\[18\]\[13\],253.33µm
i_core_v_mini_mcu.ao_peripheral_subsystem_i.power_manager_i.power_manager_reg_top_i.reg2hw\[247\],253.32µm
net1026,253.32µm
net1903,253.32µm
_18897_,253.27µm
net1927,253.27µm
net228,253.22µm
net1586,253.22µm
net1002,252.81µm
_12497_,252.66µm
_15723_,252.45µm
_05401_,252.25µm
_20762_,252.25µm
_26754_,252.25µm
net573,252.2µm
clknet_3_2_0_i_core_v_mini_mcu.cpu_subsystem_i.cpu_1_0.clk_i,252.2µm
net845,252.15µm
_19323_,252.1µm
i_core_v_mini_mcu.ao_peripheral_subsystem_i.power_manager_i.power_manager_reg_top_i.global_pointer_qs\[24\],251.87µm
net1489,251.79µm
_10608_,251.64µm
_10632_,251.64µm
_19061_,251.59µm
net30,251.59µm
net315,251.59µm
i_core_v_mini_mcu.memory_subsystem_i.ram0_i.rdata_o\[4\],251.49µm
net1379,251.49µm
net322,251.33µm
_19395_,251.29µm
_15400_,251.28µm
net287,251.23µm
_18470_,251.08µm
net1994,251.08µm
i_core_v_mini_mcu.peripheral_subsystem_i.obi_fifo_i.consumer_data_req\[67\],251.03µm
net406,251.03µm
net502,251.03µm
_10511_,250.93µm
_04629_,250.77µm
_25360_,250.72µm
_12403_,250.52µm
net1369,250.52µm
_07931_,250.47µm
net2028,250.47µm
net691,250.42µm
net1090,250.42µm
_17580_,250.34µm
_25637_,250.01µm
net425,250.01µm
_09580_,249.96µm
_07174_,249.91µm
net767,249.86µm
_00089_,249.76µm
_07300_,249.65µm
_06011_,249.45µm
net69,249.4µm
net290,249.4µm
_10526_,249.35µm
net885,249.3µm
net1492,249.3µm
_06269_,249.25µm
_21583_,249.09µm
net1017,248.94µm
net1544,248.89µm
_06898_,248.84µm
i_core_v_mini_mcu.peripheral_subsystem_i.uart_i.reg2hw\[46\],248.74µm
net419,248.38µm
_25245_,248.33µm
i_core_v_mini_mcu.ao_peripheral_subsystem_i.power_manager_i.power_manager_reg_top_i.cpu_switch_off_counter_qs\[7\],248.23µm
i_core_v_mini_mcu.ao_peripheral_subsystem_i.tdu_i.task_mem\[1\]\[28\],248.18µm
net412,248.18µm
i_core_v_mini_mcu.memory_subsystem_i.ram0_i.tc_ram_i.sram\[20\]\[12\],248.01µm
net1013,247.87µm
_06427_,247.82µm
net1028,247.82µm
_22444_,247.77µm
i_core_v_mini_mcu.ao_peripheral_subsystem_i.power_manager_i.power_manager_reg_top_i.cpu_switch_off_counter_qs\[9\],247.77µm
_21126_,247.57µm
_14303_,247.54µm
_18895_,247.26µm
net1698,247.21µm
_13926_,247.16µm
net332,247.06µm
_14756_,246.93µm
clknet_5_16__leaf_clk_i_regs,246.6µm
_07524_,246.55µm
clknet_3_6_0_i_core_v_mini_mcu.cpu_subsystem_i.cpu_1_0.clk_i,246.55µm
net380,246.5µm
net267,246.04µm
net843,246.04µm
_16363_,245.99µm
_13097_,245.89µm
_06591_,245.84µm
_26753_,245.83µm
_08512_,245.58µm
net429,245.48µm
i_core_v_mini_mcu.memory_subsystem_i.ram0_i.tc_ram_i.sram\[22\]\[12\],245.33µm
_17534_,245.2µm
_06212_,244.87µm
clknet_3_0_0_i_core_v_mini_mcu.cpu_subsystem_i.cpu_1_0.clk_i,244.87µm
clknet_3_1__leaf_i_core_v_mini_mcu.peripheral_subsystem_i.clk_cg,244.51µm
net1006,244.36µm
net1445,244.31µm
_05718_,244.26µm
i_core_v_mini_mcu.memory_subsystem_i.ram0_i.tc_ram_i.sram\[20\]\[13\],244.24µm
net545,243.9µm
_05541_,243.85µm
_20970_,243.8µm
net1968,243.8µm
_10881_,243.75µm
clknet_5_17__leaf_clk_i_regs,243.75µm
_23379_,243.7µm
net625,243.7µm
_13759_,243.65µm
_22674_,243.65µm
_06783_,243.64µm
_24755_,243.41µm
clknet_5_12__leaf_i_core_v_mini_mcu.cpu_subsystem_i.cpu_1_0.clk_i,243.29µm
_15970_,243.24µm
net844,243.24µm
i_core_v_mini_mcu.ao_peripheral_subsystem_i.power_manager_i.power_manager_reg_top_i.global_pointer_qs\[23\],243.19µm
net344,243.19µm
net604,243.19µm
net2010,243.09µm
_26687_,243.04µm
_13922_,242.88µm
_15212_,242.84µm
_07541_,242.73µm
_16236_,242.73µm
net298,242.63µm
clknet_5_8__leaf_clk_i_regs,242.63µm
i_core_v_mini_mcu.ao_peripheral_subsystem_i.soc_ctrl_i.reg2hw\[5\],242.48µm
_14114_,242.32µm
_19351_,242.27µm
_16465_,242.07µm
_10763_,242.02µm
net164,241.92µm
net423,241.86µm
_06909_,241.83µm
net218,241.67µm
_16344_,241.61µm
_19926_,241.61µm
clknet_5_31__leaf_clk_i_regs,241.56µm
_06913_,241.51µm
_05927_,241.46µm
net972,241.46µm
net787,241.41µm
net1673,241µm
clknet_5_6__leaf_i_core_v_mini_mcu.cpu_subsystem_i.cpu_1_0.clk_i,240.98µm
net1382,240.95µm
_07657_,240.9µm
_10542_,240.9µm
_21483_,240.82µm
_24133_,240.69µm
_09109_,240.64µm
i_core_v_mini_mcu.ao_peripheral_subsystem_i.power_manager_i.power_manager_reg_top_i.cpu_switch_on_counter_qs\[3\],240.59µm
_16374_,240.57µm
_18249_,240.54µm
_21563_,240.49µm
_27430_,240.49µm
net264,240.44µm
i_core_v_mini_mcu.peripheral_subsystem_i.uart_i.reg2hw\[86\],240.36µm
i_core_v_mini_mcu.memory_subsystem_i.ram0_i.tc_ram_i.sram\[20\]\[20\],240.29µm
clknet_5_13__leaf_clk_i_regs,240.29µm
_18851_,240.24µm
_05539_,240.16µm
_27366_,240.08µm
net313,240.08µm
_07299_,240.03µm
_21582_,240.03µm
i_core_v_mini_mcu.memory_subsystem_i.ram0_i.rdata_o\[31\],240.01µm
net1964,239.93µm
_07211_,239.88µm
_13960_,239.73µm
net2008,239.54µm
_04636_,239.47µm
_19969_,239.47µm
net568,239.32µm
clknet_3_7__leaf_i_core_v_mini_mcu.peripheral_subsystem_i.clk_cg,239.27µm
_19397_,238.81µm
_21427_,238.76µm
i_core_v_mini_mcu.memory_subsystem_i.ram0_i.rdata_o\[3\],238.71µm
_20378_,238.61µm
net1448,238.53µm
_06900_,238.2µm
_09546_,238.2µm
net175,238.05µm
net223,238.05µm
net216,237.91µm
_15097_,237.74µm
_23414_,237.74µm
_10136_,237.59µm
net1165,237.48µm
_17917_,237.33µm
_23061_,237.31µm
_06453_,237.23µm
_17274_,237.18µm
net583,237.18µm
net992,237.08µm
i_core_v_mini_mcu.peripheral_subsystem_i.uart_i.reg2hw\[45\],237.04µm
net279,237.03µm
net836,237.03µm
_07270_,236.98µm
net214,236.86µm
_25350_,236.67µm
_21615_,236.52µm
_10761_,236.47µm
i_core_v_mini_mcu.peripheral_subsystem_i.obi_fifo_i.consumer_data_req\[33\],236.47µm
net302,236.47µm
net1557,236.47µm
net18,236.37µm
net1535,236.35µm
_21681_,236.21µm
_10989_,236.11µm
_06578_,236.08µm
net585,236.01µm
net831,235.96µm
_19381_,235.81µm
_07486_,235.7µm
_16878_,235.65µm
_05706_,235.61µm
net1441,235.6µm
net311,235.45µm
net1176,235.4µm
net2030,235.4µm
_10586_,235.35µm
_26944_,235.35µm
_18903_,235.3µm
net738,235.22µm
i_core_v_mini_mcu.ao_peripheral_subsystem_i.power_manager_i.power_manager_reg_top_i.global_pointer_qs\[28\],235.02µm
_27767_,234.91µm
_13959_,234.89µm
net833,234.89µm
net434,234.84µm
i_core_v_mini_mcu.memory_subsystem_i.ram0_i.tc_ram_i.sram\[20\]\[25\],234.81µm
_12693_,234.74µm
_25502_,234.57µm
_22440_,234.5µm
_18913_,234.48µm
net1460,234.38µm
net593,234.36µm
net1603,234.33µm
_06550_,234.23µm
_22635_,234.23µm
_23067_,234.23µm
net230,234.18µm
net3,234.13µm
net221,234.08µm
_14963_,233.94µm
net877,233.72µm
_12494_,233.67µm
_20452_,233.67µm
net936,233.67µm
_05710_,233.62µm
_06698_,233.62µm
net212,233.62µm
_22465_,233.6µm
net222,233.57µm
i_core_v_mini_mcu.ao_peripheral_subsystem_i.spi_subsystem_i.obi_spimemio_i.cfgreg_do\[18\],233.52µm
net2064,233.31µm
_08541_,233.26µm
_16637_,233.16µm
_18957_,233.16µm
_19393_,233.11µm
_21197_,233.11µm
net682,233.11µm
net32,233.06µm
_27433_,232.9µm
_19030_,232.75µm
_20690_,232.75µm
net134,232.65µm
_10834_,232.6µm
clknet_leaf_73_clk_i_regs,232.6µm
net185,232.45µm
_27387_,232.4µm
net224,232.4µm
_21663_,232.34µm
_06472_,232.09µm
net330,232.09µm
net431,232.09µm
net996,232.09µm
_10396_,232.04µm
net132,232.04µm
net381,231.99µm
clknet_5_20__leaf_i_core_v_mini_mcu.cpu_subsystem_i.cpu_1_0.clk_i,231.94µm
net165,231.89µm
net217,231.89µm
_19108_,231.88µm
net229,231.84µm
_26784_,231.79µm
_14195_,231.73µm
_21572_,231.68µm
_14763_,231.58µm
_17095_,231.58µm
_18840_,231.58µm
_06033_,231.53µm
_25034_,231.53µm
net1618,231.47µm
i_core_v_mini_mcu.peripheral_subsystem_i.obi_fifo_i.consumer_data_req\[16\],231.43µm
_14457_,231.33µm
net113,231.28µm
net234,231.16µm
_21553_,231.12µm
_07281_,230.92µm
_13943_,230.92µm
_14612_,230.82µm
clknet_5_0__leaf_i_core_v_mini_mcu.cpu_subsystem_i.cpu_1_0.clk_i,230.82µm
net36,230.72µm
_13941_,230.51µm
net220,230.42µm
net225,230.42µm
_17683_,230.41µm
clknet_leaf_0_i_core_v_mini_mcu.memory_subsystem_i.clk_cg,230.41µm
_04625_,230.31µm
net211,230.09µm
_15086_,229.95µm
_17557_,229.95µm
_17546_,229.85µm
_19469_,229.85µm
_09432_,229.8µm
_10522_,229.7µm
i_core_v_mini_mcu.ao_peripheral_subsystem_i.power_manager_i.power_manager_reg_top_i.reg2hw\[234\],229.65µm
net213,229.6µm
_22837_,229.49µm
_06487_,229.34µm
_25082_,229.24µm
i_core_v_mini_mcu.ao_peripheral_subsystem_i.power_manager_i.power_manager_counter_sequence_cpu_iso_i.start_off_sequence_i,229.24µm
net366,229.19µm
net1180,229.19µm
_06622_,229.14µm
_13859_,229.06µm
_15538_,228.93µm
_16744_,228.93µm
_27770_,228.93µm
net367,228.68µm
net484,228.68µm
net533,228.63µm
net995,228.63µm
i_core_v_mini_mcu.memory_subsystem_i.ram0_i.rdata_o\[26\],228.58µm
net1944,228.58µm
_27848_,228.27µm
_14662_,228.22µm
clknet_4_1_0_i_core_v_mini_mcu.memory_subsystem_i.clk_cg,228.12µm
_18863_,228.07µm
_21435_,228.07µm
_24913_,228.07µm
_19051_,228.02µm
i_core_v_mini_mcu.ao_peripheral_subsystem_i.power_manager_i.power_manager_reg_top_i.global_pointer_qs\[18\],228.02µm
i_core_v_mini_mcu.peripheral_subsystem_i.obi_fifo_i.consumer_data_req\[24\],227.97µm
net226,227.97µm
_14205_,227.86µm
_10123_,227.76µm
_15062_,227.56µm
_27427_,227.56µm
_21567_,227.49µm
net1932,227.41µm
_23117_,227.15µm
net314,227.1µm
net133,226.95µm
clknet_5_4__leaf_clk_i_regs,226.9µm
_20369_,226.8µm
net998,226.64µm
_23423_,226.59µm
_05510_,226.54µm
_14217_,226.54µm
_23114_,226.39µm
i_core_v_mini_mcu.peripheral_subsystem_i.obi_fifo_i.consumer_data_req\[22\],226.39µm
i_core_v_mini_mcu.ao_peripheral_subsystem_i.tdu_i.task_mem\[1\]\[26\],226.34µm
net288,226.34µm
net1450,226.34µm
_23063_,226.29µm
_05797_,226.13µm
_14594_,225.98µm
_15620_,225.93µm
_10532_,225.88µm
net1884,225.83µm
_15100_,225.37µm
net20,225.32µm
net334,225.32µm
_21351_,225.22µm
_25153_,225.22µm
i_core_v_mini_mcu.memory_subsystem_i.ram0_i.tc_ram_i.sram\[23\]\[15\],224.82µm
_17542_,224.81µm
i_core_v_mini_mcu.memory_subsystem_i.ram0_i.rdata_o\[2\],224.71µm
net34,224.71µm
net300,224.71µm
_23056_,224.61µm
net306,224.61µm
_17058_,224.35µm
_15449_,224.3µm
_18909_,224.25µm
_19387_,224.25µm
net1539,224.25µm
net255,224.2µm
net1522,224.15µm
_14388_,224.1µm
_10159_,224.05µm
i_core_v_mini_mcu.memory_subsystem_i.ram0_i.tc_ram_i.sram\[20\]\[9\],224.05µm
i_core_v_mini_mcu.peripheral_subsystem_i.uart_i.reg2hw\[40\],224.05µm
i_core_v_mini_mcu.memory_subsystem_i.ram0_i.tc_ram_i.sram\[20\]\[15\],223.77µm
_06467_,223.74µm
_14380_,223.74µm
_05784_,223.69µm
_10141_,223.67µm
_05495_,223.64µm
net282,223.59µm
_07629_,223.49µm
_14346_,223.44µm
clknet_leaf_67_clk_i_regs,223.38µm
_19838_,223.23µm
net452,223.18µm
i_core_v_mini_mcu.cpu_subsystem_i.cpu_0_0.i_servile.cpu.alu.i_rs1,223.08µm
net1037,223.08µm
_08256_,223.03µm
_19984_,223.03µm
_27364_,223.03µm
i_core_v_mini_mcu.memory_subsystem_i.ram0_i.tc_ram_i.sram\[23\]\[27\],223.03µm
clknet_4_13_0_i_core_v_mini_mcu.memory_subsystem_i.clk_cg,223.03µm
_08354_,222.93µm
_22970_,222.93µm
net994,222.88µm
i_core_v_mini_mcu.peripheral_subsystem_i.uart_i.reg2hw\[41\],222.81µm
i_core_v_mini_mcu.cpu_subsystem_i.cpu_0_0.i_servile.arbiter.i_wb_cpu_ibus_adr\[0\],222.72µm
_06030_,222.67µm
_23675_,222.62µm
net1179,222.62µm
_14629_,222.57µm
net1567,222.52µm
_27646_,222.47µm
clknet_5_15__leaf_clk_i_regs,222.47µm
i_core_v_mini_mcu.memory_subsystem_i.ram0_i.tc_ram_i.sram\[23\]\[25\],222.19µm
_14115_,222.11µm
_12307_,222.01µm
_25701_,222µm
_14124_,221.96µm
_07725_,221.91µm
_09550_,221.86µm
_20456_,221.86µm
i_core_v_mini_mcu.peripheral_subsystem_i.obi_fifo_i.consumer_data_req\[23\],221.86µm
net281,221.86µm
net1515,221.71µm
net227,221.64µm
_14377_,221.55µm
_21142_,221.45µm
_23115_,221.4µm
_27397_,221.4µm
i_core_v_mini_mcu.ao_peripheral_subsystem_i.power_manager_i.power_manager_reg_top_i.cpu_switch_on_counter_qs\[13\],221.35µm
net309,221.3µm
_25359_,221.25µm
net215,221.25µm
net1991,221.25µm
_25274_,221.12µm
_20907_,220.94µm
_26097_,220.94µm
clknet_leaf_74_i_core_v_mini_mcu.memory_subsystem_i.clk_cg,220.9µm
_06785_,220.89µm
_10505_,220.84µm
_14431_,220.84µm
net1030,220.79µm
net167,220.74µm
net177,220.74µm
net1570,220.48µm
_22784_,220.43µm
i_core_v_mini_mcu.ao_peripheral_subsystem_i.power_manager_i.power_manager_reg_top_i.cpu_switch_off_counter_qs\[13\],220.42µm
_06803_,220.38µm
_17362_,220.38µm
i_core_v_mini_mcu.ao_peripheral_subsystem_i.power_manager_i.power_manager_reg_top_i.cpu_reset_deassert_counter_qs\[11\],220.38µm
_12861_,220.33µm
_07094_,220.28µm
_14334_,220.28µm
net170,220.28µm
net509,220.28µm
net1526,220.28µm
_24258_,220.23µm
_17847_,220.18µm
net219,220.18µm
i_core_v_mini_mcu.memory_subsystem_i.ram0_i.rdata_o\[1\],220.13µm
_09617_,219.67µm
net806,219.67µm
_07628_,219.59µm
net104,219.55µm
_06826_,219.52µm
_14154_,219.26µm
_09198_,219.21µm
net1091,219.21µm
i_core_v_mini_mcu.ao_peripheral_subsystem_i.power_manager_i.power_manager_reg_top_i.cpu_switch_on_counter_qs\[10\],219.18µm
i_core_v_mini_mcu.ao_peripheral_subsystem_i.power_manager_i.power_manager_reg_top_i.cpu_switch_off_counter_qs\[11\],219.06µm
i_core_v_mini_mcu.memory_subsystem_i.ram0_i.rdata_o\[21\],219.06µm
net1514,218.98µm
_07079_,218.9µm
clknet_leaf_139_clk_i_regs,218.85µm
_16574_,218.8µm
_17092_,218.8µm
_16710_,218.65µm
_19379_,218.65µm
_06806_,218.6µm
_17583_,218.6µm
_05661_,218.55µm
i_core_v_mini_mcu.ao_peripheral_subsystem_i.tdu_i.task_mem\[1\]\[27\],218.55µm
net611,218.55µm
clknet_leaf_63_i_core_v_mini_mcu.memory_subsystem_i.clk_cg,218.55µm
_14014_,218.5µm
_14312_,218.5µm
i_core_v_mini_mcu.memory_subsystem_i.ram0_i.tc_ram_i.sram\[21\]\[28\],218.43µm
_15335_,218.19µm
_16741_,218.14µm
net782,218.09µm
clknet_leaf_86_clk_i_regs,218.09µm
i_core_v_mini_mcu.ao_peripheral_subsystem_i.spi_subsystem_i.obi_spimemio_i.cfgreg_do\[17\],218.04µm
i_core_v_mini_mcu.peripheral_subsystem_i.obi_fifo_i.consumer_data_req\[18\],218.04µm
net1770,218.04µm
clknet_0_clk_i,217.99µm
net304,217.94µm
net531,217.94µm
net138,217.89µm
net1574,217.89µm
_16137_,217.78µm
_18084_,217.68µm
net508,217.53µm
net308,217.48µm
_07333_,217.43µm
_22654_,217.43µm
i_core_v_mini_mcu.ao_peripheral_subsystem_i.power_manager_i.power_manager_reg_top_i.reg2hw\[231\],217.43µm
net1600,217.28µm
net1549,217.12µm
clknet_leaf_145_clk_i_regs,216.97µm
_15199_,216.92µm
net1073,216.92µm
_04635_,216.87µm
_12601_,216.87µm
_10143_,216.82µm
_18893_,216.82µm
net1765,216.82µm
clknet_5_4__leaf_i_core_v_mini_mcu.cpu_subsystem_i.cpu_1_0.clk_i,216.82µm
_11075_,216.77µm
i_core_v_mini_mcu.ao_peripheral_subsystem_i.power_manager_i.power_manager_reg_top_i.cpu_switch_off_counter_qs\[8\],216.77µm
net492,216.77µm
net341,216.72µm
_05720_,216.46µm
_06731_,216.46µm
_16206_,216.41µm
net642,216.41µm
net333,216.36µm
_18970_,216.27µm
_13764_,216.26µm
net659,216.26µm
_06034_,216.21µm
_23012_,216.21µm
net2069,215.9µm
net2111,215.75µm
_10175_,215.72µm
_10531_,215.7µm
i_core_v_mini_mcu.memory_subsystem_i.ram0_i.tc_ram_i.sram\[22\]\[25\],215.65µm
_18274_,215.44µm
_16140_,215.34µm
_24087_,215.34µm
_21247_,215.32µm
i_core_v_mini_mcu.ao_peripheral_subsystem_i.tdu_i.task_mem\[5\]\[27\],215.14µm
_20388_,215.09µm
_16640_,214.83µm
_06140_,214.63µm
i_core_v_mini_mcu.ao_peripheral_slave_resp\[1\],214.63µm
_06597_,214.58µm
_11150_,214.58µm
net1074,214.58µm
_09155_,214.53µm
_17238_,214.53µm
net1595,214.32µm
_19345_,214.12µm
_19371_,214.07µm
net1985,214.02µm
_07282_,213.81µm
_07253_,213.71µm
net855,213.61µm
clknet_5_3__leaf_clk_i_regs,213.56µm
_15706_,213.38µm
_20669_,213.15µm
net280,213.1µm
net307,213.05µm
_23962_,213.01µm
_25459_,212.9µm
i_core_v_mini_mcu.ao_peripheral_subsystem_i.power_manager_i.power_manager_reg_top_i.reg2hw\[248\],212.9µm
i_core_v_mini_mcu.memory_subsystem_i.ram0_i.tc_ram_i.sram\[21\]\[9\],212.85µm
_10378_,212.69µm
clknet_5_5__leaf_i_core_v_mini_mcu.cpu_subsystem_i.cpu_1_0.clk_i,212.69µm
_06774_,212.64µm
net1761,212.59µm
_17881_,212.54µm
_27773_,212.39µm
i_core_v_mini_mcu.memory_subsystem_i.ram0_i.rdata_o\[5\],212.34µm
_20372_,212.29µm
net574,212.29µm
_10465_,212.24µm
_10133_,212.12µm
_21138_,212.08µm
_17673_,211.93µm
net807,211.93µm
i_core_v_mini_mcu.ao_peripheral_subsystem_i.power_manager_i.peripheral_subsystem_rst_n,211.78µm
_21144_,211.52µm
_10604_,211.42µm
net343,211.37µm
clknet_5_18__leaf_clk_i_regs,211.37µm
_27514_,211.32µm
net1071,211.27µm
_06865_,211.22µm
net1958,211.16µm
_07683_,211.11µm
_09338_,210.9µm
net628,210.89µm
net590,210.71µm
net882,210.71µm
_25206_,210.66µm
net17,210.66µm
_08211_,210.61µm
i_core_v_mini_mcu.memory_subsystem_i.ram0_i.tc_ram_i.sram\[22\]\[28\],210.61µm
_27898_,210.6µm
i_core_v_mini_mcu.peripheral_subsystem_i.obi_fifo_i.consumer_data_req\[28\],210.56µm
_13771_,210.4µm
_17717_,210.35µm
_09364_,210.25µm
_20661_,210.25µm
i_core_v_mini_mcu.peripheral_subsystem_i.uart_i.reg2hw\[92\],210.25µm
_10649_,210.2µm
_18482_,210.2µm
net1010,210.2µm
net2107,210.2µm
_17060_,210.17µm
_09592_,210.15µm
i_core_v_mini_mcu.ao_peripheral_subsystem_i.power_manager_i.power_manager_reg_top_i.reg2hw\[242\],210.15µm
net2127,210.15µm
_06847_,210.1µm
_10517_,210.1µm
_20379_,210.1µm
_22340_,210.1µm
clknet_5_28__leaf_clk_i_regs,210.1µm
i_core_v_mini_mcu.ao_peripheral_subsystem_i.tdu_i.task_mem\[0\]\[27\],210µm
_07542_,209.89µm
net1659,209.69µm
net1959,209.69µm
_12544_,209.59µm
net285,209.59µm
net1871,209.59µm
net1947,209.59µm
_11562_,209.54µm
_21076_,209.54µm
_25049_,209.54µm
_08543_,209.51µm
i_core_v_mini_mcu.peripheral_subsystem_i.uart_i.reg2hw\[42\],209.44µm
_16497_,209.18µm
i_core_v_mini_mcu.cpu_subsystem_i.cpu_1_0.i_servile.o_rf_raddr\[0\],209.18µm
_27375_,209.13µm
_13924_,209.08µm
_20111_,209.08µm
clknet_5_2__leaf_i_core_v_mini_mcu.cpu_subsystem_i.cpu_1_0.clk_i,209.08µm
_23185_,209.03µm
net1990,209.03µm
_23045_,208.93µm
_23653_,208.81µm
net265,208.57µm
_25658_,208.52µm
net262,208.52µm
_23300_,208.47µm
net169,208.47µm
net312,208.47µm
_18990_,208.42µm
_20503_,208.42µm
_22975_,208.42µm
i_core_v_mini_mcu.ao_peripheral_subsystem_i.power_manager_i.power_manager_reg_top_i.global_pointer_qs\[14\],208.42µm
_24641_,208.32µm
_26976_,208.32µm
_27610_,208.32µm
i_core_v_mini_mcu.memory_subsystem_i.ram0_i.tc_ram_i.sram\[21\]\[27\],208.32µm
_21079_,208.16µm
i_core_v_mini_mcu.ao_peripheral_subsystem_i.power_manager_i.power_manager_reg_top_i.cpu_switch_off_counter_qs\[12\],208.04µm
_19870_,208.01µm
_06688_,207.96µm
_21458_,207.91µm
_08845_,207.88µm
_09623_,207.86µm
net852,207.81µm
_22442_,207.65µm
_16039_,207.6µm
_06917_,207.5µm
_15303_,207.4µm
net1889,207.4µm
_08295_,207.3µm
_22168_,207.3µm
net368,207.3µm
net1077,207.3µm
i_core_v_mini_mcu.peripheral_subsystem_i.obi_fifo_i.consumer_data_req\[19\],207.25µm
_06459_,207.17µm
_16468_,207.04µm
_18417_,207.03µm
clknet_leaf_131_clk_i_regs,206.89µm
_09154_,206.79µm
_20214_,206.79µm
net1076,206.79µm
net1814,206.79µm
_09659_,206.74µm
_15573_,206.74µm
_20375_,206.74µm
net873,206.74µm
_18901_,206.69µm
_20449_,206.69µm
_09654_,206.64µm
_05879_,206.63µm
_21584_,206.33µm
net146,206.28µm
_21237_,206.23µm
i_core_v_mini_mcu.memory_subsystem_i.ram0_i.rdata_o\[0\],206.23µm
_14498_,206.18µm
net19,206.18µm
clknet_5_11__leaf_clk_i_regs,206.18µm
clknet_3_0_0_i_core_v_mini_mcu.cpu_subsystem_i.cpu_0_0.clk_i,206.18µm
_17781_,206.13µm
i_core_v_mini_mcu.ao_peripheral_subsystem_i.tdu_i.task_mem\[1\]\[20\],206.13µm
net884,206.08µm
_16868_,205.97µm
net1620,205.87µm
clknet_5_21__leaf_i_core_v_mini_mcu.cpu_subsystem_i.cpu_1_0.clk_i,205.77µm
_10325_,205.67µm
i_core_v_mini_mcu.ao_peripheral_slave_resp\[5\],205.67µm
i_core_v_mini_mcu.ao_peripheral_subsystem_i.power_manager_i.power_manager_reg_top_i.global_pointer_qs\[19\],205.67µm
net507,205.62µm
net263,205.57µm
_26995_,205.44µm
_16172_,205.41µm
_16169_,205.36µm
_17416_,205.21µm
_21528_,205.21µm
i_core_v_mini_mcu.ao_peripheral_subsystem_i.power_manager_i.power_manager_reg_top_i.cpu_switch_on_counter_qs\[2\],205.16µm
i_core_v_mini_mcu.peripheral_subsystem_i.obi_fifo_i.consumer_data_req\[14\],205.16µm
_16082_,205.11µm
i_core_v_mini_mcu.ao_peripheral_subsystem_i.tdu_i.task_mem\[5\]\[21\],205.11µm
net842,205.11µm
i_core_v_mini_mcu.memory_subsystem_i.ram0_i.rdata_o\[16\],204.96µm
_17887_,204.9µm
_08986_,204.78µm
i_core_v_mini_mcu.ao_peripheral_subsystem_i.power_manager_i.power_manager_reg_top_i.cpu_switch_on_counter_qs\[4\],204.7µm
net589,204.65µm
i_core_v_mini_mcu.ao_peripheral_subsystem_i.power_manager_i.power_manager_reg_top_i.cpu_switch_on_counter_qs\[5\],204.6µm
_18464_,204.55µm
i_core_v_mini_mcu.memory_subsystem_i.ram0_i.rdata_o\[6\],204.55µm
net1634,204.55µm
i_core_v_mini_mcu.ao_peripheral_subsystem_i.soc_ctrl_i.reg2hw\[8\],204.5µm
net303,204.5µm
_05982_,204.45µm
_18312_,204.45µm
_18889_,204.45µm
_15534_,204.43µm
_26898_,204.4µm
clknet_leaf_62_clk_i_regs,204.29µm
net1065,204.2µm
_09485_,204.19µm
_05735_,204.14µm
_15570_,204.09µm
_14394_,203.99µm
net951,203.99µm
_19934_,203.91µm
net399,203.89µm
i_core_v_mini_mcu.memory_subsystem_i.ram0_i.tc_ram_i.sram\[21\]\[16\],203.78µm
_10510_,203.53µm
_14315_,203.53µm
net645,203.53µm
net1429,203.53µm
_07496_,203.43µm
i_core_v_mini_mcu.memory_subsystem_i.ram0_i.tc_ram_i.sram\[20\]\[11\],203.43µm
net784,203.43µm
_05956_,203.38µm
net608,203.33µm
_17063_,203.12µm
_20104_,203.12µm
net1459,203.02µm
_08859_,202.97µm
_19343_,202.87µm
_08156_,202.82µm
net646,202.82µm
_07768_,202.77µm
_08812_,202.77µm
i_core_v_mini_mcu.memory_subsystem_i.ram0_i.rdata_o\[28\],202.77µm
net480,202.77µm
net2023,202.77µm
clknet_leaf_62_i_core_v_mini_mcu.memory_subsystem_i.clk_cg,202.51µm
_06567_,202.46µm
i_core_v_mini_mcu.memory_subsystem_i.ram0_i.rdata_o\[29\],202.44µm
_09548_,202.36µm
_27649_,202.36µm
i_core_v_mini_mcu.ao_peripheral_subsystem_i.tdu_i.task_mem\[1\]\[15\],202.31µm
_27593_,202.26µm
i_core_v_mini_mcu.ao_peripheral_subsystem_i.spi_subsystem_i.obi_spimemio_i.cfgreg_do\[21\],202.26µm
clknet_3_6_0_i_core_v_mini_mcu.cpu_subsystem_i.cpu_0_0.clk_i,202.26µm
_18864_,202.25µm
net16,202.21µm
_22480_,202.1µm
_14499_,201.85µm
_23677_,201.85µm
i_core_v_mini_mcu.ao_peripheral_slave_resp\[23\],201.85µm
net1621,201.85µm
_09601_,201.8µm
_14073_,201.8µm
i_core_v_mini_mcu.ao_peripheral_subsystem_i.power_manager_i.power_manager_reg_top_i.cpu_counters_stop_cpu_reset_assert_stop_bit_counter_qs,201.8µm
net301,201.75µm
net956,201.75µm
net2122,201.75µm
net289,201.7µm
net650,201.7µm
_20447_,201.65µm
i_core_v_mini_mcu.ao_peripheral_subsystem_i.power_manager_i.power_manager_reg_top_i.reg2hw\[245\],201.65µm
_16603_,201.39µm
_26880_,201.25µm
_19324_,201.19µm
i_core_v_mini_mcu.memory_subsystem_i.ram0_i.tc_ram_i.sram\[21\]\[15\],201.19µm
net21,201.19µm
net1388,201.19µm
net1499,201.19µm
net1800,201.19µm
_12724_,201.14µm
_18769_,201.14µm
_21443_,201.14µm
i_core_v_mini_mcu.memory_subsystem_i.ram0_i.rdata_o\[22\],201.14µm
net28,201.14µm
net158,201.04µm
i_core_v_mini_mcu.memory_subsystem_i.ram0_i.tc_ram_i.sram\[22\]\[15\],200.84µm
net1986,200.79µm
_14591_,200.78µm
_10145_,200.73µm
_07484_,200.68µm
net154,200.68µm
i_core_v_mini_mcu.ao_peripheral_subsystem_i.tdu_i.task_mem\[5\]\[23\],200.58µm
net338,200.58µm
_19010_,200.55µm
_09608_,200.53µm
i_core_v_mini_mcu.ao_peripheral_subsystem_i.tdu_i.task_mem\[4\]\[21\],200.53µm
i_core_v_mini_mcu.peripheral_subsystem_i.uart_i.reg2hw\[43\],200.53µm
i_core_v_mini_mcu.ao_peripheral_subsystem_i.tdu_i.task_mem\[0\]\[23\],200.3µm
_07599_,200.27µm
_09029_,200.17µm
_20848_,200.17µm
_06733_,200.12µm
_18940_,200.12µm
clknet_5_7__leaf_i_core_v_mini_mcu.cpu_subsystem_i.cpu_1_0.clk_i,200.12µm
_10142_,200.09µm
_20656_,200.07µm
_08332_,199.97µm
_11164_,199.97µm
_18899_,199.97µm
net952,199.92µm
net880,199.85µm
_17365_,199.76µm
_05714_,199.66µm
_15162_,199.66µm
clknet_leaf_61_clk_i_regs,199.66µm
_18758_,199.61µm
_11450_,199.56µm
_07255_,199.51µm
_17646_,199.51µm
_20050_,199.46µm
_20450_,199.46µm
i_core_v_mini_mcu.ao_peripheral_subsystem_i.mosaic_clint_i.mtimecmp_q\[29\],199.41µm
_07059_,199.36µm
_20777_,199.36µm
delaynet_2_clk_i,199.36µm
_07543_,199.25µm
_05887_,199.2µm
i_core_v_mini_mcu.ao_peripheral_subsystem_i.power_manager_i.power_manager_reg_top_i.cpu_switch_off_counter_qs\[6\],199.19µm
_23152_,199.1µm
_14208_,199.05µm
_16420_,199µm
i_core_v_mini_mcu.peripheral_subsystem_i.obi_fifo_i.consumer_data_req\[27\],199µm
_22441_,198.95µm
i_core_v_mini_mcu.ao_peripheral_subsystem_i.power_manager_i.power_manager_reg_top_i.cpu_counters_stop_cpu_reset_deassert_stop_bit_counter_qs,198.95µm
net1009,198.95µm
net1079,198.95µm
net35,198.9µm
_08386_,198.85µm
net1619,198.74µm
_11915_,198.73µm
net31,198.73µm
_05455_,198.59µm
net2066,198.59µm
_12332_,198.58µm
clknet_leaf_12_i_core_v_mini_mcu.memory_subsystem_i.clk_cg,198.49µm
_09467_,198.44µm
_17680_,198.44µm
net335,198.39µm
_16442_,198.34µm
i_core_v_mini_mcu.ao_peripheral_subsystem_i.power_manager_i.power_manager_reg_top_i.global_pointer_qs\[22\],198.29µm
i_core_v_mini_mcu.ao_peripheral_subsystem_i.tdu_i.task_mem\[1\]\[24\],198.29µm
_21151_,198.24µm
_16776_,198.08µm
_12517_,197.88µm
_19349_,197.88µm
_20460_,197.83µm
_20057_,197.78µm
net1904,197.78µm
_20913_,197.75µm
_18819_,197.68µm
net974,197.6µm
net130,197.56µm
_16359_,197.47µm
_06379_,197.42µm
_25126_,197.42µm
_26850_,197.42µm
_17195_,197.37µm
_21547_,197.32µm
net291,197.32µm
clknet_leaf_65_clk_i_regs,197.32µm
_08118_,197.27µm
i_core_v_mini_mcu.ao_peripheral_subsystem_i.tdu_i.task_mem\[5\]\[29\],197.27µm
_19339_,197.22µm
_20455_,197.22µm
net336,197.22µm
_18427_,197.17µm
_15166_,197.09µm
_08529_,196.99µm
exit_value_int\[6\],196.94µm
_22772_,196.86µm
_16046_,196.81µm
_17395_,196.81µm
_18480_,196.76µm
i_core_v_mini_mcu.ao_peripheral_subsystem_i.power_manager_i.power_manager_reg_top_i.cpu_switch_off_counter_qs\[0\],196.74µm
_22331_,196.71µm
net337,196.71µm
net985,196.71µm
_21515_,196.66µm
i_core_v_mini_mcu.ao_peripheral_subsystem_i.tdu_i.task_mem\[4\]\[27\],196.66µm
net29,196.66µm
clknet_leaf_39_clk_i_regs,196.4µm
_22552_,196.3µm
net1024,196.3µm
clknet_5_10__leaf_i_core_v_mini_mcu.cpu_subsystem_i.cpu_1_0.clk_i,196.25µm
_10582_,196.2µm
_19092_,196.2µm
exit_value_int\[5\],196.2µm
_18570_,196.15µm
_08821_,196.05µm
_10777_,196.05µm
_13775_,196.05µm
_14007_,196.05µm
_08041_,196µm
i_core_v_mini_mcu.memory_subsystem_i.ram0_i.rdata_o\[7\],196µm
net1756,195.74µm
_09935_,195.64µm
_18466_,195.64µm
clknet_5_14__leaf_clk_i_regs,195.64µm
_10148_,195.61µm
_14020_,195.59µm
_14074_,195.59µm
i_core_v_mini_mcu.memory_subsystem_i.ram0_i.tc_ram_i.sram\[20\]\[8\],195.59µm
net305,195.59µm
net1270,195.54µm
_09671_,195.49µm
_27385_,195.49µm
_19874_,195.48µm
_27931_,195.33µm
_09025_,195.13µm
net1262,195.11µm
_14727_,195.08µm
_10898_,195.03µm
net33,195.03µm
_26064_,194.98µm
_08024_,194.88µm
_27607_,194.88µm
_21703_,194.87µm
_09217_,194.77µm
_15687_,194.72µm
net978,194.72µm
_27426_,194.67µm
net278,194.62µm
_10725_,194.57µm
_17504_,194.57µm
_06851_,194.52µm
_10584_,194.52µm
net1564,194.52µm
_08282_,194.47µm
net150,194.47µm
_10138_,194.42µm
net1078,194.42µm
_18622_,194.39µm
_19011_,194.32µm
_26892_,194.24µm
net643,194.16µm
_05916_,194.01µm
clknet_leaf_39_i_core_v_mini_mcu.memory_subsystem_i.clk_cg,193.96µm
_05663_,193.91µm
_08313_,193.91µm
_19993_,193.91µm
net1633,193.85µm
exit_value_int\[4\],193.81µm
_22740_,193.79µm
_20504_,193.76µm
i_core_v_mini_mcu.peripheral_subsystem_i.obi_fifo_i.consumer_data_req\[20\],193.76µm
delaynet_3_clk_i,193.76µm
_14850_,193.68µm
net1066,193.68µm
_14861_,193.6µm
_11373_,193.4µm
net178,193.4µm
_17949_,193.35µm
_27595_,193.35µm
net1394,193.35µm
i_core_v_mini_mcu.ao_peripheral_subsystem_i.power_manager_i.power_manager_reg_top_i.reg2hw\[238\],193.3µm
i_core_v_mini_mcu.ao_peripheral_subsystem_i.tdu_i.task_mem\[5\]\[19\],193.3µm
_18081_,193.14µm
_16672_,192.99µm
_15605_,192.89µm
_24184_,192.89µm
net1547,192.89µm
_22825_,192.79µm
net121,192.79µm
net1027,192.74µm
net1261,192.74µm
_21343_,192.69µm
net232,192.69µm
_05682_,192.38µm
_19031_,192.38µm
i_core_v_mini_mcu.peripheral_subsystem_i.uart_i.reg2hw\[88\],192.38µm
_10564_,192.33µm
_14434_,192.28µm
_14127_,192.23µm
_12479_,192.18µm
clknet_3_7_0_i_core_v_mini_mcu.cpu_subsystem_i.cpu_0_0.clk_i,192.18µm
_16676_,191.97µm
_21134_,191.92µm
_27429_,191.77µm
net1797,191.77µm
_27371_,191.72µm
net478,191.67µm
net725,191.62µm
net1622,191.61µm
_10164_,191.57µm
_07222_,191.52µm
_16927_,191.52µm
_17784_,191.51µm
net1601,191.51µm
_10331_,191.47µm
_10286_,191.36µm
_09397_,191.34µm
_27617_,191.26µm
net1749,191.21µm
_24115_,191.11µm
net2025,191.11µm
_26232_,191.06µm
i_core_v_mini_mcu.ao_peripheral_subsystem_i.tdu_i.task_mem\[1\]\[7\],191.06µm
_20058_,190.7µm
net286,190.6µm
net110,190.55µm
_12349_,190.5µm
_12605_,190.5µm
_25558_,190.5µm
_16942_,190.45µm
i_core_v_mini_mcu.ao_peripheral_subsystem_i.power_manager_i.power_manager_reg_top_i.en_wait_for_intr_qs\[15\],190.4µm
_14731_,190.29µm
_23406_,190.19µm
_09402_,190.14µm
_10920_,190.14µm
_17920_,190.14µm
_19470_,190.14µm
_25128_,190.09µm
_07387_,190.04µm
_07680_,189.99µm
_13739_,189.99µm
i_core_v_mini_mcu.ao_peripheral_slave_resp\[2\],189.99µm
clknet_leaf_33_clk_i_regs,189.99µm
_05644_,189.94µm
_08165_,189.94µm
_09119_,189.94µm
i_core_v_mini_mcu.ao_peripheral_subsystem_i.tdu_i.task_mem\[1\]\[19\],189.94µm
_24151_,189.89µm
_24971_,189.89µm
_24984_,189.89µm
_27674_,189.84µm
_18358_,189.73µm
net1615,189.63µm
clknet_leaf_75_i_core_v_mini_mcu.memory_subsystem_i.clk_cg,189.54µm
net513,189.53µm
_12486_,189.48µm
_27395_,189.48µm
net783,189.48µm
net370,189.43µm
_14626_,189.38µm
clknet_leaf_88_clk_i_regs,189.38µm
_10329_,189.33µm
_25963_,189.33µm
net339,189.33µm
i_core_v_mini_mcu.memory_subsystem_i.ram0_i.tc_ram_i.sram\[20\]\[24\],189.28µm
i_core_v_mini_mcu.memory_subsystem_i.ram0_i.tc_ram_i.sram\[22\]\[11\],189.28µm
_06831_,189.2µm
_25546_,189.17µm
_20891_,189.02µm
net457,188.97µm
net1498,188.97µm
net1870,188.97µm
i_core_v_mini_mcu.peripheral_subsystem_i.uart_i.reg2hw\[91\],188.92µm
_22731_,188.9µm
_10155_,188.89µm
clknet_leaf_5_i_core_v_mini_mcu.memory_subsystem_i.clk_cg,188.88µm
_16350_,188.87µm
_19675_,188.87µm
i_core_v_mini_mcu.ao_peripheral_subsystem_i.soc_ctrl_i.reg2hw\[6\],188.87µm
_25860_,188.82µm
i_core_v_mini_mcu.ao_peripheral_slave_resp\[14\],188.82µm
_20373_,188.77µm
_24531_,188.77µm
_15007_,188.74µm
_16996_,188.74µm
_18407_,188.72µm
_08544_,188.51µm
_16507_,188.51µm
_18313_,188.41µm
i_core_v_mini_mcu.peripheral_subsystem_i.uart_i.uart_core.u_uart_txfifo.gen_normal_fifo.fifo_rptr\[1\],188.41µm
_17398_,188.36µm
_14865_,188.35µm
i_core_v_mini_mcu.ao_peripheral_subsystem_i.obi_fifo_i.consumer_resp_i\[0\],188.31µm
net1072,188.31µm
clknet_5_24__leaf_i_core_v_mini_mcu.cpu_subsystem_i.cpu_1_0.clk_i,188.31µm
_17850_,188.28µm
clknet_5_23__leaf_i_core_v_mini_mcu.cpu_subsystem_i.cpu_1_0.clk_i,188.26µm
delaynet_1_clk_i,188.26µm
_15873_,188.21µm
_20451_,188.21µm
clknet_3_3_0_i_core_v_mini_mcu.cpu_subsystem_i.cpu_0_0.clk_i,188.21µm
_15937_,187.9µm
_21688_,187.9µm
_19020_,187.85µm
clknet_leaf_134_clk_i_regs,187.85µm
_07039_,187.8µm
_17793_,187.8µm
net109,187.8µm
net297,187.8µm
_07179_,187.7µm
net496,187.6µm
clknet_leaf_102_clk_i_regs,187.39µm
_12325_,187.34µm
_06916_,187.29µm
_27886_,187.24µm
clknet_5_27__leaf_i_core_v_mini_mcu.cpu_subsystem_i.cpu_1_0.clk_i,187.24µm
_23946_,187.19µm
net881,187.19µm
clknet_leaf_96_clk_i_regs,187.19µm
clknet_leaf_106_i_core_v_mini_mcu.memory_subsystem_i.clk_cg,187.19µm
_10013_,187.14µm
i_core_v_mini_mcu.ao_peripheral_subsystem_i.spi_subsystem_i.obi_spimemio_i.cfgreg_do\[16\],187.14µm
_24480_,187.09µm
_18384_,187.04µm
i_core_v_mini_mcu.ao_peripheral_subsystem_i.power_manager_i.power_manager_reg_top_i.reg2hw\[237\],186.93µm
i_core_v_mini_mcu.memory_subsystem_i.ram0_i.tc_ram_i.sram\[22\]\[9\],186.81µm
_18232_,186.76µm
_17240_,186.68µm
_19375_,186.68µm
_05410_,186.63µm
_15195_,186.63µm
i_core_v_mini_mcu.peripheral_subsystem_i.uart_i.reg2hw\[21\],186.63µm
clknet_5_7__leaf_clk_i_regs,186.63µm
_08540_,186.58µm
i_core_v_mini_mcu.ao_peripheral_slave_resp\[8\],186.58µm
_08181_,186.53µm
_25257_,186.53µm
net342,186.53µm
_24740_,186.52µm
_18184_,186.48µm
net1571,186.32µm
_07400_,186.3µm
net176,186.27µm
_06293_,186.07µm
_19383_,186.07µm
i_core_v_mini_mcu.cpu_subsystem_i.cpu_1_0.i_servile.o_rf_raddr\[1\],186.07µm
_14026_,186.04µm
net237,186.02µm
net1741,186.02µm
_08227_,185.98µm
_13226_,185.97µm
net464,185.92µm
clknet_3_1_0_i_core_v_mini_mcu.cpu_subsystem_i.cpu_0_0.clk_i,185.92µm
net683,185.86µm
net511,185.76µm
net1781,185.76µm
_22443_,185.66µm
_17463_,185.56µm
net1540,185.56µm
_25752_,185.51µm
i_core_v_mini_mcu.peripheral_subsystem_i.uart_i.reg2hw\[84\],185.51µm
_06029_,185.46µm
_20381_,185.46µm
clknet_5_14__leaf_i_core_v_mini_mcu.cpu_subsystem_i.cpu_1_0.clk_i,185.46µm
_14022_,185.41µm
_14244_,185.35µm
_16356_,185.05µm
_21671_,185.05µm
net979,185.05µm
net1644,185.05µm
clknet_leaf_82_clk_i_regs,185.05µm
_14057_,185µm
_21393_,184.99µm
_24835_,184.9µm
_14960_,184.85µm
_25696_,184.82µm
_23551_,184.64µm
_14153_,184.59µm
i_core_v_mini_mcu.ao_peripheral_subsystem_i.power_manager_i.power_manager_reg_top_i.global_pointer_qs\[15\],184.55µm
_16624_,184.54µm
net1341,184.54µm
_10092_,184.49µm
_17158_,184.49µm
i_core_v_mini_mcu.ao_peripheral_subsystem_i.tdu_i.task_mem\[1\]\[29\],184.44µm
_09004_,184.39µm
_13984_,184.39µm
i_core_v_mini_mcu.ao_peripheral_subsystem_i.mosaic_clint_i.mtimecmp_q\[77\],184.39µm
clknet_leaf_30_clk_i_regs,184.39µm
clknet_5_31__leaf_i_core_v_mini_mcu.cpu_subsystem_i.cpu_1_0.clk_i,184.39µm
_18528_,184.34µm
_20212_,184.34µm
_25048_,184.34µm
net166,184.34µm
_09552_,184.29µm
_14003_,184.29µm
net1565,184.29µm
_18994_,184.24µm
i_core_v_mini_mcu.ao_peripheral_slave_resp\[11\],184.24µm
_07559_,184.21µm
_12429_,184µm
_17025_,183.93µm
_11085_,183.88µm
_14971_,183.85µm
net210,183.83µm
_10737_,183.78µm
_18462_,183.78µm
i_core_v_mini_mcu.memory_subsystem_i.ram0_i.rdata_o\[17\],183.78µm
net209,183.78µm
net2121,183.62µm
i_core_v_mini_mcu.peripheral_subsystem_i.uart_i.reg2hw\[3\],183.55µm
net594,183.54µm
_27484_,183.52µm
net1025,183.52µm
_12320_,183.51µm
_09647_,183.42µm
_15043_,183.42µm
clknet_leaf_6_clk_i_regs,183.42µm
clknet_5_22__leaf_i_core_v_mini_mcu.cpu_subsystem_i.cpu_1_0.clk_i,183.42µm
i_core_v_mini_mcu.ao_peripheral_subsystem_i.power_manager_i.power_manager_reg_top_i.cpu_switch_off_counter_qs\[5\],183.32µm
clknet_leaf_81_clk_i_regs,183.32µm
_21498_,183.27µm
_24007_,183.27µm
clknet_leaf_75_clk_i_regs,183.22µm
_08305_,183.17µm
_26168_,183.12µm
_18349_,183µm
_07170_,182.9µm
_15123_,182.81µm
_19510_,182.81µm
net1686,182.81µm
clknet_5_23__leaf_clk_i_regs,182.76µm
_05487_,182.71µm
_16417_,182.71µm
net377,182.71µm
net236,182.66µm
net1710,182.66µm
delaynet_0_clk_i,182.66µm
_09586_,182.61µm
_18423_,182.61µm
_06588_,182.56µm
net413,182.56µm
_10590_,182.3µm
_23140_,182.3µm
clknet_leaf_141_clk_i_regs,182.3µm
i_core_v_mini_mcu.ao_peripheral_subsystem_i.clint_mtime_o\[22\],182.25µm
_07266_,182.2µm
net1579,182.2µm
_10182_,182.15µm
clknet_leaf_84_clk_i_regs,182.15µm
_10705_,182.1µm
_19995_,182.1µm
_08280_,182.05µm
_18468_,182.05µm
i_core_v_mini_mcu.ao_peripheral_subsystem_i.tdu_i.task_mem\[1\]\[18\],182.05µm
_06694_,181.74µm
clknet_leaf_60_i_core_v_mini_mcu.memory_subsystem_i.clk_cg,181.74µm
_17910_,181.64µm
_19347_,181.64µm
clknet_5_26__leaf_i_core_v_mini_mcu.cpu_subsystem_i.cpu_1_0.clk_i,181.64µm
_06480_,181.59µm
_27432_,181.59µm
i_core_v_mini_mcu.peripheral_subsystem_i.uart_i.reg2hw\[85\],181.59µm
clknet_5_22__leaf_clk_i_regs,181.59µm
i_core_v_mini_mcu.ao_peripheral_subsystem_i.soc_ctrl_i.reg2hw\[12\],181.56µm
i_core_v_mini_mcu.ao_peripheral_subsystem_i.tdu_i.task_mem\[1\]\[10\],181.54µm
i_core_v_mini_mcu.peripheral_subsystem_i.obi_fifo_i.consumer_data_req\[11\],181.54µm
net2020,181.54µm
i_core_v_mini_mcu.ao_peripheral_slave_resp\[19\],181.49µm
_20374_,181.44µm
net610,181.41µm
_12177_,181.33µm
i_core_v_mini_mcu.ao_peripheral_subsystem_i.power_manager_i.power_manager_reg_top_i.cpu_switch_off_counter_qs\[4\],181.26µm
net1653,181.23µm
i_core_v_mini_mcu.memory_subsystem_i.ram0_i.tc_ram_i.sram\[23\]\[28\],181.21µm
_15568_,181.18µm
net375,181.18µm
_12406_,181.13µm
_09278_,181.08µm
net1760,181.08µm
clknet_leaf_97_clk_i_regs,181.03µm
_21230_,180.98µm
_16435_,180.93µm
i_core_v_mini_mcu.peripheral_subsystem_i.uart_i.reg2hw\[7\],180.93µm
_18239_,180.88µm
_13866_,180.77µm
_15804_,180.77µm
_21507_,180.72µm
_17029_,180.62µm
clknet_leaf_21_i_core_v_mini_mcu.memory_subsystem_i.clk_cg,180.57µm
_12327_,180.52µm
net950,180.52µm
_22256_,180.47µm
_10122_,180.44µm
_10010_,180.42µm
_23188_,180.42µm
_26701_,180.42µm
net168,180.37µm
_13952_,180.32µm
_14180_,180.32µm
_23106_,180.32µm
_20260_,180.29µm
net741,180.16µm
_27927_,180.06µm
net684,180.02µm
net1774,180.01µm
_06410_,179.96µm
_10813_,179.96µm
net1253,179.96µm
_16333_,179.91µm
_17227_,179.86µm
_05436_,179.81µm
_08740_,179.75µm
i_core_v_mini_mcu.ao_peripheral_subsystem_i.tdu_i.task_mem\[0\]\[26\],179.68µm
i_core_v_mini_mcu.peripheral_subsystem_i.uart_i.reg2hw\[23\],179.63µm
_23648_,179.6µm
_06605_,179.5µm
_27391_,179.45µm
clknet_5_25__leaf_clk_i_regs,179.45µm
_10620_,179.4µm
_22782_,179.4µm
net840,179.4µm
_17192_,179.35µm
_18228_,179.35µm
i_core_v_mini_mcu.ao_peripheral_slave_resp\[10\],179.35µm
_10169_,179.3µm
net1110,179.3µm
_08033_,179.25µm
_20389_,179.25µm
_07784_,179.2µm
_10699_,179.2µm
_17116_,179.09µm
net1606,179.09µm
_17749_,179.04µm
_18809_,179.04µm
_15703_,178.99µm
_17952_,178.94µm
_16571_,178.89µm
net970,178.89µm
_11032_,178.84µm
_26271_,178.84µm
_08980_,178.79µm
_18353_,178.79µm
i_core_v_mini_mcu.ao_peripheral_subsystem_i.tdu_i.task_mem\[5\]\[28\],178.79µm
_09621_,178.74µm
_17224_,178.74µm
net231,178.69µm
_14186_,178.64µm
_22472_,178.64µm
_27851_,178.63µm
_17981_,178.48µm
clknet_leaf_27_i_core_v_mini_mcu.memory_subsystem_i.clk_cg,178.43µm
clknet_leaf_77_i_core_v_mini_mcu.memory_subsystem_i.clk_cg,178.43µm
net2123,178.43µm
_16203_,178.38µm
net630,178.38µm
i_core_v_mini_mcu.ao_peripheral_subsystem_i.power_manager_i.power_manager_reg_top_i.intr_state_qs\[17\],178.33µm
clknet_leaf_11_clk_i_regs,178.33µm
_10703_,178.28µm
_17612_,178.28µm
_23595_,178.28µm
_20767_,178.23µm
_07206_,178.18µm
_14024_,178.18µm
_20459_,178.18µm
_06959_,178.13µm
_26855_,178.13µm
i_core_v_mini_mcu.memory_subsystem_i.ram0_i.rdata_o\[24\],178.13µm
_27653_,178.08µm
i_core_v_mini_mcu.ao_peripheral_subsystem_i.clint_mtime_o\[53\],177.77µm
_27895_,177.74µm
_06938_,177.72µm
net1225,177.72µm
clknet_leaf_138_clk_i_regs,177.72µm
_23517_,177.67µm
i_core_v_mini_mcu.ao_peripheral_subsystem_i.power_manager_i.power_manager_reg_top_i.reg2hw\[239\],177.67µm
_22723_,177.57µm
_23333_,177.52µm
i_core_v_mini_mcu.peripheral_subsystem_i.uart_i.hw2reg\[44\],177.44µm
_14485_,177.31µm
net1451,177.26µm
_05484_,177.21µm
_10512_,177.21µm
_18778_,177.21µm
net602,177.21µm
i_core_v_mini_mcu.ao_peripheral_subsystem_i.tdu_i.task_mem\[1\]\[21\],177.11µm
net2119,177.06µm
_08196_,177.01µm
_10095_,177.01µm
_15806_,177.01µm
_26544_,176.96µm
_10313_,176.6µm
_19845_,176.6µm
_20001_,176.6µm
net588,176.6µm
_23316_,176.45µm
_14010_,176.4µm
_20486_,176.4µm
_07279_,176.31µm
clknet_leaf_65_i_core_v_mini_mcu.memory_subsystem_i.clk_cg,176.29µm
_15433_,176.24µm
_17507_,176.19µm
_14045_,176.14µm
_16036_,176.04µm
_18077_,176.04µm
i_core_v_mini_mcu.ao_peripheral_subsystem_i.power_manager_i.power_manager_reg_top_i.en_wait_for_intr_qs\[17\],175.94µm
i_core_v_mini_mcu.memory_subsystem_i.ram0_i.tc_ram_i.sram\[20\]\[17\],175.94µm
_06912_,175.89µm
i_core_v_mini_mcu.ao_peripheral_slave_resp\[27\],175.89µm
net622,175.84µm
_06914_,175.76µm
_17299_,175.71µm
clknet_leaf_15_i_core_v_mini_mcu.memory_subsystem_i.clk_cg,175.63µm
_18727_,175.58µm
i_core_v_mini_mcu.cpu_subsystem_i.cpu_1_0.i_servile.cpu.alu.i_rs1,175.48µm
net1715,175.48µm
_06451_,175.43µm
_08233_,175.43µm
i_core_v_mini_mcu.ao_peripheral_subsystem_i.tdu_i.task_mem\[5\]\[20\],175.43µm
net649,175.43µm
_10831_,175.4µm
_20233_,175.38µm
_24998_,175.38µm
net235,175.33µm
_14147_,175.28µm
_23215_,175.28µm
clknet_leaf_41_i_core_v_mini_mcu.memory_subsystem_i.clk_cg,175.22µm
_17614_,175.1µm
_19757_,175.02µm
_07196_,174.82µm
_23199_,174.82µm
_08261_,174.77µm
_20498_,174.77µm
i_core_v_mini_mcu.ao_peripheral_subsystem_i.tdu_i.task_mem\[5\]\[13\],174.77µm
_18486_,174.72µm
_26990_,174.72µm
_21146_,174.71µm
clknet_leaf_111_i_core_v_mini_mcu.cpu_subsystem_i.cpu_0_0.clk_i,174.71µm
_27883_,174.61µm
net187,174.56µm
_17273_,174.54µm
_17613_,174.54µm
_24390_,174.54µm
_19369_,174.51µm
net233,174.49µm
_08527_,174.46µm
_05402_,174.41µm
_12331_,174.41µm
net805,174.41µm
_27558_,174.36µm
clknet_leaf_44_i_core_v_mini_mcu.memory_subsystem_i.clk_cg,174.36µm
_20816_,174.31µm
net1901,174.31µm
i_core_v_mini_mcu.ao_peripheral_subsystem_i.power_manager_i.power_manager_reg_top_i.global_pointer_qs\[16\],174.26µm
_06876_,174.21µm
i_core_v_mini_mcu.ao_peripheral_subsystem_i.power_manager_i.power_manager_reg_top_i.en_wait_for_intr_qs\[16\],174.21µm
_20370_,174.16µm
_27600_,174.12µm
_22373_,174µm
net1520,174µm
i_core_v_mini_mcu.ao_peripheral_slave_resp\[7\],173.99µm
_19071_,173.95µm
clknet_leaf_74_clk_i_regs,173.85µm
_09102_,173.8µm
net926,173.8µm
_10509_,173.75µm
net385,173.75µm
_27671_,173.73µm
_03925_,173.7µm
_09593_,173.7µm
_22089_,173.7µm
_22541_,173.7µm
i_core_v_mini_mcu.memory_subsystem_i.ram0_i.rdata_o\[8\],173.7µm
_27374_,173.65µm
_27604_,173.65µm
i_core_v_mini_mcu.ao_peripheral_subsystem_i.power_manager_i.power_manager_reg_top_i.intr_state_qs\[13\],173.6µm
_20261_,173.44µm
_14613_,173.39µm
_16806_,173.34µm
_06834_,173.29µm
net1830,173.29µm
clknet_leaf_92_i_core_v_mini_mcu.memory_subsystem_i.clk_cg,173.29µm
i_core_v_mini_mcu.ao_peripheral_subsystem_i.clint_mtime_o\[54\],173.24µm
i_core_v_mini_mcu.ao_peripheral_subsystem_i.clint_mtime_o\[49\],173.19µm
i_core_v_mini_mcu.ao_peripheral_subsystem_i.clint_mtime_o\[52\],173.19µm
_08766_,173.09µm
_21936_,173.09µm
_27570_,172.83µm
clknet_leaf_64_clk_i_regs,172.83µm
_18401_,172.73µm
clknet_leaf_137_clk_i_regs,172.73µm
_05677_,172.68µm
_14234_,172.68µm
_07891_,172.63µm
_14141_,172.58µm
_11269_,172.53µm
_26702_,172.48µm
_18852_,172.45µm
clknet_leaf_56_i_core_v_mini_mcu.memory_subsystem_i.clk_cg,172.38µm
_14724_,172.27µm
_16362_,172.22µm
_17357_,172.22µm
_06797_,172.12µm
_15436_,172.07µm
_22611_,172.07µm
net922,172.07µm
clknet_leaf_43_clk_i_regs,172.07µm
_21686_,172.02µm
_08226_,171.97µm
_10740_,171.97µm
_25912_,171.97µm
_06602_,171.92µm
_10167_,171.91µm
_17361_,171.66µm
_27400_,171.61µm
_13575_,171.56µm
_18448_,171.51µm
_21211_,171.51µm
_08372_,171.46µm
_07200_,171.41µm
_12412_,171.41µm
_21478_,171.33µm
net1259,171.1µm
clknet_leaf_4_i_core_v_mini_mcu.cpu_subsystem_i.cpu_0_0.clk_i,171.05µm
_25508_,171µm
net67,171µm
_21455_,170.95µm
i_core_v_mini_mcu.ao_peripheral_slave_resp\[25\],170.95µm
_05864_,170.9µm
net954,170.9µm
i_core_v_mini_mcu.memory_subsystem_i.ram0_i.rdata_o\[12\],170.85µm
i_core_v_mini_mcu.memory_subsystem_i.ram0_i.rdata_o\[27\],170.85µm
net331,170.85µm
net637,170.72µm
_21169_,170.63µm
_16107_,170.49µm
_17330_,170.49µm
_21785_,170.49µm
_16913_,170.44µm
_13631_,170.39µm
net1692,170.39µm
_11386_,170.34µm
_17432_,170.34µm
_27644_,170.29µm
_27399_,170.13µm
net106,170.11µm
_05417_,169.98µm
_08982_,169.98µm
_23015_,169.98µm
clknet_leaf_61_i_core_v_mini_mcu.cpu_subsystem_i.cpu_0_0.clk_i,169.98µm
net1607,169.93µm
clknet_leaf_22_i_core_v_mini_mcu.memory_subsystem_i.clk_cg,169.93µm
_05579_,169.83µm
net2013,169.83µm
net142,169.78µm
net925,169.78µm
_08396_,169.68µm
_22075_,169.68µm
_24150_,169.68µm
_22450_,169.52µm
_27860_,169.42µm
_20160_,169.39µm
_20213_,169.37µm
net1759,169.37µm
net1897,169.32µm
clknet_5_1__leaf_clk_i_regs,169.22µm
clknet_leaf_82_i_core_v_mini_mcu.memory_subsystem_i.clk_cg,169.22µm
_16323_,169.17µm
_20458_,169.12µm
_10120_,168.94µm
net1652,168.86µm
_11003_,168.71µm
_13931_,168.66µm
_10184_,168.61µm
_22439_,168.4µm
_16239_,168.35µm
_21127_,168.3µm
_22698_,168.28µm
_21163_,168.2µm
net1768,168.2µm
_06612_,168.15µm
net1683,168.15µm
_24048_,168.1µm
_24095_,168.1µm
_25924_,168.1µm
_05595_,168.05µm
_10084_,168µm
_12774_,168µm
net1284,167.92µm
i_core_v_mini_mcu.ao_peripheral_slave_resp\[18\],167.83µm
clknet_leaf_117_i_core_v_mini_mcu.cpu_subsystem_i.cpu_0_0.clk_i,167.83µm
_17466_,167.74µm
_21689_,167.74µm
net1605,167.74µm
i_core_v_mini_mcu.system_bus_i.gen_demux_xbar\[3\].demux_xbar_i.u_xbar_varlat.gen_inputs\[0\].i_addr_dec_resp_mux.gen_several_outputs.bank_sel_q,167.64µm
net24,167.64µm
_08425_,167.59µm
_09297_,167.59µm
_13697_,167.59µm
_14187_,167.59µm
_15869_,167.59µm
_16186_,167.59µm
_20866_,167.59µm
net88,167.59µm
i_core_v_mini_mcu.memory_subsystem_i.ram0_i.tc_ram_i.sram\[22\]\[27\],167.49µm
net547,167.49µm
net477,167.44µm
i_core_v_mini_mcu.memory_subsystem_i.ram0_i.tc_ram_i.sram\[20\]\[31\],167.355µm
_15267_,167.28µm
clknet_leaf_80_i_core_v_mini_mcu.memory_subsystem_i.clk_cg,167.23µm
_16007_,167.08µm
net1021,167.08µm
_06945_,167.03µm
_13851_,167.03µm
i_core_v_mini_mcu.ao_peripheral_slave_resp\[21\],167.03µm
i_core_v_mini_mcu.ao_peripheral_subsystem_i.power_manager_i.power_manager_reg_top_i.global_pointer_qs\[11\],167.03µm
i_core_v_mini_mcu.memory_subsystem_i.ram0_i.tc_ram_i.sram\[30\]\[9\],167.03µm
net1255,167.03µm
i_core_v_mini_mcu.ao_peripheral_subsystem_i.power_manager_i.power_manager_reg_top_i.reg2hw\[232\],166.98µm
_06525_,166.93µm
_09104_,166.93µm
i_core_v_mini_mcu.ao_peripheral_subsystem_i.power_manager_i.power_manager_reg_top_i.intr_state_qs\[15\],166.93µm
net22,166.93µm
net948,166.93µm
net1260,166.88µm
_19848_,166.87µm
_12899_,166.85µm
_27641_,166.74µm
net1766,166.65µm
_07157_,166.62µm
_27396_,166.62µm
_17129_,166.57µm
_18654_,166.57µm
_06738_,166.52µm
net1682,166.52µm
_18160_,166.42µm
_20633_,166.42µm
_27523_,166.42µm
i_core_v_mini_mcu.ao_peripheral_subsystem_i.clint_mtime_o\[55\],166.42µm
_18217_,166.32µm
_15235_,166.11µm
_23030_,166.11µm
i_core_v_mini_mcu.ao_peripheral_subsystem_i.tdu_i.task_mem\[7\]\[24\],166.09µm
_06583_,166.01µm
_23664_,166.01µm
_21262_,165.96µm
net261,165.96µm
net780,165.96µm
_06969_,165.91µm
clknet_5_2__leaf_clk_i_regs,165.91µm
_14259_,165.86µm
_07053_,165.81µm
clknet_3_5_0_i_core_v_mini_mcu.cpu_subsystem_i.cpu_0_0.clk_i,165.81µm
_18442_,165.76µm
net102,165.72µm
_18050_,165.48µm
net1672,165.45µm
_18471_,165.4µm
_24792_,165.35µm
_08021_,165.3µm
_14414_,165.3µm
_16387_,165.3µm
_20465_,165.3µm
net2102,165.3µm
_21562_,165.25µm
_08029_,165.2µm
_08360_,165.2µm
_10679_,165.2µm
_16187_,164.99µm
_10238_,164.94µm
_27496_,164.94µm
_18717_,164.89µm
net379,164.89µm
net688,164.89µm
i_core_v_mini_mcu.ao_peripheral_slave_resp\[15\],164.84µm
net266,164.84µm
_14235_,164.79µm
_23397_,164.79µm
i_core_v_mini_mcu.ao_peripheral_subsystem_i.soc_ctrl_i.reg2hw\[7\],164.79µm
net118,164.79µm
_09054_,164.74µm
_09223_,164.74µm
_17884_,164.74µm
net269,164.74µm
net920,164.74µm
_11485_,164.69µm
_21148_,164.69µm
_17815_,164.63µm
_17818_,164.63µm
net1623,164.48µm
_06910_,164.38µm
_14488_,164.38µm
_19634_,164.28µm
_06481_,164.23µm
_12214_,164.23µm
_19520_,164.23µm
_20463_,164.23µm
_20575_,164.13µm
_19109_,164.08µm
i_core_v_mini_mcu.core_data_req\[24\],164.04µm
_21147_,164.02µm
_14649_,163.9µm
_21190_,163.9µm
clknet_leaf_94_clk_i_regs,163.87µm
_06452_,163.82µm
net975,163.82µm
clknet_leaf_89_clk_i_regs,163.77µm
_16104_,163.72µm
_19593_,163.72µm
_22762_,163.72µm
_06957_,163.67µm
i_core_v_mini_mcu.ao_peripheral_subsystem_i.power_manager_i.power_manager_reg_top_i.global_pointer_qs\[26\],163.67µm
i_core_v_mini_mcu.memory_subsystem_i.ram0_i.tc_ram_i.sram\[21\]\[8\],163.67µm
_05856_,163.62µm
_14442_,163.62µm
_20574_,163.62µm
_25808_,163.62µm
_07630_,163.57µm
_07937_,163.57µm
_08161_,163.57µm
_08688_,163.57µm
_10082_,163.57µm
_11679_,163.57µm
_05592_,163.52µm
_21784_,163.31µm
_15163_,163.26µm
_18874_,163.21µm
_20177_,163.21µm
clknet_leaf_130_clk_i_regs,163.16µm
_17649_,163.11µm
_12464_,163.06µm
_20383_,163.06µm
i_core_v_mini_mcu.ao_peripheral_subsystem_i.tdu_i.task_mem\[1\]\[16\],163.06µm
_09491_,163.01µm
_10083_,163.01µm
_11448_,163.01µm
_14179_,163.01µm
_18223_,163.01µm
_22531_,163.01µm
_08084_,162.96µm
_19839_,162.85µm
_22387_,162.8µm
net1516,162.8µm
_13777_,162.78µm
clknet_leaf_118_clk_i_regs,162.7µm
_14327_,162.65µm
_23457_,162.65µm
net1617,162.65µm
_08884_,162.6µm
_14685_,162.6µm
_21594_,162.6µm
i_core_v_mini_mcu.ao_peripheral_slave_resp\[13\],162.55µm
net93,162.55µm
_16840_,162.54µm
_05464_,162.5µm
_23358_,162.5µm
i_core_v_mini_mcu.ao_peripheral_subsystem_i.tdu_i.task_mem\[5\]\[25\],162.5µm
clknet_leaf_72_clk_i_regs,162.5µm
_24132_,162.45µm
i_core_v_mini_mcu.ao_peripheral_subsystem_i.tdu_i.task_mem\[5\]\[12\],162.45µm
_18715_,162.4µm
_20284_,162.4µm
_16946_,162.22µm
clknet_5_5__leaf_clk_i_regs,162.09µm
clknet_leaf_47_i_core_v_mini_mcu.memory_subsystem_i.clk_cg,162.09µm
clknet_leaf_123_i_core_v_mini_mcu.cpu_subsystem_i.cpu_0_0.clk_i,162.09µm
_06582_,162.04µm
_20657_,162.04µm
net1641,162.04µm
_07096_,161.99µm
_12514_,161.99µm
_18492_,161.99µm
clknet_5_29__leaf_clk_i_regs,161.99µm
clknet_leaf_53_i_core_v_mini_mcu.cpu_subsystem_i.cpu_0_0.clk_i,161.98µm
_14530_,161.94µm
_13411_,161.89µm
net382,161.89µm
_13536_,161.84µm
_26245_,161.84µm
_15759_,161.76µm
_05530_,161.63µm
_16223_,161.58µm
net469,161.58µm
clknet_leaf_4_i_core_v_mini_mcu.memory_subsystem_i.clk_cg,161.58µm
clknet_leaf_37_i_core_v_mini_mcu.memory_subsystem_i.clk_cg,161.58µm
_17327_,161.53µm
_05497_,161.5µm
_27071_,161.46µm
i_core_v_mini_mcu.ao_peripheral_subsystem_i.power_manager_i.power_manager_reg_top_i.en_wait_for_intr_qs\[13\],161.43µm
i_core_v_mini_mcu.peripheral_subsystem_i.uart_i.reg2hw\[69\],161.43µm
i_core_v_mini_mcu.ao_peripheral_subsystem_i.tdu_i.task_mem\[5\]\[26\],161.4µm
_24064_,161.38µm
i_core_v_mini_mcu.ao_peripheral_subsystem_i.power_manager_i.power_manager_reg_top_i.cpu_switch_off_counter_qs\[15\],161.38µm
net621,161.38µm
net1879,161.38µm
clknet_3_2_0_i_core_v_mini_mcu.cpu_subsystem_i.cpu_0_0.clk_i,161.38µm
_03118_,161.33µm
_14440_,161.33µm
i_core_v_mini_mcu.ao_peripheral_subsystem_i.spi_subsystem_i.obi_spimemio_i.spimemio_i.din_rd,161.33µm
i_core_v_mini_mcu.ao_peripheral_subsystem_i.tdu_i.task_mem\[0\]\[20\],161.33µm
_17163_,161.28µm
_26598_,161.28µm
i_core_v_mini_mcu.ao_peripheral_subsystem_i.clint_mtime_o\[48\],161.28µm
_23148_,161.07µm
net200,161.07µm
net1639,161.07µm
_15032_,161.02µm
_22645_,160.97µm
_16929_,160.92µm
i_core_v_mini_mcu.ao_peripheral_subsystem_i.power_manager_i.power_manager_reg_top_i.global_pointer_qs\[8\],160.92µm
net1047,160.92µm
clknet_leaf_9_clk_i_regs,160.92µm
net2109,160.92µm
_06838_,160.87µm
_07803_,160.87µm
_24488_,160.87µm
net1285,160.87µm
net2115,160.87µm
_21287_,160.85µm
_27383_,160.82µm
_27602_,160.82µm
i_core_v_mini_mcu.memory_subsystem_i.ram0_i.rdata_o\[25\],160.82µm
_25607_,160.72µm
_17752_,160.61µm
_20971_,160.61µm
i_core_v_mini_mcu.memory_subsystem_i.ram0_i.tc_ram_i.sram\[21\]\[10\],160.57µm
clknet_leaf_146_clk_i_regs,160.56µm
clknet_leaf_6_i_core_v_mini_mcu.cpu_subsystem_i.cpu_0_0.clk_i,160.56µm
_15524_,160.51µm
_19479_,160.46µm
_24006_,160.41µm
net541,160.41µm
net1642,160.41µm
_27790_,160.36µm
_26025_,160.31µm
_16503_,160.3µm
_20499_,160.26µm
_05413_,160.21µm
_07076_,160.21µm
_20336_,160.21µm
_20501_,160.21µm
_22296_,160.21µm
clknet_leaf_117_clk_i_regs,160.21µm
_14182_,160.16µm
_19015_,160.16µm
_19054_,160.16µm
net634,159.97µm
clknet_leaf_85_clk_i_regs,159.95µm
clknet_leaf_66_i_core_v_mini_mcu.memory_subsystem_i.clk_cg,159.95µm
_09877_,159.85µm
i_core_v_mini_mcu.ao_peripheral_slave_resp\[0\],159.85µm
clknet_leaf_108_i_core_v_mini_mcu.cpu_subsystem_i.cpu_0_0.clk_i,159.85µm
_06972_,159.8µm
_17161_,159.8µm
net1611,159.8µm
net2033,159.8µm
_21694_,159.75µm
i_core_v_mini_mcu.memory_subsystem_i.ram0_i.rdata_o\[15\],159.75µm
net947,159.75µm
_08247_,159.7µm
_24439_,159.7µm
i_core_v_mini_mcu.ao_peripheral_subsystem_i.tdu_i.task_mem\[4\]\[26\],159.7µm
_10585_,159.65µm
_09050_,159.54µm
_19966_,159.44µm
clknet_leaf_84_i_core_v_mini_mcu.memory_subsystem_i.clk_cg,159.39µm
clknet_leaf_47_i_core_v_mini_mcu.cpu_subsystem_i.cpu_0_0.clk_i,159.35µm
clknet_leaf_50_clk_i_regs,159.24µm
net2098,159.24µm
_27166_,159.22µm
clknet_leaf_101_clk_i_regs,159.19µm
_14730_,159.14µm
_15535_,159.14µm
_12408_,159.09µm
_06613_,159.04µm
_14404_,159.04µm
_20289_,159.04µm
net98,159.04µm
_11357_,158.93µm
_15801_,158.78µm
net863,158.78µm
clknet_leaf_120_clk_i_regs,158.78µm
clknet_leaf_31_i_core_v_mini_mcu.cpu_subsystem_i.cpu_0_0.clk_i,158.78µm
_21176_,158.68µm
_22775_,158.68µm
clknet_leaf_24_clk_i_regs,158.68µm
clknet_leaf_59_clk_i_regs,158.68µm
i_core_v_mini_mcu.ao_peripheral_subsystem_i.mosaic_clint_i.mtimecmp_q\[116\],158.63µm
i_core_v_mini_mcu.ao_peripheral_subsystem_i.obi_fifo_i.consumer_data_req\[16\],158.63µm
net740,158.63µm
clknet_leaf_23_clk_i_regs,158.63µm
_18663_,158.58µm
_27278_,158.48µm
_27863_,158.37µm
_22771_,158.32µm
net1896,158.22µm
_09013_,158.2µm
_26705_,158.2µm
_19837_,158.17µm
_10094_,158.16µm
_16606_,158.12µm
net270,158.12µm
clknet_5_18__leaf_i_core_v_mini_mcu.cpu_subsystem_i.cpu_1_0.clk_i,158.12µm
_10528_,158.07µm
i_core_v_mini_mcu.ao_peripheral_subsystem_i.tdu_i.task_mem\[4\]\[23\],158.07µm
net786,158.07µm
clknet_5_17__leaf_i_core_v_mini_mcu.cpu_subsystem_i.cpu_1_0.clk_i,158.07µm
_08696_,158.02µm
_11468_,158.02µm
_18446_,158.02µm
clknet_leaf_79_clk_i_regs,158.02µm
_08761_,157.97µm
i_core_v_mini_mcu.ao_peripheral_slave_resp\[22\],157.97µm
clknet_leaf_48_i_core_v_mini_mcu.cpu_subsystem_i.cpu_0_0.clk_i,157.71µm
_05407_,157.56µm
_19531_,157.56µm
_23512_,157.56µm
clknet_leaf_25_i_core_v_mini_mcu.memory_subsystem_i.clk_cg,157.56µm
_09465_,157.51µm
_14451_,157.51µm
_25820_,157.51µm
_22191_,157.46µm
_25294_,157.41µm
i_core_v_mini_mcu.ao_peripheral_subsystem_i.power_manager_i.power_manager_reg_top_i.global_pointer_qs\[12\],157.41µm
i_core_v_mini_mcu.ao_peripheral_subsystem_i.power_manager_i.power_manager_reg_top_i.global_pointer_qs\[17\],157.41µm
_08128_,157.36µm
clknet_leaf_6_i_core_v_mini_mcu.memory_subsystem_i.clk_cg,157.25µm
clknet_leaf_106_i_core_v_mini_mcu.cpu_subsystem_i.cpu_0_0.clk_i,157.2µm
_20778_,157.15µm
net374,157.15µm
clknet_leaf_119_clk_i_regs,157.15µm
_07308_,157.1µm
_19196_,157.1µm
clknet_leaf_29_i_core_v_mini_mcu.memory_subsystem_i.clk_cg,157.1µm
_06647_,157µm
_15029_,157µm
_19145_,157µm
_05679_,156.95µm
_05796_,156.95µm
_06813_,156.95µm
_10146_,156.94µm
_22690_,156.9µm
net1664,156.9µm
_18341_,156.85µm
_27589_,156.85µm
i_core_v_mini_mcu.ao_peripheral_subsystem_i.tdu_i.task_mem\[1\]\[12\],156.85µm
i_core_v_mini_mcu.ao_peripheral_subsystem_i.tdu_i.task_mem\[5\]\[9\],156.85µm
i_core_v_mini_mcu.memory_subsystem_i.ram0_i.tc_ram_i.r_addr_q\[1\],156.8µm
_16813_,156.69µm
_17126_,156.69µm
_17617_,156.59µm
_18016_,156.54µm
clknet_leaf_38_i_core_v_mini_mcu.memory_subsystem_i.clk_cg,156.54µm
_16707_,156.49µm
_23960_,156.48µm
_16441_,156.44µm
clknet_leaf_148_clk_i_regs,156.44µm
_09114_,156.39µm
_14771_,156.39µm
_19334_,156.39µm
clknet_leaf_34_i_core_v_mini_mcu.memory_subsystem_i.clk_cg,156.39µm
_07481_,156.34µm
_24948_,156.34µm
i_core_v_mini_mcu.ao_peripheral_slave_resp\[9\],156.34µm
net504,156.34µm
_26710_,156.29µm
_13889_,156.13µm
clknet_leaf_140_i_core_v_mini_mcu.cpu_subsystem_i.cpu_0_0.clk_i,155.98µm
_16779_,155.93µm
_22572_,155.93µm
_15927_,155.9µm
_16847_,155.88µm
clknet_5_28__leaf_i_core_v_mini_mcu.cpu_subsystem_i.cpu_1_0.clk_i,155.88µm
_10530_,155.78µm
net2110,155.78µm
_19187_,155.73µm
i_core_v_mini_mcu.ao_peripheral_subsystem_i.obi_fifo_i.consumer_data_req\[24\],155.73µm
net208,155.73µm
clknet_leaf_48_i_core_v_mini_mcu.memory_subsystem_i.clk_cg,155.73µm
_18369_,155.68µm
_26994_,155.68µm
_15872_,155.42µm
_16910_,155.42µm
_16327_,155.41µm
_17366_,155.37µm
_18047_,155.32µm
_18458_,155.32µm
_22435_,155.32µm
clknet_leaf_49_i_core_v_mini_mcu.cpu_subsystem_i.cpu_0_0.clk_i,155.31µm
_23156_,155.27µm
net160,155.27µm
_10107_,155.22µm
_21225_,155.22µm
_28052_,155.22µm
i_core_v_mini_mcu.ao_peripheral_subsystem_i.tdu_i.task_mem\[7\]\[23\],155.22µm
_25410_,155.17µm
i_core_v_mini_mcu.ao_peripheral_subsystem_i.obi_fifo_i.consumer_resp_i\[5\],155.17µm
_26706_,155.12µm
_26900_,155.12µm
_21569_,155.11µm
_09879_,154.97µm
net2104,154.91µm
_10386_,154.86µm
net1753,154.86µm
clknet_leaf_38_clk_i_regs,154.86µm
_05517_,154.76µm
_05829_,154.76µm
_20153_,154.76µm
net1718,154.76µm
_07440_,154.71µm
_09256_,154.71µm
_17775_,154.71µm
_18307_,154.71µm
_20609_,154.71µm
_23072_,154.71µm
i_core_v_mini_mcu.ao_peripheral_subsystem_i.power_manager_i.power_manager_reg_top_i.intr_state_qs\[16\],154.71µm
clknet_leaf_129_clk_i_regs,154.71µm
i_core_v_mini_mcu.memory_subsystem_i.ram0_i.tc_ram_i.sram\[21\]\[20\],154.66µm
clknet_leaf_91_clk_i_regs,154.66µm
_20159_,154.61µm
_25196_,154.61µm
_27665_,154.61µm
i_core_v_mini_mcu.ao_peripheral_slave_resp\[4\],154.61µm
_15300_,154.4µm
_21459_,154.4µm
_11836_,154.2µm
net204,154.2µm
_09367_,154.15µm
i_core_v_mini_mcu.ao_peripheral_subsystem_i.power_manager_i.power_manager_reg_top_i.reg2hw\[235\],154.15µm
i_core_v_mini_mcu.peripheral_slave_resp\[30\],154.15µm
_26435_,154.1µm
i_core_v_mini_mcu.memory_subsystem_i.ram0_i.tc_ram_i.sram\[20\]\[10\],154.1µm
net415,154.1µm
clknet_leaf_90_clk_i_regs,154.1µm
_27118_,154.05µm
_20112_,153.84µm
clknet_leaf_2_i_core_v_mini_mcu.cpu_subsystem_i.cpu_0_0.clk_i,153.84µm
clknet_leaf_8_i_core_v_mini_mcu.memory_subsystem_i.clk_cg,153.74µm
net1685,153.69µm
net1791,153.69µm
_10157_,153.67µm
net1513,153.64µm
_07642_,153.59µm
_12642_,153.59µm
_14826_,153.59µm
_26128_,153.59µm
_10388_,153.54µm
_18198_,153.54µm
_08115_,153.49µm
_24338_,153.49µm
i_core_v_mini_mcu.memory_subsystem_i.ram0_i.rdata_o\[13\],153.49µm
_07499_,153.44µm
_10091_,153.44µm
_13519_,153.44µm
_27994_,153.33µm
i_core_v_mini_mcu.ao_peripheral_subsystem_i.power_manager_i.power_manager_reg_top_i.reg2hw\[230\],153.26µm
_06846_,153.18µm
clknet_leaf_42_i_core_v_mini_mcu.memory_subsystem_i.clk_cg,153.18µm
net1655,153.13µm
clknet_leaf_26_i_core_v_mini_mcu.memory_subsystem_i.clk_cg,153.13µm
_06490_,153.03µm
_20576_,153.03µm
_25757_,153.03µm
_06590_,152.98µm
_14143_,152.98µm
_22508_,152.98µm
_10757_,152.94µm
net620,152.93µm
_24063_,152.88µm
_09020_,152.67µm
_18013_,152.62µm
clknet_leaf_19_i_core_v_mini_mcu.memory_subsystem_i.clk_cg,152.62µm
clknet_leaf_72_i_core_v_mini_mcu.cpu_subsystem_i.cpu_0_0.clk_i,152.62µm
_19841_,152.57µm
clknet_leaf_23_i_core_v_mini_mcu.memory_subsystem_i.clk_cg,152.57µm
_10605_,152.52µm
_17984_,152.47µm
_27421_,152.42µm
i_core_v_mini_mcu.memory_subsystem_i.ram0_i.tc_ram_i.sram\[20\]\[26\],152.42µm
net1532,152.42µm
_03117_,152.37µm
i_core_v_mini_mcu.ao_peripheral_subsystem_i.tdu_i.task_mem\[5\]\[14\],152.37µm
_26704_,152.32µm
clknet_leaf_18_i_core_v_mini_mcu.memory_subsystem_i.clk_cg,152.21µm
_08202_,152.08µm
_07001_,152.06µm
_17429_,152.06µm
i_core_v_mini_mcu.memory_subsystem_i.ram0_i.tc_ram_i.sram\[22\]\[10\],152.06µm
clknet_leaf_79_i_core_v_mini_mcu.memory_subsystem_i.clk_cg,152.01µm
_06839_,151.96µm
_06494_,151.91µm
_06643_,151.91µm
_15200_,151.86µm
_18694_,151.86µm
_25087_,151.86µm
_25207_,151.86µm
_27656_,151.86µm
i_core_v_mini_mcu.memory_subsystem_i.ram0_i.rdata_o\[9\],151.86µm
_10090_,151.81µm
i_core_v_mini_mcu.ao_peripheral_subsystem_i.power_manager_i.power_manager_reg_top_i.cpu_reset_deassert_counter_qs\[0\],151.81µm
clknet_5_24__leaf_clk_i_regs,151.81µm
i_core_v_mini_mcu.memory_subsystem_i.ram0_i.tc_ram_i.sram\[21\]\[24\],151.74µm
clknet_5_30__leaf_clk_i_regs,151.73µm
i_core_v_mini_mcu.memory_subsystem_i.ram0_i.tc_ram_i.sram\[21\]\[14\],151.68µm
_06915_,151.6µm
net552,151.58µm
i_core_v_mini_mcu.ao_peripheral_subsystem_i.obi_fifo_i.obi_req_fifo_i.status_cnt_q\[0\],151.56µm
_19904_,151.5µm
_12407_,151.45µm
net785,151.45µm
net924,151.45µm
clknet_leaf_49_clk_i_regs,151.45µm
clknet_leaf_54_i_core_v_mini_mcu.memory_subsystem_i.clk_cg,151.45µm
net2101,151.45µm
_27635_,151.4µm
clknet_5_21__leaf_clk_i_regs,151.4µm
clknet_leaf_91_i_core_v_mini_mcu.memory_subsystem_i.clk_cg,151.4µm
_16375_,151.35µm
_18429_,151.35µm
clknet_leaf_11_i_core_v_mini_mcu.cpu_subsystem_i.cpu_0_0.clk_i,151.35µm
_07204_,151.3µm
i_core_v_mini_mcu.peripheral_subsystem_i.uart_i.reg2hw\[68\],151.3µm
_07092_,151.25µm
_07171_,151.25µm
_25707_,151.25µm
i_core_v_mini_mcu.ao_peripheral_subsystem_i.obi_fifo_i.consumer_data_req\[21\],151.25µm
_25592_,151.2µm
net1920,151.2µm
i_core_v_mini_mcu.memory_subsystem_i.ram0_i.tc_ram_i.sram\[18\]\[8\],151.03µm
net1724,150.99µm
_23016_,150.94µm
clknet_leaf_40_clk_i_regs,150.94µm
_20222_,150.89µm
net781,150.89µm
_09484_,150.84µm
_05739_,150.79µm
_10096_,150.79µm
_13587_,150.79µm
_16623_,150.79µm
net90,150.79µm
net1274,150.79µm
_10541_,150.74µm
i_core_v_mini_mcu.ao_peripheral_slave_resp\[28\],150.74µm
i_core_v_mini_mcu.ao_peripheral_subsystem_i.clint_mtime_o\[0\],150.74µm
net949,150.74µm
_19377_,150.64µm
net112,150.64µm
_19788_,150.38µm
clknet_leaf_55_i_core_v_mini_mcu.memory_subsystem_i.clk_cg,150.38µm
i_core_v_mini_mcu.memory_subsystem_i.ram0_i.tc_ram_i.sram\[22\]\[14\],150.33µm
net2113,150.33µm
_14086_,150.28µm
_21143_,150.28µm
_21460_,150.28µm
_27401_,150.28µm
i_core_v_mini_mcu.ao_peripheral_subsystem_i.power_manager_i.power_manager_reg_top_i.global_pointer_qs\[10\],150.28µm
clknet_leaf_45_i_core_v_mini_mcu.cpu_subsystem_i.cpu_0_0.clk_i,150.28µm
_06406_,150.23µm
_14098_,150.23µm
clknet_5_12__leaf_clk_i_regs,150.23µm
clknet_leaf_31_i_core_v_mini_mcu.memory_subsystem_i.clk_cg,150.23µm
_19385_,150.18µm
_26790_,150.18µm
net283,150.18µm
_06689_,150.13µm
_23150_,150.13µm
_07245_,150.1µm
_25010_,150.08µm
net505,150.08µm
net1844,150.08µm
_09158_,150.02µm
_18974_,149.9µm
_15485_,149.77µm
_18180_,149.77µm
_19655_,149.77µm
_18498_,149.72µm
_21140_,149.72µm
_21241_,149.72µm
clknet_leaf_42_i_core_v_mini_mcu.cpu_subsystem_i.cpu_0_0.clk_i,149.72µm
_20973_,149.67µm
i_core_v_mini_mcu.ao_peripheral_subsystem_i.clint_mtime_o\[56\],149.67µm
_20502_,149.62µm
_22859_,149.62µm
net384,149.62µm
net401,149.62µm
clknet_leaf_40_i_core_v_mini_mcu.memory_subsystem_i.clk_cg,149.62µm
_23546_,149.57µm
i_core_v_mini_mcu.ao_peripheral_slave_resp\[24\],149.57µm
_26927_,149.52µm
_13770_,149.46µm
_18019_,149.46µm
_21141_,149.36µm
net82,149.26µm
net1820,149.21µm
clknet_leaf_93_clk_i_regs,149.21µm
_20221_,149.11µm
net1636,149.11µm
clknet_5_16__leaf_i_core_v_mini_mcu.cpu_subsystem_i.cpu_1_0.clk_i,149.11µm
net2094,149.11µm
_13768_,149.06µm
_17262_,149.06µm
_20461_,149.06µm
_27407_,149.06µm
i_core_v_mini_mcu.ao_peripheral_subsystem_i.obi_fifo_i.consumer_resp_i\[4\],149.06µm
net149,149.06µm
net689,149.06µm
_08273_,149.01µm
_10163_,149.01µm
_25790_,149.01µm
_15990_,148.88µm
_27941_,148.85µm
_05612_,148.83µm
clknet_leaf_105_i_core_v_mini_mcu.cpu_subsystem_i.cpu_0_0.clk_i,148.8µm
i_core_v_mini_mcu.ao_peripheral_subsystem_i.spi_subsystem_i.obi_spimemio_i.spimemio_i.xfer.flash_clk,148.75µm
clknet_leaf_63_clk_i_regs,148.75µm
clknet_leaf_124_clk_i_regs,148.75µm
clknet_leaf_143_clk_i_regs,148.75µm
_22573_,148.7µm
_27972_,148.7µm
net1389,148.7µm
_14032_,148.65µm
clknet_leaf_57_clk_i_regs,148.65µm
clknet_leaf_24_i_core_v_mini_mcu.memory_subsystem_i.clk_cg,148.65µm
clknet_leaf_85_i_core_v_mini_mcu.memory_subsystem_i.clk_cg,148.65µm
clknet_leaf_34_i_core_v_mini_mcu.cpu_subsystem_i.cpu_1_0.clk_i,148.65µm
net44,148.6µm
_20518_,148.55µm
i_core_v_mini_mcu.ao_peripheral_slave_resp\[17\],148.55µm
_17482_,148.52µm
_14302_,148.5µm
net479,148.5µm
clknet_leaf_49_i_core_v_mini_mcu.cpu_subsystem_i.cpu_1_0.clk_i,148.5µm
net75,148.45µm
clknet_leaf_80_clk_i_regs,148.45µm
_19123_,148.4µm
_20382_,148.4µm
_25309_,148.4µm
net1640,148.19µm
_06461_,148.09µm
_15769_,148.09µm
i_core_v_mini_mcu.peripheral_subsystem_i.uart_i.u_reg.u_reg_if.a_ack,148.09µm
_06401_,148.04µm
_21288_,148.04µm
net498,148.04µm
net1747,148.04µm
net1821,148.04µm
clknet_leaf_105_i_core_v_mini_mcu.cpu_subsystem_i.cpu_1_0.clk_i,148.04µm
_10524_,147.99µm
_17259_,147.99µm
_27422_,147.99µm
net591,147.99µm
net1517,147.99µm
net2090,147.99µm
_11044_,147.94µm
_14011_,147.94µm
exit_value_int\[9\],147.94µm
i_core_v_mini_mcu.core_data_req\[31\],147.94µm
_17561_,147.89µm
i_core_v_mini_mcu.ao_peripheral_subsystem_i.tdu_i.task_mem\[1\]\[13\],147.89µm
_25390_,147.87µm
_19390_,147.63µm
net1602,147.63µm
i_core_v_mini_mcu.memory_subsystem_i.ram0_i.tc_ram_i.sram\[22\]\[24\],147.61µm
i_core_v_mini_mcu.peripheral_subsystem_i.uart_i.reg2hw\[74\],147.58µm
_15405_,147.53µm
_19438_,147.53µm
clknet_leaf_95_i_core_v_mini_mcu.memory_subsystem_i.clk_cg,147.53µm
_09569_,147.48µm
_19000_,147.48µm
_21251_,147.48µm
i_core_v_mini_mcu.memory_subsystem_i.ram0_i.rdata_o\[18\],147.48µm
net2125,147.48µm
_18737_,147.43µm
_19890_,147.43µm
_26335_,147.43µm
net451,147.43µm
_10600_,147.38µm
_16657_,147.38µm
exit_value_int\[10\],147.38µm
clknet_leaf_46_i_core_v_mini_mcu.memory_subsystem_i.clk_cg,147.38µm
_12455_,147.28µm
_12897_,147.28µm
_19016_,147.28µm
_27638_,147.25µm
_22483_,147.07µm
net156,147.07µm
_21514_,147.02µm
clknet_leaf_52_clk_i_regs,147.02µm
clknet_leaf_2_clk_i_regs,146.97µm
clknet_leaf_14_i_core_v_mini_mcu.cpu_subsystem_i.cpu_0_0.clk_i,146.97µm
net2108,146.97µm
i_core_v_mini_mcu.ao_peripheral_subsystem_i.tdu_i.task_mem\[1\]\[31\],146.87µm
net1679,146.87µm
net1819,146.87µm
_16004_,146.82µm
_27668_,146.77µm
i_core_v_mini_mcu.ao_peripheral_subsystem_i.tdu_i.task_mem\[5\]\[8\],146.77µm
net77,146.72µm
clknet_leaf_33_i_core_v_mini_mcu.memory_subsystem_i.clk_cg,146.61µm
net1286,146.59µm
_14220_,146.56µm
net143,146.51µm
clknet_leaf_68_clk_i_regs,146.51µm
_14523_,146.46µm
i_core_v_mini_mcu.peripheral_subsystem_clkgate_en_n,146.42µm
_14481_,146.41µm
clknet_leaf_66_clk_i_regs,146.41µm
_11378_,146.36µm
_20048_,146.36µm
net1823,146.36µm
_08424_,146.31µm
_14178_,146.31µm
net955,146.31µm
clknet_leaf_27_clk_i_regs,146.31µm
_06934_,146.26µm
_09142_,146.26µm
_14347_,146.26µm
_19408_,146.26µm
i_core_v_mini_mcu.ao_peripheral_slave_resp\[6\],146.26µm
net939,146.26µm
_12368_,146.21µm
_22749_,146.21µm
i_core_v_mini_mcu.ao_peripheral_subsystem_i.power_manager_i.power_manager_reg_top_i.cpu_switch_on_counter_qs\[11\],146.21µm
_10630_,146.16µm
_21220_,146.16µm
i_core_v_mini_mcu.peripheral_subsystem_i.uart_i.uart_core.u_uart_txfifo.gen_normal_fifo.storage\[19\],146.16µm
_22764_,145.95µm
net1894,145.95µm
net2088,145.95µm
_21502_,145.9µm
clknet_leaf_122_clk_i_regs,145.9µm
net2117,145.9µm
_06692_,145.8µm
net76,145.8µm
clknet_leaf_107_i_core_v_mini_mcu.cpu_subsystem_i.cpu_0_0.clk_i,145.8µm
_10573_,145.75µm
_24050_,145.75µm
i_core_v_mini_mcu.ao_peripheral_subsystem_i.power_manager_i.power_manager_reg_top_i.reg2hw\[240\],145.75µm
net1691,145.75µm
net2100,145.75µm
clknet_leaf_61_i_core_v_mini_mcu.memory_subsystem_i.clk_cg,145.74µm
_14263_,145.7µm
_18314_,145.7µm
_21546_,145.7µm
i_core_v_mini_mcu.ao_peripheral_subsystem_i.clint_mtime_o\[16\],145.7µm
clknet_leaf_128_clk_i_regs,145.7µm
_06594_,145.65µm
_07180_,145.65µm
i_core_v_mini_mcu.ao_peripheral_subsystem_i.tdu_i.task_mem\[7\]\[27\],145.65µm
i_core_v_mini_mcu.memory_subsystem_i.ram0_i.tc_ram_i.sram\[22\]\[8\],145.65µm
i_core_v_mini_mcu.ao_peripheral_subsystem_i.obi_fifo_i.consumer_data_req\[10\],145.6µm
i_core_v_mini_mcu.ao_peripheral_subsystem_i.power_manager_i.power_manager_reg_top_i.cpu_reset_assert_counter_qs\[11\],145.6µm
i_core_v_mini_mcu.memory_subsystem_i.ram0_i.rdata_o\[19\],145.6µm
_26266_,145.34µm
_16950_,145.29µm
i_core_v_mini_mcu.peripheral_subsystem_i.uart_i.reg2hw\[12\],145.29µm
net1888,145.29µm
clknet_leaf_10_i_core_v_mini_mcu.cpu_subsystem_i.cpu_0_0.clk_i,145.29µm
_21501_,145.24µm
_23005_,145.24µm
net557,145.24µm
_18394_,145.23µm
_07323_,145.19µm
net518,145.19µm
clknet_leaf_28_i_core_v_mini_mcu.peripheral_subsystem_i.clk_cg,145.19µm
_19367_,145.14µm
_09269_,145.09µm
_09362_,145.09µm
_07903_,145.04µm
_23424_,145.04µm
i_core_v_mini_mcu.cpu_subsystem_i.cpu_0_0.i_servile.cpu.ctrl.i_iscomp,145.04µm
_20238_,145.03µm
_06690_,145.01µm
_27418_,144.91µm
_14033_,144.88µm
i_core_v_mini_mcu.ao_peripheral_subsystem_i.power_manager_i.power_manager_reg_top_i.cpu_switch_off_counter_qs\[1\],144.88µm
net1853,144.88µm
_22875_,144.83µm
_08853_,144.78µm
net1277,144.78µm
_15331_,144.73µm
clknet_leaf_41_clk_i_regs,144.73µm
clknet_5_19__leaf_clk_i_regs,144.73µm
clknet_leaf_138_i_core_v_mini_mcu.cpu_subsystem_i.cpu_0_0.clk_i,144.73µm
_19561_,144.68µm
net1798,144.68µm
clknet_leaf_68_i_core_v_mini_mcu.cpu_subsystem_i.cpu_0_0.clk_i,144.68µm
_07733_,144.63µm
_15772_,144.63µm
_22714_,144.58µm
_24843_,144.58µm
i_core_v_mini_mcu.ao_peripheral_subsystem_i.mosaic_clint_i.mtimecmp_q\[117\],144.58µm
_13996_,144.53µm
_16337_,144.53µm
i_core_v_mini_mcu.ao_peripheral_subsystem_i.obi_fifo_i.consumer_data_req\[15\],144.53µm
_03149_,144.48µm
_15539_,144.48µm
_19036_,144.48µm
_24690_,144.48µm
_07616_,144.27µm
net1757,144.27µm
_21510_,144.22µm
_18435_,144.17µm
clknet_leaf_28_i_core_v_mini_mcu.memory_subsystem_i.clk_cg,144.17µm
clknet_leaf_45_i_core_v_mini_mcu.memory_subsystem_i.clk_cg,144.17µm
clknet_leaf_50_i_core_v_mini_mcu.memory_subsystem_i.clk_cg,144.17µm
clknet_leaf_37_i_core_v_mini_mcu.peripheral_subsystem_i.clk_cg,144.12µm
_10514_,144.07µm
_11599_,144.07µm
_22705_,144.07µm
net2092,144.07µm
_18633_,144.02µm
clknet_leaf_25_clk_i_regs,144.02µm
_06141_,143.97µm
_25906_,143.97µm
net536,143.97µm
clknet_5_25__leaf_i_core_v_mini_mcu.cpu_subsystem_i.cpu_1_0.clk_i,143.97µm
_14188_,143.92µm
_18345_,143.92µm
net623,143.92µm
_07969_,143.85µm
clknet_leaf_111_clk_i_regs,143.76µm
clknet_leaf_13_clk_i_regs,143.66µm
net2089,143.66µm
net1730,143.61µm
clknet_leaf_42_clk_i_regs,143.61µm
clknet_leaf_63_i_core_v_mini_mcu.cpu_subsystem_i.cpu_1_0.clk_i,143.61µm
_23808_,143.56µm
clknet_leaf_20_i_core_v_mini_mcu.memory_subsystem_i.clk_cg,143.56µm
_11444_,143.52µm
_23177_,143.51µm
i_core_v_mini_mcu.ao_peripheral_subsystem_i.power_manager_i.power_manager_reg_top_i.reg2hw\[246\],143.51µm
clknet_leaf_89_i_core_v_mini_mcu.memory_subsystem_i.clk_cg,143.51µm
_08323_,143.46µm
_27094_,143.46µm
i_core_v_mini_mcu.ao_peripheral_subsystem_i.tdu_i.task_mem\[5\]\[17\],143.46µm
_08217_,143.36µm
_24929_,143.36µm
net1721,143.2µm
_19291_,143.19µm
_19846_,143.1µm
clknet_leaf_102_i_core_v_mini_mcu.memory_subsystem_i.clk_cg,143.1µm
_23482_,143.05µm
_19676_,143µm
_20768_,143µm
clknet_leaf_13_i_core_v_mini_mcu.cpu_subsystem_i.cpu_0_0.clk_i,143µm
_05680_,142.95µm
net1775,142.95µm
clknet_leaf_10_clk_i_regs,142.95µm
_10333_,142.9µm
_22874_,142.85µm
_17713_,142.84µm
_03150_,142.8µm
_09874_,142.8µm
_22374_,142.72µm
_23242_,142.54µm
net1589,142.54µm
clknet_leaf_88_i_core_v_mini_mcu.memory_subsystem_i.clk_cg,142.54µm
clknet_leaf_110_i_core_v_mini_mcu.cpu_subsystem_i.cpu_0_0.clk_i,142.49µm
net2105,142.49µm
_06338_,142.44µm
_09176_,142.44µm
_09480_,142.44µm
clknet_leaf_103_i_core_v_mini_mcu.memory_subsystem_i.clk_cg,142.44µm
_15287_,142.39µm
_23000_,142.39µm
_26831_,142.39µm
i_core_v_mini_mcu.ao_peripheral_subsystem_i.clint_mtime_o\[32\],142.39µm
i_core_v_mini_mcu.peripheral_subsystem_i.uart_i.uart_core.tx_out,142.39µm
_16436_,142.36µm
net1755,142.34µm
net2114,142.34µm
_10134_,142.29µm
_16354_,142.29µm
i_core_v_mini_mcu.ao_peripheral_subsystem_i.spi_subsystem_i.obi_spimemio_i.obi_to_picorv32_i.addr_buf\[23\],142.29µm
_22768_,142.24µm
_25064_,142.24µm
_19614_,142.03µm
i_core_v_mini_mcu.memory_subsystem_i.ram0_i.tc_ram_i.sram\[20\]\[23\],142.03µm
net403,141.98µm
clknet_leaf_43_i_core_v_mini_mcu.memory_subsystem_i.clk_cg,141.98µm
_20240_,141.93µm
clknet_leaf_49_i_core_v_mini_mcu.memory_subsystem_i.clk_cg,141.93µm
clknet_leaf_132_i_core_v_mini_mcu.cpu_subsystem_i.cpu_0_0.clk_i,141.93µm
_14324_,141.88µm
_15963_,141.88µm
_19603_,141.88µm
_22638_,141.88µm
_06998_,141.83µm
net192,141.83µm
_10080_,141.78µm
_19258_,141.78µm
_25719_,141.78µm
_12855_,141.68µm
i_core_v_mini_mcu.ao_peripheral_subsystem_i.periph_to_reg_i.r_rdata_d\[24\],141.68µm
net83,141.61µm
i_core_v_mini_mcu.system_bus_i.gen_demux_xbar\[1\].demux_xbar_i.u_xbar_varlat.gen_inputs\[0\].i_addr_dec_resp_mux.gen_several_outputs.bank_sel_q,141.57µm
clknet_leaf_7_i_core_v_mini_mcu.cpu_subsystem_i.cpu_0_0.clk_i,141.52µm
i_core_v_mini_mcu.ao_peripheral_slave_resp\[3\],141.45µm
_06616_,141.42µm
net1614,141.39µm
_19685_,141.32µm
net1875,141.32µm
_09285_,141.27µm
_19726_,141.27µm
net651,141.27µm
_07534_,141.22µm
i_core_v_mini_mcu.ao_peripheral_subsystem_i.tdu_i.task_mem\[4\]\[29\],141.22µm
i_core_v_mini_mcu.cpu_subsystem_i.cpu_0_0.i_servile.cpu.bufreg2.i_bytecnt\[0\],141.22µm
_21592_,141.17µm
_23569_,141.17µm
_24633_,141.17µm
net471,141.17µm
net1745,140.96µm
clknet_leaf_113_i_core_v_mini_mcu.cpu_subsystem_i.cpu_0_0.clk_i,140.96µm
_19365_,140.91µm
_23381_,140.86µm
net1860,140.81µm
i_core_v_mini_mcu.peripheral_subsystem_i.uart_i.reg2hw\[72\],140.76µm
clknet_leaf_67_i_core_v_mini_mcu.cpu_subsystem_i.cpu_0_0.clk_i,140.76µm
clknet_leaf_125_i_core_v_mini_mcu.cpu_subsystem_i.cpu_0_0.clk_i,140.76µm
net409,140.71µm
net2118,140.71µm
_08366_,140.66µm
_10536_,140.66µm
clknet_5_9__leaf_clk_i_regs,140.66µm
clknet_leaf_17_i_core_v_mini_mcu.memory_subsystem_i.clk_cg,140.66µm
_13656_,140.61µm
_20332_,140.56µm
_05424_,140.38µm
net1511,140.35µm
_16564_,140.3µm
_24051_,140.3µm
_22092_,140.25µm
i_core_v_mini_mcu.ao_peripheral_subsystem_i.power_manager_i.power_manager_reg_top_i.cpu_iso_on_counter_qs\[0\],140.2µm
i_core_v_mini_mcu.ao_peripheral_subsystem_i.power_manager_i.power_manager_reg_top_i.cpu_switch_off_counter_qs\[2\],140.15µm
_06192_,140.1µm
i_core_v_mini_mcu.ao_peripheral_subsystem_i.tdu_i.task_mem\[5\]\[18\],140.1µm
net43,140.1µm
clknet_leaf_86_i_core_v_mini_mcu.memory_subsystem_i.clk_cg,140.1µm
_17740_,140.05µm
_18414_,140.05µm
_22268_,140.05µm
_24218_,140.05µm
net275,140.05µm
_08146_,140µm
_19064_,140µm
_21596_,139.99µm
_10131_,139.82µm
_21520_,139.79µm
_18113_,139.74µm
net1482,139.64µm
_08350_,139.59µm
_14146_,139.54µm
net1501,139.54µm
_26567_,139.49µm
_26662_,139.44µm
_23944_,139.23µm
_06478_,139.18µm
clknet_leaf_30_i_core_v_mini_mcu.memory_subsystem_i.clk_cg,139.18µm
clknet_5_6__leaf_clk_i_regs,139.13µm
clknet_leaf_51_i_core_v_mini_mcu.memory_subsystem_i.clk_cg,139.13µm
net141,139.08µm
_06935_,139.03µm
_16685_,139.03µm
_21790_,139.03µm
_27648_,139.03µm
_06393_,138.98µm
_23572_,138.98µm
i_core_v_mini_mcu.memory_subsystem_i.ram0_i.tc_ram_i.sram\[21\]\[26\],138.98µm
_07298_,138.72µm
net1694,138.67µm
_20582_,138.62µm
_08626_,138.57µm
_14888_,138.57µm
_23600_,138.57µm
net354,138.57µm
_18705_,138.52µm
net23,138.52µm
clknet_leaf_90_i_core_v_mini_mcu.memory_subsystem_i.clk_cg,138.52µm
_05412_,138.47µm
_23009_,138.47µm
_14029_,138.42µm
_18478_,138.42µm
i_core_v_mini_mcu.ao_peripheral_slave_resp\[26\],138.42µm
net597,138.42µm
clknet_leaf_52_i_core_v_mini_mcu.cpu_subsystem_i.cpu_0_0.clk_i,138.41µm
_19146_,138.37µm
_22183_,138.37µm
_18337_,138.32µm
_16381_,138.22µm
_10077_,138.19µm
clknet_leaf_94_i_core_v_mini_mcu.memory_subsystem_i.clk_cg,138.17µm
_12434_,138.14µm
clknet_leaf_100_i_core_v_mini_mcu.memory_subsystem_i.clk_cg,138.11µm
_13617_,138.06µm
clknet_leaf_101_i_core_v_mini_mcu.cpu_subsystem_i.cpu_0_0.clk_i,138.06µm
_23017_,138.01µm
net260,138.01µm
net1878,138.01µm
clknet_leaf_84_i_core_v_mini_mcu.cpu_subsystem_i.cpu_1_0.clk_i,137.96µm
_21311_,137.95µm
_23807_,137.91µm
net1624,137.91µm
_27632_,137.9µm
clknet_leaf_88_i_core_v_mini_mcu.cpu_subsystem_i.cpu_0_0.clk_i,137.89µm
_05899_,137.86µm
_07242_,137.86µm
_13637_,137.86µm
_14042_,137.86µm
_19290_,137.86µm
_07872_,137.81µm
_19068_,137.81µm
_24588_,137.81µm
net2022,137.81µm
clknet_leaf_38_i_core_v_mini_mcu.cpu_subsystem_i.cpu_0_0.clk_i,137.65µm
_17179_,137.6µm
net1839,137.55µm
clknet_leaf_96_i_core_v_mini_mcu.memory_subsystem_i.clk_cg,137.5µm
clknet_leaf_8_i_core_v_mini_mcu.cpu_subsystem_i.cpu_1_0.clk_i,137.5µm
_09883_,137.45µm
clknet_leaf_53_i_core_v_mini_mcu.memory_subsystem_i.clk_cg,137.45µm
clknet_leaf_5_i_core_v_mini_mcu.cpu_subsystem_i.cpu_0_0.clk_i,137.45µm
net86,137.4µm
clknet_leaf_40_i_core_v_mini_mcu.cpu_subsystem_i.cpu_0_0.clk_i,137.4µm
_27236_,137.35µm
i_core_v_mini_mcu.ao_peripheral_subsystem_i.mosaic_clint_i.mtimecmp_q\[102\],137.35µm
_10365_,137.3µm
_11383_,137.3µm
_23196_,137.3µm
clknet_leaf_45_clk_i_regs,137.3µm
_07149_,137.25µm
_07798_,137.25µm
_09371_,137.25µm
_22330_,137.25µm
_26472_,137.25µm
i_core_v_mini_mcu.ao_peripheral_subsystem_i.power_manager_i.power_manager_reg_top_i.cpu_reset_deassert_counter_qs\[9\],137.25µm
_11105_,137.2µm
_17477_,137.2µm
_19018_,137.2µm
_19059_,137.2µm
_25081_,137.2µm
i_core_v_mini_mcu.ao_peripheral_subsystem_i.power_manager_i.power_manager_reg_top_i.cpu_switch_on_counter_qs\[1\],137.2µm
clknet_leaf_86_i_core_v_mini_mcu.cpu_subsystem_i.cpu_0_0.clk_i,137.15µm
_22310_,137.14µm
_15607_,137.04µm
clknet_leaf_90_i_core_v_mini_mcu.cpu_subsystem_i.cpu_0_0.clk_i,136.99µm
clknet_leaf_57_i_core_v_mini_mcu.memory_subsystem_i.clk_cg,136.94µm
clknet_leaf_104_i_core_v_mini_mcu.cpu_subsystem_i.cpu_0_0.clk_i,136.94µm
clknet_leaf_0_i_core_v_mini_mcu.cpu_subsystem_i.cpu_0_0.clk_i,136.89µm
_19313_,136.84µm
net407,136.84µm
_14384_,136.79µm
_21252_,136.79µm
clknet_leaf_89_i_core_v_mini_mcu.cpu_subsystem_i.cpu_1_0.clk_i,136.79µm
_15807_,136.74µm
_18504_,136.74µm
_24978_,136.74µm
net1280,136.74µm
clknet_leaf_108_clk_i_regs,136.69µm
_10568_,136.64µm
_20268_,136.64µm
_07596_,136.59µm
_18674_,136.48µm
clknet_leaf_1_clk_i_regs,136.43µm
clknet_leaf_70_i_core_v_mini_mcu.cpu_subsystem_i.cpu_0_0.clk_i,136.43µm
_27419_,136.38µm
net1608,136.38µm
net1848,136.38µm
net1877,136.38µm
clknet_leaf_122_i_core_v_mini_mcu.cpu_subsystem_i.cpu_0_0.clk_i,136.38µm
_06620_,136.33µm
net144,136.28µm
net1817,136.28µm
clknet_leaf_71_i_core_v_mini_mcu.cpu_subsystem_i.cpu_0_0.clk_i,136.28µm
clknet_leaf_100_i_core_v_mini_mcu.cpu_subsystem_i.cpu_1_0.clk_i,136.27µm
_24538_,136.23µm
_24895_,136.23µm
net190,136.23µm
clknet_leaf_62_i_core_v_mini_mcu.cpu_subsystem_i.cpu_1_0.clk_i,136.23µm
_05575_,136.18µm
_07752_,136.18µm
i_core_v_mini_mcu.ao_peripheral_subsystem_i.obi_fifo_i.consumer_data_req\[20\],136.18µm
net503,136.18µm
_08192_,136.13µm
_17706_,136.13µm
_23129_,136.13µm
_27629_,136.13µm
net915,136.13µm
net1874,136.13µm
clknet_leaf_87_clk_i_regs,136.13µm
_10168_,136.08µm
_26531_,136.08µm
clknet_leaf_65_i_core_v_mini_mcu.cpu_subsystem_i.cpu_0_0.clk_i,135.97µm
net1678,135.87µm
net971,135.82µm
_18305_,135.77µm
net1632,135.77µm
net1808,135.77µm
net356,135.72µm
clknet_leaf_14_clk_i_regs,135.72µm
clknet_leaf_112_clk_i_regs,135.72µm
_08000_,135.67µm
_13760_,135.67µm
_08484_,135.57µm
_13015_,135.57µm
_14176_,135.57µm
_14260_,135.57µm
_27587_,135.57µm
i_core_v_mini_mcu.peripheral_subsystem_i.uart_i.reg2hw\[14\],135.52µm
_18329_,135.29µm
_20102_,135.21µm
clknet_leaf_112_i_core_v_mini_mcu.cpu_subsystem_i.cpu_0_0.clk_i,135.21µm
_06789_,135.16µm
i_core_v_mini_mcu.memory_subsystem_i.ram0_i.tc_ram_i.sram\[22\]\[13\],135.16µm
clknet_leaf_114_i_core_v_mini_mcu.cpu_subsystem_i.cpu_0_0.clk_i,135.16µm
_09146_,135.11µm
i_core_v_mini_mcu.ao_peripheral_subsystem_i.power_manager_i.power_manager_counter_sequence_cpu_iso_i.sequence_curr_state\[0\],135.11µm
clknet_leaf_126_clk_i_regs,135.11µm
net2034,135.11µm
_07611_,135.06µm
clknet_leaf_107_i_core_v_mini_mcu.cpu_subsystem_i.cpu_1_0.clk_i,135.06µm
_13086_,135.01µm
i_core_v_mini_mcu.ao_peripheral_slave_resp\[12\],135.01µm
net42,135.01µm
net1919,135.01µm
net468,134.97µm
_28075_,134.96µm
_10340_,134.92µm
_27377_,134.85µm
_23050_,134.8µm
_06924_,134.75µm
i_core_v_mini_mcu.ao_peripheral_subsystem_i.mosaic_clint_i.mtimecmp_q\[113\],134.75µm
clknet_leaf_147_clk_i_regs,134.75µm
clknet_leaf_16_i_core_v_mini_mcu.cpu_subsystem_i.cpu_0_0.clk_i,134.75µm
_25520_,134.6µm
i_core_v_mini_mcu.ao_peripheral_subsystem_i.obi_fifo_i.consumer_data_req\[23\],134.6µm
net1022,134.6µm
clknet_leaf_99_i_core_v_mini_mcu.memory_subsystem_i.clk_cg,134.6µm
_12480_,134.55µm
i_core_v_mini_mcu.ao_peripheral_subsystem_i.power_manager_i.power_manager_reg_top_i.cpu_counters_stop_cpu_iso_off_stop_bit_counter_qs,134.55µm
net1591,134.55µm
_18267_,134.5µm
_25089_,134.5µm
_27308_,134.5µm
i_core_v_mini_mcu.ao_peripheral_subsystem_i.power_manager_i.power_manager_reg_top_i.cpu_reset_deassert_counter_qs\[4\],134.5µm
net1861,134.5µm
_19237_,134.45µm
_22626_,134.45µm
net482,134.45µm
_08328_,134.4µm
_18992_,134.4µm
net1734,134.4µm
_08408_,134.34µm
_07307_,134.29µm
_22770_,134.29µm
_14429_,134.24µm
clknet_leaf_8_i_core_v_mini_mcu.cpu_subsystem_i.cpu_0_0.clk_i,134.24µm
net258,134.19µm
_16810_,134.14µm
_06781_,134.09µm
net1891,134.04µm
net1937,134.04µm
_07321_,133.99µm
_10088_,133.99µm
_19373_,133.99µm
clknet_leaf_98_i_core_v_mini_mcu.memory_subsystem_i.clk_cg,133.99µm
clknet_5_19__leaf_i_core_v_mini_mcu.cpu_subsystem_i.cpu_1_0.clk_i,133.99µm
net2106,133.99µm
_26013_,133.94µm
_27829_,133.94µm
net349,133.94µm
_25422_,133.89µm
_26999_,133.89µm
i_core_v_mini_mcu.cpu_subsystem_i.cpu_0_0.rf_ram_i.memory\[458\]\[0\],133.89µm
net350,133.89µm
net526,133.89µm
_26699_,133.84µm
i_core_v_mini_mcu.ao_peripheral_subsystem_i.power_manager_i.power_manager_reg_top_i.reg2hw\[243\],133.84µm
i_core_v_mini_mcu.memory_subsystem_i.ram0_i.tc_ram_i.sram\[20\]\[28\],133.84µm
clknet_leaf_139_i_core_v_mini_mcu.cpu_subsystem_i.cpu_0_0.clk_i,133.84µm
clknet_leaf_97_i_core_v_mini_mcu.memory_subsystem_i.clk_cg,133.68µm
i_core_v_mini_mcu.peripheral_slave_resp\[4\],133.53µm
clknet_leaf_69_i_core_v_mini_mcu.cpu_subsystem_i.cpu_0_0.clk_i,133.53µm
_23035_,133.48µm
_23121_,133.48µm
_05465_,133.43µm
i_core_v_mini_mcu.ao_peripheral_subsystem_i.clint_mtime_o\[44\],133.43µm
i_core_v_mini_mcu.ao_peripheral_subsystem_i.tdu_i.task_mem\[7\]\[21\],133.43µm
net273,133.43µm
_10550_,133.38µm
_23132_,133.38µm
i_core_v_mini_mcu.memory_subsystem_i.ram0_i.rdata_o\[23\],133.38µm
net928,133.38µm
net1784,133.38µm
_07294_,133.33µm
_08153_,133.33µm
_18400_,133.33µm
_14139_,133.12µm
clknet_leaf_96_i_core_v_mini_mcu.cpu_subsystem_i.cpu_1_0.clk_i,133.12µm
net1881,133.07µm
_15232_,132.97µm
i_core_v_mini_mcu.ao_peripheral_subsystem_i.tdu_i.task_mem\[1\]\[25\],132.97µm
clknet_leaf_36_i_core_v_mini_mcu.memory_subsystem_i.clk_cg,132.97µm
net1282,132.92µm
_06907_,132.87µm
_14021_,132.87µm
i_core_v_mini_mcu.ao_peripheral_subsystem_i.obi_fifo_i.consumer_data_req\[12\],132.87µm
clknet_leaf_36_clk_i_regs,132.87µm
clknet_leaf_54_clk_i_regs,132.87µm
_08199_,132.82µm
_08814_,132.82µm
_19341_,132.82µm
_26801_,132.82µm
_09604_,132.77µm
_14177_,132.77µm
_18356_,132.77µm
_22593_,132.74µm
_20666_,132.72µm
_24285_,132.72µm
clknet_leaf_76_i_core_v_mini_mcu.memory_subsystem_i.clk_cg,132.61µm
net487,132.59µm
clknet_leaf_85_i_core_v_mini_mcu.cpu_subsystem_i.cpu_0_0.clk_i,132.56µm
_13784_,132.51µm
_18959_,132.51µm
_21101_,132.51µm
net199,132.51µm
clknet_leaf_83_i_core_v_mini_mcu.memory_subsystem_i.clk_cg,132.51µm
clknet_leaf_84_i_core_v_mini_mcu.cpu_subsystem_i.cpu_0_0.clk_i,132.46µm
i_core_v_mini_mcu.core_data_req\[97\],132.41µm
_09034_,132.36µm
_09174_,132.36µm
net1019,132.36µm
_10132_,132.31µm
_10462_,132.31µm
net1793,132.31µm
clknet_leaf_20_i_core_v_mini_mcu.peripheral_subsystem_i.clk_cg,132.31µm
_07078_,132.26µm
_10081_,132.26µm
_14005_,132.26µm
i_core_v_mini_mcu.ao_peripheral_subsystem_i.power_manager_i.power_manager_reg_top_i.en_wait_for_intr_qs\[20\],132.26µm
net126,132.26µm
_24032_,132.21µm
net1873,132.21µm
net1943,132.21µm
_26214_,132.16µm
clknet_leaf_58_i_core_v_mini_mcu.cpu_subsystem_i.cpu_0_0.clk_i,131.95µm
_10574_,131.9µm
_21603_,131.9µm
clknet_leaf_28_i_core_v_mini_mcu.cpu_subsystem_i.cpu_0_0.clk_i,131.9µm
_27700_,131.85µm
net1699,131.85µm
net1854,131.85µm
net1893,131.85µm
clknet_leaf_29_i_core_v_mini_mcu.cpu_subsystem_i.cpu_0_0.clk_i,131.85µm
_27023_,131.8µm
i_core_v_mini_mcu.peripheral_slave_resp\[17\],131.8µm
net595,131.8µm
_05488_,131.75µm
i_core_v_mini_mcu.ao_peripheral_slave_resp\[31\],131.75µm
_09417_,131.7µm
_10985_,131.65µm
_14017_,131.65µm
_14323_,131.65µm
_20446_,131.65µm
i_core_v_mini_mcu.peripheral_slave_resp\[8\],131.65µm
_18972_,131.6µm
i_core_v_mini_mcu.ao_peripheral_subsystem_i.periph_to_reg_i.r_rdata_d\[19\],131.6µm
net626,131.6µm
_15884_,131.39µm
i_core_v_mini_mcu.memory_subsystem_i.ram0_i.tc_ram_i.sram\[21\]\[17\],131.39µm
_21139_,131.34µm
clknet_leaf_1_i_core_v_mini_mcu.memory_subsystem_i.clk_cg,131.34µm
clknet_leaf_58_i_core_v_mini_mcu.memory_subsystem_i.clk_cg,131.34µm
_09629_,131.29µm
clknet_leaf_108_i_core_v_mini_mcu.cpu_subsystem_i.cpu_1_0.clk_i,131.29µm
_10825_,131.25µm
_08111_,131.24µm
net52,131.24µm
net1726,131.24µm
clknet_leaf_74_i_core_v_mini_mcu.cpu_subsystem_i.cpu_0_0.clk_i,131.24µm
clknet_leaf_83_i_core_v_mini_mcu.cpu_subsystem_i.cpu_0_0.clk_i,131.24µm
clknet_leaf_46_clk_i_regs,131.19µm
clknet_5_30__leaf_i_core_v_mini_mcu.cpu_subsystem_i.cpu_1_0.clk_i,131.19µm
clknet_leaf_34_i_core_v_mini_mcu.cpu_subsystem_i.cpu_0_0.clk_i,131.18µm
_22758_,131.14µm
_25393_,131.14µm
net206,131.14µm
_08172_,131.09µm
_10147_,131.09µm
_14446_,131.09µm
_21451_,131.09µm
_11179_,131.04µm
_21588_,131.04µm
_24981_,130.99µm
clknet_leaf_81_i_core_v_mini_mcu.memory_subsystem_i.clk_cg,130.88µm
net1950,130.86µm
clknet_leaf_75_i_core_v_mini_mcu.cpu_subsystem_i.cpu_0_0.clk_i,130.83µm
clknet_leaf_134_i_core_v_mini_mcu.cpu_subsystem_i.cpu_0_0.clk_i,130.83µm
_14247_,130.78µm
_19665_,130.78µm
_27392_,130.78µm
_15602_,130.73µm
net70,130.68µm
clknet_leaf_60_clk_i_regs,130.68µm
clknet_leaf_57_i_core_v_mini_mcu.peripheral_subsystem_i.clk_cg,130.68µm
clknet_leaf_101_i_core_v_mini_mcu.memory_subsystem_i.clk_cg,130.68µm
_07048_,130.63µm
net38,130.63µm
net64,130.63µm
_19696_,130.58µm
_20500_,130.58µm
i_core_v_mini_mcu.ao_peripheral_subsystem_i.power_manager_i.power_manager_reg_top_i.en_wait_for_intr_qs\[10\],130.58µm
net108,130.58µm
net272,130.58µm
net1748,130.58µm
net2103,130.58µm
_18396_,130.53µm
_20513_,130.53µm
_21205_,130.53µm
clknet_leaf_66_i_core_v_mini_mcu.cpu_subsystem_i.cpu_1_0.clk_i,130.53µm
_26595_,130.48µm
_26604_,130.48µm
net1940,130.48µm
clknet_leaf_32_i_core_v_mini_mcu.memory_subsystem_i.clk_cg,130.37µm
_13858_,130.32µm
_06925_,130.27µm
clknet_leaf_10_i_core_v_mini_mcu.memory_subsystem_i.clk_cg,130.22µm
clknet_leaf_39_i_core_v_mini_mcu.cpu_subsystem_i.cpu_1_0.clk_i,130.22µm
_06775_,130.17µm
_20787_,130.12µm
_27722_,130.12µm
clknet_leaf_11_i_core_v_mini_mcu.memory_subsystem_i.clk_cg,130.12µm
_08242_,130.07µm
_14006_,130.07µm
net1701,130.07µm
_09205_,130.02µm
_20748_,129.99µm
_07684_,129.97µm
_14267_,129.97µm
_14471_,129.97µm
_27381_,129.97µm
_23585_,129.92µm
_21462_,129.66µm
_15644_,129.61µm
_20152_,129.56µm
i_core_v_mini_mcu.memory_subsystem_i.ram0_i.tc_ram_i.sram\[23\]\[13\],129.52µm
_07250_,129.51µm
_07257_,129.51µm
_09008_,129.51µm
_12324_,129.51µm
net155,129.51µm
net363,129.51µm
clknet_leaf_89_i_core_v_mini_mcu.cpu_subsystem_i.cpu_0_0.clk_i,129.51µm
_09210_,129.46µm
_13989_,129.46µm
_22774_,129.46µm
_26951_,129.46µm
clknet_leaf_61_i_core_v_mini_mcu.cpu_subsystem_i.cpu_1_0.clk_i,129.46µm
net1939,129.46µm
net2093,129.46µm
_07942_,129.41µm
clknet_leaf_46_i_core_v_mini_mcu.cpu_subsystem_i.cpu_0_0.clk_i,129.41µm
i_core_v_mini_mcu.peripheral_subsystem_i.uart_i.reg2hw\[89\],129.36µm
i_core_v_mini_mcu.ao_peripheral_subsystem_i.clint_mtime_o\[41\],129.2µm
_09922_,129.05µm
clknet_leaf_31_clk_i_regs,129.05µm
_09885_,129µm
_18718_,129µm
net483,129µm
clknet_leaf_44_clk_i_regs,129µm
_18502_,128.95µm
i_core_v_mini_mcu.memory_subsystem_i.ram0_i.tc_ram_i.sram\[21\]\[13\],128.95µm
net257,128.95µm
clknet_leaf_70_clk_i_regs,128.95µm
_20355_,128.9µm
i_core_v_mini_mcu.core_data_req\[90\],128.9µm
i_core_v_mini_mcu.core_data_req\[99\],128.9µm
_19361_,128.85µm
i_core_v_mini_mcu.ao_peripheral_subsystem_i.tdu_i.task_mem\[1\]\[22\],128.85µm
_06971_,128.8µm
_10170_,128.8µm
i_core_v_mini_mcu.cpu_subsystem_i.cpu_1_0.i_servile.cpu.o_wdata0,128.8µm
_23124_,128.49µm
net1693,128.49µm
clknet_leaf_51_i_core_v_mini_mcu.cpu_subsystem_i.cpu_0_0.clk_i,128.49µm
clknet_leaf_124_i_core_v_mini_mcu.cpu_subsystem_i.cpu_0_0.clk_i,128.49µm
clknet_leaf_37_i_core_v_mini_mcu.cpu_subsystem_i.cpu_0_0.clk_i,128.48µm
_14760_,128.44µm
_16844_,128.44µm
_18425_,128.44µm
_18508_,128.44µm
i_core_v_mini_mcu.cpu_subsystem_i.cpu_1_0.i_servile.cpu.bufreg2.i_bytecnt\[1\],128.44µm
net274,128.44µm
_07988_,128.39µm
_13762_,128.39µm
_21529_,128.39µm
_21602_,128.39µm
_27363_,128.39µm
i_core_v_mini_mcu.ao_peripheral_subsystem_i.clint_mtime_o\[50\],128.39µm
i_core_v_mini_mcu.ao_peripheral_subsystem_i.mosaic_clint_i.mtimecmp_q\[75\],128.39µm
net1841,128.39µm
_18500_,128.34µm
_26759_,128.34µm
i_core_v_mini_mcu.ao_peripheral_subsystem_i.clint_mtime_o\[57\],128.34µm
net276,128.34µm
clknet_leaf_123_clk_i_regs,128.34µm
clknet_leaf_35_i_core_v_mini_mcu.memory_subsystem_i.clk_cg,128.34µm
clknet_leaf_93_i_core_v_mini_mcu.memory_subsystem_i.clk_cg,128.34µm
_07950_,128.29µm
_11874_,128.29µm
_18388_,128.29µm
net27,128.29µm
clknet_leaf_1_i_core_v_mini_mcu.cpu_subsystem_i.cpu_0_0.clk_i,128.29µm
_24928_,128.24µm
_16504_,128.03µm
net1828,128.03µm
clknet_leaf_7_i_core_v_mini_mcu.memory_subsystem_i.clk_cg,127.93µm
net25,127.88µm
clknet_leaf_53_clk_i_regs,127.88µm
clknet_leaf_105_i_core_v_mini_mcu.memory_subsystem_i.clk_cg,127.88µm
_07346_,127.83µm
_08304_,127.83µm
_27213_,127.83µm
net41,127.83µm
net958,127.83µm
clknet_leaf_79_i_core_v_mini_mcu.cpu_subsystem_i.cpu_0_0.clk_i,127.82µm
_26750_,127.78µm
i_core_v_mini_mcu.ao_peripheral_subsystem_i.mosaic_clint_i.mtimecmp_q\[74\],127.78µm
net550,127.78µm
_08410_,127.73µm
_09478_,127.73µm
_18333_,127.73µm
_19056_,127.68µm
clknet_leaf_18_clk_i_regs,127.47µm
net1855,127.37µm
clknet_leaf_8_clk_i_regs,127.37µm
clknet_leaf_144_clk_i_regs,127.37µm
_19551_,127.32µm
_20307_,127.32µm
net2019,127.32µm
_10093_,127.29µm
_18244_,127.27µm
_18489_,127.27µm
_22766_,127.27µm
i_core_v_mini_mcu.ao_peripheral_subsystem_i.tdu_i.task_mem\[7\]\[20\],127.27µm
net1656,127.27µm
net1719,127.27µm
_05433_,127.22µm
_14484_,127.22µm
net1069,127.22µm
_19716_,127.17µm
_27678_,127.17µm
i_core_v_mini_mcu.ao_peripheral_subsystem_i.mosaic_clint_i.mtimecmp_q\[78\],127.17µm
i_core_v_mini_mcu.ao_peripheral_subsystem_i.mosaic_clint_i.mtimecmp_q\[79\],127.17µm
_28056_,127.12µm
i_core_v_mini_mcu.cpu_subsystem_i.cpu_1_0.i_servile.cpu.immdec.gen_immdec_w_eq_1.imm11_7\[2\],127.04µm
_19372_,126.86µm
clknet_leaf_64_i_core_v_mini_mcu.cpu_subsystem_i.cpu_1_0.clk_i,126.77µm
_09444_,126.71µm
_10595_,126.71µm
net945,126.71µm
_17743_,126.66µm
net116,126.66µm
clknet_leaf_140_clk_i_regs,126.66µm
clknet_leaf_23_i_core_v_mini_mcu.cpu_subsystem_i.cpu_0_0.clk_i,126.66µm
_12248_,126.61µm
_28003_,126.61µm
net839,126.61µm
i_core_v_mini_mcu.ao_peripheral_subsystem_i.power_manager_i.cpu_subsystem_rst_n,126.56µm
_24262_,126.45µm
_23594_,126.3µm
clknet_leaf_102_i_core_v_mini_mcu.cpu_subsystem_i.cpu_0_0.clk_i,126.3µm
clknet_leaf_121_i_core_v_mini_mcu.cpu_subsystem_i.cpu_0_0.clk_i,126.3µm
net2099,126.3µm
_16379_,126.25µm
clknet_leaf_51_clk_i_regs,126.2µm
_18440_,126.15µm
_27416_,126.15µm
net858,126.15µm
clknet_leaf_65_i_core_v_mini_mcu.peripheral_subsystem_i.clk_cg,126.15µm
clknet_leaf_56_i_core_v_mini_mcu.cpu_subsystem_i.cpu_0_0.clk_i,126.15µm
_07605_,126.1µm
_27189_,126.1µm
i_core_v_mini_mcu.ao_peripheral_subsystem_i.power_manager_i.power_manager_reg_top_i.cpu_switch_on_counter_qs\[12\],126.1µm
i_core_v_mini_mcu.ao_peripheral_subsystem_i.soc_ctrl_i.reg2hw\[14\],126.1µm
_17239_,126.05µm
_19357_,126.05µm
_20466_,126.05µm
_22134_,126.05µm
i_core_v_mini_mcu.ao_peripheral_subsystem_i.periph_to_reg_i.r_rdata_d\[22\],126.05µm
net456,126.05µm
net1249,126.05µm
_20371_,126µm
_27688_,125.89µm
_08531_,125.82µm
_14924_,125.79µm
clknet_leaf_57_i_core_v_mini_mcu.cpu_subsystem_i.cpu_0_0.clk_i,125.79µm
i_core_v_mini_mcu.ao_peripheral_slave_resp\[30\],125.77µm
_15213_,125.74µm
_25286_,125.74µm
net1658,125.74µm
clknet_leaf_16_i_core_v_mini_mcu.peripheral_subsystem_i.clk_cg,125.74µm
_18841_,125.69µm
_21100_,125.69µm
net1287,125.69µm
clknet_leaf_59_i_core_v_mini_mcu.cpu_subsystem_i.cpu_0_0.clk_i,125.69µm
clknet_leaf_76_clk_i_regs,125.64µm
clknet_leaf_90_i_core_v_mini_mcu.cpu_subsystem_i.cpu_1_0.clk_i,125.64µm
clknet_leaf_127_i_core_v_mini_mcu.cpu_subsystem_i.cpu_0_0.clk_i,125.64µm
net476,125.59µm
clknet_leaf_87_i_core_v_mini_mcu.memory_subsystem_i.clk_cg,125.59µm
_07600_,125.54µm
_07689_,125.54µm
_14171_,125.54µm
net1649,125.54µm
_06414_,125.49µm
_21172_,125.49µm
_21664_,125.49µm
_20366_,125.44µm
_20583_,125.44µm
net1805,125.18µm
net271,125.13µm
net1702,125.13µm
clknet_leaf_64_i_core_v_mini_mcu.cpu_subsystem_i.cpu_0_0.clk_i,125.13µm
_12663_,125.08µm
_22612_,125.08µm
_23394_,125.08µm
net1616,125.08µm
_06555_,125.03µm
_24298_,125.03µm
i_core_v_mini_mcu.memory_subsystem_i.ram0_i.rdata_o\[14\],125.03µm
clknet_5_29__leaf_i_core_v_mini_mcu.cpu_subsystem_i.cpu_1_0.clk_i,125.03µm
_14174_,124.98µm
_21404_,124.98µm
i_core_v_mini_mcu.memory_subsystem_i.ram0_i.tc_ram_i.sram\[21\]\[21\],124.98µm
net53,124.98µm
net193,124.98µm
_13418_,124.93µm
_21221_,124.93µm
_23143_,124.93µm
i_core_v_mini_mcu.ao_peripheral_subsystem_i.tdu_i.task_mem\[1\]\[14\],124.93µm
_14807_,124.9µm
_22377_,124.72µm
clknet_leaf_55_clk_i_regs,124.67µm
i_core_v_mini_mcu.memory_subsystem_i.ram0_i.tc_ram_i.sram\[16\]\[24\],124.63µm
clknet_leaf_71_i_core_v_mini_mcu.cpu_subsystem_i.cpu_1_0.clk_i,124.62µm
_07556_,124.57µm
_10119_,124.57µm
_27817_,124.57µm
net1856,124.57µm
_09133_,124.52µm
_19778_,124.52µm
clknet_leaf_114_clk_i_regs,124.52µm
_09260_,124.47µm
_21175_,124.47µm
i_core_v_mini_mcu.ao_peripheral_subsystem_i.tdu_i.task_mem\[4\]\[20\],124.47µm
clknet_leaf_19_clk_i_regs,124.47µm
_06522_,124.42µm
_14476_,124.42µm
exit_value_int\[2\],124.42µm
net472,124.42µm
clknet_leaf_48_clk_i_regs,124.42µm
_08163_,124.32µm
i_core_v_mini_mcu.memory_subsystem_i.ram0_i.tc_ram_i.sram\[19\]\[24\],124.32µm
_22890_,124.21µm
_05440_,124.19µm
_21261_,124.14µm
_27412_,124.11µm
net1732,124.11µm
_23602_,124.06µm
net1662,124.06µm
clknet_leaf_17_i_core_v_mini_mcu.peripheral_subsystem_i.clk_cg,124.01µm
clknet_leaf_33_i_core_v_mini_mcu.cpu_subsystem_i.cpu_0_0.clk_i,124.01µm
_23257_,123.96µm
clknet_leaf_153_i_core_v_mini_mcu.cpu_subsystem_i.cpu_1_0.clk_i,123.96µm
_07996_,123.91µm
_23209_,123.91µm
net361,123.91µm
net1746,123.91µm
_09247_,123.86µm
_09567_,123.86µm
_20507_,123.86µm
i_core_v_mini_mcu.cpu_subsystem_i.cpu_0_0.i_servile.cpu.ctrl.i_pc_rel,123.86µm
net1833,123.86µm
clknet_leaf_75_i_core_v_mini_mcu.cpu_subsystem_i.cpu_1_0.clk_i,123.86µm
_18438_,123.81µm
_27681_,123.81µm
i_core_v_mini_mcu.ao_peripheral_subsystem_i.obi_fifo_i.consumer_resp_i\[2\],123.81µm
clknet_leaf_135_clk_i_regs,123.81µm
_05646_,123.78µm
_07622_,123.76µm
_17725_,123.5µm
_05830_,123.45µm
_07434_,123.45µm
_14166_,123.45µm
net1796,123.45µm
_10589_,123.4µm
_19500_,123.4µm
_21656_,123.4µm
_10638_,123.35µm
_08014_,123.3µm
_27331_,123.3µm
net249,123.3µm
_08082_,123.25µm
_18207_,123.25µm
_18297_,123.25µm
_19100_,123.25µm
_21619_,123.25µm
_24099_,123.25µm
_08071_,123.2µm
_08274_,123.2µm
_13329_,123.2µm
_19115_,123.2µm
_27141_,123.2µm
i_core_v_mini_mcu.peripheral_subsystem_i.uart_i.reg2hw\[0\],123.2µm
net736,123.2µm
clknet_leaf_17_i_core_v_mini_mcu.cpu_subsystem_i.cpu_0_0.clk_i,123.19µm
_20789_,123.17µm
_23623_,123.04µm
_18460_,123.01µm
net1717,122.99µm
_05780_,122.84µm
_09097_,122.84µm
_19511_,122.84µm
net1799,122.84µm
net1851,122.84µm
clknet_leaf_41_i_core_v_mini_mcu.cpu_subsystem_i.cpu_0_0.clk_i,122.84µm
i_core_v_mini_mcu.memory_subsystem_i.ram0_i.tc_ram_i.sram\[16\]\[28\],122.79µm
clknet_leaf_3_i_core_v_mini_mcu.cpu_subsystem_i.cpu_0_0.clk_i,122.79µm
_05892_,122.74µm
_12382_,122.74µm
_21884_,122.74µm
_07539_,122.69µm
_10180_,122.69µm
_12868_,122.69µm
_06833_,122.64µm
_20296_,122.64µm
_20514_,122.64µm
_21480_,122.64µm
_25065_,122.64µm
_27811_,122.64µm
i_core_v_mini_mcu.ao_peripheral_subsystem_i.obi_fifo_i.consumer_data_req\[9\],122.64µm
i_core_v_mini_mcu.cpu_subsystem_i.cpu_1_0.rf_ram_i.memory\[451\]\[1\],122.51µm
clknet_leaf_96_i_core_v_mini_mcu.cpu_subsystem_i.cpu_0_0.clk_i,122.43µm
clknet_leaf_43_i_core_v_mini_mcu.cpu_subsystem_i.cpu_0_0.clk_i,122.38µm
net1895,122.33µm
clknet_leaf_14_i_core_v_mini_mcu.memory_subsystem_i.clk_cg,122.33µm
clknet_leaf_80_i_core_v_mini_mcu.cpu_subsystem_i.cpu_0_0.clk_i,122.33µm
clknet_leaf_99_i_core_v_mini_mcu.cpu_subsystem_i.cpu_0_0.clk_i,122.33µm
clknet_leaf_116_i_core_v_mini_mcu.cpu_subsystem_i.cpu_0_0.clk_i,122.33µm
_06880_,122.28µm
_08663_,122.28µm
_09983_,122.28µm
i_core_v_mini_mcu.cpu_subsystem_i.cpu_1_0.i_servile.arbiter.i_wb_cpu_ibus_adr\[0\],122.28µm
net1709,122.28µm
_05545_,122.23µm
_10598_,122.23µm
_24989_,122.23µm
net92,122.23µm
clknet_leaf_58_clk_i_regs,122.23µm
clknet_leaf_109_clk_i_regs,122.23µm
_13947_,122.18µm
_20335_,122.18µm
_20386_,122.18µm
net1509,122.18µm
clknet_leaf_59_i_core_v_mini_mcu.cpu_subsystem_i.cpu_1_0.clk_i,122.18µm
_12916_,122.13µm
_14524_,122.13µm
i_core_v_mini_mcu.ao_peripheral_subsystem_i.power_manager_i.power_manager_reg_top_i.en_wait_for_intr_qs\[12\],122.13µm
i_core_v_mini_mcu.ao_peripheral_subsystem_i.tdu_i.task_mem\[5\]\[11\],122.13µm
_19052_,122.09µm
clknet_leaf_27_i_core_v_mini_mcu.cpu_subsystem_i.cpu_0_0.clk_i,121.92µm
_08270_,121.85µm
_09631_,121.82µm
_10552_,121.82µm
net1484,121.82µm
i_core_v_mini_mcu.memory_subsystem_i.ram0_i.tc_ram_i.sram\[16\]\[25\],121.78µm
_23385_,121.77µm
i_core_v_mini_mcu.cpu_subsystem_i.cpu_0_0.i_servile.cpu.branch_op,121.77µm
clknet_leaf_71_clk_i_regs,121.77µm
clknet_leaf_136_clk_i_regs,121.77µm
clknet_leaf_32_i_core_v_mini_mcu.cpu_subsystem_i.cpu_0_0.clk_i,121.77µm
_07862_,121.72µm
clknet_leaf_121_i_core_v_mini_mcu.cpu_subsystem_i.cpu_1_0.clk_i,121.72µm
clknet_leaf_131_i_core_v_mini_mcu.cpu_subsystem_i.cpu_0_0.clk_i,121.72µm
_10929_,121.7µm
_09984_,121.67µm
_18612_,121.67µm
i_core_v_mini_mcu.memory_subsystem_i.ram0_i.tc_ram_i.sram\[16\]\[26\],121.67µm
_21749_,121.62µm
_25084_,121.62µm
i_core_v_mini_mcu.cpu_subsystem_i.cpu_0_0.i_servile.cpu.bufreg.data\[0\],121.62µm
i_core_v_mini_mcu.peripheral_subsystem_i.uart_i.reg2hw\[5\],121.62µm
_08010_,121.6µm
i_core_v_mini_mcu.ao_peripheral_subsystem_i.clint_mtime_o\[45\],121.57µm
net474,121.57µm
i_core_v_mini_mcu.ao_peripheral_subsystem_i.power_manager_i.power_manager_reg_top_i.cpu_switch_on_counter_qs\[6\],121.56µm
_19019_,121.52µm
i_core_v_mini_mcu.ao_peripheral_subsystem_i.tdu_i.task_mem\[5\]\[31\],121.34µm
i_core_v_mini_mcu.peripheral_subsystem_i.uart_i.reg2hw\[11\],121.26µm
net1650,121.26µm
clknet_leaf_43_i_core_v_mini_mcu.cpu_subsystem_i.cpu_1_0.clk_i,121.26µm
clknet_leaf_79_i_core_v_mini_mcu.cpu_subsystem_i.cpu_1_0.clk_i,121.26µm
_20161_,121.25µm
_18124_,121.21µm
net1712,121.21µm
clknet_leaf_2_i_core_v_mini_mcu.memory_subsystem_i.clk_cg,121.21µm
net2021,121.16µm
_06887_,121.11µm
i_core_v_mini_mcu.ao_peripheral_subsystem_i.tdu_i.task_mem\[1\]\[17\],121.11µm
net26,121.11µm
clknet_leaf_29_clk_i_regs,121.11µm
_08339_,121.06µm
_14456_,121.06µm
_26807_,121.06µm
i_core_v_mini_mcu.core_data_req\[93\],121.06µm
net73,121.06µm
net259,121.06µm
_10819_,121.01µm
_14018_,121.01µm
_14185_,121.01µm
_27684_,121.01µm
_07522_,120.96µm
_08791_,120.96µm
i_core_v_mini_mcu.ao_peripheral_subsystem_i.power_manager_i.power_manager_reg_top_i.en_wait_for_intr_qs\[23\],120.96µm
_07571_,120.94µm
net1863,120.8µm
_07311_,120.78µm
clknet_leaf_59_i_core_v_mini_mcu.memory_subsystem_i.clk_cg,120.75µm
i_core_v_mini_mcu.peripheral_subsystem_i.uart_i.reg2hw\[15\],120.7µm
clknet_leaf_45_i_core_v_mini_mcu.cpu_subsystem_i.cpu_1_0.clk_i,120.7µm
net157,120.65µm
net2095,120.65µm
_17714_,120.6µm
clknet_leaf_115_clk_i_regs,120.6µm
_19033_,120.59µm
net1643,120.57µm
_19985_,120.55µm
_07278_,120.5µm
_14184_,120.5µm
_25218_,120.5µm
net81,120.5µm
net1700,120.5µm
net1857,120.5µm
clknet_leaf_16_i_core_v_mini_mcu.memory_subsystem_i.clk_cg,120.5µm
_10152_,120.45µm
i_core_v_mini_mcu.ao_peripheral_subsystem_i.obi_fifo_i.consumer_resp_i\[3\],120.45µm
_12917_,120.4µm
clknet_leaf_120_i_core_v_mini_mcu.cpu_subsystem_i.cpu_1_0.clk_i,120.24µm
_23079_,120.19µm
_19353_,120.14µm
clknet_leaf_35_clk_i_regs,120.14µm
clknet_leaf_103_i_core_v_mini_mcu.cpu_subsystem_i.cpu_0_0.clk_i,120.14µm
i_core_v_mini_mcu.ao_peripheral_subsystem_i.obi_fifo_i.consumer_data_req\[14\],120.12µm
clknet_leaf_30_i_core_v_mini_mcu.cpu_subsystem_i.cpu_0_0.clk_i,120.09µm
clknet_leaf_97_i_core_v_mini_mcu.cpu_subsystem_i.cpu_0_0.clk_i,120.09µm
net463,120.04µm
clknet_leaf_110_clk_i_regs,120.04µm
clknet_leaf_9_i_core_v_mini_mcu.memory_subsystem_i.clk_cg,120.04µm
_10621_,119.99µm
net201,119.99µm
net277,119.99µm
net1660,119.99µm
_27590_,119.98µm
_10178_,119.94µm
_10558_,119.94µm
_21493_,119.94µm
i_core_v_mini_mcu.ao_peripheral_subsystem_i.tdu_i.task_mem\[1\]\[8\],119.94µm
net189,119.94µm
clknet_leaf_66_i_core_v_mini_mcu.cpu_subsystem_i.cpu_0_0.clk_i,119.94µm
_10626_,119.89µm
_14558_,119.89µm
_25321_,119.89µm
_26323_,119.89µm
i_core_v_mini_mcu.ao_peripheral_subsystem_i.periph_to_reg_i.r_rdata_d\[15\],119.89µm
net268,119.89µm
i_core_v_mini_mcu.ao_peripheral_subsystem_i.periph_to_reg_i.r_rdata_d\[21\],119.84µm
_09884_,119.53µm
_22565_,119.53µm
_23405_,119.53µm
_27376_,119.53µm
clknet_leaf_69_clk_i_regs,119.53µm
clknet_leaf_78_clk_i_regs,119.53µm
clknet_leaf_98_i_core_v_mini_mcu.cpu_subsystem_i.cpu_0_0.clk_i,119.53µm
_06354_,119.48µm
_22218_,119.46µm
clknet_leaf_27_i_core_v_mini_mcu.cpu_subsystem_i.cpu_1_0.clk_i,119.43µm
_08911_,119.38µm
_20000_,119.38µm
_06862_,119.33µm
_08338_,119.33µm
_23182_,119.33µm
i_core_v_mini_mcu.ao_peripheral_subsystem_i.tdu_i.task_mem\[3\]\[28\],119.33µm
_06317_,119.28µm
_08178_,119.28µm
_14261_,119.28µm
_20497_,119.28µm
_25293_,119.28µm
i_core_v_mini_mcu.ao_peripheral_subsystem_i.spi_subsystem_i.obi_spimemio_i.obi_spimemio_reg_top_i.reg2hw,119.28µm
_27795_,119.12µm
clknet_leaf_130_i_core_v_mini_mcu.cpu_subsystem_i.cpu_0_0.clk_i,119.11µm
_05415_,119.02µm
clknet_leaf_3_i_core_v_mini_mcu.memory_subsystem_i.clk_cg,119.02µm
clknet_leaf_34_clk_i_regs,118.97µm
_05922_,118.92µm
_23637_,118.92µm
i_core_v_mini_mcu.memory_subsystem_i.ram0_i.tc_ram_i.sram\[16\]\[10\],118.92µm
net1631,118.92µm
clknet_leaf_124_i_core_v_mini_mcu.cpu_subsystem_i.cpu_1_0.clk_i,118.92µm
_14276_,118.87µm
_16118_,118.87µm
_18494_,118.87µm
i_core_v_mini_mcu.cpu_subsystem_i.cpu_0_0.i_servile.cpu.gen_align.align.ctrl_misal,118.87µm
_25202_,118.82µm
i_core_v_mini_mcu.core_data_req\[94\],118.82µm
net521,118.82µm
net1628,118.82µm
net137,118.72µm
net1704,118.59µm
_18904_,118.46µm
_13802_,118.42µm
_20220_,118.41µm
_25252_,118.41µm
clknet_leaf_92_i_core_v_mini_mcu.cpu_subsystem_i.cpu_0_0.clk_i,118.41µm
_07052_,118.37µm
_15251_,118.36µm
_21271_,118.36µm
clknet_leaf_50_i_core_v_mini_mcu.cpu_subsystem_i.cpu_0_0.clk_i,118.36µm
_07375_,118.31µm
_08751_,118.31µm
_09310_,118.31µm
_12221_,118.31µm
i_core_v_mini_mcu.ao_peripheral_subsystem_i.spi_subsystem_i.obi_spimemio_i.obi_to_picorv32_i.addr_buf\[11\],118.31µm
i_core_v_mini_mcu.core_data_req\[80\],118.31µm
i_core_v_mini_mcu.ao_peripheral_subsystem_i.clint_mtime_o\[20\],118.26µm
i_core_v_mini_mcu.core_data_req\[86\],118.26µm
net520,118.26µm
net530,118.26µm
_06836_,118.21µm
_09200_,118.21µm
_10525_,118.21µm
_11566_,118.21µm
_14103_,118.21µm
_20505_,118.21µm
i_core_v_mini_mcu.memory_subsystem_i.ram0_i.rdata_o\[11\],118.21µm
i_core_v_mini_mcu.memory_subsystem_i.ram0_i.tc_ram_i.sram\[20\]\[30\],118.21µm
_16911_,118.16µm
_24871_,118.16µm
clknet_leaf_21_i_core_v_mini_mcu.cpu_subsystem_i.cpu_0_0.clk_i,118.16µm
_21344_,118µm
clknet_leaf_113_clk_i_regs,117.9µm
net1725,117.85µm
_22657_,117.8µm
clknet_5_0__leaf_clk_i_regs,117.8µm
clknet_leaf_91_i_core_v_mini_mcu.cpu_subsystem_i.cpu_0_0.clk_i,117.8µm
_22449_,117.75µm
net163,117.75µm
net1735,117.75µm
clknet_leaf_31_i_core_v_mini_mcu.cpu_subsystem_i.cpu_1_0.clk_i,117.75µm
clknet_leaf_100_i_core_v_mini_mcu.cpu_subsystem_i.cpu_0_0.clk_i,117.75µm
_19428_,117.7µm
i_core_v_mini_mcu.ao_peripheral_subsystem_i.mosaic_clint_i.mtimecmp_q\[115\],117.7µm
i_core_v_mini_mcu.ao_peripheral_subsystem_i.periph_to_reg_i.r_rdata_d\[23\],117.7µm
clknet_leaf_25_i_core_v_mini_mcu.cpu_subsystem_i.cpu_1_0.clk_i,117.7µm
_10079_,117.65µm
i_core_v_mini_mcu.ao_peripheral_slave_resp\[16\],117.65µm
net40,117.65µm
net1938,117.65µm
_07865_,117.6µm
_12422_,117.6µm
_19727_,117.34µm
_14272_,117.29µm
_19992_,117.29µm
_06554_,117.24µm
net2124,117.24µm
_10562_,117.19µm
_14015_,117.19µm
_18496_,117.19µm
_20581_,117.19µm
i_core_v_mini_mcu.core_data_req\[87\],117.19µm
net1276,117.19µm
clknet_leaf_127_clk_i_regs,117.19µm
clknet_leaf_67_i_core_v_mini_mcu.cpu_subsystem_i.cpu_1_0.clk_i,117.19µm
_26644_,117.14µm
_27284_,117.14µm
i_core_v_mini_mcu.ao_peripheral_subsystem_i.tdu_i.active_hart_cycles_q\[17\],117.14µm
i_core_v_mini_mcu.peripheral_subsystem_i.obi_fifo_i.consumer_data_req\[0\],117.14µm
_08307_,117.09µm
_19035_,117.09µm
_19363_,117.09µm
_24666_,117.09µm
net1942,117.09µm
_20339_,117.04µm
_20747_,117.04µm
_27356_,117.04µm
clknet_leaf_18_i_core_v_mini_mcu.cpu_subsystem_i.cpu_0_0.clk_i,116.83µm
_09322_,116.73µm
_27413_,116.73µm
_05783_,116.68µm
_08811_,116.68µm
_18204_,116.68µm
i_core_v_mini_mcu.core_data_req\[91\],116.68µm
_20448_,116.63µm
i_core_v_mini_mcu.peripheral_slave_resp\[16\],116.63µm
net153,116.63µm
net1706,116.63µm
net1846,116.63µm
_14461_,116.58µm
_25590_,116.58µm
_26373_,116.58µm
_26509_,116.58µm
_09556_,116.53µm
_12927_,116.53µm
_23139_,116.53µm
_23268_,116.53µm
_23588_,116.53µm
_14264_,116.48µm
i_core_v_mini_mcu.memory_subsystem_i.ram0_i.tc_ram_i.sram\[1\]\[14\],116.48µm
net284,116.48µm
_15196_,116.37µm
i_core_v_mini_mcu.ao_peripheral_subsystem_i.clint_mtime_o\[42\],116.27µm
i_core_v_mini_mcu.ao_peripheral_subsystem_i.clint_mtime_o\[58\],116.22µm
_21445_,116.17µm
net148,116.16µm
net497,116.12µm
clknet_leaf_12_clk_i_regs,116.11µm
_05965_,116.07µm
_28100_,116.07µm
net84,116.07µm
net491,116.07µm
clknet_3_4_0_i_core_v_mini_mcu.cpu_subsystem_i.cpu_0_0.clk_i,116.07µm
_09236_,116.02µm
net1553,116.02µm
_10160_,115.97µm
_18242_,115.97µm
net486,115.97µm
_22095_,115.92µm
_27046_,115.92µm
net60,115.92µm
clknet_leaf_20_i_core_v_mini_mcu.cpu_subsystem_i.cpu_1_0.clk_i,115.76µm
_14527_,115.66µm
_18799_,115.61µm
_05938_,115.56µm
_07910_,115.56µm
_05639_,115.51µm
_07186_,115.51µm
_21337_,115.51µm
net1714,115.51µm
clknet_leaf_6_i_core_v_mini_mcu.cpu_subsystem_i.cpu_1_0.clk_i,115.51µm
_07508_,115.46µm
_10535_,115.46µm
_16790_,115.46µm
_20726_,115.46µm
net1250,115.46µm
i_core_v_mini_mcu.ao_peripheral_subsystem_i.periph_to_reg_i.r_rdata_d\[27\],115.42µm
_19965_,115.41µm
_20367_,115.41µm
_23246_,115.41µm
_26639_,115.41µm
_27734_,115.41µm
net2120,115.41µm
_08475_,115.36µm
_10110_,115.36µm
i_core_v_mini_mcu.ao_peripheral_subsystem_i.spi_subsystem_i.obi_spimemio_i.cfgreg_do\[8\],115.36µm
_21463_,115.2µm
i_core_v_mini_mcu.memory_subsystem_i.ram0_i.tc_ram_i.sram\[23\]\[10\],115.15µm
_18560_,115.1µm
_06455_,115.05µm
_21593_,115.05µm
clknet_leaf_51_i_core_v_mini_mcu.cpu_subsystem_i.cpu_1_0.clk_i,115µm
clknet_leaf_19_i_core_v_mini_mcu.cpu_subsystem_i.cpu_0_0.clk_i,115µm
clknet_leaf_95_i_core_v_mini_mcu.cpu_subsystem_i.cpu_0_0.clk_i,115µm
net49,114.95µm
net1720,114.95µm
clknet_leaf_26_clk_i_regs,114.95µm
clknet_leaf_131_i_core_v_mini_mcu.cpu_subsystem_i.cpu_1_0.clk_i,114.95µm
clknet_leaf_76_i_core_v_mini_mcu.cpu_subsystem_i.cpu_0_0.clk_i,114.95µm
_07776_,114.9µm
_08523_,114.9µm
_12559_,114.9µm
i_core_v_mini_mcu.ao_peripheral_subsystem_i.obi_fifo_i.consumer_data_req\[22\],114.85µm
_21164_,114.8µm
i_core_v_mini_mcu.memory_subsystem_i.ram0_i.tc_ram_i.sram\[20\]\[14\],114.74µm
_23809_,114.64µm
clknet_leaf_125_clk_i_regs,114.64µm
_22142_,114.59µm
clknet_leaf_28_clk_i_regs,114.59µm
clknet_leaf_92_clk_i_regs,114.59µm
net1708,114.54µm
net1810,114.54µm
_09103_,114.52µm
_07663_,114.49µm
net39,114.49µm
clknet_leaf_27_i_core_v_mini_mcu.peripheral_subsystem_i.clk_cg,114.49µm
_08572_,114.44µm
i_core_v_mini_mcu.core_data_req\[88\],114.44µm
clknet_leaf_3_i_core_v_mini_mcu.cpu_subsystem_i.cpu_1_0.clk_i,114.44µm
net94,114.39µm
clknet_leaf_129_i_core_v_mini_mcu.cpu_subsystem_i.cpu_1_0.clk_i,114.39µm
_08076_,114.34µm
_13936_,114.34µm
_21580_,114.34µm
i_core_v_mini_mcu.memory_subsystem_i.ram0_i.tc_ram_i.sram\[18\]\[10\],114.34µm
net7,114.29µm
net527,114.29µm
_07991_,114.24µm
i_core_v_mini_mcu.memory_subsystem_i.ram0_i.tc_ram_i.sram\[19\]\[25\],114.24µm
clknet_leaf_60_i_core_v_mini_mcu.cpu_subsystem_i.cpu_0_0.clk_i,114.03µm
_09252_,114.01µm
_06812_,113.93µm
_07545_,113.93µm
_10144_,113.93µm
clknet_leaf_122_i_core_v_mini_mcu.cpu_subsystem_i.cpu_1_0.clk_i,113.93µm
i_core_v_mini_mcu.peripheral_subsystem_i.obi_fifo_i.consumer_data_req\[6\],113.83µm
clknet_leaf_98_clk_i_regs,113.83µm
clknet_leaf_120_i_core_v_mini_mcu.cpu_subsystem_i.cpu_0_0.clk_i,113.83µm
_19105_,113.78µm
_27594_,113.78µm
i_core_v_mini_mcu.ao_peripheral_subsystem_i.mosaic_clint_i.mtimecmp_q\[119\],113.78µm
_06609_,113.73µm
_08469_,113.73µm
_10553_,113.73µm
_11360_,113.73µm
_13942_,113.73µm
_20672_,113.73µm
_25703_,113.73µm
i_core_v_mini_mcu.ao_peripheral_subsystem_i.power_manager_i.power_manager_reg_top_i.intr_state_qs\[0\],113.73µm
i_core_v_mini_mcu.cpu_subsystem_i.cpu_1_0.i_servile.cpu.branch_op,113.73µm
_25587_,113.68µm
i_core_v_mini_mcu.memory_subsystem_i.ram0_i.tc_ram_i.sram\[20\]\[21\],113.6µm
_27938_,113.57µm
_20051_,113.42µm
clknet_leaf_4_i_core_v_mini_mcu.cpu_subsystem_i.cpu_1_0.clk_i,113.42µm
_18474_,113.32µm
_27812_,113.32µm
i_core_v_mini_mcu.ao_peripheral_subsystem_i.clint_mtime_o\[36\],113.32µm
_17853_,113.27µm
_18453_,113.27µm
_21336_,113.27µm
_06631_,113.22µm
_07241_,113.22µm
_09094_,113.22µm
i_core_v_mini_mcu.ao_peripheral_subsystem_i.clint_mtime_o\[51\],113.22µm
_08580_,113.17µm
_18664_,113.17µm
_23203_,113.17µm
clknet_leaf_20_i_core_v_mini_mcu.cpu_subsystem_i.cpu_0_0.clk_i,113.17µm
net1918,113.17µm
_10349_,113.16µm
_12934_,113.12µm
i_core_v_mini_mcu.ao_peripheral_subsystem_i.tdu_i.task_mem\[3\]\[24\],113.12µm
i_core_v_mini_mcu.peripheral_subsystem_i.uart_i.uart_core.u_uart_txfifo.gen_normal_fifo.storage\[2\],113.12µm
_22434_,112.96µm
_10504_,112.94µm
_22545_,112.86µm
_15270_,112.81µm
_16895_,112.71µm
net1723,112.71µm
clknet_leaf_32_clk_i_regs,112.71µm
clknet_leaf_44_i_core_v_mini_mcu.cpu_subsystem_i.cpu_0_0.clk_i,112.71µm
_07201_,112.66µm
_08278_,112.66µm
_12333_,112.66µm
_27405_,112.66µm
_08707_,112.61µm
_14268_,112.61µm
_21690_,112.61µm
i_core_v_mini_mcu.memory_subsystem_i.ram0_i.tc_ram_i.sram\[21\]\[30\],112.61µm
_14016_,112.56µm
i_core_v_mini_mcu.memory_subsystem_i.ram0_i.tc_ram_i.sram\[17\]\[24\],112.56µm
net1278,112.56µm
_10076_,112.48µm
_23057_,112.45µm
i_core_v_mini_mcu.peripheral_subsystem_i.uart_i.reg2hw\[13\],112.38µm
_23123_,112.35µm
net1530,112.33µm
_23286_,112.25µm
clknet_leaf_9_i_core_v_mini_mcu.cpu_subsystem_i.cpu_0_0.clk_i,112.25µm
_08066_,112.2µm
_10580_,112.2µm
net203,112.2µm
clknet_leaf_52_i_core_v_mini_mcu.memory_subsystem_i.clk_cg,112.2µm
clknet_leaf_47_i_core_v_mini_mcu.cpu_subsystem_i.cpu_1_0.clk_i,112.19µm
_06634_,112.15µm
_07165_,112.15µm
i_core_v_mini_mcu.ao_peripheral_subsystem_i.obi_fifo_i.consumer_data_req\[43\],112.15µm
i_core_v_mini_mcu.core_data_req\[89\],112.15µm
clknet_leaf_115_i_core_v_mini_mcu.cpu_subsystem_i.cpu_0_0.clk_i,112.15µm
_11514_,112.1µm
_18875_,112.1µm
i_core_v_mini_mcu.ao_peripheral_subsystem_i.soc_ctrl_i.soc_ctrl_reg_top_i.system_frequency_hz_qs\[3\],112.1µm
i_core_v_mini_mcu.memory_subsystem_i.ram0_i.tc_ram_i.sram\[20\]\[22\],112.1µm
net1645,112.1µm
_05434_,112.05µm
_05989_,112.05µm
_07751_,112.05µm
_08431_,112.05µm
_09980_,112.05µm
_10236_,112.05µm
_11376_,112.05µm
i_core_v_mini_mcu.ao_peripheral_subsystem_i.obi_fifo_i.consumer_state_n,112.05µm
i_core_v_mini_mcu.core_data_req\[9\],112.05µm
i_core_v_mini_mcu.peripheral_slave_resp\[15\],112.05µm
_19798_,112.02µm
_08404_,112µm
_09159_,112µm
_22500_,112µm
i_core_v_mini_mcu.ao_peripheral_subsystem_i.tdu_i.task_mem\[1\]\[6\],112µm
_18704_,111.84µm
_18231_,111.79µm
i_core_v_mini_mcu.cpu_subsystem_i.cpu_0_0.i_servile.cpu.bufreg.data\[1\],111.74µm
clknet_leaf_44_i_core_v_mini_mcu.cpu_subsystem_i.cpu_1_0.clk_i,111.74µm
clknet_leaf_159_i_core_v_mini_mcu.cpu_subsystem_i.cpu_1_0.clk_i,111.74µm
_06343_,111.64µm
_06780_,111.64µm
_19706_,111.64µm
clknet_leaf_4_clk_i_regs,111.64µm
clknet_leaf_56_clk_i_regs,111.64µm
_07005_,111.59µm
_10556_,111.59µm
_21532_,111.59µm
net135,111.59µm
net1094,111.59µm
_18829_,111.54µm
_20655_,111.54µm
_21421_,111.54µm
net473,111.54µm
_07881_,111.49µm
_10457_,111.49µm
_22235_,111.49µm
i_core_v_mini_mcu.ao_peripheral_subsystem_i.power_manager_i.power_manager_reg_top_i.intr_state_qs\[14\],111.49µm
i_core_v_mini_mcu.peripheral_slave_resp\[19\],111.49µm
clknet_leaf_57_i_core_v_mini_mcu.cpu_subsystem_i.cpu_1_0.clk_i,111.48µm
_07261_,111.44µm
_18116_,111.33µm
net1801,111.23µm
clknet_leaf_70_i_core_v_mini_mcu.cpu_subsystem_i.cpu_1_0.clk_i,111.22µm
clknet_leaf_54_i_core_v_mini_mcu.cpu_subsystem_i.cpu_0_0.clk_i,111.19µm
net1648,111.18µm
_19459_,111.08µm
clknet_leaf_118_i_core_v_mini_mcu.cpu_subsystem_i.cpu_0_0.clk_i,111.08µm
_09325_,111.03µm
_16536_,111.03µm
_07334_,110.98µm
_08095_,110.98µm
_19067_,110.98µm
_19573_,110.98µm
_20668_,110.98µm
i_core_v_mini_mcu.ao_peripheral_subsystem_i.clint_mtime_o\[37\],110.98µm
_07649_,110.93µm
_07821_,110.93µm
_08009_,110.93µm
_08209_,110.93µm
_10946_,110.93µm
_14169_,110.93µm
_14357_,110.93µm
clknet_leaf_129_i_core_v_mini_mcu.cpu_subsystem_i.cpu_0_0.clk_i,110.93µm
_07747_,110.88µm
_11476_,110.88µm
net537,110.88µm
_18602_,110.75µm
_23224_,110.62µm
clknet_leaf_126_i_core_v_mini_mcu.cpu_subsystem_i.cpu_0_0.clk_i,110.62µm
_21133_,110.57µm
_09536_,110.52µm
_21001_,110.52µm
clknet_leaf_48_i_core_v_mini_mcu.cpu_subsystem_i.cpu_1_0.clk_i,110.52µm
clknet_leaf_55_i_core_v_mini_mcu.cpu_subsystem_i.cpu_0_0.clk_i,110.52µm
_10520_,110.47µm
i_core_v_mini_mcu.ao_peripheral_subsystem_i.power_manager_i.power_manager_reg_top_i.global_pointer_qs\[30\],110.47µm
net247,110.47µm
clknet_leaf_64_i_core_v_mini_mcu.peripheral_subsystem_i.clk_cg,110.47µm
clknet_leaf_126_i_core_v_mini_mcu.cpu_subsystem_i.cpu_1_0.clk_i,110.47µm
net1876,110.46µm
_07624_,110.42µm
_10130_,110.42µm
i_core_v_mini_mcu.ao_peripheral_subsystem_i.power_manager_i.power_manager_reg_top_i.cpu_iso_on_counter_qs\[11\],110.42µm
clknet_leaf_87_i_core_v_mini_mcu.cpu_subsystem_i.cpu_0_0.clk_i,110.42µm
clknet_leaf_94_i_core_v_mini_mcu.cpu_subsystem_i.cpu_0_0.clk_i,110.42µm
_06722_,110.37µm
_14140_,110.37µm
_19359_,110.37µm
_22520_,110.37µm
_25080_,110.37µm
i_core_v_mini_mcu.peripheral_slave_resp\[12\],110.37µm
_08157_,110.32µm
i_core_v_mini_mcu.memory_subsystem_i.ram0_i.tc_ram_i.sram\[21\]\[29\],110.32µm
net1266,110.19µm
_22451_,110.06µm
clknet_leaf_66_i_core_v_mini_mcu.peripheral_subsystem_i.clk_cg,110.06µm
clknet_leaf_36_i_core_v_mini_mcu.cpu_subsystem_i.cpu_0_0.clk_i,110.06µm
clknet_leaf_102_i_core_v_mini_mcu.cpu_subsystem_i.cpu_1_0.clk_i,110.01µm
_19981_,109.91µm
i_core_v_mini_mcu.ao_peripheral_subsystem_i.spi_subsystem_i.obi_spimemio_i.spimemio_i.rd_inc,109.91µm
net152,109.91µm
_05858_,109.86µm
_07407_,109.86µm
_07567_,109.86µm
_10739_,109.86µm
net68,109.86µm
clknet_leaf_133_clk_i_regs,109.86µm
clknet_leaf_63_i_core_v_mini_mcu.cpu_subsystem_i.cpu_0_0.clk_i,109.86µm
clknet_leaf_77_i_core_v_mini_mcu.cpu_subsystem_i.cpu_0_0.clk_i,109.86µm
_07946_,109.81µm
_27079_,109.81µm
net2006,109.81µm
_14191_,109.76µm
_18978_,109.76µm
_23555_,109.76µm
clknet_leaf_62_i_core_v_mini_mcu.cpu_subsystem_i.cpu_0_0.clk_i,109.45µm
_08507_,109.4µm
net56,109.4µm
_14009_,109.35µm
_18127_,109.35µm
_25698_,109.35µm
i_core_v_mini_mcu.ao_peripheral_subsystem_i.clint_mtime_o\[27\],109.35µm
clknet_leaf_95_i_core_v_mini_mcu.cpu_subsystem_i.cpu_1_0.clk_i,109.35µm
clknet_leaf_93_i_core_v_mini_mcu.cpu_subsystem_i.cpu_0_0.clk_i,109.35µm
i_core_v_mini_mcu.core_data_req\[81\],109.3µm
clknet_leaf_105_clk_i_regs,109.3µm
_05790_,109.25µm
_07794_,109.25µm
_10111_,109.25µm
_19057_,109.25µm
i_core_v_mini_mcu.ao_peripheral_subsystem_i.power_manager_i.power_manager_reg_top_i.global_pointer_qs\[9\],109.25µm
i_core_v_mini_mcu.ao_peripheral_subsystem_i.soc_ctrl_i.reg2hw\[11\],109.25µm
i_core_v_mini_mcu.ao_peripheral_subsystem_i.tdu_i.task_mem\[7\]\[28\],109.25µm
clknet_leaf_47_i_core_v_mini_mcu.peripheral_subsystem_i.clk_cg,109.25µm
_18268_,109.2µm
clknet_leaf_16_clk_i_regs,109.12µm
net124,108.89µm
_23933_,108.84µm
i_core_v_mini_mcu.ao_peripheral_subsystem_i.tdu_i.task_mem\[1\]\[9\],108.84µm
_19032_,108.82µm
_06450_,108.79µm
_10607_,108.79µm
_19302_,108.79µm
net1279,108.79µm
net1946,108.79µm
_08640_,108.74µm
_18309_,108.74µm
_24992_,108.74µm
net1630,108.74µm
_26448_,108.69µm
i_core_v_mini_mcu.ao_peripheral_subsystem_i.periph_to_reg_i.r_rdata_d\[17\],108.69µm
_07634_,108.64µm
_22523_,108.64µm
net500,108.64µm
clknet_leaf_83_clk_i_regs,108.43µm
net1722,108.33µm
clknet_leaf_106_i_core_v_mini_mcu.cpu_subsystem_i.cpu_1_0.clk_i,108.33µm
_18488_,108.28µm
net1818,108.28µm
clknet_leaf_80_i_core_v_mini_mcu.cpu_subsystem_i.cpu_1_0.clk_i,108.28µm
_14280_,108.23µm
_14409_,108.23µm
_16044_,108.23µm
_21721_,108.23µm
i_core_v_mini_mcu.peripheral_subsystem_i.uart_i.reg2hw\[1\],108.23µm
_03114_,108.18µm
_10099_,108.18µm
_14692_,108.18µm
i_core_v_mini_mcu.ao_peripheral_subsystem_i.power_manager_i.power_manager_reg_top_i.reg2hw\[229\],108.18µm
i_core_v_mini_mcu.memory_subsystem_i.ram0_i.tc_ram_i.sram\[20\]\[18\],108.18µm
net1788,108.18µm
clknet_leaf_40_i_core_v_mini_mcu.cpu_subsystem_i.cpu_1_0.clk_i,108.18µm
_25355_,108.13µm
net528,108.13µm
_18590_,108.08µm
_20368_,108.08µm
_22945_,108.08µm
_25203_,108.08µm
_26520_,108.08µm
clknet_leaf_101_i_core_v_mini_mcu.cpu_subsystem_i.cpu_1_0.clk_i,107.8µm
_18320_,107.77µm
_27372_,107.72µm
clknet_leaf_39_i_core_v_mini_mcu.cpu_subsystem_i.cpu_0_0.clk_i,107.72µm
_07183_,107.67µm
_17731_,107.67µm
_23146_,107.67µm
net161,107.67µm
clknet_leaf_128_i_core_v_mini_mcu.cpu_subsystem_i.cpu_1_0.clk_i,107.67µm
clknet_leaf_82_i_core_v_mini_mcu.cpu_subsystem_i.cpu_0_0.clk_i,107.67µm
_21627_,107.62µm
i_core_v_mini_mcu.cpu_subsystem_i.cpu_0_0.i_servile.cpu.decode.o_ctrl_mret,107.62µm
i_core_v_mini_mcu.peripheral_slave_resp\[14\],107.62µm
_09406_,107.57µm
i_core_v_mini_mcu.ao_peripheral_subsystem_i.spi_subsystem_i.obi_spimemio_i.obi_to_picorv32_i.obi_resp_o\[23\],107.57µm
net432,107.57µm
_06504_,107.52µm
_23443_,107.52µm
_25273_,107.52µm
net481,107.52µm
clknet_leaf_13_i_core_v_mini_mcu.memory_subsystem_i.clk_cg,107.52µm
net1680,107.44µm
clknet_leaf_115_i_core_v_mini_mcu.cpu_subsystem_i.cpu_1_0.clk_i,107.31µm
clknet_leaf_33_i_core_v_mini_mcu.peripheral_subsystem_i.clk_cg,107.26µm
i_core_v_mini_mcu.ao_peripheral_subsystem_i.clint_mtime_o\[25\],107.21µm
clknet_leaf_149_clk_i_regs,107.21µm
_05626_,107.16µm
_15368_,107.16µm
_22469_,107.16µm
_07974_,107.11µm
_20512_,107.11µm
_05463_,107.06µm
_06420_,107.06µm
_06814_,107.06µm
_07867_,107.06µm
_18685_,107.06µm
_22096_,107.06µm
_24909_,107.06µm
_20510_,107.01µm
_24316_,107.01µm
_25102_,107.01µm
_26903_,107.01µm
i_core_v_mini_mcu.memory_subsystem_i.ram0_i.tc_ram_i.sram\[22\]\[16\],107.01µm
_09982_,106.96µm
_12593_,106.96µm
_25793_,106.96µm
_26988_,106.96µm
_27389_,106.96µm
clknet_leaf_121_clk_i_regs,106.8µm
clknet_leaf_12_i_core_v_mini_mcu.cpu_subsystem_i.cpu_0_0.clk_i,106.8µm
i_core_v_mini_mcu.peripheral_slave_resp\[0\],106.7µm
net47,106.7µm
clknet_leaf_142_clk_i_regs,106.7µm
clknet_leaf_53_i_core_v_mini_mcu.peripheral_subsystem_i.clk_cg,106.7µm
_16393_,106.65µm
_23243_,106.65µm
clknet_leaf_5_clk_i_regs,106.65µm
_20489_,106.6µm
_20826_,106.55µm
_21487_,106.55µm
i_core_v_mini_mcu.ao_peripheral_subsystem_i.clint_mtime_o\[40\],106.55µm
clknet_leaf_7_clk_i_regs,106.55µm
clknet_leaf_123_i_core_v_mini_mcu.cpu_subsystem_i.cpu_1_0.clk_i,106.55µm
_05822_,106.5µm
_10392_,106.5µm
_23387_,106.5µm
_06012_,106.45µm
_10394_,106.45µm
_11232_,106.45µm
_11537_,106.45µm
_14105_,106.45µm
_19439_,106.45µm
i_core_v_mini_mcu.ao_peripheral_subsystem_i.tdu_i.task_mem\[3\]\[26\],106.45µm
net652,106.45µm
net1651,106.45µm
_07607_,106.4µm
_16987_,106.4µm
_23399_,106.4µm
_27185_,106.4µm
i_core_v_mini_mcu.memory_subsystem_i.ram0_i.tc_ram_i.sram\[17\]\[13\],106.4µm
net475,106.4µm
_19110_,106.37µm
_23134_,106.24µm
_19354_,106.19µm
clknet_leaf_33_i_core_v_mini_mcu.cpu_subsystem_i.cpu_1_0.clk_i,106.14µm
clknet_leaf_136_i_core_v_mini_mcu.cpu_subsystem_i.cpu_0_0.clk_i,106.14µm
_09337_,106.09µm
_19336_,106.09µm
clknet_leaf_54_i_core_v_mini_mcu.cpu_subsystem_i.cpu_1_0.clk_i,106.09µm
_21500_,106.04µm
_06010_,105.99µm
_09153_,105.99µm
i_core_v_mini_mcu.ao_peripheral_subsystem_i.tdu_i.active_hart_cycles_q\[10\],105.99µm
_05814_,105.94µm
_10546_,105.94µm
i_core_v_mini_mcu.ao_peripheral_subsystem_i.mosaic_clint_i.mtimecmp_q\[100\],105.94µm
net420,105.94µm
net564,105.94µm
net1739,105.94µm
clknet_leaf_0_i_core_v_mini_mcu.cpu_subsystem_i.cpu_1_0.clk_i,105.94µm
_07458_,105.89µm
_07847_,105.89µm
_10518_,105.89µm
_10579_,105.89µm
_13801_,105.89µm
_20493_,105.89µm
_27180_,105.89µm
_28065_,105.89µm
i_core_v_mini_mcu.ao_peripheral_slave_resp\[20\],105.89µm
_18318_,105.84µm
_25085_,105.84µm
_22665_,105.58µm
clknet_leaf_72_i_core_v_mini_mcu.cpu_subsystem_i.cpu_1_0.clk_i,105.58µm
_16355_,105.48µm
net1684,105.48µm
_08488_,105.43µm
_21608_,105.43µm
i_core_v_mini_mcu.core_data_req\[77\],105.43µm
i_core_v_mini_mcu.memory_subsystem_i.ram0_i.tc_ram_i.sram\[0\]\[11\],105.43µm
clknet_leaf_0_clk_i_regs,105.43µm
_08988_,105.38µm
_21015_,105.38µm
i_core_v_mini_mcu.core_data_req\[79\],105.38µm
i_core_v_mini_mcu.memory_subsystem_i.ram0_i.tc_ram_i.sram\[23\]\[23\],105.38µm
net1758,105.38µm
_28082_,105.34µm
_05703_,105.33µm
_08441_,105.33µm
_18436_,105.33µm
_21598_,105.33µm
i_core_v_mini_mcu.core_data_req\[96\],105.33µm
i_core_v_mini_mcu.cpu_subsystem_i.cpu_0_0.i_servile.cpu.bufreg2.i_bytecnt\[1\],105.33µm
i_core_v_mini_mcu.peripheral_subsystem_i.uart_i.uart_core.u_uart_txfifo.gen_normal_fifo.storage\[0\],105.33µm
clknet_leaf_26_i_core_v_mini_mcu.cpu_subsystem_i.cpu_0_0.clk_i,105.33µm
_07003_,105.28µm
_18634_,105.28µm
clknet_leaf_35_i_core_v_mini_mcu.cpu_subsystem_i.cpu_0_0.clk_i,105.07µm
_26300_,105.02µm
clknet_leaf_109_i_core_v_mini_mcu.cpu_subsystem_i.cpu_0_0.clk_i,105.02µm
_25290_,105µm
_23513_,104.97µm
clknet_leaf_14_i_core_v_mini_mcu.peripheral_subsystem_i.clk_cg,104.97µm
net66,104.92µm
clknet_leaf_21_clk_i_regs,104.92µm
clknet_leaf_133_i_core_v_mini_mcu.cpu_subsystem_i.cpu_0_0.clk_i,104.92µm
_06801_,104.87µm
_12310_,104.87µm
_14023_,104.87µm
_21437_,104.87µm
_27926_,104.87µm
i_core_v_mini_mcu.memory_subsystem_i.ram0_i.tc_ram_i.sram\[31\]\[9\],104.87µm
net128,104.87µm
clknet_leaf_81_i_core_v_mini_mcu.cpu_subsystem_i.cpu_0_0.clk_i,104.87µm
_06782_,104.82µm
_18402_,104.82µm
_18484_,104.82µm
_27435_,104.82µm
i_core_v_mini_mcu.ao_peripheral_subsystem_i.soc_ctrl_i.reg2hw\[35\],104.82µm
i_core_v_mini_mcu.ao_peripheral_subsystem_i.tdu_i.task_mem\[1\]\[30\],104.82µm
_25394_,104.78µm
_10874_,104.77µm
_13973_,104.77µm
i_core_v_mini_mcu.cpu_subsystem_i.cpu_1_0.rf_ram_i.memory\[47\]\[1\],104.77µm
_14849_,104.72µm
_20250_,104.72µm
_23548_,104.72µm
_08857_,104.59µm
_26893_,104.53µm
_06958_,104.46µm
i_core_v_mini_mcu.core_data_req\[98\],104.41µm
net1593,104.36µm
_05447_,104.31µm
_06423_,104.31µm
net1697,104.31µm
clknet_leaf_91_i_core_v_mini_mcu.cpu_subsystem_i.cpu_1_0.clk_i,104.31µm
clknet_leaf_158_i_core_v_mini_mcu.cpu_subsystem_i.cpu_1_0.clk_i,104.31µm
_08341_,104.26µm
_10158_,104.26µm
_21429_,104.26µm
_19278_,104.23µm
_08102_,104.21µm
_08534_,104.21µm
_09895_,104.21µm
_12752_,104.21µm
_26886_,104.21µm
_27261_,104.21µm
i_core_v_mini_mcu.ao_peripheral_subsystem_i.clint_mtime_o\[31\],104.21µm
_07275_,104.16µm
_12923_,104.16µm
_20331_,104.16µm
_23279_,104.16µm
_25702_,104.16µm
i_core_v_mini_mcu.cpu_subsystem_i.cpu_0_0.rf_ram_i.memory\[462\]\[0\],104.16µm
net378,104.16µm
net548,104.16µm
_18162_,103.98µm
_27461_,103.95µm
_18886_,103.85µm
_27710_,103.85µm
i_core_v_mini_mcu.ao_peripheral_subsystem_i.spi_subsystem_i.obi_spimemio_i.spimemio_i.xfer.xfer_ddr,103.85µm
net1495,103.85µm
clknet_leaf_69_i_core_v_mini_mcu.cpu_subsystem_i.cpu_1_0.clk_i,103.85µm
net2097,103.85µm
_20453_,103.83µm
_10578_,103.8µm
_27977_,103.8µm
net115,103.8µm
net1812,103.8µm
clknet_leaf_18_i_core_v_mini_mcu.cpu_subsystem_i.cpu_1_0.clk_i,103.76µm
net72,103.75µm
_07310_,103.7µm
_07535_,103.7µm
_09240_,103.7µm
_10065_,103.7µm
_20056_,103.7µm
_21135_,103.7µm
_22486_,103.7µm
net1941,103.7µm
_05695_,103.65µm
_06185_,103.65µm
_06974_,103.65µm
_20304_,103.65µm
_23126_,103.65µm
_25086_,103.65µm
net944,103.65µm
_15669_,103.6µm
_23575_,103.6µm
_24431_,103.6µm
_26348_,103.6µm
_26707_,103.6µm
i_core_v_mini_mcu.ao_peripheral_subsystem_i.power_manager_i.power_manager_reg_top_i.monitor_power_gate_core_qs\[0\],103.6µm
_06897_,103.49µm
status_o[0],103.46µm
i_core_v_mini_mcu.peripheral_subsystem_i.uart_i.reg2hw\[19\],103.42µm
clknet_leaf_132_clk_i_regs,103.39µm
clknet_leaf_59_i_core_v_mini_mcu.peripheral_subsystem_i.clk_cg,103.39µm
_08756_,103.29µm
_18580_,103.29µm
i_core_v_mini_mcu.ao_peripheral_subsystem_i.spi_subsystem_i.obi_spimemio_i.spimemio_i.xfer.next_fetch,103.24µm
clknet_leaf_134_i_core_v_mini_mcu.cpu_subsystem_i.cpu_1_0.clk_i,103.24µm
_05668_,103.19µm
_12312_,103.19µm
_19449_,103.19µm
i_core_v_mini_mcu.peripheral_subsystem_i.uart_i.reg2hw\[16\],103.19µm
_11084_,103.14µm
_12126_,103.14µm
_19041_,103.14µm
i_core_v_mini_mcu.ao_peripheral_subsystem_i.power_manager_i.power_manager_reg_top_i.cpu_iso_on_counter_qs\[14\],103.14µm
i_core_v_mini_mcu.cpu_subsystem_i.cpu_1_0.rf_ram_i.memory\[2\]\[1\],103.14µm
net1594,103.14µm
_07807_,103.09µm
_27431_,103.09µm
clknet_leaf_24_i_core_v_mini_mcu.peripheral_subsystem_i.clk_cg,103.09µm
_12111_,103.04µm
_12477_,103.04µm
_18301_,103.04µm
_18750_,103.04µm
_19098_,103.04µm
_20577_,103.04µm
_28072_,103.04µm
i_core_v_mini_mcu.ao_peripheral_subsystem_i.spi_subsystem_i.obi_spimemio_i.obi_to_picorv32_i.obi_resp_o\[24\],103.04µm
_09446_,102.86µm
_20253_,102.73µm
_22786_,102.73µm
i_core_v_mini_mcu.ao_peripheral_subsystem_i.clint_mtime_o\[28\],102.73µm
net2112,102.73µm
_06537_,102.68µm
clknet_leaf_15_i_core_v_mini_mcu.cpu_subsystem_i.cpu_1_0.clk_i,102.68µm
_06456_,102.63µm
net549,102.63µm
_07047_,102.58µm
_07577_,102.58µm
_07781_,102.58µm
_20445_,102.58µm
_21367_,102.58µm
net1811,102.58µm
_10548_,102.53µm
_12215_,102.53µm
_14424_,102.53µm
i_core_v_mini_mcu.ao_peripheral_subsystem_i.tdu_i.task_mem\[5\]\[16\],102.53µm
net394,102.53µm
_08215_,102.48µm
_19074_,102.48µm
_20334_,102.48µm
_24203_,102.48µm
clknet_leaf_73_i_core_v_mini_mcu.cpu_subsystem_i.cpu_0_0.clk_i,102.4µm
net1629,102.22µm
clknet_leaf_18_i_core_v_mini_mcu.peripheral_subsystem_i.clk_cg,102.22µm
net2012,102.22µm
clknet_leaf_15_i_core_v_mini_mcu.peripheral_subsystem_i.clk_cg,102.12µm
clknet_leaf_58_i_core_v_mini_mcu.cpu_subsystem_i.cpu_1_0.clk_i,102.12µm
_21720_,102.07µm
clknet_leaf_78_i_core_v_mini_mcu.cpu_subsystem_i.cpu_0_0.clk_i,102.07µm
_19034_,102.03µm
_07138_,102.02µm
_27698_,102.02µm
_07326_,101.97µm
_07920_,101.97µm
_13961_,101.97µm
_24804_,101.97µm
i_core_v_mini_mcu.ao_peripheral_subsystem_i.power_manager_i.power_manager_reg_top_i.en_wait_for_intr_qs\[27\],101.97µm
net499,101.97µm
net569,101.97µm
_11072_,101.92µm
net14,101.92µm
_20569_,101.66µm
net1647,101.66µm
clknet_leaf_41_i_core_v_mini_mcu.peripheral_subsystem_i.clk_cg,101.66µm
_18230_,101.61µm
_07295_,101.56µm
_10127_,101.56µm
net2096,101.56µm
_05949_,101.51µm
_06657_,101.51µm
_09239_,101.51µm
_17722_,101.51µm
net131,101.51µm
_06802_,101.46µm
i_core_v_mini_mcu.memory_subsystem_i.ram0_i.tc_ram_i.sram\[17\]\[10\],101.46µm
net430,101.46µm
clknet_leaf_139_i_core_v_mini_mcu.cpu_subsystem_i.cpu_1_0.clk_i,101.46µm
clknet_leaf_168_i_core_v_mini_mcu.cpu_subsystem_i.cpu_1_0.clk_i,101.46µm
_20714_,101.41µm
i_core_v_mini_mcu.cpu_subsystem_i.cpu_0_0.i_servile.cpu.bufreg.i_rs1_en,101.41µm
net551,101.41µm
_10109_,101.36µm
_18380_,101.36µm
_18975_,101.36µm
_26117_,101.36µm
i_core_v_mini_mcu.ao_peripheral_subsystem_i.power_manager_i.power_manager_reg_top_i.cpu_switch_off_counter_qs\[3\],101.36µm
i_core_v_mini_mcu.cpu_subsystem_i.cpu_0_0.i_servile.cpu.csr_mstatus_en,101.36µm
net525,101.36µm
_15504_,101.24µm
net1275,101.2µm
i_core_v_mini_mcu.ao_peripheral_subsystem_i.obi_fifo_i.consumer_data_req\[25\],101.18µm
net194,101.08µm
_05806_,101.05µm
_22814_,101µm
clknet_leaf_118_i_core_v_mini_mcu.cpu_subsystem_i.cpu_1_0.clk_i,101µm
_27390_,100.95µm
i_core_v_mini_mcu.ao_peripheral_subsystem_i.clint_mtime_o\[23\],100.95µm
i_core_v_mini_mcu.peripheral_slave_resp\[25\],100.95µm
net162,100.95µm
clknet_leaf_47_clk_i_regs,100.95µm
_07034_,100.9µm
_07184_,100.9µm
_10151_,100.9µm
_21727_,100.9µm
exit_value_int\[1\],100.9µm
i_core_v_mini_mcu.ao_peripheral_subsystem_i.soc_ctrl_i.reg2hw\[18\],100.9µm
i_core_v_mini_mcu.cpu_subsystem_i.cpu_0_0.i_servile.o_rf_raddr\[0\],100.9µm
i_core_v_mini_mcu.cpu_subsystem_i.cpu_0_0.rf_ram_i.memory\[17\]\[1\],100.9µm
net519,100.9µm
clknet_leaf_116_clk_i_regs,100.9µm
clknet_leaf_12_i_core_v_mini_mcu.peripheral_subsystem_i.clk_cg,100.9µm
_07919_,100.85µm
_26221_,100.85µm
_27597_,100.85µm
i_core_v_mini_mcu.core_data_req\[92\],100.85µm
net364,100.85µm
net523,100.85µm
clknet_leaf_135_i_core_v_mini_mcu.cpu_subsystem_i.cpu_1_0.clk_i,100.85µm
clknet_leaf_50_i_core_v_mini_mcu.cpu_subsystem_i.cpu_1_0.clk_i,100.81µm
_07823_,100.8µm
_11919_,100.8µm
_18355_,100.8µm
_18977_,100.8µm
_24974_,100.8µm
net1269,100.54µm
_06276_,100.49µm
net140,100.49µm
clknet_leaf_50_i_core_v_mini_mcu.peripheral_subsystem_i.clk_cg,100.49µm
net120,100.44µm
clknet_leaf_0_i_core_v_mini_mcu.peripheral_subsystem_i.clk_cg,100.44µm
clknet_leaf_44_i_core_v_mini_mcu.peripheral_subsystem_i.clk_cg,100.44µm
clknet_leaf_1_i_core_v_mini_mcu.cpu_subsystem_i.cpu_1_0.clk_i,100.44µm
_11864_,100.39µm
i_core_v_mini_mcu.ao_peripheral_subsystem_i.tdu_i.task_mem\[3\]\[22\],100.39µm
net1271,100.39µm
net2091,100.39µm
_08106_,100.34µm
i_core_v_mini_mcu.peripheral_subsystem_i.uart_i.uart_core.rx_timeout_count_q\[0\],100.34µm
i_core_v_mini_mcu.peripheral_subsystem_i.uart_i.uart_core.u_uart_txfifo.gen_normal_fifo.storage\[27\],100.29µm
_06462_,100.24µm
_07060_,100.24µm
_13626_,100.24µm
_23950_,100.24µm
net254,100.24µm
net596,100.24µm
i_core_v_mini_mcu.peripheral_subsystem_i.uart_i.uart_core.rx_valid,100.06µm
clknet_leaf_155_i_core_v_mini_mcu.cpu_subsystem_i.cpu_1_0.clk_i,99.98µm
_06541_,99.93µm
_17666_,99.93µm
_18154_,99.93µm
_24250_,99.88µm
net529,99.88µm
_07133_,99.83µm
_20793_,99.83µm
_23610_,99.83µm
net1610,99.83µm
_09638_,99.78µm
_10430_,99.78µm
_12247_,99.78µm
_23136_,99.78µm
_26734_,99.78µm
_27831_,99.78µm
i_core_v_mini_mcu.ao_peripheral_subsystem_i.obi_fifo_i.consumer_data_req\[45\],99.78µm
i_core_v_mini_mcu.core_data_req\[82\],99.78µm
clknet_leaf_10_i_core_v_mini_mcu.cpu_subsystem_i.cpu_1_0.clk_i,99.78µm
_05622_,99.73µm
_07403_,99.73µm
_10103_,99.73µm
_20380_,99.73µm
_23582_,99.73µm
_24402_,99.73µm
_26294_,99.73µm
i_core_v_mini_mcu.memory_subsystem_i.ram0_i.tc_ram_i.sram\[21\]\[31\],99.73µm
_07836_,99.68µm
_12329_,99.68µm
_24233_,99.68µm
_25986_,99.68µm
net145,99.68µm
net1541,99.68µm
i_core_v_mini_mcu.ao_peripheral_subsystem_i.mosaic_clint_i.mtimecmp_q\[118\],99.55µm
net62,99.47µm
net202,99.42µm
_06615_,99.32µm
_07071_,99.32µm
_07004_,99.27µm
_21545_,99.27µm
i_core_v_mini_mcu.memory_subsystem_i.ram0_i.rdata_o\[10\],99.27µm
clknet_leaf_36_i_core_v_mini_mcu.cpu_subsystem_i.cpu_1_0.clk_i,99.27µm
clknet_leaf_103_i_core_v_mini_mcu.cpu_subsystem_i.cpu_1_0.clk_i,99.27µm
clknet_leaf_15_i_core_v_mini_mcu.cpu_subsystem_i.cpu_0_0.clk_i,99.27µm
_20818_,99.24µm
_05650_,99.22µm
_07981_,99.22µm
_24081_,99.22µm
i_core_v_mini_mcu.memory_subsystem_i.ram0_i.tc_ram_i.sram\[9\]\[25\],99.22µm
_06873_,99.17µm
_13639_,99.17µm
_15926_,99.17µm
_19635_,99.17µm
_24953_,99.17µm
_07492_,99.12µm
_14793_,99.12µm
_24464_,99.12µm
_26144_,99.12µm
i_core_v_mini_mcu.ao_peripheral_subsystem_i.periph_to_reg_i.r_rdata_d\[28\],99.12µm
_05903_,98.91µm
_08724_,98.81µm
_08521_,98.76µm
exit_value_int\[0\],98.76µm
net1842,98.76µm
_06445_,98.71µm
_09394_,98.71µm
i_core_v_mini_mcu.ao_peripheral_subsystem_i.power_manager_i.power_manager_reg_top_i.cpu_iso_on_counter_qs\[9\],98.71µm
i_core_v_mini_mcu.ao_peripheral_subsystem_i.power_manager_i.power_manager_reg_top_i.en_wait_for_intr_qs\[9\],98.71µm
_07055_,98.69µm
_08990_,98.66µm
_13998_,98.66µm
_22828_,98.66µm
_24696_,98.66µm
i_core_v_mini_mcu.ao_peripheral_subsystem_i.power_manager_i.power_manager_reg_top_i.cpu_reset_deassert_counter_qs\[13\],98.66µm
i_core_v_mini_mcu.core_data_req\[85\],98.66µm
_05553_,98.61µm
_09598_,98.61µm
_10128_,98.61µm
_13391_,98.61µm
i_core_v_mini_mcu.ao_peripheral_subsystem_i.obi_fifo_i.consumer_data_req\[31\],98.61µm
i_core_v_mini_mcu.ao_peripheral_subsystem_i.power_manager_i.power_manager_reg_top_i.en_wait_for_intr_qs\[29\],98.61µm
i_core_v_mini_mcu.cpu_subsystem_i.cpu_0_0.i_servile.cpu.o_wdata0,98.61µm
net495,98.61µm
net1902,98.61µm
clknet_leaf_56_i_core_v_mini_mcu.peripheral_subsystem_i.clk_cg,98.61µm
_06052_,98.56µm
_07668_,98.56µm
_14266_,98.56µm
_24767_,98.56µm
exit_value_int\[12\],98.56µm
net918,98.56µm
net1068,98.56µm
_06527_,98.4µm
clknet_leaf_36_i_core_v_mini_mcu.peripheral_subsystem_i.clk_cg,98.35µm
i_core_v_mini_mcu.cpu_subsystem_i.core_run_1_0,98.33µm
_27999_,98.3µm
_22574_,98.25µm
clknet_leaf_30_i_core_v_mini_mcu.peripheral_subsystem_i.clk_cg,98.25µm
i_core_v_mini_mcu.ao_peripheral_subsystem_i.periph_to_reg_i.r_rdata_d\[26\],98.2µm
net1272,98.2µm
net1510,98.2µm
clknet_leaf_167_i_core_v_mini_mcu.cpu_subsystem_i.cpu_1_0.clk_i,98.2µm
_09451_,98.15µm
_18121_,98.15µm
_20215_,98.15µm
i_core_v_mini_mcu.ao_peripheral_subsystem_i.power_manager_i.power_manager_reg_top_i.en_wait_for_intr_qs\[14\],98.15µm
clknet_leaf_46_i_core_v_mini_mcu.cpu_subsystem_i.cpu_1_0.clk_i,98.15µm
_07852_,98.1µm
_26332_,98.1µm
net71,98.1µm
_07193_,98.05µm
_10673_,98.05µm
_14027_,98.05µm
_19312_,98.05µm
net648,98.05µm
net961,98.05µm
i_core_v_mini_mcu.cpu_subsystem_i.cpu_1_0.rf_ram_i.memory\[299\]\[1\],97.77µm
_16000_,97.69µm
i_core_v_mini_mcu.memory_subsystem_i.ram0_i.tc_ram_i.sram\[16\]\[13\],97.69µm
_07349_,97.64µm
_18550_,97.64µm
net1654,97.64µm
clknet_leaf_77_i_core_v_mini_mcu.cpu_subsystem_i.cpu_1_0.clk_i,97.64µm
_15501_,97.59µm
_19541_,97.59µm
_21729_,97.59µm
_22575_,97.59µm
_23317_,97.59µm
net197,97.59µm
clknet_leaf_127_i_core_v_mini_mcu.cpu_subsystem_i.cpu_1_0.clk_i,97.59µm
clknet_leaf_157_i_core_v_mini_mcu.cpu_subsystem_i.cpu_1_0.clk_i,97.59µm
_09545_,97.54µm
_20492_,97.54µm
i_core_v_mini_mcu.ao_peripheral_subsystem_i.mosaic_clint_i.mtimecmp_q\[52\],97.54µm
i_core_v_mini_mcu.ao_peripheral_subsystem_i.power_manager_i.power_manager_reg_top_i.en_wait_for_intr_qs\[11\],97.54µm
i_core_v_mini_mcu.core_data_req\[78\],97.54µm
clknet_leaf_143_i_core_v_mini_mcu.cpu_subsystem_i.cpu_1_0.clk_i,97.53µm
_06471_,97.49µm
_09661_,97.49µm
_23465_,97.49µm
i_core_v_mini_mcu.ao_peripheral_subsystem_i.tdu_i.task_mem\[7\]\[26\],97.49µm
_18241_,97.44µm
_24366_,97.44µm
_26603_,97.44µm
clknet_leaf_13_i_core_v_mini_mcu.peripheral_subsystem_i.clk_cg,97.28µm
i_core_v_mini_mcu.ao_peripheral_subsystem_i.obi_fifo_i.consumer_data_req\[39\],97.26µm
i_core_v_mini_mcu.ao_peripheral_subsystem_i.tdu_i.task_mem\[3\]\[7\],97.21µm
clknet_leaf_15_clk_i_regs,97.18µm
_21368_,97.13µm
_18130_,97.08µm
_15903_,97.03µm
_20010_,97.03µm
i_core_v_mini_mcu.ao_peripheral_subsystem_i.obi_fifo_i.consumer_data_req\[17\],97.03µm
clknet_leaf_25_i_core_v_mini_mcu.cpu_subsystem_i.cpu_0_0.clk_i,97.03µm
_05750_,96.98µm
_17018_,96.98µm
_21710_,96.98µm
_24499_,96.98µm
_24720_,96.98µm
_05443_,96.93µm
_17657_,96.93µm
_23301_,96.93µm
_25643_,96.93µm
_27993_,96.93µm
i_core_v_mini_mcu.ao_peripheral_subsystem_i.power_manager_i.power_manager_reg_top_i.cpu_reset_deassert_counter_qs\[15\],96.93µm
i_core_v_mini_mcu.ao_peripheral_subsystem_i.power_manager_i.power_manager_reg_top_i.monitor_power_gate_ram_block_0_qs\[0\],96.93µm
i_core_v_mini_mcu.cpu_subsystem_i.cpu_1_0.rf_ram_i.memory\[447\]\[1\],96.93µm
net196,96.93µm
net656,96.93µm
net1945,96.93µm
_07712_,96.88µm
net9,96.88µm
_10704_,96.67µm
_19767_,96.67µm
_24982_,96.6µm
i_core_v_mini_mcu.core_data_req\[83\],96.52µm
i_core_v_mini_mcu.peripheral_slave_resp\[2\],96.52µm
_08393_,96.47µm
_19418_,96.47µm
net1806,96.47µm
_05430_,96.42µm
_21745_,96.42µm
_23237_,96.42µm
i_core_v_mini_mcu.ao_peripheral_subsystem_i.power_manager_i.power_manager_reg_top_i.cpu_iso_on_counter_qs\[2\],96.42µm
clknet_leaf_22_i_core_v_mini_mcu.peripheral_subsystem_i.clk_cg,96.42µm
_07601_,96.37µm
_10284_,96.37µm
_17719_,96.37µm
_20330_,96.37µm
_20519_,96.37µm
_21017_,96.37µm
i_core_v_mini_mcu.ao_peripheral_subsystem_i.tdu_i.task_mem\[3\]\[21\],96.37µm
_11196_,96.32µm
_07729_,96.18µm
net632,96.11µm
clknet_leaf_52_i_core_v_mini_mcu.peripheral_subsystem_i.clk_cg,96.06µm
_19207_,96.01µm
net87,96.01µm
net917,95.96µm
i_core_v_mini_mcu.ao_peripheral_subsystem_i.spi_subsystem_i.obi_spimemio_i.spimemio_i.state\[9\],95.91µm
clknet_leaf_17_clk_i_regs,95.91µm
clknet_leaf_11_i_core_v_mini_mcu.cpu_subsystem_i.cpu_1_0.clk_i,95.91µm
_08901_,95.86µm
_19217_,95.86µm
_20350_,95.86µm
_20457_,95.86µm
_23116_,95.86µm
_27183_,95.86µm
i_core_v_mini_mcu.ao_peripheral_subsystem_i.power_manager_i.power_manager_reg_top_i.en_wait_for_intr_qs\[22\],95.86µm
i_core_v_mini_mcu.ao_peripheral_subsystem_i.soc_ctrl_i.soc_ctrl_reg_top_i.system_frequency_hz_qs\[13\],95.86µm
net352,95.86µm
net1627,95.86µm
_19063_,95.81µm
_22898_,95.81µm
_25396_,95.81µm
_25984_,95.81µm
_05757_,95.76µm
_20444_,95.76µm
_22560_,95.76µm
_27134_,95.76µm
_27779_,95.76µm
_28013_,95.76µm
i_core_v_mini_mcu.cpu_subsystem_i.cpu_0_0.i_servile.cpu.alu.i_rd_sel\[1\],95.76µm
i_core_v_mini_mcu.cpu_subsystem_i.cpu_0_0.rf_ram_i.memory\[466\]\[0\],95.76µm
net467,95.76µm
clknet_leaf_60_i_core_v_mini_mcu.peripheral_subsystem_i.clk_cg,95.76µm
clknet_leaf_116_i_core_v_mini_mcu.cpu_subsystem_i.cpu_1_0.clk_i,95.76µm
clknet_leaf_23_i_core_v_mini_mcu.cpu_subsystem_i.cpu_1_0.clk_i,95.5µm
net103,95.45µm
i_core_v_mini_mcu.ao_peripheral_subsystem_i.clint_mtime_o\[47\],95.4µm
clknet_leaf_26_i_core_v_mini_mcu.peripheral_subsystem_i.clk_cg,95.4µm
net2116,95.4µm
_08187_,95.35µm
_11715_,95.35µm
_12165_,95.35µm
i_core_v_mini_mcu.ao_peripheral_subsystem_i.obi_fifo_i.consumer_data_req\[48\],95.35µm
clknet_leaf_135_i_core_v_mini_mcu.cpu_subsystem_i.cpu_0_0.clk_i,95.35µm
_07049_,95.3µm
_09565_,95.3µm
_13245_,95.3µm
_21327_,95.3µm
i_core_v_mini_mcu.ao_peripheral_subsystem_i.power_manager_i.power_manager_reg_top_i.cpu_reset_assert_counter_qs\[6\],95.3µm
_07869_,95.25µm
_09040_,95.25µm
net376,95.25µm
_07955_,95.2µm
_13582_,95.2µm
i_core_v_mini_mcu.memory_subsystem_i.ram0_i.tc_ram_i.sram\[17\]\[26\],95.2µm
_09058_,95.12µm
_19983_,95.04µm
i_core_v_mini_mcu.ao_peripheral_subsystem_i.power_manager_i.power_manager_reg_top_i.en_wait_for_intr_qs\[28\],94.92µm
_12208_,94.84µm
i_core_v_mini_mcu.ao_peripheral_subsystem_i.mosaic_clint_i.mtimecmp_q\[111\],94.79µm
i_core_v_mini_mcu.ao_peripheral_subsystem_i.tdu_i.task_mem\[7\]\[7\],94.79µm
net111,94.79µm
clknet_leaf_10_i_core_v_mini_mcu.peripheral_subsystem_i.clk_cg,94.79µm
_27090_,94.77µm
_19136_,94.74µm
clknet_leaf_78_i_core_v_mini_mcu.cpu_subsystem_i.cpu_1_0.clk_i,94.74µm
_05769_,94.69µm
_06337_,94.69µm
_08184_,94.69µm
_25295_,94.69µm
i_core_v_mini_mcu.ao_peripheral_subsystem_i.tdu_i.task_mem\[4\]\[28\],94.69µm
clknet_leaf_73_i_core_v_mini_mcu.cpu_subsystem_i.cpu_1_0.clk_i,94.69µm
_05469_,94.64µm
_07429_,94.64µm
_11125_,94.64µm
_14430_,94.64µm
_17631_,94.64µm
_19093_,94.64µm
_19929_,94.64µm
_22800_,94.64µm
_13075_,94.48µm
clknet_leaf_41_i_core_v_mini_mcu.cpu_subsystem_i.cpu_1_0.clk_i,94.38µm
i_core_v_mini_mcu.ao_peripheral_subsystem_i.clint_mtime_o\[61\],94.33µm
_08916_,94.28µm
i_core_v_mini_mcu.ao_peripheral_subsystem_i.tdu_i.task_mem\[3\]\[20\],94.28µm
clknet_leaf_104_clk_i_regs,94.28µm
clknet_leaf_25_i_core_v_mini_mcu.peripheral_subsystem_i.clk_cg,94.28µm
_06819_,94.23µm
_16867_,94.23µm
_18371_,94.23µm
_20328_,94.23µm
_20526_,94.23µm
i_core_v_mini_mcu.ao_peripheral_subsystem_i.clint_mtime_o\[46\],94.23µm
i_core_v_mini_mcu.core_data_req\[84\],94.23µm
i_core_v_mini_mcu.memory_subsystem_i.ram0_i.tc_ram_i.sram\[0\]\[9\],94.23µm
net946,94.23µm
_06370_,94.18µm
_11040_,94.18µm
_14004_,94.18µm
i_core_v_mini_mcu.ao_peripheral_subsystem_i.tdu_i.task_mem\[5\]\[15\],94.18µm
i_core_v_mini_mcu.memory_subsystem_i.ram0_i.tc_ram_i.sram\[21\]\[19\],94.18µm
net159,94.18µm
net462,94.18µm
net1776,94.18µm
_07785_,94.13µm
_08300_,94.13µm
_11064_,94.13µm
_26755_,94.13µm
i_core_v_mini_mcu.memory_subsystem_i.ram0_i.tc_ram_i.sram\[0\]\[15\],94.13µm
clknet_leaf_163_i_core_v_mini_mcu.cpu_subsystem_i.cpu_1_0.clk_i,94.13µm
_05466_,94.08µm
_07058_,94.08µm
_07460_,94.08µm
_09203_,94.08µm
_13695_,94.08µm
net426,94.08µm
_14566_,93.92µm
i_core_v_mini_mcu.ao_peripheral_subsystem_i.obi_fifo_i.consumer_data_req\[30\],93.85µm
_22781_,93.82µm
clknet_leaf_85_i_core_v_mini_mcu.cpu_subsystem_i.cpu_1_0.clk_i,93.82µm
_16983_,93.77µm
net737,93.77µm
net1070,93.77µm
_18922_,93.72µm
_21555_,93.72µm
_22097_,93.72µm
clknet_leaf_107_clk_i_regs,93.72µm
_06018_,93.67µm
_07438_,93.67µm
_19135_,93.67µm
i_core_v_mini_mcu.ao_peripheral_subsystem_i.obi_fifo_i.consumer_data_req\[18\],93.67µm
i_core_v_mini_mcu.memory_subsystem_i.ram0_i.tc_ram_i.sram\[16\]\[29\],93.67µm
i_core_v_mini_mcu.peripheral_subsystem_i.uart_i.reg2hw\[4\],93.67µm
net489,93.67µm
net1754,93.67µm
clknet_leaf_146_i_core_v_mini_mcu.cpu_subsystem_i.cpu_1_0.clk_i,93.67µm
_12336_,93.62µm
_15131_,93.62µm
_17178_,93.62µm
net522,93.62µm
_08954_,93.61µm
_14101_,93.57µm
_15750_,93.57µm
_25758_,93.57µm
_26190_,93.57µm
_27694_,93.57µm
_06700_,93.52µm
_13248_,93.52µm
_16322_,93.52µm
_21260_,93.52µm
i_core_v_mini_mcu.memory_subsystem_i.ram0_i.tc_ram_i.sram\[23\]\[11\],93.52µm
net428,93.52µm
net1268,93.49µm
_07454_,93.36µm
_08310_,93.24µm
_06809_,93.21µm
net558,93.21µm
net957,93.21µm
net1803,93.21µm
_07662_,93.11µm
_08457_,93.11µm
_14072_,93.11µm
_15756_,93.11µm
i_core_v_mini_mcu.memory_subsystem_i.ram0_i.tc_ram_i.sram\[23\]\[17\],93.11µm
i_core_v_mini_mcu.peripheral_subsystem_i.uart_i.uart_core.u_uart_txfifo.gen_normal_fifo.storage\[31\],93.11µm
_14466_,93.06µm
_15686_,93.06µm
_17737_,93.06µm
_25595_,93.06µm
i_core_v_mini_mcu.ao_peripheral_subsystem_i.power_manager_i.power_manager_reg_top_i.en_wait_for_intr_qs\[18\],93.06µm
clknet_leaf_128_i_core_v_mini_mcu.cpu_subsystem_i.cpu_0_0.clk_i,93.06µm
_05426_,93.01µm
_07665_,93.01µm
_11192_,93.01µm
_18830_,93.01µm
_21338_,93.01µm
_26607_,93.01µm
i_core_v_mini_mcu.ao_peripheral_subsystem_i.obi_fifo_i.consumer_data_req\[1\],93.01µm
i_core_v_mini_mcu.cpu_subsystem_i.cpu_0_0.rf_ram_i.memory\[460\]\[0\],93.01µm
net2005,93.01µm
_21410_,92.96µm
_27591_,92.96µm
i_core_v_mini_mcu.memory_subsystem_i.ram0_i.tc_ram_i.sram\[23\]\[12\],92.96µm
net442,92.96µm
net1046,92.96µm
_24086_,92.68µm
clknet_leaf_103_clk_i_regs,92.6µm
_05865_,92.55µm
_10332_,92.5µm
_14316_,92.5µm
_17909_,92.5µm
_24554_,92.5µm
i_core_v_mini_mcu.ao_peripheral_subsystem_i.power_manager_i.power_manager_reg_top_i.master_cpu_force_reset_deassert_qs,92.5µm
net439,92.5µm
net1281,92.5µm
_05654_,92.45µm
_06951_,92.45µm
_08345_,92.45µm
_20443_,92.45µm
_22199_,92.45µm
_23154_,92.45µm
net191,92.45µm
net559,92.45µm
net779,92.45µm
_07382_,92.4µm
_07771_,92.4µm
_18395_,92.4µm
_20885_,92.4µm
_21071_,92.4µm
_25352_,92.4µm
i_core_v_mini_mcu.cpu_subsystem_i.cpu_1_0.i_servile.cpu.bufreg2.i_bytecnt\[0\],92.4µm
i_core_v_mini_mcu.ao_peripheral_subsystem_i.tdu_i.task_mem\[7\]\[25\],92.27µm
_08558_,92.22µm
_19604_,92.04µm
_20333_,91.99µm
_25187_,91.99µm
_27394_,91.99µm
net1592,91.99µm
_06792_,91.94µm
_17324_,91.94µm
_19082_,91.94µm
net1521,91.94µm
_07355_,91.89µm
_08874_,91.89µm
_09157_,91.89µm
_10543_,91.89µm
_18728_,91.89µm
_18941_,91.89µm
_19717_,91.89µm
net967,91.89µm
_05657_,91.84µm
_10563_,91.84µm
_20432_,91.84µm
_20658_,91.58µm
clknet_leaf_104_i_core_v_mini_mcu.cpu_subsystem_i.cpu_1_0.clk_i,91.58µm
_08655_,91.48µm
_19583_,91.48µm
_27535_,91.48µm
clknet_leaf_51_i_core_v_mini_mcu.peripheral_subsystem_i.clk_cg,91.48µm
_20520_,91.43µm
_22858_,91.43µm
clknet_leaf_130_i_core_v_mini_mcu.cpu_subsystem_i.cpu_1_0.clk_i,91.43µm
_05420_,91.38µm
_10085_,91.38µm
_12594_,91.38µm
_20158_,91.38µm
i_core_v_mini_mcu.ao_peripheral_subsystem_i.obi_fifo_i.consumer_data_req\[41\],91.38µm
net1687,91.38µm
clknet_leaf_156_i_core_v_mini_mcu.cpu_subsystem_i.cpu_1_0.clk_i,91.38µm
_06650_,91.33µm
_07337_,91.33µm
_07652_,91.28µm
_10537_,91.28µm
_13642_,91.28µm
_18749_,91.28µm
_19060_,91.28µm
_26217_,91.28µm
i_core_v_mini_mcu.ao_peripheral_subsystem_i.tdu_i.task_mem\[5\]\[6\],91.28µm
clknet_leaf_111_i_core_v_mini_mcu.cpu_subsystem_i.cpu_1_0.clk_i,91.28µm
_22862_,91.22µm
_09326_,91.1µm
_07658_,91.08µm
clknet_leaf_119_i_core_v_mini_mcu.cpu_subsystem_i.cpu_1_0.clk_i,90.97µm
i_core_v_mini_mcu.memory_subsystem_i.ram0_i.tc_ram_i.sram\[22\]\[26\],90.91µm
_05850_,90.82µm
_06804_,90.82µm
_20660_,90.82µm
_27434_,90.82µm
_07498_,90.77µm
_08299_,90.77µm
i_core_v_mini_mcu.ao_peripheral_subsystem_i.spi_subsystem_i.obi_spimemio_i.obi_to_picorv32_i.obi_resp_o\[27\],90.77µm
i_core_v_mini_mcu.peripheral_subsystem_i.obi_fifo_i.consumer_data_req\[7\],90.77µm
_14931_,90.72µm
_16539_,90.72µm
_21540_,90.72µm
_22801_,90.72µm
_27785_,90.72µm
_21131_,90.59µm
_09264_,90.54µm
clknet_leaf_141_i_core_v_mini_mcu.cpu_subsystem_i.cpu_0_0.clk_i,90.41µm
_12319_,90.31µm
_14102_,90.31µm
i_core_v_mini_mcu.ao_peripheral_subsystem_i.clint_mtime_o\[24\],90.31µm
net1552,90.31µm
clknet_leaf_43_i_core_v_mini_mcu.peripheral_subsystem_i.clk_cg,90.31µm
clknet_leaf_30_i_core_v_mini_mcu.cpu_subsystem_i.cpu_1_0.clk_i,90.31µm
clknet_leaf_154_i_core_v_mini_mcu.cpu_subsystem_i.cpu_1_0.clk_i,90.31µm
i_core_v_mini_mcu.core_data_req\[71\],90.26µm
net97,90.26µm
net1483,90.26µm
net1752,90.26µm
clknet_leaf_22_i_core_v_mini_mcu.cpu_subsystem_i.cpu_1_0.clk_i,90.26µm
_09911_,90.21µm
_14167_,90.21µm
_14928_,90.21µm
_21687_,90.21µm
_26216_,90.21µm
i_core_v_mini_mcu.core_data_req\[20\],90.21µm
i_core_v_mini_mcu.system_bus_i.system_xbar_i.gen_xbar_NtoM.i_xbar.gen_inputs\[1\].i_addr_dec_resp_mux.gen_several_outputs.bank_sel_q\[0\],90.21µm
net1790,90.21µm
clknet_leaf_35_i_core_v_mini_mcu.peripheral_subsystem_i.clk_cg,90.21µm
_18991_,90.19µm
_07842_,90.16µm
_07976_,90.16µm
_08340_,90.16µm
_08908_,90.16µm
_18392_,90.16µm
_25194_,89.98µm
_22433_,89.93µm
_18976_,89.92µm
_26297_,89.9µm
_09668_,89.85µm
i_core_v_mini_mcu.peripheral_subsystem_i.uart_i.reg2hw\[24\],89.85µm
net80,89.85µm
clknet_leaf_119_i_core_v_mini_mcu.cpu_subsystem_i.cpu_0_0.clk_i,89.85µm
_07128_,89.75µm
_24139_,89.75µm
_21506_,89.7µm
i_core_v_mini_mcu.ao_peripheral_subsystem_i.mosaic_clint_i.mtimecmp_q\[101\],89.7µm
i_core_v_mini_mcu.peripheral_subsystem_i.uart_i.uart_core.rx_timeout_count_q\[16\],89.7µm
net252,89.7µm
_19017_,89.65µm
_19117_,89.65µm
_23538_,89.65µm
_25884_,89.65µm
i_core_v_mini_mcu.ao_peripheral_subsystem_i.tdu_i.task_mem\[2\]\[23\],89.65µm
i_core_v_mini_mcu.cpu_subsystem_i.cpu_0_0.i_servile.cpu.csr_mcause_en,89.65µm
i_core_v_mini_mcu.peripheral_subsystem_i.obi_fifo_i.consumer_data_req\[8\],89.65µm
i_core_v_mini_mcu.peripheral_subsystem_i.obi_fifo_i.consumer_data_req\[9\],89.65µm
net1045,89.65µm
_06824_,89.6µm
_07858_,89.6µm
_10769_,89.6µm
_21571_,89.6µm
i_core_v_mini_mcu.cpu_subsystem_i.cpu_1_0.rf_ram_i.memory\[441\]\[1\],89.6µm
i_core_v_mini_mcu.memory_subsystem_i.ram0_i.tc_ram_i.sram\[22\]\[30\],89.6µm
i_core_v_mini_mcu.peripheral_subsystem_i.uart_i.uart_core.u_uart_txfifo.gen_normal_fifo.storage\[8\],89.6µm
net436,89.6µm
_19624_,89.39µm
_15672_,89.38µm
_09193_,89.32µm
clknet_leaf_46_i_core_v_mini_mcu.peripheral_subsystem_i.clk_cg,89.29µm
_05546_,89.24µm
_07327_,89.24µm
_14291_,89.24µm
i_core_v_mini_mcu.ao_peripheral_subsystem_i.tdu_i.task_mem\[1\]\[11\],89.24µm
_05799_,89.14µm
_16083_,89.14µm
_21379_,89.14µm
_23181_,89.14µm
_23560_,89.14µm
_24067_,89.14µm
i_core_v_mini_mcu.ao_peripheral_subsystem_i.power_manager_i.power_manager_reg_top_i.cpu_switch_on_counter_qs\[15\],89.14µm
i_core_v_mini_mcu.peripheral_subsystem_i.uart_i.reg2hw\[22\],89.14µm
_06415_,89.09µm
_08289_,89.09µm
_11677_,89.09µm
_13290_,89.09µm
i_core_v_mini_mcu.ao_peripheral_subsystem_i.obi_fifo_i.consumer_data_req\[6\],89.09µm
net465,89.09µm
_00015_,89.04µm
_06818_,89.04µm
_07756_,89.04µm
i_core_v_mini_mcu.ao_peripheral_subsystem_i.obi_fifo_i.consumer_data_req\[49\],89.04µm
i_core_v_mini_mcu.ao_peripheral_subsystem_i.periph_to_reg_i.r_rdata_d\[10\],89.04µm
net930,89.04µm
_09173_,88.88µm
i_core_v_mini_mcu.ao_peripheral_subsystem_i.mosaic_clint_i.mtimecmp_q\[108\],88.88µm
_18410_,88.85µm
_22913_,88.83µm
_07244_,88.81µm
_25440_,88.81µm
_23225_,88.73µm
net962,88.73µm
_18186_,88.68µm
clknet_leaf_22_clk_i_regs,88.68µm
clknet_leaf_61_i_core_v_mini_mcu.peripheral_subsystem_i.clk_cg,88.68µm
_09118_,88.63µm
_09882_,88.63µm
_08230_,88.58µm
_10371_,88.58µm
_13986_,88.58µm
_14400_,88.58µm
_20670_,88.58µm
_21229_,88.58µm
_23271_,88.58µm
_23427_,88.58µm
i_core_v_mini_mcu.memory_subsystem_i.ram0_i.tc_ram_i.sram\[18\]\[15\],88.58µm
i_core_v_mini_mcu.peripheral_subsystem_i.uart_i.uart_core.rx_timeout_count_q\[20\],88.58µm
net1882,88.58µm
_10354_,88.53µm
_25591_,88.53µm
i_core_v_mini_mcu.memory_subsystem_i.ram0_i.tc_ram_i.sram\[16\]\[8\],88.53µm
_07285_,88.48µm
_11602_,88.48µm
_11884_,88.48µm
_12957_,88.48µm
_14659_,88.48µm
_23562_,88.48µm
_24985_,88.48µm
_25686_,88.48µm
i_core_v_mini_mcu.cpu_subsystem_i.cpu_1_0.rf_ram_i.memory\[424\]\[0\],88.48µm
i_core_v_mini_mcu.memory_subsystem_i.ram0_i.tc_ram_i.sram\[16\]\[17\],88.48µm
net411,88.48µm
clknet_leaf_52_i_core_v_mini_mcu.cpu_subsystem_i.cpu_1_0.clk_i,88.27µm
_16985_,88.17µm
_19248_,88.17µm
_06024_,88.12µm
_18076_,88.12µm
_19644_,88.12µm
i_core_v_mini_mcu.memory_subsystem_i.ram0_i.tc_ram_i.sram\[0\]\[30\],88.12µm
_17728_,88.09µm
_09676_,88.07µm
_23501_,88.07µm
net1635,88.07µm
clknet_leaf_20_clk_i_regs,88.07µm
_10176_,88.02µm
_14107_,88.02µm
_17746_,88.02µm
_17803_,88.02µm
_24407_,88.02µm
_25596_,88.02µm
_26283_,88.02µm
_26615_,88.02µm
i_core_v_mini_mcu.ao_peripheral_subsystem_i.power_manager_i.power_manager_reg_top_i.intr_state_qs\[22\],88.02µm
_07130_,87.97µm
_12007_,87.97µm
_12311_,87.97µm
_14019_,87.97µm
_20624_,87.97µm
_27991_,87.97µm
i_core_v_mini_mcu.ao_peripheral_subsystem_i.power_manager_i.power_manager_reg_top_i.cpu_reset_deassert_counter_qs\[14\],87.97µm
net1829,87.97µm
_16413_,87.92µm
_20049_,87.92µm
_20675_,87.92µm
_24062_,87.92µm
_25487_,87.74µm
_19125_,87.66µm
_27415_,87.66µm
_20817_,87.56µm
i_core_v_mini_mcu.ao_peripheral_subsystem_i.mosaic_clint_i.mtimecmp_q\[104\],87.56µm
i_core_v_mini_mcu.core_data_req\[28\],87.56µm
_06500_,87.51µm
_14439_,87.51µm
_16429_,87.51µm
_16892_,87.51µm
_18643_,87.51µm
_21691_,87.51µm
i_core_v_mini_mcu.ao_peripheral_subsystem_i.mosaic_clint_i.mtimecmp_q\[97\],87.51µm
clknet_leaf_13_i_core_v_mini_mcu.cpu_subsystem_i.cpu_1_0.clk_i,87.51µm
_06964_,87.46µm
_09989_,87.46µm
_18518_,87.46µm
_18644_,87.46µm
_21457_,87.46µm
_21477_,87.46µm
_21517_,87.46µm
_23372_,87.46µm
i_core_v_mini_mcu.ao_peripheral_subsystem_i.obi_fifo_i.consumer_data_req\[7\],87.46µm
i_core_v_mini_mcu.core_data_req\[29\],87.46µm
i_core_v_mini_mcu.peripheral_subsystem_i.uart_i.uart_core.rx_timeout_count_q\[7\],87.46µm
i_core_v_mini_mcu.peripheral_subsystem_i.uart_i.uart_core.uart_tx.sreg_q\[5\],87.46µm
_13591_,87.41µm
_14173_,87.41µm
_20522_,87.41µm
_25787_,87.41µm
i_core_v_mini_mcu.ao_peripheral_subsystem_i.power_manager_i.power_manager_reg_top_i.power_gate_core_ack_qs,87.41µm
i_core_v_mini_mcu.cpu_subsystem_i.cpu_0_0.rf_ram_i.memory\[463\]\[0\],87.41µm
i_core_v_mini_mcu.memory_subsystem_i.ram0_i.tc_ram_i.r_addr_q\[0\],87.41µm
i_core_v_mini_mcu.peripheral_subsystem_i.uart_i.uart_core.rx_timeout_count_q\[4\],87.41µm
_07046_,87.36µm
_13299_,87.36µm
_16352_,87.36µm
_18248_,87.36µm
_20387_,87.36µm
_24563_,87.36µm
_26423_,87.36µm
_26700_,87.36µm
i_core_v_mini_mcu.ao_peripheral_subsystem_i.periph_to_reg_i.r_rdata_d\[25\],87.36µm
i_core_v_mini_mcu.ao_peripheral_subsystem_i.power_manager_i.reg_to_counter_cpu_powergate_switch_on_i.counter_curr_state\[2\],87.36µm
i_core_v_mini_mcu.cpu_subsystem_i.cpu_0_0.rf_ram_i.memory\[347\]\[1\],87.36µm
i_core_v_mini_mcu.memory_subsystem_i.ram0_i.tc_ram_i.sram\[0\]\[12\],87.36µm
clknet_leaf_164_i_core_v_mini_mcu.cpu_subsystem_i.cpu_1_0.clk_i,87.36µm
i_core_v_mini_mcu.ao_peripheral_subsystem_i.power_manager_i.power_manager_reg_top_i.cpu_reset_deassert_counter_qs\[10\],87.28µm
_06558_,87.18µm
_12161_,87.1µm
_18592_,87.1µm
_08238_,87.05µm
clknet_leaf_109_i_core_v_mini_mcu.cpu_subsystem_i.cpu_1_0.clk_i,87.05µm
_06889_,87µm
i_core_v_mini_mcu.peripheral_subsystem_i.uart_i.uart_core.u_uart_txfifo.gen_normal_fifo.storage\[23\],86.98µm
_05511_,86.95µm
i_core_v_mini_mcu.peripheral_subsystem_i.uart_i.uart_core.rx_timeout_count_q\[19\],86.95µm
clknet_leaf_104_i_core_v_mini_mcu.memory_subsystem_i.clk_cg,86.95µm
_08535_,86.9µm
_10442_,86.9µm
i_core_v_mini_mcu.peripheral_subsystem_i.uart_i.reg2hw\[2\],86.9µm
net253,86.9µm
_07470_,86.85µm
_12029_,86.85µm
_13039_,86.85µm
_18450_,86.8µm
_22473_,86.8µm
_25903_,86.8µm
i_core_v_mini_mcu.memory_subsystem_i.ram0_i.tc_ram_i.sram\[19\]\[11\],86.8µm
_07401_,86.67µm
_17734_,86.51µm
_15208_,86.49µm
_08867_,86.44µm
_21516_,86.44µm
_22430_,86.44µm
i_core_v_mini_mcu.memory_subsystem_i.ram0_i.tc_ram_i.sram\[21\]\[22\],86.44µm
net1772,86.44µm
_06260_,86.39µm
clknet_leaf_77_clk_i_regs,86.39µm
_06136_,86.34µm
_06805_,86.34µm
_11495_,86.34µm
_20527_,86.34µm
_23302_,86.34µm
clknet_leaf_82_i_core_v_mini_mcu.cpu_subsystem_i.cpu_1_0.clk_i,86.34µm
_09660_,86.29µm
_17748_,86.29µm
_24065_,86.29µm
i_core_v_mini_mcu.ao_peripheral_subsystem_i.tdu_i.task_mem\[3\]\[27\],86.29µm
i_core_v_mini_mcu.cpu_subsystem_i.cpu_0_0.rf_ram_i.memory\[16\]\[1\],86.29µm
i_core_v_mini_mcu.cpu_subsystem_i.cpu_0_0.rf_ram_i.memory\[458\]\[1\],86.29µm
_06498_,86.24µm
_10124_,86.24µm
_10135_,86.24µm
_11525_,86.24µm
_12898_,86.24µm
_18374_,86.24µm
_18444_,86.24µm
i_core_v_mini_mcu.cpu_subsystem_i.cpu_1_0.rf_ram_i.memory\[253\]\[1\],86.24µm
i_core_v_mini_mcu.memory_subsystem_i.ram0_i.tc_ram_i.sram\[17\]\[8\],86.24µm
i_core_v_mini_mcu.ao_peripheral_subsystem_i.clint_mtime_o\[38\],85.98µm
_14389_,85.88µm
_19166_,85.88µm
_27367_,85.88µm
_08602_,85.83µm
_08946_,85.83µm
_15954_,85.83µm
clknet_leaf_88_i_core_v_mini_mcu.cpu_subsystem_i.cpu_1_0.clk_i,85.83µm
_05519_,85.78µm
_06344_,85.78µm
_07710_,85.78µm
_08731_,85.78µm
_09492_,85.78µm
_12323_,85.78µm
_19490_,85.78µm
i_core_v_mini_mcu.ao_peripheral_subsystem_i.power_manager_i.power_manager_reg_top_i.cpu_reset_assert_counter_qs\[3\],85.78µm
i_core_v_mini_mcu.memory_subsystem_i.ram0_i.tc_ram_i.sram\[22\]\[29\],85.78µm
net96,85.78µm
clknet_leaf_93_i_core_v_mini_mcu.cpu_subsystem_i.cpu_1_0.clk_i,85.78µm
_19391_,85.73µm
_20228_,85.73µm
i_core_v_mini_mcu.ao_peripheral_subsystem_i.tdu_i.task_mem\[3\]\[16\],85.73µm
clknet_leaf_106_clk_i_regs,85.73µm
_13944_,85.68µm
_16896_,85.68µm
_25737_,85.68µm
_26640_,85.68µm
_26982_,85.68µm
i_core_v_mini_mcu.ao_peripheral_subsystem_i.power_manager_i.power_manager_reg_top_i.u_intr_state.wr_data\[28\],85.68µm
_23288_,85.37µm
_06653_,85.32µm
i_core_v_mini_mcu.cpu_subsystem_i.cpu_1_0.rf_ram_i.memory\[230\]\[1\],85.32µm
i_core_v_mini_mcu.peripheral_subsystem_i.uart_i.uart_core.u_uart_txfifo.gen_normal_fifo.storage\[7\],85.32µm
net1590,85.32µm
clknet_leaf_3_clk_i_regs,85.32µm
_21590_,85.27µm
_21722_,85.27µm
i_core_v_mini_mcu.memory_subsystem_i.ram0_i.tc_ram_i.sram\[21\]\[7\],85.27µm
clknet_leaf_22_i_core_v_mini_mcu.cpu_subsystem_i.cpu_0_0.clk_i,85.27µm
clknet_leaf_110_i_core_v_mini_mcu.cpu_subsystem_i.cpu_1_0.clk_i,85.23µm
_06559_,85.22µm
_10877_,85.22µm
_28061_,85.22µm
i_core_v_mini_mcu.ao_peripheral_subsystem_i.power_manager_i.power_manager_reg_top_i.reg2hw\[228\],85.22µm
net46,85.22µm
clknet_leaf_5_i_core_v_mini_mcu.cpu_subsystem_i.cpu_1_0.clk_i,85.22µm
_13244_,85.17µm
_20344_,85.12µm
_24621_,85.12µm
_27280_,85.12µm
i_core_v_mini_mcu.memory_subsystem_i.ram0_i.tc_ram_i.sram\[22\]\[20\],85.12µm
i_core_v_mini_mcu.peripheral_subsystem_i.uart_i.uart_core.tx_uart_idle,85.12µm
_19301_,84.86µm
_18810_,84.85µm
_05441_,84.76µm
_08124_,84.76µm
net1049,84.76µm
i_core_v_mini_mcu.cpu_subsystem_i.cpu_0_0.i_servile.cpu.immdec.gen_immdec_w_eq_1.imm11_7\[0\],84.71µm
net1458,84.71µm
i_core_v_mini_mcu.peripheral_subsystem_i.uart_i.uart_core.u_uart_txfifo.gen_normal_fifo.storage\[15\],84.68µm
_08432_,84.67µm
_06026_,84.66µm
_12147_,84.66µm
_19521_,84.66µm
_21679_,84.66µm
_25136_,84.66µm
_21302_,84.61µm
_22284_,84.61µm
_23578_,84.61µm
_24731_,84.61µm
_26141_,84.61µm
_26610_,84.61µm
i_core_v_mini_mcu.ao_peripheral_subsystem_i.tdu_i.task_mem\[3\]\[18\],84.61µm
i_core_v_mini_mcu.memory_subsystem_i.ram0_i.tc_ram_i.sram\[12\]\[23\],84.61µm
i_core_v_mini_mcu.peripheral_subsystem_i.uart_i.reg2hw\[87\],84.61µm
i_core_v_mini_mcu.memory_subsystem_i.ram0_i.tc_ram_i.sram\[21\]\[18\],84.58µm
_07197_,84.56µm
_07708_,84.56µm
_09986_,84.56µm
_25947_,84.56µm
_26612_,84.56µm
i_core_v_mini_mcu.peripheral_subsystem_i.uart_i.uart_core.rx_watermark_d,84.56µm
net1929,84.56µm
_26606_,84.33µm
_10609_,84.3µm
clknet_leaf_37_clk_i_regs,84.3µm
_05458_,84.25µm
_12314_,84.25µm
net74,84.25µm
_07848_,84.2µm
_15133_,84.15µm
_16399_,84.15µm
_16969_,84.15µm
_18276_,84.15µm
_18877_,84.15µm
_23412_,84.15µm
_24082_,84.15µm
i_core_v_mini_mcu.ao_peripheral_subsystem_i.mosaic_clint_i.mtimecmp_q\[103\],84.15µm
net48,84.15µm
net959,84.15µm
clknet_leaf_31_i_core_v_mini_mcu.peripheral_subsystem_i.clk_cg,84.15µm
_06870_,84.1µm
_20259_,84.1µm
_20719_,84.1µm
_21751_,84.1µm
_26614_,84.1µm
i_core_v_mini_mcu.ao_peripheral_subsystem_i.obi_fifo_i.consumer_data_req\[28\],84.1µm
i_core_v_mini_mcu.ao_peripheral_subsystem_i.tdu_i.task_mem\[2\]\[21\],84.1µm
i_core_v_mini_mcu.cpu_subsystem_i.cpu_1_0.rf_ram_i.memory\[231\]\[0\],84.1µm
i_core_v_mini_mcu.cpu_subsystem_i.cpu_1_0.rf_ram_i.memory\[444\]\[1\],84.1µm
net37,84.1µm
net418,84.1µm
net1480,84.1µm
_05632_,84.05µm
_07555_,84.05µm
_09245_,84.05µm
_13652_,84.05µm
_13982_,84.05µm
_16994_,84.05µm
_19014_,84.05µm
_19097_,84.05µm
_20464_,84.05µm
_26697_,84.05µm
i_core_v_mini_mcu.ao_peripheral_subsystem_i.power_manager_i.power_manager_reg_top_i.intr_state_qs\[20\],84.05µm
clknet_leaf_117_i_core_v_mini_mcu.cpu_subsystem_i.cpu_1_0.clk_i,84.05µm
_13618_,84µm
_27626_,84µm
i_core_v_mini_mcu.ao_peripheral_subsystem_i.obi_fifo_i.consumer_resp_i\[8\],84µm
net195,84µm
_22242_,83.97µm
_27676_,83.89µm
_06885_,83.79µm
_19186_,83.74µm
_06875_,83.69µm
_16412_,83.69µm
net55,83.64µm
_18684_,83.59µm
_22780_,83.59µm
net50,83.59µm
_03151_,83.54µm
_07178_,83.54µm
_13951_,83.54µm
_16406_,83.54µm
_19747_,83.54µm
net443,83.54µm
net813,83.54µm
_07843_,83.49µm
_08776_,83.49µm
_10557_,83.49µm
_10968_,83.49µm
_11345_,83.49µm
_23247_,83.49µm
_23619_,83.49µm
i_core_v_mini_mcu.ao_peripheral_subsystem_i.tdu_i.task_mem\[5\]\[4\],83.49µm
i_core_v_mini_mcu.memory_subsystem_i.ram0_i.tc_ram_i.sram\[8\]\[9\],83.49µm
net1850,83.49µm
_10129_,83.44µm
_18311_,83.44µm
_20291_,83.44µm
exit_value_int\[16\],83.44µm
net248,83.44µm
_19155_,83.18µm
_12330_,83.13µm
_14013_,83.08µm
_18613_,83.08µm
i_core_v_mini_mcu.peripheral_subsystem_i.uart_i.reg2hw\[18\],83.08µm
net446,83.08µm
_17597_,83.03µm
_20254_,83.03µm
_22788_,83.03µm
_10565_,82.98µm
_22487_,82.98µm
_22765_,82.98µm
_23622_,82.98µm
_26319_,82.98µm
i_core_v_mini_mcu.cpu_subsystem_i.cpu_1_0.rf_ram_i.memory\[311\]\[1\],82.98µm
i_core_v_mini_mcu.peripheral_slave_resp\[7\],82.98µm
net1786,82.98µm
_12322_,82.93µm
_13176_,82.93µm
_15468_,82.93µm
_26943_,82.93µm
_27146_,82.93µm
i_core_v_mini_mcu.cpu_subsystem_i.cpu_1_0.rf_ram_i.memory\[128\]\[0\],82.93µm
_06981_,82.88µm
_07008_,82.88µm
_11442_,82.88µm
exit_value_int\[7\],82.88µm
i_core_v_mini_mcu.memory_subsystem_i.ram0_i.tc_ram_i.sram\[23\]\[20\],82.88µm
_13817_,82.77µm
i_core_v_mini_mcu.ao_peripheral_subsystem_i.tdu_i.count_q\[0\],82.67µm
clknet_leaf_74_i_core_v_mini_mcu.cpu_subsystem_i.cpu_1_0.clk_i,82.67µm
_06250_,82.66µm
_18273_,82.62µm
i_core_v_mini_mcu.memory_subsystem_i.ram0_i.tc_ram_i.sram\[0\]\[26\],82.62µm
i_core_v_mini_mcu.peripheral_slave_resp\[10\],82.62µm
_27730_,82.57µm
net79,82.57µm
_05571_,82.52µm
clknet_leaf_83_i_core_v_mini_mcu.cpu_subsystem_i.cpu_1_0.clk_i,82.52µm
_09211_,82.47µm
_09881_,82.47µm
i_core_v_mini_mcu.ao_peripheral_subsystem_i.tdu_i.task_mem\[2\]\[25\],82.47µm
i_core_v_mini_mcu.core_data_req\[76\],82.47µm
i_core_v_mini_mcu.memory_subsystem_i.ram0_i.tc_ram_i.sram\[17\]\[29\],82.47µm
clknet_leaf_7_i_core_v_mini_mcu.peripheral_subsystem_i.clk_cg,82.47µm
_10153_,82.42µm
_18227_,82.42µm
_20302_,82.42µm
i_core_v_mini_mcu.ao_peripheral_subsystem_i.tdu_i.task_mem\[3\]\[23\],82.42µm
clknet_leaf_24_i_core_v_mini_mcu.cpu_subsystem_i.cpu_1_0.clk_i,82.42µm
_08047_,82.37µm
_17651_,82.37µm
_18365_,82.37µm
_26284_,82.37µm
i_core_v_mini_mcu.core_data_req\[11\],82.37µm
net555,82.37µm
_07813_,82.32µm
_23579_,82.32µm
_25201_,82.32µm
_25679_,82.32µm
_25909_,82.32µm
i_core_v_mini_mcu.cpu_subsystem_i.cpu_0_0.i_servile.cpu.csr_en,82.32µm
i_core_v_mini_mcu.peripheral_subsystem_i.obi_fifo_i.consumer_resp_i\[19\],82.32µm
net493,82.32µm
_06551_,82.01µm
_08743_,82.01µm
_21638_,82.01µm
_18379_,81.96µm
_19562_,81.96µm
_09222_,81.91µm
_20150_,81.91µm
_06652_,81.86µm
_07831_,81.86µm
_09012_,81.86µm
_24646_,81.86µm
_25391_,81.86µm
i_core_v_mini_mcu.ao_peripheral_subsystem_i.mosaic_clint_i.mtimecmp_q\[95\],81.86µm
i_core_v_mini_mcu.ao_peripheral_subsystem_i.spi_subsystem_i.obi_spimemio_i.spimemio_i.rd_addr\[13\],81.86µm
_08074_,81.81µm
_08584_,81.81µm
_09468_,81.81µm
_10244_,81.81µm
_20329_,81.81µm
i_core_v_mini_mcu.ao_peripheral_subsystem_i.tdu_i.task_mem\[0\]\[21\],81.81µm
i_core_v_mini_mcu.memory_subsystem_i.ram0_i.tc_ram_i.sram\[0\]\[8\],81.81µm
net1862,81.81µm
_07736_,81.76µm
_08259_,81.76µm
_18821_,81.76µm
_25095_,81.76µm
_16972_,81.73µm
_19238_,81.45µm
_17674_,81.4µm
net1695,81.4µm
_14366_,81.35µm
i_core_v_mini_mcu.ao_peripheral_subsystem_i.tdu_i.task_mem\[5\]\[0\],81.35µm
net1518,81.35µm
_08713_,81.3µm
i_core_v_mini_mcu.ao_peripheral_subsystem_i.obi_fifo_i.consumer_data_req_q\[16\],81.3µm
i_core_v_mini_mcu.ao_peripheral_subsystem_i.soc_ctrl_i.reg2hw\[15\],81.3µm
net119,81.3µm
clknet_leaf_152_i_core_v_mini_mcu.cpu_subsystem_i.cpu_1_0.clk_i,81.3µm
_05624_,81.25µm
_07754_,81.25µm
_13836_,81.25µm
_14012_,81.25µm
_22515_,81.25µm
_07595_,81.2µm
_08112_,81.2µm
_12152_,81.2µm
_12867_,81.2µm
_13794_,81.2µm
_22074_,81.2µm
_24880_,81.2µm
_28007_,81.2µm
i_core_v_mini_mcu.ao_peripheral_subsystem_i.periph_to_reg_i.r_rdata_d\[11\],81.2µm
i_core_v_mini_mcu.ao_peripheral_subsystem_i.periph_to_reg_i.r_rdata_d\[30\],81.2µm
_21130_,80.99µm
_25200_,80.97µm
_09313_,80.94µm
_16886_,80.92µm
_13016_,80.9µm
_18538_,80.89µm
net422,80.89µm
_17622_,80.84µm
_21531_,80.84µm
clknet_leaf_60_i_core_v_mini_mcu.cpu_subsystem_i.cpu_1_0.clk_i,80.84µm
_15906_,80.79µm
_23409_,80.79µm
net1703,80.79µm
_10035_,80.74µm
_17293_,80.74µm
_20406_,80.74µm
i_core_v_mini_mcu.ao_peripheral_subsystem_i.tdu_i.task_mem\[0\]\[22\],80.74µm
net871,80.74µm
_07228_,80.69µm
_12925_,80.69µm
_13715_,80.69µm
_15471_,80.69µm
_18211_,80.69µm
_21538_,80.69µm
i_core_v_mini_mcu.ao_peripheral_subsystem_i.mosaic_clint_i.mtimecmp_q\[112\],80.69µm
i_core_v_mini_mcu.cpu_subsystem_i.cpu_1_0.i_servile.cpu.decode.o_rd_alu_en,80.69µm
clknet_leaf_2_i_core_v_mini_mcu.cpu_subsystem_i.cpu_1_0.clk_i,80.69µm
_07609_,80.64µm
_08198_,80.64µm
_25871_,80.64µm
net424,80.64µm
_19594_,80.33µm
clknet_leaf_34_i_core_v_mini_mcu.peripheral_subsystem_i.clk_cg,80.28µm
_06629_,80.23µm
_06667_,80.23µm
_09979_,80.23µm
_21810_,80.23µm
_25297_,80.23µm
i_core_v_mini_mcu.cpu_subsystem_i.cpu_1_0.rf_ram_i.memory\[433\]\[0\],80.23µm
_08079_,80.18µm
_13829_,80.18µm
i_core_v_mini_mcu.ao_peripheral_subsystem_i.obi_fifo_i.consumer_data_req\[13\],80.18µm
i_core_v_mini_mcu.ao_peripheral_subsystem_i.obi_fifo_i.consumer_data_req\[8\],80.18µm
net59,80.18µm
clknet_leaf_16_i_core_v_mini_mcu.cpu_subsystem_i.cpu_1_0.clk_i,80.18µm
_11344_,80.13µm
_13696_,80.13µm
_13773_,80.13µm
_16280_,80.13µm
_20695_,80.13µm
_26076_,80.13µm
_27526_,80.13µm
i_core_v_mini_mcu.ao_peripheral_subsystem_i.obi_fifo_i.consumer_data_req\[19\],80.13µm
i_core_v_mini_mcu.peripheral_slave_resp\[13\],80.13µm
net8,80.13µm
_07452_,80.08µm
_07530_,80.08µm
_17481_,80.08µm
_22193_,80.08µm
_24778_,80.08µm
_24859_,80.08µm
_25835_,80.08µm
_27160_,80.08µm
i_core_v_mini_mcu.ao_peripheral_subsystem_i.power_manager_i.power_manager_reg_top_i.global_pointer_qs\[7\],80.08µm
i_core_v_mini_mcu.cpu_subsystem_i.cpu_1_0.rf_ram_i.memory\[448\]\[0\],80.08µm
clknet_leaf_76_i_core_v_mini_mcu.cpu_subsystem_i.cpu_1_0.clk_i,79.83µm
_06939_,79.77µm
_06742_,79.72µm
_16883_,79.72µm
_22803_,79.72µm
net644,79.72µm
clknet_leaf_35_i_core_v_mini_mcu.cpu_subsystem_i.cpu_1_0.clk_i,79.72µm
_05740_,79.67µm
_14284_,79.67µm
_28021_,79.67µm
i_core_v_mini_mcu.ao_peripheral_subsystem_i.mosaic_clint_i.mtimecmp_q\[105\],79.67µm
i_core_v_mini_mcu.memory_subsystem_i.ram0_i.tc_ram_i.sram\[20\]\[19\],79.67µm
net524,79.67µm
_08090_,79.62µm
_08806_,79.62µm
_12209_,79.62µm
_15197_,79.62µm
_22136_,79.62µm
i_core_v_mini_mcu.ao_peripheral_subsystem_i.power_manager_i.power_manager_reg_top_i.en_wait_for_intr_qs\[26\],79.62µm
i_core_v_mini_mcu.cpu_subsystem_i.cpu_0_0.rf_ram_i.memory\[464\]\[0\],79.62µm
clknet_leaf_98_i_core_v_mini_mcu.cpu_subsystem_i.cpu_1_0.clk_i,79.62µm
_12875_,79.61µm
_10926_,79.57µm
_13593_,79.57µm
_26609_,79.57µm
_27411_,79.57µm
i_core_v_mini_mcu.ao_peripheral_subsystem_i.mosaic_clint_i.mtimecmp_q\[109\],79.57µm
i_core_v_mini_mcu.core_data_req\[72\],79.57µm
i_core_v_mini_mcu.cpu_subsystem_i.cpu_1_0.rf_ram_i.memory\[446\]\[1\],79.57µm
i_core_v_mini_mcu.memory_subsystem_i.ram0_i.tc_ram_i.sram\[1\]\[15\],79.57µm
i_core_v_mini_mcu.memory_subsystem_i.ram0_i.tc_ram_i.sram\[22\]\[17\],79.57µm
_09276_,79.52µm
_09826_,79.52µm
_10177_,79.52µm
_13725_,79.52µm
_23544_,79.52µm
_23553_,79.52µm
_24244_,79.52µm
_25563_,79.52µm
_25801_,79.52µm
_25908_,79.52µm
_26514_,79.52µm
i_core_v_mini_mcu.ao_peripheral_subsystem_i.periph_to_reg_i.r_rdata_d\[29\],79.52µm
_20105_,79.21µm
clknet_leaf_99_clk_i_regs,79.21µm
_05470_,79.16µm
_17206_,79.16µm
clknet_leaf_113_i_core_v_mini_mcu.cpu_subsystem_i.cpu_1_0.clk_i,79.16µm
_09736_,79.11µm
_20047_,79.11µm
i_core_v_mini_mcu.ao_peripheral_subsystem_i.mosaic_clint_i.mtimecmp_q\[120\],79.11µm
_07566_,79.06µm
_10448_,79.06µm
i_core_v_mini_mcu.cpu_subsystem_i.cpu_1_0.rf_ram_i.memory\[315\]\[1\],79.06µm
_08145_,79.01µm
_08848_,79.01µm
_19073_,79.01µm
_19314_,79.01µm
_19737_,79.01µm
_21732_,79.01µm
i_core_v_mini_mcu.cpu_subsystem_i.cpu_0_0.rf_ram_i.memory\[31\]\[1\],79.01µm
i_core_v_mini_mcu.cpu_subsystem_i.cpu_0_0.rf_ram_i.memory\[48\]\[0\],79.01µm
i_core_v_mini_mcu.cpu_subsystem_i.cpu_1_0.rf_ram_i.memory\[230\]\[0\],79.01µm
i_core_v_mini_mcu.memory_subsystem_i.ram0_i.tc_ram_i.sram\[16\]\[21\],79.01µm
_11992_,78.96µm
_13995_,78.96µm
_20467_,78.96µm
_22551_,78.96µm
_24593_,78.96µm
_26894_,78.96µm
clknet_leaf_55_i_core_v_mini_mcu.cpu_subsystem_i.cpu_1_0.clk_i,78.75µm
_19001_,78.65µm
_27439_,78.65µm
clknet_leaf_5_i_core_v_mini_mcu.peripheral_subsystem_i.clk_cg,78.6µm
_08311_,78.55µm
_21519_,78.55µm
_25929_,78.55µm
_14100_,78.5µm
_23378_,78.5µm
_25492_,78.5µm
_26895_,78.5µm
_27987_,78.45µm
i_core_v_mini_mcu.ao_peripheral_subsystem_i.spi_subsystem_i.obi_spimemio_i.spimemio_i.config_oe\[1\],78.45µm
i_core_v_mini_mcu.ao_peripheral_subsystem_i.tdu_i.task_mem\[2\]\[30\],78.45µm
i_core_v_mini_mcu.cpu_subsystem_i.cpu_1_0.rf_ram_i.memory\[2\]\[0\],78.45µm
_06720_,78.4µm
_14410_,78.4µm
_18308_,78.4µm
_24261_,78.4µm
_26477_,78.4µm
net1273,78.39µm
_14285_,78.19µm
_27696_,78.04µm
i_core_v_mini_mcu.ao_peripheral_subsystem_i.tdu_i.task_mem\[5\]\[7\],78.04µm
_17966_,77.99µm
_19176_,77.99µm
_25029_,77.99µm
i_core_v_mini_mcu.ao_peripheral_subsystem_i.obi_fifo_i.consumer_data_req\[65\],77.99µm
i_core_v_mini_mcu.peripheral_subsystem_i.uart_i.uart_core.u_uart_rxfifo.gen_normal_fifo.fifo_rptr\[1\],77.99µm
net1689,77.99µm
clknet_leaf_45_i_core_v_mini_mcu.peripheral_subsystem_i.clk_cg,77.99µm
clknet_leaf_133_i_core_v_mini_mcu.cpu_subsystem_i.cpu_1_0.clk_i,77.99µm
_12857_,77.95µm
_07741_,77.94µm
_16423_,77.94µm
i_core_v_mini_mcu.ao_peripheral_subsystem_i.clint_mtime_o\[59\],77.94µm
i_core_v_mini_mcu.ao_peripheral_subsystem_i.obi_fifo_i.consumer_data_req_q\[9\],77.94µm
i_core_v_mini_mcu.memory_subsystem_i.ram0_i.tc_ram_i.sram\[1\]\[8\],77.94µm
i_core_v_mini_mcu.peripheral_subsystem_i.uart_i.reg2hw\[28\],77.94µm
clknet_leaf_150_clk_i_regs,77.94µm
_09047_,77.89µm
_11758_,77.89µm
_20585_,77.89µm
_21543_,77.89µm
i_core_v_mini_mcu.cpu_subsystem_i.cpu_1_0.i_servile.cpu.immdec.gen_immdec_w_eq_1.imm11_7\[1\],77.89µm
net11,77.89µm
_10873_,77.84µm
_12068_,77.84µm
_13834_,77.84µm
_14275_,77.84µm
_23204_,77.84µm
_24848_,77.84µm
_26390_,77.84µm
_26398_,77.84µm
_26902_,77.84µm
i_core_v_mini_mcu.cpu_subsystem_i.cpu_1_0.rf_ram_i.memory\[446\]\[0\],77.84µm
i_core_v_mini_mcu.peripheral_subsystem_i.uart_i.uart_core.u_uart_txfifo.gen_normal_fifo.storage\[3\],77.84µm
i_core_v_mini_mcu.ao_peripheral_subsystem_i.spi_subsystem_i.obi_spimemio_i.spimemio_i.state\[2\],77.76µm
_09373_,77.61µm
_19218_,77.48µm
_05885_,77.43µm
_06822_,77.43µm
_06908_,77.43µm
_09169_,77.43µm
_09197_,77.43µm
_18136_,77.43µm
_20151_,77.43µm
_20952_,77.43µm
_24964_,77.43µm
_28053_,77.43µm
net1681,77.43µm
clknet_leaf_48_i_core_v_mini_mcu.peripheral_subsystem_i.clk_cg,77.43µm
_17757_,77.38µm
_20109_,77.38µm
_22246_,77.38µm
_23170_,77.38µm
_26422_,77.38µm
_26772_,77.38µm
i_core_v_mini_mcu.peripheral_subsystem_i.uart_i.reg2hw\[29\],77.38µm
net63,77.38µm
_07120_,77.33µm
_07151_,77.33µm
_07356_,77.33µm
_07983_,77.33µm
_08464_,77.33µm
_08793_,77.33µm
_17296_,77.33µm
_20376_,77.33µm
_20722_,77.33µm
_25455_,77.33µm
_25632_,77.33µm
i_core_v_mini_mcu.ao_peripheral_subsystem_i.soc_ctrl_i.soc_ctrl_reg_top_i.system_frequency_hz_qs\[9\],77.33µm
i_core_v_mini_mcu.memory_subsystem_i.ram0_i.tc_ram_i.sram\[10\]\[19\],77.33µm
i_core_v_mini_mcu.memory_subsystem_i.ram0_i.tc_ram_i.sram\[19\]\[14\],77.33µm
i_core_v_mini_mcu.peripheral_subsystem_i.uart_i.uart_core.u_uart_txfifo.gen_normal_fifo.storage\[24\],77.33µm
_07445_,77.28µm
_08049_,77.28µm
_12437_,77.28µm
_18323_,77.28µm
_25101_,77.28µm
i_core_v_mini_mcu.ao_peripheral_subsystem_i.obi_fifo_i.consumer_data_req\[44\],77.28µm
i_core_v_mini_mcu.ao_peripheral_subsystem_i.obi_fifo_i.consumer_resp_i\[31\],77.28µm
i_core_v_mini_mcu.memory_subsystem_i.ram0_i.tc_ram_i.sram\[16\]\[16\],77.28µm
i_core_v_mini_mcu.peripheral_subsystem_i.uart_i.u_reg.u_wdata.we,77.28µm
net562,77.28µm
_08528_,76.97µm
_21509_,76.97µm
net51,76.97µm
_05587_,76.92µm
_07023_,76.92µm
_07430_,76.87µm
i_core_v_mini_mcu.ao_peripheral_subsystem_i.obi_fifo_i.consumer_data_req\[51\],76.87µm
net629,76.87µm
_14265_,76.82µm
_28058_,76.82µm
_07788_,76.77µm
_08676_,76.77µm
_09936_,76.77µm
_11912_,76.77µm
_20621_,76.77µm
i_core_v_mini_mcu.ao_peripheral_subsystem_i.mosaic_clint_i.mtimecmp_q\[125\],76.77µm
i_core_v_mini_mcu.ao_peripheral_subsystem_i.obi_fifo_i.consumer_data_req\[42\],76.77µm
i_core_v_mini_mcu.cpu_subsystem_i.cpu_1_0.rf_ram_i.memory\[231\]\[1\],76.77µm
net1899,76.77µm
_10226_,76.72µm
_13793_,76.72µm
_24427_,76.72µm
_26899_,76.72µm
i_core_v_mini_mcu.ao_peripheral_subsystem_i.spi_subsystem_i.obi_spimemio_i.spimemio_i.rd_addr\[18\],76.72µm
i_core_v_mini_mcu.core_data_req\[7\],76.72µm
i_core_v_mini_mcu.memory_subsystem_i.ram0_i.tc_ram_i.sram\[16\]\[15\],76.72µm
net357,76.72µm
_09284_,76.36µm
i_core_v_mini_mcu.ao_peripheral_subsystem_i.spi_subsystem_i.obi_spimemio_i.obi_to_picorv32_i.addr_buf\[9\],76.36µm
i_core_v_mini_mcu.cpu_subsystem_i.cpu_1_0.rf_ram_i.memory\[450\]\[1\],76.36µm
net391,76.36µm
i_core_v_mini_mcu.ao_peripheral_subsystem_i.clint_mtime_o\[30\],76.31µm
i_core_v_mini_mcu.ao_peripheral_subsystem_i.mosaic_clint_i.mtimecmp_q\[110\],76.31µm
i_core_v_mini_mcu.cpu_subsystem_i.cpu_1_0.rf_ram_i.memory\[297\]\[1\],76.31µm
i_core_v_mini_mcu.memory_subsystem_i.ram0_i.tc_ram_i.sram\[17\]\[31\],76.31µm
_07677_,76.26µm
_09437_,76.26µm
_19197_,76.26µm
i_core_v_mini_mcu.ao_peripheral_subsystem_i.power_manager_i.power_manager_reg_top_i.global_pointer_qs\[3\],76.26µm
i_core_v_mini_mcu.ao_peripheral_subsystem_i.spi_subsystem_i.obi_spimemio_i.obi_to_picorv32_i.addr_buf\[5\],76.26µm
_11017_,76.21µm
_18997_,76.21µm
_26109_,76.21µm
i_core_v_mini_mcu.ao_peripheral_subsystem_i.power_manager_i.power_manager_reg_top_i.monitor_power_gate_core_qs\[1\],76.21µm
net1295,76.21µm
_17164_,76.16µm
_20521_,76.16µm
_24255_,76.16µm
_26039_,76.16µm
_27687_,76.16µm
_27691_,76.16µm
_28079_,76.16µm
i_core_v_mini_mcu.cpu_subsystem_i.cpu_0_0.rf_ram_i.memory\[343\]\[1\],76.16µm
i_core_v_mini_mcu.cpu_subsystem_i.cpu_0_0.rf_ram_i.memory\[344\]\[1\],76.16µm
i_core_v_mini_mcu.cpu_subsystem_i.cpu_1_0.rf_ram_i.memory\[447\]\[0\],76.16µm
_20219_,76.08µm
_23118_,76µm
_24329_,75.93µm
_06505_,75.85µm
net360,75.85µm
_09744_,75.8µm
_20594_,75.75µm
net1865,75.75µm
_19069_,75.7µm
_20103_,75.7µm
_21564_,75.7µm
_23304_,75.7µm
i_core_v_mini_mcu.ao_peripheral_subsystem_i.clint_mtime_o\[26\],75.7µm
i_core_v_mini_mcu.cpu_subsystem_i.cpu_0_0.i_servile.o_rf_raddr\[1\],75.7µm
net919,75.7µm
clknet_leaf_23_i_core_v_mini_mcu.peripheral_subsystem_i.clk_cg,75.7µm
clknet_leaf_32_i_core_v_mini_mcu.cpu_subsystem_i.cpu_1_0.clk_i,75.7µm
clknet_leaf_53_i_core_v_mini_mcu.cpu_subsystem_i.cpu_1_0.clk_i,75.69µm
_05678_,75.65µm
_07703_,75.65µm
_08262_,75.65µm
_08596_,75.65µm
_25500_,75.65µm
_25542_,75.65µm
_26525_,75.65µm
_27174_,75.65µm
i_core_v_mini_mcu.ao_peripheral_subsystem_i.mosaic_clint_i.mtimecmp_q\[66\],75.65µm
i_core_v_mini_mcu.cpu_subsystem_i.cpu_0_0.rf_ram_i.memory\[34\]\[1\],75.65µm
i_core_v_mini_mcu.cpu_subsystem_i.cpu_1_0.i_servile.cpu.bufreg.i_rs1_en,75.65µm
i_core_v_mini_mcu.cpu_subsystem_i.cpu_1_0.rf_ram_i.memory\[455\]\[0\],75.65µm
net1887,75.65µm
_07888_,75.6µm
_08179_,75.6µm
_13473_,75.6µm
_13774_,75.6µm
_14164_,75.6µm
_14970_,75.6µm
_24395_,75.6µm
i_core_v_mini_mcu.cpu_subsystem_i.cpu_0_0.rf_ram_i.memory\[340\]\[1\],75.6µm
i_core_v_mini_mcu.peripheral_subsystem_i.uart_i.uart_core.u_uart_txfifo.gen_normal_fifo.storage\[16\],75.6µm
net1248,75.6µm
_08459_,75.32µm
_22364_,75.29µm
_23310_,75.24µm
_28051_,75.24µm
i_core_v_mini_mcu.ao_peripheral_subsystem_i.tdu_i.task_mem\[7\]\[10\],75.24µm
clknet_leaf_21_i_core_v_mini_mcu.cpu_subsystem_i.cpu_1_0.clk_i,75.24µm
_05629_,75.19µm
i_core_v_mini_mcu.memory_subsystem_i.ram0_i.tc_ram_i.sram\[1\]\[25\],75.19µm
i_core_v_mini_mcu.memory_subsystem_i.ram0_i.tc_ram_i.sram\[30\]\[14\],75.19µm
net95,75.19µm
_10615_,75.14µm
_13988_,75.14µm
_22577_,75.14µm
_26560_,75.14µm
i_core_v_mini_mcu.ao_peripheral_subsystem_i.tdu_i.task_mem\[7\]\[6\],75.14µm
i_core_v_mini_mcu.memory_subsystem_i.ram0_i.tc_ram_i.sram\[10\]\[20\],75.14µm
i_core_v_mini_mcu.memory_subsystem_i.ram0_i.tc_ram_i.sram\[16\]\[31\],75.14µm
i_core_v_mini_mcu.peripheral_subsystem_i.uart_i.uart_core.u_uart_rxfifo.gen_normal_fifo.fifo_rptr\[0\],75.14µm
i_core_v_mini_mcu.peripheral_subsystem_i.uart_i.uart_core.u_uart_txfifo.gen_normal_fifo.storage\[11\],75.14µm
_10849_,75.09µm
_17577_,75.09µm
_18398_,75.09µm
_18420_,75.09µm
_18490_,75.09µm
_25135_,75.09µm
_26219_,75.09µm
i_core_v_mini_mcu.ao_peripheral_subsystem_i.power_manager_i.power_manager_reg_top_i.reg2hw\[227\],75.09µm
net58,75.09µm
_20135_,75.06µm
_15247_,75.04µm
_16086_,75.04µm
_19758_,75.04µm
_20711_,75.04µm
_21402_,75.04µm
_25041_,75.04µm
_26655_,75.04µm
i_core_v_mini_mcu.memory_subsystem_i.ram0_i.tc_ram_i.sram\[16\]\[18\],75.04µm
_17434_,74.68µm
clknet_leaf_42_i_core_v_mini_mcu.peripheral_subsystem_i.clk_cg,74.68µm
net510,74.63µm
clknet_leaf_56_i_core_v_mini_mcu.cpu_subsystem_i.cpu_1_0.clk_i,74.63µm
_13025_,74.58µm
_22790_,74.58µm
i_core_v_mini_mcu.ao_peripheral_subsystem_i.clint_mtime_o\[12\],74.58µm
_05699_,74.53µm
_07154_,74.53µm
_08351_,74.53µm
_17437_,74.53µm
_18433_,74.53µm
_22501_,74.53µm
_26322_,74.53µm
_26989_,74.53µm
i_core_v_mini_mcu.ao_peripheral_subsystem_i.mosaic_clint_i.mtimecmp_q\[92\],74.53µm
i_core_v_mini_mcu.ao_peripheral_subsystem_i.spi_subsystem_i.obi_spimemio_i.spimemio_i.rd_addr\[15\],74.53µm
i_core_v_mini_mcu.ao_peripheral_subsystem_i.tdu_i.task_mem\[7\]\[11\],74.53µm
i_core_v_mini_mcu.ao_peripheral_subsystem_i.tdu_i.task_mem\[7\]\[13\],74.53µm
i_core_v_mini_mcu.ao_peripheral_subsystem_i.tdu_i.task_mem\[7\]\[17\],74.53µm
i_core_v_mini_mcu.cpu_subsystem_i.cpu_1_0.rf_ram_i.memory\[434\]\[0\],74.53µm
i_core_v_mini_mcu.cpu_subsystem_i.cpu_1_0.rf_ram_i.memory\[43\]\[1\],74.53µm
i_core_v_mini_mcu.cpu_subsystem_i.cpu_1_0.rf_ram_i.memory\[468\]\[1\],74.53µm
i_core_v_mini_mcu.memory_subsystem_i.ram0_i.tc_ram_i.sram\[28\]\[16\],74.53µm
net396,74.53µm
clknet_leaf_112_i_core_v_mini_mcu.cpu_subsystem_i.cpu_1_0.clk_i,74.52µm
_06097_,74.48µm
_13004_,74.48µm
_18293_,74.48µm
_23167_,74.48µm
_23479_,74.48µm
_25253_,74.48µm
_25749_,74.48µm
i_core_v_mini_mcu.ao_peripheral_subsystem_i.obi_fifo_i.consumer_data_req\[29\],74.48µm
_15094_,74.35µm
_07235_,74.3µm
_09544_,74.17µm
_27744_,74.17µm
i_core_v_mini_mcu.memory_subsystem_i.ram0_i.tc_ram_i.sram\[5\]\[24\],74.155µm
_07436_,74.12µm
_18270_,74.12µm
_05835_,74.07µm
_15226_,74.07µm
_21484_,74.07µm
_21512_,74.07µm
i_core_v_mini_mcu.memory_subsystem_i.ram0_i.tc_ram_i.sram\[28\]\[23\],74.07µm
net435,74.07µm
clknet_leaf_3_i_core_v_mini_mcu.peripheral_subsystem_i.clk_cg,74.07µm
_07682_,74.02µm
_09164_,74.02µm
_09848_,74.02µm
_15004_,74.02µm
_19429_,74.02µm
_20391_,74.02µm
i_core_v_mini_mcu.ao_peripheral_subsystem_i.tdu_i.count_q\[3\],74.02µm
i_core_v_mini_mcu.core_data_req\[100\],74.02µm
i_core_v_mini_mcu.core_data_req\[21\],74.02µm
i_core_v_mini_mcu.cpu_subsystem_i.cpu_1_0.i_servile.cpu.bufreg.data\[1\],74.02µm
net633,74.02µm
net1457,74.02µm
_07589_,73.97µm
_19156_,73.97µm
_21472_,73.97µm
_23473_,73.97µm
_24197_,73.97µm
_25663_,73.97µm
_26698_,73.97µm
_27246_,73.97µm
i_core_v_mini_mcu.ao_peripheral_subsystem_i.tdu_i.task_mem\[2\]\[29\],73.97µm
i_core_v_mini_mcu.ao_peripheral_subsystem_i.tdu_i.task_mem\[7\]\[9\],73.97µm
i_core_v_mini_mcu.cpu_subsystem_i.cpu_1_0.rf_ram_i.memory\[441\]\[0\],73.97µm
i_core_v_mini_mcu.memory_subsystem_i.ram0_i.tc_ram_i.sram\[13\]\[26\],73.97µm
net91,73.97µm
_07442_,73.92µm
_13172_,73.92µm
_13498_,73.92µm
_22467_,73.92µm
_25146_,73.92µm
i_core_v_mini_mcu.ao_peripheral_subsystem_i.periph_to_reg_i.r_rdata_d\[8\],73.92µm
i_core_v_mini_mcu.ao_peripheral_subsystem_i.power_manager_i.power_manager_reg_top_i.global_pointer_qs\[6\],73.92µm
i_core_v_mini_mcu.cpu_subsystem_i.cpu_0_0.rf_ram_i.memory\[461\]\[1\],73.92µm
i_core_v_mini_mcu.cpu_subsystem_i.cpu_1_0.rf_ram_i.memory\[0\]\[0\],73.92µm
_09439_,73.61µm
_21730_,73.51µm
clknet_leaf_58_i_core_v_mini_mcu.peripheral_subsystem_i.clk_cg,73.51µm
_06129_,73.46µm
_06863_,73.46µm
_09547_,73.46µm
_11481_,73.46µm
_14405_,73.46µm
i_core_v_mini_mcu.memory_subsystem_i.ram0_i.tc_ram_i.sram\[28\]\[31\],73.46µm
net107,73.46µm
_05685_,73.41µm
_05861_,73.41µm
_08530_,73.41µm
_09888_,73.41µm
_10566_,73.41µm
_12359_,73.41µm
_18269_,73.41µm
_23311_,73.41µm
_25597_,73.41µm
i_core_v_mini_mcu.ao_peripheral_subsystem_i.power_manager_i.peripheral_subsystem_powergate_iso_n,73.41µm
i_core_v_mini_mcu.cpu_subsystem_i.cpu_0_0.rf_ram_i.memory\[346\]\[1\],73.41µm
_07035_,73.36µm
_12435_,73.36µm
_13048_,73.36µm
_14106_,73.36µm
_18998_,73.36µm
i_core_v_mini_mcu.cpu_subsystem_i.cpu_1_0.rf_ram_i.memory\[445\]\[0\],73.36µm
i_core_v_mini_mcu.cpu_subsystem_i.cpu_0_0.rf_ram_i.memory\[18\]\[1\],73.18µm
i_core_v_mini_mcu.cpu_subsystem_i.cpu_1_0.rf_ram_i.memory\[428\]\[1\],73.08µm
_14289_,73µm
_26605_,73µm
clknet_leaf_39_i_core_v_mini_mcu.peripheral_subsystem_i.clk_cg,73µm
clknet_leaf_97_i_core_v_mini_mcu.cpu_subsystem_i.cpu_1_0.clk_i,73µm
i_core_v_mini_mcu.ao_peripheral_subsystem_i.power_manager_i.power_manager_reg_top_i.en_wait_for_intr_qs\[21\],72.95µm
_08604_,72.9µm
_17356_,72.9µm
_17654_,72.9µm
_17672_,72.9µm
i_core_v_mini_mcu.ao_peripheral_subsystem_i.periph_to_reg_i.r_rdata_d\[3\],72.9µm
i_core_v_mini_mcu.ao_peripheral_subsystem_i.soc_ctrl_i.soc_ctrl_reg_top_i.system_frequency_hz_qs\[12\],72.9µm
net122,72.9µm
net198,72.9µm
_06510_,72.85µm
_07002_,72.85µm
_07038_,72.85µm
_08279_,72.85µm
_18145_,72.85µm
_21707_,72.85µm
_25901_,72.85µm
_26793_,72.85µm
i_core_v_mini_mcu.cpu_subsystem_i.cpu_0_0.rf_ram_i.memory\[335\]\[1\],72.85µm
i_core_v_mini_mcu.cpu_subsystem_i.cpu_0_0.rf_ram_i.memory\[42\]\[1\],72.85µm
net565,72.85µm
_07081_,72.8µm
_08148_,72.8µm
_18203_,72.8µm
_19922_,72.8µm
_20338_,72.8µm
_21009_,72.8µm
_26996_,72.8µm
_27267_,72.8µm
i_core_v_mini_mcu.ao_peripheral_subsystem_i.obi_fifo_i.consumer_resp_i\[16\],72.8µm
i_core_v_mini_mcu.cpu_subsystem_i.cpu_0_0.rf_ram_i.memory\[230\]\[1\],72.8µm
_25586_,72.78µm
net561,72.49µm
_07351_,72.44µm
_17403_,72.44µm
net65,72.44µm
_09447_,72.39µm
_22250_,72.39µm
i_core_v_mini_mcu.ao_peripheral_subsystem_i.tdu_i.wake_mask_q\[1\],72.39µm
i_core_v_mini_mcu.cpu_subsystem_i.cpu_1_0.rf_ram_i.memory\[443\]\[0\],72.39µm
_05398_,72.34µm
_09381_,72.34µm
_11355_,72.34µm
_13949_,72.34µm
_19072_,72.34µm
_20349_,72.34µm
i_core_v_mini_mcu.ao_peripheral_subsystem_i.tdu_i.active_hart_cycles_q\[14\],72.34µm
i_core_v_mini_mcu.cpu_subsystem_i.cpu_0_0.rf_ram_i.memory\[476\]\[0\],72.34µm
_15753_,72.29µm
_16802_,72.29µm
_17000_,72.29µm
_17660_,72.29µm
_25189_,72.29µm
_25496_,72.29µm
_26552_,72.29µm
_26667_,72.29µm
i_core_v_mini_mcu.ao_peripheral_subsystem_i.power_manager_i.power_manager_reg_top_i.reg2hw\[222\],72.29µm
i_core_v_mini_mcu.cpu_subsystem_i.cpu_1_0.rf_ram_i.memory\[251\]\[1\],72.29µm
_07512_,72.24µm
_07795_,72.24µm
_12872_,72.24µm
_13167_,72.24µm
_18876_,72.24µm
_20390_,72.24µm
_20622_,72.24µm
_23120_,72.24µm
_24763_,72.24µm
_25471_,72.24µm
_27039_,72.24µm
_27074_,72.01µm
clknet_leaf_148_i_core_v_mini_mcu.cpu_subsystem_i.cpu_1_0.clk_i,71.93µm
_21152_,71.88µm
net78,71.88µm
_15835_,71.83µm
_17350_,71.83µm
_21453_,71.83µm
i_core_v_mini_mcu.ao_peripheral_subsystem_i.clint_mtime_o\[18\],71.83µm
i_core_v_mini_mcu.ao_peripheral_subsystem_i.tdu_i.cpi_est_q\[6\],71.8µm
_03847_,71.78µm
_09137_,71.78µm
_10559_,71.78µm
_18623_,71.78µm
_24573_,71.78µm
i_core_v_mini_mcu.ao_peripheral_subsystem_i.mosaic_clint_i.mtimecmp_q\[122\],71.78µm
i_core_v_mini_mcu.ao_peripheral_subsystem_i.obi_fifo_i.consumer_data_req\[5\],71.78µm
i_core_v_mini_mcu.ao_peripheral_subsystem_i.power_manager_i.power_manager_reg_top_i.en_wait_for_intr_qs\[4\],71.78µm
i_core_v_mini_mcu.cpu_subsystem_i.cpu_1_0.rf_ram_i.memory\[450\]\[0\],71.78µm
i_core_v_mini_mcu.memory_subsystem_i.ram0_i.tc_ram_i.sram\[1\]\[10\],71.78µm
i_core_v_mini_mcu.ao_peripheral_subsystem_i.spi_subsystem_i.obi_spimemio_i.spimemio_i.rd_addr\[14\],71.75µm
_10089_,71.73µm
_13289_,71.73µm
_13463_,71.73µm
_22533_,71.73µm
_27787_,71.73µm
i_core_v_mini_mcu.ao_peripheral_subsystem_i.mosaic_clint_i.mtimecmp_q\[49\],71.73µm
i_core_v_mini_mcu.ao_peripheral_subsystem_i.tdu_i.task_mem\[2\]\[28\],71.73µm
i_core_v_mini_mcu.ao_peripheral_subsystem_i.tdu_i.task_mem\[7\]\[0\],71.73µm
i_core_v_mini_mcu.cpu_subsystem_i.cpu_0_0.rf_ram_i.memory\[345\]\[1\],71.73µm
net45,71.73µm
_03729_,71.68µm
_09471_,71.68µm
_14099_,71.68µm
_18973_,71.68µm
_21320_,71.68µm
_21649_,71.68µm
i_core_v_mini_mcu.ao_peripheral_subsystem_i.obi_fifo_i.consumer_resp_i\[17\],71.68µm
_10735_,71.52µm
_09475_,71.27µm
_09846_,71.27µm
_15569_,71.27µm
_18196_,71.27µm
i_core_v_mini_mcu.ao_peripheral_subsystem_i.obi_fifo_i.consumer_data_req\[3\],71.27µm
i_core_v_mini_mcu.ao_peripheral_subsystem_i.spi_subsystem_i.obi_spimemio_i.spimemio_i.state\[12\],71.27µm
_08092_,71.22µm
_09208_,71.22µm
_18277_,71.22µm
_20708_,71.22µm
_25451_,71.22µm
_00014_,71.17µm
_03728_,71.17µm
_05778_,71.17µm
_05998_,71.17µm
_06986_,71.17µm
_07410_,71.17µm
_07895_,71.17µm
_12478_,71.17µm
_13975_,71.17µm
_27350_,71.17µm
_27792_,71.17µm
i_core_v_mini_mcu.ao_peripheral_subsystem_i.obi_fifo_i.consumer_data_req\[27\],71.17µm
i_core_v_mini_mcu.ao_peripheral_subsystem_i.obi_fifo_i.consumer_resp_i\[18\],71.17µm
i_core_v_mini_mcu.cpu_subsystem_i.cpu_1_0.i_servile.cpu.state.o_cnt\[2\],71.17µm
i_core_v_mini_mcu.memory_subsystem_i.ram0_i.tc_ram_i.sram\[1\]\[12\],71.17µm
net1804,71.17µm
_05828_,71.12µm
_07775_,71.12µm
_08195_,71.12µm
_10350_,71.12µm
_11510_,71.12µm
_12976_,71.12µm
_25300_,71.12µm
_25877_,71.12µm
_26797_,71.12µm
i_core_v_mini_mcu.cpu_subsystem_i.cpu_1_0.rf_ram_i.memory\[110\]\[1\],71.12µm
net1050,71.12µm
i_core_v_mini_mcu.peripheral_subsystem_i.uart_i.uart_core.rx_sync,70.94µm
_25055_,70.84µm
_09291_,70.76µm
_14025_,70.76µm
_25032_,70.76µm
i_core_v_mini_mcu.ao_peripheral_subsystem_i.soc_ctrl_i.soc_ctrl_reg_top_i.system_frequency_hz_qs\[10\],70.71µm
net359,70.71µm
clknet_leaf_140_i_core_v_mini_mcu.cpu_subsystem_i.cpu_1_0.clk_i,70.71µm
i_core_v_mini_mcu.memory_subsystem_i.ram0_i.tc_ram_i.sram\[19\]\[8\],70.695µm
_10431_,70.66µm
_20758_,70.66µm
_23956_,70.66µm
i_core_v_mini_mcu.peripheral_subsystem_i.periph_to_reg_i.r_rdata_d\[9\],70.66µm
i_core_v_mini_mcu.peripheral_subsystem_i.uart_i.hw2reg\[6\],70.66µm
net563,70.66µm
clknet_leaf_68_i_core_v_mini_mcu.cpu_subsystem_i.cpu_1_0.clk_i,70.66µm
_03119_,70.61µm
_05866_,70.61µm
_06349_,70.61µm
_09358_,70.61µm
_15246_,70.61µm
_20528_,70.61µm
_22115_,70.61µm
_27781_,70.61µm
i_core_v_mini_mcu.ao_peripheral_subsystem_i.spi_subsystem_i.obi_spimemio_i.spimemio_i.softreset,70.61µm
i_core_v_mini_mcu.peripheral_subsystem_i.uart_i.uart_core.uart_rx.sreg_q\[10\],70.61µm
net616,70.61µm
_04820_,70.56µm
_16918_,70.56µm
_23616_,70.56µm
i_core_v_mini_mcu.ao_peripheral_subsystem_i.tdu_i.cpi_est_q\[50\],70.56µm
i_core_v_mini_mcu.peripheral_slave_resp\[5\],70.56µm
_06627_,70.35µm
net127,70.25µm
_09305_,70.2µm
i_core_v_mini_mcu.ao_peripheral_subsystem_i.mosaic_clint_i.mtimecmp_q\[98\],70.2µm
_05964_,70.15µm
_18328_,70.15µm
_21481_,70.15µm
i_core_v_mini_mcu.ao_peripheral_subsystem_i.obi_fifo_i.consumer_data_req\[37\],70.15µm
i_core_v_mini_mcu.ao_peripheral_subsystem_i.spi_subsystem_i.obi_spimemio_i.spimemio_i.din_data\[2\],70.15µm
net1048,70.15µm
net1677,70.15µm
_06754_,70.1µm
_07631_,70.1µm
_13997_,70.1µm
_17669_,70.1µm
i_core_v_mini_mcu.memory_subsystem_i.ram0_i.tc_ram_i.sram\[23\]\[14\],70.1µm
clknet_leaf_40_i_core_v_mini_mcu.peripheral_subsystem_i.clk_cg,70.1µm
_07626_,70.05µm
_08476_,70.05µm
_24797_,70.05µm
_25464_,70.05µm
i_core_v_mini_mcu.ao_peripheral_subsystem_i.power_manager_i.power_manager_reg_top_i.monitor_power_gate_periph_qs\[1\],70.05µm
i_core_v_mini_mcu.memory_subsystem_i.ram0_i.tc_ram_i.sram\[23\]\[9\],70.05µm
i_core_v_mini_mcu.peripheral_subsystem_i.uart_i.reg2hw\[33\],70.05µm
_03146_,70µm
_06746_,70µm
_07685_,70µm
_12697_,70µm
_18971_,70µm
i_core_v_mini_mcu.ao_peripheral_subsystem_i.mosaic_clint_i.mtimecmp_q\[93\],70µm
i_core_v_mini_mcu.cpu_subsystem_i.cpu_0_0.rf_ram_i.memory\[35\]\[1\],70µm
net461,70µm
net1267,70µm
_09630_,69.84µm
i_core_v_mini_mcu.ao_peripheral_subsystem_i.obi_fifo_i.consumer_data_req\[33\],69.82µm
net927,69.64µm
_21609_,69.59µm
i_core_v_mini_mcu.ao_peripheral_subsystem_i.power_manager_i.power_manager_reg_top_i.reg2hw\[250\],69.59µm
clknet_leaf_11_i_core_v_mini_mcu.peripheral_subsystem_i.clk_cg,69.59µm
_06815_,69.54µm
_07799_,69.54µm
_15904_,69.54µm
_17149_,69.54µm
_21412_,69.54µm
_24214_,69.54µm
_27313_,69.54µm
i_core_v_mini_mcu.ao_peripheral_subsystem_i.power_manager_i.power_manager_reg_top_i.cpu_iso_off_counter_qs\[1\],69.54µm
i_core_v_mini_mcu.memory_subsystem_i.ram0_i.tc_ram_i.sram\[8\]\[22\],69.54µm
i_core_v_mini_mcu.peripheral_slave_resp\[6\],69.54µm
net655,69.54µm
clknet_leaf_9_i_core_v_mini_mcu.peripheral_subsystem_i.clk_cg,69.54µm
clknet_leaf_49_i_core_v_mini_mcu.peripheral_subsystem_i.clk_cg,69.54µm
clknet_leaf_138_i_core_v_mini_mcu.cpu_subsystem_i.cpu_1_0.clk_i,69.54µm
clknet_leaf_162_i_core_v_mini_mcu.cpu_subsystem_i.cpu_1_0.clk_i,69.54µm
_08042_,69.49µm
_09399_,69.49µm
_19116_,69.49µm
_26156_,69.49µm
i_core_v_mini_mcu.ao_peripheral_subsystem_i.spi_subsystem_i.obi_spimemio_i.obi_to_picorv32_i.obi_resp_o\[28\],69.49µm
i_core_v_mini_mcu.cpu_subsystem_i.cpu_1_0.rf_ram_i.memory\[429\]\[0\],69.49µm
i_core_v_mini_mcu.memory_subsystem_i.ram0_i.tc_ram_i.sram\[0\]\[16\],69.49µm
i_core_v_mini_mcu.memory_subsystem_i.ram0_i.tc_ram_i.sram\[17\]\[27\],69.49µm
net392,69.49µm
_07169_,69.44µm
_07681_,69.44µm
_08035_,69.44µm
_08240_,69.44µm
_20436_,69.44µm
_23542_,69.44µm
_24702_,69.44µm
_24837_,69.44µm
_28068_,69.44µm
i_core_v_mini_mcu.ao_peripheral_subsystem_i.power_manager_i.power_manager_reg_top_i.global_pointer_qs\[2\],69.44µm
i_core_v_mini_mcu.ao_peripheral_subsystem_i.spi_subsystem_i.obi_spimemio_i.obi_to_picorv32_i.addr_buf\[21\],69.44µm
i_core_v_mini_mcu.ao_peripheral_subsystem_i.obi_fifo_i.consumer_data_req\[0\],69.21µm
i_core_v_mini_mcu.core_data_req\[27\],69.13µm
_07396_,69.03µm
_20341_,69.03µm
exit_value_int\[18\],69.03µm
net89,69.03µm
_07101_,68.98µm
_09857_,68.98µm
_15117_,68.98µm
_23793_,68.98µm
_25159_,68.98µm
i_core_v_mini_mcu.ao_peripheral_subsystem_i.mosaic_clint_i.mtimecmp_q\[83\],68.98µm
i_core_v_mini_mcu.ao_peripheral_subsystem_i.power_manager_i.power_manager_reg_top_i.cpu_reset_assert_counter_qs\[13\],68.98µm
i_core_v_mini_mcu.cpu_subsystem_i.cpu_0_0.i_servile.rf_ram_if.rtrig0,68.98µm
i_core_v_mini_mcu.memory_subsystem_i.ram0_i.tc_ram_i.sram\[0\]\[31\],68.98µm
net438,68.98µm
clknet_leaf_38_i_core_v_mini_mcu.cpu_subsystem_i.cpu_1_0.clk_i,68.98µm
_07953_,68.93µm
_08142_,68.93µm
_09066_,68.93µm
_19968_,68.93µm
_20343_,68.93µm
_21628_,68.93µm
_25574_,68.93µm
i_core_v_mini_mcu.memory_subsystem_i.ram0_i.tc_ram_i.sram\[23\]\[24\],68.93µm
_07527_,68.88µm
_12539_,68.88µm
_13171_,68.88µm
_19114_,68.88µm
_25475_,68.88µm
_25762_,68.88µm
_26293_,68.88µm
_26484_,68.88µm
_26783_,68.88µm
_27739_,68.88µm
i_core_v_mini_mcu.ao_peripheral_subsystem_i.tdu_i.task_mem\[2\]\[15\],68.88µm
i_core_v_mini_mcu.cpu_subsystem_i.cpu_1_0.rf_ram_i.memory\[418\]\[0\],68.88µm
net1769,68.88µm
clknet_leaf_26_i_core_v_mini_mcu.cpu_subsystem_i.cpu_1_0.clk_i,68.57µm
i_core_v_mini_mcu.peripheral_slave_resp\[11\],68.47µm
_09156_,68.42µm
_13788_,68.42µm
_22285_,68.42µm
i_core_v_mini_mcu.cpu_subsystem_i.cpu_1_0.rf_ram_i.memory\[44\]\[1\],68.42µm
_05959_,68.37µm
_06869_,68.37µm
_07526_,68.37µm
_07805_,68.37µm
_16885_,68.37µm
_23626_,68.37µm
_25852_,68.37µm
i_core_v_mini_mcu.memory_subsystem_i.ram0_i.tc_ram_i.sram\[3\]\[0\],68.37µm
_12907_,68.32µm
_18133_,68.32µm
_19799_,68.32µm
_23456_,68.32µm
_25792_,68.32µm
_26056_,68.32µm
_27379_,68.32µm
net1051,68.32µm
i_core_v_mini_mcu.peripheral_subsystem_i.uart_i.reg2hw\[83\],68.24µm
clknet_leaf_137_i_core_v_mini_mcu.cpu_subsystem_i.cpu_0_0.clk_i,68.14µm
i_core_v_mini_mcu.cpu_subsystem_i.cpu_0_0.rf_ram_i.memory\[466\]\[1\],68.09µm
_09482_,67.91µm
i_core_v_mini_mcu.cpu_subsystem_i.cpu_1_0.i_servile.cpu.immdec.gen_immdec_w_eq_1.imm11_7\[0\],67.91µm
clknet_leaf_86_i_core_v_mini_mcu.cpu_subsystem_i.cpu_1_0.clk_i,67.91µm
_06399_,67.86µm
_09356_,67.86µm
_12818_,67.86µm
_17882_,67.86µm
i_core_v_mini_mcu.cpu_subsystem_i.cpu_1_0.rf_ram_i.memory\[505\]\[0\],67.86µm
net147,67.86µm
clknet_leaf_19_i_core_v_mini_mcu.cpu_subsystem_i.cpu_1_0.clk_i,67.86µm
_10560_,67.81µm
_18285_,67.81µm
_18357_,67.81µm
_22521_,67.81µm
_24599_,67.81µm
_25651_,67.81µm
_26795_,67.81µm
i_core_v_mini_mcu.ao_peripheral_subsystem_i.soc_ctrl_i.soc_ctrl_reg_top_i.system_frequency_hz_qs\[14\],67.81µm
i_core_v_mini_mcu.memory_subsystem_i.ram0_i.tc_ram_i.sram\[16\]\[19\],67.81µm
net437,67.81µm
_05615_,67.76µm
_07679_,67.76µm
_09796_,67.76µm
_20557_,67.76µm
_22220_,67.76µm
_23463_,67.76µm
_24475_,67.76µm
_26998_,67.76µm
_27816_,67.76µm
i_core_v_mini_mcu.memory_subsystem_i.ram0_i.tc_ram_i.sram\[17\]\[15\],67.76µm
i_core_v_mini_mcu.peripheral_subsystem_i.obi_fifo_i.obi_req_fifo_i.status_cnt_q\[0\],67.76µm
_17943_,67.5µm
i_core_v_mini_mcu.ao_peripheral_subsystem_i.mosaic_clint_i.mtimecmp_q\[123\],67.4µm
i_core_v_mini_mcu.ao_peripheral_subsystem_i.mosaic_clint_i.mtimecmp_q\[99\],67.4µm
net188,67.4µm
_05637_,67.35µm
_15688_,67.35µm
net1292,67.35µm
net1446,67.35µm
clknet_leaf_7_i_core_v_mini_mcu.cpu_subsystem_i.cpu_1_0.clk_i,67.35µm
_07124_,67.3µm
_07779_,67.3µm
_10561_,67.3µm
_11755_,67.3µm
_13749_,67.3µm
_13778_,67.3µm
_26526_,67.3µm
i_core_v_mini_mcu.ao_peripheral_subsystem_i.clint_mtime_o\[10\],67.3µm
i_core_v_mini_mcu.ao_peripheral_subsystem_i.obi_fifo_i.consumer_data_req_q\[20\],67.3µm
i_core_v_mini_mcu.ao_peripheral_subsystem_i.spi_subsystem_i.obi_spimemio_i.cfgreg_do\[9\],67.3µm
i_core_v_mini_mcu.ao_peripheral_subsystem_i.tdu_i.task_mem\[7\]\[4\],67.3µm
i_core_v_mini_mcu.memory_subsystem_i.ram0_i.tc_ram_i.sram\[30\]\[12\],67.3µm
_06233_,67.25µm
_06334_,67.25µm
_07709_,67.25µm
_09596_,67.25µm
_13622_,67.25µm
_14059_,67.25µm
_21346_,67.25µm
_23315_,67.25µm
_24344_,67.25µm
_24534_,67.25µm
_26746_,67.25µm
_27776_,67.25µm
i_core_v_mini_mcu.cpu_subsystem_i.cpu_1_0.i_servile.cpu.decode.o_two_stage_op,67.25µm
i_core_v_mini_mcu.memory_subsystem_i.ram0_i.tc_ram_i.sram\[22\]\[21\],67.25µm
_11054_,67.2µm
_11076_,67.2µm
_11759_,67.2µm
_12994_,67.2µm
_20342_,67.2µm
_20589_,67.2µm
_21661_,67.2µm
_25125_,67.2µm
_25551_,67.2µm
_25594_,67.2µm
i_core_v_mini_mcu.cpu_subsystem_i.cpu_1_0.rf_ram_i.memory\[45\]\[0\],67.2µm
_12660_,67.11µm
_18316_,67.07µm
status_o[2],67.06µm
_14300_,66.97µm
i_core_v_mini_mcu.cpu_subsystem_i.cpu_1_0.i_servile.cpu.bufreg.i_shift_op,66.89µm
_16194_,66.79µm
_16805_,66.79µm
_24378_,66.79µm
clknet_leaf_19_i_core_v_mini_mcu.peripheral_subsystem_i.clk_cg,66.79µm
clknet_leaf_125_i_core_v_mini_mcu.cpu_subsystem_i.cpu_1_0.clk_i,66.79µm
_02953_,66.74µm
_07073_,66.74µm
_21659_,66.74µm
_05957_,66.69µm
_07585_,66.69µm
_07947_,66.69µm
_10642_,66.69µm
_10909_,66.69µm
_17004_,66.69µm
_24357_,66.69µm
i_core_v_mini_mcu.cpu_subsystem_i.cpu_0_0.i_servile.cpu.immdec.gen_immdec_w_eq_1.imm19_12_20\[7\],66.69µm
_06549_,66.64µm
_07173_,66.64µm
_07368_,66.64µm
_07970_,66.64µm
_10009_,66.64µm
_10353_,66.64µm
_13317_,66.64µm
_17708_,66.64µm
_17727_,66.64µm
_20553_,66.64µm
_25770_,66.64µm
_25974_,66.64µm
_28019_,66.64µm
net2,66.64µm
i_core_v_mini_mcu.cpu_subsystem_i.cpu_1_0.rf_ram_i.memory\[449\]\[1\],66.64µm
i_core_v_mini_mcu.memory_subsystem_i.ram0_i.tc_ram_i.sram\[1\]\[11\],66.64µm
net355,66.33µm
_10444_,66.28µm
_18519_,66.28µm
_23014_,66.28µm
_10839_,66.23µm
_13459_,66.23µm
_19818_,66.23µm
_21491_,66.23µm
i_core_v_mini_mcu.cpu_subsystem_i.cpu_1_0.rf_ram_i.memory\[236\]\[1\],66.23µm
_02956_,66.18µm
_07998_,66.18µm
_28117_,66.18µm
i_core_v_mini_mcu.ao_peripheral_subsystem_i.mosaic_clint_i.mtimecmp_q\[96\],66.18µm
i_core_v_mini_mcu.ao_peripheral_subsystem_i.obi_fifo_i.consumer_data_req_q\[21\],66.18µm
i_core_v_mini_mcu.cpu_subsystem_i.cpu_0_0.rf_ram_i.memory\[342\]\[1\],66.18µm
i_core_v_mini_mcu.memory_subsystem_i.ram0_i.tc_ram_i.sram\[17\]\[21\],66.18µm
net54,66.18µm
_00255_,66.13µm
_05948_,66.13µm
_06457_,66.13µm
_06990_,66.13µm
_08593_,66.13µm
_09302_,66.13µm
_09752_,66.13µm
_14281_,66.13µm
_18981_,66.13µm
_24273_,66.13µm
i_core_v_mini_mcu.ao_peripheral_subsystem_i.tdu_i.task_mem\[6\]\[20\],66.13µm
i_core_v_mini_mcu.cpu_subsystem_i.cpu_1_0.rf_ram_i.memory\[203\]\[0\],66.13µm
_03725_,66.08µm
_06016_,66.08µm
_07461_,66.08µm
_12751_,66.08µm
_18452_,66.08µm
_25236_,66.08µm
_25569_,66.08µm
_26519_,66.08µm
_26796_,66.08µm
i_core_v_mini_mcu.ao_peripheral_subsystem_i.clint_mtime_o\[63\],66.08µm
i_core_v_mini_mcu.ao_peripheral_subsystem_i.obi_fifo_i.consumer_data_req\[35\],66.08µm
i_core_v_mini_mcu.memory_subsystem_i.ram0_i.tc_ram_i.sram\[23\]\[21\],66.08µm
i_core_v_mini_mcu.cpu_subsystem_i.cpu_1_0.rf_ram_i.memory\[411\]\[1\],65.98µm
_19480_,65.77µm
_05732_,65.72µm
_17535_,65.72µm
_16109_,65.67µm
_20488_,65.67µm
_22602_,65.67µm
i_core_v_mini_mcu.ao_peripheral_subsystem_i.tdu_i.cpi_est_q\[8\],65.67µm
_07289_,65.62µm
_07520_,65.62µm
_07748_,65.62µm
_11304_,65.62µm
_16089_,65.62µm
_22315_,65.62µm
_24361_,65.62µm
_27538_,65.62µm
i_core_v_mini_mcu.ao_peripheral_subsystem_i.obi_fifo_i.consumer_data_req\[4\],65.62µm
i_core_v_mini_mcu.ao_peripheral_subsystem_i.spi_subsystem_i.obi_spimemio_i.spimemio_i.buffer\[7\],65.62µm
i_core_v_mini_mcu.memory_subsystem_i.ram0_i.tc_ram_i.sram\[4\]\[21\],65.62µm
net1733,65.62µm
net1773,65.62µm
clknet_leaf_37_i_core_v_mini_mcu.cpu_subsystem_i.cpu_1_0.clk_i,65.62µm
clknet_leaf_65_i_core_v_mini_mcu.cpu_subsystem_i.cpu_1_0.clk_i,65.62µm
clknet_leaf_81_i_core_v_mini_mcu.cpu_subsystem_i.cpu_1_0.clk_i,65.62µm
_05630_,65.57µm
_08182_,65.57µm
_11115_,65.57µm
_17208_,65.57µm
_17681_,65.57µm
_18179_,65.57µm
_18279_,65.57µm
_22877_,65.57µm
_23948_,65.57µm
_25090_,65.57µm
_26670_,65.57µm
i_core_v_mini_mcu.ao_peripheral_subsystem_i.tdu_i.cpi_est_q\[35\],65.57µm
i_core_v_mini_mcu.cpu_subsystem_i.cpu_1_0.rf_ram_i.memory\[449\]\[0\],65.57µm
i_core_v_mini_mcu.memory_subsystem_i.ram0_i.tc_ram_i.sram\[17\]\[20\],65.57µm
_07722_,65.52µm
_12168_,65.52µm
_13188_,65.52µm
_13950_,65.52µm
_13966_,65.52µm
_17031_,65.52µm
_18985_,65.52µm
_26601_,65.52µm
_26985_,65.52µm
i_core_v_mini_mcu.peripheral_subsystem_i.uart_i.reg2hw\[115\],65.52µm
_21513_,65.31µm
clknet_leaf_132_i_core_v_mini_mcu.cpu_subsystem_i.cpu_1_0.clk_i,65.31µm
_20273_,65.26µm
_22208_,65.16µm
_08998_,65.11µm
_14939_,65.11µm
_22827_,65.11µm
net57,65.11µm
net1813,65.11µm
_09319_,65.06µm
_18456_,65.06µm
_18923_,65.06µm
i_core_v_mini_mcu.peripheral_subsystem_i.uart_i.uart_core.rx_timeout_count_q\[12\],65.06µm
net207,65.06µm
_06654_,65.01µm
_07625_,65.01µm
_08832_,65.01µm
_08950_,65.01µm
_09244_,65.01µm
_11756_,65.01µm
_11780_,65.01µm
_14190_,65.01µm
_14393_,65.01µm
_18325_,65.01µm
_23284_,65.01µm
_23480_,65.01µm
i_core_v_mini_mcu.ao_peripheral_subsystem_i.power_manager_i.power_manager_reg_top_i.global_pointer_qs\[5\],65.01µm
i_core_v_mini_mcu.ao_peripheral_subsystem_i.soc_ctrl_i.reg2hw\[32\],65.01µm
i_core_v_mini_mcu.cpu_subsystem_i.cpu_0_0.rf_ram_i.memory\[341\]\[1\],65.01µm
net448,65.01µm
net618,65.01µm
_05881_,64.96µm
_07304_,64.96µm
_07380_,64.96µm
_08147_,64.96µm
_18792_,64.96µm
_20225_,64.96µm
_25859_,64.96µm
_26841_,64.96µm
_28091_,64.96µm
i_core_v_mini_mcu.cpu_subsystem_i.cpu_1_0.rf_ram_i.memory\[457\]\[1\],64.96µm
i_core_v_mini_mcu.memory_subsystem_i.ram0_i.tc_ram_i.sram\[31\]\[29\],64.96µm
i_core_v_mini_mcu.memory_subsystem_i.ram0_i.tc_ram_i.sram\[9\]\[18\],64.96µm
i_core_v_mini_mcu.cpu_subsystem_i.cpu_0_0.rf_ram_i.memory\[30\]\[1\],64.83µm
_09901_,64.78µm
_12504_,64.77µm
_15737_,64.65µm
i_core_v_mini_mcu.ao_peripheral_subsystem_i.spi_subsystem_i.obi_spimemio_i.spimemio_i.xfer.count\[2\],64.65µm
i_core_v_mini_mcu.peripheral_subsystem_i.uart_i.uart_core.uart_rx.bit_cnt_q\[0\],64.65µm
net1925,64.65µm
_13904_,64.6µm
_28063_,64.6µm
net85,64.6µm
_07273_,64.55µm
_17383_,64.55µm
_17389_,64.55µm
_17562_,64.55µm
i_core_v_mini_mcu.ao_peripheral_subsystem_i.power_manager_i.power_manager_reg_top_i.cpu_iso_on_counter_qs\[4\],64.55µm
i_core_v_mini_mcu.cpu_subsystem_i.cpu_1_0.i_servile.rf_ram_if.rtrig1,64.55µm
_05474_,64.5µm
_09910_,64.5µm
_17841_,64.5µm
_25453_,64.5µm
i_core_v_mini_mcu.ao_peripheral_subsystem_i.tdu_i.task_mem\[6\]\[24\],64.5µm
i_core_v_mini_mcu.memory_subsystem_i.ram0_i.tc_ram_i.sram\[18\]\[11\],64.5µm
i_core_v_mini_mcu.memory_subsystem_i.ram0_i.tc_ram_i.sram\[1\]\[17\],64.5µm
i_core_v_mini_mcu.peripheral_slave_resp\[1\],64.5µm
i_core_v_mini_mcu.peripheral_subsystem_i.obi_fifo_i.consumer_data_req\[68\],64.5µm
net617,64.5µm
clknet_leaf_99_i_core_v_mini_mcu.cpu_subsystem_i.cpu_1_0.clk_i,64.5µm
i_core_v_mini_mcu.ao_peripheral_subsystem_i.periph_to_reg_i.r_rdata_d\[7\],64.47µm
_06566_,64.45µm
_07579_,64.45µm
_07926_,64.45µm
_11022_,64.45µm
_14165_,64.45µm
_19809_,64.45µm
_21711_,64.45µm
_25398_,64.45µm
_25652_,64.45µm
_26210_,64.45µm
i_core_v_mini_mcu.ao_peripheral_subsystem_i.tdu_i.task_mem\[2\]\[31\],64.45µm
i_core_v_mini_mcu.ao_peripheral_subsystem_i.tdu_i.task_mem\[7\]\[2\],64.45µm
i_core_v_mini_mcu.cpu_subsystem_i.cpu_0_0.rf_ram_i.memory\[336\]\[1\],64.45µm
i_core_v_mini_mcu.memory_subsystem_i.ram0_i.tc_ram_i.sram\[0\]\[10\],64.45µm
i_core_v_mini_mcu.memory_subsystem_i.ram0_i.tc_ram_i.sram\[14\]\[11\],64.45µm
i_core_v_mini_mcu.memory_subsystem_i.ram0_i.tc_ram_i.sram\[1\]\[9\],64.45µm
_08151_,64.4µm
_08309_,64.4µm
_08739_,64.4µm
_14425_,64.4µm
_18860_,64.4µm
_18987_,64.4µm
_22129_,64.4µm
_22227_,64.4µm
_23267_,64.4µm
_24102_,64.4µm
_25598_,64.4µm
i_core_v_mini_mcu.ao_peripheral_subsystem_i.obi_fifo_i.consumer_resp_i\[6\],64.4µm
i_core_v_mini_mcu.ao_peripheral_subsystem_i.tdu_i.task_mem\[3\]\[29\],64.12µm
_15047_,64.09µm
clknet_leaf_54_i_core_v_mini_mcu.peripheral_subsystem_i.clk_cg,64.04µm
_05503_,63.99µm
_07100_,63.99µm
_09493_,63.99µm
_10322_,63.99µm
_16318_,63.99µm
_21496_,63.99µm
_12145_,63.96µm
_14362_,63.94µm
_20340_,63.94µm
_20788_,63.94µm
_21657_,63.94µm
_24853_,63.94µm
_25292_,63.94µm
i_core_v_mini_mcu.ao_peripheral_subsystem_i.obi_fifo_i.consumer_data_req\[47\],63.94µm
i_core_v_mini_mcu.ao_peripheral_subsystem_i.spi_subsystem_i.obi_spimemio_i.obi_to_picorv32_i.addr_buf\[19\],63.94µm
_06397_,63.89µm
_06587_,63.89µm
_08909_,63.89µm
_12854_,63.89µm
_16404_,63.89µm
_17685_,63.89µm
_22203_,63.89µm
_26691_,63.89µm
i_core_v_mini_mcu.ao_peripheral_subsystem_i.mosaic_clint_i.mtimecmp_q\[3\],63.89µm
i_core_v_mini_mcu.ao_peripheral_subsystem_i.tdu_i.task_mem\[7\]\[8\],63.89µm
_07659_,63.84µm
_09990_,63.84µm
_13556_,63.84µm
_19917_,63.84µm
_22329_,63.84µm
_24569_,63.84µm
_27283_,63.84µm
i_core_v_mini_mcu.ao_peripheral_subsystem_i.obi_fifo_i.consumer_resp_i\[12\],63.84µm
i_core_v_mini_mcu.ao_peripheral_subsystem_i.obi_fifo_i.consumer_resp_i\[1\],63.84µm
i_core_v_mini_mcu.ao_peripheral_subsystem_i.power_manager_i.power_manager_reg_top_i.cpu_reset_deassert_counter_qs\[1\],63.84µm
i_core_v_mini_mcu.cpu_subsystem_i.cpu_1_0.rf_ram_i.memory\[48\]\[0\],63.84µm
i_core_v_mini_mcu.memory_subsystem_i.ram0_i.tc_ram_i.sram\[10\]\[25\],63.84µm
status_o[6],63.7µm
_06599_,63.48µm
_09357_,63.48µm
net1727,63.48µm
clknet_leaf_9_i_core_v_mini_mcu.cpu_subsystem_i.cpu_1_0.clk_i,63.48µm
_18509_,63.43µm
i_core_v_mini_mcu.ao_peripheral_subsystem_i.spi_subsystem_i.obi_spimemio_i.spimemio_i.config_oe\[3\],63.43µm
i_core_v_mini_mcu.system_bus_i.system_xbar_i.gen_xbar_NtoM.i_xbar.gen_inputs\[3\].i_addr_dec_resp_mux.valid_inflight_q,63.43µm
clknet_leaf_95_clk_i_regs,63.43µm
clknet_leaf_142_i_core_v_mini_mcu.cpu_subsystem_i.cpu_1_0.clk_i,63.43µm
_05461_,63.38µm
_06585_,63.38µm
_11049_,63.38µm
_14912_,63.38µm
_22798_,63.38µm
_25490_,63.38µm
_26956_,63.38µm
i_core_v_mini_mcu.ao_peripheral_subsystem_i.obi_fifo_i.consumer_data_req\[38\],63.38µm
net546,63.38µm
_08621_,63.33µm
_09085_,63.33µm
_09259_,63.33µm
_10570_,63.33µm
_12770_,63.33µm
_20729_,63.33µm
_24676_,63.33µm
_24782_,63.33µm
_25351_,63.33µm
_25381_,63.33µm
_26359_,63.33µm
i_core_v_mini_mcu.ao_peripheral_subsystem_i.obi_fifo_i.consumer_data_req\[50\],63.33µm
i_core_v_mini_mcu.ao_peripheral_subsystem_i.soc_ctrl_i.soc_ctrl_reg_top_i.system_frequency_hz_qs\[5\],63.33µm
i_core_v_mini_mcu.ao_peripheral_subsystem_i.spi_subsystem_i.obi_spimemio_i.obi_to_picorv32_i.picorv32_resp_i\[26\],63.33µm
i_core_v_mini_mcu.cpu_subsystem_i.cpu_0_0.rf_ram_i.memory\[261\]\[0\],63.33µm
i_core_v_mini_mcu.memory_subsystem_i.ram0_i.tc_ram_i.sram\[0\]\[29\],63.33µm
net139,63.33µm
net1716,63.33µm
net1763,63.33µm
_07724_,63.28µm
_11504_,63.28µm
_14063_,63.28µm
_17735_,63.28µm
_18751_,63.28µm
_19075_,63.28µm
_19077_,63.28µm
_23298_,63.28µm
_25748_,63.28µm
_25955_,63.28µm
_26459_,63.28µm
_26961_,63.28µm
i_core_v_mini_mcu.cpu_subsystem_i.cpu_1_0.rf_ram_i.memory\[410\]\[1\],63.28µm
i_core_v_mini_mcu.memory_subsystem_i.ram0_i.tc_ram_i.sram\[10\]\[22\],63.28µm
i_core_v_mini_mcu.peripheral_subsystem_i.uart_i.reg2hw\[112\],63.28µm
boot_select_i,63.14µm
i_core_v_mini_mcu.cpu_subsystem_i.cpu_1_0.rf_ram_i.memory\[448\]\[1\],63.05µm
_17647_,62.97µm
clknet_leaf_29_i_core_v_mini_mcu.cpu_subsystem_i.cpu_1_0.clk_i,62.92µm
_06661_,62.87µm
_08671_,62.87µm
_15135_,62.87µm
_16673_,62.87µm
_18376_,62.87µm
_21641_,62.87µm
i_core_v_mini_mcu.cpu_subsystem_i.cpu_0_0.i_servile.cpu.ctrl.o_ibus_adr\[5\],62.87µm
i_core_v_mini_mcu.peripheral_slave_resp\[3\],62.87µm
_07041_,62.82µm
_08405_,62.82µm
_08556_,62.82µm
_10606_,62.82µm
_11170_,62.82µm
_13042_,62.82µm
_17392_,62.82µm
_23280_,62.82µm
_27882_,62.82µm
i_core_v_mini_mcu.ao_peripheral_subsystem_i.mosaic_clint_i.mtimecmp_q\[114\],62.82µm
i_core_v_mini_mcu.ao_peripheral_subsystem_i.power_manager_i.power_manager_reg_top_i.en_wait_for_intr_qs\[6\],62.82µm
i_core_v_mini_mcu.memory_subsystem_i.ram0_i.tc_ram_i.sram\[0\]\[28\],62.82µm
i_core_v_mini_mcu.memory_subsystem_i.ram0_i.tc_ram_i.sram\[31\]\[15\],62.82µm
net1705,62.82µm
i_core_v_mini_mcu.cpu_subsystem_i.cpu_1_0.rf_ram_i.memory\[254\]\[1\],62.81µm
_07772_,62.77µm
_07954_,62.77µm
_09971_,62.77µm
_10087_,62.77µm
_16894_,62.77µm
_17715_,62.77µm
_21494_,62.77µm
_25371_,62.77µm
_25503_,62.77µm
_27777_,62.77µm
i_core_v_mini_mcu.ao_peripheral_subsystem_i.obi_fifo_i.consumer_resp_i\[9\],62.77µm
i_core_v_mini_mcu.ao_peripheral_subsystem_i.power_manager_i.power_manager_reg_top_i.reg2hw\[226\],62.77µm
i_core_v_mini_mcu.ao_peripheral_subsystem_i.spi_subsystem_i.obi_spimemio_i.obi_to_picorv32_i.addr_buf\[3\],62.77µm
i_core_v_mini_mcu.cpu_subsystem_i.cpu_0_0.i_servile.cpu.immdec.gen_immdec_w_eq_1.imm31,62.77µm
i_core_v_mini_mcu.cpu_subsystem_i.cpu_0_0.rf_ram_i.memory\[484\]\[1\],62.77µm
i_core_v_mini_mcu.cpu_subsystem_i.cpu_1_0.rf_ram_i.memory\[430\]\[0\],62.77µm
i_core_v_mini_mcu.memory_subsystem_i.ram0_i.tc_ram_i.sram\[0\]\[20\],62.77µm
i_core_v_mini_mcu.memory_subsystem_i.ram0_i.tc_ram_i.sram\[0\]\[21\],62.77µm
i_core_v_mini_mcu.memory_subsystem_i.ram0_i.tc_ram_i.sram\[1\]\[18\],62.77µm
net960,62.77µm
_02985_,62.72µm
_07199_,62.72µm
_07358_,62.72µm
_07686_,62.72µm
_26314_,62.49µm
_22138_,62.44µm
_08847_,62.36µm
_20244_,62.36µm
i_core_v_mini_mcu.peripheral_subsystem_i.uart_i.uart_core.u_uart_txfifo.gen_normal_fifo.fifo_rptr\[0\],62.36µm
_09387_,62.31µm
i_core_v_mini_mcu.core_data_req\[95\],62.31µm
i_core_v_mini_mcu.cpu_subsystem_i.cpu_1_0.rf_ram_i.memory\[442\]\[0\],62.31µm
_26416_,62.3µm
_06625_,62.26µm
_07908_,62.26µm
_08787_,62.26µm
_08999_,62.26µm
_09814_,62.26µm
_12856_,62.26µm
_17581_,62.26µm
_18359_,62.26µm
_21218_,62.26µm
_22214_,62.26µm
_22564_,62.26µm
i_core_v_mini_mcu.memory_subsystem_i.ram0_i.tc_ram_i.sram\[20\]\[29\],62.26µm
i_core_v_mini_mcu.memory_subsystem_i.ram0_i.tc_ram_i.sram\[24\]\[7\],62.26µm
_07315_,62.21µm
_07441_,62.21µm
_07735_,62.21µm
_08022_,62.21µm
_10687_,62.21µm
_17165_,62.21µm
_17619_,62.21µm
_24894_,62.21µm
_25505_,62.21µm
_25613_,62.21µm
_26006_,62.21µm
_26037_,62.21µm
_26428_,62.21µm
i_core_v_mini_mcu.memory_subsystem_i.ram0_i.tc_ram_i.sram\[0\]\[17\],62.21µm
net494,62.21µm
_06532_,62.16µm
_07871_,62.16µm
_08397_,62.16µm
_11846_,62.16µm
_12794_,62.16µm
_13151_,62.16µm
_25691_,62.16µm
_27766_,62.16µm
i_core_v_mini_mcu.ao_peripheral_subsystem_i.obi_fifo_i.consumer_resp_i\[26\],62.16µm
_13403_,61.87µm
_06048_,61.8µm
_06570_,61.8µm
_15011_,61.8µm
_16095_,61.8µm
i_core_v_mini_mcu.ao_peripheral_subsystem_i.obi_fifo_i.consumer_data_req\[2\],61.8µm
i_core_v_mini_mcu.cpu_subsystem_i.cpu_1_0.rf_ram_i.memory\[426\]\[1\],61.8µm
_06729_,61.7µm
_08422_,61.7µm
_13945_,61.7µm
_17497_,61.7µm
_27040_,61.7µm
i_core_v_mini_mcu.ao_peripheral_subsystem_i.clint_mtime_o\[43\],61.7µm
i_core_v_mini_mcu.memory_subsystem_i.ram0_i.tc_ram_i.sram\[5\]\[14\],61.7µm
i_core_v_mini_mcu.peripheral_subsystem_i.uart_i.uart_core.uart_tx.sreg_q\[3\],61.7µm
net151,61.7µm
net440,61.7µm
_06425_,61.65µm
_08036_,61.65µm
_08265_,61.65µm
_08644_,61.65µm
_09162_,61.65µm
_14283_,61.65µm
_18334_,61.65µm
_20750_,61.65µm
_23518_,61.65µm
_26837_,61.65µm
_27613_,61.65µm
i_core_v_mini_mcu.ao_peripheral_subsystem_i.power_manager_i.power_manager_reg_top_i.en_wait_for_intr_qs\[8\],61.65µm
i_core_v_mini_mcu.ao_peripheral_subsystem_i.tdu_i.cpi_est_q\[11\],61.65µm
i_core_v_mini_mcu.memory_subsystem_i.ram0_i.tc_ram_i.sram\[23\]\[26\],61.65µm
net136,61.65µm
net631,61.65µm
_08764_,61.6µm
_10011_,61.6µm
_13555_,61.6µm
_14395_,61.6µm
_26263_,61.6µm
_26847_,61.6µm
_26862_,61.6µm
i_core_v_mini_mcu.ao_peripheral_subsystem_i.mosaic_clint_i.mtimecmp_q\[23\],61.6µm
i_core_v_mini_mcu.ao_peripheral_subsystem_i.tdu_i.task_mem\[2\]\[11\],61.6µm
i_core_v_mini_mcu.cpu_subsystem_i.cpu_0_0.rf_ram_i.memory\[231\]\[1\],61.6µm
i_core_v_mini_mcu.memory_subsystem_i.ram0_i.tc_ram_i.sram\[11\]\[22\],61.6µm
i_core_v_mini_mcu.peripheral_subsystem_i.uart_i.uart_core.uart_tx.sreg_q\[4\],61.6µm
_19279_,61.29µm
_17875_,61.24µm
clknet_leaf_92_i_core_v_mini_mcu.cpu_subsystem_i.cpu_1_0.clk_i,61.24µm
_09886_,61.19µm
_17972_,61.19µm
_24809_,61.19µm
i_core_v_mini_mcu.ao_peripheral_subsystem_i.mosaic_clint_i.mtimecmp_q\[68\],61.19µm
i_core_v_mini_mcu.cpu_subsystem_i.cpu_1_0.rf_ram_i.memory\[228\]\[1\],61.19µm
net61,61.19µm
net449,61.19µm
net1283,61.19µm
_10367_,61.14µm
_13968_,61.14µm
_14876_,61.14µm
_17412_,61.14µm
_18539_,61.14µm
_20716_,61.14µm
i_core_v_mini_mcu.ao_peripheral_subsystem_i.clint_mtime_o\[39\],61.14µm
i_core_v_mini_mcu.ao_peripheral_subsystem_i.mosaic_clint_i.mtimecmp_q\[82\],61.14µm
i_core_v_mini_mcu.ao_peripheral_subsystem_i.tdu_i.task_mem\[2\]\[14\],61.14µm
i_core_v_mini_mcu.ao_peripheral_subsystem_i.tdu_i.task_mem\[2\]\[26\],61.14µm
i_core_v_mini_mcu.cpu_subsystem_i.cpu_1_0.rf_ram_i.memory\[266\]\[0\],61.14µm
i_core_v_mini_mcu.memory_subsystem_i.ram0_i.tc_ram_i.sram\[0\]\[13\],61.14µm
i_core_v_mini_mcu.memory_subsystem_i.ram0_i.tc_ram_i.sram\[5\]\[13\],61.14µm
i_core_v_mini_mcu.memory_subsystem_i.ram0_i.tc_ram_i.sram\[9\]\[3\],61.14µm
_09016_,61.09µm
_11106_,61.09µm
_14561_,61.09µm
_22556_,61.09µm
_27188_,61.09µm
i_core_v_mini_mcu.ao_peripheral_subsystem_i.obi_fifo_i.consumer_data_req\[40\],61.09µm
i_core_v_mini_mcu.cpu_subsystem_i.cpu_1_0.i_servile.cpu.immdec.gen_immdec_w_eq_1.imm24_20\[3\],61.09µm
i_core_v_mini_mcu.cpu_subsystem_i.cpu_1_0.rf_ram_i.memory\[444\]\[0\],61.09µm
i_core_v_mini_mcu.cpu_subsystem_i.cpu_1_0.rf_ram_i.memory\[63\]\[1\],61.09µm
net1892,61.09µm
clknet_leaf_100_clk_i_regs,61.09µm
_07122_,61.04µm
_07849_,61.04µm
_09452_,61.04µm
_12563_,61.04µm
_13390_,61.04µm
_15001_,61.04µm
_15708_,61.04µm
_20703_,61.04µm
_22254_,61.04µm
_23450_,61.04µm
_24444_,61.04µm
_24504_,61.04µm
_24911_,61.04µm
_25538_,61.04µm
_26528_,61.04µm
_26671_,61.04µm
_27428_,61.04µm
_28067_,61.04µm
i_core_v_mini_mcu.ao_peripheral_subsystem_i.tdu_i.cpi_est_q\[18\],61.04µm
i_core_v_mini_mcu.core_data_req\[13\],61.04µm
net353,61.04µm
i_core_v_mini_mcu.memory_subsystem_i.ram0_i.tc_ram_i.sram\[15\]\[27\],60.76µm
_08689_,60.73µm
_13977_,60.73µm
_05472_,60.68µm
_06469_,60.68µm
_15518_,60.68µm
_16289_,60.68µm
_17677_,60.68µm
i_core_v_mini_mcu.cpu_subsystem_i.cpu_1_0.rf_ram_i.memory\[107\]\[0\],60.68µm
_08647_,60.63µm
_10036_,60.63µm
_13780_,60.63µm
_15957_,60.63µm
_18142_,60.63µm
_09562_,60.58µm
_11347_,60.58µm
_15777_,60.58µm
_24882_,60.58µm
_25365_,60.58µm
i_core_v_mini_mcu.ao_peripheral_subsystem_i.tdu_i.cpi_est_q\[12\],60.58µm
i_core_v_mini_mcu.memory_subsystem_i.ram0_i.tc_ram_i.sram\[10\]\[14\],60.58µm
_10572_,60.53µm
_12416_,60.53µm
_13765_,60.53µm
_13990_,60.53µm
_18797_,60.53µm
_22751_,60.53µm
_27088_,60.53µm
i_core_v_mini_mcu.ao_peripheral_subsystem_i.mosaic_clint_i.mtimecmp_q\[94\],60.53µm
i_core_v_mini_mcu.ao_peripheral_subsystem_i.obi_fifo_i.consumer_data_req\[36\],60.53µm
i_core_v_mini_mcu.ao_peripheral_subsystem_i.obi_fifo_i.consumer_data_req\[62\],60.53µm
i_core_v_mini_mcu.ao_peripheral_subsystem_i.tdu_i.task_mem\[2\]\[24\],60.53µm
i_core_v_mini_mcu.cpu_subsystem_i.cpu_0_0.i_servile.cpu.immdec.gen_immdec_w_eq_1.imm11_7\[1\],60.53µm
i_core_v_mini_mcu.memory_subsystem_i.ram0_i.tc_ram_i.sram\[16\]\[27\],60.53µm
i_core_v_mini_mcu.peripheral_subsystem_i.periph_to_reg_i.r_rdata_d\[0\],60.53µm
net1750,60.53µm
_05557_,60.48µm
_06716_,60.48µm
_07336_,60.48µm
_07480_,60.48µm
_08817_,60.48µm
_10102_,60.48µm
_12451_,60.48µm
_15330_,60.48µm
_17175_,60.48µm
_25107_,60.48µm
_25183_,60.48µm
_25936_,60.48µm
_27028_,60.48µm
_27616_,60.48µm
_27736_,60.48µm
_27772_,60.48µm
_28057_,60.48µm
i_core_v_mini_mcu.core_data_req\[26\],60.48µm
i_core_v_mini_mcu.cpu_subsystem_i.cpu_1_0.rf_ram_i.memory\[310\]\[1\],60.48µm
i_core_v_mini_mcu.memory_subsystem_i.ram0_i.tc_ram_i.sram\[16\]\[30\],60.48µm
_10306_,60.3µm
i_core_v_mini_mcu.ao_peripheral_subsystem_i.mosaic_clint_i.mtimecmp_q\[127\],60.17µm
_10527_,60.12µm
_15275_,60.12µm
i_core_v_mini_mcu.ao_peripheral_subsystem_i.power_manager_i.power_manager_reg_top_i.cpu_iso_off_counter_qs\[0\],60.12µm
i_core_v_mini_mcu.ao_peripheral_subsystem_i.power_manager_i.power_manager_reg_top_i.periph_wait_ack_switch_on_qs,60.12µm
i_core_v_mini_mcu.memory_subsystem_i.ram0_i.tc_ram_i.sram\[0\]\[24\],60.12µm
i_core_v_mini_mcu.memory_subsystem_i.ram0_i.tc_ram_i.sram\[14\]\[14\],60.12µm
_05840_,60.07µm
_09390_,60.07µm
_17328_,60.07µm
_18205_,60.07µm
i_core_v_mini_mcu.ao_peripheral_subsystem_i.obi_fifo_i.consumer_data_req_q\[15\],60.07µm
i_core_v_mini_mcu.cpu_subsystem_i.cpu_1_0.rf_ram_i.memory\[435\]\[1\],60.07µm
net205,60.07µm
_09065_,60.02µm
_09261_,60.02µm
_25842_,60.02µm
_26353_,60.02µm
_26432_,60.02µm
_26726_,60.02µm
i_core_v_mini_mcu.ao_peripheral_subsystem_i.obi_fifo_i.consumer_data_req_q\[12\],60.02µm
i_core_v_mini_mcu.ao_peripheral_subsystem_i.spi_subsystem_i.obi_spimemio_i.spimemio_i.buffer\[5\],60.02µm
i_core_v_mini_mcu.ao_peripheral_subsystem_i.tdu_i.task_mem\[0\]\[18\],60.02µm
i_core_v_mini_mcu.cpu_subsystem_i.cpu_0_0.rf_ram_i.memory\[73\]\[1\],60.02µm
net1265,60.02µm
_06724_,59.97µm
_10100_,59.97µm
_11348_,59.97µm
_17628_,59.97µm
_19101_,59.97µm
_20301_,59.97µm
_24525_,59.97µm
_26764_,59.97µm
i_core_v_mini_mcu.ao_peripheral_subsystem_i.spi_subsystem_i.obi_spimemio_i.spimemio_i.rd_addr\[21\],59.97µm
i_core_v_mini_mcu.ao_peripheral_subsystem_i.tdu_i.cpi_est_q\[47\],59.97µm
i_core_v_mini_mcu.ao_peripheral_subsystem_i.tdu_i.cpi_est_q\[5\],59.97µm
i_core_v_mini_mcu.ao_peripheral_subsystem_i.tdu_i.task_mem\[0\]\[29\],59.97µm
i_core_v_mini_mcu.memory_subsystem_i.ram0_i.tc_ram_i.sram\[23\]\[8\],59.97µm
_06852_,59.92µm
_07215_,59.92µm
_07518_,59.92µm
_07621_,59.92µm
_13763_,59.92µm
_18287_,59.92µm
_20197_,59.92µm
_26578_,59.92µm
_27080_,59.92µm
_27623_,59.92µm
i_core_v_mini_mcu.ao_peripheral_subsystem_i.obi_fifo_i.consumer_resp_i\[20\],59.92µm
_12355_,59.66µm
i_core_v_mini_mcu.ao_peripheral_subsystem_i.mosaic_clint_i.mtimecmp_q\[85\],59.61µm
_06658_,59.56µm
_10379_,59.51µm
_14292_,59.51µm
_27890_,59.51µm
exit_value_int\[11\],59.51µm
i_core_v_mini_mcu.cpu_subsystem_i.cpu_1_0.rf_ram_i.memory\[440\]\[0\],59.51µm
_05807_,59.46µm
_08190_,59.46µm
_20110_,59.46µm
_23903_,59.46µm
_27336_,59.46µm
i_core_v_mini_mcu.ao_peripheral_subsystem_i.power_manager_i.power_manager_reg_top_i.global_pointer_qs\[4\],59.46µm
i_core_v_mini_mcu.ao_peripheral_subsystem_i.tdu_i.task_mem\[2\]\[10\],59.46µm
net929,59.46µm
_07977_,59.41µm
_08319_,59.41µm
_08759_,59.41µm
_11869_,59.41µm
_18253_,59.41µm
_23565_,59.41µm
_25895_,59.41µm
_26803_,59.41µm
i_core_v_mini_mcu.ao_peripheral_subsystem_i.power_manager_i.power_manager_reg_top_i.cpu_iso_off_counter_qs\[4\],59.41µm
i_core_v_mini_mcu.ao_peripheral_subsystem_i.tdu_i.task_mem\[3\]\[2\],59.41µm
i_core_v_mini_mcu.memory_subsystem_i.ram0_i.tc_ram_i.sram\[1\]\[16\],59.41µm
i_core_v_mini_mcu.memory_subsystem_i.ram0_i.tc_ram_i.sram\[3\]\[5\],59.41µm
i_core_v_mini_mcu.peripheral_slave_resp\[9\],59.41µm
_06630_,59.36µm
_07477_,59.36µm
_13279_,59.36µm
_14096_,59.36µm
_15945_,59.36µm
_20362_,59.36µm
_23477_,59.36µm
_26347_,59.36µm
_26397_,59.36µm
_26496_,59.36µm
_26689_,59.36µm
exit_value_int\[13\],59.36µm
i_core_v_mini_mcu.ao_peripheral_subsystem_i.tdu_i.task_mem\[7\]\[16\],59.36µm
i_core_v_mini_mcu.ao_peripheral_subsystem_i.tdu_i.cpi_est_q\[3\],59.13µm
i_core_v_mini_mcu.cpu_subsystem_i.cpu_0_0.rf_ram_i.memory\[339\]\[1\],59.13µm
_09386_,59.1µm
_16565_,59.05µm
_17061_,59.05µm
_07264_,59µm
_17400_,59µm
i_core_v_mini_mcu.ao_peripheral_subsystem_i.spi_subsystem_i.obi_spimemio_i.spimemio_i.rd_valid,59µm
net358,59µm
clknet_leaf_87_i_core_v_mini_mcu.cpu_subsystem_i.cpu_1_0.clk_i,59µm
clknet_leaf_171_i_core_v_mini_mcu.cpu_subsystem_i.cpu_1_0.clk_i,59µm
_06357_,58.95µm
_08698_,58.95µm
_10515_,58.95µm
clknet_leaf_21_i_core_v_mini_mcu.peripheral_subsystem_i.clk_cg,58.95µm
_06562_,58.9µm
_06702_,58.9µm
_08539_,58.9µm
_09177_,58.9µm
_12645_,58.9µm
_14997_,58.9µm
_15138_,58.9µm
_22017_,58.9µm
_26464_,58.9µm
i_core_v_mini_mcu.cpu_subsystem_i.cpu_0_0.rf_ram_i.memory\[461\]\[0\],58.9µm
i_core_v_mini_mcu.cpu_subsystem_i.cpu_1_0.i_servile.arbiter.i_wb_cpu_dbus_adr\[31\],58.9µm
net1869,58.9µm
clknet_leaf_6_i_core_v_mini_mcu.peripheral_subsystem_i.clk_cg,58.9µm
_12308_,58.85µm
_12608_,58.85µm
_12630_,58.85µm
_13964_,58.85µm
_13991_,58.85µm
_18675_,58.85µm
_20270_,58.85µm
_20511_,58.85µm
_23806_,58.85µm
_23864_,58.85µm
_27255_,58.85µm
i_core_v_mini_mcu.ao_peripheral_subsystem_i.clint_mtime_o\[60\],58.85µm
i_core_v_mini_mcu.ao_peripheral_subsystem_i.memory_subsystem_pwr_ctrl_i,58.85µm
i_core_v_mini_mcu.ao_peripheral_subsystem_i.obi_fifo_i.consumer_state_q,58.85µm
i_core_v_mini_mcu.ao_peripheral_subsystem_i.tdu_i.task_mem\[1\]\[3\],58.85µm
i_core_v_mini_mcu.cpu_subsystem_i.cpu_1_0.rf_ram_i.memory\[416\]\[1\],58.85µm
i_core_v_mini_mcu.memory_subsystem_i.ram0_i.tc_ram_i.sram\[18\]\[24\],58.85µm
i_core_v_mini_mcu.memory_subsystem_i.ram0_i.tc_ram_i.sram\[30\]\[18\],58.85µm
net1900,58.85µm
_06340_,58.8µm
_06501_,58.8µm
_07339_,58.8µm
_08318_,58.8µm
_12396_,58.8µm
_13508_,58.8µm
_19738_,58.8µm
_20592_,58.8µm
_21579_,58.8µm
_23521_,58.8µm
_25689_,58.8µm
_25894_,58.8µm
_26791_,58.8µm
_27620_,58.8µm
i_core_v_mini_mcu.ao_peripheral_subsystem_i.power_manager_i.power_manager_reg_top_i.cpu_reset_assert_counter_qs\[2\],58.8µm
i_core_v_mini_mcu.ao_peripheral_subsystem_i.spi_subsystem_i.obi_spimemio_i.obi_to_picorv32_i.picorv32_resp_i\[14\],58.8µm
i_core_v_mini_mcu.ao_peripheral_subsystem_i.tdu_i.cpi_est_q\[38\],58.8µm
i_core_v_mini_mcu.ao_peripheral_subsystem_i.tdu_i.task_mem\[6\]\[26\],58.8µm
i_core_v_mini_mcu.cpu_subsystem_i.cpu_1_0.rf_ram_i.memory\[364\]\[1\],58.8µm
i_core_v_mini_mcu.memory_subsystem_i.ram0_i.tc_ram_i.sram\[22\]\[6\],58.8µm
spi_flash_cs_o,58.66µm
_17954_,58.49µm
_09110_,58.44µm
_17565_,58.44µm
_23325_,58.44µm
i_core_v_mini_mcu.cpu_subsystem_i.cpu_0_0.rf_ram_i.memory\[33\]\[1\],58.44µm
_08942_,58.39µm
_14879_,58.39µm
_15691_,58.39µm
i_core_v_mini_mcu.ao_peripheral_subsystem_i.mosaic_clint_i.mtimecmp_q\[107\],58.39µm
i_core_v_mini_mcu.ao_peripheral_subsystem_i.spi_subsystem_i.obi_spimemio_i.obi_to_picorv32_i.obi_resp_o\[18\],58.39µm
i_core_v_mini_mcu.memory_subsystem_i.ram0_i.tc_ram_i.sram\[1\]\[19\],58.39µm
i_core_v_mini_mcu.memory_subsystem_i.ram0_i.tc_ram_i.sram\[25\]\[31\],58.39µm
net916,58.39µm
net1067,58.39µm
clknet_leaf_38_i_core_v_mini_mcu.peripheral_subsystem_i.clk_cg,58.39µm
_10086_,58.34µm
_13898_,58.34µm
_20530_,58.34µm
_21668_,58.34µm
_22317_,58.34µm
_24303_,58.34µm
i_core_v_mini_mcu.ao_peripheral_subsystem_i.mosaic_clint_i.mtimecmp_q\[36\],58.34µm
i_core_v_mini_mcu.ao_peripheral_subsystem_i.tdu_i.task_mem\[5\]\[3\],58.34µm
i_core_v_mini_mcu.ao_peripheral_subsystem_i.tdu_i.task_mem\[7\]\[22\],58.34µm
i_core_v_mini_mcu.memory_subsystem_i.ram0_i.tc_ram_i.sram\[1\]\[28\],58.34µm
net566,58.34µm
_06405_,58.29µm
_09706_,58.29µm
_16347_,58.29µm
_18983_,58.29µm
_19686_,58.29µm
_22118_,58.29µm
_26256_,58.29µm
_26527_,58.29µm
_26774_,58.29µm
i_core_v_mini_mcu.ao_peripheral_subsystem_i.tdu_i.task_mem\[5\]\[5\],58.29µm
i_core_v_mini_mcu.cpu_subsystem_i.cpu_1_0.rf_ram_i.memory\[96\]\[1\],58.29µm
i_core_v_mini_mcu.memory_subsystem_i.ram0_i.tc_ram_i.sram\[17\]\[25\],58.29µm
_06513_,58.24µm
_07140_,58.24µm
_07925_,58.24µm
_08442_,58.24µm
_10780_,58.24µm
_11424_,58.24µm
_16241_,58.24µm
_18151_,58.24µm
_20495_,58.24µm
_20578_,58.24µm
_22272_,58.24µm
_26381_,58.24µm
_26419_,58.24µm
_26600_,58.24µm
i_core_v_mini_mcu.ao_peripheral_subsystem_i.power_manager_i.power_manager_reg_top_i.cpu_counters_stop_cpu_iso_on_stop_bit_counter_qs,58.24µm
i_core_v_mini_mcu.ao_peripheral_subsystem_i.spi_subsystem_i.obi_spimemio_i.spimemio_i.buffer\[10\],58.24µm
net1609,58.24µm
_26787_,58.17µm
_13833_,58.08µm
net99,57.98µm
_09646_,57.93µm
_07159_,57.88µm
_08346_,57.83µm
_09108_,57.83µm
_09508_,57.83µm
_14001_,57.83µm
_18101_,57.83µm
i_core_v_mini_mcu.ao_peripheral_subsystem_i.power_manager_i.power_manager_reg_top_i.reg2hw\[223\],57.83µm
i_core_v_mini_mcu.peripheral_subsystem_i.uart_i.uart_core.rx_timeout_count_q\[14\],57.83µm
_15281_,57.78µm
_15376_,57.78µm
_15379_,57.78µm
_16270_,57.78µm
i_core_v_mini_mcu.ao_peripheral_subsystem_i.spi_subsystem_i.obi_spimemio_i.spimemio_i.xfer.flash_io0_do,57.78µm
i_core_v_mini_mcu.memory_subsystem_i.ram0_i.tc_ram_i.sram\[13\]\[24\],57.78µm
net117,57.78µm
_06015_,57.73µm
_06046_,57.73µm
_06178_,57.73µm
_06626_,57.73µm
_06682_,57.73µm
_07951_,57.73µm
_09522_,57.73µm
_10474_,57.73µm
_13643_,57.73µm
_15747_,57.73µm
_26250_,57.73µm
i_core_v_mini_mcu.ao_peripheral_subsystem_i.obi_fifo_i.consumer_resp_i\[23\],57.73µm
i_core_v_mini_mcu.ao_peripheral_subsystem_i.spi_subsystem_i.obi_spimemio_i.cfgreg_do\[11\],57.73µm
i_core_v_mini_mcu.ao_peripheral_subsystem_i.spi_subsystem_i.obi_spimemio_i.spimemio_i.buffer\[19\],57.73µm
i_core_v_mini_mcu.memory_subsystem_i.ram0_i.tc_ram_i.sram\[19\]\[31\],57.73µm
_06470_,57.68µm
_07205_,57.68µm
_07296_,57.68µm
_07704_,57.68µm
_09988_,57.68µm
_10117_,57.68µm
_11077_,57.68µm
_14157_,57.68µm
_17730_,57.68µm
_18361_,57.68µm
_26369_,57.68µm
i_core_v_mini_mcu.ao_peripheral_subsystem_i.tdu_i.task_mem\[0\]\[0\],57.68µm
i_core_v_mini_mcu.cpu_subsystem_i.cpu_1_0.rf_ram_i.memory\[203\]\[1\],57.68µm
i_core_v_mini_mcu.peripheral_subsystem_i.uart_i.reg2hw\[31\],57.68µm
net389,57.68µm
i_core_v_mini_mcu.ao_peripheral_subsystem_i.tdu_i.task_mem\[2\]\[20\],57.45µm
i_core_v_mini_mcu.ao_peripheral_subsystem_i.clint_mtime_o\[4\],57.32µm
_19930_,57.29µm
_16662_,57.27µm
_17015_,57.27µm
i_core_v_mini_mcu.ao_peripheral_subsystem_i.clint_mtime_o\[6\],57.27µm
i_core_v_mini_mcu.ao_peripheral_subsystem_i.tdu_i.task_mem\[2\]\[27\],57.27µm
clknet_leaf_17_i_core_v_mini_mcu.cpu_subsystem_i.cpu_1_0.clk_i,57.27µm
_08957_,57.22µm
_09642_,57.22µm
_12433_,57.22µm
_16062_,57.22µm
i_core_v_mini_mcu.cpu_subsystem_i.cpu_0_0.i_servile.cpu.ctrl.o_ibus_adr\[26\],57.22µm
_08856_,57.17µm
_12543_,57.17µm
_17315_,57.17µm
_18001_,57.17µm
_18432_,57.17µm
_19076_,57.17µm
_21769_,57.17µm
_22431_,57.17µm
_22586_,57.17µm
_23041_,57.17µm
_23550_,57.17µm
_25408_,57.17µm
_26317_,57.17µm
_26417_,57.17µm
_27712_,57.17µm
i_core_v_mini_mcu.core_data_req\[6\],57.17µm
i_core_v_mini_mcu.cpu_subsystem_i.cpu_0_0.rf_ram_i.memory\[463\]\[1\],57.17µm
_07897_,57.12µm
_10356_,57.12µm
_11380_,57.12µm
_12220_,57.12µm
_12509_,57.12µm
_13799_,57.12µm
_17726_,57.12µm
_17769_,57.12µm
_22836_,57.12µm
_24596_,57.12µm
_25938_,57.12µm
_26549_,57.12µm
_26952_,57.12µm
i_core_v_mini_mcu.ao_peripheral_subsystem_i.power_manager_i.power_manager_reg_top_i.cpu_reset_deassert_counter_qs\[12\],57.12µm
i_core_v_mini_mcu.ao_peripheral_subsystem_i.spi_subsystem_i.obi_spimemio_i.spimemio_i.buffer\[14\],57.12µm
i_core_v_mini_mcu.ao_peripheral_subsystem_i.tdu_i.wake_mask_q\[0\],57.12µm
i_core_v_mini_mcu.cpu_subsystem_i.cpu_1_0.rf_ram_i.memory\[401\]\[1\],57.12µm
i_core_v_mini_mcu.memory_subsystem_i.ram0_i.tc_ram_i.sram\[0\]\[0\],57.12µm
i_core_v_mini_mcu.peripheral_subsystem_i.uart_i.uart_core.nco_sum_q\[15\],57.12µm
net639,56.89µm
_10105_,56.81µm
_16263_,56.81µm
_19808_,56.81µm
clknet_leaf_161_i_core_v_mini_mcu.cpu_subsystem_i.cpu_1_0.clk_i,56.81µm
_16101_,56.76µm
_06108_,56.71µm
_09330_,56.71µm
_09876_,56.71µm
_06893_,56.66µm
_13154_,56.66µm
_21419_,56.66µm
_27789_,56.66µm
_28129_,56.66µm
i_core_v_mini_mcu.cpu_subsystem_i.cpu_0_0.rf_ram_i.memory\[28\]\[1\],56.66µm
_05676_,56.61µm
_06331_,56.61µm
_07570_,56.61µm
_08025_,56.61µm
_09532_,56.61µm
_09686_,56.61µm
_10373_,56.61µm
_10969_,56.61µm
_12124_,56.61µm
_14695_,56.61µm
_15940_,56.61µm
_16370_,56.61µm
_17886_,56.61µm
_21534_,56.61µm
_26020_,56.61µm
_26330_,56.61µm
i_core_v_mini_mcu.ao_peripheral_subsystem_i.power_manager_i.power_manager_reg_top_i.u_intr_state.wr_data\[19\],56.61µm
i_core_v_mini_mcu.ao_peripheral_subsystem_i.tdu_i.task_mem\[0\]\[24\],56.61µm
i_core_v_mini_mcu.cpu_subsystem_i.cpu_1_0.rf_ram_i.memory\[338\]\[0\],56.61µm
i_core_v_mini_mcu.memory_subsystem_i.ram0_i.tc_ram_i.sram\[12\]\[26\],56.61µm
i_core_v_mini_mcu.memory_subsystem_i.ram0_i.tc_ram_i.sram\[1\]\[22\],56.61µm
_05811_,56.56µm
_07050_,56.56µm
_07378_,56.56µm
_07948_,56.56µm
_08126_,56.56µm
_08786_,56.56µm
_17742_,56.56µm
_22842_,56.56µm
_25905_,56.56µm
_25996_,56.56µm
_26276_,56.56µm
_28055_,56.56µm
net963,56.48µm
_09683_,56.3µm
i_core_v_mini_mcu.peripheral_subsystem_i.uart_i.reg2hw\[6\],56.25µm
_22159_,56.2µm
_06709_,56.15µm
_08918_,56.15µm
_15183_,56.15µm
_16796_,56.15µm
_17760_,56.15µm
i_core_v_mini_mcu.memory_subsystem_i.ram0_i.tc_ram_i.sram\[11\]\[20\],56.15µm
_06135_,56.1µm
_11797_,56.1µm
i_core_v_mini_mcu.ao_peripheral_subsystem_i.mosaic_clint_i.mtimecmp_q\[72\],56.1µm
i_core_v_mini_mcu.ao_peripheral_subsystem_i.soc_ctrl_i.reg2hw\[16\],56.1µm
i_core_v_mini_mcu.ao_peripheral_subsystem_i.spi_subsystem_i.obi_spimemio_i.spimemio_i.rd_addr\[16\],56.1µm
_06098_,56.05µm
_06416_,56.05µm
_07331_,56.05µm
_07778_,56.05µm
_08114_,56.05µm
_08773_,56.05µm
_10967_,56.05µm
_11351_,56.05µm
_12830_,56.05µm
_15744_,56.05µm
_15811_,56.05µm
_18982_,56.05µm
_21987_,56.05µm
_24176_,56.05µm
_26440_,56.05µm
_26599_,56.05µm
_27749_,56.05µm
_27983_,56.05µm
i_core_v_mini_mcu.ao_peripheral_subsystem_i.tdu_i.active_hart_cycles_q\[12\],56.05µm
i_core_v_mini_mcu.cpu_subsystem_i.cpu_0_0.rf_ram_i.memory\[46\]\[1\],56.05µm
i_core_v_mini_mcu.cpu_subsystem_i.cpu_0_0.rf_ram_i.memory\[5\]\[1\],56.05µm
i_core_v_mini_mcu.cpu_subsystem_i.cpu_1_0.rf_ram_i.memory\[400\]\[1\],56.05µm
i_core_v_mini_mcu.memory_subsystem_i.ram0_i.tc_ram_i.sram\[16\]\[20\],56.05µm
net351,56.05µm
_05924_,56µm
_07293_,56µm
_10196_,56µm
_11687_,56µm
_14617_,56µm
_17744_,56µm
_19058_,56µm
_21735_,56µm
_22432_,56µm
_22580_,56µm
_22742_,56µm
_26884_,56µm
_27746_,56µm
i_core_v_mini_mcu.ao_peripheral_subsystem_i.periph_to_reg_i.r_rdata_d\[31\],56µm
i_core_v_mini_mcu.ao_peripheral_subsystem_i.power_manager_i.power_manager_reg_top_i.intr_state_qs\[11\],56µm
i_core_v_mini_mcu.ao_peripheral_subsystem_i.power_manager_i.power_manager_reg_top_i.reg2hw\[249\],56µm
i_core_v_mini_mcu.cpu_subsystem_i.cpu_1_0.rf_ram_i.memory\[100\]\[1\],56µm
_08555_,55.97µm
i_core_v_mini_mcu.ao_peripheral_subsystem_i.tdu_i.task_mem\[2\]\[9\],55.77µm
_16658_,55.69µm
_16830_,55.64µm
_06991_,55.59µm
_09600_,55.59µm
_15614_,55.59µm
_16824_,55.59µm
_16928_,55.59µm
_18303_,55.59µm
i_core_v_mini_mcu.cpu_subsystem_i.cpu_1_0.i_servile.cpu.bufreg.data\[0\],55.59µm
i_core_v_mini_mcu.cpu_subsystem_i.cpu_1_0.rf_ram_i.memory\[363\]\[0\],55.59µm
i_core_v_mini_mcu.peripheral_subsystem_i.uart_i.uart_core.rx_timeout_count_q\[11\],55.59µm
_06079_,55.54µm
_06736_,55.54µm
_08925_,55.54µm
_09213_,55.54µm
_11515_,55.54µm
_16098_,55.54µm
_16482_,55.54µm
_26933_,55.54µm
i_core_v_mini_mcu.ao_peripheral_subsystem_i.tdu_i.task_mem\[5\]\[22\],55.54µm
i_core_v_mini_mcu.core_data_req\[17\],55.54µm
_05901_,55.49µm
_07203_,55.49µm
_07272_,55.49µm
_11629_,55.49µm
_15415_,55.49µm
_16833_,55.49µm
_18271_,55.49µm
_18399_,55.49µm
_18789_,55.49µm
_19025_,55.49µm
_20364_,55.49µm
_20608_,55.49µm
_24440_,55.49µm
_25332_,55.49µm
_26328_,55.49µm
_26656_,55.49µm
_26742_,55.49µm
_26953_,55.49µm
_27989_,55.49µm
i_core_v_mini_mcu.ao_peripheral_subsystem_i.tdu_i.task_mem\[2\]\[3\],55.49µm
i_core_v_mini_mcu.cpu_subsystem_i.cpu_1_0.rf_ram_i.memory\[207\]\[0\],55.49µm
i_core_v_mini_mcu.cpu_subsystem_i.cpu_1_0.rf_ram_i.memory\[427\]\[1\],55.49µm
i_core_v_mini_mcu.cpu_subsystem_i.cpu_1_0.rf_ram_i.memory\[45\]\[1\],55.49µm
i_core_v_mini_mcu.peripheral_subsystem_i.obi_fifo_i.consumer_resp_i\[27\],55.49µm
i_core_v_mini_mcu.system_bus_i.system_xbar_i.gen_xbar_NtoM.i_xbar.gen_outputs\[3\].gen_rr_arb_tree.i_rr_arb_tree.gen_arbiter.rr_q\[2\],55.49µm
_05818_,55.44µm
_06621_,55.44µm
_07207_,55.44µm
_08489_,55.44µm
_08661_,55.44µm
_08952_,55.44µm
_09727_,55.44µm
_15202_,55.44µm
_20809_,55.44µm
_22073_,55.44µm
_24066_,55.44µm
_25732_,55.44µm
_26650_,55.44µm
_27822_,55.44µm
i_core_v_mini_mcu.ao_peripheral_subsystem_i.obi_fifo_i.consumer_resp_i\[7\],55.44µm
_05576_,55.13µm
_18412_,55.13µm
_07379_,55.08µm
_08798_,55.08µm
_08819_,55.08µm
_16845_,55.08µm
i_core_v_mini_mcu.cpu_subsystem_i.cpu_0_0.i_servile.cpu.state.cnt_r\[3\],55.08µm
_05923_,55.03µm
_06190_,55.03µm
_12278_,55.03µm
_13890_,55.03µm
_16758_,55.03µm
_17606_,55.03µm
i_core_v_mini_mcu.ao_peripheral_subsystem_i.tdu_i.task_mem\[6\]\[25\],55.03µm
i_core_v_mini_mcu.cpu_subsystem_i.cpu_0_0.rf_ram_i.memory\[464\]\[1\],55.03µm
i_core_v_mini_mcu.cpu_subsystem_i.cpu_1_0.rf_ram_i.memory\[229\]\[1\],55.03µm
i_core_v_mini_mcu.cpu_subsystem_i.cpu_1_0.rf_ram_i.memory\[411\]\[0\],55.03µm
i_core_v_mini_mcu.memory_subsystem_i.ram0_i.tc_ram_i.sram\[10\]\[21\],55.03µm
i_core_v_mini_mcu.memory_subsystem_i.ram0_i.tc_ram_i.sram\[1\]\[29\],55.03µm
_09786_,54.98µm
_10760_,54.98µm
_14321_,54.98µm
_15739_,54.98µm
_17040_,54.98µm
_18367_,54.98µm
_19337_,54.98µm
_20468_,54.98µm
_22320_,54.98µm
_26575_,54.98µm
i_core_v_mini_mcu.ao_peripheral_subsystem_i.power_manager_i.power_manager_reg_top_i.en_wait_for_intr_qs\[7\],54.98µm
i_core_v_mini_mcu.cpu_subsystem_i.cpu_0_0.rf_ram_i.memory\[54\]\[1\],54.98µm
i_core_v_mini_mcu.peripheral_subsystem_i.uart_i.reg2hw\[20\],54.98µm
_05425_,54.93µm
_06994_,54.93µm
_07557_,54.93µm
_07980_,54.93µm
_08268_,54.93µm
_08728_,54.93µm
_12577_,54.93µm
_14287_,54.93µm
_15780_,54.93µm
_23222_,54.93µm
_24777_,54.93µm
_25554_,54.93µm
_26495_,54.93µm
i_core_v_mini_mcu.ao_peripheral_subsystem_i.obi_fifo_i.consumer_data_req\[66\],54.93µm
i_core_v_mini_mcu.ao_peripheral_subsystem_i.spi_subsystem_i.obi_spimemio_i.obi_to_picorv32_i.addr_buf\[14\],54.93µm
i_core_v_mini_mcu.ao_peripheral_subsystem_i.tdu_i.task_mem\[2\]\[17\],54.93µm
i_core_v_mini_mcu.ao_peripheral_subsystem_i.tdu_i.task_mem\[6\]\[18\],54.93µm
i_core_v_mini_mcu.ao_peripheral_subsystem_i.tdu_i.task_mem\[7\]\[15\],54.93µm
i_core_v_mini_mcu.cpu_subsystem_i.cpu_0_0.i_servile.cpu.state.cnt_r\[0\],54.93µm
i_core_v_mini_mcu.cpu_subsystem_i.cpu_1_0.rf_ram_i.memory\[296\]\[1\],54.93µm
i_core_v_mini_mcu.memory_subsystem_i.ram0_i.tc_ram_i.sram\[17\]\[14\],54.93µm
_07110_,54.88µm
_07399_,54.88µm
_08078_,54.88µm
_08234_,54.88µm
_12004_,54.88µm
_14061_,54.88µm
_18984_,54.88µm
_20327_,54.88µm
_23308_,54.88µm
_24231_,54.88µm
_25248_,54.88µm
i_core_v_mini_mcu.ao_peripheral_subsystem_i.obi_fifo_i.consumer_resp_i\[13\],54.88µm
i_core_v_mini_mcu.ao_peripheral_subsystem_i.power_manager_i.power_manager_reg_top_i.cpu_iso_off_counter_qs\[10\],54.88µm
i_core_v_mini_mcu.memory_subsystem_i.ram0_i.tc_ram_i.sram\[14\]\[10\],54.88µm
i_core_v_mini_mcu.peripheral_subsystem_i.uart_i.uart_core.u_uart_txfifo.gen_normal_fifo.storage\[10\],54.88µm
i_core_v_mini_mcu.cpu_subsystem_i.cpu_1_0.rf_ram_i.memory\[238\]\[1\],54.86µm
_06561_,54.52µm
_06586_,54.52µm
_08668_,54.47µm
_06005_,54.42µm
_08632_,54.42µm
_08770_,54.42µm
_12476_,54.42µm
_13094_,54.42µm
_14270_,54.42µm
_14827_,54.42µm
_17723_,54.42µm
_20754_,54.42µm
_22628_,54.42µm
i_core_v_mini_mcu.cpu_subsystem_i.cpu_0_0.i_servile.cpu.bne_or_bge,54.42µm
i_core_v_mini_mcu.cpu_subsystem_i.cpu_0_0.i_servile.cpu.gen_csr.csr.mstatus_mie,54.42µm
i_core_v_mini_mcu.peripheral_subsystem_i.uart_i.reg2hw\[79\],54.42µm
_13754_,54.37µm
_14246_,54.37µm
_14277_,54.37µm
_15711_,54.37µm
_16204_,54.37µm
_21957_,54.37µm
_23508_,54.37µm
_25339_,54.37µm
_25795_,54.37µm
_26386_,54.37µm
_26792_,54.37µm
i_core_v_mini_mcu.ao_peripheral_subsystem_i.power_manager_i.power_manager_reg_top_i.intr_state_qs\[21\],54.37µm
i_core_v_mini_mcu.ao_peripheral_subsystem_i.tdu_i.task_mem\[0\]\[25\],54.37µm
i_core_v_mini_mcu.peripheral_subsystem_i.uart_i.reg2hw\[110\],54.37µm
_06114_,54.32µm
_07386_,54.32µm
_07705_,54.32µm
_08144_,54.32µm
_09060_,54.32µm
_11446_,54.32µm
_12965_,54.32µm
_13452_,54.32µm
_14108_,54.32µm
_14352_,54.32µm
_18993_,54.32µm
_20323_,54.32µm
_24326_,54.32µm
_24901_,54.32µm
_24921_,54.32µm
_25264_,54.32µm
_25914_,54.32µm
_26291_,54.32µm
_26565_,54.32µm
_26572_,54.32µm
i_core_v_mini_mcu.ao_peripheral_subsystem_i.tdu_i.cpi_est_q\[4\],54.32µm
i_core_v_mini_mcu.ao_peripheral_subsystem_i.tdu_i.task_mem\[3\]\[3\],54.32µm
i_core_v_mini_mcu.cpu_subsystem_i.cpu_1_0.rf_ram_i.memory\[48\]\[1\],54.32µm
i_core_v_mini_mcu.memory_subsystem_i.ram0_i.tc_ram_i.sram\[28\]\[22\],54.32µm
_09379_,54.19µm
_18283_,54.09µm
_15859_,53.96µm
_20536_,53.96µm
i_core_v_mini_mcu.ao_peripheral_subsystem_i.tdu_i.task_mem\[4\]\[4\],53.96µm
clknet_leaf_32_i_core_v_mini_mcu.peripheral_subsystem_i.clk_cg,53.96µm
_14750_,53.91µm
_15320_,53.91µm
_16473_,53.91µm
_17900_,53.91µm
_23990_,53.91µm
_26070_,53.91µm
i_core_v_mini_mcu.ao_peripheral_subsystem_i.spi_subsystem_i.obi_spimemio_i.spimemio_i.xfer.count\[3\],53.91µm
_08878_,53.86µm
_12417_,53.86µm
_14293_,53.86µm
_26044_,53.86µm
i_core_v_mini_mcu.ao_peripheral_subsystem_i.clint_mtime_o\[17\],53.86µm
i_core_v_mini_mcu.ao_peripheral_subsystem_i.power_manager_i.power_manager_reg_top_i.u_intr_state.wr_data\[17\],53.86µm
i_core_v_mini_mcu.cpu_subsystem_i.cpu_0_0.rf_ram_i.memory\[468\]\[1\],53.86µm
i_core_v_mini_mcu.cpu_subsystem_i.cpu_1_0.i_servile.arbiter.i_wb_cpu_dbus_adr\[13\],53.86µm
_06369_,53.81µm
_06383_,53.81µm
_06764_,53.81µm
_11465_,53.81µm
_12922_,53.81µm
_15248_,53.81µm
_16849_,53.81µm
_17037_,53.81µm
_18865_,53.81µm
_23567_,53.81µm
_24364_,53.81µm
_25192_,53.81µm
_26183_,53.81µm
_26387_,53.81µm
_26991_,53.81µm
i_core_v_mini_mcu.ao_peripheral_subsystem_i.mosaic_clint_i.mtimecmp_q\[34\],53.81µm
i_core_v_mini_mcu.ao_peripheral_subsystem_i.spi_subsystem_i.obi_spimemio_i.obi_to_picorv32_i.picorv32_resp_i\[31\],53.81µm
i_core_v_mini_mcu.memory_subsystem_i.ram0_i.tc_ram_i.sram\[11\]\[12\],53.81µm
i_core_v_mini_mcu.memory_subsystem_i.ram0_i.tc_ram_i.sram\[17\]\[9\],53.81µm
_00191_,53.76µm
_07670_,53.76µm
_07859_,53.76µm
_09974_,53.76µm
_11078_,53.76µm
_11111_,53.76µm
_15710_,53.76µm
_18330_,53.76µm
_21358_,53.76µm
_25494_,53.76µm
_25498_,53.76µm
_27410_,53.76µm
i_core_v_mini_mcu.ao_peripheral_subsystem_i.spi_subsystem_i.obi_spimemio_i.obi_to_picorv32_i.addr_buf\[4\],53.76µm
_18811_,53.75µm
_17937_,53.53µm
_15409_,53.45µm
_17112_,53.45µm
_06310_,53.4µm
_17471_,53.4µm
_26312_,53.4µm
clknet_leaf_169_i_core_v_mini_mcu.cpu_subsystem_i.cpu_1_0.clk_i,53.4µm
_05437_,53.35µm
_07548_,53.35µm
_09043_,53.35µm
_24619_,53.35µm
i_core_v_mini_mcu.ao_peripheral_subsystem_i.tdu_i.wr_ptr_q\[2\],53.35µm
i_core_v_mini_mcu.cpu_subsystem_i.cpu_1_0.rf_ram_i.memory\[363\]\[1\],53.35µm
i_core_v_mini_mcu.cpu_subsystem_i.cpu_1_0.rf_ram_i.memory\[66\]\[0\],53.35µm
_08284_,53.3µm
_08658_,53.3µm
_08864_,53.3µm
_10121_,53.3µm
_17678_,53.3µm
_18960_,53.3µm
_25944_,53.3µm
i_core_v_mini_mcu.ao_peripheral_subsystem_i.tdu_i.active_hart_cycles_q\[22\],53.3µm
i_core_v_mini_mcu.ao_peripheral_subsystem_i.tdu_i.task_mem\[7\]\[31\],53.3µm
i_core_v_mini_mcu.cpu_subsystem_i.cpu_0_0.rf_ram_i.memory\[467\]\[0\],53.3µm
i_core_v_mini_mcu.cpu_subsystem_i.cpu_1_0.rf_ram_i.memory\[428\]\[0\],53.3µm
i_core_v_mini_mcu.memory_subsystem_i.ram0_i.tc_ram_i.sram\[19\]\[12\],53.3µm
i_core_v_mini_mcu.peripheral_subsystem_i.periph_to_reg_i.r_rdata_d\[11\],53.3µm
_06651_,53.25µm
_08069_,53.25µm
_09611_,53.25µm
_10402_,53.25µm
_17969_,53.25µm
_20360_,53.25µm
_22368_,53.25µm
_23410_,53.25µm
_23613_,53.25µm
_24335_,53.25µm
_24902_,53.25µm
_26329_,53.25µm
i_core_v_mini_mcu.ao_peripheral_subsystem_i.obi_fifo_i.obi_req_fifo_i.status_cnt_q\[1\],53.25µm
i_core_v_mini_mcu.memory_subsystem_i.ram0_i.tc_ram_i.sram\[0\]\[19\],53.25µm
i_core_v_mini_mcu.memory_subsystem_i.ram0_i.tc_ram_i.sram\[29\]\[14\],53.25µm
_00672_,53.2µm
_06771_,53.2µm
_07911_,53.2µm
_08139_,53.2µm
_13716_,53.2µm
_13999_,53.2µm
_18995_,53.2µm
_21010_,53.2µm
_23581_,53.2µm
_24518_,53.2µm
_25363_,53.2µm
_25840_,53.2µm
_27273_,53.2µm
_27752_,53.2µm
i_core_v_mini_mcu.ao_peripheral_subsystem_i.power_manager_i.power_manager_reg_top_i.intr_state_qs\[24\],53.2µm
i_core_v_mini_mcu.ao_peripheral_subsystem_i.tdu_i.task_mem\[5\]\[24\],53.2µm
i_core_v_mini_mcu.cpu_subsystem_i.cpu_1_0.rf_ram_i.memory\[463\]\[0\],53.2µm
i_core_v_mini_mcu.cpu_subsystem_i.cpu_1_0.rf_ram_i.memory\[467\]\[0\],53.2µm
_24899_,52.97µm
_13776_,52.94µm
i_core_v_mini_mcu.ao_peripheral_subsystem_i.tdu_i.task_mem\[6\]\[7\],52.92µm
_15171_,52.89µm
_21629_,52.84µm
_15621_,52.79µm
_17109_,52.79µm
i_core_v_mini_mcu.ao_peripheral_subsystem_i.mosaic_clint_i.mtimecmp_q\[81\],52.79µm
i_core_v_mini_mcu.cpu_subsystem_i.cpu_0_0.i_servile.cpu.immdec.gen_immdec_w_eq_1.imm11_7\[3\],52.79µm
i_core_v_mini_mcu.cpu_subsystem_i.cpu_1_0.i_servile.cpu.ctrl.i_pc_rel,52.79µm
i_core_v_mini_mcu.memory_subsystem_i.ram0_i.tc_ram_i.sram\[4\]\[19\],52.79µm
_00256_,52.74µm
_05584_,52.74µm
_05910_,52.74µm
_11122_,52.74µm
_14957_,52.74µm
_16272_,52.74µm
_16453_,52.74µm
_19355_,52.74µm
_21724_,52.74µm
_22783_,52.74µm
_22819_,52.74µm
_23930_,52.74µm
_24874_,52.74µm
i_core_v_mini_mcu.ao_peripheral_subsystem_i.clint_mtime_o\[3\],52.74µm
i_core_v_mini_mcu.ao_peripheral_subsystem_i.mosaic_clint_i.mtimecmp_q\[35\],52.74µm
i_core_v_mini_mcu.ao_peripheral_subsystem_i.obi_fifo_i.consumer_data_req\[34\],52.74µm
i_core_v_mini_mcu.ao_peripheral_subsystem_i.tdu_i.cpi_est_q\[44\],52.74µm
i_core_v_mini_mcu.ao_peripheral_subsystem_i.tdu_i.task_mem\[0\]\[28\],52.74µm
i_core_v_mini_mcu.ao_peripheral_subsystem_i.tdu_i.task_mem\[3\]\[9\],52.74µm
i_core_v_mini_mcu.ao_peripheral_subsystem_i.tdu_i.task_mem\[7\]\[30\],52.74µm
i_core_v_mini_mcu.cpu_subsystem_i.cpu_1_0.rf_ram_i.memory\[18\]\[0\],52.74µm
i_core_v_mini_mcu.cpu_subsystem_i.cpu_1_0.rf_ram_i.memory\[290\]\[0\],52.74µm
i_core_v_mini_mcu.memory_subsystem_i.ram0_i.tc_ram_i.sram\[11\]\[21\],52.74µm
clknet_leaf_144_i_core_v_mini_mcu.cpu_subsystem_i.cpu_1_0.clk_i,52.74µm
_09265_,52.69µm
_10031_,52.69µm
_10280_,52.69µm
_10539_,52.69µm
_12570_,52.69µm
_13395_,52.69µm
_14718_,52.69µm
_16261_,52.69µm
_19095_,52.69µm
_21914_,52.69µm
_23992_,52.69µm
_25948_,52.69µm
_26735_,52.69µm
i_core_v_mini_mcu.ao_peripheral_subsystem_i.power_manager_i.power_manager_reg_top_i.u_intr_state.wr_data\[16\],52.69µm
i_core_v_mini_mcu.cpu_subsystem_i.cpu_0_0.i_servile.cpu.immdec.gen_immdec_w_eq_1.imm11_7\[2\],52.69µm
i_core_v_mini_mcu.cpu_subsystem_i.cpu_1_0.rf_ram_i.memory\[13\]\[0\],52.69µm
i_core_v_mini_mcu.cpu_subsystem_i.cpu_1_0.rf_ram_i.memory\[496\]\[1\],52.69µm
i_core_v_mini_mcu.memory_subsystem_i.ram0_i.tc_ram_i.sram\[20\]\[4\],52.69µm
i_core_v_mini_mcu.peripheral_subsystem_i.uart_i.uart_core.rx_timeout_count_q\[9\],52.69µm
clknet_leaf_150_i_core_v_mini_mcu.cpu_subsystem_i.cpu_1_0.clk_i,52.69µm
_05936_,52.64µm
_06206_,52.64µm
_06484_,52.64µm
_06965_,52.64µm
_09321_,52.64µm
_11034_,52.64µm
_11944_,52.64µm
_12038_,52.64µm
_14181_,52.64µm
_17745_,52.64µm
_19021_,52.64µm
_23223_,52.64µm
_24460_,52.64µm
_25672_,52.64µm
_26215_,52.64µm
_28114_,52.64µm
exit_value_int\[28\],52.64µm
i_core_v_mini_mcu.ao_peripheral_subsystem_i.periph_to_reg_i.r_rdata_d\[2\],52.64µm
i_core_v_mini_mcu.ao_peripheral_subsystem_i.power_manager_i.power_manager_reg_top_i.en_wait_for_intr_qs\[24\],52.64µm
i_core_v_mini_mcu.cpu_subsystem_i.cpu_0_0.rf_ram_i.memory\[571\]\[1\],52.64µm
i_core_v_mini_mcu.cpu_subsystem_i.cpu_1_0.rf_ram_i.memory\[21\]\[0\],52.64µm
i_core_v_mini_mcu.cpu_subsystem_i.cpu_1_0.rf_ram_i.memory\[314\]\[1\],52.64µm
i_core_v_mini_mcu.memory_subsystem_i.ram0_i.tc_ram_i.sram\[3\]\[2\],52.64µm
_08718_,52.56µm
i_core_v_mini_mcu.ao_peripheral_subsystem_i.spi_subsystem_i.obi_spimemio_i.spimemio_i.dout_data\[1\],52.36µm
clknet_leaf_14_i_core_v_mini_mcu.cpu_subsystem_i.cpu_1_0.clk_i,52.33µm
_09421_,52.28µm
_14286_,52.28µm
_16092_,52.28µm
i_core_v_mini_mcu.ao_peripheral_subsystem_i.clint_mtime_o\[5\],52.28µm
_06336_,52.23µm
_09257_,52.23µm
_14082_,52.23µm
_15382_,52.23µm
_15412_,52.23µm
i_core_v_mini_mcu.cpu_subsystem_i.cpu_1_0.rf_ram_i.memory\[495\]\[1\],52.23µm
i_core_v_mini_mcu.cpu_subsystem_i.cpu_1_0.rf_ram_i.memory\[507\]\[0\],52.23µm
i_core_v_mini_mcu.peripheral_subsystem_i.uart_i.uart_core.uart_tx.sreg_q\[8\],52.23µm
_07127_,52.18µm
_09360_,52.18µm
_11982_,52.18µm
_13168_,52.18µm
_15663_,52.18µm
_16328_,52.18µm
_25250_,52.18µm
_27324_,52.18µm
i_core_v_mini_mcu.ao_peripheral_subsystem_i.mosaic_clint_i.mtimecmp_q\[18\],52.18µm
i_core_v_mini_mcu.ao_peripheral_subsystem_i.power_manager_i.power_manager_reg_top_i.cpu_iso_on_counter_qs\[7\],52.18µm
i_core_v_mini_mcu.ao_peripheral_subsystem_i.power_manager_i.power_manager_reg_top_i.cpu_wait_ack_switch_on_counter_qs,52.18µm
i_core_v_mini_mcu.ao_peripheral_subsystem_i.power_manager_i.power_manager_reg_top_i.intr_state_qs\[6\],52.18µm
i_core_v_mini_mcu.ao_peripheral_subsystem_i.tdu_i.task_mem\[0\]\[6\],52.18µm
i_core_v_mini_mcu.memory_subsystem_i.ram0_i.tc_ram_i.sram\[13\]\[30\],52.18µm
i_core_v_mini_mcu.memory_subsystem_i.ram0_i.tc_ram_i.sram\[1\]\[27\],52.18µm
_08098_,52.13µm
_10473_,52.13µm
_12053_,52.13µm
_12956_,52.13µm
_13948_,52.13µm
_14282_,52.13µm
_15132_,52.13µm
_17707_,52.13µm
_21486_,52.13µm
_23039_,52.13µm
_25602_,52.13µm
_25710_,52.13µm
_25845_,52.13µm
_26244_,52.13µm
_26788_,52.13µm
i_core_v_mini_mcu.ao_peripheral_subsystem_i.obi_fifo_i.consumer_resp_i\[25\],52.13µm
i_core_v_mini_mcu.ao_peripheral_subsystem_i.tdu_i.task_mem\[7\]\[14\],52.13µm
i_core_v_mini_mcu.cpu_subsystem_i.cpu_0_0.rf_ram_i.memory\[38\]\[0\],52.13µm
i_core_v_mini_mcu.cpu_subsystem_i.cpu_0_0.rf_ram_i.memory\[468\]\[0\],52.13µm
i_core_v_mini_mcu.cpu_subsystem_i.cpu_1_0.rf_ram_i.memory\[260\]\[1\],52.13µm
i_core_v_mini_mcu.cpu_subsystem_i.cpu_1_0.rf_ram_i.memory\[366\]\[1\],52.13µm
i_core_v_mini_mcu.cpu_subsystem_i.cpu_1_0.rf_ram_i.memory\[432\]\[1\],52.13µm
i_core_v_mini_mcu.cpu_subsystem_i.cpu_1_0.rf_ram_i.memory\[435\]\[0\],52.13µm
i_core_v_mini_mcu.memory_subsystem_i.ram0_i.tc_ram_i.sram\[11\]\[13\],52.13µm
i_core_v_mini_mcu.memory_subsystem_i.ram0_i.tc_ram_i.sram\[24\]\[9\],52.13µm
_07820_,52.08µm
_08094_,52.08µm
_09597_,52.08µm
_10733_,52.08µm
_10916_,52.08µm
_12115_,52.08µm
_12562_,52.08µm
_13101_,52.08µm
_13486_,52.08µm
_13861_,52.08µm
_20324_,52.08µm
_23112_,52.08µm
_27078_,52.08µm
_27341_,52.08µm
_27833_,52.08µm
i_core_v_mini_mcu.ao_peripheral_subsystem_i.spi_subsystem_i.obi_spimemio_i.spimemio_i.buffer\[0\],52.08µm
net554,52.08µm
spi_flash_sck_o,51.94µm
i_core_v_mini_mcu.core_data_req\[12\],51.9µm
_09168_,51.82µm
_09564_,51.72µm
_09700_,51.72µm
_16211_,51.72µm
_13742_,51.67µm
_14811_,51.67µm
_17766_,51.67µm
_18299_,51.67µm
_19666_,51.67µm
_21610_,51.67µm
_06090_,51.62µm
_13839_,51.62µm
_13979_,51.62µm
_14345_,51.62µm
_15714_,51.62µm
_19167_,51.62µm
_21541_,51.62µm
i_core_v_mini_mcu.cpu_subsystem_i.cpu_1_0.rf_ram_i.memory\[343\]\[1\],51.62µm
i_core_v_mini_mcu.memory_subsystem_i.ram0_i.tc_ram_i.sram\[25\]\[30\],51.62µm
i_core_v_mini_mcu.memory_subsystem_i.ram0_i.tc_ram_i.sram\[9\]\[8\],51.62µm
net444,51.62µm
_03723_,51.57µm
_05809_,51.57µm
_06560_,51.57µm
_07876_,51.57µm
_08902_,51.57µm
_08907_,51.57µm
_09568_,51.57µm
_13981_,51.57µm
_17682_,51.57µm
_18014_,51.57µm
_20980_,51.57µm
_22287_,51.57µm
_22911_,51.57µm
_27219_,51.57µm
_27763_,51.57µm
i_core_v_mini_mcu.ao_peripheral_subsystem_i.clint_mtime_o\[8\],51.57µm
i_core_v_mini_mcu.ao_peripheral_subsystem_i.mosaic_clint_i.mtimecmp_q\[80\],51.57µm
i_core_v_mini_mcu.cpu_subsystem_i.cpu_1_0.i_servile.rf_ram_if.wdata0_r\[1\],51.57µm
i_core_v_mini_mcu.cpu_subsystem_i.cpu_1_0.rf_ram_i.memory\[458\]\[1\],51.57µm
_07584_,51.52µm
_08502_,51.52µm
_08898_,51.52µm
_11021_,51.52µm
_11533_,51.52µm
_12075_,51.52µm
_12105_,51.52µm
_14093_,51.52µm
_20757_,51.52µm
_23441_,51.52µm
_24940_,51.52µm
_25195_,51.52µm
_26379_,51.52µm
i_core_v_mini_mcu.ao_peripheral_subsystem_i.periph_to_reg_i.r_rdata_d\[16\],51.52µm
i_core_v_mini_mcu.cpu_subsystem_i.cpu_1_0.rf_ram_i.memory\[265\]\[0\],51.52µm
i_core_v_mini_mcu.cpu_subsystem_i.cpu_1_0.rf_ram_i.memory\[369\]\[1\],51.52µm
i_core_v_mini_mcu.cpu_subsystem_i.cpu_1_0.rf_ram_i.memory\[432\]\[0\],51.52µm
i_core_v_mini_mcu.memory_subsystem_i.ram0_i.tc_ram_i.sram\[15\]\[20\],51.52µm
i_core_v_mini_mcu.peripheral_subsystem_i.uart_i.uart_core.rx_timeout_count_q\[18\],51.52µm
i_core_v_mini_mcu.cpu_subsystem_i.cpu_1_0.rf_ram_i.memory\[354\]\[1\],51.24µm
i_core_v_mini_mcu.memory_subsystem_i.ram0_i.tc_ram_i.sram\[11\]\[11\],51.16µm
_09348_,51.11µm
_09441_,51.11µm
_17700_,51.11µm
_19918_,51.11µm
_08149_,51.06µm
_09116_,51.06µm
_10026_,51.06µm
_10814_,51.06µm
_15229_,51.06µm
_15648_,51.06µm
_16316_,51.06µm
_17137_,51.06µm
_18506_,51.06µm
_20543_,51.06µm
_23495_,51.06µm
_26715_,51.06µm
_28106_,51.06µm
i_core_v_mini_mcu.ao_peripheral_subsystem_i.mosaic_clint_i.mtimecmp_q\[121\],51.06µm
i_core_v_mini_mcu.ao_peripheral_subsystem_i.tdu_i.cpi_est_q\[17\],51.06µm
i_core_v_mini_mcu.ao_peripheral_subsystem_i.tdu_i.task_mem\[3\]\[12\],51.06µm
i_core_v_mini_mcu.ao_peripheral_subsystem_i.tdu_i.task_mem\[6\]\[30\],51.06µm
i_core_v_mini_mcu.core_data_req\[16\],51.06µm
i_core_v_mini_mcu.core_data_req\[23\],51.06µm
i_core_v_mini_mcu.cpu_subsystem_i.cpu_0_0.i_servile.cpu.ctrl.o_ibus_adr\[23\],51.06µm
i_core_v_mini_mcu.cpu_subsystem_i.cpu_1_0.rf_ram_i.memory\[236\]\[0\],51.06µm
i_core_v_mini_mcu.memory_subsystem_i.ram0_i.tc_ram_i.sram\[9\]\[24\],51.06µm
i_core_v_mini_mcu.peripheral_subsystem_i.uart_i.hw2reg\[0\],51.06µm
net619,51.06µm
_05913_,51.01µm
_06956_,51.01µm
_07732_,51.01µm
_07999_,51.01µm
_08104_,51.01µm
_08105_,51.01µm
_08575_,51.01µm
_10416_,51.01µm
_11267_,51.01µm
_12018_,51.01µm
_12100_,51.01µm
_12945_,51.01µm
_13475_,51.01µm
_13983_,51.01µm
_14251_,51.01µm
_15014_,51.01µm
_15305_,51.01µm
_15666_,51.01µm
_15736_,51.01µm
_16283_,51.01µm
_19037_,51.01µm
_23438_,51.01µm
_25605_,51.01µm
_26864_,51.01µm
_28009_,51.01µm
i_core_v_mini_mcu.ao_peripheral_subsystem_i.obi_fifo_i.consumer_data_req\[46\],51.01µm
i_core_v_mini_mcu.cpu_subsystem_i.cpu_1_0.i_servile.cpu.alu.i_sub,51.01µm
i_core_v_mini_mcu.memory_subsystem_i.ram0_i.tc_ram_i.sram\[15\]\[10\],51.01µm
i_core_v_mini_mcu.memory_subsystem_i.ram0_i.tc_ram_i.sram\[1\]\[23\],51.01µm
i_core_v_mini_mcu.memory_subsystem_i.ram0_i.tc_ram_i.sram\[21\]\[3\],51.01µm
i_core_v_mini_mcu.memory_subsystem_i.ram0_i.tc_ram_i.sram\[24\]\[17\],51.01µm
i_core_v_mini_mcu.memory_subsystem_i.ram0_i.tc_ram_i.sram\[28\]\[20\],51.01µm
i_core_v_mini_mcu.peripheral_subsystem_i.uart_i.reg2hw\[116\],51.01µm
_05925_,50.96µm
_06638_,50.96µm
_07209_,50.96µm
_07717_,50.96µm
_08373_,50.96µm
_10362_,50.96µm
_14162_,50.96µm
_17326_,50.96µm
_17658_,50.96µm
_21304_,50.96µm
_22165_,50.96µm
_22976_,50.96µm
_24745_,50.96µm
_24930_,50.96µm
_25223_,50.96µm
_25249_,50.96µm
_25699_,50.96µm
_27119_,50.96µm
i_core_v_mini_mcu.ao_peripheral_subsystem_i.obi_fifo_i.consumer_resp_i\[21\],50.96µm
i_core_v_mini_mcu.ao_peripheral_subsystem_i.tdu_i.active_hart_cycles_q\[16\],50.96µm
i_core_v_mini_mcu.cpu_subsystem_i.cpu_1_0.rf_ram_i.memory\[44\]\[0\],50.96µm
i_core_v_mini_mcu.memory_subsystem_i.ram0_i.tc_ram_i.sram\[15\]\[12\],50.96µm
i_core_v_mini_mcu.memory_subsystem_i.ram0_i.tc_ram_i.sram\[28\]\[21\],50.96µm
net5,50.96µm
i_core_v_mini_mcu.memory_subsystem_i.ram0_i.tc_ram_i.sram\[0\]\[25\],50.73µm
_26928_,50.68µm
_14611_,50.65µm
_15434_,50.65µm
_17034_,50.65µm
_08495_,50.6µm
i_core_v_mini_mcu.ao_peripheral_subsystem_i.power_manager_i.power_manager_reg_top_i.cpu_iso_off_counter_qs\[5\],50.6µm
_08692_,50.55µm
_10165_,50.55µm
_10242_,50.55µm
_11497_,50.55µm
i_core_v_mini_mcu.ao_peripheral_subsystem_i.power_manager_i.power_manager_counter_sequence_cpu_reset_i.sequence_curr_state\[4\],50.55µm
i_core_v_mini_mcu.memory_subsystem_i.ram0_i.tc_ram_i.sram\[19\]\[29\],50.55µm
_07666_,50.5µm
_08979_,50.5µm
_09613_,50.5µm
_16726_,50.5µm
_17736_,50.5µm
_23174_,50.5µm
_27056_,50.5µm
i_core_v_mini_mcu.ao_peripheral_subsystem_i.clint_mtime_o\[21\],50.5µm
i_core_v_mini_mcu.ao_peripheral_subsystem_i.tdu_i.cpi_est_q\[7\],50.5µm
i_core_v_mini_mcu.ao_peripheral_subsystem_i.tdu_i.task_mem\[4\]\[22\],50.5µm
i_core_v_mini_mcu.core_data_req\[1\],50.5µm
i_core_v_mini_mcu.cpu_subsystem_i.cpu_0_0.rf_ram_i.memory\[36\]\[1\],50.5µm
i_core_v_mini_mcu.cpu_subsystem_i.cpu_1_0.i_servile.cpu.immdec.gen_immdec_w_eq_1.imm11_7\[3\],50.5µm
net1707,50.5µm
_06053_,50.45µm
_06751_,50.45µm
_07226_,50.45µm
_08348_,50.45µm
_09089_,50.45µm
_10074_,50.45µm
_13409_,50.45µm
_15720_,50.45µm
_19126_,50.45µm
_20013_,50.45µm
_23356_,50.45µm
_23558_,50.45µm
_26017_,50.45µm
_26110_,50.45µm
_26865_,50.45µm
_27184_,50.45µm
i_core_v_mini_mcu.ao_peripheral_subsystem_i.obi_fifo_i.consumer_data_req\[26\],50.45µm
i_core_v_mini_mcu.ao_peripheral_subsystem_i.spi_subsystem_i.obi_spimemio_i.obi_to_picorv32_i.picorv32_resp_i\[9\],50.45µm
i_core_v_mini_mcu.ao_peripheral_subsystem_i.tdu_i.cpi_est_q\[39\],50.45µm
i_core_v_mini_mcu.cpu_subsystem_i.cpu_1_0.rf_ram_i.memory\[427\]\[0\],50.45µm
i_core_v_mini_mcu.memory_subsystem_i.ram0_i.tc_ram_i.sram\[2\]\[25\],50.45µm
i_core_v_mini_mcu.memory_subsystem_i.ram0_i.tc_ram_i.sram\[31\]\[0\],50.45µm
i_core_v_mini_mcu.memory_subsystem_i.ram0_i.tc_ram_i.sram\[8\]\[4\],50.45µm
i_core_v_mini_mcu.peripheral_subsystem_i.obi_fifo_i.consumer_data_req_q\[65\],50.45µm
_06895_,50.4µm
_06906_,50.4µm
_08601_,50.4µm
_09286_,50.4µm
_09780_,50.4µm
_10928_,50.4µm
_13132_,50.4µm
_20441_,50.4µm
_22365_,50.4µm
_23173_,50.4µm
_25863_,50.4µm
_26937_,50.4µm
_27409_,50.4µm
_27847_,50.4µm
i_core_v_mini_mcu.ao_peripheral_subsystem_i.obi_fifo_i.consumer_resp_i\[30\],50.4µm
i_core_v_mini_mcu.cpu_subsystem_i.cpu_0_0.i_servile.cpu.bufreg.i_shift_op,50.4µm
i_core_v_mini_mcu.cpu_subsystem_i.cpu_0_0.rf_ram_i.memory\[365\]\[1\],50.4µm
i_core_v_mini_mcu.cpu_subsystem_i.cpu_1_0.i_servile.cpu.decode.o_rd_op,50.4µm
_17556_,50.27µm
_11445_,50.22µm
_18326_,50.17µm
i_core_v_mini_mcu.memory_subsystem_i.ram0_i.tc_ram_i.sram\[31\]\[12\],50.17µm
_15220_,50.09µm
_21557_,50.09µm
_14458_,50.04µm
_20393_,50.04µm
_22205_,50.04µm
i_core_v_mini_mcu.ao_peripheral_subsystem_i.tdu_i.task_mem\[2\]\[19\],50.04µm
_11614_,49.99µm
_15495_,49.99µm
_17835_,49.99µm
_18018_,49.99µm
exit_value_int\[8\],49.99µm
i_core_v_mini_mcu.cpu_subsystem_i.cpu_1_0.rf_ram_i.memory\[250\]\[1\],49.99µm
i_core_v_mini_mcu.cpu_subsystem_i.cpu_1_0.rf_ram_i.memory\[360\]\[0\],49.99µm
clknet_leaf_151_i_core_v_mini_mcu.cpu_subsystem_i.cpu_1_0.clk_i,49.99µm
_06719_,49.94µm
_09138_,49.94µm
_09832_,49.94µm
_14028_,49.94µm
_14537_,49.94µm
_16712_,49.94µm
_16963_,49.94µm
_16971_,49.94µm
_18161_,49.94µm
_20359_,49.94µm
_23269_,49.94µm
_23328_,49.94µm
_25444_,49.94µm
i_core_v_mini_mcu.ao_peripheral_subsystem_i.tdu_i.active_hart_cycles_q\[31\],49.94µm
i_core_v_mini_mcu.cpu_subsystem_i.cpu_0_0.rf_ram_i.memory\[552\]\[0\],49.94µm
i_core_v_mini_mcu.cpu_subsystem_i.cpu_1_0.rf_ram_i.memory\[429\]\[1\],49.94µm
i_core_v_mini_mcu.peripheral_subsystem_i.uart_i.uart_core.uart_rx.baud_div_q\[0\],49.94µm
_06460_,49.93µm
_18114_,49.92µm
_06696_,49.89µm
_07277_,49.89µm
_08650_,49.89µm
_10314_,49.89µm
_13108_,49.89µm
_13464_,49.89µm
_14225_,49.89µm
_14921_,49.89µm
_20361_,49.89µm
_20524_,49.89µm
_25239_,49.89µm
_25670_,49.89µm
_26558_,49.89µm
_26760_,49.89µm
_26936_,49.89µm
_27543_,49.89µm
i_core_v_mini_mcu.ao_peripheral_subsystem_i.spi_subsystem_i.obi_spimemio_i.cfgreg_do\[10\],49.89µm
i_core_v_mini_mcu.ao_peripheral_subsystem_i.tdu_i.task_mem\[4\]\[24\],49.89µm
i_core_v_mini_mcu.cpu_subsystem_i.cpu_0_0.rf_ram_i.memory\[10\]\[1\],49.89µm
i_core_v_mini_mcu.cpu_subsystem_i.cpu_1_0.rf_ram_i.memory\[313\]\[1\],49.89µm
i_core_v_mini_mcu.memory_subsystem_i.ram0_i.tc_ram_i.sram\[8\]\[30\],49.89µm
net1923,49.89µm
_05527_,49.84µm
_07598_,49.84µm
_07933_,49.84µm
_09229_,49.84µm
_12030_,49.84µm
_19024_,49.84µm
_20287_,49.84µm
_20345_,49.84µm
_20348_,49.84µm
_21093_,49.84µm
_23540_,49.84µm
_24613_,49.84µm
_24662_,49.84µm
_25697_,49.84µm
_25708_,49.84µm
_26292_,49.84µm
_27229_,49.84µm
i_core_v_mini_mcu.ao_peripheral_subsystem_i.power_manager_i.power_manager_counter_sequence_cpu_reset_i.start_off_sequence_i,49.84µm
i_core_v_mini_mcu.memory_subsystem_i.ram0_i.tc_ram_i.sram\[11\]\[10\],49.84µm
i_core_v_mini_mcu.memory_subsystem_i.ram0_i.tc_ram_i.sram\[23\]\[31\],49.84µm
clknet_leaf_165_i_core_v_mini_mcu.cpu_subsystem_i.cpu_1_0.clk_i,49.84µm
_08970_,49.71µm
_26212_,49.56µm
_26802_,49.56µm
i_core_v_mini_mcu.cpu_subsystem_i.cpu_0_0.i_servile.arbiter.i_wb_cpu_dbus_adr\[18\],49.56µm
_16250_,49.48µm
i_core_v_mini_mcu.memory_subsystem_i.ram0_i.tc_ram_i.sram\[15\]\[14\],49.48µm
_07370_,49.43µm
_14368_,49.43µm
_15065_,49.43µm
_16544_,49.43µm
_18551_,49.43µm
i_core_v_mini_mcu.ao_peripheral_subsystem_i.clint_mtime_o\[11\],49.43µm
i_core_v_mini_mcu.cpu_subsystem_i.cpu_1_0.i_servile.cpu.immdec.gen_immdec_w_eq_1.imm31,49.43µm
i_core_v_mini_mcu.memory_subsystem_i.ram0_i.tc_ram_i.sram\[30\]\[11\],49.43µm
_05552_,49.38µm
_06022_,49.38µm
_06329_,49.38µm
_07107_,49.38µm
_07900_,49.38µm
_17440_,49.38µm
_20231_,49.38µm
_21115_,49.38µm
_23402_,49.38µm
i_core_v_mini_mcu.ao_peripheral_subsystem_i.obi_fifo_i.consumer_data_req_q\[10\],49.38µm
i_core_v_mini_mcu.ao_peripheral_subsystem_i.power_manager_i.power_manager_reg_top_i.periph_reset_qs,49.38µm
i_core_v_mini_mcu.core_data_req\[74\],49.38µm
i_core_v_mini_mcu.cpu_subsystem_i.cpu_0_0.rf_ram_i.memory\[392\]\[1\],49.38µm
i_core_v_mini_mcu.cpu_subsystem_i.cpu_1_0.rf_ram_i.memory\[297\]\[0\],49.38µm
i_core_v_mini_mcu.memory_subsystem_i.ram0_i.tc_ram_i.sram\[9\]\[16\],49.38µm
i_core_v_mini_mcu.peripheral_subsystem_i.uart_i.reg2hw\[78\],49.38µm
net1831,49.38µm
_08321_,49.33µm
_11638_,49.33µm
_12378_,49.33µm
_12912_,49.33µm
_15040_,49.33µm
_16498_,49.33µm
_17169_,49.33µm
_18347_,49.33µm
_20208_,49.33µm
_20271_,49.33µm
_25473_,49.33µm
_25881_,49.33µm
i_core_v_mini_mcu.cpu_subsystem_i.cpu_0_0.rf_ram_i.memory\[546\]\[1\],49.33µm
i_core_v_mini_mcu.cpu_subsystem_i.cpu_1_0.rf_ram_i.memory\[267\]\[0\],49.33µm
i_core_v_mini_mcu.peripheral_subsystem_i.uart_i.uart_core.u_uart_txfifo.gen_normal_fifo.fifo_wptr\[1\],49.33µm
net125,49.33µm
net441,49.33µm
clknet_leaf_29_i_core_v_mini_mcu.peripheral_subsystem_i.clk_cg,49.33µm
_07082_,49.28µm
_07827_,49.28µm
_08188_,49.28µm
_10156_,49.28µm
_10312_,49.28µm
_11498_,49.28µm
_13268_,49.28µm
_18912_,49.28µm
_19027_,49.28µm
_20154_,49.28µm
_20586_,49.28µm
_22948_,49.28µm
_24543_,49.28µm
_25091_,49.28µm
_27761_,49.28µm
i_core_v_mini_mcu.ao_peripheral_subsystem_i.periph_to_reg_i.r_rdata_d\[18\],49.28µm
i_core_v_mini_mcu.cpu_subsystem_i.cpu_0_0.rf_ram_i.memory\[457\]\[0\],49.28µm
i_core_v_mini_mcu.cpu_subsystem_i.cpu_1_0.rf_ram_i.memory\[261\]\[0\],49.28µm
i_core_v_mini_mcu.cpu_subsystem_i.cpu_1_0.rf_ram_i.memory\[298\]\[1\],49.28µm
i_core_v_mini_mcu.memory_subsystem_i.ram0_i.tc_ram_i.sram\[19\]\[13\],49.28µm
net1780,49.28µm
i_core_v_mini_mcu.ao_peripheral_subsystem_i.tdu_i.count_q\[2\],49.2µm
i_core_v_mini_mcu.ao_peripheral_subsystem_i.power_manager_i.power_manager_reg_top_i.cpu_reset_assert_counter_qs\[7\],49.1µm
i_core_v_mini_mcu.ao_peripheral_subsystem_i.tdu_i.cpi_est_q\[45\],48.92µm
_10239_,48.87µm
_10676_,48.87µm
_16037_,48.87µm
_16793_,48.87µm
_17640_,48.87µm
_21622_,48.87µm
_21760_,48.87µm
i_core_v_mini_mcu.peripheral_subsystem_i.uart_i.uart_core.uart_tx.sreg_q\[2\],48.87µm
_06637_,48.82µm
_09972_,48.82µm
_17600_,48.82µm
_19645_,48.82µm
_24587_,48.82µm
_25497_,48.82µm
i_core_v_mini_mcu.ao_peripheral_subsystem_i.clint_mtime_o\[34\],48.82µm
i_core_v_mini_mcu.ao_peripheral_subsystem_i.mosaic_clint_i.mtimecmp_q\[24\],48.82µm
i_core_v_mini_mcu.ao_peripheral_subsystem_i.mosaic_clint_i.mtimecmp_q\[67\],48.82µm
i_core_v_mini_mcu.cpu_subsystem_i.cpu_1_0.rf_ram_i.memory\[434\]\[1\],48.82µm
i_core_v_mini_mcu.memory_subsystem_i.ram0_i.tc_ram_i.sram\[11\]\[29\],48.82µm
net6,48.82µm
_09128_,48.77µm
_09976_,48.77µm
_11963_,48.77µm
_13769_,48.77µm
_14951_,48.77µm
_16818_,48.77µm
_16861_,48.77µm
_16897_,48.77µm
_21470_,48.77µm
_23957_,48.77µm
_25205_,48.77µm
_26098_,48.77µm
i_core_v_mini_mcu.ao_peripheral_subsystem_i.power_manager_i.power_manager_reg_top_i.global_pointer_qs\[29\],48.77µm
i_core_v_mini_mcu.ao_peripheral_subsystem_i.soc_ctrl_i.enable_spi_sel,48.77µm
i_core_v_mini_mcu.ao_peripheral_subsystem_i.spi_subsystem_i.obi_spimemio_i.spimemio_i.buffer\[2\],48.77µm
i_core_v_mini_mcu.cpu_subsystem_i.cpu_1_0.rf_ram_i.memory\[47\]\[0\],48.77µm
_08040_,48.72µm
_08110_,48.72µm
_08389_,48.72µm
_10005_,48.72µm
_12640_,48.72µm
_13811_,48.72µm
_14344_,48.72µm
_14399_,48.72µm
_17770_,48.72µm
_18868_,48.72µm
_18914_,48.72µm
_19118_,48.72µm
_24493_,48.72µm
_25015_,48.72µm
_25693_,48.72µm
_25843_,48.72µm
_25866_,48.72µm
_26164_,48.72µm
_27102_,48.72µm
i_core_v_mini_mcu.ao_peripheral_subsystem_i.periph_to_reg_i.r_rdata_d\[20\],48.72µm
i_core_v_mini_mcu.ao_peripheral_subsystem_i.spi_subsystem_i.obi_spimemio_i.spimemio_i.din_qspi,48.72µm
i_core_v_mini_mcu.ao_peripheral_subsystem_i.tdu_i.task_mem\[4\]\[25\],48.72µm
i_core_v_mini_mcu.cpu_subsystem_i.cpu_0_0.rf_ram_i.memory\[333\]\[1\],48.72µm
i_core_v_mini_mcu.cpu_subsystem_i.cpu_0_0.rf_ram_i.memory\[43\]\[1\],48.72µm
i_core_v_mini_mcu.cpu_subsystem_i.cpu_1_0.rf_ram_i.memory\[335\]\[0\],48.72µm
net485,48.72µm
i_core_v_mini_mcu.memory_subsystem_i.ram0_i.tc_ram_i.sram\[21\]\[23\],48.49µm
i_core_v_mini_mcu.memory_subsystem_i.ram0_i.tc_ram_i.sram\[31\]\[5\],48.41µm
_17189_,48.36µm
i_core_v_mini_mcu.cpu_subsystem_i.cpu_1_0.rf_ram_i.memory\[9\]\[1\],48.36µm
_05675_,48.31µm
_15120_,48.31µm
_15164_,48.31µm
_21536_,48.31µm
i_core_v_mini_mcu.ao_peripheral_subsystem_i.mosaic_clint_i.mtimecmp_q\[126\],48.31µm
i_core_v_mini_mcu.ao_peripheral_subsystem_i.obi_fifo_i.consumer_data_req\[68\],48.31µm
i_core_v_mini_mcu.core_data_req\[0\],48.31µm
i_core_v_mini_mcu.cpu_subsystem_i.cpu_0_0.i_servile.cpu.ctrl.o_ibus_adr\[24\],48.31µm
clknet_leaf_2_i_core_v_mini_mcu.peripheral_subsystem_i.clk_cg,48.31µm
_07962_,48.26µm
_08520_,48.26µm
_09785_,48.26µm
_12449_,48.26µm
_14582_,48.26µm
_14768_,48.26µm
_15438_,48.26µm
_16001_,48.26µm
_18107_,48.26µm
_18404_,48.26µm
_20698_,48.26µm
_24677_,48.26µm
i_core_v_mini_mcu.ao_peripheral_subsystem_i.power_manager_i.power_manager_reg_top_i.cpu_reset_assert_counter_qs\[9\],48.26µm
i_core_v_mini_mcu.ao_peripheral_subsystem_i.spi_subsystem_i.obi_spimemio_i.spimemio_i.config_do\[3\],48.26µm
i_core_v_mini_mcu.cpu_subsystem_i.cpu_1_0.rf_ram_i.memory\[465\]\[0\],48.26µm
_05774_,48.21µm
_06068_,48.21µm
_07939_,48.21µm
_08866_,48.21µm
_15067_,48.21µm
_16220_,48.21µm
_16858_,48.21µm
_18259_,48.21µm
_22003_,48.21µm
_25725_,48.21µm
_25998_,48.21µm
_26122_,48.21µm
i_core_v_mini_mcu.ao_peripheral_subsystem_i.clint_mtime_o\[35\],48.21µm
i_core_v_mini_mcu.cpu_subsystem_i.cpu_0_0.i_servile.cpu.decode.o_two_stage_op,48.21µm
i_core_v_mini_mcu.memory_subsystem_i.ram0_i.tc_ram_i.sram\[31\]\[8\],48.21µm
i_core_v_mini_mcu.memory_subsystem_i.ram0_i.tc_ram_i.sram\[5\]\[11\],48.21µm
i_core_v_mini_mcu.memory_subsystem_i.ram0_i.tc_ram_i.sram\[8\]\[23\],48.21µm
net1787,48.21µm
_07283_,48.16µm
_07360_,48.16µm
_09125_,48.16µm
_09237_,48.16µm
_09306_,48.16µm
_10449_,48.16µm
_11070_,48.16µm
_12592_,48.16µm
_12679_,48.16µm
_12919_,48.16µm
_13254_,48.16µm
_14170_,48.16µm
_15727_,48.16µm
_17417_,48.16µm
_18859_,48.16µm
_22055_,48.16µm
_22614_,48.16µm
_22637_,48.16µm
_24657_,48.16µm
_25427_,48.16µm
i_core_v_mini_mcu.ao_peripheral_subsystem_i.tdu_i.cpi_est_q\[49\],48.16µm
i_core_v_mini_mcu.cpu_subsystem_i.cpu_0_0.i_servile.cpu.csr_mie_en,48.16µm
i_core_v_mini_mcu.cpu_subsystem_i.cpu_0_0.rf_ram_i.memory\[28\]\[0\],48.16µm
i_core_v_mini_mcu.cpu_subsystem_i.cpu_1_0.rf_ram_i.memory\[254\]\[0\],48.16µm
i_core_v_mini_mcu.cpu_subsystem_i.cpu_1_0.rf_ram_i.memory\[459\]\[1\],48.16µm
i_core_v_mini_mcu.memory_subsystem_i.ram0_i.tc_ram_i.sram\[25\]\[29\],48.16µm
_06877_,48.03µm
status_o[5],48.02µm
_24987_,47.93µm
_17643_,47.9µm
_06580_,47.8µm
_06662_,47.8µm
_17453_,47.8µm
_21049_,47.8µm
_06849_,47.75µm
_08965_,47.75µm
_14620_,47.75µm
_15308_,47.75µm
_16059_,47.75µm
_16122_,47.75µm
_22172_,47.75µm
i_core_v_mini_mcu.ao_peripheral_subsystem_i.obi_fifo_i.consumer_data_req\[67\],47.75µm
i_core_v_mini_mcu.ao_peripheral_subsystem_i.spi_subsystem_i.obi_spimemio_i.spimemio_i.rd_addr\[20\],47.75µm
i_core_v_mini_mcu.memory_subsystem_i.ram0_i.tc_ram_i.sram\[15\]\[15\],47.75µm
_06933_,47.7µm
_07187_,47.7µm
_09005_,47.7µm
_09023_,47.7µm
_12186_,47.7µm
_16722_,47.7µm
_17093_,47.7µm
_18842_,47.7µm
_19208_,47.7µm
_19450_,47.7µm
_24109_,47.7µm
_24272_,47.7µm
_28059_,47.7µm
i_core_v_mini_mcu.ao_peripheral_subsystem_i.mosaic_clint_i.mtimecmp_q\[76\],47.7µm
i_core_v_mini_mcu.ao_peripheral_subsystem_i.power_manager_i.power_manager_reg_top_i.reg2hw\[225\],47.7µm
i_core_v_mini_mcu.cpu_subsystem_i.cpu_0_0.i_servile.arbiter.i_wb_cpu_ibus_adr\[1\],47.7µm
i_core_v_mini_mcu.cpu_subsystem_i.cpu_0_0.rf_ram_i.memory\[280\]\[1\],47.7µm
i_core_v_mini_mcu.cpu_subsystem_i.cpu_1_0.rf_ram_i.memory\[119\]\[0\],47.7µm
_02988_,47.65µm
_06391_,47.65µm
_06855_,47.65µm
_08670_,47.65µm
_13187_,47.65µm
_13272_,47.65µm
_15252_,47.65µm
_15798_,47.65µm
_17594_,47.65µm
_20741_,47.65µm
_21864_,47.65µm
_24034_,47.65µm
_26059_,47.65µm
_26412_,47.65µm
_26986_,47.65µm
i_core_v_mini_mcu.ao_peripheral_subsystem_i.power_manager_i.power_manager_reg_top_i.master_cpu_force_switch_on_qs,47.65µm
i_core_v_mini_mcu.ao_peripheral_subsystem_i.spi_subsystem_i.obi_spimemio_i.spimemio_i.dout_data\[5\],47.65µm
i_core_v_mini_mcu.cpu_subsystem_i.cpu_0_0.rf_ram_i.memory\[465\]\[0\],47.65µm
i_core_v_mini_mcu.cpu_subsystem_i.cpu_1_0.rf_ram_i.memory\[345\]\[1\],47.65µm
i_core_v_mini_mcu.cpu_subsystem_i.cpu_1_0.rf_ram_i.memory\[502\]\[1\],47.65µm
i_core_v_mini_mcu.memory_subsystem_i.ram0_i.tc_ram_i.sram\[23\]\[22\],47.65µm
net13,47.65µm
_05767_,47.6µm
_07357_,47.6µm
_08492_,47.6µm
_10475_,47.6µm
_10997_,47.6µm
_12666_,47.6µm
_13155_,47.6µm
_14062_,47.6µm
_18824_,47.6µm
_20227_,47.6µm
_21589_,47.6µm
_24134_,47.6µm
_24707_,47.6µm
_24713_,47.6µm
_25995_,47.6µm
_26062_,47.6µm
_26758_,47.6µm
_26932_,47.6µm
_27796_,47.6µm
i_core_v_mini_mcu.core_data_req\[19\],47.6µm
i_core_v_mini_mcu.cpu_subsystem_i.cpu_0_0.rf_ram_i.memory\[460\]\[1\],47.6µm
status_o[4],47.46µm
_11349_,47.32µm
_16718_,47.29µm
i_core_v_mini_mcu.ao_peripheral_subsystem_i.spi_subsystem_i.obi_spimemio_i.spimemio_i.state\[6\],47.29µm
_06640_,47.24µm
_06918_,47.24µm
_17838_,47.24µm
i_core_v_mini_mcu.ao_peripheral_subsystem_i.obi_fifo_i.consumer_data_req\[11\],47.24µm
_12456_,47.19µm
_16260_,47.19µm
_16628_,47.19µm
_16921_,47.19µm
_18759_,47.19µm
_20394_,47.19µm
_11825_,47.14µm
_15840_,47.14µm
_17797_,47.14µm
_22042_,47.14µm
_24044_,47.14µm
_25968_,47.14µm
i_core_v_mini_mcu.ao_peripheral_subsystem_i.spi_subsystem_i.obi_spimemio_i.spimemio_i.dout_data\[2\],47.14µm
i_core_v_mini_mcu.ao_peripheral_subsystem_i.tdu_i.task_mem\[3\]\[13\],47.14µm
i_core_v_mini_mcu.cpu_subsystem_i.cpu_0_0.i_servile.cpu.ctrl.o_ibus_adr\[25\],47.14µm
i_core_v_mini_mcu.cpu_subsystem_i.cpu_0_0.i_servile.rf_ram_if.wdata1_r\[1\],47.14µm
i_core_v_mini_mcu.cpu_subsystem_i.cpu_0_0.rf_ram_i.memory\[29\]\[0\],47.14µm
i_core_v_mini_mcu.cpu_subsystem_i.cpu_1_0.rf_ram_i.memory\[14\]\[1\],47.14µm
_04188_,47.09µm
_06335_,47.09µm
_06448_,47.09µm
_07065_,47.09µm
_08271_,47.09µm
_08326_,47.09µm
_08921_,47.09µm
_09045_,47.09µm
_09333_,47.09µm
_10037_,47.09µm
_10619_,47.09µm
_10677_,47.09µm
_12557_,47.09µm
_14599_,47.09µm
_15186_,47.09µm
_15459_,47.09µm
_16568_,47.09µm
_18408_,47.09µm
_20363_,47.09µm
_22180_,47.09µm
_22700_,47.09µm
_25342_,47.09µm
_25898_,47.09µm
i_core_v_mini_mcu.ao_peripheral_subsystem_i.mosaic_clint_i.mtimecmp_q\[65\],47.09µm
i_core_v_mini_mcu.ao_peripheral_subsystem_i.power_manager_i.power_manager_sequence_periph_iso_i.sequence_curr_state\[3\],47.09µm
i_core_v_mini_mcu.ao_peripheral_subsystem_i.tdu_i.active_hart_cycles_q\[8\],47.09µm
i_core_v_mini_mcu.memory_subsystem_i.ram0_i.tc_ram_i.sram\[19\]\[26\],47.09µm
i_core_v_mini_mcu.memory_subsystem_i.ram0_i.tc_ram_i.sram\[1\]\[24\],47.09µm
_10806_,47.04µm
_11509_,47.04µm
_13170_,47.04µm
_13985_,47.04µm
_14262_,47.04µm
_15617_,47.04µm
_17086_,47.04µm
_17598_,47.04µm
_18752_,47.04µm
_18942_,47.04µm
_26388_,47.04µm
_27123_,47.04µm
_27169_,47.04µm
i_core_v_mini_mcu.ao_peripheral_subsystem_i.spi_subsystem_i.obi_spimemio_i.spimemio_i.xfer.obuffer\[2\],47.04µm
i_core_v_mini_mcu.cpu_subsystem_i.cpu_0_0.rf_ram_i.memory\[165\]\[1\],47.04µm
i_core_v_mini_mcu.memory_subsystem_i.ram0_i.tc_ram_i.sram\[17\]\[23\],47.04µm
i_core_v_mini_mcu.memory_subsystem_i.ram0_i.tc_ram_i.sram\[20\]\[7\],47.04µm
i_core_v_mini_mcu.cpu_subsystem_i.cpu_1_0.rf_ram_i.memory\[111\]\[1\],46.81µm
_06488_,46.68µm
_09369_,46.68µm
_28094_,46.68µm
_09400_,46.63µm
_14396_,46.63µm
_15268_,46.63µm
_15297_,46.63µm
_16018_,46.63µm
_21807_,46.63µm
i_core_v_mini_mcu.ao_peripheral_subsystem_i.spi_subsystem_i.obi_spimemio_i.spimemio_i.xfer.obuffer\[0\],46.63µm
i_core_v_mini_mcu.cpu_subsystem_i.cpu_1_0.i_servile.cpu.decode.o_immdec_ctrl\[0\],46.63µm
_06744_,46.58µm
_09361_,46.58µm
_10033_,46.58µm
_15284_,46.58µm
_15509_,46.58µm
_15515_,46.58µm
_17513_,46.58µm
_18770_,46.58µm
_22733_,46.58µm
_24548_,46.58µm
i_core_v_mini_mcu.ao_peripheral_subsystem_i.mosaic_clint_i.mtimecmp_q\[14\],46.58µm
i_core_v_mini_mcu.cpu_subsystem_i.cpu_0_0.i_servile.cpu.ctrl.o_ibus_adr\[16\],46.58µm
net567,46.58µm
_04352_,46.53µm
_06600_,46.53µm
_07413_,46.53µm
_07646_,46.53µm
_07898_,46.53µm
_08574_,46.53µm
_08871_,46.53µm
_09636_,46.53µm
_12123_,46.53µm
_12299_,46.53µm
_14279_,46.53µm
_17207_,46.53µm
_18581_,46.53µm
_19824_,46.53µm
_19921_,46.53µm
_22793_,46.53µm
_23491_,46.53µm
_25622_,46.53µm
_27269_,46.53µm
_27979_,46.53µm
i_core_v_mini_mcu.ao_peripheral_subsystem_i.tdu_i.cpi_est_q\[54\],46.53µm
i_core_v_mini_mcu.core_data_req\[14\],46.53µm
i_core_v_mini_mcu.cpu_subsystem_i.cpu_0_0.rf_ram_i.memory\[33\]\[0\],46.53µm
i_core_v_mini_mcu.cpu_subsystem_i.cpu_1_0.rf_ram_i.memory\[425\]\[0\],46.53µm
i_core_v_mini_mcu.memory_subsystem_i.ram0_i.tc_ram_i.sram\[8\]\[1\],46.53µm
i_core_v_mini_mcu.peripheral_subsystem_i.uart_i.hw2reg\[16\],46.53µm
i_core_v_mini_mcu.system_bus_i.system_xbar_i.gen_xbar_NtoM.i_xbar.gen_outputs\[3\].gen_rr_arb_tree.i_rr_arb_tree.gen_arbiter.rr_q\[1\],46.53µm
_06248_,46.48µm
_08312_,46.48µm
_08900_,46.48µm
_11579_,46.48µm
_12128_,46.48µm
_13090_,46.48µm
_13143_,46.48µm
_14273_,46.48µm
_15095_,46.48µm
_16588_,46.48µm
_17804_,46.48µm
_24801_,46.48µm
_25618_,46.48µm
_26142_,46.48µm
_26320_,46.48µm
_26405_,46.48µm
_27742_,46.48µm
_27783_,46.48µm
i_core_v_mini_mcu.cpu_subsystem_i.cpu_0_0.rf_ram_i.memory\[233\]\[1\],46.48µm
i_core_v_mini_mcu.cpu_subsystem_i.cpu_1_0.rf_ram_i.memory\[42\]\[0\],46.48µm
i_core_v_mini_mcu.memory_subsystem_i.ram0_i.tc_ram_i.sram\[18\]\[25\],46.48µm
i_core_v_mini_mcu.memory_subsystem_i.ram0_i.tc_ram_i.sram\[2\]\[1\],46.48µm
_07580_,46.39µm
execute_from_flash_i,46.39µm
_10384_,46.32µm
_13667_,46.25µm
_08717_,46.17µm
_09344_,46.12µm
_09347_,46.12µm
_15562_,46.12µm
i_core_v_mini_mcu.cpu_subsystem_i.cpu_0_0.i_servile.cpu.ctrl.o_ibus_adr\[6\],46.12µm
i_core_v_mini_mcu.cpu_subsystem_i.cpu_1_0.rf_ram_i.memory\[416\]\[0\],46.12µm
_08627_,46.07µm
_10248_,46.07µm
_10891_,46.07µm
_13971_,46.07µm
_15177_,46.07µm
_17080_,46.07µm
_17347_,46.07µm
_17368_,46.07µm
_00407_,46.02µm
_06466_,46.02µm
_07305_,46.02µm
_07514_,46.02µm
_09122_,46.02µm
_09510_,46.02µm
_09836_,46.02µm
_14064_,46.02µm
_17721_,46.02µm
_18061_,46.02µm
_18382_,46.02µm
_22870_,46.02µm
_23979_,46.02µm
i_core_v_mini_mcu.ao_peripheral_subsystem_i.power_manager_i.power_manager_reg_top_i.cpu_iso_off_counter_qs\[6\],46.02µm
i_core_v_mini_mcu.ao_peripheral_subsystem_i.power_manager_i.power_manager_reg_top_i.cpu_reset_deassert_counter_qs\[5\],46.02µm
i_core_v_mini_mcu.ao_peripheral_subsystem_i.power_manager_i.power_manager_reg_top_i.intr_state_qs\[10\],46.02µm
i_core_v_mini_mcu.cpu_subsystem_i.cpu_1_0.rf_ram_i.memory\[0\]\[1\],46.02µm
_27499_,46.01µm
_05758_,45.97µm
_05819_,45.97µm
_06927_,45.97µm
_06992_,45.97µm
_09380_,45.97µm
_10045_,45.97µm
_10200_,45.97µm
_10413_,45.97µm
_12877_,45.97µm
_15447_,45.97µm
_17776_,45.97µm
_23297_,45.97µm
_24642_,45.97µm
_24818_,45.97µm
_25612_,45.97µm
_26468_,45.97µm
exit_value_int\[19\],45.97µm
i_core_v_mini_mcu.ao_peripheral_subsystem_i.power_manager_i.power_manager_sequence_periph_iso_i.sequence_curr_state\[2\],45.97µm
i_core_v_mini_mcu.ao_peripheral_subsystem_i.spi_subsystem_i.obi_spimemio_i.obi_to_picorv32_i.picorv32_resp_i\[0\],45.97µm
i_core_v_mini_mcu.ao_peripheral_subsystem_i.tdu_i.active_hart_cycles_q\[0\],45.97µm
i_core_v_mini_mcu.ao_peripheral_subsystem_i.tdu_i.cpi_est_q\[36\],45.97µm
i_core_v_mini_mcu.cpu_subsystem_i.cpu_0_0.i_servile.arbiter.i_wb_cpu_dbus_adr\[12\],45.97µm
i_core_v_mini_mcu.cpu_subsystem_i.cpu_1_0.rf_ram_i.memory\[255\]\[0\],45.97µm
i_core_v_mini_mcu.cpu_subsystem_i.cpu_1_0.rf_ram_i.memory\[256\]\[1\],45.97µm
i_core_v_mini_mcu.cpu_subsystem_i.cpu_1_0.rf_ram_i.memory\[264\]\[0\],45.97µm
i_core_v_mini_mcu.memory_subsystem_i.ram0_i.tc_ram_i.sram\[2\]\[4\],45.97µm
_05524_,45.92µm
_05582_,45.92µm
_07411_,45.92µm
_07654_,45.92µm
_08083_,45.92µm
_08955_,45.92µm
_09998_,45.92µm
_11147_,45.92µm
_11388_,45.92µm
_11552_,45.92µm
_12172_,45.92µm
_12534_,45.92µm
_18910_,45.92µm
_20927_,45.92µm
_21466_,45.92µm
_24106_,45.92µm
_26987_,45.92µm
i_core_v_mini_mcu.ao_peripheral_subsystem_i.periph_to_reg_i.r_rdata_d\[14\],45.92µm
i_core_v_mini_mcu.cpu_subsystem_i.cpu_0_0.rf_ram_i.memory\[354\]\[1\],45.92µm
i_core_v_mini_mcu.cpu_subsystem_i.cpu_1_0.rf_ram_i.memory\[355\]\[1\],45.92µm
i_core_v_mini_mcu.cpu_subsystem_i.cpu_1_0.rf_ram_i.memory\[385\]\[1\],45.92µm
i_core_v_mini_mcu.cpu_subsystem_i.cpu_1_0.rf_ram_i.memory\[454\]\[1\],45.92µm
i_core_v_mini_mcu.memory_subsystem_i.ram0_i.tc_ram_i.sram\[13\]\[29\],45.92µm
_14882_,45.84µm
_17975_,45.66µm
_14290_,45.61µm
_16237_,45.56µm
_18472_,45.51µm
_28064_,45.51µm
i_core_v_mini_mcu.ao_peripheral_subsystem_i.spi_subsystem_i.obi_spimemio_i.obi_to_picorv32_i.obi_resp_o\[25\],45.51µm
i_core_v_mini_mcu.cpu_subsystem_i.cpu_1_0.rf_ram_i.memory\[359\]\[0\],45.51µm
i_core_v_mini_mcu.cpu_subsystem_i.cpu_1_0.rf_ram_i.memory\[239\]\[1\],45.495µm
_08749_,45.46µm
_09640_,45.46µm
_09748_,45.46µm
_10028_,45.46µm
_14576_,45.46µm
_16608_,45.46µm
_17312_,45.46µm
_18375_,45.46µm
_21000_,45.46µm
_25504_,45.46µm
_25654_,45.46µm
i_core_v_mini_mcu.ao_peripheral_subsystem_i.clint_mtime_o\[13\],45.46µm
i_core_v_mini_mcu.ao_peripheral_subsystem_i.spi_subsystem_i.obi_spimemio_i.obi_to_picorv32_i.picorv32_resp_i\[18\],45.46µm
i_core_v_mini_mcu.ao_peripheral_subsystem_i.tdu_i.task_mem\[1\]\[5\],45.46µm
i_core_v_mini_mcu.cpu_subsystem_i.cpu_1_0.rf_ram_i.memory\[478\]\[1\],45.46µm
i_core_v_mini_mcu.memory_subsystem_i.ram0_i.tc_ram_i.sram\[11\]\[14\],45.46µm
i_core_v_mini_mcu.memory_subsystem_i.ram0_i.tc_ram_i.sram\[31\]\[10\],45.46µm
_06404_,45.41µm
_07009_,45.41µm
_07365_,45.41µm
_07608_,45.41µm
_07707_,45.41µm
_10300_,45.41µm
_12222_,45.41µm
_13189_,45.41µm
_14415_,45.41µm
_15740_,45.41µm
_17656_,45.41µm
_20315_,45.41µm
_23330_,45.41µm
_24799_,45.41µm
_25305_,45.41µm
_25326_,45.41µm
_25753_,45.41µm
_26208_,45.41µm
_26239_,45.41µm
_26354_,45.41µm
i_core_v_mini_mcu.ao_peripheral_subsystem_i.power_manager_i.power_manager_reg_top_i.monitor_power_gate_periph_qs\[0\],45.41µm
i_core_v_mini_mcu.ao_peripheral_subsystem_i.soc_ctrl_i.soc_ctrl_reg_top_i.system_frequency_hz_qs\[17\],45.41µm
i_core_v_mini_mcu.ao_peripheral_subsystem_i.soc_ctrl_i.soc_ctrl_reg_top_i.system_frequency_hz_qs\[19\],45.41µm
i_core_v_mini_mcu.ao_peripheral_subsystem_i.spi_subsystem_i.obi_spimemio_i.spimemio_i.buffer\[20\],45.41µm
i_core_v_mini_mcu.ao_peripheral_subsystem_i.tdu_i.cpi_est_q\[15\],45.41µm
i_core_v_mini_mcu.cpu_subsystem_i.cpu_0_0.rf_ram_i.memory\[39\]\[0\],45.41µm
i_core_v_mini_mcu.cpu_subsystem_i.cpu_0_0.rf_ram_i.memory\[462\]\[1\],45.41µm
i_core_v_mini_mcu.cpu_subsystem_i.cpu_0_0.rf_ram_i.memory\[465\]\[1\],45.41µm
i_core_v_mini_mcu.cpu_subsystem_i.cpu_0_0.rf_ram_i.memory\[54\]\[0\],45.41µm
i_core_v_mini_mcu.cpu_subsystem_i.cpu_1_0.rf_ram_i.memory\[229\]\[0\],45.41µm
i_core_v_mini_mcu.cpu_subsystem_i.cpu_1_0.rf_ram_i.memory\[431\]\[0\],45.41µm
i_core_v_mini_mcu.memory_subsystem_i.ram0_i.tc_ram_i.sram\[13\]\[21\],45.41µm
net1880,45.41µm
_04751_,45.36µm
_07018_,45.36µm
_07262_,45.36µm
_07392_,45.36µm
_07893_,45.36µm
_08448_,45.36µm
_09212_,45.36µm
_09774_,45.36µm
_10285_,45.36µm
_11066_,45.36µm
_11299_,45.36µm
_12410_,45.36µm
_12672_,45.36µm
_13099_,45.36µm
_15210_,45.36µm
_16282_,45.36µm
_18857_,45.36µm
_18988_,45.36µm
_19768_,45.36µm
_21994_,45.36µm
_22685_,45.36µm
_23451_,45.36µm
_25893_,45.36µm
_26394_,45.36µm
_27175_,45.36µm
_27178_,45.36µm
_27408_,45.36µm
i_core_v_mini_mcu.ao_peripheral_subsystem_i.tdu_i.cpi_est_q\[13\],45.36µm
i_core_v_mini_mcu.ao_peripheral_subsystem_i.tdu_i.cpi_est_q\[31\],45.36µm
_08020_,45.08µm
_06547_,45.05µm
_08989_,45.05µm
i_core_v_mini_mcu.ao_peripheral_subsystem_i.tdu_i.active_hart_cycles_q\[5\],45.05µm
_16033_,45µm
_18118_,45µm
_19325_,45µm
_23991_,45µm
i_core_v_mini_mcu.cpu_subsystem_i.cpu_0_0.i_servile.cpu.decode.o_rd_alu_en,45µm
_07711_,44.95µm
_14965_,44.95µm
_16233_,44.95µm
_17332_,44.95µm
_21762_,44.95µm
_21803_,44.95µm
_25706_,44.95µm
i_core_v_mini_mcu.ao_peripheral_subsystem_i.tdu_i.task_mem\[1\]\[2\],44.95µm
clknet_leaf_94_i_core_v_mini_mcu.cpu_subsystem_i.cpu_1_0.clk_i,44.95µm
_07088_,44.9µm
_10023_,44.9µm
_11788_,44.9µm
_14987_,44.9µm
_15108_,44.9µm
i_core_v_mini_mcu.ao_peripheral_subsystem_i.spi_subsystem_i.obi_spimemio_i.spimemio_i.dout_tag\[0\],44.9µm
i_core_v_mini_mcu.cpu_subsystem_i.cpu_0_0.i_servile.cpu.immdec.gen_immdec_w_eq_1.imm19_12_20\[6\],44.9µm
i_core_v_mini_mcu.cpu_subsystem_i.cpu_0_0.rf_ram_i.memory\[145\]\[1\],44.9µm
i_core_v_mini_mcu.cpu_subsystem_i.cpu_1_0.i_servile.cpu.decode.o_immdec_en\[1\],44.9µm
i_core_v_mini_mcu.cpu_subsystem_i.cpu_1_0.rf_ram_i.memory\[261\]\[1\],44.9µm
i_core_v_mini_mcu.memory_subsystem_i.ram0_i.tc_ram_i.sram\[1\]\[20\],44.9µm
i_core_v_mini_mcu.memory_subsystem_i.ram0_i.tc_ram_i.sram\[24\]\[6\],44.9µm
net390,44.9µm
_05449_,44.85µm
_05862_,44.85µm
_07695_,44.85µm
_09071_,44.85µm
_09778_,44.85µm
_10186_,44.85µm
_18035_,44.85µm
_22489_,44.85µm
_24153_,44.85µm
_25307_,44.85µm
_26268_,44.85µm
_26594_,44.85µm
_26692_,44.85µm
_26739_,44.85µm
_27089_,44.85µm
i_core_v_mini_mcu.ao_peripheral_subsystem_i.tdu_i.cpi_est_q\[42\],44.85µm
i_core_v_mini_mcu.ao_peripheral_subsystem_i.tdu_i.task_mem\[0\]\[19\],44.85µm
i_core_v_mini_mcu.cpu_subsystem_i.cpu_1_0.rf_ram_i.memory\[34\]\[1\],44.85µm
i_core_v_mini_mcu.cpu_subsystem_i.cpu_1_0.rf_ram_i.memory\[495\]\[0\],44.85µm
i_core_v_mini_mcu.memory_subsystem_i.ram0_i.tc_ram_i.sram\[19\]\[10\],44.85µm
i_core_v_mini_mcu.memory_subsystem_i.ram0_i.tc_ram_i.sram\[4\]\[25\],44.85µm
i_core_v_mini_mcu.memory_subsystem_i.ram0_i.tc_ram_i.sram\[9\]\[9\],44.85µm
i_core_v_mini_mcu.peripheral_subsystem_i.obi_fifo_i.consumer_data_req\[3\],44.85µm
i_core_v_mini_mcu.peripheral_subsystem_i.uart_i.reg2hw\[90\],44.85µm
_00280_,44.8µm
_06303_,44.8µm
_07443_,44.8µm
_08057_,44.8µm
_08388_,44.8µm
_10894_,44.8µm
_13160_,44.8µm
_13650_,44.8µm
_14245_,44.8µm
_14800_,44.8µm
_15367_,44.8µm
_18946_,44.8µm
_19615_,44.8µm
_24511_,44.8µm
_25071_,44.8µm
_25176_,44.8µm
_26101_,44.8µm
_26919_,44.8µm
_26934_,44.8µm
_27092_,44.8µm
_27264_,44.8µm
_27545_,44.8µm
_27844_,44.8µm
i_core_v_mini_mcu.ao_peripheral_subsystem_i.obi_fifo_i.consumer_data_req\[32\],44.8µm
i_core_v_mini_mcu.cpu_subsystem_i.cpu_1_0.rf_ram_i.memory\[410\]\[0\],44.8µm
i_core_v_mini_mcu.memory_subsystem_i.ram0_i.tc_ram_i.sram\[26\]\[8\],44.8µm
i_core_v_mini_mcu.peripheral_subsystem_i.obi_fifo_i.consumer_data_req\[2\],44.8µm
i_core_v_mini_mcu.peripheral_subsystem_i.periph_to_reg_i.r_rdata_d\[12\],44.8µm
i_core_v_mini_mcu.peripheral_subsystem_i.uart_i.uart_core.u_uart_txfifo.gen_normal_fifo.storage\[18\],44.8µm
net1785,44.8µm
i_core_v_mini_mcu.ao_peripheral_subsystem_i.tdu_i.cpi_est_q\[37\],44.62µm
_09027_,44.44µm
_09271_,44.44µm
_16105_,44.44µm
_16611_,44.44µm
_17046_,44.44µm
_05766_,44.39µm
_13729_,44.39µm
_15017_,44.39µm
_16841_,44.39µm
_17152_,44.39µm
_17986_,44.39µm
_24160_,44.39µm
_25073_,44.39µm
_25433_,44.39µm
i_core_v_mini_mcu.cpu_subsystem_i.cpu_1_0.rf_ram_i.memory\[401\]\[0\],44.375µm
_05565_,44.34µm
_08324_,44.34µm
_09166_,44.34µm
_13197_,44.34µm
_16625_,44.34µm
_16821_,44.34µm
_17225_,44.34µm
_18405_,44.34µm
_19094_,44.34µm
_21639_,44.34µm
_23985_,44.34µm
_27137_,44.34µm
cpu_subsystem_powergate_switch_no_int,44.34µm
i_core_v_mini_mcu.ao_peripheral_subsystem_i.power_manager_i.power_manager_counter_sequence_cpu_switch_i.sequence_curr_state\[4\],44.34µm
i_core_v_mini_mcu.ao_peripheral_subsystem_i.power_manager_i.power_manager_reg_top_i.reg2hw\[224\],44.34µm
i_core_v_mini_mcu.ao_peripheral_subsystem_i.tdu_i.cpi_est_q\[1\],44.34µm
i_core_v_mini_mcu.cpu_subsystem_i.cpu_1_0.rf_ram_i.memory\[192\]\[0\],44.34µm
i_core_v_mini_mcu.cpu_subsystem_i.cpu_1_0.rf_ram_i.memory\[3\]\[1\],44.34µm
clknet_leaf_4_i_core_v_mini_mcu.peripheral_subsystem_i.clk_cg,44.34µm
_08554_,44.29µm
_09215_,44.29µm
_09418_,44.29µm
_10101_,44.29µm
_11046_,44.29µm
_11511_,44.29µm
_13192_,44.29µm
_17020_,44.29µm
_18430_,44.29µm
_19748_,44.29µm
_20588_,44.29µm
_21282_,44.29µm
_21318_,44.29µm
_21773_,44.29µm
_23164_,44.29µm
_23403_,44.29µm
_23636_,44.29µm
_23941_,44.29µm
_24300_,44.29µm
_26222_,44.29µm
_26264_,44.29µm
_27208_,44.29µm
i_core_v_mini_mcu.ao_peripheral_subsystem_i.tdu_i.cpi_est_q\[16\],44.29µm
i_core_v_mini_mcu.ao_peripheral_subsystem_i.tdu_i.task_mem\[3\]\[17\],44.29µm
i_core_v_mini_mcu.cpu_subsystem_i.cpu_0_0.rf_ram_i.memory\[73\]\[0\],44.29µm
i_core_v_mini_mcu.cpu_subsystem_i.cpu_0_0.rf_ram_i.memory\[76\]\[1\],44.29µm
i_core_v_mini_mcu.cpu_subsystem_i.cpu_1_0.rf_ram_i.memory\[155\]\[0\],44.29µm
i_core_v_mini_mcu.cpu_subsystem_i.cpu_1_0.rf_ram_i.memory\[362\]\[0\],44.29µm
_02095_,44.24µm
_03848_,44.24µm
_07489_,44.24µm
_08335_,44.24µm
_08503_,44.24µm
_11412_,44.24µm
_11824_,44.24µm
_14942_,44.24µm
_16888_,44.24µm
_17267_,44.24µm
_17777_,44.24µm
_18775_,44.24µm
_19552_,44.24µm
_21266_,44.24µm
_21632_,44.24µm
_23522_,44.24µm
_24206_,44.24µm
_25499_,44.24µm
_26762_,44.24µm
_26818_,44.24µm
i_core_v_mini_mcu.ao_peripheral_subsystem_i.spi_subsystem_i.obi_spimemio_i.obi_to_picorv32_i.picorv32_resp_i\[5\],44.24µm
i_core_v_mini_mcu.cpu_subsystem_i.cpu_1_0.rf_ram_i.memory\[41\]\[1\],44.24µm
i_core_v_mini_mcu.cpu_subsystem_i.cpu_1_0.rf_ram_i.memory\[502\]\[0\],44.24µm
_07583_,44.16µm
status_valid_o,44.1µm
net1713,44.01µm
_25931_,43.96µm
i_core_v_mini_mcu.memory_subsystem_i.ram0_i.tc_ram_i.sram\[0\]\[1\],43.96µm
_23776_,43.93µm
_15217_,43.88µm
_16499_,43.88µm
i_core_v_mini_mcu.ao_peripheral_subsystem_i.power_manager_i.power_manager_counter_sequence_cpu_iso_i.sequence_curr_state\[4\],43.88µm
i_core_v_mini_mcu.ao_peripheral_subsystem_i.tdu_i.task_mem\[6\]\[22\],43.88µm
i_core_v_mini_mcu.cpu_subsystem_i.cpu_0_0.i_servile.cpu.immdec.gen_immdec_w_eq_1.imm11_7\[4\],43.88µm
net447,43.88µm
_14623_,43.83µm
_16556_,43.83µm
_16781_,43.83µm
i_core_v_mini_mcu.ao_peripheral_subsystem_i.clint_mtime_o\[62\],43.83µm
i_core_v_mini_mcu.cpu_subsystem_i.cpu_0_0.i_servile.cpu.alu.i_rd_sel\[2\],43.83µm
i_core_v_mini_mcu.cpu_subsystem_i.cpu_1_0.rf_ram_i.memory\[153\]\[1\],43.83µm
_08518_,43.78µm
_10411_,43.78µm
_11967_,43.78µm
_13807_,43.78µm
_14243_,43.78µm
_15677_,43.78µm
_16939_,43.78µm
_17281_,43.78µm
_20995_,43.78µm
_25791_,43.78µm
i_core_v_mini_mcu.ao_peripheral_subsystem_i.soc_ctrl_i.reg2hw\[13\],43.78µm
i_core_v_mini_mcu.ao_peripheral_subsystem_i.soc_ctrl_i.soc_ctrl_reg_top_i.system_frequency_hz_qs\[18\],43.78µm
i_core_v_mini_mcu.ao_peripheral_subsystem_i.spi_subsystem_i.obi_spimemio_i.spimemio_i.config_oe\[2\],43.78µm
i_core_v_mini_mcu.core_data_req\[101\],43.78µm
i_core_v_mini_mcu.core_data_req\[75\],43.78µm
i_core_v_mini_mcu.cpu_subsystem_i.cpu_0_0.i_servile.arbiter.i_wb_cpu_dbus_adr\[3\],43.78µm
i_core_v_mini_mcu.cpu_subsystem_i.cpu_0_0.rf_ram_i.memory\[29\]\[1\],43.78µm
i_core_v_mini_mcu.cpu_subsystem_i.cpu_1_0.i_servile.arbiter.i_wb_cpu_dbus_adr\[15\],43.78µm
i_core_v_mini_mcu.cpu_subsystem_i.cpu_1_0.rf_ram_i.memory\[342\]\[1\],43.78µm
i_core_v_mini_mcu.cpu_subsystem_i.cpu_1_0.rf_ram_i.memory\[412\]\[0\],43.78µm
i_core_v_mini_mcu.peripheral_subsystem_i.uart_i.uart_core.u_uart_rxfifo.gen_normal_fifo.fifo_wptr\[1\],43.78µm
clknet_leaf_114_i_core_v_mini_mcu.cpu_subsystem_i.cpu_1_0.clk_i,43.78µm
_05902_,43.73µm
_05905_,43.73µm
_05939_,43.73µm
_06816_,43.73µm
_06864_,43.73µm
_07494_,43.73µm
_08762_,43.73µm
_09248_,43.73µm
_09656_,43.73µm
_09914_,43.73µm
_10357_,43.73µm
_10866_,43.73µm
_11026_,43.73µm
_11771_,43.73µm
_11973_,43.73µm
_14482_,43.73µm
_15755_,43.73µm
_20224_,43.73µm
_21395_,43.73µm
_25413_,43.73µm
_26306_,43.73µm
i_core_v_mini_mcu.cpu_subsystem_i.cpu_1_0.rf_ram_i.memory\[112\]\[0\],43.73µm
i_core_v_mini_mcu.cpu_subsystem_i.cpu_1_0.rf_ram_i.memory\[136\]\[1\],43.73µm
i_core_v_mini_mcu.cpu_subsystem_i.cpu_1_0.rf_ram_i.memory\[199\]\[0\],43.73µm
i_core_v_mini_mcu.cpu_subsystem_i.cpu_1_0.rf_ram_i.memory\[462\]\[0\],43.73µm
i_core_v_mini_mcu.memory_subsystem_i.ram0_i.tc_ram_i.sram\[13\]\[27\],43.73µm
i_core_v_mini_mcu.memory_subsystem_i.ram0_i.tc_ram_i.sram\[15\]\[4\],43.73µm
i_core_v_mini_mcu.memory_subsystem_i.ram0_i.tc_ram_i.sram\[17\]\[28\],43.73µm
i_core_v_mini_mcu.memory_subsystem_i.ram0_i.tc_ram_i.sram\[9\]\[29\],43.73µm
i_core_v_mini_mcu.peripheral_subsystem_i.periph_to_reg_i.r_rdata_d\[22\],43.73µm
_05918_,43.68µm
_07316_,43.68µm
_08914_,43.68µm
_10042_,43.68µm
_10613_,43.68µm
_11095_,43.68µm
_13954_,43.68µm
_14271_,43.68µm
_15371_,43.68µm
_15748_,43.68µm
_16541_,43.68µm
_19951_,43.68µm
_20587_,43.68µm
_20683_,43.68µm
_22184_,43.68µm
_23037_,43.68µm
_25399_,43.68µm
_26805_,43.68µm
_27015_,43.68µm
_27897_,43.68µm
i_core_v_mini_mcu.cpu_subsystem_i.cpu_1_0.rf_ram_i.memory\[369\]\[0\],43.68µm
i_core_v_mini_mcu.cpu_subsystem_i.cpu_1_0.rf_ram_i.memory\[408\]\[1\],43.68µm
i_core_v_mini_mcu.memory_subsystem_i.ram0_i.tc_ram_i.sram\[31\]\[7\],43.68µm
_15808_,43.5µm
i_core_v_mini_mcu.ao_peripheral_subsystem_i.tdu_i.task_mem\[5\]\[30\],43.45µm
_15637_,43.42µm
_08804_,43.37µm
_16266_,43.37µm
_24239_,43.37µm
_15550_,43.32µm
_17950_,43.32µm
_18218_,43.32µm
i_core_v_mini_mcu.cpu_subsystem_i.cpu_1_0.rf_ram_i.memory\[271\]\[1\],43.305µm
_08652_,43.27µm
_08906_,43.27µm
_09920_,43.27µm
_09944_,43.27µm
_16948_,43.27µm
_17558_,43.27µm
_17763_,43.27µm
_18095_,43.27µm
i_core_v_mini_mcu.core_data_req\[15\],43.27µm
i_core_v_mini_mcu.memory_subsystem_i.ram0_i.tc_ram_i.sram\[0\]\[14\],43.27µm
_05871_,43.22µm
_08237_,43.22µm
_08370_,43.22µm
_10692_,43.22µm
_12197_,43.22µm
_12527_,43.22µm
_14667_,43.22µm
_16307_,43.22µm
_17115_,43.22µm
_17209_,43.22µm
_24855_,43.22µm
i_core_v_mini_mcu.ao_peripheral_subsystem_i.spi_subsystem_i.obi_spimemio_i.spimemio_i.buffer\[16\],43.22µm
i_core_v_mini_mcu.ao_peripheral_subsystem_i.spi_subsystem_i.obi_spimemio_i.spimemio_i.rd_addr\[8\],43.22µm
i_core_v_mini_mcu.cpu_subsystem_i.cpu_1_0.rf_ram_i.memory\[138\]\[1\],43.22µm
i_core_v_mini_mcu.cpu_subsystem_i.cpu_1_0.rf_ram_i.memory\[139\]\[1\],43.22µm
i_core_v_mini_mcu.cpu_subsystem_i.cpu_1_0.rf_ram_i.memory\[407\]\[1\],43.22µm
_05117_,43.17µm
_06807_,43.17µm
_06859_,43.17µm
_06920_,43.17µm
_07125_,43.17µm
_08754_,43.17µm
_11795_,43.17µm
_12619_,43.17µm
_12681_,43.17µm
_12810_,43.17µm
_13000_,43.17µm
_13184_,43.17µm
_13953_,43.17µm
_13993_,43.17µm
_14248_,43.17µm
_14585_,43.17µm
_17396_,43.17µm
_17738_,43.17µm
_19789_,43.17µm
_21677_,43.17µm
_21757_,43.17µm
_26174_,43.17µm
_26690_,43.17µm
_27077_,43.17µm
_27105_,43.17µm
_27358_,43.17µm
exit_value_int\[14\],43.17µm
i_core_v_mini_mcu.ao_peripheral_subsystem_i.obi_fifo_i.consumer_data_req\[64\],43.17µm
i_core_v_mini_mcu.ao_peripheral_subsystem_i.power_manager_i.power_manager_reg_top_i.intr_state_qs\[12\],43.17µm
i_core_v_mini_mcu.ao_peripheral_subsystem_i.spi_subsystem_i.obi_spimemio_i.obi_to_picorv32_i.picorv32_resp_i\[6\],43.17µm
i_core_v_mini_mcu.ao_peripheral_subsystem_i.spi_subsystem_i.obi_spimemio_i.spimemio_i.dout_data\[3\],43.17µm
i_core_v_mini_mcu.ao_peripheral_subsystem_i.spi_subsystem_i.obi_spimemio_i.spimemio_i.rd_addr\[3\],43.17µm
i_core_v_mini_mcu.ao_peripheral_subsystem_i.tdu_i.cpi_est_q\[22\],43.17µm
i_core_v_mini_mcu.ao_peripheral_subsystem_i.tdu_i.task_mem\[3\]\[5\],43.17µm
i_core_v_mini_mcu.cpu_subsystem_i.cpu_1_0.rf_ram_i.memory\[325\]\[0\],43.17µm
i_core_v_mini_mcu.cpu_subsystem_i.cpu_1_0.rf_ram_i.memory\[375\]\[1\],43.17µm
i_core_v_mini_mcu.cpu_subsystem_i.cpu_1_0.rf_ram_i.memory\[433\]\[1\],43.17µm
i_core_v_mini_mcu.memory_subsystem_i.ram0_i.tc_ram_i.sram\[8\]\[2\],43.17µm
_00408_,43.12µm
_05962_,43.12µm
_06449_,43.12µm
_06874_,43.12µm
_08005_,43.12µm
_10711_,43.12µm
_11785_,43.12µm
_12149_,43.12µm
_12188_,43.12µm
_13619_,43.12µm
_14149_,43.12µm
_14689_,43.12µm
_17739_,43.12µm
_18166_,43.12µm
_18754_,43.12µm
_19538_,43.12µm
_20931_,43.12µm
_20981_,43.12µm
_21278_,43.12µm
_23829_,43.12µm
_24122_,43.12µm
_26529_,43.12µm
_26860_,43.12µm
_27758_,43.12µm
i_core_v_mini_mcu.ao_peripheral_subsystem_i.power_manager_i.power_manager_reg_top_i.intr_state_qs\[27\],43.12µm
i_core_v_mini_mcu.cpu_subsystem_i.cpu_0_0.rf_ram_i.memory\[532\]\[0\],43.12µm
net405,43.12µm
net123,42.99µm
i_core_v_mini_mcu.memory_subsystem_i.ram0_i.tc_ram_i.sram\[30\]\[8\],42.89µm
_14640_,42.81µm
i_core_v_mini_mcu.peripheral_subsystem_i.uart_i.uart_core.uart_tx.bit_cnt_q\[2\],42.81µm
_06150_,42.76µm
_08538_,42.76µm
_16030_,42.76µm
_16651_,42.76µm
_09641_,42.71µm
_15730_,42.71µm
_16764_,42.71µm
_25559_,42.71µm
i_core_v_mini_mcu.peripheral_subsystem_i.periph_to_reg_i.r_rdata_d\[8\],42.71µm
i_core_v_mini_mcu.peripheral_subsystem_i.uart_i.hw2reg\[11\],42.71µm
clknet_leaf_1_i_core_v_mini_mcu.peripheral_subsystem_i.clk_cg,42.71µm
net1926,42.71µm
_05475_,42.66µm
_06837_,42.66µm
_07254_,42.66µm
_09150_,42.66µm
_09315_,42.66µm
_09332_,42.66µm
_09734_,42.66µm
_11201_,42.66µm
_14646_,42.66µm
_17539_,42.66µm
_17848_,42.66µm
_17934_,42.66µm
_18110_,42.66µm
_18255_,42.66µm
_22141_,42.66µm
_25704_,42.66µm
i_core_v_mini_mcu.ao_peripheral_subsystem_i.clint_mtime_o\[2\],42.66µm
i_core_v_mini_mcu.ao_peripheral_subsystem_i.clint_mtime_o\[33\],42.66µm
i_core_v_mini_mcu.ao_peripheral_subsystem_i.mosaic_clint_i.mtimecmp_q\[106\],42.66µm
i_core_v_mini_mcu.ao_peripheral_subsystem_i.spi_subsystem_i.obi_spimemio_i.obi_to_picorv32_i.addr_buf\[10\],42.66µm
i_core_v_mini_mcu.ao_peripheral_subsystem_i.spi_subsystem_i.obi_spimemio_i.spimemio_i.din_data\[1\],42.66µm
i_core_v_mini_mcu.ao_peripheral_subsystem_i.tdu_i.sched_mode_q\[0\],42.66µm
i_core_v_mini_mcu.cpu_subsystem_i.cpu_1_0.rf_ram_i.memory\[208\]\[0\],42.66µm
i_core_v_mini_mcu.cpu_subsystem_i.cpu_1_0.rf_ram_i.memory\[470\]\[1\],42.66µm
i_core_v_mini_mcu.memory_subsystem_i.ram0_i.tc_ram_i.sram\[14\]\[13\],42.66µm
i_core_v_mini_mcu.memory_subsystem_i.ram0_i.tc_ram_i.sram\[29\]\[12\],42.66µm
i_core_v_mini_mcu.peripheral_subsystem_i.obi_fifo_i.consumer_data_req_q\[25\],42.66µm
_01275_,42.61µm
_05839_,42.61µm
_07062_,42.61µm
_07523_,42.61µm
_07894_,42.61µm
_10942_,42.61µm
_13499_,42.61µm
_14363_,42.61µm
_18164_,42.61µm
_18603_,42.61µm
_20867_,42.61µm
_22607_,42.61µm
_22960_,42.61µm
_23449_,42.61µm
_25190_,42.61µm
_26279_,42.61µm
_26775_,42.61µm
i_core_v_mini_mcu.ao_peripheral_subsystem_i.clint_mtime_o\[7\],42.61µm
i_core_v_mini_mcu.ao_peripheral_subsystem_i.periph_to_reg_i.r_rdata_d\[13\],42.61µm
i_core_v_mini_mcu.ao_peripheral_subsystem_i.power_manager_i.power_manager_reg_top_i.cpu_reset_deassert_counter_qs\[2\],42.61µm
i_core_v_mini_mcu.ao_peripheral_subsystem_i.tdu_i.cpi_est_q\[43\],42.61µm
i_core_v_mini_mcu.ao_peripheral_subsystem_i.tdu_i.task_mem\[5\]\[2\],42.61µm
i_core_v_mini_mcu.cpu_subsystem_i.cpu_0_0.rf_ram_i.memory\[2\]\[0\],42.61µm
i_core_v_mini_mcu.cpu_subsystem_i.cpu_1_0.rf_ram_i.memory\[256\]\[0\],42.61µm
i_core_v_mini_mcu.cpu_subsystem_i.cpu_1_0.rf_ram_i.memory\[400\]\[0\],42.61µm
i_core_v_mini_mcu.cpu_subsystem_i.cpu_1_0.rf_ram_i.memory\[438\]\[0\],42.61µm
i_core_v_mini_mcu.cpu_subsystem_i.cpu_1_0.rf_ram_i.memory\[476\]\[1\],42.61µm
_07364_,42.56µm
_07816_,42.56µm
_11092_,42.56µm
_11512_,42.56µm
_12426_,42.56µm
_14060_,42.56µm
_17768_,42.56µm
_18315_,42.56µm
_20533_,42.56µm
_20929_,42.56µm
_23439_,42.56µm
_24085_,42.56µm
_24893_,42.56µm
_25833_,42.56µm
i_core_v_mini_mcu.cpu_subsystem_i.cpu_0_0.i_servile.arbiter.i_wb_cpu_dbus_adr\[14\],42.56µm
i_core_v_mini_mcu.cpu_subsystem_i.cpu_0_0.rf_ram_i.memory\[467\]\[1\],42.56µm
i_core_v_mini_mcu.cpu_subsystem_i.cpu_1_0.rf_ram_i.memory\[13\]\[1\],42.56µm
i_core_v_mini_mcu.cpu_subsystem_i.cpu_1_0.rf_ram_i.memory\[264\]\[1\],42.56µm
i_core_v_mini_mcu.cpu_subsystem_i.cpu_1_0.rf_ram_i.memory\[464\]\[0\],42.56µm
i_core_v_mini_mcu.memory_subsystem_i.ram0_i.tc_ram_i.sram\[28\]\[18\],42.56µm
i_core_v_mini_mcu.memory_subsystem_i.ram0_i.tc_ram_i.sram\[29\]\[22\],42.56µm
net1527,42.56µm
i_core_v_mini_mcu.cpu_subsystem_i.cpu_0_0.i_servile.cpu.csr_addr\[1\],42.33µm
i_core_v_mini_mcu.cpu_subsystem_i.cpu_0_0.rf_ram_i.memory\[396\]\[1\],42.33µm
_14686_,42.2µm
_14867_,42.2µm
_15700_,42.2µm
_15733_,42.2µm
_16174_,42.2µm
i_core_v_mini_mcu.ao_peripheral_subsystem_i.power_manager_i.power_manager_reg_top_i.cpu_reset_assert_counter_qs\[14\],42.2µm
i_core_v_mini_mcu.peripheral_subsystem_i.uart_i.uart_core.allzero_cnt_q\[4\],42.2µm
_06041_,42.15µm
_14341_,42.15µm
_14602_,42.15µm
_14798_,42.15µm
_19419_,42.15µm
_23533_,42.15µm
i_core_v_mini_mcu.ao_peripheral_subsystem_i.power_manager_i.power_manager_counter_sequence_cpu_iso_i.sequence_curr_state\[6\],42.15µm
i_core_v_mini_mcu.cpu_subsystem_i.cpu_0_0.rf_ram_i.memory\[485\]\[1\],42.15µm
net460,42.15µm
clknet_leaf_67_i_core_v_mini_mcu.peripheral_subsystem_i.clk_cg,42.15µm
_05713_,42.1µm
_09614_,42.1µm
_10073_,42.1µm
_12696_,42.1µm
_13852_,42.1µm
_15462_,42.1µm
_17120_,42.1µm
_17253_,42.1µm
_17321_,42.1µm
_17571_,42.1µm
_18139_,42.1µm
_21198_,42.1µm
_24574_,42.1µm
i_core_v_mini_mcu.ao_peripheral_subsystem_i.soc_ctrl_i.soc_ctrl_reg_top_i.system_frequency_hz_qs\[7\],42.1µm
i_core_v_mini_mcu.ao_peripheral_subsystem_i.spi_subsystem_i.obi_spimemio_i.obi_to_picorv32_i.addr_buf\[17\],42.1µm
i_core_v_mini_mcu.ao_peripheral_subsystem_i.spi_subsystem_i.obi_spimemio_i.spimemio_i.xfer.obuffer\[1\],42.1µm
i_core_v_mini_mcu.cpu_subsystem_i.cpu_0_0.i_servile.arbiter.i_wb_cpu_dbus_adr\[30\],42.1µm
i_core_v_mini_mcu.cpu_subsystem_i.cpu_0_0.rf_ram_i.memory\[365\]\[0\],42.1µm
_07738_,42.05µm
_08385_,42.05µm
_08690_,42.05µm
_09869_,42.05µm
_09939_,42.05µm
_10113_,42.05µm
_10183_,42.05µm
_12871_,42.05µm
_14148_,42.05µm
_14880_,42.05µm
_14993_,42.05µm
_15997_,42.05µm
_16792_,42.05µm
_19026_,42.05µm
_19053_,42.05µm
_21586_,42.05µm
_23101_,42.05µm
_23374_,42.05µm
_24058_,42.05µm
_24616_,42.05µm
_25640_,42.05µm
_26030_,42.05µm
_26318_,42.05µm
i_core_v_mini_mcu.ao_peripheral_subsystem_i.mosaic_clint_i.mtimecmp_q\[38\],42.05µm
i_core_v_mini_mcu.ao_peripheral_subsystem_i.tdu_i.task_mem\[6\]\[27\],42.05µm
i_core_v_mini_mcu.cpu_subsystem_i.cpu_0_0.rf_ram_i.memory\[350\]\[0\],42.05µm
i_core_v_mini_mcu.cpu_subsystem_i.cpu_1_0.i_servile.arbiter.i_wb_cpu_dbus_adr\[19\],42.05µm
i_core_v_mini_mcu.cpu_subsystem_i.cpu_1_0.rf_ram_i.memory\[37\]\[0\],42.05µm
i_core_v_mini_mcu.cpu_subsystem_i.cpu_1_0.rf_ram_i.memory\[431\]\[1\],42.05µm
i_core_v_mini_mcu.cpu_subsystem_i.cpu_1_0.rf_ram_i.memory\[451\]\[0\],42.05µm
i_core_v_mini_mcu.memory_subsystem_i.ram0_i.tc_ram_i.sram\[24\]\[20\],42.05µm
i_core_v_mini_mcu.peripheral_subsystem_i.uart_i.uart_core.u_uart_rxfifo.gen_normal_fifo.storage\[27\],42.05µm
_05567_,42µm
_07143_,42µm
_07268_,42µm
_08428_,42µm
_10847_,42µm
_12452_,42µm
_12703_,42µm
_13074_,42µm
_13528_,42µm
_23519_,42µm
_25022_,42µm
_25210_,42µm
_25641_,42µm
_25814_,42µm
_26365_,42µm
_26481_,42µm
_27044_,42µm
_27956_,42µm
i_core_v_mini_mcu.cpu_subsystem_i.cpu_1_0.rf_ram_i.memory\[43\]\[0\],42µm
i_core_v_mini_mcu.memory_subsystem_i.ram0_i.tc_ram_i.sram\[5\]\[27\],42µm
_05482_,41.77µm
i_core_v_mini_mcu.ao_peripheral_subsystem_i.clint_mtime_o\[19\],41.74µm
i_core_v_mini_mcu.cpu_subsystem_i.cpu_0_0.rf_ram_i.memory\[174\]\[0\],41.72µm
i_core_v_mini_mcu.peripheral_subsystem_i.uart_i.reg2hw\[114\],41.72µm
_15875_,41.69µm
_07105_,41.64µm
_14500_,41.64µm
_15536_,41.64µm
_15674_,41.64µm
_06253_,41.59µm
_14567_,41.59µm
_15900_,41.59µm
_17521_,41.59µm
i_core_v_mini_mcu.ao_peripheral_subsystem_i.tdu_i.active_hart_cycles_q\[11\],41.59µm
i_core_v_mini_mcu.memory_subsystem_i.ram0_i.tc_ram_i.sram\[30\]\[15\],41.59µm
_00392_,41.54µm
_08266_,41.54µm
_09081_,41.54µm
_10268_,41.54µm
_13201_,41.54µm
_14854_,41.54µm
_15008_,41.54µm
_15470_,41.54µm
_15897_,41.54µm
_16047_,41.54µm
_17146_,41.54µm
_18295_,41.54µm
_22446_,41.54µm
_26623_,41.54µm
i_core_v_mini_mcu.cpu_subsystem_i.cpu_0_0.rf_ram_i.memory\[297\]\[0\],41.54µm
i_core_v_mini_mcu.cpu_subsystem_i.cpu_1_0.i_servile.arbiter.i_wb_cpu_dbus_adr\[29\],41.54µm
i_core_v_mini_mcu.cpu_subsystem_i.cpu_1_0.i_servile.cpu.state.cnt_r\[3\],41.54µm
clknet_leaf_42_i_core_v_mini_mcu.cpu_subsystem_i.cpu_1_0.clk_i,41.54µm
clknet_leaf_136_i_core_v_mini_mcu.cpu_subsystem_i.cpu_1_0.clk_i,41.54µm
_06117_,41.49µm
_06131_,41.49µm
_07090_,41.49µm
_08463_,41.49µm
_10241_,41.49µm
_12639_,41.49µm
_13823_,41.49µm
_13914_,41.49µm
_14505_,41.49µm
_14808_,41.49µm
_15766_,41.49µm
_16313_,41.49µm
_17675_,41.49µm
_21005_,41.49µm
_23398_,41.49µm
_27218_,41.49µm
_27827_,41.49µm
i_core_v_mini_mcu.ao_peripheral_subsystem_i.mosaic_clint_i.mtimecmp_q\[69\],41.49µm
i_core_v_mini_mcu.ao_peripheral_subsystem_i.tdu_i.task_mem\[4\]\[18\],41.49µm
i_core_v_mini_mcu.cpu_subsystem_i.cpu_0_0.rf_ram_i.memory\[314\]\[1\],41.49µm
i_core_v_mini_mcu.cpu_subsystem_i.cpu_0_0.rf_ram_i.memory\[350\]\[1\],41.49µm
i_core_v_mini_mcu.cpu_subsystem_i.cpu_1_0.rf_ram_i.memory\[404\]\[1\],41.49µm
i_core_v_mini_mcu.cpu_subsystem_i.cpu_1_0.rf_ram_i.memory\[476\]\[0\],41.49µm
i_core_v_mini_mcu.memory_subsystem_i.ram0_i.tc_ram_i.sram\[12\]\[27\],41.49µm
i_core_v_mini_mcu.memory_subsystem_i.ram0_i.tc_ram_i.sram\[13\]\[22\],41.49µm
i_core_v_mini_mcu.memory_subsystem_i.ram0_i.tc_ram_i.sram\[15\]\[24\],41.49µm
i_core_v_mini_mcu.memory_subsystem_i.ram0_i.tc_ram_i.sram\[19\]\[27\],41.49µm
i_core_v_mini_mcu.memory_subsystem_i.ram0_i.tc_ram_i.sram\[8\]\[27\],41.49µm
_07700_,41.44µm
_07972_,41.44µm
_08944_,41.44µm
_09595_,41.44µm
_10008_,41.44µm
_10188_,41.44µm
_10697_,41.44µm
_13535_,41.44µm
_13978_,41.44µm
_14539_,41.44µm
_17001_,41.44µm
_17623_,41.44µm
_17684_,41.44µm
_22769_,41.44µm
_23023_,41.44µm
_24126_,41.44µm
_24205_,41.44µm
_25117_,41.44µm
_25927_,41.44µm
_26027_,41.44µm
_26392_,41.44µm
_26453_,41.44µm
_27855_,41.44µm
i_core_v_mini_mcu.ao_peripheral_subsystem_i.mosaic_clint_i.mtimecmp_q\[19\],41.44µm
i_core_v_mini_mcu.ao_peripheral_subsystem_i.obi_fifo_i.consumer_data_req_q\[26\],41.44µm
i_core_v_mini_mcu.ao_peripheral_subsystem_i.tdu_i.cpi_est_q\[40\],41.44µm
i_core_v_mini_mcu.cpu_subsystem_i.cpu_0_0.i_servile.arbiter.i_wb_cpu_dbus_adr\[31\],41.44µm
i_core_v_mini_mcu.cpu_subsystem_i.cpu_0_0.rf_ram_i.memory\[2\]\[1\],41.44µm
i_core_v_mini_mcu.ao_peripheral_subsystem_i.tdu_i.task_mem\[5\]\[10\],41.21µm
_17940_,41.18µm
_14978_,41.13µm
_19042_,41.13µm
_15301_,41.08µm
_16115_,41.08µm
i_core_v_mini_mcu.cpu_subsystem_i.cpu_1_0.rf_ram_i.memory\[313\]\[0\],41.08µm
_08557_,41.03µm
_10309_,41.03µm
_14814_,41.03µm
_15063_,41.03µm
_16915_,41.03µm
_18073_,41.03µm
_22162_,41.03µm
_22901_,41.03µm
i_core_v_mini_mcu.ao_peripheral_subsystem_i.tdu_i.sched_mode_q\[1\],41.03µm
i_core_v_mini_mcu.cpu_subsystem_i.cpu_0_0.rf_ram_i.memory\[452\]\[0\],41.03µm
i_core_v_mini_mcu.cpu_subsystem_i.cpu_0_0.rf_ram_i.memory\[541\]\[0\],41.03µm
i_core_v_mini_mcu.cpu_subsystem_i.cpu_1_0.rf_ram_i.memory\[173\]\[0\],41.03µm
_07500_,40.98µm
_10359_,40.98µm
_15469_,40.98µm
_15911_,40.98µm
_16138_,40.98µm
_16990_,40.98µm
_17694_,40.98µm
_19409_,40.98µm
_20285_,40.98µm
_22244_,40.98µm
i_core_v_mini_mcu.ao_peripheral_subsystem_i.spi_subsystem_i.obi_spimemio_i.spimemio_i.buffer\[21\],40.98µm
i_core_v_mini_mcu.ao_peripheral_subsystem_i.spi_subsystem_i.obi_spimemio_i.spimemio_i.dout_data\[0\],40.98µm
i_core_v_mini_mcu.ao_peripheral_subsystem_i.tdu_i.task_mem\[6\]\[11\],40.98µm
i_core_v_mini_mcu.cpu_subsystem_i.cpu_0_0.rf_ram_i.memory\[106\]\[0\],40.98µm
i_core_v_mini_mcu.cpu_subsystem_i.cpu_1_0.i_servile.arbiter.i_wb_cpu_dbus_adr\[27\],40.98µm
i_core_v_mini_mcu.cpu_subsystem_i.cpu_1_0.rf_ram_i.memory\[355\]\[0\],40.98µm
i_core_v_mini_mcu.cpu_subsystem_i.cpu_1_0.rf_ram_i.memory\[406\]\[1\],40.98µm
i_core_v_mini_mcu.memory_subsystem_i.ram0_i.tc_ram_i.sram\[30\]\[13\],40.98µm
net393,40.98µm
_05491_,40.93µm
_06186_,40.93µm
_06359_,40.93µm
_06848_,40.93µm
_08421_,40.93µm
_09412_,40.93µm
_09798_,40.93µm
_11392_,40.93µm
_12028_,40.93µm
_12465_,40.93µm
_12466_,40.93µm
_12883_,40.93µm
_14242_,40.93µm
_16966_,40.93µm
_17218_,40.93µm
_17290_,40.93µm
_17820_,40.93µm
_18647_,40.93µm
_19928_,40.93µm
_21118_,40.93µm
_23373_,40.93µm
_24811_,40.93µm
_25004_,40.93µm
_25907_,40.93µm
_27922_,40.93µm
i_core_v_mini_mcu.ao_peripheral_subsystem_i.power_manager_i.power_manager_reg_top_i.intr_state_qs\[29\],40.93µm
i_core_v_mini_mcu.ao_peripheral_subsystem_i.spi_subsystem_i.obi_spimemio_i.spimemio_i.buffer\[9\],40.93µm
i_core_v_mini_mcu.core_data_req\[4\],40.93µm
i_core_v_mini_mcu.cpu_subsystem_i.cpu_0_0.i_servile.cpu.immdec.gen_immdec_w_eq_1.imm24_20\[1\],40.93µm
i_core_v_mini_mcu.cpu_subsystem_i.cpu_0_0.rf_ram_i.memory\[20\]\[1\],40.93µm
i_core_v_mini_mcu.cpu_subsystem_i.cpu_1_0.rf_ram_i.memory\[170\]\[1\],40.93µm
i_core_v_mini_mcu.cpu_subsystem_i.cpu_1_0.rf_ram_i.memory\[248\]\[1\],40.93µm
i_core_v_mini_mcu.memory_subsystem_i.ram0_i.tc_ram_i.sram\[1\]\[26\],40.93µm
i_core_v_mini_mcu.memory_subsystem_i.ram0_i.tc_ram_i.sram\[4\]\[14\],40.93µm
i_core_v_mini_mcu.memory_subsystem_i.ram0_i.tc_ram_i.sram\[5\]\[0\],40.93µm
i_core_v_mini_mcu.peripheral_subsystem_i.obi_fifo_i.consumer_data_req_q\[4\],40.93µm
net470,40.93µm
net635,40.93µm
clknet_leaf_160_i_core_v_mini_mcu.cpu_subsystem_i.cpu_1_0.clk_i,40.93µm
_06318_,40.88µm
_06952_,40.88µm
_10075_,40.88µm
_10790_,40.88µm
_10956_,40.88µm
_11352_,40.88µm
_11690_,40.88µm
_12080_,40.88µm
_14196_,40.88µm
_15763_,40.88µm
_18281_,40.88µm
_21933_,40.88µm
_21986_,40.88µm
_22804_,40.88µm
_23566_,40.88µm
_25212_,40.88µm
_26023_,40.88µm
_26047_,40.88µm
_26261_,40.88µm
_26430_,40.88µm
_26743_,40.88µm
_27854_,40.88µm
i_core_v_mini_mcu.ao_peripheral_subsystem_i.tdu_i.task_mem\[3\]\[30\],40.88µm
i_core_v_mini_mcu.cpu_subsystem_i.cpu_0_0.i_servile.cpu.state.init_done,40.88µm
i_core_v_mini_mcu.memory_subsystem_i.ram0_i.tc_ram_i.sram\[17\]\[19\],40.88µm
i_core_v_mini_mcu.memory_subsystem_i.ram0_i.tc_ram_i.sram\[5\]\[9\],40.88µm
i_core_v_mini_mcu.cpu_subsystem_i.cpu_0_0.i_servile.arbiter.i_wb_cpu_dbus_adr\[16\],40.75µm
_08651_,40.7µm
_08930_,40.7µm
_18082_,40.57µm
_14900_,40.52µm
_16310_,40.52µm
_17306_,40.52µm
_09726_,40.47µm
_09816_,40.47µm
_13766_,40.47µm
_14837_,40.47µm
_15026_,40.47µm
_15355_,40.47µm
_16317_,40.47µm
_17903_,40.47µm
_17960_,40.47µm
_20561_,40.47µm
i_core_v_mini_mcu.ao_peripheral_subsystem_i.spi_subsystem_i.obi_spimemio_i.spimemio_i.rd_addr\[4\],40.47µm
_06431_,40.42µm
_07348_,40.42µm
_09214_,40.42µm
_09483_,40.42µm
_14000_,40.42µm
_15258_,40.42µm
_17531_,40.42µm
_25445_,40.42µm
i_core_v_mini_mcu.ao_peripheral_subsystem_i.power_manager_i.power_manager_reg_top_i.cpu_reset_assert_counter_qs\[5\],40.42µm
i_core_v_mini_mcu.ao_peripheral_subsystem_i.power_manager_i.power_manager_reg_top_i.intr_state_qs\[7\],40.42µm
i_core_v_mini_mcu.ao_peripheral_subsystem_i.soc_ctrl_i.soc_ctrl_reg_top_i.system_frequency_hz_qs\[28\],40.42µm
i_core_v_mini_mcu.ao_peripheral_subsystem_i.spi_subsystem_i.obi_spimemio_i.spimemio_i.buffer\[11\],40.42µm
i_core_v_mini_mcu.ao_peripheral_subsystem_i.tdu_i.task_mem\[6\]\[29\],40.42µm
i_core_v_mini_mcu.cpu_subsystem_i.cpu_0_0.rf_ram_i.memory\[224\]\[0\],40.42µm
i_core_v_mini_mcu.cpu_subsystem_i.cpu_1_0.rf_ram_i.memory\[195\]\[0\],40.42µm
net1924,40.42µm
_07021_,40.37µm
_07098_,40.37µm
_09209_,40.37µm
_11567_,40.37µm
_13230_,40.37µm
_14104_,40.37µm
_16076_,40.37µm
_16933_,40.37µm
_17946_,40.37µm
_18529_,40.37µm
_20994_,40.37µm
_24514_,40.37µm
_25687_,40.37µm
_27241_,40.37µm
_27702_,40.37µm
_27769_,40.37µm
net1,40.37µm
i_core_v_mini_mcu.ao_peripheral_subsystem_i.mosaic_clint_i.mtimecmp_q\[64\],40.37µm
i_core_v_mini_mcu.ao_peripheral_subsystem_i.power_manager_i.power_manager_sequence_ram_0_switch_i.sequence_curr_state\[3\],40.37µm
i_core_v_mini_mcu.ao_peripheral_subsystem_i.tdu_i.task_mem\[6\]\[23\],40.37µm
i_core_v_mini_mcu.cpu_subsystem_i.cpu_0_0.rf_ram_i.memory\[352\]\[1\],40.37µm
i_core_v_mini_mcu.cpu_subsystem_i.cpu_0_0.rf_ram_i.memory\[477\]\[0\],40.37µm
i_core_v_mini_mcu.cpu_subsystem_i.cpu_1_0.rf_ram_i.memory\[222\]\[1\],40.37µm
i_core_v_mini_mcu.memory_subsystem_i.ram0_i.tc_ram_i.sram\[4\]\[13\],40.37µm
net1849,40.37µm
_05929_,40.32µm
_06121_,40.32µm
_06356_,40.32µm
_07210_,40.32µm
_07730_,40.32µm
_08382_,40.32µm
_11517_,40.32µm
_11657_,40.32µm
_12155_,40.32µm
_13873_,40.32µm
_19113_,40.32µm
_19259_,40.32µm
_21173_,40.32µm
_24994_,40.32µm
_25407_,40.32µm
_25472_,40.32µm
_25865_,40.32µm
_26048_,40.32µm
_26503_,40.32µm
_26945_,40.32µm
_27086_,40.32µm
_27093_,40.32µm
_27151_,40.32µm
_27732_,40.32µm
_27775_,40.32µm
i_core_v_mini_mcu.cpu_subsystem_i.cpu_1_0.rf_ram_i.memory\[161\]\[1\],40.32µm
i_core_v_mini_mcu.memory_subsystem_i.ram0_i.tc_ram_i.sram\[18\]\[16\],40.32µm
i_core_v_mini_mcu.peripheral_subsystem_i.uart_i.uart_core.uart_rx.baud_div_q\[3\],40.32µm
i_core_v_mini_mcu.ao_peripheral_subsystem_i.spi_subsystem_i.obi_spimemio_i.spimemio_i.state\[11\],40.14µm
_06403_,40.09µm
_25539_,40.04µm
_27300_,40.04µm
_05649_,39.96µm
_07095_,39.96µm
_18887_,39.96µm
_09689_,39.91µm
_11414_,39.91µm
_12183_,39.91µm
i_core_v_mini_mcu.cpu_subsystem_i.cpu_0_0.rf_ram_i.memory\[4\]\[0\],39.91µm
i_core_v_mini_mcu.cpu_subsystem_i.cpu_1_0.rf_ram_i.memory\[378\]\[1\],39.91µm
i_core_v_mini_mcu.cpu_subsystem_i.cpu_1_0.rf_ram_i.memory\[424\]\[1\],39.91µm
net1555,39.91µm
_05672_,39.86µm
_07376_,39.86µm
_08904_,39.86µm
_09351_,39.86µm
_10067_,39.86µm
_12203_,39.86µm
_14168_,39.86µm
_14608_,39.86µm
_14948_,39.86µm
_15278_,39.86µm
_15521_,39.86µm
_16530_,39.86µm
_16914_,39.86µm
_17338_,39.86µm
_17501_,39.86µm
_17553_,39.86µm
_17914_,39.86µm
_18225_,39.86µm
_20535_,39.86µm
_22822_,39.86µm
_25788_,39.86µm
i_core_v_mini_mcu.ao_peripheral_subsystem_i.power_manager_i.power_manager_reg_top_i.cpu_iso_off_counter_qs\[11\],39.86µm
i_core_v_mini_mcu.ao_peripheral_subsystem_i.power_manager_i.power_manager_reg_top_i.cpu_iso_off_counter_qs\[8\],39.86µm
i_core_v_mini_mcu.ao_peripheral_subsystem_i.power_manager_i.power_manager_reg_top_i.cpu_reset_deassert_counter_qs\[3\],39.86µm
i_core_v_mini_mcu.ao_peripheral_subsystem_i.tdu_i.active_hart_cycles_q\[30\],39.86µm
i_core_v_mini_mcu.ao_peripheral_subsystem_i.tdu_i.task_mem\[2\]\[16\],39.86µm
i_core_v_mini_mcu.core_data_req\[2\],39.86µm
i_core_v_mini_mcu.memory_subsystem_i.ram0_i.tc_ram_i.sram\[30\]\[10\],39.86µm
i_core_v_mini_mcu.peripheral_subsystem_i.obi_fifo_i.consumer_data_req_q\[5\],39.86µm
_00916_,39.81µm
_02070_,39.81µm
_06679_,39.81µm
_06748_,39.81µm
_07578_,39.81µm
_08113_,39.81µm
_08862_,39.81µm
_09030_,39.81µm
_09077_,39.81µm
_12413_,39.81µm
_14110_,39.81µm
_19625_,39.81µm
_20347_,39.81µm
_20565_,39.81µm
_20892_,39.81µm
_21042_,39.81µm
_21044_,39.81µm
_21306_,39.81µm
_21758_,39.81µm
_23570_,39.81µm
_23862_,39.81µm
_25589_,39.81µm
_26316_,39.81µm
_27924_,39.81µm
i_core_v_mini_mcu.ao_peripheral_subsystem_i.obi_fifo_i.consumer_resp_i\[29\],39.81µm
i_core_v_mini_mcu.ao_peripheral_subsystem_i.tdu_i.task_mem\[6\]\[9\],39.81µm
i_core_v_mini_mcu.cpu_subsystem_i.cpu_1_0.rf_ram_i.memory\[112\]\[1\],39.81µm
i_core_v_mini_mcu.cpu_subsystem_i.cpu_1_0.rf_ram_i.memory\[15\]\[0\],39.81µm
i_core_v_mini_mcu.cpu_subsystem_i.cpu_1_0.rf_ram_i.memory\[402\]\[1\],39.81µm
i_core_v_mini_mcu.cpu_subsystem_i.cpu_1_0.rf_ram_i.memory\[456\]\[0\],39.81µm
i_core_v_mini_mcu.cpu_subsystem_i.cpu_1_0.rf_ram_i.memory\[497\]\[1\],39.81µm
i_core_v_mini_mcu.memory_subsystem_i.ram0_i.tc_ram_i.sram\[0\]\[27\],39.81µm
i_core_v_mini_mcu.memory_subsystem_i.ram0_i.tc_ram_i.sram\[27\]\[8\],39.81µm
i_core_v_mini_mcu.memory_subsystem_i.ram0_i.tc_ram_i.sram\[28\]\[6\],39.81µm
i_core_v_mini_mcu.memory_subsystem_i.ram0_i.tc_ram_i.sram\[7\]\[14\],39.81µm
i_core_v_mini_mcu.peripheral_subsystem_i.periph_to_reg_i.r_rdata_d\[13\],39.81µm
_01918_,39.76µm
_06073_,39.76µm
_07892_,39.76µm
_09015_,39.76µm
_11235_,39.76µm
_12296_,39.76µm
_13019_,39.76µm
_14058_,39.76µm
_14145_,39.76µm
_15547_,39.76µm
_17661_,39.76µm
_19096_,39.76µm
_19474_,39.76µm
_20203_,39.76µm
_20255_,39.76µm
_22202_,39.76µm
_22584_,39.76µm
_23571_,39.76µm
_24227_,39.76µm
_24816_,39.76µm
_25731_,39.76µm
_25789_,39.76µm
_26104_,39.76µm
_26123_,39.76µm
_26483_,39.76µm
_26596_,39.76µm
_26890_,39.76µm
_26908_,39.76µm
_27290_,39.76µm
_27599_,39.76µm
_27784_,39.76µm
_27821_,39.76µm
i_core_v_mini_mcu.cpu_subsystem_i.cpu_0_0.rf_ram_i.memory\[253\]\[0\],39.76µm
i_core_v_mini_mcu.cpu_subsystem_i.cpu_1_0.rf_ram_i.memory\[503\]\[1\],39.76µm
i_core_v_mini_mcu.peripheral_subsystem_i.uart_i.reg2hw\[113\],39.76µm
i_core_v_mini_mcu.peripheral_subsystem_i.uart_i.uart_core.u_uart_txfifo.gen_normal_fifo.storage\[5\],39.58µm
_06753_,39.53µm
_15264_,39.5µm
_10466_,39.45µm
_06324_,39.4µm
_16459_,39.4µm
_17371_,39.4µm
_18004_,39.4µm
_06311_,39.35µm
_14426_,39.35µm
_16787_,39.35µm
_18055_,39.35µm
exit_value_int\[20\],39.35µm
i_core_v_mini_mcu.ao_peripheral_subsystem_i.spi_subsystem_i.obi_spimemio_i.obi_to_picorv32_i.obi_resp_o\[22\],39.35µm
i_core_v_mini_mcu.memory_subsystem_i.ram0_i.tc_ram_i.sram\[18\]\[31\],39.35µm
_00192_,39.3µm
_05435_,39.3µm
_05518_,39.3µm
_06619_,39.3µm
_07161_,39.3µm
_07936_,39.3µm
_08715_,39.3µm
_10245_,39.3µm
_12700_,39.3µm
_13791_,39.3µm
_15237_,39.3µm
_16749_,39.3µm
_16784_,39.3µm
_17794_,39.3µm
_19501_,39.3µm
_21046_,39.3µm
_23261_,39.3µm
i_core_v_mini_mcu.ao_peripheral_subsystem_i.power_manager_i.cpu_powergate_counter_expired_switch_on,39.3µm
i_core_v_mini_mcu.ao_peripheral_subsystem_i.power_manager_i.cpu_subsystem_powergate_iso_n,39.3µm
i_core_v_mini_mcu.cpu_subsystem_i.cpu_0_0.rf_ram_i.memory\[12\]\[0\],39.3µm
i_core_v_mini_mcu.cpu_subsystem_i.cpu_0_0.rf_ram_i.memory\[360\]\[1\],39.3µm
i_core_v_mini_mcu.cpu_subsystem_i.cpu_1_0.rf_ram_i.memory\[267\]\[1\],39.3µm
i_core_v_mini_mcu.cpu_subsystem_i.cpu_1_0.rf_ram_i.memory\[356\]\[1\],39.3µm
i_core_v_mini_mcu.cpu_subsystem_i.cpu_1_0.rf_ram_i.memory\[445\]\[1\],39.3µm
_02096_,39.25µm
_06316_,39.25µm
_06409_,39.25µm
_07313_,39.25µm
_07437_,39.25µm
_08418_,39.25µm
_08940_,39.25µm
_09472_,39.25µm
_09514_,39.25µm
_10636_,39.25µm
_11211_,39.25µm
_12443_,39.25µm
_17038_,39.25µm
_17180_,39.25µm
_18831_,39.25µm
_19099_,39.25µm
_20440_,39.25µm
_20966_,39.25µm
_25728_,39.25µm
_26152_,39.25µm
_27301_,39.25µm
_28011_,39.25µm
_28112_,39.25µm
i_core_v_mini_mcu.ao_peripheral_subsystem_i.mosaic_clint_i.mtimecmp_q\[87\],39.25µm
i_core_v_mini_mcu.ao_peripheral_subsystem_i.soc_ctrl_i.reg2hw\[10\],39.25µm
i_core_v_mini_mcu.ao_peripheral_subsystem_i.tdu_i.task_mem\[2\]\[7\],39.25µm
i_core_v_mini_mcu.ao_peripheral_subsystem_i.tdu_i.task_mem\[7\]\[19\],39.25µm
i_core_v_mini_mcu.cpu_subsystem_i.cpu_0_0.i_servile.cpu.ctrl.o_ibus_adr\[30\],39.25µm
i_core_v_mini_mcu.cpu_subsystem_i.cpu_0_0.rf_ram_i.memory\[116\]\[0\],39.25µm
i_core_v_mini_mcu.cpu_subsystem_i.cpu_0_0.rf_ram_i.memory\[95\]\[0\],39.25µm
i_core_v_mini_mcu.cpu_subsystem_i.cpu_1_0.rf_ram_i.memory\[128\]\[1\],39.25µm
i_core_v_mini_mcu.cpu_subsystem_i.cpu_1_0.rf_ram_i.memory\[205\]\[0\],39.25µm
i_core_v_mini_mcu.memory_subsystem_i.ram0_i.tc_ram_i.sram\[5\]\[10\],39.25µm
i_core_v_mini_mcu.memory_subsystem_i.ram0_i.tc_ram_i.sram\[8\]\[18\],39.25µm
_05504_,39.2µm
_07676_,39.2µm
_07714_,39.2µm
_07870_,39.2µm
_08097_,39.2µm
_08123_,39.2µm
_10007_,39.2µm
_12384_,39.2µm
_13203_,39.2µm
_13342_,39.2µm
_13573_,39.2µm
_14258_,39.2µm
_16674_,39.2µm
_18734_,39.2µm
_18996_,39.2µm
_22805_,39.2µm
_23272_,39.2µm
_23342_,39.2µm
_23432_,39.2µm
_24688_,39.2µm
_25299_,39.2µm
_25619_,39.2µm
_25821_,39.2µm
_26597_,39.2µm
_26708_,39.2µm
i_core_v_mini_mcu.ao_peripheral_subsystem_i.power_manager_i.power_manager_reg_top_i.intr_state_qs\[4\],39.2µm
i_core_v_mini_mcu.ao_peripheral_subsystem_i.tdu_i.task_mem\[2\]\[5\],39.2µm
i_core_v_mini_mcu.cpu_subsystem_i.cpu_0_0.rf_ram_i.memory\[8\]\[1\],39.2µm
i_core_v_mini_mcu.cpu_subsystem_i.cpu_1_0.rf_ram_i.memory\[99\]\[0\],39.2µm
i_core_v_mini_mcu.memory_subsystem_i.ram0_i.tc_ram_i.sram\[14\]\[24\],39.2µm
i_core_v_mini_mcu.memory_subsystem_i.ram0_i.tc_ram_i.sram\[19\]\[9\],39.2µm
i_core_v_mini_mcu.peripheral_subsystem_i.uart_i.hw2reg\[17\],39.2µm
net251,39.2µm
i_core_v_mini_mcu.cpu_subsystem_i.cpu_1_0.rf_ram_i.memory\[413\]\[0\],39.15µm
_15599_,38.97µm
_16160_,38.94µm
i_core_v_mini_mcu.memory_subsystem_i.ram0_i.tc_ram_i.sram\[17\]\[11\],38.875µm
_15789_,38.84µm
_16600_,38.84µm
i_core_v_mini_mcu.core_data_req\[5\],38.84µm
_08780_,38.79µm
_09419_,38.79µm
_09570_,38.79µm
_14473_,38.79µm
_17284_,38.79µm
_18321_,38.79µm
_18386_,38.79µm
_22029_,38.79µm
i_core_v_mini_mcu.cpu_subsystem_i.cpu_0_0.rf_ram_i.memory\[185\]\[1\],38.79µm
i_core_v_mini_mcu.cpu_subsystem_i.cpu_0_0.rf_ram_i.memory\[84\]\[0\],38.79µm
i_core_v_mini_mcu.cpu_subsystem_i.cpu_1_0.rf_ram_i.memory\[423\]\[0\],38.79µm
i_core_v_mini_mcu.memory_subsystem_i.ram0_i.tc_ram_i.sram\[10\]\[10\],38.79µm
i_core_v_mini_mcu.memory_subsystem_i.ram0_i.tc_ram_i.sram\[22\]\[31\],38.79µm
net445,38.79µm
_06235_,38.74µm
_06697_,38.74µm
_07177_,38.74µm
_07774_,38.74µm
_08480_,38.74µm
_09226_,38.74µm
_14030_,38.74µm
_14421_,38.74µm
_15102_,38.74µm
_15844_,38.74µm
_16524_,38.74µm
_16597_,38.74µm
_16869_,38.74µm
_16904_,38.74µm
_19070_,38.74µm
_19491_,38.74µm
_21184_,38.74µm
_21280_,38.74µm
_21666_,38.74µm
_22327_,38.74µm
i_core_v_mini_mcu.ao_peripheral_subsystem_i.mosaic_clint_i.mtimecmp_q\[73\],38.74µm
i_core_v_mini_mcu.ao_peripheral_subsystem_i.tdu_i.active_hart_cycles_q\[13\],38.74µm
i_core_v_mini_mcu.ao_peripheral_subsystem_i.tdu_i.task_mem\[3\]\[25\],38.74µm
i_core_v_mini_mcu.cpu_subsystem_i.cpu_0_0.rf_ram_i.memory\[175\]\[0\],38.74µm
i_core_v_mini_mcu.cpu_subsystem_i.cpu_0_0.rf_ram_i.memory\[472\]\[0\],38.74µm
i_core_v_mini_mcu.cpu_subsystem_i.cpu_1_0.rf_ram_i.memory\[228\]\[0\],38.74µm
i_core_v_mini_mcu.memory_subsystem_i.ram0_i.tc_ram_i.sram\[16\]\[22\],38.74µm
i_core_v_mini_mcu.peripheral_subsystem_i.uart_i.uart_core.nco_sum_q\[4\],38.74µm
_28071_,38.73µm
_08050_,38.69µm
_08283_,38.69µm
_09032_,38.69µm
_11581_,38.69µm
_12144_,38.69µm
_13487_,38.69µm
_14183_,38.69µm
_14373_,38.69µm
_14820_,38.69µm
_17823_,38.69µm
_18335_,38.69µm
_18748_,38.69µm
_18986_,38.69µm
_19980_,38.69µm
_20614_,38.69µm
_20687_,38.69µm
_20770_,38.69µm
_20884_,38.69µm
_22304_,38.69µm
_23632_,38.69µm
_24145_,38.69µm
_24780_,38.69µm
_25184_,38.69µm
_25980_,38.69µm
_26272_,38.69µm
_26447_,38.69µm
_26556_,38.69µm
_26570_,38.69µm
i_core_v_mini_mcu.ao_peripheral_subsystem_i.power_manager_i.power_manager_reg_top_i.cpu_reset_deassert_counter_qs\[8\],38.69µm
i_core_v_mini_mcu.ao_peripheral_subsystem_i.tdu_i.cpi_est_q\[10\],38.69µm
i_core_v_mini_mcu.ao_peripheral_subsystem_i.tdu_i.cpi_est_q\[52\],38.69µm
i_core_v_mini_mcu.ao_peripheral_subsystem_i.tdu_i.task_mem\[0\]\[16\],38.69µm
i_core_v_mini_mcu.cpu_subsystem_i.cpu_0_0.i_servile.arbiter.i_wb_cpu_dbus_adr\[9\],38.69µm
i_core_v_mini_mcu.cpu_subsystem_i.cpu_0_0.rf_ram_i.memory\[14\]\[0\],38.69µm
i_core_v_mini_mcu.cpu_subsystem_i.cpu_0_0.rf_ram_i.memory\[18\]\[0\],38.69µm
i_core_v_mini_mcu.cpu_subsystem_i.cpu_0_0.rf_ram_i.memory\[432\]\[0\],38.69µm
i_core_v_mini_mcu.cpu_subsystem_i.cpu_0_0.rf_ram_i.memory\[46\]\[0\],38.69µm
i_core_v_mini_mcu.cpu_subsystem_i.cpu_1_0.rf_ram_i.memory\[349\]\[0\],38.69µm
i_core_v_mini_mcu.memory_subsystem_i.ram0_i.tc_ram_i.sram\[5\]\[25\],38.69µm
i_core_v_mini_mcu.memory_subsystem_i.ram0_i.tc_ram_i.sram\[9\]\[23\],38.69µm
i_core_v_mini_mcu.peripheral_subsystem_i.obi_fifo_i.consumer_resp_i\[3\],38.69µm
i_core_v_mini_mcu.peripheral_subsystem_i.periph_to_reg_i.r_rdata_d\[7\],38.69µm
_05945_,38.64µm
_07661_,38.64µm
_08637_,38.64µm
_09733_,38.64µm
_09854_,38.64µm
_10179_,38.64µm
_11505_,38.64µm
_11637_,38.64µm
_12135_,38.64µm
_12282_,38.64µm
_12367_,38.64µm
_13141_,38.64µm
_14089_,38.64µm
_15829_,38.64µm
_16431_,38.64µm
_18626_,38.64µm
_18879_,38.64µm
_18883_,38.64µm
_20274_,38.64µm
_20903_,38.64µm
_20947_,38.64µm
_23103_,38.64µm
_25229_,38.64µm
_25260_,38.64µm
_25561_,38.64µm
_26019_,38.64µm
_26201_,38.64µm
_27619_,38.64µm
_28040_,38.64µm
i_core_v_mini_mcu.ao_peripheral_subsystem_i.tdu_i.task_mem\[2\]\[12\],38.64µm
i_core_v_mini_mcu.ao_peripheral_subsystem_i.tdu_i.task_mem\[2\]\[18\],38.64µm
i_core_v_mini_mcu.cpu_subsystem_i.cpu_0_0.rf_ram_i.memory\[102\]\[1\],38.64µm
i_core_v_mini_mcu.cpu_subsystem_i.cpu_1_0.rf_ram_i.memory\[338\]\[1\],38.64µm
i_core_v_mini_mcu.cpu_subsystem_i.cpu_1_0.rf_ram_i.memory\[340\]\[1\],38.64µm
i_core_v_mini_mcu.cpu_subsystem_i.cpu_1_0.rf_ram_i.memory\[160\]\[1\],38.41µm
_27197_,38.36µm
i_core_v_mini_mcu.cpu_subsystem_i.cpu_0_0.rf_ram_i.memory\[324\]\[0\],38.36µm
_15559_,38.33µm
_09353_,38.28µm
_09732_,38.28µm
_15144_,38.28µm
_15205_,38.28µm
i_core_v_mini_mcu.cpu_subsystem_i.cpu_0_0.i_servile.cpu.ctrl.o_ibus_adr\[2\],38.28µm
i_core_v_mini_mcu.cpu_subsystem_i.cpu_1_0.rf_ram_i.memory\[246\]\[1\],38.28µm
_00261_,38.23µm
_05610_,38.23µm
_06866_,38.23µm
_08680_,38.23µm
_10854_,38.23µm
_15223_,38.23µm
_16559_,38.23µm
_17065_,38.23µm
_21504_,38.23µm
i_core_v_mini_mcu.ao_peripheral_subsystem_i.obi_fifo_i.consumer_data_req_q\[19\],38.23µm
i_core_v_mini_mcu.cpu_subsystem_i.cpu_0_0.i_servile.cpu.ctrl.o_ibus_adr\[21\],38.23µm
i_core_v_mini_mcu.memory_subsystem_i.ram0_i.tc_ram_i.sram\[9\]\[31\],38.23µm
i_core_v_mini_mcu.peripheral_subsystem_i.uart_i.reg2hw\[77\],38.23µm
_06205_,38.18µm
_06287_,38.18µm
_07036_,38.18µm
_08185_,38.18µm
_08281_,38.18µm
_08481_,38.18µm
_08927_,38.18µm
_15082_,38.18µm
_15541_,38.18µm
_16128_,38.18µm
_16527_,38.18µm
_16761_,38.18µm
_17232_,38.18µm
_17911_,38.18µm
_20541_,38.18µm
_22680_,38.18µm
_23334_,38.18µm
_25713_,38.18µm
_27425_,38.18µm
_27487_,38.18µm
i_core_v_mini_mcu.ao_peripheral_subsystem_i.spi_subsystem_i.obi_spimemio_i.spimemio_i.buffer\[17\],38.18µm
i_core_v_mini_mcu.ao_peripheral_subsystem_i.spi_subsystem_i.obi_spimemio_i.spimemio_i.rd_addr\[19\],38.18µm
i_core_v_mini_mcu.ao_peripheral_subsystem_i.tdu_i.task_mem\[2\]\[22\],38.18µm
i_core_v_mini_mcu.ao_peripheral_subsystem_i.tdu_i.task_mem\[7\]\[29\],38.18µm
i_core_v_mini_mcu.cpu_subsystem_i.cpu_0_0.rf_ram_i.memory\[145\]\[0\],38.18µm
i_core_v_mini_mcu.cpu_subsystem_i.cpu_1_0.rf_ram_i.memory\[252\]\[1\],38.18µm
i_core_v_mini_mcu.cpu_subsystem_i.cpu_1_0.rf_ram_i.memory\[312\]\[0\],38.18µm
i_core_v_mini_mcu.cpu_subsystem_i.cpu_1_0.rf_ram_i.memory\[472\]\[1\],38.18µm
i_core_v_mini_mcu.memory_subsystem_i.ram0_i.tc_ram_i.sram\[18\]\[9\],38.18µm
i_core_v_mini_mcu.peripheral_slave_resp\[20\],38.18µm
i_core_v_mini_mcu.peripheral_subsystem_i.obi_fifo_i.consumer_data_req_q\[67\],38.18µm
_06179_,38.13µm
_06245_,38.13µm
_06666_,38.13µm
_07808_,38.13µm
_10098_,38.13µm
_10282_,38.13µm
_11055_,38.13µm
_12164_,38.13µm
_13144_,38.13µm
_13497_,38.13µm
_14161_,38.13µm
_14255_,38.13µm
_14278_,38.13µm
_14936_,38.13µm
_15476_,38.13µm
_16005_,38.13µm
_16074_,38.13µm
_17155_,38.13µm
_17183_,38.13µm
_17567_,38.13µm
_18415_,38.13µm
_19515_,38.13µm
_19779_,38.13µm
_20532_,38.13µm
_22397_,38.13µm
_25139_,38.13µm
_25878_,38.13µm
_26454_,38.13µm
_27303_,38.13µm
_27725_,38.13µm
i_core_v_mini_mcu.ao_peripheral_subsystem_i.obi_fifo_i.consumer_data_req_q\[13\],38.13µm
i_core_v_mini_mcu.ao_peripheral_subsystem_i.periph_to_reg_i.r_rdata_d\[0\],38.13µm
i_core_v_mini_mcu.ao_peripheral_subsystem_i.spi_subsystem_i.obi_spimemio_i.spimemio_i.config_do\[0\],38.13µm
i_core_v_mini_mcu.cpu_subsystem_i.cpu_1_0.rf_ram_i.memory\[132\]\[1\],38.13µm
i_core_v_mini_mcu.cpu_subsystem_i.cpu_1_0.rf_ram_i.memory\[403\]\[0\],38.13µm
i_core_v_mini_mcu.memory_subsystem_i.ram0_i.tc_ram_i.sram\[3\]\[7\],38.13µm
i_core_v_mini_mcu.peripheral_subsystem_i.uart_i.reg2hw\[38\],38.13µm
i_core_v_mini_mcu.system_bus_i.system_xbar_i.gen_xbar_NtoM.i_xbar.gen_outputs\[4\].gen_rr_arb_tree.i_rr_arb_tree.gen_arbiter.rr_q\[1\],38.13µm
net1835,38.13µm
_05944_,38.08µm
_06305_,38.08µm
_06636_,38.08µm
_07160_,38.08µm
_07431_,38.08µm
_08257_,38.08µm
_08384_,38.08µm
_08392_,38.08µm
_09639_,38.08µm
_10115_,38.08µm
_10240_,38.08µm
_10303_,38.08µm
_10612_,38.08µm
_12346_,38.08µm
_12727_,38.08µm
_13207_,38.08µm
_17316_,38.08µm
_18146_,38.08µm
_19697_,38.08µm
_19707_,38.08µm
_20857_,38.08µm
_21675_,38.08µm
_23296_,38.08µm
_23388_,38.08µm
_24185_,38.08µm
_24236_,38.08µm
_24650_,38.08µm
_25669_,38.08µm
_25911_,38.08µm
_26269_,38.08µm
_26660_,38.08µm
_26861_,38.08µm
_26955_,38.08µm
_27260_,38.08µm
_27755_,38.08µm
i_core_v_mini_mcu.cpu_subsystem_i.cpu_0_0.i_servile.arbiter.i_wb_cpu_dbus_adr\[13\],38.08µm
i_core_v_mini_mcu.cpu_subsystem_i.cpu_0_0.i_servile.cpu.state.cnt_r\[1\],38.08µm
i_core_v_mini_mcu.cpu_subsystem_i.cpu_0_0.rf_ram_i.memory\[482\]\[1\],38.08µm
i_core_v_mini_mcu.cpu_subsystem_i.cpu_0_0.rf_ram_i.memory\[5\]\[0\],38.08µm
i_core_v_mini_mcu.cpu_subsystem_i.cpu_1_0.rf_ram_i.memory\[419\]\[0\],38.08µm
i_core_v_mini_mcu.cpu_subsystem_i.cpu_1_0.rf_ram_i.memory\[7\]\[1\],38.08µm
i_core_v_mini_mcu.ao_peripheral_subsystem_i.obi_fifo_i.consumer_data_req_q\[18\],37.85µm
_10328_,37.72µm
_14990_,37.72µm
_15153_,37.72µm
_15836_,37.72µm
_17140_,37.72µm
_17663_,37.72µm
i_core_v_mini_mcu.cpu_subsystem_i.cpu_0_0.rf_ram_i.memory\[548\]\[1\],37.72µm
_07256_,37.67µm
_09470_,37.67µm
_14443_,37.67µm
_15291_,37.67µm
_16050_,37.67µm
_16476_,37.67µm
_17012_,37.67µm
_18213_,37.67µm
i_core_v_mini_mcu.ao_peripheral_subsystem_i.spi_subsystem_i.obi_spimemio_i.spimemio_i.dout_data\[7\],37.67µm
i_core_v_mini_mcu.core_data_req\[73\],37.67µm
i_core_v_mini_mcu.cpu_subsystem_i.cpu_1_0.rf_ram_i.memory\[75\]\[0\],37.67µm
i_core_v_mini_mcu.peripheral_subsystem_i.uart_i.uart_core.uart_rx.sreg_q\[2\],37.67µm
clknet_leaf_28_i_core_v_mini_mcu.cpu_subsystem_i.cpu_1_0.clk_i,37.67µm
_08174_,37.62µm
_09327_,37.62µm
_09473_,37.62µm
_11010_,37.62µm
_14249_,37.62µm
_14643_,37.62µm
_15127_,37.62µm
_15960_,37.62µm
_16151_,37.62µm
_17055_,37.62µm
_17127_,37.62µm
_17826_,37.62µm
_18058_,37.62µm
_26295_,37.62µm
i_core_v_mini_mcu.ao_peripheral_subsystem_i.spi_subsystem_i.obi_spimemio_i.spimemio_i.buffer\[3\],37.62µm
i_core_v_mini_mcu.ao_peripheral_subsystem_i.tdu_i.task_mem\[4\]\[15\],37.62µm
i_core_v_mini_mcu.cpu_subsystem_i.cpu_0_0.rf_ram_i.memory\[31\]\[0\],37.62µm
i_core_v_mini_mcu.cpu_subsystem_i.cpu_0_0.rf_ram_i.memory\[74\]\[1\],37.62µm
i_core_v_mini_mcu.cpu_subsystem_i.cpu_1_0.i_servile.cpu.state.init_done,37.62µm
i_core_v_mini_mcu.cpu_subsystem_i.cpu_1_0.i_servile.rf_ram_if.rdata0\[1\],37.62µm
i_core_v_mini_mcu.cpu_subsystem_i.cpu_1_0.rf_ram_i.memory\[270\]\[1\],37.62µm
i_core_v_mini_mcu.cpu_subsystem_i.cpu_1_0.rf_ram_i.memory\[342\]\[0\],37.62µm
i_core_v_mini_mcu.memory_subsystem_i.ram0_i.tc_ram_i.sram\[12\]\[25\],37.62µm
i_core_v_mini_mcu.memory_subsystem_i.ram0_i.tc_ram_i.sram\[1\]\[5\],37.62µm
_02955_,37.57µm
_03749_,37.57µm
_07653_,37.57µm
_07656_,37.57µm
_08007_,37.57µm
_08056_,37.57µm
_08093_,37.57µm
_10252_,37.57µm
_10887_,37.57µm
_11154_,37.57µm
_12550_,37.57µm
_13123_,37.57µm
_15492_,37.57µm
_17625_,37.57µm
_17782_,37.57µm
_21334_,37.57µm
_23273_,37.57µm
_24070_,37.57µm
_24686_,37.57µm
_25943_,37.57µm
_26489_,37.57µm
_27296_,37.57µm
i_core_v_mini_mcu.cpu_subsystem_i.cpu_0_0.rf_ram_i.memory\[14\]\[1\],37.57µm
i_core_v_mini_mcu.cpu_subsystem_i.cpu_0_0.rf_ram_i.memory\[324\]\[1\],37.57µm
i_core_v_mini_mcu.cpu_subsystem_i.cpu_0_0.rf_ram_i.memory\[397\]\[0\],37.57µm
i_core_v_mini_mcu.cpu_subsystem_i.cpu_0_0.rf_ram_i.memory\[470\]\[0\],37.57µm
i_core_v_mini_mcu.cpu_subsystem_i.cpu_0_0.rf_ram_i.rdata\[0\],37.57µm
i_core_v_mini_mcu.cpu_subsystem_i.cpu_1_0.i_servile.cpu.immdec.gen_immdec_w_eq_1.imm19_12_20\[8\],37.57µm
i_core_v_mini_mcu.cpu_subsystem_i.cpu_1_0.rf_ram_i.memory\[279\]\[0\],37.57µm
i_core_v_mini_mcu.memory_subsystem_i.ram0_i.tc_ram_i.sram\[12\]\[20\],37.57µm
i_core_v_mini_mcu.memory_subsystem_i.ram0_i.tc_ram_i.sram\[4\]\[16\],37.57µm
i_core_v_mini_mcu.memory_subsystem_i.ram0_i.tc_ram_i.sram\[7\]\[8\],37.57µm
i_core_v_mini_mcu.peripheral_subsystem_i.uart_i.hw2reg\[2\],37.57µm
i_core_v_mini_mcu.peripheral_subsystem_i.uart_i.uart_core.u_uart_txfifo.gen_normal_fifo.fifo_wptr\[2\],37.57µm
_00259_,37.52µm
_05397_,37.52µm
_06216_,37.52µm
_07043_,37.52µm
_08882_,37.52µm
_09130_,37.52µm
_09201_,37.52µm
_09513_,37.52µm
_09749_,37.52µm
_09760_,37.52µm
_09937_,37.52µm
_11753_,37.52µm
_12661_,37.52µm
_13849_,37.52µm
_16855_,37.52µm
_16999_,37.52µm
_17074_,37.52µm
_17314_,37.52µm
_18222_,37.52µm
_18906_,37.52µm
_18920_,37.52µm
_19875_,37.52µm
_21045_,37.52µm
_22291_,37.52µm
_23510_,37.52µm
_25774_,37.52µm
_26736_,37.52µm
_26836_,37.52µm
_27533_,37.52µm
_27605_,37.52µm
_27880_,37.52µm
_28081_,37.52µm
exit_value_int\[17\],37.52µm
i_core_v_mini_mcu.ao_peripheral_subsystem_i.spi_subsystem_i.obi_spimemio_i.spimemio_i.rd_addr\[10\],37.52µm
i_core_v_mini_mcu.ao_peripheral_subsystem_i.tdu_i.wr_ptr_q\[1\],37.52µm
i_core_v_mini_mcu.cpu_subsystem_i.cpu_0_0.rf_ram_i.memory\[1\]\[0\],37.52µm
i_core_v_mini_mcu.cpu_subsystem_i.cpu_0_0.rf_ram_i.memory\[385\]\[0\],37.52µm
i_core_v_mini_mcu.cpu_subsystem_i.cpu_0_0.rf_ram_i.memory\[456\]\[0\],37.52µm
i_core_v_mini_mcu.cpu_subsystem_i.cpu_0_0.rf_ram_i.memory\[53\]\[1\],37.52µm
i_core_v_mini_mcu.cpu_subsystem_i.cpu_1_0.rf_ram_i.memory\[247\]\[1\],37.52µm
i_core_v_mini_mcu.cpu_subsystem_i.cpu_1_0.rf_ram_i.memory\[337\]\[0\],37.52µm
i_core_v_mini_mcu.cpu_subsystem_i.cpu_1_0.rf_ram_i.memory\[408\]\[0\],37.52µm
net395,37.52µm
_26406_,37.34µm
_24590_,37.29µm
_16638_,37.26µm
_17409_,37.26µm
i_core_v_mini_mcu.cpu_subsystem_i.cpu_0_0.rf_ram_i.memory\[447\]\[1\],37.24µm
i_core_v_mini_mcu.cpu_subsystem_i.cpu_1_0.rf_ram_i.memory\[417\]\[1\],37.24µm
_06195_,37.21µm
_15311_,37.21µm
_06474_,37.16µm
_09738_,37.16µm
_10203_,37.16µm
_12194_,37.16µm
_12615_,37.16µm
_14801_,37.16µm
_16200_,37.16µm
_05611_,37.11µm
_09289_,37.11µm
_14906_,37.11µm
_14925_,37.11µm
_15624_,37.11µm
_15823_,37.11µm
_16585_,37.11µm
_16591_,37.11µm
_16770_,37.11µm
_17264_,37.11µm
_17615_,37.11µm
_17844_,37.11µm
_21764_,37.11µm
_25844_,37.11µm
i_core_v_mini_mcu.ao_peripheral_subsystem_i.clint_mtime_o\[14\],37.11µm
i_core_v_mini_mcu.cpu_subsystem_i.cpu_1_0.i_servile.arbiter.i_wb_cpu_ibus_adr\[6\],37.11µm
i_core_v_mini_mcu.cpu_subsystem_i.cpu_1_0.rf_ram_i.memory\[205\]\[1\],37.11µm
i_core_v_mini_mcu.cpu_subsystem_i.cpu_1_0.rf_ram_i.memory\[440\]\[1\],37.11µm
_06237_,37.06µm
_06691_,37.06µm
_07560_,37.06µm
_09527_,37.06µm
_10815_,37.06µm
_14570_,37.06µm
_15314_,37.06µm
_15388_,37.06µm
_15660_,37.06µm
_15820_,37.06µm
_16163_,37.06µm
_16997_,37.06µm
_17203_,37.06µm
_17221_,37.06µm
_18070_,37.06µm
_18905_,37.06µm
_20559_,37.06µm
_21626_,37.06µm
_26768_,37.06µm
exit_value_int\[15\],37.06µm
i_core_v_mini_mcu.ao_peripheral_subsystem_i.power_manager_i.cpu_powergate_counter_expired_reset_deassert,37.06µm
i_core_v_mini_mcu.ao_peripheral_subsystem_i.spi_subsystem_i.obi_spimemio_i.obi_to_picorv32_i.obi_resp_o\[31\],37.06µm
i_core_v_mini_mcu.cpu_subsystem_i.cpu_0_0.i_servile.cpu.ctrl.o_ibus_adr\[20\],37.06µm
i_core_v_mini_mcu.cpu_subsystem_i.cpu_1_0.rf_ram_i.memory\[343\]\[0\],37.06µm
i_core_v_mini_mcu.cpu_subsystem_i.cpu_1_0.rf_ram_i.memory\[352\]\[1\],37.06µm
i_core_v_mini_mcu.cpu_subsystem_i.cpu_1_0.rf_ram_i.memory\[492\]\[1\],37.06µm
i_core_v_mini_mcu.cpu_subsystem_i.cpu_1_0.rf_ram_i.memory\[9\]\[0\],37.06µm
i_core_v_mini_mcu.memory_subsystem_i.ram0_i.tc_ram_i.sram\[16\]\[11\],37.06µm
i_core_v_mini_mcu.memory_subsystem_i.ram0_i.tc_ram_i.sram\[17\]\[17\],37.06µm
i_core_v_mini_mcu.memory_subsystem_i.ram0_i.tc_ram_i.sram\[4\]\[23\],37.06µm
i_core_v_mini_mcu.peripheral_slave_resp\[23\],37.06µm
i_core_v_mini_mcu.peripheral_subsystem_i.uart_i.uart_core.uart_rx.sreg_q\[1\],37.06µm
_00388_,37.01µm
_07142_,37.01µm
_07929_,37.01µm
_09704_,37.01µm
_10173_,37.01µm
_12103_,37.01µm
_12313_,37.01µm
_12828_,37.01µm
_12941_,37.01µm
_14420_,37.01µm
_15746_,37.01µm
_17687_,37.01µm
_20399_,37.01µm
_22335_,37.01µm
_26767_,37.01µm
_27135_,37.01µm
_27805_,37.01µm
_28074_,37.01µm
i_core_v_mini_mcu.ao_peripheral_subsystem_i.power_manager_i.power_manager_counter_sequence_cpu_reset_i.sequence_curr_state\[6\],37.01µm
i_core_v_mini_mcu.ao_peripheral_subsystem_i.power_manager_i.power_manager_reg_top_i.intr_state_qs\[26\],37.01µm
i_core_v_mini_mcu.cpu_subsystem_i.cpu_0_0.rf_ram_i.memory\[337\]\[1\],37.01µm
i_core_v_mini_mcu.cpu_subsystem_i.cpu_1_0.i_servile.cpu.decode.o_rd_mem_en,37.01µm
i_core_v_mini_mcu.cpu_subsystem_i.cpu_1_0.rf_ram_i.memory\[12\]\[1\],37.01µm
i_core_v_mini_mcu.cpu_subsystem_i.cpu_1_0.rf_ram_i.memory\[135\]\[1\],37.01µm
i_core_v_mini_mcu.cpu_subsystem_i.cpu_1_0.rf_ram_i.memory\[458\]\[0\],37.01µm
i_core_v_mini_mcu.memory_subsystem_i.ram0_i.tc_ram_i.sram\[1\]\[13\],37.01µm
i_core_v_mini_mcu.peripheral_subsystem_i.uart_i.hw2reg\[18\],37.01µm
_00048_,36.96µm
_03732_,36.96µm
_05838_,36.96µm
_05880_,36.96µm
_06032_,36.96µm
_06429_,36.96µm
_07804_,36.96µm
_08577_,36.96µm
_10338_,36.96µm
_11249_,36.96µm
_12119_,36.96µm
_12529_,36.96µm
_12547_,36.96µm
_12793_,36.96µm
_12879_,36.96µm
_14119_,36.96µm
_14144_,36.96µm
_14172_,36.96µm
_15722_,36.96µm
_16414_,36.96µm
_18064_,36.96µm
_19811_,36.96µm
_20276_,36.96µm
_20616_,36.96µm
_23487_,36.96µm
_23526_,36.96µm
_24737_,36.96µm
_25809_,36.96µm
_26383_,36.96µm
_26874_,36.96µm
i_core_v_mini_mcu.ao_peripheral_subsystem_i.obi_fifo_i.consumer_data_req_q\[47\],36.96µm
i_core_v_mini_mcu.ao_peripheral_subsystem_i.obi_fifo_i.consumer_resp_i\[33\],36.96µm
i_core_v_mini_mcu.ao_peripheral_subsystem_i.spi_subsystem_i.obi_spimemio_i.spimemio_i.din_ddr,36.96µm
i_core_v_mini_mcu.ao_peripheral_subsystem_i.tdu_i.task_mem\[4\]\[3\],36.96µm
i_core_v_mini_mcu.cpu_subsystem_i.cpu_0_0.rf_ram_i.memory\[296\]\[0\],36.96µm
i_core_v_mini_mcu.cpu_subsystem_i.cpu_1_0.rf_ram_i.memory\[101\]\[1\],36.96µm
i_core_v_mini_mcu.cpu_subsystem_i.cpu_1_0.rf_ram_i.memory\[421\]\[1\],36.96µm
i_core_v_mini_mcu.cpu_subsystem_i.cpu_1_0.rf_ram_i.memory\[493\]\[1\],36.96µm
i_core_v_mini_mcu.cpu_subsystem_i.cpu_1_0.rf_ram_i.memory\[498\]\[1\],36.96µm
i_core_v_mini_mcu.memory_subsystem_i.ram0_i.tc_ram_i.sram\[8\]\[25\],36.96µm
i_core_v_mini_mcu.memory_subsystem_i.ram0_i.tc_ram_i.sram\[8\]\[3\],36.96µm
_16348_,36.83µm
_15214_,36.75µm
_17059_,36.75µm
_16518_,36.7µm
i_core_v_mini_mcu.peripheral_subsystem_i.obi_fifo_i.consumer_data_req_q\[37\],36.68µm
_15288_,36.6µm
_00265_,36.55µm
_05568_,36.55µm
_09918_,36.55µm
_11709_,36.55µm
_14563_,36.55µm
_14929_,36.55µm
_16537_,36.55µm
_17247_,36.55µm
_17931_,36.55µm
_17998_,36.55µm
i_core_v_mini_mcu.ao_peripheral_subsystem_i.power_manager_i.power_manager_sequence_periph_iso_i.sequence_curr_state\[1\],36.55µm
i_core_v_mini_mcu.memory_subsystem_i.ram0_i.tc_ram_i.sram\[13\]\[8\],36.55µm
_07952_,36.5µm
_08361_,36.5µm
_11609_,36.5µm
_13054_,36.5µm
_14301_,36.5µm
_14436_,36.5µm
_16767_,36.5µm
_16864_,36.5µm
_17918_,36.5µm
_18800_,36.5µm
_20326_,36.5µm
i_core_v_mini_mcu.ao_peripheral_subsystem_i.spi_subsystem_i.obi_spimemio_i.obi_to_picorv32_i.picorv32_resp_i\[17\],36.5µm
i_core_v_mini_mcu.ao_peripheral_subsystem_i.tdu_i.task_mem\[2\]\[4\],36.5µm
i_core_v_mini_mcu.cpu_subsystem_i.cpu_0_0.rf_ram_i.memory\[34\]\[0\],36.5µm
i_core_v_mini_mcu.cpu_subsystem_i.cpu_1_0.rf_ram_i.memory\[295\]\[0\],36.5µm
i_core_v_mini_mcu.memory_subsystem_i.ram0_i.tc_ram_i.sram\[13\]\[23\],36.5µm
i_core_v_mini_mcu.memory_subsystem_i.ram0_i.tc_ram_i.sram\[28\]\[11\],36.5µm
i_core_v_mini_mcu.peripheral_subsystem_i.obi_fifo_i.consumer_data_req_q\[68\],36.5µm
i_core_v_mini_mcu.peripheral_subsystem_i.obi_fifo_i.obi_resp_fifo_i.status_cnt_q\[0\],36.5µm
i_core_v_mini_mcu.peripheral_subsystem_i.periph_to_reg_i.r_rdata_d\[15\],36.5µm
i_core_v_mini_mcu.peripheral_subsystem_i.uart_i.uart_core.u_uart_txfifo.gen_normal_fifo.fifo_wptr\[0\],36.5µm
_05167_,36.45µm
_06760_,36.45µm
_06962_,36.45µm
_07846_,36.45µm
_07878_,36.45µm
_08903_,36.45µm
_11047_,36.45µm
_12291_,36.45µm
_14903_,36.45µm
_15406_,36.45µm
_16799_,36.45µm
_16993_,36.45µm
_17318_,36.45µm
_17455_,36.45µm
_17659_,36.45µm
_18324_,36.45µm
_18593_,36.45µm
_18793_,36.45µm
_18795_,36.45µm
_18924_,36.45µm
_19923_,36.45µm
_21013_,36.45µm
_21026_,36.45µm
_21744_,36.45µm
_24290_,36.45µm
_24414_,36.45µm
_26672_,36.45µm
_27452_,36.45µm
i_core_v_mini_mcu.ao_peripheral_subsystem_i.obi_fifo_i.consumer_resp_i\[19\],36.45µm
i_core_v_mini_mcu.ao_peripheral_subsystem_i.tdu_i.task_mem\[6\]\[13\],36.45µm
i_core_v_mini_mcu.cpu_subsystem_i.cpu_0_0.i_servile.cpu.gen_align.align.ibus_rdt_concat\[3\],36.45µm
i_core_v_mini_mcu.cpu_subsystem_i.cpu_0_0.rf_ram_i.memory\[123\]\[0\],36.45µm
i_core_v_mini_mcu.cpu_subsystem_i.cpu_0_0.rf_ram_i.memory\[334\]\[1\],36.45µm
i_core_v_mini_mcu.cpu_subsystem_i.cpu_0_0.rf_ram_i.memory\[553\]\[0\],36.45µm
i_core_v_mini_mcu.cpu_subsystem_i.cpu_1_0.i_servile.cpu.immdec.gen_immdec_w_eq_1.imm11_7\[4\],36.45µm
i_core_v_mini_mcu.cpu_subsystem_i.cpu_1_0.rf_ram_i.memory\[233\]\[0\],36.45µm
i_core_v_mini_mcu.cpu_subsystem_i.cpu_1_0.rf_ram_i.memory\[257\]\[1\],36.45µm
i_core_v_mini_mcu.cpu_subsystem_i.cpu_1_0.rf_ram_i.memory\[366\]\[0\],36.45µm
i_core_v_mini_mcu.memory_subsystem_i.ram0_i.tc_ram_i.sram\[8\]\[5\],36.45µm
i_core_v_mini_mcu.peripheral_subsystem_i.uart_i.uart_core.u_uart_txfifo.gen_normal_fifo.storage\[6\],36.45µm
net1883,36.45µm
_00260_,36.4µm
_06054_,36.4µm
_06100_,36.4µm
_06387_,36.4µm
_06894_,36.4µm
_07284_,36.4µm
_08325_,36.4µm
_08407_,36.4µm
_10453_,36.4µm
_11284_,36.4µm
_11604_,36.4µm
_12439_,36.4µm
_12463_,36.4µm
_12609_,36.4µm
_13606_,36.4µm
_15511_,36.4µm
_15751_,36.4µm
_16221_,36.4µm
_19974_,36.4µm
_24904_,36.4µm
_25469_,36.4µm
_25478_,36.4µm
_25665_,36.4µm
_25959_,36.4µm
_25982_,36.4µm
_26102_,36.4µm
_27181_,36.4µm
_27205_,36.4µm
_27244_,36.4µm
_27402_,36.4µm
_27705_,36.4µm
_27803_,36.4µm
_28005_,36.4µm
_28105_,36.4µm
i_core_v_mini_mcu.ao_peripheral_subsystem_i.obi_fifo_i.consumer_data_req_q\[45\],36.4µm
i_core_v_mini_mcu.ao_peripheral_subsystem_i.tdu_i.active_hart_cycles_q\[6\],36.4µm
i_core_v_mini_mcu.cpu_subsystem_i.cpu_0_0.i_servile.cpu.immdec.gen_immdec_w_eq_1.imm24_20\[2\],36.4µm
i_core_v_mini_mcu.cpu_subsystem_i.cpu_0_0.rf_ram_i.memory\[325\]\[1\],36.4µm
i_core_v_mini_mcu.cpu_subsystem_i.cpu_0_0.rf_ram_i.memory\[488\]\[1\],36.4µm
i_core_v_mini_mcu.cpu_subsystem_i.cpu_1_0.rf_ram_i.memory\[201\]\[1\],36.4µm
i_core_v_mini_mcu.memory_subsystem_i.ram0_i.tc_ram_i.sram\[16\]\[4\],36.4µm
i_core_v_mini_mcu.memory_subsystem_i.ram0_i.tc_ram_i.sram\[23\]\[2\],36.4µm
i_core_v_mini_mcu.peripheral_subsystem_i.periph_to_reg_i.r_rdata_d\[2\],36.4µm
i_core_v_mini_mcu.peripheral_subsystem_i.uart_i.hw2reg\[13\],36.4µm
i_core_v_mini_mcu.system_bus_i.system_xbar_i.gen_xbar_NtoM.i_xbar.gen_outputs\[4\].gen_rr_arb_tree.i_rr_arb_tree.gen_arbiter.rr_q\[2\],36.4µm
_14453_,36.27µm
_24877_,36.17µm
i_core_v_mini_mcu.cpu_subsystem_i.cpu_1_0.rf_ram_i.memory\[419\]\[1\],36.17µm
_14753_,36.14µm
i_core_v_mini_mcu.ao_peripheral_subsystem_i.tdu_i.task_mem\[0\]\[15\],36.12µm
_08642_,36.09µm
_17510_,36.09µm
i_core_v_mini_mcu.cpu_subsystem_i.cpu_1_0.rf_ram_i.memory\[358\]\[0\],36.09µm
_06075_,36.04µm
_15056_,36.04µm
_17159_,36.04µm
i_core_v_mini_mcu.ao_peripheral_subsystem_i.soc_ctrl_i.reg2hw\[30\],36.04µm
i_core_v_mini_mcu.peripheral_subsystem_i.periph_to_reg_i.r_rdata_d\[23\],36.04µm
_09951_,35.99µm
_12187_,35.99µm
_14336_,35.99µm
_15593_,35.99µm
_15908_,35.99µm
_16470_,35.99µm
_17449_,35.99µm
_17585_,35.99µm
_18052_,35.99µm
_21526_,35.99µm
_21655_,35.99µm
i_core_v_mini_mcu.cpu_subsystem_i.cpu_0_0.rf_ram_i.memory\[228\]\[1\],35.99µm
clknet_leaf_24_i_core_v_mini_mcu.cpu_subsystem_i.cpu_0_0.clk_i,35.99µm
_13216_,35.96µm
_07844_,35.94µm
_07928_,35.94µm
_09643_,35.94µm
_09648_,35.94µm
_09958_,35.94µm
_12200_,35.94µm
_13901_,35.94µm
_14693_,35.94µm
_15358_,35.94µm
_20764_,35.94µm
_20985_,35.94µm
_21646_,35.94µm
_23823_,35.94µm
_23840_,35.94µm
i_core_v_mini_mcu.ao_peripheral_subsystem_i.obi_fifo_i.consumer_data_req_q\[33\],35.94µm
i_core_v_mini_mcu.cpu_subsystem_i.cpu_0_0.rf_ram_i.memory\[121\]\[0\],35.94µm
i_core_v_mini_mcu.cpu_subsystem_i.cpu_0_0.rf_ram_i.memory\[520\]\[1\],35.94µm
i_core_v_mini_mcu.cpu_subsystem_i.cpu_0_0.rf_ram_i.memory\[530\]\[1\],35.94µm
i_core_v_mini_mcu.cpu_subsystem_i.cpu_0_0.rf_ram_i.memory\[570\]\[1\],35.94µm
i_core_v_mini_mcu.cpu_subsystem_i.cpu_1_0.rf_ram_i.memory\[420\]\[0\],35.94µm
i_core_v_mini_mcu.memory_subsystem_i.ram0_i.tc_ram_i.sram\[21\]\[4\],35.94µm
i_core_v_mini_mcu.memory_subsystem_i.ram0_i.tc_ram_i.sram\[25\]\[6\],35.94µm
i_core_v_mini_mcu.memory_subsystem_i.ram0_i.tc_ram_i.sram\[6\]\[12\],35.94µm
_06244_,35.89µm
_06298_,35.89µm
_06568_,35.89µm
_07715_,35.89µm
_08807_,35.89µm
_09079_,35.89µm
_09435_,35.89µm
_09540_,35.89µm
_12078_,35.89µm
_12181_,35.89µm
_12488_,35.89µm
_12766_,35.89µm
_13150_,35.89µm
_13920_,35.89µm
_15473_,35.89µm
_16550_,35.89µm
_16569_,35.89µm
_17193_,35.89µm
_17644_,35.89µm
_17709_,35.89µm
_17888_,35.89µm
_18431_,35.89µm
_19606_,35.89µm
_23706_,35.89µm
_24022_,35.89µm
_25404_,35.89µm
_25570_,35.89µm
_25661_,35.89µm
_26505_,35.89µm
_27963_,35.89µm
i_core_v_mini_mcu.ao_peripheral_subsystem_i.obi_fifo_i.consumer_data_req_q\[58\],35.89µm
i_core_v_mini_mcu.ao_peripheral_subsystem_i.power_manager_i.power_manager_reg_top_i.cpu_reset_assert_counter_qs\[15\],35.89µm
i_core_v_mini_mcu.ao_peripheral_subsystem_i.tdu_i.task_mem\[3\]\[15\],35.89µm
i_core_v_mini_mcu.ao_peripheral_subsystem_i.tdu_i.task_mem\[4\]\[19\],35.89µm
i_core_v_mini_mcu.cpu_subsystem_i.cpu_0_0.i_servile.cpu.immdec.gen_immdec_w_eq_1.imm30_25\[1\],35.89µm
i_core_v_mini_mcu.cpu_subsystem_i.cpu_0_0.rf_ram_i.memory\[450\]\[0\],35.89µm
i_core_v_mini_mcu.cpu_subsystem_i.cpu_1_0.rf_ram_i.memory\[265\]\[1\],35.89µm
i_core_v_mini_mcu.cpu_subsystem_i.cpu_1_0.rf_ram_i.memory\[31\]\[1\],35.89µm
i_core_v_mini_mcu.cpu_subsystem_i.cpu_1_0.rf_ram_i.memory\[35\]\[0\],35.89µm
i_core_v_mini_mcu.cpu_subsystem_i.cpu_1_0.rf_ram_i.memory\[418\]\[1\],35.89µm
i_core_v_mini_mcu.cpu_subsystem_i.cpu_1_0.rf_ram_i.rdata\[1\],35.89µm
i_core_v_mini_mcu.memory_subsystem_i.ram0_i.tc_ram_i.sram\[2\]\[12\],35.89µm
i_core_v_mini_mcu.memory_subsystem_i.ram0_i.tc_ram_i.sram\[7\]\[6\],35.89µm
i_core_v_mini_mcu.peripheral_subsystem_i.uart_i.uart_core.u_uart_rxfifo.gen_normal_fifo.storage\[22\],35.89µm
clknet_leaf_62_i_core_v_mini_mcu.peripheral_subsystem_i.clk_cg,35.89µm
_06740_,35.84µm
_07564_,35.84µm
_09311_,35.84µm
_10125_,35.84µm
_10171_,35.84µm
_10625_,35.84µm
_12062_,35.84µm
_12827_,35.84µm
_12905_,35.84µm
_13410_,35.84µm
_14230_,35.84µm
_14869_,35.84µm
_15716_,35.84µm
_16292_,35.84µm
_17568_,35.84µm
_17902_,35.84µm
_18823_,35.84µm
_19810_,35.84µm
_19938_,35.84µm
_20494_,35.84µm
_20904_,35.84µm
_22985_,35.84µm
_23527_,35.84µm
_23819_,35.84µm
_24143_,35.84µm
_24585_,35.84µm
_24622_,35.84µm
_24754_,35.84µm
_26022_,35.84µm
_27087_,35.84µm
_27091_,35.84µm
_27542_,35.84µm
i_core_v_mini_mcu.ao_peripheral_subsystem_i.tdu_i.active_hart_cycles_q\[27\],35.84µm
i_core_v_mini_mcu.cpu_subsystem_i.cpu_1_0.rf_ram_i.memory\[284\]\[0\],35.84µm
i_core_v_mini_mcu.cpu_subsystem_i.cpu_1_0.rf_ram_i.memory\[367\]\[0\],35.84µm
i_core_v_mini_mcu.cpu_subsystem_i.cpu_1_0.rf_ram_i.memory\[430\]\[1\],35.84µm
i_core_v_mini_mcu.cpu_subsystem_i.cpu_1_0.rf_ram_i.memory\[437\]\[0\],35.84µm
i_core_v_mini_mcu.memory_subsystem_i.ram0_i.tc_ram_i.sram\[10\]\[27\],35.84µm
i_core_v_mini_mcu.memory_subsystem_i.ram0_i.tc_ram_i.sram\[12\]\[0\],35.84µm
i_core_v_mini_mcu.memory_subsystem_i.ram0_i.tc_ram_i.sram\[14\]\[4\],35.84µm
i_core_v_mini_mcu.memory_subsystem_i.ram0_i.tc_ram_i.sram\[5\]\[12\],35.84µm
i_core_v_mini_mcu.peripheral_subsystem_i.uart_i.uart_core.u_uart_txfifo.gen_normal_fifo.storage\[26\],35.84µm
_08949_,35.76µm
i_core_v_mini_mcu.ao_peripheral_subsystem_i.obi_fifo_i.consumer_data_req_q\[2\],35.71µm
i_core_v_mini_mcu.ao_peripheral_subsystem_i.power_manager_i.power_manager_reg_top_i.en_wait_for_intr_qs\[30\],35.71µm
i_core_v_mini_mcu.peripheral_subsystem_i.obi_fifo_i.consumer_data_req\[4\],35.7µm
_09180_,35.66µm
i_core_v_mini_mcu.cpu_subsystem_i.cpu_0_0.rf_ram_i.memory\[557\]\[1\],35.61µm
i_core_v_mini_mcu.cpu_subsystem_i.cpu_1_0.rf_ram_i.memory\[294\]\[0\],35.61µm
i_core_v_mini_mcu.memory_subsystem_i.ram0_i.tc_ram_i.sram\[7\]\[3\],35.61µm
i_core_v_mini_mcu.ao_peripheral_subsystem_i.tdu_i.cpi_est_q\[14\],35.56µm
_17275_,35.53µm
_17574_,35.53µm
_09316_,35.48µm
_11231_,35.48µm
_14543_,35.48µm
_14631_,35.48µm
_14961_,35.48µm
_15020_,35.48µm
_15641_,35.48µm
_17446_,35.48µm
_03404_,35.43µm
_14559_,35.43µm
_14873_,35.43µm
_15418_,35.43µm
_15441_,35.43µm
_16533_,35.43µm
_16563_,35.43µm
_16732_,35.43µm
_17544_,35.43µm
_17963_,35.43µm
_23239_,35.43µm
i_core_v_mini_mcu.ao_peripheral_subsystem_i.tdu_i.cpi_est_q\[9\],35.43µm
i_core_v_mini_mcu.memory_subsystem_i.ram0_i.tc_ram_i.sram\[28\]\[30\],35.43µm
_06023_,35.38µm
_08617_,35.38µm
_08719_,35.38µm
_08752_,35.38µm
_10319_,35.38µm
_11366_,35.38µm
_14269_,35.38µm
_14452_,35.38µm
_14490_,35.38µm
_14757_,35.38µm
_14794_,35.38µm
_15023_,35.38µm
_15694_,35.38µm
_16197_,35.38µm
_16620_,35.38µm
_16698_,35.38µm
_16742_,35.38µm
_17052_,35.38µm
_17089_,35.38µm
_17878_,35.38µm
_18264_,35.38µm
_21866_,35.38µm
_21977_,35.38µm
_25525_,35.38µm
_26602_,35.38µm
_26732_,35.38µm
i_core_v_mini_mcu.ao_peripheral_subsystem_i.obi_fifo_i.consumer_data_req_q\[23\],35.38µm
i_core_v_mini_mcu.ao_peripheral_subsystem_i.tdu_i.cpi_est_q\[19\],35.38µm
i_core_v_mini_mcu.ao_peripheral_subsystem_i.tdu_i.cpi_est_q\[20\],35.38µm
i_core_v_mini_mcu.ao_peripheral_subsystem_i.tdu_i.task_mem\[3\]\[0\],35.38µm
i_core_v_mini_mcu.ao_peripheral_subsystem_i.tdu_i.task_mem\[6\]\[14\],35.38µm
i_core_v_mini_mcu.core_data_req\[22\],35.38µm
i_core_v_mini_mcu.cpu_subsystem_i.cpu_0_0.rf_ram_i.memory\[247\]\[0\],35.38µm
i_core_v_mini_mcu.cpu_subsystem_i.cpu_0_0.rf_ram_i.memory\[277\]\[0\],35.38µm
i_core_v_mini_mcu.cpu_subsystem_i.cpu_1_0.rf_ram_i.memory\[207\]\[1\],35.38µm
i_core_v_mini_mcu.cpu_subsystem_i.cpu_1_0.rf_ram_i.memory\[22\]\[0\],35.38µm
i_core_v_mini_mcu.cpu_subsystem_i.cpu_1_0.rf_ram_i.memory\[315\]\[0\],35.38µm
i_core_v_mini_mcu.cpu_subsystem_i.cpu_1_0.rf_ram_i.memory\[69\]\[1\],35.38µm
i_core_v_mini_mcu.memory_subsystem_i.ram0_i.tc_ram_i.sram\[9\]\[26\],35.38µm
i_core_v_mini_mcu.peripheral_subsystem_i.obi_fifo_i.consumer_resp_i\[25\],35.38µm
i_core_v_mini_mcu.peripheral_subsystem_i.periph_to_reg_i.r_rdata_d\[24\],35.38µm
i_core_v_mini_mcu.peripheral_subsystem_i.uart_i.uart_core.uart_tx.tick_baud_q,35.38µm
i_core_v_mini_mcu.system_bus_i.system_xbar_i.gen_xbar_NtoM.i_xbar.gen_outputs\[1\].gen_rr_arb_tree.i_rr_arb_tree.gen_arbiter.rr_q\[0\],35.38µm
_03438_,35.33µm
_07637_,35.33µm
_07884_,35.33µm
_08203_,35.33µm
_08454_,35.33µm
_08931_,35.33µm
_10304_,35.33µm
_10637_,35.33µm
_11099_,35.33µm
_12201_,35.33µm
_13087_,35.33µm
_14081_,35.33µm
_16815_,35.33µm
_17857_,35.33µm
_20620_,35.33µm
_20912_,35.33µm
_21651_,35.33µm
_22421_,35.33µm
_22787_,35.33µm
_23794_,35.33µm
_24182_,35.33µm
_24337_,35.33µm
_24575_,35.33µm
_24749_,35.33µm
_25454_,35.33µm
_25802_,35.33µm
_26134_,35.33µm
_26151_,35.33µm
_26393_,35.33µm
_26516_,35.33µm
_27149_,35.33µm
i_core_v_mini_mcu.ao_peripheral_subsystem_i.periph_to_reg_i.r_rdata_d\[1\],35.33µm
i_core_v_mini_mcu.ao_peripheral_subsystem_i.power_manager_i.power_manager_counter_sequence_cpu_reset_i.sequence_curr_state\[5\],35.33µm
i_core_v_mini_mcu.ao_peripheral_subsystem_i.power_manager_i.power_manager_reg_top_i.u_intr_state.wr_data\[11\],35.33µm
i_core_v_mini_mcu.ao_peripheral_subsystem_i.spi_subsystem_i.obi_spimemio_i.obi_to_picorv32_i.picorv32_resp_i\[21\],35.33µm
i_core_v_mini_mcu.ao_peripheral_subsystem_i.spi_subsystem_i.obi_spimemio_i.obi_to_picorv32_i.state\[3\],35.33µm
i_core_v_mini_mcu.ao_peripheral_subsystem_i.spi_subsystem_i.obi_spimemio_i.spimemio_i.config_oe\[0\],35.33µm
i_core_v_mini_mcu.ao_peripheral_subsystem_i.spi_subsystem_i.obi_spimemio_i.spimemio_i.xfer.resetn,35.33µm
i_core_v_mini_mcu.ao_peripheral_subsystem_i.tdu_i.task_mem\[6\]\[15\],35.33µm
i_core_v_mini_mcu.cpu_subsystem_i.cpu_0_0.rf_ram_i.memory\[19\]\[0\],35.33µm
i_core_v_mini_mcu.cpu_subsystem_i.cpu_0_0.rf_ram_i.memory\[19\]\[1\],35.33µm
i_core_v_mini_mcu.cpu_subsystem_i.cpu_0_0.rf_ram_i.memory\[309\]\[0\],35.33µm
i_core_v_mini_mcu.cpu_subsystem_i.cpu_0_0.rf_ram_i.memory\[79\]\[1\],35.33µm
i_core_v_mini_mcu.cpu_subsystem_i.cpu_1_0.rf_ram_i.memory\[150\]\[1\],35.33µm
i_core_v_mini_mcu.cpu_subsystem_i.cpu_1_0.rf_ram_i.memory\[195\]\[1\],35.33µm
i_core_v_mini_mcu.cpu_subsystem_i.cpu_1_0.rf_ram_i.memory\[249\]\[0\],35.33µm
i_core_v_mini_mcu.cpu_subsystem_i.cpu_1_0.rf_ram_i.memory\[453\]\[1\],35.33µm
i_core_v_mini_mcu.memory_subsystem_i.ram0_i.tc_ram_i.sram\[13\]\[20\],35.33µm
i_core_v_mini_mcu.memory_subsystem_i.ram0_i.tc_ram_i.sram\[13\]\[25\],35.33µm
i_core_v_mini_mcu.memory_subsystem_i.ram0_i.tc_ram_i.sram\[14\]\[12\],35.33µm
i_core_v_mini_mcu.memory_subsystem_i.ram0_i.tc_ram_i.sram\[26\]\[20\],35.33µm
net1864,35.33µm
_00251_,35.28µm
_03903_,35.28µm
_06811_,35.28µm
_07639_,35.28µm
_09262_,35.28µm
_10040_,35.28µm
_10150_,35.28µm
_11178_,35.28µm
_11185_,35.28µm
_11288_,35.28µm
_12153_,35.28µm
_12178_,35.28µm
_12631_,35.28µm
_12873_,35.28µm
_12895_,35.28µm
_13877_,35.28µm
_14056_,35.28µm
_15496_,35.28µm
_19630_,35.28µm
_20243_,35.28µm
_20266_,35.28µm
_20437_,35.28µm
_20941_,35.28µm
_24741_,35.28µm
_24947_,35.28µm
_25269_,35.28µm
_25634_,35.28µm
_25768_,35.28µm
_26001_,35.28µm
_26301_,35.28µm
_26367_,35.28µm
_26658_,35.28µm
_26686_,35.28µm
i_core_v_mini_mcu.ao_peripheral_subsystem_i.power_manager_i.power_manager_reg_top_i.global_pointer_qs\[31\],35.28µm
i_core_v_mini_mcu.ao_peripheral_subsystem_i.tdu_i.task_mem\[0\]\[4\],35.28µm
i_core_v_mini_mcu.ao_peripheral_subsystem_i.tdu_i.task_mem\[2\]\[8\],35.28µm
i_core_v_mini_mcu.ao_peripheral_subsystem_i.tdu_i.task_mem\[4\]\[9\],35.28µm
i_core_v_mini_mcu.cpu_subsystem_i.cpu_0_0.rf_ram_i.memory\[475\]\[0\],35.28µm
i_core_v_mini_mcu.cpu_subsystem_i.cpu_1_0.rf_ram_i.memory\[78\]\[1\],35.28µm
i_core_v_mini_mcu.memory_subsystem_i.ram0_i.tc_ram_i.sram\[11\]\[25\],35.28µm
_11261_,35µm
i_core_v_mini_mcu.ao_peripheral_subsystem_i.tdu_i.cpi_est_q\[51\],35µm
_15498_,34.97µm
_05633_,34.92µm
_09075_,34.92µm
_16443_,34.92µm
_16704_,34.92µm
_09352_,34.87µm
_09821_,34.87µm
_16131_,34.87µm
_16335_,34.87µm
_17588_,34.87µm
_22263_,34.87µm
i_core_v_mini_mcu.ao_peripheral_subsystem_i.obi_fifo_i.consumer_data_req_q\[56\],34.87µm
i_core_v_mini_mcu.ao_peripheral_subsystem_i.tdu_i.task_mem\[3\]\[6\],34.87µm
i_core_v_mini_mcu.peripheral_subsystem_i.uart_i.reg2hw\[80\],34.87µm
_05489_,34.82µm
_06071_,34.82µm
_06257_,34.82µm
_06444_,34.82µm
_08533_,34.82µm
_08929_,34.82µm
_09206_,34.82µm
_09267_,34.82µm
_09341_,34.82µm
_09385_,34.82µm
_13134_,34.82µm
_14954_,34.82µm
_15697_,34.82µm
_16485_,34.82µm
_17212_,34.82µm
_18194_,34.82µm
_22175_,34.82µm
_24714_,34.82µm
_24969_,34.82µm
i_core_v_mini_mcu.ao_peripheral_subsystem_i.mosaic_clint_i.mtimecmp_q\[91\],34.82µm
i_core_v_mini_mcu.ao_peripheral_subsystem_i.tdu_i.task_mem\[7\]\[5\],34.82µm
i_core_v_mini_mcu.cpu_subsystem_i.cpu_0_0.rf_ram_i.memory\[561\]\[1\],34.82µm
i_core_v_mini_mcu.cpu_subsystem_i.cpu_1_0.i_servile.arbiter.i_wb_cpu_dbus_adr\[26\],34.82µm
i_core_v_mini_mcu.cpu_subsystem_i.cpu_1_0.rf_ram_i.memory\[328\]\[0\],34.82µm
i_core_v_mini_mcu.cpu_subsystem_i.cpu_1_0.rf_ram_i.memory\[367\]\[1\],34.82µm
_00393_,34.77µm
_05521_,34.77µm
_06758_,34.77µm
_06868_,34.77µm
_07108_,34.77µm
_07582_,34.77µm
_08841_,34.77µm
_09072_,34.77µm
_09290_,34.77µm
_11364_,34.77µm
_11474_,34.77µm
_12112_,34.77µm
_12510_,34.77µm
_12580_,34.77µm
_12819_,34.77µm
_14627_,34.77µm
_14804_,34.77µm
_15192_,34.77µm
_16079_,34.77µm
_16345_,34.77µm
_17747_,34.77µm
_18289_,34.77µm
_18525_,34.77µm
_19857_,34.77µm
_22831_,34.77µm
_24306_,34.77µm
_24404_,34.77µm
_25262_,34.77µm
_25303_,34.77µm
_25692_,34.77µm
_26227_,34.77µm
_26553_,34.77µm
_26643_,34.77µm
_26957_,34.77µm
i_core_v_mini_mcu.ao_peripheral_subsystem_i.soc_ctrl_i.soc_ctrl_reg_top_i.system_frequency_hz_qs\[6\],34.77µm
i_core_v_mini_mcu.ao_peripheral_subsystem_i.spi_subsystem_i.obi_spimemio_i.obi_to_picorv32_i.obi_resp_o\[13\],34.77µm
i_core_v_mini_mcu.ao_peripheral_subsystem_i.tdu_i.task_mem\[6\]\[31\],34.77µm
i_core_v_mini_mcu.cpu_subsystem_i.cpu_0_0.rf_ram_i.memory\[231\]\[0\],34.77µm
i_core_v_mini_mcu.cpu_subsystem_i.cpu_0_0.rf_ram_i.memory\[351\]\[1\],34.77µm
i_core_v_mini_mcu.cpu_subsystem_i.cpu_1_0.rf_ram_i.memory\[180\]\[0\],34.77µm
i_core_v_mini_mcu.cpu_subsystem_i.cpu_1_0.rf_ram_i.memory\[255\]\[1\],34.77µm
i_core_v_mini_mcu.cpu_subsystem_i.cpu_1_0.rf_ram_i.memory\[294\]\[1\],34.77µm
i_core_v_mini_mcu.cpu_subsystem_i.cpu_1_0.rf_ram_i.memory\[489\]\[0\],34.77µm
i_core_v_mini_mcu.memory_subsystem_i.ram0_i.tc_ram_i.sram\[10\]\[18\],34.77µm
i_core_v_mini_mcu.memory_subsystem_i.ram0_i.tc_ram_i.sram\[13\]\[16\],34.77µm
i_core_v_mini_mcu.memory_subsystem_i.ram0_i.tc_ram_i.sram\[30\]\[31\],34.77µm
i_core_v_mini_mcu.peripheral_subsystem_i.obi_fifo_i.consumer_data_req_q\[36\],34.77µm
net1559,34.77µm
_01855_,34.72µm
_06345_,34.72µm
_06442_,34.72µm
_06603_,34.72µm
_06773_,34.72µm
_07287_,34.72µm
_07291_,34.72µm
_07432_,34.72µm
_07474_,34.72µm
_08275_,34.72µm
_08377_,34.72µm
_08838_,34.72µm
_09897_,34.72µm
_10759_,34.72µm
_12086_,34.72µm
_12385_,34.72µm
_12392_,34.72µm
_12869_,34.72µm
_13284_,34.72µm
_13297_,34.72µm
_14091_,34.72µm
_14969_,34.72µm
_15073_,34.72µm
_15134_,34.72µm
_15525_,34.72µm
_17560_,34.72µm
_18695_,34.72µm
_20906_,34.72µm
_20933_,34.72µm
_22306_,34.72µm
_23919_,34.72µm
_24317_,34.72µm
_24693_,34.72µm
_24700_,34.72µm
_25298_,34.72µm
_25780_,34.72µm
_26490_,34.72µm
_26659_,34.72µm
_26696_,34.72µm
_26839_,34.72µm
_27190_,34.72µm
_27460_,34.72µm
_27802_,34.72µm
_27885_,34.72µm
i_core_v_mini_mcu.cpu_subsystem_i.cpu_0_0.rf_ram_i.memory\[351\]\[0\],34.72µm
i_core_v_mini_mcu.cpu_subsystem_i.cpu_0_0.rf_ram_i.memory\[561\]\[0\],34.72µm
i_core_v_mini_mcu.cpu_subsystem_i.cpu_1_0.rf_ram_i.memory\[269\]\[1\],34.72µm
i_core_v_mini_mcu.cpu_subsystem_i.cpu_1_0.rf_ram_i.memory\[322\]\[1\],34.72µm
i_core_v_mini_mcu.cpu_subsystem_i.cpu_1_0.rf_ram_i.memory\[494\]\[0\],34.72µm
i_core_v_mini_mcu.memory_subsystem_i.ram0_i.tc_ram_i.sram\[15\]\[13\],34.72µm
i_core_v_mini_mcu.memory_subsystem_i.ram0_i.tc_ram_i.sram\[30\]\[17\],34.72µm
i_core_v_mini_mcu.memory_subsystem_i.ram0_i.tc_ram_i.sram\[31\]\[14\],34.72µm
i_core_v_mini_mcu.ao_peripheral_subsystem_i.mosaic_clint_i.mtimecmp_q\[27\],34.54µm
_21645_,34.46µm
_08061_,34.44µm
_06182_,34.41µm
_14778_,34.41µm
_16924_,34.41µm
_10727_,34.36µm
_15272_,34.36µm
_15427_,34.36µm
_15917_,34.36µm
_16807_,34.36µm
_17527_,34.36µm
_17992_,34.36µm
i_core_v_mini_mcu.cpu_subsystem_i.cpu_1_0.i_servile.rf_ram_if.wen0_r,34.36µm
_06300_,34.31µm
_06322_,34.31µm
_14721_,34.31µm
_16491_,34.31µm
_23931_,34.31µm
i_core_v_mini_mcu.ao_peripheral_subsystem_i.spi_subsystem_i.obi_spimemio_i.obi_to_picorv32_i.addr_buf\[18\],34.31µm
i_core_v_mini_mcu.ao_peripheral_subsystem_i.tdu_i.task_mem\[2\]\[13\],34.31µm
_07417_,34.26µm
_08536_,34.26µm
_09572_,34.26µm
_09730_,34.26µm
_10805_,34.26µm
_11472_,34.26µm
_11903_,34.26µm
_13856_,34.26µm
_14322_,34.26µm
_14588_,34.26µm
_14634_,34.26µm
_15512_,34.26µm
_15885_,34.26µm
_16166_,34.26µm
_16521_,34.26µm
_16614_,34.26µm
_17490_,34.26µm
_18104_,34.26µm
_21297_,34.26µm
_22824_,34.26µm
_25259_,34.26µm
_25409_,34.26µm
_26285_,34.26µm
i_core_v_mini_mcu.ao_peripheral_subsystem_i.mosaic_clint_i.mtimecmp_q\[26\],34.26µm
i_core_v_mini_mcu.ao_peripheral_subsystem_i.power_manager_i.power_manager_reg_top_i.cpu_iso_off_counter_qs\[13\],34.26µm
i_core_v_mini_mcu.ao_peripheral_subsystem_i.tdu_i.active_hart_cycles_q\[21\],34.26µm
i_core_v_mini_mcu.ao_peripheral_subsystem_i.tdu_i.active_hart_cycles_q\[26\],34.26µm
i_core_v_mini_mcu.ao_peripheral_subsystem_i.tdu_i.cpi_est_q\[63\],34.26µm
i_core_v_mini_mcu.cpu_subsystem_i.cpu_0_0.i_servile.cpu.decode.o_rd_op,34.26µm
i_core_v_mini_mcu.cpu_subsystem_i.cpu_0_0.rf_ram_i.memory\[345\]\[0\],34.26µm
i_core_v_mini_mcu.cpu_subsystem_i.cpu_1_0.rf_ram_i.memory\[200\]\[1\],34.26µm
i_core_v_mini_mcu.memory_subsystem_i.ram0_i.tc_ram_i.sram\[2\]\[24\],34.26µm
i_core_v_mini_mcu.memory_subsystem_i.ram0_i.tc_ram_i.sram\[31\]\[26\],34.26µm
i_core_v_mini_mcu.memory_subsystem_i.ram0_i.tc_ram_i.sram\[6\]\[28\],34.26µm
i_core_v_mini_mcu.peripheral_subsystem_i.obi_fifo_i.consumer_data_req_q\[8\],34.26µm
i_core_v_mini_mcu.peripheral_subsystem_i.periph_to_reg_i.r_rdata_d\[29\],34.26µm
i_core_v_mini_mcu.peripheral_subsystem_i.uart_i.reg2hw\[9\],34.26µm
i_core_v_mini_mcu.peripheral_subsystem_i.uart_i.uart_core.u_uart_rxfifo.gen_normal_fifo.storage\[23\],34.26µm
net4,34.26µm
_03113_,34.21µm
_05891_,34.21µm
_06066_,34.21µm
_06127_,34.21µm
_06993_,34.21µm
_07687_,34.21µm
_07856_,34.21µm
_08004_,34.21µm
_08136_,34.21µm
_08158_,34.21µm
_08699_,34.21µm
_09957_,34.21µm
_10617_,34.21µm
_10744_,34.21µm
_11662_,34.21µm
_13076_,34.21µm
_13465_,34.21µm
_14747_,34.21µm
_15651_,34.21µm
_16320_,34.21µm
_19646_,34.21µm
_20619_,34.21µm
_20946_,34.21µm
_23442_,34.21µm
_23541_,34.21µm
_23788_,34.21µm
_24187_,34.21µm
_24999_,34.21µm
_25069_,34.21µm
_25660_,34.21µm
_27031_,34.21µm
_27199_,34.21µm
_27715_,34.21µm
_27969_,34.21µm
i_core_v_mini_mcu.ao_peripheral_subsystem_i.mosaic_clint_i.mtimecmp_q\[4\],34.21µm
i_core_v_mini_mcu.ao_peripheral_subsystem_i.obi_fifo_i.consumer_resp_i\[22\],34.21µm
i_core_v_mini_mcu.ao_peripheral_subsystem_i.power_manager_i.power_manager_sequence_periph_switch_i.sequence_curr_state\[2\],34.21µm
i_core_v_mini_mcu.ao_peripheral_subsystem_i.tdu_i.task_mem\[5\]\[1\],34.21µm
i_core_v_mini_mcu.cpu_subsystem_i.cpu_0_0.rf_ram_i.memory\[13\]\[0\],34.21µm
i_core_v_mini_mcu.cpu_subsystem_i.cpu_0_0.rf_ram_i.memory\[554\]\[1\],34.21µm
i_core_v_mini_mcu.cpu_subsystem_i.cpu_1_0.i_servile.arbiter.i_wb_cpu_dbus_adr\[11\],34.21µm
i_core_v_mini_mcu.cpu_subsystem_i.cpu_1_0.rf_ram_i.memory\[318\]\[1\],34.21µm
i_core_v_mini_mcu.cpu_subsystem_i.cpu_1_0.rf_ram_i.memory\[390\]\[0\],34.21µm
i_core_v_mini_mcu.cpu_subsystem_i.cpu_1_0.rf_ram_i.memory\[40\]\[1\],34.21µm
i_core_v_mini_mcu.cpu_subsystem_i.cpu_1_0.rf_ram_i.memory\[459\]\[0\],34.21µm
i_core_v_mini_mcu.memory_subsystem_i.ram0_i.tc_ram_i.sram\[10\]\[23\],34.21µm
i_core_v_mini_mcu.memory_subsystem_i.ram0_i.tc_ram_i.sram\[1\]\[21\],34.21µm
i_core_v_mini_mcu.peripheral_subsystem_i.uart_i.reg2hw\[25\],34.21µm
i_core_v_mini_mcu.peripheral_subsystem_i.uart_i.uart_core.rx_timeout_count_q\[23\],34.21µm
i_core_v_mini_mcu.peripheral_subsystem_i.uart_i.uart_core.uart_rx.sreg_q\[7\],34.21µm
net1588,34.21µm
net1890,34.21µm
_00237_,34.16µm
_00383_,34.16µm
_05631_,34.16µm
_07418_,34.16µm
_07457_,34.16µm
_08003_,34.16µm
_08127_,34.16µm
_08490_,34.16µm
_08934_,34.16µm
_09185_,34.16µm
_11159_,34.16µm
_13308_,34.16µm
_13471_,34.16µm
_13511_,34.16µm
_14226_,34.16µm
_16291_,34.16µm
_16357_,34.16µm
_17761_,34.16µm
_18319_,34.16µm
_19460_,34.16µm
_20139_,34.16µm
_20684_,34.16µm
_20899_,34.16µm
_20991_,34.16µm
_21192_,34.16µm
_24119_,34.16µm
_24988_,34.16µm
_25011_,34.16µm
_25137_,34.16µm
_25531_,34.16µm
_25705_,34.16µm
_26113_,34.16µm
_26308_,34.16µm
_26408_,34.16µm
_26695_,34.16µm
_26718_,34.16µm
_27024_,34.16µm
_27106_,34.16µm
_27509_,34.16µm
_27976_,34.16µm
i_core_v_mini_mcu.ao_peripheral_subsystem_i.spi_subsystem_i.obi_spimemio_i.obi_to_picorv32_i.addr_buf\[6\],34.16µm
i_core_v_mini_mcu.cpu_subsystem_i.cpu_0_0.rf_ram_i.memory\[109\]\[0\],34.16µm
i_core_v_mini_mcu.cpu_subsystem_i.cpu_1_0.rf_ram_i.memory\[208\]\[1\],34.16µm
i_core_v_mini_mcu.cpu_subsystem_i.cpu_1_0.rf_ram_i.memory\[345\]\[0\],34.16µm
i_core_v_mini_mcu.cpu_subsystem_i.cpu_1_0.rf_ram_i.memory\[454\]\[0\],34.16µm
i_core_v_mini_mcu.cpu_subsystem_i.cpu_1_0.rf_ram_i.memory\[455\]\[1\],34.16µm
i_core_v_mini_mcu.cpu_subsystem_i.cpu_1_0.rf_ram_i.memory\[504\]\[0\],34.16µm
i_core_v_mini_mcu.memory_subsystem_i.ram0_i.tc_ram_i.sram\[5\]\[15\],34.16µm
_18377_,33.93µm
i_core_v_mini_mcu.cpu_subsystem_i.cpu_1_0.i_servile.cpu.decode.o_immdec_ctrl\[2\],33.93µm
i_core_v_mini_mcu.ao_peripheral_subsystem_i.tdu_i.task_mem\[6\]\[10\],33.88µm
i_core_v_mini_mcu.cpu_subsystem_i.cpu_1_0.rf_ram_i.memory\[41\]\[0\],33.88µm
i_core_v_mini_mcu.cpu_subsystem_i.cpu_1_0.rf_ram_i.memory\[8\]\[1\],33.88µm
_05621_,33.8µm
_05722_,33.8µm
_06266_,33.8µm
_06520_,33.8µm
_09912_,33.8µm
_10254_,33.8µm
_15098_,33.8µm
_15255_,33.8µm
_16188_,33.8µm
_17778_,33.8µm
i_core_v_mini_mcu.cpu_subsystem_i.cpu_0_0.rf_ram_i.memory\[42\]\[0\],33.78µm
_06571_,33.75µm
_15059_,33.75µm
_16752_,33.75µm
_17097_,33.75µm
_17172_,33.75µm
_17363_,33.75µm
_18032_,33.75µm
_22761_,33.75µm
i_core_v_mini_mcu.ao_peripheral_subsystem_i.obi_fifo_i.consumer_data_req_q\[68\],33.75µm
i_core_v_mini_mcu.ao_peripheral_subsystem_i.tdu_i.task_mem\[3\]\[19\],33.75µm
i_core_v_mini_mcu.cpu_subsystem_i.cpu_0_0.rf_ram_i.memory\[208\]\[1\],33.75µm
i_core_v_mini_mcu.cpu_subsystem_i.cpu_1_0.rf_ram_i.memory\[406\]\[0\],33.75µm
i_core_v_mini_mcu.cpu_subsystem_i.cpu_1_0.rf_ram_i.memory\[472\]\[0\],33.75µm
_06096_,33.7µm
_06102_,33.7µm
_06904_,33.7µm
_08164_,33.7µm
_08570_,33.7µm
_08797_,33.7µm
_08992_,33.7µm
_09207_,33.7µm
_10021_,33.7µm
_12031_,33.7µm
_13135_,33.7µm
_14637_,33.7µm
_14706_,33.7µm
_14741_,33.7µm
_15233_,33.7µm
_15553_,33.7µm
_15717_,33.7µm
_16594_,33.7µm
_16898_,33.7µm
_17837_,33.7µm
_17891_,33.7µm
_18067_,33.7µm
_20396_,33.7µm
_20545_,33.7µm
_22561_,33.7µm
i_core_v_mini_mcu.ao_peripheral_subsystem_i.obi_fifo_i.consumer_data_req_q\[46\],33.7µm
i_core_v_mini_mcu.ao_peripheral_subsystem_i.power_manager_i.power_manager_reg_top_i.ram_0_wait_ack_switch_on_qs,33.7µm
i_core_v_mini_mcu.ao_peripheral_subsystem_i.tdu_i.task_mem\[4\]\[31\],33.7µm
i_core_v_mini_mcu.cpu_subsystem_i.cpu_0_0.rf_ram_i.memory\[545\]\[1\],33.7µm
i_core_v_mini_mcu.cpu_subsystem_i.cpu_1_0.rf_ram_i.memory\[132\]\[0\],33.7µm
i_core_v_mini_mcu.memory_subsystem_i.ram0_i.tc_ram_i.sram\[0\]\[7\],33.7µm
i_core_v_mini_mcu.memory_subsystem_i.ram0_i.tc_ram_i.sram\[15\]\[23\],33.7µm
i_core_v_mini_mcu.memory_subsystem_i.ram0_i.tc_ram_i.sram\[7\]\[1\],33.7µm
i_core_v_mini_mcu.peripheral_subsystem_i.uart_i.hw2reg\[5\],33.7µm
i_core_v_mini_mcu.peripheral_subsystem_i.uart_i.reg2hw\[111\],33.7µm
_00279_,33.65µm
_04894_,33.65µm
_05500_,33.65µm
_05651_,33.65µm
_06967_,33.65µm
_08034_,33.65µm
_08657_,33.65µm
_09112_,33.65µm
_09314_,33.65µm
_10830_,33.65µm
_10961_,33.65µm
_11867_,33.65µm
_12744_,33.65µm
_13044_,33.65µm
_13055_,33.65µm
_13466_,33.65µm
_13644_,33.65µm
_17083_,33.65µm
_17150_,33.65µm
_17843_,33.65µm
_18818_,33.65µm
_20402_,33.65µm
_24803_,33.65µm
_24823_,33.65µm
_26204_,33.65µm
_26709_,33.65µm
_26748_,33.65µm
_26889_,33.65µm
_27474_,33.65µm
i_core_v_mini_mcu.ao_peripheral_subsystem_i.obi_fifo_i.consumer_data_req_q\[3\],33.65µm
i_core_v_mini_mcu.cpu_subsystem_i.cpu_0_0.i_servile.cpu.gen_align.align.ibus_rdt_concat\[0\],33.65µm
i_core_v_mini_mcu.cpu_subsystem_i.cpu_0_0.rf_ram_i.memory\[106\]\[1\],33.65µm
i_core_v_mini_mcu.cpu_subsystem_i.cpu_0_0.rf_ram_i.memory\[291\]\[0\],33.65µm
i_core_v_mini_mcu.cpu_subsystem_i.cpu_1_0.rf_ram_i.memory\[144\]\[1\],33.65µm
i_core_v_mini_mcu.cpu_subsystem_i.cpu_1_0.rf_ram_i.memory\[407\]\[0\],33.65µm
i_core_v_mini_mcu.cpu_subsystem_i.cpu_1_0.rf_ram_i.memory\[488\]\[0\],33.65µm
i_core_v_mini_mcu.memory_subsystem_i.ram0_i.tc_ram_i.sram\[12\]\[6\],33.65µm
i_core_v_mini_mcu.memory_subsystem_i.ram0_i.tc_ram_i.sram\[4\]\[24\],33.65µm
i_core_v_mini_mcu.peripheral_subsystem_i.obi_fifo_i.consumer_data_req_q\[29\],33.65µm
i_core_v_mini_mcu.peripheral_subsystem_i.obi_fifo_i.consumer_resp_i\[32\],33.65µm
i_core_v_mini_mcu.peripheral_subsystem_i.uart_i.uart_core.u_uart_rxfifo.gen_normal_fifo.storage\[9\],33.65µm
_00005_,33.6µm
_00391_,33.6µm
_04353_,33.6µm
_05831_,33.6µm
_05934_,33.6µm
_06575_,33.6µm
_06996_,33.6µm
_07655_,33.6µm
_09084_,33.6µm
_09519_,33.6µm
_10114_,33.6µm
_10189_,33.6µm
_11035_,33.6µm
_11058_,33.6µm
_11297_,33.6µm
_11769_,33.6µm
_11775_,33.6µm
_12471_,33.6µm
_12909_,33.6µm
_12995_,33.6µm
_15137_,33.6µm
_16367_,33.6µm
_17566_,33.6µm
_17627_,33.6µm
_18075_,33.6µm
_18813_,33.6µm
_19461_,33.6µm
_19656_,33.6µm
_19802_,33.6µm
_20523_,33.6µm
_20667_,33.6µm
_20888_,33.6µm
_20889_,33.6µm
_22124_,33.6µm
_23434_,33.6µm
_23502_,33.6µm
_23507_,33.6µm
_24283_,33.6µm
_24314_,33.6µm
_24477_,33.6µm
_26694_,33.6µm
i_core_v_mini_mcu.ao_peripheral_subsystem_i.power_manager_i.memory_subsystem_banks_powergate_iso_n,33.6µm
i_core_v_mini_mcu.ao_peripheral_subsystem_i.power_manager_i.power_manager_reg_top_i.u_intr_state.wr_data\[8\],33.6µm
i_core_v_mini_mcu.ao_peripheral_subsystem_i.tdu_i.active_hart_cycles_q\[15\],33.6µm
i_core_v_mini_mcu.ao_peripheral_subsystem_i.tdu_i.task_mem\[0\]\[3\],33.6µm
i_core_v_mini_mcu.cpu_subsystem_i.cpu_1_0.rf_ram_i.memory\[10\]\[0\],33.6µm
i_core_v_mini_mcu.cpu_subsystem_i.cpu_1_0.rf_ram_i.memory\[273\]\[0\],33.6µm
i_core_v_mini_mcu.cpu_subsystem_i.cpu_1_0.rf_ram_i.memory\[276\]\[0\],33.6µm
_04978_,33.54µm
uart_rx_i,33.46µm
_15502_,33.24µm
_15786_,33.24µm
_16665_,33.24µm
_22466_,33.24µm
i_core_v_mini_mcu.cpu_subsystem_i.cpu_0_0.rf_ram_i.memory\[63\]\[1\],33.24µm
i_core_v_mini_mcu.system_bus_i.system_xbar_i.gen_xbar_NtoM.i_xbar.gen_outputs\[5\].gen_rr_arb_tree.i_rr_arb_tree.gen_arbiter.rr_q\[0\],33.24µm
_05563_,33.19µm
_05625_,33.19µm
_05798_,33.19µm
_06960_,33.19µm
_07405_,33.19µm
_09788_,33.19µm
_12283_,33.19µm
_15147_,33.19µm
_15951_,33.19µm
_16041_,33.19µm
_16515_,33.19µm
_17406_,33.19µm
_17483_,33.19µm
_17829_,33.19µm
_22300_,33.19µm
i_core_v_mini_mcu.ao_peripheral_subsystem_i.power_manager_i.cpu_powergate_counter_expired_reset_assert,33.19µm
i_core_v_mini_mcu.ao_peripheral_subsystem_i.tdu_i.cpi_est_q\[62\],33.19µm
_15159_,33.14µm
_17200_,33.14µm
_17922_,33.14µm
_21974_,33.14µm
i_core_v_mini_mcu.ao_peripheral_subsystem_i.tdu_i.task_mem\[3\]\[4\],33.14µm
i_core_v_mini_mcu.cpu_subsystem_i.cpu_0_0.i_servile.cpu.decode.o_e_op,33.14µm
i_core_v_mini_mcu.cpu_subsystem_i.cpu_0_0.rf_ram_i.memory\[540\]\[0\],33.14µm
i_core_v_mini_mcu.cpu_subsystem_i.cpu_0_0.rf_ram_i.memory\[562\]\[0\],33.14µm
i_core_v_mini_mcu.cpu_subsystem_i.cpu_1_0.rf_ram_i.memory\[145\]\[1\],33.14µm
i_core_v_mini_mcu.peripheral_subsystem_i.uart_i.reg2hw\[82\],33.14µm
net459,33.14µm
_00244_,33.09µm
_00387_,33.09µm
_04758_,33.09µm
_06712_,33.09µm
_07423_,33.09µm
_08037_,33.09µm
_08567_,33.09µm
_09145_,33.09µm
_09320_,33.09µm
_10858_,33.09µm
_11688_,33.09µm
_11806_,33.09µm
_12538_,33.09µm
_12718_,33.09µm
_12896_,33.09µm
_13102_,33.09µm
_13179_,33.09µm
_13381_,33.09µm
_13883_,33.09µm
_14156_,33.09µm
_14253_,33.09µm
_14331_,33.09µm
_14898_,33.09µm
_15180_,33.09µm
_15261_,33.09µm
_15584_,33.09µm
_16053_,33.09µm
_16068_,33.09µm
_17278_,33.09µm
_18044_,33.09µm
_19883_,33.09µm
_20204_,33.09µm
_20217_,33.09µm
_20555_,33.09µm
_22966_,33.09µm
_24455_,33.09µm
_25312_,33.09µm
_26118_,33.09µm
i_core_v_mini_mcu.ao_peripheral_subsystem_i.power_manager_i.power_manager_reg_top_i.cpu_iso_off_counter_qs\[2\],33.09µm
i_core_v_mini_mcu.ao_peripheral_subsystem_i.power_manager_i.power_manager_reg_top_i.u_intr_state.wr_data\[10\],33.09µm
i_core_v_mini_mcu.ao_peripheral_subsystem_i.spi_subsystem_i.obi_spimemio_i.spimemio_i.config_do\[2\],33.09µm
i_core_v_mini_mcu.ao_peripheral_subsystem_i.spi_subsystem_i.obi_spimemio_i.spimemio_i.rd_addr\[17\],33.09µm
i_core_v_mini_mcu.cpu_subsystem_i.cpu_0_0.rf_ram_i.memory\[300\]\[0\],33.09µm
i_core_v_mini_mcu.cpu_subsystem_i.cpu_0_0.rf_ram_i.memory\[65\]\[1\],33.09µm
i_core_v_mini_mcu.cpu_subsystem_i.cpu_1_0.rf_ram_i.memory\[215\]\[1\],33.09µm
i_core_v_mini_mcu.cpu_subsystem_i.cpu_1_0.rf_ram_i.memory\[24\]\[0\],33.09µm
i_core_v_mini_mcu.cpu_subsystem_i.cpu_1_0.rf_ram_i.memory\[324\]\[1\],33.09µm
i_core_v_mini_mcu.cpu_subsystem_i.cpu_1_0.rf_ram_i.memory\[351\]\[1\],33.09µm
i_core_v_mini_mcu.cpu_subsystem_i.cpu_1_0.rf_ram_i.memory\[389\]\[1\],33.09µm
i_core_v_mini_mcu.cpu_subsystem_i.cpu_1_0.rf_ram_i.memory\[402\]\[0\],33.09µm
i_core_v_mini_mcu.memory_subsystem_i.clk_cg,33.09µm
i_core_v_mini_mcu.memory_subsystem_i.ram0_i.tc_ram_i.sram\[16\]\[23\],33.09µm
i_core_v_mini_mcu.memory_subsystem_i.ram0_i.tc_ram_i.sram\[3\]\[19\],33.09µm
_04745_,33.04µm
_04761_,33.04µm
_06473_,33.04µm
_07537_,33.04µm
_07944_,33.04µm
_09563_,33.04µm
_09919_,33.04µm
_10864_,33.04µm
_11506_,33.04µm
_11623_,33.04µm
_12011_,33.04µm
_12419_,33.04µm
_13405_,33.04µm
_13407_,33.04µm
_16567_,33.04µm
_16804_,33.04µm
_17805_,33.04µm
_18003_,33.04µm
_18481_,33.04µm
_19532_,33.04µm
_21069_,33.04µm
_22064_,33.04µm
_22157_,33.04µm
_22232_,33.04µm
_23471_,33.04µm
_23486_,33.04µm
_23590_,33.04µm
_23906_,33.04µm
_24212_,33.04µm
_24685_,33.04µm
_25493_,33.04µm
_26298_,33.04µm
_27062_,33.04µm
_27896_,33.04µm
_28134_,33.04µm
i_core_v_mini_mcu.ao_peripheral_subsystem_i.obi_fifo_i.consumer_data_req_q\[36\],33.04µm
i_core_v_mini_mcu.ao_peripheral_subsystem_i.power_manager_i.reg_to_counter_cpu_powergate_switch_on_i.counter_curr_state\[0\],33.04µm
i_core_v_mini_mcu.cpu_subsystem_i.cpu_0_0.rf_ram_i.memory\[256\]\[0\],33.04µm
i_core_v_mini_mcu.cpu_subsystem_i.cpu_0_0.rf_ram_i.memory\[479\]\[0\],33.04µm
i_core_v_mini_mcu.cpu_subsystem_i.cpu_0_0.rf_ram_i.memory\[492\]\[0\],33.04µm
i_core_v_mini_mcu.cpu_subsystem_i.cpu_1_0.i_servile.cpu.immdec.gen_immdec_w_eq_1.imm19_12_20\[0\],33.04µm
i_core_v_mini_mcu.cpu_subsystem_i.cpu_1_0.rf_ram_i.memory\[247\]\[0\],33.04µm
i_core_v_mini_mcu.cpu_subsystem_i.cpu_1_0.rf_ram_i.memory\[272\]\[1\],33.04µm
i_core_v_mini_mcu.cpu_subsystem_i.cpu_1_0.rf_ram_i.memory\[285\]\[1\],33.04µm
i_core_v_mini_mcu.cpu_subsystem_i.cpu_1_0.rf_ram_i.memory\[290\]\[1\],33.04µm
i_core_v_mini_mcu.cpu_subsystem_i.cpu_1_0.rf_ram_i.memory\[335\]\[1\],33.04µm
i_core_v_mini_mcu.cpu_subsystem_i.cpu_1_0.rf_ram_i.memory\[344\]\[0\],33.04µm
i_core_v_mini_mcu.memory_subsystem_i.ram0_i.tc_ram_i.sram\[31\]\[13\],33.04µm
i_core_v_mini_mcu.peripheral_subsystem_i.uart_i.uart_core.rx_sync_q2,33.04µm
_05270_,32.98µm
_20216_,32.88µm
i_core_v_mini_mcu.ao_peripheral_subsystem_i.obi_fifo_i.consumer_data_req_q\[14\],32.81µm
i_core_v_mini_mcu.peripheral_subsystem_i.uart_i.uart_core.rx_timeout_count_q\[3\],32.81µm
i_core_v_mini_mcu.ao_peripheral_subsystem_i.mosaic_clint_i.mtimecmp_q\[58\],32.76µm
_16418_,32.73µm
_08899_,32.68µm
_14317_,32.68µm
_16509_,32.68µm
_17609_,32.68µm
_17806_,32.68µm
i_core_v_mini_mcu.ao_peripheral_subsystem_i.power_manager_i.power_manager_reg_top_i.cpu_iso_on_counter_qs\[12\],32.68µm
_08963_,32.63µm
_08972_,32.63µm
_09889_,32.63µm
_15168_,32.63µm
_22334_,32.63µm
_23952_,32.63µm
_24264_,32.63µm
_25012_,32.63µm
i_core_v_mini_mcu.ao_peripheral_subsystem_i.power_manager_i.reg_to_counter_cpu_powergate_iso_on_i.counter_curr_state\[0\],32.63µm
i_core_v_mini_mcu.ao_peripheral_subsystem_i.tdu_i.task_mem\[1\]\[1\],32.63µm
i_core_v_mini_mcu.cpu_subsystem_i.cpu_0_0.i_servile.cpu.gen_csr.csr.mcause3_0\[3\],32.63µm
i_core_v_mini_mcu.cpu_subsystem_i.cpu_0_0.rf_ram_i.memory\[490\]\[1\],32.63µm
i_core_v_mini_mcu.memory_subsystem_i.ram0_i.tc_ram_i.sram\[1\]\[0\],32.63µm
i_core_v_mini_mcu.memory_subsystem_i.ram0_i.tc_ram_i.sram\[8\]\[12\],32.63µm
_05478_,32.58µm
_08656_,32.58µm
_09296_,32.58µm
_09462_,32.58µm
_09466_,32.58µm
_12184_,32.58µm
_13064_,32.58µm
_13843_,32.58µm
_15141_,32.58µm
_15923_,32.58µm
_16180_,32.58µm
_16286_,32.58µm
_17464_,32.58µm
_21014_,32.58µm
_22810_,32.58µm
_23721_,32.58µm
_27884_,32.58µm
i_core_v_mini_mcu.ao_peripheral_subsystem_i.clint_mtime_o\[29\],32.58µm
i_core_v_mini_mcu.cpu_subsystem_i.cpu_0_0.i_servile.rf_ram_if.rtrig1,32.58µm
i_core_v_mini_mcu.cpu_subsystem_i.cpu_1_0.rf_ram_i.memory\[172\]\[0\],32.58µm
i_core_v_mini_mcu.cpu_subsystem_i.cpu_1_0.rf_ram_i.memory\[20\]\[0\],32.58µm
i_core_v_mini_mcu.cpu_subsystem_i.cpu_1_0.rf_ram_i.memory\[262\]\[1\],32.58µm
i_core_v_mini_mcu.cpu_subsystem_i.cpu_1_0.rf_ram_i.memory\[436\]\[0\],32.58µm
i_core_v_mini_mcu.memory_subsystem_i.ram0_i.tc_ram_i.sram\[11\]\[19\],32.58µm
i_core_v_mini_mcu.memory_subsystem_i.ram0_i.tc_ram_i.sram\[18\]\[30\],32.58µm
i_core_v_mini_mcu.memory_subsystem_i.ram0_i.tc_ram_i.sram\[19\]\[7\],32.58µm
i_core_v_mini_mcu.memory_subsystem_i.ram0_i.tc_ram_i.sram\[24\]\[15\],32.58µm
i_core_v_mini_mcu.memory_subsystem_i.ram0_i.tc_ram_i.sram\[25\]\[15\],32.58µm
i_core_v_mini_mcu.memory_subsystem_i.ram0_i.tc_ram_i.sram\[29\]\[27\],32.58µm
i_core_v_mini_mcu.memory_subsystem_i.ram0_i.tc_ram_i.sram\[31\]\[4\],32.58µm
i_core_v_mini_mcu.system_bus_i.system_xbar_i.gen_xbar_NtoM.i_xbar.gen_outputs\[1\].gen_rr_arb_tree.i_rr_arb_tree.gen_arbiter.rr_q\[1\],32.58µm
_00267_,32.53µm
_00379_,32.53µm
_00390_,32.53µm
_04915_,32.53µm
_05366_,32.53µm
_06446_,32.53µm
_06556_,32.53µm
_06608_,32.53µm
_09182_,32.53µm
_09374_,32.53µm
_10933_,32.53µm
_11189_,32.53µm
_11959_,32.53µm
_12118_,32.53µm
_12853_,32.53µm
_14257_,32.53µm
_14981_,32.53µm
_15403_,32.53µm
_16265_,32.53µm
_16631_,32.53µm
_17618_,32.53µm
_17634_,32.53µm
_17676_,32.53µm
_17720_,32.53µm
_17758_,32.53µm
_18753_,32.53µm
_19997_,32.53µm
_20241_,32.53µm
_20976_,32.53µm
_21523_,32.53µm
_22604_,32.53µm
_23444_,32.53µm
_23750_,32.53µm
_23874_,32.53µm
_24310_,32.53µm
_25043_,32.53µm
_25923_,32.53µm
_26061_,32.53µm
_26513_,32.53µm
_26832_,32.53µm
i_core_v_mini_mcu.ao_peripheral_subsystem_i.soc_ctrl_i.soc_ctrl_reg_top_i.system_frequency_hz_qs\[4\],32.53µm
i_core_v_mini_mcu.ao_peripheral_subsystem_i.spi_subsystem_i.obi_spimemio_i.spimemio_i.buffer\[22\],32.53µm
i_core_v_mini_mcu.cpu_subsystem_i.cpu_0_0.i_servile.cpu.immdec.gen_immdec_w_eq_1.imm19_12_20\[8\],32.53µm
i_core_v_mini_mcu.cpu_subsystem_i.cpu_0_0.rf_ram_i.memory\[107\]\[0\],32.53µm
i_core_v_mini_mcu.cpu_subsystem_i.cpu_0_0.rf_ram_i.memory\[322\]\[1\],32.53µm
i_core_v_mini_mcu.cpu_subsystem_i.cpu_0_0.rf_ram_i.memory\[367\]\[0\],32.53µm
i_core_v_mini_mcu.cpu_subsystem_i.cpu_0_0.rf_ram_i.memory\[37\]\[1\],32.53µm
i_core_v_mini_mcu.cpu_subsystem_i.cpu_0_0.rf_ram_i.memory\[424\]\[0\],32.53µm
i_core_v_mini_mcu.cpu_subsystem_i.cpu_0_0.rf_ram_i.memory\[74\]\[0\],32.53µm
i_core_v_mini_mcu.cpu_subsystem_i.cpu_1_0.rf_ram_i.memory\[145\]\[0\],32.53µm
i_core_v_mini_mcu.cpu_subsystem_i.cpu_1_0.rf_ram_i.memory\[283\]\[0\],32.53µm
i_core_v_mini_mcu.cpu_subsystem_i.cpu_1_0.rf_ram_i.memory\[311\]\[0\],32.53µm
i_core_v_mini_mcu.memory_subsystem_i.ram0_i.tc_ram_i.sram\[10\]\[4\],32.53µm
i_core_v_mini_mcu.memory_subsystem_i.ram0_i.tc_ram_i.sram\[27\]\[16\],32.53µm
i_core_v_mini_mcu.peripheral_subsystem_i.obi_fifo_i.consumer_data_req_q\[23\],32.53µm
i_core_v_mini_mcu.peripheral_subsystem_i.uart_i.uart_core.u_uart_rxfifo.gen_normal_fifo.fifo_wptr\[0\],32.53µm
_02559_,32.48µm
_05131_,32.48µm
_05493_,32.48µm
_06767_,32.48µm
_06946_,32.48µm
_07237_,32.48µm
_07569_,32.48µm
_07716_,32.48µm
_08733_,32.48µm
_09255_,32.48µm
_11404_,32.48µm
_11548_,32.48µm
_11702_,32.48µm
_12808_,32.48µm
_13589_,32.48µm
_13685_,32.48µm
_13974_,32.48µm
_14065_,32.48µm
_14546_,32.48µm
_14881_,32.48µm
_15048_,32.48µm
_17629_,32.48µm
_18579_,32.48µm
_19924_,32.48µm
_20199_,32.48µm
_23043_,32.48µm
_23157_,32.48µm
_23389_,32.48µm
_23419_,32.48µm
_23860_,32.48µm
_23892_,32.48µm
_24605_,32.48µm
_25411_,32.48µm
_25572_,32.48µm
_25815_,32.48µm
_27162_,32.48µm
_27424_,32.48µm
_28089_,32.48µm
i_core_v_mini_mcu.ao_peripheral_subsystem_i.power_manager_i.power_manager_counter_sequence_cpu_reset_i.sequence_curr_state\[2\],32.48µm
i_core_v_mini_mcu.ao_peripheral_subsystem_i.tdu_i.task_mem\[6\]\[3\],32.48µm
i_core_v_mini_mcu.cpu_subsystem_i.cpu_0_0.rf_ram_i.memory\[480\]\[1\],32.48µm
i_core_v_mini_mcu.cpu_subsystem_i.cpu_1_0.rf_ram_i.memory\[469\]\[1\],32.48µm
i_core_v_mini_mcu.cpu_subsystem_i.cpu_1_0.rf_ram_i.memory\[82\]\[0\],32.48µm
i_core_v_mini_mcu.peripheral_subsystem_i.uart_i.uart_core.allzero_cnt_q\[1\],32.48µm
i_core_v_mini_mcu.peripheral_subsystem_i.uart_i.uart_core.uart_tx.baud_div_q\[0\],32.35µm
i_core_v_mini_mcu.peripheral_subsystem_i.uart_i.reg2hw\[26\],32.3µm
i_core_v_mini_mcu.ao_peripheral_subsystem_i.tdu_i.task_mem\[6\]\[28\],32.25µm
i_core_v_mini_mcu.cpu_subsystem_i.cpu_1_0.i_servile.cpu.immdec.gen_immdec_w_eq_1.imm24_20\[4\],32.25µm
_17688_,32.17µm
_08794_,32.12µm
_09742_,32.12µm
_16364_,32.12µm
_16686_,32.12µm
_16960_,32.12µm
_17021_,32.12µm
i_core_v_mini_mcu.ao_peripheral_subsystem_i.power_manager_i.power_manager_reg_top_i.cpu_iso_off_counter_qs\[9\],32.12µm
_06881_,32.07µm
_08875_,32.07µm
_09253_,32.07µm
_09632_,32.07µm
_09950_,32.07µm
_14411_,32.07µm
_14579_,32.07µm
_16142_,32.07µm
_17026_,32.07µm
_17294_,32.07µm
_17869_,32.07µm
_17978_,32.07µm
i_core_v_mini_mcu.peripheral_subsystem_i.uart_i.uart_core.u_uart_txfifo.gen_normal_fifo.storage\[12\],32.07µm
_05462_,32.02µm
_06830_,32.02µm
_08486_,32.02µm
_09171_,32.02µm
_09634_,32.02µm
_09761_,32.02µm
_09967_,32.02µm
_10051_,32.02µm
_12198_,32.02µm
_15760_,32.02µm
_16056_,32.02µm
_17468_,32.02µm
_17872_,32.02µm
_18086_,32.02µm
_19605_,32.02µm
_20685_,32.02µm
_21082_,32.02µm
_21816_,32.02µm
_24664_,32.02µm
_26804_,32.02µm
i_core_v_mini_mcu.ao_peripheral_subsystem_i.power_manager_i.power_manager_reg_top_i.reg2hw\[221\],32.02µm
i_core_v_mini_mcu.ao_peripheral_subsystem_i.soc_ctrl_i.soc_ctrl_reg_top_i.system_frequency_hz_qs\[15\],32.02µm
i_core_v_mini_mcu.ao_peripheral_subsystem_i.spi_subsystem_i.obi_spimemio_i.spimemio_i.state\[7\],32.02µm
i_core_v_mini_mcu.cpu_subsystem_i.cpu_0_0.rf_ram_i.memory\[308\]\[0\],32.02µm
i_core_v_mini_mcu.cpu_subsystem_i.cpu_1_0.rf_ram_i.memory\[327\]\[1\],32.02µm
i_core_v_mini_mcu.memory_subsystem_i.ram0_i.tc_ram_i.sram\[29\]\[13\],32.02µm
i_core_v_mini_mcu.peripheral_subsystem_i.uart_i.uart_core.u_uart_txfifo.gen_normal_fifo.storage\[14\],32.02µm
i_core_v_mini_mcu.peripheral_subsystem_i.uart_i.uart_core.uart_tx.bit_cnt_q\[0\],32.02µm
clknet_leaf_141_i_core_v_mini_mcu.cpu_subsystem_i.cpu_1_0.clk_i,32.02µm
_03120_,31.97µm
_05837_,31.97µm
_08399_,31.97µm
_08499_,31.97µm
_08912_,31.97µm
_10149_,31.97µm
_10192_,31.97µm
_10906_,31.97µm
_11109_,31.97µm
_11276_,31.97µm
_11810_,31.97µm
_11838_,31.97µm
_12150_,31.97µm
_13430_,31.97µm
_13488_,31.97µm
_13821_,31.97µm
_14676_,31.97µm
_15506_,31.97µm
_15704_,31.97µm
_16923_,31.97µm
_18853_,31.97µm
_19729_,31.97µm
_20673_,31.97µm
_21625_,31.97µm
_21716_,31.97µm
_23878_,31.97µm
_23959_,31.97µm
_24061_,31.97µm
_24352_,31.97µm
_25197_,31.97µm
_25324_,31.97µm
_26968_,31.97µm
_27355_,31.97µm
_27936_,31.97µm
i_core_v_mini_mcu.ao_peripheral_subsystem_i.soc_ctrl_i.reg2hw\[17\],31.97µm
i_core_v_mini_mcu.ao_peripheral_subsystem_i.spi_subsystem_i.obi_spimemio_i.spimemio_i.buffer\[18\],31.97µm
i_core_v_mini_mcu.ao_peripheral_subsystem_i.tdu_i.active_hart_cycles_q\[1\],31.97µm
i_core_v_mini_mcu.core_data_req\[18\],31.97µm
i_core_v_mini_mcu.cpu_subsystem_i.cpu_0_0.i_servile.cpu.ctrl.o_ibus_adr\[31\],31.97µm
i_core_v_mini_mcu.cpu_subsystem_i.cpu_0_0.rf_ram_i.memory\[101\]\[0\],31.97µm
i_core_v_mini_mcu.cpu_subsystem_i.cpu_0_0.rf_ram_i.memory\[264\]\[0\],31.97µm
i_core_v_mini_mcu.cpu_subsystem_i.cpu_0_0.rf_ram_i.memory\[495\]\[1\],31.97µm
i_core_v_mini_mcu.cpu_subsystem_i.cpu_0_0.rf_ram_i.memory\[8\]\[0\],31.97µm
i_core_v_mini_mcu.cpu_subsystem_i.cpu_1_0.i_servile.cpu.alu.i_rd_sel\[2\],31.97µm
i_core_v_mini_mcu.cpu_subsystem_i.cpu_1_0.rf_ram_i.memory\[196\]\[0\],31.97µm
i_core_v_mini_mcu.cpu_subsystem_i.cpu_1_0.rf_ram_i.memory\[204\]\[1\],31.97µm
i_core_v_mini_mcu.cpu_subsystem_i.cpu_1_0.rf_ram_i.memory\[253\]\[0\],31.97µm
i_core_v_mini_mcu.cpu_subsystem_i.cpu_1_0.rf_ram_i.memory\[340\]\[0\],31.97µm
i_core_v_mini_mcu.cpu_subsystem_i.cpu_1_0.rf_ram_i.memory\[42\]\[1\],31.97µm
i_core_v_mini_mcu.memory_subsystem_i.ram0_i.tc_ram_i.sram\[13\]\[31\],31.97µm
i_core_v_mini_mcu.memory_subsystem_i.ram0_i.tc_ram_i.sram\[27\]\[24\],31.97µm
i_core_v_mini_mcu.memory_subsystem_i.ram0_i.tc_ram_i.sram\[27\]\[25\],31.97µm
i_core_v_mini_mcu.peripheral_subsystem_i.obi_fifo_i.consumer_data_req_q\[6\],31.97µm
i_core_v_mini_mcu.peripheral_subsystem_i.uart_i.uart_core.allzero_cnt_q\[0\],31.97µm
_02954_,31.92µm
_04880_,31.92µm
_05583_,31.92µm
_05724_,31.92µm
_06207_,31.92µm
_06209_,31.92µm
_06534_,31.92µm
_07451_,31.92µm
_07990_,31.92µm
_08336_,31.92µm
_08659_,31.92µm
_09126_,31.92µm
_09375_,31.92µm
_09430_,31.92µm
_09838_,31.92µm
_11144_,31.92µm
_12803_,31.92µm
_13370_,31.92µm
_13376_,31.92µm
_13442_,31.92µm
_13939_,31.92µm
_14066_,31.92µm
_14223_,31.92µm
_15139_,31.92µm
_15227_,31.92µm
_16689_,31.92µm
_17599_,31.92µm
_18134_,31.92µm
_20169_,31.92µm
_20901_,31.92µm
_20939_,31.92µm
_21362_,31.92µm
_21599_,31.92µm
_22236_,31.92µm
_24198_,31.92µm
_24636_,31.92µm
_24638_,31.92µm
_25664_,31.92µm
_25897_,31.92µm
_25925_,31.92µm
_26574_,31.92µm
_27285_,31.92µm
_27306_,31.92µm
i_core_v_mini_mcu.ao_peripheral_subsystem_i.mosaic_clint_i.mtimecmp_q\[28\],31.92µm
i_core_v_mini_mcu.ao_peripheral_subsystem_i.power_manager_i.power_manager_reg_top_i.u_intr_state.wr_data\[18\],31.92µm
i_core_v_mini_mcu.ao_peripheral_subsystem_i.spi_subsystem_i.obi_spimemio_i.obi_to_picorv32_i.addr_buf\[2\],31.92µm
i_core_v_mini_mcu.cpu_subsystem_i.cpu_0_0.i_servile.rf_ram_if.rgnt,31.92µm
i_core_v_mini_mcu.cpu_subsystem_i.cpu_1_0.ext_owns_q,31.92µm
i_core_v_mini_mcu.cpu_subsystem_i.cpu_1_0.rf_ram_i.memory\[223\]\[0\],31.92µm
i_core_v_mini_mcu.cpu_subsystem_i.cpu_1_0.rf_ram_i.memory\[368\]\[0\],31.92µm
i_core_v_mini_mcu.cpu_subsystem_i.cpu_1_0.rf_ram_i.memory\[409\]\[1\],31.92µm
i_core_v_mini_mcu.memory_subsystem_i.ram0_i.tc_ram_i.sram\[15\]\[25\],31.92µm
i_core_v_mini_mcu.memory_subsystem_i.ram0_i.tc_ram_i.sram\[8\]\[10\],31.92µm
_14525_,31.79µm
i_core_v_mini_mcu.cpu_subsystem_i.cpu_0_0.i_servile.cpu.decode.o_immdec_ctrl\[0\],31.69µm
_06290_,31.56µm
_15369_,31.56µm
_15486_,31.56µm
_16642_,31.56µm
i_core_v_mini_mcu.memory_subsystem_i.ram0_i.tc_ram_i.sram\[25\]\[21\],31.56µm
_08887_,31.51µm
_10260_,31.51µm
_15814_,31.51µm
_16253_,31.51µm
_16773_,31.51µm
_17423_,31.51µm
_17524_,31.51µm
_17925_,31.51µm
_18026_,31.51µm
_18454_,31.51µm
_21475_,31.51µm
i_core_v_mini_mcu.cpu_subsystem_i.cpu_0_0.rf_ram_i.memory\[278\]\[1\],31.51µm
i_core_v_mini_mcu.cpu_subsystem_i.cpu_0_0.rf_ram_i.memory\[45\]\[1\],31.51µm
i_core_v_mini_mcu.memory_subsystem_i.ram0_i.tc_ram_i.sram\[9\]\[2\],31.51µm
_00386_,31.46µm
_05815_,31.46µm
_07864_,31.46µm
_08840_,31.46µm
_09741_,31.46µm
_10049_,31.46µm
_13657_,31.46µm
_14304_,31.46µm
_14605_,31.46µm
_14896_,31.46µm
_15465_,31.46µm
_15891_,31.46µm
_17750_,31.46µm
_27728_,31.46µm
i_core_v_mini_mcu.ao_peripheral_subsystem_i.soc_ctrl_i.soc_ctrl_reg_top_i.system_frequency_hz_qs\[26\],31.46µm
i_core_v_mini_mcu.ao_peripheral_subsystem_i.tdu_i.active_hart_cycles_q\[4\],31.46µm
i_core_v_mini_mcu.ao_peripheral_subsystem_i.tdu_i.task_mem\[0\]\[7\],31.46µm
i_core_v_mini_mcu.cpu_subsystem_i.cpu_0_0.i_servile.cpu.ctrl.o_ibus_adr\[7\],31.46µm
i_core_v_mini_mcu.cpu_subsystem_i.cpu_0_0.rf_ram_i.memory\[245\]\[1\],31.46µm
i_core_v_mini_mcu.cpu_subsystem_i.cpu_1_0.rf_ram_i.memory\[467\]\[1\],31.46µm
i_core_v_mini_mcu.memory_subsystem_i.ram0_i.tc_ram_i.sram\[24\]\[16\],31.46µm
i_core_v_mini_mcu.memory_subsystem_i.ram0_i.tc_ram_i.sram\[27\]\[3\],31.46µm
i_core_v_mini_mcu.memory_subsystem_i.ram0_i.tc_ram_i.sram\[2\]\[11\],31.46µm
i_core_v_mini_mcu.memory_subsystem_i.ram0_i.tc_ram_i.sram\[9\]\[21\],31.46µm
i_core_v_mini_mcu.peripheral_subsystem_i.obi_fifo_i.consumer_resp_i\[17\],31.46µm
i_core_v_mini_mcu.peripheral_subsystem_i.uart_i.uart_core.rx_timeout_count_q\[17\],31.46µm
_05380_,31.41µm
_05653_,31.41µm
_07134_,31.41µm
_07236_,31.41µm
_08398_,31.41µm
_08594_,31.41µm
_08959_,31.41µm
_09224_,31.41µm
_09233_,31.41µm
_09818_,31.41µm
_09954_,31.41µm
_11254_,31.41µm
_11883_,31.41µm
_12127_,31.41µm
_12280_,31.41µm
_12501_,31.41µm
_12520_,31.41µm
_14478_,31.41µm
_15030_,31.41µm
_17670_,31.41µm
_18291_,31.41µm
_18493_,31.41µm
_18890_,31.41µm
_19122_,31.41µm
_20263_,31.41µm
_20572_,31.41µm
_20791_,31.41µm
_20930_,31.41µm
_21386_,31.41µm
_23059_,31.41µm
_24345_,31.41µm
_24990_,31.41µm
_25088_,31.41µm
_25540_,31.41µm
_26882_,31.41µm
_27464_,31.41µm
_27839_,31.41µm
i_core_v_mini_mcu.ao_peripheral_subsystem_i.clint_mtime_o\[9\],31.41µm
i_core_v_mini_mcu.ao_peripheral_subsystem_i.mosaic_clint_i.mtimecmp_q\[88\],31.41µm
i_core_v_mini_mcu.ao_peripheral_subsystem_i.spi_subsystem_i.obi_spimemio_i.obi_to_picorv32_i.obi_resp_o\[4\],31.41µm
i_core_v_mini_mcu.ao_peripheral_subsystem_i.spi_subsystem_i.obi_spimemio_i.obi_to_picorv32_i.picorv32_resp_i\[1\],31.41µm
i_core_v_mini_mcu.ao_peripheral_subsystem_i.spi_subsystem_i.obi_spimemio_i.spimemio_i.state\[10\],31.41µm
i_core_v_mini_mcu.ao_peripheral_subsystem_i.spi_subsystem_i.obi_spimemio_i.spimemio_i.xfer.flash_io1_do,31.41µm
i_core_v_mini_mcu.cpu_subsystem_i.cpu_0_0.rf_ram_i.memory\[447\]\[0\],31.41µm
i_core_v_mini_mcu.cpu_subsystem_i.cpu_0_0.rf_ram_i.memory\[483\]\[0\],31.41µm
i_core_v_mini_mcu.cpu_subsystem_i.cpu_1_0.i_servile.arbiter.i_wb_cpu_dbus_adr\[18\],31.41µm
i_core_v_mini_mcu.cpu_subsystem_i.cpu_1_0.rf_ram_i.memory\[382\]\[1\],31.41µm
i_core_v_mini_mcu.cpu_subsystem_i.cpu_1_0.rf_ram_i.memory\[83\]\[0\],31.41µm
i_core_v_mini_mcu.memory_subsystem_i.ram0_i.tc_ram_i.sram\[16\]\[7\],31.41µm
i_core_v_mini_mcu.memory_subsystem_i.ram0_i.tc_ram_i.sram\[25\]\[14\],31.41µm
i_core_v_mini_mcu.memory_subsystem_i.ram0_i.tc_ram_i.sram\[25\]\[22\],31.41µm
i_core_v_mini_mcu.memory_subsystem_i.ram0_i.tc_ram_i.sram\[3\]\[25\],31.41µm
i_core_v_mini_mcu.peripheral_subsystem_i.obi_fifo_i.consumer_data_req_q\[3\],31.41µm
i_core_v_mini_mcu.peripheral_subsystem_i.uart_i.uart_core.uart_tx.sreg_q\[9\],31.41µm
_00243_,31.36µm
_00258_,31.36µm
_00389_,31.36µm
_02958_,31.36µm
_03116_,31.36µm
_03731_,31.36µm
_05105_,31.36µm
_05531_,31.36µm
_06750_,31.36µm
_08038_,31.36µm
_08390_,31.36µm
_08608_,31.36µm
_09673_,31.36µm
_10974_,31.36µm
_11647_,31.36µm
_11857_,31.36µm
_12598_,31.36µm
_13030_,31.36µm
_13474_,31.36µm
_13493_,31.36µm
_13812_,31.36µm
_14080_,31.36µm
_15173_,31.36µm
_16664_,31.36µm
_16798_,31.36µm
_16974_,31.36µm
_17702_,31.36µm
_18741_,31.36µm
_20438_,31.36µm
_20977_,31.36µm
_21975_,31.36µm
_21989_,31.36µm
_22135_,31.36µm
_23516_,31.36µm
_24059_,31.36µm
_24631_,31.36µm
_24958_,31.36µm
_25997_,31.36µm
_26180_,31.36µm
_26970_,31.36µm
_27121_,31.36µm
_27393_,31.36µm
i_core_v_mini_mcu.ao_peripheral_subsystem_i.power_manager_i.power_manager_reg_top_i.u_intr_state.wr_data\[27\],31.36µm
i_core_v_mini_mcu.ao_peripheral_subsystem_i.tdu_i.active_hart_cycles_q\[29\],31.36µm
i_core_v_mini_mcu.ao_peripheral_subsystem_i.tdu_i.task_mem\[4\]\[14\],31.36µm
i_core_v_mini_mcu.cpu_subsystem_i.cpu_0_0.rf_ram_i.memory\[217\]\[0\],31.36µm
i_core_v_mini_mcu.cpu_subsystem_i.cpu_1_0.rf_ram_i.memory\[219\]\[1\],31.36µm
i_core_v_mini_mcu.cpu_subsystem_i.cpu_1_0.rf_ram_i.memory\[262\]\[0\],31.36µm
i_core_v_mini_mcu.cpu_subsystem_i.cpu_1_0.rf_ram_i.memory\[283\]\[1\],31.36µm
i_core_v_mini_mcu.cpu_subsystem_i.cpu_1_0.rf_ram_i.memory\[397\]\[1\],31.36µm
i_core_v_mini_mcu.cpu_subsystem_i.cpu_1_0.rf_ram_i.memory\[452\]\[0\],31.36µm
i_core_v_mini_mcu.cpu_subsystem_i.cpu_1_0.rf_ram_i.memory\[4\]\[0\],31.36µm
i_core_v_mini_mcu.cpu_subsystem_i.cpu_1_0.rf_ram_i.memory\[5\]\[1\],31.36µm
_07054_,31.25µm
i_core_v_mini_mcu.cpu_subsystem_i.cpu_1_0.rf_ram_i.memory\[285\]\[0\],31.23µm
_09844_,31.13µm
i_core_v_mini_mcu.cpu_subsystem_i.cpu_0_0.rf_ram_i.memory\[327\]\[1\],31.13µm
i_core_v_mini_mcu.cpu_subsystem_i.cpu_1_0.rf_ram_i.memory\[124\]\[0\],31.13µm
_15385_,31.1µm
_16065_,31.08µm
i_core_v_mini_mcu.ao_peripheral_subsystem_i.power_manager_i.reg_to_counter_cpu_powergate_iso_on_i.counter_curr_state\[2\],31.08µm
i_core_v_mini_mcu.cpu_subsystem_i.cpu_1_0.rf_ram_i.memory\[329\]\[0\],31.08µm
_10207_,31.05µm
_16401_,31.05µm
_17300_,31.05µm
_17353_,31µm
_22436_,31µm
i_core_v_mini_mcu.ao_peripheral_subsystem_i.mosaic_clint_i.mtimecmp_q\[124\],31µm
i_core_v_mini_mcu.cpu_subsystem_i.cpu_0_0.i_servile.arbiter.i_wb_cpu_dbus_adr\[26\],31µm
net647,31µm
_04873_,30.95µm
_07343_,30.95µm
_07632_,30.95µm
_14889_,30.95µm
_14975_,30.95µm
_15044_,30.95µm
_15645_,30.95µm
_17270_,30.95µm
_18343_,30.95µm
i_core_v_mini_mcu.ao_peripheral_subsystem_i.mosaic_clint_i.mtimecmp_q\[56\],30.95µm
i_core_v_mini_mcu.cpu_subsystem_i.cpu_1_0.rf_ram_i.memory\[154\]\[1\],30.95µm
i_core_v_mini_mcu.cpu_subsystem_i.cpu_1_0.rf_ram_i.memory\[398\]\[1\],30.95µm
_01917_,30.9µm
_05643_,30.9µm
_06099_,30.9µm
_09036_,30.9µm
_09227_,30.9µm
_10024_,30.9µm
_10097_,30.9µm
_11648_,30.9µm
_12204_,30.9µm
_14517_,30.9µm
_15034_,30.9µm
_15079_,30.9µm
_15639_,30.9µm
_16654_,30.9µm
_17957_,30.9µm
_17989_,30.9µm
_18023_,30.9µm
_18041_,30.9µm
_18092_,30.9µm
_22151_,30.9µm
_22716_,30.9µm
_22939_,30.9µm
_23660_,30.9µm
_24171_,30.9µm
_24551_,30.9µm
_26608_,30.9µm
_26646_,30.9µm
_26971_,30.9µm
i_core_v_mini_mcu.ao_peripheral_subsystem_i.obi_fifo_i.consumer_data_req_q\[53\],30.9µm
i_core_v_mini_mcu.ao_peripheral_subsystem_i.spi_subsystem_i.obi_spimemio_i.obi_to_picorv32_i.addr_buf\[13\],30.9µm
i_core_v_mini_mcu.ao_peripheral_subsystem_i.tdu_i.task_mem\[0\]\[11\],30.9µm
i_core_v_mini_mcu.cpu_subsystem_i.cpu_0_0.rf_ram_i.memory\[260\]\[0\],30.9µm
i_core_v_mini_mcu.cpu_subsystem_i.cpu_0_0.rf_ram_i.memory\[316\]\[0\],30.9µm
i_core_v_mini_mcu.cpu_subsystem_i.cpu_0_0.rf_ram_i.memory\[489\]\[1\],30.9µm
i_core_v_mini_mcu.cpu_subsystem_i.cpu_1_0.rf_ram_i.memory\[494\]\[1\],30.9µm
i_core_v_mini_mcu.memory_subsystem_i.ram0_i.tc_ram_i.sram\[10\]\[17\],30.9µm
i_core_v_mini_mcu.memory_subsystem_i.ram0_i.tc_ram_i.sram\[24\]\[23\],30.9µm
i_core_v_mini_mcu.memory_subsystem_i.ram0_i.tc_ram_i.sram\[26\]\[18\],30.9µm
i_core_v_mini_mcu.peripheral_subsystem_i.uart_i.reg2hw\[122\],30.9µm
i_core_v_mini_mcu.peripheral_subsystem_i.uart_i.uart_core.u_uart_rxfifo.gen_normal_fifo.fifo_wptr\[2\],30.9µm
net1561,30.9µm
_01276_,30.85µm
_01681_,30.85µm
_05987_,30.85µm
_06710_,30.85µm
_06883_,30.85µm
_08297_,30.85µm
_09757_,30.85µm
_09865_,30.85µm
_09931_,30.85µm
_10002_,30.85µm
_11726_,30.85µm
_12189_,30.85µm
_12850_,30.85µm
_12962_,30.85µm
_13133_,30.85µm
_13178_,30.85µm
_15136_,30.85µm
_15575_,30.85µm
_15946_,30.85µm
_16124_,30.85µm
_16353_,30.85µm
_17426_,30.85µm
_17668_,30.85µm
_17786_,30.85µm
_18479_,30.85µm
_18854_,30.85µm
_20550_,30.85µm
_20590_,30.85µm
_22308_,30.85µm
_23250_,30.85µm
_23503_,30.85µm
_23888_,30.85µm
_24699_,30.85µm
_24905_,30.85µm
_27539_,30.85µm
_27782_,30.85µm
i_core_v_mini_mcu.ao_peripheral_subsystem_i.obi_fifo_i.consumer_resp_i\[27\],30.85µm
i_core_v_mini_mcu.ao_peripheral_subsystem_i.power_manager_i.power_manager_reg_top_i.intr_state_qs\[2\],30.85µm
i_core_v_mini_mcu.ao_peripheral_subsystem_i.power_manager_i.power_manager_reg_top_i.intr_state_qs\[8\],30.85µm
i_core_v_mini_mcu.ao_peripheral_subsystem_i.power_manager_i.power_manager_sequence_periph_iso_i.sequence_curr_state\[4\],30.85µm
i_core_v_mini_mcu.ao_peripheral_subsystem_i.spi_subsystem_i.obi_spimemio_i.spimemio_i.buffer\[6\],30.85µm
i_core_v_mini_mcu.ao_peripheral_subsystem_i.spi_subsystem_i.obi_spimemio_i.spimemio_i.rd_wait,30.85µm
i_core_v_mini_mcu.ao_peripheral_subsystem_i.tdu_i.task_mem\[0\]\[12\],30.85µm
i_core_v_mini_mcu.ao_peripheral_subsystem_i.tdu_i.task_mem\[7\]\[18\],30.85µm
i_core_v_mini_mcu.cpu_subsystem_i.cpu_0_0.rf_ram_i.memory\[144\]\[0\],30.85µm
i_core_v_mini_mcu.cpu_subsystem_i.cpu_0_0.rf_ram_i.memory\[189\]\[1\],30.85µm
i_core_v_mini_mcu.cpu_subsystem_i.cpu_0_0.rf_ram_i.memory\[4\]\[1\],30.85µm
i_core_v_mini_mcu.cpu_subsystem_i.cpu_0_0.rf_ram_i.memory\[51\]\[1\],30.85µm
i_core_v_mini_mcu.cpu_subsystem_i.cpu_0_0.rf_ram_i.memory\[85\]\[0\],30.85µm
i_core_v_mini_mcu.cpu_subsystem_i.cpu_1_0.rf_ram_i.memory\[204\]\[0\],30.85µm
i_core_v_mini_mcu.cpu_subsystem_i.cpu_1_0.rf_ram_i.memory\[214\]\[0\],30.85µm
i_core_v_mini_mcu.cpu_subsystem_i.cpu_1_0.rf_ram_i.memory\[233\]\[1\],30.85µm
i_core_v_mini_mcu.cpu_subsystem_i.cpu_1_0.rf_ram_i.memory\[257\]\[0\],30.85µm
i_core_v_mini_mcu.memory_subsystem_i.ram0_i.tc_ram_i.sram\[13\]\[2\],30.85µm
i_core_v_mini_mcu.memory_subsystem_i.ram0_i.tc_ram_i.sram\[17\]\[18\],30.85µm
_00060_,30.8µm
_03436_,30.8µm
_04744_,30.8µm
_05116_,30.8µm
_05265_,30.8µm
_05445_,30.8µm
_05759_,30.8µm
_06572_,30.8µm
_06687_,30.8µm
_06787_,30.8µm
_07549_,30.8µm
_08070_,30.8µm
_09459_,30.8µm
_09964_,30.8µm
_10116_,30.8µm
_10218_,30.8µm
_10675_,30.8µm
_11805_,30.8µm
_12581_,30.8µm
_12743_,30.8µm
_13542_,30.8µm
_16269_,30.8µm
_16976_,30.8µm
_17333_,30.8µm
_18771_,30.8µm
_19078_,30.8µm
_19193_,30.8µm
_20615_,30.8µm
_21091_,30.8µm
_22062_,30.8µm
_22192_,30.8µm
_22791_,30.8µm
_23799_,30.8µm
_24486_,30.8µm
_24710_,30.8µm
_24750_,30.8µm
_24830_,30.8µm
_25662_,30.8µm
_26161_,30.8µm
_26382_,30.8µm
_26451_,30.8µm
_27239_,30.8µm
_27548_,30.8µm
_28017_,30.8µm
_28038_,30.8µm
i_core_v_mini_mcu.ao_peripheral_subsystem_i.mosaic_clint_i.mtimecmp_q\[54\],30.8µm
i_core_v_mini_mcu.ao_peripheral_subsystem_i.spi_subsystem_i.obi_spimemio_i.obi_to_picorv32_i.addr_buf\[22\],30.8µm
i_core_v_mini_mcu.cpu_subsystem_i.cpu_0_0.rf_ram_i.memory\[180\]\[0\],30.8µm
i_core_v_mini_mcu.cpu_subsystem_i.cpu_0_0.rf_ram_i.memory\[513\]\[1\],30.8µm
i_core_v_mini_mcu.cpu_subsystem_i.cpu_0_0.rf_ram_i.memory\[88\]\[0\],30.8µm
i_core_v_mini_mcu.cpu_subsystem_i.cpu_1_0.rf_ram_i.memory\[199\]\[1\],30.8µm
i_core_v_mini_mcu.cpu_subsystem_i.cpu_1_0.rf_ram_i.memory\[211\]\[0\],30.8µm
i_core_v_mini_mcu.cpu_subsystem_i.cpu_1_0.rf_ram_i.memory\[273\]\[1\],30.8µm
i_core_v_mini_mcu.cpu_subsystem_i.cpu_1_0.rf_ram_i.memory\[7\]\[0\],30.8µm
i_core_v_mini_mcu.memory_subsystem_i.ram0_i.tc_ram_i.sram\[1\]\[3\],30.8µm
i_core_v_mini_mcu.peripheral_subsystem_i.periph_to_reg_i.r_rdata_d\[18\],30.8µm
i_core_v_mini_mcu.system_bus_i.system_xbar_i.gen_xbar_NtoM.i_xbar.gen_outputs\[5\].gen_rr_arb_tree.i_rr_arb_tree.gen_arbiter.rr_q\[1\],30.8µm
_25115_,30.62µm
i_core_v_mini_mcu.cpu_subsystem_i.cpu_1_0.rf_ram_i.memory\[312\]\[1\],30.62µm
i_core_v_mini_mcu.cpu_subsystem_i.cpu_1_0.rf_ram_i.memory\[478\]\[0\],30.62µm
_14296_,30.54µm
i_core_v_mini_mcu.cpu_subsystem_i.cpu_0_0.rf_ram_i.memory\[146\]\[1\],30.52µm
i_core_v_mini_mcu.memory_subsystem_i.ram0_i.tc_ram_i.sram\[19\]\[30\],30.52µm
_18098_,30.44µm
i_core_v_mini_mcu.cpu_subsystem_i.cpu_0_0.rf_ram_i.memory\[396\]\[0\],30.44µm
i_core_v_mini_mcu.cpu_subsystem_i.cpu_1_0.rf_ram_i.memory\[130\]\[0\],30.44µm
_09688_,30.39µm
_09956_,30.39µm
_14831_,30.39µm
_16247_,30.39µm
_16304_,30.39µm
_26375_,30.39µm
i_core_v_mini_mcu.cpu_subsystem_i.cpu_0_0.rf_ram_i.memory\[369\]\[1\],30.39µm
i_core_v_mini_mcu.memory_subsystem_i.ram0_i.tc_ram_i.sram\[14\]\[15\],30.39µm
_05855_,30.34µm
_05915_,30.34µm
_06241_,30.34µm
_07363_,30.34µm
_09041_,30.34µm
_11457_,30.34µm
_11831_,30.34µm
_12233_,30.34µm
_14660_,30.34µm
_15603_,30.34µm
_16389_,30.34µm
_17309_,30.34µm
_20593_,30.34µm
_20744_,30.34µm
_26391_,30.34µm
i_core_v_mini_mcu.ao_peripheral_subsystem_i.obi_fifo_i.consumer_data_req_q\[49\],30.34µm
i_core_v_mini_mcu.ao_peripheral_subsystem_i.spi_subsystem_i.obi_spimemio_i.obi_to_picorv32_i.picorv32_resp_i\[22\],30.34µm
i_core_v_mini_mcu.ao_peripheral_subsystem_i.tdu_i.active_hart_cycles_q\[28\],30.34µm
i_core_v_mini_mcu.ao_peripheral_subsystem_i.tdu_i.task_mem\[6\]\[16\],30.34µm
i_core_v_mini_mcu.cpu_subsystem_i.cpu_0_0.rf_ram_i.memory\[239\]\[0\],30.34µm
i_core_v_mini_mcu.cpu_subsystem_i.cpu_0_0.rf_ram_i.memory\[293\]\[0\],30.34µm
i_core_v_mini_mcu.cpu_subsystem_i.cpu_0_0.rf_ram_i.memory\[338\]\[1\],30.34µm
i_core_v_mini_mcu.cpu_subsystem_i.cpu_0_0.rf_ram_i.memory\[545\]\[0\],30.34µm
i_core_v_mini_mcu.cpu_subsystem_i.cpu_0_0.rf_ram_i.memory\[87\]\[1\],30.34µm
i_core_v_mini_mcu.cpu_subsystem_i.cpu_1_0.i_servile.arbiter.i_wb_cpu_dbus_adr\[9\],30.34µm
i_core_v_mini_mcu.cpu_subsystem_i.cpu_1_0.i_servile.cpu.decode.o_immdec_ctrl\[1\],30.34µm
i_core_v_mini_mcu.cpu_subsystem_i.cpu_1_0.rf_ram_i.memory\[206\]\[1\],30.34µm
i_core_v_mini_mcu.cpu_subsystem_i.cpu_1_0.rf_ram_i.memory\[316\]\[1\],30.34µm
i_core_v_mini_mcu.cpu_subsystem_i.cpu_1_0.rf_ram_i.memory\[421\]\[0\],30.34µm
i_core_v_mini_mcu.cpu_subsystem_i.cpu_1_0.rf_ram_i.memory\[80\]\[0\],30.34µm
i_core_v_mini_mcu.memory_subsystem_i.ram0_i.tc_ram_i.sram\[10\]\[5\],30.34µm
i_core_v_mini_mcu.memory_subsystem_i.ram0_i.tc_ram_i.sram\[26\]\[21\],30.34µm
i_core_v_mini_mcu.memory_subsystem_i.ram0_i.tc_ram_i.sram\[29\]\[25\],30.34µm
i_core_v_mini_mcu.peripheral_subsystem_i.uart_i.uart_core.u_uart_rxfifo.gen_normal_fifo.storage\[17\],30.34µm
i_core_v_mini_mcu.peripheral_subsystem_i.uart_i.uart_core.uart_rx.sreg_q\[4\],30.34µm
_00266_,30.29µm
_06380_,30.29µm
_06772_,30.29µm
_06800_,30.29µm
_07248_,30.29µm
_07503_,30.29µm
_08143_,30.29µm
_08741_,30.29µm
_09249_,30.29µm
_09913_,30.29µm
_10884_,30.29µm
_11208_,30.29µm
_11781_,30.29µm
_12243_,30.29µm
_12418_,30.29µm
_12664_,30.29µm
_12870_,30.29µm
_14158_,30.29µm
_16191_,30.29µm
_16321_,30.29µm
_16582_,30.29µm
_17041_,30.29µm
_17511_,30.29µm
_17953_,30.29µm
_18143_,30.29µm
_18692_,30.29µm
_18881_,30.29µm
_20645_,30.29µm
_20785_,30.29µm
_21558_,30.29µm
_22085_,30.29µm
_22113_,30.29µm
_23816_,30.29µm
_23966_,30.29µm
_24979_,30.29µm
_25376_,30.29µm
_26154_,30.29µm
_26191_,30.29µm
_27373_,30.29µm
_27849_,30.29µm
_27894_,30.29µm
i_core_v_mini_mcu.ao_peripheral_subsystem_i.soc_ctrl_i.reg2hw\[33\],30.29µm
i_core_v_mini_mcu.cpu_subsystem_i.cpu_0_0.rf_ram_i.memory\[15\]\[0\],30.29µm
i_core_v_mini_mcu.cpu_subsystem_i.cpu_0_0.rf_ram_i.memory\[260\]\[1\],30.29µm
i_core_v_mini_mcu.cpu_subsystem_i.cpu_0_0.rf_ram_i.memory\[405\]\[1\],30.29µm
i_core_v_mini_mcu.cpu_subsystem_i.cpu_0_0.rf_ram_i.memory\[446\]\[1\],30.29µm
i_core_v_mini_mcu.cpu_subsystem_i.cpu_0_0.rf_ram_i.memory\[554\]\[0\],30.29µm
i_core_v_mini_mcu.cpu_subsystem_i.cpu_0_0.rf_ram_i.memory\[565\]\[0\],30.29µm
i_core_v_mini_mcu.cpu_subsystem_i.cpu_0_0.rf_ram_i.memory\[6\]\[1\],30.29µm
i_core_v_mini_mcu.cpu_subsystem_i.cpu_1_0.rf_ram_i.memory\[178\]\[1\],30.29µm
i_core_v_mini_mcu.cpu_subsystem_i.cpu_1_0.rf_ram_i.memory\[193\]\[1\],30.29µm
i_core_v_mini_mcu.cpu_subsystem_i.cpu_1_0.rf_ram_i.memory\[258\]\[1\],30.29µm
i_core_v_mini_mcu.cpu_subsystem_i.cpu_1_0.rf_ram_i.memory\[319\]\[1\],30.29µm
i_core_v_mini_mcu.cpu_subsystem_i.cpu_1_0.rf_ram_i.memory\[33\]\[0\],30.29µm
i_core_v_mini_mcu.cpu_subsystem_i.cpu_1_0.rf_ram_i.memory\[426\]\[0\],30.29µm
i_core_v_mini_mcu.memory_subsystem_i.ram0_i.tc_ram_i.sram\[13\]\[18\],30.29µm
i_core_v_mini_mcu.memory_subsystem_i.ram0_i.tc_ram_i.sram\[25\]\[0\],30.29µm
i_core_v_mini_mcu.memory_subsystem_i.ram0_i.tc_ram_i.sram\[8\]\[28\],30.29µm
i_core_v_mini_mcu.memory_subsystem_i.ram0_i.tc_ram_i.sram\[9\]\[11\],30.29µm
i_core_v_mini_mcu.peripheral_slave_resp\[29\],30.29µm
i_core_v_mini_mcu.peripheral_subsystem_i.uart_i.uart_core.rx_timeout_count_q\[10\],30.29µm
_06223_,30.25µm
_00366_,30.24µm
_00764_,30.24µm
_04247_,30.24µm
_05536_,30.24µm
_06106_,30.24µm
_07904_,30.24µm
_08101_,30.24µm
_08750_,30.24µm
_08924_,30.24µm
_09251_,30.24µm
_09672_,30.24µm
_10348_,30.24µm
_11240_,30.24µm
_11815_,30.24µm
_12344_,30.24µm
_12496_,30.24µm
_12530_,30.24µm
_12768_,30.24µm
_14078_,30.24µm
_16663_,30.24µm
_17329_,30.24µm
_17582_,30.24µm
_17586_,30.24µm
_17939_,30.24µm
_18148_,30.24µm
_18736_,30.24µm
_19346_,30.24µm
_19476_,30.24µm
_20246_,30.24µm
_20256_,30.24µm
_21089_,30.24µm
_21713_,30.24µm
_22667_,30.24µm
_24029_,30.24µm
_24377_,30.24µm
_25149_,30.24µm
_25724_,30.24µm
_26188_,30.24µm
_26380_,30.24µm
_27404_,30.24µm
_27544_,30.24µm
_27801_,30.24µm
_27862_,30.24µm
_27864_,30.24µm
i_core_v_mini_mcu.ao_peripheral_subsystem_i.obi_fifo_i.consumer_resp_i\[10\],30.24µm
i_core_v_mini_mcu.ao_peripheral_subsystem_i.obi_fifo_i.consumer_resp_i\[24\],30.24µm
i_core_v_mini_mcu.ao_peripheral_subsystem_i.spi_subsystem_i.obi_spimemio_i.obi_to_picorv32_i.picorv32_resp_i\[3\],30.24µm
i_core_v_mini_mcu.ao_peripheral_subsystem_i.spi_subsystem_i.obi_spimemio_i.spimemio_i.xfer.obuffer\[4\],30.24µm
i_core_v_mini_mcu.ao_peripheral_subsystem_i.tdu_i.task_mem\[0\]\[9\],30.24µm
i_core_v_mini_mcu.ao_peripheral_subsystem_i.tdu_i.task_mem\[7\]\[1\],30.24µm
i_core_v_mini_mcu.cpu_subsystem_i.cpu_0_0.rf_ram_i.memory\[233\]\[0\],30.24µm
i_core_v_mini_mcu.cpu_subsystem_i.cpu_0_0.rf_ram_i.memory\[390\]\[0\],30.24µm
i_core_v_mini_mcu.cpu_subsystem_i.cpu_1_0.rf_ram_i.memory\[224\]\[0\],30.24µm
i_core_v_mini_mcu.cpu_subsystem_i.cpu_1_0.rf_ram_i.memory\[439\]\[0\],30.24µm
i_core_v_mini_mcu.cpu_subsystem_i.cpu_1_0.rf_ram_i.memory\[466\]\[0\],30.24µm
i_core_v_mini_mcu.memory_subsystem_i.ram0_i.tc_ram_i.sram\[22\]\[18\],30.24µm
i_core_v_mini_mcu.memory_subsystem_i.ram0_i.tc_ram_i.sram\[30\]\[0\],30.24µm
i_core_v_mini_mcu.memory_subsystem_i.ram0_i.tc_ram_i.sram\[9\]\[0\],30.24µm
i_core_v_mini_mcu.memory_subsystem_i.ram0_i.tc_ram_i.sram\[9\]\[20\],30.24µm
i_core_v_mini_mcu.peripheral_subsystem_i.periph_to_reg_i.r_rdata_d\[16\],30.24µm
i_core_v_mini_mcu.ao_peripheral_subsystem_i.soc_ctrl_i.reg2hw\[2\],30.01µm
i_core_v_mini_mcu.memory_subsystem_i.ram0_i.tc_ram_i.sram\[16\]\[9\],30.01µm
i_core_v_mini_mcu.memory_subsystem_i.ram0_i.tc_ram_i.sram\[31\]\[18\],30.01µm
_06545_,29.93µm
_09909_,29.93µm
_17457_,29.93µm
_05490_,29.88µm
_17068_,29.88µm
i_core_v_mini_mcu.ao_peripheral_subsystem_i.tdu_i.task_mem\[6\]\[4\],29.88µm
_04209_,29.83µm
_08679_,29.83µm
_08923_,29.83µm
_09981_,29.83µm
_10258_,29.83µm
_12876_,29.83µm
_14700_,29.83µm
_14885_,29.83µm
_16298_,29.83µm
_16494_,29.83µm
_17505_,29.83µm
_17591_,29.83µm
_18561_,29.83µm
i_core_v_mini_mcu.ao_peripheral_subsystem_i.obi_fifo_i.consumer_resp_i\[32\],29.83µm
_00257_,29.78µm
_05623_,29.78µm
_05946_,29.78µm
_06607_,29.78µm
_07011_,29.78µm
_12597_,29.78µm
_14614_,29.78µm
_16277_,29.78µm
_16488_,29.78µm
_17358_,29.78µm
_17852_,29.78µm
_20740_,29.78µm
_21060_,29.78µm
_23725_,29.78µm
_23784_,29.78µm
i_core_v_mini_mcu.cpu_subsystem_i.cpu_0_0.i_servile.cpu.o_wdata1,29.78µm
i_core_v_mini_mcu.cpu_subsystem_i.cpu_0_0.rf_ram_i.memory\[366\]\[0\],29.78µm
i_core_v_mini_mcu.cpu_subsystem_i.cpu_0_0.rf_ram_i.memory\[380\]\[1\],29.78µm
i_core_v_mini_mcu.cpu_subsystem_i.cpu_0_0.rf_ram_i.memory\[385\]\[1\],29.78µm
i_core_v_mini_mcu.cpu_subsystem_i.cpu_0_0.rf_ram_i.memory\[60\]\[0\],29.78µm
i_core_v_mini_mcu.cpu_subsystem_i.cpu_1_0.rf_ram_i.memory\[11\]\[1\],29.78µm
i_core_v_mini_mcu.cpu_subsystem_i.cpu_1_0.rf_ram_i.memory\[157\]\[0\],29.78µm
i_core_v_mini_mcu.cpu_subsystem_i.cpu_1_0.rf_ram_i.memory\[169\]\[1\],29.78µm
i_core_v_mini_mcu.cpu_subsystem_i.cpu_1_0.rf_ram_i.memory\[380\]\[0\],29.78µm
i_core_v_mini_mcu.memory_subsystem_i.ram0_i.tc_ram_i.sram\[13\]\[17\],29.78µm
i_core_v_mini_mcu.memory_subsystem_i.ram0_i.tc_ram_i.sram\[8\]\[11\],29.78µm
i_core_v_mini_mcu.peripheral_subsystem_i.obi_fifo_i.consumer_data_req_q\[16\],29.78µm
i_core_v_mini_mcu.peripheral_subsystem_i.uart_i.uart_core.nco_sum_q\[8\],29.78µm
_05691_,29.73µm
_07126_,29.73µm
_07213_,29.73µm
_07449_,29.73µm
_08220_,29.73µm
_09992_,29.73µm
_10308_,29.73µm
_10751_,29.73µm
_10912_,29.73µm
_10991_,29.73µm
_11033_,29.73µm
_11534_,29.73µm
_12096_,29.73µm
_12163_,29.73µm
_12711_,29.73µm
_12933_,29.73µm
_13100_,29.73µm
_13554_,29.73µm
_13876_,29.73µm
_15537_,29.73µm
_15565_,29.73µm
_15853_,29.73µm
_17215_,29.73µm
_20678_,29.73µm
_20918_,29.73µm
_21128_,29.73µm
_21295_,29.73µm
_21815_,29.73µm
_24135_,29.73µm
_24257_,29.73µm
_24387_,29.73µm
_24926_,29.73µm
_25033_,29.73µm
_26241_,29.73µm
_26511_,29.73µm
_26887_,29.73µm
_27721_,29.73µm
i_core_v_mini_mcu.ao_peripheral_subsystem_i.power_manager_i.power_manager_reg_top_i.cpu_iso_on_counter_qs\[5\],29.73µm
i_core_v_mini_mcu.ao_peripheral_subsystem_i.power_manager_i.power_manager_reg_top_i.u_intr_state.wr_data\[26\],29.73µm
i_core_v_mini_mcu.ao_peripheral_subsystem_i.power_manager_i.reg_to_counter_cpu_reset_assert_i.counter_curr_state\[0\],29.73µm
i_core_v_mini_mcu.ao_peripheral_subsystem_i.spi_subsystem_i.obi_spimemio_i.spimemio_i.din_data\[0\],29.73µm
i_core_v_mini_mcu.ao_peripheral_subsystem_i.tdu_i.task_mem\[6\]\[0\],29.73µm
i_core_v_mini_mcu.cpu_subsystem_i.cpu_0_0.rf_ram_i.memory\[349\]\[0\],29.73µm
i_core_v_mini_mcu.cpu_subsystem_i.cpu_0_0.rf_ram_i.memory\[382\]\[1\],29.73µm
i_core_v_mini_mcu.cpu_subsystem_i.cpu_0_0.rf_ram_i.memory\[471\]\[1\],29.73µm
i_core_v_mini_mcu.cpu_subsystem_i.cpu_0_0.rf_ram_i.memory\[478\]\[0\],29.73µm
i_core_v_mini_mcu.cpu_subsystem_i.cpu_1_0.rf_ram_i.memory\[164\]\[0\],29.73µm
i_core_v_mini_mcu.cpu_subsystem_i.cpu_1_0.rf_ram_i.memory\[489\]\[1\],29.73µm
i_core_v_mini_mcu.cpu_subsystem_i.cpu_1_0.rf_ram_i.memory\[78\]\[0\],29.73µm
i_core_v_mini_mcu.cpu_subsystem_i.cpu_1_0.rf_ram_i.memory\[91\]\[0\],29.73µm
i_core_v_mini_mcu.memory_subsystem_i.ram0_i.tc_ram_i.sram\[23\]\[30\],29.73µm
i_core_v_mini_mcu.memory_subsystem_i.ram0_i.tc_ram_i.sram\[27\]\[17\],29.73µm
i_core_v_mini_mcu.memory_subsystem_i.ram0_i.tc_ram_i.sram\[2\]\[0\],29.73µm
i_core_v_mini_mcu.memory_subsystem_i.ram0_i.tc_ram_i.sram\[5\]\[7\],29.73µm
i_core_v_mini_mcu.peripheral_subsystem_i.uart_i.hw2reg\[7\],29.73µm
i_core_v_mini_mcu.peripheral_subsystem_i.uart_i.uart_core.u_uart_txfifo.gen_normal_fifo.storage\[25\],29.73µm
_00396_,29.68µm
_04428_,29.68µm
_06923_,29.68µm
_07083_,29.68µm
_07361_,29.68µm
_07455_,29.68µm
_08053_,29.68µm
_08208_,29.68µm
_09184_,29.68µm
_09952_,29.68µm
_10043_,29.68µm
_10069_,29.68µm
_10237_,29.68µm
_10277_,29.68µm
_10821_,29.68µm
_10936_,29.68µm
_10971_,29.68µm
_11422_,29.68µm
_11949_,29.68µm
_12136_,29.68µm
_12275_,29.68µm
_12425_,29.68µm
_13251_,29.68µm
_13322_,29.68µm
_13364_,29.68µm
_13860_,29.68µm
_14227_,29.68µm
_14416_,29.68µm
_15862_,29.68µm
_17023_,29.68µm
_17384_,29.68µm
_17601_,29.68µm
_18247_,29.68µm
_19038_,29.68µm
_19066_,29.68µm
_19184_,29.68µm
_19881_,29.68µm
_20352_,29.68µm
_20560_,29.68µm
_20962_,29.68µm
_20969_,29.68µm
_21867_,29.68µm
_21877_,29.68µm
_22228_,29.68µm
_22394_,29.68µm
_23111_,29.68µm
_24379_,29.68µm
_24512_,29.68µm
_25659_,29.68µm
_25856_,29.68µm
_26491_,29.68µm
_27051_,29.68µm
_27555_,29.68µm
i_core_v_mini_mcu.ao_peripheral_subsystem_i.periph_to_reg_i.r_rdata_d\[12\],29.68µm
i_core_v_mini_mcu.cpu_subsystem_i.cpu_1_0.rf_ram_i.memory\[274\]\[0\],29.68µm
i_core_v_mini_mcu.cpu_subsystem_i.cpu_1_0.rf_ram_i.memory\[359\]\[1\],29.68µm
i_core_v_mini_mcu.cpu_subsystem_i.cpu_1_0.rf_ram_i.memory\[364\]\[0\],29.68µm
i_core_v_mini_mcu.cpu_subsystem_i.cpu_1_0.rf_ram_i.memory\[409\]\[0\],29.68µm
i_core_v_mini_mcu.memory_subsystem_i.ram0_i.tc_ram_i.sram\[22\]\[4\],29.68µm
i_core_v_mini_mcu.memory_subsystem_i.ram0_i.tc_ram_i.sram\[29\]\[9\],29.68µm
_10274_,29.5µm
i_core_v_mini_mcu.cpu_subsystem_i.cpu_0_0.rf_ram_i.memory\[517\]\[1\],29.5µm
i_core_v_mini_mcu.cpu_subsystem_i.cpu_0_0.rf_ram_i.memory\[553\]\[1\],29.5µm
i_core_v_mini_mcu.ao_peripheral_subsystem_i.power_manager_i.power_manager_reg_top_i.intr_state_qs\[18\],29.45µm
i_core_v_mini_mcu.cpu_subsystem_i.cpu_0_0.rf_ram_i.memory\[384\]\[1\],29.45µm
_15795_,29.37µm
_08922_,29.32µm
_09759_,29.32µm
_14508_,29.32µm
_15938_,29.32µm
_17100_,29.32µm
_17166_,29.32µm
_21669_,29.32µm
i_core_v_mini_mcu.ao_peripheral_subsystem_i.spi_subsystem_i.obi_spimemio_i.spimemio_i.buffer\[8\],29.32µm
i_core_v_mini_mcu.cpu_subsystem_i.cpu_1_0.rf_ram_i.memory\[341\]\[1\],29.32µm
_05878_,29.27µm
_06363_,29.27µm
_09038_,29.27µm
_14401_,29.27µm
_14744_,29.27µm
_15336_,29.27µm
_16437_,29.27µm
_18372_,29.27µm
i_core_v_mini_mcu.ao_peripheral_subsystem_i.power_manager_i.power_manager_reg_top_i.en_wait_for_intr_qs\[5\],29.27µm
i_core_v_mini_mcu.cpu_subsystem_i.cpu_1_0.rf_ram_i.memory\[360\]\[1\],29.27µm
i_core_v_mini_mcu.peripheral_subsystem_i.uart_i.uart_core.allzero_cnt_q\[3\],29.27µm
_05096_,29.22µm
_05323_,29.22µm
_06518_,29.22µm
_06519_,29.22µm
_07167_,29.22µm
_09729_,29.22µm
_12782_,29.22µm
_14656_,29.22µm
_14761_,29.22µm
_14787_,29.22µm
_15332_,29.22µm
_16214_,29.22µm
_16462_,29.22µm
_17298_,29.22µm
_17386_,29.22µm
_17549_,29.22µm
_18152_,29.22µm
_18224_,29.22µm
_20539_,29.22µm
_22605_,29.22µm
_22820_,29.22µm
_23815_,29.22µm
_27998_,29.22µm
i_core_v_mini_mcu.ao_peripheral_subsystem_i.obi_fifo_i.consumer_data_req_q\[24\],29.22µm
i_core_v_mini_mcu.ao_peripheral_subsystem_i.power_manager_i.power_manager_counter_sequence_cpu_reset_i.sequence_curr_state\[1\],29.22µm
i_core_v_mini_mcu.ao_peripheral_subsystem_i.power_manager_i.power_manager_reg_top_i.cpu_iso_on_counter_qs\[13\],29.22µm
i_core_v_mini_mcu.ao_peripheral_subsystem_i.power_manager_i.power_manager_reg_top_i.global_pointer_qs\[1\],29.22µm
i_core_v_mini_mcu.cpu_subsystem_i.cpu_0_0.i_servile.cpu.immdec.gen_immdec_w_eq_1.imm24_20\[4\],29.22µm
i_core_v_mini_mcu.cpu_subsystem_i.cpu_0_0.rf_ram_i.memory\[100\]\[0\],29.22µm
i_core_v_mini_mcu.cpu_subsystem_i.cpu_0_0.rf_ram_i.memory\[359\]\[1\],29.22µm
i_core_v_mini_mcu.cpu_subsystem_i.cpu_0_0.rf_ram_i.memory\[520\]\[0\],29.22µm
i_core_v_mini_mcu.cpu_subsystem_i.cpu_1_0.rf_ram_i.memory\[102\]\[1\],29.22µm
i_core_v_mini_mcu.cpu_subsystem_i.cpu_1_0.rf_ram_i.memory\[375\]\[0\],29.22µm
i_core_v_mini_mcu.cpu_subsystem_i.cpu_1_0.rf_ram_i.memory\[387\]\[0\],29.22µm
i_core_v_mini_mcu.memory_subsystem_i.ram0_i.tc_ram_i.sram\[24\]\[5\],29.22µm
i_core_v_mini_mcu.memory_subsystem_i.ram0_i.tc_ram_i.sram\[3\]\[4\],29.22µm
i_core_v_mini_mcu.memory_subsystem_i.ram0_i.tc_ram_i.sram\[5\]\[26\],29.22µm
i_core_v_mini_mcu.peripheral_subsystem_i.uart_i.uart_core.break_st_q,29.22µm
net1852,29.22µm
_05914_,29.17µm
_06921_,29.17µm
_07877_,29.17µm
_07905_,29.17µm
_08395_,29.17µm
_09056_,29.17µm
_09258_,29.17µm
_09589_,29.17µm
_09678_,29.17µm
_10497_,29.17µm
_11346_,29.17µm
_11942_,29.17µm
_12211_,29.17µm
_12297_,29.17µm
_15729_,29.17µm
_15931_,29.17µm
_16634_,29.17µm
_17088_,29.17µm
_18856_,29.17µm
_20525_,29.17µm
_20628_,29.17µm
_21456_,29.17µm
_22522_,29.17µm
_22794_,29.17µm
_22959_,29.17µm
_23520_,29.17µm
_23534_,29.17µm
_23981_,29.17µm
_24416_,29.17µm
_25823_,29.17µm
_25930_,29.17µm
_26324_,29.17µm
_26395_,29.17µm
_26645_,29.17µm
_27667_,29.17µm
_27879_,29.17µm
i_core_v_mini_mcu.ao_peripheral_subsystem_i.power_manager_i.power_manager_reg_top_i.power_gate_periph_ack_qs,29.17µm
i_core_v_mini_mcu.ao_peripheral_subsystem_i.spi_subsystem_i.obi_spimemio_i.obi_to_picorv32_i.state\[1\],29.17µm
i_core_v_mini_mcu.ao_peripheral_subsystem_i.spi_subsystem_i.obi_spimemio_i.spimemio_i.state\[1\],29.17µm
i_core_v_mini_mcu.cpu_subsystem_i.cpu_0_0.rf_ram_i.memory\[115\]\[1\],29.17µm
i_core_v_mini_mcu.cpu_subsystem_i.cpu_0_0.rf_ram_i.memory\[156\]\[1\],29.17µm
i_core_v_mini_mcu.cpu_subsystem_i.cpu_0_0.rf_ram_i.memory\[190\]\[1\],29.17µm
i_core_v_mini_mcu.cpu_subsystem_i.cpu_0_0.rf_ram_i.memory\[573\]\[0\],29.17µm
i_core_v_mini_mcu.cpu_subsystem_i.cpu_1_0.i_servile.arbiter.i_wb_cpu_dbus_adr\[16\],29.17µm
i_core_v_mini_mcu.cpu_subsystem_i.cpu_1_0.rf_ram_i.memory\[116\]\[0\],29.17µm
i_core_v_mini_mcu.cpu_subsystem_i.cpu_1_0.rf_ram_i.memory\[357\]\[0\],29.17µm
i_core_v_mini_mcu.cpu_subsystem_i.cpu_1_0.rf_ram_i.memory\[456\]\[1\],29.17µm
i_core_v_mini_mcu.cpu_subsystem_i.cpu_1_0.rf_ram_i.memory\[64\]\[0\],29.17µm
i_core_v_mini_mcu.memory_subsystem_i.ram0_i.tc_ram_i.sram\[14\]\[31\],29.17µm
i_core_v_mini_mcu.memory_subsystem_i.ram0_i.tc_ram_i.sram\[23\]\[5\],29.17µm
i_core_v_mini_mcu.memory_subsystem_i.ram0_i.tc_ram_i.sram\[24\]\[13\],29.17µm
i_core_v_mini_mcu.memory_subsystem_i.ram0_i.tc_ram_i.sram\[26\]\[3\],29.17µm
i_core_v_mini_mcu.memory_subsystem_i.ram0_i.tc_ram_i.sram\[28\]\[19\],29.17µm
i_core_v_mini_mcu.memory_subsystem_i.ram0_i.tc_ram_i.sram\[31\]\[11\],29.17µm
i_core_v_mini_mcu.peripheral_subsystem_i.periph_to_reg_i.r_rdata_d\[6\],29.17µm
i_core_v_mini_mcu.peripheral_subsystem_i.uart_i.reg2hw\[109\],29.17µm
_03685_,29.12µm
_03736_,29.12µm
_03943_,29.12µm
_04738_,29.12µm
_04746_,29.12µm
_06211_,29.12µm
_06649_,29.12µm
_06968_,29.12µm
_08485_,29.12µm
_08876_,29.12µm
_09101_,29.12µm
_09220_,29.12µm
_09960_,29.12µm
_10298_,29.12µm
_11832_,29.12µm
_11898_,29.12µm
_12294_,29.12µm
_13088_,29.12µm
_13674_,29.12µm
_13796_,29.12µm
_14085_,29.12µm
_14092_,29.12µm
_18048_,29.12µm
_18655_,29.12µm
_19260_,29.12µm
_19333_,29.12µm
_19475_,29.12µm
_19791_,29.12µm
_20517_,29.12µm
_20772_,29.12µm
_20914_,29.12µm
_21979_,29.12µm
_22366_,29.12µm
_22888_,29.12µm
_23458_,29.12µm
_24183_,29.12µm
_24356_,29.12µm
_24420_,29.12µm
_24800_,29.12µm
_25147_,29.12µm
_25172_,29.12µm
_25242_,29.12µm
_25265_,29.12µm
_25599_,29.12µm
_25730_,29.12µm
_26088_,29.12µm
_26185_,29.12µm
_26262_,29.12µm
_26875_,29.12µm
_26947_,29.12µm
_27252_,29.12µm
_27292_,29.12µm
_27568_,29.12µm
i_core_v_mini_mcu.ao_peripheral_subsystem_i.mosaic_clint_i.mtimecmp_q\[20\],29.12µm
i_core_v_mini_mcu.cpu_subsystem_i.cpu_0_0.rf_ram_i.memory\[130\]\[0\],29.12µm
i_core_v_mini_mcu.cpu_subsystem_i.cpu_0_0.rf_ram_i.memory\[163\]\[1\],29.12µm
i_core_v_mini_mcu.cpu_subsystem_i.cpu_0_0.rf_ram_i.memory\[173\]\[0\],29.12µm
i_core_v_mini_mcu.cpu_subsystem_i.cpu_0_0.rf_ram_i.memory\[175\]\[1\],29.12µm
i_core_v_mini_mcu.cpu_subsystem_i.cpu_0_0.rf_ram_i.memory\[177\]\[0\],29.12µm
i_core_v_mini_mcu.cpu_subsystem_i.cpu_0_0.rf_ram_i.memory\[207\]\[0\],29.12µm
i_core_v_mini_mcu.cpu_subsystem_i.cpu_0_0.rf_ram_i.memory\[319\]\[0\],29.12µm
i_core_v_mini_mcu.cpu_subsystem_i.cpu_0_0.rf_ram_i.memory\[491\]\[1\],29.12µm
i_core_v_mini_mcu.cpu_subsystem_i.cpu_1_0.rf_ram_i.memory\[293\]\[1\],29.12µm
i_core_v_mini_mcu.cpu_subsystem_i.cpu_1_0.rf_ram_i.memory\[437\]\[1\],29.12µm
i_core_v_mini_mcu.memory_subsystem_i.ram0_i.tc_ram_i.sram\[28\]\[29\],29.12µm
i_core_v_mini_mcu.memory_subsystem_i.ram0_i.tc_ram_i.sram\[30\]\[27\],29.12µm
i_core_v_mini_mcu.memory_subsystem_i.ram0_i.tc_ram_i.sram\[8\]\[31\],29.12µm
net1868,29.12µm
i_core_v_mini_mcu.ao_peripheral_subsystem_i.soc_ctrl_i.reg2hw\[26\],28.94µm
_14703_,28.91µm
_06542_,28.89µm
_15627_,28.86µm
_15680_,28.86µm
_06762_,28.76µm
_13871_,28.76µm
_17982_,28.76µm
i_core_v_mini_mcu.ao_peripheral_subsystem_i.tdu_i.cpi_est_q\[41\],28.76µm
_06557_,28.71µm
_07938_,28.71µm
_08633_,28.71µm
_09571_,28.71µm
_10293_,28.71µm
_14552_,28.71µm
_16217_,28.71µm
_17897_,28.71µm
_23875_,28.71µm
_24976_,28.71µm
i_core_v_mini_mcu.ao_peripheral_subsystem_i.power_manager_i.power_manager_reg_top_i.cpu_counters_stop_cpu_switch_off_stop_bit_counter_qs,28.71µm
i_core_v_mini_mcu.core_data_req\[25\],28.71µm
i_core_v_mini_mcu.cpu_subsystem_i.cpu_0_0.rf_ram_i.memory\[200\]\[1\],28.71µm
i_core_v_mini_mcu.memory_subsystem_i.ram0_i.tc_ram_i.sram\[21\]\[1\],28.71µm
_05764_,28.66µm
_08961_,28.66µm
_09349_,28.66µm
_10272_,28.66µm
_14504_,28.66µm
_15076_,28.66µm
_16604_,28.66µm
_16678_,28.66µm
_16879_,28.66µm
_16936_,28.66µm
_17344_,28.66µm
_18078_,28.66µm
_19028_,28.66µm
_19332_,28.66µm
_19574_,28.66µm
_20286_,28.66µm
_21604_,28.66µm
i_core_v_mini_mcu.ao_peripheral_subsystem_i.power_manager_i.power_manager_counter_sequence_cpu_switch_i.sequence_curr_state\[3\],28.66µm
i_core_v_mini_mcu.ao_peripheral_subsystem_i.spi_subsystem_i.obi_spimemio_i.obi_to_picorv32_i.picorv32_resp_i\[30\],28.66µm
i_core_v_mini_mcu.ao_peripheral_subsystem_i.tdu_i.active_hart_cycles_q\[7\],28.66µm
i_core_v_mini_mcu.ao_peripheral_subsystem_i.tdu_i.cpi_est_q\[30\],28.66µm
i_core_v_mini_mcu.ao_peripheral_subsystem_i.tdu_i.task_mem\[2\]\[6\],28.66µm
i_core_v_mini_mcu.cpu_subsystem_i.cpu_0_0.i_servile.arbiter.i_wb_cpu_dbus_adr\[23\],28.66µm
i_core_v_mini_mcu.cpu_subsystem_i.cpu_0_0.rf_ram_i.memory\[15\]\[1\],28.66µm
i_core_v_mini_mcu.cpu_subsystem_i.cpu_1_0.rf_ram_i.memory\[185\]\[0\],28.66µm
i_core_v_mini_mcu.cpu_subsystem_i.cpu_1_0.rf_ram_i.memory\[198\]\[1\],28.66µm
i_core_v_mini_mcu.cpu_subsystem_i.cpu_1_0.rf_ram_i.memory\[350\]\[0\],28.66µm
i_core_v_mini_mcu.memory_subsystem_i.ram0_i.tc_ram_i.sram\[19\]\[0\],28.66µm
i_core_v_mini_mcu.memory_subsystem_i.ram0_i.tc_ram_i.sram\[22\]\[7\],28.66µm
i_core_v_mini_mcu.memory_subsystem_i.ram0_i.tc_ram_i.sram\[28\]\[12\],28.66µm
i_core_v_mini_mcu.memory_subsystem_i.ram0_i.tc_ram_i.sram\[6\]\[22\],28.66µm
i_core_v_mini_mcu.memory_subsystem_i.ram0_i.tc_ram_i.sram\[8\]\[21\],28.66µm
i_core_v_mini_mcu.peripheral_subsystem_i.uart_i.uart_core.uart_tx.baud_div_q\[2\],28.66µm
net1562,28.66µm
_00372_,28.61µm
_04521_,28.61µm
_05872_,28.61µm
_06259_,28.61µm
_06726_,28.61µm
_07675_,28.61µm
_08166_,28.61µm
_08219_,28.61µm
_08705_,28.61µm
_09092_,28.61µm
_09139_,28.61µm
_09966_,28.61µm
_10174_,28.61µm
_11722_,28.61µm
_12084_,28.61µm
_12139_,28.61µm
_12225_,28.61µm
_12662_,28.61µm
_13107_,28.61µm
_13574_,28.61µm
_14781_,28.61µm
_14829_,28.61µm
_15749_,28.61µm
_16230_,28.61µm
_16295_,28.61µm
_16451_,28.61µm
_16884_,28.61µm
_17460_,28.61µm
_17563_,28.61µm
_18739_,28.61µm
_19549_,28.61µm
_20312_,28.61µm
_20786_,28.61µm
_21273_,28.61µm
_21658_,28.61µm
_22201_,28.61µm
_22456_,28.61µm
_23841_,28.61µm
_23932_,28.61µm
_24452_,28.61µm
_25962_,28.61µm
_26085_,28.61µm
_26189_,28.61µm
_26333_,28.61µm
_26378_,28.61µm
_26476_,28.61µm
_26771_,28.61µm
_27126_,28.61µm
_27311_,28.61µm
i_core_v_mini_mcu.ao_peripheral_subsystem_i.mosaic_clint_i.mtimecmp_q\[63\],28.61µm
i_core_v_mini_mcu.ao_peripheral_subsystem_i.obi_fifo_i.consumer_data_req_q\[43\],28.61µm
i_core_v_mini_mcu.ao_peripheral_subsystem_i.obi_fifo_i.consumer_data_req_q\[63\],28.61µm
i_core_v_mini_mcu.cpu_subsystem_i.cpu_0_0.rf_ram_i.memory\[348\]\[1\],28.61µm
i_core_v_mini_mcu.cpu_subsystem_i.cpu_1_0.rf_ram_i.memory\[125\]\[1\],28.61µm
i_core_v_mini_mcu.cpu_subsystem_i.cpu_1_0.rf_ram_i.memory\[202\]\[0\],28.61µm
i_core_v_mini_mcu.cpu_subsystem_i.cpu_1_0.rf_ram_i.memory\[351\]\[0\],28.61µm
i_core_v_mini_mcu.cpu_subsystem_i.cpu_1_0.rf_ram_i.memory\[358\]\[1\],28.61µm
i_core_v_mini_mcu.cpu_subsystem_i.cpu_1_0.rf_ram_i.memory\[423\]\[1\],28.61µm
i_core_v_mini_mcu.cpu_subsystem_i.cpu_1_0.rf_ram_i.memory\[56\]\[1\],28.61µm
i_core_v_mini_mcu.memory_subsystem_i.ram0_i.tc_ram_i.sram\[14\]\[20\],28.61µm
i_core_v_mini_mcu.memory_subsystem_i.ram0_i.tc_ram_i.sram\[27\]\[7\],28.61µm
i_core_v_mini_mcu.memory_subsystem_i.ram0_i.tc_ram_i.sram\[31\]\[17\],28.61µm
i_core_v_mini_mcu.memory_subsystem_i.ram0_i.tc_ram_i.sram\[8\]\[26\],28.61µm
i_core_v_mini_mcu.memory_subsystem_i.ram0_i.tc_ram_i.sram\[9\]\[30\],28.61µm
i_core_v_mini_mcu.memory_subsystem_i.ram_valid_q,28.61µm
i_core_v_mini_mcu.peripheral_subsystem_i.obi_fifo_i.consumer_data_req_q\[26\],28.61µm
i_core_v_mini_mcu.peripheral_subsystem_i.uart_i.uart_core.u_uart_rxfifo.gen_normal_fifo.storage\[25\],28.61µm
i_core_v_mini_mcu.peripheral_subsystem_i.uart_i.uart_core.uart_rx.sreg_q\[8\],28.61µm
_03762_,28.56µm
_04210_,28.56µm
_05641_,28.56µm
_06239_,28.56µm
_07915_,28.56µm
_08919_,28.56µm
_08932_,28.56µm
_09345_,28.56µm
_09993_,28.56µm
_10938_,28.56µm
_11011_,28.56µm
_11057_,28.56µm
_11091_,28.56µm
_11400_,28.56µm
_11745_,28.56µm
_12129_,28.56µm
_12796_,28.56µm
_13490_,28.56µm
_13557_,28.56µm
_13837_,28.56µm
_13903_,28.56µm
_14621_,28.56µm
_14697_,28.56µm
_15845_,28.56µm
_16077_,28.56µm
_16907_,28.56µm
_17032_,28.56µm
_17106_,28.56µm
_17138_,28.56µm
_18177_,28.56µm
_19320_,28.56µm
_20430_,28.56µm
_20799_,28.56µm
_22919_,28.56µm
_23038_,28.56µm
_24333_,28.56µm
_24428_,28.56µm
_24600_,28.56µm
_24698_,28.56µm
_24814_,28.56µm
_24903_,28.56µm
_25030_,28.56µm
_25058_,28.56µm
_25118_,28.56µm
_25171_,28.56µm
_25340_,28.56µm
_25939_,28.56µm
_26153_,28.56µm
_26187_,28.56µm
_26252_,28.56µm
_26396_,28.56µm
_26420_,28.56µm
_26424_,28.56µm
_26494_,28.56µm
_26901_,28.56µm
_27179_,28.56µm
_27612_,28.56µm
_27717_,28.56µm
i_core_v_mini_mcu.ao_peripheral_subsystem_i.mosaic_clint_i.mtimecmp_q\[86\],28.56µm
i_core_v_mini_mcu.ao_peripheral_subsystem_i.obi_fifo_i.consumer_data_req_q\[4\],28.56µm
i_core_v_mini_mcu.ao_peripheral_subsystem_i.spi_subsystem_i.obi_spimemio_i.spimemio_i.buffer\[4\],28.56µm
i_core_v_mini_mcu.ao_peripheral_subsystem_i.tdu_i.task_mem\[0\]\[13\],28.56µm
i_core_v_mini_mcu.cpu_subsystem_i.cpu_0_0.rf_ram_i.memory\[203\]\[1\],28.56µm
i_core_v_mini_mcu.cpu_subsystem_i.cpu_0_0.rf_ram_i.memory\[403\]\[0\],28.56µm
i_core_v_mini_mcu.cpu_subsystem_i.cpu_0_0.rf_ram_i.memory\[92\]\[1\],28.56µm
i_core_v_mini_mcu.cpu_subsystem_i.cpu_1_0.i_servile.arbiter.i_wb_cpu_ibus_adr\[7\],28.56µm
i_core_v_mini_mcu.cpu_subsystem_i.cpu_1_0.rf_ram_i.memory\[266\]\[1\],28.56µm
i_core_v_mini_mcu.cpu_subsystem_i.cpu_1_0.rf_ram_i.memory\[287\]\[1\],28.56µm
i_core_v_mini_mcu.cpu_subsystem_i.cpu_1_0.rf_ram_i.memory\[30\]\[0\],28.56µm
i_core_v_mini_mcu.cpu_subsystem_i.cpu_1_0.rf_ram_i.memory\[482\]\[1\],28.56µm
i_core_v_mini_mcu.memory_subsystem_i.ram0_i.tc_ram_i.sram\[23\]\[1\],28.56µm
status_o[1],28.42µm
i_core_v_mini_mcu.cpu_subsystem_i.cpu_0_0.rf_ram_i.memory\[36\]\[0\],28.33µm
_15340_,28.3µm
_14592_,28.2µm
_15590_,28.2µm
_16953_,28.2µm
_18010_,28.2µm
_05779_,28.15µm
_07247_,28.15µm
_14817_,28.15µm
_15189_,28.15µm
_15317_,28.15µm
_16755_,28.15µm
_17260_,28.15µm
_17754_,28.15µm
i_core_v_mini_mcu.ao_peripheral_subsystem_i.power_manager_i.power_manager_reg_top_i.cpu_reset_deassert_counter_qs\[7\],28.15µm
i_core_v_mini_mcu.ao_peripheral_subsystem_i.power_manager_i.power_manager_reg_top_i.en_wait_for_intr_qs\[2\],28.15µm
i_core_v_mini_mcu.peripheral_subsystem_i.uart_i.uart_core.nco_sum_q\[1\],28.15µm
i_core_v_mini_mcu.peripheral_subsystem_i.uart_i.uart_core.nco_sum_q\[6\],28.15µm
_05506_,28.1µm
_05988_,28.1µm
_07189_,28.1µm
_07406_,28.1µm
_08870_,28.1µm
_09561_,28.1µm
_10070_,28.1µm
_10259_,28.1µm
_10369_,28.1µm
_12182_,28.1µm
_14111_,28.1µm
_15959_,28.1µm
_18908_,28.1µm
_23095_,28.1µm
i_core_v_mini_mcu.ao_peripheral_subsystem_i.tdu_i.cpi_est_q\[0\],28.1µm
i_core_v_mini_mcu.ao_peripheral_subsystem_i.tdu_i.task_mem\[4\]\[6\],28.1µm
i_core_v_mini_mcu.cpu_subsystem_i.cpu_0_0.rf_ram_i.memory\[125\]\[1\],28.1µm
i_core_v_mini_mcu.cpu_subsystem_i.cpu_0_0.rf_ram_i.memory\[326\]\[1\],28.1µm
i_core_v_mini_mcu.cpu_subsystem_i.cpu_0_0.rf_ram_i.memory\[7\]\[0\],28.1µm
i_core_v_mini_mcu.cpu_subsystem_i.cpu_1_0.i_servile.rf_ram_if.rtrig0,28.1µm
i_core_v_mini_mcu.cpu_subsystem_i.cpu_1_0.rf_ram_i.memory\[53\]\[0\],28.1µm
i_core_v_mini_mcu.memory_subsystem_i.ram0_i.tc_ram_i.sram\[14\]\[27\],28.1µm
i_core_v_mini_mcu.memory_subsystem_i.ram0_i.tc_ram_i.sram\[7\]\[26\],28.1µm
i_core_v_mini_mcu.peripheral_subsystem_i.uart_i.uart_core.allzero_cnt_q\[2\],28.1µm
_01257_,28.05µm
_05578_,28.05µm
_05742_,28.05µm
_07755_,28.05µm
_08703_,28.05µm
_08926_,28.05µm
_09098_,28.05µm
_09124_,28.05µm
_09502_,28.05µm
_09708_,28.05µm
_10602_,28.05µm
_11490_,28.05µm
_11549_,28.05µm
_11837_,28.05µm
_11911_,28.05µm
_12205_,28.05µm
_12219_,28.05µm
_13334_,28.05µm
_13351_,28.05µm
_13570_,28.05µm
_14682_,28.05µm
_14809_,28.05µm
_16708_,28.05µm
_17335_,28.05µm
_17393_,28.05µm
_17664_,28.05µm
_18185_,28.05µm
_18338_,28.05µm
_18627_,28.05µm
_19107_,28.05µm
_20148_,28.05µm
_20833_,28.05µm
_21767_,28.05µm
_21973_,28.05µm
_22412_,28.05µm
_22893_,28.05µm
_23377_,28.05µm
_23557_,28.05µm
_24154_,28.05µm
_24348_,28.05µm
_24434_,28.05µm
_24451_,28.05µm
_24500_,28.05µm
_25163_,28.05µm
_25775_,28.05µm
_26099_,28.05µm
_26267_,28.05µm
_26384_,28.05µm
_26642_,28.05µm
_27274_,28.05µm
_27661_,28.05µm
_27820_,28.05µm
_27946_,28.05µm
i_core_v_mini_mcu.ao_peripheral_subsystem_i.obi_fifo_i.consumer_data_req_q\[22\],28.05µm
i_core_v_mini_mcu.ao_peripheral_subsystem_i.obi_fifo_i.consumer_resp_i\[14\],28.05µm
i_core_v_mini_mcu.ao_peripheral_subsystem_i.periph_to_reg_i.r_rdata_d\[4\],28.05µm
i_core_v_mini_mcu.ao_peripheral_subsystem_i.power_manager_i.power_manager_reg_top_i.en_wait_for_intr_qs\[31\],28.05µm
i_core_v_mini_mcu.ao_peripheral_subsystem_i.spi_subsystem_i.obi_spimemio_i.spimemio_i.config_do\[1\],28.05µm
i_core_v_mini_mcu.ao_peripheral_subsystem_i.spi_subsystem_i.obi_spimemio_i.spimemio_i.rd_addr\[7\],28.05µm
i_core_v_mini_mcu.ao_peripheral_subsystem_i.tdu_i.active_hart_cycles_q\[19\],28.05µm
i_core_v_mini_mcu.ao_peripheral_subsystem_i.tdu_i.task_mem\[4\]\[16\],28.05µm
i_core_v_mini_mcu.cpu_subsystem_i.cpu_0_0.i_servile.arbiter.i_wb_cpu_dbus_adr\[15\],28.05µm
i_core_v_mini_mcu.cpu_subsystem_i.cpu_0_0.i_servile.cpu.state.o_cnt\[2\],28.05µm
i_core_v_mini_mcu.cpu_subsystem_i.cpu_0_0.rf_ram_i.memory\[105\]\[1\],28.05µm
i_core_v_mini_mcu.cpu_subsystem_i.cpu_0_0.rf_ram_i.memory\[222\]\[0\],28.05µm
i_core_v_mini_mcu.cpu_subsystem_i.cpu_0_0.rf_ram_i.memory\[271\]\[0\],28.05µm
i_core_v_mini_mcu.cpu_subsystem_i.cpu_0_0.rf_ram_i.memory\[288\]\[1\],28.05µm
i_core_v_mini_mcu.cpu_subsystem_i.cpu_0_0.rf_ram_i.memory\[354\]\[0\],28.05µm
i_core_v_mini_mcu.cpu_subsystem_i.cpu_0_0.rf_ram_i.memory\[531\]\[1\],28.05µm
i_core_v_mini_mcu.cpu_subsystem_i.cpu_0_0.rf_ram_i.memory\[549\]\[0\],28.05µm
i_core_v_mini_mcu.cpu_subsystem_i.cpu_0_0.rf_ram_i.memory\[62\]\[1\],28.05µm
i_core_v_mini_mcu.cpu_subsystem_i.cpu_1_0.rf_ram_i.memory\[270\]\[0\],28.05µm
i_core_v_mini_mcu.cpu_subsystem_i.cpu_1_0.rf_ram_i.memory\[452\]\[1\],28.05µm
i_core_v_mini_mcu.cpu_subsystem_i.cpu_1_0.rf_ram_i.memory\[92\]\[0\],28.05µm
i_core_v_mini_mcu.memory_subsystem_i.ram0_i.tc_ram_i.sram\[16\]\[14\],28.05µm
i_core_v_mini_mcu.memory_subsystem_i.ram0_i.tc_ram_i.sram\[26\]\[7\],28.05µm
i_core_v_mini_mcu.memory_subsystem_i.ram0_i.tc_ram_i.sram\[3\]\[14\],28.05µm
i_core_v_mini_mcu.peripheral_subsystem_i.uart_i.u_reg.u_reg_if.d_ack,28.05µm
_04186_,28µm
_05272_,28µm
_05976_,28µm
_06676_,28µm
_07731_,28µm
_08001_,28µm
_08344_,28µm
_09799_,28µm
_10326_,28µm
_10508_,28µm
_11146_,28µm
_11433_,28µm
_11438_,28µm
_11508_,28µm
_11551_,28µm
_12536_,28µm
_13008_,28µm
_13190_,28µm
_13252_,28µm
_13398_,28µm
_13476_,28µm
_13761_,28µm
_15448_,28µm
_15964_,28µm
_16788_,28µm
_17005_,28µm
_17017_,28µm
_17033_,28µm
_17372_,28µm
_17590_,28µm
_18535_,28µm
_19319_,28µm
_19488_,28µm
_19936_,28µm
_19943_,28µm
_20812_,28µm
_21605_,28µm
_21991_,28µm
_22171_,28µm
_22886_,28µm
_22957_,28µm
_24429_,28µm
_24496_,28µm
_24993_,28µm
_25174_,28µm
_25361_,28µm
_25412_,28µm
_26649_,28µm
_26657_,28µm
_27289_,28µm
_27899_,28µm
i_core_v_mini_mcu.ao_peripheral_subsystem_i.power_manager_i.power_manager_reg_top_i.intr_state_qs\[9\],28µm
i_core_v_mini_mcu.ao_peripheral_subsystem_i.tdu_i.task_mem\[0\]\[30\],28µm
i_core_v_mini_mcu.ao_peripheral_subsystem_i.tdu_i.task_mem\[1\]\[4\],28µm
i_core_v_mini_mcu.cpu_subsystem_i.cpu_0_0.i_servile.cpu.bufreg.i_clr_lsb,28µm
i_core_v_mini_mcu.cpu_subsystem_i.cpu_0_0.rf_ram_i.memory\[171\]\[0\],28µm
i_core_v_mini_mcu.cpu_subsystem_i.cpu_0_0.rf_ram_i.memory\[361\]\[0\],28µm
i_core_v_mini_mcu.cpu_subsystem_i.cpu_0_0.rf_ram_i.memory\[416\]\[1\],28µm
i_core_v_mini_mcu.cpu_subsystem_i.cpu_0_0.rf_ram_i.memory\[558\]\[1\],28µm
i_core_v_mini_mcu.cpu_subsystem_i.cpu_1_0.rf_ram_i.memory\[183\]\[1\],28µm
i_core_v_mini_mcu.cpu_subsystem_i.cpu_1_0.rf_ram_i.memory\[64\]\[1\],28µm
i_core_v_mini_mcu.memory_subsystem_i.ram0_i.tc_ram_i.sram\[22\]\[23\],28µm
i_core_v_mini_mcu.memory_subsystem_i.ram0_i.tc_ram_i.sram\[27\]\[29\],28µm
i_core_v_mini_mcu.memory_subsystem_i.ram0_i.tc_ram_i.sram\[5\]\[18\],28µm
i_core_v_mini_mcu.peripheral_subsystem_i.obi_fifo_i.consumer_data_req_q\[18\],28µm
i_core_v_mini_mcu.peripheral_subsystem_i.uart_i.uart_core.u_uart_rxfifo.gen_normal_fifo.storage\[0\],28µm
i_core_v_mini_mcu.peripheral_subsystem_i.uart_i.uart_core.u_uart_rxfifo.gen_normal_fifo.storage\[10\],28µm
i_core_v_mini_mcu.peripheral_subsystem_i.uart_i.uart_core.u_uart_rxfifo.gen_normal_fifo.storage\[19\],28µm
_06085_,27.87µm
i_core_v_mini_mcu.ao_peripheral_subsystem_i.mosaic_clint_i.mtimecmp_q\[84\],27.77µm
i_core_v_mini_mcu.cpu_subsystem_i.cpu_1_0.rf_ram_i.memory\[395\]\[1\],27.77µm
i_core_v_mini_mcu.cpu_subsystem_i.cpu_1_0.rf_ram_i.memory\[354\]\[0\],27.72µm
_14596_,27.69µm
_17103_,27.69µm
_06279_,27.64µm
_15156_,27.64µm
_16505_,27.64µm
i_core_v_mini_mcu.core_data_req\[10\],27.64µm
_09021_,27.59µm
_12745_,27.59µm
_14432_,27.59µm
_14729_,27.59µm
_14732_,27.59µm
_15633_,27.59µm
_17866_,27.59µm
_21753_,27.59µm
_22763_,27.59µm
_26620_,27.59µm
i_core_v_mini_mcu.cpu_subsystem_i.cpu_0_0.rf_ram_i.memory\[241\]\[0\],27.59µm
i_core_v_mini_mcu.cpu_subsystem_i.cpu_1_0.rf_ram_i.memory\[243\]\[1\],27.59µm
i_core_v_mini_mcu.memory_subsystem_i.ram0_i.tc_ram_i.sram\[29\]\[20\],27.59µm
_14851_,27.58µm
_04786_,27.54µm
_05731_,27.54µm
_06084_,27.54µm
_08585_,27.54µm
_09076_,27.54µm
_09612_,27.54µm
_09737_,27.54µm
_10020_,27.54µm
_10341_,27.54µm
_10439_,27.54µm
_14374_,27.54µm
_14664_,27.54µm
_15087_,27.54µm
_15705_,27.54µm
_16376_,27.54µm
_17143_,27.54µm
_17724_,27.54µm
_18172_,27.54µm
_18952_,27.54µm
_20007_,27.54µm
_23368_,27.54µm
_23709_,27.54µm
_23936_,27.54µm
_25581_,27.54µm
_25743_,27.54µm
_26009_,27.54µm
_26681_,27.54µm
_27945_,27.54µm
i_core_v_mini_mcu.ao_peripheral_subsystem_i.obi_fifo_i.consumer_data_req_q\[31\],27.54µm
i_core_v_mini_mcu.ao_peripheral_subsystem_i.spi_subsystem_i.obi_spimemio_i.obi_to_picorv32_i.obi_resp_o\[8\],27.54µm
i_core_v_mini_mcu.ao_peripheral_subsystem_i.spi_subsystem_i.obi_spimemio_i.spimemio_i.buffer\[15\],27.54µm
i_core_v_mini_mcu.ao_peripheral_subsystem_i.tdu_i.task_mem\[6\]\[12\],27.54µm
i_core_v_mini_mcu.ao_peripheral_subsystem_i.tdu_i.task_mem\[7\]\[3\],27.54µm
i_core_v_mini_mcu.cpu_subsystem_i.cpu_0_0.rf_ram_i.memory\[122\]\[0\],27.54µm
i_core_v_mini_mcu.cpu_subsystem_i.cpu_0_0.rf_ram_i.memory\[168\]\[0\],27.54µm
i_core_v_mini_mcu.cpu_subsystem_i.cpu_0_0.rf_ram_i.memory\[356\]\[1\],27.54µm
i_core_v_mini_mcu.cpu_subsystem_i.cpu_0_0.rf_ram_i.memory\[55\]\[0\],27.54µm
i_core_v_mini_mcu.cpu_subsystem_i.cpu_1_0.rf_ram_i.memory\[153\]\[0\],27.54µm
i_core_v_mini_mcu.cpu_subsystem_i.cpu_1_0.rf_ram_i.memory\[172\]\[1\],27.54µm
i_core_v_mini_mcu.cpu_subsystem_i.cpu_1_0.rf_ram_i.memory\[361\]\[0\],27.54µm
i_core_v_mini_mcu.memory_subsystem_i.ram0_i.tc_ram_i.sram\[11\]\[28\],27.54µm
i_core_v_mini_mcu.memory_subsystem_i.ram0_i.tc_ram_i.sram\[2\]\[2\],27.54µm
i_core_v_mini_mcu.peripheral_subsystem_i.uart_i.uart_core.uart_rx.bit_cnt_q\[1\],27.54µm
_00263_,27.49µm
_04526_,27.49µm
_05192_,27.49µm
_06301_,27.49µm
_06660_,27.49µm
_06879_,27.49µm
_07517_,27.49µm
_07734_,27.49µm
_07989_,27.49µm
_08877_,27.49µm
_09652_,27.49µm
_09851_,27.49µm
_10233_,27.49µm
_10551_,27.49µm
_10753_,27.49µm
_11337_,27.49µm
_11714_,27.49µm
_12093_,27.49µm
_12582_,27.49µm
_13153_,27.49µm
_13263_,27.49µm
_13330_,27.49µm
_13496_,27.49µm
_14520_,27.49µm
_15479_,27.49µm
_15752_,27.49µm
_16735_,27.49µm
_16930_,27.49µm
_17671_,27.49µm
_17832_,27.49µm
_17883_,27.49µm
_18760_,27.49µm
_18772_,27.49µm
_19009_,27.49µm
_19147_,27.49µm
_20201_,27.49µm
_20223_,27.49µm
_20482_,27.49µm
_20603_,27.49µm
_22868_,27.49µm
_23726_,27.49µm
_24177_,27.49µm
_24320_,27.49µm
_24571_,27.49µm
_25460_,27.49µm
_26073_,27.49µm
_26100_,27.49µm
_27153_,27.49µm
_27253_,27.49µm
exit_value_int\[23\],27.49µm
i_core_v_mini_mcu.ao_peripheral_subsystem_i.mosaic_clint_i.mtimecmp_q\[57\],27.49µm
i_core_v_mini_mcu.ao_peripheral_subsystem_i.obi_fifo_i.consumer_data_req\[52\],27.49µm
i_core_v_mini_mcu.cpu_subsystem_i.cpu_0_0.rf_ram_i.memory\[163\]\[0\],27.49µm
i_core_v_mini_mcu.cpu_subsystem_i.cpu_0_0.rf_ram_i.memory\[271\]\[1\],27.49µm
i_core_v_mini_mcu.cpu_subsystem_i.cpu_0_0.rf_ram_i.memory\[401\]\[0\],27.49µm
i_core_v_mini_mcu.cpu_subsystem_i.cpu_0_0.rf_ram_i.memory\[413\]\[0\],27.49µm
i_core_v_mini_mcu.cpu_subsystem_i.cpu_0_0.rf_ram_i.memory\[453\]\[1\],27.49µm
i_core_v_mini_mcu.cpu_subsystem_i.cpu_0_0.rf_ram_i.memory\[507\]\[0\],27.49µm
i_core_v_mini_mcu.cpu_subsystem_i.cpu_0_0.rf_ram_i.memory\[519\]\[0\],27.49µm
i_core_v_mini_mcu.cpu_subsystem_i.cpu_0_0.rf_ram_i.memory\[574\]\[0\],27.49µm
i_core_v_mini_mcu.cpu_subsystem_i.cpu_0_0.rf_ram_i.memory\[60\]\[1\],27.49µm
i_core_v_mini_mcu.cpu_subsystem_i.cpu_0_0.rf_ram_i.memory\[90\]\[1\],27.49µm
i_core_v_mini_mcu.cpu_subsystem_i.cpu_1_0.i_servile.arbiter.i_wb_cpu_dbus_adr\[6\],27.49µm
i_core_v_mini_mcu.cpu_subsystem_i.cpu_1_0.i_servile.cpu.ctrl.pc_plus_offset_cy_r,27.49µm
i_core_v_mini_mcu.cpu_subsystem_i.cpu_1_0.rf_ram_i.memory\[226\]\[0\],27.49µm
i_core_v_mini_mcu.cpu_subsystem_i.cpu_1_0.rf_ram_i.memory\[299\]\[0\],27.49µm
i_core_v_mini_mcu.cpu_subsystem_i.cpu_1_0.rf_ram_i.memory\[436\]\[1\],27.49µm
i_core_v_mini_mcu.memory_subsystem_i.ram0_i.tc_ram_i.sram\[11\]\[16\],27.49µm
i_core_v_mini_mcu.memory_subsystem_i.ram0_i.tc_ram_i.sram\[24\]\[22\],27.49µm
i_core_v_mini_mcu.memory_subsystem_i.ram0_i.tc_ram_i.sram\[5\]\[1\],27.49µm
i_core_v_mini_mcu.peripheral_subsystem_i.obi_fifo_i.producer_state_q,27.49µm
i_core_v_mini_mcu.peripheral_subsystem_i.uart_i.hw2reg\[15\],27.49µm
net1840,27.49µm
_00187_,27.44µm
_04905_,27.44µm
_05112_,27.44µm
_05141_,27.44µm
_05973_,27.44µm
_06536_,27.44µm
_06641_,27.44µm
_06954_,27.44µm
_07085_,27.44µm
_07243_,27.44µm
_07373_,27.44µm
_07450_,27.44µm
_07586_,27.44µm
_07797_,27.44µm
_07943_,27.44µm
_08391_,27.44µm
_09602_,27.44µm
_09670_,27.44µm
_10483_,27.44µm
_10499_,27.44µm
_10925_,27.44µm
_11499_,27.44µm
_11571_,27.44µm
_11764_,27.44µm
_12050_,27.44µm
_12736_,27.44µm
_13494_,27.44µm
_15487_,27.44µm
_16964_,27.44µm
_18729_,27.44µm
_18794_,27.44µm
_18822_,27.44µm
_19871_,27.44µm
_20860_,27.44µm
_21601_,27.44µm
_23505_,27.44µm
_23583_,27.44µm
_23974_,27.44µm
_24324_,27.44µm
_24385_,27.44µm
_24426_,27.44µm
_25148_,27.44µm
_25162_,27.44µm
_26305_,27.44µm
_27282_,27.44µm
_27845_,27.44µm
_27889_,27.44µm
_27910_,27.44µm
_27912_,27.44µm
i_core_v_mini_mcu.ao_peripheral_subsystem_i.power_manager_i.power_manager_reg_top_i.ram_0_retentive_qs,27.44µm
i_core_v_mini_mcu.cpu_subsystem_i.cpu_0_0.i_servile.cpu.immdec.gen_immdec_w_eq_1.imm19_12_20\[5\],27.44µm
i_core_v_mini_mcu.cpu_subsystem_i.cpu_0_0.rf_ram_i.memory\[131\]\[0\],27.44µm
i_core_v_mini_mcu.cpu_subsystem_i.cpu_0_0.rf_ram_i.memory\[133\]\[0\],27.44µm
i_core_v_mini_mcu.cpu_subsystem_i.cpu_0_0.rf_ram_i.memory\[326\]\[0\],27.44µm
i_core_v_mini_mcu.cpu_subsystem_i.cpu_0_0.rf_ram_i.memory\[453\]\[0\],27.44µm
i_core_v_mini_mcu.cpu_subsystem_i.cpu_0_0.rf_ram_i.memory\[49\]\[1\],27.44µm
i_core_v_mini_mcu.cpu_subsystem_i.cpu_0_0.rf_ram_i.memory\[568\]\[1\],27.44µm
i_core_v_mini_mcu.cpu_subsystem_i.cpu_1_0.rf_ram_i.memory\[125\]\[0\],27.44µm
i_core_v_mini_mcu.cpu_subsystem_i.cpu_1_0.rf_ram_i.memory\[166\]\[1\],27.44µm
i_core_v_mini_mcu.cpu_subsystem_i.cpu_1_0.rf_ram_i.memory\[18\]\[1\],27.44µm
i_core_v_mini_mcu.cpu_subsystem_i.cpu_1_0.rf_ram_i.memory\[282\]\[0\],27.44µm
i_core_v_mini_mcu.cpu_subsystem_i.cpu_1_0.rf_ram_i.memory\[385\]\[0\],27.44µm
i_core_v_mini_mcu.peripheral_subsystem_i.obi_fifo_i.consumer_resp_i\[9\],27.44µm
i_core_v_mini_mcu.peripheral_subsystem_i.uart_i.uart_core.u_uart_rxfifo.gen_normal_fifo.storage\[29\],27.44µm
status_o[3],27.3µm
i_core_v_mini_mcu.cpu_subsystem_i.cpu_0_0.rf_ram_i.memory\[281\]\[0\],27.26µm
_26007_,27.21µm
_27314_,27.21µm
i_core_v_mini_mcu.ao_peripheral_subsystem_i.tdu_i.task_mem\[4\]\[1\],27.21µm
i_core_v_mini_mcu.core_data_req\[3\],27.21µm
i_core_v_mini_mcu.cpu_subsystem_i.cpu_0_0.rf_ram_i.memory\[507\]\[1\],27.21µm
_15657_,27.18µm
_07214_,27.08µm
_10022_,27.08µm
_14784_,27.08µm
_17443_,27.08µm
_05481_,27.03µm
_07366_,27.03µm
_09959_,27.03µm
_10410_,27.03µm
_15364_,27.03µm
_15971_,27.03µm
_16125_,27.03µm
_16154_,27.03µm
_16395_,27.03µm
_16425_,27.03µm
_16659_,27.03µm
_16872_,27.03µm
_18199_,27.03µm
_19249_,27.03µm
_20549_,27.03µm
i_core_v_mini_mcu.cpu_subsystem_i.cpu_0_0.rf_ram_i.memory\[308\]\[1\],27.03µm
i_core_v_mini_mcu.cpu_subsystem_i.cpu_0_0.rf_ram_i.memory\[313\]\[0\],27.03µm
i_core_v_mini_mcu.cpu_subsystem_i.cpu_1_0.rf_ram_i.memory\[339\]\[1\],27.03µm
i_core_v_mini_mcu.cpu_subsystem_i.cpu_1_0.rf_ram_i.memory\[90\]\[0\],27.03µm
i_core_v_mini_mcu.memory_subsystem_i.ram0_i.tc_ram_i.sram\[14\]\[17\],27.03µm
_06515_,26.98µm
_07176_,26.98µm
_07483_,26.98µm
_08861_,26.98µm
_09002_,26.98µm
_09087_,26.98µm
_09189_,26.98µm
_10256_,26.98µm
_10800_,26.98µm
_11559_,26.98µm
_11762_,26.98µm
_11998_,26.98µm
_13433_,26.98µm
_14834_,26.98µm
_15450_,26.98µm
_15967_,26.98µm
_16901_,26.98µm
_17377_,26.98µm
_17390_,26.98µm
_17809_,26.98µm
_19962_,26.98µm
_20646_,26.98µm
_21019_,26.98µm
_22773_,26.98µm
_25805_,26.98µm
_26761_,26.98µm
i_core_v_mini_mcu.ao_peripheral_subsystem_i.mosaic_clint_i.mtimecmp_q\[37\],26.98µm
i_core_v_mini_mcu.ao_peripheral_subsystem_i.power_manager_i.power_manager_reg_top_i.cpu_reset_assert_counter_qs\[0\],26.98µm
i_core_v_mini_mcu.ao_peripheral_subsystem_i.soc_ctrl_i.soc_ctrl_reg_top_i.system_frequency_hz_qs\[16\],26.98µm
i_core_v_mini_mcu.ao_peripheral_subsystem_i.spi_subsystem_i.obi_spimemio_i.spimemio_i.rd_addr\[11\],26.98µm
i_core_v_mini_mcu.ao_peripheral_subsystem_i.spi_subsystem_i.obi_spimemio_i.spimemio_i.rd_addr\[2\],26.98µm
i_core_v_mini_mcu.ao_peripheral_subsystem_i.spi_subsystem_i.obi_spimemio_i.spimemio_i.xfer.count\[1\],26.98µm
i_core_v_mini_mcu.ao_peripheral_subsystem_i.tdu_i.task_mem\[4\]\[12\],26.98µm
i_core_v_mini_mcu.cpu_subsystem_i.cpu_0_0.i_servile.cpu.ctrl.o_ibus_adr\[10\],26.98µm
i_core_v_mini_mcu.cpu_subsystem_i.cpu_0_0.rf_ram_i.memory\[127\]\[1\],26.98µm
i_core_v_mini_mcu.cpu_subsystem_i.cpu_0_0.rf_ram_i.memory\[206\]\[0\],26.98µm
i_core_v_mini_mcu.cpu_subsystem_i.cpu_0_0.rf_ram_i.memory\[317\]\[1\],26.98µm
i_core_v_mini_mcu.cpu_subsystem_i.cpu_0_0.rf_ram_i.memory\[424\]\[1\],26.98µm
i_core_v_mini_mcu.cpu_subsystem_i.cpu_0_0.rf_ram_i.memory\[494\]\[0\],26.98µm
i_core_v_mini_mcu.cpu_subsystem_i.cpu_0_0.rf_ram_i.memory\[552\]\[1\],26.98µm
i_core_v_mini_mcu.cpu_subsystem_i.cpu_0_0.rf_ram_i.memory\[93\]\[1\],26.98µm
i_core_v_mini_mcu.cpu_subsystem_i.cpu_1_0.rf_ram_i.memory\[121\]\[0\],26.98µm
i_core_v_mini_mcu.cpu_subsystem_i.cpu_1_0.rf_ram_i.memory\[221\]\[0\],26.98µm
i_core_v_mini_mcu.cpu_subsystem_i.cpu_1_0.rf_ram_i.memory\[439\]\[1\],26.98µm
i_core_v_mini_mcu.cpu_subsystem_i.cpu_1_0.rf_ram_i.memory\[501\]\[1\],26.98µm
i_core_v_mini_mcu.cpu_subsystem_i.cpu_1_0.rf_ram_i.memory\[5\]\[0\],26.98µm
i_core_v_mini_mcu.memory_subsystem_i.ram0_i.tc_ram_i.sram\[18\]\[4\],26.98µm
i_core_v_mini_mcu.memory_subsystem_i.ram0_i.tc_ram_i.sram\[30\]\[1\],26.98µm
i_core_v_mini_mcu.memory_subsystem_i.ram0_i.tc_ram_i.sram\[9\]\[28\],26.98µm
i_core_v_mini_mcu.system_bus_i.system_xbar_i.gen_xbar_NtoM.i_xbar.gen_inputs\[1\].i_addr_dec_resp_mux.valid_inflight_q,26.98µm
clknet_leaf_166_i_core_v_mini_mcu.cpu_subsystem_i.cpu_1_0.clk_i,26.98µm
_00059_,26.93µm
_00268_,26.93µm
_05383_,26.93µm
_06333_,26.93µm
_06576_,26.93µm
_06821_,26.93µm
_07077_,26.93µm
_08222_,26.93µm
_09549_,26.93µm
_10034_,26.93µm
_10658_,26.93µm
_10717_,26.93µm
_10896_,26.93µm
_10994_,26.93µm
_11060_,26.93µm
_11496_,26.93µm
_11943_,26.93µm
_12238_,26.93µm
_12292_,26.93µm
_12932_,26.93µm
_13111_,26.93µm
_13162_,26.93µm
_13180_,26.93µm
_13827_,26.93µm
_14224_,26.93µm
_14460_,26.93µm
_14994_,26.93µm
_16512_,26.93µm
_16525_,26.93µm
_17741_,26.93µm
_17842_,26.93µm
_19055_,26.93µm
_19982_,26.93µm
_20125_,26.93µm
_20165_,26.93µm
_20480_,26.93µm
_20562_,26.93µm
_22348_,26.93µm
_23411_,26.93µm
_23873_,26.93µm
_25281_,26.93µm
_25441_,26.93µm
_25488_,26.93µm
_25945_,26.93µm
_25961_,26.93µm
_26010_,26.93µm
_26177_,26.93µm
_26184_,26.93µm
_26431_,26.93µm
_26502_,26.93µm
_27075_,26.93µm
_27655_,26.93µm
_27859_,26.93µm
i_core_v_mini_mcu.ao_peripheral_subsystem_i.mosaic_clint_i.mtimecmp_q\[32\],26.93µm
i_core_v_mini_mcu.ao_peripheral_subsystem_i.power_manager_i.power_manager_reg_top_i.reg2hw\[251\],26.93µm
i_core_v_mini_mcu.ao_peripheral_subsystem_i.soc_ctrl_i.soc_ctrl_reg_top_i.system_frequency_hz_qs\[20\],26.93µm
i_core_v_mini_mcu.cpu_subsystem_i.cpu_0_0.i_servile.cpu.immdec.gen_immdec_w_eq_1.imm19_12_20\[3\],26.93µm
i_core_v_mini_mcu.cpu_subsystem_i.cpu_0_0.rf_ram_i.memory\[214\]\[1\],26.93µm
i_core_v_mini_mcu.cpu_subsystem_i.cpu_0_0.rf_ram_i.memory\[32\]\[0\],26.93µm
i_core_v_mini_mcu.cpu_subsystem_i.cpu_0_0.rf_ram_i.memory\[381\]\[1\],26.93µm
i_core_v_mini_mcu.cpu_subsystem_i.cpu_0_0.rf_ram_i.memory\[524\]\[1\],26.93µm
i_core_v_mini_mcu.cpu_subsystem_i.cpu_0_0.rf_ram_i.memory\[53\]\[0\],26.93µm
i_core_v_mini_mcu.cpu_subsystem_i.cpu_1_0.rf_ram_i.memory\[141\]\[1\],26.93µm
i_core_v_mini_mcu.cpu_subsystem_i.cpu_1_0.rf_ram_i.memory\[162\]\[1\],26.93µm
i_core_v_mini_mcu.cpu_subsystem_i.cpu_1_0.rf_ram_i.memory\[238\]\[0\],26.93µm
i_core_v_mini_mcu.cpu_subsystem_i.cpu_1_0.rf_ram_i.memory\[276\]\[1\],26.93µm
i_core_v_mini_mcu.cpu_subsystem_i.cpu_1_0.rf_ram_i.memory\[302\]\[0\],26.93µm
i_core_v_mini_mcu.cpu_subsystem_i.cpu_1_0.rf_ram_i.memory\[305\]\[1\],26.93µm
i_core_v_mini_mcu.cpu_subsystem_i.cpu_1_0.rf_ram_i.memory\[391\]\[0\],26.93µm
i_core_v_mini_mcu.cpu_subsystem_i.cpu_1_0.rf_ram_i.memory\[391\]\[1\],26.93µm
i_core_v_mini_mcu.cpu_subsystem_i.cpu_1_0.rf_ram_i.memory\[420\]\[1\],26.93µm
i_core_v_mini_mcu.cpu_subsystem_i.cpu_1_0.rf_ram_i.memory\[457\]\[0\],26.93µm
i_core_v_mini_mcu.cpu_subsystem_i.cpu_1_0.rf_ram_i.memory\[504\]\[1\],26.93µm
i_core_v_mini_mcu.memory_subsystem_i.ram0_i.tc_ram_i.sram\[11\]\[24\],26.93µm
i_core_v_mini_mcu.memory_subsystem_i.ram0_i.tc_ram_i.sram\[12\]\[21\],26.93µm
i_core_v_mini_mcu.memory_subsystem_i.ram0_i.tc_ram_i.sram\[17\]\[30\],26.93µm
i_core_v_mini_mcu.memory_subsystem_i.ram0_i.tc_ram_i.sram\[2\]\[7\],26.93µm
i_core_v_mini_mcu.peripheral_subsystem_i.periph_to_reg_i.r_rdata_d\[31\],26.93µm
i_core_v_mini_mcu.peripheral_subsystem_i.uart_i.uart_core.u_uart_rxfifo.gen_normal_fifo.storage\[26\],26.93µm
net1867,26.93µm
_00395_,26.88µm
_00961_,26.88µm
_03978_,26.88µm
_05889_,26.88µm
_05930_,26.88µm
_06104_,26.88µm
_06225_,26.88µm
_06503_,26.88µm
_07216_,26.88µm
_07229_,26.88µm
_08150_,26.88µm
_08619_,26.88µm
_09120_,26.88µm
_10172_,26.88µm
_10302_,26.88µm
_11384_,26.88µm
_11598_,26.88µm
_11779_,26.88µm
_11941_,26.88µm
_12020_,26.88µm
_12373_,26.88µm
_12826_,26.88µm
_12936_,26.88µm
_12984_,26.88µm
_13045_,26.88µm
_13109_,26.88µm
_13399_,26.88µm
_14218_,26.88µm
_16009_,26.88µm
_16887_,26.88µm
_17117_,26.88µm
_17153_,26.88µm
_18930_,26.88µm
_19741_,26.88µm
_20921_,26.88µm
_22309_,26.88µm
_22338_,26.88µm
_22869_,26.88µm
_23500_,26.88µm
_23876_,26.88µm
_24448_,26.88µm
_24923_,26.88µm
_25308_,26.88µm
_25480_,26.88µm
_25566_,26.88µm
_25580_,26.88µm
_26467_,26.88µm
_26536_,26.88µm
_26683_,26.88µm
_26747_,26.88µm
_27138_,26.88µm
_27343_,26.88µm
_27470_,26.88µm
_27518_,26.88µm
_27905_,26.88µm
i_core_v_mini_mcu.ao_peripheral_subsystem_i.power_manager_i.power_manager_reg_top_i.u_intr_state.wr_data\[25\],26.88µm
i_core_v_mini_mcu.ao_peripheral_subsystem_i.tdu_i.cpi_est_q\[48\],26.88µm
i_core_v_mini_mcu.cpu_subsystem_i.cpu_0_0.rf_ram_i.memory\[24\]\[0\],26.88µm
i_core_v_mini_mcu.cpu_subsystem_i.cpu_0_0.rf_ram_i.memory\[469\]\[1\],26.88µm
i_core_v_mini_mcu.cpu_subsystem_i.cpu_0_0.rf_ram_i.memory\[511\]\[1\],26.88µm
i_core_v_mini_mcu.cpu_subsystem_i.cpu_0_0.rf_ram_i.memory\[81\]\[1\],26.88µm
i_core_v_mini_mcu.cpu_subsystem_i.cpu_1_0.rf_ram_i.memory\[303\]\[0\],26.88µm
i_core_v_mini_mcu.memory_subsystem_i.ram0_i.tc_ram_i.sram\[11\]\[15\],26.88µm
i_core_v_mini_mcu.memory_subsystem_i.ram0_i.tc_ram_i.sram\[28\]\[26\],26.88µm
i_core_v_mini_mcu.memory_subsystem_i.ram0_i.tc_ram_i.sram\[30\]\[30\],26.88µm
i_core_v_mini_mcu.memory_subsystem_i.ram0_i.tc_ram_i.sram\[9\]\[19\],26.88µm
i_core_v_mini_mcu.peripheral_subsystem_i.uart_i.uart_core.nco_sum_q\[16\],26.88µm
_06168_,26.8µm
_15050_,26.8µm
i_core_v_mini_mcu.cpu_subsystem_i.cpu_1_0.rf_ram_i.memory\[277\]\[1\],26.75µm
_05870_,26.65µm
i_core_v_mini_mcu.memory_subsystem_i.ram0_i.tc_ram_i.sram\[29\]\[11\],26.65µm
_27316_,26.6µm
i_core_v_mini_mcu.cpu_subsystem_i.cpu_1_0.i_servile.cpu.ctrl.i_utype,26.57µm
_06553_,26.52µm
_15114_,26.52µm
_15397_,26.52µm
_08563_,26.47µm
_09443_,26.47µm
_09698_,26.47µm
_09830_,26.47µm
_10513_,26.47µm
_10701_,26.47µm
_15424_,26.47µm
_15847_,26.47µm
_15914_,26.47µm
_16244_,26.47µm
_16729_,26.47µm
_16777_,26.47µm
_17049_,26.47µm
_18233_,26.47µm
i_core_v_mini_mcu.cpu_subsystem_i.cpu_0_0.i_servile.cpu.immdec.gen_immdec_w_eq_1.imm19_12_20\[0\],26.47µm
i_core_v_mini_mcu.cpu_subsystem_i.cpu_1_0.rf_ram_i.memory\[252\]\[0\],26.47µm
i_core_v_mini_mcu.cpu_subsystem_i.cpu_1_0.rf_ram_i.memory\[318\]\[0\],26.47µm
i_core_v_mini_mcu.cpu_subsystem_i.cpu_1_0.rf_ram_i.memory\[374\]\[1\],26.47µm
_00399_,26.42µm
_08550_,26.42µm
_09334_,26.42µm
_09577_,26.42µm
_09782_,26.42µm
_09804_,26.42µm
_10046_,26.42µm
_10195_,26.42µm
_12134_,26.42µm
_12179_,26.42µm
_15608_,26.42µm
_15683_,26.42µm
_16224_,26.42µm
_16572_,26.42µm
_16875_,26.42µm
_17077_,26.42µm
_17812_,26.42µm
_20647_,26.42µm
_21676_,26.42µm
_21702_,26.42µm
_21726_,26.42µm
_23078_,26.42µm
_23314_,26.42µm
_23435_,26.42µm
_23584_,26.42µm
_23839_,26.42µm
_25447_,26.42µm
_26624_,26.42µm
_27173_,26.42µm
_27718_,26.42µm
i_core_v_mini_mcu.ao_peripheral_subsystem_i.obi_fifo_i.consumer_data_req_q\[35\],26.42µm
i_core_v_mini_mcu.ao_peripheral_subsystem_i.obi_fifo_i.consumer_data_req_q\[8\],26.42µm
i_core_v_mini_mcu.ao_peripheral_subsystem_i.soc_ctrl_i.reg2hw\[21\],26.42µm
i_core_v_mini_mcu.ao_peripheral_subsystem_i.soc_ctrl_i.reg2hw\[4\],26.42µm
i_core_v_mini_mcu.ao_peripheral_subsystem_i.soc_ctrl_i.soc_ctrl_reg_top_i.system_frequency_hz_qs\[0\],26.42µm
i_core_v_mini_mcu.ao_peripheral_subsystem_i.tdu_i.cpi_est_q\[25\],26.42µm
i_core_v_mini_mcu.cpu_subsystem_i.cpu_0_0.rf_ram_i.memory\[100\]\[1\],26.42µm
i_core_v_mini_mcu.cpu_subsystem_i.cpu_0_0.rf_ram_i.memory\[139\]\[0\],26.42µm
i_core_v_mini_mcu.cpu_subsystem_i.cpu_0_0.rf_ram_i.memory\[230\]\[0\],26.42µm
i_core_v_mini_mcu.cpu_subsystem_i.cpu_0_0.rf_ram_i.memory\[265\]\[1\],26.42µm
i_core_v_mini_mcu.cpu_subsystem_i.cpu_0_0.rf_ram_i.memory\[273\]\[1\],26.42µm
i_core_v_mini_mcu.cpu_subsystem_i.cpu_1_0.rf_ram_i.memory\[101\]\[0\],26.42µm
i_core_v_mini_mcu.cpu_subsystem_i.cpu_1_0.rf_ram_i.memory\[213\]\[0\],26.42µm
i_core_v_mini_mcu.cpu_subsystem_i.cpu_1_0.rf_ram_i.memory\[239\]\[0\],26.42µm
i_core_v_mini_mcu.cpu_subsystem_i.cpu_1_0.rf_ram_i.memory\[280\]\[1\],26.42µm
i_core_v_mini_mcu.peripheral_subsystem_i.uart_i.uart_core.uart_rx.bit_cnt_q\[3\],26.42µm
i_core_v_mini_mcu.system_bus_i.system_xbar_i.gen_xbar_NtoM.i_xbar.gen_outputs\[1\].gen_rr_arb_tree.i_rr_arb_tree.gen_arbiter.rr_q\[2\],26.42µm
_00013_,26.37µm
_00962_,26.37µm
_01237_,26.37µm
_03733_,26.37µm
_04205_,26.37µm
_04223_,26.37µm
_04578_,26.37µm
_05810_,26.37µm
_07114_,26.37µm
_07495_,26.37µm
_08808_,26.37µm
_08823_,26.37µm
_09542_,26.37µm
_09603_,26.37µm
_09680_,26.37µm
_10053_,26.37µm
_11981_,26.37µm
_12091_,26.37µm
_13916_,26.37µm
_14448_,26.37µm
_14514_,26.37µm
_14799_,26.37µm
_15119_,26.37µm
_16274_,26.37µm
_16827_,26.37µm
_16998_,26.37µm
_17098_,26.37µm
_17473_,26.37µm
_18571_,26.37µm
_19288_,26.37µm
_19602_,26.37µm
_20761_,26.37µm
_20895_,26.37µm
_20900_,26.37µm
_21850_,26.37µm
_22108_,26.37µm
_22468_,26.37µm
_23589_,26.37µm
_24251_,26.37µm
_24759_,26.37µm
_24886_,26.37µm
_24922_,26.37µm
_25373_,26.37µm
_25935_,26.37µm
_26242_,26.37µm
_26282_,26.37µm
_26340_,26.37µm
_26769_,26.37µm
_27186_,26.37µm
_27317_,26.37µm
_27837_,26.37µm
_27913_,26.37µm
exit_value_int\[25\],26.37µm
i_core_v_mini_mcu.ao_peripheral_subsystem_i.mosaic_clint_i.mtimecmp_q\[90\],26.37µm
i_core_v_mini_mcu.ao_peripheral_subsystem_i.obi_fifo_i.consumer_data_req\[57\],26.37µm
i_core_v_mini_mcu.cpu_subsystem_i.cpu_0_0.i_servile.cpu.ctrl.o_ibus_adr\[13\],26.37µm
i_core_v_mini_mcu.cpu_subsystem_i.cpu_0_0.rf_ram_i.memory\[124\]\[1\],26.37µm
i_core_v_mini_mcu.cpu_subsystem_i.cpu_0_0.rf_ram_i.memory\[189\]\[0\],26.37µm
i_core_v_mini_mcu.cpu_subsystem_i.cpu_0_0.rf_ram_i.memory\[278\]\[0\],26.37µm
i_core_v_mini_mcu.cpu_subsystem_i.cpu_0_0.rf_ram_i.memory\[346\]\[0\],26.37µm
i_core_v_mini_mcu.cpu_subsystem_i.cpu_0_0.rf_ram_i.memory\[364\]\[1\],26.37µm
i_core_v_mini_mcu.cpu_subsystem_i.cpu_0_0.rf_ram_i.memory\[37\]\[0\],26.37µm
i_core_v_mini_mcu.cpu_subsystem_i.cpu_0_0.rf_ram_i.memory\[405\]\[0\],26.37µm
i_core_v_mini_mcu.cpu_subsystem_i.cpu_0_0.rf_ram_i.memory\[482\]\[0\],26.37µm
i_core_v_mini_mcu.cpu_subsystem_i.cpu_0_0.rf_ram_i.memory\[535\]\[1\],26.37µm
i_core_v_mini_mcu.cpu_subsystem_i.cpu_0_0.rf_ram_i.memory\[547\]\[1\],26.37µm
i_core_v_mini_mcu.cpu_subsystem_i.cpu_0_0.rf_ram_i.memory\[575\]\[0\],26.37µm
i_core_v_mini_mcu.cpu_subsystem_i.cpu_1_0.rf_ram_i.memory\[126\]\[1\],26.37µm
i_core_v_mini_mcu.cpu_subsystem_i.cpu_1_0.rf_ram_i.memory\[188\]\[1\],26.37µm
i_core_v_mini_mcu.cpu_subsystem_i.cpu_1_0.rf_ram_i.memory\[20\]\[1\],26.37µm
i_core_v_mini_mcu.cpu_subsystem_i.cpu_1_0.rf_ram_i.memory\[295\]\[1\],26.37µm
i_core_v_mini_mcu.cpu_subsystem_i.cpu_1_0.rf_ram_i.memory\[29\]\[1\],26.37µm
i_core_v_mini_mcu.cpu_subsystem_i.cpu_1_0.rf_ram_i.memory\[347\]\[1\],26.37µm
i_core_v_mini_mcu.cpu_subsystem_i.cpu_1_0.rf_ram_i.memory\[382\]\[0\],26.37µm
i_core_v_mini_mcu.cpu_subsystem_i.cpu_1_0.rf_ram_i.memory\[484\]\[0\],26.37µm
i_core_v_mini_mcu.memory_subsystem_i.ram0_i.tc_ram_i.sram\[13\]\[0\],26.37µm
i_core_v_mini_mcu.memory_subsystem_i.ram0_i.tc_ram_i.sram\[15\]\[21\],26.37µm
i_core_v_mini_mcu.memory_subsystem_i.ram0_i.tc_ram_i.sram\[27\]\[2\],26.37µm
i_core_v_mini_mcu.memory_subsystem_i.ram0_i.tc_ram_i.sram\[28\]\[4\],26.37µm
i_core_v_mini_mcu.memory_subsystem_i.ram0_i.tc_ram_i.sram\[6\]\[31\],26.37µm
i_core_v_mini_mcu.memory_subsystem_i.ram0_i.tc_ram_i.sram\[9\]\[10\],26.37µm
i_core_v_mini_mcu.peripheral_slave_resp\[31\],26.37µm
i_core_v_mini_mcu.peripheral_subsystem_i.periph_to_reg_i.r_rdata_d\[3\],26.37µm
i_core_v_mini_mcu.peripheral_subsystem_i.uart_i.uart_core.tx_watermark_d,26.37µm
i_core_v_mini_mcu.peripheral_subsystem_i.uart_i.uart_core.u_uart_txfifo.gen_normal_fifo.storage\[21\],26.37µm
net250,26.37µm
net1845,26.37µm
_04562_,26.32µm
_05273_,26.32µm
_05570_,26.32µm
_05723_,26.32µm
_06673_,26.32µm
_06853_,26.32µm
_07345_,26.32µm
_07415_,26.32µm
_07521_,26.32µm
_07613_,26.32µm
_08063_,26.32µm
_08774_,26.32µm
_08834_,26.32µm
_09763_,26.32µm
_09834_,26.32µm
_10063_,26.32µm
_11893_,26.32µm
_12374_,26.32µm
_12531_,26.32µm
_13623_,26.32µm
_14878_,26.32µm
_14989_,26.32µm
_15401_,26.32µm
_15667_,26.32µm
_16111_,26.32µm
_16252_,26.32µm
_17076_,26.32µm
_17229_,26.32µm
_17595_,26.32µm
_17626_,26.32µm
_17729_,26.32µm
_18381_,26.32µm
_18666_,26.32µm
_18948_,26.32µm
_19004_,26.32µm
_19463_,26.32µm
_19483_,26.32µm
_19504_,26.32µm
_19783_,26.32µm
_19819_,26.32µm
_20129_,26.32µm
_20211_,26.32µm
_20410_,26.32µm
_21098_,26.32µm
_22156_,26.32µm
_22931_,26.32µm
_23025_,26.32µm
_23545_,26.32µm
_23552_,26.32µm
_23744_,26.32µm
_24445_,26.32µm
_25491_,26.32µm
_25825_,26.32µm
_25853_,26.32µm
_26125_,26.32µm
_26296_,26.32µm
_26641_,26.32µm
_27247_,26.32µm
_27420_,26.32µm
_27622_,26.32µm
i_core_v_mini_mcu.ao_peripheral_subsystem_i.soc_ctrl_i.reg2hw\[22\],26.32µm
i_core_v_mini_mcu.ao_peripheral_subsystem_i.soc_ctrl_i.reg2hw\[23\],26.32µm
i_core_v_mini_mcu.ao_peripheral_subsystem_i.spi_subsystem_i.obi_spimemio_i.spimemio_i.xfer.xfer_ddr_q,26.32µm
i_core_v_mini_mcu.ao_peripheral_subsystem_i.tdu_i.task_mem\[2\]\[2\],26.32µm
i_core_v_mini_mcu.cpu_subsystem_i.cpu_0_0.rf_ram_i.memory\[443\]\[1\],26.32µm
i_core_v_mini_mcu.cpu_subsystem_i.cpu_0_0.rf_ram_i.memory\[490\]\[0\],26.32µm
i_core_v_mini_mcu.cpu_subsystem_i.cpu_0_0.rf_ram_i.memory\[530\]\[0\],26.32µm
i_core_v_mini_mcu.cpu_subsystem_i.cpu_1_0.rf_ram_i.memory\[12\]\[0\],26.32µm
i_core_v_mini_mcu.cpu_subsystem_i.cpu_1_0.rf_ram_i.memory\[168\]\[1\],26.32µm
i_core_v_mini_mcu.cpu_subsystem_i.cpu_1_0.rf_ram_i.memory\[190\]\[1\],26.32µm
i_core_v_mini_mcu.cpu_subsystem_i.cpu_1_0.rf_ram_i.memory\[330\]\[0\],26.32µm
i_core_v_mini_mcu.peripheral_subsystem_i.obi_fifo_i.consumer_resp_i\[28\],26.32µm
i_core_v_mini_mcu.peripheral_subsystem_i.periph_to_reg_i.r_rdata_d\[4\],26.32µm
i_core_v_mini_mcu.cpu_subsystem_i.cpu_0_0.i_servile.cpu.gen_align.align.ibus_rdt_concat\[11\],26.19µm
i_core_v_mini_mcu.cpu_subsystem_i.cpu_0_0.rf_ram_i.memory\[86\]\[1\],26.09µm
i_core_v_mini_mcu.memory_subsystem_i.ram0_i.tc_ram_i.sram\[10\]\[13\],26.09µm
_07551_,26.06µm
_16576_,26.01µm
_15294_,25.96µm
_15346_,25.96µm
_15870_,25.96µm
_15981_,25.96µm
_06171_,25.91µm
_06242_,25.91µm
_06351_,25.91µm
_07818_,25.91µm
_09915_,25.91µm
_13161_,25.91µm
_14193_,25.91µm
_15111_,25.91µm
_15783_,25.91µm
_17697_,25.91µm
_21920_,25.91µm
_23245_,25.91µm
i_core_v_mini_mcu.peripheral_subsystem_i.uart_i.uart_core.uart_rx.sreg_q\[3\],25.91µm
_00214_,25.86µm
_03406_,25.86µm
_06325_,25.86µm
_06477_,25.86µm
_06757_,25.86µm
_08936_,25.86µm
_10822_,25.86µm
_13894_,25.86µm
_14197_,25.86µm
_14945_,25.86µm
_15456_,25.86µm
_17474_,25.86µm
_18195_,25.86µm
_19584_,25.86µm
_22166_,25.86µm
_23735_,25.86µm
_24474_,25.86µm
_25644_,25.86µm
_25999_,25.86µm
_27354_,25.86µm
i_core_v_mini_mcu.ao_peripheral_subsystem_i.periph_to_reg_i.r_rdata_d\[9\],25.86µm
i_core_v_mini_mcu.ao_peripheral_subsystem_i.spi_subsystem_i.obi_spimemio_i.obi_to_picorv32_i.picorv32_resp_i\[12\],25.86µm
i_core_v_mini_mcu.ao_peripheral_subsystem_i.spi_subsystem_i.obi_spimemio_i.obi_to_picorv32_i.picorv32_resp_i\[4\],25.86µm
i_core_v_mini_mcu.ao_peripheral_subsystem_i.spi_subsystem_i.obi_spimemio_i.spimemio_i.din_data\[3\],25.86µm
i_core_v_mini_mcu.cpu_subsystem_i.cpu_0_0.i_servile.cpu.ctrl.o_ibus_adr\[22\],25.86µm
i_core_v_mini_mcu.cpu_subsystem_i.cpu_0_0.rf_ram_i.memory\[114\]\[0\],25.86µm
i_core_v_mini_mcu.cpu_subsystem_i.cpu_0_0.rf_ram_i.memory\[332\]\[1\],25.86µm
i_core_v_mini_mcu.cpu_subsystem_i.cpu_0_0.rf_ram_i.memory\[358\]\[1\],25.86µm
i_core_v_mini_mcu.cpu_subsystem_i.cpu_0_0.rf_ram_i.memory\[361\]\[1\],25.86µm
i_core_v_mini_mcu.cpu_subsystem_i.cpu_0_0.rf_ram_i.memory\[411\]\[1\],25.86µm
i_core_v_mini_mcu.cpu_subsystem_i.cpu_0_0.rf_ram_i.memory\[488\]\[0\],25.86µm
i_core_v_mini_mcu.cpu_subsystem_i.cpu_0_0.rf_ram_i.memory\[549\]\[1\],25.86µm
i_core_v_mini_mcu.cpu_subsystem_i.cpu_1_0.rf_ram_i.memory\[149\]\[1\],25.86µm
i_core_v_mini_mcu.cpu_subsystem_i.cpu_1_0.rf_ram_i.memory\[181\]\[0\],25.86µm
i_core_v_mini_mcu.cpu_subsystem_i.cpu_1_0.rf_ram_i.memory\[213\]\[1\],25.86µm
i_core_v_mini_mcu.cpu_subsystem_i.cpu_1_0.rf_ram_i.memory\[216\]\[1\],25.86µm
i_core_v_mini_mcu.cpu_subsystem_i.cpu_1_0.rf_ram_i.memory\[237\]\[1\],25.86µm
i_core_v_mini_mcu.cpu_subsystem_i.cpu_1_0.rf_ram_i.memory\[352\]\[0\],25.86µm
i_core_v_mini_mcu.cpu_subsystem_i.cpu_1_0.rf_ram_i.memory\[405\]\[1\],25.86µm
i_core_v_mini_mcu.memory_subsystem_i.ram0_i.tc_ram_i.sram\[1\]\[30\],25.86µm
i_core_v_mini_mcu.memory_subsystem_i.ram0_i.tc_ram_i.sram\[4\]\[20\],25.86µm
i_core_v_mini_mcu.peripheral_subsystem_i.obi_fifo_i.consumer_data_req\[1\],25.86µm
_00155_,25.81µm
_00203_,25.81µm
_00402_,25.81µm
_05492_,25.81µm
_06149_,25.81µm
_06181_,25.81µm
_07318_,25.81µm
_07488_,25.81µm
_08327_,25.81µm
_09985_,25.81µm
_10056_,25.81µm
_10249_,25.81µm
_10540_,25.81µm
_10932_,25.81µm
_11396_,25.81µm
_11956_,25.81µm
_12244_,25.81µm
_12400_,25.81µm
_12617_,25.81µm
_12977_,25.81µm
_13260_,25.81µm
_13423_,25.81µm
_13428_,25.81µm
_13630_,25.81µm
_13753_,25.81µm
_13783_,25.81µm
_14320_,25.81µm
_15240_,25.81µm
_16148_,25.81µm
_16943_,25.81µm
_17042_,25.81µm
_17128_,25.81µm
_17134_,25.81µm
_17244_,25.81µm
_17528_,25.81µm
_17732_,25.81µm
_18534_,25.81µm
_19322_,25.81µm
_19595_,25.81µm
_19760_,25.81µm
_21902_,25.81µm
_22376_,25.81µm
_22829_,25.81µm
_24567_,25.81µm
_24995_,25.81µm
_25068_,25.81µm
_25461_,25.81µm
_25571_,25.81µm
_26290_,25.81µm
_26385_,25.81µm
_26480_,25.81µm
_27275_,25.81µm
_27853_,25.81µm
_27935_,25.81µm
i_core_v_mini_mcu.cpu_subsystem_i.cpu_0_0.rf_ram_i.memory\[143\]\[1\],25.81µm
i_core_v_mini_mcu.cpu_subsystem_i.cpu_0_0.rf_ram_i.memory\[232\]\[1\],25.81µm
i_core_v_mini_mcu.cpu_subsystem_i.cpu_0_0.rf_ram_i.memory\[290\]\[1\],25.81µm
i_core_v_mini_mcu.cpu_subsystem_i.cpu_0_0.rf_ram_i.memory\[420\]\[0\],25.81µm
i_core_v_mini_mcu.cpu_subsystem_i.cpu_0_0.rf_ram_i.memory\[448\]\[0\],25.81µm
i_core_v_mini_mcu.cpu_subsystem_i.cpu_0_0.rf_ram_i.memory\[457\]\[1\],25.81µm
i_core_v_mini_mcu.cpu_subsystem_i.cpu_1_0.i_servile.arbiter.i_wb_cpu_dbus_adr\[17\],25.81µm
i_core_v_mini_mcu.cpu_subsystem_i.cpu_1_0.rf_ram_i.memory\[10\]\[1\],25.81µm
i_core_v_mini_mcu.cpu_subsystem_i.cpu_1_0.rf_ram_i.memory\[1\]\[1\],25.81µm
i_core_v_mini_mcu.cpu_subsystem_i.cpu_1_0.rf_ram_i.memory\[323\]\[1\],25.81µm
i_core_v_mini_mcu.cpu_subsystem_i.cpu_1_0.rf_ram_i.memory\[350\]\[1\],25.81µm
i_core_v_mini_mcu.cpu_subsystem_i.cpu_1_0.rf_ram_i.memory\[36\]\[1\],25.81µm
i_core_v_mini_mcu.cpu_subsystem_i.cpu_1_0.rf_ram_i.memory\[461\]\[1\],25.81µm
i_core_v_mini_mcu.cpu_subsystem_i.cpu_1_0.rf_ram_i.memory\[52\]\[0\],25.81µm
i_core_v_mini_mcu.memory_subsystem_i.ram0_i.tc_ram_i.sram\[26\]\[14\],25.81µm
i_core_v_mini_mcu.memory_subsystem_i.ram0_i.tc_ram_i.sram\[27\]\[21\],25.81µm
i_core_v_mini_mcu.memory_subsystem_i.ram0_i.tc_ram_i.sram\[29\]\[10\],25.81µm
i_core_v_mini_mcu.memory_subsystem_i.ram0_i.tc_ram_i.sram\[29\]\[4\],25.81µm
i_core_v_mini_mcu.memory_subsystem_i.ram0_i.tc_ram_i.sram\[31\]\[3\],25.81µm
i_core_v_mini_mcu.memory_subsystem_i.ram0_i.tc_ram_i.sram\[7\]\[15\],25.81µm
i_core_v_mini_mcu.memory_subsystem_i.ram0_i.tc_ram_i.sram\[7\]\[30\],25.81µm
i_core_v_mini_mcu.peripheral_subsystem_i.uart_i.reg2hw\[34\],25.81µm
_04115_,25.76µm
_05770_,25.76µm
_06493_,25.76µm
_07192_,25.76µm
_07381_,25.76µm
_08894_,25.76µm
_09018_,25.76µm
_09861_,25.76µm
_10624_,25.76µm
_10981_,25.76µm
_11359_,25.76µm
_11851_,25.76µm
_13957_,25.76µm
_14679_,25.76µm
_14765_,25.76µm
_16177_,25.76µm
_16991_,25.76µm
_17110_,25.76µm
_17655_,25.76µm
_19963_,25.76µm
_20081_,25.76µm
_20248_,25.76µm
_20298_,25.76µm
_20481_,25.76µm
_20924_,25.76µm
_20979_,25.76µm
_22832_,25.76µm
_23175_,25.76µm
_23194_,25.76µm
_23472_,25.76µm
_23580_,25.76µm
_24561_,25.76µm
_24898_,25.76µm
_25611_,25.76µm
_25976_,25.76µm
_26344_,25.76µm
_26421_,25.76µm
_26693_,25.76µm
_27223_,25.76µm
_27334_,25.76µm
_27877_,25.76µm
i_core_v_mini_mcu.ao_peripheral_subsystem_i.power_manager_i.power_manager_reg_top_i.u_intr_state.wr_data\[15\],25.76µm
i_core_v_mini_mcu.ao_peripheral_subsystem_i.tdu_i.cpi_est_q\[57\],25.76µm
i_core_v_mini_mcu.ao_peripheral_subsystem_i.tdu_i.task_mem\[6\]\[21\],25.76µm
i_core_v_mini_mcu.ao_peripheral_subsystem_i.tdu_i.task_mem\[6\]\[6\],25.76µm
i_core_v_mini_mcu.cpu_subsystem_i.cpu_0_0.rf_ram_i.memory\[235\]\[0\],25.76µm
i_core_v_mini_mcu.cpu_subsystem_i.cpu_0_0.rf_ram_i.memory\[288\]\[0\],25.76µm
i_core_v_mini_mcu.cpu_subsystem_i.cpu_0_0.rf_ram_i.memory\[450\]\[1\],25.76µm
i_core_v_mini_mcu.cpu_subsystem_i.cpu_0_0.rf_ram_i.memory\[515\]\[0\],25.76µm
i_core_v_mini_mcu.cpu_subsystem_i.cpu_1_0.i_servile.cpu.bufreg.i_imm_en,25.76µm
i_core_v_mini_mcu.cpu_subsystem_i.cpu_1_0.rf_ram_i.memory\[115\]\[1\],25.76µm
i_core_v_mini_mcu.cpu_subsystem_i.cpu_1_0.rf_ram_i.memory\[135\]\[0\],25.76µm
i_core_v_mini_mcu.cpu_subsystem_i.cpu_1_0.rf_ram_i.memory\[223\]\[1\],25.76µm
i_core_v_mini_mcu.cpu_subsystem_i.cpu_1_0.rf_ram_i.memory\[417\]\[0\],25.76µm
i_core_v_mini_mcu.memory_subsystem_i.ram0_i.tc_ram_i.sram\[22\]\[0\],25.76µm
i_core_v_mini_mcu.peripheral_subsystem_i.uart_i.uart_core.uart_rx.sreg_q\[5\],25.76µm
_14972_,25.45µm
_09431_,25.4µm
_10246_,25.4µm
_14492_,25.4µm
_14709_,25.4µm
_14918_,25.4µm
_16448_,25.4µm
_21473_,25.4µm
i_core_v_mini_mcu.ao_peripheral_subsystem_i.tdu_i.cpi_est_q\[61\],25.4µm
i_core_v_mini_mcu.memory_subsystem_i.ram0_i.tc_ram_i.sram\[30\]\[5\],25.39µm
i_core_v_mini_mcu.cpu_subsystem_i.cpu_1_0.rf_ram_i.memory\[403\]\[1\],25.385µm
rst_ni,25.36µm
_10225_,25.35µm
_15323_,25.35µm
_16256_,25.35µm
_17486_,25.35µm
_17772_,25.35µm
_18020_,25.35µm
i_core_v_mini_mcu.ao_peripheral_subsystem_i.obi_fifo_i.consumer_data_req_q\[1\],25.35µm
i_core_v_mini_mcu.ao_peripheral_subsystem_i.power_manager_i.power_manager_reg_top_i.en_wait_for_intr_qs\[25\],25.35µm
i_core_v_mini_mcu.ao_peripheral_subsystem_i.spi_subsystem_i.obi_spimemio_i.spimemio_i.xfer.xfer_dspi,25.35µm
i_core_v_mini_mcu.cpu_subsystem_i.cpu_0_0.rf_ram_i.memory\[182\]\[0\],25.35µm
i_core_v_mini_mcu.memory_subsystem_i.ram0_i.tc_ram_i.sram\[31\]\[6\],25.35µm
_03912_,25.3µm
_05560_,25.3µm
_05673_,25.3µm
_06039_,25.3µm
_06307_,25.3µm
_06485_,25.3µm
_06569_,25.3µm
_08417_,25.3µm
_08683_,25.3µm
_10375_,25.3µm
_11847_,25.3µm
_12999_,25.3µm
_14348_,25.3µm
_16112_,25.3µm
_16157_,25.3µm
_21132_,25.3µm
_21232_,25.3µm
_21264_,25.3µm
_21725_,25.3µm
_23392_,25.3µm
_23698_,25.3µm
_23867_,25.3µm
_26277_,25.3µm
_26444_,25.3µm
i_core_v_mini_mcu.ao_peripheral_subsystem_i.spi_subsystem_i.obi_spimemio_i.spimemio_i.xfer.xfer_tag\[0\],25.3µm
i_core_v_mini_mcu.cpu_subsystem_i.cpu_0_0.i_servile.cpu.ctrl.o_ibus_adr\[28\],25.3µm
i_core_v_mini_mcu.cpu_subsystem_i.cpu_0_0.rf_ram_i.memory\[144\]\[1\],25.3µm
i_core_v_mini_mcu.cpu_subsystem_i.cpu_0_0.rf_ram_i.memory\[479\]\[1\],25.3µm
i_core_v_mini_mcu.cpu_subsystem_i.cpu_0_0.rf_ram_i.memory\[69\]\[1\],25.3µm
i_core_v_mini_mcu.cpu_subsystem_i.cpu_1_0.rf_ram_i.memory\[334\]\[0\],25.3µm
i_core_v_mini_mcu.cpu_subsystem_i.cpu_1_0.rf_ram_i.memory\[79\]\[1\],25.3µm
i_core_v_mini_mcu.memory_subsystem_i.ram0_i.tc_ram_i.sram\[1\]\[1\],25.3µm
_05419_,25.25µm
_05543_,25.25µm
_05763_,25.25µm
_05941_,25.25µm
_06596_,25.25µm
_07084_,25.25µm
_09701_,25.25µm
_10106_,25.25µm
_10320_,25.25µm
_11272_,25.25µm
_11521_,25.25µm
_11663_,25.25µm
_12226_,25.25µm
_13043_,25.25µm
_13049_,25.25µm
_13533_,25.25µm
_14211_,25.25µm
_14823_,25.25µm
_15850_,25.25µm
_16667_,25.25µm
_17405_,25.25µm
_18137_,25.25µm
_18188_,25.25µm
_18756_,25.25µm
_18936_,25.25µm
_19959_,25.25µm
_20617_,25.25µm
_20771_,25.25µm
_21373_,25.25µm
_22077_,25.25µm
_22977_,25.25µm
_23049_,25.25µm
_23724_,25.25µm
_24545_,25.25µm
_25353_,25.25µm
_25921_,25.25µm
_26114_,25.25µm
_26346_,25.25µm
_26613_,25.25µm
_27067_,25.25µm
_27444_,25.25µm
_27647_,25.25µm
i_core_v_mini_mcu.ao_peripheral_subsystem_i.mosaic_clint_i.mtimecmp_q\[2\],25.25µm
i_core_v_mini_mcu.ao_peripheral_subsystem_i.obi_fifo_i.consumer_data_req_q\[32\],25.25µm
i_core_v_mini_mcu.ao_peripheral_subsystem_i.power_manager_i.power_manager_reg_top_i.cpu_reset_assert_counter_qs\[8\],25.25µm
i_core_v_mini_mcu.ao_peripheral_subsystem_i.power_manager_i.power_manager_reg_top_i.intr_state_qs\[25\],25.25µm
i_core_v_mini_mcu.ao_peripheral_subsystem_i.spi_subsystem_i.obi_spimemio_i.spimemio_i.xfer.flash_io3_do,25.25µm
i_core_v_mini_mcu.cpu_subsystem_i.cpu_0_0.rf_ram_i.memory\[220\]\[1\],25.25µm
i_core_v_mini_mcu.cpu_subsystem_i.cpu_0_0.rf_ram_i.memory\[259\]\[0\],25.25µm
i_core_v_mini_mcu.cpu_subsystem_i.cpu_0_0.rf_ram_i.memory\[433\]\[1\],25.25µm
i_core_v_mini_mcu.cpu_subsystem_i.cpu_0_0.rf_ram_i.memory\[489\]\[0\],25.25µm
i_core_v_mini_mcu.cpu_subsystem_i.cpu_0_0.rf_ram_i.memory\[68\]\[1\],25.25µm
i_core_v_mini_mcu.cpu_subsystem_i.cpu_1_0.i_servile.cpu.immdec.gen_immdec_w_eq_1.imm30_25\[1\],25.25µm
i_core_v_mini_mcu.cpu_subsystem_i.cpu_1_0.rf_ram_i.memory\[241\]\[1\],25.25µm
i_core_v_mini_mcu.cpu_subsystem_i.cpu_1_0.rf_ram_i.memory\[308\]\[1\],25.25µm
i_core_v_mini_mcu.cpu_subsystem_i.cpu_1_0.rf_ram_i.memory\[32\]\[0\],25.25µm
i_core_v_mini_mcu.cpu_subsystem_i.cpu_1_0.rf_ram_i.memory\[378\]\[0\],25.25µm
i_core_v_mini_mcu.cpu_subsystem_i.cpu_1_0.rf_ram_i.memory\[397\]\[0\],25.25µm
i_core_v_mini_mcu.cpu_subsystem_i.cpu_1_0.rf_ram_i.memory\[499\]\[1\],25.25µm
i_core_v_mini_mcu.cpu_subsystem_i.cpu_1_0.rf_ram_i.memory\[72\]\[1\],25.25µm
i_core_v_mini_mcu.cpu_subsystem_i.cpu_1_0.rf_ram_i.memory\[97\]\[1\],25.25µm
i_core_v_mini_mcu.memory_subsystem_i.ram0_i.tc_ram_i.sram\[12\]\[19\],25.25µm
i_core_v_mini_mcu.memory_subsystem_i.ram0_i.tc_ram_i.sram\[13\]\[19\],25.25µm
i_core_v_mini_mcu.memory_subsystem_i.ram0_i.tc_ram_i.sram\[25\]\[28\],25.25µm
i_core_v_mini_mcu.memory_subsystem_i.ram0_i.tc_ram_i.sram\[29\]\[2\],25.25µm
i_core_v_mini_mcu.peripheral_subsystem_i.obi_fifo_i.consumer_resp_i\[20\],25.25µm
i_core_v_mini_mcu.peripheral_subsystem_i.uart_i.hw2reg\[10\],25.25µm
i_core_v_mini_mcu.peripheral_subsystem_i.uart_i.reg2hw\[123\],25.25µm
i_core_v_mini_mcu.peripheral_subsystem_i.uart_i.uart_core.rx_timeout_count_q\[13\],25.25µm
i_core_v_mini_mcu.peripheral_subsystem_i.uart_i.uart_core.rx_timeout_count_q\[22\],25.25µm
i_core_v_mini_mcu.peripheral_subsystem_i.uart_i.uart_core.uart_rx.sreg_q\[9\],25.25µm
i_core_v_mini_mcu.system_bus_i.gen_demux_xbar\[3\].demux_xbar_i.u_xbar_varlat.gen_inputs\[0\].i_addr_dec_resp_mux.valid_inflight_q,25.25µm
_00204_,25.2µm
_00378_,25.2µm
_03726_,25.2µm
_04895_,25.2µm
_04917_,25.2µm
_05142_,25.2µm
_05286_,25.2µm
_05569_,25.2µm
_05789_,25.2µm
_06623_,25.2µm
_07971_,25.2µm
_08673_,25.2µm
_09403_,25.2µm
_12218_,25.2µm
_12288_,25.2µm
_12398_,25.2µm
_13034_,25.2µm
_13071_,25.2µm
_13348_,25.2µm
_13517_,25.2µm
_13590_,25.2µm
_14669_,25.2µm
_15571_,25.2µm
_16227_,25.2µm
_16917_,25.2µm
_17885_,25.2µm
_18411_,25.2µm
_19711_,25.2µm
_20308_,25.2µm
_20542_,25.2µm
_20755_,25.2µm
_20861_,25.2µm
_21823_,25.2µm
_22057_,25.2µm
_23027_,25.2µm
_23080_,25.2µm
_23531_,25.2µm
_23564_,25.2µm
_23597_,25.2µm
_23682_,25.2µm
_24606_,25.2µm
_24868_,25.2µm
_24932_,25.2µm
_25271_,25.2µm
_25306_,25.2µm
_25372_,25.2µm
_25819_,25.2µm
_26307_,25.2µm
_26446_,25.2µm
_27021_,25.2µm
_27571_,25.2µm
_27834_,25.2µm
_27866_,25.2µm
_27943_,25.2µm
i_core_v_mini_mcu.ao_peripheral_subsystem_i.obi_fifo_i.consumer_data_req_q\[25\],25.2µm
i_core_v_mini_mcu.ao_peripheral_subsystem_i.spi_subsystem_i.obi_spimemio_i.obi_to_picorv32_i.obi_resp_o\[21\],25.2µm
i_core_v_mini_mcu.ao_peripheral_subsystem_i.spi_subsystem_i.obi_spimemio_i.spimemio_i.buffer\[1\],25.2µm
i_core_v_mini_mcu.cpu_subsystem_i.cpu_0_0.i_servile.cpu.immdec.gen_immdec_w_eq_1.imm19_12_20\[2\],25.2µm
i_core_v_mini_mcu.cpu_subsystem_i.cpu_0_0.rf_ram_i.memory\[117\]\[0\],25.2µm
i_core_v_mini_mcu.cpu_subsystem_i.cpu_0_0.rf_ram_i.memory\[123\]\[1\],25.2µm
i_core_v_mini_mcu.cpu_subsystem_i.cpu_0_0.rf_ram_i.memory\[181\]\[0\],25.2µm
i_core_v_mini_mcu.cpu_subsystem_i.cpu_0_0.rf_ram_i.memory\[257\]\[0\],25.2µm
i_core_v_mini_mcu.cpu_subsystem_i.cpu_0_0.rf_ram_i.memory\[322\]\[0\],25.2µm
i_core_v_mini_mcu.cpu_subsystem_i.cpu_0_0.rf_ram_i.memory\[413\]\[1\],25.2µm
i_core_v_mini_mcu.cpu_subsystem_i.cpu_0_0.rf_ram_i.memory\[469\]\[0\],25.2µm
i_core_v_mini_mcu.cpu_subsystem_i.cpu_1_0.rf_ram_i.memory\[105\]\[0\],25.2µm
i_core_v_mini_mcu.cpu_subsystem_i.cpu_1_0.rf_ram_i.memory\[131\]\[0\],25.2µm
i_core_v_mini_mcu.cpu_subsystem_i.cpu_1_0.rf_ram_i.memory\[221\]\[1\],25.2µm
i_core_v_mini_mcu.cpu_subsystem_i.cpu_1_0.rf_ram_i.memory\[240\]\[1\],25.2µm
i_core_v_mini_mcu.cpu_subsystem_i.cpu_1_0.rf_ram_i.memory\[425\]\[1\],25.2µm
i_core_v_mini_mcu.memory_subsystem_i.ram0_i.tc_ram_i.sram\[15\]\[7\],25.2µm
i_core_v_mini_mcu.memory_subsystem_i.ram0_i.tc_ram_i.sram\[25\]\[1\],25.2µm
i_core_v_mini_mcu.memory_subsystem_i.ram0_i.tc_ram_i.sram\[29\]\[31\],25.2µm
i_core_v_mini_mcu.memory_subsystem_i.ram0_i.tc_ram_i.sram\[31\]\[2\],25.2µm
i_core_v_mini_mcu.memory_subsystem_i.ram0_i.tc_ram_i.sram\[4\]\[10\],25.2µm
i_core_v_mini_mcu.memory_subsystem_i.ram0_i.tc_ram_i.sram\[4\]\[22\],25.2µm
i_core_v_mini_mcu.cpu_subsystem_i.cpu_1_0.rf_ram_i.memory\[96\]\[0\],25.07µm
_18363_,24.97µm
i_core_v_mini_mcu.cpu_subsystem_i.cpu_0_0.rf_ram_i.memory\[193\]\[0\],24.92µm
_05411_,24.89µm
_16383_,24.89µm
_16738_,24.89µm
_21039_,24.89µm
_09368_,24.84µm
_13906_,24.84µm
_18390_,24.84µm
i_core_v_mini_mcu.ao_peripheral_subsystem_i.power_manager_i.power_manager_reg_top_i.cpu_iso_off_counter_qs\[12\],24.84µm
i_core_v_mini_mcu.ao_peripheral_subsystem_i.power_manager_i.power_manager_reg_top_i.cpu_iso_off_counter_qs\[3\],24.84µm
_07780_,24.79µm
_15928_,24.79µm
_16852_,24.79µm
_16889_,24.79µm
_17250_,24.79µm
_26032_,24.79µm
i_core_v_mini_mcu.ao_peripheral_subsystem_i.tdu_i.cpi_est_q\[53\],24.79µm
i_core_v_mini_mcu.cpu_subsystem_i.cpu_0_0.rf_ram_i.memory\[392\]\[0\],24.79µm
i_core_v_mini_mcu.cpu_subsystem_i.cpu_0_0.rf_ram_i.memory\[471\]\[0\],24.79µm
i_core_v_mini_mcu.cpu_subsystem_i.cpu_1_0.rf_ram_i.memory\[113\]\[1\],24.79µm
i_core_v_mini_mcu.memory_subsystem_i.ram0_i.tc_ram_i.sram\[22\]\[5\],24.79µm
i_core_v_mini_mcu.peripheral_subsystem_i.uart_i.uart_core.u_uart_rxfifo.gen_normal_fifo.storage\[31\],24.79µm
i_core_v_mini_mcu.cpu_subsystem_i.cpu_1_0.rf_ram_i.memory\[206\]\[0\],24.775µm
_03532_,24.74µm
_08096_,24.74µm
_08477_,24.74µm
_08880_,24.74µm
_09803_,24.74µm
_12943_,24.74µm
_12966_,24.74µm
_13275_,24.74µm
_14353_,24.74µm
_14468_,24.74µm
_14915_,24.74µm
_15070_,24.74µm
_15832_,24.74µm
_16145_,24.74µm
_20113_,24.74µm
_20632_,24.74µm
_21022_,24.74µm
_23306_,24.74µm
_25565_,24.74µm
_26199_,24.74µm
_27708_,24.74µm
i_core_v_mini_mcu.ao_peripheral_subsystem_i.obi_fifo_i.consumer_data_req\[53\],24.74µm
i_core_v_mini_mcu.ao_peripheral_subsystem_i.spi_subsystem_i.obi_spimemio_i.obi_to_picorv32_i.addr_buf\[8\],24.74µm
i_core_v_mini_mcu.ao_peripheral_subsystem_i.spi_subsystem_i.obi_spimemio_i.obi_to_picorv32_i.picorv32_resp_i\[27\],24.74µm
i_core_v_mini_mcu.cpu_subsystem_i.cpu_0_0.rf_ram_i.memory\[21\]\[0\],24.74µm
i_core_v_mini_mcu.cpu_subsystem_i.cpu_0_0.rf_ram_i.memory\[311\]\[0\],24.74µm
i_core_v_mini_mcu.cpu_subsystem_i.cpu_0_0.rf_ram_i.memory\[313\]\[1\],24.74µm
i_core_v_mini_mcu.cpu_subsystem_i.cpu_0_0.rf_ram_i.memory\[330\]\[0\],24.74µm
i_core_v_mini_mcu.cpu_subsystem_i.cpu_0_0.rf_ram_i.memory\[360\]\[0\],24.74µm
i_core_v_mini_mcu.cpu_subsystem_i.cpu_0_0.rf_ram_i.memory\[3\]\[1\],24.74µm
i_core_v_mini_mcu.cpu_subsystem_i.cpu_0_0.rf_ram_i.memory\[408\]\[1\],24.74µm
i_core_v_mini_mcu.cpu_subsystem_i.cpu_1_0.i_servile.cpu.immdec.gen_immdec_w_eq_1.imm19_12_20\[7\],24.74µm
i_core_v_mini_mcu.cpu_subsystem_i.cpu_1_0.rf_ram_i.memory\[133\]\[1\],24.74µm
i_core_v_mini_mcu.cpu_subsystem_i.cpu_1_0.rf_ram_i.memory\[211\]\[1\],24.74µm
i_core_v_mini_mcu.cpu_subsystem_i.cpu_1_0.rf_ram_i.memory\[241\]\[0\],24.74µm
i_core_v_mini_mcu.cpu_subsystem_i.cpu_1_0.rf_ram_i.memory\[94\]\[0\],24.74µm
i_core_v_mini_mcu.memory_subsystem_i.ram0_i.tc_ram_i.sram\[11\]\[30\],24.74µm
i_core_v_mini_mcu.memory_subsystem_i.ram0_i.tc_ram_i.sram\[24\]\[31\],24.74µm
i_core_v_mini_mcu.memory_subsystem_i.ram0_i.tc_ram_i.sram\[31\]\[27\],24.74µm
i_core_v_mini_mcu.peripheral_subsystem_i.obi_fifo_i.obi_resp_fifo_i.status_cnt_q\[1\],24.74µm
i_core_v_mini_mcu.peripheral_subsystem_i.uart_i.uart_core.nco_sum_q\[2\],24.74µm
_00945_,24.69µm
_04564_,24.69µm
_04641_,24.69µm
_04748_,24.69µm
_05261_,24.69µm
_05400_,24.69µm
_05564_,24.69µm
_05589_,24.69µm
_05841_,24.69µm
_06142_,24.69µm
_06165_,24.69µm
_06949_,24.69µm
_06966_,24.69µm
_07786_,24.69µm
_08745_,24.69µm
_08994_,24.69µm
_09230_,24.69µm
_09740_,24.69µm
_09781_,24.69µm
_10181_,24.69µm
_11006_,24.69µm
_11063_,24.69µm
_11389_,24.69µm
_11554_,24.69µm
_11606_,24.69µm
_11667_,24.69µm
_11900_,24.69µm
_13262_,24.69µm
_13441_,24.69µm
_13686_,24.69µm
_13795_,24.69µm
_14053_,24.69µm
_14914_,24.69µm
_15373_,24.69µm
_16100_,24.69µm
_16801_,24.69µm
_17064_,24.69µm
_17349_,24.69µm
_17499_,24.69µm
_17630_,24.69µm
_19854_,24.69µm
_20313_,24.69µm
_21765_,24.69µm
_21771_,24.69µm
_22004_,24.69µm
_22148_,24.69µm
_22707_,24.69µm
_22760_,24.69µm
_22906_,24.69µm
_23087_,24.69µm
_23104_,24.69µm
_23365_,24.69µm
_23592_,24.69µm
_23752_,24.69µm
_24235_,24.69µm
_24456_,24.69µm
_24532_,24.69µm
_25337_,24.69µm
_25673_,24.69µm
_25810_,24.69µm
_26885_,24.69µm
_27076_,24.69µm
_27276_,24.69µm
_27573_,24.69µm
_27727_,24.69µm
_27791_,24.69µm
_27856_,24.69µm
i_core_v_mini_mcu.ao_peripheral_subsystem_i.obi_fifo_i.consumer_data_req\[61\],24.69µm
i_core_v_mini_mcu.ao_peripheral_subsystem_i.power_manager_i.reg_to_counter_cpu_powergate_iso_off_i.counter_curr_state\[2\],24.69µm
i_core_v_mini_mcu.ao_peripheral_subsystem_i.soc_ctrl_i.reg2hw\[3\],24.69µm
i_core_v_mini_mcu.ao_peripheral_subsystem_i.spi_subsystem_i.obi_spimemio_i.obi_to_picorv32_i.obi_resp_o\[17\],24.69µm
i_core_v_mini_mcu.ao_peripheral_subsystem_i.tdu_i.task_mem\[0\]\[31\],24.69µm
i_core_v_mini_mcu.cpu_subsystem_i.cpu_0_0.i_servile.cpu.immdec.gen_immdec_w_eq_1.imm30_25\[5\],24.69µm
i_core_v_mini_mcu.cpu_subsystem_i.cpu_0_0.rf_ram_i.memory\[104\]\[1\],24.69µm
i_core_v_mini_mcu.cpu_subsystem_i.cpu_0_0.rf_ram_i.memory\[142\]\[0\],24.69µm
i_core_v_mini_mcu.cpu_subsystem_i.cpu_0_0.rf_ram_i.memory\[146\]\[0\],24.69µm
i_core_v_mini_mcu.cpu_subsystem_i.cpu_0_0.rf_ram_i.memory\[1\]\[1\],24.69µm
i_core_v_mini_mcu.cpu_subsystem_i.cpu_0_0.rf_ram_i.memory\[249\]\[1\],24.69µm
i_core_v_mini_mcu.cpu_subsystem_i.cpu_0_0.rf_ram_i.memory\[285\]\[1\],24.69µm
i_core_v_mini_mcu.cpu_subsystem_i.cpu_0_0.rf_ram_i.memory\[336\]\[0\],24.69µm
i_core_v_mini_mcu.cpu_subsystem_i.cpu_0_0.rf_ram_i.memory\[373\]\[1\],24.69µm
i_core_v_mini_mcu.cpu_subsystem_i.cpu_0_0.rf_ram_i.memory\[459\]\[1\],24.69µm
i_core_v_mini_mcu.cpu_subsystem_i.cpu_0_0.rf_ram_i.memory\[497\]\[1\],24.69µm
i_core_v_mini_mcu.cpu_subsystem_i.cpu_0_0.rf_ram_i.memory\[503\]\[1\],24.69µm
i_core_v_mini_mcu.cpu_subsystem_i.cpu_1_0.i_servile.arbiter.i_wb_cpu_dbus_adr\[25\],24.69µm
i_core_v_mini_mcu.cpu_subsystem_i.cpu_1_0.rf_ram_i.memory\[200\]\[0\],24.69µm
i_core_v_mini_mcu.cpu_subsystem_i.cpu_1_0.rf_ram_i.memory\[246\]\[0\],24.69µm
i_core_v_mini_mcu.cpu_subsystem_i.cpu_1_0.rf_ram_i.memory\[250\]\[0\],24.69µm
i_core_v_mini_mcu.cpu_subsystem_i.cpu_1_0.rf_ram_i.memory\[286\]\[1\],24.69µm
i_core_v_mini_mcu.cpu_subsystem_i.cpu_1_0.rf_ram_i.memory\[34\]\[0\],24.69µm
i_core_v_mini_mcu.cpu_subsystem_i.cpu_1_0.rf_ram_i.memory\[373\]\[1\],24.69µm
i_core_v_mini_mcu.cpu_subsystem_i.cpu_1_0.rf_ram_i.memory\[394\]\[0\],24.69µm
i_core_v_mini_mcu.cpu_subsystem_i.cpu_1_0.rf_ram_i.memory\[475\]\[1\],24.69µm
i_core_v_mini_mcu.cpu_subsystem_i.cpu_1_0.rf_ram_i.memory\[508\]\[0\],24.69µm
i_core_v_mini_mcu.memory_subsystem_i.ram0_i.tc_ram_i.sram\[22\]\[22\],24.69µm
i_core_v_mini_mcu.memory_subsystem_i.ram0_i.tc_ram_i.sram\[26\]\[30\],24.69µm
i_core_v_mini_mcu.memory_subsystem_i.ram0_i.tc_ram_i.sram\[28\]\[7\],24.69µm
i_core_v_mini_mcu.memory_subsystem_i.ram0_i.tc_ram_i.sram\[8\]\[24\],24.69µm
i_core_v_mini_mcu.peripheral_subsystem_i.obi_fifo_i.consumer_resp_i\[30\],24.69µm
i_core_v_mini_mcu.peripheral_subsystem_i.uart_i.uart_core.nco_sum_q\[10\],24.69µm
_03872_,24.64µm
_04036_,24.64µm
_06132_,24.64µm
_07398_,24.64µm
_07463_,24.64µm
_07737_,24.64µm
_08107_,24.64µm
_08272_,24.64µm
_08522_,24.64µm
_08629_,24.64µm
_08694_,24.64µm
_08755_,24.64µm
_09401_,24.64µm
_09987_,24.64µm
_10059_,24.64µm
_10228_,24.64µm
_10279_,24.64µm
_10422_,24.64µm
_10882_,24.64µm
_11550_,24.64µm
_11573_,24.64µm
_11635_,24.64µm
_11803_,24.64µm
_12077_,24.64µm
_12495_,24.64µm
_12658_,24.64µm
_12795_,24.64µm
_12929_,24.64µm
_13106_,24.64µm
_13846_,24.64µm
_14109_,24.64µm
_14991_,24.64µm
_15761_,24.64µm
_16164_,24.64µm
_16791_,24.64µm
_17241_,24.64µm
_17424_,24.64µm
_17701_,24.64µm
_18637_,24.64µm
_19629_,24.64µm
_20781_,24.64µm
_20922_,24.64µm
_21031_,24.64µm
_21449_,24.64µm
_22174_,24.64µm
_22992_,24.64µm
_23711_,24.64µm
_25005_,24.64µm
_25400_,24.64µm
_25603_,24.64µm
_25674_,24.64µm
_25803_,24.64µm
_25891_,24.64µm
_26089_,24.64µm
_26571_,24.64µm
_26663_,24.64µm
_26679_,24.64µm
_27018_,24.64µm
_27099_,24.64µm
_27203_,24.64µm
_27238_,24.64µm
_27825_,24.64µm
_27858_,24.64µm
_28031_,24.64µm
i_core_v_mini_mcu.cpu_subsystem_i.cpu_0_0.i_servile.cpu.state.cnt_r\[2\],24.64µm
i_core_v_mini_mcu.cpu_subsystem_i.cpu_0_0.rf_ram_i.memory\[103\]\[1\],24.64µm
i_core_v_mini_mcu.cpu_subsystem_i.cpu_0_0.rf_ram_i.memory\[22\]\[1\],24.64µm
i_core_v_mini_mcu.cpu_subsystem_i.cpu_0_0.rf_ram_i.memory\[236\]\[1\],24.64µm
i_core_v_mini_mcu.cpu_subsystem_i.cpu_1_0.rf_ram_i.memory\[136\]\[0\],24.64µm
i_core_v_mini_mcu.cpu_subsystem_i.cpu_1_0.rf_ram_i.memory\[181\]\[1\],24.64µm
i_core_v_mini_mcu.memory_subsystem_i.ram0_i.tc_ram_i.sram\[10\]\[29\],24.64µm
i_core_v_mini_mcu.memory_subsystem_i.ram0_i.tc_ram_i.sram\[12\]\[7\],24.64µm
i_core_v_mini_mcu.memory_subsystem_i.ram0_i.tc_ram_i.sram\[15\]\[8\],24.64µm
i_core_v_mini_mcu.memory_subsystem_i.ram0_i.tc_ram_i.sram\[21\]\[6\],24.64µm
i_core_v_mini_mcu.memory_subsystem_i.ram0_i.tc_ram_i.sram\[27\]\[9\],24.64µm
i_core_v_mini_mcu.peripheral_subsystem_i.uart_i.uart_core.nco_sum_q\[11\],24.64µm
_03688_,24.63µm
uart_tx_o,24.55µm
i_core_v_mini_mcu.cpu_subsystem_i.cpu_0_0.rf_ram_i.memory\[192\]\[0\],24.46µm
i_core_v_mini_mcu.cpu_subsystem_i.cpu_0_0.rf_ram_i.memory\[186\]\[0\],24.41µm
i_core_v_mini_mcu.cpu_subsystem_i.cpu_1_0.rf_ram_i.memory\[361\]\[1\],24.365µm
i_core_v_mini_mcu.cpu_subsystem_i.cpu_0_0.rf_ram_i.memory\[389\]\[0\],24.36µm
_09218_,24.33µm
_14358_,24.33µm
_15489_,24.33µm
_16681_,24.33µm
i_core_v_mini_mcu.ao_peripheral_subsystem_i.obi_fifo_i.consumer_data_req_q\[30\],24.33µm
i_core_v_mini_mcu.cpu_subsystem_i.cpu_1_0.rf_ram_i.memory\[167\]\[0\],24.3µm
_07338_,24.28µm
_17691_,24.28µm
_18029_,24.28µm
_07529_,24.23µm
_08641_,24.23µm
_08736_,24.23µm
_13746_,24.23µm
_14725_,24.23µm
_14933_,24.23µm
_15394_,24.23µm
_15453_,24.23µm
_16170_,24.23µm
_16326_,24.23µm
_16336_,24.23µm
_16920_,24.23µm
_17303_,24.23µm
_17906_,24.23µm
_21124_,24.23µm
_23940_,24.23µm
i_core_v_mini_mcu.ao_peripheral_subsystem_i.power_manager_i.power_manager_reg_top_i.cpu_iso_on_counter_qs\[6\],24.23µm
i_core_v_mini_mcu.ao_peripheral_subsystem_i.spi_subsystem_i.obi_spimemio_i.obi_to_picorv32_i.picorv32_resp_i\[11\],24.23µm
i_core_v_mini_mcu.cpu_subsystem_i.cpu_1_0.rf_ram_i.memory\[61\]\[0\],24.23µm
i_core_v_mini_mcu.memory_subsystem_i.ram0_i.tc_ram_i.sram\[15\]\[31\],24.23µm
i_core_v_mini_mcu.memory_subsystem_i.ram0_i.tc_ram_i.sram\[24\]\[30\],24.23µm
i_core_v_mini_mcu.memory_subsystem_i.ram0_i.tc_ram_i.sram\[7\]\[25\],24.23µm
i_core_v_mini_mcu.peripheral_subsystem_i.obi_fifo_i.consumer_data_req_q\[27\],24.23µm
_00384_,24.18µm
_05890_,24.18µm
_05952_,24.18µm
_06940_,24.18µm
_08058_,24.18µm
_08967_,24.18µm
_09655_,24.18µm
_09805_,24.18µm
_09938_,24.18µm
_09947_,24.18µm
_10694_,24.18µm
_11365_,24.18µm
_12714_,24.18µm
_12840_,24.18µm
_13485_,24.18µm
_14843_,24.18µm
_15430_,24.18µm
_17653_,24.18µm
_20191_,24.18µm
_22132_,24.18µm
_23820_,24.18µm
_25415_,24.18µm
_25928_,24.18µm
i_core_v_mini_mcu.ao_peripheral_subsystem_i.mosaic_clint_i.mtimecmp_q\[10\],24.18µm
i_core_v_mini_mcu.ao_peripheral_subsystem_i.obi_fifo_i.consumer_data_req_q\[52\],24.18µm
i_core_v_mini_mcu.ao_peripheral_subsystem_i.soc_ctrl_i.soc_ctrl_reg_top_i.system_frequency_hz_qs\[22\],24.18µm
i_core_v_mini_mcu.cpu_subsystem_i.cpu_0_0.i_servile.cpu.dbus_en,24.18µm
i_core_v_mini_mcu.cpu_subsystem_i.cpu_1_0.i_servile.cpu.state.cnt_r\[2\],24.18µm
i_core_v_mini_mcu.cpu_subsystem_i.cpu_1_0.rf_ram_i.memory\[106\]\[1\],24.18µm
i_core_v_mini_mcu.cpu_subsystem_i.cpu_1_0.rf_ram_i.memory\[117\]\[0\],24.18µm
i_core_v_mini_mcu.cpu_subsystem_i.cpu_1_0.rf_ram_i.memory\[379\]\[0\],24.18µm
i_core_v_mini_mcu.cpu_subsystem_i.cpu_1_0.rf_ram_i.memory\[39\]\[1\],24.18µm
i_core_v_mini_mcu.cpu_subsystem_i.cpu_1_0.rf_ram_i.memory\[415\]\[0\],24.18µm
i_core_v_mini_mcu.cpu_subsystem_i.cpu_1_0.rf_ram_i.memory\[474\]\[1\],24.18µm
i_core_v_mini_mcu.memory_subsystem_i.ram0_i.tc_ram_i.sram\[14\]\[30\],24.18µm
i_core_v_mini_mcu.memory_subsystem_i.ram0_i.tc_ram_i.sram\[26\]\[11\],24.18µm
i_core_v_mini_mcu.memory_subsystem_i.ram0_i.tc_ram_i.sram\[29\]\[3\],24.18µm
i_core_v_mini_mcu.peripheral_subsystem_i.obi_fifo_i.consumer_data_req_q\[19\],24.18µm
i_core_v_mini_mcu.peripheral_subsystem_i.uart_i.uart_core.u_uart_rxfifo.gen_normal_fifo.storage\[15\],24.18µm
clknet_leaf_63_i_core_v_mini_mcu.peripheral_subsystem_i.clk_cg,24.18µm
_04133_,24.13µm
_04740_,24.13µm
_04762_,24.13µm
_05896_,24.13µm
_05928_,24.13µm
_06268_,24.13µm
_06346_,24.13µm
_06376_,24.13µm
_07112_,24.13µm
_08298_,24.13µm
_08303_,24.13µm
_08438_,24.13µm
_08796_,24.13µm
_08844_,24.13µm
_08928_,24.13µm
_09388_,24.13µm
_10723_,24.13µm
_10795_,24.13µm
_11050_,24.13µm
_11056_,24.13µm
_11326_,24.13µm
_12285_,24.13µm
_12756_,24.13µm
_13344_,24.13µm
_13489_,24.13µm
_13576_,24.13µm
_13907_,24.13µm
_14892_,24.13µm
_15203_,24.13µm
_16271_,24.13µm
_16408_,24.13µm
_16492_,24.13µm
_17454_,24.13µm
_17472_,24.13µm
_18015_,24.13µm
_18339_,24.13µm
_18740_,24.13µm
_19192_,24.13µm
_19201_,24.13µm
_19571_,24.13µm
_19790_,24.13µm
_19897_,24.13µm
_20398_,24.13µm
_20915_,24.13µm
_20961_,24.13µm
_21474_,24.13µm
_23052_,24.13µm
_23207_,24.13µm
_23421_,24.13µm
_23599_,24.13µm
_23679_,24.13µm
_23890_,24.13µm
_24308_,24.13µm
_24479_,24.13µm
_24936_,24.13µm
_25993_,24.13µm
_26518_,24.13µm
_26963_,24.13µm
_27026_,24.13µm
_27327_,24.13µm
_27887_,24.13µm
_27909_,24.13µm
_28002_,24.13µm
i_core_v_mini_mcu.ao_peripheral_subsystem_i.mosaic_clint_i.mtimecmp_q\[40\],24.13µm
i_core_v_mini_mcu.ao_peripheral_subsystem_i.mosaic_clint_i.mtimecmp_q\[5\],24.13µm
i_core_v_mini_mcu.ao_peripheral_subsystem_i.mosaic_clint_i.mtimecmp_q\[60\],24.13µm
i_core_v_mini_mcu.ao_peripheral_subsystem_i.power_manager_i.power_manager_sequence_periph_switch_i.sequence_curr_state\[4\],24.13µm
i_core_v_mini_mcu.ao_peripheral_subsystem_i.power_manager_i.power_manager_sequence_ram_0_switch_i.sequence_curr_state\[1\],24.13µm
i_core_v_mini_mcu.ao_peripheral_subsystem_i.spi_subsystem_i.obi_spimemio_i.obi_to_picorv32_i.addr_buf\[16\],24.13µm
i_core_v_mini_mcu.ao_peripheral_subsystem_i.spi_subsystem_i.obi_spimemio_i.obi_to_picorv32_i.picorv32_resp_i\[2\],24.13µm
i_core_v_mini_mcu.cpu_subsystem_i.cpu_0_0.i_servile.cpu.gen_csr.csr.mstatus_mpie,24.13µm
i_core_v_mini_mcu.cpu_subsystem_i.cpu_0_0.rf_ram_i.memory\[138\]\[1\],24.13µm
i_core_v_mini_mcu.cpu_subsystem_i.cpu_0_0.rf_ram_i.memory\[239\]\[1\],24.13µm
i_core_v_mini_mcu.cpu_subsystem_i.cpu_0_0.rf_ram_i.memory\[359\]\[0\],24.13µm
i_core_v_mini_mcu.cpu_subsystem_i.cpu_0_0.rf_ram_i.memory\[481\]\[1\],24.13µm
i_core_v_mini_mcu.cpu_subsystem_i.cpu_0_0.rf_ram_i.memory\[485\]\[0\],24.13µm
i_core_v_mini_mcu.cpu_subsystem_i.cpu_0_0.rf_ram_i.memory\[532\]\[1\],24.13µm
i_core_v_mini_mcu.cpu_subsystem_i.cpu_0_0.rf_ram_i.memory\[563\]\[0\],24.13µm
i_core_v_mini_mcu.cpu_subsystem_i.cpu_0_0.rf_ram_i.memory\[566\]\[0\],24.13µm
i_core_v_mini_mcu.cpu_subsystem_i.cpu_1_0.i_servile.arbiter.i_wb_cpu_dbus_adr\[8\],24.13µm
i_core_v_mini_mcu.cpu_subsystem_i.cpu_1_0.i_servile.arbiter.i_wb_cpu_dbus_we,24.13µm
i_core_v_mini_mcu.cpu_subsystem_i.cpu_1_0.rf_ram_i.memory\[113\]\[0\],24.13µm
i_core_v_mini_mcu.cpu_subsystem_i.cpu_1_0.rf_ram_i.memory\[196\]\[1\],24.13µm
i_core_v_mini_mcu.cpu_subsystem_i.cpu_1_0.rf_ram_i.memory\[298\]\[0\],24.13µm
i_core_v_mini_mcu.cpu_subsystem_i.cpu_1_0.rf_ram_i.memory\[321\]\[0\],24.13µm
i_core_v_mini_mcu.cpu_subsystem_i.cpu_1_0.rf_ram_i.memory\[80\]\[1\],24.13µm
i_core_v_mini_mcu.memory_subsystem_i.ram0_i.tc_ram_i.sram\[13\]\[14\],24.13µm
i_core_v_mini_mcu.memory_subsystem_i.ram0_i.tc_ram_i.sram\[14\]\[7\],24.13µm
i_core_v_mini_mcu.memory_subsystem_i.ram0_i.tc_ram_i.sram\[18\]\[12\],24.13µm
i_core_v_mini_mcu.memory_subsystem_i.ram0_i.tc_ram_i.sram\[26\]\[6\],24.13µm
i_core_v_mini_mcu.memory_subsystem_i.ram0_i.tc_ram_i.sram\[28\]\[17\],24.13µm
i_core_v_mini_mcu.memory_subsystem_i.ram0_i.tc_ram_i.sram\[6\]\[2\],24.13µm
i_core_v_mini_mcu.peripheral_subsystem_i.obi_fifo_i.consumer_data_req_q\[14\],24.13µm
i_core_v_mini_mcu.peripheral_subsystem_i.obi_fifo_i.consumer_data_req_q\[31\],24.13µm
i_core_v_mini_mcu.peripheral_subsystem_i.uart_i.reg2hw\[119\],24.13µm
i_core_v_mini_mcu.peripheral_subsystem_i.uart_i.reg2hw\[75\],24.13µm
i_core_v_mini_mcu.peripheral_subsystem_i.uart_i.uart_core.nco_sum_q\[14\],24.13µm
i_core_v_mini_mcu.peripheral_subsystem_i.uart_i.uart_core.u_uart_rxfifo.gen_normal_fifo.storage\[8\],24.13µm
net397,24.13µm
_00653_,24.08µm
_01273_,24.08µm
_03745_,24.08µm
_04878_,24.08µm
_05895_,24.08µm
_06208_,24.08µm
_06656_,24.08µm
_07148_,24.08µm
_07853_,24.08µm
_07959_,24.08µm
_08443_,24.08µm
_09188_,24.08µm
_09725_,24.08µm
_09745_,24.08µm
_09766_,24.08µm
_09776_,24.08µm
_10872_,24.08µm
_11016_,24.08µm
_11023_,24.08µm
_11038_,24.08µm
_11281_,24.08µm
_11408_,24.08µm
_11586_,24.08µm
_11659_,24.08µm
_12034_,24.08µm
_12460_,24.08µm
_12553_,24.08µm
_12694_,24.08µm
_12801_,24.08µm
_13070_,24.08µm
_13404_,24.08µm
_13462_,24.08µm
_13704_,24.08µm
_13832_,24.08µm
_15228_,24.08µm
_15861_,24.08µm
_16860_,24.08µm
_17596_,24.08µm
_17624_,24.08µm
_18147_,24.08µm
_18512_,24.08µm
_18832_,24.08µm
_19941_,24.08µm
_20039_,24.08µm
_20893_,24.08µm
_21780_,24.08µm
_22028_,24.08µm
_22046_,24.08µm
_22935_,24.08µm
_23231_,24.08µm
_23980_,24.08µm
_24248_,24.08µm
_24667_,24.08µm
_25094_,24.08µm
_25314_,24.08µm
_25919_,24.08µm
_25971_,24.08µm
_26240_,24.08µm
_26355_,24.08µm
_26487_,24.08µm
_26533_,24.08µm
_26626_,24.08µm
_26665_,24.08µm
_27279_,24.08µm
_27692_,24.08µm
_27861_,24.08µm
_27914_,24.08µm
_28122_,24.08µm
i_core_v_mini_mcu.ao_peripheral_subsystem_i.obi_fifo_i.consumer_data_req_q\[51\],24.08µm
i_core_v_mini_mcu.ao_peripheral_subsystem_i.obi_fifo_i.consumer_data_req_q\[61\],24.08µm
i_core_v_mini_mcu.ao_peripheral_subsystem_i.spi_subsystem_i.obi_spimemio_i.spimemio_i.dout_data\[4\],24.08µm
i_core_v_mini_mcu.ao_peripheral_subsystem_i.tdu_i.task_mem\[7\]\[12\],24.08µm
i_core_v_mini_mcu.cpu_subsystem_i.cpu_0_0.i_servile.arbiter.i_wb_cpu_dbus_adr\[24\],24.08µm
i_core_v_mini_mcu.cpu_subsystem_i.cpu_0_0.i_servile.rf_ram_if.rdata0\[1\],24.08µm
i_core_v_mini_mcu.cpu_subsystem_i.cpu_0_0.rf_ram_i.memory\[498\]\[0\],24.08µm
i_core_v_mini_mcu.cpu_subsystem_i.cpu_0_0.rf_ram_i.memory\[551\]\[0\],24.08µm
i_core_v_mini_mcu.cpu_subsystem_i.cpu_1_0.rf_ram_i.memory\[129\]\[0\],24.08µm
i_core_v_mini_mcu.cpu_subsystem_i.cpu_1_0.rf_ram_i.memory\[222\]\[0\],24.08µm
i_core_v_mini_mcu.cpu_subsystem_i.cpu_1_0.rf_ram_i.memory\[263\]\[0\],24.08µm
i_core_v_mini_mcu.cpu_subsystem_i.cpu_1_0.rf_ram_i.memory\[471\]\[1\],24.08µm
i_core_v_mini_mcu.memory_subsystem_i.ram0_i.tc_ram_i.sram\[10\]\[11\],24.08µm
i_core_v_mini_mcu.memory_subsystem_i.ram0_i.tc_ram_i.sram\[24\]\[19\],24.08µm
i_core_v_mini_mcu.memory_subsystem_i.ram0_i.tc_ram_i.sram\[27\]\[15\],24.08µm
i_core_v_mini_mcu.memory_subsystem_i.ram0_i.tc_ram_i.sram\[7\]\[0\],24.08µm
net398,24.08µm
net1816,24.08µm
i_core_v_mini_mcu.system_bus_i.gen_demux_xbar\[1\].demux_xbar_i.u_xbar_varlat.gen_inputs\[0\].i_addr_dec_resp_mux.valid_inflight_q,23.9µm
i_core_v_mini_mcu.peripheral_subsystem_i.uart_i.uart_core.u_uart_rxfifo.gen_normal_fifo.storage\[16\],23.85µm
_15105_,23.82µm
_15421_,23.82µm
_05604_,23.8µm
_15174_,23.77µm
_17043_,23.77µm
_08747_,23.72µm
_14385_,23.72µm
_15243_,23.72µm
_17235_,23.72µm
i_core_v_mini_mcu.cpu_subsystem_i.cpu_0_0.rf_ram_i.memory\[438\]\[0\],23.72µm
i_core_v_mini_mcu.system_bus_i.system_xbar_i.gen_xbar_NtoM.i_xbar.gen_outputs\[4\].gen_rr_arb_tree.i_rr_arb_tree.gen_arbiter.rr_q\[0\],23.72µm
_02158_,23.67µm
_08891_,23.67µm
_10253_,23.67µm
_15792_,23.67µm
_16012_,23.67µm
_16692_,23.67µm
_17197_,23.67µm
i_core_v_mini_mcu.ao_peripheral_subsystem_i.power_manager_i.power_manager_reg_top_i.cpu_reset_assert_counter_qs\[4\],23.67µm
i_core_v_mini_mcu.ao_peripheral_subsystem_i.power_manager_i.power_manager_reg_top_i.cpu_reset_deassert_counter_qs\[6\],23.67µm
i_core_v_mini_mcu.cpu_subsystem_i.cpu_0_0.rf_ram_i.memory\[71\]\[0\],23.67µm
i_core_v_mini_mcu.cpu_subsystem_i.cpu_1_0.rf_ram_i.memory\[483\]\[0\],23.67µm
i_core_v_mini_mcu.memory_subsystem_i.ram0_i.tc_ram_i.sram\[27\]\[6\],23.67µm
net1767,23.67µm
_00523_,23.62µm
_05900_,23.62µm
_08246_,23.62µm
_08524_,23.62µm
_08969_,23.62µm
_09359_,23.62µm
_09991_,23.62µm
_10194_,23.62µm
_10199_,23.62µm
_10892_,23.62µm
_12206_,23.62µm
_13183_,23.62µm
_13597_,23.62µm
_15991_,23.62µm
_17062_,23.62µm
_17256_,23.62µm
_17603_,23.62µm
_20779_,23.62µm
_20819_,23.62µm
_23290_,23.62µm
_23891_,23.62µm
i_core_v_mini_mcu.ao_peripheral_subsystem_i.obi_fifo_i.consumer_data_req_q\[50\],23.62µm
i_core_v_mini_mcu.ao_peripheral_subsystem_i.tdu_i.active_hart_cycles_q\[20\],23.62µm
i_core_v_mini_mcu.cpu_subsystem_i.cpu_0_0.rf_ram_i.memory\[147\]\[0\],23.62µm
i_core_v_mini_mcu.cpu_subsystem_i.cpu_0_0.rf_ram_i.memory\[258\]\[0\],23.62µm
i_core_v_mini_mcu.cpu_subsystem_i.cpu_0_0.rf_ram_i.memory\[370\]\[0\],23.62µm
i_core_v_mini_mcu.cpu_subsystem_i.cpu_0_0.rf_ram_i.memory\[427\]\[1\],23.62µm
i_core_v_mini_mcu.cpu_subsystem_i.cpu_0_0.rf_ram_i.memory\[548\]\[0\],23.62µm
i_core_v_mini_mcu.cpu_subsystem_i.cpu_0_0.rf_ram_i.memory\[570\]\[0\],23.62µm
i_core_v_mini_mcu.cpu_subsystem_i.cpu_1_0.rf_ram_i.memory\[102\]\[0\],23.62µm
i_core_v_mini_mcu.cpu_subsystem_i.cpu_1_0.rf_ram_i.memory\[496\]\[0\],23.62µm
i_core_v_mini_mcu.memory_subsystem_i.ram0_i.tc_ram_i.sram\[10\]\[24\],23.62µm
i_core_v_mini_mcu.memory_subsystem_i.ram0_i.tc_ram_i.sram\[13\]\[3\],23.62µm
i_core_v_mini_mcu.memory_subsystem_i.ram0_i.tc_ram_i.sram\[15\]\[2\],23.62µm
i_core_v_mini_mcu.memory_subsystem_i.ram0_i.tc_ram_i.sram\[17\]\[22\],23.62µm
i_core_v_mini_mcu.memory_subsystem_i.ram0_i.tc_ram_i.sram\[27\]\[31\],23.62µm
i_core_v_mini_mcu.memory_subsystem_i.ram0_i.tc_ram_i.sram\[7\]\[21\],23.62µm
i_core_v_mini_mcu.peripheral_slave_resp\[28\],23.62µm
i_core_v_mini_mcu.peripheral_subsystem_i.periph_to_reg_i.r_rdata_d\[30\],23.62µm
i_core_v_mini_mcu.peripheral_subsystem_i.uart_i.uart_core.u_uart_txfifo.gen_normal_fifo.storage\[1\],23.62µm
i_core_v_mini_mcu.peripheral_subsystem_i.uart_i.uart_core.uart_rx.baud_div_q\[2\],23.62µm
_00085_,23.57µm
_00102_,23.57µm
_00457_,23.57µm
_01140_,23.57µm
_01968_,23.57µm
_03626_,23.57µm
_04460_,23.57µm
_04818_,23.57µm
_04877_,23.57µm
_05528_,23.57µm
_05966_,23.57µm
_06271_,23.57µm
_06628_,23.57µm
_07208_,23.57µm
_07638_,23.57µm
_08420_,23.57µm
_08953_,23.57µm
_09469_,23.57µm
_09509_,23.57µm
_09996_,23.57µm
_10003_,23.57µm
_10029_,23.57µm
_10068_,23.57µm
_10191_,23.57µm
_11048_,23.57µm
_11186_,23.57µm
_11403_,23.57µm
_11737_,23.57µm
_12113_,23.57µm
_12763_,23.57µm
_13114_,23.57µm
_13136_,23.57µm
_14221_,23.57µm
_14378_,23.57µm
_15146_,23.57µm
_15616_,23.57µm
_16110_,23.57µm
_16759_,23.57µm
_16988_,23.57µm
_17387_,23.57µm
_17641_,23.57µm
_18880_,23.57µm
_19104_,23.57µm
_19153_,23.57µm
_19229_,23.57µm
_19280_,23.57µm
_20982_,23.57µm
_21092_,23.57µm
_21829_,23.57µm
_21954_,23.57µm
_22195_,23.57µm
_22215_,23.57µm
_22372_,23.57µm
_22417_,23.57µm
_22488_,23.57µm
_22505_,23.57µm
_22569_,23.57µm
_22756_,23.57µm
_23270_,23.57µm
_23858_,23.57µm
_24242_,23.57µm
_24489_,23.57µm
_24490_,23.57µm
_24502_,23.57µm
_25028_,23.57µm
_25031_,23.57µm
_25131_,23.57µm
_25506_,23.57µm
_25804_,23.57µm
_25846_,23.57µm
_25951_,23.57µm
_25985_,23.57µm
_26008_,23.57µm
_26029_,23.57µm
_26486_,23.57µm
_26625_,23.57µm
_27154_,23.57µm
_27900_,23.57µm
_28014_,23.57µm
_28090_,23.57µm
i_core_v_mini_mcu.ao_peripheral_subsystem_i.mosaic_clint_i.mtimecmp_q\[47\],23.57µm
i_core_v_mini_mcu.ao_peripheral_subsystem_i.power_manager_i.power_manager_reg_top_i.cpu_iso_on_counter_qs\[3\],23.57µm
i_core_v_mini_mcu.ao_peripheral_subsystem_i.power_manager_i.power_manager_reg_top_i.u_intr_state.wr_data\[23\],23.57µm
i_core_v_mini_mcu.ao_peripheral_subsystem_i.tdu_i.cpi_est_q\[21\],23.57µm
i_core_v_mini_mcu.ao_peripheral_subsystem_i.tdu_i.task_mem\[4\]\[30\],23.57µm
i_core_v_mini_mcu.ao_peripheral_subsystem_i.tdu_i.task_mem\[6\]\[2\],23.57µm
i_core_v_mini_mcu.cpu_subsystem_i.cpu_0_0.rf_ram_i.memory\[111\]\[1\],23.57µm
i_core_v_mini_mcu.cpu_subsystem_i.cpu_0_0.rf_ram_i.memory\[150\]\[1\],23.57µm
i_core_v_mini_mcu.cpu_subsystem_i.cpu_0_0.rf_ram_i.memory\[176\]\[1\],23.57µm
i_core_v_mini_mcu.cpu_subsystem_i.cpu_0_0.rf_ram_i.memory\[200\]\[0\],23.57µm
i_core_v_mini_mcu.cpu_subsystem_i.cpu_0_0.rf_ram_i.memory\[364\]\[0\],23.57µm
i_core_v_mini_mcu.cpu_subsystem_i.cpu_0_0.rf_ram_i.memory\[401\]\[1\],23.57µm
i_core_v_mini_mcu.cpu_subsystem_i.cpu_0_0.rf_ram_i.memory\[435\]\[0\],23.57µm
i_core_v_mini_mcu.cpu_subsystem_i.cpu_0_0.rf_ram_i.memory\[555\]\[0\],23.57µm
i_core_v_mini_mcu.cpu_subsystem_i.cpu_0_0.rf_ram_i.memory\[68\]\[0\],23.57µm
i_core_v_mini_mcu.cpu_subsystem_i.cpu_1_0.i_servile.rf_ram_if.rdata1,23.57µm
i_core_v_mini_mcu.cpu_subsystem_i.cpu_1_0.rf_ram_i.memory\[144\]\[0\],23.57µm
i_core_v_mini_mcu.cpu_subsystem_i.cpu_1_0.rf_ram_i.memory\[174\]\[0\],23.57µm
i_core_v_mini_mcu.cpu_subsystem_i.cpu_1_0.rf_ram_i.memory\[376\]\[0\],23.57µm
i_core_v_mini_mcu.memory_subsystem_i.ram0_i.tc_ram_i.sram\[25\]\[25\],23.57µm
i_core_v_mini_mcu.memory_subsystem_i.ram0_i.tc_ram_i.sram\[26\]\[23\],23.57µm
i_core_v_mini_mcu.memory_subsystem_i.ram0_i.tc_ram_i.sram\[26\]\[25\],23.57µm
i_core_v_mini_mcu.memory_subsystem_i.ram0_i.tc_ram_i.sram\[29\]\[1\],23.57µm
i_core_v_mini_mcu.memory_subsystem_i.ram0_i.tc_ram_i.sram\[9\]\[14\],23.57µm
i_core_v_mini_mcu.peripheral_subsystem_i.obi_fifo_i.consumer_resp_i\[1\],23.57µm
i_core_v_mini_mcu.peripheral_subsystem_i.obi_fifo_i.consumer_resp_i\[5\],23.57µm
i_core_v_mini_mcu.peripheral_subsystem_i.uart_i.reg2hw\[118\],23.57µm
net1744,23.57µm
_00103_,23.52µm
_00786_,23.52µm
_02411_,23.52µm
_06292_,23.52µm
_06768_,23.52µm
_07388_,23.52µm
_08414_,23.52µm
_08681_,23.52µm
_09997_,23.52µm
_11200_,23.52µm
_11257_,23.52µm
_11329_,23.52µm
_11979_,23.52µm
_12453_,23.52µm
_12583_,23.52µm
_12671_,23.52µm
_12973_,23.52µm
_13200_,23.52µm
_13293_,23.52µm
_13397_,23.52µm
_13478_,23.52µm
_13552_,23.52µm
_13690_,23.52µm
_13734_,23.52µm
_13935_,23.52µm
_14229_,23.52µm
_14720_,23.52µm
_15250_,23.52µm
_16199_,23.52µm
_16264_,23.52µm
_16934_,23.52µm
_16977_,23.52µm
_17009_,23.52µm
_17323_,23.52µm
_17402_,23.52µm
_17650_,23.52µm
_18459_,23.52µm
_18619_,23.52µm
_18814_,23.52µm
_18944_,23.52µm
_19230_,23.52µm
_19321_,23.52µm
_19382_,23.52µm
_19462_,23.52µm
_19761_,23.52µm
_19976_,23.52µm
_21660_,23.52µm
_22847_,23.52µm
_23021_,23.52µm
_24036_,23.52µm
_24037_,23.52µm
_24071_,23.52µm
_24201_,23.52µm
_24649_,23.52µm
_24716_,23.52µm
_24819_,23.52µm
_25103_,23.52µm
_25140_,23.52µm
_25345_,23.52µm
_25417_,23.52µm
_25579_,23.52µm
_25617_,23.52µm
_25838_,23.52µm
_26163_,23.52µm
_26202_,23.52µm
_26545_,23.52µm
_27112_,23.52µm
_27528_,23.52µm
_27689_,23.52µm
i_core_v_mini_mcu.ao_peripheral_subsystem_i.power_manager_i.power_manager_reg_top_i.power_gate_core_qs,23.52µm
i_core_v_mini_mcu.ao_peripheral_subsystem_i.power_manager_i.power_manager_reg_top_i.u_intr_state.wr_data\[13\],23.52µm
i_core_v_mini_mcu.ao_peripheral_subsystem_i.spi_subsystem_i.obi_spimemio_i.obi_to_picorv32_i.picorv32_resp_i\[8\],23.52µm
i_core_v_mini_mcu.ao_peripheral_subsystem_i.spi_subsystem_i.obi_spimemio_i.spimemio_i.config_csb,23.52µm
i_core_v_mini_mcu.ao_peripheral_subsystem_i.tdu_i.cpi_est_q\[28\],23.52µm
i_core_v_mini_mcu.ao_peripheral_subsystem_i.tdu_i.cpi_est_q\[32\],23.52µm
i_core_v_mini_mcu.cpu_subsystem_i.cpu_0_0.rf_ram_i.memory\[226\]\[1\],23.52µm
i_core_v_mini_mcu.cpu_subsystem_i.cpu_0_0.rf_ram_i.memory\[263\]\[0\],23.52µm
i_core_v_mini_mcu.cpu_subsystem_i.cpu_0_0.rf_ram_i.memory\[312\]\[0\],23.52µm
i_core_v_mini_mcu.cpu_subsystem_i.cpu_0_0.rf_ram_i.memory\[571\]\[0\],23.52µm
i_core_v_mini_mcu.cpu_subsystem_i.cpu_0_0.rf_ram_i.memory\[9\]\[0\],23.52µm
i_core_v_mini_mcu.cpu_subsystem_i.cpu_1_0.i_servile.cpu.state.ibus_cyc,23.52µm
i_core_v_mini_mcu.cpu_subsystem_i.cpu_1_0.rf_ram_i.memory\[157\]\[1\],23.52µm
i_core_v_mini_mcu.cpu_subsystem_i.cpu_1_0.rf_ram_i.memory\[16\]\[1\],23.52µm
i_core_v_mini_mcu.cpu_subsystem_i.cpu_1_0.rf_ram_i.memory\[296\]\[0\],23.52µm
i_core_v_mini_mcu.cpu_subsystem_i.cpu_1_0.rf_ram_i.memory\[475\]\[0\],23.52µm
i_core_v_mini_mcu.cpu_subsystem_i.cpu_1_0.rf_ram_i.memory\[505\]\[1\],23.52µm
i_core_v_mini_mcu.cpu_subsystem_i.cpu_1_0.rf_ram_i.memory\[508\]\[1\],23.52µm
i_core_v_mini_mcu.cpu_subsystem_i.cpu_1_0.rf_ram_i.memory\[83\]\[1\],23.52µm
i_core_v_mini_mcu.memory_subsystem_i.ram0_i.tc_ram_i.sram\[11\]\[31\],23.52µm
i_core_v_mini_mcu.memory_subsystem_i.ram0_i.tc_ram_i.sram\[17\]\[12\],23.52µm
i_core_v_mini_mcu.memory_subsystem_i.ram0_i.tc_ram_i.sram\[17\]\[16\],23.52µm
i_core_v_mini_mcu.memory_subsystem_i.ram0_i.tc_ram_i.sram\[29\]\[15\],23.52µm
i_core_v_mini_mcu.memory_subsystem_i.ram0_i.tc_ram_i.sram\[2\]\[3\],23.52µm
_11856_,23.24µm
_09651_,23.21µm
i_core_v_mini_mcu.cpu_subsystem_i.cpu_0_0.rf_ram_i.memory\[89\]\[0\],23.21µm
_06220_,23.16µm
_15920_,23.16µm
_16119_,23.16µm
_16579_,23.16µm
_17637_,23.16µm
_18007_,23.16µm
_23699_,23.16µm
_06263_,23.11µm
_06315_,23.11µm
_09317_,23.11µm
_09965_,23.11µm
_10257_,23.11µm
_14534_,23.11µm
_14650_,23.11µm
_15391_,23.11µm
_15556_,23.11µm
_15838_,23.11µm
_16301_,23.11µm
_16957_,23.11µm
_17374_,23.11µm
_17380_,23.11µm
_21313_,23.11µm
_22200_,23.11µm
_23593_,23.11µm
_24546_,23.11µm
i_core_v_mini_mcu.cpu_subsystem_i.cpu_0_0.rf_ram_i.memory\[496\]\[0\],23.11µm
i_core_v_mini_mcu.cpu_subsystem_i.cpu_0_0.rf_ram_i.memory\[99\]\[1\],23.11µm
i_core_v_mini_mcu.cpu_subsystem_i.cpu_1_0.rf_ram_i.memory\[15\]\[1\],23.11µm
i_core_v_mini_mcu.memory_subsystem_i.ram0_i.tc_ram_i.sram\[7\]\[2\],23.11µm
i_core_v_mini_mcu.peripheral_subsystem_i.obi_fifo_i.consumer_data_req_q\[7\],23.11µm
_03534_,23.06µm
_04651_,23.06µm
_05979_,23.06µm
_06035_,23.06µm
_06817_,23.06µm
_08850_,23.06µm
_10318_,23.06µm
_11721_,23.06µm
_13767_,23.06µm
_14495_,23.06µm
_14772_,23.06µm
_16695_,23.06µm
_16826_,23.06µm
_17123_,23.06µm
_17648_,23.06µm
_17836_,23.06µm
_19762_,23.06µm
_20404_,23.06µm
_20677_,23.06µm
_21946_,23.06µm
_22123_,23.06µm
_22884_,23.06µm
_22914_,23.06µm
_23900_,23.06µm
i_core_v_mini_mcu.ao_peripheral_subsystem_i.clint_software_irq_o\[1\],23.06µm
i_core_v_mini_mcu.ao_peripheral_subsystem_i.power_manager_i.power_manager_counter_sequence_cpu_reset_i.sequence_curr_state\[3\],23.06µm
i_core_v_mini_mcu.ao_peripheral_subsystem_i.power_manager_i.power_manager_counter_sequence_cpu_switch_i.sequence_curr_state\[1\],23.06µm
i_core_v_mini_mcu.ao_peripheral_subsystem_i.power_manager_i.power_manager_reg_top_i.cpu_reset_assert_counter_qs\[10\],23.06µm
i_core_v_mini_mcu.ao_peripheral_subsystem_i.power_manager_i.power_manager_reg_top_i.en_wait_for_intr_qs\[3\],23.06µm
i_core_v_mini_mcu.ao_peripheral_subsystem_i.soc_ctrl_i.reg2hw\[28\],23.06µm
i_core_v_mini_mcu.cpu_subsystem_i.cpu_0_0.rf_ram_i.memory\[194\]\[1\],23.06µm
i_core_v_mini_mcu.cpu_subsystem_i.cpu_0_0.rf_ram_i.memory\[199\]\[0\],23.06µm
i_core_v_mini_mcu.cpu_subsystem_i.cpu_0_0.rf_ram_i.memory\[295\]\[0\],23.06µm
i_core_v_mini_mcu.cpu_subsystem_i.cpu_0_0.rf_ram_i.memory\[513\]\[0\],23.06µm
i_core_v_mini_mcu.cpu_subsystem_i.cpu_0_0.rf_ram_i.memory\[569\]\[0\],23.06µm
i_core_v_mini_mcu.cpu_subsystem_i.cpu_1_0.rf_ram_i.memory\[192\]\[1\],23.06µm
i_core_v_mini_mcu.cpu_subsystem_i.cpu_1_0.rf_ram_i.memory\[240\]\[0\],23.06µm
i_core_v_mini_mcu.cpu_subsystem_i.cpu_1_0.rf_ram_i.memory\[243\]\[0\],23.06µm
i_core_v_mini_mcu.cpu_subsystem_i.cpu_1_0.rf_ram_i.memory\[275\]\[0\],23.06µm
i_core_v_mini_mcu.cpu_subsystem_i.cpu_1_0.rf_ram_i.memory\[365\]\[0\],23.06µm
i_core_v_mini_mcu.cpu_subsystem_i.cpu_1_0.rf_ram_i.memory\[37\]\[1\],23.06µm
i_core_v_mini_mcu.memory_subsystem_i.ram0_i.tc_ram_i.sram\[8\]\[7\],23.06µm
i_core_v_mini_mcu.peripheral_subsystem_i.obi_fifo_i.consumer_data_req_q\[17\],23.06µm
i_core_v_mini_mcu.peripheral_subsystem_i.obi_fifo_i.consumer_data_req_q\[20\],23.06µm
i_core_v_mini_mcu.peripheral_subsystem_i.periph_to_reg_i.r_rdata_d\[27\],23.06µm
i_core_v_mini_mcu.peripheral_subsystem_i.uart_i.reg2hw\[124\],23.06µm
i_core_v_mini_mcu.peripheral_subsystem_i.uart_i.uart_core.tx_out_q,23.06µm
_00723_,23.01µm
_02169_,23.01µm
_03697_,23.01µm
_04078_,23.01µm
_04797_,23.01µm
_05501_,23.01µm
_06082_,23.01µm
_06119_,23.01µm
_06122_,23.01µm
_06183_,23.01µm
_06528_,23.01µm
_06548_,23.01µm
_07636_,23.01µm
_08250_,23.01µm
_08314_,23.01µm
_09635_,23.01µm
_09703_,23.01µm
_09926_,23.01µm
_10048_,23.01µm
_10281_,23.01µm
_10655_,23.01µm
_10885_,23.01µm
_11470_,23.01µm
_11507_,23.01µm
_11844_,23.01µm
_11894_,23.01µm
_12596_,23.01µm
_12787_,23.01µm
_12952_,23.01µm
_13063_,23.01µm
_13406_,23.01µm
_13531_,23.01µm
_13621_,23.01µm
_13809_,23.01µm
_14133_,23.01µm
_14735_,23.01µm
_15360_,23.01µm
_16285_,23.01µm
_16373_,23.01µm
_16645_,23.01µm
_17002_,23.01µm
_17849_,23.01µm
_19174_,23.01µm
_19542_,23.01µm
_19953_,23.01µm
_20435_,23.01µm
_20484_,23.01µm
_21363_,23.01µm
_21695_,23.01µm
_22010_,23.01µm
_23428_,23.01µm
_23999_,23.01µm
_24354_,23.01µm
_24509_,23.01µm
_25092_,23.01µm
_26031_,23.01µm
_26633_,23.01µm
_27068_,23.01µm
_27463_,23.01µm
_27850_,23.01µm
_27891_,23.01µm
_28102_,23.01µm
i_core_v_mini_mcu.ao_peripheral_subsystem_i.mosaic_clint_i.mtimecmp_q\[0\],23.01µm
i_core_v_mini_mcu.ao_peripheral_subsystem_i.obi_fifo_i.consumer_data_req_q\[65\],23.01µm
i_core_v_mini_mcu.ao_peripheral_subsystem_i.peripheral_subsystem_pwr_ctrl_i,23.01µm
i_core_v_mini_mcu.ao_peripheral_subsystem_i.power_manager_i.power_manager_reg_top_i.u_intr_state.wr_data\[0\],23.01µm
i_core_v_mini_mcu.ao_peripheral_subsystem_i.spi_subsystem_i.obi_spimemio_i.obi_to_picorv32_i.obi_resp_o\[30\],23.01µm
i_core_v_mini_mcu.ao_peripheral_subsystem_i.tdu_i.cpi_est_q\[29\],23.01µm
i_core_v_mini_mcu.cpu_subsystem_i.cpu_0_0.rf_ram_i.memory\[105\]\[0\],23.01µm
i_core_v_mini_mcu.cpu_subsystem_i.cpu_0_0.rf_ram_i.memory\[147\]\[1\],23.01µm
i_core_v_mini_mcu.cpu_subsystem_i.cpu_0_0.rf_ram_i.memory\[183\]\[0\],23.01µm
i_core_v_mini_mcu.cpu_subsystem_i.cpu_0_0.rf_ram_i.memory\[276\]\[1\],23.01µm
i_core_v_mini_mcu.cpu_subsystem_i.cpu_0_0.rf_ram_i.memory\[297\]\[1\],23.01µm
i_core_v_mini_mcu.cpu_subsystem_i.cpu_0_0.rf_ram_i.memory\[353\]\[0\],23.01µm
i_core_v_mini_mcu.cpu_subsystem_i.cpu_0_0.rf_ram_i.memory\[394\]\[0\],23.01µm
i_core_v_mini_mcu.cpu_subsystem_i.cpu_0_0.rf_ram_i.memory\[443\]\[0\],23.01µm
i_core_v_mini_mcu.cpu_subsystem_i.cpu_0_0.rf_ram_i.memory\[518\]\[1\],23.01µm
i_core_v_mini_mcu.cpu_subsystem_i.cpu_0_0.rf_ram_i.memory\[525\]\[0\],23.01µm
i_core_v_mini_mcu.cpu_subsystem_i.cpu_0_0.rf_ram_i.memory\[526\]\[0\],23.01µm
i_core_v_mini_mcu.cpu_subsystem_i.cpu_0_0.rf_ram_i.memory\[527\]\[1\],23.01µm
i_core_v_mini_mcu.cpu_subsystem_i.cpu_0_0.rf_ram_i.memory\[52\]\[1\],23.01µm
i_core_v_mini_mcu.cpu_subsystem_i.cpu_0_0.rf_ram_i.memory\[560\]\[0\],23.01µm
i_core_v_mini_mcu.cpu_subsystem_i.cpu_0_0.rf_ram_i.memory\[66\]\[1\],23.01µm
i_core_v_mini_mcu.cpu_subsystem_i.cpu_1_0.i_servile.cpu.immdec.gen_immdec_w_eq_1.imm30_25\[0\],23.01µm
i_core_v_mini_mcu.cpu_subsystem_i.cpu_1_0.rf_ram_i.memory\[291\]\[0\],23.01µm
i_core_v_mini_mcu.cpu_subsystem_i.cpu_1_0.rf_ram_i.memory\[310\]\[0\],23.01µm
i_core_v_mini_mcu.cpu_subsystem_i.cpu_1_0.rf_ram_i.memory\[344\]\[1\],23.01µm
i_core_v_mini_mcu.cpu_subsystem_i.cpu_1_0.rf_ram_i.memory\[40\]\[0\],23.01µm
i_core_v_mini_mcu.cpu_subsystem_i.cpu_1_0.rf_ram_i.memory\[413\]\[1\],23.01µm
i_core_v_mini_mcu.cpu_subsystem_i.cpu_1_0.rf_ram_i.memory\[493\]\[0\],23.01µm
i_core_v_mini_mcu.cpu_subsystem_i.cpu_1_0.rf_ram_i.memory\[498\]\[0\],23.01µm
i_core_v_mini_mcu.memory_subsystem_i.ram0_i.tc_ram_i.sram\[10\]\[12\],23.01µm
i_core_v_mini_mcu.memory_subsystem_i.ram0_i.tc_ram_i.sram\[1\]\[31\],23.01µm
i_core_v_mini_mcu.memory_subsystem_i.ram0_i.tc_ram_i.sram\[3\]\[18\],23.01µm
i_core_v_mini_mcu.peripheral_subsystem_i.uart_i.hw2reg\[14\],23.01µm
i_core_v_mini_mcu.peripheral_subsystem_i.uart_i.uart_core.nco_sum_q\[13\],23.01µm
i_core_v_mini_mcu.system_bus_i.system_xbar_i.gen_xbar_NtoM.i_xbar.gen_outputs\[3\].gen_rr_arb_tree.i_rr_arb_tree.gen_arbiter.rr_q\[0\],23.01µm
net1550,23.01µm
clknet_leaf_12_i_core_v_mini_mcu.cpu_subsystem_i.cpu_1_0.clk_i,23.01µm
_00403_,22.96µm
_02761_,22.96µm
_03691_,22.96µm
_04051_,22.96µm
_04069_,22.96µm
_04604_,22.96µm
_04941_,22.96µm
_05620_,22.96µm
_07119_,22.96µm
_07845_,22.96µm
_08214_,22.96µm
_09068_,22.96µm
_09450_,22.96µm
_09498_,22.96µm
_09554_,22.96µm
_09609_,22.96µm
_10006_,22.96µm
_10905_,22.96µm
_11488_,22.96µm
_11541_,22.96µm
_11937_,22.96µm
_12158_,22.96µm
_12352_,22.96µm
_12399_,22.96µm
_12492_,22.96µm
_12717_,22.96µm
_12961_,22.96µm
_13035_,22.96µm
_13079_,22.96µm
_13139_,22.96µm
_13580_,22.96µm
_13917_,22.96µm
_13987_,22.96µm
_14365_,22.96µm
_15037_,22.96µm
_15497_,22.96µm
_15842_,22.96µm
_16281_,22.96µm
_16783_,22.96µm
_16955_,22.96µm
_16968_,22.96µm
_17317_,22.96µm
_17579_,22.96µm
_17662_,22.96µm
_17753_,22.96µm
_18659_,22.96µm
_18916_,22.96µm
_20506_,22.96µm
_20763_,22.96µm
_20923_,22.96µm
_20989_,22.96µm
_21633_,22.96µm
_21978_,22.96µm
_22158_,22.96µm
_22390_,22.96µm
_22958_,22.96µm
_24367_,22.96µm
_24701_,22.96µm
_25334_,22.96µm
_25511_,22.96µm
_26237_,22.96µm
_26356_,22.96µm
_26366_,22.96µm
_26581_,22.96µm
_26582_,22.96µm
_27200_,22.96µm
_27270_,22.96µm
_27457_,22.96µm
_27480_,22.96µm
i_core_v_mini_mcu.ao_peripheral_subsystem_i.power_manager_i.power_manager_reg_top_i.u_intr_state.wr_data\[29\],22.96µm
i_core_v_mini_mcu.ao_peripheral_subsystem_i.tdu_i.task_mem\[6\]\[1\],22.96µm
i_core_v_mini_mcu.cpu_subsystem_i.cpu_0_0.i_servile.cpu.gen_align.align.ibus_rdt_concat\[2\],22.96µm
i_core_v_mini_mcu.cpu_subsystem_i.cpu_0_0.rf_ram_i.memory\[148\]\[0\],22.96µm
i_core_v_mini_mcu.cpu_subsystem_i.cpu_0_0.rf_ram_i.memory\[23\]\[0\],22.96µm
i_core_v_mini_mcu.cpu_subsystem_i.cpu_0_0.rf_ram_i.memory\[26\]\[1\],22.96µm
i_core_v_mini_mcu.cpu_subsystem_i.cpu_0_0.rf_ram_i.memory\[310\]\[0\],22.96µm
i_core_v_mini_mcu.cpu_subsystem_i.cpu_0_0.rf_ram_i.memory\[409\]\[1\],22.96µm
i_core_v_mini_mcu.cpu_subsystem_i.cpu_0_0.rf_ram_i.memory\[470\]\[1\],22.96µm
i_core_v_mini_mcu.cpu_subsystem_i.cpu_1_0.i_servile.arbiter.i_wb_cpu_dbus_adr\[10\],22.96µm
i_core_v_mini_mcu.cpu_subsystem_i.cpu_1_0.rf_ram_i.memory\[180\]\[1\],22.96µm
i_core_v_mini_mcu.cpu_subsystem_i.cpu_1_0.rf_ram_i.memory\[234\]\[0\],22.96µm
i_core_v_mini_mcu.cpu_subsystem_i.cpu_1_0.rf_ram_i.memory\[503\]\[0\],22.96µm
i_core_v_mini_mcu.memory_subsystem_i.ram0_i.tc_ram_i.sram\[13\]\[9\],22.96µm
i_core_v_mini_mcu.memory_subsystem_i.ram0_i.tc_ram_i.sram\[24\]\[24\],22.96µm
i_core_v_mini_mcu.memory_subsystem_i.ram0_i.tc_ram_i.sram\[7\]\[17\],22.96µm
i_core_v_mini_mcu.peripheral_subsystem_i.periph_to_reg_i.r_rdata_d\[28\],22.96µm
i_core_v_mini_mcu.peripheral_subsystem_i.uart_i.uart_core.nco_sum_q\[5\],22.96µm
i_core_v_mini_mcu.cpu_subsystem_i.cpu_1_0.rf_ram_i.memory\[381\]\[1\],22.78µm
i_core_v_mini_mcu.cpu_subsystem_i.cpu_1_0.rf_ram_i.memory\[245\]\[1\],22.73µm
_15596_,22.7µm
i_core_v_mini_mcu.ao_peripheral_subsystem_i.power_manager_i.power_manager_reg_top_i.en_wait_for_intr_qs\[1\],22.68µm
i_core_v_mini_mcu.memory_subsystem_i.ram0_i.tc_ram_i.sram\[22\]\[19\],22.68µm
_06194_,22.6µm
_15053_,22.6µm
_15090_,22.6µm
_05777_,22.55µm
_06430_,22.55µm
_08598_,22.55µm
_09427_,22.55µm
_09709_,22.55µm
_14540_,22.55µm
_15948_,22.55µm
_16553_,22.55µm
_18238_,22.55µm
i_core_v_mini_mcu.ao_peripheral_subsystem_i.spi_subsystem_i.obi_spimemio_i.obi_to_picorv32_i.addr_buf\[12\],22.55µm
i_core_v_mini_mcu.ao_peripheral_subsystem_i.spi_subsystem_i.obi_spimemio_i.obi_to_picorv32_i.addr_buf\[20\],22.55µm
i_core_v_mini_mcu.ao_peripheral_subsystem_i.tdu_i.active_hart_cycles_q\[25\],22.55µm
i_core_v_mini_mcu.ao_peripheral_subsystem_i.tdu_i.active_hart_cycles_q\[9\],22.55µm
i_core_v_mini_mcu.cpu_subsystem_i.cpu_1_0.rf_ram_i.memory\[184\]\[1\],22.55µm
i_core_v_mini_mcu.cpu_subsystem_i.cpu_1_0.rf_ram_i.memory\[197\]\[1\],22.55µm
net1525,22.55µm
i_core_v_mini_mcu.ao_peripheral_subsystem_i.tdu_i.task_mem\[0\]\[14\],22.53µm
_00830_,22.5µm
_03405_,22.5µm
_04457_,22.5µm
_06368_,22.5µm
_06382_,22.5µm
_06386_,22.5µm
_07957_,22.5µm
_09099_,22.5µm
_09329_,22.5µm
_09731_,22.5µm
_10652_,22.5µm
_11784_,22.5µm
_12092_,22.5µm
_13549_,22.5µm
_13747_,22.5µm
_15104_,22.5µm
_17679_,22.5µm
_18158_,22.5µm
_18548_,22.5µm
_18867_,22.5µm
_20765_,22.5µm
_22909_,22.5µm
_23587_,22.5µm
_23761_,22.5µm
_23831_,22.5µm
_23967_,22.5µm
_25315_,22.5µm
_27456_,22.5µm
i_core_v_mini_mcu.ao_peripheral_subsystem_i.obi_fifo_i.consumer_data_req_q\[40\],22.5µm
i_core_v_mini_mcu.ao_peripheral_subsystem_i.obi_fifo_i.consumer_data_req_q\[44\],22.5µm
i_core_v_mini_mcu.ao_peripheral_subsystem_i.obi_fifo_i.consumer_data_req_q\[55\],22.5µm
i_core_v_mini_mcu.ao_peripheral_subsystem_i.tdu_i.task_mem\[6\]\[17\],22.5µm
i_core_v_mini_mcu.cpu_subsystem_i.cpu_0_0.i_servile.cpu.gen_csr.csr.mcause3_0\[0\],22.5µm
i_core_v_mini_mcu.cpu_subsystem_i.cpu_0_0.i_servile.rf_ram_if.rreq_r,22.5µm
i_core_v_mini_mcu.cpu_subsystem_i.cpu_0_0.rf_ram_i.memory\[141\]\[1\],22.5µm
i_core_v_mini_mcu.cpu_subsystem_i.cpu_0_0.rf_ram_i.memory\[363\]\[1\],22.5µm
i_core_v_mini_mcu.cpu_subsystem_i.cpu_0_0.rf_ram_i.memory\[516\]\[0\],22.5µm
i_core_v_mini_mcu.cpu_subsystem_i.cpu_0_0.rf_ram_i.memory\[525\]\[1\],22.5µm
i_core_v_mini_mcu.cpu_subsystem_i.cpu_0_0.rf_ram_i.memory\[528\]\[0\],22.5µm
i_core_v_mini_mcu.cpu_subsystem_i.cpu_0_0.rf_ram_i.memory\[56\]\[1\],22.5µm
i_core_v_mini_mcu.cpu_subsystem_i.cpu_1_0.rf_ram_i.memory\[108\]\[1\],22.5µm
i_core_v_mini_mcu.cpu_subsystem_i.cpu_1_0.rf_ram_i.memory\[284\]\[1\],22.5µm
i_core_v_mini_mcu.memory_subsystem_i.ram0_i.tc_ram_i.sram\[28\]\[1\],22.5µm
i_core_v_mini_mcu.memory_subsystem_i.ram0_i.tc_ram_i.sram\[29\]\[7\],22.5µm
i_core_v_mini_mcu.memory_subsystem_i.ram0_i.tc_ram_i.sram\[4\]\[9\],22.5µm
i_core_v_mini_mcu.peripheral_subsystem_i.periph_to_reg_i.r_rdata_d\[5\],22.5µm
_00398_,22.45µm
_00893_,22.45µm
_01262_,22.45µm
_02242_,22.45µm
_02445_,22.45µm
_03325_,22.45µm
_03712_,22.45µm
_03720_,22.45µm
_05559_,22.45µm
_05642_,22.45µm
_07553_,22.45µm
_07934_,22.45µm
_08073_,22.45µm
_08137_,22.45µm
_08293_,22.45µm
_08496_,22.45µm
_09354_,22.45µm
_10310_,22.45µm
_10662_,22.45µm
_10827_,22.45µm
_10949_,22.45µm
_11156_,22.45µm
_11419_,22.45µm
_11513_,22.45µm
_11658_,22.45µm
_11733_,22.45µm
_12000_,22.45µm
_12073_,22.45µm
_12576_,22.45µm
_13119_,22.45µm
_13313_,22.45µm
_13426_,22.45µm
_13434_,22.45µm
_13895_,22.45µm
_14653_,22.45µm
_14977_,22.45µm
_15630_,22.45µm
_15800_,22.45µm
_15894_,22.45µm
_16027_,22.45µm
_16893_,22.45µm
_17297_,22.45µm
_18298_,22.45µm
_18527_,22.45µm
_18651_,22.45µm
_19245_,22.45µm
_19509_,22.45µm
_19939_,22.45µm
_20392_,22.45µm
_20897_,22.45µm
_21214_,22.45µm
_21917_,22.45µm
_22047_,22.45µm
_23889_,22.45µm
_24241_,22.45µm
_24393_,22.45µm
_24544_,22.45µm
_24709_,22.45µm
_24949_,22.45µm
_25026_,22.45µm
_25370_,22.45µm
_25377_,22.45µm
_26026_,22.45µm
_26071_,22.45µm
_26150_,22.45µm
_26238_,22.45µm
_26838_,22.45µm
_27050_,22.45µm
_27206_,22.45µm
_27349_,22.45µm
_27677_,22.45µm
_27959_,22.45µm
i_core_v_mini_mcu.ao_peripheral_subsystem_i.mosaic_clint_i.mtimecmp_q\[62\],22.45µm
i_core_v_mini_mcu.ao_peripheral_subsystem_i.obi_fifo_i.consumer_data_req_q\[64\],22.45µm
i_core_v_mini_mcu.ao_peripheral_subsystem_i.obi_fifo_i.obi_resp_fifo_i.status_cnt_q\[0\],22.45µm
i_core_v_mini_mcu.ao_peripheral_subsystem_i.power_manager_i.power_manager_reg_top_i.u_intr_state.wr_data\[14\],22.45µm
i_core_v_mini_mcu.ao_peripheral_subsystem_i.power_manager_i.power_manager_sequence_periph_switch_i.sequence_curr_state\[1\],22.45µm
i_core_v_mini_mcu.ao_peripheral_subsystem_i.spi_subsystem_i.obi_spimemio_i.obi_to_picorv32_i.picorv32_resp_i\[10\],22.45µm
i_core_v_mini_mcu.ao_peripheral_subsystem_i.spi_subsystem_i.obi_spimemio_i.obi_to_picorv32_i.picorv32_resp_i\[20\],22.45µm
i_core_v_mini_mcu.ao_peripheral_subsystem_i.tdu_i.task_mem\[3\]\[14\],22.45µm
i_core_v_mini_mcu.cpu_subsystem_i.cpu_0_0.i_servile.cpu.decode.o_immdec_en\[0\],22.45µm
i_core_v_mini_mcu.cpu_subsystem_i.cpu_0_0.rf_ram_i.memory\[141\]\[0\],22.45µm
i_core_v_mini_mcu.cpu_subsystem_i.cpu_0_0.rf_ram_i.memory\[179\]\[1\],22.45µm
i_core_v_mini_mcu.cpu_subsystem_i.cpu_0_0.rf_ram_i.memory\[270\]\[0\],22.45µm
i_core_v_mini_mcu.cpu_subsystem_i.cpu_0_0.rf_ram_i.memory\[27\]\[1\],22.45µm
i_core_v_mini_mcu.cpu_subsystem_i.cpu_0_0.rf_ram_i.memory\[287\]\[0\],22.45µm
i_core_v_mini_mcu.cpu_subsystem_i.cpu_0_0.rf_ram_i.memory\[338\]\[0\],22.45µm
i_core_v_mini_mcu.cpu_subsystem_i.cpu_0_0.rf_ram_i.memory\[356\]\[0\],22.45µm
i_core_v_mini_mcu.cpu_subsystem_i.cpu_0_0.rf_ram_i.memory\[373\]\[0\],22.45µm
i_core_v_mini_mcu.cpu_subsystem_i.cpu_0_0.rf_ram_i.memory\[398\]\[1\],22.45µm
i_core_v_mini_mcu.cpu_subsystem_i.cpu_0_0.rf_ram_i.memory\[431\]\[0\],22.45µm
i_core_v_mini_mcu.cpu_subsystem_i.cpu_0_0.rf_ram_i.memory\[486\]\[0\],22.45µm
i_core_v_mini_mcu.cpu_subsystem_i.cpu_0_0.rf_ram_i.memory\[514\]\[1\],22.45µm
i_core_v_mini_mcu.cpu_subsystem_i.cpu_0_0.rf_ram_i.memory\[521\]\[1\],22.45µm
i_core_v_mini_mcu.cpu_subsystem_i.cpu_0_0.rf_ram_i.memory\[526\]\[1\],22.45µm
i_core_v_mini_mcu.cpu_subsystem_i.cpu_0_0.rf_ram_i.memory\[562\]\[1\],22.45µm
i_core_v_mini_mcu.cpu_subsystem_i.cpu_0_0.rf_ram_i.memory\[94\]\[1\],22.45µm
i_core_v_mini_mcu.cpu_subsystem_i.cpu_1_0.i_servile.arbiter.i_wb_cpu_ibus_adr\[25\],22.45µm
i_core_v_mini_mcu.cpu_subsystem_i.cpu_1_0.rf_ram_i.memory\[167\]\[1\],22.45µm
i_core_v_mini_mcu.cpu_subsystem_i.cpu_1_0.rf_ram_i.memory\[220\]\[1\],22.45µm
i_core_v_mini_mcu.cpu_subsystem_i.cpu_1_0.rf_ram_i.memory\[249\]\[1\],22.45µm
i_core_v_mini_mcu.cpu_subsystem_i.cpu_1_0.rf_ram_i.memory\[286\]\[0\],22.45µm
i_core_v_mini_mcu.memory_subsystem_i.ram0_i.tc_ram_i.sram\[10\]\[16\],22.45µm
i_core_v_mini_mcu.memory_subsystem_i.ram0_i.tc_ram_i.sram\[12\]\[29\],22.45µm
i_core_v_mini_mcu.memory_subsystem_i.ram0_i.tc_ram_i.sram\[17\]\[1\],22.45µm
i_core_v_mini_mcu.memory_subsystem_i.ram0_i.tc_ram_i.sram\[26\]\[0\],22.45µm
i_core_v_mini_mcu.memory_subsystem_i.ram0_i.tc_ram_i.sram\[26\]\[19\],22.45µm
i_core_v_mini_mcu.memory_subsystem_i.ram0_i.tc_ram_i.sram\[27\]\[20\],22.45µm
i_core_v_mini_mcu.memory_subsystem_i.ram0_i.tc_ram_i.sram\[30\]\[25\],22.45µm
i_core_v_mini_mcu.peripheral_subsystem_i.uart_i.uart_core.uart_tx.sreg_q\[1\],22.45µm
_03873_,22.4µm
_03909_,22.4µm
_04284_,22.4µm
_04897_,22.4µm
_04898_,22.4µm
_06105_,22.4µm
_06139_,22.4µm
_06278_,22.4µm
_07332_,22.4µm
_07633_,22.4µm
_08260_,22.4µm
_08883_,22.4µm
_10390_,22.4µm
_10493_,22.4µm
_10888_,22.4µm
_11036_,22.4µm
_11746_,22.4µm
_11751_,22.4µm
_11964_,22.4µm
_12001_,22.4µm
_12300_,22.4µm
_13069_,22.4µm
_13104_,22.4µm
_13124_,22.4µm
_13148_,22.4µm
_13177_,22.4µm
_13321_,22.4µm
_13663_,22.4µm
_14142_,22.4µm
_15172_,22.4µm
_15321_,22.4µm
_16202_,22.4µm
_16587_,22.4µm
_16750_,22.4µm
_16803_,22.4µm
_17016_,22.4µm
_17261_,22.4µm
_17584_,22.4µm
_18342_,22.4µm
_18397_,22.4µm
_18533_,22.4µm
_18577_,22.4µm
_18710_,22.4µm
_18777_,22.4µm
_19225_,22.4µm
_19275_,22.4µm
_19714_,22.4µm
_19900_,22.4µm
_20247_,22.4µm
_20407_,22.4µm
_20422_,22.4µm
_20439_,22.4µm
_20908_,22.4µm
_20965_,22.4µm
_20990_,22.4µm
_21166_,22.4µm
_21910_,22.4µm
_22067_,22.4µm
_22126_,22.4µm
_22990_,22.4µm
_23235_,22.4µm
_23523_,22.4µm
_23667_,22.4µm
_23939_,22.4µm
_25609_,22.4µm
_25720_,22.4µm
_26404_,22.4µm
_26510_,22.4µm
_26930_,22.4µm
_27002_,22.4µm
_27034_,22.4µm
_27176_,22.4µm
_27580_,22.4µm
_27797_,22.4µm
_27996_,22.4µm
_28000_,22.4µm
_28062_,22.4µm
_28107_,22.4µm
i_core_v_mini_mcu.ao_peripheral_subsystem_i.obi_fifo_i.consumer_data_req_q\[59\],22.4µm
i_core_v_mini_mcu.ao_peripheral_subsystem_i.power_manager_i.power_manager_reg_top_i.periph_clk_gate_qs,22.4µm
i_core_v_mini_mcu.cpu_subsystem_i.cpu_0_0.i_servile.cpu.cond_branch,22.4µm
i_core_v_mini_mcu.cpu_subsystem_i.cpu_0_0.rf_ram_i.memory\[222\]\[1\],22.4µm
i_core_v_mini_mcu.cpu_subsystem_i.cpu_0_0.rf_ram_i.memory\[268\]\[0\],22.4µm
i_core_v_mini_mcu.cpu_subsystem_i.cpu_0_0.rf_ram_i.memory\[283\]\[0\],22.4µm
i_core_v_mini_mcu.cpu_subsystem_i.cpu_0_0.rf_ram_i.memory\[284\]\[1\],22.4µm
i_core_v_mini_mcu.cpu_subsystem_i.cpu_0_0.rf_ram_i.memory\[335\]\[0\],22.4µm
i_core_v_mini_mcu.cpu_subsystem_i.cpu_0_0.rf_ram_i.memory\[454\]\[0\],22.4µm
i_core_v_mini_mcu.cpu_subsystem_i.cpu_0_0.rf_ram_i.memory\[566\]\[1\],22.4µm
i_core_v_mini_mcu.cpu_subsystem_i.cpu_0_0.rf_ram_i.memory\[70\]\[0\],22.4µm
i_core_v_mini_mcu.cpu_subsystem_i.cpu_1_0.rf_ram_i.memory\[161\]\[0\],22.4µm
i_core_v_mini_mcu.cpu_subsystem_i.cpu_1_0.rf_ram_i.memory\[193\]\[0\],22.4µm
i_core_v_mini_mcu.cpu_subsystem_i.cpu_1_0.rf_ram_i.memory\[218\]\[1\],22.4µm
i_core_v_mini_mcu.cpu_subsystem_i.cpu_1_0.rf_ram_i.memory\[52\]\[1\],22.4µm
i_core_v_mini_mcu.memory_subsystem_i.ram0_i.tc_ram_i.sram\[25\]\[3\],22.4µm
i_core_v_mini_mcu.memory_subsystem_i.ram0_i.tc_ram_i.sram\[31\]\[20\],22.4µm
i_core_v_mini_mcu.memory_subsystem_i.ram0_i.tc_ram_i.sram\[6\]\[25\],22.4µm
_06326_,22.14µm
_16183_,22.14µm
i_core_v_mini_mcu.cpu_subsystem_i.cpu_1_0.i_servile.cpu.csr_imm_en,22.12µm
i_core_v_mini_mcu.cpu_subsystem_i.cpu_1_0.rf_ram_i.memory\[33\]\[1\],22.12µm
_17928_,22.09µm
_17995_,22.09µm
_08588_,22.04µm
_14511_,22.04µm
_15581_,22.04µm
_15994_,22.04µm
_04683_,21.99µm
_08997_,21.99µm
_09490_,21.99µm
_09528_,21.99µm
_09690_,21.99µm
_09875_,21.99µm
_10372_,21.99µm
_11173_,21.99µm
_14390_,21.99µm
_14715_,21.99µm
_15670_,21.99µm
_15856_,21.99µm
_17825_,21.99µm
i_core_v_mini_mcu.ao_peripheral_subsystem_i.spi_subsystem_i.obi_spimemio_i.spimemio_i.buffer\[12\],21.99µm
i_core_v_mini_mcu.cpu_subsystem_i.cpu_1_0.rf_ram_i.memory\[485\]\[1\],21.99µm
i_core_v_mini_mcu.cpu_subsystem_i.cpu_0_0.rf_ram_i.memory\[342\]\[0\],21.97µm
_02252_,21.94µm
_05562_,21.94µm
_05619_,21.94µm
_06302_,21.94µm
_06926_,21.94µm
_07777_,21.94µm
_08043_,21.94µm
_08526_,21.94µm
_08711_,21.94µm
_08939_,21.94µm
_09042_,21.94µm
_09407_,21.94µm
_09650_,21.94µm
_11881_,21.94µm
_12192_,21.94µm
_12335_,21.94µm
_12986_,21.94µm
_13830_,21.94µm
_14999_,21.94µm
_15839_,21.94µm
_20418_,21.94µm
_20987_,21.94µm
_22133_,21.94µm
_22362_,21.94µm
_22670_,21.94µm
_22846_,21.94µm
_23033_,21.94µm
_24092_,21.94µm
_24580_,21.94µm
_25083_,21.94µm
i_core_v_mini_mcu.ao_peripheral_subsystem_i.mosaic_clint_i.mtimecmp_q\[22\],21.94µm
i_core_v_mini_mcu.ao_peripheral_subsystem_i.obi_fifo_i.consumer_data_req_q\[54\],21.94µm
i_core_v_mini_mcu.ao_peripheral_subsystem_i.power_manager_i.power_manager_reg_top_i.cpu_counters_stop_cpu_switch_on_stop_bit_counter_qs,21.94µm
i_core_v_mini_mcu.ao_peripheral_subsystem_i.tdu_i.task_mem\[4\]\[7\],21.94µm
i_core_v_mini_mcu.cpu_subsystem_i.cpu_0_0.i_servile.cpu.state.gen_csr.misalign_trap_sync_r,21.94µm
i_core_v_mini_mcu.cpu_subsystem_i.cpu_0_0.rf_ram_i.memory\[128\]\[1\],21.94µm
i_core_v_mini_mcu.cpu_subsystem_i.cpu_0_0.rf_ram_i.memory\[219\]\[0\],21.94µm
i_core_v_mini_mcu.cpu_subsystem_i.cpu_0_0.rf_ram_i.memory\[272\]\[1\],21.94µm
i_core_v_mini_mcu.cpu_subsystem_i.cpu_0_0.rf_ram_i.memory\[358\]\[0\],21.94µm
i_core_v_mini_mcu.cpu_subsystem_i.cpu_0_0.rf_ram_i.memory\[41\]\[1\],21.94µm
i_core_v_mini_mcu.cpu_subsystem_i.cpu_0_0.rf_ram_i.memory\[430\]\[1\],21.94µm
i_core_v_mini_mcu.cpu_subsystem_i.cpu_1_0.i_servile.cpu.immdec.gen_immdec_w_eq_1.imm24_20\[2\],21.94µm
i_core_v_mini_mcu.cpu_subsystem_i.cpu_1_0.rf_ram_i.memory\[120\]\[0\],21.94µm
i_core_v_mini_mcu.cpu_subsystem_i.cpu_1_0.rf_ram_i.memory\[159\]\[1\],21.94µm
i_core_v_mini_mcu.cpu_subsystem_i.cpu_1_0.rf_ram_i.memory\[24\]\[1\],21.94µm
i_core_v_mini_mcu.cpu_subsystem_i.cpu_1_0.rf_ram_i.memory\[288\]\[1\],21.94µm
i_core_v_mini_mcu.cpu_subsystem_i.cpu_1_0.rf_ram_i.memory\[300\]\[1\],21.94µm
i_core_v_mini_mcu.cpu_subsystem_i.cpu_1_0.rf_ram_i.memory\[306\]\[0\],21.94µm
i_core_v_mini_mcu.cpu_subsystem_i.cpu_1_0.rf_ram_i.memory\[399\]\[1\],21.94µm
i_core_v_mini_mcu.cpu_subsystem_i.cpu_1_0.rf_ram_i.memory\[438\]\[1\],21.94µm
i_core_v_mini_mcu.cpu_subsystem_i.cpu_1_0.rf_ram_i.memory\[466\]\[1\],21.94µm
i_core_v_mini_mcu.memory_subsystem_i.ram0_i.tc_ram_i.sram\[24\]\[11\],21.94µm
i_core_v_mini_mcu.peripheral_subsystem_i.periph_to_reg_i.r_rdata_d\[25\],21.94µm
i_core_v_mini_mcu.peripheral_subsystem_i.uart_i.reg2hw\[73\],21.94µm
i_core_v_mini_mcu.peripheral_subsystem_i.uart_i.uart_core.u_uart_txfifo.gen_normal_fifo.storage\[22\],21.94µm
net1783,21.94µm
_01399_,21.89µm
_04630_,21.89µm
_04790_,21.89µm
_05919_,21.89µm
_05975_,21.89µm
_06371_,21.89µm
_06593_,21.89µm
_06659_,21.89µm
_06721_,21.89µm
_07330_,21.89µm
_07987_,21.89µm
_08306_,21.89µm
_08993_,21.89µm
_09061_,21.89µm
_09503_,21.89µm
_10039_,21.89µm
_10198_,21.89µm
_10459_,21.89µm
_11322_,21.89µm
_12010_,21.89µm
_12725_,21.89µm
_13118_,21.89µm
_13431_,21.89µm
_13706_,21.89µm
_13865_,21.89µm
_14214_,21.89µm
_14862_,21.89µm
_15081_,21.89µm
_15841_,21.89µm
_16535_,21.89µm
_16602_,21.89µm
_17035_,21.89µm
_17307_,21.89µm
_18706_,21.89µm
_19235_,21.89µm
_19292_,21.89µm
_19540_,21.89µm
_19550_,21.89µm
_19880_,21.89µm
_20749_,21.89µm
_20902_,21.89µm
_21712_,21.89µm
_22511_,21.89µm
_23492_,21.89µm
_23643_,21.89µm
_23885_,21.89µm
_23905_,21.89µm
_24055_,21.89µm
_24340_,21.89µm
_24997_,21.89µm
_25138_,21.89µm
_25188_,21.89µm
_25403_,21.89µm
_25949_,21.89µm
_26021_,21.89µm
_26182_,21.89µm
_26186_,21.89µm
_26209_,21.89µm
_26573_,21.89µm
_26907_,21.89µm
_27145_,21.89µm
_27473_,21.89µm
_27513_,21.89µm
i_core_v_mini_mcu.ao_peripheral_subsystem_i.obi_fifo_i.consumer_data_req_q\[28\],21.89µm
i_core_v_mini_mcu.ao_peripheral_subsystem_i.tdu_i.cpi_est_q\[56\],21.89µm
i_core_v_mini_mcu.cpu_subsystem_i.cpu_0_0.rf_ram_i.memory\[113\]\[0\],21.89µm
i_core_v_mini_mcu.cpu_subsystem_i.cpu_0_0.rf_ram_i.memory\[12\]\[1\],21.89µm
i_core_v_mini_mcu.cpu_subsystem_i.cpu_0_0.rf_ram_i.memory\[181\]\[1\],21.89µm
i_core_v_mini_mcu.cpu_subsystem_i.cpu_0_0.rf_ram_i.memory\[185\]\[0\],21.89µm
i_core_v_mini_mcu.cpu_subsystem_i.cpu_0_0.rf_ram_i.memory\[199\]\[1\],21.89µm
i_core_v_mini_mcu.cpu_subsystem_i.cpu_0_0.rf_ram_i.memory\[254\]\[1\],21.89µm
i_core_v_mini_mcu.cpu_subsystem_i.cpu_0_0.rf_ram_i.memory\[347\]\[0\],21.89µm
i_core_v_mini_mcu.cpu_subsystem_i.cpu_0_0.rf_ram_i.memory\[38\]\[1\],21.89µm
i_core_v_mini_mcu.cpu_subsystem_i.cpu_0_0.rf_ram_i.memory\[391\]\[1\],21.89µm
i_core_v_mini_mcu.cpu_subsystem_i.cpu_0_0.rf_ram_i.memory\[516\]\[1\],21.89µm
i_core_v_mini_mcu.cpu_subsystem_i.cpu_0_0.rf_ram_i.memory\[543\]\[1\],21.89µm
i_core_v_mini_mcu.cpu_subsystem_i.cpu_1_0.rf_ram_i.memory\[142\]\[1\],21.89µm
i_core_v_mini_mcu.cpu_subsystem_i.cpu_1_0.rf_ram_i.memory\[16\]\[0\],21.89µm
i_core_v_mini_mcu.cpu_subsystem_i.cpu_1_0.rf_ram_i.memory\[19\]\[0\],21.89µm
i_core_v_mini_mcu.cpu_subsystem_i.cpu_1_0.rf_ram_i.memory\[390\]\[1\],21.89µm
i_core_v_mini_mcu.cpu_subsystem_i.cpu_1_0.rf_ram_i.memory\[62\]\[0\],21.89µm
i_core_v_mini_mcu.cpu_subsystem_i.cpu_1_0.rf_ram_i.memory\[68\]\[0\],21.89µm
i_core_v_mini_mcu.memory_subsystem_i.ram0_i.tc_ram_i.sram\[0\]\[3\],21.89µm
i_core_v_mini_mcu.memory_subsystem_i.ram0_i.tc_ram_i.sram\[13\]\[6\],21.89µm
i_core_v_mini_mcu.memory_subsystem_i.ram0_i.tc_ram_i.sram\[26\]\[17\],21.89µm
i_core_v_mini_mcu.memory_subsystem_i.ram0_i.tc_ram_i.sram\[27\]\[13\],21.89µm
i_core_v_mini_mcu.memory_subsystem_i.ram0_i.tc_ram_i.sram\[29\]\[26\],21.89µm
i_core_v_mini_mcu.memory_subsystem_i.ram0_i.tc_ram_i.sram\[30\]\[23\],21.89µm
i_core_v_mini_mcu.memory_subsystem_i.ram0_i.tc_ram_i.sram\[5\]\[17\],21.89µm
i_core_v_mini_mcu.memory_subsystem_i.ram0_i.tc_ram_i.sram\[6\]\[3\],21.89µm
i_core_v_mini_mcu.peripheral_subsystem_i.obi_fifo_i.consumer_resp_i\[31\],21.89µm
i_core_v_mini_mcu.system_bus_i.system_xbar_i.gen_xbar_NtoM.i_xbar.gen_inputs\[3\].i_addr_dec_resp_mux.gen_several_outputs.bank_sel_q\[0\],21.89µm
_02825_,21.84µm
_04678_,21.84µm
_04817_,21.84µm
_04925_,21.84µm
_04951_,21.84µm
_05139_,21.84µm
_05354_,21.84µm
_05823_,21.84µm
_05935_,21.84µm
_06180_,21.84µm
_06413_,21.84µm
_06707_,21.84µm
_06723_,21.84µm
_07091_,21.84µm
_07362_,21.84µm
_07706_,21.84µm
_07763_,21.84µm
_08996_,21.84µm
_09186_,21.84µm
_09304_,21.84µm
_09649_,21.84µm
_09768_,21.84µm
_09862_,21.84µm
_11353_,21.84µm
_11410_,21.84µm
_11616_,21.84µm
_11666_,21.84µm
_11673_,21.84µm
_11965_,21.84µm
_12055_,21.84µm
_12169_,21.84µm
_12626_,21.84µm
_13020_,21.84µm
_13672_,21.84µm
_13963_,21.84µm
_14712_,21.84µm
_14846_,21.84µm
_14868_,21.84µm
_16093_,21.84µm
_16837_,21.84µm
_17291_,21.84µm
_17378_,21.84µm
_17441_,21.84µm
_17578_,21.84µm
_17589_,21.84µm
_17690_,21.84µm
_17858_,21.84µm
_18574_,21.84µm
_18649_,21.84µm
_18683_,21.84µm
_19916_,21.84µm
_19950_,21.84µm
_22252_,21.84µm
_22275_,21.84µm
_22917_,21.84µm
_22981_,21.84µm
_23046_,21.84µm
_23684_,21.84µm
_23975_,21.84µm
_24226_,21.84µm
_25122_,21.84µm
_25211_,21.84µm
_25534_,21.84µm
_25830_,21.84µm
_26034_,21.84µm
_26166_,21.84µm
_26207_,21.84µm
_26411_,21.84µm
_26488_,21.84µm
_26537_,21.84µm
_26647_,21.84µm
_27598_,21.84µm
_28018_,21.84µm
i_core_v_mini_mcu.ao_peripheral_subsystem_i.soc_ctrl_i.reg2hw\[34\],21.84µm
i_core_v_mini_mcu.cpu_subsystem_i.cpu_0_0.rf_ram_i.memory\[184\]\[1\],21.84µm
i_core_v_mini_mcu.cpu_subsystem_i.cpu_0_0.rf_ram_i.memory\[353\]\[1\],21.84µm
i_core_v_mini_mcu.cpu_subsystem_i.cpu_0_0.rf_ram_i.memory\[454\]\[1\],21.84µm
i_core_v_mini_mcu.cpu_subsystem_i.cpu_0_0.rf_ram_i.memory\[45\]\[0\],21.84µm
i_core_v_mini_mcu.cpu_subsystem_i.cpu_0_0.rf_ram_i.memory\[474\]\[1\],21.84µm
i_core_v_mini_mcu.cpu_subsystem_i.cpu_0_0.rf_ram_i.memory\[493\]\[1\],21.84µm
i_core_v_mini_mcu.cpu_subsystem_i.cpu_0_0.rf_ram_i.memory\[93\]\[0\],21.84µm
i_core_v_mini_mcu.cpu_subsystem_i.cpu_0_0.rf_ram_i.regzero,21.84µm
i_core_v_mini_mcu.cpu_subsystem_i.cpu_1_0.rf_ram_i.memory\[108\]\[0\],21.84µm
i_core_v_mini_mcu.cpu_subsystem_i.cpu_1_0.rf_ram_i.memory\[156\]\[1\],21.84µm
i_core_v_mini_mcu.cpu_subsystem_i.cpu_1_0.rf_ram_i.memory\[185\]\[1\],21.84µm
i_core_v_mini_mcu.cpu_subsystem_i.cpu_1_0.rf_ram_i.memory\[53\]\[1\],21.84µm
i_core_v_mini_mcu.cpu_subsystem_i.cpu_1_0.rf_ram_i.memory\[86\]\[1\],21.84µm
i_core_v_mini_mcu.memory_subsystem_i.ram0_i.tc_ram_i.sram\[11\]\[17\],21.84µm
i_core_v_mini_mcu.memory_subsystem_i.ram0_i.tc_ram_i.sram\[4\]\[31\],21.84µm
i_core_v_mini_mcu.peripheral_subsystem_i.uart_i.uart_core.rx_timeout_count_q\[8\],21.84µm
net10,21.84µm
_03846_,21.78µm
_08849_,21.66µm
i_core_v_mini_mcu.cpu_subsystem_i.cpu_0_0.rf_ram_i.memory\[183\]\[1\],21.61µm
i_core_v_mini_mcu.cpu_subsystem_i.cpu_1_0.rf_ram_i.memory\[46\]\[1\],21.61µm
i_core_v_mini_mcu.cpu_subsystem_i.cpu_1_0.rf_ram_i.memory\[483\]\[1\],21.61µm
_10853_,21.55µm
_14857_,21.53µm
_09006_,21.48µm
_14673_,21.48µm
_14984_,21.48µm
_17430_,21.48µm
_18089_,21.48µm
_21896_,21.48µm
_06063_,21.43µm
_07374_,21.43µm
_08573_,21.43µm
_08727_,21.43µm
_08865_,21.43µm
_09298_,21.43µm
_10264_,21.43µm
_15865_,21.43µm
_15984_,21.43µm
_21353_,21.43µm
i_core_v_mini_mcu.cpu_subsystem_i.cpu_0_0.i_servile.cpu.ctrl.o_ibus_adr\[14\],21.43µm
i_core_v_mini_mcu.cpu_subsystem_i.cpu_0_0.rf_ram_i.memory\[109\]\[1\],21.43µm
i_core_v_mini_mcu.cpu_subsystem_i.cpu_1_0.rf_ram_i.memory\[121\]\[1\],21.43µm
i_core_v_mini_mcu.cpu_subsystem_i.cpu_1_0.rf_ram_i.memory\[164\]\[1\],21.43µm
i_core_v_mini_mcu.memory_subsystem_i.ram0_i.tc_ram_i.sram\[13\]\[4\],21.43µm
_02647_,21.38µm
_04658_,21.38µm
_05395_,21.38µm
_07389_,21.38µm
_07528_,21.38µm
_07627_,21.38µm
_08565_,21.38µm
_09254_,21.38µm
_09372_,21.38µm
_10204_,21.38µm
_10417_,21.38µm
_11694_,21.38µm
_11790_,21.38µm
_13068_,21.38µm
_13976_,21.38µm
_14325_,21.38µm
_15544_,21.38µm
_17071_,21.38µm
_17131_,21.38µm
_17147_,21.38µm
_17652_,21.38µm
_20978_,21.38µm
_21085_,21.38µm
_21642_,21.38µm
_22152_,21.38µm
_23723_,21.38µm
_23847_,21.38µm
_24325_,21.38µm
_26175_,21.38µm
_27711_,21.38µm
i_core_v_mini_mcu.ao_peripheral_subsystem_i.power_manager_i.power_manager_reg_top_i.intr_state_qs\[1\],21.38µm
i_core_v_mini_mcu.ao_peripheral_subsystem_i.power_manager_i.power_manager_reg_top_i.power_gate_ram_block_0_ack_qs,21.38µm
i_core_v_mini_mcu.ao_peripheral_subsystem_i.spi_subsystem_i.obi_spimemio_i.obi_to_picorv32_i.picorv32_resp_i\[28\],21.38µm
i_core_v_mini_mcu.cpu_subsystem_i.cpu_0_0.i_servile.cpu.immdec.gen_immdec_w_eq_1.imm24_20\[3\],21.38µm
i_core_v_mini_mcu.cpu_subsystem_i.cpu_0_0.rf_ram_i.memory\[162\]\[0\],21.38µm
i_core_v_mini_mcu.cpu_subsystem_i.cpu_0_0.rf_ram_i.memory\[221\]\[1\],21.38µm
i_core_v_mini_mcu.cpu_subsystem_i.cpu_0_0.rf_ram_i.memory\[309\]\[1\],21.38µm
i_core_v_mini_mcu.cpu_subsystem_i.cpu_0_0.rf_ram_i.memory\[506\]\[0\],21.38µm
i_core_v_mini_mcu.cpu_subsystem_i.cpu_0_0.rf_ram_i.memory\[82\]\[1\],21.38µm
i_core_v_mini_mcu.cpu_subsystem_i.cpu_0_0.rf_ram_i.memory\[90\]\[0\],21.38µm
i_core_v_mini_mcu.cpu_subsystem_i.cpu_1_0.rf_ram_i.memory\[146\]\[0\],21.38µm
i_core_v_mini_mcu.cpu_subsystem_i.cpu_1_0.rf_ram_i.memory\[165\]\[1\],21.38µm
i_core_v_mini_mcu.cpu_subsystem_i.cpu_1_0.rf_ram_i.memory\[271\]\[0\],21.38µm
i_core_v_mini_mcu.cpu_subsystem_i.cpu_1_0.rf_ram_i.memory\[356\]\[0\],21.38µm
i_core_v_mini_mcu.cpu_subsystem_i.cpu_1_0.rf_ram_i.memory\[392\]\[0\],21.38µm
i_core_v_mini_mcu.cpu_subsystem_i.cpu_1_0.rf_ram_i.memory\[487\]\[0\],21.38µm
i_core_v_mini_mcu.cpu_subsystem_i.cpu_1_0.rf_ram_i.memory\[51\]\[1\],21.38µm
i_core_v_mini_mcu.cpu_subsystem_i.cpu_1_0.rf_ram_i.memory\[77\]\[1\],21.38µm
i_core_v_mini_mcu.memory_subsystem_i.ram0_i.tc_ram_i.sram\[14\]\[25\],21.38µm
i_core_v_mini_mcu.memory_subsystem_i.ram0_i.tc_ram_i.sram\[3\]\[17\],21.38µm
i_core_v_mini_mcu.memory_subsystem_i.ram0_i.tc_ram_i.sram\[3\]\[3\],21.38µm
_00249_,21.33µm
_01910_,21.33µm
_02744_,21.33µm
_03738_,21.33µm
_03800_,21.33µm
_04721_,21.33µm
_05277_,21.33µm
_06761_,21.33µm
_07097_,21.33µm
_07224_,21.33µm
_07409_,21.33µm
_07536_,21.33µm
_07782_,21.33µm
_07967_,21.33µm
_08357_,21.33µm
_09274_,21.33µm
_09900_,21.33µm
_10261_,21.33µm
_10660_,21.33µm
_10719_,21.33µm
_11104_,21.33µm
_11195_,21.33µm
_11293_,21.33µm
_11689_,21.33µm
_11841_,21.33µm
_11861_,21.33µm
_11888_,21.33µm
_12015_,21.33µm
_12340_,21.33µm
_12786_,21.33µm
_12812_,21.33µm
_13046_,21.33µm
_13093_,21.33µm
_13492_,21.33µm
_13515_,21.33µm
_14067_,21.33µm
_14126_,21.33µm
_14609_,21.33µm
_15209_,21.33µm
_15230_,21.33µm
_15283_,21.33µm
_15888_,21.33µm
_16371_,21.33µm
_17667_,21.33µm
_17759_,21.33µm
_18827_,21.33µm
_19148_,21.33µm
_19909_,21.33µm
_20353_,21.33µm
_20426_,21.33µm
_20496_,21.33µm
_20988_,21.33µm
_21170_,21.33µm
_22947_,21.33µm
_23040_,21.33µm
_23047_,21.33µm
_23253_,21.33µm
_23475_,21.33µm
_23530_,21.33µm
_23863_,21.33µm
_24120_,21.33µm
_24417_,21.33µm
_24568_,21.33µm
_25027_,21.33µm
_25079_,21.33µm
_25794_,21.33µm
_25799_,21.33µm
_25916_,21.33µm
_26543_,21.33µm
_26849_,21.33µm
_27566_,21.33µm
_27652_,21.33µm
_27695_,21.33µm
_27957_,21.33µm
_28030_,21.33µm
i_core_v_mini_mcu.ao_peripheral_subsystem_i.mosaic_clint_i.mtimecmp_q\[1\],21.33µm
i_core_v_mini_mcu.ao_peripheral_subsystem_i.mosaic_clint_i.mtimecmp_q\[50\],21.33µm
i_core_v_mini_mcu.ao_peripheral_subsystem_i.obi_fifo_i.consumer_data_req_q\[42\],21.33µm
i_core_v_mini_mcu.ao_peripheral_subsystem_i.obi_fifo_i.consumer_data_req_q\[5\],21.33µm
i_core_v_mini_mcu.ao_peripheral_subsystem_i.soc_ctrl_i.soc_ctrl_reg_top_i.system_frequency_hz_qs\[21\],21.33µm
i_core_v_mini_mcu.ao_peripheral_subsystem_i.soc_ctrl_i.soc_ctrl_reg_top_i.system_frequency_hz_qs\[25\],21.33µm
i_core_v_mini_mcu.ao_peripheral_subsystem_i.spi_subsystem_i.obi_spimemio_i.spimemio_i.buffer\[23\],21.33µm
i_core_v_mini_mcu.ao_peripheral_subsystem_i.spi_subsystem_i.obi_spimemio_i.spimemio_i.rd_addr\[22\],21.33µm
i_core_v_mini_mcu.cpu_subsystem_i.cpu_0_0.ext_owns_q,21.33µm
i_core_v_mini_mcu.cpu_subsystem_i.cpu_0_0.i_servile.cpu.ctrl.pc_plus_offset_cy_r,21.33µm
i_core_v_mini_mcu.cpu_subsystem_i.cpu_0_0.i_servile.cpu.gen_csr.csr.mcause3_0\[1\],21.33µm
i_core_v_mini_mcu.cpu_subsystem_i.cpu_0_0.rf_ram_i.memory\[194\]\[0\],21.33µm
i_core_v_mini_mcu.cpu_subsystem_i.cpu_0_0.rf_ram_i.memory\[195\]\[1\],21.33µm
i_core_v_mini_mcu.cpu_subsystem_i.cpu_0_0.rf_ram_i.memory\[227\]\[0\],21.33µm
i_core_v_mini_mcu.cpu_subsystem_i.cpu_0_0.rf_ram_i.memory\[292\]\[0\],21.33µm
i_core_v_mini_mcu.cpu_subsystem_i.cpu_0_0.rf_ram_i.memory\[305\]\[1\],21.33µm
i_core_v_mini_mcu.cpu_subsystem_i.cpu_0_0.rf_ram_i.memory\[310\]\[1\],21.33µm
i_core_v_mini_mcu.cpu_subsystem_i.cpu_0_0.rf_ram_i.memory\[319\]\[1\],21.33µm
i_core_v_mini_mcu.cpu_subsystem_i.cpu_0_0.rf_ram_i.memory\[374\]\[0\],21.33µm
i_core_v_mini_mcu.cpu_subsystem_i.cpu_0_0.rf_ram_i.memory\[39\]\[1\],21.33µm
i_core_v_mini_mcu.cpu_subsystem_i.cpu_0_0.rf_ram_i.memory\[510\]\[1\],21.33µm
i_core_v_mini_mcu.cpu_subsystem_i.cpu_0_0.rf_ram_i.memory\[517\]\[0\],21.33µm
i_core_v_mini_mcu.cpu_subsystem_i.cpu_0_0.rf_ram_i.memory\[559\]\[1\],21.33µm
i_core_v_mini_mcu.cpu_subsystem_i.cpu_0_0.rf_ram_i.memory\[6\]\[0\],21.33µm
i_core_v_mini_mcu.cpu_subsystem_i.cpu_0_0.rf_ram_i.memory\[87\]\[0\],21.33µm
i_core_v_mini_mcu.cpu_subsystem_i.cpu_1_0.i_servile.cpu.immdec.gen_immdec_w_eq_1.imm30_25\[3\],21.33µm
i_core_v_mini_mcu.cpu_subsystem_i.cpu_1_0.rf_ram_i.memory\[100\]\[0\],21.33µm
i_core_v_mini_mcu.cpu_subsystem_i.cpu_1_0.rf_ram_i.memory\[149\]\[0\],21.33µm
i_core_v_mini_mcu.cpu_subsystem_i.cpu_1_0.rf_ram_i.memory\[197\]\[0\],21.33µm
i_core_v_mini_mcu.cpu_subsystem_i.cpu_1_0.rf_ram_i.memory\[225\]\[0\],21.33µm
i_core_v_mini_mcu.cpu_subsystem_i.cpu_1_0.rf_ram_i.memory\[399\]\[0\],21.33µm
i_core_v_mini_mcu.cpu_subsystem_i.cpu_1_0.rf_ram_i.memory\[412\]\[1\],21.33µm
i_core_v_mini_mcu.cpu_subsystem_i.cpu_1_0.rf_ram_i.memory\[492\]\[0\],21.33µm
i_core_v_mini_mcu.cpu_subsystem_i.cpu_1_0.rf_ram_i.memory\[95\]\[1\],21.33µm
i_core_v_mini_mcu.memory_subsystem_i.ram0_i.tc_ram_i.sram\[15\]\[17\],21.33µm
i_core_v_mini_mcu.memory_subsystem_i.ram0_i.tc_ram_i.sram\[20\]\[1\],21.33µm
i_core_v_mini_mcu.memory_subsystem_i.ram0_i.tc_ram_i.sram\[26\]\[15\],21.33µm
i_core_v_mini_mcu.memory_subsystem_i.ram0_i.tc_ram_i.sram\[28\]\[14\],21.33µm
i_core_v_mini_mcu.memory_subsystem_i.ram0_i.tc_ram_i.sram\[2\]\[21\],21.33µm
i_core_v_mini_mcu.memory_subsystem_i.ram0_i.tc_ram_i.sram\[6\]\[24\],21.33µm
i_core_v_mini_mcu.memory_subsystem_i.ram0_i.tc_ram_i.sram\[9\]\[7\],21.33µm
i_core_v_mini_mcu.peripheral_subsystem_i.clk_cg,21.33µm
i_core_v_mini_mcu.peripheral_subsystem_i.obi_fifo_i.consumer_data_req_q\[33\],21.33µm
i_core_v_mini_mcu.peripheral_subsystem_i.uart_i.reg2hw\[32\],21.33µm
_13152_,21.32µm
_02061_,21.28µm
_03748_,21.28µm
_03852_,21.28µm
_03926_,21.28µm
_05303_,21.28µm
_05634_,21.28µm
_06483_,21.28µm
_06655_,21.28µm
_07233_,21.28µm
_07834_,21.28µm
_08046_,21.28µm
_08433_,21.28µm
_08435_,21.28µm
_08783_,21.28µm
_09626_,21.28µm
_10217_,21.28µm
_10848_,21.28µm
_10931_,21.28µm
_10954_,21.28µm
_11160_,21.28µm
_11323_,21.28µm
_12071_,21.28µm
_12137_,21.28µm
_12295_,21.28µm
_12328_,21.28µm
_12361_,21.28µm
_12677_,21.28µm
_13091_,21.28µm
_13267_,21.28µm
_13386_,21.28µm
_13596_,21.28µm
_13816_,21.28µm
_14668_,21.28µm
_14738_,21.28µm
_15698_,21.28µm
_15745_,21.28µm
_15851_,21.28µm
_16299_,21.28µm
_16743_,21.28µm
_16769_,21.28µm
_16797_,21.28µm
_17509_,21.28µm
_18445_,21.28µm
_18665_,21.28µm
_18731_,21.28µm
_19784_,21.28µm
_20595_,21.28µm
_20735_,21.28µm
_20958_,21.28µm
_21020_,21.28µm
_21612_,21.28µm
_22524_,21.28µm
_22968_,21.28µm
_23004_,21.28µm
_23077_,21.28µm
_23390_,21.28µm
_23418_,21.28µm
_23680_,21.28µm
_23683_,21.28µm
_24026_,21.28µm
_24815_,21.28µm
_24817_,21.28µm
_24875_,21.28µm
_25234_,21.28µm
_25549_,21.28µm
_25722_,21.28µm
_25861_,21.28µm
_26856_,21.28µm
_26948_,21.28µm
_27519_,21.28µm
_27561_,21.28µm
_27865_,21.28µm
_27872_,21.28µm
_27893_,21.28µm
_27939_,21.28µm
_27948_,21.28µm
_28032_,21.28µm
_28130_,21.28µm
i_core_v_mini_mcu.ao_peripheral_subsystem_i.obi_fifo_i.consumer_data_req_q\[11\],21.28µm
i_core_v_mini_mcu.ao_peripheral_subsystem_i.power_manager_i.power_manager_reg_top_i.intr_state_qs\[5\],21.28µm
i_core_v_mini_mcu.ao_peripheral_subsystem_i.power_manager_i.power_manager_reg_top_i.u_intr_state.wr_data\[24\],21.28µm
i_core_v_mini_mcu.ao_peripheral_subsystem_i.soc_ctrl_i.reg2hw\[20\],21.28µm
i_core_v_mini_mcu.ao_peripheral_subsystem_i.tdu_i.cpi_est_q\[24\],21.28µm
i_core_v_mini_mcu.ao_peripheral_subsystem_i.tdu_i.cpi_est_q\[59\],21.28µm
i_core_v_mini_mcu.cpu_subsystem_i.cpu_0_0.i_servile.cpu.gen_align.align.ibus_rdt_concat\[1\],21.28µm
i_core_v_mini_mcu.cpu_subsystem_i.cpu_0_0.rf_ram_i.memory\[174\]\[1\],21.28µm
i_core_v_mini_mcu.cpu_subsystem_i.cpu_0_0.rf_ram_i.memory\[178\]\[1\],21.28µm
i_core_v_mini_mcu.cpu_subsystem_i.cpu_0_0.rf_ram_i.memory\[344\]\[0\],21.28µm
i_core_v_mini_mcu.cpu_subsystem_i.cpu_0_0.rf_ram_i.memory\[386\]\[0\],21.28µm
i_core_v_mini_mcu.cpu_subsystem_i.cpu_0_0.rf_ram_i.memory\[558\]\[0\],21.28µm
i_core_v_mini_mcu.cpu_subsystem_i.cpu_0_0.rf_ram_i.memory\[63\]\[0\],21.28µm
i_core_v_mini_mcu.cpu_subsystem_i.cpu_1_0.rf_ram_i.memory\[120\]\[1\],21.28µm
i_core_v_mini_mcu.cpu_subsystem_i.cpu_1_0.rf_ram_i.memory\[159\]\[0\],21.28µm
i_core_v_mini_mcu.cpu_subsystem_i.cpu_1_0.rf_ram_i.memory\[235\]\[0\],21.28µm
i_core_v_mini_mcu.cpu_subsystem_i.cpu_1_0.rf_ram_i.memory\[281\]\[0\],21.28µm
i_core_v_mini_mcu.cpu_subsystem_i.cpu_1_0.rf_ram_i.memory\[317\]\[0\],21.28µm
i_core_v_mini_mcu.cpu_subsystem_i.cpu_1_0.rf_ram_i.memory\[443\]\[1\],21.28µm
i_core_v_mini_mcu.cpu_subsystem_i.cpu_1_0.rf_ram_i.memory\[490\]\[0\],21.28µm
i_core_v_mini_mcu.memory_subsystem_i.ram0_i.tc_ram_i.sram\[11\]\[23\],21.28µm
i_core_v_mini_mcu.memory_subsystem_i.ram0_i.tc_ram_i.sram\[14\]\[26\],21.28µm
i_core_v_mini_mcu.memory_subsystem_i.ram0_i.tc_ram_i.sram\[25\]\[7\],21.28µm
i_core_v_mini_mcu.memory_subsystem_i.ram0_i.tc_ram_i.sram\[4\]\[7\],21.28µm
i_core_v_mini_mcu.memory_subsystem_i.ram0_i.tc_ram_i.sram\[7\]\[11\],21.28µm
i_core_v_mini_mcu.peripheral_subsystem_i.obi_fifo_i.consumer_data_req\[35\],21.28µm
i_core_v_mini_mcu.peripheral_subsystem_i.obi_fifo_i.consumer_data_req_q\[1\],21.28µm
net1676,21.28µm
i_core_v_mini_mcu.cpu_subsystem_i.cpu_0_0.rf_ram_i.memory\[21\]\[1\],21.1µm
i_core_v_mini_mcu.peripheral_subsystem_i.obi_fifo_i.consumer_data_req_q\[10\],21.1µm
_14463_,20.92µm
_14531_,20.92µm
_14670_,20.92µm
_14775_,20.92µm
_15352_,20.92µm
_18331_,20.92µm
_23779_,20.92µm
i_core_v_mini_mcu.cpu_subsystem_i.cpu_0_0.i_servile.cpu.ctrl.o_ibus_adr\[18\],20.92µm
i_core_v_mini_mcu.cpu_subsystem_i.cpu_1_0.rf_ram_i.memory\[479\]\[1\],20.92µm
_05597_,20.87µm
_10229_,20.87µm
_10269_,20.87µm
_14790_,20.87µm
_17341_,20.87µm
_18038_,20.87µm
_19177_,20.87µm
_23676_,20.87µm
_23693_,20.87µm
i_core_v_mini_mcu.ao_peripheral_subsystem_i.mosaic_clint_i.mtimecmp_q\[71\],20.87µm
i_core_v_mini_mcu.cpu_subsystem_i.cpu_0_0.rf_ram_i.memory\[75\]\[1\],20.87µm
i_core_v_mini_mcu.cpu_subsystem_i.cpu_1_0.rf_ram_i.memory\[414\]\[1\],20.87µm
_01915_,20.82µm
_04131_,20.82µm
_05480_,20.82µm
_05555_,20.82µm
_06027_,20.82µm
_07507_,20.82µm
_07916_,20.82µm
_08415_,20.82µm
_09495_,20.82µm
_13902_,20.82µm
_14120_,20.82µm
_14870_,20.82µm
_16715_,20.82µm
_20516_,20.82µm
_21643_,20.82µm
_22323_,20.82µm
_24220_,20.82µm
_24462_,20.82µm
_24967_,20.82µm
_27049_,20.82µm
_27944_,20.82µm
i_core_v_mini_mcu.ao_peripheral_subsystem_i.soc_ctrl_i.soc_ctrl_reg_top_i.system_frequency_hz_qs\[1\],20.82µm
i_core_v_mini_mcu.ao_peripheral_subsystem_i.spi_subsystem_i.obi_spimemio_i.spimemio_i.rd_addr\[6\],20.82µm
i_core_v_mini_mcu.ao_peripheral_subsystem_i.tdu_i.task_mem\[6\]\[8\],20.82µm
i_core_v_mini_mcu.cpu_subsystem_i.cpu_0_0.i_servile.cpu.alu.i_sub,20.82µm
i_core_v_mini_mcu.cpu_subsystem_i.cpu_0_0.rf_ram_i.memory\[221\]\[0\],20.82µm
i_core_v_mini_mcu.cpu_subsystem_i.cpu_0_0.rf_ram_i.memory\[25\]\[0\],20.82µm
i_core_v_mini_mcu.cpu_subsystem_i.cpu_0_0.rf_ram_i.memory\[375\]\[1\],20.82µm
i_core_v_mini_mcu.cpu_subsystem_i.cpu_0_0.rf_ram_i.memory\[376\]\[0\],20.82µm
i_core_v_mini_mcu.cpu_subsystem_i.cpu_0_0.rf_ram_i.memory\[492\]\[1\],20.82µm
i_core_v_mini_mcu.cpu_subsystem_i.cpu_0_0.rf_ram_i.memory\[557\]\[0\],20.82µm
i_core_v_mini_mcu.cpu_subsystem_i.cpu_1_0.i_servile.arbiter.i_wb_cpu_ibus_adr\[9\],20.82µm
i_core_v_mini_mcu.cpu_subsystem_i.cpu_1_0.rf_ram_i.memory\[105\]\[1\],20.82µm
i_core_v_mini_mcu.cpu_subsystem_i.cpu_1_0.rf_ram_i.memory\[148\]\[1\],20.82µm
i_core_v_mini_mcu.cpu_subsystem_i.cpu_1_0.rf_ram_i.memory\[184\]\[0\],20.82µm
i_core_v_mini_mcu.cpu_subsystem_i.cpu_1_0.rf_ram_i.memory\[226\]\[1\],20.82µm
i_core_v_mini_mcu.cpu_subsystem_i.cpu_1_0.rf_ram_i.memory\[464\]\[1\],20.82µm
i_core_v_mini_mcu.cpu_subsystem_i.cpu_1_0.rf_ram_i.memory\[59\]\[0\],20.82µm
i_core_v_mini_mcu.cpu_subsystem_i.cpu_1_0.rf_ram_i.memory\[8\]\[0\],20.82µm
i_core_v_mini_mcu.memory_subsystem_i.ram0_i.tc_ram_i.sram\[17\]\[5\],20.82µm
i_core_v_mini_mcu.memory_subsystem_i.ram0_i.tc_ram_i.sram\[21\]\[0\],20.82µm
i_core_v_mini_mcu.memory_subsystem_i.ram0_i.tc_ram_i.sram\[30\]\[24\],20.82µm
i_core_v_mini_mcu.memory_subsystem_i.ram0_i.tc_ram_i.sram\[6\]\[20\],20.82µm
i_core_v_mini_mcu.memory_subsystem_i.ram0_i.tc_ram_i.sram\[9\]\[6\],20.82µm
i_core_v_mini_mcu.peripheral_subsystem_i.uart_i.uart_core.u_uart_txfifo.gen_normal_fifo.storage\[30\],20.82µm
net641,20.82µm
_00262_,20.77µm
_00375_,20.77µm
_00442_,20.77µm
_01902_,20.77µm
_02069_,20.77µm
_03247_,20.77µm
_04891_,20.77µm
_05372_,20.77µm
_05428_,20.77µm
_05618_,20.77µm
_05940_,20.77µm
_05950_,20.77µm
_06191_,20.77µm
_06671_,20.77µm
_08581_,20.77µm
_08685_,20.77µm
_08843_,20.77µm
_08873_,20.77µm
_08920_,20.77µm
_09263_,20.77µm
_09318_,20.77µm
_09566_,20.77µm
_09750_,20.77µm
_09969_,20.77µm
_10294_,20.77µm
_11327_,20.77µm
_11524_,20.77µm
_11671_,20.77µm
_12154_,20.77µm
_12229_,20.77µm
_12249_,20.77µm
_12298_,20.77µm
_12655_,20.77µm
_12807_,20.77µm
_13300_,20.77µm
_13340_,20.77µm
_13362_,20.77µm
_13392_,20.77µm
_13449_,20.77µm
_13566_,20.77µm
_14397_,20.77µm
_14428_,20.77µm
_14897_,20.77µm
_15009_,20.77µm
_15142_,20.77µm
_15758_,20.77µm
_16090_,20.77µm
_16900_,20.77µm
_16932_,20.77µm
_17414_,20.77µm
_17419_,20.77µm
_17808_,20.77µm
_18087_,20.77µm
_18109_,20.77µm
_18176_,20.77µm
_18657_,20.77µm
_18861_,20.77µm
_19231_,20.77µm
_20689_,20.77µm
_20718_,20.77µm
_21329_,20.77µm
_21772_,20.77µm
_21817_,20.77µm
_21900_,20.77µm
_22043_,20.77µm
_22332_,20.77µm
_22485_,20.77µm
_22534_,20.77µm
_22567_,20.77µm
_23836_,20.77µm
_24108_,20.77µm
_24484_,20.77µm
_25143_,20.77µm
_25528_,20.77µm
_25946_,20.77µm
_26140_,20.77µm
_26433_,20.77µm
_26492_,20.77µm
_26568_,20.77µm
_26666_,20.77µm
_27459_,20.77µm
_27546_,20.77µm
_27846_,20.77µm
_27868_,20.77µm
i_core_v_mini_mcu.ao_peripheral_subsystem_i.obi_fifo_i.consumer_resp_i\[28\],20.77µm
i_core_v_mini_mcu.ao_peripheral_subsystem_i.power_manager_i.power_manager_sequence_ram_0_iso_i.sequence_curr_state\[3\],20.77µm
i_core_v_mini_mcu.ao_peripheral_subsystem_i.soc_ctrl_i.soc_ctrl_reg_top_i.system_frequency_hz_qs\[11\],20.77µm
i_core_v_mini_mcu.ao_peripheral_subsystem_i.spi_subsystem_i.obi_spimemio_i.obi_to_picorv32_i.picorv32_resp_i\[29\],20.77µm
i_core_v_mini_mcu.ao_peripheral_subsystem_i.tdu_i.cpi_est_q\[33\],20.77µm
i_core_v_mini_mcu.cpu_subsystem_i.cpu_0_0.i_servile.cpu.ctrl.o_ibus_adr\[12\],20.77µm
i_core_v_mini_mcu.cpu_subsystem_i.cpu_0_0.i_servile.cpu.gen_align.align.ibus_rdt_concat\[13\],20.77µm
i_core_v_mini_mcu.cpu_subsystem_i.cpu_0_0.i_servile.rf_ram_if.wen0_r,20.77µm
i_core_v_mini_mcu.cpu_subsystem_i.cpu_0_0.rf_ram_i.memory\[13\]\[1\],20.77µm
i_core_v_mini_mcu.cpu_subsystem_i.cpu_0_0.rf_ram_i.memory\[196\]\[0\],20.77µm
i_core_v_mini_mcu.cpu_subsystem_i.cpu_0_0.rf_ram_i.memory\[204\]\[1\],20.77µm
i_core_v_mini_mcu.cpu_subsystem_i.cpu_0_0.rf_ram_i.memory\[211\]\[1\],20.77µm
i_core_v_mini_mcu.cpu_subsystem_i.cpu_0_0.rf_ram_i.memory\[30\]\[0\],20.77µm
i_core_v_mini_mcu.cpu_subsystem_i.cpu_0_0.rf_ram_i.memory\[328\]\[0\],20.77µm
i_core_v_mini_mcu.cpu_subsystem_i.cpu_0_0.rf_ram_i.memory\[366\]\[1\],20.77µm
i_core_v_mini_mcu.cpu_subsystem_i.cpu_0_0.rf_ram_i.memory\[412\]\[0\],20.77µm
i_core_v_mini_mcu.cpu_subsystem_i.cpu_0_0.rf_ram_i.memory\[50\]\[1\],20.77µm
i_core_v_mini_mcu.cpu_subsystem_i.cpu_1_0.rf_ram_i.memory\[183\]\[0\],20.77µm
i_core_v_mini_mcu.cpu_subsystem_i.cpu_1_0.rf_ram_i.memory\[212\]\[0\],20.77µm
i_core_v_mini_mcu.cpu_subsystem_i.cpu_1_0.rf_ram_i.memory\[305\]\[0\],20.77µm
i_core_v_mini_mcu.cpu_subsystem_i.cpu_1_0.rf_ram_i.memory\[376\]\[1\],20.77µm
i_core_v_mini_mcu.cpu_subsystem_i.cpu_1_0.rf_ram_i.memory\[388\]\[1\],20.77µm
i_core_v_mini_mcu.cpu_subsystem_i.cpu_1_0.rf_ram_i.memory\[70\]\[1\],20.77µm
i_core_v_mini_mcu.cpu_subsystem_i.cpu_1_0.rf_ram_i.memory\[84\]\[1\],20.77µm
i_core_v_mini_mcu.cpu_subsystem_i.cpu_1_0.rf_ram_i.memory\[85\]\[0\],20.77µm
i_core_v_mini_mcu.memory_subsystem_i.ram0_i.tc_ram_i.sram\[12\]\[13\],20.77µm
i_core_v_mini_mcu.memory_subsystem_i.ram0_i.tc_ram_i.sram\[24\]\[18\],20.77µm
i_core_v_mini_mcu.memory_subsystem_i.ram0_i.tc_ram_i.sram\[25\]\[8\],20.77µm
i_core_v_mini_mcu.memory_subsystem_i.ram0_i.tc_ram_i.sram\[31\]\[25\],20.77µm
i_core_v_mini_mcu.peripheral_slave_resp\[27\],20.77µm
i_core_v_mini_mcu.peripheral_subsystem_i.obi_fifo_i.consumer_data_req_q\[15\],20.77µm
i_core_v_mini_mcu.peripheral_subsystem_i.uart_i.uart_core.rx_timeout_count_q\[6\],20.77µm
i_core_v_mini_mcu.peripheral_subsystem_i.uart_i.uart_core.u_uart_txfifo.gen_normal_fifo.fifo_rptr\[2\],20.77µm
_00070_,20.72µm
_00135_,20.72µm
_00401_,20.72µm
_01483_,20.72µm
_02272_,20.72µm
_02337_,20.72µm
_02829_,20.72µm
_03628_,20.72µm
_03677_,20.72µm
_03742_,20.72µm
_03815_,20.72µm
_03849_,20.72µm
_04488_,20.72µm
_04837_,20.72µm
_04979_,20.72µm
_05414_,20.72µm
_05529_,20.72µm
_05954_,20.72µm
_06533_,20.72µm
_06973_,20.72µm
_07103_,20.72µm
_07758_,20.72µm
_08129_,20.72µm
_08249_,20.72µm
_08378_,20.72µm
_09234_,20.72µm
_09331_,20.72µm
_09591_,20.72µm
_09860_,20.72µm
_10311_,20.72µm
_10370_,20.72µm
_10764_,20.72µm
_11176_,20.72µm
_11315_,20.72µm
_11645_,20.72µm
_11761_,20.72µm
_11931_,20.72µm
_12101_,20.72µm
_12710_,20.72µm
_12791_,20.72µm
_12844_,20.72µm
_13306_,20.72µm
_13525_,20.72µm
_14094_,20.72µm
_14210_,20.72µm
_14780_,20.72µm
_14958_,20.72µm
_15719_,20.72µm
_16205_,20.72µm
_16566_,20.72µm
_16677_,20.72µm
_16919_,20.72µm
_17151_,20.72µm
_17157_,20.72µm
_17220_,20.72µm
_18424_,20.72µm
_18732_,20.72µm
_18928_,20.72µm
_18950_,20.72µm
_19303_,20.72µm
_19516_,20.72µm
_20558_,20.72µm
_20626_,20.72µm
_20896_,20.72µm
_21090_,20.72µm
_22216_,20.72µm
_22462_,20.72µm
_22599_,20.72µm
_22983_,20.72µm
_23481_,20.72µm
_23488_,20.72µm
_23731_,20.72µm
_23743_,20.72µm
_24347_,20.72µm
_24483_,20.72µm
_24565_,20.72µm
_25532_,20.72µm
_25740_,20.72µm
_25874_,20.72µm
_26950_,20.72µm
_27263_,20.72µm
_27657_,20.72µm
_28092_,20.72µm
i_core_v_mini_mcu.cpu_subsystem_i.cpu_0_0.rf_ram_i.memory\[291\]\[1\],20.72µm
i_core_v_mini_mcu.cpu_subsystem_i.cpu_0_0.rf_ram_i.memory\[343\]\[0\],20.72µm
i_core_v_mini_mcu.cpu_subsystem_i.cpu_0_0.rf_ram_i.memory\[438\]\[1\],20.72µm
i_core_v_mini_mcu.cpu_subsystem_i.cpu_0_0.rf_ram_i.memory\[446\]\[0\],20.72µm
i_core_v_mini_mcu.cpu_subsystem_i.cpu_1_0.i_servile.cpu.ctrl.i_jal_or_jalr,20.72µm
i_core_v_mini_mcu.cpu_subsystem_i.cpu_1_0.rf_ram_i.memory\[348\]\[1\],20.72µm
i_core_v_mini_mcu.cpu_subsystem_i.cpu_1_0.rf_ram_i.memory\[453\]\[0\],20.72µm
i_core_v_mini_mcu.cpu_subsystem_i.cpu_1_0.rf_ram_i.memory\[58\]\[0\],20.72µm
i_core_v_mini_mcu.memory_subsystem_i.ram0_i.tc_ram_i.sram\[15\]\[29\],20.72µm
i_core_v_mini_mcu.memory_subsystem_i.ram0_i.tc_ram_i.sram\[23\]\[4\],20.72µm
i_core_v_mini_mcu.memory_subsystem_i.ram0_i.tc_ram_i.sram\[24\]\[4\],20.72µm
i_core_v_mini_mcu.memory_subsystem_i.ram0_i.tc_ram_i.sram\[28\]\[8\],20.72µm
i_core_v_mini_mcu.peripheral_subsystem_i.obi_fifo_i.consumer_data_req\[66\],20.72µm
i_core_v_mini_mcu.peripheral_subsystem_i.obi_fifo_i.consumer_resp_i\[13\],20.72µm
i_core_v_mini_mcu.peripheral_subsystem_i.uart_i.uart_core.uart_rx.tick_baud_d,20.72µm
i_core_v_mini_mcu.ao_peripheral_subsystem_i.obi_fifo_i.consumer_data_req_q\[62\],20.54µm
i_core_v_mini_mcu.ao_peripheral_subsystem_i.power_manager_i.power_manager_reg_top_i.intr_state_qs\[28\],20.49µm
i_core_v_mini_mcu.memory_subsystem_i.ram0_i.tc_ram_i.sram\[13\]\[28\],20.49µm
i_core_v_mini_mcu.cpu_subsystem_i.cpu_0_0.rf_ram_i.memory\[250\]\[1\],20.44µm
_15349_,20.41µm
_23741_,20.41µm
_17789_,20.36µm
_18237_,20.36µm
i_core_v_mini_mcu.cpu_subsystem_i.cpu_0_0.rf_ram_i.memory\[325\]\[0\],20.34µm
_03278_,20.31µm
_08605_,20.31µm
_09340_,20.31µm
_11782_,20.31µm
_14549_,20.31µm
_15770_,20.31µm
_16617_,20.31µm
_17420_,20.31µm
_17894_,20.31µm
_20948_,20.31µm
_23770_,20.31µm
_23988_,20.31µm
i_core_v_mini_mcu.cpu_subsystem_i.cpu_0_0.rf_ram_i.memory\[323\]\[1\],20.31µm
i_core_v_mini_mcu.cpu_subsystem_i.cpu_0_0.rf_ram_i.memory\[40\]\[1\],20.31µm
i_core_v_mini_mcu.cpu_subsystem_i.cpu_1_0.i_servile.arbiter.i_wb_cpu_dbus_adr\[23\],20.31µm
i_core_v_mini_mcu.cpu_subsystem_i.cpu_1_0.i_servile.arbiter.i_wb_cpu_dbus_adr\[2\],20.31µm
i_core_v_mini_mcu.memory_subsystem_i.ram0_i.tc_ram_i.sram\[9\]\[27\],20.31µm
_00882_,20.26µm
_03215_,20.26µm
_05638_,20.26µm
_07135_,20.26µm
_07749_,20.26µm
_08566_,20.26µm
_09747_,20.26µm
_10455_,20.26µm
_10470_,20.26µm
_11138_,20.26µm
_12737_,20.26µm
_13840_,20.26µm
_16912_,20.26µm
_17816_,20.26µm
_17860_,20.26µm
_20205_,20.26µm
_21030_,20.26µm
_21830_,20.26µm
_21852_,20.26µm
_22457_,20.26µm
_23729_,20.26µm
_23749_,20.26µm
_26958_,20.26µm
_27320_,20.26µm
i_core_v_mini_mcu.ao_peripheral_subsystem_i.spi_subsystem_i.obi_spimemio_i.obi_to_picorv32_i.picorv32_resp_i\[19\],20.26µm
i_core_v_mini_mcu.ao_peripheral_subsystem_i.spi_subsystem_i.obi_spimemio_i.spimemio_i.rd_addr\[5\],20.26µm
i_core_v_mini_mcu.ao_peripheral_subsystem_i.tdu_i.task_mem\[3\]\[31\],20.26µm
i_core_v_mini_mcu.cpu_subsystem_i.cpu_0_0.i_servile.cpu.gen_csr.csr.mie_mtie,20.26µm
i_core_v_mini_mcu.cpu_subsystem_i.cpu_0_0.rf_ram_i.memory\[107\]\[1\],20.26µm
i_core_v_mini_mcu.cpu_subsystem_i.cpu_0_0.rf_ram_i.memory\[148\]\[1\],20.26µm
i_core_v_mini_mcu.cpu_subsystem_i.cpu_0_0.rf_ram_i.memory\[204\]\[0\],20.26µm
i_core_v_mini_mcu.cpu_subsystem_i.cpu_0_0.rf_ram_i.memory\[215\]\[0\],20.26µm
i_core_v_mini_mcu.cpu_subsystem_i.cpu_0_0.rf_ram_i.memory\[284\]\[0\],20.26µm
i_core_v_mini_mcu.cpu_subsystem_i.cpu_0_0.rf_ram_i.memory\[551\]\[1\],20.26µm
i_core_v_mini_mcu.cpu_subsystem_i.cpu_1_0.i_servile.cpu.alu.i_cmp_sig,20.26µm
i_core_v_mini_mcu.cpu_subsystem_i.cpu_1_0.rf_ram_i.memory\[117\]\[1\],20.26µm
i_core_v_mini_mcu.cpu_subsystem_i.cpu_1_0.rf_ram_i.memory\[134\]\[0\],20.26µm
i_core_v_mini_mcu.cpu_subsystem_i.cpu_1_0.rf_ram_i.memory\[237\]\[0\],20.26µm
i_core_v_mini_mcu.cpu_subsystem_i.cpu_1_0.rf_ram_i.memory\[346\]\[0\],20.26µm
i_core_v_mini_mcu.cpu_subsystem_i.cpu_1_0.rf_ram_i.memory\[39\]\[0\],20.26µm
i_core_v_mini_mcu.cpu_subsystem_i.cpu_1_0.rf_ram_i.memory\[477\]\[0\],20.26µm
i_core_v_mini_mcu.cpu_subsystem_i.cpu_1_0.rf_ram_i.memory\[67\]\[0\],20.26µm
i_core_v_mini_mcu.memory_subsystem_i.ram0_i.tc_ram_i.sram\[11\]\[26\],20.26µm
i_core_v_mini_mcu.memory_subsystem_i.ram0_i.tc_ram_i.sram\[20\]\[6\],20.26µm
i_core_v_mini_mcu.memory_subsystem_i.ram0_i.tc_ram_i.sram\[22\]\[1\],20.26µm
i_core_v_mini_mcu.memory_subsystem_i.ram0_i.tc_ram_i.sram\[25\]\[27\],20.26µm
i_core_v_mini_mcu.memory_subsystem_i.ram0_i.tc_ram_i.sram\[28\]\[5\],20.26µm
i_core_v_mini_mcu.memory_subsystem_i.ram0_i.tc_ram_i.sram\[2\]\[18\],20.26µm
_00909_,20.21µm
_03309_,20.21µm
_04079_,20.21µm
_05110_,20.21µm
_05356_,20.21µm
_05765_,20.21µm
_05832_,20.21µm
_05849_,20.21µm
_06617_,20.21µm
_06763_,20.21µm
_06795_,20.21µm
_06878_,20.21µm
_07230_,20.21µm
_07487_,20.21µm
_08152_,20.21µm
_08225_,20.21µm
_09231_,20.21µm
_09243_,20.21µm
_09511_,20.21µm
_09578_,20.21µm
_09833_,20.21µm
_10554_,20.21µm
_10765_,20.21µm
_11025_,20.21µm
_11316_,20.21µm
_11451_,20.21µm
_11544_,20.21µm
_11569_,20.21µm
_12130_,20.21µm
_12469_,20.21µm
_12515_,20.21µm
_12678_,20.21µm
_13249_,20.21µm
_13640_,20.21µm
_13969_,20.21µm
_14538_,20.21µm
_15013_,20.21µm
_15084_,20.21µm
_15178_,20.21µm
_15735_,20.21µm
_15830_,20.21µm
_16061_,20.21µm
_16314_,20.21µm
_16440_,20.21µm
_16621_,20.21µm
_17191_,20.21µm
_17373_,20.21µm
_17851_,20.21µm
_18036_,20.21µm
_18178_,20.21µm
_18290_,20.21µm
_18730_,20.21µm
_18755_,20.21µm
_19386_,20.21µm
_21180_,20.21µm
_21934_,20.21µm
_23535_,20.21µm
_23644_,20.21µm
_23705_,20.21µm
_23832_,20.21µm
_24315_,20.21µm
_24785_,20.21µm
_25098_,20.21µm
_25379_,20.21µm
_25764_,20.21µm
_26086_,20.21µm
_26896_,20.21µm
_27468_,20.21µm
_27973_,20.21µm
_28132_,20.21µm
i_core_v_mini_mcu.ao_peripheral_subsystem_i.mosaic_clint_i.mtimecmp_q\[11\],20.21µm
i_core_v_mini_mcu.ao_peripheral_subsystem_i.obi_fifo_i.consumer_data_req_q\[0\],20.21µm
i_core_v_mini_mcu.ao_peripheral_subsystem_i.power_manager_i.power_manager_reg_top_i.intr_state_qs\[31\],20.21µm
i_core_v_mini_mcu.ao_peripheral_subsystem_i.power_manager_i.power_manager_reg_top_i.periph_iso_qs,20.21µm
i_core_v_mini_mcu.ao_peripheral_subsystem_i.power_manager_i.power_manager_reg_top_i.reg2hw\[252\],20.21µm
i_core_v_mini_mcu.ao_peripheral_subsystem_i.spi_subsystem_i.obi_spimemio_i.obi_to_picorv32_i.picorv32_resp_i\[7\],20.21µm
i_core_v_mini_mcu.ao_peripheral_subsystem_i.spi_subsystem_i.obi_spimemio_i.spimemio_i.buffer\[13\],20.21µm
i_core_v_mini_mcu.ao_peripheral_subsystem_i.spi_subsystem_i.obi_spimemio_i.spimemio_i.xfer.dummy_count\[0\],20.21µm
i_core_v_mini_mcu.ao_peripheral_subsystem_i.tdu_i.cpi_est_q\[58\],20.21µm
i_core_v_mini_mcu.ao_peripheral_subsystem_i.tdu_i.task_mem\[4\]\[5\],20.21µm
i_core_v_mini_mcu.cpu_subsystem_i.cpu_0_0.i_servile.cpu.decode.o_rd_mem_en,20.21µm
i_core_v_mini_mcu.cpu_subsystem_i.cpu_0_0.i_servile.rf_ram_if.wdata1_r\[2\],20.21µm
i_core_v_mini_mcu.cpu_subsystem_i.cpu_0_0.rf_ram_i.memory\[118\]\[1\],20.21µm
i_core_v_mini_mcu.cpu_subsystem_i.cpu_0_0.rf_ram_i.memory\[142\]\[1\],20.21µm
i_core_v_mini_mcu.cpu_subsystem_i.cpu_0_0.rf_ram_i.memory\[160\]\[1\],20.21µm
i_core_v_mini_mcu.cpu_subsystem_i.cpu_0_0.rf_ram_i.memory\[168\]\[1\],20.21µm
i_core_v_mini_mcu.cpu_subsystem_i.cpu_0_0.rf_ram_i.memory\[205\]\[1\],20.21µm
i_core_v_mini_mcu.cpu_subsystem_i.cpu_0_0.rf_ram_i.memory\[276\]\[0\],20.21µm
i_core_v_mini_mcu.cpu_subsystem_i.cpu_0_0.rf_ram_i.memory\[320\]\[1\],20.21µm
i_core_v_mini_mcu.cpu_subsystem_i.cpu_0_0.rf_ram_i.memory\[377\]\[0\],20.21µm
i_core_v_mini_mcu.cpu_subsystem_i.cpu_0_0.rf_ram_i.memory\[420\]\[1\],20.21µm
i_core_v_mini_mcu.cpu_subsystem_i.cpu_0_0.rf_ram_i.memory\[422\]\[0\],20.21µm
i_core_v_mini_mcu.cpu_subsystem_i.cpu_0_0.rf_ram_i.memory\[439\]\[0\],20.21µm
i_core_v_mini_mcu.cpu_subsystem_i.cpu_0_0.rf_ram_i.memory\[448\]\[1\],20.21µm
i_core_v_mini_mcu.cpu_subsystem_i.cpu_0_0.rf_ram_i.memory\[455\]\[0\],20.21µm
i_core_v_mini_mcu.cpu_subsystem_i.cpu_0_0.rf_ram_i.memory\[494\]\[1\],20.21µm
i_core_v_mini_mcu.cpu_subsystem_i.cpu_0_0.rf_ram_i.memory\[501\]\[0\],20.21µm
i_core_v_mini_mcu.cpu_subsystem_i.cpu_0_0.rf_ram_i.memory\[50\]\[0\],20.21µm
i_core_v_mini_mcu.cpu_subsystem_i.cpu_0_0.rf_ram_i.memory\[522\]\[0\],20.21µm
i_core_v_mini_mcu.cpu_subsystem_i.cpu_0_0.rf_ram_i.memory\[569\]\[1\],20.21µm
i_core_v_mini_mcu.cpu_subsystem_i.cpu_1_0.i_servile.arbiter.i_wb_cpu_dbus_adr\[22\],20.21µm
i_core_v_mini_mcu.cpu_subsystem_i.cpu_1_0.i_servile.arbiter.i_wb_cpu_dbus_adr\[7\],20.21µm
i_core_v_mini_mcu.cpu_subsystem_i.cpu_1_0.i_servile.cpu.cond_branch,20.21µm
i_core_v_mini_mcu.cpu_subsystem_i.cpu_1_0.i_servile.cpu.immdec.gen_immdec_w_eq_1.imm19_12_20\[6\],20.21µm
i_core_v_mini_mcu.cpu_subsystem_i.cpu_1_0.i_servile.cpu.immdec.gen_immdec_w_eq_1.imm30_25\[4\],20.21µm
i_core_v_mini_mcu.cpu_subsystem_i.cpu_1_0.i_servile.cpu.state.cnt_r\[0\],20.21µm
i_core_v_mini_mcu.cpu_subsystem_i.cpu_1_0.rf_ram_i.memory\[303\]\[1\],20.21µm
i_core_v_mini_mcu.cpu_subsystem_i.cpu_1_0.rf_ram_i.memory\[320\]\[0\],20.21µm
i_core_v_mini_mcu.cpu_subsystem_i.cpu_1_0.rf_ram_i.memory\[332\]\[0\],20.21µm
i_core_v_mini_mcu.cpu_subsystem_i.cpu_1_0.rf_ram_i.memory\[57\]\[1\],20.21µm
i_core_v_mini_mcu.cpu_subsystem_i.cpu_1_0.rf_ram_i.memory\[69\]\[0\],20.21µm
i_core_v_mini_mcu.cpu_subsystem_i.cpu_1_0.rf_ram_i.memory\[89\]\[1\],20.21µm
i_core_v_mini_mcu.memory_subsystem_i.ram0_i.tc_ram_i.sram\[15\]\[0\],20.21µm
i_core_v_mini_mcu.memory_subsystem_i.ram0_i.tc_ram_i.sram\[25\]\[5\],20.21µm
i_core_v_mini_mcu.memory_subsystem_i.ram0_i.tc_ram_i.sram\[2\]\[10\],20.21µm
i_core_v_mini_mcu.memory_subsystem_i.ram0_i.tc_ram_i.sram\[30\]\[2\],20.21µm
i_core_v_mini_mcu.memory_subsystem_i.ram0_i.tc_ram_i.sram\[6\]\[27\],20.21µm
i_core_v_mini_mcu.peripheral_subsystem_i.obi_fifo_i.consumer_data_req_q\[64\],20.21µm
i_core_v_mini_mcu.peripheral_subsystem_i.uart_i.uart_core.rx_sync_q1,20.21µm
i_core_v_mini_mcu.peripheral_subsystem_i.uart_i.uart_core.u_uart_rxfifo.gen_normal_fifo.storage\[11\],20.21µm
_00190_,20.16µm
_00206_,20.16µm
_00612_,20.16µm
_00971_,20.16µm
_01283_,20.16µm
_02231_,20.16µm
_04655_,20.16µm
_04722_,20.16µm
_04756_,20.16µm
_04977_,20.16µm
_05357_,20.16µm
_05907_,20.16µm
_06111_,20.16µm
_07139_,20.16µm
_07141_,20.16µm
_07163_,20.16µm
_07770_,20.16µm
_07901_,20.16µm
_08375_,20.16µm
_08383_,20.16µm
_08483_,20.16µm
_08545_,20.16µm
_08589_,20.16µm
_08852_,20.16µm
_09599_,20.16µm
_09619_,20.16µm
_10755_,20.16µm
_10785_,20.16µm
_10823_,20.16µm
_10914_,20.16µm
_10930_,20.16µm
_11043_,20.16µm
_11605_,20.16µm
_11697_,20.16µm
_11717_,20.16µm
_11736_,20.16µm
_11835_,20.16µm
_12273_,20.16µm
_12722_,20.16µm
_12846_,20.16µm
_13002_,20.16µm
_13110_,20.16µm
_13166_,20.16µm
_13185_,20.16µm
_13427_,20.16µm
_13440_,20.16µm
_13930_,20.16µm
_13992_,20.16µm
_14838_,20.16µm
_15610_,20.16µm
_16612_,20.16µm
_16916_,20.16µm
_17006_,20.16µm
_18037_,20.16µm
_18635_,20.16µm
_18776_,20.16µm
_18833_,20.16µm
_19120_,20.16µm
_19287_,20.16µm
_19464_,20.16µm
_19525_,20.16µm
_19740_,20.16µm
_19931_,20.16µm
_19967_,20.16µm
_19975_,20.16µm
_20713_,20.16µm
_20835_,20.16µm
_20926_,20.16µm
_21811_,20.16µm
_21906_,20.16µm
_22543_,20.16µm
_22936_,20.16µm
_23076_,20.16µm
_23367_,20.16µm
_23425_,20.16µm
_23504_,20.16µm
_23765_,20.16µm
_23887_,20.16µm
_23937_,20.16µm
_23964_,20.16µm
_24054_,20.16µm
_24388_,20.16µm
_24392_,20.16µm
_24572_,20.16µm
_24857_,20.16µm
_25037_,20.16µm
_25225_,20.16µm
_25442_,20.16µm
_26371_,20.16µm
_26569_,20.16µm
_27309_,20.16µm
_27556_,20.16µm
i_core_v_mini_mcu.ao_peripheral_subsystem_i.power_manager_i.cpu_powergate_counter_expired_iso_on,20.16µm
i_core_v_mini_mcu.ao_peripheral_subsystem_i.tdu_i.count_q\[1\],20.16µm
i_core_v_mini_mcu.cpu_subsystem_i.cpu_0_0.i_servile.cpu.ctrl.o_ibus_adr\[29\],20.16µm
i_core_v_mini_mcu.cpu_subsystem_i.cpu_0_0.rf_ram_i.memory\[188\]\[0\],20.16µm
i_core_v_mini_mcu.cpu_subsystem_i.cpu_0_0.rf_ram_i.memory\[266\]\[0\],20.16µm
i_core_v_mini_mcu.cpu_subsystem_i.cpu_0_0.rf_ram_i.memory\[355\]\[1\],20.16µm
i_core_v_mini_mcu.cpu_subsystem_i.cpu_0_0.rf_ram_i.memory\[390\]\[1\],20.16µm
i_core_v_mini_mcu.cpu_subsystem_i.cpu_0_0.rf_ram_i.memory\[521\]\[0\],20.16µm
i_core_v_mini_mcu.cpu_subsystem_i.cpu_1_0.rf_ram_i.memory\[104\]\[1\],20.16µm
i_core_v_mini_mcu.cpu_subsystem_i.cpu_1_0.rf_ram_i.memory\[155\]\[1\],20.16µm
i_core_v_mini_mcu.cpu_subsystem_i.cpu_1_0.rf_ram_i.memory\[171\]\[0\],20.16µm
i_core_v_mini_mcu.cpu_subsystem_i.cpu_1_0.rf_ram_i.memory\[189\]\[0\],20.16µm
i_core_v_mini_mcu.cpu_subsystem_i.cpu_1_0.rf_ram_i.memory\[293\]\[0\],20.16µm
i_core_v_mini_mcu.cpu_subsystem_i.cpu_1_0.rf_ram_i.memory\[66\]\[1\],20.16µm
i_core_v_mini_mcu.memory_subsystem_i.ram0_i.tc_ram_i.sram\[19\]\[28\],20.16µm
i_core_v_mini_mcu.peripheral_subsystem_i.obi_fifo_i.consumer_data_req_q\[0\],20.16µm
i_core_v_mini_mcu.peripheral_subsystem_i.obi_fifo_i.consumer_resp_i\[2\],20.16µm
_21253_,19.98µm
_26935_,19.88µm
_09438_,19.85µm
_06056_,19.8µm
_17493_,19.8µm
i_core_v_mini_mcu.cpu_subsystem_i.cpu_0_0.rf_ram_i.memory\[339\]\[0\],19.8µm
i_core_v_mini_mcu.peripheral_subsystem_i.uart_i.hw2reg\[4\],19.8µm
_02828_,19.75µm
_03214_,19.75µm
_05453_,19.75µm
_06443_,19.75µm
_09279_,19.75µm
_10202_,19.75µm
_10407_,19.75µm
_10428_,19.75µm
_14840_,19.75µm
_16648_,19.75µm
_21644_,19.75µm
_23989_,19.75µm
_26135_,19.75µm
i_core_v_mini_mcu.ao_peripheral_subsystem_i.power_manager_i.reg_to_counter_cpu_reset_assert_i.counter_curr_state\[2\],19.75µm
i_core_v_mini_mcu.cpu_subsystem_i.cpu_0_0.rf_ram_i.memory\[357\]\[0\],19.75µm
i_core_v_mini_mcu.cpu_subsystem_i.cpu_1_0.rf_ram_i.memory\[115\]\[0\],19.75µm
i_core_v_mini_mcu.memory_subsystem_i.ram0_i.tc_ram_i.sram\[0\]\[18\],19.75µm
_01313_,19.7µm
_02827_,19.7µm
_03694_,19.7µm
_06979_,19.7µm
_07435_,19.7µm
_08958_,19.7µm
_09460_,19.7µm
_10232_,19.7µm
_10296_,19.7µm
_10305_,19.7µm
_10845_,19.7µm
_11860_,19.7µm
_12042_,19.7µm
_12402_,19.7µm
_14528_,19.7µm
_15611_,19.7µm
_15636_,19.7µm
_17863_,19.7µm
_17947_,19.7µm
_18780_,19.7µm
_20551_,19.7µm
_21088_,19.7µm
_21840_,19.7µm
_22247_,19.7µm
_22276_,19.7µm
_22382_,19.7µm
_23747_,19.7µm
_24783_,19.7µm
_25513_,19.7µm
_25726_,19.7µm
_26124_,19.7µm
_26852_,19.7µm
_27220_,19.7µm
i_core_v_mini_mcu.ao_peripheral_subsystem_i.obi_fifo_i.consumer_data_req_q\[34\],19.7µm
i_core_v_mini_mcu.ao_peripheral_subsystem_i.power_manager_i.power_manager_sequence_ram_0_switch_i.sequence_curr_state\[4\],19.7µm
i_core_v_mini_mcu.cpu_subsystem_i.cpu_0_0.i_servile.cpu.ctrl.o_ibus_adr\[3\],19.7µm
i_core_v_mini_mcu.cpu_subsystem_i.cpu_0_0.rf_ram_i.memory\[126\]\[0\],19.7µm
i_core_v_mini_mcu.cpu_subsystem_i.cpu_0_0.rf_ram_i.memory\[170\]\[0\],19.7µm
i_core_v_mini_mcu.cpu_subsystem_i.cpu_0_0.rf_ram_i.memory\[369\]\[0\],19.7µm
i_core_v_mini_mcu.cpu_subsystem_i.cpu_0_0.rf_ram_i.memory\[414\]\[1\],19.7µm
i_core_v_mini_mcu.cpu_subsystem_i.cpu_0_0.rf_ram_i.memory\[528\]\[1\],19.7µm
i_core_v_mini_mcu.cpu_subsystem_i.cpu_0_0.rf_ram_i.memory\[550\]\[0\],19.7µm
i_core_v_mini_mcu.cpu_subsystem_i.cpu_0_0.rf_ram_i.memory\[69\]\[0\],19.7µm
i_core_v_mini_mcu.cpu_subsystem_i.cpu_0_0.rf_ram_i.memory\[85\]\[1\],19.7µm
i_core_v_mini_mcu.cpu_subsystem_i.cpu_1_0.rf_ram_i.memory\[235\]\[1\],19.7µm
i_core_v_mini_mcu.cpu_subsystem_i.cpu_1_0.rf_ram_i.memory\[260\]\[0\],19.7µm
i_core_v_mini_mcu.cpu_subsystem_i.cpu_1_0.rf_ram_i.memory\[289\]\[0\],19.7µm
i_core_v_mini_mcu.cpu_subsystem_i.cpu_1_0.rf_ram_i.memory\[289\]\[1\],19.7µm
i_core_v_mini_mcu.memory_subsystem_i.ram0_i.tc_ram_i.sram\[15\]\[28\],19.7µm
i_core_v_mini_mcu.memory_subsystem_i.ram0_i.tc_ram_i.sram\[23\]\[16\],19.7µm
i_core_v_mini_mcu.memory_subsystem_i.ram0_i.tc_ram_i.sram\[24\]\[0\],19.7µm
i_core_v_mini_mcu.memory_subsystem_i.ram0_i.tc_ram_i.sram\[26\]\[16\],19.7µm
i_core_v_mini_mcu.memory_subsystem_i.ram0_i.tc_ram_i.sram\[6\]\[10\],19.7µm
i_core_v_mini_mcu.memory_subsystem_i.ram0_i.tc_ram_i.sram\[9\]\[1\],19.7µm
i_core_v_mini_mcu.peripheral_slave_resp\[26\],19.7µm
i_core_v_mini_mcu.peripheral_subsystem_i.uart_i.uart_core.nco_sum_q\[0\],19.7µm
i_core_v_mini_mcu.peripheral_subsystem_i.uart_i.uart_core.u_uart_rxfifo.gen_normal_fifo.storage\[18\],19.7µm
_00394_,19.65µm
_02212_,19.65µm
_02419_,19.65µm
_02433_,19.65µm
_03753_,19.65µm
_03974_,19.65µm
_04718_,19.65µm
_04774_,19.65µm
_05693_,19.65µm
_06161_,19.65µm
_06730_,19.65µm
_06872_,19.65µm
_06899_,19.65µm
_07286_,19.65µm
_07297_,19.65µm
_07966_,19.65µm
_08869_,19.65µm
_08892_,19.65µm
_08975_,19.65µm
_09346_,19.65µm
_09436_,19.65µm
_09530_,19.65µm
_09711_,19.65µm
_09722_,19.65µm
_09739_,19.65µm
_09863_,19.65µm
_10250_,19.65µm
_10381_,19.65µm
_11042_,19.65µm
_11052_,19.65µm
_11119_,19.65µm
_11317_,19.65µm
_11390_,19.65µm
_11532_,19.65µm
_11595_,19.65µm
_11729_,19.65µm
_12240_,19.65µm
_12276_,19.65µm
_12485_,19.65µm
_12513_,19.65µm
_12762_,19.65µm
_12904_,19.65µm
_13158_,19.65µm
_13506_,19.65µm
_14222_,19.65µm
_14241_,19.65µm
_15046_,19.65µm
_15206_,19.65µm
_15207_,19.65µm
_15728_,19.65µm
_16394_,19.65µm
_16483_,19.65µm
_16538_,19.65µm
_16834_,19.65µm
_17478_,19.65µm
_17559_,19.65µm
_18620_,19.65µm
_18648_,19.65µm
_18767_,19.65µm
_18816_,19.65µm
_19080_,19.65µm
_19121_,19.65µm
_19133_,19.65µm
_19185_,19.65µm
_19344_,19.65µm
_20600_,19.65µm
_20859_,19.65µm
_20934_,19.65µm
_21028_,19.65µm
_21029_,19.65µm
_22816_,19.65µm
_23007_,19.65µm
_23260_,19.65µm
_23339_,19.65µm
_23370_,19.65µm
_23757_,19.65µm
_24089_,19.65µm
_24221_,19.65µm
_24719_,19.65µm
_24807_,19.65µm
_24836_,19.65µm
_25610_,19.65µm
_25671_,19.65µm
_26414_,19.65µm
_26668_,19.65µm
_26722_,19.65µm
_26727_,19.65µm
_27027_,19.65µm
_27198_,19.65µm
_27217_,19.65µm
_27268_,19.65µm
_27659_,19.65µm
_27932_,19.65µm
_27953_,19.65µm
_27961_,19.65µm
i_core_v_mini_mcu.ao_peripheral_subsystem_i.obi_fifo_i.consumer_data_req_q\[39\],19.65µm
i_core_v_mini_mcu.ao_peripheral_subsystem_i.soc_ctrl_i.soc_ctrl_reg_top_i.system_frequency_hz_qs\[2\],19.65µm
i_core_v_mini_mcu.cpu_subsystem_i.cpu_0_0.rf_ram_i.memory\[127\]\[0\],19.65µm
i_core_v_mini_mcu.cpu_subsystem_i.cpu_0_0.rf_ram_i.memory\[135\]\[1\],19.65µm
i_core_v_mini_mcu.cpu_subsystem_i.cpu_0_0.rf_ram_i.memory\[225\]\[0\],19.65µm
i_core_v_mini_mcu.cpu_subsystem_i.cpu_0_0.rf_ram_i.memory\[24\]\[1\],19.65µm
i_core_v_mini_mcu.cpu_subsystem_i.cpu_0_0.rf_ram_i.memory\[256\]\[1\],19.65µm
i_core_v_mini_mcu.cpu_subsystem_i.cpu_0_0.rf_ram_i.memory\[307\]\[0\],19.65µm
i_core_v_mini_mcu.cpu_subsystem_i.cpu_0_0.rf_ram_i.memory\[357\]\[1\],19.65µm
i_core_v_mini_mcu.cpu_subsystem_i.cpu_0_0.rf_ram_i.memory\[362\]\[0\],19.65µm
i_core_v_mini_mcu.cpu_subsystem_i.cpu_0_0.rf_ram_i.memory\[393\]\[0\],19.65µm
i_core_v_mini_mcu.cpu_subsystem_i.cpu_0_0.rf_ram_i.memory\[444\]\[0\],19.65µm
i_core_v_mini_mcu.cpu_subsystem_i.cpu_0_0.rf_ram_i.memory\[487\]\[1\],19.65µm
i_core_v_mini_mcu.cpu_subsystem_i.cpu_0_0.rf_ram_i.memory\[500\]\[1\],19.65µm
i_core_v_mini_mcu.cpu_subsystem_i.cpu_0_0.rf_ram_i.memory\[502\]\[1\],19.65µm
i_core_v_mini_mcu.cpu_subsystem_i.cpu_1_0.i_servile.arbiter.i_wb_cpu_ibus_adr\[10\],19.65µm
i_core_v_mini_mcu.cpu_subsystem_i.cpu_1_0.rf_ram_i.memory\[160\]\[0\],19.65µm
i_core_v_mini_mcu.cpu_subsystem_i.cpu_1_0.rf_ram_i.memory\[19\]\[1\],19.65µm
i_core_v_mini_mcu.cpu_subsystem_i.cpu_1_0.rf_ram_i.memory\[242\]\[0\],19.65µm
i_core_v_mini_mcu.cpu_subsystem_i.cpu_1_0.rf_ram_i.memory\[31\]\[0\],19.65µm
i_core_v_mini_mcu.cpu_subsystem_i.cpu_1_0.rf_ram_i.memory\[322\]\[0\],19.65µm
i_core_v_mini_mcu.cpu_subsystem_i.cpu_1_0.rf_ram_i.memory\[333\]\[0\],19.65µm
i_core_v_mini_mcu.cpu_subsystem_i.cpu_1_0.rf_ram_i.memory\[357\]\[1\],19.65µm
i_core_v_mini_mcu.cpu_subsystem_i.cpu_1_0.rf_ram_i.memory\[481\]\[0\],19.65µm
i_core_v_mini_mcu.cpu_subsystem_i.cpu_1_0.rf_ram_i.memory\[67\]\[1\],19.65µm
i_core_v_mini_mcu.cpu_subsystem_i.cpu_1_0.rf_ram_i.memory\[6\]\[0\],19.65µm
i_core_v_mini_mcu.cpu_subsystem_i.cpu_1_0.rf_ram_i.memory\[84\]\[0\],19.65µm
i_core_v_mini_mcu.memory_subsystem_i.ram0_i.tc_ram_i.sram\[14\]\[16\],19.65µm
i_core_v_mini_mcu.memory_subsystem_i.ram0_i.tc_ram_i.sram\[15\]\[22\],19.65µm
i_core_v_mini_mcu.memory_subsystem_i.ram0_i.tc_ram_i.sram\[17\]\[4\],19.65µm
i_core_v_mini_mcu.memory_subsystem_i.ram0_i.tc_ram_i.sram\[23\]\[19\],19.65µm
i_core_v_mini_mcu.memory_subsystem_i.ram0_i.tc_ram_i.sram\[24\]\[27\],19.65µm
i_core_v_mini_mcu.peripheral_subsystem_i.uart_i.uart_core.rx_fifo_depth_prev_q\[1\],19.65µm
i_core_v_mini_mcu.peripheral_subsystem_i.uart_i.uart_core.rx_timeout_count_q\[1\],19.65µm
i_core_v_mini_mcu.system_bus_i.system_xbar_i.gen_xbar_NtoM.i_xbar.gen_inputs\[3\].i_addr_dec_resp_mux.gen_several_outputs.bank_sel_q\[1\],19.65µm
_00194_,19.6µm
_00377_,19.6µm
_00671_,19.6µm
_01258_,19.6µm
_01358_,19.6µm
_01450_,19.6µm
_01823_,19.6µm
_03181_,19.6µm
_03701_,19.6µm
_04044_,19.6µm
_04135_,19.6µm
_04173_,19.6µm
_04274_,19.6µm
_04277_,19.6µm
_04806_,19.6µm
_04829_,19.6µm
_04888_,19.6µm
_04907_,19.6µm
_05061_,19.6µm
_05161_,19.6µm
_05438_,19.6µm
_05771_,19.6µm
_06214_,19.6µm
_06663_,19.6µm
_07641_,19.6µm
_07961_,19.6µm
_08060_,19.6µm
_08245_,19.6µm
_08440_,19.6µm
_09074_,19.6µm
_09657_,19.6µm
_09762_,19.6µm
_09896_,19.6µm
_10436_,19.6µm
_10445_,19.6µm
_10674_,19.6µm
_11811_,19.6µm
_11906_,19.6µm
_11918_,19.6µm
_12353_,19.6µm
_12657_,19.6µm
_12942_,19.6µm
_12988_,19.6µm
_13056_,19.6µm
_13553_,19.6µm
_14047_,19.6µm
_14684_,19.6µm
_16644_,19.6µm
_16871_,19.6µm
_17048_,19.6µm
_17248_,19.6µm
_17391_,19.6µm
_17551_,19.6µm
_17587_,19.6µm
_17774_,19.6µm
_18021_,19.6µm
_18209_,19.6µm
_18523_,19.6µm
_18742_,19.6µm
_19050_,19.6µm
_19410_,19.6µm
_19600_,19.6µm
_19947_,19.6µm
_20107_,19.6µm
_20239_,19.6µm
_20469_,19.6µm
_20547_,19.6µm
_20602_,19.6µm
_21778_,19.6µm
_21947_,19.6µm
_22147_,19.6µm
_22355_,19.6µm
_22516_,19.6µm
_22588_,19.6µm
_22806_,19.6µm
_23119_,19.6µm
_23714_,19.6µm
_23717_,19.6µm
_23732_,19.6µm
_23859_,19.6µm
_23978_,19.6µm
_24195_,19.6µm
_24309_,19.6µm
_24708_,19.6µm
_25155_,19.6µm
_25514_,19.6µm
_25816_,19.6µm
_26321_,19.6µm
_26938_,19.6µm
_27014_,19.6µm
_27654_,19.6µm
_27672_,19.6µm
_27703_,19.6µm
_27984_,19.6µm
_28045_,19.6µm
_28098_,19.6µm
_28109_,19.6µm
_28120_,19.6µm
i_core_v_mini_mcu.ao_peripheral_subsystem_i.obi_fifo_i.consumer_data_req_q\[60\],19.6µm
i_core_v_mini_mcu.ao_peripheral_subsystem_i.power_manager_i.power_manager_reg_top_i.intr_state_qs\[23\],19.6µm
i_core_v_mini_mcu.ao_peripheral_subsystem_i.power_manager_i.reg_to_counter_cpu_powergate_iso_off_i.counter_curr_state\[0\],19.6µm
i_core_v_mini_mcu.ao_peripheral_subsystem_i.power_manager_i.reg_to_counter_cpu_powergate_switch_off_i.counter_curr_state\[0\],19.6µm
i_core_v_mini_mcu.ao_peripheral_subsystem_i.soc_ctrl_i.soc_ctrl_reg_top_i.system_frequency_hz_qs\[31\],19.6µm
i_core_v_mini_mcu.ao_peripheral_subsystem_i.spi_subsystem_i.obi_spimemio_i.obi_to_picorv32_i.addr_buf\[7\],19.6µm
i_core_v_mini_mcu.ao_peripheral_subsystem_i.spi_subsystem_i.obi_spimemio_i.spimemio_i.xfer_io1_90,19.6µm
i_core_v_mini_mcu.ao_peripheral_subsystem_i.tdu_i.cpi_est_q\[46\],19.6µm
i_core_v_mini_mcu.cpu_subsystem_i.cpu_0_0.i_servile.arbiter.i_wb_cpu_dbus_adr\[5\],19.6µm
i_core_v_mini_mcu.cpu_subsystem_i.cpu_0_0.i_servile.cpu.immdec.gen_immdec_w_eq_1.imm30_25\[2\],19.6µm
i_core_v_mini_mcu.cpu_subsystem_i.cpu_0_0.rf_ram_i.memory\[512\]\[0\],19.6µm
i_core_v_mini_mcu.cpu_subsystem_i.cpu_0_0.rf_ram_i.memory\[565\]\[1\],19.6µm
i_core_v_mini_mcu.cpu_subsystem_i.cpu_0_0.rf_ram_i.memory\[81\]\[0\],19.6µm
i_core_v_mini_mcu.cpu_subsystem_i.cpu_1_0.rf_ram_i.memory\[103\]\[1\],19.6µm
i_core_v_mini_mcu.cpu_subsystem_i.cpu_1_0.rf_ram_i.memory\[263\]\[1\],19.6µm
i_core_v_mini_mcu.cpu_subsystem_i.cpu_1_0.rf_ram_i.memory\[470\]\[0\],19.6µm
i_core_v_mini_mcu.cpu_subsystem_i.cpu_1_0.rf_ram_i.memory\[506\]\[0\],19.6µm
i_core_v_mini_mcu.cpu_subsystem_i.cpu_1_0.rf_ram_i.memory\[55\]\[0\],19.6µm
i_core_v_mini_mcu.memory_subsystem_i.ram0_i.tc_ram_i.sram\[26\]\[10\],19.6µm
i_core_v_mini_mcu.memory_subsystem_i.ram0_i.tc_ram_i.sram\[26\]\[2\],19.6µm
i_core_v_mini_mcu.memory_subsystem_i.ram0_i.tc_ram_i.sram\[5\]\[6\],19.6µm
i_core_v_mini_mcu.peripheral_subsystem_i.obi_fifo_i.consumer_resp_i\[16\],19.6µm
i_core_v_mini_mcu.peripheral_subsystem_i.uart_i.reg2hw\[81\],19.6µm
_10316_,19.37µm
_11696_,19.37µm
_14909_,19.34µm
i_core_v_mini_mcu.cpu_subsystem_i.cpu_0_0.rf_ram_i.memory\[333\]\[0\],19.32µm
i_core_v_mini_mcu.cpu_subsystem_i.cpu_1_0.rf_ram_i.memory\[490\]\[1\],19.32µm
_07028_,19.24µm
_09307_,19.24µm
_15975_,19.24µm
_16134_,19.24µm
_00023_,19.19µm
_05616_,19.19µm
_06454_,19.19µm
_08822_,19.19µm
_09682_,19.19µm
_14406_,19.19µm
_14573_,19.19µm
_21938_,19.19µm
_23113_,19.19µm
i_core_v_mini_mcu.cpu_subsystem_i.cpu_1_0.rf_ram_i.memory\[288\]\[0\],19.19µm
i_core_v_mini_mcu.memory_subsystem_i.ram0_i.tc_ram_i.sram\[5\]\[30\],19.19µm
i_core_v_mini_mcu.peripheral_subsystem_i.obi_fifo_i.consumer_data_req_q\[13\],19.19µm
_04793_,19.14µm
_06134_,19.14µm
_06323_,19.14µm
_06419_,19.14µm
_06743_,19.14µm
_07510_,19.14µm
_09413_,19.14µm
_09942_,19.14µm
_10335_,19.14µm
_13165_,19.14µm
_14039_,19.14µm
_14055_,19.14µm
_15881_,19.14µm
_16024_,19.14µm
_18554_,19.14µm
_19998_,19.14µm
_20925_,19.14µm
_22100_,19.14µm
_22400_,19.14µm
_22597_,19.14µm
_23002_,19.14µm
_23669_,19.14µm
_23751_,19.14µm
_25057_,19.14µm
_26744_,19.14µm
_28043_,19.14µm
i_core_v_mini_mcu.ao_peripheral_subsystem_i.mosaic_clint_i.mtimecmp_q\[15\],19.14µm
i_core_v_mini_mcu.ao_peripheral_subsystem_i.mosaic_clint_i.mtimecmp_q\[8\],19.14µm
i_core_v_mini_mcu.ao_peripheral_subsystem_i.power_manager_i.power_manager_reg_top_i.cpu_iso_off_counter_qs\[14\],19.14µm
i_core_v_mini_mcu.core_data_req\[30\],19.14µm
i_core_v_mini_mcu.cpu_subsystem_i.cpu_0_0.rf_ram_i.memory\[341\]\[0\],19.14µm
i_core_v_mini_mcu.cpu_subsystem_i.cpu_0_0.rf_ram_i.memory\[378\]\[0\],19.14µm
i_core_v_mini_mcu.cpu_subsystem_i.cpu_0_0.rf_ram_i.memory\[500\]\[0\],19.14µm
i_core_v_mini_mcu.cpu_subsystem_i.cpu_1_0.i_servile.cpu.alu.i_cmp_eq,19.14µm
i_core_v_mini_mcu.cpu_subsystem_i.cpu_1_0.rf_ram_i.memory\[150\]\[0\],19.14µm
i_core_v_mini_mcu.cpu_subsystem_i.cpu_1_0.rf_ram_i.memory\[163\]\[1\],19.14µm
i_core_v_mini_mcu.cpu_subsystem_i.cpu_1_0.rf_ram_i.memory\[168\]\[0\],19.14µm
i_core_v_mini_mcu.cpu_subsystem_i.cpu_1_0.rf_ram_i.memory\[21\]\[1\],19.14µm
i_core_v_mini_mcu.cpu_subsystem_i.cpu_1_0.rf_ram_i.memory\[30\]\[1\],19.14µm
i_core_v_mini_mcu.cpu_subsystem_i.cpu_1_0.rf_ram_i.memory\[353\]\[0\],19.14µm
i_core_v_mini_mcu.cpu_subsystem_i.cpu_1_0.rf_ram_i.memory\[54\]\[0\],19.14µm
i_core_v_mini_mcu.memory_subsystem_i.ram0_i.tc_ram_i.sram\[10\]\[28\],19.14µm
i_core_v_mini_mcu.memory_subsystem_i.ram0_i.tc_ram_i.sram\[19\]\[20\],19.14µm
i_core_v_mini_mcu.memory_subsystem_i.ram0_i.tc_ram_i.sram\[26\]\[28\],19.14µm
i_core_v_mini_mcu.memory_subsystem_i.ram0_i.tc_ram_i.sram\[3\]\[22\],19.14µm
i_core_v_mini_mcu.peripheral_subsystem_i.uart_i.uart_core.u_uart_rxfifo.gen_normal_fifo.storage\[2\],19.14µm
_00076_,19.09µm
_00174_,19.09µm
_00216_,19.09µm
_00788_,19.09µm
_00832_,19.09µm
_00878_,19.09µm
_00885_,19.09µm
_02053_,19.09µm
_02180_,19.09µm
_02520_,19.09µm
_03222_,19.09µm
_03597_,19.09µm
_04125_,19.09µm
_04574_,19.09µm
_05124_,19.09µm
_05321_,19.09µm
_05365_,19.09µm
_05558_,19.09µm
_06238_,19.09µm
_06348_,19.09µm
_06358_,19.09µm
_06374_,19.09µm
_07067_,19.09µm
_07146_,19.09µm
_07152_,19.09µm
_07404_,19.09µm
_07879_,19.09µm
_07886_,19.09µm
_09007_,19.09µm
_09692_,19.09µm
_10078_,19.09µm
_10287_,19.09µm
_10722_,19.09µm
_10832_,19.09µm
_10857_,19.09µm
_11172_,19.09µm
_11245_,19.09µm
_11676_,19.09µm
_11738_,19.09µm
_12487_,19.09µm
_12589_,19.09µm
_12814_,19.09µm
_13017_,19.09µm
_13218_,19.09µm
_13238_,19.09µm
_13359_,19.09µm
_13629_,19.09µm
_13946_,19.09µm
_14555_,19.09µm
_15012_,19.09µm
_15103_,19.09µm
_15527_,19.09µm
_15615_,19.09µm
_16139_,19.09µm
_16724_,19.09µm
_16772_,19.09µm
_17385_,19.09µm
_18614_,19.09µm
_18926_,19.09µm
_19641_,19.09µm
_20640_,19.09µm
_21041_,19.09µm
_21849_,19.09µm
_21862_,19.09µm
_21915_,19.09µm
_22181_,19.09µm
_22223_,19.09µm
_22406_,19.09µm
_22808_,19.09µm
_23322_,19.09µm
_23727_,19.09µm
_24281_,19.09µm
_24620_,19.09µm
_24644_,19.09µm
_25108_,19.09µm
_25333_,19.09µm
_25434_,19.09µm
_25709_,19.09µm
_25766_,19.09µm
_26585_,19.09µm
_26751_,19.09µm
_27265_,19.09µm
_27582_,19.09µm
_27685_,19.09µm
_27970_,19.09µm
_28047_,19.09µm
i_core_v_mini_mcu.ao_peripheral_subsystem_i.power_manager_i.power_manager_counter_sequence_cpu_switch_i.sequence_curr_state\[5\],19.09µm
i_core_v_mini_mcu.ao_peripheral_subsystem_i.power_manager_i.power_manager_reg_top_i.u_intr_state.wr_data\[12\],19.09µm
i_core_v_mini_mcu.ao_peripheral_subsystem_i.tdu_i.task_mem\[2\]\[0\],19.09µm
i_core_v_mini_mcu.ao_peripheral_subsystem_i.tdu_i.task_mem\[3\]\[8\],19.09µm
i_core_v_mini_mcu.cpu_subsystem_i.cpu_0_0.i_servile.cpu.ctrl.pc_plus_4_cy_r,19.09µm
i_core_v_mini_mcu.cpu_subsystem_i.cpu_0_0.i_servile.cpu.gen_csr.csr.timer_irq_r,19.09µm
i_core_v_mini_mcu.cpu_subsystem_i.cpu_0_0.rf_ram_i.memory\[111\]\[0\],19.09µm
i_core_v_mini_mcu.cpu_subsystem_i.cpu_0_0.rf_ram_i.memory\[115\]\[0\],19.09µm
i_core_v_mini_mcu.cpu_subsystem_i.cpu_0_0.rf_ram_i.memory\[286\]\[0\],19.09µm
i_core_v_mini_mcu.cpu_subsystem_i.cpu_0_0.rf_ram_i.memory\[315\]\[0\],19.09µm
i_core_v_mini_mcu.cpu_subsystem_i.cpu_0_0.rf_ram_i.memory\[459\]\[0\],19.09µm
i_core_v_mini_mcu.cpu_subsystem_i.cpu_0_0.rf_ram_i.memory\[504\]\[0\],19.09µm
i_core_v_mini_mcu.cpu_subsystem_i.cpu_1_0.rf_ram_i.memory\[191\]\[1\],19.09µm
i_core_v_mini_mcu.cpu_subsystem_i.cpu_1_0.rf_ram_i.memory\[198\]\[0\],19.09µm
i_core_v_mini_mcu.cpu_subsystem_i.cpu_1_0.rf_ram_i.memory\[242\]\[1\],19.09µm
i_core_v_mini_mcu.cpu_subsystem_i.cpu_1_0.rf_ram_i.memory\[319\]\[0\],19.09µm
i_core_v_mini_mcu.cpu_subsystem_i.cpu_1_0.rf_ram_i.memory\[393\]\[1\],19.09µm
i_core_v_mini_mcu.cpu_subsystem_i.cpu_1_0.rf_ram_i.memory\[463\]\[1\],19.09µm
i_core_v_mini_mcu.cpu_subsystem_i.cpu_1_0.rf_ram_i.memory\[482\]\[0\],19.09µm
i_core_v_mini_mcu.cpu_subsystem_i.cpu_1_0.rf_ram_i.memory\[76\]\[0\],19.09µm
i_core_v_mini_mcu.cpu_subsystem_i.cpu_1_0.rf_ram_i.memory\[89\]\[0\],19.09µm
i_core_v_mini_mcu.cpu_subsystem_i.cpu_1_0.rf_ram_i.memory\[97\]\[0\],19.09µm
i_core_v_mini_mcu.memory_subsystem_i.ram0_i.tc_ram_i.sram\[12\]\[22\],19.09µm
i_core_v_mini_mcu.memory_subsystem_i.ram0_i.tc_ram_i.sram\[19\]\[22\],19.09µm
i_core_v_mini_mcu.memory_subsystem_i.ram0_i.tc_ram_i.sram\[24\]\[3\],19.09µm
i_core_v_mini_mcu.memory_subsystem_i.ram0_i.tc_ram_i.sram\[8\]\[0\],19.09µm
i_core_v_mini_mcu.peripheral_slave_resp\[24\],19.09µm
i_core_v_mini_mcu.peripheral_subsystem_i.obi_fifo_i.consumer_state_q,19.09µm
i_core_v_mini_mcu.peripheral_subsystem_i.uart_i.reg2hw\[120\],19.09µm
_00039_,19.04µm
_00061_,19.04µm
_00189_,19.04µm
_00380_,19.04µm
_00545_,19.04µm
_01587_,19.04µm
_01863_,19.04µm
_02763_,19.04µm
_03085_,19.04µm
_03631_,19.04µm
_03958_,19.04µm
_03959_,19.04µm
_04034_,19.04µm
_04178_,19.04µm
_04358_,19.04µm
_04621_,19.04µm
_04642_,19.04µm
_04992_,19.04µm
_05011_,19.04µm
_05292_,19.04µm
_05319_,19.04µm
_05456_,19.04µm
_05525_,19.04µm
_05721_,19.04µm
_05808_,19.04µm
_06458_,19.04µm
_06514_,19.04µm
_06701_,19.04µm
_07072_,19.04µm
_07490_,19.04µm
_07801_,19.04µm
_08085_,19.04µm
_08122_,19.04µm
_08482_,19.04µm
_09000_,19.04µm
_09051_,19.04µm
_09339_,19.04µm
_09474_,19.04µm
_09707_,19.04µm
_09713_,19.04µm
_10001_,19.04µm
_10072_,19.04µm
_10657_,19.04µm
_11000_,19.04µm
_11334_,19.04µm
_11502_,19.04µm
_11582_,19.04µm
_11760_,19.04µm
_12122_,19.04µm
_12166_,19.04µm
_12726_,19.04µm
_13010_,19.04µm
_13127_,19.04µm
_13388_,19.04µm
_13420_,19.04µm
_13534_,19.04µm
_13646_,19.04µm
_14294_,19.04µm
_14654_,19.04µm
_14944_,19.04µm
_15121_,19.04µm
_15508_,19.04µm
_16613_,19.04µm
_16819_,19.04µm
_16973_,19.04µm
_17249_,19.04µm
_17277_,19.04µm
_17514_,19.04µm
_18774_,19.04µm
_18826_,19.04µm
_18878_,19.04µm
_19164_,19.04µm
_19253_,19.04µm
_19263_,19.04µm
_19342_,19.04µm
_19739_,19.04µm
_19908_,19.04µm
_20106_,19.04µm
_20566_,19.04µm
_20710_,19.04µm
_20992_,19.04µm
_21189_,19.04µm
_21838_,19.04µm
_21962_,19.04µm
_22566_,19.04µm
_23019_,19.04µm
_23060_,19.04µm
_23371_,19.04µm
_23525_,19.04µm
_23787_,19.04µm
_23834_,19.04µm
_23865_,19.04µm
_24097_,19.04µm
_24408_,19.04µm
_24418_,19.04µm
_24497_,19.04µm
_24751_,19.04µm
_24813_,19.04µm
_25002_,19.04µm
_25007_,19.04µm
_25141_,19.04µm
_25261_,19.04µm
_25263_,19.04µm
_25316_,19.04µm
_25401_,19.04µm
_25449_,19.04µm
_25507_,19.04µm
_25509_,19.04µm
_26171_,19.04µm
_26611_,19.04µm
_26906_,19.04µm
_26964_,19.04µm
_27214_,19.04µm
_27259_,19.04µm
_27481_,19.04µm
_27826_,19.04µm
_27869_,19.04µm
_28070_,19.04µm
_28126_,19.04µm
clk_i_regs,19.04µm
i_core_v_mini_mcu.ao_peripheral_subsystem_i.power_manager_i.power_manager_reg_top_i.u_intr_state.wr_data\[20\],19.04µm
i_core_v_mini_mcu.ao_peripheral_subsystem_i.tdu_i.task_mem\[0\]\[17\],19.04µm
i_core_v_mini_mcu.cpu_subsystem_i.cpu_0_0.i_servile.cpu.alu.i_cmp_eq,19.04µm
i_core_v_mini_mcu.cpu_subsystem_i.cpu_0_0.rf_ram_i.memory\[203\]\[0\],19.04µm
i_core_v_mini_mcu.cpu_subsystem_i.cpu_0_0.rf_ram_i.memory\[267\]\[1\],19.04µm
i_core_v_mini_mcu.cpu_subsystem_i.cpu_0_0.rf_ram_i.memory\[282\]\[1\],19.04µm
i_core_v_mini_mcu.cpu_subsystem_i.cpu_0_0.rf_ram_i.memory\[323\]\[0\],19.04µm
i_core_v_mini_mcu.cpu_subsystem_i.cpu_0_0.rf_ram_i.memory\[332\]\[0\],19.04µm
i_core_v_mini_mcu.cpu_subsystem_i.cpu_0_0.rf_ram_i.memory\[377\]\[1\],19.04µm
i_core_v_mini_mcu.cpu_subsystem_i.cpu_1_0.i_servile.arbiter.i_wb_cpu_ibus_adr\[1\],19.04µm
i_core_v_mini_mcu.cpu_subsystem_i.cpu_1_0.i_servile.arbiter.i_wb_cpu_ibus_adr\[31\],19.04µm
i_core_v_mini_mcu.cpu_subsystem_i.cpu_1_0.i_servile.arbiter.i_wb_cpu_ibus_adr\[8\],19.04µm
i_core_v_mini_mcu.cpu_subsystem_i.cpu_1_0.rf_ram_i.memory\[134\]\[1\],19.04µm
i_core_v_mini_mcu.cpu_subsystem_i.cpu_1_0.rf_ram_i.memory\[173\]\[1\],19.04µm
i_core_v_mini_mcu.cpu_subsystem_i.cpu_1_0.rf_ram_i.memory\[244\]\[1\],19.04µm
i_core_v_mini_mcu.cpu_subsystem_i.cpu_1_0.rf_ram_i.memory\[507\]\[1\],19.04µm
i_core_v_mini_mcu.memory_subsystem_i.ram0_i.tc_ram_i.sram\[29\]\[16\],19.04µm
i_core_v_mini_mcu.memory_subsystem_i.ram0_i.tc_ram_i.sram\[3\]\[20\],19.04µm
i_core_v_mini_mcu.memory_subsystem_i.ram0_i.tc_ram_i.sram\[9\]\[4\],19.04µm
_23689_,18.86µm
_09705_,18.81µm
i_core_v_mini_mcu.cpu_subsystem_i.cpu_0_0.rf_ram_i.memory\[108\]\[1\],18.81µm
i_core_v_mini_mcu.cpu_subsystem_i.cpu_0_0.rf_ram_i.memory\[328\]\[1\],18.81µm
i_core_v_mini_mcu.cpu_subsystem_i.cpu_1_0.rf_ram_i.memory\[510\]\[0\],18.81µm
i_core_v_mini_mcu.memory_subsystem_i.ram0_i.tc_ram_i.sram\[12\]\[14\],18.81µm
_27332_,18.76µm
_16456_,18.73µm
_16015_,18.68µm
_16479_,18.68µm
_16547_,18.68µm
i_core_v_mini_mcu.cpu_subsystem_i.cpu_0_0.i_servile.cpu.ctrl.o_ibus_adr\[27\],18.68µm
i_core_v_mini_mcu.peripheral_subsystem_i.uart_i.reg2hw\[17\],18.68µm
_05086_,18.63µm
_06167_,18.63µm
_09714_,18.63µm
_12537_,18.63µm
_14236_,18.63µm
_14238_,18.63µm
_15528_,18.63µm
_20814_,18.63µm
_21897_,18.63µm
_22389_,18.63µm
_27361_,18.63µm
i_core_v_mini_mcu.ao_peripheral_slave_resp\[29\],18.63µm
i_core_v_mini_mcu.ao_peripheral_subsystem_i.power_manager_i.power_manager_reg_top_i.periph_switch_qs,18.63µm
i_core_v_mini_mcu.ao_peripheral_subsystem_i.tdu_i.task_mem\[4\]\[13\],18.63µm
i_core_v_mini_mcu.cpu_subsystem_i.cpu_0_0.rf_ram_i.memory\[52\]\[0\],18.63µm
i_core_v_mini_mcu.cpu_subsystem_i.cpu_0_0.rf_ram_i.memory\[572\]\[0\],18.63µm
i_core_v_mini_mcu.memory_subsystem_i.ram0_i.tc_ram_i.sram\[16\]\[2\],18.63µm
i_core_v_mini_mcu.memory_subsystem_i.ram0_i.tc_ram_i.sram\[3\]\[9\],18.63µm
i_core_v_mini_mcu.peripheral_subsystem_i.uart_i.uart_core.u_uart_rxfifo.gen_normal_fifo.storage\[21\],18.63µm
_06234_,18.58µm
_06685_,18.58µm
_06835_,18.58µm
_07030_,18.58µm
_08801_,18.58µm
_09031_,18.58µm
_09398_,18.58µm
_09529_,18.58µm
_09899_,18.58µm
_14002_,18.58µm
_17703_,18.58µm
_21454_,18.58µm
_21587_,18.58µm
_22035_,18.58µm
_23065_,18.58µm
_23251_,18.58µm
_23343_,18.58µm
_24060_,18.58µm
_26024_,18.58µm
exit_value_int\[21\],18.58µm
i_core_v_mini_mcu.ao_peripheral_subsystem_i.mosaic_clint_i.mtimecmp_q\[25\],18.58µm
i_core_v_mini_mcu.ao_peripheral_subsystem_i.mosaic_clint_i.mtimecmp_q\[33\],18.58µm
i_core_v_mini_mcu.ao_peripheral_subsystem_i.obi_fifo_i.consumer_data_req_q\[27\],18.58µm
i_core_v_mini_mcu.ao_peripheral_subsystem_i.obi_fifo_i.consumer_data_req_q\[6\],18.58µm
i_core_v_mini_mcu.cpu_subsystem_i.cpu_0_0.i_servile.arbiter.i_wb_cpu_dbus_adr\[28\],18.58µm
i_core_v_mini_mcu.cpu_subsystem_i.cpu_0_0.i_servile.cpu.ctrl.o_ibus_adr\[4\],18.58µm
i_core_v_mini_mcu.cpu_subsystem_i.cpu_0_0.rf_ram_i.memory\[102\]\[0\],18.58µm
i_core_v_mini_mcu.cpu_subsystem_i.cpu_0_0.rf_ram_i.memory\[192\]\[1\],18.58µm
i_core_v_mini_mcu.cpu_subsystem_i.cpu_0_0.rf_ram_i.memory\[209\]\[0\],18.58µm
i_core_v_mini_mcu.cpu_subsystem_i.cpu_0_0.rf_ram_i.memory\[368\]\[1\],18.58µm
i_core_v_mini_mcu.cpu_subsystem_i.cpu_0_0.rf_ram_i.memory\[381\]\[0\],18.58µm
i_core_v_mini_mcu.cpu_subsystem_i.cpu_0_0.rf_ram_i.memory\[536\]\[1\],18.58µm
i_core_v_mini_mcu.cpu_subsystem_i.cpu_0_0.rf_ram_i.memory\[61\]\[1\],18.58µm
i_core_v_mini_mcu.cpu_subsystem_i.cpu_1_0.rf_ram_i.memory\[114\]\[0\],18.58µm
i_core_v_mini_mcu.cpu_subsystem_i.cpu_1_0.rf_ram_i.memory\[124\]\[1\],18.58µm
i_core_v_mini_mcu.cpu_subsystem_i.cpu_1_0.rf_ram_i.memory\[151\]\[1\],18.58µm
i_core_v_mini_mcu.cpu_subsystem_i.cpu_1_0.rf_ram_i.memory\[251\]\[0\],18.58µm
i_core_v_mini_mcu.cpu_subsystem_i.cpu_1_0.rf_ram_i.memory\[28\]\[1\],18.58µm
i_core_v_mini_mcu.cpu_subsystem_i.cpu_1_0.rf_ram_i.memory\[307\]\[0\],18.58µm
i_core_v_mini_mcu.cpu_subsystem_i.cpu_1_0.rf_ram_i.memory\[395\]\[0\],18.58µm
i_core_v_mini_mcu.cpu_subsystem_i.cpu_1_0.rf_ram_i.memory\[396\]\[1\],18.58µm
i_core_v_mini_mcu.cpu_subsystem_i.cpu_1_0.rf_ram_i.memory\[484\]\[1\],18.58µm
i_core_v_mini_mcu.memory_subsystem_i.ram0_i.tc_ram_i.sram\[11\]\[5\],18.58µm
i_core_v_mini_mcu.memory_subsystem_i.ram0_i.tc_ram_i.sram\[23\]\[29\],18.58µm
i_core_v_mini_mcu.memory_subsystem_i.ram0_i.tc_ram_i.sram\[5\]\[29\],18.58µm
i_core_v_mini_mcu.peripheral_subsystem_i.obi_fifo_i.consumer_data_req_q\[22\],18.58µm
i_core_v_mini_mcu.peripheral_subsystem_i.periph_to_reg_i.r_rdata_d\[26\],18.58µm
i_core_v_mini_mcu.peripheral_subsystem_i.uart_i.uart_core.rx_fifo_depth_prev_q\[0\],18.58µm
i_core_v_mini_mcu.peripheral_subsystem_i.uart_i.uart_core.rx_timeout_count_q\[2\],18.58µm
_24537_,18.57µm
_00382_,18.53µm
_00397_,18.53µm
_01152_,18.53µm
_01660_,18.53µm
_02197_,18.53µm
_02471_,18.53µm
_03722_,18.53µm
_03868_,18.53µm
_04216_,18.53µm
_04906_,18.53µm
_05102_,18.53µm
_05155_,18.53µm
_05556_,18.53µm
_06577_,18.53µm
_07225_,18.53µm
_08381_,18.53µm
_08578_,18.53µm
_09148_,18.53µm
_09179_,18.53µm
_09524_,18.53µm
_09606_,18.53µm
_09610_,18.53µm
_09970_,18.53µm
_09978_,18.53µm
_10315_,18.53µm
_10397_,18.53µm
_10401_,18.53µm
_10496_,18.53µm
_10937_,18.53µm
_11037_,18.53µm
_11273_,18.53µm
_11455_,18.53µm
_11670_,18.53µm
_11897_,18.53µm
_11940_,18.53µm
_12056_,18.53µm
_12097_,18.53µm
_12175_,18.53µm
_12253_,18.53µm
_12354_,18.53µm
_12481_,18.53µm
_12824_,18.53µm
_12901_,18.53µm
_13352_,18.53µm
_13569_,18.53µm
_14155_,18.53µm
_14237_,18.53µm
_14342_,18.53µm
_14696_,18.53µm
_14996_,18.53µm
_15282_,18.53µm
_15531_,18.53µm
_15816_,18.53µm
_15942_,18.53µm
_16865_,18.53µm
_17645_,18.53µm
_18428_,18.53µm
_19090_,18.53µm
_19256_,18.53µm
_19952_,18.53µm
_20625_,18.53µm
_20916_,18.53µm
_20935_,18.53µm
_21522_,18.53µm
_21889_,18.53µm
_22011_,18.53µm
_22056_,18.53µm
_22350_,18.53µm
_22513_,18.53µm
_22838_,18.53µm
_22895_,18.53µm
_23340_,18.53µm
_23627_,18.53µm
_23800_,18.53µm
_23844_,18.53µm
_23879_,18.53µm
_23970_,18.53µm
_24025_,18.53µm
_24178_,18.53µm
_24179_,18.53µm
_24342_,18.53µm
_24437_,18.53µm
_24478_,18.53µm
_24495_,18.53µm
_24503_,18.53µm
_24594_,18.53µm
_24787_,18.53µm
_25182_,18.53µm
_25567_,18.53µm
_25771_,18.53µm
_26345_,18.53µm
_26741_,18.53µm
_26765_,18.53µm
_26916_,18.53µm
_27281_,18.53µm
_27479_,18.53µm
_27903_,18.53µm
i_core_v_mini_mcu.ao_peripheral_subsystem_i.soc_ctrl_i.reg2hw\[27\],18.53µm
i_core_v_mini_mcu.ao_peripheral_subsystem_i.spi_subsystem_i.obi_spimemio_i.obi_to_picorv32_i.obi_resp_o\[10\],18.53µm
i_core_v_mini_mcu.cpu_subsystem_i.cpu_0_0.i_servile.o_rf_raddr\[2\],18.53µm
i_core_v_mini_mcu.cpu_subsystem_i.cpu_0_0.rf_ram_i.memory\[149\]\[0\],18.53µm
i_core_v_mini_mcu.cpu_subsystem_i.cpu_0_0.rf_ram_i.memory\[157\]\[0\],18.53µm
i_core_v_mini_mcu.cpu_subsystem_i.cpu_0_0.rf_ram_i.memory\[167\]\[1\],18.53µm
i_core_v_mini_mcu.cpu_subsystem_i.cpu_0_0.rf_ram_i.memory\[188\]\[1\],18.53µm
i_core_v_mini_mcu.cpu_subsystem_i.cpu_0_0.rf_ram_i.memory\[249\]\[0\],18.53µm
i_core_v_mini_mcu.cpu_subsystem_i.cpu_0_0.rf_ram_i.memory\[251\]\[0\],18.53µm
i_core_v_mini_mcu.cpu_subsystem_i.cpu_0_0.rf_ram_i.memory\[267\]\[0\],18.53µm
i_core_v_mini_mcu.cpu_subsystem_i.cpu_0_0.rf_ram_i.memory\[287\]\[1\],18.53µm
i_core_v_mini_mcu.cpu_subsystem_i.cpu_0_0.rf_ram_i.memory\[301\]\[0\],18.53µm
i_core_v_mini_mcu.cpu_subsystem_i.cpu_0_0.rf_ram_i.memory\[440\]\[1\],18.53µm
i_core_v_mini_mcu.cpu_subsystem_i.cpu_0_0.rf_ram_i.memory\[542\]\[0\],18.53µm
i_core_v_mini_mcu.cpu_subsystem_i.cpu_0_0.rf_ram_i.memory\[559\]\[0\],18.53µm
i_core_v_mini_mcu.cpu_subsystem_i.cpu_0_0.rf_ram_i.memory\[77\]\[1\],18.53µm
i_core_v_mini_mcu.cpu_subsystem_i.cpu_0_0.rf_ram_i.rdata\[1\],18.53µm
i_core_v_mini_mcu.cpu_subsystem_i.cpu_1_0.i_servile.arbiter.i_wb_cpu_ibus_adr\[14\],18.53µm
i_core_v_mini_mcu.cpu_subsystem_i.cpu_1_0.mem_outstanding_q,18.53µm
i_core_v_mini_mcu.cpu_subsystem_i.cpu_1_0.rf_ram_i.memory\[106\]\[0\],18.53µm
i_core_v_mini_mcu.cpu_subsystem_i.cpu_1_0.rf_ram_i.memory\[154\]\[0\],18.53µm
i_core_v_mini_mcu.cpu_subsystem_i.cpu_1_0.rf_ram_i.memory\[158\]\[0\],18.53µm
i_core_v_mini_mcu.cpu_subsystem_i.cpu_1_0.rf_ram_i.memory\[163\]\[0\],18.53µm
i_core_v_mini_mcu.cpu_subsystem_i.cpu_1_0.rf_ram_i.memory\[219\]\[0\],18.53µm
i_core_v_mini_mcu.cpu_subsystem_i.cpu_1_0.rf_ram_i.memory\[331\]\[0\],18.53µm
i_core_v_mini_mcu.cpu_subsystem_i.cpu_1_0.rf_ram_i.memory\[346\]\[1\],18.53µm
i_core_v_mini_mcu.memory_subsystem_i.ram0_i.tc_ram_i.sram\[10\]\[7\],18.53µm
i_core_v_mini_mcu.memory_subsystem_i.ram0_i.tc_ram_i.sram\[11\]\[4\],18.53µm
i_core_v_mini_mcu.memory_subsystem_i.ram0_i.tc_ram_i.sram\[12\]\[4\],18.53µm
i_core_v_mini_mcu.memory_subsystem_i.ram0_i.tc_ram_i.sram\[18\]\[1\],18.53µm
i_core_v_mini_mcu.memory_subsystem_i.ram0_i.tc_ram_i.sram\[2\]\[15\],18.53µm
i_core_v_mini_mcu.memory_subsystem_i.ram0_i.tc_ram_i.sram\[6\]\[8\],18.53µm
_00142_,18.48µm
_00250_,18.48µm
_00357_,18.48µm
_03752_,18.48µm
_04588_,18.48µm
_05591_,18.48µm
_05888_,18.48µm
_05981_,18.48µm
_06681_,18.48µm
_07335_,18.48µm
_07472_,18.48µm
_07783_,18.48µm
_07883_,18.48µm
_08017_,18.48µm
_08154_,18.48µm
_08255_,18.48µm
_09134_,18.48µm
_09576_,18.48µm
_09783_,18.48µm
_10433_,18.48µm
_10767_,18.48µm
_11108_,18.48µm
_11210_,18.48µm
_11262_,18.48µm
_11275_,18.48µm
_11556_,18.48µm
_11720_,18.48µm
_12223_,18.48µm
_12279_,18.48µm
_12383_,18.48µm
_12627_,18.48µm
_12633_,18.48µm
_12804_,18.48µm
_13085_,18.48µm
_13138_,18.48µm
_14090_,18.48µm
_14569_,18.48µm
_14618_,18.48µm
_14632_,18.48µm
_14979_,18.48µm
_15185_,18.48µm
_15313_,18.48µm
_15817_,18.48µm
_16190_,18.48µm
_16639_,18.48µm
_17508_,18.48µm
_17604_,18.48µm
_17792_,18.48µm
_18017_,18.48µm
_18260_,18.48µm
_18556_,18.48µm
_18572_,18.48µm
_18586_,18.48µm
_18618_,18.48µm
_19083_,18.48µm
_19517_,18.48µm
_20300_,18.48µm
_20648_,18.48µm
_20679_,18.48µm
_21064_,18.48µm
_21095_,18.48µm
_23700_,18.48µm
_23810_,18.48µm
_23835_,18.48µm
_24276_,18.48µm
_24697_,18.48µm
_24768_,18.48µm
_25170_,18.48µm
_25785_,18.48µm
_26337_,18.48µm
_26418_,18.48µm
_26966_,18.48µm
_27107_,18.48µm
_27136_,18.48µm
_27257_,18.48µm
_27272_,18.48µm
_27520_,18.48µm
_27666_,18.48µm
_28001_,18.48µm
i_core_v_mini_mcu.ao_peripheral_subsystem_i.spi_subsystem_i.obi_spimemio_i.spimemio_i.xfer.obuffer\[6\],18.48µm
i_core_v_mini_mcu.cpu_subsystem_i.cpu_0_0.i_servile.cpu.bufreg.c_r,18.48µm
i_core_v_mini_mcu.cpu_subsystem_i.cpu_0_0.rf_ram_i.memory\[35\]\[0\],18.48µm
i_core_v_mini_mcu.cpu_subsystem_i.cpu_0_0.rf_ram_i.memory\[397\]\[1\],18.48µm
i_core_v_mini_mcu.cpu_subsystem_i.cpu_0_0.rf_ram_i.memory\[455\]\[1\],18.48µm
i_core_v_mini_mcu.cpu_subsystem_i.cpu_0_0.rf_ram_i.memory\[77\]\[0\],18.48µm
i_core_v_mini_mcu.cpu_subsystem_i.cpu_1_0.rf_ram_i.memory\[140\]\[1\],18.48µm
i_core_v_mini_mcu.cpu_subsystem_i.cpu_1_0.rf_ram_i.memory\[171\]\[1\],18.48µm
i_core_v_mini_mcu.cpu_subsystem_i.cpu_1_0.rf_ram_i.memory\[209\]\[0\],18.48µm
i_core_v_mini_mcu.cpu_subsystem_i.cpu_1_0.rf_ram_i.memory\[225\]\[1\],18.48µm
i_core_v_mini_mcu.cpu_subsystem_i.cpu_1_0.rf_ram_i.memory\[326\]\[0\],18.48µm
i_core_v_mini_mcu.cpu_subsystem_i.cpu_1_0.rf_ram_i.memory\[473\]\[0\],18.48µm
i_core_v_mini_mcu.memory_subsystem_i.ram0_i.tc_ram_i.sram\[14\]\[5\],18.48µm
i_core_v_mini_mcu.memory_subsystem_i.ram0_i.tc_ram_i.sram\[25\]\[24\],18.48µm
i_core_v_mini_mcu.memory_subsystem_i.ram0_i.tc_ram_i.sram\[27\]\[1\],18.48µm
i_core_v_mini_mcu.memory_subsystem_i.ram0_i.tc_ram_i.sram\[31\]\[19\],18.48µm
i_core_v_mini_mcu.memory_subsystem_i.ram0_i.tc_ram_i.sram\[5\]\[4\],18.48µm
i_core_v_mini_mcu.memory_subsystem_i.ram0_i.tc_ram_i.sram\[6\]\[13\],18.48µm
i_core_v_mini_mcu.memory_subsystem_i.ram0_i.tc_ram_i.sram\[9\]\[17\],18.48µm
_15578_,18.38µm
i_core_v_mini_mcu.cpu_subsystem_i.cpu_1_0.rf_ram_i.memory\[301\]\[1\],18.3µm
i_core_v_mini_mcu.cpu_subsystem_i.cpu_0_0.rf_ram_i.memory\[229\]\[0\],18.25µm
i_core_v_mini_mcu.cpu_subsystem_i.cpu_0_0.rf_ram_i.memory\[237\]\[1\],18.25µm
i_core_v_mini_mcu.cpu_subsystem_i.cpu_0_0.rf_ram_i.memory\[7\]\[1\],18.25µm
_28097_,18.2µm
i_core_v_mini_mcu.cpu_subsystem_i.cpu_0_0.rf_ram_i.memory\[208\]\[0\],18.2µm
_16466_,18.17µm
i_core_v_mini_mcu.cpu_subsystem_i.cpu_0_0.rf_ram_i.memory\[410\]\[1\],18.17µm
i_core_v_mini_mcu.cpu_subsystem_i.cpu_1_0.i_servile.arbiter.i_wb_cpu_dbus_adr\[5\],18.16µm
_04568_,18.12µm
_09241_,18.12µm
_15774_,18.12µm
_15878_,18.12µm
_23234_,18.12µm
_23943_,18.12µm
i_core_v_mini_mcu.peripheral_subsystem_i.uart_i.reg2hw\[71\],18.12µm
_07762_,18.07µm
_14796_,18.07µm
_17854_,18.07µm
_22358_,18.07µm
i_core_v_mini_mcu.cpu_subsystem_i.cpu_0_0.rf_ram_i.memory\[135\]\[0\],18.07µm
i_core_v_mini_mcu.cpu_subsystem_i.cpu_0_0.rf_ram_i.memory\[237\]\[0\],18.07µm
i_core_v_mini_mcu.cpu_subsystem_i.cpu_0_0.rf_ram_i.memory\[564\]\[1\],18.07µm
i_core_v_mini_mcu.cpu_subsystem_i.cpu_1_0.rf_ram_i.memory\[232\]\[1\],18.07µm
i_core_v_mini_mcu.cpu_subsystem_i.cpu_1_0.rf_ram_i.memory\[377\]\[1\],18.07µm
i_core_v_mini_mcu.memory_subsystem_i.ram0_i.tc_ram_i.sram\[10\]\[30\],18.07µm
i_core_v_mini_mcu.peripheral_subsystem_i.obi_fifo_i.consumer_data_req_q\[9\],18.07µm
i_core_v_mini_mcu.peripheral_subsystem_i.uart_i.uart_core.uart_rx.bit_cnt_q\[2\],18.07µm
net1778,18.07µm
_03112_,18.02µm
_03148_,18.02µm
_04736_,18.02µm
_04767_,18.02µm
_05158_,18.02µm
_05186_,18.02µm
_05416_,18.02µm
_05996_,18.02µm
_06524_,18.02µm
_08672_,18.02µm
_08706_,18.02µm
_09073_,18.02µm
_09525_,18.02µm
_09583_,18.02µm
_09712_,18.02µm
_09808_,18.02µm
_11310_,18.02µm
_12162_,18.02µm
_12607_,18.02µm
_13481_,18.02µm
_13755_,18.02µm
_14070_,18.02µm
_14968_,18.02µm
_15482_,18.02µm
_18421_,18.02µm
_19029_,18.02µm
_19295_,18.02µm
_21119_,18.02µm
_21828_,18.02µm
_23069_,18.02µm
_24304_,18.02µm
_25013_,18.02µm
i_core_v_mini_mcu.ao_peripheral_subsystem_i.power_manager_i.power_manager_sequence_ram_0_iso_i.sequence_curr_state\[2\],18.02µm
i_core_v_mini_mcu.ao_peripheral_subsystem_i.spi_subsystem_i.obi_spimemio_i.obi_to_picorv32_i.obi_resp_o\[26\],18.02µm
i_core_v_mini_mcu.ao_peripheral_subsystem_i.tdu_i.active_hart_cycles_q\[24\],18.02µm
i_core_v_mini_mcu.ao_peripheral_subsystem_i.tdu_i.cpi_est_q\[34\],18.02µm
i_core_v_mini_mcu.cpu_subsystem_i.cpu_0_0.i_servile.arbiter.i_wb_cpu_dbus_adr\[20\],18.02µm
i_core_v_mini_mcu.cpu_subsystem_i.cpu_0_0.i_servile.cpu.ctrl.o_ibus_adr\[17\],18.02µm
i_core_v_mini_mcu.cpu_subsystem_i.cpu_0_0.i_servile.cpu.decode.o_rd_csr_en,18.02µm
i_core_v_mini_mcu.cpu_subsystem_i.cpu_0_0.rf_ram_i.memory\[112\]\[0\],18.02µm
i_core_v_mini_mcu.cpu_subsystem_i.cpu_0_0.rf_ram_i.memory\[140\]\[0\],18.02µm
i_core_v_mini_mcu.cpu_subsystem_i.cpu_0_0.rf_ram_i.memory\[160\]\[0\],18.02µm
i_core_v_mini_mcu.cpu_subsystem_i.cpu_0_0.rf_ram_i.memory\[193\]\[1\],18.02µm
i_core_v_mini_mcu.cpu_subsystem_i.cpu_0_0.rf_ram_i.memory\[240\]\[0\],18.02µm
i_core_v_mini_mcu.cpu_subsystem_i.cpu_0_0.rf_ram_i.memory\[265\]\[0\],18.02µm
i_core_v_mini_mcu.cpu_subsystem_i.cpu_0_0.rf_ram_i.memory\[26\]\[0\],18.02µm
i_core_v_mini_mcu.cpu_subsystem_i.cpu_1_0.i_servile.cpu.alu.cmp_r,18.02µm
i_core_v_mini_mcu.cpu_subsystem_i.cpu_1_0.i_servile.cpu.immdec.gen_immdec_w_eq_1.imm19_12_20\[5\],18.02µm
i_core_v_mini_mcu.cpu_subsystem_i.cpu_1_0.rf_ram_i.memory\[123\]\[0\],18.02µm
i_core_v_mini_mcu.cpu_subsystem_i.cpu_1_0.rf_ram_i.memory\[137\]\[1\],18.02µm
i_core_v_mini_mcu.cpu_subsystem_i.cpu_1_0.rf_ram_i.memory\[138\]\[0\],18.02µm
i_core_v_mini_mcu.cpu_subsystem_i.cpu_1_0.rf_ram_i.memory\[178\]\[0\],18.02µm
i_core_v_mini_mcu.cpu_subsystem_i.cpu_1_0.rf_ram_i.memory\[210\]\[0\],18.02µm
i_core_v_mini_mcu.cpu_subsystem_i.cpu_1_0.rf_ram_i.memory\[333\]\[1\],18.02µm
i_core_v_mini_mcu.cpu_subsystem_i.cpu_1_0.rf_ram_i.memory\[398\]\[0\],18.02µm
i_core_v_mini_mcu.cpu_subsystem_i.cpu_1_0.rf_ram_i.memory\[465\]\[1\],18.02µm
i_core_v_mini_mcu.cpu_subsystem_i.cpu_1_0.rf_ram_i.memory\[49\]\[1\],18.02µm
i_core_v_mini_mcu.memory_subsystem_i.ram0_i.tc_ram_i.sram\[27\]\[23\],18.02µm
i_core_v_mini_mcu.memory_subsystem_i.ram0_i.tc_ram_i.sram\[3\]\[24\],18.02µm
i_core_v_mini_mcu.peripheral_subsystem_i.uart_i.reg2hw\[76\],18.02µm
net1795,18.02µm
_00027_,17.97µm
_01784_,17.97µm
_01991_,17.97µm
_02942_,17.97µm
_02987_,17.97µm
_03851_,17.97µm
_03972_,17.97µm
_04095_,17.97µm
_04113_,17.97µm
_04183_,17.97µm
_04246_,17.97µm
_04777_,17.97µm
_04892_,17.97µm
_08244_,17.97µm
_08813_,17.97µm
_09378_,17.97µm
_09454_,17.97µm
_09934_,17.97µm
_10197_,17.97µm
_10707_,17.97µm
_11180_,17.97µm
_11255_,17.97µm
_11338_,17.97µm
_11382_,17.97µm
_11430_,17.97µm
_11447_,17.97µm
_11909_,17.97µm
_11957_,17.97µm
_12058_,17.97µm
_13129_,17.97µm
_13842_,17.97µm
_14877_,17.97µm
_15664_,17.97µm
_15741_,17.97µm
_15771_,17.97µm
_15837_,17.97µm
_15930_,17.97µm
_15947_,17.97µm
_16508_,17.97µm
_16835_,17.97µm
_16958_,17.97µm
_17540_,17.97µm
_17762_,17.97µm
_17938_,17.97µm
_17942_,17.97µm
_18115_,17.97µm
_19497_,17.97µm
_19648_,17.97µm
_19946_,17.97µm
_20346_,17.97µm
_20408_,17.97µm
_20774_,17.97µm
_20940_,17.97µm
_21234_,17.97µm
_21411_,17.97µm
_21837_,17.97µm
_22420_,17.97µm
_22699_,17.97µm
_23401_,17.97µm
_23556_,17.97µm
_23949_,17.97µm
_24319_,17.97µm
_24679_,17.97µm
_25917_,17.97µm
_26081_,17.97µm
_26457_,17.97µm
_26798_,17.97µm
_27249_,17.97µm
_27286_,17.97µm
_27497_,17.97µm
_27669_,17.97µm
_27967_,17.97µm
_28006_,17.97µm
_28033_,17.97µm
exit_value_int\[22\],17.97µm
i_core_v_mini_mcu.ao_peripheral_subsystem_i.power_manager_i.power_manager_reg_top_i.cpu_iso_off_counter_qs\[15\],17.97µm
i_core_v_mini_mcu.ao_peripheral_subsystem_i.power_manager_i.power_manager_reg_top_i.cpu_iso_on_counter_qs\[15\],17.97µm
i_core_v_mini_mcu.ao_peripheral_subsystem_i.power_manager_i.power_manager_reg_top_i.intr_state_qs\[3\],17.97µm
i_core_v_mini_mcu.ao_peripheral_subsystem_i.spi_subsystem_i.obi_spimemio_i.spimemio_i.state\[5\],17.97µm
i_core_v_mini_mcu.ao_peripheral_subsystem_i.tdu_i.cpi_est_q\[27\],17.97µm
i_core_v_mini_mcu.cpu_subsystem_i.cpu_0_0.rf_ram_i.memory\[114\]\[1\],17.97µm
i_core_v_mini_mcu.cpu_subsystem_i.cpu_0_0.rf_ram_i.memory\[128\]\[0\],17.97µm
i_core_v_mini_mcu.cpu_subsystem_i.cpu_0_0.rf_ram_i.memory\[136\]\[0\],17.97µm
i_core_v_mini_mcu.cpu_subsystem_i.cpu_0_0.rf_ram_i.memory\[171\]\[1\],17.97µm
i_core_v_mini_mcu.cpu_subsystem_i.cpu_0_0.rf_ram_i.memory\[172\]\[1\],17.97µm
i_core_v_mini_mcu.cpu_subsystem_i.cpu_0_0.rf_ram_i.memory\[202\]\[0\],17.97µm
i_core_v_mini_mcu.cpu_subsystem_i.cpu_0_0.rf_ram_i.memory\[244\]\[1\],17.97µm
i_core_v_mini_mcu.cpu_subsystem_i.cpu_0_0.rf_ram_i.memory\[298\]\[1\],17.97µm
i_core_v_mini_mcu.cpu_subsystem_i.cpu_0_0.rf_ram_i.memory\[383\]\[0\],17.97µm
i_core_v_mini_mcu.cpu_subsystem_i.cpu_0_0.rf_ram_i.memory\[441\]\[1\],17.97µm
i_core_v_mini_mcu.cpu_subsystem_i.cpu_0_0.rf_ram_i.memory\[523\]\[1\],17.97µm
i_core_v_mini_mcu.cpu_subsystem_i.cpu_0_0.rf_ram_i.memory\[567\]\[0\],17.97µm
i_core_v_mini_mcu.cpu_subsystem_i.cpu_0_0.rf_ram_i.memory\[56\]\[0\],17.97µm
i_core_v_mini_mcu.cpu_subsystem_i.cpu_0_0.rf_ram_i.memory\[72\]\[1\],17.97µm
i_core_v_mini_mcu.cpu_subsystem_i.cpu_1_0.rf_ram_i.memory\[116\]\[1\],17.97µm
i_core_v_mini_mcu.cpu_subsystem_i.cpu_1_0.rf_ram_i.memory\[165\]\[0\],17.97µm
i_core_v_mini_mcu.cpu_subsystem_i.cpu_1_0.rf_ram_i.memory\[336\]\[1\],17.97µm
i_core_v_mini_mcu.cpu_subsystem_i.cpu_1_0.rf_ram_i.memory\[477\]\[1\],17.97µm
i_core_v_mini_mcu.cpu_subsystem_i.cpu_1_0.rf_ram_i.memory\[506\]\[1\],17.97µm
i_core_v_mini_mcu.cpu_subsystem_i.cpu_1_0.rf_ram_i.memory\[50\]\[0\],17.97µm
i_core_v_mini_mcu.cpu_subsystem_i.cpu_1_0.rf_ram_i.memory\[510\]\[1\],17.97µm
i_core_v_mini_mcu.cpu_subsystem_i.cpu_1_0.rf_ram_i.memory\[88\]\[1\],17.97µm
i_core_v_mini_mcu.memory_subsystem_i.ram0_i.tc_ram_i.sram\[12\]\[5\],17.97µm
i_core_v_mini_mcu.memory_subsystem_i.ram0_i.tc_ram_i.sram\[24\]\[28\],17.97µm
i_core_v_mini_mcu.memory_subsystem_i.ram0_i.tc_ram_i.sram\[25\]\[2\],17.97µm
i_core_v_mini_mcu.memory_subsystem_i.ram0_i.tc_ram_i.sram\[2\]\[13\],17.97µm
i_core_v_mini_mcu.memory_subsystem_i.ram0_i.tc_ram_i.sram\[31\]\[23\],17.97µm
i_core_v_mini_mcu.memory_subsystem_i.ram0_i.tc_ram_i.sram\[4\]\[11\],17.97µm
i_core_v_mini_mcu.memory_subsystem_i.ram0_i.tc_ram_i.sram\[7\]\[7\],17.97µm
i_core_v_mini_mcu.peripheral_subsystem_i.obi_fifo_i.consumer_data_req_q\[12\],17.97µm
i_core_v_mini_mcu.peripheral_subsystem_i.obi_fifo_i.consumer_data_req_q\[28\],17.97µm
i_core_v_mini_mcu.peripheral_subsystem_i.uart_i.reg2hw\[35\],17.97µm
_00077_,17.92µm
_01062_,17.92µm
_01315_,17.92µm
_04081_,17.92µm
_04763_,17.92µm
_04839_,17.92µm
_04852_,17.92µm
_04862_,17.92µm
_04926_,17.92µm
_05020_,17.92µm
_05057_,17.92µm
_06188_,17.92µm
_06565_,17.92µm
_07397_,17.92µm
_07421_,17.92µm
_07505_,17.92µm
_07796_,17.92µm
_07840_,17.92µm
_07887_,17.92µm
_08189_,17.92µm
_08365_,17.92µm
_08735_,17.92µm
_08803_,17.92µm
_09024_,17.92µm
_09044_,17.92µm
_09181_,17.92µm
_09384_,17.92µm
_09813_,17.92µm
_09903_,17.92µm
_10064_,17.92µm
_10235_,17.92µm
_10503_,17.92µm
_10647_,17.92µm
_10811_,17.92µm
_10899_,17.92µm
_11171_,17.92µm
_11416_,17.92µm
_11585_,17.92µm
_12195_,17.92µm
_12287_,17.92µm
_12446_,17.92µm
_13001_,17.92µm
_13084_,17.92µm
_13195_,17.92µm
_13242_,17.92µm
_13332_,17.92µm
_13505_,17.92µm
_13530_,17.92µm
_13578_,17.92µm
_14299_,17.92µm
_15414_,17.92µm
_15452_,17.92µm
_15650_,17.92µm
_15812_,17.92µm
_16058_,17.92µm
_16081_,17.92µm
_16102_,17.92µm
_16831_,17.92µm
_17003_,17.92µm
_17438_,17.92µm
_17458_,17.92µm
_17555_,17.92µm
_18008_,17.92µm
_18366_,17.92µm
_18501_,17.92µm
_18703_,17.92µm
_18845_,17.92µm
_19487_,17.92µm
_19672_,17.92µm
_19749_,17.92µm
_19842_,17.92µm
_19879_,17.92µm
_20226_,17.92µm
_20470_,17.92µm
_20688_,17.92µm
_20715_,17.92µm
_20850_,17.92µm
_21748_,17.92µm
_21901_,17.92µm
_22544_,17.92µm
_22632_,17.92µm
_22872_,17.92µm
_23073_,17.92µm
_23202_,17.92µm
_23252_,17.92µm
_23446_,17.92µm
_23499_,17.92µm
_23926_,17.92µm
_24023_,17.92µm
_24113_,17.92µm
_24156_,17.92µm
_24323_,17.92µm
_24384_,17.92µm
_24950_,17.92µm
_25063_,17.92µm
_25327_,17.92µm
_25336_,17.92µm
_25608_,17.92µm
_25645_,17.92µm
_26622_,17.92µm
_26843_,17.92µm
_26921_,17.92µm
_26969_,17.92µm
_28066_,17.92µm
_28101_,17.92µm
i_core_v_mini_mcu.ao_peripheral_subsystem_i.spi_subsystem_i.obi_spimemio_i.obi_to_picorv32_i.addr_buf\[15\],17.92µm
i_core_v_mini_mcu.ao_peripheral_subsystem_i.spi_subsystem_i.obi_spimemio_i.obi_to_picorv32_i.obi_resp_o\[29\],17.92µm
i_core_v_mini_mcu.cpu_subsystem_i.cpu_0_0.rf_ram_i.memory\[133\]\[1\],17.92µm
i_core_v_mini_mcu.cpu_subsystem_i.cpu_0_0.rf_ram_i.memory\[167\]\[0\],17.92µm
i_core_v_mini_mcu.cpu_subsystem_i.cpu_0_0.rf_ram_i.memory\[378\]\[1\],17.92µm
i_core_v_mini_mcu.cpu_subsystem_i.cpu_0_0.rf_ram_i.memory\[395\]\[0\],17.92µm
i_core_v_mini_mcu.cpu_subsystem_i.cpu_0_0.rf_ram_i.memory\[404\]\[1\],17.92µm
i_core_v_mini_mcu.cpu_subsystem_i.cpu_0_0.rf_ram_i.memory\[48\]\[1\],17.92µm
i_core_v_mini_mcu.cpu_subsystem_i.cpu_0_0.rf_ram_i.memory\[531\]\[0\],17.92µm
i_core_v_mini_mcu.cpu_subsystem_i.cpu_1_0.i_servile.arbiter.i_wb_cpu_ibus_adr\[12\],17.92µm
i_core_v_mini_mcu.cpu_subsystem_i.cpu_1_0.rf_ram_i.memory\[281\]\[1\],17.92µm
i_core_v_mini_mcu.cpu_subsystem_i.cpu_1_0.rf_ram_i.memory\[422\]\[0\],17.92µm
i_core_v_mini_mcu.cpu_subsystem_i.cpu_1_0.rf_ram_i.memory\[60\]\[1\],17.92µm
i_core_v_mini_mcu.memory_subsystem_i.ram0_i.tc_ram_i.sram\[12\]\[11\],17.92µm
i_core_v_mini_mcu.memory_subsystem_i.ram0_i.tc_ram_i.sram\[2\]\[26\],17.92µm
i_core_v_mini_mcu.memory_subsystem_i.ram0_i.tc_ram_i.sram\[2\]\[5\],17.92µm
i_core_v_mini_mcu.memory_subsystem_i.ram0_i.tc_ram_i.sram\[30\]\[26\],17.92µm
i_core_v_mini_mcu.cpu_subsystem_i.cpu_1_0.rf_ram_i.memory\[268\]\[1\],17.74µm
_23658_,17.69µm
_24805_,17.69µm
i_core_v_mini_mcu.cpu_subsystem_i.cpu_0_0.i_servile.cpu.decode.o_immdec_ctrl\[1\],17.69µm
i_core_v_mini_mcu.cpu_subsystem_i.cpu_0_0.rf_ram_i.memory\[539\]\[0\],17.595µm
_09281_,17.56µm
_22022_,17.56µm
i_core_v_mini_mcu.memory_subsystem_i.ram0_i.tc_ram_i.sram\[4\]\[26\],17.56µm
_02766_,17.51µm
_03437_,17.51µm
_06604_,17.51µm
_06820_,17.51µm
_07185_,17.51µm
_09191_,17.51µm
_10027_,17.51µm
_10201_,17.51µm
_16701_,17.51µm
_18153_,17.51µm
i_core_v_mini_mcu.ao_peripheral_subsystem_i.mosaic_clint_i.mtimecmp_q\[31\],17.51µm
i_core_v_mini_mcu.cpu_subsystem_i.cpu_0_0.rf_ram_i.memory\[59\]\[0\],17.51µm
i_core_v_mini_mcu.cpu_subsystem_i.cpu_1_0.rf_ram_i.memory\[332\]\[1\],17.51µm
i_core_v_mini_mcu.cpu_subsystem_i.cpu_1_0.rf_ram_i.memory\[60\]\[0\],17.51µm
i_core_v_mini_mcu.cpu_subsystem_i.cpu_1_0.rf_ram_i.memory\[85\]\[1\],17.51µm
i_core_v_mini_mcu.memory_subsystem_i.ram0_i.tc_ram_i.sram\[14\]\[2\],17.51µm
i_core_v_mini_mcu.memory_subsystem_i.ram0_i.tc_ram_i.sram\[18\]\[14\],17.51µm
_00460_,17.46µm
_01047_,17.46µm
_05396_,17.46µm
_05590_,17.46µm
_05851_,17.46µm
_06154_,17.46µm
_06441_,17.46µm
_06843_,17.46µm
_08044_,17.46µm
_08501_,17.46µm
_08612_,17.46µm
_08757_,17.46µm
_09246_,17.46µm
_09797_,17.46µm
_09887_,17.46µm
_10041_,17.46µm
_11370_,17.46µm
_11500_,17.46µm
_11734_,17.46µm
_11987_,17.46µm
_12054_,17.46µm
_12719_,17.46µm
_13246_,17.46µm
_15124_,17.46µm
_15734_,17.46µm
_17186_,17.46µm
_19851_,17.46µm
_20294_,17.46µm
_21195_,17.46µm
_22061_,17.46µm
_22370_,17.46µm
i_core_v_mini_mcu.ao_peripheral_subsystem_i.clint_mtime_o\[15\],17.46µm
i_core_v_mini_mcu.ao_peripheral_subsystem_i.power_manager_i.power_manager_reg_top_i.cpu_iso_on_counter_qs\[8\],17.46µm
i_core_v_mini_mcu.ao_peripheral_subsystem_i.power_manager_i.power_manager_reg_top_i.intr_state_qs\[19\],17.46µm
i_core_v_mini_mcu.ao_peripheral_subsystem_i.tdu_i.task_mem\[0\]\[8\],17.46µm
i_core_v_mini_mcu.cpu_subsystem_i.cpu_0_0.rf_ram_i.memory\[149\]\[1\],17.46µm
i_core_v_mini_mcu.cpu_subsystem_i.cpu_0_0.rf_ram_i.memory\[154\]\[0\],17.46µm
i_core_v_mini_mcu.cpu_subsystem_i.cpu_0_0.rf_ram_i.memory\[329\]\[1\],17.46µm
i_core_v_mini_mcu.cpu_subsystem_i.cpu_0_0.rf_ram_i.memory\[384\]\[0\],17.46µm
i_core_v_mini_mcu.cpu_subsystem_i.cpu_0_0.rf_ram_i.memory\[456\]\[1\],17.46µm
i_core_v_mini_mcu.cpu_subsystem_i.cpu_0_0.rf_ram_i.memory\[72\]\[0\],17.46µm
i_core_v_mini_mcu.cpu_subsystem_i.cpu_1_0.rf_ram_i.memory\[127\]\[0\],17.46µm
i_core_v_mini_mcu.cpu_subsystem_i.cpu_1_0.rf_ram_i.memory\[302\]\[1\],17.46µm
i_core_v_mini_mcu.cpu_subsystem_i.cpu_1_0.rf_ram_i.memory\[320\]\[1\],17.46µm
i_core_v_mini_mcu.cpu_subsystem_i.cpu_1_0.rf_ram_i.memory\[327\]\[0\],17.46µm
i_core_v_mini_mcu.cpu_subsystem_i.cpu_1_0.rf_ram_i.memory\[481\]\[1\],17.46µm
i_core_v_mini_mcu.cpu_subsystem_i.cpu_1_0.rf_ram_i.memory\[54\]\[1\],17.46µm
i_core_v_mini_mcu.cpu_subsystem_i.cpu_1_0.rf_ram_i.memory\[74\]\[1\],17.46µm
i_core_v_mini_mcu.memory_subsystem_i.ram0_i.tc_ram_i.sram\[18\]\[0\],17.46µm
i_core_v_mini_mcu.memory_subsystem_i.ram0_i.tc_ram_i.sram\[26\]\[27\],17.46µm
i_core_v_mini_mcu.memory_subsystem_i.ram0_i.tc_ram_i.sram\[30\]\[19\],17.46µm
i_core_v_mini_mcu.memory_subsystem_i.ram0_i.tc_ram_i.sram\[6\]\[6\],17.46µm
i_core_v_mini_mcu.memory_subsystem_i.ram0_i.tc_ram_i.sram\[7\]\[23\],17.46µm
i_core_v_mini_mcu.memory_subsystem_i.ram0_i.tc_ram_i.sram\[8\]\[16\],17.46µm
i_core_v_mini_mcu.peripheral_subsystem_i.obi_fifo_i.consumer_data_req_q\[21\],17.46µm
i_core_v_mini_mcu.peripheral_subsystem_i.uart_i.uart_core.nco_sum_q\[7\],17.46µm
i_core_v_mini_mcu.peripheral_subsystem_i.uart_i.uart_core.nco_sum_q\[9\],17.46µm
net1771,17.46µm
_00502_,17.41µm
_00517_,17.41µm
_00876_,17.41µm
_00970_,17.41µm
_04109_,17.41µm
_04612_,17.41µm
_05499_,17.41µm
_06281_,17.41µm
_06304_,17.41µm
_06538_,17.41µm
_07511_,17.41µm
_07547_,17.41µm
_07614_,17.41µm
_07759_,17.41µm
_08080_,17.41µm
_08376_,17.41µm
_08510_,17.41µm
_08820_,17.41µm
_09093_,17.41µm
_09308_,17.41µm
_09382_,17.41µm
_09717_,17.41µm
_09795_,17.41µm
_10276_,17.41µm
_10594_,17.41µm
_10996_,17.41µm
_11256_,17.41µm
_11318_,17.41µm
_11401_,17.41µm
_11439_,17.41µm
_11791_,17.41µm
_11970_,17.41µm
_11984_,17.41µm
_12085_,17.41µm
_12230_,17.41µm
_12358_,17.41µm
_12444_,17.41µm
_12742_,17.41µm
_12767_,17.41µm
_12989_,17.41µm
_13112_,17.41µm
_13453_,17.41µm
_13562_,17.41µm
_13586_,17.41µm
_13934_,17.41µm
_14402_,17.41µm
_14742_,17.41µm
_15041_,17.41µm
_15143_,17.41µm
_15540_,17.41µm
_15713_,17.41µm
_15790_,17.41µm
_16136_,17.41µm
_16207_,17.41µm
_16228_,17.41µm
_16474_,17.41µm
_17121_,17.41µm
_17245_,17.41µm
_17313_,17.41µm
_17807_,17.41µm
_18650_,17.41µm
_18844_,17.41µm
_19299_,17.41µm
_19468_,17.41µm
_19801_,17.41µm
_19806_,17.41µm
_19815_,17.41µm
_19878_,17.41µm
_20140_,17.41µm
_20245_,17.41µm
_20303_,17.41µm
_20309_,17.41µm
_20571_,17.41µm
_21770_,17.41µm
_22094_,17.41µm
_22987_,17.41µm
_23105_,17.41µm
_23554_,17.41µm
_23641_,17.41µm
_23768_,17.41µm
_24030_,17.41µm
_24137_,17.41µm
_24224_,17.41µm
_24277_,17.41µm
_24307_,17.41µm
_24419_,17.41µm
_24539_,17.41µm
_24566_,17.41µm
_24729_,17.41µm
_25105_,17.41µm
_25142_,17.41µm
_25516_,17.41µm
_26255_,17.41µm
_26309_,17.41µm
_26766_,17.41µm
_26829_,17.41µm
_27029_,17.41µm
_27103_,17.41µm
_27120_,17.41µm
_27552_,17.41µm
_27753_,17.41µm
_27925_,17.41µm
_28104_,17.41µm
exit_value_int\[24\],17.41µm
i_core_v_mini_mcu.ao_peripheral_subsystem_i.obi_fifo_i.consumer_data_req\[63\],17.41µm
i_core_v_mini_mcu.ao_peripheral_subsystem_i.obi_fifo_i.consumer_data_req_q\[38\],17.41µm
i_core_v_mini_mcu.ao_peripheral_subsystem_i.obi_fifo_i.consumer_data_req_q\[67\],17.41µm
i_core_v_mini_mcu.ao_peripheral_subsystem_i.power_manager_i.power_manager_reg_top_i.ram_0_iso_qs,17.41µm
i_core_v_mini_mcu.ao_peripheral_subsystem_i.power_manager_i.power_manager_reg_top_i.u_intr_state.wr_data\[3\],17.41µm
i_core_v_mini_mcu.ao_peripheral_subsystem_i.power_manager_i.reg_to_counter_cpu_reset_deassert_i.counter_curr_state\[2\],17.41µm
i_core_v_mini_mcu.ao_peripheral_subsystem_i.spi_subsystem_i.obi_spimemio_i.spimemio_i.din_tag\[1\],17.41µm
i_core_v_mini_mcu.ao_peripheral_subsystem_i.spi_subsystem_i.obi_spimemio_i.spimemio_i.dout_tag\[2\],17.41µm
i_core_v_mini_mcu.ao_peripheral_subsystem_i.tdu_i.rd_ptr_q\[1\],17.41µm
i_core_v_mini_mcu.cpu_subsystem_i.cpu_0_0.i_servile.cpu.alu.cmp_r,17.41µm
i_core_v_mini_mcu.cpu_subsystem_i.cpu_0_0.i_servile.cpu.gen_csr.csr.mcause3_0\[2\],17.41µm
i_core_v_mini_mcu.cpu_subsystem_i.cpu_0_0.rf_ram_i.memory\[117\]\[1\],17.41µm
i_core_v_mini_mcu.cpu_subsystem_i.cpu_0_0.rf_ram_i.memory\[139\]\[1\],17.41µm
i_core_v_mini_mcu.cpu_subsystem_i.cpu_0_0.rf_ram_i.memory\[162\]\[1\],17.41µm
i_core_v_mini_mcu.cpu_subsystem_i.cpu_0_0.rf_ram_i.memory\[17\]\[0\],17.41µm
i_core_v_mini_mcu.cpu_subsystem_i.cpu_0_0.rf_ram_i.memory\[238\]\[0\],17.41µm
i_core_v_mini_mcu.cpu_subsystem_i.cpu_0_0.rf_ram_i.memory\[254\]\[0\],17.41µm
i_core_v_mini_mcu.cpu_subsystem_i.cpu_0_0.rf_ram_i.memory\[269\]\[1\],17.41µm
i_core_v_mini_mcu.cpu_subsystem_i.cpu_0_0.rf_ram_i.memory\[398\]\[0\],17.41µm
i_core_v_mini_mcu.cpu_subsystem_i.cpu_0_0.rf_ram_i.memory\[9\]\[1\],17.41µm
i_core_v_mini_mcu.cpu_subsystem_i.cpu_1_0.i_servile.cpu.immdec.gen_immdec_w_eq_1.imm24_20\[1\],17.41µm
i_core_v_mini_mcu.cpu_subsystem_i.cpu_1_0.rf_ram_i.memory\[111\]\[0\],17.41µm
i_core_v_mini_mcu.cpu_subsystem_i.cpu_1_0.rf_ram_i.memory\[118\]\[0\],17.41µm
i_core_v_mini_mcu.cpu_subsystem_i.cpu_1_0.rf_ram_i.memory\[259\]\[0\],17.41µm
i_core_v_mini_mcu.cpu_subsystem_i.cpu_1_0.rf_ram_i.memory\[304\]\[1\],17.41µm
i_core_v_mini_mcu.cpu_subsystem_i.cpu_1_0.rf_ram_i.memory\[339\]\[0\],17.41µm
i_core_v_mini_mcu.cpu_subsystem_i.cpu_1_0.rf_ram_i.memory\[486\]\[1\],17.41µm
i_core_v_mini_mcu.cpu_subsystem_i.cpu_1_0.rf_ram_i.memory\[509\]\[1\],17.41µm
i_core_v_mini_mcu.memory_subsystem_i.ram0_i.tc_ram_i.sram\[15\]\[16\],17.41µm
i_core_v_mini_mcu.memory_subsystem_i.ram0_i.tc_ram_i.sram\[1\]\[4\],17.41µm
i_core_v_mini_mcu.memory_subsystem_i.ram0_i.tc_ram_i.sram\[27\]\[11\],17.41µm
i_core_v_mini_mcu.memory_subsystem_i.ram0_i.tc_ram_i.sram\[30\]\[16\],17.41µm
i_core_v_mini_mcu.memory_subsystem_i.ram0_i.tc_ram_i.sram\[31\]\[16\],17.41µm
i_core_v_mini_mcu.peripheral_subsystem_i.obi_fifo_i.consumer_data_req\[17\],17.41µm
i_core_v_mini_mcu.peripheral_subsystem_i.obi_fifo_i.consumer_data_req_q\[2\],17.41µm
i_core_v_mini_mcu.peripheral_subsystem_i.obi_fifo_i.consumer_resp_i\[23\],17.41µm
i_core_v_mini_mcu.peripheral_subsystem_i.uart_i.uart_core.uart_rx.baud_div_q\[1\],17.41µm
net1386,17.41µm
_00025_,17.36µm
_00036_,17.36µm
_00252_,17.36µm
_00295_,17.36µm
_00447_,17.36µm
_00636_,17.36µm
_01233_,17.36µm
_03530_,17.36µm
_03917_,17.36µm
_04066_,17.36µm
_04198_,17.36µm
_04610_,17.36µm
_04866_,17.36µm
_04967_,17.36µm
_05053_,17.36µm
_05450_,17.36µm
_05694_,17.36µm
_05698_,17.36µm
_05761_,17.36µm
_06086_,17.36µm
_06163_,17.36µm
_07851_,17.36µm
_08472_,17.36µm
_08720_,17.36µm
_08829_,17.36µm
_08995_,17.36µm
_09059_,17.36µm
_09136_,17.36µm
_09753_,17.36µm
_09822_,17.36µm
_09868_,17.36µm
_10000_,17.36µm
_10016_,17.36µm
_10243_,17.36µm
_10688_,17.36µm
_10962_,17.36µm
_11117_,17.36µm
_11183_,17.36µm
_11574_,17.36µm
_11591_,17.36µm
_11896_,17.36µm
_12024_,17.36µm
_12067_,17.36µm
_12140_,17.36µm
_12284_,17.36µm
_12380_,17.36µm
_12427_,17.36µm
_12623_,17.36µm
_12749_,17.36µm
_12757_,17.36µm
_13041_,17.36µm
_13057_,17.36µm
_13095_,17.36µm
_13416_,17.36µm
_13607_,17.36µm
_13810_,17.36µm
_13818_,17.36µm
_13857_,17.36µm
_14250_,17.36µm
_14328_,17.36µm
_15096_,17.36µm
_15148_,17.36µm
_15221_,17.36µm
_15273_,17.36µm
_16532_,17.36µm
_16573_,17.36µm
_16694_,17.36µm
_16754_,17.36µm
_17022_,17.36µm
_17027_,17.36µm
_17036_,17.36µm
_17141_,17.36µm
_17223_,17.36µm
_17370_,17.36µm
_18652_,17.36µm
_19306_,17.36µm
_19506_,17.36µm
_19527_,17.36µm
_19805_,17.36µm
_20020_,17.36µm
_20043_,17.36µm
_20193_,17.36µm
_20546_,17.36µm
_21399_,17.36µm
_21759_,17.36µm
_21926_,17.36µm
_22737_,17.36µm
_22934_,17.36µm
_23028_,17.36µm
_23149_,17.36µm
_23440_,17.36µm
_23753_,17.36µm
_23984_,17.36µm
_24498_,17.36µm
_24757_,17.36µm
_24963_,17.36µm
_24991_,17.36µm
_25219_,17.36µm
_25255_,17.36µm
_25362_,17.36µm
_25374_,17.36µm
_25387_,17.36µm
_25899_,17.36µm
_25988_,17.36µm
_26014_,17.36µm
_26203_,17.36µm
_26752_,17.36µm
_26925_,17.36µm
_27004_,17.36µm
_27867_,17.36µm
_27990_,17.36µm
_28042_,17.36µm
_28108_,17.36µm
i_core_v_mini_mcu.ao_peripheral_subsystem_i.tdu_i.active_hart_cycles_q\[2\],17.36µm
i_core_v_mini_mcu.cpu_subsystem_i.cpu_0_0.rf_ram_i.memory\[234\]\[1\],17.36µm
i_core_v_mini_mcu.cpu_subsystem_i.cpu_0_0.rf_ram_i.memory\[23\]\[1\],17.36µm
i_core_v_mini_mcu.cpu_subsystem_i.cpu_0_0.rf_ram_i.memory\[423\]\[1\],17.36µm
i_core_v_mini_mcu.cpu_subsystem_i.cpu_0_0.rf_ram_i.memory\[484\]\[0\],17.36µm
i_core_v_mini_mcu.cpu_subsystem_i.cpu_1_0.rf_ram_i.memory\[316\]\[0\],17.36µm
i_core_v_mini_mcu.cpu_subsystem_i.cpu_1_0.rf_ram_i.memory\[65\]\[1\],17.36µm
i_core_v_mini_mcu.memory_subsystem_i.ram0_i.tc_ram_i.sram\[17\]\[3\],17.36µm
i_core_v_mini_mcu.memory_subsystem_i.ram0_i.tc_ram_i.sram\[3\]\[6\],17.36µm
i_core_v_mini_mcu.memory_subsystem_i.ram0_i.tc_ram_i.sram\[6\]\[14\],17.36µm
net1872,17.36µm
i_core_v_mini_mcu.cpu_subsystem_i.cpu_0_0.rf_ram_i.memory\[372\]\[1\],17.18µm
i_core_v_mini_mcu.cpu_subsystem_i.cpu_0_0.rf_ram_i.memory\[225\]\[1\],17.13µm
i_core_v_mini_mcu.cpu_subsystem_i.cpu_0_0.rf_ram_i.memory\[247\]\[1\],17.13µm
i_core_v_mini_mcu.cpu_subsystem_i.cpu_0_0.rf_ram_i.memory\[386\]\[1\],17.13µm
_12289_,17.08µm
_26078_,17.08µm
i_core_v_mini_mcu.cpu_subsystem_i.cpu_1_0.rf_ram_i.memory\[307\]\[1\],17.08µm
i_core_v_mini_mcu.memory_subsystem_i.ram0_i.tc_ram_i.sram\[8\]\[15\],17.08µm
_05496_,17.05µm
i_core_v_mini_mcu.cpu_subsystem_i.cpu_1_0.rf_ram_i.memory\[500\]\[1\],17µm
_05581_,16.95µm
_06502_,16.95µm
_06832_,16.95µm
_10231_,16.95µm
_11936_,16.95µm
_17287_,16.95µm
_22851_,16.95µm
_23871_,16.95µm
i_core_v_mini_mcu.ao_peripheral_subsystem_i.mosaic_clint_i.mtimecmp_q\[43\],16.95µm
i_core_v_mini_mcu.ao_peripheral_subsystem_i.power_manager_i.power_manager_reg_top_i.en_wait_for_intr_qs\[0\],16.95µm
i_core_v_mini_mcu.ao_peripheral_subsystem_i.spi_subsystem_i.obi_spimemio_i.spimemio_i.rd_addr\[12\],16.95µm
i_core_v_mini_mcu.ao_peripheral_subsystem_i.spi_subsystem_i.obi_spimemio_i.spimemio_i.xfer.xfer_qspi,16.95µm
i_core_v_mini_mcu.cpu_subsystem_i.cpu_0_0.i_servile.arbiter.i_wb_cpu_dbus_adr\[7\],16.95µm
i_core_v_mini_mcu.cpu_subsystem_i.cpu_0_0.rf_ram_i.memory\[186\]\[1\],16.95µm
i_core_v_mini_mcu.memory_subsystem_i.ram0_i.tc_ram_i.sram\[18\]\[18\],16.95µm
i_core_v_mini_mcu.memory_subsystem_i.ram0_i.tc_ram_i.sram\[18\]\[29\],16.95µm
i_core_v_mini_mcu.memory_subsystem_i.ram0_i.tc_ram_i.sram\[24\]\[14\],16.95µm
i_core_v_mini_mcu.memory_subsystem_i.ram0_i.tc_ram_i.sram\[30\]\[3\],16.95µm
i_core_v_mini_mcu.memory_subsystem_i.ram0_i.tc_ram_i.sram\[8\]\[13\],16.95µm
_01461_,16.9µm
_05288_,16.9µm
_05512_,16.9µm
_06213_,16.9µm
_09429_,16.9µm
_09674_,16.9µm
_09755_,16.9µm
_09819_,16.9µm
_10299_,16.9µm
_10421_,16.9µm
_10467_,16.9µm
_11205_,16.9µm
_12246_,16.9µm
_12565_,16.9µm
_16208_,16.9µm
_16986_,16.9µm
_21040_,16.9µm
_21129_,16.9µm
_21389_,16.9µm
_22437_,16.9µm
_22797_,16.9µm
_22954_,16.9µm
_23362_,16.9µm
_23767_,16.9µm
_23824_,16.9µm
_25402_,16.9µm
_27245_,16.9µm
_27584_,16.9µm
i_core_v_mini_mcu.ao_peripheral_subsystem_i.soc_ctrl_i.reg2hw\[24\],16.9µm
i_core_v_mini_mcu.ao_peripheral_subsystem_i.spi_subsystem_i.obi_spimemio_i.obi_to_picorv32_i.state\[0\],16.9µm
i_core_v_mini_mcu.ao_peripheral_subsystem_i.spi_subsystem_i.obi_spimemio_i.spimemio_i.config_clk,16.9µm
i_core_v_mini_mcu.ao_peripheral_subsystem_i.spi_subsystem_i.obi_spimemio_i.spimemio_i.state\[4\],16.9µm
i_core_v_mini_mcu.cpu_subsystem_i.cpu_0_0.rf_ram_i.memory\[143\]\[0\],16.9µm
i_core_v_mini_mcu.cpu_subsystem_i.cpu_0_0.rf_ram_i.memory\[178\]\[0\],16.9µm
i_core_v_mini_mcu.cpu_subsystem_i.cpu_0_0.rf_ram_i.memory\[316\]\[1\],16.9µm
i_core_v_mini_mcu.cpu_subsystem_i.cpu_0_0.rf_ram_i.memory\[394\]\[1\],16.9µm
i_core_v_mini_mcu.cpu_subsystem_i.cpu_0_0.rf_ram_i.memory\[409\]\[0\],16.9µm
i_core_v_mini_mcu.cpu_subsystem_i.cpu_0_0.rf_ram_i.memory\[439\]\[1\],16.9µm
i_core_v_mini_mcu.cpu_subsystem_i.cpu_0_0.rf_ram_i.memory\[478\]\[1\],16.9µm
i_core_v_mini_mcu.cpu_subsystem_i.cpu_0_0.rf_ram_i.memory\[498\]\[1\],16.9µm
i_core_v_mini_mcu.cpu_subsystem_i.cpu_0_0.rf_ram_i.memory\[536\]\[0\],16.9µm
i_core_v_mini_mcu.cpu_subsystem_i.cpu_1_0.i_servile.arbiter.i_wb_cpu_ibus_adr\[11\],16.9µm
i_core_v_mini_mcu.cpu_subsystem_i.cpu_1_0.i_servile.arbiter.i_wb_cpu_ibus_adr\[27\],16.9µm
i_core_v_mini_mcu.cpu_subsystem_i.cpu_1_0.rf_ram_i.memory\[139\]\[0\],16.9µm
i_core_v_mini_mcu.cpu_subsystem_i.cpu_1_0.rf_ram_i.memory\[1\]\[0\],16.9µm
i_core_v_mini_mcu.cpu_subsystem_i.cpu_1_0.rf_ram_i.memory\[25\]\[0\],16.9µm
i_core_v_mini_mcu.cpu_subsystem_i.cpu_1_0.rf_ram_i.memory\[317\]\[1\],16.9µm
i_core_v_mini_mcu.cpu_subsystem_i.cpu_1_0.rf_ram_i.memory\[4\]\[1\],16.9µm
i_core_v_mini_mcu.cpu_subsystem_i.cpu_1_0.rf_ram_i.memory\[77\]\[0\],16.9µm
i_core_v_mini_mcu.memory_subsystem_i.ram0_i.tc_ram_i.sram\[20\]\[3\],16.9µm
i_core_v_mini_mcu.memory_subsystem_i.ram0_i.tc_ram_i.sram\[29\]\[29\],16.9µm
i_core_v_mini_mcu.memory_subsystem_i.ram0_i.tc_ram_i.sram\[3\]\[29\],16.9µm
i_core_v_mini_mcu.peripheral_subsystem_i.uart_i.reg2hw\[37\],16.9µm
i_core_v_mini_mcu.peripheral_subsystem_i.uart_i.uart_core.u_uart_rxfifo.gen_normal_fifo.storage\[13\],16.9µm
_00315_,16.85µm
_00363_,16.85µm
_00422_,16.85µm
_00611_,16.85µm
_00838_,16.85µm
_01110_,16.85µm
_01150_,16.85µm
_02648_,16.85µm
_02715_,16.85µm
_03735_,16.85µm
_04211_,16.85µm
_04272_,16.85µm
_04333_,16.85µm
_04623_,16.85µm
_05250_,16.85µm
_05353_,16.85µm
_05457_,16.85µm
_05937_,16.85µm
_05980_,16.85µm
_06289_,16.85µm
_06828_,16.85µm
_06829_,16.85µm
_07144_,16.85µm
_07995_,16.85µm
_08133_,16.85µm
_08355_,16.85µm
_08569_,16.85µm
_08767_,16.85µm
_09409_,16.85µm
_09866_,16.85µm
_10220_,16.85µm
_10255_,16.85µm
_11241_,16.85µm
_11306_,16.85µm
_11324_,16.85µm
_11526_,16.85µm
_11693_,16.85µm
_12021_,16.85µm
_12023_,16.85µm
_12138_,16.85µm
_12264_,16.85µm
_12448_,16.85µm
_12779_,16.85µm
_13050_,16.85µm
_13096_,16.85µm
_13142_,16.85µm
_13231_,16.85µm
_13304_,16.85µm
_13309_,16.85µm
_13491_,16.85µm
_13577_,16.85µm
_13588_,16.85µm
_13691_,16.85µm
_13831_,16.85µm
_13972_,16.85µm
_14189_,16.85µm
_15919_,16.85µm
_16167_,16.85µm
_16324_,16.85µm
_16693_,16.85µm
_17010_,16.85µm
_17162_,16.85µm
_17230_,16.85µm
_17525_,16.85µm
_18441_,16.85µm
_18517_,16.85µm
_18545_,16.85µm
_18558_,16.85µm
_18689_,16.85µm
_18954_,16.85µm
_19421_,16.85µm
_19482_,16.85µm
_19513_,16.85µm
_19643_,16.85µm
_19772_,16.85µm
_19840_,16.85µm
_19991_,16.85µm
_20126_,16.85µm
_20207_,16.85µm
_20975_,16.85µm
_21319_,16.85µm
_22112_,16.85µm
_22547_,16.85µm
_22834_,16.85µm
_22876_,16.85µm
_23631_,16.85µm
_23690_,16.85µm
_23708_,16.85µm
_23857_,16.85µm
_23882_,16.85µm
_23883_,16.85µm
_24268_,16.85µm
_24274_,16.85µm
_24370_,16.85µm
_24776_,16.85µm
_25166_,16.85µm
_25221_,16.85µm
_25680_,16.85µm
_25932_,16.85µm
_25969_,16.85µm
_26236_,16.85µm
_26304_,16.85µm
_26360_,16.85µm
_26443_,16.85µm
_26473_,16.85µm
_26580_,16.85µm
_26669_,16.85µm
_26809_,16.85µm
_27359_,16.85µm
_27786_,16.85µm
_27928_,16.85µm
i_core_v_mini_mcu.ao_peripheral_subsystem_i.mosaic_clint_i.mtimecmp_q\[12\],16.85µm
i_core_v_mini_mcu.ao_peripheral_subsystem_i.obi_fifo_i.consumer_data_req\[58\],16.85µm
i_core_v_mini_mcu.ao_peripheral_subsystem_i.spi_subsystem_i.obi_spimemio_i.obi_to_picorv32_i.picorv32_resp_i\[23\],16.85µm
i_core_v_mini_mcu.ao_peripheral_subsystem_i.spi_subsystem_i.obi_spimemio_i.spimemio_i.din_valid,16.85µm
i_core_v_mini_mcu.ao_peripheral_subsystem_i.spi_subsystem_i.obi_spimemio_i.spimemio_i.dout_tag\[1\],16.85µm
i_core_v_mini_mcu.ao_peripheral_subsystem_i.tdu_i.task_mem\[2\]\[1\],16.85µm
i_core_v_mini_mcu.cpu_subsystem_i.cpu_0_0.rf_ram_i.memory\[110\]\[1\],16.85µm
i_core_v_mini_mcu.cpu_subsystem_i.cpu_0_0.rf_ram_i.memory\[197\]\[0\],16.85µm
i_core_v_mini_mcu.cpu_subsystem_i.cpu_0_0.rf_ram_i.memory\[211\]\[0\],16.85µm
i_core_v_mini_mcu.cpu_subsystem_i.cpu_0_0.rf_ram_i.memory\[251\]\[1\],16.85µm
i_core_v_mini_mcu.cpu_subsystem_i.cpu_0_0.rf_ram_i.memory\[32\]\[1\],16.85µm
i_core_v_mini_mcu.cpu_subsystem_i.cpu_0_0.rf_ram_i.memory\[331\]\[1\],16.85µm
i_core_v_mini_mcu.cpu_subsystem_i.cpu_0_0.rf_ram_i.memory\[428\]\[1\],16.85µm
i_core_v_mini_mcu.cpu_subsystem_i.cpu_0_0.rf_ram_i.memory\[475\]\[1\],16.85µm
i_core_v_mini_mcu.cpu_subsystem_i.cpu_0_0.rf_ram_i.memory\[509\]\[0\],16.85µm
i_core_v_mini_mcu.cpu_subsystem_i.cpu_0_0.rf_ram_i.memory\[541\]\[1\],16.85µm
i_core_v_mini_mcu.cpu_subsystem_i.cpu_0_0.rf_ram_i.memory\[550\]\[1\],16.85µm
i_core_v_mini_mcu.cpu_subsystem_i.cpu_0_0.rf_ram_i.memory\[61\]\[0\],16.85µm
i_core_v_mini_mcu.cpu_subsystem_i.cpu_1_0.rf_ram_i.memory\[325\]\[1\],16.85µm
i_core_v_mini_mcu.cpu_subsystem_i.cpu_1_0.rf_ram_i.memory\[347\]\[0\],16.85µm
i_core_v_mini_mcu.cpu_subsystem_i.cpu_1_0.rf_ram_i.memory\[488\]\[1\],16.85µm
i_core_v_mini_mcu.memory_subsystem_i.ram0_i.tc_ram_i.sram\[11\]\[0\],16.85µm
i_core_v_mini_mcu.memory_subsystem_i.ram0_i.tc_ram_i.sram\[19\]\[15\],16.85µm
i_core_v_mini_mcu.memory_subsystem_i.ram0_i.tc_ram_i.sram\[21\]\[5\],16.85µm
i_core_v_mini_mcu.memory_subsystem_i.ram0_i.tc_ram_i.sram\[23\]\[18\],16.85µm
i_core_v_mini_mcu.memory_subsystem_i.ram0_i.tc_ram_i.sram\[24\]\[26\],16.85µm
i_core_v_mini_mcu.memory_subsystem_i.ram0_i.tc_ram_i.sram\[25\]\[11\],16.85µm
i_core_v_mini_mcu.memory_subsystem_i.ram0_i.tc_ram_i.sram\[30\]\[22\],16.85µm
i_core_v_mini_mcu.peripheral_subsystem_i.obi_fifo_i.consumer_resp_i\[6\],16.85µm
i_core_v_mini_mcu.peripheral_subsystem_i.obi_fifo_i.consumer_resp_i\[7\],16.85µm
i_core_v_mini_mcu.peripheral_subsystem_i.uart_i.hw2reg\[8\],16.85µm
i_core_v_mini_mcu.peripheral_subsystem_i.uart_i.uart_core.u_uart_rxfifo.gen_normal_fifo.storage\[7\],16.85µm
i_core_v_mini_mcu.peripheral_subsystem_i.uart_i.uart_core.uart_tx.bit_cnt_q\[3\],16.85µm
i_core_v_mini_mcu.peripheral_subsystem_i.uart_i.uart_core.uart_tx.sreg_q\[0\],16.85µm
i_core_v_mini_mcu.system_bus_i.system_xbar_i.gen_xbar_NtoM.i_xbar.gen_inputs\[3\].i_addr_dec_resp_mux.gen_several_outputs.bank_sel_q\[2\],16.85µm
net,16.85µm
_00167_,16.8µm
_00278_,16.8µm
_00443_,16.8µm
_01289_,16.8µm
_01651_,16.8µm
_01822_,16.8µm
_01909_,16.8µm
_02057_,16.8µm
_02092_,16.8µm
_02343_,16.8µm
_02529_,16.8µm
_02654_,16.8µm
_02866_,16.8µm
_02892_,16.8µm
_03010_,16.8µm
_03659_,16.8µm
_03853_,16.8µm
_03898_,16.8µm
_04106_,16.8µm
_04107_,16.8µm
_04124_,16.8µm
_04126_,16.8µm
_04249_,16.8µm
_04561_,16.8µm
_04694_,16.8µm
_05157_,16.8µm
_05172_,16.8µm
_05233_,16.8µm
_05689_,16.8µm
_06394_,16.8µm
_06735_,16.8µm
_06786_,16.8µm
_06937_,16.8µm
_07239_,16.8µm
_07597_,16.8µm
_07651_,16.8µm
_07718_,16.8µm
_08121_,16.8µm
_08155_,16.8µm
_08204_,16.8µm
_08532_,16.8µm
_09083_,16.8µm
_09175_,16.8µm
_09391_,16.8µm
_09423_,16.8µm
_09770_,16.8µm
_09873_,16.8µm
_10301_,16.8µm
_10588_,16.8µm
_10645_,16.8µm
_11041_,16.8µm
_11067_,16.8µm
_11166_,16.8µm
_11441_,16.8µm
_11692_,16.8µm
_11778_,16.8µm
_11845_,16.8µm
_12833_,16.8µm
_12953_,16.8µm
_13032_,16.8µm
_13282_,16.8µm
_13522_,16.8µm
_13967_,16.8µm
_14274_,16.8µm
_14624_,16.8µm
_14825_,16.8µm
_14952_,16.8µm
_15254_,16.8µm
_15493_,16.8µm
_16067_,16.8µm
_16595_,16.8µm
_16699_,16.8µm
_16762_,16.8µm
_16808_,16.8µm
_16935_,16.8µm
_17951_,16.8µm
_17962_,16.8µm
_18888_,16.8µm
_19048_,16.8µm
_19141_,16.8µm
_19203_,16.8µm
_19364_,16.8µm
_19374_,16.8µm
_19660_,16.8µm
_20002_,16.8µm
_20198_,16.8µm
_20249_,16.8µm
_20257_,16.8µm
_20613_,16.8µm
_20890_,16.8µm
_21023_,16.8µm
_21274_,16.8µm
_21275_,16.8µm
_21276_,16.8µm
_21591_,16.8µm
_22153_,16.8µm
_22211_,16.8µm
_22910_,16.8µm
_22926_,16.8µm
_23563_,16.8µm
_23928_,16.8µm
_24027_,16.8µm
_24280_,16.8µm
_24446_,16.8µm
_24743_,16.8µm
_24881_,16.8µm
_24962_,16.8µm
_25096_,16.8µm
_25214_,16.8µm
_25653_,16.8µm
_25667_,16.8µm
_25681_,16.8µm
_26136_,16.8µm
_26530_,16.8µm
_26587_,16.8µm
_26737_,16.8µm
_26799_,16.8µm
_26808_,16.8µm
_26960_,16.8µm
_26967_,16.8µm
_27807_,16.8µm
_27964_,16.8µm
_28041_,16.8µm
exit_value_int\[30\],16.8µm
i_core_v_mini_mcu.ao_peripheral_subsystem_i.mosaic_clint_i.mtimecmp_q\[30\],16.8µm
i_core_v_mini_mcu.cpu_subsystem_i.cpu_0_0.rf_ram_i.memory\[125\]\[0\],16.8µm
i_core_v_mini_mcu.cpu_subsystem_i.cpu_0_0.rf_ram_i.memory\[140\]\[1\],16.8µm
i_core_v_mini_mcu.cpu_subsystem_i.cpu_0_0.rf_ram_i.memory\[201\]\[1\],16.8µm
i_core_v_mini_mcu.cpu_subsystem_i.cpu_0_0.rf_ram_i.memory\[330\]\[1\],16.8µm
i_core_v_mini_mcu.cpu_subsystem_i.cpu_0_0.rf_ram_i.memory\[331\]\[0\],16.8µm
i_core_v_mini_mcu.cpu_subsystem_i.cpu_0_0.rf_ram_i.memory\[406\]\[1\],16.8µm
i_core_v_mini_mcu.cpu_subsystem_i.cpu_0_0.rf_ram_i.memory\[495\]\[0\],16.8µm
i_core_v_mini_mcu.cpu_subsystem_i.cpu_0_0.rf_ram_i.memory\[567\]\[1\],16.8µm
i_core_v_mini_mcu.cpu_subsystem_i.cpu_1_0.rf_ram_i.memory\[268\]\[0\],16.8µm
i_core_v_mini_mcu.cpu_subsystem_i.cpu_1_0.rf_ram_i.memory\[26\]\[0\],16.8µm
i_core_v_mini_mcu.cpu_subsystem_i.cpu_1_0.rf_ram_i.memory\[334\]\[1\],16.8µm
i_core_v_mini_mcu.memory_subsystem_i.ram0_i.tc_ram_i.sram\[11\]\[3\],16.8µm
i_core_v_mini_mcu.memory_subsystem_i.ram0_i.tc_ram_i.sram\[2\]\[23\],16.8µm
i_core_v_mini_mcu.memory_subsystem_i.ram0_i.tc_ram_i.sram\[7\]\[13\],16.8µm
i_core_v_mini_mcu.memory_subsystem_i.ram0_i.tc_ram_i.sram\[7\]\[4\],16.8µm
i_core_v_mini_mcu.peripheral_subsystem_i.uart_i.uart_core.rx_timeout_count_q\[15\],16.8µm
net1827,16.8µm
i_core_v_mini_mcu.ao_peripheral_subsystem_i.mosaic_clint_i.mtimecmp_q\[61\],16.62µm
_07769_,16.57µm
_09627_,16.57µm
i_core_v_mini_mcu.cpu_subsystem_i.cpu_1_0.rf_ram_i.memory\[201\]\[0\],16.57µm
i_core_v_mini_mcu.cpu_subsystem_i.cpu_0_0.rf_ram_i.memory\[196\]\[1\],16.52µm
i_core_v_mini_mcu.cpu_subsystem_i.cpu_1_0.rf_ram_i.memory\[234\]\[1\],16.52µm
_15343_,16.49µm
_05137_,16.44µm
_05667_,16.44µm
_08831_,16.44µm
_15826_,16.44µm
_15934_,16.44µm
i_core_v_mini_mcu.ao_peripheral_subsystem_i.power_manager_i.power_manager_reg_top_i.ram_0_switch_qs,16.44µm
i_core_v_mini_mcu.cpu_subsystem_i.cpu_0_0.rf_ram_i.memory\[86\]\[0\],16.44µm
i_core_v_mini_mcu.memory_subsystem_i.ram0_i.tc_ram_i.sram\[4\]\[12\],16.44µm
_00822_,16.39µm
_03344_,16.39µm
_06531_,16.39µm
_11783_,16.39µm
_12191_,16.39µm
_12342_,16.39µm
_18265_,16.39µm
_22052_,16.39µm
_26403_,16.39µm
_27592_,16.39µm
i_core_v_mini_mcu.ao_peripheral_subsystem_i.tdu_i.active_hart_cycles_q\[3\],16.39µm
i_core_v_mini_mcu.ao_peripheral_subsystem_i.tdu_i.task_mem\[3\]\[1\],16.39µm
i_core_v_mini_mcu.cpu_subsystem_i.cpu_0_0.rf_ram_i.memory\[136\]\[1\],16.39µm
i_core_v_mini_mcu.cpu_subsystem_i.cpu_0_0.rf_ram_i.memory\[213\]\[1\],16.39µm
i_core_v_mini_mcu.cpu_subsystem_i.cpu_0_0.rf_ram_i.memory\[555\]\[1\],16.39µm
i_core_v_mini_mcu.cpu_subsystem_i.cpu_1_0.rf_ram_i.memory\[46\]\[0\],16.39µm
i_core_v_mini_mcu.cpu_subsystem_i.cpu_1_0.rf_ram_i.memory\[49\]\[0\],16.39µm
i_core_v_mini_mcu.memory_subsystem_i.ram0_i.tc_ram_i.sram\[15\]\[3\],16.39µm
i_core_v_mini_mcu.memory_subsystem_i.ram0_i.tc_ram_i.sram\[3\]\[28\],16.39µm
i_core_v_mini_mcu.peripheral_subsystem_i.uart_i.hw2reg\[12\],16.39µm
_00835_,16.34µm
_00875_,16.34µm
_01211_,16.34µm
_01709_,16.34µm
_04620_,16.34µm
_05359_,16.34µm
_05749_,16.34µm
_05997_,16.34µm
_06364_,16.34µm
_07014_,16.34µm
_08525_,16.34µm
_09121_,16.34µm
_09392_,16.34µm
_09487_,16.34µm
_09829_,16.34µm
_10205_,16.34µm
_10275_,16.34µm
_11868_,16.34µm
_13149_,16.34µm
_13893_,16.34µm
_15150_,16.34µm
_18243_,16.34µm
_19996_,16.34µm
_20170_,16.34µm
_21692_,16.34µm
_23353_,16.34µm
_23733_,16.34µm
_26069_,16.34µm
_27344_,16.34µm
_27682_,16.34µm
i_core_v_mini_mcu.ao_peripheral_subsystem_i.spi_subsystem_i.obi_spimemio_i.spimemio_i.xfer.flash_io2_do,16.34µm
i_core_v_mini_mcu.ao_peripheral_subsystem_i.tdu_i.cpi_est_q\[60\],16.34µm
i_core_v_mini_mcu.ao_peripheral_subsystem_i.tdu_i.wr_ptr_q\[0\],16.34µm
i_core_v_mini_mcu.cpu_subsystem_i.cpu_0_0.i_servile.cpu.ctrl.o_ibus_adr\[8\],16.34µm
i_core_v_mini_mcu.cpu_subsystem_i.cpu_0_0.rf_ram_i.memory\[108\]\[0\],16.34µm
i_core_v_mini_mcu.cpu_subsystem_i.cpu_0_0.rf_ram_i.memory\[126\]\[1\],16.34µm
i_core_v_mini_mcu.cpu_subsystem_i.cpu_0_0.rf_ram_i.memory\[205\]\[0\],16.34µm
i_core_v_mini_mcu.cpu_subsystem_i.cpu_0_0.rf_ram_i.memory\[216\]\[0\],16.34µm
i_core_v_mini_mcu.cpu_subsystem_i.cpu_0_0.rf_ram_i.memory\[294\]\[0\],16.34µm
i_core_v_mini_mcu.cpu_subsystem_i.cpu_0_0.rf_ram_i.memory\[318\]\[0\],16.34µm
i_core_v_mini_mcu.cpu_subsystem_i.cpu_0_0.rf_ram_i.memory\[379\]\[1\],16.34µm
i_core_v_mini_mcu.cpu_subsystem_i.cpu_0_0.rf_ram_i.memory\[407\]\[0\],16.34µm
i_core_v_mini_mcu.cpu_subsystem_i.cpu_0_0.rf_ram_i.memory\[416\]\[0\],16.34µm
i_core_v_mini_mcu.cpu_subsystem_i.cpu_0_0.rf_ram_i.memory\[41\]\[0\],16.34µm
i_core_v_mini_mcu.cpu_subsystem_i.cpu_0_0.rf_ram_i.memory\[514\]\[0\],16.34µm
i_core_v_mini_mcu.cpu_subsystem_i.cpu_0_0.rf_ram_i.memory\[534\]\[1\],16.34µm
i_core_v_mini_mcu.cpu_subsystem_i.cpu_0_0.rf_ram_i.memory\[538\]\[1\],16.34µm
i_core_v_mini_mcu.cpu_subsystem_i.cpu_1_0.rf_ram_i.memory\[147\]\[1\],16.34µm
i_core_v_mini_mcu.cpu_subsystem_i.cpu_1_0.rf_ram_i.memory\[202\]\[1\],16.34µm
i_core_v_mini_mcu.cpu_subsystem_i.cpu_1_0.rf_ram_i.memory\[248\]\[0\],16.34µm
i_core_v_mini_mcu.cpu_subsystem_i.cpu_1_0.rf_ram_i.memory\[362\]\[1\],16.34µm
i_core_v_mini_mcu.cpu_subsystem_i.cpu_1_0.rf_ram_i.memory\[82\]\[1\],16.34µm
i_core_v_mini_mcu.cpu_subsystem_i.cpu_1_0.rf_ram_i.memory\[98\]\[0\],16.34µm
i_core_v_mini_mcu.memory_subsystem_i.ram0_i.tc_ram_i.sram\[11\]\[18\],16.34µm
i_core_v_mini_mcu.memory_subsystem_i.ram0_i.tc_ram_i.sram\[26\]\[12\],16.34µm
i_core_v_mini_mcu.memory_subsystem_i.ram0_i.tc_ram_i.sram\[27\]\[27\],16.34µm
i_core_v_mini_mcu.memory_subsystem_i.ram0_i.tc_ram_i.sram\[2\]\[29\],16.34µm
i_core_v_mini_mcu.memory_subsystem_i.ram0_i.tc_ram_i.sram\[31\]\[24\],16.34µm
i_core_v_mini_mcu.memory_subsystem_i.ram0_i.tc_ram_i.sram\[5\]\[23\],16.34µm
_00046_,16.29µm
_00106_,16.29µm
_00313_,16.29µm
_00814_,16.29µm
_00935_,16.29µm
_00946_,16.29µm
_01155_,16.29µm
_01213_,16.29µm
_01230_,16.29µm
_01238_,16.29µm
_01480_,16.29µm
_01523_,16.29µm
_01582_,16.29µm
_02609_,16.29µm
_02911_,16.29µm
_03193_,16.29µm
_04117_,16.29µm
_04190_,16.29µm
_04340_,16.29µm
_04395_,16.29µm
_04648_,16.29µm
_04798_,16.29µm
_04975_,16.29µm
_05055_,16.29µm
_05066_,16.29µm
_05093_,16.29µm
_05120_,16.29µm
_05135_,16.29µm
_05182_,16.29µm
_05544_,16.29µm
_06246_,16.29µm
_06521_,16.29µm
_06544_,16.29µm
_06703_,16.29µm
_07249_,16.29µm
_08436_,16.29µm
_08511_,16.29µm
_09113_,16.29µm
_09622_,16.29µm
_09906_,16.29µm
_10015_,16.29µm
_10112_,16.29µm
_10227_,16.29µm
_10468_,16.29µm
_10768_,16.29µm
_10852_,16.29µm
_11124_,16.29µm
_11194_,16.29µm
_11385_,16.29µm
_11434_,16.29µm
_11478_,16.29µm
_11489_,16.29µm
_11879_,16.29µm
_12002_,16.29µm
_12588_,16.29µm
_12699_,16.29µm
_12705_,16.29µm
_12747_,16.29µm
_12754_,16.29µm
_13550_,16.29µm
_13750_,16.29µm
_13804_,16.29µm
_13863_,16.29µm
_14048_,16.29µm
_14049_,16.29µm
_14206_,16.29µm
_14232_,16.29µm
_14610_,16.29µm
_14816_,16.29µm
_15068_,16.29µm
_15279_,16.29µm
_15513_,16.29µm
_15685_,16.29µm
_15732_,16.29µm
_15767_,16.29µm
_15791_,16.29µm
_15821_,16.29µm
_16034_,16.29µm
_16048_,16.29µm
_16106_,16.29µm
_16284_,16.29µm
_16446_,16.29µm
_16545_,16.29µm
_16728_,16.29µm
_16978_,16.29µm
_17053_,16.29µm
_17570_,16.29µm
_17941_,16.29µm
_18105_,16.29µm
_18391_,16.29µm
_18418_,16.29µm
_18521_,16.29µm
_18604_,16.29µm
_18621_,16.29µm
_18803_,16.29µm
_18918_,16.29µm
_19012_,16.29µm
_19211_,16.29µm
_19394_,16.29µm
_19533_,16.29µm
_19631_,16.29µm
_19709_,16.29µm
_19765_,16.29µm
_19849_,16.29µm
_19955_,16.29µm
_20062_,16.29µm
_20202_,16.29µm
_20597_,16.29µm
_20642_,16.29µm
_20894_,16.29µm
_20937_,16.29µm
_21004_,16.29µm
_21406_,16.29µm
_21620_,16.29µm
_21965_,16.29µm
_22076_,16.29µm
_22190_,16.29µm
_22194_,16.29µm
_22553_,16.29µm
_22725_,16.29µm
_22799_,16.29µm
_22891_,16.29µm
_22982_,16.29µm
_23108_,16.29µm
_23635_,16.29µm
_23850_,16.29µm
_23884_,16.29µm
_23917_,16.29µm
_24764_,16.29µm
_24861_,16.29µm
_24938_,16.29µm
_24996_,16.29µm
_26015_,16.29µm
_26120_,16.29µm
_26230_,16.29µm
_26303_,16.29µm
_26512_,16.29µm
_26517_,16.29µm
_26763_,16.29µm
_27084_,16.29µm
_27171_,16.29µm
_27441_,16.29µm
_27445_,16.29µm
_27729_,16.29µm
_27906_,16.29µm
_28054_,16.29µm
_28060_,16.29µm
_28076_,16.29µm
i_core_v_mini_mcu.ao_peripheral_subsystem_i.mosaic_clint_i.mtimecmp_q\[45\],16.29µm
i_core_v_mini_mcu.ao_peripheral_subsystem_i.obi_fifo_i.consumer_data_req_q\[17\],16.29µm
i_core_v_mini_mcu.ao_peripheral_subsystem_i.obi_fifo_i.consumer_data_req_q\[41\],16.29µm
i_core_v_mini_mcu.ao_peripheral_subsystem_i.obi_fifo_i.consumer_data_req_q\[66\],16.29µm
i_core_v_mini_mcu.ao_peripheral_subsystem_i.spi_subsystem_i.obi_spimemio_i.flash_io2_do_o,16.29µm
i_core_v_mini_mcu.ao_peripheral_subsystem_i.spi_subsystem_i.obi_spimemio_i.spimemio_i.xfer.obuffer\[3\],16.29µm
i_core_v_mini_mcu.ao_peripheral_subsystem_i.tdu_i.task_mem\[4\]\[0\],16.29µm
i_core_v_mini_mcu.cpu_subsystem_i.cpu_0_0.clk_i,16.29µm
i_core_v_mini_mcu.cpu_subsystem_i.cpu_0_0.i_servile.cpu.gen_align.align.ibus_rdt_concat\[7\],16.29µm
i_core_v_mini_mcu.cpu_subsystem_i.cpu_0_0.rf_ram_i.memory\[132\]\[0\],16.29µm
i_core_v_mini_mcu.cpu_subsystem_i.cpu_0_0.rf_ram_i.memory\[161\]\[0\],16.29µm
i_core_v_mini_mcu.cpu_subsystem_i.cpu_0_0.rf_ram_i.memory\[161\]\[1\],16.29µm
i_core_v_mini_mcu.cpu_subsystem_i.cpu_0_0.rf_ram_i.memory\[182\]\[1\],16.29µm
i_core_v_mini_mcu.cpu_subsystem_i.cpu_0_0.rf_ram_i.memory\[229\]\[1\],16.29µm
i_core_v_mini_mcu.cpu_subsystem_i.cpu_0_0.rf_ram_i.memory\[268\]\[1\],16.29µm
i_core_v_mini_mcu.cpu_subsystem_i.cpu_0_0.rf_ram_i.memory\[312\]\[1\],16.29µm
i_core_v_mini_mcu.cpu_subsystem_i.cpu_0_0.rf_ram_i.memory\[436\]\[1\],16.29µm
i_core_v_mini_mcu.cpu_subsystem_i.cpu_0_0.rf_ram_i.memory\[473\]\[0\],16.29µm
i_core_v_mini_mcu.cpu_subsystem_i.cpu_0_0.rf_ram_i.memory\[473\]\[1\],16.29µm
i_core_v_mini_mcu.cpu_subsystem_i.cpu_0_0.rf_ram_i.memory\[83\]\[0\],16.29µm
i_core_v_mini_mcu.cpu_subsystem_i.cpu_1_0.rf_ram_i.memory\[143\]\[1\],16.29µm
i_core_v_mini_mcu.cpu_subsystem_i.cpu_1_0.rf_ram_i.memory\[279\]\[1\],16.29µm
i_core_v_mini_mcu.cpu_subsystem_i.cpu_1_0.rf_ram_i.memory\[301\]\[0\],16.29µm
i_core_v_mini_mcu.cpu_subsystem_i.cpu_1_0.rf_ram_i.memory\[371\]\[0\],16.29µm
i_core_v_mini_mcu.cpu_subsystem_i.cpu_1_0.rf_ram_i.memory\[58\]\[1\],16.29µm
i_core_v_mini_mcu.cpu_subsystem_i.cpu_1_0.rf_ram_i.memory\[75\]\[1\],16.29µm
i_core_v_mini_mcu.memory_subsystem_i.ram0_i.tc_ram_i.sram\[14\]\[18\],16.29µm
i_core_v_mini_mcu.memory_subsystem_i.ram0_i.tc_ram_i.sram\[18\]\[7\],16.29µm
i_core_v_mini_mcu.memory_subsystem_i.ram0_i.tc_ram_i.sram\[27\]\[10\],16.29µm
i_core_v_mini_mcu.peripheral_subsystem_i.uart_i.uart_core.uart_tx.sreg_q\[6\],16.29µm
_00063_,16.24µm
_00275_,16.24µm
_00441_,16.24µm
_00485_,16.24µm
_00638_,16.24µm
_01543_,16.24µm
_02055_,16.24µm
_02251_,16.24µm
_02523_,16.24µm
_02912_,16.24µm
_03012_,16.24µm
_03356_,16.24µm
_03630_,16.24µm
_03934_,16.24µm
_04123_,16.24µm
_04448_,16.24µm
_04796_,16.24µm
_04858_,16.24µm
_05012_,16.24µm
_05026_,16.24µm
_05064_,16.24µm
_05097_,16.24µm
_05179_,16.24µm
_05191_,16.24µm
_05301_,16.24µm
_05520_,16.24µm
_06151_,16.24µm
_06157_,16.24µm
_07172_,16.24µm
_07497_,16.24µm
_07696_,16.24µm
_08630_,16.24µm
_08700_,16.24µm
_08948_,16.24µm
_09022_,16.24µm
_09225_,16.24µm
_09765_,16.24µm
_09891_,16.24µm
_09893_,16.24µm
_09994_,16.24µm
_10050_,16.24µm
_10412_,16.24µm
_10670_,16.24µm
_10984_,16.24µm
_11175_,16.24µm
_11251_,16.24µm
_11420_,16.24µm
_11523_,16.24µm
_11539_,16.24µm
_11593_,16.24µm
_11603_,16.24µm
_12065_,16.24µm
_12193_,16.24µm
_12702_,16.24µm
_12878_,16.24µm
_12981_,16.24µm
_13103_,16.24µm
_13382_,16.24µm
_13467_,16.24µm
_13649_,16.24µm
_13651_,16.24µm
_13680_,16.24µm
_13730_,16.24µm
_13806_,16.24µm
_13814_,16.24µm
_13835_,16.24µm
_13965_,16.24µm
_14051_,16.24µm
_14902_,16.24µm
_15239_,16.24µm
_15269_,16.24µm
_15444_,16.24µm
_15454_,16.24µm
_15566_,16.24µm
_15787_,16.24µm
_16096_,16.24µm
_16219_,16.24µm
_16262_,16.24µm
_16297_,16.24µm
_16842_,16.24µm
_16922_,16.24µm
_17067_,16.24µm
_17295_,16.24µm
_17444_,16.24µm
_18536_,16.24µm
_19308_,16.24µm
_19800_,16.24µm
_19872_,16.24µm
_19942_,16.24µm
_19987_,16.24µm
_20075_,16.24µm
_20269_,16.24µm
_20351_,16.24µm
_20428_,16.24µm
_20627_,16.24µm
_20790_,16.24µm
_20957_,16.24µm
_21321_,16.24µm
_21414_,16.24µm
_21489_,16.24µm
_21614_,16.24µm
_21832_,16.24µm
_21841_,16.24µm
_21855_,16.24µm
_21929_,16.24µm
_22079_,16.24µm
_22109_,16.24µm
_22278_,16.24µm
_22346_,16.24µm
_22396_,16.24µm
_22419_,16.24µm
_22532_,16.24µm
_22579_,16.24µm
_22882_,16.24µm
_22963_,16.24µm
_23003_,16.24µm
_23176_,16.24µm
_23190_,16.24µm
_23210_,16.24µm
_23633_,16.24µm
_23713_,16.24µm
_23805_,16.24µm
_23886_,16.24µm
_23994_,16.24µm
_24103_,16.24µm
_24299_,16.24µm
_24632_,16.24µm
_24769_,16.24µm
_24827_,16.24µm
_25000_,16.24µm
_25560_,16.24µm
_25573_,16.24µm
_25739_,16.24µm
_25836_,16.24µm
_25847_,16.24µm
_25926_,16.24µm
_26096_,16.24µm
_26258_,16.24µm
_26588_,16.24µm
_27013_,16.24µm
_27057_,16.24µm
_27172_,16.24µm
_27194_,16.24µm
_27230_,16.24µm
_27719_,16.24µm
_27934_,16.24µm
i_core_v_mini_mcu.ao_peripheral_subsystem_i.obi_fifo_i.consumer_data_req\[60\],16.24µm
i_core_v_mini_mcu.cpu_subsystem_i.cpu_0_0.rf_ram_i.memory\[153\]\[1\],16.24µm
i_core_v_mini_mcu.cpu_subsystem_i.cpu_0_0.rf_ram_i.memory\[258\]\[1\],16.24µm
i_core_v_mini_mcu.cpu_subsystem_i.cpu_0_0.rf_ram_i.memory\[262\]\[0\],16.24µm
i_core_v_mini_mcu.cpu_subsystem_i.cpu_0_0.rf_ram_i.memory\[300\]\[1\],16.24µm
i_core_v_mini_mcu.cpu_subsystem_i.cpu_0_0.rf_ram_i.memory\[423\]\[0\],16.24µm
i_core_v_mini_mcu.cpu_subsystem_i.cpu_0_0.rf_ram_i.memory\[441\]\[0\],16.24µm
i_core_v_mini_mcu.cpu_subsystem_i.cpu_0_0.rf_ram_i.memory\[449\]\[0\],16.24µm
i_core_v_mini_mcu.cpu_subsystem_i.cpu_0_0.rf_ram_i.memory\[512\]\[1\],16.24µm
i_core_v_mini_mcu.cpu_subsystem_i.cpu_0_0.rf_ram_i.memory\[527\]\[0\],16.24µm
i_core_v_mini_mcu.cpu_subsystem_i.cpu_1_0.rf_ram_i.memory\[103\]\[0\],16.24µm
i_core_v_mini_mcu.cpu_subsystem_i.cpu_1_0.rf_ram_i.memory\[217\]\[0\],16.24µm
i_core_v_mini_mcu.cpu_subsystem_i.cpu_1_0.rf_ram_i.memory\[62\]\[1\],16.24µm
i_core_v_mini_mcu.cpu_subsystem_i.cpu_1_0.rf_ram_i.memory\[63\]\[0\],16.24µm
i_core_v_mini_mcu.cpu_subsystem_i.cpu_1_0.rf_ram_i.rdata\[0\],16.24µm
i_core_v_mini_mcu.memory_subsystem_i.ram0_i.tc_ram_i.sram\[0\]\[23\],16.24µm
i_core_v_mini_mcu.memory_subsystem_i.ram0_i.tc_ram_i.sram\[17\]\[7\],16.24µm
i_core_v_mini_mcu.memory_subsystem_i.ram0_i.tc_ram_i.sram\[22\]\[2\],16.24µm
i_core_v_mini_mcu.peripheral_subsystem_i.obi_fifo_i.consumer_data_req\[64\],16.24µm
i_core_v_mini_mcu.peripheral_subsystem_i.uart_i.hw2reg\[9\],16.24µm
i_core_v_mini_mcu.peripheral_subsystem_i.uart_i.uart_core.uart_tx.baud_div_q\[3\],16.24µm
net1843,16.24µm
i_core_v_mini_mcu.memory_subsystem_i.ram0_i.tc_ram_i.sram\[2\]\[9\],16.01µm
_25760_,15.96µm
_15326_,15.93µm
_09501_,15.88µm
_15587_,15.88µm
_16668_,15.88µm
_25060_,15.88µm
i_core_v_mini_mcu.peripheral_subsystem_i.uart_i.reg2hw\[70\],15.88µm
_05662_,15.83µm
_13744_,15.83µm
_17800_,15.83µm
_21916_,15.83µm
_22267_,15.83µm
i_core_v_mini_mcu.ao_peripheral_subsystem_i.mosaic_clint_i.mtimecmp_q\[51\],15.83µm
i_core_v_mini_mcu.cpu_subsystem_i.cpu_0_0.rf_ram_i.memory\[164\]\[1\],15.83µm
i_core_v_mini_mcu.cpu_subsystem_i.cpu_0_0.rf_ram_i.memory\[376\]\[1\],15.83µm
i_core_v_mini_mcu.cpu_subsystem_i.cpu_0_0.rf_ram_i.memory\[415\]\[0\],15.83µm
i_core_v_mini_mcu.cpu_subsystem_i.cpu_0_0.rf_ram_i.memory\[418\]\[1\],15.83µm
i_core_v_mini_mcu.cpu_subsystem_i.cpu_0_0.rf_ram_i.memory\[425\]\[0\],15.83µm
i_core_v_mini_mcu.cpu_subsystem_i.cpu_0_0.rf_ram_i.memory\[433\]\[0\],15.83µm
i_core_v_mini_mcu.cpu_subsystem_i.cpu_0_0.rf_ram_i.memory\[524\]\[0\],15.83µm
i_core_v_mini_mcu.cpu_subsystem_i.cpu_1_0.rf_ram_i.memory\[11\]\[0\],15.83µm
i_core_v_mini_mcu.memory_subsystem_i.ram0_i.tc_ram_i.sram\[0\]\[5\],15.83µm
i_core_v_mini_mcu.memory_subsystem_i.ram0_i.tc_ram_i.sram\[31\]\[21\],15.83µm
_01635_,15.78µm
_05534_,15.78µm
_06109_,15.78µm
_06133_,15.78µm
_08777_,15.78µm
_09140_,15.78µm
_09299_,15.78µm
_09907_,15.78µm
_09975_,15.78µm
_11387_,15.78µm
_12921_,15.78µm
_15654_,15.78µm
_15978_,15.78µm
_20185_,15.78µm
_21298_,15.78µm
_23661_,15.78µm
_23769_,15.78µm
_24592_,15.78µm
_25437_,15.78µm
i_core_v_mini_mcu.ao_peripheral_subsystem_i.obi_fifo_i.consumer_data_req_q\[29\],15.78µm
i_core_v_mini_mcu.ao_peripheral_subsystem_i.power_manager_i.power_manager_reg_top_i.cpu_iso_on_counter_qs\[10\],15.78µm
i_core_v_mini_mcu.ao_peripheral_subsystem_i.power_manager_i.power_manager_sequence_ram_0_switch_i.sequence_curr_state\[2\],15.78µm
i_core_v_mini_mcu.ao_peripheral_subsystem_i.spi_subsystem_i.obi_spimemio_i.spimemio_i.state\[0\],15.78µm
i_core_v_mini_mcu.ao_peripheral_subsystem_i.tdu_i.task_mem\[0\]\[5\],15.78µm
i_core_v_mini_mcu.ao_peripheral_subsystem_i.tdu_i.task_mem\[4\]\[11\],15.78µm
i_core_v_mini_mcu.cpu_subsystem_i.cpu_0_0.rf_ram_i.memory\[202\]\[1\],15.78µm
i_core_v_mini_mcu.cpu_subsystem_i.cpu_0_0.rf_ram_i.memory\[283\]\[1\],15.78µm
i_core_v_mini_mcu.cpu_subsystem_i.cpu_0_0.rf_ram_i.memory\[389\]\[1\],15.78µm
i_core_v_mini_mcu.cpu_subsystem_i.cpu_0_0.rf_ram_i.memory\[421\]\[0\],15.78µm
i_core_v_mini_mcu.cpu_subsystem_i.cpu_1_0.rf_ram_i.memory\[104\]\[0\],15.78µm
i_core_v_mini_mcu.cpu_subsystem_i.cpu_1_0.rf_ram_i.memory\[194\]\[1\],15.78µm
i_core_v_mini_mcu.cpu_subsystem_i.cpu_1_0.rf_ram_i.memory\[275\]\[1\],15.78µm
i_core_v_mini_mcu.cpu_subsystem_i.cpu_1_0.rf_ram_i.memory\[287\]\[0\],15.78µm
i_core_v_mini_mcu.cpu_subsystem_i.cpu_1_0.rf_ram_i.memory\[393\]\[0\],15.78µm
i_core_v_mini_mcu.cpu_subsystem_i.cpu_1_0.rf_ram_i.memory\[404\]\[0\],15.78µm
i_core_v_mini_mcu.cpu_subsystem_i.cpu_1_0.rf_ram_i.memory\[479\]\[0\],15.78µm
i_core_v_mini_mcu.cpu_subsystem_i.cpu_1_0.rf_ram_i.memory\[509\]\[0\],15.78µm
i_core_v_mini_mcu.cpu_subsystem_i.cpu_1_0.rf_ram_i.memory\[76\]\[1\],15.78µm
i_core_v_mini_mcu.memory_subsystem_i.ram0_i.tc_ram_i.sram\[10\]\[8\],15.78µm
i_core_v_mini_mcu.memory_subsystem_i.ram0_i.tc_ram_i.sram\[12\]\[9\],15.78µm
i_core_v_mini_mcu.memory_subsystem_i.ram0_i.tc_ram_i.sram\[1\]\[6\],15.78µm
i_core_v_mini_mcu.memory_subsystem_i.ram0_i.tc_ram_i.sram\[26\]\[24\],15.78µm
i_core_v_mini_mcu.memory_subsystem_i.ram0_i.tc_ram_i.sram\[3\]\[10\],15.78µm
i_core_v_mini_mcu.memory_subsystem_i.ram0_i.tc_ram_i.sram\[6\]\[16\],15.78µm
_00473_,15.73µm
_01029_,15.73µm
_01095_,15.73µm
_01419_,15.73µm
_01459_,15.73µm
_01589_,15.73µm
_01839_,15.73µm
_01912_,15.73µm
_01987_,15.73µm
_02193_,15.73µm
_03213_,15.73µm
_03643_,15.73µm
_03684_,15.73µm
_03690_,15.73µm
_04525_,15.73µm
_04600_,15.73µm
_04689_,15.73µm
_04739_,15.73µm
_04927_,15.73µm
_05010_,15.73µm
_05315_,15.73µm
_05338_,15.73µm
_05375_,15.73µm
_05656_,15.73µm
_06145_,15.73µm
_06366_,15.73µm
_07699_,15.73µm
_08664_,15.73µm
_08746_,15.73µm
_09115_,15.73µm
_09178_,15.73µm
_09463_,15.73µm
_09553_,15.73µm
_09880_,15.73µm
_10380_,15.73µm
_10958_,15.73µm
_11002_,15.73µm
_11431_,15.73µm
_12107_,15.73µm
_12121_,15.73µm
_12303_,15.73µm
_12431_,15.73µm
_12859_,15.73µm
_12862_,15.73µm
_13061_,15.73µm
_13439_,15.73µm
_13541_,15.73µm
_13698_,15.73µm
_13844_,15.73µm
_14207_,15.73µm
_14398_,15.73µm
_14417_,15.73µm
_14462_,15.73µm
_14586_,15.73µm
_15140_,15.73µm
_15662_,15.73µm
_15678_,15.73µm
_15721_,15.73µm
_15757_,15.73µm
_16212_,15.73µm
_16334_,15.73µm
_16679_,15.73µm
_16765_,15.73µm
_16832_,15.73µm
_17404_,15.73µm
_17564_,15.73µm
_17642_,15.73µm
_17828_,15.73µm
_17967_,15.73µm
_18126_,15.73µm
_18762_,15.73µm
_18825_,15.73µm
_19234_,15.73µm
_19294_,15.73µm
_19300_,15.73µm
_19586_,15.73µm
_19728_,15.73µm
_19773_,15.73µm
_19940_,15.73µm
_19945_,15.73µm
_20401_,15.73µm
_20419_,15.73µm
_21043_,15.73µm
_21048_,15.73µm
_21096_,15.73µm
_21145_,15.73µm
_21217_,15.73µm
_21375_,15.73µm
_21391_,15.73µm
_21631_,15.73µm
_21814_,15.73µm
_22209_,15.73µm
_22239_,15.73µm
_22908_,15.73µm
_22961_,15.73µm
_23248_,15.73µm
_23598_,15.73µm
_23737_,15.73µm
_23869_,15.73µm
_24020_,15.73µm
_24481_,15.73µm
_24507_,15.73µm
_24555_,15.73µm
_24637_,15.73µm
_24684_,15.73µm
_24968_,15.73µm
_25237_,15.73µm
_25266_,15.73µm
_25727_,15.73µm
_25812_,15.73µm
_25837_,15.73µm
_25851_,15.73µm
_25937_,15.73µm
_26077_,15.73µm
_26280_,15.73µm
_26334_,15.73µm
_26442_,15.73µm
_26557_,15.73µm
_26586_,15.73µm
_26661_,15.73µm
_26979_,15.73µm
_27058_,15.73µm
_27096_,15.73µm
_27170_,15.73µm
_27207_,15.73µm
_27436_,15.73µm
_27472_,15.73µm
_27540_,15.73µm
_28024_,15.73µm
_28046_,15.73µm
i_core_v_mini_mcu.ao_peripheral_subsystem_i.power_manager_i.power_manager_reg_top_i.u_intr_state.wr_data\[2\],15.73µm
i_core_v_mini_mcu.ao_peripheral_subsystem_i.spi_subsystem_i.obi_spimemio_i.obi_to_picorv32_i.obi_resp_o\[0\],15.73µm
i_core_v_mini_mcu.ao_peripheral_subsystem_i.spi_subsystem_i.obi_spimemio_i.obi_to_picorv32_i.picorv32_resp_i\[25\],15.73µm
i_core_v_mini_mcu.cpu_subsystem_i.cpu_0_0.i_servile.arbiter.i_wb_cpu_dbus_adr\[21\],15.73µm
i_core_v_mini_mcu.cpu_subsystem_i.cpu_0_0.i_servile.cpu.decode.o_mem_word,15.73µm
i_core_v_mini_mcu.cpu_subsystem_i.cpu_0_0.i_servile.cpu.gen_align.align.ibus_rdt_concat\[12\],15.73µm
i_core_v_mini_mcu.cpu_subsystem_i.cpu_0_0.rf_ram_i.memory\[130\]\[1\],15.73µm
i_core_v_mini_mcu.cpu_subsystem_i.cpu_0_0.rf_ram_i.memory\[227\]\[1\],15.73µm
i_core_v_mini_mcu.cpu_subsystem_i.cpu_0_0.rf_ram_i.memory\[246\]\[0\],15.73µm
i_core_v_mini_mcu.cpu_subsystem_i.cpu_0_0.rf_ram_i.memory\[255\]\[1\],15.73µm
i_core_v_mini_mcu.cpu_subsystem_i.cpu_0_0.rf_ram_i.memory\[352\]\[0\],15.73µm
i_core_v_mini_mcu.cpu_subsystem_i.cpu_0_0.rf_ram_i.memory\[393\]\[1\],15.73µm
i_core_v_mini_mcu.cpu_subsystem_i.cpu_0_0.rf_ram_i.memory\[427\]\[0\],15.73µm
i_core_v_mini_mcu.cpu_subsystem_i.cpu_0_0.rf_ram_i.memory\[434\]\[0\],15.73µm
i_core_v_mini_mcu.cpu_subsystem_i.cpu_0_0.rf_ram_i.memory\[44\]\[0\],15.73µm
i_core_v_mini_mcu.cpu_subsystem_i.cpu_0_0.rf_ram_i.memory\[519\]\[1\],15.73µm
i_core_v_mini_mcu.cpu_subsystem_i.cpu_0_0.rf_ram_i.memory\[537\]\[0\],15.73µm
i_core_v_mini_mcu.cpu_subsystem_i.cpu_1_0.i_servile.arbiter.i_wb_cpu_ibus_adr\[21\],15.73µm
i_core_v_mini_mcu.cpu_subsystem_i.cpu_1_0.rf_ram_i.memory\[110\]\[0\],15.73µm
i_core_v_mini_mcu.cpu_subsystem_i.cpu_1_0.rf_ram_i.memory\[209\]\[1\],15.73µm
i_core_v_mini_mcu.cpu_subsystem_i.cpu_1_0.rf_ram_i.memory\[314\]\[0\],15.73µm
i_core_v_mini_mcu.cpu_subsystem_i.cpu_1_0.rf_ram_i.memory\[461\]\[0\],15.73µm
i_core_v_mini_mcu.cpu_subsystem_i.cpu_1_0.rf_ram_i.memory\[50\]\[1\],15.73µm
i_core_v_mini_mcu.cpu_subsystem_i.cpu_1_0.rf_ram_i.memory\[81\]\[0\],15.73µm
i_core_v_mini_mcu.memory_subsystem_i.ram0_i.tc_ram_i.sram\[10\]\[15\],15.73µm
i_core_v_mini_mcu.memory_subsystem_i.ram0_i.tc_ram_i.sram\[23\]\[7\],15.73µm
i_core_v_mini_mcu.memory_subsystem_i.ram0_i.tc_ram_i.sram\[28\]\[10\],15.73µm
i_core_v_mini_mcu.memory_subsystem_i.ram0_i.tc_ram_i.sram\[29\]\[17\],15.73µm
i_core_v_mini_mcu.memory_subsystem_i.ram0_i.tc_ram_i.sram\[7\]\[18\],15.73µm
i_core_v_mini_mcu.memory_subsystem_i.ram0_i.tc_ram_i.sram\[9\]\[22\],15.73µm
i_core_v_mini_mcu.peripheral_subsystem_i.uart_i.hw2reg\[1\],15.73µm
i_core_v_mini_mcu.peripheral_subsystem_i.uart_i.uart_core.u_uart_txfifo.gen_normal_fifo.storage\[28\],15.73µm
net1838,15.73µm
_00033_,15.68µm
_00181_,15.68µm
_00939_,15.68µm
_01068_,15.68µm
_01368_,15.68µm
_01418_,15.68µm
_01686_,15.68µm
_01695_,15.68µm
_01825_,15.68µm
_02474_,15.68µm
_02640_,15.68µm
_02909_,15.68µm
_03581_,15.68µm
_03927_,15.68µm
_04766_,15.68µm
_04960_,15.68µm
_05138_,15.68µm
_05176_,15.68µm
_05178_,15.68µm
_05181_,15.68µm
_05260_,15.68µm
_05600_,15.68µm
_05741_,15.68µm
_05967_,15.68µm
_05992_,15.68µm
_06367_,15.68µm
_06611_,15.68µm
_06747_,15.68µm
_06922_,15.68µm
_07482_,15.68µm
_07688_,15.68µm
_08030_,15.68µm
_08171_,15.68µm
_08193_,15.68µm
_08243_,15.68µm
_08620_,15.68µm
_08951_,15.68µm
_09057_,15.68µm
_09292_,15.68µm
_09376_,15.68µm
_09685_,15.68µm
_09746_,15.68µm
_11372_,15.68µm
_11597_,15.68µm
_11701_,15.68µm
_11705_,15.68µm
_11716_,15.68µm
_11799_,15.68µm
_11934_,15.68µm
_11966_,15.68µm
_12072_,15.68µm
_12305_,15.68µm
_12893_,15.68µm
_13182_,15.68µm
_13198_,15.68µm
_13368_,15.68µm
_13371_,15.68µm
_13469_,15.68µm
_13516_,15.68µm
_13539_,15.68µm
_13558_,15.68µm
_13678_,15.68µm
_13781_,15.68µm
_13787_,15.68µm
_13868_,15.68µm
_14116_,15.68µm
_14770_,15.68µm
_14852_,15.68µm
_14959_,15.68µm
_15201_,15.68µm
_15219_,15.68µm
_15378_,15.68µm
_16189_,15.68µm
_16455_,15.68µm
_16472_,15.68µm
_16484_,15.68µm
_16489_,15.68µm
_16584_,15.68µm
_16607_,15.68µm
_16652_,15.68µm
_16780_,15.68µm
_16817_,15.68µm
_16848_,15.68µm
_16902_,15.68µm
_17231_,15.68µm
_17355_,15.68µm
_17620_,15.68µm
_17839_,15.68µm
_18100_,15.68µm
_18515_,15.68µm
_18540_,15.68µm
_19340_,15.68µm
_19827_,15.68µm
_19925_,15.68µm
_20021_,15.68µm
_20122_,15.68µm
_20206_,15.68µm
_20801_,15.68µm
_21066_,15.68µm
_21322_,15.68µm
_21355_,15.68µm
_21549_,15.68µm
_21746_,15.68µm
_21984_,15.68µm
_22502_,15.68µm
_22514_,15.68µm
_22779_,15.68µm
_22809_,15.68µm
_22902_,15.68µm
_23166_,15.68µm
_23208_,15.68µm
_23431_,15.68µm
_23813_,15.68µm
_24068_,15.68µm
_24164_,15.68µm
_24692_,15.68µm
_24703_,15.68µm
_24717_,15.68µm
_24732_,15.68µm
_24878_,15.68µm
_24908_,15.68µm
_24942_,15.68µm
_25044_,15.68µm
_25406_,15.68µm
_25631_,15.68µm
_25682_,15.68µm
_25934_,15.68µm
_26410_,15.68µm
_26521_,15.68µm
_26814_,15.68µm
_26918_,15.68µm
_27032_,15.68µm
_27553_,15.68µm
_27603_,15.68µm
_27958_,15.68µm
exit_value_int\[31\],15.68µm
i_core_v_mini_mcu.ao_peripheral_subsystem_i.mosaic_clint_i.mtimecmp_q\[42\],15.68µm
i_core_v_mini_mcu.ao_peripheral_subsystem_i.power_manager_i.power_manager_counter_sequence_cpu_iso_i.sequence_curr_state\[5\],15.68µm
i_core_v_mini_mcu.ao_peripheral_subsystem_i.power_manager_i.power_manager_reg_top_i.reg2hw\[220\],15.68µm
i_core_v_mini_mcu.ao_peripheral_subsystem_i.soc_ctrl_i.reg2hw\[29\],15.68µm
i_core_v_mini_mcu.ao_peripheral_subsystem_i.tdu_i.task_mem\[6\]\[19\],15.68µm
i_core_v_mini_mcu.cpu_subsystem_i.cpu_0_0.rf_ram_i.memory\[289\]\[1\],15.68µm
i_core_v_mini_mcu.cpu_subsystem_i.cpu_0_0.rf_ram_i.memory\[311\]\[1\],15.68µm
i_core_v_mini_mcu.cpu_subsystem_i.cpu_0_0.rf_ram_i.memory\[320\]\[0\],15.68µm
i_core_v_mini_mcu.cpu_subsystem_i.cpu_0_0.rf_ram_i.memory\[47\]\[1\],15.68µm
i_core_v_mini_mcu.cpu_subsystem_i.cpu_0_0.rf_ram_i.memory\[542\]\[1\],15.68µm
i_core_v_mini_mcu.cpu_subsystem_i.cpu_1_0.rf_ram_i.memory\[142\]\[0\],15.68µm
i_core_v_mini_mcu.cpu_subsystem_i.cpu_1_0.rf_ram_i.memory\[70\]\[0\],15.68µm
i_core_v_mini_mcu.memory_subsystem_i.ram0_i.tc_ram_i.sram\[21\]\[2\],15.68µm
i_core_v_mini_mcu.memory_subsystem_i.ram0_i.tc_ram_i.sram\[30\]\[7\],15.68µm
i_core_v_mini_mcu.peripheral_subsystem_i.periph_to_reg_i.r_rdata_d\[21\],15.68µm
i_core_v_mini_mcu.peripheral_subsystem_i.uart_i.uart_core.rx_tick_baud,15.68µm
_25716_,15.45µm
i_core_v_mini_mcu.cpu_subsystem_i.cpu_1_0.rf_ram_i.memory\[474\]\[0\],15.45µm
i_core_v_mini_mcu.cpu_subsystem_i.cpu_0_0.rf_ram_i.memory\[206\]\[1\],15.4µm
i_core_v_mini_mcu.cpu_subsystem_i.cpu_1_0.rf_ram_i.memory\[122\]\[1\],15.4µm
_11133_,15.32µm
_13740_,15.32µm
_14486_,15.32µm
_15361_,15.32µm
_16072_,15.32µm
i_core_v_mini_mcu.cpu_subsystem_i.cpu_0_0.rf_ram_i.memory\[75\]\[0\],15.32µm
_09389_,15.27µm
_10650_,15.27µm
_14079_,15.27µm
_15724_,15.27µm
_18513_,15.27µm
_21927_,15.27µm
_21971_,15.27µm
_22403_,15.27µm
_24075_,15.27µm
i_core_v_mini_mcu.ao_peripheral_subsystem_i.power_manager_i.reg_to_counter_cpu_powergate_switch_off_i.counter_curr_state\[2\],15.27µm
i_core_v_mini_mcu.cpu_subsystem_i.cpu_0_0.rf_ram_i.memory\[132\]\[1\],15.27µm
i_core_v_mini_mcu.cpu_subsystem_i.cpu_0_0.rf_ram_i.memory\[270\]\[1\],15.27µm
i_core_v_mini_mcu.cpu_subsystem_i.cpu_1_0.rf_ram_i.memory\[152\]\[1\],15.27µm
i_core_v_mini_mcu.cpu_subsystem_i.cpu_1_0.rf_ram_i.memory\[336\]\[0\],15.27µm
i_core_v_mini_mcu.cpu_subsystem_i.cpu_1_0.rf_ram_i.memory\[38\]\[0\],15.27µm
i_core_v_mini_mcu.memory_subsystem_i.ram0_i.tc_ram_i.sram\[6\]\[7\],15.27µm
_00463_,15.22µm
_04556_,15.22µm
_05551_,15.22µm
_06439_,15.22µm
_06727_,15.22µm
_07640_,15.22µm
_08317_,15.22µm
_08826_,15.22µm
_09235_,15.22µm
_09295_,15.22µm
_09416_,15.22µm
_09637_,15.22µm
_10014_,15.22µm
_10166_,15.22µm
_10251_,15.22µm
_10716_,15.22µm
_12114_,15.22µm
_13602_,15.22µm
_13727_,15.22µm
_13888_,15.22µm
_16378_,15.22µm
_17054_,15.22µm
_20563_,15.22µm
_20730_,15.22µm
_21874_,15.22µm
_22019_,15.22µm
_22789_,15.22µm
_22833_,15.22µm
_23687_,15.22µm
_23786_,15.22µm
_25486_,15.22µm
_25635_,15.22µm
i_core_v_mini_mcu.ao_peripheral_subsystem_i.mosaic_clint_i.mtimecmp_q\[55\],15.22µm
i_core_v_mini_mcu.ao_peripheral_subsystem_i.obi_fifo_i.obi_resp_fifo_i.status_cnt_q\[1\],15.22µm
i_core_v_mini_mcu.ao_peripheral_subsystem_i.power_manager_i.cpu_powergate_counter_expired_iso_off,15.22µm
i_core_v_mini_mcu.ao_peripheral_subsystem_i.spi_subsystem_i.obi_spimemio_i.obi_to_picorv32_i.obi_resp_o\[16\],15.22µm
i_core_v_mini_mcu.ao_peripheral_subsystem_i.spi_subsystem_i.obi_spimemio_i.obi_to_picorv32_i.picorv32_resp_i\[13\],15.22µm
i_core_v_mini_mcu.cpu_subsystem_i.cpu_0_0.rf_ram_i.memory\[155\]\[0\],15.22µm
i_core_v_mini_mcu.cpu_subsystem_i.cpu_0_0.rf_ram_i.memory\[169\]\[0\],15.22µm
i_core_v_mini_mcu.cpu_subsystem_i.cpu_0_0.rf_ram_i.memory\[220\]\[0\],15.22µm
i_core_v_mini_mcu.cpu_subsystem_i.cpu_0_0.rf_ram_i.memory\[304\]\[0\],15.22µm
i_core_v_mini_mcu.cpu_subsystem_i.cpu_0_0.rf_ram_i.memory\[315\]\[1\],15.22µm
i_core_v_mini_mcu.cpu_subsystem_i.cpu_0_0.rf_ram_i.memory\[349\]\[1\],15.22µm
i_core_v_mini_mcu.cpu_subsystem_i.cpu_0_0.rf_ram_i.memory\[355\]\[0\],15.22µm
i_core_v_mini_mcu.cpu_subsystem_i.cpu_0_0.rf_ram_i.memory\[404\]\[0\],15.22µm
i_core_v_mini_mcu.cpu_subsystem_i.cpu_0_0.rf_ram_i.memory\[499\]\[0\],15.22µm
i_core_v_mini_mcu.cpu_subsystem_i.cpu_0_0.rf_ram_i.memory\[76\]\[0\],15.22µm
i_core_v_mini_mcu.cpu_subsystem_i.cpu_1_0.i_servile.arbiter.i_wb_cpu_dbus_adr\[21\],15.22µm
i_core_v_mini_mcu.cpu_subsystem_i.cpu_1_0.i_servile.arbiter.i_wb_cpu_dbus_adr\[30\],15.22µm
i_core_v_mini_mcu.cpu_subsystem_i.cpu_1_0.i_servile.cpu.bne_or_bge,15.22µm
i_core_v_mini_mcu.cpu_subsystem_i.cpu_1_0.rf_ram_i.memory\[278\]\[0\],15.22µm
i_core_v_mini_mcu.memory_subsystem_i.ram0_i.tc_ram_i.sram\[10\]\[31\],15.22µm
i_core_v_mini_mcu.memory_subsystem_i.ram0_i.tc_ram_i.sram\[14\]\[22\],15.22µm
i_core_v_mini_mcu.memory_subsystem_i.ram0_i.tc_ram_i.sram\[18\]\[20\],15.22µm
i_core_v_mini_mcu.memory_subsystem_i.ram0_i.tc_ram_i.sram\[18\]\[3\],15.22µm
i_core_v_mini_mcu.memory_subsystem_i.ram0_i.tc_ram_i.sram\[24\]\[2\],15.22µm
i_core_v_mini_mcu.memory_subsystem_i.ram0_i.tc_ram_i.sram\[27\]\[0\],15.22µm
i_core_v_mini_mcu.memory_subsystem_i.ram0_i.tc_ram_i.sram\[30\]\[28\],15.22µm
i_core_v_mini_mcu.memory_subsystem_i.ram0_i.tc_ram_i.sram\[6\]\[30\],15.22µm
i_core_v_mini_mcu.memory_subsystem_i.ram0_i.tc_ram_i.sram\[8\]\[20\],15.22µm
i_core_v_mini_mcu.peripheral_subsystem_i.uart_i.uart_core.uart_tx.baud_div_q\[1\],15.22µm
_00053_,15.17µm
_00734_,15.17µm
_00802_,15.17µm
_00964_,15.17µm
_01141_,15.17µm
_01390_,15.17µm
_01434_,15.17µm
_01630_,15.17µm
_01852_,15.17µm
_01938_,15.17µm
_02209_,15.17µm
_02234_,15.17µm
_02305_,15.17µm
_02905_,15.17µm
_03167_,15.17µm
_03224_,15.17µm
_03292_,15.17µm
_03296_,15.17µm
_03536_,15.17µm
_03703_,15.17µm
_03708_,15.17µm
_03828_,15.17µm
_03961_,15.17µm
_03973_,15.17µm
_04121_,15.17µm
_04584_,15.17µm
_04737_,15.17µm
_05091_,15.17µm
_05147_,15.17µm
_05209_,15.17µm
_05219_,15.17µm
_05235_,15.17µm
_05302_,15.17µm
_05369_,15.17µm
_05911_,15.17µm
_05933_,15.17µm
_05970_,15.17µm
_06389_,15.17µm
_06961_,15.17µm
_07132_,15.17µm
_07424_,15.17µm
_07491_,15.17µm
_07978_,15.17µm
_07992_,15.17µm
_08434_,15.17µm
_09702_,15.17µm
_09743_,15.17µm
_09807_,15.17µm
_10057_,15.17µm
_10058_,15.17µm
_10307_,15.17µm
_10691_,15.17µm
_10915_,15.17µm
_10952_,15.17µm
_10972_,15.17µm
_10980_,15.17µm
_11184_,15.17µm
_11224_,15.17µm
_11626_,15.17µm
_11907_,15.17µm
_12634_,15.17µm
_12715_,15.17µm
_12776_,15.17µm
_12940_,15.17µm
_13314_,15.17µm
_13782_,15.17µm
_13912_,15.17µm
_14034_,15.17µm
_14506_,15.17µm
_14583_,15.17µm
_14619_,15.17µm
_14905_,15.17µm
_15215_,15.17µm
_15234_,15.17µm
_15440_,15.17µm
_15522_,15.17µm
_15558_,15.17µm
_15622_,15.17µm
_15764_,15.17µm
_15778_,15.17µm
_15809_,15.17µm
_16063_,15.17µm
_16066_,15.17µm
_16380_,15.17µm
_16486_,15.17µm
_16496_,15.17µm
_16501_,15.17µm
_16575_,15.17µm
_16653_,15.17µm
_16734_,15.17µm
_17422_,15.17µm
_17503_,15.17µm
_17554_,15.17µm
_17593_,15.17µm
_17956_,15.17µm
_18000_,15.17µm
_18027_,15.17µm
_18056_,15.17µm
_18526_,15.17µm
_18723_,15.17µm
_18956_,15.17µm
_20175_,15.17µm
_20415_,15.17µm
_20584_,15.17µm
_20829_,15.17µm
_21371_,15.17µm
_21634_,15.17µm
_21731_,15.17µm
_21789_,15.17µm
_21845_,15.17µm
_21872_,15.17µm
_21893_,15.17µm
_22111_,15.17µm
_22351_,15.17µm
_22453_,15.17µm
_22627_,15.17µm
_22651_,15.17µm
_22655_,15.17µm
_22946_,15.17µm
_23217_,15.17µm
_23352_,15.17µm
_23466_,15.17µm
_23792_,15.17µm
_23818_,15.17µm
_23843_,15.17µm
_23929_,15.17µm
_24009_,15.17µm
_24116_,15.17µm
_24318_,15.17µm
_24330_,15.17µm
_24515_,15.17µm
_24540_,15.17µm
_24647_,15.17µm
_24900_,15.17µm
_25230_,15.17µm
_25329_,15.17µm
_25420_,15.17µm
_25446_,15.17µm
_25950_,15.17µm
_26137_,15.17µm
_26162_,15.17µm
_26169_,15.17µm
_26729_,15.17µm
_26825_,15.17µm
_26828_,15.17µm
_27147_,15.17µm
_27158_,15.17µm
_27215_,15.17µm
_27232_,15.17µm
_27340_,15.17µm
_27517_,15.17µm
_27536_,15.17µm
_27662_,15.17µm
_27881_,15.17µm
_28119_,15.17µm
i_core_v_mini_mcu.ao_peripheral_subsystem_i.power_manager_i.cpu_powergate_counter_expired_switch_off,15.17µm
i_core_v_mini_mcu.cpu_subsystem_i.cpu_0_0.rf_ram_i.memory\[121\]\[1\],15.17µm
i_core_v_mini_mcu.cpu_subsystem_i.cpu_0_0.rf_ram_i.memory\[131\]\[1\],15.17µm
i_core_v_mini_mcu.cpu_subsystem_i.cpu_0_0.rf_ram_i.memory\[212\]\[1\],15.17µm
i_core_v_mini_mcu.cpu_subsystem_i.cpu_0_0.rf_ram_i.memory\[340\]\[0\],15.17µm
i_core_v_mini_mcu.cpu_subsystem_i.cpu_0_0.rf_ram_i.memory\[442\]\[1\],15.17µm
i_core_v_mini_mcu.cpu_subsystem_i.cpu_0_0.rf_ram_i.memory\[444\]\[1\],15.17µm
i_core_v_mini_mcu.cpu_subsystem_i.cpu_0_0.rf_ram_i.memory\[501\]\[1\],15.17µm
i_core_v_mini_mcu.cpu_subsystem_i.cpu_0_0.rf_ram_i.memory\[556\]\[0\],15.17µm
i_core_v_mini_mcu.cpu_subsystem_i.cpu_1_0.i_servile.cpu.immdec.gen_immdec_w_eq_1.imm30_25\[2\],15.17µm
i_core_v_mini_mcu.cpu_subsystem_i.cpu_1_0.rf_ram_i.memory\[130\]\[1\],15.17µm
i_core_v_mini_mcu.cpu_subsystem_i.cpu_1_0.rf_ram_i.memory\[190\]\[0\],15.17µm
i_core_v_mini_mcu.cpu_subsystem_i.cpu_1_0.rf_ram_i.memory\[35\]\[1\],15.17µm
i_core_v_mini_mcu.cpu_subsystem_i.cpu_1_0.rf_ram_i.memory\[387\]\[1\],15.17µm
i_core_v_mini_mcu.cpu_subsystem_i.cpu_1_0.rf_ram_i.memory\[471\]\[0\],15.17µm
i_core_v_mini_mcu.cpu_subsystem_i.cpu_1_0.rf_ram_i.memory\[86\]\[0\],15.17µm
i_core_v_mini_mcu.memory_subsystem_i.ram0_i.tc_ram_i.sram\[12\]\[24\],15.17µm
i_core_v_mini_mcu.memory_subsystem_i.ram0_i.tc_ram_i.sram\[15\]\[18\],15.17µm
i_core_v_mini_mcu.memory_subsystem_i.ram0_i.tc_ram_i.sram\[24\]\[1\],15.17µm
i_core_v_mini_mcu.memory_subsystem_i.ram0_i.tc_ram_i.sram\[3\]\[11\],15.17µm
i_core_v_mini_mcu.memory_subsystem_i.ram0_i.tc_ram_i.sram\[3\]\[8\],15.17µm
i_core_v_mini_mcu.memory_subsystem_i.ram0_i.tc_ram_i.sram\[6\]\[15\],15.17µm
i_core_v_mini_mcu.memory_subsystem_i.ram0_i.tc_ram_i.sram\[7\]\[16\],15.17µm
net1751,15.17µm
_00127_,15.12µm
_00242_,15.12µm
_00367_,15.12µm
_00414_,15.12µm
_00581_,15.12µm
_01144_,15.12µm
_01363_,15.12µm
_01519_,15.12µm
_01932_,15.12µm
_02071_,15.12µm
_02081_,15.12µm
_02716_,15.12µm
_03818_,15.12µm
_05228_,15.12µm
_05328_,15.12µm
_05367_,15.12µm
_06438_,15.12µm
_06664_,15.12µm
_06675_,15.12µm
_06784_,15.12µm
_07271_,15.12µm
_07319_,15.12µm
_07350_,15.12µm
_07546_,15.12µm
_07562_,15.12µm
_07574_,15.12µm
_07587_,15.12µm
_07841_,15.12µm
_08132_,15.12µm
_08935_,15.12µm
_09715_,15.12µm
_09921_,15.12µm
_09929_,15.12µm
_10425_,15.12µm
_10766_,15.12µm
_10783_,15.12µm
_10947_,15.12µm
_10955_,15.12µm
_11135_,15.12µm
_11270_,15.12µm
_11397_,15.12µm
_11432_,15.12µm
_11460_,15.12µm
_11570_,15.12µm
_11983_,15.12µm
_12043_,15.12µm
_12171_,15.12µm
_12174_,15.12µm
_12723_,15.12µm
_12809_,15.12µm
_12960_,15.12µm
_12987_,15.12µm
_13121_,15.12µm
_13286_,15.12µm
_13612_,15.12µm
_13666_,15.12µm
_13682_,15.12µm
_13688_,15.12µm
_13724_,15.12µm
_13751_,15.12µm
_13779_,15.12µm
_14459_,15.12µm
_14638_,15.12µm
_14828_,15.12µm
_14904_,15.12µm
_15231_,15.12µm
_15337_,15.12µm
_15429_,15.12µm
_15494_,15.12µm
_16906_,15.12µm
_16954_,15.12µm
_17190_,15.12µm
_17233_,15.12µm
_17545_,15.12µm
_17795_,15.12µm
_17846_,15.12µm
_18443_,15.12µm
_18660_,15.12µm
_18746_,15.12µm
_18850_,15.12µm
_18967_,15.12µm
_19194_,15.12µm
_19499_,15.12µm
_19537_,15.12µm
_19680_,15.12µm
_19812_,15.12µm
_19832_,15.12µm
_19856_,15.12µm
_19901_,15.12µm
_20209_,15.12µm
_20606_,15.12µm
_20759_,15.12µm
_20776_,15.12µm
_20805_,15.12µm
_21235_,15.12µm
_21430_,15.12µm
_21585_,15.12µm
_21831_,15.12µm
_21888_,15.12µm
_22106_,15.12µm
_22253_,15.12µm
_22425_,15.12µm
_22669_,15.12µm
_22942_,15.12µm
_23026_,15.12µm
_23029_,15.12µm
_23102_,15.12µm
_23160_,15.12µm
_23681_,15.12µm
_24012_,15.12µm
_24172_,15.12µm
_24433_,15.12µm
_24798_,15.12µm
_24831_,15.12µm
_25145_,15.12µm
_25284_,15.12µm
_25323_,15.12µm
_25397_,15.12µm
_25431_,15.12µm
_25468_,15.12µm
_25536_,15.12µm
_25807_,15.12µm
_27020_,15.12µm
_27129_,15.12µm
_27130_,15.12µm
_27256_,15.12µm
_27442_,15.12µm
_27447_,15.12µm
_27503_,15.12µm
_27524_,15.12µm
_27919_,15.12µm
_28025_,15.12µm
_28050_,15.12µm
_28103_,15.12µm
i_core_v_mini_mcu.ao_peripheral_subsystem_i.obi_fifo_i.consumer_resp_i\[15\],15.12µm
i_core_v_mini_mcu.ao_peripheral_subsystem_i.power_manager_i.power_manager_reg_top_i.u_intr_state.wr_data\[5\],15.12µm
i_core_v_mini_mcu.ao_peripheral_subsystem_i.spi_subsystem_i.obi_spimemio_i.obi_to_picorv32_i.obi_resp_o\[11\],15.12µm
i_core_v_mini_mcu.cpu_subsystem_i.cpu_0_0.rf_ram_i.memory\[151\]\[1\],15.12µm
i_core_v_mini_mcu.cpu_subsystem_i.cpu_0_0.rf_ram_i.memory\[166\]\[0\],15.12µm
i_core_v_mini_mcu.cpu_subsystem_i.cpu_0_0.rf_ram_i.memory\[176\]\[0\],15.12µm
i_core_v_mini_mcu.cpu_subsystem_i.cpu_0_0.rf_ram_i.memory\[215\]\[1\],15.12µm
i_core_v_mini_mcu.cpu_subsystem_i.cpu_0_0.rf_ram_i.memory\[403\]\[1\],15.12µm
i_core_v_mini_mcu.cpu_subsystem_i.cpu_0_0.rf_ram_i.memory\[563\]\[1\],15.12µm
i_core_v_mini_mcu.cpu_subsystem_i.cpu_0_0.rf_ram_i.memory\[84\]\[1\],15.12µm
i_core_v_mini_mcu.cpu_subsystem_i.cpu_1_0.i_servile.arbiter.i_wb_cpu_dbus_adr\[4\],15.12µm
i_core_v_mini_mcu.cpu_subsystem_i.cpu_1_0.rf_ram_i.memory\[176\]\[1\],15.12µm
i_core_v_mini_mcu.cpu_subsystem_i.cpu_1_0.rf_ram_i.memory\[6\]\[1\],15.12µm
i_core_v_mini_mcu.cpu_subsystem_i.cpu_1_0.rf_ram_i.memory\[92\]\[1\],15.12µm
i_core_v_mini_mcu.memory_subsystem_i.ram0_i.tc_ram_i.sram\[19\]\[18\],15.12µm
i_core_v_mini_mcu.memory_subsystem_i.ram0_i.tc_ram_i.sram\[24\]\[8\],15.12µm
i_core_v_mini_mcu.memory_subsystem_i.ram0_i.tc_ram_i.sram\[26\]\[31\],15.12µm
i_core_v_mini_mcu.peripheral_subsystem_i.obi_fifo_i.consumer_resp_i\[11\],15.12µm
i_core_v_mini_mcu.peripheral_subsystem_i.uart_i.uart_core.rx_timeout_count_q\[21\],15.12µm
_06755_,14.99µm
_06705_,14.94µm
_09458_,14.89µm
i_core_v_mini_mcu.ao_peripheral_subsystem_i.tdu_i.task_mem\[1\]\[0\],14.89µm
i_core_v_mini_mcu.cpu_subsystem_i.cpu_0_0.rf_ram_i.memory\[78\]\[0\],14.89µm
i_core_v_mini_mcu.cpu_subsystem_i.cpu_1_0.rf_ram_i.memory\[151\]\[0\],14.89µm
i_core_v_mini_mcu.memory_subsystem_i.ram0_i.tc_ram_i.sram\[29\]\[0\],14.89µm
_13905_,14.88µm
_10030_,14.84µm
_14050_,14.76µm
_22817_,14.76µm
_10017_,14.71µm
_16021_,14.71µm
_18858_,14.71µm
i_core_v_mini_mcu.ao_peripheral_subsystem_i.mosaic_clint_i.mtimecmp_q\[46\],14.71µm
i_core_v_mini_mcu.ao_peripheral_subsystem_i.obi_fifo_i.consumer_data_req_q\[48\],14.71µm
i_core_v_mini_mcu.ao_peripheral_subsystem_i.obi_fifo_i.consumer_data_req_q\[7\],14.71µm
i_core_v_mini_mcu.cpu_subsystem_i.cpu_0_0.rf_ram_i.memory\[281\]\[1\],14.71µm
i_core_v_mini_mcu.cpu_subsystem_i.cpu_0_0.rf_ram_i.memory\[372\]\[0\],14.71µm
i_core_v_mini_mcu.cpu_subsystem_i.cpu_1_0.rf_ram_i.memory\[119\]\[1\],14.71µm
i_core_v_mini_mcu.cpu_subsystem_i.cpu_1_0.rf_ram_i.memory\[169\]\[0\],14.71µm
i_core_v_mini_mcu.cpu_subsystem_i.cpu_1_0.rf_ram_i.memory\[480\]\[0\],14.71µm
_00002_,14.66µm
_01592_,14.66µm
_01655_,14.66µm
_01842_,14.66µm
_05477_,14.66µm
_05607_,14.66µm
_05912_,14.66µm
_05978_,14.66µm
_06229_,14.66µm
_06284_,14.66µm
_06313_,14.66µm
_06352_,14.66µm
_10044_,14.66µm
_10389_,14.66µm
_10490_,14.66µm
_11207_,14.66µm
_12974_,14.66µm
_13335_,14.66µm
_14625_,14.66µm
_15271_,14.66µm
_17268_,14.66µm
_18544_,14.66µm
_18835_,14.66µm
_20397_,14.66µm
_21094_,14.66µm
_21873_,14.66µm
_23361_,14.66µm
_23691_,14.66µm
_24519_,14.66µm
_24725_,14.66µm
_24839_,14.66µm
_27211_,14.66µm
_27559_,14.66µm
i_core_v_mini_mcu.ao_peripheral_subsystem_i.mosaic_clint_i.mtimecmp_q\[13\],14.66µm
i_core_v_mini_mcu.ao_peripheral_subsystem_i.spi_subsystem_i.obi_spimemio_i.spimemio_i.rd_addr\[23\],14.66µm
i_core_v_mini_mcu.ao_peripheral_subsystem_i.tdu_i.active_hart_cycles_q\[23\],14.66µm
i_core_v_mini_mcu.ao_peripheral_subsystem_i.tdu_i.task_mem\[3\]\[10\],14.66µm
i_core_v_mini_mcu.cpu_subsystem_i.cpu_0_0.i_servile.cpu.gen_csr.csr.o_new_irq,14.66µm
i_core_v_mini_mcu.cpu_subsystem_i.cpu_0_0.i_servile.rf_ram_if.wdata0_r\[1\],14.66µm
i_core_v_mini_mcu.cpu_subsystem_i.cpu_0_0.rf_ram_i.memory\[120\]\[0\],14.66µm
i_core_v_mini_mcu.cpu_subsystem_i.cpu_0_0.rf_ram_i.memory\[282\]\[0\],14.66µm
i_core_v_mini_mcu.cpu_subsystem_i.cpu_0_0.rf_ram_i.memory\[298\]\[0\],14.66µm
i_core_v_mini_mcu.cpu_subsystem_i.cpu_0_0.rf_ram_i.memory\[374\]\[1\],14.66µm
i_core_v_mini_mcu.cpu_subsystem_i.cpu_0_0.rf_ram_i.memory\[502\]\[0\],14.66µm
i_core_v_mini_mcu.cpu_subsystem_i.cpu_0_0.rf_ram_i.memory\[546\]\[0\],14.66µm
i_core_v_mini_mcu.cpu_subsystem_i.cpu_1_0.rf_ram_i.memory\[175\]\[1\],14.66µm
i_core_v_mini_mcu.cpu_subsystem_i.cpu_1_0.rf_ram_i.memory\[383\]\[1\],14.66µm
i_core_v_mini_mcu.cpu_subsystem_i.cpu_1_0.rf_ram_i.memory\[386\]\[1\],14.66µm
i_core_v_mini_mcu.cpu_subsystem_i.cpu_1_0.rf_ram_i.memory\[56\]\[0\],14.66µm
i_core_v_mini_mcu.memory_subsystem_i.ram0_i.tc_ram_i.sram\[12\]\[10\],14.66µm
i_core_v_mini_mcu.memory_subsystem_i.ram0_i.tc_ram_i.sram\[27\]\[4\],14.66µm
i_core_v_mini_mcu.memory_subsystem_i.ram0_i.tc_ram_i.sram\[28\]\[3\],14.66µm
i_core_v_mini_mcu.memory_subsystem_i.ram0_i.tc_ram_i.sram\[5\]\[5\],14.66µm
i_core_v_mini_mcu.memory_subsystem_i.ram0_i.tc_ram_i.sram\[6\]\[19\],14.66µm
i_core_v_mini_mcu.memory_subsystem_i.ram0_i.tc_ram_i.sram\[8\]\[8\],14.66µm
_00026_,14.61µm
_00141_,14.61µm
_00154_,14.61µm
_00222_,14.61µm
_00225_,14.61µm
_00253_,14.61µm
_00400_,14.61µm
_00512_,14.61µm
_00513_,14.61µm
_00866_,14.61µm
_01239_,14.61µm
_01340_,14.61µm
_01482_,14.61µm
_01710_,14.61µm
_02063_,14.61µm
_02145_,14.61µm
_02159_,14.61µm
_02315_,14.61µm
_02497_,14.61µm
_02784_,14.61µm
_03065_,14.61µm
_03096_,14.61µm
_03463_,14.61µm
_03686_,14.61µm
_03713_,14.61µm
_04397_,14.61µm
_04464_,14.61µm
_04618_,14.61µm
_04778_,14.61µm
_04887_,14.61µm
_05264_,14.61µm
_05399_,14.61µm
_05599_,14.61µm
_06040_,14.61µm
_06137_,14.61µm
_06646_,14.61µm
_06987_,14.61µm
_07068_,14.61µm
_07341_,14.61µm
_07371_,14.61µm
_07643_,14.61µm
_07698_,14.61µm
_07773_,14.61µm
_07963_,14.61µm
_07985_,14.61µm
_08879_,14.61µm
_09927_,14.61µm
_09962_,14.61µm
_10219_,14.61µm
_10631_,14.61µm
_11039_,14.61µm
_11114_,14.61µm
_11319_,14.61µm
_11335_,14.61µm
_11479_,14.61µm
_11535_,14.61µm
_11575_,14.61µm
_11649_,14.61µm
_11740_,14.61µm
_11763_,14.61µm
_11798_,14.61µm
_11817_,14.61µm
_12667_,14.61µm
_12967_,14.61µm
_13018_,14.61µm
_13269_,14.61µm
_13608_,14.61µm
_13712_,14.61µm
_13896_,14.61µm
_14412_,14.61µm
_14477_,14.61µm
_14536_,14.61µm
_14557_,14.61µm
_14565_,14.61µm
_14973_,14.61µm
_15116_,14.61µm
_15169_,14.61µm
_15222_,14.61µm
_15299_,14.61µm
_15563_,14.61µm
_15696_,14.61µm
_15768_,14.61µm
_15779_,14.61µm
_15913_,14.61µm
_16052_,14.61µm
_16235_,14.61µm
_16416_,14.61µm
_16850_,14.61µm
_17955_,14.61µm
_17976_,14.61µm
_18257_,14.61µm
_18483_,14.61µm
_18487_,14.61µm
_18682_,14.61µm
_18699_,14.61µm
_18707_,14.61µm
_18744_,14.61µm
_18745_,14.61µm
_18781_,14.61µm
_18870_,14.61µm
_19007_,14.61µm
_19209_,14.61µm
_19273_,14.61µm
_19495_,14.61µm
_19570_,14.61µm
_19742_,14.61µm
_19864_,14.61µm
_19886_,14.61µm
_20025_,14.61µm
_20128_,14.61µm
_20141_,14.61µm
_20414_,14.61µm
_20775_,14.61µm
_20800_,14.61µm
_20865_,14.61µm
_20945_,14.61µm
_20954_,14.61µm
_21222_,14.61µm
_21312_,14.61µm
_21325_,14.61µm
_21408_,14.61µm
_21568_,14.61µm
_21783_,14.61µm
_21878_,14.61µm
_21931_,14.61µm
_22063_,14.61µm
_22357_,14.61µm
_22563_,14.61µm
_22866_,14.61µm
_22969_,14.61µm
_23051_,14.61µm
_23180_,14.61µm
_23822_,14.61µm
_23916_,14.61µm
_23973_,14.61µm
_24013_,14.61µm
_24399_,14.61µm
_24753_,14.61µm
_25093_,14.61µm
_25235_,14.61µm
_25241_,14.61µm
_25755_,14.61µm
_26121_,14.61µm
_26195_,14.61µm
_26253_,14.61µm
_26287_,14.61µm
_26725_,14.61µm
_26959_,14.61µm
_27221_,14.61µm
_27225_,14.61µm
_27248_,14.61µm
_27471_,14.61µm
_27541_,14.61µm
_27547_,14.61µm
_27581_,14.61µm
_27804_,14.61µm
_27907_,14.61µm
_27968_,14.61µm
_28078_,14.61µm
i_core_v_mini_mcu.ao_peripheral_subsystem_i.mosaic_clint_i.mtimecmp_q\[48\],14.61µm
i_core_v_mini_mcu.ao_peripheral_subsystem_i.power_manager_i.power_manager_reg_top_i.cpu_reset_assert_counter_qs\[12\],14.61µm
i_core_v_mini_mcu.ao_peripheral_subsystem_i.tdu_i.task_mem\[6\]\[5\],14.61µm
i_core_v_mini_mcu.cpu_subsystem_i.cpu_0_0.i_servile.arbiter.i_wb_cpu_dbus_adr\[27\],14.61µm
i_core_v_mini_mcu.cpu_subsystem_i.cpu_0_0.i_servile.cpu.gen_align.align.ibus_rdt_concat\[8\],14.61µm
i_core_v_mini_mcu.cpu_subsystem_i.cpu_0_0.rf_ram_i.memory\[129\]\[0\],14.61µm
i_core_v_mini_mcu.cpu_subsystem_i.cpu_0_0.rf_ram_i.memory\[303\]\[0\],14.61µm
i_core_v_mini_mcu.cpu_subsystem_i.cpu_0_0.rf_ram_i.memory\[363\]\[0\],14.61µm
i_core_v_mini_mcu.cpu_subsystem_i.cpu_0_0.rf_ram_i.memory\[383\]\[1\],14.61µm
i_core_v_mini_mcu.cpu_subsystem_i.cpu_0_0.rf_ram_i.memory\[408\]\[0\],14.61µm
i_core_v_mini_mcu.cpu_subsystem_i.cpu_0_0.rf_ram_i.memory\[414\]\[0\],14.61µm
i_core_v_mini_mcu.cpu_subsystem_i.cpu_0_0.rf_ram_i.memory\[44\]\[1\],14.61µm
i_core_v_mini_mcu.cpu_subsystem_i.cpu_1_0.i_servile.arbiter.i_wb_cpu_ibus_adr\[24\],14.61µm
i_core_v_mini_mcu.cpu_subsystem_i.cpu_1_0.rf_ram_i.memory\[133\]\[0\],14.61µm
i_core_v_mini_mcu.cpu_subsystem_i.cpu_1_0.rf_ram_i.memory\[187\]\[1\],14.61µm
i_core_v_mini_mcu.cpu_subsystem_i.cpu_1_0.rf_ram_i.memory\[212\]\[1\],14.61µm
i_core_v_mini_mcu.cpu_subsystem_i.cpu_1_0.rf_ram_i.memory\[282\]\[1\],14.61µm
i_core_v_mini_mcu.cpu_subsystem_i.cpu_1_0.rf_ram_i.memory\[460\]\[1\],14.61µm
i_core_v_mini_mcu.memory_subsystem_i.ram0_i.tc_ram_i.sram\[19\]\[3\],14.61µm
i_core_v_mini_mcu.memory_subsystem_i.ram0_i.tc_ram_i.sram\[25\]\[18\],14.61µm
i_core_v_mini_mcu.memory_subsystem_i.ram0_i.tc_ram_i.sram\[2\]\[27\],14.61µm
i_core_v_mini_mcu.memory_subsystem_i.ram0_i.tc_ram_i.sram\[2\]\[30\],14.61µm
i_core_v_mini_mcu.memory_subsystem_i.ram0_i.tc_ram_i.sram\[31\]\[28\],14.61µm
i_core_v_mini_mcu.memory_subsystem_i.ram0_i.tc_ram_i.sram\[4\]\[8\],14.61µm
i_core_v_mini_mcu.peripheral_subsystem_i.obi_fifo_i.consumer_resp_i\[14\],14.61µm
i_core_v_mini_mcu.peripheral_subsystem_i.periph_to_reg_i.r_rdata_d\[1\],14.61µm
i_core_v_mini_mcu.peripheral_subsystem_i.uart_i.uart_core.u_uart_rxfifo.gen_normal_fifo.storage\[12\],14.61µm
_00017_,14.56µm
_00043_,14.56µm
_00067_,14.56µm
_00071_,14.56µm
_00264_,14.56µm
_00271_,14.56µm
_00274_,14.56µm
_00314_,14.56µm
_00446_,14.56µm
_00929_,14.56µm
_01188_,14.56µm
_01422_,14.56µm
_01704_,14.56µm
_01827_,14.56µm
_01881_,14.56µm
_02217_,14.56µm
_02346_,14.56µm
_02404_,14.56µm
_02407_,14.56µm
_02967_,14.56µm
_03324_,14.56µm
_04472_,14.56µm
_04659_,14.56µm
_04677_,14.56µm
_05143_,14.56µm
_05195_,14.56µm
_05202_,14.56µm
_05229_,14.56µm
_05238_,14.56µm
_05974_,14.56µm
_05991_,14.56µm
_06092_,14.56µm
_06156_,14.56µm
_07234_,14.56µm
_07274_,14.56µm
_07647_,14.56µm
_07829_,14.56µm
_07899_,14.56µm
_08413_,14.56µm
_08897_,14.56µm
_09312_,14.56µm
_09366_,14.56µm
_09500_,14.56µm
_09515_,14.56µm
_09681_,14.56µm
_09716_,14.56µm
_10025_,14.56µm
_11187_,14.56µm
_11222_,14.56µm
_11558_,14.56µm
_11633_,14.56µm
_11752_,14.56µm
_12199_,14.56µm
_12302_,14.56µm
_12304_,14.56µm
_12554_,14.56µm
_12692_,14.56µm
_13181_,14.56µm
_13204_,14.56µm
_13303_,14.56µm
_13336_,14.56µm
_13568_,14.56µm
_13711_,14.56µm
_13741_,14.56µm
_14038_,14.56µm
_14239_,14.56µm
_14392_,14.56µm
_14722_,14.56µm
_15021_,14.56µm
_15516_,14.56µm
_15545_,14.56µm
_15585_,14.56µm
_15692_,14.56µm
_16147_,14.56µm
_16561_,14.56µm
_17401_,14.56µm
_18074_,14.56µm
_18155_,14.56µm
_18709_,14.56µm
_18787_,14.56µm
_19484_,14.56µm
_19589_,14.56µm
_19598_,14.56µm
_19599_,14.56µm
_19609_,14.56µm
_19637_,14.56µm
_19705_,14.56µm
_19816_,14.56µm
_19944_,14.56µm
_20544_,14.56µm
_21263_,14.56µm
_21281_,14.56µm
_21533_,14.56µm
_21597_,14.56µm
_22137_,14.56µm
_22398_,14.56µm
_22812_,14.56µm
_22900_,14.56µm
_22930_,14.56µm
_23218_,14.56µm
_23408_,14.56µm
_23462_,14.56µm
_23485_,14.56µm
_23524_,14.56µm
_23777_,14.56µm
_23993_,14.56µm
_24375_,14.56µm
_24508_,14.56µm
_24513_,14.56µm
_24535_,14.56µm
_24668_,14.56µm
_24795_,14.56µm
_25311_,14.56µm
_25319_,14.56µm
_25495_,14.56µm
_25526_,14.56µm
_25548_,14.56µm
_26198_,14.56µm
_26920_,14.56µm
_27053_,14.56µm
_27109_,14.56µm
_27127_,14.56µm
_27312_,14.56µm
_27384_,14.56µm
_27388_,14.56µm
_27466_,14.56µm
_27740_,14.56µm
_27852_,14.56µm
i_core_v_mini_mcu.ao_peripheral_subsystem_i.soc_ctrl_i.reg2hw\[25\],14.56µm
i_core_v_mini_mcu.ao_peripheral_subsystem_i.tdu_i.task_mem\[4\]\[17\],14.56µm
i_core_v_mini_mcu.cpu_subsystem_i.cpu_0_0.rf_ram_i.memory\[137\]\[1\],14.56µm
i_core_v_mini_mcu.cpu_subsystem_i.cpu_0_0.rf_ram_i.memory\[299\]\[1\],14.56µm
i_core_v_mini_mcu.cpu_subsystem_i.cpu_1_0.i_servile.arbiter.i_wb_cpu_ibus_adr\[5\],14.56µm
i_core_v_mini_mcu.cpu_subsystem_i.cpu_1_0.i_servile.cpu.ctrl.i_jump,14.56µm
i_core_v_mini_mcu.cpu_subsystem_i.cpu_1_0.rf_ram_i.memory\[126\]\[0\],14.56µm
i_core_v_mini_mcu.cpu_subsystem_i.cpu_1_0.rf_ram_i.memory\[148\]\[0\],14.56µm
i_core_v_mini_mcu.cpu_subsystem_i.cpu_1_0.rf_ram_i.memory\[272\]\[0\],14.56µm
i_core_v_mini_mcu.cpu_subsystem_i.cpu_1_0.rf_ram_i.memory\[511\]\[0\],14.56µm
i_core_v_mini_mcu.memory_subsystem_i.ram0_i.tc_ram_i.sram\[14\]\[0\],14.56µm
i_core_v_mini_mcu.memory_subsystem_i.ram0_i.tc_ram_i.sram\[31\]\[1\],14.56µm
i_core_v_mini_mcu.memory_subsystem_i.ram0_i.tc_ram_i.sram\[3\]\[13\],14.56µm
i_core_v_mini_mcu.memory_subsystem_i.ram0_i.tc_ram_i.sram\[4\]\[18\],14.56µm
i_core_v_mini_mcu.peripheral_subsystem_i.obi_fifo_i.consumer_data_req_q\[11\],14.56µm
i_core_v_mini_mcu.peripheral_subsystem_i.uart_i.u_reg.fifo_ctrl_rxilvl_we,14.56µm
i_core_v_mini_mcu.peripheral_subsystem_i.uart_i.uart_core.u_uart_rxfifo.gen_normal_fifo.storage\[4\],14.56µm
i_core_v_mini_mcu.peripheral_subsystem_i.uart_i.uart_core.u_uart_txfifo.gen_normal_fifo.storage\[9\],14.56µm
i_core_v_mini_mcu.system_bus_i.system_xbar_i.gen_xbar_NtoM.i_xbar.gen_inputs\[1\].i_addr_dec_resp_mux.gen_several_outputs.bank_sel_q\[1\],14.56µm
_11127_,14.33µm
_23236_,14.33µm
_24275_,14.33µm
i_core_v_mini_mcu.cpu_subsystem_i.cpu_0_0.rf_ram_i.memory\[59\]\[1\],14.33µm
_07218_,14.28µm
i_core_v_mini_mcu.cpu_subsystem_i.cpu_0_0.rf_ram_i.memory\[290\]\[0\],14.28µm
_15987_,14.2µm
i_core_v_mini_mcu.cpu_subsystem_i.cpu_0_0.rf_ram_i.memory\[112\]\[1\],14.185µm
_06222_,14.15µm
_06398_,14.15µm
_06725_,14.15µm
_08836_,14.15µm
_10400_,14.15µm
_15802_,14.15µm
_17479_,14.15µm
_19129_,14.15µm
_21969_,14.15µm
_23672_,14.15µm
i_core_v_mini_mcu.cpu_subsystem_i.cpu_0_0.rf_ram_i.memory\[236\]\[0\],14.15µm
i_core_v_mini_mcu.cpu_subsystem_i.cpu_0_0.rf_ram_i.memory\[440\]\[0\],14.15µm
i_core_v_mini_mcu.cpu_subsystem_i.cpu_0_0.rf_ram_i.memory\[78\]\[1\],14.15µm
i_core_v_mini_mcu.cpu_subsystem_i.cpu_1_0.rf_ram_i.memory\[348\]\[0\],14.15µm
_01034_,14.1µm
_01084_,14.1µm
_01591_,14.1µm
_05183_,14.1µm
_05614_,14.1µm
_05875_,14.1µm
_05951_,14.1µm
_06201_,14.1µm
_06251_,14.1µm
_06299_,14.1µm
_06332_,14.1µm
_06476_,14.1µm
_07111_,14.1µm
_07175_,14.1µm
_07446_,14.1µm
_08491_,14.1µm
_09328_,14.1µm
_09953_,14.1µm
_10321_,14.1µm
_10404_,14.1µm
_13338_,14.1µm
_13564_,14.1µm
_14953_,14.1µm
_15204_,14.1µm
_18149_,14.1µm
_19863_,14.1µm
_22008_,14.1µm
_22536_,14.1µm
_22844_,14.1µm
_23745_,14.1µm
_23998_,14.1µm
_27293_,14.1µm
i_core_v_mini_mcu.ao_peripheral_subsystem_i.obi_fifo_i.consumer_data_req\[56\],14.1µm
i_core_v_mini_mcu.cpu_subsystem_i.cpu_0_0.i_servile.cpu.csr_imm,14.1µm
i_core_v_mini_mcu.cpu_subsystem_i.cpu_0_0.i_servile.cpu.decode.o_immdec_en\[3\],14.1µm
i_core_v_mini_mcu.cpu_subsystem_i.cpu_0_0.rf_ram_i.memory\[104\]\[0\],14.1µm
i_core_v_mini_mcu.cpu_subsystem_i.cpu_0_0.rf_ram_i.memory\[228\]\[0\],14.1µm
i_core_v_mini_mcu.cpu_subsystem_i.cpu_0_0.rf_ram_i.memory\[243\]\[1\],14.1µm
i_core_v_mini_mcu.cpu_subsystem_i.cpu_0_0.rf_ram_i.memory\[279\]\[0\],14.1µm
i_core_v_mini_mcu.cpu_subsystem_i.cpu_0_0.rf_ram_i.memory\[329\]\[0\],14.1µm
i_core_v_mini_mcu.cpu_subsystem_i.cpu_0_0.rf_ram_i.memory\[417\]\[0\],14.1µm
i_core_v_mini_mcu.cpu_subsystem_i.cpu_0_0.rf_ram_i.memory\[508\]\[0\],14.1µm
i_core_v_mini_mcu.cpu_subsystem_i.cpu_0_0.rf_ram_i.memory\[515\]\[1\],14.1µm
i_core_v_mini_mcu.cpu_subsystem_i.cpu_0_0.rf_ram_i.memory\[522\]\[1\],14.1µm
i_core_v_mini_mcu.cpu_subsystem_i.cpu_0_0.rf_ram_i.memory\[538\]\[0\],14.1µm
i_core_v_mini_mcu.cpu_subsystem_i.cpu_0_0.rf_ram_i.memory\[543\]\[0\],14.1µm
i_core_v_mini_mcu.cpu_subsystem_i.cpu_0_0.rf_ram_i.memory\[564\]\[0\],14.1µm
i_core_v_mini_mcu.cpu_subsystem_i.cpu_1_0.i_servile.arbiter.i_wb_cpu_dbus_adr\[24\],14.1µm
i_core_v_mini_mcu.cpu_subsystem_i.cpu_1_0.rf_ram_i.memory\[131\]\[1\],14.1µm
i_core_v_mini_mcu.cpu_subsystem_i.cpu_1_0.rf_ram_i.memory\[179\]\[1\],14.1µm
i_core_v_mini_mcu.cpu_subsystem_i.cpu_1_0.rf_ram_i.memory\[487\]\[1\],14.1µm
i_core_v_mini_mcu.cpu_subsystem_i.cpu_1_0.rf_ram_i.memory\[93\]\[0\],14.1µm
i_core_v_mini_mcu.memory_subsystem_i.ram0_i.tc_ram_i.sram\[12\]\[3\],14.1µm
i_core_v_mini_mcu.memory_subsystem_i.ram0_i.tc_ram_i.sram\[14\]\[3\],14.1µm
i_core_v_mini_mcu.memory_subsystem_i.ram0_i.tc_ram_i.sram\[25\]\[17\],14.1µm
i_core_v_mini_mcu.memory_subsystem_i.ram0_i.tc_ram_i.sram\[25\]\[9\],14.1µm
i_core_v_mini_mcu.memory_subsystem_i.ram0_i.tc_ram_i.sram\[4\]\[1\],14.1µm
i_core_v_mini_mcu.peripheral_subsystem_i.uart_i.reg2hw\[117\],14.1µm
_00072_,14.05µm
_00209_,14.05µm
_00239_,14.05µm
_00503_,14.05µm
_00540_,14.05µm
_00771_,14.05µm
_00966_,14.05µm
_01026_,14.05µm
_01053_,14.05µm
_01123_,14.05µm
_01266_,14.05µm
_01292_,14.05µm
_01307_,14.05µm
_01348_,14.05µm
_01499_,14.05µm
_01776_,14.05µm
_01958_,14.05µm
_02370_,14.05µm
_02439_,14.05µm
_02490_,14.05µm
_02979_,14.05µm
_03070_,14.05µm
_03746_,14.05µm
_03907_,14.05µm
_03930_,14.05µm
_03970_,14.05µm
_04103_,14.05µm
_04504_,14.05µm
_04788_,14.05µm
_04876_,14.05µm
_04900_,14.05µm
_05037_,14.05µm
_05144_,14.05µm
_05224_,14.05µm
_05232_,14.05µm
_05324_,14.05µm
_05404_,14.05µm
_05498_,14.05µm
_05547_,14.05µm
_05800_,14.05µm
_06390_,14.05µm
_06497_,14.05µm
_06678_,14.05µm
_07025_,14.05µm
_07064_,14.05µm
_07760_,14.05µm
_08091_,14.05µm
_08462_,14.05µm
_08478_,14.05µm
_08516_,14.05µm
_08702_,14.05µm
_09127_,14.05µm
_09383_,14.05µm
_09521_,14.05µm
_09535_,14.05µm
_09721_,14.05µm
_09890_,14.05µm
_09948_,14.05µm
_10337_,14.05µm
_10434_,14.05µm
_10450_,14.05µm
_10593_,14.05µm
_10709_,14.05µm
_10747_,14.05µm
_10786_,14.05µm
_10948_,14.05µm
_11068_,14.05µm
_11227_,14.05µm
_11312_,14.05µm
_11572_,14.05µm
_12506_,14.05µm
_12641_,14.05µm
_13059_,14.05µm
_13130_,14.05µm
_13227_,14.05µm
_13294_,14.05µm
_13561_,14.05µm
_13721_,14.05µm
_13736_,14.05µm
_13841_,14.05µm
_13891_,14.05µm
_14200_,14.05µm
_14437_,14.05µm
_14603_,14.05µm
_14698_,14.05µm
_14776_,14.05µm
_15091_,14.05µm
_15435_,14.05µm
_15707_,14.05µm
_15781_,14.05µm
_15846_,14.05µm
_16091_,14.05µm
_16234_,14.05µm
_16415_,14.05µm
_16583_,14.05µm
_16609_,14.05µm
_16766_,14.05µm
_16846_,14.05µm
_17085_,14.05µm
_17154_,14.05µm
_17301_,14.05µm
_17408_,14.05µm
_17410_,14.05µm
_17547_,14.05µm
_17718_,14.05µm
_17868_,14.05µm
_18181_,14.05µm
_18229_,14.05µm
_18385_,14.05µm
_18416_,14.05µm
_18601_,14.05µm
_19079_,14.05µm
_19131_,14.05µm
_19195_,14.05µm
_19254_,14.05µm
_19315_,14.05µm
_19683_,14.05µm
_19764_,14.05µm
_20196_,14.05µm
_20200_,14.05µm
_20638_,14.05µm
_20974_,14.05µm
_21053_,14.05µm
_21471_,14.05µm
_21709_,14.05µm
_22068_,14.05µm
_22078_,14.05µm
_22149_,14.05µm
_22155_,14.05µm
_22494_,14.05µm
_22496_,14.05µm
_22813_,14.05µm
_22899_,14.05µm
_23110_,14.05µm
_23191_,14.05µm
_23351_,14.05µm
_23606_,14.05µm
_23696_,14.05µm
_23740_,14.05µm
_24002_,14.05µm
_24549_,14.05µm
_24617_,14.05µm
_24765_,14.05µm
_25020_,14.05µm
_25059_,14.05µm
_25527_,14.05µm
_25650_,14.05µm
_25782_,14.05µm
_25848_,14.05µm
_25983_,14.05µm
_26684_,14.05µm
_27016_,14.05µm
_27097_,14.05µm
_27132_,14.05µm
_27139_,14.05µm
_27165_,14.05µm
_27266_,14.05µm
_27478_,14.05µm
_27560_,14.05µm
_27645_,14.05µm
_27808_,14.05µm
_27875_,14.05µm
_27965_,14.05µm
_27978_,14.05µm
_28015_,14.05µm
i_core_v_mini_mcu.ao_peripheral_subsystem_i.mosaic_clint_i.mtimecmp_q\[21\],14.05µm
i_core_v_mini_mcu.ao_peripheral_subsystem_i.power_manager_i.power_manager_counter_sequence_cpu_iso_i.sequence_curr_state\[1\],14.05µm
i_core_v_mini_mcu.ao_peripheral_subsystem_i.power_manager_i.power_manager_reg_top_i.dma_ch0_clk_gate_qs,14.05µm
i_core_v_mini_mcu.ao_peripheral_subsystem_i.power_manager_i.power_manager_reg_top_i.ram_0_clk_gate_qs,14.05µm
i_core_v_mini_mcu.ao_peripheral_subsystem_i.soc_ctrl_i.soc_ctrl_reg_top_i.system_frequency_hz_qs\[29\],14.05µm
i_core_v_mini_mcu.ao_peripheral_subsystem_i.spi_subsystem_i.obi_spimemio_i.obi_to_picorv32_i.obi_resp_o\[3\],14.05µm
i_core_v_mini_mcu.ao_peripheral_subsystem_i.tdu_i.task_mem\[4\]\[8\],14.05µm
i_core_v_mini_mcu.cpu_subsystem_i.cpu_0_0.i_servile.cpu.gen_align.align.ibus_rdt_concat\[15\],14.05µm
i_core_v_mini_mcu.cpu_subsystem_i.cpu_0_0.rf_ram_i.memory\[103\]\[0\],14.05µm
i_core_v_mini_mcu.cpu_subsystem_i.cpu_0_0.rf_ram_i.memory\[153\]\[0\],14.05µm
i_core_v_mini_mcu.cpu_subsystem_i.cpu_0_0.rf_ram_i.memory\[158\]\[1\],14.05µm
i_core_v_mini_mcu.cpu_subsystem_i.cpu_0_0.rf_ram_i.memory\[286\]\[1\],14.05µm
i_core_v_mini_mcu.cpu_subsystem_i.cpu_0_0.rf_ram_i.memory\[293\]\[1\],14.05µm
i_core_v_mini_mcu.cpu_subsystem_i.cpu_0_0.rf_ram_i.memory\[295\]\[1\],14.05µm
i_core_v_mini_mcu.cpu_subsystem_i.cpu_0_0.rf_ram_i.memory\[296\]\[1\],14.05µm
i_core_v_mini_mcu.cpu_subsystem_i.cpu_0_0.rf_ram_i.memory\[327\]\[0\],14.05µm
i_core_v_mini_mcu.cpu_subsystem_i.cpu_0_0.rf_ram_i.memory\[3\]\[0\],14.05µm
i_core_v_mini_mcu.cpu_subsystem_i.cpu_0_0.rf_ram_i.memory\[412\]\[1\],14.05µm
i_core_v_mini_mcu.cpu_subsystem_i.cpu_0_0.rf_ram_i.memory\[431\]\[1\],14.05µm
i_core_v_mini_mcu.cpu_subsystem_i.cpu_0_0.rf_ram_i.memory\[96\]\[1\],14.05µm
i_core_v_mini_mcu.cpu_subsystem_i.cpu_0_0.rf_ram_i.memory\[98\]\[0\],14.05µm
i_core_v_mini_mcu.cpu_subsystem_i.cpu_1_0.rf_ram_i.memory\[259\]\[1\],14.05µm
i_core_v_mini_mcu.cpu_subsystem_i.cpu_1_0.rf_ram_i.memory\[306\]\[1\],14.05µm
i_core_v_mini_mcu.cpu_subsystem_i.cpu_1_0.rf_ram_i.memory\[308\]\[0\],14.05µm
i_core_v_mini_mcu.cpu_subsystem_i.cpu_1_0.rf_ram_i.memory\[326\]\[1\],14.05µm
i_core_v_mini_mcu.cpu_subsystem_i.cpu_1_0.rf_ram_i.memory\[328\]\[1\],14.05µm
i_core_v_mini_mcu.cpu_subsystem_i.cpu_1_0.rf_ram_i.memory\[380\]\[1\],14.05µm
i_core_v_mini_mcu.cpu_subsystem_i.cpu_1_0.rf_ram_i.memory\[485\]\[0\],14.05µm
i_core_v_mini_mcu.cpu_subsystem_i.cpu_1_0.rf_ram_i.memory\[499\]\[0\],14.05µm
i_core_v_mini_mcu.cpu_subsystem_i.cpu_1_0.rf_ram_i.memory\[51\]\[0\],14.05µm
i_core_v_mini_mcu.cpu_subsystem_i.cpu_1_0.rf_ram_i.memory\[87\]\[0\],14.05µm
i_core_v_mini_mcu.cpu_subsystem_i.cpu_1_0.rf_ram_i.memory\[93\]\[1\],14.05µm
i_core_v_mini_mcu.memory_subsystem_i.ram0_i.tc_ram_i.sram\[12\]\[18\],14.05µm
i_core_v_mini_mcu.memory_subsystem_i.ram0_i.tc_ram_i.sram\[14\]\[9\],14.05µm
i_core_v_mini_mcu.memory_subsystem_i.ram0_i.tc_ram_i.sram\[15\]\[5\],14.05µm
i_core_v_mini_mcu.memory_subsystem_i.ram0_i.tc_ram_i.sram\[19\]\[5\],14.05µm
i_core_v_mini_mcu.memory_subsystem_i.ram0_i.tc_ram_i.sram\[22\]\[3\],14.05µm
i_core_v_mini_mcu.memory_subsystem_i.ram0_i.tc_ram_i.sram\[2\]\[31\],14.05µm
i_core_v_mini_mcu.memory_subsystem_i.ram0_i.tc_ram_i.sram\[3\]\[26\],14.05µm
i_core_v_mini_mcu.memory_subsystem_i.ram0_i.tc_ram_i.sram\[5\]\[28\],14.05µm
i_core_v_mini_mcu.peripheral_subsystem_i.uart_i.uart_core.u_uart_rxfifo.gen_normal_fifo.storage\[6\],14.05µm
net1569,14.05µm
_00047_,14µm
_01063_,14µm
_01171_,14µm
_01222_,14µm
_01265_,14µm
_01285_,14µm
_01312_,14µm
_01521_,14µm
_01824_,14µm
_01967_,14µm
_01970_,14µm
_02223_,14µm
_02269_,14µm
_02830_,14µm
_03192_,14µm
_03207_,14µm
_03259_,14µm
_04480_,14µm
_04619_,14µm
_04686_,14µm
_04939_,14µm
_05240_,14µm
_05263_,14µm
_05444_,14µm
_05467_,14µm
_05658_,14µm
_05993_,14µm
_06101_,14µm
_06115_,14µm
_06618_,14µm
_06867_,14µm
_07402_,14µm
_07515_,14µm
_08277_,14µm
_09001_,14µm
_09011_,14µm
_09088_,14µm
_09751_,14µm
_09754_,14µm
_09779_,14µm
_10061_,14µm
_11238_,14µm
_11295_,14µm
_11612_,14µm
_12098_,14µm
_12482_,14µm
_12500_,14µm
_12552_,14µm
_12618_,14µm
_13089_,14µm
_13098_,14µm
_13128_,14µm
_13228_,14µm
_13355_,14µm
_13377_,14µm
_13402_,14µm
_13450_,14µm
_13529_,14µm
_13600_,14µm
_14122_,14µm
_14137_,14µm
_14642_,14µm
_14687_,14µm
_14751_,14µm
_14848_,14µm
_14966_,14µm
_15031_,14µm
_16279_,14µm
_16684_,14µm
_16727_,14µm
_16747_,14µm
_17081_,14µm
_17139_,14µm
_17252_,14µm
_17257_,14µm
_17352_,14µm
_17360_,14µm
_17522_,14µm
_17665_,14µm
_17821_,14µm
_18214_,14µm
_18263_,14µm
_18310_,14µm
_18546_,14µm
_18605_,14µm
_18934_,14µm
_19086_,14µm
_19163_,14µm
_19774_,14µm
_19970_,14µm
_19988_,14µm
_20554_,14µm
_20746_,14µm
_20773_,14µm
_21027_,14µm
_21075_,14µm
_21206_,14µm
_21233_,14µm
_21360_,14µm
_21556_,14µm
_21704_,14µm
_21752_,14µm
_21766_,14µm
_21821_,14µm
_21835_,14µm
_21968_,14µm
_21972_,14µm
_21980_,14µm
_22031_,14µm
_22301_,14µm
_22613_,14µm
_22905_,14µm
_23264_,14µm
_23645_,14µm
_23670_,14µm
_23783_,14µm
_23880_,14µm
_23934_,14µm
_24286_,14µm
_24341_,14µm
_24353_,14µm
_24625_,14µm
_24722_,14µm
_24786_,14µm
_24789_,14µm
_25489_,14µm
_25553_,14µm
_25675_,14µm
_25676_,14µm
_25715_,14µm
_25806_,14µm
_26083_,14µm
_26243_,14µm
_26343_,14µm
_26370_,14µm
_26402_,14µm
_26413_,14µm
_26523_,14µm
_26827_,14µm
_26978_,14µm
_27291_,14µm
_27664_,14µm
_27841_,14µm
_28069_,14µm
i_core_v_mini_mcu.ao_peripheral_subsystem_i.obi_fifo_i.consumer_resp_i\[11\],14µm
i_core_v_mini_mcu.ao_peripheral_subsystem_i.spi_subsystem_i.obi_spimemio_i.obi_to_picorv32_i.picorv32_resp_i\[15\],14µm
i_core_v_mini_mcu.cpu_subsystem_i.cpu_0_0.i_servile.cpu.ctrl.o_ibus_adr\[19\],14µm
i_core_v_mini_mcu.cpu_subsystem_i.cpu_0_0.i_servile.cpu.gen_align.align.ibus_rdt_concat\[14\],14µm
i_core_v_mini_mcu.cpu_subsystem_i.cpu_0_0.rf_ram_i.memory\[0\]\[1\],14µm
i_core_v_mini_mcu.cpu_subsystem_i.cpu_0_0.rf_ram_i.memory\[158\]\[0\],14µm
i_core_v_mini_mcu.cpu_subsystem_i.cpu_0_0.rf_ram_i.memory\[172\]\[0\],14µm
i_core_v_mini_mcu.cpu_subsystem_i.cpu_0_0.rf_ram_i.memory\[305\]\[0\],14µm
i_core_v_mini_mcu.cpu_subsystem_i.cpu_0_0.rf_ram_i.memory\[387\]\[1\],14µm
i_core_v_mini_mcu.cpu_subsystem_i.cpu_1_0.rf_ram_i.memory\[137\]\[0\],14µm
i_core_v_mini_mcu.cpu_subsystem_i.cpu_1_0.rf_ram_i.memory\[27\]\[1\],14µm
i_core_v_mini_mcu.cpu_subsystem_i.cpu_1_0.rf_ram_i.memory\[32\]\[1\],14µm
i_core_v_mini_mcu.cpu_subsystem_i.cpu_1_0.rf_ram_i.memory\[405\]\[0\],14µm
i_core_v_mini_mcu.memory_subsystem_i.ram0_i.tc_ram_i.sram\[0\]\[4\],14µm
i_core_v_mini_mcu.memory_subsystem_i.ram0_i.tc_ram_i.sram\[13\]\[15\],14µm
i_core_v_mini_mcu.memory_subsystem_i.ram0_i.tc_ram_i.sram\[27\]\[12\],14µm
i_core_v_mini_mcu.memory_subsystem_i.ram0_i.tc_ram_i.sram\[31\]\[30\],14µm
i_core_v_mini_mcu.memory_subsystem_i.ram0_i.tc_ram_i.sram\[4\]\[5\],14µm
i_core_v_mini_mcu.memory_subsystem_i.ram0_i.tc_ram_i.sram\[6\]\[29\],14µm
i_core_v_mini_mcu.peripheral_subsystem_i.uart_i.uart_core.tx_uart_idle_q,14µm
_22087_,13.82µm
_08654_,13.77µm
i_core_v_mini_mcu.cpu_subsystem_i.cpu_0_0.rf_ram_i.memory\[411\]\[0\],13.77µm
i_core_v_mini_mcu.cpu_subsystem_i.cpu_1_0.rf_ram_i.memory\[277\]\[0\],13.77µm
_24287_,13.72µm
_06294_,13.64µm
i_core_v_mini_mcu.ao_peripheral_subsystem_i.mosaic_clint_i.mtimecmp_q\[70\],13.64µm
_02467_,13.59µm
_09363_,13.59µm
_12569_,13.59µm
_14483_,13.59µm
_17517_,13.59µm
_20831_,13.59µm
_22726_,13.59µm
_22777_,13.59µm
i_core_v_mini_mcu.cpu_subsystem_i.cpu_0_0.rf_ram_i.memory\[348\]\[0\],13.59µm
i_core_v_mini_mcu.cpu_subsystem_i.cpu_0_0.rf_ram_i.memory\[371\]\[0\],13.59µm
i_core_v_mini_mcu.cpu_subsystem_i.cpu_0_0.rf_ram_i.memory\[417\]\[1\],13.59µm
i_core_v_mini_mcu.cpu_subsystem_i.cpu_0_0.rf_ram_i.memory\[491\]\[0\],13.59µm
i_core_v_mini_mcu.cpu_subsystem_i.cpu_1_0.rf_ram_i.memory\[166\]\[0\],13.59µm
i_core_v_mini_mcu.cpu_subsystem_i.cpu_1_0.rf_ram_i.memory\[187\]\[0\],13.59µm
i_core_v_mini_mcu.cpu_subsystem_i.cpu_1_0.rf_ram_i.memory\[27\]\[0\],13.59µm
i_core_v_mini_mcu.cpu_subsystem_i.cpu_1_0.rf_ram_i.memory\[442\]\[1\],13.59µm
i_core_v_mini_mcu.cpu_subsystem_i.cpu_1_0.rf_ram_i.memory\[469\]\[0\],13.59µm
i_core_v_mini_mcu.peripheral_subsystem_i.uart_i.reg2hw\[8\],13.59µm
_26876_,13.58µm
_02073_,13.54µm
_02422_,13.54µm
_06850_,13.54µm
_06892_,13.54µm
_06896_,13.54µm
_08933_,13.54µm
_09856_,13.54µm
_09928_,13.54µm
_10265_,13.54µm
_10289_,13.54µm
_10454_,13.54µm
_10622_,13.54µm
_12242_,13.54µm
_16146_,13.54µm
_19388_,13.54µm
_20167_,13.54µm
_20564_,13.54µm
_21535_,13.54µm
_22080_,13.54µm
_23249_,13.54µm
_23349_,13.54µm
_23780_,13.54µm
_23796_,13.54µm
_23842_,13.54µm
_23845_,13.54µm
_23855_,13.54µm
_24024_,13.54µm
_25322_,13.54µm
_26507_,13.54µm
i_core_v_mini_mcu.ao_peripheral_subsystem_i.power_manager_i.power_manager_reg_top_i.global_pointer_qs\[0\],13.54µm
i_core_v_mini_mcu.ao_peripheral_subsystem_i.soc_ctrl_i.soc_ctrl_reg_top_i.system_frequency_hz_qs\[27\],13.54µm
i_core_v_mini_mcu.ao_peripheral_subsystem_i.tdu_i.task_mem\[4\]\[2\],13.54µm
i_core_v_mini_mcu.cpu_subsystem_i.cpu_0_0.rf_ram_i.memory\[0\]\[0\],13.54µm
i_core_v_mini_mcu.cpu_subsystem_i.cpu_0_0.rf_ram_i.memory\[150\]\[0\],13.54µm
i_core_v_mini_mcu.cpu_subsystem_i.cpu_0_0.rf_ram_i.memory\[164\]\[0\],13.54µm
i_core_v_mini_mcu.cpu_subsystem_i.cpu_0_0.rf_ram_i.memory\[180\]\[1\],13.54µm
i_core_v_mini_mcu.cpu_subsystem_i.cpu_0_0.rf_ram_i.memory\[197\]\[1\],13.54µm
i_core_v_mini_mcu.cpu_subsystem_i.cpu_0_0.rf_ram_i.memory\[259\]\[1\],13.54µm
i_core_v_mini_mcu.cpu_subsystem_i.cpu_0_0.rf_ram_i.memory\[505\]\[0\],13.54µm
i_core_v_mini_mcu.cpu_subsystem_i.cpu_0_0.rf_ram_i.memory\[535\]\[0\],13.54µm
i_core_v_mini_mcu.cpu_subsystem_i.cpu_0_0.rf_ram_i.memory\[55\]\[1\],13.54µm
i_core_v_mini_mcu.cpu_subsystem_i.cpu_1_0.rf_ram_i.memory\[146\]\[1\],13.54µm
i_core_v_mini_mcu.cpu_subsystem_i.cpu_1_0.rf_ram_i.memory\[162\]\[0\],13.54µm
i_core_v_mini_mcu.cpu_subsystem_i.cpu_1_0.rf_ram_i.memory\[269\]\[0\],13.54µm
i_core_v_mini_mcu.cpu_subsystem_i.cpu_1_0.rf_ram_i.memory\[389\]\[0\],13.54µm
i_core_v_mini_mcu.cpu_subsystem_i.cpu_1_0.rf_ram_i.memory\[68\]\[1\],13.54µm
i_core_v_mini_mcu.memory_subsystem_i.ram0_i.tc_ram_i.sram\[28\]\[28\],13.54µm
i_core_v_mini_mcu.memory_subsystem_i.ram0_i.tc_ram_i.sram\[4\]\[29\],13.54µm
i_core_v_mini_mcu.memory_subsystem_i.ram0_i.tc_ram_i.sram\[6\]\[17\],13.54µm
i_core_v_mini_mcu.memory_subsystem_i.ram0_i.tc_ram_i.sram\[7\]\[24\],13.54µm
i_core_v_mini_mcu.peripheral_subsystem_i.periph_to_reg_i.r_rdata_d\[10\],13.54µm
i_core_v_mini_mcu.peripheral_subsystem_i.uart_i.uart_core.nco_sum_q\[12\],13.54µm
i_core_v_mini_mcu.peripheral_subsystem_i.uart_i.uart_core.u_uart_txfifo.gen_normal_fifo.storage\[29\],13.54µm
_00018_,13.49µm
_00104_,13.49µm
_00272_,13.49µm
_00355_,13.49µm
_00373_,13.49µm
_00510_,13.49µm
_00617_,13.49µm
_00684_,13.49µm
_00711_,13.49µm
_00736_,13.49µm
_00843_,13.49µm
_01282_,13.49µm
_01572_,13.49µm
_01581_,13.49µm
_01838_,13.49µm
_01964_,13.49µm
_02034_,13.49µm
_02111_,13.49µm
_02199_,13.49µm
_02201_,13.49µm
_02339_,13.49µm
_02409_,13.49µm
_02415_,13.49µm
_02524_,13.49µm
_02683_,13.49µm
_02893_,13.49µm
_03023_,13.49µm
_03228_,13.49µm
_03476_,13.49µm
_03689_,13.49µm
_03711_,13.49µm
_03740_,13.49µm
_04179_,13.49µm
_04335_,13.49µm
_04458_,13.49µm
_04520_,13.49µm
_04548_,13.49µm
_04557_,13.49µm
_04647_,13.49µm
_04675_,13.49µm
_04742_,13.49µm
_04792_,13.49µm
_04807_,13.49µm
_04901_,13.49µm
_05276_,13.49µm
_05287_,13.49µm
_05320_,13.49µm
_05389_,13.49µm
_05648_,13.49µm
_05820_,13.49µm
_06595_,13.49µm
_06756_,13.49µm
_06890_,13.49µm
_06891_,13.49µm
_06903_,13.49µm
_07093_,13.49µm
_07267_,13.49µm
_07802_,13.49µm
_08553_,13.49µm
_08830_,13.49µm
_08889_,13.49µm
_08937_,13.49µm
_08976_,13.49µm
_08981_,13.49µm
_09062_,13.49µm
_09080_,13.49µm
_09091_,13.49µm
_09506_,13.49µm
_10288_,13.49µm
_10486_,13.49µm
_10804_,13.49µm
_11123_,13.49µm
_11259_,13.49µm
_11300_,13.49µm
_11350_,13.49µm
_11826_,13.49µm
_12151_,13.49µm
_12635_,13.49µm
_12759_,13.49µm
_12881_,13.49µm
_13021_,13.49µm
_13278_,13.49µm
_13287_,13.49µm
_13337_,13.49µm
_13339_,13.49µm
_13425_,13.49µm
_13758_,13.49µm
_13800_,13.49µm
_13872_,13.49µm
_13874_,13.49µm
_13927_,13.49µm
_14192_,13.49µm
_14204_,13.49µm
_14633_,13.49µm
_14853_,13.49µm
_14894_,13.49µm
_14910_,13.49µm
_14992_,13.49µm
_15181_,13.49µm
_15257_,13.49µm
_15389_,13.49µm
_15500_,13.49µm
_15877_,13.49µm
_15925_,13.49µm
_16097_,13.49µm
_16570_,13.49µm
_16610_,13.49µm
_16782_,13.49µm
_16795_,13.49µm
_16809_,13.49µm
_16816_,13.49µm
_17156_,13.49µm
_17222_,13.49µm
_17308_,13.49µm
_17388_,13.49µm
_17573_,13.49µm
_17692_,13.49µm
_17787_,13.49µm
_17798_,13.49µm
_17948_,13.49µm
_18006_,13.49µm
_18258_,13.49µm
_18378_,13.49µm
_18511_,13.49µm
_18761_,13.49µm
_19003_,13.49µm
_19013_,13.49µm
_19065_,13.49µm
_19134_,13.49µm
_19168_,13.49µm
_19214_,13.49µm
_19647_,13.49µm
_19722_,13.49µm
_19807_,13.49µm
_19961_,13.49µm
_20003_,13.49µm
_20040_,13.49µm
_20130_,13.49µm
_20142_,13.49µm
_20272_,13.49µm
_20477_,13.49µm
_20623_,13.49µm
_20782_,13.49µm
_20822_,13.49µm
_21359_,13.49µm
_21812_,13.49µm
_21839_,13.49µm
_21930_,13.49µm
_21952_,13.49µm
_22245_,13.49µm
_22257_,13.49µm
_22279_,13.49µm
_22286_,13.49µm
_22463_,13.49µm
_22724_,13.49µm
_22889_,13.49µm
_23539_,13.49µm
_23568_,13.49µm
_23603_,13.49µm
_23665_,13.49µm
_24052_,13.49µm
_24301_,13.49µm
_24603_,13.49µm
_24674_,13.49µm
_24683_,13.49µm
_24694_,13.49µm
_24756_,13.49µm
_24850_,13.49µm
_24918_,13.49µm
_25054_,13.49µm
_25144_,13.49µm
_25169_,13.49µm
_25533_,13.49µm
_25601_,13.49µm
_26455_,13.49µm
_26555_,13.49µm
_26589_,13.49µm
_26738_,13.49µm
_26811_,13.49µm
_26826_,13.49µm
_27195_,13.49µm
_27210_,13.49µm
_27386_,13.49µm
_27500_,13.49µm
_27565_,13.49µm
_27601_,13.49µm
_27642_,13.49µm
_27658_,13.49µm
_27874_,13.49µm
_28044_,13.49µm
_28077_,13.49µm
i_core_v_mini_mcu.ao_peripheral_subsystem_i.soc_ctrl_i.reg2hw\[9\],13.49µm
i_core_v_mini_mcu.ao_peripheral_subsystem_i.spi_subsystem_i.obi_spimemio_i.obi_to_picorv32_i.picorv32_resp_i\[16\],13.49µm
i_core_v_mini_mcu.ao_peripheral_subsystem_i.spi_subsystem_i.obi_spimemio_i.spimemio_i.xfer.obuffer\[7\],13.49µm
i_core_v_mini_mcu.cpu_subsystem_i.cpu_0_0.i_servile.arbiter.i_wb_cpu_dbus_adr\[17\],13.49µm
i_core_v_mini_mcu.cpu_subsystem_i.cpu_0_0.i_servile.arbiter.i_wb_cpu_dbus_adr\[8\],13.49µm
i_core_v_mini_mcu.cpu_subsystem_i.cpu_0_0.i_servile.cpu.alu.i_cmp_sig,13.49µm
i_core_v_mini_mcu.cpu_subsystem_i.cpu_0_0.i_servile.cpu.bufreg.i_imm_en,13.49µm
i_core_v_mini_mcu.cpu_subsystem_i.cpu_0_0.i_servile.cpu.ctrl.o_ibus_adr\[15\],13.49µm
i_core_v_mini_mcu.cpu_subsystem_i.cpu_0_0.rf_ram_i.memory\[116\]\[1\],13.49µm
i_core_v_mini_mcu.cpu_subsystem_i.cpu_0_0.rf_ram_i.memory\[119\]\[0\],13.49µm
i_core_v_mini_mcu.cpu_subsystem_i.cpu_0_0.rf_ram_i.memory\[129\]\[1\],13.49µm
i_core_v_mini_mcu.cpu_subsystem_i.cpu_0_0.rf_ram_i.memory\[214\]\[0\],13.49µm
i_core_v_mini_mcu.cpu_subsystem_i.cpu_0_0.rf_ram_i.memory\[218\]\[1\],13.49µm
i_core_v_mini_mcu.cpu_subsystem_i.cpu_0_0.rf_ram_i.memory\[244\]\[0\],13.49µm
i_core_v_mini_mcu.cpu_subsystem_i.cpu_0_0.rf_ram_i.memory\[302\]\[1\],13.49µm
i_core_v_mini_mcu.cpu_subsystem_i.cpu_0_0.rf_ram_i.memory\[400\]\[0\],13.49µm
i_core_v_mini_mcu.cpu_subsystem_i.cpu_0_0.rf_ram_i.memory\[419\]\[1\],13.49µm
i_core_v_mini_mcu.cpu_subsystem_i.cpu_0_0.rf_ram_i.memory\[426\]\[0\],13.49µm
i_core_v_mini_mcu.cpu_subsystem_i.cpu_0_0.rf_ram_i.memory\[428\]\[0\],13.49µm
i_core_v_mini_mcu.cpu_subsystem_i.cpu_0_0.rf_ram_i.memory\[486\]\[1\],13.49µm
i_core_v_mini_mcu.cpu_subsystem_i.cpu_0_0.rf_ram_i.memory\[505\]\[1\],13.49µm
i_core_v_mini_mcu.cpu_subsystem_i.cpu_0_0.rf_ram_i.memory\[57\]\[0\],13.49µm
i_core_v_mini_mcu.cpu_subsystem_i.cpu_0_0.rf_ram_i.memory\[71\]\[1\],13.49µm
i_core_v_mini_mcu.cpu_subsystem_i.cpu_0_0.rf_ram_i.memory\[79\]\[0\],13.49µm
i_core_v_mini_mcu.cpu_subsystem_i.cpu_1_0.i_servile.arbiter.i_wb_cpu_dbus_adr\[28\],13.49µm
i_core_v_mini_mcu.cpu_subsystem_i.cpu_1_0.rf_ram_i.memory\[109\]\[0\],13.49µm
i_core_v_mini_mcu.cpu_subsystem_i.cpu_1_0.rf_ram_i.memory\[109\]\[1\],13.49µm
i_core_v_mini_mcu.cpu_subsystem_i.cpu_1_0.rf_ram_i.memory\[186\]\[0\],13.49µm
i_core_v_mini_mcu.cpu_subsystem_i.cpu_1_0.rf_ram_i.memory\[292\]\[1\],13.49µm
i_core_v_mini_mcu.cpu_subsystem_i.cpu_1_0.rf_ram_i.memory\[38\]\[1\],13.49µm
i_core_v_mini_mcu.cpu_subsystem_i.cpu_1_0.rf_ram_i.memory\[392\]\[1\],13.49µm
i_core_v_mini_mcu.cpu_subsystem_i.cpu_1_0.rf_ram_i.memory\[3\]\[0\],13.49µm
i_core_v_mini_mcu.cpu_subsystem_i.cpu_1_0.rf_ram_i.memory\[73\]\[1\],13.49µm
i_core_v_mini_mcu.cpu_subsystem_i.cpu_1_0.rf_ram_i.memory\[81\]\[1\],13.49µm
i_core_v_mini_mcu.memory_subsystem_i.ram0_i.tc_ram_i.sram\[13\]\[7\],13.49µm
i_core_v_mini_mcu.memory_subsystem_i.ram0_i.tc_ram_i.sram\[17\]\[2\],13.49µm
i_core_v_mini_mcu.memory_subsystem_i.ram0_i.tc_ram_i.sram\[3\]\[23\],13.49µm
i_core_v_mini_mcu.peripheral_subsystem_i.obi_fifo_i.consumer_data_req_q\[66\],13.49µm
net1690,13.49µm
net1782,13.49µm
_00034_,13.44µm
_00303_,13.44µm
_00541_,13.44µm
_00558_,13.44µm
_00601_,13.44µm
_00619_,13.44µm
_00956_,13.44µm
_00960_,13.44µm
_01044_,13.44µm
_01221_,13.44µm
_01316_,13.44µm
_01429_,13.44µm
_01677_,13.44µm
_01916_,13.44µm
_01920_,13.44µm
_02062_,13.44µm
_02082_,13.44µm
_02164_,13.44µm
_02166_,13.44µm
_02258_,13.44µm
_02284_,13.44µm
_02352_,13.44µm
_02420_,13.44µm
_02482_,13.44µm
_02681_,13.44µm
_02840_,13.44µm
_02891_,13.44µm
_03343_,13.44µm
_03564_,13.44µm
_03845_,13.44µm
_03894_,13.44µm
_03967_,13.44µm
_03991_,13.44µm
_04006_,13.44µm
_04100_,13.44µm
_04136_,13.44µm
_04368_,13.44µm
_04417_,13.44µm
_04467_,13.44µm
_04503_,13.44µm
_04586_,13.44µm
_04752_,13.44µm
_04810_,13.44µm
_05049_,13.44µm
_05259_,13.44µm
_05326_,13.44µm
_05334_,13.44µm
_06496_,13.44µm
_06734_,13.44µm
_06999_,13.44µm
_07475_,13.44µm
_07664_,13.44µm
_07940_,13.44µm
_07956_,13.44µm
_07994_,13.44µm
_08549_,13.44µm
_08646_,13.44µm
_08991_,13.44µm
_09026_,13.44µm
_09365_,13.44µm
_09456_,13.44µm
_09523_,13.44µm
_10363_,13.44µm
_10776_,13.44µm
_10953_,13.44µm
_10987_,13.44µm
_11157_,13.44µm
_11219_,13.44µm
_11287_,13.44µm
_11309_,13.44µm
_11314_,13.44µm
_11320_,13.44µm
_11363_,13.44µm
_11678_,13.44µm
_11786_,13.44µm
_11839_,13.44µm
_12012_,13.44µm
_12094_,13.44µm
_12675_,13.44µm
_12914_,13.44µm
_13005_,13.44µm
_13194_,13.44µm
_13255_,13.44µm
_13719_,13.44µm
_13790_,13.44µm
_14043_,13.44µm
_15109_,13.44µm
_15302_,13.44µm
_15312_,13.44µm
_15348_,13.44µm
_15999_,13.44µm
_16300_,13.44µm
_16308_,13.44µm
_16475_,13.44µm
_16495_,13.44µm
_16643_,13.44µm
_17082_,13.44µm
_17322_,13.44µm
_17898_,13.44µm
_18892_,13.44µm
_19264_,13.44µm
_19329_,13.44µm
_19677_,13.44µm
_19691_,13.44µm
_19843_,13.44µm
_19907_,13.44µm
_20034_,13.44µm
_20045_,13.44µm
_20149_,13.44µm
_20258_,13.44µm
_20476_,13.44µm
_20723_,13.44µm
_21063_,13.44µm
_21073_,13.44µm
_21187_,13.44µm
_21223_,13.44µm
_21290_,13.44µm
_22659_,13.44µm
_22778_,13.44µm
_23529_,13.44µm
_23785_,13.44µm
_23790_,13.44µm
_23804_,13.44µm
_24254_,13.44µm
_24284_,13.44µm
_24359_,13.44µm
_24412_,13.44µm
_24607_,13.44µm
_25378_,13.44µm
_26363_,13.44µm
_26400_,13.44µm
_26474_,13.44µm
_26618_,13.44µm
_26785_,13.44µm
_26815_,13.44µm
_26868_,13.44µm
_27001_,13.44µm
_27006_,13.44µm
_27019_,13.44µm
_27177_,13.44µm
_27788_,13.44µm
_27892_,13.44µm
_28004_,13.44µm
_28123_,13.44µm
net1916,13.44µm
i_core_v_mini_mcu.cpu_subsystem_i.cpu_0_0.i_servile.rf_ram_if.wdata1_r\[0\],13.44µm
i_core_v_mini_mcu.cpu_subsystem_i.cpu_0_0.rf_ram_i.memory\[118\]\[0\],13.44µm
i_core_v_mini_mcu.cpu_subsystem_i.cpu_0_0.rf_ram_i.memory\[157\]\[1\],13.44µm
i_core_v_mini_mcu.cpu_subsystem_i.cpu_0_0.rf_ram_i.memory\[159\]\[1\],13.44µm
i_core_v_mini_mcu.cpu_subsystem_i.cpu_0_0.rf_ram_i.memory\[210\]\[1\],13.44µm
i_core_v_mini_mcu.cpu_subsystem_i.cpu_0_0.rf_ram_i.memory\[234\]\[0\],13.44µm
i_core_v_mini_mcu.cpu_subsystem_i.cpu_0_0.rf_ram_i.memory\[262\]\[1\],13.44µm
i_core_v_mini_mcu.cpu_subsystem_i.cpu_0_0.rf_ram_i.memory\[430\]\[0\],13.44µm
i_core_v_mini_mcu.cpu_subsystem_i.cpu_0_0.rf_ram_i.memory\[474\]\[0\],13.44µm
i_core_v_mini_mcu.cpu_subsystem_i.cpu_0_0.rf_ram_i.memory\[49\]\[0\],13.44µm
i_core_v_mini_mcu.cpu_subsystem_i.cpu_1_0.i_servile.arbiter.i_wb_cpu_dbus_adr\[20\],13.44µm
i_core_v_mini_mcu.cpu_subsystem_i.cpu_1_0.i_servile.cpu.immdec.gen_immdec_w_eq_1.imm19_12_20\[2\],13.44µm
i_core_v_mini_mcu.memory_subsystem_i.ram0_i.tc_ram_i.sram\[10\]\[3\],13.44µm
i_core_v_mini_mcu.peripheral_subsystem_i.periph_to_reg_i.r_rdata_d\[19\],13.44µm
i_core_v_mini_mcu.peripheral_subsystem_i.uart_i.uart_core.u_uart_txfifo.gen_normal_fifo.storage\[13\],13.44µm
net12,13.44µm
i_core_v_mini_mcu.cpu_subsystem_i.cpu_0_0.rf_ram_i.memory\[252\]\[1\],13.355µm
i_core_v_mini_mcu.memory_subsystem_i.ram0_i.tc_ram_i.sram\[12\]\[8\],13.21µm
i_core_v_mini_mcu.memory_subsystem_i.ram0_i.tc_ram_i.sram\[19\]\[17\],13.21µm
i_core_v_mini_mcu.memory_subsystem_i.ram0_i.tc_ram_i.sram\[29\]\[28\],13.21µm
_25626_,13.16µm
i_core_v_mini_mcu.cpu_subsystem_i.cpu_0_0.rf_ram_i.memory\[426\]\[1\],13.16µm
_06094_,13.03µm
_10060_,13.03µm
_10187_,13.03µm
_11870_,13.03µm
_12063_,13.03µm
_14474_,13.03µm
_16811_,13.03µm
_21941_,13.03µm
_23825_,13.03µm
i_core_v_mini_mcu.cpu_subsystem_i.cpu_0_0.i_servile.cpu.decode.o_immdec_en\[2\],13.03µm
i_core_v_mini_mcu.cpu_subsystem_i.cpu_0_0.rf_ram_i.memory\[395\]\[1\],13.03µm
i_core_v_mini_mcu.cpu_subsystem_i.cpu_1_0.i_servile.cpu.decode.o_immdec_en\[0\],13.03µm
i_core_v_mini_mcu.memory_subsystem_i.ram0_i.tc_ram_i.sram\[11\]\[7\],13.03µm
i_core_v_mini_mcu.memory_subsystem_i.ram0_i.tc_ram_i.sram\[14\]\[19\],13.03µm
i_core_v_mini_mcu.memory_subsystem_i.ram0_i.tc_ram_i.sram\[14\]\[29\],13.03µm
_00001_,12.98µm
_00735_,12.98µm
_00872_,12.98µm
_00968_,12.98µm
_01212_,12.98µm
_01284_,12.98µm
_01353_,12.98µm
_01526_,12.98µm
_01893_,12.98µm
_02271_,12.98µm
_02355_,12.98µm
_06095_,12.98µm
_06123_,12.98µm
_06219_,12.98µm
_06224_,12.98µm
_06342_,12.98µm
_07145_,12.98µm
_07506_,12.98µm
_08625_,12.98µm
_08805_,12.98µm
_09537_,12.98µm
_09557_,12.98µm
_09945_,12.98µm
_11908_,12.98µm
_12573_,12.98µm
_13822_,12.98µm
_13929_,12.98µm
_15439_,12.98µm
_15754_,12.98µm
_17219_,12.98µm
_17537_,12.98µm
_17877_,12.98µm
_17970_,12.98µm
_18541_,12.98µm
_19242_,12.98µm
_19898_,12.98µm
_20471_,12.98µm
_20634_,12.98µm
_21158_,12.98µm
_21834_,12.98µm
_21942_,12.98µm
_22116_,12.98µm
_23393_,12.98µm
_23528_,12.98µm
_23739_,12.98µm
_24466_,12.98µm
_27288_,12.98µm
i_core_v_mini_mcu.ao_peripheral_subsystem_i.power_manager_i.reg_to_counter_cpu_reset_deassert_i.counter_curr_state\[0\],12.98µm
i_core_v_mini_mcu.cpu_subsystem_i.cpu_0_0.i_servile.cpu.state.ibus_cyc,12.98µm
i_core_v_mini_mcu.cpu_subsystem_i.cpu_0_0.rf_ram_i.memory\[119\]\[1\],12.98µm
i_core_v_mini_mcu.cpu_subsystem_i.cpu_0_0.rf_ram_i.memory\[190\]\[0\],12.98µm
i_core_v_mini_mcu.cpu_subsystem_i.cpu_0_0.rf_ram_i.memory\[261\]\[1\],12.98µm
i_core_v_mini_mcu.cpu_subsystem_i.cpu_0_0.rf_ram_i.memory\[294\]\[1\],12.98µm
i_core_v_mini_mcu.cpu_subsystem_i.cpu_0_0.rf_ram_i.memory\[436\]\[0\],12.98µm
i_core_v_mini_mcu.cpu_subsystem_i.cpu_0_0.rf_ram_i.memory\[499\]\[1\],12.98µm
i_core_v_mini_mcu.cpu_subsystem_i.cpu_0_0.rf_ram_i.memory\[534\]\[0\],12.98µm
i_core_v_mini_mcu.cpu_subsystem_i.cpu_1_0.rf_ram_i.memory\[127\]\[1\],12.98µm
i_core_v_mini_mcu.cpu_subsystem_i.cpu_1_0.rf_ram_i.memory\[152\]\[0\],12.98µm
i_core_v_mini_mcu.cpu_subsystem_i.cpu_1_0.rf_ram_i.memory\[175\]\[0\],12.98µm
i_core_v_mini_mcu.cpu_subsystem_i.cpu_1_0.rf_ram_i.memory\[194\]\[0\],12.98µm
i_core_v_mini_mcu.cpu_subsystem_i.cpu_1_0.rf_ram_i.memory\[217\]\[1\],12.98µm
i_core_v_mini_mcu.memory_subsystem_i.ram0_i.tc_ram_i.sram\[14\]\[21\],12.98µm
i_core_v_mini_mcu.memory_subsystem_i.ram0_i.tc_ram_i.sram\[28\]\[9\],12.98µm
i_core_v_mini_mcu.memory_subsystem_i.ram0_i.tc_ram_i.sram\[6\]\[18\],12.98µm
i_core_v_mini_mcu.memory_subsystem_i.ram0_i.tc_ram_i.sram\[6\]\[5\],12.98µm
i_core_v_mini_mcu.peripheral_subsystem_i.uart_i.reg2hw\[10\],12.98µm
_00040_,12.93µm
_00220_,12.93µm
_00270_,12.93µm
_00353_,12.93µm
_00358_,12.93µm
_00458_,12.93µm
_00608_,12.93µm
_00816_,12.93µm
_00829_,12.93µm
_00837_,12.93µm
_00894_,12.93µm
_01006_,12.93µm
_01061_,12.93µm
_01100_,12.93µm
_01193_,12.93µm
_01202_,12.93µm
_01260_,12.93µm
_01294_,12.93µm
_01304_,12.93µm
_01478_,12.93µm
_01516_,12.93µm
_01599_,12.93µm
_01923_,12.93µm
_02012_,12.93µm
_02032_,12.93µm
_02047_,12.93µm
_02136_,12.93µm
_02232_,12.93µm
_02444_,12.93µm
_02468_,12.93µm
_02611_,12.93µm
_03045_,12.93µm
_03249_,12.93µm
_03251_,12.93µm
_03377_,12.93µm
_03582_,12.93µm
_03687_,12.93µm
_03717_,12.93µm
_03922_,12.93µm
_04278_,12.93µm
_04314_,12.93µm
_04469_,12.93µm
_04728_,12.93µm
_04731_,12.93µm
_04760_,12.93µm
_04770_,12.93µm
_04783_,12.93µm
_04893_,12.93µm
_04914_,12.93µm
_04916_,12.93µm
_05075_,12.93µm
_05140_,12.93µm
_05148_,12.93µm
_05149_,12.93µm
_05271_,12.93µm
_05330_,12.93µm
_05836_,12.93µm
_05846_,12.93µm
_05867_,12.93µm
_05968_,12.93µm
_06120_,12.93µm
_06717_,12.93µm
_06798_,12.93µm
_06858_,12.93µm
_06950_,12.93µm
_07026_,12.93µm
_07061_,12.93µm
_07232_,12.93µm
_08011_,12.93µm
_08207_,12.93µm
_08239_,12.93µm
_08253_,12.93µm
_08320_,12.93µm
_08587_,12.93µm
_08860_,12.93µm
_09017_,12.93µm
_09106_,12.93µm
_09187_,12.93µm
_09415_,12.93µm
_09624_,12.93µm
_09653_,12.93µm
_09835_,12.93µm
_09837_,12.93µm
_09892_,12.93µm
_10234_,12.93µm
_10484_,12.93µm
_10485_,12.93µm
_10611_,12.93µm
_10992_,12.93µm
_11134_,12.93µm
_11148_,12.93µm
_11449_,12.93µm
_11467_,12.93µm
_11793_,12.93µm
_11813_,12.93µm
_11843_,12.93µm
_11854_,12.93µm
_11885_,12.93µm
_11899_,12.93µm
_11939_,12.93µm
_11974_,12.93µm
_12686_,12.93µm
_12781_,12.93µm
_12928_,12.93µm
_12993_,12.93µm
_13113_,12.93µm
_13280_,12.93µm
_13379_,12.93µm
_13385_,12.93µm
_13551_,12.93µm
_13563_,12.93µm
_13675_,12.93µm
_13689_,12.93µm
_13708_,12.93µm
_14088_,12.93µm
_14338_,12.93µm
_14587_,12.93µm
_14783_,12.93µm
_14922_,12.93µm
_14995_,12.93µm
_15038_,12.93µm
_15113_,12.93µm
_15184_,12.93µm
_15402_,12.93µm
_15478_,12.93µm
_15689_,12.93µm
_15762_,12.93µm
_15776_,12.93µm
_15860_,12.93µm
_16103_,12.93µm
_16633_,12.93µm
_16967_,12.93µm
_17057_,12.93µm
_17130_,12.93µm
_17411_,12.93µm
_17447_,12.93µm
_17845_,12.93µm
_17876_,12.93µm
_18588_,12.93µm
_18597_,12.93µm
_18616_,12.93µm
_18700_,12.93µm
_18773_,12.93µm
_18782_,12.93µm
_19239_,12.93µm
_19246_,12.93µm
_19331_,12.93µm
_19423_,12.93µm
_19621_,12.93µm
_19640_,12.93µm
_19667_,12.93µm
_20234_,12.93µm
_20552_,12.93µm
_20751_,12.93µm
_20874_,12.93µm
_20898_,12.93µm
_20905_,12.93µm
_21038_,12.93µm
_21215_,12.93µm
_21648_,12.93µm
_21654_,12.93µm
_21928_,12.93µm
_21993_,12.93µm
_22025_,12.93µm
_22060_,12.93µm
_22303_,12.93µm
_22409_,12.93µm
_22538_,12.93µm
_22576_,12.93µm
_22668_,12.93µm
_22807_,12.93µm
_23032_,12.93µm
_23163_,12.93µm
_23183_,12.93µm
_23200_,12.93µm
_23455_,12.93µm
_23657_,12.93µm
_23763_,12.93µm
_23828_,12.93µm
_23849_,12.93µm
_24035_,12.93µm
_24163_,12.93µm
_24230_,12.93µm
_24471_,12.93µm
_24615_,12.93µm
_24629_,12.93µm
_24691_,12.93µm
_24812_,12.93µm
_24915_,12.93µm
_24944_,12.93µm
_25008_,12.93µm
_25346_,12.93µm
_25405_,12.93µm
_25620_,12.93µm
_25625_,12.93µm
_25902_,12.93µm
_25933_,12.93µm
_26005_,12.93µm
_26087_,12.93µm
_26192_,12.93µm
_26506_,12.93µm
_26532_,12.93µm
_26682_,12.93µm
_26972_,12.93µm
_27083_,12.93µm
_27125_,12.93µm
_27155_,12.93µm
_27534_,12.93µm
_27726_,12.93µm
i_core_v_mini_mcu.ao_peripheral_subsystem_i.power_manager_i.power_manager_reg_top_i.cpu_iso_on_counter_qs\[1\],12.93µm
i_core_v_mini_mcu.cpu_subsystem_i.cpu_0_0.i_servile.cpu.gen_align.align.ibus_rdt_concat\[5\],12.93µm
i_core_v_mini_mcu.cpu_subsystem_i.cpu_0_0.rf_ram_i.memory\[124\]\[0\],12.93µm
i_core_v_mini_mcu.cpu_subsystem_i.cpu_0_0.rf_ram_i.memory\[138\]\[0\],12.93µm
i_core_v_mini_mcu.cpu_subsystem_i.cpu_0_0.rf_ram_i.memory\[156\]\[0\],12.93µm
i_core_v_mini_mcu.cpu_subsystem_i.cpu_0_0.rf_ram_i.memory\[217\]\[1\],12.93µm
i_core_v_mini_mcu.cpu_subsystem_i.cpu_0_0.rf_ram_i.memory\[245\]\[0\],12.93µm
i_core_v_mini_mcu.cpu_subsystem_i.cpu_0_0.rf_ram_i.memory\[274\]\[1\],12.93µm
i_core_v_mini_mcu.cpu_subsystem_i.cpu_0_0.rf_ram_i.memory\[380\]\[0\],12.93µm
i_core_v_mini_mcu.cpu_subsystem_i.cpu_0_0.rf_ram_i.memory\[402\]\[0\],12.93µm
i_core_v_mini_mcu.cpu_subsystem_i.cpu_0_0.rf_ram_i.memory\[407\]\[1\],12.93µm
i_core_v_mini_mcu.cpu_subsystem_i.cpu_0_0.rf_ram_i.memory\[418\]\[0\],12.93µm
i_core_v_mini_mcu.cpu_subsystem_i.cpu_0_0.rf_ram_i.memory\[429\]\[0\],12.93µm
i_core_v_mini_mcu.cpu_subsystem_i.cpu_1_0.rf_ram_i.memory\[182\]\[0\],12.93µm
i_core_v_mini_mcu.cpu_subsystem_i.cpu_1_0.rf_ram_i.memory\[330\]\[1\],12.93µm
i_core_v_mini_mcu.cpu_subsystem_i.cpu_1_0.rf_ram_i.memory\[462\]\[1\],12.93µm
i_core_v_mini_mcu.cpu_subsystem_i.cpu_1_0.rf_ram_i.memory\[65\]\[0\],12.93µm
i_core_v_mini_mcu.cpu_subsystem_i.cpu_1_0.rf_ram_i.memory\[87\]\[1\],12.93µm
i_core_v_mini_mcu.memory_subsystem_i.ram0_i.tc_ram_i.sram\[14\]\[28\],12.93µm
i_core_v_mini_mcu.memory_subsystem_i.ram0_i.tc_ram_i.sram\[15\]\[26\],12.93µm
i_core_v_mini_mcu.memory_subsystem_i.ram0_i.tc_ram_i.sram\[29\]\[21\],12.93µm
i_core_v_mini_mcu.memory_subsystem_i.ram0_i.tc_ram_i.sram\[4\]\[30\],12.93µm
net1807,12.93µm
_00022_,12.88µm
_00197_,12.88µm
_00238_,12.88µm
_00302_,12.88µm
_00308_,12.88µm
_00312_,12.88µm
_00321_,12.88µm
_00435_,12.88µm
_00560_,12.88µm
_00685_,12.88µm
_00704_,12.88µm
_00709_,12.88µm
_00763_,12.88µm
_00782_,12.88µm
_00924_,12.88µm
_01098_,12.88µm
_01225_,12.88µm
_01300_,12.88µm
_01404_,12.88µm
_01515_,12.88µm
_01552_,12.88µm
_01584_,12.88µm
_01643_,12.88µm
_01949_,12.88µm
_02120_,12.88µm
_02192_,12.88µm
_02216_,12.88µm
_02325_,12.88µm
_02360_,12.88µm
_02373_,12.88µm
_02375_,12.88µm
_02584_,12.88µm
_02890_,12.88µm
_03063_,12.88µm
_03252_,12.88µm
_03305_,12.88µm
_03367_,12.88µm
_03714_,12.88µm
_03885_,12.88µm
_03920_,12.88µm
_03957_,12.88µm
_04041_,12.88µm
_04074_,12.88µm
_04191_,12.88µm
_04598_,12.88µm
_04613_,12.88µm
_04652_,12.88µm
_04759_,12.88µm
_04789_,12.88µm
_04995_,12.88µm
_05043_,12.88µm
_05451_,12.88µm
_05573_,12.88µm
_05577_,12.88µm
_05692_,12.88µm
_05704_,12.88µm
_06256_,12.88µm
_06492_,12.88µm
_07190_,12.88µm
_07377_,12.88µm
_07428_,12.88µm
_07459_,12.88µm
_07907_,12.88µm
_08292_,12.88µm
_08416_,12.88µm
_08444_,12.88µm
_08760_,12.88µm
_08769_,12.88µm
_08833_,12.88µm
_09069_,12.88µm
_09190_,12.88µm
_09789_,12.88µm
_09817_,12.88µm
_10263_,12.88µm
_10666_,12.88µm
_10671_,12.88µm
_10762_,12.88µm
_10779_,12.88µm
_10837_,12.88µm
_10944_,12.88µm
_11098_,12.88µm
_11198_,12.88µm
_11264_,12.88µm
_11398_,12.88µm
_11458_,12.88µm
_11588_,12.88µm
_11932_,12.88µm
_11978_,12.88µm
_12082_,12.88µm
_12691_,12.88µm
_12695_,12.88µm
_12815_,12.88µm
_12838_,12.88µm
_12882_,12.88µm
_13140_,12.88µm
_13147_,12.88µm
_13302_,12.88µm
_13373_,12.88µm
_13380_,12.88µm
_13610_,12.88µm
_13665_,12.88µm
_14387_,12.88µm
_14907_,12.88µm
_15236_,12.88µm
_15249_,12.88µm
_15969_,12.88µm
_16173_,12.88µm
_16288_,12.88µm
_16650_,12.88µm
_16903_,12.88µm
_17084_,12.88µm
_17280_,12.88µm
_17283_,12.88µm
_17285_,12.88µm
_17488_,12.88µm
_17636_,12.88µm
_17945_,12.88µm
_17983_,12.88µm
_18097_,12.88µm
_18266_,12.88µm
_18693_,12.88µm
_19250_,12.88µm
_19296_,12.88µm
_19544_,12.88µm
_19548_,12.88µm
_19780_,12.88µm
_20262_,12.88µm
_20297_,12.88µm
_20395_,12.88µm
_20610_,12.88µm
_20794_,12.88µm
_20996_,12.88µm
_21002_,12.88µm
_21283_,12.88µm
_21763_,12.88µm
_21802_,12.88µm
_21940_,12.88µm
_22018_,12.88µm
_22021_,12.88µm
_22039_,12.88µm
_22082_,12.88µm
_22226_,12.88µm
_22393_,12.88µm
_22530_,12.88µm
_22570_,12.88µm
_22695_,12.88µm
_22921_,12.88µm
_22923_,12.88µm
_23515_,12.88µm
_23814_,12.88µm
_23877_,12.88µm
_23896_,12.88µm
_25232_,12.88µm
_25364_,12.88µm
_25522_,12.88µm
_25649_,12.88µm
_26131_,12.88µm
_26310_,12.88µm
_26562_,12.88µm
_26651_,12.88µm
_26716_,12.88µm
_27131_,12.88µm
_27348_,12.88µm
_27437_,12.88µm
_27448_,12.88µm
_27873_,12.88µm
exit_value_int\[27\],12.88µm
i_core_v_mini_mcu.cpu_subsystem_i.cpu_0_0.rf_ram_i.memory\[101\]\[1\],12.88µm
i_core_v_mini_mcu.cpu_subsystem_i.cpu_0_0.rf_ram_i.memory\[187\]\[1\],12.88µm
i_core_v_mini_mcu.cpu_subsystem_i.cpu_0_0.rf_ram_i.memory\[216\]\[1\],12.88µm
i_core_v_mini_mcu.cpu_subsystem_i.cpu_0_0.rf_ram_i.memory\[22\]\[0\],12.88µm
i_core_v_mini_mcu.cpu_subsystem_i.cpu_0_0.rf_ram_i.memory\[240\]\[1\],12.88µm
i_core_v_mini_mcu.cpu_subsystem_i.cpu_0_0.rf_ram_i.memory\[421\]\[1\],12.88µm
i_core_v_mini_mcu.cpu_subsystem_i.cpu_0_0.rf_ram_i.memory\[449\]\[1\],12.88µm
i_core_v_mini_mcu.cpu_subsystem_i.cpu_0_0.rf_ram_i.memory\[476\]\[1\],12.88µm
i_core_v_mini_mcu.cpu_subsystem_i.cpu_0_0.rf_ram_i.memory\[487\]\[0\],12.88µm
i_core_v_mini_mcu.cpu_subsystem_i.cpu_0_0.rf_ram_i.memory\[556\]\[1\],12.88µm
i_core_v_mini_mcu.cpu_subsystem_i.cpu_0_0.rf_ram_i.memory\[97\]\[0\],12.88µm
i_core_v_mini_mcu.cpu_subsystem_i.cpu_1_0.rf_ram_i.memory\[156\]\[0\],12.88µm
i_core_v_mini_mcu.cpu_subsystem_i.cpu_1_0.rf_ram_i.memory\[22\]\[1\],12.88µm
i_core_v_mini_mcu.cpu_subsystem_i.cpu_1_0.rf_ram_i.memory\[324\]\[0\],12.88µm
i_core_v_mini_mcu.cpu_subsystem_i.cpu_1_0.rf_ram_i.memory\[394\]\[1\],12.88µm
i_core_v_mini_mcu.cpu_subsystem_i.cpu_1_0.rf_ram_i.memory\[74\]\[0\],12.88µm
i_core_v_mini_mcu.memory_subsystem_i.ram0_i.tc_ram_i.sram\[12\]\[12\],12.88µm
i_core_v_mini_mcu.peripheral_subsystem_i.obi_fifo_i.consumer_resp_i\[24\],12.88µm
_08648_,12.7µm
i_core_v_mini_mcu.cpu_subsystem_i.cpu_0_0.i_servile.cpu.gen_align.align.ibus_rdt_concat\[6\],12.7µm
_05857_,12.47µm
_08497_,12.47µm
_09461_,12.47µm
_09533_,12.47µm
_10208_,12.47µm
_16071_,12.47µm
_21951_,12.47µm
_22595_,12.47µm
_22912_,12.47µm
i_core_v_mini_mcu.ao_peripheral_subsystem_i.tdu_i.cpi_est_q\[26\],12.47µm
i_core_v_mini_mcu.cpu_subsystem_i.cpu_0_0.rf_ram_i.memory\[170\]\[1\],12.47µm
i_core_v_mini_mcu.cpu_subsystem_i.cpu_0_0.rf_ram_i.memory\[224\]\[1\],12.47µm
i_core_v_mini_mcu.cpu_subsystem_i.cpu_0_0.rf_ram_i.memory\[547\]\[0\],12.47µm
i_core_v_mini_mcu.cpu_subsystem_i.cpu_1_0.rf_ram_i.memory\[118\]\[1\],12.47µm
i_core_v_mini_mcu.cpu_subsystem_i.cpu_1_0.rf_ram_i.memory\[372\]\[1\],12.47µm
i_core_v_mini_mcu.memory_subsystem_i.ram0_i.tc_ram_i.sram\[13\]\[12\],12.47µm
i_core_v_mini_mcu.memory_subsystem_i.ram0_i.tc_ram_i.sram\[2\]\[8\],12.47µm
i_core_v_mini_mcu.peripheral_subsystem_i.uart_i.uart_core.u_uart_rxfifo.gen_normal_fifo.fifo_rptr\[2\],12.47µm
i_core_v_mini_mcu.peripheral_subsystem_i.uart_i.uart_core.u_uart_txfifo.gen_normal_fifo.storage\[17\],12.47µm
_01969_,12.42µm
_02204_,12.42µm
_02286_,12.42µm
_03533_,12.42µm
_05884_,12.42µm
_06422_,12.42µm
_08287_,12.42µm
_08722_,12.42µm
_11425_,12.42µm
_12721_,12.42µm
_12823_,12.42µm
_13323_,12.42µm
_13820_,12.42µm
_16150_,12.42µm
_16196_,12.42µm
_18467_,12.42µm
_18638_,12.42µm
_19169_,12.42µm
_19861_,12.42µm
_19937_,12.42µm
_21219_,12.42µm
_21425_,12.42µm
_22640_,12.42µm
_22955_,12.42µm
_25209_,12.42µm
_26436_,12.42µm
_26840_,12.42µm
_26891_,12.42µm
_27714_,12.42µm
i_core_v_mini_mcu.cpu_subsystem_i.cpu_0_0.i_servile.arbiter.i_wb_cpu_dbus_adr\[10\],12.42µm
i_core_v_mini_mcu.cpu_subsystem_i.cpu_0_0.i_servile.arbiter.i_wb_cpu_dbus_adr\[25\],12.42µm
i_core_v_mini_mcu.cpu_subsystem_i.cpu_0_0.i_servile.cpu.ctrl.o_ibus_adr\[11\],12.42µm
i_core_v_mini_mcu.cpu_subsystem_i.cpu_0_0.i_servile.cpu.decode.o_immdec_en\[1\],12.42µm
i_core_v_mini_mcu.cpu_subsystem_i.cpu_0_0.i_servile.rf_ram_if.wen1_r,12.42µm
i_core_v_mini_mcu.cpu_subsystem_i.cpu_0_0.rf_ram_i.memory\[166\]\[1\],12.42µm
i_core_v_mini_mcu.cpu_subsystem_i.cpu_0_0.rf_ram_i.memory\[198\]\[0\],12.42µm
i_core_v_mini_mcu.cpu_subsystem_i.cpu_0_0.rf_ram_i.memory\[252\]\[0\],12.42µm
i_core_v_mini_mcu.cpu_subsystem_i.cpu_0_0.rf_ram_i.memory\[272\]\[0\],12.42µm
i_core_v_mini_mcu.cpu_subsystem_i.cpu_0_0.rf_ram_i.memory\[314\]\[0\],12.42µm
i_core_v_mini_mcu.cpu_subsystem_i.cpu_0_0.rf_ram_i.memory\[367\]\[1\],12.42µm
i_core_v_mini_mcu.cpu_subsystem_i.cpu_0_0.rf_ram_i.memory\[504\]\[1\],12.42µm
i_core_v_mini_mcu.cpu_subsystem_i.cpu_0_0.rf_ram_i.memory\[509\]\[1\],12.42µm
i_core_v_mini_mcu.cpu_subsystem_i.cpu_0_0.rf_ram_i.memory\[51\]\[0\],12.42µm
i_core_v_mini_mcu.cpu_subsystem_i.cpu_0_0.rf_ram_i.memory\[64\]\[0\],12.42µm
i_core_v_mini_mcu.cpu_subsystem_i.cpu_0_0.rf_ram_i.memory\[80\]\[1\],12.42µm
i_core_v_mini_mcu.cpu_subsystem_i.cpu_1_0.rf_ram_i.memory\[107\]\[1\],12.42µm
i_core_v_mini_mcu.cpu_subsystem_i.cpu_1_0.rf_ram_i.memory\[227\]\[1\],12.42µm
i_core_v_mini_mcu.cpu_subsystem_i.cpu_1_0.rf_ram_i.memory\[377\]\[0\],12.42µm
i_core_v_mini_mcu.cpu_subsystem_i.cpu_1_0.rf_ram_i.memory\[386\]\[0\],12.42µm
i_core_v_mini_mcu.cpu_subsystem_i.cpu_1_0.rf_ram_i.memory\[501\]\[0\],12.42µm
i_core_v_mini_mcu.memory_subsystem_i.ram0_i.tc_ram_i.sram\[10\]\[6\],12.42µm
i_core_v_mini_mcu.memory_subsystem_i.ram0_i.tc_ram_i.sram\[12\]\[17\],12.42µm
i_core_v_mini_mcu.memory_subsystem_i.ram0_i.tc_ram_i.sram\[18\]\[21\],12.42µm
i_core_v_mini_mcu.memory_subsystem_i.ram0_i.tc_ram_i.sram\[18\]\[28\],12.42µm
i_core_v_mini_mcu.memory_subsystem_i.ram0_i.tc_ram_i.sram\[28\]\[27\],12.42µm
i_core_v_mini_mcu.memory_subsystem_i.ram0_i.tc_ram_i.sram\[2\]\[19\],12.42µm
i_core_v_mini_mcu.peripheral_subsystem_i.obi_fifo_i.consumer_data_req_q\[24\],12.42µm
i_core_v_mini_mcu.peripheral_subsystem_i.uart_i.reg2hw\[121\],12.42µm
i_core_v_mini_mcu.peripheral_subsystem_i.uart_i.uart_core.u_uart_rxfifo.gen_normal_fifo.storage\[30\],12.42µm
_00007_,12.37µm
_00144_,12.37µm
_00292_,12.37µm
_00346_,12.37µm
_00352_,12.37µm
_00518_,12.37µm
_00535_,12.37µm
_00604_,12.37µm
_00790_,12.37µm
_01156_,12.37µm
_01691_,12.37µm
_01996_,12.37µm
_02119_,12.37µm
_02270_,12.37µm
_02310_,12.37µm
_02405_,12.37µm
_02450_,12.37µm
_02487_,12.37µm
_02514_,12.37µm
_02625_,12.37µm
_02812_,12.37µm
_02842_,12.37µm
_03277_,12.37µm
_03315_,12.37µm
_03705_,12.37µm
_03721_,12.37µm
_03887_,12.37µm
_04367_,12.37µm
_04563_,12.37µm
_04569_,12.37µm
_04597_,12.37µm
_04601_,12.37µm
_04609_,12.37µm
_04657_,12.37µm
_04682_,12.37µm
_04698_,12.37µm
_04747_,12.37µm
_04771_,12.37µm
_04779_,12.37µm
_04826_,12.37µm
_04970_,12.37µm
_05163_,12.37µm
_05175_,12.37µm
_05293_,12.37µm
_05652_,12.37µm
_05709_,12.37µm
_06067_,12.37µm
_06240_,12.37µm
_06306_,12.37µm
_06495_,12.37µm
_06796_,12.37µm
_07155_,12.37µm
_07188_,12.37µm
_07240_,12.37µm
_07426_,12.37µm
_07693_,12.37µm
_08081_,12.37µm
_08301_,12.37µm
_08721_,12.37µm
_08726_,12.37µm
_08742_,12.37µm
_09144_,12.37µm
_09195_,12.37µm
_09526_,12.37µm
_09534_,12.37µm
_09790_,12.37µm
_09940_,12.37µm
_10290_,12.37µm
_10343_,12.37µm
_10423_,12.37µm
_10492_,12.37µm
_10506_,12.37µm
_10788_,12.37µm
_10890_,12.37µm
_11061_,12.37µm
_11079_,12.37µm
_11343_,12.37µm
_11557_,12.37µm
_11644_,12.37µm
_11731_,12.37µm
_11747_,12.37µm
_12173_,12.37µm
_12518_,12.37µm
_12546_,12.37µm
_12591_,12.37µm
_12778_,12.37µm
_12847_,12.37µm
_12991_,12.37µm
_13011_,12.37µm
_13037_,12.37µm
_13051_,12.37µm
_13169_,12.37µm
_13173_,12.37µm
_13276_,12.37µm
_13445_,12.37µm
_13454_,12.37µm
_13813_,12.37µm
_13853_,12.37µm
_14084_,12.37µm
_14343_,12.37µm
_14647_,12.37µm
_14803_,12.37µm
_15000_,12.37µm
_15057_,12.37µm
_15112_,12.37µm
_15356_,12.37µm
_15466_,12.37µm
_15542_,12.37µm
_15898_,12.37µm
_15949_,12.37µm
_16365_,12.37µm
_16409_,12.37µm
_16469_,12.37µm
_16592_,12.37µm
_16616_,12.37µm
_16627_,12.37µm
_16691_,12.37µm
_16737_,12.37µm
_16822_,12.37µm
_16857_,12.37µm
_17094_,12.37µm
_17135_,12.37µm
_17246_,12.37µm
_17254_,12.37µm
_17310_,12.37µm
_17381_,12.37µm
_17611_,12.37µm
_17689_,12.37µm
_17896_,12.37µm
_17929_,12.37µm
_18457_,12.37µm
_18677_,12.37µm
_18871_,12.37µm
_19127_,12.37µm
_19241_,12.37µm
_19366_,12.37µm
_19426_,12.37µm
_19591_,12.37µm
_19730_,12.37µm
_19771_,12.37µm
_19813_,12.37µm
_19822_,12.37µm
_20121_,12.37µm
_20305_,12.37µm
_20306_,12.37µm
_20412_,12.37µm
_20474_,12.37µm
_20854_,12.37µm
_20883_,12.37µm
_21106_,12.37µm
_21397_,12.37µm
_21405_,12.37µm
_21539_,12.37µm
_21670_,12.37µm
_21787_,12.37µm
_21948_,12.37µm
_22051_,12.37µm
_22261_,12.37µm
_22353_,12.37µm
_22460_,12.37µm
_22578_,12.37µm
_22750_,12.37µm
_22864_,12.37µm
_22996_,12.37µm
_23206_,12.37µm
_23241_,12.37µm
_23678_,12.37µm
_23704_,12.37µm
_23927_,12.37µm
_23983_,12.37µm
_24080_,12.37µm
_24266_,12.37µm
_24269_,12.37µm
_24271_,12.37µm
_24547_,12.37µm
_25099_,12.37µm
_25152_,12.37µm
_25529_,12.37µm
_26251_,12.37µm
_26922_,12.37µm
_26946_,12.37µm
_27164_,12.37µm
_27360_,12.37µm
_27398_,12.37µm
_27564_,12.37µm
_27823_,12.37µm
_27832_,12.37µm
_27836_,12.37µm
_28124_,12.37µm
i_core_v_mini_mcu.ao_peripheral_subsystem_i.spi_subsystem_i.obi_spimemio_i.spimemio_i.xfer.last_fetch,12.37µm
i_core_v_mini_mcu.ao_peripheral_subsystem_i.spi_subsystem_i.obi_spimemio_i.spimemio_i.xfer_io0_90,12.37µm
i_core_v_mini_mcu.ao_peripheral_subsystem_i.tdu_core_wake_o\[1\],12.37µm
i_core_v_mini_mcu.ao_peripheral_subsystem_i.tdu_i.task_mem\[3\]\[11\],12.37µm
i_core_v_mini_mcu.cpu_subsystem_i.cpu_0_0.i_servile.cpu.csr_imm_en,12.37µm
i_core_v_mini_mcu.cpu_subsystem_i.cpu_0_0.i_servile.cpu.ctrl.i_jal_or_jalr,12.37µm
i_core_v_mini_mcu.cpu_subsystem_i.cpu_0_0.i_servile.cpu.decode.o_mem_signed,12.37µm
i_core_v_mini_mcu.cpu_subsystem_i.cpu_0_0.i_servile.cpu.immdec.gen_immdec_w_eq_1.imm19_12_20\[1\],12.37µm
i_core_v_mini_mcu.cpu_subsystem_i.cpu_0_0.i_servile.cpu.mem_if.signbit,12.37µm
i_core_v_mini_mcu.cpu_subsystem_i.cpu_0_0.rf_ram_i.memory\[137\]\[0\],12.37µm
i_core_v_mini_mcu.cpu_subsystem_i.cpu_0_0.rf_ram_i.memory\[184\]\[0\],12.37µm
i_core_v_mini_mcu.cpu_subsystem_i.cpu_0_0.rf_ram_i.memory\[275\]\[0\],12.37µm
i_core_v_mini_mcu.cpu_subsystem_i.cpu_0_0.rf_ram_i.memory\[275\]\[1\],12.37µm
i_core_v_mini_mcu.cpu_subsystem_i.cpu_0_0.rf_ram_i.memory\[292\]\[1\],12.37µm
i_core_v_mini_mcu.cpu_subsystem_i.cpu_0_0.rf_ram_i.memory\[317\]\[0\],12.37µm
i_core_v_mini_mcu.cpu_subsystem_i.cpu_0_0.rf_ram_i.memory\[321\]\[0\],12.37µm
i_core_v_mini_mcu.cpu_subsystem_i.cpu_0_0.rf_ram_i.memory\[370\]\[1\],12.37µm
i_core_v_mini_mcu.cpu_subsystem_i.cpu_0_0.rf_ram_i.memory\[437\]\[0\],12.37µm
i_core_v_mini_mcu.cpu_subsystem_i.cpu_0_0.rf_ram_i.memory\[480\]\[0\],12.37µm
i_core_v_mini_mcu.cpu_subsystem_i.cpu_1_0.i_servile.cpu.bufreg.c_r,12.37µm
i_core_v_mini_mcu.cpu_subsystem_i.cpu_1_0.i_servile.rf_ram_if.wdata0_r\[0\],12.37µm
i_core_v_mini_mcu.cpu_subsystem_i.cpu_1_0.rf_ram_i.memory\[323\]\[0\],12.37µm
i_core_v_mini_mcu.cpu_subsystem_i.cpu_1_0.rf_ram_i.memory\[473\]\[1\],12.37µm
i_core_v_mini_mcu.memory_subsystem_i.ram0_i.tc_ram_i.sram\[12\]\[16\],12.37µm
i_core_v_mini_mcu.memory_subsystem_i.ram0_i.tc_ram_i.sram\[15\]\[11\],12.37µm
i_core_v_mini_mcu.memory_subsystem_i.ram0_i.tc_ram_i.sram\[18\]\[17\],12.37µm
i_core_v_mini_mcu.memory_subsystem_i.ram0_i.tc_ram_i.sram\[20\]\[2\],12.37µm
i_core_v_mini_mcu.memory_subsystem_i.ram0_i.tc_ram_i.sram\[31\]\[31\],12.37µm
i_core_v_mini_mcu.memory_subsystem_i.ram0_i.tc_ram_i.sram\[5\]\[8\],12.37µm
i_core_v_mini_mcu.peripheral_subsystem_i.obi_fifo_i.consumer_data_req\[37\],12.37µm
i_core_v_mini_mcu.peripheral_subsystem_i.obi_fifo_i.consumer_data_req_q\[35\],12.37µm
_00068_,12.32µm
_00122_,12.32µm
_00221_,12.32µm
_00369_,12.32µm
_00466_,12.32µm
_00568_,12.32µm
_00618_,12.32µm
_00730_,12.32µm
_00748_,12.32µm
_00776_,12.32µm
_01168_,12.32µm
_01396_,12.32µm
_01451_,12.32µm
_01612_,12.32µm
_01631_,12.32µm
_01749_,12.32µm
_02040_,12.32µm
_02083_,12.32µm
_02109_,12.32µm
_02371_,12.32µm
_02384_,12.32µm
_02971_,12.32µm
_02997_,12.32µm
_03041_,12.32µm
_03187_,12.32µm
_03288_,12.32µm
_03635_,12.32µm
_03678_,12.32µm
_03719_,12.32µm
_03788_,12.32µm
_03822_,12.32µm
_04132_,12.32µm
_04299_,12.32µm
_04406_,12.32µm
_04700_,12.32µm
_04847_,12.32µm
_04860_,12.32µm
_04959_,12.32µm
_04963_,12.32µm
_04965_,12.32µm
_05013_,12.32µm
_05197_,12.32µm
_05211_,12.32µm
_05241_,12.32µm
_05279_,12.32µm
_05370_,12.32µm
_05509_,12.32µm
_05664_,12.32µm
_05686_,12.32µm
_05736_,12.32µm
_05824_,12.32µm
_05960_,12.32µm
_05971_,12.32µm
_06198_,12.32µm
_06226_,12.32µm
_06272_,12.32µm
_06361_,12.32µm
_06882_,12.32µm
_06905_,12.32µm
_06930_,12.32µm
_07066_,12.32µm
_07419_,12.32µm
_07456_,12.32µm
_08131_,12.32µm
_08197_,12.32µm
_08400_,12.32µm
_08426_,12.32µm
_08983_,12.32µm
_09183_,12.32µm
_09280_,12.32µm
_09810_,12.32µm
_10781_,12.32µm
_10828_,12.32µm
_10911_,12.32µm
_11031_,12.32µm
_11045_,12.32µm
_11165_,12.32µm
_11169_,12.32µm
_11518_,12.32µm
_11594_,12.32µm
_11642_,12.32µm
_11700_,12.32µm
_11950_,12.32µm
_12005_,12.32µm
_12044_,12.32µm
_12117_,12.32µm
_12157_,12.32µm
_12366_,12.32µm
_12498_,12.32µm
_12578_,12.32µm
_12652_,12.32µm
_12951_,12.32µm
_13080_,12.32µm
_13274_,12.32µm
_13318_,12.32µm
_14044_,12.32µm
_14112_,12.32µm
_14295_,12.32µm
_14332_,12.32µm
_14690_,12.32µm
_14842_,12.32µm
_15285_,12.32µm
_15318_,12.32µm
_15422_,12.32µm
_15455_,12.32µm
_15552_,12.32µm
_15857_,12.32µm
_16019_,12.32µm
_16069_,12.32µm
_16129_,12.32µm
_16158_,12.32µm
_16255_,12.32µm
_16391_,12.32µm
_16794_,12.32µm
_16941_,12.32µm
_16962_,12.32µm
_17050_,12.32µm
_17125_,12.32µm
_17214_,12.32µm
_17428_,12.32µm
_17469_,12.32µm
_17536_,12.32µm
_18642_,12.32µm
_18670_,12.32µm
_18962_,12.32µm
_18964_,12.32µm
_19181_,12.32µm
_19498_,12.32µm
_19553_,12.32µm
_19555_,12.32µm
_19565_,12.32µm
_19582_,12.32µm
_19639_,12.32µm
_19664_,12.32µm
_19702_,12.32µm
_19817_,12.32µm
_19860_,12.32µm
_19893_,12.32µm
_20080_,12.32µm
_20232_,12.32µm
_20909_,12.32µm
_20984_,12.32µm
_21182_,12.32µm
_21345_,12.32µm
_21551_,12.32µm
_21647_,12.32µm
_21924_,12.32µm
_22015_,12.32µm
_22127_,12.32µm
_22288_,12.32µm
_22344_,12.32µm
_22402_,12.32µm
_22630_,12.32µm
_22691_,12.32µm
_22748_,12.32µm
_22952_,12.32µm
_23133_,12.32µm
_23617_,12.32µm
_23624_,12.32µm
_23774_,12.32µm
_23791_,12.32µm
_23893_,12.32µm
_24279_,12.32µm
_24397_,12.32µm
_24449_,12.32µm
_24450_,12.32µm
_24655_,12.32µm
_24681_,12.32µm
_24806_,12.32µm
_25185_,12.32µm
_25615_,12.32µm
_25688_,12.32µm
_25717_,12.32µm
_25885_,12.32µm
_26084_,12.32µm
_26376_,12.32µm
_26389_,12.32µm
_26469_,12.32µm
_26776_,12.32µm
_27042_,12.32µm
_27063_,12.32µm
_27098_,12.32µm
_27187_,12.32µm
_27450_,12.32µm
_27554_,12.32µm
_27737_,12.32µm
_27974_,12.32µm
net1911,12.32µm
i_core_v_mini_mcu.ao_peripheral_subsystem_i.clint_mtime_o\[1\],12.32µm
i_core_v_mini_mcu.ao_peripheral_subsystem_i.periph_to_reg_i.r_rdata_d\[6\],12.32µm
i_core_v_mini_mcu.ao_peripheral_subsystem_i.soc_ctrl_i.soc_ctrl_reg_top_i.system_frequency_hz_qs\[23\],12.32µm
i_core_v_mini_mcu.ao_peripheral_subsystem_i.spi_subsystem_i.obi_spimemio_i.spimemio_i.state\[3\],12.32µm
i_core_v_mini_mcu.ao_peripheral_subsystem_i.spi_subsystem_i.obi_spimemio_i.spimemio_i.state\[8\],12.32µm
i_core_v_mini_mcu.ao_peripheral_subsystem_i.spi_subsystem_i.obi_spimemio_i.spimemio_i.xfer.fetch,12.32µm
i_core_v_mini_mcu.ao_peripheral_subsystem_i.tdu_i.cpi_est_q\[55\],12.32µm
i_core_v_mini_mcu.cpu_subsystem_i.cpu_0_0.i_servile.cpu.ctrl.i_jump,12.32µm
i_core_v_mini_mcu.cpu_subsystem_i.cpu_0_0.i_servile.cpu.immdec.gen_immdec_w_eq_1.imm30_25\[0\],12.32µm
i_core_v_mini_mcu.cpu_subsystem_i.cpu_0_0.rf_ram_i.memory\[497\]\[0\],12.32µm
i_core_v_mini_mcu.cpu_subsystem_i.cpu_0_0.rf_ram_i.memory\[523\]\[0\],12.32µm
i_core_v_mini_mcu.cpu_subsystem_i.cpu_0_0.rf_ram_i.memory\[92\]\[0\],12.32µm
i_core_v_mini_mcu.cpu_subsystem_i.cpu_0_0.rf_ram_i.memory\[98\]\[1\],12.32µm
i_core_v_mini_mcu.cpu_subsystem_i.cpu_1_0.rf_ram_i.memory\[143\]\[0\],12.32µm
i_core_v_mini_mcu.cpu_subsystem_i.cpu_1_0.rf_ram_i.memory\[244\]\[0\],12.32µm
i_core_v_mini_mcu.cpu_subsystem_i.cpu_1_0.rf_ram_i.memory\[341\]\[0\],12.32µm
i_core_v_mini_mcu.cpu_subsystem_i.cpu_1_0.rf_ram_i.memory\[57\]\[0\],12.32µm
i_core_v_mini_mcu.memory_subsystem_i.ram0_i.tc_ram_i.sram\[12\]\[30\],12.32µm
i_core_v_mini_mcu.memory_subsystem_i.ram0_i.tc_ram_i.sram\[27\]\[18\],12.32µm
i_core_v_mini_mcu.memory_subsystem_i.ram0_i.tc_ram_i.sram\[4\]\[2\],12.32µm
i_core_v_mini_mcu.peripheral_subsystem_i.uart_i.uart_core.uart_tx.sreg_q\[7\],12.32µm
net295,12.32µm
net1792,12.32µm
i_core_v_mini_mcu.cpu_subsystem_i.cpu_0_0.rf_ram_i.memory\[302\]\[0\],12.14µm
_08978_,11.96µm
_06297_,11.91µm
_06635_,11.91µm
_09152_,11.91µm
_14369_,11.91µm
_22676_,11.91µm
_23074_,11.91µm
i_core_v_mini_mcu.ao_peripheral_subsystem_i.power_manager_i.power_manager_reg_top_i.cpu_iso_off_counter_qs\[7\],11.91µm
i_core_v_mini_mcu.cpu_subsystem_i.cpu_1_0.rf_ram_i.memory\[177\]\[1\],11.91µm
i_core_v_mini_mcu.cpu_subsystem_i.cpu_1_0.rf_ram_i.memory\[379\]\[1\],11.91µm
i_core_v_mini_mcu.cpu_subsystem_i.cpu_1_0.rf_ram_i.memory\[88\]\[0\],11.91µm
i_core_v_mini_mcu.memory_subsystem_i.ram0_i.tc_ram_i.sram\[13\]\[10\],11.91µm
i_core_v_mini_mcu.memory_subsystem_i.ram0_i.tc_ram_i.sram\[2\]\[16\],11.91µm
_03975_,11.86µm
_05431_,11.86µm
_06078_,11.86µm
_06210_,11.86µm
_06375_,11.86µm
_06437_,11.86µm
_07610_,11.86µm
_07645_,11.86µm
_08067_,11.86µm
_08474_,11.86µm
_09216_,11.86µm
_10440_,11.86µm
_12009_,11.86µm
_12992_,11.86µm
_13594_,11.86µm
_13756_,11.86µm
_15613_,11.86µm
_16073_,11.86µm
_16687_,11.86µm
_19285_,11.86µm
_19440_,11.86µm
_19769_,11.86µm
_19971_,11.86µm
_20036_,11.86µm
_21461_,11.86µm
_21503_,11.86µm
_22596_,11.86µm
_22811_,11.86µm
_22974_,11.86µm
_23053_,11.86µm
_23083_,11.86µm
_23258_,11.86µm
_23321_,11.86µm
_23651_,11.86µm
_23759_,11.86µm
_23838_,11.86µm
_23881_,11.86µm
_25270_,11.86µm
_25443_,11.86µm
_26515_,11.86µm
_27532_,11.86µm
_27577_,11.86µm
_27937_,11.86µm
i_core_v_mini_mcu.ao_peripheral_subsystem_i.power_manager_i.power_manager_sequence_ram_0_iso_i.sequence_curr_state\[1\],11.86µm
i_core_v_mini_mcu.ao_peripheral_subsystem_i.spi_subsystem_i.obi_spimemio_i.spimemio_i.din_data\[5\],11.86µm
i_core_v_mini_mcu.ao_peripheral_subsystem_i.spi_subsystem_i.obi_spimemio_i.spimemio_i.xfer.xfer_tag\[2\],11.86µm
i_core_v_mini_mcu.cpu_subsystem_i.cpu_0_0.i_servile.arbiter.i_wb_cpu_dbus_adr\[19\],11.86µm
i_core_v_mini_mcu.cpu_subsystem_i.cpu_0_0.i_servile.cpu.gen_align.align.ibus_rdt_concat\[10\],11.86µm
i_core_v_mini_mcu.cpu_subsystem_i.cpu_0_0.rf_ram_i.memory\[226\]\[0\],11.86µm
i_core_v_mini_mcu.cpu_subsystem_i.cpu_0_0.rf_ram_i.memory\[371\]\[1\],11.86µm
i_core_v_mini_mcu.cpu_subsystem_i.cpu_0_0.rf_ram_i.memory\[406\]\[0\],11.86µm
i_core_v_mini_mcu.cpu_subsystem_i.cpu_0_0.rf_ram_i.memory\[511\]\[0\],11.86µm
i_core_v_mini_mcu.cpu_subsystem_i.cpu_0_0.rf_ram_i.memory\[533\]\[1\],11.86µm
i_core_v_mini_mcu.cpu_subsystem_i.cpu_0_0.rf_ram_i.memory\[544\]\[1\],11.86µm
i_core_v_mini_mcu.cpu_subsystem_i.cpu_0_0.rf_ram_i.memory\[91\]\[0\],11.86µm
i_core_v_mini_mcu.cpu_subsystem_i.cpu_0_0.rf_ram_i.memory\[99\]\[0\],11.86µm
i_core_v_mini_mcu.cpu_subsystem_i.cpu_1_0.rf_ram_i.memory\[14\]\[0\],11.86µm
i_core_v_mini_mcu.cpu_subsystem_i.cpu_1_0.rf_ram_i.memory\[232\]\[0\],11.86µm
i_core_v_mini_mcu.cpu_subsystem_i.cpu_1_0.rf_ram_i.memory\[274\]\[1\],11.86µm
i_core_v_mini_mcu.cpu_subsystem_i.cpu_1_0.rf_ram_i.memory\[292\]\[0\],11.86µm
i_core_v_mini_mcu.memory_subsystem_i.ram0_i.tc_ram_i.sram\[15\]\[19\],11.86µm
i_core_v_mini_mcu.memory_subsystem_i.ram0_i.tc_ram_i.sram\[18\]\[23\],11.86µm
i_core_v_mini_mcu.memory_subsystem_i.ram0_i.tc_ram_i.sram\[18\]\[2\],11.86µm
i_core_v_mini_mcu.memory_subsystem_i.ram0_i.tc_ram_i.sram\[26\]\[26\],11.86µm
i_core_v_mini_mcu.memory_subsystem_i.ram0_i.tc_ram_i.sram\[27\]\[26\],11.86µm
i_core_v_mini_mcu.memory_subsystem_i.ram0_i.tc_ram_i.sram\[3\]\[15\],11.86µm
i_core_v_mini_mcu.memory_subsystem_i.ram0_i.tc_ram_i.sram\[4\]\[28\],11.86µm
i_core_v_mini_mcu.memory_subsystem_i.ram0_i.tc_ram_i.sram\[6\]\[4\],11.86µm
i_core_v_mini_mcu.peripheral_subsystem_i.uart_i.uart_core.u_uart_rxfifo.gen_normal_fifo.storage\[5\],11.86µm
_00196_,11.81µm
_00205_,11.81µm
_00305_,11.81µm
_00319_,11.81µm
_00423_,11.81µm
_00448_,11.81µm
_00477_,11.81µm
_00533_,11.81µm
_00552_,11.81µm
_00557_,11.81µm
_00570_,11.81µm
_00574_,11.81µm
_00591_,11.81µm
_00718_,11.81µm
_00724_,11.81µm
_00884_,11.81µm
_01109_,11.81µm
_01153_,11.81µm
_01349_,11.81µm
_01469_,11.81µm
_01597_,11.81µm
_01717_,11.81µm
_01769_,11.81µm
_01801_,11.81µm
_01826_,11.81µm
_01883_,11.81µm
_01971_,11.81µm
_02022_,11.81µm
_02051_,11.81µm
_02205_,11.81µm
_02229_,11.81µm
_02359_,11.81µm
_02369_,11.81µm
_02543_,11.81µm
_02581_,11.81µm
_02610_,11.81µm
_02620_,11.81µm
_02624_,11.81µm
_02999_,11.81µm
_03067_,11.81µm
_03402_,11.81µm
_03535_,11.81µm
_03673_,11.81µm
_03770_,11.81µm
_04013_,11.81µm
_04045_,11.81µm
_04170_,11.81µm
_04175_,11.81µm
_04476_,11.81µm
_04511_,11.81µm
_04594_,11.81µm
_04863_,11.81µm
_04919_,11.81µm
_05025_,11.81µm
_05126_,11.81µm
_05128_,11.81µm
_05162_,11.81µm
_05251_,11.81µm
_05312_,11.81µm
_05421_,11.81µm
_05448_,11.81µm
_05476_,11.81µm
_05705_,11.81µm
_05817_,11.81µm
_06089_,11.81µm
_06128_,11.81µm
_06463_,11.81µm
_06507_,11.81µm
_06552_,11.81µm
_06564_,11.81µm
_06632_,11.81µm
_06680_,11.81µm
_07015_,11.81µm
_07414_,11.81µm
_07533_,11.81µm
_07568_,11.81µm
_07750_,11.81µm
_07765_,11.81µm
_07854_,11.81µm
_07921_,11.81µm
_07941_,11.81µm
_08012_,11.81µm
_08089_,11.81µm
_08427_,11.81µm
_08445_,11.81µm
_08802_,11.81µm
_08915_,11.81µm
_08966_,11.81µm
_09350_,11.81µm
_09370_,11.81µm
_09426_,11.81µm
_09870_,11.81µm
_09930_,11.81µm
_10221_,11.81µm
_10222_,11.81µm
_10395_,11.81µm
_10437_,11.81µm
_10726_,11.81µm
_10789_,11.81µm
_10803_,11.81µm
_10977_,11.81µm
_11004_,11.81µm
_11080_,11.81µm
_11443_,11.81µm
_11519_,11.81µm
_11646_,11.81µm
_11741_,11.81µm
_11829_,11.81µm
_11916_,11.81µm
_11976_,11.81µm
_12066_,11.81µm
_12217_,11.81µm
_12732_,11.81µm
_12813_,11.81µm
_13066_,11.81µm
_13175_,11.81µm
_13357_,11.81µm
_13584_,11.81µm
_14135_,11.81µm
_14739_,11.81µm
_14818_,11.81µm
_14830_,11.81µm
_14949_,11.81µm
_15155_,11.81µm
_15526_,11.81µm
_15887_,11.81µm
_15907_,11.81µm
_16028_,11.81µm
_16060_,11.81µm
_16306_,11.81µm
_16438_,11.81µm
_16460_,11.81µm
_16529_,11.81µm
_16751_,11.81µm
_17070_,11.81µm
_17204_,11.81µm
_17228_,11.81µm
_17304_,11.81µm
_17348_,11.81µm
_17369_,11.81µm
_17576_,11.81µm
_17765_,11.81µm
_17923_,11.81µm
_18025_,11.81µm
_18360_,11.81µm
_18531_,11.81µm
_18542_,11.81µm
_18568_,11.81µm
_18678_,11.81µm
_18764_,11.81µm
_18968_,11.81µm
_19022_,11.81µm
_19205_,11.81µm
_19252_,11.81µm
_19298_,11.81µm
_19569_,11.81µm
_19632_,11.81µm
_19650_,11.81µm
_20299_,11.81µm
_20317_,11.81µm
_20611_,11.81µm
_20798_,11.81µm
_20959_,11.81µm
_21008_,11.81µm
_21033_,11.81µm
_21034_,11.81µm
_21640_,11.81µm
_21734_,11.81µm
_21851_,11.81µm
_21882_,11.81µm
_21905_,11.81µm
_21985_,11.81µm
_22041_,11.81µm
_22609_,11.81µm
_22631_,11.81µm
_22928_,11.81µm
_22956_,11.81µm
_23233_,11.81µm
_23274_,11.81µm
_23277_,11.81µm
_23341_,11.81µm
_23380_,11.81µm
_23467_,11.81µm
_23663_,11.81µm
_23692_,11.81µm
_24223_,11.81µm
_24401_,11.81µm
_24624_,11.81µm
_24728_,11.81µm
_24730_,11.81µm
_25161_,11.81µm
_25220_,11.81µm
_25304_,11.81µm
_25510_,11.81µm
_25550_,11.81µm
_25638_,11.81µm
_25827_,11.81µm
_25857_,11.81µm
_25867_,11.81µm
_26000_,11.81µm
_26415_,11.81µm
_26493_,11.81µm
_26654_,11.81µm
_26858_,11.81µm
_27124_,11.81µm
_27161_,11.81µm
_27307_,11.81µm
_27338_,11.81µm
_27378_,11.81µm
_27502_,11.81µm
_27735_,11.81µm
_27819_,11.81µm
_27857_,11.81µm
_27888_,11.81µm
_27901_,11.81µm
_28099_,11.81µm
i_core_v_mini_mcu.ao_peripheral_subsystem_i.clint_software_irq_o\[0\],11.81µm
i_core_v_mini_mcu.ao_peripheral_subsystem_i.mosaic_clint_i.mtimecmp_q\[39\],11.81µm
i_core_v_mini_mcu.ao_peripheral_subsystem_i.mosaic_clint_i.mtimecmp_q\[89\],11.81µm
i_core_v_mini_mcu.cpu_subsystem_i.cpu_0_0.i_servile.cpu.gen_align.align.ibus_rdt_concat\[9\],11.81µm
i_core_v_mini_mcu.cpu_subsystem_i.cpu_0_0.i_servile.cpu.gen_csr.csr.mcause31,11.81µm
i_core_v_mini_mcu.cpu_subsystem_i.cpu_0_0.rf_ram_i.memory\[337\]\[0\],11.81µm
i_core_v_mini_mcu.cpu_subsystem_i.cpu_0_0.rf_ram_i.memory\[375\]\[0\],11.81µm
i_core_v_mini_mcu.cpu_subsystem_i.cpu_0_0.rf_ram_i.memory\[425\]\[1\],11.81µm
i_core_v_mini_mcu.cpu_subsystem_i.cpu_1_0.rf_ram_i.memory\[216\]\[0\],11.81µm
i_core_v_mini_mcu.cpu_subsystem_i.cpu_1_0.rf_ram_i.memory\[321\]\[1\],11.81µm
i_core_v_mini_mcu.cpu_subsystem_i.cpu_1_0.rf_ram_i.memory\[349\]\[1\],11.81µm
i_core_v_mini_mcu.cpu_subsystem_i.cpu_1_0.rf_ram_i.memory\[491\]\[1\],11.81µm
i_core_v_mini_mcu.cpu_subsystem_i.cpu_1_0.rf_ram_i.memory\[71\]\[0\],11.81µm
i_core_v_mini_mcu.memory_subsystem_i.ram0_i.tc_ram_i.sram\[12\]\[15\],11.81µm
i_core_v_mini_mcu.memory_subsystem_i.ram0_i.tc_ram_i.sram\[12\]\[2\],11.81µm
i_core_v_mini_mcu.memory_subsystem_i.ram0_i.tc_ram_i.sram\[15\]\[1\],11.81µm
i_core_v_mini_mcu.memory_subsystem_i.ram0_i.tc_ram_i.sram\[16\]\[5\],11.81µm
i_core_v_mini_mcu.memory_subsystem_i.ram0_i.tc_ram_i.sram\[2\]\[22\],11.81µm
i_core_v_mini_mcu.memory_subsystem_i.ram0_i.tc_ram_i.sram\[4\]\[0\],11.81µm
i_core_v_mini_mcu.memory_subsystem_i.ram0_i.tc_ram_i.sram\[5\]\[2\],11.81µm
i_core_v_mini_mcu.peripheral_subsystem_i.obi_fifo_i.consumer_resp_i\[29\],11.81µm
i_core_v_mini_mcu.peripheral_subsystem_i.uart_i.uart_core.rx_fifo_depth_prev_q\[2\],11.81µm
_00069_,11.76µm
_00150_,11.76µm
_00193_,11.76µm
_00322_,11.76µm
_00326_,11.76µm
_00350_,11.76µm
_00521_,11.76µm
_00575_,11.76µm
_00637_,11.76µm
_00651_,11.76µm
_00668_,11.76µm
_00708_,11.76µm
_00772_,11.76µm
_00844_,11.76µm
_00855_,11.76µm
_00911_,11.76µm
_00921_,11.76µm
_01013_,11.76µm
_01085_,11.76µm
_01134_,11.76µm
_01160_,11.76µm
_01321_,11.76µm
_01361_,11.76µm
_01474_,11.76µm
_01505_,11.76µm
_01508_,11.76µm
_01525_,11.76µm
_01640_,11.76µm
_01688_,11.76µm
_01699_,11.76µm
_01785_,11.76µm
_01905_,11.76µm
_01960_,11.76µm
_01988_,11.76µm
_02220_,11.76µm
_02356_,11.76µm
_02399_,11.76µm
_02534_,11.76µm
_02544_,11.76µm
_02627_,11.76µm
_02639_,11.76µm
_02718_,11.76µm
_02734_,11.76µm
_02860_,11.76µm
_03051_,11.76µm
_03681_,11.76µm
_03928_,11.76µm
_03992_,11.76µm
_04156_,11.76µm
_04248_,11.76µm
_04354_,11.76µm
_04486_,11.76µm
_04639_,11.76µm
_04991_,11.76µm
_05014_,11.76µm
_05030_,11.76µm
_05225_,11.76µm
_05247_,11.76µm
_05540_,11.76µm
_05768_,11.76µm
_06065_,11.76µm
_06076_,11.76µm
_06174_,11.76µm
_06296_,11.76µm
_06732_,11.76µm
_07202_,11.76µm
_07312_,11.76µm
_07354_,11.76µm
_07372_,11.76µm
_07466_,11.76µm
_08374_,11.76µm
_08379_,11.76µm
_08665_,11.76µm
_08943_,11.76µm
_09033_,11.76µm
_09283_,11.76µm
_09464_,11.76µm
_09504_,11.76µm
_09505_,11.76µm
_09518_,11.76µm
_10161_,11.76µm
_10247_,11.76µm
_10297_,11.76µm
_10418_,11.76µm
_10491_,11.76µm
_10787_,11.76µm
_10923_,11.76µm
_11097_,11.76µm
_11453_,11.76µm
_11454_,11.76µm
_11640_,11.76µm
_11669_,11.76µm
_11789_,11.76µm
_11873_,11.76µm
_11968_,11.76µm
_11969_,11.76µm
_11988_,11.76µm
_12032_,11.76µm
_12274_,11.76µm
_12620_,11.76µm
_12632_,11.76µm
_12659_,11.76µm
_12843_,11.76µm
_12911_,11.76µm
_13052_,11.76µm
_13265_,11.76µm
_13291_,11.76µm
_13298_,11.76µm
_13347_,11.76µm
_13540_,11.76µm
_13620_,11.76µm
_13661_,11.76µm
_13723_,11.76µm
_14035_,11.76µm
_14040_,11.76µm
_14097_,11.76µm
_14117_,11.76µm
_14228_,11.76µm
_14337_,11.76µm
_14349_,11.76µm
_14444_,11.76µm
_14510_,11.76µm
_14516_,11.76µm
_14560_,11.76µm
_14584_,11.76µm
_14711_,11.76µm
_14719_,11.76µm
_14746_,11.76µm
_14964_,11.76µm
_15049_,11.76µm
_15198_,11.76µm
_15366_,11.76µm
_15377_,11.76µm
_15387_,11.76µm
_15514_,11.76µm
_15604_,11.76µm
_15765_,11.76µm
_15813_,11.76µm
_16113_,11.76µm
_16402_,11.76µm
_16493_,11.76µm
_16528_,11.76µm
_16542_,11.76µm
_16629_,11.76µm
_16905_,11.76µm
_16909_,11.76µm
_17039_,11.76µm
_17078_,11.76µm
_17216_,11.76µm
_17265_,11.76µm
_17523_,11.76µm
_17924_,11.76µm
_18024_,11.76µm
_18111_,11.76µm
_18584_,11.76µm
_18636_,11.76µm
_18828_,11.76µm
_18846_,11.76µm
_18900_,11.76µm
_19261_,11.76µm
_19266_,11.76µm
_19457_,11.76µm
_19477_,11.76µm
_19732_,11.76µm
_19820_,11.76µm
_19885_,11.76µm
_19949_,11.76µm
_20042_,11.76µm
_20052_,11.76µm
_20070_,11.76µm
_20183_,11.76µm
_20187_,11.76µm
_20434_,11.76µm
_20797_,11.76µm
_20949_,11.76µm
_21024_,11.76µm
_21242_,11.76µm
_21257_,11.76µm
_21285_,11.76µm
_21317_,11.76µm
_21333_,11.76µm
_21370_,11.76µm
_21476_,11.76µm
_21673_,11.76µm
_21894_,11.76µm
_21898_,11.76µm
_22088_,11.76µm
_22342_,11.76µm
_22378_,11.76µm
_22535_,11.76µm
_22590_,11.76µm
_22903_,11.76µm
_22967_,11.76µm
_22980_,11.76µm
_23020_,11.76µm
_23048_,11.76µm
_23476_,11.76µm
_23493_,11.76µm
_23536_,11.76µm
_23728_,11.76µm
_23971_,11.76µm
_23977_,11.76µm
_24042_,11.76µm
_24173_,11.76µm
_24382_,11.76µm
_24386_,11.76µm
_24410_,11.76µm
_24459_,11.76µm
_24506_,11.76µm
_24652_,11.76µm
_24672_,11.76µm
_24867_,11.76µm
_24876_,11.76µm
_25240_,11.76µm
_25254_,11.76µm
_25368_,11.76µm
_25940_,11.76µm
_25966_,11.76µm
_26270_,11.76µm
_26564_,11.76µm
_26866_,11.76µm
_26911_,11.76µm
_27038_,11.76µm
_27192_,11.76µm
_27271_,11.76µm
_27453_,11.76µm
_27516_,11.76µm
_27673_,11.76µm
_27950_,11.76µm
_27962_,11.76µm
i_core_v_mini_mcu.ao_peripheral_subsystem_i.power_manager_i.power_manager_reg_top_i.intr_state_qs\[30\],11.76µm
i_core_v_mini_mcu.cpu_subsystem_i.cpu_0_0.rf_ram_i.memory\[437\]\[1\],11.76µm
i_core_v_mini_mcu.cpu_subsystem_i.cpu_1_0.clk_i,11.76µm
i_core_v_mini_mcu.cpu_subsystem_i.cpu_1_0.i_servile.arbiter.i_wb_cpu_ibus_adr\[22\],11.76µm
i_core_v_mini_mcu.cpu_subsystem_i.cpu_1_0.i_servile.cpu.state.cnt_r\[1\],11.76µm
i_core_v_mini_mcu.cpu_subsystem_i.cpu_1_0.rf_ram_i.memory\[215\]\[0\],11.76µm
i_core_v_mini_mcu.cpu_subsystem_i.cpu_1_0.rf_ram_i.memory\[23\]\[0\],11.76µm
i_core_v_mini_mcu.cpu_subsystem_i.cpu_1_0.rf_ram_i.memory\[25\]\[1\],11.76µm
i_core_v_mini_mcu.cpu_subsystem_i.cpu_1_0.rf_ram_i.memory\[365\]\[1\],11.76µm
i_core_v_mini_mcu.memory_subsystem_i.ram0_i.tc_ram_i.sram\[24\]\[21\],11.76µm
i_core_v_mini_mcu.memory_subsystem_i.ram0_i.tc_ram_i.sram\[31\]\[22\],11.76µm
i_core_v_mini_mcu.memory_subsystem_i.ram0_i.tc_ram_i.sram\[3\]\[1\],11.76µm
i_core_v_mini_mcu.memory_subsystem_i.ram0_i.tc_ram_i.sram\[6\]\[9\],11.76µm
i_core_v_mini_mcu.peripheral_subsystem_i.obi_fifo_i.consumer_resp_i\[8\],11.76µm
i_core_v_mini_mcu.system_bus_i.gen_demux_xbar\[1\].demux_xbar_i.u_xbar_varlat.gen_inputs\[0\].i_addr_dec_resp_mux.valid_inflight_d,11.76µm
net1688,11.76µm
i_core_v_mini_mcu.memory_subsystem_i.ram0_i.tc_ram_i.sram\[19\]\[16\],11.58µm
i_core_v_mini_mcu.memory_subsystem_i.ram0_i.tc_ram_i.sram\[4\]\[6\],11.53µm
i_core_v_mini_mcu.cpu_subsystem_i.cpu_1_0.rf_ram_i.memory\[372\]\[0\],11.48µm
_02116_,11.35µm
_05670_,11.35µm
_06579_,11.35µm
_07166_,11.35µm
_09129_,11.35µm
_09955_,11.35µm
_10843_,11.35µm
_12185_,11.35µm
_16980_,11.35µm
_23085_,11.35µm
_25738_,11.35µm
i_core_v_mini_mcu.ao_peripheral_subsystem_i.power_manager_i.power_manager_counter_sequence_cpu_switch_i.start_off_sequence_i,11.35µm
i_core_v_mini_mcu.cpu_subsystem_i.cpu_0_0.rf_ram_i.memory\[400\]\[1\],11.35µm
i_core_v_mini_mcu.cpu_subsystem_i.cpu_1_0.rf_ram_i.memory\[214\]\[1\],11.35µm
i_core_v_mini_mcu.memory_subsystem_i.ram0_i.tc_ram_i.sram\[8\]\[29\],11.35µm
net556,11.35µm
_00093_,11.3µm
_01813_,11.3µm
_03734_,11.3µm
_04134_,11.3µm
_05194_,11.3µm
_05794_,11.3µm
_06388_,11.3µm
_06563_,11.3µm
_07012_,11.3µm
_07164_,11.3µm
_09696_,11.3µm
_10214_,11.3µm
_10495_,11.3µm
_11491_,11.3µm
_13358_,11.3µm
_13603_,11.3µm
_15357_,11.3µm
_15362_,11.3µm
_15825_,11.3µm
_16181_,11.3µm
_16305_,11.3µm
_17217_,11.3µm
_17791_,11.3µm
_18212_,11.3µm
_19867_,11.3µm
_21341_,11.3µm
_21693_,11.3µm
_21714_,11.3µm
_21761_,11.3µm
_21868_,11.3µm
_22024_,11.3µm
_23559_,11.3µm
_23715_,11.3µm
_23922_,11.3µm
_25215_,11.3µm
_26249_,11.3µm
_27809_,11.3µm
_27813_,11.3µm
i_core_v_mini_mcu.ao_peripheral_subsystem_i.power_manager_i.power_manager_sequence_periph_switch_i.sequence_curr_state\[3\],11.3µm
i_core_v_mini_mcu.ao_peripheral_subsystem_i.soc_ctrl_i.reg2hw\[31\],11.3µm
i_core_v_mini_mcu.ao_peripheral_subsystem_i.spi_subsystem_i.obi_spimemio_i.flash_io3_do_o,11.3µm
i_core_v_mini_mcu.cpu_subsystem_i.cpu_0_0.i_servile.cpu.immdec.gen_immdec_w_eq_1.imm24_20\[0\],11.3µm
i_core_v_mini_mcu.cpu_subsystem_i.cpu_0_0.rf_ram_i.memory\[152\]\[1\],11.3µm
i_core_v_mini_mcu.cpu_subsystem_i.cpu_0_0.rf_ram_i.memory\[201\]\[0\],11.3µm
i_core_v_mini_mcu.cpu_subsystem_i.cpu_0_0.rf_ram_i.memory\[264\]\[1\],11.3µm
i_core_v_mini_mcu.cpu_subsystem_i.cpu_0_0.rf_ram_i.memory\[307\]\[1\],11.3µm
i_core_v_mini_mcu.cpu_subsystem_i.cpu_0_0.rf_ram_i.memory\[379\]\[0\],11.3µm
i_core_v_mini_mcu.cpu_subsystem_i.cpu_0_0.rf_ram_i.memory\[432\]\[1\],11.3µm
i_core_v_mini_mcu.cpu_subsystem_i.cpu_1_0.i_servile.cpu.ctrl.pc_plus_4_cy_r,11.3µm
i_core_v_mini_mcu.cpu_subsystem_i.cpu_1_0.rf_ram_i.memory\[129\]\[1\],11.3µm
i_core_v_mini_mcu.cpu_subsystem_i.cpu_1_0.rf_ram_i.memory\[141\]\[0\],11.3µm
i_core_v_mini_mcu.cpu_subsystem_i.cpu_1_0.rf_ram_i.memory\[186\]\[1\],11.3µm
i_core_v_mini_mcu.cpu_subsystem_i.cpu_1_0.rf_ram_i.memory\[191\]\[0\],11.3µm
i_core_v_mini_mcu.cpu_subsystem_i.cpu_1_0.rf_ram_i.memory\[227\]\[0\],11.3µm
i_core_v_mini_mcu.cpu_subsystem_i.cpu_1_0.rf_ram_i.memory\[280\]\[0\],11.3µm
i_core_v_mini_mcu.cpu_subsystem_i.cpu_1_0.rf_ram_i.memory\[304\]\[0\],11.3µm
i_core_v_mini_mcu.cpu_subsystem_i.cpu_1_0.rf_ram_i.memory\[491\]\[0\],11.3µm
i_core_v_mini_mcu.cpu_subsystem_i.cpu_1_0.rf_ram_i.memory\[72\]\[0\],11.3µm
i_core_v_mini_mcu.memory_subsystem_i.ram0_i.tc_ram_i.sram\[11\]\[9\],11.3µm
i_core_v_mini_mcu.memory_subsystem_i.ram0_i.tc_ram_i.sram\[13\]\[5\],11.3µm
i_core_v_mini_mcu.memory_subsystem_i.ram0_i.tc_ram_i.sram\[26\]\[5\],11.3µm
i_core_v_mini_mcu.memory_subsystem_i.ram0_i.tc_ram_i.sram\[27\]\[14\],11.3µm
i_core_v_mini_mcu.memory_subsystem_i.ram0_i.tc_ram_i.sram\[30\]\[21\],11.3µm
i_core_v_mini_mcu.memory_subsystem_i.ram0_i.tc_ram_i.sram\[7\]\[22\],11.3µm
i_core_v_mini_mcu.peripheral_slave_resp\[18\],11.3µm
i_core_v_mini_mcu.peripheral_subsystem_i.uart_i.uart_core.u_uart_txfifo.gen_normal_fifo.storage\[4\],11.3µm
net1886,11.3µm
_00230_,11.25µm
_00235_,11.25µm
_00276_,11.25µm
_00304_,11.25µm
_00329_,11.25µm
_00415_,11.25µm
_00484_,11.25µm
_00501_,11.25µm
_00572_,11.25µm
_00675_,11.25µm
_00762_,11.25µm
_00840_,11.25µm
_00856_,11.25µm
_00860_,11.25µm
_00993_,11.25µm
_00995_,11.25µm
_01028_,11.25µm
_01030_,11.25µm
_01060_,11.25µm
_01267_,11.25µm
_01347_,11.25µm
_01490_,11.25µm
_01501_,11.25µm
_01557_,11.25µm
_01639_,11.25µm
_01750_,11.25µm
_01761_,11.25µm
_01945_,11.25µm
_01981_,11.25µm
_01986_,11.25µm
_02127_,11.25µm
_02157_,11.25µm
_02211_,11.25µm
_02237_,11.25µm
_02368_,11.25µm
_02380_,11.25µm
_02602_,11.25µm
_03233_,11.25µm
_03291_,11.25µm
_03323_,11.25µm
_03539_,11.25µm
_03715_,11.25µm
_03739_,11.25µm
_03750_,11.25µm
_03837_,11.25µm
_03870_,11.25µm
_03932_,11.25µm
_04009_,11.25µm
_04108_,11.25µm
_04138_,11.25µm
_04171_,11.25µm
_04436_,11.25µm
_04492_,11.25µm
_04755_,11.25µm
_04765_,11.25µm
_04809_,11.25µm
_05103_,11.25µm
_05136_,11.25µm
_05275_,11.25µm
_05316_,11.25µm
_05317_,11.25µm
_05322_,11.25µm
_06055_,11.25µm
_06624_,11.25µm
_06777_,11.25µm
_06919_,11.25µm
_07136_,11.25µm
_07290_,11.25µm
_07393_,11.25µm
_07721_,11.25µm
_07896_,11.25µm
_07913_,11.25µm
_08116_,11.25µm
_08213_,11.25µm
_08552_,11.25µm
_08885_,11.25µm
_09194_,11.25µm
_09411_,11.25µm
_09710_,11.25µm
_09775_,11.25µm
_09820_,11.25µm
_10190_,11.25µm
_10427_,11.25µm
_10748_,11.25µm
_10752_,11.25µm
_10836_,11.25µm
_10976_,11.25µm
_11009_,11.25µm
_11014_,11.25µm
_11140_,11.25µm
_11622_,11.25µm
_11719_,11.25µm
_11730_,11.25µm
_11828_,11.25µm
_11880_,11.25µm
_11923_,11.25µm
_11930_,11.25µm
_11995_,11.25µm
_12267_,11.25µm
_12624_,11.25µm
_12637_,11.25µm
_12729_,11.25µm
_12908_,11.25µm
_13006_,11.25µm
_13305_,11.25µm
_13311_,11.25µm
_13345_,11.25µm
_13356_,11.25µm
_13400_,11.25µm
_13455_,11.25µm
_13526_,11.25µm
_14131_,11.25µm
_14298_,11.25µm
_14445_,11.25µm
_14497_,11.25µm
_14529_,11.25µm
_14571_,11.25µm
_14665_,11.25µm
_14723_,11.25µm
_14789_,11.25µm
_14812_,11.25µm
_14923_,11.25µm
_14986_,11.25µm
_15003_,11.25µm
_15077_,11.25µm
_15118_,11.25µm
_15274_,11.25µm
_15483_,11.25µm
_15523_,11.25µm
_15533_,11.25µm
_15673_,11.25µm
_15693_,11.25µm
_15883_,11.25µm
_15901_,11.25µm
_16171_,11.25µm
_16267_,11.25µm
_16447_,11.25µm
_16514_,11.25µm
_16618_,11.25µm
_16937_,11.25µm
_17205_,11.25µm
_17211_,11.25µm
_17255_,11.25µm
_17272_,11.25µm
_17382_,11.25µm
_17397_,11.25µm
_17491_,11.25µm
_17602_,11.25µm
_17751_,11.25µm
_17901_,11.25µm
_17916_,11.25µm
_17958_,11.25µm
_18220_,11.25µm
_18368_,11.25µm
_18463_,11.25µm
_18514_,11.25µm
_18547_,11.25µm
_18668_,11.25µm
_18701_,11.25µm
_18726_,11.25µm
_18784_,11.25µm
_18801_,11.25µm
_19255_,11.25µm
_19284_,11.25µm
_19378_,11.25µm
_19413_,11.25µm
_19444_,11.25µm
_19478_,11.25µm
_19556_,11.25µm
_19638_,11.25µm
_19657_,11.25µm
_19850_,11.25µm
_19869_,11.25µm
_19954_,11.25µm
_19977_,11.25µm
_20035_,11.25µm
_20166_,11.25µm
_20473_,11.25µm
_20629_,11.25µm
_20733_,11.25µm
_21037_,11.25µm
_21161_,11.25µm
_21203_,11.25µm
_21245_,11.25µm
_21255_,11.25µm
_21570_,11.25µm
_21733_,11.25µm
_21796_,11.25µm
_21912_,11.25µm
_21963_,11.25µm
_21981_,11.25µm
_22033_,11.25µm
_22110_,11.25µm
_22197_,11.25µm
_22230_,11.25µm
_22493_,11.25µm
_22512_,11.25µm
_22696_,11.25µm
_22880_,11.25µm
_22932_,11.25µm
_22950_,11.25µm
_22978_,11.25µm
_23122_,11.25µm
_23186_,11.25µm
_23319_,11.25µm
_23348_,11.25µm
_23612_,11.25µm
_23797_,11.25µm
_23894_,11.25µm
_23953_,11.25µm
_24435_,11.25µm
_24527_,11.25µm
_24541_,11.25µm
_24558_,11.25µm
_24721_,11.25µm
_24733_,11.25µm
_24854_,11.25µm
_24860_,11.25µm
_24884_,11.25µm
_24946_,11.25µm
_24986_,11.25µm
_25003_,11.25µm
_25050_,11.25µm
_25759_,11.25µm
_25767_,11.25µm
_26155_,11.25µm
_26178_,11.25µm
_26223_,11.25µm
_26224_,11.25µm
_26342_,11.25µm
_26485_,11.25µm
_26547_,11.25µm
_26617_,11.25µm
_26756_,11.25µm
_26780_,11.25µm
_27003_,11.25µm
_27070_,11.25µm
_27085_,11.25µm
_27100_,11.25µm
_27347_,11.25µm
_27458_,11.25µm
_27465_,11.25µm
i_core_v_mini_mcu.ao_peripheral_subsystem_i.obi_fifo_i.consumer_data_req_q\[37\],11.25µm
i_core_v_mini_mcu.ao_peripheral_subsystem_i.power_manager_i.power_manager_reg_top_i.u_intr_state.wr_data\[21\],11.25µm
i_core_v_mini_mcu.ao_peripheral_subsystem_i.spi_subsystem_i.obi_spimemio_i.obi_to_picorv32_i.obi_resp_o\[14\],11.25µm
i_core_v_mini_mcu.ao_peripheral_subsystem_i.spi_subsystem_i.obi_spimemio_i.obi_to_picorv32_i.obi_resp_o\[7\],11.25µm
i_core_v_mini_mcu.ao_peripheral_subsystem_i.spi_subsystem_i.obi_spimemio_i.spimemio_i.xfer_io3_90,11.25µm
i_core_v_mini_mcu.cpu_subsystem_i.cpu_0_0.rf_ram_i.memory\[263\]\[1\],11.25µm
i_core_v_mini_mcu.cpu_subsystem_i.cpu_0_0.rf_ram_i.memory\[280\]\[0\],11.25µm
i_core_v_mini_mcu.cpu_subsystem_i.cpu_0_0.rf_ram_i.memory\[289\]\[0\],11.25µm
i_core_v_mini_mcu.cpu_subsystem_i.cpu_0_0.rf_ram_i.memory\[574\]\[1\],11.25µm
i_core_v_mini_mcu.cpu_subsystem_i.cpu_1_0.rf_ram_i.memory\[218\]\[0\],11.25µm
i_core_v_mini_mcu.cpu_subsystem_i.cpu_1_0.rf_ram_i.memory\[224\]\[1\],11.25µm
i_core_v_mini_mcu.memory_subsystem_i.ram0_i.tc_ram_i.sram\[26\]\[4\],11.25µm
i_core_v_mini_mcu.memory_subsystem_i.ram0_i.tc_ram_i.sram\[27\]\[19\],11.25µm
i_core_v_mini_mcu.memory_subsystem_i.ram0_i.tc_ram_i.sram\[7\]\[5\],11.25µm
i_core_v_mini_mcu.peripheral_subsystem_i.uart_i.uart_core.u_uart_rxfifo.gen_normal_fifo.storage\[20\],11.25µm
i_core_v_mini_mcu.peripheral_subsystem_i.uart_i.uart_core.u_uart_rxfifo.gen_normal_fifo.storage\[24\],11.25µm
_00118_,11.2µm
_00140_,11.2µm
_00151_,11.2µm
_00212_,11.2µm
_00247_,11.2µm
_00277_,11.2µm
_00365_,11.2µm
_00385_,11.2µm
_00439_,11.2µm
_00599_,11.2µm
_00742_,11.2µm
_00766_,11.2µm
_00778_,11.2µm
_00820_,11.2µm
_00848_,11.2µm
_00920_,11.2µm
_00923_,11.2µm
_00942_,11.2µm
_01279_,11.2µm
_01295_,11.2µm
_01297_,11.2µm
_01453_,11.2µm
_01548_,11.2µm
_01553_,11.2µm
_01580_,11.2µm
_01649_,11.2µm
_01656_,11.2µm
_01744_,11.2µm
_01997_,11.2µm
_02170_,11.2µm
_02257_,11.2µm
_02265_,11.2µm
_02329_,11.2µm
_02541_,11.2µm
_02671_,11.2µm
_02906_,11.2µm
_02977_,11.2µm
_03168_,11.2µm
_03204_,11.2µm
_03225_,11.2µm
_03239_,11.2µm
_03709_,11.2µm
_03781_,11.2µm
_03831_,11.2µm
_03833_,11.2µm
_03850_,11.2µm
_03869_,11.2µm
_03899_,11.2µm
_03971_,11.2µm
_03996_,11.2µm
_04018_,11.2µm
_04019_,11.2µm
_04172_,11.2µm
_04182_,11.2µm
_04321_,11.2µm
_04441_,11.2µm
_04453_,11.2µm
_04539_,11.2µm
_04640_,11.2µm
_04833_,11.2µm
_04935_,11.2µm
_04953_,11.2µm
_05009_,11.2µm
_05032_,11.2µm
_05058_,11.2µm
_05104_,11.2µm
_05206_,11.2µm
_05227_,11.2µm
_05281_,11.2µm
_05331_,11.2µm
_05537_,11.2µm
_05603_,11.2µm
_05617_,11.2µm
_05729_,11.2µm
_05734_,11.2µm
_05786_,11.2µm
_05833_,11.2µm
_05853_,11.2µm
_06000_,11.2µm
_06130_,11.2µm
_06400_,11.2µm
_06540_,11.2µm
_06932_,11.2µm
_06997_,11.2µm
_07024_,11.2µm
_07835_,11.2µm
_08064_,11.2µm
_08140_,11.2µm
_08210_,11.2µm
_08258_,11.2µm
_08394_,11.2µm
_08458_,11.2µm
_08582_,11.2µm
_08716_,11.2µm
_08792_,11.2µm
_08851_,11.2µm
_09123_,11.2µm
_09196_,11.2µm
_09489_,11.2µm
_09764_,11.2µm
_09791_,11.2µm
_09845_,11.2µm
_09905_,11.2µm
_09941_,11.2µm
_10672_,11.2µm
_10865_,11.2µm
_11155_,11.2µm
_11469_,11.2µm
_11471_,11.2µm
_11477_,11.2µm
_11553_,11.2µm
_11712_,11.2µm
_11895_,11.2µm
_11922_,11.2µm
_11952_,11.2µm
_12250_,11.2µm
_12293_,11.2µm
_12306_,11.2µm
_12567_,11.2µm
_12649_,11.2µm
_12835_,11.2µm
_12889_,11.2µm
_13053_,11.2µm
_13116_,11.2µm
_13146_,11.2µm
_13331_,11.2µm
_13363_,11.2µm
_13393_,11.2µm
_13401_,11.2µm
_13419_,11.2µm
_13470_,11.2µm
_13477_,11.2µm
_13613_,11.2µm
_13684_,11.2µm
_13786_,11.2µm
_14076_,11.2µm
_14150_,11.2µm
_14219_,11.2µm
_14231_,11.2µm
_14403_,11.2µm
_14726_,11.2µm
_14740_,11.2µm
_15054_,11.2µm
_15099_,11.2µm
_15601_,11.2µm
_15961_,11.2µm
_16192_,11.2µm
_16195_,11.2µm
_16245_,11.2µm
_16384_,11.2µm
_16432_,11.2µm
_16589_,11.2µm
_16730_,11.2µm
_16825_,11.2µm
_16853_,11.2µm
_16862_,11.2µm
_16961_,11.2µm
_17337_,11.2µm
_18028_,11.2µm
_18043_,11.2µm
_18051_,11.2µm
_18069_,11.2µm
_18135_,11.2µm
_18473_,11.2µm
_18543_,11.2µm
_18567_,11.2µm
_18573_,11.2µm
_18598_,11.2µm
_18697_,11.2µm
_18743_,11.2µm
_18961_,11.2µm
_19047_,11.2µm
_19173_,11.2µm
_19219_,11.2µm
_19434_,11.2µm
_19649_,11.2µm
_19684_,11.2µm
_19703_,11.2µm
_19712_,11.2µm
_19759_,11.2µm
_19986_,11.2µm
_20014_,11.2µm
_20032_,11.2µm
_20078_,11.2µm
_20083_,11.2µm
_20190_,11.2µm
_20321_,11.2µm
_20478_,11.2µm
_20612_,11.2µm
_20635_,11.2µm
_20811_,11.2µm
_20953_,11.2µm
_21016_,11.2µm
_21032_,11.2µm
_21385_,11.2µm
_21482_,11.2µm
_21573_,11.2µm
_21576_,11.2µm
_21595_,11.2µm
_21696_,11.2µm
_21777_,11.2µm
_22026_,11.2µm
_22150_,11.2µm
_22388_,11.2µm
_22411_,11.2µm
_22413_,11.2µm
_22474_,11.2µm
_22618_,11.2µm
_22620_,11.2µm
_22621_,11.2µm
_23011_,11.2µm
_23259_,11.2µm
_23383_,11.2µm
_23404_,11.2µm
_23470_,11.2µm
_23497_,11.2µm
_23870_,11.2µm
_24043_,11.2µm
_24047_,11.2µm
_24180_,11.2µm
_24334_,11.2µm
_24369_,11.2µm
_24447_,11.2µm
_24980_,11.2µm
_25164_,11.2µm
_25267_,11.2µm
_25335_,11.2µm
_25839_,11.2µm
_25941_,11.2µm
_25960_,11.2µm
_26051_,11.2µm
_26786_,11.2µm
_26844_,11.2µm
_26845_,11.2µm
_26851_,11.2µm
_26983_,11.2µm
_27152_,11.2µm
_27201_,11.2µm
_27342_,11.2µm
_27352_,11.2µm
_27506_,11.2µm
_27507_,11.2µm
_27530_,11.2µm
_27585_,11.2µm
_27621_,11.2µm
_27663_,11.2µm
_27830_,11.2µm
_28080_,11.2µm
i_core_v_mini_mcu.ao_peripheral_subsystem_i.obi_fifo_i.producer_state_q,11.2µm
i_core_v_mini_mcu.cpu_subsystem_i.cpu_0_0.rf_ram_i.memory\[173\]\[1\],11.2µm
i_core_v_mini_mcu.cpu_subsystem_i.cpu_0_0.rf_ram_i.memory\[321\]\[1\],11.2µm
i_core_v_mini_mcu.cpu_subsystem_i.cpu_0_0.rf_ram_i.memory\[334\]\[0\],11.2µm
i_core_v_mini_mcu.cpu_subsystem_i.cpu_0_0.rf_ram_i.memory\[529\]\[1\],11.2µm
i_core_v_mini_mcu.cpu_subsystem_i.cpu_0_0.rf_ram_i.memory\[575\]\[1\],11.2µm
i_core_v_mini_mcu.cpu_subsystem_i.cpu_1_0.i_servile.cpu.alu.i_rd_sel\[1\],11.2µm
i_core_v_mini_mcu.cpu_subsystem_i.cpu_1_0.i_servile.cpu.decode.o_mem_signed,11.2µm
i_core_v_mini_mcu.cpu_subsystem_i.cpu_1_0.i_servile.o_rf_raddr\[3\],11.2µm
i_core_v_mini_mcu.cpu_subsystem_i.cpu_1_0.rf_ram_i.memory\[158\]\[1\],11.2µm
i_core_v_mini_mcu.cpu_subsystem_i.cpu_1_0.rf_ram_i.memory\[210\]\[1\],11.2µm
i_core_v_mini_mcu.cpu_subsystem_i.cpu_1_0.rf_ram_i.memory\[468\]\[0\],11.2µm
i_core_v_mini_mcu.memory_subsystem_i.ram0_i.tc_ram_i.sram\[10\]\[2\],11.2µm
i_core_v_mini_mcu.memory_subsystem_i.ram0_i.tc_ram_i.sram\[18\]\[22\],11.2µm
i_core_v_mini_mcu.memory_subsystem_i.ram0_i.tc_ram_i.sram\[19\]\[4\],11.2µm
i_core_v_mini_mcu.memory_subsystem_i.ram0_i.tc_ram_i.sram\[30\]\[20\],11.2µm
i_core_v_mini_mcu.memory_subsystem_i.ram0_i.tc_ram_i.sram\[7\]\[9\],11.2µm
i_core_v_mini_mcu.cpu_subsystem_i.cpu_0_0.rf_ram_i.memory\[269\]\[0\],10.97µm
i_core_v_mini_mcu.cpu_subsystem_i.cpu_0_0.rf_ram_i.memory\[83\]\[1\],10.97µm
i_core_v_mini_mcu.cpu_subsystem_i.cpu_1_0.rf_ram_i.memory\[17\]\[0\],10.97µm
net1809,10.96µm
_26745_,10.92µm
i_core_v_mini_mcu.cpu_subsystem_i.cpu_1_0.rf_ram_i.memory\[59\]\[1\],10.92µm
_05252_,10.84µm
_05485_,10.84µm
_05548_,10.84µm
_06408_,10.84µm
_06741_,10.84µm
_04626_,10.79µm
_08827_,10.79µm
_21613_,10.79µm
_22305_,10.79µm
_26648_,10.79µm
i_core_v_mini_mcu.ao_peripheral_subsystem_i.tdu_i.task_mem\[0\]\[2\],10.79µm
i_core_v_mini_mcu.cpu_subsystem_i.cpu_0_0.rf_ram_i.memory\[177\]\[1\],10.79µm
i_core_v_mini_mcu.cpu_subsystem_i.cpu_0_0.rf_ram_i.memory\[402\]\[1\],10.79µm
i_core_v_mini_mcu.cpu_subsystem_i.cpu_1_0.rf_ram_i.memory\[177\]\[0\],10.79µm
i_core_v_mini_mcu.memory_subsystem_i.ram0_i.tc_ram_i.sram\[9\]\[12\],10.79µm
_01535_,10.74µm
_01538_,10.74µm
_04120_,10.74µm
_06523_,10.74µm
_06714_,10.74µm
_06766_,10.74µm
_07984_,10.74µm
_08547_,10.74µm
_08800_,10.74µm
_09425_,10.74µm
_09756_,10.74µm
_09949_,10.74µm
_10420_,10.74µm
_10476_,10.74µm
_10685_,10.74µm
_11290_,10.74µm
_11407_,10.74µm
_11711_,10.74µm
_13264_,10.74µm
_13438_,10.74µm
_13548_,10.74µm
_13632_,10.74µm
_14379_,10.74µm
_14813_,10.74µm
_14919_,10.74µm
_15006_,10.74µm
_15561_,10.74µm
_15828_,10.74µm
_17044_,10.74µm
_17319_,10.74µm
_17415_,10.74µm
_18672_,10.74µm
_20024_,10.74µm
_20534_,10.74µm
_20704_,10.74µm
_21277_,10.74µm
_21299_,10.74µm
_21768_,10.74µm
_21843_,10.74µm
_21870_,10.74µm
_21959_,10.74µm
_22038_,10.74µm
_23647_,10.74µm
_23833_,10.74µm
_24288_,10.74µm
_24468_,10.74µm
_26095_,10.74µm
_26824_,10.74µm
_27113_,10.74µm
_27297_,10.74µm
_27930_,10.74µm
i_core_v_mini_mcu.ao_peripheral_subsystem_i.power_manager_i.power_manager_reg_top_i.cpu_reset_assert_counter_qs\[1\],10.74µm
i_core_v_mini_mcu.cpu_subsystem_i.cpu_0_0.i_servile.cpu.gen_align.align.ibus_rdt_concat\[4\],10.74µm
i_core_v_mini_mcu.cpu_subsystem_i.cpu_0_0.rf_ram_i.memory\[11\]\[0\],10.74µm
i_core_v_mini_mcu.cpu_subsystem_i.cpu_0_0.rf_ram_i.memory\[191\]\[1\],10.74µm
i_core_v_mini_mcu.cpu_subsystem_i.cpu_0_0.rf_ram_i.memory\[212\]\[0\],10.74µm
i_core_v_mini_mcu.cpu_subsystem_i.cpu_0_0.rf_ram_i.memory\[255\]\[0\],10.74µm
i_core_v_mini_mcu.cpu_subsystem_i.cpu_0_0.rf_ram_i.memory\[273\]\[0\],10.74µm
i_core_v_mini_mcu.cpu_subsystem_i.cpu_0_0.rf_ram_i.memory\[540\]\[1\],10.74µm
i_core_v_mini_mcu.cpu_subsystem_i.cpu_0_0.rf_ram_i.memory\[544\]\[0\],10.74µm
i_core_v_mini_mcu.cpu_subsystem_i.cpu_1_0.rf_ram_i.memory\[28\]\[0\],10.74µm
i_core_v_mini_mcu.cpu_subsystem_i.cpu_1_0.rf_ram_i.memory\[73\]\[0\],10.74µm
i_core_v_mini_mcu.cpu_subsystem_i.cpu_1_0.rf_ram_i.memory\[94\]\[1\],10.74µm
i_core_v_mini_mcu.memory_subsystem_i.ram0_i.tc_ram_i.sram\[10\]\[26\],10.74µm
i_core_v_mini_mcu.memory_subsystem_i.ram0_i.tc_ram_i.sram\[18\]\[27\],10.74µm
i_core_v_mini_mcu.memory_subsystem_i.ram0_i.tc_ram_i.sram\[20\]\[0\],10.74µm
i_core_v_mini_mcu.memory_subsystem_i.ram0_i.tc_ram_i.sram\[20\]\[5\],10.74µm
i_core_v_mini_mcu.memory_subsystem_i.ram0_i.tc_ram_i.sram\[6\]\[26\],10.74µm
i_core_v_mini_mcu.memory_subsystem_i.ram0_i.tc_ram_i.sram\[7\]\[27\],10.74µm
i_core_v_mini_mcu.peripheral_slave_resp\[21\],10.74µm
i_core_v_mini_mcu.peripheral_subsystem_i.uart_i.uart_core.u_uart_txfifo.gen_normal_fifo.storage\[20\],10.74µm
net1731,10.74µm
_00030_,10.69µm
_00086_,10.69µm
_00159_,10.69µm
_00449_,10.69µm
_00496_,10.69µm
_00659_,10.69µm
_00785_,10.69µm
_00895_,10.69µm
_00948_,10.69µm
_00950_,10.69µm
_01049_,10.69µm
_01096_,10.69µm
_01143_,10.69µm
_01204_,10.69µm
_01228_,10.69µm
_01274_,10.69µm
_01431_,10.69µm
_01476_,10.69µm
_01477_,10.69µm
_01479_,10.69µm
_01481_,10.69µm
_01484_,10.69µm
_01563_,10.69µm
_01568_,10.69µm
_01723_,10.69µm
_01979_,10.69µm
_02049_,10.69µm
_02059_,10.69µm
_02279_,10.69µm
_02293_,10.69µm
_02577_,10.69µm
_02706_,10.69µm
_02720_,10.69µm
_02809_,10.69µm
_03086_,10.69µm
_03254_,10.69µm
_03287_,10.69µm
_03627_,10.69µm
_04140_,10.69µm
_04148_,10.69µm
_04528_,10.69µm
_04553_,10.69µm
_04587_,10.69µm
_04638_,10.69µm
_04644_,10.69µm
_04712_,10.69µm
_04734_,10.69µm
_04782_,10.69µm
_04794_,10.69µm
_04899_,10.69µm
_04902_,10.69µm
_04932_,10.69µm
_05067_,10.69µm
_05069_,10.69µm
_05101_,10.69µm
_05159_,10.69µm
_05169_,10.69µm
_05212_,10.69µm
_05218_,10.69µm
_05671_,10.69µm
_05860_,10.69µm
_05897_,10.69µm
_06360_,10.69µm
_06506_,10.69µm
_06779_,10.69µm
_06857_,10.69µm
_07422_,10.69µm
_07789_,10.69µm
_07949_,10.69µm
_08352_,10.69µm
_08628_,10.69µm
_08701_,10.69µm
_08985_,10.69µm
_09242_,10.69µm
_09442_,10.69µm
_09531_,10.69µm
_09806_,10.69µm
_10193_,10.69µm
_10223_,10.69µm
_10270_,10.69µm
_10889_,10.69µm
_10908_,10.69µm
_10983_,10.69µm
_11020_,10.69µm
_11129_,10.69µm
_11174_,10.69µm
_11243_,10.69µm
_11292_,10.69µm
_11429_,10.69µm
_11650_,10.69µm
_11651_,10.69µm
_11833_,10.69µm
_12003_,10.69µm
_12491_,10.69µm
_12521_,10.69µm
_12561_,10.69µm
_12611_,10.69µm
_12689_,10.69µm
_12970_,10.69µm
_13060_,10.69µm
_13126_,10.69µm
_13214_,10.69µm
_13243_,10.69µm
_13372_,10.69µm
_13443_,10.69µm
_13444_,10.69µm
_13500_,10.69µm
_13653_,10.69µm
_13828_,10.69µm
_13897_,10.69µm
_13908_,10.69µm
_14252_,10.69µm
_14562_,10.69µm
_14713_,10.69µm
_14802_,10.69µm
_14940_,10.69µm
_15055_,10.69µm
_15595_,10.69µm
_15958_,10.69µm
_16156_,10.69µm
_16159_,10.69µm
_16168_,10.69µm
_16254_,10.69µm
_16287_,10.69µm
_16340_,10.69µm
_16522_,10.69µm
_16882_,10.69µm
_16982_,10.69µm
_17056_,10.69µm
_17367_,10.69µm
_17442_,10.69µm
_17485_,10.69µm
_17515_,10.69µm
_17621_,10.69µm
_18173_,10.69µm
_18206_,10.69µm
_18284_,10.69µm
_18346_,10.69µm
_18354_,10.69µm
_18362_,10.69µm
_18721_,10.69µm
_18725_,10.69µm
_18790_,10.69µm
_18837_,10.69µm
_19091_,10.69µm
_19417_,10.69µm
_19825_,10.69µm
_20680_,10.69µm
_20882_,10.69µm
_20986_,10.69µm
_21149_,10.69µm
_21216_,10.69µm
_21228_,10.69µm
_21485_,10.69µm
_21530_,10.69µm
_21565_,10.69µm
_21782_,10.69µm
_21833_,10.69µm
_21848_,10.69µm
_21922_,10.69µm
_21964_,10.69µm
_22014_,10.69µm
_22034_,10.69µm
_22037_,10.69µm
_22069_,10.69µm
_22093_,10.69µm
_22140_,10.69µm
_22204_,10.69µm
_22647_,10.69µm
_22662_,10.69µm
_22715_,10.69µm
_22850_,10.69µm
_23013_,10.69µm
_23031_,10.69µm
_23066_,10.69µm
_23289_,10.69µm
_23291_,10.69µm
_23309_,10.69µm
_23453_,10.69µm
_23629_,10.69µm
_23650_,10.69µm
_23801_,10.69µm
_23907_,10.69µm
_23987_,10.69µm
_24017_,10.69µm
_24057_,10.69µm
_24229_,10.69µm
_24267_,10.69µm
_24438_,10.69µm
_24457_,10.69µm
_24550_,10.69µm
_24598_,10.69µm
_24671_,10.69µm
_24758_,10.69µm
_24955_,10.69µm
_25318_,10.69µm
_25338_,10.69µm
_25593_,10.69µm
_25834_,10.69µm
_25849_,10.69µm
_25890_,10.69µm
_25957_,10.69µm
_25967_,10.69µm
_26002_,10.69µm
_26038_,10.69µm
_26119_,10.69µm
_26147_,10.69µm
_26246_,10.69µm
_26362_,10.69µm
_26508_,10.69µm
_26579_,10.69µm
_26591_,10.69µm
_27101_,10.69µm
_27417_,10.69µm
_27522_,10.69µm
_27574_,10.69µm
_27675_,10.69µm
_27798_,10.69µm
_27981_,10.69µm
i_core_v_mini_mcu.ao_peripheral_subsystem_i.mosaic_clint_i.mtimecmp_q\[44\],10.69µm
i_core_v_mini_mcu.ao_peripheral_subsystem_i.mosaic_clint_i.mtimecmp_q\[7\],10.69µm
i_core_v_mini_mcu.ao_peripheral_subsystem_i.obi_fifo_i.consumer_data_req\[54\],10.69µm
i_core_v_mini_mcu.ao_peripheral_subsystem_i.periph_to_reg_i.r_rdata_d\[5\],10.69µm
i_core_v_mini_mcu.ao_peripheral_subsystem_i.power_manager_i.power_manager_sequence_periph_reset_i.sequence_curr_state\[4\],10.69µm
i_core_v_mini_mcu.ao_peripheral_subsystem_i.spi_subsystem_i.obi_spimemio_i.obi_to_picorv32_i.picorv32_resp_i\[24\],10.69µm
i_core_v_mini_mcu.ao_peripheral_subsystem_i.spi_subsystem_i.obi_spimemio_i.spimemio_i.xfer.dummy_count\[2\],10.69µm
i_core_v_mini_mcu.cpu_subsystem_i.cpu_0_0.i_servile.cpu.alu.i_rd_sel\[0\],10.69µm
i_core_v_mini_mcu.cpu_subsystem_i.cpu_0_0.rf_ram_i.memory\[246\]\[1\],10.69µm
i_core_v_mini_mcu.cpu_subsystem_i.cpu_0_0.rf_ram_i.memory\[277\]\[1\],10.69µm
i_core_v_mini_mcu.cpu_subsystem_i.cpu_0_0.rf_ram_i.memory\[382\]\[0\],10.69µm
i_core_v_mini_mcu.cpu_subsystem_i.cpu_0_0.rf_ram_i.memory\[391\]\[0\],10.69µm
i_core_v_mini_mcu.cpu_subsystem_i.cpu_0_0.rf_ram_i.memory\[57\]\[1\],10.69µm
i_core_v_mini_mcu.cpu_subsystem_i.cpu_0_0.rf_ram_i.memory\[62\]\[0\],10.69µm
i_core_v_mini_mcu.cpu_subsystem_i.cpu_1_0.i_servile.cpu.alu.add_cy_r,10.69µm
i_core_v_mini_mcu.cpu_subsystem_i.cpu_1_0.i_servile.cpu.bufreg.i_sh_signed,10.69µm
i_core_v_mini_mcu.cpu_subsystem_i.cpu_1_0.i_servile.cpu.immdec.gen_immdec_w_eq_1.imm30_25\[5\],10.69µm
i_core_v_mini_mcu.cpu_subsystem_i.cpu_1_0.rf_ram_i.memory\[309\]\[1\],10.69µm
i_core_v_mini_mcu.cpu_subsystem_i.cpu_1_0.rf_ram_i.memory\[381\]\[0\],10.69µm
i_core_v_mini_mcu.cpu_subsystem_i.cpu_1_0.rf_ram_i.memory\[384\]\[0\],10.69µm
i_core_v_mini_mcu.cpu_subsystem_i.cpu_1_0.rf_ram_i.memory\[511\]\[1\],10.69µm
i_core_v_mini_mcu.memory_subsystem_i.ram0_i.tc_ram_i.sram\[13\]\[11\],10.69µm
i_core_v_mini_mcu.memory_subsystem_i.ram0_i.tc_ram_i.sram\[15\]\[30\],10.69µm
i_core_v_mini_mcu.memory_subsystem_i.ram0_i.tc_ram_i.sram\[23\]\[6\],10.69µm
i_core_v_mini_mcu.memory_subsystem_i.ram0_i.tc_ram_i.sram\[25\]\[20\],10.69µm
i_core_v_mini_mcu.memory_subsystem_i.ram0_i.tc_ram_i.sram\[28\]\[13\],10.69µm
i_core_v_mini_mcu.peripheral_subsystem_i.obi_fifo_i.consumer_data_req_q\[32\],10.69µm
i_core_v_mini_mcu.peripheral_subsystem_i.uart_i.uart_core.u_uart_rxfifo.gen_normal_fifo.under_rst,10.69µm
_00112_,10.64µm
_00179_,10.64µm
_00335_,10.64µm
_00348_,10.64µm
_00489_,10.64µm
_00554_,10.64µm
_00992_,10.64µm
_01103_,10.64µm
_01118_,10.64µm
_01130_,10.64µm
_01323_,10.64µm
_01393_,10.64µm
_01594_,10.64µm
_01623_,10.64µm
_01730_,10.64µm
_01781_,10.64µm
_01864_,10.64µm
_01919_,10.64µm
_01928_,10.64µm
_02015_,10.64µm
_02016_,10.64µm
_02162_,10.64µm
_02163_,10.64µm
_02351_,10.64µm
_02414_,10.64µm
_02440_,10.64µm
_02499_,10.64µm
_02528_,10.64µm
_02545_,10.64µm
_02621_,10.64µm
_02696_,10.64µm
_02714_,10.64µm
_02743_,10.64µm
_02759_,10.64µm
_02779_,10.64µm
_02877_,10.64µm
_02963_,10.64µm
_02986_,10.64µm
_03047_,10.64µm
_03191_,10.64µm
_03460_,10.64µm
_03508_,10.64µm
_03680_,10.64µm
_03757_,10.64µm
_03905_,10.64µm
_03908_,10.64µm
_03910_,10.64µm
_03954_,10.64µm
_03956_,10.64µm
_03962_,10.64µm
_03976_,10.64µm
_03988_,10.64µm
_03989_,10.64µm
_04012_,10.64µm
_04014_,10.64µm
_04017_,10.64µm
_04022_,10.64µm
_04085_,10.64µm
_04273_,10.64µm
_04345_,10.64µm
_04356_,10.64µm
_04405_,10.64µm
_04454_,10.64µm
_04507_,10.64µm
_04827_,10.64µm
_04952_,10.64µm
_04990_,10.64µm
_04993_,10.64µm
_05034_,10.64µm
_05063_,10.64µm
_05119_,10.64µm
_05382_,10.64µm
_05409_,10.64µm
_05459_,10.64µm
_05549_,10.64µm
_05605_,10.64µm
_05645_,10.64µm
_05697_,10.64µm
_05743_,10.64µm
_05812_,10.64µm
_06002_,10.64µm
_06088_,10.64µm
_06218_,10.64µm
_06252_,10.64µm
_06854_,10.64µm
_07031_,10.64µm
_07408_,10.64µm
_07558_,10.64µm
_07593_,10.64µm
_07806_,10.64µm
_07815_,10.64µm
_07909_,10.64µm
_08108_,10.64µm
_08229_,10.64µm
_08322_,10.64µm
_08447_,10.64µm
_08465_,10.64µm
_08509_,10.64µm
_08660_,10.64µm
_08710_,10.64µm
_09111_,10.64µm
_09135_,10.64µm
_09551_,10.64µm
_09693_,10.64µm
_09771_,10.64µm
_09777_,10.64µm
_10382_,10.64µm
_10664_,10.64µm
_10934_,10.64µm
_10951_,10.64µm
_11005_,10.64µm
_11190_,10.64µm
_11244_,10.64µm
_11260_,10.64µm
_11282_,10.64µm
_11307_,10.64µm
_11339_,10.64µm
_11368_,10.64µm
_11423_,10.64µm
_11452_,10.64µm
_11887_,10.64µm
_11977_,10.64µm
_12234_,10.64µm
_12391_,10.64µm
_12468_,10.64µm
_12507_,10.64µm
_12842_,10.64µm
_12903_,10.64µm
_12947_,10.64µm
_12964_,10.64µm
_12972_,10.64µm
_13073_,10.64µm
_13186_,10.64µm
_13205_,10.64µm
_13219_,10.64µm
_13221_,10.64µm
_13408_,10.64µm
_13595_,10.64µm
_13681_,10.64µm
_13864_,10.64µm
_13879_,10.64µm
_14071_,10.64µm
_14297_,10.64µm
_14578_,10.64µm
_14590_,10.64µm
_14615_,10.64µm
_14641_,10.64µm
_14691_,10.64µm
_14835_,10.64µm
_14926_,10.64µm
_14932_,10.64µm
_15089_,10.64µm
_15167_,10.64µm
_15170_,10.64µm
_15193_,10.64µm
_15260_,10.64µm
_15276_,10.64µm
_15309_,10.64µm
_15384_,10.64µm
_15393_,10.64µm
_15503_,10.64µm
_16126_,10.64µm
_16143_,10.64µm
_16162_,10.64µm
_16243_,10.64µm
_16248_,10.64µm
_16312_,10.64µm
_16315_,10.64µm
_16339_,10.64µm
_16343_,10.64µm
_16768_,10.64µm
_16823_,10.64µm
_17635_,10.64µm
_17930_,10.64µm
_17935_,10.64µm
_17973_,10.64µm
_18138_,10.64µm
_18254_,10.64µm
_18389_,10.64µm
_18465_,10.64µm
_18497_,10.64µm
_18589_,10.64µm
_18615_,10.64µm
_18646_,10.64µm
_18658_,10.64µm
_18688_,10.64µm
_18708_,10.64µm
_18713_,10.64µm
_18720_,10.64µm
_18786_,10.64µm
_18807_,10.64µm
_18834_,10.64µm
_18836_,10.64µm
_18866_,10.64µm
_19005_,10.64µm
_19191_,10.64µm
_19236_,10.64µm
_19283_,10.64µm
_19286_,10.64µm
_19427_,10.64µm
_19437_,10.64µm
_19454_,10.64µm
_19526_,10.64µm
_19557_,10.64µm
_19610_,10.64µm
_19669_,10.64µm
_19721_,10.64µm
_19814_,10.64µm
_19853_,10.64µm
_19906_,10.64µm
_19913_,10.64µm
_20060_,10.64µm
_20162_,10.64µm
_20229_,10.64µm
_20237_,10.64µm
_20267_,10.64µm
_20319_,10.64µm
_20548_,10.64µm
_20682_,10.64µm
_20727_,10.64µm
_20807_,10.64µm
_21011_,10.64µm
_21059_,10.64µm
_21114_,10.64µm
_21324_,10.64µm
_21339_,10.64µm
_21527_,10.64µm
_21667_,10.64µm
_21781_,10.64µm
_21844_,10.64µm
_22187_,10.64µm
_22217_,10.64µm
_22234_,10.64µm
_22391_,10.64µm
_22649_,10.64µm
_22732_,10.64µm
_22755_,10.64µm
_22759_,10.64µm
_22997_,10.64µm
_23034_,10.64µm
_23055_,10.64µm
_23161_,10.64µm
_23184_,10.64µm
_23219_,10.64µm
_23226_,10.64µm
_23255_,10.64µm
_23609_,10.64µm
_23812_,10.64µm
_23821_,10.64µm
_23827_,10.64µm
_24252_,10.64µm
_24472_,10.64µm
_24611_,10.64µm
_24916_,10.64µm
_25116_,10.64µm
_25124_,10.64µm
_25167_,10.64µm
_25208_,10.64µm
_25279_,10.64µm
_25465_,10.64µm
_25576_,10.64µm
_25623_,10.64µm
_25624_,10.64µm
_25657_,10.64µm
_25920_,10.64µm
_26616_,10.64µm
_26730_,10.64µm
_26749_,10.64µm
_27041_,10.64µm
_27345_,10.64µm
_27462_,10.64µm
_27498_,10.64µm
_27549_,10.64µm
_27683_,10.64µm
_27707_,10.64µm
_27748_,10.64µm
_27917_,10.64µm
_28083_,10.64µm
_28093_,10.64µm
i_core_v_mini_mcu.ao_peripheral_subsystem_i.power_manager_i.peripheral_subsystem_powergate_switch_ack_sync,10.64µm
i_core_v_mini_mcu.ao_peripheral_subsystem_i.power_manager_i.power_manager_reg_top_i.u_intr_state.wr_data\[6\],10.64µm
i_core_v_mini_mcu.ao_peripheral_subsystem_i.soc_ctrl_i.soc_ctrl_reg_top_i.system_frequency_hz_qs\[30\],10.64µm
i_core_v_mini_mcu.cpu_subsystem_i.cpu_0_0.rf_ram_i.memory\[274\]\[0\],10.64µm
i_core_v_mini_mcu.cpu_subsystem_i.cpu_0_0.rf_ram_i.memory\[303\]\[1\],10.64µm
i_core_v_mini_mcu.cpu_subsystem_i.cpu_0_0.rf_ram_i.memory\[533\]\[0\],10.64µm
i_core_v_mini_mcu.cpu_subsystem_i.cpu_1_0.i_servile.cpu.immdec.gen_immdec_w_eq_1.imm7,10.64µm
i_core_v_mini_mcu.cpu_subsystem_i.cpu_1_0.rf_ram_i.memory\[170\]\[0\],10.64µm
i_core_v_mini_mcu.cpu_subsystem_i.cpu_1_0.rf_ram_i.memory\[189\]\[1\],10.64µm
i_core_v_mini_mcu.cpu_subsystem_i.cpu_1_0.rf_ram_i.memory\[300\]\[0\],10.64µm
i_core_v_mini_mcu.cpu_subsystem_i.cpu_1_0.rf_ram_i.memory\[422\]\[1\],10.64µm
i_core_v_mini_mcu.memory_subsystem_i.ram0_i.tc_ram_i.sram\[15\]\[6\],10.64µm
i_core_v_mini_mcu.memory_subsystem_i.ram0_i.tc_ram_i.sram\[19\]\[23\],10.64µm
i_core_v_mini_mcu.memory_subsystem_i.ram0_i.tc_ram_i.sram\[27\]\[28\],10.64µm
i_core_v_mini_mcu.memory_subsystem_i.ram0_i.tc_ram_i.sram\[28\]\[25\],10.64µm
i_core_v_mini_mcu.memory_subsystem_i.ram0_i.tc_ram_i.sram\[6\]\[0\],10.64µm
i_core_v_mini_mcu.memory_subsystem_i.ram0_i.tc_ram_i.sram\[6\]\[23\],10.64µm
i_core_v_mini_mcu.peripheral_subsystem_i.uart_i.uart_core.u_uart_rxfifo.gen_normal_fifo.storage\[3\],10.64µm
_26871_,10.46µm
i_core_v_mini_mcu.cpu_subsystem_i.cpu_1_0.rf_ram_i.memory\[370\]\[0\],10.41µm
i_core_v_mini_mcu.memory_subsystem_i.ram0_i.tc_ram_i.sram\[12\]\[28\],10.41µm
i_core_v_mini_mcu.cpu_subsystem_i.cpu_0_0.rf_ram_i.memory\[110\]\[0\],10.36µm
i_core_v_mini_mcu.cpu_subsystem_i.cpu_0_0.rf_ram_i.memory\[510\]\[0\],10.36µm
i_core_v_mini_mcu.cpu_subsystem_i.cpu_0_0.rf_ram_i.memory\[88\]\[1\],10.36µm
_01940_,10.23µm
_04212_,10.23µm
_06083_,10.23µm
_08799_,10.23µm
_10209_,10.23µm
_11683_,10.23µm
_21550_,10.23µm
_24897_,10.23µm
i_core_v_mini_mcu.cpu_subsystem_i.cpu_0_0.i_servile.cpu.ctrl.o_ibus_adr\[9\],10.23µm
i_core_v_mini_mcu.cpu_subsystem_i.cpu_0_0.rf_ram_i.memory\[113\]\[1\],10.23µm
i_core_v_mini_mcu.cpu_subsystem_i.cpu_0_0.rf_ram_i.memory\[250\]\[0\],10.23µm
i_core_v_mini_mcu.cpu_subsystem_i.cpu_0_0.rf_ram_i.memory\[279\]\[1\],10.23µm
i_core_v_mini_mcu.cpu_subsystem_i.cpu_1_0.rf_ram_i.memory\[71\]\[1\],10.23µm
i_core_v_mini_mcu.memory_subsystem_i.ram0_i.tc_ram_i.sram\[26\]\[1\],10.23µm
i_core_v_mini_mcu.memory_subsystem_i.ram0_i.tc_ram_i.sram\[7\]\[20\],10.23µm
i_core_v_mini_mcu.peripheral_subsystem_i.uart_i.uart_core.uart_rx.sreg_q\[6\],10.23µm
_04695_,10.19µm
_01122_,10.18µm
_01901_,10.18µm
_04538_,10.18µm
_04824_,10.18µm
_06823_,10.18µm
_07861_,10.18µm
_08135_,10.18µm
_08542_,10.18µm
_09579_,10.18µm
_09607_,10.18µm
_10489_,10.18µm
_12525_,10.18µm
_12568_,10.18µm
_12788_,10.18µm
_12834_,10.18µm
_12866_,10.18µm
_13223_,10.18µm
_13383_,10.18µm
_13870_,10.18µm
_15396_,10.18µm
_15580_,10.18µm
_16049_,10.18µm
_16127_,10.18µm
_17331_,10.18µm
_18011_,10.18µm
_20573_,10.18µm
_21112_,10.18µm
_21323_,10.18µm
_21881_,10.18µm
_22383_,10.18µm
_22478_,10.18µm
_23363_,10.18µm
_24687_,10.18µm
_24711_,10.18µm
_24849_,10.18µm
_25973_,10.18µm
_26460_,10.18µm
_26816_,10.18µm
_27764_,10.18µm
i_core_v_mini_mcu.ao_peripheral_subsystem_i.spi_subsystem_i.obi_spimemio_i.obi_to_picorv32_i.obi_resp_o\[6\],10.18µm
i_core_v_mini_mcu.cpu_subsystem_i.cpu_0_0.i_servile.cpu.immdec.gen_immdec_w_eq_1.imm30_25\[3\],10.18µm
i_core_v_mini_mcu.cpu_subsystem_i.cpu_0_0.rf_ram_i.memory\[248\]\[0\],10.18µm
i_core_v_mini_mcu.cpu_subsystem_i.cpu_0_0.rf_ram_i.memory\[388\]\[1\],10.18µm
i_core_v_mini_mcu.cpu_subsystem_i.cpu_0_0.rf_ram_i.memory\[415\]\[1\],10.18µm
i_core_v_mini_mcu.cpu_subsystem_i.cpu_0_0.rf_ram_i.memory\[95\]\[1\],10.18µm
i_core_v_mini_mcu.cpu_subsystem_i.cpu_1_0.rf_ram_i.memory\[140\]\[0\],10.18µm
i_core_v_mini_mcu.cpu_subsystem_i.cpu_1_0.rf_ram_i.memory\[91\]\[1\],10.18µm
i_core_v_mini_mcu.memory_subsystem_i.ram0_i.tc_ram_i.sram\[23\]\[0\],10.18µm
i_core_v_mini_mcu.memory_subsystem_i.ram0_i.tc_ram_i.sram\[24\]\[10\],10.18µm
i_core_v_mini_mcu.memory_subsystem_i.ram0_i.tc_ram_i.sram\[26\]\[29\],10.18µm
i_core_v_mini_mcu.memory_subsystem_i.ram0_i.tc_ram_i.sram\[28\]\[0\],10.18µm
i_core_v_mini_mcu.memory_subsystem_i.ram0_i.tc_ram_i.sram\[28\]\[15\],10.18µm
i_core_v_mini_mcu.memory_subsystem_i.ram0_i.tc_ram_i.sram\[28\]\[2\],10.18µm
i_core_v_mini_mcu.memory_subsystem_i.ram0_i.tc_ram_i.sram\[2\]\[14\],10.18µm
i_core_v_mini_mcu.memory_subsystem_i.ram0_i.tc_ram_i.sram\[5\]\[22\],10.18µm
i_core_v_mini_mcu.peripheral_subsystem_i.obi_fifo_i.consumer_data_req_q\[30\],10.18µm
net1762,10.18µm
_00044_,10.13µm
_00223_,10.13µm
_00323_,10.13µm
_00561_,10.13µm
_00571_,10.13µm
_00699_,10.13µm
_00751_,10.13µm
_00821_,10.13µm
_00852_,10.13µm
_00865_,10.13µm
_00899_,10.13µm
_01240_,10.13µm
_01318_,10.13µm
_01345_,10.13µm
_01359_,10.13µm
_01531_,10.13µm
_01570_,10.13µm
_01601_,10.13µm
_01624_,10.13µm
_01672_,10.13µm
_01712_,10.13µm
_01799_,10.13µm
_02004_,10.13µm
_02026_,10.13µm
_02065_,10.13µm
_02248_,10.13µm
_02481_,10.13µm
_02565_,10.13µm
_02567_,10.13µm
_02594_,10.13µm
_02596_,10.13µm
_02618_,10.13µm
_02843_,10.13µm
_02844_,10.13µm
_02947_,10.13µm
_03223_,10.13µm
_03238_,10.13µm
_03311_,10.13µm
_03660_,10.13µm
_03716_,10.13µm
_03936_,10.13µm
_04075_,10.13µm
_04195_,10.13µm
_04228_,10.13µm
_04230_,10.13µm
_04334_,10.13µm
_04366_,10.13µm
_04582_,10.13µm
_04627_,10.13µm
_04637_,10.13µm
_04681_,10.13µm
_04699_,10.13µm
_04717_,10.13µm
_04842_,10.13µm
_04857_,10.13µm
_04872_,10.13µm
_04886_,10.13µm
_04956_,10.13µm
_05231_,10.13µm
_05285_,10.13µm
_05289_,10.13µm
_05787_,10.13µm
_05826_,10.13µm
_05985_,10.13µm
_06006_,10.13µm
_06362_,10.13µm
_06983_,10.13µm
_07102_,10.13µm
_07231_,10.13µm
_07563_,10.13µm
_07726_,10.13µm
_07739_,10.13µm
_08013_,10.13µm
_08206_,10.13µm
_08611_,10.13µm
_08667_,10.13µm
_08945_,10.13µm
_09453_,10.13µm
_09831_,10.13µm
_10391_,10.13µm
_10635_,10.13µm
_10659_,10.13µm
_10940_,10.13µm
_11051_,10.13µm
_11120_,10.13µm
_11325_,10.13µm
_11362_,10.13µm
_11480_,10.13µm
_11486_,10.13µm
_11768_,10.13µm
_11807_,10.13µm
_11905_,10.13µm
_12019_,10.13µm
_12035_,10.13µm
_12089_,10.13µm
_12210_,10.13µm
_12241_,10.13µm
_12263_,10.13µm
_12345_,10.13µm
_12393_,10.13µm
_12551_,10.13µm
_12584_,10.13µm
_12606_,10.13µm
_12709_,10.13µm
_13009_,10.13µm
_13448_,10.13µm
_13480_,10.13µm
_13669_,10.13µm
_14551_,10.13µm
_14606_,10.13µm
_14707_,10.13µm
_14806_,10.13µm
_14822_,10.13µm
_14886_,10.13µm
_14935_,10.13µm
_14967_,10.13µm
_15078_,10.13µm
_15125_,10.13µm
_15253_,10.13µm
_15443_,10.13µm
_15463_,10.13µm
_15658_,10.13µm
_15827_,10.13µm
_15912_,10.13µm
_15939_,10.13µm
_16655_,10.13µm
_17616_,10.13µm
_17704_,10.13µm
_17936_,10.13µm
_18065_,10.13µm
_18171_,10.13µm
_18256_,10.13µm
_18451_,10.13µm
_18552_,10.13µm
_18563_,10.13µm
_18711_,10.13µm
_18719_,10.13µm
_18938_,10.13µm
_19152_,10.13µm
_19154_,10.13µm
_19467_,10.13µm
_19611_,10.13µm
_19628_,10.13µm
_19933_,10.13µm
_19994_,10.13µm
_20318_,10.13µm
_20411_,10.13µm
_20416_,10.13µm
_20491_,10.13µm
_20709_,10.13µm
_20712_,10.13µm
_20784_,10.13µm
_20868_,10.13µm
_20869_,10.13µm
_20887_,10.13µm
_20943_,10.13µm
_20960_,10.13µm
_20983_,10.13µm
_21018_,10.13µm
_21168_,10.13µm
_21899_,10.13µm
_21903_,10.13µm
_22070_,10.13µm
_22072_,10.13µm
_22083_,10.13µm
_22103_,10.13µm
_22241_,10.13µm
_22528_,10.13µm
_22540_,10.13µm
_22653_,10.13µm
_22712_,10.13µm
_23221_,10.13µm
_23276_,10.13µm
_23630_,10.13µm
_24040_,10.13µm
_24142_,10.13µm
_24523_,10.13µm
_24614_,10.13µm
_24791_,10.13µm
_24965_,10.13µm
_25053_,10.13µm
_25600_,10.13µm
_25778_,10.13µm
_25828_,10.13µm
_26257_,10.13µm
_26286_,10.13µm
_26584_,10.13µm
_26630_,10.13µm
_26636_,10.13µm
_27012_,10.13µm
_27061_,10.13µm
_27148_,10.13µm
_27202_,10.13µm
_27351_,10.13µm
_27485_,10.13µm
_27627_,10.13µm
_27878_,10.13µm
i_core_v_mini_mcu.ao_peripheral_subsystem_i.spi_subsystem_i.obi_spimemio_i.spimemio_i.rd_addr\[9\],10.13µm
i_core_v_mini_mcu.cpu_subsystem_i.cpu_0_0.rf_ram_i.memory\[134\]\[1\],10.13µm
i_core_v_mini_mcu.cpu_subsystem_i.cpu_0_0.rf_ram_i.memory\[20\]\[0\],10.13µm
i_core_v_mini_mcu.cpu_subsystem_i.cpu_0_0.rf_ram_i.memory\[25\]\[1\],10.13µm
i_core_v_mini_mcu.cpu_subsystem_i.cpu_0_0.rf_ram_i.memory\[299\]\[0\],10.13µm
i_core_v_mini_mcu.cpu_subsystem_i.cpu_0_0.rf_ram_i.memory\[306\]\[0\],10.13µm
i_core_v_mini_mcu.cpu_subsystem_i.cpu_0_0.rf_ram_i.memory\[43\]\[0\],10.13µm
i_core_v_mini_mcu.cpu_subsystem_i.cpu_0_0.rf_ram_i.memory\[47\]\[0\],10.13µm
i_core_v_mini_mcu.cpu_subsystem_i.cpu_0_0.rf_ram_i.memory\[572\]\[1\],10.13µm
i_core_v_mini_mcu.cpu_subsystem_i.cpu_0_0.rf_ram_i.memory\[66\]\[0\],10.13µm
i_core_v_mini_mcu.cpu_subsystem_i.cpu_1_0.i_servile.arbiter.i_wb_cpu_dbus_adr\[12\],10.13µm
i_core_v_mini_mcu.cpu_subsystem_i.cpu_1_0.rf_ram_i.memory\[26\]\[1\],10.13µm
i_core_v_mini_mcu.cpu_subsystem_i.cpu_1_0.rf_ram_i.memory\[291\]\[1\],10.13µm
i_core_v_mini_mcu.cpu_subsystem_i.cpu_1_0.rf_ram_i.memory\[55\]\[1\],10.13µm
i_core_v_mini_mcu.memory_subsystem_i.ram0_i.tc_ram_i.sram\[18\]\[19\],10.13µm
i_core_v_mini_mcu.memory_subsystem_i.ram0_i.tc_ram_i.sram\[24\]\[25\],10.13µm
i_core_v_mini_mcu.memory_subsystem_i.ram0_i.tc_ram_i.sram\[3\]\[27\],10.13µm
i_core_v_mini_mcu.memory_subsystem_i.ram0_i.tc_ram_i.sram\[7\]\[12\],10.13µm
i_core_v_mini_mcu.memory_subsystem_i.ram0_i.tc_ram_i.sram\[8\]\[19\],10.13µm
net1711,10.13µm
net1898,10.13µm
_00297_,10.08µm
_00344_,10.08µm
_00371_,10.08µm
_00431_,10.08µm
_00459_,10.08µm
_00536_,10.08µm
_00620_,10.08µm
_00795_,10.08µm
_00917_,10.08µm
_00930_,10.08µm
_00991_,10.08µm
_01001_,10.08µm
_01075_,10.08µm
_01125_,10.08µm
_01142_,10.08µm
_01232_,10.08µm
_01277_,10.08µm
_01290_,10.08µm
_01558_,10.08µm
_01843_,10.08µm
_01865_,10.08µm
_01891_,10.08µm
_01972_,10.08µm
_02058_,10.08µm
_02215_,10.08µm
_02685_,10.08µm
_02687_,10.08µm
_02738_,10.08µm
_02773_,10.08µm
_02785_,10.08µm
_02879_,10.08µm
_02934_,10.08µm
_03022_,10.08µm
_03072_,10.08µm
_03106_,10.08µm
_03121_,10.08µm
_03245_,10.08µm
_03271_,10.08µm
_03295_,10.08µm
_03318_,10.08µm
_03338_,10.08µm
_03505_,10.08µm
_03506_,10.08µm
_03537_,10.08µm
_03570_,10.08µm
_03730_,10.08µm
_03854_,10.08µm
_03874_,10.08µm
_03895_,10.08µm
_03931_,10.08µm
_03987_,10.08µm
_04032_,10.08µm
_04443_,10.08µm
_04485_,10.08µm
_04583_,10.08µm
_04661_,10.08µm
_04819_,10.08µm
_05076_,10.08µm
_05081_,10.08µm
_05164_,10.08µm
_05242_,10.08µm
_05358_,10.08µm
_05371_,10.08µm
_05554_,10.08µm
_05561_,10.08µm
_05585_,10.08µm
_05707_,10.08µm
_05931_,10.08µm
_06170_,10.08µm
_06243_,10.08µm
_06312_,10.08µm
_06825_,10.08µm
_06975_,10.08µm
_07309_,10.08µm
_07532_,10.08µm
_07745_,10.08µm
_07753_,10.08µm
_07857_,10.08µm
_07885_,10.08µm
_07932_,10.08µm
_08176_,10.08µm
_08412_,10.08µm
_08624_,10.08µm
_08687_,10.08µm
_08691_,10.08µm
_08984_,10.08µm
_09202_,10.08µm
_09449_,10.08µm
_09802_,10.08µm
_09867_,10.08µm
_10004_,10.08µm
_10052_,10.08µm
_10374_,10.08µm
_10446_,10.08µm
_10472_,10.08µm
_10665_,10.08µm
_10879_,10.08µm
_10907_,10.08µm
_10919_,10.08µm
_11007_,10.08µm
_11086_,10.08µm
_11128_,10.08µm
_11158_,10.08µm
_11274_,10.08µm
_11301_,10.08µm
_11475_,10.08µm
_11596_,10.08µm
_11641_,10.08µm
_11849_,10.08µm
_11863_,10.08µm
_12057_,10.08µm
_12216_,10.08µm
_12365_,10.08µm
_12421_,10.08µm
_12789_,10.08µm
_12890_,10.08µm
_13065_,10.08µm
_13212_,10.08µm
_13270_,10.08µm
_13325_,10.08µm
_13387_,10.08µm
_13446_,10.08µm
_13601_,10.08µm
_13677_,10.08µm
_13726_,10.08µm
_13732_,10.08µm
_13785_,10.08µm
_14121_,10.08µm
_14129_,10.08µm
_14493_,10.08µm
_14502_,10.08µm
_14916_,10.08µm
_15074_,10.08µm
_15472_,10.08µm
_15474_,10.08µm
_15699_,10.08µm
_15972_,10.08µm
_16080_,10.08µm
_16178_,10.08µm
_16185_,10.08µm
_16294_,10.08µm
_16309_,10.08µm
_16329_,10.08µm
_16361_,10.08µm
_16593_,10.08µm
_16774_,10.08µm
_16789_,10.08µm
_16926_,10.08µm
_16965_,10.08µm
_17096_,10.08µm
_17133_,10.08µm
_17181_,10.08µm
_17213_,10.08µm
_17375_,10.08µm
_17695_,10.08µm
_17974_,10.08µm
_18112_,10.08µm
_18187_,10.08µm
_18422_,10.08µm
_18426_,10.08µm
_18503_,10.08µm
_18733_,10.08µm
_19023_,10.08µm
_19318_,10.08µm
_19536_,10.08µm
_19792_,10.08µm
_20189_,10.08µm
_20194_,10.08µm
_20731_,10.08µm
_20734_,10.08µm
_21174_,10.08µm
_21398_,10.08µm
_21441_,10.08µm
_21856_,10.08µm
_21982_,10.08µm
_22248_,10.08µm
_22490_,10.08µm
_22558_,10.08µm
_22622_,10.08µm
_22625_,10.08µm
_22689_,10.08µm
_22693_,10.08µm
_22757_,10.08µm
_22907_,10.08µm
_22920_,10.08µm
_22943_,10.08µm
_23036_,10.08µm
_23195_,10.08µm
_23426_,10.08µm
_23468_,10.08µm
_24090_,10.08µm
_24282_,10.08µm
_24294_,10.08µm
_24360_,10.08µm
_24383_,10.08µm
_24516_,10.08µm
_24865_,10.08µm
_24927_,10.08µm
_25419_,10.08µm
_25557_,10.08µm
_25562_,10.08µm
_25616_,10.08µm
_25864_,10.08µm
_25904_,10.08µm
_26066_,10.08µm
_26260_,10.08µm
_26273_,10.08µm
_26278_,10.08µm
_26534_,10.08µm
_26740_,10.08µm
_26833_,10.08µm
_26924_,10.08µm
_27167_,10.08µm
_27182_,10.08µm
_27298_,10.08µm
_27611_,10.08µm
_27709_,10.08µm
_27902_,10.08µm
_28073_,10.08µm
i_core_v_mini_mcu.ao_peripheral_subsystem_i.mosaic_clint_i.mtimecmp_q\[41\],10.08µm
i_core_v_mini_mcu.ao_peripheral_subsystem_i.mosaic_clint_i.mtimecmp_q\[53\],10.08µm
i_core_v_mini_mcu.ao_peripheral_subsystem_i.mosaic_clint_i.mtimecmp_q\[9\],10.08µm
i_core_v_mini_mcu.ao_peripheral_subsystem_i.spi_subsystem_i.obi_spimemio_i.obi_to_picorv32_i.obi_resp_o\[15\],10.08µm
i_core_v_mini_mcu.ao_peripheral_subsystem_i.spi_subsystem_i.obi_spimemio_i.spimemio_i.xfer.dummy_count\[1\],10.08µm
i_core_v_mini_mcu.cpu_subsystem_i.cpu_0_0.i_servile.arbiter.i_wb_cpu_dbus_adr\[22\],10.08µm
i_core_v_mini_mcu.cpu_subsystem_i.cpu_0_0.rf_ram_i.memory\[134\]\[0\],10.08µm
i_core_v_mini_mcu.cpu_subsystem_i.cpu_0_0.rf_ram_i.memory\[207\]\[1\],10.08µm
i_core_v_mini_mcu.cpu_subsystem_i.cpu_0_0.rf_ram_i.memory\[477\]\[1\],10.08µm
i_core_v_mini_mcu.cpu_subsystem_i.cpu_0_0.rf_ram_i.memory\[89\]\[1\],10.08µm
i_core_v_mini_mcu.cpu_subsystem_i.cpu_0_0.rf_ram_i.memory\[94\]\[0\],10.08µm
i_core_v_mini_mcu.cpu_subsystem_i.cpu_1_0.rf_ram_i.memory\[373\]\[0\],10.08µm
i_core_v_mini_mcu.memory_subsystem_i.ram0_i.tc_ram_i.sram\[12\]\[1\],10.08µm
i_core_v_mini_mcu.memory_subsystem_i.ram0_i.tc_ram_i.sram\[19\]\[2\],10.08µm
i_core_v_mini_mcu.memory_subsystem_i.ram0_i.tc_ram_i.sram\[19\]\[6\],10.08µm
i_core_v_mini_mcu.memory_subsystem_i.ram0_i.tc_ram_i.sram\[23\]\[3\],10.08µm
i_core_v_mini_mcu.memory_subsystem_i.ram0_i.tc_ram_i.sram\[25\]\[10\],10.08µm
i_core_v_mini_mcu.memory_subsystem_i.ram0_i.tc_ram_i.sram\[25\]\[12\],10.08µm
i_core_v_mini_mcu.memory_subsystem_i.ram0_i.tc_ram_i.sram\[5\]\[31\],10.08µm
i_core_v_mini_mcu.memory_subsystem_i.ram0_i.tc_ram_i.sram\[7\]\[31\],10.08µm
net1822,10.08µm
net1859,10.08µm
_12926_,9.95µm
i_core_v_mini_mcu.cpu_subsystem_i.cpu_0_0.rf_ram_i.memory\[209\]\[1\],9.85µm
_19844_,9.8µm
i_core_v_mini_mcu.cpu_subsystem_i.cpu_1_0.rf_ram_i.memory\[98\]\[1\],9.8µm
i_core_v_mini_mcu.memory_subsystem_i.ram0_i.tc_ram_i.sram\[5\]\[3\],9.8µm
i_core_v_mini_mcu.memory_subsystem_i.ram0_i.tc_ram_i.sram\[9\]\[5\],9.8µm
i_core_v_mini_mcu.cpu_subsystem_i.cpu_0_0.rf_ram_i.memory\[266\]\[1\],9.76µm
_07369_,9.67µm
_09272_,9.67µm
_10451_,9.67µm
_10829_,9.67µm
_15979_,9.67µm
_28095_,9.67µm
i_core_v_mini_mcu.cpu_subsystem_i.cpu_0_0.rf_ram_i.memory\[496\]\[1\],9.67µm
i_core_v_mini_mcu.cpu_subsystem_i.cpu_0_0.rf_ram_i.memory\[529\]\[0\],9.67µm
i_core_v_mini_mcu.cpu_subsystem_i.cpu_0_0.rf_ram_i.memory\[64\]\[1\],9.67µm
i_core_v_mini_mcu.cpu_subsystem_i.cpu_1_0.i_servile.arbiter.i_wb_cpu_dbus_adr\[3\],9.67µm
i_core_v_mini_mcu.cpu_subsystem_i.cpu_1_0.rf_ram_i.memory\[176\]\[0\],9.67µm
i_core_v_mini_mcu.cpu_subsystem_i.cpu_1_0.rf_ram_i.memory\[245\]\[0\],9.67µm
i_core_v_mini_mcu.cpu_subsystem_i.cpu_1_0.rf_ram_i.memory\[29\]\[0\],9.67µm
i_core_v_mini_mcu.memory_subsystem_i.ram0_i.tc_ram_i.sram\[10\]\[0\],9.67µm
i_core_v_mini_mcu.memory_subsystem_i.ram0_i.tc_ram_i.sram\[16\]\[6\],9.67µm
i_core_v_mini_mcu.memory_subsystem_i.ram0_i.tc_ram_i.sram\[27\]\[30\],9.67µm
_00362_,9.62µm
_05542_,9.62µm
_06017_,9.62µm
_06778_,9.62µm
_08910_,9.62µm
_09238_,9.62µm
_09434_,9.62µm
_10690_,9.62µm
_11406_,9.62µm
_11822_,9.62µm
_11840_,9.62µm
_13654_,9.62µm
_14841_,9.62µm
_14983_,9.62µm
_15154_,9.62µm
_16630_,9.62µm
_16851_,9.62µm
_17210_,9.62µm
_19678_,9.62µm
_20745_,9.62µm
_21244_,9.62µm
_21388_,9.62µm
_21424_,9.62µm
_21937_,9.62µm
_21967_,9.62µm
_22090_,9.62µm
_22475_,9.62µm
_22701_,9.62µm
_23294_,9.62µm
_23307_,9.62µm
_24794_,9.62µm
_25157_,9.62µm
_25462_,9.62µm
_27052_,9.62µm
_27511_,9.62µm
_27521_,9.62µm
_27835_,9.62µm
i_core_v_mini_mcu.ao_peripheral_subsystem_i.mosaic_clint_i.mtimecmp_q\[59\],9.62µm
i_core_v_mini_mcu.ao_peripheral_subsystem_i.power_manager_i.power_manager_reg_top_i.u_intr_state.wr_data\[4\],9.62µm
i_core_v_mini_mcu.ao_peripheral_subsystem_i.soc_ctrl_i.reg2hw\[19\],9.62µm
i_core_v_mini_mcu.cpu_subsystem_i.cpu_0_0.rf_ram_i.memory\[191\]\[0\],9.62µm
i_core_v_mini_mcu.cpu_subsystem_i.cpu_0_0.rf_ram_i.memory\[472\]\[1\],9.62µm
i_core_v_mini_mcu.cpu_subsystem_i.cpu_1_0.rf_ram_i.memory\[174\]\[1\],9.62µm
i_core_v_mini_mcu.cpu_subsystem_i.cpu_1_0.rf_ram_i.memory\[23\]\[1\],9.62µm
i_core_v_mini_mcu.cpu_subsystem_i.cpu_1_0.rf_ram_i.memory\[278\]\[1\],9.62µm
i_core_v_mini_mcu.cpu_subsystem_i.cpu_1_0.rf_ram_i.memory\[329\]\[1\],9.62µm
i_core_v_mini_mcu.cpu_subsystem_i.cpu_1_0.rf_ram_i.memory\[337\]\[1\],9.62µm
i_core_v_mini_mcu.cpu_subsystem_i.cpu_1_0.rf_ram_i.memory\[460\]\[0\],9.62µm
i_core_v_mini_mcu.memory_subsystem_i.ram0_i.tc_ram_i.sram\[11\]\[8\],9.62µm
i_core_v_mini_mcu.memory_subsystem_i.ram0_i.tc_ram_i.sram\[25\]\[4\],9.62µm
i_core_v_mini_mcu.memory_subsystem_i.ram0_i.tc_ram_i.sram\[2\]\[17\],9.62µm
i_core_v_mini_mcu.memory_subsystem_i.ram0_i.tc_ram_i.sram\[3\]\[21\],9.62µm
i_core_v_mini_mcu.memory_subsystem_i.ram0_i.tc_ram_i.sram\[6\]\[21\],9.62µm
i_core_v_mini_mcu.peripheral_subsystem_i.obi_fifo_i.consumer_data_req\[21\],9.62µm
i_core_v_mini_mcu.peripheral_subsystem_i.uart_i.uart_core.u_uart_rxfifo.gen_normal_fifo.storage\[14\],9.62µm
_00054_,9.57µm
_00074_,9.57µm
_00075_,9.57µm
_00084_,9.57µm
_00121_,9.57µm
_00130_,9.57µm
_00176_,9.57µm
_00520_,9.57µm
_00613_,9.57µm
_00767_,9.57µm
_00938_,9.57µm
_00963_,9.57µm
_01041_,9.57µm
_01208_,9.57µm
_01235_,9.57µm
_01269_,9.57µm
_01500_,9.57µm
_01547_,9.57µm
_01571_,9.57µm
_01637_,9.57µm
_01641_,9.57µm
_01669_,9.57µm
_01715_,9.57µm
_01835_,9.57µm
_01837_,9.57µm
_01906_,9.57µm
_01908_,9.57µm
_01914_,9.57µm
_02002_,9.57µm
_02005_,9.57µm
_02134_,9.57µm
_02228_,9.57µm
_02302_,9.57µm
_02488_,9.57µm
_02564_,9.57µm
_02571_,9.57µm
_02622_,9.57µm
_02705_,9.57µm
_02737_,9.57µm
_02811_,9.57µm
_02961_,9.57µm
_03077_,9.57µm
_03401_,9.57µm
_03916_,9.57µm
_04011_,9.57µm
_04089_,9.57µm
_04180_,9.57µm
_04254_,9.57µm
_04282_,9.57µm
_04300_,9.57µm
_04379_,9.57µm
_04554_,9.57µm
_04589_,9.57µm
_04690_,9.57µm
_04692_,9.57µm
_04696_,9.57µm
_04708_,9.57µm
_04715_,9.57µm
_04749_,9.57µm
_04785_,9.57µm
_04787_,9.57µm
_04814_,9.57µm
_04890_,9.57µm
_04943_,9.57µm
_05311_,9.57µm
_05318_,9.57µm
_05355_,9.57µm
_05532_,9.57µm
_05825_,9.57µm
_05906_,9.57µm
_05984_,9.57µm
_06166_,9.57µm
_06184_,9.57µm
_06308_,9.57µm
_06693_,9.57µm
_06739_,9.57µm
_06827_,9.57µm
_07181_,9.57µm
_07504_,9.57µm
_08363_,9.57µm
_08613_,9.57µm
_08662_,9.57µm
_08828_,9.57µm
_09067_,9.57µm
_09405_,9.57µm
_09499_,9.57µm
_10376_,9.57µm
_10715_,9.57µm
_11018_,9.57µm
_11088_,9.57µm
_11191_,9.57µm
_11236_,9.57µm
_11330_,9.57µm
_11379_,9.57µm
_11568_,9.57µm
_11802_,9.57µm
_11917_,9.57µm
_11925_,9.57µm
_12087_,9.57µm
_12237_,9.57µm
_12555_,9.57µm
_12643_,9.57µm
_12706_,9.57µm
_12708_,9.57µm
_12820_,9.57µm
_12918_,9.57µm
_13083_,9.57µm
_13236_,9.57µm
_13389_,9.57µm
_13451_,9.57µm
_13545_,9.57µm
_13956_,9.57µm
_14037_,9.57µm
_14046_,9.57µm
_14364_,9.57µm
_14427_,9.57µm
_14547_,9.57µm
_14572_,9.57µm
_14630_,9.57µm
_14666_,9.57µm
_14694_,9.57µm
_14832_,9.57µm
_14847_,9.57µm
_14911_,9.57µm
_15238_,9.57µm
_15481_,9.57µm
_15510_,9.57µm
_15819_,9.57µm
_15848_,9.57µm
_15866_,9.57µm
_16031_,9.57µm
_16055_,9.57µm
_16153_,9.57µm
_16346_,9.57µm
_16461_,9.57µm
_16557_,9.57µm
_16646_,9.57µm
_16820_,9.57µm
_17019_,9.57µm
_17099_,9.57µm
_17142_,9.57µm
_17345_,9.57µm
_17435_,9.57µm
_17944_,9.57µm
_18059_,9.57µm
_18282_,9.57µm
_18306_,9.57µm
_18714_,9.57µm
_19328_,9.57µm
_19455_,9.57µm
_19471_,9.57µm
_19587_,9.57µm
_19658_,9.57µm
_19713_,9.57µm
_19756_,9.57µm
_19797_,9.57µm
_19891_,9.57µm
_19899_,9.57µm
_19989_,9.57µm
_20016_,9.57µm
_20029_,9.57µm
_20030_,9.57µm
_20082_,9.57µm
_20145_,9.57µm
_20631_,9.57µm
_21125_,9.57µm
_21291_,9.57µm
_21309_,9.57µm
_21330_,9.57µm
_21469_,9.57µm
_21698_,9.57µm
_21774_,9.57µm
_21858_,9.57µm
_21875_,9.57µm
_21913_,9.57µm
_21918_,9.57µm
_22143_,9.57µm
_22237_,9.57µm
_22251_,9.57µm
_22270_,9.57µm
_22399_,9.57µm
_22549_,9.57µm
_22989_,9.57µm
_23084_,9.57µm
_23125_,9.57µm
_23364_,9.57µm
_23511_,9.57µm
_23640_,9.57µm
_23659_,9.57µm
_23712_,9.57µm
_23901_,9.57µm
_23968_,9.57µm
_24216_,9.57µm
_24327_,9.57µm
_24394_,9.57µm
_24634_,9.57µm
_24635_,9.57µm
_24659_,9.57µm
_24828_,9.57µm
_24872_,9.57µm
_25423_,9.57µm
_25721_,9.57µm
_25744_,9.57µm
_25796_,9.57µm
_26040_,9.57µm
_26091_,9.57µm
_26211_,9.57µm
_26247_,9.57µm
_26275_,9.57µm
_26313_,9.57µm
_26445_,9.57µm
_26540_,9.57µm
_26733_,9.57µm
_26980_,9.57µm
_27047_,9.57µm
_27108_,9.57µm
_27163_,9.57µm
_27446_,9.57µm
_27475_,9.57µm
_27505_,9.57µm
_27690_,9.57µm
i_core_v_mini_mcu.ao_peripheral_subsystem_i.obi_fifo_i.consumer_data_req\[59\],9.57µm
i_core_v_mini_mcu.ao_peripheral_subsystem_i.power_manager_i.cpu_subsystem_powergate_switch_ack_sync,9.57µm
i_core_v_mini_mcu.ao_peripheral_subsystem_i.spi_subsystem_i.obi_spimemio_i.spimemio_i.din_data\[4\],9.57µm
i_core_v_mini_mcu.cpu_subsystem_i.cpu_0_0.mem_outstanding_q,9.57µm
i_core_v_mini_mcu.cpu_subsystem_i.cpu_0_0.rf_ram_i.memory\[238\]\[1\],9.57µm
i_core_v_mini_mcu.cpu_subsystem_i.cpu_0_0.rf_ram_i.memory\[285\]\[0\],9.57µm
i_core_v_mini_mcu.cpu_subsystem_i.cpu_0_0.rf_ram_i.memory\[481\]\[0\],9.57µm
i_core_v_mini_mcu.cpu_subsystem_i.cpu_0_0.rf_ram_i.memory\[65\]\[0\],9.57µm
i_core_v_mini_mcu.cpu_subsystem_i.cpu_1_0.rf_ram_i.memory\[122\]\[0\],9.57µm
i_core_v_mini_mcu.cpu_subsystem_i.cpu_1_0.rf_ram_i.memory\[182\]\[1\],9.57µm
i_core_v_mini_mcu.cpu_subsystem_i.cpu_1_0.rf_ram_i.memory\[414\]\[0\],9.57µm
i_core_v_mini_mcu.cpu_subsystem_i.cpu_1_0.rf_ram_i.memory\[95\]\[0\],9.57µm
i_core_v_mini_mcu.memory_subsystem_i.ram0_i.tc_ram_i.r_addr_q\[3\],9.57µm
i_core_v_mini_mcu.memory_subsystem_i.ram0_i.tc_ram_i.sram\[13\]\[13\],9.57µm
i_core_v_mini_mcu.memory_subsystem_i.ram0_i.tc_ram_i.sram\[13\]\[1\],9.57µm
i_core_v_mini_mcu.memory_subsystem_i.ram0_i.tc_ram_i.sram\[16\]\[3\],9.57µm
i_core_v_mini_mcu.memory_subsystem_i.ram0_i.tc_ram_i.sram\[19\]\[21\],9.57µm
i_core_v_mini_mcu.memory_subsystem_i.ram0_i.tc_ram_i.sram\[25\]\[13\],9.57µm
i_core_v_mini_mcu.memory_subsystem_i.ram0_i.tc_ram_i.sram\[29\]\[19\],9.57µm
i_core_v_mini_mcu.memory_subsystem_i.ram0_i.tc_ram_i.sram\[2\]\[20\],9.57µm
i_core_v_mini_mcu.memory_subsystem_i.ram0_i.tc_ram_i.sram\[5\]\[20\],9.57µm
i_core_v_mini_mcu.peripheral_subsystem_i.obi_fifo_i.consumer_data_req\[30\],9.57µm
i_core_v_mini_mcu.peripheral_subsystem_i.periph_to_reg_i.r_rdata_d\[20\],9.57µm
i_core_v_mini_mcu.peripheral_subsystem_i.uart_i.uart_core.rx_watermark_prev_q,9.57µm
_00195_,9.52µm
_00474_,9.52µm
_00481_,9.52µm
_00578_,9.52µm
_00622_,9.52µm
_00877_,9.52µm
_00988_,9.52µm
_01052_,9.52µm
_01180_,9.52µm
_01192_,9.52µm
_01397_,9.52µm
_01522_,9.52µm
_01537_,9.52µm
_01627_,9.52µm
_01670_,9.52µm
_01770_,9.52µm
_01882_,9.52µm
_02184_,9.52µm
_02226_,9.52µm
_02245_,9.52µm
_02268_,9.52µm
_02341_,9.52µm
_02402_,9.52µm
_02630_,9.52µm
_02733_,9.52µm
_02762_,9.52µm
_02768_,9.52µm
_02838_,9.52µm
_02965_,9.52µm
_03057_,9.52µm
_03084_,9.52µm
_03097_,9.52µm
_03110_,9.52µm
_03145_,9.52µm
_03162_,9.52µm
_03163_,9.52µm
_03216_,9.52µm
_03359_,9.52µm
_03360_,9.52µm
_03529_,9.52µm
_03541_,9.52µm
_03565_,9.52µm
_03587_,9.52µm
_03593_,9.52µm
_03620_,9.52µm
_03760_,9.52µm
_03841_,9.52µm
_03843_,9.52µm
_03859_,9.52µm
_03937_,9.52µm
_03948_,9.52µm
_03950_,9.52µm
_03997_,9.52µm
_04001_,9.52µm
_04008_,9.52µm
_04203_,9.52µm
_04325_,9.52µm
_04611_,9.52µm
_04772_,9.52µm
_04836_,9.52µm
_04882_,9.52µm
_04920_,9.52µm
_04942_,9.52µm
_04955_,9.52µm
_04969_,9.52µm
_05040_,9.52µm
_05042_,9.52µm
_05115_,9.52µm
_05145_,9.52µm
_05152_,9.52µm
_05230_,9.52µm
_06003_,9.52µm
_06028_,9.52µm
_06321_,9.52µm
_06350_,9.52µm
_06372_,9.52µm
_06512_,9.52µm
_06589_,9.52µm
_07314_,9.52µm
_07573_,9.52µm
_07620_,9.52µm
_07993_,9.52µm
_08087_,9.52µm
_08194_,9.52µm
_08456_,9.52µm
_08470_,9.52µm
_08561_,9.52µm
_08597_,9.52µm
_08669_,9.52µm
_08684_,9.52µm
_08789_,9.52µm
_09160_,9.52µm
_09282_,9.52µm
_09414_,9.52µm
_09582_,9.52µm
_09669_,9.52µm
_09827_,9.52µm
_10066_,9.52µm
_10126_,9.52µm
_10818_,9.52µm
_10859_,9.52µm
_11030_,9.52µm
_11311_,9.52µm
_11328_,9.52µm
_11374_,9.52µm
_11538_,9.52µm
_11543_,9.52µm
_11576_,9.52µm
_11668_,9.52µm
_11695_,9.52µm
_11924_,9.52µm
_12061_,9.52µm
_12262_,9.52µm
_12277_,9.52µm
_12386_,9.52µm
_12665_,9.52µm
_12670_,9.52µm
_12676_,9.52µm
_12839_,9.52µm
_13040_,9.52µm
_13213_,9.52µm
_13501_,9.52µm
_13503_,9.52µm
_13510_,9.52µm
_13625_,9.52µm
_13728_,9.52µm
_13738_,9.52µm
_13805_,9.52µm
_14075_,9.52µm
_14202_,9.52µm
_14575_,9.52µm
_14891_,9.52µm
_15058_,9.52µm
_15145_,9.52µm
_15461_,9.52µm
_15555_,9.52µm
_15849_,9.52µm
_15922_,9.52µm
_16132_,9.52µm
_16586_,9.52µm
_16763_,9.52µm
_17188_,9.52µm
_17336_,9.52µm
_17448_,9.52µm
_17607_,9.52µm
_17608_,9.52µm
_17767_,9.52µm
_17773_,9.52µm
_17867_,9.52µm
_18009_,9.52µm
_18088_,9.52µm
_18495_,9.52µm
_18662_,9.52µm
_18686_,9.52µm
_18898_,9.52µm
_19111_,9.52µm
_19144_,9.52µm
_19171_,9.52µm
_19281_,9.52µm
_19719_,9.52µm
_19956_,9.52µm
_20054_,9.52µm
_20218_,9.52µm
_20409_,9.52µm
_20783_,9.52µm
_21083_,9.52µm
_21199_,9.52µm
_21231_,9.52µm
_21326_,9.52µm
_21685_,9.52µm
_21718_,9.52µm
_21822_,9.52µm
_21958_,9.52µm
_22009_,9.52µm
_22380_,9.52µm
_22499_,9.52µm
_22661_,9.52µm
_22686_,9.52µm
_22739_,9.52µm
_22785_,9.52µm
_23214_,9.52µm
_23532_,9.52µm
_23625_,9.52µm
_23771_,9.52µm
_23854_,9.52µm
_24380_,9.52µm
_24398_,9.52µm
_24501_,9.52µm
_24557_,9.52µm
_24739_,9.52µm
_24744_,9.52µm
_24842_,9.52µm
_24961_,9.52µm
_25014_,9.52µm
_25287_,9.52µm
_25330_,9.52µm
_25348_,9.52µm
_25430_,9.52µm
_25575_,9.52µm
_25763_,9.52µm
_25918_,9.52µm
_26046_,9.52µm
_26542_,9.52µm
_26551_,9.52µm
_27022_,9.52µm
_27064_,9.52µm
_27082_,9.52µm
_27150_,9.52µm
_27323_,9.52µm
_27329_,9.52µm
_27333_,9.52µm
_27491_,9.52µm
_27750_,9.52µm
_27975_,9.52µm
_28039_,9.52µm
i_core_v_mini_mcu.ao_peripheral_subsystem_i.power_manager_i.power_manager_counter_sequence_cpu_iso_i.sequence_curr_state\[2\],9.52µm
i_core_v_mini_mcu.ao_peripheral_subsystem_i.spi_subsystem_i.obi_spimemio_i.spimemio_i.din_data\[6\],9.52µm
i_core_v_mini_mcu.ao_peripheral_subsystem_i.tdu_core_park_o\[1\],9.52µm
i_core_v_mini_mcu.cpu_subsystem_i.cpu_0_0.rf_ram_i.memory\[122\]\[1\],9.52µm
i_core_v_mini_mcu.cpu_subsystem_i.cpu_0_0.rf_ram_i.memory\[195\]\[0\],9.52µm
i_core_v_mini_mcu.cpu_subsystem_i.cpu_0_0.rf_ram_i.memory\[242\]\[1\],9.52µm
i_core_v_mini_mcu.cpu_subsystem_i.cpu_0_0.rf_ram_i.memory\[445\]\[1\],9.52µm
i_core_v_mini_mcu.cpu_subsystem_i.cpu_0_0.rf_ram_i.memory\[67\]\[0\],9.52µm
i_core_v_mini_mcu.cpu_subsystem_i.cpu_1_0.rf_ram_i.memory\[384\]\[1\],9.52µm
i_core_v_mini_mcu.memory_subsystem_i.ram0_i.tc_ram_i.sram\[11\]\[27\],9.52µm
i_core_v_mini_mcu.memory_subsystem_i.ram0_i.tc_ram_i.sram\[19\]\[19\],9.52µm
i_core_v_mini_mcu.memory_subsystem_i.ram0_i.tc_ram_i.sram\[27\]\[22\],9.52µm
i_core_v_mini_mcu.memory_subsystem_i.ram0_i.tc_ram_i.sram\[5\]\[21\],9.52µm
i_core_v_mini_mcu.memory_subsystem_i.ram0_i.tc_ram_i.sram\[7\]\[10\],9.52µm
i_core_v_mini_mcu.peripheral_subsystem_i.uart_i.uart_core.u_uart_rxfifo.gen_normal_fifo.storage\[28\],9.52µm
i_core_v_mini_mcu.system_bus_i.system_xbar_i.gen_xbar_NtoM.i_xbar.gen_inputs\[1\].i_addr_dec_resp_mux.valid_inflight_d,9.52µm
_22717_,9.29µm
i_core_v_mini_mcu.cpu_subsystem_i.cpu_0_0.rf_ram_i.memory\[429\]\[1\],9.29µm
_25477_,9.24µm
i_core_v_mini_mcu.cpu_subsystem_i.cpu_0_0.rf_ram_i.memory\[560\]\[1\],9.24µm
i_core_v_mini_mcu.memory_subsystem_i.ram0_i.tc_ram_i.sram\[1\]\[7\],9.14µm
_05655_,9.11µm
_05791_,9.11µm
_09457_,9.11µm
_23240_,9.11µm
_23666_,9.11µm
_23846_,9.11µm
_25045_,9.11µm
_26857_,9.11µm
_27679_,9.11µm
i_core_v_mini_mcu.cpu_subsystem_i.cpu_0_0.rf_ram_i.memory\[159\]\[0\],9.11µm
i_core_v_mini_mcu.cpu_subsystem_i.cpu_0_0.rf_ram_i.memory\[304\]\[1\],9.11µm
i_core_v_mini_mcu.cpu_subsystem_i.cpu_0_0.rf_ram_i.memory\[318\]\[1\],9.11µm
i_core_v_mini_mcu.cpu_subsystem_i.cpu_0_0.rf_ram_i.memory\[40\]\[0\],9.11µm
i_core_v_mini_mcu.cpu_subsystem_i.cpu_1_0.rf_ram_i.memory\[368\]\[1\],9.11µm
i_core_v_mini_mcu.memory_subsystem_i.ram0_i.tc_ram_i.sram\[25\]\[19\],9.11µm
i_core_v_mini_mcu.memory_subsystem_i.ram0_i.tc_ram_i.sram\[7\]\[28\],9.11µm
_00514_,9.06µm
_00548_,9.06µm
_00918_,9.06µm
_01059_,9.06µm
_01506_,9.06µm
_01578_,9.06µm
_01862_,9.06µm
_01982_,9.06µm
_02196_,9.06µm
_02645_,9.06µm
_04102_,9.06µm
_05526_,9.06µm
_05635_,9.06µm
_06265_,9.06µm
_07572_,9.06µm
_07817_,9.06µm
_08693_,9.06µm
_08784_,9.06µm
_09323_,9.06µm
_11136_,9.06µm
_11728_,9.06µm
_12858_,9.06µm
_12982_,9.06µm
_13082_,9.06µm
_13447_,9.06µm
_13456_,9.06µm
_14845_,9.06µm
_14874_,9.06µm
_14985_,9.06µm
_15175_,9.06µm
_15224_,9.06µm
_15324_,9.06µm
_15560_,9.06µm
_15886_,9.06µm
_16995_,9.06µm
_17569_,9.06µm
_18072_,9.06µm
_19138_,9.06µm
_19411_,9.06µm
_19859_,9.06µm
_19905_,9.06µm
_20236_,9.06µm
_20837_,9.06µm
_20950_,9.06µm
_21415_,9.06µm
_21650_,9.06µm
_21911_,9.06µm
_22161_,9.06µm
_22461_,9.06µm
_22606_,9.06µm
_22796_,9.06µm
_22964_,9.06µm
_23054_,9.06µm
_23474_,9.06µm
_23671_,9.06µm
_24146_,9.06µm
_25389_,9.06µm
_25547_,9.06µm
_26872_,9.06µm
_26977_,9.06µm
_27191_,9.06µm
i_core_v_mini_mcu.cpu_subsystem_i.cpu_0_0.rf_ram_i.memory\[169\]\[1\],9.06µm
i_core_v_mini_mcu.cpu_subsystem_i.cpu_0_0.rf_ram_i.memory\[388\]\[0\],9.06µm
i_core_v_mini_mcu.cpu_subsystem_i.cpu_0_0.rf_ram_i.memory\[435\]\[1\],9.06µm
i_core_v_mini_mcu.cpu_subsystem_i.cpu_0_0.rf_ram_i.memory\[503\]\[0\],9.06µm
i_core_v_mini_mcu.cpu_subsystem_i.cpu_0_0.rf_ram_i.memory\[537\]\[1\],9.06µm
i_core_v_mini_mcu.cpu_subsystem_i.cpu_1_0.rf_ram_i.memory\[331\]\[1\],9.06µm
i_core_v_mini_mcu.cpu_subsystem_i.cpu_1_0.rf_ram_i.memory\[383\]\[0\],9.06µm
i_core_v_mini_mcu.memory_subsystem_i.ram0_i.tc_ram_i.sram\[16\]\[0\],9.06µm
i_core_v_mini_mcu.memory_subsystem_i.ram0_i.tc_ram_i.sram\[16\]\[12\],9.06µm
i_core_v_mini_mcu.memory_subsystem_i.ram0_i.tc_ram_i.sram\[1\]\[2\],9.06µm
i_core_v_mini_mcu.memory_subsystem_i.ram0_i.tc_ram_i.sram\[25\]\[26\],9.06µm
i_core_v_mini_mcu.peripheral_subsystem_i.periph_to_reg_i.r_rdata_d\[17\],9.06µm
_00010_,9.01µm
_00152_,9.01µm
_00218_,9.01µm
_00234_,9.01µm
_00351_,9.01µm
_00356_,9.01µm
_00453_,9.01µm
_00522_,9.01µm
_00546_,9.01µm
_00579_,9.01µm
_00607_,9.01µm
_00633_,9.01µm
_00713_,9.01µm
_00810_,9.01µm
_00812_,9.01µm
_00828_,9.01µm
_00847_,9.01µm
_00869_,9.01µm
_00949_,9.01µm
_00986_,9.01µm
_00989_,9.01µm
_01015_,9.01µm
_01261_,9.01µm
_01437_,9.01µm
_01439_,9.01µm
_01467_,9.01µm
_01603_,9.01µm
_01615_,9.01µm
_01658_,9.01µm
_01840_,9.01µm
_01870_,9.01µm
_01963_,9.01µm
_02074_,9.01µm
_02185_,9.01µm
_02253_,9.01µm
_02296_,9.01µm
_02311_,9.01µm
_02318_,9.01µm
_02393_,9.01µm
_02456_,9.01µm
_02513_,9.01µm
_02626_,9.01µm
_02857_,9.01µm
_02936_,9.01µm
_02975_,9.01µm
_03294_,9.01µm
_03403_,9.01µm
_03415_,9.01µm
_04063_,9.01µm
_04185_,9.01µm
_04225_,9.01µm
_04245_,9.01µm
_04303_,9.01µm
_04326_,9.01µm
_04328_,9.01µm
_04394_,9.01µm
_04413_,9.01µm
_04422_,9.01µm
_04487_,9.01µm
_04491_,9.01µm
_04599_,9.01µm
_04605_,9.01µm
_04716_,9.01µm
_04730_,9.01µm
_04732_,9.01µm
_04831_,9.01µm
_04853_,9.01µm
_05107_,9.01µm
_05306_,9.01µm
_05348_,9.01µm
_05473_,9.01µm
_05598_,9.01µm
_05636_,9.01µm
_05702_,9.01µm
_06255_,9.01µm
_06378_,9.01µm
_06395_,9.01µm
_06447_,9.01µm
_06699_,9.01µm
_06856_,9.01µm
_07007_,9.01µm
_07328_,9.01µm
_07501_,9.01µm
_07552_,9.01µm
_07692_,9.01µm
_07822_,9.01µm
_08286_,9.01µm
_08537_,9.01µm
_08583_,9.01µm
_08729_,9.01µm
_08738_,9.01µm
_08818_,9.01µm
_08863_,9.01µm
_09046_,9.01µm
_09147_,9.01µm
_09476_,9.01µm
_09664_,9.01µm
_09687_,9.01µm
_09852_,9.01µm
_10206_,9.01µm
_10292_,9.01µm
_10583_,9.01µm
_10851_,9.01µm
_10868_,9.01µm
_11089_,9.01µm
_11226_,9.01µm
_11237_,9.01µm
_11333_,9.01µm
_11413_,9.01µm
_11459_,9.01µm
_11589_,9.01µm
_11766_,9.01µm
_11804_,9.01µm
_11938_,9.01µm
_12064_,9.01µm
_12590_,9.01µm
_12603_,9.01µm
_12622_,9.01µm
_12735_,9.01µm
_12750_,9.01µm
_12773_,9.01µm
_12880_,9.01µm
_13028_,9.01µm
_13033_,9.01µm
_13257_,9.01µm
_13277_,9.01µm
_13482_,9.01µm
_13641_,9.01µm
_13645_,9.01µm
_13733_,9.01µm
_13772_,9.01µm
_13815_,9.01µm
_14052_,9.01µm
_14077_,9.01µm
_14450_,9.01µm
_14455_,9.01µm
_14601_,9.01µm
_14782_,9.01µm
_15061_,9.01µm
_15122_,9.01µm
_15149_,9.01µm
_15293_,9.01µm
_15375_,9.01µm
_15399_,9.01µm
_15442_,9.01µm
_15609_,9.01µm
_15784_,9.01µm
_15854_,9.01µm
_16054_,9.01µm
_16222_,9.01µm
_16276_,9.01µm
_16358_,9.01µm
_16377_,9.01µm
_16548_,9.01µm
_17532_,9.01µm
_17633_,9.01µm
_17933_,9.01µm
_17987_,9.01µm
_18117_,9.01µm
_18120_,9.01µm
_18286_,9.01µm
_18406_,9.01µm
_18524_,9.01µm
_18530_,9.01µm
_18585_,9.01µm
_19002_,9.01µm
_19270_,9.01µm
_19350_,9.01µm
_19352_,9.01µm
_19415_,9.01µm
_19512_,9.01µm
_19528_,9.01µm
_19701_,9.01µm
_19745_,9.01µm
_19794_,9.01µm
_20164_,9.01µm
_20252_,9.01µm
_20637_,9.01µm
_20720_,9.01µm
_20999_,9.01µm
_21159_,9.01µm
_21162_,9.01µm
_21361_,9.01µm
_21824_,9.01µm
_22030_,9.01µm
_22341_,9.01µm
_22401_,9.01µm
_22428_,9.01µm
_22452_,9.01µm
_22491_,9.01µm
_22594_,9.01µm
_22703_,9.01µm
_22711_,9.01µm
_22735_,9.01µm
_22929_,9.01µm
_23044_,9.01µm
_23075_,9.01µm
_23299_,9.01µm
_23366_,9.01µm
_23656_,9.01µm
_23710_,9.01µm
_23817_,9.01µm
_23853_,9.01µm
_23945_,9.01µm
_24078_,9.01µm
_24400_,9.01µm
_24430_,9.01µm
_24469_,9.01µm
_24595_,9.01µm
_25036_,9.01µm
_25132_,9.01µm
_25331_,9.01µm
_25366_,9.01µm
_25421_,9.01µm
_25614_,9.01µm
_25642_,9.01µm
_25797_,9.01µm
_25875_,9.01µm
_25952_,9.01µm
_26045_,9.01µm
_26072_,9.01µm
_26196_,9.01µm
_26231_,9.01µm
_26327_,9.01µm
_26341_,9.01µm
_26478_,9.01µm
_26800_,9.01µm
_27122_,9.01µm
_27157_,9.01µm
_27196_,9.01µm
_27216_,9.01µm
_27578_,9.01µm
_27628_,9.01µm
_27639_,9.01µm
_27840_,9.01µm
_28022_,9.01µm
_28084_,9.01µm
i_core_v_mini_mcu.ao_peripheral_subsystem_i.spi_subsystem_i.obi_spimemio_i.obi_to_picorv32_i.obi_resp_o\[19\],9.01µm
i_core_v_mini_mcu.cpu_subsystem_i.cpu_0_0.i_servile.cpu.alu.add_cy_r,9.01µm
i_core_v_mini_mcu.cpu_subsystem_i.cpu_0_0.rf_ram_i.memory\[151\]\[0\],9.01µm
i_core_v_mini_mcu.cpu_subsystem_i.cpu_0_0.rf_ram_i.memory\[218\]\[0\],9.01µm
i_core_v_mini_mcu.cpu_subsystem_i.cpu_0_0.rf_ram_i.memory\[434\]\[1\],9.01µm
i_core_v_mini_mcu.cpu_subsystem_i.cpu_0_0.rf_ram_i.memory\[451\]\[0\],9.01µm
i_core_v_mini_mcu.cpu_subsystem_i.cpu_0_0.rf_ram_i.memory\[506\]\[1\],9.01µm
i_core_v_mini_mcu.cpu_subsystem_i.cpu_0_0.rf_ram_i.memory\[80\]\[0\],9.01µm
i_core_v_mini_mcu.cpu_subsystem_i.cpu_1_0.i_servile.arbiter.i_wb_cpu_ibus_adr\[16\],9.01µm
i_core_v_mini_mcu.cpu_subsystem_i.cpu_1_0.rf_ram_i.memory\[123\]\[1\],9.01µm
i_core_v_mini_mcu.cpu_subsystem_i.cpu_1_0.rf_ram_i.memory\[17\]\[1\],9.01µm
i_core_v_mini_mcu.memory_subsystem_i.ram0_i.tc_ram_i.r_addr_q\[2\],9.01µm
i_core_v_mini_mcu.memory_subsystem_i.ram0_i.tc_ram_i.sram\[18\]\[26\],9.01µm
i_core_v_mini_mcu.memory_subsystem_i.ram0_i.tc_ram_i.sram\[19\]\[1\],9.01µm
i_core_v_mini_mcu.memory_subsystem_i.ram0_i.tc_ram_i.sram\[26\]\[13\],9.01µm
i_core_v_mini_mcu.memory_subsystem_i.ram0_i.tc_ram_i.sram\[29\]\[18\],9.01µm
i_core_v_mini_mcu.memory_subsystem_i.ram0_i.tc_ram_i.sram\[8\]\[14\],9.01µm
i_core_v_mini_mcu.peripheral_subsystem_i.uart_i.uart_core.tx_watermark_prev_q,9.01µm
_00031_,8.96µm
_00035_,8.96µm
_00042_,8.96µm
_00081_,8.96µm
_00101_,8.96µm
_00131_,8.96µm
_00173_,8.96µm
_00283_,8.96µm
_00609_,8.96µm
_00640_,8.96µm
_00754_,8.96µm
_00757_,8.96µm
_00760_,8.96µm
_01033_,8.96µm
_01082_,8.96µm
_01179_,8.96µm
_01367_,8.96µm
_01425_,8.96µm
_01441_,8.96µm
_01454_,8.96µm
_01485_,8.96µm
_01520_,8.96µm
_01588_,8.96µm
_01614_,8.96µm
_01617_,8.96µm
_01632_,8.96µm
_01711_,8.96µm
_01754_,8.96µm
_01929_,8.96µm
_01939_,8.96µm
_02089_,8.96µm
_02135_,8.96µm
_02183_,8.96µm
_02285_,8.96µm
_02298_,8.96µm
_02353_,8.96µm
_02367_,8.96µm
_02381_,8.96µm
_02417_,8.96µm
_02429_,8.96µm
_02608_,8.96µm
_02635_,8.96µm
_02669_,8.96µm
_02672_,8.96µm
_02691_,8.96µm
_02692_,8.96µm
_02712_,8.96µm
_02722_,8.96µm
_02725_,8.96µm
_02736_,8.96µm
_02740_,8.96µm
_02774_,8.96µm
_02783_,8.96µm
_02789_,8.96µm
_02794_,8.96µm
_02797_,8.96µm
_02845_,8.96µm
_02869_,8.96µm
_02899_,8.96µm
_02902_,8.96µm
_02920_,8.96µm
_02935_,8.96µm
_02990_,8.96µm
_03029_,8.96µm
_03033_,8.96µm
_03046_,8.96µm
_03101_,8.96µm
_03171_,8.96µm
_03175_,8.96µm
_03218_,8.96µm
_03221_,8.96µm
_03248_,8.96µm
_03253_,8.96µm
_03284_,8.96µm
_03298_,8.96µm
_03317_,8.96µm
_03373_,8.96µm
_03374_,8.96µm
_03381_,8.96µm
_03412_,8.96µm
_03461_,8.96µm
_03471_,8.96µm
_03475_,8.96µm
_03509_,8.96µm
_03561_,8.96µm
_03584_,8.96µm
_03632_,8.96µm
_03634_,8.96µm
_03644_,8.96µm
_03662_,8.96µm
_03755_,8.96µm
_03758_,8.96µm
_03769_,8.96µm
_03780_,8.96µm
_03786_,8.96µm
_03793_,8.96µm
_03798_,8.96µm
_03803_,8.96µm
_03863_,8.96µm
_03890_,8.96µm
_03901_,8.96µm
_03919_,8.96µm
_03998_,8.96µm
_04048_,8.96µm
_04084_,8.96µm
_04091_,8.96µm
_04092_,8.96µm
_04184_,8.96µm
_04268_,8.96µm
_04289_,8.96µm
_04304_,8.96µm
_04341_,8.96µm
_04442_,8.96µm
_04494_,8.96µm
_04496_,8.96µm
_04519_,8.96µm
_04603_,8.96µm
_04606_,8.96µm
_04607_,8.96µm
_04667_,8.96µm
_04672_,8.96µm
_04723_,8.96µm
_04855_,8.96µm
_04954_,8.96µm
_04971_,8.96µm
_04987_,8.96µm
_05016_,8.96µm
_05021_,8.96µm
_05033_,8.96µm
_05041_,8.96µm
_05050_,8.96µm
_05052_,8.96µm
_05062_,8.96µm
_05065_,8.96µm
_05132_,8.96µm
_05133_,8.96µm
_05177_,8.96µm
_05439_,8.96µm
_05683_,8.96µm
_05785_,8.96µm
_05920_,8.96µm
_05961_,8.96µm
_06169_,8.96µm
_06319_,8.96µm
_06573_,8.96µm
_06584_,8.96µm
_06749_,8.96µm
_06886_,8.96µm
_07070_,8.96µm
_07086_,8.96µm
_07265_,8.96µm
_07447_,8.96µm
_07471_,8.96µm
_07810_,8.96µm
_07863_,8.96µm
_08134_,8.96µm
_08138_,8.96µm
_08236_,8.96µm
_08781_,8.96µm
_08947_,8.96µm
_09078_,8.96µm
_09096_,8.96µm
_09559_,8.96µm
_09560_,8.96µm
_09633_,8.96µm
_09908_,8.96µm
_10210_,8.96µm
_10452_,8.96µm
_10481_,8.96µm
_10640_,8.96µm
_10850_,8.96µm
_10943_,8.96µm
_11107_,8.96µm
_11131_,8.96µm
_11247_,8.96µm
_11464_,8.96µm
_11492_,8.96µm
_11516_,8.96µm
_11655_,8.96µm
_11698_,8.96µm
_11718_,8.96µm
_11739_,8.96µm
_11986_,8.96µm
_12033_,8.96µm
_12170_,8.96µm
_12272_,8.96µm
_12372_,8.96µm
_12503_,8.96µm
_12574_,8.96µm
_12674_,8.96µm
_12775_,8.96µm
_12822_,8.96µm
_12996_,8.96µm
_12997_,8.96µm
_13215_,8.96µm
_13253_,8.96µm
_13307_,8.96µm
_13333_,8.96µm
_13346_,8.96µm
_13436_,8.96µm
_13461_,8.96µm
_13504_,8.96µm
_13532_,8.96µm
_13703_,8.96µm
_13819_,8.96µm
_13878_,8.96µm
_14069_,8.96µm
_14240_,8.96µm
_14737_,8.96µm
_15088_,8.96µm
_15190_,8.96µm
_15191_,8.96µm
_15988_,8.96µm
_16025_,8.96µm
_16213_,8.96µm
_16311_,8.96µm
_17237_,8.96µm
_17359_,8.96µm
_17467_,8.96µm
_17498_,8.96µm
_17830_,8.96µm
_17874_,8.96µm
_17879_,8.96µm
_18093_,8.96µm
_18383_,8.96µm
_18569_,8.96µm
_18766_,8.96µm
_19558_,8.96µm
_19653_,8.96µm
_19835_,8.96µm
_19865_,8.96µm
_19895_,8.96µm
_20015_,8.96µm
_20091_,8.96µm
_20137_,8.96µm
_20147_,8.96µm
_20283_,8.96µm
_20293_,8.96µm
_20479_,8.96µm
_20599_,8.96µm
_20864_,8.96µm
_20936_,8.96µm
_20964_,8.96µm
_21058_,8.96µm
_21202_,8.96µm
_21209_,8.96µm
_21227_,8.96µm
_21301_,8.96µm
_21354_,8.96µm
_21403_,8.96µm
_21431_,8.96µm
_21880_,8.96µm
_21895_,8.96µm
_21919_,8.96µm
_21943_,8.96µm
_22273_,8.96µm
_22314_,8.96µm
_22336_,8.96µm
_22371_,8.96µm
_22550_,8.96µm
_22562_,8.96µm
_22639_,8.96µm
_22646_,8.96µm
_22666_,8.96µm
_22687_,8.96µm
_22708_,8.96µm
_22852_,8.96µm
_23165_,8.96µm
_23266_,8.96µm
_23327_,8.96µm
_23608_,8.96µm
_23686_,8.96µm
_24188_,8.96µm
_24295_,8.96µm
_24441_,8.96µm
_24612_,8.96µm
_24852_,8.96µm
_24972_,8.96µm
_25204_,8.96µm
_25231_,8.96µm
_25341_,8.96µm
_25385_,8.96µm
_25544_,8.96µm
_25765_,8.96µm
_25781_,8.96µm
_25786_,8.96µm
_25870_,8.96µm
_26094_,8.96µm
_26274_,8.96µm
_26559_,8.96µm
_26711_,8.96µm
_26731_,8.96µm
_26806_,8.96µm
_26863_,8.96µm
_27055_,8.96µm
_27073_,8.96µm
_27242_,8.96µm
_27254_,8.96µm
_27321_,8.96µm
_27531_,8.96µm
_27608_,8.96µm
_27614_,8.96µm
_27942_,8.96µm
_27986_,8.96µm
i_core_v_mini_mcu.ao_peripheral_subsystem_i.mosaic_clint_i.mtimecmp_q\[16\],8.96µm
i_core_v_mini_mcu.ao_peripheral_subsystem_i.soc_ctrl_i.reg2hw\[1\],8.96µm
i_core_v_mini_mcu.ao_peripheral_subsystem_i.soc_ctrl_i.soc_ctrl_reg_top_i.system_frequency_hz_qs\[8\],8.96µm
i_core_v_mini_mcu.ao_peripheral_subsystem_i.spi_subsystem_i.obi_spimemio_i.spimemio_i.xfer.xfer_tag\[1\],8.96µm
i_core_v_mini_mcu.ao_peripheral_subsystem_i.tdu_i.task_mem\[4\]\[10\],8.96µm
i_core_v_mini_mcu.cpu_subsystem_i.cpu_0_0.i_servile.cpu.csr_addr\[0\],8.96µm
i_core_v_mini_mcu.cpu_subsystem_i.cpu_0_0.i_servile.cpu.decode.o_ebreak,8.96µm
i_core_v_mini_mcu.cpu_subsystem_i.cpu_0_0.i_servile.cpu.decode.o_immdec_ctrl\[2\],8.96µm
i_core_v_mini_mcu.cpu_subsystem_i.cpu_0_0.i_servile.rf_ram_if.wdata0_r\[0\],8.96µm
i_core_v_mini_mcu.cpu_subsystem_i.cpu_0_0.rf_ram_i.memory\[10\]\[0\],8.96µm
i_core_v_mini_mcu.cpu_subsystem_i.cpu_0_0.rf_ram_i.memory\[70\]\[1\],8.96µm
i_core_v_mini_mcu.cpu_subsystem_i.cpu_1_0.i_servile.arbiter.i_wb_cpu_ibus_adr\[2\],8.96µm
i_core_v_mini_mcu.cpu_subsystem_i.cpu_1_0.i_servile.cpu.immdec.gen_immdec_w_eq_1.imm19_12_20\[1\],8.96µm
i_core_v_mini_mcu.cpu_subsystem_i.cpu_1_0.i_servile.cpu.mem_if.signbit,8.96µm
i_core_v_mini_mcu.memory_subsystem_i.ram0_i.tc_ram_i.sram\[10\]\[9\],8.96µm
i_core_v_mini_mcu.memory_subsystem_i.ram0_i.tc_ram_i.sram\[26\]\[22\],8.96µm
i_core_v_mini_mcu.memory_subsystem_i.ram0_i.tc_ram_i.sram\[3\]\[12\],8.96µm
i_core_v_mini_mcu.memory_subsystem_i.ram0_i.tc_ram_i.sram\[3\]\[16\],8.96µm
i_core_v_mini_mcu.memory_subsystem_i.ram0_i.tc_ram_i.sram\[4\]\[17\],8.96µm
i_core_v_mini_mcu.peripheral_subsystem_i.obi_fifo_i.consumer_data_req_q\[34\],8.96µm
_23574_,8.68µm
i_core_v_mini_mcu.memory_subsystem_i.ram0_i.tc_ram_i.sram\[27\]\[5\],8.68µm
_08725_,8.55µm
_09377_,8.55µm
_10032_,8.55µm
_15329_,8.55µm
_16331_,8.55µm
_21465_,8.55µm
i_core_v_mini_mcu.ao_peripheral_subsystem_i.soc_ctrl_i.soc_ctrl_reg_top_i.system_frequency_hz_qs\[24\],8.55µm
i_core_v_mini_mcu.cpu_subsystem_i.cpu_1_0.rf_ram_i.memory\[147\]\[0\],8.55µm
i_core_v_mini_mcu.memory_subsystem_i.ram0_i.tc_ram_i.sram\[10\]\[1\],8.55µm
_00610_,8.5µm
_00839_,8.5µm
_00886_,8.5µm
_02006_,8.5µm
_03799_,8.5µm
_04294_,8.5µm
_04401_,8.5µm
_04764_,8.5µm
_05586_,8.5µm
_05863_,8.5µm
_06365_,8.5µm
_06941_,8.5µm
_07258_,8.5µm
_07433_,8.5µm
_09424_,8.5µm
_10998_,8.5µm
_11121_,8.5µm
_11415_,8.5µm
_11482_,8.5µm
_11503_,8.5µm
_11684_,8.5µm
_11727_,8.5µm
_11871_,8.5µm
_12268_,8.5µm
_13273_,8.5µm
_13913_,8.5µm
_14254_,8.5µm
_14819_,8.5µm
_15033_,8.5µm
_15655_,8.5µm
_15834_,8.5µm
_16543_,8.5µm
_16636_,8.5µm
_16775_,8.5µm
_17305_,8.5µm
_17343_,8.5µm
_17802_,8.5µm
_18022_,8.5µm
_19652_,8.5µm
_20028_,8.5µm
_20100_,8.5µm
_20178_,8.5µm
_21305_,8.5µm
_21836_,8.5µm
_21966_,8.5µm
_22048_,8.5µm
_22189_,8.5µm
_22455_,8.5µm
_23088_,8.5µm
_23386_,8.5µm
_23396_,8.5µm
_23996_,8.5µm
_24021_,8.5µm
_24715_,8.5µm
_25109_,8.5µm
_25134_,8.5µm
_25258_,8.5µm
_25278_,8.5µm
_25666_,8.5µm
_25964_,8.5µm
_26931_,8.5µm
_27302_,8.5µm
_27918_,8.5µm
_27920_,8.5µm
_27955_,8.5µm
_28035_,8.5µm
exit_value_int\[26\],8.5µm
i_core_v_mini_mcu.cpu_subsystem_i.cpu_0_0.rf_ram_i.memory\[120\]\[1\],8.5µm
i_core_v_mini_mcu.cpu_subsystem_i.cpu_0_0.rf_ram_i.memory\[306\]\[1\],8.5µm
i_core_v_mini_mcu.cpu_subsystem_i.cpu_0_0.rf_ram_i.memory\[387\]\[0\],8.5µm
i_core_v_mini_mcu.memory_subsystem_i.ram0_i.tc_ram_i.sram\[16\]\[1\],8.5µm
i_core_v_mini_mcu.memory_subsystem_i.ram0_i.tc_ram_i.sram\[4\]\[27\],8.5µm
i_core_v_mini_mcu.memory_subsystem_i.ram0_i.tc_ram_i.sram\[7\]\[29\],8.5µm
i_core_v_mini_mcu.peripheral_subsystem_i.uart_i.uart_core.nco_sum_q\[3\],8.5µm
_00009_,8.45µm
_00045_,8.45µm
_00051_,8.45µm
_00137_,8.45µm
_00177_,8.45µm
_00227_,8.45µm
_00229_,8.45µm
_00240_,8.45µm
_00404_,8.45µm
_00469_,8.45µm
_00598_,8.45µm
_00650_,8.45µm
_00700_,8.45µm
_00703_,8.45µm
_00770_,8.45µm
_00783_,8.45µm
_00813_,8.45µm
_00825_,8.45µm
_00954_,8.45µm
_01000_,8.45µm
_01018_,8.45µm
_01023_,8.45µm
_01042_,8.45µm
_01158_,8.45µm
_01210_,8.45µm
_01365_,8.45µm
_01471_,8.45µm
_01497_,8.45µm
_01541_,8.45µm
_01638_,8.45µm
_01664_,8.45µm
_01731_,8.45µm
_01736_,8.45µm
_01774_,8.45µm
_02037_,8.45µm
_02075_,8.45µm
_02186_,8.45µm
_02187_,8.45µm
_02235_,8.45µm
_02283_,8.45µm
_02290_,8.45µm
_02301_,8.45µm
_02331_,8.45µm
_02333_,8.45µm
_02390_,8.45µm
_02424_,8.45µm
_02548_,8.45µm
_02554_,8.45µm
_02731_,8.45µm
_02780_,8.45µm
_02836_,8.45µm
_02849_,8.45µm
_02901_,8.45µm
_02950_,8.45µm
_02995_,8.45µm
_03094_,8.45µm
_03399_,8.45µm
_03501_,8.45µm
_03747_,8.45µm
_03782_,8.45µm
_03935_,8.45µm
_04101_,8.45µm
_04111_,8.45µm
_04130_,8.45µm
_04207_,8.45µm
_04213_,8.45µm
_04214_,8.45µm
_04251_,8.45µm
_04280_,8.45µm
_04323_,8.45µm
_04346_,8.45µm
_04364_,8.45µm
_04400_,8.45µm
_04433_,8.45µm
_04545_,8.45µm
_04669_,8.45µm
_04727_,8.45µm
_04775_,8.45µm
_04840_,8.45µm
_04841_,8.45µm
_05092_,8.45µm
_05098_,8.45µm
_05108_,8.45µm
_05239_,8.45µm
_05351_,8.45µm
_05727_,8.45µm
_05793_,8.45µm
_05882_,8.45µm
_06014_,8.45µm
_06125_,8.45µm
_06642_,8.45µm
_06695_,8.45µm
_06810_,8.45µm
_06841_,8.45µm
_07037_,8.45µm
_07087_,8.45µm
_07227_,8.45µm
_07263_,8.45µm
_07347_,8.45µm
_07554_,8.45µm
_08519_,8.45µm
_08591_,8.45µm
_08678_,8.45µm
_08686_,8.45µm
_08695_,8.45µm
_08971_,8.45µm
_09053_,8.45µm
_09735_,8.45µm
_10212_,8.45µm
_10323_,8.45µm
_10352_,8.45µm
_10405_,8.45µm
_10700_,8.45µm
_10732_,8.45µm
_10750_,8.45µm
_10782_,8.45µm
_10941_,8.45µm
_11152_,8.45µm
_11177_,8.45µm
_11181_,8.45µm
_11252_,8.45µm
_11286_,8.45µm
_11381_,8.45µm
_11405_,8.45µm
_11463_,8.45µm
_11501_,8.45µm
_11620_,8.45µm
_11686_,8.45µm
_11706_,8.45µm
_11735_,8.45µm
_11991_,8.45µm
_12070_,8.45µm
_12083_,8.45µm
_12512_,8.45µm
_12532_,8.45µm
_12687_,8.45µm
_12688_,8.45µm
_12734_,8.45µm
_12738_,8.45µm
_12806_,8.45µm
_12891_,8.45µm
_12894_,8.45µm
_12954_,8.45µm
_12990_,8.45µm
_12998_,8.45µm
_13047_,8.45µm
_13647_,8.45µm
_13918_,8.45µm
_14422_,8.45µm
_14580_,8.45µm
_14752_,8.45µm
_14955_,8.45µm
_15286_,8.45µm
_15359_,8.45µm
_15390_,8.45µm
_15404_,8.45µm
_15530_,8.45µm
_15548_,8.45µm
_15638_,8.45µm
_15649_,8.45µm
_15941_,8.45µm
_16116_,8.45µm
_16117_,8.45µm
_16257_,8.45µm
_16268_,8.45µm
_16481_,8.45µm
_16949_,8.45µm
_17144_,8.45µm
_17904_,8.45µm
_18294_,8.45µm
_18413_,8.45µm
_18641_,8.45µm
_19220_,8.45µm
_19535_,8.45µm
_19775_,8.45µm
_19830_,8.45µm
_20022_,8.45µm
_20421_,8.45µm
_20429_,8.45µm
_20652_,8.45µm
_20676_,8.45µm
_20701_,8.45µm
_20766_,8.45µm
_21057_,8.45µm
_21194_,8.45µm
_21246_,8.45µm
_21267_,8.45µm
_21436_,8.45µm
_21697_,8.45µm
_21820_,8.45µm
_21860_,8.45µm
_21861_,8.45µm
_21890_,8.45µm
_21997_,8.45µm
_22016_,8.45µm
_22081_,8.45µm
_22188_,8.45µm
_22281_,8.45µm
_22293_,8.45µm
_22316_,8.45µm
_22325_,8.45µm
_22354_,8.45µm
_22405_,8.45µm
_22925_,8.45µm
_23093_,8.45µm
_23168_,8.45µm
_23227_,8.45µm
_23238_,8.45µm
_23437_,8.45µm
_23685_,8.45µm
_23746_,8.45µm
_23762_,8.45µm
_24088_,8.45µm
_24098_,8.45µm
_24129_,8.45µm
_24190_,8.45µm
_24372_,8.45µm
_24579_,8.45µm
_24712_,8.45µm
_24924_,8.45µm
_25021_,8.45µm
_25272_,8.45µm
_25367_,8.45µm
_25485_,8.45µm
_25678_,8.45µm
_25813_,8.45µm
_26058_,8.45µm
_26438_,8.45µm
_26441_,8.45µm
_26848_,8.45µm
_26859_,8.45µm
_26939_,8.45µm
_27030_,8.45µm
_27116_,8.45µm
_27337_,8.45µm
_27469_,8.45µm
_27643_,8.45µm
_27701_,8.45µm
_28133_,8.45µm
i_core_v_mini_mcu.ao_peripheral_subsystem_i.spi_subsystem_i.obi_spimemio_i.obi_to_picorv32_i.obi_resp_o\[20\],8.45µm
i_core_v_mini_mcu.cpu_subsystem_i.cpu_0_0.rf_ram_i.memory\[152\]\[0\],8.45µm
i_core_v_mini_mcu.cpu_subsystem_i.cpu_0_0.rf_ram_i.memory\[154\]\[1\],8.45µm
i_core_v_mini_mcu.cpu_subsystem_i.cpu_0_0.rf_ram_i.memory\[198\]\[1\],8.45µm
i_core_v_mini_mcu.cpu_subsystem_i.cpu_0_0.rf_ram_i.memory\[232\]\[0\],8.45µm
i_core_v_mini_mcu.cpu_subsystem_i.cpu_0_0.rf_ram_i.memory\[241\]\[1\],8.45µm
i_core_v_mini_mcu.cpu_subsystem_i.cpu_0_0.rf_ram_i.memory\[248\]\[1\],8.45µm
i_core_v_mini_mcu.cpu_subsystem_i.cpu_0_0.rf_ram_i.memory\[253\]\[1\],8.45µm
i_core_v_mini_mcu.cpu_subsystem_i.cpu_0_0.rf_ram_i.memory\[96\]\[0\],8.45µm
i_core_v_mini_mcu.cpu_subsystem_i.cpu_1_0.rf_ram_i.memory\[353\]\[1\],8.45µm
i_core_v_mini_mcu.cpu_subsystem_i.cpu_1_0.rf_ram_i.memory\[497\]\[0\],8.45µm
i_core_v_mini_mcu.memory_subsystem_i.ram0_i.tc_ram_i.sram\[11\]\[1\],8.45µm
i_core_v_mini_mcu.memory_subsystem_i.ram0_i.tc_ram_i.sram\[11\]\[6\],8.45µm
i_core_v_mini_mcu.memory_subsystem_i.ram0_i.tc_ram_i.sram\[2\]\[6\],8.45µm
i_core_v_mini_mcu.memory_subsystem_i.ram0_i.tc_ram_i.sram\[6\]\[11\],8.45µm
i_core_v_mini_mcu.peripheral_subsystem_i.obi_fifo_i.consumer_data_req\[13\],8.45µm
_00012_,8.4µm
_00028_,8.4µm
_00057_,8.4µm
_00064_,8.4µm
_00088_,8.4µm
_00099_,8.4µm
_00149_,8.4µm
_00158_,8.4µm
_00180_,8.4µm
_00286_,8.4µm
_00309_,8.4µm
_00454_,8.4µm
_00529_,8.4µm
_00532_,8.4µm
_00602_,8.4µm
_00678_,8.4µm
_00739_,8.4µm
_00773_,8.4µm
_00793_,8.4µm
_01072_,8.4µm
_01199_,8.4µm
_01201_,8.4µm
_01303_,8.4µm
_01328_,8.4µm
_01331_,8.4µm
_01378_,8.4µm
_01385_,8.4µm
_01387_,8.4µm
_01409_,8.4µm
_01426_,8.4µm
_01544_,8.4µm
_01554_,8.4µm
_01564_,8.4µm
_01573_,8.4µm
_01577_,8.4µm
_01607_,8.4µm
_01650_,8.4µm
_01692_,8.4µm
_01706_,8.4µm
_01743_,8.4µm
_01956_,8.4µm
_01975_,8.4µm
_01985_,8.4µm
_01999_,8.4µm
_02025_,8.4µm
_02103_,8.4µm
_02108_,8.4µm
_02150_,8.4µm
_02173_,8.4µm
_02194_,8.4µm
_02195_,8.4µm
_02214_,8.4µm
_02273_,8.4µm
_02277_,8.4µm
_02282_,8.4µm
_02288_,8.4µm
_02297_,8.4µm
_02340_,8.4µm
_02387_,8.4µm
_02396_,8.4µm
_02400_,8.4µm
_02416_,8.4µm
_02418_,8.4µm
_02434_,8.4µm
_02449_,8.4µm
_02465_,8.4µm
_02473_,8.4µm
_02589_,8.4µm
_02600_,8.4µm
_02607_,8.4µm
_02649_,8.4µm
_02679_,8.4µm
_02688_,8.4µm
_02719_,8.4µm
_02750_,8.4µm
_02755_,8.4µm
_02787_,8.4µm
_02791_,8.4µm
_02806_,8.4µm
_02808_,8.4µm
_02810_,8.4µm
_02817_,8.4µm
_02846_,8.4µm
_02895_,8.4µm
_02908_,8.4µm
_02923_,8.4µm
_02932_,8.4µm
_02946_,8.4µm
_02959_,8.4µm
_03004_,8.4µm
_03017_,8.4µm
_03020_,8.4µm
_03122_,8.4µm
_03137_,8.4µm
_03147_,8.4µm
_03152_,8.4µm
_03188_,8.4µm
_03264_,8.4µm
_03272_,8.4µm
_03290_,8.4µm
_03301_,8.4µm
_03322_,8.4µm
_03382_,8.4µm
_03413_,8.4µm
_03440_,8.4µm
_03473_,8.4µm
_03479_,8.4µm
_03510_,8.4µm
_03542_,8.4µm
_03551_,8.4µm
_03591_,8.4µm
_03613_,8.4µm
_03615_,8.4µm
_03637_,8.4µm
_03638_,8.4µm
_03649_,8.4µm
_03650_,8.4µm
_03744_,8.4µm
_03761_,8.4µm
_03776_,8.4µm
_03790_,8.4µm
_03792_,8.4µm
_03840_,8.4µm
_03892_,8.4µm
_03896_,8.4µm
_04065_,8.4µm
_04122_,8.4µm
_04128_,8.4µm
_04144_,8.4µm
_04192_,8.4µm
_04208_,8.4µm
_04286_,8.4µm
_04388_,8.4µm
_04418_,8.4µm
_04542_,8.4µm
_04558_,8.4µm
_04575_,8.4µm
_04653_,8.4µm
_04709_,8.4µm
_04710_,8.4µm
_04753_,8.4µm
_04795_,8.4µm
_04804_,8.4µm
_04821_,8.4µm
_04881_,8.4µm
_04908_,8.4µm
_04913_,8.4µm
_04972_,8.4µm
_04989_,8.4µm
_05001_,8.4µm
_05019_,8.4µm
_05073_,8.4µm
_05156_,8.4µm
_05174_,8.4µm
_05193_,8.4µm
_05298_,8.4µm
_05737_,8.4µm
_05751_,8.4µm
_05755_,8.4µm
_06019_,8.4µm
_06155_,8.4µm
_06189_,8.4µm
_06204_,8.4µm
_06270_,8.4µm
_06295_,8.4µm
_06645_,8.4µm
_06668_,8.4µm
_06871_,8.4µm
_07121_,8.4µm
_07147_,8.4µm
_07156_,8.4µm
_07342_,8.4µm
_07465_,8.4µm
_07565_,8.4µm
_08027_,8.4µm
_08167_,8.4µm
_08180_,8.4µm
_08330_,8.4µm
_08606_,8.4µm
_08635_,8.4µm
_08677_,8.4µm
_08785_,8.4µm
_08842_,8.4µm
_09035_,8.4µm
_09063_,8.4µm
_09117_,8.4µm
_09294_,8.4µm
_09309_,8.4µm
_09801_,8.4µm
_10185_,8.4µm
_10291_,8.4µm
_10480_,8.4µm
_10641_,8.4µm
_10706_,8.4µm
_10712_,8.4µm
_11019_,8.4µm
_11206_,8.4µm
_11289_,8.4µm
_11417_,8.4µm
_11563_,8.4µm
_11565_,8.4µm
_11607_,8.4µm
_11643_,8.4µm
_11704_,8.4µm
_11767_,8.4µm
_11946_,8.4µm
_11975_,8.4µm
_12022_,8.4µm
_12088_,8.4µm
_12270_,8.4µm
_12343_,8.4µm
_12638_,8.4µm
_12698_,8.4µm
_12728_,8.4µm
_12748_,8.4µm
_12930_,8.4µm
_12949_,8.4µm
_13078_,8.4µm
_13191_,8.4µm
_13202_,8.4µm
_13209_,8.4µm
_13316_,8.4µm
_13507_,8.4µm
_13693_,8.4µm
_13803_,8.4µm
_14407_,8.4µm
_14598_,8.4µm
_14866_,8.4µm
_15005_,8.4µm
_15022_,8.4µm
_15298_,8.4µm
_15322_,8.4µm
_15417_,8.4µm
_15432_,8.4µm
_15475_,8.4µm
_15551_,8.4µm
_15628_,8.4µm
_15715_,8.4µm
_15803_,8.4µm
_15864_,8.4µm
_15874_,8.4µm
_16094_,8.4µm
_16251_,8.4µm
_16330_,8.4µm
_16449_,8.4µm
_16478_,8.4µm
_16590_,8.4µm
_16666_,8.4µm
_16680_,8.4µm
_16719_,8.4µm
_16757_,8.4µm
_16992_,8.4µm
_17047_,8.4µm
_17051_,8.4µm
_17639_,8.4µm
_17711_,8.4µm
_17855_,8.4µm
_18348_,8.4µm
_18555_,8.4µm
_18594_,8.4µm
_18628_,8.4µm
_18629_,8.4µm
_18849_,8.4µm
_18872_,8.4µm
_18894_,8.4µm
_19293_,8.4µm
_19362_,8.4µm
_19392_,8.4µm
_19420_,8.4µm
_19466_,8.4µm
_19481_,8.4µm
_19793_,8.4µm
_19852_,8.4µm
_19855_,8.4µm
_19960_,8.4µm
_19964_,8.4µm
_20144_,8.4µm
_20235_,8.4µm
_20277_,8.4µm
_20278_,8.4µm
_20282_,8.4µm
_20472_,8.4µm
_20739_,8.4µm
_20841_,8.4µm
_20955_,8.4µm
_21065_,8.4µm
_21084_,8.4µm
_21191_,8.4µm
_21226_,8.4µm
_21366_,8.4µm
_21407_,8.4µm
_21795_,8.4µm
_21907_,8.4µm
_21960_,8.4µm
_21961_,8.4µm
_21999_,8.4µm
_22012_,8.4µm
_22122_,8.4µm
_22229_,8.4µm
_22326_,8.4µm
_22415_,8.4µm
_22615_,8.4µm
_22663_,8.4µm
_22713_,8.4µm
_22718_,8.4µm
_22738_,8.4µm
_22744_,8.4µm
_22802_,8.4µm
_22830_,8.4µm
_22849_,8.4µm
_22881_,8.4µm
_22896_,8.4µm
_22922_,8.4µm
_23384_,8.4µm
_23897_,8.4µm
_23899_,8.4µm
_23958_,8.4µm
_24422_,8.4µm
_24467_,8.4µm
_24576_,8.4µm
_24658_,8.4µm
_24841_,8.4µm
_24844_,8.4µm
_25154_,8.4µm
_25173_,8.4µm
_25745_,8.4µm
_26074_,8.4µm
_26407_,8.4µm
_26539_,8.4µm
_26846_,8.4µm
_27036_,8.4µm
_27128_,8.4µm
_27222_,8.4µm
_27250_,8.4µm
_27699_,8.4µm
_27747_,8.4µm
i_core_v_mini_mcu.cpu_subsystem_i.cpu_0_0.i_servile.o_rf_raddr\[3\],8.4µm
i_core_v_mini_mcu.cpu_subsystem_i.cpu_0_0.rf_ram_i.memory\[223\]\[1\],8.4µm
i_core_v_mini_mcu.cpu_subsystem_i.cpu_0_0.rf_ram_i.memory\[568\]\[0\],8.4µm
i_core_v_mini_mcu.cpu_subsystem_i.cpu_1_0.i_servile.arbiter.i_wb_cpu_ibus_adr\[4\],8.4µm
i_core_v_mini_mcu.cpu_subsystem_i.cpu_1_0.i_servile.cpu.csr_imm,8.4µm
i_core_v_mini_mcu.cpu_subsystem_i.cpu_1_0.rf_ram_i.memory\[415\]\[1\],8.4µm
i_core_v_mini_mcu.cpu_subsystem_i.reset_clock_hold_1_0,8.4µm
i_core_v_mini_mcu.memory_subsystem_i.ram0_i.tc_ram_i.sram\[14\]\[23\],8.4µm
i_core_v_mini_mcu.memory_subsystem_i.ram0_i.tc_ram_i.sram\[29\]\[24\],8.4µm
i_core_v_mini_mcu.memory_subsystem_i.ram0_i.tc_ram_i.sram\[29\]\[30\],8.4µm
i_core_v_mini_mcu.peripheral_subsystem_i.uart_i.uart_core.u_uart_rxfifo.gen_normal_fifo.storage\[1\],8.4µm
i_core_v_mini_mcu.memory_subsystem_i.ram0_i.tc_ram_i.sram\[9\]\[13\],8.17µm
_21885_,8.12µm
_08296_,7.99µm
_21525_,7.99µm
_24005_,7.99µm
i_core_v_mini_mcu.memory_subsystem_i.ram0_i.tc_ram_i.sram\[5\]\[19\],7.99µm
_00091_,7.94µm
_00683_,7.94µm
_00833_,7.94µm
_00908_,7.94µm
_00936_,7.94µm
_00975_,7.94µm
_01046_,7.94µm
_01115_,7.94µm
_01205_,7.94µm
_01586_,7.94µm
_01671_,7.94µm
_01678_,7.94µm
_01697_,7.94µm
_01989_,7.94µm
_02024_,7.94µm
_02382_,7.94µm
_02435_,7.94µm
_03700_,7.94µm
_04206_,7.94µm
_04414_,7.94µm
_04419_,7.94µm
_04444_,7.94µm
_04449_,7.94µm
_04477_,7.94µm
_04495_,7.94µm
_04624_,7.94µm
_05243_,7.94µm
_05373_,7.94µm
_05847_,7.94µm
_05893_,7.94µm
_06665_,7.94µm
_07324_,7.94µm
_07468_,7.94µm
_08160_,7.94µm
_08618_,7.94µm
_10995_,7.94µm
_11953_,7.94µm
_12817_,7.94µm
_13210_,7.94µm
_13700_,7.94µm
_13899_,7.94µm
_14797_,7.94µm
_15718_,7.94µm
_16372_,7.94µm
_17007_,7.94µm
_17269_,7.94µm
_17526_,7.94µm
_17632_,7.94µm
_17705_,7.94µm
_18661_,7.94µm
_18783_,7.94µm
_19804_,7.94µm
_19831_,7.94µm
_19862_,7.94µm
_19866_,7.94µm
_21809_,7.94µm
_22044_,7.94µm
_22179_,7.94µm
_22710_,7.94µm
_23734_,7.94µm
_25038_,7.94µm
_25039_,7.94µm
_25243_,7.94µm
_26054_,7.94µm
_26181_,7.94µm
_26197_,7.94µm
_26942_,7.94µm
_28121_,7.94µm
i_core_v_mini_mcu.ao_peripheral_subsystem_i.obi_fifo_i.consumer_data_req_q\[57\],7.94µm
i_core_v_mini_mcu.ao_peripheral_subsystem_i.spi_subsystem_i.obi_spimemio_i.flash_io0_do_o,7.94µm
i_core_v_mini_mcu.cpu_subsystem_i.cpu_0_0.i_servile.arbiter.i_wb_cpu_dbus_adr\[6\],7.94µm
i_core_v_mini_mcu.cpu_subsystem_i.cpu_0_0.rf_ram_i.memory\[187\]\[0\],7.94µm
i_core_v_mini_mcu.cpu_subsystem_i.cpu_0_0.rf_ram_i.memory\[257\]\[1\],7.94µm
i_core_v_mini_mcu.cpu_subsystem_i.cpu_0_0.rf_ram_i.memory\[442\]\[0\],7.94µm
i_core_v_mini_mcu.cpu_subsystem_i.cpu_1_0.rf_ram_i.memory\[370\]\[1\],7.94µm
i_core_v_mini_mcu.cpu_subsystem_i.cpu_1_0.rf_ram_i.memory\[374\]\[0\],7.94µm
i_core_v_mini_mcu.cpu_subsystem_i.cpu_1_0.rf_ram_i.memory\[500\]\[0\],7.94µm
i_core_v_mini_mcu.memory_subsystem_i.ram0_i.tc_ram_i.sram\[0\]\[22\],7.94µm
i_core_v_mini_mcu.memory_subsystem_i.ram0_i.tc_ram_i.sram\[17\]\[6\],7.94µm
i_core_v_mini_mcu.memory_subsystem_i.ram0_i.tc_ram_i.sram\[18\]\[5\],7.94µm
i_core_v_mini_mcu.memory_subsystem_i.ram0_i.tc_ram_i.sram\[3\]\[30\],7.94µm
_00021_,7.89µm
_00056_,7.89µm
_00215_,7.89µm
_00296_,7.89µm
_00334_,7.89µm
_00478_,7.89µm
_00573_,7.89µm
_00583_,7.89µm
_00586_,7.89µm
_00616_,7.89µm
_00657_,7.89µm
_00690_,7.89µm
_00716_,7.89µm
_00738_,7.89µm
_00887_,7.89µm
_00922_,7.89µm
_00980_,7.89µm
_00982_,7.89µm
_01045_,7.89µm
_01056_,7.89µm
_01071_,7.89µm
_01127_,7.89µm
_01133_,7.89µm
_01164_,7.89µm
_01181_,7.89µm
_01247_,7.89µm
_01254_,7.89µm
_01291_,7.89µm
_01346_,7.89µm
_01413_,7.89µm
_01600_,7.89µm
_01703_,7.89µm
_01758_,7.89µm
_01762_,7.89µm
_01804_,7.89µm
_01833_,7.89µm
_01854_,7.89µm
_01886_,7.89µm
_01900_,7.89µm
_01946_,7.89µm
_01954_,7.89µm
_01959_,7.89µm
_02011_,7.89µm
_02014_,7.89µm
_02021_,7.89µm
_02152_,7.89µm
_02153_,7.89µm
_02168_,7.89µm
_02219_,7.89µm
_02365_,7.89µm
_02412_,7.89µm
_02506_,7.89µm
_02509_,7.89µm
_02522_,7.89µm
_02580_,7.89µm
_02582_,7.89µm
_02704_,7.89µm
_02807_,7.89µm
_02921_,7.89µm
_02938_,7.89µm
_03062_,7.89µm
_03174_,7.89µm
_03341_,7.89µm
_03507_,7.89µm
_03562_,7.89µm
_03696_,7.89µm
_03704_,7.89µm
_03727_,7.89µm
_03806_,7.89µm
_03819_,7.89µm
_03826_,7.89µm
_03861_,7.89µm
_03877_,7.89µm
_04054_,7.89µm
_04096_,7.89µm
_04220_,7.89µm
_04256_,7.89µm
_04317_,7.89µm
_04338_,7.89µm
_04369_,7.89µm
_04408_,7.89µm
_04424_,7.89µm
_04502_,7.89µm
_04684_,7.89µm
_04735_,7.89µm
_04854_,7.89µm
_04968_,7.89µm
_05184_,7.89µm
_05203_,7.89µm
_05309_,7.89µm
_05341_,7.89µm
_05393_,7.89µm
_05403_,7.89µm
_05452_,7.89µm
_05674_,7.89µm
_05716_,7.89µm
_06008_,7.89µm
_06020_,7.89µm
_06158_,7.89µm
_06187_,7.89µm
_06328_,7.89µm
_06355_,7.89µm
_06888_,7.89µm
_07057_,7.89µm
_07158_,7.89µm
_07385_,7.89µm
_07604_,7.89µm
_07866_,7.89µm
_07945_,7.89µm
_07973_,7.89µm
_08120_,7.89µm
_08269_,7.89µm
_08468_,7.89µm
_08636_,7.89µm
_08649_,7.89µm
_08708_,7.89µm
_08815_,7.89µm
_08913_,7.89µm
_09086_,7.89µm
_09167_,7.89µm
_09287_,7.89µm
_09477_,7.89µm
_09620_,7.89µm
_09724_,7.89µm
_09917_,7.89µm
_10055_,7.89µm
_10414_,7.89µm
_10415_,7.89µm
_10460_,7.89µm
_10498_,7.89µm
_10644_,7.89µm
_10893_,7.89µm
_10902_,7.89µm
_11081_,7.89µm
_11126_,7.89µm
_11167_,7.89µm
_11393_,7.89µm
_11618_,7.89µm
_11619_,7.89µm
_11707_,7.89µm
_11750_,7.89µm
_11910_,7.89µm
_11913_,7.89µm
_11935_,7.89µm
_12613_,7.89µm
_12733_,7.89µm
_12971_,7.89µm
_13220_,7.89µm
_13326_,7.89µm
_13676_,7.89µm
_14762_,7.89µm
_14833_,7.89µm
_14863_,7.89µm
_15126_,7.89µm
_15263_,7.89µm
_15315_,7.89µm
_15712_,7.89µm
_15794_,7.89µm
_15833_,7.89µm
_15989_,7.89µm
_16040_,7.89µm
_16182_,7.89µm
_17226_,7.89µm
_17394_,7.89µm
_17433_,7.89µm
_17865_,7.89µm
_17971_,7.89µm
_18012_,7.89µm
_18030_,7.89µm
_18261_,7.89µm
_18403_,7.89µm
_18565_,7.89µm
_18582_,7.89µm
_19049_,7.89µm
_19151_,7.89µm
_19233_,7.89µm
_19326_,7.89µm
_19414_,7.89µm
_19430_,7.89µm
_19514_,7.89µm
_19577_,7.89µm
_19597_,7.89µm
_19763_,7.89µm
_19915_,7.89µm
_20179_,7.89µm
_20580_,7.89µm
_20598_,7.89µm
_20832_,7.89µm
_20876_,7.89µm
_21123_,7.89µm
_21178_,7.89µm
_21188_,7.89µm
_21200_,7.89µm
_21314_,7.89µm
_21352_,7.89µm
_21376_,7.89µm
_21788_,7.89µm
_21847_,7.89µm
_21886_,7.89µm
_22005_,7.89µm
_22265_,7.89µm
_22297_,7.89µm
_22360_,7.89µm
_22404_,7.89µm
_22418_,7.89µm
_22518_,7.89µm
_22608_,7.89µm
_22697_,7.89µm
_22730_,7.89µm
_22878_,7.89µm
_22885_,7.89µm
_23022_,7.89µm
_23058_,7.89µm
_23109_,7.89µm
_23169_,7.89µm
_23400_,7.89µm
_23490_,7.89µm
_23868_,7.89µm
_23913_,7.89µm
_24019_,7.89µm
_24045_,7.89µm
_24073_,7.89µm
_24076_,7.89µm
_24403_,7.89µm
_24415_,7.89µm
_24933_,7.89µm
_25217_,7.89µm
_25369_,7.89µm
_25384_,7.89µm
_25426_,7.89µm
_25481_,7.89µm
_25800_,7.89µm
_25954_,7.89µm
_26004_,7.89µm
_26157_,7.89µm
_26176_,7.89µm
_26225_,7.89µm
_26229_,7.89µm
_26338_,7.89µm
_26427_,7.89µm
_26439_,7.89µm
_26590_,7.89µm
_26883_,7.89µm
_26926_,7.89µm
_26941_,7.89µm
_27037_,7.89µm
_27140_,7.89µm
_27142_,7.89µm
_27231_,7.89µm
_27486_,7.89µm
_27527_,7.89µm
_27794_,7.89µm
_27815_,7.89µm
_27971_,7.89µm
_28115_,7.89µm
i_core_v_mini_mcu.ao_peripheral_subsystem_i.power_manager_i.power_manager_reg_top_i.u_intr_state.wr_data\[30\],7.89µm
i_core_v_mini_mcu.ao_peripheral_subsystem_i.power_manager_i.power_manager_sequence_periph_reset_i.sequence_curr_state\[3\],7.89µm
i_core_v_mini_mcu.ao_peripheral_subsystem_i.spi_subsystem_i.obi_spimemio_i.obi_to_picorv32_i.obi_resp_o\[12\],7.89µm
i_core_v_mini_mcu.ao_peripheral_subsystem_i.spi_subsystem_i.obi_spimemio_i.spimemio_i.xfer.obuffer\[5\],7.89µm
i_core_v_mini_mcu.ao_peripheral_subsystem_i.tdu_i.cpi_est_q\[2\],7.89µm
i_core_v_mini_mcu.ao_peripheral_subsystem_i.tdu_i.task_mem\[0\]\[1\],7.89µm
i_core_v_mini_mcu.cpu_subsystem_i.cpu_0_0.i_servile.rf_ram_if.rdata1,7.89µm
i_core_v_mini_mcu.cpu_subsystem_i.cpu_0_0.rf_ram_i.memory\[219\]\[1\],7.89µm
i_core_v_mini_mcu.cpu_subsystem_i.cpu_0_0.rf_ram_i.memory\[301\]\[1\],7.89µm
i_core_v_mini_mcu.cpu_subsystem_i.cpu_0_0.rf_ram_i.memory\[452\]\[1\],7.89µm
i_core_v_mini_mcu.cpu_subsystem_i.cpu_1_0.i_servile.arbiter.i_wb_cpu_ibus_adr\[23\],7.89µm
i_core_v_mini_mcu.cpu_subsystem_i.cpu_1_0.i_servile.arbiter.i_wb_cpu_ibus_adr\[30\],7.89µm
i_core_v_mini_mcu.cpu_subsystem_i.cpu_1_0.rf_ram_i.memory\[309\]\[0\],7.89µm
i_core_v_mini_mcu.memory_subsystem_i.ram0_i.tc_ram_i.sram\[0\]\[6\],7.89µm
i_core_v_mini_mcu.memory_subsystem_i.ram0_i.tc_ram_i.sram\[24\]\[12\],7.89µm
_00006_,7.84µm
_00113_,7.84µm
_00139_,7.84µm
_00178_,7.84µm
_00231_,7.84µm
_00316_,7.84µm
_00343_,7.84µm
_00419_,7.84µm
_00480_,7.84µm
_00752_,7.84µm
_00811_,7.84µm
_00817_,7.84µm
_00841_,7.84µm
_00900_,7.84µm
_00907_,7.84µm
_00967_,7.84µm
_00983_,7.84µm
_00990_,7.84µm
_01005_,7.84µm
_01066_,7.84µm
_01087_,7.84µm
_01112_,7.84µm
_01147_,7.84µm
_01215_,7.84µm
_01217_,7.84µm
_01302_,7.84µm
_01305_,7.84µm
_01327_,7.84µm
_01329_,7.84µm
_01334_,7.84µm
_01335_,7.84µm
_01412_,7.84µm
_01430_,7.84µm
_01440_,7.84µm
_01455_,7.84µm
_01462_,7.84µm
_01475_,7.84µm
_01502_,7.84µm
_01504_,7.84µm
_01512_,7.84µm
_01546_,7.84µm
_01659_,7.84µm
_01795_,7.84µm
_01816_,7.84µm
_01817_,7.84µm
_01831_,7.84µm
_01867_,7.84µm
_01885_,7.84µm
_02028_,7.84µm
_02029_,7.84µm
_02137_,7.84µm
_02266_,7.84µm
_02280_,7.84µm
_02309_,7.84µm
_02438_,7.84µm
_02460_,7.84µm
_02479_,7.84µm
_02498_,7.84µm
_02527_,7.84µm
_02575_,7.84µm
_02628_,7.84µm
_02657_,7.84µm
_02703_,7.84µm
_02800_,7.84µm
_02818_,7.84µm
_02945_,7.84µm
_02957_,7.84µm
_02960_,7.84µm
_03002_,7.84µm
_03055_,7.84µm
_03069_,7.84µm
_03173_,7.84µm
_03230_,7.84µm
_03281_,7.84µm
_03468_,7.84µm
_03573_,7.84µm
_03583_,7.84µm
_03756_,7.84µm
_03767_,7.84µm
_03771_,7.84µm
_03778_,7.84µm
_03802_,7.84µm
_03864_,7.84µm
_03875_,7.84µm
_04297_,7.84µm
_04319_,7.84µm
_04336_,7.84µm
_04349_,7.84µm
_04407_,7.84µm
_04451_,7.84µm
_04462_,7.84µm
_04530_,7.84µm
_04547_,7.84µm
_04571_,7.84µm
_04595_,7.84µm
_04687_,7.84µm
_04741_,7.84µm
_04828_,7.84µm
_04921_,7.84µm
_04964_,7.84µm
_04982_,7.84µm
_05146_,7.84µm
_05160_,7.84µm
_05180_,7.84µm
_05234_,7.84µm
_05236_,7.84µm
_05278_,7.84µm
_05339_,7.84µm
_05343_,7.84µm
_05345_,7.84µm
_05514_,7.84µm
_06153_,7.84µm
_06203_,7.84µm
_06247_,7.84µm
_06314_,7.84µm
_06686_,7.84µm
_06713_,7.84µm
_06718_,7.84µm
_06955_,7.84µm
_07032_,7.84µm
_07106_,7.84µm
_07469_,7.84µm
_07476_,7.84µm
_07650_,7.84µm
_07660_,7.84µm
_07757_,7.84µm
_07850_,7.84µm
_08016_,7.84µm
_08026_,7.84µm
_08168_,7.84µm
_08288_,7.84µm
_08342_,7.84µm
_08446_,7.84µm
_08461_,7.84µm
_08568_,7.84µm
_08610_,7.84µm
_08734_,7.84µm
_08941_,7.84µm
_08968_,7.84µm
_09105_,7.84µm
_09170_,7.84µm
_09433_,7.84µm
_09455_,7.84µm
_09575_,7.84µm
_09581_,7.84µm
_09615_,7.84µm
_09658_,7.84µm
_10038_,7.84µm
_10224_,7.84µm
_10482_,7.84µm
_10500_,7.84µm
_10730_,7.84µm
_10810_,7.84µm
_10950_,7.84µm
_11303_,7.84µm
_11313_,7.84µm
_11624_,7.84µm
_11674_,7.84µm
_11787_,7.84µm
_11980_,7.84µm
_12017_,7.84µm
_12046_,7.84µm
_12286_,7.84µm
_12428_,7.84µm
_12548_,7.84µm
_12610_,7.84µm
_12636_,7.84µm
_12648_,7.84µm
_12682_,7.84µm
_12892_,7.84µm
_12906_,7.84µm
_13014_,7.84µm
_13023_,7.84µm
_13058_,7.84µm
_13072_,7.84µm
_13211_,7.84µm
_13240_,7.84µm
_13312_,7.84µm
_13374_,7.84µm
_13432_,7.84µm
_13435_,7.84µm
_13460_,7.84µm
_13520_,7.84µm
_13537_,7.84µm
_13627_,7.84µm
_13664_,7.84µm
_14209_,7.84µm
_14333_,7.84µm
_14423_,7.84µm
_14550_,7.84µm
_14651_,7.84µm
_14675_,7.84µm
_14708_,7.84µm
_14748_,7.84µm
_14941_,7.84µm
_14974_,7.84µm
_15016_,7.84µm
_15066_,7.84µm
_15158_,7.84µm
_15182_,7.84µm
_15187_,7.84µm
_15188_,7.84µm
_15194_,7.84µm
_15259_,7.84µm
_15290_,7.84µm
_15341_,7.84µm
_15408_,7.84µm
_15589_,7.84µm
_15709_,7.84µm
_15782_,7.84µm
_15855_,7.84µm
_15890_,7.84µm
_15896_,7.84µm
_15910_,7.84µm
_16011_,7.84µm
_16133_,7.84µm
_16225_,7.84µm
_16226_,7.84µm
_16386_,7.84µm
_16517_,7.84µm
_16520_,7.84µm
_16526_,7.84µm
_16531_,7.84µm
_16690_,7.84µm
_16908_,7.84µm
_17108_,7.84µm
_17168_,7.84µm
_17194_,7.84µm
_17292_,7.84µm
_17436_,7.84µm
_17492_,7.84µm
_17693_,7.84µm
_17698_,7.84µm
_17710_,7.84µm
_17861_,7.84µm
_18042_,7.84µm
_18215_,7.84µm
_18216_,7.84µm
_18250_,7.84µm
_18455_,7.84µm
_18855_,7.84µm
_19039_,7.84µm
_19128_,7.84µm
_19223_,7.84µm
_19309_,7.84µm
_19441_,7.84µm
_19443_,7.84µm
_19453_,7.84µm
_19581_,7.84µm
_19692_,7.84µm
_19698_,7.84µm
_19715_,7.84µm
_19720_,7.84µm
_19873_,7.84µm
_19894_,7.84µm
_19919_,7.84µm
_19958_,7.84µm
_20026_,7.84µm
_20033_,7.84µm
_20065_,7.84µm
_20067_,7.84µm
_20173_,7.84µm
_20697_,7.84µm
_20699_,7.84µm
_20804_,7.84µm
_20851_,7.84µm
_20863_,7.84µm
_20875_,7.84µm
_20944_,7.84µm
_21055_,7.84µm
_21074_,7.84µm
_21165_,7.84µm
_21171_,7.84µm
_21239_,7.84µm
_21249_,7.84µm
_21332_,7.84µm
_21497_,7.84µm
_21616_,7.84µm
_21637_,7.84µm
_21672_,7.84µm
_21743_,7.84µm
_21794_,7.84µm
_21876_,7.84µm
_22071_,7.84µm
_22299_,7.84µm
_22333_,7.84µm
_22407_,7.84µm
_22448_,7.84µm
_22709_,7.84µm
_22818_,7.84µm
_22953_,7.84µm
_22979_,7.84µm
_23131_,7.84µm
_23135_,7.84µm
_23142_,7.84µm
_23416_,7.84µm
_23448_,7.84µm
_23478_,7.84µm
_23577_,7.84µm
_23615_,7.84µm
_23722_,7.84µm
_23730_,7.84µm
_23782_,7.84µm
_24003_,7.84µm
_24305_,7.84µm
_24536_,7.84µm
_24670_,7.84µm
_24705_,7.84µm
_24726_,7.84µm
_24825_,7.84µm
_24832_,7.84µm
_24845_,7.84µm
_24856_,7.84µm
_24937_,7.84µm
_24939_,7.84µm
_24966_,7.84µm
_24975_,7.84µm
_25025_,7.84µm
_25062_,7.84µm
_25104_,7.84µm
_25193_,7.84µm
_25429_,7.84µm
_25450_,7.84µm
_25577_,7.84µm
_25585_,7.84µm
_25639_,7.84µm
_25711_,7.84µm
_25824_,7.84µm
_25886_,7.84µm
_25953_,7.84µm
_26036_,7.84µm
_26111_,7.84µm
_26139_,7.84µm
_26326_,7.84µm
_26426_,7.84µm
_26524_,7.84µm
_26673_,7.84µm
_26812_,7.84µm
_26905_,7.84µm
_26992_,7.84µm
_27045_,7.84µm
_27054_,7.84µm
_27325_,7.84µm
_27335_,7.84µm
_27477_,7.84µm
_27625_,7.84µm
_27633_,7.84µm
_27733_,7.84µm
_27985_,7.84µm
_28010_,7.84µm
_28026_,7.84µm
_28085_,7.84µm
i_core_v_mini_mcu.ao_peripheral_subsystem_i.power_manager_i.power_manager_reg_top_i.u_intr_state.wr_data\[1\],7.84µm
i_core_v_mini_mcu.ao_peripheral_subsystem_i.spi_subsystem_i.obi_spimemio_i.spimemio_i.xfer.dummy_count\[3\],7.84µm
i_core_v_mini_mcu.ao_peripheral_subsystem_i.tdu_i.task_mem\[0\]\[10\],7.84µm
i_core_v_mini_mcu.cpu_subsystem_i.cpu_0_0.rf_ram_i.memory\[362\]\[1\],7.84µm
i_core_v_mini_mcu.cpu_subsystem_i.cpu_0_0.rf_ram_i.memory\[493\]\[0\],7.84µm
i_core_v_mini_mcu.cpu_subsystem_i.cpu_0_0.rf_ram_i.memory\[539\]\[1\],7.84µm
i_core_v_mini_mcu.cpu_subsystem_i.cpu_0_0.rf_ram_i.memory\[82\]\[0\],7.84µm
i_core_v_mini_mcu.cpu_subsystem_i.cpu_1_0.i_servile.arbiter.i_wb_cpu_ibus_adr\[15\],7.84µm
i_core_v_mini_mcu.cpu_subsystem_i.cpu_1_0.i_servile.rf_ram_if.rreq_r,7.84µm
i_core_v_mini_mcu.cpu_subsystem_i.cpu_1_0.rf_ram_i.memory\[179\]\[0\],7.84µm
i_core_v_mini_mcu.cpu_subsystem_i.cpu_1_0.rf_ram_i.memory\[258\]\[0\],7.84µm
i_core_v_mini_mcu.memory_subsystem_i.ram0_i.tc_ram_i.sram\[0\]\[2\],7.84µm
i_core_v_mini_mcu.memory_subsystem_i.ram0_i.tc_ram_i.sram\[11\]\[2\],7.84µm
i_core_v_mini_mcu.memory_subsystem_i.ram0_i.tc_ram_i.sram\[15\]\[9\],7.84µm
i_core_v_mini_mcu.memory_subsystem_i.ram0_i.tc_ram_i.sram\[18\]\[6\],7.84µm
i_core_v_mini_mcu.memory_subsystem_i.ram0_i.tc_ram_i.sram\[25\]\[23\],7.84µm
i_core_v_mini_mcu.memory_subsystem_i.ram0_i.tc_ram_i.sram\[2\]\[28\],7.84µm
i_core_v_mini_mcu.peripheral_subsystem_i.obi_fifo_i.consumer_state_n,7.84µm
i_core_v_mini_mcu.peripheral_subsystem_i.obi_fifo_i.producer_state_n,7.84µm
i_core_v_mini_mcu.cpu_subsystem_i.cpu_0_0.rf_ram_i.memory\[165\]\[0\],7.71µm
_09055_,7.56µm
_09090_,7.56µm
_13886_,7.56µm
_24591_,7.56µm
_24742_,7.56µm
_26456_,7.56µm
i_core_v_mini_mcu.cpu_subsystem_i.cpu_1_0.rf_ram_i.memory\[480\]\[1\],7.56µm
_02569_,7.43µm
_07837_,7.43µm
_09516_,7.43µm
_21548_,7.43µm
_21621_,7.43µm
i_core_v_mini_mcu.cpu_subsystem_i.cpu_1_0.rf_ram_i.memory\[36\]\[0\],7.43µm
i_core_v_mini_mcu.cpu_subsystem_i.cpu_1_0.rf_ram_i.memory\[79\]\[0\],7.43µm
_00281_,7.38µm
_02540_,7.38µm
_02751_,7.38µm
_04260_,7.38µm
_04412_,7.38µm
_04768_,7.38µm
_04958_,7.38µm
_05170_,7.38µm
_06152_,7.38µm
_06943_,7.38µm
_07104_,7.38µm
_07320_,7.38µm
_07395_,7.38µm
_08631_,7.38µm
_08938_,7.38µm
_09082_,7.38µm
_09266_,7.38µm
_09605_,7.38µm
_09618_,7.38µm
_09694_,7.38µm
_09842_,7.38µm
_11008_,7.38µm
_11904_,7.38µm
_12008_,7.38µm
_12027_,7.38µm
_12955_,7.38µm
_12978_,7.38µm
_13193_,7.38µm
_13217_,7.38µm
_13571_,7.38µm
_13937_,7.38µm
_14130_,7.38µm
_14574_,7.38µm
_15042_,7.38µm
_15211_,7.38µm
_15619_,7.38µm
_15665_,7.38µm
_15983_,7.38µm
_16108_,7.38µm
_16246_,7.38µm
_16398_,7.38µm
_16601_,7.38µm
_16649_,7.38µm
_16854_,7.38µm
_16899_,7.38µm
_17575_,7.38µm
_19150_,7.38µm
_19670_,7.38µm
_20136_,7.38µm
_20724_,7.38µm
_20737_,7.38µm
_21056_,7.38µm
_21104_,7.38µm
_21939_,7.38µm
_22495_,7.38µm
_22706_,7.38µm
_23320_,7.38µm
_23634_,7.38µm
_23802_,7.38µm
_24643_,7.38µm
_24956_,7.38µm
_25750_,7.38µm
_25869_,7.38µm
_25892_,7.38µm
_26052_,7.38µm
_26107_,7.38µm
_26351_,7.38µm
_27680_,7.38µm
_27693_,7.38µm
_27741_,7.38µm
_27757_,7.38µm
_27810_,7.38µm
i_core_v_mini_mcu.ao_peripheral_subsystem_i.spi_subsystem_i.obi_spimemio_i.obi_to_picorv32_i.obi_resp_o\[1\],7.38µm
i_core_v_mini_mcu.cpu_subsystem_i.cpu_0_0.rf_ram_i.memory\[155\]\[1\],7.38µm
i_core_v_mini_mcu.cpu_subsystem_i.cpu_0_0.rf_ram_i.memory\[179\]\[0\],7.38µm
i_core_v_mini_mcu.cpu_subsystem_i.cpu_0_0.rf_ram_i.memory\[410\]\[0\],7.38µm
i_core_v_mini_mcu.cpu_subsystem_i.cpu_0_0.rf_ram_i.memory\[508\]\[1\],7.38µm
i_core_v_mini_mcu.cpu_subsystem_i.cpu_1_0.rf_ram_i.memory\[188\]\[0\],7.38µm
i_core_v_mini_mcu.cpu_subsystem_i.cpu_1_0.rf_ram_i.memory\[388\]\[0\],7.38µm
i_core_v_mini_mcu.memory_subsystem_i.ram0_i.tc_ram_i.sram\[24\]\[29\],7.38µm
i_core_v_mini_mcu.peripheral_subsystem_i.obi_fifo_i.consumer_resp_i\[4\],7.38µm
_00066_,7.33µm
_00100_,7.33µm
_00117_,7.33µm
_00200_,7.33µm
_00241_,7.33µm
_00282_,7.33µm
_00285_,7.33µm
_00288_,7.33µm
_00524_,7.33µm
_00663_,7.33µm
_00769_,7.33µm
_00794_,7.33µm
_00933_,7.33µm
_01016_,7.33µm
_01032_,7.33µm
_01035_,7.33µm
_01051_,7.33µm
_01078_,7.33µm
_01091_,7.33µm
_01114_,7.33µm
_01120_,7.33µm
_01190_,7.33µm
_01271_,7.33µm
_01287_,7.33µm
_01324_,7.33µm
_01338_,7.33µm
_01398_,7.33µm
_01432_,7.33µm
_01449_,7.33µm
_01569_,7.33µm
_01620_,7.33µm
_01652_,7.33µm
_01653_,7.33µm
_01719_,7.33µm
_01724_,7.33µm
_01737_,7.33µm
_01739_,7.33µm
_01951_,7.33µm
_02056_,7.33µm
_02105_,7.33µm
_02112_,7.33µm
_02146_,7.33µm
_02244_,7.33µm
_02446_,7.33µm
_02563_,7.33µm
_02741_,7.33µm
_03219_,7.33µm
_03348_,7.33µm
_03379_,7.33µm
_03511_,7.33µm
_03682_,7.33µm
_03741_,7.33µm
_03766_,7.33µm
_03924_,7.33µm
_03955_,7.33µm
_04076_,7.33µm
_04219_,7.33µm
_04239_,7.33µm
_04259_,7.33µm
_04292_,7.33µm
_04310_,7.33µm
_04316_,7.33µm
_04371_,7.33µm
_04376_,7.33µm
_04385_,7.33µm
_04386_,7.33µm
_04390_,7.33µm
_04437_,7.33µm
_04450_,7.33µm
_04490_,7.33µm
_04493_,7.33µm
_04608_,7.33µm
_04622_,7.33µm
_04713_,7.33µm
_04754_,7.33µm
_04776_,7.33µm
_04800_,7.33µm
_04945_,7.33µm
_04999_,7.33µm
_05074_,7.33µm
_05308_,7.33µm
_05804_,7.33µm
_05845_,7.33µm
_05904_,7.33µm
_07478_,7.33µm
_08191_,7.33µm
_08334_,7.33µm
_08437_,7.33µm
_08896_,7.33µm
_09107_,7.33µm
_09303_,7.33µm
_09555_,7.33µm
_09677_,7.33µm
_09859_,7.33µm
_09904_,7.33µm
_10108_,7.33µm
_10230_,7.33µm
_10406_,7.33µm
_10488_,7.33µm
_10653_,7.33µm
_10758_,7.33µm
_10772_,7.33µm
_11015_,7.33µm
_11246_,7.33µm
_11531_,7.33µm
_11680_,7.33µm
_11713_,7.33µm
_11812_,7.33µm
_11855_,7.33µm
_11948_,7.33µm
_11960_,7.33µm
_11971_,7.33µm
_11972_,7.33µm
_12202_,7.33µm
_12231_,7.33µm
_12545_,7.33µm
_12900_,7.33µm
_12959_,7.33µm
_13157_,7.33µm
_13229_,7.33µm
_13235_,7.33µm
_13384_,7.33µm
_13579_,7.33µm
_13638_,7.33µm
_13702_,7.33µm
_14213_,7.33µm
_14438_,7.33µm
_14680_,7.33µm
_14736_,7.33µm
_15129_,7.33µm
_15218_,7.33µm
_15307_,7.33µm
_15350_,7.33µm
_15423_,7.33µm
_15437_,7.33µm
_15618_,7.33µm
_15676_,7.33µm
_15788_,7.33µm
_16014_,7.33µm
_16332_,7.33µm
_16396_,7.33µm
_16426_,7.33µm
_16546_,7.33µm
_16856_,7.33µm
_17107_,7.33µm
_17198_,7.33µm
_17276_,7.33µm
_17351_,7.33µm
_17494_,7.33µm
_17811_,7.33µm
_18144_,7.33µm
_18174_,7.33µm
_18275_,7.33µm
_18461_,7.33µm
_18559_,7.33µm
_18702_,7.33µm
_19139_,7.33µm
_19157_,7.33µm
_19412_,7.33µm
_19416_,7.33µm
_19472_,7.33µm
_19633_,7.33µm
_19642_,7.33µm
_19699_,7.33µm
_19868_,7.33µm
_20176_,7.33µm
_20184_,7.33µm
_20420_,7.33µm
_20742_,7.33µm
_21201_,7.33µm
_21208_,7.33µm
_21289_,7.33µm
_21328_,7.33µm
_21490_,7.33µm
_21909_,7.33µm
_21945_,7.33µm
_21956_,7.33µm
_22040_,7.33µm
_22058_,7.33µm
_22259_,7.33µm
_22271_,7.33µm
_22283_,7.33µm
_22347_,7.33µm
_22375_,7.33µm
_22525_,7.33µm
_22629_,7.33µm
_22677_,7.33µm
_23278_,7.33µm
_23420_,7.33µm
_23506_,7.33µm
_23586_,7.33µm
_23707_,7.33µm
_23830_,7.33µm
_23954_,7.33µm
_24008_,7.33µm
_24196_,7.33µm
_24265_,7.33µm
_24351_,7.33µm
_24443_,7.33µm
_24560_,7.33µm
_24577_,7.33µm
_24626_,7.33µm
_24829_,7.33µm
_24833_,7.33µm
_25016_,7.33µm
_25277_,7.33µm
_25524_,7.33µm
_25636_,7.33µm
_25677_,7.33µm
_25746_,7.33µm
_25900_,7.33µm
_25965_,7.33µm
_25975_,7.33µm
_26050_,7.33µm
_26055_,7.33µm
_26167_,7.33µm
_26352_,7.33µm
_26479_,7.33µm
_26593_,7.33µm
_26619_,7.33µm
_26632_,7.33µm
_26680_,7.33µm
_26703_,7.33µm
_26724_,7.33µm
_26757_,7.33µm
_26773_,7.33µm
_26975_,7.33µm
_27159_,7.33µm
_27204_,7.33µm
_27262_,7.33µm
_27346_,7.33µm
_27771_,7.33µm
_27780_,7.33µm
_27871_,7.33µm
_27992_,7.33µm
i_core_v_mini_mcu.ao_peripheral_subsystem_i.power_manager_i.power_manager_counter_sequence_cpu_iso_i.sequence_curr_state\[3\],7.33µm
i_core_v_mini_mcu.ao_peripheral_subsystem_i.power_manager_i.power_manager_reg_top_i.u_intr_state.wr_data\[9\],7.33µm
i_core_v_mini_mcu.ao_peripheral_subsystem_i.spi_subsystem_i.obi_spimemio_i.obi_to_picorv32_i.obi_resp_o\[9\],7.33µm
i_core_v_mini_mcu.memory_subsystem_i.ram0_i.tc_ram_i.sram\[12\]\[31\],7.33µm
i_core_v_mini_mcu.memory_subsystem_i.ram0_i.tc_ram_i.sram\[25\]\[16\],7.33µm
i_core_v_mini_mcu.memory_subsystem_i.ram0_i.tc_ram_i.sram\[26\]\[9\],7.33µm
i_core_v_mini_mcu.peripheral_subsystem_i.obi_fifo_i.consumer_data_req\[26\],7.33µm
i_core_v_mini_mcu.peripheral_subsystem_i.uart_i.uart_core.uart_tx.bit_cnt_q\[1\],7.33µm
i_core_v_mini_mcu.system_bus_i.system_xbar_i.gen_xbar_NtoM.i_xbar.gen_outputs\[5\].gen_rr_arb_tree.i_rr_arb_tree.gen_arbiter.rr_q\[2\],7.33µm
_00052_,7.28µm
_00055_,7.28µm
_00092_,7.28µm
_00094_,7.28µm
_00109_,7.28µm
_00111_,7.28µm
_00164_,7.28µm
_00175_,7.28µm
_00184_,7.28µm
_00185_,7.28µm
_00236_,7.28µm
_00338_,7.28µm
_00342_,7.28µm
_00427_,7.28µm
_00436_,7.28µm
_00487_,7.28µm
_00488_,7.28µm
_00547_,7.28µm
_00592_,7.28µm
_00606_,7.28µm
_00641_,7.28µm
_00652_,7.28µm
_00695_,7.28µm
_00706_,7.28µm
_00717_,7.28µm
_00750_,7.28µm
_00792_,7.28µm
_00806_,7.28µm
_00926_,7.28µm
_00969_,7.28µm
_01080_,7.28µm
_01092_,7.28µm
_01094_,7.28µm
_01227_,7.28µm
_01236_,7.28µm
_01372_,7.28µm
_01383_,7.28µm
_01402_,7.28µm
_01428_,7.28µm
_01456_,7.28µm
_01518_,7.28µm
_01613_,7.28µm
_01619_,7.28µm
_01644_,7.28µm
_01746_,7.28µm
_01765_,7.28µm
_01791_,7.28µm
_01798_,7.28µm
_01806_,7.28µm
_01811_,7.28µm
_01841_,7.28µm
_01858_,7.28µm
_01859_,7.28µm
_01903_,7.28µm
_01911_,7.28µm
_01931_,7.28µm
_01937_,7.28µm
_01944_,7.28µm
_01993_,7.28µm
_02007_,7.28µm
_02019_,7.28µm
_02085_,7.28µm
_02087_,7.28µm
_02221_,7.28µm
_02225_,7.28µm
_02276_,7.28µm
_02287_,7.28µm
_02303_,7.28µm
_02437_,7.28µm
_02476_,7.28µm
_02502_,7.28µm
_02547_,7.28µm
_02566_,7.28µm
_02586_,7.28µm
_02595_,7.28µm
_02616_,7.28µm
_02642_,7.28µm
_02711_,7.28µm
_02753_,7.28µm
_02767_,7.28µm
_02804_,7.28µm
_02872_,7.28µm
_02876_,7.28µm
_02894_,7.28µm
_02948_,7.28µm
_02980_,7.28µm
_02982_,7.28µm
_03015_,7.28µm
_03052_,7.28µm
_03061_,7.28µm
_03080_,7.28µm
_03164_,7.28µm
_03169_,7.28µm
_03256_,7.28µm
_03280_,7.28µm
_03307_,7.28µm
_03316_,7.28µm
_03335_,7.28µm
_03349_,7.28µm
_03370_,7.28µm
_03383_,7.28µm
_03566_,7.28µm
_03578_,7.28µm
_03718_,7.28µm
_03764_,7.28µm
_03765_,7.28µm
_03772_,7.28µm
_03773_,7.28µm
_03777_,7.28µm
_03805_,7.28µm
_03829_,7.28µm
_03856_,7.28µm
_03867_,7.28µm
_04110_,7.28µm
_04116_,7.28µm
_04199_,7.28µm
_04227_,7.28µm
_04232_,7.28µm
_04269_,7.28µm
_04305_,7.28µm
_04396_,7.28µm
_04513_,7.28µm
_04565_,7.28µm
_04566_,7.28µm
_04631_,7.28µm
_04656_,7.28µm
_04688_,7.28µm
_04733_,7.28µm
_04801_,7.28µm
_04803_,7.28µm
_04835_,7.28µm
_04883_,7.28µm
_04889_,7.28µm
_04909_,7.28µm
_05039_,7.28µm
_05044_,7.28µm
_05085_,7.28µm
_05088_,7.28µm
_05106_,7.28µm
_05111_,7.28µm
_05130_,7.28µm
_05154_,7.28µm
_05274_,7.28µm
_05299_,7.28µm
_05333_,7.28µm
_05378_,7.28µm
_05385_,7.28µm
_05386_,7.28µm
_05394_,7.28µm
_05834_,7.28µm
_05969_,7.28µm
_06007_,7.28µm
_06077_,7.28µm
_06288_,7.28µm
_06669_,7.28µm
_06752_,7.28µm
_06984_,7.28µm
_06995_,7.28µm
_07013_,7.28µm
_07027_,7.28µm
_07123_,7.28µm
_07427_,7.28µm
_07713_,7.28µm
_07761_,7.28µm
_07791_,7.28µm
_07902_,7.28µm
_07906_,7.28µm
_08068_,7.28µm
_08072_,7.28µm
_08086_,7.28µm
_08088_,7.28µm
_08200_,7.28µm
_08290_,7.28µm
_08308_,7.28µm
_08508_,7.28µm
_08586_,7.28µm
_08616_,7.28µm
_08758_,7.28µm
_08775_,7.28µm
_08890_,7.28µm
_08977_,7.28µm
_09192_,7.28µm
_09232_,7.28µm
_09273_,7.28µm
_09481_,7.28µm
_09494_,7.28µm
_09574_,7.28µm
_09809_,7.28µm
_09840_,7.28µm
_09872_,7.28µm
_09946_,7.28µm
_09968_,7.28µm
_10047_,7.28µm
_10062_,7.28µm
_10398_,7.28µm
_10403_,7.28µm
_10461_,7.28µm
_10689_,7.28µm
_10693_,7.28µm
_10738_,7.28µm
_10842_,7.28µm
_10870_,7.28µm
_10964_,7.28µm
_10990_,7.28µm
_11028_,7.28µm
_11093_,7.28µm
_11100_,7.28µm
_11215_,7.28µm
_11225_,7.28µm
_11263_,7.28µm
_11279_,7.28µm
_11291_,7.28µm
_11321_,7.28µm
_11409_,7.28µm
_11426_,7.28µm
_11484_,7.28µm
_11520_,7.28µm
_11522_,7.28µm
_11587_,7.28µm
_11613_,7.28µm
_11742_,7.28µm
_11774_,7.28µm
_11862_,7.28µm
_11926_,7.28µm
_11928_,7.28µm
_11997_,7.28µm
_12059_,7.28µm
_12090_,7.28µm
_12132_,7.28µm
_12318_,7.28µm
_12430_,7.28µm
_12523_,7.28µm
_12616_,7.28µm
_12651_,7.28µm
_12701_,7.28µm
_12761_,7.28µm
_12783_,7.28µm
_12831_,7.28µm
_12888_,7.28µm
_12937_,7.28µm
_13031_,7.28µm
_13067_,7.28µm
_13105_,7.28µm
_13115_,7.28µm
_13222_,7.28µm
_13234_,7.28µm
_13350_,7.28µm
_13369_,7.28µm
_13414_,7.28µm
_13479_,7.28µm
_13544_,7.28µm
_13692_,7.28µm
_13699_,7.28µm
_13845_,7.28µm
_13869_,7.28µm
_14306_,7.28µm
_14311_,7.28µm
_14628_,7.28µm
_14644_,7.28µm
_14655_,7.28µm
_14749_,7.28µm
_14844_,7.28µm
_14982_,7.28µm
_15304_,7.28µm
_15325_,7.28µm
_15342_,7.28µm
_15464_,7.28µm
_15543_,7.28µm
_15577_,7.28µm
_15635_,7.28µm
_15647_,7.28µm
_15659_,7.28µm
_15879_,7.28µm
_15956_,7.28µm
_16084_,7.28µm
_16088_,7.28µm
_16130_,7.28µm
_16215_,7.28µm
_16240_,7.28µm
_16410_,7.28µm
_16450_,7.28µm
_16467_,7.28µm
_16471_,7.28µm
_16510_,7.28µm
_16513_,7.28µm
_16519_,7.28µm
_16605_,7.28µm
_16622_,7.28µm
_16706_,7.28µm
_16828_,7.28µm
_17174_,7.28µm
_17182_,7.28µm
_17311_,7.28µm
_17376_,7.28µm
_17450_,7.28µm
_17502_,7.28µm
_17541_,7.28µm
_17699_,7.28µm
_17785_,7.28µm
_17788_,7.28µm
_17801_,7.28µm
_17813_,7.28µm
_17862_,7.28µm
_17864_,7.28µm
_17899_,7.28µm
_17959_,7.28µm
_18031_,7.28µm
_18068_,7.28µm
_18202_,7.28µm
_18447_,7.28µm
_18575_,7.28µm
_18617_,7.28µm
_18690_,7.28µm
_19088_,7.28µm
_19132_,7.28µm
_19142_,7.28µm
_19158_,7.28µm
_19183_,7.28µm
_19276_,7.28µm
_19496_,7.28µm
_19568_,7.28µm
_19575_,7.28µm
_19608_,7.28µm
_19786_,7.28µm
_19803_,7.28µm
_19914_,7.28µm
_19927_,7.28µm
_19948_,7.28µm
_19990_,7.28µm
_20019_,7.28µm
_20072_,7.28µm
_20079_,7.28µm
_20108_,7.28µm
_20127_,7.28µm
_20210_,7.28µm
_20357_,7.28µm
_20537_,7.28µm
_20651_,7.28µm
_20810_,7.28µm
_20821_,7.28µm
_20845_,7.28µm
_20877_,7.28µm
_20972_,7.28µm
_20998_,7.28µm
_21021_,7.28µm
_21047_,7.28µm
_21103_,7.28µm
_21110_,7.28µm
_21265_,7.28µm
_21428_,7.28µm
_21444_,7.28µm
_21542_,7.28µm
_21630_,7.28µm
_21665_,7.28µm
_21701_,7.28µm
_21892_,7.28µm
_21921_,7.28µm
_21950_,7.28µm
_21955_,7.28µm
_21995_,7.28µm
_22049_,7.28µm
_22053_,7.28µm
_22099_,7.28µm
_22145_,7.28µm
_22185_,7.28µm
_22206_,7.28µm
_22221_,7.28µm
_22290_,7.28µm
_22319_,7.28µm
_22367_,7.28µm
_22369_,7.28µm
_22671_,7.28µm
_22734_,7.28µm
_22855_,7.28µm
_22887_,7.28µm
_22999_,7.28µm
_23096_,7.28µm
_23127_,7.28µm
_23153_,7.28µm
_23187_,7.28µm
_23232_,7.28µm
_23375_,7.28µm
_23391_,7.28µm
_23614_,7.28µm
_23702_,7.28µm
_23754_,7.28µm
_23861_,7.28µm
_23986_,7.28µm
_24270_,7.28µm
_24389_,7.28µm
_24409_,7.28µm
_24421_,7.28µm
_24473_,7.28µm
_24542_,7.28µm
_24564_,7.28µm
_24597_,7.28µm
_24779_,7.28µm
_24885_,7.28µm
_24891_,7.28µm
_24934_,7.28µm
_24943_,7.28µm
_25061_,7.28µm
_25168_,7.28µm
_25213_,7.28µm
_25280_,7.28µm
_25291_,7.28µm
_25344_,7.28µm
_25383_,7.28µm
_25418_,7.28µm
_25428_,7.28µm
_25463_,7.28µm
_25512_,7.28µm
_25582_,7.28µm
_25873_,7.28µm
_25882_,7.28µm
_25887_,7.28µm
_25972_,7.28µm
_26108_,7.28µm
_26115_,7.28µm
_26132_,7.28µm
_26160_,7.28µm
_26463_,7.28µm
_26637_,7.28µm
_26652_,7.28µm
_26728_,7.28µm
_26778_,7.28µm
_26781_,7.28µm
_26834_,7.28µm
_26835_,7.28µm
_26854_,7.28µm
_26867_,7.28µm
_26879_,7.28µm
_26940_,7.28µm
_26965_,7.28µm
_27035_,7.28µm
_27059_,7.28µm
_27095_,7.28µm
_27304_,7.28µm
_27353_,7.28µm
_27537_,7.28µm
_27575_,7.28µm
_27636_,7.28µm
_27720_,7.28µm
_27723_,7.28µm
_27756_,7.28µm
_27759_,7.28µm
_27824_,7.28µm
_28118_,7.28µm
i_core_v_mini_mcu.ao_peripheral_subsystem_i.mosaic_clint_i.mtimecmp_q\[17\],7.28µm
i_core_v_mini_mcu.ao_peripheral_subsystem_i.power_manager_i.power_manager_sequence_periph_reset_i.sequence_curr_state\[1\],7.28µm
i_core_v_mini_mcu.ao_peripheral_subsystem_i.spi_subsystem_i.obi_spimemio_i.spimemio_i.din_tag\[2\],7.28µm
i_core_v_mini_mcu.ao_peripheral_subsystem_i.spi_subsystem_i.obi_spimemio_i.spimemio_i.dout_data\[6\],7.28µm
i_core_v_mini_mcu.cpu_subsystem_i.cpu_0_0.i_servile.arbiter.i_wb_cpu_dbus_adr\[11\],7.28µm
i_core_v_mini_mcu.cpu_subsystem_i.cpu_0_0.i_servile.cpu.immdec.gen_immdec_w_eq_1.imm30_25\[4\],7.28µm
i_core_v_mini_mcu.cpu_subsystem_i.cpu_0_0.rf_ram_i.memory\[243\]\[0\],7.28µm
i_core_v_mini_mcu.cpu_subsystem_i.cpu_0_0.rf_ram_i.memory\[451\]\[1\],7.28µm
i_core_v_mini_mcu.cpu_subsystem_i.cpu_0_0.rf_ram_i.memory\[483\]\[1\],7.28µm
i_core_v_mini_mcu.cpu_subsystem_i.cpu_0_0.rf_ram_i.memory\[58\]\[0\],7.28µm
i_core_v_mini_mcu.cpu_subsystem_i.cpu_1_0.i_servile.arbiter.i_wb_cpu_ibus_adr\[29\],7.28µm
i_core_v_mini_mcu.cpu_subsystem_i.cpu_1_0.i_servile.cpu.decode.o_immdec_en\[2\],7.28µm
i_core_v_mini_mcu.cpu_subsystem_i.cpu_1_0.i_servile.cpu.immdec.gen_immdec_w_eq_1.imm19_12_20\[3\],7.28µm
i_core_v_mini_mcu.cpu_subsystem_i.cpu_1_0.i_servile.cpu.immdec.gen_immdec_w_eq_1.imm24_20\[0\],7.28µm
i_core_v_mini_mcu.cpu_subsystem_i.cpu_1_0.rf_ram_i.memory\[486\]\[0\],7.28µm
i_core_v_mini_mcu.cpu_subsystem_i.cpu_1_0.rf_ram_i.memory\[90\]\[1\],7.28µm
i_core_v_mini_mcu.memory_subsystem_i.ram0_i.tc_ram_i.sram\[14\]\[1\],7.28µm
i_core_v_mini_mcu.memory_subsystem_i.ram0_i.tc_ram_i.sram\[17\]\[0\],7.28µm
i_core_v_mini_mcu.memory_subsystem_i.ram0_i.tc_ram_i.sram\[29\]\[23\],7.28µm
i_core_v_mini_mcu.memory_subsystem_i.ram0_i.tc_ram_i.sram\[4\]\[4\],7.28µm
_05442_,7.2µm
_25121_,7µm
_00729_,6.87µm
_04235_,6.87µm
_22023_,6.87µm
exit_value_int\[29\],6.87µm
_00160_,6.82µm
_04536_,6.82µm
_04541_,6.82µm
_06164_,6.82µm
_06381_,6.82µm
_06508_,6.82µm
_06672_,6.82µm
_06791_,6.82µm
_06982_,6.82µm
_08291_,6.82µm
_08505_,6.82µm
_08888_,6.82µm
_09512_,6.82µm
_10278_,6.82µm
_10408_,6.82µm
_10458_,6.82µm
_10603_,6.82µm
_11285_,6.82µm
_11540_,6.82µm
_11808_,6.82µm
_11996_,6.82µm
_12213_,6.82µm
_13310_,6.82µm
_13659_,6.82µm
_13884_,6.82µm
_14199_,6.82µm
_14577_,6.82µm
_15344_,6.82µm
_15457_,6.82µm
_15606_,6.82µm
_15731_,6.82µm
_15797_,6.82µm
_16296_,6.82µm
_16619_,6.82µm
_16700_,6.82µm
_17187_,6.82µm
_17755_,6.82µm
_18083_,6.82µm
_18163_,6.82µm
_18200_,6.82µm
_18599_,6.82µm
_19307_,6.82µm
_19316_,6.82µm
_19380_,6.82µm
_19507_,6.82µm
_19579_,6.82µm
_20115_,6.82µm
_20295_,6.82µm
_20311_,6.82µm
_20427_,6.82µm
_20601_,6.82µm
_20691_,6.82µm
_20738_,6.82µm
_20827_,6.82µm
_20917_,6.82µm
_21061_,6.82µm
_21561_,6.82µm
_21854_,6.82µm
_22352_,6.82µm
_23098_,6.82µm
_23433_,6.82µm
_24077_,6.82µm
_24505_,6.82µm
_25006_,6.82µm
_26325_,6.82µm
_26546_,6.82µm
_26653_,6.82µm
_26712_,6.82µm
_27951_,6.82µm
i_core_v_mini_mcu.ao_peripheral_subsystem_i.spi_subsystem_i.obi_spimemio_i.obi_to_picorv32_i.obi_resp_o\[5\],6.82µm
i_core_v_mini_mcu.ao_peripheral_subsystem_i.spi_subsystem_i.obi_spimemio_i.spimemio_i.xfer_io2_90,6.82µm
i_core_v_mini_mcu.cpu_subsystem_i.cpu_0_0.rf_ram_i.memory\[399\]\[0\],6.82µm
i_core_v_mini_mcu.cpu_subsystem_i.cpu_1_0.rf_ram_i.memory\[99\]\[1\],6.82µm
i_core_v_mini_mcu.memory_subsystem_i.ram0_i.tc_ram_i.sram\[3\]\[31\],6.82µm
i_core_v_mini_mcu.memory_subsystem_i.ram0_i.tc_ram_i.sram\[5\]\[16\],6.82µm
i_core_v_mini_mcu.memory_subsystem_i.ram0_i.tc_ram_i.sram\[7\]\[19\],6.82µm
i_core_v_mini_mcu.peripheral_subsystem_i.periph_to_reg_i.r_rdata_d\[14\],6.82µm
_00136_,6.77µm
_00219_,6.77µm
_00245_,6.77µm
_00413_,6.77µm
_00438_,6.77µm
_00456_,6.77µm
_00479_,6.77µm
_00549_,6.77µm
_00567_,6.77µm
_00582_,6.77µm
_00631_,6.77µm
_00655_,6.77µm
_00698_,6.77µm
_00701_,6.77µm
_00719_,6.77µm
_00725_,6.77µm
_00741_,6.77µm
_00747_,6.77µm
_00826_,6.77µm
_00859_,6.77µm
_00871_,6.77µm
_00888_,6.77µm
_00915_,6.77µm
_00919_,6.77µm
_00974_,6.77µm
_01002_,6.77µm
_01014_,6.77µm
_01036_,6.77µm
_01038_,6.77µm
_01069_,6.77µm
_01117_,6.77µm
_01119_,6.77µm
_01128_,6.77µm
_01131_,6.77µm
_01194_,6.77µm
_01198_,6.77µm
_01306_,6.77µm
_01320_,6.77µm
_01379_,6.77µm
_01411_,6.77µm
_01438_,6.77µm
_01448_,6.77µm
_01536_,6.77µm
_01590_,6.77µm
_01598_,6.77µm
_01611_,6.77µm
_01621_,6.77µm
_01629_,6.77µm
_01634_,6.77µm
_01636_,6.77µm
_01668_,6.77µm
_01708_,6.77µm
_01726_,6.77µm
_01733_,6.77µm
_01738_,6.77µm
_01757_,6.77µm
_01771_,6.77µm
_01892_,6.77µm
_01924_,6.77µm
_01934_,6.77µm
_02068_,6.77µm
_02124_,6.77µm
_02128_,6.77µm
_02227_,6.77µm
_02344_,6.77µm
_02395_,6.77µm
_02425_,6.77µm
_02459_,6.77µm
_02463_,6.77µm
_02505_,6.77µm
_02530_,6.77µm
_02573_,6.77µm
_02803_,6.77µm
_02940_,6.77µm
_03049_,6.77µm
_03087_,6.77µm
_03466_,6.77µm
_03469_,6.77µm
_03754_,6.77µm
_03759_,6.77µm
_03763_,6.77µm
_03816_,6.77µm
_03865_,6.77µm
_04007_,6.77µm
_04073_,6.77µm
_04127_,6.77µm
_04137_,6.77µm
_04373_,6.77µm
_04392_,6.77µm
_04438_,6.77µm
_04470_,6.77µm
_04508_,6.77µm
_04518_,6.77µm
_04590_,6.77µm
_04649_,6.77µm
_04650_,6.77µm
_04724_,6.77µm
_04750_,6.77µm
_04757_,6.77µm
_04805_,6.77µm
_04868_,6.77µm
_04871_,6.77µm
_04875_,6.77µm
_04918_,6.77µm
_04980_,6.77µm
_05004_,6.77µm
_05006_,6.77µm
_05099_,6.77µm
_05187_,6.77µm
_05189_,6.77µm
_05204_,6.77µm
_05246_,6.77µm
_05327_,6.77µm
_05344_,6.77µm
_05349_,6.77µm
_05408_,6.77µm
_05479_,6.77µm
_05725_,6.77µm
_05852_,6.77µm
_05977_,6.77µm
_06050_,6.77µm
_06059_,6.77µm
_06093_,6.77µm
_06327_,6.77µm
_06745_,6.77µm
_06794_,6.77µm
_06844_,6.77µm
_06931_,6.77µm
_07056_,6.77µm
_07074_,6.77µm
_07194_,6.77µm
_07416_,6.77µm
_07740_,6.77µm
_07744_,6.77µm
_07792_,6.77µm
_07875_,6.77µm
_08362_,6.77µm
_08513_,6.77µm
_08560_,6.77µm
_08653_,6.77µm
_08763_,6.77µm
_08825_,6.77µm
_09404_,6.77µm
_09538_,6.77µm
_09558_,6.77µm
_09849_,6.77µm
_09961_,6.77µm
_10262_,6.77µm
_10494_,6.77µm
_10656_,6.77µm
_10863_,6.77µm
_11112_,6.77µm
_11296_,6.77µm
_11627_,6.77µm
_11725_,6.77µm
_11754_,6.77µm
_11796_,6.77µm
_11821_,6.77µm
_11853_,6.77µm
_12212_,6.77µm
_12424_,6.77µm
_12493_,6.77µm
_12863_,6.77µm
_13026_,6.77µm
_13027_,6.77µm
_13283_,6.77µm
_13394_,6.77µm
_13412_,6.77µm
_13521_,6.77µm
_13538_,6.77µm
_13543_,6.77µm
_13599_,6.77µm
_13722_,6.77µm
_13798_,6.77µm
_13867_,6.77µm
_13955_,6.77µm
_14354_,6.77µm
_14470_,6.77µm
_14526_,6.77µm
_14956_,6.77µm
_15025_,6.77µm
_15039_,6.77µm
_15092_,6.77µm
_15176_,6.77µm
_15319_,6.77µm
_15743_,6.77µm
_16179_,6.77µm
_16534_,6.77µm
_16753_,6.77µm
_16863_,6.77µm
_17102_,6.77µm
_17334_,6.77µm
_17912_,6.77µm
_17979_,6.77µm
_18190_,6.77µm
_18350_,6.77µm
_18578_,6.77µm
_18607_,6.77µm
_19089_,6.77µm
_19473_,6.77µm
_19585_,6.77µm
_19607_,6.77µm
_19911_,6.77µm
_20099_,6.77µm
_20168_,6.77µm
_20310_,6.77µm
_20540_,6.77µm
_20605_,6.77µm
_20644_,6.77µm
_20654_,6.77µm
_20674_,6.77µm
_20910_,6.77µm
_20919_,6.77µm
_21072_,6.77µm
_21372_,6.77µm
_21775_,6.77µm
_21801_,6.77µm
_21908_,6.77µm
_22054_,6.77µm
_22128_,6.77µm
_22269_,6.77µm
_22589_,6.77µm
_22688_,6.77µm
_22704_,6.77µm
_22753_,6.77µm
_22894_,6.77µm
_23068_,6.77µm
_23090_,6.77µm
_23172_,6.77µm
_23178_,6.77µm
_23179_,6.77µm
_23303_,6.77µm
_23336_,6.77µm
_23347_,6.77µm
_23357_,6.77µm
_23436_,6.77µm
_23596_,6.77µm
_23607_,6.77µm
_23697_,6.77µm
_23720_,6.77µm
_24000_,6.77µm
_24053_,6.77µm
_24069_,6.77µm
_24291_,6.77µm
_24491_,6.77µm
_24772_,6.77µm
_24846_,6.77µm
_24935_,6.77µm
_24959_,6.77µm
_25078_,6.77µm
_25113_,6.77µm
_25276_,6.77µm
_25357_,6.77µm
_25646_,6.77µm
_25958_,6.77µm
_26042_,6.77µm
_26302_,6.77µm
_26470_,6.77µm
_26550_,6.77µm
_26561_,6.77µm
_26634_,6.77µm
_26869_,6.77µm
_26917_,6.77µm
_27033_,6.77µm
_27072_,6.77µm
_27322_,6.77µm
_27504_,6.77µm
_27697_,6.77µm
_27940_,6.77µm
_28131_,6.77µm
i_core_v_mini_mcu.cpu_subsystem_i.cpu_0_0.rf_ram_i.memory\[235\]\[1\],6.77µm
i_core_v_mini_mcu.cpu_subsystem_i.cpu_1_0.rf_ram_i.regzero,6.77µm
i_core_v_mini_mcu.memory_subsystem_i.ram0_i.tc_ram_i.sram\[14\]\[8\],6.77µm
i_core_v_mini_mcu.peripheral_subsystem_i.obi_fifo_i.consumer_data_req\[15\],6.77µm
_00058_,6.72µm
_00138_,6.72µm
_00147_,6.72µm
_00157_,6.72µm
_00208_,6.72µm
_00226_,6.72µm
_00228_,6.72µm
_00289_,6.72µm
_00307_,6.72µm
_00310_,6.72µm
_00320_,6.72µm
_00330_,6.72µm
_00331_,6.72µm
_00332_,6.72µm
_00336_,6.72µm
_00339_,6.72µm
_00374_,6.72µm
_00490_,6.72µm
_00577_,6.72µm
_00588_,6.72µm
_00600_,6.72µm
_00614_,6.72µm
_00643_,6.72µm
_00728_,6.72µm
_00775_,6.72µm
_00897_,6.72µm
_00912_,6.72µm
_00994_,6.72µm
_01010_,6.72µm
_01011_,6.72µm
_01025_,6.72µm
_01037_,6.72µm
_01048_,6.72µm
_01081_,6.72µm
_01108_,6.72µm
_01220_,6.72µm
_01259_,6.72µm
_01326_,6.72µm
_01357_,6.72µm
_01362_,6.72µm
_01366_,6.72µm
_01410_,6.72µm
_01445_,6.72µm
_01486_,6.72µm
_01487_,6.72µm
_01514_,6.72µm
_01705_,6.72µm
_01716_,6.72µm
_01745_,6.72µm
_01777_,6.72µm
_01802_,6.72µm
_01810_,6.72µm
_01965_,6.72µm
_01978_,6.72µm
_02027_,6.72µm
_02122_,6.72µm
_02123_,6.72µm
_02167_,6.72µm
_02213_,6.72µm
_02224_,6.72µm
_02243_,6.72µm
_02264_,6.72µm
_02389_,6.72µm
_02489_,6.72µm
_02593_,6.72µm
_02612_,6.72µm
_02650_,6.72µm
_02673_,6.72µm
_02695_,6.72µm
_02699_,6.72µm
_02700_,6.72µm
_02727_,6.72µm
_02742_,6.72µm
_02746_,6.72µm
_02749_,6.72µm
_02772_,6.72µm
_02792_,6.72µm
_02799_,6.72µm
_02822_,6.72µm
_02834_,6.72µm
_02851_,6.72µm
_02874_,6.72µm
_02889_,6.72µm
_02916_,6.72µm
_02924_,6.72µm
_02943_,6.72µm
_02966_,6.72µm
_02998_,6.72µm
_03005_,6.72µm
_03013_,6.72µm
_03021_,6.72µm
_03090_,6.72µm
_03095_,6.72µm
_03100_,6.72µm
_03104_,6.72µm
_03130_,6.72µm
_03154_,6.72µm
_03205_,6.72µm
_03212_,6.72µm
_03231_,6.72µm
_03232_,6.72µm
_03285_,6.72µm
_03327_,6.72µm
_03332_,6.72µm
_03350_,6.72µm
_03352_,6.72µm
_03391_,6.72µm
_03409_,6.72µm
_03439_,6.72µm
_03444_,6.72µm
_03464_,6.72µm
_03477_,6.72µm
_03550_,6.72µm
_03555_,6.72µm
_03600_,6.72µm
_03606_,6.72µm
_03636_,6.72µm
_03641_,6.72µm
_03648_,6.72µm
_03785_,6.72µm
_03813_,6.72µm
_03860_,6.72µm
_03878_,6.72µm
_03882_,6.72µm
_03969_,6.72µm
_03999_,6.72µm
_04042_,6.72µm
_04050_,6.72µm
_04068_,6.72µm
_04077_,6.72µm
_04080_,6.72µm
_04083_,6.72µm
_04093_,6.72µm
_04114_,6.72µm
_04158_,6.72µm
_04159_,6.72µm
_04218_,6.72µm
_04221_,6.72µm
_04266_,6.72µm
_04275_,6.72µm
_04342_,6.72µm
_04351_,6.72µm
_04456_,6.72µm
_04465_,6.72µm
_04544_,6.72µm
_04643_,6.72µm
_04662_,6.72µm
_04664_,6.72µm
_04726_,6.72µm
_04781_,6.72µm
_04825_,6.72µm
_04846_,6.72µm
_04851_,6.72µm
_04944_,6.72µm
_04986_,6.72µm
_05027_,6.72µm
_05046_,6.72µm
_05047_,6.72µm
_05059_,6.72µm
_05070_,6.72µm
_05077_,6.72µm
_05080_,6.72µm
_05087_,6.72µm
_05089_,6.72µm
_05244_,6.72µm
_05290_,6.72µm
_05377_,6.72µm
_05471_,6.72µm
_05588_,6.72µm
_05665_,6.72µm
_05666_,6.72µm
_05700_,6.72µm
_05726_,6.72µm
_05752_,6.72µm
_05795_,6.72µm
_05859_,6.72µm
_05868_,6.72µm
_05953_,6.72µm
_06126_,6.72µm
_06172_,6.72µm
_06254_,6.72µm
_06320_,6.72µm
_06435_,6.72µm
_06535_,6.72µm
_06670_,6.72µm
_06704_,6.72µm
_06776_,6.72µm
_06953_,6.72µm
_07016_,6.72µm
_07129_,6.72µm
_07131_,6.72µm
_07212_,6.72µm
_07694_,6.72µm
_07800_,6.72µm
_07935_,6.72µm
_07960_,6.72µm
_08045_,6.72µm
_08075_,6.72µm
_08159_,6.72µm
_08201_,6.72µm
_08223_,6.72µm
_08248_,6.72µm
_08251_,6.72µm
_08455_,6.72µm
_08714_,6.72µm
_08778_,6.72µm
_09204_,6.72µm
_09324_,6.72µm
_09662_,6.72µm
_09847_,6.72µm
_09871_,6.72µm
_09943_,6.72µm
_10385_,6.72µm
_10478_,6.72µm
_10796_,6.72µm
_10816_,6.72µm
_10975_,6.72µm
_10978_,6.72µm
_11168_,6.72µm
_11182_,6.72µm
_11302_,6.72µm
_11305_,6.72µm
_11493_,6.72µm
_11608_,6.72µm
_11636_,6.72µm
_11653_,6.72µm
_11661_,6.72µm
_11682_,6.72µm
_11685_,6.72µm
_11834_,6.72µm
_12039_,6.72µm
_12133_,6.72µm
_12142_,6.72µm
_12224_,6.72µm
_12394_,6.72µm
_12741_,6.72µm
_12935_,6.72µm
_13022_,6.72µm
_13081_,6.72µm
_13120_,6.72µm
_13365_,6.72µm
_13378_,6.72µm
_13560_,6.72µm
_13572_,6.72µm
_13583_,6.72µm
_13636_,6.72µm
_13915_,6.72µm
_14118_,6.72µm
_14128_,6.72µm
_14159_,6.72µm
_14381_,6.72µm
_14636_,6.72µm
_14648_,6.72µm
_14702_,6.72µm
_14728_,6.72µm
_14745_,6.72µm
_14764_,6.72µm
_14810_,6.72µm
_14821_,6.72µm
_14930_,6.72µm
_15024_,6.72µm
_15052_,6.72µm
_15161_,6.72µm
_15277_,6.72µm
_15374_,6.72µm
_15428_,6.72µm
_15477_,6.72µm
_15557_,6.72µm
_15591_,6.72µm
_15592_,6.72µm
_15594_,6.72µm
_15597_,6.72µm
_15629_,6.72µm
_15631_,6.72µm
_15661_,6.72µm
_15675_,6.72µm
_15852_,6.72µm
_15915_,6.72µm
_15993_,6.72µm
_16064_,6.72µm
_16078_,6.72µm
_16121_,6.72µm
_16218_,6.72µm
_16229_,6.72µm
_16273_,6.72µm
_16385_,6.72µm
_16445_,6.72µm
_16647_,6.72µm
_16656_,6.72µm
_16670_,6.72µm
_16771_,6.72µm
_16786_,6.72µm
_16800_,6.72µm
_16944_,6.72µm
_16951_,6.72µm
_17148_,6.72µm
_17177_,6.72µm
_17286_,6.72µm
_17340_,6.72µm
_17342_,6.72µm
_17413_,6.72µm
_17418_,6.72µm
_17475_,6.72µm
_17572_,6.72µm
_17610_,6.72µm
_17779_,6.72µm
_17819_,6.72µm
_17921_,6.72µm
_17926_,6.72µm
_17990_,6.72µm
_17999_,6.72µm
_18099_,6.72µm
_18119_,6.72µm
_18302_,6.72µm
_18437_,6.72µm
_18485_,6.72µm
_18491_,6.72µm
_18609_,6.72µm
_18639_,6.72µm
_18687_,6.72µm
_18735_,6.72µm
_18805_,6.72µm
_18817_,6.72µm
_18966_,6.72µm
_19159_,6.72µm
_19172_,6.72µm
_19188_,6.72µm
_19222_,6.72µm
_19226_,6.72µm
_19232_,6.72µm
_19265_,6.72µm
_19311_,6.72µm
_19327_,6.72µm
_19370_,6.72µm
_19442_,6.72µm
_19447_,6.72µm
_19452_,6.72µm
_19486_,6.72µm
_19505_,6.72µm
_19522_,6.72µm
_19566_,6.72µm
_19576_,6.72µm
_19580_,6.72µm
_19674_,6.72µm
_19690_,6.72µm
_19710_,6.72µm
_19718_,6.72µm
_19796_,6.72µm
_19876_,6.72µm
_20069_,6.72µm
_20089_,6.72µm
_20188_,6.72µm
_20242_,6.72µm
_20275_,6.72µm
_20279_,6.72µm
_20509_,6.72µm
_20596_,6.72µm
_20650_,6.72µm
_20686_,6.72µm
_20736_,6.72µm
_20795_,6.72µm
_20858_,6.72µm
_20880_,6.72µm
_20942_,6.72µm
_21003_,6.72µm
_21081_,6.72µm
_21117_,6.72µm
_21236_,6.72µm
_21300_,6.72µm
_21342_,6.72µm
_21348_,6.72µm
_21349_,6.72µm
_21409_,6.72µm
_21420_,6.72µm
_21426_,6.72µm
_21717_,6.72µm
_21719_,6.72µm
_21723_,6.72µm
_21739_,6.72µm
_21756_,6.72µm
_21842_,6.72µm
_21883_,6.72µm
_21998_,6.72µm
_22086_,6.72µm
_22318_,6.72µm
_22656_,6.72µm
_22673_,6.72µm
_22727_,6.72µm
_22856_,6.72µm
_22916_,6.72µm
_22918_,6.72µm
_22951_,6.72µm
_23263_,6.72µm
_23281_,6.72µm
_23326_,6.72µm
_23646_,6.72µm
_23716_,6.72µm
_23719_,6.72µm
_23775_,6.72µm
_23789_,6.72µm
_23803_,6.72µm
_23938_,6.72µm
_23961_,6.72µm
_24365_,6.72µm
_24436_,6.72µm
_24559_,6.72µm
_24623_,6.72µm
_24648_,6.72µm
_24653_,6.72µm
_24660_,6.72µm
_24669_,6.72µm
_24673_,6.72µm
_24774_,6.72µm
_24851_,6.72µm
_24889_,6.72µm
_24952_,6.72µm
_24954_,6.72µm
_25024_,6.72µm
_25072_,6.72µm
_25111_,6.72µm
_25156_,6.72µm
_25177_,6.72µm
_25179_,6.72µm
_25238_,6.72µm
_25392_,6.72µm
_25535_,6.72µm
_25584_,6.72µm
_25606_,6.72µm
_25761_,6.72µm
_25783_,6.72µm
_25868_,6.72µm
_26028_,6.72µm
_26043_,6.72µm
_26060_,6.72µm
_26105_,6.72µm
_26193_,6.72µm
_26425_,6.72µm
_26450_,6.72µm
_26471_,6.72µm
_26482_,6.72µm
_26501_,6.72µm
_26563_,6.72µm
_26576_,6.72µm
_26664_,6.72µm
_26912_,6.72µm
_27111_,6.72µm
_27212_,6.72µm
_27240_,6.72µm
_27251_,6.72µm
_27482_,6.72µm
_27493_,6.72µm
_27579_,6.72µm
_27583_,6.72µm
_27842_,6.72µm
_27988_,6.72µm
i_core_v_mini_mcu.ao_peripheral_subsystem_i.power_manager_i.power_manager_counter_sequence_cpu_switch_i.sequence_curr_state\[2\],6.72µm
i_core_v_mini_mcu.ao_peripheral_subsystem_i.power_manager_i.power_manager_reg_top_i.monitor_power_gate_ram_block_0_qs\[1\],6.72µm
i_core_v_mini_mcu.ao_peripheral_subsystem_i.spi_subsystem_i.obi_spimemio_i.obi_to_picorv32_i.obi_resp_o\[2\],6.72µm
i_core_v_mini_mcu.cpu_subsystem_i.cpu_0_0.i_servile.cpu.ctrl.i_utype,6.72µm
i_core_v_mini_mcu.cpu_subsystem_i.cpu_0_0.rf_ram_i.memory\[210\]\[0\],6.72µm
i_core_v_mini_mcu.cpu_subsystem_i.cpu_0_0.rf_ram_i.memory\[58\]\[1\],6.72µm
i_core_v_mini_mcu.cpu_subsystem_i.cpu_1_0.i_servile.arbiter.i_wb_cpu_ibus_adr\[18\],6.72µm
i_core_v_mini_mcu.cpu_subsystem_i.cpu_1_0.i_servile.cpu.decode.o_mem_word,6.72µm
i_core_v_mini_mcu.cpu_subsystem_i.cpu_1_0.i_servile.rf_ram_if.rgnt,6.72µm
i_core_v_mini_mcu.cpu_subsystem_i.cpu_1_0.rf_ram_i.memory\[114\]\[1\],6.72µm
i_core_v_mini_mcu.cpu_subsystem_i.cpu_1_0.rf_ram_i.memory\[396\]\[0\],6.72µm
i_core_v_mini_mcu.memory_subsystem_i.ram0_i.tc_ram_i.sram\[4\]\[3\],6.72µm
i_core_v_mini_mcu.peripheral_subsystem_i.obi_fifo_i.obi_req_fifo_i.status_cnt_q\[1\],6.72µm
_04654_,6.66µm
_21805_,6.49µm
_24391_,6.49µm
_24723_,6.49µm
_11528_,6.36µm
_00424_,6.31µm
_01560_,6.31µm
_05100_,6.31µm
_11827_,6.31µm
_11850_,6.31µm
_12076_,6.31µm
_13232_,6.31µm
_22883_,6.31µm
_00124_,6.26µm
_00148_,6.26µm
_01138_,6.26µm
_01209_,6.26µm
_02102_,6.26µm
_02319_,6.26µm
_03737_,6.26µm
_04201_,6.26µm
_04229_,6.26µm
_04231_,6.26µm
_04702_,6.26µm
_04706_,6.26µm
_04725_,6.26µm
_04869_,6.26µm
_05185_,6.26µm
_05220_,6.26µm
_05291_,6.26µm
_05305_,6.26µm
_06051_,6.26µm
_06215_,6.26µm
_07391_,6.26µm
_07394_,6.26µm
_08473_,6.26µm
_09697_,6.26µm
_10646_,6.26µm
_10681_,6.26µm
_11130_,6.26µm
_11277_,6.26µm
_11483_,6.26µm
_11621_,6.26µm
_11743_,6.26µm
_12190_,6.26µm
_12414_,6.26µm
_12484_,6.26µm
_12575_,6.26µm
_12604_,6.26µm
_12716_,6.26µm
_12753_,6.26µm
_12924_,6.26µm
_13038_,6.26µm
_13354_,6.26µm
_13360_,6.26µm
_13731_,6.26µm
_13880_,6.26µm
_14134_,6.26µm
_14548_,6.26µm
_14661_,6.26µm
_15110_,6.26µm
_16549_,6.26µm
_16736_,6.26µm
_17073_,6.26µm
_17122_,6.26µm
_17266_,6.26µm
_17379_,6.26µm
_17425_,6.26µm
_17892_,6.26µm
_18167_,6.26µm
_18234_,6.26µm
_18344_,6.26µm
_18364_,6.26µm
_18387_,6.26µm
_20280_,6.26µm
_20424_,6.26µm
_20475_,6.26µm
_20769_,6.26µm
_20836_,6.26µm
_20872_,6.26µm
_21150_,6.26µm
_21826_,6.26µm
_22002_,6.26µm
_22170_,6.26µm
_22176_,6.26µm
_22322_,6.26µm
_22498_,6.26µm
_22539_,6.26µm
_22581_,6.26µm
_22682_,6.26µm
_22754_,6.26µm
_22776_,6.26µm
_23772_,6.26µm
_23798_,6.26µm
_23969_,6.26µm
_23982_,6.26µm
_24528_,6.26µm
_24570_,6.26µm
_24581_,6.26µm
_24582_,6.26µm
_24775_,6.26µm
_24821_,6.26µm
_24890_,6.26µm
_26068_,6.26µm
_26349_,6.26µm
_26462_,6.26µm
_26820_,6.26µm
_27228_,6.26µm
_27838_,6.26µm
i_core_v_mini_mcu.cpu_subsystem_i.cpu_0_0.rf_ram_i.memory\[213\]\[0\],6.26µm
i_core_v_mini_mcu.cpu_subsystem_i.cpu_0_0.rf_ram_i.memory\[399\]\[1\],6.26µm
i_core_v_mini_mcu.cpu_subsystem_i.cpu_0_0.rf_ram_i.memory\[419\]\[0\],6.26µm
i_core_v_mini_mcu.memory_subsystem_i.ram0_i.tc_ram_i.sram\[14\]\[6\],6.26µm
i_core_v_mini_mcu.memory_subsystem_i.ram0_i.tc_ram_i.sram\[28\]\[24\],6.26µm
i_core_v_mini_mcu.memory_subsystem_i.ram0_i.tc_ram_i.sram\[29\]\[8\],6.26µm
_00095_,6.21µm
_00171_,6.21µm
_00210_,6.21µm
_00341_,6.21µm
_00368_,6.21µm
_00428_,6.21µm
_00491_,6.21µm
_00562_,6.21µm
_00623_,6.21µm
_00656_,6.21µm
_00665_,6.21µm
_00666_,6.21µm
_00712_,6.21µm
_00721_,6.21µm
_00722_,6.21µm
_00759_,6.21µm
_00818_,6.21µm
_00845_,6.21µm
_00858_,6.21µm
_00870_,6.21µm
_00879_,6.21µm
_00905_,6.21µm
_00910_,6.21µm
_00943_,6.21µm
_00953_,6.21µm
_00976_,6.21µm
_00977_,6.21µm
_00981_,6.21µm
_01012_,6.21µm
_01040_,6.21µm
_01111_,6.21µm
_01124_,6.21µm
_01129_,6.21µm
_01135_,6.21µm
_01214_,6.21µm
_01245_,6.21µm
_01253_,6.21µm
_01319_,6.21µm
_01322_,6.21µm
_01381_,6.21µm
_01406_,6.21µm
_01524_,6.21µm
_01532_,6.21µm
_01674_,6.21µm
_01675_,6.21µm
_01684_,6.21µm
_01689_,6.21µm
_01721_,6.21µm
_01732_,6.21µm
_01752_,6.21µm
_01766_,6.21µm
_01779_,6.21µm
_01783_,6.21µm
_01834_,6.21µm
_01844_,6.21µm
_01875_,6.21µm
_01921_,6.21µm
_01926_,6.21µm
_01984_,6.21µm
_01990_,6.21µm
_02020_,6.21µm
_02035_,6.21µm
_02054_,6.21µm
_02079_,6.21µm
_02107_,6.21µm
_02249_,6.21µm
_02334_,6.21µm
_02336_,6.21µm
_02427_,6.21µm
_02466_,6.21µm
_02470_,6.21µm
_02484_,6.21µm
_02614_,6.21µm
_02815_,6.21µm
_03058_,6.21µm
_03194_,6.21µm
_03282_,6.21µm
_03457_,6.21µm
_03538_,6.21µm
_03674_,6.21µm
_03676_,6.21µm
_03692_,6.21µm
_03710_,6.21µm
_03918_,6.21µm
_03933_,6.21µm
_03945_,6.21µm
_03994_,6.21µm
_04064_,6.21µm
_04082_,6.21µm
_04104_,6.21µm
_04147_,6.21µm
_04240_,6.21µm
_04252_,6.21µm
_04264_,6.21µm
_04309_,6.21µm
_04313_,6.21µm
_04362_,6.21µm
_04497_,6.21µm
_04570_,6.21µm
_04576_,6.21µm
_04596_,6.21µm
_04668_,6.21µm
_04680_,6.21µm
_04711_,6.21µm
_04808_,6.21µm
_04812_,6.21µm
_04813_,6.21µm
_04856_,6.21µm
_04874_,6.21µm
_04929_,6.21µm
_05134_,6.21µm
_05200_,6.21µm
_05207_,6.21µm
_05223_,6.21µm
_05313_,6.21µm
_05325_,6.21µm
_05350_,6.21µm
_05423_,6.21µm
_05688_,6.21µm
_05712_,6.21µm
_05776_,6.21µm
_05844_,6.21µm
_06199_,6.21µm
_06421_,6.21µm
_06574_,6.21µm
_07288_,6.21µm
_08175_,6.21µm
_08562_,6.21µm
_08753_,6.21µm
_08839_,6.21µm
_08855_,6.21µm
_08893_,6.21µm
_08987_,6.21µm
_09301_,6.21µm
_09343_,6.21µm
_09594_,6.21µm
_09691_,6.21µm
_09843_,6.21µm
_09902_,6.21µm
_10327_,6.21µm
_10393_,6.21µm
_10443_,6.21µm
_10447_,6.21µm
_10669_,6.21µm
_10979_,6.21µm
_11013_,6.21µm
_11101_,6.21µm
_11162_,6.21µm
_11217_,6.21µm
_11332_,6.21µm
_11340_,6.21µm
_11487_,6.21µm
_11547_,6.21µm
_11652_,6.21µm
_11672_,6.21µm
_11792_,6.21µm
_11801_,6.21µm
_11858_,6.21µm
_11859_,6.21µm
_11882_,6.21µm
_11929_,6.21µm
_12037_,6.21µm
_12052_,6.21µm
_12060_,6.21µm
_12560_,6.21µm
_12731_,6.21µm
_12792_,6.21µm
_12837_,6.21µm
_12983_,6.21µm
_13174_,6.21µm
_13271_,6.21µm
_13367_,6.21µm
_13457_,6.21µm
_13484_,6.21µm
_13671_,6.21µm
_14513_,6.21µm
_14589_,6.21µm
_14597_,6.21µm
_14767_,6.21µm
_14883_,6.21µm
_14893_,6.21µm
_15333_,6.21µm
_15398_,6.21µm
_15598_,6.21µm
_15656_,6.21µm
_15671_,6.21µm
_15932_,6.21µm
_16114_,6.21µm
_16141_,6.21µm
_16703_,6.21µm
_16838_,6.21µm
_17202_,6.21µm
_17364_,6.21µm
_17407_,6.21µm
_17421_,6.21µm
_18063_,6.21µm
_18071_,6.21µm
_18221_,6.21µm
_18280_,6.21µm
_18317_,6.21µm
_18327_,6.21µm
_18373_,6.21µm
_18553_,6.21µm
_18676_,6.21µm
_18806_,6.21µm
_19044_,6.21µm
_19106_,6.21µm
_19119_,6.21µm
_19338_,6.21µm
_19435_,6.21µm
_19502_,6.21µm
_19503_,6.21µm
_19546_,6.21µm
_19578_,6.21µm
_19592_,6.21µm
_19671_,6.21µm
_19693_,6.21µm
_19776_,6.21µm
_19823_,6.21µm
_19833_,6.21µm
_20027_,6.21µm
_20071_,6.21µm
_20288_,6.21µm
_20662_,6.21µm
_20705_,6.21µm
_20808_,6.21µm
_20878_,6.21µm
_21012_,6.21µm
_21086_,6.21µm
_21097_,6.21µm
_21156_,6.21µm
_21296_,6.21µm
_21356_,6.21µm
_21417_,6.21µm
_21448_,6.21µm
_21728_,6.21µm
_21819_,6.21µm
_21879_,6.21µm
_21990_,6.21µm
_22120_,6.21µm
_22177_,6.21µm
_22262_,6.21µm
_22445_,6.21µm
_22458_,6.21µm
_22459_,6.21µm
_22481_,6.21µm
_22650_,6.21µm
_22692_,6.21µm
_22843_,6.21µm
_22994_,6.21µm
_22995_,6.21µm
_23089_,6.21µm
_23159_,6.21µm
_23211_,6.21µm
_23350_,6.21µm
_23639_,6.21µm
_23758_,6.21µm
_23851_,6.21µm
_23904_,6.21µm
_23908_,6.21µm
_23947_,6.21µm
_24278_,6.21µm
_24487_,6.21µm
_24931_,6.21µm
_24960_,6.21µm
_25046_,6.21µm
_25347_,6.21µm
_25515_,6.21µm
_25858_,6.21µm
_26057_,6.21µm
_26075_,6.21µm
_26717_,6.21µm
_26720_,6.21µm
_26888_,6.21µm
_26909_,6.21µm
_27048_,6.21µm
_27226_,6.21µm
_27235_,6.21µm
_27310_,6.21µm
_27615_,6.21µm
_27634_,6.21µm
_27640_,6.21µm
_27704_,6.21µm
_27806_,6.21µm
_27916_,6.21µm
i_core_v_mini_mcu.ao_peripheral_subsystem_i.obi_fifo_i.producer_state_n,6.21µm
i_core_v_mini_mcu.ao_peripheral_subsystem_i.power_manager_i.power_manager_reg_top_i.monitor_power_gate_periph_qs\[2\],6.21µm
i_core_v_mini_mcu.peripheral_subsystem_i.obi_fifo_i.consumer_resp_i\[10\],6.21µm
i_core_v_mini_mcu.peripheral_subsystem_i.uart_i.uart_core.sync_rx.gen_generic.u_impl_generic.intq,6.21µm
_00004_,6.16µm
_00119_,6.16µm
_00211_,6.16µm
_00233_,6.16µm
_00284_,6.16µm
_00337_,6.16µm
_00347_,6.16µm
_00381_,6.16µm
_00405_,6.16µm
_00417_,6.16µm
_00465_,6.16µm
_00539_,6.16µm
_00555_,6.16µm
_00580_,6.16µm
_00585_,6.16µm
_00689_,6.16µm
_00743_,6.16µm
_00836_,6.16µm
_01148_,6.16µm
_01169_,6.16µm
_01170_,6.16µm
_01176_,6.16µm
_01270_,6.16µm
_01278_,6.16µm
_01336_,6.16µm
_01343_,6.16µm
_01433_,6.16µm
_01443_,6.16µm
_01466_,6.16µm
_01491_,6.16µm
_01549_,6.16µm
_01575_,6.16µm
_01585_,6.16µm
_01618_,6.16µm
_01626_,6.16µm
_01772_,6.16µm
_01792_,6.16µm
_01846_,6.16µm
_01888_,6.16µm
_01947_,6.16µm
_01957_,6.16µm
_02008_,6.16µm
_02046_,6.16µm
_02114_,6.16µm
_02118_,6.16µm
_02143_,6.16µm
_02154_,6.16µm
_02165_,6.16µm
_02198_,6.16µm
_02202_,6.16µm
_02208_,6.16µm
_02250_,6.16µm
_02263_,6.16µm
_02278_,6.16µm
_02289_,6.16µm
_02342_,6.16µm
_02366_,6.16µm
_02403_,6.16µm
_02431_,6.16µm
_02480_,6.16µm
_02493_,6.16µm
_02510_,6.16µm
_02553_,6.16µm
_02556_,6.16µm
_02568_,6.16µm
_02658_,6.16µm
_02667_,6.16µm
_02678_,6.16µm
_02697_,6.16µm
_02728_,6.16µm
_02729_,6.16µm
_02776_,6.16µm
_02847_,6.16µm
_02867_,6.16µm
_02873_,6.16µm
_02964_,6.16µm
_02968_,6.16µm
_02992_,6.16µm
_02996_,6.16µm
_03000_,6.16µm
_03008_,6.16µm
_03016_,6.16µm
_03018_,6.16µm
_03024_,6.16µm
_03025_,6.16µm
_03030_,6.16µm
_03044_,6.16µm
_03054_,6.16µm
_03064_,6.16µm
_03068_,6.16µm
_03073_,6.16µm
_03088_,6.16µm
_03108_,6.16µm
_03139_,6.16µm
_03143_,6.16µm
_03144_,6.16µm
_03161_,6.16µm
_03165_,6.16µm
_03180_,6.16µm
_03185_,6.16µm
_03189_,6.16µm
_03197_,6.16µm
_03210_,6.16µm
_03217_,6.16µm
_03229_,6.16µm
_03261_,6.16µm
_03267_,6.16µm
_03276_,6.16µm
_03283_,6.16µm
_03293_,6.16µm
_03328_,6.16µm
_03331_,6.16µm
_03339_,6.16µm
_03361_,6.16µm
_03362_,6.16µm
_03368_,6.16µm
_03371_,6.16µm
_03407_,6.16µm
_03416_,6.16µm
_03433_,6.16µm
_03434_,6.16µm
_03446_,6.16µm
_03455_,6.16µm
_03456_,6.16µm
_03467_,6.16µm
_03512_,6.16µm
_03540_,6.16µm
_03544_,6.16µm
_03563_,6.16µm
_03568_,6.16µm
_03571_,6.16µm
_03572_,6.16µm
_03590_,6.16µm
_03596_,6.16µm
_03598_,6.16µm
_03604_,6.16µm
_03605_,6.16µm
_03616_,6.16µm
_03642_,6.16µm
_03667_,6.16µm
_03768_,6.16µm
_03876_,6.16µm
_03942_,6.16µm
_03964_,6.16µm
_04169_,6.16µm
_04242_,6.16µm
_04255_,6.16µm
_04298_,6.16µm
_04312_,6.16µm
_04374_,6.16µm
_04402_,6.16µm
_04403_,6.16µm
_04421_,6.16µm
_04446_,6.16µm
_04498_,6.16µm
_04550_,6.16µm
_04660_,6.16µm
_04705_,6.16µm
_04879_,6.16µm
_04896_,6.16µm
_04923_,6.16µm
_04936_,6.16µm
_04973_,6.16µm
_05028_,6.16µm
_05150_,6.16µm
_05166_,6.16µm
_05216_,6.16µm
_05222_,6.16µm
_05297_,6.16µm
_05304_,6.16µm
_05352_,6.16µm
_05374_,6.16µm
_05381_,6.16µm
_05406_,6.16µm
_05507_,6.16µm
_05572_,6.16µm
_05772_,6.16µm
_05958_,6.16µm
_06021_,6.16µm
_06116_,6.16µm
_06197_,6.16µm
_06428_,6.16µm
_06489_,6.16µm
_07019_,6.16µm
_07162_,6.16µm
_07383_,6.16µm
_07540_,6.16µm
_07671_,6.16µm
_07674_,6.16µm
_07723_,6.16µm
_07787_,6.16µm
_07982_,6.16µm
_08018_,6.16µm
_08125_,6.16µm
_08141_,6.16µm
_08173_,6.16µm
_08498_,6.16µm
_08564_,6.16µm
_09131_,6.16µm
_09268_,6.16µm
_09855_,6.16µm
_10441_,6.16µm
_10469_,6.16µm
_10634_,6.16µm
_10663_,6.16µm
_10682_,6.16µm
_10686_,6.16µm
_10773_,6.16µm
_10812_,6.16µm
_10824_,6.16µm
_11074_,6.16µm
_11090_,6.16µm
_11308_,6.16µm
_11336_,6.16µm
_11356_,6.16µm
_11421_,6.16µm
_11435_,6.16µm
_11665_,6.16µm
_11890_,6.16µm
_12025_,6.16µm
_12079_,6.16µm
_12108_,6.16µm
_12180_,6.16µm
_12227_,6.16µm
_12442_,6.16µm
_12516_,6.16µm
_12519_,6.16µm
_12540_,6.16µm
_12668_,6.16µm
_12785_,6.16µm
_12811_,6.16µm
_12944_,6.16µm
_13062_,6.16µm
_13131_,6.16µm
_13495_,6.16µm
_13705_,6.16µm
_13792_,6.16µm
_14087_,6.16µm
_14674_,6.16µm
_14683_,6.16µm
_14759_,6.16µm
_14872_,6.16µm
_14899_,6.16µm
_14920_,6.16µm
_15064_,6.16µm
_15295_,6.16µm
_15351_,6.16µm
_15419_,6.16µm
_15588_,6.16µm
_15652_,6.16µm
_15880_,6.16µm
_15882_,6.16µm
_15905_,6.16µm
_15933_,6.16µm
_15974_,6.16µm
_16038_,6.16µm
_16043_,6.16µm
_16087_,6.16µm
_16149_,6.16µm
_16487_,6.16µm
_16632_,6.16µm
_17090_,6.16µm
_17091_,6.16µm
_17167_,6.16µm
_17171_,6.16µm
_17445_,6.16µm
_17889_,6.16µm
_18066_,6.16µm
_18192_,6.16µm
_18219_,6.16µm
_18240_,6.16µm
_18557_,6.16µm
_18562_,6.16µm
_19348_,6.16µm
_19465_,6.16µm
_19543_,6.16µm
_19563_,6.16µm
_19627_,6.16µm
_19687_,6.16µm
_19746_,6.16µm
_19888_,6.16µm
_20031_,6.16µm
_20172_,6.16µm
_20180_,6.16µm
_20182_,6.16µm
_20653_,6.16µm
_20732_,6.16µm
_20753_,6.16µm
_20911_,6.16µm
_21025_,6.16µm
_21035_,6.16µm
_21067_,6.16µm
_21378_,6.16µm
_21392_,6.16µm
_21438_,6.16µm
_21499_,6.16µm
_21684_,6.16µm
_21740_,6.16µm
_21786_,6.16µm
_21865_,6.16µm
_21871_,6.16µm
_21887_,6.16µm
_21891_,6.16µm
_22032_,6.16µm
_22101_,6.16µm
_22104_,6.16µm
_22219_,6.16µm
_22233_,6.16µm
_22266_,6.16µm
_22363_,6.16µm
_22592_,6.16µm
_22603_,6.16µm
_22938_,6.16µm
_23024_,6.16µm
_23158_,6.16µm
_23201_,6.16µm
_23295_,6.16µm
_23355_,6.16µm
_23359_,6.16µm
_23509_,6.16µm
_23601_,6.16µm
_23604_,6.16µm
_23649_,6.16µm
_23652_,6.16µm
_23738_,6.16µm
_23755_,6.16µm
_23895_,6.16µm
_23910_,6.16µm
_23914_,6.16µm
_23920_,6.16µm
_24010_,6.16µm
_24011_,6.16µm
_24228_,6.16µm
_24321_,6.16µm
_24349_,6.16µm
_24682_,6.16µm
_24704_,6.16µm
_24770_,6.16µm
_24771_,6.16µm
_24788_,6.16µm
_24822_,6.16µm
_24906_,6.16µm
_24912_,6.16µm
_25198_,6.16µm
_25233_,6.16µm
_25328_,6.16µm
_25435_,6.16µm
_25438_,6.16µm
_25483_,6.16µm
_25521_,6.16µm
_25668_,6.16µm
_25773_,6.16µm
_25777_,6.16µm
_25862_,6.16µm
_25979_,6.16µm
_25981_,6.16µm
_25987_,6.16µm
_26003_,6.16µm
_26041_,6.16µm
_26233_,6.16µm
_26377_,6.16µm
_26498_,6.16µm
_26554_,6.16µm
_26583_,6.16µm
_26674_,6.16µm
_26676_,6.16µm
_26677_,6.16µm
_26713_,6.16µm
_26813_,6.16µm
_26954_,6.16µm
_27025_,6.16µm
_27060_,6.16µm
_27295_,6.16µm
_27305_,6.16µm
_27357_,6.16µm
_27814_,6.16µm
_28036_,6.16µm
_28116_,6.16µm
i_core_v_mini_mcu.ao_peripheral_subsystem_i.obi_fifo_i.consumer_data_req\[55\],6.16µm
i_core_v_mini_mcu.ao_peripheral_subsystem_i.power_manager_i.power_manager_reg_top_i.monitor_power_gate_core_qs\[2\],6.16µm
i_core_v_mini_mcu.ao_peripheral_subsystem_i.spi_subsystem_i.obi_spimemio_i.spimemio_i.xfer.xfer_rd,6.16µm
i_core_v_mini_mcu.ao_peripheral_subsystem_i.tdu_i.cpi_est_q\[23\],6.16µm
i_core_v_mini_mcu.cpu_subsystem_i.cpu_0_0.rf_ram_i.memory\[16\]\[0\],6.16µm
i_core_v_mini_mcu.cpu_subsystem_i.cpu_0_0.rf_ram_i.memory\[223\]\[0\],6.16µm
i_core_v_mini_mcu.cpu_subsystem_i.cpu_0_0.rf_ram_i.memory\[91\]\[1\],6.16µm
i_core_v_mini_mcu.cpu_subsystem_i.cpu_1_0.rf_ram_i.memory\[220\]\[0\],6.16µm
i_core_v_mini_mcu.cpu_subsystem_i.cpu_1_0.rf_ram_i.memory\[371\]\[1\],6.16µm
i_core_v_mini_mcu.memory_subsystem_i.ram0_i.tc_ram_i.sram\[4\]\[15\],6.16µm
i_core_v_mini_mcu.memory_subsystem_i.ram0_i.tc_ram_i.sram\[8\]\[17\],6.16µm
net640,6.16µm
_06036_,5.93µm
_10118_,5.93µm
_27326_,5.93µm
_00831_,5.75µm
_05613_,5.75µm
_05747_,5.75µm
_06464_,5.75µm
_21932_,5.75µm
i_core_v_mini_mcu.memory_subsystem_i.ram0_i.tc_ram_i.sram\[30\]\[6\],5.75µm
_00016_,5.7µm
_00207_,5.7µm
_01574_,5.7µm
_04430_,5.7µm
_04514_,5.7µm
_05427_,5.7µm
_05738_,5.7µm
_07182_,5.7µm
_07588_,5.7µm
_07873_,5.7µm
_07997_,5.7µm
_08119_,5.7µm
_09488_,5.7µm
_09585_,5.7µm
_09679_,5.7µm
_09894_,5.7µm
_09933_,5.7µm
_10273_,5.7µm
_10283_,5.7µm
_10667_,5.7µm
_10802_,5.7µm
_10945_,5.7µm
_11071_,5.7µm
_11209_,5.7µm
_11234_,5.7µm
_11391_,5.7µm
_11545_,5.7µm
_12364_,5.7µm
_12769_,5.7µm
_13285_,5.7µm
_13341_,5.7µm
_13512_,5.7µm
_13660_,5.7µm
_14360_,5.7µm
_14386_,5.7µm
_14487_,5.7µm
_14542_,5.7µm
_14743_,5.7µm
_14777_,5.7µm
_14858_,5.7µm
_14934_,5.7µm
_15045_,5.7µm
_15256_,5.7µm
_15640_,5.7µm
_15815_,5.7µm
_15824_,5.7µm
_15899_,5.7µm
_15936_,5.7µm
_16161_,5.7µm
_16165_,5.7µm
_16457_,5.7µm
_16480_,5.7µm
_16580_,5.7µm
_16723_,5.7µm
_17977_,5.7µm
_17997_,5.7µm
_18292_,5.7µm
_18322_,5.7µm
_18336_,5.7µm
_18576_,5.7µm
_19458_,5.7µm
_19494_,5.7µm
_19700_,5.7µm
_19935_,5.7µm
_20004_,5.7µm
_20053_,5.7µm
_20064_,5.7µm
_20123_,5.7µm
_20717_,5.7µm
_20938_,5.7µm
_20956_,5.7µm
_21374_,5.7µm
_21401_,5.7µm
_21447_,5.7µm
_21799_,5.7µm
_22385_,5.7µm
_22610_,5.7µm
_22839_,5.7µm
_23911_,5.7µm
_25133_,5.7µm
_25160_,5.7µm
_26148_,5.7µm
_26621_,5.7µm
_27065_,5.7µm
_27168_,5.7µm
_27370_,5.7µm
_27455_,5.7µm
_27631_,5.7µm
i_core_v_mini_mcu.cpu_subsystem_i.cpu_0_0.rf_ram_i.memory\[11\]\[1\],5.7µm
_00011_,5.65µm
_00110_,5.65µm
_00290_,5.65µm
_00340_,5.65µm
_00416_,5.65µm
_00420_,5.65µm
_00471_,5.65µm
_00482_,5.65µm
_00507_,5.65µm
_00542_,5.65µm
_00615_,5.65µm
_00621_,5.65µm
_00626_,5.65µm
_00628_,5.65µm
_00658_,5.65µm
_00673_,5.65µm
_00676_,5.65µm
_00705_,5.65µm
_00715_,5.65µm
_00732_,5.65µm
_00733_,5.65µm
_00796_,5.65µm
_00849_,5.65µm
_00851_,5.65µm
_00944_,5.65µm
_00979_,5.65µm
_01054_,5.65µm
_01065_,5.65µm
_01079_,5.65µm
_01088_,5.65µm
_01099_,5.65µm
_01151_,5.65µm
_01207_,5.65µm
_01223_,5.65µm
_01246_,5.65µm
_01309_,5.65µm
_01395_,5.65µm
_01488_,5.65µm
_01495_,5.65µm
_01507_,5.65µm
_01517_,5.65µm
_01528_,5.65µm
_01534_,5.65µm
_01648_,5.65µm
_01654_,5.65µm
_01665_,5.65µm
_01685_,5.65µm
_01693_,5.65µm
_01819_,5.65µm
_01832_,5.65µm
_01850_,5.65µm
_01874_,5.65µm
_01896_,5.65µm
_01904_,5.65µm
_02060_,5.65µm
_02094_,5.65µm
_02097_,5.65µm
_02101_,5.65µm
_02104_,5.65µm
_02106_,5.65µm
_02121_,5.65µm
_02133_,5.65µm
_02144_,5.65µm
_02210_,5.65µm
_02294_,5.65µm
_02307_,5.65µm
_02385_,5.65µm
_02442_,5.65µm
_02492_,5.65µm
_02507_,5.65µm
_02518_,5.65µm
_02585_,5.65µm
_02592_,5.65µm
_02629_,5.65µm
_02726_,5.65µm
_03421_,5.65µm
_03699_,5.65µm
_04176_,5.65µm
_04204_,5.65µm
_04262_,5.65µm
_04281_,5.65µm
_04291_,5.65µm
_04295_,5.65µm
_04296_,5.65µm
_04307_,5.65µm
_04311_,5.65µm
_04357_,5.65µm
_04435_,5.65µm
_04455_,5.65µm
_04463_,5.65µm
_04466_,5.65µm
_04501_,5.65µm
_04510_,5.65µm
_04524_,5.65µm
_04531_,5.65µm
_04535_,5.65µm
_04537_,5.65µm
_04602_,5.65µm
_04645_,5.65µm
_04670_,5.65µm
_04679_,5.65µm
_04769_,5.65µm
_04811_,5.65µm
_04850_,5.65µm
_04950_,5.65µm
_05090_,5.65µm
_05129_,5.65µm
_05268_,5.65µm
_05368_,5.65µm
_05405_,5.65µm
_05717_,5.65µm
_05753_,5.65µm
_05775_,5.65µm
_05854_,5.65µm
_06262_,5.65µm
_06884_,5.65µm
_07109_,5.65µm
_07302_,5.65µm
_07592_,5.65µm
_07701_,5.65µm
_07918_,5.65µm
_08054_,5.65µm
_08406_,5.65µm
_08682_,5.65µm
_09010_,5.65µm
_09039_,5.65µm
_09395_,5.65µm
_09541_,5.65µm
_09718_,5.65µm
_10271_,5.65µm
_10346_,5.65µm
_10601_,5.65µm
_10654_,5.65µm
_10708_,5.65µm
_10743_,5.65µm
_11024_,5.65µm
_11103_,5.65µm
_11283_,5.65µm
_11456_,5.65µm
_11744_,5.65µm
_11772_,5.65µm
_11876_,5.65µm
_11901_,5.65µm
_11920_,5.65µm
_12099_,5.65µm
_12109_,5.65µm
_12236_,5.65µm
_12260_,5.65µm
_12261_,5.65µm
_12915_,5.65µm
_12969_,5.65µm
_13327_,5.65µm
_13396_,5.65µm
_13655_,5.65µm
_13683_,5.65µm
_13826_,5.65µm
_14123_,5.65µm
_15179_,5.65µm
_15262_,5.65µm
_15425_,5.65µm
_15505_,5.65µm
_15632_,5.65µm
_15822_,5.65µm
_16123_,5.65µm
_16577_,5.65µm
_16682_,5.65µm
_16876_,5.65µm
_17075_,5.65µm
_17354_,5.65µm
_17985_,5.65µm
_18631_,5.65µm
_18785_,5.65µm
_18843_,5.65µm
_19143_,5.65µm
_19212_,5.65µm
_19317_,5.65µm
_19356_,5.65µm
_19384_,5.65µm
_19744_,5.65µm
_20114_,5.65µm
_20186_,5.65µm
_20423_,5.65µm
_21051_,5.65µm
_21054_,5.65µm
_21099_,5.65µm
_21116_,5.65µm
_21380_,5.65µm
_21382_,5.65µm
_21678_,5.65µm
_21800_,5.65µm
_22280_,5.65µm
_22302_,5.65µm
_22482_,5.65µm
_22617_,5.65µm
_22634_,5.65µm
_22915_,5.65µm
_22927_,5.65µm
_23265_,5.65µm
_23360_,5.65µm
_23484_,5.65µm
_23537_,5.65µm
_24072_,5.65µm
_24138_,5.65µm
_24413_,5.65µm
_24630_,5.65µm
_24718_,5.65µm
_24834_,5.65µm
_25074_,5.65µm
_25343_,5.65µm
_25432_,5.65µm
_25690_,5.65µm
_25831_,5.65µm
_26093_,5.65µm
_26206_,5.65µm
_26254_,5.65µm
_26339_,5.65µm
_27277_,5.65µm
_27501_,5.65µm
_27576_,5.65µm
_27609_,5.65µm
_27713_,5.65µm
_27724_,5.65µm
_27731_,5.65µm
_27738_,5.65µm
_27778_,5.65µm
_27799_,5.65µm
_28020_,5.65µm
i_core_v_mini_mcu.ao_peripheral_subsystem_i.power_manager_i.power_manager_reg_top_i.u_intr_state.wr_data\[31\],5.65µm
i_core_v_mini_mcu.ao_peripheral_subsystem_i.spi_subsystem_i.obi_spimemio_i.spimemio_i.xfer.flash_csb,5.65µm
i_core_v_mini_mcu.cpu_subsystem_i.cpu_0_0.rf_ram_i.memory\[67\]\[1\],5.65µm
i_core_v_mini_mcu.cpu_subsystem_i.cpu_1_0.i_servile.arbiter.i_wb_cpu_ibus_adr\[3\],5.65µm
i_core_v_mini_mcu.peripheral_subsystem_i.obi_fifo_i.consumer_data_req\[10\],5.65µm
_00003_,5.6µm
_00029_,5.6µm
_00294_,5.6µm
_00429_,5.6µm
_00432_,5.6µm
_00445_,5.6µm
_00505_,5.6µm
_00531_,5.6µm
_00550_,5.6µm
_00553_,5.6µm
_00594_,5.6µm
_00664_,5.6µm
_00745_,5.6µm
_00955_,5.6µm
_00958_,5.6µm
_01020_,5.6µm
_01031_,5.6µm
_01106_,5.6µm
_01139_,5.6µm
_01161_,5.6µm
_01216_,5.6µm
_01219_,5.6µm
_01288_,5.6µm
_01373_,5.6µm
_01392_,5.6µm
_01417_,5.6µm
_01446_,5.6µm
_01460_,5.6µm
_01468_,5.6µm
_01509_,5.6µm
_01529_,5.6µm
_01567_,5.6µm
_01609_,5.6µm
_01657_,5.6µm
_01713_,5.6µm
_01718_,5.6µm
_01720_,5.6µm
_01729_,5.6µm
_01747_,5.6µm
_01782_,5.6µm
_01797_,5.6µm
_01808_,5.6µm
_01845_,5.6µm
_01980_,5.6µm
_02018_,5.6µm
_02033_,5.6µm
_02080_,5.6µm
_02093_,5.6µm
_02100_,5.6µm
_02110_,5.6µm
_02131_,5.6µm
_02188_,5.6µm
_02203_,5.6µm
_02254_,5.6µm
_02306_,5.6µm
_02313_,5.6µm
_02317_,5.6µm
_02324_,5.6µm
_02326_,5.6µm
_02328_,5.6µm
_02348_,5.6µm
_02361_,5.6µm
_02372_,5.6µm
_02377_,5.6µm
_02406_,5.6µm
_02475_,5.6µm
_02483_,5.6µm
_02526_,5.6µm
_02574_,5.6µm
_02675_,5.6µm
_02709_,5.6µm
_02723_,5.6µm
_02769_,5.6µm
_02839_,5.6µm
_02841_,5.6µm
_02878_,5.6µm
_02897_,5.6µm
_03039_,5.6µm
_03103_,5.6µm
_03132_,5.6µm
_03141_,5.6µm
_03170_,5.6µm
_03182_,5.6µm
_03190_,5.6µm
_03334_,5.6µm
_03351_,5.6µm
_03450_,5.6µm
_03478_,5.6µm
_03607_,5.6µm
_03608_,5.6µm
_03743_,5.6µm
_03804_,5.6µm
_03807_,5.6µm
_03821_,5.6µm
_03824_,5.6µm
_03830_,5.6µm
_03888_,5.6µm
_03889_,5.6µm
_03891_,5.6µm
_03897_,5.6µm
_03944_,5.6µm
_03953_,5.6µm
_04043_,5.6µm
_04057_,5.6µm
_04059_,5.6µm
_04088_,5.6µm
_04166_,5.6µm
_04200_,5.6µm
_04234_,5.6µm
_04244_,5.6µm
_04270_,5.6µm
_04290_,5.6µm
_04330_,5.6µm
_04339_,5.6µm
_04360_,5.6µm
_04378_,5.6µm
_04398_,5.6µm
_04447_,5.6µm
_04500_,5.6µm
_04515_,5.6µm
_04527_,5.6µm
_04529_,5.6µm
_04628_,5.6µm
_04673_,5.6µm
_04704_,5.6µm
_04773_,5.6µm
_04861_,5.6µm
_04904_,5.6µm
_04961_,5.6µm
_04996_,5.6µm
_05000_,5.6µm
_05051_,5.6µm
_05153_,5.6µm
_05199_,5.6µm
_05269_,5.6µm
_05295_,5.6µm
_05362_,5.6µm
_05376_,5.6µm
_05483_,5.6µm
_05640_,5.6µm
_05921_,5.6µm
_06221_,5.6µm
_06227_,5.6µm
_06283_,5.6µm
_06530_,5.6µm
_06601_,5.6µm
_06639_,5.6µm
_06648_,5.6µm
_06902_,5.6µm
_06978_,5.6µm
_07467_,5.6µm
_07538_,5.6µm
_07591_,5.6µm
_07602_,5.6µm
_07720_,5.6µm
_07766_,5.6µm
_07880_,5.6µm
_08006_,5.6µm
_08052_,5.6µm
_08228_,5.6µm
_08359_,5.6µm
_08411_,5.6µm
_08439_,5.6µm
_08622_,5.6µm
_08905_,5.6µm
_09410_,5.6µm
_09486_,5.6µm
_09616_,5.6µm
_09811_,5.6µm
_09995_,5.6µm
_10358_,5.6µm
_10424_,5.6µm
_10463_,5.6µm
_10471_,5.6µm
_10680_,5.6µm
_10741_,5.6µm
_10770_,5.6µm
_10860_,5.6µm
_10924_,5.6µm
_10982_,5.6µm
_11151_,5.6µm
_11202_,5.6µm
_11223_,5.6µm
_11250_,5.6µm
_11258_,5.6µm
_11437_,5.6µm
_11529_,5.6µm
_11601_,5.6µm
_11631_,5.6µm
_11703_,5.6µm
_11776_,5.6µm
_11954_,5.6µm
_12016_,5.6µm
_12040_,5.6µm
_12041_,5.6µm
_12045_,5.6µm
_12074_,5.6µm
_12146_,5.6µm
_12614_,5.6µm
_12628_,5.6µm
_12780_,5.6µm
_12802_,5.6µm
_12851_,5.6µm
_12885_,5.6µm
_12931_,5.6µm
_13012_,5.6µm
_13077_,5.6µm
_13266_,5.6µm
_13281_,5.6µm
_13315_,5.6µm
_13324_,5.6µm
_13375_,5.6µm
_13437_,5.6µm
_13559_,5.6µm
_13614_,5.6µm
_13718_,5.6µm
_13850_,5.6µm
_13862_,5.6µm
_14714_,5.6µm
_14733_,5.6µm
_14766_,5.6µm
_14917_,5.6µm
_15080_,5.6µm
_15115_,5.6µm
_15265_,5.6µm
_15292_,5.6µm
_15420_,5.6µm
_15431_,5.6µm
_15507_,5.6µm
_15576_,5.6µm
_15796_,5.6µm
_15929_,5.6µm
_16258_,5.6µm
_16433_,5.6µm
_16511_,5.6µm
_16552_,5.6µm
_16739_,5.6µm
_17118_,5.6µm
_17160_,5.6µm
_17199_,5.6µm
_17459_,5.6µm
_17461_,5.6µm
_17529_,5.6µm
_17824_,5.6µm
_17895_,5.6µm
_18039_,5.6µm
_18150_,5.6µm
_18296_,5.6µm
_18332_,5.6µm
_18409_,5.6µm
_18564_,5.6µm
_18796_,5.6µm
_18815_,5.6µm
_19304_,5.6µm
_19492_,5.6µm
_19892_,5.6µm
_20011_,5.6µm
_20061_,5.6µm
_20076_,5.6µm
_20087_,5.6µm
_20117_,5.6µm
_20146_,5.6µm
_20567_,5.6µm
_20728_,5.6µm
_20856_,5.6µm
_21102_,5.6µm
_21250_,5.6µm
_21365_,5.6µm
_21467_,5.6µm
_21508_,5.6µm
_21566_,5.6µm
_21623_,5.6µm
_21635_,5.6µm
_21741_,5.6µm
_21792_,5.6µm
_21804_,5.6µm
_21827_,5.6µm
_21846_,5.6µm
_21983_,5.6µm
_22001_,5.6µm
_22210_,5.6µm
_22424_,5.6µm
_22517_,5.6µm
_22519_,5.6µm
_22679_,5.6µm
_22729_,5.6µm
_22823_,5.6µm
_22944_,5.6µm
_22993_,5.6µm
_23070_,5.6µm
_23128_,5.6µm
_23130_,5.6µm
_23137_,5.6µm
_23220_,5.6µm
_23275_,5.6µm
_23293_,5.6µm
_23337_,5.6µm
_23382_,5.6µm
_23496_,5.6µm
_23655_,5.6µm
_23694_,5.6µm
_23742_,5.6µm
_23773_,5.6µm
_24018_,5.6µm
_24056_,5.6µm
_24123_,5.6µm
_24243_,5.6µm
_24296_,5.6µm
_24376_,5.6µm
_24601_,5.6µm
_24645_,5.6µm
_24847_,5.6µm
_24925_,5.6µm
_25035_,5.6µm
_25482_,5.6µm
_25501_,5.6µm
_25991_,5.6µm
_26106_,5.6µm
_26116_,5.6µm
_26678_,5.6µm
_26794_,5.6µm
_26821_,5.6µm
_26910_,5.6µm
_27005_,5.6µm
_27104_,5.6µm
_27115_,5.6µm
_27193_,5.6µm
_27495_,5.6µm
_27586_,5.6µm
_27908_,5.6µm
_27997_,5.6µm
_28127_,5.6µm
i_core_v_mini_mcu.ao_peripheral_subsystem_i.mosaic_clint_i.mtimecmp_q\[6\],5.6µm
i_core_v_mini_mcu.ao_peripheral_subsystem_i.spi_subsystem_i.obi_spimemio_i.spimemio_i.din_data\[7\],5.6µm
i_core_v_mini_mcu.ao_peripheral_subsystem_i.tdu_i.active_hart_cycles_q\[18\],5.6µm
i_core_v_mini_mcu.cpu_subsystem_i.cpu_0_0.rf_ram_i.memory\[242\]\[0\],5.6µm
i_core_v_mini_mcu.cpu_subsystem_i.cpu_0_0.rf_ram_i.memory\[368\]\[0\],5.6µm
i_core_v_mini_mcu.cpu_subsystem_i.cpu_0_0.rf_ram_i.memory\[422\]\[1\],5.6µm
i_core_v_mini_mcu.cpu_subsystem_i.cpu_0_0.rf_ram_i.memory\[445\]\[0\],5.6µm
i_core_v_mini_mcu.cpu_subsystem_i.cpu_0_0.rf_ram_i.memory\[518\]\[0\],5.6µm
i_core_v_mini_mcu.cpu_subsystem_i.cpu_0_0.rf_ram_i.memory\[97\]\[1\],5.6µm
i_core_v_mini_mcu.cpu_subsystem_i.cpu_1_0.rf_ram_i.memory\[61\]\[1\],5.6µm
i_core_v_mini_mcu.memory_subsystem_i.ram0_i.tc_ram_i.sram\[30\]\[4\],5.6µm
_22854_,5.37µm
_09003_,5.32µm
_01851_,5.19µm
_09767_,5.19µm
_15460_,5.19µm
_23413_,5.19µm
_27369_,5.19µm
_04426_,5.14µm
_05746_,5.14µm
_05801_,5.14µm
_06025_,5.14µm
_06043_,5.14µm
_06674_,5.14µm
_06799_,5.14µm
_06944_,5.14µm
_08218_,5.14µm
_08254_,5.14µm
_08316_,5.14µm
_08854_,5.14µm
_08886_,5.14µm
_09132_,5.14µm
_09758_,5.14µm
_10479_,5.14µm
_10875_,5.14µm
_11082_,5.14µm
_11411_,5.14µm
_11757_,5.14µm
_12013_,5.14µm
_12266_,5.14µm
_12271_,5.14µm
_12680_,5.14µm
_13472_,5.14µm
_13648_,5.14µm
_14068_,5.14µm
_14371_,5.14µm
_14545_,5.14µm
_14946_,5.14µm
_14947_,5.14µm
_15106_,5.14µm
_15242_,5.14µm
_17176_,5.14µm
_17346_,5.14µm
_17439_,5.14µm
_17822_,5.14µm
_18005_,5.14µm
_18090_,5.14µm
_18288_,5.14µm
_19659_,5.14µm
_20018_,5.14µm
_20063_,5.14µm
_20120_,5.14µm
_20830_,5.14µm
_20932_,5.14µm
_21136_,5.14µm
_21292_,5.14µm
_21310_,5.14µm
_21315_,5.14µm
_21422_,5.14µm
_21537_,5.14µm
_21708_,5.14µm
_21715_,5.14µm
_21813_,5.14µm
_21853_,5.14µm
_21976_,5.14µm
_22249_,5.14µm
_22292_,5.14µm
_22509_,5.14µm
_22527_,5.14µm
_22548_,5.14µm
_22571_,5.14µm
_22616_,5.14µm
_23145_,5.14µm
_23305_,5.14µm
_23549_,5.14µm
_23561_,5.14µm
_23976_,5.14µm
_24033_,5.14µm
_24312_,5.14µm
_24371_,5.14µm
_24453_,5.14µm
_24552_,5.14µm
_24706_,5.14µm
_25741_,5.14µm
_25910_,5.14µm
_26149_,5.14µm
_27686_,5.14µm
_28027_,5.14µm
_28125_,5.14µm
i_core_v_mini_mcu.cpu_subsystem_i.cpu_0_0.rf_ram_i.memory\[573\]\[1\],5.14µm
i_core_v_mini_mcu.memory_subsystem_i.ram0_i.tc_ram_i.sram\[29\]\[6\],5.14µm
i_core_v_mini_mcu.memory_subsystem_i.ram0_i.tc_ram_i.sram\[30\]\[29\],5.14µm
i_core_v_mini_mcu.memory_subsystem_i.ram0_i.tc_ram_i.sram\[6\]\[1\],5.14µm
i_core_v_mini_mcu.memory_subsystem_i.ram0_i.tc_ram_i.sram\[8\]\[6\],5.14µm
i_core_v_mini_mcu.memory_subsystem_i.ram0_i.tc_ram_i.sram\[9\]\[15\],5.14µm
_00156_,5.09µm
_00188_,5.09µm
_00410_,5.09µm
_00437_,5.09µm
_00515_,5.09µm
_00527_,5.09µm
_00556_,5.09µm
_00630_,5.09µm
_00635_,5.09µm
_00642_,5.09µm
_00667_,5.09µm
_00681_,5.09µm
_00744_,5.09µm
_00749_,5.09µm
_00756_,5.09µm
_00799_,5.09µm
_00805_,5.09µm
_00809_,5.09µm
_00815_,5.09µm
_00883_,5.09µm
_00934_,5.09µm
_00952_,5.09µm
_00972_,5.09µm
_00998_,5.09µm
_01009_,5.09µm
_01021_,5.09µm
_01058_,5.09µm
_01064_,5.09µm
_01116_,5.09µm
_01121_,5.09µm
_01154_,5.09µm
_01163_,5.09µm
_01173_,5.09µm
_01175_,5.09µm
_01184_,5.09µm
_01226_,5.09µm
_01229_,5.09µm
_01234_,5.09µm
_01242_,5.09µm
_01341_,5.09µm
_01355_,5.09µm
_01542_,5.09µm
_01793_,5.09µm
_01941_,5.09µm
_01950_,5.09µm
_01992_,5.09µm
_02003_,5.09µm
_02010_,5.09µm
_02013_,5.09µm
_02030_,5.09µm
_02191_,5.09µm
_02207_,5.09µm
_02247_,5.09µm
_02300_,5.09µm
_02386_,5.09µm
_02398_,5.09µm
_02408_,5.09µm
_02410_,5.09µm
_02572_,5.09µm
_02576_,5.09µm
_02587_,5.09µm
_02623_,5.09µm
_02665_,5.09µm
_02922_,5.09µm
_03200_,5.09µm
_03808_,5.09µm
_03825_,5.09µm
_03855_,5.09µm
_04157_,5.09µm
_04241_,5.09µm
_04279_,5.09µm
_04306_,5.09µm
_04308_,5.09µm
_04383_,5.09µm
_04445_,5.09µm
_04523_,5.09µm
_04579_,5.09µm
_04885_,5.09µm
_04903_,5.09µm
_04910_,5.09µm
_04934_,5.09µm
_04966_,5.09µm
_04974_,5.09µm
_05201_,5.09µm
_05257_,5.09µm
_05364_,5.09µm
_05580_,5.09µm
_05781_,5.09µm
_06064_,5.09µm
_06482_,5.09µm
_06793_,5.09µm
_07080_,5.09µm
_07198_,5.09µm
_07219_,5.09µm
_07691_,5.09µm
_07958_,5.09µm
_08592_,5.09µm
_09587_,5.09µm
_09999_,5.09µm
_10507_,5.09µm
_10921_,5.09µm
_10935_,5.09µm
_11204_,5.09µm
_11212_,5.09µm
_11617_,5.09µm
_11724_,5.09µm
_11770_,5.09µm
_11852_,5.09µm
_11921_,5.09µm
_12069_,5.09µm
_12265_,5.09µm
_12505_,5.09µm
_12542_,5.09µm
_12650_,5.09µm
_12760_,5.09µm
_12980_,5.09µm
_13007_,5.09µm
_13199_,5.09µm
_13673_,5.09µm
_14418_,5.09µm
_14581_,5.09µm
_14788_,5.09µm
_14988_,5.09µm
_15002_,5.09µm
_15083_,5.09µm
_15653_,5.09µm
_15982_,5.09µm
_16231_,5.09µm
_16242_,5.09µm
_16275_,5.09µm
_17111_,5.09µm
_17132_,5.09µm
_18033_,5.09µm
_18053_,5.09µm
_18587_,5.09µm
_18595_,5.09µm
_18600_,5.09µm
_18802_,5.09µm
_19175_,5.09µm
_19785_,5.09µm
_20005_,5.09µm
_20403_,5.09µm
_20556_,5.09µm
_20824_,5.09µm
_20840_,5.09µm
_21070_,5.09µm
_21293_,5.09µm
_21806_,5.09µm
_21859_,5.09µm
_21863_,5.09µm
_21953_,5.09µm
_22066_,5.09µm
_22289_,5.09µm
_22410_,5.09µm
_22720_,5.09µm
_22792_,5.09µm
_23344_,5.09µm
_23703_,5.09µm
_23923_,5.09µm
_24014_,5.09µm
_24148_,5.09µm
_24454_,5.09µm
_24482_,5.09µm
_24494_,5.09µm
_24689_,5.09µm
_24762_,5.09µm
_24883_,5.09µm
_25019_,5.09µm
_25375_,5.09µm
_25414_,5.09µm
_25474_,5.09µm
_25647_,5.09µm
_26159_,5.09µm
_26179_,5.09µm
_26281_,5.09µm
_26315_,5.09µm
_26779_,5.09µm
_26929_,5.09µm
_27010_,5.09µm
_27114_,5.09µm
_27156_,5.09µm
_27315_,5.09µm
_27414_,5.09µm
_27606_,5.09µm
_28034_,5.09µm
i_core_v_mini_mcu.ao_peripheral_subsystem_i.power_manager_i.power_manager_sequence_ram_0_iso_i.sequence_curr_state\[4\],5.09µm
i_core_v_mini_mcu.cpu_subsystem_i.cpu_0_0.i_servile.arbiter.i_wb_cpu_dbus_adr\[4\],5.09µm
i_core_v_mini_mcu.peripheral_subsystem_i.obi_fifo_i.consumer_resp_i\[15\],5.09µm
i_core_v_mini_mcu.peripheral_subsystem_i.obi_fifo_i.consumer_resp_i\[26\],5.09µm
_00008_,5.04µm
_00078_,5.04µm
_00079_,5.04µm
_00083_,5.04µm
_00166_,5.04µm
_00172_,5.04µm
_00213_,5.04µm
_00224_,5.04µm
_00361_,5.04µm
_00440_,5.04µm
_00500_,5.04µm
_00506_,5.04µm
_00566_,5.04µm
_00576_,5.04µm
_00688_,5.04µm
_00692_,5.04µm
_00720_,5.04µm
_00753_,5.04µm
_00774_,5.04µm
_00787_,5.04µm
_00800_,5.04µm
_00827_,5.04µm
_00881_,5.04µm
_00959_,5.04µm
_01003_,5.04µm
_01039_,5.04µm
_01077_,5.04µm
_01107_,5.04µm
_01145_,5.04µm
_01146_,5.04µm
_01167_,5.04µm
_01172_,5.04µm
_01299_,5.04µm
_01332_,5.04µm
_01337_,5.04µm
_01369_,5.04µm
_01371_,5.04µm
_01407_,5.04µm
_01415_,5.04µm
_01424_,5.04µm
_01513_,5.04µm
_01530_,5.04µm
_01583_,5.04µm
_01605_,5.04µm
_01610_,5.04µm
_01642_,5.04µm
_01728_,5.04µm
_01735_,5.04µm
_01759_,5.04µm
_01780_,5.04µm
_01796_,5.04µm
_01803_,5.04µm
_01814_,5.04µm
_01818_,5.04µm
_01853_,5.04µm
_01861_,5.04µm
_01873_,5.04µm
_01899_,5.04µm
_01930_,5.04µm
_01952_,5.04µm
_01955_,5.04µm
_01966_,5.04µm
_02042_,5.04µm
_02086_,5.04µm
_02099_,5.04µm
_02113_,5.04µm
_02130_,5.04µm
_02132_,5.04µm
_02139_,5.04µm
_02176_,5.04µm
_02238_,5.04µm
_02275_,5.04µm
_02330_,5.04µm
_02350_,5.04µm
_02357_,5.04µm
_02374_,5.04µm
_02392_,5.04µm
_02397_,5.04µm
_02401_,5.04µm
_02428_,5.04µm
_02441_,5.04µm
_02452_,5.04µm
_02515_,5.04µm
_02525_,5.04µm
_02542_,5.04µm
_02550_,5.04µm
_02613_,5.04µm
_02660_,5.04µm
_02662_,5.04µm
_02693_,5.04µm
_02701_,5.04µm
_02702_,5.04µm
_02710_,5.04µm
_02757_,5.04µm
_02831_,5.04µm
_02832_,5.04µm
_02882_,5.04µm
_02914_,5.04µm
_02927_,5.04µm
_02929_,5.04µm
_02944_,5.04µm
_02952_,5.04µm
_02972_,5.04µm
_02984_,5.04µm
_02989_,5.04µm
_02994_,5.04µm
_03019_,5.04µm
_03036_,5.04µm
_03037_,5.04µm
_03053_,5.04µm
_03115_,5.04µm
_03123_,5.04µm
_03126_,5.04µm
_03138_,5.04µm
_03142_,5.04µm
_03156_,5.04µm
_03158_,5.04µm
_03159_,5.04µm
_03178_,5.04µm
_03198_,5.04µm
_03234_,5.04µm
_03241_,5.04µm
_03243_,5.04µm
_03268_,5.04µm
_03299_,5.04µm
_03303_,5.04µm
_03357_,5.04µm
_03358_,5.04µm
_03363_,5.04µm
_03365_,5.04µm
_03369_,5.04µm
_03393_,5.04µm
_03394_,5.04µm
_03396_,5.04µm
_03414_,5.04µm
_03419_,5.04µm
_03427_,5.04µm
_03447_,5.04µm
_03448_,5.04µm
_03465_,5.04µm
_03472_,5.04µm
_03482_,5.04µm
_03485_,5.04µm
_03494_,5.04µm
_03521_,5.04µm
_03524_,5.04µm
_03531_,5.04µm
_03543_,5.04µm
_03548_,5.04µm
_03554_,5.04µm
_03556_,5.04µm
_03557_,5.04µm
_03569_,5.04µm
_03574_,5.04µm
_03619_,5.04µm
_03621_,5.04µm
_03640_,5.04µm
_03651_,5.04µm
_03654_,5.04µm
_03675_,5.04µm
_03679_,5.04µm
_03783_,5.04µm
_03791_,5.04µm
_03857_,5.04µm
_03866_,5.04µm
_03880_,5.04µm
_03883_,5.04µm
_03884_,5.04µm
_03886_,5.04µm
_03900_,5.04µm
_03904_,5.04µm
_03923_,5.04µm
_03938_,5.04µm
_03940_,5.04µm
_03941_,5.04µm
_03949_,5.04µm
_03966_,5.04µm
_03968_,5.04µm
_03985_,5.04µm
_03990_,5.04µm
_04002_,5.04µm
_04003_,5.04µm
_04025_,5.04µm
_04031_,5.04µm
_04035_,5.04µm
_04037_,5.04µm
_04038_,5.04µm
_04055_,5.04µm
_04056_,5.04µm
_04058_,5.04µm
_04070_,5.04µm
_04086_,5.04µm
_04097_,5.04µm
_04098_,5.04µm
_04153_,5.04µm
_04164_,5.04µm
_04193_,5.04µm
_04236_,5.04µm
_04285_,5.04µm
_04350_,5.04µm
_04365_,5.04µm
_04391_,5.04µm
_04404_,5.04µm
_04468_,5.04µm
_04475_,5.04µm
_04482_,5.04µm
_04483_,5.04µm
_04505_,5.04µm
_04532_,5.04µm
_04552_,5.04µm
_04559_,5.04µm
_04691_,5.04µm
_04697_,5.04µm
_04816_,5.04µm
_04867_,5.04µm
_04922_,5.04µm
_04938_,5.04µm
_04946_,5.04µm
_04949_,5.04µm
_04985_,5.04µm
_05003_,5.04µm
_05022_,5.04µm
_05023_,5.04µm
_05045_,5.04µm
_05054_,5.04µm
_05056_,5.04µm
_05060_,5.04µm
_05094_,5.04µm
_05095_,5.04µm
_05114_,5.04µm
_05165_,5.04µm
_05226_,5.04µm
_05249_,5.04µm
_05262_,5.04µm
_05314_,5.04µm
_05337_,5.04µm
_05340_,5.04µm
_05346_,5.04µm
_05522_,5.04µm
_05687_,5.04µm
_05745_,5.04µm
_06228_,5.04µm
_06417_,5.04µm
_06499_,5.04µm
_06808_,5.04µm
_06901_,5.04µm
_07069_,5.04µm
_07113_,5.04µm
_07153_,5.04µm
_07195_,5.04µm
_07269_,5.04µm
_07648_,5.04µm
_07667_,5.04µm
_07678_,5.04µm
_07746_,5.04µm
_07819_,5.04µm
_07889_,5.04µm
_08241_,5.04µm
_08315_,5.04µm
_08358_,5.04µm
_08429_,5.04µm
_08430_,5.04µm
_08675_,5.04µm
_08782_,5.04µm
_08895_,5.04µm
_09052_,5.04µm
_09335_,5.04µm
_09588_,5.04µm
_09773_,5.04µm
_09823_,5.04µm
_09858_,5.04µm
_09916_,5.04µm
_09963_,5.04µm
_10324_,5.04µm
_10456_,5.04µm
_10808_,5.04µm
_10913_,5.04µm
_11069_,5.04µm
_11087_,5.04µm
_11096_,5.04µm
_11141_,5.04µm
_11216_,5.04µm
_11233_,5.04µm
_11253_,5.04µm
_11654_,5.04µm
_11691_,5.04µm
_11830_,5.04µm
_11889_,5.04µm
_11955_,5.04µm
_11961_,5.04µm
_12120_,5.04µm
_12176_,5.04µm
_12235_,5.04µm
_12351_,5.04µm
_12454_,5.04µm
_12473_,5.04µm
_12524_,5.04µm
_12647_,5.04µm
_12730_,5.04µm
_12755_,5.04µm
_12777_,5.04µm
_12797_,5.04µm
_12829_,5.04µm
_12832_,5.04µm
_12864_,5.04µm
_12884_,5.04µm
_13145_,5.04µm
_13233_,5.04µm
_13237_,5.04µm
_13319_,5.04µm
_13458_,5.04µm
_13565_,5.04µm
_13628_,5.04µm
_13707_,5.04µm
_13720_,5.04µm
_13737_,5.04µm
_13875_,5.04µm
_13881_,5.04µm
_13885_,5.04µm
_14132_,5.04µm
_14408_,5.04µm
_14509_,5.04µm
_14593_,5.04µm
_14639_,5.04µm
_14663_,5.04µm
_14705_,5.04µm
_14980_,5.04µm
_15018_,5.04µm
_15075_,5.04µm
_15380_,5.04µm
_15383_,5.04µm
_15392_,5.04µm
_15410_,5.04µm
_15943_,5.04µm
_16099_,5.04µm
_16175_,5.04µm
_16176_,5.04µm
_16390_,5.04µm
_17196_,5.04µm
_17465_,5.04µm
_17533_,5.04µm
_17550_,5.04µm
_17686_,5.04µm
_17893_,5.04µm
_17919_,5.04µm
_17994_,5.04µm
_18106_,5.04µm
_18300_,5.04µm
_18370_,5.04µm
_18667_,5.04µm
_19008_,5.04µm
_19046_,5.04µm
_19084_,5.04µm
_19087_,5.04µm
_19198_,5.04µm
_19310_,5.04µm
_19787_,5.04µm
_20006_,5.04µm
_20023_,5.04µm
_20037_,5.04µm
_20066_,5.04µm
_20086_,5.04µm
_20094_,5.04µm
_20156_,5.04µm
_20320_,5.04µm
_20696_,5.04µm
_20721_,5.04µm
_20870_,5.04µm
_20873_,5.04µm
_20968_,5.04µm
_21078_,5.04µm
_21105_,5.04µm
_21179_,5.04µm
_21269_,5.04µm
_21307_,5.04µm
_21381_,5.04µm
_21468_,5.04µm
_21492_,5.04µm
_21521_,5.04µm
_21606_,5.04µm
_21674_,5.04µm
_21682_,5.04µm
_21699_,5.04µm
_21808_,5.04µm
_22107_,5.04µm
_22144_,5.04µm
_22163_,5.04µm
_22178_,5.04µm
_22282_,5.04µm
_22361_,5.04µm
_22438_,5.04µm
_22504_,5.04µm
_22648_,5.04µm
_22675_,5.04µm
_22848_,5.04µm
_23064_,5.04µm
_23171_,5.04µm
_23198_,5.04µm
_23212_,5.04µm
_23354_,5.04µm
_23469_,5.04µm
_23688_,5.04µm
_23701_,5.04µm
_23898_,5.04µm
_24004_,5.04µm
_24465_,5.04µm
_24529_,5.04µm
_24589_,5.04µm
_24675_,5.04µm
_25056_,5.04µm
_25127_,5.04µm
_25246_,5.04µm
_25313_,5.04µm
_25448_,5.04µm
_25545_,5.04µm
_25742_,5.04µm
_25822_,5.04µm
_26065_,5.04µm
_26358_,5.04µm
_26504_,5.04µm
_26723_,5.04µm
_26949_,5.04µm
_26981_,5.04µm
_27069_,5.04µm
_27382_,5.04µm
_27745_,5.04µm
_27876_,5.04µm
_27995_,5.04µm
_28096_,5.04µm
i_core_v_mini_mcu.cpu_subsystem_i.cpu_0_0.rf_ram_i.memory\[27\]\[0\],5.04µm
i_core_v_mini_mcu.cpu_subsystem_i.cpu_1_0.i_servile.arbiter.i_wb_cpu_ibus_adr\[13\],5.04µm
i_core_v_mini_mcu.cpu_subsystem_i.cpu_1_0.i_servile.arbiter.i_wb_cpu_ibus_adr\[20\],5.04µm
i_core_v_mini_mcu.cpu_subsystem_i.cpu_1_0.i_servile.arbiter.i_wb_cpu_ibus_adr\[28\],5.04µm
i_core_v_mini_mcu.memory_subsystem_i.ram0_i.tc_ram_i.sram\[29\]\[5\],5.04µm
_03827_,4.98µm
_05255_,4.98µm
_13611_,4.81µm
_21636_,4.76µm
_25302_,4.76µm
_25310_,4.76µm
_26770_,4.76µm
_01177_,4.63µm
_12685_,4.63µm
_02141_,4.58µm
_04743_,4.58µm
_05468_,4.58µm
_05505_,4.58µm
_06196_,4.58µm
_06236_,4.58µm
_06433_,4.58µm
_06947_,4.58µm
_07075_,4.58µm
_07809_,4.58µm
_08002_,4.58µm
_08169_,4.58µm
_08294_,4.58µm
_08471_,4.58µm
_08639_,4.58µm
_08790_,4.58µm
_09048_,4.58µm
_09293_,4.58µm
_09420_,4.58µm
_10267_,4.58µm
_11139_,4.58µm
_11199_,4.58µm
_11866_,4.58µm
_11878_,4.58µm
_11927_,4.58µm
_12290_,4.58µm
_12720_,4.58µm
_13036_,4.58µm
_13247_,4.58µm
_13256_,4.58µm
_13292_,4.58µm
_13527_,4.58µm
_13847_,4.58µm
_13882_,4.58µm
_13887_,4.58µm
_14716_,4.58µm
_14998_,4.58µm
_15010_,4.58µm
_15071_,4.58µm
_15107_,4.58µm
_15642_,4.58µm
_16458_,4.58µm
_16981_,4.58µm
_17072_,4.58µm
_17185_,4.58µm
_17201_,4.58µm
_18054_,4.58µm
_18510_,4.58µm
_18698_,4.58µm
_18965_,4.58µm
_19006_,4.58µm
_19297_,4.58µm
_19358_,4.58µm
_19588_,4.58µm
_19682_,4.58µm
_19694_,4.58µm
_19887_,4.58µm
_19902_,4.58µm
_20643_,4.58µm
_21050_,4.58µm
_21080_,4.58µm
_21737_,4.58µm
_22045_,4.58µm
_22065_,4.58µm
_22091_,4.58µm
_22212_,4.58µm
_22337_,4.58µm
_22359_,4.58µm
_22745_,4.58µm
_22821_,4.58µm
_23155_,4.58µm
_23244_,4.58µm
_23292_,4.58µm
_23376_,4.58µm
_23489_,4.58µm
_23736_,4.58µm
_23764_,4.58µm
_23921_,4.58µm
_23972_,4.58µm
_24331_,4.58µm
_24343_,4.58µm
_24458_,4.58µm
_24530_,4.58µm
_24651_,4.58µm
_24761_,4.58µm
_25523_,4.58µm
_25922_,4.58µm
_26018_,4.58µm
_26170_,4.58µm
_26535_,4.58µm
_26789_,4.58µm
_27008_,4.58µm
_27081_,4.58µm
_27133_,4.58µm
_27299_,4.58µm
_27483_,4.58µm
_27557_,4.58µm
_27706_,4.58µm
_27760_,4.58µm
_27960_,4.58µm
_28049_,4.58µm
net15,4.58µm
_04957_,4.54µm
_00409_,4.53µm
_00412_,4.53µm
_00464_,4.53µm
_00470_,4.53µm
_00475_,4.53µm
_00483_,4.53µm
_00509_,4.53µm
_00511_,4.53µm
_00526_,4.53µm
_00645_,4.53µm
_00941_,4.53µm
_01126_,4.53µm
_01231_,4.53µm
_01298_,4.53µm
_01351_,4.53µm
_01377_,4.53µm
_01436_,4.53µm
_01463_,4.53µm
_01503_,4.53µm
_01701_,4.53µm
_01740_,4.53µm
_01764_,4.53µm
_01794_,4.53µm
_01925_,4.53µm
_02001_,4.53µm
_02017_,4.53µm
_02038_,4.53µm
_02052_,4.53µm
_02236_,4.53µm
_02241_,4.53µm
_02262_,4.53µm
_02291_,4.53µm
_02312_,4.53µm
_02314_,4.53µm
_02320_,4.53µm
_02335_,4.53µm
_02378_,4.53µm
_02512_,4.53µm
_02603_,4.53µm
_02652_,4.53µm
_03074_,4.53µm
_03706_,4.53µm
_03751_,4.53µm
_03921_,4.53µm
_04149_,4.53µm
_04151_,4.53µm
_04370_,4.53µm
_04540_,4.53µm
_04822_,4.53µm
_04830_,4.53µm
_04844_,4.53µm
_05036_,4.53µm
_05068_,4.53µm
_05122_,4.53µm
_05123_,4.53µm
_05310_,4.53µm
_05391_,4.53µm
_05460_,4.53µm
_05494_,4.53µm
_05516_,4.53µm
_06069_,4.53µm
_06175_,4.53µm
_06280_,4.53µm
_06384_,4.53µm
_06546_,4.53µm
_06936_,4.53µm
_07317_,4.53µm
_07479_,4.53µm
_07590_,4.53µm
_07603_,4.53µm
_07673_,4.53µm
_07832_,4.53µm
_07890_,4.53µm
_07986_,4.53µm
_08634_,4.53µm
_08837_,4.53µm
_09270_,4.53µm
_09517_,4.53µm
_10778_,4.53µm
_10993_,4.53µm
_11083_,4.53µm
_11118_,4.53µm
_11278_,4.53µm
_11394_,4.53µm
_11418_,4.53µm
_12047_,4.53µm
_12254_,4.53µm
_12375_,4.53µm
_12790_,4.53µm
_13239_,4.53µm
_13415_,4.53µm
_13424_,4.53µm
_13524_,4.53µm
_13598_,4.53µm
_13824_,4.53µm
_14824_,4.53µm
_15480_,4.53µm
_16293_,4.53µm
_16596_,4.53µm
_16714_,4.53µm
_17831_,4.53µm
_17927_,4.53µm
_17988_,4.53µm
_17996_,4.53µm
_18439_,4.53µm
_18596_,4.53µm
_18791_,4.53µm
_18932_,4.53µm
_19547_,4.53µm
_19752_,4.53µm
_19858_,4.53µm
_19877_,4.53µm
_19932_,4.53µm
_19972_,4.53µm
_20098_,4.53µm
_20230_,4.53µm
_20692_,4.53µm
_21574_,4.53µm
_21617_,4.53µm
_21797_,4.53µm
_21904_,4.53µm
_21992_,4.53µm
_22050_,4.53µm
_22476_,4.53µm
_22477_,4.53µm
_22542_,4.53µm
_22546_,4.53µm
_22598_,4.53µm
_22624_,4.53µm
_23042_,4.53µm
_23514_,4.53µm
_23760_,4.53µm
_23965_,4.53µm
_24015_,4.53µm
_24373_,4.53µm
_24826_,4.53µm
_25009_,4.53µm
_25175_,4.53µm
_25282_,4.53µm
_25439_,4.53µm
_25543_,4.53µm
_25723_,4.53µm
_25817_,4.53µm
_25942_,4.53µm
_26409_,4.53µm
_26452_,4.53µm
_26500_,4.53µm
_27287_,4.53µm
_27339_,4.53µm
_27588_,4.53µm
_28048_,4.53µm
_28087_,4.53µm
i_core_v_mini_mcu.ao_peripheral_subsystem_i.tdu_i.park_req_pulse\[1\],4.53µm
i_core_v_mini_mcu.peripheral_subsystem_i.obi_fifo_i.consumer_resp_i\[21\],4.53µm
_00000_,4.48µm
_00024_,4.48µm
_00116_,4.48µm
_00123_,4.48µm
_00133_,4.48µm
_00153_,4.48µm
_00169_,4.48µm
_00186_,4.48µm
_00293_,4.48µm
_00301_,4.48µm
_00359_,4.48µm
_00444_,4.48µm
_00450_,4.48µm
_00452_,4.48µm
_00492_,4.48µm
_00504_,4.48µm
_00528_,4.48µm
_00537_,4.48µm
_00543_,4.48µm
_00551_,4.48µm
_00559_,4.48µm
_00590_,4.48µm
_00596_,4.48µm
_00629_,4.48µm
_00647_,4.48µm
_00669_,4.48µm
_00677_,4.48µm
_00687_,4.48µm
_00727_,4.48µm
_00737_,4.48µm
_00740_,4.48µm
_00798_,4.48µm
_00824_,4.48µm
_00834_,4.48µm
_00867_,4.48µm
_00891_,4.48µm
_00903_,4.48µm
_00904_,4.48µm
_00928_,4.48µm
_00931_,4.48µm
_00951_,4.48µm
_00978_,4.48µm
_01055_,4.48µm
_01074_,4.48µm
_01090_,4.48µm
_01137_,4.48µm
_01185_,4.48µm
_01197_,4.48µm
_01244_,4.48µm
_01248_,4.48µm
_01281_,4.48µm
_01286_,4.48µm
_01296_,4.48µm
_01308_,4.48µm
_01325_,4.48µm
_01380_,4.48µm
_01388_,4.48µm
_01391_,4.48µm
_01405_,4.48µm
_01416_,4.48µm
_01421_,4.48µm
_01442_,4.48µm
_01457_,4.48µm
_01465_,4.48µm
_01489_,4.48µm
_01498_,4.48µm
_01545_,4.48µm
_01551_,4.48µm
_01562_,4.48µm
_01604_,4.48µm
_01628_,4.48µm
_01663_,4.48µm
_01687_,4.48µm
_01698_,4.48µm
_01742_,4.48µm
_01748_,4.48µm
_01755_,4.48µm
_01760_,4.48µm
_01836_,4.48µm
_01857_,4.48µm
_01866_,4.48µm
_01869_,4.48µm
_01877_,4.48µm
_01890_,4.48µm
_01895_,4.48µm
_01897_,4.48µm
_01922_,4.48µm
_01936_,4.48µm
_01995_,4.48µm
_02066_,4.48µm
_02077_,4.48µm
_02088_,4.48µm
_02129_,4.48µm
_02138_,4.48µm
_02151_,4.48µm
_02156_,4.48µm
_02174_,4.48µm
_02179_,4.48µm
_02181_,4.48µm
_02200_,4.48µm
_02256_,4.48µm
_02322_,4.48µm
_02327_,4.48µm
_02345_,4.48µm
_02383_,4.48µm
_02458_,4.48µm
_02462_,4.48µm
_02464_,4.48µm
_02500_,4.48µm
_02508_,4.48µm
_02521_,4.48µm
_02539_,4.48µm
_02546_,4.48µm
_02579_,4.48µm
_02604_,4.48µm
_02619_,4.48µm
_02637_,4.48µm
_02641_,4.48µm
_02644_,4.48µm
_02653_,4.48µm
_02656_,4.48µm
_02663_,4.48µm
_02666_,4.48µm
_02668_,4.48µm
_02670_,4.48µm
_02676_,4.48µm
_02677_,4.48µm
_02690_,4.48µm
_02698_,4.48µm
_02730_,4.48µm
_02739_,4.48µm
_02752_,4.48µm
_02777_,4.48µm
_02778_,4.48µm
_02781_,4.48µm
_02786_,4.48µm
_02788_,4.48µm
_02790_,4.48µm
_02796_,4.48µm
_02802_,4.48µm
_02805_,4.48µm
_02821_,4.48µm
_02824_,4.48µm
_02826_,4.48µm
_02850_,4.48µm
_02859_,4.48µm
_02862_,4.48µm
_02870_,4.48µm
_02871_,4.48µm
_02883_,4.48µm
_02886_,4.48µm
_02887_,4.48µm
_02904_,4.48µm
_02917_,4.48µm
_02918_,4.48µm
_02931_,4.48µm
_02937_,4.48µm
_02941_,4.48µm
_02951_,4.48µm
_02969_,4.48µm
_02973_,4.48µm
_02993_,4.48µm
_03011_,4.48µm
_03032_,4.48µm
_03034_,4.48µm
_03038_,4.48µm
_03040_,4.48µm
_03043_,4.48µm
_03060_,4.48µm
_03066_,4.48µm
_03079_,4.48µm
_03081_,4.48µm
_03082_,4.48µm
_03089_,4.48µm
_03091_,4.48µm
_03092_,4.48µm
_03093_,4.48µm
_03098_,4.48µm
_03099_,4.48µm
_03102_,4.48µm
_03127_,4.48µm
_03128_,4.48µm
_03131_,4.48µm
_03133_,4.48µm
_03136_,4.48µm
_03196_,4.48µm
_03206_,4.48µm
_03208_,4.48µm
_03226_,4.48µm
_03235_,4.48µm
_03236_,4.48µm
_03237_,4.48µm
_03240_,4.48µm
_03242_,4.48µm
_03244_,4.48µm
_03250_,4.48µm
_03257_,4.48µm
_03258_,4.48µm
_03266_,4.48µm
_03279_,4.48µm
_03289_,4.48µm
_03302_,4.48µm
_03304_,4.48µm
_03306_,4.48µm
_03308_,4.48µm
_03312_,4.48µm
_03313_,4.48µm
_03314_,4.48µm
_03326_,4.48µm
_03336_,4.48µm
_03345_,4.48µm
_03366_,4.48µm
_03376_,4.48µm
_03380_,4.48µm
_03385_,4.48µm
_03390_,4.48µm
_03392_,4.48µm
_03395_,4.48µm
_03418_,4.48µm
_03420_,4.48µm
_03424_,4.48µm
_03429_,4.48µm
_03432_,4.48µm
_03435_,4.48µm
_03452_,4.48µm
_03453_,4.48µm
_03454_,4.48µm
_03459_,4.48µm
_03486_,4.48µm
_03487_,4.48µm
_03488_,4.48µm
_03489_,4.48µm
_03490_,4.48µm
_03495_,4.48µm
_03496_,4.48µm
_03498_,4.48µm
_03499_,4.48µm
_03513_,4.48µm
_03514_,4.48µm
_03520_,4.48µm
_03522_,4.48µm
_03523_,4.48µm
_03549_,4.48µm
_03552_,4.48µm
_03553_,4.48µm
_03558_,4.48µm
_03560_,4.48µm
_03567_,4.48µm
_03575_,4.48µm
_03576_,4.48µm
_03577_,4.48µm
_03580_,4.48µm
_03585_,4.48µm
_03586_,4.48µm
_03588_,4.48µm
_03589_,4.48µm
_03592_,4.48µm
_03611_,4.48µm
_03612_,4.48µm
_03645_,4.48µm
_03653_,4.48µm
_03658_,4.48µm
_03661_,4.48µm
_03664_,4.48µm
_03666_,4.48µm
_03670_,4.48µm
_03683_,4.48µm
_03695_,4.48µm
_03702_,4.48µm
_03707_,4.48µm
_03775_,4.48µm
_03811_,4.48µm
_03814_,4.48µm
_03823_,4.48µm
_03832_,4.48µm
_03839_,4.48µm
_03842_,4.48µm
_03929_,4.48µm
_03939_,4.48µm
_03947_,4.48µm
_03979_,4.48µm
_03980_,4.48µm
_03984_,4.48µm
_04067_,4.48µm
_04087_,4.48µm
_04090_,4.48µm
_04099_,4.48µm
_04150_,4.48µm
_04155_,4.48µm
_04161_,4.48µm
_04165_,4.48µm
_04197_,4.48µm
_04237_,4.48µm
_04261_,4.48µm
_04302_,4.48µm
_04320_,4.48µm
_04337_,4.48µm
_04343_,4.48µm
_04355_,4.48µm
_04384_,4.48µm
_04387_,4.48µm
_04389_,4.48µm
_04393_,4.48µm
_04420_,4.48µm
_04431_,4.48µm
_04432_,4.48µm
_04434_,4.48µm
_04439_,4.48µm
_04560_,4.48µm
_04573_,4.48µm
_04580_,4.48µm
_04591_,4.48µm
_04815_,4.48µm
_04823_,4.48µm
_04834_,4.48µm
_04848_,4.48µm
_04859_,4.48µm
_04864_,4.48µm
_04865_,4.48µm
_04870_,4.48µm
_04912_,4.48µm
_04928_,4.48µm
_04930_,4.48µm
_04948_,4.48µm
_04988_,4.48µm
_05015_,4.48µm
_05017_,4.48µm
_05035_,4.48µm
_05072_,4.48µm
_05084_,4.48µm
_05109_,4.48µm
_05113_,4.48µm
_05121_,4.48µm
_05151_,4.48µm
_05173_,4.48µm
_05217_,4.48µm
_05245_,4.48µm
_05253_,4.48µm
_05256_,4.48µm
_05283_,4.48µm
_05284_,4.48µm
_05294_,4.48µm
_05361_,4.48µm
_05363_,4.48µm
_05379_,4.48µm
_05502_,4.48µm
_05535_,4.48µm
_05760_,4.48µm
_05894_,4.48µm
_06001_,4.48µm
_06173_,4.48µm
_06373_,4.48µm
_06543_,4.48µm
_06715_,4.48µm
_06759_,4.48µm
_06845_,4.48µm
_06976_,4.48µm
_07116_,4.48µm
_07150_,4.48µm
_07191_,4.48µm
_07352_,4.48µm
_07702_,4.48µm
_07727_,4.48µm
_07728_,4.48µm
_07868_,4.48µm
_07968_,4.48µm
_08008_,4.48µm
_08031_,4.48µm
_08048_,4.48µm
_08205_,4.48µm
_08263_,4.48µm
_08333_,4.48µm
_08337_,4.48µm
_08367_,4.48µm
_08401_,4.48µm
_08403_,4.48µm
_08460_,4.48µm
_08500_,4.48µm
_08504_,4.48µm
_08600_,4.48µm
_08614_,4.48µm
_08846_,4.48µm
_08881_,4.48µm
_08964_,4.48µm
_09163_,4.48µm
_09219_,4.48µm
_09250_,4.48µm
_09300_,4.48µm
_09479_,4.48µm
_09590_,4.48µm
_09666_,4.48µm
_09699_,4.48µm
_09841_,4.48µm
_09850_,4.48µm
_10019_,4.48µm
_10104_,4.48µm
_10409_,4.48µm
_10419_,4.48µm
_10502_,4.48µm
_10771_,4.48µm
_10862_,4.48µm
_10960_,4.48µm
_11214_,4.48µm
_11399_,4.48µm
_11561_,4.48µm
_11578_,4.48µm
_11610_,4.48µm
_11615_,4.48µm
_11628_,4.48µm
_11773_,4.48µm
_11794_,4.48µm
_11800_,4.48µm
_11872_,4.48µm
_11933_,4.48µm
_11989_,4.48µm
_12104_,4.48µm
_12141_,4.48µm
_12239_,4.48µm
_12245_,4.48µm
_12269_,4.48µm
_12281_,4.48µm
_12334_,4.48µm
_12405_,4.48µm
_12646_,4.48µm
_12654_,4.48µm
_12690_,4.48µm
_12765_,4.48µm
_12845_,4.48µm
_12865_,4.48µm
_12874_,4.48µm
_12887_,4.48µm
_12910_,4.48µm
_12985_,4.48µm
_13003_,4.48µm
_13092_,4.48µm
_13164_,4.48µm
_13261_,4.48µm
_13288_,4.48µm
_13361_,4.48µm
_13502_,4.48µm
_13509_,4.48µm
_13513_,4.48µm
_13609_,4.48µm
_13624_,4.48µm
_13662_,4.48µm
_13679_,4.48µm
_13694_,4.48µm
_13709_,4.48µm
_13717_,4.48µm
_13808_,4.48µm
_14216_,4.48µm
_14375_,4.48µm
_14507_,4.48µm
_14522_,4.48µm
_14553_,4.48µm
_14622_,4.48µm
_14635_,4.48µm
_14672_,4.48µm
_15365_,4.48µm
_15488_,4.48µm
_15726_,4.48µm
_15876_,4.48µm
_15986_,4.48µm
_16144_,4.48µm
_16232_,4.48µm
_16278_,4.48µm
_16661_,4.48µm
_16760_,4.48µm
_17289_,4.48µm
_17519_,4.48µm
_17833_,4.48µm
_17905_,4.48µm
_17965_,4.48µm
_18045_,4.48µm
_18235_,4.48µm
_18340_,4.48µm
_18352_,4.48µm
_18477_,4.48µm
_18838_,4.48µm
_19190_,4.48µm
_19200_,4.48µm
_19210_,4.48µm
_19277_,4.48µm
_19679_,4.48µm
_19725_,4.48µm
_19755_,4.48µm
_19795_,4.48µm
_19828_,4.48µm
_19836_,4.48µm
_19920_,4.48µm
_19957_,4.48µm
_19999_,4.48µm
_20074_,4.48µm
_20097_,4.48µm
_20131_,4.48µm
_20174_,4.48µm
_20192_,4.48µm
_20358_,4.48µm
_20405_,4.48µm
_20529_,4.48µm
_20665_,4.48µm
_20681_,4.48µm
_20725_,4.48µm
_20823_,4.48µm
_20847_,4.48µm
_20920_,4.48µm
_20993_,4.48µm
_21062_,4.48µm
_21068_,4.48µm
_21109_,4.48µm
_21193_,4.48µm
_21204_,4.48µm
_21240_,4.48µm
_21270_,4.48µm
_21416_,4.48µm
_21418_,4.48µm
_21434_,4.48µm
_21511_,4.48µm
_21577_,4.48µm
_21607_,4.48µm
_21652_,4.48µm
_21706_,4.48µm
_21818_,4.48µm
_21925_,4.48µm
_22013_,4.48µm
_22098_,4.48µm
_22102_,4.48µm
_22213_,4.48µm
_22479_,4.48µm
_22484_,4.48µm
_22507_,4.48µm
_22559_,4.48µm
_22600_,4.48µm
_22623_,4.48µm
_22642_,4.48µm
_22658_,4.48µm
_22736_,4.48µm
_22815_,4.48µm
_22826_,4.48µm
_23254_,4.48µm
_23256_,4.48µm
_23282_,4.48µm
_23285_,4.48µm
_23312_,4.48µm
_23331_,4.48µm
_23338_,4.48µm
_23346_,4.48µm
_23415_,4.48µm
_23464_,4.48µm
_23543_,4.48µm
_23611_,4.48µm
_23618_,4.48µm
_23654_,4.48µm
_23826_,4.48µm
_24028_,4.48µm
_24039_,4.48µm
_24302_,4.48µm
_24492_,4.48µm
_24556_,4.48µm
_24604_,4.48µm
_24654_,4.48µm
_24747_,4.48µm
_24760_,4.48µm
_24919_,4.48µm
_24951_,4.48µm
_25040_,4.48µm
_25075_,4.48µm
_25119_,4.48µm
_25129_,4.48µm
_25296_,4.48µm
_25325_,4.48µm
_25456_,4.48µm
_25466_,4.48µm
_25552_,4.48µm
_25648_,4.48µm
_25685_,4.48µm
_25876_,4.48µm
_25970_,4.48µm
_25977_,4.48µm
_26627_,4.48µm
_26635_,4.48µm
_26719_,4.48µm
_26881_,4.48µm
_27117_,4.48µm
_27224_,4.48µm
_27227_,4.48µm
_27328_,4.48µm
_27476_,4.48µm
_27489_,4.48µm
_27529_,4.48µm
_27562_,4.48µm
_27596_,4.48µm
_27637_,4.48µm
_27904_,4.48µm
_28008_,4.48µm
_28088_,4.48µm
_28110_,4.48µm
_28111_,4.48µm
i_core_v_mini_mcu.ao_peripheral_subsystem_i.power_manager_i.power_manager_sequence_periph_reset_i.sequence_curr_state\[2\],4.48µm
i_core_v_mini_mcu.cpu_subsystem_i.cpu_0_0.i_servile.cpu.bufreg.i_sh_signed,4.48µm
i_core_v_mini_mcu.cpu_subsystem_i.cpu_1_0.i_servile.arbiter.i_wb_cpu_ibus_adr\[19\],4.48µm
i_core_v_mini_mcu.cpu_subsystem_i.cpu_1_0.i_servile.arbiter.i_wb_cpu_ibus_adr\[26\],4.48µm
i_core_v_mini_mcu.cpu_subsystem_i.cpu_1_0.i_servile.cpu.dbus_en,4.48µm
i_core_v_mini_mcu.peripheral_slave_resp\[22\],4.48µm
i_core_v_mini_mcu.peripheral_subsystem_i.obi_fifo_i.consumer_resp_i\[22\],4.48µm
i_core_v_mini_mcu.peripheral_subsystem_i.obi_fifo_i.consumer_resp_i\[33\],4.48µm
i_core_v_mini_mcu.system_bus_i.system_xbar_i.gen_xbar_NtoM.i_xbar.gen_inputs\[3\].i_addr_dec_resp_mux.valid_inflight_d,4.48µm
net1696,4.48µm
net1764,4.48µm
_07252_,4.25µm
_07329_,4.2µm
_12257_,4.2µm
_24374_,4.2µm
_04427_,4.07µm
_00182_,4.02µm
_01694_,4.02µm
_03698_,4.02µm
_05684_,4.02µm
_05708_,4.02µm
_05728_,4.02µm
_05802_,4.02µm
_05827_,4.02µm
_05955_,4.02µm
_06013_,4.02µm
_07115_,4.02µm
_07259_,4.02µm
_07473_,4.02µm
_07576_,4.02µm
_07930_,4.02µm
_08177_,4.02µm
_08329_,4.02µm
_08771_,4.02µm
_09228_,4.02µm
_09428_,4.02µm
_09665_,4.02µm
_09792_,4.02µm
_10071_,4.02µm
_12228_,4.02µm
_12256_,4.02µm
_12712_,4.02µm
_12958_,4.02µm
_13789_,4.02µm
_14717_,4.02µm
_14887_,4.02µm
_15072_,4.02µm
_15416_,4.02µm
_15871_,4.02µm
_15889_,4.02µm
_16558_,4.02µm
_16839_,4.02µm
_16870_,4.02µm
_16890_,4.02µm
_16891_,4.02µm
_16925_,4.02µm
_17320_,4.02µm
_17484_,4.02µm
_17764_,4.02µm
_18085_,4.02µm
_18131_,4.02µm
_18156_,4.02µm
_18304_,4.02µm
_19508_,4.02µm
_19618_,4.02µm
_19751_,4.02µm
_20008_,4.02µm
_20886_,4.02µm
_21256_,4.02µm
_21268_,4.02µm
_21432_,4.02µm
_21518_,4.02µm
_21575_,4.02µm
_21944_,4.02µm
_22007_,4.02µm
_22311_,4.02µm
_22313_,4.02µm
_22555_,4.02µm
_22684_,4.02µm
_22752_,4.02µm
_22933_,4.02µm
_22949_,4.02µm
_23151_,4.02µm
_23189_,4.02µm
_23213_,4.02µm
_23498_,4.02µm
_23576_,4.02µm
_23605_,4.02µm
_23718_,4.02µm
_23915_,4.02µm
_23963_,4.02µm
_23995_,4.02µm
_24289_,4.02µm
_24405_,4.02µm
_26248_,4.02µm
_26449_,4.02µm
_26499_,4.02µm
_27800_,4.02µm
_27870_,4.02µm
_27921_,4.02µm
_27954_,4.02µm
_00519_,3.97µm
_00784_,3.97µm
_01050_,3.97µm
_01136_,3.97µm
_01159_,3.97µm
_01203_,3.97µm
_01250_,3.97µm
_01339_,3.97µm
_01493_,3.97µm
_01576_,3.97µm
_01768_,3.97µm
_02031_,3.97µm
_02126_,3.97µm
_02259_,3.97µm
_02560_,3.97µm
_02583_,3.97µm
_04265_,3.97µm
_05486_,3.97µm
_05986_,3.97µm
_06080_,3.97µm
_06113_,3.97µm
_06277_,3.97µm
_06479_,3.97µm
_06644_,3.97µm
_06737_,3.97µm
_07502_,3.97µm
_07544_,3.97µm
_07964_,3.97µm
_08103_,3.97µm
_08666_,3.97µm
_08709_,3.97µm
_08748_,3.97µm
_09095_,3.97µm
_10426_,3.97µm
_10438_,3.97µm
_10668_,3.97µm
_10698_,3.97µm
_11265_,3.97µm
_11473_,3.97µm
_11494_,3.97µm
_11875_,3.97µm
_11886_,3.97µm
_12014_,3.97µm
_12125_,3.97µm
_12148_,3.97µm
_12207_,3.97µm
_12913_,3.97µm
_13518_,3.97µm
_13547_,3.97µm
_13585_,3.97µm
_13743_,3.97µm
_13752_,3.97µm
_13838_,3.97µm
_14701_,3.97µm
_14758_,3.97µm
_15310_,3.97µm
_15909_,3.97µm
_16302_,3.97µm
_16303_,3.97µm
_16697_,3.97µm
_17105_,3.97µm
_18170_,3.97µm
_18522_,3.97µm
_19360_,3.97µm
_19884_,3.97µm
_20792_,3.97µm
_20828_,3.97µm
_21107_,3.97µm
_22027_,3.97µm
_22130_,3.97µm
_22146_,3.97µm
_22198_,3.97µm
_22619_,3.97µm
_22747_,3.97µm
_22767_,3.97µm
_23062_,3.97µm
_23147_,3.97µm
_23228_,3.97µm
_23662_,3.97µm
_24041_,3.97µm
_24046_,3.97µm
_24112_,3.97µm
_24661_,3.97µm
_25017_,3.97µm
_25023_,3.97µm
_25051_,3.97µm
_25076_,3.97µm
_25517_,3.97µm
_25518_,3.97µm
_25811_,3.97µm
_26012_,3.97µm
_26103_,3.97µm
_26541_,3.97µm
_26566_,3.97µm
_26577_,3.97µm
_26823_,3.97µm
_27294_,3.97µm
_27318_,3.97µm
_27793_,3.97µm
i_core_v_mini_mcu.peripheral_subsystem_i.obi_fifo_i.consumer_data_req\[12\],3.97µm
_00020_,3.92µm
_00038_,3.92µm
_00041_,3.92µm
_00049_,3.92µm
_00062_,3.92µm
_00087_,3.92µm
_00090_,3.92µm
_00098_,3.92µm
_00134_,3.92µm
_00143_,3.92µm
_00198_,3.92µm
_00202_,3.92µm
_00232_,3.92µm
_00273_,3.92µm
_00299_,3.92µm
_00318_,3.92µm
_00354_,3.92µm
_00406_,3.92µm
_00433_,3.92µm
_00434_,3.92µm
_00461_,3.92µm
_00493_,3.92µm
_00495_,3.92µm
_00497_,3.92µm
_00516_,3.92µm
_00525_,3.92µm
_00530_,3.92µm
_00605_,3.92µm
_00624_,3.92µm
_00660_,3.92µm
_00680_,3.92µm
_00682_,3.92µm
_00710_,3.92µm
_00714_,3.92µm
_00746_,3.92µm
_00761_,3.92µm
_00779_,3.92µm
_00804_,3.92µm
_00819_,3.92µm
_00842_,3.92µm
_00862_,3.92µm
_00863_,3.92µm
_00874_,3.92µm
_00901_,3.92µm
_00906_,3.92µm
_00932_,3.92µm
_00937_,3.92µm
_00940_,3.92µm
_00984_,3.92µm
_00996_,3.92µm
_01004_,3.92µm
_01008_,3.92µm
_01043_,3.92µm
_01083_,3.92µm
_01089_,3.92µm
_01105_,3.92µm
_01162_,3.92µm
_01178_,3.92µm
_01268_,3.92µm
_01310_,3.92µm
_01317_,3.92µm
_01330_,3.92µm
_01342_,3.92µm
_01370_,3.92µm
_01400_,3.92µm
_01401_,3.92µm
_01423_,3.92µm
_01427_,3.92µm
_01444_,3.92µm
_01452_,3.92µm
_01511_,3.92µm
_01565_,3.92µm
_01566_,3.92µm
_01662_,3.92µm
_01667_,3.92µm
_01676_,3.92µm
_01679_,3.92µm
_01690_,3.92µm
_01702_,3.92µm
_01707_,3.92µm
_01725_,3.92µm
_01727_,3.92µm
_01756_,3.92µm
_01773_,3.92µm
_01809_,3.92µm
_01821_,3.92µm
_01848_,3.92µm
_01849_,3.92µm
_01856_,3.92µm
_01860_,3.92µm
_01868_,3.92µm
_01871_,3.92µm
_01878_,3.92µm
_01927_,3.92µm
_01948_,3.92µm
_01962_,3.92µm
_01973_,3.92µm
_01976_,3.92µm
_02036_,3.92µm
_02044_,3.92µm
_02064_,3.92µm
_02098_,3.92µm
_02115_,3.92µm
_02171_,3.92µm
_02172_,3.92µm
_02175_,3.92µm
_02178_,3.92µm
_02189_,3.92µm
_02190_,3.92µm
_02222_,3.92µm
_02246_,3.92µm
_02260_,3.92µm
_02261_,3.92µm
_02274_,3.92µm
_02292_,3.92µm
_02299_,3.92µm
_02316_,3.92µm
_02332_,3.92µm
_02364_,3.92µm
_02394_,3.92µm
_02413_,3.92µm
_02436_,3.92µm
_02447_,3.92µm
_02453_,3.92µm
_02455_,3.92µm
_02461_,3.92µm
_02472_,3.92µm
_02478_,3.92µm
_02485_,3.92µm
_02491_,3.92µm
_02494_,3.92µm
_02533_,3.92µm
_02536_,3.92µm
_02537_,3.92µm
_02557_,3.92µm
_02562_,3.92µm
_02578_,3.92µm
_02588_,3.92µm
_02598_,3.92µm
_02599_,3.92µm
_02601_,3.92µm
_02605_,3.92µm
_02633_,3.92µm
_02634_,3.92µm
_02636_,3.92µm
_02643_,3.92µm
_02735_,3.92µm
_02748_,3.92µm
_02782_,3.92µm
_02833_,3.92µm
_02837_,3.92µm
_02880_,3.92µm
_02907_,3.92µm
_02910_,3.92µm
_02928_,3.92µm
_02939_,3.92µm
_02991_,3.92µm
_03027_,3.92µm
_03083_,3.92µm
_03183_,3.92µm
_03220_,3.92µm
_03340_,3.92µm
_03342_,3.92µm
_03364_,3.92µm
_03398_,3.92µm
_03400_,3.92µm
_03470_,3.92µm
_03480_,3.92µm
_03500_,3.92µm
_03629_,3.92µm
_03633_,3.92µm
_03672_,3.92µm
_03693_,3.92µm
_03724_,3.92µm
_03794_,3.92µm
_03817_,3.92µm
_03838_,3.92µm
_03893_,3.92µm
_03951_,3.92µm
_03982_,3.92µm
_04052_,3.92µm
_04062_,3.92µm
_04105_,3.92µm
_04118_,3.92µm
_04119_,3.92µm
_04141_,3.92µm
_04142_,3.92µm
_04154_,3.92µm
_04196_,3.92µm
_04233_,3.92µm
_04243_,3.92µm
_04263_,3.92µm
_04271_,3.92µm
_04315_,3.92µm
_04318_,3.92µm
_04327_,3.92µm
_04361_,3.92µm
_04382_,3.92µm
_04399_,3.92µm
_04423_,3.92µm
_04440_,3.92µm
_04473_,3.92µm
_04481_,3.92µm
_04506_,3.92µm
_04512_,3.92µm
_04533_,3.92µm
_04551_,3.92µm
_04555_,3.92µm
_04577_,3.92µm
_04581_,3.92µm
_04585_,3.92µm
_04615_,3.92µm
_04617_,3.92µm
_04646_,3.92µm
_04676_,3.92µm
_04693_,3.92µm
_04784_,3.92µm
_04933_,3.92µm
_04937_,3.92µm
_05071_,3.92µm
_05125_,3.92µm
_05127_,3.92µm
_05190_,3.92µm
_05205_,3.92µm
_05208_,3.92µm
_05213_,3.92µm
_05267_,3.92µm
_05300_,3.92µm
_05307_,3.92µm
_05332_,3.92µm
_05446_,3.92µm
_05508_,3.92µm
_05628_,3.92µm
_05886_,3.92µm
_06044_,3.92µm
_06057_,3.92µm
_06107_,3.92µm
_06143_,3.92µm
_06176_,3.92µm
_06177_,3.92µm
_06200_,3.92µm
_06385_,3.92µm
_06418_,3.92µm
_06436_,3.92µm
_06516_,3.92µm
_06539_,3.92µm
_06633_,3.92µm
_06765_,3.92µm
_07020_,3.92µm
_07220_,3.92µm
_07238_,3.92µm
_07412_,3.92µm
_07453_,3.92µm
_07550_,3.92µm
_07575_,3.92µm
_07612_,3.92µm
_07697_,3.92µm
_07719_,3.92µm
_07742_,3.92µm
_07767_,3.92µm
_07838_,3.92µm
_07882_,3.92µm
_07912_,3.92µm
_08059_,3.92µm
_08077_,3.92µm
_08099_,3.92µm
_08212_,3.92µm
_08252_,3.92µm
_08347_,3.92µm
_08349_,3.92µm
_08369_,3.92µm
_08409_,3.92µm
_08452_,3.92µm
_08453_,3.92µm
_08467_,3.92µm
_08487_,3.92µm
_08517_,3.92µm
_08571_,3.92µm
_08595_,3.92µm
_08607_,3.92µm
_08737_,3.92µm
_08768_,3.92µm
_08816_,3.92µm
_09009_,3.92µm
_09100_,3.92µm
_09355_,3.92µm
_09393_,3.92µm
_09543_,3.92µm
_09584_,3.92µm
_09667_,3.92µm
_09695_,3.92µm
_09719_,3.92µm
_09815_,3.92µm
_09825_,3.92µm
_09828_,3.92µm
_09923_,3.92µm
_09925_,3.92µm
_09977_,3.92µm
_10216_,3.92µm
_10266_,3.92µm
_10317_,3.92µm
_10487_,3.92µm
_10683_,3.92µm
_10696_,3.92µm
_10774_,3.92µm
_10876_,3.92µm
_10883_,3.92µm
_10957_,3.92µm
_11110_,3.92µm
_11113_,3.92µm
_11221_,3.92µm
_11377_,3.92µm
_11440_,3.92µm
_11546_,3.92µm
_11632_,3.92µm
_11634_,3.92µm
_11723_,3.92µm
_11748_,3.92µm
_11820_,3.92µm
_11848_,3.92µm
_11891_,3.92µm
_11892_,3.92µm
_12106_,3.92µm
_12401_,3.92µm
_12474_,3.92µm
_12558_,3.92µm
_12713_,3.92µm
_12825_,3.92µm
_12860_,3.92µm
_12948_,3.92µm
_12968_,3.92µm
_13024_,3.92µm
_13122_,3.92µm
_13125_,3.92µm
_13137_,3.92µm
_13196_,3.92µm
_13225_,3.92µm
_13250_,3.92µm
_13295_,3.92µm
_13328_,3.92µm
_13366_,3.92µm
_13514_,3.92µm
_13604_,3.92µm
_13616_,3.92µm
_13848_,3.92µm
_13855_,3.92µm
_13923_,3.92µm
_14151_,3.92µm
_14309_,3.92µm
_14359_,3.92µm
_14449_,3.92µm
_14454_,3.92µm
_14533_,3.92µm
_14595_,3.92µm
_14600_,3.92µm
_14607_,3.92µm
_14645_,3.92µm
_14704_,3.92µm
_14769_,3.92µm
_14785_,3.92µm
_14815_,3.92µm
_14855_,3.92µm
_14937_,3.92µm
_15160_,3.92µm
_15216_,3.92µm
_15327_,3.92µm
_15499_,3.92µm
_15554_,3.92µm
_15600_,3.92µm
_15634_,3.92µm
_15643_,3.92µm
_15695_,3.92µm
_15742_,3.92µm
_15785_,3.92µm
_15916_,3.92µm
_15944_,3.92µm
_15952_,3.92µm
_15996_,3.92µm
_16022_,3.92µm
_16152_,3.92µm
_16349_,3.92µm
_16366_,3.92µm
_16397_,3.92µm
_16516_,3.92µm
_16540_,3.92µm
_16880_,3.92µm
_16945_,3.92µm
_16970_,3.92µm
_17011_,3.92µm
_17114_,3.92µm
_17145_,3.92µm
_17282_,3.92µm
_17462_,3.92µm
_17796_,3.92µm
_17890_,3.92µm
_18057_,3.92µm
_18091_,3.92µm
_18103_,3.92µm
_18157_,3.92µm
_18168_,3.92µm
_18419_,3.92µm
_18532_,3.92µm
_18712_,3.92µm
_18804_,3.92µm
_18848_,3.92µm
_18869_,3.92µm
_19137_,3.92µm
_19179_,3.92µm
_19199_,3.92µm
_19202_,3.92µm
_19216_,3.92µm
_19243_,3.92µm
_19267_,3.92µm
_19274_,3.92µm
_19368_,3.92µm
_19445_,3.92µm
_19554_,3.92µm
_19567_,3.92µm
_19601_,3.92µm
_19623_,3.92µm
_19636_,3.92µm
_19708_,3.92µm
_19829_,3.92µm
_19882_,3.92µm
_20090_,3.92µm
_20143_,3.92µm
_20195_,3.92µm
_20281_,3.92µm
_20425_,3.92µm
_20636_,3.92µm
_20671_,3.92µm
_20700_,3.92µm
_20702_,3.92µm
_20838_,3.92µm
_20853_,3.92µm
_21087_,3.92µm
_21108_,3.92µm
_21154_,3.92µm
_21157_,3.92µm
_21185_,3.92µm
_21254_,3.92µm
_21259_,3.92µm
_21284_,3.92µm
_21308_,3.92µm
_21331_,3.92µm
_21364_,3.92µm
_21369_,3.92µm
_21387_,3.92µm
_21423_,3.92µm
_21439_,3.92µm
_21488_,3.92µm
_21600_,3.92µm
_21705_,3.92µm
_21747_,3.92µm
_21750_,3.92µm
_21793_,3.92µm
_22000_,3.92µm
_22036_,3.92µm
_22173_,3.92µm
_22196_,3.92µm
_22207_,3.92µm
_22231_,3.92µm
_22260_,3.92µm
_22295_,3.92µm
_22321_,3.92µm
_22349_,3.92µm
_22356_,3.92µm
_22422_,3.92µm
_22454_,3.92µm
_22503_,3.92µm
_22583_,3.92µm
_22587_,3.92µm
_22702_,3.92µm
_22721_,3.92µm
_22835_,3.92µm
_22873_,3.92µm
_23162_,3.92µm
_23318_,3.92µm
_23335_,3.92µm
_23395_,3.92µm
_23407_,3.92µm
_23417_,3.92µm
_23422_,3.92µm
_23460_,3.92µm
_23591_,3.92µm
_23673_,3.92µm
_23795_,3.92µm
_23811_,3.92µm
_23837_,3.92µm
_23848_,3.92µm
_23856_,3.92µm
_23872_,3.92µm
_23942_,3.92µm
_24049_,3.92µm
_24093_,3.92µm
_24140_,3.92µm
_24193_,3.92µm
_24260_,3.92µm
_24292_,3.92µm
_24520_,3.92µm
_24533_,3.92µm
_24610_,3.92µm
_24628_,3.92µm
_24680_,3.92µm
_24784_,3.92µm
_24858_,3.92µm
_24910_,3.92µm
_24957_,3.92µm
_25047_,3.92µm
_25178_,3.92µm
_25244_,3.92µm
_25268_,3.92µm
_25288_,3.92µm
_25425_,3.92µm
_25436_,3.92µm
_25467_,3.92µm
_25470_,3.92µm
_25564_,3.92µm
_25684_,3.92µm
_25694_,3.92µm
_25736_,3.92µm
_25776_,3.92µm
_25779_,3.92µm
_25915_,3.92µm
_25994_,3.92µm
_26127_,3.92µm
_26235_,3.92µm
_26350_,3.92µm
_26437_,3.92µm
_26475_,3.92µm
_26522_,3.92µm
_26538_,3.92µm
_26714_,3.92µm
_26721_,3.92µm
_26777_,3.92µm
_26878_,3.92µm
_26913_,3.92µm
_26962_,3.92µm
_27009_,3.92µm
_27066_,3.92µm
_27143_,3.92µm
_27319_,3.92µm
_27406_,3.92µm
_27743_,3.92µm
_27754_,3.92µm
_27923_,3.92µm
_28016_,3.92µm
_28028_,3.92µm
i_core_v_mini_mcu.ao_peripheral_subsystem_i.power_manager_i.power_manager_reg_top_i.u_intr_state.wr_data\[22\],3.92µm
i_core_v_mini_mcu.ao_peripheral_subsystem_i.power_manager_i.power_manager_reg_top_i.u_intr_state.wr_data\[7\],3.92µm
i_core_v_mini_mcu.cpu_subsystem_i.cpu_0_0.i_servile.arbiter.i_wb_cpu_dbus_adr\[29\],3.92µm
i_core_v_mini_mcu.cpu_subsystem_i.cpu_0_0.i_servile.arbiter.i_wb_cpu_dbus_adr\[2\],3.92µm
i_core_v_mini_mcu.cpu_subsystem_i.cpu_0_0.i_servile.cpu.immdec.gen_immdec_w_eq_1.imm7,3.92µm
i_core_v_mini_mcu.cpu_subsystem_i.cpu_1_0.i_servile.cpu.alu.i_rd_sel\[0\],3.92µm
i_core_v_mini_mcu.peripheral_subsystem_i.obi_fifo_i.consumer_resp_i\[18\],3.92µm
i_core_v_mini_mcu.system_bus_i.gen_demux_xbar\[3\].demux_xbar_i.u_xbar_varlat.gen_inputs\[0\].i_addr_dec_resp_mux.valid_inflight_d,3.92µm
_06275_,3.64µm
_08423_,3.64µm
i_core_v_mini_mcu.cpu_subsystem_i.cpu_1_0.i_servile.cpu.bufreg.i_clr_lsb,3.64µm
_00037_,3.46µm
_06144_,3.46µm
_06273_,3.46µm
_06614_,3.46µm
_07040_,3.46µm
_07280_,3.46µm
_07292_,3.46µm
_07322_,3.46µm
_07644_,3.46µm
_07855_,3.46µm
_08276_,3.46µm
_08356_,3.46µm
_08387_,3.46µm
_08788_,3.46µm
_08872_,3.46µm
_08956_,3.46µm
_08960_,3.46µm
_09275_,3.46µm
_09448_,3.46µm
_09812_,3.46µm
_10429_,3.46µm
_10684_,3.46µm
_11161_,3.46µm
_11193_,3.46µm
_11213_,3.46µm
_11271_,3.46µm
_11818_,3.46µm
_12143_,3.46µm
_12436_,3.46µm
_12586_,3.46µm
_12920_,3.46µm
_12946_,3.46µm
_13343_,3.46µm
_13825_,3.46µm
_14201_,3.46µm
_14314_,3.46µm
_14376_,3.46µm
_14496_,3.46µm
_14519_,3.46µm
_14521_,3.46µm
_14604_,3.46µm
_14671_,3.46µm
_15027_,3.46µm
_15028_,3.46µm
_15280_,3.46µm
_15328_,3.46µm
_15345_,3.46µm
_15517_,3.46µm
_15549_,3.46µm
_16193_,3.46µm
_16427_,3.46µm
_16506_,3.46µm
_16523_,3.46µm
_16717_,3.46µm
_16731_,3.46µm
_16745_,3.46µm
_16843_,3.46µm
_16874_,3.46µm
_16877_,3.46µm
_16931_,3.46µm
_17045_,3.46µm
_17087_,3.46µm
_17119_,3.46µm
_17124_,3.46µm
_17173_,3.46µm
_17236_,3.46µm
_17242_,3.46µm
_17592_,3.46µm
_17605_,3.46µm
_18094_,3.46µm
_18251_,3.46µm
_18262_,3.46µm
_18278_,3.46µm
_18610_,3.46µm
_18630_,3.46µm
_18640_,3.46µm
_18681_,3.46µm
_18765_,3.46µm
_18847_,3.46µm
_18882_,3.46µm
_19045_,3.46µm
_19140_,3.46µm
_19149_,3.46µm
_19160_,3.46µm
_19272_,3.46µm
_19330_,3.46µm
_19404_,3.46µm
_19406_,3.46µm
_19446_,3.46µm
_19524_,3.46µm
_19596_,3.46µm
_19612_,3.46µm
_19622_,3.46µm
_19662_,3.46µm
_19663_,3.46µm
_19724_,3.46µm
_19734_,3.46µm
_19750_,3.46µm
_19781_,3.46µm
_19782_,3.46µm
_20641_,3.46µm
_20806_,3.46µm
_20879_,3.46µm
_20997_,3.46µm
_21006_,3.46µm
_21248_,3.46µm
_21279_,3.46µm
_21286_,3.46µm
_21384_,3.46µm
_21464_,3.46µm
_21495_,3.46µm
_21581_,3.46µm
_22238_,3.46µm
_22392_,3.46µm
_22395_,3.46µm
_22416_,3.46µm
_22568_,3.46µm
_22641_,3.46µm
_22660_,3.46µm
_22694_,3.46µm
_22719_,3.46µm
_22722_,3.46µm
_22897_,3.46µm
_22904_,3.46µm
_23082_,3.46µm
_23100_,3.46µm
_23107_,3.46µm
_23138_,3.46µm
_23197_,3.46µm
_23229_,3.46µm
_23642_,3.46µm
_23909_,3.46µm
_23951_,3.46µm
_24001_,3.46µm
_24313_,3.46µm
_24346_,3.46µm
_24358_,3.46µm
_24470_,3.46µm
_24476_,3.46µm
_24748_,3.46µm
_24773_,3.46µm
_24793_,3.46µm
_24796_,3.46µm
_24864_,3.46µm
_24888_,3.46µm
_25042_,3.46µm
_25110_,3.46µm
_25120_,3.46µm
_25227_,3.46µm
_25588_,3.46µm
_25700_,3.46µm
_25734_,3.46µm
_25735_,3.46µm
_25850_,3.46µm
_25854_,3.46µm
_26053_,3.46µm
_26130_,3.46µm
_26158_,3.46µm
_26228_,3.46µm
_26361_,3.46µm
_26461_,3.46µm
_26628_,3.46µm
_26675_,3.46µm
_26810_,3.46µm
_26842_,3.46µm
_26914_,3.46µm
_26915_,3.46µm
_27007_,3.46µm
_27011_,3.46µm
_27017_,3.46µm
_27237_,3.46µm
_27243_,3.46µm
_27423_,3.46µm
_27443_,3.46µm
_27467_,3.46µm
_27563_,3.46µm
_27929_,3.46µm
_00864_,3.41µm
_02555_,3.41µm
_02591_,3.41µm
_03408_,3.41µm
_06286_,3.41µm
_06426_,3.41µm
_06769_,3.41µm
_08493_,3.41µm
_08638_,3.41µm
_09625_,3.41µm
_09793_,3.41µm
_09794_,3.41µm
_10054_,3.41µm
_11630_,3.41µm
_11914_,3.41µm
_12048_,3.41µm
_12102_,3.41µm
_12975_,3.41µm
_13159_,3.41µm
_13668_,3.41µm
_14699_,3.41µm
_15296_,3.41µm
_15451_,3.41µm
_15668_,3.41µm
_16578_,3.41µm
_17013_,3.41µm
_17104_,3.41µm
_18062_,3.41µm
_18724_,3.41µm
_18963_,3.41µm
_19162_,3.41µm
_19534_,3.41µm
_19673_,3.41µm
_19979_,3.41µm
_21207_,3.41µm
_21624_,3.41µm
_22471_,3.41µm
_22506_,3.41µm
_22633_,3.41µm
_22728_,3.41µm
_22841_,3.41µm
_22937_,3.41µm
_23430_,3.41µm
_23483_,3.41µm
_23638_,3.41µm
_24640_,3.41µm
_25224_,3.41µm
_25747_,3.41µm
_26226_,3.41µm
_26311_,3.41µm
_27110_,3.41µm
_00019_,3.36µm
_00080_,3.36µm
_00082_,3.36µm
_00105_,3.36µm
_00115_,3.36µm
_00120_,3.36µm
_00126_,3.36µm
_00128_,3.36µm
_00132_,3.36µm
_00161_,3.36µm
_00162_,3.36µm
_00163_,3.36µm
_00168_,3.36µm
_00170_,3.36µm
_00183_,3.36µm
_00199_,3.36µm
_00306_,3.36µm
_00324_,3.36µm
_00411_,3.36µm
_00421_,3.36µm
_00425_,3.36µm
_00430_,3.36µm
_00486_,3.36µm
_00494_,3.36µm
_00498_,3.36µm
_00499_,3.36µm
_00508_,3.36µm
_00544_,3.36µm
_00564_,3.36µm
_00584_,3.36µm
_00627_,3.36µm
_00634_,3.36µm
_00646_,3.36µm
_00648_,3.36µm
_00662_,3.36µm
_00670_,3.36µm
_00674_,3.36µm
_00696_,3.36µm
_00731_,3.36µm
_00758_,3.36µm
_00768_,3.36µm
_00781_,3.36µm
_00789_,3.36µm
_00801_,3.36µm
_00807_,3.36µm
_00823_,3.36µm
_00850_,3.36µm
_00857_,3.36µm
_00861_,3.36µm
_00868_,3.36µm
_00890_,3.36µm
_00896_,3.36µm
_00898_,3.36µm
_00902_,3.36µm
_00913_,3.36µm
_00914_,3.36µm
_00973_,3.36µm
_00987_,3.36µm
_01007_,3.36µm
_01017_,3.36µm
_01024_,3.36µm
_01057_,3.36µm
_01073_,3.36µm
_01093_,3.36µm
_01097_,3.36µm
_01101_,3.36µm
_01102_,3.36µm
_01113_,3.36µm
_01132_,3.36µm
_01157_,3.36µm
_01182_,3.36µm
_01196_,3.36µm
_01206_,3.36µm
_01293_,3.36µm
_01314_,3.36µm
_01333_,3.36µm
_01344_,3.36µm
_01356_,3.36µm
_01374_,3.36µm
_01384_,3.36µm
_01389_,3.36µm
_01408_,3.36µm
_01420_,3.36µm
_01458_,3.36µm
_01473_,3.36µm
_01492_,3.36µm
_01539_,3.36µm
_01540_,3.36µm
_01555_,3.36µm
_01556_,3.36µm
_01559_,3.36µm
_01579_,3.36µm
_01593_,3.36µm
_01595_,3.36µm
_01602_,3.36µm
_01608_,3.36µm
_01633_,3.36µm
_01646_,3.36µm
_01647_,3.36µm
_01661_,3.36µm
_01673_,3.36µm
_01683_,3.36µm
_01734_,3.36µm
_01751_,3.36µm
_01767_,3.36µm
_01786_,3.36µm
_01788_,3.36µm
_01789_,3.36µm
_01800_,3.36µm
_01807_,3.36µm
_01812_,3.36µm
_01820_,3.36µm
_01828_,3.36µm
_01829_,3.36µm
_01872_,3.36µm
_01887_,3.36µm
_01889_,3.36µm
_01898_,3.36µm
_01907_,3.36µm
_01933_,3.36µm
_01935_,3.36µm
_01942_,3.36µm
_01961_,3.36µm
_01983_,3.36µm
_02009_,3.36µm
_02041_,3.36µm
_02043_,3.36µm
_02067_,3.36µm
_02072_,3.36µm
_02078_,3.36µm
_02084_,3.36µm
_02091_,3.36µm
_02117_,3.36µm
_02140_,3.36µm
_02147_,3.36µm
_02155_,3.36µm
_02160_,3.36µm
_02161_,3.36µm
_02177_,3.36µm
_02182_,3.36µm
_02206_,3.36µm
_02218_,3.36µm
_02233_,3.36µm
_02255_,3.36µm
_02267_,3.36µm
_02304_,3.36µm
_02308_,3.36µm
_02323_,3.36µm
_02338_,3.36µm
_02349_,3.36µm
_02354_,3.36µm
_02362_,3.36µm
_02388_,3.36µm
_02391_,3.36µm
_02423_,3.36µm
_02432_,3.36µm
_02443_,3.36µm
_02454_,3.36µm
_02486_,3.36µm
_02495_,3.36µm
_02501_,3.36µm
_02503_,3.36µm
_02516_,3.36µm
_02517_,3.36µm
_02519_,3.36µm
_02532_,3.36µm
_02538_,3.36µm
_02549_,3.36µm
_02558_,3.36µm
_02570_,3.36µm
_02590_,3.36µm
_02597_,3.36µm
_02638_,3.36µm
_02651_,3.36µm
_02765_,3.36µm
_02875_,3.36µm
_02970_,3.36µm
_03007_,3.36µm
_03014_,3.36µm
_03048_,3.36µm
_03059_,3.36µm
_03155_,3.36µm
_03199_,3.36µm
_03246_,3.36µm
_03270_,3.36µm
_03275_,3.36µm
_03333_,3.36µm
_03516_,3.36µm
_03517_,3.36µm
_03519_,3.36µm
_03774_,3.36µm
_03789_,3.36µm
_03795_,3.36µm
_03796_,3.36µm
_03797_,3.36µm
_03801_,3.36µm
_03809_,3.36µm
_03810_,3.36µm
_03820_,3.36µm
_03835_,3.36µm
_03836_,3.36µm
_03881_,3.36µm
_03981_,3.36µm
_03995_,3.36µm
_04026_,3.36µm
_04030_,3.36µm
_04072_,3.36µm
_04112_,3.36µm
_04129_,3.36µm
_04145_,3.36µm
_04152_,3.36µm
_04187_,3.36µm
_04189_,3.36µm
_04194_,3.36µm
_04215_,3.36µm
_04224_,3.36µm
_04226_,3.36µm
_04257_,3.36µm
_04267_,3.36µm
_04283_,3.36µm
_04287_,3.36µm
_04288_,3.36µm
_04322_,3.36µm
_04324_,3.36µm
_04329_,3.36µm
_04347_,3.36µm
_04348_,3.36µm
_04363_,3.36µm
_04377_,3.36µm
_04380_,3.36µm
_04381_,3.36µm
_04409_,3.36µm
_04415_,3.36µm
_04425_,3.36µm
_04461_,3.36µm
_04474_,3.36µm
_04499_,3.36µm
_04509_,3.36µm
_04516_,3.36µm
_04549_,3.36µm
_04572_,3.36µm
_04593_,3.36µm
_04663_,3.36µm
_04665_,3.36µm
_04666_,3.36µm
_04674_,3.36µm
_04685_,3.36µm
_04701_,3.36µm
_04714_,3.36µm
_04719_,3.36µm
_04720_,3.36µm
_04780_,3.36µm
_04791_,3.36µm
_04832_,3.36µm
_04843_,3.36µm
_04845_,3.36µm
_04884_,3.36µm
_04911_,3.36µm
_04931_,3.36µm
_04962_,3.36µm
_04983_,3.36µm
_04997_,3.36µm
_04998_,3.36µm
_05002_,3.36µm
_05168_,3.36µm
_05171_,3.36µm
_05188_,3.36µm
_05210_,3.36µm
_05214_,3.36µm
_05215_,3.36µm
_05221_,3.36µm
_05237_,3.36µm
_05248_,3.36µm
_05258_,3.36µm
_05282_,3.36µm
_05296_,3.36µm
_05336_,3.36µm
_05360_,3.36µm
_05384_,3.36µm
_05387_,3.36µm
_05390_,3.36µm
_05392_,3.36µm
_05513_,3.36µm
_05574_,3.36µm
_05669_,3.36µm
_05733_,3.36µm
_05744_,3.36µm
_05762_,3.36µm
_05803_,3.36µm
_05877_,3.36µm
_06037_,3.36µm
_06091_,3.36µm
_06147_,3.36µm
_06230_,3.36µm
_06261_,3.36µm
_06267_,3.36µm
_06285_,3.36µm
_06353_,3.36µm
_06424_,3.36µm
_06684_,3.36µm
_06711_,3.36µm
_06928_,3.36µm
_06942_,3.36µm
_06948_,3.36µm
_06985_,3.36µm
_07045_,3.36µm
_07217_,3.36µm
_07221_,3.36µm
_07325_,3.36µm
_07384_,3.36µm
_07493_,3.36µm
_07513_,3.36µm
_07617_,3.36µm
_07669_,3.36µm
_07790_,3.36µm
_07814_,3.36µm
_07839_,3.36µm
_07860_,3.36µm
_08032_,3.36µm
_08055_,3.36µm
_08130_,3.36µm
_08285_,3.36µm
_08331_,3.36µm
_08371_,3.36µm
_08419_,3.36µm
_08449_,3.36µm
_08551_,3.36µm
_08559_,3.36µm
_08599_,3.36µm
_08615_,3.36µm
_08643_,3.36µm
_08645_,3.36µm
_08712_,3.36µm
_08723_,3.36µm
_08730_,3.36µm
_08744_,3.36µm
_08772_,3.36µm
_08962_,3.36µm
_09496_,3.36µm
_09772_,3.36µm
_09784_,3.36µm
_09787_,3.36µm
_09853_,3.36µm
_09864_,3.36µm
_09924_,3.36µm
_10012_,3.36µm
_10215_,3.36µm
_10351_,3.36µm
_10477_,3.36µm
_10720_,3.36µm
_10797_,3.36µm
_10798_,3.36µm
_10809_,3.36µm
_10817_,3.36µm
_10959_,3.36µm
_11065_,3.36µm
_11142_,3.36µm
_11149_,3.36µm
_11153_,3.36µm
_11188_,3.36µm
_11220_,3.36µm
_11229_,3.36µm
_11266_,3.36µm
_11371_,3.36µm
_11427_,3.36µm
_11461_,3.36µm
_11527_,3.36µm
_11564_,3.36µm
_11580_,3.36µm
_11583_,3.36µm
_11584_,3.36µm
_11639_,3.36µm
_11660_,3.36µm
_11675_,3.36µm
_11710_,3.36µm
_11749_,3.36µm
_11777_,3.36µm
_11816_,3.36µm
_11865_,3.36µm
_11902_,3.36µm
_11945_,3.36µm
_11994_,3.36µm
_12051_,3.36µm
_12095_,3.36µm
_12131_,3.36µm
_12526_,3.36µm
_12572_,3.36µm
_12673_,3.36µm
_12683_,3.36µm
_12772_,3.36µm
_12821_,3.36µm
_12848_,3.36µm
_13013_,3.36µm
_13029_,3.36µm
_13117_,3.36µm
_13208_,3.36µm
_13258_,3.36µm
_13413_,3.36µm
_13417_,3.36µm
_13523_,3.36µm
_13605_,3.36µm
_13687_,3.36µm
_13701_,3.36µm
_13713_,3.36µm
_13735_,3.36µm
_13748_,3.36µm
_14541_,3.36µm
_14754_,3.36µm
_14839_,3.36µm
_14856_,3.36µm
_14884_,3.36µm
_15241_,3.36µm
_15413_,3.36µm
_15623_,3.36µm
_15681_,3.36µm
_15831_,3.36µm
_15924_,3.36µm
_15995_,3.36µm
_16155_,3.36µm
_16201_,3.36µm
_16210_,3.36µm
_16598_,3.36µm
_16716_,3.36µm
_16859_,3.36µm
_16873_,3.36µm
_16959_,3.36µm
_17014_,3.36µm
_17066_,3.36µm
_17170_,3.36µm
_17184_,3.36µm
_17243_,3.36µm
_17302_,3.36µm
_17325_,3.36µm
_17399_,3.36µm
_17840_,3.36µm
_17908_,3.36µm
_18128_,3.36µm
_18175_,3.36µm
_18189_,3.36µm
_18393_,3.36µm
_18475_,3.36µm
_18566_,3.36µm
_18583_,3.36µm
_18606_,3.36µm
_18608_,3.36µm
_18625_,3.36µm
_18691_,3.36µm
_19130_,3.36µm
_19180_,3.36µm
_19215_,3.36µm
_19221_,3.36µm
_19251_,3.36µm
_19305_,3.36µm
_19376_,3.36µm
_19396_,3.36µm
_19398_,3.36µm
_19422_,3.36µm
_19456_,3.36µm
_19493_,3.36µm
_19529_,3.36µm
_19539_,3.36µm
_19545_,3.36µm
_19564_,3.36µm
_19626_,3.36µm
_19661_,3.36µm
_19668_,3.36µm
_19723_,3.36µm
_19753_,3.36µm
_19766_,3.36µm
_19826_,3.36µm
_19847_,3.36µm
_19910_,3.36µm
_20017_,3.36µm
_20046_,3.36µm
_20095_,3.36µm
_20132_,3.36µm
_20171_,3.36µm
_20181_,3.36µm
_20485_,3.36µm
_20604_,3.36µm
_20649_,3.36µm
_20693_,3.36µm
_20780_,3.36µm
_20820_,3.36µm
_20825_,3.36µm
_20834_,3.36µm
_20843_,3.36µm
_20844_,3.36µm
_20846_,3.36µm
_20852_,3.36µm
_20855_,3.36µm
_20862_,3.36µm
_20871_,3.36µm
_20928_,3.36µm
_20963_,3.36µm
_20967_,3.36µm
_21036_,3.36µm
_21181_,3.36µm
_21212_,3.36µm
_21224_,3.36µm
_21272_,3.36µm
_21294_,3.36µm
_21303_,3.36µm
_21316_,3.36µm
_21396_,3.36µm
_21413_,3.36µm
_21440_,3.36µm
_21452_,3.36µm
_21524_,3.36µm
_21544_,3.36µm
_21578_,3.36µm
_21611_,3.36µm
_21662_,3.36µm
_21680_,3.36µm
_21935_,3.36µm
_22006_,3.36µm
_22020_,3.36µm
_22084_,3.36µm
_22105_,3.36µm
_22114_,3.36µm
_22121_,3.36µm
_22139_,3.36µm
_22164_,3.36µm
_22169_,3.36µm
_22186_,3.36µm
_22240_,3.36µm
_22264_,3.36µm
_22294_,3.36µm
_22312_,3.36µm
_22324_,3.36µm
_22328_,3.36µm
_22470_,3.36µm
_22526_,3.36µm
_22601_,3.36µm
_22741_,3.36µm
_22845_,3.36µm
_22853_,3.36µm
_22879_,3.36µm
_22892_,3.36µm
_22924_,3.36µm
_22940_,3.36µm
_22941_,3.36µm
_22971_,3.36µm
_23008_,3.36µm
_23324_,3.36µm
_23332_,3.36µm
_23454_,3.36µm
_23459_,3.36µm
_23547_,3.36µm
_23668_,3.36µm
_23695_,3.36µm
_23748_,3.36µm
_23866_,3.36µm
_23918_,3.36µm
_23997_,3.36µm
_24016_,3.36µm
_24038_,3.36µm
_24157_,3.36µm
_24200_,3.36µm
_24311_,3.36µm
_24461_,3.36µm
_24562_,3.36µm
_24665_,3.36µm
_24724_,3.36µm
_24727_,3.36µm
_24766_,3.36µm
_24914_,3.36µm
_24945_,3.36µm
_24970_,3.36µm
_24973_,3.36µm
_25067_,3.36µm
_25106_,3.36µm
_25181_,3.36µm
_25222_,3.36µm
_25247_,3.36µm
_25301_,3.36µm
_25555_,3.36µm
_25578_,3.36µm
_25656_,3.36µm
_25729_,3.36µm
_25754_,3.36µm
_25889_,3.36µm
_26090_,3.36µm
_26133_,3.36µm
_26218_,3.36µm
_26548_,3.36µm
_26638_,3.36µm
_26685_,3.36µm
_26853_,3.36µm
_26877_,3.36µm
_26904_,3.36µm
_26997_,3.36µm
_27258_,3.36µm
_27488_,3.36µm
_27525_,3.36µm
_27551_,3.36µm
_27572_,3.36µm
_27716_,3.36µm
_27949_,3.36µm
_27966_,3.36µm
_28023_,3.36µm
_28029_,3.36µm
_28113_,3.36µm
i_core_v_mini_mcu.ao_peripheral_subsystem_i.spi_subsystem_i.obi_spimemio_i.flash_io1_do_o,3.36µm
i_core_v_mini_mcu.ao_peripheral_subsystem_i.spi_subsystem_i.obi_spimemio_i.spimemio_i.xfer.count\[0\],3.36µm
i_core_v_mini_mcu.cpu_subsystem_i.cpu_1_0.i_servile.cpu.decode.o_immdec_en\[3\],3.36µm
i_core_v_mini_mcu.memory_subsystem_i.ram0_i.tc_ram_i.r_addr_q\[4\],3.36µm
i_core_v_mini_mcu.peripheral_subsystem_i.obi_fifo_i.consumer_data_req\[5\],3.36µm
i_core_v_mini_mcu.peripheral_subsystem_i.obi_fifo_i.consumer_resp_i\[12\],3.36µm
_11294_,3.08µm
_24381_,3.08µm
_06193_,2.9µm
_06264_,2.9µm
_06708_,2.9µm
_06770_,2.9µm
_07444_,2.9µm
_07516_,2.9µm
_08795_,2.9µm
_08917_,2.9µm
_09675_,2.9µm
_09839_,2.9µm
_09878_,2.9µm
_10295_,2.9µm
_10342_,2.9µm
_10886_,2.9µm
_11656_,2.9µm
_11877_,2.9µm
_12006_,2.9µm
_12026_,2.9µm
_12251_,2.9µm
_13921_,2.9µm
_14532_,2.9µm
_14564_,2.9µm
_14792_,2.9µm
_14943_,2.9µm
_15128_,2.9µm
_15347_,2.9µm
_15567_,2.9µm
_15646_,2.9µm
_15684_,2.9µm
_15690_,2.9µm
_15793_,2.9µm
_15902_,2.9µm
_16085_,2.9µm
_16198_,2.9µm
_16554_,2.9µm
_16778_,2.9µm
_17856_,2.9µm
_17873_,2.9µm
_17880_,2.9µm
_17968_,2.9µm
_17991_,2.9µm
_18226_,2.9µm
_19973_,2.9µm
_21113_,2.9µm
_21177_,2.9µm
_21243_,2.9µm
_21335_,2.9µm
_21394_,2.9µm
_21653_,2.9µm
_22464_,2.9µm
_22636_,2.9µm
_22840_,2.9µm
_23573_,2.9µm
_23674_,2.9µm
_23852_,2.9µm
_24522_,2.9µm
_25216_,2.9µm
_25733_,2.9µm
_26372_,2.9µm
_27933_,2.9µm
_28037_,2.9µm
_05754_,2.85µm
_07623_,2.85µm
_08704_,2.85µm
_10861_,2.85µm
_12081_,2.85µm
_13932_,2.85µm
_14203_,2.85µm
_14464_,2.85µm
_14913_,2.85µm
_14950_,2.85µm
_15225_,2.85µm
_15245_,2.85µm
_15395_,2.85µm
_15626_,2.85µm
_15738_,2.85µm
_16070_,2.85µm
_16216_,2.85µm
_16581_,2.85µm
_16713_,2.85µm
_17069_,2.85µm
_17101_,2.85µm
_17136_,2.85µm
_17339_,2.85µm
_17470_,2.85µm
_17980_,2.85µm
_18034_,2.85µm
_18060_,2.85µm
_18102_,2.85µm
_18125_,2.85µm
_18129_,2.85µm
_20012_,2.85µm
_20839_,2.85µm
_21446_,2.85µm
_21736_,2.85µm
_21776_,2.85µm
_21779_,2.85µm
_22307_,2.85µm
_22386_,2.85µm
_24578_,2.85µm
_24656_,2.85µm
_25568_,2.85µm
_25633_,2.85µm
_28012_,2.85µm
i_core_v_mini_mcu.peripheral_subsystem_i.obi_fifo_i.consumer_data_req\[29\],2.85µm
_00032_,2.8µm
_00050_,2.8µm
_00065_,2.8µm
_00073_,2.8µm
_00096_,2.8µm
_00097_,2.8µm
_00107_,2.8µm
_00108_,2.8µm
_00114_,2.8µm
_00125_,2.8µm
_00129_,2.8µm
_00145_,2.8µm
_00146_,2.8µm
_00165_,2.8µm
_00201_,2.8µm
_00217_,2.8µm
_00246_,2.8µm
_00269_,2.8µm
_00287_,2.8µm
_00291_,2.8µm
_00298_,2.8µm
_00317_,2.8µm
_00327_,2.8µm
_00333_,2.8µm
_00345_,2.8µm
_00364_,2.8µm
_00370_,2.8µm
_00418_,2.8µm
_00451_,2.8µm
_00455_,2.8µm
_00462_,2.8µm
_00472_,2.8µm
_00538_,2.8µm
_00565_,2.8µm
_00569_,2.8µm
_00587_,2.8µm
_00589_,2.8µm
_00593_,2.8µm
_00595_,2.8µm
_00597_,2.8µm
_00603_,2.8µm
_00625_,2.8µm
_00639_,2.8µm
_00654_,2.8µm
_00679_,2.8µm
_00686_,2.8µm
_00691_,2.8µm
_00694_,2.8µm
_00702_,2.8µm
_00726_,2.8µm
_00755_,2.8µm
_00765_,2.8µm
_00777_,2.8µm
_00791_,2.8µm
_00797_,2.8µm
_00808_,2.8µm
_00846_,2.8µm
_00854_,2.8µm
_00873_,2.8µm
_00889_,2.8µm
_00925_,2.8µm
_00927_,2.8µm
_00947_,2.8µm
_00957_,2.8µm
_00985_,2.8µm
_00999_,2.8µm
_01027_,2.8µm
_01067_,2.8µm
_01070_,2.8µm
_01076_,2.8µm
_01104_,2.8µm
_01149_,2.8µm
_01165_,2.8µm
_01174_,2.8µm
_01186_,2.8µm
_01189_,2.8µm
_01191_,2.8µm
_01195_,2.8µm
_01200_,2.8µm
_01218_,2.8µm
_01224_,2.8µm
_01241_,2.8µm
_01243_,2.8µm
_01249_,2.8µm
_01251_,2.8µm
_01263_,2.8µm
_01301_,2.8µm
_01311_,2.8µm
_01350_,2.8µm
_01352_,2.8µm
_01354_,2.8µm
_01360_,2.8µm
_01364_,2.8µm
_01382_,2.8µm
_01386_,2.8µm
_01403_,2.8µm
_01414_,2.8µm
_01435_,2.8µm
_01447_,2.8µm
_01464_,2.8µm
_01470_,2.8µm
_01472_,2.8µm
_01494_,2.8µm
_01496_,2.8µm
_01510_,2.8µm
_01527_,2.8µm
_01533_,2.8µm
_01550_,2.8µm
_01561_,2.8µm
_01596_,2.8µm
_01606_,2.8µm
_01616_,2.8µm
_01666_,2.8µm
_01682_,2.8µm
_01696_,2.8µm
_01714_,2.8µm
_01741_,2.8µm
_01753_,2.8µm
_01775_,2.8µm
_01778_,2.8µm
_01790_,2.8µm
_01805_,2.8µm
_01815_,2.8µm
_01830_,2.8µm
_01847_,2.8µm
_01876_,2.8µm
_01880_,2.8µm
_01894_,2.8µm
_01913_,2.8µm
_01943_,2.8µm
_01953_,2.8µm
_01994_,2.8µm
_01998_,2.8µm
_02000_,2.8µm
_02023_,2.8µm
_02050_,2.8µm
_02125_,2.8µm
_02142_,2.8µm
_02148_,2.8µm
_02149_,2.8µm
_02230_,2.8µm
_02240_,2.8µm
_02281_,2.8µm
_02295_,2.8µm
_02363_,2.8µm
_02376_,2.8µm
_02379_,2.8µm
_02421_,2.8µm
_02426_,2.8µm
_02448_,2.8µm
_02451_,2.8µm
_02469_,2.8µm
_02477_,2.8µm
_02504_,2.8µm
_02535_,2.8µm
_02551_,2.8µm
_02552_,2.8µm
_02561_,2.8µm
_02606_,2.8µm
_02615_,2.8µm
_02632_,2.8µm
_02646_,2.8µm
_02655_,2.8µm
_02680_,2.8µm
_02684_,2.8µm
_02713_,2.8µm
_02717_,2.8µm
_02721_,2.8µm
_02758_,2.8µm
_02760_,2.8µm
_02775_,2.8µm
_02795_,2.8µm
_02814_,2.8µm
_02848_,2.8µm
_02855_,2.8µm
_02858_,2.8µm
_02863_,2.8µm
_02896_,2.8µm
_02926_,2.8µm
_02933_,2.8µm
_02962_,2.8µm
_02983_,2.8µm
_03028_,2.8µm
_03056_,2.8µm
_03071_,2.8µm
_03076_,2.8µm
_03109_,2.8µm
_03134_,2.8µm
_03157_,2.8µm
_03177_,2.8µm
_03179_,2.8µm
_03184_,2.8µm
_03186_,2.8µm
_03202_,2.8µm
_03209_,2.8µm
_03255_,2.8µm
_03260_,2.8µm
_03265_,2.8µm
_03269_,2.8µm
_03273_,2.8µm
_03286_,2.8µm
_03300_,2.8µm
_03320_,2.8µm
_03346_,2.8µm
_03347_,2.8µm
_03375_,2.8µm
_03387_,2.8µm
_03388_,2.8µm
_03410_,2.8µm
_03426_,2.8µm
_03442_,2.8µm
_03443_,2.8µm
_03445_,2.8µm
_03451_,2.8µm
_03493_,2.8µm
_03503_,2.8µm
_03526_,2.8µm
_03594_,2.8µm
_03610_,2.8µm
_03625_,2.8µm
_03639_,2.8µm
_03652_,2.8µm
_03656_,2.8µm
_03779_,2.8µm
_03784_,2.8µm
_03787_,2.8µm
_03812_,2.8µm
_03834_,2.8µm
_03844_,2.8µm
_03858_,2.8µm
_03862_,2.8µm
_03871_,2.8µm
_03879_,2.8µm
_03902_,2.8µm
_03906_,2.8µm
_03911_,2.8µm
_03913_,2.8µm
_03914_,2.8µm
_03915_,2.8µm
_03946_,2.8µm
_03952_,2.8µm
_03960_,2.8µm
_03963_,2.8µm
_03965_,2.8µm
_03977_,2.8µm
_03983_,2.8µm
_03986_,2.8µm
_03993_,2.8µm
_04000_,2.8µm
_04004_,2.8µm
_04005_,2.8µm
_04010_,2.8µm
_04015_,2.8µm
_04016_,2.8µm
_04020_,2.8µm
_04021_,2.8µm
_04023_,2.8µm
_04024_,2.8µm
_04027_,2.8µm
_04028_,2.8µm
_04029_,2.8µm
_04033_,2.8µm
_04039_,2.8µm
_04040_,2.8µm
_04046_,2.8µm
_04047_,2.8µm
_04049_,2.8µm
_04053_,2.8µm
_04060_,2.8µm
_04061_,2.8µm
_04071_,2.8µm
_04094_,2.8µm
_04139_,2.8µm
_04143_,2.8µm
_04146_,2.8µm
_04160_,2.8µm
_04162_,2.8µm
_04163_,2.8µm
_04167_,2.8µm
_04168_,2.8µm
_04174_,2.8µm
_04177_,2.8µm
_04181_,2.8µm
_04202_,2.8µm
_04217_,2.8µm
_04222_,2.8µm
_04238_,2.8µm
_04250_,2.8µm
_04253_,2.8µm
_04258_,2.8µm
_04293_,2.8µm
_04331_,2.8µm
_04344_,2.8µm
_04359_,2.8µm
_04375_,2.8µm
_04411_,2.8µm
_04416_,2.8µm
_04429_,2.8µm
_04452_,2.8µm
_04459_,2.8µm
_04471_,2.8µm
_04478_,2.8µm
_04484_,2.8µm
_04517_,2.8µm
_04522_,2.8µm
_04534_,2.8µm
_04567_,2.8µm
_04592_,2.8µm
_04614_,2.8µm
_04671_,2.8µm
_04703_,2.8µm
_04707_,2.8µm
_04729_,2.8µm
_04799_,2.8µm
_04802_,2.8µm
_04838_,2.8µm
_04849_,2.8µm
_04924_,2.8µm
_04947_,2.8µm
_04976_,2.8µm
_04981_,2.8µm
_04984_,2.8µm
_04994_,2.8µm
_05005_,2.8µm
_05007_,2.8µm
_05008_,2.8µm
_05018_,2.8µm
_05024_,2.8µm
_05029_,2.8µm
_05031_,2.8µm
_05038_,2.8µm
_05048_,2.8µm
_05078_,2.8µm
_05079_,2.8µm
_05082_,2.8µm
_05083_,2.8µm
_05118_,2.8µm
_05196_,2.8µm
_05198_,2.8µm
_05254_,2.8µm
_05266_,2.8µm
_05280_,2.8µm
_05329_,2.8µm
_05335_,2.8µm
_05347_,2.8µm
_05429_,2.8µm
_05432_,2.8µm
_05454_,2.8µm
_05869_,2.8µm
_06038_,2.8µm
_06042_,2.8µm
_06049_,2.8µm
_06060_,2.8µm
_06103_,2.8µm
_06112_,2.8µm
_06202_,2.8µm
_06231_,2.8µm
_06291_,2.8µm
_06339_,2.8µm
_06392_,2.8µm
_06407_,2.8µm
_06440_,2.8µm
_06911_,2.8µm
_07010_,2.8µm
_07042_,2.8µm
_07089_,2.8µm
_07251_,2.8µm
_07359_,2.8µm
_07390_,2.8µm
_07519_,2.8µm
_07594_,2.8µm
_07619_,2.8µm
_07764_,2.8µm
_07914_,2.8µm
_08028_,2.8µm
_08170_,2.8µm
_08216_,2.8µm
_08231_,2.8µm
_08235_,2.8µm
_08267_,2.8µm
_08368_,2.8µm
_08402_,2.8µm
_08506_,2.8µm
_08514_,2.8µm
_08515_,2.8µm
_08590_,2.8µm
_08674_,2.8µm
_08779_,2.8µm
_08974_,2.8µm
_09037_,2.8µm
_09064_,2.8µm
_09070_,2.8µm
_09165_,2.8µm
_09277_,2.8µm
_09396_,2.8µm
_09422_,2.8µm
_09445_,2.8µm
_09497_,2.8µm
_09728_,2.8µm
_09898_,2.8µm
_09973_,2.8µm
_10018_,2.8µm
_10154_,2.8µm
_10501_,2.8µm
_10614_,2.8µm
_10695_,2.8µm
_10731_,2.8µm
_10835_,2.8µm
_10838_,2.8µm
_11053_,2.8µm
_11062_,2.8µm
_11073_,2.8µm
_11132_,2.8µm
_11228_,2.8µm
_11248_,2.8µm
_11280_,2.8µm
_11331_,2.8µm
_11341_,2.8µm
_11428_,2.8µm
_11462_,2.8µm
_11466_,2.8µm
_11530_,2.8µm
_11560_,2.8µm
_11625_,2.8µm
_11809_,2.8µm
_11819_,2.8µm
_11823_,2.8µm
_11951_,2.8µm
_11958_,2.8µm
_11985_,2.8µm
_12049_,2.8µm
_12110_,2.8µm
_12116_,2.8µm
_12156_,2.8µm
_12167_,2.8µm
_12255_,2.8µm
_12259_,2.8µm
_12301_,2.8µm
_12508_,2.8µm
_12566_,2.8µm
_12625_,2.8µm
_12704_,2.8µm
_12739_,2.8µm
_12798_,2.8µm
_12950_,2.8µm
_12963_,2.8µm
_13156_,2.8µm
_13349_,2.8µm
_13421_,2.8µm
_13546_,2.8µm
_13633_,2.8µm
_13634_,2.8µm
_13714_,2.8µm
_13745_,2.8µm
_13797_,2.8µm
_13900_,2.8µm
_13925_,2.8µm
_13933_,2.8µm
_13940_,2.8µm
_14036_,2.8µm
_14138_,2.8µm
_14212_,2.8µm
_14215_,2.8µm
_14326_,2.8µm
_14355_,2.8µm
_14370_,2.8µm
_14391_,2.8µm
_14413_,2.8µm
_14433_,2.8µm
_14435_,2.8µm
_14465_,2.8µm
_14469_,2.8µm
_14475_,2.8µm
_14479_,2.8µm
_14480_,2.8µm
_14489_,2.8µm
_14494_,2.8µm
_14501_,2.8µm
_14512_,2.8µm
_14515_,2.8µm
_14518_,2.8µm
_14535_,2.8µm
_14544_,2.8µm
_14554_,2.8µm
_14556_,2.8µm
_14568_,2.8µm
_14616_,2.8µm
_14652_,2.8µm
_14657_,2.8µm
_14658_,2.8µm
_14677_,2.8µm
_14678_,2.8µm
_14681_,2.8µm
_14688_,2.8µm
_14710_,2.8µm
_14734_,2.8µm
_14755_,2.8µm
_14773_,2.8µm
_14774_,2.8µm
_14779_,2.8µm
_14786_,2.8µm
_14791_,2.8µm
_14795_,2.8µm
_14805_,2.8µm
_14836_,2.8µm
_14859_,2.8µm
_14871_,2.8µm
_14875_,2.8µm
_14890_,2.8µm
_14901_,2.8µm
_14908_,2.8µm
_14927_,2.8µm
_14938_,2.8µm
_14962_,2.8µm
_14976_,2.8µm
_15015_,2.8µm
_15019_,2.8µm
_15035_,2.8µm
_15036_,2.8µm
_15051_,2.8µm
_15060_,2.8µm
_15101_,2.8µm
_15151_,2.8µm
_15152_,2.8µm
_15157_,2.8µm
_15165_,2.8µm
_15244_,2.8µm
_15266_,2.8µm
_15289_,2.8µm
_15316_,2.8µm
_15334_,2.8µm
_15339_,2.8µm
_15353_,2.8µm
_15354_,2.8µm
_15363_,2.8µm
_15370_,2.8µm
_15372_,2.8µm
_15381_,2.8µm
_15386_,2.8µm
_15407_,2.8µm
_15411_,2.8µm
_15426_,2.8µm
_15445_,2.8µm
_15446_,2.8µm
_15458_,2.8µm
_15467_,2.8µm
_15484_,2.8µm
_15490_,2.8µm
_15491_,2.8µm
_15519_,2.8µm
_15520_,2.8µm
_15529_,2.8µm
_15532_,2.8µm
_15546_,2.8µm
_15564_,2.8µm
_15572_,2.8µm
_15574_,2.8µm
_15579_,2.8µm
_15582_,2.8µm
_15583_,2.8µm
_15586_,2.8µm
_15612_,2.8µm
_15625_,2.8µm
_15679_,2.8µm
_15682_,2.8µm
_15701_,2.8µm
_15702_,2.8µm
_15725_,2.8µm
_15773_,2.8µm
_15775_,2.8µm
_15805_,2.8µm
_15818_,2.8µm
_15858_,2.8µm
_15863_,2.8µm
_15867_,2.8µm
_15892_,2.8µm
_15893_,2.8µm
_15895_,2.8µm
_15918_,2.8µm
_15921_,2.8µm
_15935_,2.8µm
_15950_,2.8µm
_15953_,2.8µm
_15955_,2.8µm
_15962_,2.8µm
_15966_,2.8µm
_15968_,2.8µm
_15976_,2.8µm
_15977_,2.8µm
_15980_,2.8µm
_15985_,2.8µm
_15992_,2.8µm
_15998_,2.8µm
_16002_,2.8µm
_16003_,2.8µm
_16006_,2.8µm
_16008_,2.8µm
_16013_,2.8µm
_16016_,2.8µm
_16017_,2.8µm
_16020_,2.8µm
_16023_,2.8µm
_16026_,2.8µm
_16029_,2.8µm
_16032_,2.8µm
_16035_,2.8µm
_16042_,2.8µm
_16051_,2.8µm
_16057_,2.8µm
_16075_,2.8µm
_16120_,2.8µm
_16135_,2.8µm
_16184_,2.8µm
_16209_,2.8µm
_16238_,2.8µm
_16249_,2.8µm
_16290_,2.8µm
_16403_,2.8µm
_16419_,2.8µm
_16421_,2.8µm
_16439_,2.8µm
_16444_,2.8µm
_16454_,2.8µm
_16463_,2.8µm
_16464_,2.8µm
_16477_,2.8µm
_16490_,2.8µm
_16551_,2.8µm
_16555_,2.8µm
_16560_,2.8µm
_16599_,2.8µm
_16615_,2.8µm
_16626_,2.8µm
_16635_,2.8µm
_16641_,2.8µm
_16660_,2.8µm
_16669_,2.8µm
_16683_,2.8µm
_16688_,2.8µm
_16696_,2.8µm
_16702_,2.8µm
_16705_,2.8µm
_16709_,2.8µm
_16711_,2.8µm
_16720_,2.8µm
_16733_,2.8µm
_16740_,2.8µm
_16756_,2.8µm
_16785_,2.8µm
_16812_,2.8µm
_16814_,2.8µm
_16829_,2.8µm
_16866_,2.8µm
_16938_,2.8µm
_17030_,2.8µm
_17079_,2.8µm
_17113_,2.8µm
_17234_,2.8µm
_17251_,2.8µm
_17258_,2.8µm
_17263_,2.8µm
_17271_,2.8µm
_17279_,2.8µm
_17288_,2.8µm
_17427_,2.8µm
_17431_,2.8µm
_17451_,2.8µm
_17476_,2.8µm
_17487_,2.8µm
_17495_,2.8µm
_17506_,2.8µm
_17512_,2.8µm
_17518_,2.8µm
_17638_,2.8µm
_17696_,2.8µm
_17780_,2.8µm
_17790_,2.8µm
_17799_,2.8µm
_17810_,2.8µm
_17814_,2.8µm
_17817_,2.8µm
_17827_,2.8µm
_17834_,2.8µm
_17859_,2.8µm
_17870_,2.8µm
_17871_,2.8µm
_17913_,2.8µm
_17915_,2.8µm
_17932_,2.8µm
_17961_,2.8µm
_17964_,2.8µm
_17993_,2.8µm
_18002_,2.8µm
_18040_,2.8µm
_18046_,2.8µm
_18049_,2.8µm
_18079_,2.8µm
_18080_,2.8µm
_18096_,2.8µm
_18108_,2.8µm
_18122_,2.8µm
_18123_,2.8µm
_18132_,2.8µm
_18140_,2.8µm
_18141_,2.8µm
_18159_,2.8µm
_18165_,2.8µm
_18191_,2.8µm
_18252_,2.8µm
_18449_,2.8µm
_18469_,2.8µm
_18499_,2.8µm
_18505_,2.8µm
_18516_,2.8µm
_18520_,2.8µm
_18537_,2.8µm
_18611_,2.8µm
_18624_,2.8µm
_18645_,2.8µm
_18656_,2.8µm
_18669_,2.8µm
_18671_,2.8µm
_18679_,2.8µm
_18680_,2.8µm
_18696_,2.8µm
_18722_,2.8µm
_18763_,2.8µm
_18808_,2.8µm
_18812_,2.8µm
_18896_,2.8µm
_18902_,2.8µm
_19043_,2.8µm
_19085_,2.8µm
_19161_,2.8µm
_19170_,2.8µm
_19178_,2.8µm
_19182_,2.8µm
_19189_,2.8µm
_19204_,2.8µm
_19213_,2.8µm
_19224_,2.8µm
_19240_,2.8µm
_19244_,2.8µm
_19257_,2.8µm
_19262_,2.8µm
_19271_,2.8µm
_19282_,2.8µm
_19400_,2.8µm
_19402_,2.8µm
_19424_,2.8µm
_19425_,2.8µm
_19431_,2.8µm
_19432_,2.8µm
_19433_,2.8µm
_19436_,2.8µm
_19451_,2.8µm
_19485_,2.8µm
_19518_,2.8µm
_19519_,2.8µm
_19523_,2.8µm
_19559_,2.8µm
_19560_,2.8µm
_19590_,2.8µm
_19616_,2.8µm
_19617_,2.8µm
_19619_,2.8µm
_19620_,2.8µm
_19651_,2.8µm
_19681_,2.8µm
_19688_,2.8µm
_19689_,2.8µm
_19704_,2.8µm
_19731_,2.8µm
_19733_,2.8µm
_19735_,2.8µm
_19743_,2.8µm
_19754_,2.8µm
_19770_,2.8µm
_19834_,2.8µm
_20009_,2.8µm
_20038_,2.8µm
_20041_,2.8µm
_20044_,2.8µm
_20068_,2.8µm
_20077_,2.8µm
_20084_,2.8µm
_20085_,2.8µm
_20088_,2.8µm
_20092_,2.8µm
_20093_,2.8µm
_20101_,2.8µm
_20116_,2.8µm
_20119_,2.8µm
_20124_,2.8µm
_20133_,2.8µm
_20134_,2.8µm
_20138_,2.8µm
_20251_,2.8µm
_20264_,2.8µm
_20290_,2.8µm
_20292_,2.8µm
_20322_,2.8µm
_20483_,2.8µm
_20639_,2.8µm
_20659_,2.8µm
_20694_,2.8µm
_20707_,2.8µm
_20803_,2.8µm
_20842_,2.8µm
_20849_,2.8µm
_21111_,2.8µm
_21153_,2.8µm
_21155_,2.8µm
_21160_,2.8µm
_21186_,2.8µm
_21210_,2.8µm
_21258_,2.8µm
_21340_,2.8µm
_21350_,2.8µm
_21357_,2.8µm
_21400_,2.8µm
_21479_,2.8µm
_21552_,2.8µm
_21554_,2.8µm
_21683_,2.8µm
_21700_,2.8µm
_21754_,2.8µm
_21755_,2.8µm
_21791_,2.8µm
_21798_,2.8µm
_21825_,2.8µm
_21970_,2.8µm
_21988_,2.8µm
_22059_,2.8µm
_22125_,2.8µm
_22154_,2.8µm
_22182_,2.8µm
_22243_,2.8µm
_22274_,2.8µm
_22277_,2.8µm
_22298_,2.8µm
_22345_,2.8µm
_22379_,2.8µm
_22381_,2.8µm
_22384_,2.8µm
_22408_,2.8µm
_22414_,2.8µm
_22492_,2.8µm
_22510_,2.8µm
_22582_,2.8µm
_22644_,2.8µm
_22672_,2.8µm
_22860_,2.8µm
_22871_,2.8µm
_23018_,2.8µm
_23094_,2.8µm
_23141_,2.8µm
_23144_,2.8µm
_23192_,2.8µm
_23205_,2.8µm
_23216_,2.8µm
_23230_,2.8µm
_23287_,2.8µm
_23323_,2.8µm
_23329_,2.8µm
_23429_,2.8µm
_23620_,2.8µm
_23621_,2.8µm
_23628_,2.8µm
_23766_,2.8µm
_23902_,2.8µm
_24074_,2.8µm
_24247_,2.8µm
_24411_,2.8µm
_24485_,2.8µm
_24524_,2.8µm
_24736_,2.8µm
_24738_,2.8µm
_24869_,2.8µm
_24873_,2.8µm
_25066_,2.8µm
_25070_,2.8µm
_25320_,2.8µm
_25349_,2.8µm
_25458_,2.8µm
_25476_,2.8µm
_25479_,2.8µm
_25629_,2.8µm
_25718_,2.8µm
_25756_,2.8µm
_26035_,2.8µm
_26082_,2.8µm
_26165_,2.8µm
_26172_,2.8µm
_26234_,2.8µm
_26336_,2.8µm
_26357_,2.8µm
_26782_,2.8µm
_26817_,2.8µm
_26822_,2.8µm
_26974_,2.8µm
_27000_,2.8µm
_27209_,2.8µm
_27330_,2.8µm
_27365_,2.8µm
_27451_,2.8µm
_27454_,2.8µm
_27490_,2.8µm
_27492_,2.8µm
_27494_,2.8µm
_27515_,2.8µm
_27550_,2.8µm
_27567_,2.8µm
_27569_,2.8µm
_27618_,2.8µm
_27624_,2.8µm
_27630_,2.8µm
_27670_,2.8µm
_27751_,2.8µm
_27762_,2.8µm
_27765_,2.8µm
_27768_,2.8µm
_27774_,2.8µm
_27818_,2.8µm
_27828_,2.8µm
_27843_,2.8µm
_27915_,2.8µm
_27947_,2.8µm
_27952_,2.8µm
_27980_,2.8µm
_27982_,2.8µm
_28086_,2.8µm
i_core_v_mini_mcu.ao_peripheral_subsystem_i.power_manager_i.power_manager_reg_top_i.u_power_gate_ram_block_0_ack.d,2.8µm
i_core_v_mini_mcu.peripheral_subsystem_i.uart_i.uart_core.rx_timeout_count_q\[5\],2.8µm
_06087_,2.52µm
_07448_,2.52µm
_25714_,2.52µm
_26819_,2.52µm
_05681_,2.34µm
_05690_,2.34µm
_06031_,2.34µm
_06124_,2.34µm
_06146_,2.34µm
_06706_,2.34µm
_06980_,2.34µm
_06988_,2.34µm
_07367_,2.34µm
_08015_,2.34µm
_08232_,2.34µm
_08479_,2.34µm
_08809_,2.34µm
_09019_,2.34µm
_09143_,2.34µm
_09172_,2.34µm
_09684_,2.34µm
_10965_,2.34µm
_10966_,2.34µm
_11094_,2.34µm
_11145_,2.34µm
_11342_,2.34µm
_11577_,2.34µm
_11611_,2.34µm
_11732_,2.34µm
_12036_,2.34µm
_12472_,2.34µm
_13224_,2.34µm
_13301_,2.34µm
_13353_,2.34µm
_13429_,2.34µm
_13567_,2.34µm
_13670_,2.34µm
_19821_,2.34µm
_20155_,2.34µm
_21007_,2.34µm
_21450_,2.34µm
_22258_,2.34µm
_22426_,2.34µm
_22746_,2.34µm
_23935_,2.34µm
_24191_,2.34µm
_24424_,2.34µm
_24583_,2.34µm
_24663_,2.34µm
_24808_,2.34µm
_24892_,2.34µm
_25112_,2.34µm
_25151_,2.34µm
_25228_,2.34µm
_25256_,2.34µm
_25530_,2.34µm
_25829_,2.34µm
_26126_,2.34µm
_26973_,2.34µm
_28128_,2.34µm
i_core_v_mini_mcu.ao_peripheral_subsystem_i.power_manager_i.power_manager_reg_top_i.master_cpu_force_iso_on_qs,2.34µm
_05792_,2.29µm
_09645_,2.29µm
_20073_,2.29µm
_21505_,2.29µm
_22529_,2.29µm
_22652_,2.29µm
_22681_,2.29µm
_23756_,2.29µm
_24746_,2.29µm
_25990_,2.29µm
_00248_,2.24µm
_00254_,2.24µm
_00300_,2.24µm
_00311_,2.24µm
_00325_,2.24µm
_00328_,2.24µm
_00349_,2.24µm
_00360_,2.24µm
_00376_,2.24µm
_00426_,2.24µm
_00467_,2.24µm
_00468_,2.24µm
_00476_,2.24µm
_00534_,2.24µm
_00563_,2.24µm
_00632_,2.24µm
_00644_,2.24µm
_00649_,2.24µm
_00661_,2.24µm
_00693_,2.24µm
_00697_,2.24µm
_00707_,2.24µm
_00780_,2.24µm
_00803_,2.24µm
_00853_,2.24µm
_00880_,2.24µm
_00892_,2.24µm
_00965_,2.24µm
_00997_,2.24µm
_01019_,2.24µm
_01022_,2.24µm
_01086_,2.24µm
_01166_,2.24µm
_01183_,2.24µm
_01187_,2.24µm
_01252_,2.24µm
_01255_,2.24µm
_01256_,2.24µm
_01264_,2.24µm
_01272_,2.24µm
_01280_,2.24µm
_01375_,2.24µm
_01376_,2.24µm
_01394_,2.24µm
_01622_,2.24µm
_01625_,2.24µm
_01645_,2.24µm
_01680_,2.24µm
_01700_,2.24µm
_01722_,2.24µm
_01763_,2.24µm
_01787_,2.24µm
_01879_,2.24µm
_01884_,2.24µm
_01974_,2.24µm
_01977_,2.24µm
_02039_,2.24µm
_02045_,2.24µm
_02048_,2.24µm
_02076_,2.24µm
_02090_,2.24µm
_02239_,2.24µm
_02321_,2.24µm
_02347_,2.24µm
_02358_,2.24µm
_02430_,2.24µm
_02457_,2.24µm
_02496_,2.24µm
_02511_,2.24µm
_02531_,2.24µm
_02617_,2.24µm
_02631_,2.24µm
_02659_,2.24µm
_02661_,2.24µm
_02664_,2.24µm
_02674_,2.24µm
_02682_,2.24µm
_02686_,2.24µm
_02689_,2.24µm
_02694_,2.24µm
_02707_,2.24µm
_02708_,2.24µm
_02724_,2.24µm
_02732_,2.24µm
_02745_,2.24µm
_02747_,2.24µm
_02754_,2.24µm
_02756_,2.24µm
_02764_,2.24µm
_02770_,2.24µm
_02771_,2.24µm
_02793_,2.24µm
_02798_,2.24µm
_02801_,2.24µm
_02813_,2.24µm
_02816_,2.24µm
_02819_,2.24µm
_02820_,2.24µm
_02823_,2.24µm
_02835_,2.24µm
_02852_,2.24µm
_02853_,2.24µm
_02854_,2.24µm
_02856_,2.24µm
_02861_,2.24µm
_02864_,2.24µm
_02865_,2.24µm
_02868_,2.24µm
_02881_,2.24µm
_02884_,2.24µm
_02885_,2.24µm
_02888_,2.24µm
_02898_,2.24µm
_02900_,2.24µm
_02903_,2.24µm
_02913_,2.24µm
_02915_,2.24µm
_02919_,2.24µm
_02925_,2.24µm
_02930_,2.24µm
_02949_,2.24µm
_02974_,2.24µm
_02976_,2.24µm
_02978_,2.24µm
_02981_,2.24µm
_03001_,2.24µm
_03003_,2.24µm
_03006_,2.24µm
_03009_,2.24µm
_03026_,2.24µm
_03031_,2.24µm
_03035_,2.24µm
_03042_,2.24µm
_03050_,2.24µm
_03075_,2.24µm
_03078_,2.24µm
_03105_,2.24µm
_03107_,2.24µm
_03111_,2.24µm
_03124_,2.24µm
_03125_,2.24µm
_03129_,2.24µm
_03135_,2.24µm
_03140_,2.24µm
_03153_,2.24µm
_03160_,2.24µm
_03166_,2.24µm
_03172_,2.24µm
_03176_,2.24µm
_03195_,2.24µm
_03201_,2.24µm
_03203_,2.24µm
_03211_,2.24µm
_03227_,2.24µm
_03262_,2.24µm
_03263_,2.24µm
_03274_,2.24µm
_03297_,2.24µm
_03310_,2.24µm
_03319_,2.24µm
_03321_,2.24µm
_03329_,2.24µm
_03330_,2.24µm
_03337_,2.24µm
_03353_,2.24µm
_03354_,2.24µm
_03355_,2.24µm
_03372_,2.24µm
_03378_,2.24µm
_03384_,2.24µm
_03386_,2.24µm
_03389_,2.24µm
_03397_,2.24µm
_03411_,2.24µm
_03417_,2.24µm
_03422_,2.24µm
_03423_,2.24µm
_03425_,2.24µm
_03428_,2.24µm
_03430_,2.24µm
_03431_,2.24µm
_03441_,2.24µm
_03449_,2.24µm
_03458_,2.24µm
_03462_,2.24µm
_03474_,2.24µm
_03481_,2.24µm
_03483_,2.24µm
_03484_,2.24µm
_03491_,2.24µm
_03492_,2.24µm
_03497_,2.24µm
_03502_,2.24µm
_03504_,2.24µm
_03515_,2.24µm
_03518_,2.24µm
_03525_,2.24µm
_03527_,2.24µm
_03528_,2.24µm
_03545_,2.24µm
_03546_,2.24µm
_03547_,2.24µm
_03559_,2.24µm
_03579_,2.24µm
_03595_,2.24µm
_03599_,2.24µm
_03601_,2.24µm
_03602_,2.24µm
_03603_,2.24µm
_03609_,2.24µm
_03614_,2.24µm
_03617_,2.24µm
_03618_,2.24µm
_03622_,2.24µm
_03623_,2.24µm
_03624_,2.24µm
_03646_,2.24µm
_03647_,2.24µm
_03655_,2.24µm
_03657_,2.24µm
_03663_,2.24µm
_03665_,2.24µm
_03668_,2.24µm
_03669_,2.24µm
_03671_,2.24µm
_04276_,2.24µm
_04301_,2.24µm
_04332_,2.24µm
_04372_,2.24µm
_04410_,2.24µm
_04479_,2.24µm
_04489_,2.24µm
_04543_,2.24µm
_04546_,2.24µm
_04616_,2.24µm
_04940_,2.24µm
_05342_,2.24µm
_05388_,2.24µm
_05422_,2.24µm
_05523_,2.24µm
_05594_,2.24µm
_06081_,2.24µm
_06118_,2.24µm
_06341_,2.24µm
_06683_,2.24µm
_06989_,2.24µm
_07017_,2.24µm
_07029_,2.24µm
_07044_,2.24µm
_07051_,2.24µm
_07509_,2.24µm
_07561_,2.24µm
_07672_,2.24µm
_07743_,2.24µm
_07811_,2.24µm
_07923_,2.24µm
_08051_,2.24µm
_08162_,2.24µm
_08450_,2.24µm
_08494_,2.24µm
_08576_,2.24µm
_08579_,2.24µm
_08623_,2.24µm
_08697_,2.24µm
_08732_,2.24µm
_09014_,2.24µm
_09342_,2.24µm
_09628_,2.24µm
_09723_,2.24µm
_09800_,2.24µm
_10364_,2.24µm
_10651_,2.24µm
_10714_,2.24µm
_10784_,2.24µm
_10904_,2.24µm
_11116_,2.24µm
_11163_,2.24µm
_11239_,2.24µm
_11242_,2.24µm
_11402_,2.24µm
_11590_,2.24µm
_11592_,2.24µm
_11664_,2.24µm
_11814_,2.24µm
_11842_,2.24µm
_11999_,2.24µm
_12232_,2.24µm
_12595_,2.24µm
_12600_,2.24µm
_12653_,2.24µm
_12758_,2.24µm
_12784_,2.24µm
_12800_,2.24µm
_12841_,2.24µm
_12849_,2.24µm
_12886_,2.24µm
_12939_,2.24µm
_12979_,2.24µm
_13163_,2.24µm
_13206_,2.24µm
_13259_,2.24µm
_13320_,2.24µm
_13468_,2.24µm
_13483_,2.24µm
_13592_,2.24µm
_13710_,2.24µm
_13892_,2.24µm
_14160_,2.24µm
_14198_,2.24µm
_14305_,2.24µm
_14350_,2.24µm
_15069_,2.24µm
_15799_,2.24µm
_15810_,2.24µm
_15965_,2.24µm
_16010_,2.24µm
_16360_,2.24µm
_16411_,2.24µm
_16940_,2.24µm
_17756_,2.24µm
_18169_,2.24µm
_18197_,2.24µm
_19903_,2.24µm
_19978_,2.24µm
_20413_,2.24µm
_20417_,2.24µm
_21122_,2.24µm
_21238_,2.24µm
_21390_,2.24µm
_21433_,2.24µm
_21442_,2.24µm
_21857_,2.24µm
_21949_,2.24µm
_22119_,2.24µm
_22222_,2.24µm
_22224_,2.24µm
_22255_,2.24µm
_22339_,2.24µm
_22447_,2.24µm
_22537_,2.24µm
_22557_,2.24µm
_22585_,2.24µm
_22591_,2.24µm
_22643_,2.24µm
_22678_,2.24µm
_22743_,2.24µm
_22972_,2.24µm
_23313_,2.24µm
_23345_,2.24µm
_23369_,2.24µm
_23445_,2.24µm
_23447_,2.24µm
_23781_,2.24µm
_23924_,2.24µm
_24406_,2.24µm
_24425_,2.24µm
_24463_,2.24µm
_24517_,2.24µm
_24553_,2.24µm
_24820_,2.24µm
_24870_,2.24µm
_24887_,2.24µm
_24917_,2.24µm
_25100_,2.24µm
_25356_,2.24µm
_25358_,2.24µm
_25424_,2.24µm
_25457_,2.24µm
_25556_,2.24µm
_26011_,2.24µm
_26138_,2.24µm
_26434_,2.24µm
_26458_,2.24µm
_26629_,2.24µm
_26631_,2.24µm
_26830_,2.24µm
_26873_,2.24µm
_26984_,2.24µm
_27144_,2.24µm
_27233_,2.24µm
_27234_,2.24µm
_27508_,2.24µm
i_core_v_mini_mcu.ao_peripheral_subsystem_i.spi_subsystem_i.obi_spimemio_i.obi_to_picorv32_i.state\[2\],2.24µm
i_core_v_mini_mcu.peripheral_subsystem_i.uart_i.hw2reg\[3\],2.24µm
_09151_,1.78µm
_09824_,1.78µm
_10599_,1.78µm
_11436_,1.78µm
_12533_,1.78µm
_12799_,1.78µm
_13422_,1.78µm
_13854_,1.78µm
_20706_,1.78µm
_21213_,1.78µm
_22131_,1.78µm
_22225_,1.78µm
_24423_,1.78µm
_24442_,1.78µm
_25872_,1.78µm
_06249_,1.73µm
_10464_,1.73µm
_05418_,1.68µm
_06062_,1.68µm
_06070_,1.68µm
_06159_,1.68µm
_06347_,1.68µm
_06432_,1.68µm
_06517_,1.68µm
_06788_,1.68µm
_06977_,1.68µm
_07117_,1.68µm
_07306_,1.68µm
_07420_,1.68µm
_07615_,1.68µm
_07793_,1.68µm
_07824_,1.68µm
_08117_,1.68µm
_08364_,1.68µm
_09149_,1.68µm
_09221_,1.68µm
_09573_,1.68µm
_10330_,1.68µm
_10336_,1.68µm
_10368_,1.68µm
_10627_,1.68µm
_10895_,1.68µm
_11203_,1.68µm
_11358_,1.68µm
_11542_,1.68µm
_11765_,1.68µm
_12196_,1.68µm
_12252_,1.68µm
_12258_,1.68µm
_12629_,1.68µm
_12684_,1.68µm
_12938_,1.68µm
_13241_,1.68µm
_13296_,1.68µm
_13615_,1.68µm
_14310_,1.68µm
_15306_,1.68µm
_16405_,1.68µm
_17771_,1.68µm
_17783_,1.68µm
_17907_,1.68µm
_18201_,1.68µm
_18236_,1.68µm
_21052_,1.68µm
_21120_,1.68µm
_21137_,1.68µm
_21347_,1.68µm
_21383_,1.68µm
_21738_,1.68µm
_21869_,1.68µm
_22117_,1.68µm
_22160_,1.68µm
_22427_,1.68µm
_22497_,1.68µm
_22554_,1.68µm
_22973_,1.68µm
_23086_,1.68µm
_23092_,1.68µm
_23262_,1.68µm
_23283_,1.68µm
_23778_,1.68µm
_24031_,1.68µm
_24363_,1.68µm
_25123_,1.68µm
_25226_,1.68µm
_25380_,1.68µm
_25537_,1.68µm
_25655_,1.68µm
_26146_,1.68µm
_26466_,1.68µm
_26870_,1.68µm
_27043_,1.68µm
_27660_,1.68µm
i_core_v_mini_mcu.cpu_subsystem_i.cpu_1_0.i_servile.arbiter.i_wb_cpu_dbus_adr\[14\],1.68µm
i_core_v_mini_mcu.cpu_subsystem_i.cpu_1_0.i_servile.arbiter.i_wb_cpu_ibus_adr\[17\],1.68µm
i_core_v_mini_mcu.system_bus_i.system_xbar_i.gen_xbar_NtoM.i_xbar.gen_inputs\[1\].i_addr_dec_resp_mux.gen_several_outputs.bank_sel_q\[2\],1.68µm
net1789,1.68µm
_05999_,1.22µm
_06309_,1.22µm
_06509_,1.22µm
_07917_,1.22µm
_09932_,1.22µm
_10927_,1.22µm
_11027_,1.22µm
_19889_,1.22µm
_21742_,1.22µm
_22857_,1.22µm
_05566_,1.12µm
_05816_,1.12µm
_05990_,1.12µm
_06058_,1.12µm
_06148_,1.12µm
_06232_,1.12µm
_06258_,1.12µm
_07022_,1.12µm
_07425_,1.12µm
_07606_,1.12µm
_07618_,1.12µm
_07812_,1.12µm
_07965_,1.12µm
_08100_,1.12µm
_08451_,1.12µm
_08546_,1.12µm
_08603_,1.12µm
_08609_,1.12µm
_08765_,1.12µm
_08835_,1.12µm
_08973_,1.12µm
_09028_,1.12µm
_09049_,1.12µm
_09288_,1.12µm
_09440_,1.12µm
_09507_,1.12µm
_09539_,1.12µm
_09720_,1.12µm
_09769_,1.12µm
_10211_,1.12µm
_10213_,1.12µm
_10347_,1.12µm
_10360_,1.12µm
_10399_,1.12µm
_11102_,1.12µm
_11230_,1.12µm
_11268_,1.12µm
_11369_,1.12µm
_11536_,1.12µm
_11555_,1.12µm
_11600_,1.12µm
_11681_,1.12µm
_11699_,1.12µm
_11708_,1.12µm
_11947_,1.12µm
_11962_,1.12µm
_11990_,1.12µm
_12602_,1.12µm
_12644_,1.12µm
_12805_,1.12µm
_12852_,1.12µm
_13581_,1.12µm
_13635_,1.12µm
_13658_,1.12µm
_14041_,1.12µm
_14125_,1.12µm
_16392_,1.12µm
_16422_,1.12µm
_16428_,1.12µm
_19896_,1.12µm
_20055_,1.12µm
_20059_,1.12µm
_20096_,1.12µm
_20118_,1.12µm
_20157_,1.12µm
_20163_,1.12µm
_20265_,1.12µm
_20796_,1.12µm
_20802_,1.12µm
_20951_,1.12µm
_21196_,1.12µm
_21559_,1.12µm
_21618_,1.12µm
_21923_,1.12µm
_21996_,1.12µm
_22167_,1.12µm
_22343_,1.12µm
_23461_,1.12µm
_23912_,1.12µm
_23925_,1.12µm
_24213_,1.12µm
_24263_,1.12µm
_24355_,1.12µm
_24840_,1.12µm
_25150_,1.12µm
_25630_,1.12µm
_25978_,1.12µm
_26688_,1.12µm
_26923_,1.12µm
_27510_,1.12µm
_27650_,1.12µm
i_core_v_mini_mcu.ao_peripheral_subsystem_i.spi_subsystem_i.obi_spimemio_i.spimemio_i.din_tag\[0\],1.12µm
i_core_v_mini_mcu.peripheral_subsystem_i.obi_fifo_i.consumer_resp_i\[0\],1.12µm
